N,t,i,imax,stage,returned_steps,band_cells,count,Egrad_mean,Egrad_rms,Egrad_linf,grad_min,grad_max,phi_change_mean,phi_change_linf,sign_mismatch,f_interface_l1,f_interface_count,volume_phi,volume_vof,volume_rel_diff
256,0,0,2,pre,-1,1.5,768,0.000986408055809,0.00120673343687,0.00201416790908,0.999962667255,1.00201416791,0,0,0,2.94775067699e-05,264,2,2,1.11022302463e-16
256,0,0,2,pre,-1,3.0,1536,0.000986182793541,0.00120693878898,0.00201416790908,0.999962667255,1.00201416791,0,0,0,2.94775067699e-05,264,2,2,1.11022302463e-16
256,0,0,2,post,2,1.5,768,0.000487760028656,0.000604964017305,0.00133163658234,0.99997638788,1.00133163658,3.50894557975e-06,1.26884147282e-05,0,3.50588584075e-05,264,2.00000000003,2,1.37477806916e-11
256,0,0,2,post,2,3.0,1536,0.000662561403265,0.000845482190249,0.00179738288958,0.99997638788,1.00179738289,5.36747202373e-06,1.5039561309e-05,0,3.50588584075e-05,264,2.00000000003,2,1.37477806916e-11
256,0,0,2,pre,-1,1.5,768,0.000490081670467,0.000606136874535,0.00134418688937,0.999941172265,1.00134418689,0,0,0,5.81961182668e-05,264,2.00000000003,2,1.3240630814e-11
256,0,0,2,pre,-1,3.0,1536,0.000663898625794,0.000846017419721,0.00179738288958,0.999941172265,1.00179738289,0,0,0,5.81961182668e-05,264,2.00000000003,2,1.3240630814e-11
256,0,0,2,post,2,1.5,768,0.000209038893102,0.000262088709682,0.000669757771787,0.999967339831,1.00066975777,1.45595414073e-06,6.28811142588e-06,0,6.86741994264e-05,264,2.00000000004,2,1.83059123415e-11
256,0,0,2,post,2,3.0,1536,0.000382582910786,0.000526283096165,0.00135277105727,0.999961193568,1.00135277106,3.35461301216e-06,1.24130015598e-05,0,6.86741994264e-05,264,2.00000000004,2,1.83059123415e-11
256,0.014073436507311247,50,2,pre,-1,1.5,768,9.44660265322e-06,1.30619335313e-05,3.1957684103e-05,0.999968042316,1.00001982862,0,0,0,0.000469180735708,272,1.99999999834,1.99999999819,7.78177523126e-11
256,0.014073436507311247,50,2,pre,-1,3.0,1536,1.94883389339e-05,2.58675579781e-05,5.59880564308e-05,0.999945064411,1.00005598806,0,0,0,0.000469180735708,272,1.99999999834,1.99999999819,7.78177523126e-11
256,0.014073436507311247,50,2,post,2,1.5,768,3.38085477737e-06,4.74384820789e-06,1.19875074635e-05,0.999988012493,1.00000627615,3.33108036351e-08,1.40311860781e-07,0,0.000470332917847,272,1.99999999836,1.99999999819,8.57237615004e-11
256,0.014073436507311247,50,2,post,2,3.0,1536,8.85274668248e-06,1.27021799165e-05,3.0359035454e-05,0.999969640965,1.00003005724,9.69499898338e-08,3.14368114134e-07,0,0.000470332917847,272,1.99999999836,1.99999999819,8.57237615004e-11
256,0.033091593949623743,100,2,pre,-1,1.5,768,1.87886748732e-05,2.46605652192e-05,5.88917577159e-05,0.999941108242,1.00003552767,0,0,0,0.000417908020236,272,2.00000001598,2.000000016,-8.36064544237e-12
256,0.033091593949623743,100,2,pre,-1,3.0,1536,3.67871657221e-05,4.74162191538e-05,0.000103089924927,0.999896910075,1.00009897272,0,0,0,0.000417908020236,272,2.00000001598,2.000000016,-8.36064544237e-12
256,0.033091593949623743,100,2,post,2,1.5,768,5.9598910692e-06,8.60454608393e-06,2.34271003416e-05,0.9999765729,1.0000108979,6.22319949026e-08,2.66468569002e-07,0,0.000419745959555,272,2.00000001597,2.000000016,-1.2848166872e-11
256,0.033091593949623743,100,2,post,2,3.0,1536,1.69552189015e-05,2.37267832923e-05,5.54307488995e-05,0.999944569251,1.00005268749,1.76734034065e-07,5.61057756303e-07,0,0.000419745959555,272,2.00000001597,2.000000016,-1.2848166872e-11
256,0.052109751391936257,150,2,pre,-1,1.5,768,2.28328587942e-05,2.98350317515e-05,7.86200296021e-05,0.99992137997,1.00005489947,0,0,0,0.000375431821489,272,2.00000006307,2.00000005857,2.25397582881e-09
256,0.052109751391936257,150,2,pre,-1,3.0,1536,4.60871599917e-05,5.954909419e-05,0.000135540920718,0.999864459079,1.00011591112,0,0,0,0.000375431821489,272,2.00000006307,2.00000005857,2.25397582881e-09
256,0.052109751391936257,150,2,post,2,1.5,768,7.31972918129e-06,1.0236225872e-05,2.91260179726e-05,0.999970873982,1.0000182119,7.24285312188e-08,3.44974728287e-07,0,0.000377324624008,272,2.00000006299,2.00000005857,2.21075062888e-09
256,0.052109751391936257,150,2,post,2,3.0,1536,2.12759052371e-05,2.96160686606e-05,7.45720210662e-05,0.999925427979,1.00005969601,2.16605268085e-07,7.50037323624e-07,0,0.000377324624008,272,2.00000006299,2.00000005857,2.21075062888e-09
256,0.071127908834248757,200,2,pre,-1,1.5,768,2.25575409588e-05,2.83431350644e-05,5.74807805449e-05,0.99995458427,1.00005748078,0,0,0,0.000326513672057,264,2.00000010258,2.00000010447,-9.44495543511e-10
256,0.071127908834248757,200,2,pre,-1,3.0,1536,5.12914029218e-05,6.71226718406e-05,0.000161530315155,0.999838469685,1.00011560954,0,0,0,0.000326513672057,264,2.00000010258,2.00000010447,-9.44495543511e-10
256,0.071127908834248757,200,2,post,2,1.5,768,7.70589214891e-06,9.11850547675e-06,1.77071389821e-05,0.999982292861,1.00001606885,7.62509116688e-08,2.11756984196e-07,0,0.000329121803594,264,2.0000001024,2.00000010447,-1.03795100422e-09
256,0.071127908834248757,200,2,post,2,3.0,1536,2.43183697316e-05,3.38489412224e-05,8.95936199491e-05,0.99991040638,1.00005681324,2.45145930568e-07,8.83044603085e-07,0,0.000329121803594,264,2.0000001024,2.00000010447,-1.03795100422e-09
256,0.090146066276561229,250,2,pre,-1,1.5,768,2.26397614334e-05,2.79900545927e-05,5.00636487e-05,0.999953947877,1.00005006365,0,0,0,0.00026593958651,264,2.00000013983,2.00000015007,-5.11573212043e-09
256,0.090146066276561229,250,2,pre,-1,3.0,1536,5.31544940126e-05,7.03389722584e-05,0.000177430660352,0.99982256934,1.00010995844,0,0,0,0.00026593958651,264,2.00000013983,2.00000015007,-5.11573212043e-09
256,0.090146066276561229,250,2,post,2,1.5,768,7.5974098296e-06,8.90789683394e-06,1.66652502128e-05,0.99998333475,1.00001383723,7.56292679327e-08,1.76584788441e-07,0,0.000269900418972,264,2.00000013942,2.00000015007,-5.32538995134e-09
256,0.090146066276561229,250,2,post,2,3.0,1536,2.52369891412e-05,3.58343578258e-05,9.94661063791e-05,0.999900533894,1.00005464894,2.53941759568e-07,9.83060466579e-07,0,0.000269900418972,264,2.00000013942,2.00000015007,-5.32538995134e-09
256,0.1091642237188737,300,2,pre,-1,1.5,768,2.25707924933e-05,2.71922573905e-05,4.70768444947e-05,0.999952923156,1.00003930884,0,0,0,0.000197057075587,264,2.00000018836,2.00000018,4.18263341844e-09
256,0.1091642237188737,300,2,pre,-1,3.0,1536,5.18734709451e-05,6.88258654829e-05,0.000184659995957,0.999815340004,1.0001377446,0,0,0,0.000197057075587,264,2.00000018836,2.00000018,4.18263341844e-09
256,0.1091642237188737,300,2,post,2,1.5,768,7.37735665611e-06,8.76802259285e-06,1.5031842452e-05,0.999984968158,1.00001062612,7.28593310718e-08,1.53517402389e-07,0,0.000201352183268,264,2.00000018839,2.00000018,4.1956441209e-09
256,0.1091642237188737,300,2,post,2,3.0,1536,2.44489615238e-05,3.51950881809e-05,0.000105007186553,0.999894992813,1.00007531699,2.4514572854e-07,1.03723312156e-06,0,0.000201352183268,264,2.00000018839,2.00000018,4.1956441209e-09
256,0.12818238116118619,350,2,pre,-1,1.5,768,2.2144998293e-05,2.67185083389e-05,5.06185910305e-05,0.999949381409,1.00003114476,0,0,0,0.000115146721295,264,2.00000017027,2.00000017276,-1.24627142276e-09
256,0.12818238116118619,350,2,pre,-1,3.0,1536,4.73693251828e-05,6.12789339926e-05,0.000151394491857,0.99989093986,1.00015139449,0,0,0,0.000115146721295,264,2.00000017027,2.00000017276,-1.24627142276e-09
256,0.12818238116118619,350,2,post,2,1.5,768,7.05874142364e-06,8.6983155685e-06,1.64634887672e-05,0.999983536511,1.000008138,6.98336435865e-08,1.64877958899e-07,0,0.000118365776297,264,2.00000017042,2.00000017276,-1.17461807903e-09
256,0.12818238116118619,350,2,post,2,3.0,1536,2.1718726617e-05,3.01618976373e-05,8.18871550945e-05,0.999948429361,1.00008188716,2.17463634148e-07,8.22113203926e-07,0,0.000118365776297,264,2.00000017042,2.00000017276,-1.17461807903e-09
256,0.14720053860349863,400,2,pre,-1,1.5,768,2.03352721829e-05,2.50686139273e-05,5.10714799093e-05,0.99994892852,1.00002572674,0,0,0,3.29894026731e-05,264,2.00000017433,2.00000017286,7.36685759783e-10
256,0.14720053860349863,400,2,pre,-1,3.0,1536,4.14548016039e-05,5.35513762781e-05,0.000125566791143,0.999895742261,1.00012556679,0,0,0,3.29894026731e-05,264,2.00000017433,2.00000017286,7.36685759783e-10
256,0.14720053860349863,400,2,post,2,1.5,768,6.27620981952e-06,8.22502583465e-06,1.68509774842e-05,0.999983149023,1.00000760106,6.46288573371e-08,1.8444114065e-07,0,3.43813220926e-05,264,2.00000017436,2.00000017286,7.51333597015e-10
256,0.14720053860349863,400,2,post,2,3.0,1536,1.86894258818e-05,2.60616736711e-05,6.61896969181e-05,0.999948848084,1.0000661897,1.86947096023e-07,6.61991614592e-07,0,3.43813220926e-05,264,2.00000017436,2.00000017286,7.51333597015e-10
256,0.16621869604581113,450,2,pre,-1,1.5,768,1.678949866e-05,2.19877464333e-05,5.05181439587e-05,0.999981392482,1.00005051814,0,0,0,7.39840773307e-05,260,2.00000017386,2.00000017299,4.34135800839e-10
256,0.16621869604581113,450,2,pre,-1,3.0,1536,3.39443348436e-05,4.40423904492e-05,9.70213237681e-05,0.999906888855,1.00009702132,0,0,0,7.39840773307e-05,260,2.00000017386,2.00000017299,4.34135800839e-10
256,0.16621869604581113,450,2,post,2,1.5,768,5.22964150035e-06,7.26890171791e-06,1.72881985889e-05,0.999993864401,1.0000172882,5.40105904788e-08,2.00678630109e-07,0,7.292644252e-05,260,2.00000017391,2.00000017299,4.58656406485e-10
256,0.16621869604581113,450,2,post,2,3.0,1536,1.52586906391e-05,2.13314298765e-05,4.97319542938e-05,0.999952351426,1.00004973195,1.51723707523e-07,5.05757555648e-07,0,7.292644252e-05,260,2.00000017391,2.00000017299,4.58656406485e-10
256,0.18523685348812358,500,2,pre,-1,1.5,768,1.18426980477e-05,1.51370831935e-05,3.40197526358e-05,0.999989600808,1.00003401975,0,0,0,0.000128865493237,260,2.00000017469,2.00000017314,7.7483479586e-10
256,0.18523685348812358,500,2,pre,-1,3.0,1536,2.49100189246e-05,3.22574985474e-05,6.99513805325e-05,0.999930048619,1.00006824799,0,0,0,0.000128865493237,260,2.00000017469,2.00000017314,7.7483479586e-10
256,0.18523685348812358,500,2,post,2,1.5,768,3.84388694805e-06,5.14256189284e-06,1.21939275297e-05,0.999996395666,1.00001219393,3.55364866202e-08,1.24922510088e-07,0,0.000127182026064,260,2.00000017462,2.00000017314,7.40281771745e-10
256,0.18523685348812358,500,2,post,2,3.0,1536,1.11552503665e-05,1.53977994836e-05,3.49146443047e-05,0.999965085356,1.00003389059,1.08843486561e-07,3.49438233214e-07,0,0.000127182026064,260,2.00000017462,2.00000017314,7.40281771745e-10
256,0.20425501093043608,550,2,pre,-1,1.5,768,6.89140412113e-06,9.05279398765e-06,2.08075012058e-05,0.999995266346,1.0000208075,0,0,0,0.000182515155086,260,2.00000017525,2.0000001733,9.73036233871e-10
256,0.20425501093043608,550,2,pre,-1,3.0,1536,1.48423205203e-05,1.94863038077e-05,4.24552953306e-05,0.999958517161,1.0000424553,0,0,0,0.000182515155086,260,2.00000017525,2.0000001733,9.73036233871e-10
256,0.20425501093043608,550,2,post,2,1.5,768,2.38884205016e-06,3.27444075222e-06,7.7774484375e-06,0.999997751797,1.00000777745,1.85475622315e-08,7.13008850659e-08,0,0.00018138902683,260,2.00000017511,2.0000001733,9.03291585419e-10
256,0.20425501093043608,550,2,post,2,3.0,1536,6.44142328781e-06,8.90756712099e-06,2.07314140981e-05,0.999981163388,1.00002073141,6.03521633256e-08,2.04328431688e-07,0,0.00018138902683,260,2.00000017511,2.0000001733,9.03291585419e-10
256,0.22327316837274852,600,2,pre,-1,1.5,768,3.87751539816e-06,4.94467911477e-06,9.899943616e-06,0.999999770627,1.00000989994,0,0,0,0.000231439133116,260,2.00000017547,2.00000017266,1.40562860318e-09
256,0.22327316837274852,600,2,pre,-1,3.0,1536,6.74576284423e-06,1.05751356038e-05,3.50859557945e-05,0.999991039904,1.00003508596,0,0,0,0.000231439133116,260,2.00000017547,2.00000017266,1.40562860318e-09
256,0.22327316837274852,600,2,post,2,1.5,768,1.66527279749e-06,2.180887214e-06,4.46568520962e-06,0.999999578575,1.00000446569,1.26435665761e-08,4.09971067494e-08,0,0.000231438523153,260,2.00000017582,2.00000017266,1.57797494771e-09
256,0.22327316837274852,600,2,post,2,3.0,1536,3.3280839466e-06,5.44888588906e-06,1.89157825672e-05,0.999997559888,1.00001891578,2.95746394194e-08,1.79149427116e-07,0,0.000231438523153,260,2.00000017582,2.00000017266,1.57797494771e-09
256,0.24229132581506102,650,2,pre,-1,1.5,768,4.78334446547e-06,6.43325830166e-06,1.59913277535e-05,0.999996249244,1.00001599133,0,0,0,0.000272129342313,260,2.00000014348,2.00000014159,9.44252165111e-10
256,0.24229132581506102,650,2,pre,-1,3.0,1536,5.70432148901e-06,8.08504458998e-06,2.30783147821e-05,0.999995979971,1.00002307831,0,0,0,0.000272129342313,260,2.00000014348,2.00000014159,9.44252165111e-10
256,0.24229132581506102,650,2,post,2,1.5,768,1.85901635476e-06,2.53867123651e-06,7.02056243895e-06,0.999998547871,1.00000702056,1.80789798185e-08,7.36284511502e-08,0,0.000273052400748,260,2.00000014374,2.00000014159,1.07273782257e-09
256,0.24229132581506102,650,2,post,2,3.0,1536,3.06068203547e-06,4.61130468577e-06,1.48393257506e-05,0.999996968635,1.00001483933,3.24184003363e-08,1.45862657026e-07,0,0.000273052400748,260,2.00000014374,2.00000014159,1.07273782257e-09
256,0.26130948325737346,700,2,pre,-1,1.5,768,8.5030037839e-06,1.06147089858e-05,2.61271349908e-05,0.999992073233,1.00002612713,0,0,0,0.00030424651514,260,2.00000010871,2.00000010749,6.06199946522e-10
256,0.26130948325737346,700,2,pre,-1,3.0,1536,1.48360686723e-05,1.82600940806e-05,4.35551782312e-05,0.999968708211,1.00004355518,0,0,0,0.00030424651514,260,2.00000010871,2.00000010749,6.06199946522e-10
256,0.26130948325737346,700,2,post,2,1.5,768,2.72752077731e-06,3.7355797847e-06,1.01244337203e-05,0.99999711747,1.00001012443,2.83707840788e-08,1.11547286637e-07,0,0.000305715080218,260,2.00000010888,2.00000010749,6.94040787509e-10
256,0.26130948325737346,700,2,post,2,3.0,1536,7.10214641993e-06,9.50756825084e-06,2.46521805551e-05,0.999982163938,1.00002465218,7.51951296597e-08,2.52009673397e-07,0,0.000305715080218,260,2.00000010888,2.00000010749,6.94040787509e-10
256,0.28032764069968596,750,2,pre,-1,1.5,768,1.20355109165e-05,1.48442180319e-05,3.58956220508e-05,0.999985681859,1.00003589562,0,0,0,0.000324917046686,260,2.00000008298,2.0000000824,2.92476031335e-10
256,0.28032764069968596,750,2,pre,-1,3.0,1536,2.32895327503e-05,2.91033113564e-05,6.35351955558e-05,0.99993988019,1.0000635352,0,0,0,0.000324917046686,260,2.00000008298,2.0000000824,2.92476031335e-10
256,0.28032764069968596,750,2,post,2,1.5,768,3.78665241843e-06,4.9673215686e-06,1.28356295248e-05,0.999995561884,1.00001283563,3.98030455321e-08,1.48673678606e-07,0,0.000326777076201,260,2.00000008306,2.0000000824,3.310460658e-10
256,0.28032764069968596,750,2,post,2,3.0,1536,1.09618808623e-05,1.4786985861e-05,3.44441611422e-05,0.999966571865,1.00003444416,1.14541387366e-07,3.53592935574e-07,0,0.000326777076201,260,2.00000008306,2.0000000824,3.310460658e-10
256,0.29934579814199846,800,2,pre,-1,1.5,768,1.49781222681e-05,1.85292096732e-05,4.4015177078e-05,0.99997815629,1.00004401518,0,0,0,0.000333254086266,260,2.00000006973,2.0000000697,1.38049566963e-11
256,0.29934579814199846,800,2,pre,-1,3.0,1544,3.08040971775e-05,3.8987733223e-05,8.61153287407e-05,0.999913884671,1.00008054569,0,0,0,0.000333254086266,260,2.00000006973,2.0000000697,1.38049566963e-11
256,0.29934579814199846,800,2,post,2,1.5,768,4.65997596323e-06,6.05239714123e-06,1.48367565262e-05,0.999992614117,1.00001483676,4.98868314233e-08,1.77754825418e-07,0,0.00033525813897,260,2.00000006973,2.0000000697,1.7619682876e-11
256,0.29934579814199846,800,2,post,2,3.0,1544,1.44428004042e-05,1.96818659614e-05,4.76115290872e-05,0.999952388471,1.00004255726,1.49750553587e-07,4.75546183997e-07,0,0.00033525813897,260,2.00000006973,2.0000000697,1.7619682876e-11
256,0.31836395558431096,850,2,pre,-1,1.5,768,1.72375834481e-05,2.13486743645e-05,4.91164921035e-05,0.999971815612,1.00004911649,0,0,0,0.000324522428334,264,2.00000007154,2.00000007187,-1.61183061102e-10
256,0.31836395558431096,850,2,pre,-1,3.0,1536,3.68279761686e-05,4.71660630689e-05,0.000108618883363,0.999891381117,1.00009288526,0,0,0,0.000324522428334,264,2.00000007154,2.00000007187,-1.61183061102e-10
256,0.31836395558431096,850,2,post,2,1.5,768,5.43127828303e-06,6.86944617696e-06,1.57781764505e-05,0.999990235647,1.00001577818,5.78831121765e-08,1.9280225168e-07,0,0.000326863045887,264,2.00000007149,2.00000007187,-1.86496811287e-10
256,0.31836395558431096,850,2,post,2,3.0,1536,1.72486255502e-05,2.37147668182e-05,6.00208882816e-05,0.999939979112,1.00004792223,1.77565961445e-07,5.96071211188e-07,0,0.000326863045887,264,2.00000007149,2.00000007187,-1.86496811287e-10
256,0.33738211302662335,900,2,pre,-1,1.5,768,1.87220299274e-05,2.31545909744e-05,5.0363808255e-05,0.999967347756,1.00005036381,0,0,0,0.000309840104755,264,2.00000008727,2.00000008816,-4.4944113115e-10
256,0.33738211302662335,900,2,pre,-1,3.0,1536,4.15490702054e-05,5.37070474907e-05,0.000127192107045,0.999872807893,1.00009947201,0,0,0,0.000309840104755,264,2.00000008727,2.00000008816,-4.4944113115e-10
256,0.33738211302662335,900,2,post,2,1.5,768,6.00710642842e-06,7.35844716783e-06,1.55493855789e-05,0.999988867851,1.00001554939,6.32248425843e-08,1.89764676251e-07,0,0.000312649166117,264,2.00000008713,2.00000008816,-5.16924036326e-10
256,0.33738211302662335,900,2,post,2,3.0,1536,1.95387089361e-05,2.70433671834e-05,7.03845450055e-05,0.999929615455,1.00004985418,1.99743478992e-07,6.98151110205e-07,0,0.000312649166117,264,2.00000008713,2.00000008816,-5.16924036326e-10
256,0.35640027046893585,950,2,pre,-1,1.5,768,1.94858498842e-05,2.40552367384e-05,4.83673332381e-05,0.999964380621,1.00004836733,0,0,0,0.000285606021662,264,2.00000011268,2.0000001143,-8.09627207857e-10
256,0.35640027046893585,950,2,pre,-1,3.0,1536,4.47300565067e-05,5.83905199068e-05,0.000141955473023,0.999858044527,1.00010054622,0,0,0,0.000285606021662,264,2.00000011268,2.0000001143,-8.09627207857e-10
256,0.35640027046893585,950,2,post,2,1.5,768,6.36129369881e-06,7.5745667581e-06,1.44963572761e-05,0.99998830881,1.00001449636,6.59577288308e-08,1.70515518955e-07,0,0.000288808479395,264,2.00000011245,2.0000001143,-9.26551671281e-10
256,0.35640027046893585,950,2,post,2,3.0,1536,2.11379548649e-05,2.95291698612e-05,7.88210337824e-05,0.999921178966,1.00004863924,2.14816521235e-07,7.82105731321e-07,0,0.000288808479395,264,2.00000011245,2.0000001143,-9.26551671281e-10
256,0.37541842791124835,1000,2,pre,-1,1.5,768,1.97375209218e-05,2.44122037922e-05,4.4327979648e-05,0.999962104701,1.00004432798,0,0,0,0.000250064123823,264,2.00000014687,2.00000013963,3.61736793022e-09
256,0.37541842791124835,1000,2,pre,-1,3.0,1536,4.6353536933e-05,6.11018682091e-05,0.00015313849508,0.999846861505,1.00010284043,0,0,0,0.000250064123823,264,2.00000014687,2.00000013963,3.61736793022e-09
256,0.37541842791124835,1000,2,post,2,1.5,768,6.48558327938e-06,7.66001034988e-06,1.30028758552e-05,0.999988085107,1.00001300288,6.66099197747e-08,1.44316486622e-07,0,0.000253816387964,264,2.00000014688,2.00000013963,3.6230607094e-09
256,0.37541842791124835,1000,2,post,2,3.0,1536,2.19814393297e-05,3.1107697169e-05,8.57527051533e-05,0.999914247295,1.00005707857,2.22669161305e-07,8.50782144731e-07,0,0.000253816387964,264,2.00000014688,2.00000013963,3.6230607094e-09
256,0.39443658535356085,1050,2,pre,-1,1.5,768,1.97118685172e-05,2.40488908773e-05,3.94568862719e-05,0.999960543114,1.00003788517,0,0,0,0.000206951923727,264,2.00000017465,2.00000016669,3.97896149505e-09
256,0.39443658535356085,1050,2,pre,-1,3.0,1536,4.63140061492e-05,6.13910634978e-05,0.000160110440189,0.99983988956,1.00012244571,0,0,0,0.000206951923727,264,2.00000017465,2.00000016669,3.97896149505e-09
256,0.39443658535356085,1050,2,post,2,1.5,768,6.42229635132e-06,7.59021520254e-06,1.23693399009e-05,0.99998763066,1.00001059357,6.47633618851e-08,1.27851790783e-07,0,0.000210778888347,264,2.00000017436,2.00000016669,3.8328721444e-09
256,0.39443658535356085,1050,2,post,2,3.0,1536,2.18818912654e-05,3.1300016791e-05,9.02816774039e-05,0.999909718323,1.00006773681,2.20392009403e-07,8.94954885866e-07,0,0.000210778888347,264,2.00000017436,2.00000016669,3.8328721444e-09
256,0.41345474279587324,1100,2,pre,-1,1.5,768,1.97934267244e-05,2.39090808861e-05,4.19799231934e-05,0.999958020077,1.00003234548,0,0,0,0.000154730738363,264,2.0000001757,2.00000016809,3.80419508341e-09
256,0.41345474279587324,1100,2,pre,-1,3.0,1536,4.42656359818e-05,5.76812852752e-05,0.000146906980284,0.999905404976,1.00014690698,0,0,0,0.000154730738363,264,2.0000001757,2.00000016809,3.80419508341e-09
256,0.41345474279587324,1100,2,post,2,1.5,768,6.35961609498e-06,7.65596413624e-06,1.32606375407e-05,0.999986739362,1.00000882362,6.36981246468e-08,1.28493861547e-07,0,0.000158356950986,264,2.00000017577,2.00000016809,3.83983901266e-09
256,0.41345474279587324,1100,2,post,2,3.0,1536,2.05607077221e-05,2.87796272707e-05,8.13350964719e-05,0.999956392969,1.0000813351,2.06903300332e-07,8.11388922217e-07,0,0.000158356950986,264,2.00000017577,2.00000016809,3.83983901266e-09
256,0.43247290023818574,1150,2,pre,-1,1.5,768,1.91897439851e-05,2.32324352222e-05,4.35977857575e-05,0.999956402214,1.00002728975,0,0,0,9.57858261976e-05,264,2.00000017841,2.00000016801,5.20374588561e-09
256,0.43247290023818574,1150,2,pre,-1,3.0,1536,4.10402871482e-05,5.30619820888e-05,0.000130280231373,0.999906252165,1.00013028023,0,0,0,9.57858261976e-05,264,2.00000017841,2.00000016801,5.20374588561e-09
256,0.43247290023818574,1150,2,post,2,1.5,768,6.06598487239e-06,7.53093510294e-06,1.40707866286e-05,0.999985929213,1.00000738473,6.13017545488e-08,1.43408252417e-07,0,9.84918912771e-05,264,2.00000017852,2.00000016801,5.2588950995e-09
256,0.43247290023818574,1150,2,post,2,3.0,1536,1.88128238531e-05,2.61439006913e-05,7.05094837605e-05,0.999955630402,1.00007050948,1.88698597703e-07,7.04135733574e-07,0,9.84918912771e-05,264,2.00000017852,2.00000016801,5.2588950995e-09
256,0.45149105768049824,1200,2,pre,-1,1.5,768,1.76966483636e-05,2.17401209834e-05,4.29348111057e-05,0.999957065189,1.00002334655,0,0,0,3.86470769007e-05,264,2.00000016451,2.00000016794,-1.71463984158e-09
256,0.45149105768049824,1200,2,pre,-1,3.0,1536,3.64515994694e-05,4.70791572665e-05,0.000111453867309,0.999911190182,1.00011145387,0,0,0,3.86470769007e-05,264,2.00000016451,2.00000016794,-1.71463984158e-09
256,0.45149105768049824,1200,2,post,2,1.5,768,5.43228587505e-06,7.09262593071e-06,1.39022630676e-05,0.999986097737,1.00000692918,5.65218799102e-08,1.51945945564e-07,0,4.01490034755e-05,264,2.00000016453,2.00000016794,-1.70368838054e-09
256,0.45149105768049824,1200,2,post,2,3.0,1536,1.64691316384e-05,2.29852636106e-05,5.92523350949e-05,0.99995686608,1.00005925234,1.65069430236e-07,5.8970904028e-07,0,4.01490034755e-05,264,2.00000016453,2.00000016794,-1.70368838054e-09
256,0.47050921512281074,1250,2,pre,-1,1.5,768,1.53657503516e-05,1.92888760423e-05,3.91755368676e-05,0.999960824463,1.00002080009,0,0,0,3.86711808906e-05,264,2.00000016833,2.00000016788,2.20929922463e-10
256,0.47050921512281074,1250,2,pre,-1,3.0,1536,3.07670997954e-05,3.98605196296e-05,9.11285951517e-05,0.99992102609,1.0000911286,0,0,0,3.86711808906e-05,264,2.00000016833,2.00000016788,2.20929922463e-10
256,0.47050921512281074,1250,2,post,2,1.5,768,4.81791315294e-06,6.27863086092e-06,1.22288915537e-05,0.999987771108,1.00000724725,4.9791273204e-08,1.47444481527e-07,0,3.80690714093e-05,264,2.00000016828,2.00000016788,2.00099031645e-10
256,0.47050921512281074,1250,2,post,2,3.0,1536,1.3836249439e-05,1.93142285215e-05,4.77971712318e-05,0.99996093368,1.00004779717,1.37622916273e-07,4.71559074188e-07,0,3.80690714093e-05,264,2.00000016828,2.00000016788,2.00099031645e-10
256,0.48952737256512313,1300,2,pre,-1,1.5,768,1.19196665775e-05,1.54814354227e-05,3.56535964936e-05,0.999988183889,1.0000356536,0,0,0,8.11365595653e-05,260,2.00000016846,2.00000016785,3.07863930713e-10
256,0.48952737256512313,1300,2,pre,-1,3.0,1536,2.43838504298e-05,3.15370541453e-05,6.91382485827e-05,0.999934271712,1.00006913825,0,0,0,8.11365595653e-05,260,2.00000016846,2.00000016785,3.07863930713e-10
256,0.48952737256512313,1300,2,post,2,1.5,768,3.81599333395e-06,5.17651686309e-06,1.25584529271e-05,0.999996146907,1.00001255845,3.76810679881e-08,1.40204200636e-07,0,8.00369928256e-05,260,2.00000016848,2.00000016785,3.13692823148e-10
256,0.48952737256512313,1300,2,post,2,3.0,1536,1.09837234209e-05,1.52135881811e-05,3.52604831353e-05,0.999966911284,1.00003526048,1.08219880633e-07,3.55290276501e-07,0,8.00369928256e-05,260,2.00000016848,2.00000016785,3.13692823148e-10
256,0.50854553000743563,1350,2,pre,-1,1.5,768,8.08585653697e-06,1.04253726896e-05,2.43105377224e-05,0.99999305583,1.00002431054,0,0,0,0.000116435809645,260,2.00000016881,2.00000016783,4.90609511815e-10
256,0.50854553000743563,1350,2,pre,-1,3.0,1536,1.70527313239e-05,2.21203642567e-05,4.85675438047e-05,0.999953577656,1.00004856754,0,0,0,0.000116435809645,260,2.00000016881,2.00000016783,4.90609511815e-10
256,0.50854553000743563,1350,2,post,2,1.5,768,2.67622708661e-06,3.61383716615e-06,8.95932464573e-06,0.999997286802,1.00000895932,2.34830905597e-08,8.97278784173e-08,0,0.000115351142559,260,2.00000016876,2.00000016783,4.6745825507e-10
256,0.50854553000743563,1350,2,post,2,3.0,1536,7.5911729021e-06,1.04589396682e-05,2.42305682738e-05,0.999977638547,1.00002423057,7.31690344935e-08,2.41051462305e-07,0,0.000115351142559,260,2.00000016876,2.00000016783,4.6745825507e-10
256,0.52756368744974813,1400,2,pre,-1,1.5,768,4.45423751287e-06,6.06784241488e-06,1.49256173265e-05,0.999996316934,1.00001492562,0,0,0,0.000150240580504,260,2.00000016889,2.00000016781,5.38558041827e-10
256,0.52756368744974813,1400,2,pre,-1,3.0,1536,9.54453349578e-06,1.26324588373e-05,2.99248340021e-05,0.999974750891,1.00002992483,0,0,0,0.000150240580504,260,2.00000016889,2.00000016781,5.38558041827e-10
256,0.52756368744974813,1400,2,post,2,1.5,768,1.68086927695e-06,2.27433069109e-06,5.79958317903e-06,0.999998242173,1.00000579958,1.23772276958e-08,5.31414578557e-08,0,0.000149628634288,260,2.00000016882,2.00000016781,5.01546762005e-10
256,0.52756368744974813,1400,2,post,2,3.0,1536,4.15477485577e-06,5.72940499962e-06,1.48443923147e-05,0.999989362808,1.00001484439,3.81157848361e-08,1.44356051734e-07,0,0.000149628634288,260,2.00000016882,2.00000016781,5.01546762005e-10
256,0.54658184489206063,1450,2,pre,-1,1.5,768,2.54648840868e-06,3.17095458075e-06,7.08146003436e-06,0.999997682555,1.00000708146,0,0,0,0.000179356626659,260,2.00000016895,2.00000016781,5.69935384361e-10
256,0.54658184489206063,1450,2,pre,-1,3.0,1536,3.2521713117e-06,4.27064856644e-06,1.31301924309e-05,0.999995539753,1.00001313019,0,0,0,0.000179356626659,260,2.00000016895,2.00000016781,5.69935384361e-10
256,0.54658184489206063,1450,2,post,2,1.5,768,1.12316652451e-06,1.40054407271e-06,3.15112589244e-06,0.999998756602,1.00000315113,7.90771575139e-09,2.62023988722e-08,0,0.00017942244579,260,2.00000016887,2.00000016781,5.28176347195e-10
256,0.54658184489206063,1450,2,post,2,3.0,1536,1.60145910536e-06,2.13244292747e-06,6.81093224508e-06,0.999997821966,1.00000681093,1.32134158524e-08,6.19379266348e-08,0,0.00017942244579,260,2.00000016887,2.00000016781,5.28176347195e-10
256,0.56560000233437302,1500,2,pre,-1,1.5,768,3.32173732838e-06,4.28290308857e-06,1.05848921046e-05,0.999995111826,1.00001058489,0,0,0,0.000202008732086,260,2.00000017173,2.00000017069,5.18318232952e-10
256,0.56560000233437302,1500,2,pre,-1,3.0,1536,5.19925112485e-06,6.72061352521e-06,1.83324126313e-05,0.999993373444,1.00001833241,0,0,0,0.000202008732086,260,2.00000017173,2.00000017069,5.18318232952e-10
256,0.56560000233437302,1500,2,post,2,1.5,768,1.15466825664e-06,1.569967364e-06,4.19470638935e-06,0.99999802629,1.00000419471,1.17907406168e-08,4.31157833689e-08,0,0.000202809576223,260,2.00000017185,2.00000017069,5.81148857177e-10
256,0.56560000233437302,1500,2,post,2,3.0,1536,2.76597898625e-06,3.93697993452e-06,1.3466987367e-05,0.999995588163,1.00001346699,2.85333802914e-08,1.25033852754e-07,0,0.000202809576223,260,2.00000017185,2.00000017069,5.81148857177e-10
256,0.58461815977668552,1550,2,pre,-1,1.5,768,5.85424629775e-06,7.10047214483e-06,1.56747615989e-05,0.999992051225,1.00001567476,0,0,0,0.000218183671966,260,2.00000016331,2.00000016216,5.72907896856e-10
256,0.58461815977668552,1550,2,pre,-1,3.0,1536,1.1371109762e-05,1.42048429666e-05,3.21600654734e-05,0.999972246267,1.00003216007,0,0,0,0.000218183671966,260,2.00000016331,2.00000016216,5.72907896856e-10
256,0.58461815977668552,1550,2,post,2,1.5,768,1.88891757111e-06,2.33543669515e-06,5.61941012611e-06,0.999997109785,1.00000561941,2.03947369591e-08,5.73913281916e-08,0,0.000219573698999,260,2.0000001634,2.00000016216,6.1785460623e-10
256,0.58461815977668552,1550,2,post,2,3.0,1536,5.54455577136e-06,7.50953569276e-06,2.01297056197e-05,0.999983557704,1.00002012971,5.84924590163e-08,2.03118753067e-07,0,0.000219573698999,260,2.0000001634,2.00000016216,6.1785460623e-10
256,0.60363631721899802,1600,2,pre,-1,1.5,768,8.06755947029e-06,9.78840270365e-06,1.98609138873e-05,0.999988399887,1.00001986091,0,0,0,0.00022676740012,260,2.00000015673,2.00000015615,2.89179102512e-10
256,0.60363631721899802,1600,2,pre,-1,3.0,1544,1.71774017771e-05,2.18634175534e-05,4.88739781003e-05,0.999951126022,1.00004520447,0,0,0,0.00022676740012,260,2.00000015673,2.00000015615,2.89179102512e-10
256,0.60363631721899802,1600,2,post,2,1.5,768,2.58579464482e-06,3.11346026283e-06,6.63931032951e-06,0.99999614762,1.00000663931,2.79848034271e-08,6.81232272138e-08,0,0.000228605356853,260,2.00000015673,2.00000015615,2.87922108102e-10
256,0.60363631721899802,1600,2,post,2,3.0,1544,8.28037262632e-06,1.13594601934e-05,2.80451086078e-05,0.999971954891,1.00002691844,8.63160160886e-08,2.83446905114e-07,0,0.000228605356853,260,2.00000015673,2.00000015615,2.87922108102e-10
256,0.62265447466131052,1650,2,pre,-1,1.5,768,9.91506037485e-06,1.20934899163e-05,2.29942304317e-05,0.999983668708,1.00002299423,0,0,0,0.000226946871758,260,2.000000155,2.000000155,-3.08864021514e-13
256,0.62265447466131052,1650,2,pre,-1,3.0,1536,2.19001731714e-05,2.82776147677e-05,6.73144478178e-05,0.999932685552,1.00005447484,0,0,0,0.000226946871758,260,2.000000155,2.000000155,-3.08864021514e-13
256,0.62265447466131052,1650,2,post,2,1.5,768,3.17294486578e-06,3.80531856318e-06,7.32506223522e-06,0.999995247365,1.00000732506,3.42559140649e-08,7.58525573411e-08,0,0.000229121983002,260,2.00000015497,2.000000155,-1.20712319666e-11
256,0.62265447466131052,1650,2,post,2,3.0,1536,1.04719449315e-05,1.45724997629e-05,3.83869463775e-05,0.999961613054,1.00003157585,1.08268254162e-07,3.84847045655e-07,0,0.000229121983002,260,2.00000015497,2.000000155,-1.20712319666e-11
256,0.64167263210362302,1700,2,pre,-1,1.5,768,1.13391379173e-05,1.38922695427e-05,2.45759335267e-05,0.999979649719,1.00002457593,0,0,0,0.000215649002896,264,2.0000001588,2.00000015935,-2.75357936718e-10
256,0.64167263210362302,1700,2,pre,-1,3.0,1536,2.57637334782e-05,3.36038758048e-05,8.27334085376e-05,0.999917266591,1.00006649155,0,0,0,0.000215649002896,264,2.0000001588,2.00000015935,-2.75357936718e-10
256,0.64167263210362302,1700,2,post,2,1.5,768,3.64449453532e-06,4.3593736974e-06,7.49160075153e-06,0.999993994412,1.0000074916,3.89738849834e-08,7.72991431228e-08,0,0.00021811355801,264,2.00000015872,2.00000015935,-3.1482547392e-10
256,0.64167263210362302,1700,2,post,2,3.0,1536,1.22918705186e-05,1.72854023202e-05,4.71004481676e-05,0.999952899552,1.00003801309,1.26197091553e-07,4.70148937729e-07,0,0.00021811355801,264,2.00000015872,2.00000015935,-3.1482547392e-10
256,0.66069078954593541,1750,2,pre,-1,1.5,768,1.23960657018e-05,1.51907337335e-05,2.46482038868e-05,0.999976325783,1.0000246482,0,0,0,0.000199723065984,264,2.00000016639,2.00000016741,-5.11847410466e-10
256,0.66069078954593541,1750,2,pre,-1,3.0,1536,2.85347311693e-05,3.74686583716e-05,9.50460039734e-05,0.999904953996,1.00007875911,0,0,0,0.000199723065984,264,2.00000016639,2.00000016741,-5.11847410466e-10
256,0.66069078954593541,1750,2,post,2,1.5,768,4.0267844194e-06,4.77666865318e-06,7.21244704893e-06,0.999992813534,1.00000721245,4.21515019954e-08,7.73645504517e-08,0,0.000202405792067,264,2.00000016628,2.00000016741,-5.67174260044e-10
256,0.66069078954593541,1750,2,post,2,3.0,1536,1.35968287425e-05,1.92532435941e-05,5.42184109207e-05,0.999945781589,1.00004459586,1.38586361581e-07,5.39401569098e-07,0,0.000202405792067,264,2.00000016628,2.00000016741,-5.67174260044e-10
256,0.67970894698824791,1800,2,pre,-1,1.5,768,1.31786490958e-05,1.60382706538e-05,2.65044580956e-05,0.999973495542,1.00002359878,0,0,0,0.000176211767216,264,2.00000017592,2.0000001712,2.36312904556e-09
256,0.67970894698824791,1800,2,pre,-1,3.0,1536,3.00437672693e-05,3.94107960233e-05,0.000104394906655,0.999895605093,1.00009551265,0,0,0,0.000176211767216,264,2.00000017592,2.0000001712,2.36312904556e-09
256,0.67970894698824791,1800,2,post,2,1.5,768,4.24324518748e-06,5.06457990756e-06,8.17790018914e-06,0.9999918221,1.00000673385,4.37545096562e-08,8.21541278149e-08,0,0.000178930785957,264,2.00000017595,2.0000001712,2.37784127573e-09
256,0.67970894698824791,1800,2,post,2,3.0,1536,1.41906485823e-05,2.01067639492e-05,5.99180198767e-05,0.99994008198,1.00005382528,1.43969050028e-07,5.93815384618e-07,0,0.000178930785957,264,2.00000017595,2.0000001712,2.37784127573e-09
256,0.69872710443056041,1850,2,pre,-1,1.5,768,1.37274127181e-05,1.66596676253e-05,2.91882256263e-05,0.999970811774,1.00002224336,0,0,0,0.000144622912999,264,2.00000017437,2.00000016797,3.20379429391e-09
256,0.69872710443056041,1850,2,pre,-1,3.0,1536,3.03659789487e-05,3.94620809673e-05,9.89755777572e-05,0.999935198012,1.00009897558,0,0,0,0.000144622912999,264,2.00000017437,2.00000016797,3.20379429391e-09
256,0.69872710443056041,1850,2,post,2,1.5,768,4.36634200341e-06,5.2936762677e-06,9.20381686775e-06,0.999990796183,1.000006134,4.4687259462e-08,9.12816035831e-08,0,0.000147212373756,264,2.00000017445,2.00000016797,3.24010813169e-09
256,0.69872710443056041,1850,2,post,2,3.0,1536,1.41606573751e-05,1.9803557771e-05,5.50621740329e-05,0.999969888849,1.00005506217,1.43241093288e-07,5.50954752002e-07,0,0.000147212373756,264,2.00000017445,2.00000016797,3.24010813169e-09
256,0.7177452618728728,1900,2,pre,-1,1.5,768,1.37874345333e-05,1.67327839831e-05,3.09674657821e-05,0.999969032534,1.00002018408,0,0,0,0.000108383078854,264,2.00000016795,2.00000016799,-1.71971311624e-11
256,0.7177452618728728,1900,2,pre,-1,3.0,1536,2.96217076819e-05,3.82653547058e-05,9.37419329856e-05,0.999933576604,1.00009374193,0,0,0,0.000108383078854,264,2.00000016795,2.00000016799,-1.71971311624e-11
256,0.7177452618728728,1900,2,post,2,1.5,768,4.36094001653e-06,5.39487111955e-06,9.95145617677e-06,0.999990048544,1.00000548714,4.45461294405e-08,1.0186311975e-07,0,0.000110581073796,264,2.00000016799,2.00000016799,1.37223554318e-13
256,0.7177452618728728,1900,2,post,2,3.0,1536,1.36854827909e-05,1.90131011706e-05,5.12390127954e-05,0.99996850388,1.00005123901,1.37934116019e-07,5.13398900885e-07,0,0.000110581073796,264,2.00000016799,2.00000016799,1.37223554318e-13
256,0.7367634193151853,1950,2,pre,-1,1.5,768,1.3304780793e-05,1.62473268288e-05,3.15072235791e-05,0.999968492776,1.00001792893,0,0,0,7.06949077541e-05,264,2.00000018149,2.00000016802,6.73636689793e-09
256,0.7367634193151853,1950,2,pre,-1,3.0,1536,2.77737551434e-05,3.57894927074e-05,8.55240692315e-05,0.999934487074,1.00008552407,0,0,0,7.06949077541e-05,264,2.00000018149,2.00000016802,6.73636689793e-09
256,0.7367634193151853,1950,2,post,2,1.5,768,4.16294399041e-06,5.29649409184e-06,1.03009704249e-05,0.99998969903,1.00000498238,4.28212641929e-08,1.09326514676e-07,0,7.2391561077e-05,264,2.00000018154,2.00000016802,6.75985299791e-09
256,0.7367634193151853,1950,2,post,2,3.0,1536,1.27028772217e-05,1.76357096541e-05,4.60162323754e-05,0.999968288781,1.00004601623,1.27648638163e-07,4.60821480915e-07,0,7.2391561077e-05,264,2.00000018154,2.00000016802,6.75985299791e-09
256,0.7557815767574978,2000,2,pre,-1,1.5,768,1.23009309047e-05,1.51559876485e-05,3.03765792912e-05,0.999969623421,1.00001595876,0,0,0,3.25572855276e-05,264,2.00000017516,2.00000016806,3.54908250719e-09
256,0.7557815767574978,2000,2,pre,-1,3.0,1536,2.49946677871e-05,3.21771705572e-05,7.49267716185e-05,0.99993834511,1.00007492677,0,0,0,3.25572855276e-05,264,2.00000017516,2.00000016806,3.54908250719e-09
256,0.7557815767574978,2000,2,post,2,1.5,768,3.79375423813e-06,4.98488099642e-06,9.92601492522e-06,0.999990073985,1.00000486681,3.98657323651e-08,1.10891821503e-07,0,3.36222956602e-05,264,2.00000017517,2.00000016806,3.5556199439e-09
256,0.7557815767574978,2000,2,post,2,3.0,1536,1.13212242749e-05,1.57504768539e-05,3.97726428827e-05,0.999969642067,1.00003977264,1.13650173645e-07,3.96876182553e-07,0,3.36222956602e-05,264,2.00000017517,2.00000016806,3.5556199439e-09
256,0.7747997341998103,2050,2,pre,-1,1.5,768,1.06812873162e-05,1.33820356842e-05,2.75653918368e-05,0.999972434608,1.00001417113,0,0,0,1.68518249465e-05,264,2.00000017154,2.00000016811,1.71676525221e-09
256,0.7747997341998103,2050,2,pre,-1,3.0,1536,2.13181997528e-05,2.75514033613e-05,6.27431808662e-05,0.999945052436,1.00006274318,0,0,0,1.68518249465e-05,264,2.00000017154,2.00000016811,1.71676525221e-09
256,0.7747997341998103,2050,2,post,2,1.5,768,3.34172725119e-06,4.3881736399e-06,8.77475052419e-06,0.999991225249,1.00000485727,3.49542725712e-08,1.04782521595e-07,0,1.63115809239e-05,264,2.00000017152,2.00000016811,1.70352517762e-09
256,0.7747997341998103,2050,2,post,2,3.0,1536,9.60984802968e-06,1.33982339668e-05,3.29487502981e-05,0.999972587477,1.00003294875,9.58561167812e-08,3.26704437035e-07,0,1.63115809239e-05,264,2.00000017152,2.00000016811,1.70352517762e-09
256,0.7938178916421228,2100,2,pre,-1,1.5,768,8.41530217684e-06,1.10384087057e-05,2.53612182466e-05,0.999990686416,1.00002536122,0,0,0,4.8438813805e-05,260,2.0000001685,2.00000016817,1.67003730125e-10
256,0.7938178916421228,2100,2,pre,-1,3.0,1536,1.70337712427e-05,2.21004693237e-05,4.87495014339e-05,0.999953732738,1.0000487495,0,0,0,4.8438813805e-05,260,2.0000001685,2.00000016817,1.67003730125e-10
256,0.7938178916421228,2100,2,post,2,1.5,768,2.63535224043e-06,3.64641306452e-06,8.63982084365e-06,0.999996878544,1.00000863982,2.72553897013e-08,1.0080226057e-07,0,4.79232071358e-05,260,2.00000016852,2.00000016817,1.78685939897e-10
256,0.7938178916421228,2100,2,post,2,3.0,1536,7.65679112443e-06,1.0690513821e-05,2.49820096347e-05,0.999976398052,1.00002498201,7.60130601775e-08,2.53721553014e-07,0,4.79232071358e-05,260,2.00000016852,2.00000016817,1.78685939897e-10
256,0.81283604908443519,2150,2,pre,-1,1.5,768,5.84027987566e-06,7.59810469409e-06,1.75710019772e-05,0.999994699326,1.000017571,0,0,0,7.41579098604e-05,260,2.00000016884,2.00000016823,3.08242738719e-10
256,0.81283604908443519,2150,2,pre,-1,3.0,1536,1.21643670983e-05,1.5824325475e-05,3.48367710907e-05,0.999966555189,1.00003483677,0,0,0,7.41579098604e-05,260,2.00000016884,2.00000016823,3.08242738719e-10
256,0.81283604908443519,2150,2,post,2,1.5,768,1.87805869552e-06,2.55543460064e-06,6.23385671794e-06,0.999998207546,1.00000623386,1.78290880104e-08,6.6822582653e-08,0,7.35617598013e-05,260,2.00000016885,2.00000016823,3.09936938912e-10
256,0.81283604908443519,2150,2,post,2,3.0,1536,5.42141452095e-06,7.53254364996e-06,1.74757089422e-05,0.999983427791,1.00001747571,5.29380316453e-08,1.76080120266e-07,0,7.35617598013e-05,260,2.00000016885,2.00000016823,3.09936938912e-10
256,0.83185420652674769,2200,2,pre,-1,1.5,768,3.2909343875e-06,4.39808388287e-06,1.05982521599e-05,0.999997534434,1.00001059825,0,0,0,9.79507706095e-05,260,2.00000016899,2.00000016828,3.54470645209e-10
256,0.83185420652674769,2200,2,pre,-1,3.0,1536,7.05008582084e-06,9.31429426681e-06,2.15265918433e-05,0.999980766037,1.00002152659,0,0,0,9.79507706095e-05,260,2.00000016899,2.00000016828,3.54470645209e-10
256,0.83185420652674769,2200,2,post,2,1.5,768,1.09628402471e-06,1.55858802894e-06,3.95820501398e-06,0.999998989847,1.00000395821,9.11025598034e-09,3.87054601824e-08,0,9.75654240525e-05,260,2.00000016897,2.00000016828,3.4416888663e-10
256,0.83185420652674769,2200,2,post,2,3.0,1536,3.05137752405e-06,4.27705000991e-06,1.06248453946e-05,0.999991236762,1.00001062485,2.88120574037e-08,1.05091539145e-07,0,9.75654240525e-05,260,2.00000016897,2.00000016828,3.4416888663e-10
256,0.85087236396906019,2250,2,pre,-1,1.5,768,1.37272342872e-06,1.81240322582e-06,4.51969110893e-06,0.999999069007,1.00000451969,0,0,0,0.000118852197613,260,2.00000016907,2.00000016833,3.67962740393e-10
256,0.85087236396906019,2250,2,pre,-1,3.0,1536,2.20901142043e-06,3.09157655948e-06,9.18418801232e-06,0.999995563333,1.00000918419,0,0,0,0.000118852197613,260,2.00000016907,2.00000016833,3.67962740393e-10
256,0.85087236396906019,2250,2,post,2,1.5,768,5.88492630409e-07,7.61826459339e-07,1.91983813247e-06,0.999999472418,1.00000191984,4.1390398946e-09,1.65256084112e-08,0,0.000118842597816,260,2.00000016904,2.00000016833,3.50583976762e-10
256,0.85087236396906019,2250,2,post,2,3.0,1536,9.23516186395e-07,1.32857458141e-06,4.53971503522e-06,0.999998612946,1.00000453972,7.81606944373e-09,4.24310101187e-08,0,0.000118842597816,260,2.00000016904,2.00000016833,3.50583976762e-10
256,0.86989052141137257,2300,2,pre,-1,1.5,768,1.86619566199e-06,2.29136339926e-06,5.04128880618e-06,0.999997251177,1.00000504129,0,0,0,0.000135356135799,260,2.00000016884,2.00000016838,2.3085709177e-10
256,0.86989052141137257,2300,2,pre,-1,3.0,1536,3.37473804452e-06,4.37503324632e-06,1.14499617456e-05,0.999996052777,1.00001144996,0,0,0,0.000135356135799,260,2.00000016884,2.00000016838,2.3085709177e-10
256,0.86989052141137257,2300,2,post,2,1.5,768,6.33742139136e-07,8.0366872275e-07,1.8636657142e-06,0.999998962513,1.00000186367,6.84338977101e-09,1.62973667374e-08,0,0.000135766068077,260,2.0000001688,2.00000016838,2.12540189762e-10
256,0.86989052141137257,2300,2,post,2,3.0,1536,1.87332729558e-06,2.74540294208e-06,8.43434375053e-06,0.999997384999,1.00000843434,1.89219587895e-08,7.71169691612e-08,0,0.000135766068077,260,2.0000001688,2.00000016838,2.12540189762e-10
256,0.88890867885368507,2350,2,pre,-1,1.5,768,3.69037819858e-06,4.51861955339e-06,8.09026234228e-06,0.99999405638,1.00000809026,0,0,0,0.000147312963938,260,2.00000016879,2.00000016841,1.89420907441e-10
256,0.88890867885368507,2350,2,pre,-1,3.0,1536,7.74453692293e-06,9.98493469119e-06,2.54538474203e-05,0.999986990439,1.00002545385,0,0,0,0.000147312963938,260,2.00000016879,2.00000016841,1.89420907441e-10
256,0.88890867885368507,2350,2,post,2,1.5,768,1.22750195497e-06,1.44286667648e-06,2.66433750262e-06,0.999998064868,1.00000266434,1.34877673395e-08,2.43191567136e-08,0,0.000148145195562,260,2.00000016876,2.00000016841,1.75568877974e-10
256,0.88890867885368507,2350,2,post,2,3.0,1536,3.87259498551e-06,5.44168404731e-06,1.58198272877e-05,0.999993961293,1.00001581983,4.04364220809e-08,1.57186806706e-07,0,0.000148145195562,260,2.00000016876,2.00000016841,1.75568877974e-10
256,0.90792683629599757,2400,2,pre,-1,1.5,768,5.38554533326e-06,6.65071522383e-06,1.07404523455e-05,0.999989959427,1.00001074045,0,0,0,0.000154152758393,260,2.00000016866,2.00000016843,1.1429745076e-10
256,0.90792683629599757,2400,2,pre,-1,3.0,1536,1.18020740513e-05,1.53066163197e-05,3.87730569924e-05,0.999977580661,1.00003877306,0,0,0,0.000154152758393,260,2.00000016866,2.00000016843,1.1429745076e-10
256,0.90792683629599757,2400,2,post,2,1.5,768,1.74878661349e-06,2.09876372293e-06,3.32478914755e-06,0.999997039013,1.00000332479,1.92545944945e-08,3.42935646651e-08,0,0.000155353948553,260,2.00000016864,2.00000016843,1.06443733745e-10
256,0.90792683629599757,2400,2,post,2,3.0,1536,5.74581771861e-06,8.06831520786e-06,2.30429357351e-05,0.999989596983,1.00002304294,5.95424258916e-08,2.29501037053e-07,0,0.000155353948553,260,2.00000016864,2.00000016843,1.06443733745e-10
256,0.92694499373831007,2450,2,pre,-1,1.5,768,6.94061235553e-06,8.50972211648e-06,1.37483625177e-05,0.999986251637,1.00001284898,0,0,0,0.000155425577994,260,2.00000016848,2.00000016843,2.21778132722e-11
256,0.92694499373831007,2450,2,pre,-1,3.0,1536,1.53226971946e-05,1.98712908541e-05,5.00410972071e-05,0.999969393133,1.0000500411,0,0,0,0.000155425577994,260,2.00000016848,2.00000016843,2.21778132722e-11
256,0.92694499373831007,2450,2,post,2,1.5,768,2.22653914781e-06,2.68509331164e-06,4.14511901925e-06,0.999995854881,1.00000382346,2.41118079048e-08,4.3822655069e-08,0,0.000156940266168,260,2.00000016847,2.00000016843,2.12994048891e-11
256,0.92694499373831007,2450,2,post,2,3.0,1536,7.34817303197e-06,1.02948116557e-05,2.90410114951e-05,0.99998577996,1.00002904101,7.56252593231e-08,2.89665840581e-07,0,0.000156940266168,260,2.00000016847,2.00000016843,2.12994048891e-11
256,0.94596315118062257,2500,2,pre,-1,1.5,768,8.24749058893e-06,1.00504224166e-05,1.69940215113e-05,0.999983005978,1.00001431729,0,0,0,0.000148410483527,264,2.00000016828,2.00000016842,-7.1572297612e-11
256,0.94596315118062257,2500,2,pre,-1,3.0,1536,1.81641933497e-05,2.35195054048e-05,5.87780628949e-05,0.999962497858,1.00005877806,0,0,0,0.000148410483527,264,2.00000016828,2.00000016842,-7.1572297612e-11
256,0.94596315118062257,2500,2,post,2,1.5,768,2.64546339546e-06,3.18018549047e-06,5.25272063046e-06,0.999994747279,1.00000412281,2.80130748397e-08,5.29269484108e-08,0,0.000150085918633,264,2.00000016829,2.00000016842,-6.57909227205e-11
256,0.94596315118062257,2500,2,post,2,3.0,1536,8.62790998615e-06,1.20385337525e-05,3.35525669306e-05,0.999982495022,1.00003355257,8.8215782455e-08,3.34979227495e-07,0,0.000150085918633,264,2.00000016829,2.00000016842,-6.57909227205e-11
256,0.96498130862293496,2550,2,pre,-1,1.5,768,9.25494636059e-06,1.12484440573e-05,1.97584020103e-05,0.999980241598,1.00001507985,0,0,0,0.000138069244243,264,2.00000016808,2.00000016841,-1.64486188586e-10
256,0.96498130862293496,2550,2,pre,-1,3.0,1536,2.02360293956e-05,2.61550997134e-05,6.46963888578e-05,0.999956952599,1.00006469639,0,0,0,0.000138069244243,264,2.00000016808,2.00000016841,-1.64486188586e-10
256,0.96498130862293496,2550,2,post,2,1.5,768,2.96179610089e-06,3.57446121577e-06,6.2245537028e-06,0.999993775446,1.00000422586,3.09038633868e-08,6.268825525e-08,0,0.000139859063424,264,2.0000001681,2.00000016841,-1.5337596567e-10
256,0.96498130862293496,2550,2,post,2,3.0,1536,9.53265234562e-06,1.32555816892e-05,3.64086231219e-05,0.999979762339,1.00003640862,9.69827490223e-08,3.63838743127e-07,0,0.000139859063424,264,2.0000001681,2.00000016841,-1.5337596567e-10
256,0.98399946606524746,2600,2,pre,-1,1.5,768,9.93723544397e-06,1.20850503171e-05,2.2010482985e-05,0.999977989517,1.00001519451,0,0,0,0.000122347550853,264,2.00000016787,2.00000016838,-2.54679367248e-10
256,0.98399946606524746,2600,2,pre,-1,3.0,1536,2.14920654936e-05,2.77354558271e-05,6.77708264933e-05,0.999952811901,1.00006777083,0,0,0,0.000122347550853,264,2.00000016787,2.00000016838,-2.54679367248e-10
256,0.98399946606524746,2600,2,post,2,1.5,768,3.16629575979e-06,3.86042382544e-06,7.0511403456e-06,0.99999294886,1.00000416946,3.27418107321e-08,7.16344883724e-08,0,0.000124142485444,264,2.0000001679,2.00000016838,-2.40223598551e-10
256,0.98399946606524746,2600,2,post,2,3.0,1536,1.0045081093e-05,1.39347186794e-05,3.7634656203e-05,0.999977603571,1.00003763466,1.0178772429e-07,3.76381530193e-07,0,0.000124142485444,264,2.0000001679,2.00000016838,-2.40223598551e-10
256,1.0030176235075601,2650,2,pre,-1,1.5,768,1.02926641448e-05,1.25551357314e-05,2.36587982257e-05,0.999976341202,1.00001476852,0,0,0,0.000102024025392,264,2.00000017501,2.00000016835,3.32942001477e-09
256,1.0030176235075601,2650,2,pre,-1,3.0,1536,2.1948109578e-05,2.82709365682e-05,6.81147871398e-05,0.999950180669,1.00006811479,0,0,0,0.000102024025392,264,2.00000017501,2.00000016835,3.32942001477e-09
256,1.0030176235075601,2650,2,post,2,1.5,768,3.26206690175e-06,4.04157411531e-06,7.69550497881e-06,0.999992304495,1.00000401062,3.35436281916e-08,7.93847676345e-08,0,0.000103680986974,264,2.00000017503,2.00000016835,3.34175925447e-09
256,1.0030176235075601,2650,2,post,2,3.0,1536,1.01821880533e-05,1.40965556342e-05,3.73479990323e-05,0.999976088118,1.000037348,1.02837071379e-07,3.73649534466e-07,0,0.000103680986974,264,2.00000017503,2.00000016835,3.34175925447e-09
256,1.022035780949873,2700,2,pre,-1,1.5,768,1.03046752047e-05,1.26350713913e-05,2.45631620275e-05,0.999975436838,1.00001393758,0,0,0,7.83864690317e-05,264,2.00000017244,2.00000016831,2.06368371677e-09
256,1.022035780949873,2700,2,pre,-1,3.0,1536,2.16186644597e-05,2.78001586363e-05,6.59309172482e-05,0.999949199109,1.00006593092,0,0,0,7.83864690317e-05,264,2.00000017244,2.00000016831,2.06368371677e-09
256,1.022035780949873,2700,2,post,2,1.5,768,3.25345443477e-06,4.11100541702e-06,8.08757859472e-06,0.999991912421,1.00000381678,3.34747248705e-08,8.52365666208e-08,0,7.98447053023e-05,264,2.00000017246,2.00000016831,2.07373833973e-09
256,1.022035780949873,2700,2,post,2,3.0,1536,9.96208419391e-06,1.37715653483e-05,3.57200188392e-05,0.99997533692,1.00003572002,1.00328034156e-07,3.57188177362e-07,0,7.98447053023e-05,264,2.00000017246,2.00000016831,2.07373833973e-09
256,1.0410539383921864,2750,2,pre,-1,1.5,768,9.95960723879e-06,1.22870365435e-05,2.45513310575e-05,0.999975448669,1.00001293152,0,0,0,5.33829843387e-05,264,2.00000017461,2.00000016827,3.16714938717e-09
256,1.0410539383921864,2750,2,pre,-1,3.0,1536,2.0520510733e-05,2.63788524708e-05,6.15240226036e-05,0.999950081457,1.00006152402,0,0,0,5.33829843387e-05,264,2.00000017461,2.00000016827,3.16714938717e-09
256,1.0410539383921864,2750,2,post,2,1.5,768,3.11479261282e-06,4.02323999501e-06,8.11250225441e-06,0.999991887498,1.00000372286,3.22860017257e-08,8.82308044143e-08,0,5.45332858134e-05,264,2.00000017462,2.00000016827,3.17530597301e-09
256,1.0410539383921864,2750,2,post,2,3.0,1536,9.38419562976e-06,1.29915804561e-05,3.29705255511e-05,0.999975482441,1.00003297053,9.42920867411e-08,3.29011230846e-07,0,5.45332858134e-05,264,2.00000017462,2.00000016827,3.17530597301e-09
256,1.0600720958344994,2800,2,pre,-1,1.5,768,9.28009966465e-06,1.15248158321e-05,2.35022340181e-05,0.999976497766,1.00001180482,0,0,0,2.80781347426e-05,264,2.00000017622,2.00000016824,3.992881023e-09
256,1.0600720958344994,2800,2,pre,-1,3.0,1536,1.87364680132e-05,2.41028648915e-05,5.52478357401e-05,0.999952915393,1.00005524784,0,0,0,2.80781347426e-05,264,2.00000017622,2.00000016824,3.992881023e-09
256,1.0600720958344994,2800,2,post,2,1.5,768,2.87817845477e-06,3.8118862904e-06,7.73269097731e-06,0.999992267309,1.00000366228,3.02535736605e-08,8.73296962679e-08,0,2.88666700693e-05,264,2.00000017622,2.00000016824,3.99296850857e-09
256,1.0600720958344994,2800,2,post,2,3.0,1536,8.49867807315e-06,1.18093440963e-05,2.93174958825e-05,0.999976628186,1.0000293175,8.52923784597e-08,2.91516852213e-07,0,2.88666700693e-05,264,2.00000017622,2.00000016824,3.99296850857e-09
256,1.0790902532768127,2850,2,pre,-1,1.5,768,8.20713308336e-06,1.02868561472e-05,2.13756451984e-05,0.999978624355,1.00001059461,0,0,0,6.28721467849e-06,264,2.00000017308,2.00000016821,2.43704547141e-09
256,1.0790902532768127,2850,2,pre,-1,3.0,1536,1.63374301414e-05,2.10639120784e-05,4.75488924441e-05,0.999957637425,1.00004754889,0,0,0,6.28721467849e-06,264,2.00000017308,2.00000016821,2.43704547141e-09
256,1.0790902532768127,2850,2,post,2,1.5,768,2.56422444047e-06,3.39456678671e-06,6.87939275978e-06,0.999993120607,1.00000358548,2.70139654299e-08,8.14650548964e-08,0,6.36904733727e-06,264,2.00000017306,2.00000016821,2.42691424307e-09
256,1.0790902532768127,2850,2,post,2,3.0,1536,7.37466822724e-06,1.02647802612e-05,2.50160146669e-05,0.999978800636,1.00002501601,7.37278090236e-08,2.47427483266e-07,0,6.36904733727e-06,264,2.00000017306,2.00000016821,2.42691424307e-09
256,1.0981084107191257,2900,2,pre,-1,1.5,768,6.65084441509e-06,8.76508216609e-06,2.00316953787e-05,0.999992176552,1.0000200317,0,0,0,2.80406187666e-05,260,2.00000016804,2.00000016818,-6.79423127247e-11
256,1.0981084107191257,2900,2,pre,-1,3.0,1536,1.33782425347e-05,1.73955195056e-05,3.82534195407e-05,0.999963479605,1.00003825342,0,0,0,2.80406187666e-05,260,2.00000016804,2.00000016818,-6.79423127247e-11
256,1.0981084107191257,2900,2,post,2,1.5,768,2.07044173244e-06,2.87803073627e-06,6.74099544695e-06,0.99999725839,1.000006741,2.18298900113e-08,8.04314990391e-08,0,2.77848785867e-05,260,2.00000016806,2.00000016818,-5.82540633373e-11
256,1.0981084107191257,2900,2,post,2,3.0,1536,6.01065838667e-06,8.42563547202e-06,1.96936639449e-05,0.999981326501,1.00001969366,5.98932628673e-08,1.99461612633e-07,0,2.77848785867e-05,260,2.00000016806,2.00000016818,-5.82540633373e-11
256,1.1171265681614391,2950,2,pre,-1,1.5,768,4.89811021335e-06,6.40978108359e-06,1.46874709788e-05,0.999994685088,1.00001468747,0,0,0,4.66801189949e-05,260,2.00000016839,2.00000016816,1.15413002777e-10
256,1.1171265681614391,2950,2,pre,-1,3.0,1536,1.01036563295e-05,1.31639727673e-05,2.87855487402e-05,0.999972002706,1.00002878555,0,0,0,4.66801189949e-05,260,2.00000016839,2.00000016816,1.15413002777e-10
256,1.1171265681614391,2950,2,post,2,1.5,768,1.53104199379e-06,2.11162393309e-06,5.0483710361e-06,0.999998290523,1.00000504837,1.55826854383e-08,5.75349969091e-08,0,4.63201368355e-05,260,2.0000001684,2.00000016816,1.20121680273e-10
256,1.1171265681614391,2950,2,post,2,3.0,1536,4.51044482674e-06,6.31212596955e-06,1.45758357042e-05,0.999985899565,1.00001457584,4.45856754321e-08,1.46996969489e-07,0,4.63201368355e-05,260,2.0000001684,2.00000016816,1.20121680273e-10
256,1.136144725603752,3000,2,pre,-1,1.5,768,3.08959140179e-06,4.06101165872e-06,9.55546170123e-06,0.999997327295,1.00000955546,0,0,0,6.34608223084e-05,260,2.00000016852,2.00000016814,1.90152988467e-10
256,1.136144725603752,3000,2,pre,-1,3.0,1536,6.57239903939e-06,8.63232030951e-06,1.92887056363e-05,0.9999816458,1.00001928871,0,0,0,6.34608223084e-05,260,2.00000016852,2.00000016814,1.90152988467e-10
256,1.136144725603752,3000,2,post,2,1.5,768,9.89277902731e-07,1.36421448235e-06,3.41906995449e-06,0.999999098278,1.00000341907,9.16730529146e-09,3.60356328753e-08,0,6.31664084577e-05,260,2.00000016852,2.00000016814,1.91327382284e-10
256,1.136144725603752,3000,2,post,2,3.0,1536,2.88555162887e-06,4.04160458409e-06,9.58471889811e-06,0.999991161019,1.00000958472,2.79221723478e-08,9.54939350928e-08,0,6.31664084577e-05,260,2.00000016852,2.00000016814,1.91327382284e-10
256,1.1551628830460654,3050,2,pre,-1,1.5,768,1.33615893014e-06,1.89765252273e-06,4.85129303063e-06,0.999999136517,1.00000485129,0,0,0,7.82404871068e-05,260,2.00000016857,2.00000016812,2.20355049003e-10
256,1.1551628830460654,3050,2,pre,-1,3.0,1536,2.99668025095e-06,4.08519272058e-06,1.01531487342e-05,0.999991762433,1.00001015315,0,0,0,7.82404871068e-05,260,2.00000016857,2.00000016812,2.20355049003e-10
256,1.1551628830460654,3050,2,post,2,1.5,768,4.7226191236e-07,6.88147629025e-07,1.86717534079e-06,0.999999621737,1.00000186718,3.62980887453e-09,1.76583188974e-08,0,7.8124110548e-05,260,2.00000016856,2.00000016812,2.18249400191e-10
256,1.1551628830460654,3050,2,post,2,3.0,1536,1.24888155931e-06,1.79070901784e-06,4.94468986134e-06,0.999996651221,1.00000494469,1.13681143617e-08,4.76830020989e-08,0,7.8124110548e-05,260,2.00000016856,2.00000016812,2.18249400191e-10
256,1.1741810404883783,3100,2,pre,-1,1.5,768,6.85298570797e-07,8.81698932525e-07,2.07141029596e-06,0.999998877872,1.00000207141,0,0,0,9.02125150339e-05,260,2.00000016837,2.00000016811,1.30256017237e-10
256,1.1741810404883783,3100,2,pre,-1,3.0,1536,9.21462678572e-07,1.17737338451e-06,2.886517527e-06,0.999998877872,1.00000288652,0,0,0,9.02125150339e-05,260,2.00000016837,2.00000016811,1.30256017237e-10
256,1.1741810404883783,3100,2,post,2,1.5,768,2.70686400362e-07,3.49961756096e-07,8.19489422987e-07,0.999999477194,1.00000081949,2.63198517315e-09,6.3249741564e-09,0,9.03353189378e-05,260,2.00000016837,2.00000016811,1.25530464352e-10
256,1.1741810404883783,3100,2,post,2,3.0,1536,5.93773849919e-07,8.57293528679e-07,2.52522705302e-06,0.999999054389,1.00000252523,5.72374763412e-09,2.25775667537e-08,0,9.03353189378e-05,260,2.00000016837,2.00000016811,1.25530464352e-10
256,1.1931991979306917,3150,2,pre,-1,1.5,768,1.98527142343e-06,2.45652413079e-06,4.0925974707e-06,0.999996465728,1.0000040926,0,0,0,9.8812810116e-05,260,2.00000016831,2.00000016811,9.97815079958e-11
256,1.1931991979306917,3150,2,pre,-1,3.0,1536,3.88929681691e-06,4.93583623552e-06,1.20866664379e-05,0.999993306497,1.00001208667,0,0,0,9.8812810116e-05,260,2.00000016831,2.00000016811,9.97815079958e-11
256,1.1931991979306917,3150,2,post,2,1.5,768,6.77314660495e-07,8.02394460866e-07,1.36197422163e-06,0.99999884032,1.00000136197,7.49625352536e-09,1.44758583748e-08,0,9.91851717645e-05,260,2.00000016829,2.00000016811,9.295807786e-11
256,1.1931991979306917,3150,2,post,2,3.0,1536,1.98202756437e-06,2.73222921205e-06,7.66216456438e-06,0.999996593977,1.00000766216,2.07137931328e-08,7.6303133232e-08,0,9.91851717645e-05,260,2.00000016829,2.00000016811,9.295807786e-11
256,1.2122173553730047,3200,2,pre,-1,1.5,768,3.34604786666e-06,4.11112632467e-06,6.89048206481e-06,0.999993109518,1.00000589261,0,0,0,0.000103813629525,260,2.00000016825,2.0000001681,7.29398702304e-11
256,1.2122173553730047,3200,2,pre,-1,3.0,1536,6.86895287588e-06,8.77268908524e-06,2.12634919239e-05,0.999986059256,1.00002126349,0,0,0,0.000103813629525,260,2.00000016825,2.0000001681,7.29398702304e-11
256,1.2122173553730047,3200,2,post,2,1.5,768,1.07508520908e-06,1.31713983264e-06,2.09940704377e-06,0.999997900593,1.00000181816,1.19397506297e-08,2.41593693644e-08,0,0.000104422147187,260,2.00000016824,2.0000001681,6.88378185438e-11
256,1.2122173553730047,3200,2,post,2,3.0,1536,3.33294288327e-06,4.61165447388e-06,1.25552997392e-05,0.999993143031,1.0000125553,3.45488945644e-08,1.25635315481e-07,0,0.000104422147187,260,2.00000016824,2.0000001681,6.88378185438e-11
256,1.2312355128153181,3250,2,pre,-1,1.5,768,4.55492910236e-06,5.57533235188e-06,9.89956486763e-06,0.999990100435,1.00000737602,0,0,0,0.000105043988439,260,2.00000016816,2.0000001681,3.24453769892e-11
256,1.2312355128153181,3250,2,pre,-1,3.0,1536,9.48245823768e-06,1.21420904694e-05,2.92796958703e-05,0.999979688866,1.0000292797,0,0,0,0.000105043988439,260,2.00000016816,2.0000001681,3.24453769892e-11
256,1.2312355128153181,3250,2,post,2,1.5,768,1.44041063399e-06,1.78472100228e-06,3.10983815444e-06,0.999996890162,1.00000217429,1.57305900436e-08,3.38271890273e-08,0,0.000105856815334,260,2.00000016816,2.0000001681,3.12649879687e-11
256,1.2312355128153181,3250,2,post,2,3.0,1536,4.51556683402e-06,6.25360560795e-06,1.67829017896e-05,0.99999009829,1.0000167829,4.64526886126e-08,1.68050645281e-07,0,0.000105856815334,260,2.00000016816,2.0000001681,3.12649879687e-11
256,1.250253670257631,3300,2,pre,-1,1.5,768,5.56157306179e-06,6.80238616953e-06,1.24860241684e-05,0.999987513976,1.00000850692,0,0,0,0.000102399322562,260,2.00000016807,2.0000001681,-1.30249133856e-11
256,1.250253670257631,3300,2,pre,-1,3.0,1536,1.16356927919e-05,1.49178823585e-05,3.57697858848e-05,0.999974299856,1.00003576979,0,0,0,0.000102399322562,260,2.00000016807,2.0000001681,-1.30249133856e-11
256,1.250253670257631,3300,2,post,2,1.5,768,1.76059501539e-06,2.18262687106e-06,3.99587045186e-06,0.99999600413,1.00000243022,1.88210866066e-08,4.28349231901e-08,0,0.000103353155774,260,2.00000016808,2.0000001681,-1.12287947273e-11
256,1.250253670257631,3300,2,post,2,3.0,1536,5.48817499811e-06,7.59115185899e-06,2.01423410495e-05,0.999987491311,1.00002014234,5.60794271667e-08,2.01815590049e-07,0,0.000103353155774,260,2.00000016808,2.0000001681,-1.12287947273e-11
256,1.2692718276999444,3350,2,pre,-1,1.5,768,6.34327457282e-06,7.76750228993e-06,1.46165770418e-05,0.999985383423,1.00000925024,0,0,0,9.44494026173e-05,264,2.00000016797,2.0000001681,-6.53939070109e-11
256,1.2692718276999444,3350,2,pre,-1,3.0,1536,1.32676943297e-05,1.70208847023e-05,4.05186386769e-05,0.999969983175,1.00004051864,0,0,0,9.44494026173e-05,264,2.00000016797,2.0000001681,-6.53939070109e-11
256,1.2692718276999444,3350,2,post,2,1.5,768,2.00616959677e-06,2.5007132365e-06,4.74200892886e-06,0.999995257991,1.00000259462,2.11601806744e-08,5.06384260253e-08,0,9.54747256287e-05,264,2.00000016798,2.0000001681,-6.1144417719e-11
256,1.2692718276999444,3350,2,post,2,3.0,1536,6.21181443031e-06,8.58615198915e-06,2.2514430593e-05,0.999985363849,1.00002251443,6.31676543571e-08,2.25698303425e-07,0,9.54747256287e-05,264,2.00000016798,2.0000001681,-6.1144417719e-11
256,1.2882899851422573,3400,2,pre,-1,1.5,768,6.88094010547e-06,8.45228020684e-06,1.62696599927e-05,0.99998373034,1.00000961106,0,0,0,8.45499095404e-05,264,2.00000016784,2.00000016811,-1.3098965255e-10
256,1.2882899851422573,3400,2,pre,-1,3.0,1536,1.43389131216e-05,1.84062802896e-05,4.34402759304e-05,0.999966780787,1.00004344028,0,0,0,8.45499095404e-05,264,2.00000016784,2.00000016811,-1.3098965255e-10
256,1.2882899851422573,3400,2,post,2,1.5,768,2.17016061094e-06,2.73155099888e-06,5.33518398005e-06,0.999994664816,1.00000267639,2.27090513534e-08,5.71824093961e-08,0,8.55798699438e-05,264,2.00000016786,2.00000016811,-1.25354382996e-10
256,1.2882899851422573,3400,2,post,2,3.0,1536,6.66959622557e-06,9.21989067054e-06,2.38671761266e-05,0.999983740577,1.00002386718,6.75681451514e-08,2.39278900652e-07,0,8.55798699438e-05,264,2.00000016786,2.00000016811,-1.25354382996e-10
256,1.3073081425845707,3450,2,pre,-1,1.5,768,7.16067192675e-06,8.84447087901e-06,1.74084582253e-05,0.999982591542,1.00000966108,0,0,0,7.1624821512e-05,264,2.00000017265,2.00000016812,2.26847410661e-09
256,1.3073081425845707,3450,2,pre,-1,3.0,1536,1.4838423692e-05,1.90609403442e-05,4.45539288323e-05,0.999964751101,1.00004455393,0,0,0,7.1624821512e-05,264,2.00000017265,2.00000016812,2.26847410661e-09
256,1.3073081425845707,3450,2,post,2,1.5,768,2.24437584483e-06,2.86921554769e-06,5.74206363868e-06,0.999994257936,1.0000027234,2.33984890972e-08,6.22702818788e-08,0,7.2607803266e-05,264,2.00000017266,2.00000016812,2.27390154243e-09
256,1.3073081425845707,3450,2,post,2,3.0,1536,6.85665337266e-06,9.49091008792e-06,2.4231400962e-05,0.999982645566,1.0000242314,6.92504517357e-08,2.42819184905e-07,0,7.2607803266e-05,264,2.00000017266,2.00000016812,2.27390154243e-09
256,1.3263263000268837,3500,2,pre,-1,1.5,768,7.20346642145e-06,8.93922978516e-06,1.7960627828e-05,0.999982039372,1.00000943265,0,0,0,5.63275486195e-05,264,2.00000017214,2.00000016813,2.00602562129e-09
256,1.3263263000268837,3500,2,pre,-1,3.0,1536,1.47854398119e-05,1.89976103942e-05,4.39392793663e-05,0.999963980529,1.00004393928,0,0,0,5.63275486195e-05,264,2.00000017214,2.00000016813,2.00602562129e-09
256,1.3263263000268837,3500,2,post,2,1.5,768,2.25132186386e-06,2.92100044655e-06,5.95042365259e-06,0.999994049576,1.00000273592,2.35011040087e-08,6.55871854258e-08,0,5.72025321953e-05,264,2.00000017215,2.00000016813,2.00915356338e-09
256,1.3263263000268837,3500,2,post,2,3.0,1536,6.79380145087e-06,9.41063753336e-06,2.36747505995e-05,0.999982138315,1.00002367475,6.84641353057e-08,2.36980021589e-07,0,5.72025321953e-05,264,2.00000017215,2.00000016813,2.00915356338e-09
256,1.3453444574691971,3550,2,pre,-1,1.5,768,7.01343583866e-06,8.73043595881e-06,1.78656223434e-05,0.999982134378,1.00000896341,0,0,0,3.99808107141e-05,264,2.00000017228,2.00000016814,2.06860511315e-09
256,1.3453444574691971,3550,2,pre,-1,3.0,1536,1.42120318755e-05,1.82526856391e-05,4.17455609401e-05,0.999964519804,1.00004174556,0,0,0,3.99808107141e-05,264,2.00000017228,2.00000016814,2.06860511315e-09
256,1.3453444574691971,3550,2,post,2,1.5,768,2.18326159633e-06,2.8746381567e-06,6.12029845315e-06,0.999993879702,1.00000271243,2.29115041002e-08,6.66855003335e-08,0,4.06902914293e-05,264,2.00000017229,2.00000016814,2.07136113056e-09
256,1.3453444574691971,3550,2,post,2,3.0,1536,6.49669213891e-06,9.00167837842e-06,2.23012172147e-05,0.99998227236,1.00002230122,6.53419705149e-08,2.2282131729e-07,0,4.06902914293e-05,264,2.00000017229,2.00000016814,2.07136113056e-09
256,1.36436261491151,3600,2,pre,-1,1.5,768,6.54674753465e-06,8.19288335624e-06,1.70361935656e-05,0.999982963806,1.00000830087,0,0,0,2.28037306044e-05,264,2.00000017083,2.00000016816,1.33279265298e-09
256,1.36436261491151,3600,2,pre,-1,3.0,1536,1.3119255806e-05,1.68697315259e-05,3.81199070822e-05,0.999966435024,1.00003811991,0,0,0,2.28037306044e-05,264,2.00000017083,2.00000016816,1.33279265298e-09
256,1.36436261491151,3600,2,post,2,1.5,768,2.02225689931e-06,2.703762168e-06,5.63013386401e-06,0.999994369866,1.00000265263,2.14978127604e-08,6.48788458513e-08,0,2.33156379336e-05,264,2.00000017082,2.00000016816,1.32898858513e-09
256,1.36436261491151,3600,2,post,2,3.0,1536,5.95750104777e-06,8.28124759905e-06,2.0192615938e-05,0.999983118222,1.00002019262,5.98788691591e-08,2.01197414326e-07,0,2.33156379336e-05,264,2.00000017082,2.00000016816,1.32898858513e-09
256,1.3833807723538234,3650,2,pre,-1,1.5,768,5.82546324792e-06,7.35221114451e-06,1.54893681016e-05,0.999984510632,1.0000075094,0,0,0,6.25944038641e-06,264,2.00000017361,2.00000016819,2.71012611766e-09
256,1.3833807723538234,3650,2,pre,-1,3.0,1536,1.15725067224e-05,1.49265405335e-05,3.33604414666e-05,0.999969664975,1.00003336044,0,0,0,6.25944038641e-06,264,2.00000017361,2.00000016819,2.71012611766e-09
256,1.3833807723538234,3650,2,post,2,1.5,768,1.81764985361e-06,2.42535948576e-06,5.03695127985e-06,0.999994963049,1.00000255405,1.92489356847e-08,6.00244153149e-08,0,6.51545043119e-06,264,2.0000001736,2.00000016819,2.70502664169e-09
256,1.3833807723538234,3650,2,post,2,3.0,1536,5.234122111e-06,7.29160690152e-06,1.75351212173e-05,0.99998467057,1.00001753512,5.23972017595e-08,1.74007552554e-07,0,6.51545043119e-06,264,2.0000001736,2.00000016819,2.70502664169e-09
256,1.4023989297961363,3700,2,pre,-1,1.5,768,4.8471966511e-06,6.20939892532e-06,1.32575283174e-05,0.999986742472,1.00000652148,0,0,0,1.51832539119e-05,264,2.00000016823,2.00000016821,7.86060039784e-12
256,1.4023989297961363,3700,2,pre,-1,3.0,1536,9.63781345832e-06,1.25057686406e-05,2.77123305266e-05,0.999974140806,1.00002771233,0,0,0,1.51832539119e-05,264,2.00000016823,2.00000016821,7.86060039784e-12
256,1.4023989297961363,3700,2,post,2,1.5,768,1.53219871906e-06,2.02803428168e-06,4.22114038279e-06,0.99999577886,1.00000235218,1.60437051305e-08,5.17688035738e-08,0,1.50420689842e-05,264,2.00000016821,2.00000016821,6.10622612188e-13
256,1.4023989297961363,3700,2,post,2,3.0,1536,4.34509629909e-06,6.07183612274e-06,1.44486176703e-05,0.999986919795,1.00001444862,4.32474161724e-08,1.42454366959e-07,0,1.50420689842e-05,264,2.00000016821,2.00000016821,6.10622612188e-13
256,1.4214170872384497,3750,2,pre,-1,1.5,768,3.63249756303e-06,4.77379229494e-06,1.07793985145e-05,0.999995667596,1.0000107794,0,0,0,2.86838942219e-05,260,2.00000016801,2.00000016823,-1.10516919645e-10
256,1.4214170872384497,3750,2,pre,-1,3.0,1536,7.42764294933e-06,9.69092768661e-06,2.10398432354e-05,0.999979282335,1.00002103984,0,0,0,2.86838942219e-05,260,2.00000016801,2.00000016823,-1.10516919645e-10
256,1.4214170872384497,3750,2,post,2,1.5,768,1.12250329372e-06,1.56000814282e-06,3.60445691205e-06,0.999998505405,1.00000360446,1.18027859333e-08,4.26391593734e-08,0,2.84878156918e-05,260,2.00000016802,2.00000016823,-1.04793276346e-10
256,1.4214170872384497,3750,2,post,2,3.0,1536,3.31966255313e-06,4.66642324581e-06,1.06747710242e-05,0.999989421597,1.00001067477,3.30054174859e-08,1.08433496421e-07,0,2.84878156918e-05,260,2.00000016802,2.00000016823,-1.04793276346e-10
256,1.4404352446807627,3800,2,pre,-1,1.5,768,2.3870607079e-06,3.14008330426e-06,7.21827633177e-06,0.999997515282,1.00000721828,0,0,0,4.0848187559e-05,260,2.00000016843,2.00000016826,8.51529886019e-11
256,1.4404352446807627,3800,2,pre,-1,3.0,1536,5.02946533599e-06,6.60432275129e-06,1.45252442707e-05,0.999985779815,1.00001452524,0,0,0,4.0848187559e-05,260,2.00000016843,2.00000016826,8.51529886019e-11
256,1.4404352446807627,3800,2,post,2,1.5,768,7.42389499278e-07,1.0311234356e-06,2.47194245118e-06,0.999999218562,1.00000247194,7.41008806534e-09,2.75640265456e-08,0,4.06721509477e-05,260,2.00000016843,2.00000016826,8.82731591278e-11
256,1.4404352446807627,3800,2,post,2,3.0,1536,2.2151111835e-06,3.11854322691e-06,7.2139526921e-06,0.999992951593,1.00000721395,2.17418742716e-08,7.28900416344e-08,0,4.06721509477e-05,260,2.00000016843,2.00000016826,8.82731591278e-11
256,1.4594534021230761,3850,2,pre,-1,1.5,768,1.14582149887e-06,1.55992319088e-06,3.80293195201e-06,0.999999167736,1.00000380293,0,0,0,5.14972836286e-05,260,2.00000016852,2.00000016828,1.19240607347e-10
256,1.4594534021230761,3850,2,pre,-1,3.0,1536,2.55904768761e-06,3.44258647168e-06,8.05186926378e-06,0.999992680132,1.00000805187,0,0,0,5.14972836286e-05,260,2.00000016852,2.00000016828,1.19240607347e-10
256,1.4594534021230761,3850,2,post,2,1.5,768,3.66140182615e-07,5.26915571129e-07,1.35979424476e-06,0.999999706101,1.00000135979,3.15775174051e-09,1.37619894456e-08,0,5.14068030423e-05,260,2.00000016852,2.00000016828,1.20626609654e-10
256,1.4594534021230761,3850,2,post,2,3.0,1536,1.08069809998e-06,1.54496017619e-06,3.87927941126e-06,0.999996686784,1.00000387928,1.01789719089e-08,3.83842997144e-08,0,5.14068030423e-05,260,2.00000016852,2.00000016828,1.20626609654e-10
256,1.478471559565389,3900,2,pre,-1,1.5,768,3.22511537128e-07,4.00765554546e-07,9.29045244069e-07,0.999999600078,1.00000092905,0,0,0,6.02430872251e-05,260,2.00000016844,2.0000001683,7.15927257185e-11
256,1.478471559565389,3900,2,pre,-1,3.0,1536,4.35809800928e-07,5.74711900357e-07,1.80166560315e-06,0.99999953196,1.00000180167,0,0,0,6.02430872251e-05,260,2.00000016844,2.0000001683,7.15927257185e-11
256,1.478471559565389,3900,2,post,2,1.5,768,1.40786982407e-07,1.77283221149e-07,4.12462922927e-07,0.999999789345,1.00000041246,1.11738118325e-09,2.51766935078e-09,0,6.02811071641e-05,260,2.00000016843,2.0000001683,6.7676525351e-11
256,1.478471559565389,3900,2,post,2,3.0,1536,2.26639126421e-07,2.94111811145e-07,7.17809582884e-07,0.99999969249,1.00000071781,2.07549935643e-09,6.95071424375e-09,0,6.02811071641e-05,260,2.00000016843,2.0000001683,6.7676525351e-11
256,1.4974897170077024,3950,2,pre,-1,1.5,768,1.22488472079e-06,1.51292247749e-06,2.45536422017e-06,0.999997544636,1.00000229768,0,0,0,6.66590022641e-05,260,2.00000016843,2.00000016831,5.73270271859e-11
256,1.4974897170077024,3950,2,pre,-1,3.0,1536,2.26709135177e-06,2.83371903015e-06,6.60778794925e-06,0.99999579035,1.00000660779,0,0,0,6.66590022641e-05,260,2.00000016843,2.00000016831,5.73270271859e-11
256,1.4974897170077024,3950,2,post,2,1.5,768,4.19405439733e-07,5.06462218675e-07,7.84353140881e-07,0.999999215647,1.00000077008,4.60774751845e-09,9.83266735914e-09,0,6.68395935253e-05,260,2.00000016842,2.00000016831,5.44459986794e-11
256,1.4974897170077024,3950,2,post,2,3.0,1536,1.16332184655e-06,1.57890312913e-06,4.22065354067e-06,0.999997684812,1.00000422065,1.20985398182e-08,4.20571968258e-08,0,6.68395935253e-05,260,2.00000016842,2.00000016831,5.44459986794e-11
256,1.5165078744500153,4000,2,pre,-1,1.5,768,2.24433993794e-06,2.76735493795e-06,5.06734281103e-06,0.999994932657,1.00000357702,0,0,0,7.06021010268e-05,260,2.0000001684,2.00000016832,4.04569677016e-11
256,1.5165078744500153,4000,2,pre,-1,3.0,1536,4.41204714857e-06,5.58418734481e-06,1.29694784374e-05,0.999990395436,1.00001296948,0,0,0,7.06021010268e-05,260,2.0000001684,2.00000016832,4.04569677016e-11
256,1.5165078744500153,4000,2,post,2,1.5,768,7.2017941019e-07,9.03858986408e-07,1.61776025753e-06,0.99999838224,1.00000112332,7.92358042395e-09,1.91580333594e-08,0,7.0925038081e-05,260,2.0000001684,2.00000016832,3.84114929732e-11
256,1.5165078744500153,4000,2,post,2,3.0,1536,2.13383000496e-06,2.92717393623e-06,7.58816300217e-06,0.999995046941,1.00000758816,2.19993857639e-08,7.60131246245e-08,0,7.0925038081e-05,260,2.0000001684,2.00000016832,3.84114929732e-11
256,1.5355260318923287,4050,2,pre,-1,1.5,768,3.14480904845e-06,3.88301708699e-06,7.39830384155e-06,0.999992601696,1.00000465774,0,0,0,7.18797637291e-05,260,2.00000016837,2.00000016833,2.13626875973e-11
256,1.5355260318923287,4050,2,pre,-1,3.0,1536,6.31084211902e-06,8.03314230587e-06,1.86370202457e-05,0.999985619857,1.00001863702,0,0,0,7.18797637291e-05,260,2.00000016837,2.00000016833,2.13626875973e-11
256,1.5355260318923287,4050,2,post,2,1.5,768,9.90818881779e-07,1.26310333454e-06,2.40076927338e-06,0.999997599231,1.00000141187,1.07911976816e-08,2.73830850547e-08,0,7.23263650019e-05,260,2.00000016837,2.00000016833,2.02988719846e-11
256,1.5355260318923287,4050,2,post,2,3.0,1536,2.99110588455e-06,4.12128853132e-06,1.05660784904e-05,0.999992725338,1.00001056608,3.0655310703e-08,1.05847872717e-07,0,7.23263650019e-05,260,2.00000016837,2.00000016833,2.02988719846e-11
256,1.5545441893346417,4100,2,pre,-1,1.5,768,3.90222478999e-06,4.82573422185e-06,9.38983661369e-06,0.999990610163,1.00000552973,0,0,0,7.05353819909e-05,260,2.00000016832,2.00000016833,-2.95496935364e-12
256,1.5545441893346417,4100,2,pre,-1,3.0,1536,7.90484995403e-06,1.00931272845e-05,2.3365574215e-05,0.999981539345,1.00002336557,0,0,0,7.05353819909e-05,260,2.00000016832,2.00000016833,-2.95496935364e-12
256,1.5545441893346417,4100,2,post,2,1.5,768,1.22803011673e-06,1.56953193337e-06,3.07647724085e-06,0.999996923523,1.00000164138,1.3163346312e-08,3.44705831882e-08,0,7.10794188661e-05,260,2.00000016832,2.00000016833,-2.97117860843e-12
256,1.5545441893346417,4100,2,post,2,3.0,1536,3.71080992684e-06,5.11848101357e-06,1.30231036377e-05,0.99999073146,1.0000130231,3.78167053934e-08,1.30404116259e-07,0,7.10794188661e-05,260,2.00000016832,2.00000016833,-2.97117860843e-12
256,1.5735623467769551,4150,2,pre,-1,1.5,768,4.49809164142e-06,5.57506624386e-06,1.10164756443e-05,0.999988983524,1.00000617146,0,0,0,6.65401579907e-05,260,2.00000016826,2.00000016832,-3.42490451596e-11
256,1.5735623467769551,4150,2,pre,-1,3.0,1536,9.14726953468e-06,1.17024097969e-05,2.69996195836e-05,0.999978248159,1.00002699962,0,0,0,6.65401579907e-05,260,2.00000016826,2.00000016832,-3.42490451596e-11
256,1.5735623467769551,4150,2,post,2,1.5,768,1.41331649904e-06,1.81528373838e-06,3.63646200163e-06,0.999996363538,1.00000181511,1.49972861661e-08,4.04714574232e-08,0,6.71454499688e-05,260,2.00000016826,2.00000016832,-3.33688604197e-11
256,1.5735623467769551,4150,2,post,2,3.0,1536,4.26463834305e-06,5.88801077781e-06,1.48757422735e-05,0.999989105984,1.00001487574,4.32870016151e-08,1.48860291684e-07,0,6.71454499688e-05,260,2.00000016826,2.00000016832,-3.33688604197e-11
256,1.592580504219268,4200,2,pre,-1,1.5,768,4.9180503779e-06,6.11576822907e-06,1.22489090358e-05,0.999987751091,1.00000657355,0,0,0,5.97432603869e-05,262,2.00000016816,2.00000016832,-8.05777599e-11
256,1.592580504219268,4200,2,pre,-1,3.0,1536,1.00065269464e-05,1.28226579829e-05,2.94385478394e-05,0.999975802982,1.00002943855,0,0,0,5.97432603869e-05,262,2.00000016816,2.00000016832,-8.05777599e-11
256,1.592580504219268,4200,2,post,2,1.5,768,1.54095675126e-06,1.99455440138e-06,4.06451179968e-06,0.999995935488,1.00000193716,1.62600091916e-08,4.52483603659e-08,0,6.03603440388e-05,262,2.00000016816,2.00000016832,-7.91575627264e-11
256,1.592580504219268,4200,2,post,2,3.0,1536,4.6383235101e-06,6.41254368678e-06,1.60693063835e-05,0.999987878913,1.00001606931,4.69375513414e-08,1.60672672663e-07,0,6.03603440388e-05,262,2.00000016816,2.00000016832,-7.91575627264e-11
256,1.6115986616615814,4250,2,pre,-1,1.5,768,5.15339846596e-06,6.43663061473e-06,1.30653599032e-05,0.99998693464,1.00000674801,0,0,0,5.09537495186e-05,264,2.00000016801,2.0000001683,-1.48516963997e-10
256,1.6115986616615814,4250,2,pre,-1,3.0,1536,1.04671051004e-05,1.34352580169e-05,3.06662443772e-05,0.999974229003,1.00003066624,0,0,0,5.09537495186e-05,264,2.00000016801,2.0000001683,-1.48516963997e-10
256,1.6115986616615814,4250,2,post,2,1.5,768,1.60775620143e-06,2.10273163272e-06,4.34995180931e-06,0.999995650048,1.00000201337,1.69329268259e-08,4.87026611175e-08,0,5.15475549209e-05,264,2.00000016801,2.0000001683,-1.47022159842e-10
256,1.6115986616615814,4250,2,post,2,3.0,1536,4.82570565569e-06,6.68486162846e-06,1.6604765223e-05,0.999987072116,1.00001660477,4.87181933879e-08,1.65841325499e-07,0,5.15475549209e-05,264,2.00000016801,2.0000001683,-1.47022159842e-10
256,1.6306168191038943,4300,2,pre,-1,1.5,768,5.21054021686e-06,6.53479424809e-06,1.34439557722e-05,0.999986556044,1.00000671065,0,0,0,4.10913837218e-05,264,2.00000017278,2.00000016829,2.24259081308e-09
256,1.6306168191038943,4300,2,pre,-1,3.0,1536,1.05388940887e-05,1.35431214394e-05,3.07079462978e-05,0.999973578482,1.00003070795,0,0,0,4.10913837218e-05,264,2.00000017278,2.00000016829,2.24259081308e-09
256,1.6306168191038943,4300,2,post,2,1.5,768,1.61689967464e-06,2.13883533481e-06,4.48047519097e-06,0.999995519525,1.00000204716,1.70484769008e-08,5.06605511725e-08,0,4.16287976806e-05,264,2.00000017278,2.00000016829,2.24430677365e-09
256,1.6306168191038943,4300,2,post,2,3.0,1536,4.83362065746e-06,6.7089856927e-06,1.6505696522e-05,0.999986710226,1.0000165057,4.87040955159e-08,1.64601949123e-07,0,4.16287976806e-05,264,2.00000017278,2.00000016829,2.24430677365e-09
256,1.6496349765462077,4350,2,pre,-1,1.5,768,5.12137722446e-06,6.42842780829e-06,1.33524086162e-05,0.999986647591,1.0000064843,0,0,0,2.99221379283e-05,264,2.00000017388,2.00000016828,2.80332111696e-09
256,1.6496349765462077,4350,2,pre,-1,3.0,1536,1.02644197502e-05,1.3170017967e-05,2.96386291165e-05,0.999973868584,1.00002963863,0,0,0,2.99221379283e-05,264,2.00000017388,2.00000016828,2.80332111696e-09
256,1.6496349765462077,4350,2,post,2,1.5,768,1.59938718832e-06,2.13269746761e-06,4.55843810365e-06,0.999995441562,1.00000204159,1.68961074809e-08,5.08269862535e-08,0,3.0370906389e-05,264,2.00000017388,2.00000016828,2.80276844799e-09
256,1.6496349765462077,4350,2,post,2,3.0,1536,4.69179044963e-06,6.50055005122e-06,1.58229354239e-05,0.99998681125,1.00001582294,4.7207926669e-08,1.57480066456e-07,0,3.0370906389e-05,264,2.00000017388,2.00000016828,2.80276844799e-09
256,1.6686531339885207,4400,2,pre,-1,1.5,768,4.79900879807e-06,6.06234683717e-06,1.27494796822e-05,0.99998725052,1.0000061022,0,0,0,1.81167045917e-05,264,2.0000001719,2.00000016826,1.81849697767e-09
256,1.6686531339885207,4400,2,pre,-1,3.0,1536,9.58162741655e-06,1.23285632593e-05,2.7539449627e-05,0.999975132093,1.00002753945,0,0,0,1.81167045917e-05,264,2.0000001719,2.00000016826,1.81849697767e-09
256,1.6686531339885207,4400,2,post,2,1.5,768,1.48629940425e-06,2.00095590461e-06,4.2063821164e-06,0.999995793618,1.00000200183,1.58621554283e-08,4.92148892819e-08,0,1.8458243705e-05,264,2.00000017189,2.00000016826,1.81459143544e-09
256,1.6686531339885207,4400,2,post,2,3.0,1536,4.3593104493e-06,6.06036598583e-06,1.46041117561e-05,0.999987413077,1.00001460411,4.38267282684e-08,1.44943369331e-07,0,1.8458243705e-05,264,2.00000017189,2.00000016826,1.81459143544e-09
256,1.6876712914308341,4450,2,pre,-1,1.5,768,4.39893236261e-06,5.53619921482e-06,1.16763173563e-05,0.999988323683,1.00000556414,0,0,0,7.17677224183e-06,264,2.00000017419,2.00000016824,2.97097343936e-09
256,1.6876712914308341,4450,2,pre,-1,3.0,1536,8.63614857818e-06,1.10935044448e-05,2.45907036909e-05,0.999977285234,1.0000245907,0,0,0,7.17677224183e-06,264,2.00000017419,2.00000016824,2.97097343936e-09
256,1.6876712914308341,4450,2,post,2,1.5,768,1.39591381071e-06,1.85874726574e-06,4.31649767652e-06,0.999995683502,1.0000019057,1.47622654816e-08,4.54891906556e-08,0,7.39350271756e-06,264,2.00000017418,2.00000016824,2.96612021084e-09
256,1.6876712914308341,4450,2,post,2,3.0,1536,3.92229385598e-06,5.43244096028e-06,1.29579988504e-05,0.999988479259,1.000012958,3.92777227804e-08,1.28153738774e-07,0,7.39350271756e-06,264,2.00000017418,2.00000016824,2.96612021084e-09
256,1.706689448873147,4500,2,pre,-1,1.5,768,3.72539187603e-06,4.74249433442e-06,1.0137486872e-05,0.999989862513,1.00000486184,0,0,0,7.60831843994e-06,264,2.00000016875,2.00000016823,2.59377608668e-10
256,1.706689448873147,4500,2,pre,-1,3.0,1536,7.3430924267e-06,9.48694819258e-06,2.08867542297e-05,0.99998031718,1.00002088675,0,0,0,7.60831843994e-06,264,2.00000016875,2.00000016823,2.59377608668e-10
256,1.706689448873147,4500,2,post,2,1.5,768,1.18437360489e-06,1.56813681634e-06,3.26518319382e-06,0.999996734817,1.00000173589,1.24425790687e-08,3.97932888672e-08,0,7.4783231334e-06,264,2.00000016874,2.00000016823,2.53246957641e-10
256,1.706689448873147,4500,2,post,2,3.0,1536,3.3191051763e-06,4.61857630202e-06,1.09259052621e-05,0.999990005556,1.00001092591,3.30881340093e-08,1.07581808025e-07,0,7.4783231334e-06,264,2.00000016874,2.00000016823,2.53246957641e-10
256,1.7257076063154604,4550,2,pre,-1,1.5,768,2.87133587407e-06,3.77969454805e-06,8.5075447851e-06,0.999996387935,1.00000850754,0,0,0,1.72111873641e-05,260,2.00000016825,2.00000016822,1.87116972832e-11
256,1.7257076063154604,4550,2,pre,-1,3.0,1536,5.82336680075e-06,7.59812573536e-06,1.64340173407e-05,0.999983719035,1.00001643402,0,0,0,1.72111873641e-05,260,2.00000016825,2.00000016822,1.87116972832e-11
256,1.7257076063154604,4550,2,post,2,1.5,768,8.97256483045e-07,1.23352404995e-06,2.81054444695e-06,0.999998713573,1.00000281054,9.43422902189e-09,3.38265593695e-08,0,1.70952743638e-05,260,2.00000016826,2.00000016822,2.29907185048e-11
256,1.7257076063154604,4550,2,post,2,3.0,1536,2.61341889197e-06,3.67214430482e-06,8.3880170092e-06,0.999991627843,1.00000838802,2.5995826325e-08,8.49848783638e-08,0,1.70952743638e-05,260,2.00000016826,2.00000016822,2.29907185048e-11
256,1.7447257637577733,4600,2,pre,-1,1.5,768,2.01073679726e-06,2.64663938553e-06,6.03045663361e-06,0.999997639282,1.00000603046,0,0,0,2.60057478425e-05,260,2.0000001683,2.0000001682,4.65050181444e-11
256,1.7447257637577733,4600,2,pre,-1,3.0,1536,4.18679916121e-06,5.49153481242e-06,1.19682786175e-05,0.999988119053,1.00001196828,0,0,0,2.60057478425e-05,260,2.0000001683,2.0000001682,4.65050181444e-11
256,1.7447257637577733,4600,2,post,2,1.5,768,6.16686449555e-07,8.60639239276e-07,2.01874238259e-06,0.999999197724,1.00000201874,6.43161282829e-09,2.34654415291e-08,0,2.58914700958e-05,260,2.0000001683,2.0000001682,4.97086774348e-11
256,1.7447257637577733,4600,2,post,2,3.0,1536,1.85281095778e-06,2.61574973127e-06,6.00691436414e-06,0.999994024172,1.00000600691,1.83493219463e-08,6.06099511344e-08,0,2.58914700958e-05,260,2.0000001683,2.0000001682,4.97086774348e-11
256,1.7637439212000867,4650,2,pre,-1,1.5,768,1.13659950912e-06,1.51459481229e-06,3.56286125558e-06,0.999998877278,1.00000356286,0,0,0,3.36949300249e-05,260,2.0000001683,2.00000016819,5.50224264286e-11
256,1.7637439212000867,4650,2,pre,-1,3.0,1536,2.47650163354e-06,3.29333511644e-06,7.38696501634e-06,0.999992860723,1.00000738697,0,0,0,3.36949300249e-05,260,2.0000001683,2.00000016819,5.50224264286e-11
256,1.7637439212000867,4650,2,post,2,1.5,768,3.50513112205e-07,4.94064845938e-07,1.22419914494e-06,0.99999964748,1.0000012242,3.40932188942e-09,1.33169060397e-08,0,3.36192590683e-05,260,2.00000016831,2.00000016819,5.70716759152e-11
256,1.7637439212000867,4650,2,post,2,3.0,1536,1.06779179891e-06,1.51864321921e-06,3.60772845376e-06,0.999996588849,1.00000360773,1.03585414795e-08,3.59295463763e-08,0,3.36192590683e-05,260,2.00000016831,2.00000016819,5.70716759152e-11
256,1.7827620786423997,4700,2,pre,-1,1.5,768,2.91728794184e-07,4.47952712176e-07,1.2103587248e-06,0.999999862815,1.00000121036,0,0,0,4.0073253456e-05,260,2.00000016831,2.00000016818,6.28503862726e-11
256,1.7827620786423997,4700,2,pre,-1,3.0,1536,7.68837209224e-07,1.11062875771e-06,2.89759340988e-06,0.999997691599,1.00000289759,0,0,0,4.0073253456e-05,260,2.00000016831,2.00000016818,6.28503862726e-11
256,1.7827620786423997,4700,2,post,2,1.5,768,1.03160883103e-07,1.56587846987e-07,4.52420398256e-07,0.999999922774,1.00000045242,7.27444701051e-10,3.97009581286e-09,0,4.00629166035e-05,260,2.00000016831,2.00000016818,6.38815613312e-11
256,1.7827620786423997,4700,2,post,2,3.0,1536,2.91042677647e-07,4.39620388012e-07,1.30434442491e-06,0.999999182672,1.00000130434,2.5020384494e-09,1.22113569812e-08,0,4.00629166035e-05,260,2.00000016831,2.00000016818,6.38815613312e-11
256,1.801780236084713,4750,2,pre,-1,1.5,768,5.68021875197e-07,6.99465151913e-07,1.12079733894e-06,0.999998879203,1.00000111288,0,0,0,4.4893656479e-05,260,2.00000016828,2.00000016818,5.09743315771e-11
256,1.801780236084713,4750,2,pre,-1,3.0,1536,9.54515389146e-07,1.17244116073e-06,2.64853626764e-06,0.999998376578,1.00000264854,0,0,0,4.4893656479e-05,260,2.00000016828,2.00000016818,5.09743315771e-11
256,1.801780236084713,4750,2,post,2,1.5,768,2.01054681039e-07,2.45820899712e-07,3.93287472367e-07,0.999999617684,1.00000039329,2.21377453215e-09,4.97952022671e-09,0,4.49617524195e-05,260,2.00000016828,2.00000016818,5.14646060235e-11
256,1.801780236084713,4750,2,post,2,3.0,1536,5.34661891835e-07,7.23882149737e-07,1.92418378586e-06,0.999998905876,1.00000192418,5.31945881659e-09,1.77970534525e-08,0,4.49617524195e-05,260,2.00000016828,2.00000016818,5.14646060235e-11
256,1.820798393527026,4800,2,pre,-1,1.5,768,1.31976574763e-06,1.63528309732e-06,3.1062269501e-06,0.999996893773,1.00000204795,0,0,0,4.79670716874e-05,260,2.00000016824,2.00000016817,3.48994137553e-11
256,1.820798393527026,4800,2,pre,-1,3.0,1536,2.46855788021e-06,3.09911142879e-06,6.97508844616e-06,0.999994506043,1.00000697509,0,0,0,4.79670716874e-05,260,2.00000016824,2.00000016817,3.48994137553e-11
256,1.820798393527026,4800,2,post,2,1.5,768,4.27954371819e-07,5.47059649275e-07,1.02954170311e-06,0.999998970458,1.00000067522,4.68512086936e-09,1.24936065486e-08,0,4.81171424516e-05,260,2.00000016824,2.00000016817,3.4498179188e-11
256,1.820798393527026,4800,2,post,2,3.0,1536,1.20583478382e-06,1.64527816079e-06,4.1383571836e-06,0.999997031673,1.00000413836,1.24158149941e-08,4.14646032995e-08,0,4.81171424516e-05,260,2.00000016824,2.00000016817,3.4498179188e-11
256,1.8398165509693394,4850,2,pre,-1,1.5,768,1.98721601907e-06,2.47492101787e-06,4.8724999635e-06,0.9999951275,1.00000285974,0,0,0,4.92484198853e-05,260,2.00000016821,2.00000016817,1.8712585462e-11
256,1.8398165509693394,4850,2,pre,-1,3.0,1536,3.85065100469e-06,4.88171006659e-06,1.10131412652e-05,0.999990936798,1.00001101314,0,0,0,4.92484198853e-05,260,2.00000016821,2.00000016817,1.8712585462e-11
256,1.8398165509693394,4850,2,post,2,1.5,768,6.26406964292e-07,8.17423397754e-07,1.60585063569e-06,0.999998394149,1.00000091364,6.84556566261e-09,1.90777683685e-08,0,4.9473782508e-05,260,2.00000016821,2.00000016817,1.83548716336e-11
256,1.8398165509693394,4850,2,post,2,3.0,1536,1.82874727902e-06,2.51616166423e-06,6.2574266928e-06,0.999995266,1.00000625743,1.87276148485e-08,6.26645174084e-08,0,4.9473782508e-05,260,2.00000016821,2.00000016817,1.83548716336e-11
256,1.8588347084116523,4900,2,pre,-1,1.5,768,2.5560544516e-06,3.19299608852e-06,6.40204090518e-06,0.999993597959,1.00000352694,0,0,0,4.86632720358e-05,260,2.00000016818,2.00000016817,6.79967136487e-12
256,1.8588347084116523,4900,2,pre,-1,3.0,1536,5.03237674344e-06,6.41104175285e-06,1.44677518474e-05,0.999987849016,1.00001446775,0,0,0,4.86632720358e-05,260,2.00000016818,2.00000016817,6.79967136487e-12
256,1.8588347084116523,4900,2,post,2,1.5,768,8.00272673995e-07,1.05017343012e-06,2.11822474339e-06,0.999997881775,1.0000011065,8.66054388956e-09,2.47246462227e-08,0,4.89500555458e-05,260,2.00000016818,2.00000016817,6.76192378521e-12
256,1.8588347084116523,4900,2,post,2,3.0,1536,2.36103730035e-06,3.25900987283e-06,8.05411264504e-06,0.999993739378,1.00000805411,2.40582923581e-08,8.05761816124e-08,0,4.89500555458e-05,260,2.00000016818,2.00000016817,6.76192378521e-12
256,1.8778528658539657,4950,2,pre,-1,1.5,768,3.01211417348e-06,3.77255441052e-06,7.66007348263e-06,0.999992339927,1.00000404833,0,0,0,4.6307422827e-05,260,2.00000016815,2.00000016817,-1.04423128024e-11
256,1.8778528658539657,4950,2,pre,-1,3.0,1536,5.97826177824e-06,7.63856177321e-06,1.72222912349e-05,0.999985323518,1.00001722229,0,0,0,4.6307422827e-05,260,2.00000016815,2.00000016817,-1.04423128024e-11
256,1.8778528658539657,4950,2,post,2,1.5,768,9.40399741918e-07,1.2393038276e-06,2.54644328268e-06,0.999997453557,1.00000125906,1.00936587349e-08,2.94887180577e-08,0,4.66350687606e-05,260,2.00000016815,2.00000016817,-1.02999822226e-11
256,1.8778528658539657,4950,2,post,2,3.0,1536,2.78374956992e-06,3.84976930928e-06,9.46670925051e-06,0.999992484383,1.00000946671,2.82596685701e-08,9.46798014538e-08,0,4.66350687606e-05,260,2.00000016815,2.00000016817,-1.02999822226e-11
256,1.8968710232962787,5000,2,pre,-1,1.5,768,3.34366670892e-06,4.20029681983e-06,8.62108086896e-06,0.999991378919,1.00000440704,0,0,0,4.23022805552e-05,260,2.00000016808,2.00000016817,-4.47082333531e-11
256,1.8968710232962787,5000,2,pre,-1,3.0,1536,6.66313517201e-06,8.53262595998e-06,1.91894212607e-05,0.99998340602,1.00001918942,0,0,0,4.23022805552e-05,260,2.00000016808,2.00000016817,-4.47082333531e-11
256,1.8968710232962787,5000,2,post,2,1.5,768,1.04081391892e-06,1.37946621654e-06,2.87165285895e-06,0.999997128347,1.00000137258,1.11181866686e-08,3.3188038975e-08,0,4.26495247551e-05,260,2.00000016808,2.00000016817,-4.4619193474e-11
256,1.8968710232962787,5000,2,post,2,3.0,1536,3.08463751479e-06,4.27361274581e-06,1.04489136736e-05,0.999991528488,1.00001044891,3.1227653347e-08,1.04445974137e-07,0,4.26495247551e-05,260,2.00000016808,2.00000016817,-4.4619193474e-11
256,1.915889180738592,5050,2,pre,-1,1.5,768,3.54332854196e-06,4.46756484957e-06,9.26340045659e-06,0.9999907366,1.00000460597,0,0,0,3.68174138471e-05,260,2.00000016797,2.00000016818,-1.05940136637e-10
256,1.915889180738592,5050,2,pre,-1,3.0,1536,7.07268955576e-06,9.07555229715e-06,2.03397520275e-05,0.999982138973,1.00002033975,0,0,0,3.68174138471e-05,260,2.00000016797,2.00000016818,-1.05940136637e-10
256,1.915889180738592,5050,2,post,2,1.5,768,1.09874594786e-06,1.46717567111e-06,3.08871419652e-06,0.999996911286,1.00000144822,1.17186643807e-08,3.57604566792e-08,0,3.71608141054e-05,260,2.00000016796,2.00000016818,-1.06609823109e-10
256,1.915889180738592,5050,2,post,2,3.0,1536,3.25754405041e-06,4.52276119842e-06,1.09893172426e-05,0.999990887701,1.00001098932,3.29092525288e-08,1.0976150781e-07,0,3.71608141054e-05,260,2.00000016796,2.00000016818,-1.06609823109e-10
256,1.934907338180905,5100,2,pre,-1,1.5,768,3.62255117261e-06,4.579017658e-06,9.56991352763e-06,0.999990430086,1.00000465816,0,0,0,2.97050331273e-05,264,2.00000017042,2.00000016818,1.11690247651e-09
256,1.934907338180905,5100,2,pre,-1,3.0,1536,7.21856106062e-06,9.26812269691e-06,2.0678906016e-05,0.999981544769,1.00002067891,0,0,0,2.97050331273e-05,264,2.00000017042,2.00000016818,1.11690247651e-09
256,1.934907338180905,5100,2,post,2,1.5,768,1.1243387611e-06,1.51151983158e-06,3.80456690763e-06,0.999996195433,1.00000149091,1.19999465319e-08,3.71283408341e-08,0,3.00168628796e-05,264,2.00000017041,2.00000016818,1.11522426353e-09
256,1.934907338180905,5100,2,post,2,3.0,1536,3.31308976341e-06,4.60047874952e-06,1.10964420919e-05,0.999990580715,1.00001109644,3.34185547023e-08,1.10695394417e-07,0,3.00168628796e-05,264,2.00000017041,2.00000016818,1.11522426353e-09
256,1.9539254956232184,5150,2,pre,-1,1.5,768,3.55948518403e-06,4.51424600477e-06,9.53238540824e-06,0.999990467615,1.0000045676,0,0,0,2.23810679806e-05,264,2.000000172,2.00000016819,1.90390043263e-09
256,1.9539254956232184,5150,2,pre,-1,3.0,1536,7.08002350384e-06,9.10788524677e-06,2.02367831705e-05,0.999981631532,1.00002023678,0,0,0,2.23810679806e-05,264,2.000000172,2.00000016819,1.90390043263e-09
256,1.9539254956232184,5150,2,post,2,1.5,768,1.09977613234e-06,1.48540774429e-06,3.16250427501e-06,0.999996837496,1.00000149676,1.17839454637e-08,3.72207436036e-08,0,2.26494930047e-05,264,2.00000017199,2.00000016819,1.90070188036e-09
256,1.9539254956232184,5150,2,post,2,3.0,1536,3.23489611295e-06,4.50217079563e-06,1.07913931306e-05,0.999990615297,1.00001079139,3.25880013642e-08,1.07477726861e-07,0,2.26494930047e-05,264,2.00000017199,2.00000016819,1.90070188036e-09
256,1.9729436530655313,5200,2,pre,-1,1.5,768,3.36765234493e-06,4.291669412e-06,9.15896487352e-06,0.999990841035,1.00000433338,0,0,0,1.44648964814e-05,264,2.00000017272,2.0000001682,2.26172839199e-09
256,1.9729436530655313,5200,2,pre,-1,3.0,1536,6.68616939139e-06,8.6218975564e-06,1.90947528882e-05,0.999982369799,1.00001909475,0,0,0,1.44648964814e-05,264,2.00000017272,2.0000001682,2.26172839199e-09
256,1.9729436530655313,5200,2,post,2,1.5,768,1.04087862673e-06,1.40931069878e-06,3.02025683874e-06,0.999996979743,1.00000145891,1.11174281294e-08,3.60064209715e-08,0,1.46782303123e-05,264,2.00000017272,2.0000001682,2.25873212234e-09
256,1.9729436530655313,5200,2,post,2,3.0,1536,3.04366821687e-06,4.24514067181e-06,1.01223700437e-05,0.999990982454,1.00001012237,3.05750655537e-08,1.00614722082e-07,0,1.46782303123e-05,264,2.00000017272,2.0000001682,2.25873212234e-09
256,1.9919618105078447,5250,2,pre,-1,1.5,768,3.06919981208e-06,3.92545754612e-06,8.42126974121e-06,0.99999157873,1.00000397148,0,0,0,6.42009577984e-06,264,2.00000017377,2.00000016821,2.77777510945e-09
256,1.9919618105078447,5250,2,pre,-1,3.0,1536,6.07234801438e-06,7.84225273235e-06,1.72586330087e-05,0.999983799795,1.00001725863,0,0,0,6.42009577984e-06,264,2.00000017377,2.00000016821,2.77777510945e-09
256,1.9919618105078447,5250,2,post,2,1.5,768,9.58788427179e-07,1.29471589596e-06,3.00516092655e-06,0.999996994839,1.00000137588,1.01712328688e-08,3.32364497174e-08,0,6.57185907674e-06,264,2.00000017376,2.00000016821,2.77439114996e-09
256,1.9919618105078447,5250,2,post,2,3.0,1536,2.75744889077e-06,3.84579128638e-06,9.089989218e-06,0.999991713783,1.00000908999,2.76107318486e-08,9.01254126814e-08,0,6.57185907674e-06,264,2.00000017376,2.00000016821,2.77439114996e-09
256,2.0109799679501581,5300,2,pre,-1,1.5,768,2.71774292192e-06,3.44561217388e-06,7.40070249405e-06,0.999992599298,1.00000348108,0,0,0,3.40784496365e-06,264,2.00000016633,2.00000016822,-9.46515008917e-10
256,2.0109799679501581,5300,2,pre,-1,3.0,1536,5.29542919422e-06,6.81472642482e-06,1.4935910488e-05,0.999985766847,1.00001493591,0,0,0,3.40784496365e-06,264,2.00000016633,2.00000016822,-9.46515008917e-10
256,2.0109799679501581,5300,2,post,2,1.5,768,8.73186278357e-07,1.16088924033e-06,3.21066801579e-06,0.999996789332,1.00000124178,9.18376292915e-09,3.22074851147e-08,0,3.30936732438e-06,264,2.00000016632,2.00000016822,-9.50003107322e-10
256,2.0109799679501581,5300,2,post,2,3.0,1536,2.40202938701e-06,3.3282287595e-06,7.81686620699e-06,0.999992725853,1.00000781687,2.39706483516e-08,7.72821861852e-08,0,3.30936732438e-06,264,2.00000016632,2.00000016822,-9.50003107322e-10
256,2.029998125392471,5350,2,pre,-1,1.5,768,2.11831503059e-06,2.78099555083e-06,6.20591656153e-06,0.999997277211,1.00000620592,0,0,0,9.93844099109e-06,260,2.00000016896,2.00000016823,3.62114752144e-10
256,2.029998125392471,5350,2,pre,-1,3.0,1536,4.26051584286e-06,5.55274498789e-06,1.19588216871e-05,0.999988046091,1.00001195882,0,0,0,9.93844099109e-06,260,2.00000016896,2.00000016823,3.62114752144e-10
256,2.029998125392471,5350,2,post,2,1.5,768,6.66329356947e-07,9.08269296244e-07,2.02865415799e-06,0.999999017205,1.00000202865,7.00079150355e-09,2.46175310154e-08,0,9.86899469077e-06,260,2.00000016896,2.00000016823,3.65126120823e-10
256,2.029998125392471,5350,2,post,2,3.0,1536,1.91754234057e-06,2.69103002181e-06,6.18488686355e-06,0.999993815113,1.0000061031,1.9079802051e-08,6.22479957649e-08,0,9.86899469077e-06,260,2.00000016896,2.00000016823,3.65126120823e-10
256,2.0490162828347844,5400,2,pre,-1,1.5,768,1.53045252006e-06,2.01465582358e-06,4.53759382335e-06,0.999998098181,1.00000453759,0,0,0,1.62855352539e-05,260,2.00000016836,2.00000016824,5.75226484684e-11
256,2.0490162828347844,5400,2,pre,-1,3.0,1536,3.15516980996e-06,4.13422778835e-06,8.98323301046e-06,0.999991016767,1.00000895242,0,0,0,1.62855352539e-05,260,2.00000016836,2.00000016824,5.75226484684e-11
256,2.0490162828347844,5400,2,post,2,1.5,768,4.74402774761e-07,6.53145089694e-07,1.48901027797e-06,0.999999328826,1.00000148901,4.97088107236e-09,1.77959637651e-08,0,1.62162822816e-05,260,2.00000016836,2.00000016824,6.04585219877e-11
256,2.0490162828347844,5400,2,post,2,3.0,1536,1.40428977165e-06,1.97986897756e-06,4.5804532578e-06,0.999995419547,1.00000450881,1.39311788071e-08,4.57349508265e-08,0,1.62162822816e-05,260,2.00000016836,2.00000016824,6.04585219877e-11
256,2.0680344402770974,5450,2,pre,-1,1.5,768,9.24602976129e-07,1.22677733692e-06,2.80959499532e-06,0.999998944735,1.00000280959,0,0,0,2.1884434328e-05,260,2.00000016833,2.00000016825,3.69557686671e-11
256,2.0680344402770974,5450,2,pre,-1,3.0,1536,1.98270066375e-06,2.62638998869e-06,5.77891276032e-06,0.999994252776,1.00000577891,0,0,0,2.1884434328e-05,260,2.00000016833,2.00000016825,3.69557686671e-11
256,2.0680344402770974,5450,2,post,2,1.5,768,2.80786104526e-07,3.95742814313e-07,9.2673511487e-07,0.999999643502,1.00000092674,2.88140703535e-09,1.05462738854e-08,0,2.18344016501e-05,260,2.00000016833,2.00000016825,3.89355181981e-11
256,2.0680344402770974,5450,2,post,2,3.0,1536,8.61663876206e-07,1.22599087442e-06,2.82979554578e-06,0.999997170204,1.00000282651,8.46317431873e-09,2.85828894164e-08,0,2.18344016501e-05,260,2.00000016833,2.00000016825,3.89355181981e-11
256,2.0870525977194108,5500,2,pre,-1,1.5,768,3.22573830073e-07,4.54570833702e-07,1.13141201563e-06,0.999999766797,1.00000113141,0,0,0,2.6568369839e-05,260,2.00000016834,2.00000016826,3.70949906225e-11
256,2.0870525977194108,5500,2,pre,-1,3.0,1536,7.93518519995e-07,1.10104852001e-06,2.622202258e-06,0.999997580685,1.0000026222,0,0,0,2.6568369839e-05,260,2.00000016834,2.00000016826,3.70949906225e-11
256,2.0870525977194108,5500,2,post,2,1.5,768,9.84760600826e-08,1.4650427409e-07,3.82802293863e-07,0.999999923969,1.0000003828,8.30879639462e-10,3.77659586936e-09,0,2.65522396745e-05,260,2.00000016834,2.00000016826,3.86823873696e-11
256,2.0870525977194108,5500,2,post,2,3.0,1536,3.18373207705e-07,4.68079818486e-07,1.19362807038e-06,0.99999895864,1.00000119363,2.93461743728e-09,1.17058025946e-08,0,2.65522396745e-05,260,2.00000016834,2.00000016826,3.86823873696e-11
256,2.1060707551617237,5550,2,pre,-1,1.5,768,2.86885319359e-07,3.53954883535e-07,5.90930788524e-07,0.999999409069,1.00000055925,0,0,0,3.01976005494e-05,260,2.00000016836,2.00000016827,4.28126387182e-11
256,2.1060707551617237,5550,2,pre,-1,3.0,1536,4.13669816092e-07,4.97074606146e-07,1.0053970656e-06,0.999999409069,1.0000010054,0,0,0,3.01976005494e-05,260,2.00000016836,2.00000016827,4.28126387182e-11
256,2.1060707551617237,5550,2,post,2,1.5,768,1.12696249872e-07,1.41432415832e-07,2.51181770827e-07,0.999999748818,1.00000020206,1.12376345887e-09,2.77990351225e-09,0,3.0224651333e-05,260,2.00000016836,2.00000016827,4.39332977449e-11
256,2.1060707551617237,5550,2,post,2,3.0,1536,2.5944881405e-07,3.40215692123e-07,8.6000396915e-07,0.999999497237,1.00000086,2.45186341869e-09,7.75286677912e-09,0,3.0224651333e-05,260,2.00000016836,2.00000016827,4.39332977449e-11
256,2.1250889126040371,5600,2,pre,-1,1.5,768,8.23111458922e-07,1.02682885089e-06,2.02464592447e-06,0.999997975354,1.00000124846,0,0,0,3.2606425214e-05,260,2.00000016833,2.00000016828,2.93722799128e-11
256,2.1250889126040371,5600,2,pre,-1,3.0,1536,1.49201379175e-06,1.86534825666e-06,4.09081775632e-06,0.999996579503,1.00000409082,0,0,0,3.2606425214e-05,260,2.00000016833,2.00000016828,2.93722799128e-11
256,2.1250889126040371,5600,2,post,2,1.5,768,2.68705892567e-07,3.49412902141e-07,6.90039296702e-07,0.999999309961,1.00000042529,2.92680419577e-09,8.49333366658e-09,0,3.26800844046e-05,260,2.00000016833,2.00000016828,2.99036326077e-11
256,2.1250889126040371,5600,2,post,2,3.0,1536,7.36167977015e-07,1.00349343676e-06,2.45203866256e-06,0.999998083682,1.00000245204,7.51499539159e-09,2.4337363097e-08,0,3.26800844046e-05,260,2.00000016833,2.00000016828,2.99036326077e-11
256,2.14410707004635,5650,2,pre,-1,1.5,768,1.312978716e-06,1.65003075831e-06,3.34990268724e-06,0.999996650097,1.00000185281,0,0,0,3.37739735477e-05,260,2.00000016832,2.00000016828,1.83590904797e-11
256,2.14410707004635,5650,2,pre,-1,3.0,1536,2.48481074469e-06,3.14447953143e-06,6.92970455929e-06,0.999993978604,1.0000069297,0,0,0,3.37739735477e-05,260,2.00000016832,2.00000016828,1.83590904797e-11
256,2.14410707004635,5650,2,post,2,1.5,768,4.17540776697e-07,5.51933521527e-07,1.12468728652e-06,0.999998875313,1.00000061577,4.52691171219e-09,1.35600482232e-08,0,3.38918780857e-05,260,2.00000016832,2.00000016828,1.85225152952e-11
256,2.14410707004635,5650,2,post,2,3.0,1536,1.18230744112e-06,1.62482425181e-06,3.93643802266e-06,0.999996782425,1.00000393644,1.20703048299e-08,3.93865090091e-08,0,3.38918780857e-05,260,2.00000016832,2.00000016828,1.85225152952e-11
256,2.1631252274886634,5700,2,pre,-1,1.5,768,1.73472949298e-06,2.18769630341e-06,4.49347533404e-06,0.999995506525,1.00000236057,0,0,0,3.36815560626e-05,260,2.00000016829,2.00000016828,7.2417621357e-12
256,2.1631252274886634,5700,2,pre,-1,3.0,1536,3.35002069103e-06,4.26492973558e-06,9.42960033123e-06,0.999991686909,1.0000094296,0,0,0,3.36815560626e-05,260,2.00000016829,2.00000016828,7.2417621357e-12
256,2.1631252274886634,5700,2,post,2,1.5,768,5.44372808566e-07,7.26364891072e-07,1.4992723123e-06,0.999998500728,1.00000077515,5.89061695673e-09,1.79009739636e-08,0,3.38370823073e-05,260,2.00000016829,2.00000016828,7.12807530755e-12
256,2.1631252274886634,5700,2,post,2,3.0,1536,1.57152142725e-06,2.17074520834e-06,5.23893474669e-06,0.999995639033,1.00000523893,1.5983458515e-08,5.23390713617e-08,0,3.38370823073e-05,260,2.00000016829,2.00000016828,7.12807530755e-12
256,2.1821433849309764,5750,2,pre,-1,1.5,768,2.07788835439e-06,2.62708879535e-06,5.44211317544e-06,0.999994557887,1.00000277069,0,0,0,3.2337209171e-05,260,2.00000016827,2.00000016828,-5.84776622328e-12
256,2.1821433849309764,5750,2,pre,-1,3.0,1536,4.05707860448e-06,5.18343633733e-06,1.14738720127e-05,0.999989788311,1.00001147387,0,0,0,3.2337209171e-05,260,2.00000016827,2.00000016828,-5.84776622328e-12
256,2.1821433849309764,5750,2,post,2,1.5,768,6.47686484553e-07,8.68752998833e-07,1.81247711661e-06,0.999998187523,1.00000090456,6.98945838476e-09,2.15362373664e-08,0,3.25201299193e-05,260,2.00000016827,2.00000016828,-6.21125321095e-12
256,2.1821433849309764,5750,2,post,2,3.0,1536,1.8874248717e-06,2.61466885638e-06,6.29549479103e-06,0.999994689942,1.00000629549,1.91447181904e-08,6.28134525921e-08,0,3.25201299193e-05,260,2.00000016827,2.00000016828,-6.21125321095e-12
256,2.2011615423732898,5800,2,pre,-1,1.5,768,2.33439645747e-06,2.95893219074e-06,6.17310568674e-06,0.999993826894,1.00000307136,0,0,0,2.98275878287e-05,260,2.00000016821,2.00000016828,-3.27413624198e-11
256,2.2011615423732898,5800,2,pre,-1,3.0,1536,4.5872296465e-06,5.87571867162e-06,1.3006285646e-05,0.999988321879,1.00001300629,0,0,0,2.98275878287e-05,260,2.00000016821,2.00000016828,-3.27413624198e-11
256,2.2011615423732898,5800,2,post,2,1.5,768,7.2472585383e-07,9.76323460621e-07,2.05516511376e-06,0.999997944835,1.00000100356,7.80082739324e-09,2.43537472532e-08,0,3.00255322825e-05,260,2.00000016821,2.00000016828,-3.33555377454e-11
256,2.2011615423732898,5800,2,post,2,3.0,1536,2.12154828256e-06,2.94525710497e-06,7.07397726973e-06,0.999993959259,1.00000707398,2.14720406737e-08,7.04971989327e-08,0,3.00255322825e-05,260,2.00000016821,2.00000016828,-3.33555377454e-11
256,2.2201796998156027,5850,2,pre,-1,1.5,768,2.49861248012e-06,3.17647679623e-06,6.67336832405e-06,0.999993326632,1.00000325874,0,0,0,2.6289283551e-05,260,2.00000016811,2.00000016827,-8.01629806146e-11
256,2.2201796998156027,5850,2,pre,-1,3.0,1536,4.92851500248e-06,6.32662525784e-06,1.39872407394e-05,0.999987316872,1.00001398724,0,0,0,2.6289283551e-05,260,2.00000016811,2.00000016827,-8.01629806146e-11
256,2.2201796998156027,5850,2,post,2,1.5,768,7.73454680415e-07,1.04672069038e-06,2.21883456653e-06,0.999997781165,1.0000010715,8.31047455563e-09,2.62991763991e-08,0,2.64886012742e-05,260,2.00000016811,2.00000016827,-8.10564880297e-11
256,2.2201796998156027,5850,2,post,2,3.0,1536,2.2686464483e-06,3.15566208662e-06,7.55438817057e-06,0.99999346159,1.00000755439,2.29172844892e-08,7.51905630536e-08,0,2.64886012742e-05,260,2.00000016811,2.00000016827,-8.10564880297e-11
256,2.2391978572579161,5900,2,pre,-1,1.5,768,2.58429131335e-06,3.28025892918e-06,6.92959118043e-06,0.999993070409,1.00000333429,0,0,0,2.18152976836e-05,264,2.00000017197,2.00000016827,1.85128963238e-09
256,2.2391978572579161,5900,2,pre,-1,3.0,1536,5.0881615401e-06,6.53275079042e-06,1.44100908512e-05,0.999986794043,1.00001441009,0,0,0,2.18152976836e-05,264,2.00000017197,2.00000016827,1.85128963238e-09
256,2.2391978572579161,5900,2,post,2,1.5,768,8.0092022354e-07,1.08139903786e-06,2.29792645468e-06,0.999997702074,1.00000110835,8.60186968106e-09,2.73328924529e-08,0,2.20013708693e-05,264,2.00000017196,2.00000016827,1.84826938192e-09
256,2.2391978572579161,5900,2,post,2,3.0,1536,2.33400941617e-06,3.24533520857e-06,7.73591005454e-06,0.999993205144,1.00000773591,2.35366172822e-08,7.68879877856e-08,0,2.20013708693e-05,264,2.00000017196,2.00000016827,1.84826938192e-09
256,2.2426211255975321,5909,2,pre,-1,1.5,768,2.48458894809e-06,3.16542495499e-06,6.74336227569e-06,0.999993256638,1.00000307123,0,0,0,2.45026946935e-05,263,2.0000001705,2.00000016827,1.11604716072e-09
256,2.2426211255975321,5909,2,pre,-1,3.0,1536,5.08692866425e-06,6.58064512718e-06,1.45899469486e-05,0.999986595539,1.00001458995,0,0,0,2.45026946935e-05,263,2.0000001705,2.00000016827,1.11604716072e-09
256,2.2426211255975321,5909,2,post,2,1.5,768,7.40903418969e-07,1.01626108624e-06,2.23109860309e-06,0.999997768901,1.00000090616,7.27848538475e-09,2.40576867021e-08,0,2.46792949824e-05,263,2.0000001705,2.00000016827,1.11471356093e-09
256,2.2426211255975321,5909,2,post,2,3.0,1536,2.28853866469e-06,3.2206290527e-06,7.8109084527e-06,0.999993327815,1.00000781091,2.30161582341e-08,7.82983522879e-08,0,2.46792949824e-05,263,2.0000001705,2.00000016827,1.11471356093e-09
