N,t,i,imax,stage,returned_steps,band_cells,count,Egrad_mean,Egrad_rms,Egrad_linf,grad_min,grad_max,phi_change_mean,phi_change_linf,sign_mismatch,f_interface_l1,f_interface_count,volume_phi,volume_vof,volume_rel_diff
512,0,0,0,pre,-1,1.5,1536,0.000986283848693,0.00120728949231,0.00201703910448,0.999981022165,1.0020170391,0,0,0,1.73444665766e-05,528,2,2,0
512,0,0,0,pre,-1,3.0,3072,0.000986299784757,0.00120760397383,0.00201703910448,0.999981022165,1.0020170391,0,0,0,1.73444665766e-05,528,2,2,0
512,0,0,0,post,0,1.5,1536,0.000986283848693,0.00120728949231,0.00201703910448,0.999981022165,1.0020170391,0,0,0,1.73444665766e-05,528,2,2,0
512,0,0,0,post,0,3.0,3072,0.000986299784757,0.00120760397383,0.00201703910448,0.999981022165,1.0020170391,0,0,0,1.73444665766e-05,528,2,2,0
512,0,0,0,pre,-1,1.5,1536,0.000986880546948,0.00120729587869,0.00205821836532,0.999963674639,1.00205821837,0,0,0,3.29545100729e-05,528,2,2,2.22044604925e-16
512,0,0,0,pre,-1,3.0,3072,0.000986725268134,0.0012077820713,0.00205821836532,0.999963674639,1.00205821837,0,0,0,3.29545100729e-05,528,2,2,2.22044604925e-16
512,0,0,0,post,0,1.5,1536,0.000986880546948,0.00120729587869,0.00205821836532,0.999963674639,1.00205821837,0,0,0,3.29545100729e-05,528,2,2,2.22044604925e-16
512,0,0,0,post,0,3.0,3072,0.000986725268134,0.0012077820713,0.00205821836532,0.999963674639,1.00205821837,0,0,0,3.29545100729e-05,528,2,2,2.22044604925e-16
512,0.011907020311708696,100,0,pre,-1,1.5,1528,0.000990031516765,0.00120386130767,0.00347369305031,0.997897977572,1.00347369305,0,0,0,0.000328230139778,536,2.0000000012,2.00000000048,3.6370906278e-10
512,0.011907020311708696,100,0,pre,-1,3.0,3072,0.00103034353773,0.00125062270365,0.00386811346359,0.997897977572,1.00386811346,0,0,0,0.000328230139778,536,2.0000000012,2.00000000048,3.6370906278e-10
512,0.011907020311708696,100,0,post,0,1.5,1528,0.000990031516765,0.00120386130767,0.00347369305031,0.997897977572,1.00347369305,0,0,0,0.000328230139778,536,2.0000000012,2.00000000048,3.6370906278e-10
512,0.011907020311708696,100,0,post,0,3.0,3072,0.00103034353773,0.00125062270365,0.00386811346359,0.997897977572,1.00386811346,0,0,0,0.000328230139778,536,2.0000000012,2.00000000048,3.6370906278e-10
512,0.025137042880273911,200,0,pre,-1,1.5,1536,0.00124672166117,0.00158181801859,0.00815437969397,0.991845620306,1.00447024908,0,0,0,0.000343932935566,536,2.00000000326,2.00000000341,-7.30384640412e-11
512,0.025137042880273911,200,0,pre,-1,3.0,3072,0.00127563085269,0.00154486565442,0.00815437969397,0.991845620306,1.00603018265,0,0,0,0.000343932935566,536,2.00000000326,2.00000000341,-7.30384640412e-11
512,0.025137042880273911,200,0,post,0,1.5,1536,0.00124672166117,0.00158181801859,0.00815437969397,0.991845620306,1.00447024908,0,0,0,0.000343932935566,536,2.00000000326,2.00000000341,-7.30384640412e-11
512,0.025137042880273911,200,0,post,0,3.0,3072,0.00127563085269,0.00154486565442,0.00815437969397,0.991845620306,1.00603018265,0,0,0,0.000343932935566,536,2.00000000326,2.00000000341,-7.30384640412e-11
512,0.038367065448839131,300,0,pre,-1,1.5,1536,0.00139402684923,0.0017986509519,0.0062916342877,0.993708365712,1.00490222053,0,0,0,0.000459276790639,536,2.00000001023,2.00000000662,1.8043819712e-09
512,0.038367065448839131,300,0,pre,-1,3.0,3072,0.00152954060388,0.0018548964641,0.0062916342877,0.993708365712,1.0059096676,0,0,0,0.000459276790639,536,2.00000001023,2.00000000662,1.8043819712e-09
512,0.038367065448839131,300,0,post,0,1.5,1536,0.00139402684923,0.0017986509519,0.0062916342877,0.993708365712,1.00490222053,0,0,0,0.000459276790639,536,2.00000001023,2.00000000662,1.8043819712e-09
512,0.038367065448839131,300,0,post,0,3.0,3072,0.00152954060388,0.0018548964641,0.0062916342877,0.993708365712,1.0059096676,0,0,0,0.000459276790639,536,2.00000001023,2.00000000662,1.8043819712e-09
512,0.051597088017404355,400,0,pre,-1,1.5,1536,0.00165130422986,0.00213512875291,0.00685325984981,0.99314674015,1.00524722824,0,0,0,0.000505636861639,536,2.00000000981,2.00000001103,-6.10453906277e-10
512,0.051597088017404355,400,0,pre,-1,3.0,3072,0.00192415860114,0.0023425934876,0.00685325984981,0.99314674015,1.00524722824,0,0,0,0.000505636861639,536,2.00000000981,2.00000001103,-6.10453906277e-10
512,0.051597088017404355,400,0,post,0,1.5,1536,0.00165130422986,0.00213512875291,0.00685325984981,0.99314674015,1.00524722824,0,0,0,0.000505636861639,536,2.00000000981,2.00000001103,-6.10453906277e-10
512,0.051597088017404355,400,0,post,0,3.0,3072,0.00192415860114,0.0023425934876,0.00685325984981,0.99314674015,1.00524722824,0,0,0,0.000505636861639,536,2.00000000981,2.00000001103,-6.10453906277e-10
512,0.064827110585969586,500,0,pre,-1,1.5,1528,0.00200443858871,0.00251462058433,0.0071671367272,0.992832863273,1.0054094663,0,0,0,0.000482441679859,528,2.00000001599,2.00000001712,-5.63631803069e-10
512,0.064827110585969586,500,0,pre,-1,3.0,3072,0.00239639402417,0.00288542815713,0.0071671367272,0.992832863273,1.00545440315,0,0,0,0.000482441679859,528,2.00000001599,2.00000001712,-5.63631803069e-10
512,0.064827110585969586,500,0,post,0,1.5,1528,0.00200443858871,0.00251462058433,0.0071671367272,0.992832863273,1.0054094663,0,0,0,0.000482441679859,528,2.00000001599,2.00000001712,-5.63631803069e-10
512,0.064827110585969586,500,0,post,0,3.0,3072,0.00239639402417,0.00288542815713,0.0071671367272,0.992832863273,1.00545440315,0,0,0,0.000482441679859,528,2.00000001599,2.00000001712,-5.63631803069e-10
512,0.078057133154534789,600,0,pre,-1,1.5,1536,0.00213982594629,0.00263028901762,0.00682395144327,0.993176048557,1.00543903474,0,0,0,0.000553280449705,528,2.00000002869,2.00000002567,1.50909460767e-09
512,0.078057133154534789,600,0,pre,-1,3.0,3064,0.00286724143221,0.00345915277496,0.00682395144327,0.993176048557,1.0066693028,0,0,0,0.000553280449705,528,2.00000002869,2.00000002567,1.50909460767e-09
512,0.078057133154534789,600,0,post,0,1.5,1536,0.00213982594629,0.00263028901762,0.00682395144327,0.993176048557,1.00543903474,0,0,0,0.000553280449705,528,2.00000002869,2.00000002567,1.50909460767e-09
512,0.078057133154534789,600,0,post,0,3.0,3064,0.00286724143221,0.00345915277496,0.00682395144327,0.993176048557,1.0066693028,0,0,0,0.000553280449705,528,2.00000002869,2.00000002567,1.50909460767e-09
512,0.091287155723099978,700,0,pre,-1,1.5,1536,0.00222829013106,0.00273991187845,0.00802220466872,0.991977795331,1.00493449881,0,0,0,0.000678038326281,528,2.00000003677,2.0000000376,-4.14736903684e-10
512,0.091287155723099978,700,0,pre,-1,3.0,3072,0.00337491235715,0.00413934806785,0.00904618550177,0.991977795331,1.0090461855,0,0,0,0.000678038326281,528,2.00000003677,2.0000000376,-4.14736903684e-10
512,0.091287155723099978,700,0,post,0,1.5,1536,0.00222829013106,0.00273991187845,0.00802220466872,0.991977795331,1.00493449881,0,0,0,0.000678038326281,528,2.00000003677,2.0000000376,-4.14736903684e-10
512,0.091287155723099978,700,0,post,0,3.0,3072,0.00337491235715,0.00413934806785,0.00904618550177,0.991977795331,1.0090461855,0,0,0,0.000678038326281,528,2.00000003677,2.0000000376,-4.14736903684e-10
512,0.10451717829166518,800,0,pre,-1,1.5,1528,0.0025251366592,0.00309308540136,0.00969230624518,0.990307693755,1.00454816354,0,0,0,0.000683570991421,524,2.00000005528,2.00000005542,-6.62407887951e-11
512,0.10451717829166518,800,0,pre,-1,3.0,3072,0.0038797837842,0.00475996039204,0.0102387809044,0.990307693755,1.0102387809,0,0,0,0.000683570991421,524,2.00000005528,2.00000005542,-6.62407887951e-11
512,0.10451717829166518,800,0,post,0,1.5,1528,0.0025251366592,0.00309308540136,0.00969230624518,0.990307693755,1.00454816354,0,0,0,0.000683570991421,524,2.00000005528,2.00000005542,-6.62407887951e-11
512,0.10451717829166518,800,0,post,0,3.0,3072,0.0038797837842,0.00475996039204,0.0102387809044,0.990307693755,1.0102387809,0,0,0,0.000683570991421,524,2.00000005528,2.00000005542,-6.62407887951e-11
512,0.11774720086023038,900,0,pre,-1,1.5,1536,0.00305191302556,0.0037954157408,0.0111166419022,0.988883358098,1.00755681485,0,0,0,0.000568296637658,516,2.00000007329,2.00000007236,4.64685162412e-10
512,0.11774720086023038,900,0,pre,-1,3.0,3072,0.00446114162517,0.00540548377353,0.0111166419022,0.988883358098,1.01069701541,0,0,0,0.000568296637658,516,2.00000007329,2.00000007236,4.64685162412e-10
512,0.11774720086023038,900,0,post,0,1.5,1536,0.00305191302556,0.0037954157408,0.0111166419022,0.988883358098,1.00755681485,0,0,0,0.000568296637658,516,2.00000007329,2.00000007236,4.64685162412e-10
512,0.11774720086023038,900,0,post,0,3.0,3072,0.00446114162517,0.00540548377353,0.0111166419022,0.988883358098,1.01069701541,0,0,0,0.000568296637658,516,2.00000007329,2.00000007236,4.64685162412e-10
512,0.13097722342879556,1000,0,pre,-1,1.5,1536,0.00298730592026,0.0037622077085,0.0124850854093,0.987514914591,1.00699142611,0,0,0,0.000911630395863,518,2.0000000851,2.00000008012,2.48853905283e-09
512,0.13097722342879556,1000,0,pre,-1,3.0,3064,0.0048730274027,0.0060104164255,0.0124850854093,0.987514914591,1.01099131761,0,0,0,0.000911630395863,518,2.0000000851,2.00000008012,2.48853905283e-09
512,0.13097722342879556,1000,0,post,0,1.5,1536,0.00298730592026,0.0037622077085,0.0124850854093,0.987514914591,1.00699142611,0,0,0,0.000911630395863,518,2.0000000851,2.00000008012,2.48853905283e-09
512,0.13097722342879556,1000,0,post,0,3.0,3064,0.0048730274027,0.0060104164255,0.0124850854093,0.987514914591,1.01099131761,0,0,0,0.000911630395863,518,2.0000000851,2.00000008012,2.48853905283e-09
512,0.14420724599736076,1100,0,pre,-1,1.5,1536,0.00314113865216,0.00400422941174,0.0142247690976,0.985775230902,1.00566880771,0,0,0,0.000947460244178,520,2.00000007609,2.00000007441,8.38761917577e-10
512,0.14420724599736076,1100,0,pre,-1,3.0,3072,0.00533993936808,0.00666387240524,0.0146505338489,0.985775230902,1.01465053385,0,0,0,0.000947460244178,520,2.00000007609,2.00000007441,8.38761917577e-10
512,0.14420724599736076,1100,0,post,0,1.5,1536,0.00314113865216,0.00400422941174,0.0142247690976,0.985775230902,1.00566880771,0,0,0,0.000947460244178,520,2.00000007609,2.00000007441,8.38761917577e-10
512,0.14420724599736076,1100,0,post,0,3.0,3072,0.00533993936808,0.00666387240524,0.0146505338489,0.985775230902,1.01465053385,0,0,0,0.000947460244178,520,2.00000007609,2.00000007441,8.38761917577e-10
512,0.15743726856592596,1200,0,pre,-1,1.5,1542,0.0037789854489,0.00465914647365,0.0172437630541,0.982756236946,1.00744539099,0,0,0,0.000591982383186,520,2.00000007647,2.00000007486,8.06452652225e-10
512,0.15743726856592596,1200,0,pre,-1,3.0,3072,0.00584233897527,0.00710768613227,0.0172437630541,0.982756236946,1.01459249231,0,0,0,0.000591982383186,520,2.00000007647,2.00000007486,8.06452652225e-10
512,0.15743726856592596,1200,0,post,0,1.5,1542,0.0037789854489,0.00465914647365,0.0172437630541,0.982756236946,1.00744539099,0,0,0,0.000591982383186,520,2.00000007647,2.00000007486,8.06452652225e-10
512,0.15743726856592596,1200,0,post,0,3.0,3072,0.00584233897527,0.00710768613227,0.0172437630541,0.982756236946,1.01459249231,0,0,0,0.000591982383186,520,2.00000007647,2.00000007486,8.06452652225e-10
512,0.17066729113449114,1300,0,pre,-1,1.5,1552,0.0039390864097,0.00492223682666,0.0180046027903,0.98199539721,1.00907731228,0,0,0,0.000639629629865,516,2.00000007594,2.0000000751,4.16234142621e-10
512,0.17066729113449114,1300,0,pre,-1,3.0,3072,0.00623544563072,0.00754956404472,0.0180046027903,0.98199539721,1.01424138827,0,0,0,0.000639629629865,516,2.00000007594,2.0000000751,4.16234142621e-10
512,0.17066729113449114,1300,0,post,0,1.5,1552,0.0039390864097,0.00492223682666,0.0180046027903,0.98199539721,1.00907731228,0,0,0,0.000639629629865,516,2.00000007594,2.0000000751,4.16234142621e-10
512,0.17066729113449114,1300,0,post,0,3.0,3072,0.00623544563072,0.00754956404472,0.0180046027903,0.98199539721,1.01424138827,0,0,0,0.000639629629865,516,2.00000007594,2.0000000751,4.16234142621e-10
512,0.18389731370305634,1400,0,pre,-1,1.5,1544,0.00361119427361,0.00458391387839,0.0173841962958,0.982615803704,1.00781980417,0,0,0,0.00107734295088,516,2.00000007906,2.00000007609,1.48494100251e-09
512,0.18389731370305634,1400,0,pre,-1,3.0,3072,0.00635338782203,0.00785846381662,0.0173841962958,0.982615803704,1.01344177169,0,0,0,0.00107734295088,516,2.00000007906,2.00000007609,1.48494100251e-09
512,0.18389731370305634,1400,0,post,0,1.5,1544,0.00361119427361,0.00458391387839,0.0173841962958,0.982615803704,1.00781980417,0,0,0,0.00107734295088,516,2.00000007906,2.00000007609,1.48494100251e-09
512,0.18389731370305634,1400,0,post,0,3.0,3072,0.00635338782203,0.00785846381662,0.0173841962958,0.982615803704,1.01344177169,0,0,0,0.00107734295088,516,2.00000007906,2.00000007609,1.48494100251e-09
512,0.19712733627162154,1500,0,pre,-1,1.5,1544,0.00362466605203,0.00458967643712,0.016750963606,0.983249036394,1.00653315175,0,0,0,0.00115723938759,516,2.00000008176,2.00000007981,9.7542836579e-10
512,0.19712733627162154,1500,0,pre,-1,3.0,3072,0.00654673965544,0.00817547218391,0.0177864408959,0.983249036394,1.0177864409,0,0,0,0.00115723938759,516,2.00000008176,2.00000007981,9.7542836579e-10
512,0.19712733627162154,1500,0,post,0,1.5,1544,0.00362466605203,0.00458967643712,0.016750963606,0.983249036394,1.00653315175,0,0,0,0.00115723938759,516,2.00000008176,2.00000007981,9.7542836579e-10
512,0.19712733627162154,1500,0,post,0,3.0,3072,0.00654673965544,0.00817547218391,0.0177864408959,0.983249036394,1.0177864409,0,0,0,0.00115723938759,516,2.00000008176,2.00000007981,9.7542836579e-10
512,0.21035735884018675,1600,0,pre,-1,1.5,1528,0.00386550005405,0.00482913287406,0.0162800004229,0.983719999577,1.01113073473,0,0,0,0.000889019075509,524,2.0000000707,2.00000007191,-6.06820571954e-10
512,0.21035735884018675,1600,0,pre,-1,3.0,3072,0.00668488080921,0.00823409133048,0.0168401294489,0.983719999577,1.01684012945,0,0,0,0.000889019075509,524,2.0000000707,2.00000007191,-6.06820571954e-10
512,0.21035735884018675,1600,0,post,0,1.5,1528,0.00386550005405,0.00482913287406,0.0162800004229,0.983719999577,1.01113073473,0,0,0,0.000889019075509,524,2.0000000707,2.00000007191,-6.06820571954e-10
512,0.21035735884018675,1600,0,post,0,3.0,3072,0.00668488080921,0.00823409133048,0.0168401294489,0.983719999577,1.01684012945,0,0,0,0.000889019075509,524,2.0000000707,2.00000007191,-6.06820571954e-10
512,0.22358738140875195,1700,0,pre,-1,1.5,1536,0.00407283405363,0.00506328657429,0.0159449749636,0.984055025036,1.01008891483,0,0,0,0.000857841942344,524,2.00000005819,2.00000005911,-4.59722690761e-10
512,0.22358738140875195,1700,0,pre,-1,3.0,3064,0.00678364214826,0.00830225997362,0.0166293516363,0.983370648364,1.01594618361,0,0,0,0.000857841942344,524,2.00000005819,2.00000005911,-4.59722690761e-10
512,0.22358738140875195,1700,0,post,0,1.5,1536,0.00407283405363,0.00506328657429,0.0159449749636,0.984055025036,1.01008891483,0,0,0,0.000857841942344,524,2.00000005819,2.00000005911,-4.59722690761e-10
512,0.22358738140875195,1700,0,post,0,3.0,3064,0.00678364214826,0.00830225997362,0.0166293516363,0.983370648364,1.01594618361,0,0,0,0.000857841942344,524,2.00000005819,2.00000005911,-4.59722690761e-10
512,0.23681740397731715,1800,0,pre,-1,1.5,1536,0.00399938998304,0.00488914056088,0.0156697183341,0.984330281666,1.01131254069,0,0,0,0.00101818252647,532,2.00000004922,2.00000004826,4.79272832068e-10
512,0.23681740397731715,1800,0,pre,-1,3.0,3072,0.00673494176344,0.00825469260356,0.017569670111,0.982430329889,1.01479344779,0,0,0,0.00101818252647,532,2.00000004922,2.00000004826,4.79272832068e-10
512,0.23681740397731715,1800,0,post,0,1.5,1536,0.00399938998304,0.00488914056088,0.0156697183341,0.984330281666,1.01131254069,0,0,0,0.00101818252647,532,2.00000004922,2.00000004826,4.79272832068e-10
512,0.23681740397731715,1800,0,post,0,3.0,3072,0.00673494176344,0.00825469260356,0.017569670111,0.982430329889,1.01479344779,0,0,0,0.00101818252647,532,2.00000004922,2.00000004826,4.79272832068e-10
512,0.25004742654588236,1900,0,pre,-1,1.5,1536,0.00383926428021,0.00474407965518,0.0155109427915,0.984489057208,1.01186895181,0,0,0,0.00108968286334,524,2.00000004201,2.0000000399,1.05450379656e-09
512,0.25004742654588236,1900,0,pre,-1,3.0,3064,0.00662734646582,0.00820839486537,0.019292189073,0.982764665296,1.01929218907,0,0,0,0.00108968286334,524,2.00000004201,2.0000000399,1.05450379656e-09
512,0.25004742654588236,1900,0,post,0,1.5,1536,0.00383926428021,0.00474407965518,0.0155109427915,0.984489057208,1.01186895181,0,0,0,0.00108968286334,524,2.00000004201,2.0000000399,1.05450379656e-09
512,0.25004742654588236,1900,0,post,0,3.0,3064,0.00662734646582,0.00820839486537,0.019292189073,0.982764665296,1.01929218907,0,0,0,0.00108968286334,524,2.00000004201,2.0000000399,1.05450379656e-09
512,0.26327744911444773,2000,0,pre,-1,1.5,1536,0.00374057208745,0.00462711451206,0.0153362586597,0.98466374134,1.01208440195,0,0,0,0.00106217791449,524,2.0000000361,2.0000000344,8.48830102707e-10
512,0.26327744911444773,2000,0,pre,-1,3.0,3072,0.00651783109392,0.00808965931136,0.0182557829937,0.98418400572,1.01825578299,0,0,0,0.00106217791449,524,2.0000000361,2.0000000344,8.48830102707e-10
512,0.26327744911444773,2000,0,post,0,1.5,1536,0.00374057208745,0.00462711451206,0.0153362586597,0.98466374134,1.01208440195,0,0,0,0.00106217791449,524,2.0000000361,2.0000000344,8.48830102707e-10
512,0.26327744911444773,2000,0,post,0,3.0,3072,0.00651783109392,0.00808965931136,0.0182557829937,0.98418400572,1.01825578299,0,0,0,0.00106217791449,524,2.0000000361,2.0000000344,8.48830102707e-10
512,0.27650747168301282,2100,0,pre,-1,1.5,1536,0.00365659945599,0.00451235259617,0.0151870572614,0.984812942739,1.01204504282,0,0,0,0.00100894439008,524,2.00000003216,2.00000003075,7.05441028072e-10
512,0.27650747168301282,2100,0,pre,-1,3.0,3072,0.00631445581281,0.00781884075338,0.017261204404,0.984812942739,1.0172612044,0,0,0,0.00100894439008,524,2.00000003216,2.00000003075,7.05441028072e-10
512,0.27650747168301282,2100,0,post,0,1.5,1536,0.00365659945599,0.00451235259617,0.0151870572614,0.984812942739,1.01204504282,0,0,0,0.00100894439008,524,2.00000003216,2.00000003075,7.05441028072e-10
512,0.27650747168301282,2100,0,post,0,3.0,3072,0.00631445581281,0.00781884075338,0.017261204404,0.984812942739,1.0172612044,0,0,0,0.00100894439008,524,2.00000003216,2.00000003075,7.05441028072e-10
512,0.28973749425157802,2200,0,pre,-1,1.5,1536,0.00353913659382,0.00437773746232,0.0150754227127,0.984924577287,1.01180335172,0,0,0,0.000956487248025,524,2.00000003013,2.00000002902,5.54546844837e-10
512,0.28973749425157802,2200,0,pre,-1,3.0,3072,0.00605985339212,0.00748864012848,0.0163023982936,0.984924577287,1.01630239829,0,0,0,0.000956487248025,524,2.00000003013,2.00000002902,5.54546844837e-10
512,0.28973749425157802,2200,0,post,0,1.5,1536,0.00353913659382,0.00437773746232,0.0150754227127,0.984924577287,1.01180335172,0,0,0,0.000956487248025,524,2.00000003013,2.00000002902,5.54546844837e-10
512,0.28973749425157802,2200,0,post,0,3.0,3072,0.00605985339212,0.00748864012848,0.0163023982936,0.984924577287,1.01630239829,0,0,0,0.000956487248025,524,2.00000003013,2.00000002902,5.54546844837e-10
512,0.30296751682014328,2300,0,pre,-1,1.5,1536,0.00339481175447,0.00421449144326,0.0149245693686,0.985075430631,1.01149303027,0,0,0,0.000862767425785,532,2.00000002924,2.00000002805,5.99661867302e-10
512,0.30296751682014328,2300,0,pre,-1,3.0,3072,0.00575891968421,0.00711546200176,0.0154046458017,0.985075430631,1.0154046458,0,0,0,0.000862767425785,532,2.00000002924,2.00000002805,5.99661867302e-10
512,0.30296751682014328,2300,0,post,0,1.5,1536,0.00339481175447,0.00421449144326,0.0149245693686,0.985075430631,1.01149303027,0,0,0,0.000862767425785,532,2.00000002924,2.00000002805,5.99661867302e-10
512,0.30296751682014328,2300,0,post,0,3.0,3072,0.00575891968421,0.00711546200176,0.0154046458017,0.985075430631,1.0154046458,0,0,0,0.000862767425785,532,2.00000002924,2.00000002805,5.99661867302e-10
512,0.31619753938870837,2400,0,pre,-1,1.5,1536,0.00317604834774,0.00399367038317,0.014889208109,0.985110791891,1.01093722643,0,0,0,0.000874171280266,524,2.00000002978,2.00000002849,6.42725197234e-10
512,0.31619753938870837,2400,0,pre,-1,3.0,3072,0.00539368919237,0.0066857056085,0.014889208109,0.985110791891,1.01454616464,0,0,0,0.000874171280266,524,2.00000002978,2.00000002849,6.42725197234e-10
512,0.31619753938870837,2400,0,post,0,1.5,1536,0.00317604834774,0.00399367038317,0.014889208109,0.985110791891,1.01093722643,0,0,0,0.000874171280266,524,2.00000002978,2.00000002849,6.42725197234e-10
512,0.31619753938870837,2400,0,post,0,3.0,3072,0.00539368919237,0.0066857056085,0.014889208109,0.985110791891,1.01454616464,0,0,0,0.000874171280266,524,2.00000002978,2.00000002849,6.42725197234e-10
512,0.32942756195727363,2500,0,pre,-1,1.5,1536,0.00302037691471,0.00389376984728,0.0148701896667,0.985129810333,1.01029152759,0,0,0,0.000922090767513,528,2.0000000321,2.00000003005,1.02641316125e-09
512,0.32942756195727363,2500,0,pre,-1,3.0,3064,0.00501648821918,0.00624358889646,0.0148701896667,0.985129810333,1.01371887525,0,0,0,0.000922090767513,528,2.0000000321,2.00000003005,1.02641316125e-09
512,0.32942756195727363,2500,0,post,0,1.5,1536,0.00302037691471,0.00389376984728,0.0148701896667,0.985129810333,1.01029152759,0,0,0,0.000922090767513,528,2.0000000321,2.00000003005,1.02641316125e-09
512,0.32942756195727363,2500,0,post,0,3.0,3064,0.00501648821918,0.00624358889646,0.0148701896667,0.985129810333,1.01371887525,0,0,0,0.000922090767513,528,2.0000000321,2.00000003005,1.02641316125e-09
512,0.34265758452583883,2600,0,pre,-1,1.5,1536,0.00292646486712,0.00383523827821,0.0148031662363,0.985196833764,1.00931788336,0,0,0,0.000948416129485,536,2.00000003534,2.0000000328,1.26564134873e-09
512,0.34265758452583883,2600,0,pre,-1,3.0,3072,0.0046530446425,0.00580983663321,0.0148031662363,0.985196833764,1.01284938962,0,0,0,0.000948416129485,536,2.00000003534,2.0000000328,1.26564134873e-09
512,0.34265758452583883,2600,0,post,0,1.5,1536,0.00292646486712,0.00383523827821,0.0148031662363,0.985196833764,1.00931788336,0,0,0,0.000948416129485,536,2.00000003534,2.0000000328,1.26564134873e-09
512,0.34265758452583883,2600,0,post,0,3.0,3072,0.0046530446425,0.00580983663321,0.0148031662363,0.985196833764,1.01284938962,0,0,0,0.000948416129485,536,2.00000003534,2.0000000328,1.26564134873e-09
512,0.35588760709440392,2700,0,pre,-1,1.5,1536,0.00282939878618,0.00373438365049,0.0159701364508,0.984029863549,1.00985382139,0,0,0,0.00100650811411,528,2.00000004019,2.0000000375,1.34181307991e-09
512,0.35588760709440392,2700,0,pre,-1,3.0,3064,0.00422508906095,0.00527124491398,0.0159701364508,0.984029863549,1.01194608236,0,0,0,0.00100650811411,528,2.00000004019,2.0000000375,1.34181307991e-09
512,0.35588760709440392,2700,0,post,0,1.5,1536,0.00282939878618,0.00373438365049,0.0159701364508,0.984029863549,1.00985382139,0,0,0,0.00100650811411,528,2.00000004019,2.0000000375,1.34181307991e-09
512,0.35588760709440392,2700,0,post,0,3.0,3064,0.00422508906095,0.00527124491398,0.0159701364508,0.984029863549,1.01194608236,0,0,0,0.00100650811411,528,2.00000004019,2.0000000375,1.34181307991e-09
512,0.36911762966296924,2800,0,pre,-1,1.5,1544,0.00260386200084,0.00352484822246,0.0152139903438,0.984786009656,1.01022595163,0,0,0,0.000973030936577,528,2.0000000462,2.00000004462,7.91334535788e-10
512,0.36911762966296924,2800,0,pre,-1,3.0,3072,0.00368843733576,0.0045874824929,0.0152139903438,0.984786009656,1.01022595163,0,0,0,0.000973030936577,528,2.0000000462,2.00000004462,7.91334535788e-10
512,0.36911762966296924,2800,0,post,0,1.5,1544,0.00260386200084,0.00352484822246,0.0152139903438,0.984786009656,1.01022595163,0,0,0,0.000973030936577,528,2.0000000462,2.00000004462,7.91334535788e-10
512,0.36911762966296924,2800,0,post,0,3.0,3072,0.00368843733576,0.0045874824929,0.0152139903438,0.984786009656,1.01022595163,0,0,0,0.000973030936577,528,2.0000000462,2.00000004462,7.91334535788e-10
512,0.38234765223153444,2900,0,pre,-1,1.5,1536,0.00245105723461,0.00334398509847,0.0139925399647,0.986007460035,1.0105614463,0,0,0,0.000859715665269,528,2.00000005511,2.00000005551,-2.00075062071e-10
512,0.38234765223153444,2900,0,pre,-1,3.0,3072,0.00325828698801,0.00408515897611,0.0139925399647,0.986007460035,1.0105614463,0,0,0,0.000859715665269,528,2.00000005511,2.00000005551,-2.00075062071e-10
512,0.38234765223153444,2900,0,post,0,1.5,1536,0.00245105723461,0.00334398509847,0.0139925399647,0.986007460035,1.0105614463,0,0,0,0.000859715665269,528,2.00000005511,2.00000005551,-2.00075062071e-10
512,0.38234765223153444,2900,0,post,0,3.0,3072,0.00325828698801,0.00408515897611,0.0139925399647,0.986007460035,1.0105614463,0,0,0,0.000859715665269,528,2.00000005511,2.00000005551,-2.00075062071e-10
512,0.39557767480009953,3000,0,pre,-1,1.5,1536,0.00230999483396,0.0031731347318,0.0126904013514,0.987309598649,1.01072793059,0,0,0,0.000697325551983,528,2.00000006729,2.00000006733,-1.73336894554e-11
512,0.39557767480009953,3000,0,pre,-1,3.0,3072,0.00289135010161,0.00366084436725,0.0126904013514,0.987309598649,1.01072793059,0,0,0,0.000697325551983,528,2.00000006729,2.00000006733,-1.73336894554e-11
512,0.39557767480009953,3000,0,post,0,1.5,1536,0.00230999483396,0.0031731347318,0.0126904013514,0.987309598649,1.01072793059,0,0,0,0.000697325551983,528,2.00000006729,2.00000006733,-1.73336894554e-11
512,0.39557767480009953,3000,0,post,0,3.0,3072,0.00289135010161,0.00366084436725,0.0126904013514,0.987309598649,1.01072793059,0,0,0,0.000697325551983,528,2.00000006729,2.00000006733,-1.73336894554e-11
512,0.40880769736866485,3100,0,pre,-1,1.5,1536,0.00192628473256,0.00283313905205,0.0126651275618,0.987334872438,1.01080263783,0,0,0,0.000745062969892,520,2.00000008004,2.00000007963,2.02564401625e-10
512,0.40880769736866485,3100,0,pre,-1,3.0,3080,0.00254493197859,0.00333584073984,0.0126651275618,0.987334872438,1.01080263783,0,0,0,0.000745062969892,520,2.00000008004,2.00000007963,2.02564401625e-10
512,0.40880769736866485,3100,0,post,0,1.5,1536,0.00192628473256,0.00283313905205,0.0126651275618,0.987334872438,1.01080263783,0,0,0,0.000745062969892,520,2.00000008004,2.00000007963,2.02564401625e-10
512,0.40880769736866485,3100,0,post,0,3.0,3080,0.00254493197859,0.00333584073984,0.0126651275618,0.987334872438,1.01080263783,0,0,0,0.000745062969892,520,2.00000008004,2.00000007963,2.02564401625e-10
512,0.42203771993723005,3200,0,pre,-1,1.5,1536,0.00192757841134,0.00290115959961,0.0127516290622,0.987248370938,1.01103000381,0,0,0,0.000805816575148,520,2.00000008894,2.00000008739,7.7613889699e-10
512,0.42203771993723005,3200,0,pre,-1,3.0,3072,0.00234333353942,0.00314546516607,0.0127516290622,0.987248370938,1.01103000381,0,0,0,0.000805816575148,520,2.00000008894,2.00000008739,7.7613889699e-10
512,0.42203771993723005,3200,0,post,0,1.5,1536,0.00192757841134,0.00290115959961,0.0127516290622,0.987248370938,1.01103000381,0,0,0,0.000805816575148,520,2.00000008894,2.00000008739,7.7613889699e-10
512,0.42203771993723005,3200,0,post,0,3.0,3072,0.00234333353942,0.00314546516607,0.0127516290622,0.987248370938,1.01103000381,0,0,0,0.000805816575148,520,2.00000008894,2.00000008739,7.7613889699e-10
512,0.43526774250579514,3300,0,pre,-1,1.5,1552,0.0021938725546,0.00329571504966,0.0130554854576,0.986944514542,1.01135021358,0,0,0,0.000738504225458,520,2.00000009241,2.00000008979,1.3094156282e-09
512,0.43526774250579514,3300,0,pre,-1,3.0,3064,0.0022279945772,0.00309625568198,0.0130554854576,0.986944514542,1.01135021358,0,0,0,0.000738504225458,520,2.00000009241,2.00000008979,1.3094156282e-09
512,0.43526774250579514,3300,0,post,0,1.5,1552,0.0021938725546,0.00329571504966,0.0130554854576,0.986944514542,1.01135021358,0,0,0,0.000738504225458,520,2.00000009241,2.00000008979,1.3094156282e-09
512,0.43526774250579514,3300,0,post,0,3.0,3064,0.0022279945772,0.00309625568198,0.0130554854576,0.986944514542,1.01135021358,0,0,0,0.000738504225458,520,2.00000009241,2.00000008979,1.3094156282e-09
512,0.44849776507436045,3400,0,pre,-1,1.5,1552,0.00238697748705,0.0035653636663,0.0157644848847,0.984235515115,1.01178379258,0,0,0,0.000586035789441,518,2.00000008465,2.00000008449,8.09086097247e-11
512,0.44849776507436045,3400,0,pre,-1,3.0,3072,0.00208538504881,0.00309972981222,0.0157644848847,0.984235515115,1.01178379258,0,0,0,0.000586035789441,518,2.00000008465,2.00000008449,8.09086097247e-11
512,0.44849776507436045,3400,0,post,0,1.5,1552,0.00238697748705,0.0035653636663,0.0157644848847,0.984235515115,1.01178379258,0,0,0,0.000586035789441,518,2.00000008465,2.00000008449,8.09086097247e-11
512,0.44849776507436045,3400,0,post,0,3.0,3072,0.00208538504881,0.00309972981222,0.0157644848847,0.984235515115,1.01178379258,0,0,0,0.000586035789441,518,2.00000008465,2.00000008449,8.09086097247e-11
512,0.4617277876429256,3500,0,pre,-1,1.5,1560,0.00262042364668,0.00396390517046,0.0190336008141,0.980966399186,1.01254308817,0,0,0,0.000491668118543,516,2.00000008517,2.00000008447,3.51339831266e-10
512,0.4617277876429256,3500,0,pre,-1,3.0,3072,0.00223119110024,0.00332308183362,0.0190336008141,0.980966399186,1.01254308817,0,0,0,0.000491668118543,516,2.00000008517,2.00000008447,3.51339831266e-10
512,0.4617277876429256,3500,0,post,0,1.5,1560,0.00262042364668,0.00396390517046,0.0190336008141,0.980966399186,1.01254308817,0,0,0,0.000491668118543,516,2.00000008517,2.00000008447,3.51339831266e-10
512,0.4617277876429256,3500,0,post,0,3.0,3072,0.00223119110024,0.00332308183362,0.0190336008141,0.980966399186,1.01254308817,0,0,0,0.000491668118543,516,2.00000008517,2.00000008447,3.51339831266e-10
512,0.47495781021149075,3600,0,pre,-1,1.5,1584,0.00269565017512,0.00405337711651,0.0216669603767,0.978333039623,1.01401785617,0,0,0,0.000152916836498,516,2.00000008729,2.00000008429,1.49998829253e-09
512,0.47495781021149075,3600,0,pre,-1,3.0,3072,0.00249105942701,0.00363938950373,0.0216669603767,0.978333039623,1.01401785617,0,0,0,0.000152916836498,516,2.00000008729,2.00000008429,1.49998829253e-09
512,0.47495781021149075,3600,0,post,0,1.5,1584,0.00269565017512,0.00405337711651,0.0216669603767,0.978333039623,1.01401785617,0,0,0,0.000152916836498,516,2.00000008729,2.00000008429,1.49998829253e-09
512,0.47495781021149075,3600,0,post,0,3.0,3072,0.00249105942701,0.00363938950373,0.0216669603767,0.978333039623,1.01401785617,0,0,0,0.000152916836498,516,2.00000008729,2.00000008429,1.49998829253e-09
512,0.48818783278005606,3700,0,pre,-1,1.5,1544,0.00270232913643,0.00399098113274,0.0216205266816,0.978379473318,1.01352988974,0,0,0,0.000355347754107,516,2.00000008619,2.00000008427,9.56430005972e-10
512,0.48818783278005606,3700,0,pre,-1,3.0,3072,0.00255794686356,0.00365786334282,0.0216205266816,0.978379473318,1.01352988974,0,0,0,0.000355347754107,516,2.00000008619,2.00000008427,9.56430005972e-10
512,0.48818783278005606,3700,0,post,0,1.5,1544,0.00270232913643,0.00399098113274,0.0216205266816,0.978379473318,1.01352988974,0,0,0,0.000355347754107,516,2.00000008619,2.00000008427,9.56430005972e-10
512,0.48818783278005606,3700,0,post,0,3.0,3072,0.00255794686356,0.00365786334282,0.0216205266816,0.978379473318,1.01352988974,0,0,0,0.000355347754107,516,2.00000008619,2.00000008427,9.56430005972e-10
512,0.50141785534862127,3800,0,pre,-1,1.5,1544,0.00253460447252,0.00377551561345,0.0210139058033,0.978986094197,1.01334982887,0,0,0,0.000563231682747,516,2.00000008687,2.00000008426,1.3058176212e-09
512,0.50141785534862127,3800,0,pre,-1,3.0,3072,0.00246256480929,0.00349494435631,0.0210139058033,0.978986094197,1.01334982887,0,0,0,0.000563231682747,516,2.00000008687,2.00000008426,1.3058176212e-09
512,0.50141785534862127,3800,0,post,0,1.5,1544,0.00253460447252,0.00377551561345,0.0210139058033,0.978986094197,1.01334982887,0,0,0,0.000563231682747,516,2.00000008687,2.00000008426,1.3058176212e-09
512,0.50141785534862127,3800,0,post,0,3.0,3072,0.00246256480929,0.00349494435631,0.0210139058033,0.978986094197,1.01334982887,0,0,0,0.000563231682747,516,2.00000008687,2.00000008426,1.3058176212e-09
512,0.51464787791718636,3900,0,pre,-1,1.5,1544,0.00226978293873,0.00352562918306,0.0203768628796,0.97962313712,1.01324434694,0,0,0,0.000700683174439,516,2.00000009192,2.00000008877,1.57717454313e-09
512,0.51464787791718636,3900,0,pre,-1,3.0,3072,0.00247105303817,0.00339620836244,0.0203768628796,0.97962313712,1.01324434694,0,0,0,0.000700683174439,516,2.00000009192,2.00000008877,1.57717454313e-09
512,0.51464787791718636,3900,0,post,0,1.5,1544,0.00226978293873,0.00352562918306,0.0203768628796,0.97962313712,1.01324434694,0,0,0,0.000700683174439,516,2.00000009192,2.00000008877,1.57717454313e-09
512,0.51464787791718636,3900,0,post,0,3.0,3072,0.00247105303817,0.00339620836244,0.0203768628796,0.97962313712,1.01324434694,0,0,0,0.000700683174439,516,2.00000009192,2.00000008877,1.57717454313e-09
512,0.52787790048575167,4000,0,pre,-1,1.5,1544,0.00203957307036,0.00334601474091,0.019783782987,0.980216217013,1.01316025744,0,0,0,0.000768105743819,515,2.00000008735,2.00000008641,4.69466001331e-10
512,0.52787790048575167,4000,0,pre,-1,3.0,3072,0.00238447707558,0.0032906215815,0.019783782987,0.980216217013,1.01316025744,0,0,0,0.000768105743819,515,2.00000008735,2.00000008641,4.69466001331e-10
512,0.52787790048575167,4000,0,post,0,1.5,1544,0.00203957307036,0.00334601474091,0.019783782987,0.980216217013,1.01316025744,0,0,0,0.000768105743819,515,2.00000008735,2.00000008641,4.69466001331e-10
512,0.52787790048575167,4000,0,post,0,3.0,3072,0.00238447707558,0.0032906215815,0.019783782987,0.980216217013,1.01316025744,0,0,0,0.000768105743819,515,2.00000008735,2.00000008641,4.69466001331e-10
512,0.54110792305431687,4100,0,pre,-1,1.5,1544,0.00192344984554,0.00325353148355,0.0193186467942,0.980681353206,1.01310539279,0,0,0,0.000779175555886,516,2.00000007975,2.00000008186,-1.05095128295e-09
512,0.54110792305431687,4100,0,pre,-1,3.0,3072,0.00230553372317,0.00319811019483,0.0193186467942,0.980681353206,1.01310539279,0,0,0,0.000779175555886,516,2.00000007975,2.00000008186,-1.05095128295e-09
512,0.54110792305431687,4100,0,post,0,1.5,1544,0.00192344984554,0.00325353148355,0.0193186467942,0.980681353206,1.01310539279,0,0,0,0.000779175555886,516,2.00000007975,2.00000008186,-1.05095128295e-09
512,0.54110792305431687,4100,0,post,0,3.0,3072,0.00230553372317,0.00319811019483,0.0193186467942,0.980681353206,1.01310539279,0,0,0,0.000779175555886,516,2.00000007975,2.00000008186,-1.05095128295e-09
512,0.55433794562288197,4200,0,pre,-1,1.5,1533,0.00199486693705,0.00324120884443,0.0190154192441,0.980984580756,1.01338367302,0,0,0,0.000734364001695,524,2.00000007271,2.0000000767,-1.99532738229e-09
512,0.55433794562288197,4200,0,pre,-1,3.0,3072,0.0022856113297,0.00315589195666,0.0190154192441,0.980984580756,1.01338367302,0,0,0,0.000734364001695,524,2.00000007271,2.0000000767,-1.99532738229e-09
512,0.55433794562288197,4200,0,post,0,1.5,1533,0.00199486693705,0.00324120884443,0.0190154192441,0.980984580756,1.01338367302,0,0,0,0.000734364001695,524,2.00000007271,2.0000000767,-1.99532738229e-09
512,0.55433794562288197,4200,0,post,0,3.0,3072,0.0022856113297,0.00315589195666,0.0190154192441,0.980984580756,1.01338367302,0,0,0,0.000734364001695,524,2.00000007271,2.0000000767,-1.99532738229e-09
512,0.56756796819144728,4300,0,pre,-1,1.5,1536,0.00205829529296,0.00321015767404,0.0187917189426,0.981208281057,1.01359059906,0,0,0,0.00068769843107,524,2.00000006905,2.00000007221,-1.57820151245e-09
512,0.56756796819144728,4300,0,pre,-1,3.0,3080,0.00223530774139,0.00311685591964,0.0187917189426,0.981208281057,1.01359059906,0,0,0,0.00068769843107,524,2.00000006905,2.00000007221,-1.57820151245e-09
512,0.56756796819144728,4300,0,post,0,1.5,1536,0.00205829529296,0.00321015767404,0.0187917189426,0.981208281057,1.01359059906,0,0,0,0.00068769843107,524,2.00000006905,2.00000007221,-1.57820151245e-09
512,0.56756796819144728,4300,0,post,0,3.0,3080,0.00223530774139,0.00311685591964,0.0187917189426,0.981208281057,1.01359059906,0,0,0,0.00068769843107,524,2.00000006905,2.00000007221,-1.57820151245e-09
512,0.58079799076001248,4400,0,pre,-1,1.5,1536,0.00209623005834,0.00322957904094,0.0186348285787,0.981365171421,1.01368782203,0,0,0,0.000657794174324,524,2.00000006673,2.00000006833,-7.9926929009e-10
512,0.58079799076001248,4400,0,pre,-1,3.0,3080,0.00217553597661,0.00307765744113,0.0186348285787,0.981365171421,1.01368782203,0,0,0,0.000657794174324,524,2.00000006673,2.00000006833,-7.9926929009e-10
512,0.58079799076001248,4400,0,post,0,1.5,1536,0.00209623005834,0.00322957904094,0.0186348285787,0.981365171421,1.01368782203,0,0,0,0.000657794174324,524,2.00000006673,2.00000006833,-7.9926929009e-10
512,0.58079799076001248,4400,0,post,0,3.0,3080,0.00217553597661,0.00307765744113,0.0186348285787,0.981365171421,1.01368782203,0,0,0,0.000657794174324,524,2.00000006673,2.00000006833,-7.9926929009e-10
512,0.59402801332857758,4500,0,pre,-1,1.5,1536,0.00207766659716,0.00323511948966,0.018524789391,0.981475210609,1.01380110292,0,0,0,0.000637484310275,524,2.00000006496,2.00000006554,-2.85247816013e-10
512,0.59402801332857758,4500,0,pre,-1,3.0,3072,0.00211979118278,0.00304760431817,0.018524789391,0.981475210609,1.01380110292,0,0,0,0.000637484310275,524,2.00000006496,2.00000006554,-2.85247816013e-10
512,0.59402801332857758,4500,0,post,0,1.5,1536,0.00207766659716,0.00323511948966,0.018524789391,0.981475210609,1.01380110292,0,0,0,0.000637484310275,524,2.00000006496,2.00000006554,-2.85247816013e-10
512,0.59402801332857758,4500,0,post,0,3.0,3072,0.00211979118278,0.00304760431817,0.018524789391,0.981475210609,1.01380110292,0,0,0,0.000637484310275,524,2.00000006496,2.00000006554,-2.85247816013e-10
512,0.60725803589714289,4600,0,pre,-1,1.5,1536,0.00206866830561,0.00326695290325,0.0183736632816,0.981626336718,1.01393191869,0,0,0,0.000617992263616,524,2.00000006469,2.00000006445,1.16499250933e-10
512,0.60725803589714289,4600,0,pre,-1,3.0,3072,0.00208142574545,0.00303485639593,0.0183736632816,0.981626336718,1.01393191869,0,0,0,0.000617992263616,524,2.00000006469,2.00000006445,1.16499250933e-10
512,0.60725803589714289,4600,0,post,0,1.5,1536,0.00206866830561,0.00326695290325,0.0183736632816,0.981626336718,1.01393191869,0,0,0,0.000617992263616,524,2.00000006469,2.00000006445,1.16499250933e-10
512,0.60725803589714289,4600,0,post,0,3.0,3072,0.00208142574545,0.00303485639593,0.0183736632816,0.981626336718,1.01393191869,0,0,0,0.000617992263616,524,2.00000006469,2.00000006445,1.16499250933e-10
512,0.62048805846570798,4700,0,pre,-1,1.5,1536,0.00212128701545,0.00333495327649,0.018160494858,0.981839505142,1.01400201167,0,0,0,0.000649497531802,525,2.00000006481,2.00000006424,2.85003789185e-10
512,0.62048805846570798,4700,0,pre,-1,3.0,3072,0.00211253841844,0.00305576741209,0.018160494858,0.981839505142,1.01400201167,0,0,0,0.000649497531802,525,2.00000006481,2.00000006424,2.85003789185e-10
512,0.62048805846570798,4700,0,post,0,1.5,1536,0.00212128701545,0.00333495327649,0.018160494858,0.981839505142,1.01400201167,0,0,0,0.000649497531802,525,2.00000006481,2.00000006424,2.85003789185e-10
512,0.62048805846570798,4700,0,post,0,3.0,3072,0.00211253841844,0.00305576741209,0.018160494858,0.981839505142,1.01400201167,0,0,0,0.000649497531802,525,2.00000006481,2.00000006424,2.85003789185e-10
512,0.63371808103427318,4800,0,pre,-1,1.5,1536,0.00221899446811,0.00349016177355,0.0178981686121,0.982101831388,1.0140434415,0,0,0,0.000656444063958,528,2.00000006512,2.00000006501,5.14162029559e-11
512,0.63371808103427318,4800,0,pre,-1,3.0,3072,0.00218879868654,0.00315191238044,0.0178981686121,0.982101831388,1.0140434415,0,0,0,0.000656444063958,528,2.00000006512,2.00000006501,5.14162029559e-11
512,0.63371808103427318,4800,0,post,0,1.5,1536,0.00221899446811,0.00349016177355,0.0178981686121,0.982101831388,1.0140434415,0,0,0,0.000656444063958,528,2.00000006512,2.00000006501,5.14162029559e-11
512,0.63371808103427318,4800,0,post,0,3.0,3072,0.00218879868654,0.00315191238044,0.0178981686121,0.982101831388,1.0140434415,0,0,0,0.000656444063958,528,2.00000006512,2.00000006501,5.14162029559e-11
512,0.6469481036028385,4900,0,pre,-1,1.5,1536,0.0022852067195,0.00360584861327,0.0174311418844,0.982568858116,1.01380497158,0,0,0,0.000688631720133,528,2.00000006709,2.00000006742,-1.61892493949e-10
512,0.6469481036028385,4900,0,pre,-1,3.0,3072,0.00226824129114,0.0032599961083,0.0174311418844,0.982568858116,1.01380497158,0,0,0,0.000688631720133,528,2.00000006709,2.00000006742,-1.61892493949e-10
512,0.6469481036028385,4900,0,post,0,1.5,1536,0.0022852067195,0.00360584861327,0.0174311418844,0.982568858116,1.01380497158,0,0,0,0.000688631720133,528,2.00000006709,2.00000006742,-1.61892493949e-10
512,0.6469481036028385,4900,0,post,0,3.0,3072,0.00226824129114,0.0032599961083,0.0174311418844,0.982568858116,1.01380497158,0,0,0,0.000688631720133,528,2.00000006709,2.00000006742,-1.61892493949e-10
512,0.66017812617140348,5000,0,pre,-1,1.5,1536,0.00226835448149,0.00354771590521,0.0168412799479,0.983158720052,1.01343250782,0,0,0,0.000747154662656,528,2.00000006933,2.00000007132,-9.9285665035e-10
512,0.66017812617140348,5000,0,pre,-1,3.0,3072,0.00231060233956,0.00327312557612,0.0168412799479,0.983158720052,1.01343250782,0,0,0,0.000747154662656,528,2.00000006933,2.00000007132,-9.9285665035e-10
512,0.66017812617140348,5000,0,post,0,1.5,1536,0.00226835448149,0.00354771590521,0.0168412799479,0.983158720052,1.01343250782,0,0,0,0.000747154662656,528,2.00000006933,2.00000007132,-9.9285665035e-10
512,0.66017812617140348,5000,0,post,0,3.0,3072,0.00231060233956,0.00327312557612,0.0168412799479,0.983158720052,1.01343250782,0,0,0,0.000747154662656,528,2.00000006933,2.00000007132,-9.9285665035e-10
512,0.67340814873996879,5100,0,pre,-1,1.5,1536,0.00230205238772,0.00348323976913,0.0163441151387,0.983655884861,1.01297386751,0,0,0,0.000791305671204,528,2.00000007163,2.00000007617,-2.27284493673e-09
512,0.67340814873996879,5100,0,pre,-1,3.0,3072,0.00239841307467,0.00330385600389,0.0163441151387,0.983655884861,1.01297386751,0,0,0,0.000791305671204,528,2.00000007163,2.00000007617,-2.27284493673e-09
512,0.67340814873996879,5100,0,post,0,1.5,1536,0.00230205238772,0.00348323976913,0.0163441151387,0.983655884861,1.01297386751,0,0,0,0.000791305671204,528,2.00000007163,2.00000007617,-2.27284493673e-09
512,0.67340814873996879,5100,0,post,0,3.0,3072,0.00239841307467,0.00330385600389,0.0163441151387,0.983655884861,1.01297386751,0,0,0,0.000791305671204,528,2.00000007163,2.00000007617,-2.27284493673e-09
512,0.68663817130853411,5200,0,pre,-1,1.5,1536,0.00250988665595,0.0035504205908,0.015970526962,0.984029473038,1.01261749424,0,0,0,0.000813931849269,520,2.00000007816,2.00000008158,-1.71200713283e-09
512,0.68663817130853411,5200,0,pre,-1,3.0,3072,0.00255372398302,0.0034168294907,0.015970526962,0.984029473038,1.01261749424,0,0,0,0.000813931849269,520,2.00000007816,2.00000008158,-1.71200713283e-09
512,0.68663817130853411,5200,0,post,0,1.5,1536,0.00250988665595,0.0035504205908,0.015970526962,0.984029473038,1.01261749424,0,0,0,0.000813931849269,520,2.00000007816,2.00000008158,-1.71200713283e-09
512,0.68663817130853411,5200,0,post,0,3.0,3072,0.00255372398302,0.0034168294907,0.015970526962,0.984029473038,1.01261749424,0,0,0,0.000813931849269,520,2.00000007816,2.00000008158,-1.71200713283e-09
512,0.69986819387709909,5300,0,pre,-1,1.5,1541,0.00256917436809,0.00362384320777,0.01570351705,0.98429648295,1.01218943925,0,0,0,0.000868082523907,520,2.00000008386,2.00000008663,-1.38195449094e-09
512,0.69986819387709909,5300,0,pre,-1,3.0,3072,0.00273416083545,0.00359631764735,0.01570351705,0.98429648295,1.01218943925,0,0,0,0.000868082523907,520,2.00000008386,2.00000008663,-1.38195449094e-09
512,0.69986819387709909,5300,0,post,0,1.5,1541,0.00256917436809,0.00362384320777,0.01570351705,0.98429648295,1.01218943925,0,0,0,0.000868082523907,520,2.00000008386,2.00000008663,-1.38195449094e-09
512,0.69986819387709909,5300,0,post,0,3.0,3072,0.00273416083545,0.00359631764735,0.01570351705,0.98429648295,1.01218943925,0,0,0,0.000868082523907,520,2.00000008386,2.00000008663,-1.38195449094e-09
512,0.7130982164456644,5400,0,pre,-1,1.5,1544,0.0026719948088,0.00371072045025,0.0155379471744,0.984462052826,1.01173841361,0,0,0,0.000945519740596,520,2.00000008942,2.00000009071,-6.48485236073e-10
512,0.7130982164456644,5400,0,pre,-1,3.0,3072,0.00296258933353,0.00382527132353,0.0155379471744,0.984462052826,1.01173841361,0,0,0,0.000945519740596,520,2.00000008942,2.00000009071,-6.48485236073e-10
512,0.7130982164456644,5400,0,post,0,1.5,1544,0.0026719948088,0.00371072045025,0.0155379471744,0.984462052826,1.01173841361,0,0,0,0.000945519740596,520,2.00000008942,2.00000009071,-6.48485236073e-10
512,0.7130982164456644,5400,0,post,0,3.0,3072,0.00296258933353,0.00382527132353,0.0155379471744,0.984462052826,1.01173841361,0,0,0,0.000945519740596,520,2.00000008942,2.00000009071,-6.48485236073e-10
512,0.72632823901422972,5500,0,pre,-1,1.5,1544,0.00275956870184,0.00379279099052,0.0154061909463,0.984593809054,1.01125820895,0,0,0,0.000981684578111,520,2.00000009088,2.00000009239,-7.57229355322e-10
512,0.72632823901422972,5500,0,pre,-1,3.0,3072,0.00319682959033,0.00408587355334,0.0154061909463,0.984593809054,1.01125820895,0,0,0,0.000981684578111,520,2.00000009088,2.00000009239,-7.57229355322e-10
512,0.72632823901422972,5500,0,post,0,1.5,1544,0.00275956870184,0.00379279099052,0.0154061909463,0.984593809054,1.01125820895,0,0,0,0.000981684578111,520,2.00000009088,2.00000009239,-7.57229355322e-10
512,0.72632823901422972,5500,0,post,0,3.0,3072,0.00319682959033,0.00408587355334,0.0154061909463,0.984593809054,1.01125820895,0,0,0,0.000981684578111,520,2.00000009088,2.00000009239,-7.57229355322e-10
512,0.7395582615827947,5600,0,pre,-1,1.5,1544,0.00285666490984,0.00392328660134,0.0152281179872,0.984771882013,1.01066465333,0,0,0,0.00096571686822,520,2.00000008635,2.00000008843,-1.03724801936e-09
512,0.7395582615827947,5600,0,pre,-1,3.0,3072,0.00358823062262,0.00458769705734,0.0152281179872,0.984771882013,1.01162417394,0,0,0,0.00096571686822,520,2.00000008635,2.00000008843,-1.03724801936e-09
512,0.7395582615827947,5600,0,post,0,1.5,1544,0.00285666490984,0.00392328660134,0.0152281179872,0.984771882013,1.01066465333,0,0,0,0.00096571686822,520,2.00000008635,2.00000008843,-1.03724801936e-09
512,0.7395582615827947,5600,0,post,0,3.0,3072,0.00358823062262,0.00458769705734,0.0152281179872,0.984771882013,1.01162417394,0,0,0,0.00096571686822,520,2.00000008635,2.00000008843,-1.03724801936e-09
512,0.75278828415136001,5700,0,pre,-1,1.5,1552,0.00300498669062,0.00414308108544,0.0149928369365,0.985007163063,1.00991949869,0,0,0,0.000874751013919,520,2.00000008859,2.00000008856,1.72111206549e-11
512,0.75278828415136001,5700,0,pre,-1,3.0,3072,0.00381091113431,0.00485096415664,0.0149928369365,0.985007163063,1.01211196964,0,0,0,0.000874751013919,520,2.00000008859,2.00000008856,1.72111206549e-11
512,0.75278828415136001,5700,0,post,0,1.5,1552,0.00300498669062,0.00414308108544,0.0149928369365,0.985007163063,1.00991949869,0,0,0,0.000874751013919,520,2.00000008859,2.00000008856,1.72111206549e-11
512,0.75278828415136001,5700,0,post,0,3.0,3072,0.00381091113431,0.00485096415664,0.0149928369365,0.985007163063,1.01211196964,0,0,0,0.000874751013919,520,2.00000008859,2.00000008856,1.72111206549e-11
512,0.76601830671992532,5800,0,pre,-1,1.5,1550,0.00325456364335,0.00442909435467,0.0147873301598,0.98521266984,1.00902856817,0,0,0,0.000696052893101,520,2.00000008877,2.00000008859,9.04081214257e-11
512,0.76601830671992532,5800,0,pre,-1,3.0,3072,0.00408073587524,0.00513582097063,0.0147873301598,0.98521266984,1.01238929491,0,0,0,0.000696052893101,520,2.00000008877,2.00000008859,9.04081214257e-11
512,0.76601830671992532,5800,0,post,0,1.5,1550,0.00325456364335,0.00442909435467,0.0147873301598,0.98521266984,1.00902856817,0,0,0,0.000696052893101,520,2.00000008877,2.00000008859,9.04081214257e-11
512,0.76601830671992532,5800,0,post,0,3.0,3072,0.00408073587524,0.00513582097063,0.0147873301598,0.98521266984,1.01238929491,0,0,0,0.000696052893101,520,2.00000008877,2.00000008859,9.04081214257e-11
512,0.7792483292884903,5900,0,pre,-1,1.5,1554,0.00361623824938,0.00488101415801,0.0175460545086,0.982453945491,1.00980448096,0,0,0,0.000467169438852,526,2.00000008323,2.00000008871,-2.73673582759e-09
512,0.7792483292884903,5900,0,pre,-1,3.0,3072,0.00438739087451,0.00547049673267,0.0175460545086,0.982453945491,1.01240948014,0,0,0,0.000467169438852,526,2.00000008323,2.00000008871,-2.73673582759e-09
512,0.7792483292884903,5900,0,post,0,1.5,1554,0.00361623824938,0.00488101415801,0.0175460545086,0.982453945491,1.00980448096,0,0,0,0.000467169438852,526,2.00000008323,2.00000008871,-2.73673582759e-09
512,0.7792483292884903,5900,0,post,0,3.0,3072,0.00438739087451,0.00547049673267,0.0175460545086,0.982453945491,1.01240948014,0,0,0,0.000467169438852,526,2.00000008323,2.00000008871,-2.73673582759e-09
512,0.79247835185705562,6000,0,pre,-1,1.5,1552,0.00382055222921,0.0051281005535,0.0178070506417,0.982192949358,1.01428304657,0,0,0,0.000342605287845,516,2.00000008799,2.00000008881,-4.09952054085e-10
512,0.79247835185705562,6000,0,pre,-1,3.0,3072,0.00463419091414,0.00572974560458,0.0178070506417,0.982192949358,1.01428304657,0,0,0,0.000342605287845,516,2.00000008799,2.00000008881,-4.09952054085e-10
512,0.79247835185705562,6000,0,post,0,1.5,1552,0.00382055222921,0.0051281005535,0.0178070506417,0.982192949358,1.01428304657,0,0,0,0.000342605287845,516,2.00000008799,2.00000008881,-4.09952054085e-10
512,0.79247835185705562,6000,0,post,0,3.0,3072,0.00463419091414,0.00572974560458,0.0178070506417,0.982192949358,1.01428304657,0,0,0,0.000342605287845,516,2.00000008799,2.00000008881,-4.09952054085e-10
512,0.80570837442562082,6100,0,pre,-1,1.5,1552,0.00369511315186,0.00500907218208,0.0174713214296,0.98252867857,1.01481657957,0,0,0,0.000614400599013,516,2.00000008697,2.00000008882,-9.23478363845e-10
512,0.80570837442562082,6100,0,pre,-1,3.0,3072,0.00463808411379,0.00576163476327,0.0174713214296,0.98252867857,1.01481657957,0,0,0,0.000614400599013,516,2.00000008697,2.00000008882,-9.23478363845e-10
512,0.80570837442562082,6100,0,post,0,1.5,1552,0.00369511315186,0.00500907218208,0.0174713214296,0.98252867857,1.01481657957,0,0,0,0.000614400599013,516,2.00000008697,2.00000008882,-9.23478363845e-10
512,0.80570837442562082,6100,0,post,0,3.0,3072,0.00463808411379,0.00576163476327,0.0174713214296,0.98252867857,1.01481657957,0,0,0,0.000614400599013,516,2.00000008697,2.00000008882,-9.23478363845e-10
512,0.81893839699418591,6200,0,pre,-1,1.5,1547,0.00343936708616,0.00471939880672,0.016930268794,0.983069731206,1.01465044851,0,0,0,0.000829887504453,516,2.00000008727,2.00000008883,-7.83407304204e-10
512,0.81893839699418591,6200,0,pre,-1,3.0,3072,0.00456656330901,0.00572270377553,0.016930268794,0.983069731206,1.01465044851,0,0,0,0.000829887504453,516,2.00000008727,2.00000008883,-7.83407304204e-10
512,0.81893839699418591,6200,0,post,0,1.5,1547,0.00343936708616,0.00471939880672,0.016930268794,0.983069731206,1.01465044851,0,0,0,0.000829887504453,516,2.00000008727,2.00000008883,-7.83407304204e-10
512,0.81893839699418591,6200,0,post,0,3.0,3072,0.00456656330901,0.00572270377553,0.016930268794,0.983069731206,1.01465044851,0,0,0,0.000829887504453,516,2.00000008727,2.00000008883,-7.83407304204e-10
512,0.83216841956275123,6300,0,pre,-1,1.5,1544,0.003195784489,0.00447760672919,0.0164198287684,0.983580171232,1.01438385371,0,0,0,0.000973036543631,516,2.00000008809,2.00000008884,-3.74473768679e-10
512,0.83216841956275123,6300,0,pre,-1,3.0,3072,0.00448002297985,0.00568111248524,0.0164198287684,0.983580171232,1.01438385371,0,0,0,0.000973036543631,516,2.00000008809,2.00000008884,-3.74473768679e-10
512,0.83216841956275123,6300,0,post,0,1.5,1544,0.003195784489,0.00447760672919,0.0164198287684,0.983580171232,1.01438385371,0,0,0,0.000973036543631,516,2.00000008809,2.00000008884,-3.74473768679e-10
512,0.83216841956275123,6300,0,post,0,3.0,3072,0.00448002297985,0.00568111248524,0.0164198287684,0.983580171232,1.01438385371,0,0,0,0.000973036543631,516,2.00000008809,2.00000008884,-3.74473768679e-10
512,0.84539844213131643,6400,0,pre,-1,1.5,1544,0.00300380906232,0.00433007026982,0.016021532902,0.983978467098,1.01405575949,0,0,0,0.00104430645809,516,2.00000009302,2.00000009409,-5.34540608832e-10
512,0.84539844213131643,6400,0,pre,-1,3.0,3064,0.00449050306274,0.00583472629098,0.016021532902,0.983978467098,1.01405575949,0,0,0,0.00104430645809,516,2.00000009302,2.00000009409,-5.34540608832e-10
512,0.84539844213131643,6400,0,post,0,1.5,1544,0.00300380906232,0.00433007026982,0.016021532902,0.983978467098,1.01405575949,0,0,0,0.00104430645809,516,2.00000009302,2.00000009409,-5.34540608832e-10
512,0.84539844213131643,6400,0,post,0,3.0,3064,0.00449050306274,0.00583472629098,0.016021532902,0.983978467098,1.01405575949,0,0,0,0.00104430645809,516,2.00000009302,2.00000009409,-5.34540608832e-10
512,0.85862846469988152,6500,0,pre,-1,1.5,1544,0.00293854252713,0.00424441665217,0.0157622472825,0.984237752718,1.01369230653,0,0,0,0.00106665277046,516,2.0000000914,2.00000009375,-1.17454995775e-09
512,0.85862846469988152,6500,0,pre,-1,3.0,3064,0.00446941681854,0.00581123527558,0.0157622472825,0.984237752718,1.01369230653,0,0,0,0.00106665277046,516,2.0000000914,2.00000009375,-1.17454995775e-09
512,0.85862846469988152,6500,0,post,0,1.5,1544,0.00293854252713,0.00424441665217,0.0157622472825,0.984237752718,1.01369230653,0,0,0,0.00106665277046,516,2.0000000914,2.00000009375,-1.17454995775e-09
512,0.85862846469988152,6500,0,post,0,3.0,3064,0.00446941681854,0.00581123527558,0.0157622472825,0.984237752718,1.01369230653,0,0,0,0.00106665277046,516,2.0000000914,2.00000009375,-1.17454995775e-09
512,0.87185848726844684,6600,0,pre,-1,1.5,1544,0.00293141119693,0.00419870687889,0.0156113665253,0.984388633475,1.01333952156,0,0,0,0.00105837496724,516,2.00000008818,2.00000009219,-2.00395779615e-09
512,0.87185848726844684,6600,0,pre,-1,3.0,3072,0.00442056182295,0.00571573319428,0.0156113665253,0.984388633475,1.01333952156,0,0,0,0.00105837496724,516,2.00000008818,2.00000009219,-2.00395779615e-09
512,0.87185848726844684,6600,0,post,0,1.5,1544,0.00293141119693,0.00419870687889,0.0156113665253,0.984388633475,1.01333952156,0,0,0,0.00105837496724,516,2.00000008818,2.00000009219,-2.00395779615e-09
512,0.87185848726844684,6600,0,post,0,3.0,3072,0.00442056182295,0.00571573319428,0.0156113665253,0.984388633475,1.01333952156,0,0,0,0.00105837496724,516,2.00000008818,2.00000009219,-2.00395779615e-09
512,0.88508850983701204,6700,0,pre,-1,1.5,1542,0.00291585905513,0.00414479615968,0.0155300313713,0.984469968629,1.01304316115,0,0,0,0.00103138987398,516,2.00000008429,2.00000008995,-2.83200383729e-09
512,0.88508850983701204,6700,0,pre,-1,3.0,3072,0.00435409064025,0.00560925669556,0.0155300313713,0.984469968629,1.01304316115,0,0,0,0.00103138987398,516,2.00000008429,2.00000008995,-2.83200383729e-09
512,0.88508850983701204,6700,0,post,0,1.5,1542,0.00291585905513,0.00414479615968,0.0155300313713,0.984469968629,1.01304316115,0,0,0,0.00103138987398,516,2.00000008429,2.00000008995,-2.83200383729e-09
512,0.88508850983701204,6700,0,post,0,3.0,3072,0.00435409064025,0.00560925669556,0.0155300313713,0.984469968629,1.01304316115,0,0,0,0.00103138987398,516,2.00000008429,2.00000008995,-2.83200383729e-09
512,0.89831853240557713,6800,0,pre,-1,1.5,1536,0.00286488643932,0.00404464910062,0.0154895491789,0.984510450821,1.0127864219,0,0,0,0.000999825950808,516,2.00000008148,2.00000008854,-3.52654823053e-09
512,0.89831853240557713,6800,0,pre,-1,3.0,3072,0.00426449480342,0.00548510014625,0.0154895491789,0.984510450821,1.0127864219,0,0,0,0.000999825950808,516,2.00000008148,2.00000008854,-3.52654823053e-09
512,0.89831853240557713,6800,0,post,0,1.5,1536,0.00286488643932,0.00404464910062,0.0154895491789,0.984510450821,1.0127864219,0,0,0,0.000999825950808,516,2.00000008148,2.00000008854,-3.52654823053e-09
512,0.89831853240557713,6800,0,post,0,3.0,3072,0.00426449480342,0.00548510014625,0.0154895491789,0.984510450821,1.0127864219,0,0,0,0.000999825950808,516,2.00000008148,2.00000008854,-3.52654823053e-09
512,0.91154855497414244,6900,0,pre,-1,1.5,1536,0.00283874156904,0.00400490248725,0.0154761620954,0.984523837905,1.01259731816,0,0,0,0.000974444937283,516,2.00000007964,2.00000008755,-3.95370208141e-09
512,0.91154855497414244,6900,0,pre,-1,3.0,3072,0.00415493136619,0.00534358307489,0.0154761620954,0.984523837905,1.01259731816,0,0,0,0.000974444937283,516,2.00000007964,2.00000008755,-3.95370208141e-09
512,0.91154855497414244,6900,0,post,0,1.5,1536,0.00283874156904,0.00400490248725,0.0154761620954,0.984523837905,1.01259731816,0,0,0,0.000974444937283,516,2.00000007964,2.00000008755,-3.95370208141e-09
512,0.91154855497414244,6900,0,post,0,3.0,3072,0.00415493136619,0.00534358307489,0.0154761620954,0.984523837905,1.01259731816,0,0,0,0.000974444937283,516,2.00000007964,2.00000008755,-3.95370208141e-09
512,0.92477857754270754,7000,0,pre,-1,1.5,1536,0.00279569703092,0.00395400373755,0.0154800937065,0.984519906293,1.01248457077,0,0,0,0.000960507681157,516,2.0000000785,2.00000008668,-4.08706206707e-09
512,0.92477857754270754,7000,0,pre,-1,3.0,3072,0.00403249226107,0.00519208696551,0.0154800937065,0.984519906293,1.01248457077,0,0,0,0.000960507681157,516,2.0000000785,2.00000008668,-4.08706206707e-09
512,0.92477857754270754,7000,0,post,0,1.5,1536,0.00279569703092,0.00395400373755,0.0154800937065,0.984519906293,1.01248457077,0,0,0,0.000960507681157,516,2.0000000785,2.00000008668,-4.08706206707e-09
512,0.92477857754270754,7000,0,post,0,3.0,3072,0.00403249226107,0.00519208696551,0.0154800937065,0.984519906293,1.01248457077,0,0,0,0.000960507681157,516,2.0000000785,2.00000008668,-4.08706206707e-09
512,0.93800860011127274,7100,0,pre,-1,1.5,1536,0.00273474358778,0.00389013700461,0.0154955728862,0.984504427114,1.0124467566,0,0,0,0.000953570545927,520,2.00000007939,2.00000008715,-3.88370652034e-09
512,0.93800860011127274,7100,0,pre,-1,3.0,3072,0.00389384478039,0.00502918704874,0.0154955728862,0.984504427114,1.0124467566,0,0,0,0.000953570545927,520,2.00000007939,2.00000008715,-3.88370652034e-09
512,0.93800860011127274,7100,0,post,0,1.5,1536,0.00273474358778,0.00389013700461,0.0154955728862,0.984504427114,1.0124467566,0,0,0,0.000953570545927,520,2.00000007939,2.00000008715,-3.88370652034e-09
512,0.93800860011127274,7100,0,post,0,3.0,3072,0.00389384478039,0.00502918704874,0.0154955728862,0.984504427114,1.0124467566,0,0,0,0.000953570545927,520,2.00000007939,2.00000008715,-3.88370652034e-09
512,0.95123862267983805,7200,0,pre,-1,1.5,1536,0.00265834900592,0.00381535612111,0.0155186630622,0.984481336938,1.01246813598,0,0,0,0.000963828790527,520,2.0000000818,2.00000008822,-3.21197920748e-09
512,0.95123862267983805,7200,0,pre,-1,3.0,3072,0.00374380933605,0.00485838240958,0.0155186630622,0.984481336938,1.01246813598,0,0,0,0.000963828790527,520,2.0000000818,2.00000008822,-3.21197920748e-09
512,0.95123862267983805,7200,0,post,0,1.5,1536,0.00265834900592,0.00381535612111,0.0155186630622,0.984481336938,1.01246813598,0,0,0,0.000963828790527,520,2.0000000818,2.00000008822,-3.21197920748e-09
512,0.95123862267983805,7200,0,post,0,3.0,3072,0.00374380933605,0.00485838240958,0.0155186630622,0.984481336938,1.01246813598,0,0,0,0.000963828790527,520,2.0000000818,2.00000008822,-3.21197920748e-09
512,0.96446864524840303,7300,0,pre,-1,1.5,1542,0.00261291545775,0.00381243352159,0.0154271667182,0.984572833282,1.01254072465,0,0,0,0.000978971835211,520,2.00000008445,2.00000008965,-2.60034382361e-09
512,0.96446864524840303,7300,0,pre,-1,3.0,3072,0.00359244914522,0.00468336898816,0.0154271667182,0.984572833282,1.01254072465,0,0,0,0.000978971835211,520,2.00000008445,2.00000008965,-2.60034382361e-09
512,0.96446864524840303,7300,0,post,0,1.5,1542,0.00261291545775,0.00381243352159,0.0154271667182,0.984572833282,1.01254072465,0,0,0,0.000978971835211,520,2.00000008445,2.00000008965,-2.60034382361e-09
512,0.96446864524840303,7300,0,post,0,3.0,3072,0.00359244914522,0.00468336898816,0.0154271667182,0.984572833282,1.01254072465,0,0,0,0.000978971835211,520,2.00000008445,2.00000008965,-2.60034382361e-09
512,0.97769866781696835,7400,0,pre,-1,1.5,1544,0.0025406831998,0.00376367054259,0.015292752244,0.984707247756,1.01265202968,0,0,0,0.000991159052834,520,2.00000008529,2.00000009113,-2.92020128096e-09
512,0.97769866781696835,7400,0,pre,-1,3.0,3072,0.00344413438291,0.00450766279604,0.015292752244,0.984707247756,1.01265202968,0,0,0,0.000991159052834,520,2.00000008529,2.00000009113,-2.92020128096e-09
512,0.97769866781696835,7400,0,post,0,1.5,1544,0.0025406831998,0.00376367054259,0.015292752244,0.984707247756,1.01265202968,0,0,0,0.000991159052834,520,2.00000008529,2.00000009113,-2.92020128096e-09
512,0.97769866781696835,7400,0,post,0,3.0,3072,0.00344413438291,0.00450766279604,0.015292752244,0.984707247756,1.01265202968,0,0,0,0.000991159052834,520,2.00000008529,2.00000009113,-2.92020128096e-09
512,0.99092869038553366,7500,0,pre,-1,1.5,1544,0.00246470108764,0.00370774434345,0.0151801731915,0.984819826808,1.012801777,0,0,0,0.000990659893415,520,2.00000008898,2.00000009249,-1.7565423858e-09
512,0.99092869038553366,7500,0,pre,-1,3.0,3064,0.00329801402472,0.00434452655799,0.0151801731915,0.984819826808,1.012801777,0,0,0,0.000990659893415,520,2.00000008898,2.00000009249,-1.7565423858e-09
512,0.99092869038553366,7500,0,post,0,1.5,1544,0.00246470108764,0.00370774434345,0.0151801731915,0.984819826808,1.012801777,0,0,0,0.000990659893415,520,2.00000008898,2.00000009249,-1.7565423858e-09
512,0.99092869038553366,7500,0,post,0,3.0,3064,0.00329801402472,0.00434452655799,0.0151801731915,0.984819826808,1.012801777,0,0,0,0.000990659893415,520,2.00000008898,2.00000009249,-1.7565423858e-09
512,1.0041587129540988,7600,0,pre,-1,1.5,1544,0.00245828699174,0.00367549486647,0.0150800005862,0.984919999414,1.01297648327,0,0,0,0.000970795737764,520,2.0000000909,2.00000009358,-1.34026450328e-09
512,1.0041587129540988,7600,0,pre,-1,3.0,3072,0.0031781884019,0.00419107948294,0.0150800005862,0.984919999414,1.01297648327,0,0,0,0.000970795737764,520,2.0000000909,2.00000009358,-1.34026450328e-09
512,1.0041587129540988,7600,0,post,0,1.5,1544,0.00245828699174,0.00367549486647,0.0150800005862,0.984919999414,1.01297648327,0,0,0,0.000970795737764,520,2.0000000909,2.00000009358,-1.34026450328e-09
512,1.0041587129540988,7600,0,post,0,3.0,3072,0.0031781884019,0.00419107948294,0.0150800005862,0.984919999414,1.01297648327,0,0,0,0.000970795737764,520,2.0000000909,2.00000009358,-1.34026450328e-09
512,1.0173887355226645,7700,0,pre,-1,1.5,1544,0.00250501774027,0.00368022497276,0.0149932599196,0.98500674008,1.01317553373,0,0,0,0.00093389354613,520,2.0000000916,2.00000009354,-9.71875201492e-10
512,1.0173887355226645,7700,0,pre,-1,3.0,3064,0.00305728856351,0.00402442733001,0.0149932599196,0.98500674008,1.01317553373,0,0,0,0.00093389354613,520,2.0000000916,2.00000009354,-9.71875201492e-10
512,1.0173887355226645,7700,0,post,0,1.5,1544,0.00250501774027,0.00368022497276,0.0149932599196,0.98500674008,1.01317553373,0,0,0,0.00093389354613,520,2.0000000916,2.00000009354,-9.71875201492e-10
512,1.0173887355226645,7700,0,post,0,3.0,3064,0.00305728856351,0.00402442733001,0.0149932599196,0.98500674008,1.01317553373,0,0,0,0.00093389354613,520,2.0000000916,2.00000009354,-9.71875201492e-10
512,1.0306187580912303,7800,0,pre,-1,1.5,1544,0.00256792779945,0.00371496715972,0.0149073774573,0.985092622543,1.01338521695,0,0,0,0.000868342400064,520,2.00000008545,2.00000008867,-1.60935280184e-09
512,1.0306187580912303,7800,0,pre,-1,3.0,3072,0.00290418764932,0.00381136534196,0.0149073774573,0.985092622543,1.01338521695,0,0,0,0.000868342400064,520,2.00000008545,2.00000008867,-1.60935280184e-09
512,1.0306187580912303,7800,0,post,0,1.5,1544,0.00256792779945,0.00371496715972,0.0149073774573,0.985092622543,1.01338521695,0,0,0,0.000868342400064,520,2.00000008545,2.00000008867,-1.60935280184e-09
512,1.0306187580912303,7800,0,post,0,3.0,3072,0.00290418764932,0.00381136534196,0.0149073774573,0.985092622543,1.01338521695,0,0,0,0.000868342400064,520,2.00000008545,2.00000008867,-1.60935280184e-09
512,1.0438487806597958,7900,0,pre,-1,1.5,1544,0.00264542050054,0.00378483923192,0.014827104959,0.985172895041,1.0136375804,0,0,0,0.000770973495629,520,2.00000008625,2.00000008865,-1.20026849801e-09
512,1.0438487806597958,7900,0,pre,-1,3.0,3072,0.00285702039884,0.00376448356231,0.014827104959,0.985172895041,1.0136375804,0,0,0,0.000770973495629,520,2.00000008625,2.00000008865,-1.20026849801e-09
512,1.0438487806597958,7900,0,post,0,1.5,1544,0.00264542050054,0.00378483923192,0.014827104959,0.985172895041,1.0136375804,0,0,0,0.000770973495629,520,2.00000008625,2.00000008865,-1.20026849801e-09
512,1.0438487806597958,7900,0,post,0,3.0,3072,0.00285702039884,0.00376448356231,0.014827104959,0.985172895041,1.0136375804,0,0,0,0.000770973495629,520,2.00000008625,2.00000008865,-1.20026849801e-09
512,1.0570788032283616,8000,0,pre,-1,1.5,1552,0.00278506061793,0.00396827733376,0.0147620189068,0.985237981093,1.01395854434,0,0,0,0.000642160215581,520,2.00000008637,2.00000008866,-1.14911963735e-09
512,1.0570788032283616,8000,0,pre,-1,3.0,3072,0.00282926257415,0.00376604162079,0.0147620189068,0.985237981093,1.01395854434,0,0,0,0.000642160215581,520,2.00000008637,2.00000008866,-1.14911963735e-09
512,1.0570788032283616,8000,0,post,0,1.5,1552,0.00278506061793,0.00396827733376,0.0147620189068,0.985237981093,1.01395854434,0,0,0,0.000642160215581,520,2.00000008637,2.00000008866,-1.14911963735e-09
512,1.0570788032283616,8000,0,post,0,3.0,3072,0.00282926257415,0.00376604162079,0.0147620189068,0.985237981093,1.01395854434,0,0,0,0.000642160215581,520,2.00000008637,2.00000008866,-1.14911963735e-09
512,1.0703088257969273,8100,0,pre,-1,1.5,1549,0.00290029715305,0.00414166559049,0.0147372800334,0.985262719967,1.01442302452,0,0,0,0.000477747642229,520,2.00000008752,2.00000008865,-5.68028265892e-10
512,1.0703088257969273,8100,0,pre,-1,3.0,3072,0.00282739638818,0.00382687163616,0.0147372800334,0.985262719967,1.01442302452,0,0,0,0.000477747642229,520,2.00000008752,2.00000008865,-5.68028265892e-10
512,1.0703088257969273,8100,0,post,0,1.5,1549,0.00290029715305,0.00414166559049,0.0147372800334,0.985262719967,1.01442302452,0,0,0,0.000477747642229,520,2.00000008752,2.00000008865,-5.68028265892e-10
512,1.0703088257969273,8100,0,post,0,3.0,3072,0.00282739638818,0.00382687163616,0.0147372800334,0.985262719967,1.01442302452,0,0,0,0.000477747642229,520,2.00000008752,2.00000008865,-5.68028265892e-10
512,1.0835388483654929,8200,0,pre,-1,1.5,1560,0.00309815113671,0.00445360295901,0.015192207318,0.985309725688,1.01519220732,0,0,0,0.000300419889605,520,2.00000008976,2.00000008865,5.58013166477e-10
512,1.0835388483654929,8200,0,pre,-1,3.0,3072,0.00286762361754,0.00396958886131,0.015192207318,0.985309725688,1.01519220732,0,0,0,0.000300419889605,520,2.00000008976,2.00000008865,5.58013166477e-10
512,1.0835388483654929,8200,0,post,0,1.5,1560,0.00309815113671,0.00445360295901,0.015192207318,0.985309725688,1.01519220732,0,0,0,0.000300419889605,520,2.00000008976,2.00000008865,5.58013166477e-10
512,1.0835388483654929,8200,0,post,0,3.0,3072,0.00286762361754,0.00396958886131,0.015192207318,0.985309725688,1.01519220732,0,0,0,0.000300419889605,520,2.00000008976,2.00000008865,5.58013166477e-10
512,1.0967688709340586,8300,0,pre,-1,1.5,1574,0.0028202714608,0.00424453054144,0.015683153612,0.984316846388,1.01480726218,0,0,0,0.000113185501293,516,2.00000009057,2.00000008852,1.02384407528e-09
512,1.0967688709340586,8300,0,pre,-1,3.0,3072,0.00293778135823,0.00413695445027,0.0159315647036,0.984316846388,1.0159315647,0,0,0,0.000113185501293,516,2.00000009057,2.00000008852,1.02384407528e-09
512,1.0967688709340586,8300,0,post,0,1.5,1574,0.0028202714608,0.00424453054144,0.015683153612,0.984316846388,1.01480726218,0,0,0,0.000113185501293,516,2.00000009057,2.00000008852,1.02384407528e-09
512,1.0967688709340586,8300,0,post,0,3.0,3072,0.00293778135823,0.00413695445027,0.0159315647036,0.984316846388,1.0159315647,0,0,0,0.000113185501293,516,2.00000009057,2.00000008852,1.02384407528e-09
512,1.1099988935026244,8400,0,pre,-1,1.5,1552,0.00289635604356,0.00435343904272,0.0157349051931,0.984265094807,1.01471947677,0,0,0,0.000261250078922,515,2.00000008803,2.00000008851,-2.4423662011e-10
512,1.1099988935026244,8400,0,pre,-1,3.0,3072,0.00296442053762,0.00416846831973,0.0157349051931,0.984265094807,1.01498879152,0,0,0,0.000261250078922,515,2.00000008803,2.00000008851,-2.4423662011e-10
512,1.1099988935026244,8400,0,post,0,1.5,1552,0.00289635604356,0.00435343904272,0.0157349051931,0.984265094807,1.01471947677,0,0,0,0.000261250078922,515,2.00000008803,2.00000008851,-2.4423662011e-10
512,1.1099988935026244,8400,0,post,0,3.0,3072,0.00296442053762,0.00416846831973,0.0157349051931,0.984265094807,1.01498879152,0,0,0,0.000261250078922,515,2.00000008803,2.00000008851,-2.4423662011e-10
512,1.1232289160711899,8500,0,pre,-1,1.5,1544,0.00284911619085,0.00430863841769,0.0155585218338,0.984441478166,1.0148156328,0,0,0,0.000394574524862,516,2.00000008734,2.00000008851,-5.82576183715e-10
512,1.1232289160711899,8500,0,pre,-1,3.0,3072,0.00291614097433,0.00410708925324,0.0155585218338,0.984441478166,1.0148156328,0,0,0,0.000394574524862,516,2.00000008734,2.00000008851,-5.82576183715e-10
512,1.1232289160711899,8500,0,post,0,1.5,1544,0.00284911619085,0.00430863841769,0.0155585218338,0.984441478166,1.0148156328,0,0,0,0.000394574524862,516,2.00000008734,2.00000008851,-5.82576183715e-10
512,1.1232289160711899,8500,0,post,0,3.0,3072,0.00291614097433,0.00410708925324,0.0155585218338,0.984441478166,1.0148156328,0,0,0,0.000394574524862,516,2.00000008734,2.00000008851,-5.82576183715e-10
512,1.1364589386397557,8600,0,pre,-1,1.5,1544,0.00276543618803,0.00421325268985,0.0153432643822,0.984656735618,1.01493010932,0,0,0,0.00050245488906,516,2.00000008707,2.0000000885,-7.14302807491e-10
512,1.1364589386397557,8600,0,pre,-1,3.0,3072,0.00283919291562,0.00400476481925,0.0153432643822,0.984656735618,1.01493010932,0,0,0,0.00050245488906,516,2.00000008707,2.0000000885,-7.14302807491e-10
512,1.1364589386397557,8600,0,post,0,1.5,1544,0.00276543618803,0.00421325268985,0.0153432643822,0.984656735618,1.01493010932,0,0,0,0.00050245488906,516,2.00000008707,2.0000000885,-7.14302807491e-10
512,1.1364589386397557,8600,0,post,0,3.0,3072,0.00283919291562,0.00400476481925,0.0153432643822,0.984656735618,1.01493010932,0,0,0,0.00050245488906,516,2.00000008707,2.0000000885,-7.14302807491e-10
512,1.1496889612083214,8700,0,pre,-1,1.5,1544,0.00266732943035,0.00410839390089,0.0151195088474,0.984880491153,1.01503384832,0,0,0,0.000587893828284,516,2.00000008708,2.0000000885,-7.1068769944e-10
512,1.1496889612083214,8700,0,pre,-1,3.0,3072,0.00275981878415,0.00390114423045,0.0151195088474,0.984880491153,1.01503384832,0,0,0,0.000587893828284,516,2.00000008708,2.0000000885,-7.1068769944e-10
512,1.1496889612083214,8700,0,post,0,1.5,1544,0.00266732943035,0.00410839390089,0.0151195088474,0.984880491153,1.01503384832,0,0,0,0.000587893828284,516,2.00000008708,2.0000000885,-7.1068769944e-10
512,1.1496889612083214,8700,0,post,0,3.0,3072,0.00275981878415,0.00390114423045,0.0151195088474,0.984880491153,1.01503384832,0,0,0,0.000587893828284,516,2.00000008708,2.0000000885,-7.1068769944e-10
512,1.162918983776887,8800,0,pre,-1,1.5,1544,0.0025725432572,0.00402386196142,0.0151171948244,0.985072955224,1.01511719482,0,0,0,0.000652924467866,516,2.00000008721,2.00000008849,-6.38856494972e-10
512,1.162918983776887,8800,0,pre,-1,3.0,3072,0.00268886827422,0.00381923469311,0.0151171948244,0.985072955224,1.01511719482,0,0,0,0.000652924467866,516,2.00000008721,2.00000008849,-6.38856494972e-10
512,1.162918983776887,8800,0,post,0,1.5,1544,0.0025725432572,0.00402386196142,0.0151171948244,0.985072955224,1.01511719482,0,0,0,0.000652924467866,516,2.00000008721,2.00000008849,-6.38856494972e-10
512,1.162918983776887,8800,0,post,0,3.0,3072,0.00268886827422,0.00381923469311,0.0151171948244,0.985072955224,1.01511719482,0,0,0,0.000652924467866,516,2.00000008721,2.00000008849,-6.38856494972e-10
512,1.1761490063454527,8900,0,pre,-1,1.5,1544,0.00249388593722,0.00397095879656,0.0151821729985,0.985210575048,1.015182173,0,0,0,0.000699758217958,516,2.00000008737,2.00000008849,-5.58334243005e-10
512,1.1761490063454527,8900,0,pre,-1,3.0,3040,0.00263818827247,0.00378065927216,0.0151821729985,0.985210575048,1.015182173,0,0,0,0.000699758217958,516,2.00000008737,2.00000008849,-5.58334243005e-10
512,1.1761490063454527,8900,0,post,0,1.5,1544,0.00249388593722,0.00397095879656,0.0151821729985,0.985210575048,1.015182173,0,0,0,0.000699758217958,516,2.00000008737,2.00000008849,-5.58334243005e-10
512,1.1761490063454527,8900,0,post,0,3.0,3040,0.00263818827247,0.00378065927216,0.0151821729985,0.985210575048,1.015182173,0,0,0,0.000699758217958,516,2.00000008737,2.00000008849,-5.58334243005e-10
512,1.1893790289140185,9000,0,pre,-1,1.5,1544,0.00245548840565,0.00394733282378,0.0152293163466,0.985313974877,1.01522931635,0,0,0,0.000732999979653,516,2.00000009061,2.00000009216,-7.79247741507e-10
512,1.1893790289140185,9000,0,pre,-1,3.0,3064,0.0025218838565,0.0037175159042,0.0152293163466,0.985313974877,1.01522931635,0,0,0,0.000732999979653,516,2.00000009061,2.00000009216,-7.79247741507e-10
512,1.1893790289140185,9000,0,post,0,1.5,1544,0.00245548840565,0.00394733282378,0.0152293163466,0.985313974877,1.01522931635,0,0,0,0.000732999979653,516,2.00000009061,2.00000009216,-7.79247741507e-10
512,1.1893790289140185,9000,0,post,0,3.0,3064,0.0025218838565,0.0037175159042,0.0152293163466,0.985313974877,1.01522931635,0,0,0,0.000732999979653,516,2.00000009061,2.00000009216,-7.79247741507e-10
512,1.202609051482584,9100,0,pre,-1,1.5,1544,0.00244673705004,0.00394488411278,0.0152496799773,0.984918201798,1.01524967998,0,0,0,0.000755844704001,516,2.00000009059,2.0000000927,-1.05339510006e-09
512,1.202609051482584,9100,0,pre,-1,3.0,3064,0.00251059010991,0.00370639126155,0.0152496799773,0.984918201798,1.01524967998,0,0,0,0.000755844704001,516,2.00000009059,2.0000000927,-1.05339510006e-09
512,1.202609051482584,9100,0,post,0,1.5,1544,0.00244673705004,0.00394488411278,0.0152496799773,0.984918201798,1.01524967998,0,0,0,0.000755844704001,516,2.00000009059,2.0000000927,-1.05339510006e-09
512,1.202609051482584,9100,0,post,0,3.0,3064,0.00251059010991,0.00370639126155,0.0152496799773,0.984918201798,1.01524967998,0,0,0,0.000755844704001,516,2.00000009059,2.0000000927,-1.05339510006e-09
512,1.2158390740511498,9200,0,pre,-1,1.5,1544,0.00245124340263,0.00395580430732,0.0158431621902,0.98415683781,1.0152497021,0,0,0,0.000771318432545,516,2.00000009007,2.00000009261,-1.2715103936e-09
512,1.2158390740511498,9200,0,pre,-1,3.0,3067,0.00252957885674,0.0037179437777,0.0158431621902,0.98415683781,1.0152497021,0,0,0,0.000771318432545,516,2.00000009007,2.00000009261,-1.2715103936e-09
512,1.2158390740511498,9200,0,post,0,1.5,1544,0.00245124340263,0.00395580430732,0.0158431621902,0.98415683781,1.0152497021,0,0,0,0.000771318432545,516,2.00000009007,2.00000009261,-1.2715103936e-09
512,1.2158390740511498,9200,0,post,0,3.0,3067,0.00252957885674,0.0037179437777,0.0158431621902,0.98415683781,1.0152497021,0,0,0,0.000771318432545,516,2.00000009007,2.00000009261,-1.2715103936e-09
512,1.2290690966197155,9300,0,pre,-1,1.5,1544,0.00246981376878,0.00397452815521,0.0164785355536,0.983521464446,1.01523397055,0,0,0,0.000781852632686,516,2.00000008968,2.00000009246,-1.39164695551e-09
512,1.2290690966197155,9300,0,pre,-1,3.0,3072,0.00256854585582,0.00374408829393,0.0164785355536,0.983521464446,1.01523397055,0,0,0,0.000781852632686,516,2.00000008968,2.00000009246,-1.39164695551e-09
512,1.2290690966197155,9300,0,post,0,1.5,1544,0.00246981376878,0.00397452815521,0.0164785355536,0.983521464446,1.01523397055,0,0,0,0.000781852632686,516,2.00000008968,2.00000009246,-1.39164695551e-09
512,1.2290690966197155,9300,0,post,0,3.0,3072,0.00256854585582,0.00374408829393,0.0164785355536,0.983521464446,1.01523397055,0,0,0,0.000781852632686,516,2.00000008968,2.00000009246,-1.39164695551e-09
512,1.2422991191882811,9400,0,pre,-1,1.5,1544,0.00249841735745,0.00399760370925,0.0170185659224,0.982981434078,1.01519859151,0,0,0,0.000783354835699,520,2.00000008963,2.00000009241,-1.39057070539e-09
512,1.2422991191882811,9400,0,pre,-1,3.0,3072,0.00262004283071,0.00378316330958,0.0170185659224,0.982981434078,1.01519859151,0,0,0,0.000783354835699,520,2.00000008963,2.00000009241,-1.39057070539e-09
512,1.2422991191882811,9400,0,post,0,1.5,1544,0.00249841735745,0.00399760370925,0.0170185659224,0.982981434078,1.01519859151,0,0,0,0.000783354835699,520,2.00000008963,2.00000009241,-1.39057070539e-09
512,1.2422991191882811,9400,0,post,0,3.0,3072,0.00262004283071,0.00378316330958,0.0170185659224,0.982981434078,1.01519859151,0,0,0,0.000783354835699,520,2.00000008963,2.00000009241,-1.39057070539e-09
512,1.2555291417568468,9500,0,pre,-1,1.5,1544,0.00253022383973,0.00402103768987,0.0175020656484,0.982497934352,1.01510055271,0,0,0,0.000789794636665,520,2.00000008998,2.00000009257,-1.29137405898e-09
512,1.2555291417568468,9500,0,pre,-1,3.0,3072,0.00268100589972,0.00383086387297,0.0175020656484,0.982497934352,1.01510055271,0,0,0,0.000789794636665,520,2.00000008998,2.00000009257,-1.29137405898e-09
512,1.2555291417568468,9500,0,post,0,1.5,1544,0.00253022383973,0.00402103768987,0.0175020656484,0.982497934352,1.01510055271,0,0,0,0.000789794636665,520,2.00000008998,2.00000009257,-1.29137405898e-09
512,1.2555291417568468,9500,0,post,0,3.0,3072,0.00268100589972,0.00383086387297,0.0175020656484,0.982497934352,1.01510055271,0,0,0,0.000789794636665,520,2.00000008998,2.00000009257,-1.29137405898e-09
512,1.2687591643254126,9600,0,pre,-1,1.5,1543,0.00256651201517,0.00404370300769,0.0180922292652,0.981907770735,1.01493142475,0,0,0,0.000791862867575,520,2.00000009068,2.00000009256,-9.41964684844e-10
512,1.2687591643254126,9600,0,pre,-1,3.0,3064,0.00275140934625,0.00388784745727,0.0180922292652,0.981907770735,1.01493142475,0,0,0,0.000791862867575,520,2.00000009068,2.00000009256,-9.41964684844e-10
512,1.2687591643254126,9600,0,post,0,1.5,1543,0.00256651201517,0.00404370300769,0.0180922292652,0.981907770735,1.01493142475,0,0,0,0.000791862867575,520,2.00000009068,2.00000009256,-9.41964684844e-10
512,1.2687591643254126,9600,0,post,0,3.0,3064,0.00275140934625,0.00388784745727,0.0180922292652,0.981907770735,1.01493142475,0,0,0,0.000791862867575,520,2.00000009068,2.00000009256,-9.41964684844e-10
512,1.2819891868939781,9700,0,pre,-1,1.5,1543,0.00260366134996,0.00406424717126,0.0188093134721,0.981190686528,1.01469802199,0,0,0,0.000794741594916,520,2.00000009061,2.00000009258,-9.88376001918e-10
512,1.2819891868939781,9700,0,pre,-1,3.0,3064,0.00283846489904,0.00396030328308,0.0188093134721,0.981190686528,1.01469802199,0,0,0,0.000794741594916,520,2.00000009061,2.00000009258,-9.88376001918e-10
512,1.2819891868939781,9700,0,post,0,1.5,1543,0.00260366134996,0.00406424717126,0.0188093134721,0.981190686528,1.01469802199,0,0,0,0.000794741594916,520,2.00000009061,2.00000009258,-9.88376001918e-10
512,1.2819891868939781,9700,0,post,0,3.0,3064,0.00283846489904,0.00396030328308,0.0188093134721,0.981190686528,1.01469802199,0,0,0,0.000794741594916,520,2.00000009061,2.00000009258,-9.88376001918e-10
512,1.2952192094625439,9800,0,pre,-1,1.5,1544,0.00264370934158,0.00408726080941,0.0194721330875,0.980527866912,1.01440867346,0,0,0,0.000792897372374,520,2.00000009001,2.00000009156,-7.74936967979e-10
512,1.2952192094625439,9800,0,pre,-1,3.0,3064,0.00295470253052,0.00406631245115,0.0194721330875,0.980527866912,1.01440867346,0,0,0,0.000792897372374,520,2.00000009001,2.00000009156,-7.74936967979e-10
512,1.2952192094625439,9800,0,post,0,1.5,1544,0.00264370934158,0.00408726080941,0.0194721330875,0.980527866912,1.01440867346,0,0,0,0.000792897372374,520,2.00000009001,2.00000009156,-7.74936967979e-10
512,1.2952192094625439,9800,0,post,0,3.0,3064,0.00295470253052,0.00406631245115,0.0194721330875,0.980527866912,1.01440867346,0,0,0,0.000792897372374,520,2.00000009001,2.00000009156,-7.74936967979e-10
512,1.3084492320311094,9900,0,pre,-1,1.5,1544,0.00269521994185,0.00411944187257,0.0200707362288,0.979929263771,1.01405902226,0,0,0,0.000781759305962,520,2.00000008821,2.00000008957,-6.82824433057e-10
512,1.3084492320311094,9900,0,pre,-1,3.0,3072,0.00310997856758,0.00421229938505,0.0200707362288,0.979929263771,1.01405902226,0,0,0,0.000781759305962,520,2.00000008821,2.00000008957,-6.82824433057e-10
512,1.3084492320311094,9900,0,post,0,1.5,1544,0.00269521994185,0.00411944187257,0.0200707362288,0.979929263771,1.01405902226,0,0,0,0.000781759305962,520,2.00000008821,2.00000008957,-6.82824433057e-10
512,1.3084492320311094,9900,0,post,0,3.0,3072,0.00310997856758,0.00421229938505,0.0200707362288,0.979929263771,1.01405902226,0,0,0,0.000781759305962,520,2.00000008821,2.00000008957,-6.82824433057e-10
512,1.3216792545996752,10000,0,pre,-1,1.5,1544,0.00275988378165,0.00416419866027,0.0206669675953,0.979333032405,1.01364717583,0,0,0,0.000757809011812,520,2.0000000878,2.00000008959,-8.99239753455e-10
512,1.3216792545996752,10000,0,pre,-1,3.0,3072,0.00321068468689,0.0043128565361,0.0206669675953,0.979333032405,1.01387583883,0,0,0,0.000757809011812,520,2.0000000878,2.00000008959,-8.99239753455e-10
512,1.3216792545996752,10000,0,post,0,1.5,1544,0.00275988378165,0.00416419866027,0.0206669675953,0.979333032405,1.01364717583,0,0,0,0.000757809011812,520,2.0000000878,2.00000008959,-8.99239753455e-10
512,1.3216792545996752,10000,0,post,0,3.0,3072,0.00321068468689,0.0043128565361,0.0206669675953,0.979333032405,1.01387583883,0,0,0,0.000757809011812,520,2.0000000878,2.00000008959,-8.99239753455e-10
512,1.3349092771682409,10100,0,pre,-1,1.5,1543,0.00284095675013,0.00422709052917,0.0213175469775,0.978682453022,1.0131761221,0,0,0,0.000717683134496,520,2.00000008925,2.00000008961,-1.79820594796e-10
512,1.3349092771682409,10100,0,pre,-1,3.0,3072,0.00331733493597,0.00442421732397,0.0213175469775,0.978682453022,1.01416023315,0,0,0,0.000717683134496,520,2.00000008925,2.00000008961,-1.79820594796e-10
512,1.3349092771682409,10100,0,post,0,1.5,1543,0.00284095675013,0.00422709052917,0.0213175469775,0.978682453022,1.0131761221,0,0,0,0.000717683134496,520,2.00000008925,2.00000008961,-1.79820594796e-10
512,1.3349092771682409,10100,0,post,0,3.0,3072,0.00331733493597,0.00442421732397,0.0213175469775,0.978682453022,1.01416023315,0,0,0,0.000717683134496,520,2.00000008925,2.00000008961,-1.79820594796e-10
512,1.3481392997368065,10200,0,pre,-1,1.5,1541,0.00293565890893,0.0043132887096,0.0220646665341,0.977935333466,1.01265020093,0,0,0,0.000659845221679,520,2.00000008879,2.00000008962,-4.16612281545e-10
512,1.3481392997368065,10200,0,pre,-1,3.0,3072,0.00342843889851,0.0045464476915,0.0220646665341,0.977935333466,1.01440850875,0,0,0,0.000659845221679,520,2.00000008879,2.00000008962,-4.16612281545e-10
512,1.3481392997368065,10200,0,post,0,1.5,1541,0.00293565890893,0.0043132887096,0.0220646665341,0.977935333466,1.01265020093,0,0,0,0.000659845221679,520,2.00000008879,2.00000008962,-4.16612281545e-10
512,1.3481392997368065,10200,0,post,0,3.0,3072,0.00342843889851,0.0045464476915,0.0220646665341,0.977935333466,1.01440850875,0,0,0,0.000659845221679,520,2.00000008879,2.00000008962,-4.16612281545e-10
512,1.3613693223053722,10300,0,pre,-1,1.5,1540,0.00304254382537,0.00442901275216,0.0229535180604,0.97704648194,1.01207221841,0,0,0,0.000581912359007,520,2.00000008997,2.00000008965,1.58687056376e-10
512,1.3613693223053722,10300,0,pre,-1,3.0,3072,0.00354243380463,0.00468107015247,0.0229535180604,0.97704648194,1.01460638194,0,0,0,0.000581912359007,520,2.00000008997,2.00000008965,1.58687056376e-10
512,1.3613693223053722,10300,0,post,0,1.5,1540,0.00304254382537,0.00442901275216,0.0229535180604,0.97704648194,1.01207221841,0,0,0,0.000581912359007,520,2.00000008997,2.00000008965,1.58687056376e-10
512,1.3613693223053722,10300,0,post,0,3.0,3072,0.00354243380463,0.00468107015247,0.0229535180604,0.97704648194,1.01460638194,0,0,0,0.000581912359007,520,2.00000008997,2.00000008965,1.58687056376e-10
512,1.374599344873938,10400,0,pre,-1,1.5,1538,0.00317071364886,0.00458915539067,0.0240612371516,0.975938762848,1.01144528025,0,0,0,0.000483084549574,520,2.00000008905,2.00000008969,-3.17867495836e-10
512,1.374599344873938,10400,0,pre,-1,3.0,3072,0.00366598803093,0.0048333748378,0.0240612371516,0.975938762848,1.01474054919,0,0,0,0.000483084549574,520,2.00000008905,2.00000008969,-3.17867495836e-10
512,1.374599344873938,10400,0,post,0,1.5,1538,0.00317071364886,0.00458915539067,0.0240612371516,0.975938762848,1.01144528025,0,0,0,0.000483084549574,520,2.00000008905,2.00000008969,-3.17867495836e-10
512,1.374599344873938,10400,0,post,0,3.0,3072,0.00366598803093,0.0048333748378,0.0240612371516,0.975938762848,1.01474054919,0,0,0,0.000483084549574,520,2.00000008905,2.00000008969,-3.17867495836e-10
512,1.3878293674425035,10500,0,pre,-1,1.5,1537,0.0033403390382,0.00482373515616,0.0255093322353,0.974490667765,1.01153109289,0,0,0,0.000364456020697,520,2.00000009079,2.00000008973,5.30366171611e-10
512,1.3878293674425035,10500,0,pre,-1,3.0,3072,0.0038046409639,0.00501596499897,0.0255093322353,0.974490667765,1.01479668077,0,0,0,0.000364456020697,520,2.00000009079,2.00000008973,5.30366171611e-10
512,1.3878293674425035,10500,0,post,0,1.5,1537,0.0033403390382,0.00482373515616,0.0255093322353,0.974490667765,1.01153109289,0,0,0,0.000364456020697,520,2.00000009079,2.00000008973,5.30366171611e-10
512,1.3878293674425035,10500,0,post,0,3.0,3072,0.0038046409639,0.00501596499897,0.0255093322353,0.974490667765,1.01479668077,0,0,0,0.000364456020697,520,2.00000009079,2.00000008973,5.30366171611e-10
512,1.4010593900110693,10600,0,pre,-1,1.5,1533,0.00347017128592,0.00504048898157,0.0273635960761,0.972636403924,1.01166839887,0,0,0,0.00024411957176,531,2.00000009746,2.00000008978,3.83671788214e-09
512,1.4010593900110693,10600,0,pre,-1,3.0,3072,0.00396423432518,0.00525642665522,0.0273635960761,0.972636403924,1.01475363596,0,0,0,0.00024411957176,531,2.00000009746,2.00000008978,3.83671788214e-09
512,1.4010593900110693,10600,0,post,0,1.5,1533,0.00347017128592,0.00504048898157,0.0273635960761,0.972636403924,1.01166839887,0,0,0,0.00024411957176,531,2.00000009746,2.00000008978,3.83671788214e-09
512,1.4010593900110693,10600,0,post,0,3.0,3072,0.00396423432518,0.00525642665522,0.0273635960761,0.972636403924,1.01475363596,0,0,0,0.00024411957176,531,2.00000009746,2.00000008978,3.83671788214e-09
512,1.414289412579635,10700,0,pre,-1,1.5,1563,0.00369299977634,0.005343722034,0.0273743336846,0.972625666315,1.01566711686,0,0,0,0.000206797955645,516,2.00000008984,2.00000008982,1.11102233531e-11
512,1.414289412579635,10700,0,pre,-1,3.0,3072,0.00408544307407,0.005397544403,0.0273743336846,0.972625666315,1.01566711686,0,0,0,0.000206797955645,516,2.00000008984,2.00000008982,1.11102233531e-11
512,1.414289412579635,10700,0,post,0,1.5,1563,0.00369299977634,0.005343722034,0.0273743336846,0.972625666315,1.01566711686,0,0,0,0.000206797955645,516,2.00000008984,2.00000008982,1.11102233531e-11
512,1.414289412579635,10700,0,post,0,3.0,3072,0.00408544307407,0.005397544403,0.0273743336846,0.972625666315,1.01566711686,0,0,0,0.000206797955645,516,2.00000008984,2.00000008982,1.11102233531e-11
512,1.4275194351482006,10800,0,pre,-1,1.5,1553,0.00364869555492,0.00527924297461,0.0273171853515,0.972682814649,1.01710677381,0,0,0,0.000366323760668,516,2.00000008889,2.00000008983,-4.65653272788e-10
512,1.4275194351482006,10800,0,pre,-1,3.0,3072,0.00414064402927,0.00546605319813,0.0273171853515,0.972682814649,1.01710677381,0,0,0,0.000366323760668,516,2.00000008889,2.00000008983,-4.65653272788e-10
512,1.4275194351482006,10800,0,post,0,1.5,1553,0.00364869555492,0.00527924297461,0.0273171853515,0.972682814649,1.01710677381,0,0,0,0.000366323760668,516,2.00000008889,2.00000008983,-4.65653272788e-10
512,1.4275194351482006,10800,0,post,0,3.0,3072,0.00414064402927,0.00546605319813,0.0273171853515,0.972682814649,1.01710677381,0,0,0,0.000366323760668,516,2.00000008889,2.00000008983,-4.65653272788e-10
512,1.4407494577167663,10900,0,pre,-1,1.5,1544,0.00363064390081,0.0052879540859,0.0272083768407,0.972791623159,1.01790600194,0,0,0,0.000511402855942,516,2.00000008833,2.00000008983,-7.47850192601e-10
512,1.4407494577167663,10900,0,pre,-1,3.0,3072,0.00417406648984,0.00550710341655,0.0272083768407,0.972791623159,1.01790600194,0,0,0,0.000511402855942,516,2.00000008833,2.00000008983,-7.47850192601e-10
512,1.4407494577167663,10900,0,post,0,1.5,1544,0.00363064390081,0.0052879540859,0.0272083768407,0.972791623159,1.01790600194,0,0,0,0.000511402855942,516,2.00000008833,2.00000008983,-7.47850192601e-10
512,1.4407494577167663,10900,0,post,0,3.0,3072,0.00417406648984,0.00550710341655,0.0272083768407,0.972791623159,1.01790600194,0,0,0,0.000511402855942,516,2.00000008833,2.00000008983,-7.47850192601e-10
512,1.4539794802853321,11000,0,pre,-1,1.5,1542,0.00362219958233,0.00531413016918,0.0271261953689,0.972873804631,1.01829064781,0,0,0,0.000636643505489,516,2.00000008803,2.00000008983,-9.0211656312e-10
512,1.4539794802853321,11000,0,pre,-1,3.0,3072,0.00420058187835,0.00555152405997,0.0271261953689,0.972873804631,1.01829064781,0,0,0,0.000636643505489,516,2.00000008803,2.00000008983,-9.0211656312e-10
512,1.4539794802853321,11000,0,post,0,1.5,1542,0.00362219958233,0.00531413016918,0.0271261953689,0.972873804631,1.01829064781,0,0,0,0.000636643505489,516,2.00000008803,2.00000008983,-9.0211656312e-10
512,1.4539794802853321,11000,0,post,0,3.0,3072,0.00420058187835,0.00555152405997,0.0271261953689,0.972873804631,1.01829064781,0,0,0,0.000636643505489,516,2.00000008803,2.00000008983,-9.0211656312e-10
512,1.4672095028538976,11100,0,pre,-1,1.5,1536,0.00363741669915,0.00538997417428,0.0270946876974,0.972905312303,1.01849923312,0,0,0,0.00073829140705,516,2.00000008795,2.00000008984,-9.44154489924e-10
512,1.4672095028538976,11100,0,pre,-1,3.0,3072,0.00423116918429,0.00562076399285,0.0270946876974,0.972905312303,1.01849923312,0,0,0,0.00073829140705,516,2.00000008795,2.00000008984,-9.44154489924e-10
512,1.4672095028538976,11100,0,post,0,1.5,1536,0.00363741669915,0.00538997417428,0.0270946876974,0.972905312303,1.01849923312,0,0,0,0.00073829140705,516,2.00000008795,2.00000008984,-9.44154489924e-10
512,1.4672095028538976,11100,0,post,0,3.0,3072,0.00423116918429,0.00562076399285,0.0270946876974,0.972905312303,1.01849923312,0,0,0,0.00073829140705,516,2.00000008795,2.00000008984,-9.44154489924e-10
512,1.4804395254224634,11200,0,pre,-1,1.5,1536,0.00365799999704,0.00550348837247,0.0271058433194,0.972894156681,1.01861615487,0,0,0,0.000816108892442,516,2.00000008801,2.00000008984,-9.15170564854e-10
512,1.4804395254224634,11200,0,pre,-1,3.0,3072,0.00426628040051,0.00571551590493,0.0271058433194,0.972894156681,1.01861615487,0,0,0,0.000816108892442,516,2.00000008801,2.00000008984,-9.15170564854e-10
512,1.4804395254224634,11200,0,post,0,1.5,1536,0.00365799999704,0.00550348837247,0.0271058433194,0.972894156681,1.01861615487,0,0,0,0.000816108892442,516,2.00000008801,2.00000008984,-9.15170564854e-10
512,1.4804395254224634,11200,0,post,0,3.0,3072,0.00426628040051,0.00571551590493,0.0271058433194,0.972894156681,1.01861615487,0,0,0,0.000816108892442,516,2.00000008801,2.00000008984,-9.15170564854e-10
512,1.4936695479910291,11300,0,pre,-1,1.5,1536,0.00368479745268,0.00564647310256,0.0271145588167,0.972885441183,1.01974723888,0,0,0,0.000872043930578,516,2.0000000881,2.00000008984,-8.71443322769e-10
512,1.4936695479910291,11300,0,pre,-1,3.0,3072,0.00429640398947,0.00582546744466,0.0271145588167,0.972885441183,1.01974723888,0,0,0,0.000872043930578,516,2.0000000881,2.00000008984,-8.71443322769e-10
512,1.4936695479910291,11300,0,post,0,1.5,1536,0.00368479745268,0.00564647310256,0.0271145588167,0.972885441183,1.01974723888,0,0,0,0.000872043930578,516,2.0000000881,2.00000008984,-8.71443322769e-10
512,1.4936695479910291,11300,0,post,0,3.0,3072,0.00429640398947,0.00582546744466,0.0271145588167,0.972885441183,1.01974723888,0,0,0,0.000872043930578,516,2.0000000881,2.00000008984,-8.71443322769e-10
512,1.5068995705595947,11400,0,pre,-1,1.5,1536,0.00371449327639,0.00580416596673,0.0271140643337,0.972885935666,1.02315260036,0,0,0,0.000909425199467,516,2.00000008816,2.00000008985,-8.41064069465e-10
512,1.5068995705595947,11400,0,pre,-1,3.0,3072,0.00431744084269,0.00593923777734,0.0271140643337,0.972885935666,1.02315260036,0,0,0,0.000909425199467,516,2.00000008816,2.00000008985,-8.41064069465e-10
512,1.5068995705595947,11400,0,post,0,1.5,1536,0.00371449327639,0.00580416596673,0.0271140643337,0.972885935666,1.02315260036,0,0,0,0.000909425199467,516,2.00000008816,2.00000008985,-8.41064069465e-10
512,1.5068995705595947,11400,0,post,0,3.0,3072,0.00431744084269,0.00593923777734,0.0271140643337,0.972885935666,1.02315260036,0,0,0,0.000909425199467,516,2.00000008816,2.00000008985,-8.41064069465e-10
512,1.5201295931281604,11500,0,pre,-1,1.5,1536,0.00374504156157,0.00596574132621,0.0282873451625,0.971712654838,1.02613277852,0,0,0,0.000931910961478,516,2.00000008817,2.00000008985,-8.37098352999e-10
512,1.5201295931281604,11500,0,pre,-1,3.0,3072,0.00432863693477,0.00604897205047,0.0282873451625,0.971712654838,1.02613277852,0,0,0,0.000931910961478,516,2.00000008817,2.00000008985,-8.37098352999e-10
512,1.5201295931281604,11500,0,post,0,1.5,1536,0.00374504156157,0.00596574132621,0.0282873451625,0.971712654838,1.02613277852,0,0,0,0.000931910961478,516,2.00000008817,2.00000008985,-8.37098352999e-10
512,1.5201295931281604,11500,0,post,0,3.0,3072,0.00432863693477,0.00604897205047,0.0282873451625,0.971712654838,1.02613277852,0,0,0,0.000931910961478,516,2.00000008817,2.00000008985,-8.37098352999e-10
512,1.5333596156967262,11600,0,pre,-1,1.5,1536,0.00377557969013,0.00612395268425,0.0300474596137,0.969952540386,1.02867804756,0,0,0,0.000942396076779,516,2.00000008812,2.00000008985,-8.63491905822e-10
512,1.5333596156967262,11600,0,pre,-1,3.0,3072,0.00432969700624,0.00614995834653,0.0303834378352,0.969616562165,1.02867804756,0,0,0,0.000942396076779,516,2.00000008812,2.00000008985,-8.63491905822e-10
512,1.5333596156967262,11600,0,post,0,1.5,1536,0.00377557969013,0.00612395268425,0.0300474596137,0.969952540386,1.02867804756,0,0,0,0.000942396076779,516,2.00000008812,2.00000008985,-8.63491905822e-10
512,1.5333596156967262,11600,0,post,0,3.0,3072,0.00432969700624,0.00614995834653,0.0303834378352,0.969616562165,1.02867804756,0,0,0,0.000942396076779,516,2.00000008812,2.00000008985,-8.63491905822e-10
512,1.5465896382652917,11700,0,pre,-1,1.5,1536,0.00380654219105,0.00627624087368,0.0314867033487,0.968513296651,1.03081611721,0,0,0,0.000942848310971,516,2.00000008805,2.00000008985,-9.00245171267e-10
512,1.5465896382652917,11700,0,pre,-1,3.0,3072,0.00432278823383,0.00624155942422,0.0327402694351,0.967259730565,1.03081611721,0,0,0,0.000942848310971,516,2.00000008805,2.00000008985,-9.00245171267e-10
512,1.5465896382652917,11700,0,post,0,1.5,1536,0.00380654219105,0.00627624087368,0.0314867033487,0.968513296651,1.03081611721,0,0,0,0.000942848310971,516,2.00000008805,2.00000008985,-9.00245171267e-10
512,1.5465896382652917,11700,0,post,0,3.0,3072,0.00432278823383,0.00624155942422,0.0327402694351,0.967259730565,1.03081611721,0,0,0,0.000942848310971,516,2.00000008805,2.00000008985,-9.00245171267e-10
512,1.5598196608338575,11800,0,pre,-1,1.5,1536,0.00383806174184,0.00642334861984,0.0343326758707,0.965667324129,1.03266689346,0,0,0,0.00093557106719,516,2.00000008795,2.00000008985,-9.50784741523e-10
512,1.5598196608338575,11800,0,pre,-1,3.0,3072,0.00430908308685,0.00632618641967,0.0348829899083,0.965117010092,1.03266689346,0,0,0,0.00093557106719,516,2.00000008795,2.00000008985,-9.50784741523e-10
512,1.5598196608338575,11800,0,post,0,1.5,1536,0.00383806174184,0.00642334861984,0.0343326758707,0.965667324129,1.03266689346,0,0,0,0.00093557106719,516,2.00000008795,2.00000008985,-9.50784741523e-10
512,1.5598196608338575,11800,0,post,0,3.0,3072,0.00430908308685,0.00632618641967,0.0348829899083,0.965117010092,1.03266689346,0,0,0,0.00093557106719,516,2.00000008795,2.00000008985,-9.50784741523e-10
512,1.5730496834024232,11900,0,pre,-1,1.5,1536,0.00387182229814,0.00657062942919,0.0372735786984,0.962726421302,1.03435503173,0,0,0,0.000921133733001,516,2.00000008781,2.00000008985,-1.01957637749e-09
512,1.5730496834024232,11900,0,pre,-1,3.0,3072,0.00429149156551,0.0064095417508,0.0372735786984,0.962726421302,1.03435503173,0,0,0,0.000921133733001,516,2.00000008781,2.00000008985,-1.01957637749e-09
512,1.5730496834024232,11900,0,post,0,1.5,1536,0.00387182229814,0.00657062942919,0.0372735786984,0.962726421302,1.03435503173,0,0,0,0.000921133733001,516,2.00000008781,2.00000008985,-1.01957637749e-09
512,1.5730496834024232,11900,0,post,0,3.0,3072,0.00429149156551,0.0064095417508,0.0372735786984,0.962726421302,1.03435503173,0,0,0,0.000921133733001,516,2.00000008781,2.00000008985,-1.01957637749e-09
512,1.5862797059709888,12000,0,pre,-1,1.5,1536,0.00391008829547,0.00672651273895,0.0402048773984,0.959795122602,1.03599881228,0,0,0,0.000899164753164,516,2.00000008768,2.00000008985,-1.08319215394e-09
512,1.5862797059709888,12000,0,pre,-1,3.0,3072,0.00427392138461,0.00650009073737,0.0402048773984,0.959795122602,1.03599881228,0,0,0,0.000899164753164,516,2.00000008768,2.00000008985,-1.08319215394e-09
512,1.5862797059709888,12000,0,post,0,1.5,1536,0.00391008829547,0.00672651273895,0.0402048773984,0.959795122602,1.03599881228,0,0,0,0.000899164753164,516,2.00000008768,2.00000008985,-1.08319215394e-09
512,1.5862797059709888,12000,0,post,0,3.0,3072,0.00427392138461,0.00650009073737,0.0402048773984,0.959795122602,1.03599881228,0,0,0,0.000899164753164,516,2.00000008768,2.00000008985,-1.08319215394e-09
512,1.5995097285395545,12100,0,pre,-1,1.5,1536,0.00395573676174,0.00690140259569,0.043235799544,0.956764200456,1.03771718825,0,0,0,0.000869135163143,516,2.0000000876,2.00000008984,-1.12167692314e-09
512,1.5995097285395545,12100,0,pre,-1,3.0,3072,0.00426053815908,0.00660785574138,0.043235799544,0.956764200456,1.03771718825,0,0,0,0.000869135163143,516,2.0000000876,2.00000008984,-1.12167692314e-09
512,1.5995097285395545,12100,0,post,0,1.5,1536,0.00395573676174,0.00690140259569,0.043235799544,0.956764200456,1.03771718825,0,0,0,0.000869135163143,516,2.0000000876,2.00000008984,-1.12167692314e-09
512,1.5995097285395545,12100,0,post,0,3.0,3072,0.00426053815908,0.00660785574138,0.043235799544,0.956764200456,1.03771718825,0,0,0,0.000869135163143,516,2.0000000876,2.00000008984,-1.12167692314e-09
512,1.6127397511081201,12200,0,pre,-1,1.5,1534,0.00400643291749,0.00710650788064,0.0465027104361,0.953497289564,1.03963673731,0,0,0,0.00083047264223,516,2.00000008761,2.00000008984,-1.11715831563e-09
512,1.6127397511081201,12200,0,pre,-1,3.0,3072,0.00425508664368,0.00674491595025,0.0465027104361,0.953497289564,1.03963673731,0,0,0,0.00083047264223,516,2.00000008761,2.00000008984,-1.11715831563e-09
512,1.6127397511081201,12200,0,post,0,1.5,1534,0.00400643291749,0.00710650788064,0.0465027104361,0.953497289564,1.03963673731,0,0,0,0.00083047264223,516,2.00000008761,2.00000008984,-1.11715831563e-09
512,1.6127397511081201,12200,0,post,0,3.0,3072,0.00425508664368,0.00674491595025,0.0465027104361,0.953497289564,1.03963673731,0,0,0,0.00083047264223,516,2.00000008761,2.00000008984,-1.11715831563e-09
512,1.6259697736766858,12300,0,pre,-1,1.5,1532,0.00407985847414,0.00736609214284,0.050172077323,0.949827922677,1.041903139,0,0,0,0.000782765112559,516,2.00000008774,2.00000008984,-1.05114379142e-09
512,1.6259697736766858,12300,0,pre,-1,3.0,3072,0.00426185773527,0.00692631698313,0.050172077323,0.949827922677,1.041903139,0,0,0,0.000782765112559,516,2.00000008774,2.00000008984,-1.05114379142e-09
512,1.6259697736766858,12300,0,post,0,1.5,1532,0.00407985847414,0.00736609214284,0.050172077323,0.949827922677,1.041903139,0,0,0,0.000782765112559,516,2.00000008774,2.00000008984,-1.05114379142e-09
512,1.6259697736766858,12300,0,post,0,3.0,3072,0.00426185773527,0.00692631698313,0.050172077323,0.949827922677,1.041903139,0,0,0,0.000782765112559,516,2.00000008774,2.00000008984,-1.05114379142e-09
512,1.6391997962452516,12400,0,pre,-1,1.5,1529,0.00418901122893,0.00770938299354,0.0544518876527,0.945548112347,1.04469774511,0,0,0,0.00072597401778,516,2.00000008803,2.00000008984,-9.01402689747e-10
512,1.6391997962452516,12400,0,pre,-1,3.0,3072,0.00428645888245,0.00717190819015,0.0544518876527,0.945548112347,1.04469774511,0,0,0,0.00072597401778,516,2.00000008803,2.00000008984,-9.01402689747e-10
512,1.6391997962452516,12400,0,post,0,1.5,1529,0.00418901122893,0.00770938299354,0.0544518876527,0.945548112347,1.04469774511,0,0,0,0.00072597401778,516,2.00000008803,2.00000008984,-9.01402689747e-10
512,1.6391997962452516,12400,0,post,0,3.0,3072,0.00428645888245,0.00717190819015,0.0544518876527,0.945548112347,1.04469774511,0,0,0,0.00072597401778,516,2.00000008803,2.00000008984,-9.01402689747e-10
512,1.6524298188138171,12500,0,pre,-1,1.5,1529,0.00431797295939,0.0081426471853,0.0596119729044,0.940388027096,1.04824374882,0,0,0,0.000660680180441,516,2.00000008855,2.00000008983,-6.3868862883e-10
512,1.6524298188138171,12500,0,pre,-1,3.0,3072,0.0043374671408,0.00750904073662,0.0596119729044,0.940388027096,1.04824374882,0,0,0,0.000660680180441,516,2.00000008855,2.00000008983,-6.3868862883e-10
512,1.6524298188138171,12500,0,post,0,1.5,1529,0.00431797295939,0.0081426471853,0.0596119729044,0.940388027096,1.04824374882,0,0,0,0.000660680180441,516,2.00000008855,2.00000008983,-6.3868862883e-10
512,1.6524298188138171,12500,0,post,0,3.0,3072,0.0043374671408,0.00750904073662,0.0596119729044,0.940388027096,1.04824374882,0,0,0,0.000660680180441,516,2.00000008855,2.00000008983,-6.3868862883e-10
512,1.6656598413823829,12600,0,pre,-1,1.5,1532,0.00449456662302,0.00871950097627,0.0660150606857,0.933984939314,1.05271369069,0,0,0,0.000588459374468,516,2.0000000894,2.00000008983,-2.15681018906e-10
512,1.6656598413823829,12600,0,pre,-1,3.0,3072,0.00442228107835,0.00797214048938,0.0660150606857,0.933984939314,1.05271369069,0,0,0,0.000588459374468,516,2.0000000894,2.00000008983,-2.15681018906e-10
512,1.6656598413823829,12600,0,post,0,1.5,1532,0.00449456662302,0.00871950097627,0.0660150606857,0.933984939314,1.05271369069,0,0,0,0.000588459374468,516,2.0000000894,2.00000008983,-2.15681018906e-10
512,1.6656598413823829,12600,0,post,0,3.0,3072,0.00442228107835,0.00797214048938,0.0660150606857,0.933984939314,1.05271369069,0,0,0,0.000588459374468,516,2.0000000894,2.00000008983,-2.15681018906e-10
512,1.6788898639509486,12700,0,pre,-1,1.5,1542,0.00473411351576,0.00947828852366,0.0738679968272,0.926132003173,1.05838986359,0,0,0,0.000504475422835,520,2.00000009804,2.00000008982,4.11407245336e-09
512,1.6788898639509486,12700,0,pre,-1,3.0,3072,0.00455499612246,0.00860727975251,0.0738679968272,0.926132003173,1.05838986359,0,0,0,0.000504475422835,520,2.00000009804,2.00000008982,4.11407245336e-09
512,1.6788898639509486,12700,0,post,0,1.5,1542,0.00473411351576,0.00947828852366,0.0738679968272,0.926132003173,1.05838986359,0,0,0,0.000504475422835,520,2.00000009804,2.00000008982,4.11407245336e-09
512,1.6788898639509486,12700,0,post,0,3.0,3072,0.00455499612246,0.00860727975251,0.0738679968272,0.926132003173,1.05838986359,0,0,0,0.000504475422835,520,2.00000009804,2.00000008982,4.11407245336e-09
512,1.6921198865195142,12800,0,pre,-1,1.5,1545,0.0049885449862,0.0102993439552,0.0783651587479,0.921634841252,1.06540831628,0,0,0,0.000395760770851,528,2.00000009574,2.00000008973,3.00537337078e-09
512,1.6921198865195142,12800,0,pre,-1,3.0,3072,0.00473146438161,0.00932346494107,0.0783651587479,0.921634841252,1.06540831628,0,0,0,0.000395760770851,528,2.00000009574,2.00000008973,3.00537337078e-09
512,1.6921198865195142,12800,0,post,0,1.5,1545,0.0049885449862,0.0102993439552,0.0783651587479,0.921634841252,1.06540831628,0,0,0,0.000395760770851,528,2.00000009574,2.00000008973,3.00537337078e-09
512,1.6921198865195142,12800,0,post,0,3.0,3072,0.00473146438161,0.00932346494107,0.0783651587479,0.921634841252,1.06540831628,0,0,0,0.000395760770851,528,2.00000009574,2.00000008973,3.00537337078e-09
512,1.7053499090880799,12900,0,pre,-1,1.5,1528,0.00517357553946,0.0110226829965,0.0788740306231,0.921125969377,1.07346159663,0,0,0,0.000339318306403,533,2.00000009692,2.00000008966,3.62747371421e-09
512,1.7053499090880799,12900,0,pre,-1,3.0,3072,0.00492895085622,0.0100396492626,0.0788740306231,0.921125969377,1.07346159663,0,0,0,0.000339318306403,533,2.00000009692,2.00000008966,3.62747371421e-09
512,1.7053499090880799,12900,0,post,0,1.5,1528,0.00517357553946,0.0110226829965,0.0788740306231,0.921125969377,1.07346159663,0,0,0,0.000339318306403,533,2.00000009692,2.00000008966,3.62747371421e-09
512,1.7053499090880799,12900,0,post,0,3.0,3072,0.00492895085622,0.0100396492626,0.0788740306231,0.921125969377,1.07346159663,0,0,0,0.000339318306403,533,2.00000009692,2.00000008966,3.62747371421e-09
512,1.7185799316566457,13000,0,pre,-1,1.5,1577,0.00488633228568,0.0109733439428,0.0795687340385,0.920852345504,1.07956873404,0,0,0,0.000125159791124,517,2.00000008963,2.00000008958,2.50206510961e-11
512,1.7185799316566457,13000,0,pre,-1,3.0,3072,0.00499868832271,0.0102652793926,0.0795687340385,0.920852345504,1.07956873404,0,0,0,0.000125159791124,517,2.00000008963,2.00000008958,2.50206510961e-11
512,1.7185799316566457,13000,0,post,0,1.5,1577,0.00488633228568,0.0109733439428,0.0795687340385,0.920852345504,1.07956873404,0,0,0,0.000125159791124,517,2.00000008963,2.00000008958,2.50206510961e-11
512,1.7185799316566457,13000,0,post,0,3.0,3072,0.00499868832271,0.0102652793926,0.0795687340385,0.920852345504,1.07956873404,0,0,0,0.000125159791124,517,2.00000008963,2.00000008958,2.50206510961e-11
512,1.7318099542252112,13100,0,pre,-1,1.5,1561,0.00498903935803,0.011108013189,0.0791814558158,0.921265859208,1.07918145582,0,0,0,0.000265285476226,516,2.00000008861,2.00000008957,-4.798754512e-10
512,1.7318099542252112,13100,0,pre,-1,3.0,3072,0.00507018585594,0.0103221901357,0.0791814558158,0.921265859208,1.07918145582,0,0,0,0.000265285476226,516,2.00000008861,2.00000008957,-4.798754512e-10
512,1.7318099542252112,13100,0,post,0,1.5,1561,0.00498903935803,0.011108013189,0.0791814558158,0.921265859208,1.07918145582,0,0,0,0.000265285476226,516,2.00000008861,2.00000008957,-4.798754512e-10
512,1.7318099542252112,13100,0,post,0,3.0,3072,0.00507018585594,0.0103221901357,0.0791814558158,0.921265859208,1.07918145582,0,0,0,0.000265285476226,516,2.00000008861,2.00000008957,-4.798754512e-10
512,1.745039976793777,13200,0,pre,-1,1.5,1549,0.00512024077426,0.0113594527892,0.078986856955,0.921180318783,1.07898685696,0,0,0,0.000404704325357,516,2.00000008755,2.00000008957,-1.00920911549e-09
512,1.745039976793777,13200,0,pre,-1,3.0,3072,0.00521130674345,0.0105143797761,0.078986856955,0.921180318783,1.07898685696,0,0,0,0.000404704325357,516,2.00000008755,2.00000008957,-1.00920911549e-09
512,1.745039976793777,13200,0,post,0,1.5,1549,0.00512024077426,0.0113594527892,0.078986856955,0.921180318783,1.07898685696,0,0,0,0.000404704325357,516,2.00000008755,2.00000008957,-1.00920911549e-09
512,1.745039976793777,13200,0,post,0,3.0,3072,0.00521130674345,0.0105143797761,0.078986856955,0.921180318783,1.07898685696,0,0,0,0.000404704325357,516,2.00000008755,2.00000008957,-1.00920911549e-09
512,1.7582699993623427,13300,0,pre,-1,1.5,1545,0.00534497793352,0.0117842004682,0.0790845735094,0.920915426491,1.07900340402,0,0,0,0.000538829063559,516,2.00000008602,2.00000008957,-1.77355189253e-09
512,1.7582699993623427,13300,0,pre,-1,3.0,3072,0.00539569406252,0.0108709486115,0.0790845735094,0.920915426491,1.07900340402,0,0,0,0.000538829063559,516,2.00000008602,2.00000008957,-1.77355189253e-09
512,1.7582699993623427,13300,0,post,0,1.5,1545,0.00534497793352,0.0117842004682,0.0790845735094,0.920915426491,1.07900340402,0,0,0,0.000538829063559,516,2.00000008602,2.00000008957,-1.77355189253e-09
512,1.7582699993623427,13300,0,post,0,3.0,3072,0.00539569406252,0.0108709486115,0.0790845735094,0.920915426491,1.07900340402,0,0,0,0.000538829063559,516,2.00000008602,2.00000008957,-1.77355189253e-09
512,1.7715000219309083,13400,0,pre,-1,1.5,1540,0.00563293534136,0.0124612933409,0.0795732499975,0.920426750002,1.07913142266,0,0,0,0.000662825828342,516,2.00000008374,2.00000008956,-2.91291933075e-09
512,1.7715000219309083,13400,0,pre,-1,3.0,3072,0.00562396149509,0.0114599493162,0.0795732499975,0.920426750002,1.07913142266,0,0,0,0.000662825828342,516,2.00000008374,2.00000008956,-2.91291933075e-09
512,1.7715000219309083,13400,0,post,0,1.5,1540,0.00563293534136,0.0124612933409,0.0795732499975,0.920426750002,1.07913142266,0,0,0,0.000662825828342,516,2.00000008374,2.00000008956,-2.91291933075e-09
512,1.7715000219309083,13400,0,post,0,3.0,3072,0.00562396149509,0.0114599493162,0.0795732499975,0.920426750002,1.07913142266,0,0,0,0.000662825828342,516,2.00000008374,2.00000008956,-2.91291933075e-09
512,1.784730044499474,13500,0,pre,-1,1.5,1535,0.00595888592251,0.0134164865537,0.0802528366028,0.919747163397,1.07931184764,0,0,0,0.000771868276788,516,2.0000000809,2.00000008956,-4.33091454401e-09
512,1.784730044499474,13500,0,pre,-1,3.0,3072,0.00591030780606,0.0123069757499,0.0802528366028,0.919747163397,1.07931184764,0,0,0,0.000771868276788,516,2.0000000809,2.00000008956,-4.33091454401e-09
512,1.784730044499474,13500,0,post,0,1.5,1535,0.00595888592251,0.0134164865537,0.0802528366028,0.919747163397,1.07931184764,0,0,0,0.000771868276788,516,2.0000000809,2.00000008956,-4.33091454401e-09
512,1.784730044499474,13500,0,post,0,3.0,3072,0.00591030780606,0.0123069757499,0.0802528366028,0.919747163397,1.07931184764,0,0,0,0.000771868276788,516,2.0000000809,2.00000008956,-4.33091454401e-09
512,1.7979600670680398,13600,0,pre,-1,1.5,1529,0.00631024298459,0.0146208806855,0.0867187053744,0.913281294626,1.07951675204,0,0,0,0.000863333244843,516,2.0000000777,2.00000008956,-5.93007771868e-09
512,1.7979600670680398,13600,0,pre,-1,3.0,3072,0.00622873624489,0.013380867132,0.0867187053744,0.913281294626,1.07951675204,0,0,0,0.000863333244843,516,2.0000000777,2.00000008956,-5.93007771868e-09
512,1.7979600670680398,13600,0,post,0,1.5,1529,0.00631024298459,0.0146208806855,0.0867187053744,0.913281294626,1.07951675204,0,0,0,0.000863333244843,516,2.0000000777,2.00000008956,-5.93007771868e-09
512,1.7979600670680398,13600,0,post,0,3.0,3072,0.00622873624489,0.013380867132,0.0867187053744,0.913281294626,1.07951675204,0,0,0,0.000863333244843,516,2.0000000777,2.00000008956,-5.93007771868e-09
512,1.8111900896366053,13700,0,pre,-1,1.5,1526,0.00666820892041,0.0159860434642,0.103679186241,0.896320813759,1.08124951936,0,0,0,0.000937463223692,516,2.00000007484,2.00000008955,-7.35890271298e-09
512,1.8111900896366053,13700,0,pre,-1,3.0,3072,0.00656222999284,0.0146207180986,0.103679186241,0.896320813759,1.08242499577,0,0,0,0.000937463223692,516,2.00000007484,2.00000008955,-7.35890271298e-09
512,1.8111900896366053,13700,0,post,0,1.5,1526,0.00666820892041,0.0159860434642,0.103679186241,0.896320813759,1.08124951936,0,0,0,0.000937463223692,516,2.00000007484,2.00000008955,-7.35890271298e-09
512,1.8111900896366053,13700,0,post,0,3.0,3072,0.00656222999284,0.0146207180986,0.103679186241,0.896320813759,1.08242499577,0,0,0,0.000937463223692,516,2.00000007484,2.00000008955,-7.35890271298e-09
512,1.8244201122051711,13800,0,pre,-1,1.5,1525,0.00701833705781,0.0174448957262,0.120584132283,0.879415867717,1.09213225259,0,0,0,0.000995740264086,519,2.00000007142,2.00000008955,-9.06505052625e-09
512,1.8244201122051711,13800,0,pre,-1,3.0,3072,0.00689365115856,0.0159642790964,0.120584132283,0.879415867717,1.09778723877,0,0,0,0.000995740264086,519,2.00000007142,2.00000008955,-9.06505052625e-09
512,1.8244201122051711,13800,0,post,0,1.5,1525,0.00701833705781,0.0174448957262,0.120584132283,0.879415867717,1.09213225259,0,0,0,0.000995740264086,519,2.00000007142,2.00000008955,-9.06505052625e-09
512,1.8244201122051711,13800,0,post,0,3.0,3072,0.00689365115856,0.0159642790964,0.120584132283,0.879415867717,1.09778723877,0,0,0,0.000995740264086,519,2.00000007142,2.00000008955,-9.06505052625e-09
512,1.8376501347737368,13900,0,pre,-1,1.5,1525,0.00735719324054,0.018948657325,0.136028386439,0.863971613561,1.10224459495,0,0,0,0.00104687853141,520,2.00000007128,2.00000008954,-9.12959489323e-09
512,1.8376501347737368,13900,0,pre,-1,3.0,3072,0.00723113059063,0.0173794359165,0.136028386439,0.863971613561,1.11280856378,0,0,0,0.00104687853141,520,2.00000007128,2.00000008954,-9.12959489323e-09
512,1.8376501347737368,13900,0,post,0,1.5,1525,0.00735719324054,0.018948657325,0.136028386439,0.863971613561,1.10224459495,0,0,0,0.00104687853141,520,2.00000007128,2.00000008954,-9.12959489323e-09
512,1.8376501347737368,13900,0,post,0,3.0,3072,0.00723113059063,0.0173794359165,0.136028386439,0.863971613561,1.11280856378,0,0,0,0.00104687853141,520,2.00000007128,2.00000008954,-9.12959489323e-09
512,1.8508801573423024,14000,0,pre,-1,1.5,1525,0.00768506916431,0.0204775806783,0.150541543795,0.849458456205,1.11912058352,0,0,0,0.00108567707975,520,2.00000007283,2.00000008954,-8.35429177293e-09
512,1.8508801573423024,14000,0,pre,-1,3.0,3072,0.00758130496677,0.0188560254687,0.150541543795,0.849458456205,1.12803952918,0,0,0,0.00108567707975,520,2.00000007283,2.00000008954,-8.35429177293e-09
512,1.8508801573423024,14000,0,post,0,1.5,1525,0.00768506916431,0.0204775806783,0.150541543795,0.849458456205,1.11912058352,0,0,0,0.00108567707975,520,2.00000007283,2.00000008954,-8.35429177293e-09
512,1.8508801573423024,14000,0,post,0,3.0,3072,0.00758130496677,0.0188560254687,0.150541543795,0.849458456205,1.12803952918,0,0,0,0.00108567707975,520,2.00000007283,2.00000008954,-8.35429177293e-09
512,1.8641101799108681,14100,0,pre,-1,1.5,1526,0.00801688314328,0.0220320960536,0.165211316811,0.834788683189,1.14067166496,0,0,0,0.00111749945034,520,2.00000007556,2.00000008954,-6.98925108695e-09
512,1.8641101799108681,14100,0,pre,-1,3.0,3072,0.00793095681501,0.0203802314938,0.165211316811,0.834788683189,1.14358788979,0,0,0,0.00111749945034,520,2.00000007556,2.00000008954,-6.98925108695e-09
512,1.8641101799108681,14100,0,post,0,1.5,1526,0.00801688314328,0.0220320960536,0.165211316811,0.834788683189,1.14067166496,0,0,0,0.00111749945034,520,2.00000007556,2.00000008954,-6.98925108695e-09
512,1.8641101799108681,14100,0,post,0,3.0,3072,0.00793095681501,0.0203802314938,0.165211316811,0.834788683189,1.14358788979,0,0,0,0.00111749945034,520,2.00000007556,2.00000008954,-6.98925108695e-09
512,1.8773402024794339,14200,0,pre,-1,1.5,1525,0.00832255031271,0.0235981361448,0.179980817657,0.820019182343,1.1612710974,0,0,0,0.00113801483013,520,2.00000007855,2.00000008954,-5.49613641084e-09
512,1.8773402024794339,14200,0,pre,-1,3.0,3072,0.00827681986806,0.0219298726136,0.179980817657,0.820019182343,1.1612710974,0,0,0,0.00113801483013,520,2.00000007855,2.00000008954,-5.49613641084e-09
512,1.8773402024794339,14200,0,post,0,1.5,1525,0.00832255031271,0.0235981361448,0.179980817657,0.820019182343,1.1612710974,0,0,0,0.00113801483013,520,2.00000007855,2.00000008954,-5.49613641084e-09
512,1.8773402024794339,14200,0,post,0,3.0,3072,0.00827681986806,0.0219298726136,0.179980817657,0.820019182343,1.1612710974,0,0,0,0.00113801483013,520,2.00000007855,2.00000008954,-5.49613641084e-09
512,1.8905702250479994,14300,0,pre,-1,1.5,1523,0.00863022267866,0.0251664703865,0.194912267918,0.805087732082,1.18024242025,0,0,0,0.00114619648461,520,2.00000008108,2.00000008954,-4.22889793124e-09
512,1.8905702250479994,14300,0,pre,-1,3.0,3072,0.0086266900918,0.0234854929475,0.194912267918,0.805087732082,1.18024242025,0,0,0,0.00114619648461,520,2.00000008108,2.00000008954,-4.22889793124e-09
512,1.8905702250479994,14300,0,post,0,1.5,1523,0.00863022267866,0.0251664703865,0.194912267918,0.805087732082,1.18024242025,0,0,0,0.00114619648461,520,2.00000008108,2.00000008954,-4.22889793124e-09
512,1.8905702250479994,14300,0,post,0,3.0,3072,0.0086266900918,0.0234854929475,0.194912267918,0.805087732082,1.18024242025,0,0,0,0.00114619648461,520,2.00000008108,2.00000008954,-4.22889793124e-09
512,1.9038002476165652,14400,0,pre,-1,1.5,1522,0.00893918787631,0.0267370400794,0.210067924001,0.789932075999,1.19729081016,0,0,0,0.0011438020842,520,2.0000000827,2.00000008954,-3.42438106971e-09
512,1.9038002476165652,14400,0,pre,-1,3.0,3072,0.00897939896562,0.0250416892244,0.210067924001,0.789932075999,1.19729081016,0,0,0,0.0011438020842,520,2.0000000827,2.00000008954,-3.42438106971e-09
512,1.9038002476165652,14400,0,post,0,1.5,1522,0.00893918787631,0.0267370400794,0.210067924001,0.789932075999,1.19729081016,0,0,0,0.0011438020842,520,2.0000000827,2.00000008954,-3.42438106971e-09
512,1.9038002476165652,14400,0,post,0,3.0,3072,0.00897939896562,0.0250416892244,0.210067924001,0.789932075999,1.19729081016,0,0,0,0.0011438020842,520,2.0000000827,2.00000008954,-3.42438106971e-09
512,1.9170302701851307,14500,0,pre,-1,1.5,1522,0.00930804300507,0.0283797769902,0.225479063367,0.774520936633,1.21238259525,0,0,0,0.00113467077312,520,2.00000008311,2.00000008955,-3.22000545133e-09
512,1.9170302701851307,14500,0,pre,-1,3.0,3072,0.00933798581505,0.026596914207,0.225479063367,0.774520936633,1.21238259525,0,0,0,0.00113467077312,520,2.00000008311,2.00000008955,-3.22000545133e-09
512,1.9170302701851307,14500,0,post,0,1.5,1522,0.00930804300507,0.0283797769902,0.225479063367,0.774520936633,1.21238259525,0,0,0,0.00113467077312,520,2.00000008311,2.00000008955,-3.22000545133e-09
512,1.9170302701851307,14500,0,post,0,3.0,3072,0.00933798581505,0.026596914207,0.225479063367,0.774520936633,1.21238259525,0,0,0,0.00113467077312,520,2.00000008311,2.00000008955,-3.22000545133e-09
512,1.9302602927536965,14600,0,pre,-1,1.5,1526,0.00969033644249,0.0300502700572,0.241154355857,0.758845644143,1.22564142669,0,0,0,0.00112909837538,520,2.0000000822,2.00000008955,-3.6762706787e-09
512,1.9302602927536965,14600,0,pre,-1,3.0,3072,0.00970983516996,0.0281567008734,0.241154355857,0.758845644143,1.22564142669,0,0,0,0.00112909837538,520,2.0000000822,2.00000008955,-3.6762706787e-09
512,1.9302602927536965,14600,0,post,0,1.5,1526,0.00969033644249,0.0300502700572,0.241154355857,0.758845644143,1.22564142669,0,0,0,0.00112909837538,520,2.0000000822,2.00000008955,-3.6762706787e-09
512,1.9302602927536965,14600,0,post,0,3.0,3072,0.00970983516996,0.0281567008734,0.241154355857,0.758845644143,1.22564142669,0,0,0,0.00112909837538,520,2.0000000822,2.00000008955,-3.6762706787e-09
512,1.9434903153222622,14700,0,pre,-1,1.5,1527,0.0101198090431,0.0318125907518,0.256005786344,0.743994213656,1.237816348,0,0,0,0.00113804148058,520,2.00000007351,2.00000008956,-8.02949670766e-09
512,1.9434903153222622,14700,0,pre,-1,3.0,3072,0.0101017635041,0.0297275678664,0.256005786344,0.743994213656,1.237816348,0,0,0,0.00113804148058,520,2.00000007351,2.00000008956,-8.02949670766e-09
512,1.9434903153222622,14700,0,post,0,1.5,1527,0.0101198090431,0.0318125907518,0.256005786344,0.743994213656,1.237816348,0,0,0,0.00113804148058,520,2.00000007351,2.00000008956,-8.02949670766e-09
512,1.9434903153222622,14700,0,post,0,3.0,3072,0.0101017635041,0.0297275678664,0.256005786344,0.743994213656,1.237816348,0,0,0,0.00113804148058,520,2.00000007351,2.00000008956,-8.02949670766e-09
512,1.9567203378908278,14800,0,pre,-1,1.5,1528,0.010561932038,0.0334717775078,0.267343816364,0.732656183636,1.25035596088,0,0,0,0.00113238886226,521,2.00000009412,2.00000008958,2.27295527767e-09
512,1.9567203378908278,14800,0,pre,-1,3.0,3072,0.0105199868727,0.0312814457852,0.267343816364,0.732656183636,1.25035596088,0,0,0,0.00113238886226,521,2.00000009412,2.00000008958,2.27295527767e-09
512,1.9567203378908278,14800,0,post,0,1.5,1528,0.010561932038,0.0334717775078,0.267343816364,0.732656183636,1.25035596088,0,0,0,0.00113238886226,521,2.00000009412,2.00000008958,2.27295527767e-09
512,1.9567203378908278,14800,0,post,0,3.0,3072,0.0105199868727,0.0312814457852,0.267343816364,0.732656183636,1.25035596088,0,0,0,0.00113238886226,521,2.00000009412,2.00000008958,2.27295527767e-09
512,1.9699503604593935,14900,0,pre,-1,1.5,1528,0.0110261098337,0.0349953248007,0.275678741428,0.724321258572,1.26418855978,0,0,0,0.0011512935563,522,2.00000009673,2.00000008958,3.57151581188e-09
512,1.9699503604593935,14900,0,pre,-1,3.0,3072,0.0109729739852,0.0328254946264,0.275678741428,0.724321258572,1.26418855978,0,0,0,0.0011512935563,522,2.00000009673,2.00000008958,3.57151581188e-09
512,1.9699503604593935,14900,0,post,0,1.5,1528,0.0110261098337,0.0349953248007,0.275678741428,0.724321258572,1.26418855978,0,0,0,0.0011512935563,522,2.00000009673,2.00000008958,3.57151581188e-09
512,1.9699503604593935,14900,0,post,0,3.0,3072,0.0109729739852,0.0328254946264,0.275678741428,0.724321258572,1.26418855978,0,0,0,0.0011512935563,522,2.00000009673,2.00000008958,3.57151581188e-09
512,1.9831803830279593,15000,0,pre,-1,1.5,1528,0.0115111131019,0.0364001508502,0.281229664415,0.718770335585,1.2795481008,0,0,0,0.00119600580416,523,2.00000009006,2.00000008959,2.36618269926e-10
512,1.9831803830279593,15000,0,pre,-1,3.0,3072,0.0114633089328,0.0343816749244,0.281229664415,0.718770335585,1.2795481008,0,0,0,0.00119600580416,523,2.00000009006,2.00000008959,2.36618269926e-10
512,1.9831803830279593,15000,0,post,0,1.5,1528,0.0115111131019,0.0364001508502,0.281229664415,0.718770335585,1.2795481008,0,0,0,0.00119600580416,523,2.00000009006,2.00000008959,2.36618269926e-10
512,1.9831803830279593,15000,0,post,0,3.0,3072,0.0114633089328,0.0343816749244,0.281229664415,0.718770335585,1.2795481008,0,0,0,0.00119600580416,523,2.00000009006,2.00000008959,2.36618269926e-10
512,1.9964104055965248,15100,0,pre,-1,1.5,1528,0.0120873330205,0.0377550932731,0.296362819671,0.715661187118,1.29636281967,0,0,0,0.00125578259834,531,2.00000007296,2.00000008959,-8.31444409381e-09
512,1.9964104055965248,15100,0,pre,-1,3.0,3072,0.0120222329598,0.0359936908294,0.296362819671,0.715661187118,1.29636281967,0,0,0,0.00125578259834,531,2.00000007296,2.00000008959,-8.31444409381e-09
512,1.9964104055965248,15100,0,post,0,1.5,1528,0.0120873330205,0.0377550932731,0.296362819671,0.715661187118,1.29636281967,0,0,0,0.00125578259834,531,2.00000007296,2.00000008959,-8.31444409381e-09
512,1.9964104055965248,15100,0,post,0,3.0,3072,0.0120222329598,0.0359936908294,0.296362819671,0.715661187118,1.29636281967,0,0,0,0.00125578259834,531,2.00000007296,2.00000008959,-8.31444409381e-09
512,2.0096404281650901,15200,0,pre,-1,1.5,1541,0.0126370894428,0.0387182453394,0.313038869658,0.715060309683,1.31303886966,0,0,0,0.00126391584764,543,2.00000008995,2.0000000896,1.74442674706e-10
512,2.0096404281650901,15200,0,pre,-1,3.0,3072,0.0126238193105,0.0375202623423,0.313038869658,0.715060309683,1.31303886966,0,0,0,0.00126391584764,543,2.00000008995,2.0000000896,1.74442674706e-10
512,2.0096404281650901,15200,0,post,0,1.5,1541,0.0126370894428,0.0387182453394,0.313038869658,0.715060309683,1.31303886966,0,0,0,0.00126391584764,543,2.00000008995,2.0000000896,1.74442674706e-10
512,2.0096404281650901,15200,0,post,0,3.0,3072,0.0126238193105,0.0375202623423,0.313038869658,0.715060309683,1.31303886966,0,0,0,0.00126391584764,543,2.00000008995,2.0000000896,1.74442674706e-10
512,2.0228704507336559,15300,0,pre,-1,1.5,1870,0.0113602007659,0.0359336331472,0.330746616701,0.716238427008,1.3307466167,0,0,0,0.000789361070711,893,2.00000005943,2.00000008966,-1.51137839907e-08
512,2.0228704507336559,15300,0,pre,-1,3.0,3072,0.0131971373096,0.0388961409471,0.330746616701,0.716238427008,1.3307466167,0,0,0,0.000789361070711,893,2.00000005943,2.00000008966,-1.51137839907e-08
512,2.0228704507336559,15300,0,post,0,1.5,1870,0.0113602007659,0.0359336331472,0.330746616701,0.716238427008,1.3307466167,0,0,0,0.000789361070711,893,2.00000005943,2.00000008966,-1.51137839907e-08
512,2.0228704507336559,15300,0,post,0,3.0,3072,0.0131971373096,0.0388961409471,0.330746616701,0.716238427008,1.3307466167,0,0,0,0.000789361070711,893,2.00000005943,2.00000008966,-1.51137839907e-08
512,2.0361004733022217,15400,0,pre,-1,1.5,1635,0.01192939331,0.0381328127986,0.349084625149,0.724816546317,1.34908462515,0,0,0,0.000300939695864,535,2.0000000862,2.00000008968,-1.73973805333e-09
512,2.0361004733022217,15400,0,pre,-1,3.0,3072,0.0133026288401,0.039230099629,0.349084625149,0.724816546317,1.34908462515,0,0,0,0.000300939695864,535,2.0000000862,2.00000008968,-1.73973805333e-09
512,2.0361004733022217,15400,0,post,0,1.5,1635,0.01192939331,0.0381328127986,0.349084625149,0.724816546317,1.34908462515,0,0,0,0.000300939695864,535,2.0000000862,2.00000008968,-1.73973805333e-09
512,2.0361004733022217,15400,0,post,0,3.0,3072,0.0133026288401,0.039230099629,0.349084625149,0.724816546317,1.34908462515,0,0,0,0.000300939695864,535,2.0000000862,2.00000008968,-1.73973805333e-09
512,2.0493304958707874,15500,0,pre,-1,1.5,1552,0.012233501985,0.0390696257225,0.352732675227,0.728409169542,1.35273267523,0,0,0,0.000526872901602,530,2.00000010133,2.00000008975,5.7898083727e-09
512,2.0493304958707874,15500,0,pre,-1,3.0,3072,0.0136327842945,0.0395328009794,0.352732675227,0.728409169542,1.35273267523,0,0,0,0.000526872901602,530,2.00000010133,2.00000008975,5.7898083727e-09
512,2.0493304958707874,15500,0,post,0,1.5,1552,0.012233501985,0.0390696257225,0.352732675227,0.728409169542,1.35273267523,0,0,0,0.000526872901602,530,2.00000010133,2.00000008975,5.7898083727e-09
512,2.0493304958707874,15500,0,post,0,3.0,3072,0.0136327842945,0.0395328009794,0.352732675227,0.728409169542,1.35273267523,0,0,0,0.000526872901602,530,2.00000010133,2.00000008975,5.7898083727e-09
512,2.0625605184393532,15600,0,pre,-1,1.5,1552,0.0126461153124,0.0395612587831,0.354237902932,0.728319194174,1.35423790293,0,0,0,0.000711555683836,528,2.00000009349,2.00000008982,1.83787776737e-09
512,2.0625605184393532,15600,0,pre,-1,3.0,3072,0.0140244246138,0.0400497996555,0.354237902932,0.728319194174,1.35423790293,0,0,0,0.000711555683836,528,2.00000009349,2.00000008982,1.83787776737e-09
512,2.0625605184393532,15600,0,post,0,1.5,1552,0.0126461153124,0.0395612587831,0.354237902932,0.728319194174,1.35423790293,0,0,0,0.000711555683836,528,2.00000009349,2.00000008982,1.83787776737e-09
512,2.0625605184393532,15600,0,post,0,3.0,3072,0.0140244246138,0.0400497996555,0.354237902932,0.728319194174,1.35423790293,0,0,0,0.000711555683836,528,2.00000009349,2.00000008982,1.83787776737e-09
512,2.0757905410079189,15700,0,pre,-1,1.5,1549,0.0131221861363,0.0403544676189,0.354032166747,0.727093163025,1.35403216675,0,0,0,0.000872879757826,524,2.00000009218,2.00000008987,1.15297854967e-09
512,2.0757905410079189,15700,0,pre,-1,3.0,3072,0.0144181623899,0.0406748485006,0.354032166747,0.727093163025,1.35403216675,0,0,0,0.000872879757826,524,2.00000009218,2.00000008987,1.15297854967e-09
512,2.0757905410079189,15700,0,post,0,1.5,1549,0.0131221861363,0.0403544676189,0.354032166747,0.727093163025,1.35403216675,0,0,0,0.000872879757826,524,2.00000009218,2.00000008987,1.15297854967e-09
512,2.0757905410079189,15700,0,post,0,3.0,3072,0.0144181623899,0.0406748485006,0.354032166747,0.727093163025,1.35403216675,0,0,0,0.000872879757826,524,2.00000009218,2.00000008987,1.15297854967e-09
512,2.0890205635764847,15800,0,pre,-1,1.5,1536,0.0135564982432,0.0414758033193,0.353420842991,0.725936440386,1.35342084299,0,0,0,0.0010106335169,525,2.00000009288,2.00000008992,1.47714855923e-09
512,2.0890205635764847,15800,0,pre,-1,3.0,3072,0.0148265825905,0.0414406083015,0.353420842991,0.725936440386,1.35342084299,0,0,0,0.0010106335169,525,2.00000009288,2.00000008992,1.47714855923e-09
512,2.0890205635764847,15800,0,post,0,1.5,1536,0.0135564982432,0.0414758033193,0.353420842991,0.725936440386,1.35342084299,0,0,0,0.0010106335169,525,2.00000009288,2.00000008992,1.47714855923e-09
512,2.0890205635764847,15800,0,post,0,3.0,3072,0.0148265825905,0.0414406083015,0.353420842991,0.725936440386,1.35342084299,0,0,0,0.0010106335169,525,2.00000009288,2.00000008992,1.47714855923e-09
512,2.1022505861450504,15900,0,pre,-1,1.5,1533,0.0140826596499,0.0427585202267,0.352716211088,0.724876986297,1.35271621109,0,0,0,0.00112793298595,526,2.00000009574,2.00000008997,2.88497723833e-09
512,2.1022505861450504,15900,0,pre,-1,3.0,3072,0.0152407943476,0.0423596528054,0.352716211088,0.724876986297,1.35271621109,0,0,0,0.00112793298595,526,2.00000009574,2.00000008997,2.88497723833e-09
512,2.1022505861450504,15900,0,post,0,1.5,1533,0.0140826596499,0.0427585202267,0.352716211088,0.724876986297,1.35271621109,0,0,0,0.00112793298595,526,2.00000009574,2.00000008997,2.88497723833e-09
512,2.1022505861450504,15900,0,post,0,3.0,3072,0.0152407943476,0.0423596528054,0.352716211088,0.724876986297,1.35271621109,0,0,0,0.00112793298595,526,2.00000009574,2.00000008997,2.88497723833e-09
512,2.1154806087136158,16000,0,pre,-1,1.5,1529,0.0146234525978,0.0442357546254,0.35193651419,0.723936837536,1.35193651419,0,0,0,0.00122286571879,526,2.00000009475,2.00000009,2.37244857519e-09
512,2.1154806087136158,16000,0,pre,-1,3.0,3072,0.0156494310133,0.0433923962185,0.35193651419,0.723936837536,1.35193651419,0,0,0,0.00122286571879,526,2.00000009475,2.00000009,2.37244857519e-09
512,2.1154806087136158,16000,0,post,0,1.5,1529,0.0146234525978,0.0442357546254,0.35193651419,0.723936837536,1.35193651419,0,0,0,0.00122286571879,526,2.00000009475,2.00000009,2.37244857519e-09
512,2.1154806087136158,16000,0,post,0,3.0,3072,0.0156494310133,0.0433923962185,0.35193651419,0.723936837536,1.35193651419,0,0,0,0.00122286571879,526,2.00000009475,2.00000009,2.37244857519e-09
512,2.1287106312821815,16100,0,pre,-1,1.5,1528,0.0151597899554,0.0457874557721,0.351142210724,0.723118766712,1.35114221072,0,0,0,0.00130250796942,524,2.00000009519,2.00000009003,2.5788039431e-09
512,2.1287106312821815,16100,0,pre,-1,3.0,3072,0.0160515804658,0.0444899494478,0.351142210724,0.723118766712,1.35114221072,0,0,0,0.00130250796942,524,2.00000009519,2.00000009003,2.5788039431e-09
512,2.1287106312821815,16100,0,post,0,1.5,1528,0.0151597899554,0.0457874557721,0.351142210724,0.723118766712,1.35114221072,0,0,0,0.00130250796942,524,2.00000009519,2.00000009003,2.5788039431e-09
512,2.1287106312821815,16100,0,post,0,3.0,3072,0.0160515804658,0.0444899494478,0.351142210724,0.723118766712,1.35114221072,0,0,0,0.00130250796942,524,2.00000009519,2.00000009003,2.5788039431e-09
512,2.1419406538507473,16200,0,pre,-1,1.5,1528,0.0156878052648,0.047386356825,0.350487957634,0.722367634129,1.35048795763,0,0,0,0.00135147732887,527,2.00000009031,2.00000009005,1.33447913373e-10
512,2.1419406538507473,16200,0,pre,-1,3.0,3072,0.0164371806395,0.0456124792926,0.350487957634,0.722367634129,1.35048795763,0,0,0,0.00135147732887,527,2.00000009031,2.00000009005,1.33447913373e-10
512,2.1419406538507473,16200,0,post,0,1.5,1528,0.0156878052648,0.047386356825,0.350487957634,0.722367634129,1.35048795763,0,0,0,0.00135147732887,527,2.00000009031,2.00000009005,1.33447913373e-10
512,2.1419406538507473,16200,0,post,0,3.0,3072,0.0164371806395,0.0456124792926,0.350487957634,0.722367634129,1.35048795763,0,0,0,0.00135147732887,527,2.00000009031,2.00000009005,1.33447913373e-10
512,2.1551706764193126,16300,0,pre,-1,1.5,1528,0.0161925400031,0.0490069578316,0.349998652242,0.721610256656,1.34999865224,0,0,0,0.00139859801359,525,2.00000009309,2.00000009006,1.51826899766e-09
512,2.1551706764193126,16300,0,pre,-1,3.0,3072,0.0167955570543,0.0467331978718,0.349998652242,0.721610256656,1.34999865224,0,0,0,0.00139859801359,525,2.00000009309,2.00000009006,1.51826899766e-09
512,2.1551706764193126,16300,0,post,0,1.5,1528,0.0161925400031,0.0490069578316,0.349998652242,0.721610256656,1.34999865224,0,0,0,0.00139859801359,525,2.00000009309,2.00000009006,1.51826899766e-09
512,2.1551706764193126,16300,0,post,0,3.0,3072,0.0167955570543,0.0467331978718,0.349998652242,0.721610256656,1.34999865224,0,0,0,0.00139859801359,525,2.00000009309,2.00000009006,1.51826899766e-09
512,2.1684006989878784,16400,0,pre,-1,1.5,1528,0.0166708705003,0.0506206832753,0.349675172109,0.720925019909,1.34967517211,0,0,0,0.00142727457137,525,2.00000009475,2.00000009006,2.34725472925e-09
512,2.1684006989878784,16400,0,pre,-1,3.0,3072,0.0171252557294,0.0478322149751,0.349675172109,0.720925019909,1.34967517211,0,0,0,0.00142727457137,525,2.00000009475,2.00000009006,2.34725472925e-09
512,2.1684006989878784,16400,0,post,0,1.5,1528,0.0166708705003,0.0506206832753,0.349675172109,0.720925019909,1.34967517211,0,0,0,0.00142727457137,525,2.00000009475,2.00000009006,2.34725472925e-09
512,2.1684006989878784,16400,0,post,0,3.0,3072,0.0171252557294,0.0478322149751,0.349675172109,0.720925019909,1.34967517211,0,0,0,0.00142727457137,525,2.00000009475,2.00000009006,2.34725472925e-09
512,2.1816307215564441,16500,0,pre,-1,1.5,1528,0.017127154907,0.0522148049008,0.349527163514,0.707787128191,1.34952716351,0,0,0,0.00144337800668,526,2.00000009164,2.00000009005,7.91596308386e-10
512,2.1816307215564441,16500,0,pre,-1,3.0,3072,0.0174286442534,0.0489010048428,0.349527163514,0.707787128191,1.34952716351,0,0,0,0.00144337800668,526,2.00000009164,2.00000009005,7.91596308386e-10
512,2.1816307215564441,16500,0,post,0,1.5,1528,0.017127154907,0.0522148049008,0.349527163514,0.707787128191,1.34952716351,0,0,0,0.00144337800668,526,2.00000009164,2.00000009005,7.91596308386e-10
512,2.1816307215564441,16500,0,post,0,3.0,3072,0.0174286442534,0.0489010048428,0.349527163514,0.707787128191,1.34952716351,0,0,0,0.00144337800668,526,2.00000009164,2.00000009005,7.91596308386e-10
512,2.1948607441250099,16600,0,pre,-1,1.5,1528,0.0175700081134,0.0537838183966,0.349691586667,0.694500027971,1.34969158667,0,0,0,0.00144387995969,526,2.00000013033,2.00000009004,2.01454586158e-08
512,2.1948607441250099,16600,0,pre,-1,3.0,3072,0.0177122030605,0.0499402766451,0.349691586667,0.694500027971,1.34969158667,0,0,0,0.00144387995969,526,2.00000013033,2.00000009004,2.01454586158e-08
512,2.1948607441250099,16600,0,post,0,1.5,1528,0.0175700081134,0.0537838183966,0.349691586667,0.694500027971,1.34969158667,0,0,0,0.00144387995969,526,2.00000013033,2.00000009004,2.01454586158e-08
512,2.1948607441250099,16600,0,post,0,3.0,3072,0.0177122030605,0.0499402766451,0.349691586667,0.694500027971,1.34969158667,0,0,0,0.00144387995969,526,2.00000013033,2.00000009004,2.01454586158e-08
512,2.2080907666935756,16700,0,pre,-1,1.5,1528,0.0180102765367,0.0552110283709,0.350182737406,0.684146392498,1.35018273741,0,0,0,0.0014259471902,526,2.00000012755,2.00000009003,1.87591718152e-08
512,2.2080907666935756,16700,0,pre,-1,3.0,3072,0.0180078887166,0.0509451208343,0.350182737406,0.684146392498,1.35018273741,0,0,0,0.0014259471902,526,2.00000012755,2.00000009003,1.87591718152e-08
512,2.2080907666935756,16700,0,post,0,1.5,1528,0.0180102765367,0.0552110283709,0.350182737406,0.684146392498,1.35018273741,0,0,0,0.0014259471902,526,2.00000012755,2.00000009003,1.87591718152e-08
512,2.2080907666935756,16700,0,post,0,3.0,3072,0.0180078887166,0.0509451208343,0.350182737406,0.684146392498,1.35018273741,0,0,0,0.0014259471902,526,2.00000012755,2.00000009003,1.87591718152e-08
512,2.2213207892621414,16800,0,pre,-1,1.5,1528,0.0184442401276,0.0565290471285,0.351163301275,0.669074311789,1.35116330127,0,0,0,0.00139552202991,525,2.00000005739,2.00000009003,-1.6316093297e-08
512,2.2213207892621414,16800,0,pre,-1,3.0,3072,0.0183107735451,0.051921352392,0.351163301275,0.669074311789,1.35116330127,0,0,0,0.00139552202991,525,2.00000005739,2.00000009003,-1.6316093297e-08
512,2.2213207892621414,16800,0,post,0,1.5,1528,0.0184442401276,0.0565290471285,0.351163301275,0.669074311789,1.35116330127,0,0,0,0.00139552202991,525,2.00000005739,2.00000009003,-1.6316093297e-08
512,2.2213207892621414,16800,0,post,0,3.0,3072,0.0183107735451,0.051921352392,0.351163301275,0.669074311789,1.35116330127,0,0,0,0.00139552202991,525,2.00000005739,2.00000009003,-1.6316093297e-08
512,2.2345508118307071,16900,0,pre,-1,1.5,1528,0.0188824652791,0.0577419822718,0.352518936281,0.65232584363,1.35251893628,0,0,0,0.00136216486736,526,2.0000000698,2.00000009002,-1.01084558392e-08
512,2.2345508118307071,16900,0,pre,-1,3.0,3072,0.0186295195478,0.0528772262532,0.352518936281,0.65232584363,1.35251893628,0,0,0,0.00136216486736,526,2.0000000698,2.00000009002,-1.01084558392e-08
512,2.2345508118307071,16900,0,post,0,1.5,1528,0.0188824652791,0.0577419822718,0.352518936281,0.65232584363,1.35251893628,0,0,0,0.00136216486736,526,2.0000000698,2.00000009002,-1.01084558392e-08
512,2.2345508118307071,16900,0,post,0,3.0,3072,0.0186295195478,0.0528772262532,0.352518936281,0.65232584363,1.35251893628,0,0,0,0.00136216486736,526,2.0000000698,2.00000009002,-1.01084558392e-08
512,2.2426211255975321,16961,0,pre,-1,1.5,1528,0.019152991533,0.0584312183474,0.355987400543,0.644012599457,1.35350907599,0,0,0,0.00134342747979,530,2.0000001266,2.00000009002,1.82894766649e-08
512,2.2426211255975321,16961,0,pre,-1,3.0,3072,0.0188347290723,0.0534538642823,0.355987400543,0.644012599457,1.35350907599,0,0,0,0.00134342747979,530,2.0000001266,2.00000009002,1.82894766649e-08
512,2.2426211255975321,16961,0,post,0,1.5,1528,0.019152991533,0.0584312183474,0.355987400543,0.644012599457,1.35350907599,0,0,0,0.00134342747979,530,2.0000001266,2.00000009002,1.82894766649e-08
512,2.2426211255975321,16961,0,post,0,3.0,3072,0.0188347290723,0.0534538642823,0.355987400543,0.644012599457,1.35350907599,0,0,0,0.00134342747979,530,2.0000001266,2.00000009002,1.82894766649e-08
