t sb -1 xb vb dt perf.t perf.speed
0 0 -1 0.5 0 5.93295e-05 0 0 
5.93295e-05 0 -1 0.5 -2.0874e-05 5.93295e-05 0.039415 1.66272e+06 1 31965.4 5125.32 6.23677 4 
0.000172595 1.5828e-07 -1 0.5 1.78116e-05 0.000113265 0.059183 2.21469e+06 1 6822.76 3080 2.21518 4 1 9387.46 4378.92 2.14379 4 1 0.000909455 3.39169e-07 2681.42 4 
0.000334888 -1.94973e-07 -1 0.5 -3.63613e-05 0.000162293 0.078119 2.51678e+06 1 5248.45 1324.8 3.96171 4 1 19153.2 6218.79 3.07989 4 1 0.00147823 1.78058e-06 830.195 4 
0.000541747 -2.20116e-07 -1 0.5 0.000101644 0.000206859 0.097053 2.70104e+06 1 2466.83 371.957 6.63203 4 1 14392.1 2654.95 5.42084 4 1 0.00116354 2.87525e-06 404.674 4 
0.000789125 -5.04936e-07 -1 0.5 0.000267932 0.000247378 0.116311 2.81727e+06 1 704.043 282.055 2.49612 4 1 5922.51 1431.53 4.1372 4 1 0.000869234 4.51155e-06 192.668 4 
0.00107336 -6.47653e-07 -1 0.5 0.000457875 0.000284232 0.135545 2.901e+06 1 487.663 121.557 4.01181 4 1 2986.53 768.35 3.88694 4 1 0.00128286 8.84024e-06 145.116 4 
0.00139107 -8.59269e-07 -1 0.5 0.000688831 0.000317717 0.154666 2.96608e+06 1 217.274 60.1539 3.61196 4 1 1639.79 314.324 5.21687 4 1 0.001596 1.36083e-05 117.281 4 
0.00173922 -9.31371e-07 -1 0.5 0.000949908 0.000348149 0.173619 3.01976e+06 1 107.607 29.2186 3.68283 4 1 772.465 209.777 3.6823 4 1 0.00189716 1.88384e-05 100.707 4 
0.00211504 -9.14676e-07 -1 0.500001 0.00120791 0.000375816 0.196667 2.9991e+06 1 72.7578 12.9596 5.61419 4 1 453.67 73.6228 6.16208 4 1 0.00209004 2.36156e-05 88.5025 4 
0.00251604 -7.6552e-07 -1 0.500001 0.00145684 0.000401001 0.215908 3.03537e+06 1 82.1016 24.0817 3.4093 4 1 183.046 103.167 1.77427 4 1 0.00221706 2.76177e-05 80.2768 4 
0.00293989 -5.43458e-07 -1 0.500002 0.00168989 0.000423852 0.236829 3.04395e+06 1 87.6368 18.4231 4.7569 4 1 169.227 43.6035 3.88104 4 1 0.00227273 3.06857e-05 74.0648 4 
0.00338456 -2.88158e-07 -1 0.500003 0.00191145 0.000444668 0.25681 3.06231e+06 1 87.9999 17.3937 5.05931 4 1 203.091 54.1793 3.7485 4 1 0.00226891 3.27156e-05 69.3525 4 
0.00384807 -6.14683e-08 -1 0.500004 0.0021219 0.000463514 0.277335 3.07198e+06 1 87.6652 10.6158 8.25797 4 1 124.964 24.3128 5.13982 4 1 0.00221921 3.38504e-05 65.5593 4 
0.00432877 9.14624e-08 -1 0.500005 0.0023345 0.000480692 0.297102 3.08818e+06 1 84.6796 3.95695 21.4002 4 1 158.666 9.55781 16.6006 4 1 0.00215768 3.5596e-05 60.6159 4 
0.00482515 1.50278e-07 -1 0.500006 0.00256013 0.000496383 0.317661 3.09462e+06 1 83.4747 4.15051 20.1119 4 1 202.224 6.86634 29.4515 4 1 0.00214715 3.96873e-05 54.1018 4 
0.00533566 1.14041e-07 -1 0.500007 0.00280124 0.000510512 0.337551 3.10642e+06 1 82.0791 7.43497 11.0396 4 1 57.9644 12.2881 4.71711 4 1 0.00212813 4.41124e-05 48.2434 4 
0.00585911 4.33268e-09 -1 0.500009 0.00306378 0.000523451 0.358009 3.11197e+06 1 79.3662 13.202 6.01166 4 1 234.464 15.7658 14.8717 4 1 0.00219001 4.85576e-05 45.1013 4 
0.00639435 -1.49323e-07 -1 0.50001 0.00334473 0.000535241 0.37996 3.10466e+06 1 75.6843 9.39848 8.05282 4 1 146.584 14.0565 10.4282 4 1 0.00230768 5.31905e-05 43.3852 4 
0.00694023 -3.09458e-07 -1 0.500012 0.0036443 0.00054588 0.406419 3.06379e+06 1 71.7861 6.87257 10.4453 4 1 39.2145 9.27541 4.2278 4 1 0.00241239 5.76242e-05 41.8642 4 
0.00749584 -4.45149e-07 -1 0.500014 0.00395587 0.000555608 0.42665 3.07212e+06 1 67.8211 4.96418 13.6621 4 1 53.2795 3.09818 17.197 4 1 0.00251381 6.19512e-05 40.5773 4 
0.00806025 -5.28523e-07 -1 0.500016 0.0042737 0.00056441 0.446409 3.08295e+06 1 63.6851 3.12495 20.3796 4 1 64.4151 4.49185 14.3404 4 1 0.0025981 6.55935e-05 39.6092 4 
0.00863265 -5.54427e-07 -1 0.500019 0.00459379 0.000572401 0.46543 3.09776e+06 1 60.1369 2.61986 22.9543 4 1 57.5812 7.10809 8.10081 4 1 0.0026742 6.8621e-05 38.9705 4 
0.00921237 -5.26522e-07 -1 0.500021 0.00491217 0.000579722 0.484225 3.11287e+06 1 56.5332 2.8637 19.7413 4 1 54.7483 11.0699 4.94568 4 1 0.00274069 7.13127e-05 38.432 4 
0.00979869 -4.60425e-07 -1 0.500024 0.00522577 0.000586314 0.50313 3.12616e+06 1 52.6016 3.42618 15.3529 4 1 28.7054 10.2074 2.81222 4 1 0.00279708 7.3521e-05 38.0446 4 
0.010391 -3.75379e-07 -1 0.500027 0.00553649 0.000592354 0.522052 3.13838e+06 1 48.7627 3.35587 14.5306 4 1 19.9832 9.4429 2.11622 4 1 0.00284654 7.53743e-05 37.7654 4 
0.0109888 -2.92164e-07 -1 0.500031 0.00584319 0.000597802 0.540909 3.15013e+06 1 45.009 2.27552 19.7796 4 1 216.106 6.57224 32.8816 4 1 0.0028948 7.72968e-05 37.4505 4 
0.0115916 -2.25962e-07 -1 0.500034 0.00614965 0.000602745 0.559785 3.16099e+06 1 41.5991 1.77237 23.471 4 1 39.6665 3.88564 10.2085 4 1 0.0029362 7.88499e-05 37.2379 4 
0.0121989 -1.88025e-07 -1 0.500038 0.00645675 0.000607277 0.578674 3.17106e+06 1 101.254 3.39771 29.8007 4 1 12.9391 1.6483 7.84999 4 1 0.00298103 8.0687e-05 36.9456 4 
0.0128102 -1.8051e-07 -1 0.500042 0.00676714 0.000611377 0.601742 3.1584e+06 1 179.375 4.12651 43.4688 4 1 78.6994 4.43208 17.7567 4 1 0.00302261 8.24722e-05 36.6501 4 
0.0134254 -2.00953e-07 -1 0.500046 0.00708242 0.000615154 0.620743 3.1673e+06 1 220.956 7.15654 30.8747 4 1 93.6803 3.28249 28.5394 4 1 0.0030654 8.43716e-05 36.3321 4 
0.014044 -2.39913e-07 -1 0.50005 0.00740272 0.000618595 0.639576 3.1765e+06 1 91.3661 3.27912 27.863 4 1 116.103 5.59309 20.7582 4 1 0.00310727 8.62631e-05 36.0209 4 
0.0146657 -2.84457e-07 -1 0.500055 0.00772704 0.000621686 0.658452 3.18497e+06 1 38.3776 2.77427 13.8334 4 1 31.4374 2.36869 13.2721 4 1 0.00315391 8.80681e-05 35.8121 4 
0.0152901 -3.26053e-07 -1 0.50006 0.00805549 0.000624416 0.677281 3.19319e+06 1 30.7445 2.67181 11.507 4 1 31.11 1.58832 19.5867 4 1 0.00319948 8.96221e-05 35.6997 4 
0.0159171 -3.5729e-07 -1 0.500065 0.00838603 0.00062704 0.70025 3.18204e+06 1 29.333 2.06806 14.1838 4 1 99.8417 3.32145 30.0597 4 1 0.00324756 9.1156e-05 35.6264 4 
0.0165464 -3.74262e-07 -1 0.50007 0.00871771 0.000629288 0.719208 3.18929e+06 1 28.3615 1.51131 18.7662 4 1 11.4038 1.40177 8.13533 4 1 0.00328888 9.23455e-05 35.615 4 
0.0171778 -3.76326e-07 -1 0.500076 0.00904942 0.000631419 0.738209 3.19597e+06 1 222.442 7.5938 29.2925 4 1 9.02162 2.59783 3.47275 4 1 0.00333122 9.34656e-05 35.6412 4 
0.0178113 -3.68008e-07 -1 0.500081 0.00938014 0.00063343 0.757136 3.20264e+06 1 87.5644 4.00868 21.8437 4 1 261.089 6.07836 42.9539 4 1 0.0033708 9.44295e-05 35.6965 4 
0.0184463 -3.5121e-07 -1 0.500087 0.00971673 0.000635049 0.778935 3.19714e+06 2 55305.5 83.24 25.7761 3 1 24.3232 2.96605 8.20055 4 1 0.00340663 9.51741e-05 35.7937 4 
0.019083 -3.80992e-07 -1 0.500093 0.0100245 0.000636676 0.801519 3.18883e+06 1 202.328 20.0305 10.101 3 1 209.184 22.7808 9.18248 4 1 0.00343666 9.58669e-05 35.8482 4 
0.0197212 -3.4463e-07 -1 0.5001 0.0103725 0.000638175 0.819897 3.19728e+06 1 244.072 22.9787 10.6216 3 1 194.689 41.0648 4.74103 4 1 0.00345316 9.5668e-05 36.0952 4 
0.0203606 -3.37695e-07 -1 0.500106 0.0106931 0.000639408 0.838335 3.20513e+06 1 128.295 8.56245 14.9835 3 1 132.752 32.9593 4.02775 4 1 0.00356892 9.90487e-05 36.032 4 
0.0210012 -3.31564e-07 -1 0.500113 0.0110218 0.000640645 0.856623 3.21321e+06 1 75.5168 3.3479 22.5565 3 1 112.492 10.1155 11.1208 4 1 0.00352139 9.72756e-05 36.2001 4 
0.021643 -3.37726e-07 -1 0.50012 0.0113496 0.000641749 0.87483 3.22125e+06 1 53.1405 2.93544 18.1031 3 1 40.5524 6.39099 6.34524 4 1 0.00358685 9.883e-05 36.2931 4 
0.0222857 -3.43763e-07 -1 0.500128 0.0116806 0.000642718 0.893106 3.22871e+06 1 74.4587 4.20666 17.7002 3 1 19.1159 2.92598 6.53316 4 1 0.00361364 9.93506e-05 36.3726 4 
0.0229292 -3.52945e-07 -1 0.500135 0.0120105 0.000643552 0.914658 3.22429e+06 1 101.327 7.83048 12.9401 3 1 42.5957 2.66701 15.9713 4 2 0.00365267 4.1029e-06 29.8373 3 
0.0235736 -3.61924e-07 -1 0.500143 0.0123419 0.000644388 0.934861 3.22471e+06 1 53.5427 3.76147 14.2345 3 1 67.8262 2.02376 33.5149 4 2 0.00367486 1.7381e-05 14.5406 2 
0.0242187 -3.7152e-07 -1 0.500151 0.0126696 0.000645086 0.958971 3.21198e+06 3 55210.1 41.1196 11.0321 2 1 24.0143 1.56011 15.3927 4 2 0.00370785 3.36024e-05 10.5045 2 
0.0248645 -3.71747e-07 -1 0.500159 0.0130052 0.000645786 0.978087 3.2162e+06 1 51.8092 6.12942 8.45255 2 1 72.8122 5.116 14.2322 4 2 0.00361726 3.34165e-05 10.4042 2 
0.025511 -3.69543e-07 -1 0.500167 0.0133382 0.000646488 1.00125 3.20725e+06 1 51.0196 5.46666 9.33287 2 1 80.2108 5.15522 15.5591 4 2 0.00385538 3.34401e-05 10.7374 2 
0.026158 -3.64921e-07 -1 0.500176 0.0136684 0.00064705 1.02518 3.19633e+06 3 55515.3 67.6405 9.36272 2 1 17.4436 1.19329 14.6181 4 2 0.00383901 3.36612e-05 10.6794 2 
0.0268055 -3.20063e-07 -1 0.500185 0.0140038 0.000647473 1.04414 3.20104e+06 1 107.9 10.442 10.3333 2 1 142.83 9.64636 14.8066 4 2 0.00383322 3.38858e-05 10.6359 2 
0.0274534 -2.86067e-07 -1 0.500194 0.0143325 0.000647896 1.06523 3.19919e+06 1 132.95 12.1162 10.9729 2 1 157.7 8.49509 18.5637 4 2 0.00385953 3.40104e-05 10.6527 2 
0.0281017 -2.64322e-07 -1 0.500203 0.0146626 0.00064832 1.08432 3.20331e+06 1 245.433 22.049 11.1312 2 1 111.213 3.47768 31.9791 4 2 0.00387842 3.40874e-05 10.6667 2 
0.0287505 -2.57319e-07 -1 0.500213 0.0149925 0.000648744 1.10799 3.19402e+06 3 55589.4 74.6277 9.06492 2 1 124.369 4.0538 30.6797 4 2 0.00390288 3.42814e-05 10.67 2 
0.0293996 -1.84215e-07 -1 0.500223 0.0153194 0.00064917 1.13166 3.18514e+06 3 52087.2 45.2463 10.4805 2 1 161.455 11.9687 13.4898 4 2 0.00389793 3.4453e-05 10.6366 2 
0.0300491 -1.72672e-07 -1 0.500232 0.0156528 0.000649454 1.15075 3.18925e+06 1 178.009 21.4122 8.31344 2 1 182.048 11.6098 15.6805 4 2 0.00399672 3.44163e-05 10.7763 2 
0.0306988 -1.90994e-07 -1 0.500243 0.0159726 0.000649738 1.1745 3.18055e+06 3 55572.1 92.7838 8.42937 2 1 127.325 7.11647 17.8916 4 2 0.00400396 3.49251e-05 10.7072 2 
0.0313489 -1.14284e-07 -1 0.500253 0.0163106 0.000650022 1.20223 3.16171e+06 3 53283.2 111.872 7.80949 2 1 220.291 29.8477 7.38049 4 2 0.0039127 3.487e-05 10.5928 2 
0.031999 -1.26216e-07 -1 0.500264 0.0166347 0.000650165 1.22823 3.14812e+06 4 51316.9 39.3447 6.00957 2 1 263.789 30.1076 8.76156 4 2 0.00395897 3.49474e-05 10.6435 2 
0.0326495 -1.66858e-07 -1 0.500274 0.0169806 0.000650449 1.24722 3.15275e+06 1 65.7796 45.0011 1.46174 2 1 171.182 30.1139 5.68448 4 2 0.00397008 3.53238e-05 10.6015 2 
0.0333001 -1.58265e-07 -1 0.500285 0.0172987 0.000650592 1.2661 3.15749e+06 1 67.5226 25.6959 2.62776 2 1 217.668 56.1486 3.87664 4 2 0.00398306 3.56021e-05 10.5772 2 
0.0339508 -1.65062e-07 -1 0.500297 0.017634 0.000650735 1.28512 3.16175e+06 1 70.5231 10.531 6.6967 2 1 207.432 39.5622 5.24318 4 2 0.00400102 3.51718e-05 10.6657 2 
0.0346017 -1.53897e-07 -1 0.500308 0.0179623 0.000650878 1.30397 3.16631e+06 1 72.6312 7.26976 9.99088 2 1 114.85 28.2883 4.05999 4 2 0.00402121 3.56267e-05 10.6241 2 
0.0352527 -1.45602e-07 -1 0.50032 0.0182926 0.00065102 1.32288 3.17059e+06 1 73.3447 7.20234 10.1835 2 1 52.9426 14.6524 3.61325 4 2 0.00404904 3.56307e-05 10.6602 2 
0.0359039 -1.32951e-07 -1 0.500332 0.0186203 0.000651163 1.34178 3.17476e+06 1 268.985 44.0237 6.11001 2 1 35.0074 8.13348 4.30411 4 2 0.00406845 3.57542e-05 10.6672 2 
0.0365552 -1.24484e-07 -1 0.500344 0.0189483 0.000651307 1.36068 3.17884e+06 1 155.652 24.6177 6.32278 2 1 161.886 5.3255 30.3983 4 2 0.00409048 3.58053e-05 10.6884 2 
0.0372066 -1.15471e-07 -1 0.500356 0.0192757 0.00065145 1.38178 3.17771e+06 1 142.77 21.9038 6.51802 2 1 327.09 10.11 32.3532 4 2 0.00410724 3.59179e-05 10.6935 2 
0.0378582 -1.07877e-07 -1 0.500369 0.019605 0.000651593 1.40969 3.1613e+06 3 55554.9 109.605 7.97317 2 1 101.746 4.74753 21.4314 4 2 0.00412439 3.6014e-05 10.7015 2 
0.0385098 -2.06826e-08 -1 0.500382 0.0199299 0.000651593 1.42868 3.16515e+06 1 127.491 34.3566 3.7108 2 1 251.117 25.9252 9.68622 4 2 0.00428092 3.62767e-05 10.8631 2 
0.0391615 4.48709e-08 -1 0.500395 0.0202554 0.000651736 1.4477 3.16883e+06 1 208.383 13.5649 15.3619 2 1 159.21 15.1316 10.5217 4 2 0.00412289 3.62194e-05 10.6692 2 
0.0398133 6.08193e-08 -1 0.500408 0.0205818 0.000651736 1.46673 3.17239e+06 1 106.446 6.74647 15.778 2 1 104.439 10.4229 10.0202 4 2 0.00414742 3.60826e-05 10.7211 2 
0.0404652 4.55266e-08 -1 0.500421 0.0209083 0.00065188 1.4857 3.17601e+06 1 63.2178 6.37676 9.91378 2 1 37.9011 4.50978 8.4042 4 2 0.00416919 3.62602e-05 10.7229 2 
0.041117 2.00645e-08 -1 0.500435 0.0212343 0.00065188 1.50469 3.17948e+06 1 186.777 25.2451 7.39851 2 1 237.755 6.79455 34.992 4 2 0.00418384 3.643e-05 10.7166 2 
0.0417691 3.95472e-09 -1 0.500449 0.0215608 0.000652024 1.52372 3.18279e+06 1 293.785 39.2168 7.49131 2 1 125.348 2.87644 43.5777 4 2 0.00410915 3.65503e-05 10.603 2 
0.0424211 -5.70939e-09 -1 0.500463 0.0218877 0.000652024 1.54268 3.18614e+06 1 121.482 17.6668 6.8763 2 1 176.047 6.49662 27.0982 4 2 0.0045189 3.6606e-05 11.1107 2 
0.0430731 -1.26131e-08 -1 0.500477 0.0222398 0.000652024 1.56615 3.18024e+06 3 53202 108.67 7.88144 2 1 36.3484 2.01866 18.0062 4 2 0.00444553 3.66764e-05 11.0095 2 
0.0437253 -3.69313e-08 -1 0.500491 0.0225484 0.000652167 1.58502 3.18372e+06 1 126.421 20.8369 6.06719 2 1 266.738 13.6249 19.5772 4 2 0.00446942 3.69445e-05 10.9989 2 
0.0443774 -5.08042e-08 -1 0.500506 0.022865 0.000652167 1.60799 3.179e+06 1 62.8173 9.81821 6.39803 2 1 259.958 12.1489 21.3977 4 2 0.00440221 3.67748e-05 10.9411 2 
0.0450296 -6.02332e-08 -1 0.500521 0.0231919 0.000652167 1.62688 3.18238e+06 1 67.8938 10.5438 6.4392 2 1 64.5874 3.63427 17.7718 4 2 0.00442013 3.66762e-05 10.9781 2 
0.0456818 -5.60214e-08 -1 0.500536 0.02352 0.000652167 1.64571 3.18578e+06 1 47.1867 6.80721 6.93187 2 1 50.6199 4.41758 11.4587 4 2 0.00441855 3.68928e-05 10.9438 2 
0.0463341 -4.94596e-08 -1 0.500552 0.0238447 0.000652311 1.66644 3.18547e+06 1 97.3422 10.7886 9.02267 2 1 25.4621 1.78151 14.2924 4 2 0.0043974 3.70151e-05 10.8996 2 
0.0469864 -4.12066e-08 -1 0.500567 0.0241686 0.000652311 1.69098 3.17801e+06 1 166.992 21.205 7.87511 2 1 55.8404 2.72372 20.5015 4 2 0.00437215 3.7016e-05 10.8681 2 
0.0476387 -3.50248e-08 -1 0.500583 0.0244923 0.000652311 1.711 3.17913e+06 1 164.885 24.023 6.86363 2 1 84.716 1.61545 52.441 4 2 0.00435016 3.70042e-05 10.8424 2 
0.048291 -2.96863e-08 -1 0.500599 0.0248161 0.000652311 1.73211 3.17821e+06 1 79.2478 14.1463 5.602 2 1 86.9961 4.99279 17.4243 4 2 0.00432983 3.70428e-05 10.8114 2 
0.0489433 -2.71358e-08 -1 0.500615 0.0251393 0.000652311 1.75089 3.18156e+06 1 55.1425 6.88957 8.00376 2 1 38.7439 1.33069 29.1156 4 2 0.00430685 3.70243e-05 10.7854 2 
0.0495956 -2.67429e-08 -1 0.500631 0.0254559 0.000652311 1.77451 3.17614e+06 3 56887.3 68.8476 9.38373 2 1 15.7683 0.726322 21.7098 4 2 0.00428816 3.70768e-05 10.7544 2 
0.0502481 -1.16322e-08 -1 0.500648 0.0257961 0.000652456 1.80223 3.16366e+06 3 50833.1 50.2651 10.0375 2 1 119.641 7.26232 16.4743 4 2 0.00428478 3.61754e-05 10.8832 2 
0.0509006 -2.93428e-08 -1 0.500665 0.0261138 0.000652456 1.8213 3.16651e+06 1 127.474 19.4672 6.54816 2 1 159.399 10.3469 15.4055 4 2 0.00429834 3.60776e-05 10.9152 2 
0.051553 -2.25383e-08 -1 0.500682 0.0264309 0.000652456 1.84029 3.16944e+06 1 62.4858 9.10848 6.86018 2 1 181.031 5.11191 35.4136 4 2 0.00418078 3.51042e-05 10.9131 2 
0.0522055 -3.11473e-08 -1 0.500699 0.0267491 0.000652456 1.85934 3.17222e+06 1 48.6645 6.41272 7.58874 2 1 31.8955 8.69454 3.66846 4 2 0.00420414 3.45752e-05 11.027 2 
0.0528579 -3.62771e-08 -1 0.500717 0.0270728 0.000652456 1.87842 3.17488e+06 1 49.1039 7.62662 6.43848 2 1 34.2185 4.95587 6.90464 4 2 0.00417048 3.4742e-05 10.9564 2 
0.0535104 -4.62378e-08 -1 0.500734 0.0273951 0.000652456 1.89753 3.17745e+06 1 47.774 7.95589 6.00485 2 1 19.9332 1.79476 11.1064 4 2 0.00420163 3.49559e-05 10.9635 2 
0.0541628 -5.26404e-08 -1 0.500752 0.0277189 0.000652456 1.92108 3.17261e+06 3 54321 27.3339 12.5725 2 1 20.4521 1.78903 11.4319 4 2 0.00422169 3.51338e-05 10.9618 2 
0.0548153 -6.51715e-08 -1 0.50077 0.0280392 0.000652456 1.93996 3.17553e+06 1 49.3894 7.43592 6.642 2 1 82.8134 3.93564 21.0419 4 2 0.00425408 3.5297e-05 10.9783 2 
0.0554677 -6.75642e-08 -1 0.500788 0.0283601 0.000652456 1.9636 3.17067e+06 3 55673 114.152 7.87144 2 1 60.7913 3.79589 16.015 4 2 0.00426837 3.54898e-05 10.9668 2 
0.0561202 -8.06287e-08 -1 0.500807 0.0287274 0.000652456 1.98711 3.16614e+06 3 51755.4 179.93 6.60111 2 1 184.055 6.20336 29.6702 4 2 0.0042997 3.56361e-05 10.9843 2 
0.0567727 3.20921e-08 -1 0.500826 0.0289998 0.000652456 2.00603 3.16895e+06 1 208.775 68.1115 3.06519 2 1 419.24 56.8559 7.37373 4 2 0.004347 3.66268e-05 10.8942 2 
0.0574251 2.30703e-08 -1 0.500845 0.029329 0.000652456 2.02968 3.1643e+06 3 56035.4 46.4003 10.6491 2 1 602.262 119.075 5.05784 4 2 0.00434756 3.53762e-05 11.0858 2 
0.0580776 9.69411e-08 -1 0.500864 0.0296434 0.000652456 2.05348 3.15955e+06 3 56232.3 157.696 7.09124 2 1 248.642 89.5839 2.77552 4 2 0.0043351 3.62063e-05 10.9423 2 
0.05873 1.16799e-07 -1 0.500883 0.0299588 0.000652456 2.07249 3.16218e+06 1 150.732 17.2548 8.73567 2 1 265.893 23.8129 11.166 4 2 0.00434978 3.62596e-05 10.9527 2 
0.0593825 1.12921e-07 -1 0.500903 0.030278 0.000652456 2.10036 3.15142e+06 3 52809.9 120.713 7.59137 2 1 298.956 9.16763 32.6099 4 2 0.00439516 3.64886e-05 10.9751 2 
0.0600349 1.05795e-07 -1 0.500922 0.030604 0.000652456 2.11935 3.15411e+06 1 305.253 66.0469 4.62176 2 1 189.891 8.34771 22.7477 4 2 0.00440808 3.67212e-05 10.9564 2 
0.0606874 1.10455e-07 -1 0.500942 0.030923 0.000652456 2.1429 3.15003e+06 3 55626.9 72.9781 9.13477 2 1 232.684 8.01542 29.0296 4 2 0.00440621 3.6959e-05 10.9187 2 
0.0613398 7.71351e-08 -1 0.500963 0.0312438 0.000652456 2.16659 3.14585e+06 3 54973.8 73.1925 9.08998 2 1 159.561 18.1284 8.80175 4 2 0.00442435 3.6868e-05 10.9547 2 
0.0619923 4.98537e-08 -1 0.500983 0.0315593 0.000652456 2.18556 3.14851e+06 1 128.285 23.2905 5.50805 2 1 204.08 12.4476 16.3951 4 2 0.00442036 3.69082e-05 10.9438 2 
0.0626448 3.78197e-08 -1 0.501004 0.0318777 0.000652456 2.2091 3.14464e+06 3 55856.4 79.4221 8.89291 2 1 110.198 10.3326 10.665 4 2 0.0044331 3.7085e-05 10.9334 2 
0.0632972 5.7174e-08 -1 0.501024 0.0322222 0.000652456 2.23243 3.14113e+06 3 56992 108.513 8.06821 2 1 193.292 10.8546 17.8075 4 2 0.00445616 3.71744e-05 10.9486 2 
0.0639498 3.13077e-09 -1 0.501045 0.0325081 0.000652601 2.25131 3.14389e+06 1 183.435 39.6201 4.62984 2 1 219.983 11.0019 19.995 4 2 0.00447071 3.70308e-05 10.9877 2 
0.0646024 3.71681e-09 -1 0.501067 0.0328302 0.000652601 2.27011 3.14673e+06 1 212.584 38.0737 5.5835 2 1 262.036 14.4195 18.1724 4 2 0.00436351 3.7417e-05 10.799 2 
0.065255 -2.37056e-08 -1 0.501088 0.0331446 0.000652601 2.29216 3.14506e+06 1 126.302 27.2558 4.63395 2 1 120.099 11.0088 10.9094 4 2 0.00447853 3.74341e-05 10.9379 2 
0.0659076 -2.41098e-08 -1 0.50111 0.0334652 0.000652601 2.31571 3.14136e+06 3 54895.9 39.7542 11.1357 2 1 73.8949 9.28128 7.96172 4 2 0.00444519 3.749e-05 10.889 2 
0.0665602 -5.17844e-08 -1 0.501131 0.0337849 0.000652601 2.34111 3.13528e+06 3 55230 43.1365 10.8587 2 1 91.3966 10.2288 8.93519 4 2 0.00444482 3.72925e-05 10.9173 2 
0.0672128 -3.83052e-08 -1 0.501154 0.0341042 0.000652601 2.36006 3.13788e+06 1 115.294 14.4517 7.97784 2 1 117.454 13.1245 8.94925 4 2 0.00445985 3.76539e-05 10.8832 2 
0.0678654 -3.33591e-08 -1 0.501176 0.0344155 0.000652601 2.38009 3.139e+06 1 147.516 13.861 10.6425 2 1 113.285 4.81814 23.5122 4 2 0.00444429 3.76449e-05 10.8655 2 
0.068518 -3.52579e-08 -1 0.501198 0.0347305 0.000652601 2.39903 3.14154e+06 1 266.29 32.3544 8.23039 2 1 109.776 3.41134 32.1796 4 2 0.00442467 3.75027e-05 10.862 2 
0.0691706 -4.14508e-08 -1 0.501221 0.0350466 0.000652601 2.41799 3.14401e+06 1 206.053 17.9449 11.4825 2 1 121.526 4.9861 24.373 4 2 0.0044242 3.75164e-05 10.8594 2 
0.0698232 -4.36965e-08 -1 0.501244 0.035363 0.000652601 2.43689 3.14651e+06 1 221.443 16.5973 13.3421 2 1 92.9807 3.21925 28.8827 4 2 0.00441789 3.75898e-05 10.8411 2 
0.0704758 -4.81114e-08 -1 0.501267 0.0356784 0.000652601 2.45579 3.14898e+06 1 105.558 19.8641 5.31401 2 1 113.785 4.25293 26.7545 4 2 0.00440653 3.76127e-05 10.8238 2 
0.0711284 -4.9302e-08 -1 0.50129 0.0359763 0.000652601 2.47936 3.14548e+06 3 51929.7 44.8747 10.4988 2 1 77.8491 2.92178 26.6444 4 2 0.00438188 3.76035e-05 10.7948 2 
0.071781 -2.80497e-08 -1 0.501314 0.0363301 0.000652601 2.50702 3.13692e+06 3 50753 66.8335 9.12338 2 1 216.955 8.55569 25.3579 4 2 0.00434508 3.74926e-05 10.7653 2 
0.0724336 -3.73437e-08 -1 0.501337 0.036632 0.000652601 2.52602 3.13927e+06 1 106.88 15.6919 6.81116 2 1 289.162 8.3673 34.5586 4 2 0.00460375 3.77038e-05 11.05 2 
0.0730862 -1.36743e-08 -1 0.501361 0.0369411 0.000652601 2.54958 3.13596e+06 3 56465.7 48.3296 10.5323 2 1 270.897 8.20424 33.0192 4 2 0.0042933 3.78792e-05 10.6462 2 
0.0737388 -1.85065e-08 -1 0.501385 0.0372726 0.000652601 2.57304 3.13284e+06 3 56345.1 128.925 7.5888 2 1 113.598 11.9578 9.49996 4 2 0.00437271 3.75334e-05 10.7936 2 
0.0743914 2.58192e-08 -1 0.50141 0.037554 0.000652601 2.59188 3.13536e+06 1 167.126 38.6567 4.32332 2 1 312.245 32.008 9.75521 4 2 0.0046984 3.78146e-05 11.1467 2 
0.075044 -7.16134e-09 -1 0.501434 0.0378834 0.000652601 2.61065 3.13792e+06 1 202.496 28.21 7.17815 2 1 409.155 67.0563 6.10166 4 2 0.00440289 3.71882e-05 10.8809 2 
0.0756966 -3.05779e-09 -1 0.501459 0.038177 0.000652601 2.63401 3.13497e+06 3 57044.4 128.401 7.63041 2 1 193.467 44.453 4.35218 4 2 0.00456514 3.80791e-05 10.9492 2 
0.0763492 3.90995e-08 -1 0.501484 0.0384981 0.000652601 2.65277 3.1375e+06 1 150.344 16.6804 9.01325 2 1 193.075 18.5957 10.3828 4 2 0.00455763 3.73301e-05 11.0494 2 
0.0770018 7.32568e-08 -1 0.501509 0.0388147 0.000652601 2.67636 3.13434e+06 3 55258.4 36.9628 11.4343 2 1 228.176 16.2443 14.0465 4 2 0.0044784 3.78943e-05 10.8711 2 
0.0776544 5.79657e-08 -1 0.501534 0.0391267 0.000652601 2.70393 3.12661e+06 3 57693.5 152.238 7.2366 2 1 76.8454 8.02704 9.57332 4 2 0.00438238 3.79088e-05 10.7519 2 
0.078307 5.02424e-08 -1 0.50156 0.0394597 0.000652601 2.72746 3.12367e+06 3 56277.6 151.864 7.1828 2 1 248.976 10.273 24.2358 4 2 0.00435007 3.75054e-05 10.7696 2 
0.0789596 1.17619e-08 -1 0.501586 0.0397496 0.000652601 2.75102 3.12074e+06 3 54047.5 46.3885 10.5226 2 1 349.956 29.5688 11.8353 4 2 0.00455071 3.84277e-05 10.8822 2 
0.0796122 2.96925e-08 -1 0.501612 0.0400716 0.000652601 2.76997 3.12305e+06 1 169.946 14.1981 11.9697 2 1 522.311 27.5608 18.9512 4 2 0.00419064 3.8085e-05 10.4897 2 
0.0802648 3.42509e-08 -1 0.501638 0.0403834 0.000652601 2.78896 3.12528e+06 1 187.275 28.8594 6.48921 2 1 211.402 7.41335 28.5164 4 2 0.00441727 4.22581e-05 10.224 2 
0.0809174 4.98245e-08 -1 0.501664 0.0406972 0.000652601 2.80791 3.12753e+06 1 269.865 30.2988 8.9068 2 1 140.243 5.25415 26.6919 4 2 0.00450321 4.48157e-05 10.0241 2 
0.08157 4.99601e-08 -1 0.501691 0.0410013 0.000652601 2.83147 3.12466e+06 3 55717 68.4583 9.33656 2 1 219.667 6.36829 34.4939 4 2 0.00469486 4.59194e-05 10.1114 2 
0.0822226 6.15232e-08 -1 0.501717 0.0413118 0.000652601 2.85023 3.12708e+06 1 278.21 38.679 7.19279 2 1 102.427 7.72972 13.2511 4 2 0.00467596 4.63448e-05 10.0447 2 
0.0828752 6.97834e-08 -1 0.501744 0.0416672 0.000652601 2.87373 3.12432e+06 3 56650.4 66.8808 9.46166 2 1 145.975 5.81314 25.1112 4 2 0.00471952 4.62828e-05 10.0981 2 
0.0835278 -4.30996e-09 -1 0.501772 0.0419477 0.000652601 2.8948 3.12421e+06 2 50993.3 154.441 18.1708 2 1 134.121 9.3909 14.282 4 2 0.00495723 4.5735e-05 10.4111 2 
0.0841804 -5.61459e-08 -1 0.501799 0.0422321 0.000652601 2.91353 3.12662e+06 1 295.514 42.0774 7.02311 2 1 407.252 34.4773 11.8122 4 2 0.0046041 4.53567e-05 10.0752 2 
0.084833 -5.2993e-08 -1 0.501827 0.0425544 0.000652601 2.93222 3.12904e+06 1 228.103 34.2588 6.65823 2 1 345.282 28.4613 12.1316 4 2 0.0044852 4.45792e-05 10.0306 2 
0.0854856 -5.03089e-08 -1 0.501854 0.0428846 0.000652601 2.95578 3.12627e+06 3 54153.8 112.677 7.83305 2 1 154.382 9.43867 16.3564 4 2 0.00480592 4.36877e-05 10.4884 2 
0.0861382 -9.46636e-08 -1 0.501882 0.0431677 0.000652601 2.98041 3.12243e+06 3 56368 174.958 6.8554 2 1 185.711 12.7559 14.5588 4 2 0.00526751 4.28442e-05 11.0881 2 
0.0867908 -1.98471e-07 -1 0.501911 0.0434877 0.000652601 3.00404 3.11969e+06 3 54213.5 75.7291 8.94571 2 1 385.097 78.6136 4.8986 4 2 0.004767 4.21198e-05 10.6385 2 
0.0874434 -2.10219e-07 -1 0.501939 0.0438199 0.000652601 3.02743 3.11723e+06 3 51103.5 137.952 7.18193 2 1 337.565 89.3295 3.77888 4 2 0.00509611 4.13346e-05 11.1036 2 
0.088096 -3.1638e-07 -1 0.501967 0.0441128 0.000652601 3.05097 3.11465e+06 3 56913 72.6993 9.21638 2 1 315.128 83.3771 3.77954 4 2 0.00568062 4.02644e-05 11.8778 2 
0.0887486 -3.07757e-07 -1 0.501996 0.0444152 0.000652601 3.07486 3.11177e+06 3 57675.4 76.7412 9.09188 2 1 309.085 87.5732 3.52945 4 2 0.00496822 4.09124e-05 11.0198 2 
0.0894012 -3.20087e-07 -1 0.502025 0.0447291 0.000652601 3.10241 3.10526e+06 3 54964 66.1653 9.40046 2 1 242.672 20.6527 11.7501 4 2 0.0053602 3.98255e-05 11.6014 2 
0.0900538 -3.32632e-07 -1 0.502054 0.04505 0.000652601 3.12585 3.10294e+06 3 56209 164.463 6.99164 2 1 404.647 14.4592 27.9854 4 2 0.00536857 4.03272e-05 11.538 2 
0.0907064 -3.33504e-07 -1 0.502084 0.0453408 0.000652601 3.14925 3.10069e+06 3 56281.1 76.7295 9.01848 2 1 397.959 52.2569 7.61544 4 2 0.00541359 3.98328e-05 11.658 2 
0.091359 -3.65336e-07 -1 0.502113 0.0456511 0.000652601 3.16851 3.10253e+06 1 140.943 30.2832 4.65416 2 1 401.47 45.288 8.86481 4 2 0.00538572 3.99862e-05 11.6056 2 
0.0920116 -3.88382e-07 -1 0.502143 0.0459591 0.000652601 3.1889 3.10325e+06 1 294.229 24.7825 11.8724 2 1 159.357 9.06692 17.5756 4 2 0.005366 4.05549e-05 11.5028 2 
0.0926642 -3.97806e-07 -1 0.502173 0.0462633 0.000652601 3.20892 3.10431e+06 1 127.425 20.8445 6.11312 2 1 210.457 5.37772 39.1351 4 2 0.00535393 4.05744e-05 11.4871 2 
0.0933168 -3.95174e-07 -1 0.502203 0.0465613 0.000652601 3.23443 3.10009e+06 3 56155.1 149.327 7.218 2 1 71.4277 3.19915 22.3271 4 2 0.00531701 4.05836e-05 11.4461 2 
0.0939694 -4.22103e-07 -1 0.502234 0.046873 0.000652601 3.25953 3.09631e+06 3 51124.8 131.874 7.29161 2 1 247.054 16.2485 15.2047 4 2 0.00530708 4.05873e-05 11.4349 2 
0.094622 -4.77932e-07 -1 0.502264 0.0471978 0.000652601 3.28468 3.09256e+06 3 55304.2 66.8292 9.38852 2 1 302.112 61.686 4.89757 4 2 0.00528684 4.0706e-05 11.3964 2 
0.0952746 -4.92342e-07 -1 0.502295 0.0474767 0.000652601 3.30963 3.08905e+06 3 57061.8 87.8563 8.66013 2 1 275.977 63.8161 4.32457 4 2 0.0051455 4.13093e-05 11.1607 2 
0.0959272 -4.52365e-07 -1 0.502326 0.0478037 0.000652601 3.33553 3.08471e+06 3 55425.7 66.5312 9.4094 2 1 186.218 14.8033 12.5795 4 2 0.00496038 4.10565e-05 10.9917 2 
0.0965798 -4.33718e-07 -1 0.502357 0.0481067 0.000652601 3.36188 3.08003e+06 3 57244.4 78.7553 8.9912 2 1 141.674 11.0187 12.8576 4 2 0.00508899 4.11321e-05 11.1231 2 
0.0972324 -4.47084e-07 -1 0.502389 0.048415 0.000652601 3.39088 3.07301e+06 3 54625.8 44.8355 10.6805 2 1 152.292 13.2663 11.4797 4 2 0.00488499 4.29012e-05 10.6708 2 
0.097885 -4.17712e-07 -1 0.50242 0.0487227 0.000652601 3.41456 3.07089e+06 3 56975.2 47.8933 10.5959 2 1 134.096 12.884 10.408 4 2 0.0049613 4.47524e-05 10.5291 2 
0.0985376 -3.94535e-07 -1 0.502452 0.0490226 0.000652601 3.43804 3.06898e+06 3 55987.2 42.6539 10.9491 2 1 131.192 10.7571 12.1959 4 2 0.00498755 4.69459e-05 10.3073 2 
0.0991902 -4.17873e-07 -1 0.502484 0.0493446 0.000652601 3.46147 3.06715e+06 3 51460.6 107.468 7.82345 2 1 140.115 13.6528 10.2627 4 2 0.0050715 4.64731e-05 10.4464 2 
0.0998428 -4.39564e-07 -1 0.502516 0.0496385 0.000652601 3.48477 3.06544e+06 3 55184.7 106.126 8.04141 2 1 241.006 34.8731 6.91094 4 2 0.00508895 4.42481e-05 10.7242 2 
0.100495 -4.14388e-07 -1 0.502549 0.0499426 0.000652601 3.51103 3.06118e+06 3 57533.3 159.526 7.11807 2 1 253.987 42.0711 6.03709 4 2 0.00493033 4.19605e-05 10.8397 2 
0.101148 -4.3806e-07 -1 0.502581 0.0502505 0.000652601 3.52986 3.06342e+06 1 251.42 49.2395 5.10607 2 1 535.769 17.275 31.0141 4 2 0.00498777 4.23207e-05 10.8562 2 
0.101801 -4.52905e-07 -1 0.502614 0.0505524 0.000652601 3.54865 3.06567e+06 1 212.427 33.4511 6.35038 2 1 290.535 10.4492 27.8045 4 2 0.00523574 4.20304e-05 11.1611 2 
0.102453 -4.57961e-07 -1 0.502647 0.0508522 0.000652601 3.57217 3.06382e+06 3 57964.6 78.6609 9.03236 2 1 182.126 7.95245 22.9018 4 2 0.00542318 4.17306e-05 11.3999 2 
0.103106 -4.90462e-07 -1 0.50268 0.0511579 0.000652601 3.59503 3.06257e+06 1 228.92 36.1321 6.33565 2 1 189.379 19.4171 9.75323 4 2 0.0056418 4.20191e-05 11.5874 2 
0.103758 -5.15965e-07 -1 0.502714 0.0514616 0.000652601 3.6138 3.0648e+06 1 217.959 27.6859 7.87256 2 1 148.336 13.5445 10.9518 4 2 0.00587855 4.24892e-05 11.7624 2 
0.104411 -5.28646e-07 -1 0.502747 0.0517693 0.000652601 3.63722 3.06309e+06 3 55374.7 156.154 7.07815 2 1 469.122 13.443 34.8972 4 2 0.0060929 4.37176e-05 11.8055 2 
0.105064 -5.46459e-07 -1 0.502781 0.0520888 0.000652601 3.6608 3.06126e+06 3 52357.8 114.111 7.71291 2 1 262.565 10.1505 25.8672 4 2 0.00626282 4.58108e-05 11.6923 2 
0.105716 -5.66129e-07 -1 0.502815 0.0523725 0.000652601 3.68204 3.0614e+06 2 55761.9 219.235 15.9483 2 1 297.846 37.8031 7.87888 4 2 0.00611494 4.61656e-05 11.509 2 
0.106369 -4.81508e-07 -1 0.502849 0.0526711 0.000652601 3.70096 3.06346e+06 1 230.095 43.1534 5.33202 2 1 409.855 33.063 12.3962 4 2 0.00558287 4.73405e-05 10.8596 2 
0.107021 -4.5437e-07 -1 0.502884 0.0529738 0.000652601 3.71982 3.06554e+06 1 168.606 24.7651 6.8082 2 1 415.021 27.5845 15.0455 4 2 0.00574312 4.84487e-05 10.8876 2 
0.107674 -4.61615e-07 -1 0.502918 0.0532807 0.000652601 3.74339 3.06375e+06 3 56679.7 50.4134 10.3983 2 1 103.473 10.6571 9.70936 4 2 0.00568464 4.96495e-05 10.7003 2 
0.108327 -4.99227e-07 -1 0.502953 0.0535948 0.000652601 3.76686 3.06205e+06 3 55195.7 152.8 7.12187 2 1 149.646 12.2776 12.1885 4 2 0.00562584 5.05943e-05 10.5449 2 
0.108979 -5.18244e-07 -1 0.502988 0.0538978 0.000652601 3.788 3.06227e+06 2 53733.8 164.974 18.0475 2 1 227.753 17.175 13.2607 4 2 0.00562442 4.88199e-05 10.7335 2 
0.109632 -6.13381e-07 -1 0.503023 0.0541588 0.000652601 3.80679 3.06437e+06 1 213.941 52.238 4.09549 2 1 570.285 42.7583 13.3374 4 2 0.00624399 4.61406e-05 11.6329 2 
0.110284 -5.63824e-07 -1 0.503059 0.0545003 0.000652601 3.82779 3.06468e+06 2 50648 139.342 19.0652 2 1 251.654 43.2965 5.81234 4 2 0.00556661 4.29459e-05 11.385 2 
0.110937 -5.69591e-07 -1 0.503094 0.0548025 0.000652601 3.85122 3.06305e+06 3 56752.3 144.441 7.32427 2 1 446.772 29.3584 15.2179 4 2 0.00556529 4.3095e-05 11.364 2 
0.11159 -4.85341e-07 -1 0.50313 0.0551157 0.000652601 3.87468 3.06142e+06 3 57361.5 84.3723 8.79307 2 1 285.569 28.8698 9.8916 4 2 0.005402 4.30511e-05 11.2017 2 
0.112242 -5.54061e-07 -1 0.503166 0.0553831 0.000652601 3.89876 3.05932e+06 3 58931.7 66.7621 9.59268 2 1 303.041 25.8242 11.7348 4 2 0.00555519 4.33133e-05 11.325 2 
0.112895 -5.98047e-07 -1 0.503202 0.0556727 0.000652601 3.92219 3.05775e+06 3 51628.1 49.4842 10.1424 2 1 185.895 19.6163 9.47655 4 2 0.00571082 4.27527e-05 11.5576 2 
0.113547 -5.92438e-07 -1 0.503238 0.055987 0.000652601 3.94095 3.05983e+06 1 222.003 22.8113 9.73214 2 1 192.731 10.7732 17.8898 4 2 0.00569471 4.31439e-05 11.4888 2 
0.1142 -5.93685e-07 -1 0.503275 0.0562917 0.000652601 3.95956 3.06199e+06 1 271.289 32.6292 8.31432 2 1 110.077 6.61377 16.6436 4 2 0.00623184 4.31389e-05 12.0191 2 
0.114853 -6.00136e-07 -1 0.503312 0.0565882 0.000652601 3.98312 3.06034e+06 3 56492.7 109.987 8.0085 2 1 210.532 4.22852 49.7885 4 2 0.00616822 4.32362e-05 11.9442 2 
0.115505 -5.96109e-07 -1 0.503348 0.056887 0.000652601 4.00684 3.05858e+06 3 56980.3 113.081 7.95754 2 1 202.592 11.9774 16.9144 4 2 0.00622564 4.31701e-05 12.0088 2 
0.116158 -6.26487e-07 -1 0.503386 0.0571917 0.000652601 4.02555 3.06064e+06 1 200.992 31.2171 6.4385 2 1 220.986 13.6429 16.1978 4 2 0.00627075 4.30858e-05 12.064 2 
0.11681 -6.56179e-07 -1 0.503423 0.0574959 0.000652601 4.04424 3.0627e+06 1 226.843 54.4462 4.16637 2 1 215.03 7.01061 30.6721 4 2 0.00622334 4.31651e-05 12.0073 2 
0.117463 -6.66417e-07 -1 0.50346 0.0577962 0.000652601 4.06296 3.06472e+06 1 358.257 59.8249 5.98842 2 1 121.148 4.51187 26.8509 4 2 0.00621304 4.31473e-05 11.9998 2 
0.118116 -6.60803e-07 -1 0.503498 0.0580953 0.000652601 4.08399 3.06499e+06 1 210.231 56.7953 3.70155 2 1 224.981 3.79447 59.2919 4 2 0.00617211 4.30859e-05 11.9688 2 
0.118768 -6.52214e-07 -1 0.503536 0.0584195 0.000652601 4.1075 3.0634e+06 3 51394.5 65.6926 9.21439 2 1 96.5109 4.34537 22.21 4 2 0.00612065 4.56325e-05 11.5814 2 
0.119421 -6.34331e-07 -1 0.503574 0.0586877 0.000652601 4.13103 3.06181e+06 3 52851 138.484 7.25357 2 1 190.412 16.5571 11.5003 4 2 0.00607964 6.18738e-05 9.91256 2 
0.120073 -6.1716e-07 -1 0.503612 0.0589946 0.000652601 4.15456 3.06025e+06 3 50364.3 42.9671 10.5438 2 1 205.571 10.6969 19.2179 4 2 0.00591545 7.30789e-05 8.997 2 
0.120726 -6.39774e-07 -1 0.503651 0.0592788 0.000652601 4.1734 3.06214e+06 1 280.482 43.976 6.37808 2 1 241.605 7.76008 31.1343 4 2 0.0058722 9.16218e-05 8.00573 2 
0.121379 -6.49041e-07 -1 0.50369 0.0595876 0.000652601 4.20359 3.05573e+06 3 57733 138.705 7.46639 2 1 427.368 11.6047 36.8271 4 3 0.0056034 2.09081e-05 6.44732 2 
0.122031 -6.48598e-07 -1 0.503728 0.0598763 0.000652601 4.22969 3.05237e+06 3 55467.4 158.646 7.04481 2 1 578.742 10.0566 57.5483 4 3 0.00574899 3.25014e-05 5.61345 2 
0.122684 -6.42581e-07 -1 0.503767 0.0601711 0.000652601 4.25122 3.05233e+06 1 224.543 34.6491 6.48048 2 1 249.871 9.57402 26.0989 4 3 0.00601416 4.42097e-05 5.14303 2 
0.123336 -6.47505e-07 -1 0.503807 0.0604828 0.000652601 4.27752 3.04889e+06 3 58956.7 101.29 8.34941 2 1 297.763 7.74677 38.437 4 3 0.00614414 4.81169e-05 5.03564 2 
0.123989 -6.76456e-07 -1 0.503846 0.0607769 0.000652601 4.29892 3.04895e+06 1 243.885 30.6732 7.95109 2 1 175.572 20.621 8.51421 4 3 0.00619924 5.23807e-05 4.90971 2 
0.124642 -6.94465e-07 -1 0.503886 0.0610761 0.000652601 4.32503 3.0457e+06 3 56377.6 154.314 7.14882 2 1 219.478 13.1373 16.7065 4 3 0.00619739 4.9802e-05 4.99253 2 
0.125294 -7.07757e-07 -1 0.503926 0.0613674 0.000652601 4.34628 3.04589e+06 1 312.016 56.633 5.50944 2 1 230.995 9.61529 24.0237 4 3 0.00614279 5.01452e-05 4.96644 2 
0.125947 -7.10264e-07 -1 0.503966 0.0616681 0.000652601 4.37212 3.04287e+06 3 57514.9 122.826 7.76538 2 1 275.399 9.03648 30.4764 4 3 0.00605115 4.85173e-05 4.99628 2 
0.126599 -7.64621e-07 -1 0.504006 0.0619682 0.000652601 4.40008 3.03844e+06 3 56453.1 43.9417 10.871 2 1 213.917 11.9654 17.8779 4 3 0.00605277 4.84651e-05 4.99852 2 
0.127252 -7.86304e-07 -1 0.504046 0.0622875 0.000652601 4.42624 3.03528e+06 3 52178.5 107.014 7.87076 2 1 219.003 13.9598 15.6881 4 3 0.0061246 4.71284e-05 5.06522 2 
0.127905 -8.12054e-07 -1 0.504087 0.0625518 0.000652601 4.45226 3.03226e+06 3 51512.7 39.0772 10.9647 2 1 239.649 25.9298 9.2422 4 3 0.00617823 5.15141e-05 4.9315 2 
0.128557 -8.2462e-07 -1 0.504128 0.0628528 0.000652601 4.48056 3.02773e+06 4 57153.4 53.1088 5.72755 2 1 265.271 26.3196 10.0789 4 3 0.00625121 4.26165e-05 5.27386 2 
0.12921 -7.99348e-07 -1 0.504169 0.0631523 0.000652601 4.51067 3.02205e+06 3 56760.6 66.8695 9.46832 2 1 142.593 13.5266 10.5416 4 3 0.00633262 4.3319e-05 5.26787 2 
0.129862 -8.5066e-07 -1 0.50421 0.0634391 0.000652601 4.53222 3.02214e+06 1 373.665 70.8523 5.27386 2 1 196.805 15.6797 12.5516 4 3 0.00638685 4.19713e-05 5.33882 2 
0.130515 -8.91968e-07 -1 0.504251 0.06373 0.000652601 4.55825 3.01926e+06 3 53912 112.309 7.82991 2 1 241.983 13.0664 18.5195 4 3 0.00622247 3.97288e-05 5.39037 2 
0.131168 -8.74482e-07 -1 0.504293 0.0640365 0.000652601 4.58424 3.01644e+06 3 56747.4 83.0769 8.80688 2 1 199.405 10.3655 19.2373 4 3 0.00622568 3.88315e-05 5.43251 2 
0.13182 -8.59385e-07 -1 0.504335 0.0643209 0.000652601 4.61025 3.01364e+06 3 52757.5 48.4531 10.2878 2 1 195.105 8.0904 24.1156 4 3 0.00605257 3.72058e-05 5.45895 2 
0.132473 -8.43506e-07 -1 0.504377 0.0646354 0.000652601 4.63623 3.01089e+06 3 56573.7 123.719 7.70417 2 1 147.954 9.0285 16.3875 4 3 0.0060291 3.57956e-05 5.52256 2 
0.133125 -8.16981e-07 -1 0.504419 0.0649115 0.000652601 4.6622 3.00817e+06 3 52533.4 112.117 7.76703 2 1 215.735 18.259 11.8152 4 3 0.00643403 3.43076e-05 5.72397 2 
0.133778 -8.22049e-07 -1 0.504461 0.065206 0.000652601 4.68508 3.00747e+06 1 313.507 44.6152 7.02691 2 1 254.589 19.1804 13.2734 4 3 0.00653247 3.27098e-05 5.84521 2 
0.134431 -8.32114e-07 -1 0.504504 0.065508 0.000652601 4.71695 3.00105e+06 3 56730 110.603 8.00478 2 1 205.218 11.1871 18.3441 4 3 0.00670315 3.18441e-05 5.94863 2 
0.135083 -8.64825e-07 -1 0.504547 0.0657926 0.000652601 4.73959 3.00054e+06 1 368.671 39.5575 9.31988 2 1 199.177 14.8379 13.4235 4 3 0.00685491 3.1142e-05 6.03789 2 
0.135736 -8.75512e-07 -1 0.50459 0.0661264 0.000652601 4.76788 2.99648e+06 3 59098.8 71.5932 9.38071 2 1 195.81 10.0825 19.4209 4 3 0.00670359 3.1173e-05 5.99114 2 
0.136388 -8.64073e-07 -1 0.504633 0.0663886 0.000652601 4.79392 2.99387e+06 3 55160 119.515 7.72801 2 1 160.48 24.0205 6.68095 4 3 0.00696945 3.4019e-05 5.89512 2 
0.137041 -9.38802e-07 -1 0.504676 0.0666787 0.000652601 4.82 2.99127e+06 3 55802.1 90.7731 8.50285 2 1 162.058 20.8163 7.78516 4 3 0.00686168 3.07624e-05 6.06461 2 
0.137694 -9.62077e-07 -1 0.504719 0.0669709 0.000652601 4.84617 2.98864e+06 3 53675.6 60.1182 9.6292 2 1 187.209 13.1054 14.2848 4 3 0.00695462 3.06551e-05 6.09897 2 
0.138346 -9.4798e-07 -1 0.504763 0.0672574 0.000652601 4.86763 2.98893e+06 1 224.946 35.6437 6.31096 2 1 206.947 7.57766 27.3102 4 3 0.00697724 2.9956e-05 6.15271 2 
0.138999 -9.3259e-07 -1 0.504807 0.0675533 0.000652601 4.89589 2.98506e+06 3 56887.2 130.759 7.5773 2 1 197.026 6.45105 30.5417 4 3 0.00692288 2.84292e-05 6.24464 2 
0.139651 -9.26996e-07 -1 0.504851 0.0678415 0.000652601 4.92197 2.98256e+06 3 51161 46.5396 10.3206 2 1 216.683 12.4289 17.4338 4 3 0.00712874 2.74469e-05 6.38028 2 
0.140304 -9.17986e-07 -1 0.504895 0.0681392 0.000652601 4.94344 2.98287e+06 1 341.067 69.7565 4.88939 2 1 249.04 16.053 15.5136 4 3 0.00660485 2.6086e-05 6.32633 2 
0.140957 -8.90005e-07 -1 0.50494 0.0684352 0.000652601 4.96942 2.98046e+06 3 58039.2 161.71 7.1066 2 1 283.271 10.748 26.3558 4 3 0.00649507 2.47457e-05 6.40267 2 
0.141609 -8.74831e-07 -1 0.504985 0.0687214 0.000652601 5.00064 2.97495e+06 3 54746.9 36.1793 11.4806 2 1 252.453 13.5196 18.6731 4 3 0.00634876 2.3951e-05 6.42375 2 
0.142262 -8.84118e-07 -1 0.505029 0.0690132 0.000652601 5.02671 2.97256e+06 3 57150.8 76.8222 9.06105 2 1 293.239 10.5221 27.8688 4 3 0.00627492 2.33652e-05 6.45178 2 
0.142914 -9.21361e-07 -1 0.505075 0.0693065 0.000652601 5.05275 2.97021e+06 3 56310.6 106.412 8.08848 2 1 155.828 18.6236 8.3672 4 3 0.00638619 2.28774e-05 6.53549 2 
0.143567 -8.32074e-07 -1 0.50512 0.0696226 0.000652601 5.07907 2.96772e+06 3 51651.8 108.092 7.81803 2 1 308.788 28.0484 11.0091 4 3 0.00642089 2.23624e-05 6.59719 2 
0.14422 -8.41958e-07 -1 0.505165 0.0699141 0.000652601 5.10931 2.96299e+06 3 51864.9 98.2619 8.08158 2 1 266.937 28.2241 9.45775 4 3 0.0064506 2.2468e-05 6.59698 2 
0.144872 -8.7488e-07 -1 0.505211 0.0701854 0.000652601 5.13079 2.96336e+06 1 245.164 28.5559 8.58542 2 1 344.965 18.0722 19.0882 4 3 0.00637869 2.38984e-05 6.43855 2 
0.145525 -8.64504e-07 -1 0.505257 0.0704717 0.000652601 5.15217 2.96378e+06 1 251.037 22.2838 11.2654 2 1 211.101 11.1246 18.9761 4 3 0.00632921 2.27383e-05 6.52925 2 
0.146177 -8.60556e-07 -1 0.505303 0.0707699 0.000652601 5.17826 2.9615e+06 3 56908.6 96.4063 8.38863 2 1 71.1594 7.22018 9.85562 4 3 0.00700823 2.18898e-05 6.84104 2 
0.14683 -9.0908e-07 -1 0.505349 0.0710493 0.000652601 5.20443 2.9592e+06 3 57054.4 150.863 7.23162 2 1 203.853 24.8443 8.20521 4 3 0.00700861 2.27104e-05 6.75775 2 
0.147483 -9.77908e-07 -1 0.505395 0.0713511 0.000652601 5.22823 2.95827e+06 2 50486.3 176.074 16.9332 2 1 346.751 32.1143 10.7974 4 3 0.00697486 2.17999e-05 6.83954 2 
0.148135 -9.99036e-07 -1 0.505442 0.0716261 0.000652601 5.25422 2.9561e+06 3 56382.5 71.4884 9.23924 2 1 375.473 46.2729 8.11433 4 3 0.00700958 2.24416e-05 6.78495 2 
0.148788 -9.07139e-07 -1 0.505488 0.0719237 0.000652601 5.28024 2.95395e+06 3 58595.7 81.8081 8.94725 2 1 384.817 58.1915 6.61295 4 3 0.00664382 2.19279e-05 6.71646 2 
0.14944 -9.53832e-07 -1 0.505535 0.0722088 0.000652601 5.302 2.95419e+06 1 271.46 36.5417 7.42877 2 1 241.131 24.7845 9.72908 4 3 0.0068839 2.13175e-05 6.86067 2 
0.150093 -1.01639e-06 -1 0.505583 0.0724808 0.000652601 5.32793 2.95211e+06 3 56912.1 82.7319 8.82762 2 1 273.653 10.241 26.7213 4 3 0.00706519 2.05682e-05 7.00341 2 
0.150746 -1.03687e-06 -1 0.50563 0.0727781 0.000652601 5.34911 2.95267e+06 1 328.48 33.8043 9.71708 2 1 197.154 8.41897 23.4178 4 3 0.00675648 1.94059e-05 7.03497 2 
0.151398 -1.03416e-06 -1 0.505677 0.0730631 0.000652601 5.37664 2.94975e+06 3 51675.6 102.871 7.94933 2 1 169.403 12.9144 13.1173 4 3 0.00743648 1.82699e-05 7.41101 2 
0.152051 -1.08701e-06 -1 0.505725 0.073353 0.000652601 5.40473 2.94654e+06 3 57306.3 140.563 7.41498 2 1 200.068 20.244 9.88283 4 3 0.00723097 1.66832e-05 7.56785 2 
0.152703 -1.16988e-06 -1 0.505773 0.073653 0.000652601 5.43087 2.94442e+06 3 56082.6 97.0376 8.3297 2 1 221.402 10.6314 20.8253 4 3 0.00715456 1.6545e-05 7.56204 2 
0.153356 -1.23411e-06 -1 0.505821 0.0739365 0.000652601 5.45226 2.94489e+06 1 276.06 34.273 8.05474 2 1 339.995 28.5474 11.9099 4 3 0.00725259 1.66915e-05 7.57412 2 
0.154009 -1.24104e-06 -1 0.505869 0.0742393 0.000652601 5.47562 2.9443e+06 3 52659.3 72.6339 8.98349 2 1 239.11 7.96897 30.0051 4 2 0.00725382 9.6179e-05 8.68447 2 
0.154661 -1.28875e-06 -1 0.505918 0.0745114 0.000652601 5.49902 2.94368e+06 3 56870.4 157.308 7.1238 2 1 196.704 16.4275 11.974 4 2 0.00748795 9.16096e-05 9.04089 2 
0.155314 -1.27972e-06 -1 0.505966 0.0747981 0.000652601 5.52506 2.94168e+06 3 57194.9 86.7535 8.70342 2 1 240.618 18.6625 12.8931 4 3 0.00749464 1.52135e-05 7.89781 2 
0.155966 -1.1995e-06 -1 0.506015 0.075089 0.000652601 5.55112 2.93967e+06 3 57889.7 98.9782 8.36284 2 1 285.403 25.2716 11.2934 4 3 0.00750427 1.49515e-05 7.94708 2 
0.156619 -1.23985e-06 -1 0.506064 0.0753813 0.000652601 5.57256 2.94012e+06 1 231.321 39.4863 5.85826 2 1 238.157 30.4092 7.83171 4 3 0.00746191 1.48747e-05 7.94574 2 
0.157272 -1.30965e-06 -1 0.506113 0.0756745 0.000652601 5.6004 2.93721e+06 3 56631.1 150.661 7.21692 2 1 203.976 16.9068 12.0648 4 3 0.00736616 1.62653e-05 7.67939 2 
0.157924 -1.33771e-06 -1 0.506163 0.0759585 0.000652601 5.6263 2.93533e+06 3 57165.4 136.578 7.48027 2 1 242.852 14.2579 17.0329 4 3 0.00731249 1.59335e-05 7.7135 2 
0.158577 -1.31792e-06 -1 0.506212 0.076249 0.000652601 5.65229 2.93343e+06 3 54782.5 51.325 10.2197 2 1 239.419 14.1408 16.9311 4 3 0.00704408 1.5353e-05 7.71276 2 
0.15923 -1.33641e-06 -1 0.506262 0.0765022 0.000652601 5.6782 2.93159e+06 3 54959.2 158.127 7.0309 2 1 219.65 13.9161 15.7839 4 3 0.00750517 1.54167e-05 7.86665 2 
0.159882 -1.31629e-06 -1 0.506312 0.0768092 0.000652601 5.70557 2.92901e+06 3 58543.7 159.512 7.1597 2 1 226.246 19.6636 11.5058 4 3 0.00733007 1.51447e-05 7.85143 2 
0.160535 -1.31493e-06 -1 0.506362 0.0770941 0.000652601 5.73159 2.92715e+06 3 56624.1 94.8633 8.41979 2 1 273.159 16.9645 16.1018 4 3 0.00725872 1.5986e-05 7.68612 2 
0.161187 -1.29069e-06 -1 0.506413 0.0773898 0.000652601 5.75306 2.92762e+06 1 334.987 59.8417 5.59788 2 1 316.683 18.8243 16.8231 4 3 0.00701029 1.53719e-05 7.69726 2 
0.16184 -1.28063e-06 -1 0.506463 0.077675 0.000652601 5.77446 2.92811e+06 1 228.849 44.1403 5.18457 2 1 171.904 8.20752 20.9447 4 3 0.00745236 1.61491e-05 7.72767 2 
0.162493 -1.27991e-06 -1 0.506514 0.0779595 0.000652601 5.80055 2.92624e+06 3 58101.5 104.785 8.21541 2 1 99.4929 6.13333 16.2217 4 3 0.0075198 1.60002e-05 7.77487 2 
0.163145 -1.27345e-06 -1 0.506565 0.0782306 0.000652601 5.82669 2.92437e+06 3 51505.9 51.9784 9.96961 2 1 162.604 9.28944 17.5042 4 3 0.0075355 1.57277e-05 7.82496 2 
0.163798 -1.30568e-06 -1 0.506616 0.0785533 0.000652601 5.85279 2.92252e+06 3 56213.3 125.217 7.65699 2 1 505.784 17.4358 29.0084 4 3 0.0075875 1.53669e-05 7.90382 2 
0.16445 -1.25913e-06 -1 0.506667 0.078802 0.000652601 5.87886 2.92071e+06 3 57980.8 168.248 7.01097 2 1 322.664 27.7555 11.6253 4 3 0.0080409 1.70443e-05 7.7847 2 
0.165103 -1.24367e-06 -1 0.506718 0.0790961 0.000652601 5.90634 2.91822e+06 3 54485 79.7386 8.80784 2 1 309.205 28.9951 10.664 4 2 0.00767013 9.53194e-05 8.97038 2 
0.165756 -1.21481e-06 -1 0.50677 0.0793708 0.000652601 5.92951 2.91786e+06 3 56297.2 89.3992 8.57139 2 1 318.112 17.5724 18.103 4 2 0.0075282 9.32871e-05 8.98328 2 
0.166408 -1.19318e-06 -1 0.506822 0.0796714 0.000652601 5.9528 2.91746e+06 3 56034.5 160.504 7.04137 2 1 278.408 16.9109 16.4633 4 2 0.00741293 8.65604e-05 9.25412 2 
0.167061 -1.21357e-06 -1 0.506874 0.0799338 0.000652601 5.9761 2.91705e+06 3 55686.6 119.334 7.75644 2 1 258.59 11.0326 23.4386 4 2 0.00740816 8.02434e-05 9.60838 2 
0.167713 -1.20633e-06 -1 0.506926 0.0802238 0.000652601 5.99944 2.91663e+06 3 54027.1 89.4819 8.45199 2 1 297.129 16.375 18.1453 4 2 0.00746885 7.50888e-05 9.97331 2 
0.168366 -1.23081e-06 -1 0.506978 0.0805197 0.000652601 6.02426 2.91549e+06 3 55929.2 155.17 7.11667 2 1 218.002 16.1832 13.4709 4 2 0.00758569 6.76611e-05 10.5883 2 
0.169019 -1.23806e-06 -1 0.507031 0.0808036 0.000652601 6.04779 2.91498e+06 3 57455.9 104.412 8.19461 2 1 241.578 14.3764 16.8038 4 2 0.0075621 7.0068e-05 10.3887 2 
0.169671 -1.20356e-06 -1 0.507084 0.08108 0.000652601 6.0665 2.91679e+06 1 273.825 59.8629 4.57421 2 1 283.562 13.0137 21.7894 4 2 0.00796302 6.74396e-05 10.8663 2 
0.170324 -1.19878e-06 -1 0.507136 0.0813579 0.000652601 6.08511 2.91864e+06 1 277.502 61.5775 4.50655 2 1 234.039 17.4509 13.4113 4 2 0.00787191 7.37441e-05 10.3318 2 
0.170976 -1.19463e-06 -1 0.50719 0.0816503 0.000652601 6.10875 2.91808e+06 3 59459 62.1854 9.85167 2 1 774.017 18.4424 41.9693 4 2 0.00802996 8.00985e-05 10.0125 2 
0.171629 -1.19738e-06 -1 0.507243 0.0819391 0.000652601 6.13211 2.91765e+06 3 58101.9 149.129 7.3037 2 1 120.439 8.22384 14.6451 4 2 0.00814251 8.52915e-05 9.77071 2 
0.172282 -1.2101e-06 -1 0.507296 0.0822163 0.000652601 6.15549 2.91721e+06 3 52817.6 66.9713 9.2391 2 1 229.421 8.93943 25.6639 4 2 0.00806475 8.52043e-05 9.72892 2 
0.172934 -1.23028e-06 -1 0.50735 0.0824814 0.000652601 6.17856 2.91693e+06 3 51519.5 60.4091 9.48323 2 1 264.347 20.44 12.9328 4 2 0.00798262 8.53172e-05 9.67285 2 
0.173587 -1.25522e-06 -1 0.507404 0.0827889 0.000652601 6.20439 2.91534e+06 3 57113.5 102.628 8.22541 2 1 268.784 22.5873 11.8998 4 2 0.00782639 8.01261e-05 9.88311 2 
0.174239 -1.28864e-06 -1 0.507458 0.0830691 0.000652601 6.22409 2.91665e+06 1 257.067 52.9925 4.85101 2 1 208.077 24.0202 8.6626 4 2 0.00761766 8.96273e-05 9.21915 2 
0.174892 -1.29327e-06 -1 0.507512 0.0833412 0.000652601 6.24506 2.91735e+06 1 279.715 57.1015 4.89856 2 1 213.301 18.265 11.6781 4 2 0.00749483 8.1625e-05 9.58229 2 
0.175545 -1.30811e-06 -1 0.507566 0.0836112 0.000652601 6.26533 2.91837e+06 1 290.373 57.0837 5.08679 2 1 115.906 15.5132 7.4714 4 2 0.0080041 7.67472e-05 10.2123 2 
0.176197 -1.32476e-06 -1 0.507621 0.0838962 0.000652601 6.29269 2.91609e+06 3 55854 84.6595 8.70548 2 1 172.072 8.89022 19.3552 4 2 0.00799964 7.77433e-05 10.1439 2 
0.17685 -1.33296e-06 -1 0.507676 0.0841836 0.000652601 6.31862 2.9145e+06 3 58218.2 74.2853 9.21974 2 1 218.779 10.7375 20.3752 4 2 0.00811882 7.89043e-05 10.1437 2 
0.177502 -1.37786e-06 -1 0.50773 0.0844702 0.000652601 6.34414 2.91311e+06 3 57188.1 154.852 7.17457 2 1 193.043 18.2375 10.5849 4 2 0.00803895 8.04889e-05 9.99382 2 
0.178155 -1.42893e-06 -1 0.507786 0.0847448 0.000652601 6.36848 2.91226e+06 3 53419.6 143.757 7.18936 2 1 300.316 11.5095 26.0929 4 2 0.00789424 8.24867e-05 9.7828 2 
0.178808 -1.46656e-06 -1 0.507841 0.0850203 0.000652601 6.3969 2.90957e+06 3 60278.2 87.8048 8.8216 2 1 271.324 10.771 25.1901 4 2 0.00764947 8.21868e-05 9.6475 2 
0.17946 -1.43225e-06 -1 0.507896 0.0853195 0.000652601 6.41997 2.90932e+06 2 50877.8 171.368 17.2306 2 1 262.683 13.3535 19.6714 4 2 0.00819406 8.14095e-05 10.0326 2 
0.180113 -1.49498e-06 -1 0.507952 0.0855681 0.000652601 6.43973 2.91057e+06 1 295.703 56.1481 5.26648 2 1 460.627 40.8707 11.2703 4 2 0.00879099 8.26574e-05 10.3128 2 
0.180765 -1.46911e-06 -1 0.508008 0.0858679 0.000652601 6.46317 2.91015e+06 3 51704.7 47.6383 10.2768 2 1 389.697 42.8306 9.09855 4 2 0.00774335 8.01029e-05 9.83196 2 
0.181418 -1.46809e-06 -1 0.508064 0.0861505 0.000652601 6.48644 2.90982e+06 3 58176.9 144.84 7.37826 2 1 176.186 8.53361 20.6462 4 2 0.00817531 7.63068e-05 10.3507 2 
0.182071 -1.52813e-06 -1 0.50812 0.086425 0.000652601 6.50987 2.90941e+06 3 52281.7 43.2978 10.6487 2 1 227.666 21.9213 10.3856 4 2 0.00791113 7.18647e-05 10.4921 2 
0.182723 -1.5101e-06 -1 0.508176 0.0867052 0.000652601 6.5286 2.9111e+06 1 355.374 70.5238 5.03907 2 1 264.562 21.3758 12.3767 4 2 0.00769859 6.60295e-05 10.7978 2 
0.183376 -1.496e-06 -1 0.508233 0.08698 0.000652601 6.54729 2.9128e+06 1 334.096 53.0308 6.30003 2 1 208.93 8.40814 24.8485 4 2 0.00806913 6.08963e-05 11.5111 2 
0.184028 -1.49182e-06 -1 0.50829 0.0872604 0.000652601 6.57061 2.91244e+06 3 53053.8 69.9414 9.11998 2 1 641.295 19.713 32.5317 4 2 0.00825562 5.69801e-05 12.0369 2 
0.184681 -1.5226e-06 -1 0.508347 0.0875383 0.000652601 6.5969 2.91077e+06 3 56006.2 96.5497 8.33992 2 1 145.775 15.508 9.4 4 2 0.00838717 5.81264e-05 12.0122 2 
0.185334 -1.52724e-06 -1 0.508404 0.087808 0.000652601 6.62019 2.91043e+06 3 57415.3 70.1555 9.35381 2 1 165.442 12.7475 12.9784 4 2 0.00860062 5.99055e-05 11.9821 2 
0.185986 -1.53262e-06 -1 0.508461 0.0880896 0.000652601 6.64339 2.91013e+06 3 54149.6 82.7173 8.68293 2 1 170.671 9.47173 18.019 4 2 0.00848685 6.0498e-05 11.8441 2 
0.186639 -1.53951e-06 -1 0.508519 0.0883753 0.000652601 6.66662 2.90982e+06 3 55298.9 27.5943 12.6076 2 1 217.274 11.6353 18.6737 4 2 0.00859165 6.1689e-05 11.8014 2 
0.187291 -1.57063e-06 -1 0.508576 0.088641 0.000652601 6.68991 2.90948e+06 3 59450.4 156.367 7.24441 2 1 129.365 7.1337 18.1343 4 2 0.00862691 6.07934e-05 11.9124 2 
0.187944 -1.53446e-06 -1 0.508634 0.0889375 0.000652601 6.71323 2.90914e+06 3 56963.3 86.3592 8.70487 2 1 240.17 10.6758 22.4966 4 2 0.00844485 5.9674e-05 11.8961 2 
0.188597 -1.52454e-06 -1 0.508692 0.089218 0.000652601 6.73655 2.9088e+06 3 57086.5 95.8813 8.41266 2 1 272.674 11.4787 23.7548 4 2 0.00883445 6.46757e-05 11.6874 2 
0.189249 -1.50683e-06 -1 0.50875 0.0894911 0.000652601 6.75996 2.90842e+06 3 57470.7 74.3861 9.17596 2 1 291.659 21.7602 13.4033 4 2 0.00828636 6.63041e-05 11.1792 2 
0.189902 -1.53072e-06 -1 0.508809 0.0897573 0.000652601 6.78332 2.90806e+06 3 53932.9 58.4007 9.73819 2 1 201.561 15.7131 12.8276 4 2 0.0077825 6.65819e-05 10.8114 2 
0.190554 -1.54821e-06 -1 0.508867 0.0900306 0.000652601 6.80194 2.90974e+06 1 263.697 48.2007 5.47081 2 1 223.543 12.668 17.6462 4 2 0.0078886 6.41931e-05 11.0855 2 
0.191207 -1.55531e-06 -1 0.508926 0.0902935 0.000652601 6.82521 2.90942e+06 3 58567.9 97.2558 8.44464 2 1 126.171 7.24758 17.4087 4 2 0.0080881 6.0936e-05 11.5209 2 
0.19186 -1.53288e-06 -1 0.508985 0.0905824 0.000652601 6.84383 2.91108e+06 1 351.4 48.9211 7.183 2 1 209.613 6.99518 29.9654 4 2 0.00804451 6.14466e-05 11.442 2 
0.192512 -1.50295e-06 -1 0.509044 0.0908538 0.000652601 6.86694 2.91083e+06 3 52478.6 35.7847 11.3613 2 1 207.937 11.6183 17.8974 4 2 0.00888711 5.98531e-05 12.1853 2 
0.193165 -1.53617e-06 -1 0.509104 0.0911421 0.000652601 6.89421 2.90882e+06 3 57235.2 153.43 7.19864 2 1 115.564 8.23329 14.0363 4 2 0.00889098 5.93656e-05 12.2379 2 
0.193817 -1.56356e-06 -1 0.509163 0.0914104 0.000652601 6.91746 2.90852e+06 3 56853 125.787 7.6743 2 1 240.521 8.57 28.0654 4 2 0.00872204 5.98277e-05 12.0742 2 
0.19447 -1.60411e-06 -1 0.509223 0.0917089 0.000652601 6.94069 2.90823e+06 3 56623.8 118.05 7.82788 2 1 283.065 19.9088 14.2181 4 2 0.00839715 5.99817e-05 11.832 2 
0.195123 -1.63946e-06 -1 0.509283 0.0919725 0.000652601 6.96401 2.90789e+06 3 57591 123.92 7.74589 2 1 232.44 27.9801 8.30732 4 2 0.00840314 5.97452e-05 11.8596 2 
0.195775 -1.6954e-06 -1 0.509343 0.0922424 0.000652601 6.98748 2.90751e+06 3 51839.8 40.0409 10.899 2 1 211.607 12.6486 16.7297 4 2 0.00839228 6.22346e-05 11.6125 2 
0.196428 -1.70153e-06 -1 0.509403 0.0925197 0.000652601 7.00609 2.90914e+06 1 321.543 37.0876 8.66983 2 1 219.948 12.5686 17.4998 4 2 0.00860211 6.18941e-05 11.789 2 
0.19708 -1.67078e-06 -1 0.509463 0.0927874 0.000652601 7.02943 2.9088e+06 3 58822.2 152.632 7.27722 2 1 218.625 12.3555 17.6946 4 2 0.00890313 6.19213e-05 11.9909 2 
0.197733 -1.65671e-06 -1 0.509524 0.0930602 0.000652601 7.05498 2.90756e+06 3 40011.2 114.92 7.03497 2 1 262.743 19.4999 13.4741 4 2 0.00868008 6.20191e-05 11.8304 2 
0.198386 -1.65774e-06 -1 0.509585 0.0933471 0.000652601 7.07827 2.90725e+06 3 51691.1 55.7142 9.75327 2 1 281.987 36.9659 7.62829 4 2 0.00896334 6.20691e-05 12.017 2 
0.199038 -1.66413e-06 -1 0.509646 0.0936151 0.000652601 7.10165 2.90691e+06 3 57161.6 60.0778 9.83551 2 1 225.395 22.0876 10.2046 4 2 0.00894981 6.21397e-05 12.0011 2 
0.199691 -1.6776e-06 -1 0.509707 0.0938803 0.000652601 7.1249 2.90662e+06 3 57157.2 123.003 7.74553 2 1 543.311 15.7539 34.4875 4 2 0.00869394 6.22644e-05 11.8165 2 
0.200343 -1.73139e-06 -1 0.509768 0.0941618 0.000652601 7.14342 2.90826e+06 1 329.125 64.6591 5.09016 2 1 223.284 29.426 7.58799 4 2 0.0087663 6.21067e-05 11.8806 2 
0.200996 -1.76016e-06 -1 0.509829 0.0944392 0.000652601 7.16666 2.90797e+06 3 54525.7 68.6614 9.2604 2 1 272.241 12.4052 21.9458 4 2 0.00864791 6.25481e-05 11.7584 2 
0.201649 -1.7745e-06 -1 0.509891 0.0947059 0.000652601 7.19007 2.90762e+06 3 51679.3 53.2965 9.89781 2 1 146.684 8.62351 17.0098 4 2 0.00865194 6.25146e-05 11.7643 2 
0.202301 -1.77918e-06 -1 0.509953 0.0949929 0.000652601 7.21347 2.90727e+06 3 57007.4 96.2705 8.39742 2 1 354.073 18.4399 19.2014 4 2 0.00854309 6.26236e-05 11.6799 2 
0.202954 -1.81675e-06 -1 0.510015 0.0953008 0.000652601 7.23667 2.90701e+06 3 55898.7 118.27 7.78948 2 1 224.009 14.8519 15.0829 4 2 0.00912732 6.27134e-05 12.064 2 
0.203606 -1.76561e-06 -1 0.510077 0.0955337 0.000652601 7.25984 2.90676e+06 3 56936.1 52.5241 10.2725 2 1 299.8 18.6902 16.0405 4 2 0.0092005 6.29289e-05 12.0915 2 
0.204259 -1.80403e-06 -1 0.510139 0.0958009 0.000652601 7.28333 2.90638e+06 3 55905.3 98.2009 8.28793 2 1 430.809 25.318 17.0159 4 2 0.00842819 6.3029e-05 11.5637 2 
0.204912 -1.73196e-06 -1 0.510202 0.0960824 0.000652601 7.30663 2.90608e+06 3 57193 94.5179 8.45817 2 1 215.667 29.1115 7.40833 4 2 0.00885294 6.26215e-05 11.89 2 
0.205564 -1.79022e-06 -1 0.510265 0.096394 0.000652601 7.32993 2.90579e+06 3 58318.4 143.489 7.40735 2 1 316.086 31.9736 9.88585 4 2 0.00915326 6.28159e-05 12.0713 2 
0.206217 -1.82479e-06 -1 0.510327 0.0966255 0.000652601 7.35319 2.90551e+06 3 56764.1 121.999 7.74887 2 1 272.277 28.2129 9.65078 4 2 0.00908702 6.32899e-05 11.9824 2 
0.206869 -1.8469e-06 -1 0.510391 0.0968878 0.000652601 7.37644 2.90523e+06 3 57584 54.8473 10.1636 2 1 328.294 26.9177 12.1962 4 2 0.0090894 6.22922e-05 12.0795 2 
0.207522 -1.84639e-06 -1 0.510454 0.0971602 0.000652601 7.40175 2.90415e+06 3 56275.8 134.013 7.48844 2 1 218.533 9.60629 22.749 4 2 0.00917124 6.29222e-05 12.0729 2 
0.208175 -1.90193e-06 -1 0.510517 0.0974304 0.000652601 7.42504 2.90387e+06 3 58811.5 167.056 7.06101 2 1 216.323 19.4469 11.1238 4 2 0.00905953 6.34888e-05 11.9455 2 
0.208827 -1.87837e-06 -1 0.510581 0.0977281 0.000652601 7.44814 2.90366e+06 3 55736.8 153.841 7.12892 2 1 273.051 18.8021 14.5224 4 2 0.00883385 6.15301e-05 11.9821 2 
0.20948 -1.8859e-06 -1 0.510645 0.0979816 0.000652601 7.47124 2.90346e+06 3 56595.6 83.8302 8.77258 2 1 308.867 19.2242 16.0666 4 2 0.00906964 6.59914e-05 11.7233 2 
0.210132 -1.92809e-06 -1 0.510708 0.0982594 0.000652601 7.49443 2.90322e+06 3 58027.5 146.872 7.33778 2 1 289.407 21.7926 13.2801 4 2 0.009001 6.3601e-05 11.8963 2 
0.210785 -1.92495e-06 -1 0.510773 0.0985149 0.000652601 7.51874 2.90255e+06 3 55522 88.2781 8.56783 2 1 318.376 21.5733 14.7579 4 2 0.00866104 6.25583e-05 11.7664 2 
0.211438 -1.90955e-06 -1 0.510837 0.0987945 0.000652601 7.54226 2.90218e+06 3 52165.4 44.2202 10.5662 2 1 304.591 16.8609 18.0649 4 2 0.00872209 6.19003e-05 11.8704 2 
0.21209 -1.91926e-06 -1 0.510901 0.0990647 0.000652601 7.56558 2.9019e+06 3 55598.6 87.2774 8.6044 2 1 203.275 15.7186 12.9322 4 2 0.00926488 6.12612e-05 12.2978 2 
0.212743 -1.91635e-06 -1 0.510966 0.0993346 0.000652601 7.58891 2.90162e+06 3 56701.7 164.599 7.01007 2 1 148.369 9.39401 15.794 4 2 0.00942558 6.09509e-05 12.4355 2 
0.213395 -1.93905e-06 -1 0.511031 0.0996117 0.000652601 7.61201 2.90142e+06 3 56620.1 115.523 7.88437 2 1 272.409 13.8721 19.6372 4 2 0.00940428 6.09351e-05 12.4231 2 
0.214048 -1.94333e-06 -1 0.511096 0.0998836 0.000652601 7.63529 2.90116e+06 3 54226.3 96.6332 8.24824 2 1 303.717 14.3101 21.2239 4 2 0.00927434 5.983e-05 12.4504 2 
0.214701 -1.96588e-06 -1 0.511161 0.100139 0.000652601 7.65912 2.90068e+06 3 57723.9 60.218 9.85999 2 1 243.29 16.3782 14.8545 4 2 0.00946892 5.95141e-05 12.6136 2 
0.215353 -1.97336e-06 -1 0.511226 0.100412 0.000652601 7.68271 2.90031e+06 3 59522.1 88.5705 8.75917 2 1 332.165 15.7458 21.0955 4 2 0.00871987 5.99066e-05 12.0647 2 
0.216006 -1.95331e-06 -1 0.511292 0.10067 0.000652601 7.71006 2.89852e+06 3 57732.7 132.114 7.58854 2 1 161.725 12.9952 12.445 4 2 0.00888106 8.51938e-05 10.2101 2 
0.216658 -2.04154e-06 -1 0.511357 0.100979 0.000652601 7.73598 2.89728e+06 3 55882.2 151.468 7.17217 2 1 324.295 36.0772 8.9889 4 3 0.00954394 1.66686e-05 8.30379 2 
0.217311 -2.09058e-06 -1 0.511423 0.101236 0.000652601 7.75701 2.89787e+06 1 328.642 73.9532 4.44391 2 1 309.033 36.0128 8.58121 4 3 0.00956699 3.27404e-05 6.63586 2 
0.217964 -2.10752e-06 -1 0.511489 0.101482 0.000652601 7.77815 2.89843e+06 1 338.09 67.0576 5.04178 2 1 266.096 17.4137 15.2808 4 3 0.00942861 5.24931e-05 5.6422 2 
0.218616 -2.11795e-06 -1 0.511555 0.101743 0.000652601 7.80418 2.89716e+06 3 57583.2 163.712 7.05892 2 1 175.476 17.5669 9.98906 4 3 0.00918225 5.76852e-05 5.41953 2 
0.219269 -2.05505e-06 -1 0.511622 0.102023 0.000652601 7.83014 2.89592e+06 3 51025.7 38.0435 11.0282 2 1 259.128 18.7604 13.8125 4 3 0.00961017 5.57887e-05 5.5641 2 
0.219921 -2.05663e-06 -1 0.511688 0.102297 0.000652601 7.85607 2.8947e+06 3 58898.3 139.087 7.50939 2 1 297.094 18.5085 16.0518 4 3 0.00997151 5.35545e-05 5.71025 2 
0.220574 -2.03291e-06 -1 0.511755 0.102564 0.000652601 7.88201 2.89349e+06 3 58396.9 115.114 7.97544 2 1 210.09 14.7129 14.2792 4 3 0.00940557 5.09309e-05 5.69466 2 
0.221227 -2.06352e-06 -1 0.511822 0.102837 0.000652601 7.91208 2.89078e+06 3 59283.9 146.139 7.40271 2 1 289.068 16.7094 17.2998 4 3 0.00917156 4.87564e-05 5.72977 2 
0.221879 -2.15812e-06 -1 0.511889 0.103099 0.000652601 7.93792 2.88962e+06 3 57043.6 70.6852 9.31021 2 1 321.224 34.2801 9.37057 4 3 0.00908992 4.58296e-05 5.83183 2 
0.222532 -2.16716e-06 -1 0.511956 0.103368 0.000652601 7.96375 2.88848e+06 3 51441.8 107.372 7.82483 2 1 339.567 37.5395 9.04559 4 3 0.00906764 4.27737e-05 5.96265 2 
0.223184 -2.16403e-06 -1 0.512024 0.103635 0.000652601 7.98726 2.88818e+06 2 57401.1 187.601 17.4921 2 1 249.197 13.8526 17.9891 4 3 0.0095127 3.97434e-05 6.20887 2 
0.223837 -2.06996e-06 -1 0.512091 0.103907 0.000652601 8.01303 2.88707e+06 3 57778.6 139.445 7.45512 2 1 399.988 54.54 7.33386 4 3 0.00951461 3.73114e-05 6.34137 2 
0.22449 -2.04916e-06 -1 0.512159 0.104157 0.000652601 8.03886 2.88595e+06 3 54049.9 23.7097 13.161 2 1 470.035 53.6632 8.75898 4 3 0.0096359 3.47575e-05 6.5205 2 
0.225142 -2.03907e-06 -1 0.512227 0.104416 0.000652601 8.06464 2.88485e+06 3 53621.5 34.3685 11.5983 2 1 264.259 9.47885 27.8788 4 3 0.00984323 3.27846e-05 6.69611 2 
0.225795 -2.06468e-06 -1 0.512295 0.104702 0.000652601 8.09253 2.88301e+06 3 55475.3 97.1226 8.2971 2 1 131.69 11.5187 11.4327 4 3 0.00994118 3.1579e-05 6.80267 2 
0.226447 -2.0975e-06 -1 0.512364 0.104947 0.000652601 8.11844 2.88188e+06 3 52903.6 59.1388 9.63543 2 1 165.065 16.8629 9.78868 4 3 0.00995226 3.19757e-05 6.77694 2 
0.2271 -2.1123e-06 -1 0.512432 0.105223 0.000652601 8.14418 2.88082e+06 3 55955.6 73.7235 9.12177 2 1 347.714 35.5322 9.78586 4 3 0.00926414 3.14602e-05 6.65296 2 
0.227753 -2.14889e-06 -1 0.512501 0.105511 0.000652601 8.17005 2.87972e+06 3 55316.8 125.358 7.61323 2 1 177.663 19.2174 9.24488 4 3 0.0093437 3.04341e-05 6.7461 2 
0.228405 -2.21196e-06 -1 0.51257 0.105777 0.000652601 8.19595 2.87861e+06 3 58884.1 111.259 8.08887 2 1 252.136 26.3423 9.57151 4 3 0.00896556 2.86208e-05 6.79149 2 
0.229058 -2.23578e-06 -1 0.512639 0.10602 0.000652601 8.22179 2.87754e+06 3 52772.5 40.9747 10.88 2 1 312.132 27.4762 11.3601 4 3 0.00981409 2.5618e-05 7.26275 2 
0.22971 -2.23493e-06 -1 0.512708 0.106288 0.000652601 8.24762 2.87647e+06 3 57489.9 137.592 7.47595 2 1 315.791 24.8942 12.6853 4 3 0.00926571 2.39713e-05 7.28444 2 
0.230363 -2.22467e-06 -1 0.512777 0.106549 0.000652601 8.26899 2.87696e+06 1 287.045 69.869 4.10833 2 1 225.971 10.0224 22.5466 4 3 0.0101396 2.29527e-05 7.61604 2 
0.231016 -2.20849e-06 -1 0.512847 0.106826 0.000652601 8.29491 2.87587e+06 3 49500.4 204.704 6.23009 2 1 263.067 11.2886 23.3038 4 3 0.00988662 2.25048e-05 7.60194 2 
0.231668 -2.20968e-06 -1 0.512917 0.107086 0.000652601 8.32073 2.87482e+06 3 58362.1 154.549 7.22806 2 1 360.957 27.3839 13.1814 4 3 0.00984301 2.18389e-05 7.66712 2 
0.232321 -2.1429e-06 -1 0.512987 0.107358 0.000652601 8.34657 2.87378e+06 3 57089.3 172.592 6.91583 2 1 554.102 43.8772 12.6285 4 3 0.00947108 2.19624e-05 7.5551 2 
0.232973 -2.1102e-06 -1 0.513057 0.107602 0.000652601 8.37236 2.87275e+06 3 57386.8 42.9558 11.0136 2 1 305.814 21.608 14.1528 4 3 0.00984821 2.15035e-05 7.70813 2 
0.233626 -2.10594e-06 -1 0.513127 0.107878 0.000652601 8.40229 2.87032e+06 4 56142.1 96.075 4.91665 2 1 490.825 49.6995 9.87585 4 3 0.00993518 2.20207e-05 7.66975 2 
0.234279 -2.12317e-06 -1 0.513197 0.108124 0.000652601 8.42965 2.86878e+06 3 57887.3 85.4637 8.78215 2 1 256.586 10.9979 23.3304 4 3 0.0101068 2.18675e-05 7.73165 2 
0.234931 -2.15501e-06 -1 0.513268 0.108396 0.000652601 8.45676 2.86733e+06 3 57502.5 89.1166 8.64124 2 1 291.186 22.9137 12.7079 4 3 0.0101871 2.15298e-05 7.79237 2 
0.235584 -2.11393e-06 -1 0.513339 0.108666 0.000652601 8.47816 2.86782e+06 1 338.635 76.0705 4.4516 2 1 692.239 24.9476 27.7478 4 3 0.00997057 2.0698e-05 7.83905 2 
0.236236 -2.08731e-06 -1 0.51341 0.108929 0.000652601 8.50142 2.86768e+06 1 350.442 64.3545 5.44549 2 1 207.229 15.0869 13.7357 4 3 0.00974578 1.93714e-05 7.95338 2 
0.236889 -2.09505e-06 -1 0.513481 0.109181 0.000652601 8.52912 2.86606e+06 3 58900.2 75.6283 9.20049 2 1 130.926 15.9672 8.19972 4 3 0.00985423 1.7552e-05 8.24958 2 
0.237542 -2.12508e-06 -1 0.513552 0.109443 0.000652601 8.55546 2.86489e+06 3 52492.8 112.329 7.76014 2 1 935.018 27.6538 33.8116 4 3 0.00975274 1.59507e-05 8.48754 2 
0.238194 -2.12743e-06 -1 0.513623 0.109706 0.000652601 8.58128 2.86391e+06 3 51470.7 38.1477 11.05 2 1 269.482 20.0192 13.4612 4 3 0.00987449 1.50132e-05 8.69656 2 
0.238847 -2.11826e-06 -1 0.513695 0.109968 0.000652601 8.60719 2.8629e+06 3 56954.6 63.3062 9.65371 2 1 179.74 10.7 16.7981 4 3 0.0102639 1.47676e-05 8.85795 2 
0.239499 -2.13241e-06 -1 0.513767 0.11024 0.000652601 8.63306 2.86191e+06 3 56852.6 84.1517 8.77464 2 1 201.71 12.6926 15.8919 4 3 0.00992644 1.38693e-05 8.94499 2 
0.240152 -2.16629e-06 -1 0.513839 0.110509 0.000652601 8.65893 2.86093e+06 3 51974.2 85.1984 8.4811 2 1 190.764 9.49105 20.0994 4 3 0.00961215 1.5071e-05 8.6078 2 
0.240805 -2.18165e-06 -1 0.513911 0.110753 0.000652601 8.68472 2.85998e+06 3 55096.6 114.943 7.82614 2 1 215.622 24.1181 8.94027 4 3 0.0103335 1.47562e-05 8.88024 2 
0.241457 -2.20306e-06 -1 0.513983 0.111015 0.000652601 8.71268 2.85833e+06 3 57277.8 115.007 7.9266 2 1 160.183 14.824 10.8057 4 3 0.0103152 1.51698e-05 8.79359 2 
0.24211 -2.15829e-06 -1 0.514056 0.111283 0.000652601 8.73856 2.85736e+06 3 57228.6 96.6794 8.3964 2 1 225.839 28.7947 7.84308 4 3 0.0102436 1.47303e-05 8.85959 2 
0.242762 -2.16545e-06 -1 0.514128 0.111538 0.000652601 8.76451 2.85638e+06 3 57155.6 143.134 7.36386 2 1 292.739 32.2823 9.0681 4 3 0.0103096 1.46488e-05 8.89502 2 
0.243415 -2.15492e-06 -1 0.514201 0.111785 0.000652601 8.79051 2.85538e+06 3 56355.5 53.195 10.1942 2 1 233.023 19.0007 12.2639 4 3 0.010181 1.47201e-05 8.84354 2 
0.244068 -2.22291e-06 -1 0.514274 0.112068 0.000652601 8.8163 2.85447e+06 3 58239.1 138.019 7.50053 2 1 265.583 22.5595 11.7726 4 3 0.00986755 1.49536e-05 8.70606 2 
0.24472 -2.22212e-06 -1 0.514347 0.112321 0.000652601 8.84207 2.85356e+06 3 54243.5 88.9236 8.48093 2 1 220.796 17.0659 12.9378 4 3 0.0105301 1.49028e-05 8.90679 2 
0.245373 -2.23676e-06 -1 0.51442 0.11257 0.000652601 8.86866 2.85239e+06 3 57300.6 162.624 7.06304 2 1 251.15 22.5649 11.1301 4 3 0.00969802 1.43283e-05 8.78004 2 
0.246025 -2.17707e-06 -1 0.514494 0.112844 0.000652601 8.89607 2.85097e+06 3 57365.6 60.4503 9.82693 2 1 287.009 20.8194 13.7856 4 3 0.00996985 1.38708e-05 8.95768 2 
0.246678 -2.22277e-06 -1 0.514568 0.113103 0.000652601 8.92192 2.85006e+06 3 59640.8 122.214 7.873 2 1 330.747 30.893 10.7062 4 3 0.010697 1.30951e-05 9.34797 2 
0.247331 -2.22019e-06 -1 0.514641 0.113361 0.000652601 8.94044 2.85148e+06 1 271.205 44.8032 6.05326 2 1 216.273 15.1462 14.279 4 2 0.0106243 9.79448e-05 10.415 2 
0.247983 -2.18728e-06 -1 0.514715 0.113619 0.000652601 8.96364 2.85141e+06 3 57132.4 103.364 8.20675 2 1 271.91 11.4995 23.6454 4 2 0.0105538 9.26073e-05 10.6753 2 
0.248636 -2.14776e-06 -1 0.514789 0.113877 0.000652601 8.98719 2.85123e+06 3 57455.7 150.379 7.2563 2 1 238.028 10.8827 21.8721 4 2 0.0101754 8.22639e-05 11.1217 2 
0.249288 -2.11505e-06 -1 0.514864 0.114141 0.000652601 9.01141 2.85084e+06 3 54987.2 161.97 6.97605 2 1 268.148 21.3944 12.5336 4 2 0.010208 7.63906e-05 11.5598 2 
0.249941 -2.10814e-06 -1 0.514938 0.114403 0.000652601 9.03462 2.85077e+06 3 55839.8 163.398 6.99143 2 1 279.792 18.9736 14.7464 4 2 0.0100107 7.95324e-05 11.2191 2 
0.250594 -2.08878e-06 -1 0.515013 0.114659 0.000652601 9.05303 2.85221e+06 1 386.973 72.3592 5.34794 2 1 301.663 11.8256 25.5093 4 2 0.0106088 8.87311e-05 10.9344 2 
0.251246 -2.06111e-06 -1 0.515088 0.114931 0.000652601 9.07617 2.85216e+06 3 57098.2 88.4204 8.64351 2 1 314.994 19.1636 16.4371 4 2 0.0105834 9.75675e-05 10.415 2 
0.251899 -2.11351e-06 -1 0.515163 0.115163 0.000652601 9.0993 2.85211e+06 3 55028.6 86.6358 8.59602 2 1 231.885 27.8392 8.32945 4 2 0.010466 9.73908e-05 10.3665 2 
0.252551 -2.12631e-06 -1 0.515238 0.115415 0.000652601 9.12279 2.85195e+06 3 58656.4 143.543 7.4207 2 1 294.144 22.7948 12.904 4 2 0.0108778 9.74159e-05 10.5671 2 
0.253204 -2.17495e-06 -1 0.515313 0.11568 0.000652601 9.14602 2.85188e+06 3 57535.4 68.6364 9.42888 2 1 611.15 30.5069 20.0332 4 2 0.0109769 9.06927e-05 11.0015 2 
0.253857 -2.25304e-06 -1 0.515388 0.115952 0.000652601 9.16916 2.85183e+06 3 58487.1 151.818 7.27633 2 1 241.805 41.7178 5.79619 4 2 0.0106471 9.13171e-05 10.7979 2 
0.254509 -2.28442e-06 -1 0.515464 0.116206 0.000652601 9.19234 2.85176e+06 3 56072.6 162.833 7.00922 2 1 235.918 12.7891 18.4467 4 2 0.0102541 8.92949e-05 10.7161 2 
0.255162 -2.24775e-06 -1 0.51554 0.116467 0.000652601 9.21554 2.8517e+06 3 56891.9 155.312 7.15509 2 1 273.921 18.6684 14.673 4 2 0.00976883 8.79305e-05 10.5403 2 
0.255814 -2.13785e-06 -1 0.515616 0.116709 0.000652601 9.23869 2.85165e+06 3 49152.9 32.8763 11.4346 2 1 228.414 17.0375 13.4065 4 2 0.0103421 8.82531e-05 10.8253 2 
0.256467 -2.11743e-06 -1 0.515692 0.116978 0.000652601 9.26193 2.85156e+06 3 58551 147.085 7.35623 2 1 408.345 27.0498 15.0961 4 2 0.0103878 8.78407e-05 10.8746 2 
0.25712 -2.20303e-06 -1 0.515768 0.117231 0.000652601 9.2874 2.8508e+06 4 58288.5 48.4336 5.88992 2 1 338.842 39.1669 8.65123 4 2 0.0106652 8.66693e-05 11.0931 2 
0.257772 -2.18247e-06 -1 0.515845 0.117492 0.000652601 9.31051 2.85077e+06 3 58679.4 142.938 7.43212 2 1 339.454 39.5705 8.57846 4 2 0.0111566 8.58807e-05 11.3977 2 
0.258425 -2.18616e-06 -1 0.515921 0.117735 0.000652601 9.33362 2.85073e+06 3 57808.6 120.537 7.82751 2 1 215.806 10.2691 21.015 4 2 0.0110972 8.2411e-05 11.6042 2 
0.259077 -2.16801e-06 -1 0.515998 0.117996 0.000652601 9.35432 2.85142e+06 2 49183 211.687 15.2427 2 1 243.877 13.841 17.6199 4 2 0.010753 7.54502e-05 11.9381 2 
0.25973 -2.11383e-06 -1 0.516075 0.118257 0.000652601 9.37735 2.85141e+06 3 55005.4 23.5827 13.2618 2 1 415.893 32.828 12.6689 4 2 0.0115565 7.1117e-05 12.7476 2 
0.260383 -2.14569e-06 -1 0.516153 0.118508 0.000652601 9.4022 2.85085e+06 3 58106.1 136.005 7.53163 2 1 535.156 38.641 13.8494 4 2 0.0101728 7.08242e-05 11.9848 2 
0.261035 -2.26181e-06 -1 0.51623 0.118761 0.000652601 9.42546 2.85076e+06 3 50710.7 44.2265 10.4666 2 1 361.468 33.1814 10.8937 4 2 0.0102052 7.02078e-05 12.0564 2 
0.261688 -2.29201e-06 -1 0.516307 0.119013 0.000652601 9.44854 2.85073e+06 3 52248 72.3379 8.97225 2 1 267.632 33.009 8.10783 4 2 0.0105955 7.04956e-05 12.2597 2 
0.26234 -2.30837e-06 -1 0.516385 0.119261 0.000652601 9.47162 2.85071e+06 3 54185.5 138.329 7.31684 2 1 196.051 15.0071 13.0639 4 2 0.0114286 6.97357e-05 12.8018 2 
0.262993 -2.27603e-06 -1 0.516463 0.119532 0.000652601 9.49483 2.85064e+06 3 56129.2 164.771 6.98397 2 1 292.53 13.6156 21.485 4 2 0.0110544 6.95046e-05 12.6113 2 
0.263646 -2.27014e-06 -1 0.516541 0.11979 0.000652601 9.51806 2.85057e+06 3 55976.4 130.379 7.54395 2 1 263.472 17.7777 14.8204 4 2 0.0106238 6.94185e-05 12.3709 2 
0.264298 -2.31747e-06 -1 0.516619 0.120016 0.000652601 9.54115 2.85054e+06 3 58918 163.498 7.11615 2 1 299.899 10.3026 29.1092 4 2 0.0104279 7.29534e-05 11.9557 2 
0.264951 -2.29776e-06 -1 0.516697 0.120289 0.000652601 9.56436 2.85048e+06 3 58685.5 108.575 8.1458 2 1 273.505 10.8266 25.2624 4 2 0.0109097 7.47679e-05 12.0795 2 
0.265603 -2.25964e-06 -1 0.516776 0.120539 0.000652601 9.58749 2.85044e+06 3 57022 72.5956 9.22665 2 1 770.585 18.9381 40.6897 4 2 0.0110955 7.304e-05 12.3252 2 
0.266256 -2.28434e-06 -1 0.516855 0.120805 0.000652601 9.61227 2.84991e+06 3 50880.8 110.398 7.7244 2 1 241.643 25.798 9.36675 4 2 0.0113777 7.21368e-05 12.5588 2 
0.266909 -2.29588e-06 -1 0.516934 0.121045 0.000652601 9.63531 2.84989e+06 3 57937.6 117.404 7.9024 2 1 176.047 16.5871 10.6135 4 2 0.0111304 7.51326e-05 12.1714 2 
0.267561 -2.29e-06 -1 0.517013 0.121299 0.000652601 9.65369 2.85125e+06 1 340.224 47.3087 7.19159 2 1 217.96 14.3147 15.2263 4 2 0.0104156 7.07505e-05 12.1333 2 
0.268214 -2.28719e-06 -1 0.517092 0.121558 0.000652601 9.67207 2.85261e+06 1 419.556 45.8375 9.15313 2 1 266.991 12.5716 21.2377 4 2 0.0104202 7.19052e-05 12.0381 2 
0.268866 -2.28535e-06 -1 0.517171 0.121805 0.000652601 9.69518 2.85257e+06 3 55118.9 102.592 8.12947 2 1 140.897 8.86324 15.8968 4 2 0.0108703 7.24448e-05 12.2494 2 
0.269519 -2.31945e-06 -1 0.517251 0.122086 0.000652601 9.71907 2.8523e+06 3 58334.7 206.834 6.55796 2 1 213.524 10.5517 20.236 4 2 0.0114691 7.20509e-05 12.6167 2 
0.270172 -2.22596e-06 -1 0.51733 0.122319 0.000652601 9.74332 2.85193e+06 3 57008.5 130.32 7.59118 2 1 410.979 52.4871 7.83009 4 2 0.0111441 7.20678e-05 12.4352 2 
0.270824 -2.18737e-06 -1 0.51741 0.122573 0.000652601 9.76715 2.85168e+06 3 58030.9 87.2554 8.72882 2 1 363.598 51.9043 7.00517 4 2 0.0103554 7.17496e-05 12.0136 2 
0.271477 -2.19088e-06 -1 0.51749 0.12282 0.000652601 9.79491 2.85029e+06 4 40708.8 60.661 5.08973 2 1 226.52 12.9128 17.5422 4 2 0.0113884 7.1326e-05 12.636 2 
0.272129 -2.20193e-06 -1 0.51757 0.123084 0.000652601 9.82071 2.84948e+06 3 59892.9 176.885 6.96993 2 1 239.124 22.2052 10.7688 4 2 0.011273 7.09328e-05 12.6065 2 
0.272782 -2.20139e-06 -1 0.517651 0.123323 0.000652601 9.84366 2.84949e+06 3 57537.1 224.71 6.35002 2 1 271.061 45.7664 5.92271 4 2 0.0112904 7.05432e-05 12.6511 2 
0.273435 -2.24158e-06 -1 0.517731 0.123571 0.000652601 9.86677 2.84946e+06 3 54839.5 44.7115 10.7043 2 1 290.068 14.7258 19.6979 4 2 0.0113162 6.98737e-05 12.7261 2 
0.274087 -2.23667e-06 -1 0.517812 0.123824 0.000652601 9.89295 2.84854e+06 3 54827.5 79.4054 8.83859 2 1 541.576 47.1352 11.4898 4 2 0.0111613 6.91461e-05 12.705 2 
0.27474 -2.21896e-06 -1 0.517893 0.124081 0.000652601 9.91611 2.8485e+06 3 56887.5 164.547 7.01846 2 1 225.797 14.9356 15.118 4 2 0.0111229 6.84324e-05 12.749 2 
0.275392 -2.26392e-06 -1 0.517974 0.124337 0.000652601 9.93919 2.84848e+06 3 56744.7 70.3277 9.30964 2 1 340.344 53.1239 6.4066 4 2 0.0108772 6.89306e-05 12.5618 2 
0.276045 -2.32242e-06 -1 0.518055 0.124577 0.000652601 9.96222 2.84847e+06 3 56212.4 55.0689 10.0687 2 1 316.163 33.546 9.42475 4 2 0.011011 7.93628e-05 11.7789 2 
0.276698 -2.34513e-06 -1 0.518136 0.124837 0.000652601 9.9896 2.84722e+06 3 56635.4 102.273 8.21186 2 1 235.217 15.7973 14.8897 4 2 0.0111311 8.39603e-05 11.5142 2 
0.27735 -2.38189e-06 -1 0.518218 0.125082 0.000652601 10.0128 2.84717e+06 3 53700.3 91.6455 8.368 2 1 954.624 37.7934 25.259 4 2 0.011538 8.50104e-05 11.6501 2 
0.278003 -2.32318e-06 -1 0.518299 0.125332 0.000652601 10.0359 2.84716e+06 3 57678.8 83.5809 8.83697 2 1 271.888 27.2124 9.99136 4 2 0.0115124 8.30161e-05 11.7761 2 
0.278655 -2.36743e-06 -1 0.518381 0.125583 0.000652601 10.0592 2.84707e+06 3 54090.4 73.2478 9.03875 2 1 365.903 23.4781 15.5848 4 2 0.0113195 7.91992e-05 11.9551 2 
0.279308 -2.40406e-06 -1 0.518463 0.125825 0.000652601 10.0822 2.84706e+06 3 57041.7 135.183 7.5005 2 1 202.718 21.6242 9.37459 4 2 0.0111089 7.10591e-05 12.5033 2 
0.279961 -2.39868e-06 -1 0.518545 0.12607 0.000652601 10.1094 2.8459e+06 3 58105.1 157.669 7.16951 2 1 203.656 33.8325 6.01954 4 2 0.0104788 5.99499e-05 13.2209 2 
0.280613 -2.38692e-06 -1 0.518627 0.126321 0.000652601 10.1333 2.84565e+06 3 56247.2 164.708 6.98976 2 1 237.054 24.3713 9.72677 4 2 0.0116846 5.18851e-05 15.0067 2 
0.281266 -2.3581e-06 -1 0.51871 0.126569 0.000652601 10.1522 2.8468e+06 1 357.829 60.9412 5.8717 2 1 292.13 27.0582 10.7964 4 2 0.0116244 5.3157e-05 14.7878 2 
0.281918 -2.35089e-06 -1 0.518792 0.12683 0.000652601 10.1754 2.84676e+06 3 57511.6 85.5605 8.7598 2 1 319.055 24.525 13.0094 4 2 0.0113738 5.38962e-05 14.527 2 
0.282571 -2.46093e-06 -1 0.518875 0.127067 0.000652601 10.1984 2.84676e+06 3 57303.8 147.417 7.29814 2 1 277.75 30.3951 9.13799 4 2 0.0116983 5.39692e-05 14.7227 2 
0.283224 -2.47692e-06 -1 0.518958 0.127311 0.000652601 10.2216 2.84672e+06 3 57496.5 88.2278 8.66986 2 1 237.217 20.9758 11.3091 4 2 0.0118046 5.22198e-05 15.0352 2 
0.283876 -2.51501e-06 -1 0.519041 0.127566 0.000652601 10.2456 2.84645e+06 3 57913.5 157.318 7.16694 2 1 244.521 21.9974 11.1159 4 2 0.0109466 5.28097e-05 14.3974 2 
0.284529 -2.53309e-06 -1 0.519124 0.127798 0.000652601 10.2692 2.84629e+06 3 54823.1 122.738 7.64413 2 1 282.991 15.8849 17.8151 4 2 0.0104998 5.40591e-05 13.9366 2 
0.285181 -2.51872e-06 -1 0.519207 0.128054 0.000652601 10.2922 2.84628e+06 3 50087.2 44.6993 10.3866 2 1 283.682 16.4886 17.2047 4 2 0.0107776 8.08046e-05 11.549 2 
0.285834 -2.52358e-06 -1 0.519291 0.128305 0.000652601 10.3179 2.84555e+06 3 58358.2 136.225 7.53843 2 1 213.543 17.403 12.2704 4 3 0.011127 1.43769e-05 9.18131 2 
0.286487 -2.50558e-06 -1 0.519375 0.128555 0.000652601 10.3437 2.84478e+06 3 57382.3 73.2036 9.22038 2 1 220.604 19.7583 11.1651 4 3 0.0115032 3.0345e-05 7.23731 2 
0.287139 -2.52659e-06 -1 0.519458 0.128799 0.000652601 10.3696 2.844e+06 3 49533.9 27.4963 12.1677 2 1 220.535 25.6357 8.60267 4 3 0.011999 6.72353e-05 5.6301 2 
0.287792 -2.52834e-06 -1 0.519542 0.129051 0.000652601 10.4014 2.84162e+06 3 54280.7 39.3498 11.1319 2 1 165.207 11.1186 14.8586 4 3 0.011945 8.16696e-05 5.26877 2 
0.288444 -2.57634e-06 -1 0.519627 0.129291 0.000652601 10.4273 2.84084e+06 3 55583 61.2947 9.6792 2 1 239.638 27.0483 8.85965 4 3 0.0116074 7.90459e-05 5.27576 2 
0.289097 -2.60035e-06 -1 0.519711 0.129547 0.000652601 10.4531 2.8401e+06 3 57838.6 130.542 7.62352 2 1 262.768 13.7845 19.0626 4 3 0.0112106 7.48339e-05 5.311 2 
0.28975 -2.61756e-06 -1 0.519796 0.129799 0.000652601 10.4789 2.83935e+06 3 57502.2 102.763 8.24043 2 1 201.816 19.1455 10.5411 4 3 0.011351 7.06291e-05 5.43688 2 
0.290402 -2.65027e-06 -1 0.51988 0.13004 0.000652601 10.5047 2.83862e+06 3 56905.4 103.494 8.19244 2 1 283.568 28.0207 10.12 4 3 0.0116437 6.78454e-05 5.55721 2 
0.291055 -2.53942e-06 -1 0.519965 0.130278 0.000652601 10.5305 2.83788e+06 3 59853.4 78.7886 9.12449 2 1 248.775 31.6849 7.85153 4 3 0.0123096 5.85388e-05 5.94657 2 
0.291707 -2.55831e-06 -1 0.52005 0.130523 0.000652601 10.5564 2.83713e+06 3 58155 112.007 8.03736 2 1 968.666 28.289 34.2418 4 3 0.0116084 5.44985e-05 5.97214 2 
0.29236 -2.56934e-06 -1 0.520135 0.130763 0.000652601 10.5821 2.83644e+06 3 55706.4 145.337 7.264 2 1 231.221 20.5718 11.2397 4 3 0.0110287 5.05061e-05 6.0218 2 
0.293013 -2.55058e-06 -1 0.520221 0.131011 0.000652601 10.6078 2.83575e+06 3 58697.7 115.325 7.98422 2 1 227.177 13.7999 16.4622 4 3 0.0113473 4.63281e-05 6.25676 2 
0.293665 -2.54002e-06 -1 0.520306 0.131248 0.000652601 10.6335 2.83506e+06 3 50789.8 71.255 8.93279 2 1 251.975 18.857 13.3624 4 3 0.0121672 4.34052e-05 6.5446 2 
0.294318 -2.52148e-06 -1 0.520392 0.131509 0.000652601 10.6594 2.83432e+06 3 56432.5 135.045 7.47625 2 1 232.193 17.847 13.0102 4 3 0.0122513 4.30655e-05 6.57685 2 
0.29497 -2.58181e-06 -1 0.520478 0.131749 0.000652601 10.6803 2.83492e+06 1 423.456 69.6715 6.07789 2 1 244.58 30.1461 8.11315 4 3 0.0118372 4.23349e-05 6.53908 2 
0.295623 -2.62701e-06 -1 0.520564 0.131984 0.000652601 10.7059 2.83424e+06 3 58352.5 61.1513 9.84505 2 1 233.978 17.6841 13.231 4 3 0.0112877 4.05066e-05 6.5317 2 
0.296276 -2.67972e-06 -1 0.52065 0.132233 0.000652601 10.7317 2.83354e+06 3 56819.1 70.1074 9.32345 2 1 205.063 12.7206 16.1205 4 3 0.0114705 3.63054e-05 6.81089 2 
0.296928 -2.69061e-06 -1 0.520736 0.132476 0.000652601 10.7575 2.83283e+06 3 59958.5 152.601 7.32427 2 1 166.786 12.9854 12.844 4 3 0.011916 3.3299e-05 7.09959 2 
0.297581 -2.59684e-06 -1 0.520823 0.13272 0.000652601 10.7833 2.83214e+06 3 56519.4 138.868 7.4108 2 1 346.518 32.4021 10.6943 4 3 0.0122517 3.11352e-05 7.32792 2 
0.298233 -2.61838e-06 -1 0.520909 0.132962 0.000652601 10.8116 2.83078e+06 3 53692.9 55.3866 9.89701 2 1 540.042 38.535 14.0143 4 3 0.0116159 2.99845e-05 7.28985 2 
0.298886 -2.61642e-06 -1 0.520996 0.133219 0.000652601 10.8374 2.83009e+06 3 57947.1 163.418 7.078 2 1 264.426 13.467 19.6351 4 3 0.0115323 2.94886e-05 7.31286 2 
0.299539 -2.58547e-06 -1 0.521083 0.13345 0.000652601 10.8631 2.82943e+06 3 52196.6 51.7292 10.03 2 1 391.101 38.4887 10.1614 4 3 0.0123341 2.91901e-05 7.50395 2 
0.300191 -2.60215e-06 -1 0.52117 0.133688 0.000652601 10.8888 2.82876e+06 3 58264.8 58.1266 10.0079 2 1 318.346 37.3695 8.51888 4 3 0.0121993 2.90664e-05 7.48712 2 
0.300844 -2.57457e-06 -1 0.521257 0.133943 0.000652601 10.9145 2.82812e+06 3 58308.8 100.184 8.3492 2 1 194.536 15.7014 12.3897 4 3 0.0120018 2.91493e-05 7.43944 2 
0.301496 -2.65129e-06 -1 0.521345 0.134172 0.000652601 10.9378 2.82807e+06 2 49114.7 171.966 16.8999 2 1 203.368 27.3796 7.4277 4 3 0.0121183 2.84926e-05 7.52032 2 
0.302149 -2.73873e-06 -1 0.521432 0.134408 0.000652601 10.9644 2.82719e+06 3 57658.4 117.271 7.89266 2 1 540.023 25.8217 20.9136 4 3 0.0126392 2.68538e-05 7.77866 2 
0.302802 -2.77757e-06 -1 0.52152 0.134653 0.000652601 10.9915 2.82619e+06 3 53774.7 68.7801 9.21238 2 1 484.28 32.1032 15.0851 4 3 0.0115054 2.39918e-05 7.82732 2 
0.303454 -2.73759e-06 -1 0.521608 0.134901 0.000652601 11.0181 2.82532e+06 3 59003.8 135.726 7.5754 2 1 264.045 25.4913 10.3583 4 3 0.0121328 2.17993e-05 8.2257 2 
0.304107 -2.58535e-06 -1 0.521696 0.135138 0.000652601 11.0466 2.82396e+06 3 57650.2 69.7529 9.38454 2 1 291.962 28.9154 10.0971 4 3 0.0121563 2.02067e-05 8.44181 2 
0.304759 -2.5833e-06 -1 0.521784 0.135384 0.000652601 11.0741 2.82285e+06 3 53318.2 137.672 7.28916 2 1 340.395 30.9463 10.9995 4 3 0.0125724 1.97339e-05 8.60469 2 
0.305412 -2.59717e-06 -1 0.521873 0.13563 0.000652601 11.1027 2.82149e+06 3 57099.8 75.709 9.10253 2 1 216.778 14.1044 15.3696 4 3 0.0121723 1.83768e-05 8.717 2 
0.306065 -2.65962e-06 -1 0.521961 0.135864 0.000652601 11.1286 2.82083e+06 3 57602 129.003 7.64327 2 1 247.464 13.4698 18.3718 4 3 0.0121678 2.01466e-05 8.45285 2 
0.306717 -2.60252e-06 -1 0.52205 0.136086 0.000652601 11.1543 2.82018e+06 3 56868.6 175.328 6.87079 2 1 324.156 28.1742 11.5054 4 3 0.0113576 1.97261e-05 8.3192 2 
0.30737 -2.52362e-06 -1 0.522139 0.136339 0.000652601 11.1801 2.81955e+06 3 55299.8 38.9539 11.2389 2 1 290.01 32.0471 9.0495 4 3 0.0123835 1.95724e-05 8.58486 2 
0.308022 -2.5299e-06 -1 0.522227 0.136582 0.000652601 11.2079 2.8184e+06 3 56528.5 129.831 7.57931 2 1 312.955 28.5195 10.9733 4 3 0.0125496 1.9407e-05 8.64749 2 
0.308675 -2.55324e-06 -1 0.522317 0.136812 0.000652601 11.2337 2.81776e+06 3 56539.4 126.719 7.64134 2 1 256.055 19.2898 13.2741 4 3 0.0121797 1.96888e-05 8.52064 2 
0.309328 -2.47655e-06 -1 0.522406 0.137051 0.000652601 11.2594 2.81714e+06 3 58144.9 150.288 7.28668 2 1 275.767 41.0629 6.71572 4 3 0.0127564 1.9375e-05 8.69952 2 
0.30998 -2.4526e-06 -1 0.522495 0.137304 0.000652601 11.2852 2.81651e+06 3 56531.4 141.633 7.36279 2 1 602.524 22.2139 27.1237 4 3 0.0122699 1.93134e-05 8.59661 2 
0.310633 -2.47508e-06 -1 0.522585 0.137542 0.000652601 11.311 2.81588e+06 3 54079.9 152.082 7.08467 2 1 295.868 23.99 12.333 4 3 0.0114127 1.872e-05 8.47932 2 
0.311285 -2.51999e-06 -1 0.522675 0.137775 0.000652601 11.3368 2.81526e+06 3 59158 122.778 7.83967 2 1 256.634 30.8198 8.32692 4 3 0.0111821 1.71167e-05 8.67697 2 
0.311938 -2.54826e-06 -1 0.522764 0.138019 0.000652601 11.3624 2.81467e+06 3 51328.1 75.3008 8.80073 2 1 280.603 20.0361 14.0048 4 3 0.0117232 1.49667e-05 9.21806 2 
0.312591 -2.53563e-06 -1 0.522855 0.138247 0.000652601 11.3887 2.81393e+06 3 57355.3 155.354 7.17382 2 1 259.593 13.7851 18.8314 4 3 0.0123998 1.36477e-05 9.68542 2 
0.313243 -2.53241e-06 -1 0.522945 0.138494 0.000652601 11.417 2.8127e+06 3 53120.1 127.376 7.4712 2 1 258.12 14.955 17.2597 4 3 0.0129308 1.25042e-05 10.1125 2 
0.313896 -2.54225e-06 -1 0.523035 0.138755 0.000652601 11.44 2.81277e+06 3 55843.9 100.356 8.22514 2 1 287.559 18.974 15.1554 4 2 0.0127601 9.9024e-05 11.3516 2 
0.314548 -2.38687e-06 -1 0.523126 0.138966 0.000652601 11.4658 2.81217e+06 3 56847.5 96.9073 8.37115 2 1 228.85 34.8812 6.56083 4 3 0.0132343 1.18081e-05 10.3874 2 
0.315201 -2.36431e-06 -1 0.523216 0.139204 0.000652601 11.4915 2.81159e+06 3 57943.1 59.1659 9.93063 2 1 735.93 29.312 25.1068 4 3 0.0118299 1.3023e-05 9.68479 2 
0.315854 -2.4282e-06 -1 0.523307 0.139441 0.000652601 11.5141 2.81176e+06 1 445.673 92.6475 4.81041 2 1 196.796 17.1394 11.4821 4 3 0.0121964 1.3379e-05 9.69623 2 
0.316506 -2.47398e-06 -1 0.523398 0.139686 0.000652601 11.5397 2.8112e+06 3 58967.3 156.088 7.22904 2 1 217.195 15.9108 13.6508 4 3 0.0131698 1.33603e-05 9.95224 2 
0.317159 -2.48419e-06 -1 0.523489 0.139904 0.000652601 11.5654 2.81061e+06 3 54215 61.2057 9.60379 2 1 340.554 26.9304 12.6457 4 3 0.0127065 1.20451e-05 10.1798 2 
0.317811 -2.48477e-06 -1 0.52358 0.140149 0.000652601 11.5909 2.81008e+06 3 53298.3 45.1956 10.5651 2 1 287.468 35.8926 8.00912 4 3 0.0120401 1.22138e-05 9.95237 2 
0.318464 -2.5661e-06 -1 0.523672 0.140383 0.000652601 11.6168 2.80947e+06 3 54941.7 131.94 7.46749 2 1 252.769 18.2205 13.8728 4 3 0.0117836 1.2013e-05 9.93595 2 
0.319117 -2.59209e-06 -1 0.523764 0.14062 0.000652601 11.6424 2.8089e+06 3 58075.7 107.651 8.14065 2 1 314.961 14.5198 21.6918 4 3 0.0124629 1.22197e-05 10.0659 2 
0.319769 -2.68483e-06 -1 0.523855 0.140863 0.000652601 11.6682 2.80832e+06 3 59014.7 111.116 8.09832 2 1 294.653 18.7434 15.7204 4 3 0.0132781 1.22464e-05 10.2733 2 
0.320422 -2.75007e-06 -1 0.523947 0.141094 0.000652601 11.6939 2.80775e+06 3 58668.5 156.096 7.21668 2 1 263.842 33.8653 7.79094 4 3 0.0126681 1.25548e-05 10.03 2 
0.321074 -2.75932e-06 -1 0.524039 0.14133 0.000652601 11.7197 2.80717e+06 3 59480.9 145.148 7.42772 2 1 347.284 19.8245 17.518 4 3 0.0121663 1.22591e-05 9.9747 2 
0.321727 -2.73396e-06 -1 0.524132 0.141562 0.000652601 11.7429 2.8072e+06 3 56727.4 128.717 7.61001 2 1 275.441 9.55772 28.8187 4 2 0.0123897 9.63246e-05 11.3413 2 
0.32238 -2.81048e-06 -1 0.524224 0.141797 0.000652601 11.766 2.80725e+06 3 58377 145.161 7.38127 2 1 258.484 23.4833 11.0071 4 2 0.0127785 8.6237e-05 12.1729 2 
0.323032 -2.81379e-06 -1 0.524317 0.142046 0.000652601 11.7919 2.80664e+06 3 57716.1 159.924 7.1197 2 1 260.76 25.9803 10.0368 4 2 0.0126647 7.66363e-05 12.8553 2 
0.323685 -2.82031e-06 -1 0.524409 0.14226 0.000652601 11.815 2.8067e+06 3 58131.1 105.776 8.19107 2 1 263.434 20.6311 12.7687 4 2 0.0124201 6.82455e-05 13.4904 2 
0.324337 -2.80669e-06 -1 0.524502 0.142499 0.000652601 11.838 2.80678e+06 3 58555.8 95.0884 8.50774 2 1 349.099 19.731 17.6929 4 2 0.0126614 6.37553e-05 14.0923 2 
0.32499 -2.80168e-06 -1 0.524595 0.142733 0.000652601 11.8611 2.80685e+06 3 56824 36.9956 11.5379 2 1 226.222 13.6969 16.5162 4 2 0.0131366 7.53653e-05 13.2025 2 
0.325643 -2.82176e-06 -1 0.524688 0.142952 0.000652601 11.8841 2.80693e+06 3 55307.2 119.523 7.7347 2 1 216.278 10.152 21.3041 4 2 0.0126776 8.48763e-05 12.2215 2 
0.326295 -2.72986e-06 -1 0.524782 0.1432 0.000652601 11.9116 2.80594e+06 3 58764.7 155.355 7.23209 2 1 236.022 19.5 12.1037 4 2 0.0129118 8.98146e-05 11.99 2 
0.326948 -2.66286e-06 -1 0.524875 0.143446 0.000652601 11.9345 2.80606e+06 3 55549.3 71.5414 9.19123 2 1 385.467 30.0423 12.8308 4 2 0.0132535 9.58751e-05 11.7574 2 
0.3276 -2.69684e-06 -1 0.524969 0.143665 0.000652601 11.9576 2.80611e+06 3 57287.7 67.9751 9.44577 2 1 341.126 23.6073 14.4501 4 2 0.0124223 9.27827e-05 11.5709 2 
0.328253 -2.71307e-06 -1 0.525063 0.143894 0.000652601 11.9807 2.80618e+06 3 57700.7 189.686 6.72535 2 1 243.284 18.0137 13.5055 4 2 0.0128294 8.59495e-05 12.2175 2 
0.328906 -2.66988e-06 -1 0.525157 0.144127 0.000652601 12.0037 2.80625e+06 3 59021.3 129 7.70561 2 1 375.667 28.644 13.1151 4 2 0.0125851 8.67137e-05 12.0472 2 
0.329558 -2.64148e-06 -1 0.525251 0.144371 0.000652601 12.0292 2.80575e+06 4 58639.6 47.6012 5.92438 2 1 334.351 27.956 11.9599 4 2 0.0132595 8.68975e-05 12.3527 2 
0.330211 -2.61115e-06 -1 0.525345 0.144593 0.000652601 12.0524 2.8058e+06 3 54529.6 148.775 7.1565 2 1 244.345 13.1868 18.5295 4 2 0.0129261 8.19279e-05 12.5608 2 
0.330863 -2.64606e-06 -1 0.525439 0.144826 0.000652601 12.0709 2.80693e+06 1 370.377 42.7729 8.65915 2 1 270.153 17.075 15.8216 4 2 0.0123978 7.96333e-05 12.4774 2 
0.331516 -2.69925e-06 -1 0.525534 0.145053 0.000652601 12.094 2.80698e+06 3 57299.6 164.123 7.04144 2 1 266.326 28.5739 9.32058 4 2 0.0120508 8.37162e-05 11.9979 2 
0.332169 -2.63612e-06 -1 0.525628 0.145285 0.000652601 12.117 2.80705e+06 3 39889.9 114.067 7.04532 2 1 283.359 33.9738 8.34051 4 2 0.0131484 7.9622e-05 12.8505 2 
0.332821 -2.64258e-06 -1 0.525723 0.14551 0.000652601 12.14 2.80714e+06 3 59270.8 146.768 7.39157 2 1 246.028 35.7583 6.8803 4 2 0.0133418 7.95841e-05 12.9477 2 
0.333474 -2.58669e-06 -1 0.525818 0.145742 0.000652601 12.1631 2.8072e+06 3 58721.6 91.6451 8.6211 2 1 262.375 24.6843 10.6292 4 2 0.0135657 8.81984e-05 12.402 2 
0.334126 -2.58116e-06 -1 0.525913 0.145981 0.000652601 12.1902 2.80633e+06 3 55242.8 115.14 7.82858 2 1 326.642 40.8048 8.00499 4 2 0.0130225 9.54446e-05 11.6808 2 
0.334779 -2.6102e-06 -1 0.526008 0.146203 0.000652601 12.2134 2.80636e+06 3 56092.6 102.591 8.1771 2 1 371.235 31.3562 11.8393 4 2 0.0125347 9.93636e-05 11.2316 2 
0.335432 -2.60742e-06 -1 0.526104 0.146451 0.000652601 12.2379 2.8061e+06 3 56409.9 135.327 7.47005 2 1 270.08 23.4538 11.5154 4 2 0.0117372 9.50726e-05 11.111 2 
0.336084 -2.66659e-06 -1 0.526199 0.146676 0.000652601 12.2617 2.80601e+06 3 57971.9 64.2237 9.66438 2 1 294.153 31.8868 9.22491 4 2 0.0127554 8.78544e-05 12.0494 2 
0.336737 -2.67993e-06 -1 0.526295 0.146911 0.000652601 12.2862 2.80575e+06 3 56441.2 49.9192 10.4178 2 1 317.662 44.2059 7.18595 4 2 0.012865 7.7533e-05 12.8814 2 
0.337389 -2.73385e-06 -1 0.526391 0.147145 0.000652601 12.3124 2.8051e+06 3 56806 114.29 7.92129 2 1 358.343 24.1514 14.8373 4 2 0.0135495 6.66988e-05 14.2529 2 
0.338042 -2.78907e-06 -1 0.526487 0.147363 0.000652601 12.3353 2.8052e+06 3 57238.7 133.474 7.54104 2 1 312.059 31.3656 9.94909 4 2 0.0135554 6.59302e-05 14.3389 2 
0.338695 -2.83254e-06 -1 0.526583 0.147592 0.000652601 12.3583 2.80528e+06 3 58408.1 122.386 7.81472 2 1 423.967 56.3221 7.52755 4 2 0.0132157 6.81696e-05 13.9235 2 
0.339347 -2.83671e-06 -1 0.526679 0.147818 0.000652601 12.3814 2.80534e+06 3 52753.5 151.272 7.03878 2 1 252.658 25.447 9.92877 4 2 0.0129486 7.25035e-05 13.3639 2 
0.34 -2.80303e-06 -1 0.526776 0.148049 0.000652601 12.4104 2.80406e+06 3 58940.7 167.231 7.06371 2 1 282.058 24.7445 11.3988 4 2 0.0135233 7.30463e-05 13.6064 2 
0.340652 -2.85814e-06 -1 0.526872 0.14827 0.000652601 12.4336 2.80411e+06 3 56699.7 204.808 6.51745 2 1 336.05 56.1513 5.98473 4 2 0.0134425 7.21817e-05 13.6467 2 
0.341305 -2.81625e-06 -1 0.526969 0.148511 0.000652601 12.4567 2.80417e+06 3 57844.7 177.647 6.87969 2 1 323.917 34.2383 9.46065 4 2 0.0130033 7.32413e-05 13.3245 2 
0.341958 -2.81285e-06 -1 0.527066 0.14874 0.000652601 12.4798 2.80423e+06 3 52581.2 224.141 6.16741 2 1 251.663 25.7745 9.76402 4 2 0.0124578 7.46962e-05 12.9143 2 
0.34261 -2.80768e-06 -1 0.527163 0.14895 0.000652601 12.5029 2.80429e+06 3 55446.5 228.347 6.23868 2 1 386.155 17.7773 21.7218 4 2 0.0130308 7.41911e-05 13.2529 2 
0.343263 -2.81682e-06 -1 0.52726 0.14918 0.000652601 12.526 2.80435e+06 3 56847.4 163.534 7.03128 2 1 236.135 22.4112 10.5365 4 2 0.0137115 7.32052e-05 13.6858 2 
0.343915 -2.85723e-06 -1 0.527358 0.149397 0.000652601 12.549 2.80442e+06 3 54279.5 75.8537 8.94444 2 1 637.366 78.9171 8.0764 4 2 0.0135621 7.74171e-05 13.2356 2 
0.344568 -2.81886e-06 -1 0.527455 0.149647 0.000652601 12.5721 2.80449e+06 3 57987.7 127.25 7.69531 2 1 327.181 20.7288 15.7839 4 2 0.0129476 8.06733e-05 12.6686 2 
0.345221 -2.83042e-06 -1 0.527553 0.149862 0.000652601 12.5977 2.80399e+06 3 53004.3 146.609 7.12388 2 1 287.566 26.1733 10.987 4 3 0.0131994 1.49295e-05 9.59776 2 
0.345873 -2.83548e-06 -1 0.527651 0.150095 0.000652601 12.6236 2.80344e+06 3 58440.6 150.844 7.29002 2 1 281.236 21.0638 13.3517 4 3 0.013411 3.64724e-05 7.16417 2 
0.346526 -2.83795e-06 -1 0.527748 0.150315 0.000652601 12.6503 2.8027e+06 3 47883.9 48.8596 9.93299 2 1 258.043 41.3041 6.24741 4 3 0.0130196 7.55878e-05 5.56394 2 
0.347178 -2.82802e-06 -1 0.527847 0.150545 0.000652601 12.6761 2.80216e+06 3 55410.3 70.18 9.24256 2 1 272.49 25.3276 10.7586 4 3 0.0132059 7.98415e-05 5.48925 2 
0.347831 -2.82016e-06 -1 0.527945 0.150778 0.000652601 12.7019 2.80162e+06 3 58318.3 137.011 7.52228 2 1 238.651 16.4124 14.5409 4 3 0.0135244 7.41542e-05 5.67101 2 
0.348484 -2.81498e-06 -1 0.528043 0.150999 0.000652601 12.7284 2.80094e+06 3 57693 147.919 7.30634 2 1 220.572 23.2434 9.4897 4 3 0.0137737 6.85166e-05 5.85803 2 
0.349136 -2.82562e-06 -1 0.528142 0.151222 0.000652601 12.7542 2.80042e+06 3 59322.4 180.441 6.90178 2 1 255.665 20.7794 12.3038 4 3 0.013245 6.40383e-05 5.91386 2 
0.349789 -2.95029e-06 -1 0.528241 0.151448 0.000652601 12.78 2.7999e+06 3 58389.5 151.574 7.27617 2 1 437.067 45.1474 9.68088 4 3 0.0135668 5.78955e-05 6.16515 2 
0.350441 -2.99535e-06 -1 0.528339 0.151669 0.000652601 12.8051 2.79952e+06 1 471.319 73.193 6.43939 2 1 413.868 37.5073 11.0343 4 3 0.013436 5.21704e-05 6.36232 2 
0.351094 -3.0199e-06 -1 0.528438 0.15189 0.000652601 12.8308 2.79902e+06 3 58808.8 71.6087 9.36467 2 1 565.042 41.5368 13.6034 4 3 0.0135985 4.82819e-05 6.55494 2 
0.351747 -3.05193e-06 -1 0.528538 0.152114 0.000652601 12.8577 2.79826e+06 3 59206.7 122.456 7.84869 2 1 275.213 14.3566 19.1698 4 3 0.0132263 4.36278e-05 6.71776 2 
0.352399 -3.06197e-06 -1 0.528637 0.152336 0.000652601 12.8834 2.79777e+06 3 52064.4 140.586 7.18124 2 1 240.323 14.5751 16.4886 4 3 0.0140352 4.25285e-05 6.91056 2 
0.353052 -3.04488e-06 -1 0.528736 0.152572 0.000652601 12.9133 2.79636e+06 3 59505.6 125.559 7.79656 2 1 253.373 13.9106 18.2144 4 3 0.01367 4.22018e-05 6.86772 2 
0.353704 -2.98651e-06 -1 0.528836 0.152804 0.000652601 12.939 2.79587e+06 3 55120.6 85.0053 8.65544 2 1 262.808 26.911 9.76585 4 3 0.0131139 4.02749e-05 6.87965 2 
0.354357 -3.01812e-06 -1 0.528935 0.153004 0.000652601 12.9646 2.7954e+06 3 59516.6 118.429 7.95049 2 1 242.167 28.6417 8.45504 4 3 0.0129523 3.57385e-05 7.12968 2 
0.35501 -3.01983e-06 -1 0.529035 0.153224 0.000652601 12.9903 2.79493e+06 3 55489.7 121.486 7.70127 2 1 313.738 29.7222 10.5557 4 3 0.0127167 3.19199e-05 7.35819 2 
0.355662 -3.02636e-06 -1 0.529135 0.153451 0.000652601 13.016 2.79444e+06 3 58803.9 69.8389 9.44285 2 1 231.351 27.75 8.33697 4 3 0.0139078 3.03647e-05 7.70838 2 
0.356315 -2.9419e-06 -1 0.529235 0.15368 0.000652601 13.0416 2.79398e+06 3 58197.8 152.177 7.2586 2 1 312.4 27.8015 11.2368 4 3 0.0142445 2.87061e-05 7.91694 2 
0.356967 -2.90385e-06 -1 0.529336 0.153899 0.000652601 13.0674 2.79349e+06 3 52615.6 61.2917 9.50395 2 1 497.278 24.8522 20.0094 4 3 0.0135866 2.89153e-05 7.77429 2 
0.35762 -2.92013e-06 -1 0.529436 0.154116 0.000652601 13.093 2.79303e+06 3 51219.9 80.6703 8.59491 2 1 527.442 27.2318 19.3686 4 3 0.0126258 2.85092e-05 7.6224 2 
0.358273 -2.93208e-06 -1 0.529537 0.154347 0.000652601 13.1185 2.7926e+06 3 59786.4 99.2351 8.44589 2 1 509.977 27.3399 18.6533 4 3 0.012694 2.88774e-05 7.6035 2 
0.358925 -2.9423e-06 -1 0.529637 0.154564 0.000652601 13.1446 2.79204e+06 3 56168.6 86.7781 8.65023 2 1 261.669 24.6557 10.6129 4 3 0.0135118 2.83013e-05 7.81571 2 
0.359578 -2.98431e-06 -1 0.529738 0.154771 0.000652601 13.1704 2.79154e+06 3 57749.5 125.186 7.72677 2 1 301.058 32.1032 9.37785 4 3 0.0144081 2.6532e-05 8.15853 2 
0.36023 -2.94211e-06 -1 0.529839 0.155018 0.000652601 13.1961 2.79107e+06 3 58904.7 152.358 7.28498 2 1 381.419 24.8525 15.3473 4 3 0.0138775 2.33972e-05 8.40201 2 
0.360883 -2.9854e-06 -1 0.52994 0.155223 0.000652601 13.2219 2.79058e+06 3 56374.7 144.381 7.309 2 1 376.774 25.1509 14.9805 4 3 0.0141502 2.08421e-05 8.78902 2 
0.361536 -2.97903e-06 -1 0.530042 0.155445 0.000652601 13.2475 2.79013e+06 3 58715.6 143.767 7.41934 2 1 284.259 22.4082 12.6855 4 3 0.0139626 1.93359e-05 8.97155 2 
0.362188 -2.95654e-06 -1 0.530143 0.155678 0.000652601 13.274 2.78949e+06 3 58184.8 148.308 7.32062 2 1 275.629 23.862 11.5509 4 3 0.0138106 1.82844e-05 9.10704 2 
0.362841 -2.87385e-06 -1 0.530245 0.155885 0.000652601 13.3006 2.78884e+06 3 52052.7 87.2634 8.4179 2 1 271.637 23.9661 11.3342 4 3 0.0144387 1.96172e-05 9.02881 2 
0.363493 -2.86935e-06 -1 0.530347 0.156097 0.000652601 13.3265 2.78835e+06 3 53799.7 92.5841 8.34478 2 1 325.875 27.9235 11.6703 4 3 0.0134675 1.90783e-05 8.90393 2 
0.364146 -2.84608e-06 -1 0.530448 0.156332 0.000652601 13.3545 2.7874e+06 4 57078.6 21.4933 7.17865 2 1 262.497 23.9302 10.9693 4 3 0.0131097 1.94086e-05 8.77405 2 
0.364799 -2.86605e-06 -1 0.53055 0.156551 0.000652601 13.3802 2.78694e+06 3 56579.9 120.242 7.77802 2 1 624.685 18.0349 34.6376 4 3 0.0139109 1.89468e-05 9.02137 2 
0.365451 -2.80365e-06 -1 0.530653 0.156767 0.000652601 13.4092 2.78582e+06 3 57477.1 150.654 7.25279 2 1 266.42 22.2233 11.9883 4 3 0.0142867 1.89723e-05 9.09783 2 
0.366104 -2.77853e-06 -1 0.530755 0.156992 0.000652601 13.435 2.78534e+06 3 58859 85.9554 8.81414 2 1 318.731 22.111 14.4151 4 3 0.0141545 1.91444e-05 9.04241 2 
0.366756 -2.75246e-06 -1 0.530857 0.1572 0.000652601 13.4608 2.78488e+06 3 57599.9 103.81 8.21726 2 1 277.12 15.9491 17.3753 4 3 0.0137014 1.85643e-05 9.03711 2 
0.367409 -2.77011e-06 -1 0.53096 0.157417 0.000652601 13.4866 2.78441e+06 3 58098.6 110.878 8.06195 2 1 302.169 20.5836 14.6801 4 3 0.0141393 1.73881e-05 9.33381 2 
0.368062 -2.78539e-06 -1 0.531063 0.157652 0.000652601 13.5124 2.78394e+06 3 57580.8 154.143 7.20197 2 1 407.574 19.185 21.2444 4 3 0.01413 1.57429e-05 9.64611 2 
0.368714 -2.67772e-06 -1 0.531166 0.15786 0.000652601 13.5356 2.784e+06 2 47219.3 136.929 18.57 2 1 274.59 28.7313 9.55719 4 3 0.0134884 1.36466e-05 9.9612 2 
0.369367 -2.72644e-06 -1 0.531269 0.158073 0.000652601 13.5618 2.78347e+06 3 52457.9 123.377 7.51956 2 1 474.259 40.2709 11.7767 4 3 0.0142582 1.20689e-05 10.5714 2 
0.37002 -2.71769e-06 -1 0.531372 0.158293 0.000652601 13.5849 2.78355e+06 3 58996.4 118.608 7.92327 2 1 365.073 39.0908 9.3391 4 2 0.0142838 9.69019e-05 12.141 2 
0.370672 -2.69665e-06 -1 0.531475 0.15851 0.000652601 13.6106 2.78312e+06 3 57243.8 44.9507 10.8392 2 1 270.461 17.0649 15.849 4 3 0.0140872 1.13653e-05 10.7419 2 
0.371325 -2.75216e-06 -1 0.531579 0.15874 0.000652601 13.6362 2.78268e+06 3 58091.8 143.33 7.40047 2 1 282.477 15.1091 18.6958 4 3 0.0141692 1.25769e-05 10.4054 2 
0.371977 -2.83996e-06 -1 0.531682 0.158954 0.000652601 13.6573 2.7832e+06 1 397.276 85.0324 4.67205 2 1 274.43 32.0893 8.55209 4 3 0.0142241 1.29153e-05 10.327 2 
0.37263 -2.86066e-06 -1 0.531786 0.159158 0.000652601 13.6829 2.78277e+06 3 53353.5 176.49 6.71142 2 1 291.02 21.302 13.6616 4 3 0.0141372 1.29177e-05 10.3053 2 
0.373283 -2.83818e-06 -1 0.53189 0.159377 0.000652601 13.71 2.78205e+06 3 47915.1 63.2071 9.11805 2 1 316.655 40.5956 7.80023 4 3 0.0141177 1.10743e-05 10.843 2 
0.373935 -2.80721e-06 -1 0.531994 0.15958 0.000652601 13.7357 2.78162e+06 3 56250.5 133.678 7.49358 2 1 415.638 23.8516 17.426 4 3 0.0146949 1.19336e-05 10.7184 2 
0.374588 -2.89107e-06 -1 0.532098 0.159814 0.000652601 13.7615 2.78117e+06 3 58267.3 141.875 7.43314 2 1 325.395 29.2694 11.1173 4 3 0.014432 1.16681e-05 10.7343 2 
0.37524 -2.96345e-06 -1 0.532202 0.160028 0.000652601 13.7901 2.78014e+06 3 58607.6 161.727 7.12947 2 1 311.509 32.8021 9.49663 4 3 0.0132416 1.17435e-05 10.4083 2 
0.375893 -3.08071e-06 -1 0.532306 0.160239 0.000652601 13.8159 2.7797e+06 3 55252.2 116.659 7.7949 2 1 340.386 36.8887 9.22738 4 3 0.0136798 1.2032e-05 10.4371 2 
0.376546 -3.10546e-06 -1 0.532411 0.16045 0.000652601 13.8417 2.77926e+06 3 58465.1 50.3653 10.5097 2 1 294.747 42.0235 7.01387 4 3 0.0134766 1.18924e-05 10.4257 2 
0.377198 -3.04266e-06 -1 0.532516 0.160663 0.000652601 13.8599 2.78033e+06 1 489.236 89.3328 5.47656 2 1 408.443 41.3952 9.86693 4 2 0.0144625 9.75069e-05 12.1788 2 
0.377851 -2.96966e-06 -1 0.53262 0.16088 0.000652601 13.883 2.78043e+06 3 52634.9 47.1233 10.3756 2 1 266.276 23.6312 11.268 4 2 0.0144252 8.82557e-05 12.7847 2 
0.378503 -2.98885e-06 -1 0.532725 0.161092 0.000652601 13.906 2.78054e+06 3 52725.6 199.576 6.41659 2 1 298.886 32.7742 9.11953 4 2 0.0136026 8.02283e-05 13.0211 2 
0.379156 -2.94389e-06 -1 0.53283 0.16131 0.000652601 13.9289 2.78067e+06 3 51571.1 46.4593 10.3541 2 1 370.78 33.1595 11.1817 4 2 0.0129318 7.91492e-05 12.7822 2 
0.379809 -2.92112e-06 -1 0.532936 0.161523 0.000652601 13.9519 2.78079e+06 3 53410.9 151.49 7.06451 2 1 605.234 45.3837 13.3359 4 2 0.0140339 8.06681e-05 13.1898 2 
0.380461 -2.91562e-06 -1 0.533041 0.161738 0.000652601 13.9753 2.78083e+06 3 58606.2 161.269 7.13616 2 1 266.646 28.9471 9.21147 4 2 0.0142701 8.15358e-05 13.2294 2 
0.381114 -2.92284e-06 -1 0.533147 0.161939 0.000652601 13.9984 2.78091e+06 3 58775 151.965 7.28589 2 1 269.782 28.18 9.57352 4 2 0.0144921 9.2014e-05 12.5499 2 
0.381766 -2.90492e-06 -1 0.533252 0.162156 0.000652601 14.0218 2.78094e+06 3 59200.2 112.279 8.07871 2 1 296.589 25.9397 11.4338 4 2 0.0140361 9.54012e-05 12.1296 2 
0.382419 -2.96016e-06 -1 0.533358 0.162365 0.000652601 14.0425 2.78153e+06 2 46210.1 167.896 16.5901 2 1 420.311 30.6757 13.7017 4 2 0.014624 9.31661e-05 12.5287 2 
0.383072 -2.99601e-06 -1 0.533464 0.162572 0.000652601 14.0657 2.78158e+06 3 58956.5 108.423 8.16213 2 1 407.578 40.0304 10.1817 4 2 0.0148615 8.82422e-05 12.9776 2 
0.383724 -2.94978e-06 -1 0.53357 0.162786 0.000652601 14.0929 2.78087e+06 3 59450.9 127.524 7.75393 2 1 558.495 42.8502 13.0336 4 2 0.014684 8.61218e-05 13.0577 2 
0.384377 -3.00512e-06 -1 0.533677 0.163009 0.000652601 14.116 2.78095e+06 3 58820.5 85.0248 8.84425 2 1 299.654 32.9312 9.09939 4 2 0.0138186 8.51967e-05 12.7356 2 
0.385029 -2.99752e-06 -1 0.533783 0.163207 0.000652601 14.1397 2.78094e+06 3 58070.9 152.522 7.24784 2 1 256.576 18.768 13.671 4 2 0.0138682 8.2083e-05 12.9982 2 
0.385682 -3.016e-06 -1 0.53389 0.163425 0.000652601 14.1626 2.78108e+06 3 57556.3 119.706 7.83415 2 1 418.521 29.76 14.0632 4 2 0.0145338 7.85051e-05 13.6063 2 
0.386335 -3.04624e-06 -1 0.533996 0.163656 0.000652601 14.1855 2.78119e+06 3 59135.1 151.733 7.30447 2 1 817.905 26.718 30.6125 4 2 0.0145105 8.21901e-05 13.2871 2 
0.386987 -2.93707e-06 -1 0.534103 0.163845 0.000652601 14.2108 2.78086e+06 4 52250 74.8801 5.13961 2 1 253.588 17.6267 14.3866 4 2 0.0147139 7.92829e-05 13.6231 2 
0.38764 -2.88865e-06 -1 0.53421 0.164077 0.000652601 14.2338 2.78096e+06 3 58170.3 231.795 6.30763 2 1 282.025 27.3895 10.2968 4 2 0.0144446 7.88537e-05 13.5345 2 
0.388292 -2.95856e-06 -1 0.534317 0.164276 0.000652601 14.2591 2.78063e+06 4 52532.3 63.9191 5.35425 2 1 361.954 62.9717 5.74788 4 2 0.0145948 8.03927e-05 13.4738 2 
0.388945 -2.96195e-06 -1 0.534424 0.164481 0.000652601 14.282 2.78076e+06 3 59131 145.771 7.40256 2 1 413.908 44.0509 9.39614 4 2 0.0137601 7.96237e-05 13.1459 2 
0.389598 -2.87754e-06 -1 0.534532 0.164703 0.000652601 14.309 2.78009e+06 3 57613.8 211.06 6.48695 2 1 289.075 25.5722 11.3043 4 2 0.0147441 7.92351e-05 13.6411 2 
0.39025 -2.90365e-06 -1 0.534639 0.16491 0.000652601 14.332 2.78021e+06 3 55912.7 75.8401 9.0338 2 1 432.705 72.6995 5.95197 4 2 0.0149257 7.7959e-05 13.8367 2 
0.390903 -3.02328e-06 -1 0.534747 0.165122 0.000652601 14.3549 2.78034e+06 3 56842.9 137.614 7.44739 2 1 441.767 43.6624 10.1178 4 2 0.0150062 7.83168e-05 13.8423 2 
0.391555 -3.11858e-06 -1 0.534855 0.165318 0.000652601 14.3777 2.78049e+06 3 57719.4 77.024 9.08305 2 1 297.421 48.2553 6.16349 4 2 0.0147857 7.70115e-05 13.8562 2 
0.392208 -3.1475e-06 -1 0.534963 0.165529 0.000652601 14.4007 2.78059e+06 3 56157.3 71.4259 9.22961 2 1 380.04 30.0682 12.6393 4 2 0.0141449 7.59535e-05 13.6467 2 
0.392861 -3.12149e-06 -1 0.535071 0.165734 0.000652601 14.4263 2.78021e+06 3 58494.5 157.292 7.19122 2 1 269.952 19.2553 14.0196 4 2 0.0147291 7.50498e-05 14.0092 2 
0.393513 -3.06826e-06 -1 0.535179 0.16595 0.000652601 14.4494 2.78029e+06 3 57413.7 146.819 7.3127 2 1 285.722 24.1696 11.8215 4 2 0.0147857 7.37062e-05 14.1635 2 
0.394166 -3.11656e-06 -1 0.535287 0.16615 0.000652601 14.4726 2.78036e+06 3 59311.8 139.964 7.51118 2 1 301.45 56.1727 5.36649 4 2 0.0147208 7.19319e-05 14.3056 2 
0.394818 -3.08818e-06 -1 0.535395 0.166364 0.000652601 14.4997 2.77968e+06 3 59975.4 105.415 8.28623 2 1 316.332 24.3328 13.0002 4 2 0.0148813 7.22767e-05 14.349 2 
0.395471 -3.00486e-06 -1 0.535504 0.166578 0.000652601 14.5226 2.77981e+06 3 57597.3 119.789 7.83421 2 1 425.494 32.6126 13.0469 4 2 0.0140186 7.93519e-05 13.2915 2 
0.396124 -2.95635e-06 -1 0.535612 0.166773 0.000652601 14.5455 2.77994e+06 3 56129.7 58.2206 9.87882 2 1 281.932 43.1672 6.53117 4 2 0.0140197 8.4323e-05 12.8943 2 
0.396776 -2.9507e-06 -1 0.535721 0.166986 0.000652601 14.5685 2.78007e+06 3 58209.2 124.169 7.7683 2 1 350.167 35.9161 9.74956 4 2 0.0142126 7.96234e-05 13.3603 2 
0.397429 -2.99036e-06 -1 0.53583 0.167182 0.000652601 14.5914 2.78019e+06 3 58322.3 137.479 7.5139 2 1 307.918 24.6477 12.4927 4 2 0.0147425 7.44915e-05 14.068 2 
0.398081 -3.04202e-06 -1 0.535939 0.167393 0.000652601 14.617 2.7798e+06 3 56761 155.003 7.15434 2 1 368.875 37.9676 9.71552 4 3 0.0150919 8.96985e-06 11.8938 2 
0.398734 -2.89832e-06 -1 0.536048 0.167598 0.000652601 14.6425 2.77943e+06 3 56405.2 144.02 7.31643 2 1 333.288 27.2943 12.2109 4 3 0.0142165 2.18589e-05 8.66406 2 
0.399387 -2.93658e-06 -1 0.536158 0.167807 0.000652601 14.6682 2.77903e+06 3 56331.9 133.596 7.49871 2 1 538.675 36.6919 14.681 4 3 0.0136801 5.68184e-05 6.22109 2 
0.400039 -2.96856e-06 -1 0.536267 0.168013 0.000652601 14.7004 2.7774e+06 3 60049.7 156.859 7.26107 2 1 276.308 18.2587 15.1329 4 4 0.0147014 1.85265e-05 5.30751 2 
0.400692 -3.01673e-06 -1 0.536377 0.168232 0.000652601 14.7265 2.77693e+06 3 59325.3 125.916 7.78132 2 1 275.626 17.8693 15.4245 4 3 0.0154377 9.9089e-05 5.38087 2 
0.401344 -3.10466e-06 -1 0.536487 0.168419 0.000652601 14.7501 2.77693e+06 2 50687.7 187.866 16.4258 2 1 314.626 26.2737 11.975 4 3 0.0145891 9.17925e-05 5.41678 2 
0.401997 -3.17313e-06 -1 0.536596 0.16864 0.000652601 14.7755 2.7766e+06 3 53250.2 95.5729 8.22865 2 1 537.679 30.3922 17.6913 4 3 0.0147271 8.4545e-05 5.58482 2 
0.40265 -3.17711e-06 -1 0.536707 0.168835 0.000652601 14.8011 2.77622e+06 3 60722.2 171.555 7.07372 2 1 434.488 38.5351 11.2751 4 3 0.0155421 7.84591e-05 5.82938 2 
0.403302 -3.17229e-06 -1 0.536817 0.169036 0.000652601 14.8267 2.77585e+06 3 45178.2 85.7008 8.0782 2 1 420.805 22.0682 19.0684 4 3 0.0150546 6.57784e-05 6.11686 2 
0.403955 -3.20127e-06 -1 0.536927 0.169241 0.000652601 14.8523 2.77547e+06 3 53198.2 89.5211 8.40731 2 1 350.77 16.3574 21.4441 4 3 0.0145366 6.1011e-05 6.19942 2 
0.404607 -3.22786e-06 -1 0.537038 0.169445 0.000652601 14.878 2.77509e+06 3 53485.4 170.767 6.79116 2 1 299.922 21.7089 13.8156 4 3 0.014218 5.50241e-05 6.36935 2 
0.40526 -3.2915e-06 -1 0.537148 0.169654 0.000652601 14.9076 2.77396e+06 3 59128 136.821 7.56044 2 1 403.618 19.425 20.7782 4 3 0.0150212 5.23346e-05 6.59637 2 
0.405913 -3.31314e-06 -1 0.537259 0.16985 0.000652601 14.9333 2.77358e+06 3 56882.1 72.5599 9.22061 2 1 365.207 47.2721 7.72563 4 3 0.0153064 5.22739e-05 6.64043 2 
0.406565 -3.36224e-06 -1 0.53737 0.170054 0.000652601 14.9588 2.77323e+06 3 55860.4 150.387 7.18839 2 1 1046.81 32.9416 31.7778 4 3 0.0152102 4.87909e-05 6.78055 2 
0.407218 -3.29469e-06 -1 0.537481 0.170226 0.000652601 14.9882 2.77216e+06 3 55743.3 96.8151 8.31923 2 1 378.548 18.3777 20.5982 4 3 0.0150923 4.32434e-05 7.04064 2 
0.40787 -3.23724e-06 -1 0.537592 0.170451 0.000652601 15.0143 2.77171e+06 3 57351.2 160.082 7.10231 2 1 318.675 19.0856 16.6972 4 3 0.0153495 3.87857e-05 7.34189 2 
0.408523 -3.2404e-06 -1 0.537703 0.170653 0.000652601 15.0398 2.77137e+06 3 60982 133.198 7.70729 2 1 326.883 16.9344 19.3029 4 3 0.0144737 3.71085e-05 7.30637 2 
0.409176 -3.1942e-06 -1 0.537815 0.170868 0.000652601 15.0658 2.77095e+06 3 59053.9 103.075 8.30548 2 1 294.926 23.1251 12.7535 4 3 0.01535 3.58814e-05 7.53494 2 
0.409828 -3.2586e-06 -1 0.537926 0.171058 0.000652601 15.0955 2.76983e+06 3 50232.3 59.7265 9.43927 2 1 1030.58 29.4082 35.0439 4 3 0.014764 3.54645e-05 7.46683 2 
0.410481 -3.28897e-06 -1 0.538038 0.171281 0.000652601 15.1211 2.76948e+06 3 55779.9 114.218 7.87494 2 1 436.553 28.5681 15.2811 4 3 0.0153287 3.54159e-05 7.56431 2 
0.411133 -3.35563e-06 -1 0.53815 0.171466 0.000652601 15.1466 2.76914e+06 3 58151.7 78.8672 9.03418 2 1 305.597 31.3373 9.75185 4 3 0.0149908 3.51381e-05 7.52804 2 
0.411786 -3.3974e-06 -1 0.538261 0.171656 0.000652601 15.1723 2.76877e+06 3 53716.9 106.101 7.9701 2 1 336.525 26.8415 12.5375 4 3 0.0154035 3.32054e-05 7.74112 2 
0.412439 -3.41415e-06 -1 0.538374 0.171866 0.000652601 15.1979 2.76842e+06 3 60748.7 87.1487 8.86663 2 1 408.859 21.4491 19.0618 4 3 0.0152739 2.90408e-05 8.07199 2 
0.413091 -3.34732e-06 -1 0.538486 0.172067 0.000652601 15.2235 2.76806e+06 3 60141.8 162.04 7.18651 2 1 346.485 23.0648 15.0222 4 3 0.0150751 2.57991e-05 8.36023 2 
0.413744 -3.33885e-06 -1 0.538598 0.172272 0.000652601 15.2491 2.76773e+06 3 56202.8 151.161 7.19073 2 1 334.07 24.2465 13.778 4 3 0.0156511 2.4112e-05 8.65839 2 
0.414396 -3.27331e-06 -1 0.53871 0.172477 0.000652601 15.2748 2.76735e+06 3 60149.2 214.471 6.54566 2 1 339.85 19.7267 17.2279 4 3 0.0152632 2.29354e-05 8.73064 2 
0.415049 -3.17364e-06 -1 0.538823 0.172672 0.000652601 15.3071 2.76579e+06 4 59000.6 47.7482 5.92891 2 1 471.667 40.6096 11.6147 4 3 0.0135941 2.45746e-05 8.20896 2 
0.415702 -3.12934e-06 -1 0.538935 0.172858 0.000652601 15.3328 2.76543e+06 3 57622 143.743 7.37339 2 1 678.665 51.7384 13.1172 4 3 0.0143756 2.39894e-05 8.4308 2 
0.416354 -2.98986e-06 -1 0.539048 0.173057 0.000652601 15.3586 2.76505e+06 3 57424.5 143.145 7.37519 2 1 385.508 36.374 10.5985 4 3 0.0150929 2.35256e-05 8.6247 2 
0.417007 -2.99499e-06 -1 0.539161 0.173258 0.000652601 15.3842 2.76471e+06 3 52780.3 106.858 7.90475 2 1 361.024 38.7524 9.31617 4 3 0.015602 2.35781e-05 8.71413 2 
0.417659 -2.97105e-06 -1 0.539274 0.173442 0.000652601 15.4116 2.76404e+06 3 58595.4 161.806 7.12781 2 1 307.31 29.9263 10.2689 4 3 0.0152201 2.38104e-05 8.61424 2 
0.418312 -2.87979e-06 -1 0.539387 0.173661 0.000652601 15.4374 2.76368e+06 3 58500.2 87.8541 8.73236 2 1 327.291 25.3818 12.8947 4 3 0.014205 2.33738e-05 8.4704 2 
0.418965 -2.92091e-06 -1 0.539501 0.17386 0.000652601 15.4628 2.76338e+06 3 56296 111.41 7.96497 2 1 381.218 38.7749 9.83157 4 3 0.0149368 2.22053e-05 8.76195 2 
0.419617 -2.87496e-06 -1 0.539614 0.174049 0.000652601 15.4837 2.76388e+06 1 391.634 86.9168 4.50584 2 1 265.989 33.8389 7.86045 4 3 0.016031 2.00019e-05 9.28887 2 
0.42027 -2.88949e-06 -1 0.539728 0.174245 0.000652601 15.5134 2.76281e+06 3 55583.1 155.181 7.10179 2 1 343.681 58.8026 5.84465 4 3 0.0147867 1.76237e-05 9.43173 2 
0.420922 -2.88675e-06 -1 0.539841 0.174453 0.000652601 15.539 2.76248e+06 3 57336.3 149.818 7.26031 2 1 458.799 32.4625 14.1332 4 3 0.0146545 1.54473e-05 9.82592 2 
0.421575 -2.8331e-06 -1 0.539955 0.174645 0.000652601 15.5645 2.76215e+06 3 58543.6 171.748 6.98547 2 1 353.392 25.5499 13.8314 4 3 0.0157172 1.45213e-05 10.2673 2 
0.422228 -2.7893e-06 -1 0.540069 0.174835 0.000652601 15.5901 2.76183e+06 3 53409 126.111 7.50966 2 1 575.024 37.7998 15.2123 4 3 0.0157443 1.47914e-05 10.2103 2 
0.42288 -2.77467e-06 -1 0.540183 0.175039 0.000652601 15.6166 2.76133e+06 3 60504.6 175.72 7.009 2 1 334.163 36.4003 9.18022 4 3 0.0145831 1.61531e-05 9.6649 2 
0.423533 -2.76927e-06 -1 0.540297 0.175236 0.000652601 15.6422 2.76101e+06 3 51862.1 187.574 6.51467 2 1 1101.02 24.5429 44.8609 4 3 0.0150129 1.61217e-05 9.76527 2 
0.424185 -2.7499e-06 -1 0.540412 0.175417 0.000652601 15.6678 2.76068e+06 3 57301.3 91.2457 8.56349 2 1 279.601 37.1994 7.51627 4 3 0.0155771 1.46773e-05 10.2003 2 
0.424838 -2.72024e-06 -1 0.540526 0.175626 0.000652601 15.6968 2.75975e+06 3 58846.4 138.591 7.51615 2 1 589.293 82.6118 7.13328 4 3 0.0148673 1.51698e-05 9.93309 2 
0.425491 -2.69114e-06 -1 0.540641 0.17584 0.000652601 15.7225 2.75942e+06 3 61023.7 122.344 7.93059 2 1 295.797 30.2118 9.79075 4 3 0.0157314 1.46251e-05 10.2461 2 
0.426143 -2.74462e-06 -1 0.540756 0.176011 0.000652601 15.748 2.7591e+06 3 53731.6 86.6456 8.52762 2 1 299.779 24.101 12.4385 4 3 0.0156199 1.49551e-05 10.146 2 
0.426796 -2.85081e-06 -1 0.54087 0.176206 0.000652601 15.7735 2.75879e+06 3 54996.7 106.366 8.02622 2 1 315.271 29.5937 10.6533 4 3 0.0153202 1.48052e-05 10.1146 2 
0.427448 -2.88735e-06 -1 0.540985 0.176396 0.000652601 15.7968 2.75888e+06 2 46964.9 177.697 16.2572 2 1 328.714 36.1803 9.08543 4 3 0.0157793 1.4912e-05 10.1902 2 
0.428101 -2.91701e-06 -1 0.541101 0.176593 0.000652601 15.8223 2.75857e+06 3 56726.4 151.012 7.21536 2 1 567.182 33.9425 16.7101 4 3 0.0153403 1.34862e-05 10.4387 2 
0.428754 -2.96044e-06 -1 0.541216 0.176787 0.000652601 15.8479 2.75826e+06 3 58541.7 77.0024 9.12684 2 1 482.496 46.5631 10.3622 4 3 0.0156323 1.12479e-05 11.1596 2 
0.429406 -2.97653e-06 -1 0.541331 0.176982 0.000652601 15.8712 2.75834e+06 3 57007.5 150.252 7.23943 2 1 507.002 35.483 14.2886 4 2 0.0155561 8.92084e-05 13.2053 2 
0.430059 -3.0298e-06 -1 0.541447 0.177168 0.000652601 15.8984 2.75773e+06 3 60957.9 131.407 7.74112 2 1 357.92 42.7981 8.36298 4 2 0.0154991 7.83458e-05 14.0652 2 
0.430711 -3.00979e-06 -1 0.541562 0.177356 0.000652601 15.9215 2.75785e+06 3 55982.8 97.8578 8.30143 2 1 327.513 23.4324 13.977 4 2 0.0155471 8.70858e-05 13.3614 2 
0.431364 -2.98153e-06 -1 0.541678 0.177555 0.000652601 15.9472 2.75752e+06 3 55854.5 144.777 7.2798 2 1 334.581 20.4087 16.394 4 3 0.015689 9.10549e-06 11.9885 2 
0.432017 -2.98066e-06 -1 0.541794 0.177761 0.000652601 15.9727 2.75721e+06 3 56675.9 86.7062 8.6786 2 1 343.072 15.7278 21.8131 4 3 0.0154384 1.00084e-05 11.5544 2 
0.432669 -3.05009e-06 -1 0.54191 0.177942 0.000652601 15.9984 2.75689e+06 3 59307.2 58.2531 10.06 2 1 366.529 29.5066 12.422 4 3 0.0154272 1.05621e-05 11.3461 2 
0.433322 -3.07159e-06 -1 0.542026 0.178132 0.000652601 16.0241 2.75655e+06 3 53661.5 134.66 7.35881 2 1 335.326 41.6296 8.05499 4 3 0.0141769 9.9527e-06 11.2516 2 
0.433974 -3.05301e-06 -1 0.542142 0.178332 0.000652601 16.0497 2.75624e+06 3 60204.5 133.236 7.67365 2 1 310.639 30.1635 10.2985 4 3 0.0144967 9.61533e-06 11.4666 2 
0.434627 -3.06064e-06 -1 0.542259 0.178514 0.000652601 16.0753 2.75592e+06 3 59758.6 83.8913 8.93089 2 1 389.91 26.494 14.7169 4 3 0.0155247 9.74365e-06 11.6798 2 
0.43528 -3.03582e-06 -1 0.542375 0.178714 0.000652601 16.1024 2.75536e+06 3 60644.5 155.484 7.30638 2 1 314.466 33.8197 9.2983 4 2 0.0159915 9.97353e-05 12.6625 2 
0.435932 -3.11046e-06 -1 0.542492 0.178894 0.000652601 16.1253 2.75551e+06 3 59068.5 109.482 8.14088 2 1 351 21.9253 16.0089 4 2 0.0157148 9.59294e-05 12.7991 2 
0.436585 -3.18517e-06 -1 0.542609 0.179081 0.000652601 16.1442 2.75634e+06 1 446.836 69.9371 6.38911 2 1 351.431 19.1934 18.31 4 2 0.014891 9.78207e-05 12.3381 2 
0.437237 -3.20049e-06 -1 0.542725 0.179282 0.000652601 16.1672 2.75648e+06 3 56504.9 132.944 7.51864 2 1 275.075 17.0201 16.1618 4 2 0.0157191 9.88359e-05 12.6112 2 
0.43789 -3.30375e-06 -1 0.542842 0.179464 0.000652601 16.1902 2.75661e+06 3 59953.4 98.7865 8.46653 2 1 368.043 46.9562 7.83801 4 2 0.0162052 8.77945e-05 13.5861 2 
0.438543 -3.35978e-06 -1 0.542959 0.179667 0.000652601 16.2132 2.75674e+06 3 60033.7 124.522 7.84121 2 1 356.135 24.7287 14.4017 4 2 0.0147563 7.14287e-05 14.3732 2 
0.439195 -3.4059e-06 -1 0.543077 0.179843 0.000652601 16.2362 2.75687e+06 3 57174.7 124.797 7.70903 2 1 387.384 23.5244 16.4673 4 2 0.0150935 6.84815e-05 14.846 2 
0.439848 -3.36092e-06 -1 0.543194 0.180028 0.000652601 16.2591 2.75702e+06 3 58532.7 80.904 8.97724 2 1 427.319 27.2172 15.7003 4 2 0.016066 6.87395e-05 15.288 2 
0.4405 -3.38794e-06 -1 0.543312 0.180237 0.000652601 16.282 2.75717e+06 3 58748.2 122.66 7.82404 2 1 354.622 31.9337 11.105 4 2 0.0156506 7.41023e-05 14.5328 2 
0.441153 -3.45246e-06 -1 0.543429 0.180417 0.000652601 16.309 2.75662e+06 3 61590.3 153.5 7.37567 2 1 396.759 17.622 22.5149 4 2 0.0150359 7.52556e-05 14.135 2 
0.441806 -3.57277e-06 -1 0.543547 0.180605 0.000652601 16.332 2.75675e+06 3 56299.3 133.707 7.49519 2 1 605.138 32.4024 18.6757 4 2 0.0159994 7.84679e-05 14.2793 2 
0.442458 -3.7013e-06 -1 0.543665 0.180785 0.000652601 16.355 2.75688e+06 3 55878.8 141.394 7.33847 2 1 356.459 35.3644 10.0796 4 2 0.0157047 7.86732e-05 14.1287 2 
0.443111 -3.70628e-06 -1 0.543783 0.180968 0.000652601 16.3779 2.75703e+06 3 55962.1 149.329 7.20969 2 1 384.692 35.9128 10.7119 4 2 0.0153757 8.77855e-05 13.2344 2 
0.443763 -3.68947e-06 -1 0.543901 0.181167 0.000652601 16.406 2.7563e+06 3 51853.2 105.084 7.90218 2 1 397.57 32.3029 12.3076 4 2 0.0160639 8.66477e-05 13.6159 2 
0.444416 -3.64565e-06 -1 0.544019 0.181347 0.000652601 16.431 2.75609e+06 3 61032 112.619 8.15296 2 1 348.057 19.4539 17.8914 4 2 0.0152162 7.81795e-05 13.951 2 
0.445069 -3.66213e-06 -1 0.544138 0.18154 0.000652601 16.4542 2.75619e+06 3 56064.1 88.4669 8.5895 2 1 360.018 22.746 15.8278 4 2 0.0160018 7.72074e-05 14.3964 2 
0.445721 -3.65104e-06 -1 0.544256 0.181732 0.000652601 16.4773 2.7563e+06 3 57394.3 162.867 7.06337 2 1 332.087 26.6143 12.4778 4 2 0.0157534 8.09916e-05 13.9465 2 
0.446374 -3.63648e-06 -1 0.544375 0.18191 0.000652601 16.5003 2.75644e+06 3 57769.3 46.9085 10.7189 2 1 346.48 28.1174 12.3226 4 2 0.0160529 8.03096e-05 14.1382 2 
0.447026 -3.66671e-06 -1 0.544493 0.182094 0.000652601 16.5234 2.75655e+06 3 55239.6 108.278 7.99042 2 1 387.618 27.4553 14.1181 4 2 0.0157678 7.8478e-05 14.1746 2 
0.447679 -3.65773e-06 -1 0.544612 0.182283 0.000652601 16.5464 2.75668e+06 3 54331.2 31.6382 11.9751 2 1 337.689 27.5677 12.2494 4 2 0.0159798 9.02265e-05 13.3082 2 
0.448332 -3.66733e-06 -1 0.544731 0.182478 0.000652601 16.5721 2.75636e+06 3 58092.4 149.898 7.29078 2 1 410.985 30.6697 13.4003 4 3 0.0159534 1.85024e-05 9.51792 2 
0.448984 -3.82701e-06 -1 0.54485 0.182643 0.000652601 16.5979 2.75602e+06 3 55692.1 161.316 7.01517 2 1 387.972 37.8248 10.2571 4 3 0.0158015 5.30683e-05 6.6776 2 
0.449637 -3.93149e-06 -1 0.544969 0.182833 0.000652601 16.6235 2.75572e+06 3 56104.6 59.6739 9.79651 2 1 683.765 32.9432 20.7559 4 3 0.0159604 9.45958e-05 5.52575 2 
0.450289 -3.96026e-06 -1 0.545088 0.183022 0.000652601 16.6491 2.75542e+06 3 61042.8 88.3297 8.84116 2 1 361.34 44.396 8.139 4 3 0.0160306 9.03714e-05 5.61875 2 
0.450942 -3.9226e-06 -1 0.545208 0.183204 0.000652601 16.6755 2.75498e+06 3 59421 125.237 7.79954 2 1 367.054 50.6157 7.25178 4 3 0.0143127 8.18487e-05 5.59204 2 
0.451595 -3.79266e-06 -1 0.545327 0.183387 0.000652601 16.7053 2.754e+06 3 54635.2 137.663 7.34883 2 1 374.673 42.3608 8.8448 4 3 0.0150417 7.50108e-05 5.85317 2 
0.452247 -3.78099e-06 -1 0.545447 0.183574 0.000652601 16.731 2.75369e+06 3 52300.3 114.108 7.71016 2 1 512.587 44.5788 11.4985 4 3 0.0158901 6.70211e-05 6.18926 2 
0.4529 -3.77851e-06 -1 0.545567 0.183753 0.000652601 16.7567 2.75336e+06 3 57477.9 106.94 8.13057 2 1 316.067 31.0198 10.1892 4 3 0.0161828 5.94531e-05 6.48076 2 
0.453552 -3.76773e-06 -1 0.545687 0.183937 0.000652601 16.7823 2.75306e+06 3 52602 113.407 7.74082 2 1 376.121 35.7952 10.5076 4 3 0.0161159 5.30566e-05 6.7221 2 
0.454205 -3.73099e-06 -1 0.545807 0.184121 0.000652601 16.8106 2.75234e+06 3 53971.3 86.012 8.5612 2 1 325.165 35.2093 9.23521 4 3 0.0156428 4.90914e-05 6.83025 2 
0.454858 -3.69957e-06 -1 0.545927 0.184321 0.000652601 16.8362 2.75204e+06 3 56254 146.481 7.26872 2 1 297.687 24.7187 12.043 4 3 0.0161023 4.95227e-05 6.8764 2 
0.45551 -3.76707e-06 -1 0.546047 0.1845 0.000652601 16.8618 2.75175e+06 3 59053.4 151.4 7.30645 2 1 332.051 38.7155 8.5767 4 3 0.0159605 4.70451e-05 6.97446 2 
0.456163 -3.66064e-06 -1 0.546167 0.18466 0.000652601 16.8875 2.75145e+06 3 62703.8 92.6682 8.77919 2 1 359.538 32.6579 11.0092 4 3 0.0152452 4.14232e-05 7.16632 2 
0.456815 -3.68879e-06 -1 0.546288 0.184838 0.000652601 16.913 2.75117e+06 3 62222.2 156.182 7.35819 2 1 519.627 43.6906 11.8933 4 3 0.0159685 3.63374e-05 7.60274 2 
0.457468 -3.63374e-06 -1 0.546409 0.185027 0.000652601 16.9387 2.75086e+06 3 34656.5 81.3454 7.52461 2 1 377.873 31.8199 11.8754 4 3 0.0165188 3.45784e-05 7.81731 2 
0.458121 -3.63096e-06 -1 0.546529 0.185212 0.000652601 16.9649 2.75049e+06 3 56794.9 71.928 9.2428 2 1 332.871 32.9811 10.0928 4 3 0.0158462 3.38119e-05 7.76757 2 
0.458773 -3.66537e-06 -1 0.54665 0.185391 0.000652601 16.9946 2.74952e+06 3 61139.4 134.384 7.69115 2 1 331.492 35.0027 9.47045 4 3 0.0160663 3.31486e-05 7.85508 2 
0.459426 -3.68167e-06 -1 0.546771 0.18557 0.000652601 17.0205 2.74919e+06 3 55370.8 187.436 6.66002 2 1 346.916 36.4985 9.50493 4 3 0.0163842 3.35506e-05 7.87484 2 
0.460078 -3.58578e-06 -1 0.546892 0.185754 0.000652601 17.0464 2.74887e+06 3 55926.1 206.426 6.47068 2 1 499.758 40.572 12.3178 4 3 0.0154817 3.28912e-05 7.7788 2 
0.460731 -3.56522e-06 -1 0.547014 0.185926 0.000652601 17.0722 2.74856e+06 3 61903.9 98.0418 8.57898 2 1 708.503 50.1328 14.1325 4 3 0.0165865 3.06942e-05 8.14515 2 
0.461384 -3.48864e-06 -1 0.547135 0.186101 0.000652601 17.098 2.74823e+06 3 60070.1 151.603 7.34486 2 1 364.41 25.4521 14.3175 4 3 0.0157947 3.07871e-05 8.00535 2 
0.462036 -3.45942e-06 -1 0.547257 0.186292 0.000652601 17.1237 2.74793e+06 3 58625.7 95.0974 8.51085 2 1 426.075 37.0238 11.5081 4 3 0.016356 3.10222e-05 8.07858 2 
0.462689 -3.45006e-06 -1 0.547378 0.186473 0.000652601 17.1494 2.74764e+06 3 55674.6 161.674 7.00927 2 1 381.175 31.0331 12.2828 4 3 0.0160184 3.12142e-05 8.00613 2 
0.463341 -3.44343e-06 -1 0.5475 0.186644 0.000652601 17.1751 2.74735e+06 3 61021.6 133.208 7.70876 2 1 402.413 23.8043 16.9051 4 3 0.0163943 3.17695e-05 8.02098 2 
0.463994 -3.40327e-06 -1 0.547622 0.186832 0.000652601 17.2048 2.74641e+06 3 57903.5 154.842 7.20453 2 1 839.203 31.1724 26.9213 4 3 0.0163746 3.55449e-05 7.72321 2 
0.464647 -3.47839e-06 -1 0.547744 0.186995 0.000652601 17.2316 2.74595e+06 3 59492.7 107.665 8.20598 2 1 761.79 38.1794 19.9529 4 3 0.0158308 3.05008e-05 8.03644 2 
0.465299 -3.55495e-06 -1 0.547866 0.187179 0.000652601 17.2573 2.74565e+06 3 53525.2 122.178 7.59489 2 1 422.059 27.3761 15.417 4 3 0.0160793 3.26045e-05 7.90066 2 
0.465952 -3.56333e-06 -1 0.547988 0.187364 0.000652601 17.2786 2.74606e+06 1 522.108 77.6384 6.72487 2 1 385.561 23.4731 16.4257 4 3 0.0162267 3.31569e-05 7.88047 2 
0.466604 -3.5329e-06 -1 0.54811 0.18754 0.000652601 17.3044 2.74576e+06 3 61855.9 134.935 7.71056 2 1 476.107 30.3623 15.6809 4 3 0.0160847 3.36455e-05 7.8192 2 
0.467257 -3.54297e-06 -1 0.548232 0.187717 0.000652601 17.3301 2.74546e+06 3 57767.4 141.327 7.42139 2 1 394.526 44.5725 8.85133 4 3 0.0160596 3.47264e-05 7.73319 2 
0.46791 -3.56566e-06 -1 0.548355 0.187884 0.000652601 17.3559 2.74516e+06 3 58208.3 113.473 8.00505 2 1 351.892 50.5895 6.95583 4 3 0.0152177 3.50863e-05 7.56955 2 
0.468562 -3.53896e-06 -1 0.548477 0.188056 0.000652601 17.3817 2.74486e+06 3 56633.8 157.525 7.11065 2 1 539.928 35.777 15.0915 4 3 0.0153487 3.53396e-05 7.57303 2 
0.469215 -3.58292e-06 -1 0.5486 0.188235 0.000652601 17.4078 2.7445e+06 3 62038.1 127.493 7.86546 2 1 370.059 39.3616 9.40153 4 3 0.0163501 3.43406e-05 7.80856 2 
0.469867 -3.55361e-06 -1 0.548723 0.18842 0.000652601 17.4356 2.74388e+06 3 53225.7 41.6023 10.856 2 1 838.79 26.4065 31.7645 4 3 0.0162015 3.52477e-05 7.71746 2 
0.47052 -3.56975e-06 -1 0.548846 0.188602 0.000652601 17.4612 2.74361e+06 3 55367.8 93.2115 8.40613 2 1 379.937 30.3343 12.525 4 3 0.0164029 3.42349e-05 7.82499 2 
0.471173 -3.61784e-06 -1 0.548969 0.188777 0.000652601 17.4873 2.74326e+06 3 58233.4 141.521 7.4379 2 1 411.787 37.1939 11.0714 4 3 0.0162629 3.37835e-05 7.83727 2 
0.471825 -3.67448e-06 -1 0.549092 0.188946 0.000652601 17.5133 2.74293e+06 3 56811.4 173.42 6.89358 2 1 433.254 27.6904 15.6464 4 3 0.0162438 3.3595e-05 7.84881 2 
0.472478 -3.67286e-06 -1 0.549215 0.189111 0.000652601 17.539 2.74266e+06 3 61645.9 142.921 7.5556 2 1 322.465 31.1012 10.3682 4 3 0.0154193 3.29742e-05 7.76182 2 
0.47313 -3.70879e-06 -1 0.549339 0.189289 0.000652601 17.5648 2.74236e+06 3 58192.2 132.791 7.59565 2 1 436.506 41.9857 10.3966 4 3 0.0157604 3.34506e-05 7.78134 2 
0.473783 -3.71053e-06 -1 0.549462 0.18947 0.000652601 17.5905 2.74208e+06 3 51523.9 90.3535 8.29255 2 1 433.516 34.9536 12.4026 4 3 0.016607 3.40757e-05 7.86954 2 
0.474436 -3.71261e-06 -1 0.549586 0.189634 0.000652601 17.6163 2.74178e+06 3 61631.7 234.47 6.40578 2 1 583.306 40.4612 14.4164 4 3 0.0161477 3.52297e-05 7.71023 2 
0.475088 -3.75189e-06 -1 0.549709 0.189812 0.000652601 17.6419 2.74151e+06 3 53098.2 118.828 7.64516 2 1 401.229 36.1323 11.1044 4 3 0.0161947 3.30469e-05 7.88401 2 
0.475741 -3.69311e-06 -1 0.549833 0.189992 0.000652601 17.6677 2.74122e+06 3 58208.3 159.661 7.14378 2 1 535.342 48.0227 11.1477 4 3 0.0165267 3.35233e-05 7.89974 2 
0.476393 -3.6349e-06 -1 0.549957 0.190159 0.000652601 17.6935 2.74093e+06 3 48077.2 48.8676 9.94579 2 1 472.198 21.5363 21.9257 4 3 0.0154697 3.3775e-05 7.70837 2 
0.477046 -3.64985e-06 -1 0.550082 0.190331 0.000652601 17.7192 2.74065e+06 3 62157.4 103.906 8.42591 2 1 550.57 41.9827 13.1142 4 3 0.0166378 3.35008e-05 7.91918 2 
0.477699 -3.73464e-06 -1 0.550206 0.190503 0.000652601 17.745 2.74036e+06 3 57190 122.084 7.7664 2 1 390.247 23.2233 16.8041 4 3 0.0166683 3.34096e-05 7.93122 2 
0.478351 -3.74323e-06 -1 0.55033 0.190691 0.000652601 17.7715 2.73997e+06 3 56404.3 160.615 7.05519 2 1 412.969 23.0363 17.9269 4 3 0.0166061 3.32127e-05 7.93696 2 
0.479004 -3.78115e-06 -1 0.550455 0.190842 0.000652601 17.7975 2.73965e+06 3 55073.7 110.739 7.92284 2 1 450.184 23.9574 18.791 4 3 0.015948 3.32159e-05 7.83045 2 
0.479656 -3.75907e-06 -1 0.550579 0.191014 0.000652601 17.8233 2.73936e+06 3 50674.4 44.0226 10.4802 2 1 526.891 41.0059 12.8492 4 3 0.0165401 3.3314e-05 7.91839 2 
0.480309 -3.74246e-06 -1 0.550704 0.191182 0.000652601 17.8492 2.73905e+06 3 50484 64.8772 9.19787 2 1 419.276 23.2537 18.0305 4 3 0.0163359 3.32339e-05 7.89201 2 
0.480962 -3.77278e-06 -1 0.550829 0.191355 0.000652601 17.8751 2.73875e+06 3 60948 145.632 7.47998 2 1 450.296 27.5251 16.3595 4 3 0.0163268 3.29208e-05 7.91548 2 
0.481614 -3.70624e-06 -1 0.550953 0.191511 0.000652601 17.9049 2.73784e+06 3 56615.1 138.669 7.41852 2 1 554.208 49.0615 11.2962 4 3 0.0166747 3.24451e-05 8.01007 2 
0.482267 -3.6858e-06 -1 0.551078 0.191696 0.000652601 17.9308 2.73755e+06 3 63066.5 114.967 8.18607 2 1 580.937 64.6974 8.97929 4 3 0.0155253 3.18249e-05 7.8721 2 
0.482919 -3.79687e-06 -1 0.551204 0.191874 0.000652601 17.9566 2.73726e+06 3 58519.9 156.622 7.2025 2 1 429.093 62.636 6.85058 4 3 0.0162244 3.01935e-05 8.12989 2 
0.483572 -3.70691e-06 -1 0.551329 0.192037 0.000652601 17.9823 2.737e+06 3 55590 156.136 7.08757 2 1 433.941 45.6207 9.51194 4 3 0.0171521 3.09568e-05 8.21335 2 
0.484225 -3.66246e-06 -1 0.551454 0.192198 0.000652601 18.0106 2.73634e+06 3 60228.9 100.969 8.41793 2 1 555.915 75.9884 7.31579 4 3 0.015537 3.02014e-05 8.01272 2 
0.484877 -3.6423e-06 -1 0.551579 0.192377 0.000652601 18.039 2.73566e+06 4 54812.9 61.6321 5.46096 2 1 426.257 42.3316 10.0695 4 3 0.0158295 3.1322e-05 7.96538 2 
0.48553 -3.65767e-06 -1 0.551705 0.19256 0.000652601 18.0656 2.73526e+06 3 60541.7 171.12 7.07269 2 1 533.505 90.4403 5.89898 4 3 0.016345 2.87108e-05 8.28794 2 
0.486182 -3.66104e-06 -1 0.551831 0.192725 0.000652601 18.0926 2.7348e+06 3 61582 219.236 6.54908 2 1 345.523 49.9616 6.91576 4 3 0.0165657 2.97553e-05 8.2265 2 
0.486835 -3.72096e-06 -1 0.551956 0.192893 0.000652601 18.1185 2.7345e+06 3 63012.1 176.777 7.09032 2 1 533.22 79.3723 6.71796 4 3 0.0157287 2.97145e-05 8.08925 2 
0.487488 -3.7495e-06 -1 0.552082 0.193045 0.000652601 18.142 2.73458e+06 2 46557 108.532 20.7116 2 1 445.367 40.9881 10.8658 4 3 0.0164949 2.91193e-05 8.27414 2 
0.48814 -3.85503e-06 -1 0.552208 0.193233 0.000652601 18.1678 2.73431e+06 3 62888.3 144.065 7.58585 2 1 636.697 122.828 5.18366 4 3 0.016734 2.88746e-05 8.33734 2 
0.488793 -3.82544e-06 -1 0.552334 0.193378 0.000652601 18.1959 2.73368e+06 4 59483.1 94.5956 5.00761 2 1 374.102 47.0098 7.95795 4 3 0.0159395 2.84276e-05 8.24603 2 
0.489445 -3.81191e-06 -1 0.55246 0.193548 0.000652601 18.2217 2.7334e+06 3 58068.1 214.855 6.46543 2 1 523.435 61.0622 8.57215 4 3 0.0163433 2.81e-05 8.34727 2 
0.490098 -3.81716e-06 -1 0.552587 0.193718 0.000652601 18.2499 2.73278e+06 4 57016.1 171.321 4.27117 2 1 409.882 30.6458 13.3748 4 3 0.0172268 2.88738e-05 8.41848 2 
0.490751 -3.80981e-06 -1 0.552713 0.193888 0.000652601 18.2757 2.7325e+06 3 54428.8 152.707 7.09017 2 1 479.169 80.7216 5.93607 4 3 0.016697 2.92397e-05 8.29638 2 
0.491403 -3.80763e-06 -1 0.55284 0.194048 0.000652601 18.3015 2.73224e+06 3 53659 84.045 8.6108 2 1 608.746 64.2701 9.47168 4 3 0.0166699 2.95636e-05 8.26149 2 
0.492056 -3.77651e-06 -1 0.552966 0.194214 0.000652601 18.3279 2.73187e+06 3 49677.5 49.6408 10.0025 2 1 359.407 38.2634 9.39296 4 3 0.0164114 2.9978e-05 8.18053 2 
0.492708 -3.77364e-06 -1 0.553093 0.194373 0.000652601 18.3538 2.73159e+06 3 56885.4 83.3293 8.8051 2 1 448.27 30.444 14.7244 4 3 0.0163015 3.04187e-05 8.12261 2 
0.493361 -3.86352e-06 -1 0.55322 0.194537 0.000652601 18.3796 2.73132e+06 3 58587.9 102.179 8.30772 2 1 375.167 54.2142 6.92008 4 3 0.0167176 3.08093e-05 8.15638 2 
0.494014 -3.91286e-06 -1 0.553347 0.194707 0.000652601 18.4085 2.73059e+06 3 59466.6 91.4837 8.6625 2 1 505.894 32.3631 15.6318 4 3 0.0166251 3.08261e-05 8.13982 2 
0.494666 -3.87994e-06 -1 0.553474 0.194862 0.000652601 18.4364 2.73001e+06 3 58789 156.839 7.2102 2 1 384.067 40.6259 9.45374 4 3 0.0164354 3.07597e-05 8.11458 2 
0.495319 -3.92863e-06 -1 0.553601 0.195031 0.000652601 18.4623 2.72973e+06 3 53730.8 152.94 7.05614 2 1 405.271 36.7808 11.0186 4 3 0.0166846 3.00081e-05 8.22291 2 
0.495971 -3.92982e-06 -1 0.553728 0.195199 0.000652601 18.4881 2.72947e+06 3 51267.9 112.339 7.69907 2 1 395.156 47.2662 8.36023 4 3 0.0166988 6.59335e-05 6.32693 2 
0.496624 -3.92002e-06 -1 0.553856 0.195365 0.000652601 18.5168 2.72878e+06 3 62900.4 91.4338 8.82773 2 1 407.529 35.0756 11.6186 4 4 0.0169831 1.94173e-05 5.43822 2 
0.497277 -3.92934e-06 -1 0.553983 0.195527 0.000652601 18.5453 2.72811e+06 3 56274.3 39.2188 11.279 2 1 448.653 24.4999 18.3125 4 4 0.0166366 1.8928e-05 5.4449 2 
0.497929 -3.9663e-06 -1 0.554111 0.195691 0.000652601 18.5712 2.72784e+06 3 58675.9 85.2067 8.83071 2 1 438.438 19.2407 22.787 4 3 0.0150652 9.17461e-05 5.47598 2 
0.498582 -4.00991e-06 -1 0.554238 0.195845 0.000652601 18.6019 2.72687e+06 3 60740 100.664 8.45019 2 1 373.823 39.3091 9.50984 4 3 0.0163503 8.40567e-05 5.79408 2 
0.499234 -3.94951e-06 -1 0.554366 0.196013 0.000652601 18.628 2.72657e+06 3 63617.4 103.103 8.51337 2 1 403.855 71.4398 5.65308 4 3 0.0169069 6.9902e-05 6.23053 2 
0.499887 -3.90072e-06 -1 0.554494 0.196178 0.000652601 18.654 2.72627e+06 3 51568.7 118.948 7.56851 2 1 544.988 36.0397 15.1219 4 3 0.0168971 6.28247e-05 6.45496 2 
0.50054 -3.87263e-06 -1 0.554622 0.196336 0.000652601 18.6801 2.72598e+06 3 55937.7 72.4321 9.17468 2 1 431.006 33.8427 12.7356 4 3 0.0158929 5.56726e-05 6.58446 2 
0.501192 -3.89283e-06 -1 0.55475 0.196494 0.000652601 18.7061 2.72569e+06 3 55696.5 137.844 7.39287 2 1 538.568 31.1881 17.2684 4 3 0.0167663 5.31654e-05 6.80669 2 
0.501845 -3.93828e-06 -1 0.554878 0.196655 0.000652601 18.7321 2.72541e+06 3 55735.7 134.026 7.46418 2 1 355.477 30.446 11.6757 4 3 0.0164001 5.20002e-05 6.80686 2 
0.502497 -3.94777e-06 -1 0.555007 0.196817 0.000652601 18.7581 2.72513e+06 3 55919.9 157.536 7.08046 2 1 398.597 23.7199 16.8043 4 3 0.0156008 4.71814e-05 6.915 2 
0.50315 -3.96587e-06 -1 0.555135 0.196982 0.000652601 18.7864 2.7245e+06 4 64030.2 58.2072 5.75907 2 1 366.5 17.3281 21.1506 4 3 0.0168372 4.08948e-05 7.43933 2 
0.503803 -3.88336e-06 -1 0.555264 0.197141 0.000652601 18.8124 2.72423e+06 3 63032.6 136.244 7.73421 2 1 387.893 27.6146 14.0467 4 3 0.0169781 3.75495e-05 7.6753 2 
0.504455 -3.89207e-06 -1 0.555392 0.197314 0.000652601 18.8383 2.72396e+06 3 55767.3 117.382 7.80297 2 1 706.219 28.6205 24.6753 4 3 0.0158742 3.54968e-05 7.64717 2 
0.505108 -4.02434e-06 -1 0.555521 0.197459 0.000652601 18.8649 2.72359e+06 3 55690.8 140.412 7.34727 2 1 455.639 35.2817 12.9143 4 3 0.0169287 3.53936e-05 7.82047 2 
0.50576 -4.03579e-06 -1 0.55565 0.197628 0.000652601 18.8914 2.72324e+06 3 62361.7 142.393 7.59411 2 1 375.954 27.3282 13.757 4 3 0.0165889 3.51657e-05 7.78454 2 
0.506413 -4.02565e-06 -1 0.555779 0.197775 0.000652601 18.9174 2.72296e+06 3 60821.2 116.389 8.05468 2 1 437.604 23.2077 18.856 4 3 0.0170011 3.47557e-05 7.87923 2 
0.507066 -4.11627e-06 -1 0.555908 0.197941 0.000652601 18.9433 2.72269e+06 3 52841.1 25.4728 12.7536 2 1 410.006 32.9549 12.4414 4 3 0.0168126 3.21777e-05 8.05428 2 
0.507718 -4.13231e-06 -1 0.556037 0.198095 0.000652601 18.9693 2.72242e+06 3 64004.3 151.003 7.51174 2 1 405.52 26.2273 15.4617 4 3 0.0161235 2.73992e-05 8.37993 2 
0.508371 -4.16613e-06 -1 0.556167 0.198246 0.000652601 18.9956 2.72211e+06 3 55845 154.427 7.12449 2 1 357.911 16.4477 21.7606 4 3 0.0168055 2.4699e-05 8.79544 2 
0.509023 -4.19567e-06 -1 0.556296 0.198407 0.000652601 19.0214 2.72185e+06 3 60924.3 141.842 7.54505 2 1 443.328 27.0697 16.3773 4 3 0.0163613 2.52005e-05 8.65903 2 
0.509676 -4.17951e-06 -1 0.556426 0.198568 0.000652601 19.0474 2.72157e+06 3 56829.7 128.249 7.62384 2 1 452.887 22.3514 20.2621 4 3 0.0168819 2.48208e-05 8.79431 2 
0.510329 -4.10849e-06 -1 0.556555 0.198722 0.000652601 19.0733 2.72131e+06 3 63685 107.816 8.39045 2 1 503.817 29.4312 17.1185 4 3 0.0168325 2.5342e-05 8.72507 2 
0.510981 -4.08371e-06 -1 0.556685 0.198877 0.000652601 19.1022 2.72063e+06 3 63140.2 153.775 7.43259 2 1 442.802 24.6998 17.9273 4 3 0.0165604 2.50748e-05 8.70853 2 
0.511634 -4.13758e-06 -1 0.556815 0.199034 0.000652601 19.1282 2.72036e+06 3 62100 129.451 7.8282 2 1 436.825 36.7466 11.8875 4 3 0.0165937 2.47855e-05 8.74813 2 
0.512286 -4.10647e-06 -1 0.556945 0.199192 0.000652601 19.1548 2.72001e+06 3 59999.1 96.6653 8.53017 2 1 447.003 34.8889 12.8122 4 3 0.0169864 2.40935e-05 8.90021 2 
0.512939 -4.03508e-06 -1 0.557074 0.19935 0.000652601 19.1812 2.71968e+06 3 56431 153.074 7.17032 2 1 479.699 31.4007 15.2767 4 3 0.0152383 2.35206e-05 8.65292 2 
0.513592 -4.02962e-06 -1 0.557204 0.199508 0.000652601 19.2073 2.7194e+06 3 55829.2 68.3909 9.3459 2 1 442.45 37.0045 11.9567 4 3 0.015791 2.24337e-05 8.89548 2 
0.514244 -4.06175e-06 -1 0.557335 0.199673 0.000652601 19.2331 2.71916e+06 3 55318 154.999 7.09326 2 1 432.822 65.9418 6.56369 4 3 0.0169272 2.16249e-05 9.21603 2 
0.514897 -4.10172e-06 -1 0.557465 0.199807 0.000652601 19.2591 2.71888e+06 3 64507 133.708 7.84301 2 1 496.926 50.5672 9.82705 4 3 0.0165783 2.0991e-05 9.24349 2 
0.515549 -4.17086e-06 -1 0.557595 0.199978 0.000652601 19.2851 2.71861e+06 3 57685.9 124.119 7.746 2 1 519.119 52.5624 9.87624 4 3 0.0167948 2.05377e-05 9.35135 2 
0.516202 -4.24248e-06 -1 0.557726 0.200133 0.000652601 19.3138 2.71797e+06 3 54879.4 149.834 7.15483 2 1 372.608 38.4031 9.70255 4 3 0.0165893 2.02694e-05 9.35397 2 
0.516855 -4.39967e-06 -1 0.557856 0.200283 0.000652601 19.3399 2.71769e+06 3 56624.6 148.508 7.25135 2 1 452.422 50.438 8.96986 4 3 0.0172682 2.04596e-05 9.45038 2 
0.517507 -4.47924e-06 -1 0.557987 0.200425 0.000652601 19.3659 2.71743e+06 3 53038.1 161.485 6.89952 2 1 414.434 33.5805 12.3415 4 3 0.0156174 2.04985e-05 9.13332 2 
0.51816 -4.44865e-06 -1 0.558118 0.200577 0.000652601 19.3937 2.71691e+06 3 57054.8 134.856 7.50713 2 1 386.197 37.647 10.2584 4 3 0.0166821 2.08727e-05 9.2802 2 
0.518812 -4.47212e-06 -1 0.558248 0.20075 0.000652601 19.4198 2.71663e+06 3 64193.4 123.578 8.03866 2 1 471.2 46.3204 10.1726 4 3 0.0170367 2.12384e-05 9.29154 2 
0.519465 -4.49689e-06 -1 0.558379 0.200902 0.000652601 19.4478 2.7161e+06 3 61246.3 154.252 7.34992 2 1 366.585 34.3393 10.6754 4 3 0.016839 2.15159e-05 9.2155 2 
0.520118 -4.51286e-06 -1 0.558511 0.201049 0.000652601 19.4737 2.71584e+06 3 51911.9 170.06 6.73321 2 1 386.342 34.9463 11.0553 4 3 0.0170182 2.12311e-05 9.28925 2 
0.52077 -4.51883e-06 -1 0.558642 0.201203 0.000652601 19.4997 2.71559e+06 3 52828.9 111.566 7.79434 2 1 975.582 27.3952 35.6114 4 3 0.0166971 2.08762e-05 9.28246 2 
0.521423 -4.48755e-06 -1 0.558773 0.201353 0.000652601 19.5256 2.71534e+06 3 56017.5 51.6922 10.2715 2 1 586.164 45.2881 12.943 4 3 0.016736 2.13557e-05 9.21961 2 
0.522075 -4.48554e-06 -1 0.558905 0.201504 0.000652601 19.5516 2.71508e+06 3 53205.8 95.8301 8.219 2 1 393.852 33.3598 11.8062 4 3 0.0169179 2.14266e-05 9.24268 2 
0.522728 -4.56965e-06 -1 0.559036 0.201642 0.000652601 19.5774 2.71484e+06 3 57539.6 116.5 7.9046 2 1 384.187 32.1694 11.9426 4 3 0.0164421 2.07028e-05 9.26067 2 
0.523381 -4.56792e-06 -1 0.559168 0.201798 0.000652601 19.6033 2.7146e+06 3 64575.9 162.363 7.35407 2 1 443.738 29.9083 14.8366 4 3 0.0166133 2.18401e-05 9.12852 2 
0.524033 -4.62318e-06 -1 0.559299 0.201958 0.000652601 19.6293 2.71435e+06 3 61713.6 118.757 8.03971 2 1 422.193 26.3169 16.0426 4 3 0.016785 2.15127e-05 9.20609 2 
0.524686 -4.62051e-06 -1 0.559431 0.202107 0.000652601 19.6552 2.71411e+06 3 58395.2 149.839 7.30439 2 1 407.85 32.3411 12.6109 4 3 0.0172607 2.15731e-05 9.28357 2 
0.525338 -4.73304e-06 -1 0.559563 0.202258 0.000652601 19.6811 2.71386e+06 3 54253.2 150.551 7.11618 2 1 506.893 57.9112 8.75293 4 3 0.0169632 2.1983e-05 9.1722 2 
0.525991 -4.76132e-06 -1 0.559695 0.202405 0.000652601 19.7069 2.71363e+06 3 55102.6 149.321 7.17272 2 1 474.13 23.2103 20.4275 4 3 0.0170441 2.22885e-05 9.1446 2 
0.526644 -4.85669e-06 -1 0.559827 0.202555 0.000652601 19.733 2.71338e+06 3 53420.8 106.608 7.94279 2 1 430.105 34.5126 12.4622 4 3 0.0169744 2.27943e-05 9.06406 2 
0.527296 -4.93904e-06 -1 0.559959 0.202694 0.000652601 19.7589 2.71313e+06 3 52117.1 125.654 7.45765 2 1 469.434 28.5091 16.4661 4 3 0.0171491 2.33788e-05 9.01861 2 
0.527949 -4.92086e-06 -1 0.560092 0.202846 0.000652601 19.7848 2.71289e+06 3 62054 145.768 7.52263 2 1 424.45 26.8807 15.7901 4 3 0.0165244 2.36864e-05 8.86902 2 
0.528601 -4.91918e-06 -1 0.560224 0.203005 0.000652601 19.8107 2.71265e+06 3 57445.9 74.5055 9.16973 2 1 442.88 53.3527 8.30099 4 3 0.0159697 2.25755e-05 8.91019 2 
0.529254 -4.95919e-06 -1 0.560356 0.203156 0.000652601 19.8367 2.71241e+06 3 64755.6 113.803 8.28656 2 1 418.485 52.7987 7.92604 4 3 0.0168623 2.26125e-05 9.06823 2 
0.529907 -4.9453e-06 -1 0.560489 0.203305 0.000652601 19.8628 2.71214e+06 3 55091.9 84.3598 8.67595 2 1 374.884 49.9843 7.50003 4 3 0.0165987 2.19999e-05 9.1037 2 
0.530559 -4.9175e-06 -1 0.560622 0.203451 0.000652601 19.893 2.71131e+06 3 58212.2 86.2211 8.7727 2 1 426.689 35.8768 11.8932 4 3 0.0162923 2.11671e-05 9.16446 2 
0.531212 -4.84544e-06 -1 0.560754 0.203587 0.000652601 19.9191 2.71105e+06 3 61568.5 105.962 8.34456 2 1 526.077 45.65 11.5241 4 3 0.017164 2.01642e-05 9.47718 2 
0.531864 -4.89434e-06 -1 0.560887 0.203737 0.000652601 19.9452 2.71078e+06 3 65654 124.084 8.08814 2 1 504.947 32.1924 15.6853 4 3 0.0168163 1.86772e-05 9.6562 2 
0.532517 -4.9832e-06 -1 0.56102 0.203873 0.000652601 19.9712 2.71054e+06 3 65612.5 95.3218 8.82941 2 1 493.79 24.3868 20.2482 4 3 0.0159601 1.79742e-05 9.6116 2 
0.53317 -5.04469e-06 -1 0.561153 0.204024 0.000652601 20.001 2.70977e+06 3 62522.8 84.8963 9.0306 2 1 441.426 22.7121 19.4357 4 3 0.0170291 1.71011e-05 9.98595 2 
0.533822 -5.02697e-06 -1 0.561286 0.204172 0.000652601 20.0269 2.70954e+06 3 54601.1 150.581 7.13089 2 1 485.048 28.2541 17.1673 4 3 0.0167442 1.71266e-05 9.92502 2 
0.534475 -5.09267e-06 -1 0.56142 0.204321 0.000652601 20.0529 2.7093e+06 3 30379.1 107.069 6.57108 2 1 500.993 31.0665 16.1265 4 3 0.0165846 1.69695e-05 9.92382 2 
0.535127 -5.13309e-06 -1 0.561553 0.204474 0.000652601 20.0788 2.70907e+06 3 62538.3 160.599 7.30243 2 1 425.594 21.1958 20.0791 4 3 0.0169612 1.70037e-05 9.99166 2 
0.53578 -5.09032e-06 -1 0.561686 0.204626 0.000652601 20.109 2.70827e+06 3 61698.4 144.873 7.52365 2 1 429.529 33.9286 12.6598 4 3 0.0163398 1.6993e-05 9.87018 2 
0.536433 -5.17691e-06 -1 0.56182 0.204756 0.000652601 20.1349 2.70803e+06 3 52495.2 72.7977 8.96742 2 1 1176.39 38.1709 30.819 4 3 0.0171636 1.77262e-05 9.89306 2 
0.537085 -5.22832e-06 -1 0.561954 0.204878 0.000652601 20.1607 2.70782e+06 3 58116.8 112.616 8.02109 2 1 428.783 23.2844 18.415 4 3 0.0167344 1.78251e-05 9.79173 2 
0.537738 -5.2004e-06 -1 0.562087 0.205041 0.000652601 20.1866 2.70759e+06 3 63132.1 123.189 8.0025 2 1 453.693 25.1988 18.0046 4 3 0.0171869 1.79582e-05 9.85474 2 
0.53839 -5.20521e-06 -1 0.562221 0.205185 0.000652601 20.2124 2.70738e+06 3 55826.6 144.822 7.27784 2 1 486.833 22.8049 21.3478 4 3 0.0166043 1.86578e-05 9.61878 2 
0.539043 -5.24677e-06 -1 0.562355 0.20533 0.000652601 20.2383 2.70715e+06 3 42395.2 30.4552 11.1657 2 1 525.284 36.4495 14.4113 4 3 0.0170978 1.84384e-05 9.75151 2 
0.539696 -5.26249e-06 -1 0.562489 0.205471 0.000652601 20.2641 2.70693e+06 3 52963.7 149.447 7.07669 2 1 487.195 28.9903 16.8055 4 3 0.0170802 1.9222e-05 9.61387 2 
0.540348 -5.26041e-06 -1 0.562623 0.205607 0.000652601 20.2941 2.70616e+06 3 60278.4 53.1132 10.4308 2 1 457.472 31.0431 14.7367 4 3 0.0171188 2.97572e-05 8.31688 2 
0.541001 -5.27542e-06 -1 0.562757 0.20576 0.000652601 20.32 2.70594e+06 3 52831.7 63.7298 9.39401 2 1 508.523 40.5221 12.5493 4 3 0.0169277 8.58276e-05 5.8209 2 
0.541653 -5.29114e-06 -1 0.562891 0.205903 0.000652601 20.3487 2.70534e+06 3 50799.3 45.1662 10.3996 2 1 432.559 36.0286 12.006 4 4 0.0170009 2.20299e-05 5.27066 2 
0.542306 -5.30083e-06 -1 0.563026 0.206041 0.000652601 20.3774 2.70476e+06 3 65865.9 71.8428 9.71462 2 1 489.921 33.0726 14.8135 4 4 0.0171391 2.06811e-05 5.36541 2 
0.542959 -5.2149e-06 -1 0.56316 0.206184 0.000652601 20.4033 2.70453e+06 3 65658.4 119.337 8.19416 2 1 441.642 60.7432 7.27064 4 3 0.0165054 9.30388e-05 5.61893 2 
0.543611 -5.12678e-06 -1 0.563295 0.206343 0.000652601 20.431 2.70407e+06 3 56847 148.564 7.2599 2 1 544.006 54.0668 10.0617 4 3 0.0172698 8.17318e-05 5.95615 2 
0.544264 -5.24719e-06 -1 0.563429 0.20648 0.000652601 20.457 2.70383e+06 3 56280.7 195.442 6.6036 2 1 479.457 52.4965 9.13313 4 3 0.0169927 6.71244e-05 6.32597 2 
0.544916 -5.39279e-06 -1 0.563564 0.206602 0.000652601 20.4829 2.70362e+06 3 61913.3 137.449 7.66562 2 1 447.459 36.2634 12.3391 4 3 0.0157178 5.87631e-05 6.44311 2 
0.545569 -5.37148e-06 -1 0.563699 0.206754 0.000652601 20.5088 2.7034e+06 3 57335.1 135.827 7.50144 2 1 432.272 55.3687 7.80715 4 3 0.0170145 5.23294e-05 6.87634 2 
0.546222 -5.34237e-06 -1 0.563834 0.206893 0.000652601 20.5347 2.70318e+06 3 55228.9 134.994 7.42364 2 1 380.643 26.2429 14.5046 4 3 0.0172691 5.17004e-05 6.93838 2 
0.546874 -5.40939e-06 -1 0.563969 0.207026 0.000652601 20.5607 2.70295e+06 3 56266.1 150.305 7.20706 2 1 405.905 36.4796 11.1269 4 3 0.0165036 4.94195e-05 6.93788 2 
0.547527 -5.43331e-06 -1 0.564104 0.207171 0.000652601 20.5894 2.70236e+06 3 56511.2 75.2949 9.08775 2 1 473.623 62.7519 7.54754 4 3 0.017085 4.28749e-05 7.35875 2 
0.548179 -5.3406e-06 -1 0.564239 0.207308 0.000652601 20.6176 2.70185e+06 4 52910.9 71.7322 5.21144 2 1 591.416 23.9336 24.7107 4 3 0.0164966 3.82542e-05 7.55507 2 
0.548832 -5.31973e-06 -1 0.564374 0.207448 0.000652601 20.6459 2.70131e+06 4 63982.2 80.1281 5.3158 2 1 468.765 37.794 12.4032 4 3 0.0171492 3.68513e-05 7.74932 2 
0.549485 -5.32234e-06 -1 0.56451 0.20757 0.000652601 20.6718 2.70111e+06 3 65638.7 163.623 7.37517 2 1 415.748 39.5603 10.5092 4 3 0.0168447 3.65439e-05 7.72473 2 
0.550137 -5.26487e-06 -1 0.564645 0.20772 0.000652601 20.6976 2.7009e+06 3 66031.1 114.57 8.32196 2 1 431.553 55.4625 7.78099 4 3 0.0169899 3.5885e-05 7.79397 2 
0.55079 -5.28801e-06 -1 0.564781 0.20786 0.000652601 20.7234 2.7007e+06 3 51253.9 53.8086 9.83917 2 1 439.104 35.5351 12.3569 4 3 0.0170722 3.59583e-05 7.80123 2 
0.551442 -5.31829e-06 -1 0.564916 0.20799 0.000652601 20.7493 2.70049e+06 3 57328.8 148.883 7.27516 2 1 440.904 31.8134 13.8591 4 3 0.0172332 3.42316e-05 7.95511 2 
0.552095 -5.35063e-06 -1 0.565052 0.208152 0.000652601 20.7752 2.70028e+06 3 55446.2 153.511 7.1216 2 1 459.85 41.8025 11.0005 4 3 0.0166301 2.94554e-05 8.265 2 
0.552748 -5.33442e-06 -1 0.565188 0.208286 0.000652601 20.8012 2.70006e+06 3 63122.8 146.059 7.56053 2 1 509.991 39.6559 12.8604 4 3 0.0169022 2.73077e-05 8.52223 2 
0.5534 -5.1775e-06 -1 0.565324 0.208424 0.000652601 20.8272 2.69983e+06 3 54042.1 136.353 7.34552 2 1 441.995 26.4201 16.7295 4 3 0.0168188 2.49897e-05 8.76351 2 
0.554053 -5.05449e-06 -1 0.56546 0.208554 0.000652601 20.8508 2.69991e+06 2 40132.8 193.835 14.3891 2 1 531.072 53.1407 9.99369 4 3 0.0172354 2.495e-05 8.83997 2 
0.554705 -5.05303e-06 -1 0.565596 0.208696 0.000652601 20.8769 2.69968e+06 3 66469.6 153.359 7.56782 2 1 688.502 75.795 9.08374 4 3 0.0165844 2.59994e-05 8.6082 2 
0.555358 -5.01255e-06 -1 0.565732 0.208816 0.000652601 20.9055 2.69913e+06 3 63794.7 109.109 8.36196 2 1 670.449 37.1113 18.0659 4 3 0.0168849 2.62579e-05 8.63137 2 
0.556011 -5.05629e-06 -1 0.565869 0.208961 0.000652601 20.9314 2.69891e+06 3 53932.5 92.5094 8.35388 2 1 458.704 20.0393 22.8902 4 3 0.017036 2.46347e-05 8.84315 2 
0.556663 -5.01667e-06 -1 0.566005 0.209091 0.000652601 20.9573 2.69871e+06 3 57984.4 148.411 7.31052 2 1 433.674 47.1288 9.2019 4 3 0.0164306 2.67006e-05 8.50571 2 
0.557316 -5.02846e-06 -1 0.566141 0.209239 0.000652601 20.9831 2.6985e+06 3 66208.8 150.52 7.60513 2 1 441.217 43.998 10.0281 4 3 0.0171393 2.36721e-05 8.97949 2 
0.557968 -4.98354e-06 -1 0.566278 0.20937 0.000652601 21.0091 2.69829e+06 3 57405.1 134.712 7.52514 2 1 436.466 37.3138 11.6972 4 3 0.017173 2.23256e-05 9.16252 2 
0.558621 -5.06298e-06 -1 0.566414 0.2095 0.000652601 21.0353 2.69805e+06 3 64536.3 91.5603 8.8995 2 1 399.453 28.359 14.0856 4 3 0.01678 1.8152e-05 9.74142 2 
0.559274 -5.14823e-06 -1 0.566551 0.209635 0.000652601 21.0611 2.69785e+06 3 54408.3 154.379 7.0636 2 1 487.355 39.0007 12.4961 4 3 0.0161022 1.76404e-05 9.70045 2 
0.559926 -5.13632e-06 -1 0.566688 0.209764 0.000652601 21.0913 2.6971e+06 3 54275.5 82.0204 8.7142 2 1 362.203 26.7416 13.5446 4 3 0.017099 1.72864e-05 9.96374 2 
0.560579 -5.15871e-06 -1 0.566825 0.209897 0.000652601 21.1172 2.69689e+06 3 60481.3 143.66 7.49483 2 1 416.792 32.9887 12.6344 4 3 0.0168221 1.74961e-05 9.8699 2 
0.561231 -5.20585e-06 -1 0.566962 0.210027 0.000652601 21.1432 2.69667e+06 3 58037.1 83.9808 8.84115 2 1 451.26 24.0291 18.7797 4 3 0.0170409 1.91231e-05 9.62302 2 
0.561884 -5.19041e-06 -1 0.567099 0.210168 0.000652601 21.1714 2.69618e+06 4 66511.5 50.6306 6.02034 2 1 430.611 24.584 17.5159 4 3 0.0168903 1.81441e-05 9.76413 2 
0.562537 -5.18821e-06 -1 0.567236 0.210294 0.000652601 21.1973 2.69598e+06 3 39720.7 121.971 6.87997 2 1 420.184 32.1767 13.0586 4 3 0.0163877 1.7526e-05 9.77863 2 
0.563189 -5.22037e-06 -1 0.567373 0.210429 0.000652601 21.2232 2.69577e+06 3 52775.6 85.9195 8.50055 2 1 449.853 25.6607 17.5308 4 3 0.0171713 1.76183e-05 9.9147 2 
0.563842 -5.24051e-06 -1 0.56751 0.210561 0.000652601 21.2491 2.69558e+06 3 55415 136.411 7.40615 2 1 437.326 39.3945 11.1012 4 3 0.0164171 1.76002e-05 9.77071 2 
0.564494 -5.26593e-06 -1 0.567648 0.210697 0.000652601 21.275 2.69537e+06 3 67341.6 106.9 8.5724 2 1 479.658 25.2339 19.0085 4 3 0.0172208 1.70708e-05 10.0292 2 
0.565147 -5.24846e-06 -1 0.567785 0.210826 0.000652601 21.3007 2.69519e+06 3 63211.5 72.7164 9.5438 2 1 453.38 20.3611 22.267 4 3 0.0171176 1.67913e-05 10.0643 2 
0.5658 -5.31143e-06 -1 0.567923 0.210957 0.000652601 21.3266 2.69499e+06 3 56557.7 77.9146 8.9872 2 1 454.5 30.9982 14.6621 4 3 0.0170168 1.72068e-05 9.96307 2 
0.566452 -5.34679e-06 -1 0.56806 0.211069 0.000652601 21.3525 2.6948e+06 3 63780.6 117.452 8.15848 2 1 470.284 22.5202 20.8827 4 3 0.0169678 1.73526e-05 9.92553 2 
0.567105 -5.39829e-06 -1 0.568198 0.211203 0.000652601 21.3783 2.69461e+06 3 56275.9 146.683 7.26631 2 1 468.634 23.6887 19.783 4 3 0.016704 1.74435e-05 9.85663 2 
0.567757 -5.44393e-06 -1 0.568336 0.211337 0.000652601 21.4041 2.69442e+06 3 55076.1 120.553 7.70186 2 1 508.967 21.3536 23.8352 4 3 0.0168453 1.69741e-05 9.97463 2 
0.56841 -5.38236e-06 -1 0.568474 0.211464 0.000652601 21.4319 2.69398e+06 3 58242.4 125.744 7.7372 2 1 507.313 24.4239 20.7712 4 3 0.0170995 1.64752e-05 10.1247 2 
0.569063 -5.39997e-06 -1 0.568612 0.211598 0.000652601 21.4578 2.69378e+06 3 56096 137.228 7.42158 2 1 560.267 29.7445 18.836 4 3 0.0170259 1.59226e-05 10.2258 2 
0.569715 -5.4052e-06 -1 0.56875 0.21174 0.000652601 21.4836 2.69361e+06 3 64437.5 124.893 8.02048 2 1 472.089 25.7334 18.3454 4 3 0.0166821 1.51821e-05 10.3191 2 
0.570368 -5.3363e-06 -1 0.568888 0.211855 0.000652601 21.5093 2.69343e+06 3 67810 133.647 7.97588 2 1 467.276 67.0904 6.96488 4 3 0.0173241 1.46216e-05 10.5816 2 
0.57102 -5.36818e-06 -1 0.569026 0.211987 0.000652601 21.5352 2.69324e+06 3 54471.1 121.572 7.65204 2 1 509.872 60.7155 8.39772 4 3 0.0162558 1.40492e-05 10.4983 2 
0.571673 -5.42213e-06 -1 0.569165 0.212108 0.000652601 21.561 2.69305e+06 3 52514.3 151.711 7.02134 2 1 505.675 56.239 8.99155 4 3 0.0171581 1.35491e-05 10.819 2 
0.572326 -5.46577e-06 -1 0.569303 0.212241 0.000652601 21.5908 2.69237e+06 3 58041.1 172.849 6.95061 2 1 511.82 53.3483 9.59393 4 3 0.0171548 1.28509e-05 11.0108 2 
0.572978 -5.53261e-06 -1 0.569442 0.212362 0.000652601 21.6166 2.69219e+06 3 58237.6 122.288 7.8092 2 1 441.091 45.4559 9.70373 4 3 0.0159429 1.30585e-05 10.6879 2 
0.573631 -5.54197e-06 -1 0.56958 0.212493 0.000652601 21.6424 2.692e+06 3 65680.6 94.5618 8.85606 2 1 405.893 42.8868 9.46428 4 3 0.0172283 1.23939e-05 11.1604 2 
0.574283 -5.5732e-06 -1 0.569719 0.212624 0.000652601 21.6706 2.69153e+06 4 60618.4 100.831 4.95168 2 1 496.424 38.6447 12.8459 4 3 0.0167506 1.24605e-05 11.0365 2 
0.574936 -5.60707e-06 -1 0.569858 0.212761 0.000652601 21.6964 2.69135e+06 3 54552.6 163.036 6.94242 2 1 427.931 52.6307 8.13081 4 3 0.0166492 1.23526e-05 11.0462 2 
0.575589 -5.72463e-06 -1 0.569996 0.212873 0.000652601 21.7222 2.69117e+06 3 56134.1 94.2752 8.41285 2 1 411.419 42.5486 9.66939 4 3 0.0169174 1.24382e-05 11.0796 2 
0.576241 -5.74349e-06 -1 0.570135 0.212994 0.000652601 21.7481 2.69097e+06 3 68556.1 152.474 7.66097 2 1 474.631 44.8577 10.5808 4 3 0.0167852 1.23182e-05 11.0865 2 
0.576894 -5.74163e-06 -1 0.570274 0.213127 0.000652601 21.7738 2.69082e+06 3 57240.5 90.653 8.57908 2 1 620.142 51.903 11.9481 4 3 0.0170738 1.24387e-05 11.1135 2 
0.577546 -5.75378e-06 -1 0.570414 0.213254 0.000652601 21.8022 2.69031e+06 3 68545.4 154.926 7.61994 2 1 456.121 52.3676 8.70998 4 3 0.0168086 1.31636e-05 10.8489 2 
0.578199 -5.83295e-06 -1 0.570553 0.213381 0.000652601 21.828 2.69014e+06 3 55374 134.094 7.44674 2 1 571.194 44.8631 12.7319 4 3 0.017071 1.39089e-05 10.7067 2 
0.578852 -5.92587e-06 -1 0.570692 0.213512 0.000652601 21.8538 2.68995e+06 3 54067.9 112.648 7.82958 2 1 485.886 33.2147 14.6286 4 3 0.0168209 1.45116e-05 10.5046 2 
0.579504 -5.94514e-06 -1 0.570831 0.213624 0.000652601 21.8821 2.68948e+06 4 68508.1 55.078 5.93869 2 1 445.916 47.1159 9.46423 4 3 0.0171003 1.45621e-05 10.5502 2 
0.580157 -5.87867e-06 -1 0.570971 0.213747 0.000652601 21.908 2.68929e+06 3 67322.9 113.08 8.41251 2 1 458.459 27.9607 16.3965 4 3 0.0168798 1.43994e-05 10.544 2 
0.58081 -5.87293e-06 -1 0.57111 0.213877 0.000652601 21.9338 2.68911e+06 3 56061.4 108.486 8.02472 2 1 540.498 36.3728 14.86 4 3 0.0169868 1.4443e-05 10.5556 2 
0.581462 -5.95294e-06 -1 0.57125 0.213992 0.000652601 21.9596 2.68893e+06 3 64930.3 70.9936 9.7068 2 1 475.387 41.0166 11.5901 4 3 0.016853 1.42131e-05 10.5843 2 
0.582115 -5.87388e-06 -1 0.571389 0.214122 0.000652601 21.9854 2.68875e+06 3 65865.8 141.663 7.74702 2 1 443.495 32.975 13.4494 4 3 0.0169568 1.42358e-05 10.6004 2 
0.582767 -5.81629e-06 -1 0.571529 0.214235 0.000652601 22.0113 2.68857e+06 3 53704.6 148.969 7.11713 2 1 485.695 26.4845 18.3388 4 3 0.0174714 1.43206e-05 10.6854 2 
0.58342 -5.82874e-06 -1 0.571669 0.214364 0.000652601 22.0395 2.68811e+06 4 55270.2 40.3696 6.08288 2 1 564.12 52.0466 10.8388 4 3 0.0167782 1.85202e-05 9.67608 2 
0.584073 -5.86175e-06 -1 0.571808 0.214488 0.000652601 22.0653 2.68794e+06 3 55212.3 153.701 7.10863 2 1 473.326 58.3933 8.10583 4 3 0.0171154 5.5447e-05 6.75828 2 
0.584725 -5.87435e-06 -1 0.571948 0.214607 0.000652601 22.0939 2.68742e+06 3 54413.1 127.651 7.52593 2 1 437.689 54.2312 8.07081 4 4 0.0164402 2.95135e-05 4.85816 2 
0.585378 -5.85151e-06 -1 0.572088 0.214718 0.000652601 22.1224 2.68692e+06 3 63449.6 155.726 7.41349 2 1 546.78 52.2665 10.4614 4 4 0.0170151 3.26503e-05 4.7779 2 
0.58603 -5.7521e-06 -1 0.572228 0.214855 0.000652601 22.1509 2.68642e+06 3 52350.9 104.935 7.93112 2 1 496.761 31.1665 15.939 4 4 0.0169247 3.0257e-05 4.86322 2 
0.586683 -5.79548e-06 -1 0.572369 0.214989 0.000652601 22.1795 2.68591e+06 3 60964.7 156.058 7.31023 2 1 454.254 44.2589 10.2636 4 4 0.0170762 2.91473e-05 4.91981 2 
0.587336 -5.89805e-06 -1 0.572509 0.215088 0.000652601 22.208 2.68542e+06 3 51544.5 47.1361 10.3025 2 1 482.89 31.1806 15.4869 4 4 0.0171102 2.36176e-05 5.18806 2 
0.587988 -5.91889e-06 -1 0.572649 0.215208 0.000652601 22.234 2.68523e+06 3 68781.6 145.554 7.78903 2 1 426.219 22.0142 19.3611 4 3 0.0165311 9.65937e-05 5.55201 2 
0.588641 -5.95121e-06 -1 0.57279 0.21534 0.000652601 22.2597 2.68506e+06 3 53737 132.447 7.40305 2 1 459.898 21.3127 21.5785 4 3 0.0170672 8.57544e-05 5.83851 2 
0.589293 -6.05719e-06 -1 0.57293 0.215452 0.000652601 22.2856 2.68489e+06 3 59454.8 146.434 7.40483 2 1 490.963 40.3462 12.1688 4 3 0.0164971 8.32387e-05 5.83034 2 
0.589946 -6.16592e-06 -1 0.573071 0.215571 0.000652601 22.3114 2.68472e+06 3 54622.1 141.891 7.27452 2 1 422.762 26.825 15.76 4 3 0.0170638 8.28122e-05 5.90646 2 
0.590599 -6.20636e-06 -1 0.573212 0.215686 0.000652601 22.3373 2.68455e+06 3 68705.4 91.4719 9.09008 2 1 522.863 50.6654 10.3199 4 3 0.0168338 7.05528e-05 6.20235 2 
0.591251 -6.27967e-06 -1 0.573352 0.215807 0.000652601 22.363 2.68439e+06 3 66348.9 124.235 8.11328 2 1 509.296 22.4181 22.718 4 3 0.0170695 6.18697e-05 6.51 2 
0.591904 -6.32439e-06 -1 0.573493 0.215925 0.000652601 22.3887 2.68423e+06 3 51850.9 82.4175 8.56865 2 1 477.907 26.9272 17.7481 4 3 0.0164235 5.86387e-05 6.54275 2 
0.592556 -6.3727e-06 -1 0.573634 0.216051 0.000652601 22.4146 2.68406e+06 3 57215.9 148.995 7.26856 2 1 524.611 26.9309 19.4799 4 3 0.0165652 5.73299e-05 6.61107 2 
0.593209 -6.39821e-06 -1 0.573775 0.21617 0.000652601 22.4422 2.68367e+06 3 61846.6 94.8096 8.6727 2 1 480.832 23.8559 20.1557 4 3 0.016931 5.69727e-05 6.67326 2 
0.593862 -6.30383e-06 -1 0.573916 0.216277 0.000652601 22.4681 2.6835e+06 3 68573.4 131.22 8.05475 2 1 495.787 21.4466 23.1172 4 3 0.0170559 5.6577e-05 6.70519 2 
0.594514 -6.24511e-06 -1 0.574058 0.216388 0.000652601 22.4938 2.68334e+06 3 66892.8 87.2843 9.15127 2 1 547.423 34.0906 16.0579 4 3 0.016813 5.29817e-05 6.82087 2 
0.595167 -6.24743e-06 -1 0.574199 0.216505 0.000652601 22.5196 2.68319e+06 3 52563.7 150.969 7.03504 2 1 500.033 22.9309 21.8061 4 3 0.0170452 4.57281e-05 7.1968 2 
0.595819 -6.28613e-06 -1 0.57434 0.216626 0.000652601 22.5454 2.68302e+06 3 53374.4 207.88 6.35584 2 1 540.088 32.6402 16.5467 4 3 0.0163598 4.05458e-05 7.38942 2 
0.596472 -6.27662e-06 -1 0.574481 0.21673 0.000652601 22.5711 2.68287e+06 3 54925.7 158.146 7.0292 2 1 509.086 48.1747 10.5675 4 3 0.0165932 3.66686e-05 7.67736 2 
0.597125 -6.28047e-06 -1 0.574623 0.216861 0.000652601 22.5969 2.6827e+06 3 69093.3 83.4525 9.39 2 1 555.135 73.6644 7.53601 4 3 0.0171438 3.8571e-05 7.63159 2 
0.597777 -6.25764e-06 -1 0.574764 0.216975 0.000652601 22.6226 2.68255e+06 3 69726.9 125.519 8.22047 2 1 496.367 52.6619 9.42555 4 3 0.016557 3.90328e-05 7.51364 2 
0.59843 -6.22453e-06 -1 0.574906 0.217096 0.000652601 22.6484 2.68239e+06 3 67309.5 93.819 8.95217 2 1 471.217 58.0673 8.11501 4 3 0.0161466 3.67927e-05 7.59929 2 
0.599082 -6.2664e-06 -1 0.575047 0.217212 0.000652601 22.6742 2.68224e+06 3 55931.5 147.097 7.24466 2 1 429.791 41.4938 10.358 4 3 0.0169007 3.78432e-05 7.64374 2 
0.599735 -6.26109e-06 -1 0.575189 0.217318 0.000652601 22.6999 2.68208e+06 3 61584.1 146.609 7.48921 2 1 425.365 58.5671 7.26287 4 3 0.0169224 3.76504e-05 7.66003 2 
0.600388 -6.32688e-06 -1 0.575331 0.217431 0.000652601 22.7257 2.68192e+06 3 51097.4 70.6919 8.97449 2 1 443.363 31.7986 13.9428 4 3 0.0170552 3.78533e-05 7.66628 2 
0.60104 -6.29732e-06 -1 0.575473 0.217563 0.000652601 22.7514 2.68177e+06 3 55767.7 158.47 7.06012 2 1 428.437 31.7599 13.4899 4 3 0.0170064 3.09699e-05 8.18888 2 
0.601693 -6.33897e-06 -1 0.575615 0.217655 0.000652601 22.7795 2.68134e+06 4 66931.5 74.3133 5.47824 2 1 436.246 53.1067 8.21452 4 3 0.0170241 2.72143e-05 8.55243 2 
0.602345 -6.26973e-06 -1 0.575757 0.217775 0.000652601 22.8106 2.68056e+06 4 70016.8 88.3017 5.3065 2 1 430.968 40.6049 10.6137 4 3 0.0168855 2.39249e-05 8.90339 2 
0.602998 -6.22046e-06 -1 0.575899 0.217887 0.000652601 22.8364 2.6804e+06 3 55555 177.195 6.79345 2 1 445.09 41.3264 10.7701 4 3 0.0168608 2.25933e-05 9.07053 2 
0.603651 -6.30316e-06 -1 0.576041 0.218016 0.000652601 22.8621 2.68025e+06 3 55605.9 116.421 7.81681 2 1 467.529 75.5602 6.1875 4 3 0.0165569 2.5689e-05 8.63795 2 
0.604303 -6.32686e-06 -1 0.576183 0.218127 0.000652601 22.8878 2.6801e+06 3 66051.3 99.8661 8.71273 2 1 454.856 36.8618 12.3395 4 3 0.0173307 2.56315e-05 8.77703 2 
0.604956 -6.45495e-06 -1 0.576326 0.218221 0.000652601 22.9136 2.67995e+06 3 69039.5 142.376 7.85633 2 1 465.551 39.9592 11.6507 4 3 0.0164485 2.40712e-05 8.80798 2 
0.605608 -6.41651e-06 -1 0.576468 0.218327 0.000652601 22.9393 2.6798e+06 3 66572.1 138.521 7.83295 2 1 435.521 41.0645 10.6058 4 3 0.0162985 2.34637e-05 8.85626 2 
0.606261 -6.46342e-06 -1 0.57661 0.218449 0.000652601 22.9651 2.67964e+06 3 67071.3 88.4866 9.11772 2 1 508.727 39.6644 12.8258 4 3 0.0166029 2.40248e-05 8.84114 2 
0.606914 -6.53138e-06 -1 0.576753 0.218561 0.000652601 22.9909 2.67949e+06 3 57614.3 144.157 7.366 2 1 488.53 49.1964 9.9302 4 3 0.017037 2.43306e-05 8.88001 2 
0.607566 -6.54959e-06 -1 0.576896 0.218672 0.000652601 23.0166 2.67934e+06 3 55041.4 70.8587 9.19247 2 1 962.664 38.773 24.8282 4 3 0.0170008 2.42404e-05 8.8847 2 
0.608219 -6.59111e-06 -1 0.577038 0.218787 0.000652601 23.0423 2.6792e+06 3 53301.8 79.4892 8.75275 2 1 465.827 44.0732 10.5694 4 3 0.0167738 2.05559e-05 9.34469 2 
0.608871 -6.61831e-06 -1 0.577181 0.218897 0.000652601 23.068 2.67905e+06 3 58529.6 76.7207 9.13736 2 1 480.21 23.5305 20.408 4 3 0.0170785 1.72562e-05 9.96556 2 
0.609524 -6.71529e-06 -1 0.577324 0.219001 0.000652601 23.0969 2.67854e+06 3 55355.2 161.736 6.99493 2 1 476.411 48.3392 9.85557 4 3 0.0165572 1.48805e-05 10.3623 2 
0.610177 -6.73316e-06 -1 0.577467 0.219125 0.000652601 23.1226 2.6784e+06 3 70350.8 102.649 8.81667 2 1 454.756 45.2037 10.0602 4 3 0.0167734 1.2666e-05 10.9815 2 
0.610829 -6.7933e-06 -1 0.57761 0.219221 0.000652601 23.1483 2.67826e+06 3 63913.4 101.377 8.57468 2 1 419.946 42.9208 9.78421 4 3 0.0167236 1.51921e-05 10.3253 2 
0.611482 -6.79561e-06 -1 0.577753 0.219318 0.000652601 23.1716 2.67839e+06 2 32045 131.277 15.6238 2 1 475.016 37.033 12.8268 4 3 0.0170705 1.69584e-05 10.022 2 
0.612134 -6.73577e-06 -1 0.577896 0.219421 0.000652601 23.1974 2.67824e+06 3 61936.1 183.54 6.96206 2 1 638.542 23.1238 27.614 4 3 0.0168167 1.64657e-05 10.0706 2 
0.612787 -6.67655e-06 -1 0.578039 0.219543 0.000652601 23.2231 2.6781e+06 3 71032.2 127.892 8.21998 2 1 488.222 39.291 12.4258 4 3 0.0167607 1.52644e-05 10.3166 2 
0.61344 -6.62906e-06 -1 0.578182 0.219655 0.000652601 23.2492 2.67791e+06 3 56524.4 80.0597 8.90445 2 1 525.548 30.2627 17.3662 4 3 0.0169472 1.51861e-05 10.3725 2 
0.614092 -6.69296e-06 -1 0.578325 0.219765 0.000652601 23.2749 2.67777e+06 3 52481.1 43.5564 10.641 2 1 456.495 29.1654 15.652 4 3 0.0163526 1.52228e-05 10.2415 2 
0.614745 -6.7186e-06 -1 0.578469 0.219869 0.000652601 23.3046 2.67717e+06 3 53708.3 77.1288 8.86356 2 1 490.049 19.8249 24.7189 4 3 0.0168514 1.56656e-05 10.2462 2 
0.615397 -6.74809e-06 -1 0.578612 0.219976 0.000652601 23.3303 2.67703e+06 3 66544 83.5765 9.26847 2 1 441.189 17.736 24.8753 4 3 0.0166446 1.69602e-05 9.93758 2 
0.61605 -6.77588e-06 -1 0.578756 0.220081 0.000652601 23.3559 2.6769e+06 3 51504.1 65.0779 9.24988 2 1 532.234 21.0465 25.2885 4 3 0.0167716 1.59775e-05 10.163 2 
0.616703 -6.7313e-06 -1 0.5789 0.220209 0.000652601 23.3815 2.67677e+06 3 58473.3 167.055 7.04745 2 1 467.136 20.5169 22.7683 4 3 0.0159833 1.28448e-05 10.7559 2 
0.617355 -6.91198e-06 -1 0.579043 0.220304 0.000652601 23.4044 2.67694e+06 3 54279.6 128.092 7.51112 2 1 488.302 69.1685 7.0596 4 2 0.0165347 8.66451e-05 13.8142 2 
0.618008 -6.9236e-06 -1 0.579187 0.220398 0.000652601 23.4274 2.67712e+06 3 53744.1 157.183 6.99265 2 1 474.456 35.9878 13.1838 4 2 0.0168829 9.26599e-05 13.4983 2 
0.61866 -6.90735e-06 -1 0.579331 0.220506 0.000652601 23.455 2.67677e+06 3 62823.1 129.406 7.85938 2 1 546.489 25.2306 21.6598 4 3 0.0164506 1.04061e-05 11.6492 2 
0.619313 -6.91554e-06 -1 0.579475 0.220608 0.000652601 23.4806 2.67663e+06 3 70827 145.796 7.86112 2 1 552.347 40.7696 13.548 4 3 0.0165946 1.07723e-05 11.5492 2 
0.619966 -7.00774e-06 -1 0.579619 0.220708 0.000652601 23.5105 2.67601e+06 3 67118.2 143.283 7.76632 2 1 522.821 23.7319 22.0303 4 3 0.0165642 1.1314e-05 11.3549 2 
0.620618 -7.0694e-06 -1 0.579763 0.220822 0.000652601 23.5363 2.67587e+06 3 54539.5 85.3274 8.61405 2 1 486.483 25.7345 18.9039 4 3 0.0164811 1.18727e-05 11.1552 2 
0.621271 -7.09623e-06 -1 0.579907 0.220926 0.000652601 23.562 2.67574e+06 3 56469.8 142.599 7.34344 2 1 488.469 26.0259 18.7686 4 3 0.0169967 1.18027e-05 11.2926 2 
0.621923 -7.1024e-06 -1 0.580051 0.221046 0.000652601 23.5876 2.67561e+06 3 55159.4 151.717 7.13721 2 1 463.105 50.5962 9.15297 4 3 0.0169812 1.15593e-05 11.3679 2 
0.622576 -7.09412e-06 -1 0.580195 0.221144 0.000652601 23.6132 2.67548e+06 3 54842.5 142.38 7.27595 2 1 461.647 61.0972 7.55595 4 3 0.016056 1.20782e-05 10.9954 2 
0.623229 -7.08659e-06 -1 0.580339 0.221243 0.000652601 23.6389 2.67534e+06 3 69400.2 97.9205 8.91584 2 1 729.566 57.9037 12.5997 4 3 0.0167352 1.20386e-05 11.1605 2 
0.623881 -7.12363e-06 -1 0.580484 0.221342 0.000652601 23.6645 2.67522e+06 3 60179.8 53.1928 10.42 2 1 475.143 54.8831 8.65737 4 3 0.0171478 1.20793e-05 11.2389 2 
0.624534 -7.14036e-06 -1 0.580628 0.221448 0.000652601 23.6942 2.67463e+06 3 65362.6 155.752 7.48684 2 1 485.031 56.8172 8.53671 4 3 0.0164074 1.22486e-05 11.0234 2 
0.625186 -7.1528e-06 -1 0.580773 0.22154 0.000652601 23.7199 2.67449e+06 3 71058.8 116.121 8.4899 2 1 412.987 47.3543 8.72122 4 3 0.0164933 1.24197e-05 10.9917 2 
0.625839 -7.11326e-06 -1 0.580917 0.221653 0.000652601 23.7456 2.67436e+06 3 55777.4 146.705 7.24443 2 1 456.672 50.2226 9.09295 4 3 0.0166115 1.45632e-05 10.4484 2 
0.626492 -7.06654e-06 -1 0.581062 0.221746 0.000652601 23.7713 2.67423e+06 3 68427.7 70.55 9.8987 2 1 402.874 46.8242 8.60397 4 3 0.0171994 4.6914e-05 7.1571 2 
0.627144 -7.15378e-06 -1 0.581206 0.221849 0.000652601 23.7996 2.6738e+06 3 71428.6 150.848 7.79431 2 1 508.591 51.4709 9.88114 4 4 0.015871 1.96836e-05 5.32875 2 
0.627797 -7.23423e-06 -1 0.581351 0.221951 0.000652601 23.828 2.67337e+06 3 54476.6 139.847 7.30329 2 1 469.805 42.3639 11.0898 4 4 0.0165407 1.99609e-05 5.36529 2 
0.628449 -7.29974e-06 -1 0.581496 0.222046 0.000652601 23.8537 2.67324e+06 3 70812.8 150.985 7.76949 2 1 470.173 44.6541 10.5292 4 3 0.0165413 9.46991e-05 5.58995 2 
0.629102 -7.36384e-06 -1 0.581641 0.22216 0.000652601 23.8793 2.67312e+06 3 71965.5 125.415 8.30982 2 1 463.018 37.9006 12.2166 4 3 0.0167309 8.47911e-05 5.82179 2 
0.629755 -7.3987e-06 -1 0.581786 0.222256 0.000652601 23.909 2.67253e+06 3 70284.7 115.328 8.47831 2 1 506.567 38.8224 13.0483 4 3 0.0164678 7.32955e-05 6.0793 2 
0.630407 -7.53086e-06 -1 0.581931 0.222359 0.000652601 23.9347 2.6724e+06 3 66078.8 143.911 7.71477 2 1 495.819 38.8841 12.7512 4 3 0.0164611 6.41473e-05 6.35468 2 
0.63106 -7.59412e-06 -1 0.582076 0.222462 0.000652601 23.9602 2.67229e+06 3 60907.1 144.756 7.49338 2 1 449.85 36.0246 12.4873 4 3 0.0168388 5.83943e-05 6.60663 2 
0.631712 -7.63002e-06 -1 0.582222 0.222557 0.000652601 23.9861 2.67214e+06 3 54343.3 214.668 6.32596 2 1 511.908 31.8431 16.0759 4 3 0.0173259 5.79983e-05 6.68489 2 
0.632365 -7.59282e-06 -1 0.582367 0.222654 0.000652601 24.0118 2.67201e+06 3 56198.1 96.2881 8.35699 2 1 584.114 34.2098 17.0744 4 3 0.0168745 5.38811e-05 6.79097 2 
0.633018 -7.53986e-06 -1 0.582512 0.222751 0.000652601 24.0374 2.67189e+06 3 62743.3 131.194 7.8202 2 1 634.891 42.2454 15.0286 4 3 0.0170175 4.60592e-05 7.17563 2 
0.63367 -7.60186e-06 -1 0.582657 0.222855 0.000652601 24.0631 2.67176e+06 3 37799.3 31.8358 10.589 2 1 539.305 24.2284 22.2592 4 3 0.0161732 4.18599e-05 7.28337 2 
0.634323 -7.61765e-06 -1 0.582803 0.222965 0.000652601 24.0929 2.67117e+06 3 59188.8 117.445 7.95795 2 1 485.062 49.5572 9.78792 4 3 0.0167243 4.01061e-05 7.471 2 
0.634975 -7.59356e-06 -1 0.582948 0.223047 0.000652601 24.1186 2.67105e+06 3 55771.2 139.392 7.3687 2 1 494.718 58.8908 8.40061 4 3 0.0163013 3.95615e-05 7.44132 2 
0.635628 -7.61225e-06 -1 0.583094 0.223151 0.000652601 24.1442 2.67093e+06 3 67666.6 95.7695 8.90668 2 1 502.905 50.1728 10.0235 4 3 0.0173694 3.9906e-05 7.57847 2 
0.636281 -7.59e-06 -1 0.583239 0.223247 0.000652601 24.1697 2.67082e+06 3 56856.7 135.505 7.48644 2 1 455.825 42.1888 10.8044 4 3 0.0165329 3.87758e-05 7.52655 2 
0.636933 -7.58229e-06 -1 0.583385 0.223343 0.000652601 24.1954 2.67069e+06 3 53344.2 103.055 8.02922 2 1 444.302 32.2807 13.7637 4 3 0.0167084 3.38355e-05 7.90412 2 
0.637586 -7.57232e-06 -1 0.583531 0.223431 0.000652601 24.2211 2.67057e+06 3 69109.9 191.359 7.12137 2 1 502.399 40.353 12.4501 4 3 0.016679 2.94754e-05 8.27124 2 
0.638238 -7.58704e-06 -1 0.583676 0.223537 0.000652601 24.2468 2.67044e+06 3 71937.3 208.739 7.01106 2 1 974.968 29.9182 32.5878 4 3 0.0165279 2.6951e-05 8.49599 2 
0.638891 -7.45072e-06 -1 0.583822 0.22364 0.000652601 24.2725 2.67031e+06 3 56485.8 136.37 7.45429 2 1 501.641 37.0566 13.5371 4 3 0.0165499 2.52508e-05 8.68642 2 
0.639544 -7.53985e-06 -1 0.583968 0.223732 0.000652601 24.3023 2.66974e+06 3 52484.6 114.266 7.71563 2 1 522.732 40.8065 12.81 4 3 0.0166332 2.84627e-05 8.36052 2 
0.640196 -7.6408e-06 -1 0.584114 0.223834 0.000652601 24.3278 2.66963e+06 3 72927.5 130.35 8.23998 2 1 491.511 29.3154 16.7663 4 3 0.0165325 2.66611e-05 8.52746 2 
0.640849 -7.58123e-06 -1 0.58426 0.223914 0.000652601 24.3535 2.6695e+06 3 67879.5 158.02 7.54528 2 1 459.394 46.8968 9.79585 4 3 0.0165265 3.17009e-05 8.04828 2 
0.641501 -7.55955e-06 -1 0.584407 0.224019 0.000652601 24.379 2.6694e+06 3 50007.5 50.415 9.97298 2 1 506.094 27.6355 18.3132 4 3 0.0163336 3.07447e-05 8.0991 2 
0.642154 -7.56226e-06 -1 0.584553 0.224106 0.000652601 24.4046 2.66928e+06 3 59240 61.479 9.8771 2 1 508.609 19.7109 25.8035 4 3 0.0169565 3.34417e-05 7.97412 2 
0.642807 -7.56874e-06 -1 0.584699 0.224205 0.000652601 24.4302 2.66917e+06 3 55109.7 108.082 7.98899 2 1 539.186 28.4951 18.922 4 3 0.0163849 3.53592e-05 7.73833 2 
0.643459 -7.6233e-06 -1 0.584845 0.224303 0.000652601 24.4577 2.66885e+06 3 52322.9 81.4802 8.6274 2 1 520.924 29.1265 17.8849 4 3 0.0165508 3.67554e-05 7.66478 2 
0.644112 -7.67235e-06 -1 0.584992 0.224385 0.000652601 24.4833 2.66873e+06 3 71547.2 162.194 7.61237 2 1 530.125 31.0429 17.0772 4 3 0.0166801 3.72276e-05 7.65206 2 
0.644764 -7.72846e-06 -1 0.585138 0.224482 0.000652601 24.5132 2.66815e+06 3 70714.7 71.3079 9.9722 2 1 497.038 29.1996 17.0221 4 3 0.0162892 3.47882e-05 7.76526 2 
0.645417 -7.72292e-06 -1 0.585285 0.224585 0.000652601 24.5387 2.66805e+06 3 54383.9 107.471 7.96879 2 1 497.386 37.6598 13.2073 4 3 0.0166762 3.6966e-05 7.66947 2 
0.64607 -7.7456e-06 -1 0.585431 0.224678 0.000652601 24.5643 2.66794e+06 3 55901.1 144.208 7.29138 2 1 458.33 26.4049 17.3577 4 3 0.0171175 3.67304e-05 7.75303 2 
0.646722 -7.82053e-06 -1 0.585577 0.224767 0.000652601 24.5897 2.66784e+06 3 55026.5 153.748 7.09993 2 1 450.721 60.4049 7.46166 4 3 0.0160999 3.72141e-05 7.5632 2 
0.647375 -7.78439e-06 -1 0.585724 0.224867 0.000652601 24.6153 2.66773e+06 3 73793.3 70.1637 10.1695 2 1 488.685 53.1768 9.18981 4 3 0.0162396 3.70591e-05 7.59556 2 
0.648027 -7.84849e-06 -1 0.585871 0.224951 0.000652601 24.6408 2.66763e+06 3 72996 158.113 7.72877 2 1 536.432 54.7097 9.80507 4 3 0.0167399 3.6671e-05 7.69975 2 
0.64868 -7.85672e-06 -1 0.586017 0.225046 0.000652601 24.6665 2.66752e+06 3 70020.6 79.8876 9.57008 2 1 440.358 48.2073 9.13468 4 3 0.016751 3.70929e-05 7.67214 2 
0.649333 -7.84759e-06 -1 0.586164 0.225136 0.000652601 24.6961 2.66697e+06 3 61315.6 123.757 7.91287 2 1 485.462 42.5327 11.4138 4 3 0.0170049 3.81277e-05 7.64032 2 
0.649985 -7.79997e-06 -1 0.586311 0.225225 0.000652601 24.7217 2.66686e+06 3 67089.7 68.1702 9.94689 2 1 403.83 44.7673 9.02065 4 3 0.0164992 3.85014e-05 7.53926 2 
0.650638 -7.78043e-06 -1 0.586458 0.225318 0.000652601 24.7472 2.66675e+06 3 54039.2 83.7695 8.64054 2 1 424.742 33.5655 12.6541 4 3 0.0162347 3.83505e-05 7.50857 2 
0.65129 -7.80658e-06 -1 0.586605 0.225392 0.000652601 24.7728 2.66665e+06 3 71044 181.709 7.31224 2 1 472.459 49.5807 9.52909 4 3 0.0164541 3.7067e-05 7.62832 2 
0.651943 -7.73029e-06 -1 0.586752 0.225496 0.000652601 24.7983 2.66654e+06 3 72708.9 221.567 6.89753 2 1 435.719 29.866 14.5891 4 3 0.0162756 3.53773e-05 7.71977 2 
0.652596 -7.71415e-06 -1 0.5869 0.225601 0.000652601 24.8239 2.66644e+06 3 56002.2 116.64 7.83044 2 1 1181.25 40.6935 29.0281 4 3 0.0172811 3.54822e-05 7.86781 2 
0.653248 -7.67826e-06 -1 0.587047 0.225679 0.000652601 24.8494 2.66633e+06 3 71154.4 81.3122 9.56494 2 1 755.627 94.6151 7.98632 4 3 0.016794 3.38951e-05 7.91297 2 
0.653901 -7.74382e-06 -1 0.587194 0.22576 0.000652601 24.875 2.66622e+06 3 72250 137.769 8.06422 2 1 554.787 44.8722 12.3637 4 3 0.0165644 3.39292e-05 7.8741 2 
0.654553 -7.73763e-06 -1 0.587341 0.225857 0.000652601 24.9047 2.66568e+06 3 71124.5 67.662 10.1678 2 1 464.422 34.9367 13.2932 4 3 0.0164066 3.42366e-05 7.82544 2 
0.655206 -7.69015e-06 -1 0.587489 0.225941 0.000652601 24.9305 2.66555e+06 3 54771.2 108.574 7.96053 2 1 480.002 45.7505 10.4917 4 3 0.0166656 3.40821e-05 7.87828 2 
0.655859 -7.71617e-06 -1 0.587636 0.226034 0.000652601 24.956 2.66545e+06 3 67997 155.27 7.59394 2 1 1180.02 33.6918 35.0239 4 3 0.0166994 3.35431e-05 7.92561 2 
0.656511 -7.74148e-06 -1 0.587784 0.226119 0.000652601 24.9858 2.6649e+06 3 62475.5 38.9475 11.706 2 1 446.678 47.5483 9.39419 4 3 0.0168114 3.27002e-05 8.01095 2 
0.657164 -7.76048e-06 -1 0.587931 0.226205 0.000652601 25.0118 2.66475e+06 3 53525.1 103.083 8.03754 2 1 500.525 37.9269 13.1971 4 3 0.0168511 3.24222e-05 8.0401 2 
0.657816 -7.77929e-06 -1 0.588079 0.226296 0.000652601 25.0373 2.66465e+06 3 54351.4 93.6901 8.34012 2 1 489.24 30.1455 16.2293 4 3 0.0165326 3.32479e-05 7.92244 2 
0.658469 -7.815e-06 -1 0.588227 0.226384 0.000652601 25.0652 2.66429e+06 4 55989.8 100.883 4.8537 2 1 431.744 29.7203 14.5269 4 3 0.0169096 3.36801e-05 7.94792 2 
0.659122 -7.82595e-06 -1 0.588374 0.22647 0.000652601 25.095 2.66375e+06 3 54573.2 233.576 6.1591 2 1 465.541 45.2646 10.2849 4 3 0.0161996 3.41775e-05 7.79689 2 
0.659774 -7.88383e-06 -1 0.588522 0.226571 0.000652601 25.1206 2.66364e+06 3 60071.4 89.1004 8.76858 2 1 451.688 52.2472 8.64522 4 3 0.0170779 3.40001e-05 7.9491 2 
0.660427 -7.94219e-06 -1 0.58867 0.22664 0.000652601 25.1462 2.66353e+06 3 55767.5 146.686 7.24432 2 1 538.687 43.292 12.4431 4 3 0.0160049 3.29868e-05 7.85785 2 
0.661079 -7.97626e-06 -1 0.588818 0.226733 0.000652601 25.1719 2.66342e+06 3 74948.7 98.2472 9.13723 2 1 459.624 53.6068 8.57398 4 3 0.0166931 3.14601e-05 8.09579 2 
0.661732 -8.00726e-06 -1 0.588966 0.226806 0.000652601 25.1975 2.66331e+06 3 55356.4 87.9978 8.56838 2 1 540.144 43.1257 12.5249 4 3 0.0165643 3.02161e-05 8.18424 2 
0.662385 -8.06063e-06 -1 0.589114 0.226903 0.000652601 25.2231 2.66321e+06 3 53269.9 146.844 7.13196 2 1 474.398 41.3639 11.4689 4 3 0.0168874 2.89477e-05 8.35571 2 
0.663037 -8.08626e-06 -1 0.589262 0.226993 0.000652601 25.2487 2.6631e+06 3 64960.9 148.981 7.58299 2 1 449.98 28.5372 15.7682 4 3 0.0170818 2.819e-05 8.46213 2 
0.66369 -8.0571e-06 -1 0.58941 0.227074 0.000652601 25.2744 2.66299e+06 3 54696.7 139.141 7.32546 2 1 845.585 44.4175 19.0372 4 3 0.0166779 2.77878e-05 8.4352 2 
0.664342 -8.06872e-06 -1 0.589558 0.227158 0.000652601 25.3043 2.66243e+06 3 39548.1 29.8651 10.9813 2 1 545.199 37.273 14.6272 4 3 0.0168574 2.85656e-05 8.38781 2 
0.664995 -8.04084e-06 -1 0.589706 0.227235 0.000652601 25.3301 2.6623e+06 3 75356.7 153.13 7.89503 2 1 493.803 31.6433 15.6053 4 3 0.0163452 2.76676e-05 8.39085 2 
0.665648 -8.09721e-06 -1 0.589855 0.227324 0.000652601 25.3559 2.66219e+06 3 56510.8 126.655 7.64134 2 1 504.582 38.2148 13.2039 4 3 0.0168436 2.80002e-05 8.44159 2 
0.6663 -8.14841e-06 -1 0.590003 0.22741 0.000652601 25.3816 2.66207e+06 3 70151.8 83.2813 9.44417 2 1 480.682 25.5093 18.8434 4 3 0.0168294 2.77994e-05 8.4595 2 
0.666953 -8.14055e-06 -1 0.590151 0.227492 0.000652601 25.4073 2.66195e+06 3 63441.6 146.904 7.5587 2 1 494.676 19.9955 24.7394 4 3 0.0164464 2.72961e-05 8.44612 2 
0.667605 -8.24183e-06 -1 0.5903 0.227585 0.000652601 25.433 2.66184e+06 3 53042.1 139.599 7.2429 2 1 542.792 36.2165 14.9874 4 3 0.0160772 3.3699e-05 7.81384 2 
0.668258 -8.22331e-06 -1 0.590448 0.227659 0.000652601 25.4634 2.66124e+06 3 52390.6 98.3175 8.10726 2 1 482.906 38.1324 12.6639 4 4 0.0174508 1.94291e-05 5.47446 2 
0.668911 -8.16185e-06 -1 0.590597 0.227743 0.000652601 25.4957 2.66044e+06 3 59740.2 61.3491 9.91181 2 1 628.323 38.3976 16.3636 4 4 0.0166712 2.45231e-05 5.1062 2 
0.669563 -8.12786e-06 -1 0.590745 0.227822 0.000652601 25.5242 2.66004e+06 3 66668 137.779 7.85075 2 1 549.59 27.0661 20.3055 4 4 0.0160299 2.29917e-05 5.13854 2 
0.670216 -8.24414e-06 -1 0.590894 0.22791 0.000652601 25.5525 2.65966e+06 3 75155.2 147.676 7.98393 2 1 480.47 35.5602 13.5114 4 4 0.0167353 2.10163e-05 5.31214 2 
0.670868 -8.27774e-06 -1 0.591042 0.22798 0.000652601 25.5781 2.65955e+06 3 53689.6 93.5015 8.31171 2 1 474.178 60.8142 7.79715 4 3 0.0166102 8.84217e-05 5.72716 2 
0.671521 -8.24221e-06 -1 0.591191 0.228064 0.000652601 25.6038 2.65945e+06 3 56240.2 112.001 7.94831 2 1 479.759 52.701 9.10342 4 3 0.0165399 7.81099e-05 5.9604 2 
0.672174 -8.26666e-06 -1 0.59134 0.228151 0.000652601 25.6294 2.65934e+06 3 50025.4 126.299 7.34396 2 1 428.411 49.7305 8.61466 4 3 0.0169546 6.89175e-05 6.26594 2 
0.672826 -8.2991e-06 -1 0.591489 0.228236 0.000652601 25.655 2.65924e+06 3 55295 143.991 7.26858 2 1 462.153 51.9987 8.88778 4 3 0.0167598 6.66804e-05 6.31089 2 
0.673479 -8.35365e-06 -1 0.591638 0.228313 0.000652601 25.6806 2.65915e+06 3 74357 104.785 8.91952 2 1 438.142 51.2353 8.55158 4 3 0.0168879 6.36764e-05 6.42489 2 
0.674131 -8.37228e-06 -1 0.591787 0.228391 0.000652601 25.7063 2.65904e+06 3 41672.9 33.163 10.7911 2 1 431.139 39.1692 11.0071 4 3 0.0167443 5.47543e-05 6.73725 2 
0.674784 -8.35911e-06 -1 0.591936 0.228467 0.000652601 25.732 2.65893e+06 3 63160.6 142.471 7.62501 2 1 579.946 41.0932 14.1129 4 3 0.0167612 4.88952e-05 6.99863 2 
0.675437 -8.34306e-06 -1 0.592085 0.228556 0.000652601 25.7575 2.65884e+06 3 75746.8 159.512 7.80173 2 1 453.063 40.645 11.1468 4 3 0.0165069 4.61464e-05 7.09864 2 
0.676089 -8.38439e-06 -1 0.592234 0.228631 0.000652601 25.7832 2.65874e+06 3 57939.2 54.7166 10.1926 2 1 447.093 31.2296 14.3163 4 3 0.0165937 4.55633e-05 7.14128 2 
0.676742 -8.34318e-06 -1 0.592383 0.228697 0.000652601 25.8089 2.65863e+06 3 72522.2 126.121 8.31563 2 1 461.508 50.8601 9.07408 4 3 0.0167564 4.5655e-05 7.15974 2 
0.677394 -8.3781e-06 -1 0.592533 0.228792 0.000652601 25.8346 2.65852e+06 3 59471.6 172.73 7.00886 2 1 479.768 38.1493 12.576 4 3 0.016457 4.43948e-05 7.18355 2 
0.678047 -8.49289e-06 -1 0.592682 0.228857 0.000652601 25.8603 2.65841e+06 3 75679.9 136.179 8.2216 2 1 503.938 42.1717 11.9497 4 3 0.0169982 3.90068e-05 7.58148 2 
0.6787 -8.52692e-06 -1 0.592831 0.228947 0.000652601 25.8901 2.65788e+06 3 75625.5 126.786 8.41781 2 1 503.155 36.8104 13.6688 4 3 0.0163862 3.36824e-05 7.86487 2 
0.679352 -8.50507e-06 -1 0.592981 0.229016 0.000652601 25.9159 2.65776e+06 3 55635.7 147.98 7.21744 2 1 480.516 25.7102 18.6897 4 3 0.0172503 3.08531e-05 8.2382 2 
0.680005 -8.4499e-06 -1 0.59313 0.229111 0.000652601 25.9417 2.65764e+06 3 53411.9 126.533 7.50145 2 1 598.356 36.499 16.3937 4 3 0.0170439 3.06661e-05 8.22185 2 
0.680657 -8.50361e-06 -1 0.59328 0.229184 0.000652601 25.9674 2.65754e+06 3 76899.4 146.839 8.06047 2 1 496.875 37.0213 13.4213 4 3 0.0163505 3.18444e-05 8.00754 2 
0.68131 -8.48823e-06 -1 0.593429 0.229253 0.000652601 25.9931 2.65743e+06 3 70984.8 39.763 12.131 2 1 487.358 32.3553 15.0627 4 3 0.0161328 3.03742e-05 8.09844 2 
0.681963 -8.57335e-06 -1 0.593579 0.229336 0.000652601 26.0189 2.65732e+06 3 76297.3 147.59 8.02572 2 1 541.624 39.5075 13.7094 4 3 0.0168977 3.13817e-05 8.1355 2 
0.682615 -8.54531e-06 -1 0.593728 0.229416 0.000652601 26.0447 2.6572e+06 3 55236.7 146.834 7.21882 2 1 458.311 55.0123 8.33106 4 3 0.0168824 3.10332e-05 8.16337 2 
0.683268 -8.56678e-06 -1 0.593878 0.229489 0.000652601 26.0708 2.65706e+06 3 52747.5 99.6358 8.08963 2 1 461.819 47.7718 9.66719 4 3 0.0165867 2.87121e-05 8.32846 2 
0.68392 -8.53232e-06 -1 0.594028 0.229559 0.000652601 26.1008 2.65651e+06 3 52954 57.9673 9.70298 2 1 441.06 39.8396 11.0709 4 3 0.0167214 2.46083e-05 8.79152 2 
0.684573 -8.57295e-06 -1 0.594177 0.229638 0.000652601 26.1267 2.65638e+06 3 54899.5 126.684 7.56744 2 1 611.284 36.5415 16.7285 4 3 0.0156574 2.32431e-05 8.76614 2 
0.685226 -8.57816e-06 -1 0.594327 0.229711 0.000652601 26.1526 2.65627e+06 3 61532.6 120.89 7.98434 2 1 428.326 21.8389 19.613 4 3 0.0153223 2.33546e-05 8.68927 2 
0.685878 -8.49695e-06 -1 0.594477 0.229792 0.000652601 26.1783 2.65615e+06 3 60178.1 85.9377 8.88011 2 1 432.286 33.3838 12.949 4 3 0.0166059 2.18898e-05 9.12025 2 
0.686531 -8.45203e-06 -1 0.594627 0.229865 0.000652601 26.2041 2.65604e+06 3 73373.3 133.2 8.19743 2 1 564.682 34.6106 16.3153 4 3 0.0169874 2.17656e-05 9.20701 2 
0.687183 -8.33739e-06 -1 0.594777 0.229935 0.000652601 26.2297 2.65594e+06 3 54083.8 142.143 7.24626 2 1 506.323 35.5721 14.2337 4 3 0.0162544 2.02738e-05 9.28991 2 
0.687836 -8.36656e-06 -1 0.594927 0.23002 0.000652601 26.2556 2.65583e+06 3 60298.3 141.745 7.52084 2 1 516.998 41.2914 12.5207 4 3 0.0171093 2.02124e-05 9.45958 2 
0.688489 -8.36635e-06 -1 0.595077 0.23009 0.000652601 26.2813 2.65573e+06 3 67902.7 51.7223 10.9497 2 1 470.11 30.6761 15.3249 4 3 0.0166162 2.02017e-05 9.36947 2 
0.689141 -8.37637e-06 -1 0.595227 0.230155 0.000652601 26.3112 2.6552e+06 3 54629.9 130.56 7.47951 2 1 426.997 37.149 11.4942 4 3 0.0170153 1.99701e-05 9.48024 2 
0.689794 -8.3901e-06 -1 0.595378 0.230236 0.000652601 26.337 2.65508e+06 3 53552.5 108.216 7.90975 2 1 583.512 37.0872 15.7335 4 3 0.0164736 1.99066e-05 9.38853 2 
0.690446 -8.38831e-06 -1 0.595528 0.230305 0.000652601 26.3628 2.65497e+06 3 54497 157.829 7.01555 2 1 524.636 23.8858 21.9643 4 3 0.0170203 1.78593e-05 9.84089 2 
0.691099 -8.40587e-06 -1 0.595678 0.23038 0.000652601 26.3886 2.65486e+06 3 54677.4 121.543 7.6623 2 1 544.337 43.0904 12.6324 4 3 0.0169812 1.72826e-05 9.94153 2 
0.691752 -8.47907e-06 -1 0.595829 0.230465 0.000652601 26.4145 2.65474e+06 3 73976.5 104.438 8.91411 2 1 548.151 25.5807 21.4283 4 3 0.0167022 1.73195e-05 9.87976 2 
0.692404 -8.47047e-06 -1 0.595979 0.230521 0.000652601 26.4422 2.65444e+06 3 78494.6 140.575 8.23463 2 1 597.231 40.6215 14.7023 4 3 0.0171346 1.84663e-05 9.75358 2 
0.693057 -8.54239e-06 -1 0.596129 0.2306 0.000652601 26.4682 2.6543e+06 3 53987.3 116.903 7.72956 2 1 596.136 35.3669 16.8558 4 3 0.0166069 1.8928e-05 9.57329 2 
0.693709 -8.56138e-06 -1 0.59628 0.230675 0.000652601 26.4976 2.65383e+06 3 56238.1 160.091 7.05594 2 1 651.077 54.0711 12.0411 4 3 0.0169536 1.95402e-05 9.53772 2 
0.694362 -8.65984e-06 -1 0.59643 0.230737 0.000652601 26.5234 2.65372e+06 3 76976 135.335 8.28543 2 1 533.566 91.6585 5.82124 4 3 0.0161286 1.89916e-05 9.46989 2 
0.695015 -8.67364e-06 -1 0.596581 0.230823 0.000652601 26.5494 2.65359e+06 3 70281.6 143.576 7.8811 2 1 451.353 70.5754 6.39533 4 3 0.0162769 1.87555e-05 9.53852 2 
0.695667 -8.66467e-06 -1 0.596731 0.230873 0.000652601 26.5752 2.65347e+06 3 76466.9 170.494 7.65458 2 1 494.476 64.6702 7.64612 4 3 0.016913 1.86881e-05 9.67279 2 
0.69632 -8.69315e-06 -1 0.596882 0.230962 0.000652601 26.6012 2.65335e+06 3 54586.7 99.3731 8.18979 2 1 554.52 89.7263 6.18013 4 3 0.0168059 1.86773e-05 9.65418 2 
0.696972 -8.75327e-06 -1 0.597033 0.231054 0.000652601 26.6273 2.65321e+06 3 73308.5 153.491 7.81671 2 1 432.364 44.3713 9.74423 4 3 0.0171224 1.88893e-05 9.67794 2 
0.697625 -8.71992e-06 -1 0.597183 0.231101 0.000652601 26.6531 2.6531e+06 3 52782.4 154.836 6.98563 2 1 509.387 65.8921 7.73062 4 3 0.0168938 1.90541e-05 9.60681 2 
0.698278 -8.70204e-06 -1 0.597334 0.231157 0.000652601 26.679 2.65298e+06 3 54912.2 207.812 6.41701 2 1 452.922 48.4437 9.34944 4 3 0.0172287 1.91893e-05 9.64712 2 
0.69893 -8.74233e-06 -1 0.597485 0.231236 0.000652601 26.7115 2.6522e+06 4 79487.6 114.3 5.13527 2 1 444.936 41.3382 10.7633 4 3 0.0165022 1.92225e-05 9.50409 2 
0.699583 -8.69834e-06 -1 0.597636 0.231303 0.000652601 26.7376 2.65207e+06 3 75280.1 100.977 9.06746 2 1 467.774 71.8584 6.50966 4 3 0.0173652 1.9045e-05 9.6969 2 
0.700235 -8.69923e-06 -1 0.597787 0.231377 0.000652601 26.7636 2.65194e+06 3 66034.2 115.544 8.29865 2 1 484.674 70.2927 6.89507 4 3 0.0171178 1.85046e-05 9.74368 2 
0.700888 -8.70004e-06 -1 0.597938 0.231439 0.000652601 26.7896 2.65181e+06 3 53169 144.542 7.16509 2 1 736.296 35.6906 20.63 4 3 0.0164649 1.81681e-05 9.6772 2 
0.701541 -8.71801e-06 -1 0.598089 0.231516 0.000652601 26.8157 2.65167e+06 3 71127.8 134.946 8.0778 2 1 435.691 54.7157 7.96282 4 3 0.0165975 1.7597e-05 9.80696 2 
0.702193 -8.79959e-06 -1 0.59824 0.231576 0.000652601 26.8443 2.6513e+06 4 79054.4 52.8295 6.2196 2 1 624.459 36.9799 16.8864 4 3 0.0168814 1.67094e-05 10.0342 2 
0.702846 -8.77763e-06 -1 0.598391 0.231652 0.000652601 26.8704 2.65115e+06 3 77956.1 166.081 7.7716 2 1 453.1 50.0929 9.04519 4 3 0.0166518 1.59642e-05 10.1416 2 
0.703498 -8.70582e-06 -1 0.598542 0.231717 0.000652601 26.9008 2.6506e+06 3 77306.4 136.287 8.2779 2 1 564.41 28.7203 19.652 4 3 0.0161817 1.52424e-05 10.2013 2 
0.704151 -8.73814e-06 -1 0.598694 0.231788 0.000652601 26.9271 2.65044e+06 3 77804 148.097 8.06898 2 1 641.379 69.9685 9.16667 4 3 0.0167937 1.48793e-05 10.4117 2 
0.704804 -8.68556e-06 -1 0.598845 0.231852 0.000652601 26.9535 2.65028e+06 3 51390 65.524 9.22202 2 1 434.73 43.5606 9.97988 4 3 0.0172226 1.47067e-05 10.5405 2 
0.705456 -8.67731e-06 -1 0.598996 0.231922 0.000652601 26.9797 2.65013e+06 3 51289.8 60.1456 9.48293 2 1 444.222 42.7954 10.3801 4 3 0.0165994 1.48397e-05 10.3806 2 
0.706109 -8.69673e-06 -1 0.599147 0.231984 0.000652601 27.0061 2.64997e+06 3 51125 140.65 7.13671 2 1 431.527 55.5228 7.77207 4 3 0.016847 1.48746e-05 10.4238 2 
0.706761 -8.74102e-06 -1 0.599298 0.232057 0.000652601 27.0325 2.6498e+06 3 52011.4 120.879 7.54946 2 1 440.252 42.4783 10.3642 4 3 0.016855 1.50276e-05 10.3899 2 
0.707414 -8.73323e-06 -1 0.59945 0.232118 0.000652601 27.0587 2.64966e+06 3 72778.9 146.358 7.92252 2 1 442.014 36.5709 12.0865 4 3 0.0174048 1.52002e-05 10.4618 2 
0.708067 -8.80694e-06 -1 0.599601 0.232198 0.000652601 27.0894 2.64908e+06 3 55146.2 138.316 7.36006 2 1 461.586 32.4932 14.2056 4 3 0.0173793 2.03571e-05 9.4865 2 
0.708719 -8.84651e-06 -1 0.599753 0.232253 0.000652601 27.1161 2.64889e+06 3 54466.1 130.58 7.47165 2 1 410.217 45.2896 9.05764 4 3 0.0171942 7.29005e-05 6.17851 2 
0.709372 -8.87056e-06 -1 0.599904 0.232327 0.000652601 27.1451 2.64847e+06 3 53422.4 92.6857 8.32218 2 1 542.176 42.3752 12.7947 4 4 0.0161225 2.11349e-05 5.25543 2 
0.710024 -8.8568e-06 -1 0.600056 0.23239 0.000652601 27.1742 2.64805e+06 3 51221.1 153.859 6.93066 2 1 421.502 30.1073 14 4 4 0.0161815 1.97938e-05 5.34715 2 
0.710677 -8.86321e-06 -1 0.600207 0.232441 0.000652601 27.2003 2.64792e+06 3 64068.3 59.4981 10.2498 2 1 510.653 24.3522 20.9695 4 3 0.0168512 9.2888e-05 5.66097 2 
0.71133 -8.8689e-06 -1 0.600359 0.23251 0.000652601 27.2267 2.64776e+06 3 61409.6 163.96 7.20829 2 1 472.645 21.4195 22.0662 4 3 0.0167897 8.06797e-05 5.92597 2 
0.711982 -8.97359e-06 -1 0.600511 0.232577 0.000652601 27.2529 2.64761e+06 3 53365.7 121.634 7.59864 2 1 505.733 37.4854 13.4915 4 3 0.0171329 7.01819e-05 6.24984 2 
0.712635 -9.05321e-06 -1 0.600663 0.232646 0.000652601 27.2792 2.64746e+06 3 75869.8 133.404 8.28513 2 1 446.521 35.337 12.6361 4 3 0.016837 6.2032e-05 6.47466 2 
0.713287 -9.1173e-06 -1 0.600815 0.232698 0.000652601 27.3096 2.64692e+06 3 53412.9 148.929 7.10486 2 1 466.491 19.3015 24.1686 4 3 0.0162152 6.00746e-05 6.46265 2 
0.71394 -9.15041e-06 -1 0.600967 0.232775 0.000652601 27.3359 2.64677e+06 3 53797.2 148.759 7.12457 2 1 452.565 23.0218 19.6581 4 3 0.0173408 5.74323e-05 6.70869 2 
0.714593 -9.21649e-06 -1 0.601119 0.232823 0.000652601 27.3622 2.64662e+06 3 69335 84.6402 9.35676 2 1 472.654 27.5302 17.1685 4 3 0.0168855 4.93234e-05 6.99553 2 
0.715245 -9.17866e-06 -1 0.60127 0.2329 0.000652601 27.3884 2.64648e+06 3 80718.4 143.048 8.26348 2 1 487.49 23.998 20.3138 4 3 0.0164515 4.37299e-05 7.21898 2 
0.715898 -9.16918e-06 -1 0.601422 0.232962 0.000652601 27.4146 2.64634e+06 3 53347.5 122.619 7.57738 2 1 560.889 32.5377 17.2381 4 3 0.0178629 4.12573e-05 7.56515 2 
0.71655 -9.23221e-06 -1 0.601574 0.233018 0.000652601 27.4407 2.64621e+06 3 52093.1 24.1942 12.9129 2 1 416.967 34.3049 12.1548 4 3 0.0174507 4.09506e-05 7.52519 2 
0.717203 -9.25351e-06 -1 0.601726 0.233076 0.000652601 27.469 2.64587e+06 3 54912 153.549 7.09807 2 1 471.785 55.1282 8.55797 4 3 0.0170549 4.1524e-05 7.43333 2 
0.717856 -9.26763e-06 -1 0.601878 0.233142 0.000652601 27.4994 2.64533e+06 3 76704.2 145.119 8.08534 2 1 453.901 53.9433 8.41443 4 3 0.0166893 3.98402e-05 7.48237 2 
0.718508 -9.19575e-06 -1 0.60203 0.233201 0.000652601 27.5258 2.64518e+06 3 66014.3 75.3479 9.56876 2 1 422.882 49.4196 8.55697 4 3 0.0159332 3.44944e-05 7.73011 2 
0.719161 -9.2041e-06 -1 0.602183 0.233269 0.000652601 27.5519 2.64505e+06 3 52820.6 153.01 7.01501 2 1 507.752 46.2297 10.9833 4 3 0.0149658 3.00863e-05 7.92337 2 
0.719813 -9.19545e-06 -1 0.602335 0.233318 0.000652601 27.5783 2.64489e+06 3 62859.4 136.85 7.7157 2 1 412.619 51.4914 8.01336 4 3 0.0157883 2.71387e-05 8.34798 2 
0.720466 -9.17114e-06 -1 0.602487 0.23339 0.000652601 27.6045 2.64475e+06 3 51873.8 107.165 7.85171 2 1 416.468 48.228 8.6354 4 3 0.0174904 2.83145e-05 8.51654 2 
0.721119 -9.15943e-06 -1 0.602639 0.23345 0.000652601 27.6307 2.64461e+06 3 72483.6 96.8683 9.07861 2 1 439.026 41.0147 10.7041 4 3 0.0166062 2.84418e-05 8.35803 2 
0.721771 -9.21649e-06 -1 0.602792 0.233503 0.000652601 27.6569 2.64448e+06 3 79282.6 70.8022 10.3843 2 1 506.579 39.2411 12.9094 4 3 0.0171596 2.7746e-05 8.51991 2 
0.722424 -9.27649e-06 -1 0.602944 0.233576 0.000652601 27.683 2.64435e+06 3 80831.2 149.088 8.15415 2 1 459.641 27.5898 16.6598 4 3 0.0169689 2.85168e-05 8.41106 2 
0.723076 -9.24089e-06 -1 0.603097 0.233633 0.000652601 27.7134 2.64382e+06 3 82350.2 146.977 8.244 2 1 442.204 47.3348 9.34203 4 3 0.0175854 2.72262e-05 8.64414 2 
0.723729 -9.28495e-06 -1 0.603249 0.233685 0.000652601 27.7395 2.64369e+06 3 51388.5 105.238 7.87464 2 1 436.558 37.9748 11.496 4 3 0.0171471 2.52072e-05 8.79472 2 
0.724382 -9.41235e-06 -1 0.603402 0.233737 0.000652601 27.7658 2.64355e+06 3 53926.1 114 7.79168 2 1 448.836 32.0371 14.0099 4 3 0.0171093 2.05135e-05 9.41306 2 
0.725034 -9.38794e-06 -1 0.603554 0.233804 0.000652601 27.7921 2.64341e+06 3 53568.5 50.4335 10.2031 2 1 474.148 32.9488 14.3905 4 3 0.0176548 1.84501e-05 9.85419 2 
0.725687 -9.35693e-06 -1 0.603707 0.233867 0.000652601 27.8182 2.64328e+06 3 78102.6 121.429 8.63207 2 1 397.602 31.9552 12.4425 4 3 0.017088 1.67886e-05 10.0591 2 
0.726339 -9.38293e-06 -1 0.603859 0.233927 0.000652601 27.8446 2.64313e+06 3 67328.4 112.027 8.43902 2 1 457.245 41.1965 11.0991 4 3 0.0169243 1.86271e-05 9.6855 2 
0.726992 -9.41616e-06 -1 0.604012 0.23398 0.000652601 27.871 2.64298e+06 3 57790.5 144.916 7.3606 2 1 431.612 29.7643 14.501 4 3 0.0171256 1.9481e-05 9.57955 2 
0.727645 -9.46011e-06 -1 0.604164 0.234039 0.000652601 27.9016 2.64243e+06 3 81935.1 120.058 8.80425 2 1 446.435 30.909 14.4436 4 3 0.0169797 1.79184e-05 9.82225 2 
0.728297 -9.43081e-06 -1 0.604317 0.23409 0.000652601 27.928 2.64228e+06 3 78671.8 146.067 8.13622 2 1 559.612 53.8577 10.3906 4 3 0.0160244 1.76869e-05 9.67632 2 
0.72895 -9.42753e-06 -1 0.60447 0.234157 0.000652601 27.9543 2.64214e+06 3 52992.7 68.8879 9.16272 2 1 461.018 49.371 9.33782 4 3 0.0166315 1.84377e-05 9.66219 2 
0.729602 -9.47443e-06 -1 0.604622 0.234204 0.000652601 27.9806 2.64199e+06 3 81315.8 180.927 7.65991 2 1 1197.92 50.1091 23.9063 4 3 0.0175514 1.80263e-05 9.9114 2 
0.730255 -9.53844e-06 -1 0.604775 0.234271 0.000652601 28.0069 2.64185e+06 3 52550.6 147.918 7.08248 2 1 481.987 36.6916 13.1362 4 3 0.0170073 1.72558e-05 9.95176 2 
0.730908 -9.51241e-06 -1 0.604928 0.234312 0.000652601 28.0333 2.64171e+06 3 54190.6 208.031 6.38654 2 1 443.249 36.9397 11.9993 4 3 0.0171747 1.39753e-05 10.7113 2 
0.73156 -9.53934e-06 -1 0.605081 0.234384 0.000652601 28.0593 2.64159e+06 3 51869.5 150.182 7.01614 2 1 522.213 30.4071 17.174 4 3 0.0170791 1.35562e-05 10.8005 2 
0.732213 -9.56471e-06 -1 0.605234 0.234438 0.000652601 28.0896 2.64107e+06 3 51775 72.4852 8.93903 2 1 509.155 28.5587 17.8284 4 3 0.0178717 1.35082e-05 10.978 2 
0.732865 -9.54421e-06 -1 0.605387 0.234484 0.000652601 28.116 2.64092e+06 3 51657.5 140.598 7.16229 2 1 429.266 17.2729 24.852 4 3 0.017371 1.31576e-05 10.9702 2 
0.733518 -9.56522e-06 -1 0.60554 0.234553 0.000652601 28.1422 2.6408e+06 3 76329.6 107.687 8.91612 2 1 464.775 24.4427 19.0149 4 3 0.0179093 1.2582e-05 11.2489 2 
0.734171 -9.5676e-06 -1 0.605693 0.234612 0.000652601 28.1637 2.64111e+06 1 467.191 112.398 4.15659 2 1 481.33 44.198 10.8903 4 3 0.0174027 1.26481e-05 11.1224 2 
0.734823 -9.58175e-06 -1 0.605846 0.234665 0.000652601 28.1897 2.64099e+06 3 52791.7 125.918 7.48445 2 1 508.362 30.933 16.4343 4 3 0.0166066 1.23321e-05 11.0429 2 
0.735476 -9.61868e-06 -1 0.605999 0.234714 0.000652601 28.2159 2.64087e+06 3 54430.4 143.874 7.23247 2 1 527.444 21.7418 24.2595 4 3 0.0168102 1.15666e-05 11.3272 2 
0.736128 -9.59671e-06 -1 0.606153 0.234773 0.000652601 28.2419 2.64075e+06 3 67842.1 126.399 8.12677 2 1 465.045 25.0875 18.5369 4 3 0.0173191 1.14926e-05 11.4649 2 
0.736781 -9.42773e-06 -1 0.606306 0.234831 0.000652601 28.268 2.64063e+06 3 63941.4 126.491 7.96602 2 1 450.288 32.3358 13.9254 4 3 0.017219 1.21884e-05 11.2207 2 
0.737434 -9.39201e-06 -1 0.606459 0.234879 0.000652601 28.2972 2.64022e+06 3 52992.5 107.43 7.90126 2 1 581.076 44.5116 13.0545 4 3 0.0164601 1.22602e-05 11.0318 2 
0.738086 -9.41036e-06 -1 0.606612 0.234933 0.000652601 28.3235 2.64009e+06 3 54476.4 139.244 7.31381 2 1 451.607 22.8173 19.7923 4 3 0.0168293 1.11201e-05 11.4812 2 
0.738739 -9.40076e-06 -1 0.606766 0.23498 0.000652601 28.3471 2.64021e+06 3 81610.9 148.197 8.19665 2 1 424.988 23.8886 17.7904 4 2 0.0174349 8.54938e-05 14.2804 2 
0.739391 -9.48619e-06 -1 0.606919 0.235038 0.000652601 28.3729 2.64011e+06 4 77399.5 124.671 4.99163 2 1 430.629 44.976 9.57463 4 2 0.0175158 7.55446e-05 15.227 2 
0.740044 -9.48356e-06 -1 0.607072 0.235094 0.000652601 28.3987 2.64002e+06 4 59537.5 69.4252 5.41151 2 1 928.525 50.5794 18.3578 4 2 0.0166987 7.71864e-05 14.7086 2 
0.740697 -9.47736e-06 -1 0.607225 0.235146 0.000652601 28.4221 2.64016e+06 3 72337.8 75.6815 9.8505 2 1 431.335 44.6768 9.65456 4 2 0.0173535 8.76538e-05 14.0704 2 
0.741349 -9.50247e-06 -1 0.607379 0.235208 0.000652601 28.4474 2.64011e+06 3 82714.6 200.758 7.44109 2 1 473.739 42.5558 11.1322 4 2 0.0180154 9.69164e-05 13.634 2 
0.742002 -9.5936e-06 -1 0.607532 0.235255 0.000652601 28.4735 2.63999e+06 3 53233 149.224 7.09219 2 1 436.526 78.5885 5.55458 4 3 0.0180294 9.86502e-06 12.2263 2 
0.742654 -9.61638e-06 -1 0.607686 0.235297 0.000652601 28.5039 2.63947e+06 3 60368.2 105.377 8.30527 2 1 417.76 42.3815 9.85713 4 3 0.0178346 1.05683e-05 11.9056 2 
0.743307 -9.65585e-06 -1 0.607839 0.235361 0.000652601 28.53 2.63935e+06 3 52727.6 103.333 7.99098 2 1 436.694 35.9741 12.1391 4 3 0.0171328 1.10443e-05 11.5761 2 
0.74396 -9.69289e-06 -1 0.607993 0.235409 0.000652601 28.5585 2.63901e+06 4 81573.5 71.7854 5.80602 2 1 440.803 30.3569 14.5207 4 3 0.0169516 1.10985e-05 11.5164 2 
0.744612 -9.72837e-06 -1 0.608147 0.23546 0.000652601 28.5848 2.63889e+06 3 67777.7 151.449 7.64904 2 1 410.335 41.574 9.87 4 3 0.0172692 1.08277e-05 11.6836 2 
0.745265 -9.70045e-06 -1 0.6083 0.235507 0.000652601 28.6108 2.63878e+06 3 67540.8 158.56 7.52416 2 1 424.26 45.0652 9.41436 4 3 0.0174319 1.07882e-05 11.7345 2 
0.745917 -9.73594e-06 -1 0.608454 0.235558 0.000652601 28.6369 2.63866e+06 3 63117.8 149.91 7.49503 2 1 466.113 49.8704 9.34649 4 3 0.0169682 1.07813e-05 11.632 2 
0.74657 -9.85141e-06 -1 0.608608 0.235607 0.000652601 28.6629 2.63855e+06 3 60980.4 111.138 8.18671 2 1 443.126 29.1858 15.1829 4 3 0.0175449 1.1064e-05 11.6613 2 
0.747223 -9.95948e-06 -1 0.608761 0.235653 0.000652601 28.6931 2.63806e+06 3 76567.8 150.988 7.97446 2 1 407.528 33.9759 11.9946 4 3 0.0170841 1.14734e-05 11.4191 2 
0.747875 -9.92672e-06 -1 0.608915 0.235706 0.000652601 28.7193 2.63793e+06 3 84348.7 168.052 7.94715 2 1 791.312 33.6033 23.5486 4 3 0.0174562 1.63529e-05 10.22 2 
0.748528 -9.88048e-06 -1 0.609069 0.23578 0.000652601 28.7455 2.63781e+06 3 81539.7 125.896 8.65204 2 1 523.656 44.8485 11.6761 4 3 0.0178508 5.34454e-05 6.93824 2 
0.74918 -9.83783e-06 -1 0.609223 0.235804 0.000652601 28.7742 2.63745e+06 3 56144.6 126.7 7.62389 2 1 415.458 34.067 12.1953 4 4 0.0172731 2.43308e-05 5.16183 2 
0.749833 -9.82656e-06 -1 0.609377 0.235856 0.000652601 28.803 2.63709e+06 3 54466.8 153.346 7.08196 2 1 533.2 34.2084 15.5868 4 4 0.0165368 2.49636e-05 5.07324 2 
0.750486 -9.89861e-06 -1 0.60953 0.235912 0.000652601 28.8318 2.63673e+06 3 51889.3 56.887 9.69814 2 1 411.248 39.3984 10.4382 4 4 0.018202 2.31555e-05 5.295 2 
0.751138 -9.93699e-06 -1 0.609684 0.235954 0.000652601 28.858 2.63661e+06 3 54961.7 113.826 7.84525 2 1 398.177 39.9677 9.96245 4 3 0.0178392 9.76968e-05 5.67324 2 
0.751791 -1.00093e-05 -1 0.609838 0.236 0.000652601 28.8843 2.63648e+06 3 83209.4 86.4605 9.87306 2 1 434.311 33.6624 12.902 4 3 0.0175522 8.52344e-05 5.90526 2 
0.752443 -1.01379e-05 -1 0.609992 0.236053 0.000652601 28.9147 2.63597e+06 3 71833.1 127.785 8.25306 2 1 399.909 30.1933 13.2449 4 3 0.0168244 7.47032e-05 6.08415 2 
0.753096 -1.01605e-05 -1 0.610146 0.236114 0.000652601 28.9409 2.63585e+06 3 85338.2 148.863 8.30715 2 1 426.62 27.7306 15.3845 4 3 0.0158507 6.91184e-05 6.12094 2 
0.753749 -1.02661e-05 -1 0.6103 0.236155 0.000652601 28.967 2.63574e+06 3 78928 152.825 8.02316 2 1 433.501 34.9382 12.4077 4 3 0.0170266 6.7338e-05 6.32348 2 
0.754401 -1.00955e-05 -1 0.610454 0.236186 0.000652601 28.9934 2.6356e+06 3 83421.8 143.486 8.34622 2 1 529.228 33.9597 15.584 4 3 0.0176012 5.91446e-05 6.6764 2 
0.755054 -9.97989e-06 -1 0.610608 0.236241 0.000652601 29.0193 2.6355e+06 3 53035 94.471 8.24938 2 1 688.554 47.9842 14.3496 4 3 0.0176419 5.14999e-05 6.99702 2 
0.755706 -1.00338e-05 -1 0.610763 0.236297 0.000652601 29.0456 2.63537e+06 3 84838.9 131.488 8.64111 2 1 544.686 30.4565 17.8841 4 3 0.0169193 4.86715e-05 7.03131 2 
0.756359 -1.00279e-05 -1 0.610917 0.236338 0.000652601 29.0717 2.63526e+06 3 54426.4 110.968 7.88625 2 1 414.388 28.1345 14.7289 4 3 0.0179578 4.7553e-05 7.22811 2 
0.757012 -1.00262e-05 -1 0.611071 0.236388 0.000652601 29.1022 2.63475e+06 3 53390.2 148.487 7.1109 2 1 497.103 27.3841 18.153 4 3 0.017201 4.76116e-05 7.1222 2 
0.757664 -1.00402e-05 -1 0.611225 0.236439 0.000652601 29.1284 2.63464e+06 3 53576.7 29.1907 12.2436 2 1 444.628 21.1871 20.9858 4 3 0.0180869 4.63399e-05 7.30807 2 
0.758317 -1.01164e-05 -1 0.61138 0.236479 0.000652601 29.1522 2.63473e+06 2 33496.6 182.98 13.53 2 1 432.224 28.5089 15.161 4 3 0.017745 4.0618e-05 7.58786 2 
0.758969 -1.01865e-05 -1 0.611534 0.236513 0.000652601 29.1783 2.63462e+06 3 83592.8 191.238 7.58923 2 1 641.124 25.5618 25.0813 4 3 0.0183217 3.50611e-05 8.05464 2 
0.759622 -1.01963e-05 -1 0.611689 0.236562 0.000652601 29.2044 2.63451e+06 3 74418.4 157.273 7.79246 2 1 519.746 35.2058 14.7631 4 3 0.0182112 3.20768e-05 8.28036 2 
0.760275 -1.03428e-05 -1 0.611843 0.236609 0.000652601 29.2302 2.63442e+06 3 79122.3 140.69 8.25427 2 1 428.46 24.6067 17.4124 4 3 0.0176023 3.28844e-05 8.11945 2 
0.760927 -1.03487e-05 -1 0.611997 0.236658 0.000652601 29.2563 2.63432e+06 3 54299.2 152.182 7.09267 2 1 408.799 24.8771 16.4327 4 3 0.0178413 3.30853e-05 8.13949 2 
0.76158 -1.03713e-05 -1 0.612151 0.2367 0.000652601 29.2823 2.63422e+06 3 84674.7 151.248 8.24178 2 1 1081.54 35.1324 30.7848 4 3 0.0175491 3.23422e-05 8.15633 2 
0.762232 -1.03911e-05 -1 0.612306 0.236756 0.000652601 29.3125 2.63374e+06 3 70074.2 112.566 8.53853 2 1 411.661 52.3467 7.86413 4 3 0.0169338 3.31628e-05 7.99283 2 
0.762885 -1.04186e-05 -1 0.61246 0.236797 0.000652601 29.3386 2.63363e+06 3 64543.9 54.5041 10.5797 2 1 419.998 45.4485 9.24119 4 3 0.0160645 3.18127e-05 7.96322 2 
0.763538 -1.04668e-05 -1 0.612615 0.23685 0.000652601 29.3647 2.63352e+06 3 54140.3 100.663 8.13235 2 1 470.505 53.4464 8.80331 4 3 0.0160432 2.88511e-05 8.22323 2 
0.76419 -1.04508e-05 -1 0.612769 0.236882 0.000652601 29.3921 2.63329e+06 3 50782.9 81.6778 8.53502 2 1 378.176 42.6972 8.85716 4 3 0.0179936 2.4018e-05 9.08226 2 
0.764843 -1.04475e-05 -1 0.612924 0.236934 0.000652601 29.4185 2.63316e+06 3 54536.5 52.4263 10.1324 2 1 420.147 42.3261 9.92645 4 3 0.0176095 2.18278e-05 9.30921 2 
0.765495 -1.04714e-05 -1 0.613078 0.236977 0.000652601 29.4446 2.63305e+06 3 52003.2 139.814 7.19162 2 1 416.675 42.4359 9.81893 4 3 0.0171384 2.01936e-05 9.46788 2 
0.766148 -1.04237e-05 -1 0.613233 0.237013 0.000652601 29.4725 2.63278e+06 3 81021.8 159.839 7.97334 2 1 472.069 37.2862 12.6607 4 3 0.0176568 2.25583e-05 9.21585 2 
0.766801 -1.05161e-05 -1 0.613388 0.237062 0.000652601 29.5024 2.63233e+06 3 54428.2 197.669 6.50572 2 1 445.108 43.104 10.3264 4 3 0.0184281 2.22835e-05 9.3864 2 
0.767453 -1.05519e-05 -1 0.613542 0.237088 0.000652601 29.5308 2.63202e+06 4 74259.6 66.9894 5.77014 2 1 434.142 48.3574 8.97779 4 3 0.0181096 2.68535e-05 8.76939 2 
0.768106 -1.05099e-05 -1 0.613697 0.237139 0.000652601 29.5568 2.63192e+06 3 60423.5 125.243 7.84304 2 1 504.248 32.5776 15.4784 4 3 0.0185572 3.94453e-05 7.77748 2 
0.768758 -1.05015e-05 -1 0.613852 0.237191 0.000652601 29.5827 2.63183e+06 3 54147.8 107.319 7.96101 2 1 422.898 33.8402 12.4969 4 3 0.0186722 4.52355e-05 7.4457 2 
0.769411 -1.05417e-05 -1 0.614007 0.237239 0.000652601 29.6089 2.63172e+06 3 53717.4 154.27 7.03522 2 1 571.623 42.4882 13.4537 4 3 0.0172442 4.5996e-05 7.21064 2 
0.770064 -1.05208e-05 -1 0.614161 0.237276 0.000652601 29.6349 2.63162e+06 3 53000.4 149.461 7.07811 2 1 405.725 30.3157 13.3833 4 3 0.0177259 4.69781e-05 7.2261 2 
0.770716 -1.0531e-05 -1 0.614316 0.237317 0.000652601 29.6609 2.63152e+06 3 71084.4 126.304 8.25631 2 1 517.038 29.8039 17.348 4 3 0.0176211 4.71307e-05 7.20404 2 
0.771369 -1.05934e-05 -1 0.614471 0.237365 0.000652601 29.691 2.63106e+06 3 82704.7 121.701 8.79181 2 1 422.469 28.2838 14.9368 4 3 0.0179613 4.82864e-05 7.1918 2 
0.772021 -1.05605e-05 -1 0.614626 0.237399 0.000652601 29.7172 2.63095e+06 3 51308.3 145.698 7.06174 2 1 548.542 27.4132 20.0101 4 3 0.017279 4.82611e-05 7.1008 2 
0.772674 -1.0609e-05 -1 0.614781 0.237466 0.000652601 29.7432 2.63086e+06 3 84529 182.45 7.73786 2 1 486.972 36.3335 13.4028 4 3 0.0164558 4.88509e-05 6.95796 2 
0.773327 -1.0633e-05 -1 0.614936 0.237481 0.000652601 29.7692 2.63076e+06 3 86266.6 115.281 9.0788 2 1 430.197 53.2244 8.08271 4 3 0.0170565 5.09362e-05 6.94418 2 
0.773979 -1.06918e-05 -1 0.615091 0.237523 0.000652601 29.7952 2.63066e+06 3 79569.3 143.443 8.21653 2 1 1235.78 57.4128 21.5244 4 3 0.0180952 4.85639e-05 7.19586 2 
0.774632 -1.07177e-05 -1 0.615245 0.237565 0.000652601 29.8249 2.63024e+06 3 56100.1 67.2684 9.41277 2 1 497.674 41.1488 12.0945 4 3 0.0175309 4.7132e-05 7.19166 2 
0.775284 -1.07109e-05 -1 0.6154 0.237603 0.000652601 29.8533 2.62993e+06 3 86106.8 126.426 8.79833 2 1 391.187 31.5621 12.3942 4 3 0.0176317 4.64369e-05 7.2412 2 
0.775937 -1.07973e-05 -1 0.615556 0.237652 0.000652601 29.8814 2.62965e+06 3 53613 149.251 7.10859 2 1 436.098 31.2575 13.9518 4 3 0.0185933 4.57629e-05 7.40652 2 
0.77659 -1.08094e-05 -1 0.615711 0.237685 0.000652601 29.9139 2.62899e+06 3 53213 73.0083 8.99943 2 1 427.906 29.3611 14.5739 4 3 0.0188073 4.50443e-05 7.47416 2 
0.777242 -1.08609e-05 -1 0.615866 0.237722 0.000652601 29.9417 2.62873e+06 3 36365.5 86.8833 7.48028 2 1 474.078 22.6163 20.9618 4 3 0.0184663 4.48379e-05 7.44009 2 
0.777895 -1.09121e-05 -1 0.616021 0.237767 0.000652601 29.9694 2.62849e+06 3 60766 142.571 7.52564 2 1 434.334 22.9811 18.8996 4 3 0.0179654 4.41889e-05 7.40811 2 
0.778547 -1.08798e-05 -1 0.616176 0.237807 0.000652601 30.0009 2.62791e+06 3 82501.1 111.763 9.03761 2 1 399.55 40.3168 9.91025 4 3 0.0168778 4.32512e-05 7.30757 2 
0.7792 -1.08773e-05 -1 0.616331 0.237842 0.000652601 30.0269 2.62782e+06 3 88427.2 197.681 7.64786 2 1 421.612 29.6211 14.2335 4 3 0.0173113 4.35222e-05 7.35427 2 
0.779853 -1.09468e-05 -1 0.616487 0.237882 0.000652601 30.0529 2.62773e+06 3 65068.5 141.862 7.71201 2 1 519.997 70.0072 7.42776 4 3 0.0178114 4.38202e-05 7.40755 2 
0.780505 -1.10037e-05 -1 0.616642 0.237926 0.000652601 30.0796 2.62758e+06 3 67962.9 79.2852 9.49934 2 1 449.159 39.0309 11.5078 4 3 0.0179382 4.45305e-05 7.38539 2 
0.781158 -1.10945e-05 -1 0.616797 0.237953 0.000652601 30.1099 2.62711e+06 3 79611.1 79.1841 10.0179 2 1 474.169 26.2501 18.0635 4 3 0.018028 4.34242e-05 7.46 2 
0.78181 -1.10988e-05 -1 0.616953 0.237991 0.000652601 30.136 2.62701e+06 3 85994.3 135.986 8.58338 2 1 458.672 19.2261 23.8567 4 3 0.0175539 4.17225e-05 7.49321 2 
0.782463 -1.11461e-05 -1 0.617108 0.238039 0.000652601 30.1618 2.62693e+06 3 87526 103.481 9.45712 2 1 521.807 36.1277 14.4434 4 3 0.017393 3.96938e-05 7.5954 2 
0.783116 -1.10716e-05 -1 0.617263 0.238077 0.000652601 30.1879 2.62684e+06 3 87713.6 151.08 8.34232 2 1 555.748 25.7203 21.6073 4 3 0.0185167 3.83766e-05 7.8433 2 
0.783768 -1.10753e-05 -1 0.617418 0.238104 0.000652601 30.214 2.62673e+06 3 52043.7 125.448 7.45821 2 1 509.722 39.8411 12.7939 4 3 0.0183438 3.70686e-05 7.90972 2 
0.784421 -1.10809e-05 -1 0.617573 0.238143 0.000652601 30.2398 2.62666e+06 3 57671.8 115.143 7.9416 2 1 475.066 48.4105 9.81329 4 3 0.0173362 3.64567e-05 7.80535 2 
0.785073 -1.11312e-05 -1 0.617729 0.238198 0.000652601 30.2658 2.62656e+06 3 87642.6 145.672 8.44202 2 1 634.583 44.4556 14.2745 4 3 0.0189222 3.67074e-05 8.01812 2 
0.785726 -1.12423e-05 -1 0.617884 0.238224 0.000652601 30.2959 2.62612e+06 3 52822.3 94.25 8.24477 2 1 442.4 42.7099 10.3583 4 3 0.0190037 3.6439e-05 8.04929 2 
0.786379 -1.1262e-05 -1 0.618039 0.238243 0.000652601 30.322 2.62603e+06 3 77019.1 128.197 8.43801 2 1 369.749 38.1347 9.69588 4 3 0.0183212 3.61045e-05 7.97622 2 
0.787031 -1.12745e-05 -1 0.618195 0.238289 0.000652601 30.3481 2.62593e+06 3 84011.6 134.204 8.55443 2 1 445.272 38.0604 11.6991 4 3 0.0176808 3.48757e-05 7.9737 2 
0.787684 -1.13197e-05 -1 0.61835 0.238332 0.000652601 30.3717 2.62604e+06 2 9706.04 147.375 8.11539 2 1 376.866 44.4786 8.47297 4 3 0.016789 3.54209e-05 7.7969 2 
0.788336 -1.1326e-05 -1 0.618506 0.238363 0.000652601 30.4008 2.62569e+06 3 35121.5 210.514 5.50509 2 1 439.304 44.1229 9.95637 4 3 0.016122 7.58441e-05 5.96805 2 
0.788989 -1.12965e-05 -1 0.618661 0.238398 0.000652601 30.4316 2.62518e+06 3 70752.5 158.824 7.63733 2 1 526.096 44.6269 11.7887 4 4 0.0175986 2.1703e-05 5.33629 2 
0.789642 -1.12621e-05 -1 0.618817 0.238437 0.000652601 30.4645 2.62449e+06 3 68622.5 168.288 7.41546 2 1 671.089 94.7434 7.08323 4 4 0.0187528 2.01715e-05 5.52182 2 
0.790294 -1.13131e-05 -1 0.618973 0.238469 0.000652601 30.497 2.62385e+06 3 50755.7 108.157 7.77099 2 1 628.608 33.8509 18.5699 4 3 0.0179395 9.4107e-05 5.75524 2 
0.790947 -1.14222e-05 -1 0.619128 0.238507 0.000652601 30.5248 2.6236e+06 3 51849.5 139.523 7.18951 2 1 589.882 31.9405 18.4682 4 3 0.017908 8.11266e-05 6.04358 2 
0.7916 -1.14579e-05 -1 0.619284 0.238541 0.000652601 30.5516 2.62344e+06 3 54012 167.025 6.86388 2 1 439.224 30.9436 14.1943 4 3 0.0181558 7.01203e-05 6.37369 2 
0.792252 -1.14945e-05 -1 0.61944 0.238573 0.000652601 30.5783 2.6233e+06 3 52455.6 136.295 7.27396 2 1 414.774 31.691 13.0881 4 3 0.0174037 6.2632e-05 6.52552 2 
0.792905 -1.15444e-05 -1 0.619595 0.2386 0.000652601 30.6044 2.62321e+06 3 87092.6 150.91 8.32571 2 1 381.348 27.6557 13.7892 4 3 0.0188374 6.19753e-05 6.72358 2 
0.793557 -1.14507e-05 -1 0.619751 0.238639 0.000652601 30.6304 2.62312e+06 3 62780.8 123.063 7.99035 2 1 491.428 38.8114 12.662 4 3 0.0182802 5.6748e-05 6.85505 2 
0.79421 -1.14466e-05 -1 0.619907 0.238676 0.000652601 30.6587 2.62284e+06 3 78079.1 83.9905 9.75967 2 1 477.542 39.1375 12.2017 4 3 0.0193441 4.82614e-05 7.37309 2 
0.794863 -1.14703e-05 -1 0.620062 0.238716 0.000652601 30.6846 2.62276e+06 3 55363.1 137.312 7.38761 2 1 447.893 31.0828 14.4097 4 3 0.0192383 4.44788e-05 7.5626 2 
0.795515 -1.14781e-05 -1 0.620218 0.238748 0.000652601 30.7165 2.62217e+06 3 53238.2 114.577 7.74537 2 1 407.717 35.6795 11.4272 4 3 0.0179252 4.30332e-05 7.46827 2 
0.796168 -1.14923e-05 -1 0.620374 0.238775 0.000652601 30.7474 2.62166e+06 3 54475.6 142.044 7.2654 2 1 395.899 30.6667 12.9097 4 3 0.0184773 4.29553e-05 7.54873 2 
0.79682 -1.16e-05 -1 0.620529 0.238813 0.000652601 30.7739 2.62153e+06 3 64425.2 146.072 7.61195 2 1 451.026 27.8837 16.1752 4 3 0.0181998 4.25587e-05 7.53401 2 
0.797473 -1.15782e-05 -1 0.620685 0.238834 0.000652601 30.7998 2.62145e+06 3 72869.2 135.886 8.12437 2 1 439.348 22.782 19.2849 4 3 0.0172958 3.88038e-05 7.63875 2 
0.798126 -1.15552e-05 -1 0.620841 0.238871 0.000652601 30.8257 2.62138e+06 3 89528.7 152.074 8.38113 2 1 401.754 18.8926 21.2651 4 3 0.0162195 3.26707e-05 7.9182 2 
0.798778 -1.15481e-05 -1 0.620997 0.238909 0.000652601 30.8538 2.62112e+06 3 89617.2 155.016 8.33051 2 1 446.915 24.405 18.3125 4 3 0.0174362 2.9487e-05 8.39345 2 
0.799431 -1.14319e-05 -1 0.621153 0.238929 0.000652601 30.8821 2.62084e+06 3 50257.8 96.8744 8.03522 2 1 470.085 42.1327 11.1573 4 3 0.0186101 2.91391e-05 8.61175 2 
0.800083 -1.1404e-05 -1 0.621309 0.238971 0.000652601 30.9148 2.62019e+06 3 57252.5 101.399 8.2652 2 1 429.211 44.4072 9.66533 4 3 0.0183637 3.01769e-05 8.47414 2 
0.800736 -1.14027e-05 -1 0.621465 0.239003 0.000652601 30.9436 2.61986e+06 3 52852.7 89.3235 8.39525 2 1 440.816 26.9466 16.3589 4 3 0.0181523 2.99037e-05 8.46712 2 
0.801389 -1.14097e-05 -1 0.621621 0.239029 0.000652601 30.9743 2.61938e+06 4 81481.6 37.5195 6.82654 2 1 471.966 24.3269 19.401 4 3 0.0186973 2.97699e-05 8.56381 2 
0.802041 -1.13754e-05 -1 0.621777 0.239067 0.000652601 31.0002 2.61931e+06 3 51169.8 139.539 7.15768 2 1 409.628 20.249 20.2295 4 3 0.0190927 2.90541e-05 8.694 2 
0.802694 -1.14658e-05 -1 0.621933 0.239087 0.000652601 31.0263 2.61922e+06 3 90482.5 132.438 8.80747 2 1 382.3 41.5895 9.19223 4 3 0.018945 2.79616e-05 8.78302 2 
0.803346 -1.14506e-05 -1 0.622089 0.239131 0.000652601 31.0536 2.61902e+06 3 64319.5 122.999 8.0565 2 1 995.756 44.4757 22.3887 4 3 0.0194013 2.62058e-05 9.04644 2 
0.803999 -1.14462e-05 -1 0.622245 0.23916 0.000652601 31.0795 2.61895e+06 3 53187.4 112.969 7.77947 2 1 398.686 27.1043 14.7093 4 3 0.0189415 2.39013e-05 9.25402 2 
0.804652 -1.14103e-05 -1 0.622401 0.239188 0.000652601 31.1122 2.6183e+06 3 57096.5 137.039 7.46887 2 1 399.821 21.7751 18.3614 4 3 0.0182122 2.26281e-05 9.30188 2 
0.805304 -1.13908e-05 -1 0.622557 0.239217 0.000652601 31.1431 2.61781e+06 3 78090.6 139.042 8.25057 2 1 587.373 28.2214 20.813 4 3 0.0182119 2.17425e-05 9.42645 2 
0.805957 -1.14163e-05 -1 0.622713 0.239246 0.000652601 31.1714 2.61753e+06 4 91420.8 52.2753 6.46677 2 1 383.703 43.3773 8.84571 4 3 0.018488 2.11769e-05 9.55745 2 
0.806609 -1.13852e-05 -1 0.622869 0.239276 0.000652601 31.1974 2.61746e+06 3 90126.2 104.563 9.5168 2 1 404.723 43.5525 9.29275 4 3 0.0184342 2.06867e-05 9.623 2 
0.807262 -1.14399e-05 -1 0.623025 0.239316 0.000652601 31.2233 2.61738e+06 3 52337.5 126.592 7.44964 2 1 447.026 43.38 10.3049 4 3 0.0178515 2.04869e-05 9.55138 2 
0.807915 -1.14329e-05 -1 0.623181 0.239334 0.000652601 31.2491 2.61732e+06 3 90861.6 191.251 7.80295 2 1 830.868 42.3472 19.6204 4 3 0.016676 2.12162e-05 9.22871 2 
0.808567 -1.14553e-05 -1 0.623337 0.239366 0.000652601 31.2751 2.61724e+06 3 82639.9 83.7494 9.95564 2 1 859.098 49.9899 17.1854 4 3 0.0166798 2.30359e-05 8.97971 2 
0.80922 -1.14873e-05 -1 0.623493 0.239392 0.000652601 31.3053 2.61681e+06 3 90918.6 168.182 8.14626 2 1 452.753 37.9187 11.9401 4 3 0.0189921 2.29917e-05 9.38284 2 
0.809872 -1.13632e-05 -1 0.62365 0.239428 0.000652601 31.331 2.61675e+06 3 90541.5 146.087 8.526 2 1 485.77 45.7961 10.6072 4 3 0.0182577 2.33459e-05 9.21323 2 
0.810525 -1.13136e-05 -1 0.623806 0.239449 0.000652601 31.3569 2.61668e+06 3 92408.1 136.891 8.77227 2 1 466.765 34.3875 13.5737 4 3 0.0184847 2.36929e-05 9.20585 2 
0.811178 -1.12992e-05 -1 0.623962 0.239481 0.000652601 31.3827 2.61662e+06 3 46540.4 33.1074 11.2022 2 1 534.011 29.5064 18.0981 4 3 0.0191784 2.36556e-05 9.32451 2 
0.81183 -1.13369e-05 -1 0.624119 0.239506 0.000652601 31.4085 2.61656e+06 3 64806.8 90.5774 8.94404 2 1 396.818 35.6495 11.1311 4 3 0.0193462 2.38407e-05 9.32737 2 
0.812483 -1.12862e-05 -1 0.624275 0.239533 0.000652601 31.4359 2.61636e+06 3 72252.7 113.613 8.59954 2 1 384.038 24.5801 15.6239 4 3 0.0193912 2.4132e-05 9.29688 2 
0.813135 -1.12737e-05 -1 0.624431 0.239561 0.000652601 31.467 2.61586e+06 3 65847.6 148.534 7.62497 2 1 438.975 31.1208 14.1055 4 3 0.018928 2.45407e-05 9.17078 2 
0.813788 -1.12584e-05 -1 0.624588 0.239595 0.000652601 31.4969 2.61546e+06 3 78377.2 140.857 8.22503 2 1 398.764 26.8834 14.8331 4 3 0.0178331 2.48011e-05 8.95883 2 
0.814441 -1.124e-05 -1 0.624744 0.239613 0.000652601 31.5226 2.6154e+06 3 52339.1 150.291 7.03555 2 1 385.919 23.5168 16.4104 4 3 0.0175612 2.47647e-05 8.91743 2 
0.815093 -1.12275e-05 -1 0.624901 0.239646 0.000652601 31.5485 2.61534e+06 3 85129.2 106.799 9.27194 2 1 454.96 32.6055 13.9534 4 3 0.0164028 2.4177e-05 8.78695 2 
0.815746 -1.13042e-05 -1 0.625057 0.239681 0.000652601 31.5741 2.61529e+06 3 73188.9 99.3635 9.03108 2 1 504.039 28.5134 17.6772 4 3 0.0181203 2.33619e-05 9.18796 2 
0.816398 -1.13751e-05 -1 0.625213 0.2397 0.000652601 31.6 2.61522e+06 3 51728.3 90.4215 8.30142 2 1 563.871 23.4773 24.0177 4 3 0.0189539 2.18663e-05 9.53471 2 
0.817051 -1.1429e-05 -1 0.625369 0.239741 0.000652601 31.6258 2.61516e+06 3 54758.8 128.037 7.53424 2 1 448.178 41.1395 10.8941 4 3 0.018444 1.99034e-05 9.74936 2 
0.817704 -1.137e-05 -1 0.625526 0.239752 0.000652601 31.6517 2.61509e+06 3 48927.6 82.6912 8.39521 2 1 403.742 39.8087 10.1421 4 3 0.017384 1.84757e-05 9.79901 2 
0.818356 -1.13498e-05 -1 0.625682 0.23978 0.000652601 31.6799 2.61483e+06 4 53927.2 102.021 4.79491 2 1 419.656 32.9485 12.7367 4 3 0.0183404 1.72076e-05 10.2148 2 
0.819009 -1.13795e-05 -1 0.625839 0.239801 0.000652601 31.7099 2.61442e+06 3 50554.2 225.845 6.07178 2 1 387.537 46.9835 8.24837 4 3 0.0193123 1.68739e-05 10.4602 2 
0.819661 -1.14034e-05 -1 0.625995 0.239835 0.000652601 31.7358 2.61436e+06 3 62874.6 169.456 7.18577 2 1 419.753 48.8881 8.58599 4 3 0.0187784 1.68359e-05 10.3707 2 
0.820314 -1.13442e-05 -1 0.626151 0.239857 0.000652601 31.7616 2.61429e+06 3 55593.9 97.5437 8.29105 2 1 551.682 28.2642 19.5187 4 3 0.0186393 1.68865e-05 10.3347 2 
0.820967 -1.13508e-05 -1 0.626308 0.23989 0.000652601 31.7875 2.61423e+06 3 89407.1 99.9211 9.63618 2 1 555.499 56.0337 9.91367 4 3 0.0195008 1.70712e-05 10.4535 2 
0.821619 -1.13795e-05 -1 0.626465 0.239906 0.000652601 31.8134 2.61416e+06 3 80862.3 143.753 8.25487 2 1 440.272 39.8304 11.0537 4 3 0.0191424 1.71369e-05 10.3758 2 
0.822272 -1.12761e-05 -1 0.626621 0.239939 0.000652601 31.8392 2.6141e+06 3 54091.9 121.681 7.63197 2 1 482.754 38.3974 12.5726 4 3 0.0187459 1.82805e-05 10.0841 2 
0.822924 -1.14407e-05 -1 0.626778 0.239963 0.000652601 31.8651 2.61403e+06 3 67164.5 131.42 7.99514 2 1 489.148 44.2129 11.0635 4 3 0.0181227 1.89596e-05 9.85064 2 
0.823577 -1.14832e-05 -1 0.626934 0.239987 0.000652601 31.8951 2.61362e+06 3 48842.1 142.822 6.99304 2 1 434.247 28.5938 15.1868 4 3 0.0168838 1.93997e-05 9.54756 2 
0.82423 -1.14986e-05 -1 0.627091 0.240001 0.000652601 31.9212 2.61354e+06 3 76666.9 133.256 8.31713 2 1 469.558 26.2085 17.9162 4 3 0.0180154 1.86629e-05 9.88299 2 
0.824882 -1.15457e-05 -1 0.627248 0.240035 0.000652601 31.9474 2.61345e+06 3 92437.1 143.116 8.6441 2 1 455.541 31.5126 14.4558 4 3 0.0179449 1.84737e-05 9.90366 2 
0.825535 -1.15605e-05 -1 0.627404 0.240049 0.000652601 31.9773 2.61305e+06 3 59683.3 87.7693 8.79367 2 1 545.582 31.1279 17.5271 4 3 0.0189602 1.82252e-05 10.1327 2 
0.826187 -1.14709e-05 -1 0.627561 0.240084 0.000652601 32.0047 2.61286e+06 3 92819.6 119.137 9.20162 2 1 461.554 33.6117 13.7319 4 3 0.0189705 1.85098e-05 10.0823 2 
0.82684 -1.14687e-05 -1 0.627717 0.240109 0.000652601 32.0297 2.61287e+06 2 32437.8 152.441 14.5873 2 1 493.117 32.4786 15.1828 4 3 0.0187761 2.0901e-05 9.64895 2 
0.827493 -1.1497e-05 -1 0.627874 0.240133 0.000652601 32.0571 2.61268e+06 3 50456.9 75.5584 8.74069 2 1 611.59 36.6496 16.6875 4 3 0.018418 7.73563e-05 6.19796 2 
0.828145 -1.15292e-05 -1 0.62803 0.240162 0.000652601 32.0921 2.61188e+06 3 53863.2 103.604 8.04091 2 1 641.614 39.2697 16.3387 4 4 0.019081 2.34597e-05 5.34035 2 
0.828798 -1.14855e-05 -1 0.628187 0.240186 0.000652601 32.1237 2.61135e+06 3 85687.5 118.135 8.98489 2 1 387.004 34.4693 11.2275 4 4 0.0196199 2.20579e-05 5.46114 2 
0.82945 -1.16485e-05 -1 0.628344 0.240199 0.000652601 32.1524 2.61105e+06 3 65795.6 80.0404 9.36762 2 1 411.706 40.0198 10.2875 4 4 0.0189431 1.99749e-05 5.54934 2 
0.830103 -1.16613e-05 -1 0.6285 0.240224 0.000652601 32.176 2.61117e+06 2 29179.3 143.018 14.2838 2 1 375.191 32.5796 11.5162 4 3 0.0199893 8.47537e-05 6.17846 2 
0.830756 -1.1676e-05 -1 0.628657 0.240224 0.000652601 32.2018 2.61111e+06 3 94572.3 221.892 7.52559 2 1 529.397 29.8697 17.7235 4 3 0.0197142 7.43868e-05 6.42334 2 
0.831408 -1.16235e-05 -1 0.628814 0.240262 0.000652601 32.2277 2.61105e+06 3 51541.1 151.278 6.98435 2 1 612.401 39.2804 15.5905 4 3 0.019648 6.54339e-05 6.69636 2 
0.832061 -1.16003e-05 -1 0.628971 0.240287 0.000652601 32.2537 2.61098e+06 3 52975.1 117.23 7.6738 2 1 806.81 56.7453 14.2181 4 3 0.0186995 6.39024e-05 6.63902 2 
0.832713 -1.15825e-05 -1 0.629128 0.240304 0.000652601 32.2795 2.61092e+06 3 79936.8 137.307 8.34996 2 1 380.535 23.3982 16.2634 4 3 0.0187854 5.81472e-05 6.86168 2 
0.833366 -1.15871e-05 -1 0.629285 0.240327 0.000652601 32.3095 2.61052e+06 3 94289.9 155.67 8.46096 2 1 434.388 67.4803 6.43725 4 3 0.0185353 4.95772e-05 7.20398 2 
0.834019 -1.15956e-05 -1 0.629441 0.240355 0.000652601 32.3356 2.61045e+06 3 72216.4 102.474 8.89899 2 1 418.765 24.2273 17.2848 4 3 0.017897 4.54833e-05 7.32785 2 
0.834671 -1.1652e-05 -1 0.629598 0.240376 0.000652601 32.3615 2.61038e+06 3 94885.9 147.328 8.63586 2 1 477.01 34.7898 13.7112 4 3 0.0175955 4.42084e-05 7.35584 2 
0.835324 -1.16646e-05 -1 0.629755 0.240407 0.000652601 32.3876 2.6103e+06 3 55006.8 150.157 7.15523 2 1 394.733 23.1375 17.0604 4 3 0.0194847 4.35642e-05 7.64753 2 
0.835976 -1.17164e-05 -1 0.629912 0.240429 0.000652601 32.4135 2.61024e+06 3 88085.7 187.671 7.77147 2 1 1222.07 34.9681 34.9482 4 3 0.0187843 4.30948e-05 7.58211 2 
0.836629 -1.17362e-05 -1 0.630069 0.240438 0.000652601 32.4395 2.61017e+06 3 50928.3 139.028 7.15515 2 1 414.45 26.6884 15.5293 4 3 0.0184789 3.8235e-05 7.84762 2 
0.837282 -1.17386e-05 -1 0.630226 0.240451 0.000652601 32.4683 2.60987e+06 3 96048.6 172.291 8.23018 2 1 476.809 25.7388 18.5249 4 3 0.0192835 3.234e-05 8.41683 2 
0.837934 -1.17809e-05 -1 0.630383 0.24048 0.000652601 32.4983 2.60948e+06 3 50460 147.438 6.99487 2 1 702.33 29.3494 23.93 4 3 0.020252 2.9488e-05 8.82282 2 
0.838587 -1.17453e-05 -1 0.63054 0.240507 0.000652601 32.5279 2.60912e+06 3 97151.9 140.499 8.84286 2 1 670.486 29.4537 22.7641 4 3 0.0197457 2.93788e-05 8.75951 2 
0.839239 -1.18657e-05 -1 0.630696 0.240528 0.000652601 32.5574 2.60876e+06 3 68909.9 131.63 8.05951 2 1 433.985 35.7721 12.1319 4 3 0.0205687 3.03985e-05 8.77914 2 
0.839892 -1.18604e-05 -1 0.630853 0.240538 0.000652601 32.5834 2.6087e+06 3 50957.9 132.455 7.27302 2 1 439.788 27.6944 15.88 4 3 0.0200981 2.93203e-05 8.81716 2 
0.840545 -1.18694e-05 -1 0.63101 0.240565 0.000652601 32.6094 2.60863e+06 3 50587.7 127.807 7.34227 2 1 441.19 21.1207 20.889 4 3 0.0189816 2.99828e-05 8.58658 2 
0.841197 -1.19196e-05 -1 0.631167 0.240581 0.000652601 32.6353 2.60857e+06 3 81776.4 114.809 8.93067 2 1 647.417 46.4802 13.9289 4 3 0.01814 2.88057e-05 8.57143 2 
0.84185 -1.20302e-05 -1 0.631324 0.24061 0.000652601 32.6611 2.60851e+06 3 72944.9 129.15 8.2661 2 1 1149.86 37.9366 30.3101 4 3 0.0189522 2.51051e-05 9.10541 2 
0.842502 -1.20524e-05 -1 0.631481 0.240624 0.000652601 32.6911 2.60812e+06 3 77531.9 143.906 8.13705 2 1 521.792 32.6489 15.9819 4 3 0.0198518 2.09815e-05 9.8172 2 
0.843155 -1.19721e-05 -1 0.631638 0.240634 0.000652601 32.7171 2.60805e+06 3 88609.3 129.923 8.80232 2 1 634.02 38.0577 16.6594 4 3 0.0186793 1.87855e-05 9.98113 2 
0.843808 -1.19828e-05 -1 0.631795 0.240654 0.000652601 32.743 2.60799e+06 3 49492.6 117.454 7.49705 2 1 651.177 38.2063 17.0437 4 3 0.0178923 1.79797e-05 9.98377 2 
0.84446 -1.20198e-05 -1 0.631952 0.240671 0.000652601 32.7689 2.60793e+06 3 50336.8 131.477 7.26126 2 1 501.789 29.8806 16.7931 4 3 0.0171301 2.04602e-05 9.42504 2 
0.845113 -1.20167e-05 -1 0.632109 0.240681 0.000652601 32.7949 2.60786e+06 3 50891.9 87.8161 8.33729 2 1 404.387 30.6381 13.1989 4 3 0.0197216 1.91795e-05 10.0934 2 
0.845765 -1.20117e-05 -1 0.632266 0.240708 0.000652601 32.8209 2.60779e+06 3 64559.6 109.756 8.37871 2 1 365.143 26.3684 13.8477 4 3 0.0195939 1.89262e-05 10.1162 2 
0.846418 -1.20521e-05 -1 0.632424 0.240733 0.000652601 32.8491 2.60755e+06 3 53525.9 148.697 7.11357 2 1 437.575 31.8024 13.7592 4 3 0.0188866 1.88448e-05 10.0074 2 
0.847071 -1.20291e-05 -1 0.632581 0.240753 0.000652601 32.878 2.60725e+06 3 52579.8 150.199 7.04774 2 1 470.344 30.2168 15.5657 4 3 0.0193806 1.86623e-05 10.1267 2 
0.847723 -1.19491e-05 -1 0.632738 0.240766 0.000652601 32.9082 2.60685e+06 3 52460.5 101.634 8.02167 2 1 430.563 39.9765 10.7704 4 3 0.0206396 1.83905e-05 10.3921 2 
0.848376 -1.19344e-05 -1 0.632895 0.240788 0.000652601 32.9342 2.60678e+06 3 49822.6 125.941 7.34096 2 1 632.744 45.4067 13.935 4 3 0.0205422 1.52354e-05 11.0475 2 
0.849028 -1.19529e-05 -1 0.633052 0.240804 0.000652601 32.9601 2.60672e+06 3 94231.7 119.262 9.24481 2 1 407.626 23.1089 17.6394 4 3 0.0200248 1.49845e-05 11.0148 2 
0.849681 -1.18664e-05 -1 0.633209 0.240821 0.000652601 32.986 2.60666e+06 3 78412 216.663 7.12633 2 1 397.171 38.4686 10.3245 4 3 0.0184976 1.62209e-05 10.4475 2 
0.850334 -1.19003e-05 -1 0.633366 0.240834 0.000652601 33.012 2.60659e+06 3 53611.1 107.17 7.9383 2 1 527.887 60.9033 8.66762 4 3 0.0176423 1.52778e-05 10.4914 2 
0.850986 -1.18891e-05 -1 0.633523 0.240874 0.000652601 33.038 2.60652e+06 3 96664.1 206.695 7.76209 2 1 552.862 43.5226 12.7029 4 3 0.0172112 1.35121e-05 10.84 2 
0.851639 -1.18867e-05 -1 0.63368 0.240869 0.000652601 33.064 2.60645e+06 3 79071 111.259 8.92402 2 1 439.442 37.9876 11.568 4 3 0.0189537 1.28874e-05 11.3721 2 
0.852291 -1.20093e-05 -1 0.633837 0.240881 0.000652601 33.0941 2.60606e+06 3 60408.4 144.141 7.48347 2 1 400.746 42.2489 9.48534 4 3 0.0199961 1.24544e-05 11.7096 2 
0.852944 -1.21371e-05 -1 0.633994 0.240905 0.000652601 33.1202 2.60599e+06 3 95122.9 176.392 8.13958 2 1 456.743 29.4219 15.5239 4 3 0.0194248 1.26364e-05 11.541 2 
0.853597 -1.22538e-05 -1 0.634151 0.240921 0.000652601 33.1461 2.60593e+06 3 63373.1 147.777 7.54106 2 1 540.491 40.436 13.3666 4 3 0.0188785 1.37177e-05 11.1232 2 
0.854249 -1.22789e-05 -1 0.634309 0.240942 0.000652601 33.1721 2.60587e+06 3 52175.4 139.377 7.20707 2 1 573.026 38.2367 14.9863 4 3 0.018909 1.44631e-05 10.9346 2 
0.854902 -1.2319e-05 -1 0.634466 0.240948 0.000652601 33.198 2.6058e+06 3 95285.9 113.258 9.44033 2 1 376.11 33.3848 11.2659 4 3 0.0202386 1.48161e-05 11.0955 2 
0.855554 -1.23527e-05 -1 0.634623 0.240951 0.000652601 33.224 2.60574e+06 3 57930.1 82.7936 8.87774 2 1 448.404 23.2729 19.2672 4 3 0.0200035 1.4653e-05 11.0933 2 
0.856207 -1.24096e-05 -1 0.634781 0.240978 0.000652601 33.2501 2.60566e+06 3 65277.6 86.7168 9.09676 2 1 375.812 25.4581 14.762 4 3 0.0192494 1.40612e-05 11.1036 2 
0.85686 -1.24436e-05 -1 0.634938 0.240996 0.000652601 33.2762 2.60559e+06 3 88751.6 107.195 9.39004 2 1 465.23 34.6529 13.4254 4 3 0.0204447 1.411e-05 11.3158 2 
0.857512 -1.2446e-05 -1 0.635096 0.241015 0.000652601 33.3064 2.6052e+06 3 49932.6 94.8905 8.07335 2 1 527.572 25.2013 20.9343 4 3 0.0214288 1.39621e-05 11.5349 2 
0.858165 -1.24273e-05 -1 0.635253 0.241025 0.000652601 33.3324 2.60513e+06 3 52795.7 95.7459 8.20023 2 1 519.146 27.3842 18.9579 4 3 0.0197742 1.42087e-05 11.1647 2 
0.858817 -1.24139e-05 -1 0.63541 0.241041 0.000652601 33.3591 2.60501e+06 3 57782.4 148.594 7.29903 2 1 498.431 36.3714 13.7039 4 3 0.0193181 1.4426e-05 11.0223 2 
0.85947 -1.24277e-05 -1 0.635567 0.241058 0.000652601 33.3894 2.6046e+06 3 98152.4 116.785 9.43709 2 1 419.945 20.9747 20.0215 4 3 0.0182773 1.44612e-05 10.8119 2 
0.860123 -1.22847e-05 -1 0.635724 0.24107 0.000652601 33.4173 2.60439e+06 3 83931.6 151.952 8.20489 2 1 486.763 27.8391 17.4849 4 3 0.0188959 1.48251e-05 10.8424 2 
0.860775 -1.22429e-05 -1 0.635881 0.24109 0.000652601 33.4469 2.60405e+06 3 77041.8 149.767 8.01253 2 1 504.495 37.1563 13.5776 4 3 0.0181267 1.47884e-05 10.702 2 
0.861428 -1.24391e-05 -1 0.636039 0.241108 0.000652601 33.4765 2.6037e+06 3 97720.8 163.295 8.42697 2 1 575.876 38.1631 15.0899 4 3 0.0193359 1.45599e-05 10.9918 2 
0.86208 -1.2493e-05 -1 0.636196 0.241118 0.000652601 33.5067 2.60331e+06 3 62016.1 133.421 7.74629 2 1 453.578 24.8886 18.2243 4 3 0.019312 1.40962e-05 11.1064 2 
0.862733 -1.25254e-05 -1 0.636353 0.241125 0.000652601 33.5327 2.60325e+06 3 51987.8 105.533 7.89777 2 1 481.105 35.0034 13.7445 4 3 0.0196093 1.30987e-05 11.4396 2 
0.863386 -1.25252e-05 -1 0.63651 0.241136 0.000652601 33.5587 2.60319e+06 3 99214.7 118.89 9.41478 2 1 381.918 28.4954 13.4028 4 3 0.0195643 1.19485e-05 11.7865 2 
0.864038 -1.25239e-05 -1 0.636668 0.241158 0.000652601 33.5846 2.60313e+06 3 92599.2 94.99 9.91539 2 1 388.791 29.9952 12.9618 4 3 0.0186799 1.13789e-05 11.7966 2 
0.864691 -1.25286e-05 -1 0.636825 0.241166 0.000652601 33.6107 2.60306e+06 3 52788.6 81.8525 8.63978 2 1 463.86 37.2087 12.4664 4 3 0.02044 1.14439e-05 12.133 2 
0.865343 -1.25081e-05 -1 0.636982 0.241165 0.000652601 33.6368 2.60299e+06 3 51648.2 129.536 7.36018 2 1 461.07 37.252 12.377 4 3 0.0207667 1.4859e-05 11.1805 2 
0.865996 -1.25706e-05 -1 0.63714 0.241191 0.000652601 33.6627 2.60293e+06 3 99348.9 114.028 9.55105 2 1 425.393 42.5079 10.0074 4 3 0.0197784 4.34558e-05 7.69215 2 
0.866649 -1.24651e-05 -1 0.637297 0.241203 0.000652601 33.6961 2.6023e+06 3 98457.4 143.596 8.81797 2 1 869.25 49.0582 17.7187 4 4 0.0213342 2.32686e-05 5.50271 2 
0.867301 -1.23937e-05 -1 0.637455 0.241216 0.000652601 33.725 2.602e+06 3 102123 126.81 9.30371 2 1 463.49 41.5336 11.1594 4 4 0.0206105 2.49035e-05 5.36361 2 
0.867954 -1.24446e-05 -1 0.637612 0.241238 0.000652601 33.7539 2.60172e+06 3 52465.2 115.108 7.69583 2 1 585.764 51.3466 11.408 4 4 0.0197494 2.23887e-05 5.44981 2 
0.868606 -1.2508e-05 -1 0.63777 0.241249 0.000652601 33.78 2.60165e+06 3 87376.1 78.2515 10.3745 2 1 1246.56 38.8921 32.0518 4 3 0.0201647 9.33398e-05 6.00033 2 
0.869259 -1.25443e-05 -1 0.637927 0.241252 0.000652601 33.8076 2.60146e+06 3 73212.3 145.644 7.95116 2 1 460.426 35.6593 12.9118 4 3 0.0198905 7.59911e-05 6.39678 2 
0.869912 -1.25945e-05 -1 0.638085 0.241276 0.000652601 33.8337 2.60139e+06 3 80536 208.531 7.28238 2 1 504.957 29.3492 17.2051 4 3 0.0184652 6.5199e-05 6.56706 2 
0.870564 -1.26459e-05 -1 0.638242 0.24129 0.000652601 33.8618 2.60117e+06 3 52406.1 126.422 7.45624 2 1 406.892 33.0488 12.3119 4 3 0.01752 6.01756e-05 6.62782 2 
0.871217 -1.26175e-05 -1 0.638399 0.241291 0.000652601 33.897 2.60041e+06 3 94452 124.534 9.11957 2 1 525.367 47.1827 11.1347 4 3 0.0187749 5.84543e-05 6.84837 2 
0.871869 -1.25982e-05 -1 0.638556 0.241299 0.000652601 33.9235 2.60031e+06 3 56782.4 110.323 8.01399 2 1 507.625 51.5051 9.85582 4 3 0.0203709 5.04245e-05 7.39248 2 
0.872522 -1.26032e-05 -1 0.638714 0.241324 0.000652601 33.9496 2.60024e+06 3 77446.5 165.467 7.7642 2 1 550.432 50.0689 10.9935 4 3 0.019688 4.49988e-05 7.59161 2 
0.873175 -1.25175e-05 -1 0.638871 0.241324 0.000652601 33.976 2.60014e+06 3 50870.3 137.742 7.17462 2 1 431.773 43.4218 9.9437 4 3 0.0205181 4.37493e-05 7.76942 2 
0.873827 -1.24732e-05 -1 0.639029 0.24134 0.000652601 34.0022 2.60007e+06 3 96335.5 150.146 8.62497 2 1 678.42 40.0891 16.9228 4 3 0.0199487 4.33974e-05 7.71762 2 
0.87448 -1.24596e-05 -1 0.639186 0.241349 0.000652601 34.0283 2.6e+06 3 51387.3 148.631 7.01857 2 1 1140.96 39.2324 29.082 4 3 0.0211294 4.30094e-05 7.89056 2 
0.875132 -1.24073e-05 -1 0.639344 0.241362 0.000652601 34.0544 2.59993e+06 3 69627.7 136.758 7.98502 2 1 364.603 36.1386 10.089 4 3 0.0210449 4.03344e-05 8.05052 2 
0.875785 -1.24132e-05 -1 0.639501 0.241367 0.000652601 34.0804 2.59987e+06 3 55523.8 129.96 7.53164 2 1 336.203 29.7519 11.3002 4 3 0.0215204 3.41432e-05 8.57397 2 
0.876438 -1.2446e-05 -1 0.639659 0.241395 0.000652601 34.1108 2.59948e+06 3 70639.5 169.329 7.47203 2 1 374.479 27.322 13.7061 4 3 0.0210816 3.08517e-05 8.80796 2 
0.87709 -1.24367e-05 -1 0.639816 0.241427 0.000652601 34.1369 2.59941e+06 3 89431.9 213.765 7.47914 2 1 441.727 53.0667 8.32399 4 3 0.0200089 3.2168e-05 8.53623 2 
0.877743 -1.22036e-05 -1 0.639974 0.241398 0.000652601 34.1631 2.59933e+06 3 98302.6 140.461 8.87843 2 1 493.618 48.987 10.0765 4 3 0.0190684 3.82109e-05 7.93187 2 
0.878395 -1.22031e-05 -1 0.640132 0.241446 0.000652601 34.1908 2.59914e+06 3 100231 120.194 9.41255 2 1 760.767 60.6875 12.5358 4 3 0.0198507 4.32626e-05 7.71296 2 
0.879048 -1.21385e-05 -1 0.640289 0.241439 0.000652601 34.2203 2.59882e+06 3 83415.5 117.709 8.9155 2 1 493.539 67.7171 7.28825 4 3 0.0203439 4.34204e-05 7.76689 2 
0.879701 -1.20385e-05 -1 0.640447 0.241418 0.000652601 34.2446 2.59889e+06 2 51875 168.412 17.5506 2 1 551.103 26.0632 21.1449 4 3 0.0200654 4.38644e-05 7.70511 2 
0.880353 -1.20891e-05 -1 0.640605 0.241451 0.000652601 34.271 2.5988e+06 3 51062.3 140.132 7.14258 2 1 1069.73 36.0862 29.6438 4 3 0.0190764 4.48429e-05 7.52087 2 
0.881006 -1.21044e-05 -1 0.640762 0.241468 0.000652601 34.302 2.59836e+06 3 49626.3 92.9917 8.11128 2 1 537.863 33.9414 15.8468 4 3 0.0182111 4.4994e-05 7.39708 2 
0.881658 -1.20363e-05 -1 0.640919 0.241466 0.000652601 34.3288 2.59824e+06 3 54002.9 127.011 7.51955 2 1 410.838 27.4514 14.966 4 3 0.0194791 4.55982e-05 7.53136 2 
0.882311 -1.20615e-05 -1 0.641077 0.241494 0.000652601 34.3556 2.59812e+06 3 70140.1 110.217 8.60147 2 1 469.897 61.3419 7.6603 4 3 0.0207621 4.74207e-05 7.59336 2 
0.882964 -1.20117e-05 -1 0.641234 0.241473 0.000652601 34.3823 2.59801e+06 3 53032.6 135.729 7.31066 2 1 480.363 58.2522 8.24625 4 3 0.0201507 4.54681e-05 7.62421 2 
0.883616 -1.20223e-05 -1 0.641391 0.241488 0.000652601 34.4089 2.5979e+06 3 100697 119.719 9.43953 2 1 654.057 66.0258 9.90608 4 3 0.0196508 4.38949e-05 7.64989 2 
0.884269 -1.20312e-05 -1 0.641549 0.24151 0.000652601 34.4359 2.59778e+06 3 48134.1 132.997 7.1264 2 1 450.686 25.9151 17.3909 4 3 0.0217119 4.26673e-05 7.98365 2 
0.884921 -1.19672e-05 -1 0.641706 0.241504 0.000652601 34.4645 2.59752e+06 3 94157.9 143.139 8.69694 2 1 453.182 43.5836 10.398 4 3 0.0216986 4.34716e-05 7.93247 2 
0.885574 -1.19943e-05 -1 0.641864 0.241512 0.000652601 34.4953 2.5971e+06 3 50940.4 100.219 7.98064 2 1 510.579 114.099 4.47486 4 3 0.0212444 4.38058e-05 7.85665 2 
0.886227 -1.19939e-05 -1 0.642022 0.241509 0.000652601 34.5219 2.597e+06 3 74945.4 78.152 9.86132 2 1 381.022 26.6747 14.284 4 3 0.0204888 4.32752e-05 7.79398 2 
0.886879 -1.20104e-05 -1 0.642179 0.241538 0.000652601 34.5484 2.5969e+06 3 72586.8 138.86 8.05551 2 1 397.889 41.5204 9.583 4 3 0.0189529 4.22293e-05 7.65633 2 
0.887532 -1.19905e-05 -1 0.642337 0.241521 0.000652601 34.575 2.5968e+06 3 53161.2 142.704 7.19536 2 1 475.115 27.9379 17.0061 4 3 0.0188023 4.20592e-05 7.64628 2 
0.888184 -1.20362e-05 -1 0.642495 0.241542 0.000652601 34.6016 2.5967e+06 3 86214.1 105.866 9.33843 2 1 405.494 85.0091 4.77001 4 3 0.018315 4.14669e-05 7.61555 2 
0.888837 -1.20668e-05 -1 0.642652 0.241568 0.000652601 34.6281 2.5966e+06 3 101331 116.635 9.54196 2 1 545.465 34.5409 15.7919 4 3 0.0200475 4.18983e-05 7.82147 2 
0.88949 -1.21364e-05 -1 0.64281 0.241555 0.000652601 34.6548 2.59649e+06 3 49136.7 98.3558 7.93479 2 1 491.108 37.3103 13.1628 4 3 0.020514 4.12012e-05 7.92587 2 
0.890142 -1.21769e-05 -1 0.642968 0.241543 0.000652601 34.6814 2.59639e+06 3 101594 161.113 8.57521 2 1 449.062 50.7448 8.84942 4 3 0.0204324 3.96005e-05 8.02059 2 
0.890795 -1.22342e-05 -1 0.643126 0.241576 0.000652601 34.7128 2.59593e+06 3 53399.5 143.842 7.18705 2 1 471.245 30.7994 15.3005 4 3 0.0194008 3.75454e-05 8.02455 2 
0.891447 -1.21867e-05 -1 0.643283 0.241581 0.000652601 34.7444 2.59546e+06 3 51161.7 142.271 7.11119 2 1 389.699 23.4718 16.6029 4 3 0.0185868 3.64998e-05 7.98554 2 
0.8921 -1.21934e-05 -1 0.643441 0.241595 0.000652601 34.7728 2.59522e+06 3 49375.8 118.381 7.47155 2 1 1246.18 31.261 39.8636 4 3 0.0210375 3.5597e-05 8.39191 2 
0.892753 -1.21523e-05 -1 0.643598 0.241583 0.000652601 34.8012 2.59498e+06 3 103632 142.285 8.99729 2 1 435.582 22.969 18.9639 4 3 0.0210829 3.51555e-05 8.43294 2 
0.893405 -1.21277e-05 -1 0.643756 0.241592 0.000652601 34.8296 2.59475e+06 3 61084.8 77.7818 9.22611 2 1 529.026 35.3973 14.9454 4 3 0.0210478 3.40892e-05 8.51524 2 
0.894058 -1.2143e-05 -1 0.643913 0.241596 0.000652601 34.8593 2.59442e+06 3 52859.2 63.1519 9.4242 2 1 634.523 34.007 18.6586 4 3 0.0219365 3.30831e-05 8.72007 2 
0.89471 -1.21979e-05 -1 0.644071 0.24161 0.000652601 34.8902 2.594e+06 2 12917.4 70.283 13.557 2 1 472.754 28.0535 16.8518 4 3 0.0216534 3.25832e-05 8.72658 2 
0.895363 -1.22147e-05 -1 0.644228 0.241634 0.000652601 34.9172 2.59387e+06 3 102911 109.58 9.79289 2 1 423.603 31.1642 13.5926 4 3 0.0208551 3.3896e-05 8.50527 2 
0.896016 -1.21939e-05 -1 0.644386 0.241615 0.000652601 34.946 2.59361e+06 4 103621 95.9136 5.73313 2 1 466.96 30.5871 15.2666 4 3 0.0201161 3.43602e-05 8.36558 2 
0.896668 -1.22407e-05 -1 0.644544 0.241613 0.000652601 34.9725 2.59352e+06 3 107094 158.051 8.78326 2 1 432.485 46.5699 9.28679 4 3 0.0190447 3.49883e-05 8.16489 2 
0.897321 -1.23108e-05 -1 0.644701 0.241623 0.000652601 35.0007 2.5933e+06 3 87615.8 140.585 8.54177 2 1 477.528 47.2479 10.1069 4 3 0.0205782 3.51466e-05 8.36581 2 
0.897973 -1.23986e-05 -1 0.644859 0.241636 0.000652601 35.0273 2.5932e+06 3 81870.2 129.8 8.57598 2 1 527.332 37.6221 14.0165 4 3 0.0196944 3.48342e-05 8.26887 2 
0.898626 -1.24126e-05 -1 0.645017 0.241649 0.000652601 35.0571 2.59287e+06 3 69049.3 124.374 8.21882 2 1 629.678 38.1405 16.5094 4 3 0.018948 3.33261e-05 8.28438 2 
0.899279 -1.2434e-05 -1 0.645175 0.241645 0.000652601 35.0838 2.59277e+06 3 50136.6 45.1287 10.357 2 1 662.469 45.8388 14.4521 4 3 0.0204644 3.12926e-05 8.67999 2 
0.899931 -1.24303e-05 -1 0.645332 0.241663 0.000652601 35.1151 2.59232e+06 3 99476.4 134.774 9.03728 2 1 1407.14 24.9772 56.3371 4 3 0.0209582 2.90116e-05 8.97279 2 
0.900584 -1.24923e-05 -1 0.64549 0.241652 0.000652601 35.1418 2.59222e+06 3 50522.1 145.058 7.0358 2 1 430.188 45.5547 9.44332 4 3 0.0207016 2.72014e-05 9.13 2 
0.901236 -1.24566e-05 -1 0.645648 0.241665 0.000652601 35.1684 2.59212e+06 3 53190 148.065 7.10874 2 1 480.072 21.3912 22.4425 4 3 0.0198708 2.60269e-05 9.13967 2 
0.901889 -1.24638e-05 -1 0.645806 0.241691 0.000652601 35.195 2.59202e+06 3 55326.6 132.635 7.4718 2 1 381.042 19.3325 19.7099 4 3 0.02131 2.51139e-05 9.46723 2 
0.902542 -1.26366e-05 -1 0.645964 0.241676 0.000652601 35.2244 2.59172e+06 3 46992.1 135.996 7.01724 2 1 394.543 45.3409 8.70171 4 3 0.0217221 2.62657e-05 9.38651 2 
0.903194 -1.26226e-05 -1 0.646121 0.241673 0.000652601 35.2526 2.5915e+06 3 76581.9 91.9266 9.40939 2 1 673.337 37.554 17.9298 4 3 0.0210909 2.60427e-05 9.32116 2 
0.903847 -1.26989e-05 -1 0.646278 0.241691 0.000652601 35.2807 2.5913e+06 3 52664.2 211.517 6.29105 2 1 477.857 28.6937 16.6537 4 3 0.0223169 2.60638e-05 9.4958 2 
0.904499 -1.27388e-05 -1 0.646436 0.241691 0.000652601 35.3137 2.59073e+06 3 61915.8 145.619 7.51959 2 1 382.464 44.5532 8.58444 4 3 0.021878 4.31633e-05 7.97317 2 
0.905152 -1.27028e-05 -1 0.646593 0.241678 0.000652601 35.3447 2.59031e+06 3 54084.2 115.827 7.75806 2 1 1109.63 27.2681 40.6936 4 4 0.0207515 2.94325e-05 5.15294 2 
0.905805 -1.27179e-05 -1 0.646751 0.241708 0.000652601 35.3758 2.58989e+06 3 104929 210.102 7.93392 2 1 456.917 26.1548 17.4697 4 4 0.0211545 3.68372e-05 4.8953 2 
0.906457 -1.26623e-05 -1 0.646908 0.241699 0.000652601 35.4063 2.58951e+06 3 78895 148.354 8.10184 2 1 544.245 50.4986 10.7774 4 4 0.020833 3.48213e-05 4.94569 2 
0.90711 -1.25705e-05 -1 0.647066 0.241691 0.000652601 35.4359 2.5892e+06 3 101408 179.67 8.26415 2 1 552.475 50.7133 10.8941 4 4 0.0200919 3.02328e-05 5.07733 2 
0.907762 -1.2461e-05 -1 0.647224 0.241707 0.000652601 35.4673 2.58875e+06 3 58606.5 134.885 7.57403 2 1 657.089 47.3531 13.8764 4 4 0.0185432 2.54597e-05 5.19497 2 
0.908415 -1.24467e-05 -1 0.647381 0.241702 0.000652601 35.501 2.58814e+06 3 66681.4 144.929 7.71998 2 1 705.392 49.8782 14.1423 4 4 0.0192425 2.18852e-05 5.44537 2 
0.909068 -1.24401e-05 -1 0.647539 0.241706 0.000652601 35.5278 2.58803e+06 3 59479 28.0368 12.8493 2 1 389.302 18.5732 20.9604 4 3 0.0205276 9.75737e-05 5.94751 2 
0.90972 -1.24483e-05 -1 0.647697 0.241715 0.000652601 35.5547 2.58792e+06 3 68968 83.9356 9.36628 2 1 402.472 22.1908 18.1369 4 3 0.0212083 9.17308e-05 6.13758 2 
0.910373 -1.24415e-05 -1 0.647855 0.241712 0.000652601 35.5814 2.58782e+06 3 50820 136.906 7.18683 2 1 518.683 23.5221 22.0509 4 3 0.0207845 7.96952e-05 6.38905 2 
0.911025 -1.24603e-05 -1 0.648013 0.241711 0.000652601 35.6078 2.58774e+06 3 58366.5 140.633 7.4592 2 1 443.762 28.3327 15.6626 4 3 0.0211247 7.00434e-05 6.70616 2 
0.911678 -1.24501e-05 -1 0.648171 0.241715 0.000652601 35.6342 2.58766e+06 3 48323.6 134.623 7.10689 2 1 424.18 20.6689 20.5226 4 3 0.020563 6.8175e-05 6.70636 2 
0.912331 -1.24614e-05 -1 0.648329 0.241721 0.000652601 35.6608 2.58757e+06 3 86179.6 161.068 8.1183 2 1 389.049 19.8757 19.5741 4 3 0.0224479 6.60679e-05 6.97796 2 
0.912983 -1.24024e-05 -1 0.648487 0.241722 0.000652601 35.6918 2.58716e+06 3 105284 82.0687 10.8658 2 1 327.443 25.69 12.7459 4 3 0.0226463 6.60407e-05 6.99942 2 
0.913636 -1.24172e-05 -1 0.648645 0.241708 0.000652601 35.7186 2.58705e+06 3 77018.2 139.748 8.19878 2 1 501.033 26.6449 18.8041 4 3 0.0224324 6.14812e-05 7.14569 2 
0.914288 -1.24183e-05 -1 0.648802 0.24173 0.000652601 35.7455 2.58694e+06 3 94546.5 116.38 9.33087 2 1 584.594 32.4791 17.9991 4 3 0.0219657 5.19295e-05 7.50661 2 
0.914941 -1.24445e-05 -1 0.648959 0.241714 0.000652601 35.7722 2.58684e+06 3 66763.9 88.2576 9.11164 2 1 717.251 45.1027 15.9026 4 3 0.0207629 4.74612e-05 7.59131 2 
0.915594 -1.25123e-05 -1 0.649117 0.241719 0.000652601 35.7989 2.58674e+06 3 51648.6 200.96 6.35794 2 1 522.969 28.5074 18.345 4 3 0.0201086 4.32194e-05 7.7488 2 
0.916246 -1.26129e-05 -1 0.649274 0.241728 0.000652601 35.8257 2.58663e+06 3 82357.9 58.8144 11.1877 2 1 460.926 30.3572 15.1834 4 3 0.0216083 4.62945e-05 7.75707 2 
0.916899 -1.26449e-05 -1 0.649432 0.24173 0.000652601 35.8524 2.58654e+06 3 86964.8 109.995 9.24678 2 1 498.05 44.3878 11.2204 4 3 0.0215909 4.67896e-05 7.72752 2 
0.917551 -1.26095e-05 -1 0.64959 0.24173 0.000652601 35.8791 2.58644e+06 3 52390.5 130.643 7.37432 2 1 499.352 31.4915 15.8567 4 3 0.0210253 4.51769e-05 7.74953 2 
0.918204 -1.26932e-05 -1 0.649747 0.24173 0.000652601 35.9096 2.58607e+06 3 107202 173.023 8.52511 2 1 514.872 34.5287 14.9114 4 3 0.0198899 4.59714e-05 7.56336 2 
0.918857 -1.26699e-05 -1 0.649905 0.241722 0.000652601 35.9365 2.58595e+06 3 107329 92.2363 10.5181 2 1 429.138 27.185 15.7859 4 3 0.021381 4.09851e-05 8.05009 2 
0.919509 -1.26497e-05 -1 0.650063 0.24173 0.000652601 35.963 2.58587e+06 3 49667.8 91.7533 8.14988 2 1 492.04 38.8678 12.6593 4 3 0.0218092 3.40103e-05 8.62335 2 
0.920162 -1.26646e-05 -1 0.65022 0.241737 0.000652601 35.9902 2.58574e+06 3 72858.7 113.964 8.61467 2 1 384.238 30.1407 12.7482 4 3 0.0216485 3.02149e-05 8.9482 2 
0.920814 -1.26515e-05 -1 0.650378 0.24173 0.000652601 36.0171 2.58562e+06 3 49138.4 117.874 7.47024 2 1 459.598 20.7444 22.1553 4 3 0.0212988 2.92974e-05 8.99171 2 
0.921467 -1.27115e-05 -1 0.650536 0.241742 0.000652601 36.0437 2.58553e+06 3 51322.8 133.752 7.26668 2 1 485.701 29.2063 16.63 4 3 0.0211017 3.18681e-05 8.71607 2 
0.92212 -1.27148e-05 -1 0.650694 0.241741 0.000652601 36.0704 2.58544e+06 3 98202.7 69.8588 11.2021 2 1 580.309 22.2283 26.1067 4 3 0.0229407 3.16634e-05 8.98152 2 
0.922772 -1.2805e-05 -1 0.650852 0.241732 0.000652601 36.1012 2.58505e+06 3 107543 147.404 9.00238 2 1 448.484 28.0085 16.0124 4 3 0.0225693 3.02595e-05 9.06886 2 
0.923425 -1.28665e-05 -1 0.65101 0.241724 0.000652601 36.128 2.58494e+06 3 56233.9 131.331 7.53721 2 1 479.765 40.553 11.8306 4 3 0.022383 2.98609e-05 9.08388 2 
0.924077 -1.28517e-05 -1 0.651168 0.241735 0.000652601 36.1546 2.58485e+06 3 79264.9 95.9248 9.3839 2 1 551.67 20.8566 26.4507 4 3 0.0206926 3.07701e-05 8.76117 2 
0.92473 -1.2905e-05 -1 0.651326 0.24175 0.000652601 36.1808 2.58479e+06 3 108960 143.272 9.12784 2 1 441.087 29.6706 14.8661 4 3 0.0192702 2.92123e-05 8.7051 2 
0.925383 -1.29466e-05 -1 0.651483 0.241745 0.000652601 36.2094 2.58456e+06 4 110844 80.3526 6.09436 2 1 888.941 41.3121 21.5177 4 3 0.0194886 2.42372e-05 9.29892 2 
0.926035 -1.29167e-05 -1 0.65164 0.241735 0.000652601 36.2356 2.5845e+06 3 90029.9 130.537 8.83523 2 1 400.812 20.4161 19.6322 4 3 0.0204964 2.02499e-05 10.0404 2 
0.926688 -1.29162e-05 -1 0.651798 0.241722 0.000652601 36.2619 2.58444e+06 3 112164 136.271 9.37165 2 1 473.651 30.6759 15.4405 4 3 0.0217353 1.77223e-05 10.7041 2 
0.92734 -1.29749e-05 -1 0.651955 0.241739 0.000652601 36.2932 2.58401e+06 3 82890.5 136.717 8.46371 2 1 555.375 25.6647 21.6396 4 3 0.0219179 1.9138e-05 10.4625 2 
0.927993 -1.30443e-05 -1 0.652113 0.241732 0.000652601 36.3197 2.58393e+06 3 56654.9 134.402 7.49798 2 1 483.75 25.2153 19.1848 4 3 0.0215349 2.10905e-05 10.0697 2 
0.928646 -1.30736e-05 -1 0.652271 0.241718 0.000652601 36.3466 2.58382e+06 3 55753.6 88.8756 8.56045 2 1 430.952 23.6725 18.2048 4 3 0.020505 2.08078e-05 9.95126 2 
0.929298 -1.30718e-05 -1 0.652428 0.241725 0.000652601 36.3737 2.5837e+06 3 103259 115.927 9.62161 2 1 398.026 22.1521 17.9679 4 3 0.0195673 1.94184e-05 10.0255 2 
0.929951 -1.30992e-05 -1 0.652586 0.24173 0.000652601 36.4001 2.58362e+06 3 50337.5 141.806 7.08053 2 1 580.121 24.4117 23.764 4 3 0.0224126 1.99021e-05 10.4039 2 
0.930603 -1.3086e-05 -1 0.652744 0.241724 0.000652601 36.4264 2.58356e+06 3 77114.3 76.3919 10.0314 2 1 1447.92 47.0379 30.7819 4 3 0.0223131 2.01302e-05 10.3491 2 
0.931256 -1.31257e-05 -1 0.652902 0.241736 0.000652601 36.4526 2.5835e+06 3 63542.3 143.382 7.62412 2 1 441.899 20.7376 21.3091 4 3 0.0218164 2.13268e-05 10.076 2 
0.931909 -1.31623e-05 -1 0.65306 0.241731 0.000652601 36.4806 2.58331e+06 3 52301.9 86.2983 8.46262 2 1 515.276 26.1202 19.7271 4 3 0.0236577 2.05522e-05 10.4802 2 
0.932561 -1.31607e-05 -1 0.653217 0.241724 0.000652601 36.5064 2.58328e+06 1 990.613 108.212 9.15436 2 1 405.994 31.5644 12.8624 4 3 0.0228307 1.87007e-05 10.6878 2 
0.933214 -1.31137e-05 -1 0.653375 0.241718 0.000652601 36.5327 2.58322e+06 3 48904.7 80.9639 8.45317 2 1 440.99 21.148 20.8525 4 3 0.0216627 1.87735e-05 10.4887 2 
0.933866 -1.31045e-05 -1 0.653533 0.241729 0.000652601 36.5588 2.58317e+06 3 108702 143.562 9.11449 2 1 428.048 18.8262 22.7369 4 3 0.0220987 1.84586e-05 10.6183 2 
0.934519 -1.31486e-05 -1 0.653691 0.241721 0.000652601 36.585 2.58311e+06 3 95662.8 152.577 8.55889 2 1 499.389 35.673 13.9991 4 3 0.0211499 1.87369e-05 10.4121 2 
0.935172 -1.31044e-05 -1 0.653849 0.24172 0.000652601 36.6112 2.58305e+06 3 63645.9 113.689 8.24172 2 1 1199.65 56.3245 21.2989 4 3 0.0205966 1.84858e-05 10.367 2 
0.935824 -1.29924e-05 -1 0.654007 0.241704 0.000652601 36.6374 2.58299e+06 3 87393.8 132.583 8.70291 2 1 652.628 41.2732 15.8124 4 3 0.0199108 1.78632e-05 10.3684 2 
0.936477 -1.30321e-05 -1 0.654164 0.241705 0.000652601 36.6637 2.58292e+06 3 106870 79.3073 11.0454 2 1 660.006 34.866 18.9298 4 3 0.0194177 1.72954e-05 10.3933 2 
0.937129 -1.30543e-05 -1 0.654322 0.241714 0.000652601 36.694 2.58257e+06 3 69552.4 147.015 7.79202 2 1 518.782 28.0598 18.4885 4 3 0.0212346 1.6335e-05 10.9138 2 
0.937782 -1.31034e-05 -1 0.654479 0.241702 0.000652601 36.7201 2.58253e+06 3 48979.7 220.751 6.05394 2 1 572.911 38.0973 15.0381 4 3 0.0219155 1.52139e-05 11.2937 2 
0.938435 -1.30906e-05 -1 0.654637 0.241705 0.000652601 36.7463 2.58246e+06 3 76645.3 166.864 7.71568 2 1 425.464 27.7701 15.3209 4 3 0.0220741 1.40265e-05 11.6317 2 
0.939087 -1.31771e-05 -1 0.654794 0.241704 0.000652601 36.7725 2.58241e+06 3 60503.9 121.072 7.9356 2 1 398.551 54.3987 7.32648 4 3 0.0212209 1.49169e-05 11.2468 2 
0.93974 -1.319e-05 -1 0.654952 0.241694 0.000652601 36.7986 2.58236e+06 3 53480.8 87.1797 8.49691 2 1 401.99 22.8459 17.5957 4 3 0.022298 1.46377e-05 11.5062 2 
0.940392 -1.32217e-05 -1 0.655109 0.241687 0.000652601 36.8223 2.58248e+06 3 49110.8 127.727 7.27162 2 1 442.927 38.3067 11.5627 4 2 0.0231027 9.80147e-05 15.3527 2 
0.941045 -1.33078e-05 -1 0.655267 0.241688 0.000652601 36.8485 2.58242e+06 3 50770.9 19.356 13.7911 2 1 409.697 40.6748 10.0725 4 3 0.0226417 1.35051e-05 11.8797 2 
0.941698 -1.33195e-05 -1 0.655425 0.241682 0.000652601 36.8748 2.58236e+06 3 76850.2 100.723 9.13774 2 1 337.083 45.3388 7.43475 4 3 0.0238979 1.33897e-05 12.1301 2 
0.94235 -1.33361e-05 -1 0.655582 0.241683 0.000652601 36.9051 2.58201e+06 3 66001.3 59.4771 10.353 2 1 388.427 40.5792 9.57206 4 3 0.0233815 1.33905e-05 12.0418 2 
0.943003 -1.33596e-05 -1 0.65574 0.241664 0.000652601 36.9312 2.58196e+06 3 108667 147.964 9.02223 2 1 530.414 56.4666 9.39341 4 3 0.0223555 3.2372e-05 8.83904 2 
0.943655 -1.32822e-05 -1 0.655898 0.241692 0.000652601 36.9599 2.58173e+06 3 49026.5 150.473 6.88109 2 1 536.304 51.4362 10.4266 4 4 0.0226662 1.91856e-05 5.86274 2 
0.944308 -1.33474e-05 -1 0.656056 0.24167 0.000652601 36.9887 2.58149e+06 3 85931.1 98.3845 9.5589 2 1 542.417 54.9014 9.87983 4 4 0.0221271 2.21825e-05 5.6199 2 
0.944961 -1.34099e-05 -1 0.656214 0.241663 0.000652601 37.0153 2.58141e+06 2 37313.3 119.038 17.7047 2 1 499.56 35.9873 13.8816 4 4 0.0213403 2.00547e-05 5.71145 2 
0.945613 -1.34894e-05 -1 0.656372 0.24167 0.000652601 37.0414 2.58136e+06 3 89631.1 119.673 9.08143 2 1 569.072 24.4835 23.2431 4 3 0.020001 9.12636e-05 6.02909 2 
0.946266 -1.34873e-05 -1 0.65653 0.241656 0.000652601 37.0675 2.5813e+06 3 53188.3 127.014 7.48149 2 1 523.569 32.3675 16.1758 4 3 0.0201043 7.78592e-05 6.36785 2 
0.946918 -1.34191e-05 -1 0.656688 0.241653 0.000652601 37.097 2.58102e+06 3 63109.6 96.8826 8.66862 2 1 444.9 22.8131 19.502 4 3 0.0208304 6.76856e-05 6.7515 2 
0.947571 -1.34138e-05 -1 0.656845 0.241644 0.000652601 37.1231 2.58097e+06 3 75136.5 96.4599 9.20099 2 1 501.777 24.7138 20.3035 4 3 0.0225324 6.49063e-05 7.02814 2 
0.948224 -1.34354e-05 -1 0.657002 0.241655 0.000652601 37.1492 2.58092e+06 3 112048 86.1404 10.916 2 1 469.518 27.6859 16.9587 4 3 0.0223419 6.17583e-05 7.12538 2 
0.948876 -1.34536e-05 -1 0.65716 0.241647 0.000652601 37.1753 2.58087e+06 3 111140 180.511 8.50726 2 1 492.496 23.1225 21.2994 4 3 0.0223406 5.24993e-05 7.52166 2 
0.949529 -1.3385e-05 -1 0.657317 0.241632 0.000652601 37.2014 2.58083e+06 3 52055.8 141.913 7.1584 2 1 435.538 23.549 18.4949 4 3 0.0219063 4.78177e-05 7.70892 2 
0.950181 -1.34093e-05 -1 0.657475 0.241619 0.000652601 37.2276 2.58077e+06 3 48630.2 54.9895 9.59862 2 1 591.383 29.5688 20.0003 4 3 0.0239298 4.54964e-05 8.07212 2 
0.950834 -1.34182e-05 -1 0.657632 0.241637 0.000652601 37.2535 2.58073e+06 3 60827.4 47.8869 10.83 2 1 391.243 16.7905 23.3015 4 3 0.0241269 4.56235e-05 8.08669 2 
0.951487 -1.3447e-05 -1 0.65779 0.241619 0.000652601 37.2797 2.58068e+06 3 102242 83.3527 10.7046 2 1 402.631 20.7175 19.4343 4 3 0.0242007 4.525e-05 8.11714 2 
0.952139 -1.33981e-05 -1 0.657947 0.241608 0.000652601 37.3102 2.58033e+06 3 80871.9 68.691 10.5592 2 1 429.4 21.7393 19.7522 4 3 0.0231888 4.07036e-05 8.28989 2 
0.952792 -1.34156e-05 -1 0.658105 0.24158 0.000652601 37.3363 2.58027e+06 3 113516 137.036 9.39164 2 1 540.99 27.621 19.5862 4 3 0.0218625 3.45197e-05 8.58771 2 
0.953444 -1.346e-05 -1 0.658263 0.241597 0.000652601 37.3625 2.58022e+06 3 68697.9 90.722 9.11472 2 1 575.097 45.8962 12.5304 4 3 0.0210291 3.15226e-05 8.73775 2 
0.954097 -1.34936e-05 -1 0.658421 0.241593 0.000652601 37.391 2.58e+06 3 80695.1 147.988 8.16971 2 1 440.756 29.429 14.9769 4 3 0.021967 3.19782e-05 8.82345 2 
0.95475 -1.35321e-05 -1 0.658578 0.241597 0.000652601 37.4171 2.57996e+06 3 94411 209.366 7.66841 2 1 424.103 25.2366 16.8051 4 3 0.0227483 3.221e-05 8.90539 2 
0.955402 -1.35208e-05 -1 0.658736 0.241586 0.000652601 37.4432 2.57991e+06 3 112121 121.662 9.73145 2 1 848.075 36.0175 23.5462 4 3 0.0230055 3.19128e-05 8.96649 2 
0.956055 -1.35515e-05 -1 0.658894 0.241577 0.000652601 37.4711 2.57974e+06 3 115143 139.814 9.37336 2 1 840.608 54.1507 15.5235 4 3 0.0232265 3.17289e-05 9.01246 2 
0.956707 -1.35736e-05 -1 0.659052 0.241559 0.000652601 37.5004 2.57947e+06 3 61429.8 143.32 7.53975 2 1 501.73 31.012 16.1786 4 3 0.0223359 2.99064e-05 9.07291 2 
0.95736 -1.36141e-05 -1 0.65921 0.241562 0.000652601 37.5266 2.57941e+06 3 116667 162.2 8.95981 2 1 496.544 31.6972 15.6652 4 3 0.021307 2.61198e-05 9.34366 2 
0.958013 -1.36991e-05 -1 0.659368 0.241555 0.000652601 37.5528 2.57936e+06 3 67965.7 130.496 8.04572 2 1 449.731 27.7196 16.2243 4 3 0.0232122 2.2255e-05 10.1414 2 
0.958665 -1.37078e-05 -1 0.659525 0.241556 0.000652601 37.5789 2.57931e+06 3 76891 106.971 8.95783 2 1 439.79 30.115 14.6037 4 3 0.0229708 2.03455e-05 10.4128 2 
0.959318 -1.37493e-05 -1 0.659682 0.241542 0.000652601 37.605 2.57927e+06 3 105328 130.015 9.32215 2 1 687.66 26.3567 26.0905 4 3 0.0222429 2.1599e-05 10.0984 2 
0.95997 -1.37439e-05 -1 0.65984 0.24153 0.000652601 37.6311 2.57922e+06 3 51628.4 132.288 7.30784 2 1 1524.47 33.8235 45.0713 4 3 0.0232667 2.22926e-05 10.1436 2 
0.960623 -1.37146e-05 -1 0.659997 0.241537 0.000652601 37.6571 2.57917e+06 3 50854 56.7307 9.64204 2 1 477.781 35.5418 13.4428 4 3 0.0241471 2.1692e-05 10.3639 2 
0.961276 -1.3717e-05 -1 0.660154 0.241519 0.000652601 37.6833 2.57912e+06 3 50571.9 90.757 8.22892 2 1 429.235 34.8885 12.3031 4 3 0.0235721 2.13723e-05 10.332 2 
0.961928 -1.37197e-05 -1 0.660312 0.241505 0.000652601 37.7136 2.57879e+06 3 69962.9 148.276 7.78512 2 1 389.552 36.6633 10.6251 4 3 0.0223681 2.12719e-05 10.1689 2 
0.962581 -1.37599e-05 -1 0.660469 0.241509 0.000652601 37.742 2.57858e+06 4 112340 33.2443 7.62437 2 1 360.671 39.2131 9.19773 4 3 0.020724 2.10343e-05 9.95058 2 
0.963233 -1.37535e-05 -1 0.660626 0.241508 0.000652601 37.7681 2.57854e+06 3 50161.1 98.5531 7.98422 2 1 380.778 54.499 6.98688 4 3 0.0218908 1.8727e-05 10.5341 2 
0.963886 -1.3711e-05 -1 0.660784 0.241494 0.000652601 37.7943 2.57849e+06 3 97805.7 89.8746 10.2859 2 1 1255.31 44.5973 28.1477 4 3 0.0227493 1.48844e-05 11.5189 2 
0.964539 -1.3739e-05 -1 0.660942 0.241479 0.000652601 37.8204 2.57844e+06 3 90175.1 145.675 8.52251 2 1 527.973 25.2287 20.9275 4 3 0.0218781 1.32845e-05 11.8092 2 
0.965191 -1.37195e-05 -1 0.661099 0.241484 0.000652601 37.8464 2.5784e+06 3 57529.8 126.139 7.69746 2 1 468.213 20.2199 23.1561 4 3 0.0223488 1.36164e-05 11.7959 2 
0.965844 -1.36789e-05 -1 0.661257 0.241477 0.000652601 37.8728 2.57833e+06 3 61123.5 148.219 7.44335 2 1 517.333 37.0789 13.9522 4 3 0.0235102 1.4689e-05 11.6974 2 
0.966496 -1.37444e-05 -1 0.661415 0.241473 0.000652601 37.9054 2.57784e+06 4 110629 59.4147 6.56892 2 1 484.689 42.3751 11.4381 4 3 0.0228853 1.54145e-05 11.408 2 
0.967149 -1.37378e-05 -1 0.661573 0.241469 0.000652601 37.9315 2.5778e+06 3 50231.2 118.565 7.51055 2 1 530.333 27.8149 19.0665 4 3 0.0218117 1.4612e-05 11.4286 2 
0.967802 -1.37384e-05 -1 0.661731 0.241437 0.000652601 37.9576 2.57775e+06 3 72658.9 123.476 8.37982 2 1 423.234 23.2372 18.2136 4 3 0.0205846 1.38186e-05 11.4207 2 
0.968454 -1.37752e-05 -1 0.661888 0.241439 0.000652601 37.9837 2.5777e+06 3 49685.6 101.245 7.88774 2 1 400.147 37.0387 10.8035 4 3 0.0239125 1.4668e-05 11.7693 2 
0.969107 -1.37761e-05 -1 0.662046 0.241418 0.000652601 38.0074 2.57782e+06 2 38759 157.601 15.6822 2 1 419.127 31.4655 13.3202 4 3 0.0237153 1.44982e-05 11.7825 2 
0.969759 -1.375e-05 -1 0.662204 0.241428 0.000652601 38.0336 2.57777e+06 3 78174.2 109.499 8.93753 2 1 574.378 17.2571 33.2836 4 3 0.0229553 1.44444e-05 11.6697 2 
0.970412 -1.37389e-05 -1 0.662361 0.241413 0.000652601 38.0622 2.57755e+06 4 93828.6 30.0131 7.47749 2 1 417.939 26.7002 15.653 4 3 0.025057 1.24588e-05 12.6227 2 
0.971065 -1.37627e-05 -1 0.662518 0.241403 0.000652601 38.0899 2.5774e+06 3 49672.9 107.42 7.73293 2 1 620.28 31.4725 19.7086 4 2 0.0241885 9.36397e-05 16.0722 2 
0.971717 -1.37846e-05 -1 0.662676 0.2414 0.000652601 38.1138 2.5775e+06 3 48504.7 216.463 6.07389 2 1 423.928 19.277 21.9915 4 2 0.0232995 9.5215e-05 15.643 2 
0.97237 -1.3773e-05 -1 0.662833 0.241384 0.000652601 38.1399 2.57746e+06 3 104800 222.75 7.77763 2 1 386.862 29.0495 13.3173 4 3 0.022508 7.39759e-06 14.4905 2 
0.973022 -1.37742e-05 -1 0.66299 0.241355 0.000652601 38.1662 2.5774e+06 3 114198 168.484 8.78416 2 1 558.484 85.5226 6.53025 4 3 0.0218716 9.24664e-06 13.3239 2 
0.973675 -1.3848e-05 -1 0.663147 0.24136 0.000652601 38.1924 2.57735e+06 3 66606.5 220.454 6.71016 2 1 757.878 33.691 22.495 4 3 0.0223992 1.04066e-05 12.9115 2 
0.974328 -1.39745e-05 -1 0.663305 0.241367 0.000652601 38.2186 2.57729e+06 3 93886.3 157.311 8.41939 2 1 621.427 29.4046 21.1337 4 3 0.0219813 1.03108e-05 12.8702 2 
0.97498 -1.40453e-05 -1 0.663462 0.241351 0.000652601 38.2449 2.57723e+06 3 50960.1 77.7966 8.68473 2 1 578.221 29.8353 19.3804 4 3 0.0223152 9.3635e-06 13.3574 2 
0.975633 -1.41498e-05 -1 0.66362 0.241349 0.000652601 38.2712 2.57718e+06 3 74791.9 130.883 8.29833 2 1 568.726 30.2359 18.8096 4 3 0.0224727 1.03474e-05 12.9502 2 
0.976285 -1.41328e-05 -1 0.663777 0.241349 0.000652601 38.3015 2.57685e+06 3 76456.7 189.783 7.38561 2 1 432.344 44.9836 9.61116 4 3 0.0236267 1.19557e-05 12.549 2 
0.976938 -1.42937e-05 -1 0.663935 0.241337 0.000652601 38.3276 2.5768e+06 3 48420.9 117.226 7.44738 2 1 482.206 50.5084 9.54703 4 3 0.023495 1.21402e-05 12.4619 2 
0.977591 -1.43897e-05 -1 0.664092 0.241317 0.000652601 38.3538 2.57675e+06 3 62965.5 85.7186 9.02282 2 1 606.783 41.9994 14.4474 4 3 0.0240829 1.75653e-05 11.1092 2 
0.978243 -1.4398e-05 -1 0.66425 0.241304 0.000652601 38.3799 2.57671e+06 3 87442.6 129.476 8.7736 2 1 526.744 15.6412 33.6767 4 3 0.0231728 2.83527e-05 9.34963 2 
0.978896 -1.43504e-05 -1 0.664408 0.241307 0.000652601 38.4061 2.57666e+06 3 115538 114.307 10.0358 2 1 421.925 31.7147 13.3038 4 3 0.0248922 4.22278e-05 8.38472 2 
0.979548 -1.42806e-05 -1 0.664566 0.241294 0.000652601 38.4321 2.57662e+06 3 114964 195.985 8.37104 2 1 494.225 24.8553 19.8841 4 3 0.0246213 4.80194e-05 8.00384 2 
0.980201 -1.42989e-05 -1 0.664723 0.241288 0.000652601 38.4583 2.57657e+06 3 84129.6 133.96 8.56362 2 1 391.304 34.1524 11.4576 4 3 0.0254537 5.00783e-05 7.98057 2 
0.980854 -1.44069e-05 -1 0.664881 0.24128 0.000652601 38.4909 2.57609e+06 3 108359 179.726 8.44795 2 1 412.622 40.6119 10.1601 4 3 0.0249159 4.982e-05 7.93763 2 
0.981506 -1.42946e-05 -1 0.665038 0.24125 0.000652601 38.5172 2.57603e+06 3 56843.1 121.31 7.76713 2 1 579.852 59.2439 9.78754 4 3 0.024547 5.62336e-05 7.58579 2 
0.982159 -1.43524e-05 -1 0.665195 0.241237 0.000652601 38.546 2.57581e+06 3 47002.1 74.6789 8.56985 2 1 997.469 56.0415 17.7988 4 4 0.022697 2.59031e-05 5.44069 2 
0.982811 -1.44054e-05 -1 0.665352 0.241234 0.000652601 38.5747 2.57559e+06 3 50299.2 79.0329 8.6017 2 1 635.892 36.6805 17.3359 4 4 0.023695 2.61611e-05 5.48592 2 
0.983464 -1.44062e-05 -1 0.665509 0.241218 0.000652601 38.6033 2.57538e+06 3 118499 77.8988 11.5008 2 1 460.226 18.7388 24.5601 4 4 0.0232278 2.29578e-05 5.63987 2 
0.984117 -1.44541e-05 -1 0.665666 0.241211 0.000652601 38.6293 2.57534e+06 3 96702.5 119.46 9.31976 2 1 783.246 24.1316 32.4573 4 3 0.0218466 9.85071e-05 6.05302 2 
0.984769 -1.44873e-05 -1 0.665824 0.241207 0.000652601 38.6555 2.57529e+06 3 54108.1 118.344 7.7038 2 1 496.638 21.8487 22.7308 4 3 0.0218945 8.51984e-05 6.35771 2 
0.985422 -1.45282e-05 -1 0.665981 0.241204 0.000652601 38.6816 2.57525e+06 3 67948.7 151.755 7.65031 2 1 610.834 23.5476 25.9403 4 3 0.0226144 7.45219e-05 6.71997 2 
0.986074 -1.4637e-05 -1 0.666138 0.241185 0.000652601 38.7118 2.57493e+06 3 117431 145.978 9.30032 2 1 443.912 41.034 10.8181 4 3 0.0234559 7.28402e-05 6.85425 2 
0.986727 -1.45856e-05 -1 0.666295 0.241166 0.000652601 38.7379 2.57489e+06 3 121211 140.081 9.52914 2 1 435.019 38.8645 11.1932 4 3 0.0237361 6.59794e-05 7.11214 2 
0.98738 -1.44982e-05 -1 0.666453 0.241168 0.000652601 38.7639 2.57485e+06 3 80141.8 143.552 8.23411 2 1 495.987 36.5469 13.5712 4 3 0.0234589 5.67701e-05 7.44839 2 
0.988032 -1.46587e-05 -1 0.66661 0.241143 0.000652601 38.7899 2.57482e+06 3 123231 146.56 9.43847 2 1 513.909 43.764 11.7427 4 3 0.0239825 5.32432e-05 7.66555 2 
0.988685 -1.4759e-05 -1 0.666768 0.241129 0.000652601 38.8159 2.57478e+06 3 48622.7 87.6615 8.21631 2 1 479.139 31.5486 15.1873 4 3 0.0230222 5.10663e-05 7.6678 2 
0.989337 -1.47977e-05 -1 0.666925 0.241118 0.000652601 38.8419 2.57474e+06 3 109292 110.241 9.9712 2 1 1706.3 51.9058 32.873 4 3 0.0253478 5.13772e-05 7.90175 2 
0.98999 -1.48609e-05 -1 0.667083 0.241113 0.000652601 38.868 2.5747e+06 3 50214 86.9984 8.32603 2 1 508.905 29.4014 17.3089 4 3 0.025587 4.93765e-05 8.03217 2 
0.990643 -1.48785e-05 -1 0.667241 0.241103 0.000652601 38.8972 2.57445e+06 3 49342.7 136.866 7.1172 2 1 556.454 25.9969 21.4046 4 3 0.0247055 4.53577e-05 8.16672 2 
0.991295 -1.49295e-05 -1 0.667398 0.241085 0.000652601 38.9234 2.57441e+06 3 116591 147.2 9.25237 2 1 495.703 21.5195 23.0351 4 3 0.0239636 4.45949e-05 8.12997 2 
0.991948 -1.49747e-05 -1 0.667556 0.241069 0.000652601 38.9493 2.57437e+06 3 75947.4 128.909 8.3832 2 1 467.827 23.1448 20.213 4 3 0.0246293 4.27959e-05 8.31795 2 
0.9926 -1.49851e-05 -1 0.667713 0.241076 0.000652601 38.9756 2.57432e+06 3 49880.8 127.405 7.31559 2 1 1326.7 36.9956 35.8609 4 3 0.0247836 3.95468e-05 8.55758 2 
0.993253 -1.49544e-05 -1 0.66787 0.241071 0.000652601 39.004 2.57412e+06 4 101758 92.3095 5.7621 2 1 477.14 22.8876 20.8471 4 3 0.0252655 3.89823e-05 8.65407 2 
0.993906 -1.48871e-05 -1 0.668027 0.241048 0.000652601 39.0301 2.57409e+06 3 47374.6 80.3919 8.38387 2 1 449.552 18.8322 23.8714 4 3 0.0249505 3.76252e-05 8.72034 2 
0.994558 -1.49095e-05 -1 0.668184 0.241025 0.000652601 39.0561 2.57405e+06 3 49522.8 124.054 7.36316 2 1 536.827 35.3709 15.1771 4 3 0.0253868 3.81115e-05 8.73342 2 
0.995211 -1.49281e-05 -1 0.668341 0.241016 0.000652601 39.0821 2.57401e+06 3 49208 100.286 7.88737 2 1 488.461 29.3164 16.6617 4 3 0.0249919 3.82399e-05 8.67816 2 
0.995863 -1.49598e-05 -1 0.668498 0.240999 0.000652601 39.1123 2.5737e+06 3 47564.4 122.098 7.3034 2 1 475.188 22.7073 20.9266 4 3 0.0252728 3.80144e-05 8.72773 2 
0.996516 -1.49603e-05 -1 0.668655 0.240988 0.000652601 39.1383 2.57367e+06 3 116302 174.712 8.73149 2 1 473.801 20.453 23.1653 4 3 0.0248716 3.70667e-05 8.75468 2 
0.997169 -1.49305e-05 -1 0.668812 0.240982 0.000652601 39.1644 2.57362e+06 3 69586.2 120.68 8.3233 2 1 1095.17 29.7407 36.8241 4 3 0.0250789 3.73039e-05 8.76029 2 
0.997821 -1.50312e-05 -1 0.668969 0.240986 0.000652601 39.1903 2.57359e+06 3 81420.2 134.669 8.45581 2 1 757.45 35.2108 21.5119 4 3 0.0247494 3.87198e-05 8.61411 2 
0.998474 -1.51564e-05 -1 0.669127 0.240956 0.000652601 39.2164 2.57355e+06 3 50576.6 142.964 7.07252 2 1 448.592 25.865 17.3436 4 3 0.0248615 3.81702e-05 8.6683 2 
0.999126 -1.51925e-05 -1 0.669284 0.240951 0.000652601 39.2423 2.57352e+06 3 52982.4 80.891 8.68448 2 1 491.418 26.7404 18.3773 4 3 0.0250105 3.91475e-05 8.6127 2 
0.999779 -1.51761e-05 -1 0.669441 0.24093 0.000652601 39.2684 2.57348e+06 3 49341.7 73.9203 8.73944 2 1 424.82 27.3493 15.5331 4 3 0.0257006 3.94553e-05 8.66854 2 
1.00043 -1.52166e-05 -1 0.669598 0.240918 0.000652601 39.2986 2.57317e+06 3 49396.9 87.9558 8.25046 2 1 433.076 29.1786 14.8422 4 3 0.0248884 3.83222e-05 8.65995 2 
1.00108 -1.52175e-05 -1 0.669756 0.240908 0.000652601 39.3246 2.57314e+06 3 67813.6 133.883 7.97132 2 1 419.195 35.6954 11.7437 4 3 0.0256505 3.62389e-05 8.91197 2 
1.00174 -1.52737e-05 -1 0.669913 0.240892 0.000652601 39.3506 2.5731e+06 3 89892.1 104.045 9.52432 2 1 639.648 38.8416 16.4681 4 3 0.0243853 3.39938e-05 8.95179 2 
1.00239 -1.53082e-05 -1 0.670071 0.240861 0.000652601 39.3766 2.57307e+06 3 106461 127.559 9.41513 2 1 430.946 28.1975 15.2831 4 3 0.0244835 3.16888e-05 9.17605 2 
1.00304 -1.53126e-05 -1 0.670228 0.240861 0.000652601 39.4025 2.57304e+06 3 85265.6 225.769 7.2283 2 1 462.089 26.3573 17.5317 4 3 0.0243549 3.04345e-05 9.2841 2 
1.00369 -1.53629e-05 -1 0.670385 0.240864 0.000652601 39.4286 2.573e+06 3 117806 167.024 8.90148 2 1 582.332 36.8572 15.7997 4 3 0.0240968 3.07309e-05 9.22135 2 
1.00435 -1.53262e-05 -1 0.670542 0.24085 0.000652601 39.4545 2.57297e+06 3 68021.2 142.091 7.82275 2 1 671.698 38.6206 17.3922 4 3 0.0244673 3.09254e-05 9.2489 2 
1.005 -1.53232e-05 -1 0.6707 0.240823 0.000652601 39.4824 2.57281e+06 3 62784.8 90.4887 8.85293 2 1 694.01 37.4575 18.5279 4 3 0.0247415 3.17769e-05 9.19965 2 
1.00565 -1.53055e-05 -1 0.670857 0.240803 0.000652601 39.5125 2.57251e+06 3 48832.1 132.756 7.16501 2 1 486.107 19.1002 25.4504 4 3 0.0244072 3.13149e-05 9.20286 2 
1.00631 -1.53159e-05 -1 0.671014 0.240796 0.000652601 39.5385 2.57248e+06 3 62428.7 131.984 7.7915 2 1 460.615 32.5827 14.1368 4 3 0.0241922 3.0926e-05 9.21405 2 
1.00696 -1.5374e-05 -1 0.671171 0.240782 0.000652601 39.5645 2.57244e+06 3 70633.6 138.953 7.98082 2 1 433.31 23.7596 18.2373 4 3 0.0240652 3.11228e-05 9.17847 2 
1.00761 -1.53356e-05 -1 0.671327 0.240761 0.000652601 39.5906 2.5724e+06 3 47867.3 77.1314 8.52974 2 1 464.588 21.2386 21.8747 4 3 0.025488 3.06518e-05 9.40358 2 
1.00826 -1.53249e-05 -1 0.671484 0.240751 0.000652601 39.6166 2.57237e+06 3 60155 128.684 7.76097 2 1 665.18 30.2808 21.9671 4 3 0.0255175 3.03819e-05 9.43497 2 
1.00892 -1.52992e-05 -1 0.671641 0.240737 0.000652601 39.6425 2.57234e+06 3 84514.1 148.783 8.28181 2 1 414.903 18.6494 22.2475 4 3 0.0247537 3.1128e-05 9.26466 2 
1.00957 -1.52524e-05 -1 0.671798 0.240742 0.000652601 39.6684 2.57231e+06 3 120894 114.107 10.1945 2 1 1287.08 31.6636 40.6484 4 3 0.0263452 3.13988e-05 9.43183 2 
1.01022 -1.52446e-05 -1 0.671955 0.240711 0.000652601 39.6976 2.57207e+06 3 120291 225.88 8.1056 2 1 569.553 31.1732 18.2706 4 3 0.0262271 3.17962e-05 9.37832 2 
1.01087 -1.53276e-05 -1 0.672112 0.240699 0.000652601 39.7236 2.57204e+06 3 112263 144 9.2036 2 1 518.601 28.9107 17.9381 4 3 0.0252671 3.17385e-05 9.26808 2 
1.01153 -1.53031e-05 -1 0.67227 0.240682 0.000652601 39.7494 2.57202e+06 3 59295.5 130.512 7.6876 2 1 455.279 52.229 8.71698 4 3 0.0240787 3.1082e-05 9.18421 2 
1.01218 -1.5321e-05 -1 0.672427 0.24067 0.000652601 39.7777 2.57184e+06 4 94341.6 45.6433 6.74266 2 1 498.517 28.9193 17.2382 4 3 0.0234612 2.96489e-05 9.24941 2 
1.01283 -1.52984e-05 -1 0.672584 0.240644 0.000652601 39.8036 2.57181e+06 3 70572.8 130.805 8.14087 2 1 488.15 22.173 22.0155 4 3 0.0233595 2.68886e-05 9.54183 2 
1.01348 -1.52306e-05 -1 0.672741 0.240627 0.000652601 39.8293 2.57179e+06 3 100490 121.17 9.39527 2 1 531.72 27.4904 19.342 4 3 0.0231733 2.45042e-05 9.81558 2 
1.01414 -1.52271e-05 -1 0.672898 0.240625 0.000652601 39.8552 2.57176e+06 3 125162 184.731 8.78303 2 1 666.851 36.1282 18.4579 4 3 0.0232361 2.34197e-05 9.97381 2 
1.01479 -1.5305e-05 -1 0.673055 0.240606 0.000652601 39.8811 2.57174e+06 3 81363.7 126.82 8.62477 2 1 796.24 31.4172 25.344 4 3 0.023183 2.30417e-05 10.0204 2 
1.01544 -1.53235e-05 -1 0.673212 0.240592 0.000652601 39.9111 2.57145e+06 3 58629.8 126.896 7.73079 2 1 763.351 38.7535 19.6976 4 3 0.0242214 2.30754e-05 10.1629 2 
1.01609 -1.53076e-05 -1 0.673369 0.240578 0.000652601 39.937 2.57142e+06 3 75778.9 180.265 7.49111 2 1 407.872 24.3338 16.7616 4 3 0.0256608 2.35154e-05 10.2953 2 
1.01675 -1.53054e-05 -1 0.673526 0.240562 0.000652601 39.963 2.57139e+06 3 66429.3 80.4453 9.38181 2 1 565.605 34.0346 16.6186 4 3 0.0249316 2.4013e-05 10.1259 2 
1.0174 -1.53075e-05 -1 0.673683 0.240564 0.000652601 39.9935 2.57107e+06 3 122021 147.219 9.39341 2 1 1466.01 33.1261 44.2555 4 3 0.024035 2.36496e-05 10.054 2 
1.01805 -1.52394e-05 -1 0.67384 0.240516 0.000652601 40.0194 2.57104e+06 3 126062 133.677 9.8064 2 1 599.022 41.3211 14.4968 4 3 0.0237775 2.51945e-05 9.8089 2 
1.0187 -1.52815e-05 -1 0.673997 0.240518 0.000652601 40.0455 2.571e+06 3 50975.1 132.275 7.27713 2 1 674.362 57.0871 11.8128 4 3 0.0263614 2.55268e-05 10.1078 2 
1.01936 -1.53142e-05 -1 0.674154 0.240501 0.000652601 40.0737 2.57083e+06 4 128592 53.3157 7.00792 2 1 385.888 31.8046 12.1331 4 3 0.0272315 2.54272e-05 10.2311 2 
1.02001 -1.52431e-05 -1 0.67431 0.240495 0.000652601 40.104 2.57052e+06 3 87523 107.418 9.34003 2 1 430.077 49.8193 8.63273 4 3 0.0264433 9.30826e-05 6.57378 2 
1.02066 -1.50892e-05 -1 0.674467 0.240463 0.000652601 40.1327 2.57031e+06 3 59623.7 108.777 8.1839 2 1 455.759 44.9424 10.1409 4 4 0.0255306 2.21612e-05 5.82595 2 
1.02131 -1.5045e-05 -1 0.674624 0.24046 0.000652601 40.1612 2.57012e+06 3 50665.2 63.6723 9.26659 2 1 1528.6 30.5101 50.1014 4 4 0.02396 2.04e-05 5.85415 2 
1.02197 -1.50899e-05 -1 0.674781 0.240439 0.000652601 40.1872 2.57009e+06 3 48711.6 130.184 7.20596 2 1 472.65 21.4795 22.0047 4 3 0.0252603 9.20136e-05 6.49923 2 
1.02262 -1.51245e-05 -1 0.674937 0.240396 0.000652601 40.2133 2.57006e+06 3 97192.9 137.404 8.91002 2 1 440.562 23.2672 18.9349 4 3 0.0252166 7.91689e-05 6.82932 2 
1.02327 -1.52157e-05 -1 0.675094 0.240404 0.000652601 40.2392 2.57003e+06 3 103409 128.915 9.29148 2 1 523.935 44.5495 11.7607 4 3 0.0244562 6.84278e-05 7.09663 2 
1.02393 -1.52346e-05 -1 0.675251 0.240392 0.000652601 40.2652 2.57e+06 3 79415.8 135.729 8.36395 2 1 569.422 21.0478 27.0538 4 3 0.0248319 6.46443e-05 7.26931 2 
1.02458 -1.52547e-05 -1 0.675409 0.240374 0.000652601 40.2952 2.56971e+06 3 56786.9 146.028 7.29913 2 1 447.972 25.6797 17.4446 4 3 0.0253535 6.22685e-05 7.41179 2 
1.02523 -1.52541e-05 -1 0.675566 0.240352 0.000652601 40.3212 2.56967e+06 3 69632.1 111.404 8.55007 2 1 559.665 24.2526 23.0765 4 3 0.0244057 5.30437e-05 7.72004 2 
1.02588 -1.53063e-05 -1 0.675722 0.240338 0.000652601 40.3472 2.56964e+06 3 54361 55.8958 9.90763 2 1 482.785 34.2296 14.1043 4 3 0.025157 4.77426e-05 8.07701 2 
1.02654 -1.53368e-05 -1 0.675879 0.240338 0.000652601 40.3754 2.56947e+06 4 81963.2 61.8543 6.0334 2 1 479.416 21.9783 21.8132 4 3 0.0252325 4.57403e-05 8.20138 2 
1.02719 -1.5344e-05 -1 0.676036 0.240328 0.000652601 40.4013 2.56945e+06 3 119770 212.388 8.26177 2 1 497.116 18.8471 26.3763 4 3 0.025589 4.56571e-05 8.24483 2 
1.02784 -1.50841e-05 -1 0.676193 0.240285 0.000652601 40.4273 2.56942e+06 3 93531.8 96.972 9.88032 2 1 690.881 60.7283 11.3766 4 3 0.0251207 4.52394e-05 8.21937 2 
1.02849 -1.50607e-05 -1 0.67635 0.240268 0.000652601 40.453 2.5694e+06 3 50686.7 128.168 7.34015 2 1 723.366 63.7885 11.3401 4 3 0.0263853 4.03784e-05 8.67769 2 
1.02915 -1.50791e-05 -1 0.676507 0.240253 0.000652601 40.4808 2.56926e+06 3 66406.3 106.902 8.53246 2 1 491.252 19.3931 25.3312 4 3 0.0264917 3.37851e-05 9.22136 2 
1.0298 -1.5048e-05 -1 0.676663 0.240248 0.000652601 40.5109 2.56897e+06 3 55816.9 116.586 7.823 2 1 464.635 19.2357 24.1548 4 3 0.0261482 3.23695e-05 9.31326 2 
1.03045 -1.51434e-05 -1 0.67682 0.240213 0.000652601 40.5368 2.56894e+06 3 94461.5 124.196 9.12813 2 1 435.637 30.572 14.2495 4 3 0.0249692 3.1819e-05 9.22371 2 
1.0311 -1.51521e-05 -1 0.676977 0.240204 0.000652601 40.5603 2.56907e+06 2 6048 49.3738 11.0677 2 1 548.545 29.3661 18.6795 4 3 0.0245247 3.18085e-05 9.16966 2 
1.03176 -1.51544e-05 -1 0.677133 0.24021 0.000652601 40.5862 2.56904e+06 3 79577.6 72.365 10.3218 2 1 606.178 28.6217 21.179 4 3 0.0271701 3.25362e-05 9.4169 2 
1.03241 -1.51063e-05 -1 0.67729 0.240172 0.000652601 40.6121 2.56902e+06 3 109590 137.61 9.26916 2 1 642.892 25.7133 25.0023 4 3 0.0255568 3.14206e-05 9.33463 2 
1.03306 -1.51054e-05 -1 0.677446 0.240181 0.000652601 40.638 2.56899e+06 3 99634.7 118.912 9.42747 2 1 745.147 37.189 20.0367 4 3 0.0250956 2.97031e-05 9.45363 2 
1.03371 -1.5019e-05 -1 0.677603 0.240146 0.000652601 40.6639 2.56897e+06 3 50893.8 147.184 7.01888 2 1 742.025 37.0327 20.037 4 3 0.0262389 2.52133e-05 10.1338 2 
1.03437 -1.50792e-05 -1 0.67776 0.240121 0.000652601 40.6938 2.5687e+06 3 123090 94.6381 10.9157 2 1 552.731 26.6532 20.7379 4 3 0.0253149 2.16054e-05 10.5424 2 
1.03502 -1.51305e-05 -1 0.677916 0.240103 0.000652601 40.7196 2.56868e+06 3 84144.5 163.424 8.015 2 1 513.664 25.0556 20.501 4 3 0.0242081 2.06298e-05 10.5476 2 
1.03567 -1.5166e-05 -1 0.678073 0.240082 0.000652601 40.7453 2.56866e+06 3 59387.8 138.454 7.54161 2 1 607.322 22.0021 27.6029 4 3 0.0241488 2.22549e-05 10.276 2 
1.03632 -1.51884e-05 -1 0.67823 0.240065 0.000652601 40.7712 2.56864e+06 3 48758.7 68.1519 8.94386 2 1 478.509 32.5426 14.7041 4 3 0.0239422 2.18823e-05 10.3044 2 
1.03698 -1.52161e-05 -1 0.678387 0.240072 0.000652601 40.7969 2.56863e+06 3 72830.6 199.695 7.14467 2 1 454.594 22.3483 20.3414 4 3 0.0263363 2.18692e-05 10.6392 2 
1.03763 -1.52916e-05 -1 0.678543 0.240008 0.000652601 40.8228 2.5686e+06 3 86719 140.16 8.52112 2 1 554.269 31.8127 17.4229 4 3 0.0266792 2.15256e-05 10.7417 2 
1.03828 -1.53194e-05 -1 0.6787 0.240009 0.000652601 40.8485 2.56859e+06 3 56218.8 108.281 8.0373 2 1 1100.2 79.0233 13.9225 4 3 0.0269527 2.09333e-05 10.879 2 
1.03894 -1.53229e-05 -1 0.678856 0.239998 0.000652601 40.8744 2.56857e+06 3 48932.5 114.837 7.52498 2 1 696.312 32.5285 21.4062 4 3 0.0280632 2.07107e-05 11.0658 2 
1.03959 -1.53254e-05 -1 0.679013 0.239982 0.000652601 40.9043 2.56829e+06 3 49603.3 117.016 7.512 2 1 486.084 46.597 10.4317 4 3 0.027396 1.77524e-05 11.5561 2 
1.04024 -1.52928e-05 -1 0.679169 0.239963 0.000652601 40.93 2.56828e+06 3 127763 105.393 10.6626 2 1 436.02 46.6685 9.34291 4 3 0.0264575 1.99007e-05 10.9958 2 
1.04089 -1.52477e-05 -1 0.679326 0.239973 0.000652601 40.9558 2.56826e+06 3 126621 191.226 8.71605 2 1 470.953 23.0637 20.4197 4 3 0.0246164 2.15349e-05 10.4559 2 
1.04155 -1.51971e-05 -1 0.679483 0.239916 0.000652601 40.9815 2.56825e+06 3 113130 128.227 9.59103 2 1 421.117 45.3323 9.28957 4 3 0.0233913 2.06264e-05 10.4282 2 
1.0422 -1.52153e-05 -1 0.679639 0.23991 0.000652601 41.0074 2.56823e+06 3 49043.9 103.784 7.78905 2 1 540.407 44.0786 12.2601 4 3 0.0233145 1.89106e-05 10.7228 2 
1.04285 -1.52573e-05 -1 0.679796 0.239889 0.000652601 41.0334 2.5682e+06 3 106027 121.813 9.54791 2 1 555.017 25.8565 21.4652 4 3 0.0234992 1.65977e-05 11.2288 2 
1.0435 -1.53037e-05 -1 0.679952 0.23986 0.000652601 41.059 2.56819e+06 3 81651.2 133.355 8.4915 2 1 555.265 24.1756 22.968 4 3 0.0235806 1.44869e-05 11.7632 2 
1.04416 -1.53191e-05 -1 0.680109 0.239849 0.000652601 41.085 2.56817e+06 3 46934.4 49.0818 9.85198 2 1 692.802 26.4635 26.1796 4 3 0.0262539 1.41365e-05 12.2918 2 
1.04481 -1.53301e-05 -1 0.680265 0.23984 0.000652601 41.1174 2.56773e+06 4 65234.5 41.5557 6.29451 2 1 727.92 23.8375 30.5368 4 3 0.026518 1.5062e-05 12.075 2 
1.04546 -1.53229e-05 -1 0.680422 0.239798 0.000652601 41.1435 2.5677e+06 3 129686 130.46 9.98017 2 1 558.795 21.4681 26.0291 4 3 0.0263565 1.59528e-05 11.8218 2 
1.04611 -1.53743e-05 -1 0.680578 0.239798 0.000652601 41.1694 2.56767e+06 3 49558 123.195 7.38199 2 1 551.5 29.865 18.4665 4 3 0.0254632 1.7286e-05 11.3782 2 
1.04677 -1.54308e-05 -1 0.680735 0.239765 0.000652601 41.1929 2.5678e+06 2 41063.9 219.43 13.6799 2 1 1476.24 46.0552 32.0536 4 3 0.0261988 1.81301e-05 11.3056 2 
1.04742 -1.54849e-05 -1 0.680891 0.23977 0.000652601 41.2186 2.56779e+06 3 49383 141.352 7.04302 2 1 560.25 28.4273 19.7082 4 3 0.0251193 1.81294e-05 11.1483 2 
1.04807 -1.55516e-05 -1 0.681048 0.239749 0.000652601 41.2444 2.56777e+06 3 124353 164.846 9.10317 2 1 553.691 37.6866 14.692 4 3 0.0274815 1.74427e-05 11.6361 2 
1.04872 -1.56061e-05 -1 0.681204 0.239719 0.000652601 41.2724 2.56762e+06 4 127760 66.5944 6.61819 2 1 1102.08 33.7668 32.6379 4 3 0.027549 1.775e-05 11.5781 2 
1.04938 -1.55983e-05 -1 0.68136 0.239704 0.000652601 41.3045 2.56721e+06 4 131932 57.2893 6.92738 2 1 725.038 42.3114 17.1358 4 3 0.0284696 1.71234e-05 11.8467 2 
1.05003 -1.55613e-05 -1 0.681517 0.239676 0.000652601 41.3327 2.56704e+06 4 117630 62.8683 6.5769 2 1 496.773 19.2254 25.8395 4 3 0.0277903 1.71742e-05 11.7401 2 
1.05068 -1.55857e-05 -1 0.681673 0.239656 0.000652601 41.3584 2.56703e+06 3 135353 191.747 8.90388 2 1 547.486 24.6183 22.239 4 3 0.0263864 1.74251e-05 11.4833 2 
1.05133 -1.54944e-05 -1 0.681829 0.239647 0.000652601 41.3839 2.56703e+06 3 49431.4 125.811 7.32421 2 1 605.245 57.5939 10.5088 4 3 0.0261232 1.7857e-05 11.352 2 
1.05199 -1.54841e-05 -1 0.681986 0.239624 0.000652601 41.4096 2.56702e+06 3 101150 136.592 9.04719 2 1 591.166 42.7965 13.8134 4 3 0.0254753 1.81433e-05 11.1979 2 
1.05264 -1.55728e-05 -1 0.682142 0.239607 0.000652601 41.4354 2.56701e+06 3 110173 163.682 8.7638 2 1 683.079 25.1176 27.1953 4 3 0.0252762 1.80342e-05 11.1911 2 
1.05329 -1.5541e-05 -1 0.682299 0.23959 0.000652601 41.4633 2.56686e+06 4 71290 79.8283 5.46661 2 1 732.565 52.4283 13.9727 4 3 0.0253201 1.8002e-05 11.2042 2 
1.05394 -1.55539e-05 -1 0.682455 0.239553 0.000652601 41.495 2.56648e+06 3 47782.9 106.695 7.65086 2 1 797.72 43.8734 18.1823 4 3 0.0256563 1.73489e-05 11.3931 2 
1.0546 -1.56395e-05 -1 0.682611 0.239532 0.000652601 41.5208 2.56646e+06 3 72666.2 110.51 8.69583 2 1 446.928 29.95 14.9224 4 3 0.0265234 1.70445e-05 11.5882 2 
1.05525 -1.57207e-05 -1 0.682768 0.239546 0.000652601 41.5465 2.56645e+06 3 83875.9 146.774 8.29844 2 1 465.585 41.6654 11.1744 4 3 0.026504 1.61477e-05 11.796 2 
1.0559 -1.58162e-05 -1 0.682924 0.239508 0.000652601 41.5721 2.56645e+06 3 49264.3 101.603 7.85614 2 1 525.052 31.6922 16.5672 4 3 0.0265338 1.49391e-05 12.1104 2 
1.05656 -1.58895e-05 -1 0.68308 0.239473 0.000652601 41.5977 2.56644e+06 3 47141.3 118.369 7.35735 2 1 596.555 41.4329 14.3981 4 3 0.0266697 1.39439e-05 12.413 2 
1.05721 -1.59928e-05 -1 0.683236 0.239473 0.000652601 41.6233 2.56644e+06 3 66779.3 116.038 8.31791 2 1 476.534 42.8624 11.1178 4 3 0.0261618 1.73038e-05 11.4774 2 
1.05786 -1.60248e-05 -1 0.683392 0.239439 0.000652601 41.6489 2.56643e+06 3 124261 182.029 8.80503 2 1 500.361 28.597 17.4969 4 3 0.0249678 5.98228e-05 7.47316 2 
1.05851 -1.6112e-05 -1 0.683549 0.239446 0.000652601 41.6772 2.56626e+06 3 47884.5 140.34 6.98776 2 1 463.845 49.8226 9.30992 4 4 0.0282696 2.62723e-05 5.72737 2 
1.05917 -1.62047e-05 -1 0.683705 0.239399 0.000652601 41.7096 2.56585e+06 3 49501.7 138.401 7.09839 2 1 592.628 42.3851 13.982 4 4 0.0285119 2.62292e-05 5.74196 2 
1.05982 -1.62521e-05 -1 0.683861 0.239385 0.000652601 41.7378 2.56568e+06 3 95594.6 70.1559 11.0864 2 1 504.603 34.7955 14.5019 4 4 0.0275565 2.26487e-05 5.90602 2 
1.06047 -1.63234e-05 -1 0.684017 0.239367 0.000652601 41.7637 2.56566e+06 3 80043.2 125.244 8.6137 2 1 449.845 27.7227 16.2266 4 3 0.0262257 9.72187e-05 6.46139 2 
1.06112 -1.63252e-05 -1 0.684173 0.23937 0.000652601 41.7895 2.56564e+06 3 60890.7 158.96 7.26252 2 1 450.379 33.6325 13.3912 4 3 0.0247965 8.42974e-05 6.65057 2 
1.06178 -1.65516e-05 -1 0.684329 0.239328 0.000652601 41.8154 2.56562e+06 3 47596.6 131.748 7.12213 2 1 755.022 42.3593 17.8242 4 3 0.0258951 7.43903e-05 7.03451 2 
1.06243 -1.66676e-05 -1 0.684485 0.239311 0.000652601 41.8414 2.56559e+06 3 114024 143.622 9.25961 2 1 445.813 29.5619 15.0807 4 3 0.0291387 7.27395e-05 7.37168 2 
1.06308 -1.66948e-05 -1 0.684641 0.239287 0.000652601 41.8675 2.56556e+06 3 78336.6 113.749 8.8309 2 1 726.961 27.685 26.2583 4 3 0.0271539 6.42859e-05 7.50307 2 
1.06373 -1.67588e-05 -1 0.684798 0.239284 0.000652601 41.8971 2.56531e+06 3 48352.7 171.057 6.56286 2 1 653.571 25.8842 25.2498 4 3 0.0261718 5.63381e-05 7.7448 2 
1.06439 -1.68388e-05 -1 0.684954 0.239236 0.000652601 41.9234 2.56526e+06 3 46420.5 71.9127 8.64241 2 1 567.616 32.697 17.3599 4 3 0.0252731 5.30385e-05 7.81069 2 
1.06504 -1.68498e-05 -1 0.68511 0.239167 0.000652601 41.9495 2.56523e+06 3 129717 158.232 9.35912 2 1 576.183 32.6017 17.6734 4 3 0.0241077 5.1625e-05 7.75827 2 
1.06569 -1.6992e-05 -1 0.685266 0.239197 0.000652601 41.9759 2.56518e+06 3 56880.8 66.2623 9.50386 2 1 708.311 30.8633 22.9499 4 3 0.0241469 5.18487e-05 7.7513 2 
1.06634 -1.69871e-05 -1 0.685422 0.239145 0.000652601 42.0022 2.56513e+06 3 90386 119.746 9.105 2 1 649.201 37.4976 17.3131 4 3 0.026962 4.85291e-05 8.22085 2 
1.067 -1.69512e-05 -1 0.685578 0.239151 0.000652601 42.0286 2.56508e+06 3 47610.4 71.3496 8.7385 2 1 592.092 28.3822 20.8614 4 3 0.0259911 4.00606e-05 8.65703 2 
1.06765 -1.69165e-05 -1 0.685735 0.239156 0.000652601 42.0552 2.56501e+06 3 54422 93.47 8.35027 2 1 547.866 24.6394 22.2353 4 3 0.0270535 3.77903e-05 8.9457 2 
1.0683 -1.69318e-05 -1 0.685891 0.239108 0.000652601 42.0818 2.56495e+06 3 47715.3 171.485 6.52846 2 1 474.789 20.2649 23.4291 4 3 0.0277436 3.55114e-05 9.21012 2 
1.06895 -1.6895e-05 -1 0.686047 0.239094 0.000652601 42.1126 2.56463e+06 3 57431.4 156.456 7.1601 2 1 461.917 43.2102 10.69 4 3 0.0285337 3.62586e-05 9.23243 2 
1.06961 -1.69706e-05 -1 0.686203 0.239112 0.000652601 42.1394 2.56455e+06 3 68387.2 132.061 8.03034 2 1 467.015 26.5891 17.5641 4 3 0.028965 3.70603e-05 9.21131 2 
1.07026 -1.70988e-05 -1 0.686359 0.239044 0.000652601 42.1664 2.56447e+06 3 48624.4 128.538 7.23227 2 1 693.246 37.1174 18.6771 4 3 0.027267 3.66039e-05 9.06504 2 
1.07091 -1.71368e-05 -1 0.686515 0.239087 0.000652601 42.1932 2.56439e+06 3 99381.2 200.719 7.91113 2 1 550.259 28.9677 18.9956 4 3 0.0265726 3.49955e-05 9.12305 2 
1.07157 -1.71995e-05 -1 0.686671 0.239042 0.000652601 42.22 2.56432e+06 3 131824 94.5796 11.1703 2 1 755.529 37.5609 20.1148 4 3 0.0257647 3.02172e-05 9.48251 2 
1.07222 -1.72191e-05 -1 0.686826 0.238973 0.000652601 42.247 2.56423e+06 3 131887 220.259 8.42861 2 1 846.802 42.6653 19.8475 4 3 0.0251788 2.6378e-05 9.8461 2 
1.07287 -1.72264e-05 -1 0.686982 0.238999 0.000652601 42.2738 2.56415e+06 3 108545 188.026 8.32654 2 1 567.656 33.9123 16.7389 4 3 0.0240897 2.40907e-05 9.99987 2 
1.07352 -1.73751e-05 -1 0.687138 0.239 0.000652601 42.3047 2.56383e+06 3 47429.8 135.303 7.05096 2 1 691.803 43.9659 15.735 4 3 0.0274012 2.54146e-05 10.2541 2 
1.07418 -1.74837e-05 -1 0.687294 0.238939 0.000652601 42.3315 2.56376e+06 3 57002.1 126.476 7.66705 2 1 613.671 36.1383 16.9812 4 3 0.027302 2.57896e-05 10.1918 2 
1.07483 -1.75405e-05 -1 0.68745 0.238894 0.000652601 42.3607 2.56354e+06 4 126695 38.9521 7.55191 2 1 512.344 15.8366 32.3519 4 3 0.0270273 2.54033e-05 10.2087 2 
1.07548 -1.74764e-05 -1 0.687605 0.238985 0.000652601 42.3907 2.56327e+06 3 99140.7 199.018 7.9272 2 1 529.577 26.2877 20.1454 4 3 0.0284681 2.87501e-05 9.9672 2 
1.07613 -1.77044e-05 -1 0.687761 0.238987 0.000652601 42.4176 2.56319e+06 3 60509.1 160.624 7.2222 2 1 970.595 67.8198 14.3114 4 3 0.0260802 3.63292e-05 8.95402 2 
1.07679 -1.79982e-05 -1 0.687917 0.238952 0.000652601 42.4443 2.56312e+06 3 135173 164.699 9.36267 2 1 886.696 20.3655 43.5391 4 3 0.0269677 3.87402e-05 8.86258 2 
1.07744 -1.83046e-05 -1 0.688073 0.238797 0.000652601 42.4711 2.56305e+06 3 76870.7 121.426 8.5865 2 1 580.959 38.703 15.0107 4 3 0.0282984 4.0317e-05 8.88705 2 
1.07809 -1.82086e-05 -1 0.688229 0.238807 0.000652601 42.5027 2.56268e+06 3 92243 112.448 9.36111 2 1 536.059 82.5582 6.4931 4 3 0.027487 3.74465e-05 9.02067 2 
1.07874 -1.82173e-05 -1 0.688385 0.238766 0.000652601 42.5297 2.56259e+06 3 56869.6 61.6203 9.73611 2 1 526.233 79.0017 6.66103 4 3 0.0292032 4.05527e-05 8.96335 2 
1.0794 -1.82362e-05 -1 0.688541 0.238749 0.000652601 42.5566 2.56251e+06 3 55600.5 149.132 7.1973 2 1 517.357 36.967 13.9951 4 3 0.0296315 4.26355e-05 8.85783 2 
1.08005 -1.82997e-05 -1 0.688697 0.238717 0.000652601 42.5834 2.56244e+06 3 134407 119.154 10.4097 2 1 470.097 30.2199 15.5559 4 3 0.0289259 4.22526e-05 8.81342 2 
1.0807 -1.82916e-05 -1 0.688853 0.238721 0.000652601 42.6102 2.56237e+06 3 138637 173.655 9.27677 2 1 833.878 31.4108 26.5475 4 3 0.0275992 4.38638e-05 8.569 2 
1.08135 -1.83307e-05 -1 0.689008 0.238651 0.000652601 42.637 2.56229e+06 3 87616.2 148.631 8.38478 2 1 702.483 33.8966 20.7243 4 3 0.0264709 4.52828e-05 8.36139 2 
1.08201 -1.82689e-05 -1 0.689164 0.23864 0.000652601 42.6638 2.56222e+06 3 142973 207.766 8.82863 2 1 788.274 41.7667 18.8733 4 3 0.0261469 4.67407e-05 8.23964 2 
1.08266 -1.83523e-05 -1 0.68932 0.238631 0.000652601 42.6934 2.56198e+06 3 51043.8 122.029 7.47872 2 1 631.244 32.3123 19.5358 4 3 0.0260602 4.62106e-05 8.26187 2 
1.08331 -1.83478e-05 -1 0.689476 0.238612 0.000652601 42.7202 2.5619e+06 3 110110 107.567 10.0782 2 1 911.171 22.3603 40.7494 4 3 0.0266998 4.4215e-05 8.45239 2 
1.08396 -1.83775e-05 -1 0.689631 0.238635 0.000652601 42.747 2.56183e+06 3 87401.1 133.793 8.67683 2 1 641.262 27.0629 23.6953 4 3 0.0268484 4.20498e-05 8.61096 2 
1.08462 -1.84234e-05 -1 0.689787 0.23858 0.000652601 42.7739 2.56175e+06 3 49243.6 110.35 7.64174 2 1 604.138 32.6245 18.5179 4 3 0.0280345 4.09545e-05 8.81314 2 
1.08527 -1.84983e-05 -1 0.689942 0.238515 0.000652601 42.8007 2.56168e+06 3 68607.3 133.649 8.00697 2 1 719.445 34.2337 21.0157 4 3 0.0280177 4.13845e-05 8.78075 2 
1.08592 -1.85635e-05 -1 0.690098 0.238521 0.000652601 42.8275 2.56161e+06 3 50027.1 143.989 7.03005 2 1 503.094 30.7718 16.3492 4 3 0.0280278 4.22356e-05 8.72242 2 
1.08657 -1.85762e-05 -1 0.690253 0.238507 0.000652601 42.8545 2.56153e+06 3 46934.6 91.3985 8.00789 2 1 568.059 24.2612 23.4143 4 3 0.0274073 4.13036e-05 8.7222 2 
1.08723 -1.86116e-05 -1 0.690409 0.238483 0.000652601 42.8813 2.56145e+06 3 49103.7 153.513 6.83895 2 1 488.878 23.9137 20.4435 4 3 0.0266991 4.05886e-05 8.69689 2 
1.08788 -1.86517e-05 -1 0.690564 0.238458 0.000652601 42.9092 2.56131e+06 3 48429.7 117.383 7.4445 2 1 501.079 62.9669 7.95782 4 3 0.0281273 4.0264e-05 8.873 2 
1.08853 -1.86708e-05 -1 0.69072 0.238452 0.000652601 42.9361 2.56124e+06 3 129925 143.425 9.67586 2 1 448.309 22.52 19.9072 4 3 0.029118 4.11421e-05 8.91166 2 
1.08919 -1.86175e-05 -1 0.690875 0.238409 0.000652601 42.9629 2.56116e+06 3 98371.8 109.45 9.65053 2 1 468.789 39.3226 11.9216 4 3 0.0301125 4.18427e-05 8.9614 2 
1.08984 -1.86958e-05 -1 0.691031 0.238402 0.000652601 42.9901 2.56107e+06 3 47331.2 128.765 7.16336 2 1 722.311 57.1627 12.6361 4 3 0.0296634 4.12906e-05 8.95619 2 
1.09049 -1.88449e-05 -1 0.691187 0.238364 0.000652601 43.0193 2.56085e+06 4 117118 61.542 6.60485 2 1 713.586 41.4807 17.2028 4 3 0.0283459 4.02987e-05 8.89337 2 
1.09114 -1.89274e-05 -1 0.691342 0.238322 0.000652601 43.0461 2.56078e+06 3 60814.4 132.022 7.72301 2 1 533.651 22.4236 23.7986 4 3 0.0270807 3.78395e-05 8.94482 2 
1.0918 -1.89855e-05 -1 0.691498 0.238329 0.000652601 43.0728 2.56071e+06 3 54525 151.669 7.11049 2 1 468.336 40.4394 11.5812 4 3 0.0274658 3.5444e-05 9.18508 2 
1.09245 -1.90248e-05 -1 0.691654 0.238299 0.000652601 43.0997 2.56063e+06 3 107086 151.6 8.90592 2 1 497.658 22.4319 22.1853 4 3 0.0270378 3.42215e-05 9.24465 2 
1.0931 -1.90093e-05 -1 0.691809 0.238287 0.000652601 43.1266 2.56056e+06 3 115266 135.063 9.48539 2 1 504.477 34.9562 14.4317 4 3 0.0285337 3.34235e-05 9.48641 2 
1.09375 -1.90606e-05 -1 0.691965 0.238279 0.000652601 43.1534 2.56048e+06 3 76666.4 132.068 8.34197 2 1 934.396 40.9403 22.8234 4 3 0.0292349 3.42337e-05 9.48744 2 
1.09441 -1.90862e-05 -1 0.69212 0.238234 0.000652601 43.1802 2.56042e+06 3 49357.1 146.295 6.96156 2 1 769.315 38.6785 19.89 4 3 0.0274864 3.44752e-05 9.27265 2 
1.09506 -1.92112e-05 -1 0.692276 0.238205 0.000652601 43.2071 2.56034e+06 3 48133.7 86.1201 8.23724 2 1 714.282 40.5478 17.6158 4 3 0.0272236 3.37591e-05 9.3079 2 
1.09571 -1.92667e-05 -1 0.692431 0.238146 0.000652601 43.2339 2.56027e+06 3 90980.8 99.8715 9.694 2 1 541.697 44.1642 12.2655 4 3 0.0273768 3.29866e-05 9.39755 2 
1.09636 -1.92442e-05 -1 0.692586 0.238153 0.000652601 43.2634 2.56003e+06 3 132763 59.34 13.0791 2 1 518.974 43.993 11.7967 4 4 0.0275153 1.89318e-05 6.17441 2 
1.09702 -1.92973e-05 -1 0.692741 0.238117 0.000652601 43.2929 2.5598e+06 3 50617.7 95.7477 8.08583 2 1 548.908 44.893 12.227 4 4 0.0284303 2.20535e-05 5.99206 2 
1.09767 -1.92724e-05 -1 0.692897 0.23811 0.000652601 43.3247 2.55944e+06 4 95893.4 39.0857 7.03789 2 1 600.307 28.469 21.0863 4 4 0.0280223 1.97043e-05 6.14095 2 
1.09832 -1.92973e-05 -1 0.693052 0.238081 0.000652601 43.3515 2.55937e+06 3 53356.2 103.486 8.01864 2 1 499.963 22.998 21.7394 4 3 0.0292125 8.95069e-05 6.885 2 
1.09897 -1.93408e-05 -1 0.693207 0.238053 0.000652601 43.3785 2.55928e+06 3 128355 137.018 9.78465 2 1 571.492 19.8231 28.8296 4 3 0.0298373 7.64091e-05 7.30923 2 
1.09963 -1.94709e-05 -1 0.693362 0.238022 0.000652601 43.4053 2.55921e+06 3 55204.8 124.284 7.62994 2 1 551.394 32.7788 16.8216 4 3 0.0296654 6.67731e-05 7.63044 2 
1.10028 -1.93897e-05 -1 0.693517 0.237984 0.000652601 43.432 2.55915e+06 3 73048.9 216.402 6.9628 2 1 421.344 35.8993 11.7368 4 3 0.0282924 6.51778e-05 7.57164 2 
1.10093 -1.92795e-05 -1 0.693673 0.237996 0.000652601 43.4588 2.55908e+06 3 98757.5 150.848 8.68314 2 1 571.818 40.9062 13.9788 4 3 0.0285139 5.98495e-05 7.81025 2 
1.10158 -1.92718e-05 -1 0.693828 0.237933 0.000652601 43.4909 2.5587e+06 3 82421.4 64.924 10.8279 2 1 504.366 30.9339 16.3046 4 3 0.0279764 5.11006e-05 8.18066 2 
1.10224 -1.924e-05 -1 0.693983 0.237917 0.000652601 43.518 2.55861e+06 3 122538 92.5611 10.9803 2 1 611.411 26.2409 23.2999 4 3 0.027832 4.72675e-05 8.3816 2 
1.10289 -1.91768e-05 -1 0.694139 0.237908 0.000652601 43.5472 2.5584e+06 4 139102 40.0861 7.67512 2 1 534.556 31.3553 17.0483 4 3 0.0285328 4.60698e-05 8.52399 2 
1.10354 -1.91759e-05 -1 0.694294 0.2379 0.000652601 43.574 2.55833e+06 3 64613.8 122.668 8.07604 2 1 609.257 37.1159 16.415 4 3 0.0286648 4.62482e-05 8.52612 2 
1.1042 -1.91821e-05 -1 0.69445 0.237886 0.000652601 43.6023 2.55817e+06 3 61392.6 88.916 8.8385 2 1 615.649 17.3702 35.4428 4 3 0.0280101 4.44557e-05 8.57292 2 
1.10485 -1.91935e-05 -1 0.694605 0.237835 0.000652601 43.6292 2.5581e+06 3 77925.3 141.16 8.20331 2 1 583.501 20.8368 28.0034 4 3 0.0266916 3.75211e-05 8.92688 2 
1.1055 -1.91408e-05 -1 0.69476 0.237819 0.000652601 43.6559 2.55804e+06 3 52972.4 151.218 7.04935 2 1 530.848 21.4315 24.7695 4 3 0.0273321 3.32659e-05 9.36608 2 
1.10615 -1.92026e-05 -1 0.694916 0.237801 0.000652601 43.6826 2.55797e+06 3 78770.6 152.806 8.01816 2 1 1180.75 37.9993 31.0728 4 3 0.0276077 3.20148e-05 9.5183 2 
1.10681 -1.91931e-05 -1 0.695071 0.237767 0.000652601 43.7118 2.55776e+06 4 46636.5 29.0861 6.32791 2 1 842.396 20.253 41.5936 4 3 0.0301819 3.27277e-05 9.73368 2 
1.10746 -1.91923e-05 -1 0.695226 0.23775 0.000652601 43.7386 2.55769e+06 3 94413.2 80.4511 10.5479 2 1 796.857 29.8795 26.669 4 3 0.0298893 3.25548e-05 9.71927 2 
1.10811 -1.91465e-05 -1 0.695381 0.237731 0.000652601 43.7655 2.55762e+06 3 140988 124.466 10.4242 2 1 608.496 24.4543 24.8829 4 3 0.0289607 3.24746e-05 9.62547 2 
1.10876 -1.9231e-05 -1 0.695536 0.23771 0.000652601 43.7924 2.55755e+06 3 53787 117.316 7.71092 2 1 782.29 35.1459 22.2583 4 3 0.0289984 3.16055e-05 9.71711 2 
1.10942 -1.92188e-05 -1 0.695691 0.237681 0.000652601 43.8193 2.55747e+06 3 60506.3 137.092 7.61371 2 1 448.741 27.3748 16.3925 4 3 0.0304776 2.78798e-05 10.3014 2 
1.11007 -1.9278e-05 -1 0.695846 0.237654 0.000652601 43.8462 2.5574e+06 3 82241.5 203.76 7.39021 2 1 536.975 24.4081 21.9999 4 3 0.0300855 2.72916e-05 10.3302 2 
1.11072 -1.92889e-05 -1 0.696001 0.237616 0.000652601 43.8731 2.55732e+06 3 48306.7 90.987 8.09734 2 1 479.762 27.3536 17.5393 4 3 0.0289872 2.74401e-05 10.1845 2 
1.11137 -1.92836e-05 -1 0.696156 0.237589 0.000652601 43.904 2.55701e+06 3 125820 136.121 9.7411 2 1 475.02 34.8421 13.6335 4 3 0.0287149 2.67736e-05 10.2361 2 
1.11203 -1.93219e-05 -1 0.69631 0.237601 0.000652601 43.931 2.55694e+06 3 145777 222.044 8.69128 2 1 797.85 31.614 25.2372 4 3 0.0286698 2.56784e-05 10.3741 2 
1.11268 -1.92604e-05 -1 0.696465 0.237549 0.000652601 43.9603 2.55672e+06 4 126103 66.6925 6.5942 2 1 1011.67 87.1273 11.6114 4 3 0.0279884 2.39343e-05 10.5354 2 
1.11333 -1.91992e-05 -1 0.69662 0.237543 0.000652601 43.9873 2.55664e+06 3 114885 216.852 8.09159 2 1 1081.5 68.7103 15.7399 4 3 0.0285774 2.20834e-05 10.8973 2 
1.11398 -1.91047e-05 -1 0.696775 0.237484 0.000652601 44.0141 2.55658e+06 3 147589 156.915 9.79782 2 1 772.876 45.9815 16.8084 4 3 0.027778 2.18412e-05 10.8345 2 
1.11464 -1.91123e-05 -1 0.69693 0.237494 0.000652601 44.0409 2.5565e+06 3 47904.6 131.207 7.14727 2 1 1040.07 71.1972 14.6082 4 3 0.0302862 2.15788e-05 11.1962 2 
1.11529 -1.91491e-05 -1 0.697085 0.237467 0.000652601 44.0679 2.55643e+06 3 47492.2 54.9382 9.52612 2 1 994.575 34.3757 28.9325 4 3 0.0294494 1.91833e-05 11.5359 2 
1.11594 -1.92183e-05 -1 0.69724 0.237493 0.000652601 44.097 2.55623e+06 3 47382.4 154.646 6.74154 2 1 462.31 51.3342 9.00589 4 3 0.0295455 1.93122e-05 11.5227 2 
1.11659 -1.92926e-05 -1 0.697395 0.237387 0.000652601 44.1241 2.55614e+06 3 66167.6 129.732 7.98975 2 1 527.214 36.2283 14.5526 4 3 0.0294709 1.96646e-05 11.4438 2 
1.11725 -1.92642e-05 -1 0.69755 0.23738 0.000652601 44.1508 2.55608e+06 3 86656.8 170.21 7.98496 2 1 573.735 31.9867 17.9367 4 3 0.0296461 1.95027e-05 11.498 2 
1.1179 -1.92507e-05 -1 0.697705 0.237351 0.000652601 44.1776 2.55601e+06 3 48560.7 126.131 7.27481 2 1 523.506 23.4453 22.3289 4 3 0.0292264 2.07528e-05 11.209 2 
1.11855 -1.92322e-05 -1 0.69786 0.237318 0.000652601 44.2045 2.55594e+06 3 81008.1 107.119 9.11075 2 1 457.432 22.7196 20.1338 4 3 0.0300902 2.20022e-05 11.0999 2 
1.11921 -1.92094e-05 -1 0.698015 0.237282 0.000652601 44.2313 2.55587e+06 3 97073.1 134.376 8.97276 2 1 429.052 26.4592 16.2156 4 3 0.0305419 2.20732e-05 11.1432 2 
1.11986 -1.91992e-05 -1 0.69817 0.237268 0.000652601 44.2583 2.5558e+06 3 131707 118.04 10.3719 2 1 733.51 28.8744 25.4035 4 3 0.0312339 2.16723e-05 11.2955 2 
1.12051 -1.92714e-05 -1 0.698325 0.237244 0.000652601 44.285 2.55573e+06 3 51342.1 144.668 7.08001 2 1 563.312 28.321 19.8902 4 3 0.0299716 2.1683e-05 11.1394 2 
1.12116 -1.92779e-05 -1 0.69848 0.237223 0.000652601 44.3118 2.55567e+06 3 48934.5 123.88 7.33733 2 1 509.706 23.6586 21.5442 4 3 0.0291199 2.11257e-05 11.1291 2 
1.12182 -1.92718e-05 -1 0.698634 0.23718 0.000652601 44.3386 2.5556e+06 3 55683.9 58.5237 9.83557 2 1 548.179 20.5806 26.6357 4 3 0.0274527 2.15022e-05 10.8484 2 
1.12247 -1.92624e-05 -1 0.698789 0.237168 0.000652601 44.3654 2.55554e+06 3 110184 69.0087 11.6879 2 1 492.001 18.9029 26.0278 4 3 0.02668 2.17358e-05 10.7071 2 
1.12312 -1.92735e-05 -1 0.698944 0.237112 0.000652601 44.3925 2.55545e+06 3 121644 144.012 9.45288 2 1 503.537 22.1763 22.7061 4 3 0.0278237 2.19702e-05 10.8192 2 
1.12377 -1.92986e-05 -1 0.699098 0.237116 0.000652601 44.4193 2.55538e+06 3 106865 145.008 9.03263 2 1 672.1 22.2391 30.2215 4 3 0.0298495 2.18598e-05 11.0942 2 
1.12443 -1.93231e-05 -1 0.699253 0.237077 0.000652601 44.4461 2.55532e+06 3 48790.6 89.0921 8.18149 2 1 581.119 21.5014 27.0271 4 3 0.0320863 2.16886e-05 11.3945 2 
1.12508 -1.93606e-05 -1 0.699407 0.237057 0.000652601 44.473 2.55524e+06 3 92684.2 215.11 7.55292 2 1 732.048 22.9192 31.9404 4 3 0.0301004 2.10291e-05 11.2698 2 
1.12573 -1.94237e-05 -1 0.699562 0.237044 0.000652601 44.504 2.55494e+06 4 48657.3 92.1621 4.79346 2 1 653.561 71.3743 9.15681 4 3 0.0291151 2.05501e-05 11.2314 2 
1.12638 -1.94274e-05 -1 0.699717 0.237004 0.000652601 44.5309 2.55487e+06 3 72347.8 53.1104 11.0853 2 1 546.896 30.4285 17.9731 4 3 0.0297363 1.95658e-05 11.4973 2 
1.12704 -1.93841e-05 -1 0.699871 0.236983 0.000652601 44.5576 2.55481e+06 3 141163 170.252 9.39455 2 1 556.894 19.0817 29.1847 4 3 0.0297715 1.79867e-05 11.829 2 
1.12769 -1.94514e-05 -1 0.700026 0.236978 0.000652601 44.5844 2.55474e+06 3 92158 209.736 7.60245 2 1 773.14 53.7868 14.3742 4 3 0.0289839 1.70774e-05 11.9283 2 
1.12834 -1.94876e-05 -1 0.700181 0.236931 0.000652601 44.6112 2.55468e+06 3 50100.4 78.5207 8.60899 2 1 1313.58 39.4642 33.2853 4 3 0.028813 1.68006e-05 11.9698 2 
1.12899 -1.94847e-05 -1 0.700335 0.236903 0.000652601 44.6379 2.55461e+06 3 55980.4 109.731 7.99041 2 1 523.526 28.2603 18.5251 4 3 0.0312055 1.65293e-05 12.3593 2 
1.12965 -1.95335e-05 -1 0.70049 0.236847 0.000652601 44.6648 2.55454e+06 3 67305.2 154.995 7.57257 2 1 578.599 43.4485 13.3169 4 3 0.0317017 1.67395e-05 12.3722 2 
1.1303 -1.95892e-05 -1 0.700645 0.236867 0.000652601 44.6957 2.55425e+06 3 104345 160.896 8.65584 2 1 488.696 29.3201 16.6676 4 3 0.0310564 1.70029e-05 12.2239 2 
1.13095 -1.94939e-05 -1 0.700799 0.236822 0.000652601 44.7226 2.55417e+06 3 82866.6 106.529 9.1968 2 1 702.356 36.2548 19.3728 4 3 0.0302559 1.74915e-05 12.004 2 
1.1316 -1.95662e-05 -1 0.700954 0.236804 0.000652601 44.7495 2.5541e+06 3 48149.8 57.6872 9.41539 2 1 815.71 52.1265 15.6487 4 3 0.0326702 1.73964e-05 12.3376 2 
1.13226 -1.95842e-05 -1 0.701108 0.236774 0.000652601 44.7763 2.55403e+06 3 63773.7 107.196 8.41048 2 1 819.149 23.2752 35.194 4 3 0.0302708 1.77897e-05 11.9386 2 
1.13291 -1.95935e-05 -1 0.701263 0.236755 0.000652601 44.8031 2.55397e+06 3 126048 104.764 10.6359 2 1 484.761 29.9567 16.1821 4 3 0.0298316 1.9872e-05 11.4502 2 
1.13356 -1.9644e-05 -1 0.701417 0.236715 0.000652601 44.8297 2.55392e+06 3 145129 136.93 10.1957 2 1 460.943 31.4179 14.6714 4 3 0.0293103 2.18947e-05 11.0212 2 
1.13421 -1.96602e-05 -1 0.701572 0.236711 0.000652601 44.8566 2.55385e+06 3 141062 119.067 10.5813 2 1 861.088 37.2933 23.0896 4 3 0.0284519 7.75887e-05 7.15766 2 
1.13487 -1.95577e-05 -1 0.701726 0.236673 0.000652601 44.8902 2.5534e+06 3 58024.7 122.006 7.80567 2 1 785.575 35.0649 22.4035 4 4 0.0289133 2.38608e-05 5.90002 2 
1.13552 -1.95317e-05 -1 0.70188 0.236644 0.000652601 44.9197 2.55318e+06 3 77617.4 98.1514 9.24742 2 1 1123.94 37.5468 29.9345 4 4 0.0290803 2.26649e-05 5.98496 2 
1.13617 -1.96008e-05 -1 0.702035 0.236619 0.000652601 44.9493 2.55296e+06 3 9345.4 66.7351 5.19295 2 1 955.312 26.2486 36.3947 4 4 0.0295009 1.94265e-05 6.24252 2 
1.13683 -1.95845e-05 -1 0.702189 0.236587 0.000652601 44.9819 2.55256e+06 3 54185 135.303 7.37095 2 1 528.653 28.6082 18.4791 4 3 0.0299284 8.49377e-05 7.06309 2 
1.13748 -1.95883e-05 -1 0.702343 0.236582 0.000652601 45.013 2.55225e+06 3 92866.4 139.219 8.73748 2 1 529.86 26.5773 19.9366 4 3 0.030187 7.29031e-05 7.45346 2 
1.13813 -1.95562e-05 -1 0.702497 0.236531 0.000652601 45.0399 2.55218e+06 3 52172.8 87.2848 8.42368 2 1 568.736 23.3292 24.3788 4 3 0.0320814 6.67953e-05 7.83134 2 
1.13878 -1.95645e-05 -1 0.702652 0.236504 0.000652601 45.067 2.55211e+06 3 42099.3 43.8644 9.86403 2 1 827.857 34.2822 24.1483 4 3 0.0306222 6.4387e-05 7.80572 2 
1.13944 -1.95815e-05 -1 0.702806 0.236485 0.000652601 45.0938 2.55204e+06 3 146967 185.131 9.25935 2 1 504.476 21.2114 23.7832 4 3 0.0318038 5.52905e-05 8.31654 2 
1.14009 -1.97183e-05 -1 0.70296 0.236461 0.000652601 45.1208 2.55197e+06 3 46827.8 95.5936 7.883 2 1 716.773 34.5212 20.7633 4 3 0.0312708 4.95238e-05 8.5791 2 
1.14074 -1.96984e-05 -1 0.703115 0.236438 0.000652601 45.15 2.55177e+06 4 46583.2 34.1501 6.07728 2 1 1164.7 30.1094 38.6823 4 3 0.0310537 4.66131e-05 8.73377 2 
1.14139 -1.97009e-05 -1 0.703269 0.236408 0.000652601 45.1767 2.55171e+06 3 53846.3 116.636 7.72871 2 1 479.525 17.2725 27.7624 4 3 0.0301329 4.65598e-05 8.64988 2 
1.14205 -1.96996e-05 -1 0.703424 0.236367 0.000652601 45.2035 2.55165e+06 3 130695 127.565 10.0811 2 1 443.478 19.0951 23.2248 4 3 0.0301906 4.59931e-05 8.6908 2 
1.1427 -1.9691e-05 -1 0.703578 0.236383 0.000652601 45.2303 2.55159e+06 3 89811.4 176.59 7.98219 2 1 536.128 27.0511 19.8191 4 3 0.0302061 4.02165e-05 9.08999 2 
1.14335 -1.96685e-05 -1 0.703732 0.236332 0.000652601 45.2571 2.55152e+06 3 143441 151.842 9.81205 2 1 678.354 47.5171 14.276 4 3 0.0300743 3.40859e-05 9.59122 2 
1.144 -1.96687e-05 -1 0.703886 0.236303 0.000652601 45.2838 2.55146e+06 3 148894 194.776 9.14352 2 1 1082.82 48.1314 22.4973 4 3 0.0297877 3.27273e-05 9.69116 2 
1.14466 -1.96915e-05 -1 0.70404 0.236269 0.000652601 45.3105 2.5514e+06 3 47545.7 122.199 7.30042 2 1 892.195 72.3986 12.3234 4 3 0.0302381 3.30002e-05 9.71283 2 
1.14531 -1.96929e-05 -1 0.704195 0.236235 0.000652601 45.3374 2.55134e+06 3 154569 214.528 8.96492 2 1 882.141 35.3334 24.9662 4 3 0.0302137 3.23299e-05 9.77687 2 
1.14596 -1.96778e-05 -1 0.704349 0.236218 0.000652601 45.3641 2.55128e+06 3 46824.8 103.657 7.67288 2 1 599.964 24.6989 24.2911 4 3 0.0291889 3.29279e-05 9.60618 2 
1.14661 -1.97091e-05 -1 0.704503 0.236192 0.000652601 45.3907 2.55123e+06 3 47668.3 139.107 6.99779 2 1 929.552 34.5468 26.907 4 3 0.0311668 3.19741e-05 9.91512 2 
1.14727 -1.96902e-05 -1 0.704657 0.236157 0.000652601 45.4197 2.55104e+06 4 58385.8 54.8143 5.71286 2 1 434.264 22.375 19.4084 4 3 0.0326969 2.9113e-05 10.3946 2 
1.14792 -1.9738e-05 -1 0.704811 0.236123 0.000652601 45.4479 2.5509e+06 3 81397.3 229.354 7.08002 2 1 709.812 23.0291 30.8223 4 3 0.031112 2.42513e-05 10.8659 2 
1.14857 -1.97851e-05 -1 0.704965 0.236105 0.000652601 45.4746 2.55085e+06 3 77366 134.389 8.31882 2 1 559.092 60.5537 9.23299 4 3 0.0311471 2.16842e-05 11.283 2 
1.14922 -1.98264e-05 -1 0.705119 0.236058 0.000652601 45.5081 2.55041e+06 3 97187.7 121.072 9.29372 2 1 547.2 40.766 13.423 4 3 0.0310325 2.05729e-05 11.4685 2 
1.14988 -1.98805e-05 -1 0.705273 0.236044 0.000652601 45.5396 2.55008e+06 3 57223.8 124.819 7.7108 2 1 571.988 23.3094 24.5389 4 3 0.0326555 2.25658e-05 11.311 2 
1.15053 -1.99046e-05 -1 0.705427 0.236022 0.000652601 45.5686 2.5499e+06 4 138359 59.9579 6.9309 2 1 601.814 28.6476 21.0075 4 3 0.0324163 2.22084e-05 11.3436 2 
1.15118 -1.98341e-05 -1 0.705581 0.235998 0.000652601 45.5968 2.54976e+06 3 47325.3 130.379 7.13337 2 1 551.12 26.5867 20.7292 4 3 0.0312032 2.17544e-05 11.2776 2 
1.15184 -1.98132e-05 -1 0.705735 0.235968 0.000652601 45.6247 2.54963e+06 3 81589.6 188.754 7.561 2 1 571.697 29.3946 19.449 4 3 0.029604 2.16299e-05 11.1028 2 
1.15249 -1.98978e-05 -1 0.705889 0.235935 0.000652601 45.6541 2.54943e+06 3 43820.6 118.868 7.17031 2 1 546.986 58.1247 9.41056 4 3 0.0289828 2.11966e-05 11.0992 2 
1.15314 -1.9954e-05 -1 0.706043 0.235922 0.000652601 45.6833 2.54924e+06 3 108929 133.793 9.33763 2 1 661.245 52.9889 12.4789 4 3 0.0283673 1.91957e-05 11.3904 2 
1.15379 -2.00667e-05 -1 0.706197 0.235886 0.000652601 45.7147 2.54892e+06 3 124186 127.815 9.90445 2 1 700.413 35.3466 19.8156 4 3 0.028524 1.53179e-05 12.3028 2 
1.15445 -2.01467e-05 -1 0.706351 0.235858 0.000652601 45.7445 2.54869e+06 3 63272.6 96.0042 8.70246 2 1 940.87 42.9401 21.9112 4 3 0.0305646 1.51307e-05 12.6412 2 
1.1551 -2.02698e-05 -1 0.706504 0.235824 0.000652601 45.7721 2.54859e+06 3 91014.5 70.6948 10.8786 2 1 703.527 33.7123 20.8685 4 3 0.0315373 1.4517e-05 12.9514 2 
1.15575 -2.02663e-05 -1 0.706658 0.235802 0.000652601 45.7987 2.54853e+06 3 52974.7 130.959 7.39567 2 1 822.528 25.6964 32.0095 4 3 0.0339934 1.46371e-05 13.2428 2 
1.1564 -2.03067e-05 -1 0.706812 0.23578 0.000652601 45.8258 2.54846e+06 3 85403.9 109.315 9.21014 2 1 751.485 30.2638 24.8312 4 3 0.031693 1.50489e-05 12.818 2 
1.15706 -2.04082e-05 -1 0.706966 0.235748 0.000652601 45.853 2.54837e+06 3 48471.3 134.787 7.11125 2 1 614.896 29.5395 20.8161 4 3 0.0308738 1.40182e-05 13.0106 2 
1.15771 -2.04391e-05 -1 0.70712 0.235719 0.000652601 45.8802 2.5483e+06 3 48261.6 149.386 6.86169 2 1 593.734 29.049 20.4391 4 3 0.0312547 1.36182e-05 13.1906 2 
1.15836 -2.05599e-05 -1 0.707274 0.235695 0.000652601 45.9145 2.54782e+06 3 144439 146.299 9.95743 2 1 585.009 41.4109 14.1269 4 3 0.0311324 1.44804e-05 12.9065 2 
1.15901 -2.05264e-05 -1 0.707427 0.235655 0.000652601 45.9436 2.54763e+06 3 47982.9 89.8047 8.11451 2 1 666.844 33.2546 20.0527 4 3 0.0322564 1.52384e-05 12.8398 2 
1.15967 -2.05933e-05 -1 0.707581 0.235633 0.000652601 45.9701 2.54759e+06 3 45104.2 73.3981 8.5018 2 1 687.821 36.8089 18.6863 4 3 0.0326711 1.41002e-05 13.2326 2 
1.16032 -2.06246e-05 -1 0.707735 0.235605 0.000652601 45.9966 2.54754e+06 3 105843 124.165 9.48173 2 1 573.509 22.133 25.912 4 3 0.0333825 1.11609e-05 14.4081 2 
1.16097 -2.07574e-05 -1 0.707889 0.235593 0.000652601 46.0234 2.54749e+06 3 63798.7 136.424 7.76201 2 1 572.615 32.3316 17.7107 4 3 0.0325073 1.1112e-05 14.302 2 
1.16162 -2.0809e-05 -1 0.708043 0.235557 0.000652601 46.0499 2.54744e+06 3 46057.4 93.857 7.88759 2 1 680.994 29.3346 23.2147 4 3 0.031137 1.10782e-05 14.1124 2 
1.16228 -2.07994e-05 -1 0.708196 0.235523 0.000652601 46.0764 2.5474e+06 3 46194.2 103.527 7.64148 2 1 508.856 29.9498 16.9903 4 3 0.0310557 1.10163e-05 14.1265 2 
1.16293 -2.07867e-05 -1 0.70835 0.2355 0.000652601 46.103 2.54735e+06 3 61198.7 92.2769 8.72067 2 1 518.281 23.1226 22.4145 4 3 0.0348484 1.34999e-05 13.7178 2 
1.16358 -2.08051e-05 -1 0.708504 0.235458 0.000652601 46.1318 2.54718e+06 4 151264 55.2155 7.23467 2 1 856.758 23.6236 36.2671 4 3 0.0323766 1.79172e-05 12.1802 2 
1.16423 -2.08825e-05 -1 0.708657 0.235431 0.000652601 46.1582 2.54714e+06 3 82565.1 106.341 9.19104 2 1 546.03 34.4145 15.8663 4 3 0.0316399 2.0667e-05 11.5253 2 
1.16489 -2.09463e-05 -1 0.708811 0.235415 0.000652601 46.1848 2.5471e+06 3 150504 132.647 10.43 2 1 916.885 34.4537 26.6121 4 3 0.0302742 2.25979e-05 11.0239 2 
1.16554 -2.09162e-05 -1 0.708964 0.235384 0.000652601 46.2114 2.54705e+06 3 48906.7 126.149 7.29169 2 1 796.737 35.9041 22.1907 4 3 0.030522 2.41088e-05 10.818 2 
1.16619 -2.09989e-05 -1 0.709118 0.235353 0.000652601 46.2415 2.54681e+06 3 48287.2 47.5984 10.048 2 1 800.066 49.6951 16.0995 4 3 0.0311103 2.22867e-05 11.176 2 
1.16684 -2.10129e-05 -1 0.709271 0.235329 0.000652601 46.2693 2.5467e+06 3 97324.1 135.876 8.94731 2 1 541.198 23.4074 23.1208 4 3 0.0313156 1.96297e-05 11.6846 2 
1.1675 -2.10254e-05 -1 0.709425 0.23531 0.000652601 46.2958 2.54665e+06 3 59148.7 147.755 7.37 2 1 559.188 29.1063 19.2119 4 3 0.0315469 1.65536e-05 12.3981 2 
1.16815 -2.10491e-05 -1 0.709578 0.235256 0.000652601 46.3223 2.54661e+06 3 76149 135.599 8.25028 2 1 614.294 25.3113 24.2696 4 3 0.0317918 1.33232e-05 13.3629 2 
1.1688 -2.10342e-05 -1 0.709732 0.235249 0.000652601 46.3488 2.54657e+06 3 45932.8 66.7973 8.82649 2 1 540.211 30.4307 17.7522 4 3 0.0319832 1.25631e-05 13.6545 2 
1.16946 -2.09876e-05 -1 0.709885 0.235222 0.000652601 46.3755 2.54652e+06 3 41296 52.4417 9.23444 2 1 564.701 27.1775 20.7783 4 3 0.0342663 1.41598e-05 13.4257 2 
1.17011 -2.09526e-05 -1 0.710039 0.235213 0.000652601 46.4018 2.54648e+06 3 48273.6 87.3137 8.20747 2 1 928.315 36.9368 25.1325 4 3 0.0329357 2.46467e-05 11.0146 2 
1.17076 -2.09532e-05 -1 0.710192 0.235155 0.000652601 46.4283 2.54644e+06 3 152425 125.047 10.6822 2 1 509.614 33.8722 15.0452 4 3 0.0327227 3.64267e-05 9.64887 2 
1.17141 -2.088e-05 -1 0.710345 0.235103 0.000652601 46.4549 2.54639e+06 3 70907.2 87.3514 9.32839 2 1 605.236 36.6085 16.5327 4 3 0.0312488 4.05715e-05 9.16651 2 
1.17207 -2.0849e-05 -1 0.710499 0.235097 0.000652601 46.4813 2.54636e+06 3 108408 107.856 10.017 2 1 505.176 51.4273 9.82311 4 3 0.0308161 5.22008e-05 8.38881 2 
1.17272 -2.08836e-05 -1 0.710652 0.235068 0.000652601 46.5122 2.54607e+06 3 136074 145.818 9.7721 2 1 734.747 42.0233 17.4843 4 4 0.0312335 2.48494e-05 5.95424 2 
1.17337 -2.10443e-05 -1 0.710806 0.235038 0.000652601 46.5415 2.54588e+06 3 46053.9 101.56 7.68272 2 1 774.489 35.6274 21.7386 4 4 0.0311298 2.47083e-05 5.95776 2 
1.17402 -2.10961e-05 -1 0.710959 0.235008 0.000652601 46.573 2.54557e+06 4 150600 37.8739 7.94093 2 1 831.609 48.2265 17.2438 4 4 0.0311068 2.16389e-05 6.15751 2 
1.17468 -2.10306e-05 -1 0.711112 0.234979 0.000652601 46.6019 2.5454e+06 4 117738 33.4115 7.70468 2 1 759.669 25.8653 29.3702 4 3 0.033568 8.85573e-05 7.23714 2 
1.17533 -2.10121e-05 -1 0.711266 0.234951 0.000652601 46.6309 2.54522e+06 4 155288 115.853 6.05072 2 1 890.13 37.7205 23.598 4 3 0.0311615 7.19004e-05 7.56768 2 
1.17598 -2.09165e-05 -1 0.711419 0.23492 0.000652601 46.6575 2.54517e+06 3 47776.8 123.605 7.28441 2 1 700.197 18.0391 38.8156 4 3 0.0305381 6.33583e-05 7.84054 2 
1.17663 -2.09217e-05 -1 0.711573 0.234881 0.000652601 46.6838 2.54514e+06 3 159933 112.086 11.258 2 1 840.704 42.2066 19.9188 4 3 0.0303171 6.15225e-05 7.89862 2 
1.17729 -2.09946e-05 -1 0.711726 0.234869 0.000652601 46.7103 2.5451e+06 3 82925.9 122.993 8.76873 2 1 621.077 54.9082 11.3112 4 3 0.0325985 5.49639e-05 8.40182 2 
1.17794 -2.10059e-05 -1 0.711879 0.234835 0.000652601 46.7372 2.54504e+06 3 46712.9 83.8181 8.22936 2 1 600.247 38.1938 15.7158 4 3 0.0336293 4.89135e-05 8.82599 2 
1.17859 -2.09974e-05 -1 0.712032 0.234805 0.000652601 46.7677 2.54478e+06 3 103288 145.007 8.93072 2 1 575.419 19.9116 28.8986 4 3 0.0334184 5.06858e-05 8.70362 2 
1.17924 -2.11154e-05 -1 0.712185 0.23478 0.000652601 46.7971 2.54458e+06 3 50245.2 109.655 7.70944 2 1 625.375 27.0333 23.1335 4 3 0.0333988 5.08941e-05 8.69003 2 
1.1799 -2.1169e-05 -1 0.712339 0.234739 0.000652601 46.8252 2.54445e+06 3 54378.5 90.8739 8.4268 2 1 572.063 22.4379 25.4954 4 3 0.0332853 5.0732e-05 8.68941 2 
1.18055 -2.1135e-05 -1 0.712492 0.23471 0.000652601 46.8533 2.54432e+06 3 45617.9 123.915 7.16699 2 1 453.317 18.6281 24.3351 4 3 0.0337425 4.79136e-05 8.89691 2 
1.1812 -2.11655e-05 -1 0.712645 0.234676 0.000652601 46.8826 2.54413e+06 3 77952.4 96.2621 9.3209 2 1 559.135 32.7129 17.0922 4 3 0.033355 4.59861e-05 8.98487 2 
1.18185 -2.11656e-05 -1 0.712798 0.234661 0.000652601 46.9139 2.54383e+06 3 140101 114.003 10.7113 2 1 495.254 14.0038 35.3657 4 3 0.0324427 4.47072e-05 8.98628 2 
1.18251 -2.11151e-05 -1 0.712951 0.234614 0.000652601 46.9405 2.54379e+06 3 46540.8 158.496 6.64668 2 1 618.743 22.3042 27.7411 4 3 0.0325173 4.42099e-05 9.02676 2 
1.18316 -2.10594e-05 -1 0.713104 0.234591 0.000652601 46.9669 2.54375e+06 3 113793 76.4629 11.4171 2 1 670.558 21.63 31.0013 4 3 0.0320849 4.46636e-05 8.95603 2 
1.18381 -2.0929e-05 -1 0.713257 0.234551 0.000652601 46.9967 2.54353e+06 3 47753.6 131.435 7.13562 2 1 615.039 21.283 28.8981 4 3 0.0330663 4.47079e-05 9.04344 2 
1.18447 -2.08476e-05 -1 0.71341 0.23451 0.000652601 47.0231 2.5435e+06 3 126852 147.806 9.50316 2 1 577.459 32.083 17.9989 4 3 0.0330377 4.32995e-05 9.13782 2 
1.18512 -2.08818e-05 -1 0.713563 0.234509 0.000652601 47.0494 2.54347e+06 3 56287.4 130.074 7.5638 2 1 707.025 46.7699 15.1171 4 3 0.0333914 4.20007e-05 9.26387 2 
1.18577 -2.08626e-05 -1 0.713716 0.234484 0.000652601 47.0757 2.54344e+06 3 43008.5 76.0835 8.2684 2 1 729.349 35.9223 20.3035 4 3 0.0331609 4.32266e-05 9.15429 2 
1.18642 -2.0902e-05 -1 0.713869 0.234457 0.000652601 47.1023 2.5434e+06 3 48080.6 122.894 7.31386 2 1 541.924 24.1282 22.4602 4 3 0.0334891 4.39975e-05 9.13044 2 
1.18708 -2.08549e-05 -1 0.714022 0.234424 0.000652601 47.1289 2.54335e+06 3 45406.3 124.881 7.1374 2 1 599.118 24.7532 24.2036 4 3 0.0333626 4.4358e-05 9.09416 2 
1.18773 -2.08437e-05 -1 0.714175 0.234397 0.000652601 47.1555 2.54331e+06 3 66779.2 100.191 8.73517 2 1 640.595 26.7282 23.967 4 3 0.0333019 4.41994e-05 9.0995 2 
1.18838 -2.08154e-05 -1 0.714328 0.234361 0.000652601 47.182 2.54327e+06 3 46961.4 135.641 7.02183 2 1 601.112 25.6265 23.4566 4 3 0.0331029 4.24531e-05 9.20419 2 
1.18903 -2.07957e-05 -1 0.714481 0.234331 0.000652601 47.2126 2.54301e+06 3 44706.6 102.874 7.57454 2 1 596.919 35.4485 16.8391 4 3 0.0330834 4.00525e-05 9.38268 2 
1.18969 -2.07926e-05 -1 0.714634 0.234302 0.000652601 47.2404 2.5429e+06 3 147234 194.633 9.11166 2 1 555.701 27.0217 20.565 4 3 0.0334645 3.74015e-05 9.63603 2 
1.19034 -2.079e-05 -1 0.714787 0.234277 0.000652601 47.2669 2.54286e+06 3 48555 133.99 7.12942 2 1 678.859 32.6411 20.7977 4 3 0.0346958 3.55934e-05 9.91522 2 
1.19099 -2.07984e-05 -1 0.71494 0.234235 0.000652601 47.2953 2.54272e+06 3 103074 185.231 8.22517 2 1 775.167 50.2279 15.433 4 3 0.0348801 3.42029e-05 10.0656 2 
1.19164 -2.06556e-05 -1 0.715093 0.234209 0.000652601 47.3265 2.54242e+06 3 54931.5 152.596 7.11366 2 1 637.58 43.885 14.5284 4 3 0.0341833 3.48837e-05 9.93262 2 
1.1923 -2.07129e-05 -1 0.715245 0.234186 0.000652601 47.3565 2.5422e+06 4 109182 41.522 7.16091 2 1 890.479 52.4758 16.9693 4 3 0.0320029 3.5575e-05 9.65343 2 
1.19295 -2.0777e-05 -1 0.715398 0.234156 0.000652601 47.3894 2.54182e+06 4 156697 26.5596 8.76415 2 1 491.334 51.2947 9.57864 4 3 0.0316781 3.56785e-05 9.61135 2 
1.1936 -2.07981e-05 -1 0.715551 0.234124 0.000652601 47.4158 2.54178e+06 3 55947.5 103.17 8.15472 2 1 518.51 18.8311 27.5349 4 3 0.033479 3.47603e-05 9.8756 2 
1.19425 -2.08376e-05 -1 0.715703 0.234109 0.000652601 47.4421 2.54176e+06 3 134359 177.864 9.10736 2 1 513.513 35.5107 14.4608 4 3 0.0373616 3.49761e-05 10.2224 2 
1.19491 -2.09002e-05 -1 0.715856 0.23407 0.000652601 47.4684 2.54173e+06 3 78509.1 141.477 8.2176 2 1 885.757 31.1777 28.4099 4 3 0.0342647 3.5073e-05 9.92258 2 
1.19556 -2.0872e-05 -1 0.716009 0.234045 0.000652601 47.4948 2.54169e+06 3 72167.7 114.673 8.5696 2 1 1038.51 40.3369 25.7458 4 3 0.0329707 3.46653e-05 9.83432 2 
1.19621 -2.08397e-05 -1 0.716161 0.234003 0.000652601 47.5231 2.54156e+06 3 154199 181.44 9.47217 2 1 693.483 21.5868 32.1253 4 3 0.0326479 3.51006e-05 9.76143 2 
1.19686 -2.07356e-05 -1 0.716314 0.233972 0.000652601 47.5495 2.54153e+06 3 98065.1 112.105 9.5638 2 1 716.077 30.6366 23.3732 4 3 0.032881 3.55862e-05 9.7399 2 
1.19752 -2.07033e-05 -1 0.716467 0.233939 0.000652601 47.5758 2.5415e+06 3 76672.2 195.496 7.31981 2 1 604.268 28.3559 21.3101 4 3 0.0332762 3.65352e-05 9.69336 2 
1.19817 -2.0855e-05 -1 0.716619 0.233915 0.000652601 47.6062 2.54126e+06 3 52750.1 129.533 7.4122 2 1 1008.62 56.9588 17.7078 4 3 0.0333253 3.65302e-05 9.69856 2 
1.19882 -2.102e-05 -1 0.716772 0.233886 0.000652601 47.6353 2.54108e+06 3 85325.1 105.932 9.3043 2 1 581.552 37.2946 15.5935 4 3 0.0333107 3.53931e-05 9.7999 2 
1.19947 -2.10296e-05 -1 0.716925 0.233852 0.000652601 47.6641 2.54092e+06 3 46748 119.996 7.30351 2 1 569.182 21.0407 27.0515 4 3 0.0334402 3.28662e-05 10.0579 2 
1.20013 -2.10347e-05 -1 0.717077 0.233825 0.000652601 47.6903 2.54089e+06 3 67804.7 120.217 8.26225 2 1 763.454 46.1552 16.541 4 3 0.0347778 3.06022e-05 10.4356 2 
1.20078 -2.10141e-05 -1 0.71723 0.233799 0.000652601 47.7166 2.54087e+06 3 70464.8 59.4813 10.5811 2 1 725.286 17.8896 40.5423 4 3 0.036733 2.88143e-05 10.843 2 
1.20143 -2.1064e-05 -1 0.717383 0.233774 0.000652601 47.745 2.54073e+06 4 46769.4 92.9635 4.73601 2 1 960.414 22.5195 42.6481 4 3 0.0336608 2.81132e-05 10.6187 2 
1.20209 -2.11195e-05 -1 0.717535 0.233737 0.000652601 47.7712 2.54071e+06 3 156856 176.885 9.60733 2 1 466.503 36.0298 12.9477 4 3 0.0326476 2.78497e-05 10.5441 2 
1.20274 -2.1156e-05 -1 0.717688 0.233705 0.000652601 47.8015 2.54047e+06 3 47987.1 152.148 6.80695 2 1 658.494 49.3803 13.3352 4 3 0.0320544 2.82324e-05 10.4323 2 
1.20339 -2.1215e-05 -1 0.717841 0.23367 0.000652601 47.8278 2.54044e+06 3 89874 156 8.32088 2 1 644.74 41.9989 15.3514 4 3 0.0322044 2.8637e-05 10.3991 2 
1.20404 -2.12317e-05 -1 0.717993 0.23366 0.000652601 47.8539 2.54042e+06 3 135664 140.685 9.87959 2 1 638.383 35.4796 17.9929 4 3 0.031693 2.89743e-05 10.3035 2 
1.2047 -2.12007e-05 -1 0.718146 0.233602 0.000652601 47.8803 2.54039e+06 3 155519 178.549 9.55012 2 1 710.547 39.0227 18.2086 4 3 0.0330197 2.90091e-05 10.4411 2 
1.20535 -2.13311e-05 -1 0.718298 0.233601 0.000652601 47.9066 2.54037e+06 3 62725 100.988 8.53212 2 1 760.229 45.5574 16.6873 4 3 0.0347897 2.83609e-05 10.7048 2 
1.206 -2.14337e-05 -1 0.71845 0.233555 0.000652601 47.9327 2.54035e+06 3 164194 183.754 9.63179 2 1 935.509 42.4076 22.0599 4 3 0.0315851 2.77159e-05 10.4452 2 
1.20665 -2.15302e-05 -1 0.718602 0.233526 0.000652601 47.959 2.54032e+06 3 85787.3 67.6603 10.8234 2 1 630.767 26.7894 23.5454 4 3 0.035123 2.72575e-05 10.8818 2 
1.20731 -2.15053e-05 -1 0.718754 0.233491 0.000652601 47.9915 2.53997e+06 4 167350 25.2486 9.02292 2 1 919.858 37.9868 24.2152 4 3 0.0356963 2.75148e-05 10.9065 2 
1.20796 -2.15217e-05 -1 0.718907 0.233461 0.000652601 48.0176 2.53996e+06 3 44584.8 49.711 9.64372 2 1 573.45 28.8473 19.8788 4 3 0.0356953 2.74233e-05 10.9185 2 
1.20861 -2.15237e-05 -1 0.719059 0.233432 0.000652601 48.0437 2.53994e+06 3 54626.4 195.609 6.5364 2 1 578.007 21.7951 26.5201 4 3 0.0370418 2.78132e-05 11.0022 2 
1.20926 -2.15643e-05 -1 0.719211 0.233405 0.000652601 48.0698 2.53992e+06 3 99939 107.837 9.74964 2 1 529.299 42.4873 12.4578 4 3 0.0362404 2.83774e-05 10.8494 2 
1.20992 -2.1592e-05 -1 0.719363 0.233362 0.000652601 48.096 2.5399e+06 3 50229.9 101.187 7.91795 2 1 732.611 31.9255 22.9475 4 3 0.0365843 3.60709e-05 10.0472 2 
1.21057 -2.1644e-05 -1 0.719515 0.233334 0.000652601 48.1248 2.53974e+06 3 95730.8 135.974 8.89608 2 1 691.521 31.2318 22.1415 4 4 0.0362123 2.50634e-05 6.1653 2 
1.21122 -2.15125e-05 -1 0.719668 0.233304 0.000652601 48.1565 2.53943e+06 3 47440.6 100.759 7.77957 2 1 481.229 46.3139 10.3906 4 4 0.0364015 3.81647e-05 5.55731 2 
1.21187 -2.15667e-05 -1 0.71982 0.233275 0.000652601 48.1932 2.53886e+06 3 62156.5 134.424 7.73281 2 1 709.394 44.7088 15.867 4 4 0.0359085 3.37208e-05 5.71248 2 
1.21253 -2.1647e-05 -1 0.719972 0.233243 0.000652601 48.2263 2.53848e+06 4 146323 86.0485 6.42158 2 1 495.469 22.4562 22.0638 4 4 0.0360592 3.06535e-05 5.85644 2 
1.21318 -2.16143e-05 -1 0.720124 0.233217 0.000652601 48.2569 2.53822e+06 3 46357.1 134.753 7.00691 2 1 513.34 29.7213 17.2718 4 4 0.0357376 2.55013e-05 6.11844 2 
1.21383 -2.16405e-05 -1 0.720277 0.233179 0.000652601 48.2893 2.53788e+06 3 113398 97.2249 10.5263 2 1 584.896 26.582 22.0034 4 4 0.0356841 2.23065e-05 6.32427 2 
1.21448 -2.16538e-05 -1 0.720429 0.233158 0.000652601 48.3178 2.53774e+06 3 96314.1 124.017 9.19184 2 1 624.003 22.7848 27.3868 4 3 0.0353924 9.65198e-05 7.15755 2 
1.21514 -2.16819e-05 -1 0.720581 0.233124 0.000652601 48.3441 2.53771e+06 3 129972 137.707 9.80915 2 1 715.328 31.9542 22.386 4 3 0.0352645 9.11416e-05 7.28686 2 
1.21579 -2.16262e-05 -1 0.720734 0.233097 0.000652601 48.3702 2.5377e+06 3 45608.7 86.5747 8.07642 2 1 948.165 30.2578 31.3362 4 3 0.0349031 7.78378e-05 7.65405 2 
1.21644 -2.16433e-05 -1 0.720886 0.233063 0.000652601 48.4003 2.53747e+06 3 59412.6 107.057 8.21777 2 1 804.547 27.7246 29.0193 4 3 0.0349213 7.25528e-05 7.83692 2 
1.2171 -2.16361e-05 -1 0.721038 0.233019 0.000652601 48.4265 2.53745e+06 3 66645.4 108.113 8.51068 2 1 567.723 16.8627 33.6674 4 3 0.0346983 6.88326e-05 7.95862 2 
1.21775 -2.15689e-05 -1 0.72119 0.232994 0.000652601 48.4526 2.53744e+06 3 44666.1 108.113 7.44789 2 1 541.98 19.6629 27.5636 4 3 0.0376456 6.89594e-05 8.17285 2 
1.2184 -2.15388e-05 -1 0.721342 0.232976 0.000652601 48.4787 2.53743e+06 3 45318.7 57.4219 9.24131 2 1 832.89 30.2854 27.5014 4 3 0.0346063 6.61437e-05 8.0579 2 
1.21905 -2.15668e-05 -1 0.721494 0.232938 0.000652601 48.5067 2.53731e+06 3 64341.7 46.8104 11.1186 2 1 642.254 18.1924 35.3034 4 3 0.0337969 5.71021e-05 8.39605 2 
1.21971 -2.1515e-05 -1 0.721646 0.232911 0.000652601 48.5331 2.53728e+06 3 86859.5 113.217 9.15452 2 1 647.552 18.0481 35.8793 4 3 0.0333892 5.07574e-05 8.69699 2 
1.22036 -2.15261e-05 -1 0.721798 0.232875 0.000652601 48.5595 2.53725e+06 3 154816 124.346 10.7579 2 1 570.424 31.1337 18.3217 4 3 0.0342903 4.75282e-05 8.96892 2 
1.22101 -2.15871e-05 -1 0.721949 0.23285 0.000652601 48.5922 2.53689e+06 4 161388 43.8755 7.78775 2 1 593.538 42.854 13.8502 4 3 0.0354765 4.90689e-05 8.97521 2 
1.22166 -2.15777e-05 -1 0.722101 0.232825 0.000652601 48.6185 2.53687e+06 3 50766.2 111.588 7.69105 2 1 787.71 45.5113 17.308 4 3 0.0363118 4.91275e-05 9.04151 2 
1.22232 -2.16371e-05 -1 0.722253 0.232794 0.000652601 48.646 2.53678e+06 3 104789 137.836 9.12678 2 1 591.687 25.3749 23.3178 4 3 0.0352456 5.05115e-05 8.86961 2 
1.22297 -2.15947e-05 -1 0.722405 0.232754 0.000652601 48.6721 2.53677e+06 3 53956.6 76.7365 8.8923 2 1 600.665 34.5749 17.3729 4 3 0.0336761 4.57674e-05 9.02794 2 
1.22362 -2.1498e-05 -1 0.722557 0.232728 0.000652601 48.7009 2.53661e+06 3 82377.9 95.058 9.53398 2 1 547.106 15.8105 34.6039 4 3 0.0335959 4.1852e-05 9.29373 2 
1.22427 -2.15373e-05 -1 0.722708 0.232682 0.000652601 48.7322 2.53633e+06 3 50007.1 137.763 7.13346 2 1 522.548 27.4064 19.0667 4 3 0.0345834 3.61567e-05 9.85279 2 
1.22493 -2.14715e-05 -1 0.72286 0.232666 0.000652601 48.7586 2.5363e+06 3 138559 94.0785 11.3775 2 1 1073.65 22.5555 47.6005 4 3 0.0386479 3.21624e-05 10.6314 2 
1.22558 -2.1276e-05 -1 0.723012 0.232625 0.000652601 48.7846 2.53629e+06 3 47198 107.847 7.59227 2 1 1075.63 31.5635 34.0782 4 3 0.0396957 3.43766e-05 10.4912 2 
1.22623 -2.12417e-05 -1 0.723164 0.232585 0.000652601 48.8148 2.53607e+06 3 47633.3 130.788 7.14136 2 1 862.311 34.3847 25.0783 4 3 0.039124 3.50136e-05 10.3769 2 
1.22688 -2.12066e-05 -1 0.723316 0.232548 0.000652601 48.8409 2.53605e+06 3 99829.8 137.225 8.99378 2 1 666.825 31.8308 20.949 4 3 0.0400822 3.32216e-05 10.6458 2 
1.22754 -2.11591e-05 -1 0.723467 0.232536 0.000652601 48.867 2.53604e+06 3 156635 155.618 10.0217 2 1 671.828 25.8628 25.9767 4 3 0.0397549 3.42133e-05 10.5131 2 
1.22819 -2.11613e-05 -1 0.723619 0.232506 0.000652601 48.8931 2.53603e+06 3 57137.1 89.5469 8.60906 2 1 727.239 39.7497 18.2955 4 3 0.0402967 3.28942e-05 10.7 2 
1.22884 -2.11783e-05 -1 0.723771 0.232489 0.000652601 48.9192 2.53601e+06 3 45425.9 116.905 7.2972 2 1 724.671 51.8797 13.9683 4 3 0.0398882 3.28916e-05 10.664 2 
1.22949 -2.11961e-05 -1 0.723923 0.232446 0.000652601 48.9452 2.536e+06 3 129091 153.288 9.44341 2 1 573.42 27.5939 20.7807 4 3 0.0401345 2.76639e-05 11.3206 2 
1.23015 -2.12323e-05 -1 0.724075 0.232412 0.000652601 48.9713 2.53599e+06 3 71372.2 98.5019 8.98176 2 1 611.231 33.9276 18.0157 4 3 0.038865 2.25245e-05 11.9941 2 
1.2308 -2.13119e-05 -1 0.724226 0.232382 0.000652601 49.0017 2.53576e+06 3 45856.1 112.188 7.42136 2 1 510.199 29.3702 17.3713 4 3 0.0400319 2.04437e-05 12.5107 2 
1.23145 -2.14081e-05 -1 0.724378 0.232355 0.000652601 49.0301 2.53562e+06 3 46574.4 87.5092 8.10397 2 1 725.599 29.8537 24.3052 4 3 0.0397591 2.18164e-05 12.2147 2 
1.2321 -2.14126e-05 -1 0.724529 0.232313 0.000652601 49.0595 2.53544e+06 3 92696.9 94.5949 9.93267 2 1 1016.03 26.4878 38.3584 4 3 0.0398549 2.40977e-05 11.8259 2 
1.23276 -2.14543e-05 -1 0.724681 0.232283 0.000652601 49.0857 2.53542e+06 3 164736 102.127 11.7278 2 1 542.938 26.5724 20.4324 4 3 0.0395819 2.25033e-05 12.0712 2 
1.23341 -2.15502e-05 -1 0.724832 0.232256 0.000652601 49.1121 2.53539e+06 3 45707.9 77.4347 8.38851 2 1 692.693 41.5719 16.6625 4 3 0.0397853 2.21884e-05 12.1488 2 
1.23406 -2.16155e-05 -1 0.724984 0.23222 0.000652601 49.1382 2.53538e+06 3 47914.7 117.926 7.40661 2 1 678.223 37.2268 18.2187 4 3 0.0393818 2.26828e-05 12.0189 2 
1.23472 -2.16071e-05 -1 0.725135 0.232199 0.000652601 49.1643 2.53537e+06 3 159928 194.855 9.36277 2 1 583.135 23.2983 25.0291 4 3 0.039579 2.33762e-05 11.9187 2 
1.23537 -2.15819e-05 -1 0.725287 0.232158 0.000652601 49.1967 2.53503e+06 4 126769 109.105 5.83837 2 1 815.958 44.8421 18.1962 4 3 0.0394798 2.39465e-05 11.8135 2 
1.23602 -2.15301e-05 -1 0.725438 0.232122 0.000652601 49.2229 2.53501e+06 3 45543.4 134.181 6.97555 2 1 871.691 43.5777 20.0032 4 3 0.0392998 2.08955e-05 12.3437 2 
1.23667 -2.15083e-05 -1 0.725589 0.232104 0.000652601 49.2489 2.535e+06 3 85204.3 105.097 9.32447 2 1 768.418 41.2598 18.6239 4 3 0.0392098 1.83026e-05 12.8912 2 
1.23733 -2.15868e-05 -1 0.725741 0.232054 0.000652601 49.275 2.53499e+06 3 167498 182.878 9.71142 2 1 965.005 30.5215 31.6172 4 3 0.0391548 1.87845e-05 12.7741 2 
1.23798 -2.14722e-05 -1 0.725892 0.232021 0.000652601 49.3014 2.53496e+06 3 171458 194.542 9.58772 2 1 852.602 52.0382 16.3842 4 3 0.0387364 1.92479e-05 12.6254 2 
1.23863 -2.15757e-05 -1 0.726043 0.232007 0.000652601 49.3276 2.53494e+06 3 48819.5 137.371 7.08325 2 1 727.917 75.0568 9.69821 4 3 0.0389802 1.96706e-05 12.5606 2 
1.23928 -2.16301e-05 -1 0.726195 0.231977 0.000652601 49.3543 2.5349e+06 3 102803 103.282 9.98452 2 1 899.47 25.9293 34.6894 4 3 0.038492 2.0177e-05 12.4024 2 
1.23994 -2.16677e-05 -1 0.726346 0.231944 0.000652601 49.381 2.53485e+06 3 45563.2 48.6106 9.78651 2 1 521.644 52.3875 9.9574 4 3 0.0384346 2.00141e-05 12.4297 2 
1.24059 -2.17059e-05 -1 0.726498 0.231911 0.000652601 49.4118 2.5346e+06 3 78135.4 106.989 9.0054 2 1 799.108 27.6271 28.9248 4 3 0.0381433 1.90566e-05 12.6025 2 
1.24124 -2.17766e-05 -1 0.726649 0.231875 0.000652601 49.4386 2.53456e+06 3 54085.8 129.062 7.48333 2 1 670.27 32.5264 20.607 4 3 0.0379836 1.78416e-05 12.8643 2 
1.24189 -2.18956e-05 -1 0.726801 0.231837 0.000652601 49.4653 2.53451e+06 3 117422 197.312 8.41135 2 1 707.868 26.8394 26.3742 4 3 0.0376158 1.60667e-05 13.2785 2 
1.24255 -2.19005e-05 -1 0.726952 0.231821 0.000652601 49.4919 2.53447e+06 3 63831.1 206.791 6.75824 2 1 574.237 31.7007 18.1143 4 3 0.0374119 1.64526e-05 13.15 2 
1.2432 -2.18842e-05 -1 0.727103 0.231773 0.000652601 49.5208 2.53432e+06 3 152306 222.725 8.81014 2 1 514.054 30.1703 17.0384 4 3 0.0366948 1.63153e-05 13.102 2 
1.24385 -2.18851e-05 -1 0.727255 0.231745 0.000652601 49.552 2.53404e+06 4 119373 30.0343 7.94003 2 1 848.842 56.8157 14.9403 4 3 0.0366881 1.32548e-05 14.0406 2 
1.2445 -2.18654e-05 -1 0.727406 0.231706 0.000652601 49.5821 2.53383e+06 3 97977.4 120.272 9.33944 2 1 636.608 38.4746 16.5462 4 3 0.0364496 1.17526e-05 14.5832 2 
1.24516 -2.18244e-05 -1 0.727557 0.231684 0.000652601 49.6143 2.5335e+06 3 47938 122.463 7.31518 2 1 699.03 36.6204 19.0885 4 3 0.036337 1.2766e-05 14.172 2 
1.24581 -2.18087e-05 -1 0.727708 0.231653 0.000652601 49.6424 2.53339e+06 3 132824 96.8409 11.1106 2 1 668.532 43.1301 15.5004 4 3 0.0363117 1.34296e-05 13.9314 2 
1.24646 -2.18783e-05 -1 0.727859 0.23162 0.000652601 49.6705 2.53328e+06 3 89821.8 209.409 7.54158 2 1 794.873 47.9727 16.5693 4 3 0.0364728 1.37053e-05 13.8578 2 
1.24711 -2.19286e-05 -1 0.72801 0.231588 0.000652601 49.7013 2.53302e+06 3 46092.8 116.368 7.34401 2 1 686.21 46.372 14.7979 4 3 0.0362921 1.44175e-05 13.6032 2 
1.24777 -2.19452e-05 -1 0.728161 0.231557 0.000652601 49.731 2.53283e+06 4 163953 31.2737 8.50913 2 1 579.11 41.3691 13.9986 4 3 0.0367221 1.52949e-05 13.3904 2 
1.24842 -2.19568e-05 -1 0.728312 0.231527 0.000652601 49.76 2.53267e+06 4 69161.1 79.0181 5.43919 2 1 516.058 52.0828 9.90843 4 3 0.0387302 4.27313e-05 9.67761 2 
1.24907 -2.19721e-05 -1 0.728463 0.231491 0.000652601 49.7933 2.53229e+06 3 46433.4 130.959 7.0778 2 1 1057.35 51.0622 20.7072 4 4 0.0365812 2.13777e-05 6.43168 2 
1.24973 -2.201e-05 -1 0.728614 0.23146 0.000652601 49.8226 2.53212e+06 3 87281.3 141.824 8.50597 2 1 698.718 50.2031 13.9178 4 4 0.0365358 2.17163e-05 6.40447 2 
1.25038 -2.21423e-05 -1 0.728765 0.231423 0.000652601 49.8492 2.53209e+06 3 59750.3 114.423 8.05271 2 1 632.262 29.8892 21.1535 4 3 0.0366284 9.87802e-05 7.18427 2 
1.25103 -2.21893e-05 -1 0.728916 0.231397 0.000652601 49.8781 2.53193e+06 4 161141 57.4085 7.27876 2 1 568.865 28.9184 19.6714 4 3 0.0365439 8.52648e-05 7.5396 2 
1.25168 -2.22232e-05 -1 0.729067 0.231353 0.000652601 49.9046 2.5319e+06 3 66215.7 81.4969 9.33125 2 1 508.891 25.9977 19.5745 4 3 0.0366968 7.33453e-05 7.93874 2 
1.25234 -2.22253e-05 -1 0.729218 0.231322 0.000652601 49.9313 2.53186e+06 3 47295.6 100.402 7.78082 2 1 654.668 31.333 20.8939 4 3 0.0373803 6.56264e-05 8.28937 2 
1.25299 -2.23009e-05 -1 0.729369 0.2313 0.000652601 49.958 2.53181e+06 3 52044.7 66.1068 9.23372 2 1 672.692 26.6649 25.2276 4 3 0.0366646 6.51558e-05 8.2559 2 
1.25364 -2.2329e-05 -1 0.72952 0.23127 0.000652601 49.9929 2.53136e+06 3 81851.5 111.72 9.015 2 1 621.396 29.3738 21.1547 4 3 0.0365648 5.67528e-05 8.63691 2 
1.25429 -2.2354e-05 -1 0.729671 0.23124 0.000652601 50.0171 2.53145e+06 2 46545 180.956 16.038 2 1 570.535 31.8455 17.9157 4 3 0.0366523 4.96333e-05 9.03877 2 
1.25495 -2.23922e-05 -1 0.729822 0.231199 0.000652601 50.0463 2.53128e+06 3 126319 148.956 9.46536 2 1 777.467 26.8469 28.9593 4 3 0.036595 4.71085e-05 9.19265 2 
1.2556 -2.24393e-05 -1 0.729973 0.231174 0.000652601 50.0742 2.53118e+06 3 45124.4 54.1332 9.41129 2 1 1124.34 44.2441 25.4121 4 3 0.0378521 4.69825e-05 9.30504 2 
1.25625 -2.24601e-05 -1 0.730124 0.231154 0.000652601 50.1059 2.53088e+06 3 136780 172.643 9.25319 2 1 1353.59 46.4449 29.1441 4 3 0.040923 4.69212e-05 9.55431 2 
1.2569 -2.24703e-05 -1 0.730275 0.231107 0.000652601 50.134 2.53077e+06 3 77172.7 137.848 8.24179 2 1 910.769 29.8618 30.4995 4 3 0.0374769 4.2679e-05 9.57598 2 
1.25756 -2.2489e-05 -1 0.730425 0.231075 0.000652601 50.1613 2.5307e+06 3 97147 104.184 9.76959 2 1 821.151 29.8945 27.4683 4 3 0.0366058 3.54928e-05 10.1035 2 
1.25821 -2.24155e-05 -1 0.730576 0.231036 0.000652601 50.1887 2.53062e+06 3 162798 149.997 10.2768 2 1 700.384 42.5634 16.4551 4 3 0.0365961 3.40434e-05 10.2439 2 
1.25886 -2.24187e-05 -1 0.730727 0.23101 0.000652601 50.2161 2.53055e+06 3 102397 195.039 8.06719 2 1 710.527 36.9743 19.2168 4 3 0.0364085 3.38636e-05 10.2445 2 
1.25951 -2.24638e-05 -1 0.730878 0.230976 0.000652601 50.2432 2.53049e+06 3 45370.6 91.4517 7.9164 2 1 724.24 28.7096 25.2264 4 3 0.036289 3.32586e-05 10.2949 2 
1.26017 -2.2461e-05 -1 0.731028 0.230944 0.000652601 50.2692 2.53048e+06 3 69543.7 139.404 7.93099 2 1 619.55 21.319 29.0609 4 3 0.0364134 3.39664e-05 10.2346 2 
1.26082 -2.24627e-05 -1 0.731179 0.230921 0.000652601 50.2994 2.53026e+06 3 62738.2 72.0587 9.5488 2 1 622.45 30.9812 20.0912 4 3 0.0362476 3.31836e-05 10.2988 2 
1.26147 -2.2529e-05 -1 0.73133 0.230882 0.000652601 50.3258 2.53024e+06 3 46223.4 82.9643 8.22855 2 1 532.379 19.6304 27.1201 4 3 0.0375021 3.05038e-05 10.7127 2 
1.26212 -2.2529e-05 -1 0.73148 0.23085 0.000652601 50.3544 2.53011e+06 4 94183.9 61.7984 6.24813 2 1 733.789 28.5855 25.67 4 3 0.0392112 2.58411e-05 11.4912 2 
1.26278 -2.25059e-05 -1 0.731631 0.23082 0.000652601 50.3806 2.53009e+06 3 116560 98.861 10.5643 2 1 1307.37 35.3331 37.0011 4 3 0.0399658 2.30526e-05 12.0131 2 
1.26343 -2.25209e-05 -1 0.731781 0.230785 0.000652601 50.4093 2.52995e+06 4 170913 34.0042 8.41998 2 1 936.708 55.1423 16.9871 4 3 0.0366957 2.17005e-05 11.9138 2 
1.26408 -2.24906e-05 -1 0.731932 0.230748 0.000652601 50.4356 2.52993e+06 3 63055.8 122.562 8.01291 2 1 652.058 41.5982 15.6752 4 3 0.0357238 2.43092e-05 11.3692 2 
1.26473 -2.25148e-05 -1 0.732082 0.230727 0.000652601 50.4616 2.52992e+06 3 45208.3 67.8517 8.73412 2 1 632.317 35.9162 17.6054 4 3 0.0356388 2.35063e-05 11.4881 2 
1.26539 -2.25503e-05 -1 0.732233 0.230688 0.000652601 50.4922 2.52969e+06 3 144859 92.1302 11.6282 2 1 609.864 37.9583 16.0667 4 3 0.0348504 2.34144e-05 11.4176 2 
1.26604 -2.25931e-05 -1 0.732383 0.230663 0.000652601 50.5204 2.52958e+06 3 128704 163.7 9.22957 2 1 740.403 32.8036 22.5707 4 3 0.034659 2.33649e-05 11.4047 2 
1.26669 -2.26289e-05 -1 0.732534 0.230626 0.000652601 50.547 2.52954e+06 3 85633 123.141 8.85957 2 1 786.133 35.0616 22.4215 4 3 0.0349427 2.62416e-05 11.0016 2 
1.26735 -2.26282e-05 -1 0.732684 0.230578 0.000652601 50.5733 2.52952e+06 3 177573 191.628 9.74928 2 1 929.745 37.1568 25.0222 4 3 0.0392752 2.89687e-05 11.0678 2 
1.268 -2.27411e-05 -1 0.732835 0.230564 0.000652601 50.6021 2.52938e+06 4 175205 28.6967 8.83952 2 1 983.336 52.1676 18.8495 4 3 0.0354345 3.1078e-05 10.447 2 
1.26865 -2.27542e-05 -1 0.732985 0.230527 0.000652601 50.6263 2.52946e+06 2 22848.7 116.583 13.9995 2 1 922.234 54.1166 17.0416 4 3 0.0363388 3.36032e-05 10.2643 2 
1.2693 -2.27797e-05 -1 0.733136 0.230494 0.000652601 50.6526 2.52944e+06 3 106252 112.228 9.81924 2 1 599.346 36.6711 16.3438 4 3 0.0375035 3.61437e-05 10.1239 2 
1.26996 -2.28341e-05 -1 0.733286 0.230461 0.000652601 50.6791 2.52941e+06 3 44692 80.4782 8.21959 2 1 785.144 25.7978 30.4345 4 3 0.038144 3.88572e-05 9.93844 2 
1.27061 -2.29372e-05 -1 0.733436 0.23043 0.000652601 50.7099 2.52917e+06 3 163240 229.595 8.92527 2 1 508.462 32.2226 15.7797 4 3 0.0385524 3.89555e-05 9.96538 2 
1.27126 -2.29228e-05 -1 0.733587 0.2304 0.000652601 50.7365 2.52914e+06 3 46846.3 115.795 7.39597 2 1 859.478 32.5262 26.4242 4 3 0.0384879 3.76338e-05 10.0751 2 
1.27191 -2.29207e-05 -1 0.733737 0.230355 0.000652601 50.7627 2.52912e+06 3 113347 82.7258 11.1068 2 1 861.785 58.8528 14.6431 4 3 0.0370712 3.70079e-05 10.0057 2 
1.27257 -2.2916e-05 -1 0.733887 0.230334 0.000652601 50.7893 2.52909e+06 3 50662.1 85.5111 8.39886 2 1 483.732 20.5296 23.5627 4 3 0.0372372 3.83628e-05 9.90123 2 
1.27322 -2.29182e-05 -1 0.734038 0.230306 0.000652601 50.8159 2.52905e+06 3 75687.7 106.41 8.92649 2 1 603.958 24.1599 24.9983 4 3 0.0368155 3.99442e-05 9.73178 2 
1.27387 -2.27958e-05 -1 0.734188 0.230266 0.000652601 50.8448 2.52891e+06 4 157491 64.7123 7.02372 2 1 528.565 29.5301 17.8992 4 3 0.0366663 4.0154e-05 9.70166 2 
1.27452 -2.27086e-05 -1 0.734338 0.230225 0.000652601 50.8718 2.52885e+06 3 119666 143.552 9.41139 2 1 515.118 44.9727 11.454 4 3 0.0367831 3.93855e-05 9.77471 2 
1.27518 -2.28062e-05 -1 0.734489 0.230193 0.000652601 50.9027 2.5286e+06 3 95106.3 96.4614 9.95295 2 1 667.317 31.6549 21.081 4 3 0.0368288 4.01923e-05 9.71289 2 
1.27583 -2.28905e-05 -1 0.734639 0.230168 0.000652601 50.9318 2.52845e+06 4 70384.1 43.2752 6.35051 2 1 803.464 30.5146 26.3305 4 3 0.0369146 4.09971e-05 9.65639 2 
1.27648 -2.28575e-05 -1 0.734789 0.230138 0.000652601 50.9585 2.5284e+06 3 135743 132.188 10.0888 2 1 1246.25 29.1521 42.75 4 3 0.0368799 4.23264e-05 9.55124 2 
1.27713 -2.29206e-05 -1 0.734939 0.230108 0.000652601 50.9853 2.52836e+06 3 43437.3 199.42 6.01679 2 1 873.195 37.544 23.2579 4 3 0.0368546 4.23251e-05 9.54914 2 
1.27779 -2.29018e-05 -1 0.735089 0.230081 0.000652601 51.0123 2.52831e+06 3 46525.8 213.181 6.02072 2 1 816.861 32.5826 25.0704 4 3 0.0365774 4.13406e-05 9.60017 2 
1.27844 -2.2943e-05 -1 0.735239 0.230039 0.000652601 51.0414 2.52815e+06 4 62916.3 93.0796 5.09891 2 1 611.906 74.3881 8.22585 4 3 0.0374235 3.8543e-05 9.90223 2 
1.27909 -2.2953e-05 -1 0.735389 0.230007 0.000652601 51.0681 2.52811e+06 3 46710.1 137.575 6.97628 2 1 515.458 23.6486 21.7966 4 3 0.0406721 3.67103e-05 10.3475 2 
1.27974 -2.2947e-05 -1 0.735539 0.229977 0.000652601 51.0977 2.52793e+06 3 88732.2 141.615 8.55705 2 1 932.649 32.1589 29.0013 4 3 0.037705 3.71382e-05 10.0506 2 
1.2804 -2.29469e-05 -1 0.735689 0.229959 0.000652601 51.1245 2.52789e+06 3 47795.2 125.624 7.24609 2 1 704.953 54.2943 12.9839 4 3 0.0363406 3.78903e-05 9.86177 2 
1.28105 -2.30254e-05 -1 0.735839 0.229904 0.000652601 51.1512 2.52785e+06 3 49437.8 114.096 7.56709 2 1 634.564 54.6223 11.6173 4 3 0.0360514 3.8744e-05 9.76276 2 
1.2817 -2.30948e-05 -1 0.735989 0.229876 0.000652601 51.1786 2.52777e+06 3 165693 140.299 10.5702 2 1 678.57 23.502 28.8729 4 3 0.0361328 3.86579e-05 9.77734 2 
1.28236 -2.31775e-05 -1 0.736139 0.229842 0.000652601 51.2058 2.52771e+06 3 52338.6 147.547 7.07887 2 1 576.357 43.9779 13.1056 4 3 0.0381091 3.79597e-05 10.0131 2 
1.28301 -2.31717e-05 -1 0.736289 0.229811 0.000652601 51.2326 2.52767e+06 3 43964 69.7668 8.57333 2 1 717.119 30.3506 23.6278 4 3 0.0388866 3.68965e-05 10.1766 2 
1.28366 -2.32007e-05 -1 0.736439 0.229778 0.000652601 51.2595 2.52762e+06 3 82446.5 136.51 8.45283 2 1 696.017 37.6887 18.4675 4 3 0.0376898 3.62356e-05 10.132 2 
1.28431 -2.31395e-05 -1 0.736589 0.229743 0.000652601 51.2927 2.52727e+06 4 45729.6 52.4236 5.4346 2 1 632.237 19.4156 32.5633 4 3 0.0360797 3.62571e-05 9.98366 2 
1.28497 -2.31163e-05 -1 0.736739 0.229724 0.000652601 51.3201 2.52719e+06 3 56969.3 106.26 8.12376 2 1 574.654 34.9918 16.4225 4 3 0.0350445 3.6971e-05 9.8232 2 
1.28562 -2.3234e-05 -1 0.736889 0.229674 0.000652601 51.3471 2.52714e+06 3 127426 87.7927 11.3223 2 1 543.812 36.0774 15.0735 4 3 0.0376395 3.75749e-05 10.0057 2 
1.28627 -2.32879e-05 -1 0.737039 0.229652 0.000652601 51.374 2.52709e+06 3 145670 119.185 10.6918 2 1 682.848 28.2657 24.1582 4 3 0.0397029 3.77135e-05 10.1728 2 
1.28692 -2.32857e-05 -1 0.737188 0.229614 0.000652601 51.4031 2.52694e+06 4 161124 24.4793 9.00721 2 1 1242.27 34.763 35.7353 4 3 0.04313 7.52852e-05 8.30532 2 
1.28758 -2.33169e-05 -1 0.737338 0.22958 0.000652601 51.4327 2.52676e+06 3 100488 99.6549 10.0278 2 1 976.994 37.1753 26.2808 4 4 0.039502 2.63682e-05 6.22135 2 
1.28823 -2.33281e-05 -1 0.737488 0.229543 0.000652601 51.4622 2.52658e+06 3 46345 90.029 8.01444 2 1 811.159 28.7998 28.1654 4 4 0.0375467 2.47966e-05 6.23799 2 
1.28888 -2.33127e-05 -1 0.737638 0.229515 0.000652601 51.496 2.5262e+06 3 166886 133.942 10.7606 2 1 783.033 31.8782 24.5633 4 4 0.0357957 2.20535e-05 6.34729 2 
1.28953 -2.32604e-05 -1 0.737788 0.229479 0.000652601 51.5251 2.52604e+06 3 73123 111.851 8.67903 2 1 735.112 38.6654 19.0121 4 3 0.0363825 9.24269e-05 7.32877 2 
1.29019 -2.32324e-05 -1 0.737937 0.229447 0.000652601 51.5521 2.52599e+06 3 49181.3 115.036 7.53336 2 1 743.423 32.9668 22.5507 4 3 0.0362146 7.97517e-05 7.68625 2 
1.29084 -2.32212e-05 -1 0.738087 0.229406 0.000652601 51.5793 2.52593e+06 3 66717.5 175.929 7.23825 2 1 641.471 27.0457 23.718 4 3 0.0364537 7.33896e-05 7.91959 2 
1.29149 -2.31922e-05 -1 0.738237 0.229379 0.000652601 51.6089 2.52575e+06 4 173313 39.2762 8.15033 2 1 969.86 33.1108 29.2914 4 3 0.0364449 7.0601e-05 8.02186 2 
1.29214 -2.31612e-05 -1 0.738386 0.22934 0.000652601 51.6361 2.52569e+06 3 89850.4 164.766 8.16991 2 1 561.964 19.8566 28.301 4 3 0.0392923 6.09283e-05 8.63965 2 
1.2928 -2.31991e-05 -1 0.738536 0.229313 0.000652601 51.6634 2.52562e+06 3 91589.8 96.9442 9.8124 2 1 793.91 28.8413 27.5268 4 3 0.0413419 5.52711e-05 9.07746 2 
1.29345 -2.3211e-05 -1 0.738686 0.229281 0.000652601 51.6948 2.52536e+06 3 116384 113.03 10.098 2 1 1122.52 30.0032 37.4135 4 3 0.0380958 5.21597e-05 9.00562 2 
1.2941 -2.32792e-05 -1 0.738835 0.229251 0.000652601 51.7223 2.52528e+06 3 173500 105.258 11.8127 2 1 673.828 26.1834 25.7349 4 3 0.0387863 5.26051e-05 9.03407 2 
1.29475 -2.33754e-05 -1 0.738985 0.229218 0.000652601 51.7497 2.52521e+06 3 94415.6 198.306 7.80853 2 1 1184.53 30.7173 38.5623 4 3 0.0395725 5.11607e-05 9.1795 2 
1.29541 -2.34658e-05 -1 0.739134 0.22918 0.000652601 51.7771 2.52514e+06 3 58587.5 132.264 7.62292 2 1 481.406 35.9758 13.3814 4 3 0.0401387 4.40966e-05 9.69139 2 
1.29606 -2.34227e-05 -1 0.739284 0.229158 0.000652601 51.8044 2.52507e+06 3 147938 151.892 9.91245 2 1 652.878 17.4914 37.3256 4 3 0.0405077 3.95118e-05 10.0833 2 
1.29671 -2.35322e-05 -1 0.739433 0.229116 0.000652601 51.8317 2.52501e+06 3 130430 195.124 8.74358 2 1 870.047 39.9567 21.7748 4 3 0.0401718 3.70377e-05 10.2745 2 
1.29736 -2.34645e-05 -1 0.739583 0.22908 0.000652601 51.8615 2.52482e+06 4 184719 58.7288 7.48885 2 1 1085.8 68.1851 15.9243 4 3 0.0403905 3.8035e-05 10.2023 2 
1.29802 -2.3327e-05 -1 0.739732 0.229042 0.000652601 51.893 2.52455e+06 3 48526.4 110.438 7.60244 2 1 1061.24 44.0165 24.11 4 3 0.0409676 3.74282e-05 10.3058 2 
1.29867 -2.33409e-05 -1 0.739882 0.229013 0.000652601 51.9205 2.52447e+06 3 45671 107.427 7.51928 2 1 661.433 35.7355 18.5092 4 3 0.0407355 3.79638e-05 10.2377 2 
1.29932 -2.32829e-05 -1 0.740031 0.22898 0.000652601 51.9478 2.52441e+06 3 54102.6 131.474 7.43806 2 1 660.099 28.7121 22.9903 4 3 0.0412158 3.59491e-05 10.4663 2 
1.29998 -2.32282e-05 -1 0.74018 0.228945 0.000652601 51.9775 2.52423e+06 4 105236 31.5137 7.60179 2 1 662.446 26.6604 24.8475 4 3 0.0398357 3.21829e-05 10.737 2 
1.30063 -2.32277e-05 -1 0.74033 0.228916 0.000652601 52.0047 2.52417e+06 3 78747.7 84.9745 9.74952 2 1 656.162 23.3149 28.1434 4 3 0.040277 2.77676e-05 11.3198 2 
1.30128 -2.32197e-05 -1 0.740479 0.228883 0.000652601 52.0321 2.5241e+06 3 69152 157.567 7.59941 2 1 560.495 18.2175 30.7668 4 3 0.0407271 2.56296e-05 11.6694 2 
1.30193 -2.3252e-05 -1 0.740629 0.228854 0.000652601 52.0593 2.52404e+06 3 38528.5 231.921 5.49728 2 1 857.624 23.7295 36.1416 4 3 0.0399379 2.57478e-05 11.5757 2 
1.30259 -2.32799e-05 -1 0.740778 0.228817 0.000652601 52.0907 2.52378e+06 3 45228.5 107.87 7.48464 2 1 531.992 54.82 9.70433 4 3 0.0390478 2.74034e-05 11.2529 2 
1.30324 -2.32963e-05 -1 0.740927 0.228779 0.000652601 52.1181 2.5237e+06 3 75994.4 101.49 9.0807 2 1 613.156 53.3638 11.4901 4 3 0.0389011 2.62992e-05 11.3939 2 
1.30389 -2.33674e-05 -1 0.741077 0.22875 0.000652601 52.1454 2.52364e+06 3 45565.4 111.265 7.42606 2 1 572.255 29.0256 19.7155 4 3 0.0386856 2.62433e-05 11.3809 2 
1.30454 -2.33965e-05 -1 0.741226 0.228715 0.000652601 52.1727 2.52358e+06 3 161263 105.786 11.5089 2 1 557.98 23.9185 23.3284 4 3 0.0384738 2.60011e-05 11.3953 2 
1.3052 -2.3436e-05 -1 0.741375 0.228686 0.000652601 52.1999 2.52352e+06 3 120137 146.477 9.36056 2 1 674.432 29.8209 22.6161 4 3 0.0382313 2.46802e-05 11.5706 2 
1.30585 -2.34931e-05 -1 0.741524 0.228652 0.000652601 52.2271 2.52346e+06 3 70236.8 112.192 8.55461 2 1 716.22 30.7261 23.3098 4 3 0.0379371 2.30919e-05 11.7996 2 
1.3065 -2.35938e-05 -1 0.741673 0.228623 0.000652601 52.2545 2.52339e+06 3 45384.3 108.271 7.48395 2 1 778.423 34.0901 22.8343 4 3 0.0375022 2.28443e-05 11.7967 2 
1.30715 -2.35851e-05 -1 0.741822 0.228591 0.000652601 52.2817 2.52333e+06 3 138045 156.553 9.5893 2 1 733.713 42.584 17.2298 4 3 0.0370949 2.26905e-05 11.7803 2 
1.30781 -2.36329e-05 -1 0.741972 0.228553 0.000652601 52.3134 2.52305e+06 3 66143 53.4149 10.7384 2 1 772.228 42.3644 18.2282 4 3 0.0366712 2.22299e-05 11.8158 2 
1.30846 -2.36542e-05 -1 0.742121 0.228523 0.000652601 52.3406 2.523e+06 3 46712.8 82.3815 8.27692 2 1 685.508 24.1165 28.4248 4 3 0.0380251 2.26179e-05 11.8907 2 
1.30911 -2.36814e-05 -1 0.74227 0.228483 0.000652601 52.3679 2.52293e+06 3 110921 204.042 8.16141 2 1 639.199 29.0628 21.9937 4 3 0.0394349 2.28698e-05 11.9915 2 
1.30976 -2.36822e-05 -1 0.742419 0.228443 0.000652601 52.3952 2.52287e+06 3 91211.4 87.9237 10.1231 2 1 518.162 22.4249 23.1065 4 3 0.0425306 2.37345e-05 12.1462 2 
1.31042 -2.36912e-05 -1 0.742568 0.22841 0.000652601 52.4224 2.52281e+06 3 64082.8 120.552 8.1007 2 1 929.485 29.7684 31.2239 4 3 0.0393393 2.38112e-05 11.8217 2 
1.31107 -2.36928e-05 -1 0.742717 0.228381 0.000652601 52.4496 2.52275e+06 3 56106.6 108.252 8.03267 2 1 763.991 20.4993 37.2691 4 3 0.0387712 2.37888e-05 11.7682 2 
1.31172 -2.37728e-05 -1 0.742866 0.228351 0.000652601 52.4793 2.52257e+06 4 114242 39.456 7.33547 2 1 680.221 22.6931 29.9749 4 3 0.0394855 2.30952e-05 11.9574 2 
1.31237 -2.37387e-05 -1 0.743015 0.228324 0.000652601 52.5126 2.52222e+06 3 168058 204.784 9.36241 2 1 722.984 25.1505 28.7463 4 3 0.0393054 2.18795e-05 12.1564 2 
1.31303 -2.38067e-05 -1 0.743164 0.22829 0.000652601 52.5401 2.52215e+06 3 47802.7 130.951 7.14685 2 1 853.796 40.2831 21.1949 4 3 0.0407194 2.02553e-05 12.6208 2 
1.31368 -2.38933e-05 -1 0.743313 0.228246 0.000652601 52.5674 2.52208e+06 3 84251.7 80.2868 10.162 2 1 864.307 40.3945 21.3967 4 3 0.0402988 1.92052e-05 12.8024 2 
1.31433 -2.39985e-05 -1 0.743462 0.228222 0.000652601 52.5945 2.52203e+06 3 45913 111.984 7.42893 2 1 694.087 23.2548 29.847 4 3 0.0408427 1.81281e-05 13.1095 2 
1.31499 -2.40057e-05 -1 0.743611 0.228185 0.000652601 52.6217 2.52197e+06 3 11360.5 46.7683 6.23949 2 1 647.078 26.3415 24.565 4 3 0.0407016 1.77455e-05 13.1879 2 
1.31564 -2.39973e-05 -1 0.743759 0.228145 0.000652601 52.6489 2.52191e+06 3 52576.1 131.247 7.37168 2 1 583.547 24.3263 23.9883 4 3 0.0409013 1.78901e-05 13.1737 2 
1.31629 -2.39844e-05 -1 0.743908 0.228117 0.000652601 52.6762 2.52185e+06 3 128423 139.489 9.72823 2 1 570.04 17.6731 32.2547 4 3 0.0407171 1.73662e-05 13.2849 2 
1.31694 -2.40734e-05 -1 0.744057 0.228081 0.000652601 52.7077 2.52159e+06 3 147576 139.171 10.1974 2 1 753.576 52.5822 14.3314 4 3 0.0451766 1.9585e-05 13.2129 2 
1.3176 -2.40344e-05 -1 0.744206 0.22805 0.000652601 52.7348 2.52153e+06 3 104808 124.365 9.44567 2 1 1044.55 32.6944 31.9488 4 3 0.041073 2.26777e-05 12.1895 2 
1.31825 -2.40405e-05 -1 0.744355 0.228019 0.000652601 52.7621 2.52147e+06 3 178807 188.537 9.82492 2 1 1099.58 45.735 24.0424 4 3 0.0401086 2.43782e-05 11.8053 2 
1.3189 -2.41191e-05 -1 0.744504 0.22798 0.000652601 52.7894 2.52141e+06 3 173593 130.123 11.0085 2 1 977.359 44.2401 22.0921 4 3 0.040132 2.55981e-05 11.617 2 
1.31955 -2.41405e-05 -1 0.744653 0.227949 0.000652601 52.8166 2.52135e+06 3 73828.6 102.839 8.95412 2 1 1628.12 46.2391 35.2109 4 3 0.0405032 2.4817e-05 11.7737 2 
1.32021 -2.41879e-05 -1 0.744802 0.22792 0.000652601 52.8438 2.52129e+06 3 46135.9 117.695 7.31859 2 1 909.978 25.5014 35.6835 4 3 0.0412676 2.2227e-05 12.2907 2 
1.32086 -2.42074e-05 -1 0.74495 0.227886 0.000652601 52.869 2.52133e+06 2 11611 49.3 15.3466 2 1 667.01 31.4726 21.1934 4 3 0.0417558 2.09845e-05 12.5778 2 
1.32151 -2.41922e-05 -1 0.745099 0.227853 0.000652601 52.9005 2.52107e+06 3 44230.7 98.0205 7.67012 2 1 682.578 26.4323 25.8236 4 3 0.0421188 2.07122e-05 12.6692 2 
1.32216 -2.4236e-05 -1 0.745248 0.227808 0.000652601 52.9277 2.52101e+06 3 66663.8 73.7008 9.67103 2 1 678.913 30.1214 22.5392 4 3 0.0425067 2.04786e-05 12.7561 2 
1.32282 -2.43011e-05 -1 0.745396 0.227781 0.000652601 52.9551 2.52094e+06 3 94855.5 134.197 8.90785 2 1 538.509 33.2266 16.2072 4 3 0.0427044 2.067e-05 12.7363 2 
1.32347 -2.42055e-05 -1 0.745545 0.227746 0.000652601 52.9824 2.52088e+06 3 45855.6 116.842 7.32145 2 1 747.94 32.8647 22.7582 4 3 0.0439453 2.0906e-05 12.8099 2 
1.32412 -2.4279e-05 -1 0.745693 0.227733 0.000652601 53.0096 2.52082e+06 3 178728 224.952 9.26192 2 1 1062.07 45.3823 23.4027 4 3 0.0428637 2.13092e-05 12.6233 2 
1.32477 -2.44117e-05 -1 0.745841 0.227684 0.000652601 53.0392 2.52065e+06 4 124189 16.2919 9.3439 2 1 850.818 47.5789 17.8823 4 3 0.0417632 2.20892e-05 12.3653 2 
1.32543 -2.44141e-05 -1 0.74599 0.227648 0.000652601 53.0665 2.52059e+06 3 58186.5 66.521 9.5636 2 1 721.609 38.1705 18.9049 4 3 0.041914 8.32205e-05 7.95627 2 
1.32608 -2.44257e-05 -1 0.746138 0.227618 0.000652601 53.1031 2.52009e+06 4 179095 29.27 8.84434 2 1 1029.11 40.6997 25.2855 4 4 0.0421041 2.1787e-05 6.63028 2 
1.32673 -2.44633e-05 -1 0.746287 0.227579 0.000652601 53.1333 2.51989e+06 3 191882 194.239 9.9594 2 1 674.756 31.6803 21.2989 4 4 0.0418668 1.9913e-05 6.77148 2 
1.32738 -2.44623e-05 -1 0.746435 0.227556 0.000652601 53.1605 2.51983e+06 3 131498 124.414 10.1863 2 1 900.13 23.9565 37.5735 4 3 0.0434021 9.02237e-05 7.83544 2 
1.32804 -2.44811e-05 -1 0.746584 0.22752 0.000652601 53.1879 2.51977e+06 3 46775.6 122.574 7.25337 2 1 1139.34 42.2396 26.9733 4 3 0.0410175 7.74637e-05 8.09016 2 
1.32869 -2.45197e-05 -1 0.746732 0.227473 0.000652601 53.2151 2.51971e+06 3 59446.1 90.843 8.68182 2 1 797.504 29.3354 27.1857 4 3 0.0437812 6.69633e-05 8.67928 2 
1.32934 -2.46008e-05 -1 0.746881 0.227459 0.000652601 53.2428 2.51963e+06 3 43153.8 73.2324 8.38376 2 1 748.371 19.7648 37.8638 4 3 0.0442419 6.48622e-05 8.80266 2 
1.33 -2.46287e-05 -1 0.747029 0.227413 0.000652601 53.2702 2.51957e+06 3 109934 104.695 10.1641 2 1 710.888 22.4385 31.6816 4 3 0.0440826 6.04084e-05 9.00305 2 
1.33065 -2.46773e-05 -1 0.747178 0.227379 0.000652601 53.3014 2.51932e+06 3 80748.4 138.272 8.35859 2 1 763.022 27.3687 27.8794 4 3 0.0437573 5.15311e-05 9.4695 2 
1.3313 -2.45909e-05 -1 0.747326 0.227346 0.000652601 53.3287 2.51926e+06 3 43162.5 64.3352 8.75426 2 1 693.758 46.9133 14.7881 4 3 0.0431262 4.74812e-05 9.68441 2 
1.33195 -2.46388e-05 -1 0.747474 0.227318 0.000652601 53.356 2.5192e+06 3 46280.6 118.834 7.30275 2 1 716.7 42.2278 16.9722 4 3 0.0422502 4.62654e-05 9.70192 2 
1.33261 -2.46288e-05 -1 0.747623 0.227286 0.000652601 53.3832 2.51914e+06 3 49545.1 132.122 7.21122 2 1 727.102 25.654 28.3427 4 3 0.0409528 4.64472e-05 9.58903 2 
1.33326 -2.46749e-05 -1 0.747771 0.227248 0.000652601 53.4103 2.51909e+06 3 46298.7 121.028 7.2593 2 1 560.417 28.9212 19.3774 4 3 0.0429734 4.47326e-05 9.86715 2 
1.33391 -2.4652e-05 -1 0.74792 0.227211 0.000652601 53.4376 2.51903e+06 3 73256.9 74.266 9.9545 2 1 594.705 22.8751 25.9979 4 3 0.0438207 3.6958e-05 10.5842 2 
1.33456 -2.45976e-05 -1 0.748068 0.227179 0.000652601 53.4624 2.51909e+06 2 11751.4 81.7821 11.9872 2 1 1532.52 40.8602 37.5065 4 3 0.0439542 3.43653e-05 10.8549 2 
1.33522 -2.45722e-05 -1 0.748216 0.227138 0.000652601 53.4936 2.51884e+06 3 162921 220.077 9.04623 2 1 583.827 29.4074 19.8531 4 3 0.0448232 3.20809e-05 11.1794 2 
1.33587 -2.442e-05 -1 0.748365 0.227097 0.000652601 53.521 2.51878e+06 3 97132 121.886 9.27121 2 1 894.539 69.9522 12.7878 4 3 0.0446308 3.31759e-05 11.0392 2 
1.33652 -2.43975e-05 -1 0.748513 0.227075 0.000652601 53.5484 2.51872e+06 3 45488.5 122.753 7.18274 2 1 1175.86 67.0403 17.5397 4 3 0.0452113 3.31154e-05 11.0936 2 
1.33717 -2.4451e-05 -1 0.748661 0.227039 0.000652601 53.5756 2.51866e+06 3 46512.1 127.492 7.14541 2 1 698.782 28.4822 24.534 4 3 0.0448124 3.33196e-05 11.0382 2 
1.33783 -2.44291e-05 -1 0.748809 0.227007 0.000652601 53.6027 2.51861e+06 3 139838 142.818 9.92997 2 1 1221.48 48.6063 25.1301 4 3 0.044948 3.08333e-05 11.3387 2 
1.33848 -2.44837e-05 -1 0.748957 0.226977 0.000652601 53.63 2.51855e+06 3 63099.4 89.4615 8.9015 2 1 1047.51 42.5155 24.6382 4 3 0.0447012 2.697e-05 11.8344 2 
1.33913 -2.45033e-05 -1 0.749105 0.226938 0.000652601 53.6572 2.51849e+06 3 46045.4 92.2309 7.93299 2 1 923.669 36.8781 25.0465 4 3 0.0444966 2.38179e-05 12.3161 2 
1.33978 -2.44869e-05 -1 0.749253 0.226902 0.000652601 53.6843 2.51844e+06 3 60533.8 124.544 7.86245 2 1 602.488 24.3534 24.7394 4 3 0.0441744 2.15138e-05 12.7102 2 
1.34044 -2.44453e-05 -1 0.749401 0.226879 0.000652601 53.7181 2.51808e+06 4 89536.5 60.0295 6.21454 2 1 1004.54 21.8057 46.0677 4 3 0.0440058 2.33245e-05 12.3566 2 
1.34109 -2.4498e-05 -1 0.749549 0.226846 0.000652601 53.7452 2.51803e+06 3 56271.3 105.377 8.11298 2 1 783.269 37.2857 21.0072 4 3 0.0433597 2.35504e-05 12.2564 2 
1.34174 -2.45224e-05 -1 0.749696 0.22681 0.000652601 53.7747 2.51786e+06 4 95232 48.7059 6.64967 2 1 712.846 31.4489 22.6668 4 3 0.0433287 2.2719e-05 12.4012 2 
1.34239 -2.45829e-05 -1 0.749844 0.226768 0.000652601 53.8019 2.51781e+06 3 173520 84.1411 12.7286 2 1 647.312 24.0785 26.8834 4 3 0.0424571 2.33817e-05 12.2 2 
1.34305 -2.46066e-05 -1 0.749992 0.226739 0.000652601 53.8315 2.51764e+06 4 184767 45.3543 7.98917 2 1 662.095 39.4056 16.8021 4 3 0.042393 2.21036e-05 12.4244 2 
1.3437 -2.4521e-05 -1 0.75014 0.226696 0.000652601 53.8587 2.51759e+06 3 46227.6 153.424 6.70403 2 1 747.219 35.4072 21.1036 4 3 0.0418679 2.14364e-05 12.5 2 
1.34435 -2.44688e-05 -1 0.750288 0.226673 0.000652601 53.8899 2.51734e+06 3 82327.6 147.378 8.23578 2 1 715.801 33.328 21.4775 4 3 0.0422405 1.72642e-05 13.475 2 
1.345 -2.44907e-05 -1 0.750436 0.22664 0.000652601 53.9171 2.51729e+06 3 45552.7 99.7363 7.70111 2 1 632.475 50.2772 12.5797 4 3 0.0422992 1.48325e-05 14.181 2 
1.34566 -2.44811e-05 -1 0.750584 0.2266 0.000652601 53.9443 2.51724e+06 3 103152 228.908 7.66665 2 1 594.58 51.1921 11.6147 4 3 0.0435459 1.34634e-05 14.7887 2 
1.34631 -2.44707e-05 -1 0.750732 0.226575 0.000652601 53.9715 2.51718e+06 3 44592.3 106.231 7.4875 2 1 577.476 42.1282 13.7076 4 3 0.0470401 1.58371e-05 14.3747 2 
1.34696 -2.44508e-05 -1 0.75088 0.226528 0.000652601 53.9988 2.51712e+06 3 128515 125.674 10.0748 2 1 936.475 36.3773 25.7434 4 3 0.0493731 1.74e-05 14.1573 2 
1.34762 -2.44777e-05 -1 0.751028 0.226496 0.000652601 54.026 2.51707e+06 3 147903 186.784 9.25149 2 1 1175.16 35.478 33.1236 4 3 0.0488278 2.26504e-05 12.918 2 
1.34827 -2.4448e-05 -1 0.751176 0.226473 0.000652601 54.0532 2.51702e+06 3 104077 102.387 10.0547 2 1 838.399 42.8415 19.5698 4 3 0.0495303 2.55556e-05 12.4679 2 
1.34892 -2.44362e-05 -1 0.751324 0.226433 0.000652601 54.0802 2.51697e+06 3 176742 142.485 10.7446 2 1 811.463 31.307 25.9196 4 3 0.0497521 2.74401e-05 12.1939 2 
1.34957 -2.43615e-05 -1 0.751472 0.226397 0.000652601 54.1118 2.51671e+06 3 44349.9 126.36 7.05387 2 1 855.807 39.6411 21.5889 4 3 0.0501491 2.64389e-05 12.3786 2 
1.35023 -2.43617e-05 -1 0.751619 0.226365 0.000652601 54.1388 2.51667e+06 3 71517.2 57.8336 10.7335 2 1 1094.26 57.1473 19.148 4 3 0.0496198 2.3379e-05 12.8512 2 
1.35088 -2.44076e-05 -1 0.751767 0.226331 0.000652601 54.1661 2.51661e+06 3 55926.6 124.577 7.65704 2 1 2425.62 58.9972 41.1142 4 3 0.0499654 1.9833e-05 13.6069 2 
1.35153 -2.44057e-05 -1 0.751915 0.226313 0.000652601 54.1942 2.51651e+06 3 110367 214.818 8.00919 2 1 733.959 25.6805 28.5804 4 3 0.0496855 1.64219e-05 14.4634 2 
1.35218 -2.45138e-05 -1 0.752062 0.226258 0.000652601 54.2212 2.51647e+06 3 68227.6 82.1301 9.40054 2 1 764.442 55.2985 13.8239 4 3 0.0490864 1.6598e-05 14.3538 2 
1.35284 -2.45521e-05 -1 0.75221 0.226231 0.000652601 54.2484 2.51641e+06 3 46421.3 135.805 6.99199 2 1 646.178 52.1271 12.3962 4 3 0.0500882 1.76635e-05 14.1542 2 
1.35349 -2.45441e-05 -1 0.752357 0.226203 0.000652601 54.2756 2.51636e+06 3 185312 205.384 9.66301 2 1 1147.84 34.1286 33.6326 4 3 0.0493541 1.72358e-05 14.2003 2 
1.35414 -2.46335e-05 -1 0.752505 0.226166 0.000652601 54.307 2.51612e+06 3 121919 119.388 10.0702 2 1 848.751 50.7128 16.7364 4 3 0.0492111 1.62206e-05 14.4766 2 
1.35479 -2.47173e-05 -1 0.752652 0.226137 0.000652601 54.3365 2.51595e+06 4 45371.2 114.902 4.45772 2 1 775.894 49.8291 15.5711 4 3 0.0489624 1.56166e-05 14.6361 2 
1.35545 -2.47249e-05 -1 0.7528 0.226099 0.000652601 54.3661 2.51579e+06 4 196725 60.895 7.5391 2 1 736.222 43.2255 17.0321 4 3 0.0486312 1.50728e-05 14.7766 2 
1.3561 -2.46354e-05 -1 0.752947 0.226068 0.000652601 54.3932 2.51574e+06 3 69888.5 194.624 7.10781 2 1 626.772 32.8572 19.0757 4 3 0.0485041 1.50734e-05 14.7635 2 
1.35675 -2.47335e-05 -1 0.753094 0.226034 0.000652601 54.4205 2.51568e+06 3 156288 166.588 9.7895 2 1 745.932 60.1554 12.4001 4 3 0.0480037 1.51933e-05 14.6737 2 
1.3574 -2.48309e-05 -1 0.753242 0.225995 0.000652601 54.4503 2.51551e+06 4 137586 57.8957 6.98203 2 1 902.948 44.593 20.2486 4 3 0.0480285 1.56139e-05 14.5433 2 
1.35806 -2.47628e-05 -1 0.753389 0.225959 0.000652601 54.4775 2.51546e+06 3 45727.8 51.2296 9.62838 2 1 1010.66 46.0083 21.9669 4 3 0.0473738 1.58699e-05 14.3986 2 
1.35871 -2.4771e-05 -1 0.753537 0.225928 0.000652601 54.5087 2.51522e+06 3 53929.1 114.651 7.77706 2 1 858.061 34.5363 24.8452 4 3 0.0471442 1.60096e-05 14.3334 2 
1.35936 -2.48292e-05 -1 0.753684 0.225892 0.000652601 54.5355 2.51519e+06 2 10462.6 141.23 8.60711 2 1 782.356 56.0857 13.9493 4 3 0.0466489 1.59387e-05 14.3042 2 
1.36001 -2.48961e-05 -1 0.753832 0.225874 0.000652601 54.5625 2.51514e+06 3 46043 114.851 7.37355 2 1 730.904 24.2303 30.1649 4 3 0.0462172 1.55509e-05 14.3775 2 
1.36067 -2.49764e-05 -1 0.753979 0.225825 0.000652601 54.5897 2.51509e+06 3 109185 137.471 9.26084 2 1 711.837 37.3981 19.0341 4 3 0.045681 1.43267e-05 14.7185 2 
1.36132 -2.50349e-05 -1 0.754127 0.225794 0.000652601 54.6169 2.51504e+06 3 67635.4 154.418 7.59437 2 1 733.271 29.3838 24.955 4 3 0.0453251 1.3731e-05 14.8894 2 
1.36197 -2.50778e-05 -1 0.754274 0.225759 0.000652601 54.6438 2.515e+06 3 44687.5 112.046 7.36089 2 1 528.455 43.2969 12.2054 4 3 0.0444865 1.54654e-05 14.2218 2 
1.36263 -2.51097e-05 -1 0.754421 0.225724 0.000652601 54.6709 2.51495e+06 3 46240.8 106.286 7.57734 2 1 906.173 42.9448 21.1009 4 3 0.0443396 1.42739e-05 14.5909 2 
1.36328 -2.51328e-05 -1 0.754569 0.225693 0.000652601 54.7044 2.51461e+06 4 123084 69.2882 6.49211 2 1 804.907 22.1542 36.332 4 3 0.0434856 2.69383e-05 11.7307 2 
1.36393 -2.52139e-05 -1 0.754716 0.225672 0.000652601 54.7317 2.51455e+06 3 75791.8 112.045 8.7783 2 1 551.57 34.8617 15.8217 4 3 0.0429964 9.74355e-05 7.61328 2 
1.36458 -2.53173e-05 -1 0.754863 0.225617 0.000652601 54.7613 2.51439e+06 3 41285.4 95.5392 7.56029 2 1 689.169 47.9011 14.3873 4 4 0.0433836 2.62162e-05 6.37806 2 
1.36524 -2.5338e-05 -1 0.755011 0.225586 0.000652601 54.7935 2.51411e+06 4 185622 38.402 8.33814 2 1 620.888 21.8749 28.3836 4 4 0.0431888 2.37275e-05 6.53176 2 
1.36589 -2.53166e-05 -1 0.755158 0.225562 0.000652601 54.8233 2.51394e+06 3 126438 127.545 9.97097 2 1 770.376 26.2078 29.3949 4 4 0.0429225 2.12083e-05 6.70726 2 
1.36654 -2.52811e-05 -1 0.755305 0.225518 0.000652601 54.8504 2.51389e+06 3 69546.9 115.124 8.45353 2 1 727.734 30.2959 24.0209 4 3 0.042863 8.91575e-05 7.83384 2 
1.36719 -2.53856e-05 -1 0.755452 0.225486 0.000652601 54.8776 2.51383e+06 3 65903.8 115.205 8.30131 2 1 766.222 37.696 20.3263 4 3 0.0426495 7.66191e-05 8.22607 2 
1.36785 -2.54455e-05 -1 0.755599 0.225452 0.000652601 54.9088 2.5136e+06 3 146174 82.9053 12.0808 2 1 772.107 28.3876 27.1987 4 3 0.0424595 7.30459e-05 8.34564 2 
1.3685 -2.54885e-05 -1 0.755746 0.225426 0.000652601 54.9359 2.51355e+06 3 65027 114.174 8.28913 2 1 781.83 29.6145 26.4002 4 3 0.0422177 6.81005e-05 8.52671 2 
1.36915 -2.55056e-05 -1 0.755893 0.225386 0.000652601 54.9633 2.51349e+06 3 45920.7 86.1052 8.10948 2 1 746.763 32.7749 22.7846 4 3 0.0427106 5.95754e-05 8.95 2 
1.3698 -2.54905e-05 -1 0.75604 0.225358 0.000652601 54.9945 2.51326e+06 3 62275.8 104.333 8.41974 2 1 656.434 25.4021 25.8417 4 3 0.0461752 5.37454e-05 9.50654 2 
1.37046 -2.55769e-05 -1 0.756187 0.225318 0.000652601 55.0218 2.51321e+06 3 93655.5 93.1763 10.0171 2 1 1039.3 32.2349 32.2415 4 3 0.0427619 5.21483e-05 9.35993 2 
1.37111 -2.56439e-05 -1 0.756334 0.225273 0.000652601 55.0487 2.51316e+06 3 47024.8 93.0629 7.96496 2 1 819.873 26.2586 31.223 4 3 0.0415373 5.22225e-05 9.26532 2 
1.37176 -2.5675e-05 -1 0.756481 0.225245 0.000652601 55.0759 2.51311e+06 3 54474.4 115.298 7.78856 2 1 787.906 22.2275 35.4474 4 3 0.0413752 5.00784e-05 9.38346 2 
1.37241 -2.57214e-05 -1 0.756628 0.225218 0.000652601 55.1074 2.51287e+06 3 175287 214.238 9.35301 2 1 730.626 23.6608 30.8792 4 3 0.0410923 4.19922e-05 9.92805 2 
1.37307 -2.5749e-05 -1 0.756775 0.22518 0.000652601 55.1348 2.51281e+06 3 113952 179.303 8.59762 2 1 1005.17 41.1292 24.4394 4 3 0.0409551 3.88896e-05 10.174 2 
1.37372 -2.56567e-05 -1 0.756922 0.225145 0.000652601 55.1619 2.51276e+06 3 37783.2 44.1912 9.4912 2 1 848.536 45.1597 18.7896 4 3 0.0429329 4.01007e-05 10.2301 2 
1.37437 -2.56138e-05 -1 0.757068 0.225114 0.000652601 55.1889 2.51272e+06 3 86011.1 138.872 8.52405 2 1 922.619 53.045 17.3931 4 3 0.0417485 3.88471e-05 10.243 2 
1.37502 -2.56155e-05 -1 0.757215 0.22509 0.000652601 55.2161 2.51267e+06 3 45255.9 81.3364 8.22489 2 1 671.457 27.9952 23.9847 4 3 0.0407236 3.91056e-05 10.1361 2 
1.37568 -2.5666e-05 -1 0.757362 0.225045 0.000652601 55.2434 2.51261e+06 3 51010.9 136.69 7.19961 2 1 605.642 28.6044 21.173 4 3 0.0419895 3.91934e-05 10.2324 2 
1.37633 -2.56699e-05 -1 0.757509 0.22501 0.000652601 55.2705 2.51257e+06 3 45187.7 135.326 6.93766 2 1 616.028 33.4195 18.4332 4 3 0.0468745 3.84319e-05 10.6844 2 
1.37698 -2.56508e-05 -1 0.757656 0.224982 0.000652601 55.3018 2.51233e+06 3 134359 125.584 10.2277 2 1 778.847 25.1868 30.9229 4 3 0.0483193 3.86653e-05 10.7713 2 
1.37763 -2.57096e-05 -1 0.757803 0.224945 0.000652601 55.329 2.51228e+06 3 152584 127.398 10.6198 2 1 1011.11 25.7512 39.2648 4 3 0.0446922 3.66008e-05 10.6884 2 
1.37829 -2.57112e-05 -1 0.75795 0.224924 0.000652601 55.3561 2.51223e+06 3 182604 154.038 10.5835 2 1 865.257 31.6787 27.3135 4 3 0.0421749 3.34609e-05 10.802 2 
1.37894 -2.57918e-05 -1 0.758097 0.224873 0.000652601 55.3834 2.51218e+06 3 103552 66.6429 11.5825 2 1 1064.36 33.9414 31.3586 4 3 0.0407924 3.03354e-05 11.0376 2 
1.37959 -2.56783e-05 -1 0.758244 0.224839 0.000652601 55.4127 2.51203e+06 4 187549 31.1127 8.81139 2 1 819.526 26.6773 30.7199 4 3 0.0397412 2.6954e-05 11.3817 2 
1.38025 -2.56476e-05 -1 0.75839 0.224808 0.000652601 55.4398 2.51199e+06 3 74567 114.309 8.67272 2 1 784.542 32.0449 24.4825 4 3 0.0390735 2.62681e-05 11.4152 2 
1.3809 -2.56846e-05 -1 0.758537 0.224776 0.000652601 55.4669 2.51194e+06 3 180804 185.95 9.9069 2 1 760.862 24.598 30.9318 4 3 0.0404868 2.65981e-05 11.5033 2 
1.38155 -2.56452e-05 -1 0.758683 0.224747 0.000652601 55.4969 2.51176e+06 3 46061.6 102.584 7.65748 2 1 788.977 56.0116 14.086 4 3 0.045681 2.54033e-05 12.1604 2 
1.3822 -2.56874e-05 -1 0.75883 0.224703 0.000652601 55.5279 2.51154e+06 4 194023 27.3461 9.17782 2 1 811.825 52.8282 15.3673 4 3 0.0469028 2.65939e-05 12.082 2 
1.38286 -2.57074e-05 -1 0.758976 0.22467 0.000652601 55.5551 2.51149e+06 3 67017.1 114.926 8.35453 2 1 2711.33 32.602 83.1646 4 3 0.0430833 2.74122e-05 11.6267 2 
1.38351 -2.57232e-05 -1 0.759123 0.224631 0.000652601 55.5821 2.51145e+06 3 197327 193.226 10.0703 2 1 702.603 35.0662 20.0365 4 3 0.0422327 2.84079e-05 11.4131 2 
1.38416 -2.56875e-05 -1 0.759269 0.224601 0.000652601 55.6092 2.51141e+06 3 45172.1 120.473 7.21097 2 1 1524.2 50.8399 29.9805 4 3 0.0466625 2.86729e-05 11.7625 2 
1.38481 -2.57271e-05 -1 0.759416 0.224574 0.000652601 55.6363 2.51136e+06 3 121287 109.672 10.3412 2 1 948.851 48.5179 19.5567 4 3 0.0504637 2.96965e-05 11.9332 2 
1.38547 -2.57436e-05 -1 0.759562 0.224538 0.000652601 55.6633 2.51132e+06 3 45501.1 114.642 7.34896 2 1 907.28 31.4991 28.8034 4 3 0.0483652 3.04129e-05 11.6724 2 
1.38612 -2.57586e-05 -1 0.759708 0.224499 0.000652601 55.6944 2.51109e+06 3 57920.1 111.666 8.03469 2 1 784.631 27.7519 28.273 4 3 0.0481592 3.2394e-05 11.4131 2 
1.38677 -2.58423e-05 -1 0.759855 0.224456 0.000652601 55.7215 2.51105e+06 3 161026 120.647 11.0101 2 1 687.341 31.4526 21.8532 4 3 0.0476457 3.34583e-05 11.2505 2 
1.38742 -2.59932e-05 -1 0.760001 0.224435 0.000652601 55.7486 2.511e+06 3 52927.9 38.3738 11.1314 2 1 1063.47 34.5511 30.7796 4 3 0.0469478 3.38596e-05 11.1509 2 
1.38808 -2.60572e-05 -1 0.760148 0.224395 0.000652601 55.7756 2.51096e+06 3 137010 133.217 10.094 2 1 915.244 28.5906 32.0121 4 3 0.0461886 3.32707e-05 11.1556 2 
1.38873 -2.60568e-05 -1 0.760294 0.224363 0.000652601 55.8027 2.51092e+06 3 143326 209.715 8.80843 2 1 1682.05 32.4155 51.8903 4 3 0.0453129 3.18812e-05 11.2433 2 
1.38938 -2.62146e-05 -1 0.760441 0.224337 0.000652601 55.8297 2.51088e+06 3 43767.6 115.952 7.227 2 1 859.389 45.4159 18.9227 4 3 0.044482 2.93206e-05 11.4905 2 
1.39003 -2.62943e-05 -1 0.760587 0.224302 0.000652601 55.8569 2.51083e+06 3 45318.3 121.609 7.19619 2 1 760.195 38.2427 19.8782 4 3 0.0449334 2.75162e-05 11.7759 2 
1.39069 -2.63242e-05 -1 0.760734 0.224262 0.000652601 55.884 2.51078e+06 3 46448 117.723 7.33446 2 1 749.662 30.6896 24.4272 4 3 0.0446395 2.7017e-05 11.8221 2 
1.39134 -2.63079e-05 -1 0.76088 0.224228 0.000652601 55.9155 2.51054e+06 3 108849 188.452 8.328 2 1 728.829 19.5089 37.3589 4 3 0.0444376 2.74499e-05 11.7419 2 
1.39199 -2.62571e-05 -1 0.761027 0.224195 0.000652601 55.9451 2.51038e+06 4 76270 37.9155 6.69706 2 1 628.429 27.3398 22.9859 4 3 0.0463225 2.8459e-05 11.7632 2 
1.39264 -2.62824e-05 -1 0.761173 0.22416 0.000652601 55.9723 2.51033e+06 3 44504.9 109.272 7.41254 2 1 1158 51.3899 22.5336 4 3 0.043809 2.96428e-05 11.3906 2 
1.3933 -2.63298e-05 -1 0.76132 0.224134 0.000652601 55.9993 2.51029e+06 3 87937 153.197 8.31075 2 1 823.899 27.0077 30.5061 4 3 0.043273 2.98202e-05 11.3215 2 
1.39395 -2.64076e-05 -1 0.761466 0.224086 0.000652601 56.0266 2.51024e+06 3 103620 204.41 7.97346 2 1 576.024 60.4644 9.52667 4 3 0.042825 3.00608e-05 11.2521 2 
1.3946 -2.6497e-05 -1 0.761612 0.224061 0.000652601 56.0563 2.51008e+06 4 177215 75.3546 6.96383 2 1 765.794 29.8376 25.6654 4 3 0.0421375 3.10451e-05 11.072 2 
1.39526 -2.6368e-05 -1 0.761758 0.224013 0.000652601 56.0835 2.51003e+06 3 82844.2 91.6823 9.66775 2 1 756.124 33.1946 22.7785 4 3 0.0414688 3.08499e-05 11.0363 2 
1.39591 -2.62955e-05 -1 0.761904 0.223992 0.000652601 56.115 2.50979e+06 3 132631 105.493 10.793 2 1 793.645 29.9654 26.4854 4 3 0.041256 3.07762e-05 11.0262 2 
1.39656 -2.63299e-05 -1 0.76205 0.22396 0.000652601 56.1422 2.50974e+06 3 101232 103.733 9.91899 2 1 768.993 36.0676 21.3209 4 3 0.0407124 3.03662e-05 11.0267 2 
1.39721 -2.64122e-05 -1 0.762196 0.223924 0.000652601 56.1693 2.5097e+06 3 68899.6 129.794 8.09693 2 1 838.805 30.4558 27.5417 4 3 0.0399941 3.0679e-05 10.9241 2 
1.39787 -2.63675e-05 -1 0.762342 0.223891 0.000652601 56.1964 2.50965e+06 3 151279 148.365 10.0651 2 1 833.032 34.1994 24.3581 4 3 0.0424189 3.16179e-05 11.0292 2 
1.39852 -2.63731e-05 -1 0.762488 0.223853 0.000652601 56.2234 2.50961e+06 3 111874 153.388 9.00147 2 1 1076.93 39.3111 27.395 4 3 0.0447747 3.20509e-05 11.1789 2 
1.39917 -2.64989e-05 -1 0.762634 0.223815 0.000652601 56.2504 2.50957e+06 3 64426.7 71.4978 9.65883 2 1 903.034 41.068 21.9888 4 3 0.0456509 3.30218e-05 11.1399 2 
1.39982 -2.6505e-05 -1 0.76278 0.223785 0.000652601 56.2777 2.50952e+06 3 42396.6 84.8317 7.9358 2 1 881.865 30.6375 28.7838 4 3 0.0448298 3.2653e-05 11.1143 2 
1.40048 -2.64998e-05 -1 0.762926 0.223759 0.000652601 56.3089 2.50929e+06 3 61603 124.517 7.90905 2 1 847.958 36.8171 23.0316 4 3 0.0450205 3.14256e-05 11.2731 2 
1.40113 -2.65167e-05 -1 0.763072 0.223716 0.000652601 56.3361 2.50925e+06 3 93364.9 116.164 9.2976 2 1 822.74 35.3846 23.2513 4 3 0.045263 3.01492e-05 11.4504 2 
1.40178 -2.65111e-05 -1 0.763218 0.223674 0.000652601 56.3633 2.5092e+06 3 180240 142.41 10.8169 2 1 844.175 39.2225 21.5227 4 3 0.0454794 2.84486e-05 11.6928 2 
1.40243 -2.64318e-05 -1 0.763364 0.223643 0.000652601 56.3903 2.50916e+06 3 75673.4 134.234 8.26088 2 1 1206.63 43.1479 27.965 4 3 0.0456552 6.62046e-05 8.83488 2 
1.40309 -2.65426e-05 -1 0.76351 0.223608 0.000652601 56.4201 2.509e+06 3 119702 66.9885 12.1348 2 1 832.708 43.2512 19.2528 4 4 0.0453503 2.17787e-05 6.75519 2 
1.40374 -2.64879e-05 -1 0.763656 0.223564 0.000652601 56.4499 2.50883e+06 3 194665 126.158 11.5555 2 1 654.153 33.562 19.4909 4 4 0.0451028 2.01111e-05 6.88164 2 
1.40439 -2.64371e-05 -1 0.763801 0.223537 0.000652601 56.4769 2.50879e+06 3 41102 142.414 6.60851 2 1 840.528 28.0322 29.9844 4 3 0.0453141 9.06115e-05 7.93749 2 
1.40504 -2.62893e-05 -1 0.763947 0.223522 0.000652601 56.5081 2.50857e+06 3 85719.3 118.187 8.98468 2 1 1062.14 51.9734 20.4363 4 3 0.0457572 7.86101e-05 8.3495 2 
1.4057 -2.62349e-05 -1 0.764093 0.223481 0.000652601 56.5373 2.50843e+06 3 38415.7 68.4218 8.2497 2 1 624.438 53.4138 11.6906 4 3 0.0490463 6.72184e-05 9.0027 2 
1.40635 -2.62365e-05 -1 0.764239 0.223445 0.000652601 56.5645 2.50838e+06 3 36852.5 39.1287 9.80221 2 1 1289.9 21.3853 60.3171 4 3 0.047225 6.43824e-05 9.01851 2 
1.407 -2.62446e-05 -1 0.764385 0.223411 0.000652601 56.5939 2.50824e+06 4 189458 35.5785 8.54243 2 1 622.625 19.8508 31.3653 4 3 0.047733 6.11324e-05 9.20836 2 
1.40765 -2.62411e-05 -1 0.764531 0.223382 0.000652601 56.6209 2.5082e+06 3 155837 98.5988 11.6484 2 1 592.288 20.0725 29.5075 4 3 0.0481264 5.22197e-05 9.73157 2 
1.40831 -2.63356e-05 -1 0.764677 0.223349 0.000652601 56.648 2.50816e+06 3 79352.2 100.69 9.23687 2 1 735.847 26.2403 28.0426 4 3 0.0483402 4.78997e-05 10.0306 2 
1.40896 -2.64023e-05 -1 0.764823 0.223315 0.000652601 56.6749 2.50812e+06 3 108968 121.799 9.63574 2 1 847.273 27.7046 30.5824 4 3 0.0485427 4.59401e-05 10.1854 2 
1.40961 -2.64718e-05 -1 0.764969 0.223272 0.000652601 56.7061 2.5079e+06 3 43841.5 118.814 7.17254 2 1 883.605 28.8058 30.6746 4 3 0.0470696 4.65919e-05 10.0341 2 
1.41026 -2.64842e-05 -1 0.765114 0.223243 0.000652601 56.7355 2.50776e+06 4 203854 118.801 6.43613 2 1 962.421 35.1385 27.3894 4 3 0.0476391 4.47652e-05 10.2096 2 
1.41092 -2.63854e-05 -1 0.76526 0.223208 0.000652601 56.7627 2.50771e+06 3 74412.7 158.51 7.77196 2 1 833.647 25.961 32.1115 4 3 0.0482269 3.81404e-05 10.8135 2 
1.41157 -2.6429e-05 -1 0.765405 0.223173 0.000652601 56.7898 2.50766e+06 3 45226.5 111.222 7.40857 2 1 1230.15 36.9583 33.2847 4 3 0.0472422 3.42928e-05 11.1269 2 
1.41222 -2.64487e-05 -1 0.765551 0.223138 0.000652601 56.8145 2.50773e+06 2 9339.62 48.0083 13.9478 2 1 696.559 26.7084 26.0802 4 3 0.0485438 3.23026e-05 11.4542 2 
1.41288 -2.64532e-05 -1 0.765696 0.223091 0.000652601 56.8414 2.50769e+06 3 71056.8 140.153 7.97385 2 1 602.022 25.4223 23.6809 4 3 0.0465572 3.3693e-05 11.1382 2 
1.41353 -2.64754e-05 -1 0.765842 0.223074 0.000652601 56.8685 2.50765e+06 3 66924.9 86.4693 9.18139 2 1 938.761 20.9487 44.8123 4 3 0.0470586 3.25543e-05 11.3069 2 
1.41418 -2.65375e-05 -1 0.765987 0.223038 0.000652601 56.8998 2.50742e+06 3 98260.9 126.436 9.19398 2 1 806.7 28.55 28.2557 4 3 0.0464297 3.3552e-05 11.1436 2 
1.41483 -2.65711e-05 -1 0.766133 0.223008 0.000652601 56.9269 2.50738e+06 3 126691 128.934 9.94167 2 1 641.522 35.1287 18.262 4 3 0.0456144 3.11144e-05 11.36 2 
1.41549 -2.66418e-05 -1 0.766278 0.222969 0.000652601 56.954 2.50734e+06 3 45455.4 108.118 7.49138 2 1 698.22 24.9587 27.975 4 3 0.0443287 2.76051e-05 11.7102 2 
1.41614 -2.66747e-05 -1 0.766424 0.222925 0.000652601 56.9812 2.50729e+06 3 170960 176.666 9.89115 2 1 883.317 33.8898 26.0644 4 3 0.0437712 2.37396e-05 12.2623 2 
1.41679 -2.67193e-05 -1 0.766569 0.2229 0.000652601 57.0082 2.50725e+06 3 57905.1 132.032 7.59764 2 1 1387.45 46.439 29.8769 4 3 0.0491877 2.18589e-05 13.1042 2 
1.41744 -2.67195e-05 -1 0.766714 0.222867 0.000652601 57.0352 2.50721e+06 3 45246.5 110.194 7.43264 2 1 1068.55 52.446 20.3743 4 3 0.0499997 2.32439e-05 12.9088 2 
1.4181 -2.68113e-05 -1 0.76686 0.222837 0.000652601 57.0623 2.50717e+06 3 141795 192.063 9.03802 2 1 903.548 37.6551 23.9953 4 3 0.0502159 2.36677e-05 12.8498 2 
1.41875 -2.66931e-05 -1 0.767005 0.2228 0.000652601 57.0934 2.50696e+06 3 68524 112.866 8.46758 2 1 1032.03 33.9663 30.3839 4 3 0.0511853 2.29945e-05 13.0569 2 
1.4194 -2.66831e-05 -1 0.767151 0.222778 0.000652601 57.1206 2.50691e+06 3 53505.8 107.724 7.91946 2 1 2063.43 69.3595 29.7498 4 3 0.0515464 2.33669e-05 13.0176 2 
1.42005 -2.67526e-05 -1 0.767296 0.222746 0.000652601 57.1476 2.50687e+06 3 44925.1 91.7241 7.88258 2 1 762.415 27.438 27.7869 4 3 0.0516508 2.26836e-05 13.1559 2 
1.42071 -2.68539e-05 -1 0.767442 0.222701 0.000652601 57.1746 2.50683e+06 3 43032.1 106.514 7.39257 2 1 746.051 31.8858 23.3976 4 3 0.0516077 2.14424e-05 13.4013 2 
1.42136 -2.68575e-05 -1 0.767587 0.222659 0.000652601 57.2015 2.5068e+06 3 114251 126.776 9.65921 2 1 1552.8 42.8824 36.2107 4 3 0.0516886 2.1776e-05 13.3395 2 
1.42201 -2.68203e-05 -1 0.767732 0.222622 0.000652601 57.2288 2.50675e+06 3 83221.8 99.5261 9.42107 2 1 1012.32 35.3183 28.6629 4 3 0.0522771 2.1633e-05 13.4193 2 
1.42266 -2.67962e-05 -1 0.767878 0.222605 0.000652601 57.2559 2.50671e+06 3 45357.6 106.17 7.53152 2 1 844.516 49.9489 16.9076 4 3 0.0534593 2.30803e-05 13.231 2 
1.42332 -2.68664e-05 -1 0.768023 0.222555 0.000652601 57.283 2.50667e+06 3 45250.6 63.1126 8.95027 2 1 834.091 37.8201 22.0542 4 3 0.0536262 2.39854e-05 13.0761 2 
1.42397 -2.691e-05 -1 0.768168 0.222525 0.000652601 57.3142 2.50645e+06 3 181182 136.199 10.998 2 1 609.605 21.6624 28.1412 4 3 0.0549942 2.39492e-05 13.1929 2 
1.42462 -2.69105e-05 -1 0.768313 0.22249 0.000652601 57.341 2.50642e+06 3 43663.4 81.8697 8.10957 2 1 812.604 26.7766 30.3475 4 3 0.0549261 2.32773e-05 13.3132 2 
1.42527 -2.69802e-05 -1 0.768459 0.222456 0.000652601 57.3681 2.50638e+06 3 75442.7 148.502 7.97924 2 1 880.717 23.1731 38.006 4 3 0.0557153 2.30494e-05 13.4206 2 
1.42593 -2.7017e-05 -1 0.768604 0.222425 0.000652601 57.3973 2.50624e+06 4 200264 49.7669 7.96463 2 1 790.43 28.3824 27.8493 4 3 0.0555699 2.32995e-05 13.3608 2 
1.42658 -2.70365e-05 -1 0.768749 0.222391 0.000652601 57.4243 2.50621e+06 3 130951 132.639 9.95741 2 1 705.179 27.1142 26.0078 4 3 0.0558453 2.29237e-05 13.4555 2 
1.42723 -2.70282e-05 -1 0.768894 0.222352 0.000652601 57.4512 2.50617e+06 3 101396 110.792 9.70893 2 1 1183.85 29.4931 40.1398 4 3 0.0552777 2.32064e-05 13.3551 2 
1.42789 -2.70881e-05 -1 0.769039 0.222324 0.000652601 57.4782 2.50613e+06 3 154115 92.6018 11.8506 2 1 828.267 43.4768 19.0508 4 3 0.0557568 2.36179e-05 13.3153 2 
1.42854 -2.71565e-05 -1 0.769184 0.222299 0.000652601 57.5093 2.50592e+06 3 52612.7 149.203 7.06487 2 1 931.595 30.2858 30.7601 4 3 0.0552552 2.41168e-05 13.1831 2 
1.42919 -2.72029e-05 -1 0.769329 0.222257 0.000652601 57.5382 2.5058e+06 3 44535.8 117.237 7.24239 2 1 1214.78 24.6784 49.2242 4 3 0.0553706 2.43665e-05 13.1471 2 
1.42984 -2.7201e-05 -1 0.769474 0.222221 0.000652601 57.5653 2.50576e+06 3 64897.8 42.7854 11.4898 2 1 953.062 29.3745 32.4452 4 3 0.0550272 2.35388e-05 13.2718 2 
1.4305 -2.71986e-05 -1 0.769618 0.222183 0.000652601 57.5945 2.50562e+06 4 186241 24.4573 9.3415 2 1 874.158 27.6239 31.645 4 3 0.0551004 2.28517e-05 13.4095 2 
1.43115 -2.71725e-05 -1 0.769763 0.222151 0.000652601 57.6214 2.50559e+06 3 62187.6 93.5744 8.72668 2 1 1131.65 28.1964 40.1344 4 3 0.0547082 2.16058e-05 13.6299 2 
1.4318 -2.71725e-05 -1 0.769908 0.222127 0.000652601 57.6484 2.50556e+06 3 93743.3 210.801 7.63289 2 1 1393.34 56.3208 24.7394 4 3 0.054757 2.0026e-05 13.9835 2 
1.43245 -2.72042e-05 -1 0.770053 0.222094 0.000652601 57.6787 2.50538e+06 4 57711.6 88.9437 5.04704 2 1 789.657 67.9335 11.624 4 3 0.0544902 1.83657e-05 14.3693 2 
1.43311 -2.72159e-05 -1 0.770198 0.222053 0.000652601 57.7076 2.50526e+06 2 12756.2 49.5499 16.0449 2 1 815.133 19.6761 41.4277 4 3 0.0542148 1.72125e-05 14.6585 2 
1.43376 -2.72344e-05 -1 0.770343 0.222028 0.000652601 57.7346 2.50522e+06 3 118966 209.634 8.27918 2 1 830.242 24.9496 33.2767 4 3 0.0539368 1.59127e-05 15.0215 2 
1.43441 -2.7157e-05 -1 0.770488 0.221985 0.000652601 57.7616 2.50518e+06 3 48659.9 114.969 7.50811 2 1 957.48 49.3439 19.4042 4 3 0.0537481 1.54515e-05 15.1518 2 
1.43506 -2.72156e-05 -1 0.770633 0.221948 0.000652601 57.7927 2.50497e+06 3 197131 150.156 10.9498 2 1 1339.66 57.7596 23.1938 4 3 0.0533622 2.01638e-05 13.8321 2 
1.43572 -2.73073e-05 -1 0.770778 0.221908 0.000652601 57.8199 2.50492e+06 3 196117 212.138 9.74164 2 1 814.382 29.8945 27.2418 4 3 0.0529508 2.33566e-05 13.1367 2 
1.43637 -2.74018e-05 -1 0.770923 0.221881 0.000652601 57.8468 2.50489e+06 3 45221.9 100.016 7.67525 2 1 811.596 37.0601 21.8994 4 3 0.0527112 2.31956e-05 13.1472 2 
1.43702 -2.73594e-05 -1 0.771068 0.221852 0.000652601 57.8739 2.50486e+06 3 162678 149.99 10.2744 2 1 840.967 31.6253 26.5916 4 3 0.0522438 2.19389e-05 13.3538 2 
1.43767 -2.73119e-05 -1 0.771213 0.221815 0.000652601 57.9074 2.50454e+06 4 207945 47.2018 8.147 2 1 891.525 25.22 35.3499 4 3 0.0516596 1.98226e-05 13.7614 2 
1.43833 -2.73275e-05 -1 0.771357 0.221787 0.000652601 57.9343 2.50451e+06 3 45311.8 108.017 7.48581 2 1 977.142 47.8056 20.4399 4 3 0.0515337 1.92218e-05 13.892 2 
1.43898 -2.7478e-05 -1 0.771502 0.221753 0.000652601 57.9613 2.50447e+06 3 80193.1 123.732 8.65403 2 1 854.554 35.3987 24.1408 4 3 0.0533596 1.97632e-05 13.9247 2 
1.43963 -2.75579e-05 -1 0.771647 0.221702 0.000652601 57.9923 2.50426e+06 3 108452 124.972 9.53837 2 1 815.288 31.5836 25.8136 4 3 0.053059 2.08919e-05 13.6435 2 
1.44028 -2.7533e-05 -1 0.771791 0.221672 0.000652601 58.0146 2.50443e+06 1 2788.71 222.734 12.5204 2 1 788.312 31.8219 24.7726 4 3 0.0524058 2.15275e-05 13.4523 2 
1.44094 -2.7567e-05 -1 0.771936 0.221651 0.000652601 58.0415 2.50439e+06 3 43021.6 92.8399 7.73839 2 1 963.336 40.2481 23.9349 4 3 0.0521603 4.14902e-05 10.7927 2 
1.44159 -2.75804e-05 -1 0.77208 0.221603 0.000652601 58.071 2.50425e+06 3 75428.5 116.314 8.65568 2 1 906.978 28.472 31.8551 4 4 0.050834 2.2149e-05 6.9215 2 
1.44224 -2.76045e-05 -1 0.772225 0.221578 0.000652601 58.1007 2.5041e+06 3 43781.5 128.58 6.98296 2 1 1819.12 42.8957 42.408 4 4 0.0496366 2.23061e-05 6.86822 2 
1.44289 -2.76243e-05 -1 0.772369 0.221543 0.000652601 58.128 2.50405e+06 2 8968.78 40.4141 14.8971 2 1 741.757 28.9102 25.6572 4 4 0.0483051 2.02185e-05 6.99135 2 
1.44355 -2.76308e-05 -1 0.772514 0.221507 0.000652601 58.1573 2.50392e+06 4 198430 29.5551 9.05198 2 1 698.274 19.3188 36.1447 4 3 0.0466599 8.72714e-05 8.11628 2 
1.4442 -2.7689e-05 -1 0.772658 0.221476 0.000652601 58.1843 2.50388e+06 3 68002.2 63.9573 10.2065 2 1 768.108 25.1325 30.5623 4 3 0.045582 7.5257e-05 8.46088 2 
1.44485 -2.77404e-05 -1 0.772803 0.221443 0.000652601 58.2116 2.50383e+06 3 98225.4 147.431 8.73396 2 1 655.778 21.0323 31.1795 4 3 0.0455328 6.6497e-05 8.81402 2 
1.44551 -2.77162e-05 -1 0.772947 0.221414 0.000652601 58.2386 2.50379e+06 3 177223 104.429 11.928 2 1 652.566 36.9441 17.6636 4 3 0.0454706 6.48073e-05 8.88592 2 
1.44616 -2.76921e-05 -1 0.773091 0.221377 0.000652601 58.2656 2.50376e+06 3 106656 228.248 7.75997 2 1 1012.76 49.6586 20.3945 4 3 0.0454882 5.66307e-05 9.29571 2 
1.44681 -2.78368e-05 -1 0.773236 0.221342 0.000652601 58.2926 2.50373e+06 3 44927.4 130.583 7.00716 2 1 1376.21 47.0105 29.2745 4 3 0.0451889 5.01567e-05 9.6583 2 
1.44746 -2.78654e-05 -1 0.77338 0.221291 0.000652601 58.3195 2.50369e+06 3 151250 140.595 10.2465 2 1 871.252 35.4296 24.591 4 3 0.0450083 4.60717e-05 9.92246 2 
1.44812 -2.80106e-05 -1 0.773525 0.221262 0.000652601 58.3464 2.50366e+06 3 89494 72.199 10.7421 2 1 862.922 37.2389 23.1726 4 3 0.0446131 4.63137e-05 9.87607 2 
1.44877 -2.8073e-05 -1 0.773669 0.221238 0.000652601 58.3733 2.50363e+06 3 93337.5 109.64 9.47755 2 1 910.694 30.4223 29.9351 4 3 0.0440852 4.64073e-05 9.83035 2 
1.44942 -2.80493e-05 -1 0.773814 0.221201 0.000652601 58.4043 2.50342e+06 3 114581 140.288 9.34753 2 1 836.473 25.8634 32.3419 4 3 0.0456907 4.0836e-05 10.3815 2 
1.45007 -2.80768e-05 -1 0.773958 0.221172 0.000652601 58.4312 2.5034e+06 3 47264 68.1499 8.8516 2 1 749.784 28.8056 26.0291 4 3 0.0469308 3.53741e-05 10.9881 2 
1.45073 -2.81625e-05 -1 0.774103 0.221134 0.000652601 58.4604 2.50327e+06 4 185882 52.8556 7.70081 2 1 881.798 37.8027 23.3263 4 3 0.0466134 3.31233e-05 11.2062 2 
1.45138 -2.81363e-05 -1 0.774247 0.22109 0.000652601 58.4872 2.50324e+06 3 85621.9 159.793 8.12224 2 1 907.652 27.621 32.8609 4 3 0.0446467 3.33596e-05 11.0202 2 
1.45203 -2.81876e-05 -1 0.774391 0.221065 0.000652601 58.5164 2.50311e+06 4 113904 24.9333 8.22128 2 1 807.02 28.9707 27.8564 4 3 0.0428082 3.26904e-05 10.9405 2 
1.45268 -2.8238e-05 -1 0.774536 0.221032 0.000652601 58.5474 2.5029e+06 4 186724 99.3376 6.58448 2 1 836.135 33.519 24.9451 4 3 0.042543 3.3666e-05 10.8113 2 
1.45334 -2.81502e-05 -1 0.77468 0.220986 0.000652601 58.5741 2.50288e+06 3 45730.6 126.144 7.13039 2 1 980.592 36.6074 26.7867 4 3 0.043428 3.23426e-05 11.0323 2 
1.45399 -2.81214e-05 -1 0.774824 0.22095 0.000652601 58.601 2.50285e+06 3 43916.3 103.638 7.51109 2 1 796.052 37.2893 21.348 4 3 0.0447083 2.87678e-05 11.5832 2 
1.45464 -2.81099e-05 -1 0.774968 0.220929 0.000652601 58.6279 2.50282e+06 3 44638.5 107.261 7.46601 2 1 782.138 34.1827 22.8811 4 3 0.0437643 2.47915e-05 12.0857 2 
1.45529 -2.81205e-05 -1 0.775112 0.220883 0.000652601 58.6547 2.5028e+06 3 81482.2 132.843 8.49653 2 1 732.376 26.794 27.3336 4 3 0.0426893 2.2451e-05 12.3888 2 
1.45595 -2.82356e-05 -1 0.775256 0.220855 0.000652601 58.6815 2.50277e+06 3 76523 59.6169 10.8678 2 1 677.771 30.8858 21.9444 4 3 0.0458343 2.15514e-05 12.8599 2 
1.4566 -2.82219e-05 -1 0.775401 0.220828 0.000652601 58.7149 2.50246e+06 4 134285 48.9861 7.23584 2 1 1175.79 37.2349 31.5776 4 3 0.0484513 2.3749e-05 12.6829 2 
1.45725 -2.82168e-05 -1 0.775545 0.220793 0.000652601 58.7419 2.50243e+06 3 160287 174.559 9.71968 2 1 683.71 28.9393 23.6257 4 3 0.053112 2.26271e-05 13.2899 2 
1.4579 -2.81063e-05 -1 0.775689 0.220761 0.000652601 58.7689 2.50239e+06 3 38280.3 11.0137 15.1477 2 1 1188.34 32.7838 36.2479 4 3 0.0495954 2.27417e-05 12.968 2 
1.45856 -2.80792e-05 -1 0.775832 0.220713 0.000652601 58.7956 2.50237e+06 3 194532 120.933 11.717 2 1 1214.04 38.76 31.3221 4 3 0.0460378 2.25789e-05 12.6805 2 
1.45921 -2.81514e-05 -1 0.775976 0.220697 0.000652601 58.8249 2.50224e+06 4 202632 46.7768 8.11277 2 1 2075.19 78.5261 26.4267 4 3 0.0457517 2.16463e-05 12.8334 2 
1.45986 -2.81067e-05 -1 0.77612 0.220666 0.000652601 58.8518 2.50221e+06 3 77408.5 209.898 7.17122 2 1 1172.22 69.3839 16.8947 4 3 0.0458635 1.89385e-05 13.4289 2 
1.46052 -2.81118e-05 -1 0.776264 0.220636 0.000652601 58.8788 2.50217e+06 3 66433.4 95.8583 8.8495 2 1 939.029 34.2548 27.413 4 3 0.047336 1.7902e-05 13.8281 2 
1.46117 -2.81594e-05 -1 0.776408 0.220593 0.000652601 58.9098 2.50197e+06 3 38774.1 104.47 7.18649 2 1 819.287 33.346 24.5693 4 3 0.048421 1.73e-05 14.0928 2 
1.46182 -2.81406e-05 -1 0.776552 0.220553 0.000652601 58.9366 2.50194e+06 3 44705.1 111.519 7.37342 2 1 866.988 34.5801 25.0719 4 3 0.0494002 1.71496e-05 14.2285 2 
1.46247 -2.8124e-05 -1 0.776695 0.220539 0.000652601 58.9636 2.50191e+06 3 206016 210.202 9.93319 2 1 902.995 23.3531 38.667 4 3 0.0517018 1.69852e-05 14.4926 2 
1.46313 -2.79987e-05 -1 0.776839 0.220485 0.000652601 58.9908 2.50187e+06 3 44495.3 101.408 7.59885 2 1 853.637 74.4806 11.4612 4 3 0.050733 1.71836e-05 14.3458 2 
1.46378 -2.80111e-05 -1 0.776983 0.220454 0.000652601 59.0177 2.50184e+06 3 208034 149.248 11.1706 2 1 879.676 63.9468 13.7564 4 3 0.0500637 1.74834e-05 14.2003 2 
1.46443 -2.80918e-05 -1 0.777127 0.220427 0.000652601 59.0446 2.50181e+06 3 53975.5 141.088 7.25943 2 1 865.456 43.146 20.0588 4 3 0.0525795 1.78837e-05 14.3258 2 
1.46508 -2.8059e-05 -1 0.777271 0.220387 0.000652601 59.0717 2.50177e+06 3 45360.1 128.993 7.05835 2 1 770.136 35.4146 21.7463 4 3 0.0567052 1.78849e-05 14.6908 2 
1.46574 -2.80473e-05 -1 0.777415 0.220345 0.000652601 59.1028 2.50156e+06 3 75607.3 106.317 8.92593 2 1 937.921 23.4168 40.0533 4 3 0.0541414 1.76224e-05 14.5374 2 
1.46639 -2.8029e-05 -1 0.777559 0.220335 0.000652601 59.1301 2.50151e+06 3 168292 168.742 9.99112 2 1 704.402 23.9948 29.3564 4 3 0.0536021 1.81019e-05 14.3599 2 
1.46704 -2.7748e-05 -1 0.777703 0.220273 0.000652601 59.1572 2.50148e+06 3 144051 113.728 10.8197 2 1 700.317 39.105 17.9086 4 3 0.0531494 1.81337e-05 14.311 2 
1.46769 -2.77017e-05 -1 0.777847 0.220258 0.000652601 59.184 2.50145e+06 3 48815.3 131.542 7.18616 2 1 1025.09 53.8539 19.0347 4 3 0.0521679 1.71495e-05 14.4894 2 
1.46835 -2.76936e-05 -1 0.77799 0.220216 0.000652601 59.2107 2.50143e+06 3 43870.5 126.344 7.02865 2 1 996.093 32.5474 30.6044 4 3 0.0508375 1.56867e-05 14.7985 2 
1.469 -2.77419e-05 -1 0.778134 0.220185 0.000652601 59.2375 2.5014e+06 3 38017.8 104.695 7.13434 2 1 943.964 33.5735 28.1164 4 3 0.0497309 1.44059e-05 15.1134 2 
1.46965 -2.77662e-05 -1 0.778278 0.220156 0.000652601 59.2647 2.50136e+06 3 113668 107.949 10.1736 2 1 836.756 28.4829 29.3774 4 3 0.0486558 1.21364e-05 15.886 2 
1.4703 -2.78246e-05 -1 0.778421 0.220121 0.000652601 59.2955 2.50117e+06 3 40951.5 64.2286 8.60691 2 1 846.14 36.8357 22.9706 4 3 0.0483594 1.13855e-05 16.1948 2 
1.47096 -2.78694e-05 -1 0.778565 0.220087 0.000652601 59.3224 2.50114e+06 3 43732.2 72.2345 8.45965 2 1 836.097 43.0547 19.4194 4 3 0.0478421 1.08954e-05 16.3753 2 
1.47161 -2.797e-05 -1 0.778709 0.220046 0.000652601 59.3492 2.50111e+06 3 72308.3 200.292 7.12046 2 1 611.057 33.4755 18.2539 4 3 0.049666 1.10509e-05 16.5027 2 
1.47226 -2.79806e-05 -1 0.778852 0.220002 0.000652601 59.3762 2.50108e+06 3 77064.5 71.073 10.2735 2 1 1010.64 38.6526 26.1469 4 3 0.0467094 1.52872e-05 14.5108 2 
1.47291 -2.79983e-05 -1 0.778996 0.219983 0.000652601 59.403 2.50105e+06 3 55794.4 105.242 8.09346 2 1 864.488 38.7093 22.3328 4 3 0.0460755 2.07368e-05 13.049 2 
1.47357 -2.80498e-05 -1 0.779139 0.219943 0.000652601 59.4299 2.50102e+06 3 144817 178.894 9.31983 2 1 603.678 28.7573 20.9921 4 3 0.0455146 2.21815e-05 12.7073 2 
1.47422 -2.80739e-05 -1 0.779283 0.219904 0.000652601 59.4568 2.501e+06 3 185751 181.704 10.0737 2 1 815.602 23.9687 34.0278 4 3 0.0507683 2.43477e-05 12.7755 2 
1.47487 -2.81084e-05 -1 0.779426 0.219875 0.000652601 59.4838 2.50096e+06 3 103867 192.305 8.14382 2 1 1001.17 50.6077 19.7829 4 3 0.0524359 2.88014e-05 12.2106 2 
1.47552 -2.82614e-05 -1 0.779569 0.219838 0.000652601 59.5152 2.50074e+06 3 128677 158.406 9.33061 2 1 983.64 34.1142 28.8337 4 3 0.0525285 3.24553e-05 11.7409 2 
1.47618 -2.82556e-05 -1 0.779713 0.219817 0.000652601 59.544 2.50064e+06 3 45240.9 78.7469 8.31316 2 1 920.891 29.8844 30.8151 4 3 0.0538426 3.42687e-05 11.6254 2 
1.47683 -2.82679e-05 -1 0.779856 0.219782 0.000652601 59.5708 2.50061e+06 3 64779.6 89.1352 8.99076 2 1 904.85 37.279 24.2724 4 3 0.0537138 3.56687e-05 11.4621 2 
1.47748 -2.84042e-05 -1 0.779999 0.219755 0.000652601 59.5999 2.50049e+06 4 152615 136.023 5.78757 2 1 847.678 36.6074 23.1559 4 3 0.0540146 3.48929e-05 11.568 2 
1.47814 -2.83295e-05 -1 0.780143 0.219678 0.000652601 59.6267 2.50046e+06 3 69508.2 115.086 8.45287 2 1 908.51 29.9766 30.3073 4 3 0.0535613 3.52124e-05 11.5005 2 
1.47879 -2.8368e-05 -1 0.780286 0.21968 0.000652601 59.6534 2.50044e+06 3 58089.6 111.305 8.05122 2 1 971.238 42.9995 22.5872 4 3 0.0536195 3.55123e-05 11.4722 2 
1.47944 -2.83959e-05 -1 0.780429 0.219654 0.000652601 59.6804 2.50041e+06 3 94178 81.8282 10.4797 2 1 1245.5 34.8511 35.7378 4 3 0.0529604 3.9383e-05 11.0378 2 
1.48009 -2.8428e-05 -1 0.780573 0.219609 0.000652601 59.7113 2.50022e+06 3 209555 222.574 9.80109 2 1 935.285 40.7655 22.9431 4 3 0.0524194 7.94686e-05 8.70493 2 
1.48075 -2.85414e-05 -1 0.780716 0.21958 0.000652601 59.7431 2.49998e+06 4 194650 48.9961 7.93914 2 1 1515.89 54.1803 27.9785 4 4 0.05186 2.4552e-05 6.77932 2 
1.4814 -2.86144e-05 -1 0.780859 0.21954 0.000652601 59.7703 2.49994e+06 2 47080.6 184.846 15.9594 2 1 1133.45 38.3142 29.5831 4 4 0.0522272 2.26282e-05 6.93125 2 
1.48205 -2.86945e-05 -1 0.781003 0.21949 0.000652601 59.7968 2.49993e+06 3 119220 112.621 10.1916 2 1 815.475 22.627 36.0399 4 3 0.0528496 9.56443e-05 8.20593 2 
1.4827 -2.87721e-05 -1 0.781146 0.219477 0.000652601 59.8211 2.50001e+06 2 11124.2 81.9445 11.6513 2 1 785.412 32.9834 23.8123 4 3 0.0534024 7.6777e-05 8.86019 2 
1.48336 -2.88348e-05 -1 0.781289 0.219447 0.000652601 59.8477 2.49999e+06 3 85389.9 86.8969 9.94185 2 1 825.499 34.0568 24.2389 4 3 0.0575125 6.61921e-05 9.54228 2 
1.48401 -2.88064e-05 -1 0.781433 0.219405 0.000652601 59.8745 2.49997e+06 3 45282.8 76.841 8.38391 2 1 759.977 25.06 30.3263 4 3 0.0597021 6.0827e-05 9.93797 2 
1.48466 -2.88446e-05 -1 0.781576 0.219387 0.000652601 59.9053 2.49978e+06 3 45407.5 141.414 6.8477 2 1 671.874 25.2082 26.653 4 3 0.0600497 5.74799e-05 10.1469 2 
1.48531 -2.88503e-05 -1 0.781719 0.219343 0.000652601 59.9318 2.49976e+06 3 67362.5 186.373 7.12325 2 1 1548.49 54.4242 28.4522 4 3 0.0613902 5.02713e-05 10.6887 2 
1.48597 -2.88731e-05 -1 0.781862 0.219312 0.000652601 59.9606 2.49966e+06 4 202211 39.8466 8.44021 2 1 1359.77 21.8193 62.3194 4 3 0.0611841 4.6125e-05 10.9876 2 
1.48662 -2.88801e-05 -1 0.782005 0.219258 0.000652601 59.991 2.49948e+06 3 163260 122.324 11.0101 2 1 731.459 22.833 32.0351 4 3 0.0618456 4.44116e-05 11.167 2 
1.48727 -2.88502e-05 -1 0.782148 0.219238 0.000652601 60.0177 2.49946e+06 3 39256.7 178.18 6.03974 2 1 1001.86 34.3936 29.1292 4 3 0.0613882 4.46369e-05 11.1207 2 
1.48792 -2.88026e-05 -1 0.782291 0.219208 0.000652601 60.0467 2.49935e+06 4 208006 34.2018 8.83093 2 1 1096.97 44.528 24.6355 4 3 0.0615216 4.35577e-05 11.2199 2 
1.48858 -2.88011e-05 -1 0.782434 0.219172 0.000652601 60.0731 2.49934e+06 3 46536.8 50.6271 9.7231 2 1 947.726 24.5731 38.5676 4 3 0.0610977 3.90252e-05 11.6116 2 
1.48923 -2.88546e-05 -1 0.782577 0.219145 0.000652601 60.1037 2.49916e+06 3 213646 163.539 10.9318 2 1 965.396 32.1902 29.9903 4 3 0.0609585 3.89112e-05 11.6141 2 
1.48988 -2.88574e-05 -1 0.78272 0.21911 0.000652601 60.13 2.49915e+06 3 44244.5 68.6461 8.63803 2 1 1042.77 38.0606 27.3977 4 3 0.0604056 3.87523e-05 11.5947 2 
1.49053 -2.88485e-05 -1 0.782863 0.219048 0.000652601 60.1587 2.49905e+06 4 44667.1 43.7583 5.65239 2 1 1234.33 40.393 30.5579 4 3 0.0601152 3.8992e-05 11.5523 2 
1.49119 -2.88996e-05 -1 0.783006 0.219111 0.000652601 60.1851 2.49904e+06 3 68960.9 149.79 7.7216 2 1 790.472 35.6513 22.1723 4 3 0.059343 3.83358e-05 11.5679 2 
1.49184 -2.87673e-05 -1 0.783149 0.219055 0.000652601 60.2122 2.49901e+06 3 53420.2 129.242 7.44904 2 1 2307.28 84.433 27.3267 4 3 0.0588135 3.77161e-05 11.5962 2 
1.49249 -2.86416e-05 -1 0.783292 0.218969 0.000652601 60.2386 2.499e+06 3 100215 102.481 9.92574 2 1 822.008 48.9375 16.7971 4 3 0.0580005 3.72132e-05 11.5943 2 
1.49315 -2.85966e-05 -1 0.783435 0.218998 0.000652601 60.2651 2.49899e+06 3 66045 131.75 7.94384 2 1 845.078 38.0049 22.236 4 3 0.0572971 3.62464e-05 11.649 2 
1.4938 -2.85284e-05 -1 0.783577 0.218911 0.000652601 60.2979 2.49872e+06 4 126840 64.211 6.66672 2 1 715.477 66.8161 10.7081 4 3 0.0563817 3.51553e-05 11.7053 2 
1.49445 -2.84814e-05 -1 0.78372 0.218916 0.000652601 60.3245 2.4987e+06 3 59066.1 120.723 7.87981 2 1 674.775 84.8564 7.95197 4 3 0.0556071 3.48893e-05 11.681 2 
1.4951 -2.83575e-05 -1 0.783863 0.218837 0.000652601 60.3509 2.49869e+06 3 178309 181.969 9.93251 2 1 2121.44 83.717 25.3406 4 3 0.0545871 3.3597e-05 11.7561 2 
1.49576 -2.83628e-05 -1 0.784006 0.218862 0.000652601 60.3773 2.49869e+06 3 53824.2 116.082 7.73995 2 1 772.316 98.1255 7.87069 4 3 0.0535485 3.23318e-05 11.8315 2 
1.49641 -2.82383e-05 -1 0.784149 0.218771 0.000652601 60.4035 2.49869e+06 3 39198.1 115.873 6.96778 2 1 1009.58 99.4596 10.1507 4 3 0.0525828 3.10912e-05 11.9143 2 
1.49706 -2.82659e-05 -1 0.784292 0.218741 0.000652601 60.4299 2.49868e+06 3 144898 162.303 9.62894 2 1 1849.94 112.408 16.4573 4 3 0.0514723 2.98802e-05 11.9875 2 
1.49771 -2.82679e-05 -1 0.784434 0.218695 0.000652601 60.4587 2.49857e+06 4 208881 98.0343 6.79408 2 1 1030.37 51.3575 20.0628 4 3 0.0502867 2.85062e-05 12.0829 2 
1.49837 -2.81532e-05 -1 0.784577 0.218668 0.000652601 60.4828 2.49866e+06 2 10850.2 56.3283 13.8789 2 1 1066.29 57.0406 18.6936 4 3 0.0493263 2.70546e-05 12.2165 2 
1.49902 -2.81157e-05 -1 0.78472 0.218652 0.000652601 60.5133 2.49849e+06 3 43333.2 113.171 7.26154 2 1 850.485 34.6307 24.5587 4 3 0.0493068 2.75167e-05 12.1461 2 
1.49967 -2.81248e-05 -1 0.784862 0.218595 0.000652601 60.5439 2.49831e+06 4 46069.4 48.4624 5.55267 2 1 822.577 27.7429 29.65 4 3 0.0491577 2.81616e-05 12.0405 2 
1.50032 -2.81871e-05 -1 0.785005 0.218569 0.000652601 60.5702 2.4983e+06 3 112520 85.3965 10.963 2 1 1430.09 95.3228 15.0026 4 3 0.0516866 2.83474e-05 12.2167 2 
1.50098 -2.80542e-05 -1 0.785148 0.218532 0.000652601 60.5964 2.4983e+06 3 63644.1 181.737 7.04863 2 1 1066.2 46.212 23.0719 4 3 0.0485648 2.7955e-05 12.0214 2 
1.50163 -2.80257e-05 -1 0.78529 0.218537 0.000652601 60.6226 2.49831e+06 3 52042.6 144.628 7.11272 2 1 899.781 50.0775 17.9678 4 3 0.0482926 2.71784e-05 12.1121 2 
1.50228 -2.79768e-05 -1 0.785433 0.218479 0.000652601 60.6489 2.4983e+06 3 193577 127.309 11.4991 2 1 881.746 47.497 18.5643 4 3 0.0478447 2.69345e-05 12.1109 2 
1.50293 -2.80354e-05 -1 0.785575 0.218433 0.000652601 60.6767 2.49824e+06 3 112931 130.562 9.52792 2 1 779.64 99.5477 7.83182 4 3 0.0472505 2.66951e-05 12.0965 2 
1.50359 -2.79549e-05 -1 0.785718 0.218393 0.000652601 60.7052 2.49815e+06 3 98348.3 225.599 7.58245 2 1 1058.12 48.6928 21.7305 4 3 0.0465527 2.71825e-05 11.9642 2 
1.50424 -2.78548e-05 -1 0.78586 0.218405 0.000652601 60.7327 2.49809e+06 3 44480.3 132.325 6.95306 2 1 948.431 18.7853 50.4878 4 3 0.0460791 2.78261e-05 11.8309 2 
1.50489 -2.77982e-05 -1 0.786003 0.218327 0.000652601 60.7596 2.49806e+06 3 138062 130.765 10.1827 2 1 816.726 38.7125 21.0972 4 3 0.0453875 2.88709e-05 11.6276 2 
1.50554 -2.78608e-05 -1 0.786145 0.218313 0.000652601 60.7881 2.49797e+06 4 197199 76.1187 7.13434 2 1 785.083 73.9216 10.6205 4 3 0.0473716 2.93954e-05 11.7241 2 
1.5062 -2.78151e-05 -1 0.786288 0.218264 0.000652601 60.8144 2.49797e+06 3 92735.7 175.142 8.09007 2 1 795.297 55.7735 14.2594 4 3 0.049483 2.93378e-05 11.9035 2 
1.50685 -2.77391e-05 -1 0.78643 0.218238 0.000652601 60.8407 2.49797e+06 3 155973 131.181 10.594 2 1 885.529 44.9479 19.7012 4 3 0.055433 2.86481e-05 12.4611 2 
1.5075 -2.77418e-05 -1 0.786572 0.21823 0.000652601 60.8668 2.49797e+06 3 44523.7 81.8107 8.16445 2 1 1451.02 30.4634 47.6315 4 3 0.0506638 2.78239e-05 12.2112 2 
1.50815 -2.77195e-05 -1 0.786715 0.21817 0.000652601 60.8969 2.49781e+06 3 64147.3 96.2394 8.73525 2 1 1099.49 39.0458 28.159 4 3 0.048707 2.65481e-05 12.242 2 
1.50881 -2.77701e-05 -1 0.786857 0.218146 0.000652601 60.9257 2.49771e+06 4 195147 69.4984 7.27942 2 1 969.353 45.4383 21.3334 4 3 0.0459572 2.79595e-05 11.8016 2 
1.50946 -2.76996e-05 -1 0.786999 0.218121 0.000652601 60.9521 2.4977e+06 3 61975.3 115.79 8.11926 2 1 1022.19 35.0735 29.1441 4 3 0.0460014 2.603e-05 12.0902 2 
1.51011 -2.77617e-05 -1 0.787142 0.21807 0.000652601 60.9807 2.4976e+06 4 95312.6 88.7876 5.724 2 1 882.721 34.6863 25.4487 4 3 0.0466267 2.25808e-05 12.734 2 
1.51077 -2.76539e-05 -1 0.787284 0.218028 0.000652601 61.0097 2.49749e+06 4 209017 40.5498 8.47321 2 1 839.544 29.745 28.2247 4 3 0.0463456 2.2786e-05 12.6701 2 
1.51142 -2.76945e-05 -1 0.787426 0.217995 0.000652601 61.036 2.49749e+06 3 50078.1 112.496 7.6355 2 1 1524.43 31.6218 48.2082 4 3 0.0475414 2.28444e-05 12.7673 2 
1.51207 -2.78651e-05 -1 0.787569 0.217955 0.000652601 61.0625 2.49748e+06 3 123485 110.454 10.3787 2 1 693.144 53.159 13.0391 4 3 0.0532949 2.34306e-05 13.1513 2 
1.51272 -2.7915e-05 -1 0.787711 0.217905 0.000652601 61.093 2.4973e+06 3 209540 184.929 10.4253 2 1 946.978 39.469 23.993 4 3 0.0552066 2.38731e-05 13.2239 2 
1.51338 -2.79805e-05 -1 0.787853 0.217909 0.000652601 61.1193 2.4973e+06 3 42595.3 105.385 7.39369 2 1 1281.7 43.5348 29.4409 4 3 0.0509106 2.40906e-05 12.8328 2 
1.51403 -2.79859e-05 -1 0.787995 0.217868 0.000652601 61.1481 2.4972e+06 4 220758 50.7607 8.12077 2 1 729.915 31.4748 23.1905 4 3 0.051945 2.40561e-05 12.9253 2 
1.51468 -2.79316e-05 -1 0.788138 0.217833 0.000652601 61.1746 2.49719e+06 3 84183.6 149.844 8.25144 2 1 799.727 27.5766 29.0002 4 3 0.0511501 2.39444e-05 12.879 2 
1.51533 -2.78528e-05 -1 0.78828 0.217805 0.000652601 61.2011 2.49718e+06 3 170778 195.47 9.55984 2 1 707.266 34.9693 20.2253 4 3 0.0610005 2.43489e-05 13.5816 2 
1.51599 -2.79341e-05 -1 0.788422 0.217774 0.000652601 61.2276 2.49716e+06 3 141577 139.74 10.0436 2 1 1208.84 42.8037 28.2415 4 3 0.0589109 2.41179e-05 13.4674 2 
1.51664 -2.79656e-05 -1 0.788564 0.217729 0.000652601 61.2543 2.49715e+06 3 45338.3 107.189 7.50653 2 1 1216.06 58.7322 20.7051 4 3 0.0578236 2.39384e-05 13.4174 2 
1.51729 -2.79977e-05 -1 0.788706 0.217743 0.000652601 61.2806 2.49715e+06 3 80858 132.418 8.48382 2 1 1057.91 33.9231 31.1856 4 3 0.0572445 2.36606e-05 13.4247 2 
1.51794 -2.78961e-05 -1 0.788848 0.217653 0.000652601 61.3114 2.49696e+06 3 111423 173.966 8.61992 2 1 969.545 38.5929 25.1223 4 3 0.0560873 2.39164e-05 13.2858 2 
1.5186 -2.78799e-05 -1 0.78899 0.217635 0.000652601 61.3379 2.49695e+06 3 44350.5 91.0137 7.8692 2 1 886.367 66.5913 13.3106 4 3 0.0550173 3.62101e-05 11.4963 2 
1.51925 -2.78438e-05 -1 0.789132 0.217626 0.000652601 61.3671 2.49683e+06 3 44193.7 85.6607 8.02035 2 1 856.393 27.5634 31.0699 4 4 0.0532732 2.48658e-05 6.80341 2 
1.5199 -2.78489e-05 -1 0.789274 0.217568 0.000652601 61.4005 2.49654e+06 4 75933.3 40.61 6.57582 2 1 860.785 43.3666 19.849 4 4 0.051995 3.64989e-05 6.14357 2 
1.52055 -2.78146e-05 -1 0.789416 0.217541 0.000652601 61.4305 2.49638e+06 3 81971.3 182.502 7.65829 2 1 668.501 33.4559 19.9815 4 4 0.0512404 3.23103e-05 6.31056 2 
1.52121 -2.77767e-05 -1 0.789558 0.217528 0.000652601 61.46 2.49625e+06 3 43762.4 112.371 7.30269 2 1 1070.38 28.7651 37.2111 4 4 0.0509269 2.93891e-05 6.45194 2 
1.52186 -2.78357e-05 -1 0.789699 0.217475 0.000652601 61.4937 2.49595e+06 3 49095.7 78.9869 8.5342 2 1 675.946 24.3706 27.7361 4 4 0.0503255 2.51288e-05 6.68966 2 
1.52251 -2.79076e-05 -1 0.789841 0.217447 0.000652601 61.5206 2.49593e+06 3 68469.9 125.397 8.17343 2 1 759.469 32.0165 23.7211 4 3 0.0497696 9.72005e-05 8.00016 2 
1.52316 -2.78903e-05 -1 0.789983 0.217409 0.000652601 61.5493 2.49582e+06 3 100406 127.277 9.23996 2 1 738.985 25.1037 29.4373 4 3 0.0490449 9.41321e-05 8.04672 2 
1.52382 -2.78771e-05 -1 0.790125 0.217391 0.000652601 61.5767 2.49578e+06 3 182709 147.702 10.7347 2 1 691.803 47.1907 14.6598 4 3 0.0483312 8.72674e-05 8.21218 2 
1.52447 -2.79822e-05 -1 0.790266 0.217347 0.000652601 61.6036 2.49576e+06 3 63109.3 142.615 7.62037 2 1 946.764 49.758 19.0274 4 3 0.0480621 7.6473e-05 8.56574 2 
1.52512 -2.7973e-05 -1 0.790408 0.217305 0.000652601 61.6305 2.49573e+06 3 45075.8 126.865 7.08272 2 1 906.977 34.4515 26.3262 4 3 0.0539448 6.89058e-05 9.21647 2 
1.52578 -2.80615e-05 -1 0.79055 0.21729 0.000652601 61.6574 2.4957e+06 3 156671 108.775 11.2933 2 1 983.242 43.5735 22.5652 4 3 0.0552403 6.7825e-05 9.33875 2 
1.52643 -2.80737e-05 -1 0.790692 0.21725 0.000652601 61.6842 2.49568e+06 3 78109.3 140.691 8.21886 2 1 975.159 41.0903 23.7321 4 3 0.0557216 6.81502e-05 9.35087 2 
1.52708 -2.80321e-05 -1 0.790834 0.217214 0.000652601 61.7153 2.49548e+06 3 57636.5 146.548 7.32665 2 1 968.213 38.9278 24.872 4 3 0.0564615 6.45685e-05 9.56263 2 
1.52773 -2.80399e-05 -1 0.790976 0.217166 0.000652601 61.7422 2.49546e+06 3 89972.2 102.517 9.57424 2 1 852.021 26.2155 32.5007 4 3 0.0567096 5.38963e-05 10.1711 2 
1.52839 -2.79824e-05 -1 0.791117 0.217152 0.000652601 61.7692 2.49543e+06 3 49038.2 124.885 7.32277 2 1 686.99 35.3045 19.459 4 3 0.05682 4.99689e-05 10.4376 2 
1.52904 -2.79905e-05 -1 0.791259 0.217115 0.000652601 61.7963 2.4954e+06 3 45380.2 129.396 7.05205 2 1 1215.63 35.9166 33.8459 4 3 0.0564101 4.7892e-05 10.5608 2 
1.52969 -2.79682e-05 -1 0.791401 0.217067 0.000652601 61.8255 2.49528e+06 4 43610 42.3572 5.66454 2 1 963.631 24.3493 39.5754 4 3 0.0561182 4.9142e-05 10.4524 2 
1.53034 -2.79709e-05 -1 0.791543 0.217031 0.000652601 61.8548 2.49515e+06 4 216603 58.1438 7.8125 2 1 878.118 24.2104 36.2703 4 3 0.055423 4.92809e-05 10.3993 2 
1.531 -2.80361e-05 -1 0.791684 0.216999 0.000652601 61.8818 2.49513e+06 3 85577.6 97.258 9.58249 2 1 846.926 31.9873 26.4769 4 3 0.0550424 4.87391e-05 10.4137 2 
1.53165 -2.80908e-05 -1 0.791826 0.216967 0.000652601 61.9129 2.49493e+06 3 44894.5 100.865 7.63515 2 1 855.803 24.2698 35.2621 4 3 0.0554241 4.48648e-05 10.7299 2 
1.5323 -2.82133e-05 -1 0.791967 0.216942 0.000652601 61.9424 2.4948e+06 4 154557 37.3128 8.02246 2 1 969.167 32.2764 30.0271 4 3 0.056121 3.96539e-05 11.2274 2 
1.53295 -2.82137e-05 -1 0.792109 0.216916 0.000652601 61.9695 2.49477e+06 3 74634.7 183.984 7.40264 2 1 865.81 22.5992 38.3115 4 3 0.0622611 3.55649e-05 12.0522 2 
1.53361 -2.81818e-05 -1 0.792251 0.216874 0.000652601 62.0007 2.49457e+06 3 43287.7 117.655 7.16558 2 1 867.537 28.8475 30.0732 4 3 0.0645172 3.25815e-05 12.5575 2 
1.53426 -2.81731e-05 -1 0.792392 0.216848 0.000652601 62.0279 2.49453e+06 3 77984.4 130.967 8.41297 2 1 679.058 21.4956 31.5905 4 3 0.0646213 3.55786e-05 12.201 2 
1.53491 -2.81537e-05 -1 0.792533 0.216799 0.000652601 62.0554 2.49448e+06 3 137232 140.15 9.93013 2 1 1386.45 16.949 81.8016 4 3 0.0655689 3.47317e-05 12.3592 2 
1.53556 -2.8237e-05 -1 0.792675 0.216781 0.000652601 62.0851 2.49434e+06 4 202546 35.7765 8.67424 2 1 1001.39 37.2114 26.9109 4 3 0.0655701 3.40162e-05 12.4453 2 
1.53622 -2.82375e-05 -1 0.792816 0.216747 0.000652601 62.117 2.49412e+06 3 44469.2 108.618 7.42538 2 1 1007.18 42.4744 23.7128 4 3 0.0656919 3.47632e-05 12.3632 2 
1.53687 -2.82554e-05 -1 0.792958 0.216723 0.000652601 62.1445 2.49407e+06 3 72109.6 162.226 7.63175 2 1 1243.13 23.3277 53.2899 4 3 0.0655021 3.37156e-05 12.4779 2 
1.53752 -2.83258e-05 -1 0.793099 0.216658 0.000652601 62.1728 2.49399e+06 3 215463 214.391 10.0166 2 1 964.264 27.351 35.2552 4 3 0.0653113 3.08052e-05 12.8466 2 
1.53817 -2.84801e-05 -1 0.79324 0.216647 0.000652601 62.2056 2.49373e+06 4 223093 36.5801 8.83711 2 1 2550.38 42.2694 60.3364 4 3 0.0648237 2.53211e-05 13.6799 2 
1.53883 -2.85445e-05 -1 0.793381 0.216609 0.000652601 62.2348 2.49361e+06 3 68013.7 73.0113 9.76642 2 1 1428.83 47.4329 30.1232 4 3 0.064635 2.22147e-05 14.2761 2 
1.53948 -2.85625e-05 -1 0.793522 0.216581 0.000652601 62.2626 2.49355e+06 3 44313.3 79.7261 8.22201 2 1 1405.52 40.1305 35.0236 4 3 0.0638153 2.07949e-05 14.5319 2 
1.54013 -2.86031e-05 -1 0.793664 0.216548 0.000652601 62.2944 2.49333e+06 3 71780.6 122.502 8.36799 2 1 810.253 22.3529 36.2482 4 3 0.0633069 2.43252e-05 13.7551 2 
1.54079 -2.85626e-05 -1 0.793805 0.21653 0.000652601 62.3222 2.49327e+06 3 96374.1 142.39 8.77999 2 1 1539.77 40.4931 38.0254 4 3 0.0623397 2.43271e-05 13.6844 2 
1.54144 -2.86166e-05 -1 0.793946 0.216478 0.000652601 62.3501 2.4932e+06 3 43229.6 123.012 7.05685 2 1 962.12 24.1505 39.8386 4 3 0.0615058 2.28937e-05 13.9017 2 
1.54209 -2.8698e-05 -1 0.794087 0.216455 0.000652601 62.3779 2.49314e+06 3 125571 127.245 9.95595 2 1 1101.31 32.1561 34.249 4 3 0.060483 2.35164e-05 13.7011 2 
1.54274 -2.88267e-05 -1 0.794229 0.216413 0.000652601 62.4057 2.49308e+06 3 44512.1 101.879 7.58807 2 1 785.594 30.0079 26.1796 4 3 0.0595085 2.35199e-05 13.6264 2 
1.5434 -2.88116e-05 -1 0.79437 0.216395 0.000652601 62.4335 2.49302e+06 3 52804.5 48.7106 10.2726 2 1 727.491 26.9634 26.9807 4 3 0.0583012 2.49013e-05 13.2786 2 
1.54405 -2.88635e-05 -1 0.794511 0.216338 0.000652601 62.4611 2.49297e+06 3 176295 88.0123 12.6057 2 1 794.562 21.7483 36.5345 4 3 0.0571788 2.28886e-05 13.5687 2 
1.5447 -2.90237e-05 -1 0.794653 0.216347 0.000652601 62.4929 2.49275e+06 3 89408.4 108.316 9.38054 2 1 953.058 28.3463 33.6219 4 3 0.0560071 1.88218e-05 14.3834 2 
1.54535 -2.90909e-05 -1 0.794794 0.216338 0.000652601 62.5208 2.49268e+06 3 145716 132.78 10.3147 2 1 1052.51 26.3116 40.0016 4 3 0.0544904 1.77397e-05 14.5364 2 
1.54601 -2.9092e-05 -1 0.794935 0.216254 0.000652601 62.553 2.49245e+06 4 216691 41.2124 8.51536 2 1 1158.47 28.3923 40.8021 4 3 0.0531427 1.85792e-05 14.1951 2 
1.54666 -2.91062e-05 -1 0.795076 0.216217 0.000652601 62.5808 2.49239e+06 3 55492.3 105.098 8.0825 2 1 1058.37 32.4066 32.6591 4 3 0.0521576 1.88788e-05 14.0318 2 
1.54731 -2.91916e-05 -1 0.795217 0.216182 0.000652601 62.6085 2.49233e+06 3 42719.1 121.99 7.04854 2 1 1070.49 31.1772 34.3357 4 3 0.0514223 1.9087e-05 13.9146 2 
1.54796 -2.92041e-05 -1 0.795359 0.216148 0.000652601 62.6362 2.49228e+06 3 115754 151.615 9.13969 2 1 2606.95 63.6777 40.9397 4 3 0.0511902 1.92564e-05 13.8528 2 
1.54862 -2.92189e-05 -1 0.7955 0.216127 0.000652601 62.6638 2.49223e+06 3 44013.3 108.176 7.41 2 1 878.264 38.1218 23.0384 4 3 0.0529732 1.90177e-05 14.0702 2 
1.54927 -2.92222e-05 -1 0.795641 0.216094 0.000652601 62.6956 2.49201e+06 3 43755.5 154.104 6.57263 2 1 1157.49 32.8706 35.2136 4 3 0.0503466 1.92175e-05 13.7856 2 
1.54992 -2.92974e-05 -1 0.795782 0.216049 0.000652601 62.7234 2.49195e+06 3 44496.8 102.679 7.56743 2 1 969.241 68.9471 14.0578 4 3 0.0497729 1.95094e-05 13.6642 2 
1.55057 -2.93217e-05 -1 0.795923 0.216021 0.000652601 62.7536 2.49179e+06 4 198853 35.585 8.64602 2 1 904.398 36.1709 25.0035 4 3 0.0492359 2.00736e-05 13.4861 2 
1.55123 -2.93545e-05 -1 0.796064 0.215991 0.000652601 62.7812 2.49174e+06 3 193115 150.312 10.8711 2 1 760.567 29.6844 25.6218 4 3 0.0488142 2.02589e-05 13.4063 2 
1.55188 -2.91985e-05 -1 0.796204 0.215956 0.000652601 62.8088 2.49169e+06 3 44400.6 54.106 9.36227 2 1 855.937 60.1533 14.2292 4 3 0.0488535 1.98708e-05 13.4967 2 
1.55253 -2.9216e-05 -1 0.796345 0.215919 0.000652601 62.837 2.49161e+06 3 42973.3 90.5506 7.80014 2 1 1028.76 46.6387 22.058 4 3 0.0485119 1.96528e-05 13.5148 2 
1.55318 -2.9197e-05 -1 0.796486 0.215894 0.000652601 62.8676 2.49144e+06 4 136673 50.1269 7.22609 2 1 1873.94 60.6834 30.8806 4 3 0.0481974 2.00999e-05 13.3847 2 
1.55384 -2.918e-05 -1 0.796627 0.215877 0.000652601 62.8977 2.49129e+06 3 100418 77.9635 10.8803 2 1 897.492 27.8286 32.2507 4 3 0.0476248 2.05177e-05 13.2404 2 
1.55449 -2.92563e-05 -1 0.796767 0.215828 0.000652601 62.9255 2.49123e+06 3 43737.9 60.948 8.95295 2 1 952.29 38.9555 24.4456 4 3 0.0509618 2.0961e-05 13.4466 2 
1.55514 -2.93137e-05 -1 0.796908 0.215796 0.000652601 62.9533 2.49117e+06 3 157573 129.911 10.6646 2 1 854.124 37.6335 22.6958 4 3 0.0533361 2.1097e-05 13.6228 2 
1.55579 -2.93434e-05 -1 0.797049 0.21576 0.000652601 62.981 2.49112e+06 3 63930.4 87.7521 8.99808 2 1 1197.92 35.6798 33.574 4 3 0.0578379 2.05076e-05 14.1286 2 
1.55645 -2.93788e-05 -1 0.79719 0.215719 0.000652601 63.0088 2.49106e+06 3 68530.1 124.011 8.20618 2 1 1332.85 39.9921 33.3278 4 3 0.0521057 1.98883e-05 13.7857 2 
1.5571 -2.93953e-05 -1 0.79733 0.215694 0.000652601 63.0367 2.491e+06 3 202396 170.402 10.5903 2 1 1037.4 35.2386 29.4394 4 3 0.0498118 1.91415e-05 13.7547 2 
1.55775 -2.94859e-05 -1 0.797471 0.215661 0.000652601 63.0645 2.49094e+06 3 96595.9 84.0504 10.4747 2 1 981.672 50.7969 19.3254 4 3 0.0496087 2.24939e-05 13.0166 2 
1.55841 -2.9533e-05 -1 0.797612 0.215633 0.000652601 63.0964 2.49072e+06 3 43995.9 122.279 7.11246 2 1 1126.81 45.8657 24.5675 4 3 0.0498274 8.09054e-05 8.50805 2 
1.55906 -2.96004e-05 -1 0.797752 0.215596 0.000652601 63.1293 2.49046e+06 4 216630 35.0903 8.86406 2 1 975.521 49.9761 19.5198 4 4 0.0496252 2.12356e-05 6.95279 2 
1.55971 -2.96063e-05 -1 0.797893 0.215572 0.000652601 63.1599 2.49029e+06 3 51164.6 230.678 6.05324 2 1 890.867 36.6649 24.2975 4 4 0.0508391 1.95727e-05 7.13899 2 
1.56036 -2.9623e-05 -1 0.798034 0.215523 0.000652601 63.1877 2.49023e+06 3 120455 95.293 10.8124 2 1 769.327 28.7882 26.7237 4 3 0.0521493 8.78713e-05 8.40363 2 
1.56102 -2.96461e-05 -1 0.798175 0.215496 0.000652601 63.2155 2.49017e+06 3 216654 228.576 9.82303 2 1 1047.43 24.0073 43.6298 4 3 0.057813 7.52938e-05 9.15705 2 
1.56167 -2.95482e-05 -1 0.798315 0.215463 0.000652601 63.2434 2.49011e+06 3 88226.2 97.0054 9.68874 2 1 1094.43 75.3096 14.5324 4 3 0.0542302 6.62539e-05 9.35427 2 
1.56232 -2.9553e-05 -1 0.798456 0.21543 0.000652601 63.2712 2.49005e+06 3 228049 214.713 10.2029 2 1 1292.63 91.5591 14.118 4 3 0.0554476 6.39184e-05 9.53716 2 
1.56297 -2.96201e-05 -1 0.798597 0.215402 0.000652601 63.303 2.48984e+06 3 43719.1 118.542 7.17133 2 1 894.936 41.2386 21.7014 4 3 0.0540521 5.91304e-05 9.70512 2 
1.56363 -2.96555e-05 -1 0.798737 0.215386 0.000652601 63.3309 2.48977e+06 3 172139 170.24 10.037 2 1 2067.34 52.295 39.5323 4 3 0.0637853 5.08348e-05 10.7858 2 
1.56428 -2.97583e-05 -1 0.798878 0.215336 0.000652601 63.3611 2.48962e+06 4 140320 72.3418 6.63639 2 1 908.845 38.7428 23.4584 4 3 0.0652627 4.73025e-05 11.1325 2 
1.56493 -2.98637e-05 -1 0.799018 0.215298 0.000652601 63.3888 2.48957e+06 3 81505.4 148.166 8.19369 2 1 1082.15 35.041 30.8825 4 3 0.0624251 4.59001e-05 11.0794 2 
1.56558 -2.98853e-05 -1 0.799159 0.215272 0.000652601 63.4165 2.48951e+06 3 105676 233.447 7.67825 2 1 1099.61 28.4815 38.608 4 3 0.0610186 4.63178e-05 10.9624 2 
1.56624 -2.99623e-05 -1 0.799299 0.215245 0.000652601 63.4442 2.48946e+06 3 107904 161.595 8.74051 2 1 967.331 39.7022 24.3647 4 3 0.0595415 4.34594e-05 11.1065 2 
1.56689 -2.98875e-05 -1 0.79944 0.215213 0.000652601 63.4734 2.48935e+06 3 52267.9 112.549 7.74398 2 1 935.127 44.0431 21.2321 4 3 0.0581156 3.74698e-05 11.5754 2 
1.56754 -2.98873e-05 -1 0.79958 0.215176 0.000652601 63.5054 2.48913e+06 3 43205.6 53.4793 9.31361 2 1 921.132 49.593 18.5738 4 3 0.0565134 3.41003e-05 11.834 2 
1.56819 -2.98745e-05 -1 0.799721 0.215131 0.000652601 63.5331 2.48907e+06 3 131496 196.303 8.74974 2 1 905.113 31.8809 28.3904 4 3 0.0546731 3.24245e-05 11.9024 2 
1.56885 -2.99353e-05 -1 0.799861 0.215106 0.000652601 63.5662 2.4888e+06 3 100486 148.635 8.77664 2 1 718.128 57.3326 12.5256 4 3 0.0529605 3.37328e-05 11.6225 2 
1.5695 -3.00612e-05 -1 0.800001 0.215083 0.000652601 63.5964 2.48865e+06 3 44987.6 135.113 6.93104 2 1 1281.49 57.5395 22.2714 4 3 0.0540058 3.3116e-05 11.7707 2 
1.57015 -3.00857e-05 -1 0.800141 0.215031 0.000652601 63.6265 2.48851e+06 3 68861.6 65.271 10.1801 2 1 729.727 46.5566 15.674 4 3 0.054684 3.34925e-05 11.7753 2 
1.5708 -3.00995e-05 -1 0.800282 0.215013 0.000652601 63.6565 2.48836e+06 3 102074 93.3469 10.3024 2 1 856.315 28.1115 30.4614 4 3 0.0579127 3.08899e-05 12.3306 2 
1.57146 -3.01742e-05 -1 0.800422 0.214972 0.000652601 63.6914 2.48803e+06 3 191935 203.237 9.81109 2 1 752.862 27.4184 27.4583 4 3 0.0595208 2.70138e-05 13.0125 2 
1.57211 -3.02434e-05 -1 0.800562 0.214937 0.000652601 63.7207 2.48791e+06 3 63501.9 56.8458 10.376 2 1 1205.67 49.607 24.3044 4 3 0.0598918 2.38221e-05 13.5976 2 
1.57276 -3.02825e-05 -1 0.800702 0.214908 0.000652601 63.7484 2.48786e+06 3 94504.1 218.906 7.55784 2 1 1158.63 57.9901 19.9799 4 3 0.06092 2.19856e-05 14.0456 2 
1.57342 -3.03731e-05 -1 0.800842 0.21484 0.000652601 63.7736 2.4879e+06 2 43299.1 233.719 13.6111 2 1 1035.99 26.2443 39.4749 4 3 0.0639648 2.40574e-05 13.8536 2 
1.57407 -3.05284e-05 -1 0.800983 0.214842 0.000652601 63.8014 2.48785e+06 3 155168 147.242 10.1763 2 1 1056.54 29.7562 35.5067 4 3 0.0661845 2.38707e-05 14.0485 2 
1.57472 -3.05106e-05 -1 0.801123 0.214814 0.000652601 63.8291 2.4878e+06 3 44113.7 59.2347 9.06426 2 1 1087.6 39.1159 27.8045 4 3 0.0664978 2.36576e-05 14.1128 2 
1.57537 -3.05062e-05 -1 0.801263 0.214792 0.000652601 63.8568 2.48774e+06 3 91080.6 161.251 8.26624 2 1 1023.71 41.1341 24.8872 4 3 0.067634 2.38084e-05 14.1627 2 
1.57603 -3.05657e-05 -1 0.801403 0.214745 0.000652601 63.8846 2.48768e+06 3 49643.2 110.099 7.66818 2 1 722.898 29.9371 24.1473 4 3 0.0676684 2.27715e-05 14.3769 2 
1.57668 -3.06672e-05 -1 0.801543 0.214715 0.000652601 63.9166 2.48747e+06 3 46007.4 50.3608 9.70312 2 1 1300.77 45.3671 28.6722 4 3 0.0682218 2.24178e-05 14.4914 2 
1.57733 -3.06953e-05 -1 0.801683 0.214691 0.000652601 63.9467 2.48732e+06 4 220679 49.2292 8.18248 2 1 997.993 30.3629 32.8689 4 3 0.0679959 2.29493e-05 14.3627 2 
1.57798 -3.06539e-05 -1 0.801824 0.214627 0.000652601 63.9748 2.48725e+06 3 202051 219.454 9.72834 2 1 935.84 36.9259 25.3437 4 3 0.0681261 2.32055e-05 14.3188 2 
1.57864 -3.07585e-05 -1 0.801964 0.214621 0.000652601 64.0049 2.48711e+06 4 147521 71.9977 6.72796 2 1 1441.91 68.1518 21.1574 4 3 0.0675583 2.32933e-05 14.261 2 
1.57929 -3.08401e-05 -1 0.802104 0.214589 0.000652601 64.0325 2.48706e+06 3 81860.1 81.2594 10.0246 2 1 1315.74 52.1501 25.2298 4 3 0.0672189 2.06403e-05 14.8226 2 
1.57994 -3.08557e-05 -1 0.802244 0.214556 0.000652601 64.0601 2.48701e+06 3 44676.3 128.446 7.03264 2 1 952.131 26.702 35.6577 4 3 0.0669489 1.74552e-05 15.6533 2 
1.58059 -3.08636e-05 -1 0.802384 0.214531 0.000652601 64.0878 2.48696e+06 3 38925.2 97.3327 7.36756 2 1 1052.13 27.2187 38.6546 4 3 0.0665316 1.58375e-05 16.1354 2 
1.58125 -3.08754e-05 -1 0.802524 0.214495 0.000652601 64.1157 2.4869e+06 3 43445.8 82.4018 8.07861 2 1 791 27.3332 28.9391 4 3 0.0657556 1.63846e-05 15.8915 2 
1.5819 -3.08918e-05 -1 0.802664 0.214461 0.000652601 64.1434 2.48684e+06 3 78936.9 116.717 8.77774 2 1 763.787 28.713 26.6007 4 3 0.065229 1.65432e-05 15.7982 2 
1.58255 -3.08427e-05 -1 0.802804 0.214425 0.000652601 64.171 2.48679e+06 3 141068 89.8421 11.6229 2 1 1139.01 29.6859 38.3686 4 3 0.0643625 1.71842e-05 15.5299 2 
1.5832 -3.08513e-05 -1 0.802944 0.214392 0.000652601 64.201 2.48666e+06 4 208410 45.3318 8.23434 2 1 1416.6 28.8542 49.0951 4 3 0.0638075 1.79198e-05 15.2702 2 
1.58386 -3.09281e-05 -1 0.803084 0.214367 0.000652601 64.2288 2.4866e+06 3 105429 212.685 7.9142 2 1 868.403 33.3981 26.0016 4 3 0.062625 1.98733e-05 14.6609 2 
1.58451 -3.10182e-05 -1 0.803223 0.214337 0.000652601 64.2588 2.48646e+06 4 220828 89.008 7.05759 2 1 2642.3 39.5272 66.8475 4 3 0.0618102 2.22554e-05 14.0564 2 
1.58516 -3.10585e-05 -1 0.803363 0.214304 0.000652601 64.2919 2.4862e+06 3 32578.7 60.9512 8.11554 2 1 1068.76 33.3114 32.084 4 3 0.0606835 2.35161e-05 13.7162 2 
1.58581 -3.10462e-05 -1 0.803503 0.214268 0.000652601 64.3222 2.48605e+06 4 226337 32.4755 9.13692 2 1 1074.01 34.1408 31.4584 4 3 0.0600685 2.37479e-05 13.6251 2 
1.58647 -3.11054e-05 -1 0.803643 0.214245 0.000652601 64.35 2.48599e+06 3 43189.8 116.83 7.177 2 1 1016.3 32.0144 31.745 4 3 0.059041 2.29687e-05 13.6985 2 
1.58712 -3.11034e-05 -1 0.803782 0.214212 0.000652601 64.3777 2.48594e+06 3 65305.2 113.344 8.32114 2 1 1473.03 31.4984 46.7653 4 3 0.0581379 2.30184e-05 13.6185 2 
1.58777 -3.10606e-05 -1 0.803922 0.214191 0.000652601 64.4055 2.48588e+06 3 44383.9 79.5991 8.23074 2 1 1513.68 32.5146 46.5538 4 3 0.0574125 2.452e-05 13.2789 2 
1.58842 -3.11046e-05 -1 0.804062 0.214142 0.000652601 64.4355 2.48574e+06 4 97822.4 89.4143 5.75119 2 1 711.398 34.4203 20.668 4 3 0.058009 2.52207e-05 13.2002 2 
1.58908 -3.11408e-05 -1 0.804201 0.214129 0.000652601 64.4631 2.48569e+06 3 59732.4 197.801 6.70904 2 1 1122.36 34.9933 32.0737 4 3 0.0576223 2.56588e-05 13.0954 2 
1.58973 -3.12021e-05 -1 0.804341 0.214078 0.000652601 64.4931 2.48555e+06 4 219022 67.2874 7.55333 2 1 846.38 43.0917 19.6414 4 3 0.0562098 2.51713e-05 13.0708 2 
1.59038 -3.11747e-05 -1 0.804481 0.214061 0.000652601 64.5209 2.4855e+06 3 82602.2 124.696 8.71726 2 1 777.907 28.5807 27.218 4 3 0.0545959 2.42936e-05 13.0985 2 
1.59104 -3.12673e-05 -1 0.80462 0.214021 0.000652601 64.5499 2.4854e+06 3 44139.9 88.2463 7.93801 2 1 858.417 41.2403 20.815 4 3 0.0531924 2.33394e-05 13.1599 2 
1.59169 -3.13116e-05 -1 0.80476 0.213986 0.000652601 64.5799 2.48526e+06 4 179986 82.5804 6.83267 2 1 788.14 39.6251 19.8899 4 3 0.0530331 2.21391e-05 13.3802 2 
1.59234 -3.11808e-05 -1 0.8049 0.21395 0.000652601 64.6077 2.4852e+06 3 90796 104.091 9.55473 2 1 886.317 31.8173 27.8565 4 3 0.053501 2.04679e-05 13.7751 2 
1.59299 -3.11393e-05 -1 0.805039 0.213926 0.000652601 64.6351 2.48516e+06 3 148254 129.697 10.4558 2 1 1002.53 40.416 24.8053 4 3 0.0539606 1.82402e-05 14.3554 2 
1.59365 -3.11829e-05 -1 0.805179 0.213907 0.000652601 64.6627 2.48512e+06 3 44055.5 147.662 6.68206 2 1 1297.2 44.9458 28.8614 4 3 0.0542732 1.56458e-05 15.1378 2 
1.5943 -3.12646e-05 -1 0.805319 0.213909 0.000652601 64.6921 2.485e+06 2 44207.5 198.605 14.9194 2 1 1112.05 39.3112 28.2883 4 3 0.054785 1.4936e-05 15.4221 2 
1.59495 -3.13883e-05 -1 0.805458 0.2138 0.000652601 64.7173 2.48504e+06 2 43868.2 205.69 14.6039 2 1 935.579 37.4841 24.9594 4 3 0.0551922 1.49029e-05 15.4716 2 
1.5956 -3.14595e-05 -1 0.805598 0.21379 0.000652601 64.745 2.48499e+06 3 43550.8 98.8867 7.60827 2 1 908.444 33.9267 26.7767 4 3 0.055609 1.74829e-05 14.7065 2 
1.59626 -3.14803e-05 -1 0.805737 0.213752 0.000652601 64.7725 2.48495e+06 3 111077 231.393 7.82994 2 1 908.367 28.683 31.6692 4 3 0.0561257 2.29346e-05 13.4759 2 
1.59691 -3.15169e-05 -1 0.805877 0.213733 0.000652601 64.8 2.48491e+06 3 39491.2 98.6457 7.37011 2 1 921.571 30.3569 30.3579 4 3 0.05682 2.84174e-05 12.5981 2 
1.59756 -3.15279e-05 -1 0.806016 0.213704 0.000652601 64.8275 2.48486e+06 3 79276.4 205.397 7.28087 2 1 978.731 29.3444 33.3532 4 3 0.057494 6.0963e-05 9.80661 2 
1.59821 -3.16259e-05 -1 0.806156 0.213674 0.000652601 64.8577 2.48472e+06 3 44204.5 116.475 7.24011 2 1 978.535 33.3159 29.3715 4 4 0.0632524 2.51012e-05 7.08509 2 
1.59887 -3.16159e-05 -1 0.806295 0.213628 0.000652601 64.8924 2.4844e+06 3 193889 124.317 11.5969 2 1 770.722 26.3217 29.2809 4 4 0.0648264 2.38647e-05 7.21936 2 
1.59952 -3.16674e-05 -1 0.806435 0.213607 0.000652601 64.9245 2.48418e+06 3 44045.4 104.345 7.5014 2 1 925.62 19.8707 46.5823 4 4 0.0648234 2.14939e-05 7.41061 2 
1.60017 -3.1669e-05 -1 0.806574 0.213577 0.000652601 64.9524 2.48412e+06 3 50312.5 153.559 6.89393 2 1 1017.87 28.5206 35.689 4 3 0.0659742 8.98055e-05 9.02313 2 
1.60082 -3.17309e-05 -1 0.806713 0.213543 0.000652601 64.9841 2.48392e+06 3 138298 136.288 10.0489 2 1 2165.75 51.8001 41.8097 4 3 0.0657906 7.87599e-05 9.41788 2 
1.60148 -3.18311e-05 -1 0.806853 0.213502 0.000652601 65.0125 2.48384e+06 3 101733 124.588 9.34678 2 1 889.878 33.8082 26.3214 4 3 0.0665458 7.08302e-05 9.79417 2 
1.60213 -3.17891e-05 -1 0.806992 0.213479 0.000652601 65.0401 2.4838e+06 3 42244.3 69.9499 8.45267 2 1 856.069 47.0197 18.2066 4 3 0.0662527 6.87906e-05 9.87548 2 
1.60278 -3.18158e-05 -1 0.807131 0.21345 0.000652601 65.0677 2.48375e+06 3 158602 95.2525 11.8525 2 1 972.168 38.9972 24.9292 4 3 0.0666992 6.04449e-05 10.3336 2 
1.60343 -3.18471e-05 -1 0.80727 0.213403 0.000652601 65.0954 2.4837e+06 3 44221.7 209.656 5.95264 2 1 1543.13 26.4463 58.3494 4 3 0.0665308 5.36006e-05 10.7469 2 
1.60409 -3.18857e-05 -1 0.807409 0.213382 0.000652601 65.1256 2.48355e+06 4 226814 32.3968 9.14729 2 1 1021.62 46.3355 22.0483 4 3 0.0669317 5.07124e-05 10.9691 2 
1.60474 -3.18822e-05 -1 0.807548 0.213353 0.000652601 65.1532 2.48351e+06 3 42307.7 82.1385 8.016 2 1 1120.57 56.2252 19.9301 4 3 0.0667429 5.14821e-05 10.9039 2 
1.60539 -3.19002e-05 -1 0.807688 0.213319 0.000652601 65.1807 2.48347e+06 3 76634.4 130.948 8.36454 2 1 923.501 30.2792 30.4995 4 3 0.0669988 5.02302e-05 11.0078 2 
1.60605 -3.19385e-05 -1 0.807827 0.213287 0.000652601 65.2083 2.48342e+06 3 92809.5 45.4124 12.6903 2 1 953.93 31.1678 30.6062 4 3 0.0669254 4.35752e-05 11.5376 2 
1.6067 -3.19675e-05 -1 0.807966 0.213253 0.000652601 65.2361 2.48336e+06 3 55530.4 95.7923 8.33809 2 1 2263.54 82.0995 27.5707 4 3 0.0671288 3.90311e-05 11.9812 2 
1.60735 -3.19763e-05 -1 0.808105 0.213217 0.000652601 65.2636 2.48332e+06 3 44298.2 94.6897 7.76297 2 1 986.13 22.8134 43.2258 4 3 0.0670417 3.67347e-05 12.2205 2 
1.608 -3.20206e-05 -1 0.808244 0.213197 0.000652601 65.2911 2.48328e+06 3 220827 133.545 11.8252 2 1 744.979 33.888 21.9836 4 3 0.0672064 3.74496e-05 12.1522 2 
1.60866 -3.2227e-05 -1 0.808383 0.213157 0.000652601 65.321 2.48315e+06 4 229610 80.1839 7.31519 2 1 1609.83 64.0123 25.1488 4 3 0.0671025 3.70537e-05 12.189 2 
1.60931 -3.20967e-05 -1 0.808523 0.213117 0.000652601 65.3486 2.4831e+06 3 43482.5 111.977 7.29562 2 1 985.687 84.8214 11.6207 4 3 0.0671682 3.72925e-05 12.1669 2 
1.60996 -3.20394e-05 -1 0.808662 0.213082 0.000652601 65.3762 2.48305e+06 3 84804 109.509 9.1831 2 1 963.089 43.6697 22.0539 4 3 0.0671482 3.57663e-05 12.3363 2 
1.61061 -3.20127e-05 -1 0.808801 0.213069 0.000652601 65.4035 2.48302e+06 3 43138.3 106.512 7.39868 2 1 790.192 32.8884 24.0265 4 3 0.0672199 3.15516e-05 12.8674 2 
1.61127 -3.20282e-05 -1 0.80894 0.213041 0.000652601 65.431 2.48298e+06 3 172030 171.368 10.0129 2 1 1088.61 28.7904 37.8114 4 3 0.0669331 2.79387e-05 13.3807 2 
1.61192 -3.21141e-05 -1 0.809079 0.213016 0.000652601 65.4584 2.48294e+06 3 140418 213.211 8.70037 2 1 1122.65 45.0037 24.9457 4 3 0.0664229 2.68643e-05 13.5222 2 
1.61257 -3.20336e-05 -1 0.809218 0.21297 0.000652601 65.4858 2.4829e+06 3 42762.2 82.5297 8.03187 2 1 1411.01 74.5118 18.9367 4 3 0.0657436 2.60416e-05 13.6164 2 
1.61322 -3.20314e-05 -1 0.809357 0.212936 0.000652601 65.5132 2.48286e+06 3 78593.9 101.526 9.182 2 1 1193.19 69.5498 17.1559 4 3 0.0666964 2.70334e-05 13.5124 2 
1.61388 -3.19856e-05 -1 0.809496 0.212898 0.000652601 65.5424 2.48276e+06 3 108816 193.615 8.25249 2 1 984.686 24.1091 40.8428 4 3 0.0671042 2.64254e-05 13.643 2 
1.61453 -3.20974e-05 -1 0.809635 0.212873 0.000652601 65.5728 2.48261e+06 3 43722.1 117.677 7.18903 2 1 962.088 39.8102 24.1668 4 3 0.0678313 2.65166e-05 13.6764 2 
1.61518 -3.21733e-05 -1 0.809774 0.212856 0.000652601 65.6002 2.48257e+06 3 43774 109.411 7.3686 2 1 2821.96 29.3131 96.2696 4 3 0.0675033 2.60566e-05 13.7342 2 
1.61583 -3.22284e-05 -1 0.809913 0.212822 0.000652601 65.6278 2.48252e+06 3 74072.9 62.9473 10.5575 2 1 936.74 27.4284 34.1522 4 3 0.0676436 2.41469e-05 14.0968 2 
1.61649 -3.22822e-05 -1 0.810052 0.21278 0.000652601 65.6552 2.48249e+06 3 43161.6 76.3912 8.26706 2 1 896.738 27.5369 32.565 4 3 0.0670486 2.32771e-05 14.2283 2 
1.61714 -3.22723e-05 -1 0.81019 0.212748 0.000652601 65.6826 2.48245e+06 3 43994.6 103.18 7.52664 2 1 967.161 28.7554 33.6341 4 3 0.0665633 2.3015e-05 14.2476 2 
1.61779 -3.22755e-05 -1 0.810329 0.212717 0.000652601 65.7133 2.48229e+06 3 43814.8 72.361 8.46004 2 1 734.714 31.8314 23.0814 4 3 0.0654992 2.28563e-05 14.204 2 
1.61844 -3.2297e-05 -1 0.810468 0.212685 0.000652601 65.7408 2.48224e+06 3 67183.3 128.698 8.05186 2 1 883.217 32.8355 26.8983 4 3 0.064575 2.25609e-05 14.1983 2 
1.6191 -3.22917e-05 -1 0.810606 0.212662 0.000652601 65.7682 2.48221e+06 3 187961 130.938 11.2807 2 1 804.085 24.4075 32.9443 4 3 0.0632296 2.2227e-05 14.1692 2 
1.61975 -3.22685e-05 -1 0.810745 0.212623 0.000652601 65.7979 2.48208e+06 4 230286 41.6468 8.62326 2 1 1058.7 30.7684 34.4087 4 3 0.0622479 2.20439e-05 14.1344 2 
1.6204 -3.22475e-05 -1 0.810884 0.212591 0.000652601 65.8254 2.48204e+06 3 62414.6 63.7922 9.9275 2 1 1072.94 33.846 31.7007 4 3 0.0616476 2.18861e-05 14.1226 2 
1.62105 -3.22398e-05 -1 0.811022 0.212562 0.000652601 65.8532 2.48199e+06 3 44180.3 68.5274 8.63883 2 1 2021.89 77.5526 26.0712 4 3 0.0609081 2.23801e-05 13.9617 2 
1.62171 -3.22301e-05 -1 0.811161 0.212531 0.000652601 65.8805 2.48195e+06 3 154254 116.799 10.9715 2 1 978.262 30.9859 31.5712 4 3 0.0601623 2.21272e-05 13.9572 2 
1.62236 -3.22649e-05 -1 0.811299 0.212489 0.000652601 65.9123 2.48175e+06 3 71775 131.31 8.17634 2 1 998.993 38.1663 26.1747 4 3 0.0598945 2.23402e-05 13.8921 2 
1.62301 -3.24339e-05 -1 0.811438 0.21247 0.000652601 65.9397 2.48171e+06 3 92622.5 89.0567 10.1317 2 1 798.024 45.8035 17.4228 4 3 0.0594521 2.18895e-05 13.9522 2 
1.62367 -3.25696e-05 -1 0.811577 0.212449 0.000652601 65.9673 2.48167e+06 3 52169.4 145.785 7.09961 2 1 1328.25 36.1895 36.7025 4 3 0.0591029 2.10334e-05 14.1113 2 
1.62432 -3.25978e-05 -1 0.811715 0.212406 0.000652601 65.9948 2.48163e+06 3 56959.8 117.899 7.84669 2 1 1035.77 27.1596 38.1364 4 3 0.0583694 2.07785e-05 14.1099 2 
1.62497 -3.25656e-05 -1 0.811854 0.212371 0.000652601 66.0248 2.48149e+06 4 201904 31.9764 8.91412 2 1 1027.76 28.4858 36.0798 4 3 0.0576286 2.05924e-05 14.0921 2 
1.62562 -3.25849e-05 -1 0.811993 0.212355 0.000652601 66.0523 2.48145e+06 3 120256 227.12 8.09003 2 1 969.994 27.7332 34.9759 4 3 0.0566231 2.04383e-05 14.0448 2 
1.62628 -3.24262e-05 -1 0.812131 0.212308 0.000652601 66.0797 2.48141e+06 3 41555.5 63.1587 8.69758 2 1 1069.73 43.9661 24.3309 4 3 0.0556553 2.10828e-05 13.8206 2 
1.62693 -3.2358e-05 -1 0.81227 0.212275 0.000652601 66.1111 2.48122e+06 3 83640.8 74.1241 10.4108 2 1 1090.92 59.5431 18.3215 4 3 0.0543457 2.2083e-05 13.5011 2 
1.62758 -3.24295e-05 -1 0.812409 0.212247 0.000652601 66.1387 2.48118e+06 3 42688.8 114.14 7.20485 2 1 997.477 26.7086 37.3466 4 3 0.0524195 2.34048e-05 13.0837 2 
1.62823 -3.24982e-05 -1 0.812547 0.212209 0.000652601 66.168 2.48108e+06 3 216543 199.098 10.2839 2 1 849.79 43.4195 19.5716 4 3 0.0550834 2.44644e-05 13.1068 2 
1.62889 -3.26061e-05 -1 0.812686 0.212181 0.000652601 66.1964 2.481e+06 3 44026.4 99.6832 7.61547 2 1 807.307 46.283 17.4428 4 3 0.0612385 2.50096e-05 13.4784 2 
1.62954 -3.26681e-05 -1 0.812825 0.212162 0.000652601 66.2239 2.48096e+06 3 220632 216.074 10.0698 2 1 1383.27 41.738 33.1418 4 3 0.0556363 2.67437e-05 12.7657 2 
1.63019 -3.2731e-05 -1 0.812963 0.212124 0.000652601 66.2513 2.48092e+06 3 170118 164.195 10.1188 2 1 2103.4 52.8833 39.7743 4 3 0.054402 2.82098e-05 12.4472 2 
1.63084 -3.27087e-05 -1 0.813101 0.21209 0.000652601 66.2765 2.48097e+06 2 9088.6 49.0141 13.6172 2 1 2290.3 46.0672 49.7165 4 3 0.0526579 2.60461e-05 12.6446 2 
1.6315 -3.27177e-05 -1 0.81324 0.212059 0.000652601 66.3062 2.48085e+06 4 230809 46.1065 8.41149 2 1 1064.12 44.8793 23.7107 4 3 0.0536706 2.46358e-05 12.9635 2 
1.63215 -3.27251e-05 -1 0.813378 0.212032 0.000652601 66.3336 2.48081e+06 3 43587.6 98.0238 7.63268 2 1 1071.78 37.1189 28.8744 4 3 0.0594546 2.4715e-05 13.3991 2 
1.6328 -3.27389e-05 -1 0.813516 0.211996 0.000652601 66.3609 2.48077e+06 3 126256 229.339 8.19581 2 1 2487.33 42.2826 58.8263 4 3 0.0618343 2.42673e-05 13.6585 2 
1.63345 -3.2718e-05 -1 0.813655 0.211972 0.000652601 66.3907 2.48065e+06 4 117289 38.9525 7.40765 2 1 952.067 28.1015 33.8796 4 3 0.0638595 2.38242e-05 13.8911 2 
1.63411 -3.27036e-05 -1 0.813793 0.211936 0.000652601 66.418 2.48061e+06 3 43308.9 82.4768 8.06767 2 1 924.957 28.94 31.9613 4 3 0.0628084 2.37684e-05 13.8252 2 
1.63476 -3.27047e-05 -1 0.813931 0.211908 0.000652601 66.4477 2.48049e+06 4 135480 36.3754 7.81209 2 1 947.517 29.5578 32.0564 4 3 0.0614474 2.38802e-05 13.7032 2 
1.63541 -3.26811e-05 -1 0.814069 0.211866 0.000652601 66.475 2.48046e+06 3 64399.9 115.089 8.24045 2 1 747.057 30.7517 24.2932 4 3 0.060007 2.47194e-05 13.4397 2 
1.63606 -3.2736e-05 -1 0.814207 0.211854 0.000652601 66.5068 2.48026e+06 3 109828 171.605 8.61776 2 1 1176.19 38.487 30.5607 4 3 0.0583906 2.49854e-05 13.2704 2 
1.63672 -3.26721e-05 -1 0.814345 0.211806 0.000652601 66.5343 2.48022e+06 3 42071.6 52.2552 9.30293 2 1 931.924 41.606 22.3988 4 3 0.0560414 2.54242e-05 13.0143 2 
1.63737 -3.26898e-05 -1 0.814483 0.211777 0.000652601 66.5636 2.48011e+06 3 126780 123.654 10.0836 2 1 1541.07 63.8421 24.1387 4 3 0.0546529 9.27287e-05 8.38429 2 
1.63802 -3.27466e-05 -1 0.814621 0.211756 0.000652601 66.5938 2.47997e+06 3 43326 78.2439 8.2117 2 1 766.063 46.8895 16.3376 4 4 0.0543207 2.0444e-05 7.1796 2 
1.63868 -3.27836e-05 -1 0.814759 0.211723 0.000652601 66.6213 2.47993e+06 3 181861 107.445 11.9175 2 1 922.506 26.1466 35.2821 4 3 0.0539647 9.71966e-05 8.21901 2 
1.63933 -3.28838e-05 -1 0.814898 0.211686 0.000652601 66.6489 2.47989e+06 3 42992.5 113.878 7.22743 2 1 1057.77 30.5637 34.6086 4 3 0.0533266 8.41024e-05 8.59103 2 
1.63998 -3.28915e-05 -1 0.815036 0.211651 0.000652601 66.6764 2.47985e+06 3 152359 151 10.0299 2 1 1225.38 33.4371 36.6472 4 3 0.0525117 7.24889e-05 8.98108 2 
1.64063 -3.30337e-05 -1 0.815174 0.211638 0.000652601 66.7064 2.47972e+06 3 105133 230.202 7.70093 2 1 1115.55 39.9774 27.9045 4 3 0.0522609 6.39001e-05 9.35173 2 
1.64129 -3.29598e-05 -1 0.815312 0.211598 0.000652601 66.7339 2.47968e+06 3 68131 108.595 8.56074 2 1 1154.88 45.705 25.2682 4 3 0.0533709 6.2553e-05 9.48459 2 
1.64194 -3.30364e-05 -1 0.81545 0.211564 0.000652601 66.7615 2.47963e+06 3 43633.4 97.2519 7.6555 2 1 1003.1 36.413 27.5478 4 3 0.0592425 5.68727e-05 10.137 2 
1.64259 -3.30934e-05 -1 0.815588 0.211542 0.000652601 66.7949 2.47937e+06 3 43281.5 93.2668 7.74209 2 1 940.992 26.968 34.8929 4 3 0.0593306 4.92885e-05 10.6376 2 
1.64324 -3.31992e-05 -1 0.815726 0.2115 0.000652601 66.8233 2.4793e+06 3 44100.4 89.8907 7.88695 2 1 807.41 27.1998 29.6844 4 3 0.0606598 4.58388e-05 10.9788 2 
1.6439 -3.32355e-05 -1 0.815865 0.211475 0.000652601 66.8529 2.47918e+06 4 151145 33.8872 8.17222 2 1 1222.71 24.6825 49.5377 4 3 0.0612077 4.49613e-05 11.083 2 
1.64455 -3.31978e-05 -1 0.816003 0.211438 0.000652601 66.8806 2.47914e+06 3 42370.7 114.409 7.18128 2 1 1081.87 35.8789 30.1534 4 3 0.0615954 4.53464e-05 11.0748 2 
1.6452 -3.31921e-05 -1 0.816141 0.211405 0.000652601 66.908 2.4791e+06 3 197774 221.471 9.6298 2 1 1007.04 38.949 25.8553 4 3 0.0615154 4.19883e-05 11.3576 2 
1.64585 -3.30189e-05 -1 0.816279 0.211378 0.000652601 66.9355 2.47906e+06 3 99779.5 181.785 8.18768 2 1 1630.59 73.4551 22.1985 4 3 0.0610066 3.60402e-05 11.9178 2 
1.64651 -3.29595e-05 -1 0.816417 0.211344 0.000652601 66.9655 2.47893e+06 4 231558 78.2521 7.37549 2 1 1377.01 82.4504 16.7011 4 3 0.0610958 3.31796e-05 12.2569 2 
1.64716 -3.28746e-05 -1 0.816555 0.211326 0.000652601 66.9969 2.47874e+06 3 74936.9 69.3908 10.2596 2 1 987.105 25.1768 39.207 4 3 0.0703175 3.2033e-05 12.9964 2 
1.64781 -3.2803e-05 -1 0.816693 0.211288 0.000652601 67.0244 2.47871e+06 3 47116.4 139.443 6.96506 2 1 918.004 39.9089 23.0025 4 3 0.0716198 3.28209e-05 12.9706 2 
1.64846 -3.28055e-05 -1 0.816831 0.211274 0.000652601 67.0518 2.47867e+06 3 135102 134.65 10.0112 2 1 850.685 30.4874 27.9029 4 3 0.0735019 3.21749e-05 13.1702 2 
1.64912 -3.27953e-05 -1 0.816969 0.211228 0.000652601 67.0791 2.47864e+06 3 166818 172.927 9.88084 2 1 783.242 24.352 32.1634 4 3 0.0736999 3.28774e-05 13.0875 2 
1.64977 -3.2853e-05 -1 0.817106 0.211204 0.000652601 67.1068 2.47859e+06 3 69256.5 104.029 8.73177 2 1 1509.57 49.1885 30.6894 4 3 0.0742605 2.95937e-05 13.589 2 
1.65042 -3.28181e-05 -1 0.817244 0.211165 0.000652601 67.1344 2.47855e+06 3 206515 105.498 12.5094 2 1 1328.6 53.4013 24.8795 4 3 0.0739525 2.60752e-05 14.1549 2 
1.65107 -3.2958e-05 -1 0.817382 0.211129 0.000652601 67.1618 2.47851e+06 3 65874.7 117.448 8.24691 2 1 993.141 39.9931 24.8328 4 3 0.0740022 2.30154e-05 14.7596 2 
1.65173 -3.3025e-05 -1 0.817519 0.211101 0.000652601 67.1892 2.47848e+06 3 94437.5 222.626 7.51374 2 1 1204.54 40.8031 29.5208 4 3 0.0734068 2.24053e-05 14.8523 2 
1.65238 -3.30488e-05 -1 0.817657 0.211077 0.000652601 67.219 2.47835e+06 4 232030 22.7273 10.0519 2 1 1054.59 24.7158 42.6685 4 3 0.072642 2.3411e-05 14.5855 2 
1.65303 -3.299e-05 -1 0.817795 0.21104 0.000652601 67.2466 2.47831e+06 3 230563 225.3 10.0773 2 1 1025.1 22.0747 46.438 4 3 0.0718883 2.32457e-05 14.5693 2 
1.65368 -3.27975e-05 -1 0.817932 0.211006 0.000652601 67.274 2.47828e+06 3 93989.9 140.535 8.74512 2 1 1511.36 64.7246 23.3506 4 3 0.0707823 2.28419e-05 14.5791 2 
1.65434 -3.2731e-05 -1 0.81807 0.210975 0.000652601 67.3013 2.47825e+06 3 32140.2 72.0475 7.64088 2 1 1932.31 56.2231 34.3686 4 3 0.0697914 2.33437e-05 14.406 2 
1.65499 -3.27086e-05 -1 0.818207 0.210948 0.000652601 67.3288 2.47821e+06 3 126508 81.153 11.595 2 1 678.3 46.4257 14.6104 4 3 0.0684295 2.79629e-05 13.4758 2 
1.65564 -3.27582e-05 -1 0.818345 0.210927 0.000652601 67.3563 2.47817e+06 3 53587 112.642 7.80644 2 1 1269.84 35.6594 35.6102 4 3 0.0668865 2.72582e-05 13.488 2 
1.6563 -3.27168e-05 -1 0.818482 0.210893 0.000652601 67.3838 2.47813e+06 3 31625.4 87.2103 7.13109 2 1 773.164 25.6175 30.181 4 3 0.0653027 2.6333e-05 13.5356 2 
1.65695 -3.27079e-05 -1 0.81862 0.210865 0.000652601 67.4136 2.47801e+06 4 204186 103.453 6.66531 2 1 788.402 31.3129 25.1782 4 3 0.0634803 2.51719e-05 13.6116 2 
1.6576 -3.25446e-05 -1 0.818757 0.210836 0.000652601 67.4411 2.47797e+06 3 178568 126.304 11.2235 2 1 804.145 38.8416 20.7032 4 3 0.0617906 2.3824e-05 13.7395 2 
1.65825 -3.24387e-05 -1 0.818895 0.210799 0.000652601 67.4687 2.47792e+06 3 149384 92.2667 11.7423 2 1 872.731 36.7637 23.7389 4 3 0.0602572 2.24113e-05 13.9053 2 
1.65891 -3.24315e-05 -1 0.819032 0.210752 0.000652601 67.4961 2.47789e+06 3 229358 186.15 10.7205 2 1 1037.8 55.0872 18.8393 4 3 0.0589877 2.07299e-05 14.1706 2 
1.65956 -3.24991e-05 -1 0.81917 0.210743 0.000652601 67.5234 2.47786e+06 3 43459.1 116.566 7.19731 2 1 1189.22 47.9854 24.7829 4 3 0.0573351 1.85287e-05 14.5722 2 
1.66021 -3.24636e-05 -1 0.819308 0.210698 0.000652601 67.5526 2.47776e+06 3 46049.1 79.6686 8.32999 2 1 1230.32 43.5536 28.2484 4 3 0.0571275 1.89793e-05 14.4385 2 
1.66086 -3.24581e-05 -1 0.819445 0.210679 0.000652601 67.5821 2.47764e+06 3 42005.9 103.596 7.40155 2 1 1053.52 32.4936 32.4222 4 3 0.0568234 1.95905e-05 14.2613 2 
1.66152 -3.25885e-05 -1 0.819583 0.210646 0.000652601 67.6115 2.47754e+06 3 108092 103.235 10.1544 2 1 970.174 36.6327 26.4838 4 3 0.0566237 2.03051e-05 14.0755 2 
1.66217 -3.26713e-05 -1 0.819721 0.21062 0.000652601 67.6419 2.47739e+06 3 42591 86.8066 7.88718 2 1 944.837 37.9618 24.8892 4 3 0.0569341 2.0979e-05 13.9486 2 
1.66282 -3.26814e-05 -1 0.819858 0.210585 0.000652601 67.6692 2.47736e+06 3 43772.1 114.678 7.25392 2 1 952.782 34.5941 27.5418 4 3 0.0577017 2.16872e-05 13.8568 2 
1.66347 -3.26859e-05 -1 0.819996 0.210556 0.000652601 67.6969 2.47732e+06 3 37701 99.8637 7.22739 2 1 1020.78 33.8858 30.124 4 3 0.0584605 2.23934e-05 13.7694 2 
1.66413 -3.26909e-05 -1 0.820133 0.21053 0.000652601 67.7242 2.47728e+06 3 73144.8 80.6789 9.6785 2 1 788.964 24.5106 32.1887 4 3 0.0592663 2.30907e-05 13.6917 2 
1.66478 -3.26821e-05 -1 0.820271 0.210498 0.000652601 67.7519 2.47724e+06 3 195812 191.743 10.0702 2 1 885.572 19.0428 46.5042 4 3 0.0600401 2.37747e-05 13.6179 2 
1.66543 -3.27504e-05 -1 0.820408 0.210469 0.000652601 67.7794 2.4772e+06 3 31285.6 69.3855 7.66818 2 1 1253.78 46.3903 27.0267 4 3 0.060975 2.44473e-05 13.5615 2 
1.66608 -3.27734e-05 -1 0.820545 0.210454 0.000652601 67.8091 2.47708e+06 3 136488 115.63 10.5684 2 1 1282.61 52.7189 24.3291 4 3 0.0616355 2.51109e-05 13.4893 2 
1.66674 -3.28529e-05 -1 0.820683 0.210426 0.000652601 67.8364 2.47705e+06 3 98058.7 128.128 9.14705 2 1 1053.69 28.6598 36.7653 4 3 0.062808 2.65441e-05 13.3255 2 
1.66739 -3.28683e-05 -1 0.82082 0.210378 0.000652601 67.8661 2.47694e+06 4 44435.3 108.933 4.4941 2 1 1002.97 36.5875 27.4128 4 3 0.0689064 2.98735e-05 13.2127 2 
1.66804 -3.28748e-05 -1 0.820957 0.210346 0.000652601 67.8959 2.47681e+06 4 159972 66.8471 6.99424 2 1 1582.74 41.6277 38.0214 4 3 0.0710659 3.13954e-05 13.13 2 
1.66869 -3.28052e-05 -1 0.821094 0.21031 0.000652601 67.9232 2.47678e+06 3 63088.6 183.704 7.0029 2 1 789.791 32.9969 23.9353 4 3 0.0711841 3.1302e-05 13.1503 2 
1.66935 -3.28153e-05 -1 0.821231 0.210285 0.000652601 67.9508 2.47674e+06 3 36568.5 96.6158 7.23357 2 1 1507.97 51.699 29.1682 4 3 0.0725748 3.15094e-05 13.2063 2 
1.67 -3.28264e-05 -1 0.821368 0.210259 0.000652601 67.9779 2.47672e+06 3 53706.7 111.861 7.83039 2 1 1090.89 34.1784 31.9174 4 3 0.0725382 3.11909e-05 13.2489 2 
1.67065 -3.28326e-05 -1 0.821505 0.210221 0.000652601 68.0095 2.47653e+06 3 203341 175.961 10.4939 2 1 1056.15 47.9014 22.0484 4 3 0.0732325 3.10905e-05 13.3053 2 
1.67131 -3.29537e-05 -1 0.821642 0.210203 0.000652601 68.0368 2.4765e+06 3 231738 205.033 10.4166 2 1 1056.99 59.4007 17.7942 4 3 0.0731555 3.10101e-05 13.3121 2 
1.67196 -3.3059e-05 -1 0.821779 0.210176 0.000652601 68.0642 2.47647e+06 3 62696.4 181.976 7.01041 2 1 1142.05 51.3554 22.2383 4 3 0.0737595 3.19253e-05 13.2199 2 
1.67261 -3.31086e-05 -1 0.821917 0.210148 0.000652601 68.0918 2.47642e+06 3 42788.3 165.179 6.37465 2 1 1203.32 27.0521 44.4816 4 3 0.0730473 3.21276e-05 13.1495 2 
1.67326 -3.31755e-05 -1 0.822054 0.210121 0.000652601 68.1193 2.47638e+06 3 118128 135.981 9.5417 2 1 789.734 39.9041 19.7908 4 3 0.0737241 3.25218e-05 13.1365 2 
1.67392 -3.32156e-05 -1 0.822191 0.210076 0.000652601 68.149 2.47627e+06 4 225301 41.8267 8.56698 2 1 2060.34 82.0931 25.0976 4 3 0.0734578 3.25986e-05 13.1103 2 
1.67457 -3.31192e-05 -1 0.822328 0.210041 0.000652601 68.1765 2.47623e+06 3 84241.4 104.536 9.3058 2 1 1587.43 42.2348 37.5859 4 3 0.0734559 3.21111e-05 13.1762 2 
1.67522 -3.30798e-05 -1 0.822465 0.21003 0.000652601 68.208 2.47605e+06 3 233581 198.166 10.5634 2 1 1196.08 38.5917 30.9931 4 3 0.0733111 3.15736e-05 13.2418 2 
1.67587 -3.27415e-05 -1 0.822602 0.209969 0.000652601 68.2367 2.47597e+06 3 35919.6 95.8926 7.20856 2 1 1184.77 47.5868 24.8969 4 3 0.0731618 3.18014e-05 13.2012 2 
1.67653 -3.26493e-05 -1 0.822739 0.209966 0.000652601 68.265 2.4759e+06 3 172708 134.545 10.868 2 1 1053.87 65.4565 16.1003 4 3 0.0728438 3.75869e-05 12.4677 2 
1.67718 -3.28852e-05 -1 0.822876 0.209927 0.000652601 68.2951 2.47577e+06 3 138442 77.4274 12.1374 2 1 910.788 48.0999 18.9353 4 4 0.0727426 2.1732e-05 7.60628 2 
1.67783 -3.30962e-05 -1 0.823013 0.2099 0.000652601 68.3229 2.47572e+06 2 10011.3 69.9867 11.9602 2 1 1185.22 29.689 39.9213 4 4 0.0722801 2.402e-05 7.40647 2 
1.67848 -3.3206e-05 -1 0.82315 0.209867 0.000652601 68.353 2.47559e+06 3 75443.4 97.0085 9.1961 2 1 1129.33 47.8773 23.588 4 4 0.0713196 2.2259e-05 7.5236 2 
1.67914 -3.32671e-05 -1 0.823287 0.209847 0.000652601 68.3802 2.47556e+06 3 104942 122.884 9.4875 2 1 1049.53 24.997 41.9861 4 3 0.0704341 9.45561e-05 9.06493 2 
1.67979 -3.33271e-05 -1 0.823424 0.209822 0.000652601 68.4117 2.47538e+06 3 43851.3 99.3406 7.6141 2 1 1010.25 30.8658 32.7304 4 3 0.0700337 8.20846e-05 9.48452 2 
1.68044 -3.33619e-05 -1 0.823561 0.209787 0.000652601 68.439 2.47535e+06 3 42719 99.0817 7.55456 2 1 1021.13 34.4324 29.6562 4 3 0.07004 7.1843e-05 9.91564 2 
1.68109 -3.33521e-05 -1 0.823698 0.209752 0.000652601 68.4663 2.47532e+06 3 71364.2 68.3702 10.1439 2 1 998.985 33.1537 30.1319 4 3 0.0707437 6.97469e-05 10.0474 2 
1.68175 -3.33933e-05 -1 0.823835 0.209727 0.000652601 68.4936 2.47529e+06 3 52089.6 81.555 8.61193 2 1 2321.41 72.2962 32.1097 4 3 0.0703818 6.2794e-05 10.3876 2 
1.6824 -3.34406e-05 -1 0.823972 0.209683 0.000652601 68.5209 2.47526e+06 3 43250.5 85.8677 7.95647 2 1 3327.21 81.9618 40.5946 4 3 0.0702391 5.57978e-05 10.7974 2 
1.68305 -3.34468e-05 -1 0.824109 0.209655 0.000652601 68.5481 2.47524e+06 3 61841.6 109.587 8.26368 2 1 786.839 23.5736 33.378 4 3 0.0694442 5.10308e-05 11.0816 2 
1.6837 -3.35037e-05 -1 0.824246 0.209636 0.000652601 68.5774 2.47513e+06 3 99143.1 82.9557 10.6122 2 1 918.72 33.9346 27.0733 4 3 0.0685592 5.05992e-05 11.0656 2 
1.68436 -3.35676e-05 -1 0.824382 0.209605 0.000652601 68.6047 2.47511e+06 3 189052 229.216 9.37805 2 1 868.937 33.5006 25.9379 4 3 0.0671181 5.067e-05 10.9824 2 
1.68501 -3.34543e-05 -1 0.824519 0.20957 0.000652601 68.6272 2.47525e+06 1 1662.35 189.714 8.7624 2 1 1159.71 63.0769 18.3857 4 3 0.0658079 4.63002e-05 11.2434 2 
1.68566 -3.33934e-05 -1 0.824655 0.209537 0.000652601 68.6545 2.47522e+06 3 235339 140.02 11.8896 2 1 1488.09 61.4114 24.2314 4 3 0.0639624 4.02443e-05 11.6701 2 
1.68631 -3.35167e-05 -1 0.824792 0.209525 0.000652601 68.6817 2.47519e+06 3 158015 170.679 9.74629 2 1 1064.88 69.8524 15.2447 4 3 0.0633278 3.739e-05 11.9201 2 
1.68697 -3.36755e-05 -1 0.824929 0.209488 0.000652601 68.7091 2.47516e+06 3 43754.5 118.844 7.16718 2 1 1222.99 43.1316 28.3549 4 3 0.062546 3.63926e-05 11.9783 2 
1.68762 -3.36814e-05 -1 0.825065 0.20946 0.000652601 68.7364 2.47513e+06 3 55344.2 152.305 7.13596 2 1 1125.23 50.2787 22.3799 4 3 0.0623969 3.67489e-05 11.93 2 
1.68827 -3.37511e-05 -1 0.825202 0.209426 0.000652601 68.7636 2.4751e+06 3 88852.6 81.8077 10.2792 2 1 854.811 43.818 19.5082 4 3 0.0619237 3.65094e-05 11.9257 2 
1.68893 -3.38046e-05 -1 0.825338 0.209392 0.000652601 68.791 2.47507e+06 3 51778.1 131.723 7.32535 2 1 2492.65 66.3823 37.5499 4 3 0.0614807 3.69433e-05 11.8504 2 
1.68958 -3.38389e-05 -1 0.825475 0.209368 0.000652601 68.8183 2.47504e+06 3 41830.8 101.37 7.44495 2 1 1079.35 30.0408 35.9294 4 3 0.0605992 3.28774e-05 12.2609 2 
1.69023 -3.38685e-05 -1 0.825612 0.209329 0.000652601 68.8455 2.47501e+06 3 203299 127.21 11.6915 2 1 1068.19 26.3939 40.471 4 3 0.0597284 2.91605e-05 12.6997 2 
1.69088 -3.39471e-05 -1 0.825748 0.209314 0.000652601 68.8733 2.47497e+06 3 115239 115.181 10.0017 2 1 1175.95 50.478 23.2962 4 3 0.0586478 2.64589e-05 13.0385 2 
1.69154 -3.39569e-05 -1 0.825885 0.209276 0.000652601 68.9038 2.47482e+06 4 225305 32.5862 9.11872 2 1 1266.23 52.8984 23.937 4 3 0.0572282 2.49015e-05 13.1966 2 
1.69219 -3.39943e-05 -1 0.826021 0.209248 0.000652601 68.9311 2.47479e+06 3 80492.7 65.4931 10.7116 2 1 1973.11 31.2808 63.0773 4 3 0.0555419 2.72479e-05 12.6793 2 
1.69284 -3.4035e-05 -1 0.826158 0.209208 0.000652601 68.9586 2.47476e+06 3 80260.9 95.3447 9.44211 2 1 1135.87 26.5436 42.7924 4 3 0.0545369 2.6224e-05 12.7643 2 
1.69349 -3.40121e-05 -1 0.826294 0.209187 0.000652601 68.9861 2.47472e+06 3 43530 75.1102 8.33739 2 1 871.663 34.1217 25.5458 4 3 0.057452 2.61513e-05 12.9998 2 
1.69415 -3.40379e-05 -1 0.826431 0.20916 0.000652601 69.0187 2.4745e+06 4 233048 49.4926 8.28373 2 1 794.002 17.58 45.165 4 3 0.063372 2.64806e-05 13.3759 2 
1.6948 -3.40711e-05 -1 0.826568 0.209118 0.000652601 69.0481 2.4744e+06 4 212811 184.723 5.82598 2 1 1480.67 29.1048 50.8737 4 3 0.0577347 2.48615e-05 13.2425 2 
1.69545 -3.39245e-05 -1 0.826704 0.209085 0.000652601 69.0762 2.47434e+06 3 166146 106.189 11.6092 2 1 1068.4 30.1725 35.4097 4 3 0.0557966 2.46393e-05 13.1319 2 
1.6961 -3.39131e-05 -1 0.826841 0.209063 0.000652601 69.1089 2.47412e+06 3 107314 189.329 8.27585 2 1 1224.66 51.7449 23.6673 4 3 0.0540392 2.26419e-05 13.3639 2 
1.69676 -3.38375e-05 -1 0.826977 0.209046 0.000652601 69.1388 2.474e+06 3 232284 140.596 11.8218 2 1 1212.62 61.5555 19.6996 4 3 0.0567008 2.15084e-05 13.8142 2 
1.69741 -3.39958e-05 -1 0.827113 0.209013 0.000652601 69.1677 2.47391e+06 3 31867.2 85.7746 7.18889 2 1 2876.9 77.6848 37.0329 4 3 0.062216 2.05948e-05 14.456 2 
1.69806 -3.40734e-05 -1 0.82725 0.208985 0.000652601 69.1966 2.47382e+06 3 69649 113.423 8.49973 2 1 1140.97 59.8018 19.0792 4 3 0.0659894 1.97199e-05 14.9574 2 
1.69871 -3.41329e-05 -1 0.827386 0.20895 0.000652601 69.2264 2.4737e+06 3 43135.6 86.1433 7.94093 2 1 1015.54 32.8343 30.9294 4 3 0.0652926 1.83704e-05 15.261 2 
1.69937 -3.4151e-05 -1 0.827523 0.208925 0.000652601 69.2571 2.47355e+06 3 44640 134.055 6.93127 2 1 984.869 31.8394 30.9324 4 3 0.063952 1.82181e-05 15.1979 2 
1.70002 -3.41445e-05 -1 0.827659 0.208903 0.000652601 69.287 2.47343e+06 3 43257.3 101.489 7.5257 2 1 993.112 32.4889 30.5677 4 3 0.0628349 1.82166e-05 15.1093 2 
1.70067 -3.42198e-05 -1 0.827796 0.208867 0.000652601 69.3154 2.47336e+06 3 63220 45.526 11.1566 2 1 997.196 26.858 37.1285 4 3 0.0611739 1.84011e-05 14.9248 2 
1.70132 -3.42748e-05 -1 0.827932 0.208835 0.000652601 69.3427 2.47334e+06 3 94711.5 119.27 9.26028 2 1 948.334 31.4392 30.1641 4 3 0.0589826 1.85638e-05 14.7012 2 
1.70198 -3.42584e-05 -1 0.828068 0.208818 0.000652601 69.37 2.47331e+06 3 127909 165.969 9.16836 2 1 894.461 32.3147 27.6797 4 3 0.0568614 1.7322e-05 14.8618 2 
1.70263 -3.42439e-05 -1 0.828204 0.208786 0.000652601 69.4015 2.47313e+06 3 58897 83.7835 8.89157 2 1 853.485 35.5256 24.0245 4 3 0.0581225 1.70867e-05 15.0393 2 
1.70328 -3.4317e-05 -1 0.82834 0.208747 0.000652601 69.4289 2.4731e+06 3 184245 224.398 9.36394 2 1 914.824 37.0615 24.6839 4 3 0.0593448 1.81945e-05 14.8302 2 
1.70394 -3.43433e-05 -1 0.828476 0.208717 0.000652601 69.4562 2.47307e+06 3 34295.2 45.9998 9.06761 2 1 2062.34 77.3274 26.6702 4 3 0.060597 1.88511e-05 14.7584 2 
1.70459 -3.43681e-05 -1 0.828612 0.208693 0.000652601 69.4835 2.47304e+06 3 152960 126.615 10.6504 2 1 1473.94 35.398 41.6391 4 3 0.061818 1.95718e-05 14.6722 2 
1.70524 -3.43225e-05 -1 0.828748 0.208657 0.000652601 69.5107 2.47301e+06 3 88943.6 121.23 9.01921 2 1 1263.69 41.6677 30.3279 4 3 0.0621801 2.10433e-05 14.3498 2 
1.70589 -3.42212e-05 -1 0.828884 0.208626 0.000652601 69.5381 2.47298e+06 3 59884.4 98.6802 8.46632 2 1 1197.81 34.2556 34.9669 4 3 0.0641708 2.2094e-05 14.2677 2 
1.70655 -3.44033e-05 -1 0.829021 0.208608 0.000652601 69.5672 2.47289e+06 3 50146 115.059 7.58179 2 1 1084.54 40.8343 26.5596 4 3 0.0644589 2.13028e-05 14.4638 2 
1.7072 -3.44681e-05 -1 0.829157 0.208576 0.000652601 69.597 2.47277e+06 3 45455.5 101.638 7.64734 2 1 972.169 39.2307 24.7808 4 3 0.0729391 2.07315e-05 15.2093 2 
1.70785 -3.45367e-05 -1 0.829293 0.208537 0.000652601 69.6244 2.47274e+06 3 44182.3 140.536 6.79966 2 1 893.603 37.6983 23.7041 4 3 0.0740744 2.08094e-05 15.2687 2 
1.7085 -3.46013e-05 -1 0.829429 0.208521 0.000652601 69.6517 2.47271e+06 3 112003 90.9455 10.7189 2 1 1242.45 30.3326 40.9607 4 3 0.0761899 2.08684e-05 15.3982 2 
1.70916 -3.47101e-05 -1 0.829565 0.208482 0.000652601 69.679 2.47269e+06 3 79789.2 72.2402 10.3369 2 1 1077.32 32.6848 32.961 4 3 0.0765488 2.08845e-05 15.4184 2 
1.70981 -3.47534e-05 -1 0.829701 0.208454 0.000652601 69.7086 2.47257e+06 4 240364 46.0817 8.49836 2 1 1077.49 31.1739 34.5638 4 3 0.0770929 2.07238e-05 15.4947 2 
1.71046 -3.47965e-05 -1 0.829837 0.208434 0.000652601 69.7358 2.47255e+06 3 44030.9 102.676 7.54102 2 1 1077.33 38.6142 27.8999 4 3 0.0770333 1.9357e-05 15.847 2 
1.71111 -3.48247e-05 -1 0.829973 0.208399 0.000652601 69.7653 2.47244e+06 4 201348 49.6373 7.98058 2 1 1162.6 23.6782 49.0999 4 3 0.0768575 1.75663e-05 16.3557 2 
1.71177 -3.48321e-05 -1 0.830109 0.208375 0.000652601 69.7925 2.47242e+06 3 43391.6 84.4994 8.00788 2 1 1029.52 28.9564 35.5542 4 3 0.0761659 1.76454e-05 16.2821 2 
1.71242 -3.48493e-05 -1 0.830245 0.20834 0.000652601 69.8197 2.47239e+06 3 75411.9 129.983 8.34035 2 1 998.967 36.7265 27.2002 4 3 0.0758955 1.79966e-05 16.1563 2 
1.71307 -3.47919e-05 -1 0.830381 0.208309 0.000652601 69.8492 2.47229e+06 4 134896 45.8093 7.36651 2 1 2376.71 52.0983 45.6197 4 3 0.0751038 1.83852e-05 15.9857 2 
1.71372 -3.48315e-05 -1 0.830517 0.20828 0.000652601 69.8765 2.47226e+06 3 165932 117.705 11.2127 2 1 976.053 41.4621 23.5409 4 3 0.074631 1.85234e-05 15.9123 2 
1.71438 -3.49141e-05 -1 0.830653 0.208259 0.000652601 69.9066 2.47213e+06 4 213664 50.7822 8.05388 2 1 1506.84 43.0937 34.9667 4 3 0.0734864 1.8213e-05 15.92 2 
1.71503 -3.49417e-05 -1 0.830789 0.208234 0.000652601 69.9337 2.47211e+06 3 68281.4 111.511 8.49169 2 1 1195.31 38.6762 30.9056 4 3 0.0724916 1.9102e-05 15.598 2 
1.71568 -3.49297e-05 -1 0.830925 0.208201 0.000652601 69.9609 2.47209e+06 3 42559 52.2561 9.33866 2 1 1236.82 35.9985 34.3577 4 3 0.0712116 1.99498e-05 15.2828 2 
1.71633 -3.49108e-05 -1 0.831061 0.208168 0.000652601 69.9966 2.47176e+06 4 232584 32.5838 9.19168 2 1 1082.1 37.9681 28.5001 4 3 0.0699458 2.86091e-05 13.4716 2 
1.71699 -3.4944e-05 -1 0.831197 0.20814 0.000652601 70.0262 2.47166e+06 4 234925 23.2705 10.0238 2 1 1014.83 39.8273 25.4807 4 3 0.0683596 9.82793e-05 8.86025 2 
1.71764 -3.49405e-05 -1 0.831333 0.208111 0.000652601 70.056 2.47154e+06 3 61729.6 165.961 7.19166 2 1 1092.97 40.197 27.1903 4 4 0.0668702 2.01274e-05 7.59209 2 
1.71829 -3.4907e-05 -1 0.831468 0.208089 0.000652601 70.0833 2.47151e+06 3 151755 214.435 8.91146 2 1 1586.63 32.0786 49.4607 4 3 0.065205 9.45051e-05 8.8364 2 
1.71894 -3.49036e-05 -1 0.831604 0.208048 0.000652601 70.1136 2.47138e+06 3 90044.6 115.147 9.21301 2 1 807.854 40.2171 20.0874 4 3 0.0671667 8.19473e-05 9.35851 2 
1.7196 -3.49545e-05 -1 0.83174 0.208017 0.000652601 70.1408 2.47135e+06 3 57308.4 100.86 8.2826 2 1 1399.46 36.9841 37.8396 4 3 0.0657764 7.08257e-05 9.75648 2 
1.72025 -3.48822e-05 -1 0.831875 0.207995 0.000652601 70.1703 2.47125e+06 4 230845 72.4858 7.5122 2 1 891.084 28.9006 30.8327 4 3 0.066021 6.31465e-05 10.1495 2 
1.7209 -3.47669e-05 -1 0.832011 0.207964 0.000652601 70.2016 2.47108e+06 3 115001 94.0371 10.6939 2 1 860.509 31.3869 27.4162 4 3 0.0660605 6.15707e-05 10.2374 2 
1.72156 -3.4751e-05 -1 0.832146 0.207935 0.000652601 70.2287 2.47106e+06 3 51835.1 102.016 7.97968 2 1 801.959 32.4934 24.6807 4 3 0.0661823 5.55834e-05 10.599 2 
1.72221 -3.47556e-05 -1 0.832282 0.207909 0.000652601 70.2582 2.47096e+06 4 175331 85.0483 6.73827 2 1 893.45 30.1677 29.6161 4 3 0.0662436 4.85991e-05 11.0876 2 
1.72286 -3.47187e-05 -1 0.832418 0.207873 0.000652601 70.2853 2.47093e+06 3 147295 186.624 9.24144 2 1 1139.21 30.3308 37.5597 4 3 0.06627 4.5005e-05 11.3768 2 
1.72351 -3.46497e-05 -1 0.832553 0.207837 0.000652601 70.3102 2.47099e+06 2 30930.9 190.179 12.7531 2 1 1258.26 51.9235 24.2329 4 3 0.066225 4.45244e-05 11.415 2 
1.72417 -3.46839e-05 -1 0.832689 0.20782 0.000652601 70.3374 2.47097e+06 3 44015.6 116.321 7.23296 2 1 1262.21 30.7398 41.061 4 3 0.0661546 4.48917e-05 11.3797 2 
1.72482 -3.46675e-05 -1 0.832824 0.207793 0.000652601 70.3646 2.47094e+06 3 41536.2 60.2827 8.83239 2 1 1124.22 25.6174 43.885 4 3 0.0660604 4.12688e-05 11.6979 2 
1.72547 -3.46319e-05 -1 0.83296 0.207759 0.000652601 70.3918 2.47092e+06 3 42570.1 100.589 7.5079 2 1 1020.7 26.1479 39.0356 4 3 0.0660033 3.54615e-05 12.3009 2 
1.72612 -3.45946e-05 -1 0.833096 0.20773 0.000652601 70.4188 2.4709e+06 3 108000 133.928 9.30787 2 1 988.435 22.9338 43.0994 4 3 0.0658303 3.27729e-05 12.6174 2 
1.72678 -3.45982e-05 -1 0.833231 0.207696 0.000652601 70.446 2.47088e+06 3 109652 101.429 10.2632 2 1 1043.65 20.305 51.3988 4 3 0.0657132 3.19212e-05 12.7211 2 
1.72743 -3.46165e-05 -1 0.833367 0.207697 0.000652601 70.4732 2.47086e+06 3 43421.9 126.907 6.99425 2 1 1089.99 39.2215 27.7906 4 3 0.0654735 3.26399e-05 12.6117 2 
1.72808 -3.47271e-05 -1 0.833502 0.207652 0.000652601 70.5002 2.47084e+06 3 42962.3 44.5885 9.87692 2 1 1813.84 36.9381 49.1048 4 3 0.0651474 3.21352e-05 12.6563 2 
1.72873 -3.47425e-05 -1 0.833638 0.207626 0.000652601 70.5274 2.47082e+06 3 197381 103.247 12.4111 2 1 853.161 21.326 40.0056 4 3 0.0649859 3.23364e-05 12.6195 2 
1.72939 -3.48213e-05 -1 0.833773 0.207606 0.000652601 70.5545 2.4708e+06 3 72061.6 75.0082 9.8673 2 1 1023.64 44.5285 22.9885 4 3 0.0647271 2.91263e-05 13.0497 2 
1.73004 -3.49292e-05 -1 0.833909 0.207574 0.000652601 70.5854 2.47064e+06 3 43392.6 112.106 7.28779 2 1 1197.27 42.9545 27.873 4 3 0.064312 2.55671e-05 13.5999 2 
1.73069 -3.49239e-05 -1 0.834044 0.207539 0.000652601 70.6146 2.47055e+06 3 134086 119.107 10.4028 2 1 1115.11 25.1396 44.3567 4 3 0.0639866 2.29533e-05 14.0739 2 
1.73134 -3.49527e-05 -1 0.83418 0.207513 0.000652601 70.6443 2.47044e+06 3 98444.1 91.5296 10.2457 2 1 1035.32 35.0267 29.5581 4 3 0.0635561 2.11414e-05 14.4325 2 
1.732 -3.49146e-05 -1 0.834315 0.207484 0.000652601 70.6711 2.47043e+06 3 162587 100.298 11.7471 2 1 988.129 49.7019 19.8811 4 3 0.0631287 2.33473e-05 13.9315 2 
1.73265 -3.47937e-05 -1 0.834451 0.20745 0.000652601 70.7023 2.47027e+06 3 49513.7 104.259 7.80197 2 1 1024.15 33.4767 30.5928 4 3 0.0625987 2.29585e-05 13.9704 2 
1.7333 -3.47106e-05 -1 0.834586 0.207423 0.000652601 70.7318 2.47016e+06 4 235883 45.4567 8.4874 2 1 1487.32 43.0607 34.54 4 3 0.0621744 2.27874e-05 13.9735 2 
1.73395 -3.47794e-05 -1 0.834722 0.207399 0.000652601 70.7589 2.47014e+06 3 209848 193.75 10.2696 2 1 1186.59 44.3545 26.7524 4 3 0.0615081 2.3047e-05 13.8709 2 
1.73461 -3.47722e-05 -1 0.834857 0.207372 0.000652601 70.786 2.47012e+06 3 60383.9 99.3047 8.47196 2 1 1147.42 62.3135 18.4137 4 3 0.061908 2.18052e-05 14.16 2 
1.73526 -3.47695e-05 -1 0.834992 0.207334 0.000652601 70.8131 2.4701e+06 3 41964.5 92.1074 7.69477 2 1 1213.56 54.387 22.3134 4 3 0.0631057 1.97587e-05 14.7266 2 
1.73591 -3.48044e-05 -1 0.835127 0.207317 0.000652601 70.8402 2.47008e+06 3 90235.8 69.6469 10.9017 2 1 980.062 41.2523 23.7578 4 3 0.0637915 1.65718e-05 15.6723 2 
1.73657 -3.48433e-05 -1 0.835262 0.207289 0.000652601 70.8672 2.47007e+06 3 55927.9 119.155 7.77152 2 1 1034.31 45.2121 22.8768 4 3 0.0719488 1.67685e-05 16.2496 2 
1.73722 -3.48892e-05 -1 0.835398 0.207256 0.000652601 70.8969 2.46995e+06 3 227227 178.51 10.8376 2 1 1067.75 34.2379 31.1863 4 3 0.0746155 1.79664e-05 16.074 2 
1.73787 -3.50309e-05 -1 0.835533 0.207226 0.000652601 70.9263 2.46986e+06 4 233864 60.8723 7.87292 2 1 1782.24 68.6629 25.9563 4 3 0.0756287 1.89363e-05 15.8659 2 
1.73852 -3.49362e-05 -1 0.835668 0.207199 0.000652601 70.9535 2.46983e+06 3 50508.1 77.5797 8.66704 2 1 1165.55 78.2818 14.8892 4 3 0.0767342 1.89126e-05 15.9495 2 
1.73918 -3.49108e-05 -1 0.835803 0.207171 0.000652601 70.9806 2.46981e+06 3 43332.9 123.552 7.05218 2 1 996.193 67.0055 14.8673 4 3 0.0768341 1.90861e-05 15.9079 2 
1.73983 -3.48999e-05 -1 0.835938 0.207144 0.000652601 71.012 2.46964e+06 3 83399.3 110.939 9.0927 2 1 937.351 41.0368 22.8417 4 3 0.0768089 1.89958e-05 15.9313 2 
1.74048 -3.49259e-05 -1 0.836073 0.207119 0.000652601 71.0392 2.46962e+06 3 172784 154.236 10.3858 2 1 1050.98 33.6119 31.2682 4 3 0.0760146 1.88002e-05 15.9311 2 
1.74113 -3.50357e-05 -1 0.836208 0.207084 0.000652601 71.0686 2.46952e+06 4 140730 111.419 5.96152 2 1 1068.74 58.9782 18.1209 4 3 0.0752305 1.83489e-05 16.0052 2 
1.74179 -3.4964e-05 -1 0.836343 0.207061 0.000652601 71.0969 2.46946e+06 3 56781.8 158.976 7.09511 2 1 1406.68 71.2313 19.7481 4 3 0.0737464 1.79496e-05 16.0163 2 
1.74244 -3.49403e-05 -1 0.836479 0.207031 0.000652601 71.1242 2.46943e+06 3 42886.7 43.027 9.98912 2 1 1232.96 53.3582 23.1072 4 3 0.072477 1.74404e-05 16.0774 2 
1.74309 -3.49793e-05 -1 0.836614 0.207008 0.000652601 71.1512 2.46942e+06 3 31226.7 89.3222 7.04459 2 1 1108.53 41.9799 26.4063 4 3 0.0706507 1.70023e-05 16.0769 2 
1.74374 -3.50448e-05 -1 0.836749 0.206977 0.000652601 71.1782 2.4694e+06 3 104165 76.9984 11.0598 2 1 1056.89 32.1822 32.8407 4 3 0.0687702 1.65056e-05 16.0912 2 
1.7444 -3.50742e-05 -1 0.836884 0.20695 0.000652601 71.2068 2.46933e+06 3 69044.1 140.962 7.8827 2 1 2207.78 57.156 38.6273 4 3 0.0665391 1.61092e-05 16.0448 2 
1.74505 -3.50573e-05 -1 0.837019 0.206924 0.000652601 71.2362 2.46923e+06 4 238807 79.5615 7.40178 2 1 1053.91 36.0477 29.2364 4 3 0.0642682 1.568e-05 16.0036 2 
1.7457 -3.50677e-05 -1 0.837154 0.206891 0.000652601 71.2674 2.46907e+06 4 217990 56.161 7.89315 2 1 867.899 19.2124 45.174 4 3 0.062167 1.56487e-05 15.8378 2 
1.74635 -3.51201e-05 -1 0.837289 0.206868 0.000652601 71.2946 2.46905e+06 3 71118.4 92.0413 9.17628 2 1 1038.62 41.3837 25.0972 4 3 0.061288 1.5761e-05 15.7252 2 
1.74701 -3.51636e-05 -1 0.837424 0.206839 0.000652601 71.3217 2.46903e+06 3 43414.6 203.537 5.9749 2 1 1333.53 25.706 51.8763 4 3 0.0613403 1.5695e-05 15.7517 2 
1.74766 -3.51714e-05 -1 0.837559 0.206809 0.000652601 71.351 2.46893e+06 4 192561 40.3162 8.31328 2 1 967.368 69.0821 14.0032 4 3 0.0614272 1.56956e-05 15.759 2 
1.74831 -3.51983e-05 -1 0.837694 0.206773 0.000652601 71.378 2.46892e+06 3 132086 187.696 8.89476 2 1 1035.66 31.9998 32.3646 4 3 0.0611598 1.50743e-05 15.9493 2 
1.74896 -3.51718e-05 -1 0.837829 0.206744 0.000652601 71.4091 2.46876e+06 3 94081.5 137.809 8.80527 2 1 1193.96 49.6184 24.0629 4 3 0.0609815 1.61731e-05 15.5645 2 
1.74962 -3.52246e-05 -1 0.837964 0.206725 0.000652601 71.4362 2.46874e+06 3 97434.9 101.004 9.88079 2 1 1233.8 49.5909 24.8796 4 3 0.0604036 1.71875e-05 15.2037 2 
1.75027 -3.53077e-05 -1 0.838099 0.206703 0.000652601 71.4632 2.46872e+06 3 157705 102.972 11.5268 2 1 1061.13 36.763 28.8641 4 3 0.0600763 1.76178e-05 15.0517 2 
1.75092 -3.53882e-05 -1 0.838234 0.206678 0.000652601 71.4902 2.46871e+06 3 43358.8 98.6424 7.60334 2 1 1043.11 63.6119 16.3981 4 3 0.0613028 1.70403e-05 15.3227 2 
1.75158 -3.54121e-05 -1 0.838369 0.206647 0.000652601 71.5171 2.4687e+06 3 59256.4 118.92 7.92794 2 1 897.769 42.6167 21.0661 4 3 0.0627442 1.71829e-05 15.399 2 
1.75223 -3.54536e-05 -1 0.838504 0.206626 0.000652601 71.5441 2.46868e+06 3 43464.6 122.59 7.07773 2 1 1485.7 25.971 57.2062 4 3 0.0640776 1.69882e-05 15.5663 2 
1.75288 -3.54939e-05 -1 0.838638 0.206592 0.000652601 71.5731 2.4686e+06 3 90370.3 99.7595 9.67588 2 1 1107.05 33.6796 32.87 4 3 0.0655229 1.72473e-05 15.6036 2 
1.75353 -3.5576e-05 -1 0.838773 0.206559 0.000652601 71.6025 2.4685e+06 4 200647 36.9613 8.58364 2 1 1108.91 30.3207 36.5726 4 3 0.0668939 1.69879e-05 15.7912 2 
1.75419 -3.55701e-05 -1 0.838908 0.206529 0.000652601 71.6294 2.46849e+06 3 42618.5 100.878 7.50357 2 1 1064.3 28.2295 37.7016 4 3 0.0682821 1.61802e-05 16.16 2 
1.75484 -3.5635e-05 -1 0.839043 0.206501 0.000652601 71.6562 2.46848e+06 3 57296.3 88.4459 8.65266 2 1 1003.7 34.8036 28.8391 4 3 0.0749533 1.7595e-05 16.2107 2 
1.75549 -3.57124e-05 -1 0.839177 0.206476 0.000652601 71.6894 2.46825e+06 4 233342 48.5435 8.32656 2 1 977.229 35.485 27.5392 4 3 0.0774235 2.2938e-05 15.0005 2 
1.75614 -3.57139e-05 -1 0.839312 0.206443 0.000652601 71.7163 2.46824e+06 3 68636.5 123.03 8.23217 2 1 2714.4 69.9122 38.8258 4 3 0.0782001 2.94499e-05 13.8476 2 
1.7568 -3.57193e-05 -1 0.839446 0.206425 0.000652601 71.7431 2.46823e+06 3 224129 178.307 10.7922 2 1 1022.48 44.5427 22.955 4 3 0.0796687 7.05273e-05 10.4146 2 
1.75745 -3.56833e-05 -1 0.839581 0.206393 0.000652601 71.7725 2.46813e+06 3 78532.4 99.0922 9.25415 2 1 1548.73 34.677 44.6616 4 4 0.0800238 2.20352e-05 7.76293 2 
1.7581 -3.56775e-05 -1 0.839716 0.206368 0.000652601 71.8041 2.46796e+06 4 241117 37.0997 8.97872 2 1 1118.86 61.7187 18.1284 4 4 0.0804694 2.03826e-05 7.9267 2 
1.75875 -3.57214e-05 -1 0.83985 0.206347 0.000652601 71.8306 2.46796e+06 3 169384 182.879 9.74773 2 1 992.009 35.6598 27.8187 4 3 0.080368 9.33524e-05 9.51304 2 
1.75941 -3.57763e-05 -1 0.839985 0.206316 0.000652601 71.8571 2.46796e+06 3 48360.3 75.7793 8.60953 2 1 1482.58 42.5704 34.8267 4 3 0.0805599 9.82513e-05 9.35966 2 
1.76006 -3.57791e-05 -1 0.84012 0.206286 0.000652601 71.8842 2.46794e+06 3 40759.9 111.3 7.15449 2 1 1553.85 43.8821 35.4098 4 3 0.0801723 9.84972e-05 9.33685 2 
1.76071 -3.57753e-05 -1 0.840254 0.206259 0.000652601 71.9142 2.46782e+06 3 106019 73.46 11.3008 2 1 1109.24 23.3217 47.5625 4 4 0.0800436 1.67314e-05 8.31665 2 
1.76136 -3.5694e-05 -1 0.840389 0.20623 0.000652601 71.9432 2.46774e+06 3 42437.5 83.6268 7.9763 2 1 1092.9 23.1849 47.1385 4 4 0.0793822 1.77431e-05 8.17849 2 
1.76202 -3.57084e-05 -1 0.840523 0.206201 0.000652601 71.9724 2.46765e+06 3 41385.5 88.3375 7.76666 2 1 1037.67 39.5983 26.205 4 4 0.0789737 1.85767e-05 8.07474 2 
1.76267 -3.56961e-05 -1 0.840658 0.206176 0.000652601 72.0033 2.4675e+06 2 5407.47 39.6198 11.6826 2 1 1035.2 24.3017 42.5979 4 4 0.0773443 1.89142e-05 7.99669 2 
1.76332 -3.5738e-05 -1 0.840793 0.206151 0.000652601 72.0325 2.46741e+06 3 36289.5 75.4199 7.83607 2 1 1496.91 25.9382 57.7107 4 4 0.0763854 1.91338e-05 7.94882 2 
1.76397 -3.58104e-05 -1 0.840927 0.20612 0.000652601 72.0615 2.46732e+06 3 66409.7 108.588 8.48823 2 1 978.035 28.9599 33.772 4 4 0.0753503 1.8844e-05 7.95203 2 
1.76463 -3.5833e-05 -1 0.841062 0.206101 0.000652601 72.0888 2.4673e+06 2 7714.49 72.4025 10.3223 2 1 3822.13 77.4616 49.3423 4 4 0.0745905 1.87054e-05 7.94655 2 
1.76528 -3.58641e-05 -1 0.841196 0.206085 0.000652601 72.1207 2.46712e+06 3 42729.8 81.8232 8.05289 2 1 877.447 23.393 37.509 4 4 0.0734314 1.84196e-05 7.94603 2 
1.76593 -3.59669e-05 -1 0.841331 0.206039 0.000652601 72.1544 2.46687e+06 4 94832.1 72.0094 6.02409 2 1 855.937 24.1648 35.4209 4 4 0.0724319 1.80139e-05 7.96307 2 
1.76658 -3.5927e-05 -1 0.841465 0.206 0.000652601 72.1854 2.46672e+06 3 183878 210.981 9.55203 2 1 901.202 22.2197 40.5588 4 4 0.0711565 1.78781e-05 7.94279 2 
1.76724 -3.60392e-05 -1 0.8416 0.205985 0.000652601 72.2171 2.46655e+06 3 55251 158.407 7.03918 2 1 1234.38 85.8245 14.3826 4 4 0.0700506 1.85658e-05 7.83744 2 
1.76789 -3.61224e-05 -1 0.841734 0.205949 0.000652601 72.2474 2.46642e+06 3 90883 197.195 7.72435 2 1 1289.35 72.3541 17.82 4 4 0.0686197 1.86267e-05 7.79073 2 
1.76854 -3.61348e-05 -1 0.841868 0.205938 0.000652601 72.2832 2.4661e+06 4 240271 107.585 6.87444 2 1 1245.71 30.2116 41.2331 4 4 0.0674376 1.87138e-05 7.74792 2 
1.7692 -3.59638e-05 -1 0.842003 0.205905 0.000652601 72.3151 2.46592e+06 2 7667.8 39.2528 13.9766 2 1 1275.31 45.2509 28.183 4 4 0.0658786 1.82656e-05 7.74957 2 
1.76985 -3.58822e-05 -1 0.842137 0.205872 0.000652601 72.3446 2.46582e+06 3 43264.2 100.078 7.56131 2 1 1097.98 36.2177 30.3162 4 4 0.0650863 1.77773e-05 7.77868 2 
1.7705 -3.58766e-05 -1 0.842271 0.205851 0.000652601 72.3742 2.46572e+06 3 85506.2 108.45 9.23823 2 1 966.35 25.1106 38.4838 4 4 0.0645697 1.74144e-05 7.80333 2 
1.77115 -3.58514e-05 -1 0.842406 0.205824 0.000652601 72.4038 2.46562e+06 3 42528.7 97.155 7.59286 2 1 3044.99 108.152 28.1548 4 4 0.0640772 1.69555e-05 7.84058 2 
1.77181 -3.58334e-05 -1 0.84254 0.205802 0.000652601 72.4334 2.46552e+06 3 42019.5 61.925 8.78742 2 1 1135.07 38.4098 29.5516 4 4 0.063243 1.66621e-05 7.84911 2 
1.77246 -3.58506e-05 -1 0.842674 0.205772 0.000652601 72.4653 2.46533e+06 4 198018 77.073 7.11951 2 1 1001.4 29.0679 34.4503 4 4 0.0622539 1.63152e-05 7.85947 2 
1.77311 -3.57618e-05 -1 0.842809 0.205742 0.000652601 72.497 2.46516e+06 3 43075.9 49.4001 9.55363 2 1 1152.86 31.4732 36.6298 4 4 0.0609089 1.60169e-05 7.85282 2 
1.77376 -3.57733e-05 -1 0.842943 0.205717 0.000652601 72.5263 2.46507e+06 4 229165 51.2378 8.17786 2 1 1136.52 48.6642 23.3544 4 3 0.059381 9.98097e-05 8.41056 2 
1.77442 -3.58397e-05 -1 0.843077 0.205685 0.000652601 72.5533 2.46505e+06 3 78184.9 181.549 7.55167 2 1 1038.49 37.8366 27.4466 4 3 0.0576156 9.87679e-05 8.35555 2 
1.77507 -3.5839e-05 -1 0.843211 0.205663 0.000652601 72.5822 2.46498e+06 3 42449.8 75.8233 8.24184 2 1 1084.96 36.9883 29.3326 4 3 0.0579248 9.41386e-05 8.50548 2 
1.77572 -3.58842e-05 -1 0.843345 0.205644 0.000652601 72.6091 2.46496e+06 3 43140.4 125.113 7.0123 2 1 857.375 53.3516 16.0703 4 3 0.063643 9.18459e-05 8.84906 2 
1.77637 -3.59622e-05 -1 0.843479 0.205611 0.000652601 72.6362 2.46495e+06 3 233557 215.001 10.2798 2 1 1548.69 26.4364 58.5815 4 3 0.0589375 9.00227e-05 8.6832 2 
1.77703 -3.61482e-05 -1 0.843613 0.205584 0.000652601 72.6633 2.46493e+06 3 165267 229.558 8.96254 2 1 1130.32 47.2348 23.9297 4 3 0.0570336 8.87028e-05 8.63106 2 
1.77768 -3.62189e-05 -1 0.843748 0.205557 0.000652601 72.6967 2.4647e+06 4 87817.6 28.0525 7.48001 2 1 1312.74 57.6963 22.7525 4 3 0.0565169 8.69701e-05 8.66169 2 
1.77833 -3.62086e-05 -1 0.843882 0.205523 0.000652601 72.7238 2.46468e+06 3 236126 215.067 10.3163 2 1 1364.29 44.7065 30.5166 4 3 0.056709 8.56064e-05 8.7173 2 
1.77898 -3.61157e-05 -1 0.844016 0.205502 0.000652601 72.7507 2.46467e+06 3 42934.9 124.043 7.02122 2 1 1406.26 57.8568 24.3059 4 3 0.0638885 8.44904e-05 9.11042 2 
1.77964 -3.60719e-05 -1 0.84415 0.20548 0.000652601 72.7777 2.46466e+06 3 65606.8 93.4278 8.88841 2 1 3469.5 50.9815 68.054 4 3 0.0632875 8.42471e-05 9.09049 2 
1.78029 -3.60566e-05 -1 0.844284 0.205459 0.000652601 72.8048 2.46464e+06 3 54478.8 69.8072 9.20681 2 1 1414.77 34.4308 41.0902 4 3 0.0644999 8.31669e-05 9.18762 2 
1.78094 -3.61141e-05 -1 0.844418 0.205423 0.000652601 72.8318 2.46463e+06 3 65786.1 204.551 6.85137 2 1 1043.95 27.641 37.7682 4 3 0.0646118 8.17904e-05 9.24421 2 
1.78159 -3.60751e-05 -1 0.844552 0.205395 0.000652601 72.8591 2.4646e+06 3 42966.5 120.086 7.09924 2 1 1032.94 27.0194 38.2296 4 3 0.0636658 8.08331e-05 9.23504 2 
1.78225 -3.60428e-05 -1 0.844686 0.20537 0.000652601 72.8906 2.46444e+06 3 41950.4 220.288 5.75328 2 1 940.851 54.0179 17.4174 4 3 0.0631153 8.10213e-05 9.20122 2 
1.7829 -3.60299e-05 -1 0.84482 0.205338 0.000652601 72.9196 2.46436e+06 3 34794.4 41.0753 9.46185 2 1 896.987 34.0482 26.3446 4 3 0.0645706 7.99251e-05 9.31359 2 
1.78355 -3.60223e-05 -1 0.844954 0.20532 0.000652601 72.9472 2.46432e+06 3 90536.2 100.48 9.65859 2 1 947.42 20.1004 47.1344 4 3 0.0661323 7.82303e-05 9.45539 2 
1.78421 -3.59927e-05 -1 0.845088 0.205284 0.000652601 72.9746 2.46429e+06 3 119489 77.9897 11.5283 2 1 860.444 20.8243 41.3193 4 3 0.0675982 7.64915e-05 9.59638 2 
1.78486 -3.59942e-05 -1 0.845222 0.20526 0.000652601 73.0044 2.46418e+06 4 199310 33.8374 8.76058 2 1 923.172 47.547 19.416 4 3 0.0692414 7.46984e-05 9.7503 2 
1.78551 -3.60116e-05 -1 0.845356 0.205232 0.000652601 73.0319 2.46415e+06 3 57677 143.785 7.37501 2 1 1077.94 33.0619 32.6036 4 3 0.0776316 7.2015e-05 10.2535 2 
1.78616 -3.59977e-05 -1 0.84549 0.205204 0.000652601 73.0596 2.46412e+06 3 149842 97.2897 11.5484 2 1 2644.74 70.8689 37.3187 4 3 0.0779536 7.01869e-05 10.356 2 
1.78682 -3.60425e-05 -1 0.845624 0.205174 0.000652601 73.0913 2.46394e+06 3 46926.4 112.967 7.46143 2 1 1220.96 49.4751 24.6783 4 3 0.0798809 6.84911e-05 10.5261 2 
1.78747 -3.60264e-05 -1 0.845758 0.205153 0.000652601 73.1189 2.46391e+06 3 85871.9 88.8035 9.88873 2 1 1280.36 35.5517 36.0142 4 3 0.0805444 6.75319e-05 10.605 2 
1.78812 -3.59409e-05 -1 0.845891 0.205129 0.000652601 73.1465 2.46388e+06 3 85672.8 87.9069 9.91455 2 1 1116.45 30.099 37.0926 4 3 0.0814779 6.59957e-05 10.7277 2 
1.78877 -3.59356e-05 -1 0.846025 0.205092 0.000652601 73.1739 2.46385e+06 3 42953 97.5761 7.60706 2 1 923.813 36.6052 25.2372 4 3 0.081489 6.46234e-05 10.8036 2 
1.78943 -3.59132e-05 -1 0.846159 0.205083 0.000652601 73.2014 2.46382e+06 3 48102.5 152.718 6.80392 2 1 1343.22 28.4966 47.136 4 3 0.0816982 6.41228e-05 10.8409 2 
1.79008 -3.59132e-05 -1 0.846293 0.205048 0.000652601 73.229 2.46379e+06 3 110989 118.691 9.77885 2 1 1089.02 37.7726 28.831 4 3 0.0811023 6.23457e-05 10.9163 2 
1.79073 -3.59031e-05 -1 0.846427 0.205022 0.000652601 73.2591 2.46367e+06 4 239821 63.3913 7.84268 2 1 1097.64 42.9555 25.5529 4 3 0.0807568 6.1431e-05 10.9546 2 
1.79138 -3.59285e-05 -1 0.846561 0.205 0.000652601 73.291 2.46349e+06 3 78145.9 112.201 8.86413 2 1 1025.99 42.3833 24.2073 4 3 0.0797845 6.03214e-05 10.977 2 
1.79204 -3.59632e-05 -1 0.846695 0.20497 0.000652601 73.3189 2.46345e+06 3 65006.1 133.718 7.863 2 1 1122.71 23.2077 48.3765 4 3 0.0786938 5.91503e-05 10.9984 2 
1.79269 -3.59554e-05 -1 0.846828 0.204941 0.000652601 73.3468 2.4634e+06 3 42140.6 90.8948 7.73964 2 1 1154.94 28.0047 41.241 4 3 0.0773042 5.83357e-05 10.9839 2 
1.79334 -3.58986e-05 -1 0.846962 0.204912 0.000652601 73.3746 2.46336e+06 3 53108.8 142.578 7.19512 2 1 1040.57 25.3035 41.1235 4 3 0.0759875 5.65743e-05 11.0334 2 
1.79399 -3.58679e-05 -1 0.847096 0.204886 0.000652601 73.4025 2.46332e+06 3 43902.2 88.0913 7.92838 2 1 969.753 29.9656 32.3622 4 3 0.0742709 5.57048e-05 11.0063 2 
1.79465 -3.58416e-05 -1 0.847229 0.204855 0.000652601 73.4302 2.46328e+06 3 131066 182.664 8.95252 2 1 3095.86 42.6994 72.5035 4 3 0.0726203 5.42134e-05 11.0234 2 
1.7953 -3.57871e-05 -1 0.847363 0.204845 0.000652601 73.458 2.46324e+06 3 213417 216.487 9.95251 2 1 1528.51 27.8035 54.9754 4 3 0.0707329 5.33213e-05 10.9877 2 
1.79595 -3.56674e-05 -1 0.847497 0.204807 0.000652601 73.4899 2.46306e+06 3 97376.7 64.4013 11.4777 2 1 1246.73 61.1614 20.3842 4 3 0.068924 5.20371e-05 10.9821 2 
1.7966 -3.56832e-05 -1 0.84763 0.204781 0.000652601 73.5194 2.46297e+06 3 236644 177.419 11.0077 2 1 1187.75 56.7061 20.9458 4 3 0.0667667 5.08411e-05 10.9509 2 
1.79726 -3.57851e-05 -1 0.847764 0.204765 0.000652601 73.5519 2.46277e+06 3 42840.6 119.892 7.09612 2 1 1281.26 57.3137 22.3553 4 4 0.0645461 2.08667e-05 7.45768 2 
1.79791 -3.57931e-05 -1 0.847897 0.204737 0.000652601 73.5895 2.4624e+06 4 237685 43.9442 8.57581 2 1 1590.88 38.6415 41.1703 4 4 0.062599 2.26624e-05 7.24962 2 
1.79856 -3.58594e-05 -1 0.848031 0.204706 0.000652601 73.6175 2.46236e+06 3 43208.4 103.994 7.46196 2 1 1081.99 41.3462 26.1689 4 3 0.0631824 9.96528e-05 8.59084 2 
1.79921 -3.58617e-05 -1 0.848165 0.204682 0.000652601 73.6483 2.46222e+06 4 84364.4 27.4787 7.44373 2 1 1440.29 23.8971 60.2708 4 3 0.0678115 8.4165e-05 9.30516 2 
1.79987 -3.58646e-05 -1 0.848298 0.204649 0.000652601 73.6767 2.46216e+06 3 40957.5 50.2993 9.33807 2 1 1439.6 37.9076 37.9765 4 3 0.0653209 6.86615e-05 9.83512 2 
1.80052 -3.58571e-05 -1 0.848432 0.204629 0.000652601 73.7093 2.46196e+06 3 91026.3 91.5757 9.97996 2 1 878.198 26.6052 33.0084 4 3 0.0644648 6.00336e-05 10.2402 2 
1.80117 -3.58496e-05 -1 0.848565 0.204598 0.000652601 73.738 2.46189e+06 3 123063 115.358 10.2178 2 1 991.211 27.9255 35.4949 4 3 0.0637621 5.78422e-05 10.3301 2 
1.80183 -3.59382e-05 -1 0.848699 0.204578 0.000652601 73.7667 2.46182e+06 3 43898.7 75.6794 8.33985 2 1 2256.35 80.5981 27.9951 4 3 0.0631121 5.24003e-05 10.6396 2 
1.80248 -3.59613e-05 -1 0.848832 0.204556 0.000652601 73.7952 2.46176e+06 3 57285.6 87.69 8.67691 2 1 881.109 31.6948 27.7998 4 3 0.0620597 4.63351e-05 11.023 2 
1.80313 -3.59336e-05 -1 0.848966 0.204529 0.000652601 73.8239 2.46169e+06 3 174053 107.737 11.7338 2 1 910.35 19.7517 46.0897 4 3 0.0610022 4.33531e-05 11.2058 2 
1.80378 -3.59997e-05 -1 0.849099 0.204508 0.000652601 73.8526 2.46162e+06 3 36926.5 106.674 7.02145 2 1 1114.07 33.503 33.2528 4 3 0.0595644 4.30946e-05 11.1392 2 
1.80444 -3.60622e-05 -1 0.849232 0.20448 0.000652601 73.8814 2.46155e+06 3 141016 113.923 10.7371 2 1 1267.99 31.0614 40.8221 4 3 0.0580902 4.29737e-05 11.0569 2 
1.80509 -3.60086e-05 -1 0.849366 0.204441 0.000652601 73.9145 2.46133e+06 3 81434.1 73.3059 10.3567 2 1 1391.44 21.4773 64.7865 4 3 0.0562105 3.94457e-05 11.2531 2 
1.80574 -3.59981e-05 -1 0.849499 0.20442 0.000652601 73.9435 2.46125e+06 3 43802.7 100.405 7.58428 2 1 1157.1 38.3561 30.1674 4 3 0.055121 3.73273e-05 11.3875 2 
1.80639 -3.59522e-05 -1 0.849632 0.204403 0.000652601 73.9727 2.46116e+06 3 47821.5 128.047 7.20141 2 1 1048.65 26.7689 39.1741 4 3 0.0567518 3.6372e-05 11.5986 2 
1.80705 -3.59518e-05 -1 0.849766 0.204378 0.000652601 74.0022 2.46107e+06 3 53068.5 107.324 7.90763 2 1 933.928 28.5469 32.7156 4 3 0.058603 3.55972e-05 11.8078 2 
1.8077 -3.60526e-05 -1 0.849899 0.204364 0.000652601 74.0313 2.46099e+06 3 106731 159.891 8.73953 2 1 1321.31 28.4261 46.4821 4 3 0.0604235 3.47316e-05 12.0271 2 
1.80835 -3.60192e-05 -1 0.850033 0.204338 0.000652601 74.0607 2.4609e+06 3 42663.5 93.5232 7.69802 2 1 1052.71 52.5788 20.0216 4 3 0.0637638 3.43021e-05 12.2956 2 
1.809 -3.60585e-05 -1 0.850166 0.204303 0.000652601 74.0936 2.46069e+06 3 200215 164.695 10.6726 2 1 1069.1 31.1652 34.3043 4 3 0.0650429 3.29307e-05 12.5468 2 
1.80966 -3.59198e-05 -1 0.850299 0.204268 0.000652601 74.1225 2.46061e+06 3 42651.6 92.6089 7.72255 2 1 2729.16 50.1061 54.4675 4 3 0.0651492 3.2287e-05 12.6365 2 
1.81031 -3.59081e-05 -1 0.850433 0.204255 0.000652601 74.1512 2.46054e+06 3 82039 97.014 9.45646 2 1 1368.93 54.0343 25.3344 4 3 0.0662616 3.15363e-05 12.8081 2 
1.81096 -3.59159e-05 -1 0.850566 0.204229 0.000652601 74.1799 2.46048e+06 3 42544.4 116.177 7.15441 2 1 1125.82 37.6321 29.9164 4 3 0.068187 3.0904e-05 13.0185 2 
1.81161 -3.59703e-05 -1 0.850699 0.204195 0.000652601 74.2119 2.4603e+06 4 243564 53.5968 8.21048 2 1 1053.3 49.0802 21.4609 4 3 0.0772317 3.07509e-05 13.5929 2 
1.81227 -3.593e-05 -1 0.850833 0.20416 0.000652601 74.243 2.46015e+06 4 128142 46.8665 7.23115 2 1 1006.55 24.6722 40.7971 4 3 0.0788564 2.98703e-05 13.8208 2 
1.81292 -3.58715e-05 -1 0.850966 0.204144 0.000652601 74.2717 2.46008e+06 3 159692 158.96 10.0153 2 1 1115.32 31.2566 35.6825 4 3 0.0808315 2.79033e-05 14.2552 2 
1.81357 -3.58968e-05 -1 0.851099 0.204116 0.000652601 74.3046 2.45987e+06 3 42102.7 47.3149 9.61842 2 1 1661.94 50.9863 32.5959 4 3 0.0811206 2.75917e-05 14.3258 2 
1.81422 -3.59404e-05 -1 0.851232 0.204098 0.000652601 74.3334 2.4598e+06 3 206933 184.032 10.3987 2 1 1395.92 49.1704 28.3894 4 3 0.0815351 2.78912e-05 14.2986 2 
1.81488 -3.60059e-05 -1 0.851366 0.204072 0.000652601 74.3621 2.45973e+06 3 146411 133.658 10.3084 2 1 1188.37 40.864 29.0811 4 3 0.0812365 2.73028e-05 14.383 2 
1.81553 -3.59354e-05 -1 0.851499 0.204039 0.000652601 74.3908 2.45967e+06 3 41403.8 115.714 7.09935 2 1 1349.77 51.9622 25.976 4 3 0.0803007 2.6426e-05 14.4843 2 
1.81618 -3.59533e-05 -1 0.851632 0.204012 0.000652601 74.4217 2.45953e+06 4 213638 81.0796 7.1646 2 1 1149.53 37.7773 30.4292 4 3 0.0793321 2.49948e-05 14.696 2 
1.81684 -3.59076e-05 -1 0.851765 0.203985 0.000652601 74.4525 2.45939e+06 4 233592 52.3036 8.17488 2 1 1748.01 60.2948 28.991 4 3 0.0779664 2.51416e-05 14.5827 2 
1.81749 -3.58558e-05 -1 0.851898 0.203962 0.000652601 74.481 2.45933e+06 3 63841.9 140.314 7.69133 2 1 1264.59 33.9759 37.2201 4 3 0.0767456 2.54182e-05 14.4534 2 
1.81814 -3.5855e-05 -1 0.852031 0.203933 0.000652601 74.5138 2.45912e+06 3 86521.7 116.112 9.06602 2 1 1591.85 35.2006 45.2221 4 3 0.0754865 2.59053e-05 14.2832 2 
1.81879 -3.58551e-05 -1 0.852164 0.203909 0.000652601 74.5424 2.45906e+06 3 118889 95.1733 10.7698 2 1 1028.21 32.0599 32.0715 4 3 0.0736995 2.89906e-05 13.648 2 
1.81945 -3.58682e-05 -1 0.852297 0.203888 0.000652601 74.573 2.45893e+06 3 43543.3 122.111 7.09123 2 1 1370.57 24.8003 55.2642 4 3 0.0737108 2.80774e-05 13.7951 2 
1.8201 -3.58591e-05 -1 0.85243 0.20387 0.000652601 74.6017 2.45886e+06 3 160409 178.666 9.64706 2 1 904.131 24.4987 36.9053 4 3 0.0738376 2.71107e-05 13.9651 2 
1.82075 -3.58284e-05 -1 0.852563 0.203832 0.000652601 74.6327 2.45872e+06 4 174776 25.0208 9.14207 2 1 875.686 22.6087 38.7322 4 3 0.073979 2.68237e-05 14.0237 2 
1.8214 -3.58341e-05 -1 0.852696 0.20381 0.000652601 74.6639 2.45857e+06 4 238213 55.2917 8.10171 2 1 2337.73 55.0864 42.4374 4 3 0.0740444 2.70378e-05 13.9907 2 
1.82206 -3.58705e-05 -1 0.852829 0.203787 0.000652601 74.6967 2.45837e+06 3 138502 233.807 8.39845 2 1 1284.45 41.3142 31.0898 4 3 0.0742883 2.7239e-05 13.9715 2 
1.82271 -3.59524e-05 -1 0.852962 0.203758 0.000652601 74.7252 2.4583e+06 3 42664.1 79.2886 8.13362 2 1 1236.28 42.4798 29.1028 4 3 0.0742314 2.74241e-05 13.9364 2 
1.82336 -3.59705e-05 -1 0.853094 0.203732 0.000652601 74.7537 2.45824e+06 3 47864.6 39.4447 10.6662 2 1 1264.11 35.5741 35.5346 4 3 0.0740594 2.77976e-05 13.863 2 
1.82401 -3.5996e-05 -1 0.853227 0.203675 0.000652601 74.7799 2.45826e+06 2 41161.2 203.157 14.234 2 1 1173.84 39.1 30.0214 4 3 0.0738006 2.81884e-05 13.7826 2 
1.82467 -3.60341e-05 -1 0.85336 0.203677 0.000652601 74.8085 2.4582e+06 3 42621.5 89.3856 7.81245 2 1 2300.24 49.8915 46.1048 4 3 0.0736512 2.86027e-05 13.7064 2 
1.82532 -3.5998e-05 -1 0.853493 0.203647 0.000652601 74.8384 2.45809e+06 3 102338 158.853 8.6367 2 1 907.006 38.9073 23.3119 4 3 0.0732016 2.89797e-05 13.6189 2 
1.82597 -3.60157e-05 -1 0.853626 0.203626 0.000652601 74.8672 2.45802e+06 3 73960 67.2317 10.323 2 1 1257.68 34.1324 36.8471 4 3 0.0728738 2.93858e-05 13.5356 2 
1.82662 -3.60785e-05 -1 0.853759 0.203603 0.000652601 74.8969 2.45792e+06 3 41838.5 85.5912 7.87739 2 1 1031.94 54.5434 18.9197 4 3 0.0723795 2.97521e-05 13.4493 2 
1.82728 -3.61381e-05 -1 0.853892 0.203581 0.000652601 74.9284 2.45776e+06 4 196627 38.5032 8.45351 2 1 935.595 24.2367 38.6025 4 3 0.0718761 3.01179e-05 13.3635 2 
1.82793 -3.61152e-05 -1 0.854025 0.203553 0.000652601 74.9595 2.45762e+06 4 43105.2 89.5158 4.68444 2 1 985.879 22.7998 43.2408 4 3 0.0713052 3.0358e-05 13.2928 2 
1.82858 -3.61427e-05 -1 0.854158 0.203527 0.000652601 74.9922 2.45742e+06 3 42765.8 142.715 6.6918 2 1 1247.08 35.327 35.301 4 3 0.0706685 3.06813e-05 13.2064 2 
1.82923 -3.61945e-05 -1 0.854291 0.203494 0.000652601 75.0209 2.45735e+06 3 68633.7 125.612 8.17526 2 1 1203.18 36.5041 32.96 4 3 0.0699396 3.06956e-05 13.1588 2 
1.82989 -3.62453e-05 -1 0.854424 0.203478 0.000652601 75.0513 2.45723e+06 3 124394 120.275 10.1129 2 1 1121.83 22.2569 50.4036 4 3 0.0692466 3.04286e-05 13.1534 2 
1.83054 -3.63112e-05 -1 0.854557 0.203457 0.000652601 75.0812 2.45712e+06 3 93631.6 102.391 9.70628 2 1 1071.4 33.2888 32.185 4 3 0.0683914 3.0248e-05 13.1251 2 
1.83119 -3.63142e-05 -1 0.854689 0.203429 0.000652601 75.1154 2.45688e+06 3 151438 142.438 10.2063 2 1 1012.72 39.5077 25.6336 4 3 0.0675163 3.01932e-05 13.0768 2 
1.83184 -3.62619e-05 -1 0.854822 0.203411 0.000652601 75.146 2.45675e+06 3 43177.9 117.411 7.16448 2 1 1173.84 35.4423 33.1197 4 3 0.0665295 3.05875e-05 12.9566 2 
1.8325 -3.63253e-05 -1 0.854955 0.203377 0.000652601 75.1785 2.45656e+06 4 238740 54.0585 8.15202 2 1 1284.92 39.8526 32.2419 4 3 0.0656099 3.20542e-05 12.6968 2 
1.83315 -3.62514e-05 -1 0.855088 0.203352 0.000652601 75.2094 2.45642e+06 3 42418.6 95.5571 7.62836 2 1 1136.72 17.5877 64.6312 4 3 0.0645239 3.1486e-05 12.7019 2 
1.8338 -3.62731e-05 -1 0.85522 0.20332 0.000652601 75.2403 2.45628e+06 3 79005.1 95.5892 9.38459 2 1 1149.6 37.718 30.4787 4 3 0.0637827 2.94914e-05 12.9321 2 
1.83446 -3.63005e-05 -1 0.855353 0.203307 0.000652601 75.2703 2.45618e+06 3 51311.8 94.9512 8.14527 2 1 1033.32 27.8287 37.1315 4 3 0.0657118 2.8541e-05 13.2046 2 
1.83511 -3.63542e-05 -1 0.855486 0.203295 0.000652601 75.3029 2.45598e+06 3 119231 200.923 8.40335 2 1 1048.78 26.2865 39.898 4 3 0.0673163 2.80517e-05 13.3881 2 
1.83576 -3.62614e-05 -1 0.855618 0.203256 0.000652601 75.3341 2.45584e+06 4 224791 25.4373 9.69565 2 1 909.634 39.2638 23.1672 4 3 0.0761936 2.53507e-05 14.4314 2 
1.83641 -3.6273e-05 -1 0.855751 0.20323 0.000652601 75.3651 2.4557e+06 4 235749 38.6598 8.83685 2 1 1497.79 49.4045 30.3169 4 3 0.0782633 2.44428e-05 14.739 2 
1.83707 -3.63405e-05 -1 0.855883 0.203192 0.000652601 75.3938 2.45563e+06 3 54173.5 126.207 7.54341 2 1 1341.01 30.9198 43.3706 4 3 0.0789899 5.58729e-05 11.2234 2 
1.83772 -3.64205e-05 -1 0.856016 0.203179 0.000652601 75.4252 2.45547e+06 3 40660 107.819 7.22478 2 1 2677.37 46.4858 57.5953 4 4 0.0800054 3.23248e-05 7.05336 2 
1.83837 -3.64172e-05 -1 0.856148 0.203158 0.000652601 75.4566 2.45532e+06 3 43489.7 125.243 7.02875 2 1 1553.82 40.3868 38.4734 4 4 0.0794594 3.26894e-05 7.02158 2 
1.83902 -3.63989e-05 -1 0.85628 0.203133 0.000652601 75.492 2.45504e+06 3 166198 94.1486 12.0857 2 1 884.939 30.5959 28.9234 4 4 0.0787871 2.99665e-05 7.16069 2 
1.83968 -3.659e-05 -1 0.856413 0.203107 0.000652601 75.5235 2.45488e+06 3 135557 85.552 11.6582 2 1 1811.22 47.9984 37.7349 4 4 0.0773953 2.67972e-05 7.33088 2 
1.84033 -3.66671e-05 -1 0.856545 0.203079 0.000652601 75.555 2.45473e+06 3 33346.6 45.4032 9.02239 2 1 1330.4 30.1834 44.0773 4 4 0.0756735 2.2318e-05 7.63084 2 
1.84098 -3.67019e-05 -1 0.856678 0.203053 0.000652601 75.5859 2.45459e+06 3 45606.9 76.9928 8.39834 2 1 1320.88 26.7074 49.4577 4 3 0.0735772 9.1037e-05 9.31483 2 
1.84163 -3.67561e-05 -1 0.85681 0.203039 0.000652601 75.6147 2.45452e+06 3 42614.4 116.856 7.14445 2 1 1156.89 22.6046 51.1796 4 3 0.0712345 8.93214e-05 9.27353 2 
1.84229 -3.67615e-05 -1 0.856943 0.203011 0.000652601 75.6458 2.45438e+06 4 223229 51.2721 8.12302 2 1 1112.09 22.9286 48.5021 4 3 0.0685201 8.06539e-05 9.47104 2 
1.84294 -3.67697e-05 -1 0.857075 0.202981 0.000652601 75.6767 2.45424e+06 4 241475 53.9526 8.17928 2 1 1069.26 24.2232 44.1419 4 3 0.0658642 6.89824e-05 9.847 2 
1.84359 -3.67574e-05 -1 0.857207 0.20296 0.000652601 75.7118 2.45397e+06 4 115268 29.221 7.92507 2 1 1064.01 29.3312 36.2757 4 3 0.0651259 6.53222e-05 9.98997 2 
1.84424 -3.67295e-05 -1 0.85734 0.202932 0.000652601 75.7405 2.45391e+06 3 41498.5 110.476 7.2153 2 1 985.613 34.7623 28.3529 4 3 0.0649847 6.5176e-05 9.99021 2 
1.8449 -3.67478e-05 -1 0.857472 0.202915 0.000652601 75.769 2.45385e+06 3 42682 84.0977 7.97664 2 1 908.109 33.2419 27.3182 4 3 0.0653885 6.51424e-05 10.0126 2 
1.84555 -3.68639e-05 -1 0.857605 0.202875 0.000652601 75.7999 2.45371e+06 4 190931 79.9532 6.99053 2 1 904.863 31.7673 28.4841 4 3 0.0669586 5.97578e-05 10.3865 2 
1.8462 -3.67338e-05 -1 0.857737 0.202847 0.000652601 75.8284 2.45365e+06 3 68857.5 116.788 8.38528 2 1 1003.94 34.4765 29.1194 4 3 0.0685553 5.10042e-05 11.036 2 
1.84685 -3.6684e-05 -1 0.85787 0.202838 0.000652601 75.8569 2.4536e+06 3 127349 100.097 10.8357 2 1 1408.76 38.7932 36.3147 4 3 0.0701812 4.7553e-05 11.3854 2 
1.84751 -3.67728e-05 -1 0.858002 0.202815 0.000652601 75.8857 2.45353e+06 3 94501.2 110.813 9.48306 2 1 1209.56 24.6053 49.1587 4 3 0.0768069 4.74078e-05 11.7449 2 
1.84816 -3.68125e-05 -1 0.858135 0.202787 0.000652601 75.9174 2.45337e+06 3 43169.2 164.21 6.40607 2 1 1115.22 39.0567 28.5539 4 3 0.0795052 4.74398e-05 11.8782 2 
1.84881 -3.69001e-05 -1 0.858267 0.202771 0.000652601 75.948 2.45324e+06 3 149449 149.11 10.0076 2 1 1074.38 35.1018 30.6074 4 3 0.0803933 4.76076e-05 11.9082 2 
1.84947 -3.69793e-05 -1 0.8584 0.20274 0.000652601 75.9766 2.45318e+06 3 61942 102.42 8.45667 2 1 1331.02 38.61 34.4736 4 3 0.0819027 4.72598e-05 12.0116 2 
1.85012 -3.69296e-05 -1 0.858532 0.202712 0.000652601 76.0052 2.45312e+06 3 41152.9 85.1978 7.84616 2 1 1468.39 57.3781 25.5915 4 3 0.0822423 4.28668e-05 12.4258 2 
1.85077 -3.69074e-05 -1 0.858665 0.202694 0.000652601 76.034 2.45305e+06 3 205472 179.193 10.4667 2 1 1174.82 30.9033 38.0159 4 3 0.0829838 3.78943e-05 12.9859 2 
1.85142 -3.69086e-05 -1 0.858797 0.202672 0.000652601 76.0604 2.45306e+06 2 42747.8 227.2 13.7168 2 1 1132.27 25.4906 44.419 4 3 0.0828952 3.37082e-05 13.4978 2 
1.85208 -3.69761e-05 -1 0.858929 0.202647 0.000652601 76.0955 2.45279e+06 4 243701 88.2526 7.24908 2 1 1218.01 42.9021 28.3904 4 3 0.0830218 2.85597e-05 14.2718 2 
1.85273 -3.68396e-05 -1 0.859061 0.202613 0.000652601 76.1244 2.45272e+06 3 111405 195.37 8.29243 2 1 1741.77 77.7168 22.4118 4 3 0.082559 3.61763e-05 13.1658 2 
1.85338 -3.67934e-05 -1 0.859194 0.202593 0.000652601 76.1529 2.45266e+06 3 42433.2 49.7035 9.48651 2 1 1255.12 45.8505 27.3742 4 3 0.082639 3.37677e-05 13.476 2 
1.85403 -3.67949e-05 -1 0.859326 0.202568 0.000652601 76.1815 2.4526e+06 3 110226 69.1643 11.6806 2 1 1031.51 26.3018 39.2182 4 3 0.0813453 3.34184e-05 13.4519 2 
1.85469 -3.68428e-05 -1 0.859458 0.202539 0.000652601 76.2099 2.45255e+06 3 215807 181.657 10.591 2 1 1640.73 37.0245 44.3148 4 3 0.0809722 3.39254e-05 13.364 2 
1.85534 -3.68667e-05 -1 0.85959 0.202521 0.000652601 76.2383 2.4525e+06 3 239793 221.986 10.2605 2 1 1248.17 32.5864 38.3033 4 3 0.0798696 3.32567e-05 13.3916 2 
1.85599 -3.69964e-05 -1 0.859722 0.202497 0.000652601 76.2668 2.45244e+06 3 42666.7 122.781 7.03049 2 1 1519.49 83.7159 18.1506 4 3 0.0790917 2.87991e-05 14.0039 2 
1.85664 -3.70266e-05 -1 0.859854 0.202478 0.000652601 76.297 2.45233e+06 3 165021 99.5481 11.835 2 1 1292.91 61.0898 21.164 4 3 0.0774863 2.46853e-05 14.6418 2 
1.8573 -3.70986e-05 -1 0.859986 0.202447 0.000652601 76.3257 2.45226e+06 3 132583 69.3224 12.4128 2 1 1569.72 28.2935 55.48 4 3 0.0763137 2.16606e-05 15.2164 2 
1.85795 -3.71504e-05 -1 0.860118 0.202431 0.000652601 76.3544 2.4522e+06 3 46097.5 89.5828 8.01342 2 1 1197.23 50.5278 23.6946 4 3 0.0742597 2.07661e-05 15.2921 2 
1.8586 -3.7136e-05 -1 0.860249 0.202397 0.000652601 76.383 2.45214e+06 3 76807.8 184.694 7.46421 2 1 1245.49 38.0789 32.7081 4 3 0.0755077 2.40778e-05 14.6372 2 
1.85925 -3.71165e-05 -1 0.860381 0.202375 0.000652601 76.4117 2.45208e+06 3 42628.9 125.426 6.97866 2 1 1170.96 32.3282 36.2212 4 3 0.0757247 2.3707e-05 14.7272 2 
1.85991 -3.70997e-05 -1 0.860513 0.202351 0.000652601 76.4401 2.45202e+06 3 99215 120.16 9.38149 2 1 1090.29 37.9064 28.7628 4 3 0.0762071 2.25367e-05 15.0096 2 
1.86056 -3.70368e-05 -1 0.860645 0.202311 0.000652601 76.4686 2.45197e+06 3 190586 233.581 9.34438 2 1 1126.43 30.5756 36.8409 4 3 0.0758584 2.32556e-05 14.8306 2 
1.86121 -3.70837e-05 -1 0.860777 0.202304 0.000652601 76.5011 2.45178e+06 3 31189.8 68.5994 7.68949 2 1 969.026 45.3278 21.3782 4 3 0.0751122 2.3339e-05 14.7642 2 
1.86186 -3.71005e-05 -1 0.860909 0.202289 0.000652601 76.5297 2.45172e+06 3 43010.2 117.771 7.14789 2 1 1385.71 37.6079 36.8461 4 3 0.0738168 2.42887e-05 14.485 2 
1.86252 -3.70885e-05 -1 0.861041 0.202254 0.000652601 76.5629 2.45152e+06 4 107796 33.9588 7.50607 2 1 908.326 28.2069 32.2022 4 3 0.0719105 2.23813e-05 14.756 2 
1.86317 -3.70754e-05 -1 0.861173 0.202221 0.000652601 76.5951 2.45134e+06 3 51193.3 103.364 7.9119 2 1 911.345 24.3074 37.4926 4 3 0.069494 1.8737e-05 15.4792 2 
1.86382 -3.71597e-05 -1 0.861305 0.202205 0.000652601 76.6282 2.45114e+06 4 242500 43.8616 8.62297 2 1 949.998 33.4201 28.426 4 3 0.0669203 1.68025e-05 15.8512 2 
1.86447 -3.72107e-05 -1 0.861437 0.202193 0.000652601 76.6569 2.45107e+06 3 122923 124.927 9.94624 2 1 1228.69 30.2654 40.597 4 3 0.0655074 1.70087e-05 15.6749 2 
1.86513 -3.72043e-05 -1 0.861569 0.202165 0.000652601 76.6897 2.45088e+06 3 90129.7 110.569 9.34138 2 1 1387.91 28.5839 48.5557 4 3 0.064885 1.79732e-05 15.3405 2 
1.86578 -3.72511e-05 -1 0.861701 0.20214 0.000652601 76.7208 2.45074e+06 4 231044 75.2747 7.44323 2 1 1227.06 34.1078 35.976 4 3 0.0639895 1.90988e-05 14.9635 2 
1.86643 -3.72346e-05 -1 0.861833 0.202107 0.000652601 76.7495 2.45068e+06 3 146605 189.752 9.17602 2 1 1157.62 29.306 39.5011 4 3 0.0629853 2.03325e-05 14.5775 2 
1.86709 -3.71785e-05 -1 0.861965 0.202087 0.000652601 76.7783 2.45061e+06 3 42881.6 91.5509 7.7661 2 1 1234.17 38.5602 32.0063 4 3 0.0633424 2.36404e-05 13.8893 2 
1.86774 -3.71568e-05 -1 0.862097 0.202065 0.000652601 76.8068 2.45056e+06 3 43248.3 89.5686 7.84521 2 1 1350.21 48.6096 27.7765 4 3 0.0631952 2.54664e-05 13.5386 2 
1.86839 -3.71997e-05 -1 0.862229 0.202042 0.000652601 76.8353 2.4505e+06 3 43040 140.199 6.74594 2 1 1788.79 66.0658 27.0759 4 3 0.0625148 2.68781e-05 13.2494 2 
1.86904 -3.72509e-05 -1 0.862361 0.202017 0.000652601 76.8637 2.45045e+06 3 200983 171.292 10.5473 2 1 1173.16 52.8502 22.1978 4 3 0.0618844 2.74354e-05 13.1147 2 
1.8697 -3.72587e-05 -1 0.862493 0.202002 0.000652601 76.8962 2.45026e+06 3 83262.9 109.887 9.11665 2 1 1207.02 39.5565 30.5138 4 3 0.0629885 2.59359e-05 13.4417 2 
1.87035 -3.72707e-05 -1 0.862625 0.20198 0.000652601 76.9203 2.45035e+06 1 2488.95 205.024 12.1398 2 1 1402.78 29.2928 47.8882 4 3 0.0646971 2.76757e-05 13.2718 2 
1.871 -3.72811e-05 -1 0.862757 0.201948 0.000652601 76.9488 2.45029e+06 3 111585 212.341 8.06969 2 1 1270.79 26.5863 47.7985 4 3 0.0669565 2.8571e-05 13.2828 2 
1.87165 -3.73427e-05 -1 0.862889 0.201924 0.000652601 76.9798 2.45016e+06 4 240338 40.4776 8.77813 2 1 1027.57 44.8928 22.8895 4 3 0.0688495 2.66792e-05 13.7165 2 
1.87231 -3.73824e-05 -1 0.863021 0.20191 0.000652601 77.0115 2.45e+06 3 42964.1 124.278 7.01838 2 1 1016.19 32.6127 31.1594 4 3 0.0709149 2.72272e-05 13.7587 2 
1.87296 -3.74244e-05 -1 0.863152 0.201881 0.000652601 77.0426 2.44986e+06 4 213052 26.1819 9.49776 2 1 1573.12 34.5414 45.5431 4 3 0.0729424 2.7614e-05 13.8235 2 
1.87361 -3.7449e-05 -1 0.863284 0.201863 0.000652601 77.0713 2.4498e+06 3 78186.7 85.6711 9.69988 2 1 1038.89 33.9595 30.592 4 3 0.0800747 2.7708e-05 14.2439 2 
1.87426 -3.74485e-05 -1 0.863416 0.201848 0.000652601 77.1027 2.44965e+06 3 236465 211.83 10.3735 2 1 1245.44 34.1224 36.4991 4 3 0.082994 2.8955e-05 14.205 2 
1.87492 -3.7544e-05 -1 0.863547 0.201811 0.000652601 77.1314 2.44959e+06 3 42023.6 118.179 7.08463 2 1 1228.23 52.271 23.4973 4 3 0.0838997 3.00103e-05 14.0874 2 
1.87557 -3.75625e-05 -1 0.863679 0.201789 0.000652601 77.1597 2.44954e+06 3 44406.2 48.6218 9.70222 2 1 1570.14 44.5664 35.2315 4 3 0.085585 2.83055e-05 14.4602 2 
1.87622 -3.75806e-05 -1 0.86381 0.201768 0.000652601 77.1922 2.44936e+06 3 43054.1 78.305 8.19234 2 1 1304.6 34.2847 38.0519 4 3 0.0856493 2.72334e-05 14.6512 2 
1.87687 -3.75682e-05 -1 0.863942 0.20175 0.000652601 77.2215 2.44928e+06 3 100291 122.373 9.3582 2 1 3101.46 75.1599 41.2648 4 3 0.0860536 2.62427e-05 14.8566 2 
1.87753 -3.76177e-05 -1 0.864073 0.201712 0.000652601 77.2505 2.44921e+06 3 70934.2 144.441 7.8896 2 1 1077.35 44.9993 23.9415 4 3 0.0857153 3.33142e-05 13.7028 2 
1.87818 -3.76696e-05 -1 0.864205 0.201695 0.000652601 77.2818 2.44906e+06 3 41843.3 118.092 7.07623 2 1 1088.27 39.0591 27.862 4 4 0.0853534 1.80226e-05 8.29566 2 
1.87883 -3.77526e-05 -1 0.864336 0.20167 0.000652601 77.313 2.44892e+06 3 41327.2 29.991 11.128 2 1 936.969 43.9579 21.3151 4 4 0.0835691 1.97531e-05 8.06497 2 
1.87948 -3.77528e-05 -1 0.864468 0.201652 0.000652601 77.3415 2.44887e+06 3 42731.5 73.2132 8.35705 2 1 1242.18 35.2794 35.2098 4 3 0.0824018 9.18039e-05 9.64625 2 
1.88014 -3.77074e-05 -1 0.864599 0.201628 0.000652601 77.37 2.44881e+06 3 43179.4 47.1091 9.71383 2 1 875.454 29.1554 30.0272 4 3 0.0810279 7.98239e-05 10.05 2 
1.88079 -3.77127e-05 -1 0.864731 0.201605 0.000652601 77.3985 2.44876e+06 3 65973.7 82.2264 9.29223 2 1 971.282 39.3889 24.6588 4 3 0.0797851 6.87695e-05 10.5077 2 
1.88144 -3.7723e-05 -1 0.864862 0.201573 0.000652601 77.4272 2.4487e+06 3 182358 138.317 10.9652 2 1 911.67 35.4517 25.7158 4 3 0.0781649 6.18637e-05 10.8108 2 
1.8821 -3.77987e-05 -1 0.864994 0.201557 0.000652601 77.4557 2.44864e+06 3 118394 201.628 8.37387 2 1 1019.83 35.9831 28.3418 4 3 0.0766299 6.05506e-05 10.8167 2 
1.88275 -3.77045e-05 -1 0.865125 0.201525 0.000652601 77.484 2.44859e+06 3 43226.1 42.9909 10.0182 2 1 1280.14 40.5282 31.5865 4 3 0.0746194 5.44601e-05 11.1069 2 
1.8834 -3.77017e-05 -1 0.865257 0.201511 0.000652601 77.5123 2.44854e+06 3 42633.9 67.2183 8.5919 2 1 1254.78 65.4025 19.1855 4 3 0.0729438 4.73244e-05 11.5514 2 
1.88405 -3.77366e-05 -1 0.865389 0.20149 0.000652601 77.543 2.44842e+06 4 242527 48.6817 8.40134 2 1 3165.78 125.837 25.1577 4 3 0.0708368 4.46016e-05 11.6673 2 
1.88471 -3.77477e-05 -1 0.86552 0.201467 0.000652601 77.5714 2.44837e+06 3 41237.7 49.8108 9.38982 2 1 1160.47 21.9703 52.8199 4 3 0.0688482 4.42122e-05 11.5909 2 
1.88536 -3.7768e-05 -1 0.865652 0.201446 0.000652601 77.6018 2.44825e+06 3 61368.1 101.319 8.46092 2 1 932.206 23.0234 40.4895 4 3 0.0663998 4.43443e-05 11.4405 2 
1.88601 -3.77402e-05 -1 0.865783 0.201425 0.000652601 77.6303 2.4482e+06 3 42356.6 99.8234 7.51443 2 1 1381.66 24.8762 55.5413 4 3 0.0655512 4.08071e-05 11.7116 2 
1.88666 -3.77515e-05 -1 0.865915 0.201397 0.000652601 77.6588 2.44814e+06 3 84139.5 123.157 8.80739 2 1 1126.37 24.077 46.7819 4 3 0.0646343 3.52894e-05 12.2351 2 
1.88732 -3.77547e-05 -1 0.866046 0.201372 0.000652601 77.6914 2.44796e+06 3 193951 155.15 10.7724 2 1 1129.11 29.6079 38.1356 4 3 0.0636215 3.26443e-05 12.491 2 
1.88797 -3.7823e-05 -1 0.866178 0.201346 0.000652601 77.7223 2.44783e+06 4 235481 33.176 9.17874 2 1 1256.5 36.1708 34.738 4 3 0.0622201 3.19267e-05 12.4909 2 
1.88862 -3.78674e-05 -1 0.866309 0.201321 0.000652601 77.7508 2.44778e+06 3 107016 91.9047 10.5205 2 1 1242.84 51.2206 24.2645 4 3 0.0609369 3.24716e-05 12.3346 2 
1.88927 -3.78308e-05 -1 0.866441 0.201303 0.000652601 77.779 2.44773e+06 3 50217.2 72.7251 8.83872 2 1 1184.35 37.58 31.5153 4 3 0.0605332 3.21602e-05 12.3469 2 
1.88993 -3.78073e-05 -1 0.866572 0.201284 0.000652601 77.8074 2.44768e+06 3 41917.9 96.6118 7.57048 2 1 1202.57 30.5361 39.3818 4 3 0.0587329 3.22234e-05 12.2153 2 
1.89058 -3.77771e-05 -1 0.866704 0.201262 0.000652601 77.838 2.44756e+06 4 240558 51.7659 8.25646 2 1 911.049 24.0955 37.81 4 3 0.0638669 2.92951e-05 12.9666 2 
1.89123 -3.76917e-05 -1 0.866835 0.201241 0.000652601 77.8698 2.4474e+06 4 208186 53.3171 7.90489 2 1 1457.16 34.0796 42.7576 4 3 0.0591058 2.57766e-05 13.1867 2 
1.89188 -3.76031e-05 -1 0.866966 0.201213 0.000652601 77.8985 2.44734e+06 3 160667 185.665 9.5294 2 1 4190.26 97.2253 43.0984 4 3 0.0591311 2.52885e-05 13.2729 2 
1.89254 -3.76402e-05 -1 0.867097 0.201202 0.000652601 77.9269 2.44729e+06 3 237157 185.242 10.8584 2 1 1234.87 64.2989 19.2052 4 3 0.0604367 2.15098e-05 14.1109 2 
1.89319 -3.78072e-05 -1 0.867229 0.201164 0.000652601 77.9555 2.44723e+06 3 201288 226.519 9.61401 2 1 1291.57 57.9936 22.2709 4 3 0.0624501 2.35175e-05 13.8478 2 
1.89384 -3.79219e-05 -1 0.86736 0.201157 0.000652601 77.984 2.44718e+06 3 42325.2 78.002 8.15638 2 1 1328.9 34.4506 38.5741 4 3 0.0646588 2.2993e-05 14.1149 2 
1.89449 -3.79513e-05 -1 0.867491 0.201127 0.000652601 78.0167 2.44699e+06 3 95794.3 149.776 8.61587 2 1 1224.03 43.012 28.4579 4 3 0.0677789 2.29551e-05 14.3462 2 
1.89515 -3.78789e-05 -1 0.867622 0.201104 0.000652601 78.0452 2.44694e+06 3 99736.9 174.785 8.29438 2 1 1067.62 35.9854 29.6683 4 3 0.0691131 2.31641e-05 14.3962 2 
1.8958 -3.78748e-05 -1 0.867753 0.201076 0.000652601 78.0741 2.44687e+06 3 42362.1 113.565 7.19853 2 1 1067.6 57.0244 18.7217 4 3 0.0715493 2.19109e-05 14.8359 2 
1.89645 -3.78651e-05 -1 0.867884 0.201046 0.000652601 78.1049 2.44675e+06 3 40440.4 210.709 5.76825 2 1 1081.77 35.6965 30.3047 4 3 0.0735665 2.02873e-05 15.3633 2 
1.8971 -3.78869e-05 -1 0.868015 0.201034 0.000652601 78.1353 2.44664e+06 3 41018.3 109.466 7.2094 2 1 996.807 30.8476 32.314 4 3 0.0813237 1.89378e-05 16.2541 2 
1.89776 -3.78888e-05 -1 0.868146 0.201011 0.000652601 78.1653 2.44653e+06 3 74329.9 97.606 9.13193 2 1 902.14 30.3388 29.7355 4 3 0.0844152 1.73836e-05 16.934 2 
1.89841 -3.78406e-05 -1 0.868277 0.200993 0.000652601 78.1968 2.44639e+06 3 63137.4 86.8207 8.99265 2 1 954.017 33.4394 28.5297 4 3 0.0854822 1.60008e-05 17.4815 2 
1.89906 -3.78411e-05 -1 0.868408 0.200966 0.000652601 78.2271 2.44628e+06 3 179506 184.323 9.91212 2 1 3283.56 140.551 23.3621 4 3 0.0855572 1.63623e-05 17.3568 2 
1.89972 -3.78833e-05 -1 0.86854 0.200951 0.000652601 78.2589 2.44612e+06 3 87098.3 111.55 9.20832 2 1 1228.09 43.0209 28.5463 4 3 0.0857112 1.64265e-05 17.3446 2 
1.90037 -3.78254e-05 -1 0.868671 0.200924 0.000652601 78.2889 2.44602e+06 3 42852.8 89.5078 7.82299 2 1 1421.06 56.4619 25.1685 4 3 0.0858005 1.60128e-05 17.4988 2 
1.90102 -3.77891e-05 -1 0.868802 0.200901 0.000652601 78.3174 2.44597e+06 3 145198 139.542 10.1333 2 1 1275.06 28.0856 45.399 4 3 0.0852978 1.59906e-05 17.4726 2 
1.90167 -3.78365e-05 -1 0.868933 0.200871 0.000652601 78.3436 2.44598e+06 2 6034.99 127.683 6.87497 2 1 1313.38 33.208 39.5501 4 3 0.0847356 1.64397e-05 17.2739 2 
1.90233 -3.78826e-05 -1 0.869064 0.200857 0.000652601 78.372 2.44593e+06 3 43268.9 128.641 6.95449 2 1 1252.05 28.3004 44.2416 4 3 0.0834644 1.98514e-05 16.14 2 
1.90298 -3.79023e-05 -1 0.869195 0.200845 0.000652601 78.4004 2.44588e+06 3 43100.8 113.08 7.25047 2 1 1058.27 23.8537 44.3648 4 3 0.0823344 2.22979e-05 15.4563 2 
1.90363 -3.78865e-05 -1 0.869326 0.2008 0.000652601 78.4313 2.44576e+06 4 242410 57.3871 8.06183 2 1 1070.24 24.6555 43.4077 4 3 0.0806389 2.30164e-05 15.1881 2 
1.90428 -3.79013e-05 -1 0.869458 0.200774 0.000652601 78.4598 2.4457e+06 3 80377.7 142.048 8.27118 2 1 1127.36 35.4021 31.8446 4 3 0.0789688 2.34415e-05 14.9907 2 
1.90494 -3.78349e-05 -1 0.869589 0.200767 0.000652601 78.4882 2.44565e+06 3 194231 166.681 10.5231 2 1 1061.74 31.0433 34.2019 4 3 0.0767544 2.37723e-05 14.7801 2 
1.90559 -3.77501e-05 -1 0.86972 0.200743 0.000652601 78.5168 2.4456e+06 3 108088 96.6271 10.3807 2 1 1106.82 34.8957 31.718 4 3 0.0746313 2.20845e-05 15.0064 2 
1.90624 -3.78028e-05 -1 0.869851 0.200718 0.000652601 78.5453 2.44554e+06 3 51206.7 78.5233 8.67181 2 1 1220.98 38.9995 31.3074 4 3 0.0720189 1.92782e-05 15.5165 2 
1.90689 -3.79193e-05 -1 0.869982 0.200707 0.000652601 78.5737 2.44549e+06 3 97530.7 221.274 7.61033 2 1 1115.66 38.6912 28.8348 4 3 0.0696632 1.49906e-05 16.6876 2 
1.90755 -3.79137e-05 -1 0.870113 0.20068 0.000652601 78.606 2.44532e+06 2 6159.8 41.3176 12.21 2 1 3989.03 88.8639 44.8893 4 3 0.0670402 1.31912e-05 17.193 2 
1.9082 -3.79081e-05 -1 0.870244 0.200662 0.000652601 78.6345 2.44527e+06 3 75541.4 89.0343 9.46693 2 1 894.306 35.1756 25.424 4 3 0.0644445 1.4454e-05 16.4588 2 
1.90885 -3.79311e-05 -1 0.870375 0.20064 0.000652601 78.6653 2.44515e+06 4 239021 88.2926 7.2132 2 1 1663.55 36.9527 45.0183 4 3 0.0617047 1.54927e-05 15.8512 2 
1.9095 -3.79642e-05 -1 0.870506 0.200613 0.000652601 78.6961 2.44502e+06 4 235615 48.0746 8.36704 2 1 982.042 32.7841 29.9548 4 3 0.0596286 1.51182e-05 15.7998 2 
1.91016 -3.79526e-05 -1 0.870637 0.200587 0.000652601 78.7243 2.44498e+06 3 44276.9 141.45 6.78982 2 1 1161.62 32.5881 35.6456 4 3 0.0597987 1.56034e-05 15.6491 2 
1.91081 -3.79775e-05 -1 0.870768 0.200567 0.000652601 78.7549 2.44486e+06 4 234431 40.6387 8.71503 2 1 1477.64 42.5479 34.7288 4 3 0.0604358 1.62609e-05 15.4899 2 
1.91146 -3.80316e-05 -1 0.870898 0.200563 0.000652601 78.7831 2.44482e+06 3 96967.8 100.477 9.8822 2 1 1215.67 44.0303 27.6098 4 3 0.0618964 1.62667e-05 15.6119 2 
1.91211 -3.81655e-05 -1 0.871029 0.200528 0.000652601 78.8113 2.44477e+06 3 68740.9 85.2237 9.30861 2 1 1651.46 38.472 42.9263 4 3 0.0681939 2.15402e-05 14.6836 2 
1.91277 -3.81528e-05 -1 0.87116 0.200498 0.000652601 78.8399 2.44472e+06 3 42284 92.8325 7.69412 2 1 1480.68 30.5212 48.5131 4 3 0.0658247 2.3391e-05 14.1182 2 
1.91342 -3.82457e-05 -1 0.871291 0.20048 0.000652601 78.8682 2.44467e+06 3 58813.2 96.9732 8.46462 2 1 1060.26 36.2202 29.2727 4 3 0.0651348 2.4754e-05 13.8056 2 
1.91407 -3.82812e-05 -1 0.871421 0.200457 0.000652601 78.8979 2.44458e+06 3 42087.3 66.239 8.59698 2 1 912.998 26.5336 34.4092 4 3 0.0644846 2.54778e-05 13.628 2 
1.91473 -3.83193e-05 -1 0.871552 0.200437 0.000652601 78.9263 2.44453e+06 3 43283.5 80.0863 8.14557 2 1 3065.8 112.841 27.1692 4 3 0.0637271 2.56127e-05 13.5505 2 
1.91538 -3.83418e-05 -1 0.871683 0.200417 0.000652601 78.9547 2.44448e+06 3 64253.2 115.683 8.22006 2 1 927.54 24.1639 38.3854 4 3 0.0628623 2.50209e-05 13.5945 2 
1.91603 -3.82984e-05 -1 0.871814 0.200391 0.000652601 78.9832 2.44443e+06 3 42878.9 105.527 7.40673 2 1 962.626 32.0481 30.0369 4 3 0.0648263 2.40904e-05 13.9092 2 
1.91668 -3.83486e-05 -1 0.871944 0.200373 0.000652601 79.018 2.44418e+06 4 175707 77.685 6.89624 2 1 922.906 27.4147 33.6647 4 3 0.067015 2.29704e-05 14.289 2 
1.91734 -3.82787e-05 -1 0.872075 0.200346 0.000652601 79.0464 2.44414e+06 3 41192.9 75.8907 8.15727 2 1 922.531 27.6789 33.3297 4 3 0.0690242 2.13823e-05 14.7791 2 
1.91799 -3.82773e-05 -1 0.872206 0.200329 0.000652601 79.0747 2.44409e+06 3 42963.4 71.2025 8.45022 2 1 1213.05 34.136 35.5357 4 3 0.0713158 2.58305e-05 14.0287 2 
1.91864 -3.83567e-05 -1 0.872336 0.200302 0.000652601 79.1053 2.44397e+06 4 208870 33.6904 8.87344 2 1 1248.69 33.281 37.5197 4 3 0.0727742 8.74172e-05 9.40719 2 
1.91929 -3.84078e-05 -1 0.872467 0.200285 0.000652601 79.1364 2.44384e+06 3 96506.3 156.247 8.51625 2 1 1265.97 27.6047 45.8607 4 4 0.0798235 2.33359e-05 7.64762 2 
1.91995 -3.84071e-05 -1 0.872598 0.200266 0.000652601 79.1674 2.44371e+06 3 42866.4 79.6134 8.13537 2 1 1236.05 55.2396 22.3762 4 4 0.0835496 2.2189e-05 7.83342 2 
1.9206 -3.84334e-05 -1 0.872728 0.200233 0.000652601 79.197 2.44363e+06 3 42417.6 104.239 7.41035 2 1 1070.45 21.9975 48.6624 4 3 0.0843384 9.71019e-05 9.54112 2 
1.92125 -3.8459e-05 -1 0.872859 0.200217 0.000652601 79.2253 2.44358e+06 3 81509.1 67.9262 10.6265 2 1 1063 28.3114 37.5468 4 3 0.0857446 8.24701e-05 10.1306 2 
1.9219 -3.842e-05 -1 0.87299 0.200194 0.000652601 79.254 2.44352e+06 3 48958.6 88.0272 8.22377 2 1 1134.7 27.4398 41.3524 4 3 0.0859424 7.26938e-05 10.5739 2 
1.92256 -3.84818e-05 -1 0.87312 0.200143 0.000652601 79.2822 2.44348e+06 3 244426 138.565 12.0827 2 1 3615.34 85.2001 42.4336 4 3 0.0860004 6.7565e-05 10.8374 2 
1.92321 -3.85319e-05 -1 0.873251 0.200152 0.000652601 79.3104 2.44344e+06 3 103608 70.6053 11.3637 2 1 1134.8 41.7822 27.16 4 3 0.0853287 6.41799e-05 10.9959 2 
1.92386 -3.86592e-05 -1 0.873382 0.200128 0.000652601 79.3386 2.44339e+06 3 49827 109.851 7.6834 2 1 1308.82 73.8475 17.7233 4 3 0.0837798 5.65095e-05 11.4027 2 
1.92451 -3.86115e-05 -1 0.873512 0.200108 0.000652601 79.3673 2.44334e+06 3 31646.5 40.5793 9.20465 2 1 1210.14 32.5877 37.1349 4 3 0.0824379 5.08489e-05 11.7476 2 
1.92517 -3.8618e-05 -1 0.873643 0.200094 0.000652601 79.3971 2.44325e+06 3 73504.1 126.934 8.33512 2 1 1077.35 24.9331 43.2098 4 3 0.0806799 4.88992e-05 11.8165 2 
1.92582 -3.86581e-05 -1 0.873774 0.200077 0.000652601 79.4255 2.4432e+06 3 72468 105.221 8.83108 2 1 936.513 22.42 41.7712 4 3 0.0784711 4.92344e-05 11.681 2 
1.92647 -3.86327e-05 -1 0.873904 0.200042 0.000652601 79.4538 2.44315e+06 3 212041 180.24 10.5566 2 1 1552.24 29.8093 52.0724 4 3 0.0761906 4.72835e-05 11.7237 2 
1.92712 -3.86327e-05 -1 0.874035 0.200031 0.000652601 79.482 2.44311e+06 3 152751 92.6988 11.8115 2 1 1338.84 40.0899 33.3959 4 3 0.0735672 4.17652e-05 12.0769 2 
1.92778 -3.8682e-05 -1 0.874165 0.200011 0.000652601 79.5127 2.44299e+06 4 237852 159.637 6.21289 2 1 1291.1 55.0677 23.4457 4 3 0.0711696 3.70622e-05 12.4295 2 
1.92843 -3.85712e-05 -1 0.874296 0.199973 0.000652601 79.5418 2.44292e+06 3 59794.7 136.42 7.59618 2 1 1314.38 44.8597 29.2997 4 3 0.0680579 3.5338e-05 12.4417 2 
1.92908 -3.85529e-05 -1 0.874426 0.19995 0.000652601 79.5724 2.4428e+06 4 240566 52.8447 8.21407 2 1 1359.94 72.6082 18.7298 4 3 0.0654426 3.60154e-05 12.2027 2 
1.92973 -3.85931e-05 -1 0.874557 0.19994 0.000652601 79.6068 2.44257e+06 3 66105.4 157.35 7.48957 2 1 2869.11 128.595 22.3112 4 3 0.0631248 3.57724e-05 12.0842 2 
1.93039 -3.85341e-05 -1 0.874687 0.199922 0.000652601 79.6349 2.44253e+06 3 41787.4 89.4744 7.75858 2 1 1555.15 32.3913 48.0113 4 3 0.0701191 3.59864e-05 12.4901 2 
1.93104 -3.85159e-05 -1 0.874818 0.199902 0.000652601 79.6631 2.44249e+06 3 42905 105.325 7.41297 2 1 2745.11 54.7912 50.1013 4 3 0.0673762 3.44822e-05 12.5017 2 
1.93169 -3.84831e-05 -1 0.874948 0.199882 0.000652601 79.6914 2.44245e+06 3 94521.7 100.393 9.80114 2 1 903.809 31.265 28.908 4 3 0.0665538 3.00213e-05 13.0391 2 
1.93235 -3.84513e-05 -1 0.875078 0.199857 0.000652601 79.7197 2.4424e+06 3 41564.1 107.637 7.28202 2 1 1174.79 24.6973 47.5676 4 3 0.0663008 2.71233e-05 13.4708 2 
1.933 -3.84583e-05 -1 0.875209 0.199841 0.000652601 79.7481 2.44235e+06 3 61902.8 82.616 9.08271 2 1 1006.84 35.2519 28.5614 4 3 0.0679349 2.48388e-05 13.9847 2 
1.93365 -3.84703e-05 -1 0.875339 0.199808 0.000652601 79.7762 2.44231e+06 3 117122 118.76 9.9538 2 1 935.981 27.995 33.4338 4 3 0.0683907 2.54171e-05 13.9088 2 
1.9343 -3.84556e-05 -1 0.87547 0.19978 0.000652601 79.8045 2.44227e+06 3 170606 180.682 9.81055 2 1 943.802 30.98 30.4649 4 3 0.0694579 2.61338e-05 13.8518 2 
1.93496 -3.84734e-05 -1 0.8756 0.19977 0.000652601 79.8328 2.44222e+06 3 43251.4 152.831 6.56542 2 1 1210.13 47.6914 25.3742 4 3 0.0696535 2.55623e-05 13.9674 2 
1.93561 -3.84299e-05 -1 0.87573 0.199735 0.000652601 79.8611 2.44218e+06 3 42502.6 90.423 7.77521 2 1 1466.78 59.4476 24.6734 4 3 0.0700354 2.58663e-05 13.9378 2 
1.93626 -3.8364e-05 -1 0.87586 0.199719 0.000652601 79.8892 2.44214e+06 3 135195 192.159 8.89406 2 1 1298.93 22.5843 57.5148 4 3 0.0701533 2.54363e-05 14.0238 2 
1.93691 -3.82085e-05 -1 0.875991 0.199708 0.000652601 79.9174 2.4421e+06 3 41381.8 118.443 7.04314 2 1 1378.65 34.498 39.9632 4 3 0.070322 2.34727e-05 14.4159 2 
1.93757 -3.82078e-05 -1 0.876121 0.199685 0.000652601 79.9453 2.44207e+06 3 50039.9 138.718 7.1186 2 1 1251.49 64.0855 19.5284 4 3 0.0702111 2.0385e-05 15.1019 2 
1.93822 -3.82422e-05 -1 0.876251 0.199669 0.000652601 79.9736 2.44202e+06 3 42462.1 82.3464 8.01898 2 1 3420.89 81.1508 42.1547 4 3 0.0701613 2.04534e-05 15.0815 2 
1.93887 -3.82258e-05 -1 0.876382 0.199646 0.000652601 80.0058 2.44186e+06 3 77995.1 92.4214 9.44999 2 1 1332.59 25.794 51.6627 4 3 0.0698962 2.1244e-05 14.8732 2 
1.93952 -3.82285e-05 -1 0.876512 0.199619 0.000652601 80.034 2.44182e+06 3 35497.4 83.8317 7.50924 2 1 1080.69 33.3186 32.4349 4 3 0.0714377 2.16477e-05 14.8881 2 
1.94018 -3.82641e-05 -1 0.876642 0.199602 0.000652601 80.0623 2.44177e+06 3 189739 159.976 10.5852 2 1 1411.42 33.6053 42 4 3 0.0794508 2.18293e-05 15.3822 2 
1.94083 -3.82915e-05 -1 0.876772 0.199592 0.000652601 80.0945 2.44161e+06 3 41863.8 78.1621 8.12109 2 1 1157.25 40.6347 28.4793 4 3 0.0826533 2.04759e-05 15.9223 2 
1.94148 -3.83349e-05 -1 0.876903 0.199561 0.000652601 80.1254 2.44148e+06 4 242293 86.1977 7.28134 2 1 1301.8 32.4598 40.1051 4 3 0.0833563 1.80393e-05 16.6561 2 
1.94213 -3.84049e-05 -1 0.877033 0.199581 0.000652601 80.1515 2.44151e+06 2 36880.5 193.42 13.8086 2 1 1102.34 38.2103 28.8494 4 3 0.0840556 1.79836e-05 16.7198 2 
1.94279 -3.84146e-05 -1 0.877163 0.199526 0.000652601 80.1796 2.44147e+06 3 73614.8 87.3488 9.44574 2 1 1188.31 36.4104 32.6365 4 3 0.0843105 1.81263e-05 16.6926 2 
1.94344 -3.84224e-05 -1 0.877293 0.199512 0.000652601 80.2077 2.44143e+06 3 46163.1 105.413 7.59393 2 1 1001.61 39.1838 25.562 4 3 0.0841605 1.81199e-05 16.6847 2 
1.94409 -3.8381e-05 -1 0.877424 0.199478 0.000652601 80.2358 2.44139e+06 3 155408 80.2539 12.4643 2 1 1209.34 32.355 37.3773 4 3 0.0831714 1.88465e-05 16.4027 2 
1.94474 -3.84559e-05 -1 0.877554 0.19946 0.000652601 80.2663 2.44128e+06 4 200085 21.3004 9.8448 2 1 984.331 39.0026 25.2376 4 3 0.0819378 2.16698e-05 15.5791 2 
1.9454 -3.84159e-05 -1 0.877684 0.199439 0.000652601 80.2972 2.44116e+06 3 42908.2 93.5627 7.71163 2 1 2583.1 77.928 33.1472 4 3 0.080362 2.48694e-05 14.7841 2 
1.94605 -3.83975e-05 -1 0.877814 0.199413 0.000652601 80.3283 2.44103e+06 4 237102 41.9956 8.66828 2 1 1269.17 32.3154 39.2745 4 3 0.0783025 2.73298e-05 14.203 2 
1.9467 -3.83781e-05 -1 0.877944 0.199435 0.000652601 80.3572 2.44097e+06 3 228905 171.262 11.0153 2 1 1220.91 27.6538 44.1496 4 3 0.0759413 2.79072e-05 13.9611 2 
1.94736 -3.83704e-05 -1 0.878074 0.199382 0.000652601 80.3864 2.44089e+06 3 41723.4 64.3086 8.65706 2 1 1301.63 43.2416 30.1014 4 3 0.0733594 2.83557e-05 13.7279 2 
1.94801 -3.83662e-05 -1 0.878204 0.199362 0.000652601 80.4157 2.44082e+06 3 43034.4 88.0894 7.87585 2 1 1685.44 42.3169 39.8291 4 3 0.0706081 2.82386e-05 13.5728 2 
1.94866 -3.83133e-05 -1 0.878334 0.19935 0.000652601 80.4464 2.4407e+06 4 241802 63.3851 7.85901 2 1 1039.51 35.2662 29.476 4 3 0.0724539 2.79328e-05 13.7399 2 
1.94931 -3.82746e-05 -1 0.878464 0.199319 0.000652601 80.4747 2.44066e+06 3 41409 89.8729 7.72364 2 1 1360.15 28.5523 47.6371 4 3 0.0690454 2.85051e-05 13.4298 2 
1.94997 -3.82759e-05 -1 0.878594 0.199302 0.000652601 80.5031 2.44061e+06 3 41089.3 128.668 6.83522 2 1 992.002 29.7553 33.3386 4 3 0.067917 2.82615e-05 13.3945 2 
1.95062 -3.83101e-05 -1 0.878724 0.199274 0.000652601 80.5313 2.44057e+06 3 59892.8 97.5023 8.50067 2 1 994.758 44.745 22.2317 4 3 0.0665586 2.7789e-05 13.3796 2 
1.95127 -3.83386e-05 -1 0.878854 0.199254 0.000652601 80.5596 2.44053e+06 3 111927 180.596 8.52594 2 1 918.32 30.1808 30.4273 4 3 0.0651295 2.7133e-05 13.3894 2 
1.95192 -3.82727e-05 -1 0.878985 0.199229 0.000652601 80.5899 2.44042e+06 3 165036 147.218 10.3882 2 1 921.288 38.0803 24.1933 4 3 0.06336 2.61288e-05 13.4348 2 
1.95258 -3.8213e-05 -1 0.879115 0.19922 0.000652601 80.6183 2.44038e+06 3 48967.9 72.314 8.78138 2 1 1320.67 54.7602 24.1174 4 3 0.0613878 2.49925e-05 13.4924 2 
1.95323 -3.8282e-05 -1 0.879245 0.199191 0.000652601 80.6466 2.44033e+06 3 136385 220.015 8.52651 2 1 3236.25 76.5692 42.2657 4 3 0.0597231 2.37359e-05 13.6012 2 
1.95388 -3.83675e-05 -1 0.879375 0.199181 0.000652601 80.675 2.44029e+06 3 43234.1 114.788 7.22177 2 1 1223.25 42.5904 28.7213 4 3 0.0574666 2.2497e-05 13.6699 2 
1.95453 -3.84076e-05 -1 0.879505 0.199168 0.000652601 80.7073 2.44012e+06 3 41188.1 75.1596 8.18331 2 1 1305.21 34.8248 37.4794 4 3 0.0581442 2.12905e-05 13.9779 2 
1.95519 -3.84439e-05 -1 0.879635 0.199141 0.000652601 80.7358 2.44007e+06 3 42631.4 61.9339 8.82945 2 1 1109.95 22.9282 48.4099 4 3 0.0592786 1.99812e-05 14.369 2 
1.95584 -3.84747e-05 -1 0.879765 0.199116 0.000652601 80.7642 2.44003e+06 3 79204.9 123.536 8.62289 2 1 959.821 27.6058 34.7687 4 3 0.060461 1.90801e-05 14.6881 2 
1.95649 -3.85037e-05 -1 0.879894 0.199092 0.000652601 80.7923 2.43999e+06 3 51836.5 97.0026 8.11492 2 1 1440.2 39.6787 36.2965 4 3 0.0616187 1.92371e-05 14.7409 2 
1.95714 -3.84886e-05 -1 0.880024 0.199068 0.000652601 80.8204 2.43995e+06 3 42801.2 113.279 7.22939 2 1 1114.34 29.128 38.2566 4 3 0.0653544 1.61059e-05 15.9501 2 
1.9578 -3.84648e-05 -1 0.880154 0.199049 0.000652601 80.8487 2.43991e+06 3 185340 161.728 10.4647 2 1 1095.02 23.0138 47.5811 4 3 0.0660876 1.66096e-05 15.846 2 
1.95845 -3.8394e-05 -1 0.880284 0.199025 0.000652601 80.8777 2.43984e+06 3 41887 112.795 7.18781 2 1 1178.02 38.7898 30.3693 4 3 0.0676639 1.68815e-05 15.8848 2 
1.9591 -3.83655e-05 -1 0.880414 0.199009 0.000652601 80.9102 2.43967e+06 3 47814.5 80.4028 8.40936 2 1 1341.53 38.3682 34.9646 4 3 0.0692942 3.57293e-05 12.4707 2 
1.95975 -3.84179e-05 -1 0.880544 0.198993 0.000652601 80.9411 2.43955e+06 3 244680 162.896 11.4524 2 1 1167.37 30.2836 38.5479 4 4 0.0775351 1.82163e-05 8.07718 2 
1.96041 -3.8489e-05 -1 0.880674 0.198974 0.000652601 80.972 2.43943e+06 3 70836.2 100.473 8.90025 2 1 2684.04 95.0734 28.2312 4 4 0.0810559 1.91527e-05 8.06564 2 
1.96106 -3.85375e-05 -1 0.880803 0.198954 0.000652601 81.0002 2.43939e+06 3 125328 108.292 10.4991 2 1 1059.3 46.5958 22.7338 4 3 0.0821718 8.86529e-05 9.75012 2 
1.96171 -3.85478e-05 -1 0.880933 0.198933 0.000652601 81.0289 2.43934e+06 3 149784 144.335 10.1243 2 1 1473.24 24.1756 60.9388 4 3 0.0833508 7.70835e-05 10.264 2 
1.96237 -3.85898e-05 -1 0.881063 0.198912 0.000652601 81.0595 2.43922e+06 4 197544 94.5622 6.76062 2 1 1024.73 28.1782 36.3663 4 3 0.0828831 6.7625e-05 10.7017 2 
1.96302 -3.85462e-05 -1 0.881193 0.198879 0.000652601 81.0941 2.43899e+06 4 219110 67.61 7.54506 2 1 1302.48 63.7115 20.4435 4 3 0.0821878 6.02254e-05 11.092 2 
1.96367 -3.85954e-05 -1 0.881323 0.198867 0.000652601 81.1226 2.43894e+06 3 89382.2 135.086 8.71392 2 1 1072.98 56.2177 19.0862 4 3 0.0810215 5.91532e-05 11.1056 2 
1.96432 -3.86017e-05 -1 0.881452 0.198844 0.000652601 81.1511 2.43889e+06 3 232625 172.42 11.0498 2 1 1135.65 33.5182 33.8816 4 3 0.0804553 5.3144e-05 11.4824 2 
1.96498 -3.85939e-05 -1 0.881582 0.198837 0.000652601 81.1793 2.43885e+06 3 42963.4 89.0438 7.84329 2 1 1287.41 55.7979 23.0727 4 3 0.0787706 4.59747e-05 11.966 2 
1.96563 -3.8595e-05 -1 0.881711 0.198816 0.000652601 81.2074 2.43881e+06 3 41510.6 107.264 7.28733 2 1 1606.41 51.3511 31.2829 4 3 0.0770167 4.34143e-05 12.1055 2 
1.96628 -3.85997e-05 -1 0.881841 0.198791 0.000652601 81.2355 2.43878e+06 3 42657.6 94.8701 7.66106 2 1 953.733 38.1153 25.0223 4 3 0.0757552 4.32859e-05 12.051 2 
1.96693 -3.86028e-05 -1 0.881971 0.198768 0.000652601 81.2637 2.43874e+06 3 42422.4 114.158 7.18945 2 1 1471.52 29.7642 49.4393 4 3 0.0755212 4.3379e-05 12.0299 2 
1.96759 -3.86112e-05 -1 0.8821 0.198749 0.000652601 81.298 2.43852e+06 4 243887 49.3765 8.38334 2 1 1008.93 38.1952 26.4151 4 3 0.0750256 3.97229e-05 12.3611 2 
1.96824 -3.86321e-05 -1 0.88223 0.198719 0.000652601 81.3262 2.43847e+06 3 113143 137.37 9.37373 2 1 938.751 33.3828 28.1208 4 3 0.0744717 3.43056e-05 12.9482 2 
1.96889 -3.87438e-05 -1 0.88236 0.198713 0.000652601 81.3547 2.43843e+06 3 167266 208.132 9.29729 2 1 3054.36 68.7364 44.4359 4 3 0.0737371 3.19803e-05 13.211 2 
1.96954 -3.86527e-05 -1 0.882489 0.198685 0.000652601 81.383 2.43838e+06 3 42720 122.238 7.04382 2 1 1097.19 54.9969 19.95 4 3 0.0728903 3.11113e-05 13.2816 2 
1.9702 -3.86308e-05 -1 0.882619 0.198663 0.000652601 81.4114 2.43834e+06 3 42823.5 77.0164 8.22305 2 1 1477.68 32.3033 45.7439 4 3 0.0719442 3.15413e-05 13.1635 2 
1.97085 -3.86347e-05 -1 0.882749 0.198651 0.000652601 81.4397 2.4383e+06 3 131031 113.638 10.4862 2 1 1228.52 24.1623 50.8443 4 3 0.0709001 3.10325e-05 13.1707 2 
1.9715 -3.86202e-05 -1 0.882879 0.198647 0.000652601 81.4681 2.43825e+06 3 91074.6 94.136 9.8904 2 1 1422.06 23.043 61.7132 4 3 0.0697294 3.17727e-05 12.9953 2 
1.97215 -3.86621e-05 -1 0.883008 0.198622 0.000652601 81.4962 2.43821e+06 3 41312.9 104.75 7.3335 2 1 1139.55 32.4696 35.096 4 3 0.0686797 2.84744e-05 13.4109 2 
1.97281 -3.86569e-05 -1 0.883138 0.19859 0.000652601 81.5243 2.43818e+06 3 57572.2 96.1378 8.42894 2 1 1101.33 26.6527 41.3216 4 3 0.0671903 2.52351e-05 13.8601 2 
1.97346 -3.86504e-05 -1 0.883268 0.198575 0.000652601 81.5522 2.43815e+06 3 76061.1 134.502 8.26947 2 1 1499.35 32.3408 46.3609 4 3 0.0659936 2.23343e-05 14.3497 2 
1.97411 -3.85937e-05 -1 0.883397 0.198561 0.000652601 81.5801 2.43812e+06 3 50799.7 169.379 6.69372 2 1 1080.93 34.125 31.6757 4 3 0.0645759 2.09147e-05 14.5615 2 
1.97476 -3.85279e-05 -1 0.883527 0.198537 0.000652601 81.6114 2.43798e+06 3 100726 50.5652 12.5824 2 1 1471.93 40.3742 36.4573 4 3 0.0631918 2.2513e-05 14.1062 2 
1.97542 -3.85586e-05 -1 0.883657 0.198548 0.000652601 81.64 2.43793e+06 3 180188 144.63 10.7603 2 1 1043.22 39.6771 26.2927 4 3 0.064007 2.26409e-05 14.1398 2 
1.97607 -3.83421e-05 -1 0.883786 0.198483 0.000652601 81.67 2.43784e+06 3 49708.9 94.6635 8.06772 2 1 2051.01 68.8939 29.7705 4 3 0.0655591 2.22064e-05 14.3456 2 
1.97672 -3.8259e-05 -1 0.883916 0.198474 0.000652601 81.7 2.43775e+06 3 41026.1 122.442 6.9456 2 1 1346.56 51.1896 26.3053 4 3 0.0646566 2.26475e-05 14.1861 2 
1.97737 -3.83023e-05 -1 0.884045 0.198458 0.000652601 81.7281 2.43771e+06 3 42766.7 70.1785 8.47814 2 1 1075.1 42.5715 25.2539 4 3 0.0647242 2.13452e-05 14.474 2 
1.97803 -3.83648e-05 -1 0.884175 0.198444 0.000652601 81.7586 2.4376e+06 4 242889 45.769 8.53511 2 1 1049.92 38.3186 27.3998 4 3 0.0669145 1.96354e-05 15.0485 2 
1.97868 -3.8408e-05 -1 0.884304 0.198425 0.000652601 81.7868 2.43756e+06 3 119770 73.5664 11.764 2 1 976.988 33.3479 29.2968 4 3 0.0689779 1.67307e-05 16.0349 2 
1.97933 -3.84879e-05 -1 0.884434 0.198357 0.000652601 81.8148 2.43753e+06 3 203789 182.969 10.3657 2 1 1454.37 50.4364 28.8357 4 3 0.0774884 1.46615e-05 17.4188 2 
1.97999 -3.85444e-05 -1 0.884563 0.198381 0.000652601 81.8429 2.43749e+06 3 40181.2 108.667 7.17754 2 1 1189.58 72.1519 16.4872 4 3 0.0805455 1.41286e-05 17.8641 2 
1.98064 -3.85709e-05 -1 0.884692 0.198358 0.000652601 81.8711 2.43746e+06 3 90612.2 114.358 9.25351 2 1 1244.51 48.9274 25.4358 4 3 0.0809506 1.57683e-05 17.2509 2 
1.98129 -3.86117e-05 -1 0.884822 0.198343 0.000652601 81.8993 2.43742e+06 3 41955 120.545 7.03414 2 1 1158.25 49.0701 23.6039 4 3 0.0823511 1.70461e-05 16.905 2 
1.98194 -3.85975e-05 -1 0.884951 0.198321 0.000652601 81.9301 2.4373e+06 4 235197 71.5152 7.57284 2 1 1070.15 42.0172 25.4694 4 3 0.0818892 1.84141e-05 16.4447 2 
1.9826 -3.85957e-05 -1 0.88508 0.198317 0.000652601 81.9582 2.43726e+06 3 72386.4 213.576 6.97217 2 1 1563.15 42.9907 36.3601 4 3 0.0804606 1.84546e-05 16.3365 2 
1.98325 -3.86108e-05 -1 0.88521 0.198282 0.000652601 81.9885 2.43716e+06 4 223529 87.2828 7.11379 2 1 1391.25 43.8412 31.7338 4 3 0.0785599 2.02641e-05 15.7093 2 
1.9839 -3.86945e-05 -1 0.885339 0.198269 0.000652601 82.0176 2.4371e+06 3 49239 88.6043 8.22151 2 1 2967.16 66.005 44.9536 4 3 0.0766463 2.06419e-05 15.4851 2 
1.98455 -3.87789e-05 -1 0.885468 0.198243 0.000652601 82.0458 2.43706e+06 3 42447.1 102.549 7.45256 2 1 1540.58 25.3629 60.7416 4 3 0.0781548 1.84881e-05 16.1692 2 
1.98521 -3.87839e-05 -1 0.885597 0.198224 0.000652601 82.0738 2.43703e+06 3 89833.2 181.534 7.90969 2 1 953.018 30.5278 31.2181 4 3 0.0792135 1.79752e-05 16.3949 2 
1.98586 -3.87449e-05 -1 0.885727 0.198211 0.000652601 82.106 2.43687e+06 3 108103 90.7465 10.6007 2 1 904.456 25.5595 35.3862 4 3 0.0798836 1.73433e-05 16.6383 2 
1.98651 -3.87266e-05 -1 0.885856 0.198202 0.000652601 82.1378 2.43672e+06 4 241925 149.86 6.33868 2 1 932.943 28.9539 32.2217 4 3 0.0802136 1.6629e-05 16.8964 2 
1.98716 -3.85534e-05 -1 0.885985 0.198168 0.000652601 82.1661 2.43668e+06 3 41601.5 69.0559 8.44571 2 1 1334.29 46.3841 28.766 4 3 0.0803371 1.57835e-05 17.2017 2 
1.98782 -3.84754e-05 -1 0.886115 0.198148 0.000652601 82.1992 2.4365e+06 4 149531 55.4592 7.20592 2 1 1273.91 38.4031 33.1721 4 3 0.0804809 1.53318e-05 17.3793 2 
1.98847 -3.84836e-05 -1 0.886244 0.198127 0.000652601 82.2273 2.43646e+06 3 58534 135.797 7.55393 2 1 1296.17 32.1459 40.3213 4 3 0.079662 1.50769e-05 17.4173 2 
1.98912 -3.84796e-05 -1 0.886373 0.198118 0.000652601 82.2553 2.43643e+06 3 29077.6 66.2119 7.60106 2 1 1259.43 29.0805 43.3085 4 3 0.0796238 1.47417e-05 17.5455 2 
1.98977 -3.8566e-05 -1 0.886503 0.198099 0.000652601 82.2836 2.43639e+06 3 42493.8 130.017 6.88825 2 1 1111.73 28.9249 38.4352 4 3 0.0787379 1.46288e-05 17.525 2 
1.99043 -3.865e-05 -1 0.886632 0.198077 0.000652601 82.3185 2.43615e+06 4 77615.9 59.1923 6.01757 2 1 974.204 23.577 41.3202 4 3 0.0778524 1.51016e-05 17.2749 2 
1.99108 -3.86749e-05 -1 0.886761 0.198061 0.000652601 82.3492 2.43604e+06 4 52768.4 108.904 4.69172 2 1 1284.38 26.6786 48.1427 4 3 0.0768137 1.56748e-05 16.9855 2 
1.99173 -3.87119e-05 -1 0.886891 0.198036 0.000652601 82.3775 2.43599e+06 3 42957.1 93.0733 7.72805 2 1 1746.84 57.1082 30.5884 4 3 0.0756845 1.60195e-05 16.7798 2 
1.99238 -3.87576e-05 -1 0.88702 0.198001 0.000652601 82.41 2.43583e+06 3 183340 174.453 10.167 2 1 1068.12 26.0765 40.9609 4 3 0.0743539 1.59334e-05 16.7108 2 
1.99304 -3.89073e-05 -1 0.887149 0.198011 0.000652601 82.438 2.4358e+06 3 41601 117.317 7.07806 2 1 1217.66 65.7339 18.524 4 3 0.0730813 1.56922e-05 16.6997 2 
1.99369 -3.89809e-05 -1 0.887279 0.197987 0.000652601 82.4659 2.43577e+06 3 49201.7 72.0851 8.80464 2 1 1415.13 57.8471 24.4633 4 3 0.0714306 1.58633e-05 16.5132 2 
1.99434 -3.89777e-05 -1 0.887408 0.197968 0.000652601 82.4938 2.43574e+06 3 41904.6 117.724 7.08705 2 1 1186.18 30.8594 38.4382 4 3 0.0700142 1.60926e-05 16.325 2 
1.995 -3.90216e-05 -1 0.887537 0.197951 0.000652601 82.5216 2.43571e+06 3 69918.8 75.5326 9.74585 2 1 1102.28 51.6722 21.3321 4 3 0.0682888 1.72274e-05 15.8262 2 
1.99565 -3.90607e-05 -1 0.887667 0.197922 0.000652601 82.552 2.43561e+06 4 144202 61.8893 6.94767 2 1 1610.25 24.217 66.4927 4 3 0.0665936 1.87006e-05 15.2707 2 
1.9963 -3.90639e-05 -1 0.887796 0.197907 0.000652601 82.5824 2.43551e+06 4 237585 30.299 9.41018 2 1 1204.6 22.1694 54.3361 4 3 0.0645914 2.0331e-05 14.7007 2 
1.99695 -3.90519e-05 -1 0.887925 0.197889 0.000652601 82.6125 2.43541e+06 3 197504 198.56 9.98224 2 1 1148.25 30.7466 37.3455 4 3 0.0661845 1.95187e-05 15.0234 2 
1.99761 -3.90437e-05 -1 0.888054 0.197867 0.000652601 82.6408 2.43537e+06 3 42266.7 113.114 7.20268 2 1 1374.68 57.8361 23.7685 4 3 0.0681105 1.70884e-05 15.8552 2 
1.99826 -3.91077e-05 -1 0.888183 0.197854 0.000652601 82.6689 2.43534e+06 3 87044.7 76.5188 10.439 2 1 1378.89 60.9503 22.6233 4 3 0.0775245 1.66999e-05 16.6818 2 
1.99891 -3.90773e-05 -1 0.888312 0.197843 0.000652601 82.6971 2.4353e+06 3 64773.4 46.8781 11.138 2 1 1089.33 35.003 31.1212 4 3 0.0785336 1.86876e-05 16.1374 2 
1.99956 -3.91214e-05 -1 0.888441 0.19783 0.000652601 82.7274 2.4352e+06 4 236178 59.8385 7.92619 2 1 2669.82 64.6156 41.3186 4 3 0.0802814 2.00783e-05 15.8719 2 
2.00022 -3.90606e-05 -1 0.88857 0.197808 0.000652601 82.7552 2.43517e+06 3 42857.4 98.5298 7.5768 2 1 1136.64 45.058 25.2263 4 3 0.0806396 5.3217e-05 11.4859 2 
2.00087 -3.90588e-05 -1 0.888699 0.197783 0.000652601 82.7811 2.4352e+06 1 1676.11 227.407 7.37051 2 1 1410.16 44.832 31.4543 4 4 0.0804961 2.32504e-05 7.67072 2 
2.00152 -3.91338e-05 -1 0.888828 0.197749 0.000652601 82.8116 2.4351e+06 3 42648.6 78.5765 8.15713 2 1 1205.28 47.1982 25.5365 4 4 0.0787399 2.19586e-05 7.73834 2 
2.00217 -3.91443e-05 -1 0.888957 0.19774 0.000652601 82.8428 2.43497e+06 3 41581.6 106.125 7.31748 2 1 1859.67 58.7247 31.6676 4 4 0.0774318 2.06001e-05 7.83001 2 
2.00283 -3.91812e-05 -1 0.889086 0.197722 0.000652601 82.8739 2.43485e+06 4 226418 58.6499 7.88245 2 1 879.8 31.7972 27.6692 4 3 0.074833 8.68869e-05 9.51436 2 
2.00348 -3.91919e-05 -1 0.889215 0.197679 0.000652601 82.9029 2.43479e+06 3 162158 182.899 9.60673 2 1 884.006 28.8981 30.5905 4 3 0.0719912 7.56015e-05 9.83822 2 
2.00413 -3.91735e-05 -1 0.889343 0.197695 0.000652601 82.9334 2.43468e+06 3 59065.1 91.644 8.63792 2 1 1195.98 52.7033 22.6926 4 3 0.0754791 6.7725e-05 10.3679 2 
2.00478 -3.91754e-05 -1 0.889472 0.197674 0.000652601 82.9636 2.43459e+06 4 242262 69.0096 7.6974 2 1 1470.43 64.9688 22.6328 4 3 0.0782099 6.60263e-05 10.5807 2 
2.00544 -3.91781e-05 -1 0.889601 0.197651 0.000652601 82.9957 2.43443e+06 3 41267.5 98.9756 7.47068 2 1 1312.13 26.2024 50.0766 4 3 0.0794143 5.86439e-05 11.0635 2 
2.00609 -3.91461e-05 -1 0.88973 0.197634 0.000652601 83.0237 2.4344e+06 3 54356.1 59.4748 9.70447 2 1 1238.53 38.8684 31.8645 4 3 0.081274 5.1542e-05 11.6394 2 
2.00674 -3.91819e-05 -1 0.889859 0.197617 0.000652601 83.0517 2.43437e+06 3 41214.6 93.8155 7.60196 2 1 1414.7 55.3373 25.5651 4 3 0.0817871 4.89239e-05 11.8683 2 
2.00739 -3.92198e-05 -1 0.889988 0.197597 0.000652601 83.0796 2.43434e+06 3 36727.1 68.5139 8.12337 2 1 1058.21 29.4259 35.9617 4 3 0.0823919 4.85664e-05 11.9266 2 
2.00805 -3.9234e-05 -1 0.890117 0.197579 0.000652601 83.1107 2.43422e+06 3 74906.2 110.424 8.78654 2 1 1008.46 22.6716 44.4813 4 3 0.0824449 4.84274e-05 11.9405 2 
2.0087 -3.92197e-05 -1 0.890246 0.197561 0.000652601 83.1388 2.43418e+06 3 52141.9 115.59 7.6693 2 1 1081.38 29.2312 36.994 4 3 0.0823869 4.37008e-05 12.3535 2 
2.00935 -3.9218e-05 -1 0.890375 0.197536 0.000652601 83.1668 2.43415e+06 3 97765.1 73.3413 11.0055 2 1 1342.3 30.8347 43.532 4 3 0.0818747 3.78981e-05 12.9274 2 
2.01 -3.91955e-05 -1 0.890504 0.197522 0.000652601 83.1949 2.43412e+06 3 176216 199.399 9.59639 2 1 1292.39 35.6549 36.2472 4 3 0.0813292 3.58519e-05 13.1395 2 
2.01066 -3.91189e-05 -1 0.890633 0.197509 0.000652601 83.2229 2.43409e+06 3 41066.9 73.9643 8.21908 2 1 1389.19 40.2884 34.4811 4 3 0.0804503 3.5299e-05 13.16 2 
2.01131 -3.9098e-05 -1 0.890762 0.197483 0.000652601 83.2513 2.43404e+06 3 39706.6 154.001 6.36472 2 1 1342.1 39.0426 34.3753 4 3 0.0793138 3.57285e-05 13.045 2 
2.01196 -3.91298e-05 -1 0.890891 0.197472 0.000652601 83.2799 2.434e+06 3 46385.8 83.2397 8.22908 2 1 1148.47 42.9374 26.7475 4 3 0.0781139 3.48568e-05 13.0862 2 
2.01262 -3.91195e-05 -1 0.89102 0.197448 0.000652601 83.3118 2.43385e+06 3 72082.3 213.754 6.96046 2 1 1046 34.794 30.0625 4 3 0.0767554 3.57554e-05 12.9 2 
2.01327 -3.91146e-05 -1 0.891149 0.197442 0.000652601 83.3397 2.43382e+06 3 146214 104.09 11.1994 2 1 959.634 36.5116 26.283 4 3 0.0751144 3.17022e-05 13.3315 2 
2.01392 -3.9082e-05 -1 0.891278 0.197412 0.000652601 83.3699 2.43373e+06 4 238942 34.3102 9.13519 2 1 1421.14 43.1861 32.9074 4 3 0.0734701 2.82504e-05 13.7519 2 
2.01457 -3.90719e-05 -1 0.891407 0.197398 0.000652601 83.4015 2.43359e+06 4 190772 28.3448 9.05754 2 1 2504.92 67.965 36.856 4 3 0.0716668 2.56296e-05 14.0883 2 
2.01523 -3.90807e-05 -1 0.891536 0.197371 0.000652601 83.4291 2.43357e+06 3 88262.2 107.71 9.35779 2 1 1255.77 27.4514 45.745 4 3 0.069737 2.41756e-05 14.2352 2 
2.01588 -3.90174e-05 -1 0.891665 0.197361 0.000652601 83.4593 2.43347e+06 4 136419 43.6045 7.47887 2 1 1178.54 28.0939 41.95 4 3 0.0677215 2.58345e-05 13.7882 2 
2.01653 -3.90548e-05 -1 0.891794 0.197344 0.000652601 83.4912 2.43333e+06 3 63156.2 94.6686 8.73782 2 1 1056.45 34.5091 30.6137 4 3 0.0682262 2.5716e-05 13.8436 2 
2.01718 -3.9156e-05 -1 0.891922 0.197325 0.000652601 83.5216 2.43323e+06 4 233319 60.6002 7.87715 2 1 1107.32 40.8857 27.0834 4 3 0.0770967 2.54432e-05 14.4707 2 
2.01784 -3.92342e-05 -1 0.892051 0.197311 0.000652601 83.5496 2.4332e+06 3 41676.1 80.277 8.03709 2 1 1491.74 41.109 36.2873 4 3 0.0790202 2.57402e-05 14.5337 2 
2.01849 -3.93246e-05 -1 0.89218 0.197285 0.000652601 83.5777 2.43316e+06 3 42192 59.737 8.90558 2 1 1295.83 29.7532 43.5528 4 3 0.0789423 2.41571e-05 14.8396 2 
2.01914 -3.93206e-05 -1 0.892309 0.197274 0.000652601 83.6075 2.43308e+06 3 35540.3 89.7271 7.344 2 1 1041.58 39.5894 26.3095 4 3 0.079272 2.48557e-05 14.7197 2 
2.01979 -3.93352e-05 -1 0.892437 0.197258 0.000652601 83.6357 2.43304e+06 3 59094.9 126.878 7.75154 2 1 1464.55 37.3117 39.2519 4 3 0.0783527 2.47951e-05 14.6745 2 
2.02045 -3.93046e-05 -1 0.892566 0.197248 0.000652601 83.666 2.43295e+06 4 104396 74.5911 6.11644 2 1 859.95 31.8644 26.9878 4 3 0.0767781 2.43154e-05 14.6707 2 
2.0211 -3.92657e-05 -1 0.892694 0.197231 0.000652601 83.6969 2.43283e+06 3 154938 151.794 10.0686 2 1 925.257 31.1575 29.6962 4 3 0.0744643 2.33364e-05 14.7222 2 
2.02175 -3.92335e-05 -1 0.892823 0.197207 0.000652601 83.7269 2.43274e+06 4 184600 86.2273 6.80216 2 1 1319.8 36.1165 36.5429 4 3 0.0717863 2.16113e-05 14.9206 2 
2.0224 -3.91917e-05 -1 0.892951 0.197181 0.000652601 83.7569 2.43265e+06 4 223575 67.3702 7.58995 2 1 1204.89 41.8581 28.7852 4 3 0.0689214 1.91234e-05 15.3319 2 
2.02306 -3.92289e-05 -1 0.89308 0.197171 0.000652601 83.7872 2.43255e+06 4 239435 70.5633 7.63225 2 1 1233.31 36.8058 33.5086 4 3 0.0681386 1.76795e-05 15.6786 2 
2.02371 -3.91814e-05 -1 0.893208 0.197156 0.000652601 83.8148 2.43254e+06 3 53592.2 104.114 8.01428 2 1 1358.38 29.1035 46.6743 4 3 0.0705051 1.77844e-05 15.8268 2 
2.02436 -3.91757e-05 -1 0.893337 0.197136 0.000652601 83.8427 2.43251e+06 3 42787.5 121.895 7.05413 2 1 1081.48 42.348 25.5379 4 3 0.0726253 1.79691e-05 15.929 2 
2.02501 -3.92065e-05 -1 0.893465 0.197119 0.000652601 83.8707 2.43248e+06 3 41274 80.1243 8.01624 2 1 978.684 31.5689 31.0016 4 3 0.0792293 1.80577e-05 16.371 2 
2.02567 -3.91858e-05 -1 0.893594 0.197097 0.000652601 83.9029 2.43233e+06 3 72560 97.6957 9.05609 2 1 1216.61 30.0864 40.4373 4 3 0.0817579 1.73313e-05 16.7713 2 
2.02632 -3.91818e-05 -1 0.893722 0.197089 0.000652601 83.9309 2.43229e+06 3 99060 87.4528 10.4242 2 1 1026.09 23.7145 43.2682 4 3 0.082867 1.55348e-05 17.4727 2 
2.02697 -3.92022e-05 -1 0.893851 0.197052 0.000652601 83.9613 2.43219e+06 4 177764 58.1747 7.43494 2 1 1101.06 34.7649 31.6717 4 3 0.0839268 1.56562e-05 17.5013 2 
2.02763 -3.92503e-05 -1 0.89398 0.197041 0.000652601 83.9894 2.43216e+06 3 71083.2 104.476 8.79529 2 1 1196.78 37.9187 31.5616 4 3 0.0841923 1.57677e-05 17.4784 2 
2.02828 -3.92909e-05 -1 0.894108 0.197035 0.000652601 84.0172 2.43214e+06 3 88237.7 135.186 8.67442 2 1 1275.49 29.3333 43.4827 4 3 0.0845329 1.56601e-05 17.5419 2 
2.02893 -3.92821e-05 -1 0.894237 0.197019 0.000652601 84.0448 2.43212e+06 3 42939.4 91.1002 7.78237 2 1 1190.17 25.1325 47.3556 4 3 0.0841738 1.71444e-05 16.9962 2 
2.02958 -3.92706e-05 -1 0.894365 0.196992 0.000652601 84.0724 2.4321e+06 3 69908.1 85.9552 9.33437 2 1 1077.69 26.4727 40.7096 4 3 0.0834598 1.72956e-05 16.8985 2 
2.03024 -3.9256e-05 -1 0.894494 0.196962 0.000652601 84.1051 2.43193e+06 3 116196 109.428 10.2021 2 1 2313.12 52.3293 44.2032 4 3 0.082566 2.19571e-05 15.5504 2 
2.03089 -3.92775e-05 -1 0.894623 0.196957 0.000652601 84.1334 2.43189e+06 3 139819 159.721 9.5661 2 1 1436.81 41.0015 35.0429 4 3 0.0814464 2.52204e-05 14.7811 2 
2.03154 -3.93317e-05 -1 0.894751 0.196951 0.000652601 84.1653 2.43175e+06 4 237463 61.1614 7.89368 2 1 1167.83 25.5083 45.7824 4 3 0.0800114 2.90275e-05 14.0211 2 
2.03219 -3.93269e-05 -1 0.89488 0.196932 0.000652601 84.1974 2.4316e+06 4 89839.1 49.8364 6.51598 2 1 1278.8 47.8313 26.7357 4 3 0.0784828 2.86778e-05 13.9876 2 
2.03285 -3.93424e-05 -1 0.895008 0.196908 0.000652601 84.2252 2.43158e+06 3 41056.5 68.882 8.41574 2 1 1259.11 49.7261 25.3209 4 3 0.0766645 2.44289e-05 14.6407 2 
2.0335 -3.93341e-05 -1 0.895137 0.196892 0.000652601 84.2529 2.43155e+06 3 42703.5 82.2018 8.03885 2 1 1100.71 43.7265 25.1727 4 3 0.0747051 2.11128e-05 15.2382 2 
2.03415 -3.93519e-05 -1 0.895266 0.196872 0.000652601 84.2806 2.43153e+06 3 214282 140.112 11.5214 2 1 1117.44 40.6287 27.5038 4 3 0.0725318 2.01039e-05 15.3373 2 
2.0348 -3.9489e-05 -1 0.895394 0.196859 0.000652601 84.3125 2.43139e+06 3 228795 224.244 10.0672 2 1 1665.9 53.9056 30.904 4 3 0.0743899 1.8517e-05 15.897 2 
2.03546 -3.92857e-05 -1 0.895523 0.196851 0.000652601 84.3402 2.43137e+06 3 58705.6 119.867 7.88244 2 1 1277.15 92.7161 13.7748 4 3 0.0762774 1.78422e-05 16.2299 2 
2.03611 -3.92888e-05 -1 0.895651 0.196822 0.000652601 84.3679 2.43135e+06 3 39221.1 103.211 7.24321 2 1 1291.8 67.8198 19.0475 4 3 0.0779703 1.87573e-05 16.0788 2 
2.03676 -3.93037e-05 -1 0.89578 0.196813 0.000652601 84.3957 2.43132e+06 3 42356.9 95.7052 7.62073 2 1 1542.25 35.1969 43.8177 4 3 0.077758 1.91818e-05 15.9448 2 
2.03741 -3.92997e-05 -1 0.895909 0.196782 0.000652601 84.4236 2.4313e+06 3 105604 112.331 9.79626 2 1 847.811 42.5075 19.945 4 3 0.0776632 1.91174e-05 15.9562 2 
2.03807 -3.92986e-05 -1 0.896037 0.196805 0.000652601 84.4512 2.43128e+06 3 155286 181.711 9.48966 2 1 912.734 32.4798 28.1016 4 3 0.0765562 1.88977e-05 15.9413 2 
2.03872 -3.93357e-05 -1 0.896165 0.196755 0.000652601 84.4788 2.43126e+06 3 42331.9 105.82 7.3683 2 1 1135.76 45.5754 24.9205 4 3 0.0747917 1.84972e-05 15.9312 2 
2.03937 -3.93519e-05 -1 0.896294 0.196745 0.000652601 84.5136 2.43103e+06 4 130760 46.3452 7.28815 2 1 1362.59 50.6536 26.9001 4 3 0.072217 1.80359e-05 15.8794 2 
2.04002 -3.93984e-05 -1 0.896422 0.196734 0.000652601 84.5389 2.43108e+06 2 32965.5 218.218 12.2909 2 1 1275.6 35.381 36.0531 4 3 0.0692688 1.75278e-05 15.8102 2 
2.04068 -3.94372e-05 -1 0.89655 0.196713 0.000652601 84.5691 2.43099e+06 4 240909 83.9631 7.31882 2 1 1262.18 34.8228 36.2459 4 3 0.0660718 1.70223e-05 15.7156 2 
2.04133 -3.95126e-05 -1 0.896678 0.196692 0.000652601 84.5992 2.4309e+06 3 53111.5 63.3249 9.43057 2 1 1088.44 34.4687 31.5776 4 3 0.065863 4.43525e-05 11.4088 2 
2.04198 -3.95163e-05 -1 0.896806 0.196682 0.000652601 84.625 2.43093e+06 1 1429.4 140.817 10.1507 2 1 920.718 34.9009 26.381 4 4 0.0679028 1.91309e-05 7.7186 2 
2.04263 -3.94823e-05 -1 0.896934 0.196667 0.000652601 84.655 2.43084e+06 4 74530.5 54.0465 6.09385 2 1 1235.04 34.4515 35.8487 4 3 0.0698625 9.72665e-05 8.95558 2 
2.04329 -3.94608e-05 -1 0.897063 0.196645 0.000652601 84.6826 2.43082e+06 3 88483.4 182.626 7.85416 2 1 1030.23 35.1565 29.3042 4 3 0.0722052 8.54913e-05 9.45255 2 
2.04394 -3.94178e-05 -1 0.897191 0.196626 0.000652601 84.7148 2.43067e+06 3 178671 139.892 10.8498 2 1 1031.12 43.9247 23.4746 4 3 0.0797856 7.44993e-05 10.2311 2 
2.04459 -3.94879e-05 -1 0.897319 0.196609 0.000652601 84.7427 2.43065e+06 3 48936 68.7264 8.92966 2 1 1071.27 37.2401 28.7664 4 3 0.0811029 6.53669e-05 10.7455 2 
2.04525 -3.94762e-05 -1 0.897447 0.196593 0.000652601 84.7704 2.43063e+06 3 41042.9 115.347 7.08615 2 1 2151.27 64.2088 33.5043 4 3 0.0832762 5.89797e-05 11.2186 2 
2.0459 -3.9457e-05 -1 0.897576 0.196582 0.000652601 84.7982 2.4306e+06 3 42437.5 104.898 7.39595 2 1 1204.45 39.2784 30.6646 4 3 0.0841129 5.81052e-05 11.3123 2 
2.04655 -3.95264e-05 -1 0.897704 0.196559 0.000652601 84.8283 2.43051e+06 4 189156 67.0893 7.28688 2 1 1100.91 37.3818 29.4505 4 3 0.0848878 5.17309e-05 11.795 2 
2.0472 -3.94794e-05 -1 0.897832 0.196543 0.000652601 84.8561 2.43049e+06 3 117142 78.2098 11.4415 2 1 1054.11 32.0773 32.8616 4 3 0.0849389 4.49034e-05 12.3673 2 
2.04786 -3.94082e-05 -1 0.89796 0.196515 0.000652601 84.8836 2.43047e+06 3 140229 78.8402 12.1161 2 1 1194.33 30.8566 38.7059 4 3 0.0846291 4.26809e-05 12.5631 2 
2.04851 -3.94233e-05 -1 0.898089 0.196505 0.000652601 84.9154 2.43033e+06 3 194273 228.877 9.46825 2 1 1089.85 45.7553 23.819 4 3 0.0840883 4.28682e-05 12.518 2 
2.04916 -3.95103e-05 -1 0.898217 0.196496 0.000652601 84.9454 2.43025e+06 4 233214 47.1926 8.38436 2 1 1269.03 48.0426 26.4147 4 3 0.0833387 4.287e-05 12.4805 2 
2.04981 -3.95236e-05 -1 0.898345 0.196466 0.000652601 84.973 2.43023e+06 3 86525.8 122.855 8.89715 2 1 1199.36 38.5014 31.1512 4 3 0.0820769 3.89729e-05 12.818 2 
2.05047 -3.95894e-05 -1 0.898473 0.196463 0.000652601 85.0088 2.42998e+06 3 39823.8 68.1465 8.36051 2 1 1175.4 30.376 38.695 4 3 0.0807902 3.3308e-05 13.436 2 
2.05112 -3.95952e-05 -1 0.898602 0.196455 0.000652601 85.0366 2.42995e+06 3 57891.7 131.442 7.60841 2 1 1034.11 39.0985 26.4488 4 3 0.079029 3.14811e-05 13.5908 2 
2.05177 -3.96444e-05 -1 0.89873 0.196434 0.000652601 85.0662 2.42988e+06 4 231556 53.3959 8.11497 2 1 1094.95 30.2445 36.2033 4 3 0.0771703 3.12001e-05 13.5238 2 
2.05242 -3.96584e-05 -1 0.898858 0.196409 0.000652601 85.0994 2.4297e+06 4 129387 54.6466 6.97561 2 1 1400.93 37.2728 37.5859 4 3 0.0750075 3.13617e-05 13.3732 2 
2.05308 -3.96764e-05 -1 0.898986 0.196394 0.000652601 85.127 2.42968e+06 3 42839.7 98.8088 7.56862 2 1 1420.35 35.9298 39.5311 4 3 0.0756323 3.13111e-05 13.4174 2 
2.05373 -3.96593e-05 -1 0.899115 0.196378 0.000652601 85.155 2.42965e+06 3 41594.4 79.3398 8.06333 2 1 1010.68 30.4538 33.1873 4 3 0.0765179 3.09448e-05 13.5225 2 
2.05438 -3.96534e-05 -1 0.899243 0.196375 0.000652601 85.1829 2.42963e+06 3 106849 103.499 10.1068 2 1 1430.26 28.6359 49.9463 4 3 0.07704 2.77768e-05 14.0501 2 
2.05503 -3.96677e-05 -1 0.899371 0.196364 0.000652601 85.2128 2.42954e+06 4 155610 69.8917 6.86915 2 1 860.058 25.0951 34.2719 4 3 0.0765923 2.55924e-05 14.4109 2 
2.05569 -3.96144e-05 -1 0.899499 0.196332 0.000652601 85.2403 2.42953e+06 3 42516.6 120.83 7.05984 2 1 871.156 30.6818 28.3933 4 3 0.0759986 2.4356e-05 14.6128 2 
2.05634 -3.95816e-05 -1 0.899628 0.196299 0.000652601 85.2678 2.42951e+06 3 128082 127.132 10.0248 2 1 1167.42 27.2564 42.831 4 3 0.074286 2.21694e-05 14.9641 2 
2.05699 -3.95981e-05 -1 0.899756 0.1963 0.000652601 85.2954 2.4295e+06 3 41245 82.0661 7.95065 2 1 1159 38.3735 30.2033 4 3 0.0721321 2.26141e-05 14.7203 2 
2.05764 -3.96277e-05 -1 0.899884 0.196286 0.000652601 85.3232 2.42947e+06 3 42157.6 116.099 7.13427 2 1 1325.6 39.3811 33.6609 4 3 0.0691852 2.23835e-05 14.5667 2 
2.0583 -3.96798e-05 -1 0.900012 0.196267 0.000652601 85.353 2.42939e+06 4 240085 63.376 7.84531 2 1 1138.22 22.9593 49.5755 4 3 0.0660594 2.20504e-05 14.4158 2 
2.05895 -3.96254e-05 -1 0.90014 0.196252 0.000652601 85.3828 2.42931e+06 4 226177 84.4712 7.19341 2 1 1155.06 27.5971 41.8542 4 3 0.0633394 2.24542e-05 14.1294 2 
2.0596 -3.96806e-05 -1 0.900268 0.196231 0.000652601 85.4102 2.4293e+06 3 41948.5 78.2351 8.12403 2 1 1066.96 45.1616 23.6253 4 3 0.0647797 2.13004e-05 14.4883 2 
2.06026 -3.96752e-05 -1 0.900396 0.19621 0.000652601 85.438 2.42928e+06 3 72620 72.5083 10.0051 2 1 1077.77 30.4393 35.4072 4 3 0.0669519 1.92253e-05 15.1576 2 
2.06091 -3.96548e-05 -1 0.900524 0.19619 0.000652601 85.4656 2.42926e+06 3 178868 131.814 11.0711 2 1 1977.7 52.4581 37.7006 4 3 0.0691171 1.63368e-05 16.1736 2 
2.06156 -3.97156e-05 -1 0.900652 0.19619 0.000652601 85.4928 2.42925e+06 3 42713.2 93.5335 7.70072 2 1 1064.58 37.4769 28.4063 4 3 0.0714181 1.45164e-05 17.0078 2 
2.06221 -3.97373e-05 -1 0.90078 0.196188 0.000652601 85.5202 2.42924e+06 3 49015.1 74.3404 8.70366 2 1 1325.6 40.179 32.9925 4 3 0.0735933 1.40152e-05 17.3812 2 
2.06287 -3.97319e-05 -1 0.900908 0.196155 0.000652601 85.5476 2.42923e+06 3 41960.7 117.398 7.09678 2 1 1258.27 38.537 32.6509 4 3 0.0804827 1.57575e-05 17.2215 2 
2.06352 -3.97081e-05 -1 0.901035 0.196133 0.000652601 85.5752 2.42921e+06 3 42577.5 121.087 7.05821 2 1 1113.38 32.4618 34.298 4 3 0.0834318 1.57644e-05 17.4268 2 
2.06417 -3.96734e-05 -1 0.901163 0.196113 0.000652601 85.6079 2.42905e+06 3 49312.9 102.782 7.82854 2 1 1050.38 22.5721 46.5347 4 3 0.0844995 1.84909e-05 16.5945 2 
2.06482 -3.96521e-05 -1 0.901291 0.196107 0.000652601 85.6354 2.42903e+06 3 140457 153.407 9.71032 2 1 999.095 20.118 49.6618 4 3 0.0856845 2.27364e-05 15.5618 2 
2.06548 -3.96802e-05 -1 0.901419 0.19609 0.000652601 85.6627 2.42902e+06 3 40769.5 59.0161 8.84006 2 1 1445.88 31.0386 46.5834 4 3 0.085782 2.85523e-05 14.4295 2 
2.06613 -3.96704e-05 -1 0.901547 0.196076 0.000652601 85.6924 2.42895e+06 4 237043 40.1494 8.76571 2 1 1215.96 38.1208 31.8975 4 3 0.0858381 3.15542e-05 13.9596 2 
2.06678 -3.96765e-05 -1 0.901675 0.196057 0.000652601 85.7197 2.42894e+06 3 42281.7 104.635 7.39308 2 1 1236.56 27.7632 44.5397 4 3 0.0849884 2.81828e-05 14.4475 2 
2.06743 -3.96734e-05 -1 0.901803 0.196063 0.000652601 85.7494 2.42886e+06 4 193225 146.711 6.02421 2 1 1249.09 39.2413 31.8309 4 3 0.0843911 2.31424e-05 15.392 2 
2.06809 -3.95827e-05 -1 0.901931 0.196017 0.000652601 85.7768 2.42885e+06 3 41309.3 59.9017 8.83492 2 1 1067.38 42.2398 25.2696 4 3 0.0829782 1.7259e-05 16.8778 2 
2.06874 -3.95955e-05 -1 0.902059 0.196001 0.000652601 85.804 2.42884e+06 3 205895 126.301 11.7692 2 1 1122.1 41.5507 27.0056 4 3 0.0812656 1.46672e-05 17.6951 2 
2.06939 -3.96802e-05 -1 0.902187 0.196018 0.000652601 85.8334 2.42877e+06 4 223755 79.144 7.29186 2 1 1540.93 45.4689 33.8897 4 3 0.0795918 1.6391e-05 16.9338 2 
2.07004 -3.95445e-05 -1 0.902315 0.196007 0.000652601 85.8608 2.42876e+06 3 41497 137.039 6.71518 2 1 1423.39 81.5567 17.4528 4 3 0.0776174 1.61813e-05 16.8648 2 
2.0707 -3.9521e-05 -1 0.902443 0.195954 0.000652601 85.8908 2.42868e+06 3 39659.9 174.334 6.10459 2 1 1125.64 60.3753 18.644 4 3 0.0750159 1.61008e-05 16.702 2 
2.07135 -3.9527e-05 -1 0.902571 0.195947 0.000652601 85.9181 2.42867e+06 3 38270.1 91.3938 7.48137 2 1 1411.98 37.2771 37.8779 4 3 0.0761128 1.66402e-05 16.5997 2 
2.072 -3.96276e-05 -1 0.902699 0.195923 0.000652601 85.9454 2.42866e+06 3 155762 178.065 9.56374 2 1 838.611 40.443 20.7356 4 3 0.0760444 1.68312e-05 16.5317 2 
2.07265 -3.97354e-05 -1 0.902826 0.195913 0.000652601 85.9729 2.42865e+06 3 78263 191.342 7.42304 2 1 1183.64 42.8863 27.5994 4 3 0.076062 1.66215e-05 16.6022 2 
2.07331 -3.96944e-05 -1 0.902954 0.195914 0.000652601 86.0043 2.42852e+06 3 42342 144.38 6.64388 2 1 1392.53 61.0038 22.827 4 3 0.0745742 1.64688e-05 16.5441 2 
2.07396 -3.9755e-05 -1 0.903082 0.195914 0.000652601 86.0325 2.42849e+06 3 122383 193.801 8.57937 2 1 1225.5 29.318 41.8003 4 3 0.0732567 1.6089e-05 16.5745 2 
2.07461 -3.96853e-05 -1 0.90321 0.195886 0.000652601 86.0598 2.42848e+06 3 71128.2 215.188 6.91419 2 1 1357.52 29.9457 45.3327 4 3 0.0709204 1.6265e-05 16.337 2 
2.07526 -3.96923e-05 -1 0.903338 0.195862 0.000652601 86.0912 2.42835e+06 3 41166.8 91.2993 7.66819 2 1 1165.22 60.2529 19.3389 4 3 0.0682118 1.64819e-05 16.0553 2 
2.07592 -3.97307e-05 -1 0.903466 0.195846 0.000652601 86.1209 2.42828e+06 4 237078 40.4444 8.75001 2 1 1834.72 44.2449 41.4673 4 3 0.0647212 1.79251e-05 15.3413 2 
2.07657 -3.97514e-05 -1 0.903594 0.195837 0.000652601 86.1505 2.4282e+06 4 228115 49.2733 8.2487 2 1 1013.03 27.4784 36.8665 4 3 0.0629393 1.87001e-05 14.9862 2 
2.07722 -3.98029e-05 -1 0.903722 0.195842 0.000652601 86.1731 2.42833e+06 1 1984.42 154.784 12.8205 2 1 1018.78 23.0637 44.1725 4 3 0.0630486 1.90176e-05 14.911 2 
2.07788 -3.99585e-05 -1 0.903849 0.195818 0.000652601 86.2002 2.42832e+06 3 70919.1 103.964 8.80293 2 1 1104.43 35.1086 31.4575 4 3 0.065143 1.91829e-05 15.0309 2 
2.07853 -3.99428e-05 -1 0.903977 0.195783 0.000652601 86.2274 2.42832e+06 3 169562 148.446 10.4533 2 1 1018.78 42.5171 23.9616 4 3 0.0673822 1.96336e-05 15.0839 2 
2.07918 -3.99625e-05 -1 0.904105 0.195775 0.000652601 86.2545 2.42832e+06 3 41450.5 67.5995 8.49563 2 1 1332.96 41.5214 32.1029 4 3 0.0696494 1.75446e-05 15.834 2 
2.07983 -3.99608e-05 -1 0.904232 0.195763 0.000652601 86.2815 2.42832e+06 3 127075 227.856 8.23126 2 1 1349.18 32.1224 42.0012 4 3 0.0719486 1.56697e-05 16.6209 2 
2.08049 -4.00029e-05 -1 0.90436 0.195746 0.000652601 86.3132 2.42818e+06 3 42666.5 102.022 7.47821 2 1 1155.2 57.5956 20.0571 4 3 0.073903 1.59859e-05 16.6587 2 
2.08114 -4.00091e-05 -1 0.904488 0.195742 0.000652601 86.3403 2.42818e+06 3 50743.4 109.879 7.72956 2 1 1045.83 55.3339 18.9003 4 3 0.081814 1.76997e-05 16.6579 2 
2.08179 -4.00148e-05 -1 0.904615 0.195708 0.000652601 86.3675 2.42817e+06 3 140578 124.87 10.4029 2 1 1053.72 33.0852 31.8487 4 3 0.0842112 1.86855e-05 16.5179 2 
2.08244 -4.01093e-05 -1 0.904743 0.195704 0.000652601 86.3945 2.42817e+06 3 65756 65.2455 10.026 2 1 1402.04 33.2589 42.1553 4 3 0.0852561 3.56635e-05 13.3711 2 
2.0831 -4.01419e-05 -1 0.904871 0.195681 0.000652601 86.4263 2.42804e+06 4 184093 23.974 9.36104 2 1 1203.45 28.7497 41.8597 4 4 0.0863688 1.88903e-05 8.22298 2 
2.08375 -4.01777e-05 -1 0.904998 0.195669 0.000652601 86.4557 2.42797e+06 3 228601 230.178 9.97711 2 1 1120.03 24.683 45.3766 4 4 0.0863676 2.02354e-05 8.08276 2 
2.0844 -4.02416e-05 -1 0.905126 0.195651 0.000652601 86.4821 2.42799e+06 3 85701.9 102.487 9.42123 2 1 1216.78 38.835 31.332 4 3 0.0862834 9.56623e-05 9.66189 2 
2.08505 -4.02421e-05 -1 0.905254 0.195703 0.000652601 86.5103 2.42795e+06 2 20574.9 215.282 9.77608 2 1 1086.98 50.4301 21.5542 4 3 0.0853818 8.22692e-05 10.1246 2 
2.08571 -4.02068e-05 -1 0.905381 0.195639 0.000652601 86.5367 2.42797e+06 3 205056 185.172 10.3458 2 1 1172.74 30.0768 38.9914 4 3 0.0842643 7.06725e-05 10.6039 2 
2.08636 -4.02082e-05 -1 0.905509 0.195603 0.000652601 86.5654 2.42792e+06 4 224295 37.5105 8.7936 2 1 1532.04 54.1171 28.3097 4 3 0.0827486 6.20734e-05 11.0057 2 
2.08701 -4.02179e-05 -1 0.905636 0.195597 0.000652601 86.5917 2.42794e+06 3 195777 177.754 10.3272 2 1 867.959 28.4217 30.5386 4 3 0.0810433 6.01847e-05 11.0427 2 
2.08766 -4.01802e-05 -1 0.905764 0.195598 0.000652601 86.6205 2.42789e+06 3 40893.1 86.5995 7.78714 2 1 1389.17 66.5178 20.8842 4 3 0.078662 5.50577e-05 11.2629 2 
2.08832 -4.02336e-05 -1 0.905892 0.195588 0.000652601 86.6476 2.42789e+06 3 40368.1 98.272 7.43366 2 1 1481.56 74.4162 19.9091 4 3 0.0755821 4.70066e-05 11.7153 2 
2.08897 -4.0223e-05 -1 0.906019 0.195556 0.000652601 86.6765 2.42783e+06 4 155527 36.5946 8.07415 2 1 850.503 27.3664 31.0783 4 3 0.0752815 4.44554e-05 11.9194 2 
2.08962 -4.01908e-05 -1 0.906147 0.195534 0.000652601 86.7073 2.42773e+06 3 89610.2 130.428 8.82392 2 1 858.187 23.0844 37.176 4 3 0.0756266 4.29811e-05 12.0726 2 
2.09027 -4.02144e-05 -1 0.906275 0.195502 0.000652601 86.7339 2.42774e+06 3 76207.1 105.487 8.97288 2 1 1157.95 31.2754 37.0244 4 3 0.0747568 4.33714e-05 11.9899 2 
2.09093 -4.02465e-05 -1 0.906402 0.195486 0.000652601 86.7606 2.42775e+06 3 122670 118.6 10.1131 2 1 1181.13 55.8122 21.1625 4 3 0.0733129 4.02307e-05 12.2145 2 
2.09158 -4.02697e-05 -1 0.90653 0.19549 0.000652601 86.7874 2.42775e+06 3 38279.1 91.3563 7.48298 2 1 1702.32 37.8433 44.9834 4 3 0.0714433 3.48142e-05 12.7077 2 
2.09223 -4.03146e-05 -1 0.906658 0.195476 0.000652601 86.8142 2.42776e+06 3 41145 114.381 7.11193 2 1 1237.75 29.388 42.1176 4 3 0.069012 3.19252e-05 12.93 2 
2.09289 -4.03229e-05 -1 0.906785 0.195468 0.000652601 86.8433 2.4277e+06 4 239505 71.7151 7.60196 2 1 1044.93 20.6392 50.6284 4 3 0.0658706 3.02138e-05 12.9667 2 
2.09354 -4.02478e-05 -1 0.906913 0.195439 0.000652601 86.8702 2.4277e+06 3 42488.8 91.6551 7.73938 2 1 1007.39 26.6825 37.7546 4 3 0.0632071 3.13009e-05 12.6397 2 
2.09419 -4.02193e-05 -1 0.90704 0.195427 0.000652601 86.9047 2.42749e+06 4 227740 76.616 7.3838 2 1 1069.81 37.5891 28.4605 4 3 0.061954 3.14196e-05 12.5398 2 
2.09484 -4.02879e-05 -1 0.907168 0.195415 0.000652601 86.9319 2.42749e+06 3 73471.8 106.74 8.8294 2 1 1015.1 37.0824 27.3742 4 3 0.062146 3.10823e-05 12.598 2 
2.0955 -4.02998e-05 -1 0.907295 0.195409 0.000652601 86.9589 2.42749e+06 3 168847 137.695 10.7035 2 1 1035.87 26.4732 39.129 4 3 0.0645285 2.88867e-05 13.0723 2 
2.09615 -4.03651e-05 -1 0.907423 0.195405 0.000652601 86.9861 2.42748e+06 3 41732.7 99.0361 7.49712 2 1 1246.03 26.0548 47.8235 4 3 0.066754 2.52952e-05 13.8191 2 
2.0968 -4.03688e-05 -1 0.907551 0.195365 0.000652601 87.0134 2.42747e+06 3 41956 112.271 7.20292 2 1 1316.27 45.4227 28.9782 4 3 0.068986 2.26262e-05 14.5005 2 
2.09745 -4.03561e-05 -1 0.907678 0.195348 0.000652601 87.0408 2.42746e+06 3 50271.5 125.905 7.36364 2 1 1131.5 27.1193 41.7232 4 3 0.0714835 2.06677e-05 15.123 2 
2.09811 -4.03028e-05 -1 0.907805 0.195372 0.000652601 87.0685 2.42744e+06 3 41021.7 120.575 6.98102 2 1 1037.89 23.7104 43.7734 4 3 0.0740923 2.21255e-05 14.961 2 
2.09876 -4.04461e-05 -1 0.907933 0.1953 0.000652601 87.1002 2.42731e+06 3 113599 96.2742 10.5671 2 1 1043.02 34.2978 30.4108 4 3 0.081828 2.22466e-05 15.4364 2 
2.09941 -4.04227e-05 -1 0.90806 0.195347 0.000652601 87.1278 2.42729e+06 3 133837 117.987 10.4291 2 1 1406.86 24.1927 58.1524 4 3 0.0835348 2.63979e-05 14.6813 2 
2.10006 -4.05209e-05 -1 0.908187 0.195294 0.000652601 87.1554 2.42728e+06 3 183065 230.232 9.26431 2 1 1246.65 35.0944 35.5228 4 3 0.0854838 2.99719e-05 14.1815 2 
2.10072 -4.03576e-05 -1 0.908315 0.195274 0.000652601 87.1854 2.42719e+06 4 228750 36.8963 8.87349 2 1 1453.74 84.3905 17.2263 4 3 0.086156 2.80474e-05 14.5366 2 
2.10137 -4.03559e-05 -1 0.908442 0.19527 0.000652601 87.2086 2.4273e+06 1 2589.24 198.529 13.0421 2 1 1421.34 86.3093 16.468 4 3 0.0868819 2.32097e-05 15.527 2 
2.10202 -4.04317e-05 -1 0.908569 0.195307 0.000652601 87.2364 2.42728e+06 3 83033.9 148.297 8.24216 2 1 1223.93 42.1773 29.0188 4 3 0.0860855 1.79455e-05 16.8652 2 
2.10267 -4.04748e-05 -1 0.908697 0.195235 0.000652601 87.264 2.42726e+06 3 203660 136.631 11.4231 2 1 1212.18 42.5201 28.5084 4 3 0.0857071 1.58162e-05 17.5646 2 
2.10333 -4.05145e-05 -1 0.908824 0.195264 0.000652601 87.2957 2.42713e+06 3 223116 208.552 10.2276 2 1 1527.91 55.6286 27.4662 4 3 0.0845525 1.59104e-05 17.4508 2 
2.10398 -4.0448e-05 -1 0.908952 0.19523 0.000652601 87.3233 2.42711e+06 3 62222 92.8994 8.74938 2 1 1015.32 67.3104 15.0841 4 3 0.0828692 1.78442e-05 16.6839 2 
2.10463 -4.04882e-05 -1 0.909079 0.195231 0.000652601 87.3509 2.4271e+06 3 42602.3 122.815 7.0263 2 1 1788.58 69.1591 25.8618 4 3 0.0809603 1.6957e-05 16.8387 2 
2.10528 -4.05585e-05 -1 0.909207 0.195224 0.000652601 87.3785 2.42708e+06 3 89525.3 175.494 7.99027 2 1 1492.54 40.1036 37.2171 4 3 0.0782342 1.58242e-05 17.0356 2 
2.10594 -4.06072e-05 -1 0.909334 0.195171 0.000652601 87.4084 2.427e+06 4 196836 97.9668 6.69509 2 1 836.608 27.99 29.8895 4 3 0.0755912 1.63166e-05 16.6704 2 
2.10659 -4.05718e-05 -1 0.909461 0.195204 0.000652601 87.436 2.42698e+06 3 147582 204.245 8.97347 2 1 1106.65 51.9578 21.2991 4 3 0.0755043 1.62605e-05 16.6832 2 
2.10724 -4.07107e-05 -1 0.909589 0.195237 0.000652601 87.4636 2.42696e+06 3 78620.1 102.199 9.16281 2 1 1617.84 51.9321 31.153 4 3 0.0742234 1.61892e-05 16.6126 2 
2.10789 -4.09132e-05 -1 0.909716 0.195249 0.000652601 87.4959 2.42682e+06 3 122972 120.74 10.0613 2 1 1317.91 44.1878 29.8252 4 3 0.0732309 1.59214e-05 16.6305 2 
2.10855 -4.11352e-05 -1 0.909844 0.195095 0.000652601 87.5237 2.4268e+06 3 55173.4 78.5463 8.88931 2 1 1274.16 27.777 45.8713 4 3 0.0714971 1.56871e-05 16.5799 2 
2.1092 -4.10987e-05 -1 0.909971 0.195101 0.000652601 87.5536 2.42672e+06 4 126148 51.2287 7.04436 2 1 1151.6 60.0496 19.1775 4 3 0.0694687 1.58578e-05 16.3625 2 
2.10985 -4.11313e-05 -1 0.910098 0.195089 0.000652601 87.5835 2.42663e+06 4 240214 50.5807 8.30144 2 1 1068.42 41.8181 25.5492 4 3 0.0661277 1.69271e-05 15.7495 2 
2.11051 -4.11531e-05 -1 0.910226 0.19508 0.000652601 87.6127 2.42658e+06 3 40737.2 63.6418 8.61819 2 1 1078.34 26.6242 40.5022 4 3 0.0634783 1.78677e-05 15.2587 2 
2.11116 -4.11606e-05 -1 0.910353 0.195057 0.000652601 87.6426 2.4265e+06 4 230148 49.2973 8.26601 2 1 1021.84 22.3416 45.7373 4 3 0.0620173 1.8377e-05 14.9996 2 
2.11181 -4.12049e-05 -1 0.91048 0.195041 0.000652601 87.6702 2.42648e+06 3 53321.1 95.0984 8.24597 2 1 987.163 32.0942 30.7583 4 3 0.0609713 1.87464e-05 14.8162 2 
2.11246 -4.11681e-05 -1 0.910608 0.195034 0.000652601 87.7041 2.42629e+06 4 167876 41.2265 7.98828 2 1 1032.5 25.6267 40.2901 4 3 0.0624139 1.90968e-05 14.8402 2 
2.11312 -4.11101e-05 -1 0.910735 0.195003 0.000652601 87.7315 2.42628e+06 3 91618.3 118.961 9.16626 2 1 1121.26 30.5553 36.696 4 3 0.0646932 1.76043e-05 15.4317 2 
2.11377 -4.10909e-05 -1 0.910862 0.195011 0.000652601 87.76 2.42624e+06 3 41022 88.1412 7.7496 2 1 1204.82 45.487 26.4872 4 3 0.0670371 1.60124e-05 16.1171 2 
2.11442 -4.11137e-05 -1 0.910989 0.194991 0.000652601 87.7876 2.42622e+06 3 51188.1 116.004 7.61316 2 1 1126 37.6742 29.8877 4 3 0.0695082 1.50459e-05 16.6548 2 
2.11507 -4.11775e-05 -1 0.911117 0.194981 0.000652601 87.8152 2.4262e+06 3 41953.7 69.2441 8.46179 2 1 1054.11 36.0818 29.2144 4 3 0.0720766 1.4168e-05 17.1987 2 
2.11573 -4.11758e-05 -1 0.911244 0.194949 0.000652601 87.8426 2.42619e+06 3 47826.6 46.1693 10.1182 2 1 1041.74 33.7205 30.8935 4 3 0.0746873 1.35113e-05 17.6814 2 
2.11638 -4.11402e-05 -1 0.911371 0.194948 0.000652601 87.8702 2.42618e+06 3 133850 102.099 10.9446 2 1 1388.13 32.1204 43.2164 4 3 0.0817864 1.24402e-05 18.7335 2 
2.11703 -4.12104e-05 -1 0.911498 0.194922 0.000652601 87.9033 2.42601e+06 3 181527 216.607 9.42807 2 1 1101.19 55.3061 19.9109 4 3 0.0847029 1.29145e-05 18.7186 2 
2.11768 -4.12202e-05 -1 0.911625 0.194928 0.000652601 87.9332 2.42593e+06 4 227325 39.9626 8.68457 2 1 1206.51 54.7557 22.0344 4 3 0.0858661 1.37459e-05 18.4169 2 
2.11834 -4.12385e-05 -1 0.911752 0.194914 0.000652601 87.9606 2.42592e+06 3 42248 112.782 7.20868 2 1 1216.08 28.5182 42.6422 4 3 0.0867111 1.42475e-05 18.2577 2 
2.11899 -4.12265e-05 -1 0.911879 0.194872 0.000652601 87.9882 2.4259e+06 3 85493.2 118.658 8.96488 2 1 1106.06 32.215 34.3338 4 3 0.0868161 1.4492e-05 18.1617 2 
2.11964 -4.11589e-05 -1 0.912006 0.194887 0.000652601 88.018 2.42582e+06 4 201606 38.9283 8.4832 2 1 1082.59 25.0017 43.3008 4 3 0.0865223 1.43816e-05 18.1875 2 
2.12029 -4.11865e-05 -1 0.912134 0.194874 0.000652601 88.0482 2.42574e+06 4 221048 38.0819 8.72854 2 1 1407.29 43.3081 32.4948 4 3 0.0853837 1.66349e-05 17.2498 2 
2.12095 -4.11688e-05 -1 0.912261 0.194862 0.000652601 88.0757 2.42572e+06 3 88776.8 139.842 8.5945 2 1 885.321 25.2102 35.1175 4 3 0.0841598 1.93553e-05 16.3218 2 
2.1216 -4.11331e-05 -1 0.912388 0.194853 0.000652601 88.1072 2.4256e+06 3 61936.1 109.424 8.27201 2 1 1470.22 32.6533 45.0252 4 3 0.0822252 2.25739e-05 15.3862 2 
2.12225 -4.11236e-05 -1 0.912515 0.194834 0.000652601 88.1348 2.42559e+06 3 39570.6 47.583 9.40387 2 1 1482.4 56.506 26.2345 4 3 0.0796032 2.29203e-05 15.1439 2 
2.1229 -4.11144e-05 -1 0.912642 0.19482 0.000652601 88.1623 2.42557e+06 3 41771 116.985 7.09439 2 1 1528.46 37.564 40.6895 4 3 0.0769344 2.31691e-05 14.9189 2 
2.12356 -4.11146e-05 -1 0.912769 0.194807 0.000652601 88.1921 2.4255e+06 4 147149 75.9457 6.63458 2 1 897.971 32.6867 27.4721 4 3 0.0744594 2.66663e-05 14.0816 2 
2.12421 -4.10346e-05 -1 0.912896 0.194793 0.000652601 88.2219 2.42542e+06 4 197036 55.6531 7.71373 2 1 1158.25 35.217 32.889 4 3 0.0738999 8.02751e-05 9.72794 2 
2.12486 -4.10079e-05 -1 0.913023 0.194768 0.000652601 88.2521 2.42533e+06 3 123484 125.049 9.9581 2 1 1115.9 34.0092 32.8117 4 4 0.0730273 2.19492e-05 7.5948 2 
2.12552 -4.10585e-05 -1 0.913151 0.19477 0.000652601 88.277 2.42539e+06 2 28355.7 211.452 11.5802 2 1 1145.13 39.3951 29.0678 4 3 0.0708803 9.91806e-05 8.94059 2 
2.12617 -4.11809e-05 -1 0.913278 0.194765 0.000652601 88.309 2.42525e+06 3 55309.8 110.317 7.94425 2 1 1267.7 55.5261 22.8308 4 3 0.0687359 8.64043e-05 9.26579 2 
2.12682 -4.12088e-05 -1 0.913405 0.194744 0.000652601 88.3392 2.42517e+06 4 239338 64.5149 7.80437 2 1 1074.09 56.2801 19.0848 4 3 0.0659131 7.04573e-05 9.78022 2 
2.12747 -4.11638e-05 -1 0.913532 0.194729 0.000652601 88.3669 2.42515e+06 3 36669.7 73.2727 7.93941 2 1 1039.45 33.0258 31.474 4 3 0.0628894 6.08359e-05 10.1113 2 
2.12813 -4.11917e-05 -1 0.913659 0.194722 0.000652601 88.3945 2.42513e+06 3 41431.1 67.6512 8.49214 2 1 1065.24 34.1324 31.2089 4 3 0.0616791 5.56029e-05 10.3517 2 
2.12878 -4.12239e-05 -1 0.913786 0.194698 0.000652601 88.4245 2.42505e+06 4 225848 86.2423 7.15359 2 1 984.554 31.0745 31.6836 4 3 0.0606225 5.36725e-05 10.4142 2 
2.12943 -4.12794e-05 -1 0.913914 0.194655 0.000652601 88.452 2.42504e+06 3 166534 122.713 11.0714 2 1 1053.99 32.5594 32.3713 4 3 0.0611963 4.63415e-05 10.9711 2 
2.13008 -4.11776e-05 -1 0.914041 0.194692 0.000652601 88.4796 2.42502e+06 3 93686.1 109.373 9.49705 2 1 1226.25 30.8397 39.7622 4 3 0.0636139 4.25727e-05 11.4325 2 
2.13074 -4.12238e-05 -1 0.914168 0.194671 0.000652601 88.5114 2.42489e+06 3 50289.1 144.33 7.03675 2 1 1271.91 31.5537 40.3095 4 3 0.0659013 4.16384e-05 11.6538 2 
2.13139 -4.1277e-05 -1 0.914295 0.194627 0.000652601 88.539 2.42487e+06 3 44018.8 110.035 7.36833 2 1 1119.37 28.8634 38.7816 4 3 0.0684306 4.14149e-05 11.8222 2 
2.13204 -4.13651e-05 -1 0.914422 0.194643 0.000652601 88.5673 2.42484e+06 3 42131.9 124.371 6.97103 2 1 1043.03 32.2131 32.3791 4 3 0.0710648 3.98404e-05 12.1277 2 
2.13269 -4.14131e-05 -1 0.914549 0.194622 0.000652601 88.5925 2.42489e+06 2 1957.95 23.5152 9.12488 2 1 1025.85 25.4982 40.2323 4 3 0.0737197 3.6482e-05 12.6426 2 
2.13335 -4.1437e-05 -1 0.914676 0.194597 0.000652601 88.6221 2.42482e+06 3 133856 143.115 9.77953 2 1 1341.39 25.9101 51.7708 4 3 0.0810001 3.16836e-05 13.6736 2 
2.134 -4.1462e-05 -1 0.914803 0.194593 0.000652601 88.6498 2.4248e+06 3 179654 148.986 10.6438 2 1 994.467 32.522 30.5783 4 3 0.0841904 3.1015e-05 13.9497 2 
2.13465 -4.14819e-05 -1 0.91493 0.194583 0.000652601 88.6798 2.42472e+06 4 224682 30.5727 9.25888 2 1 1208.26 44.2619 27.2979 4 3 0.0853228 3.13509e-05 13.9617 2 
2.1353 -4.14911e-05 -1 0.915057 0.194571 0.000652601 88.7139 2.42453e+06 4 63596.3 22.9901 7.25225 2 1 1365.31 39.9604 34.1665 4 3 0.0865923 3.11497e-05 14.0607 2 
2.13596 -4.15246e-05 -1 0.915184 0.194577 0.000652601 88.7415 2.42451e+06 3 42325.2 94.3911 7.65402 2 1 1123.19 28.7946 39.0069 4 3 0.0866322 3.07288e-05 14.1268 2 
2.13661 -4.1453e-05 -1 0.915311 0.194575 0.000652601 88.7691 2.42449e+06 3 199035 121.735 11.7807 2 1 1083.76 42.0248 25.7887 4 3 0.0865154 3.23429e-05 13.8816 2 
2.13726 -4.14831e-05 -1 0.915438 0.194546 0.000652601 88.7992 2.42441e+06 4 218098 72.203 7.41351 2 1 1503.68 38.1473 39.4177 4 3 0.0854872 2.63868e-05 14.7969 2 
2.13791 -4.13503e-05 -1 0.915564 0.194533 0.000652601 88.8274 2.42438e+06 3 42681 106.692 7.36831 2 1 928.746 64.5471 14.3886 4 3 0.0842905 2.24325e-05 15.5465 2 
2.13857 -4.12561e-05 -1 0.915691 0.194505 0.000652601 88.855 2.42436e+06 3 41780.1 97.5027 7.53907 2 1 1490.85 76.7694 19.4199 4 3 0.0824367 2.35603e-05 15.1814 2 
2.13922 -4.12451e-05 -1 0.915818 0.19452 0.000652601 88.8828 2.42434e+06 3 42683 93.8478 7.69031 2 1 1452.7 36.314 40.004 4 3 0.0797673 2.14337e-05 15.4968 2 
2.13987 -4.12272e-05 -1 0.915945 0.194488 0.000652601 88.917 2.42415e+06 4 125316 43.0233 7.34642 2 1 832.662 30.9131 26.9356 4 3 0.0771362 2.52677e-05 14.5065 2 
2.14052 -4.12762e-05 -1 0.916071 0.194476 0.000652601 88.9445 2.42413e+06 3 146628 147.537 9.97942 2 1 893.983 40.8542 21.8823 4 3 0.0745366 2.1741e-05 15.0787 2 
2.14118 -4.12867e-05 -1 0.916198 0.194454 0.000652601 88.972 2.42412e+06 3 37773.3 50.5802 9.07266 2 1 1079.99 42.9546 25.1425 4 3 0.073513 2.45254e-05 14.4184 2 
2.14183 -4.12839e-05 -1 0.916325 0.194451 0.000652601 89.0024 2.42403e+06 4 197072 124.211 6.31127 2 1 1307.92 50.4316 25.9345 4 3 0.0720924 2.19483e-05 14.8649 2 
2.14248 -4.12035e-05 -1 0.916452 0.194474 0.000652601 89.03 2.42401e+06 3 118270 152.942 9.17872 2 1 1211.83 31.7976 38.1108 4 3 0.070742 2.16201e-05 14.8459 2 
2.14314 -4.10773e-05 -1 0.916579 0.194414 0.000652601 89.0576 2.424e+06 3 40964.6 108.28 7.23248 2 1 1281.29 40.3221 31.7764 4 3 0.0676914 1.9813e-05 15.0613 2 
2.14379 -4.107e-05 -1 0.916705 0.194412 0.000652601 89.0916 2.42381e+06 4 236960 40.7434 8.73282 2 1 1100.38 76.111 14.4575 4 3 0.0650798 1.73652e-05 15.533 2 
2.14444 -4.1066e-05 -1 0.916832 0.194417 0.000652601 89.1192 2.42379e+06 3 41853.9 138.789 6.70594 2 1 966.212 22.7658 42.4413 4 3 0.0624938 1.87258e-05 14.9439 2 
2.14509 -4.10381e-05 -1 0.916959 0.194384 0.000652601 89.1471 2.42377e+06 3 41115.2 93.0586 7.61638 2 1 1171.09 25.8415 45.3182 4 3 0.0611417 1.94402e-05 14.6514 2 
2.14575 -4.10303e-05 -1 0.917086 0.19436 0.000652601 89.1749 2.42375e+06 3 224973 229.957 9.92721 2 1 1027.5 110.724 9.27988 4 3 0.0601277 1.9752e-05 14.4929 2 
2.1464 -4.11093e-05 -1 0.917213 0.194361 0.000652601 89.2067 2.42362e+06 3 165252 140.058 10.5668 2 1 1055.2 59.2643 17.8051 4 3 0.0608019 1.98161e-05 14.5311 2 
2.14705 -4.11176e-05 -1 0.91734 0.194361 0.000652601 89.2344 2.4236e+06 3 42632.7 111.044 7.26802 2 1 1163.09 46.0262 25.2701 4 3 0.0635524 1.84507e-05 15.1022 2 
2.1477 -4.10595e-05 -1 0.917467 0.194321 0.000652601 89.2621 2.42359e+06 3 90907.1 127.451 8.9348 2 1 1309.3 30.8157 42.488 4 3 0.0656531 1.79392e-05 15.4105 2 
2.14836 -4.11326e-05 -1 0.917594 0.194339 0.000652601 89.2873 2.42364e+06 2 7543.72 97.3034 8.80499 2 1 1155.94 57.9676 19.9412 4 3 0.0682736 1.655e-05 16.0381 2 
2.14901 -4.13135e-05 -1 0.917721 0.194316 0.000652601 89.3149 2.42362e+06 3 45599.2 98.8121 7.72768 2 1 1042.08 36.7753 28.3363 4 3 0.0707988 1.67677e-05 16.1628 2 
2.14966 -4.12798e-05 -1 0.917848 0.19431 0.000652601 89.3425 2.42361e+06 3 42583.7 103.306 7.44227 2 1 1054.09 29.8767 35.2815 4 3 0.0737561 1.54936e-05 16.8222 2 
2.15031 -4.1247e-05 -1 0.917975 0.194286 0.000652601 89.3703 2.42358e+06 3 133897 137.691 9.9073 2 1 1333.03 39.6121 33.652 4 3 0.0809682 1.40716e-05 17.9194 2 
2.15097 -4.12679e-05 -1 0.918102 0.194271 0.000652601 89.4041 2.4234e+06 4 231342 49.7179 8.25915 2 1 939.495 53.0259 17.7177 4 3 0.084055 1.49226e-05 17.7926 2 
2.15162 -4.12999e-05 -1 0.918229 0.194272 0.000652601 89.4317 2.42339e+06 3 47164.2 90.2242 8.05557 2 1 1112.55 31.8028 34.9827 4 3 0.0854147 1.53688e-05 17.7132 2 
2.15227 -4.13739e-05 -1 0.918356 0.194254 0.000652601 89.4593 2.42337e+06 3 41782.1 83.7876 7.92994 2 1 1182.18 27.9609 42.2797 4 3 0.0864639 1.61327e-05 17.5002 2 
2.15292 -4.14186e-05 -1 0.918482 0.194241 0.000652601 89.4869 2.42336e+06 3 63291.5 48.4584 10.931 2 1 1066.82 22.0788 48.3188 4 3 0.0865291 1.65925e-05 17.3414 2 
2.15358 -4.1443e-05 -1 0.918609 0.194222 0.000652601 89.517 2.42327e+06 4 222650 57.0553 7.90372 2 1 1314.7 30.5061 43.0964 4 3 0.086289 1.71106e-05 17.1487 2 
2.15423 -4.14856e-05 -1 0.918736 0.194216 0.000652601 89.5447 2.42326e+06 3 81406 123.686 8.69851 2 1 1384.87 68.399 20.2469 4 3 0.0853303 1.7395e-05 16.9913 2 
2.15488 -4.15228e-05 -1 0.918863 0.194197 0.000652601 89.5724 2.42324e+06 3 44515.6 71.6052 8.53472 2 1 1462.37 33.1157 44.1594 4 3 0.0838466 1.9183e-05 16.3502 2 
2.15553 -4.1562e-05 -1 0.918989 0.194198 0.000652601 89.6066 2.42304e+06 4 124619 50.0607 7.06353 2 1 967.5 27.0029 35.8295 4 3 0.0819856 2.24164e-05 15.4072 2 
2.15619 -4.16033e-05 -1 0.919116 0.194177 0.000652601 89.6367 2.42296e+06 3 72254.1 126.589 8.29512 2 1 1375.41 40.7702 33.7356 4 3 0.0792391 2.28123e-05 15.1446 2 
2.15684 -4.16533e-05 -1 0.919243 0.194167 0.000652601 89.6648 2.42293e+06 3 42680.4 143.933 6.66841 2 1 867.091 49.7299 17.436 4 3 0.076692 2.28348e-05 14.9756 2 
2.15749 -4.16932e-05 -1 0.919369 0.194164 0.000652601 89.6923 2.42292e+06 3 146081 118.462 10.7235 2 1 894.715 29.6327 30.1935 4 3 0.0740575 2.23693e-05 14.9041 2 
2.15815 -4.17053e-05 -1 0.919496 0.194154 0.000652601 89.72 2.4229e+06 3 99045.5 183.654 8.13975 2 1 1081.08 29.333 36.8553 4 3 0.0726917 2.103e-05 15.1199 2 
2.1588 -4.16013e-05 -1 0.919622 0.194127 0.000652601 89.75 2.42282e+06 4 197384 53.2828 7.80155 2 1 1139.8 35.5934 32.0227 4 3 0.0711817 1.88995e-05 15.5587 2 
2.15945 -4.15664e-05 -1 0.919749 0.194117 0.000652601 89.7777 2.42281e+06 3 118888 103.379 10.4769 2 1 1124.49 62.486 17.9958 4 3 0.0697051 1.63009e-05 16.2312 2 
2.1601 -4.15312e-05 -1 0.919875 0.194109 0.000652601 89.8094 2.42268e+06 3 74252.2 109.271 8.7916 2 1 1139.51 40.0708 28.4374 4 3 0.0666107 1.54334e-05 16.2815 2 
2.16076 -4.15261e-05 -1 0.920002 0.194101 0.000652601 89.8394 2.4226e+06 4 233272 63.1275 7.79671 2 1 1094.49 44.4425 24.6271 4 3 0.0636358 1.45621e-05 16.349 2 
2.16141 -4.14786e-05 -1 0.920128 0.194096 0.000652601 89.867 2.42259e+06 3 56226.6 95.2604 8.38835 2 1 898.756 26.9013 33.4094 4 3 0.0614856 1.37824e-05 16.462 2 
2.16206 -4.15194e-05 -1 0.920255 0.194074 0.000652601 89.8944 2.42258e+06 3 227723 185.097 10.7153 2 1 1177.07 37.0312 31.7859 4 3 0.060656 1.36896e-05 16.4246 2 
2.16271 -4.16848e-05 -1 0.920381 0.194059 0.000652601 89.9228 2.42254e+06 3 42168.5 95.8187 7.6064 2 1 1265.93 50.4322 25.1017 4 3 0.059989 1.39713e-05 16.2534 2 
2.16337 -4.17143e-05 -1 0.920508 0.194064 0.000652601 89.9505 2.42252e+06 3 163743 127.163 10.8793 2 1 1058.2 29.6456 35.6949 4 3 0.061425 1.41077e-05 16.3291 2 
2.16402 -4.17773e-05 -1 0.920634 0.194037 0.000652601 89.9796 2.42247e+06 3 41043.9 121.758 6.95959 2 1 1269.2 37.1629 34.1524 4 3 0.0638305 1.45891e-05 16.3556 2 
2.16467 -4.18192e-05 -1 0.920761 0.194033 0.000652601 90.0109 2.42235e+06 3 93293.3 143.323 8.66653 2 1 1308.9 44.2651 29.5696 4 3 0.0661333 1.65924e-05 15.8552 2 
2.16532 -4.18546e-05 -1 0.920887 0.194039 0.000652601 90.0386 2.42234e+06 3 69388.8 83.6243 9.39692 2 1 1141.69 24.8368 45.9676 4 3 0.068787 5.08151e-05 11.0621 2 
2.16598 -4.19349e-05 -1 0.921014 0.194 0.000652601 90.0689 2.42225e+06 3 45392.9 75.3973 8.44392 2 1 1020.72 39.2334 26.0166 4 4 0.0715709 3.00405e-05 6.98646 2 
2.16663 -4.19591e-05 -1 0.921141 0.194005 0.000652601 90.1021 2.42208e+06 3 42034.5 80.2948 8.05946 2 1 976.173 24.6959 39.5277 4 4 0.0743204 3.13597e-05 6.97725 2 
2.16728 -4.2013e-05 -1 0.921267 0.193981 0.000652601 90.1324 2.422e+06 3 185034 216.676 9.4874 2 1 1311.7 33.0687 39.666 4 4 0.0814705 2.88686e-05 7.28859 2 
2.16793 -4.18603e-05 -1 0.921394 0.193966 0.000652601 90.1652 2.42184e+06 4 226314 37.1779 8.83297 2 1 1317.21 74.6051 17.6557 4 4 0.0842651 2.63854e-05 7.51746 2 
2.16859 -4.18722e-05 -1 0.921521 0.193978 0.000652601 90.1933 2.42182e+06 3 32046.2 84.3771 7.24187 2 1 1422.69 86.0209 16.5389 4 3 0.0857485 9.83974e-05 9.55171 2 
2.16924 -4.1909e-05 -1 0.921648 0.193955 0.000652601 90.2208 2.4218e+06 3 48395.2 118.406 7.42124 2 1 1094.82 36.8642 29.6988 4 3 0.0863549 8.81268e-05 9.93253 2 
2.16989 -4.18919e-05 -1 0.921774 0.19393 0.000652601 90.2484 2.42179e+06 3 40936.4 82.8666 7.90515 2 1 1413.2 71.6505 19.7235 4 3 0.086285 8.6433e-05 9.99429 2 
2.17054 -4.19448e-05 -1 0.921901 0.19393 0.000652601 90.276 2.42177e+06 3 219276 175.236 10.776 2 1 1410.55 37.1093 38.0107 4 3 0.0858654 7.94266e-05 10.2632 2 
2.1712 -4.19064e-05 -1 0.922028 0.193917 0.000652601 90.3075 2.42165e+06 3 83987.7 131.903 8.60307 2 1 992.431 46.9534 21.1365 4 3 0.0845613 6.77886e-05 10.7648 2 
2.17185 -4.18391e-05 -1 0.922155 0.193903 0.000652601 90.3351 2.42164e+06 3 39085.1 49.8279 9.22245 2 1 1702.97 50.1409 33.9638 4 3 0.0831485 6.42052e-05 10.9 2 
2.1725 -4.18681e-05 -1 0.922281 0.193878 0.000652601 90.3627 2.42163e+06 3 126432 230.474 8.18612 2 1 1287.45 45.4732 28.3122 4 3 0.0803571 6.28104e-05 10.8559 2 
2.17316 -4.20193e-05 -1 0.922408 0.193875 0.000652601 90.3903 2.42161e+06 3 73323.4 125.107 8.36861 2 1 807.87 73.4281 11.0022 4 3 0.0776418 6.31813e-05 10.7111 2 
2.17381 -4.20678e-05 -1 0.922534 0.19387 0.000652601 90.4178 2.4216e+06 3 36810.6 67.0402 8.18865 2 1 889.895 69.1791 12.8637 4 3 0.0755326 5.98451e-05 10.8069 2 
2.17446 -4.21063e-05 -1 0.922661 0.193861 0.000652601 90.4455 2.42158e+06 3 145628 172.118 9.45814 2 1 888.34 22.5088 39.4663 4 3 0.0729796 5.05705e-05 11.3006 2 
2.17511 -4.21697e-05 -1 0.922788 0.193844 0.000652601 90.4759 2.42149e+06 4 198300 84.6664 6.9567 2 1 1069.62 41.8636 25.5502 4 3 0.0716754 4.6968e-05 11.513 2 
2.17577 -4.21412e-05 -1 0.922914 0.193828 0.000652601 90.5036 2.42148e+06 3 42984.8 20.4308 12.8138 2 1 1297.49 48.9851 26.4874 4 3 0.0704757 4.47739e-05 11.6325 2 
2.17642 -4.21199e-05 -1 0.923041 0.193824 0.000652601 90.5312 2.42146e+06 3 119819 100.587 10.6006 2 1 1183.16 34.3011 34.4934 4 3 0.0673119 4.616e-05 11.3399 2 
2.17707 -4.21295e-05 -1 0.923167 0.193812 0.000652601 90.5609 2.42139e+06 4 236358 41.4474 8.68997 2 1 1200.79 23.8841 50.2756 4 3 0.0648861 4.66781e-05 11.1604 2 
2.17772 -4.21346e-05 -1 0.923293 0.193805 0.000652601 90.586 2.42144e+06 2 23754.7 109.795 14.709 2 1 1038.86 25.8528 40.1838 4 3 0.061698 4.58905e-05 11.037 2 
2.17838 -4.21945e-05 -1 0.92342 0.193785 0.000652601 90.6154 2.42138e+06 3 42552.4 81.0657 8.06669 2 1 967.195 23.9772 40.338 4 3 0.0604574 4.30815e-05 11.1957 2 
2.17903 -4.2219e-05 -1 0.923546 0.193765 0.000652601 90.6428 2.42137e+06 3 224214 188.685 10.5919 2 1 1161.82 25.2456 46.0209 4 3 0.0592929 3.74375e-05 11.6564 2 
2.17968 -4.23486e-05 -1 0.923672 0.193774 0.000652601 90.6701 2.42137e+06 3 54025.2 91.1152 8.40108 2 1 983.618 58.0543 16.9431 4 3 0.0598162 3.42731e-05 12.0399 2 
2.18033 -4.25016e-05 -1 0.923798 0.193741 0.000652601 90.6974 2.42136e+06 3 162246 138.037 10.5534 2 1 1046.01 37.9246 27.5812 4 3 0.0625376 3.25699e-05 12.4291 2 
2.18099 -4.24407e-05 -1 0.923924 0.193747 0.000652601 90.7252 2.42134e+06 3 42076.4 67.2135 8.55449 2 1 1189.73 29.5966 40.1983 4 3 0.0648771 3.2685e-05 12.5675 2 
2.18164 -4.2461e-05 -1 0.924051 0.193732 0.000652601 90.7531 2.42132e+06 3 41053.1 114.306 7.1082 2 1 1230.16 34.7435 35.407 4 3 0.0672874 3.36933e-05 12.593 2 
2.18229 -4.24547e-05 -1 0.924177 0.193713 0.000652601 90.7804 2.42131e+06 3 90824.2 102.045 9.61914 2 1 1102.28 36.0507 30.5758 4 3 0.0700404 3.25167e-05 12.9146 2 
2.18294 -4.25619e-05 -1 0.924303 0.193728 0.000652601 90.8119 2.42119e+06 3 68738.5 134.966 7.98592 2 1 1008.5 32.3659 31.1594 4 3 0.0729875 3.258e-05 13.0848 2 
2.1836 -4.25453e-05 -1 0.924429 0.193695 0.000652601 90.8393 2.42119e+06 3 51054.4 112.835 7.6771 2 1 1135.03 37.9041 29.9448 4 3 0.0809905 3.32153e-05 13.4596 2 
2.18425 -4.25794e-05 -1 0.924556 0.193687 0.000652601 90.8691 2.42111e+06 4 181985 34.3631 8.53072 2 1 991.776 43.5453 22.7757 4 3 0.0827159 2.98928e-05 14.0392 2 
2.1849 -4.26349e-05 -1 0.924682 0.19368 0.000652601 90.8989 2.42104e+06 4 220881 36.9064 8.79557 2 1 957.951 38.9342 24.6044 4 3 0.0848532 2.60264e-05 14.8281 2 
2.18555 -4.26518e-05 -1 0.924808 0.193668 0.000652601 90.9264 2.42103e+06 3 38481.4 68.4872 8.25177 2 1 1227.59 24.9513 49.1996 4 3 0.085514 2.22918e-05 15.6542 2 
2.18621 -4.26293e-05 -1 0.924935 0.193647 0.000652601 90.9537 2.42102e+06 3 42474 49.3644 9.51122 2 1 1410.87 68.6538 20.5505 4 3 0.0859454 2.05944e-05 16.0999 2 
2.18686 -4.26573e-05 -1 0.925061 0.193648 0.000652601 90.9809 2.42102e+06 3 198436 219.633 9.66736 2 1 1419.53 33.3214 42.601 4 3 0.0853975 2.22368e-05 15.66 2 
2.18751 -4.27758e-05 -1 0.925187 0.193636 0.000652601 91.0151 2.42083e+06 4 214645 36.5471 8.75421 2 1 1395.35 66.4586 20.9958 4 3 0.0845426 2.39259e-05 15.2313 2 
2.18816 -4.273e-05 -1 0.925314 0.193613 0.000652601 91.0427 2.42082e+06 3 63218.5 75.2784 9.43462 2 1 1284.47 36.3087 35.3765 4 3 0.0830875 2.2763e-05 15.397 2 
2.18882 -4.27203e-05 -1 0.92544 0.193617 0.000652601 91.0723 2.42075e+06 4 125880 41.626 7.41563 2 1 1311.29 37.841 34.6525 4 3 0.0811491 2.23875e-05 15.3612 2 
2.18947 -4.27513e-05 -1 0.925567 0.193598 0.000652601 91.1025 2.42067e+06 3 31882.6 75.1395 7.51442 2 1 1498.8 40.292 37.1984 4 3 0.0782631 2.30134e-05 15.0381 2 
2.19012 -4.2769e-05 -1 0.925693 0.193589 0.000652601 91.1298 2.42066e+06 3 73910.7 86.2152 9.49965 2 1 1533.58 25.3628 60.4656 4 3 0.0758348 2.31301e-05 14.8558 2 
2.19078 -4.28463e-05 -1 0.92582 0.193578 0.000652601 91.1571 2.42065e+06 3 45302.3 66.5459 8.79697 2 1 882.903 34.0074 25.9621 4 3 0.0728901 2.3449e-05 14.5942 2 
2.19143 -4.29227e-05 -1 0.925946 0.193584 0.000652601 91.1868 2.42058e+06 4 198218 68.9783 7.32163 2 1 893.768 28.6671 31.1775 4 3 0.0721444 2.15022e-05 14.9706 2 
2.19208 -4.28082e-05 -1 0.926073 0.193564 0.000652601 91.214 2.42058e+06 3 37003.3 84.5579 7.5921 2 1 997.472 35.3035 28.2542 4 3 0.0708659 2.03027e-05 15.1691 2 
2.19273 -4.27702e-05 -1 0.9262 0.193558 0.000652601 91.2411 2.42058e+06 3 97669.4 106.317 9.72118 2 1 1126.83 38.6173 29.1793 4 3 0.0683019 1.82743e-05 15.519 2 
2.19339 -4.27387e-05 -1 0.926326 0.19355 0.000652601 91.2684 2.42057e+06 3 120770 124.424 9.90113 2 1 1119.74 20.5444 54.5037 4 3 0.0658474 1.56971e-05 16.1277 2 
2.19404 -4.28042e-05 -1 0.926453 0.193532 0.000652601 91.3004 2.42044e+06 4 230469 44.9249 8.46314 2 1 1142 42.7222 26.7309 4 3 0.0628696 1.55058e-05 15.9459 2 
2.19469 -4.27877e-05 -1 0.926579 0.193519 0.000652601 91.3276 2.42044e+06 3 76460.9 66.6609 10.4678 2 1 1197.82 38.681 30.9665 4 3 0.0607105 1.6599e-05 15.4073 2 
2.19534 -4.27748e-05 -1 0.926705 0.19351 0.000652601 91.357 2.42038e+06 4 224742 38.4973 8.74105 2 1 1027.66 34.523 29.7675 4 3 0.0597129 1.60099e-05 15.5081 2 
2.196 -4.28205e-05 -1 0.926832 0.193511 0.000652601 91.3841 2.42038e+06 3 41681.4 55.6469 9.0817 2 1 1212.73 28.1662 43.0561 4 3 0.0593692 1.53679e-05 15.6909 2 
2.19665 -4.28721e-05 -1 0.926958 0.193488 0.000652601 91.4112 2.42038e+06 3 40582.8 50.7404 9.28245 2 1 1043.95 24.1874 43.161 4 3 0.0617433 1.60205e-05 15.6785 2 
2.1973 -4.29143e-05 -1 0.927084 0.193487 0.000652601 91.4384 2.42037e+06 3 160732 134.236 10.6189 2 1 1026.17 24.9546 41.1215 4 3 0.0641639 1.57339e-05 15.9766 2 
2.19795 -4.30074e-05 -1 0.927211 0.193479 0.000652601 91.4654 2.42037e+06 3 41279.2 96.8023 7.52688 2 1 1197.09 57.062 20.9787 4 3 0.0666884 1.67366e-05 15.8536 2 
2.19861 -4.30979e-05 -1 0.927337 0.193461 0.000652601 91.4966 2.42027e+06 3 40874.6 46.1674 9.60224 2 1 1228.71 39.4317 31.1605 4 3 0.069319 1.65912e-05 16.1061 2 
2.19926 -4.31227e-05 -1 0.927463 0.193447 0.000652601 91.5238 2.42026e+06 3 52297.1 145.098 7.11659 2 1 1081.3 28.2945 38.2159 4 3 0.072213 1.41237e-05 17.2275 2 
2.19991 -4.31397e-05 -1 0.927589 0.193445 0.000652601 91.5509 2.42026e+06 3 88613 90.336 9.93602 2 1 973.877 34.6979 28.0673 4 3 0.0794645 1.62352e-05 16.9787 2 
2.20056 -4.31854e-05 -1 0.927715 0.193427 0.000652601 91.578 2.42026e+06 3 68592.2 122.632 8.23931 2 1 1104.82 27.2028 40.6141 4 3 0.0827185 2.27921e-05 15.3676 2 
2.20122 -4.32054e-05 -1 0.927841 0.193425 0.000652601 91.6052 2.42026e+06 3 224692 162.601 11.1384 2 1 936.068 24.7781 37.7781 4 3 0.0839602 2.79529e-05 14.4283 2 
2.20187 -4.32246e-05 -1 0.927967 0.193405 0.000652601 91.6343 2.42021e+06 3 109589 111.472 9.94337 2 1 1363.82 66.8393 20.4044 4 3 0.0851782 2.97249e-05 14.2037 2 
2.20252 -4.32825e-05 -1 0.928093 0.193409 0.000652601 91.6614 2.4202e+06 3 40826 61.7273 8.71271 2 1 1486.39 49.5195 30.0162 4 3 0.0853292 2.60983e-05 14.8421 2 
2.20317 -4.32907e-05 -1 0.928219 0.193391 0.000652601 91.6926 2.4201e+06 3 34175.6 76.4019 7.64782 2 1 1179.48 33.6619 35.0391 4 3 0.0851422 2.07462e-05 16.0104 2 
2.20383 -4.33138e-05 -1 0.928345 0.193385 0.000652601 91.7221 2.42003e+06 4 217607 134.966 6.33668 2 1 1128.67 30.8238 36.6167 4 3 0.084092 1.82904e-05 16.6282 2 
2.20448 -4.31837e-05 -1 0.928471 0.193374 0.000652601 91.7491 2.42003e+06 3 92868.7 85.9545 10.2612 2 1 1191.82 55.0074 21.6665 4 3 0.082783 1.94175e-05 16.215 2 
2.20513 -4.31066e-05 -1 0.928597 0.193359 0.000652601 91.7764 2.42003e+06 3 48828.2 113.676 7.54514 2 1 1583.77 40.0704 39.5248 4 3 0.0809338 1.97337e-05 16.0069 2 
2.20579 -4.30752e-05 -1 0.928723 0.193346 0.000652601 91.8035 2.42003e+06 3 63530.1 52.9644 10.6251 2 1 846.258 39.5519 21.3961 4 3 0.0781629 1.92854e-05 15.9438 2 
2.20644 -4.31561e-05 -1 0.928849 0.193339 0.000652601 91.8305 2.42003e+06 3 127715 226.034 8.26716 2 1 1362.58 42.3586 32.1678 4 3 0.075386 1.85283e-05 15.9644 2 
2.20709 -4.32585e-05 -1 0.928975 0.193336 0.000652601 91.8577 2.42003e+06 3 74077.1 224.141 6.91387 2 1 893.483 54.5199 16.3882 4 3 0.0725404 4.60545e-05 11.6351 2 
2.20774 -4.32869e-05 -1 0.929101 0.193319 0.000652601 91.8944 2.41977e+06 4 197123 116.074 6.41949 2 1 1575.41 51.8635 30.3761 4 4 0.072165 1.89887e-05 7.85159 2 
2.2084 -4.31868e-05 -1 0.929227 0.19332 0.000652601 91.9213 2.41978e+06 3 144916 164.137 9.59333 2 1 874.059 33.9459 25.7485 4 3 0.0715182 9.66964e-05 9.04348 2 
2.20905 -4.32223e-05 -1 0.929353 0.193307 0.000652601 91.9483 2.41978e+06 3 44704.6 75.0987 8.41214 2 1 1100.67 47.571 23.1373 4 3 0.068201 8.50656e-05 9.28993 2 
2.2097 -4.32238e-05 -1 0.92948 0.193298 0.000652601 91.9754 2.41978e+06 3 99934.3 104.269 9.85945 2 1 1253.11 50.5206 24.804 4 3 0.0661268 7.34706e-05 9.65505 2 
2.21035 -4.32692e-05 -1 0.929606 0.193282 0.000652601 92.0046 2.41972e+06 4 231675 32.1127 9.21618 2 1 1152.87 27.3495 42.1533 4 3 0.0631915 6.49714e-05 9.90784 2 
2.21101 -4.33002e-05 -1 0.929732 0.193272 0.000652601 92.0314 2.41973e+06 3 116220 159.276 9.0028 2 1 1073.66 30.601 35.0859 4 3 0.0605721 5.85631e-05 10.1131 2 
2.21166 -4.32897e-05 -1 0.929858 0.193261 0.000652601 92.0607 2.41967e+06 4 224304 35.9525 8.88744 2 1 1207.37 37.2894 32.3783 4 3 0.0591754 5.78762e-05 10.0743 2 
2.21231 -4.33341e-05 -1 0.929985 0.193259 0.000652601 92.0918 2.41957e+06 3 75913.3 87.9409 9.52158 2 1 1181.7 50.0265 23.6215 4 3 0.0592621 5.08438e-05 10.524 2 
2.21296 -4.33949e-05 -1 0.930111 0.193248 0.000652601 92.1191 2.41956e+06 3 39163.3 99.422 7.33048 2 1 936.23 31.1061 30.0979 4 3 0.0616218 4.50766e-05 11.0984 2 
2.21362 -4.34692e-05 -1 0.930237 0.193235 0.000652601 92.1463 2.41956e+06 3 38882.8 56.9367 8.8062 2 1 983.58 27.4649 35.8122 4 3 0.0639704 4.27102e-05 11.4415 2 
2.21427 -4.34685e-05 -1 0.930364 0.193223 0.000652601 92.1731 2.41957e+06 3 159245 122.821 10.9043 2 1 965.34 28.3397 34.0632 4 3 0.0664765 4.27503e-05 11.5854 2 
2.21492 -4.34945e-05 -1 0.93049 0.193204 0.000652601 92.2 2.41957e+06 3 56115.8 122.584 7.70697 2 1 1216.58 39.5215 30.7827 4 3 0.0692593 4.23386e-05 11.7828 2 
2.21557 -4.35018e-05 -1 0.930616 0.193213 0.000652601 92.2269 2.41958e+06 3 39695.4 76.6695 8.02982 2 1 1194.45 28.4202 42.0283 4 3 0.0719984 3.94818e-05 12.2173 2 
2.21623 -4.35404e-05 -1 0.930743 0.193202 0.000652601 92.2537 2.41958e+06 3 39514.7 98.3814 7.37817 2 1 1062.89 44.7951 23.7277 4 3 0.0799034 3.34964e-05 13.3615 2 
2.21688 -4.35295e-05 -1 0.930869 0.193186 0.000652601 92.2807 2.41959e+06 3 91635.7 67.0021 11.1001 2 1 990.889 35.4852 27.924 4 3 0.0817112 3.16205e-05 13.7226 2 
2.21753 -4.36718e-05 -1 0.930995 0.193173 0.000652601 92.314 2.41942e+06 4 228285 23.6615 9.9108 2 1 1094.5 31.8593 34.3541 4 3 0.0838599 3.12481e-05 13.8967 2 
2.21818 -4.37183e-05 -1 0.931121 0.193165 0.000652601 92.3433 2.41937e+06 4 176264 20.268 9.6569 2 1 1300.05 64.4825 20.1612 4 3 0.0844647 3.15592e-05 13.8841 2 
2.21884 -4.36796e-05 -1 0.931247 0.193159 0.000652601 92.3703 2.41937e+06 3 128688 60.606 12.8531 2 1 1521.12 38.0003 40.0293 4 3 0.0849102 3.14712e-05 13.9214 2 
2.21949 -4.37059e-05 -1 0.931373 0.193139 0.000652601 92.3972 2.41937e+06 3 105929 103.678 10.0718 2 1 1159.15 30.9071 37.5042 4 3 0.0843986 3.11898e-05 13.935 2 
2.22014 -4.36533e-05 -1 0.931499 0.19314 0.000652601 92.4242 2.41938e+06 3 34213 93.7289 7.1467 2 1 1168.26 46.8098 24.9576 4 3 0.0835509 2.82135e-05 14.3603 2 
2.22079 -4.36488e-05 -1 0.931625 0.193132 0.000652601 92.4534 2.41932e+06 4 212457 61.8984 7.65417 2 1 1149.68 44.3549 25.9201 4 3 0.0820093 2.49176e-05 14.8749 2 
2.22145 -4.36671e-05 -1 0.931751 0.19312 0.000652601 92.4802 2.41933e+06 3 92957.6 93.9794 9.96363 2 1 1321.4 29.8911 44.2069 4 3 0.0802833 2.2562e-05 15.2668 2 
2.2221 -4.36499e-05 -1 0.931877 0.193112 0.000652601 92.5113 2.41922e+06 3 41687.2 72.5398 8.31398 2 1 1198.4 23.6328 50.7092 4 3 0.0774133 2.09432e-05 15.4617 2 
2.22275 -4.36601e-05 -1 0.932002 0.193105 0.000652601 92.5381 2.41923e+06 3 42035 47.3858 9.60847 2 1 1553.4 32.1358 48.3388 4 3 0.0747041 2.28773e-05 14.8359 2 
2.22341 -4.37073e-05 -1 0.932128 0.193093 0.000652601 92.5679 2.41916e+06 4 127253 40.0115 7.50967 2 1 788.688 28.2952 27.8735 4 3 0.0722877 2.31939e-05 14.6071 2 
2.22406 -4.37233e-05 -1 0.932254 0.193085 0.000652601 92.5972 2.4191e+06 4 195149 53.0279 7.78871 2 1 882.589 29.7732 29.6437 4 3 0.0718921 2.35657e-05 14.5033 2 
2.22471 -4.37014e-05 -1 0.93238 0.193072 0.000652601 92.6255 2.41907e+06 3 76030.5 107.556 8.90809 2 1 836.406 29.5772 28.2788 4 3 0.0713173 2.33673e-05 14.5054 2 
2.22536 -4.3779e-05 -1 0.932505 0.193073 0.000652601 92.6525 2.41907e+06 3 144796 124.694 10.5108 2 1 1488.34 34.5542 43.0726 4 3 0.0684912 2.2655e-05 14.4596 2 
2.22602 -4.37068e-05 -1 0.932631 0.193057 0.000652601 92.6794 2.41908e+06 3 40876.3 61.8918 8.70856 2 1 1001 35.942 27.8503 4 3 0.0662833 2.15217e-05 14.5493 2 
2.22667 -4.3699e-05 -1 0.932757 0.193048 0.000652601 92.7127 2.41891e+06 4 232112 66.4354 7.6882 2 1 1163.76 38.4516 30.2655 4 3 0.0635935 2.03366e-05 14.6233 2 
2.22732 -4.36499e-05 -1 0.932883 0.193029 0.000652601 92.7396 2.41892e+06 3 97111.6 178.602 8.16197 2 1 1197.76 27.9897 42.7928 4 3 0.0602122 1.95609e-05 14.5467 2 
2.22797 -4.34997e-05 -1 0.933009 0.193024 0.000652601 92.7688 2.41886e+06 4 223013 94.0493 6.9782 2 1 1034.46 36.2721 28.5196 4 3 0.0589328 1.88875e-05 14.6126 2 
2.22863 -4.35594e-05 -1 0.933135 0.193019 0.000652601 92.7961 2.41886e+06 3 58170.1 63.299 9.72227 2 1 1142.52 67.1477 17.015 4 3 0.0596687 1.79791e-05 14.9162 2 
2.22928 -4.3616e-05 -1 0.933261 0.193015 0.000652601 92.823 2.41886e+06 3 32481.5 40.5262 9.28895 2 1 928.578 40.2933 23.0455 4 3 0.0620122 1.70622e-05 15.375 2 
2.22993 -4.36561e-05 -1 0.933386 0.19301 0.000652601 92.8498 2.41887e+06 3 75566.8 121.495 8.53606 2 1 1159.29 25.5848 45.3116 4 3 0.0643736 1.66377e-05 15.699 2 
2.23058 -4.37117e-05 -1 0.933512 0.192985 0.000652601 92.8768 2.41887e+06 3 166626 144.422 10.4883 2 1 1016.69 26.7887 37.9521 4 3 0.0669493 1.60925e-05 16.0833 2 
2.23124 -4.36425e-05 -1 0.933639 0.192985 0.000652601 92.9056 2.41883e+06 2 26952.9 195.666 11.7367 2 1 1054.41 31.9041 33.0494 4 3 0.0697036 1.66599e-05 16.1137 2 
2.23189 -4.36308e-05 -1 0.933765 0.192974 0.000652601 92.9325 2.41884e+06 3 41382.9 58.1347 8.92884 2 1 1242.17 34.6274 35.8724 4 3 0.0721825 1.7208e-05 16.1275 2 
2.23254 -4.36716e-05 -1 0.933891 0.192964 0.000652601 92.9593 2.41884e+06 3 41479.7 91.4943 7.68211 2 1 1096.53 49.5006 22.1518 4 3 0.0793526 1.6559e-05 16.8594 2 
2.23319 -4.37359e-05 -1 0.934017 0.192966 0.000652601 92.9862 2.41885e+06 3 54463.6 54.1499 10.0193 2 1 1041.65 30.2121 34.4779 4 3 0.082335 1.3767e-05 18.1516 2 
2.23385 -4.37673e-05 -1 0.934143 0.192935 0.000652601 93.013 2.41886e+06 3 40136.8 104.449 7.27019 2 1 984.147 23.7964 41.357 4 3 0.0833531 1.64378e-05 17.1801 2 
2.2345 -4.38326e-05 -1 0.934269 0.192944 0.000652601 93.0399 2.41886e+06 3 220757 152.825 11.3042 2 1 1203.84 62.7005 19.1998 4 3 0.0843398 2.20133e-05 15.6476 2 
2.23515 -4.39929e-05 -1 0.934395 0.192936 0.000652601 93.069 2.41881e+06 4 173567 84.6965 6.72823 2 1 1596.46 38.0463 41.9611 4 3 0.0842367 2.65572e-05 14.6929 2 
2.2358 -4.39526e-05 -1 0.934521 0.192921 0.000652601 93.1001 2.41871e+06 3 129596 129.853 9.9934 2 1 1045.08 71.1392 14.6906 4 3 0.0837443 2.56601e-05 14.8331 2 
2.23646 -4.39995e-05 -1 0.934647 0.192913 0.000652601 93.1271 2.41871e+06 3 107900 57.7887 12.3138 2 1 1138.95 42.3913 26.8676 4 3 0.0826675 2.21053e-05 15.5219 2 
2.23711 -4.40648e-05 -1 0.934773 0.192893 0.000652601 93.1539 2.41872e+06 3 195971 104.607 12.3275 2 1 1046.34 41.3611 25.2976 4 3 0.0811371 1.72096e-05 16.7681 2 
2.23776 -4.41744e-05 -1 0.9349 0.192905 0.000652601 93.1807 2.41872e+06 3 207127 231.588 9.63475 2 1 1408.4 51.7941 27.1923 4 3 0.0791173 1.56408e-05 17.1661 2 
2.23842 -4.40867e-05 -1 0.935026 0.192893 0.000652601 93.2077 2.41873e+06 3 41577.7 68.1441 8.48159 2 1 1271.97 151.711 8.38419 4 3 0.076204 1.59556e-05 16.8405 2 
2.23907 -4.40409e-05 -1 0.935152 0.192882 0.000652601 93.2373 2.41866e+06 4 94337.5 86.0086 5.75487 2 1 1226.39 66.1391 18.5426 4 3 0.0735956 1.67709e-05 16.3719 2 
2.23972 -4.40435e-05 -1 0.935278 0.192873 0.000652601 93.2665 2.41861e+06 4 194266 80.3467 7.01225 2 1 1334.69 37.1106 35.9652 4 3 0.0722804 1.70609e-05 16.181 2 
2.24037 -4.40173e-05 -1 0.935404 0.192863 0.000652601 93.2969 2.41852e+06 3 41053.3 139.935 6.64467 2 1 810.124 34.7134 23.3375 4 3 0.0722207 1.69708e-05 16.2052 2 
2.24103 -4.40344e-05 -1 0.93553 0.192858 0.000652601 93.3237 2.41853e+06 3 83935.9 112.015 9.08288 2 1 890.028 41.0752 21.6683 4 3 0.0703162 1.66616e-05 16.1602 2 
2.24168 -4.3958e-05 -1 0.935655 0.19284 0.000652601 93.3529 2.41847e+06 4 129041 40.7159 7.50311 2 1 837.898 24.1004 34.7669 4 3 0.0684802 1.63141e-05 16.1312 2 
2.24233 -4.40066e-05 -1 0.935781 0.192844 0.000652601 93.3798 2.41848e+06 3 144740 189.966 9.13351 2 1 845.861 45.0724 18.7667 4 3 0.066219 1.57959e-05 16.1242 2 
2.24298 -4.38846e-05 -1 0.935906 0.192818 0.000652601 93.4067 2.41848e+06 3 41738.4 113.238 7.16991 2 1 1262.28 43.0583 29.3155 4 3 0.0634492 1.53294e-05 16.0559 2 
2.24364 -4.38828e-05 -1 0.936032 0.192823 0.000652601 93.4359 2.41843e+06 4 224238 47.3609 8.29511 2 1 1264.69 41.6274 30.3811 4 3 0.0599465 1.49029e-05 15.9037 2 
2.24429 -4.39087e-05 -1 0.936157 0.192812 0.000652601 93.465 2.41838e+06 4 220975 51.4861 8.094 2 1 1127.11 29.9508 37.6321 4 3 0.0584399 1.51645e-05 15.6781 2 
2.24494 -4.40105e-05 -1 0.936283 0.192809 0.000652601 93.496 2.41828e+06 3 119037 104.664 10.4383 2 1 996.715 28.9262 34.4571 4 3 0.0604251 1.62757e-05 15.4843 2 
2.24559 -4.40215e-05 -1 0.936408 0.192795 0.000652601 93.5229 2.41828e+06 3 44158.8 83.8914 8.07421 2 1 1204.88 36.27 33.2198 4 3 0.0627307 1.77207e-05 15.2405 2 
2.24625 -4.40064e-05 -1 0.936534 0.192791 0.000652601 93.5497 2.41829e+06 3 59367.2 98.4147 8.44946 2 1 995.094 30.2619 32.8827 4 3 0.065174 1.97325e-05 14.8924 2 
2.2469 -4.40312e-05 -1 0.93666 0.192783 0.000652601 93.5765 2.4183e+06 3 41472.6 138.256 6.69409 2 1 1144.18 30.4246 37.607 4 3 0.0677587 2.07749e-05 14.83 2 
2.24755 -4.40451e-05 -1 0.936785 0.192772 0.000652601 93.6034 2.4183e+06 3 165351 157.314 10.1675 2 1 1021.09 28.2512 36.143 4 3 0.0703474 2.12661e-05 14.9 2 
2.2482 -4.37555e-05 -1 0.936911 0.192762 0.000652601 93.6322 2.41826e+06 3 40905 101.223 7.39319 2 1 1023.04 38.8739 26.3169 4 3 0.0774229 2.11168e-05 15.4199 2 
2.24886 -4.37788e-05 -1 0.937036 0.192758 0.000652601 93.6592 2.41826e+06 3 42694.2 105.528 7.39607 2 1 1235.95 52.9693 23.3333 4 3 0.0806306 5.99703e-05 11.0371 2 
2.24951 -4.38231e-05 -1 0.937162 0.192739 0.000652601 93.6928 2.41809e+06 3 41325.8 79.9571 8.02518 2 1 1138.86 35.6452 31.95 4 4 0.0819172 2.24073e-05 7.77582 2 
2.25016 -4.3823e-05 -1 0.937288 0.192729 0.000652601 93.7224 2.41803e+06 3 32195.3 81.3011 7.34342 2 1 1037.19 22.3677 46.37 4 4 0.0831774 2.19102e-05 7.84946 2 
2.25081 -4.38239e-05 -1 0.937414 0.192728 0.000652601 93.7514 2.41798e+06 4 223211 43.3938 8.4688 2 1 1092.26 54.9351 19.8828 4 3 0.083334 9.80565e-05 9.47215 2 
2.25147 -4.3842e-05 -1 0.937539 0.192728 0.000652601 93.7783 2.41798e+06 3 53586.9 103.26 8.03604 2 1 1690.92 41.7256 40.5248 4 3 0.0832232 8.29923e-05 10.0093 2 
2.25212 -4.39243e-05 -1 0.937665 0.192707 0.000652601 93.8054 2.41799e+06 3 171010 139.351 10.7062 2 1 1096.26 44.2013 24.8016 4 3 0.0823318 7.31757e-05 10.4008 2 
2.25277 -4.40245e-05 -1 0.937791 0.192714 0.000652601 93.8325 2.41799e+06 3 130700 96.9299 11.0477 2 1 1142.58 71.4763 15.9855 4 3 0.0811782 6.58912e-05 10.7202 2 
2.25342 -4.41203e-05 -1 0.937917 0.19269 0.000652601 93.8594 2.41799e+06 3 69238 153.9 7.66246 2 1 1040.78 37.3651 27.8544 4 3 0.0791922 6.41338e-05 10.7283 2 
2.25408 -4.40283e-05 -1 0.938043 0.19269 0.000652601 93.8927 2.41783e+06 4 209596 65.6682 7.51635 2 1 1196.92 52.8129 22.6634 4 3 0.0773231 5.72484e-05 11.0539 2 
2.25473 -4.40479e-05 -1 0.938169 0.192681 0.000652601 93.9219 2.41778e+06 4 194440 58.7717 7.58411 2 1 1513.82 49.645 30.4928 4 3 0.0744269 5.02336e-05 11.4002 2 
2.25538 -4.39983e-05 -1 0.938294 0.192675 0.000652601 93.9487 2.41779e+06 3 51797.8 46.733 10.3489 2 1 1099.9 32.38 33.9684 4 3 0.0726225 4.76751e-05 11.5061 2 
2.25604 -4.40061e-05 -1 0.93842 0.192659 0.000652601 93.9758 2.41778e+06 3 41675.3 101.509 7.43231 2 1 1294.22 46.0936 28.0781 4 3 0.0717978 4.75523e-05 11.4722 2 
2.25669 -4.40335e-05 -1 0.938546 0.192661 0.000652601 94.0069 2.41768e+06 3 95282.7 150.008 8.59607 2 1 894.197 24.2373 36.8934 4 3 0.0717567 4.6977e-05 11.5166 2 
2.25734 -4.40155e-05 -1 0.938672 0.19265 0.000652601 94.0339 2.41769e+06 3 39665.7 92.8688 7.53092 2 1 862.494 21.1042 40.8683 4 3 0.070402 4.34795e-05 11.7427 2 
2.25799 -4.39962e-05 -1 0.938798 0.192638 0.000652601 94.0607 2.41769e+06 3 40331.9 50.1646 9.29859 2 1 891.123 24.2604 36.7315 4 3 0.0686387 3.69454e-05 12.2933 2 
2.25865 -4.39879e-05 -1 0.938924 0.192639 0.000652601 94.0878 2.41769e+06 3 83354.3 63.4506 10.9521 2 1 844.515 26.345 32.056 4 3 0.066126 3.5183e-05 12.3409 2 
2.2593 -4.40309e-05 -1 0.93905 0.192634 0.000652601 94.117 2.41764e+06 4 145146 146.164 5.61359 2 1 838.251 30.9498 27.0842 4 3 0.0632781 3.48298e-05 12.2021 2 
2.25995 -4.39664e-05 -1 0.939176 0.19261 0.000652601 94.1465 2.41758e+06 4 223501 57.0524 7.91137 2 1 1005.94 41.088 24.4824 4 3 0.0597361 3.48042e-05 11.973 2 
2.2606 -4.39183e-05 -1 0.939302 0.192606 0.000652601 94.1757 2.41752e+06 4 218338 76.758 7.303 2 1 1053.76 31.61 33.3363 4 3 0.0593471 3.51189e-05 11.9111 2 
2.26126 -4.39538e-05 -1 0.939428 0.192605 0.000652601 94.2025 2.41753e+06 3 41027.3 103.435 7.34743 2 1 1208.98 40.9976 29.4891 4 3 0.0615056 3.47065e-05 12.1014 2 
2.26191 -4.40246e-05 -1 0.939554 0.192601 0.000652601 94.2295 2.41753e+06 3 97430.7 78.0492 10.7674 2 1 1090.09 36.5538 29.8214 4 3 0.0638733 3.12254e-05 12.6942 2 
2.26256 -4.40025e-05 -1 0.93968 0.192576 0.000652601 94.2565 2.41754e+06 3 115478 127.301 9.6803 2 1 1062.13 35.3755 30.0244 4 3 0.0662859 2.76409e-05 13.3851 2 
2.26321 -4.40704e-05 -1 0.939805 0.192584 0.000652601 94.2835 2.41754e+06 3 41485.4 81.2987 7.99105 2 1 1175.84 35.6623 32.9713 4 3 0.0688535 2.52668e-05 13.9677 2 
2.26387 -4.40434e-05 -1 0.939931 0.192577 0.000652601 94.3105 2.41754e+06 3 44149.6 83.8862 8.07381 2 1 1156.68 32.4226 35.675 4 3 0.0714417 2.4043e-05 14.3765 2 
2.26452 -4.40926e-05 -1 0.940056 0.192555 0.000652601 94.3374 2.41755e+06 3 164234 122.744 11.0193 2 1 1039.81 31.4038 33.111 4 3 0.0789302 2.5751e-05 14.5261 2 
2.26517 -4.40629e-05 -1 0.940181 0.192562 0.000652601 94.3643 2.41756e+06 3 75465.7 97.927 9.16817 2 1 1058.76 25.9974 40.7256 4 3 0.08043 2.50616e-05 14.7504 2 
2.26582 -4.40724e-05 -1 0.940307 0.192547 0.000652601 94.3934 2.4175e+06 3 39370.8 111.615 7.06562 2 1 1229.73 43.4284 28.3163 4 3 0.0820458 2.52881e-05 14.804 2 
2.26648 -4.40713e-05 -1 0.940432 0.192544 0.000652601 94.4205 2.4175e+06 3 41065.6 75.6777 8.15649 2 1 1082.81 30.0315 36.0558 4 3 0.0825735 2.53151e-05 14.8304 2 
2.26713 -4.41056e-05 -1 0.940557 0.192537 0.000652601 94.4497 2.41745e+06 4 225171 32.7168 9.10826 2 1 1041.24 51.9038 20.0609 4 3 0.0827244 2.40145e-05 15.1027 2 
2.26778 -4.41246e-05 -1 0.940683 0.192527 0.000652601 94.4766 2.41746e+06 3 40816.4 58.9062 8.84894 2 1 925.784 26.8875 34.4318 4 3 0.0820172 2.19051e-05 15.5282 2 
2.26843 -4.41412e-05 -1 0.940808 0.192518 0.000652601 94.5063 2.41739e+06 3 177825 197.03 9.66394 2 1 1787.13 48.8882 36.5554 4 3 0.0810568 1.85949e-05 16.3355 2 
2.26909 -4.41723e-05 -1 0.940934 0.19251 0.000652601 94.5332 2.41739e+06 3 54835.5 158.158 7.02517 2 1 1207.16 50.2757 24.0108 4 3 0.079397 1.68167e-05 16.776 2 
2.26974 -4.41964e-05 -1 0.941059 0.1925 0.000652601 94.5626 2.41734e+06 4 193771 124.507 6.28093 2 1 1283.35 48.133 26.6627 4 3 0.0776856 1.58861e-05 16.9736 2 
2.27039 -4.41319e-05 -1 0.941184 0.192494 0.000652601 94.5896 2.41734e+06 3 41553.3 108.434 7.26351 2 1 944.412 47.544 19.864 4 3 0.0753878 1.7935e-05 16.1386 2 
2.27105 -4.41292e-05 -1 0.94131 0.192492 0.000652601 94.6189 2.41728e+06 4 203708 49.863 7.99479 2 1 1101.27 29.1302 37.8053 4 3 0.072316 1.80358e-05 15.8867 2 
2.2717 -4.40612e-05 -1 0.941436 0.192488 0.000652601 94.6477 2.41724e+06 3 41586.2 76.7099 8.15391 2 1 1353.44 42.8462 31.5882 4 3 0.0714411 1.7743e-05 15.9089 2 
2.27235 -4.40838e-05 -1 0.941561 0.192478 0.000652601 94.6745 2.41725e+06 3 35464.3 73.4532 7.84501 2 1 1051.53 35.3177 29.7733 4 3 0.072029 1.77414e-05 15.9529 2 
2.273 -4.40798e-05 -1 0.941687 0.192472 0.000652601 94.7056 2.41715e+06 3 40317.6 56.914 8.91439 2 1 1431.16 32.9551 43.4276 4 3 0.0711778 1.77979e-05 15.873 2 
2.27366 -4.40999e-05 -1 0.941812 0.192458 0.000652601 94.7326 2.41715e+06 3 51075 87.2484 8.36534 2 1 936.042 28.8202 32.4787 4 3 0.0701346 1.7806e-05 15.7927 2 
2.27431 -4.39993e-05 -1 0.941938 0.192447 0.000652601 94.7595 2.41715e+06 3 95698.3 208.029 7.71957 2 1 900.04 28.6524 31.4124 4 3 0.0682003 1.74135e-05 15.7628 2 
2.27496 -4.39774e-05 -1 0.942064 0.192438 0.000652601 94.7864 2.41716e+06 3 43604.6 88.5761 7.89597 2 1 868.942 35.4171 24.5345 4 3 0.0658887 1.57414e-05 16.116 2 
2.27561 -4.39942e-05 -1 0.942189 0.192437 0.000652601 94.811 2.41722e+06 2 22679.3 149.131 12.3319 2 1 846.048 36.7779 23.0043 4 3 0.0626374 1.54179e-05 15.9564 2 
2.27627 -4.40284e-05 -1 0.942315 0.19243 0.000652601 94.8402 2.41717e+06 4 222309 75.1192 7.37567 2 1 829.002 21.6854 38.2286 4 3 0.0592203 1.5001e-05 15.8046 2 
2.27692 -4.40792e-05 -1 0.942441 0.192426 0.000652601 94.8672 2.41717e+06 3 77104.8 229.274 6.95413 2 1 912.72 30.7421 29.6896 4 3 0.0606925 1.43917e-05 16.1563 2 
2.27757 -4.41811e-05 -1 0.942566 0.192417 0.000652601 94.8969 2.41711e+06 3 38658.3 92.1738 7.48535 2 1 1055.3 21.9509 48.0753 4 3 0.0629 1.47927e-05 16.2007 2 
2.27822 -4.42269e-05 -1 0.942692 0.192411 0.000652601 94.9238 2.41711e+06 3 46748.7 30.6768 11.5076 2 1 1131.2 23.6988 47.7324 4 3 0.0652713 1.49756e-05 16.3348 2 
2.27888 -4.42197e-05 -1 0.942818 0.192401 0.000652601 94.9529 2.41706e+06 4 131637 56.1364 6.95879 2 1 1079.3 25.3097 42.6439 4 3 0.0677123 1.4923e-05 16.5553 2 
2.27953 -4.4251e-05 -1 0.942944 0.1924 0.000652601 94.9867 2.41689e+06 4 117481 55.5586 6.78117 2 1 1040.5 30.4939 34.1215 4 3 0.0702284 1.45917e-05 16.8837 2 
2.28018 -4.42317e-05 -1 0.943069 0.19239 0.000652601 95.0141 2.41689e+06 3 40913.8 88.369 7.73612 2 1 921.311 42.5126 21.6715 4 3 0.0778291 1.40866e-05 17.6785 2 
2.28083 -4.42285e-05 -1 0.943195 0.192382 0.000652601 95.041 2.41689e+06 3 38220.3 126.021 6.71868 2 1 1177.72 29.8585 39.4433 4 3 0.0792376 1.37282e-05 17.9379 2 
2.28149 -4.42283e-05 -1 0.943321 0.192381 0.000652601 95.0679 2.4169e+06 3 163384 185.352 9.58822 2 1 1022.37 43.3703 23.573 4 3 0.0810809 1.40309e-05 17.945 2 
2.28214 -4.42504e-05 -1 0.943447 0.192371 0.000652601 95.0969 2.41685e+06 3 59174.1 99.9039 8.39814 2 1 1029.53 34.6406 29.7202 4 3 0.0816572 1.4279e-05 17.8826 2 
2.28279 -4.42514e-05 -1 0.943572 0.192365 0.000652601 95.124 2.41685e+06 3 75796.5 95.5579 9.2568 2 1 1151.46 28.2677 40.7342 4 3 0.0818158 1.4663e-05 17.7366 2 
2.28344 -4.42645e-05 -1 0.943698 0.192354 0.000652601 95.151 2.41685e+06 3 41670.4 114.802 7.13334 2 1 1070.84 44.5838 24.0187 4 3 0.0812614 1.46833e-05 17.6884 2 
2.2841 -4.42623e-05 -1 0.943824 0.192346 0.000652601 95.1779 2.41686e+06 3 217189 232.1 9.78109 2 1 976.645 31.0481 31.4558 4 3 0.0804119 1.47175e-05 17.6128 2 
2.28475 -4.43419e-05 -1 0.94395 0.192338 0.000652601 95.2071 2.4168e+06 4 192370 58.4439 7.57442 2 1 1892.55 47.335 39.982 4 3 0.0789689 1.46137e-05 17.5482 2 
2.2854 -4.43127e-05 -1 0.944075 0.192335 0.000652601 95.2362 2.41675e+06 4 175409 26.2729 9.03933 2 1 1209.94 39.4573 30.6646 4 3 0.0773206 1.4694e-05 17.3934 2 
2.28605 -4.43161e-05 -1 0.9442 0.192327 0.000652601 95.263 2.41676e+06 3 41275 181.598 6.10274 2 1 1007.97 29.4514 34.2248 4 3 0.0750408 1.52161e-05 17.0215 2 
2.28671 -4.4312e-05 -1 0.944325 0.19232 0.000652601 95.2898 2.41677e+06 3 91232.5 68.435 11.0059 2 1 1046.66 27.7867 37.6678 4 3 0.0729723 1.70549e-05 16.2344 2 
2.28736 -4.43733e-05 -1 0.94445 0.192314 0.000652601 95.3189 2.41672e+06 4 206381 59.54 7.673 2 1 893.387 32.376 27.5941 4 3 0.0702394 1.5064e-05 16.7063 2 
2.28801 -4.44757e-05 -1 0.944576 0.192313 0.000652601 95.3456 2.41673e+06 3 41224.9 109.151 7.22843 2 1 1421.1 34.724 40.9257 4 3 0.071811 1.5174e-05 16.7892 2 
2.28867 -4.44941e-05 -1 0.944701 0.192303 0.000652601 95.3722 2.41674e+06 3 104836 147.176 8.93082 2 1 1265.39 40.2326 31.4519 4 3 0.0715959 1.53711e-05 16.7005 2 
2.28932 -4.44031e-05 -1 0.944826 0.192293 0.000652601 95.3991 2.41675e+06 3 67326.7 74.1343 9.68403 2 1 1054.94 38.6091 27.3235 4 3 0.0712211 1.69761e-05 16.1284 2 
2.28997 -4.4322e-05 -1 0.944951 0.192285 0.000652601 95.4259 2.41676e+06 3 40814.2 111.65 7.1502 2 1 1298.34 28.0902 46.2206 4 3 0.0698772 1.6437e-05 16.1996 2 
2.29062 -4.43007e-05 -1 0.945077 0.192281 0.000652601 95.4524 2.41677e+06 3 42063.7 59.497 8.90849 2 1 924.034 31.9394 28.9308 4 3 0.068035 4.89722e-05 11.1582 2 
2.29128 -4.43447e-05 -1 0.945202 0.192273 0.000652601 95.4818 2.41671e+06 3 41731.3 59.7368 8.87306 2 1 847.327 36.5295 23.1957 4 4 0.0653763 1.87208e-05 7.6873 2 
2.29193 -4.43318e-05 -1 0.945327 0.192277 0.000652601 95.5115 2.41665e+06 3 95606.2 144.767 8.7084 2 1 1005.93 30.9554 32.4959 4 3 0.0623093 9.42467e-05 8.71155 2 
2.29258 -4.43204e-05 -1 0.945453 0.192259 0.000652601 95.5405 2.4166e+06 4 220904 69.609 7.50559 2 1 874.154 29.2544 29.8811 4 3 0.0603028 8.29359e-05 8.99218 2 
2.29323 -4.43238e-05 -1 0.945578 0.192258 0.000652601 95.5672 2.41661e+06 3 146699 132.928 10.334 2 1 828.346 33.1797 24.9655 4 3 0.0621086 7.21578e-05 9.51239 2 
2.29389 -4.42824e-05 -1 0.945703 0.192249 0.000652601 95.5938 2.41663e+06 3 83039 104.133 9.27323 2 1 852.667 29.1496 29.2514 4 3 0.0645821 6.32182e-05 10.0714 2 
2.29454 -4.42598e-05 -1 0.945829 0.192249 0.000652601 95.6205 2.41664e+06 3 64846.2 85.5173 9.11892 2 1 1179.46 54.9971 21.4459 4 3 0.0669129 5.7502e-05 10.5182 2 
2.29519 -4.4349e-05 -1 0.945954 0.192239 0.000652601 95.6491 2.4166e+06 3 79668.4 93.4251 9.48289 2 1 1068.99 33.7097 31.7116 4 3 0.0694974 5.66531e-05 10.7049 2 
2.29584 -4.44277e-05 -1 0.94608 0.192235 0.000652601 95.6759 2.41661e+06 3 41999.7 87.1714 7.83954 2 1 1072.01 25.4547 42.1144 4 3 0.0767332 4.99998e-05 11.5347 2 
2.2965 -4.44224e-05 -1 0.946205 0.192224 0.000652601 95.7028 2.41661e+06 2 46717.3 185.622 15.8644 2 1 1009.03 26.6252 37.8977 4 3 0.0782468 4.41159e-05 12.1048 2 
2.29715 -4.44343e-05 -1 0.946331 0.192217 0.000652601 95.7318 2.41657e+06 4 114313 54.3566 6.77191 2 1 959.324 29.78 32.2137 4 3 0.0801015 4.19566e-05 12.4055 2 
2.2978 -4.44151e-05 -1 0.946456 0.192206 0.000652601 95.7583 2.41658e+06 3 41621.2 108.422 7.26774 2 1 1200.32 24.0997 49.8063 4 3 0.0806662 4.21736e-05 12.4132 2 
2.29845 -4.44146e-05 -1 0.946582 0.192201 0.000652601 95.7873 2.41653e+06 4 162841 46.6944 7.68466 2 1 1032.55 36.3582 28.3993 4 3 0.0809499 4.15234e-05 12.4923 2 
2.29911 -4.44664e-05 -1 0.946707 0.192198 0.000652601 95.8116 2.4166e+06 2 33073.7 224.337 12.142 2 1 965.899 27.5563 35.0519 4 3 0.0802909 3.8581e-05 12.7673 2 
2.29976 -4.444e-05 -1 0.946833 0.192192 0.000652601 95.8405 2.41656e+06 4 190392 90.4941 6.77263 2 1 1073.47 25.9436 41.3772 4 3 0.0796522 3.27061e-05 13.4541 2 
2.30041 -4.43901e-05 -1 0.946958 0.192183 0.000652601 95.8694 2.41651e+06 4 218952 43.9493 8.40135 2 1 1051.52 31.936 32.9259 4 3 0.0783359 3.09802e-05 13.6236 2 
2.30106 -4.4413e-05 -1 0.947084 0.192178 0.000652601 95.8997 2.41643e+06 3 40853.3 102.825 7.3515 2 1 957.382 35.3736 27.0649 4 3 0.0764921 3.08154e-05 13.5399 2 
2.30172 -4.44174e-05 -1 0.94721 0.192173 0.000652601 95.9266 2.41644e+06 3 31478.4 73.7011 7.53089 2 1 2009.51 58.1933 34.5317 4 3 0.0747054 3.09279e-05 13.4174 2 
2.30237 -4.44054e-05 -1 0.947335 0.192159 0.000652601 95.9532 2.41645e+06 3 173351 204.373 9.46602 2 1 1267.84 32.5209 38.9853 4 3 0.0726801 3.0371e-05 13.3758 2 
2.30302 -4.41863e-05 -1 0.947461 0.19216 0.000652601 95.9797 2.41647e+06 3 40807.2 71.3346 8.30129 2 1 1088.78 74.2976 14.6543 4 3 0.0701196 3.09347e-05 13.136 2 
2.30368 -4.41627e-05 -1 0.947586 0.192154 0.000652601 96.0063 2.41648e+06 3 209929 199.539 10.1706 2 1 1212.18 79.8163 15.1871 4 3 0.0713285 2.74319e-05 13.751 2 
2.30433 -4.39824e-05 -1 0.947712 0.192148 0.000652601 96.0331 2.41649e+06 3 192919 169.344 10.444 2 1 1251.57 73.3044 17.0736 4 3 0.0714555 2.43501e-05 14.3168 2 
2.30498 -4.40439e-05 -1 0.947837 0.192142 0.000652601 96.0597 2.4165e+06 3 56398.7 148.825 7.23654 2 1 1468.37 79.2982 18.5171 4 3 0.0716834 2.16146e-05 14.9127 2 
2.30563 -4.40744e-05 -1 0.947963 0.192134 0.000652601 96.0904 2.41641e+06 3 107918 103.346 10.1453 2 1 1368.31 42.03 32.5556 4 3 0.0707664 2.08475e-05 15.0288 2 
2.30629 -4.42048e-05 -1 0.948089 0.192132 0.000652601 96.117 2.41642e+06 3 65354.2 108.269 8.45128 2 1 1395.41 39.7497 35.1048 4 3 0.0694715 2.2307e-05 14.6035 2 
2.30694 -4.42944e-05 -1 0.948214 0.19212 0.000652601 96.1437 2.41644e+06 3 68598 106.053 8.64828 2 1 1046.17 31.8374 32.8597 4 3 0.0673419 2.21362e-05 14.4897 2 
2.30759 -4.42815e-05 -1 0.94834 0.192116 0.000652601 96.1702 2.41645e+06 3 29371.2 40.1138 9.01314 2 1 975.071 26.3551 36.9974 4 3 0.064683 2.18867e-05 14.3506 2 
2.30824 -4.4284e-05 -1 0.948465 0.19211 0.000652601 96.1991 2.41641e+06 4 217975 57.878 7.83381 2 1 928.729 32.4418 28.6275 4 3 0.0613054 2.23286e-05 14.0027 2 
2.3089 -4.43662e-05 -1 0.94859 0.192109 0.000652601 96.228 2.41636e+06 4 219426 43.444 8.43023 2 1 800.482 30.1678 26.5343 4 3 0.0617862 2.10679e-05 14.3139 2 
2.30955 -4.43817e-05 -1 0.948715 0.192106 0.000652601 96.2546 2.41637e+06 3 40027.2 58.0818 8.83294 2 1 875.624 24.7985 35.3095 4 3 0.0641191 1.93039e-05 14.9204 2 
2.3102 -4.43458e-05 -1 0.94884 0.192096 0.000652601 96.2811 2.41639e+06 3 96979.1 191.838 7.96613 2 1 853.637 27.3174 31.2489 4 3 0.0664084 1.62027e-05 16.0034 2 
2.31085 -4.4262e-05 -1 0.948965 0.192088 0.000652601 96.3077 2.41641e+06 3 141046 172.552 9.35005 2 1 824.169 26.4557 31.1528 4 3 0.0690359 1.44113e-05 16.8574 2 
2.31151 -4.42656e-05 -1 0.94909 0.192087 0.000652601 96.3343 2.41642e+06 3 83259.9 218.238 7.25274 2 1 1013.35 45.2513 22.3938 4 3 0.0759255 1.41609e-05 17.5025 2 
2.31216 -4.42221e-05 -1 0.949215 0.192074 0.000652601 96.3608 2.41643e+06 3 41841.5 118.322 7.07155 2 1 1218.08 49.6105 24.5528 4 3 0.077465 1.56739e-05 17.0337 2 
2.31281 -4.41997e-05 -1 0.94934 0.192076 0.000652601 96.3874 2.41645e+06 3 79491.5 232.25 6.99501 2 1 1123.89 67.1438 16.7385 4 3 0.0792471 1.56675e-05 17.1657 2 
2.31346 -4.4225e-05 -1 0.949465 0.192062 0.000652601 96.4139 2.41646e+06 3 41373.2 78.7822 8.06796 2 1 991.371 30.2663 32.7549 4 3 0.0797367 1.55e-05 17.2627 2 
2.31412 -4.42084e-05 -1 0.949591 0.192063 0.000652601 96.4427 2.41642e+06 4 189352 64.7307 7.35427 2 1 912.722 27.5705 33.105 4 3 0.079967 1.86665e-05 16.2411 2 
2.31477 -4.41613e-05 -1 0.949716 0.192054 0.000652601 96.4693 2.41643e+06 3 46816.5 107.449 7.5811 2 1 1145.59 25.3611 45.171 4 3 0.0794967 2.18079e-05 15.3902 2 
2.31542 -4.42523e-05 -1 0.949841 0.192059 0.000652601 96.4958 2.41645e+06 3 162612 137.692 10.5702 2 1 1076 34.1085 31.5466 4 3 0.0785891 2.34768e-05 14.9592 2 
2.31607 -4.42209e-05 -1 0.949966 0.192052 0.000652601 96.5222 2.41647e+06 3 41300.7 100.902 7.42481 2 1 972.675 29.0274 33.5088 4 3 0.0774729 2.43971e-05 14.6984 2 
2.31673 -4.42292e-05 -1 0.950092 0.192032 0.000652601 96.5511 2.41642e+06 4 220632 54.6513 7.97108 2 1 1061.86 36.1573 29.3678 4 3 0.0759892 2.14641e-05 15.241 2 
2.31738 -4.4213e-05 -1 0.950217 0.192024 0.000652601 96.5776 2.41644e+06 3 39524.9 44.9632 9.57939 2 1 1006.7 27.973 35.9884 4 3 0.0741572 1.7383e-05 16.2185 2 
2.31803 -4.42813e-05 -1 0.950342 0.192025 0.000652601 96.6041 2.41645e+06 3 59845.6 100.166 8.42242 2 1 2130.35 56.488 37.7133 4 3 0.0721894 1.53227e-05 16.7641 2 
2.31868 -4.43275e-05 -1 0.950468 0.192015 0.000652601 96.6349 2.41636e+06 4 135805 56.0055 7.01732 2 1 952.765 28.6933 33.2051 4 3 0.0698131 1.53001e-05 16.5862 2 
2.31934 -4.43393e-05 -1 0.950593 0.192017 0.000652601 96.6615 2.41637e+06 3 171725 225.038 9.13817 2 1 1230.4 26.4586 46.5027 4 3 0.0685252 1.512e-05 16.5488 2 
2.31999 -4.44251e-05 -1 0.950718 0.192004 0.000652601 96.6907 2.41632e+06 3 29308.5 34.5598 9.46544 2 1 978.492 41.8571 23.3769 4 3 0.0706594 1.42362e-05 17.0579 2 
2.32064 -4.44197e-05 -1 0.950844 0.192005 0.000652601 96.7196 2.41628e+06 4 204061 31.8181 8.94894 2 1 1117.04 35.1909 31.7424 4 3 0.0717536 1.54675e-05 16.6779 2 
2.3213 -4.43954e-05 -1 0.950969 0.191999 0.000652601 96.7461 2.41629e+06 3 189798 233.599 9.33125 2 1 1307.58 28.56 45.7835 4 3 0.071339 1.56012e-05 16.598 2 
2.32195 -4.45541e-05 -1 0.951095 0.191988 0.000652601 96.7725 2.41631e+06 3 90142.6 109.452 9.37349 2 1 1240.69 67.5696 18.3617 4 3 0.070418 1.67004e-05 16.1554 2 
2.3226 -4.45959e-05 -1 0.95122 0.191993 0.000652601 96.8042 2.4162e+06 4 56370.2 108.439 4.77492 2 1 1319.36 48.185 27.381 4 3 0.069115 1.9008e-05 15.3772 2 
2.32325 -4.46394e-05 -1 0.951345 0.19199 0.000652601 96.8307 2.41621e+06 3 105859 230.845 7.71145 2 1 1294.93 43.626 29.6826 4 3 0.0668696 1.65311e-05 15.9334 2 
2.32391 -4.46707e-05 -1 0.951471 0.191977 0.000652601 96.8571 2.41623e+06 3 40634.6 183.268 6.05252 2 1 1000.25 48.2355 20.7367 4 3 0.0638911 1.80342e-05 15.2446 2 
2.32456 -4.47302e-05 -1 0.951596 0.191972 0.000652601 96.886 2.41619e+06 4 213280 72.9777 7.35258 2 1 1012.32 25.1739 40.2128 4 3 0.0616275 1.9286e-05 14.7291 2 
2.32521 -4.47428e-05 -1 0.951722 0.191965 0.000652601 96.9148 2.41614e+06 4 217703 56.5681 7.87632 2 1 931.881 45.2192 20.6081 4 3 0.0637451 2.02056e-05 14.6664 2 
2.32586 -4.47136e-05 -1 0.951847 0.191955 0.000652601 96.9414 2.41616e+06 3 41530.7 89.9503 7.72898 2 1 1037.76 24.6584 42.0854 4 3 0.0661597 2.06616e-05 14.7393 2 
2.32652 -4.47216e-05 -1 0.951973 0.191956 0.000652601 96.9679 2.41617e+06 3 41317.6 106.985 7.28233 2 1 906.655 28.5623 31.7431 4 3 0.0685063 2.06804e-05 14.907 2 
2.32717 -4.47948e-05 -1 0.952098 0.19195 0.000652601 96.9944 2.41619e+06 3 38153.4 64.9407 8.3754 2 1 839.142 54.3343 15.4441 4 3 0.0754196 2.02705e-05 15.4955 2 
2.32782 -4.48189e-05 -1 0.952223 0.191945 0.000652601 97.0232 2.41615e+06 4 142640 59.4203 6.99965 2 1 812.893 20.3678 39.9107 4 3 0.0767558 1.95582e-05 15.7735 2 
2.32847 -4.47442e-05 -1 0.952349 0.19193 0.000652601 97.0496 2.41616e+06 3 97846.6 153.435 8.60744 2 1 912.352 21.8715 41.7141 4 3 0.078357 1.83519e-05 16.223 2 
2.32913 -4.47367e-05 -1 0.952474 0.19193 0.000652601 97.0785 2.41612e+06 4 186215 133.86 6.10718 2 1 1097.02 37.07 29.5932 4 3 0.0788704 1.63622e-05 16.8924 2 
2.32978 -4.46736e-05 -1 0.9526 0.191927 0.000652601 97.1091 2.41603e+06 3 40978.2 102.969 7.35555 2 1 1117.09 30.0982 37.115 4 3 0.0789588 1.65451e-05 16.8362 2 
2.33043 -4.4667e-05 -1 0.952725 0.191921 0.000652601 97.1355 2.41605e+06 3 64857.1 115.228 8.25658 2 1 965.762 39.1722 24.6542 4 3 0.0783568 1.63994e-05 16.8429 2 
2.33108 -4.46601e-05 -1 0.95285 0.191909 0.000652601 97.1622 2.41606e+06 3 81196.3 105.135 9.17479 2 1 902.998 19.1539 47.1444 4 3 0.0778285 1.42478e-05 17.6115 2 
2.33174 -4.46734e-05 -1 0.952975 0.191918 0.000652601 97.1888 2.41608e+06 3 114477 170.666 8.75366 2 1 998.214 21.8954 45.5901 4 3 0.0766245 1.54538e-05 17.0521 2 
2.33239 -4.47559e-05 -1 0.953099 0.191906 0.000652601 97.2153 2.41609e+06 3 28613.1 76.2965 7.2114 2 1 991.752 39.7521 24.9484 4 3 0.0752031 4.79248e-05 11.6205 2 
2.33304 -4.4781e-05 -1 0.953224 0.191911 0.000652601 97.2446 2.41604e+06 3 154275 122.158 10.8092 2 1 1196.64 34.3792 34.8072 4 4 0.0733377 2.13559e-05 7.65513 2 
2.33369 -4.48141e-05 -1 0.953349 0.191897 0.000652601 97.2759 2.41593e+06 4 212621 36.978 8.70794 2 1 1122.03 22.228 50.4783 4 4 0.0713709 2.20618e-05 7.54171 2 
2.33435 -4.48286e-05 -1 0.953474 0.191895 0.000652601 97.3092 2.41578e+06 3 41192.4 105.248 7.31477 2 1 1068.67 38.4334 27.8057 4 4 0.0690061 2.0236e-05 7.64172 2 
2.335 -4.48749e-05 -1 0.953599 0.191891 0.000652601 97.3357 2.4158e+06 3 40060.4 124.46 6.85323 2 1 2242.18 56.0777 39.9835 4 3 0.0666826 8.52284e-05 9.21459 2 
2.33565 -4.49161e-05 -1 0.953725 0.191883 0.000652601 97.3621 2.41581e+06 3 38117.8 64.3983 8.39623 2 1 940.534 29.4183 31.9711 4 3 0.0692419 7.45253e-05 9.75787 2 
2.33631 -4.49052e-05 -1 0.95385 0.191873 0.000652601 97.3885 2.41583e+06 3 170457 149.125 10.4557 2 1 1223.7 29.8347 41.016 4 3 0.0713287 6.63805e-05 10.2425 2 
2.33696 -4.48568e-05 -1 0.953975 0.191875 0.000652601 97.415 2.41585e+06 3 41123.9 76.2978 8.13818 2 1 961.65 45.3237 21.2173 4 3 0.0713926 6.46191e-05 10.3379 2 
2.33761 -4.48554e-05 -1 0.9541 0.191863 0.000652601 97.4437 2.41581e+06 4 197951 70.1301 7.28893 2 1 1441.31 49.1362 29.3329 4 3 0.0712811 5.86025e-05 10.6746 2 
2.33826 -4.4676e-05 -1 0.954225 0.191867 0.000652601 97.4702 2.41582e+06 3 187861 164.604 10.4504 2 1 1101.07 30.8535 35.687 4 3 0.0700784 5.09008e-05 11.1247 2 
2.33892 -4.47056e-05 -1 0.95435 0.191854 0.000652601 97.5007 2.41574e+06 3 127031 82.1288 11.5648 2 1 1781.05 83.62 21.2994 4 3 0.0685797 4.82341e-05 11.2447 2 
2.33957 -4.47276e-05 -1 0.954475 0.191853 0.000652601 97.5295 2.4157e+06 4 137953 49.2354 7.27551 2 1 1043.54 34.2979 30.4258 4 3 0.0658616 4.74203e-05 11.1572 2 
2.34022 -4.47964e-05 -1 0.954601 0.191851 0.000652601 97.5583 2.41566e+06 4 213716 53.3061 7.95729 2 1 1031.81 35.2104 29.3041 4 3 0.0628608 4.73978e-05 10.9869 2 
2.34087 -4.48433e-05 -1 0.954726 0.191842 0.000652601 97.5872 2.41561e+06 4 222757 37.5394 8.77679 2 1 1039.13 29.1582 35.6377 4 3 0.063755 4.42237e-05 11.2967 2 
2.34153 -4.48748e-05 -1 0.954851 0.191843 0.000652601 97.6136 2.41563e+06 3 55085.8 111.66 7.90157 2 1 949.18 26.6285 35.6453 4 3 0.066037 3.78244e-05 12.0413 2 
2.34218 -4.48537e-05 -1 0.954976 0.191824 0.000652601 97.6421 2.4156e+06 3 66872.6 109.45 8.48551 2 1 1023.08 31.9462 32.025 4 3 0.0722068 3.53134e-05 12.6925 2 
2.34283 -4.47939e-05 -1 0.955102 0.191816 0.000652601 97.6686 2.41561e+06 3 185513 221.522 9.42582 2 1 817.525 30.9385 26.4242 4 3 0.0752111 3.42568e-05 12.9971 2 
2.34348 -4.47724e-05 -1 0.955227 0.191829 0.000652601 97.695 2.41563e+06 3 38785.4 100.854 7.27207 2 1 1031.88 67.9131 15.1941 4 3 0.0766685 3.51443e-05 12.9694 2 
2.34414 -4.485e-05 -1 0.955352 0.191823 0.000652601 97.7213 2.41565e+06 3 34183.2 198.645 5.56217 2 1 921.55 83.4493 11.0432 4 3 0.0769588 3.4587e-05 13.0552 2 
2.34479 -4.48487e-05 -1 0.955477 0.191821 0.000652601 97.7477 2.41567e+06 3 144614 169.048 9.49293 2 1 870.69 34.4246 25.2927 4 3 0.0779128 3.46588e-05 13.0998 2 
2.34544 -4.49421e-05 -1 0.955603 0.19181 0.000652601 97.774 2.41569e+06 3 42216 125.267 6.959 2 1 1091.3 43.027 25.3632 4 3 0.078044 3.274e-05 13.3584 2 
2.34609 -4.49915e-05 -1 0.955728 0.191806 0.000652601 97.8004 2.41571e+06 3 41759.1 98.6857 7.50757 2 1 1225.75 45.7519 26.7913 4 3 0.0774102 2.76797e-05 14.089 2 
2.34675 -4.49965e-05 -1 0.955853 0.191811 0.000652601 97.8268 2.41573e+06 3 50366.4 170.998 6.65349 2 1 1125.74 27.4287 41.0426 4 3 0.0766767 2.59738e-05 14.3453 2 
2.3474 -4.50272e-05 -1 0.955979 0.191796 0.000652601 97.8531 2.41575e+06 3 99982.9 219.228 7.69738 2 1 996.167 30.5031 32.6579 4 3 0.0753771 2.40811e-05 14.6281 2 
2.34805 -4.50736e-05 -1 0.956104 0.191791 0.000652601 97.8796 2.41576e+06 3 39023.5 112.283 7.03079 2 1 902.721 50.1318 18.007 4 3 0.0739688 2.5468e-05 14.2676 2 
2.3487 -4.5094e-05 -1 0.956229 0.191782 0.000652601 97.909 2.41571e+06 3 117926 153.362 9.16145 2 1 935.265 28.687 32.6024 4 3 0.0720032 2.53829e-05 14.1559 2 
2.34936 -4.49824e-05 -1 0.956354 0.191785 0.000652601 97.9377 2.41567e+06 4 96196.2 28.7279 7.607 2 1 899.004 35.0389 25.6574 4 3 0.0700264 2.51578e-05 14.0668 2 
2.35001 -4.49985e-05 -1 0.95648 0.191781 0.000652601 97.9665 2.41563e+06 4 214225 35.5963 8.80778 2 1 1062.99 54.7034 19.432 4 3 0.0677983 2.65562e-05 13.6673 2 
2.35066 -4.50252e-05 -1 0.956605 0.191775 0.000652601 97.9929 2.41565e+06 3 41337.7 57.1206 8.9781 2 1 1026.62 28.8217 35.6197 4 3 0.0654466 2.4481e-05 13.8788 2 
2.35131 -4.50061e-05 -1 0.95673 0.191772 0.000652601 98.0191 2.41567e+06 3 47661.5 69.3414 8.82521 2 1 1071.85 31.785 33.722 4 3 0.0671006 2.22466e-05 14.4485 2 
2.35197 -4.49582e-05 -1 0.956855 0.191766 0.000652601 98.0456 2.41568e+06 3 31544.7 54.1403 8.35222 2 1 2353.19 56.6211 41.5603 4 3 0.0705116 2.12618e-05 14.9126 2 
2.35262 -4.49561e-05 -1 0.956981 0.191766 0.000652601 98.0722 2.4157e+06 3 41519.5 91.2032 7.69273 2 1 891.814 29.4506 30.2817 4 3 0.0711126 2.0519e-05 15.1332 2 
2.35327 -4.49555e-05 -1 0.957106 0.19176 0.000652601 98.1026 2.41561e+06 3 169650 217.173 9.20977 2 1 1279.45 24.179 52.9159 4 3 0.0715466 1.97187e-05 15.3663 2 
2.35393 -4.49692e-05 -1 0.95723 0.191755 0.000652601 98.1314 2.41558e+06 4 202540 34.5357 8.75106 2 1 999.277 40.9267 24.4163 4 3 0.0708504 1.87646e-05 15.5716 2 
2.35458 -4.50084e-05 -1 0.957355 0.191747 0.000652601 98.1578 2.41559e+06 3 192778 167.359 10.4826 2 1 1212.26 35.7563 33.9033 4 3 0.0696256 1.86021e-05 15.5263 2 
2.35523 -4.50716e-05 -1 0.95748 0.19174 0.000652601 98.1842 2.41561e+06 3 40941.3 68.637 8.41785 2 1 971.534 34.1084 28.4837 4 3 0.0675613 1.77278e-05 15.62 2 
2.35588 -4.51019e-05 -1 0.957605 0.191741 0.000652601 98.2129 2.41557e+06 4 213813 64.9862 7.57361 2 1 1431.96 30.4727 46.9914 4 3 0.0651916 1.80918e-05 15.331 2 
2.35654 -4.51841e-05 -1 0.95773 0.191738 0.000652601 98.2414 2.41554e+06 4 184583 83.4744 6.8574 2 1 1295.98 33.952 38.1709 4 3 0.0636462 1.797e-05 15.2432 2 
2.35719 -4.51542e-05 -1 0.957855 0.19173 0.000652601 98.2701 2.4155e+06 4 220911 58.1985 7.84922 2 1 975.277 32.2196 30.2697 4 3 0.0660092 1.76845e-05 15.5121 2 
2.35784 -4.50935e-05 -1 0.95798 0.191728 0.000652601 98.3005 2.41542e+06 3 40875 94.5794 7.56056 2 1 1010.04 36.7898 27.4544 4 3 0.0719977 1.7651e-05 15.9778 2 
2.35849 -4.50816e-05 -1 0.958105 0.191717 0.000652601 98.327 2.41543e+06 3 103496 94.6592 10.302 2 1 981.46 28.4327 34.5187 4 3 0.0749711 1.6697e-05 16.4975 2 
2.35915 -4.51126e-05 -1 0.95823 0.191714 0.000652601 98.3534 2.41545e+06 3 59216 65.8355 9.65294 2 1 1015.69 31.4447 32.301 4 3 0.0760683 1.76538e-05 16.2725 2 
2.3598 -4.5164e-05 -1 0.958355 0.191713 0.000652601 98.3797 2.41547e+06 3 54962.3 93.7169 8.37045 2 1 896.043 27.9199 32.0933 4 3 0.0771804 1.8341e-05 16.1446 2 
2.36045 -4.52264e-05 -1 0.95848 0.191712 0.000652601 98.406 2.41549e+06 3 70119 119.716 8.36684 2 1 1035.56 36.7978 28.1418 4 3 0.0773425 1.84837e-05 16.1142 2 
2.3611 -4.51432e-05 -1 0.958605 0.19171 0.000652601 98.4323 2.41551e+06 3 41987.2 70.4178 8.41675 2 1 857.556 26.2875 32.6222 4 3 0.0773123 1.81961e-05 16.1966 2 
2.36176 -4.51643e-05 -1 0.95873 0.191699 0.000652601 98.4609 2.41548e+06 4 141020 47.0277 7.4 2 1 834.458 30.371 27.4755 4 3 0.076615 1.78808e-05 16.2421 2 
2.36241 -4.52017e-05 -1 0.958855 0.1917 0.000652601 98.4913 2.4154e+06 3 139906 119.927 10.527 2 1 867.473 30.1183 28.8022 4 3 0.0754934 1.8323e-05 16.0314 2 
2.36306 -4.51629e-05 -1 0.958981 0.191697 0.000652601 98.5177 2.41542e+06 3 41596.7 49.9654 9.40726 2 1 1182.74 36.0461 32.812 4 3 0.0743499 1.79314e-05 16.0653 2 
2.36371 -4.5193e-05 -1 0.959106 0.191691 0.000652601 98.544 2.41544e+06 3 40310.3 93.008 7.56773 2 1 1164.83 42.6208 27.33 4 3 0.0726997 1.55967e-05 16.7045 2 
2.36437 -4.5206e-05 -1 0.959231 0.191687 0.000652601 98.5701 2.41546e+06 3 44860.3 184.372 6.24293 2 1 983.98 30.9628 31.7794 4 3 0.0707897 1.51583e-05 16.715 2 
2.36502 -4.52549e-05 -1 0.959356 0.191682 0.000652601 98.5965 2.41548e+06 3 81281.7 137.744 8.38765 2 1 893.55 39.075 22.8676 4 3 0.0687082 1.43739e-05 16.8453 2 
2.36567 -4.53031e-05 -1 0.959481 0.191672 0.000652601 98.6227 2.4155e+06 3 99822.9 147.095 8.78774 2 1 904.045 35.7766 25.2692 4 3 0.0664593 1.48281e-05 16.4876 2 
2.36632 -4.53105e-05 -1 0.959606 0.191675 0.000652601 98.6532 2.41542e+06 4 216010 41.4783 8.49499 2 1 1081.74 26.7323 40.4655 4 3 0.064222 1.52164e-05 16.1606 2 
2.36698 -4.5376e-05 -1 0.959731 0.191674 0.000652601 98.6823 2.41537e+06 4 156127 46.032 7.63141 2 1 926.278 34.3404 26.9734 4 3 0.0616106 1.54429e-05 15.8602 2 
2.36763 -4.53504e-05 -1 0.959857 0.19167 0.000652601 98.7127 2.41529e+06 3 83472.7 91.8292 9.68697 2 1 1007.75 39.9997 25.1938 4 3 0.0692084 1.49757e-05 16.6568 2 
2.36828 -4.5382e-05 -1 0.959982 0.191661 0.000652601 98.7389 2.41532e+06 3 40805.1 115.199 7.07546 2 1 1028.81 23.4045 43.9578 4 3 0.0701977 1.43253e-05 16.9853 2 
2.36894 -4.53585e-05 -1 0.960107 0.191661 0.000652601 98.7651 2.41534e+06 3 37021.4 65.5879 8.26437 2 1 2469.6 58.2666 42.3845 4 3 0.0712979 1.58727e-05 16.4997 2 
2.36959 -4.53549e-05 -1 0.960232 0.191657 0.000652601 98.7912 2.41536e+06 3 48386.4 99.4381 7.86545 2 1 933.529 20.5873 45.3448 4 3 0.0709735 1.75844e-05 15.9217 2 
2.37024 -4.53543e-05 -1 0.960357 0.191655 0.000652601 98.8197 2.41533e+06 4 182365 97.2107 6.58123 2 1 1275.96 31.3548 40.6944 4 3 0.0705443 1.89123e-05 15.5086 2 
2.37089 -4.52657e-05 -1 0.960482 0.191648 0.000652601 98.8459 2.41535e+06 3 197061 195.547 10.0258 2 1 1297.96 40.9518 31.6949 4 3 0.0692462 1.99783e-05 15.1337 2 
2.37155 -4.50994e-05 -1 0.960608 0.191644 0.000652601 98.8744 2.41532e+06 4 213485 52.6174 7.98104 2 1 1373.97 42.8657 32.053 4 3 0.0666346 1.98284e-05 14.9786 2 
2.3722 -4.51425e-05 -1 0.960733 0.19164 0.000652601 98.9047 2.41524e+06 3 74124.7 110.603 8.75115 2 1 1276.03 82.241 15.5158 4 3 0.064003 2.02715e-05 14.6703 2 
2.37285 -4.51847e-05 -1 0.960858 0.191637 0.000652601 98.9286 2.41532e+06 2 57798.5 224.588 16.0422 2 1 1363.98 32.6065 41.8316 4 3 0.066154 2.01666e-05 14.8585 2 
2.3735 -4.51625e-05 -1 0.960983 0.191632 0.000652601 98.9571 2.41529e+06 4 219376 44.2154 8.39274 2 1 1238.29 63.5241 19.4932 4 3 0.0721634 2.04357e-05 15.228 2 
2.37416 -4.52339e-05 -1 0.961108 0.191627 0.000652601 98.9835 2.41531e+06 3 45296.8 82.1538 8.19999 2 1 958.462 55.0848 17.3998 4 3 0.0747127 2.97153e-05 13.5979 2 
2.37481 -4.52679e-05 -1 0.961233 0.191626 0.000652601 99.0097 2.41533e+06 3 40323.6 57.7309 8.87259 2 1 1042.75 31.1465 33.479 4 3 0.0757067 9.24997e-05 9.35402 2 
2.37546 -4.52284e-05 -1 0.961358 0.19162 0.000652601 99.0358 2.41535e+06 3 86373.1 66.3333 10.9198 2 1 967.025 34.4344 28.0831 4 3 0.0765923 9.69534e-05 9.2443 2 
2.37611 -4.52328e-05 -1 0.961483 0.191621 0.000652601 99.0619 2.41538e+06 3 102788 109.389 9.79466 2 1 957.983 35.1635 27.2437 4 3 0.0765972 8.71182e-05 9.58005 2 
2.37677 -4.52895e-05 -1 0.961608 0.191621 0.000652601 99.0921 2.4153e+06 3 58533.5 94.3952 8.52743 2 1 962.616 30.9145 31.138 4 3 0.0763031 7.56551e-05 10.0285 2 
2.37742 -4.52977e-05 -1 0.961733 0.191618 0.000652601 99.1182 2.41533e+06 3 39831.3 72.5107 8.18982 2 1 1234.08 36.6022 33.7159 4 3 0.0754869 6.65968e-05 10.4265 2 
2.37807 -4.53251e-05 -1 0.961858 0.19161 0.000652601 99.1444 2.41535e+06 3 55108.4 108.243 7.98495 2 1 987.505 27.9801 35.2932 4 3 0.0743181 5.89613e-05 10.8021 2 
2.37872 -4.53986e-05 -1 0.961983 0.191594 0.000652601 99.1706 2.41537e+06 3 69346.5 90.0437 9.16622 2 1 866.826 29.1905 29.6955 4 3 0.0728624 5.76897e-05 10.8094 2 
2.37938 -4.54281e-05 -1 0.962107 0.191604 0.000652601 99.1968 2.4154e+06 3 142690 180.209 9.25136 2 1 851.072 32.7604 25.9787 4 3 0.0712198 5.27313e-05 11.0538 2 
2.38003 -4.54081e-05 -1 0.962232 0.191596 0.000652601 99.223 2.41542e+06 3 40691.2 92.5497 7.60399 2 1 925.892 34.5239 26.8189 4 3 0.0692354 4.57682e-05 11.4795 2 
2.38068 -4.54482e-05 -1 0.962357 0.191593 0.000652601 99.249 2.41545e+06 3 40116.4 105.751 7.23902 2 1 1183.13 36.4647 32.4458 4 3 0.0671897 4.30437e-05 11.6002 2 
2.38133 -4.54272e-05 -1 0.962482 0.191585 0.000652601 99.2728 2.41553e+06 2 29524.7 185.23 12.6252 2 1 1032.84 24.9322 41.4258 4 3 0.0649267 4.18801e-05 11.5737 2 
2.38199 -4.53644e-05 -1 0.962607 0.191588 0.000652601 99.3029 2.41546e+06 3 41707.9 113.643 7.15964 2 1 948.297 36.3897 26.0594 4 3 0.0626332 4.23786e-05 11.3908 2 
2.38264 -4.54065e-05 -1 0.962732 0.191583 0.000652601 99.3313 2.41543e+06 4 217889 53.5888 7.98528 2 1 890.962 52.4577 16.9844 4 3 0.0602348 3.97771e-05 11.4834 2 
2.38329 -4.53933e-05 -1 0.962857 0.191584 0.000652601 99.3597 2.41539e+06 4 180302 105.08 6.43606 2 1 1224.12 41.3016 29.6386 4 3 0.0613416 3.46863e-05 12.093 2 
2.38395 -4.53508e-05 -1 0.962982 0.191581 0.000652601 99.3859 2.41542e+06 3 157879 144.817 10.292 2 1 957.91 35.7952 26.7608 4 3 0.069417 3.16069e-05 12.9985 2 
2.3846 -4.51613e-05 -1 0.963107 0.191574 0.000652601 99.4118 2.41545e+06 3 101033 199.12 7.97596 2 1 1164.76 28.3255 41.1205 4 3 0.0705748 2.99874e-05 13.3016 2 
2.38525 -4.51534e-05 -1 0.963232 0.191567 0.000652601 99.4379 2.41547e+06 3 62109.9 52.1914 10.5971 2 1 1023.6 56.0718 18.2552 4 3 0.0711328 3.11376e-05 13.1703 2 
2.3859 -4.51752e-05 -1 0.963357 0.191567 0.000652601 99.4664 2.41544e+06 4 145061 47.5693 7.43115 2 1 2689.09 60.3721 44.5419 4 3 0.0708462 3.0724e-05 13.2113 2 
2.38656 -4.521e-05 -1 0.963482 0.191568 0.000652601 99.4947 2.41541e+06 3 41978.7 83.1675 7.96205 2 1 890.113 29.2551 30.4259 4 3 0.0699312 3.1051e-05 13.1079 2 
2.38721 -4.52179e-05 -1 0.963607 0.191563 0.000652601 99.5231 2.41538e+06 4 202028 45.1099 8.1806 2 1 1450.04 27.6033 52.5312 4 3 0.0686257 2.9075e-05 13.3144 2 
2.38786 -4.52183e-05 -1 0.963732 0.191561 0.000652601 99.5514 2.41535e+06 4 207759 73.1963 7.29908 2 1 1015.24 28.2372 35.954 4 3 0.0658601 2.52369e-05 13.7677 2 
2.38851 -4.52603e-05 -1 0.963857 0.191552 0.000652601 99.5774 2.41538e+06 3 190021 204.982 9.75054 2 1 1327.32 47.3801 28.0142 4 3 0.0710999 2.27325e-05 14.6243 2 
2.38917 -4.53984e-05 -1 0.963982 0.191544 0.000652601 99.6034 2.41541e+06 3 40994.4 110.425 7.18709 2 1 1127.47 42.5412 26.503 4 3 0.0726841 2.10142e-05 15.1231 2 
2.38982 -4.54916e-05 -1 0.964107 0.19155 0.000652601 99.6317 2.41538e+06 4 217938 55.4657 7.9173 2 1 978.413 53.5178 18.282 4 3 0.0744981 2.20146e-05 15.0134 2 
2.39047 -4.54423e-05 -1 0.964233 0.191542 0.000652601 99.6596 2.41536e+06 3 130565 69.2206 12.3556 2 1 672.972 30.7735 21.8686 4 3 0.0751155 2.23059e-05 14.9889 2 
2.39112 -4.55094e-05 -1 0.964358 0.191542 0.000652601 99.6896 2.41529e+06 3 57636.5 101.136 8.29081 2 1 950.413 43.4481 21.8747 4 3 0.075604 2.20012e-05 15.0904 2 
2.39178 -4.55558e-05 -1 0.964483 0.191541 0.000652601 99.7156 2.41532e+06 3 40210.3 59.8853 8.75667 2 1 991.674 22.9548 43.2013 4 3 0.0753053 2.21842e-05 15.0289 2 
2.39243 -4.5572e-05 -1 0.964608 0.191538 0.000652601 99.7415 2.41535e+06 3 38377.7 55.2832 8.85445 2 1 994.292 25.1771 39.4919 4 3 0.0747576 2.16885e-05 15.1057 2 
2.39308 -4.55767e-05 -1 0.964733 0.191535 0.000652601 99.7674 2.41538e+06 3 87288.5 73.799 10.5755 2 1 959.637 20.8062 46.1226 4 3 0.0737381 2.04046e-05 15.3457 2 
2.39373 -4.56038e-05 -1 0.964858 0.19153 0.000652601 99.7934 2.4154e+06 3 102570 86.168 10.598 2 1 924.261 29.4217 31.4143 4 3 0.0725017 1.86906e-05 15.7124 2 
2.39439 -4.56231e-05 -1 0.964983 0.191529 0.000652601 99.8193 2.41543e+06 3 40402.3 88.4629 7.70102 2 1 1432.59 43.1747 33.1812 4 3 0.0708937 1.94144e-05 15.3991 2 
2.39504 -4.55975e-05 -1 0.965108 0.191526 0.000652601 99.8453 2.41546e+06 3 59480 116.743 7.98693 2 1 799.172 26.2899 30.3984 4 3 0.0691917 1.97407e-05 15.1902 2 
2.39569 -4.564e-05 -1 0.965233 0.191521 0.000652601 99.8712 2.41549e+06 3 40096.2 113.438 7.07048 2 1 891.754 32.3656 27.5525 4 3 0.067241 1.95239e-05 15.1016 2 
2.39634 -4.56568e-05 -1 0.965358 0.191516 0.000652601 99.8996 2.41546e+06 4 177353 92.9365 6.60941 2 1 820.356 42.6163 19.2498 4 3 0.0652311 1.91039e-05 15.0584 2 
2.397 -4.55146e-05 -1 0.965483 0.191506 0.000652601 99.9256 2.41549e+06 3 70145.7 127.698 8.18977 2 1 977.491 52.1451 18.7456 4 3 0.0631505 1.94893e-05 14.7977 2 
2.39765 -4.53457e-05 -1 0.965608 0.191509 0.000652601 99.9519 2.41551e+06 3 41091.7 33.8092 10.6718 2 1 1114.41 30.2118 36.8866 4 3 0.060644 1.69878e-05 15.2833 2 
2.3983 -4.53279e-05 -1 0.965733 0.191505 0.000652601 99.9824 2.41543e+06 3 40270.1 50.0421 9.30141 2 1 1003.67 35.8328 28.0098 4 3 0.0583997 1.64776e-05 15.2466 2 
2.39895 -4.5399e-05 -1 0.965858 0.191503 0.000652601 100.009 2.41544e+06 3 41414 100.65 7.43779 2 1 936.939 27.0149 34.6823 4 3 0.0600017 1.58361e-05 15.5897 2 
2.39961 -4.54402e-05 -1 0.965983 0.191505 0.000652601 100.038 2.4154e+06 4 211332 40.7664 8.48526 2 1 871.18 27.2786 31.9363 4 3 0.0675959 1.70938e-05 15.8135 2 
2.40026 -4.54619e-05 -1 0.966108 0.191503 0.000652601 100.064 2.41542e+06 3 41203.3 41.5415 9.97279 2 1 934.163 25.4218 36.7466 4 3 0.0703496 1.71593e-05 16.0049 2 
2.40091 -4.54882e-05 -1 0.966232 0.191506 0.000652601 100.094 2.41534e+06 3 160104 127.211 10.7967 2 1 1226.03 30.2492 40.5309 4 3 0.0707161 1.67004e-05 16.1782 2 
2.40157 -4.55424e-05 -1 0.966357 0.191501 0.000652601 100.121 2.41536e+06 3 113976 127.778 9.62615 2 1 857.547 16.4204 52.2244 4 3 0.0711433 1.63573e-05 16.3233 2 
2.40222 -4.56581e-05 -1 0.966482 0.191492 0.000652601 100.147 2.41537e+06 3 96731.2 77.2186 10.7799 2 1 966.013 26.7632 36.0948 4 3 0.0705411 1.59175e-05 16.4257 2 
2.40287 -4.56233e-05 -1 0.966607 0.191485 0.000652601 100.174 2.41539e+06 3 64992.6 71.9609 9.6662 2 1 1150.37 54.9054 20.9518 4 3 0.0693493 1.70125e-05 15.9744 2 
2.40352 -4.5595e-05 -1 0.966732 0.191478 0.000652601 100.201 2.4154e+06 3 206765 211.681 9.92199 2 1 2670.16 70.7651 37.7327 4 3 0.0689683 1.77105e-05 15.7328 2 
2.40418 -4.55904e-05 -1 0.966857 0.191485 0.000652601 100.229 2.41536e+06 4 197911 78.2647 7.0913 2 1 1448.72 43.0666 33.6391 4 3 0.0714287 1.77083e-05 15.9184 2 
2.40483 -4.54686e-05 -1 0.966982 0.191475 0.000652601 100.256 2.41538e+06 3 41476.5 117.546 7.0664 2 1 954.142 56.7178 16.8226 4 3 0.0728655 1.79349e-05 15.9566 2 
2.40548 -4.54589e-05 -1 0.967106 0.191481 0.000652601 100.282 2.4154e+06 3 188893 187.183 10.0304 2 1 1282.95 54.9153 23.3624 4 3 0.0739688 1.76821e-05 16.1128 2 
2.40613 -4.55333e-05 -1 0.967231 0.191476 0.000652601 100.315 2.41527e+06 4 216701 34.4177 8.90779 2 1 932.387 42.3599 22.0111 4 3 0.0741738 1.75817e-05 16.1583 2 
2.40679 -4.55342e-05 -1 0.967356 0.191474 0.000652601 100.343 2.41524e+06 4 47882.1 86.018 4.85731 2 1 1441.1 52.3591 27.5234 4 3 0.0742701 1.70047e-05 16.3461 2 
2.40744 -4.55306e-05 -1 0.967481 0.191472 0.000652601 100.369 2.41528e+06 3 41661.7 184.73 6.08695 2 1 701.683 32.8661 21.3498 4 3 0.0737764 1.57081e-05 16.7468 2 
2.40809 -4.55435e-05 -1 0.967606 0.19147 0.000652601 100.397 2.41525e+06 4 174953 77.0091 6.90391 2 1 724.139 42.0369 17.2263 4 3 0.0730491 1.43646e-05 17.1965 2 
2.40874 -4.55458e-05 -1 0.967731 0.191459 0.000652601 100.422 2.41529e+06 3 34459.1 85.5714 7.38457 2 1 769.223 28.7019 26.8005 4 3 0.0720422 1.42287e-05 17.1714 2 
2.4094 -4.5521e-05 -1 0.967856 0.191465 0.000652601 100.448 2.41532e+06 3 57792.3 92.1466 8.5598 2 1 960.485 31.4542 30.536 4 3 0.0703595 1.38965e-05 17.1714 2 
2.41005 -4.54955e-05 -1 0.967981 0.191467 0.000652601 100.474 2.41535e+06 3 40325.6 104.021 7.29154 2 1 946.848 31.4263 30.1291 4 3 0.0688128 1.36447e-05 17.1488 2 
2.4107 -4.5487e-05 -1 0.968106 0.191458 0.000652601 100.504 2.41528e+06 3 88622.8 99.7388 9.61377 2 1 955.658 32.7639 29.1681 4 3 0.0670995 1.34201e-05 17.0997 2 
2.41135 -4.55273e-05 -1 0.968231 0.191456 0.000652601 100.53 2.41532e+06 3 102725 77.9757 10.9624 2 1 1607.34 50.7623 31.664 4 3 0.0651412 1.32243e-05 17.0148 2 
2.41201 -4.55681e-05 -1 0.968356 0.191454 0.000652601 100.555 2.41535e+06 3 43322.9 64.1493 8.77355 2 1 796.69 30.4543 26.1601 4 3 0.06315 1.30998e-05 16.8928 2 
2.41266 -4.55995e-05 -1 0.968481 0.191453 0.000652601 100.581 2.41538e+06 3 39932.6 119.486 6.93964 2 1 1009.35 26.3144 38.3573 4 3 0.0609974 1.30218e-05 16.732 2 
2.41331 -4.55826e-05 -1 0.968606 0.191448 0.000652601 100.607 2.41541e+06 3 60237.8 173.241 7.03191 2 1 885.641 23.6935 37.379 4 3 0.0588453 1.35382e-05 16.3199 2 
2.41396 -4.55865e-05 -1 0.968731 0.191454 0.000652601 100.633 2.41544e+06 3 142780 153.954 9.75195 2 1 845.443 24.1743 34.9728 4 3 0.0567088 1.37363e-05 16.0421 2 
2.41462 -4.56868e-05 -1 0.968856 0.191446 0.000652601 100.661 2.41543e+06 3 70582.2 120.766 8.36085 2 1 949.982 42.3255 22.4447 4 3 0.058767 1.36461e-05 16.2695 2 
2.41527 -4.57452e-05 -1 0.968981 0.191445 0.000652601 100.691 2.41535e+06 3 70712.5 94.0675 9.09255 2 1 1112.21 42.2911 26.299 4 3 0.0607201 1.34013e-05 16.5474 2 
2.41592 -4.57452e-05 -1 0.969106 0.191439 0.000652601 100.719 2.41533e+06 4 213755 41.2548 8.48419 2 1 984.989 27.7991 35.4324 4 3 0.0688444 2.11539e-05 14.8192 2 
2.41658 -4.57687e-05 -1 0.969231 0.191439 0.000652601 100.747 2.4153e+06 4 152618 58.9935 7.13182 2 1 910.899 25.1117 36.2738 4 3 0.0699499 7.13276e-05 9.93519 2 
2.41723 -4.58016e-05 -1 0.969356 0.191438 0.000652601 100.776 2.41527e+06 3 41044.1 83.9355 7.87835 2 1 912.706 26.2323 34.7933 4 4 0.0705664 2.00495e-05 7.70235 2 
2.41788 -4.57531e-05 -1 0.969481 0.191438 0.000652601 100.802 2.4153e+06 3 40231.3 77.9965 8.01979 2 1 1105.07 21.5049 51.387 4 3 0.0711104 9.83091e-05 8.97662 2 
2.41853 -4.57558e-05 -1 0.969606 0.191432 0.000652601 100.827 2.41533e+06 3 154589 121.74 10.8288 2 1 836.2 21.2733 39.3075 4 3 0.0699824 8.66033e-05 9.31432 2 
2.41919 -4.57474e-05 -1 0.969731 0.19143 0.000652601 100.856 2.41531e+06 4 205830 60.5559 7.63551 2 1 986.164 26.1037 37.7788 4 3 0.0693977 7.27334e-05 9.84473 2 
2.41984 -4.57155e-05 -1 0.969856 0.191426 0.000652601 100.882 2.41534e+06 3 41245 39.9529 10.1067 2 1 956.495 22.8953 41.7768 4 3 0.0713043 6.43737e-05 10.3467 2 
2.42049 -4.57371e-05 -1 0.969981 0.19142 0.000652601 100.911 2.41527e+06 3 93321.2 95.3243 9.92946 2 1 2788.94 62.1537 44.8716 4 3 0.0720163 5.90523e-05 10.6839 2 
2.42114 -4.57013e-05 -1 0.970106 0.191417 0.000652601 100.94 2.41524e+06 4 194360 38.3231 8.43892 2 1 1015.02 29.5769 34.3181 4 3 0.0729047 5.66225e-05 10.879 2 
2.4218 -4.57353e-05 -1 0.970231 0.191417 0.000652601 100.966 2.41527e+06 3 30087.3 75.8511 7.34751 2 1 1222.02 28.1508 43.4097 4 3 0.0729812 4.9469e-05 11.3839 2 
2.42245 -4.57442e-05 -1 0.970355 0.191419 0.000652601 100.994 2.41525e+06 4 215553 65.2184 7.58222 2 1 1082.54 30.9811 34.9419 4 3 0.0728454 4.4631e-05 11.7739 2 
2.4231 -4.57571e-05 -1 0.97048 0.191412 0.000652601 101.02 2.41528e+06 3 104056 209.087 7.92464 2 1 743.31 21.0436 35.3223 4 3 0.0721671 4.22456e-05 11.9542 2 
2.42375 -4.57097e-05 -1 0.970605 0.191412 0.000652601 101.046 2.41531e+06 3 41043.9 103.042 7.35774 2 1 920.118 30.3855 30.2814 4 3 0.0715141 4.27385e-05 11.872 2 
2.42441 -4.56857e-05 -1 0.97073 0.191408 0.000652601 101.071 2.41534e+06 3 37715.4 87.8553 7.54368 2 1 770.735 22.7532 33.8737 4 3 0.0698538 4.13102e-05 11.9136 2 
2.42506 -4.57013e-05 -1 0.970854 0.191419 0.000652601 101.101 2.41527e+06 3 42452.6 122.734 7.01962 2 1 1611.3 31.188 51.664 4 3 0.0685845 3.70231e-05 12.2815 2 
2.42571 -4.57303e-05 -1 0.970979 0.191406 0.000652601 101.128 2.41529e+06 3 127202 68.7758 12.2749 2 1 741.728 23.9642 30.9515 4 3 0.0668511 3.23213e-05 12.7411 2 
2.42636 -4.57737e-05 -1 0.971104 0.191406 0.000652601 101.154 2.41532e+06 3 73551 85.8356 9.49818 2 1 835.493 26.3438 31.715 4 3 0.0650989 3.07198e-05 12.8445 2 
2.42702 -4.58253e-05 -1 0.971229 0.191402 0.000652601 101.181 2.41532e+06 3 41371.1 63.9058 8.65072 2 1 941.873 22.5872 41.6994 4 3 0.0631717 3.11129e-05 12.6627 2 
2.42767 -4.58479e-05 -1 0.971354 0.191405 0.000652601 101.208 2.41532e+06 3 58178.7 113.74 7.99744 2 1 970.419 25.7967 37.6179 4 3 0.0611669 3.11048e-05 12.5284 2 
2.42832 -4.58416e-05 -1 0.971479 0.191398 0.000652601 101.234 2.41535e+06 3 41232.6 70.6782 8.35574 2 1 914.109 25.0232 36.5304 4 3 0.0590589 3.07504e-05 12.4302 2 
2.42897 -4.58167e-05 -1 0.971604 0.191398 0.000652601 101.262 2.41533e+06 4 167402 87.5546 6.61257 2 1 1794.86 59.1706 30.3337 4 3 0.0569484 3.04303e-05 12.3232 2 
2.42963 -4.57545e-05 -1 0.971728 0.191395 0.000652601 101.29 2.41531e+06 2 4339.44 62.671 8.32115 2 1 891.821 28.8227 30.9416 4 3 0.0564162 2.64295e-05 12.8757 2 
2.43028 -4.57151e-05 -1 0.971853 0.191394 0.000652601 101.316 2.41533e+06 3 44816.3 122.253 7.1569 2 1 1505.59 65.6492 22.9339 4 3 0.0569251 2.33651e-05 13.4559 2 
2.43093 -4.5767e-05 -1 0.971978 0.191389 0.000652601 101.342 2.41536e+06 3 40202.3 46.2377 9.54447 2 1 4457.86 119.657 37.2554 4 3 0.0593127 2.3122e-05 13.6891 2 
2.43158 -4.58152e-05 -1 0.972103 0.191391 0.000652601 101.368 2.41539e+06 3 140082 108.963 10.8735 2 1 2607.2 114.644 22.7417 4 3 0.0612939 2.12282e-05 14.2397 2 
2.43224 -4.58383e-05 -1 0.972228 0.191389 0.000652601 101.391 2.41547e+06 2 33175.8 99.9995 18.2143 2 1 1037.73 34.4004 30.1663 4 3 0.0685886 2.22949e-05 14.5439 2 
2.43289 -4.58975e-05 -1 0.972353 0.191385 0.000652601 101.42 2.41544e+06 4 208019 84.2005 7.05013 2 1 1070.46 31.0933 34.4273 4 3 0.0706449 2.17951e-05 14.7993 2 
2.43354 -4.58616e-05 -1 0.972478 0.19138 0.000652601 101.446 2.41546e+06 3 70989.9 157.831 7.66186 2 1 8562.64 224.41 38.1563 4 3 0.0713612 2.20009e-05 14.8027 2 
2.4342 -4.57942e-05 -1 0.972603 0.191386 0.000652601 101.472 2.41548e+06 3 41628.5 85.8185 7.85723 2 1 6040.63 155.186 38.9251 4 3 0.0701231 2.19507e-05 14.7278 2 
2.43485 -4.57977e-05 -1 0.972728 0.191377 0.000652601 101.503 2.41541e+06 3 204647 175.985 10.5158 2 1 933.1 29.0698 32.0986 4 3 0.0698677 2.04148e-05 15.0699 2 
2.4355 -4.58658e-05 -1 0.972853 0.191382 0.000652601 101.529 2.41543e+06 3 157763 129.621 10.6769 2 1 945.311 45.7649 20.6558 4 3 0.0705405 1.77002e-05 15.8545 2 
2.43615 -4.58982e-05 -1 0.972978 0.191383 0.000652601 101.555 2.41545e+06 3 119129 110.181 10.2637 2 1 1047.44 34.5913 30.2804 4 3 0.0715614 1.52394e-05 16.7457 2 
2.43681 -4.59437e-05 -1 0.973103 0.191378 0.000652601 101.581 2.41547e+06 3 80569.1 118.916 8.78299 2 1 919.496 37.5348 24.4971 4 3 0.0716283 1.3798e-05 17.315 2 
2.43746 -4.6056e-05 -1 0.973227 0.191375 0.000652601 101.612 2.41538e+06 4 201345 43.4568 8.25032 2 1 2802.36 67.0751 41.7794 4 3 0.0714324 1.40139e-05 17.2099 2 
2.43811 -4.59957e-05 -1 0.973352 0.191367 0.000652601 101.644 2.41528e+06 3 94809.5 172.954 8.18415 2 1 954.21 32.4414 29.4134 4 3 0.0710656 1.57911e-05 16.5101 2 
2.43876 -4.58714e-05 -1 0.973477 0.191365 0.000652601 101.675 2.41518e+06 4 214569 52.2058 8.00686 2 1 1095.32 32.7572 33.4375 4 3 0.0702131 1.49699e-05 16.7391 2 
2.43942 -4.57786e-05 -1 0.973602 0.191357 0.000652601 101.708 2.41504e+06 3 187780 196.56 9.84884 2 1 1011.78 45.1819 22.3936 4 3 0.0691449 1.51328e-05 16.5939 2 
2.44007 -4.58084e-05 -1 0.973727 0.191363 0.000652601 101.734 2.41506e+06 2 10613.4 38.7709 16.5453 2 1 1059.91 53.8566 19.6802 4 3 0.0677861 1.50694e-05 16.5075 2 
2.44072 -4.58348e-05 -1 0.973852 0.191367 0.000652601 101.763 2.41503e+06 3 41030.6 83.1032 7.90369 2 1 940.31 21.9411 42.8562 4 3 0.0663387 1.52075e-05 16.3394 2 
2.44137 -4.58002e-05 -1 0.973977 0.191365 0.000652601 101.79 2.41503e+06 3 85793.8 66.6195 10.8797 2 1 798.626 23.4459 34.0625 4 3 0.0646116 1.54435e-05 16.1135 2 
2.44203 -4.58208e-05 -1 0.974102 0.191362 0.000652601 101.816 2.41504e+06 3 103947 156.308 8.72856 2 1 768.852 23.6234 32.5462 4 3 0.0628083 1.38426e-05 16.5551 2 
2.44268 -4.58687e-05 -1 0.974227 0.191362 0.000652601 101.843 2.41505e+06 3 29487.4 77.2377 7.25442 2 1 759.662 24.1284 31.4842 4 3 0.0610814 1.36916e-05 16.4621 2 
2.44333 -4.58869e-05 -1 0.974352 0.191355 0.000652601 101.871 2.41504e+06 3 126429 112.739 10.3894 2 1 1612 35.095 45.9326 4 3 0.0588684 1.39741e-05 16.1505 2 
2.44398 -4.59216e-05 -1 0.974477 0.191357 0.000652601 101.902 2.41495e+06 3 76588.8 78.9409 9.89968 2 1 881.678 32.545 27.091 4 3 0.0569013 1.29556e-05 16.3765 2 
2.44464 -4.59426e-05 -1 0.974602 0.191361 0.000652601 101.929 2.41495e+06 3 40655.2 84.0233 7.85065 2 1 904.857 37.3122 24.251 4 3 0.0548665 1.21608e-05 16.524 2 
2.44529 -4.59638e-05 -1 0.974726 0.191352 0.000652601 101.956 2.41495e+06 3 31186.5 42.3411 9.03098 2 1 983.189 31.9342 30.7879 4 3 0.0545113 1.17274e-05 16.6889 2 
2.44594 -4.59854e-05 -1 0.974851 0.191351 0.000652601 101.983 2.41495e+06 3 58778.4 77.4163 9.12281 2 1 1937.61 65.3857 29.6336 4 3 0.0561815 1.12754e-05 17.08 2 
2.44659 -4.59924e-05 -1 0.974976 0.191345 0.000652601 102.01 2.41495e+06 3 104252 108.994 9.85283 2 1 870.964 29.8946 29.1345 4 3 0.0580552 1.09149e-05 17.4558 2 
2.44725 -4.60362e-05 -1 0.975101 0.191351 0.000652601 102.035 2.41501e+06 2 17003 68.4987 15.7551 2 1 853.355 29.6559 28.7752 4 3 0.0598343 1.04835e-05 17.871 2 
2.4479 -4.60495e-05 -1 0.975225 0.191347 0.000652601 102.062 2.41501e+06 3 40981.2 88.4038 7.73935 2 1 932.864 25.5362 36.531 4 3 0.0668912 1.01049e-05 18.7764 2 
2.44855 -4.60113e-05 -1 0.97535 0.191351 0.000652601 102.093 2.41491e+06 3 145136 178.029 9.34176 2 1 862.655 20.2942 42.5075 4 3 0.0697281 1.053e-05 18.7784 2 
2.44921 -4.60242e-05 -1 0.975475 0.191346 0.000652601 102.123 2.41486e+06 4 211052 51.0354 8.01917 2 1 906.33 35.4862 25.5404 4 3 0.0700255 1.03702e-05 18.9012 2 
2.44986 -4.60057e-05 -1 0.9756 0.191349 0.000652601 102.154 2.41477e+06 3 61164.6 172.967 7.07151 2 1 1048.55 49.7087 21.0939 4 3 0.0707471 1.02748e-05 19.0245 2 
2.45051 -4.598e-05 -1 0.975724 0.19134 0.000652601 102.183 2.41471e+06 3 203631 222.277 9.71217 2 1 1861.06 28.1011 66.2274 4 3 0.0702665 1.08144e-05 18.6601 2 
2.45116 -4.60651e-05 -1 0.975849 0.191349 0.000652601 102.213 2.41464e+06 3 70039.1 82.257 9.47813 2 1 982.827 47.6324 20.6336 4 3 0.0696931 1.27112e-05 17.6334 2 
2.45182 -4.61167e-05 -1 0.975974 0.191337 0.000652601 102.243 2.41457e+06 3 54955.4 91.6756 8.43177 2 1 1050.24 38.1812 27.5068 4 3 0.0702296 1.6054e-05 16.3548 2 
2.45247 -4.60758e-05 -1 0.976099 0.191342 0.000652601 102.273 2.41451e+06 3 73182 120.426 8.47022 2 1 1124.28 23.0206 48.8379 4 3 0.0701853 2.18195e-05 14.7616 2 
2.45312 -4.6054e-05 -1 0.976224 0.191343 0.000652601 102.305 2.41439e+06 3 153934 126.023 10.6896 2 1 815.391 21.9411 37.1627 4 3 0.0695915 2.61533e-05 13.8572 2 
2.45377 -4.59968e-05 -1 0.976349 0.191339 0.000652601 102.333 2.41438e+06 3 42143 101.125 7.46944 2 1 928.967 21.3479 43.5156 4 3 0.0690785 2.69466e-05 13.6861 2 
2.45443 -4.60442e-05 -1 0.976474 0.191333 0.000652601 102.363 2.41432e+06 4 199105 40.4953 8.37373 2 1 1266.81 29.6204 42.7681 4 3 0.0678751 2.49953e-05 13.9514 2 
2.45508 -4.5961e-05 -1 0.976598 0.191342 0.000652601 102.391 2.41428e+06 3 214126 216.722 9.95992 2 1 2906.88 73.1761 39.7245 4 3 0.0668149 2.1825e-05 14.5202 2 
2.45573 -4.58241e-05 -1 0.976723 0.191334 0.000652601 102.422 2.41421e+06 4 167970 27.9884 8.80164 2 1 940.992 41.2508 22.8115 4 3 0.0653131 2.1161e-05 14.5598 2 
2.45638 -4.58667e-05 -1 0.976848 0.191342 0.000652601 102.449 2.41421e+06 3 187510 179.459 10.1474 2 1 1069.9 73.1476 14.6266 4 3 0.0640065 1.7376e-05 15.4439 2 
2.45704 -4.60431e-05 -1 0.976973 0.191332 0.000652601 102.48 2.41412e+06 3 40448 79.0609 7.99794 2 1 1079.76 48.8921 22.0847 4 3 0.0621192 1.67649e-05 15.4742 2 
2.45769 -4.61084e-05 -1 0.977098 0.191334 0.000652601 102.513 2.41397e+06 3 50231.1 62.0252 9.32112 2 1 1463.44 46.629 31.3848 4 3 0.0604641 1.73107e-05 15.1726 2 
2.45834 -4.60755e-05 -1 0.977223 0.191328 0.000652601 102.54 2.41397e+06 3 62372 57.5609 10.2712 2 1 1213.33 29.3256 41.3744 4 3 0.058513 4.81804e-05 10.6691 2 
2.45899 -4.61274e-05 -1 0.977348 0.191329 0.000652601 102.57 2.41391e+06 3 41172.7 104.217 7.33765 2 1 884.507 39.6677 22.2979 4 4 0.0566093 2.10083e-05 7.20484 2 
2.45965 -4.61402e-05 -1 0.977473 0.191335 0.000652601 102.602 2.41379e+06 3 37487.7 76.9697 7.86785 2 1 761.933 27.7228 27.484 4 4 0.0546238 2.07622e-05 7.16188 2 
2.4603 -4.61975e-05 -1 0.977598 0.191339 0.000652601 102.632 2.41372e+06 3 87174.7 147.894 8.38456 2 1 753.944 25.8936 29.117 4 3 0.0538543 9.04737e-05 8.412 2 
2.46095 -4.61624e-05 -1 0.977723 0.191324 0.000652601 102.665 2.41359e+06 3 126184 65.0436 12.4719 2 1 1621.62 39.5325 41.02 4 3 0.0554625 7.51912e-05 9.03533 2 
2.4616 -4.62229e-05 -1 0.977847 0.191323 0.000652601 102.7 2.41341e+06 3 105329 79.6411 10.9767 2 1 908.962 27.4821 33.0747 4 3 0.0569427 6.31485e-05 9.66107 2 
2.46226 -4.62706e-05 -1 0.977972 0.191317 0.000652601 102.73 2.41334e+06 3 76128.4 81.8362 9.76189 2 1 1014.27 28.6752 35.371 4 3 0.0585898 5.61518e-05 10.1427 2 
2.46291 -4.61696e-05 -1 0.978097 0.191308 0.000652601 102.757 2.41334e+06 3 47441.1 86.9164 8.17243 2 1 2134.91 74.4177 28.6881 4 3 0.0600433 5.39204e-05 10.365 2 
2.46356 -4.6218e-05 -1 0.978222 0.191318 0.000652601 102.782 2.4134e+06 2 18669.5 98.1473 13.792 2 1 869.965 26.8344 32.4198 4 3 0.0615433 4.82549e-05 10.8446 2 
2.46421 -4.62895e-05 -1 0.978347 0.191325 0.000652601 102.81 2.41337e+06 3 105689 109.987 9.86801 2 1 854.937 28.6025 29.8903 4 3 0.0677282 4.35553e-05 11.5854 2 
2.46487 -4.6309e-05 -1 0.978472 0.191324 0.000652601 102.837 2.41337e+06 3 86045.7 91.1926 9.80821 2 1 844.824 22.5971 37.3863 4 3 0.0690868 4.12011e-05 11.8803 2 
2.46552 -4.6301e-05 -1 0.978597 0.191322 0.000652601 102.868 2.4133e+06 3 40265.3 107.412 7.2104 2 1 950.259 21.4091 44.3857 4 3 0.0703547 4.07106e-05 12.0004 2 
2.46617 -4.63244e-05 -1 0.978722 0.191317 0.000652601 102.906 2.41303e+06 4 206361 43.5222 8.29811 2 1 896.597 25.9806 34.5102 4 3 0.0706077 4.01698e-05 12.0684 2 
2.46683 -4.63094e-05 -1 0.978847 0.191317 0.000652601 102.934 2.41302e+06 3 40430.7 111.615 7.12846 2 1 916.143 21.4997 42.6119 4 3 0.0702661 3.82907e-05 12.2429 2 
2.46748 -4.63252e-05 -1 0.978971 0.191317 0.000652601 102.961 2.41302e+06 3 40593 68.2072 8.4115 2 1 959.377 29.2759 32.7702 4 3 0.0701737 3.27214e-05 12.8958 2 
2.46813 -4.63405e-05 -1 0.979096 0.191312 0.000652601 102.988 2.41302e+06 3 43944.2 54.0613 9.33265 2 1 902.261 23.9745 37.6342 4 3 0.0691282 3.09598e-05 13.0703 2 
2.46878 -4.63294e-05 -1 0.979221 0.191316 0.000652601 103.015 2.41302e+06 3 63213.9 125.178 7.96333 2 1 855.757 27.2811 31.3681 4 3 0.0675514 3.09189e-05 12.9759 2 
2.46944 -4.64095e-05 -1 0.979346 0.191307 0.000652601 103.042 2.41303e+06 3 70268.8 125.059 8.25181 2 1 806.38 34.2709 23.5296 4 3 0.0665396 3.09487e-05 12.9066 2 
2.47009 -4.62629e-05 -1 0.97947 0.191306 0.000652601 103.069 2.41303e+06 3 54770.5 135.544 7.39302 2 1 1127.98 32.0304 35.2161 4 3 0.0654111 3.17194e-05 12.7285 2 
2.47074 -4.61904e-05 -1 0.979595 0.191315 0.000652601 103.101 2.41293e+06 3 150787 170.357 9.60141 2 1 1178.95 41.76 28.2315 4 3 0.0642499 3.1209e-05 12.7213 2 
2.47139 -4.61629e-05 -1 0.97972 0.191321 0.000652601 103.13 2.41288e+06 4 213482 150.403 6.13799 2 1 938.088 25.963 36.1317 4 3 0.0628628 2.67977e-05 13.2872 2 
2.47205 -4.60634e-05 -1 0.979845 0.191313 0.000652601 103.157 2.41288e+06 3 115004 138.378 9.40189 2 1 913.339 50.9338 17.9319 4 3 0.0613005 2.4135e-05 13.6439 2 
2.4727 -4.60911e-05 -1 0.979969 0.191315 0.000652601 103.185 2.41285e+06 3 171080 157.004 10.2903 2 1 2989.92 72.0746 41.4838 4 3 0.0597002 2.33947e-05 13.6653 2 
2.47335 -4.6114e-05 -1 0.980094 0.191304 0.000652601 103.217 2.41275e+06 3 188424 213.85 9.58685 2 1 1252.62 63.125 19.8435 4 3 0.0578165 2.17577e-05 13.851 2 
2.474 -4.61414e-05 -1 0.980219 0.191314 0.000652601 103.245 2.41273e+06 3 94409.8 84.5622 10.374 2 1 1158.75 83.864 13.817 4 3 0.0561593 2.42021e-05 13.239 2 
2.47466 -4.6128e-05 -1 0.980344 0.191309 0.000652601 103.272 2.41274e+06 3 30857.1 42.7013 8.9737 2 1 1343.58 43.6276 30.7966 4 3 0.05416 2.26909e-05 13.3642 2 
2.47531 -4.61613e-05 -1 0.980469 0.191307 0.000652601 103.303 2.41265e+06 3 41778 92.0355 7.68536 2 1 1263.21 20.6434 61.1919 4 3 0.05324 2.32257e-05 13.1853 2 
2.47596 -4.61412e-05 -1 0.980593 0.191309 0.000652601 103.33 2.41265e+06 3 51911.2 49.8204 10.138 2 1 695.173 19.1022 36.3923 4 3 0.0547404 2.37993e-05 13.2002 2 
2.47661 -4.61541e-05 -1 0.980718 0.191305 0.000652601 103.357 2.41265e+06 3 63108 69.6239 9.67777 2 1 876.814 25.222 34.7639 4 3 0.0563033 2.16217e-05 13.7578 2 
2.47727 -4.61513e-05 -1 0.980843 0.191309 0.000652601 103.384 2.41265e+06 3 40725.1 66.4071 8.49602 2 1 740.849 24.6552 30.0484 4 3 0.0577746 2.00238e-05 14.2363 2 
2.47792 -4.61794e-05 -1 0.980968 0.191305 0.000652601 103.411 2.41265e+06 3 40441.6 91.4126 7.61975 2 1 753.997 26.9475 27.9802 4 3 0.059317 1.7139e-05 15.1262 2 
2.47857 -4.61857e-05 -1 0.981093 0.19131 0.000652601 103.438 2.41265e+06 3 126455 112.183 10.4073 2 1 718.81 22.1708 32.4215 4 3 0.0607628 1.62878e-05 15.5093 2 
2.47922 -4.62332e-05 -1 0.981218 0.191294 0.000652601 103.465 2.41266e+06 3 88279.9 118.737 9.05925 2 1 1558.91 35.5691 43.8276 4 3 0.0654922 1.5819e-05 16.0572 2 
2.47988 -4.62514e-05 -1 0.981342 0.191307 0.000652601 103.496 2.41257e+06 3 40835.1 112.906 7.12479 2 1 930.592 34.3895 27.0604 4 3 0.0671961 1.81824e-05 15.4608 2 
2.48053 -4.62325e-05 -1 0.981467 0.191309 0.000652601 103.523 2.41258e+06 3 75995.5 106.098 8.94734 2 1 2200.62 80.8409 27.2216 4 3 0.0675661 1.7403e-05 15.7169 2 
2.48118 -4.62397e-05 -1 0.981592 0.191292 0.000652601 103.55 2.41259e+06 3 106290 101.877 10.1423 2 1 892.055 30.0155 29.7198 4 3 0.0695997 1.7588e-05 15.8172 2 
2.48184 -4.62329e-05 -1 0.981717 0.191304 0.000652601 103.579 2.41254e+06 4 201238 61.3372 7.56827 2 1 823.74 31.2707 26.3422 4 3 0.0703906 1.77921e-05 15.816 2 
2.48249 -4.62798e-05 -1 0.981842 0.191299 0.000652601 103.606 2.41254e+06 3 210141 219.242 9.85966 2 1 824.157 27.5319 29.9346 4 3 0.0705561 1.71697e-05 16.0173 2 
2.48314 -4.64204e-05 -1 0.981967 0.191304 0.000652601 103.633 2.41255e+06 3 58016.2 76.0316 9.13801 2 1 1125.34 37.0162 30.4013 4 3 0.071182 1.71122e-05 16.0826 2 
2.48379 -4.64183e-05 -1 0.982092 0.191295 0.000652601 103.662 2.41251e+06 3 142751 169.253 9.44816 2 1 964.035 36.0242 26.7608 4 3 0.0705048 1.59736e-05 16.4036 2 
2.48445 -4.6395e-05 -1 0.982217 0.191296 0.000652601 103.693 2.41242e+06 3 37261.7 42.2305 9.59133 2 1 898.261 37.7771 23.7779 4 3 0.0693996 1.42321e-05 16.9575 2 
2.4851 -4.64166e-05 -1 0.982342 0.191301 0.000652601 103.723 2.41235e+06 3 40365.5 88.7699 7.6898 2 1 1031.67 44.1535 23.3655 4 3 0.0676635 1.39982e-05 16.9081 2 
2.48575 -4.64213e-05 -1 0.982467 0.191303 0.000652601 103.751 2.41232e+06 2 35663.4 141.989 15.8484 2 1 893.151 23.0955 38.672 4 3 0.0655903 1.5403e-05 16.2086 2 
2.4864 -4.63733e-05 -1 0.982592 0.191297 0.000652601 103.78 2.41228e+06 3 39840 63.1157 8.57816 2 1 842.957 24.7737 34.0263 4 3 0.0632063 1.78677e-05 15.2369 2 
2.48706 -4.63527e-05 -1 0.982717 0.191298 0.000652601 103.809 2.41224e+06 3 63229.2 175.008 7.12229 2 1 832.348 28.0687 29.6539 4 3 0.0605393 2.02162e-05 14.4138 2 
2.48771 -4.63986e-05 -1 0.982841 0.191302 0.000652601 103.841 2.41214e+06 4 213208 47.1091 8.2021 2 1 1130.64 22.2912 50.7215 4 3 0.0587363 2.33299e-05 13.6039 2 
2.48836 -4.6349e-05 -1 0.982966 0.191278 0.000652601 103.873 2.41202e+06 3 196654 206.62 9.83657 2 1 777.549 24.2647 32.0444 4 3 0.0570935 2.6728e-05 12.8788 2 
2.48901 -4.63301e-05 -1 0.983091 0.191287 0.000652601 103.904 2.41193e+06 3 54943.6 64.931 9.45849 2 1 1092.94 67.4355 16.2072 4 3 0.055424 2.55861e-05 12.9389 2 
2.48967 -4.63003e-05 -1 0.983216 0.191301 0.000652601 103.931 2.41193e+06 3 116365 150.492 9.17847 2 1 1037.71 40.641 25.5336 4 3 0.053468 2.47651e-05 12.9246 2 
2.49032 -4.6161e-05 -1 0.983341 0.191296 0.000652601 103.96 2.41189e+06 4 167345 46.2013 7.75782 2 1 3074.56 75.8682 40.5251 4 3 0.0526126 2.55623e-05 12.7203 2 
2.49097 -4.6127e-05 -1 0.983465 0.191312 0.000652601 103.987 2.41189e+06 3 182215 138.091 10.9683 2 1 1202.18 46.1853 26.0296 4 3 0.0541664 2.55487e-05 12.8466 2 
2.49162 -4.61958e-05 -1 0.98359 0.191308 0.000652601 104.015 2.41189e+06 3 97067.2 139.96 8.85162 2 1 1462.11 43.9579 33.2616 4 3 0.055566 2.62018e-05 12.8477 2 
2.49228 -4.63194e-05 -1 0.983715 0.191306 0.000652601 104.041 2.4119e+06 3 41322 123.704 6.9385 2 1 1217.51 37.1182 32.8009 4 3 0.0571753 2.57027e-05 13.054 2 
2.49293 -4.63527e-05 -1 0.983839 0.191302 0.000652601 104.068 2.41191e+06 3 50184 147.129 6.98697 2 1 824.156 28.4239 28.9951 4 3 0.058511 2.51575e-05 13.2492 2 
2.49358 -4.63797e-05 -1 0.983964 0.191295 0.000652601 104.099 2.41181e+06 3 39688.5 88.97 7.64083 2 1 784.012 25.0122 31.3452 4 3 0.0600298 2.43188e-05 13.5148 2 
2.49423 -4.64052e-05 -1 0.984089 0.191306 0.000652601 104.127 2.41181e+06 3 40211.7 60.6035 8.72204 2 1 713.399 30.0655 23.7281 4 3 0.0652613 2.32363e-05 14.109 2 
2.49489 -4.6449e-05 -1 0.984214 0.191296 0.000652601 104.154 2.41181e+06 3 64231.7 102.594 8.55478 2 1 749.162 36.2722 20.6539 4 3 0.0658157 2.20161e-05 14.4055 2 
2.49554 -4.64012e-05 -1 0.984338 0.191297 0.000652601 104.181 2.41181e+06 3 38803.6 114.988 6.96209 2 1 743.881 21.7363 34.223 4 3 0.0665996 2.07296e-05 14.7557 2 
2.49619 -4.63862e-05 -1 0.984463 0.191304 0.000652601 104.208 2.41181e+06 3 127522 59.4026 12.9001 2 1 1080.44 29.6246 36.471 4 3 0.0666066 1.85607e-05 15.31 2 
2.49684 -4.65014e-05 -1 0.984588 0.191298 0.000652601 104.236 2.4118e+06 3 40450.1 92.5995 7.58758 2 1 824.261 34.6057 23.8186 4 3 0.0687079 1.74734e-05 15.7837 2 
2.4975 -4.65236e-05 -1 0.984713 0.191296 0.000652601 104.266 2.41173e+06 4 200213 59.5342 7.6152 2 1 1415.39 35.3398 40.0509 4 3 0.0695297 1.65032e-05 16.151 2 
2.49815 -4.65831e-05 -1 0.984838 0.191298 0.000652601 104.303 2.4115e+06 4 89008.1 26.2111 7.63371 2 1 2352.18 84.7242 27.7628 4 3 0.0701794 1.72399e-05 15.9671 2 
2.4988 -4.65969e-05 -1 0.984962 0.19129 0.000652601 104.332 2.41147e+06 3 76190.7 84.7424 9.65163 2 1 924.63 23.994 38.5359 4 3 0.0712383 1.77602e-05 15.8887 2 
2.49946 -4.66404e-05 -1 0.985087 0.191294 0.000652601 104.359 2.41147e+06 3 206527 128.248 11.7213 2 1 801.086 19.4765 41.1309 4 3 0.0712886 1.79341e-05 15.8409 2 
2.50011 -4.6711e-05 -1 0.985212 0.191305 0.000652601 104.386 2.41148e+06 3 105460 103.108 10.0755 2 1 1709.47 33.5814 50.9053 4 3 0.0703745 3.56607e-05 12.5432 2 
2.50076 -4.67813e-05 -1 0.985337 0.191291 0.000652601 104.415 2.41142e+06 3 88041.2 90.6704 9.90239 2 1 906.855 41.4347 21.8864 4 4 0.0690563 2.31936e-05 7.38684 2 
2.50141 -4.68466e-05 -1 0.985462 0.191289 0.000652601 104.445 2.41137e+06 3 142499 126.595 10.4023 2 1 852.04 40.6629 20.9537 4 4 0.067327 3.08508e-05 6.83487 2 
2.50207 -4.68026e-05 -1 0.985587 0.191301 0.000652601 104.474 2.41131e+06 3 40206.5 55.2493 8.99477 2 1 947.524 44.482 21.3013 4 4 0.0652113 2.92916e-05 6.86903 2 
2.50272 -4.68472e-05 -1 0.985711 0.191295 0.000652601 104.503 2.41127e+06 1 2492.23 197.863 12.5957 2 1 1017.93 39.3255 25.8848 4 4 0.0626389 2.72358e-05 6.9251 2 
2.50337 -4.69064e-05 -1 0.985836 0.191301 0.000652601 104.53 2.41128e+06 3 40323.3 93.4276 7.55719 2 1 982.03 29.9234 32.8182 4 3 0.0592293 9.9973e-05 8.39881 2 
2.50402 -4.68905e-05 -1 0.985961 0.191298 0.000652601 104.559 2.41123e+06 4 213445 38.6023 8.62319 2 1 861.218 32.7484 26.298 4 3 0.0574124 8.94812e-05 8.62498 2 
2.50468 -4.69043e-05 -1 0.986086 0.191298 0.000652601 104.586 2.41124e+06 3 40496.5 89.9671 7.66381 2 1 1109.82 32.5784 34.0661 4 3 0.0544264 8.53203e-05 8.60833 2 
2.50533 -4.69415e-05 -1 0.986211 0.191306 0.000652601 104.617 2.41115e+06 3 196948 229.802 9.49875 2 1 804.049 28.7466 27.9702 4 3 0.0528449 8.11357e-05 8.66823 2 
2.50598 -4.68151e-05 -1 0.986336 0.191296 0.000652601 104.646 2.41112e+06 3 64920.9 100.393 8.64756 2 1 952.852 63.2703 15.06 4 3 0.0535625 6.96742e-05 9.16072 2 
2.50663 -4.68168e-05 -1 0.986461 0.191293 0.000652601 104.674 2.41109e+06 3 68274.2 75.1813 9.68387 2 1 1253.72 80.0175 15.6681 4 3 0.0549603 6.44224e-05 9.48427 2 
2.50729 -4.6851e-05 -1 0.986586 0.191302 0.000652601 104.705 2.411e+06 3 118657 125.261 9.82109 2 1 893.855 26.9347 33.186 4 3 0.0563682 6.23055e-05 9.6717 2 
2.50794 -4.69279e-05 -1 0.986711 0.191301 0.000652601 104.734 2.41096e+06 4 184232 40.6116 8.20689 2 1 3140.63 73.7997 42.5561 4 3 0.0578806 6.2903e-05 9.72644 2 
2.50859 -4.69216e-05 -1 0.986836 0.191299 0.000652601 104.761 2.41096e+06 3 40870.9 116.989 7.04298 2 1 1107.29 46.7134 23.7038 4 3 0.0631774 6.06469e-05 10.1372 2 
2.50924 -4.68865e-05 -1 0.986961 0.1913 0.000652601 104.788 2.41097e+06 3 81698.6 96.546 9.4586 2 1 1253.92 21.1321 59.3371 4 3 0.0639245 5.21477e-05 10.7023 2 
2.5099 -4.69021e-05 -1 0.987085 0.191306 0.000652601 104.815 2.41098e+06 3 95795 173.473 8.20421 2 1 1294.75 20.5336 63.0552 4 3 0.0651435 4.74424e-05 11.1148 2 
2.51055 -4.68124e-05 -1 0.98721 0.1913 0.000652601 104.842 2.41099e+06 3 42612.7 106.518 7.36838 2 1 968.548 41.9217 23.1037 4 3 0.0652901 4.50558e-05 11.3162 2 
2.5112 -4.67783e-05 -1 0.987335 0.191301 0.000652601 104.869 2.41099e+06 3 50103.9 70.0631 8.94254 2 1 1002.82 48.8653 20.5221 4 3 0.0654769 4.75604e-05 11.1245 2 
2.51185 -4.6777e-05 -1 0.98746 0.191285 0.000652601 104.897 2.41097e+06 3 37020.6 165.084 6.07546 2 1 743.803 20.5747 36.1513 4 3 0.0649328 4.56772e-05 11.244 2 
2.51251 -4.68456e-05 -1 0.987585 0.191294 0.000652601 104.924 2.41098e+06 3 41186.3 110.058 7.20627 2 1 1117.64 39.7411 28.123 4 3 0.0669874 4.50424e-05 11.4145 2 
2.51316 -4.68588e-05 -1 0.987709 0.191298 0.000652601 104.95 2.41099e+06 3 65674.4 115.888 8.27534 2 1 728.741 26.2996 27.7092 4 3 0.0680684 4.45348e-05 11.519 2 
2.51381 -4.6924e-05 -1 0.987834 0.191299 0.000652601 104.983 2.41086e+06 4 195694 56.6742 7.66563 2 1 738.814 21.9958 33.5888 4 3 0.0696053 3.86885e-05 12.1624 2 
2.51447 -4.69913e-05 -1 0.987959 0.191301 0.000652601 105.01 2.41087e+06 3 41499 79.5865 8.04883 2 1 748.636 25.3289 29.5566 4 3 0.0708462 3.51921e-05 12.6267 2 
2.51512 -4.70252e-05 -1 0.988083 0.191301 0.000652601 105.037 2.41088e+06 3 37163.2 67.0937 8.21253 2 1 1140.61 30.4367 37.4748 4 3 0.0717093 3.24917e-05 13.0197 2 
2.51577 -4.70212e-05 -1 0.988208 0.191295 0.000652601 105.064 2.41089e+06 3 41505.2 72.9011 8.28812 2 1 2435.95 92.663 26.2883 4 3 0.0713455 3.33891e-05 12.8801 2 
2.51642 -4.69463e-05 -1 0.988333 0.1913 0.000652601 105.097 2.41075e+06 4 203901 32.7317 8.88409 2 1 906.512 30.3788 29.8403 4 3 0.0706361 3.31867e-05 12.8633 2 
2.51708 -4.69538e-05 -1 0.988458 0.191298 0.000652601 105.126 2.41072e+06 3 89474.7 100.646 9.61542 2 1 854.373 30.092 28.392 4 3 0.0691719 3.33345e-05 12.7549 2 
2.51773 -4.70557e-05 -1 0.988582 0.191302 0.000652601 105.156 2.41063e+06 3 40069.9 57.0455 8.88926 2 1 845.172 31.7132 26.6505 4 3 0.0674356 3.30274e-05 12.6864 2 
2.51838 -4.70971e-05 -1 0.988707 0.191305 0.000652601 105.185 2.41059e+06 3 103746 53.2318 12.4911 2 1 809.202 27.548 29.3743 4 3 0.0650525 3.3696e-05 12.4517 2 
2.51903 -4.71427e-05 -1 0.988832 0.19129 0.000652601 105.215 2.41053e+06 3 143280 189.846 9.10461 2 1 752.517 29.5707 25.4481 4 3 0.0626783 3.08494e-05 12.6655 2 
2.51969 -4.70317e-05 -1 0.988957 0.191304 0.000652601 105.246 2.41045e+06 3 40347.3 179.918 6.07547 2 1 863.229 41.299 20.9019 4 3 0.0599193 2.56503e-05 13.2686 2 
2.52034 -4.70188e-05 -1 0.989082 0.1913 0.000652601 105.273 2.41045e+06 3 58439.5 75.6525 9.17546 2 1 989.863 28.6983 34.492 4 3 0.0572375 2.32181e-05 13.5088 2 
2.52099 -4.70408e-05 -1 0.989206 0.191302 0.000652601 105.306 2.41031e+06 4 208099 49.9578 8.03372 2 1 2421.23 70.7114 34.2409 4 3 0.0542207 2.12412e-05 13.6667 2 
2.52164 -4.69872e-05 -1 0.989331 0.191303 0.000652601 105.333 2.41032e+06 3 40044 82.3731 7.86292 2 1 1579.03 46.378 34.0469 4 3 0.0543483 2.26531e-05 13.3871 2 
2.5223 -4.69638e-05 -1 0.989456 0.191307 0.000652601 105.362 2.41028e+06 4 198179 30.9293 8.94689 2 1 2742.94 63.2562 43.3623 4 3 0.0557901 2.43055e-05 13.1912 2 
2.52295 -4.69605e-05 -1 0.989581 0.19132 0.000652601 105.389 2.41029e+06 3 153703 109.505 11.1965 2 1 1004.06 25.4702 39.4211 4 3 0.0571693 2.34286e-05 13.4629 2 
2.5236 -4.67132e-05 -1 0.989706 0.191296 0.000652601 105.416 2.4103e+06 3 41615 48.9805 9.47129 2 1 1779.74 48.5882 36.6292 4 3 0.0618142 2.3327e-05 13.8381 2 
2.52425 -4.66567e-05 -1 0.989831 0.191302 0.000652601 105.442 2.41031e+06 3 64560.6 178.65 7.12287 2 1 975.949 48.9102 19.9539 4 3 0.063463 2.32652e-05 13.9724 2 
2.52491 -4.66413e-05 -1 0.989956 0.191297 0.000652601 105.469 2.41032e+06 3 169684 139.551 10.6734 2 1 841.581 24.2762 34.6669 4 3 0.0638284 2.3711e-05 13.9109 2 
2.52556 -4.67071e-05 -1 0.99008 0.191301 0.000652601 105.5 2.41023e+06 3 180388 195.034 9.74315 2 1 3210.31 80.4972 39.881 4 3 0.064267 2.389e-05 13.9078 2 
2.52621 -4.67957e-05 -1 0.990205 0.191315 0.000652601 105.527 2.41024e+06 3 56148.9 107.042 8.06484 2 1 1309.65 37.7618 34.6819 4 3 0.0639662 2.27092e-05 14.1226 2 
2.52686 -4.68848e-05 -1 0.99033 0.191311 0.000652601 105.554 2.41025e+06 3 75109.4 117.239 8.62067 2 1 1108.19 36.5421 30.3264 4 3 0.0637393 2.38493e-05 13.8775 2 
2.52752 -4.68727e-05 -1 0.990455 0.191316 0.000652601 105.581 2.41025e+06 3 81976.2 118.662 8.84014 2 1 1148.49 22.5853 50.851 4 3 0.0629306 2.44479e-05 13.7048 2 
2.52817 -4.68055e-05 -1 0.99058 0.191308 0.000652601 105.608 2.41024e+06 3 95131.4 97.2993 9.92517 2 1 838.432 26.1123 32.1087 4 3 0.0619835 2.46959e-05 13.5899 2 
2.52882 -4.68005e-05 -1 0.990705 0.191305 0.000652601 105.635 2.41024e+06 3 40831.8 46.8323 9.55325 2 1 1222.76 53.4309 22.8848 4 3 0.0670951 2.26662e-05 14.3583 2 
2.52947 -4.67984e-05 -1 0.99083 0.191313 0.000652601 105.672 2.41004e+06 4 194772 47.9157 7.98476 2 1 684.715 30.7608 22.2593 4 3 0.0686373 1.70623e-05 15.904 2 
2.53013 -4.68203e-05 -1 0.990955 0.191305 0.000652601 105.703 2.40995e+06 2 39615.2 226.275 13.2316 2 1 918.638 19.0757 48.1574 4 3 0.0698509 1.65137e-05 16.1724 2 
2.53078 -4.6948e-05 -1 0.99108 0.191318 0.000652601 105.73 2.40996e+06 3 38084.6 92.1117 7.4498 2 1 756.71 45.9511 16.4677 4 3 0.071593 1.52873e-05 16.7307 2 
2.53143 -4.70275e-05 -1 0.991205 0.191312 0.000652601 105.756 2.40997e+06 3 38692.3 108.067 7.10086 2 1 730.536 34.7586 21.0174 4 3 0.0718541 1.7297e-05 16.0753 2 
2.53209 -4.70345e-05 -1 0.99133 0.191306 0.000652601 105.783 2.40998e+06 3 125725 116.145 10.2677 2 1 779.424 21.523 36.2135 4 3 0.071631 1.64749e-05 16.3215 2 
2.53274 -4.71529e-05 -1 0.991455 0.191319 0.000652601 105.81 2.40999e+06 3 50275.7 131.875 7.25101 2 1 972.306 42.1229 23.0826 4 3 0.0706221 1.7599e-05 15.891 2 
2.53339 -4.71473e-05 -1 0.991579 0.191318 0.000652601 105.839 2.40995e+06 4 201940 32.328 8.89019 2 1 2542.99 108.344 23.4713 4 3 0.0693277 1.68922e-05 16.0106 2 
2.53404 -4.71736e-05 -1 0.991704 0.191328 0.000652601 105.865 2.40997e+06 3 40283.9 91.8752 7.59704 2 1 1018.11 19.5193 52.1591 4 3 0.0673656 1.48476e-05 16.5549 2 
2.5347 -4.71607e-05 -1 0.991829 0.191326 0.000652601 105.896 2.40989e+06 3 39533.3 73.1293 8.14624 2 1 754.907 29.3686 25.7045 4 3 0.0652354 1.5367e-05 16.1919 2 
2.53535 -4.72092e-05 -1 0.991954 0.191322 0.000652601 105.923 2.4099e+06 3 41225.9 96.682 7.52676 2 1 759.141 19.9928 37.9708 4 3 0.0626683 1.61379e-05 15.7181 2 
2.536 -4.7254e-05 -1 0.992078 0.191319 0.000652601 105.949 2.40992e+06 3 107454 108.886 9.95595 2 1 946.905 22.127 42.7941 4 3 0.0600644 1.82589e-05 14.8724 2 
2.53665 -4.7302e-05 -1 0.992203 0.191319 0.000652601 105.98 2.40982e+06 4 144746 128.983 5.78787 2 1 782.369 25.3076 30.9144 4 3 0.0572203 2.09578e-05 13.9766 2 
2.53731 -4.71829e-05 -1 0.992328 0.191314 0.000652601 106.013 2.40969e+06 4 208893 37.2713 8.65241 2 1 1038.68 35.3464 29.3856 4 3 0.0551497 2.24542e-05 13.4922 2 
2.53796 -4.71691e-05 -1 0.992453 0.19132 0.000652601 106.04 2.40971e+06 3 49025.9 34.3106 11.2633 2 1 954.944 32.8457 29.0737 4 3 0.0565061 2.01006e-05 14.1133 2 
2.53861 -4.71944e-05 -1 0.992577 0.191324 0.000652601 106.066 2.40972e+06 3 60520.5 73.251 9.38346 2 1 918.392 30.4545 30.1562 4 3 0.0614002 1.9144e-05 14.7473 2 
2.53926 -4.72544e-05 -1 0.992702 0.191333 0.000652601 106.097 2.40965e+06 3 37530.9 91.9392 7.41816 2 1 815.208 25.325 32.1899 4 3 0.0619816 1.86796e-05 14.9153 2 
2.53992 -4.72905e-05 -1 0.992827 0.191333 0.000652601 106.126 2.40961e+06 4 191492 72.4288 7.17067 2 1 804.312 33.968 23.6785 4 3 0.0627689 1.80166e-05 15.1597 2 
2.54057 -4.72054e-05 -1 0.992952 0.191315 0.000652601 106.153 2.40962e+06 3 153847 99.0261 11.5819 2 1 1006.92 38.3109 26.2828 4 3 0.0628182 1.8959e-05 14.9081 2 
2.54122 -4.72282e-05 -1 0.993076 0.191319 0.000652601 106.179 2.40963e+06 3 110487 228.207 7.85225 2 1 1226.25 52.0825 23.5444 4 3 0.0627187 1.9946e-05 14.6503 2 
2.54187 -4.72042e-05 -1 0.993201 0.191326 0.000652601 106.206 2.40964e+06 3 40881 104.494 7.31382 2 1 780.786 46.1338 16.9244 4 3 0.0622406 2.05432e-05 14.47 2 
2.54253 -4.73133e-05 -1 0.993326 0.191326 0.000652601 106.233 2.40965e+06 3 183414 144.894 10.8175 2 1 856.497 35.0094 24.4648 4 3 0.0612097 4.33036e-05 11.2227 2 
2.54318 -4.74341e-05 -1 0.993451 0.191334 0.000652601 106.262 2.40961e+06 3 119049 184.955 8.63416 2 1 3274.85 86.2632 37.9635 4 4 0.0603614 1.84894e-05 7.55891 2 
2.54383 -4.74533e-05 -1 0.993576 0.191318 0.000652601 106.292 2.40953e+06 3 44498.6 87.4073 7.98484 2 1 897.701 36.7384 24.435 4 3 0.0593149 9.5558e-05 8.53033 2 
2.54448 -4.74254e-05 -1 0.993701 0.191334 0.000652601 106.319 2.40954e+06 3 58056.8 136.417 7.52191 2 1 1082.25 36.0272 30.0397 4 3 0.0600036 8.38836e-05 8.94335 2 
2.54514 -4.74394e-05 -1 0.993825 0.191335 0.000652601 106.348 2.4095e+06 4 193825 47.2462 8.00314 2 1 881.166 24.2981 36.2647 4 3 0.0673285 7.26203e-05 9.75095 2 
2.54579 -4.74828e-05 -1 0.99395 0.19133 0.000652601 106.375 2.40951e+06 3 82684.1 179.415 7.72421 2 1 857.081 29.8041 28.7571 4 3 0.0686315 6.43897e-05 10.2149 2 
2.54644 -4.75354e-05 -1 0.994075 0.19134 0.000652601 106.401 2.40953e+06 3 94865.5 81.2779 10.5288 2 1 834.702 30.6505 27.2329 4 3 0.0706752 5.79816e-05 10.6822 2 
2.5471 -4.74883e-05 -1 0.9942 0.191334 0.000652601 106.428 2.40954e+06 3 41148.5 46.688 9.58774 2 1 897.478 23.4224 38.317 4 3 0.0715353 5.71726e-05 10.7757 2 
2.54775 -4.74638e-05 -1 0.994325 0.191334 0.000652601 106.454 2.40956e+06 3 40486.7 105.008 7.27829 2 1 772.49 24.0787 32.0819 4 3 0.0719679 5.04498e-05 11.2571 2 
2.5484 -4.74678e-05 -1 0.99445 0.191339 0.000652601 106.481 2.40957e+06 3 51560.8 47.6409 10.2671 2 1 738.318 19.4717 37.9176 4 3 0.0715164 4.4944e-05 11.6747 2 
2.54905 -4.74774e-05 -1 0.994575 0.19134 0.000652601 106.515 2.40941e+06 3 41691.6 18.455 13.1213 2 1 723.405 21.9264 32.9924 4 3 0.0707104 4.24709e-05 11.8521 2 
2.54971 -4.74889e-05 -1 0.9947 0.191345 0.000652601 106.544 2.40936e+06 3 128655 90.0968 11.2609 2 1 719.65 20.4663 35.1627 4 3 0.0693024 4.27303e-05 11.7491 2 
2.55036 -4.75679e-05 -1 0.994825 0.19134 0.000652601 106.575 2.40928e+06 4 200823 37.6283 8.54722 2 1 838.122 26.1233 32.0833 4 3 0.067497 4.21436e-05 11.7 2 
2.55101 -4.75903e-05 -1 0.99495 0.191346 0.000652601 106.604 2.40925e+06 3 40962 42.3814 9.8871 2 1 980.376 33.7439 29.0534 4 3 0.0653642 3.89998e-05 11.8784 2 
2.55166 -4.76275e-05 -1 0.995075 0.19134 0.000652601 106.633 2.40921e+06 3 50233.7 114.941 7.5888 2 1 2636.59 108.198 24.3681 4 3 0.0629415 3.3293e-05 12.365 2 
2.55232 -4.76432e-05 -1 0.9952 0.191351 0.000652601 106.664 2.40913e+06 3 38175.4 91.2068 7.4803 2 1 880.038 28.6682 30.6974 4 3 0.0602081 3.16842e-05 12.3862 2 
2.55297 -4.7631e-05 -1 0.995325 0.191349 0.000652601 106.695 2.40904e+06 3 40779.4 70.8669 8.31762 2 1 759.683 29.7251 25.5569 4 3 0.059471 3.17046e-05 12.3328 2 
2.55362 -4.76374e-05 -1 0.99545 0.191346 0.000652601 106.721 2.40906e+06 3 40449.9 105.178 7.27217 2 1 815.828 27.7268 29.4238 4 3 0.0600816 3.16641e-05 12.3801 2 
2.55427 -4.76412e-05 -1 0.995575 0.191346 0.000652601 106.75 2.40902e+06 4 204680 55.7454 7.78424 2 1 788.886 31.6796 24.902 4 3 0.0610783 3.1621e-05 12.4539 2 
2.55493 -4.76025e-05 -1 0.995699 0.191343 0.000652601 106.777 2.40903e+06 3 139705 157.613 9.60594 2 1 726.45 25.0985 28.944 4 3 0.0612867 3.12014e-05 12.5236 2 
2.55558 -4.76236e-05 -1 0.995824 0.191349 0.000652601 106.803 2.40905e+06 3 91483.6 107.1 9.48821 2 1 1029.17 60.9385 16.8887 4 3 0.0613517 2.80307e-05 12.9837 2 
2.55623 -4.76874e-05 -1 0.995949 0.191358 0.000652601 106.83 2.40906e+06 3 40851.8 86.8024 7.77845 2 1 970.135 42.6803 22.7303 4 3 0.0608522 2.4191e-05 13.6001 2 
2.55688 -4.76922e-05 -1 0.996074 0.191356 0.000652601 106.859 2.40903e+06 4 194593 36.2021 8.56245 2 1 860.204 19.9278 43.1661 4 3 0.0604508 2.25596e-05 13.8896 2 
2.55754 -4.77076e-05 -1 0.996199 0.191354 0.000652601 106.889 2.40895e+06 3 59856.5 83.2135 8.95995 2 1 792.869 31.2127 25.4021 4 3 0.0595441 2.31526e-05 13.7008 2 
2.55819 -4.76725e-05 -1 0.996323 0.191364 0.000652601 106.916 2.40896e+06 3 154663 192.266 9.30025 2 1 1081.68 21.3013 50.7799 4 3 0.0585647 2.32675e-05 13.6028 2 
2.55884 -4.7644e-05 -1 0.996448 0.191357 0.000652601 106.943 2.40897e+06 3 39798.7 82.2216 7.85165 2 1 926.902 35.1357 26.3806 4 3 0.0574572 2.27969e-05 13.6089 2 
2.55949 -4.76491e-05 -1 0.996573 0.191363 0.000652601 106.969 2.40898e+06 3 39258.9 45.976 9.48714 2 1 789.756 22.6542 34.8613 4 3 0.0564067 2.37177e-05 13.3481 2 
2.56015 -4.76579e-05 -1 0.996698 0.191356 0.000652601 107.001 2.40887e+06 4 180591 31.2993 8.71546 2 1 815.179 26.7092 30.5206 4 3 0.0571948 2.60362e-05 12.9995 2 
2.5608 -4.76837e-05 -1 0.996822 0.191363 0.000652601 107.032 2.40879e+06 4 192659 57.2348 7.61697 2 1 3305.11 72.3349 45.6917 4 3 0.0593923 2.64337e-05 13.0976 2 
2.56145 -4.77195e-05 -1 0.996947 0.191365 0.000652601 107.063 2.40871e+06 4 117306 55.4568 6.78175 2 1 1174.67 23.1906 50.6528 4 3 0.0659565 2.47368e-05 13.8666 2 
2.5621 -4.76948e-05 -1 0.997072 0.191371 0.000652601 107.096 2.40858e+06 3 69660.9 194.999 7.09554 2 1 1235.05 27.6016 44.7457 4 3 0.0699235 2.52889e-05 14.0356 2 
2.56276 -4.77569e-05 -1 0.997197 0.191362 0.000652601 107.125 2.40855e+06 3 57513.7 116.83 7.89596 2 1 822.771 33.0185 24.9185 4 3 0.0706025 1.75003e-05 15.9193 2 
2.56341 -4.77567e-05 -1 0.997322 0.191366 0.000652601 107.154 2.40851e+06 3 39255.8 108.065 7.1352 2 1 814.971 29.0012 28.1013 4 3 0.071798 1.5432e-05 16.6941 2 
2.56406 -4.77651e-05 -1 0.997446 0.19137 0.000652601 107.182 2.40848e+06 3 55656.4 77.6591 8.949 2 1 795.557 30.3246 26.2347 4 3 0.0719314 1.66141e-05 16.2985 2 
2.56472 -4.77855e-05 -1 0.997571 0.191373 0.000652601 107.209 2.40849e+06 3 95062.2 147.604 8.63581 2 1 780.671 45.1289 17.2987 4 3 0.0717118 1.68236e-05 16.214 2 
2.56537 -4.77342e-05 -1 0.997696 0.19137 0.000652601 107.236 2.40849e+06 3 40608.4 65.1175 8.54357 2 1 811.623 26.9663 30.0977 4 3 0.0707769 1.62313e-05 16.3373 2 
2.56602 -4.76989e-05 -1 0.997821 0.19137 0.000652601 107.263 2.40849e+06 3 39518.7 65.4217 8.45331 2 1 786.335 28.5461 27.5462 4 3 0.0695365 1.62855e-05 16.2232 2 
2.56667 -4.76836e-05 -1 0.997946 0.191373 0.000652601 107.294 2.40841e+06 3 51032 84.7872 8.44314 2 1 750.715 19.8513 37.817 4 3 0.0676677 1.64106e-05 16.0356 2 
2.56733 -4.76651e-05 -1 0.998071 0.191375 0.000652601 107.324 2.40836e+06 4 200476 40.7388 8.37556 2 1 733.663 18.2943 40.1035 4 3 0.0657292 1.64574e-05 15.8659 2 
2.56798 -4.76897e-05 -1 0.998196 0.191376 0.000652601 107.35 2.40837e+06 3 126609 84.6414 11.4365 2 1 761.628 16.5892 45.9111 4 3 0.0632584 1.50426e-05 16.141 2 
2.56863 -4.7711e-05 -1 0.998321 0.191388 0.000652601 107.377 2.40839e+06 3 40544.6 86.8408 7.75776 2 1 926.841 22.1338 41.8744 4 3 0.0606558 1.52846e-05 15.8321 2 
2.56928 -4.77899e-05 -1 0.998446 0.191375 0.000652601 107.404 2.40839e+06 3 65385.1 86.3444 9.11482 2 1 2734.39 150.414 18.1791 4 3 0.0595133 1.60934e-05 15.464 2 
2.56994 -4.78107e-05 -1 0.998571 0.191375 0.000652601 107.43 2.40843e+06 2 24669.3 147.973 12.9118 2 1 879.417 17.4551 50.3818 4 3 0.0598254 1.70755e-05 15.1881 2 
2.57059 -4.78033e-05 -1 0.998696 0.191383 0.000652601 107.459 2.40838e+06 4 205963 34.2548 8.80576 2 1 810.821 19.9371 40.669 4 3 0.0596305 1.81354e-05 14.8701 2 
2.57124 -4.77873e-05 -1 0.998821 0.191383 0.000652601 107.49 2.40829e+06 3 39749.9 102.472 7.29307 2 1 782.552 16.8021 46.5746 4 3 0.0592364 1.88963e-05 14.6354 2 
2.57189 -4.77703e-05 -1 0.998946 0.191389 0.000652601 107.517 2.40829e+06 3 40717.1 92.008 7.6205 2 1 942.299 17.3141 54.4239 4 3 0.0585574 1.9269e-05 14.4846 2 
2.57255 -4.77751e-05 -1 0.999071 0.1914 0.000652601 107.545 2.40829e+06 3 142826 126.718 10.407 2 1 759.985 22.287 34.0998 4 3 0.0577484 1.89018e-05 14.5104 2 
2.5732 -4.77181e-05 -1 0.999196 0.19138 0.000652601 107.572 2.40829e+06 3 47569.7 105.373 7.67128 2 1 732.301 35.5489 20.5998 4 3 0.0566744 1.79295e-05 14.6759 2 
2.57385 -4.77302e-05 -1 0.999321 0.191387 0.000652601 107.598 2.4083e+06 3 89245.3 69.8626 10.8504 2 1 981.403 36.4045 26.9583 4 3 0.0557792 1.70498e-05 14.8451 2 
2.5745 -4.77278e-05 -1 0.999446 0.191396 0.000652601 107.627 2.40826e+06 4 190478 48.7001 7.90822 2 1 793.596 31.9091 24.8705 4 3 0.0545866 1.63437e-05 14.9478 2 
2.57516 -4.7675e-05 -1 0.99957 0.191394 0.000652601 107.656 2.40822e+06 4 93149.1 42.4136 6.84571 2 1 827.71 37.0883 22.3173 4 3 0.0534933 1.5213e-05 15.2065 2 
2.57581 -4.76955e-05 -1 0.999695 0.191393 0.000652601 107.69 2.40807e+06 3 41357.3 182.236 6.09966 2 1 970.959 42.6363 22.7731 4 3 0.0541854 1.63011e-05 14.9241 2 
2.57646 -4.77266e-05 -1 0.99982 0.191402 0.000652601 107.718 2.40807e+06 3 149030 137.527 10.2714 2 1 799.737 51.6932 15.4708 4 3 0.0563778 1.72221e-05 14.8482 2 
2.57711 -4.78051e-05 -1 0.999945 0.191399 0.000652601 107.747 2.40802e+06 4 189331 55.6701 7.6366 2 1 952.413 43.7793 21.7549 4 3 0.0587643 1.77084e-05 14.9157 2 
2.57777 -4.78632e-05 -1 1.00007 0.191405 0.000652601 107.777 2.40796e+06 4 179003 38.2793 8.2694 2 1 759.107 43.9317 17.2792 4 3 0.0610806 1.78678e-05 15.0641 2 
2.57842 -4.78616e-05 -1 1.0002 0.191403 0.000652601 107.804 2.40796e+06 3 39978.1 94.0395 7.51918 2 1 1068.24 38.4895 27.7541 4 3 0.0683555 1.32648e-05 17.2726 2 
2.57907 -4.78874e-05 -1 1.00032 0.191407 0.000652601 107.831 2.40796e+06 3 40048.2 116.2 7.01121 2 1 3360.83 90.5862 37.1009 4 3 0.0712032 1.15995e-05 18.31 2 
2.57973 -4.79282e-05 -1 1.00044 0.191401 0.000652601 107.858 2.40797e+06 3 116305 104.072 10.3774 2 1 1285.95 29.9345 42.9587 4 3 0.0715679 1.22563e-05 18.0075 2 
2.58038 -4.79537e-05 -1 1.00057 0.191416 0.000652601 107.884 2.40799e+06 3 71990.3 82.8442 9.54269 2 1 781.149 41.2165 18.9523 4 3 0.0722032 1.19317e-05 18.2229 2 
2.58103 -4.79668e-05 -1 1.00069 0.19141 0.000652601 107.914 2.40794e+06 3 43978.1 122.39 7.10935 2 1 980.538 40.2826 24.3415 4 3 0.0718774 1.12288e-05 18.5675 2 
2.58168 -4.79704e-05 -1 1.00082 0.191409 0.000652601 107.943 2.4079e+06 4 113261 32.5869 7.67819 2 1 824.16 25.7075 32.0591 4 3 0.0712894 1.09866e-05 18.6518 2 
2.58234 -4.79287e-05 -1 1.00094 0.191419 0.000652601 107.971 2.40787e+06 3 40333.5 91.2707 7.6169 2 1 814.488 25.2436 32.2651 4 3 0.0699675 1.20742e-05 17.9616 2 
2.58299 -4.79635e-05 -1 1.00107 0.191416 0.000652601 108.001 2.40783e+06 4 95708.1 82.1303 5.84267 2 1 767.09 25.8824 29.6375 4 3 0.0683126 1.28528e-05 17.4516 2 
2.58364 -4.79438e-05 -1 1.00119 0.191414 0.000652601 108.028 2.40783e+06 3 77383.2 167.841 7.72532 2 1 653.692 22.3835 29.2043 4 3 0.066249 1.31607e-05 17.1383 2 
2.58429 -4.79303e-05 -1 1.00132 0.191415 0.000652601 108.057 2.40779e+06 4 200904 52.318 7.87199 2 1 903.304 29.0829 31.0596 4 3 0.0640994 2.77074e-05 13.2257 2 
2.58495 -4.79397e-05 -1 1.00144 0.191414 0.000652601 108.083 2.40781e+06 3 40839.2 84.3114 7.85351 2 1 807.339 27.1657 29.7191 4 3 0.0615221 9.08531e-05 8.7814 2 
2.5856 -4.79107e-05 -1 1.00157 0.191421 0.000652601 108.116 2.40768e+06 3 131039 176.957 9.04714 2 1 736.91 24.9698 29.512 4 4 0.0587428 2.22206e-05 7.1705 2 
2.58625 -4.79569e-05 -1 1.00169 0.191428 0.000652601 108.145 2.40763e+06 3 40125.1 98.7354 7.40709 2 1 736.304 38.2063 19.2718 4 4 0.0570365 2.099e-05 7.21997 2 
2.5869 -4.8023e-05 -1 1.00182 0.191435 0.000652601 108.172 2.40765e+06 3 39284.9 91.5036 7.5439 2 1 906.18 32.1773 28.1621 4 3 0.0563993 9.14012e-05 8.51348 2 
2.58756 -4.80593e-05 -1 1.00194 0.191429 0.000652601 108.201 2.40761e+06 4 202686 55.6006 7.77027 2 1 2828.41 146.128 19.3558 4 3 0.0554472 7.83287e-05 8.91223 2 
2.58821 -4.80285e-05 -1 1.00207 0.191429 0.000652601 108.227 2.40763e+06 3 64948.4 45.2918 11.2767 2 1 859.702 21.5464 39.9 4 3 0.0545939 6.88971e-05 9.25368 2 
2.58886 -4.80381e-05 -1 1.00219 0.191433 0.000652601 108.254 2.40764e+06 3 40166.5 85.7623 7.76585 2 1 824.074 22.553 36.5394 4 3 0.0536042 6.51665e-05 9.36968 2 
2.58951 -4.81107e-05 -1 1.00232 0.191431 0.000652601 108.28 2.40766e+06 3 50996.9 47.5646 10.235 2 1 788.034 27.1713 29.0024 4 3 0.0525484 6.14158e-05 9.4935 2 
2.59017 -4.81552e-05 -1 1.00244 0.191434 0.000652601 108.311 2.40759e+06 3 40813.9 65.2057 8.55409 2 1 777.217 28.095 27.6639 4 3 0.0513603 5.35088e-05 9.86433 2 
2.59082 -4.81612e-05 -1 1.00257 0.191431 0.000652601 108.337 2.40761e+06 3 139690 173.939 9.29515 2 1 725.369 23.9574 30.2775 4 3 0.0501528 4.94942e-05 10.0442 2 
2.59147 -4.82141e-05 -1 1.00269 0.191439 0.000652601 108.366 2.40757e+06 4 195613 40.1175 8.35634 2 1 834.82 47.8727 17.4383 4 3 0.050987 4.74516e-05 10.2424 2 
2.59212 -4.82176e-05 -1 1.00282 0.191444 0.000652601 108.392 2.40759e+06 3 40799.3 71.5662 8.29179 2 1 946.638 41.3221 22.9088 4 3 0.0531176 4.79148e-05 10.3496 2 
2.59278 -4.81945e-05 -1 1.00294 0.191443 0.000652601 108.421 2.40756e+06 4 188948 44.8724 8.05547 2 1 843.797 20.4318 41.2983 4 3 0.0553434 4.60664e-05 10.6307 2 
2.59343 -4.82056e-05 -1 1.00307 0.191444 0.000652601 108.447 2.40758e+06 3 40580.5 95.6216 7.51486 2 1 878.6 29.3262 29.9596 4 3 0.0575937 3.98199e-05 11.309 2 
2.59408 -4.81654e-05 -1 1.00319 0.191456 0.000652601 108.474 2.4076e+06 3 151958 121.059 10.7872 2 1 1089.06 20.9643 51.9483 4 3 0.0608616 3.62333e-05 11.8872 2 
2.59474 -4.81693e-05 -1 1.00332 0.191451 0.000652601 108.504 2.40752e+06 3 39875.2 63.4119 8.5673 2 1 866.085 25.1905 34.3814 4 3 0.0683711 3.4663e-05 12.5411 2 
2.59539 -4.81997e-05 -1 1.00344 0.191451 0.000652601 108.531 2.40754e+06 3 177792 157.922 10.403 2 1 1218.09 30.3906 40.0813 4 3 0.0703643 3.56698e-05 12.5415 2 
2.59604 -4.83019e-05 -1 1.00357 0.191454 0.000652601 108.559 2.40751e+06 4 165985 28.605 8.72784 2 1 889.525 39.1887 22.6985 4 3 0.0721476 3.52287e-05 12.6992 2 
2.59669 -4.83546e-05 -1 1.00369 0.191461 0.000652601 108.586 2.40753e+06 3 40854.4 129.479 6.8079 2 1 3419.28 78.2681 43.6867 4 3 0.0719769 3.55191e-05 12.6545 2 
2.59735 -4.83982e-05 -1 1.00382 0.191454 0.000652601 108.612 2.40755e+06 3 40489.5 101.533 7.36056 2 1 934.006 23.6727 39.455 4 3 0.071849 3.35193e-05 12.8936 2 
2.598 -4.83849e-05 -1 1.00394 0.191465 0.000652601 108.638 2.40757e+06 3 116109 111.905 10.1237 2 1 596.453 25.9565 22.9789 4 3 0.0711533 2.881e-05 13.5171 2 
2.59865 -4.83808e-05 -1 1.00407 0.191463 0.000652601 108.667 2.40755e+06 3 41204.4 100.894 7.41924 2 1 774.029 34.028 22.7469 4 3 0.0701057 2.63691e-05 13.8533 2 
2.5993 -4.83758e-05 -1 1.00419 0.191452 0.000652601 108.697 2.40748e+06 3 71286.1 175.386 7.40747 2 1 911.538 35.3052 25.8188 4 3 0.0685349 2.53151e-05 13.9373 2 
2.59996 -4.83705e-05 -1 1.00432 0.19146 0.000652601 108.723 2.4075e+06 3 41235.3 86.6118 7.80844 2 1 787.382 29.1411 27.0196 4 3 0.0667252 2.58454e-05 13.7184 2 
2.60061 -4.83244e-05 -1 1.00444 0.191469 0.000652601 108.75 2.40752e+06 3 59943.6 104.109 8.31925 2 1 782.397 19.3868 40.3573 4 3 0.0644186 2.5782e-05 13.5695 2 
2.60126 -4.83276e-05 -1 1.00457 0.191467 0.000652601 108.778 2.40749e+06 4 202132 41.1694 8.37076 2 1 722.241 18.9659 38.081 4 3 0.0620593 2.58037e-05 13.398 2 
2.60191 -4.83495e-05 -1 1.00469 0.191482 0.000652601 108.804 2.40751e+06 3 79827 221.393 7.11751 2 1 672.736 15.8209 42.5221 4 3 0.0593992 2.60206e-05 13.167 2 
2.60257 -4.83143e-05 -1 1.00482 0.191473 0.000652601 108.831 2.40753e+06 3 115442 198.381 8.34874 2 1 933.307 46.5894 20.0326 4 3 0.0566883 2.5067e-05 13.1259 2 
2.60322 -4.82419e-05 -1 1.00494 0.191472 0.000652601 108.857 2.40755e+06 3 40973.6 78.1073 8.065 2 1 758.883 51.3983 14.7647 4 3 0.0538979 2.303e-05 13.2768 2 
2.60387 -4.82459e-05 -1 1.00507 0.191478 0.000652601 108.883 2.40757e+06 3 130300 83.7628 11.5868 2 1 739.914 23.2229 31.8614 4 3 0.0513382 1.95049e-05 13.807 2 
2.60452 -4.82813e-05 -1 1.00519 0.191481 0.000652601 108.916 2.40745e+06 4 200150 43.9993 8.21254 2 1 822.824 26.2803 31.3095 4 3 0.0502272 1.76963e-05 14.1586 2 
2.60518 -4.83117e-05 -1 1.00532 0.191486 0.000652601 108.942 2.40746e+06 3 40665 86.9587 7.76192 2 1 2863.22 110.495 25.9125 4 3 0.0491544 1.71215e-05 14.2126 2 
2.60583 -4.82875e-05 -1 1.00544 0.191484 0.000652601 108.969 2.40748e+06 3 40448.7 107.926 7.20985 2 1 870.316 25.9914 33.4848 4 3 0.0479999 1.84667e-05 13.7494 2 
2.60648 -4.83433e-05 -1 1.00557 0.191484 0.000652601 108.995 2.4075e+06 3 42778.7 92.8815 7.72264 2 1 884.253 27.2147 32.4917 4 3 0.0468642 1.88146e-05 13.5555 2 
2.60713 -4.83547e-05 -1 1.00569 0.191486 0.000652601 109.022 2.40751e+06 3 64783.1 72.2387 9.64341 2 1 749.242 27.2269 27.5185 4 3 0.0485453 1.84843e-05 13.7969 2 
2.60779 -4.83542e-05 -1 1.00582 0.191486 0.000652601 109.048 2.40753e+06 3 39039.9 69.9921 8.23164 2 1 780.66 19.2801 40.4905 4 3 0.049801 1.84319e-05 13.928 2 
2.60844 -4.832e-05 -1 1.00594 0.191494 0.000652601 109.077 2.4075e+06 4 144597 53.5688 7.20795 2 1 724.463 21.7353 33.3312 4 3 0.0519699 2.11026e-05 13.5043 2 
2.60909 -4.82489e-05 -1 1.00607 0.191494 0.000652601 109.11 2.40738e+06 4 193517 95.5576 6.70831 2 1 682.251 20.5225 33.244 4 3 0.0541027 2.39326e-05 13.1243 2 
2.60974 -4.81081e-05 -1 1.00619 0.191496 0.000652601 109.136 2.4074e+06 3 39746.3 97.5495 7.41351 2 1 781.191 19.5114 40.0376 4 3 0.0568567 2.20269e-05 13.7175 2 
2.6104 -4.81182e-05 -1 1.00632 0.191505 0.000652601 109.162 2.40741e+06 3 74601.1 88.5098 9.44607 2 1 967.462 46.6426 20.742 4 3 0.0597923 1.89166e-05 14.6758 2 
2.61105 -4.8098e-05 -1 1.00644 0.191493 0.000652601 109.189 2.40744e+06 3 88834.9 83.5489 10.2066 2 1 796.592 32.4583 24.542 4 3 0.0667717 1.68262e-05 15.832 2 
2.6117 -4.80956e-05 -1 1.00657 0.1915 0.000652601 109.215 2.40746e+06 3 40222.5 82.0344 7.88541 2 1 970.196 46.6804 20.7838 4 3 0.0701526 1.80264e-05 15.7294 2 
2.61236 -4.81032e-05 -1 1.00669 0.191518 0.000652601 109.241 2.40747e+06 3 148557 115.445 10.8769 2 1 787.681 24.7863 31.7789 4 3 0.0715152 1.88484e-05 15.597 2 
2.61301 -4.81683e-05 -1 1.00682 0.191509 0.000652601 109.268 2.4075e+06 3 178003 229.172 9.19226 2 1 1231.61 30.5367 40.3322 4 3 0.072675 1.5034e-05 16.9084 2 
2.61366 -4.82793e-05 -1 1.00694 0.191509 0.000652601 109.3 2.40738e+06 4 168573 30.2149 8.64255 2 1 795.675 41.3414 19.2464 4 3 0.0722691 1.3604e-05 17.4487 2 
2.61431 -4.82531e-05 -1 1.00707 0.191516 0.000652601 109.327 2.40739e+06 3 59989.2 108.891 8.19772 2 1 642.245 40.2904 15.9404 4 3 0.0715112 1.32054e-05 17.5607 2 
2.61497 -4.82454e-05 -1 1.00719 0.191521 0.000652601 109.353 2.40741e+06 3 37953.1 83.4291 7.69089 2 1 3504.38 80.6121 43.4722 4 3 0.0703985 1.33774e-05 17.3939 2 
2.61562 -4.82732e-05 -1 1.00732 0.191516 0.000652601 109.379 2.40743e+06 3 39418.7 85.734 7.71821 2 1 1103.29 24.3831 45.2483 4 3 0.069049 1.33769e-05 17.2823 2 
2.61627 -4.82878e-05 -1 1.00744 0.191517 0.000652601 109.406 2.40746e+06 3 116675 150.95 9.1773 2 1 595.753 23.377 25.4846 4 3 0.0672451 1.34121e-05 17.1154 2 
2.61692 -4.83865e-05 -1 1.00757 0.191522 0.000652601 109.432 2.40748e+06 3 39161.3 119.97 6.88537 2 1 858.382 38.1901 22.4765 4 3 0.0652991 1.33354e-05 16.9811 2 
2.61758 -4.84586e-05 -1 1.00769 0.191523 0.000652601 109.458 2.4075e+06 3 40294.1 107.562 7.20877 2 1 957.354 45.4352 21.0707 4 3 0.0627405 1.29647e-05 16.9146 2 
2.61823 -4.84584e-05 -1 1.00782 0.191526 0.000652601 109.491 2.40738e+06 4 70912.8 55.131 5.9887 2 1 827.803 19.4878 42.4779 4 3 0.0603734 1.28152e-05 16.7639 2 
2.61888 -4.84442e-05 -1 1.00794 0.191528 0.000652601 109.519 2.40735e+06 4 197721 36.8997 8.55573 2 1 801.494 15.8182 50.6691 4 3 0.0577429 1.32761e-05 16.3233 2 
2.61953 -4.84397e-05 -1 1.00807 0.191541 0.000652601 109.546 2.40737e+06 3 99032.3 97.1559 10.064 2 1 715.122 26.0132 27.4907 4 3 0.0551441 1.37426e-05 15.8907 2 
2.62019 -4.8411e-05 -1 1.00819 0.191528 0.000652601 109.572 2.40739e+06 3 82151 72.5973 10.4207 2 1 667.446 22.6116 29.5178 4 3 0.0522908 1.52477e-05 15.0802 2 
2.62084 -4.8446e-05 -1 1.00832 0.191536 0.000652601 109.6 2.40736e+06 4 202964 59.5641 7.64027 2 1 979.224 40.4419 24.2131 4 3 0.0495881 1.71674e-05 14.2416 2 
2.62149 -4.83985e-05 -1 1.00844 0.191539 0.000652601 109.627 2.40739e+06 3 37620.3 68.1668 8.20257 2 1 822.204 22.1245 37.1627 4 3 0.0467905 1.79944e-05 13.7512 2 
2.62214 -4.84043e-05 -1 1.00857 0.191539 0.000652601 109.653 2.40741e+06 3 130381 181.735 8.95211 2 1 759.81 23.9768 31.6894 4 3 0.0467988 1.87262e-05 13.5705 2 
2.6228 -4.84371e-05 -1 1.00869 0.191545 0.000652601 109.683 2.40734e+06 4 115552 29.0218 7.94352 2 1 818.782 26.0759 31.4 4 3 0.0465414 1.85067e-05 13.5989 2 
2.62345 -4.84205e-05 -1 1.00882 0.191547 0.000652601 109.714 2.40727e+06 3 38779.4 104.094 7.19545 2 1 2912.4 130.223 22.3647 4 3 0.0465647 1.9379e-05 13.3939 2 
2.6241 -4.84217e-05 -1 1.00894 0.191552 0.000652601 109.74 2.40729e+06 3 40459.4 105.154 7.2733 2 1 850.658 28.894 29.4406 4 3 0.0484886 2.01736e-05 13.3953 2 
2.62475 -4.84811e-05 -1 1.00907 0.191547 0.000652601 109.768 2.40726e+06 4 185922 51.7671 7.74139 2 1 1030.59 26.8104 38.4399 4 3 0.0505418 2.00556e-05 13.6083 2 
2.62541 -4.85091e-05 -1 1.00919 0.191552 0.000652601 109.795 2.40728e+06 3 40366.4 48.41 9.41229 2 1 721.214 34.6103 20.8381 4 3 0.0526973 2.00217e-05 13.8069 2 
2.62606 -4.8519e-05 -1 1.00931 0.191553 0.000652601 109.821 2.40731e+06 3 65011.3 85.5088 9.12696 2 1 951.114 27.5781 34.4879 4 3 0.0555186 2.01776e-05 14.0127 2 
2.62671 -4.84698e-05 -1 1.00944 0.191557 0.000652601 109.849 2.40727e+06 4 192607 50.3091 7.86604 2 1 727.223 28.4636 25.5493 4 3 0.0583239 4.16303e-05 11.1895 2 
2.62737 -4.84834e-05 -1 1.00956 0.191554 0.000652601 109.876 2.40729e+06 3 52826.2 76.8475 8.82551 2 1 759.481 34.8998 21.7618 4 3 0.060955 9.89513e-05 8.50869 2 
2.62802 -4.84573e-05 -1 1.00969 0.191561 0.000652601 109.906 2.40722e+06 3 105183 60.3198 12.0364 2 1 804.742 28.9252 27.8215 4 3 0.067771 9.43573e-05 8.95549 2 
2.62867 -4.84888e-05 -1 1.00981 0.191579 0.000652601 109.933 2.40724e+06 3 77724.6 108.094 8.95885 2 1 752.386 34.4889 21.8153 4 3 0.0706088 8.31096e-05 9.47115 2 
2.62932 -4.86132e-05 -1 1.00994 0.191563 0.000652601 109.959 2.40727e+06 3 49291.7 116.488 7.50754 2 1 839.62 31.8219 26.385 4 3 0.0717317 7.29319e-05 9.94484 2 
2.62998 -4.86957e-05 -1 1.01006 0.191571 0.000652601 109.989 2.4072e+06 3 153321 155.514 9.95279 2 1 908.685 21.6929 41.8885 4 3 0.0725166 6.30366e-05 10.4781 2 
2.63063 -4.87293e-05 -1 1.01019 0.191567 0.000652601 110.015 2.40723e+06 3 180178 148.887 10.6565 2 1 966.609 37.0089 26.1183 4 3 0.0722814 5.76488e-05 10.7831 2 
2.63128 -4.87947e-05 -1 1.01031 0.191577 0.000652601 110.041 2.40725e+06 3 171012 232.552 9.02614 2 1 946.163 22.819 41.4638 4 3 0.0709823 5.65954e-05 10.7842 2 
2.63193 -4.88419e-05 -1 1.01044 0.191575 0.000652601 110.068 2.40726e+06 3 33313.4 37.4942 9.61358 2 1 1313.44 44.1519 29.7482 4 3 0.0697818 5.0191e-05 11.1611 2 
2.63259 -4.88707e-05 -1 1.01056 0.191585 0.000652601 110.097 2.40722e+06 3 35500.3 64.3518 8.20145 2 1 956.23 40.8371 23.4157 4 3 0.0682107 4.44655e-05 11.533 2 
2.63324 -4.8873e-05 -1 1.01069 0.191595 0.000652601 110.123 2.40724e+06 3 94479.9 154.906 8.48054 2 1 3671.53 86.389 42.5 4 3 0.066255 4.22019e-05 11.6224 2 
2.63389 -4.88608e-05 -1 1.01081 0.191582 0.000652601 110.151 2.40722e+06 3 48038.7 110.623 7.57265 2 1 643.317 24.0381 26.7625 4 3 0.0641372 4.2512e-05 11.4692 2 
2.63454 -4.8819e-05 -1 1.01094 0.191588 0.000652601 110.178 2.40724e+06 3 117783 139.595 9.4494 2 1 657.415 46.1566 14.2431 4 3 0.061688 4.18061e-05 11.3847 2 
2.6352 -4.87297e-05 -1 1.01107 0.19159 0.000652601 110.204 2.40726e+06 3 39890.5 125.925 6.81689 2 1 680.869 35.1832 19.3521 4 3 0.0592046 3.82416e-05 11.5684 2 
2.63585 -4.87411e-05 -1 1.01119 0.191594 0.000652601 110.233 2.40723e+06 4 200639 38.8641 8.47651 2 1 918.806 56.0033 16.4063 4 3 0.0566457 3.28371e-05 11.9932 2 
2.6365 -4.87759e-05 -1 1.01132 0.1916 0.000652601 110.259 2.40725e+06 3 37093.6 78.3694 7.79323 2 1 782.225 23.3856 33.4491 4 3 0.0541185 3.13752e-05 11.9928 2 
2.63715 -4.87651e-05 -1 1.01144 0.191595 0.000652601 110.285 2.40727e+06 3 70989.4 138.96 7.99408 2 1 799.373 17.8859 44.693 4 3 0.0513477 3.162e-05 11.754 2 
2.63781 -4.88977e-05 -1 1.01157 0.191594 0.000652601 110.315 2.4072e+06 3 59793.3 106.899 8.23936 2 1 723.922 35.5946 20.338 4 3 0.048689 3.14731e-05 11.5655 2 
2.63846 -4.8893e-05 -1 1.01169 0.191605 0.000652601 110.344 2.40717e+06 4 197062 37.4303 8.51814 2 1 689.252 39.9525 17.2518 4 3 0.0466051 3.12635e-05 11.4235 2 
2.63911 -4.89197e-05 -1 1.01182 0.191615 0.000652601 110.37 2.4072e+06 3 81353.2 97.9398 9.40023 2 1 890.982 21.5578 41.33 4 3 0.0483213 3.10284e-05 11.5911 2 
2.63976 -4.89662e-05 -1 1.01194 0.191601 0.000652601 110.397 2.40722e+06 3 45181.6 92.2642 7.88211 2 1 867.533 27.7147 31.3023 4 3 0.0486581 2.72424e-05 12.1331 2 
2.64042 -4.89674e-05 -1 1.01207 0.191605 0.000652601 110.423 2.40724e+06 3 131246 111.531 10.5575 2 1 766.394 24.2839 31.5598 4 3 0.0493449 2.34024e-05 12.8231 2 
2.64107 -4.89777e-05 -1 1.01219 0.191612 0.000652601 110.452 2.40721e+06 4 183457 48.4669 7.84372 2 1 780.219 24.802 31.4579 4 3 0.0494273 2.2203e-05 13.0572 2 
2.64172 -4.8997e-05 -1 1.01232 0.191611 0.000652601 110.478 2.40723e+06 3 53722.1 158.819 6.9676 2 1 2966.49 121.206 24.4747 4 3 0.0511911 2.22534e-05 13.2008 2 
2.64237 -4.89996e-05 -1 1.01244 0.191619 0.000652601 110.509 2.40713e+06 3 31600.8 74.292 7.52059 2 1 847.828 19.5135 43.4483 4 3 0.0538672 2.27402e-05 13.3304 2 
2.64303 -4.89962e-05 -1 1.01257 0.191621 0.000652601 110.536 2.40715e+06 3 39546.1 91.9502 7.54832 2 1 1189.07 31.5392 37.7013 4 3 0.0564848 2.27933e-05 13.5324 2 
2.64368 -4.90243e-05 -1 1.01269 0.19162 0.000652601 110.562 2.40717e+06 3 116918 200.818 8.35011 2 1 1085.2 25.2943 42.903 4 3 0.0592298 2.26864e-05 13.7697 2 
2.64433 -4.9007e-05 -1 1.01282 0.191631 0.000652601 110.591 2.40714e+06 4 192874 40.18 8.32369 2 1 784.319 18.9906 41.3004 4 3 0.0668066 2.27793e-05 14.3139 2 
2.64499 -4.89522e-05 -1 1.01294 0.191622 0.000652601 110.617 2.40716e+06 3 143010 129.282 10.3421 2 1 707.873 21.0955 33.5556 4 3 0.068506 2.23211e-05 14.5324 2 
2.64564 -4.87864e-05 -1 1.01307 0.19163 0.000652601 110.643 2.40718e+06 3 38688.9 47.6499 9.32914 2 1 779.817 35.2764 22.1059 4 3 0.0707908 2.48046e-05 14.1845 2 
2.64629 -4.87694e-05 -1 1.01319 0.191632 0.000652601 110.672 2.40716e+06 3 107427 109.95 9.92291 2 1 939.104 46.0371 20.3988 4 3 0.0714779 2.28306e-05 14.6291 2 
2.64694 -4.87917e-05 -1 1.01332 0.191642 0.000652601 110.702 2.40709e+06 3 51531.3 191.961 6.45089 2 1 721.479 29.1406 24.7586 4 3 0.0718821 1.96912e-05 15.3975 2 
2.6476 -4.87834e-05 -1 1.01344 0.19164 0.000652601 110.728 2.40711e+06 3 77530.8 111.003 8.8725 2 1 747.029 35.7595 20.8904 4 3 0.0714623 1.65439e-05 16.2859 2 
2.64825 -4.87818e-05 -1 1.01357 0.191636 0.000652601 110.755 2.40712e+06 3 183077 185.181 9.96197 2 1 926.764 51.3573 18.0454 4 3 0.0701428 1.67043e-05 16.1331 2 
2.6489 -4.89167e-05 -1 1.01369 0.191647 0.000652601 110.779 2.40719e+06 2 12097 46.3186 16.1608 2 1 1258.82 48.2489 26.0901 4 3 0.068616 1.64308e-05 16.1036 2 
2.64955 -4.90038e-05 -1 1.01382 0.191648 0.000652601 110.805 2.40721e+06 3 169231 188.077 9.65417 2 1 899.702 54.3048 16.5676 4 3 0.0668553 1.6113e-05 16.0689 2 
2.65021 -4.88511e-05 -1 1.01394 0.191664 0.000652601 110.829 2.40728e+06 2 31818.3 165.34 13.8723 2 1 1066.6 82.0542 12.9987 4 3 0.0648662 1.6149e-05 15.8961 2 
2.65086 -4.87577e-05 -1 1.01407 0.191654 0.000652601 110.855 2.4073e+06 3 39608.5 39.5732 10.003 2 1 1266.22 71.1419 17.7985 4 3 0.0630058 1.62725e-05 15.7027 2 
2.65151 -4.87218e-05 -1 1.01419 0.191655 0.000652601 110.882 2.40732e+06 3 39052.8 39.1265 9.99371 2 1 3611.88 83.4529 43.2805 4 3 0.0604472 1.61162e-05 15.5371 2 
2.65216 -4.87176e-05 -1 1.01432 0.191651 0.000652601 110.912 2.40725e+06 3 61710.1 97.9597 8.57241 2 1 613.752 23.3833 26.2474 4 3 0.058097 1.36113e-05 16.2213 2 
2.65282 -4.87739e-05 -1 1.01444 0.191663 0.000652601 110.941 2.40722e+06 4 95202.9 33.6584 7.29271 2 1 641.288 32.1921 19.9207 4 3 0.0555405 1.29878e-05 16.2315 2 
2.65347 -4.87694e-05 -1 1.01457 0.191663 0.000652601 110.969 2.40719e+06 4 198367 42.7996 8.25101 2 1 597.399 20.1859 29.5949 4 3 0.0531198 1.33811e-05 15.8339 2 
2.65412 -4.87897e-05 -1 1.01469 0.191669 0.000652601 110.996 2.40722e+06 3 36833.7 48.9823 9.09359 2 1 833.37 16.9993 49.0239 4 3 0.0505214 1.3984e-05 15.3443 2 
2.65477 -4.88246e-05 -1 1.01482 0.191669 0.000652601 111.022 2.40723e+06 3 39962.8 102.249 7.31137 2 1 886.356 19.3084 45.9053 4 3 0.047943 1.5023e-05 14.7228 2 
2.65543 -4.8869e-05 -1 1.01494 0.191678 0.000652601 111.051 2.4072e+06 4 196573 60.0516 7.56397 2 1 801.411 17.4759 45.858 4 3 0.0472184 1.63038e-05 14.2541 2 
2.65608 -4.8877e-05 -1 1.01507 0.191685 0.000652601 111.077 2.40723e+06 3 71416.9 111.51 8.61976 2 1 719.962 20.7623 34.6764 4 3 0.0471339 1.75111e-05 13.9104 2 
2.65673 -4.8959e-05 -1 1.01519 0.191684 0.000652601 111.107 2.40716e+06 3 60523.3 135.611 7.64204 2 1 771.042 24.6337 31.3003 4 3 0.0470731 1.85412e-05 13.642 2 
2.65738 -4.89579e-05 -1 1.01532 0.191696 0.000652601 111.133 2.40718e+06 3 181605 169.429 10.234 2 1 710.548 35.5648 19.979 4 3 0.0472073 1.9523e-05 13.4221 2 
2.65804 -4.89043e-05 -1 1.01544 0.19168 0.000652601 111.16 2.4072e+06 3 81135.5 99.1521 9.3534 2 1 869.562 32.0781 27.1077 4 3 0.0489912 2.09291e-05 13.2777 2 
2.65869 -4.89489e-05 -1 1.01557 0.191692 0.000652601 111.191 2.40712e+06 4 132999 59.3272 6.88095 2 1 1043.48 59.8873 17.4241 4 3 0.052236 2.18827e-05 13.3646 2 
2.65934 -4.89683e-05 -1 1.01569 0.191691 0.000652601 111.217 2.40714e+06 3 56409.5 184.711 6.73421 2 1 765.811 28.0852 27.2674 4 3 0.0544724 2.31992e-05 13.2913 2 
2.66 -4.90021e-05 -1 1.01582 0.191704 0.000652601 111.243 2.40716e+06 3 79856.8 229.164 7.03701 2 1 854.928 55.5465 15.3912 4 3 0.0570063 2.36293e-05 13.4119 2 
2.66065 -4.90049e-05 -1 1.01594 0.191696 0.000652601 111.27 2.40718e+06 3 54634.6 174.004 6.79677 2 1 3232.93 138.198 23.3934 4 3 0.0596525 2.42379e-05 13.5014 2 
2.6613 -4.90282e-05 -1 1.01607 0.191702 0.000652601 111.3 2.40711e+06 3 40210.6 99.8022 7.38584 2 1 750.434 25.263 29.7049 4 3 0.0669699 2.82143e-05 13.3394 2 
2.66195 -4.90543e-05 -1 1.01619 0.191708 0.000652601 111.329 2.40708e+06 4 194351 43.8429 8.15965 2 1 1201.81 21.8936 54.8932 4 3 0.0686942 2.85782e-05 13.3956 2 
2.66261 -4.90558e-05 -1 1.01632 0.191713 0.000652601 111.355 2.4071e+06 3 39689.8 101.866 7.30381 2 1 791.753 24.7393 32.0039 4 3 0.0705827 2.85194e-05 13.5265 2 
2.66326 -4.90909e-05 -1 1.01644 0.191712 0.000652601 111.381 2.40712e+06 3 143763 179.785 9.28178 2 1 772.887 48.6099 15.8998 4 3 0.071152 2.77467e-05 13.6875 2 
2.66391 -4.91244e-05 -1 1.01657 0.19171 0.000652601 111.409 2.40711e+06 3 66484.1 60.7893 10.303 2 1 789.955 34.9097 22.6285 4 3 0.071511 2.79277e-05 13.6808 2 
2.66456 -4.91387e-05 -1 1.01669 0.191715 0.000652601 111.437 2.40709e+06 4 118053 36.4887 7.54188 2 1 835.251 31.147 26.8164 4 3 0.0709935 2.76918e-05 13.6864 2 
2.66522 -4.91003e-05 -1 1.01682 0.191724 0.000652601 111.464 2.4071e+06 3 105561 71.1336 11.4062 2 1 720.537 25.3758 28.3947 4 3 0.0703263 2.73915e-05 13.6931 2 
2.66587 -4.91637e-05 -1 1.01694 0.191717 0.000652601 111.49 2.40713e+06 3 53066.6 113.117 7.77019 2 1 690.628 30.6152 22.5583 4 3 0.0681839 2.48401e-05 14.0016 2 
2.66652 -4.91734e-05 -1 1.01707 0.191725 0.000652601 111.516 2.40714e+06 3 178693 211.092 9.45973 2 1 1208.18 36.9339 32.7119 4 3 0.0664216 2.36924e-05 14.1005 2 
2.66717 -4.91834e-05 -1 1.01719 0.191723 0.000652601 111.542 2.40716e+06 3 90025.5 92.7634 9.90063 2 1 1061.34 36.2095 29.3111 4 3 0.0643489 2.2635e-05 14.1662 2 
2.66783 -4.92157e-05 -1 1.01732 0.191733 0.000652601 111.571 2.40713e+06 4 168254 30.613 8.61023 2 1 1038 26.4685 39.2163 4 3 0.0623631 2.15118e-05 14.2588 2 
2.66848 -4.92397e-05 -1 1.01744 0.19173 0.000652601 111.597 2.40715e+06 3 39316.9 98.1931 7.37054 2 1 751.93 30.8447 24.3779 4 3 0.0599935 2.7747e-05 12.9309 2 
2.66913 -4.92364e-05 -1 1.01757 0.191736 0.000652601 111.624 2.40718e+06 3 34056 96.6393 7.06339 2 1 839.211 21.8953 38.3284 4 3 0.0576692 8.97463e-05 8.6293 2 
2.66978 -4.92408e-05 -1 1.01769 0.191737 0.000652601 111.652 2.40714e+06 3 36144 78.7799 7.71271 2 1 3619.38 83.0173 43.5979 4 4 0.0552085 2.2418e-05 7.04454 2 
2.67044 -4.92871e-05 -1 1.01782 0.191752 0.000652601 111.683 2.40706e+06 3 40044.8 157.723 6.33215 2 1 640.903 22.5667 28.4004 4 4 0.0531884 2.10092e-05 7.09336 2 
2.67109 -4.93274e-05 -1 1.01794 0.191741 0.000652601 111.712 2.40704e+06 4 197092 39.6677 8.39572 2 1 657.732 25.3592 25.9366 4 3 0.0505702 9.17587e-05 8.19878 2 
2.67174 -4.935e-05 -1 1.01807 0.19175 0.000652601 111.738 2.40706e+06 3 117352 99.3822 10.5696 2 1 642.739 36.8677 17.4336 4 3 0.0486521 7.77881e-05 8.55191 2 
2.67239 -4.93166e-05 -1 1.01819 0.191749 0.000652601 111.767 2.40703e+06 4 196928 46.8913 8.05015 2 1 682.326 25.8242 26.422 4 3 0.047349 6.89539e-05 8.82235 2 
2.67305 -4.93154e-05 -1 1.01832 0.191764 0.000652601 111.793 2.40705e+06 3 40167 77.6903 8.02603 2 1 858.965 30.8733 27.8222 4 3 0.0469322 6.53882e-05 8.95345 2 
2.6737 -4.9353e-05 -1 1.01844 0.191766 0.000652601 111.819 2.40707e+06 3 180354 226.447 9.26943 2 1 774.244 31.0505 24.935 4 3 0.0472876 6.15897e-05 9.15685 2 
2.67435 -4.94225e-05 -1 1.01857 0.191764 0.000652601 111.846 2.40709e+06 3 45604.7 95.0508 7.82861 2 1 1232.17 28.634 43.0317 4 3 0.0476172 5.31712e-05 9.63894 2 
2.675 -4.94108e-05 -1 1.01869 0.191751 0.000652601 111.872 2.40711e+06 3 72302.6 112.345 8.63375 2 1 692.187 37.2643 18.5751 4 3 0.0496609 4.96315e-05 10.002 2 
2.67566 -4.94776e-05 -1 1.01882 0.191763 0.000652601 111.902 2.40704e+06 3 99507 119.925 9.39683 2 1 645.579 30.3302 21.285 4 3 0.0521198 4.78377e-05 10.2899 2 
2.67631 -4.94864e-05 -1 1.01894 0.191769 0.000652601 111.928 2.40707e+06 3 39824 120.373 6.91626 2 1 910.312 28.4153 32.036 4 3 0.054435 4.78992e-05 10.4356 2 
2.67696 -4.94971e-05 -1 1.01907 0.191769 0.000652601 111.954 2.40709e+06 3 81239.6 120.523 8.76799 2 1 884.609 34.3966 25.7179 4 3 0.0569509 4.62285e-05 10.7201 2 
2.67762 -4.94224e-05 -1 1.0192 0.191777 0.000652601 111.981 2.40711e+06 3 129527 85.1666 11.5 2 1 914.321 24.5253 37.2808 4 3 0.0595544 3.93615e-05 11.4801 2 
2.67827 -4.94782e-05 -1 1.01932 0.191773 0.000652601 112.007 2.40713e+06 3 46487.7 63.8845 8.99458 2 1 868.739 44.2728 19.6224 4 3 0.0666362 3.64704e-05 12.2252 2 
2.67892 -4.94796e-05 -1 1.01945 0.191796 0.000652601 112.033 2.40714e+06 3 55480.9 72.5037 9.14663 2 1 3097.75 104.893 29.5325 4 3 0.0682171 3.47971e-05 12.5156 2 
2.67957 -4.95518e-05 -1 1.01957 0.191795 0.000652601 112.06 2.40717e+06 3 81729.1 157.455 8.03663 2 1 786.359 31.4734 24.9848 4 3 0.0700182 3.59775e-05 12.4851 2 
2.68023 -4.96035e-05 -1 1.0197 0.191785 0.000652601 112.091 2.40708e+06 4 189452 75.1976 7.08474 2 1 726.138 24.4947 29.6447 4 3 0.0705833 3.56103e-05 12.5615 2 
2.68088 -4.946e-05 -1 1.01982 0.19179 0.000652601 112.117 2.4071e+06 3 40507.3 77.5101 8.05487 2 1 1254.3 30.119 41.6449 4 3 0.0708459 3.55537e-05 12.5837 2 
2.68153 -4.9463e-05 -1 1.01995 0.191783 0.000652601 112.143 2.40713e+06 3 40167.7 123.916 6.86937 2 1 1025.83 39.6195 25.8922 4 3 0.070471 3.30333e-05 12.8732 2 
2.68218 -4.9464e-05 -1 1.02007 0.191798 0.000652601 112.172 2.4071e+06 4 138851 50.7977 7.23063 2 1 723.076 21.1157 34.2434 4 3 0.0695697 2.85467e-05 13.4572 2 
2.68284 -4.93823e-05 -1 1.0202 0.191797 0.000652601 112.198 2.40712e+06 3 40912.5 96.7432 7.50606 2 1 716.038 25.1722 28.4456 4 3 0.0681637 2.68746e-05 13.6376 2 
2.68349 -4.9356e-05 -1 1.02032 0.191794 0.000652601 112.224 2.40715e+06 3 109212 99.0105 10.3323 2 1 792.176 52.6609 15.043 4 3 0.0661786 2.51145e-05 13.8122 2 
2.68414 -4.93791e-05 -1 1.02045 0.191802 0.000652601 112.25 2.40717e+06 3 43310 68.9819 8.56284 2 1 686.013 24.7726 27.6925 4 3 0.0640246 2.66364e-05 13.3954 2 
2.68479 -4.93915e-05 -1 1.02057 0.191817 0.000652601 112.276 2.4072e+06 3 176400 187.018 9.80704 2 1 1120.71 36.4418 30.7536 4 3 0.062023 2.5844e-05 13.3885 2 
2.68545 -4.94731e-05 -1 1.0207 0.191822 0.000652601 112.302 2.40723e+06 3 119122 197.101 8.45474 2 1 1129.94 38.2257 29.5598 4 3 0.0598245 2.6453e-05 13.1261 2 
2.6861 -4.95392e-05 -1 1.02082 0.191813 0.000652601 112.328 2.40725e+06 3 167799 181.862 9.7353 2 1 879.015 43.6586 20.1339 4 3 0.0584883 2.62188e-05 13.0663 2 
2.68675 -4.95577e-05 -1 1.02095 0.191817 0.000652601 112.354 2.40728e+06 3 40124.4 82.0311 7.8791 2 1 969.275 31.4079 30.8609 4 3 0.0566962 2.51281e-05 13.1159 2 
2.6874 -4.95372e-05 -1 1.02107 0.191822 0.000652601 112.38 2.4073e+06 3 40812.7 111.218 7.15936 2 1 1063.03 51.476 20.6511 4 3 0.0554061 2.23764e-05 13.5287 2 
2.68806 -4.95199e-05 -1 1.0212 0.191824 0.000652601 112.409 2.40727e+06 3 40208.8 116.661 7.0113 2 1 3520.55 82.35 42.7511 4 3 0.053057 1.896e-05 14.0919 2 
2.68871 -4.95283e-05 -1 1.02132 0.191827 0.000652601 112.437 2.40725e+06 4 196823 36.4767 8.57067 2 1 624.694 21.2641 29.3778 4 3 0.0505903 1.77945e-05 14.1664 2 
2.68936 -4.95527e-05 -1 1.02145 0.191836 0.000652601 112.463 2.40728e+06 3 40566.2 101.59 7.36383 2 1 592.214 21.9923 26.9282 4 3 0.0482389 1.68966e-05 14.1862 2 
2.69001 -4.95214e-05 -1 1.02157 0.191839 0.000652601 112.491 2.40725e+06 4 193613 51.9211 7.81444 2 1 655.069 35.0005 18.716 4 3 0.0470765 1.88439e-05 13.5689 2 
2.69067 -4.94988e-05 -1 1.0217 0.191835 0.000652601 112.517 2.40727e+06 3 115862 139.411 9.40188 2 1 663.542 28.0174 23.6832 4 3 0.0470885 1.95015e-05 13.4158 2 
2.69132 -4.95166e-05 -1 1.02182 0.191841 0.000652601 112.544 2.4073e+06 3 39588.3 83.4219 7.80002 2 1 807.54 33.0313 24.4477 4 3 0.0476625 1.86366e-05 13.6753 2 
2.69197 -4.95181e-05 -1 1.02195 0.191847 0.000652601 112.572 2.40727e+06 4 96198 29.9205 7.53008 2 1 953.909 33.6681 28.3327 4 3 0.0495956 1.87791e-05 13.8226 2 
2.69263 -4.95127e-05 -1 1.02207 0.191852 0.000652601 112.596 2.40735e+06 2 5855.49 40.3738 12.0429 2 1 778.434 20.0616 38.8021 4 3 0.0518683 1.90098e-05 13.9736 2 
2.69328 -4.94933e-05 -1 1.0222 0.191862 0.000652601 112.622 2.40737e+06 3 46319.5 124.116 7.19966 2 1 765.702 16.6249 46.0575 4 3 0.0541531 1.96707e-05 14.0153 2 
2.69393 -4.94929e-05 -1 1.02232 0.191872 0.000652601 112.648 2.4074e+06 3 69352 131.6 8.07732 2 1 712.389 18.1166 39.3224 4 3 0.0565863 2.0333e-05 14.066 2 
2.69458 -4.96254e-05 -1 1.02245 0.191855 0.000652601 112.676 2.40738e+06 3 99412.8 166.374 8.42272 2 1 688.639 37.1503 18.5365 4 3 0.0590622 2.09501e-05 14.1267 2 
2.69524 -4.95749e-05 -1 1.02257 0.191857 0.000652601 112.704 2.40736e+06 3 39286.3 78.2959 7.94635 2 1 716.928 45.859 15.6333 4 3 0.0659828 2.16114e-05 14.5072 2 
2.69589 -4.95958e-05 -1 1.0227 0.191858 0.000652601 112.73 2.40739e+06 3 132791 144.082 9.73166 2 1 870.498 46.6245 18.6704 4 3 0.0676602 2.14464e-05 14.6665 2 
2.69654 -4.96336e-05 -1 1.02282 0.191865 0.000652601 112.756 2.40741e+06 3 39122.9 64.2242 8.47704 2 1 1013.38 34.7822 29.1351 4 3 0.0693532 2.15787e-05 14.7575 2 
2.69719 -4.96573e-05 -1 1.02295 0.19187 0.000652601 112.782 2.40743e+06 3 39710.5 62.9734 8.5753 2 1 3233.67 128.578 25.1494 4 3 0.0699661 2.073e-05 15.0002 2 
2.69785 -4.96375e-05 -1 1.02308 0.191878 0.000652601 112.811 2.40741e+06 4 193357 33.6782 8.70468 2 1 785.04 25.4419 30.8561 4 3 0.070347 2.00033e-05 15.2072 2 
2.6985 -4.96645e-05 -1 1.0232 0.191888 0.000652601 112.837 2.40743e+06 3 81184.1 102.672 9.24713 2 1 705.315 25.3758 27.7948 4 3 0.0698465 1.89828e-05 15.4381 2 
2.69915 -4.96368e-05 -1 1.02333 0.191878 0.000652601 112.863 2.40746e+06 3 33355.8 93.1516 7.10112 2 1 737.693 21.3022 34.6299 4 3 0.0690812 1.92027e-05 15.3226 2 
2.6998 -4.96268e-05 -1 1.02345 0.191881 0.000652601 112.893 2.4074e+06 3 39641.6 83.2344 7.80938 2 1 1300.18 27.1176 47.9461 4 3 0.0679098 1.88096e-05 15.3409 2 
2.70046 -4.95942e-05 -1 1.02358 0.191885 0.000652601 112.919 2.40743e+06 3 141411 173.281 9.34497 2 1 681.33 22.7942 29.8905 4 3 0.0664808 1.79803e-05 15.4632 2 
2.70111 -4.96142e-05 -1 1.0237 0.191899 0.000652601 112.944 2.40746e+06 3 31756.6 140.778 6.08742 2 1 812.108 41.091 19.7636 4 3 0.064191 1.62626e-05 15.8038 2 
2.70176 -4.96712e-05 -1 1.02383 0.191898 0.000652601 112.97 2.40749e+06 3 39994.9 100.281 7.36088 2 1 756.778 51.8719 14.5894 4 3 0.0621213 1.5372e-05 15.9283 2 
2.70241 -4.97153e-05 -1 1.02395 0.191904 0.000652601 112.996 2.40751e+06 3 108658 101.209 10.2395 2 1 1222.43 37.3272 32.749 4 3 0.059903 1.16994e-05 17.2357 2 
2.70307 -4.97568e-05 -1 1.02408 0.191899 0.000652601 113.024 2.40749e+06 4 174956 63.4867 7.24539 2 1 700.207 26.1016 26.8262 4 3 0.0592153 1.22036e-05 16.9297 2 
2.70372 -4.97802e-05 -1 1.0242 0.191906 0.000652601 113.05 2.40752e+06 3 43407.2 40.4824 10.2353 2 1 1079.51 21.0572 51.2656 4 3 0.0583793 1.25309e-05 16.7016 2 
2.70437 -4.97998e-05 -1 1.02433 0.191908 0.000652601 113.079 2.4075e+06 4 168477 26.4483 8.93379 2 1 810.282 28.2272 28.7057 4 3 0.0572849 1.29827e-05 16.4018 2 
2.70502 -4.98162e-05 -1 1.02445 0.191908 0.000652601 113.109 2.40744e+06 3 90769.3 127.578 8.92731 2 1 731.357 19.5368 37.4349 4 3 0.0555378 1.32635e-05 16.118 2 
2.70568 -4.98913e-05 -1 1.02458 0.191906 0.000652601 113.132 2.40751e+06 2 37650.1 177.167 14.5778 2 1 784.437 31.2845 25.0743 4 3 0.0535287 1.32837e-05 15.9131 2 
2.70633 -4.98966e-05 -1 1.0247 0.19192 0.000652601 113.161 2.40749e+06 4 197780 39.5157 8.41111 2 1 3129.78 73.3595 42.6637 4 3 0.0508768 1.33587e-05 15.6166 2 
2.70698 -4.99498e-05 -1 1.02483 0.191915 0.000652601 113.187 2.40752e+06 3 195808 202.283 9.89213 2 1 658.209 33.7825 19.4838 4 3 0.0484435 1.34314e-05 15.3357 2 
2.70763 -4.99687e-05 -1 1.02495 0.191919 0.000652601 113.213 2.40755e+06 3 39954.8 108.673 7.1639 2 1 808.787 24.2936 33.2922 4 3 0.0464441 1.40315e-05 14.9031 2 
2.70829 -4.99726e-05 -1 1.02508 0.191928 0.000652601 113.238 2.40757e+06 3 40349.4 107.211 7.21992 2 1 875.346 30.2743 28.9138 4 3 0.0476516 1.47921e-05 14.769 2 
2.70894 -4.99436e-05 -1 1.0252 0.191924 0.000652601 113.265 2.40759e+06 3 120184 132.834 9.67193 2 1 622.929 24.9878 24.9293 4 3 0.049032 1.53113e-05 14.7397 2 
2.70959 -4.98865e-05 -1 1.02533 0.191935 0.000652601 113.295 2.40753e+06 3 39905.3 40.8117 9.92541 2 1 825.239 41.3388 19.9628 4 3 0.0511444 1.57035e-05 14.8229 2 
2.71025 -4.98735e-05 -1 1.02545 0.191943 0.000652601 113.321 2.40756e+06 3 60757.6 86.1909 8.89979 2 1 871.531 48.0055 18.1548 4 3 0.0533501 1.38023e-05 15.6938 2 
2.7109 -4.98345e-05 -1 1.02558 0.191941 0.000652601 113.347 2.40758e+06 3 33442.5 65.2171 8.00409 2 1 760.784 28.9566 26.2733 4 3 0.0556335 4.4177e-05 10.7989 2 
2.71155 -4.98344e-05 -1 1.02571 0.191943 0.000652601 113.375 2.40756e+06 3 96450.2 67.657 11.2546 2 1 769.606 36.9742 20.8147 4 4 0.0580269 1.84715e-05 7.48655 2 
2.7122 -4.99009e-05 -1 1.02583 0.191944 0.000652601 113.401 2.40759e+06 3 46937.5 139.095 6.96204 2 1 747.18 31.1389 23.9951 4 3 0.0647344 9.43173e-05 8.82094 2 
2.71286 -4.99649e-05 -1 1.02596 0.191966 0.000652601 113.427 2.40762e+06 3 40219.1 83.4268 7.84108 2 1 678.623 29.959 22.6518 4 3 0.0665506 8.23918e-05 9.31299 2 
2.71351 -5.00005e-05 -1 1.02608 0.191955 0.000652601 113.453 2.40765e+06 3 99986.3 188.128 8.1002 2 1 683.718 28.9911 23.5838 4 3 0.0684782 7.2742e-05 9.80067 2 
2.71416 -4.9995e-05 -1 1.02621 0.191954 0.000652601 113.478 2.40768e+06 3 39468.2 115.457 6.99212 2 1 1316.08 39.0441 33.7075 4 3 0.0691853 6.25161e-05 10.3437 2 
2.71481 -4.99832e-05 -1 1.02633 0.191962 0.000652601 113.508 2.40763e+06 3 131250 139.679 9.79466 2 1 845.499 32.751 25.816 4 3 0.0695905 5.79672e-05 10.6281 2 
2.71547 -5.0001e-05 -1 1.02646 0.191965 0.000652601 113.534 2.40765e+06 3 31103.1 82.8958 7.21257 2 1 2663.05 92.325 28.8443 4 3 0.0691962 5.64895e-05 10.6997 2 
2.71612 -5.00075e-05 -1 1.02658 0.191967 0.000652601 113.562 2.40763e+06 4 191036 43.8627 8.12372 2 1 808.156 17.5852 45.9567 4 3 0.068751 4.96096e-05 11.149 2 
2.71677 -4.9941e-05 -1 1.02671 0.191955 0.000652601 113.586 2.40771e+06 2 36529.1 199.092 13.5454 2 1 783.175 21.9708 35.6462 4 3 0.0676331 4.46293e-05 11.4863 2 
2.71742 -4.99499e-05 -1 1.02683 0.19197 0.000652601 113.611 2.40774e+06 3 56778.7 159.229 7.09123 2 1 840.791 29.9656 28.0586 4 3 0.0664445 4.24645e-05 11.6094 2 
2.71808 -4.99752e-05 -1 1.02696 0.191964 0.000652601 113.637 2.40777e+06 3 82762.4 118.255 8.87846 2 1 1414.79 41.5948 34.0137 4 3 0.064723 4.31893e-05 11.4436 2 
2.71873 -4.99744e-05 -1 1.02708 0.191981 0.000652601 113.663 2.4078e+06 3 38787.5 59.3412 8.67851 2 1 1612.49 38.8643 41.4903 4 3 0.0626639 4.19161e-05 11.4344 2 
2.71938 -5.00168e-05 -1 1.02721 0.191984 0.000652601 113.695 2.4077e+06 3 138829 113.463 10.6957 2 1 630.964 22.0791 28.5774 4 3 0.0603345 3.72578e-05 11.7431 2 
2.72003 -4.99757e-05 -1 1.02733 0.191996 0.000652601 113.721 2.40773e+06 3 38064.7 103.96 7.15405 2 1 734.008 24.709 29.7061 4 3 0.0595914 3.30411e-05 12.1724 2 
2.72069 -5.00217e-05 -1 1.02746 0.191997 0.000652601 113.747 2.40776e+06 3 39288.5 99.8039 7.32891 2 1 1207.42 37.9386 31.8257 4 3 0.0591458 3.15133e-05 12.3351 2 
2.72134 -5.00183e-05 -1 1.02758 0.191994 0.000652601 113.775 2.40775e+06 4 175000 25.042 9.14308 2 1 739.668 31.8923 23.1927 4 3 0.058603 3.22557e-05 12.2022 2 
2.72199 -5.00273e-05 -1 1.02771 0.191993 0.000652601 113.8 2.40778e+06 3 151114 145.252 10.1328 2 1 914.971 24.5961 37.1999 4 3 0.0575348 3.1631e-05 12.2069 2 
2.72264 -5.00763e-05 -1 1.02783 0.191984 0.000652601 113.826 2.40781e+06 3 169975 190.718 9.62347 2 1 846.609 23.4832 36.0517 4 3 0.0562833 3.1807e-05 12.0954 2 
2.7233 -4.99063e-05 -1 1.02796 0.192008 0.000652601 113.854 2.40779e+06 4 176902 19.7927 9.72316 2 1 1108.47 96.4009 11.4985 4 3 0.0537686 3.00995e-05 12.1336 2 
2.72395 -4.99176e-05 -1 1.02809 0.192014 0.000652601 113.88 2.40782e+06 3 91886.4 108.982 9.4471 2 1 1595.11 83.8359 19.0266 4 3 0.0519613 2.68305e-05 12.4647 2 
2.7246 -4.99682e-05 -1 1.02821 0.192011 0.000652601 113.912 2.40772e+06 4 194582 42.9353 8.20488 2 1 1004.23 32.6917 30.7183 4 3 0.0490016 2.36458e-05 12.7493 2 
2.72526 -4.99617e-05 -1 1.02834 0.192014 0.000652601 113.936 2.4078e+06 2 14321.3 84.5993 13.0109 2 1 2596.08 64.7232 40.1104 4 3 0.047166 2.23642e-05 12.8241 2 
2.72591 -4.99618e-05 -1 1.02846 0.192018 0.000652601 113.961 2.40783e+06 3 40027.5 81.2771 7.89702 2 1 673.227 18.9016 35.6176 4 3 0.0481436 2.30748e-05 12.7781 2 
2.72656 -4.99601e-05 -1 1.02859 0.192025 0.000652601 113.987 2.40786e+06 3 37287.7 93.3418 7.36484 2 1 642.861 24.5739 26.1603 4 3 0.0501696 2.29631e-05 12.9759 2 
2.72721 -4.99545e-05 -1 1.02871 0.192014 0.000652601 114.013 2.40788e+06 3 120588 213.714 8.26336 2 1 622.306 20.9681 29.6787 4 3 0.0522397 2.3234e-05 13.1006 2 
2.72787 -4.98913e-05 -1 1.02884 0.192035 0.000652601 114.039 2.40792e+06 3 120091 125.093 9.86491 2 1 620.814 21.6168 28.719 4 3 0.0545413 2.31754e-05 13.3015 2 
2.72852 -4.99399e-05 -1 1.02896 0.192032 0.000652601 114.065 2.40795e+06 3 39787.4 115.201 7.01611 2 1 714.799 25.2061 28.3582 4 3 0.0564826 2.26593e-05 13.5588 2 
2.72917 -4.99405e-05 -1 1.02909 0.192032 0.000652601 114.094 2.40789e+06 3 63106.5 107.852 8.36401 2 1 858.981 30.6782 27.9997 4 3 0.0587077 2.08784e-05 14.1145 2 
2.72982 -4.99802e-05 -1 1.02921 0.192032 0.000652601 114.118 2.40797e+06 2 24946 184.323 11.6335 2 1 788.778 29.2197 26.9948 4 3 0.0647659 1.7243e-05 15.5445 2 
2.73048 -4.9996e-05 -1 1.02934 0.192043 0.000652601 114.144 2.408e+06 3 33084 89.3873 7.17983 2 1 781.521 22.235 35.1483 4 3 0.0672953 1.59451e-05 16.1604 2 
2.73113 -4.99902e-05 -1 1.02946 0.192047 0.000652601 114.17 2.40803e+06 3 96633.7 129.755 9.06432 2 1 1275.33 29.6334 43.0369 4 3 0.0682443 1.47095e-05 16.6785 2 
2.73178 -4.99779e-05 -1 1.02959 0.192055 0.000652601 114.195 2.40806e+06 3 40630.2 105.803 7.2686 2 1 624.239 27.7935 22.4599 4 3 0.0690221 1.62214e-05 16.2044 2 
2.73243 -4.99767e-05 -1 1.02971 0.192046 0.000652601 114.221 2.40809e+06 3 71209.1 151.228 7.77979 2 1 849.7 29.5934 28.7125 4 3 0.0688453 1.886e-05 15.3973 2 
2.73309 -4.99961e-05 -1 1.02984 0.192069 0.000652601 114.247 2.40812e+06 3 96730.8 191.042 7.97038 2 1 694.55 37.7327 18.4071 4 3 0.0686555 2.11731e-05 14.8012 2 
2.73374 -4.98156e-05 -1 1.02996 0.192045 0.000652601 114.273 2.40815e+06 3 130473 121.532 10.2394 2 1 912.904 52.1816 17.4948 4 3 0.0677229 2.26126e-05 14.4143 2 
2.73439 -4.98293e-05 -1 1.03009 0.192064 0.000652601 114.305 2.40805e+06 4 190161 41.4609 8.22944 2 1 2297.38 92.2123 24.914 4 3 0.066835 2.20515e-05 14.4718 2 
2.73504 -4.98073e-05 -1 1.03022 0.192068 0.000652601 114.331 2.40808e+06 3 39704 56.8073 8.87449 2 1 753.761 23.7096 31.7913 4 3 0.0653404 1.8971e-05 15.1019 2 
2.7357 -4.98129e-05 -1 1.03034 0.192085 0.000652601 114.356 2.40811e+06 3 39876.5 95.5519 7.47296 2 1 790.341 28.2292 27.9973 4 3 0.0637708 1.71016e-05 15.507 2 
2.73635 -4.98601e-05 -1 1.03047 0.192072 0.000652601 114.382 2.40814e+06 3 56826.2 80.9042 8.88913 2 1 685.294 31.7644 21.5743 4 3 0.061498 1.631e-05 15.5645 2 
2.737 -4.98831e-05 -1 1.03059 0.192081 0.000652601 114.408 2.40817e+06 3 81928.6 181.452 7.6717 2 1 1437.15 38.4791 37.3489 4 3 0.059422 1.51583e-05 15.7676 2 
2.73765 -4.98582e-05 -1 1.03072 0.192089 0.000652601 114.434 2.4082e+06 3 143920 172.695 9.41051 2 1 910.087 16.887 53.8927 4 3 0.0590918 1.35486e-05 16.3385 2 
2.73831 -4.98584e-05 -1 1.03084 0.192087 0.000652601 114.459 2.40823e+06 3 38569.6 104.186 7.18035 2 1 918.17 37.4454 24.5202 4 3 0.0596269 1.30892e-05 16.5771 2 
2.73896 -4.98621e-05 -1 1.03097 0.192081 0.000652601 114.485 2.40826e+06 3 40234.5 90.302 7.63778 2 1 1012.87 44.7427 22.6376 4 3 0.0587776 1.2139e-05 16.9178 2 
2.73961 -4.98386e-05 -1 1.03109 0.192096 0.000652601 114.517 2.40816e+06 4 177135 51.9164 7.64276 2 1 689.879 13.0737 52.7686 4 3 0.0581039 1.16135e-05 17.1033 2 
2.74026 -4.99175e-05 -1 1.03122 0.192101 0.000652601 114.543 2.40819e+06 3 109722 78.2482 11.1928 2 1 732.522 27.5971 26.5434 4 3 0.0568433 1.16531e-05 16.9595 2 
2.74092 -4.99683e-05 -1 1.03134 0.192106 0.000652601 114.569 2.40822e+06 3 149275 127.047 10.5521 2 1 824.484 19.3312 42.6505 4 3 0.0550922 1.14983e-05 16.8585 2 
2.74157 -4.99225e-05 -1 1.03147 0.192104 0.000652601 114.597 2.40819e+06 4 166891 26.8561 8.87866 2 1 768.114 29.5411 26.0015 4 3 0.052857 1.18393e-05 16.4661 2 
2.74222 -4.99402e-05 -1 1.03159 0.192107 0.000652601 114.623 2.40822e+06 3 194282 226.759 9.49779 2 1 889.236 20.2374 43.9401 4 3 0.0502972 1.18982e-05 16.1692 2 
2.74288 -4.99812e-05 -1 1.03172 0.192122 0.000652601 114.649 2.40825e+06 3 191677 191.311 10.0064 2 1 799.09 38.2531 20.8896 4 3 0.0467982 1.19381e-05 15.7676 2 
2.74353 -5.00595e-05 -1 1.03185 0.192115 0.000652601 114.675 2.40828e+06 3 89826.2 137.977 8.66692 2 1 710.813 60.4737 11.7541 4 3 0.048876 1.14917e-05 16.2021 2 
2.74418 -5.01068e-05 -1 1.03197 0.192128 0.000652601 114.703 2.40827e+06 3 40785.5 185.435 6.03631 2 1 742.313 31.3479 23.6798 4 3 0.0505609 1.27416e-05 15.8318 2 
2.74483 -5.01342e-05 -1 1.0321 0.192122 0.000652601 114.728 2.4083e+06 3 40513.4 116.326 7.03571 2 1 2159.84 56.1564 38.4612 4 3 0.0526129 1.36225e-05 15.6896 2 
2.74549 -5.01322e-05 -1 1.03222 0.192133 0.000652601 114.754 2.40832e+06 3 39529.8 76.0934 8.03883 2 1 682.744 16.9669 40.2398 4 3 0.0546898 1.45935e-05 15.5328 2 
2.74614 -5.01342e-05 -1 1.03235 0.192127 0.000652601 114.778 2.4084e+06 2 26240.1 120.42 14.7616 2 1 621.555 21.1749 29.3534 4 3 0.0567905 1.54933e-05 15.4186 2 
2.74679 -5.00751e-05 -1 1.03247 0.192136 0.000652601 114.804 2.40843e+06 3 39600.7 94.5633 7.48158 2 1 622.515 25.8748 24.0588 4 3 0.0590467 1.61307e-05 15.4116 2 
2.74744 -5.01425e-05 -1 1.0326 0.192138 0.000652601 114.829 2.40846e+06 3 116019 102.853 10.4097 2 1 639.505 34.2091 18.694 4 3 0.0653979 1.65917e-05 15.7964 2 
2.7481 -5.01759e-05 -1 1.03272 0.192137 0.000652601 114.858 2.40844e+06 4 121210 35.9174 7.62182 2 1 1192.8 49.8484 23.9285 4 3 0.0665467 1.47715e-05 16.5158 2 
2.74875 -5.01577e-05 -1 1.03285 0.192146 0.000652601 114.884 2.40847e+06 3 62887.9 96.3708 8.67376 2 1 799.209 25.5681 31.2581 4 3 0.0678017 1.3528e-05 17.1134 2 
2.7494 -5.01107e-05 -1 1.03297 0.192145 0.000652601 114.913 2.40841e+06 3 39684.5 113.878 7.0371 2 1 762.525 20.5241 37.1526 4 3 0.0679667 1.33022e-05 17.2236 2 
2.75005 -5.00813e-05 -1 1.0331 0.192155 0.000652601 114.939 2.40844e+06 3 47923.6 92.7443 8.02455 2 1 717.302 25.3584 28.2865 4 3 0.0681957 1.28535e-05 17.4413 2 
2.75071 -5.00538e-05 -1 1.03322 0.192157 0.000652601 114.965 2.40846e+06 3 96728.3 137.083 8.90273 2 1 892.752 22.1145 40.3695 4 3 0.0675695 1.25431e-05 17.53 2 
2.75136 -5.00791e-05 -1 1.03335 0.19217 0.000652601 114.995 2.4084e+06 3 70970.7 198.882 7.09297 2 1 851.119 23.3461 36.4566 4 3 0.0668899 1.21588e-05 17.6532 2 
2.75201 -5.01267e-05 -1 1.03348 0.192168 0.000652601 115.021 2.40843e+06 3 98665.9 92.9535 10.2008 2 1 692.565 28.1446 24.6074 4 3 0.065758 1.21231e-05 17.5703 2 
2.75266 -5.02044e-05 -1 1.0336 0.192163 0.000652601 115.049 2.40841e+06 4 190584 117.414 6.34734 2 1 1989.61 56.088 35.4729 4 3 0.0644811 2.89633e-05 13.0575 2 
2.75332 -5.01e-05 -1 1.03373 0.192172 0.000652601 115.075 2.40844e+06 3 83294.9 121.238 8.8239 2 1 918.659 41.4592 22.1581 4 3 0.0627244 9.39767e-05 8.73921 2 
2.75397 -5.00126e-05 -1 1.03385 0.192182 0.000652601 115.108 2.40832e+06 3 39198 86.2141 7.68945 2 1 914.787 30.4424 30.0498 4 4 0.061155 2.00325e-05 7.43317 2 
2.75462 -5.00064e-05 -1 1.03398 0.192185 0.000652601 115.134 2.40835e+06 3 40226.7 100.441 7.37113 2 1 772.979 37.0947 20.838 4 3 0.0587612 9.53563e-05 8.50969 2 
2.75527 -5.00517e-05 -1 1.0341 0.192183 0.000652601 115.16 2.40838e+06 3 57059.1 164.92 7.02022 2 1 678.9 23.4258 28.9809 4 3 0.0589752 8.16599e-05 8.97195 2 
2.75593 -5.00345e-05 -1 1.03423 0.192183 0.000652601 115.186 2.4084e+06 3 32606.9 87.9521 7.18381 2 1 1499.06 23.8202 62.9321 4 3 0.0591886 7.03427e-05 9.44075 2 
2.75658 -5.003e-05 -1 1.03435 0.192186 0.000652601 115.214 2.40838e+06 4 175855 66.8912 7.16056 2 1 919.578 20.6349 44.5643 4 3 0.0593538 6.18505e-05 9.86359 2 
2.75723 -4.99813e-05 -1 1.03448 0.192198 0.000652601 115.24 2.40841e+06 3 40441.4 104.571 7.28572 2 1 650.681 26.8148 24.2658 4 3 0.0587879 5.96207e-05 9.95322 2 
2.75789 -4.99754e-05 -1 1.0346 0.192193 0.000652601 115.268 2.40839e+06 4 179901 29.4505 8.84067 2 1 973.792 33.703 28.8934 4 3 0.058037 5.4515e-05 10.2109 2 
2.75854 -4.99957e-05 -1 1.03473 0.192196 0.000652601 115.298 2.40833e+06 3 37468.9 83.1374 7.66699 2 1 698.002 19.7531 35.3363 4 3 0.0563722 4.72567e-05 10.6056 2 
2.75919 -4.99943e-05 -1 1.03485 0.192209 0.000652601 115.324 2.40836e+06 3 154227 154.347 9.9974 2 1 753.343 27.8733 27.0274 4 3 0.054518 4.43442e-05 10.7128 2 
2.75984 -4.99719e-05 -1 1.03498 0.192205 0.000652601 115.35 2.40839e+06 3 169996 201.21 9.45358 2 1 929.768 21.7182 42.8105 4 3 0.0522887 4.35169e-05 10.6312 2 
2.7605 -4.99529e-05 -1 1.0351 0.192207 0.000652601 115.378 2.40837e+06 4 190611 35.8645 8.53829 2 1 1024.29 55.5506 18.4388 4 3 0.049422 4.3281e-05 10.4522 2 
2.76115 -4.99193e-05 -1 1.03523 0.192214 0.000652601 115.404 2.4084e+06 3 190454 201.76 9.8096 2 1 1423.61 45.0406 31.6074 4 3 0.0488095 4.02742e-05 10.6617 2 
2.7618 -4.99616e-05 -1 1.03536 0.192213 0.000652601 115.43 2.40843e+06 3 34753.7 80.4764 7.55865 2 1 1185.51 41.6872 28.4383 4 3 0.0505817 3.42396e-05 11.3891 2 
2.76245 -4.9974e-05 -1 1.03548 0.19223 0.000652601 115.455 2.40845e+06 3 92120.9 86.0962 10.228 2 1 692.351 27.0646 25.5814 4 3 0.0524234 3.23633e-05 11.7442 2 
2.76311 -5.00555e-05 -1 1.03561 0.192222 0.000652601 115.481 2.40848e+06 3 75491.5 89.6572 9.44288 2 1 684.855 28.9359 23.668 4 3 0.0544899 3.25641e-05 11.872 2 
2.76376 -4.99903e-05 -1 1.03573 0.192226 0.000652601 115.511 2.40842e+06 3 34518.8 45.7045 9.1068 2 1 1775.87 46.8816 37.8799 4 3 0.0565013 3.14832e-05 12.1523 2 
2.76441 -5.00049e-05 -1 1.03586 0.192223 0.000652601 115.537 2.40845e+06 3 34232.7 115.324 6.67074 2 1 763.605 29.0893 26.2503 4 3 0.0586722 3.24795e-05 12.1789 2 
2.76506 -4.99951e-05 -1 1.03598 0.192229 0.000652601 115.563 2.40848e+06 3 40361.7 87.0718 7.73922 2 1 656.846 23.4174 28.0494 4 3 0.064253 3.13412e-05 12.7036 2 
2.76572 -5.00004e-05 -1 1.03611 0.192242 0.000652601 115.589 2.40851e+06 3 40080.3 105.687 7.23831 2 1 630.938 18.6941 33.7506 4 3 0.0662083 2.80767e-05 13.3103 2 
2.76637 -4.99967e-05 -1 1.03623 0.192243 0.000652601 115.615 2.40854e+06 3 117598 151.785 9.18453 2 1 637.822 23.8454 26.7481 4 3 0.0668873 2.59879e-05 13.7043 2 
2.76702 -5.00325e-05 -1 1.03636 0.192252 0.000652601 115.641 2.40856e+06 3 37137.9 91.9865 7.39091 2 1 746.564 30.6418 24.3642 4 3 0.0675382 2.68541e-05 13.5992 2 
2.76767 -5.00448e-05 -1 1.03649 0.192245 0.000652601 115.667 2.40858e+06 3 39194.4 72.5294 8.14523 2 1 880.993 33.9987 25.9126 4 3 0.0673431 2.71899e-05 13.5299 2 
2.76833 -5.0043e-05 -1 1.03661 0.192256 0.000652601 115.697 2.40853e+06 3 62945.4 83.7805 9.0909 2 1 793.527 17.4684 45.4263 4 3 0.0670874 2.67604e-05 13.5847 2 
2.76898 -5.00535e-05 -1 1.03674 0.192256 0.000652601 115.723 2.40855e+06 3 121757 205.014 8.40562 2 1 749.012 23.1969 32.2893 4 3 0.066227 2.60122e-05 13.6548 2 
2.76963 -5.0012e-05 -1 1.03686 0.192263 0.000652601 115.749 2.40858e+06 3 41387.1 98.8714 7.48051 2 1 661.246 23.2298 28.4654 4 3 0.0654914 2.52609e-05 13.7376 2 
2.77028 -5.00081e-05 -1 1.03699 0.192253 0.000652601 115.775 2.4086e+06 3 96782.4 170.019 8.28768 2 1 703.028 21.1244 33.2804 4 3 0.0636904 2.54734e-05 13.5726 2 
2.77094 -4.9994e-05 -1 1.03711 0.192271 0.000652601 115.801 2.40863e+06 3 192264 190.389 10.0327 2 1 674.629 19.6604 34.3142 4 3 0.0624846 2.61776e-05 13.3643 2 
2.77159 -5.00931e-05 -1 1.03724 0.192273 0.000652601 115.827 2.40866e+06 3 131824 142.308 9.74815 2 1 757.816 40.9202 18.5194 4 3 0.0606653 2.63441e-05 13.2054 2 
2.77224 -5.0062e-05 -1 1.03736 0.19227 0.000652601 115.85 2.40873e+06 2 18223.3 77.7244 15.3121 2 1 1755.56 61.9002 28.3612 4 3 0.0586942 2.62924e-05 13.0694 2 
2.77289 -4.99944e-05 -1 1.03749 0.19227 0.000652601 115.876 2.40875e+06 3 82463.8 80.6737 10.0734 2 1 1400.57 42.1118 33.2583 4 3 0.0574343 2.3851e-05 13.4036 2 
2.77355 -4.99928e-05 -1 1.03761 0.192283 0.000652601 115.909 2.40864e+06 4 174983 39.5731 8.15452 2 1 720.816 26.0225 27.6997 4 3 0.058873 2.20911e-05 13.8644 2 
2.7742 -5.0014e-05 -1 1.03774 0.192283 0.000652601 115.935 2.40867e+06 3 57197.7 86.6869 8.70579 2 1 676.299 28.6805 23.5804 4 3 0.0592803 2.06166e-05 14.2199 2 
2.77485 -5.0107e-05 -1 1.03786 0.192289 0.000652601 115.961 2.40869e+06 3 37995.1 77.7205 7.87766 2 1 1525.33 31.4877 48.4421 4 3 0.0591359 1.91492e-05 14.5624 2 
2.77551 -5.01303e-05 -1 1.03799 0.19229 0.000652601 115.987 2.40872e+06 3 143851 189.091 9.1288 2 1 947.425 25.0945 37.7543 4 3 0.0586981 1.75571e-05 14.9528 2 
2.77616 -5.01582e-05 -1 1.03812 0.192296 0.000652601 116.013 2.40874e+06 3 56989 58.1103 9.93526 2 1 922.41 37.4216 24.6491 4 3 0.057829 1.65754e-05 15.1668 2 
2.77681 -5.01595e-05 -1 1.03824 0.192299 0.000652601 116.04 2.40876e+06 3 176290 149.705 10.56 2 1 792.354 36.9546 21.4413 4 3 0.0560667 1.63773e-05 15.0714 2 
2.77746 -5.02239e-05 -1 1.03837 0.192323 0.000652601 116.066 2.40878e+06 3 39644 83.1416 7.81244 2 1 834.082 39.4866 21.1232 4 3 0.0542171 1.58801e-05 15.0578 2 
2.77812 -5.02729e-05 -1 1.03849 0.192312 0.000652601 116.098 2.40867e+06 4 192342 42.3186 8.2108 2 1 1004.8 35.6646 28.1737 4 3 0.0520739 1.31318e-05 15.8282 2 
2.77877 -5.02642e-05 -1 1.03862 0.192311 0.000652601 116.127 2.40865e+06 4 168681 26.8973 8.89897 2 1 1060.94 25.2042 42.0935 4 3 0.0495181 1.17041e-05 16.1737 2 
2.77942 -5.02532e-05 -1 1.03874 0.192317 0.000652601 116.153 2.40867e+06 3 190466 148.201 10.8723 2 1 681.604 18.5324 36.779 4 3 0.0499368 1.12658e-05 16.4268 2 
2.78007 -5.03177e-05 -1 1.03887 0.192319 0.000652601 116.179 2.40868e+06 3 67341.4 122.157 8.19951 2 1 1216.4 35.1927 34.5641 4 3 0.0518659 1.1222e-05 16.6573 2 
2.78073 -5.0317e-05 -1 1.03899 0.192314 0.000652601 116.205 2.4087e+06 3 39621.8 73.8934 8.12412 2 1 1167.35 32.5815 35.8285 4 3 0.0536879 1.15105e-05 16.7081 2 
2.78138 -5.03217e-05 -1 1.03912 0.192331 0.000652601 116.231 2.40873e+06 3 39815.4 101.339 7.32415 2 1 1376.01 38.1895 36.0311 4 3 0.0556869 1.18246e-05 16.7618 2 
2.78203 -5.03258e-05 -1 1.03925 0.192332 0.000652601 116.258 2.40875e+06 3 90926.6 106.318 9.49207 2 1 681.445 18.3738 37.0878 4 3 0.0578166 1.2951e-05 16.4658 2 
2.78268 -5.03554e-05 -1 1.03937 0.192344 0.000652601 116.284 2.40876e+06 3 43456.2 156.085 6.52976 2 1 1460.99 40.6325 35.9562 4 3 0.0638884 1.46098e-05 16.3528 2 
2.78334 -5.03531e-05 -1 1.0395 0.192339 0.000652601 116.314 2.4087e+06 3 52790.7 104.002 7.97698 2 1 653.969 20.9733 31.1811 4 3 0.0649142 1.53767e-05 16.1619 2 
2.78399 -5.03579e-05 -1 1.03962 0.192336 0.000652601 116.341 2.40872e+06 3 40256.6 85.5451 7.77823 2 1 686.697 25.1339 27.3216 4 3 0.0662092 1.61759e-05 15.9962 2 
2.78464 -5.03639e-05 -1 1.03975 0.192344 0.000652601 116.367 2.40873e+06 3 36299.9 48.4692 9.08127 2 1 625.427 19.8375 31.5274 4 3 0.0665245 1.67205e-05 15.8457 2 
2.78529 -5.03985e-05 -1 1.03987 0.192339 0.000652601 116.394 2.40875e+06 3 119856 137.189 9.55975 2 1 627.828 20.1501 31.1575 4 3 0.0667632 1.72857e-05 15.6898 2 
2.78595 -5.03017e-05 -1 1.04 0.192358 0.000652601 116.42 2.40876e+06 3 40006.6 107.998 7.18189 2 1 776.374 46.8785 16.5614 4 3 0.0662868 1.76741e-05 15.5369 2 
2.7866 -5.0312e-05 -1 1.04012 0.192353 0.000652601 116.447 2.40878e+06 3 39703.7 46.6644 9.47578 2 1 846.37 52.4762 16.1286 4 3 0.0658349 1.70481e-05 15.6889 2 
2.78725 -5.03148e-05 -1 1.04025 0.192359 0.000652601 116.473 2.40879e+06 3 40178.4 86.9365 7.7315 2 1 738.48 20.047 36.8374 4 3 0.0647423 1.6609e-05 15.738 2 
2.7879 -5.03142e-05 -1 1.04038 0.192374 0.000652601 116.504 2.40873e+06 3 63322.4 108.888 8.34692 2 1 749.148 20.0762 37.3152 4 3 0.0636425 1.62297e-05 15.7693 2 
2.78856 -5.0355e-05 -1 1.0405 0.192366 0.000652601 116.53 2.40874e+06 3 41651.4 102.966 7.39568 2 1 660.152 27.8016 23.7451 4 3 0.0621292 1.57375e-05 15.8047 2 
2.78921 -5.03561e-05 -1 1.04063 0.192376 0.000652601 116.557 2.40875e+06 3 37819 67.8504 8.22974 2 1 659.733 27.2253 24.2324 4 3 0.060657 1.50972e-05 15.8975 2 
2.78986 -5.03696e-05 -1 1.04075 0.192379 0.000652601 116.586 2.40871e+06 4 188483 47.5348 7.93533 2 1 847.88 19.7316 42.9706 4 3 0.0588248 1.43593e-05 16.0008 2 
2.79052 -5.03285e-05 -1 1.04088 0.192384 0.000652601 116.615 2.40868e+06 4 174476 41.2681 8.06362 2 1 620.05 21.3646 29.0223 4 3 0.0569782 1.34681e-05 16.1734 2 
2.79117 -5.03461e-05 -1 1.041 0.192379 0.000652601 116.642 2.40868e+06 3 128048 103.447 10.7371 2 1 1565.81 50.4772 31.02 4 3 0.0573897 1.40797e-05 15.974 2 
2.79182 -5.0445e-05 -1 1.04113 0.19238 0.000652601 116.668 2.40869e+06 3 38790.1 100.917 7.27085 2 1 796.743 30.492 26.1295 4 3 0.0588007 1.35278e-05 16.3199 2 
2.79247 -5.05033e-05 -1 1.04125 0.192396 0.000652601 116.701 2.40857e+06 3 82086.3 89.8401 9.70361 2 1 823.953 31.0254 26.5573 4 3 0.05903 1.26791e-05 16.6979 2 
2.79313 -5.05123e-05 -1 1.04138 0.192401 0.000652601 116.728 2.40858e+06 3 57190.6 168.467 6.97594 2 1 1630.99 36.0045 45.2995 4 3 0.0591638 1.26362e-05 16.7294 2 
2.79378 -5.05333e-05 -1 1.04151 0.192411 0.000652601 116.755 2.40859e+06 3 39192.7 83.47 7.77246 2 1 677.996 31.1102 21.7933 4 3 0.0586657 1.24627e-05 16.7594 2 
2.79443 -5.05801e-05 -1 1.04163 0.192403 0.000652601 116.783 2.40858e+06 3 39706.3 85.1289 7.75522 2 1 948.505 26.8339 35.3473 4 3 0.0579083 2.39428e-05 13.4232 2 
2.79508 -5.06084e-05 -1 1.04176 0.192408 0.000652601 116.81 2.40859e+06 3 139161 131.076 10.2015 2 1 682.88 42.6453 16.013 4 3 0.0562978 6.89652e-05 9.34588 2 
2.79574 -5.04987e-05 -1 1.04188 0.192421 0.000652601 116.839 2.40854e+06 3 174491 118.704 11.3702 2 1 682.754 38.9836 17.5139 4 4 0.0543512 2.17265e-05 7.0722 2 
2.79639 -5.05266e-05 -1 1.04201 0.192414 0.000652601 116.869 2.40849e+06 4 190677 56.5194 7.62123 2 1 918.406 79.889 11.496 4 3 0.0522082 9.92235e-05 8.07312 2 
2.79704 -5.05033e-05 -1 1.04213 0.192423 0.000652601 116.898 2.40845e+06 3 44732 114.885 7.30216 2 1 689.099 50.9512 13.5247 4 3 0.0500437 8.42198e-05 8.40708 2 
2.79769 -5.04889e-05 -1 1.04226 0.192422 0.000652601 116.927 2.40841e+06 4 191460 48.5838 7.92313 2 1 898.333 21.1178 42.5391 4 3 0.0507016 7.06404e-05 8.95343 2 
2.79835 -5.03992e-05 -1 1.04238 0.192414 0.000652601 116.954 2.40841e+06 3 107365 115.83 9.75019 2 1 629.053 25.4655 24.7022 4 3 0.0525383 5.97232e-05 9.58174 2 
2.799 -5.03782e-05 -1 1.04251 0.19243 0.000652601 116.981 2.40842e+06 3 52319.8 97.9145 8.11471 2 1 1146.48 31.7867 36.068 4 3 0.0544313 5.5052e-05 9.96228 2 
2.79965 -5.03647e-05 -1 1.04263 0.192434 0.000652601 117.008 2.40842e+06 3 67800.1 86.9592 9.20389 2 1 1057.22 31.1896 33.8967 4 3 0.05628 5.26893e-05 10.2222 2 
2.8003 -5.03887e-05 -1 1.04276 0.192455 0.000652601 117.036 2.40841e+06 3 36269.5 115.375 6.79949 2 1 729.537 25.7932 28.284 4 3 0.0617427 4.64485e-05 10.9952 2 
2.80096 -5.03941e-05 -1 1.04289 0.192448 0.000652601 117.063 2.40841e+06 3 41440.2 74.9919 8.20608 2 1 681.461 24.2965 28.0476 4 3 0.0641613 4.33471e-05 11.3965 2 
2.80161 -5.04161e-05 -1 1.04301 0.192444 0.000652601 117.099 2.40824e+06 3 90450.2 112.626 9.29517 2 1 651.8 23.0139 28.322 4 3 0.0650051 4.13781e-05 11.625 2 
2.80226 -5.04928e-05 -1 1.04314 0.192455 0.000652601 117.127 2.40822e+06 3 44480.5 103.923 7.53619 2 1 1200.57 34.0592 35.2496 4 3 0.0659227 4.12876e-05 11.688 2 
2.80291 -5.05511e-05 -1 1.04326 0.192462 0.000652601 117.153 2.40823e+06 3 53573.2 100.073 8.11975 2 1 759.787 20.956 36.2563 4 3 0.065975 4.07362e-05 11.7436 2 
2.80357 -5.05065e-05 -1 1.04339 0.192461 0.000652601 117.18 2.40824e+06 3 36310.2 96.3428 7.22331 2 1 696.458 27.1467 25.6553 4 3 0.0659653 3.48029e-05 12.3756 2 
2.80422 -5.05515e-05 -1 1.04351 0.192464 0.000652601 117.21 2.40819e+06 3 38819.7 74.8465 8.03452 2 1 629.138 30.1895 20.8396 4 3 0.0654013 3.22693e-05 12.6551 2 
2.80487 -5.05758e-05 -1 1.04364 0.192462 0.000652601 117.239 2.40814e+06 3 118044 121.745 9.89762 2 1 620.44 17.3994 35.6587 4 3 0.0647299 3.17262e-05 12.6832 2 
2.80553 -5.06242e-05 -1 1.04377 0.19247 0.000652601 117.27 2.40808e+06 3 33015.4 81.9786 7.3848 2 1 820.503 30.5112 26.8918 4 3 0.063629 3.18773e-05 12.5909 2 
2.80618 -5.06388e-05 -1 1.04389 0.192434 0.000652601 117.307 2.40788e+06 4 37292.3 46.1932 5.33041 2 1 860.553 31.3365 27.4617 4 3 0.0623977 3.22395e-05 12.4622 2 
2.80683 -5.07117e-05 -1 1.04402 0.192551 0.000652601 117.336 2.40783e+06 3 48693.1 146.455 6.92769 2 1 796.205 35.5184 22.4167 4 3 0.0609215 3.04904e-05 12.5951 2 
2.80748 -5.06219e-05 -1 1.04414 0.192536 0.000652601 117.363 2.40784e+06 3 64036.9 101.608 8.5737 2 1 703.307 92.1339 7.63354 4 3 0.0593437 3.28502e-05 12.179 2 
2.80814 -5.05066e-05 -1 1.04427 0.192484 0.000652601 117.392 2.40779e+06 4 172742 49.3262 7.69272 2 1 624.754 58.1566 10.7426 4 3 0.0575517 2.43429e-05 13.3218 2 
2.80879 -5.05333e-05 -1 1.04439 0.192549 0.000652601 117.42 2.40778e+06 3 186233 225.317 9.3847 2 1 675.583 31.532 21.4253 4 3 0.0557524 2.21649e-05 13.5998 2 
2.80944 -5.0433e-05 -1 1.04452 0.192488 0.000652601 117.447 2.40778e+06 3 51003.8 89.9002 8.27842 2 1 787.785 67.4776 11.6748 4 3 0.0570385 2.50759e-05 13.1514 2 
2.81009 -5.04811e-05 -1 1.04464 0.192478 0.000652601 117.481 2.40766e+06 4 131215 29.3257 8.17868 2 1 1374.61 82.8377 16.5941 4 3 0.0585729 2.32971e-05 13.5977 2 
2.81075 -5.04946e-05 -1 1.04477 0.192507 0.000652601 117.515 2.40751e+06 3 122887 102.367 10.6279 2 1 629.201 24.8504 25.3195 4 3 0.0588242 2.3898e-05 13.502 2 
2.8114 -5.04372e-05 -1 1.0449 0.192559 0.000652601 117.542 2.40752e+06 3 39702.2 109.493 7.13088 2 1 1646.57 35.9441 45.8092 4 3 0.0593812 2.51922e-05 13.3084 2 
2.81205 -5.03264e-05 -1 1.04502 0.192504 0.000652601 117.569 2.40753e+06 3 82240.7 87.2497 9.80485 2 1 1009.93 39.9225 25.2972 4 3 0.05851 2.58495e-05 13.1298 2 
2.8127 -5.03507e-05 -1 1.04515 0.192518 0.000652601 117.596 2.40753e+06 3 38714.7 109.997 7.06045 2 1 685.863 107.245 6.3953 4 3 0.0580701 2.06458e-05 14.1158 2 
2.81336 -5.03501e-05 -1 1.04527 0.192573 0.000652601 117.622 2.40754e+06 3 40265.3 123.7 6.87893 2 1 697.83 57.9817 12.0353 4 3 0.0567451 1.98532e-05 14.1916 2 
2.81401 -5.02473e-05 -1 1.0454 0.192512 0.000652601 117.649 2.40755e+06 3 141874 182.869 9.18871 2 1 919.052 50.2655 18.284 4 3 0.0549636 1.90901e-05 14.2262 2 
2.81466 -5.01402e-05 -1 1.04552 0.192522 0.000652601 117.679 2.40751e+06 4 190050 50.4027 7.83616 2 1 755.101 127.04 5.94382 4 3 0.052731 1.58425e-05 14.9307 2 
2.81531 -5.01706e-05 -1 1.04565 0.192562 0.000652601 117.711 2.4074e+06 3 58574.5 155.02 7.22949 2 1 877.395 55.5657 15.7902 4 3 0.050665 1.80494e-05 14.1064 2 
2.81597 -5.01209e-05 -1 1.04577 0.192529 0.000652601 117.74 2.40736e+06 4 193627 33.2899 8.733 2 1 738.741 54.8739 13.4625 4 3 0.0508694 2.02915e-05 13.5846 2 
2.81662 -5.01481e-05 -1 1.0459 0.192538 0.000652601 117.767 2.40737e+06 3 168830 201.47 9.42786 2 1 751.058 158.931 4.72568 4 3 0.0526935 1.76461e-05 14.4002 2 
2.81727 -4.99734e-05 -1 1.04603 0.192582 0.000652601 117.797 2.40732e+06 3 110824 186.338 8.40964 2 1 907.894 45.8941 19.7824 4 3 0.0545755 1.86244e-05 14.3099 2 
2.81792 -4.98499e-05 -1 1.04615 0.192535 0.000652601 117.828 2.40724e+06 3 52323.6 107.724 7.86072 2 1 916.96 53.293 17.206 4 3 0.0560893 1.9955e-05 14.1127 2 
2.81858 -4.98827e-05 -1 1.04628 0.192553 0.000652601 117.855 2.40725e+06 3 38075 78.8824 7.84428 2 1 953.217 134.11 7.10775 4 3 0.0616645 1.6945e-05 15.3815 2 
2.81923 -4.99356e-05 -1 1.0464 0.192553 0.000652601 117.882 2.40725e+06 3 68585.9 73.4655 9.77351 2 1 730.363 79.5642 9.17955 4 3 0.0638113 1.76146e-05 15.3583 2 
2.81988 -4.99856e-05 -1 1.04653 0.192591 0.000652601 117.913 2.40718e+06 3 41577.7 159.822 6.38373 2 1 704.708 24.1033 29.237 4 3 0.0645899 1.4929e-05 16.2946 2 
2.82053 -4.99114e-05 -1 1.04665 0.192552 0.000652601 117.939 2.40719e+06 3 38517.5 103.112 7.20195 2 1 680.4 49.755 13.675 4 3 0.0653843 1.58945e-05 16.0229 2 
2.82119 -4.99357e-05 -1 1.04678 0.192559 0.000652601 117.966 2.40719e+06 3 90479.1 105.464 9.502 2 1 632.126 92.654 6.82243 4 3 0.0653877 1.77462e-05 15.4453 2 
2.82184 -4.99981e-05 -1 1.04691 0.192557 0.000652601 117.993 2.4072e+06 3 37781.3 67.736 8.23163 2 1 987.885 49.4903 19.9612 4 3 0.0653236 1.92935e-05 15.016 2 
2.82249 -5.00136e-05 -1 1.04703 0.192604 0.000652601 118.02 2.40721e+06 3 54662.5 102.98 8.09679 2 1 766.338 23.1395 33.1182 4 3 0.0646611 2.0186e-05 14.7411 2 
2.82315 -4.99602e-05 -1 1.04716 0.192566 0.000652601 118.047 2.40722e+06 3 38200.5 106.428 7.10676 2 1 709.874 39.2781 18.073 4 3 0.0639832 2.08852e-05 14.5236 2 
2.8238 -4.9997e-05 -1 1.04728 0.192573 0.000652601 118.074 2.40722e+06 3 122118 100.843 10.6589 2 1 649.941 69.0031 9.419 4 3 0.0628131 1.95551e-05 14.7547 2 
2.82445 -4.99863e-05 -1 1.04741 0.19258 0.000652601 118.102 2.40719e+06 2 34236 101.726 18.3454 2 1 680.371 33.7781 20.1424 4 3 0.0616724 1.80218e-05 15.0695 2 
2.8251 -5.0057e-05 -1 1.04753 0.192579 0.000652601 118.129 2.4072e+06 3 39403.6 103.543 7.24668 2 1 806.902 27.0375 29.8438 4 3 0.0601561 1.58388e-05 15.6022 2 
2.82576 -5.00755e-05 -1 1.04766 0.192585 0.000652601 118.158 2.40716e+06 4 171511 52.6315 7.55547 2 1 750.806 24.1667 31.0678 4 3 0.058632 1.53265e-05 15.6398 2 
2.82641 -5.01245e-05 -1 1.04779 0.192597 0.000652601 118.183 2.40722e+06 2 26618 126.844 14.4861 2 1 747.365 19.8437 37.6626 4 3 0.056825 1.52713e-05 15.496 2 
2.82706 -5.01235e-05 -1 1.04791 0.192606 0.000652601 118.212 2.40718e+06 4 43422.1 80.4163 4.8205 2 1 658.894 18.387 35.8349 4 3 0.0551722 1.52513e-05 15.351 2 
2.82771 -5.00963e-05 -1 1.04804 0.192602 0.000652601 118.241 2.40714e+06 4 185610 78.7123 6.9685 2 1 638.922 30.7512 20.7772 4 3 0.055952 1.40384e-05 15.855 2 
2.82837 -4.99689e-05 -1 1.04816 0.192585 0.000652601 118.268 2.40715e+06 3 72963.3 203.312 7.10635 2 1 770.819 25.9902 29.6581 4 3 0.0580673 1.5561e-05 15.5107 2 
2.82902 -4.99538e-05 -1 1.04829 0.192632 0.000652601 118.297 2.40711e+06 3 39788.6 82.0766 7.85561 2 1 847.849 47.8059 17.7352 4 3 0.0585207 1.61978e-05 15.3444 2 
2.82967 -4.99605e-05 -1 1.04841 0.192592 0.000652601 118.33 2.407e+06 3 129377 182.39 8.91836 2 1 1223.91 44.1968 27.6922 4 3 0.059037 1.64179e-05 15.3204 2 
2.83032 -5.01518e-05 -1 1.04854 0.192611 0.000652601 118.359 2.40696e+06 3 73876.4 86.1286 9.50137 2 1 834.464 50.7169 16.4534 4 3 0.0588808 1.59778e-05 15.4461 2 
2.83098 -5.02083e-05 -1 1.04867 0.192617 0.000652601 118.388 2.40693e+06 3 56876.7 157.624 7.11931 2 1 1638.73 53.8647 30.4231 4 3 0.058216 1.54216e-05 15.5706 2 
2.83163 -5.02511e-05 -1 1.04879 0.192646 0.000652601 118.417 2.40689e+06 3 123505 126.772 9.91335 2 1 978.157 38.9837 25.0915 4 3 0.0571611 1.44311e-05 15.8222 2 
2.83228 -5.01595e-05 -1 1.04892 0.192637 0.000652601 118.446 2.40684e+06 3 39422.6 89.5626 7.60687 2 1 795.412 28.1162 28.2902 4 3 0.0557718 1.32413e-05 16.1496 2 
2.83293 -5.02459e-05 -1 1.04904 0.192621 0.000652601 118.476 2.40679e+06 3 39643 112.107 7.0715 2 1 786.188 38.133 20.617 4 3 0.0537259 1.35879e-05 15.8129 2 
2.83359 -5.02526e-05 -1 1.04917 0.192625 0.000652601 118.51 2.40666e+06 4 186419 104.98 6.49151 2 1 643.983 19.6122 32.8358 4 3 0.0515141 1.68904e-05 14.502 2 
2.83424 -5.01993e-05 -1 1.04929 0.192639 0.000652601 118.536 2.40667e+06 3 39989.9 77.8369 8.00918 2 1 716.691 34.9258 20.5204 4 3 0.05061 1.79596e-05 14.1247 2 
2.83489 -5.01755e-05 -1 1.04942 0.192633 0.000652601 118.565 2.40664e+06 4 192026 44.9111 8.08633 2 1 804.297 34.6269 23.2275 4 3 0.0523011 1.67714e-05 14.6099 2 
2.83554 -5.0186e-05 -1 1.04955 0.192647 0.000652601 118.592 2.40664e+06 3 154441 84.4655 12.2282 2 1 698.549 21.7026 32.1873 4 3 0.05405 1.51811e-05 15.2697 2 
2.8362 -5.02687e-05 -1 1.04967 0.192665 0.000652601 118.619 2.40665e+06 3 165245 172.065 9.86611 2 1 1050.39 40.7496 25.7766 4 3 0.0557554 2.14117e-05 13.7577 2 
2.83685 -5.03027e-05 -1 1.0498 0.192653 0.000652601 118.646 2.40666e+06 3 110425 91.6051 10.6426 2 1 914.244 115.011 7.94922 4 3 0.0609781 6.68906e-05 9.69623 2 
2.8375 -5.03868e-05 -1 1.04992 0.19266 0.000652601 118.675 2.40662e+06 3 38188.6 37.2679 10.0817 2 1 938.952 52.7614 17.7962 4 4 0.0633428 3.10326e-05 6.72156 2 
2.83816 -5.03954e-05 -1 1.05005 0.192668 0.000652601 118.711 2.40644e+06 3 39043.3 105.437 7.18099 2 1 944.413 27.0051 34.9717 4 4 0.0639586 3.09054e-05 6.74475 2 
2.83881 -5.0409e-05 -1 1.05017 0.192664 0.000652601 118.741 2.40639e+06 3 41643.5 112.176 7.18702 2 1 738.621 24.4496 30.21 4 4 0.0647632 2.89062e-05 6.87993 2 
2.83946 -5.04142e-05 -1 1.0503 0.192663 0.000652601 118.771 2.40634e+06 3 66634.8 78.3831 9.47312 2 1 693.239 23.3308 29.7135 4 4 0.0647781 2.39245e-05 7.21351 2 
2.84011 -5.04204e-05 -1 1.05042 0.192667 0.000652601 118.799 2.40631e+06 3 39289 88.1304 7.63921 2 1 672.083 23.9764 28.031 4 3 0.064714 9.45166e-05 8.8138 2 
2.84077 -5.04199e-05 -1 1.05055 0.192689 0.000652601 118.826 2.40632e+06 3 90992.4 68.6682 10.9837 2 1 620.475 19.6917 31.5095 4 3 0.0641143 8.70325e-05 9.03146 2 
2.84142 -5.04611e-05 -1 1.05068 0.192679 0.000652601 118.855 2.40628e+06 3 76428 90.8977 9.43843 2 1 810.377 22.0704 36.7178 4 3 0.0634397 8.5785e-05 9.04308 2 
2.84207 -5.0438e-05 -1 1.0508 0.192686 0.000652601 118.891 2.4061e+06 3 44955.7 102.857 7.58897 2 1 703.875 20.9837 33.5439 4 3 0.0623416 7.29448e-05 9.48989 2 
2.84272 -5.04295e-05 -1 1.05093 0.192685 0.000652601 118.918 2.40611e+06 3 53565.9 111.818 7.82453 2 1 673.367 16.3512 41.1815 4 3 0.0612377 6.70557e-05 9.70199 2 
2.84338 -5.04533e-05 -1 1.05105 0.192694 0.000652601 118.948 2.40607e+06 4 170754 41.2896 8.01923 2 1 634.089 17.1456 36.9825 4 3 0.0597922 6.40781e-05 9.77188 2 
2.84403 -5.0497e-05 -1 1.05118 0.192696 0.000652601 118.975 2.40607e+06 3 38163.6 101.411 7.21974 2 1 579.198 19.1326 30.2729 4 3 0.0583768 6.53629e-05 9.63023 2 
2.84468 -5.04916e-05 -1 1.05131 0.192698 0.000652601 119.001 2.40608e+06 3 48734 87.0617 8.24141 2 1 741.195 24.7834 29.9069 4 3 0.0566734 6.2564e-05 9.67576 2 
2.84533 -5.04876e-05 -1 1.05143 0.192708 0.000652601 119.028 2.40609e+06 3 37881.9 62.3675 8.46885 2 1 802.025 18.6766 42.9427 4 3 0.0551141 5.41228e-05 10.0607 2 
2.84599 -5.0509e-05 -1 1.05156 0.1927 0.000652601 119.055 2.4061e+06 3 43462.7 101.43 7.53906 2 1 745.794 21.9993 33.9008 4 3 0.0533543 4.96735e-05 10.2411 2 
2.84664 -5.05095e-05 -1 1.05168 0.192712 0.000652601 119.084 2.40607e+06 4 186052 32.2779 8.7133 2 1 675.737 19.073 35.4291 4 3 0.0568087 4.67987e-05 10.6674 2 
2.84729 -5.05403e-05 -1 1.05181 0.192706 0.000652601 119.114 2.406e+06 3 72218 166.934 7.56311 2 1 642.821 16.2414 39.5793 4 3 0.0577025 4.8615e-05 10.5879 2 
2.84794 -5.06644e-05 -1 1.05193 0.192697 0.000652601 119.141 2.40601e+06 3 42439 160.267 6.42155 2 1 802.184 29.9147 26.8157 4 3 0.058649 4.81939e-05 10.6763 2 
2.8486 -5.0728e-05 -1 1.05206 0.192711 0.000652601 119.168 2.40602e+06 3 39014 84.9336 7.71579 2 1 615.075 37.4379 16.4292 4 3 0.0586998 4.69848e-05 10.7703 2 
2.84925 -5.07994e-05 -1 1.05219 0.192718 0.000652601 119.201 2.40589e+06 4 128495 31.6396 7.98295 2 1 1106.98 42.9863 25.7518 4 3 0.0587906 4.54951e-05 10.8922 2 
2.8499 -5.08062e-05 -1 1.05231 0.192746 0.000652601 119.229 2.40588e+06 3 39681.6 71.7571 8.20808 2 1 1678.9 34.4518 48.7317 4 3 0.05798 3.92163e-05 11.3921 2 
2.85055 -5.08347e-05 -1 1.05244 0.192725 0.000652601 119.256 2.40589e+06 3 71685.6 130.995 8.17948 2 1 693.052 20.1699 34.3606 4 3 0.0568772 3.62843e-05 11.6164 2 
2.85121 -5.07811e-05 -1 1.05256 0.192736 0.000652601 119.283 2.4059e+06 3 83731.8 71.9451 10.5187 2 1 723.071 26.0059 27.8041 4 3 0.0552593 3.34242e-05 11.8245 2 
2.85186 -5.08042e-05 -1 1.05269 0.192732 0.000652601 119.316 2.40578e+06 4 187883 36.3136 8.48114 2 1 1041.24 48.0795 21.6566 4 3 0.0533826 3.63904e-05 11.3624 2 
2.85251 -5.08208e-05 -1 1.05281 0.192739 0.000652601 119.342 2.4058e+06 3 177785 192.516 9.73814 2 1 744.132 19.0119 39.1403 4 3 0.0515104 3.51763e-05 11.3557 2 
2.85316 -5.094e-05 -1 1.05294 0.192751 0.000652601 119.369 2.40581e+06 3 138026 192.38 8.95228 2 1 721.677 51.6335 13.9769 4 3 0.0513324 3.55891e-05 11.2986 2 
2.85382 -5.10385e-05 -1 1.05307 0.19275 0.000652601 119.398 2.40577e+06 4 191518 36.1767 8.52993 2 1 1002.22 33.6626 29.7724 4 3 0.0531248 3.57023e-05 11.4165 2 
2.85447 -5.10878e-05 -1 1.05319 0.192754 0.000652601 119.425 2.40578e+06 3 46500.6 114.179 7.41237 2 1 809.398 38.9002 20.807 4 3 0.0548005 3.39102e-05 11.735 2 
2.85512 -5.11164e-05 -1 1.05332 0.192756 0.000652601 119.454 2.40575e+06 4 168020 39.4873 8.07654 2 1 685.992 23.605 29.0613 4 3 0.0600967 2.92489e-05 12.713 2 
2.85578 -5.11432e-05 -1 1.05344 0.192757 0.000652601 119.48 2.40576e+06 3 48134 79.7153 8.45221 2 1 1023.63 26.8457 38.1301 4 3 0.0623563 2.55857e-05 13.4574 2 
2.85643 -5.11745e-05 -1 1.05357 0.192762 0.000652601 119.511 2.4057e+06 3 110945 79.1448 11.1917 2 1 1018.71 19.8464 51.3298 4 3 0.0631249 2.34373e-05 13.9133 2 
2.85708 -5.12273e-05 -1 1.05369 0.192768 0.000652601 119.538 2.4057e+06 3 39624.1 69.9556 8.27394 2 1 960.624 37.7365 25.4561 4 3 0.0640345 2.42676e-05 13.8185 2 
2.85773 -5.12904e-05 -1 1.05382 0.192763 0.000652601 119.564 2.40572e+06 3 41645 99.5142 7.47984 2 1 779.286 25.3178 30.7801 4 3 0.0640974 2.64023e-05 13.44 2 
2.85839 -5.13503e-05 -1 1.05395 0.192773 0.000652601 119.591 2.40573e+06 3 38318.3 70.3503 8.1667 2 1 702.684 21.4468 32.764 4 3 0.0641349 2.57613e-05 13.5532 2 
2.85904 -5.13499e-05 -1 1.05407 0.192761 0.000652601 119.617 2.40575e+06 3 68127.2 105.665 8.639 2 1 675.114 23.3616 28.8985 4 3 0.0636174 2.52395e-05 13.6092 2 
2.85969 -5.13741e-05 -1 1.0542 0.192783 0.000652601 119.644 2.40576e+06 3 37882.9 63.4842 8.41897 2 1 646.758 21.8817 29.557 4 3 0.0630429 2.54788e-05 13.5255 2 
2.86034 -5.13703e-05 -1 1.05432 0.192789 0.000652601 119.67 2.40578e+06 3 92118.6 88.7517 10.1249 2 1 609.461 14.847 41.0493 4 3 0.062069 2.60278e-05 13.3602 2 
2.861 -5.14327e-05 -1 1.05445 0.192815 0.000652601 119.703 2.40567e+06 3 77795.7 106.952 8.99336 2 1 668.199 25.434 26.2719 4 3 0.0610541 2.55367e-05 13.3716 2 
2.86165 -5.14722e-05 -1 1.05457 0.192794 0.000652601 119.736 2.40555e+06 4 169141 41.0129 8.01368 2 1 640.499 22.825 28.0613 4 3 0.0597094 2.21533e-05 13.9166 2 
2.8623 -5.15087e-05 -1 1.0547 0.192801 0.000652601 119.764 2.40553e+06 3 55127.7 61.9249 9.61985 2 1 694.925 20.5421 33.8293 4 3 0.0584079 1.79195e-05 14.8268 2 
2.86295 -5.15217e-05 -1 1.05483 0.192801 0.000652601 119.795 2.40545e+06 4 122225 54.4864 6.88206 2 1 637.606 19.362 32.9307 4 3 0.0569234 1.63606e-05 15.1529 2 
2.86361 -5.14986e-05 -1 1.05495 0.192804 0.000652601 119.824 2.40542e+06 3 48594.3 117.195 7.45691 2 1 715.335 19.6531 36.398 4 3 0.0553951 1.65332e-05 14.9637 2 
2.86426 -5.15504e-05 -1 1.05508 0.192803 0.000652601 119.856 2.40533e+06 3 38756.6 61.4711 8.57482 2 1 744.765 30.6153 24.3265 4 3 0.0537465 1.8808e-05 14.1907 2 
2.86491 -5.16123e-05 -1 1.0552 0.192835 0.000652601 119.883 2.40534e+06 3 43403.4 122.807 7.07023 2 1 746.939 25.0588 29.8075 4 3 0.0521232 1.84875e-05 14.127 2 
2.86556 -5.16538e-05 -1 1.05533 0.192817 0.000652601 119.916 2.40522e+06 4 187767 45.7832 8.00255 2 1 716.781 32.8286 21.834 4 3 0.0560619 1.82115e-05 14.547 2 
2.86622 -5.15818e-05 -1 1.05546 0.192818 0.000652601 119.942 2.40523e+06 3 64414.4 107.922 8.4196 2 1 701.784 22.4995 31.1912 4 3 0.0581272 1.74043e-05 14.9477 2 
2.86687 -5.15332e-05 -1 1.05558 0.19283 0.000652601 119.969 2.40525e+06 3 73422.7 209.49 7.05054 2 1 755.807 28.2262 26.7768 4 3 0.0584434 1.83414e-05 14.7153 2 
2.86752 -5.15349e-05 -1 1.05571 0.192821 0.000652601 120 2.40517e+06 3 62270 90.246 8.83657 2 1 828.147 21.6174 38.3093 4 3 0.0588933 1.88253e-05 14.6254 2 
2.86817 -5.15229e-05 -1 1.05583 0.192829 0.000652601 120.026 2.40519e+06 3 42006.4 106.678 7.32959 2 1 1690.51 45.1513 37.441 4 3 0.0586325 1.90591e-05 14.5438 2 
2.86883 -5.1541e-05 -1 1.05596 0.192839 0.000652601 120.053 2.4052e+06 3 128590 146.619 9.57207 2 1 1013.66 30.5711 33.1573 4 3 0.0580735 1.65445e-05 15.1976 2 
2.86948 -5.16526e-05 -1 1.05609 0.192843 0.000652601 120.08 2.40521e+06 3 58233.1 124.653 7.7593 2 1 764.267 43.3338 17.6367 4 3 0.0568219 1.49376e-05 15.6103 2 
2.87013 -5.17231e-05 -1 1.05621 0.192849 0.000652601 120.11 2.40514e+06 3 73350.6 93.0141 9.23886 2 1 970.289 39.0918 24.8208 4 3 0.0553508 1.40518e-05 15.793 2 
2.87079 -5.1783e-05 -1 1.05634 0.19285 0.000652601 120.139 2.40511e+06 4 186434 66.2737 7.28276 2 1 741.129 21.3135 34.7727 4 3 0.0533612 1.37055e-05 15.7317 2 
2.87144 -5.17719e-05 -1 1.05646 0.19285 0.000652601 120.166 2.40512e+06 3 39299 34.6082 10.4328 2 1 1092.03 23.7455 45.9888 4 3 0.051864 1.40377e-05 15.4593 2 
2.87209 -5.17869e-05 -1 1.05659 0.192855 0.000652601 120.197 2.40505e+06 4 174338 34.0653 8.45804 2 1 738.444 26.6142 27.7463 4 3 0.051744 1.51879e-05 15.0471 2 
2.87274 -5.18219e-05 -1 1.05671 0.192865 0.000652601 120.226 2.40502e+06 4 192135 53.7023 7.73399 2 1 693.295 20.6044 33.648 4 3 0.0533898 1.58086e-05 15.0033 2 
2.8734 -5.17917e-05 -1 1.05684 0.19286 0.000652601 120.256 2.40496e+06 3 46383.6 118.808 7.30868 2 1 769.163 26.8402 28.6571 4 3 0.0587059 1.68254e-05 15.1672 2 
2.87405 -5.17739e-05 -1 1.05697 0.192866 0.000652601 120.291 2.4048e+06 3 38976.8 36.8052 10.1929 2 1 729.164 25.3243 28.7931 4 3 0.0610494 1.82564e-05 14.9539 2 
2.8747 -5.17938e-05 -1 1.05709 0.192865 0.000652601 120.318 2.40481e+06 3 165943 159.866 10.1251 2 1 753.861 29.7452 25.344 4 3 0.0619534 1.90936e-05 14.8044 2 
2.87535 -5.16748e-05 -1 1.05722 0.192872 0.000652601 120.344 2.40483e+06 3 57709.7 74.8278 9.17055 2 1 959.094 59.9308 16.0034 4 3 0.0630288 2.00517e-05 14.6486 2 
2.87601 -5.16616e-05 -1 1.05734 0.192879 0.000652601 120.371 2.40484e+06 3 47580 89.8744 8.08965 2 1 762.265 50.4547 15.1079 4 3 0.0633852 2.07346e-05 14.5132 2 
2.87666 -5.16975e-05 -1 1.05747 0.192879 0.000652601 120.397 2.40485e+06 3 107665 79.7329 11.053 2 1 1051.02 28.6201 36.7232 4 3 0.0635274 2.14281e-05 14.3657 2 
2.87731 -5.16717e-05 -1 1.0576 0.192888 0.000652601 120.424 2.40487e+06 3 33356.9 78.0165 7.53355 2 1 709.628 38.6206 18.3743 4 3 0.0631904 2.18124e-05 14.2555 2 
2.87796 -5.16431e-05 -1 1.05772 0.192883 0.000652601 120.451 2.40488e+06 3 39458.9 33.4998 10.5609 2 1 787.656 35.5227 22.1733 4 3 0.0628218 2.22094e-05 14.1424 2 
2.87862 -5.16447e-05 -1 1.05785 0.192893 0.000652601 120.475 2.40494e+06 2 29434.6 164.479 13.3775 2 1 683.186 35.4886 19.2508 4 3 0.0619779 3.63311e-05 11.9487 2 
2.87927 -5.16902e-05 -1 1.05797 0.192899 0.000652601 120.508 2.40482e+06 4 169430 46.5162 7.76867 2 1 687.075 42.8159 16.0472 4 3 0.0611229 9.84808e-05 8.53003 2 
2.87992 -5.175e-05 -1 1.0581 0.192893 0.000652601 120.534 2.40484e+06 3 93852.5 115.771 9.32428 2 1 588.423 39.6013 14.8587 4 3 0.0599631 9.73752e-05 8.50769 2 
2.88057 -5.18121e-05 -1 1.05822 0.192903 0.000652601 120.561 2.40485e+06 3 79456.8 86.4582 9.72243 2 1 569.166 29.3604 19.3855 4 3 0.0588004 8.53299e-05 8.83269 2 
2.88123 -5.18628e-05 -1 1.05835 0.192906 0.000652601 120.591 2.40479e+06 3 39213.1 83.5432 7.77154 2 1 819.709 26.6528 30.755 4 3 0.0574519 7.47304e-05 9.16085 2 
2.88188 -5.18409e-05 -1 1.05848 0.192907 0.000652601 120.62 2.40477e+06 3 39226.6 57.1371 8.82174 2 1 789.632 19.3211 40.869 4 3 0.0560844 6.53515e-05 9.50303 2 
2.88253 -5.18531e-05 -1 1.0586 0.192912 0.000652601 120.646 2.40478e+06 3 54489.5 90.5014 8.44408 2 1 644.285 20.3587 31.6467 4 3 0.0545534 5.9274e-05 9.72716 2 
2.88318 -5.18366e-05 -1 1.05873 0.192924 0.000652601 120.673 2.4048e+06 3 118528 139.715 9.46656 2 1 632.554 27.4818 23.0172 4 3 0.0530055 5.81688e-05 9.69491 2 
2.88384 -5.18882e-05 -1 1.05885 0.192917 0.000652601 120.705 2.4047e+06 3 43301.1 56.3199 9.16106 2 1 754.122 50.2824 14.9977 4 3 0.0513013 5.09528e-05 10.0227 2 
2.88449 -5.19297e-05 -1 1.05898 0.192933 0.000652601 120.732 2.40471e+06 3 39037.1 107.043 7.14452 2 1 860.229 34.5996 24.8624 4 3 0.0561911 4.60285e-05 10.6876 2 
2.88514 -5.19224e-05 -1 1.05911 0.19293 0.000652601 120.76 2.40468e+06 4 184829 40.3314 8.22776 2 1 720.363 19.4375 37.0605 4 3 0.0571198 4.40196e-05 10.9072 2 
2.88579 -5.19106e-05 -1 1.05923 0.192936 0.000652601 120.787 2.40469e+06 3 72452.5 92.6976 9.21146 2 1 714.909 26.7359 26.7397 4 3 0.0583871 4.45372e-05 10.9446 2 
2.88645 -5.19709e-05 -1 1.05936 0.192937 0.000652601 120.814 2.4047e+06 3 34316.2 98.8424 7.02833 2 1 618.135 22.8094 27.1 4 3 0.058508 4.34115e-05 11.046 2 
2.8871 -5.20127e-05 -1 1.05948 0.192943 0.000652601 120.84 2.40471e+06 3 64275.3 78.1309 9.37002 2 1 832.018 30.6817 27.1177 4 3 0.0586614 3.77473e-05 11.583 2 
2.88775 -5.20237e-05 -1 1.05961 0.192945 0.000652601 120.867 2.40473e+06 3 31339.8 84.0795 7.19673 2 1 1829.16 40.2191 45.48 4 3 0.0580189 3.4185e-05 11.9283 2 
2.88841 -5.20502e-05 -1 1.05974 0.192948 0.000652601 120.899 2.40463e+06 4 129676 72.9453 6.4933 2 1 939.176 24.3035 38.6437 4 3 0.0570226 3.24857e-05 12.0629 2 
2.88906 -5.20215e-05 -1 1.05986 0.19295 0.000652601 120.926 2.40464e+06 3 38725.8 58.0123 8.73964 2 1 694.071 19.2541 36.0479 4 3 0.0555205 3.33258e-05 11.8547 2 
2.88971 -5.20094e-05 -1 1.05999 0.192958 0.000652601 120.954 2.40461e+06 4 186087 50.0871 7.80724 2 1 672.107 21.2539 31.6228 4 3 0.0538697 3.33773e-05 11.73 2 
2.89036 -5.20348e-05 -1 1.06011 0.192945 0.000652601 120.981 2.40463e+06 3 72026.2 94.7346 9.12698 2 1 696.941 19.5075 35.7267 4 3 0.0521594 3.33299e-05 11.61 2 
2.89102 -5.20632e-05 -1 1.06024 0.19296 0.000652601 121.008 2.40464e+06 3 83669.4 92.1318 9.68395 2 1 1111.33 23.9549 46.3928 4 3 0.0515759 3.04641e-05 11.9184 2 
2.89167 -5.2031e-05 -1 1.06037 0.192953 0.000652601 121.034 2.40465e+06 3 172717 160.108 10.2559 2 1 752.961 22.3776 33.6479 4 3 0.0531827 2.68595e-05 12.5571 2 
2.89232 -5.21281e-05 -1 1.06049 0.192969 0.000652601 121.063 2.40462e+06 4 189331 34.6617 8.59693 2 1 877.361 37.7857 23.2194 4 3 0.0590573 2.40858e-05 13.4846 2 
2.89297 -5.21577e-05 -1 1.06062 0.192985 0.000652601 121.094 2.40455e+06 3 123907 219.849 8.26019 2 1 900.709 45.7277 19.6972 4 3 0.0602042 2.34039e-05 13.7019 2 
2.89363 -5.21094e-05 -1 1.06074 0.192978 0.000652601 121.125 2.40448e+06 3 39261.4 92.2031 7.52327 2 1 615.283 19.4913 31.5671 4 3 0.0620385 2.4855e-05 13.5649 2 
2.89428 -5.21104e-05 -1 1.06087 0.192984 0.000652601 121.156 2.40441e+06 4 165466 42.6179 7.89367 2 1 756.508 20.2594 37.341 4 3 0.0622864 2.42936e-05 13.6868 2 
2.89493 -5.21437e-05 -1 1.06099 0.192979 0.000652601 121.184 2.40439e+06 3 59734 76.8464 9.1946 2 1 1123.64 24.3845 46.0801 4 3 0.0630295 2.46297e-05 13.6782 2 
2.89558 -5.21918e-05 -1 1.06112 0.192989 0.000652601 121.212 2.40436e+06 3 41404.2 104.207 7.35162 2 1 546.519 20.7185 26.3783 4 3 0.06291 2.44025e-05 13.7118 2 
2.89624 -5.22205e-05 -1 1.06125 0.192988 0.000652601 121.242 2.40431e+06 3 109326 60.6625 12.1694 2 1 1065.37 28.9254 36.8316 4 3 0.0628117 2.31509e-05 13.9473 2 
2.89689 -5.2257e-05 -1 1.06137 0.192986 0.000652601 121.271 2.40428e+06 3 39379.1 80.7028 7.87273 2 1 624.492 20.4254 30.5743 4 3 0.0621721 2.0134e-05 14.562 2 
2.89754 -5.22903e-05 -1 1.0615 0.192996 0.000652601 121.3 2.40426e+06 2 34642.7 182.915 13.762 2 1 774.314 28.0956 27.56 4 3 0.0615594 1.78639e-05 15.1045 2 
2.89819 -5.22767e-05 -1 1.06162 0.193008 0.000652601 121.329 2.40422e+06 4 167667 49.1707 7.64162 2 1 713.821 22.2099 32.1397 4 3 0.0605408 1.80042e-05 14.9816 2 
2.89885 -5.23033e-05 -1 1.06175 0.193007 0.000652601 121.355 2.40424e+06 3 69026.5 60.2571 10.4633 2 1 657.035 25.8545 25.4128 4 3 0.059575 1.91718e-05 14.5926 2 
2.8995 -5.23284e-05 -1 1.06188 0.193012 0.000652601 121.382 2.40425e+06 3 37140.9 107.523 7.01645 2 1 630.123 27.7114 22.7387 4 3 0.0583775 1.96847e-05 14.3672 2 
2.90015 -5.23529e-05 -1 1.062 0.193001 0.000652601 121.408 2.40427e+06 3 91912.7 74.0022 10.7492 2 1 573.914 31.9879 17.9416 4 3 0.0572001 2.00616e-05 14.18 2 
2.9008 -5.23447e-05 -1 1.06213 0.193014 0.000652601 121.435 2.40428e+06 3 78329.1 83.3867 9.7936 2 1 649.36 47.9332 13.5472 4 3 0.0558092 1.78225e-05 14.63 2 
2.90146 -5.23259e-05 -1 1.06225 0.193035 0.000652601 121.461 2.4043e+06 3 37623.1 98.6322 7.25235 2 1 648.918 23.1962 27.9752 4 3 0.0543674 1.80235e-05 14.4488 2 
2.90211 -5.23438e-05 -1 1.06238 0.193023 0.000652601 121.492 2.40423e+06 3 49794.5 101.624 7.88366 2 1 717.443 22.0216 32.5791 4 3 0.0527949 1.7627e-05 14.4147 2 
2.90276 -5.23782e-05 -1 1.06251 0.193031 0.000652601 121.519 2.40424e+06 3 120397 110.824 10.28 2 1 634.865 19.4284 32.6771 4 3 0.0512149 1.72859e-05 14.3626 2 
2.90342 -5.23725e-05 -1 1.06263 0.193027 0.000652601 121.545 2.40425e+06 3 44584.6 132.592 6.95381 2 1 667.953 35.4423 18.8462 4 3 0.0499071 1.40024e-05 15.2752 2 
2.90407 -5.23487e-05 -1 1.06276 0.193037 0.000652601 121.575 2.40421e+06 4 189106 79.8467 6.97609 2 1 837.092 37.4411 22.3576 4 3 0.0566751 1.42769e-05 15.8338 2 
2.90472 -5.21795e-05 -1 1.06288 0.193033 0.000652601 121.604 2.40417e+06 3 65031.2 60.322 10.2537 2 1 749.166 30.4738 24.5839 4 3 0.0575462 1.50333e-05 15.643 2 
2.90537 -5.21484e-05 -1 1.06301 0.193043 0.000652601 121.632 2.40415e+06 3 73481.1 201.323 7.14651 2 1 832.476 39.5015 21.0746 4 3 0.0584284 1.62791e-05 15.3108 2 
2.90603 -5.21626e-05 -1 1.06314 0.193044 0.000652601 121.661 2.40412e+06 3 38616.5 83.2537 7.74087 2 1 1616.62 41.2208 39.2184 4 3 0.0585363 1.66427e-05 15.2078 2 
2.90668 -5.22039e-05 -1 1.06326 0.193049 0.000652601 121.693 2.40402e+06 3 38443.2 46.4779 9.38694 2 1 674.867 19.3589 34.8609 4 3 0.0584314 1.66036e-05 15.2106 2 
2.90733 -5.22652e-05 -1 1.06339 0.193053 0.000652601 121.724 2.40394e+06 3 63617.7 76.4161 9.40729 2 1 637.212 19.8299 32.1339 4 3 0.0576094 1.60995e-05 15.2954 2 
2.90798 -5.22903e-05 -1 1.06351 0.193067 0.000652601 121.753 2.40392e+06 3 131617 112.779 10.5284 2 1 881.402 19.2546 45.7761 4 3 0.0564676 1.54904e-05 15.3902 2 
2.90864 -5.241e-05 -1 1.06364 0.193065 0.000652601 121.783 2.40387e+06 4 186840 64.2823 7.34251 2 1 700.319 30.1606 23.2197 4 3 0.0548008 1.46288e-05 15.5308 2 
2.90929 -5.23895e-05 -1 1.06377 0.193064 0.000652601 121.81 2.40387e+06 3 52155.3 109.578 7.80774 2 1 696.712 35.0334 19.8871 4 3 0.0531042 1.39074e-05 15.6301 2 
2.90994 -5.23862e-05 -1 1.06389 0.193072 0.000652601 121.837 2.40387e+06 3 74485.2 83.9798 9.60797 2 1 699.482 28.0044 24.9775 4 3 0.0520973 1.43041e-05 15.3857 2 
2.91059 -5.23711e-05 -1 1.06402 0.193071 0.000652601 121.866 2.40384e+06 4 85912.1 48.332 6.49314 2 1 1143.24 27.3239 41.8403 4 3 0.0524733 1.62554e-05 14.7791 2 
2.91125 -5.23339e-05 -1 1.06414 0.193078 0.000652601 121.899 2.40372e+06 4 172486 76.1335 6.89913 2 1 696.331 26.8681 25.9166 4 3 0.0576339 1.79546e-05 14.7514 2 
2.9119 -5.2364e-05 -1 1.06427 0.193077 0.000652601 121.928 2.40368e+06 4 187765 67.833 7.25343 2 1 937.356 21.4805 43.6375 4 3 0.0599646 1.87726e-05 14.7273 2 
2.91255 -5.23141e-05 -1 1.0644 0.193094 0.000652601 121.955 2.40369e+06 3 39848.2 126.239 6.80882 2 1 709.353 29.1237 24.3566 4 3 0.0608892 1.83435e-05 14.9171 2 
2.9132 -5.23554e-05 -1 1.06452 0.193091 0.000652601 121.984 2.40366e+06 4 124037 37.7258 7.57231 2 1 706.609 50.4715 14.0002 4 3 0.0620266 1.92294e-05 14.7753 2 
2.91386 -5.23812e-05 -1 1.06465 0.19309 0.000652601 122.011 2.40367e+06 3 166157 164.126 10.0411 2 1 689.622 15.3298 44.9857 4 3 0.0623157 1.98698e-05 14.6375 2 
2.91451 -5.23174e-05 -1 1.06477 0.193112 0.000652601 122.037 2.40368e+06 3 39139.8 96.4105 7.40454 2 1 928.603 50.6539 18.3323 4 3 0.0625369 2.05351e-05 14.4948 2 
2.91516 -5.23628e-05 -1 1.0649 0.193101 0.000652601 122.064 2.40369e+06 3 59331.3 81.7415 8.98698 2 1 730.361 45.978 15.885 4 3 0.0622926 2.09995e-05 14.3684 2 
2.91581 -5.23905e-05 -1 1.06503 0.193106 0.000652601 122.095 2.40362e+06 3 111839 111.56 10.0083 2 1 907.693 15.8261 57.3542 4 3 0.0619534 2.14616e-05 14.2386 2 
2.91647 -5.24192e-05 -1 1.06515 0.193102 0.000652601 122.125 2.40357e+06 4 167779 37.9032 8.15672 2 1 542.451 24.6782 21.9809 4 3 0.0612009 2.16815e-05 14.1326 2 
2.91712 -5.24716e-05 -1 1.06528 0.193102 0.000652601 122.152 2.40357e+06 3 36695.1 41.197 9.62161 2 1 719.13 25.1971 28.5401 4 3 0.0605068 2.19406e-05 14.0233 2 
2.91777 -5.24782e-05 -1 1.0654 0.193117 0.000652601 122.179 2.40358e+06 3 39288 93.0278 7.50267 2 1 692.61 20.0723 34.5058 4 3 0.0593997 2.19466e-05 13.936 2 
2.91842 -5.24957e-05 -1 1.06553 0.193116 0.000652601 122.206 2.40359e+06 3 38107 101.094 7.22371 2 1 675.622 27.3221 24.7281 4 3 0.0584288 2.20041e-05 13.8476 2 
2.91908 -5.24955e-05 -1 1.06566 0.193114 0.000652601 122.233 2.40359e+06 3 68476.7 44.0775 11.5818 2 1 649.308 22.058 29.4363 4 3 0.0572467 2.18961e-05 13.7761 2 
2.91973 -5.25214e-05 -1 1.06578 0.193129 0.000652601 122.26 2.4036e+06 3 39252 89.0293 7.61102 2 1 585.523 23.2816 25.1496 4 3 0.056005 2.16714e-05 13.7229 2 
2.92038 -5.24795e-05 -1 1.06591 0.193127 0.000652601 122.291 2.40353e+06 3 90641.4 111.564 9.33112 2 1 529.535 30.0976 17.5939 4 3 0.0545896 3.91921e-05 11.1679 2 
2.92104 -5.25155e-05 -1 1.06603 0.193142 0.000652601 122.32 2.40349e+06 3 77430.2 136.596 8.27607 2 1 795.593 31.2794 25.4351 4 4 0.0531436 2.04323e-05 7.1414 2 
2.92169 -5.2467e-05 -1 1.06616 0.193136 0.000652601 122.35 2.40344e+06 3 38525.8 94.7401 7.40865 2 1 770.055 34.8061 22.1241 4 4 0.0515255 2.24977e-05 6.91785 2 
2.92234 -5.24695e-05 -1 1.06628 0.193136 0.000652601 122.379 2.4034e+06 3 123235 166.605 9.04375 2 1 686.599 25.7935 26.6191 4 4 0.0499861 2.06149e-05 7.01725 2 
2.92299 -5.25689e-05 -1 1.06641 0.19314 0.000652601 122.406 2.40341e+06 3 39939.6 102.818 7.29644 2 1 714.36 28.1655 25.3629 4 3 0.0548854 8.64751e-05 8.59386 2 
2.92365 -5.25717e-05 -1 1.06654 0.193145 0.000652601 122.433 2.40341e+06 3 33767.8 86.6501 7.30429 2 1 862.317 37.4416 23.031 4 3 0.0570061 7.57813e-05 9.09466 2 
2.9243 -5.25768e-05 -1 1.06666 0.19315 0.000652601 122.462 2.40337e+06 4 182994 30.4579 8.80408 2 1 749.734 16.1453 46.4366 4 3 0.0576376 6.78762e-05 9.46955 2 
2.92495 -5.26259e-05 -1 1.06679 0.193151 0.000652601 122.493 2.4033e+06 3 35001.9 111.803 6.79016 2 1 1584.37 33.1059 47.8576 4 3 0.0583865 6.56394e-05 9.61722 2 
2.9256 -5.26763e-05 -1 1.06692 0.193161 0.000652601 122.52 2.4033e+06 3 37148.9 110.045 6.96293 2 1 633.744 23.1312 27.3978 4 3 0.0583543 5.80619e-05 10.0168 2 
2.92626 -5.27246e-05 -1 1.06704 0.193157 0.000652601 122.545 2.40335e+06 2 15327.4 82.089 13.6645 2 1 589.548 19.6562 29.9929 4 3 0.058035 5.21194e-05 10.3649 2 
2.92691 -5.27207e-05 -1 1.06717 0.193162 0.000652601 122.572 2.40336e+06 3 58406.8 96.9484 8.4458 2 1 828.966 19.2101 43.1525 4 3 0.0570206 4.92494e-05 10.5005 2 
2.92756 -5.2816e-05 -1 1.06729 0.193166 0.000652601 122.6 2.40333e+06 4 97767.7 31.3337 7.47388 2 1 605.165 21.5035 28.1426 4 3 0.0557709 4.95239e-05 10.4039 2 
2.92821 -5.28271e-05 -1 1.06742 0.193169 0.000652601 122.629 2.4033e+06 4 184967 37.4152 8.38516 2 1 841.104 31.132 27.0174 4 3 0.0541162 4.89111e-05 10.3428 2 
2.92887 -5.28668e-05 -1 1.06755 0.19318 0.000652601 122.656 2.40332e+06 3 99562.6 95.5383 10.1385 2 1 730.542 19.7465 36.9959 4 3 0.0527532 4.25755e-05 10.7406 2 
2.92952 -5.28401e-05 -1 1.06767 0.193177 0.000652601 122.682 2.40333e+06 3 52005.8 41.6762 10.766 2 1 710.199 27.4787 25.8455 4 3 0.0516452 3.83009e-05 11.0477 2 
2.93017 -5.28097e-05 -1 1.0678 0.193182 0.000652601 122.717 2.40319e+06 4 73880.3 64.7554 5.81183 2 1 652.493 30.4141 21.4537 4 3 0.0528385 3.67301e-05 11.2887 2 
2.93082 -5.27665e-05 -1 1.06792 0.19318 0.000652601 122.745 2.40318e+06 3 173704 191.032 9.688 2 1 1146.13 16.231 70.6138 4 3 0.0579352 3.71995e-05 11.5914 2 
2.93148 -5.28485e-05 -1 1.06805 0.193189 0.000652601 122.774 2.40315e+06 4 187303 34.1164 8.60787 2 1 1121.47 36.2012 30.9789 4 3 0.0600441 3.74325e-05 11.706 2 
2.93213 -5.28994e-05 -1 1.06818 0.193189 0.000652601 122.801 2.40315e+06 3 38986.7 149.159 6.39374 2 1 858.377 29.2719 29.3243 4 3 0.0611175 3.74347e-05 11.7751 2 
2.93278 -5.28893e-05 -1 1.0683 0.193213 0.000652601 122.827 2.40317e+06 3 123160 207.381 8.40557 2 1 662.014 24.6731 26.8314 4 3 0.0618498 3.43753e-05 12.1627 2 
2.93343 -5.28972e-05 -1 1.06843 0.193208 0.000652601 122.854 2.40318e+06 3 168017 227.813 9.03493 2 1 630.013 24.1062 26.1349 4 3 0.0621776 2.9883e-05 12.7664 2 
2.93409 -5.29146e-05 -1 1.06855 0.193205 0.000652601 122.88 2.40319e+06 3 151573 151.078 10.0109 2 1 1007.41 29.5939 34.0412 4 3 0.0621303 2.78868e-05 13.0608 2 
2.93474 -5.29443e-05 -1 1.06868 0.193174 0.000652601 122.909 2.40317e+06 2 37289.7 197.034 13.757 2 1 1139.08 58.3848 19.5099 4 3 0.0618052 2.67662e-05 13.2174 2 
2.93539 -5.29817e-05 -1 1.06881 0.193215 0.000652601 122.935 2.40319e+06 3 59153.6 78.5011 9.09987 2 1 649.422 30.7889 21.0927 4 3 0.0613542 2.78031e-05 13.0192 2 
2.93605 -5.30075e-05 -1 1.06893 0.193178 0.000652601 122.961 2.40321e+06 3 166103 81.5149 12.6779 2 1 1045.35 38.6607 27.0391 4 3 0.0605889 2.78468e-05 12.958 2 
2.9367 -5.30854e-05 -1 1.06906 0.193219 0.000652601 122.988 2.40323e+06 3 46972.3 96.6519 7.86219 2 1 616.737 19.3241 31.9154 4 3 0.0597542 2.77934e-05 12.9065 2 
2.93735 -5.31314e-05 -1 1.06918 0.19323 0.000652601 123.014 2.40325e+06 3 38950.2 49.4315 9.23638 2 1 775.728 25.6198 30.2784 4 3 0.0588124 2.76832e-05 12.8554 2 
2.938 -5.31499e-05 -1 1.06931 0.193223 0.000652601 123.04 2.40327e+06 3 37853.8 69.5945 8.16291 2 1 675.974 19.6184 34.4561 4 3 0.0577836 2.55588e-05 13.1247 2 
2.93866 -5.31475e-05 -1 1.06944 0.193227 0.000652601 123.067 2.40329e+06 3 39226.6 62.0255 8.58361 2 1 666.816 17.3756 38.3765 4 3 0.0565781 2.22939e-05 13.6402 2 
2.93931 -5.31365e-05 -1 1.06956 0.193227 0.000652601 123.097 2.40323e+06 3 68228.1 52.9505 10.8817 2 1 620.162 21.3852 28.9996 4 3 0.0553302 1.97908e-05 14.0875 2 
2.93996 -5.30865e-05 -1 1.06969 0.19323 0.000652601 123.123 2.40324e+06 3 93964 120.615 9.20138 2 1 572.392 18.5749 30.8154 4 3 0.0539026 1.85716e-05 14.2644 2 
2.94061 -5.3118e-05 -1 1.06981 0.193236 0.000652601 123.15 2.40326e+06 3 50611.5 143.284 7.06888 2 1 647.235 37.2563 17.3725 4 3 0.0524774 1.93445e-05 13.9467 2 
2.94127 -5.31654e-05 -1 1.06994 0.193239 0.000652601 123.176 2.40328e+06 3 77083.4 123.583 8.54411 2 1 615.357 35.5168 17.3258 4 3 0.0508603 2.11231e-05 13.4031 2 
2.94192 -5.31808e-05 -1 1.07007 0.193241 0.000652601 123.202 2.4033e+06 3 39495.7 104.871 7.22157 2 1 689.91 37.1205 18.5857 4 3 0.0493116 2.01827e-05 13.4686 2 
2.94257 -5.31704e-05 -1 1.07019 0.19325 0.000652601 123.229 2.40331e+06 3 121653 137.428 9.60173 2 1 661.626 32.13 20.5922 4 3 0.054686 2.01854e-05 13.9405 2 
2.94322 -5.3049e-05 -1 1.07032 0.193249 0.000652601 123.255 2.40333e+06 3 65252.2 110.774 8.38273 2 1 756.197 48.9367 15.4526 4 3 0.0568923 2.04918e-05 14.0548 2 
2.94388 -5.30221e-05 -1 1.07045 0.193254 0.000652601 123.284 2.4033e+06 4 184034 42.5641 8.10894 2 1 856.226 49.6422 17.2479 4 3 0.0574603 2.0114e-05 14.1892 2 
2.94453 -5.29825e-05 -1 1.07057 0.193254 0.000652601 123.314 2.40324e+06 3 35382 95.5752 7.18035 2 1 1574.48 39.4197 39.9415 4 3 0.0582377 1.90076e-05 14.5242 2 
2.94518 -5.29698e-05 -1 1.0707 0.193265 0.000652601 123.341 2.40326e+06 3 38934.5 95.3444 7.41902 2 1 745.589 29.1072 25.6153 4 3 0.0582826 1.68517e-05 15.1228 2 
2.94583 -5.29889e-05 -1 1.07082 0.193267 0.000652601 123.367 2.40328e+06 3 33517.5 91.9827 7.14258 2 1 627.853 23.7843 26.3978 4 3 0.0579673 1.68443e-05 15.0977 2 
2.94649 -5.29866e-05 -1 1.07095 0.193276 0.000652601 123.393 2.40329e+06 3 59697 176.012 6.9738 2 1 710.88 19.1721 37.0789 4 3 0.0569738 1.64243e-05 15.1378 2 
2.94714 -5.29851e-05 -1 1.07108 0.19326 0.000652601 123.42 2.40331e+06 3 97857 107.249 9.69914 2 1 621.822 21.5733 28.8236 4 3 0.0557684 1.59111e-05 15.1902 2 
2.94779 -5.30406e-05 -1 1.0712 0.193274 0.000652601 123.448 2.40329e+06 4 184297 63.5197 7.33926 2 1 834.987 25.3569 32.9293 4 3 0.054136 1.53259e-05 15.2295 2 
2.94844 -5.30129e-05 -1 1.07133 0.193277 0.000652601 123.475 2.4033e+06 3 103089 124.929 9.37958 2 1 587.77 20.4302 28.7696 4 3 0.0528435 1.52543e-05 15.131 2 
2.9491 -5.30476e-05 -1 1.07145 0.193281 0.000652601 123.505 2.40324e+06 3 41553.5 44.4224 9.77992 2 1 731.572 21.4031 34.1806 4 3 0.0517415 1.56186e-05 14.9073 2 
2.94975 -5.30691e-05 -1 1.07158 0.193283 0.000652601 123.531 2.40326e+06 3 52042.6 120.476 7.55939 2 1 773.188 34.1494 22.6413 4 3 0.0526546 1.60359e-05 14.8633 2 
2.9504 -5.30707e-05 -1 1.07171 0.19329 0.000652601 123.56 2.40323e+06 4 176334 28.5202 8.86739 2 1 690.094 21.1605 32.6124 4 3 0.05777 1.85502e-05 14.6033 2 
2.95105 -5.31144e-05 -1 1.07183 0.193295 0.000652601 123.589 2.40321e+06 4 187839 41.4004 8.20721 2 1 1153.61 25.9761 44.4103 4 3 0.0598939 1.96633e-05 14.4958 2 
2.95171 -5.31309e-05 -1 1.07196 0.193304 0.000652601 123.615 2.40322e+06 3 141162 128.453 10.3195 2 1 949.605 30.1289 31.5181 4 3 0.0606751 2.02179e-05 14.4242 2 
2.95236 -5.30555e-05 -1 1.07209 0.193296 0.000652601 123.641 2.40325e+06 3 38909.7 89.428 7.57754 2 1 751.731 43.2574 17.3781 4 3 0.0615838 2.10245e-05 14.308 2 
2.95301 -5.30512e-05 -1 1.07221 0.193304 0.000652601 123.67 2.40322e+06 4 123676 31.2432 7.932 2 1 826.993 37.2327 22.2115 4 3 0.0617217 2.161e-05 14.1882 2 
2.95367 -5.30496e-05 -1 1.07234 0.19331 0.000652601 123.7 2.40316e+06 3 164735 182.414 9.66592 2 1 649.261 16.0462 40.462 4 3 0.0618704 2.22835e-05 14.0551 2 
2.95432 -5.28861e-05 -1 1.07246 0.19331 0.000652601 123.726 2.40319e+06 2 40714.8 221.296 13.564 2 1 813.757 58.4534 13.9215 4 3 0.0613938 2.26498e-05 13.9429 2 
2.95497 -5.28671e-05 -1 1.07259 0.193304 0.000652601 123.752 2.40321e+06 3 166251 208.154 9.27812 2 1 1160.05 48.1262 24.1042 4 3 0.0610827 2.31105e-05 13.8262 2 
2.95562 -5.2943e-05 -1 1.07272 0.193312 0.000652601 123.779 2.40323e+06 3 59229.3 76.2953 9.19065 2 1 941.592 40.8817 23.0321 4 3 0.060519 2.33042e-05 13.7452 2 
2.95628 -5.29318e-05 -1 1.07284 0.193312 0.000652601 123.805 2.40325e+06 3 109703 104.409 10.1662 2 1 591.6 32.2914 18.3207 4 3 0.0594202 2.35354e-05 13.6167 2 
2.95693 -5.2914e-05 -1 1.07297 0.193316 0.000652601 123.831 2.40327e+06 3 47111.2 59.2243 9.26562 2 1 590.786 28.3568 20.834 4 3 0.0584526 2.36404e-05 13.5223 2 
2.95758 -5.29103e-05 -1 1.07309 0.193322 0.000652601 123.857 2.40328e+06 3 39258.7 85.8955 7.70291 2 1 669.944 28.2883 23.6827 4 3 0.0574921 2.37285e-05 13.4311 2 
2.95823 -5.29008e-05 -1 1.07322 0.193329 0.000652601 123.884 2.40331e+06 3 36877.9 82.9255 7.63295 2 1 664.875 25.7721 25.7983 4 3 0.0563196 2.36493e-05 13.3541 2 
2.95889 -5.29157e-05 -1 1.07335 0.19333 0.000652601 123.912 2.40329e+06 2 23235.5 158.298 12.1154 2 1 658.818 24.2481 27.1699 4 3 0.0550955 2.36204e-05 13.262 2 
2.95954 -5.28722e-05 -1 1.07347 0.193329 0.000652601 123.938 2.40331e+06 3 68255.1 135.458 7.95751 2 1 620.854 26.2738 23.6302 4 3 0.0537035 2.29153e-05 13.2829 2 
2.96019 -5.29497e-05 -1 1.0736 0.193334 0.000652601 123.964 2.40333e+06 3 93566.9 98.8096 9.81992 2 1 549.899 29.9874 18.3377 4 3 0.0522651 2.21494e-05 13.3132 2 
2.96084 -5.30024e-05 -1 1.07372 0.193345 0.000652601 123.991 2.40334e+06 3 80229.9 96.8869 9.39053 2 1 631.779 34.5264 18.2984 4 3 0.0507717 2.12657e-05 13.3654 2 
2.9615 -5.30885e-05 -1 1.07385 0.193347 0.000652601 124.017 2.40336e+06 3 40554.8 110.153 7.16718 2 1 643.878 31.6726 20.3292 4 3 0.0491849 2.1001e-05 13.28 2 
2.96215 -5.30888e-05 -1 1.07398 0.193354 0.000652601 124.043 2.40338e+06 3 37891.4 58.3235 8.66096 2 1 743.903 28.2756 26.309 4 3 0.0493046 3.50224e-05 11.2076 2 
2.9628 -5.31163e-05 -1 1.0741 0.193343 0.000652601 124.069 2.4034e+06 3 120857 212.379 8.28681 2 1 633.939 33.8326 18.7375 4 3 0.0561274 9.75505e-05 8.31729 2 
2.96345 -5.30696e-05 -1 1.07423 0.193348 0.000652601 124.102 2.4033e+06 4 186347 43.9687 8.06853 2 1 1518.97 32.7005 46.4508 4 3 0.0569555 9.67585e-05 8.38073 2 
2.96411 -5.31121e-05 -1 1.07436 0.193357 0.000652601 124.128 2.40332e+06 3 33398.4 58.4869 8.29639 2 1 894.719 51.1517 17.4915 4 3 0.0578817 8.53991e-05 8.78408 2 
2.96476 -5.31361e-05 -1 1.07448 0.193366 0.000652601 124.155 2.40333e+06 3 37963.6 105.138 7.12091 2 1 666.498 17.4851 38.1181 4 3 0.0581938 7.41956e-05 9.22216 2 
2.96541 -5.31435e-05 -1 1.07461 0.19336 0.000652601 124.181 2.40335e+06 3 58723.7 78.7915 9.0666 2 1 657.513 16.618 39.5663 4 3 0.0581701 6.49331e-05 9.64002 2 
2.96606 -5.31844e-05 -1 1.07473 0.193364 0.000652601 124.207 2.40337e+06 3 39032.9 71.2151 8.18376 2 1 634.44 18.1298 34.9944 4 3 0.0573709 5.93969e-05 9.88499 2 
2.96672 -5.32471e-05 -1 1.07486 0.193374 0.000652601 124.236 2.40335e+06 4 97984.5 34.0187 7.32588 2 1 673.691 20.8259 32.3487 4 3 0.056326 5.78866e-05 9.90931 2 
2.96737 -5.32663e-05 -1 1.07499 0.193379 0.000652601 124.264 2.40333e+06 4 184766 45.753 7.9717 2 1 1008.65 24.1939 41.6901 4 3 0.0547868 5.04108e-05 10.2814 2 
2.96802 -5.32731e-05 -1 1.07511 0.193378 0.000652601 124.294 2.40327e+06 3 131613 140.512 9.78429 2 1 799.305 31.592 25.3009 4 3 0.0532919 4.58855e-05 10.5114 2 
2.96868 -5.33276e-05 -1 1.07524 0.193378 0.000652601 124.321 2.40329e+06 3 102947 176.432 8.35627 2 1 696.172 30.7566 22.6349 4 3 0.0524522 4.40215e-05 10.6015 2 
2.96933 -5.31696e-05 -1 1.07537 0.193389 0.000652601 124.347 2.40331e+06 3 83666.1 85.4179 9.93117 2 1 839.982 68.349 12.2896 4 3 0.0520493 4.4193e-05 10.5606 2 
2.96998 -5.31496e-05 -1 1.07549 0.19338 0.000652601 124.373 2.40333e+06 3 52268 42.1712 10.7417 2 1 833.314 45.453 18.3335 4 3 0.057053 4.32171e-05 10.97 2 
2.97063 -5.30802e-05 -1 1.07562 0.193387 0.000652601 124.401 2.40331e+06 4 189367 35.3138 8.55736 2 1 1147.62 18.6683 61.4741 4 3 0.0594031 3.69138e-05 11.7185 2 
2.97129 -5.31329e-05 -1 1.07574 0.193395 0.000652601 124.428 2.40333e+06 3 85006.3 116.969 8.9907 2 1 654.597 24.7504 26.4479 4 3 0.0601292 3.39715e-05 12.0964 2 
2.97194 -5.32457e-05 -1 1.07587 0.193404 0.000652601 124.454 2.40335e+06 3 140007 171.54 9.34535 2 1 850.033 18.6975 45.4624 4 3 0.0610716 3.26052e-05 12.3268 2 
2.97259 -5.32274e-05 -1 1.076 0.193403 0.000652601 124.48 2.40337e+06 3 123367 216.969 8.28452 2 1 1003.03 34.9313 28.7144 4 3 0.0612622 3.31283e-05 12.2743 2 
2.97324 -5.32122e-05 -1 1.07612 0.193408 0.000652601 124.51 2.40332e+06 3 37682.1 89.3548 7.49904 2 1 823.789 21.2966 38.6818 4 3 0.0617681 3.36447e-05 12.2447 2 
2.9739 -5.31924e-05 -1 1.07625 0.193415 0.000652601 124.539 2.40329e+06 4 163383 34.7788 8.2789 2 1 618.4 17.6844 34.9686 4 3 0.0609288 3.2753e-05 12.2986 2 
2.97455 -5.31371e-05 -1 1.07638 0.193391 0.000652601 124.565 2.40331e+06 3 165888 175.925 9.8061 2 1 942.067 27.3998 34.3822 4 3 0.0608252 2.98822e-05 12.6733 2 
2.9752 -5.31687e-05 -1 1.0765 0.193425 0.000652601 124.591 2.40333e+06 3 37394.2 62.8696 8.40984 2 1 499.43 26.1282 19.1146 4 3 0.0605163 2.5391e-05 13.3577 2 
2.97585 -5.3252e-05 -1 1.07663 0.193412 0.000652601 124.617 2.40335e+06 3 59522.5 87.0831 8.80878 2 1 1018.62 26.4579 38.4997 4 3 0.0593451 2.45408e-05 13.4225 2 
2.97651 -5.33015e-05 -1 1.07675 0.19342 0.000652601 124.644 2.40337e+06 3 109413 91.9211 10.5979 2 1 569.43 21.5084 26.4748 4 3 0.058433 2.34616e-05 13.555 2 
2.97716 -5.33554e-05 -1 1.07688 0.193424 0.000652601 124.67 2.40339e+06 3 47358.3 126.993 7.1979 2 1 639.59 16.2542 39.3493 4 3 0.0575275 2.49705e-05 13.2074 2 
2.97781 -5.33079e-05 -1 1.07701 0.193425 0.000652601 124.7 2.40333e+06 3 37589.1 62.3213 8.44906 2 1 720.288 30.2975 23.7738 4 3 0.0564058 2.41219e-05 13.2731 2 
2.97846 -5.33e-05 -1 1.07713 0.193433 0.000652601 124.728 2.40331e+06 3 38621.6 109.875 7.05739 2 1 668.659 40.5334 16.4965 4 3 0.0552541 2.48651e-05 13.0494 2 
2.97912 -5.33038e-05 -1 1.07726 0.193432 0.000652601 124.755 2.40333e+06 3 51065.5 76.1417 8.75323 2 1 651.136 22.3978 29.0715 4 3 0.0539412 2.41661e-05 13.0689 2 
2.97977 -5.3388e-05 -1 1.07738 0.193435 0.000652601 124.781 2.40335e+06 3 68590.5 127.488 8.13326 2 1 599.986 22.5659 26.5881 4 3 0.052583 2.25559e-05 13.2595 2 
2.98042 -5.34028e-05 -1 1.07751 0.193432 0.000652601 124.807 2.40337e+06 3 93847 66.9721 11.1903 2 1 561.127 21.9786 25.5306 4 3 0.0510883 1.89236e-05 13.9243 2 
2.98107 -5.34331e-05 -1 1.07764 0.193444 0.000652601 124.834 2.40339e+06 3 37226.2 106.211 7.0506 2 1 617.421 30.5269 20.2255 4 3 0.049588 1.87207e-05 13.8362 2 
2.98173 -5.34432e-05 -1 1.07776 0.193446 0.000652601 124.86 2.40341e+06 3 77327 106.09 8.99952 2 1 626.491 18.5536 33.7666 4 3 0.0483633 1.85876e-05 13.754 2 
2.98238 -5.34513e-05 -1 1.07789 0.193456 0.000652601 124.89 2.40335e+06 3 72928.6 118.771 8.49956 2 1 1448.14 37.2465 38.8797 4 3 0.0551656 2.04651e-05 13.9172 2 
2.98303 -5.34276e-05 -1 1.07802 0.19345 0.000652601 124.917 2.40337e+06 3 120914 201.162 8.43937 2 1 662.786 28.2634 23.4504 4 3 0.0561024 2.05297e-05 13.9808 2 
2.98368 -5.33231e-05 -1 1.07814 0.193457 0.000652601 124.945 2.40334e+06 4 184238 77.8081 6.97571 2 1 717.73 37.0362 19.3791 4 3 0.0574211 2.04486e-05 14.1081 2 
2.98434 -5.32003e-05 -1 1.07827 0.193465 0.000652601 124.971 2.40336e+06 3 38673.2 80.7553 7.82372 2 1 745.707 36.3768 20.4995 4 3 0.0577583 1.988e-05 14.2692 2 
2.98499 -5.32082e-05 -1 1.07839 0.193469 0.000652601 125.002 2.40329e+06 3 59811.4 173.299 7.01449 2 1 770.922 36.0209 21.4021 4 3 0.0581658 1.91382e-05 14.4851 2 
2.98564 -5.32038e-05 -1 1.07852 0.19347 0.000652601 125.029 2.40331e+06 3 96453.9 106.64 9.67091 2 1 620.698 22.1906 27.9713 4 3 0.0575387 1.82287e-05 14.669 2 
2.9863 -5.3318e-05 -1 1.07865 0.193468 0.000652601 125.055 2.40333e+06 3 34735 93.3591 7.19234 2 1 617.841 24.8023 24.9107 4 3 0.0566806 1.73419e-05 14.8404 2 
2.98695 -5.33443e-05 -1 1.07877 0.193473 0.000652601 125.081 2.40335e+06 3 39164.3 94.9844 7.44297 2 1 687.976 18.2367 37.7249 4 3 0.0553931 1.67152e-05 14.909 2 
2.9876 -5.34053e-05 -1 1.0789 0.193475 0.000652601 125.114 2.40325e+06 4 182799 55.0939 7.58957 2 1 797.563 17.4962 45.5849 4 3 0.0539096 1.60536e-05 14.9749 2 
2.98825 -5.33932e-05 -1 1.07903 0.193482 0.000652601 125.14 2.40326e+06 3 131353 110.378 10.5971 2 1 609.125 17.8594 34.1066 4 3 0.052581 1.52745e-05 15.0992 2 
2.98891 -5.34058e-05 -1 1.07915 0.193477 0.000652601 125.166 2.40328e+06 3 103202 111.741 9.73849 2 1 709.964 21.952 32.3417 4 3 0.0518716 1.49016e-05 15.1553 2 
2.98956 -5.34414e-05 -1 1.07928 0.193472 0.000652601 125.193 2.4033e+06 3 42046.7 170.716 6.26834 2 1 1022.58 26.7871 38.1743 4 3 0.0560425 1.46179e-05 15.6511 2 
2.99021 -5.338e-05 -1 1.0794 0.193492 0.000652601 125.219 2.40332e+06 3 53538.9 104.113 8.01165 2 1 786.84 37.7533 20.8416 4 3 0.0582069 1.52531e-05 15.6269 2 
2.99086 -5.34189e-05 -1 1.07953 0.193489 0.000652601 125.247 2.4033e+06 4 187910 53.7147 7.69067 2 1 1134.49 50.7879 22.3378 4 3 0.0591874 1.7138e-05 15.1155 2 
2.99152 -5.34855e-05 -1 1.07966 0.193497 0.000652601 125.276 2.40328e+06 4 122054 38.7231 7.49282 2 1 847.752 17.1773 49.353 4 3 0.0603752 1.79614e-05 14.9798 2 
2.99217 -5.34798e-05 -1 1.07978 0.193494 0.000652601 125.308 2.40317e+06 4 139708 47.4349 7.36683 2 1 722.472 28.4831 25.3649 4 3 0.0607455 1.75889e-05 15.1156 2 
2.99282 -5.33714e-05 -1 1.07991 0.193505 0.000652601 125.334 2.4032e+06 3 36731.4 55.6552 8.7065 2 1 700.621 25.7933 27.1629 4 3 0.0610739 1.67402e-05 15.3945 2 
2.99347 -5.33542e-05 -1 1.08004 0.193511 0.000652601 125.361 2.40322e+06 3 38018.4 86.6824 7.5978 2 1 687.776 23.0722 29.8097 4 3 0.0608958 1.74012e-05 15.1822 2 
2.99413 -5.33692e-05 -1 1.08016 0.193505 0.000652601 125.389 2.4032e+06 4 162710 99.8415 6.35369 2 1 613.019 22.0535 27.7969 4 3 0.0606959 1.7831e-05 15.0428 2 
2.99478 -5.33874e-05 -1 1.08029 0.193507 0.000652601 125.415 2.40322e+06 3 165103 213.781 9.17478 2 1 912.875 38.7632 23.55 4 3 0.0600952 1.82285e-05 14.8832 2 
2.99543 -5.34781e-05 -1 1.08041 0.19351 0.000652601 125.441 2.40324e+06 3 39349.6 164.787 6.20401 2 1 573.179 45.1965 12.6819 4 3 0.0602728 1.84372e-05 14.8414 2 
2.99608 -5.35369e-05 -1 1.08054 0.193515 0.000652601 125.465 2.40331e+06 2 60023 228.015 16.2247 2 1 968.804 26.2577 36.896 4 3 0.0583814 1.83856e-05 14.6983 2 
2.99674 -5.36239e-05 -1 1.08067 0.193524 0.000652601 125.495 2.40326e+06 3 110024 101.294 10.2794 2 1 553.621 32.1704 17.209 4 3 0.0578209 1.81481e-05 14.7147 2 
2.99739 -5.36558e-05 -1 1.08079 0.193523 0.000652601 125.521 2.40328e+06 3 47797.9 41.2281 10.5052 2 1 658.639 36.7739 17.9105 4 3 0.0568207 1.82353e-05 14.606 2 
2.99804 -5.36864e-05 -1 1.08092 0.193535 0.000652601 125.547 2.4033e+06 3 50237.4 135.645 7.18137 2 1 707.225 21.0186 33.6476 4 3 0.055774 1.85091e-05 14.4438 2 
2.99869 -5.3711e-05 -1 1.08105 0.193525 0.000652601 125.573 2.40332e+06 3 37882 92.138 7.43586 2 1 672.186 42.585 15.7846 4 3 0.0545334 1.87091e-05 14.2847 2 
2.99935 -5.36858e-05 -1 1.08117 0.193538 0.000652601 125.599 2.40335e+06 3 45286.3 68.5227 8.71052 2 1 649.442 23.4552 27.6886 4 3 0.0533087 1.88053e-05 14.1527 2 
3 -5.37239e-05 -1 1.0813 0.19353 0.000652601 125.625 2.40337e+06 3 69183.1 93.4567 9.04614 2 1 603.265 34.5723 17.4494 4 3 0.0518665 1.82246e-05 14.1713 2 

# Multigrid, 4607 steps, 4007.85 CPU, 125.7 real, 2.4e+06 points.step/s, 23 var
