benchmark,method_id,imax,segment,vertical0,transverse0,vertical1,transverse1
rising_case1,reference,reference,0,1.28449,6.60000000000105e-05,1.28444,-0.005614999999999981
rising_case1,reference,reference,1,1.28444,-0.005614999999999981,1.2843,-0.011295
rising_case1,reference,reference,2,1.2843,-0.011295,1.28406,-0.01697700000000002
rising_case1,reference,reference,3,1.28406,-0.01697700000000002,1.28373,-0.022648999999999975
rising_case1,reference,reference,4,1.28373,-0.022648999999999975,1.28331,-0.028318999999999983
rising_case1,reference,reference,5,1.28331,-0.028318999999999983,1.28279,-0.03397699999999998
rising_case1,reference,reference,6,1.28279,-0.03397699999999998,1.28217,-0.03963
rising_case1,reference,reference,7,1.28217,-0.03963,1.28146,-0.045267999999999975
rising_case1,reference,reference,8,1.28146,-0.045267999999999975,1.28066,-0.050898
rising_case1,reference,reference,9,1.28066,-0.050898,1.27976,-0.05651099999999998
rising_case1,reference,reference,10,1.27976,-0.05651099999999998,1.27877,-0.06211100000000003
rising_case1,reference,reference,11,1.27877,-0.06211100000000003,1.27769,-0.06769199999999997
rising_case1,reference,reference,12,1.27769,-0.06769199999999997,1.27652,-0.07325900000000002
rising_case1,reference,reference,13,1.27652,-0.07325900000000002,1.27526,-0.07880100000000001
rising_case1,reference,reference,14,1.27526,-0.07880100000000001,1.2739,-0.08432800000000001
rising_case1,reference,reference,15,1.2739,-0.08432800000000001,1.27246,-0.08982899999999999
rising_case1,reference,reference,16,1.27246,-0.08982899999999999,1.27093,-0.095306
rising_case1,reference,reference,17,1.27093,-0.095306,1.26931,-0.10076400000000002
rising_case1,reference,reference,18,1.26931,-0.10076400000000002,1.2676,-0.10619299999999998
rising_case1,reference,reference,19,1.2676,-0.10619299999999998,1.26581,-0.111593
rising_case1,reference,reference,20,1.26581,-0.111593,1.26393,-0.11696899999999999
rising_case1,reference,reference,21,1.26393,-0.11696899999999999,1.26196,-0.122313
rising_case1,reference,reference,22,1.26196,-0.122313,1.25991,-0.12763000000000002
rising_case1,reference,reference,23,1.25991,-0.12763000000000002,1.25778,-0.132913
rising_case1,reference,reference,24,1.25778,-0.132913,1.25557,-0.138168
rising_case1,reference,reference,25,1.25557,-0.138168,1.25328,-0.143386
rising_case1,reference,reference,26,1.25328,-0.143386,1.25091,-0.148571
rising_case1,reference,reference,27,1.25091,-0.148571,1.24845,-0.153725
rising_case1,reference,reference,28,1.24845,-0.153725,1.24593,-0.158841
rising_case1,reference,reference,29,1.24593,-0.158841,1.24332,-0.16392
rising_case1,reference,reference,30,1.24332,-0.16392,1.24064,-0.168966
rising_case1,reference,reference,31,1.24064,-0.168966,1.23788,-0.173971
rising_case1,reference,reference,32,1.23788,-0.173971,1.23505,-0.17894100000000002
rising_case1,reference,reference,33,1.23505,-0.17894100000000002,1.23215,-0.183871
rising_case1,reference,reference,34,1.23215,-0.183871,1.22917,-0.188764
rising_case1,reference,reference,35,1.22917,-0.188764,1.22612,-0.193614
rising_case1,reference,reference,36,1.22612,-0.193614,1.22301,-0.198426
rising_case1,reference,reference,37,1.22301,-0.198426,1.21982,-0.2032
rising_case1,reference,reference,38,1.21982,-0.2032,1.21657,-0.20793
rising_case1,reference,reference,39,1.21657,-0.20793,1.21324,-0.21261799999999997
rising_case1,reference,reference,40,1.21324,-0.21261799999999997,1.20985,-0.217267
rising_case1,reference,reference,41,1.20985,-0.217267,1.2064,-0.22187099999999998
rising_case1,reference,reference,42,1.2064,-0.22187099999999998,1.20288,-0.226435
rising_case1,reference,reference,43,1.20288,-0.226435,1.19929,-0.230954
rising_case1,reference,reference,44,1.19929,-0.230954,1.19564,-0.23542999999999997
rising_case1,reference,reference,45,1.19564,-0.23542999999999997,1.19193,-0.239861
rising_case1,reference,reference,46,1.19193,-0.239861,1.18816,-0.244247
rising_case1,reference,reference,47,1.18816,-0.244247,1.18432,-0.248589
rising_case1,reference,reference,48,1.18432,-0.248589,1.18041,-0.252884
rising_case1,reference,reference,49,1.18041,-0.252884,1.17645,-0.257129
rising_case1,reference,reference,50,1.17645,-0.257129,1.17242,-0.26133
rising_case1,reference,reference,51,1.17242,-0.26133,1.16834,-0.265479
rising_case1,reference,reference,52,1.16834,-0.265479,1.16419,-0.269579
rising_case1,reference,reference,53,1.16419,-0.269579,1.15997,-0.273625
rising_case1,reference,reference,54,1.15997,-0.273625,1.1557,-0.27762
rising_case1,reference,reference,55,1.1557,-0.27762,1.15136,-0.28155600000000003
rising_case1,reference,reference,56,1.15136,-0.28155600000000003,1.14696,-0.285433
rising_case1,reference,reference,57,1.14696,-0.285433,1.1425,-0.289252
rising_case1,reference,reference,58,1.1425,-0.289252,1.13797,-0.293003
rising_case1,reference,reference,59,1.13797,-0.293003,1.13337,-0.29669
rising_case1,reference,reference,60,1.13337,-0.29669,1.12872,-0.3003
rising_case1,reference,reference,61,1.12872,-0.3003,1.12399,-0.303836
rising_case1,reference,reference,62,1.12399,-0.303836,1.11921,-0.30728500000000003
rising_case1,reference,reference,63,1.11921,-0.30728500000000003,1.11435,-0.31064800000000004
rising_case1,reference,reference,64,1.11435,-0.31064800000000004,1.10944,-0.31391
rising_case1,reference,reference,65,1.10944,-0.31391,1.10446,-0.317067
rising_case1,reference,reference,66,1.10446,-0.317067,1.09941,-0.32011100000000003
rising_case1,reference,reference,67,1.09941,-0.32011100000000003,1.0943,-0.32302200000000003
rising_case1,reference,reference,68,1.0943,-0.32302200000000003,1.08913,-0.32579800000000003
rising_case1,reference,reference,69,1.08913,-0.32579800000000003,1.08392,-0.32841699999999996
rising_case1,reference,reference,70,1.08392,-0.32841699999999996,1.07865,-0.330872
rising_case1,reference,reference,71,1.07865,-0.330872,1.07334,-0.333138
rising_case1,reference,reference,72,1.07334,-0.333138,1.068,-0.335206
rising_case1,reference,reference,73,1.068,-0.335206,1.06265,-0.337053
rising_case1,reference,reference,74,1.06265,-0.337053,1.05729,-0.338666
rising_case1,reference,reference,75,1.05729,-0.338666,1.05195,-0.340026
rising_case1,reference,reference,76,1.05195,-0.340026,1.04664,-0.341121
rising_case1,reference,reference,77,1.04664,-0.341121,1.04141,-0.341939
rising_case1,reference,reference,78,1.04141,-0.341939,1.03624,-0.342476
rising_case1,reference,reference,79,1.03624,-0.342476,1.0312,-0.342727
rising_case1,reference,reference,80,1.0312,-0.342727,1.02629,-0.342698
rising_case1,reference,reference,81,1.02629,-0.342698,1.02153,-0.342397
rising_case1,reference,reference,82,1.02153,-0.342397,1.01695,-0.341839
rising_case1,reference,reference,83,1.01695,-0.341839,1.01255,-0.34104
rising_case1,reference,reference,84,1.01255,-0.34104,1.00834,-0.340018
rising_case1,reference,reference,85,1.00834,-0.340018,1.00433,-0.338795
rising_case1,reference,reference,86,1.00433,-0.338795,1.0005,-0.337389
rising_case1,reference,reference,87,1.0005,-0.337389,0.996851,-0.335815
rising_case1,reference,reference,88,0.996851,-0.335815,0.993375,-0.33408899999999997
rising_case1,reference,reference,89,0.993375,-0.33408899999999997,0.990052,-0.332219
rising_case1,reference,reference,90,0.990052,-0.332219,0.986871,-0.330214
rising_case1,reference,reference,91,0.986871,-0.330214,0.983818,-0.328077
rising_case1,reference,reference,92,0.983818,-0.328077,0.98088,-0.325809
rising_case1,reference,reference,93,0.98088,-0.325809,0.978044,-0.323411
rising_case1,reference,reference,94,0.978044,-0.323411,0.975299,-0.320879
rising_case1,reference,reference,95,0.975299,-0.320879,0.972638,-0.318211
rising_case1,reference,reference,96,0.972638,-0.318211,0.970056,-0.31540599999999996
rising_case1,reference,reference,97,0.970056,-0.31540599999999996,0.967549,-0.31246399999999996
rising_case1,reference,reference,98,0.967549,-0.31246399999999996,0.965112,-0.309378
rising_case1,reference,reference,99,0.965112,-0.309378,0.962749,-0.30615899999999996
rising_case1,reference,reference,100,0.962749,-0.30615899999999996,0.960458,-0.302802
rising_case1,reference,reference,101,0.960458,-0.302802,0.958236,-0.299309
rising_case1,reference,reference,102,0.958236,-0.299309,0.95609,-0.295692
rising_case1,reference,reference,103,0.95609,-0.295692,0.95402,-0.291958
rising_case1,reference,reference,104,0.95402,-0.291958,0.952021,-0.288099
rising_case1,reference,reference,105,0.952021,-0.288099,0.950101,-0.284138
rising_case1,reference,reference,106,0.950101,-0.284138,0.948253,-0.28007000000000004
rising_case1,reference,reference,107,0.948253,-0.28007000000000004,0.946483,-0.275912
rising_case1,reference,reference,108,0.946483,-0.275912,0.944784,-0.271659
rising_case1,reference,reference,109,0.944784,-0.271659,0.943161,-0.267332
rising_case1,reference,reference,110,0.943161,-0.267332,0.941607,-0.262922
rising_case1,reference,reference,111,0.941607,-0.262922,0.940125,-0.258451
rising_case1,reference,reference,112,0.940125,-0.258451,0.938709,-0.253908
rising_case1,reference,reference,113,0.938709,-0.253908,0.93736,-0.249311
rising_case1,reference,reference,114,0.93736,-0.249311,0.936074,-0.244662
rising_case1,reference,reference,115,0.936074,-0.244662,0.934849,-0.239958
rising_case1,reference,reference,116,0.934849,-0.239958,0.933684,-0.23521399999999998
rising_case1,reference,reference,117,0.933684,-0.23521399999999998,0.932574,-0.230423
rising_case1,reference,reference,118,0.932574,-0.230423,0.93152,-0.225599
rising_case1,reference,reference,119,0.93152,-0.225599,0.930517,-0.22073500000000001
rising_case1,reference,reference,120,0.930517,-0.22073500000000001,0.929564,-0.21584199999999998
rising_case1,reference,reference,121,0.929564,-0.21584199999999998,0.928658,-0.210916
rising_case1,reference,reference,122,0.928658,-0.210916,0.927799,-0.20596599999999998
rising_case1,reference,reference,123,0.927799,-0.20596599999999998,0.926982,-0.20098700000000003
rising_case1,reference,reference,124,0.926982,-0.20098700000000003,0.926208,-0.195986
rising_case1,reference,reference,125,0.926208,-0.195986,0.925472,-0.19096000000000002
rising_case1,reference,reference,126,0.925472,-0.19096000000000002,0.924775,-0.18591600000000003
rising_case1,reference,reference,127,0.924775,-0.18591600000000003,0.924114,-0.18085099999999998
rising_case1,reference,reference,128,0.924114,-0.18085099999999998,0.923487,-0.17576999999999998
rising_case1,reference,reference,129,0.923487,-0.17576999999999998,0.922894,-0.170672
rising_case1,reference,reference,130,0.922894,-0.170672,0.922332,-0.165557
rising_case1,reference,reference,131,0.922332,-0.165557,0.9218,-0.160429
rising_case1,reference,reference,132,0.9218,-0.160429,0.921296,-0.15528599999999998
rising_case1,reference,reference,133,0.921296,-0.15528599999999998,0.920821,-0.150129
rising_case1,reference,reference,134,0.920821,-0.150129,0.920371,-0.144961
rising_case1,reference,reference,135,0.920371,-0.144961,0.919947,-0.13978200000000002
rising_case1,reference,reference,136,0.919947,-0.13978200000000002,0.919547,-0.13459100000000002
rising_case1,reference,reference,137,0.919547,-0.13459100000000002,0.919169,-0.12939099999999998
rising_case1,reference,reference,138,0.919169,-0.12939099999999998,0.918814,-0.12418000000000001
rising_case1,reference,reference,139,0.918814,-0.12418000000000001,0.91848,-0.11896200000000001
rising_case1,reference,reference,140,0.91848,-0.11896200000000001,0.918167,-0.11373299999999997
rising_case1,reference,reference,141,0.918167,-0.11373299999999997,0.917872,-0.10849799999999998
rising_case1,reference,reference,142,0.917872,-0.10849799999999998,0.917597,-0.10325499999999999
rising_case1,reference,reference,143,0.917597,-0.10325499999999999,0.917339,-0.09800500000000001
rising_case1,reference,reference,144,0.917339,-0.09800500000000001,0.917099,-0.092748
rising_case1,reference,reference,145,0.917099,-0.092748,0.916876,-0.08748600000000001
rising_case1,reference,reference,146,0.916876,-0.08748600000000001,0.916668,-0.08221699999999998
rising_case1,reference,reference,147,0.916668,-0.08221699999999998,0.916477,-0.07694299999999998
rising_case1,reference,reference,148,0.916477,-0.07694299999999998,0.9163,-0.071664
rising_case1,reference,reference,149,0.9163,-0.071664,0.916138,-0.06638100000000002
rising_case1,reference,reference,150,0.916138,-0.06638100000000002,0.915989,-0.06109300000000001
rising_case1,reference,reference,151,0.915989,-0.06109300000000001,0.915855,-0.05580200000000002
rising_case1,reference,reference,152,0.915855,-0.05580200000000002,0.915734,-0.050505999999999995
rising_case1,reference,reference,153,0.915734,-0.050505999999999995,0.915626,-0.045209
rising_case1,reference,reference,154,0.915626,-0.045209,0.915531,-0.039907000000000026
rising_case1,reference,reference,155,0.915531,-0.039907000000000026,0.915448,-0.034604000000000024
rising_case1,reference,reference,156,0.915448,-0.034604000000000024,0.915378,-0.02929799999999999
rising_case1,reference,reference,157,0.915378,-0.02929799999999999,0.915319,-0.02399000000000001
rising_case1,reference,reference,158,0.915319,-0.02399000000000001,0.915273,-0.018681999999999976
rising_case1,reference,reference,159,0.915273,-0.018681999999999976,0.915238,-0.013371000000000022
rising_case1,reference,reference,160,0.915238,-0.013371000000000022,0.915215,-0.008060999999999985
rising_case1,reference,reference,161,0.915215,-0.008060999999999985,0.915204,-0.0027490000000000014
rising_case1,reference,reference,162,0.915204,-0.0027490000000000014,0.915204,0.002561999999999953
rising_case1,reference,reference,163,0.915204,0.002561999999999953,0.915216,0.007873000000000019
rising_case1,reference,reference,164,0.915216,0.007873000000000019,0.915239,0.013183999999999974
rising_case1,reference,reference,165,0.915239,0.013183999999999974,0.915274,0.01849400000000001
rising_case1,reference,reference,166,0.915274,0.01849400000000001,0.915321,0.02380300000000002
rising_case1,reference,reference,167,0.915321,0.02380300000000002,0.91538,0.02910999999999997
rising_case1,reference,reference,168,0.91538,0.02910999999999997,0.915451,0.034416
rising_case1,reference,reference,169,0.915451,0.034416,0.915534,0.03971899999999995
rising_case1,reference,reference,170,0.915534,0.03971899999999995,0.91563,0.04501999999999995
rising_case1,reference,reference,171,0.91563,0.04501999999999995,0.915738,0.050317999999999974
rising_case1,reference,reference,172,0.915738,0.050317999999999974,0.915859,0.055613000000000024
rising_case1,reference,reference,173,0.915859,0.055613000000000024,0.915994,0.06090499999999999
rising_case1,reference,reference,174,0.915994,0.06090499999999999,0.916142,0.06619299999999995
rising_case1,reference,reference,175,0.916142,0.06619299999999995,0.916305,0.07147700000000001
rising_case1,reference,reference,176,0.916305,0.07147700000000001,0.916482,0.07675500000000002
rising_case1,reference,reference,177,0.916482,0.07675500000000002,0.916674,0.08203000000000005
rising_case1,reference,reference,178,0.916674,0.08203000000000005,0.916882,0.08729900000000002
rising_case1,reference,reference,179,0.916882,0.08729900000000002,0.917105,0.092561
rising_case1,reference,reference,180,0.917105,0.092561,0.917346,0.09781899999999999
rising_case1,reference,reference,181,0.917346,0.09781899999999999,0.917603,0.10306899999999997
rising_case1,reference,reference,182,0.917603,0.10306899999999997,0.917879,0.10831299999999999
rising_case1,reference,reference,183,0.917879,0.10831299999999999,0.918173,0.11354799999999998
rising_case1,reference,reference,184,0.918173,0.11354799999999998,0.918487,0.11877599999999999
rising_case1,reference,reference,185,0.918487,0.11877599999999999,0.918821,0.123996
rising_case1,reference,reference,186,0.918821,0.123996,0.919176,0.12920600000000004
rising_case1,reference,reference,187,0.919176,0.12920600000000004,0.919553,0.13440700000000005
rising_case1,reference,reference,188,0.919553,0.13440700000000005,0.919953,0.13959699999999997
rising_case1,reference,reference,189,0.919953,0.13959699999999997,0.920377,0.14477700000000004
rising_case1,reference,reference,190,0.920377,0.14477700000000004,0.920826,0.14994600000000002
rising_case1,reference,reference,191,0.920826,0.14994600000000002,0.921301,0.15510199999999996
rising_case1,reference,reference,192,0.921301,0.15510199999999996,0.921804,0.160246
rising_case1,reference,reference,193,0.921804,0.160246,0.922336,0.16537500000000005
rising_case1,reference,reference,194,0.922336,0.16537500000000005,0.922897,0.17049099999999995
rising_case1,reference,reference,195,0.922897,0.17049099999999995,0.92349,0.175589
rising_case1,reference,reference,196,0.92349,0.175589,0.924116,0.18067200000000005
rising_case1,reference,reference,197,0.924116,0.18067200000000005,0.924777,0.18573799999999996
rising_case1,reference,reference,198,0.924777,0.18573799999999996,0.925473,0.190782
rising_case1,reference,reference,199,0.925473,0.190782,0.926207,0.19580799999999998
rising_case1,reference,reference,200,0.926207,0.19580799999999998,0.926981,0.20080900000000002
rising_case1,reference,reference,201,0.926981,0.20080900000000002,0.927796,0.20578799999999997
rising_case1,reference,reference,202,0.927796,0.20578799999999997,0.928655,0.210743
rising_case1,reference,reference,203,0.928655,0.210743,0.929559,0.215669
rising_case1,reference,reference,204,0.929559,0.215669,0.93051,0.22056200000000004
rising_case1,reference,reference,205,0.93051,0.22056200000000004,0.931512,0.22542700000000004
rising_case1,reference,reference,206,0.931512,0.22542700000000004,0.932565,0.23025300000000004
rising_case1,reference,reference,207,0.932565,0.23025300000000004,0.933673,0.23504499999999995
rising_case1,reference,reference,208,0.933673,0.23504499999999995,0.934836,0.23979099999999998
rising_case1,reference,reference,209,0.934836,0.23979099999999998,0.93606,0.24449600000000005
rising_case1,reference,reference,210,0.93606,0.24449600000000005,0.937343,0.249147
rising_case1,reference,reference,211,0.937343,0.249147,0.938691,0.253749
rising_case1,reference,reference,212,0.938691,0.253749,0.940104,0.25828700000000004
rising_case1,reference,reference,213,0.940104,0.25828700000000004,0.941586,0.26276900000000003
rising_case1,reference,reference,214,0.941586,0.26276900000000003,0.943135,0.267174
rising_case1,reference,reference,215,0.943135,0.267174,0.944758,0.27151000000000003
rising_case1,reference,reference,216,0.944758,0.27151000000000003,0.946452,0.27576
rising_case1,reference,reference,217,0.946452,0.27576,0.948222,0.27992799999999995
rising_case1,reference,reference,218,0.948222,0.27992799999999995,0.950064,0.28399300000000005
rising_case1,reference,reference,219,0.950064,0.28399300000000005,0.951986,0.287964
rising_case1,reference,reference,220,0.951986,0.287964,0.953978,0.29181900000000005
rising_case1,reference,reference,221,0.953978,0.29181900000000005,0.956049,0.29556499999999997
rising_case1,reference,reference,222,0.956049,0.29556499999999997,0.958191,0.299183
rising_case1,reference,reference,223,0.958191,0.299183,0.96041,0.30267900000000003
rising_case1,reference,reference,224,0.96041,0.30267900000000003,0.962697,0.30603800000000003
rising_case1,reference,reference,225,0.962697,0.30603800000000003,0.96506,0.30926600000000004
rising_case1,reference,reference,226,0.96506,0.30926600000000004,0.967491,0.31235
rising_case1,reference,reference,227,0.967491,0.31235,0.969998,0.3153
rising_case1,reference,reference,228,0.969998,0.3153,0.972575,0.31810700000000003
rising_case1,reference,reference,229,0.972575,0.31810700000000003,0.975233,0.32077900000000004
rising_case1,reference,reference,230,0.975233,0.32077900000000004,0.977974,0.323315
rising_case1,reference,reference,231,0.977974,0.323315,0.980807,0.32571700000000003
rising_case1,reference,reference,232,0.980807,0.32571700000000003,0.983742,0.32798799999999995
rising_case1,reference,reference,233,0.983742,0.32798799999999995,0.986791,0.33013000000000003
rising_case1,reference,reference,234,0.986791,0.33013000000000003,0.989965,0.33213800000000004
rising_case1,reference,reference,235,0.989965,0.33213800000000004,0.993282,0.334012
rising_case1,reference,reference,236,0.993282,0.334012,0.996754,0.335743
rising_case1,reference,reference,237,0.996754,0.335743,1.00039,0.33731999999999995
rising_case1,reference,reference,238,1.00039,0.33731999999999995,1.00422,0.33873299999999995
rising_case1,reference,reference,239,1.00422,0.33873299999999995,1.00822,0.33996099999999996
rising_case1,reference,reference,240,1.00822,0.33996099999999996,1.01242,0.34098799999999996
rising_case1,reference,reference,241,1.01242,0.34098799999999996,1.01682,0.34179499999999996
rising_case1,reference,reference,242,1.01682,0.34179499999999996,1.02139,0.342361
rising_case1,reference,reference,243,1.02139,0.342361,1.02614,0.34267000000000003
rising_case1,reference,reference,244,1.02614,0.34267000000000003,1.03105,0.342707
rising_case1,reference,reference,245,1.03105,0.342707,1.03609,0.342464
rising_case1,reference,reference,246,1.03609,0.342464,1.04124,0.341936
rising_case1,reference,reference,247,1.04124,0.341936,1.04648,0.341125
rising_case1,reference,reference,248,1.04648,0.341125,1.05179,0.34003700000000003
rising_case1,reference,reference,249,1.05179,0.34003700000000003,1.05712,0.33868600000000004
rising_case1,reference,reference,250,1.05712,0.33868600000000004,1.06248,0.337078
rising_case1,reference,reference,251,1.06248,0.337078,1.06783,0.33523800000000004
rising_case1,reference,reference,252,1.06783,0.33523800000000004,1.07317,0.333175
rising_case1,reference,reference,253,1.07317,0.333175,1.07848,0.330913
rising_case1,reference,reference,254,1.07848,0.330913,1.08375,0.32846299999999995
rising_case1,reference,reference,255,1.08375,0.32846299999999995,1.08897,0.32584599999999997
rising_case1,reference,reference,256,1.08897,0.32584599999999997,1.09413,0.32307699999999995
rising_case1,reference,reference,257,1.09413,0.32307699999999995,1.09925,0.320164
rising_case1,reference,reference,258,1.09925,0.320164,1.10429,0.31712700000000005
rising_case1,reference,reference,259,1.10429,0.31712700000000005,1.10928,0.31396999999999997
rising_case1,reference,reference,260,1.10928,0.31396999999999997,1.1142,0.31071099999999996
rising_case1,reference,reference,261,1.1142,0.31071099999999996,1.11905,0.30735
rising_case1,reference,reference,262,1.11905,0.30735,1.12384,0.303902
rising_case1,reference,reference,263,1.12384,0.303902,1.12856,0.300369
rising_case1,reference,reference,264,1.12856,0.300369,1.13322,0.296759
rising_case1,reference,reference,265,1.13322,0.296759,1.13782,0.293075
rising_case1,reference,reference,266,1.13782,0.293075,1.14234,0.28932599999999997
rising_case1,reference,reference,267,1.14234,0.28932599999999997,1.14681,0.285508
rising_case1,reference,reference,268,1.14681,0.285508,1.15121,0.281633
rising_case1,reference,reference,269,1.15121,0.281633,1.15555,0.277695
rising_case1,reference,reference,270,1.15555,0.277695,1.15983,0.273705
rising_case1,reference,reference,271,1.15983,0.273705,1.16404,0.26965799999999995
rising_case1,reference,reference,272,1.16404,0.26965799999999995,1.1682,0.26556100000000005
rising_case1,reference,reference,273,1.1682,0.26556100000000005,1.17229,0.261412
rising_case1,reference,reference,274,1.17229,0.261412,1.17631,0.25721499999999997
rising_case1,reference,reference,275,1.17631,0.25721499999999997,1.18028,0.25296700000000005
rising_case1,reference,reference,276,1.18028,0.25296700000000005,1.18418,0.24867499999999998
rising_case1,reference,reference,277,1.18418,0.24867499999999998,1.18802,0.244336
rising_case1,reference,reference,278,1.18802,0.244336,1.1918,0.23995
rising_case1,reference,reference,279,1.1918,0.23995,1.19552,0.23552099999999998
rising_case1,reference,reference,280,1.19552,0.23552099999999998,1.19917,0.23104499999999994
rising_case1,reference,reference,281,1.19917,0.23104499999999994,1.20275,0.22652899999999998
rising_case1,reference,reference,282,1.20275,0.22652899999999998,1.20628,0.22196700000000003
rising_case1,reference,reference,283,1.20628,0.22196700000000003,1.20973,0.217364
rising_case1,reference,reference,284,1.20973,0.217364,1.21312,0.21271600000000002
rising_case1,reference,reference,285,1.21312,0.21271600000000002,1.21645,0.20802900000000002
rising_case1,reference,reference,286,1.21645,0.20802900000000002,1.2197,0.20330000000000004
rising_case1,reference,reference,287,1.2197,0.20330000000000004,1.22289,0.19852899999999996
rising_case1,reference,reference,288,1.22289,0.19852899999999996,1.22601,0.19372
rising_case1,reference,reference,289,1.22601,0.19372,1.22906,0.188867
rising_case1,reference,reference,290,1.22906,0.188867,1.23204,0.18397799999999997
rising_case1,reference,reference,291,1.23204,0.18397799999999997,1.23494,0.17905099999999996
rising_case1,reference,reference,292,1.23494,0.17905099999999996,1.23778,0.17408100000000004
rising_case1,reference,reference,293,1.23778,0.17408100000000004,1.24054,0.16907700000000003
rising_case1,reference,reference,294,1.24054,0.16907700000000003,1.24322,0.16403299999999998
rising_case1,reference,reference,295,1.24322,0.16403299999999998,1.24583,0.15895400000000004
rising_case1,reference,reference,296,1.24583,0.15895400000000004,1.24836,0.153841
rising_case1,reference,reference,297,1.24836,0.153841,1.25082,0.14868800000000004
rising_case1,reference,reference,298,1.25082,0.14868800000000004,1.25319,0.14350399999999996
rising_case1,reference,reference,299,1.25319,0.14350399999999996,1.25549,0.13828700000000005
rising_case1,reference,reference,300,1.25549,0.13828700000000005,1.25771,0.13303399999999999
rising_case1,reference,reference,301,1.25771,0.13303399999999999,1.25984,0.12775099999999995
rising_case1,reference,reference,302,1.25984,0.12775099999999995,1.26189,0.12243700000000002
rising_case1,reference,reference,303,1.26189,0.12243700000000002,1.26386,0.11709199999999997
rising_case1,reference,reference,304,1.26386,0.11709199999999997,1.26574,0.11172000000000004
rising_case1,reference,reference,305,1.26574,0.11172000000000004,1.26753,0.10631900000000005
rising_case1,reference,reference,306,1.26753,0.10631900000000005,1.26925,0.100889
rising_case1,reference,reference,307,1.26925,0.100889,1.27087,0.09543599999999997
rising_case1,reference,reference,308,1.27087,0.09543599999999997,1.2724,0.08995900000000001
rising_case1,reference,reference,309,1.2724,0.08995900000000001,1.27385,0.08445599999999998
rising_case1,reference,reference,310,1.27385,0.08445599999999998,1.27521,0.07893399999999995
rising_case1,reference,reference,311,1.27521,0.07893399999999995,1.27648,0.07338699999999998
rising_case1,reference,reference,312,1.27648,0.07338699999999998,1.27765,0.06782600000000005
rising_case1,reference,reference,313,1.27765,0.06782600000000005,1.27874,0.06224200000000002
rising_case1,reference,reference,314,1.27874,0.06224200000000002,1.27973,0.05664400000000003
rising_case1,reference,reference,315,1.27973,0.05664400000000003,1.28063,0.051032999999999995
rising_case1,reference,reference,316,1.28063,0.051032999999999995,1.28143,0.045404
rising_case1,reference,reference,317,1.28143,0.045404,1.28215,0.03976500000000005
rising_case1,reference,reference,318,1.28215,0.03976500000000005,1.28277,0.03411200000000003
rising_case1,reference,reference,319,1.28277,0.03411200000000003,1.28329,0.02845399999999998
rising_case1,reference,reference,320,1.28329,0.02845399999999998,1.28372,0.022787
rising_case1,reference,reference,321,1.28372,0.022787,1.28405,0.017110999999999987
rising_case1,reference,reference,322,1.28405,0.017110999999999987,1.28429,0.011434000000000055
rising_case1,reference,reference,323,1.28429,0.011434000000000055,1.28444,0.005753000000000008
rising_case1,reference,reference,324,1.28444,0.005753000000000008,1.28449,6.60000000000105e-05
rising_case1,clsvof,0,0,0.795174,0.0,0.795185,0.00390625
rising_case1,clsvof,0,1,0.795185,0.00390625,0.795218,0.0078125
rising_case1,clsvof,0,2,0.795218,0.0078125,0.795274,0.0117188
rising_case1,clsvof,0,3,0.795274,0.0117188,0.795353,0.015625
rising_case1,clsvof,0,4,0.795353,0.015625,0.795454,0.0195312
rising_case1,clsvof,0,5,0.795454,0.0195312,0.795578,0.0234375
rising_case1,clsvof,0,6,0.795578,0.0234375,0.795723,0.0273438
rising_case1,clsvof,0,7,0.795723,0.0273438,0.795891,0.03125
rising_case1,clsvof,0,8,0.795891,0.03125,0.796082,0.0351562
rising_case1,clsvof,0,9,0.796082,0.0351562,0.796295,0.0390625
rising_case1,clsvof,0,10,0.796296,0.0390625,0.796528,0.0429688
rising_case1,clsvof,0,11,0.796524,0.0429688,0.796782,0.046875
rising_case1,clsvof,0,12,0.796784,0.046875,0.796875,0.0481034
rising_case1,clsvof,0,13,0.796875,0.048121,0.797072,0.0507812
rising_case1,clsvof,0,14,0.797073,0.0507812,0.797392,0.0546875
rising_case1,clsvof,0,15,0.797392,0.0546875,0.797741,0.0585938
rising_case1,clsvof,0,16,0.797743,0.0585938,0.798118,0.0625
rising_case1,clsvof,0,17,0.798119,0.0625,0.798515,0.0664062
rising_case1,clsvof,0,18,0.798515,0.0664062,0.798929,0.0703125
rising_case1,clsvof,0,19,0.798927,0.0703125,0.79936,0.0742188
rising_case1,clsvof,0,20,0.799359,0.0742188,0.799816,0.078125
rising_case1,clsvof,0,21,0.799817,0.078125,0.800297,0.0820312
rising_case1,clsvof,0,22,0.800283,0.0820312,0.800781,0.085722
rising_case1,clsvof,0,23,0.800781,0.08573,0.800809,0.0859375
rising_case1,clsvof,0,24,0.800822,0.0859375,0.801401,0.0898438
rising_case1,clsvof,0,25,0.801404,0.0898438,0.802008,0.09375
rising_case1,clsvof,0,26,0.802011,0.09375,0.802627,0.0976562
rising_case1,clsvof,0,27,0.802623,0.0976562,0.803252,0.101562
rising_case1,clsvof,0,28,0.803251,0.101562,0.803904,0.105469
rising_case1,clsvof,0,29,0.803887,0.105469,0.8046,0.109375
rising_case1,clsvof,0,30,0.804607,0.109375,0.804688,0.109777
rising_case1,clsvof,0,31,0.804688,0.109744,0.805394,0.113281
rising_case1,clsvof,0,32,0.805404,0.113281,0.806203,0.117188
rising_case1,clsvof,0,33,0.806201,0.117188,0.807001,0.121094
rising_case1,clsvof,0,34,0.806993,0.121094,0.807817,0.125
rising_case1,clsvof,0,35,0.807797,0.125,0.808594,0.12844
rising_case1,clsvof,0,36,0.808594,0.128446,0.8087,0.128906
rising_case1,clsvof,0,37,0.808727,0.128906,0.809702,0.132812
rising_case1,clsvof,0,38,0.809715,0.132812,0.810685,0.136719
rising_case1,clsvof,0,39,0.810664,0.136719,0.811647,0.140625
rising_case1,clsvof,0,40,0.811625,0.140625,0.8125,0.143785
rising_case1,clsvof,0,41,0.8125,0.143779,0.812708,0.144531
rising_case1,clsvof,0,42,0.812746,0.144531,0.813892,0.148438
rising_case1,clsvof,0,43,0.813894,0.148438,0.815025,0.152344
rising_case1,clsvof,0,44,0.81498,0.152344,0.816182,0.15625
rising_case1,clsvof,0,45,0.81618,0.15625,0.816406,0.156928
rising_case1,clsvof,0,46,0.816406,0.156818,0.817519,0.160156
rising_case1,clsvof,0,47,0.817536,0.160156,0.818833,0.164062
rising_case1,clsvof,0,48,0.818772,0.164062,0.820139,0.167969
rising_case1,clsvof,0,49,0.820138,0.167969,0.820312,0.168433
rising_case1,clsvof,0,50,0.820312,0.168296,0.821656,0.171875
rising_case1,clsvof,0,51,0.821652,0.171875,0.823125,0.175781
rising_case1,clsvof,0,52,0.823072,0.175781,0.824219,0.178625
rising_case1,clsvof,0,53,0.824219,0.178585,0.824663,0.179688
rising_case1,clsvof,0,54,0.824724,0.179688,0.826354,0.183594
rising_case1,clsvof,0,55,0.826276,0.183594,0.827972,0.1875
rising_case1,clsvof,0,56,0.827971,0.1875,0.828125,0.187836
rising_case1,clsvof,0,57,0.828125,0.187687,0.829829,0.191406
rising_case1,clsvof,0,58,0.829776,0.191406,0.83163,0.195312
rising_case1,clsvof,0,59,0.831607,0.195312,0.832031,0.196165
rising_case1,clsvof,0,60,0.832031,0.196018,0.833622,0.199219
rising_case1,clsvof,0,61,0.83357,0.199219,0.835604,0.203125
rising_case1,clsvof,0,62,0.83558,0.203125,0.835938,0.203787
rising_case1,clsvof,0,63,0.835938,0.203639,0.837772,0.207031
rising_case1,clsvof,0,64,0.837701,0.207031,0.839844,0.210797
rising_case1,clsvof,0,65,0.839844,0.210798,0.839923,0.210938
rising_case1,clsvof,0,66,0.839987,0.210938,0.842311,0.214844
rising_case1,clsvof,0,67,0.84223,0.214844,0.84375,0.217303
rising_case1,clsvof,0,68,0.84375,0.217205,0.844705,0.21875
rising_case1,clsvof,0,69,0.84469,0.21875,0.847268,0.222656
rising_case1,clsvof,0,70,0.847249,0.222656,0.847656,0.223273
rising_case1,clsvof,0,71,0.847656,0.223193,0.849955,0.226562
rising_case1,clsvof,0,72,0.849891,0.226562,0.851562,0.228906
rising_case1,clsvof,0,73,0.851562,0.228816,0.852737,0.230469
rising_case1,clsvof,0,74,0.85271,0.230469,0.855469,0.234091
rising_case1,clsvof,0,75,0.855469,0.234087,0.85569,0.234375
rising_case1,clsvof,0,76,0.855695,0.234375,0.858825,0.238281
rising_case1,clsvof,0,77,0.858823,0.238281,0.859375,0.238954
rising_case1,clsvof,0,78,0.859375,0.238947,0.862098,0.242188
rising_case1,clsvof,0,79,0.862104,0.242188,0.863281,0.243544
rising_case1,clsvof,0,80,0.863281,0.243521,0.865548,0.246094
rising_case1,clsvof,0,81,0.865572,0.246094,0.867188,0.247845
rising_case1,clsvof,0,82,0.867188,0.247844,0.869228,0.25
rising_case1,clsvof,0,83,0.869253,0.25,0.871094,0.251874
rising_case1,clsvof,0,84,0.871094,0.251897,0.873135,0.253906
rising_case1,clsvof,0,85,0.873148,0.253906,0.875,0.255675
rising_case1,clsvof,0,86,0.875,0.255701,0.87731,0.257812
rising_case1,clsvof,0,87,0.877292,0.257812,0.878906,0.259255
rising_case1,clsvof,0,88,0.878906,0.259268,0.88177,0.261719
rising_case1,clsvof,0,89,0.881738,0.261719,0.882812,0.262614
rising_case1,clsvof,0,90,0.882812,0.262603,0.886573,0.265625
rising_case1,clsvof,0,91,0.886521,0.265625,0.886719,0.265779
rising_case1,clsvof,0,92,0.886719,0.265732,0.890625,0.268712
rising_case1,clsvof,0,93,0.890625,0.268748,0.891732,0.269531
rising_case1,clsvof,0,94,0.891739,0.269531,0.894531,0.271526
rising_case1,clsvof,0,95,0.894531,0.271503,0.897477,0.273438
rising_case1,clsvof,0,96,0.897354,0.273438,0.898438,0.274134
rising_case1,clsvof,0,97,0.898438,0.274043,0.902344,0.276484
rising_case1,clsvof,0,98,0.902344,0.276544,0.903719,0.277344
rising_case1,clsvof,0,99,0.903702,0.277344,0.90625,0.278825
rising_case1,clsvof,0,100,0.90625,0.278763,0.910156,0.280847
rising_case1,clsvof,0,101,0.910156,0.280884,0.910885,0.28125
rising_case1,clsvof,0,102,0.910918,0.28125,0.914062,0.282831
rising_case1,clsvof,0,103,0.914062,0.282837,0.917969,0.284628
rising_case1,clsvof,0,104,0.917969,0.28467,0.91911,0.285156
rising_case1,clsvof,0,105,0.919343,0.285156,0.921875,0.286236
rising_case1,clsvof,0,106,0.921875,0.286272,0.925781,0.287856
rising_case1,clsvof,0,107,0.925781,0.287944,0.929024,0.289062
rising_case1,clsvof,0,108,0.929324,0.289062,0.929688,0.289188
rising_case1,clsvof,0,109,0.929688,0.289139,0.933594,0.29038
rising_case1,clsvof,0,110,0.933594,0.290455,0.9375,0.291718
rising_case1,clsvof,0,111,0.9375,0.291785,0.941406,0.292783
rising_case1,clsvof,0,112,0.941406,0.292806,0.942259,0.292969
rising_case1,clsvof,0,113,0.943,0.292969,0.945312,0.293411
rising_case1,clsvof,0,114,0.945312,0.293395,0.949219,0.294163
rising_case1,clsvof,0,115,0.949219,0.294226,0.953125,0.295011
rising_case1,clsvof,0,116,0.953125,0.295,0.957031,0.295697
rising_case1,clsvof,0,117,0.957031,0.295713,0.960938,0.296311
rising_case1,clsvof,0,118,0.960938,0.296354,0.964844,0.296734
rising_case1,clsvof,0,119,0.964844,0.2967,0.96875,0.296846
rising_case1,clsvof,0,120,0.96875,0.296829,0.972656,0.296845
rising_case1,clsvof,0,121,0.972656,0.296831,0.976562,0.296777
rising_case1,clsvof,0,122,0.976562,0.296771,0.980469,0.296687
rising_case1,clsvof,0,123,0.980469,0.296677,0.984375,0.296593
rising_case1,clsvof,0,124,0.984375,0.296597,0.988281,0.296522
rising_case1,clsvof,0,125,0.988281,0.296561,0.992188,0.296407
rising_case1,clsvof,0,126,0.992188,0.296436,0.996094,0.296067
rising_case1,clsvof,0,127,0.996094,0.296074,1.0,0.295421
rising_case1,clsvof,0,128,1.0,0.295403,1.00391,0.294486
rising_case1,clsvof,0,129,1.00391,0.294406,1.00781,0.293421
rising_case1,clsvof,0,130,1.01172,0.292687,1.01004,0.292969
rising_case1,clsvof,0,131,1.00781,0.29326,1.00955,0.292969
rising_case1,clsvof,0,132,1.01172,0.292817,1.01562,0.292392
rising_case1,clsvof,0,133,1.01562,0.292608,1.01953,0.291636
rising_case1,clsvof,0,134,1.01953,0.291419,1.02344,0.2899
rising_case1,clsvof,0,135,1.02734,0.288631,1.02575,0.289062
rising_case1,clsvof,0,136,1.02344,0.289541,1.02521,0.289062
rising_case1,clsvof,0,137,1.02734,0.289036,1.03125,0.288055
rising_case1,clsvof,0,138,1.03125,0.287936,1.03516,0.286307
rising_case1,clsvof,0,139,1.03906,0.284796,1.03792,0.285156
rising_case1,clsvof,0,140,1.03516,0.285829,1.0373,0.285156
rising_case1,clsvof,0,141,1.04297,0.284001,1.03965,0.285156
rising_case1,clsvof,0,142,1.04297,0.283482,1.04688,0.281655
rising_case1,clsvof,0,143,1.05078,0.280409,1.04844,0.28125
rising_case1,clsvof,0,144,1.04688,0.281446,1.04742,0.28125
rising_case1,clsvof,0,145,1.05078,0.280634,1.05469,0.278893
rising_case1,clsvof,0,146,1.05859,0.276797,1.05739,0.277344
rising_case1,clsvof,0,147,1.05469,0.278322,1.05684,0.277344
rising_case1,clsvof,0,148,1.05859,0.277161,1.0625,0.275247
rising_case1,clsvof,0,149,1.06641,0.272804,1.06517,0.273438
rising_case1,clsvof,0,150,1.0625,0.274644,1.06486,0.273438
rising_case1,clsvof,0,151,1.06641,0.273208,1.07031,0.271214
rising_case1,clsvof,0,152,1.07422,0.268708,1.07281,0.269531
rising_case1,clsvof,0,153,1.07031,0.270757,1.07242,0.269531
rising_case1,clsvof,0,154,1.07422,0.268749,1.07812,0.266566
rising_case1,clsvof,0,155,1.08203,0.264255,1.0799,0.265625
rising_case1,clsvof,0,156,1.07812,0.266317,1.07921,0.265625
rising_case1,clsvof,0,157,1.08594,0.261352,1.08535,0.261719
rising_case1,clsvof,0,158,1.08203,0.263884,1.08544,0.261719
rising_case1,clsvof,0,159,1.08594,0.261648,1.08984,0.259118
rising_case1,clsvof,0,160,1.09375,0.25636,1.09175,0.257812
rising_case1,clsvof,0,161,1.08984,0.258684,1.09106,0.257812
rising_case1,clsvof,0,162,1.09766,0.253315,1.09679,0.253906
rising_case1,clsvof,0,163,1.09375,0.256093,1.09688,0.253906
rising_case1,clsvof,0,164,1.09766,0.253437,1.10156,0.250812
rising_case1,clsvof,0,165,1.10547,0.248127,1.10304,0.25
rising_case1,clsvof,0,166,1.10156,0.250535,1.1023,0.25
rising_case1,clsvof,0,167,1.10938,0.244499,1.10757,0.246094
rising_case1,clsvof,0,168,1.10547,0.247678,1.10733,0.246094
rising_case1,clsvof,0,169,1.11328,0.240853,1.11177,0.242188
rising_case1,clsvof,0,170,1.10938,0.244359,1.11189,0.242188
rising_case1,clsvof,0,171,1.11719,0.237366,1.11615,0.238281
rising_case1,clsvof,0,172,1.11328,0.241,1.1164,0.238281
rising_case1,clsvof,0,173,1.12109,0.233867,1.12054,0.234375
rising_case1,clsvof,0,174,1.11719,0.237583,1.12073,0.234375
rising_case1,clsvof,0,175,1.125,0.230225,1.12475,0.230469
rising_case1,clsvof,0,176,1.12109,0.234037,1.1248,0.230469
rising_case1,clsvof,0,177,1.12891,0.226344,1.1287,0.226562
rising_case1,clsvof,0,178,1.125,0.230264,1.12861,0.226562
rising_case1,clsvof,0,179,1.13281,0.222153,1.13236,0.222656
rising_case1,clsvof,0,180,1.12891,0.226226,1.1322,0.222656
rising_case1,clsvof,0,181,1.13672,0.217489,1.13567,0.21875
rising_case1,clsvof,0,182,1.13281,0.221953,1.1356,0.21875
rising_case1,clsvof,0,183,1.14062,0.21275,1.13889,0.214844
rising_case1,clsvof,0,184,1.13672,0.217333,1.13881,0.214844
rising_case1,clsvof,0,185,1.14453,0.20785,1.14234,0.210938
rising_case1,clsvof,0,186,1.14062,0.212753,1.14212,0.210938
rising_case1,clsvof,0,187,1.14844,0.202831,1.14818,0.203125
rising_case1,clsvof,0,188,1.14745,0.203125,1.14465,0.207031
rising_case1,clsvof,0,189,1.14453,0.207923,1.14511,0.207031
rising_case1,clsvof,0,190,1.14844,0.201997,1.15099,0.199219
rising_case1,clsvof,0,191,1.15625,0.190689,1.15577,0.191406
rising_case1,clsvof,0,192,1.15582,0.191406,1.154,0.195312
rising_case1,clsvof,0,193,1.15234,0.198449,1.15458,0.195312
rising_case1,clsvof,0,194,1.16016,0.183496,1.16012,0.183594
rising_case1,clsvof,0,195,1.16016,0.187406,1.16009,0.1875
rising_case1,clsvof,0,196,1.15625,0.190097,1.15831,0.1875
rising_case1,clsvof,0,197,1.16284,0.179688,1.16089,0.183594
rising_case1,clsvof,0,198,1.16016,0.187016,1.16232,0.183594
rising_case1,clsvof,0,199,1.16797,0.17113,1.16762,0.171875
rising_case1,clsvof,0,200,1.16797,0.172389,1.16662,0.175781
rising_case1,clsvof,0,201,1.16406,0.17899,1.16634,0.175781
rising_case1,clsvof,0,202,1.17188,0.160027,1.1718,0.160156
rising_case1,clsvof,0,203,1.17188,0.162803,1.17133,0.164062
rising_case1,clsvof,0,204,1.17188,0.164335,1.17015,0.167969
rising_case1,clsvof,0,205,1.16797,0.169687,1.16878,0.167969
rising_case1,clsvof,0,206,1.16797,0.172466,1.1682,0.171875
rising_case1,clsvof,0,207,1.17578,0.151447,1.17541,0.152344
rising_case1,clsvof,0,208,1.17578,0.155729,1.1756,0.15625
rising_case1,clsvof,0,209,1.17561,0.15625,1.17331,0.160156
rising_case1,clsvof,0,210,1.17188,0.16099,1.17224,0.160156
rising_case1,clsvof,0,211,1.17188,0.164318,1.172,0.164062
rising_case1,clsvof,0,212,1.17969,0.143544,1.17927,0.144531
rising_case1,clsvof,0,213,1.17969,0.147947,1.17947,0.148438
rising_case1,clsvof,0,214,1.1782,0.148438,1.17627,0.152344
rising_case1,clsvof,0,215,1.17578,0.156191,1.17713,0.152344
rising_case1,clsvof,0,216,1.18359,0.132273,1.18322,0.132812
rising_case1,clsvof,0,217,1.18359,0.136604,1.18355,0.136719
rising_case1,clsvof,0,218,1.18157,0.140625,1.17969,0.144531
rising_case1,clsvof,0,219,1.17969,0.147899,1.18113,0.144531
rising_case1,clsvof,0,220,1.1875,0.124258,1.18721,0.125
rising_case1,clsvof,0,221,1.1875,0.129492,1.18576,0.132812
rising_case1,clsvof,0,222,1.18359,0.136395,1.18484,0.132812
rising_case1,clsvof,0,223,1.18359,0.139554,1.18487,0.136719
rising_case1,clsvof,0,224,1.19141,0.116593,1.19128,0.117188
rising_case1,clsvof,0,225,1.19141,0.120174,1.19102,0.121094
rising_case1,clsvof,0,226,1.1893,0.121094,1.18764,0.125
rising_case1,clsvof,0,227,1.18868,0.125,1.18785,0.128906
rising_case1,clsvof,0,228,1.1875,0.12954,1.18783,0.128906
rising_case1,clsvof,0,229,1.19531,0.103952,1.19517,0.105469
rising_case1,clsvof,0,230,1.1942,0.109375,1.1922,0.113281
rising_case1,clsvof,0,231,1.19141,0.116657,1.19211,0.113281
rising_case1,clsvof,0,232,1.19141,0.119181,1.19223,0.117188
rising_case1,clsvof,0,233,1.19922,0.0915571,1.19901,0.09375
rising_case1,clsvof,0,234,1.19922,0.0942628,1.19803,0.0976562
rising_case1,clsvof,0,235,1.19726,0.0976562,1.1956,0.101562
rising_case1,clsvof,0,236,1.19531,0.104598,1.1956,0.101562
rising_case1,clsvof,0,237,1.19531,0.108776,1.19624,0.105469
rising_case1,clsvof,0,238,1.20286,0.0703125,1.20271,0.0742188
rising_case1,clsvof,0,239,1.20312,0.0752768,1.20288,0.078125
rising_case1,clsvof,0,240,1.20283,0.078125,1.20141,0.0820312
rising_case1,clsvof,0,241,1.20088,0.0820312,1.19955,0.0859375
rising_case1,clsvof,0,242,1.19922,0.0897094,1.19972,0.0859375
rising_case1,clsvof,0,243,1.19922,0.0910664,1.19934,0.0898438
rising_case1,clsvof,0,244,1.19922,0.0942405,1.19939,0.09375
rising_case1,clsvof,0,245,1.20703,0.0420561,1.20692,0.0429688
rising_case1,clsvof,0,246,1.20698,0.0429688,1.20591,0.046875
rising_case1,clsvof,0,247,1.20557,0.046875,1.20447,0.0507812
rising_case1,clsvof,0,248,1.20452,0.0507812,1.20395,0.0546875
rising_case1,clsvof,0,249,1.20405,0.0546875,1.20369,0.0585938
rising_case1,clsvof,0,250,1.20366,0.0585938,1.20338,0.0625
rising_case1,clsvof,0,251,1.20334,0.0625,1.20325,0.0664062
rising_case1,clsvof,0,252,1.20348,0.0664062,1.20322,0.0703125
rising_case1,clsvof,0,253,1.20312,0.0758263,1.20326,0.0742188
rising_case1,clsvof,0,254,1.20892,0.0,1.2089,0.00390625
rising_case1,clsvof,0,255,1.2089,0.00390625,1.20882,0.0078125
rising_case1,clsvof,0,256,1.20883,0.0078125,1.20867,0.0117188
rising_case1,clsvof,0,257,1.20861,0.0117188,1.2085,0.015625
rising_case1,clsvof,0,258,1.20862,0.015625,1.20844,0.0195312
rising_case1,clsvof,0,259,1.20834,0.0195312,1.20807,0.0234375
rising_case1,clsvof,0,260,1.20815,0.0234375,1.20785,0.0273438
rising_case1,clsvof,0,261,1.20774,0.0273438,1.20747,0.03125
rising_case1,clsvof,0,262,1.20753,0.03125,1.20741,0.0351562
rising_case1,clsvof,0,263,1.20745,0.0351562,1.2073,0.0390625
rising_case1,clsvof,0,264,1.20703,0.0421097,1.2074,0.0390625
rising_case1,nn,0,0,0.794615,0.0,0.794626,0.00390625
rising_case1,nn,0,1,0.794626,0.00390625,0.794658,0.0078125
rising_case1,nn,0,2,0.794659,0.0078125,0.794714,0.0117188
rising_case1,nn,0,3,0.794714,0.0117188,0.794791,0.015625
rising_case1,nn,0,4,0.794791,0.015625,0.794892,0.0195312
rising_case1,nn,0,5,0.794892,0.0195312,0.795016,0.0234375
rising_case1,nn,0,6,0.795016,0.0234375,0.795163,0.0273438
rising_case1,nn,0,7,0.795162,0.0273438,0.795331,0.03125
rising_case1,nn,0,8,0.795331,0.03125,0.795522,0.0351562
rising_case1,nn,0,9,0.795522,0.0351562,0.795734,0.0390625
rising_case1,nn,0,10,0.795734,0.0390625,0.795969,0.0429688
rising_case1,nn,0,11,0.795969,0.0429688,0.796226,0.046875
rising_case1,nn,0,12,0.796227,0.046875,0.796503,0.0507812
rising_case1,nn,0,13,0.796498,0.0507812,0.796804,0.0546875
rising_case1,nn,0,14,0.796808,0.0546875,0.796875,0.0554536
rising_case1,nn,0,15,0.796875,0.0554725,0.797147,0.0585938
rising_case1,nn,0,16,0.797146,0.0585938,0.797516,0.0625
rising_case1,nn,0,17,0.797518,0.0625,0.797918,0.0664062
rising_case1,nn,0,18,0.797919,0.0664062,0.798341,0.0703125
rising_case1,nn,0,19,0.798342,0.0703125,0.798782,0.0742188
rising_case1,nn,0,20,0.798782,0.0742188,0.799239,0.078125
rising_case1,nn,0,21,0.799237,0.078125,0.799717,0.0820312
rising_case1,nn,0,22,0.799718,0.0820312,0.800222,0.0859375
rising_case1,nn,0,23,0.800208,0.0859375,0.800761,0.0898438
rising_case1,nn,0,24,0.800771,0.0898438,0.800781,0.0899079
rising_case1,nn,0,25,0.800781,0.0898995,0.801381,0.09375
rising_case1,nn,0,26,0.801385,0.09375,0.802016,0.0976562
rising_case1,nn,0,27,0.802019,0.0976562,0.802662,0.101562
rising_case1,nn,0,28,0.802657,0.101562,0.803315,0.105469
rising_case1,nn,0,29,0.803314,0.105469,0.803996,0.109375
rising_case1,nn,0,30,0.803976,0.109375,0.804688,0.113079
rising_case1,nn,0,31,0.804688,0.113087,0.804725,0.113281
rising_case1,nn,0,32,0.804747,0.113281,0.805565,0.117188
rising_case1,nn,0,33,0.805574,0.117188,0.806398,0.121094
rising_case1,nn,0,34,0.806391,0.121094,0.807216,0.125
rising_case1,nn,0,35,0.8072,0.125,0.808071,0.128906
rising_case1,nn,0,36,0.808063,0.128906,0.808594,0.131063
rising_case1,nn,0,37,0.808594,0.131037,0.809031,0.132812
rising_case1,nn,0,38,0.809058,0.132812,0.81006,0.136719
rising_case1,nn,0,39,0.810056,0.136719,0.811046,0.140625
rising_case1,nn,0,40,0.811015,0.140625,0.812061,0.144531
rising_case1,nn,0,41,0.812057,0.144531,0.8125,0.146039
rising_case1,nn,0,42,0.8125,0.145973,0.813225,0.148438
rising_case1,nn,0,43,0.813254,0.148438,0.814418,0.152344
rising_case1,nn,0,44,0.814385,0.152344,0.815557,0.15625
rising_case1,nn,0,45,0.815534,0.15625,0.816406,0.158898
rising_case1,nn,0,46,0.816406,0.15887,0.81683,0.160156
rising_case1,nn,0,47,0.816878,0.160156,0.81821,0.164062
rising_case1,nn,0,48,0.81817,0.164062,0.819517,0.167969
rising_case1,nn,0,49,0.819496,0.167969,0.820312,0.170149
rising_case1,nn,0,50,0.820312,0.170084,0.820984,0.171875
rising_case1,nn,0,51,0.821026,0.171875,0.822516,0.175781
rising_case1,nn,0,52,0.822443,0.175781,0.823994,0.179688
rising_case1,nn,0,53,0.823995,0.179688,0.824219,0.180216
rising_case1,nn,0,54,0.824219,0.180075,0.825706,0.183594
rising_case1,nn,0,55,0.825675,0.183594,0.827368,0.1875
rising_case1,nn,0,56,0.827331,0.1875,0.828125,0.189232
rising_case1,nn,0,57,0.828125,0.189109,0.829178,0.191406
rising_case1,nn,0,58,0.829176,0.191406,0.831028,0.195312
rising_case1,nn,0,59,0.830968,0.195312,0.832031,0.197454
rising_case1,nn,0,60,0.832031,0.19734,0.832964,0.199219
rising_case1,nn,0,61,0.832964,0.199219,0.834997,0.203125
rising_case1,nn,0,62,0.834933,0.203125,0.835938,0.204982
rising_case1,nn,0,63,0.835938,0.204845,0.837121,0.207031
rising_case1,nn,0,64,0.83709,0.207031,0.839326,0.210938
rising_case1,nn,0,65,0.839288,0.210938,0.839844,0.211883
rising_case1,nn,0,66,0.839844,0.211748,0.841673,0.214844
rising_case1,nn,0,67,0.841605,0.214844,0.84375,0.218283
rising_case1,nn,0,68,0.84375,0.218254,0.844055,0.21875
rising_case1,nn,0,69,0.844089,0.21875,0.846659,0.222656
rising_case1,nn,0,70,0.846597,0.222656,0.847656,0.224231
rising_case1,nn,0,71,0.847656,0.22411,0.849322,0.226562
rising_case1,nn,0,72,0.849268,0.226562,0.851562,0.229747
rising_case1,nn,0,73,0.851562,0.229711,0.852107,0.230469
rising_case1,nn,0,74,0.852106,0.230469,0.855086,0.234375
rising_case1,nn,0,75,0.855079,0.234375,0.855469,0.234875
rising_case1,nn,0,76,0.855469,0.234858,0.8582,0.238281
rising_case1,nn,0,77,0.858188,0.238281,0.859375,0.23973
rising_case1,nn,0,78,0.859375,0.239674,0.861473,0.242188
rising_case1,nn,0,79,0.861472,0.242188,0.863281,0.244273
rising_case1,nn,0,80,0.863281,0.244246,0.864924,0.246094
rising_case1,nn,0,81,0.864955,0.246094,0.867188,0.248507
rising_case1,nn,0,82,0.867188,0.248532,0.868586,0.25
rising_case1,nn,0,83,0.868627,0.25,0.871094,0.252501
rising_case1,nn,0,84,0.871094,0.252543,0.872484,0.253906
rising_case1,nn,0,85,0.872519,0.253906,0.875,0.256259
rising_case1,nn,0,86,0.875,0.256302,0.876656,0.257812
rising_case1,nn,0,87,0.876663,0.257812,0.878906,0.259799
rising_case1,nn,0,88,0.878906,0.259829,0.881154,0.261719
rising_case1,nn,0,89,0.881092,0.261719,0.882812,0.263143
rising_case1,nn,0,90,0.882812,0.263137,0.885951,0.265625
rising_case1,nn,0,91,0.88589,0.265625,0.886719,0.266262
rising_case1,nn,0,92,0.886719,0.26622,0.890625,0.269145
rising_case1,nn,0,93,0.890625,0.26916,0.891147,0.269531
rising_case1,nn,0,94,0.891156,0.269531,0.894531,0.27193
rising_case1,nn,0,95,0.894531,0.271945,0.896819,0.273438
rising_case1,nn,0,96,0.896756,0.273438,0.898438,0.274529
rising_case1,nn,0,97,0.898438,0.274447,0.902344,0.276835
rising_case1,nn,0,98,0.902344,0.276887,0.903138,0.277344
rising_case1,nn,0,99,0.903134,0.277344,0.90625,0.279137
rising_case1,nn,0,100,0.90625,0.279106,0.910156,0.281165
rising_case1,nn,0,101,0.910156,0.281168,0.910321,0.28125
rising_case1,nn,0,102,0.910334,0.28125,0.914062,0.283099
rising_case1,nn,0,103,0.914062,0.283132,0.917969,0.284889
rising_case1,nn,0,104,0.917969,0.284912,0.918556,0.285156
rising_case1,nn,0,105,0.918788,0.285156,0.921875,0.286438
rising_case1,nn,0,106,0.921875,0.286484,0.925781,0.288026
rising_case1,nn,0,107,0.925781,0.288113,0.92867,0.289062
rising_case1,nn,0,108,0.929031,0.289062,0.929688,0.289278
rising_case1,nn,0,109,0.929688,0.289236,0.933594,0.290412
rising_case1,nn,0,110,0.933594,0.290475,0.9375,0.291686
rising_case1,nn,0,111,0.9375,0.291762,0.941406,0.29273
rising_case1,nn,0,112,0.941406,0.29277,0.942611,0.292969
rising_case1,nn,0,113,0.943391,0.292969,0.945312,0.293286
rising_case1,nn,0,114,0.945312,0.293224,0.949219,0.293846
rising_case1,nn,0,115,0.949219,0.293908,0.953125,0.294614
rising_case1,nn,0,116,0.953125,0.294629,0.957031,0.295268
rising_case1,nn,0,117,0.957031,0.295264,0.960938,0.295813
rising_case1,nn,0,118,0.960938,0.295826,0.964844,0.296268
rising_case1,nn,0,119,0.964844,0.296275,0.96875,0.296569
rising_case1,nn,0,120,0.96875,0.296571,0.972656,0.296698
rising_case1,nn,0,121,0.972656,0.296687,0.976562,0.296668
rising_case1,nn,0,122,0.976562,0.29665,0.980469,0.29654
rising_case1,nn,0,123,0.980469,0.296536,0.984375,0.296378
rising_case1,nn,0,124,0.984375,0.296396,0.988281,0.296163
rising_case1,nn,0,125,0.988281,0.296187,0.992188,0.295794
rising_case1,nn,0,126,0.992188,0.295801,0.996094,0.295187
rising_case1,nn,0,127,0.996094,0.295169,1.0,0.294355
rising_case1,nn,0,128,1.0,0.294289,1.00391,0.293442
rising_case1,nn,0,129,1.00781,0.292835,1.00689,0.292969
rising_case1,nn,0,130,1.00391,0.29333,1.00639,0.292969
rising_case1,nn,0,131,1.00781,0.292885,1.01172,0.292574
rising_case1,nn,0,132,1.01172,0.292799,1.01562,0.292091
rising_case1,nn,0,133,1.01562,0.292006,1.01953,0.290623
rising_case1,nn,0,134,1.01953,0.290279,1.02344,0.289078
rising_case1,nn,0,135,1.02734,0.288602,1.02479,0.289062
rising_case1,nn,0,136,1.02734,0.288985,1.03125,0.287556
rising_case1,nn,0,137,1.03125,0.286878,1.03516,0.285228
rising_case1,nn,0,138,1.03906,0.284518,1.03678,0.285156
rising_case1,nn,0,139,1.03516,0.285159,1.03517,0.285156
rising_case1,nn,0,140,1.03906,0.284722,1.04297,0.283024
rising_case1,nn,0,141,1.04688,0.280959,1.04614,0.28125
rising_case1,nn,0,142,1.04297,0.282288,1.04561,0.28125
rising_case1,nn,0,143,1.05078,0.280019,1.04791,0.28125
rising_case1,nn,0,144,1.05469,0.277331,1.05466,0.277344
rising_case1,nn,0,145,1.05078,0.279139,1.05462,0.277344
rising_case1,nn,0,146,1.05859,0.276524,1.0567,0.277344
rising_case1,nn,0,147,1.05859,0.275828,1.0625,0.273876
rising_case1,nn,0,148,1.06641,0.272548,1.0646,0.273438
rising_case1,nn,0,149,1.0625,0.273629,1.06289,0.273438
rising_case1,nn,0,150,1.06641,0.271981,1.07031,0.27004
rising_case1,nn,0,151,1.07422,0.268617,1.07261,0.269531
rising_case1,nn,0,152,1.07031,0.269804,1.07079,0.269531
rising_case1,nn,0,153,1.07812,0.265294,1.0776,0.265625
rising_case1,nn,0,154,1.07422,0.267798,1.07765,0.265625
rising_case1,nn,0,155,1.08203,0.263197,1.07813,0.265625
rising_case1,nn,0,156,1.08594,0.260552,1.08426,0.261719
rising_case1,nn,0,157,1.08203,0.262832,1.08363,0.261719
rising_case1,nn,0,158,1.08984,0.257799,1.08982,0.257812
rising_case1,nn,0,159,1.08594,0.260147,1.08984,0.257828
rising_case1,nn,0,160,1.09375,0.255853,1.09075,0.257812
rising_case1,nn,0,161,1.09766,0.252444,1.09587,0.253906
rising_case1,nn,0,162,1.09375,0.255314,1.0955,0.253906
rising_case1,nn,0,163,1.10156,0.249105,1.10039,0.25
rising_case1,nn,0,164,1.09766,0.252186,1.10046,0.25
rising_case1,nn,0,165,1.10156,0.249131,1.10547,0.246461
rising_case1,nn,0,166,1.10938,0.24395,1.10649,0.246094
rising_case1,nn,0,167,1.10547,0.246294,1.10576,0.246094
rising_case1,nn,0,168,1.11328,0.240408,1.11124,0.242188
rising_case1,nn,0,169,1.10938,0.243531,1.11096,0.242188
rising_case1,nn,0,170,1.11719,0.236751,1.11553,0.238281
rising_case1,nn,0,171,1.11328,0.240242,1.11548,0.238281
rising_case1,nn,0,172,1.12109,0.232919,1.11959,0.234375
rising_case1,nn,0,173,1.11719,0.236748,1.11971,0.234375
rising_case1,nn,0,174,1.125,0.229036,1.12361,0.230469
rising_case1,nn,0,175,1.12109,0.233049,1.12369,0.230469
rising_case1,nn,0,176,1.12891,0.224849,1.12735,0.226562
rising_case1,nn,0,177,1.125,0.229122,1.12739,0.226562
rising_case1,nn,0,178,1.13281,0.2205,1.13086,0.222656
rising_case1,nn,0,179,1.12891,0.22487,1.13088,0.222656
rising_case1,nn,0,180,1.13672,0.216264,1.13455,0.21875
rising_case1,nn,0,181,1.13281,0.22051,1.13441,0.21875
rising_case1,nn,0,182,1.14062,0.211383,1.13795,0.214844
rising_case1,nn,0,183,1.13672,0.216242,1.1379,0.214844
rising_case1,nn,0,184,1.14453,0.206771,1.14431,0.207031
rising_case1,nn,0,185,1.14378,0.207031,1.14076,0.210938
rising_case1,nn,0,186,1.14062,0.211481,1.14102,0.210938
rising_case1,nn,0,187,1.14453,0.206058,1.14716,0.203125
rising_case1,nn,0,188,1.15234,0.194513,1.1518,0.195312
rising_case1,nn,0,189,1.15186,0.195312,1.14997,0.199219
rising_case1,nn,0,190,1.14844,0.20231,1.15057,0.199219
rising_case1,nn,0,191,1.15234,0.19416,1.15454,0.191406
rising_case1,nn,0,192,1.16016,0.182412,1.15947,0.183594
rising_case1,nn,0,193,1.16016,0.183758,1.15864,0.1875
rising_case1,nn,0,194,1.15625,0.190466,1.15865,0.1875
rising_case1,nn,0,195,1.16406,0.175171,1.16379,0.175781
rising_case1,nn,0,196,1.16406,0.178817,1.16351,0.179688
rising_case1,nn,0,197,1.16016,0.181483,1.16132,0.179688
rising_case1,nn,0,198,1.16016,0.183927,1.16029,0.183594
rising_case1,nn,0,199,1.16634,0.171875,1.16418,0.175781
rising_case1,nn,0,200,1.16406,0.178255,1.16559,0.175781
rising_case1,nn,0,201,1.17078,0.164062,1.16884,0.167969
rising_case1,nn,0,202,1.16797,0.171293,1.16991,0.167969
rising_case1,nn,0,203,1.17465,0.15625,1.17272,0.160156
rising_case1,nn,0,204,1.17188,0.163697,1.17363,0.160156
rising_case1,nn,0,205,1.17969,0.144366,1.17962,0.144531
rising_case1,nn,0,206,1.17969,0.148402,1.17967,0.148438
rising_case1,nn,0,207,1.17838,0.148438,1.17646,0.152344
rising_case1,nn,0,208,1.17578,0.15582,1.17744,0.152344
rising_case1,nn,0,209,1.18359,0.135993,1.18331,0.136719
rising_case1,nn,0,210,1.18359,0.140022,1.18334,0.140625
rising_case1,nn,0,211,1.18152,0.140625,1.17979,0.144531
rising_case1,nn,0,212,1.17969,0.148059,1.18115,0.144531
rising_case1,nn,0,213,1.1875,0.128708,1.18746,0.128906
rising_case1,nn,0,214,1.1875,0.129742,1.18594,0.132812
rising_case1,nn,0,215,1.18359,0.135666,1.18473,0.132812
rising_case1,nn,0,216,1.18359,0.138791,1.18448,0.136719
rising_case1,nn,0,217,1.19141,0.116646,1.19132,0.117188
rising_case1,nn,0,218,1.19141,0.119966,1.19095,0.121094
rising_case1,nn,0,219,1.18945,0.121094,1.18764,0.125
rising_case1,nn,0,220,1.18835,0.125,1.18754,0.128906
rising_case1,nn,0,221,1.1875,0.129718,1.18791,0.128906
rising_case1,nn,0,222,1.19531,0.105038,1.19528,0.105469
rising_case1,nn,0,223,1.19531,0.107656,1.19474,0.109375
rising_case1,nn,0,224,1.19376,0.109375,1.19195,0.113281
rising_case1,nn,0,225,1.19141,0.11693,1.192,0.113281
rising_case1,nn,0,226,1.19141,0.119316,1.19226,0.117188
rising_case1,nn,0,227,1.19895,0.0859375,1.19874,0.0898438
rising_case1,nn,0,228,1.19922,0.0925997,1.19903,0.09375
rising_case1,nn,0,229,1.19849,0.09375,1.19672,0.0976562
rising_case1,nn,0,230,1.19531,0.10142,1.19635,0.0976562
rising_case1,nn,0,231,1.19558,0.101562,1.19532,0.105469
rising_case1,nn,0,232,1.19531,0.107118,1.19586,0.105469
rising_case1,nn,0,233,1.20298,0.0664062,1.20268,0.0703125
rising_case1,nn,0,234,1.203,0.0703125,1.20281,0.0742188
rising_case1,nn,0,235,1.20301,0.0742188,1.20188,0.078125
rising_case1,nn,0,236,1.20131,0.078125,1.19998,0.0820312
rising_case1,nn,0,237,1.20024,0.0820312,1.19934,0.0859375
rising_case1,nn,0,238,1.19922,0.0872876,1.1993,0.0859375
rising_case1,nn,0,239,1.19922,0.0926738,1.19967,0.0898438
rising_case1,nn,0,240,1.20703,0.0483904,1.20655,0.0507812
rising_case1,nn,0,241,1.20631,0.0507812,1.20503,0.0546875
rising_case1,nn,0,242,1.20491,0.0546875,1.20387,0.0585938
rising_case1,nn,0,243,1.20381,0.0585938,1.20337,0.0625
rising_case1,nn,0,244,1.20369,0.0625,1.20331,0.0664062
rising_case1,nn,0,245,1.20312,0.066763,1.20315,0.0664062
rising_case1,nn,0,246,1.20978,0.0,1.20978,0.00390625
rising_case1,nn,0,247,1.20982,0.00390625,1.20972,0.0078125
rising_case1,nn,0,248,1.20967,0.0078125,1.20948,0.0117188
rising_case1,nn,0,249,1.20949,0.0117188,1.20928,0.015625
rising_case1,nn,0,250,1.20931,0.015625,1.20902,0.0195312
rising_case1,nn,0,251,1.20897,0.0195312,1.20864,0.0234375
rising_case1,nn,0,252,1.20864,0.0234375,1.20837,0.0273438
rising_case1,nn,0,253,1.20841,0.0273438,1.20814,0.03125
rising_case1,nn,0,254,1.20812,0.03125,1.20784,0.0351562
rising_case1,nn,0,255,1.20783,0.0351562,1.20759,0.0390625
rising_case1,nn,0,256,1.20762,0.0390625,1.20739,0.0429688
rising_case1,nn,0,257,1.2074,0.0429688,1.20711,0.046875
rising_case1,nn,0,258,1.20703,0.048305,1.20732,0.046875
rising_case1,clsvof,3,0,0.915018,0.0,0.915022,0.00390625
rising_case1,clsvof,3,1,0.915022,0.00390625,0.915031,0.0078125
rising_case1,clsvof,3,2,0.915031,0.0078125,0.915046,0.0117188
rising_case1,clsvof,3,3,0.915046,0.0117188,0.915068,0.015625
rising_case1,clsvof,3,4,0.915068,0.015625,0.915096,0.0195312
rising_case1,clsvof,3,5,0.915096,0.0195312,0.91513,0.0234375
rising_case1,clsvof,3,6,0.91513,0.0234375,0.915171,0.0273438
rising_case1,clsvof,3,7,0.915171,0.0273438,0.915218,0.03125
rising_case1,clsvof,3,8,0.915218,0.03125,0.915271,0.0351562
rising_case1,clsvof,3,9,0.915271,0.0351562,0.915331,0.0390625
rising_case1,clsvof,3,10,0.915331,0.0390625,0.915398,0.0429688
rising_case1,clsvof,3,11,0.915398,0.0429688,0.915472,0.046875
rising_case1,clsvof,3,12,0.915471,0.046875,0.915552,0.0507812
rising_case1,clsvof,3,13,0.915552,0.0507812,0.915639,0.0546875
rising_case1,clsvof,3,14,0.915639,0.0546875,0.915734,0.0585938
rising_case1,clsvof,3,15,0.915734,0.0585938,0.915836,0.0625
rising_case1,clsvof,3,16,0.915836,0.0625,0.915945,0.0664062
rising_case1,clsvof,3,17,0.915945,0.0664062,0.916063,0.0703125
rising_case1,clsvof,3,18,0.916063,0.0703125,0.916188,0.0742188
rising_case1,clsvof,3,19,0.916188,0.0742188,0.916321,0.078125
rising_case1,clsvof,3,20,0.916321,0.078125,0.916462,0.0820312
rising_case1,clsvof,3,21,0.916462,0.0820312,0.916612,0.0859375
rising_case1,clsvof,3,22,0.916612,0.0859375,0.91677,0.0898438
rising_case1,clsvof,3,23,0.91677,0.0898438,0.916938,0.09375
rising_case1,clsvof,3,24,0.916938,0.09375,0.917115,0.0976562
rising_case1,clsvof,3,25,0.917114,0.0976562,0.917301,0.101562
rising_case1,clsvof,3,26,0.917301,0.101562,0.917497,0.105469
rising_case1,clsvof,3,27,0.917497,0.105469,0.917704,0.109375
rising_case1,clsvof,3,28,0.917704,0.109375,0.917921,0.113281
rising_case1,clsvof,3,29,0.917921,0.113281,0.917969,0.114107
rising_case1,clsvof,3,30,0.917969,0.114106,0.918149,0.117188
rising_case1,clsvof,3,31,0.918149,0.117188,0.918388,0.121094
rising_case1,clsvof,3,32,0.918388,0.121094,0.918639,0.125
rising_case1,clsvof,3,33,0.918639,0.125,0.918902,0.128906
rising_case1,clsvof,3,34,0.918902,0.128906,0.919177,0.132812
rising_case1,clsvof,3,35,0.919177,0.132812,0.919466,0.136719
rising_case1,clsvof,3,36,0.919466,0.136719,0.919768,0.140625
rising_case1,clsvof,3,37,0.919768,0.140625,0.920084,0.144531
rising_case1,clsvof,3,38,0.920084,0.144531,0.920415,0.148438
rising_case1,clsvof,3,39,0.920415,0.148438,0.920761,0.152344
rising_case1,clsvof,3,40,0.920761,0.152344,0.921123,0.15625
rising_case1,clsvof,3,41,0.921123,0.15625,0.921501,0.160156
rising_case1,clsvof,3,42,0.921501,0.160156,0.921875,0.163852
rising_case1,clsvof,3,43,0.921875,0.16385,0.921897,0.164062
rising_case1,clsvof,3,44,0.921896,0.164062,0.922309,0.167969
rising_case1,clsvof,3,45,0.922309,0.167969,0.922742,0.171875
rising_case1,clsvof,3,46,0.922741,0.171875,0.923193,0.175781
rising_case1,clsvof,3,47,0.923193,0.175781,0.923665,0.179688
rising_case1,clsvof,3,48,0.923665,0.179688,0.924158,0.183594
rising_case1,clsvof,3,49,0.924158,0.183594,0.924674,0.1875
rising_case1,clsvof,3,50,0.924674,0.1875,0.925212,0.191406
rising_case1,clsvof,3,51,0.925211,0.191406,0.925774,0.195312
rising_case1,clsvof,3,52,0.925773,0.195312,0.925781,0.195369
rising_case1,clsvof,3,53,0.925781,0.195362,0.926363,0.199219
rising_case1,clsvof,3,54,0.926362,0.199219,0.926979,0.203125
rising_case1,clsvof,3,55,0.926978,0.203125,0.927623,0.207031
rising_case1,clsvof,3,56,0.927623,0.207031,0.928297,0.210938
rising_case1,clsvof,3,57,0.928296,0.210938,0.929,0.214844
rising_case1,clsvof,3,58,0.928999,0.214844,0.929688,0.218491
rising_case1,clsvof,3,59,0.929688,0.218488,0.929737,0.21875
rising_case1,clsvof,3,60,0.929736,0.21875,0.930509,0.222656
rising_case1,clsvof,3,61,0.930509,0.222656,0.931319,0.226562
rising_case1,clsvof,3,62,0.931319,0.226562,0.932167,0.230469
rising_case1,clsvof,3,63,0.932167,0.230469,0.933054,0.234375
rising_case1,clsvof,3,64,0.933052,0.234375,0.933594,0.236645
rising_case1,clsvof,3,65,0.933594,0.236637,0.933986,0.238281
rising_case1,clsvof,3,66,0.933985,0.238281,0.934966,0.242188
rising_case1,clsvof,3,67,0.934966,0.242188,0.935995,0.246094
rising_case1,clsvof,3,68,0.935993,0.246094,0.937073,0.25
rising_case1,clsvof,3,69,0.937067,0.25,0.9375,0.251484
rising_case1,clsvof,3,70,0.9375,0.251468,0.938211,0.253906
rising_case1,clsvof,3,71,0.93821,0.253906,0.93941,0.257812
rising_case1,clsvof,3,72,0.939409,0.257812,0.940669,0.261719
rising_case1,clsvof,3,73,0.940662,0.261719,0.941406,0.263899
rising_case1,clsvof,3,74,0.941406,0.263882,0.942001,0.265625
rising_case1,clsvof,3,75,0.942,0.265625,0.94341,0.269531
rising_case1,clsvof,3,76,0.943407,0.269531,0.944896,0.273438
rising_case1,clsvof,3,77,0.944881,0.273438,0.945312,0.274504
rising_case1,clsvof,3,78,0.945312,0.274468,0.946476,0.277344
rising_case1,clsvof,3,79,0.946474,0.277344,0.94815,0.28125
rising_case1,clsvof,3,80,0.948136,0.28125,0.949219,0.283619
rising_case1,clsvof,3,81,0.949219,0.283593,0.949933,0.285156
rising_case1,clsvof,3,82,0.94993,0.285156,0.951833,0.289062
rising_case1,clsvof,3,83,0.951816,0.289062,0.953125,0.291576
rising_case1,clsvof,3,84,0.953125,0.291547,0.953865,0.292969
rising_case1,clsvof,3,85,0.953859,0.292969,0.956042,0.296875
rising_case1,clsvof,3,86,0.956013,0.296875,0.957031,0.298569
rising_case1,clsvof,3,87,0.957031,0.29852,0.95839,0.300781
rising_case1,clsvof,3,88,0.958375,0.300781,0.960917,0.304688
rising_case1,clsvof,3,89,0.960856,0.304688,0.960938,0.304808
rising_case1,clsvof,3,90,0.960938,0.304727,0.963667,0.308594
rising_case1,clsvof,3,91,0.963652,0.308594,0.964844,0.310197
rising_case1,clsvof,3,92,0.964844,0.310118,0.966686,0.3125
rising_case1,clsvof,3,93,0.966676,0.3125,0.96875,0.31498
rising_case1,clsvof,3,94,0.96875,0.314938,0.970025,0.316406
rising_case1,clsvof,3,95,0.970013,0.316406,0.972656,0.319249
rising_case1,clsvof,3,96,0.972656,0.319213,0.973748,0.320312
rising_case1,clsvof,3,97,0.97371,0.320312,0.976562,0.323004
rising_case1,clsvof,3,98,0.976562,0.322977,0.977979,0.324219
rising_case1,clsvof,3,99,0.977909,0.324219,0.980469,0.326368
rising_case1,clsvof,3,100,0.980469,0.326353,0.982823,0.328125
rising_case1,clsvof,3,101,0.982684,0.328125,0.984375,0.32935
rising_case1,clsvof,3,102,0.984375,0.329292,0.988281,0.331868
rising_case1,clsvof,3,103,0.988281,0.331874,0.988554,0.332031
rising_case1,clsvof,3,104,0.988544,0.332031,0.992188,0.334138
rising_case1,clsvof,3,105,0.992188,0.334116,0.995828,0.335938
rising_case1,clsvof,3,106,0.995733,0.335938,0.996094,0.336118
rising_case1,clsvof,3,107,0.996094,0.336082,1.0,0.337752
rising_case1,clsvof,3,108,1.0,0.337729,1.00391,0.339145
rising_case1,clsvof,3,109,1.00391,0.339154,1.00619,0.339844
rising_case1,clsvof,3,110,1.00614,0.339844,1.00781,0.340349
rising_case1,clsvof,3,111,1.00781,0.340329,1.01172,0.341258
rising_case1,clsvof,3,112,1.01172,0.341251,1.01562,0.341967
rising_case1,clsvof,3,113,1.01562,0.341966,1.01953,0.342485
rising_case1,clsvof,3,114,1.01953,0.342483,1.02344,0.34281
rising_case1,clsvof,3,115,1.02344,0.342809,1.02734,0.34295
rising_case1,clsvof,3,116,1.02734,0.342949,1.03125,0.34291
rising_case1,clsvof,3,117,1.03125,0.342908,1.03516,0.342696
rising_case1,clsvof,3,118,1.03516,0.342694,1.03906,0.342317
rising_case1,clsvof,3,119,1.03906,0.342314,1.04297,0.341782
rising_case1,clsvof,3,120,1.04297,0.341781,1.04688,0.341102
rising_case1,clsvof,3,121,1.04688,0.341101,1.05078,0.34028
rising_case1,clsvof,3,122,1.05469,0.339318,1.05255,0.339844
rising_case1,clsvof,3,123,1.05078,0.340283,1.05256,0.339844
rising_case1,clsvof,3,124,1.05469,0.339317,1.05859,0.338213
rising_case1,clsvof,3,125,1.05859,0.338209,1.0625,0.336977
rising_case1,clsvof,3,126,1.06641,0.335631,1.06552,0.335938
rising_case1,clsvof,3,127,1.0625,0.336977,1.0655,0.335938
rising_case1,clsvof,3,128,1.06641,0.335628,1.07031,0.334152
rising_case1,clsvof,3,129,1.07031,0.334144,1.07422,0.332556
rising_case1,clsvof,3,130,1.07812,0.330863,1.07545,0.332031
rising_case1,clsvof,3,131,1.07422,0.332563,1.07544,0.332031
rising_case1,clsvof,3,132,1.07812,0.330848,1.08203,0.329033
rising_case1,clsvof,3,133,1.08594,0.32713,1.08391,0.328125
rising_case1,clsvof,3,134,1.08203,0.32904,1.08389,0.328125
rising_case1,clsvof,3,135,1.08594,0.327109,1.08984,0.325085
rising_case1,clsvof,3,136,1.09375,0.322981,1.09147,0.324219
rising_case1,clsvof,3,137,1.08984,0.325093,1.09145,0.324219
rising_case1,clsvof,3,138,1.09375,0.322958,1.09766,0.320733
rising_case1,clsvof,3,139,1.10156,0.318432,1.09839,0.320312
rising_case1,clsvof,3,140,1.09766,0.320738,1.09838,0.320312
rising_case1,clsvof,3,141,1.10547,0.316026,1.10485,0.316406
rising_case1,clsvof,3,142,1.10156,0.318425,1.10482,0.316406
rising_case1,clsvof,3,143,1.10547,0.315997,1.10938,0.313494
rising_case1,clsvof,3,144,1.11328,0.310922,1.1109,0.3125
rising_case1,clsvof,3,145,1.10938,0.313494,1.11088,0.3125
rising_case1,clsvof,3,146,1.11719,0.308246,1.11668,0.308594
rising_case1,clsvof,3,147,1.11328,0.310908,1.11664,0.308594
rising_case1,clsvof,3,148,1.11719,0.308209,1.12109,0.305432
rising_case1,clsvof,3,149,1.125,0.302585,1.12212,0.304688
rising_case1,clsvof,3,150,1.12109,0.305421,1.12212,0.304688
rising_case1,clsvof,3,151,1.12891,0.299665,1.1274,0.300781
rising_case1,clsvof,3,152,1.125,0.302571,1.12738,0.300781
rising_case1,clsvof,3,153,1.13281,0.296623,1.13249,0.296875
rising_case1,clsvof,3,154,1.12891,0.299634,1.13245,0.296875
rising_case1,clsvof,3,155,1.13281,0.296592,1.13672,0.293465
rising_case1,clsvof,3,156,1.14062,0.290258,1.13733,0.292969
rising_case1,clsvof,3,157,1.13672,0.293458,1.13732,0.292969
rising_case1,clsvof,3,158,1.14453,0.286972,1.14204,0.289062
rising_case1,clsvof,3,159,1.14062,0.290237,1.14204,0.289062
rising_case1,clsvof,3,160,1.14844,0.283594,1.14662,0.285156
rising_case1,clsvof,3,161,1.14453,0.286929,1.14661,0.285156
rising_case1,clsvof,3,162,1.15234,0.280117,1.15107,0.28125
rising_case1,clsvof,3,163,1.14844,0.283548,1.15105,0.28125
rising_case1,clsvof,3,164,1.15625,0.27655,1.15539,0.277344
rising_case1,clsvof,3,165,1.15234,0.280082,1.15536,0.277344
rising_case1,clsvof,3,166,1.16016,0.27289,1.15958,0.273438
rising_case1,clsvof,3,167,1.15625,0.276519,1.15955,0.273438
rising_case1,clsvof,3,168,1.16406,0.269133,1.16365,0.269531
rising_case1,clsvof,3,169,1.16016,0.27286,1.16362,0.269531
rising_case1,clsvof,3,170,1.16797,0.265279,1.16762,0.265625
rising_case1,clsvof,3,171,1.16406,0.269104,1.1676,0.265625
rising_case1,clsvof,3,172,1.17188,0.261322,1.17149,0.261719
rising_case1,clsvof,3,173,1.16797,0.265254,1.17146,0.261719
rising_case1,clsvof,3,174,1.17578,0.257259,1.17525,0.257812
rising_case1,clsvof,3,175,1.17188,0.261296,1.17523,0.257812
rising_case1,clsvof,3,176,1.17969,0.253086,1.17893,0.253906
rising_case1,clsvof,3,177,1.17578,0.257237,1.17891,0.253906
rising_case1,clsvof,3,178,1.18359,0.248799,1.18251,0.25
rising_case1,clsvof,3,179,1.17969,0.253071,1.1825,0.25
rising_case1,clsvof,3,180,1.1875,0.244393,1.18602,0.246094
rising_case1,clsvof,3,181,1.18359,0.248798,1.18599,0.246094
rising_case1,clsvof,3,182,1.19141,0.239865,1.18944,0.242188
rising_case1,clsvof,3,183,1.1875,0.244404,1.18941,0.242188
rising_case1,clsvof,3,184,1.19531,0.235235,1.19277,0.238281
rising_case1,clsvof,3,185,1.19141,0.239878,1.19275,0.238281
rising_case1,clsvof,3,186,1.19921,0.230469,1.19603,0.234375
rising_case1,clsvof,3,187,1.19531,0.235232,1.19602,0.234375
rising_case1,clsvof,3,188,1.20312,0.225534,1.20233,0.226562
rising_case1,clsvof,3,189,1.19922,0.230459,1.20232,0.226562
rising_case1,clsvof,3,190,1.20703,0.220448,1.20536,0.222656
rising_case1,clsvof,3,191,1.20312,0.225516,1.20535,0.222656
rising_case1,clsvof,3,192,1.21094,0.215211,1.20832,0.21875
rising_case1,clsvof,3,193,1.20703,0.22045,1.2083,0.21875
rising_case1,clsvof,3,194,1.21484,0.209795,1.21405,0.210938
rising_case1,clsvof,3,195,1.21403,0.210938,1.21121,0.214844
rising_case1,clsvof,3,196,1.21094,0.21521,1.2112,0.214844
rising_case1,clsvof,3,197,1.21875,0.204189,1.21679,0.207031
rising_case1,clsvof,3,198,1.21484,0.209782,1.21679,0.207031
rising_case1,clsvof,3,199,1.22266,0.198391,1.22212,0.199219
rising_case1,clsvof,3,200,1.22211,0.199219,1.21948,0.203125
rising_case1,clsvof,3,201,1.21875,0.20419,1.21947,0.203125
rising_case1,clsvof,3,202,1.22656,0.192351,1.22467,0.195312
rising_case1,clsvof,3,203,1.22266,0.198373,1.22466,0.195312
rising_case1,clsvof,3,204,1.23047,0.186085,1.22961,0.1875
rising_case1,clsvof,3,205,1.2296,0.1875,1.22716,0.191406
rising_case1,clsvof,3,206,1.22656,0.192347,1.22716,0.191406
rising_case1,clsvof,3,207,1.23438,0.179557,1.2343,0.179688
rising_case1,clsvof,3,208,1.23429,0.179688,1.23198,0.183594
rising_case1,clsvof,3,209,1.23047,0.186064,1.23197,0.183594
rising_case1,clsvof,3,210,1.23828,0.17269,1.23654,0.175781
rising_case1,clsvof,3,211,1.23438,0.179534,1.23654,0.175781
rising_case1,clsvof,3,212,1.24219,0.165508,1.24088,0.167969
rising_case1,clsvof,3,213,1.24087,0.167969,1.23874,0.171875
rising_case1,clsvof,3,214,1.23828,0.172682,1.23873,0.171875
rising_case1,clsvof,3,215,1.24609,0.157943,1.24498,0.160156
rising_case1,clsvof,3,216,1.24498,0.160156,1.24295,0.164062
rising_case1,clsvof,3,217,1.24219,0.165496,1.24295,0.164062
rising_case1,clsvof,3,218,1.25,0.149936,1.24886,0.152344
rising_case1,clsvof,3,219,1.24885,0.152344,1.24694,0.15625
rising_case1,clsvof,3,220,1.24609,0.157931,1.24694,0.15625
rising_case1,clsvof,3,221,1.25391,0.141415,1.25251,0.144531
rising_case1,clsvof,3,222,1.25251,0.144531,1.25071,0.148438
rising_case1,clsvof,3,223,1.25,0.149926,1.25071,0.148438
rising_case1,clsvof,3,224,1.25781,0.132286,1.2576,0.132812
rising_case1,clsvof,3,225,1.25759,0.132812,1.25595,0.136719
rising_case1,clsvof,3,226,1.25595,0.136719,1.25426,0.140625
rising_case1,clsvof,3,227,1.25391,0.141408,1.25426,0.140625
rising_case1,clsvof,3,228,1.26172,0.122375,1.26072,0.125
rising_case1,clsvof,3,229,1.26072,0.125,1.25918,0.128906
rising_case1,clsvof,3,230,1.25781,0.132269,1.25918,0.128906
rising_case1,clsvof,3,231,1.26562,0.111521,1.26502,0.113281
rising_case1,clsvof,3,232,1.26502,0.113281,1.26364,0.117188
rising_case1,clsvof,3,233,1.26364,0.117188,1.2622,0.121094
rising_case1,clsvof,3,234,1.26172,0.122368,1.2622,0.121094
rising_case1,clsvof,3,235,1.26953,0.0993931,1.26887,0.101562
rising_case1,clsvof,3,236,1.26887,0.101562,1.26764,0.105469
rising_case1,clsvof,3,237,1.26764,0.105469,1.26635,0.109375
rising_case1,clsvof,3,238,1.26562,0.11151,1.26635,0.109375
rising_case1,clsvof,3,239,1.27344,0.0854719,1.27332,0.0859375
rising_case1,clsvof,3,240,1.27332,0.0859375,1.27228,0.0898438
rising_case1,clsvof,3,241,1.27228,0.0898438,1.27119,0.09375
rising_case1,clsvof,3,242,1.27119,0.09375,1.27006,0.0976562
rising_case1,clsvof,3,243,1.26953,0.0993848,1.27006,0.0976562
rising_case1,clsvof,3,244,1.27734,0.0686092,1.27699,0.0703125
rising_case1,clsvof,3,245,1.27699,0.0703125,1.27615,0.0742188
rising_case1,clsvof,3,246,1.27615,0.0742188,1.27525,0.078125
rising_case1,clsvof,3,247,1.27525,0.078125,1.27431,0.0820312
rising_case1,clsvof,3,248,1.27344,0.0854605,1.27431,0.0820312
rising_case1,clsvof,3,249,1.28125,0.0457544,1.2811,0.046875
rising_case1,clsvof,3,250,1.2811,0.046875,1.28053,0.0507812
rising_case1,clsvof,3,251,1.28053,0.0507812,1.27992,0.0546875
rising_case1,clsvof,3,252,1.27992,0.0546875,1.27925,0.0585938
rising_case1,clsvof,3,253,1.27925,0.0585938,1.27855,0.0625
rising_case1,clsvof,3,254,1.27855,0.0625,1.27779,0.0664062
rising_case1,clsvof,3,255,1.27734,0.0686025,1.27779,0.0664062
rising_case1,clsvof,3,256,1.28436,0.0,1.28434,0.00390625
rising_case1,clsvof,3,257,1.28434,0.00390625,1.28427,0.0078125
rising_case1,clsvof,3,258,1.28427,0.0078125,1.28416,0.0117188
rising_case1,clsvof,3,259,1.28416,0.0117188,1.284,0.015625
rising_case1,clsvof,3,260,1.284,0.015625,1.2838,0.0195312
rising_case1,clsvof,3,261,1.2838,0.0195312,1.28355,0.0234375
rising_case1,clsvof,3,262,1.28355,0.0234375,1.28325,0.0273438
rising_case1,clsvof,3,263,1.28325,0.0273438,1.28291,0.03125
rising_case1,clsvof,3,264,1.28291,0.03125,1.28253,0.0351562
rising_case1,clsvof,3,265,1.28253,0.0351562,1.2821,0.0390625
rising_case1,clsvof,3,266,1.2821,0.0390625,1.28162,0.0429688
rising_case1,clsvof,3,267,1.28125,0.0457491,1.28162,0.0429688
rising_case1,nn,3,0,0.91502,0.0,0.915023,0.00390625
rising_case1,nn,3,1,0.915023,0.00390625,0.915033,0.0078125
rising_case1,nn,3,2,0.915033,0.0078125,0.915048,0.0117188
rising_case1,nn,3,3,0.915048,0.0117188,0.91507,0.015625
rising_case1,nn,3,4,0.91507,0.015625,0.915098,0.0195312
rising_case1,nn,3,5,0.915098,0.0195312,0.915132,0.0234375
rising_case1,nn,3,6,0.915132,0.0234375,0.915173,0.0273438
rising_case1,nn,3,7,0.915172,0.0273438,0.91522,0.03125
rising_case1,nn,3,8,0.915219,0.03125,0.915273,0.0351562
rising_case1,nn,3,9,0.915273,0.0351562,0.915333,0.0390625
rising_case1,nn,3,10,0.915333,0.0390625,0.9154,0.0429688
rising_case1,nn,3,11,0.9154,0.0429688,0.915473,0.046875
rising_case1,nn,3,12,0.915473,0.046875,0.915554,0.0507812
rising_case1,nn,3,13,0.915554,0.0507812,0.915641,0.0546875
rising_case1,nn,3,14,0.915641,0.0546875,0.915736,0.0585938
rising_case1,nn,3,15,0.915736,0.0585938,0.915838,0.0625
rising_case1,nn,3,16,0.915838,0.0625,0.915947,0.0664062
rising_case1,nn,3,17,0.915947,0.0664062,0.916065,0.0703125
rising_case1,nn,3,18,0.916064,0.0703125,0.91619,0.0742188
rising_case1,nn,3,19,0.916189,0.0742188,0.916323,0.078125
rising_case1,nn,3,20,0.916322,0.078125,0.916464,0.0820312
rising_case1,nn,3,21,0.916464,0.0820312,0.916614,0.0859375
rising_case1,nn,3,22,0.916614,0.0859375,0.916772,0.0898438
rising_case1,nn,3,23,0.916772,0.0898438,0.91694,0.09375
rising_case1,nn,3,24,0.91694,0.09375,0.917117,0.0976562
rising_case1,nn,3,25,0.917117,0.0976562,0.917303,0.101562
rising_case1,nn,3,26,0.917303,0.101562,0.917499,0.105469
rising_case1,nn,3,27,0.917499,0.105469,0.917706,0.109375
rising_case1,nn,3,28,0.917706,0.109375,0.917923,0.113281
rising_case1,nn,3,29,0.917923,0.113281,0.917969,0.114071
rising_case1,nn,3,30,0.917969,0.114069,0.918151,0.117188
rising_case1,nn,3,31,0.918151,0.117188,0.91839,0.121094
rising_case1,nn,3,32,0.91839,0.121094,0.918641,0.125
rising_case1,nn,3,33,0.918641,0.125,0.918904,0.128906
rising_case1,nn,3,34,0.918904,0.128906,0.91918,0.132812
rising_case1,nn,3,35,0.919179,0.132812,0.919468,0.136719
rising_case1,nn,3,36,0.919468,0.136719,0.91977,0.140625
rising_case1,nn,3,37,0.91977,0.140625,0.920087,0.144531
rising_case1,nn,3,38,0.920086,0.144531,0.920417,0.148438
rising_case1,nn,3,39,0.920417,0.148438,0.920763,0.152344
rising_case1,nn,3,40,0.920763,0.152344,0.921125,0.15625
rising_case1,nn,3,41,0.921125,0.15625,0.921503,0.160156
rising_case1,nn,3,42,0.921503,0.160156,0.921875,0.163829
rising_case1,nn,3,43,0.921875,0.163827,0.921899,0.164062
rising_case1,nn,3,44,0.921898,0.164062,0.922312,0.167969
rising_case1,nn,3,45,0.922312,0.167969,0.922744,0.171875
rising_case1,nn,3,46,0.922744,0.171875,0.923196,0.175781
rising_case1,nn,3,47,0.923195,0.175781,0.923668,0.179688
rising_case1,nn,3,48,0.923667,0.179688,0.924161,0.183594
rising_case1,nn,3,49,0.924161,0.183594,0.924676,0.1875
rising_case1,nn,3,50,0.924676,0.1875,0.925214,0.191406
rising_case1,nn,3,51,0.925214,0.191406,0.925777,0.195312
rising_case1,nn,3,52,0.925775,0.195312,0.925781,0.195353
rising_case1,nn,3,53,0.925781,0.195346,0.926365,0.199219
rising_case1,nn,3,54,0.926365,0.199219,0.926981,0.203125
rising_case1,nn,3,55,0.926981,0.203125,0.927625,0.207031
rising_case1,nn,3,56,0.927625,0.207031,0.928299,0.210938
rising_case1,nn,3,57,0.928299,0.210938,0.929003,0.214844
rising_case1,nn,3,58,0.929002,0.214844,0.929688,0.218478
rising_case1,nn,3,59,0.929688,0.218475,0.929739,0.21875
rising_case1,nn,3,60,0.929738,0.21875,0.930512,0.222656
rising_case1,nn,3,61,0.930511,0.222656,0.931322,0.226562
rising_case1,nn,3,62,0.931321,0.226562,0.93217,0.230469
rising_case1,nn,3,63,0.932169,0.230469,0.933057,0.234375
rising_case1,nn,3,64,0.933054,0.234375,0.933594,0.236635
rising_case1,nn,3,65,0.933594,0.236627,0.933989,0.238281
rising_case1,nn,3,66,0.933988,0.238281,0.934969,0.242188
rising_case1,nn,3,67,0.934969,0.242188,0.935997,0.246094
rising_case1,nn,3,68,0.935996,0.246094,0.937075,0.25
rising_case1,nn,3,69,0.93707,0.25,0.9375,0.251476
rising_case1,nn,3,70,0.9375,0.251459,0.938213,0.253906
rising_case1,nn,3,71,0.938213,0.253906,0.939412,0.257812
rising_case1,nn,3,72,0.939411,0.257812,0.940672,0.261719
rising_case1,nn,3,73,0.940665,0.261719,0.941406,0.263892
rising_case1,nn,3,74,0.941406,0.263875,0.942003,0.265625
rising_case1,nn,3,75,0.942003,0.265625,0.943413,0.269531
rising_case1,nn,3,76,0.94341,0.269531,0.944898,0.273438
rising_case1,nn,3,77,0.944884,0.273438,0.945312,0.274498
rising_case1,nn,3,78,0.945312,0.274462,0.946478,0.277344
rising_case1,nn,3,79,0.946477,0.277344,0.948152,0.28125
rising_case1,nn,3,80,0.948139,0.28125,0.949219,0.283613
rising_case1,nn,3,81,0.949219,0.283588,0.949935,0.285156
rising_case1,nn,3,82,0.949933,0.285156,0.951835,0.289062
rising_case1,nn,3,83,0.951818,0.289062,0.953125,0.291572
rising_case1,nn,3,84,0.953125,0.291543,0.953868,0.292969
rising_case1,nn,3,85,0.953862,0.292969,0.956044,0.296875
rising_case1,nn,3,86,0.956015,0.296875,0.957031,0.298565
rising_case1,nn,3,87,0.957031,0.298516,0.958392,0.300781
rising_case1,nn,3,88,0.958378,0.300781,0.960919,0.304688
rising_case1,nn,3,89,0.960858,0.304688,0.960938,0.304805
rising_case1,nn,3,90,0.960938,0.304724,0.963669,0.308594
rising_case1,nn,3,91,0.963655,0.308594,0.964844,0.310194
rising_case1,nn,3,92,0.964844,0.310115,0.966689,0.3125
rising_case1,nn,3,93,0.966679,0.3125,0.96875,0.314977
rising_case1,nn,3,94,0.96875,0.314935,0.970028,0.316406
rising_case1,nn,3,95,0.970015,0.316406,0.972656,0.319246
rising_case1,nn,3,96,0.972656,0.31921,0.973751,0.320312
rising_case1,nn,3,97,0.973713,0.320312,0.976562,0.323002
rising_case1,nn,3,98,0.976562,0.322975,0.977981,0.324219
rising_case1,nn,3,99,0.977911,0.324219,0.980469,0.326366
rising_case1,nn,3,100,0.980469,0.326351,0.982825,0.328125
rising_case1,nn,3,101,0.982686,0.328125,0.984375,0.329348
rising_case1,nn,3,102,0.984375,0.32929,0.988281,0.331867
rising_case1,nn,3,103,0.988281,0.331873,0.988556,0.332031
rising_case1,nn,3,104,0.988546,0.332031,0.992188,0.334137
rising_case1,nn,3,105,0.992188,0.334114,0.995832,0.335938
rising_case1,nn,3,106,0.995735,0.335938,0.996094,0.336117
rising_case1,nn,3,107,0.996094,0.336082,1.0,0.337752
rising_case1,nn,3,108,1.0,0.337728,1.00391,0.339144
rising_case1,nn,3,109,1.00391,0.339152,1.0062,0.339844
rising_case1,nn,3,110,1.00614,0.339844,1.00781,0.340348
rising_case1,nn,3,111,1.00781,0.340328,1.01172,0.341258
rising_case1,nn,3,112,1.01172,0.34125,1.01562,0.341966
rising_case1,nn,3,113,1.01562,0.341966,1.01953,0.342485
rising_case1,nn,3,114,1.01953,0.342483,1.02344,0.34281
rising_case1,nn,3,115,1.02344,0.342809,1.02734,0.34295
rising_case1,nn,3,116,1.02734,0.342949,1.03125,0.34291
rising_case1,nn,3,117,1.03125,0.342909,1.03516,0.342697
rising_case1,nn,3,118,1.03516,0.342694,1.03906,0.342317
rising_case1,nn,3,119,1.03906,0.342315,1.04297,0.341783
rising_case1,nn,3,120,1.04297,0.341781,1.04688,0.341103
rising_case1,nn,3,121,1.04688,0.341101,1.05078,0.340281
rising_case1,nn,3,122,1.05469,0.339318,1.05256,0.339844
rising_case1,nn,3,123,1.05078,0.340283,1.05257,0.339844
rising_case1,nn,3,124,1.05469,0.339318,1.05859,0.338214
rising_case1,nn,3,125,1.05859,0.338209,1.0625,0.336978
rising_case1,nn,3,126,1.06641,0.335632,1.06552,0.335938
rising_case1,nn,3,127,1.0625,0.336977,1.06551,0.335938
rising_case1,nn,3,128,1.06641,0.335629,1.07031,0.334153
rising_case1,nn,3,129,1.07031,0.334145,1.07422,0.332557
rising_case1,nn,3,130,1.07812,0.330864,1.07545,0.332031
rising_case1,nn,3,131,1.07422,0.332564,1.07544,0.332031
rising_case1,nn,3,132,1.07812,0.330849,1.08203,0.329034
rising_case1,nn,3,133,1.08594,0.327131,1.08392,0.328125
rising_case1,nn,3,134,1.08203,0.329041,1.08389,0.328125
rising_case1,nn,3,135,1.08594,0.32711,1.08984,0.325087
rising_case1,nn,3,136,1.09375,0.322982,1.09148,0.324219
rising_case1,nn,3,137,1.08984,0.325094,1.09145,0.324219
rising_case1,nn,3,138,1.09375,0.322959,1.09766,0.320734
rising_case1,nn,3,139,1.10156,0.318433,1.09839,0.320312
rising_case1,nn,3,140,1.09766,0.320739,1.09838,0.320312
rising_case1,nn,3,141,1.10547,0.316028,1.10485,0.316406
rising_case1,nn,3,142,1.10156,0.318426,1.10482,0.316406
rising_case1,nn,3,143,1.10547,0.315998,1.10938,0.313495
rising_case1,nn,3,144,1.11328,0.310923,1.1109,0.3125
rising_case1,nn,3,145,1.10938,0.313495,1.11088,0.3125
rising_case1,nn,3,146,1.11719,0.308247,1.11668,0.308594
rising_case1,nn,3,147,1.11328,0.31091,1.11664,0.308594
rising_case1,nn,3,148,1.11719,0.308211,1.12109,0.305434
rising_case1,nn,3,149,1.125,0.302587,1.12213,0.304688
rising_case1,nn,3,150,1.12109,0.305422,1.12213,0.304688
rising_case1,nn,3,151,1.12891,0.299667,1.1274,0.300781
rising_case1,nn,3,152,1.125,0.302573,1.12738,0.300781
rising_case1,nn,3,153,1.13281,0.296625,1.13249,0.296875
rising_case1,nn,3,154,1.12891,0.299635,1.13245,0.296875
rising_case1,nn,3,155,1.13281,0.296594,1.13672,0.293467
rising_case1,nn,3,156,1.14062,0.29026,1.13733,0.292969
rising_case1,nn,3,157,1.13672,0.29346,1.13732,0.292969
rising_case1,nn,3,158,1.14453,0.286974,1.14204,0.289062
rising_case1,nn,3,159,1.14062,0.290239,1.14204,0.289062
rising_case1,nn,3,160,1.14844,0.283596,1.14663,0.285156
rising_case1,nn,3,161,1.14453,0.286931,1.14662,0.285156
rising_case1,nn,3,162,1.15234,0.280119,1.15108,0.28125
rising_case1,nn,3,163,1.14844,0.28355,1.15105,0.28125
rising_case1,nn,3,164,1.15625,0.276552,1.15539,0.277344
rising_case1,nn,3,165,1.15234,0.280084,1.15536,0.277344
rising_case1,nn,3,166,1.16016,0.272892,1.15958,0.273438
rising_case1,nn,3,167,1.15625,0.276521,1.15955,0.273438
rising_case1,nn,3,168,1.16406,0.269135,1.16366,0.269531
rising_case1,nn,3,169,1.16016,0.272862,1.16363,0.269531
rising_case1,nn,3,170,1.16797,0.265281,1.16762,0.265625
rising_case1,nn,3,171,1.16406,0.269105,1.1676,0.265625
rising_case1,nn,3,172,1.17188,0.261324,1.17149,0.261719
rising_case1,nn,3,173,1.16797,0.265256,1.17146,0.261719
rising_case1,nn,3,174,1.17578,0.257261,1.17526,0.257812
rising_case1,nn,3,175,1.17188,0.261298,1.17523,0.257812
rising_case1,nn,3,176,1.17969,0.253088,1.17893,0.253906
rising_case1,nn,3,177,1.17578,0.257239,1.17891,0.253906
rising_case1,nn,3,178,1.18359,0.248801,1.18252,0.25
rising_case1,nn,3,179,1.17969,0.253074,1.1825,0.25
rising_case1,nn,3,180,1.1875,0.244395,1.18602,0.246094
rising_case1,nn,3,181,1.18359,0.248801,1.18599,0.246094
rising_case1,nn,3,182,1.19141,0.239868,1.18945,0.242188
rising_case1,nn,3,183,1.1875,0.244406,1.18941,0.242188
rising_case1,nn,3,184,1.19531,0.235237,1.19277,0.238281
rising_case1,nn,3,185,1.19141,0.239881,1.19275,0.238281
rising_case1,nn,3,186,1.19921,0.230469,1.19603,0.234375
rising_case1,nn,3,187,1.19531,0.235235,1.19602,0.234375
rising_case1,nn,3,188,1.20312,0.225537,1.20233,0.226562
rising_case1,nn,3,189,1.19922,0.230461,1.20232,0.226562
rising_case1,nn,3,190,1.20703,0.220451,1.20536,0.222656
rising_case1,nn,3,191,1.20312,0.225519,1.20535,0.222656
rising_case1,nn,3,192,1.21094,0.215214,1.20832,0.21875
rising_case1,nn,3,193,1.20703,0.220452,1.2083,0.21875
rising_case1,nn,3,194,1.21484,0.209798,1.21405,0.210938
rising_case1,nn,3,195,1.21404,0.210938,1.21121,0.214844
rising_case1,nn,3,196,1.21094,0.215212,1.21121,0.214844
rising_case1,nn,3,197,1.21875,0.204192,1.21679,0.207031
rising_case1,nn,3,198,1.21484,0.209785,1.21679,0.207031
rising_case1,nn,3,199,1.22266,0.198394,1.22212,0.199219
rising_case1,nn,3,200,1.22211,0.199219,1.21948,0.203125
rising_case1,nn,3,201,1.21875,0.204193,1.21947,0.203125
rising_case1,nn,3,202,1.22656,0.192354,1.22467,0.195312
rising_case1,nn,3,203,1.22266,0.198376,1.22467,0.195312
rising_case1,nn,3,204,1.23047,0.186088,1.22961,0.1875
rising_case1,nn,3,205,1.2296,0.1875,1.22717,0.191406
rising_case1,nn,3,206,1.22656,0.19235,1.22716,0.191406
rising_case1,nn,3,207,1.23438,0.179561,1.2343,0.179688
rising_case1,nn,3,208,1.23429,0.179688,1.23198,0.183594
rising_case1,nn,3,209,1.23047,0.186068,1.23197,0.183594
rising_case1,nn,3,210,1.23828,0.172694,1.23655,0.175781
rising_case1,nn,3,211,1.23438,0.179537,1.23654,0.175781
rising_case1,nn,3,212,1.24219,0.165512,1.24088,0.167969
rising_case1,nn,3,213,1.24088,0.167969,1.23874,0.171875
rising_case1,nn,3,214,1.23828,0.172686,1.23874,0.171875
rising_case1,nn,3,215,1.24609,0.157948,1.24498,0.160156
rising_case1,nn,3,216,1.24498,0.160156,1.24295,0.164062
rising_case1,nn,3,217,1.24219,0.1655,1.24295,0.164062
rising_case1,nn,3,218,1.25,0.149941,1.24886,0.152344
rising_case1,nn,3,219,1.24885,0.152344,1.24694,0.15625
rising_case1,nn,3,220,1.24609,0.157935,1.24694,0.15625
rising_case1,nn,3,221,1.25391,0.14142,1.25251,0.144531
rising_case1,nn,3,222,1.25251,0.144531,1.25071,0.148438
rising_case1,nn,3,223,1.25,0.14993,1.25071,0.148438
rising_case1,nn,3,224,1.25781,0.132292,1.2576,0.132812
rising_case1,nn,3,225,1.2576,0.132812,1.25595,0.136719
rising_case1,nn,3,226,1.25595,0.136719,1.25426,0.140625
rising_case1,nn,3,227,1.25391,0.141413,1.25426,0.140625
rising_case1,nn,3,228,1.26172,0.122381,1.26072,0.125
rising_case1,nn,3,229,1.26072,0.125,1.25918,0.128906
rising_case1,nn,3,230,1.25781,0.132275,1.25918,0.128906
rising_case1,nn,3,231,1.26562,0.111527,1.26503,0.113281
rising_case1,nn,3,232,1.26502,0.113281,1.26364,0.117188
rising_case1,nn,3,233,1.26364,0.117188,1.2622,0.121094
rising_case1,nn,3,234,1.26172,0.122374,1.26221,0.121094
rising_case1,nn,3,235,1.26953,0.0994007,1.26888,0.101562
rising_case1,nn,3,236,1.26887,0.101562,1.26764,0.105469
rising_case1,nn,3,237,1.26764,0.105469,1.26636,0.109375
rising_case1,nn,3,238,1.26562,0.111517,1.26636,0.109375
rising_case1,nn,3,239,1.27344,0.0854812,1.27332,0.0859375
rising_case1,nn,3,240,1.27332,0.0859375,1.27228,0.0898438
rising_case1,nn,3,241,1.27228,0.0898438,1.27119,0.09375
rising_case1,nn,3,242,1.27119,0.09375,1.27006,0.0976562
rising_case1,nn,3,243,1.26953,0.0993924,1.27006,0.0976562
rising_case1,nn,3,244,1.27734,0.068621,1.277,0.0703125
rising_case1,nn,3,245,1.277,0.0703125,1.27615,0.0742188
rising_case1,nn,3,246,1.27615,0.0742188,1.27525,0.078125
rising_case1,nn,3,247,1.27525,0.078125,1.27431,0.0820312
rising_case1,nn,3,248,1.27344,0.0854699,1.27431,0.0820312
rising_case1,nn,3,249,1.28125,0.0457732,1.2811,0.046875
rising_case1,nn,3,250,1.2811,0.046875,1.28053,0.0507812
rising_case1,nn,3,251,1.28053,0.0507812,1.27992,0.0546875
rising_case1,nn,3,252,1.27992,0.0546875,1.27926,0.0585938
rising_case1,nn,3,253,1.27926,0.0585938,1.27855,0.0625
rising_case1,nn,3,254,1.27855,0.0625,1.2778,0.0664062
rising_case1,nn,3,255,1.27734,0.0686143,1.2778,0.0664062
rising_case1,nn,3,256,1.28436,0.0,1.28434,0.00390625
rising_case1,nn,3,257,1.28434,0.00390625,1.28427,0.0078125
rising_case1,nn,3,258,1.28427,0.0078125,1.28416,0.0117188
rising_case1,nn,3,259,1.28416,0.0117188,1.284,0.015625
rising_case1,nn,3,260,1.284,0.015625,1.2838,0.0195312
rising_case1,nn,3,261,1.2838,0.0195312,1.28355,0.0234375
rising_case1,nn,3,262,1.28355,0.0234375,1.28326,0.0273438
rising_case1,nn,3,263,1.28326,0.0273438,1.28292,0.03125
rising_case1,nn,3,264,1.28292,0.03125,1.28253,0.0351562
rising_case1,nn,3,265,1.28253,0.0351562,1.2821,0.0390625
rising_case1,nn,3,266,1.2821,0.0390625,1.28162,0.0429688
rising_case1,nn,3,267,1.28125,0.0457679,1.28162,0.0429688
rising_case2,reference,reference,0,1.35725,9.700000000001374e-05,1.35723,-0.003886999999999974
rising_case2,reference,reference,1,1.35723,-0.003886999999999974,1.35715,-0.007867999999999986
rising_case2,reference,reference,2,1.35715,-0.007867999999999986,1.35702,-0.011848000000000025
rising_case2,reference,reference,3,1.35702,-0.011848000000000025,1.35684,-0.01582699999999998
rising_case2,reference,reference,4,1.35684,-0.01582699999999998,1.3566,-0.019801999999999986
rising_case2,reference,reference,5,1.3566,-0.019801999999999986,1.35631,-0.02377499999999999
rising_case2,reference,reference,6,1.35631,-0.02377499999999999,1.35598,-0.027743000000000018
rising_case2,reference,reference,7,1.35598,-0.027743000000000018,1.35558,-0.03170499999999998
rising_case2,reference,reference,8,1.35558,-0.03170499999999998,1.35514,-0.035663999999999974
rising_case2,reference,reference,9,1.35514,-0.035663999999999974,1.35465,-0.03961399999999998
rising_case2,reference,reference,10,1.35465,-0.03961399999999998,1.3541,-0.04355999999999999
rising_case2,reference,reference,11,1.3541,-0.04355999999999999,1.3535,-0.04749599999999998
rising_case2,reference,reference,12,1.3535,-0.04749599999999998,1.35286,-0.051427
rising_case2,reference,reference,13,1.35286,-0.051427,1.35216,-0.055346000000000006
rising_case2,reference,reference,14,1.35216,-0.055346000000000006,1.3514,-0.05925799999999998
rising_case2,reference,reference,15,1.3514,-0.05925799999999998,1.3506,-0.06315799999999999
rising_case2,reference,reference,16,1.3506,-0.06315799999999999,1.34975,-0.06704700000000002
rising_case2,reference,reference,17,1.34975,-0.06704700000000002,1.34885,-0.07092700000000002
rising_case2,reference,reference,18,1.34885,-0.07092700000000002,1.34789,-0.07479200000000003
rising_case2,reference,reference,19,1.34789,-0.07479200000000003,1.34689,-0.078646
rising_case2,reference,reference,20,1.34689,-0.078646,1.34583,-0.082486
rising_case2,reference,reference,21,1.34583,-0.082486,1.34473,-0.08631100000000003
rising_case2,reference,reference,22,1.34473,-0.08631100000000003,1.34357,-0.09012300000000001
rising_case2,reference,reference,23,1.34357,-0.09012300000000001,1.34237,-0.093918
rising_case2,reference,reference,24,1.34237,-0.093918,1.34112,-0.09769699999999998
rising_case2,reference,reference,25,1.34112,-0.09769699999999998,1.33981,-0.10146100000000002
rising_case2,reference,reference,26,1.33981,-0.10146100000000002,1.33846,-0.10520600000000002
rising_case2,reference,reference,27,1.33846,-0.10520600000000002,1.33706,-0.108933
rising_case2,reference,reference,28,1.33706,-0.108933,1.33562,-0.112643
rising_case2,reference,reference,29,1.33562,-0.112643,1.33412,-0.11633199999999999
rising_case2,reference,reference,30,1.33412,-0.11633199999999999,1.33258,-0.120004
rising_case2,reference,reference,31,1.33258,-0.120004,1.33099,-0.12365399999999999
rising_case2,reference,reference,32,1.33099,-0.12365399999999999,1.32935,-0.12728299999999998
rising_case2,reference,reference,33,1.32935,-0.12728299999999998,1.32767,-0.130892
rising_case2,reference,reference,34,1.32767,-0.130892,1.32594,-0.134478
rising_case2,reference,reference,35,1.32594,-0.134478,1.32417,-0.138042
rising_case2,reference,reference,36,1.32417,-0.138042,1.32234,-0.141584
rising_case2,reference,reference,37,1.32234,-0.141584,1.32048,-0.14510099999999998
rising_case2,reference,reference,38,1.32048,-0.14510099999999998,1.31857,-0.148594
rising_case2,reference,reference,39,1.31857,-0.148594,1.31662,-0.15206399999999998
rising_case2,reference,reference,40,1.31662,-0.15206399999999998,1.31462,-0.155507
rising_case2,reference,reference,41,1.31462,-0.155507,1.31258,-0.158926
rising_case2,reference,reference,42,1.31258,-0.158926,1.3105,-0.16231800000000002
rising_case2,reference,reference,43,1.3105,-0.16231800000000002,1.30837,-0.16568300000000002
rising_case2,reference,reference,44,1.30837,-0.16568300000000002,1.3062,-0.16902299999999998
rising_case2,reference,reference,45,1.3062,-0.16902299999999998,1.30399,-0.172334
rising_case2,reference,reference,46,1.30399,-0.172334,1.30174,-0.17561700000000002
rising_case2,reference,reference,47,1.30174,-0.17561700000000002,1.29945,-0.178873
rising_case2,reference,reference,48,1.29945,-0.178873,1.29712,-0.18209999999999998
rising_case2,reference,reference,49,1.29712,-0.18209999999999998,1.29475,-0.185297
rising_case2,reference,reference,50,1.29475,-0.185297,1.29234,-0.188465
rising_case2,reference,reference,51,1.29234,-0.188465,1.28989,-0.19160300000000002
rising_case2,reference,reference,52,1.28989,-0.19160300000000002,1.2874,-0.19471100000000002
rising_case2,reference,reference,53,1.2874,-0.19471100000000002,1.28488,-0.19778800000000002
rising_case2,reference,reference,54,1.28488,-0.19778800000000002,1.28232,-0.200834
rising_case2,reference,reference,55,1.28232,-0.200834,1.27972,-0.20384999999999998
rising_case2,reference,reference,56,1.27972,-0.20384999999999998,1.27708,-0.206833
rising_case2,reference,reference,57,1.27708,-0.206833,1.27441,-0.209785
rising_case2,reference,reference,58,1.27441,-0.209785,1.27171,-0.21270499999999998
rising_case2,reference,reference,59,1.27171,-0.21270499999999998,1.26897,-0.21559299999999998
rising_case2,reference,reference,60,1.26897,-0.21559299999999998,1.2662,-0.21844799999999998
rising_case2,reference,reference,61,1.2662,-0.21844799999999998,1.26339,-0.221271
rising_case2,reference,reference,62,1.26339,-0.221271,1.26055,-0.22405999999999998
rising_case2,reference,reference,63,1.26055,-0.22405999999999998,1.25768,-0.226817
rising_case2,reference,reference,64,1.25768,-0.226817,1.25478,-0.22954000000000002
rising_case2,reference,reference,65,1.25478,-0.22954000000000002,1.25184,-0.23222900000000002
rising_case2,reference,reference,66,1.25184,-0.23222900000000002,1.24888,-0.234885
rising_case2,reference,reference,67,1.24888,-0.234885,1.24589,-0.237506
rising_case2,reference,reference,68,1.24589,-0.237506,1.24286,-0.240095
rising_case2,reference,reference,69,1.24286,-0.240095,1.23981,-0.242649
rising_case2,reference,reference,70,1.23981,-0.242649,1.23673,-0.245168
rising_case2,reference,reference,71,1.23673,-0.245168,1.23362,-0.24765500000000001
rising_case2,reference,reference,72,1.23362,-0.24765500000000001,1.23049,-0.250106
rising_case2,reference,reference,73,1.23049,-0.250106,1.22733,-0.252523
rising_case2,reference,reference,74,1.22733,-0.252523,1.22414,-0.254905
rising_case2,reference,reference,75,1.22414,-0.254905,1.22093,-0.257254
rising_case2,reference,reference,76,1.22093,-0.257254,1.21769,-0.259567
rising_case2,reference,reference,77,1.21769,-0.259567,1.21443,-0.261846
rising_case2,reference,reference,78,1.21443,-0.261846,1.21114,-0.26409099999999996
rising_case2,reference,reference,79,1.21114,-0.26409099999999996,1.20783,-0.2663
rising_case2,reference,reference,80,1.20783,-0.2663,1.2045,-0.268476
rising_case2,reference,reference,81,1.2045,-0.268476,1.20115,-0.270617
rising_case2,reference,reference,82,1.20115,-0.270617,1.19777,-0.27272399999999997
rising_case2,reference,reference,83,1.19777,-0.27272399999999997,1.19438,-0.27479600000000004
rising_case2,reference,reference,84,1.19438,-0.27479600000000004,1.19096,-0.276834
rising_case2,reference,reference,85,1.19096,-0.276834,1.18752,-0.27883800000000003
rising_case2,reference,reference,86,1.18752,-0.27883800000000003,1.18407,-0.280808
rising_case2,reference,reference,87,1.18407,-0.280808,1.18059,-0.28274299999999997
rising_case2,reference,reference,88,1.18059,-0.28274299999999997,1.1771,-0.284646
rising_case2,reference,reference,89,1.1771,-0.284646,1.17359,-0.286514
rising_case2,reference,reference,90,1.17359,-0.286514,1.17006,-0.288348
rising_case2,reference,reference,91,1.17006,-0.288348,1.16651,-0.290149
rising_case2,reference,reference,92,1.16651,-0.290149,1.16295,-0.291916
rising_case2,reference,reference,93,1.16295,-0.291916,1.15937,-0.29364999999999997
rising_case2,reference,reference,94,1.15937,-0.29364999999999997,1.15577,-0.29535
rising_case2,reference,reference,95,1.15577,-0.29535,1.15217,-0.297018
rising_case2,reference,reference,96,1.15217,-0.297018,1.14854,-0.29865200000000003
rising_case2,reference,reference,97,1.14854,-0.29865200000000003,1.1449,-0.300253
rising_case2,reference,reference,98,1.1449,-0.300253,1.14125,-0.30182200000000003
rising_case2,reference,reference,99,1.14125,-0.30182200000000003,1.13758,-0.303357
rising_case2,reference,reference,100,1.13758,-0.303357,1.1339,-0.30486
rising_case2,reference,reference,101,1.1339,-0.30486,1.13021,-0.30633
rising_case2,reference,reference,102,1.13021,-0.30633,1.1265,-0.30776800000000004
rising_case2,reference,reference,103,1.1265,-0.30776800000000004,1.12279,-0.309174
rising_case2,reference,reference,104,1.12279,-0.309174,1.11906,-0.310547
rising_case2,reference,reference,105,1.11906,-0.310547,1.11532,-0.311887
rising_case2,reference,reference,106,1.11532,-0.311887,1.11157,-0.31319600000000003
rising_case2,reference,reference,107,1.11157,-0.31319600000000003,1.10781,-0.314472
rising_case2,reference,reference,108,1.10781,-0.314472,1.10404,-0.315716
rising_case2,reference,reference,109,1.10404,-0.315716,1.10026,-0.316928
rising_case2,reference,reference,110,1.10026,-0.316928,1.09647,-0.318108
rising_case2,reference,reference,111,1.09647,-0.318108,1.09267,-0.319256
rising_case2,reference,reference,112,1.09267,-0.319256,1.08886,-0.32037099999999996
rising_case2,reference,reference,113,1.08886,-0.32037099999999996,1.08504,-0.321455
rising_case2,reference,reference,114,1.08504,-0.321455,1.08122,-0.32250599999999996
rising_case2,reference,reference,115,1.08122,-0.32250599999999996,1.07739,-0.323526
rising_case2,reference,reference,116,1.07739,-0.323526,1.07355,-0.324513
rising_case2,reference,reference,117,1.07355,-0.324513,1.0697,-0.325467
rising_case2,reference,reference,118,1.0697,-0.325467,1.06584,-0.32638900000000004
rising_case2,reference,reference,119,1.06584,-0.32638900000000004,1.06198,-0.327278
rising_case2,reference,reference,120,1.06198,-0.327278,1.05812,-0.32813400000000004
rising_case2,reference,reference,121,1.05812,-0.32813400000000004,1.05424,-0.328956
rising_case2,reference,reference,122,1.05424,-0.328956,1.05037,-0.329746
rising_case2,reference,reference,123,1.05037,-0.329746,1.04648,-0.330501
rising_case2,reference,reference,124,1.04648,-0.330501,1.04259,-0.331223
rising_case2,reference,reference,125,1.04259,-0.331223,1.0387,-0.33191000000000004
rising_case2,reference,reference,126,1.0387,-0.33191000000000004,1.0348,-0.332563
rising_case2,reference,reference,127,1.0348,-0.332563,1.0309,-0.33318000000000003
rising_case2,reference,reference,128,1.0309,-0.33318000000000003,1.02699,-0.33376300000000003
rising_case2,reference,reference,129,1.02699,-0.33376300000000003,1.02309,-0.33430899999999997
rising_case2,reference,reference,130,1.02309,-0.33430899999999997,1.01917,-0.334819
rising_case2,reference,reference,131,1.01917,-0.334819,1.01526,-0.33529200000000003
rising_case2,reference,reference,132,1.01526,-0.33529200000000003,1.01134,-0.335728
rising_case2,reference,reference,133,1.01134,-0.335728,1.00743,-0.33612600000000004
rising_case2,reference,reference,134,1.00743,-0.33612600000000004,1.00351,-0.336486
rising_case2,reference,reference,135,1.00351,-0.336486,0.999585,-0.336806
rising_case2,reference,reference,136,0.999585,-0.336806,0.995664,-0.337088
rising_case2,reference,reference,137,0.995664,-0.337088,0.991742,-0.337329
rising_case2,reference,reference,138,0.991742,-0.337329,0.987821,-0.33753
rising_case2,reference,reference,139,0.987821,-0.33753,0.983899,-0.33769099999999996
rising_case2,reference,reference,140,0.983899,-0.33769099999999996,0.97998,-0.337811
rising_case2,reference,reference,141,0.97998,-0.337811,0.976062,-0.33789
rising_case2,reference,reference,142,0.976062,-0.33789,0.972145,-0.33792900000000003
rising_case2,reference,reference,143,0.972145,-0.33792900000000003,0.968231,-0.337927
rising_case2,reference,reference,144,0.968231,-0.337927,0.964318,-0.337886
rising_case2,reference,reference,145,0.964318,-0.337886,0.960409,-0.33780699999999997
rising_case2,reference,reference,146,0.960409,-0.33780699999999997,0.956501,-0.33769099999999996
rising_case2,reference,reference,147,0.956501,-0.33769099999999996,0.952596,-0.337542
rising_case2,reference,reference,148,0.952596,-0.337542,0.948693,-0.337362
rising_case2,reference,reference,149,0.948693,-0.337362,0.944792,-0.337155
rising_case2,reference,reference,150,0.944792,-0.337155,0.940891,-0.336926
rising_case2,reference,reference,151,0.940891,-0.336926,0.936991,-0.33668
rising_case2,reference,reference,152,0.936991,-0.33668,0.93309,-0.336424
rising_case2,reference,reference,153,0.93309,-0.336424,0.929185,-0.336163
rising_case2,reference,reference,154,0.929185,-0.336163,0.925278,-0.335904
rising_case2,reference,reference,155,0.925278,-0.335904,0.921369,-0.33565100000000003
rising_case2,reference,reference,156,0.921369,-0.33565100000000003,0.917455,-0.335407
rising_case2,reference,reference,157,0.917455,-0.335407,0.913538,-0.335175
rising_case2,reference,reference,158,0.913538,-0.335175,0.909617,-0.334955
rising_case2,reference,reference,159,0.909617,-0.334955,0.905695,-0.334747
rising_case2,reference,reference,160,0.905695,-0.334747,0.901772,-0.334546
rising_case2,reference,reference,161,0.901772,-0.334546,0.897849,-0.33435400000000004
rising_case2,reference,reference,162,0.897849,-0.33435400000000004,0.893925,-0.334167
rising_case2,reference,reference,163,0.893925,-0.334167,0.890002,-0.333986
rising_case2,reference,reference,164,0.890002,-0.333986,0.886079,-0.333809
rising_case2,reference,reference,165,0.886079,-0.333809,0.882156,-0.333636
rising_case2,reference,reference,166,0.882156,-0.333636,0.878234,-0.333465
rising_case2,reference,reference,167,0.878234,-0.333465,0.874312,-0.33329600000000004
rising_case2,reference,reference,168,0.874312,-0.33329600000000004,0.87039,-0.333131
rising_case2,reference,reference,169,0.87039,-0.333131,0.866468,-0.33297
rising_case2,reference,reference,170,0.866468,-0.33297,0.862546,-0.332812
rising_case2,reference,reference,171,0.862546,-0.332812,0.858624,-0.332657
rising_case2,reference,reference,172,0.858624,-0.332657,0.854703,-0.33250599999999997
rising_case2,reference,reference,173,0.854703,-0.33250599999999997,0.850781,-0.33235899999999996
rising_case2,reference,reference,174,0.850781,-0.33235899999999996,0.84686,-0.332214
rising_case2,reference,reference,175,0.84686,-0.332214,0.842939,-0.33207200000000003
rising_case2,reference,reference,176,0.842939,-0.33207200000000003,0.839018,-0.33193300000000003
rising_case2,reference,reference,177,0.839018,-0.33193300000000003,0.835097,-0.331797
rising_case2,reference,reference,178,0.835097,-0.331797,0.831177,-0.331662
rising_case2,reference,reference,179,0.831177,-0.331662,0.827257,-0.33152899999999996
rising_case2,reference,reference,180,0.827257,-0.33152899999999996,0.823337,-0.33139799999999997
rising_case2,reference,reference,181,0.823337,-0.33139799999999997,0.819418,-0.331268
rising_case2,reference,reference,182,0.819418,-0.331268,0.815499,-0.331138
rising_case2,reference,reference,183,0.815499,-0.331138,0.811581,-0.33100799999999997
rising_case2,reference,reference,184,0.811581,-0.33100799999999997,0.807663,-0.330877
rising_case2,reference,reference,185,0.807663,-0.330877,0.803747,-0.33074400000000004
rising_case2,reference,reference,186,0.803747,-0.33074400000000004,0.799831,-0.330608
rising_case2,reference,reference,187,0.799831,-0.330608,0.795915,-0.330468
rising_case2,reference,reference,188,0.795915,-0.330468,0.792002,-0.330322
rising_case2,reference,reference,189,0.792002,-0.330322,0.788089,-0.33016999999999996
rising_case2,reference,reference,190,0.788089,-0.33016999999999996,0.784177,-0.330009
rising_case2,reference,reference,191,0.784177,-0.330009,0.780267,-0.329839
rising_case2,reference,reference,192,0.780267,-0.329839,0.776359,-0.329656
rising_case2,reference,reference,193,0.776359,-0.329656,0.772453,-0.32945800000000003
rising_case2,reference,reference,194,0.772453,-0.32945800000000003,0.768548,-0.329241
rising_case2,reference,reference,195,0.768548,-0.329241,0.764648,-0.32899999999999996
rising_case2,reference,reference,196,0.764648,-0.32899999999999996,0.76075,-0.32872999999999997
rising_case2,reference,reference,197,0.76075,-0.32872999999999997,0.756856,-0.328422
rising_case2,reference,reference,198,0.756856,-0.328422,0.752969,-0.32807200000000003
rising_case2,reference,reference,199,0.752969,-0.32807200000000003,0.749087,-0.327677
rising_case2,reference,reference,200,0.749087,-0.327677,0.745213,-0.32724
rising_case2,reference,reference,201,0.745213,-0.32724,0.741346,-0.32677
rising_case2,reference,reference,202,0.741346,-0.32677,0.73748,-0.326287
rising_case2,reference,reference,203,0.73748,-0.326287,0.733612,-0.32581
rising_case2,reference,reference,204,0.733612,-0.32581,0.729739,-0.325353
rising_case2,reference,reference,205,0.729739,-0.325353,0.725858,-0.32492299999999996
rising_case2,reference,reference,206,0.725858,-0.32492299999999996,0.721973,-0.324519
rising_case2,reference,reference,207,0.721973,-0.324519,0.718083,-0.324137
rising_case2,reference,reference,208,0.718083,-0.324137,0.714197,-0.323773
rising_case2,reference,reference,209,0.714197,-0.323773,0.71031,-0.32342000000000004
rising_case2,reference,reference,210,0.71031,-0.32342000000000004,0.706425,-0.323077
rising_case2,reference,reference,211,0.706425,-0.323077,0.702544,-0.322741
rising_case2,reference,reference,212,0.702544,-0.322741,0.698666,-0.322407
rising_case2,reference,reference,213,0.698666,-0.322407,0.694794,-0.322071
rising_case2,reference,reference,214,0.694794,-0.322071,0.690929,-0.321731
rising_case2,reference,reference,215,0.690929,-0.321731,0.687071,-0.321383
rising_case2,reference,reference,216,0.687071,-0.321383,0.683223,-0.321023
rising_case2,reference,reference,217,0.683223,-0.321023,0.679387,-0.320647
rising_case2,reference,reference,218,0.679387,-0.320647,0.675566,-0.320249
rising_case2,reference,reference,219,0.675566,-0.320249,0.671765,-0.31982299999999997
rising_case2,reference,reference,220,0.671765,-0.31982299999999997,0.667989,-0.31935800000000003
rising_case2,reference,reference,221,0.667989,-0.31935800000000003,0.664255,-0.318835
rising_case2,reference,reference,222,0.664255,-0.318835,0.660579,-0.31822
rising_case2,reference,reference,223,0.660579,-0.31822,0.657056,-0.317445
rising_case2,reference,reference,224,0.657056,-0.317445,0.653806,-0.316299
rising_case2,reference,reference,225,0.653806,-0.316299,0.651194,-0.314283
rising_case2,reference,reference,226,0.651194,-0.314283,0.652322,-0.31164400000000003
rising_case2,reference,reference,227,0.652322,-0.31164400000000003,0.655665,-0.309839
rising_case2,reference,reference,228,0.655665,-0.309839,0.6594,-0.308755
rising_case2,reference,reference,229,0.6594,-0.308755,0.663312,-0.308072
rising_case2,reference,reference,230,0.663312,-0.308072,0.66726,-0.307664
rising_case2,reference,reference,231,0.66726,-0.307664,0.671236,-0.307465
rising_case2,reference,reference,232,0.671236,-0.307465,0.67521,-0.30744
rising_case2,reference,reference,233,0.67521,-0.30744,0.679185,-0.307568
rising_case2,reference,reference,234,0.679185,-0.307568,0.683145,-0.307838
rising_case2,reference,reference,235,0.683145,-0.307838,0.687096,-0.30823999999999996
rising_case2,reference,reference,236,0.687096,-0.30823999999999996,0.691024,-0.308768
rising_case2,reference,reference,237,0.691024,-0.308768,0.694934,-0.309417
rising_case2,reference,reference,238,0.694934,-0.309417,0.698817,-0.310183
rising_case2,reference,reference,239,0.698817,-0.310183,0.702675,-0.311063
rising_case2,reference,reference,240,0.702675,-0.311063,0.7065,-0.31205
rising_case2,reference,reference,241,0.7065,-0.31205,0.710294,-0.313139
rising_case2,reference,reference,242,0.710294,-0.313139,0.71406,-0.314319
rising_case2,reference,reference,243,0.71406,-0.314319,0.717793,-0.31557599999999997
rising_case2,reference,reference,244,0.717793,-0.31557599999999997,0.721504,-0.31689100000000003
rising_case2,reference,reference,245,0.721504,-0.31689100000000003,0.725198,-0.31823999999999997
rising_case2,reference,reference,246,0.725198,-0.31823999999999997,0.728889,-0.319588
rising_case2,reference,reference,247,0.728889,-0.319588,0.732591,-0.320879
rising_case2,reference,reference,248,0.732591,-0.320879,0.736327,-0.322055
rising_case2,reference,reference,249,0.736327,-0.322055,0.740113,-0.32306199999999996
rising_case2,reference,reference,250,0.740113,-0.32306199999999996,0.743942,-0.323866
rising_case2,reference,reference,251,0.743942,-0.323866,0.747819,-0.32448
rising_case2,reference,reference,252,0.747819,-0.32448,0.751723,-0.324939
rising_case2,reference,reference,253,0.751723,-0.324939,0.755641,-0.325289
rising_case2,reference,reference,254,0.755641,-0.325289,0.759572,-0.32556799999999997
rising_case2,reference,reference,255,0.759572,-0.32556799999999997,0.763507,-0.325805
rising_case2,reference,reference,256,0.763507,-0.325805,0.767444,-0.326014
rising_case2,reference,reference,257,0.767444,-0.326014,0.771383,-0.32620499999999997
rising_case2,reference,reference,258,0.771383,-0.32620499999999997,0.775323,-0.326382
rising_case2,reference,reference,259,0.775323,-0.326382,0.779265,-0.326546
rising_case2,reference,reference,260,0.779265,-0.326546,0.783207,-0.326698
rising_case2,reference,reference,261,0.783207,-0.326698,0.787151,-0.32683799999999996
rising_case2,reference,reference,262,0.787151,-0.32683799999999996,0.791095,-0.326967
rising_case2,reference,reference,263,0.791095,-0.326967,0.795041,-0.327086
rising_case2,reference,reference,264,0.795041,-0.327086,0.798987,-0.327195
rising_case2,reference,reference,265,0.798987,-0.327195,0.802934,-0.327297
rising_case2,reference,reference,266,0.802934,-0.327297,0.806883,-0.327392
rising_case2,reference,reference,267,0.806883,-0.327392,0.810831,-0.327482
rising_case2,reference,reference,268,0.810831,-0.327482,0.81478,-0.32756799999999997
rising_case2,reference,reference,269,0.81478,-0.32756799999999997,0.81873,-0.327652
rising_case2,reference,reference,270,0.81873,-0.327652,0.82268,-0.327733
rising_case2,reference,reference,271,0.82268,-0.327733,0.82663,-0.327814
rising_case2,reference,reference,272,0.82663,-0.327814,0.830581,-0.327894
rising_case2,reference,reference,273,0.830581,-0.327894,0.834532,-0.327975
rising_case2,reference,reference,274,0.834532,-0.327975,0.838483,-0.328057
rising_case2,reference,reference,275,0.838483,-0.328057,0.842434,-0.32814
rising_case2,reference,reference,276,0.842434,-0.32814,0.846385,-0.328225
rising_case2,reference,reference,277,0.846385,-0.328225,0.850337,-0.328312
rising_case2,reference,reference,278,0.850337,-0.328312,0.854288,-0.328401
rising_case2,reference,reference,279,0.854288,-0.328401,0.858239,-0.32849300000000003
rising_case2,reference,reference,280,0.858239,-0.32849300000000003,0.862191,-0.328588
rising_case2,reference,reference,281,0.862191,-0.328588,0.866142,-0.328685
rising_case2,reference,reference,282,0.866142,-0.328685,0.870093,-0.328785
rising_case2,reference,reference,283,0.870093,-0.328785,0.874044,-0.328886
rising_case2,reference,reference,284,0.874044,-0.328886,0.877995,-0.328989
rising_case2,reference,reference,285,0.877995,-0.328989,0.881946,-0.329092
rising_case2,reference,reference,286,0.881946,-0.329092,0.885898,-0.329193
rising_case2,reference,reference,287,0.885898,-0.329193,0.88985,-0.329289
rising_case2,reference,reference,288,0.88985,-0.329289,0.893803,-0.32937700000000003
rising_case2,reference,reference,289,0.893803,-0.32937700000000003,0.897756,-0.32945
rising_case2,reference,reference,290,0.897756,-0.32945,0.90171,-0.3295
rising_case2,reference,reference,291,0.90171,-0.3295,0.905666,-0.329514
rising_case2,reference,reference,292,0.905666,-0.329514,0.90962,-0.329476
rising_case2,reference,reference,293,0.90962,-0.329476,0.913576,-0.32936299999999996
rising_case2,reference,reference,294,0.913576,-0.32936299999999996,0.917526,-0.329145
rising_case2,reference,reference,295,0.917526,-0.329145,0.92146,-0.32878399999999997
rising_case2,reference,reference,296,0.92146,-0.32878399999999997,0.925377,-0.328245
rising_case2,reference,reference,297,0.925377,-0.328245,0.92925,-0.327499
rising_case2,reference,reference,298,0.92925,-0.327499,0.933075,-0.326517
rising_case2,reference,reference,299,0.933075,-0.326517,0.936816,-0.325289
rising_case2,reference,reference,300,0.936816,-0.325289,0.940469,-0.323803
rising_case2,reference,reference,301,0.940469,-0.323803,0.943998,-0.322067
rising_case2,reference,reference,302,0.943998,-0.322067,0.947401,-0.320083
rising_case2,reference,reference,303,0.947401,-0.320083,0.950651,-0.317875
rising_case2,reference,reference,304,0.950651,-0.317875,0.953752,-0.315449
rising_case2,reference,reference,305,0.953752,-0.315449,0.956685,-0.31283700000000003
rising_case2,reference,reference,306,0.956685,-0.31283700000000003,0.959459,-0.310045
rising_case2,reference,reference,307,0.959459,-0.310045,0.962064,-0.307107
rising_case2,reference,reference,308,0.962064,-0.307107,0.964513,-0.304027
rising_case2,reference,reference,309,0.964513,-0.304027,0.9668,-0.300834
rising_case2,reference,reference,310,0.9668,-0.300834,0.968939,-0.297533
rising_case2,reference,reference,311,0.968939,-0.297533,0.970929,-0.294147
rising_case2,reference,reference,312,0.970929,-0.294147,0.972784,-0.29068099999999997
rising_case2,reference,reference,313,0.972784,-0.29068099999999997,0.974508,-0.287146
rising_case2,reference,reference,314,0.974508,-0.287146,0.976107,-0.283557
rising_case2,reference,reference,315,0.976107,-0.283557,0.977593,-0.279916
rising_case2,reference,reference,316,0.977593,-0.279916,0.978969,-0.276233
rising_case2,reference,reference,317,0.978969,-0.276233,0.980245,-0.272516
rising_case2,reference,reference,318,0.980245,-0.272516,0.981427,-0.268766
rising_case2,reference,reference,319,0.981427,-0.268766,0.982523,-0.264988
rising_case2,reference,reference,320,0.982523,-0.264988,0.983538,-0.261191
rising_case2,reference,reference,321,0.983538,-0.261191,0.984479,-0.257372
rising_case2,reference,reference,322,0.984479,-0.257372,0.985351,-0.25353899999999996
rising_case2,reference,reference,323,0.985351,-0.25353899999999996,0.986161,-0.249689
rising_case2,reference,reference,324,0.986161,-0.249689,0.986913,-0.24582900000000002
rising_case2,reference,reference,325,0.986913,-0.24582900000000002,0.987612,-0.24195899999999998
rising_case2,reference,reference,326,0.987612,-0.24195899999999998,0.988263,-0.23807899999999999
rising_case2,reference,reference,327,0.988263,-0.23807899999999999,0.98887,-0.234194
rising_case2,reference,reference,328,0.98887,-0.234194,0.989437,-0.2303
rising_case2,reference,reference,329,0.989437,-0.2303,0.989968,-0.22640300000000002
rising_case2,reference,reference,330,0.989968,-0.22640300000000002,0.990465,-0.22249999999999998
rising_case2,reference,reference,331,0.990465,-0.22249999999999998,0.990933,-0.218594
rising_case2,reference,reference,332,0.990933,-0.218594,0.991374,-0.21468399999999999
rising_case2,reference,reference,333,0.991374,-0.21468399999999999,0.99179,-0.210771
rising_case2,reference,reference,334,0.99179,-0.210771,0.992185,-0.20685599999999998
rising_case2,reference,reference,335,0.992185,-0.20685599999999998,0.992559,-0.202938
rising_case2,reference,reference,336,0.992559,-0.202938,0.992916,-0.199019
rising_case2,reference,reference,337,0.992916,-0.199019,0.993257,-0.195098
rising_case2,reference,reference,338,0.993257,-0.195098,0.993583,-0.19117499999999998
rising_case2,reference,reference,339,0.993583,-0.19117499999999998,0.993897,-0.18725199999999997
rising_case2,reference,reference,340,0.993897,-0.18725199999999997,0.994199,-0.183326
rising_case2,reference,reference,341,0.994199,-0.183326,0.99449,-0.1794
rising_case2,reference,reference,342,0.99449,-0.1794,0.994772,-0.175473
rising_case2,reference,reference,343,0.994772,-0.175473,0.995045,-0.171545
rising_case2,reference,reference,344,0.995045,-0.171545,0.995311,-0.167616
rising_case2,reference,reference,345,0.995311,-0.167616,0.995569,-0.163686
rising_case2,reference,reference,346,0.995569,-0.163686,0.99582,-0.159756
rising_case2,reference,reference,347,0.99582,-0.159756,0.996066,-0.155825
rising_case2,reference,reference,348,0.996066,-0.155825,0.996305,-0.151893
rising_case2,reference,reference,349,0.996305,-0.151893,0.996539,-0.14795999999999998
rising_case2,reference,reference,350,0.996539,-0.14795999999999998,0.996768,-0.14402700000000002
rising_case2,reference,reference,351,0.996768,-0.14402700000000002,0.996992,-0.14009300000000002
rising_case2,reference,reference,352,0.996992,-0.14009300000000002,0.997211,-0.136158
rising_case2,reference,reference,353,0.997211,-0.136158,0.997425,-0.13222299999999998
rising_case2,reference,reference,354,0.997425,-0.13222299999999998,0.997635,-0.12828699999999998
rising_case2,reference,reference,355,0.997635,-0.12828699999999998,0.997839,-0.12435099999999999
rising_case2,reference,reference,356,0.997839,-0.12435099999999999,0.998039,-0.12041400000000002
rising_case2,reference,reference,357,0.998039,-0.12041400000000002,0.998234,-0.11647600000000002
rising_case2,reference,reference,358,0.998234,-0.11647600000000002,0.998425,-0.11253800000000003
rising_case2,reference,reference,359,0.998425,-0.11253800000000003,0.99861,-0.108599
rising_case2,reference,reference,360,0.99861,-0.108599,0.998791,-0.10465999999999998
rising_case2,reference,reference,361,0.998791,-0.10465999999999998,0.998966,-0.100719
rising_case2,reference,reference,362,0.998966,-0.100719,0.999136,-0.096779
rising_case2,reference,reference,363,0.999136,-0.096779,0.999301,-0.09283799999999998
rising_case2,reference,reference,364,0.999301,-0.09283799999999998,0.99946,-0.08889599999999998
rising_case2,reference,reference,365,0.99946,-0.08889599999999998,0.999613,-0.08495399999999997
rising_case2,reference,reference,366,0.999613,-0.08495399999999997,0.999761,-0.081011
rising_case2,reference,reference,367,0.999761,-0.081011,0.999903,-0.07706800000000003
rising_case2,reference,reference,368,0.999903,-0.07706800000000003,1.00004,-0.07312400000000002
rising_case2,reference,reference,369,1.00004,-0.07312400000000002,1.00017,-0.06918000000000002
rising_case2,reference,reference,370,1.00017,-0.06918000000000002,1.00029,-0.06523600000000002
rising_case2,reference,reference,371,1.00029,-0.06523600000000002,1.00041,-0.06129000000000001
rising_case2,reference,reference,372,1.00041,-0.06129000000000001,1.00052,-0.05734499999999998
rising_case2,reference,reference,373,1.00052,-0.05734499999999998,1.00062,-0.053398999999999974
rising_case2,reference,reference,374,1.00062,-0.053398999999999974,1.00072,-0.049453000000000025
rising_case2,reference,reference,375,1.00072,-0.049453000000000025,1.00081,-0.04550599999999999
rising_case2,reference,reference,376,1.00081,-0.04550599999999999,1.00089,-0.04155900000000001
rising_case2,reference,reference,377,1.00089,-0.04155900000000001,1.00097,-0.03761199999999998
rising_case2,reference,reference,378,1.00097,-0.03761199999999998,1.00103,-0.03366400000000003
rising_case2,reference,reference,379,1.00103,-0.03366400000000003,1.00109,-0.02971600000000002
rising_case2,reference,reference,380,1.00109,-0.02971600000000002,1.00115,-0.025768000000000013
rising_case2,reference,reference,381,1.00115,-0.025768000000000013,1.00119,-0.021820000000000006
rising_case2,reference,reference,382,1.00119,-0.021820000000000006,1.00123,-0.017872
rising_case2,reference,reference,383,1.00123,-0.017872,1.00126,-0.013923000000000019
rising_case2,reference,reference,384,1.00126,-0.013923000000000019,1.00129,-0.009973999999999983
rising_case2,reference,reference,385,1.00129,-0.009973999999999983,1.0013,-0.006025999999999976
rising_case2,reference,reference,386,1.0013,-0.006025999999999976,1.00131,-0.0020769999999999955
rising_case2,reference,reference,387,1.00131,-0.0020769999999999955,1.00131,0.0018719999999999848
rising_case2,reference,reference,388,1.00131,0.0018719999999999848,1.0013,0.005820000000000047
rising_case2,reference,reference,389,1.0013,0.005820000000000047,1.00129,0.009769000000000028
rising_case2,reference,reference,390,1.00129,0.009769000000000028,1.00126,0.013718000000000008
rising_case2,reference,reference,391,1.00126,0.013718000000000008,1.00123,0.01766599999999996
rising_case2,reference,reference,392,1.00123,0.01766599999999996,1.0012,0.02161500000000005
rising_case2,reference,reference,393,1.0012,0.02161500000000005,1.00115,0.025563000000000002
rising_case2,reference,reference,394,1.00115,0.025563000000000002,1.0011,0.029510999999999954
rising_case2,reference,reference,395,1.0011,0.029510999999999954,1.00104,0.033459000000000017
rising_case2,reference,reference,396,1.00104,0.033459000000000017,1.00097,0.03740600000000005
rising_case2,reference,reference,397,1.00097,0.03740600000000005,1.00089,0.04135299999999997
rising_case2,reference,reference,398,1.00089,0.04135299999999997,1.00081,0.04530000000000001
rising_case2,reference,reference,399,1.00081,0.04530000000000001,1.00072,0.04924700000000004
rising_case2,reference,reference,400,1.00072,0.04924700000000004,1.00063,0.053193000000000046
rising_case2,reference,reference,401,1.00063,0.053193000000000046,1.00052,0.05713900000000005
rising_case2,reference,reference,402,1.00052,0.05713900000000005,1.00041,0.061084999999999945
rising_case2,reference,reference,403,1.00041,0.061084999999999945,1.0003,0.06503000000000003
rising_case2,reference,reference,404,1.0003,0.06503000000000003,1.00018,0.06897399999999998
rising_case2,reference,reference,405,1.00018,0.06897399999999998,1.00005,0.07291899999999996
rising_case2,reference,reference,406,1.00005,0.07291899999999996,0.999911,0.07686199999999999
rising_case2,reference,reference,407,0.999911,0.07686199999999999,0.999769,0.08080500000000002
rising_case2,reference,reference,408,0.999769,0.08080500000000002,0.999622,0.08474800000000005
rising_case2,reference,reference,409,0.999622,0.08474800000000005,0.999469,0.08869000000000005
rising_case2,reference,reference,410,0.999469,0.08869000000000005,0.99931,0.09263200000000005
rising_case2,reference,reference,411,0.99931,0.09263200000000005,0.999146,0.09657300000000002
rising_case2,reference,reference,412,0.999146,0.09657300000000002,0.998976,0.10051399999999999
rising_case2,reference,reference,413,0.998976,0.10051399999999999,0.998801,0.10445400000000005
rising_case2,reference,reference,414,0.998801,0.10445400000000005,0.998621,0.10839299999999996
rising_case2,reference,reference,415,0.998621,0.10839299999999996,0.998436,0.11233199999999999
rising_case2,reference,reference,416,0.998436,0.11233199999999999,0.998246,0.11626999999999998
rising_case2,reference,reference,417,0.998246,0.11626999999999998,0.998051,0.12020799999999998
rising_case2,reference,reference,418,0.998051,0.12020799999999998,0.997851,0.12414499999999995
rising_case2,reference,reference,419,0.997851,0.12414499999999995,0.997647,0.12808200000000003
rising_case2,reference,reference,420,0.997647,0.12808200000000003,0.997438,0.13201700000000005
rising_case2,reference,reference,421,0.997438,0.13201700000000005,0.997224,0.135953
rising_case2,reference,reference,422,0.997224,0.135953,0.997005,0.13988699999999998
rising_case2,reference,reference,423,0.997005,0.13988699999999998,0.996781,0.14382099999999998
rising_case2,reference,reference,424,0.996781,0.14382099999999998,0.996553,0.14775499999999997
rising_case2,reference,reference,425,0.996553,0.14775499999999997,0.996319,0.15168700000000002
rising_case2,reference,reference,426,0.996319,0.15168700000000002,0.99608,0.15561899999999995
rising_case2,reference,reference,427,0.99608,0.15561899999999995,0.995835,0.159551
rising_case2,reference,reference,428,0.995835,0.159551,0.995584,0.163481
rising_case2,reference,reference,429,0.995584,0.163481,0.995326,0.16741099999999998
rising_case2,reference,reference,430,0.995326,0.16741099999999998,0.995061,0.17134000000000005
rising_case2,reference,reference,431,0.995061,0.17134000000000005,0.994788,0.17526799999999998
rising_case2,reference,reference,432,0.994788,0.17526799999999998,0.994507,0.179195
rising_case2,reference,reference,433,0.994507,0.179195,0.994216,0.18312099999999998
rising_case2,reference,reference,434,0.994216,0.18312099999999998,0.993915,0.18704699999999996
rising_case2,reference,reference,435,0.993915,0.18704699999999996,0.993602,0.19096999999999997
rising_case2,reference,reference,436,0.993602,0.19096999999999997,0.993276,0.19489299999999998
rising_case2,reference,reference,437,0.993276,0.19489299999999998,0.992936,0.19881400000000005
rising_case2,reference,reference,438,0.992936,0.19881400000000005,0.99258,0.20273399999999997
rising_case2,reference,reference,439,0.99258,0.20273399999999997,0.992207,0.20665199999999995
rising_case2,reference,reference,440,0.992207,0.20665199999999995,0.991813,0.21056699999999995
rising_case2,reference,reference,441,0.991813,0.21056699999999995,0.991398,0.21448
rising_case2,reference,reference,442,0.991398,0.21448,0.990959,0.21838900000000006
rising_case2,reference,reference,443,0.990959,0.21838900000000006,0.990493,0.22229600000000005
rising_case2,reference,reference,444,0.990493,0.22229600000000005,0.989997,0.22619900000000004
rising_case2,reference,reference,445,0.989997,0.22619900000000004,0.989468,0.230097
rising_case2,reference,reference,446,0.989468,0.230097,0.988903,0.23399099999999995
rising_case2,reference,reference,447,0.988903,0.23399099999999995,0.988298,0.237877
rising_case2,reference,reference,448,0.988298,0.237877,0.98765,0.241757
rising_case2,reference,reference,449,0.98765,0.241757,0.986953,0.24562700000000004
rising_case2,reference,reference,450,0.986953,0.24562700000000004,0.986204,0.24948800000000004
rising_case2,reference,reference,451,0.986204,0.24948800000000004,0.985397,0.25333799999999995
rising_case2,reference,reference,452,0.985397,0.25333799999999995,0.984529,0.25717199999999996
rising_case2,reference,reference,453,0.984529,0.25717199999999996,0.983592,0.260991
rising_case2,reference,reference,454,0.983592,0.260991,0.98258,0.26479299999999995
rising_case2,reference,reference,455,0.98258,0.26479299999999995,0.98149,0.26856899999999995
rising_case2,reference,reference,456,0.98149,0.26856899999999995,0.980311,0.27232100000000004
rising_case2,reference,reference,457,0.980311,0.27232100000000004,0.979041,0.27603999999999995
rising_case2,reference,reference,458,0.979041,0.27603999999999995,0.97767,0.279725
rising_case2,reference,reference,459,0.97767,0.279725,0.97619,0.283369
rising_case2,reference,reference,460,0.97619,0.283369,0.974597,0.28696
rising_case2,reference,reference,461,0.974597,0.28696,0.972879,0.29049800000000003
rising_case2,reference,reference,462,0.972879,0.29049800000000003,0.971034,0.29396599999999995
rising_case2,reference,reference,463,0.971034,0.29396599999999995,0.969047,0.297361
rising_case2,reference,reference,464,0.969047,0.297361,0.966919,0.300662
rising_case2,reference,reference,465,0.966919,0.300662,0.964637,0.30386599999999997
rising_case2,reference,reference,466,0.964637,0.30386599999999997,0.962201,0.30694600000000005
rising_case2,reference,reference,467,0.962201,0.30694600000000005,0.959604,0.309897
rising_case2,reference,reference,468,0.959604,0.309897,0.956837,0.31269499999999995
rising_case2,reference,reference,469,0.956837,0.31269499999999995,0.953912,0.31531699999999996
rising_case2,reference,reference,470,0.953912,0.31531699999999996,0.95082,0.31775299999999995
rising_case2,reference,reference,471,0.95082,0.31775299999999995,0.947578,0.31997299999999995
rising_case2,reference,reference,472,0.947578,0.31997299999999995,0.944187,0.32197
rising_case2,reference,reference,473,0.944187,0.32197,0.940657,0.32372199999999995
rising_case2,reference,reference,474,0.940657,0.32372199999999995,0.937017,0.325217
rising_case2,reference,reference,475,0.937017,0.325217,0.933271,0.326461
rising_case2,reference,reference,476,0.933271,0.326461,0.929457,0.32745199999999997
rising_case2,reference,reference,477,0.929457,0.32745199999999997,0.925579,0.32821199999999995
rising_case2,reference,reference,478,0.925579,0.32821199999999995,0.92167,0.32876099999999997
rising_case2,reference,reference,479,0.92167,0.32876099999999997,0.917732,0.329132
rising_case2,reference,reference,480,0.917732,0.329132,0.913785,0.329357
rising_case2,reference,reference,481,0.913785,0.329357,0.909829,0.32947499999999996
rising_case2,reference,reference,482,0.909829,0.32947499999999996,0.905874,0.329515
rising_case2,reference,reference,483,0.905874,0.329515,0.901919,0.32950199999999996
rising_case2,reference,reference,484,0.901919,0.32950199999999996,0.897964,0.32945199999999997
rising_case2,reference,reference,485,0.897964,0.32945199999999997,0.894011,0.329379
rising_case2,reference,reference,486,0.894011,0.329379,0.890058,0.32928999999999997
rising_case2,reference,reference,487,0.890058,0.32928999999999997,0.886106,0.329194
rising_case2,reference,reference,488,0.886106,0.329194,0.882155,0.32909299999999997
rising_case2,reference,reference,489,0.882155,0.32909299999999997,0.878203,0.32899100000000003
rising_case2,reference,reference,490,0.878203,0.32899100000000003,0.874252,0.328889
rising_case2,reference,reference,491,0.874252,0.328889,0.870301,0.32878799999999997
rising_case2,reference,reference,492,0.870301,0.32878799999999997,0.86635,0.328689
rising_case2,reference,reference,493,0.86635,0.328689,0.862398,0.328593
rising_case2,reference,reference,494,0.862398,0.328593,0.858447,0.328499
rising_case2,reference,reference,495,0.858447,0.328499,0.854496,0.328407
rising_case2,reference,reference,496,0.854496,0.328407,0.850545,0.328318
rising_case2,reference,reference,497,0.850545,0.328318,0.846593,0.32823100000000005
rising_case2,reference,reference,498,0.846593,0.32823100000000005,0.842642,0.32814600000000005
rising_case2,reference,reference,499,0.842642,0.32814600000000005,0.838691,0.328063
rising_case2,reference,reference,500,0.838691,0.328063,0.83474,0.32798099999999997
rising_case2,reference,reference,501,0.83474,0.32798099999999997,0.830789,0.32789999999999997
rising_case2,reference,reference,502,0.830789,0.32789999999999997,0.826839,0.32781899999999997
rising_case2,reference,reference,503,0.826839,0.32781899999999997,0.822888,0.327738
rising_case2,reference,reference,504,0.822888,0.327738,0.818938,0.327657
rising_case2,reference,reference,505,0.818938,0.327657,0.814989,0.327573
rising_case2,reference,reference,506,0.814989,0.327573,0.81104,0.327487
rising_case2,reference,reference,507,0.81104,0.327487,0.807091,0.32739700000000005
rising_case2,reference,reference,508,0.807091,0.32739700000000005,0.803143,0.327302
rising_case2,reference,reference,509,0.803143,0.327302,0.799196,0.32720000000000005
rising_case2,reference,reference,510,0.799196,0.32720000000000005,0.795249,0.327091
rising_case2,reference,reference,511,0.795249,0.327091,0.791304,0.32697299999999996
rising_case2,reference,reference,512,0.791304,0.32697299999999996,0.787359,0.32684500000000005
rising_case2,reference,reference,513,0.787359,0.32684500000000005,0.783416,0.32670600000000005
rising_case2,reference,reference,514,0.783416,0.32670600000000005,0.779473,0.32655500000000004
rising_case2,reference,reference,515,0.779473,0.32655500000000004,0.775532,0.326392
rising_case2,reference,reference,516,0.775532,0.326392,0.771591,0.32621599999999995
rising_case2,reference,reference,517,0.771591,0.32621599999999995,0.767653,0.32602600000000004
rising_case2,reference,reference,518,0.767653,0.32602600000000004,0.763715,0.32581800000000005
rising_case2,reference,reference,519,0.763715,0.32581800000000005,0.75978,0.325584
rising_case2,reference,reference,520,0.75978,0.325584,0.755849,0.32530899999999996
rising_case2,reference,reference,521,0.755849,0.32530899999999996,0.75193,0.32496499999999995
rising_case2,reference,reference,522,0.75193,0.32496499999999995,0.748022,0.324515
rising_case2,reference,reference,523,0.748022,0.324515,0.744149,0.32391400000000004
rising_case2,reference,reference,524,0.744149,0.32391400000000004,0.740309,0.323122
rising_case2,reference,reference,525,0.740309,0.323122,0.736523,0.32212799999999997
rising_case2,reference,reference,526,0.736523,0.32212799999999997,0.732787,0.32096100000000005
rising_case2,reference,reference,527,0.732787,0.32096100000000005,0.729081,0.319673
rising_case2,reference,reference,528,0.729081,0.319673,0.725391,0.31832499999999997
rising_case2,reference,reference,529,0.725391,0.31832499999999997,0.721699,0.316974
rising_case2,reference,reference,530,0.721699,0.316974,0.717992,0.315655
rising_case2,reference,reference,531,0.717992,0.315655,0.714258,0.314392
rising_case2,reference,reference,532,0.714258,0.314392,0.710497,0.313206
rising_case2,reference,reference,533,0.710497,0.313206,0.706702,0.31211
rising_case2,reference,reference,534,0.706702,0.31211,0.70288,0.31111500000000003
rising_case2,reference,reference,535,0.70288,0.31111500000000003,0.699026,0.310229
rising_case2,reference,reference,536,0.699026,0.310229,0.695141,0.30945500000000004
rising_case2,reference,reference,537,0.695141,0.30945500000000004,0.691236,0.30879900000000005
rising_case2,reference,reference,538,0.691236,0.30879900000000005,0.687305,0.308264
rising_case2,reference,reference,539,0.687305,0.308264,0.68336,0.307855
rising_case2,reference,reference,540,0.68336,0.307855,0.679395,0.307578
rising_case2,reference,reference,541,0.679395,0.307578,0.675426,0.307442
rising_case2,reference,reference,542,0.675426,0.307442,0.67145,0.30745999999999996
rising_case2,reference,reference,543,0.67145,0.30745999999999996,0.667472,0.307651
rising_case2,reference,reference,544,0.667472,0.307651,0.663521,0.308048
rising_case2,reference,reference,545,0.663521,0.308048,0.659617,0.308716
rising_case2,reference,reference,546,0.659617,0.308716,0.655819,0.309785
rising_case2,reference,reference,547,0.655819,0.309785,0.652491,0.311515
rising_case2,reference,reference,548,0.652491,0.311515,0.651107,0.314168
rising_case2,reference,reference,549,0.651107,0.314168,0.653657,0.31622700000000004
rising_case2,reference,reference,550,0.653657,0.31622700000000004,0.656888,0.317403
rising_case2,reference,reference,551,0.656888,0.317403,0.660401,0.31819200000000003
rising_case2,reference,reference,552,0.660401,0.31819200000000003,0.664073,0.31881499999999996
rising_case2,reference,reference,553,0.664073,0.31881499999999996,0.667804,0.319342
rising_case2,reference,reference,554,0.667804,0.319342,0.671578,0.31981000000000004
rising_case2,reference,reference,555,0.671578,0.31981000000000004,0.675378,0.32023900000000005
rising_case2,reference,reference,556,0.675378,0.32023900000000005,0.679198,0.320639
rising_case2,reference,reference,557,0.679198,0.320639,0.683033,0.321017
rising_case2,reference,reference,558,0.683033,0.321017,0.68688,0.32138
rising_case2,reference,reference,559,0.68688,0.32138,0.690737,0.32172999999999996
rising_case2,reference,reference,560,0.690737,0.32172999999999996,0.694602,0.322072
rising_case2,reference,reference,561,0.694602,0.322072,0.698474,0.32240800000000003
rising_case2,reference,reference,562,0.698474,0.32240800000000003,0.702351,0.322742
rising_case2,reference,reference,563,0.702351,0.322742,0.706233,0.32307699999999995
rising_case2,reference,reference,564,0.706233,0.32307699999999995,0.710117,0.323418
rising_case2,reference,reference,565,0.710117,0.323418,0.714005,0.323769
rising_case2,reference,reference,566,0.714005,0.323769,0.717892,0.32413099999999995
rising_case2,reference,reference,567,0.717892,0.32413099999999995,0.721779,0.32450999999999997
rising_case2,reference,reference,568,0.721779,0.32450999999999997,0.725667,0.324912
rising_case2,reference,reference,569,0.725667,0.324912,0.729547,0.325341
rising_case2,reference,reference,570,0.729547,0.325341,0.733422,0.325796
rising_case2,reference,reference,571,0.733422,0.325796,0.737291,0.32627300000000004
rising_case2,reference,reference,572,0.737291,0.32627300000000004,0.741155,0.32675600000000005
rising_case2,reference,reference,573,0.741155,0.32675600000000005,0.745023,0.327226
rising_case2,reference,reference,574,0.745023,0.327226,0.748897,0.327665
rising_case2,reference,reference,575,0.748897,0.327665,0.752778,0.32806100000000005
rising_case2,reference,reference,576,0.752778,0.32806100000000005,0.756666,0.32841200000000004
rising_case2,reference,reference,577,0.756666,0.32841200000000004,0.760558,0.32872
rising_case2,reference,reference,578,0.760558,0.32872,0.764457,0.32899100000000003
rising_case2,reference,reference,579,0.764457,0.32899100000000003,0.768357,0.329233
rising_case2,reference,reference,580,0.768357,0.329233,0.772262,0.32945
rising_case2,reference,reference,581,0.772262,0.32945,0.776167,0.32964800000000005
rising_case2,reference,reference,582,0.776167,0.32964800000000005,0.780076,0.329831
rising_case2,reference,reference,583,0.780076,0.329831,0.783986,0.330002
rising_case2,reference,reference,584,0.783986,0.330002,0.787897,0.33016199999999996
rising_case2,reference,reference,585,0.787897,0.33016199999999996,0.79181,0.330315
rising_case2,reference,reference,586,0.79181,0.330315,0.795724,0.33046
rising_case2,reference,reference,587,0.795724,0.33046,0.799639,0.33060100000000003
rising_case2,reference,reference,588,0.799639,0.33060100000000003,0.803555,0.33073699999999995
rising_case2,reference,reference,589,0.803555,0.33073699999999995,0.807471,0.33087
rising_case2,reference,reference,590,0.807471,0.33087,0.811389,0.331001
rising_case2,reference,reference,591,0.811389,0.331001,0.815307,0.33113099999999995
rising_case2,reference,reference,592,0.815307,0.33113099999999995,0.819226,0.331261
rising_case2,reference,reference,593,0.819226,0.331261,0.823145,0.331392
rising_case2,reference,reference,594,0.823145,0.331392,0.827065,0.331523
rising_case2,reference,reference,595,0.827065,0.331523,0.830984,0.33165599999999995
rising_case2,reference,reference,596,0.830984,0.33165599999999995,0.834905,0.33179099999999995
rising_case2,reference,reference,597,0.834905,0.33179099999999995,0.838825,0.331928
rising_case2,reference,reference,598,0.838825,0.331928,0.842746,0.332067
rising_case2,reference,reference,599,0.842746,0.332067,0.846667,0.332209
rising_case2,reference,reference,600,0.846667,0.332209,0.850588,0.33235499999999996
rising_case2,reference,reference,601,0.850588,0.33235499999999996,0.85451,0.332503
rising_case2,reference,reference,602,0.85451,0.332503,0.858431,0.332654
rising_case2,reference,reference,603,0.858431,0.332654,0.862353,0.332808
rising_case2,reference,reference,604,0.862353,0.332808,0.866275,0.33296499999999996
rising_case2,reference,reference,605,0.866275,0.33296499999999996,0.870197,0.333125
rising_case2,reference,reference,606,0.870197,0.333125,0.874119,0.33328800000000003
rising_case2,reference,reference,607,0.874119,0.33328800000000003,0.878042,0.33345400000000003
rising_case2,reference,reference,608,0.878042,0.33345400000000003,0.881964,0.333623
rising_case2,reference,reference,609,0.881964,0.333623,0.885887,0.333797
rising_case2,reference,reference,610,0.885887,0.333797,0.88981,0.333975
rising_case2,reference,reference,611,0.88981,0.333975,0.893733,0.334156
rising_case2,reference,reference,612,0.893733,0.334156,0.897656,0.33434200000000003
rising_case2,reference,reference,613,0.897656,0.33434200000000003,0.901579,0.334535
rising_case2,reference,reference,614,0.901579,0.334535,0.905502,0.334735
rising_case2,reference,reference,615,0.905502,0.334735,0.909425,0.334944
rising_case2,reference,reference,616,0.909425,0.334944,0.913346,0.335163
rising_case2,reference,reference,617,0.913346,0.335163,0.917262,0.33539300000000005
rising_case2,reference,reference,618,0.917262,0.33539300000000005,0.921177,0.33563699999999996
rising_case2,reference,reference,619,0.921177,0.33563699999999996,0.925087,0.33589
rising_case2,reference,reference,620,0.925087,0.33589,0.928994,0.33614900000000003
rising_case2,reference,reference,621,0.928994,0.33614900000000003,0.932897,0.33640899999999996
rising_case2,reference,reference,622,0.932897,0.33640899999999996,0.9368,0.336666
rising_case2,reference,reference,623,0.9368,0.336666,0.9407,0.336912
rising_case2,reference,reference,624,0.9407,0.336912,0.944601,0.33714200000000005
rising_case2,reference,reference,625,0.944601,0.33714200000000005,0.948502,0.33735000000000004
rising_case2,reference,reference,626,0.948502,0.33735000000000004,0.952405,0.337531
rising_case2,reference,reference,627,0.952405,0.337531,0.95631,0.33768200000000004
rising_case2,reference,reference,628,0.95631,0.33768200000000004,0.960217,0.33779899999999996
rising_case2,reference,reference,629,0.960217,0.33779899999999996,0.964127,0.33787999999999996
rising_case2,reference,reference,630,0.964127,0.33787999999999996,0.968039,0.337923
rising_case2,reference,reference,631,0.968039,0.337923,0.971954,0.337927
rising_case2,reference,reference,632,0.971954,0.337927,0.97587,0.33789
rising_case2,reference,reference,633,0.97587,0.33789,0.979788,0.33781300000000003
rising_case2,reference,reference,634,0.979788,0.33781300000000003,0.983708,0.33769499999999997
rising_case2,reference,reference,635,0.983708,0.33769499999999997,0.987628,0.33753599999999995
rising_case2,reference,reference,636,0.987628,0.33753599999999995,0.991551,0.337337
rising_case2,reference,reference,637,0.991551,0.337337,0.995471,0.337097
rising_case2,reference,reference,638,0.995471,0.337097,0.999394,0.33681799999999995
rising_case2,reference,reference,639,0.999394,0.33681799999999995,1.00331,0.336499
rising_case2,reference,reference,640,1.00331,0.336499,1.00723,0.336141
rising_case2,reference,reference,641,1.00723,0.336141,1.01115,0.33574499999999996
rising_case2,reference,reference,642,1.01115,0.33574499999999996,1.01507,0.335311
rising_case2,reference,reference,643,1.01507,0.335311,1.01898,0.33484
rising_case2,reference,reference,644,1.01898,0.33484,1.0229,0.33433199999999996
rising_case2,reference,reference,645,1.0229,0.33433199999999996,1.0268,0.33378699999999994
rising_case2,reference,reference,646,1.0268,0.33378699999999994,1.03071,0.33320700000000003
rising_case2,reference,reference,647,1.03071,0.33320700000000003,1.03461,0.33259099999999997
rising_case2,reference,reference,648,1.03461,0.33259099999999997,1.03851,0.33194
rising_case2,reference,reference,649,1.03851,0.33194,1.0424,0.33125400000000005
rising_case2,reference,reference,650,1.0424,0.33125400000000005,1.04629,0.330534
rising_case2,reference,reference,651,1.04629,0.330534,1.05018,0.329781
rising_case2,reference,reference,652,1.05018,0.329781,1.05406,0.328993
rising_case2,reference,reference,653,1.05406,0.328993,1.05793,0.328172
rising_case2,reference,reference,654,1.05793,0.328172,1.06179,0.327318
rising_case2,reference,reference,655,1.06179,0.327318,1.06566,0.32643
rising_case2,reference,reference,656,1.06566,0.32643,1.06951,0.32550999999999997
rising_case2,reference,reference,657,1.06951,0.32550999999999997,1.07336,0.324558
rising_case2,reference,reference,658,1.07336,0.324558,1.0772,0.32357199999999997
rising_case2,reference,reference,659,1.0772,0.32357199999999997,1.08103,0.32255500000000004
rising_case2,reference,reference,660,1.08103,0.32255500000000004,1.08486,0.32150500000000004
rising_case2,reference,reference,661,1.08486,0.32150500000000004,1.08867,0.320423
rising_case2,reference,reference,662,1.08867,0.320423,1.09248,0.31930800000000004
rising_case2,reference,reference,663,1.09248,0.31930800000000004,1.09628,0.31816199999999994
rising_case2,reference,reference,664,1.09628,0.31816199999999994,1.10007,0.31698400000000004
rising_case2,reference,reference,665,1.10007,0.31698400000000004,1.10385,0.31577299999999997
rising_case2,reference,reference,666,1.10385,0.31577299999999997,1.10763,0.314531
rising_case2,reference,reference,667,1.10763,0.314531,1.11139,0.313257
rising_case2,reference,reference,668,1.11139,0.313257,1.11514,0.31194999999999995
rising_case2,reference,reference,669,1.11514,0.31194999999999995,1.11888,0.31061099999999997
rising_case2,reference,reference,670,1.11888,0.31061099999999997,1.12261,0.30923900000000004
rising_case2,reference,reference,671,1.12261,0.30923900000000004,1.12632,0.307836
rising_case2,reference,reference,672,1.12632,0.307836,1.13003,0.306399
rising_case2,reference,reference,673,1.13003,0.306399,1.13372,0.30493099999999995
rising_case2,reference,reference,674,1.13372,0.30493099999999995,1.1374,0.30342899999999995
rising_case2,reference,reference,675,1.1374,0.30342899999999995,1.14107,0.30189600000000005
rising_case2,reference,reference,676,1.14107,0.30189600000000005,1.14472,0.30032899999999996
rising_case2,reference,reference,677,1.14472,0.30032899999999996,1.14836,0.298729
rising_case2,reference,reference,678,1.14836,0.298729,1.15199,0.29709700000000006
rising_case2,reference,reference,679,1.15199,0.29709700000000006,1.1556,0.295431
rising_case2,reference,reference,680,1.1556,0.295431,1.15919,0.293732
rising_case2,reference,reference,681,1.15919,0.293732,1.16277,0.29200000000000004
rising_case2,reference,reference,682,1.16277,0.29200000000000004,1.16634,0.290234
rising_case2,reference,reference,683,1.16634,0.290234,1.16988,0.288436
rising_case2,reference,reference,684,1.16988,0.288436,1.17341,0.28660300000000005
rising_case2,reference,reference,685,1.17341,0.28660300000000005,1.17693,0.284736
rising_case2,reference,reference,686,1.17693,0.284736,1.18042,0.282836
rising_case2,reference,reference,687,1.18042,0.282836,1.1839,0.280902
rising_case2,reference,reference,688,1.1839,0.280902,1.18736,0.278933
rising_case2,reference,reference,689,1.18736,0.278933,1.19079,0.27693100000000004
rising_case2,reference,reference,690,1.19079,0.27693100000000004,1.19421,0.274895
rising_case2,reference,reference,691,1.19421,0.274895,1.19761,0.27282399999999996
rising_case2,reference,reference,692,1.19761,0.27282399999999996,1.20098,0.27071900000000004
rising_case2,reference,reference,693,1.20098,0.27071900000000004,1.20434,0.268579
rising_case2,reference,reference,694,1.20434,0.268579,1.20767,0.26640600000000003
rising_case2,reference,reference,695,1.20767,0.26640600000000003,1.21098,0.26419800000000004
rising_case2,reference,reference,696,1.21098,0.26419800000000004,1.21427,0.26195500000000005
rising_case2,reference,reference,697,1.21427,0.26195500000000005,1.21753,0.25967799999999996
rising_case2,reference,reference,698,1.21753,0.25967799999999996,1.22077,0.257366
rising_case2,reference,reference,699,1.22077,0.257366,1.22398,0.255019
rising_case2,reference,reference,700,1.22398,0.255019,1.22717,0.25263899999999995
rising_case2,reference,reference,701,1.22717,0.25263899999999995,1.23034,0.250223
rising_case2,reference,reference,702,1.23034,0.250223,1.23347,0.24777400000000005
rising_case2,reference,reference,703,1.23347,0.24777400000000005,1.23658,0.24529
rising_case2,reference,reference,704,1.23658,0.24529,1.23966,0.24277099999999996
rising_case2,reference,reference,705,1.23966,0.24277099999999996,1.24272,0.24021899999999996
rising_case2,reference,reference,706,1.24272,0.24021899999999996,1.24574,0.23763299999999998
rising_case2,reference,reference,707,1.24574,0.23763299999999998,1.24874,0.235012
rising_case2,reference,reference,708,1.24874,0.235012,1.2517,0.23235799999999995
rising_case2,reference,reference,709,1.2517,0.23235799999999995,1.25464,0.22967000000000004
rising_case2,reference,reference,710,1.25464,0.22967000000000004,1.25754,0.22694899999999996
rising_case2,reference,reference,711,1.25754,0.22694899999999996,1.26041,0.224194
rising_case2,reference,reference,712,1.26041,0.224194,1.26325,0.221406
rising_case2,reference,reference,713,1.26325,0.221406,1.26606,0.21858599999999995
rising_case2,reference,reference,714,1.26606,0.21858599999999995,1.26884,0.215731
rising_case2,reference,reference,715,1.26884,0.215731,1.27158,0.21284599999999998
rising_case2,reference,reference,716,1.27158,0.21284599999999998,1.27428,0.20992599999999995
rising_case2,reference,reference,717,1.27428,0.20992599999999995,1.27695,0.20697699999999997
rising_case2,reference,reference,718,1.27695,0.20697699999999997,1.27959,0.20399500000000004
rising_case2,reference,reference,719,1.27959,0.20399500000000004,1.28219,0.20098000000000005
rising_case2,reference,reference,720,1.28219,0.20098000000000005,1.28475,0.197936
rising_case2,reference,reference,721,1.28475,0.197936,1.28728,0.19486099999999995
rising_case2,reference,reference,722,1.28728,0.19486099999999995,1.28977,0.19175399999999998
rising_case2,reference,reference,723,1.28977,0.19175399999999998,1.29222,0.18861799999999995
rising_case2,reference,reference,724,1.29222,0.18861799999999995,1.29463,0.18545100000000003
rising_case2,reference,reference,725,1.29463,0.18545100000000003,1.29701,0.18225499999999994
rising_case2,reference,reference,726,1.29701,0.18225499999999994,1.29934,0.17903100000000005
rising_case2,reference,reference,727,1.29934,0.17903100000000005,1.30163,0.17577600000000004
rising_case2,reference,reference,728,1.30163,0.17577600000000004,1.30388,0.17249400000000004
rising_case2,reference,reference,729,1.30388,0.17249400000000004,1.3061,0.16918299999999997
rising_case2,reference,reference,730,1.3061,0.16918299999999997,1.30827,0.16584600000000005
rising_case2,reference,reference,731,1.30827,0.16584600000000005,1.31039,0.162481
rising_case2,reference,reference,732,1.31039,0.162481,1.31248,0.15909099999999998
rising_case2,reference,reference,733,1.31248,0.15909099999999998,1.31452,0.15567299999999995
rising_case2,reference,reference,734,1.31452,0.15567299999999995,1.31652,0.152231
rising_case2,reference,reference,735,1.31652,0.152231,1.31848,0.14876199999999995
rising_case2,reference,reference,736,1.31848,0.14876199999999995,1.32039,0.14527100000000004
rising_case2,reference,reference,737,1.32039,0.14527100000000004,1.32226,0.14175499999999996
rising_case2,reference,reference,738,1.32226,0.14175499999999996,1.32408,0.13821399999999995
rising_case2,reference,reference,739,1.32408,0.13821399999999995,1.32585,0.13465099999999997
rising_case2,reference,reference,740,1.32585,0.13465099999999997,1.32758,0.13106700000000004
rising_case2,reference,reference,741,1.32758,0.13106700000000004,1.32927,0.127459
rising_case2,reference,reference,742,1.32927,0.127459,1.33091,0.12383100000000002
rising_case2,reference,reference,743,1.33091,0.12383100000000002,1.3325,0.12018099999999998
rising_case2,reference,reference,744,1.3325,0.12018099999999998,1.33405,0.11651199999999995
rising_case2,reference,reference,745,1.33405,0.11651199999999995,1.33554,0.11282199999999998
rising_case2,reference,reference,746,1.33554,0.11282199999999998,1.33699,0.10911400000000004
rising_case2,reference,reference,747,1.33699,0.10911400000000004,1.3384,0.10538700000000001
rising_case2,reference,reference,748,1.3384,0.10538700000000001,1.33975,0.10164300000000004
rising_case2,reference,reference,749,1.33975,0.10164300000000004,1.34106,0.09787999999999997
rising_case2,reference,reference,750,1.34106,0.09787999999999997,1.34231,0.09410200000000002
rising_case2,reference,reference,751,1.34231,0.09410200000000002,1.34352,0.090306
rising_case2,reference,reference,752,1.34352,0.090306,1.34467,0.08649700000000005
rising_case2,reference,reference,753,1.34467,0.08649700000000005,1.34578,0.08267100000000005
rising_case2,reference,reference,754,1.34578,0.08267100000000005,1.34684,0.07883099999999998
rising_case2,reference,reference,755,1.34684,0.07883099999999998,1.34784,0.07498000000000005
rising_case2,reference,reference,756,1.34784,0.07498000000000005,1.3488,0.07111299999999998
rising_case2,reference,reference,757,1.3488,0.07111299999999998,1.34971,0.06723599999999996
rising_case2,reference,reference,758,1.34971,0.06723599999999996,1.35056,0.06334600000000001
rising_case2,reference,reference,759,1.35056,0.06334600000000001,1.35137,0.059446
rising_case2,reference,reference,760,1.35137,0.059446,1.35212,0.05553699999999995
rising_case2,reference,reference,761,1.35212,0.05553699999999995,1.35282,0.051615999999999995
rising_case2,reference,reference,762,1.35282,0.051615999999999995,1.35347,0.04768799999999995
rising_case2,reference,reference,763,1.35347,0.04768799999999995,1.35407,0.043750999999999984
rising_case2,reference,reference,764,1.35407,0.043750999999999984,1.35462,0.03980600000000001
rising_case2,reference,reference,765,1.35462,0.03980600000000001,1.35512,0.035856
rising_case2,reference,reference,766,1.35512,0.035856,1.35556,0.03189699999999995
rising_case2,reference,reference,767,1.35556,0.03189699999999995,1.35596,0.027935000000000043
rising_case2,reference,reference,768,1.35596,0.027935000000000043,1.3563,0.023966000000000043
rising_case2,reference,reference,769,1.3563,0.023966000000000043,1.35659,0.019994999999999985
rising_case2,reference,reference,770,1.35659,0.019994999999999985,1.35683,0.016020000000000034
rising_case2,reference,reference,771,1.35683,0.016020000000000034,1.35701,0.012040999999999968
rising_case2,reference,reference,772,1.35701,0.012040999999999968,1.35715,0.008060999999999985
rising_case2,reference,reference,773,1.35715,0.008060999999999985,1.35723,0.004078000000000026
rising_case2,reference,reference,774,1.35723,0.004078000000000026,1.35725,9.700000000001374e-05
rising_case2,clsvof,0,0,0.714844,0.265351,0.714521,0.265625
rising_case2,clsvof,0,1,0.71391,0.265625,0.711507,0.269531
rising_case2,clsvof,0,2,0.711395,0.269531,0.713437,0.273438
rising_case2,clsvof,0,3,0.713624,0.273438,0.714844,0.274481
rising_case2,clsvof,0,4,0.714844,0.265398,0.71875,0.262821
rising_case2,clsvof,0,5,0.714844,0.274211,0.71875,0.276254
rising_case2,clsvof,0,6,0.722656,0.26165,0.722475,0.261719
rising_case2,clsvof,0,7,0.71875,0.262958,0.721994,0.261719
rising_case2,clsvof,0,8,0.71875,0.275846,0.722656,0.276569
rising_case2,clsvof,0,9,0.722656,0.261585,0.726562,0.260665
rising_case2,clsvof,0,10,0.722656,0.27643,0.726562,0.276928
rising_case2,clsvof,0,11,0.726562,0.260706,0.730469,0.260076
rising_case2,clsvof,0,12,0.726562,0.276991,0.729823,0.277344
rising_case2,clsvof,0,13,0.729746,0.277344,0.730469,0.277422
rising_case2,clsvof,0,14,0.730469,0.260102,0.734375,0.25963
rising_case2,clsvof,0,15,0.730469,0.277362,0.734375,0.277687
rising_case2,clsvof,0,16,0.734375,0.25963,0.738281,0.259262
rising_case2,clsvof,0,17,0.734375,0.277753,0.738281,0.277954
rising_case2,clsvof,0,18,0.738281,0.259265,0.742188,0.258993
rising_case2,clsvof,0,19,0.738281,0.277897,0.742188,0.277954
rising_case2,clsvof,0,20,0.742188,0.258992,0.746094,0.25881
rising_case2,clsvof,0,21,0.742188,0.277931,0.746094,0.278004
rising_case2,clsvof,0,22,0.746094,0.258811,0.75,0.258718
rising_case2,clsvof,0,23,0.746094,0.278017,0.75,0.278128
rising_case2,clsvof,0,24,0.75,0.25872,0.753906,0.258711
rising_case2,clsvof,0,25,0.75,0.278111,0.753906,0.278266
rising_case2,clsvof,0,26,0.753906,0.258714,0.757812,0.25878
rising_case2,clsvof,0,27,0.753906,0.278236,0.757812,0.278528
rising_case2,clsvof,0,28,0.757812,0.258782,0.761719,0.258913
rising_case2,clsvof,0,29,0.757812,0.278528,0.761719,0.27902
rising_case2,clsvof,0,30,0.761719,0.258916,0.765625,0.259101
rising_case2,clsvof,0,31,0.761719,0.279038,0.765625,0.279694
rising_case2,clsvof,0,32,0.765625,0.259102,0.769531,0.259336
rising_case2,clsvof,0,33,0.765625,0.27967,0.769531,0.280504
rising_case2,clsvof,0,34,0.769531,0.259335,0.773438,0.259619
rising_case2,clsvof,0,35,0.769531,0.280716,0.77281,0.28125
rising_case2,clsvof,0,36,0.772791,0.28125,0.773438,0.281355
rising_case2,clsvof,0,37,0.773438,0.259615,0.777344,0.259959
rising_case2,clsvof,0,38,0.773438,0.281189,0.774209,0.28125
rising_case2,clsvof,0,39,0.773961,0.28125,0.777344,0.281517
rising_case2,clsvof,0,40,0.777344,0.25996,0.78125,0.260367
rising_case2,clsvof,0,41,0.777344,0.281529,0.78125,0.281776
rising_case2,clsvof,0,42,0.78125,0.260351,0.785156,0.260848
rising_case2,clsvof,0,43,0.78125,0.281714,0.785156,0.281995
rising_case2,clsvof,0,44,0.785156,0.260882,0.789062,0.261434
rising_case2,clsvof,0,45,0.785156,0.281927,0.789062,0.282499
rising_case2,clsvof,0,46,0.789062,0.261406,0.791109,0.261719
rising_case2,clsvof,0,47,0.791134,0.261719,0.792969,0.261999
rising_case2,clsvof,0,48,0.789062,0.282398,0.792969,0.283597
rising_case2,clsvof,0,49,0.792969,0.262015,0.796875,0.262686
rising_case2,clsvof,0,50,0.792969,0.284065,0.796874,0.285156
rising_case2,clsvof,0,51,0.796875,0.262683,0.800781,0.263406
rising_case2,clsvof,0,52,0.796875,0.284967,0.79855,0.285156
rising_case2,clsvof,0,53,0.798669,0.285156,0.800781,0.285395
rising_case2,clsvof,0,54,0.800781,0.263357,0.804688,0.264235
rising_case2,clsvof,0,55,0.800781,0.285257,0.804688,0.285728
rising_case2,clsvof,0,56,0.804688,0.264301,0.808594,0.265301
rising_case2,clsvof,0,57,0.804688,0.285653,0.808594,0.286592
rising_case2,clsvof,0,58,0.808594,0.265283,0.809872,0.265625
rising_case2,clsvof,0,59,0.809933,0.265625,0.8125,0.266312
rising_case2,clsvof,0,60,0.808594,0.28662,0.8125,0.288118
rising_case2,clsvof,0,61,0.8125,0.26631,0.816406,0.267476
rising_case2,clsvof,0,62,0.8125,0.288683,0.814065,0.289062
rising_case2,clsvof,0,63,0.814344,0.289062,0.816406,0.289563
rising_case2,clsvof,0,64,0.816406,0.267487,0.820312,0.268766
rising_case2,clsvof,0,65,0.816654,0.289062,0.820312,0.289498
rising_case2,clsvof,0,66,0.820312,0.268769,0.822495,0.269531
rising_case2,clsvof,0,67,0.822501,0.269531,0.824219,0.270131
rising_case2,clsvof,0,68,0.820312,0.28924,0.824219,0.290857
rising_case2,clsvof,0,69,0.824219,0.270101,0.828125,0.271611
rising_case2,clsvof,0,70,0.824219,0.291721,0.827307,0.292969
rising_case2,clsvof,0,71,0.827443,0.292969,0.828125,0.293244
rising_case2,clsvof,0,72,0.828125,0.271655,0.832031,0.273287
rising_case2,clsvof,0,73,0.828125,0.292845,0.828942,0.292969
rising_case2,clsvof,0,74,0.828445,0.292969,0.832031,0.293512
rising_case2,clsvof,0,75,0.832031,0.273295,0.832362,0.273438
rising_case2,clsvof,0,76,0.832398,0.273438,0.835938,0.274958
rising_case2,clsvof,0,77,0.832031,0.292576,0.832956,0.292969
rising_case2,clsvof,0,78,0.832216,0.292969,0.835938,0.294564
rising_case2,clsvof,0,79,0.835938,0.274958,0.839844,0.276695
rising_case2,clsvof,0,80,0.835938,0.295783,0.838487,0.296875
rising_case2,clsvof,0,81,0.839147,0.296875,0.839844,0.297169
rising_case2,clsvof,0,82,0.839844,0.276707,0.84123,0.277344
rising_case2,clsvof,0,83,0.841264,0.277344,0.84375,0.278486
rising_case2,clsvof,0,84,0.841737,0.296875,0.84375,0.29747
rising_case2,clsvof,0,85,0.84375,0.278482,0.847656,0.280348
rising_case2,clsvof,0,86,0.84375,0.297913,0.847656,0.299794
rising_case2,clsvof,0,87,0.847656,0.280369,0.849445,0.28125
rising_case2,clsvof,0,88,0.849466,0.28125,0.851562,0.282283
rising_case2,clsvof,0,89,0.847656,0.300441,0.848624,0.300781
rising_case2,clsvof,0,90,0.850494,0.300781,0.851562,0.301157
rising_case2,clsvof,0,91,0.851562,0.282298,0.855469,0.284231
rising_case2,clsvof,0,92,0.851562,0.300489,0.852192,0.300781
rising_case2,clsvof,0,93,0.851724,0.300781,0.855469,0.302545
rising_case2,clsvof,0,94,0.855469,0.284246,0.857317,0.285156
rising_case2,clsvof,0,95,0.857378,0.285156,0.859375,0.286139
rising_case2,clsvof,0,96,0.855469,0.303713,0.857603,0.304688
rising_case2,clsvof,0,97,0.858465,0.304688,0.859375,0.3051
rising_case2,clsvof,0,98,0.859375,0.286154,0.863281,0.288067
rising_case2,clsvof,0,99,0.859375,0.304431,0.859934,0.304688
rising_case2,clsvof,0,100,0.860375,0.304688,0.863281,0.306032
rising_case2,clsvof,0,101,0.863281,0.288085,0.865297,0.289062
rising_case2,clsvof,0,102,0.865358,0.289062,0.867188,0.28995
rising_case2,clsvof,0,103,0.863281,0.307127,0.866178,0.308594
rising_case2,clsvof,0,104,0.866462,0.308594,0.867188,0.308959
rising_case2,clsvof,0,105,0.867188,0.289954,0.871094,0.291849
rising_case2,clsvof,0,106,0.867188,0.308209,0.867947,0.308594
rising_case2,clsvof,0,107,0.868153,0.308594,0.871094,0.310105
rising_case2,clsvof,0,108,0.871094,0.291889,0.873363,0.292969
rising_case2,clsvof,0,109,0.873413,0.292969,0.875,0.293724
rising_case2,clsvof,0,110,0.871094,0.311079,0.873619,0.3125
rising_case2,clsvof,0,111,0.8741,0.3125,0.875,0.313002
rising_case2,clsvof,0,112,0.875,0.293706,0.878906,0.295531
rising_case2,clsvof,0,113,0.875,0.312208,0.875539,0.3125
rising_case2,clsvof,0,114,0.875117,0.3125,0.878906,0.314645
rising_case2,clsvof,0,115,0.878906,0.295581,0.881781,0.296875
rising_case2,clsvof,0,116,0.881806,0.296875,0.882812,0.297328
rising_case2,clsvof,0,117,0.878906,0.315771,0.879919,0.316406
rising_case2,clsvof,0,118,0.881245,0.316406,0.882812,0.317384
rising_case2,clsvof,0,119,0.882812,0.297296,0.886719,0.298973
rising_case2,clsvof,0,120,0.882812,0.317387,0.886719,0.319445
rising_case2,clsvof,0,121,0.886719,0.299015,0.890625,0.300608
rising_case2,clsvof,0,122,0.886719,0.319917,0.887348,0.320312
rising_case2,clsvof,0,123,0.888525,0.320312,0.890625,0.321634
rising_case2,clsvof,0,124,0.890625,0.300627,0.891041,0.300781
rising_case2,clsvof,0,125,0.891131,0.300781,0.894531,0.302037
rising_case2,clsvof,0,126,0.890625,0.322234,0.89414,0.324219
rising_case2,clsvof,0,127,0.894217,0.324219,0.894531,0.324395
rising_case2,clsvof,0,128,0.894531,0.302011,0.898438,0.303384
rising_case2,clsvof,0,129,0.894531,0.323854,0.895139,0.324219
rising_case2,clsvof,0,130,0.895188,0.324219,0.898438,0.32628
rising_case2,clsvof,0,131,0.898438,0.303447,0.902344,0.304685
rising_case2,clsvof,0,132,0.898438,0.327425,0.899549,0.328125
rising_case2,clsvof,0,133,0.900529,0.328125,0.902344,0.329261
rising_case2,clsvof,0,134,0.90245,0.304688,0.90625,0.305686
rising_case2,clsvof,0,135,0.902344,0.328945,0.90625,0.330991
rising_case2,clsvof,0,136,0.90625,0.305678,0.910156,0.306561
rising_case2,clsvof,0,137,0.90625,0.331766,0.906699,0.332031
rising_case2,clsvof,0,138,0.90796,0.332031,0.910156,0.333329
rising_case2,clsvof,0,139,0.910156,0.306571,0.914062,0.307309
rising_case2,clsvof,0,140,0.910156,0.333615,0.914062,0.335557
rising_case2,clsvof,0,141,0.914062,0.307309,0.917969,0.307881
rising_case2,clsvof,0,142,0.914062,0.335635,0.914621,0.335938
rising_case2,clsvof,0,143,0.915725,0.335938,0.917969,0.337151
rising_case2,clsvof,0,144,0.917969,0.307883,0.921875,0.308285
rising_case2,clsvof,0,145,0.917969,0.337855,0.921875,0.339766
rising_case2,clsvof,0,146,0.921875,0.308286,0.925781,0.308512
rising_case2,clsvof,0,147,0.921875,0.339536,0.922533,0.339844
rising_case2,clsvof,0,148,0.923662,0.339844,0.925781,0.340833
rising_case2,clsvof,0,149,0.925781,0.308513,0.929688,0.308558
rising_case2,clsvof,0,150,0.925781,0.341545,0.929688,0.343373
rising_case2,clsvof,0,151,0.929688,0.308559,0.933594,0.308418
rising_case2,clsvof,0,152,0.929688,0.343316,0.930901,0.34375
rising_case2,clsvof,0,153,0.93245,0.34375,0.933594,0.344159
rising_case2,clsvof,0,154,0.933594,0.308418,0.9375,0.308091
rising_case2,clsvof,0,155,0.933594,0.344315,0.9375,0.346187
rising_case2,clsvof,0,156,0.9375,0.308092,0.941406,0.30758
rising_case2,clsvof,0,157,0.9375,0.346886,0.93986,0.347656
rising_case2,clsvof,0,158,0.940189,0.347656,0.941406,0.348054
rising_case2,clsvof,0,159,0.941406,0.307583,0.945312,0.306876
rising_case2,clsvof,0,160,0.941406,0.34742,0.942187,0.347656
rising_case2,clsvof,0,161,0.943223,0.347656,0.945312,0.348289
rising_case2,clsvof,0,162,0.945312,0.306861,0.949219,0.305983
rising_case2,clsvof,0,163,0.945312,0.348955,0.949219,0.350748
rising_case2,clsvof,0,164,0.949219,0.305989,0.953125,0.304957
rising_case2,clsvof,0,165,0.949219,0.35101,0.951876,0.351562
rising_case2,clsvof,0,166,0.952419,0.351562,0.953125,0.351709
rising_case2,clsvof,0,167,0.957031,0.303726,0.954074,0.304688
rising_case2,clsvof,0,168,0.953125,0.304986,0.954042,0.304688
rising_case2,clsvof,0,169,0.953125,0.35134,0.956218,0.351562
rising_case2,clsvof,0,170,0.957031,0.303675,0.960938,0.30219
rising_case2,clsvof,0,171,0.957356,0.351562,0.960938,0.352406
rising_case2,clsvof,0,172,0.964844,0.300614,0.964446,0.300781
rising_case2,clsvof,0,173,0.960938,0.302204,0.964322,0.300781
rising_case2,clsvof,0,174,0.960938,0.35255,0.964844,0.35408
rising_case2,clsvof,0,175,0.964844,0.300588,0.96875,0.298707
rising_case2,clsvof,0,176,0.964844,0.354505,0.968576,0.355469
rising_case2,clsvof,0,177,0.972656,0.296646,0.972229,0.296875
rising_case2,clsvof,0,178,0.96875,0.298665,0.972088,0.296875
rising_case2,clsvof,0,179,0.96875,0.35528,0.972656,0.355384
rising_case2,clsvof,0,180,0.972656,0.296603,0.976562,0.294315
rising_case2,clsvof,0,181,0.972656,0.355171,0.976562,0.355262
rising_case2,clsvof,0,182,0.980469,0.291821,0.978712,0.292969
rising_case2,clsvof,0,183,0.976562,0.294288,0.978582,0.292969
rising_case2,clsvof,0,184,0.976562,0.355455,0.976925,0.355469
rising_case2,clsvof,0,185,0.97735,0.355469,0.980469,0.355587
rising_case2,clsvof,0,186,0.984375,0.288989,0.984274,0.289062
rising_case2,clsvof,0,187,0.980469,0.29175,0.984224,0.289062
rising_case2,clsvof,0,188,0.980469,0.355487,0.984375,0.355537
rising_case2,clsvof,0,189,0.984375,0.288982,0.988281,0.285936
rising_case2,clsvof,0,190,0.984375,0.355524,0.988281,0.355706
rising_case2,clsvof,0,191,0.992188,0.282582,0.9892,0.285156
rising_case2,clsvof,0,192,0.988281,0.285917,0.9892,0.285156
rising_case2,clsvof,0,193,0.988281,0.355688,0.992188,0.356064
rising_case2,clsvof,0,194,0.996094,0.278868,0.993601,0.28125
rising_case2,clsvof,0,195,0.992188,0.282556,0.99361,0.28125
rising_case2,clsvof,0,196,0.992188,0.356131,0.996094,0.356601
rising_case2,clsvof,0,197,1.0,0.274784,0.997599,0.277344
rising_case2,clsvof,0,198,0.996094,0.278865,0.997601,0.277344
rising_case2,clsvof,0,199,0.996094,0.3566,1.0,0.357033
rising_case2,clsvof,0,200,1.00391,0.270373,1.00124,0.273438
rising_case2,clsvof,0,201,1.0,0.274807,1.00124,0.273438
rising_case2,clsvof,0,202,1.0,0.357048,1.00391,0.357414
rising_case2,clsvof,0,203,1.00781,0.265577,1.00777,0.265625
rising_case2,clsvof,0,204,1.00781,0.265625,1.00463,0.269531
rising_case2,clsvof,0,205,1.00391,0.270393,1.00463,0.269531
rising_case2,clsvof,0,206,1.00391,0.357418,1.00781,0.357678
rising_case2,clsvof,0,207,1.01172,0.260355,1.01075,0.261719
rising_case2,clsvof,0,208,1.00781,0.265614,1.01078,0.261719
rising_case2,clsvof,0,209,1.00781,0.357672,1.01172,0.35783
rising_case2,clsvof,0,210,1.01562,0.254764,1.01355,0.257812
rising_case2,clsvof,0,211,1.01172,0.260413,1.01358,0.257812
rising_case2,clsvof,0,212,1.01172,0.357831,1.01562,0.357895
rising_case2,clsvof,0,213,1.01953,0.248612,1.01869,0.25
rising_case2,clsvof,0,214,1.01873,0.25,1.01622,0.253906
rising_case2,clsvof,0,215,1.01562,0.254795,1.01621,0.253906
rising_case2,clsvof,0,216,1.01562,0.357897,1.01953,0.357861
rising_case2,clsvof,0,217,1.02344,0.241954,1.02331,0.242188
rising_case2,clsvof,0,218,1.02333,0.242188,1.02107,0.246094
rising_case2,clsvof,0,219,1.01953,0.248681,1.0211,0.246094
rising_case2,clsvof,0,220,1.01953,0.357864,1.02344,0.357717
rising_case2,clsvof,0,221,1.02734,0.23462,1.02544,0.238281
rising_case2,clsvof,0,222,1.02344,0.242017,1.02547,0.238281
rising_case2,clsvof,0,223,1.02344,0.357717,1.02734,0.357454
rising_case2,clsvof,0,224,1.03125,0.226526,1.03123,0.226562
rising_case2,clsvof,0,225,1.03123,0.226562,1.0294,0.230469
rising_case2,clsvof,0,226,1.02943,0.230469,1.0275,0.234375
rising_case2,clsvof,0,227,1.02734,0.234634,1.02748,0.234375
rising_case2,clsvof,0,228,1.02734,0.35744,1.03125,0.357089
rising_case2,clsvof,0,229,1.03516,0.217521,1.03465,0.21875
rising_case2,clsvof,0,230,1.03466,0.21875,1.03299,0.222656
rising_case2,clsvof,0,231,1.03301,0.222656,1.03125,0.226562
rising_case2,clsvof,0,232,1.03125,0.357065,1.03516,0.356701
rising_case2,clsvof,0,233,1.03906,0.207472,1.03777,0.210938
rising_case2,clsvof,0,234,1.03779,0.210938,1.03627,0.214844
rising_case2,clsvof,0,235,1.03516,0.217548,1.03627,0.214844
rising_case2,clsvof,0,236,1.03516,0.35668,1.03906,0.356391
rising_case2,clsvof,0,237,1.04297,0.1961,1.04195,0.199219
rising_case2,clsvof,0,238,1.04196,0.199219,1.04064,0.203125
rising_case2,clsvof,0,239,1.04064,0.203125,1.03924,0.207031
rising_case2,clsvof,0,240,1.03906,0.207481,1.03923,0.207031
rising_case2,clsvof,0,241,1.03906,0.356386,1.04297,0.356221
rising_case2,clsvof,0,242,1.04688,0.183059,1.04673,0.183594
rising_case2,clsvof,0,243,1.04672,0.183594,1.04561,0.1875
rising_case2,clsvof,0,244,1.04562,0.1875,1.04446,0.191406
rising_case2,clsvof,0,245,1.04446,0.191406,1.04324,0.195312
rising_case2,clsvof,0,246,1.04297,0.196101,1.04323,0.195312
rising_case2,clsvof,0,247,1.04297,0.356226,1.04688,0.356187
rising_case2,clsvof,0,248,1.05078,0.167717,1.05072,0.167969
rising_case2,clsvof,0,249,1.05072,0.167969,1.04979,0.171875
rising_case2,clsvof,0,250,1.04979,0.171875,1.04882,0.175781
rising_case2,clsvof,0,251,1.04882,0.175781,1.0478,0.179688
rising_case2,clsvof,0,252,1.04688,0.183053,1.0478,0.179688
rising_case2,clsvof,0,253,1.04688,0.356152,1.05078,0.356297
rising_case2,clsvof,0,254,1.05469,0.149035,1.05406,0.152344
rising_case2,clsvof,0,255,1.05406,0.152344,1.05328,0.15625
rising_case2,clsvof,0,256,1.05329,0.15625,1.05247,0.160156
rising_case2,clsvof,0,257,1.05247,0.160156,1.05162,0.164062
rising_case2,clsvof,0,258,1.05078,0.167706,1.05162,0.164062
rising_case2,clsvof,0,259,1.05078,0.3564,1.05469,0.356593
rising_case2,clsvof,0,260,1.05859,0.125042,1.05804,0.128906
rising_case2,clsvof,0,261,1.05804,0.128906,1.05745,0.132812
rising_case2,clsvof,0,262,1.05745,0.132812,1.05684,0.136719
rising_case2,clsvof,0,263,1.05684,0.136719,1.05619,0.140625
rising_case2,clsvof,0,264,1.0562,0.140625,1.05552,0.144531
rising_case2,clsvof,0,265,1.05552,0.144531,1.0548,0.148438
rising_case2,clsvof,0,266,1.05469,0.149027,1.0548,0.148438
rising_case2,clsvof,0,267,1.05469,0.35642,1.05859,0.356802
rising_case2,clsvof,0,268,1.0625,0.0902829,1.06219,0.09375
rising_case2,clsvof,0,269,1.06219,0.09375,1.06182,0.0976562
rising_case2,clsvof,0,270,1.06182,0.0976562,1.06143,0.101562
rising_case2,clsvof,0,271,1.06143,0.101562,1.06102,0.105469
rising_case2,clsvof,0,272,1.06102,0.105469,1.06058,0.109375
rising_case2,clsvof,0,273,1.06058,0.109375,1.06012,0.113281
rising_case2,clsvof,0,274,1.06013,0.113281,1.05964,0.117188
rising_case2,clsvof,0,275,1.05964,0.117188,1.05913,0.121094
rising_case2,clsvof,0,276,1.05914,0.121094,1.0586,0.125
rising_case2,clsvof,0,277,1.05859,0.125033,1.0586,0.125
rising_case2,clsvof,0,278,1.05859,0.356958,1.0625,0.357563
rising_case2,clsvof,0,279,1.06614,0.0,1.06614,0.00390625
rising_case2,clsvof,0,280,1.06614,0.00390625,1.06612,0.0078125
rising_case2,clsvof,0,281,1.06612,0.0078125,1.06609,0.0117188
rising_case2,clsvof,0,282,1.06609,0.0117188,1.06604,0.015625
rising_case2,clsvof,0,283,1.06604,0.015625,1.06599,0.0195312
rising_case2,clsvof,0,284,1.06599,0.0195312,1.06592,0.0234375
rising_case2,clsvof,0,285,1.06592,0.0234375,1.06583,0.0273438
rising_case2,clsvof,0,286,1.06583,0.0273438,1.06574,0.03125
rising_case2,clsvof,0,287,1.06574,0.03125,1.06563,0.0351562
rising_case2,clsvof,0,288,1.06563,0.0351562,1.06551,0.0390625
rising_case2,clsvof,0,289,1.06551,0.0390625,1.06537,0.0429688
rising_case2,clsvof,0,290,1.06537,0.0429688,1.06522,0.046875
rising_case2,clsvof,0,291,1.06522,0.046875,1.06506,0.0507812
rising_case2,clsvof,0,292,1.06506,0.0507812,1.06488,0.0546875
rising_case2,clsvof,0,293,1.06488,0.0546875,1.06468,0.0585938
rising_case2,clsvof,0,294,1.06468,0.0585938,1.06448,0.0625
rising_case2,clsvof,0,295,1.06448,0.0625,1.06425,0.0664062
rising_case2,clsvof,0,296,1.06425,0.0664062,1.06401,0.0703125
rising_case2,clsvof,0,297,1.06401,0.0703125,1.06375,0.0742188
rising_case2,clsvof,0,298,1.06375,0.0742188,1.06347,0.078125
rising_case2,clsvof,0,299,1.06347,0.078125,1.06318,0.0820312
rising_case2,clsvof,0,300,1.06318,0.0820312,1.06287,0.0859375
rising_case2,clsvof,0,301,1.06287,0.0859375,1.06254,0.0898438
rising_case2,clsvof,0,302,1.0625,0.0902723,1.06254,0.0898438
rising_case2,clsvof,0,303,1.0625,0.357652,1.06641,0.357989
rising_case2,clsvof,0,304,1.06641,0.357804,1.07031,0.358066
rising_case2,clsvof,0,305,1.07031,0.358523,1.07422,0.358167
rising_case2,clsvof,0,306,1.07422,0.357419,1.07812,0.357027
rising_case2,clsvof,0,307,1.07812,0.357839,1.08203,0.357283
rising_case2,clsvof,0,308,1.08203,0.35652,1.08594,0.3557
rising_case2,clsvof,0,309,1.08594,0.356007,1.08984,0.355834
rising_case2,clsvof,0,310,1.08984,0.355907,1.09375,0.355622
rising_case2,clsvof,0,311,1.09766,0.354767,1.09553,0.355469
rising_case2,clsvof,0,312,1.09375,0.355905,1.09508,0.355469
rising_case2,clsvof,0,313,1.09766,0.354072,1.10156,0.352309
rising_case2,clsvof,0,314,1.10156,0.352201,1.10479,0.351562
rising_case2,clsvof,0,315,1.10938,0.351554,1.10857,0.351562
rising_case2,clsvof,0,316,1.10547,0.351666,1.10938,0.351625
rising_case2,clsvof,0,317,1.11328,0.351551,1.11214,0.351562
rising_case2,clsvof,0,318,1.10938,0.351756,1.11328,0.351736
rising_case2,clsvof,0,319,1.11719,0.350995,1.11568,0.351562
rising_case2,clsvof,0,320,1.11328,0.352231,1.11505,0.351562
rising_case2,clsvof,0,321,1.11719,0.349659,1.12109,0.347931
rising_case2,clsvof,0,322,1.125,0.347594,1.12455,0.347656
rising_case2,clsvof,0,323,1.12109,0.348421,1.125,0.347884
rising_case2,clsvof,0,324,1.125,0.347601,1.12891,0.347571
rising_case2,clsvof,0,325,1.125,0.347806,1.12891,0.347775
rising_case2,clsvof,0,326,1.12891,0.348321,1.13281,0.347858
rising_case2,clsvof,0,327,1.13672,0.345755,1.13317,0.347656
rising_case2,clsvof,0,328,1.13281,0.34772,1.13293,0.347656
rising_case2,clsvof,0,329,1.14062,0.343265,1.13922,0.34375
rising_case2,clsvof,0,330,1.13672,0.344559,1.13904,0.34375
rising_case2,clsvof,0,331,1.14062,0.343631,1.14327,0.34375
rising_case2,clsvof,0,332,1.14062,0.344045,1.14453,0.344221
rising_case2,clsvof,0,333,1.14844,0.343703,1.14827,0.34375
rising_case2,clsvof,0,334,1.14453,0.344786,1.14835,0.34375
rising_case2,clsvof,0,335,1.14844,0.343142,1.15234,0.340803
rising_case2,clsvof,0,336,1.15625,0.339144,1.15274,0.339844
rising_case2,clsvof,0,337,1.15234,0.340124,1.1537,0.339844
rising_case2,clsvof,0,338,1.15625,0.33969,1.15797,0.339844
rising_case2,clsvof,0,339,1.15625,0.340269,1.16016,0.340627
rising_case2,clsvof,0,340,1.16406,0.335488,1.16375,0.335938
rising_case2,clsvof,0,341,1.16406,0.339595,1.16363,0.339844
rising_case2,clsvof,0,342,1.16016,0.341171,1.16289,0.339844
rising_case2,clsvof,0,343,1.16406,0.335754,1.16797,0.334618
rising_case2,clsvof,0,344,1.16406,0.337345,1.16789,0.335938
rising_case2,clsvof,0,345,1.16797,0.335823,1.16929,0.335938
rising_case2,clsvof,0,346,1.16797,0.337498,1.17188,0.337621
rising_case2,clsvof,0,347,1.17578,0.331932,1.17571,0.332031
rising_case2,clsvof,0,348,1.17188,0.336902,1.17338,0.335938
rising_case2,clsvof,0,349,1.17969,0.330188,1.17607,0.332031
rising_case2,clsvof,0,350,1.17578,0.333526,1.17833,0.332031
rising_case2,clsvof,0,351,1.18359,0.331234,1.18139,0.332031
rising_case2,clsvof,0,352,1.17969,0.332673,1.18153,0.332031
rising_case2,clsvof,0,353,1.1875,0.327565,1.18603,0.328125
rising_case2,clsvof,0,354,1.18359,0.329726,1.1875,0.328166
rising_case2,clsvof,0,355,1.19141,0.328058,1.19094,0.328125
rising_case2,clsvof,0,356,1.1875,0.329119,1.19141,0.328565
rising_case2,clsvof,0,357,1.19531,0.326691,1.19292,0.328125
rising_case2,clsvof,0,358,1.19141,0.328565,1.19221,0.328125
rising_case2,clsvof,0,359,1.19922,0.323102,1.19626,0.324219
rising_case2,clsvof,0,360,1.19531,0.325271,1.19795,0.324219
rising_case2,clsvof,0,361,1.20312,0.323657,1.20193,0.324219
rising_case2,clsvof,0,362,1.19922,0.325601,1.20267,0.324219
rising_case2,clsvof,0,363,1.20703,0.318971,1.2043,0.320312
rising_case2,clsvof,0,364,1.20312,0.322104,1.2062,0.320312
rising_case2,clsvof,0,365,1.21094,0.319387,1.20899,0.320312
rising_case2,clsvof,0,366,1.20703,0.321169,1.20896,0.320312
rising_case2,clsvof,0,367,1.21484,0.315516,1.21278,0.316406
rising_case2,clsvof,0,368,1.21094,0.317961,1.21432,0.316406
rising_case2,clsvof,0,369,1.21875,0.315535,1.21725,0.316406
rising_case2,clsvof,0,370,1.21484,0.317806,1.21748,0.316406
rising_case2,clsvof,0,371,1.22266,0.311399,1.22046,0.3125
rising_case2,clsvof,0,372,1.21875,0.313414,1.22037,0.3125
rising_case2,clsvof,0,373,1.22656,0.311556,1.22409,0.3125
rising_case2,clsvof,0,374,1.22266,0.3131,1.22423,0.3125
rising_case2,clsvof,0,375,1.23047,0.308328,1.23014,0.308594
rising_case2,clsvof,0,376,1.22656,0.310837,1.2294,0.308594
rising_case2,clsvof,0,377,1.23047,0.307131,1.23438,0.305157
rising_case2,clsvof,0,378,1.23438,0.30657,1.23753,0.304688
rising_case2,clsvof,0,379,1.24219,0.300488,1.24184,0.300781
rising_case2,clsvof,0,380,1.23828,0.30302,1.24075,0.300781
rising_case2,clsvof,0,381,1.24609,0.296861,1.24607,0.296875
rising_case2,clsvof,0,382,1.24219,0.299531,1.24609,0.297173
rising_case2,clsvof,0,383,1.25,0.295486,1.24788,0.296875
rising_case2,clsvof,0,384,1.24609,0.297996,1.24791,0.296875
rising_case2,clsvof,0,385,1.25391,0.291497,1.25229,0.292969
rising_case2,clsvof,0,386,1.25,0.294961,1.25225,0.292969
rising_case2,clsvof,0,387,1.25781,0.28792,1.25657,0.289062
rising_case2,clsvof,0,388,1.25391,0.291499,1.25662,0.289062
rising_case2,clsvof,0,389,1.26172,0.284247,1.26078,0.285156
rising_case2,clsvof,0,390,1.25781,0.287974,1.26076,0.285156
rising_case2,clsvof,0,391,1.26172,0.284223,1.26442,0.28125
rising_case2,clsvof,0,392,1.26953,0.274749,1.2678,0.277344
rising_case2,clsvof,0,393,1.26562,0.279186,1.26711,0.277344
rising_case2,clsvof,0,394,1.27344,0.268776,1.27292,0.269531
rising_case2,clsvof,0,395,1.27238,0.269531,1.26998,0.273438
rising_case2,clsvof,0,396,1.26953,0.274545,1.27027,0.273438
rising_case2,clsvof,0,397,1.27734,0.26115,1.277,0.261719
rising_case2,clsvof,0,398,1.27734,0.262342,1.2754,0.265625
rising_case2,clsvof,0,399,1.27344,0.26797,1.27505,0.265625
rising_case2,clsvof,0,400,1.27734,0.261546,1.27979,0.257812
rising_case2,clsvof,0,401,1.27734,0.262291,1.27768,0.261719
rising_case2,clsvof,0,402,1.28516,0.249252,1.28472,0.25
rising_case2,clsvof,0,403,1.28424,0.25,1.28235,0.253906
rising_case2,clsvof,0,404,1.28125,0.256239,1.28268,0.253906
rising_case2,clsvof,0,405,1.28906,0.241412,1.28866,0.242188
rising_case2,clsvof,0,406,1.2888,0.242188,1.28685,0.246094
rising_case2,clsvof,0,407,1.28516,0.248259,1.28641,0.246094
rising_case2,clsvof,0,408,1.29297,0.233723,1.29267,0.234375
rising_case2,clsvof,0,409,1.29289,0.234375,1.29092,0.238281
rising_case2,clsvof,0,410,1.28906,0.240513,1.29023,0.238281
rising_case2,clsvof,0,411,1.29688,0.2264,1.29681,0.226562
rising_case2,clsvof,0,412,1.29646,0.226562,1.29454,0.230469
rising_case2,clsvof,0,413,1.29297,0.232968,1.29412,0.230469
rising_case2,clsvof,0,414,1.30078,0.218526,1.3007,0.21875
rising_case2,clsvof,0,415,1.29976,0.21875,1.29779,0.222656
rising_case2,clsvof,0,416,1.29688,0.224937,1.29783,0.222656
rising_case2,clsvof,0,417,1.30469,0.208342,1.30353,0.210938
rising_case2,clsvof,0,418,1.30247,0.210938,1.30083,0.214844
rising_case2,clsvof,0,419,1.30078,0.217425,1.30173,0.214844
rising_case2,clsvof,0,420,1.30859,0.197736,1.30806,0.199219
rising_case2,clsvof,0,421,1.30734,0.199219,1.30558,0.203125
rising_case2,clsvof,0,422,1.30469,0.206726,1.30565,0.203125
rising_case2,clsvof,0,423,1.30469,0.208108,1.30517,0.207031
rising_case2,clsvof,0,424,1.3125,0.186526,1.3122,0.1875
rising_case2,clsvof,0,425,1.31175,0.1875,1.31004,0.191406
rising_case2,clsvof,0,426,1.30984,0.191406,1.30872,0.195312
rising_case2,clsvof,0,427,1.30859,0.197224,1.30928,0.195312
rising_case2,clsvof,0,428,1.31641,0.174907,1.31617,0.175781
rising_case2,clsvof,0,429,1.31581,0.175781,1.31415,0.179688
rising_case2,clsvof,0,430,1.3139,0.179688,1.31275,0.183594
rising_case2,clsvof,0,431,1.3125,0.186011,1.31325,0.183594
rising_case2,clsvof,0,432,1.32031,0.162102,1.31973,0.164062
rising_case2,clsvof,0,433,1.31926,0.164062,1.31766,0.167969
rising_case2,clsvof,0,434,1.31754,0.167969,1.31663,0.171875
rising_case2,clsvof,0,435,1.31641,0.174607,1.31714,0.171875
rising_case2,clsvof,0,436,1.32422,0.145333,1.32327,0.148438
rising_case2,clsvof,0,437,1.32287,0.148438,1.32161,0.152344
rising_case2,clsvof,0,438,1.3217,0.152344,1.32097,0.15625
rising_case2,clsvof,0,439,1.32104,0.15625,1.32051,0.160156
rising_case2,clsvof,0,440,1.32031,0.161944,1.32084,0.160156
rising_case2,clsvof,0,441,1.32812,0.0076279,1.32811,0.0078125
rising_case2,clsvof,0,442,1.32812,0.0226765,1.32812,0.0234375
rising_case2,clsvof,0,443,1.32812,0.0281249,1.32806,0.03125
rising_case2,clsvof,0,444,1.32803,0.03125,1.32812,0.0351562
rising_case2,clsvof,0,445,1.32812,0.0460834,1.32807,0.046875
rising_case2,clsvof,0,446,1.32806,0.046875,1.32762,0.0507812
rising_case2,clsvof,0,447,1.3275,0.0507812,1.32727,0.0546875
rising_case2,clsvof,0,448,1.32728,0.0546875,1.32748,0.0585938
rising_case2,clsvof,0,449,1.3277,0.0585938,1.32787,0.0625
rising_case2,clsvof,0,450,1.32776,0.0625,1.3277,0.0664062
rising_case2,clsvof,0,451,1.32773,0.0664062,1.32762,0.0703125
rising_case2,clsvof,0,452,1.32752,0.0703125,1.32748,0.0742188
rising_case2,clsvof,0,453,1.32755,0.0742188,1.32762,0.078125
rising_case2,clsvof,0,454,1.32762,0.078125,1.32768,0.0820312
rising_case2,clsvof,0,455,1.32767,0.0820312,1.32774,0.0859375
rising_case2,clsvof,0,456,1.32777,0.0859375,1.3278,0.0898438
rising_case2,clsvof,0,457,1.32777,0.0898438,1.32776,0.09375
rising_case2,clsvof,0,458,1.32779,0.09375,1.32771,0.0976562
rising_case2,clsvof,0,459,1.32768,0.0976562,1.32752,0.101562
rising_case2,clsvof,0,460,1.32752,0.101562,1.32735,0.105469
rising_case2,clsvof,0,461,1.32731,0.105469,1.3272,0.109375
rising_case2,clsvof,0,462,1.32729,0.109375,1.32713,0.113281
rising_case2,clsvof,0,463,1.32701,0.113281,1.32685,0.117188
rising_case2,clsvof,0,464,1.32698,0.117188,1.32678,0.121094
rising_case2,clsvof,0,465,1.32669,0.121094,1.32635,0.125
rising_case2,clsvof,0,466,1.32635,0.125,1.32606,0.128906
rising_case2,clsvof,0,467,1.32617,0.128906,1.32573,0.132812
rising_case2,clsvof,0,468,1.3256,0.132812,1.32507,0.136719
rising_case2,clsvof,0,469,1.32507,0.136719,1.32471,0.140625
rising_case2,clsvof,0,470,1.32488,0.140625,1.32437,0.144531
rising_case2,clsvof,0,471,1.32422,0.145392,1.32448,0.144531
rising_case2,clsvof,0,472,1.32887,0.0,1.32863,0.00390625
rising_case2,clsvof,0,473,1.32812,0.00770751,1.32842,0.00390625
rising_case2,clsvof,0,474,1.32814,0.0078125,1.32815,0.0117188
rising_case2,clsvof,0,475,1.32823,0.0117188,1.32833,0.015625
rising_case2,clsvof,0,476,1.32836,0.015625,1.32831,0.0195312
rising_case2,clsvof,0,477,1.32821,0.0195312,1.32816,0.0234375
rising_case2,clsvof,0,478,1.32827,0.0234375,1.32823,0.0273438
rising_case2,clsvof,0,479,1.32812,0.0283656,1.32815,0.0273438
rising_case2,clsvof,0,480,1.32819,0.0351562,1.32836,0.0390625
rising_case2,clsvof,0,481,1.32843,0.0390625,1.32842,0.0429688
rising_case2,clsvof,0,482,1.32812,0.0468147,1.32841,0.0429688
rising_case2,nn,0,0,0.714844,0.272488,0.713859,0.273438
rising_case2,nn,0,1,0.713346,0.273438,0.711585,0.277344
rising_case2,nn,0,2,0.711625,0.277344,0.714142,0.28125
rising_case2,nn,0,3,0.714409,0.28125,0.714844,0.281603
rising_case2,nn,0,4,0.714844,0.272595,0.71875,0.26983
rising_case2,nn,0,5,0.714844,0.281339,0.71875,0.283621
rising_case2,nn,0,6,0.722656,0.268641,0.720269,0.269531
rising_case2,nn,0,7,0.71875,0.269942,0.719851,0.269531
rising_case2,nn,0,8,0.71875,0.283335,0.722656,0.28444
rising_case2,nn,0,9,0.722656,0.268716,0.726562,0.267883
rising_case2,nn,0,10,0.722656,0.284322,0.726562,0.285055
rising_case2,nn,0,11,0.726562,0.267938,0.730469,0.267367
rising_case2,nn,0,12,0.726562,0.285012,0.727482,0.285156
rising_case2,nn,0,13,0.727205,0.285156,0.730469,0.285669
rising_case2,nn,0,14,0.730469,0.267363,0.734375,0.266952
rising_case2,nn,0,15,0.730469,0.285626,0.734375,0.286206
rising_case2,nn,0,16,0.734375,0.266951,0.738281,0.26671
rising_case2,nn,0,17,0.734375,0.286241,0.738281,0.286785
rising_case2,nn,0,18,0.738281,0.266723,0.742188,0.266626
rising_case2,nn,0,19,0.738281,0.286734,0.742188,0.287273
rising_case2,nn,0,20,0.742188,0.266637,0.746094,0.266636
rising_case2,nn,0,21,0.742188,0.28723,0.746094,0.287953
rising_case2,nn,0,22,0.746094,0.266636,0.75,0.266711
rising_case2,nn,0,23,0.746094,0.288046,0.75,0.288851
rising_case2,nn,0,24,0.75,0.266708,0.753906,0.266866
rising_case2,nn,0,25,0.75,0.288918,0.75108,0.289062
rising_case2,nn,0,26,0.750855,0.289062,0.753906,0.289471
rising_case2,nn,0,27,0.753906,0.266866,0.757812,0.267111
rising_case2,nn,0,28,0.753906,0.289322,0.757812,0.289668
rising_case2,nn,0,29,0.757812,0.26711,0.761719,0.267444
rising_case2,nn,0,30,0.757812,0.289671,0.761719,0.290115
rising_case2,nn,0,31,0.761719,0.267446,0.765625,0.267865
rising_case2,nn,0,32,0.761719,0.290019,0.765625,0.290749
rising_case2,nn,0,33,0.765625,0.267869,0.769531,0.268362
rising_case2,nn,0,34,0.765625,0.29076,0.769531,0.291944
rising_case2,nn,0,35,0.769531,0.268337,0.773438,0.268946
rising_case2,nn,0,36,0.769531,0.292314,0.772448,0.292969
rising_case2,nn,0,37,0.772439,0.292969,0.773438,0.293193
rising_case2,nn,0,38,0.773438,0.268981,0.776483,0.269531
rising_case2,nn,0,39,0.776474,0.269531,0.777344,0.269688
rising_case2,nn,0,40,0.773438,0.292929,0.77388,0.292969
rising_case2,nn,0,41,0.773899,0.292969,0.777344,0.293281
rising_case2,nn,0,42,0.777344,0.269678,0.78125,0.270429
rising_case2,nn,0,43,0.777344,0.293167,0.78125,0.293756
rising_case2,nn,0,44,0.78125,0.270417,0.785156,0.271255
rising_case2,nn,0,45,0.78125,0.293666,0.785156,0.294898
rising_case2,nn,0,46,0.785156,0.271241,0.789062,0.27222
rising_case2,nn,0,47,0.785156,0.295282,0.789062,0.296568
rising_case2,nn,0,48,0.789062,0.272245,0.792969,0.273346
rising_case2,nn,0,49,0.789062,0.296596,0.790789,0.296875
rising_case2,nn,0,50,0.791547,0.296875,0.792969,0.297105
rising_case2,nn,0,51,0.792969,0.27335,0.793265,0.273438
rising_case2,nn,0,52,0.793255,0.273438,0.796875,0.274513
rising_case2,nn,0,53,0.793436,0.296875,0.796875,0.297588
rising_case2,nn,0,54,0.796875,0.274469,0.800781,0.275765
rising_case2,nn,0,55,0.796875,0.297671,0.800781,0.29928
rising_case2,nn,0,56,0.800781,0.275797,0.804688,0.277252
rising_case2,nn,0,57,0.800781,0.29983,0.803957,0.300781
rising_case2,nn,0,58,0.8041,0.300781,0.804688,0.300957
rising_case2,nn,0,59,0.804688,0.277258,0.804908,0.277344
rising_case2,nn,0,60,0.804883,0.277344,0.808594,0.278787
rising_case2,nn,0,61,0.804688,0.300682,0.805206,0.300781
rising_case2,nn,0,62,0.807302,0.300781,0.808594,0.301028
rising_case2,nn,0,63,0.808594,0.278755,0.8125,0.280371
rising_case2,nn,0,64,0.808594,0.301062,0.8125,0.302742
rising_case2,nn,0,65,0.8125,0.28038,0.814444,0.28125
rising_case2,nn,0,66,0.814421,0.28125,0.816406,0.282138
rising_case2,nn,0,67,0.8125,0.30347,0.81583,0.304688
rising_case2,nn,0,68,0.815999,0.304688,0.816406,0.304837
rising_case2,nn,0,69,0.816406,0.282127,0.820312,0.283987
rising_case2,nn,0,70,0.816406,0.30464,0.816572,0.304688
rising_case2,nn,0,71,0.818914,0.304688,0.820312,0.30509
rising_case2,nn,0,72,0.820312,0.284014,0.82262,0.285156
rising_case2,nn,0,73,0.822623,0.285156,0.824219,0.285946
rising_case2,nn,0,74,0.820312,0.305512,0.824219,0.307339
rising_case2,nn,0,75,0.824219,0.28593,0.828125,0.28792
rising_case2,nn,0,76,0.824219,0.307865,0.82621,0.308594
rising_case2,nn,0,77,0.827812,0.308594,0.828125,0.308708
rising_case2,nn,0,78,0.828125,0.287942,0.830279,0.289062
rising_case2,nn,0,79,0.830267,0.289062,0.832031,0.28998
rising_case2,nn,0,80,0.828125,0.308552,0.82822,0.308594
rising_case2,nn,0,81,0.828531,0.308594,0.832031,0.310135
rising_case2,nn,0,82,0.832031,0.289967,0.835938,0.29201
rising_case2,nn,0,83,0.832031,0.311007,0.835451,0.3125
rising_case2,nn,0,84,0.835617,0.3125,0.835938,0.31264
rising_case2,nn,0,85,0.835938,0.292026,0.83774,0.292969
rising_case2,nn,0,86,0.837743,0.292969,0.839844,0.294068
rising_case2,nn,0,87,0.835938,0.312377,0.836251,0.3125
rising_case2,nn,0,88,0.837857,0.3125,0.839844,0.313282
rising_case2,nn,0,89,0.839844,0.294074,0.84375,0.296078
rising_case2,nn,0,90,0.839844,0.313999,0.84375,0.315855
rising_case2,nn,0,91,0.84375,0.296088,0.845323,0.296875
rising_case2,nn,0,92,0.845365,0.296875,0.847656,0.298022
rising_case2,nn,0,93,0.84375,0.316083,0.844572,0.316406
rising_case2,nn,0,94,0.846859,0.316406,0.847656,0.31672
rising_case2,nn,0,95,0.847656,0.298045,0.851562,0.29993
rising_case2,nn,0,96,0.847656,0.31706,0.851562,0.318931
rising_case2,nn,0,97,0.851562,0.299944,0.853393,0.300781
rising_case2,nn,0,98,0.853452,0.300781,0.855469,0.301703
rising_case2,nn,0,99,0.851562,0.319589,0.853502,0.320312
rising_case2,nn,0,100,0.854911,0.320312,0.855469,0.32052
rising_case2,nn,0,101,0.855469,0.301696,0.859375,0.303425
rising_case2,nn,0,102,0.856029,0.320312,0.859375,0.321703
rising_case2,nn,0,103,0.859375,0.303484,0.862316,0.304688
rising_case2,nn,0,104,0.862336,0.304688,0.863281,0.305074
rising_case2,nn,0,105,0.859375,0.322582,0.863281,0.324208
rising_case2,nn,0,106,0.863281,0.305005,0.867188,0.30651
rising_case2,nn,0,107,0.863281,0.323838,0.864718,0.324219
rising_case2,nn,0,108,0.866585,0.324219,0.867188,0.324378
rising_case2,nn,0,109,0.867188,0.306559,0.871094,0.308026
rising_case2,nn,0,110,0.867188,0.324587,0.871094,0.326344
rising_case2,nn,0,111,0.871094,0.308067,0.872692,0.308594
rising_case2,nn,0,112,0.87279,0.308594,0.875,0.309321
rising_case2,nn,0,113,0.871094,0.327049,0.874453,0.328125
rising_case2,nn,0,114,0.874448,0.328125,0.875,0.328302
rising_case2,nn,0,115,0.875,0.309243,0.878906,0.310487
rising_case2,nn,0,116,0.875,0.327467,0.8774,0.328125
rising_case2,nn,0,117,0.877782,0.328125,0.878906,0.328433
rising_case2,nn,0,118,0.878906,0.310558,0.882812,0.311803
rising_case2,nn,0,119,0.878906,0.328921,0.882812,0.330712
rising_case2,nn,0,120,0.882812,0.311846,0.885292,0.3125
rising_case2,nn,0,121,0.885364,0.3125,0.886719,0.312858
rising_case2,nn,0,122,0.882812,0.331053,0.886665,0.332031
rising_case2,nn,0,123,0.886719,0.312768,0.890625,0.313717
rising_case2,nn,0,124,0.886719,0.331553,0.890489,0.332031
rising_case2,nn,0,125,0.890533,0.332031,0.890625,0.332043
rising_case2,nn,0,126,0.890625,0.313775,0.894531,0.314729
rising_case2,nn,0,127,0.890856,0.332031,0.894531,0.333114
rising_case2,nn,0,128,0.894531,0.314728,0.898438,0.315573
rising_case2,nn,0,129,0.894531,0.33338,0.898438,0.334823
rising_case2,nn,0,130,0.898438,0.315576,0.902344,0.316307
rising_case2,nn,0,131,0.898438,0.334991,0.902344,0.335863
rising_case2,nn,0,132,0.902344,0.316338,0.902813,0.316406
rising_case2,nn,0,133,0.902895,0.316406,0.90625,0.316896
rising_case2,nn,0,134,0.902344,0.335854,0.90625,0.335834
rising_case2,nn,0,135,0.90625,0.316877,0.910156,0.317286
rising_case2,nn,0,136,0.90625,0.335101,0.910156,0.335674
rising_case2,nn,0,137,0.909926,0.335938,0.910156,0.335973
rising_case2,nn,0,138,0.910156,0.3173,0.914062,0.317557
rising_case2,nn,0,139,0.910156,0.3359,0.910316,0.335938
rising_case2,nn,0,140,0.910156,0.336533,0.914062,0.337448
rising_case2,nn,0,141,0.914062,0.317523,0.917969,0.317667
rising_case2,nn,0,142,0.914062,0.336835,0.917969,0.3376
rising_case2,nn,0,143,0.917969,0.317716,0.921875,0.31772
rising_case2,nn,0,144,0.917969,0.338065,0.921875,0.338976
rising_case2,nn,0,145,0.921875,0.317712,0.925781,0.317493
rising_case2,nn,0,146,0.921875,0.339058,0.925781,0.339019
rising_case2,nn,0,147,0.925781,0.317469,0.929688,0.317091
rising_case2,nn,0,148,0.925781,0.338041,0.929688,0.33884
rising_case2,nn,0,149,0.929524,0.339844,0.929688,0.339877
rising_case2,nn,0,150,0.929688,0.317119,0.933594,0.316573
rising_case2,nn,0,151,0.929688,0.34017,0.933594,0.341103
rising_case2,nn,0,152,0.9375,0.315793,0.934463,0.316406
rising_case2,nn,0,153,0.933594,0.316587,0.934489,0.316406
rising_case2,nn,0,154,0.933594,0.340224,0.9375,0.34039
rising_case2,nn,0,155,0.9375,0.315804,0.941406,0.314735
rising_case2,nn,0,156,0.9375,0.340564,0.941406,0.341374
rising_case2,nn,0,157,0.941406,0.314677,0.945312,0.313425
rising_case2,nn,0,158,0.941406,0.341546,0.945312,0.342308
rising_case2,nn,0,159,0.949219,0.312075,0.948059,0.3125
rising_case2,nn,0,160,0.945312,0.31347,0.947959,0.3125
rising_case2,nn,0,161,0.945312,0.342273,0.949219,0.342712
rising_case2,nn,0,162,0.949219,0.312055,0.953125,0.310318
rising_case2,nn,0,163,0.949219,0.342698,0.953125,0.342913
rising_case2,nn,0,164,0.957031,0.308356,0.956562,0.308594
rising_case2,nn,0,165,0.953125,0.310272,0.956437,0.308594
rising_case2,nn,0,166,0.953125,0.34287,0.957031,0.342974
rising_case2,nn,0,167,0.957031,0.308335,0.960938,0.30612
rising_case2,nn,0,168,0.957031,0.343065,0.960938,0.342962
rising_case2,nn,0,169,0.964844,0.303631,0.963208,0.304688
rising_case2,nn,0,170,0.960938,0.306096,0.963119,0.304688
rising_case2,nn,0,171,0.960938,0.342482,0.964844,0.342948
rising_case2,nn,0,172,0.964844,0.303585,0.96875,0.300783
rising_case2,nn,0,173,0.964844,0.343703,0.965164,0.34375
rising_case2,nn,0,174,0.965489,0.34375,0.96875,0.344224
rising_case2,nn,0,175,0.972656,0.297708,0.968779,0.300781
rising_case2,nn,0,176,0.96875,0.300806,0.968782,0.300781
rising_case2,nn,0,177,0.96875,0.343692,0.969762,0.34375
rising_case2,nn,0,178,0.968814,0.34375,0.972656,0.343972
rising_case2,nn,0,179,0.976562,0.294269,0.97361,0.296875
rising_case2,nn,0,180,0.972656,0.297695,0.973625,0.296875
rising_case2,nn,0,181,0.972656,0.344106,0.976562,0.344689
rising_case2,nn,0,182,0.980469,0.290426,0.977907,0.292969
rising_case2,nn,0,183,0.976562,0.294261,0.97793,0.292969
rising_case2,nn,0,184,0.976562,0.344757,0.980469,0.345277
rising_case2,nn,0,185,0.984375,0.286197,0.981786,0.289062
rising_case2,nn,0,186,0.980469,0.290441,0.981789,0.289062
rising_case2,nn,0,187,0.980469,0.345259,0.984375,0.345616
rising_case2,nn,0,188,0.988281,0.281607,0.985303,0.285156
rising_case2,nn,0,189,0.984375,0.286223,0.98531,0.285156
rising_case2,nn,0,190,0.984375,0.34561,0.988281,0.345852
rising_case2,nn,0,191,0.992188,0.276553,0.991604,0.277344
rising_case2,nn,0,192,0.991642,0.277344,0.988575,0.28125
rising_case2,nn,0,193,0.988281,0.281616,0.988579,0.28125
rising_case2,nn,0,194,0.988281,0.345845,0.992188,0.345997
rising_case2,nn,0,195,0.996094,0.271143,0.994491,0.273438
rising_case2,nn,0,196,0.992188,0.276604,0.994521,0.273438
rising_case2,nn,0,197,0.992188,0.34599,0.996094,0.346081
rising_case2,nn,0,198,1.0,0.265297,0.999798,0.265625
rising_case2,nn,0,199,0.999833,0.265625,0.997233,0.269531
rising_case2,nn,0,200,0.996094,0.271188,0.997239,0.269531
rising_case2,nn,0,201,0.996094,0.346082,1.0,0.346124
rising_case2,nn,0,202,1.00391,0.258944,1.00225,0.261719
rising_case2,nn,0,203,1.0,0.265379,1.00229,0.261719
rising_case2,nn,0,204,1.0,0.346114,1.00391,0.346124
rising_case2,nn,0,205,1.00781,0.252026,1.0068,0.253906
rising_case2,nn,0,206,1.00684,0.253906,1.00462,0.257812
rising_case2,nn,0,207,1.00391,0.258992,1.00461,0.257812
rising_case2,nn,0,208,1.00391,0.346124,1.00781,0.346124
rising_case2,nn,0,209,1.01172,0.244484,1.01093,0.246094
rising_case2,nn,0,210,1.01096,0.246094,1.00894,0.25
rising_case2,nn,0,211,1.00781,0.252096,1.00894,0.25
rising_case2,nn,0,212,1.00781,0.34612,1.01172,0.346119
rising_case2,nn,0,213,1.01562,0.236209,1.01469,0.238281
rising_case2,nn,0,214,1.01472,0.238281,1.01288,0.242188
rising_case2,nn,0,215,1.01172,0.244547,1.01288,0.242188
rising_case2,nn,0,216,1.01172,0.346103,1.01562,0.346141
rising_case2,nn,0,217,1.01953,0.227103,1.01814,0.230469
rising_case2,nn,0,218,1.01817,0.230469,1.01648,0.234375
rising_case2,nn,0,219,1.01562,0.236248,1.01647,0.234375
rising_case2,nn,0,220,1.01562,0.346129,1.01953,0.34626
rising_case2,nn,0,221,1.02344,0.217009,1.0228,0.21875
rising_case2,nn,0,222,1.02281,0.21875,1.02132,0.222656
rising_case2,nn,0,223,1.02133,0.222656,1.01978,0.226562
rising_case2,nn,0,224,1.01953,0.227124,1.01976,0.226562
rising_case2,nn,0,225,1.01953,0.346293,1.02344,0.346473
rising_case2,nn,0,226,1.02734,0.205741,1.02692,0.207031
rising_case2,nn,0,227,1.02692,0.207031,1.02561,0.210938
rising_case2,nn,0,228,1.02562,0.210938,1.02425,0.214844
rising_case2,nn,0,229,1.02344,0.217028,1.02424,0.214844
rising_case2,nn,0,230,1.02344,0.346496,1.02734,0.346614
rising_case2,nn,0,231,1.03125,0.192988,1.03058,0.195312
rising_case2,nn,0,232,1.03058,0.195312,1.02942,0.199219
rising_case2,nn,0,233,1.02943,0.199219,1.02821,0.203125
rising_case2,nn,0,234,1.02734,0.20575,1.0282,0.203125
rising_case2,nn,0,235,1.02734,0.346562,1.03125,0.346674
rising_case2,nn,0,236,1.03516,0.178347,1.03483,0.179688
rising_case2,nn,0,237,1.03482,0.179688,1.03383,0.183594
rising_case2,nn,0,238,1.03383,0.183594,1.0328,0.1875
rising_case2,nn,0,239,1.0328,0.1875,1.03171,0.191406
rising_case2,nn,0,240,1.03125,0.192988,1.03171,0.191406
rising_case2,nn,0,241,1.03125,0.346692,1.03516,0.346869
rising_case2,nn,0,242,1.03906,0.161099,1.03844,0.164062
rising_case2,nn,0,243,1.03844,0.164062,1.0376,0.167969
rising_case2,nn,0,244,1.0376,0.167969,1.03672,0.171875
rising_case2,nn,0,245,1.03672,0.171875,1.03579,0.175781
rising_case2,nn,0,246,1.03516,0.178344,1.03579,0.175781
rising_case2,nn,0,247,1.03516,0.346953,1.03906,0.346989
rising_case2,nn,0,248,1.04297,0.140031,1.04287,0.140625
rising_case2,nn,0,249,1.04287,0.140625,1.04221,0.144531
rising_case2,nn,0,250,1.04221,0.144531,1.04152,0.148438
rising_case2,nn,0,251,1.04152,0.148438,1.0408,0.152344
rising_case2,nn,0,252,1.0408,0.152344,1.04005,0.15625
rising_case2,nn,0,253,1.04005,0.15625,1.03926,0.160156
rising_case2,nn,0,254,1.03906,0.161097,1.03926,0.160156
rising_case2,nn,0,255,1.03906,0.346996,1.04297,0.346706
rising_case2,nn,0,256,1.04688,0.112479,1.04678,0.113281
rising_case2,nn,0,257,1.04678,0.113281,1.04629,0.117188
rising_case2,nn,0,258,1.04629,0.117188,1.04578,0.121094
rising_case2,nn,0,259,1.04578,0.121094,1.04525,0.125
rising_case2,nn,0,260,1.04525,0.125,1.0447,0.128906
rising_case2,nn,0,261,1.0447,0.128906,1.04412,0.132812
rising_case2,nn,0,262,1.04412,0.132812,1.04351,0.136719
rising_case2,nn,0,263,1.04297,0.140019,1.04351,0.136719
rising_case2,nn,0,264,1.04297,0.346715,1.04688,0.34607
rising_case2,nn,0,265,1.05078,0.0701985,1.05077,0.0703125
rising_case2,nn,0,266,1.05077,0.0703125,1.0505,0.0742188
rising_case2,nn,0,267,1.0505,0.0742188,1.05021,0.078125
rising_case2,nn,0,268,1.05021,0.078125,1.04991,0.0820312
rising_case2,nn,0,269,1.04991,0.0820312,1.04959,0.0859375
rising_case2,nn,0,270,1.04959,0.0859375,1.04924,0.0898438
rising_case2,nn,0,271,1.04924,0.0898438,1.04888,0.09375
rising_case2,nn,0,272,1.04888,0.09375,1.0485,0.0976562
rising_case2,nn,0,273,1.0485,0.0976562,1.0481,0.101562
rising_case2,nn,0,274,1.0481,0.101562,1.04768,0.105469
rising_case2,nn,0,275,1.04769,0.105469,1.04724,0.109375
rising_case2,nn,0,276,1.04688,0.112468,1.04724,0.109375
rising_case2,nn,0,277,1.04688,0.346004,1.05078,0.345118
rising_case2,nn,0,278,1.05305,0.0,1.05304,0.00390625
rising_case2,nn,0,279,1.05304,0.00390625,1.05302,0.0078125
rising_case2,nn,0,280,1.05302,0.0078125,1.05299,0.0117188
rising_case2,nn,0,281,1.05299,0.0117188,1.05294,0.015625
rising_case2,nn,0,282,1.05294,0.015625,1.05288,0.0195312
rising_case2,nn,0,283,1.05288,0.0195312,1.0528,0.0234375
rising_case2,nn,0,284,1.0528,0.0234375,1.05272,0.0273438
rising_case2,nn,0,285,1.05271,0.0273438,1.05261,0.03125
rising_case2,nn,0,286,1.05261,0.03125,1.0525,0.0351562
rising_case2,nn,0,287,1.0525,0.0351562,1.05237,0.0390625
rising_case2,nn,0,288,1.05236,0.0390625,1.05222,0.0429688
rising_case2,nn,0,289,1.05222,0.0429688,1.05206,0.046875
rising_case2,nn,0,290,1.05206,0.046875,1.05188,0.0507812
rising_case2,nn,0,291,1.05188,0.0507812,1.05169,0.0546875
rising_case2,nn,0,292,1.05169,0.0546875,1.05149,0.0585938
rising_case2,nn,0,293,1.05149,0.0585938,1.05126,0.0625
rising_case2,nn,0,294,1.05126,0.0625,1.05103,0.0664062
rising_case2,nn,0,295,1.05078,0.0701902,1.05103,0.0664062
rising_case2,nn,0,296,1.05078,0.344959,1.05469,0.344278
rising_case2,nn,0,297,1.05469,0.344324,1.05859,0.344077
rising_case2,nn,0,298,1.05859,0.344154,1.0625,0.344095
rising_case2,nn,0,299,1.0625,0.344161,1.06641,0.344001
rising_case2,nn,0,300,1.07031,0.343656,1.06869,0.34375
rising_case2,nn,0,301,1.06641,0.343932,1.06955,0.34375
rising_case2,nn,0,302,1.07422,0.343322,1.07178,0.34375
rising_case2,nn,0,303,1.07031,0.343883,1.07107,0.34375
rising_case2,nn,0,304,1.07422,0.343321,1.07812,0.341547
rising_case2,nn,0,305,1.08203,0.339609,1.0813,0.339844
rising_case2,nn,0,306,1.07812,0.340651,1.08063,0.339844
rising_case2,nn,0,307,1.08594,0.339649,1.08446,0.339844
rising_case2,nn,0,308,1.08203,0.340177,1.08456,0.339844
rising_case2,nn,0,309,1.08984,0.338104,1.08623,0.339844
rising_case2,nn,0,310,1.08594,0.340048,1.08636,0.339844
rising_case2,nn,0,311,1.09375,0.335884,1.09361,0.335938
rising_case2,nn,0,312,1.08984,0.336723,1.09197,0.335938
rising_case2,nn,0,313,1.09375,0.336189,1.09766,0.33615
rising_case2,nn,0,314,1.09766,0.33592,1.09871,0.335938
rising_case2,nn,0,315,1.09766,0.336043,1.10156,0.336108
rising_case2,nn,0,316,1.10547,0.335891,1.10524,0.335938
rising_case2,nn,0,317,1.10156,0.336687,1.10534,0.335938
rising_case2,nn,0,318,1.10938,0.331759,1.10903,0.332031
rising_case2,nn,0,319,1.10547,0.335766,1.10938,0.333283
rising_case2,nn,0,320,1.10938,0.33185,1.11328,0.330811
rising_case2,nn,0,321,1.10938,0.332098,1.1096,0.332031
rising_case2,nn,0,322,1.11328,0.331976,1.11358,0.332031
rising_case2,nn,0,323,1.11328,0.332073,1.11719,0.332796
rising_case2,nn,0,324,1.11719,0.332999,1.12109,0.332557
rising_case2,nn,0,325,1.125,0.327293,1.12436,0.328125
rising_case2,nn,0,326,1.125,0.330043,1.12246,0.332031
rising_case2,nn,0,327,1.12109,0.332903,1.12256,0.332031
rising_case2,nn,0,328,1.125,0.32744,1.12891,0.325903
rising_case2,nn,0,329,1.12891,0.327682,1.13107,0.328125
rising_case2,nn,0,330,1.12979,0.328125,1.13281,0.328744
rising_case2,nn,0,331,1.13672,0.327537,1.13545,0.328125
rising_case2,nn,0,332,1.13281,0.329055,1.13486,0.328125
rising_case2,nn,0,333,1.14062,0.323874,1.1399,0.324219
rising_case2,nn,0,334,1.13672,0.325579,1.1394,0.324219
rising_case2,nn,0,335,1.14062,0.324109,1.14349,0.324219
rising_case2,nn,0,336,1.14062,0.324268,1.14453,0.324418
rising_case2,nn,0,337,1.14844,0.324155,1.14817,0.324219
rising_case2,nn,0,338,1.14453,0.325378,1.14844,0.324532
rising_case2,nn,0,339,1.15234,0.320129,1.15207,0.320312
rising_case2,nn,0,340,1.14844,0.323839,1.15234,0.321384
rising_case2,nn,0,341,1.15234,0.320193,1.15625,0.319434
rising_case2,nn,0,342,1.15234,0.320923,1.15529,0.320312
rising_case2,nn,0,343,1.16016,0.320134,1.15944,0.320312
rising_case2,nn,0,344,1.15625,0.321558,1.16016,0.320645
rising_case2,nn,0,345,1.16406,0.316202,1.16366,0.316406
rising_case2,nn,0,346,1.16016,0.319369,1.16406,0.317066
rising_case2,nn,0,347,1.16797,0.315951,1.16535,0.316406
rising_case2,nn,0,348,1.16406,0.316967,1.16722,0.316406
rising_case2,nn,0,349,1.17188,0.31627,1.17156,0.316406
rising_case2,nn,0,350,1.16797,0.317579,1.17097,0.316406
rising_case2,nn,0,351,1.17578,0.311598,1.17316,0.3125
rising_case2,nn,0,352,1.17188,0.314209,1.17578,0.312641
rising_case2,nn,0,353,1.17578,0.313933,1.17969,0.313496
rising_case2,nn,0,354,1.18359,0.311194,1.18145,0.3125
rising_case2,nn,0,355,1.17969,0.31324,1.18092,0.3125
rising_case2,nn,0,356,1.1875,0.308105,1.18623,0.308594
rising_case2,nn,0,357,1.18359,0.309779,1.18657,0.308594
rising_case2,nn,0,358,1.19141,0.308485,1.19118,0.308594
rising_case2,nn,0,359,1.1875,0.309967,1.19066,0.308594
rising_case2,nn,0,360,1.19531,0.303893,1.19332,0.304688
rising_case2,nn,0,361,1.19141,0.306489,1.19524,0.304688
rising_case2,nn,0,362,1.19922,0.304514,1.19869,0.304688
rising_case2,nn,0,363,1.19531,0.306125,1.19922,0.304855
rising_case2,nn,0,364,1.19922,0.303858,1.20312,0.301805
rising_case2,nn,0,365,1.20312,0.302204,1.20636,0.300781
rising_case2,nn,0,366,1.20703,0.300386,1.21094,0.298412
rising_case2,nn,0,367,1.21094,0.298451,1.21365,0.296875
rising_case2,nn,0,368,1.21484,0.295852,1.21875,0.293867
rising_case2,nn,0,369,1.22266,0.291874,1.22124,0.292969
rising_case2,nn,0,370,1.21875,0.294946,1.22145,0.292969
rising_case2,nn,0,371,1.22656,0.288864,1.22615,0.289062
rising_case2,nn,0,372,1.22266,0.289615,1.22362,0.289062
rising_case2,nn,0,373,1.23047,0.288384,1.22825,0.289062
rising_case2,nn,0,374,1.22656,0.289604,1.22836,0.289062
rising_case2,nn,0,375,1.23438,0.284675,1.23395,0.285156
rising_case2,nn,0,376,1.23047,0.288495,1.23423,0.285156
rising_case2,nn,0,377,1.23828,0.281119,1.23813,0.28125
rising_case2,nn,0,378,1.23438,0.283789,1.23689,0.28125
rising_case2,nn,0,379,1.23828,0.280039,1.24219,0.277692
rising_case2,nn,0,380,1.24609,0.27611,1.24412,0.277344
rising_case2,nn,0,381,1.24219,0.278605,1.24428,0.277344
rising_case2,nn,0,382,1.25,0.272326,1.24878,0.273438
rising_case2,nn,0,383,1.24609,0.275645,1.24861,0.273438
rising_case2,nn,0,384,1.25391,0.26864,1.25302,0.269531
rising_case2,nn,0,385,1.25,0.272224,1.25286,0.269531
rising_case2,nn,0,386,1.25781,0.264194,1.25663,0.265625
rising_case2,nn,0,387,1.25391,0.268561,1.25652,0.265625
rising_case2,nn,0,388,1.26172,0.25939,1.26007,0.261719
rising_case2,nn,0,389,1.25781,0.263529,1.2593,0.261719
rising_case2,nn,0,390,1.26562,0.252721,1.26494,0.253906
rising_case2,nn,0,391,1.26457,0.253906,1.2624,0.257812
rising_case2,nn,0,392,1.26172,0.258694,1.26232,0.257812
rising_case2,nn,0,393,1.26953,0.244936,1.26875,0.246094
rising_case2,nn,0,394,1.26904,0.246094,1.26691,0.25
rising_case2,nn,0,395,1.26562,0.25118,1.2663,0.25
rising_case2,nn,0,396,1.27344,0.24053,1.2724,0.242188
rising_case2,nn,0,397,1.26953,0.244508,1.27115,0.242188
rising_case2,nn,0,398,1.27734,0.234081,1.27717,0.234375
rising_case2,nn,0,399,1.27589,0.234375,1.27367,0.238281
rising_case2,nn,0,400,1.27344,0.23984,1.27439,0.238281
rising_case2,nn,0,401,1.28125,0.225347,1.28055,0.226562
rising_case2,nn,0,402,1.2802,0.226562,1.27836,0.230469
rising_case2,nn,0,403,1.27734,0.233078,1.27885,0.230469
rising_case2,nn,0,404,1.28516,0.217551,1.28446,0.21875
rising_case2,nn,0,405,1.28478,0.21875,1.2828,0.222656
rising_case2,nn,0,406,1.28125,0.224872,1.28253,0.222656
rising_case2,nn,0,407,1.28906,0.210036,1.28858,0.210938
rising_case2,nn,0,408,1.28906,0.211472,1.28729,0.214844
rising_case2,nn,0,409,1.28516,0.21722,1.28653,0.214844
rising_case2,nn,0,410,1.29297,0.202239,1.29252,0.203125
rising_case2,nn,0,411,1.29297,0.20435,1.29163,0.207031
rising_case2,nn,0,412,1.28906,0.209915,1.29063,0.207031
rising_case2,nn,0,413,1.28906,0.211351,1.28927,0.210938
rising_case2,nn,0,414,1.29688,0.194457,1.29646,0.195312
rising_case2,nn,0,415,1.29688,0.196823,1.29568,0.199219
rising_case2,nn,0,416,1.29297,0.202141,1.29448,0.199219
rising_case2,nn,0,417,1.29297,0.203985,1.29339,0.203125
rising_case2,nn,0,418,1.30078,0.186967,1.30054,0.1875
rising_case2,nn,0,419,1.30078,0.188881,1.29952,0.191406
rising_case2,nn,0,420,1.29688,0.194331,1.29831,0.191406
rising_case2,nn,0,421,1.29688,0.196554,1.29748,0.195312
rising_case2,nn,0,422,1.30469,0.179169,1.30444,0.179688
rising_case2,nn,0,423,1.30469,0.18031,1.30308,0.183594
rising_case2,nn,0,424,1.30078,0.186518,1.30212,0.183594
rising_case2,nn,0,425,1.30078,0.18859,1.30132,0.1875
rising_case2,nn,0,426,1.30859,0.171862,1.30859,0.171875
rising_case2,nn,0,427,1.30859,0.172171,1.30673,0.175781
rising_case2,nn,0,428,1.30469,0.1784,1.30593,0.175781
rising_case2,nn,0,429,1.30469,0.180231,1.30495,0.179688
rising_case2,nn,0,430,1.3125,0.164347,1.31068,0.167969
rising_case2,nn,0,431,1.30859,0.170847,1.31004,0.167969
rising_case2,nn,0,432,1.30859,0.17209,1.3087,0.171875
rising_case2,nn,0,433,1.31641,0.156508,1.31459,0.160156
rising_case2,nn,0,434,1.3125,0.163122,1.31398,0.160156
rising_case2,nn,0,435,1.3125,0.164266,1.3126,0.164062
rising_case2,nn,0,436,1.32031,0.148594,1.31839,0.152344
rising_case2,nn,0,437,1.31641,0.155277,1.31784,0.152344
rising_case2,nn,0,438,1.31641,0.156451,1.31651,0.15625
rising_case2,nn,0,439,1.32421,0.140625,1.32223,0.144531
rising_case2,nn,0,440,1.32031,0.147732,1.32188,0.144531
rising_case2,nn,0,441,1.32031,0.148535,1.32036,0.148438
rising_case2,nn,0,442,1.32809,0.132812,1.32614,0.136719
rising_case2,nn,0,443,1.32422,0.140004,1.32586,0.136719
rising_case2,nn,0,444,1.33203,0.125002,1.33005,0.128906
rising_case2,nn,0,445,1.32812,0.132153,1.32976,0.128906
rising_case2,nn,0,446,1.33594,0.117276,1.33402,0.121094
rising_case2,nn,0,447,1.33203,0.124464,1.33374,0.121094
rising_case2,nn,0,448,1.33984,0.109535,1.33799,0.113281
rising_case2,nn,0,449,1.33594,0.116682,1.33766,0.113281
rising_case2,nn,0,450,1.34375,0.101696,1.34187,0.105469
rising_case2,nn,0,451,1.33984,0.108805,1.3415,0.105469
rising_case2,nn,0,452,1.33984,0.109471,1.33989,0.109375
rising_case2,nn,0,453,1.34766,0.093713,1.34764,0.09375
rising_case2,nn,0,454,1.34735,0.09375,1.34547,0.0976562
rising_case2,nn,0,455,1.34375,0.101124,1.34534,0.0976562
rising_case2,nn,0,456,1.34375,0.101616,1.34378,0.101562
rising_case2,nn,0,457,1.35156,0.0848083,1.35112,0.0859375
rising_case2,nn,0,458,1.3507,0.0859375,1.34892,0.0898438
rising_case2,nn,0,459,1.34766,0.0929883,1.34902,0.0898438
rising_case2,nn,0,460,1.35547,0.0748376,1.35409,0.078125
rising_case2,nn,0,461,1.35367,0.078125,1.3521,0.0820312
rising_case2,nn,0,462,1.35156,0.0843247,1.35247,0.0820312
rising_case2,nn,0,463,1.35938,0.0644595,1.35872,0.0664062
rising_case2,nn,0,464,1.3584,0.0664062,1.35681,0.0703125
rising_case2,nn,0,465,1.35683,0.0703125,1.35548,0.0742188
rising_case2,nn,0,466,1.35547,0.0747676,1.3557,0.0742188
rising_case2,nn,0,467,1.36328,0.0524687,1.3626,0.0546875
rising_case2,nn,0,468,1.36238,0.0546875,1.3609,0.0585938
rising_case2,nn,0,469,1.3608,0.0585938,1.35965,0.0625
rising_case2,nn,0,470,1.35938,0.0642012,1.35994,0.0625
rising_case2,nn,0,471,1.36719,0.037593,1.36688,0.0390625
rising_case2,nn,0,472,1.36684,0.0390625,1.36569,0.0429688
rising_case2,nn,0,473,1.36554,0.0429688,1.36443,0.046875
rising_case2,nn,0,474,1.3645,0.046875,1.3636,0.0507812
rising_case2,nn,0,475,1.36328,0.0523146,1.36375,0.0507812
rising_case2,nn,0,476,1.37109,0.0103486,1.371,0.0117188
rising_case2,nn,0,477,1.37093,0.0117188,1.37051,0.015625
rising_case2,nn,0,478,1.37053,0.015625,1.37006,0.0195312
rising_case2,nn,0,479,1.37001,0.0195312,1.36953,0.0234375
rising_case2,nn,0,480,1.36962,0.0234375,1.36905,0.0273438
rising_case2,nn,0,481,1.36899,0.0273438,1.36828,0.03125
rising_case2,nn,0,482,1.36825,0.03125,1.36757,0.0351562
rising_case2,nn,0,483,1.36719,0.0374984,1.36768,0.0351562
rising_case2,nn,0,484,1.37131,0.0,1.37128,0.00390625
rising_case2,nn,0,485,1.37128,0.00390625,1.37119,0.0078125
rising_case2,nn,0,486,1.37109,0.0101822,1.37125,0.0078125
rising_case2,clsvof,3,0,0.609375,0.299698,0.608103,0.300781
rising_case2,clsvof,3,1,0.607994,0.300781,0.605739,0.304688
rising_case2,clsvof,3,2,0.605839,0.304688,0.607658,0.308594
rising_case2,clsvof,3,3,0.607877,0.308594,0.609375,0.310051
rising_case2,clsvof,3,4,0.609375,0.300092,0.613281,0.297778
rising_case2,clsvof,3,5,0.609375,0.309595,0.613162,0.3125
rising_case2,clsvof,3,6,0.613081,0.3125,0.613281,0.312626
rising_case2,clsvof,3,7,0.617188,0.29679,0.616901,0.296875
rising_case2,clsvof,3,8,0.613281,0.297958,0.61691,0.296875
rising_case2,clsvof,3,9,0.613281,0.312587,0.617188,0.314587
rising_case2,clsvof,3,10,0.621094,0.296255,0.617664,0.296875
rising_case2,clsvof,3,11,0.617188,0.31434,0.621094,0.315848
rising_case2,clsvof,3,12,0.621094,0.29622,0.625,0.295706
rising_case2,clsvof,3,13,0.621094,0.315876,0.622586,0.316406
rising_case2,clsvof,3,14,0.622444,0.316406,0.625,0.317314
rising_case2,clsvof,3,15,0.625,0.295746,0.628906,0.295402
rising_case2,clsvof,3,16,0.625,0.317222,0.628906,0.318517
rising_case2,clsvof,3,17,0.628906,0.295391,0.632812,0.295161
rising_case2,clsvof,3,18,0.628906,0.318562,0.632812,0.319821
rising_case2,clsvof,3,19,0.632812,0.295175,0.636719,0.295054
rising_case2,clsvof,3,20,0.632812,0.319804,0.634554,0.320312
rising_case2,clsvof,3,21,0.634469,0.320312,0.636719,0.320969
rising_case2,clsvof,3,22,0.636719,0.295061,0.640625,0.295006
rising_case2,clsvof,3,23,0.636719,0.320928,0.640625,0.322011
rising_case2,clsvof,3,24,0.640625,0.295006,0.644531,0.295001
rising_case2,clsvof,3,25,0.640625,0.322037,0.644531,0.323071
rising_case2,clsvof,3,26,0.644531,0.295003,0.648438,0.295044
rising_case2,clsvof,3,27,0.644531,0.323072,0.648438,0.324007
rising_case2,clsvof,3,28,0.648438,0.295047,0.652344,0.295121
rising_case2,clsvof,3,29,0.648438,0.323995,0.64947,0.324219
rising_case2,clsvof,3,30,0.649435,0.324219,0.652344,0.324849
rising_case2,clsvof,3,31,0.652344,0.295122,0.65625,0.295222
rising_case2,clsvof,3,32,0.652344,0.324826,0.65625,0.325641
rising_case2,clsvof,3,33,0.65625,0.295222,0.660156,0.295344
rising_case2,clsvof,3,34,0.65625,0.325664,0.660156,0.326442
rising_case2,clsvof,3,35,0.660156,0.295345,0.664062,0.295488
rising_case2,clsvof,3,36,0.660156,0.326441,0.664062,0.32714
rising_case2,clsvof,3,37,0.664062,0.295489,0.667969,0.295651
rising_case2,clsvof,3,38,0.664062,0.327139,0.667969,0.327765
rising_case2,clsvof,3,39,0.667969,0.295653,0.671875,0.295829
rising_case2,clsvof,3,40,0.667969,0.32776,0.670499,0.328125
rising_case2,clsvof,3,41,0.670481,0.328125,0.671875,0.328326
rising_case2,clsvof,3,42,0.671875,0.29583,0.675781,0.296017
rising_case2,clsvof,3,43,0.671875,0.328318,0.675781,0.328837
rising_case2,clsvof,3,44,0.675781,0.296015,0.679688,0.296215
rising_case2,clsvof,3,45,0.675781,0.328842,0.679688,0.32932
rising_case2,clsvof,3,46,0.679688,0.296211,0.683594,0.296433
rising_case2,clsvof,3,47,0.679688,0.329323,0.683594,0.329743
rising_case2,clsvof,3,48,0.683594,0.296429,0.6875,0.29669
rising_case2,clsvof,3,49,0.683594,0.329738,0.6875,0.330104
rising_case2,clsvof,3,50,0.6875,0.296699,0.689877,0.296875
rising_case2,clsvof,3,51,0.689823,0.296875,0.691406,0.296992
rising_case2,clsvof,3,52,0.6875,0.330103,0.691406,0.330426
rising_case2,clsvof,3,53,0.691406,0.29699,0.695312,0.297284
rising_case2,clsvof,3,54,0.691406,0.330426,0.695312,0.330705
rising_case2,clsvof,3,55,0.695312,0.297278,0.699219,0.297588
rising_case2,clsvof,3,56,0.695312,0.330705,0.699219,0.330939
rising_case2,clsvof,3,57,0.699219,0.297587,0.703125,0.297931
rising_case2,clsvof,3,58,0.699219,0.330938,0.703125,0.331129
rising_case2,clsvof,3,59,0.703125,0.297932,0.707031,0.29831
rising_case2,clsvof,3,60,0.703125,0.331128,0.707031,0.331279
rising_case2,clsvof,3,61,0.707031,0.298313,0.710938,0.298717
rising_case2,clsvof,3,62,0.707031,0.331278,0.710938,0.331394
rising_case2,clsvof,3,63,0.710938,0.298715,0.714844,0.299143
rising_case2,clsvof,3,64,0.710938,0.331393,0.714844,0.331477
rising_case2,clsvof,3,65,0.714844,0.299135,0.71875,0.299607
rising_case2,clsvof,3,66,0.714844,0.331476,0.71875,0.331533
rising_case2,clsvof,3,67,0.71875,0.299604,0.722656,0.300141
rising_case2,clsvof,3,68,0.71875,0.331532,0.722656,0.331563
rising_case2,clsvof,3,69,0.722656,0.300154,0.726562,0.300735
rising_case2,clsvof,3,70,0.722656,0.331563,0.726562,0.331572
rising_case2,clsvof,3,71,0.726562,0.300733,0.726872,0.300781
rising_case2,clsvof,3,72,0.726875,0.300781,0.730469,0.301336
rising_case2,clsvof,3,73,0.726562,0.331572,0.730469,0.331562
rising_case2,clsvof,3,74,0.730469,0.301334,0.734375,0.301967
rising_case2,clsvof,3,75,0.730469,0.331561,0.734375,0.331534
rising_case2,clsvof,3,76,0.734375,0.301961,0.738281,0.302639
rising_case2,clsvof,3,77,0.734375,0.331533,0.738281,0.331494
rising_case2,clsvof,3,78,0.738281,0.302625,0.742188,0.303389
rising_case2,clsvof,3,79,0.738281,0.331494,0.742188,0.331445
rising_case2,clsvof,3,80,0.742188,0.30341,0.746094,0.304246
rising_case2,clsvof,3,81,0.742188,0.331446,0.746094,0.331388
rising_case2,clsvof,3,82,0.746094,0.304254,0.748088,0.304688
rising_case2,clsvof,3,83,0.748091,0.304688,0.75,0.305102
rising_case2,clsvof,3,84,0.746094,0.331388,0.75,0.33132
rising_case2,clsvof,3,85,0.75,0.305095,0.753906,0.305953
rising_case2,clsvof,3,86,0.75,0.331317,0.753906,0.331245
rising_case2,clsvof,3,87,0.753906,0.305926,0.757812,0.306863
rising_case2,clsvof,3,88,0.753906,0.331244,0.757812,0.331179
rising_case2,clsvof,3,89,0.757812,0.306889,0.761719,0.307907
rising_case2,clsvof,3,90,0.757812,0.331184,0.761719,0.331119
rising_case2,clsvof,3,91,0.761719,0.307928,0.764309,0.308594
rising_case2,clsvof,3,92,0.764305,0.308594,0.765625,0.308933
rising_case2,clsvof,3,93,0.761719,0.331122,0.765625,0.331038
rising_case2,clsvof,3,94,0.765625,0.308928,0.769531,0.309888
rising_case2,clsvof,3,95,0.765625,0.331032,0.769531,0.330933
rising_case2,clsvof,3,96,0.769531,0.309858,0.773438,0.310843
rising_case2,clsvof,3,97,0.769531,0.330922,0.773438,0.330841
rising_case2,clsvof,3,98,0.773438,0.310869,0.777344,0.311888
rising_case2,clsvof,3,99,0.773438,0.330854,0.777344,0.330789
rising_case2,clsvof,3,100,0.777344,0.311908,0.77975,0.3125
rising_case2,clsvof,3,101,0.779737,0.3125,0.78125,0.312872
rising_case2,clsvof,3,102,0.777344,0.330789,0.78125,0.330711
rising_case2,clsvof,3,103,0.78125,0.312863,0.785156,0.313738
rising_case2,clsvof,3,104,0.78125,0.330708,0.785156,0.330623
rising_case2,clsvof,3,105,0.785156,0.313736,0.789062,0.314542
rising_case2,clsvof,3,106,0.785156,0.330623,0.789062,0.330536
rising_case2,clsvof,3,107,0.789062,0.314555,0.792969,0.31527
rising_case2,clsvof,3,108,0.789062,0.330536,0.792969,0.330443
rising_case2,clsvof,3,109,0.792969,0.315273,0.796875,0.315864
rising_case2,clsvof,3,110,0.792969,0.330444,0.796875,0.330345
rising_case2,clsvof,3,111,0.796875,0.315865,0.800781,0.316321
rising_case2,clsvof,3,112,0.796875,0.330347,0.800781,0.330238
rising_case2,clsvof,3,113,0.800781,0.316327,0.801803,0.316406
rising_case2,clsvof,3,114,0.801781,0.316406,0.804688,0.316632
rising_case2,clsvof,3,115,0.800781,0.33024,0.804688,0.330114
rising_case2,clsvof,3,116,0.804688,0.316625,0.808594,0.316776
rising_case2,clsvof,3,117,0.804688,0.330113,0.808594,0.329969
rising_case2,clsvof,3,118,0.808594,0.31677,0.8125,0.316797
rising_case2,clsvof,3,119,0.808594,0.329967,0.8125,0.329809
rising_case2,clsvof,3,120,0.8125,0.31679,0.816406,0.31672
rising_case2,clsvof,3,121,0.8125,0.329806,0.816406,0.329643
rising_case2,clsvof,3,122,0.816406,0.316712,0.820312,0.316574
rising_case2,clsvof,3,123,0.816406,0.329641,0.820312,0.329486
rising_case2,clsvof,3,124,0.824219,0.316384,0.823762,0.316406
rising_case2,clsvof,3,125,0.820312,0.316573,0.823768,0.316406
rising_case2,clsvof,3,126,0.820312,0.329484,0.824219,0.329345
rising_case2,clsvof,3,127,0.824219,0.316376,0.828125,0.316155
rising_case2,clsvof,3,128,0.824219,0.329345,0.828125,0.329224
rising_case2,clsvof,3,129,0.828125,0.316156,0.832031,0.315917
rising_case2,clsvof,3,130,0.828125,0.329223,0.832031,0.329124
rising_case2,clsvof,3,131,0.832031,0.315915,0.835938,0.31566
rising_case2,clsvof,3,132,0.832031,0.329124,0.835938,0.32905
rising_case2,clsvof,3,133,0.835938,0.31566,0.839844,0.315392
rising_case2,clsvof,3,134,0.835938,0.329052,0.839844,0.328998
rising_case2,clsvof,3,135,0.839844,0.315391,0.84375,0.315111
rising_case2,clsvof,3,136,0.839844,0.329001,0.84375,0.328956
rising_case2,clsvof,3,137,0.84375,0.31511,0.847656,0.314823
rising_case2,clsvof,3,138,0.84375,0.328958,0.847656,0.328913
rising_case2,clsvof,3,139,0.847656,0.314822,0.851562,0.314532
rising_case2,clsvof,3,140,0.847656,0.328914,0.851562,0.328862
rising_case2,clsvof,3,141,0.851562,0.31453,0.855469,0.314241
rising_case2,clsvof,3,142,0.851562,0.328862,0.855469,0.328801
rising_case2,clsvof,3,143,0.855469,0.31424,0.859375,0.313957
rising_case2,clsvof,3,144,0.855469,0.328801,0.859375,0.32873
rising_case2,clsvof,3,145,0.859375,0.313957,0.863281,0.313685
rising_case2,clsvof,3,146,0.859375,0.32873,0.863281,0.328648
rising_case2,clsvof,3,147,0.863281,0.313684,0.867188,0.313426
rising_case2,clsvof,3,148,0.863281,0.328648,0.867188,0.328554
rising_case2,clsvof,3,149,0.867188,0.313426,0.871094,0.313186
rising_case2,clsvof,3,150,0.867188,0.328555,0.871094,0.328447
rising_case2,clsvof,3,151,0.871094,0.313186,0.875,0.312965
rising_case2,clsvof,3,152,0.871094,0.328447,0.875,0.328324
rising_case2,clsvof,3,153,0.875,0.312963,0.878906,0.312766
rising_case2,clsvof,3,154,0.875,0.328319,0.878906,0.328193
rising_case2,clsvof,3,155,0.878906,0.312763,0.882812,0.312597
rising_case2,clsvof,3,156,0.882812,0.328082,0.881296,0.328125
rising_case2,clsvof,3,157,0.878906,0.328187,0.881109,0.328125
rising_case2,clsvof,3,158,0.886719,0.31246,0.885662,0.3125
rising_case2,clsvof,3,159,0.882812,0.312606,0.885609,0.3125
rising_case2,clsvof,3,160,0.882812,0.32809,0.886719,0.327982
rising_case2,clsvof,3,161,0.886719,0.312456,0.890625,0.31231
rising_case2,clsvof,3,162,0.886719,0.327987,0.890625,0.327852
rising_case2,clsvof,3,163,0.890625,0.312308,0.894531,0.312175
rising_case2,clsvof,3,164,0.890625,0.327838,0.894531,0.327696
rising_case2,clsvof,3,165,0.894531,0.312173,0.898438,0.312059
rising_case2,clsvof,3,166,0.894531,0.327686,0.898438,0.327587
rising_case2,clsvof,3,167,0.898438,0.312058,0.902344,0.311968
rising_case2,clsvof,3,168,0.898438,0.327589,0.902344,0.327549
rising_case2,clsvof,3,169,0.902344,0.311968,0.90625,0.311903
rising_case2,clsvof,3,170,0.902344,0.327551,0.90625,0.327562
rising_case2,clsvof,3,171,0.90625,0.311907,0.910156,0.311859
rising_case2,clsvof,3,172,0.90625,0.327563,0.910156,0.327616
rising_case2,clsvof,3,173,0.910156,0.311866,0.914062,0.311812
rising_case2,clsvof,3,174,0.910156,0.327619,0.914062,0.327707
rising_case2,clsvof,3,175,0.914062,0.311817,0.917969,0.311731
rising_case2,clsvof,3,176,0.914062,0.327713,0.917969,0.32782
rising_case2,clsvof,3,177,0.917969,0.311731,0.921875,0.311602
rising_case2,clsvof,3,178,0.917969,0.327821,0.921875,0.327934
rising_case2,clsvof,3,179,0.921875,0.311603,0.925781,0.311429
rising_case2,clsvof,3,180,0.921875,0.327925,0.925781,0.328057
rising_case2,clsvof,3,181,0.925781,0.311427,0.929688,0.31121
rising_case2,clsvof,3,182,0.925781,0.328051,0.927463,0.328125
rising_case2,clsvof,3,183,0.92728,0.328125,0.929688,0.328231
rising_case2,clsvof,3,184,0.929688,0.311228,0.933594,0.310936
rising_case2,clsvof,3,185,0.929688,0.328235,0.933594,0.328435
rising_case2,clsvof,3,186,0.933594,0.310951,0.9375,0.310518
rising_case2,clsvof,3,187,0.933594,0.32844,0.9375,0.328646
rising_case2,clsvof,3,188,0.9375,0.310501,0.941406,0.309931
rising_case2,clsvof,3,189,0.9375,0.328639,0.941406,0.328856
rising_case2,clsvof,3,190,0.941406,0.309911,0.945312,0.309275
rising_case2,clsvof,3,191,0.941406,0.328857,0.945312,0.329095
rising_case2,clsvof,3,192,0.949219,0.308533,0.948903,0.308594
rising_case2,clsvof,3,193,0.945312,0.309325,0.949083,0.308594
rising_case2,clsvof,3,194,0.945312,0.329101,0.949219,0.329344
rising_case2,clsvof,3,195,0.949219,0.308593,0.953125,0.307564
rising_case2,clsvof,3,196,0.949219,0.329347,0.953125,0.329578
rising_case2,clsvof,3,197,0.953125,0.307555,0.957031,0.306216
rising_case2,clsvof,3,198,0.953125,0.329574,0.957031,0.329793
rising_case2,clsvof,3,199,0.960938,0.304522,0.96054,0.304688
rising_case2,clsvof,3,200,0.957031,0.306219,0.960708,0.304688
rising_case2,clsvof,3,201,0.957031,0.329791,0.960938,0.330008
rising_case2,clsvof,3,202,0.960938,0.304597,0.964844,0.302667
rising_case2,clsvof,3,203,0.960938,0.330013,0.964844,0.330223
rising_case2,clsvof,3,204,0.96875,0.300267,0.967889,0.300781
rising_case2,clsvof,3,205,0.964844,0.302733,0.968111,0.300781
rising_case2,clsvof,3,206,0.964844,0.330226,0.96875,0.330413
rising_case2,clsvof,3,207,0.96875,0.300373,0.972656,0.297554
rising_case2,clsvof,3,208,0.96875,0.330413,0.972656,0.330573
rising_case2,clsvof,3,209,0.976562,0.294232,0.973467,0.296875
rising_case2,clsvof,3,210,0.972656,0.297565,0.973519,0.296875
rising_case2,clsvof,3,211,0.972656,0.330574,0.976562,0.330707
rising_case2,clsvof,3,212,0.980469,0.290274,0.977877,0.292969
rising_case2,clsvof,3,213,0.976562,0.294237,0.977898,0.292969
rising_case2,clsvof,3,214,0.976562,0.330708,0.980469,0.330811
rising_case2,clsvof,3,215,0.984375,0.285643,0.981573,0.289062
rising_case2,clsvof,3,216,0.980469,0.290301,0.981579,0.289062
rising_case2,clsvof,3,217,0.980469,0.330812,0.984375,0.330882
rising_case2,clsvof,3,218,0.988281,0.280069,0.987533,0.28125
rising_case2,clsvof,3,219,0.987553,0.28125,0.984753,0.285156
rising_case2,clsvof,3,220,0.984375,0.28566,0.984763,0.285156
rising_case2,clsvof,3,221,0.984375,0.330883,0.988281,0.330916
rising_case2,clsvof,3,222,0.992188,0.273473,0.989998,0.277344
rising_case2,clsvof,3,223,0.988281,0.280074,0.990011,0.277344
rising_case2,clsvof,3,224,0.988281,0.330917,0.992188,0.330912
rising_case2,clsvof,3,225,0.996094,0.265294,0.995957,0.265625
rising_case2,clsvof,3,226,0.995961,0.265625,0.994175,0.269531
rising_case2,clsvof,3,227,0.994183,0.269531,0.9922,0.273438
rising_case2,clsvof,3,228,0.992188,0.273457,0.992198,0.273438
rising_case2,clsvof,3,229,0.992188,0.330913,0.996094,0.330869
rising_case2,clsvof,3,230,1.0,0.254956,0.999028,0.257812
rising_case2,clsvof,3,231,0.999033,0.257812,0.997569,0.261719
rising_case2,clsvof,3,232,0.996094,0.265292,0.997573,0.261719
rising_case2,clsvof,3,233,0.996094,0.330869,1.0,0.330785
rising_case2,clsvof,3,234,1.00391,0.241162,1.00367,0.242188
rising_case2,clsvof,3,235,1.00367,0.242188,1.00266,0.246094
rising_case2,clsvof,3,236,1.00267,0.246094,1.00156,0.25
rising_case2,clsvof,3,237,1.00157,0.25,1.00035,0.253906
rising_case2,clsvof,3,238,1.0,0.254953,1.00036,0.253906
rising_case2,clsvof,3,239,1.0,0.330785,1.00391,0.33066
rising_case2,clsvof,3,240,1.00781,0.220652,1.00751,0.222656
rising_case2,clsvof,3,241,1.00751,0.222656,1.00688,0.226562
rising_case2,clsvof,3,242,1.00688,0.226562,1.00618,0.230469
rising_case2,clsvof,3,243,1.00618,0.230469,1.00542,0.234375
rising_case2,clsvof,3,244,1.00542,0.234375,1.00458,0.238281
rising_case2,clsvof,3,245,1.00391,0.241154,1.00458,0.238281
rising_case2,clsvof,3,246,1.00391,0.33066,1.00781,0.330493
rising_case2,clsvof,3,247,1.01172,0.181621,1.01159,0.183594
rising_case2,clsvof,3,248,1.01159,0.183594,1.01132,0.1875
rising_case2,clsvof,3,249,1.01132,0.1875,1.01102,0.191406
rising_case2,clsvof,3,250,1.01102,0.191406,1.0107,0.195312
rising_case2,clsvof,3,251,1.0107,0.195312,1.01036,0.199219
rising_case2,clsvof,3,252,1.01036,0.199219,1.00998,0.203125
rising_case2,clsvof,3,253,1.00998,0.203125,1.00957,0.207031
rising_case2,clsvof,3,254,1.00957,0.207031,1.00912,0.210938
rising_case2,clsvof,3,255,1.00912,0.210938,1.00863,0.214844
rising_case2,clsvof,3,256,1.00863,0.214844,1.0081,0.21875
rising_case2,clsvof,3,257,1.00781,0.220645,1.0081,0.21875
rising_case2,clsvof,3,258,1.00781,0.330493,1.01172,0.330284
rising_case2,clsvof,3,259,1.01562,0.0601185,1.01559,0.0625
rising_case2,clsvof,3,260,1.01559,0.0625,1.01552,0.0664062
rising_case2,clsvof,3,261,1.01552,0.0664062,1.01545,0.0703125
rising_case2,clsvof,3,262,1.01545,0.0703125,1.01538,0.0742188
rising_case2,clsvof,3,263,1.01538,0.0742188,1.0153,0.078125
rising_case2,clsvof,3,264,1.0153,0.078125,1.01522,0.0820312
rising_case2,clsvof,3,265,1.01522,0.0820312,1.01514,0.0859375
rising_case2,clsvof,3,266,1.01514,0.0859375,1.01505,0.0898438
rising_case2,clsvof,3,267,1.01505,0.0898438,1.01496,0.09375
rising_case2,clsvof,3,268,1.01496,0.09375,1.01487,0.0976562
rising_case2,clsvof,3,269,1.01487,0.0976562,1.01478,0.101562
rising_case2,clsvof,3,270,1.01478,0.101562,1.01468,0.105469
rising_case2,clsvof,3,271,1.01468,0.105469,1.01458,0.109375
rising_case2,clsvof,3,272,1.01458,0.109375,1.01447,0.113281
rising_case2,clsvof,3,273,1.01447,0.113281,1.01437,0.117188
rising_case2,clsvof,3,274,1.01437,0.117188,1.01426,0.121094
rising_case2,clsvof,3,275,1.01426,0.121094,1.01414,0.125
rising_case2,clsvof,3,276,1.01414,0.125,1.01402,0.128906
rising_case2,clsvof,3,277,1.01402,0.128906,1.0139,0.132812
rising_case2,clsvof,3,278,1.0139,0.132812,1.01377,0.136719
rising_case2,clsvof,3,279,1.01377,0.136719,1.01364,0.140625
rising_case2,clsvof,3,280,1.01364,0.140625,1.0135,0.144531
rising_case2,clsvof,3,281,1.0135,0.144531,1.01336,0.148438
rising_case2,clsvof,3,282,1.01336,0.148438,1.0132,0.152344
rising_case2,clsvof,3,283,1.0132,0.152344,1.01304,0.15625
rising_case2,clsvof,3,284,1.01304,0.15625,1.01287,0.160156
rising_case2,clsvof,3,285,1.01287,0.160156,1.01269,0.164062
rising_case2,clsvof,3,286,1.01269,0.164062,1.0125,0.167969
rising_case2,clsvof,3,287,1.0125,0.167969,1.0123,0.171875
rising_case2,clsvof,3,288,1.0123,0.171875,1.01208,0.175781
rising_case2,clsvof,3,289,1.01208,0.175781,1.01184,0.179688
rising_case2,clsvof,3,290,1.01172,0.181611,1.01184,0.179688
rising_case2,clsvof,3,291,1.01172,0.330284,1.01562,0.330034
rising_case2,clsvof,3,292,1.01613,0.0,1.01613,0.00390625
rising_case2,clsvof,3,293,1.01613,0.00390625,1.01612,0.0078125
rising_case2,clsvof,3,294,1.01612,0.0078125,1.01611,0.0117188
rising_case2,clsvof,3,295,1.01611,0.0117188,1.01609,0.015625
rising_case2,clsvof,3,296,1.01609,0.015625,1.01607,0.0195312
rising_case2,clsvof,3,297,1.01607,0.0195312,1.01605,0.0234375
rising_case2,clsvof,3,298,1.01605,0.0234375,1.01602,0.0273438
rising_case2,clsvof,3,299,1.01602,0.0273438,1.01599,0.03125
rising_case2,clsvof,3,300,1.01599,0.03125,1.01595,0.0351562
rising_case2,clsvof,3,301,1.01595,0.0351562,1.01591,0.0390625
rising_case2,clsvof,3,302,1.01591,0.0390625,1.01587,0.0429688
rising_case2,clsvof,3,303,1.01587,0.0429688,1.01582,0.046875
rising_case2,clsvof,3,304,1.01582,0.046875,1.01577,0.0507812
rising_case2,clsvof,3,305,1.01577,0.0507812,1.01571,0.0546875
rising_case2,clsvof,3,306,1.01571,0.0546875,1.01565,0.0585938
rising_case2,clsvof,3,307,1.01562,0.0601184,1.01565,0.0585938
rising_case2,clsvof,3,308,1.01562,0.330034,1.01953,0.329743
rising_case2,clsvof,3,309,1.01953,0.329743,1.02344,0.32941
rising_case2,clsvof,3,310,1.02344,0.329411,1.02734,0.329036
rising_case2,clsvof,3,311,1.02734,0.329036,1.03125,0.328621
rising_case2,clsvof,3,312,1.03125,0.32862,1.03516,0.328165
rising_case2,clsvof,3,313,1.03906,0.32767,1.03548,0.328125
rising_case2,clsvof,3,314,1.03516,0.328172,1.03552,0.328125
rising_case2,clsvof,3,315,1.03906,0.327669,1.04297,0.327129
rising_case2,clsvof,3,316,1.04297,0.327129,1.04688,0.326546
rising_case2,clsvof,3,317,1.04688,0.326545,1.05078,0.325922
rising_case2,clsvof,3,318,1.05078,0.325922,1.05469,0.325261
rising_case2,clsvof,3,319,1.05469,0.325261,1.05859,0.324563
rising_case2,clsvof,3,320,1.0625,0.323825,1.06042,0.324219
rising_case2,clsvof,3,321,1.05859,0.324566,1.06043,0.324219
rising_case2,clsvof,3,322,1.0625,0.323825,1.06641,0.323043
rising_case2,clsvof,3,323,1.06641,0.323043,1.07031,0.32222
rising_case2,clsvof,3,324,1.07031,0.322219,1.07422,0.321359
rising_case2,clsvof,3,325,1.07422,0.32136,1.07812,0.320464
rising_case2,clsvof,3,326,1.08203,0.319528,1.07877,0.320312
rising_case2,clsvof,3,327,1.07812,0.32047,1.07878,0.320312
rising_case2,clsvof,3,328,1.08203,0.319526,1.08594,0.318545
rising_case2,clsvof,3,329,1.08594,0.318544,1.08984,0.317526
rising_case2,clsvof,3,330,1.08984,0.317527,1.09375,0.316472
rising_case2,clsvof,3,331,1.09766,0.315376,1.09399,0.316406
rising_case2,clsvof,3,332,1.09375,0.316478,1.094,0.316406
rising_case2,clsvof,3,333,1.09766,0.315372,1.10156,0.314231
rising_case2,clsvof,3,334,1.10156,0.314231,1.10547,0.313055
rising_case2,clsvof,3,335,1.10938,0.311841,1.10726,0.3125
rising_case2,clsvof,3,336,1.10547,0.31306,1.10726,0.3125
rising_case2,clsvof,3,337,1.10938,0.311838,1.11328,0.310573
rising_case2,clsvof,3,338,1.11328,0.310572,1.11719,0.309272
rising_case2,clsvof,3,339,1.12109,0.307935,1.11918,0.308594
rising_case2,clsvof,3,340,1.11719,0.309276,1.11917,0.308594
rising_case2,clsvof,3,341,1.12109,0.30793,1.125,0.306539
rising_case2,clsvof,3,342,1.125,0.306538,1.12891,0.305111
rising_case2,clsvof,3,343,1.13281,0.303643,1.13004,0.304688
rising_case2,clsvof,3,344,1.12891,0.305117,1.13005,0.304688
rising_case2,clsvof,3,345,1.13281,0.303636,1.13672,0.302116
rising_case2,clsvof,3,346,1.14062,0.300565,1.14008,0.300781
rising_case2,clsvof,3,347,1.13672,0.30212,1.14007,0.300781
rising_case2,clsvof,3,348,1.14062,0.30056,1.14453,0.298948
rising_case2,clsvof,3,349,1.14453,0.298944,1.14844,0.29729
rising_case2,clsvof,3,350,1.15234,0.295595,1.14941,0.296875
rising_case2,clsvof,3,351,1.14844,0.297299,1.14941,0.296875
rising_case2,clsvof,3,352,1.15234,0.295586,1.15625,0.293835
rising_case2,clsvof,3,353,1.16016,0.292047,1.15816,0.292969
rising_case2,clsvof,3,354,1.15625,0.293842,1.15815,0.292969
rising_case2,clsvof,3,355,1.16016,0.292036,1.16406,0.290185
rising_case2,clsvof,3,356,1.16797,0.288298,1.1664,0.289062
rising_case2,clsvof,3,357,1.16406,0.290191,1.16638,0.289062
rising_case2,clsvof,3,358,1.16797,0.288284,1.17188,0.28633
rising_case2,clsvof,3,359,1.17578,0.284337,1.17419,0.285156
rising_case2,clsvof,3,360,1.17188,0.286336,1.17417,0.285156
rising_case2,clsvof,3,361,1.17578,0.284322,1.17969,0.28226
rising_case2,clsvof,3,362,1.18359,0.280156,1.18158,0.28125
rising_case2,clsvof,3,363,1.17969,0.282266,1.18156,0.28125
rising_case2,clsvof,3,364,1.18359,0.280141,1.1875,0.277964
rising_case2,clsvof,3,365,1.19141,0.27574,1.1886,0.277344
rising_case2,clsvof,3,366,1.1875,0.277969,1.18859,0.277344
rising_case2,clsvof,3,367,1.19141,0.275735,1.19531,0.273438
rising_case2,clsvof,3,368,1.19531,0.273434,1.19922,0.271076
rising_case2,clsvof,3,369,1.20312,0.268668,1.20174,0.269531
rising_case2,clsvof,3,370,1.19922,0.271076,1.20171,0.269531
rising_case2,clsvof,3,371,1.20312,0.26865,1.20703,0.266157
rising_case2,clsvof,3,372,1.21094,0.263607,1.20785,0.265625
rising_case2,clsvof,3,373,1.20703,0.266155,1.20786,0.265625
rising_case2,clsvof,3,374,1.21484,0.260995,1.21376,0.261719
rising_case2,clsvof,3,375,1.21094,0.263602,1.21373,0.261719
rising_case2,clsvof,3,376,1.21484,0.260971,1.21875,0.258265
rising_case2,clsvof,3,377,1.22266,0.255491,1.21939,0.257812
rising_case2,clsvof,3,378,1.21875,0.258261,1.2194,0.257812
rising_case2,clsvof,3,379,1.22656,0.252649,1.22483,0.253906
rising_case2,clsvof,3,380,1.22266,0.255484,1.22482,0.253906
rising_case2,clsvof,3,381,1.23047,0.249721,1.2301,0.25
rising_case2,clsvof,3,382,1.22656,0.252632,1.23006,0.25
rising_case2,clsvof,3,383,1.23047,0.24969,1.23438,0.246664
rising_case2,clsvof,3,384,1.23828,0.243555,1.2351,0.246094
rising_case2,clsvof,3,385,1.23438,0.246658,1.2351,0.246094
rising_case2,clsvof,3,386,1.24219,0.240363,1.23995,0.242188
rising_case2,clsvof,3,387,1.23828,0.243533,1.23995,0.242188
rising_case2,clsvof,3,388,1.24609,0.237068,1.24465,0.238281
rising_case2,clsvof,3,389,1.24219,0.240328,1.24464,0.238281
rising_case2,clsvof,3,390,1.25,0.233669,1.2492,0.234375
rising_case2,clsvof,3,391,1.24609,0.23704,1.24916,0.234375
rising_case2,clsvof,3,392,1.25391,0.230166,1.25357,0.230469
rising_case2,clsvof,3,393,1.25,0.233644,1.25353,0.230469
rising_case2,clsvof,3,394,1.25781,0.226551,1.2578,0.226562
rising_case2,clsvof,3,395,1.25391,0.230139,1.25777,0.226562
rising_case2,clsvof,3,396,1.25781,0.226521,1.26172,0.222786
rising_case2,clsvof,3,397,1.26562,0.218931,1.26185,0.222656
rising_case2,clsvof,3,398,1.26172,0.222782,1.26185,0.222656
rising_case2,clsvof,3,399,1.26953,0.214944,1.2658,0.21875
rising_case2,clsvof,3,400,1.26562,0.218925,1.2658,0.21875
rising_case2,clsvof,3,401,1.27344,0.210843,1.27335,0.210938
rising_case2,clsvof,3,402,1.27333,0.210938,1.26963,0.214844
rising_case2,clsvof,3,403,1.26953,0.214938,1.26962,0.214844
rising_case2,clsvof,3,404,1.27734,0.206566,1.27693,0.207031
rising_case2,clsvof,3,405,1.27344,0.21082,1.27691,0.207031
rising_case2,clsvof,3,406,1.28125,0.202132,1.28039,0.203125
rising_case2,clsvof,3,407,1.27734,0.206544,1.28038,0.203125
rising_case2,clsvof,3,408,1.28516,0.197528,1.28376,0.199219
rising_case2,clsvof,3,409,1.28125,0.202119,1.28374,0.199219
rising_case2,clsvof,3,410,1.28906,0.192764,1.28701,0.195312
rising_case2,clsvof,3,411,1.28516,0.197537,1.28698,0.195312
rising_case2,clsvof,3,412,1.29297,0.187812,1.29016,0.191406
rising_case2,clsvof,3,413,1.28906,0.192766,1.29014,0.191406
rising_case2,clsvof,3,414,1.29688,0.182648,1.29619,0.183594
rising_case2,clsvof,3,415,1.29617,0.183594,1.29321,0.1875
rising_case2,clsvof,3,416,1.29297,0.187807,1.2932,0.1875
rising_case2,clsvof,3,417,1.30078,0.177246,1.29904,0.179688
rising_case2,clsvof,3,418,1.29688,0.182627,1.29903,0.179688
rising_case2,clsvof,3,419,1.30469,0.17163,1.30453,0.171875
rising_case2,clsvof,3,420,1.30451,0.171875,1.30182,0.175781
rising_case2,clsvof,3,421,1.30078,0.17724,1.3018,0.175781
rising_case2,clsvof,3,422,1.30859,0.165691,1.30712,0.167969
rising_case2,clsvof,3,423,1.30469,0.171602,1.30711,0.167969
rising_case2,clsvof,3,424,1.3125,0.159485,1.3121,0.160156
rising_case2,clsvof,3,425,1.31208,0.160156,1.30964,0.164062
rising_case2,clsvof,3,426,1.30859,0.165673,1.30963,0.164062
rising_case2,clsvof,3,427,1.31641,0.152905,1.31445,0.15625
rising_case2,clsvof,3,428,1.3125,0.159458,1.31444,0.15625
rising_case2,clsvof,3,429,1.32031,0.145948,1.31895,0.148438
rising_case2,clsvof,3,430,1.31894,0.148438,1.31673,0.152344
rising_case2,clsvof,3,431,1.31641,0.152899,1.31673,0.152344
rising_case2,clsvof,3,432,1.32422,0.138542,1.32315,0.140625
rising_case2,clsvof,3,433,1.32315,0.140625,1.32108,0.144531
rising_case2,clsvof,3,434,1.32031,0.145932,1.32108,0.144531
rising_case2,clsvof,3,435,1.32812,0.130612,1.32708,0.132812
rising_case2,clsvof,3,436,1.32707,0.132812,1.32514,0.136719
rising_case2,clsvof,3,437,1.32422,0.138525,1.32514,0.136719
rising_case2,clsvof,3,438,1.33203,0.122054,1.33073,0.125
rising_case2,clsvof,3,439,1.33073,0.125,1.32893,0.128906
rising_case2,clsvof,3,440,1.32812,0.130596,1.32893,0.128906
rising_case2,clsvof,3,441,1.33594,0.112739,1.33572,0.113281
rising_case2,clsvof,3,442,1.33572,0.113281,1.33412,0.117188
rising_case2,clsvof,3,443,1.33411,0.117188,1.33245,0.121094
rising_case2,clsvof,3,444,1.33203,0.122045,1.33245,0.121094
rising_case2,clsvof,3,445,1.33984,0.102399,1.33873,0.105469
rising_case2,clsvof,3,446,1.33873,0.105469,1.33725,0.109375
rising_case2,clsvof,3,447,1.33594,0.112715,1.33725,0.109375
rising_case2,clsvof,3,448,1.34375,0.0907535,1.3428,0.09375
rising_case2,clsvof,3,449,1.3428,0.09375,1.3415,0.0976562
rising_case2,clsvof,3,450,1.3415,0.0976562,1.34015,0.101562
rising_case2,clsvof,3,451,1.33984,0.10239,1.34014,0.101562
rising_case2,clsvof,3,452,1.34766,0.0771994,1.34742,0.078125
rising_case2,clsvof,3,453,1.34741,0.078125,1.34634,0.0820312
rising_case2,clsvof,3,454,1.34634,0.0820312,1.34522,0.0859375
rising_case2,clsvof,3,455,1.34522,0.0859375,1.34404,0.0898438
rising_case2,clsvof,3,456,1.34375,0.0907447,1.34404,0.0898438
rising_case2,clsvof,3,457,1.35156,0.0604164,1.35114,0.0625
rising_case2,clsvof,3,458,1.35114,0.0625,1.35029,0.0664062
rising_case2,clsvof,3,459,1.35028,0.0664062,1.34938,0.0703125
rising_case2,clsvof,3,460,1.34938,0.0703125,1.34842,0.0742188
rising_case2,clsvof,3,461,1.34766,0.0771822,1.34842,0.0742188
rising_case2,clsvof,3,462,1.35547,0.036247,1.35512,0.0390625
rising_case2,clsvof,3,463,1.35512,0.0390625,1.35459,0.0429688
rising_case2,clsvof,3,464,1.35459,0.0429688,1.354,0.046875
rising_case2,clsvof,3,465,1.354,0.046875,1.35336,0.0507812
rising_case2,clsvof,3,466,1.35336,0.0507812,1.35267,0.0546875
rising_case2,clsvof,3,467,1.35267,0.0546875,1.35193,0.0585938
rising_case2,clsvof,3,468,1.35156,0.0604063,1.35193,0.0585938
rising_case2,clsvof,3,469,1.35765,0.0,1.35762,0.00390625
rising_case2,clsvof,3,470,1.35762,0.00390625,1.35755,0.0078125
rising_case2,clsvof,3,471,1.35755,0.0078125,1.35742,0.0117188
rising_case2,clsvof,3,472,1.35742,0.0117188,1.35724,0.015625
rising_case2,clsvof,3,473,1.35724,0.015625,1.35702,0.0195312
rising_case2,clsvof,3,474,1.35702,0.0195312,1.35674,0.0234375
rising_case2,clsvof,3,475,1.35674,0.0234375,1.35641,0.0273438
rising_case2,clsvof,3,476,1.35641,0.0273438,1.35603,0.03125
rising_case2,clsvof,3,477,1.35603,0.03125,1.3556,0.0351562
rising_case2,clsvof,3,478,1.35547,0.0362368,1.3556,0.0351562
rising_case2,nn,3,0,0.609375,0.299544,0.607872,0.300781
rising_case2,nn,3,1,0.607765,0.300781,0.605507,0.304688
rising_case2,nn,3,2,0.605645,0.304688,0.607591,0.308594
rising_case2,nn,3,3,0.60776,0.308594,0.609375,0.310101
rising_case2,nn,3,4,0.609375,0.299979,0.613281,0.297765
rising_case2,nn,3,5,0.609375,0.309583,0.613281,0.312489
rising_case2,nn,3,6,0.613145,0.3125,0.613281,0.312586
rising_case2,nn,3,7,0.617188,0.296695,0.616575,0.296875
rising_case2,nn,3,8,0.613281,0.297858,0.616619,0.296875
rising_case2,nn,3,9,0.613281,0.312557,0.617188,0.314576
rising_case2,nn,3,10,0.621094,0.296223,0.617454,0.296875
rising_case2,nn,3,11,0.617188,0.314323,0.621094,0.315828
rising_case2,nn,3,12,0.621094,0.296146,0.625,0.295618
rising_case2,nn,3,13,0.621094,0.31585,0.62266,0.316406
rising_case2,nn,3,14,0.622512,0.316406,0.625,0.31729
rising_case2,nn,3,15,0.625,0.295681,0.628906,0.295347
rising_case2,nn,3,16,0.625,0.317203,0.628906,0.3185
rising_case2,nn,3,17,0.628906,0.295328,0.632812,0.295099
rising_case2,nn,3,18,0.628906,0.318539,0.632812,0.319801
rising_case2,nn,3,19,0.632812,0.295113,0.636719,0.295
rising_case2,nn,3,20,0.632812,0.319787,0.634604,0.320312
rising_case2,nn,3,21,0.634515,0.320312,0.636719,0.320959
rising_case2,nn,3,22,0.636719,0.29501,0.640625,0.294967
rising_case2,nn,3,23,0.636719,0.320919,0.640625,0.322007
rising_case2,nn,3,24,0.640625,0.294968,0.644531,0.294974
rising_case2,nn,3,25,0.640625,0.322031,0.644531,0.323071
rising_case2,nn,3,26,0.644531,0.294976,0.648438,0.295025
rising_case2,nn,3,27,0.644531,0.323074,0.648438,0.32401
rising_case2,nn,3,28,0.648438,0.295027,0.652344,0.295109
rising_case2,nn,3,29,0.648438,0.323994,0.649474,0.324219
rising_case2,nn,3,30,0.64944,0.324219,0.652344,0.324849
rising_case2,nn,3,31,0.652344,0.29511,0.65625,0.295217
rising_case2,nn,3,32,0.652344,0.324827,0.65625,0.325647
rising_case2,nn,3,33,0.65625,0.295217,0.660156,0.295346
rising_case2,nn,3,34,0.65625,0.325671,0.660156,0.326456
rising_case2,nn,3,35,0.660156,0.295346,0.664062,0.295497
rising_case2,nn,3,36,0.660156,0.326456,0.664062,0.327156
rising_case2,nn,3,37,0.664062,0.295498,0.667969,0.295668
rising_case2,nn,3,38,0.664062,0.327154,0.667969,0.327776
rising_case2,nn,3,39,0.667969,0.295671,0.671875,0.295852
rising_case2,nn,3,40,0.667969,0.327771,0.670442,0.328125
rising_case2,nn,3,41,0.67042,0.328125,0.671875,0.328334
rising_case2,nn,3,42,0.671875,0.295851,0.675781,0.29604
rising_case2,nn,3,43,0.671875,0.328326,0.675781,0.328844
rising_case2,nn,3,44,0.675781,0.296038,0.679688,0.296242
rising_case2,nn,3,45,0.675781,0.328849,0.679688,0.329328
rising_case2,nn,3,46,0.679688,0.29624,0.683594,0.296467
rising_case2,nn,3,47,0.679688,0.329333,0.683594,0.329752
rising_case2,nn,3,48,0.683594,0.296462,0.6875,0.296728
rising_case2,nn,3,49,0.683594,0.329745,0.6875,0.330108
rising_case2,nn,3,50,0.6875,0.296738,0.689335,0.296875
rising_case2,nn,3,51,0.689282,0.296875,0.691406,0.297034
rising_case2,nn,3,52,0.6875,0.330108,0.691406,0.330429
rising_case2,nn,3,53,0.691406,0.297032,0.695312,0.297327
rising_case2,nn,3,54,0.691406,0.330429,0.695312,0.330706
rising_case2,nn,3,55,0.695312,0.29732,0.699219,0.297633
rising_case2,nn,3,56,0.695312,0.330705,0.699219,0.330936
rising_case2,nn,3,57,0.699219,0.297632,0.703125,0.297979
rising_case2,nn,3,58,0.699219,0.330935,0.703125,0.331122
rising_case2,nn,3,59,0.703125,0.297982,0.707031,0.298362
rising_case2,nn,3,60,0.703125,0.331121,0.707031,0.331268
rising_case2,nn,3,61,0.707031,0.298365,0.710938,0.298767
rising_case2,nn,3,62,0.707031,0.331266,0.710938,0.331378
rising_case2,nn,3,63,0.710938,0.298762,0.714844,0.299188
rising_case2,nn,3,64,0.710938,0.331377,0.714844,0.331456
rising_case2,nn,3,65,0.714844,0.299181,0.71875,0.299653
rising_case2,nn,3,66,0.714844,0.331456,0.71875,0.331508
rising_case2,nn,3,67,0.71875,0.29965,0.722656,0.300186
rising_case2,nn,3,68,0.71875,0.331507,0.722656,0.331534
rising_case2,nn,3,69,0.722656,0.300198,0.726562,0.300778
rising_case2,nn,3,70,0.722656,0.331533,0.726562,0.331537
rising_case2,nn,3,71,0.726562,0.300778,0.726586,0.300781
rising_case2,nn,3,72,0.726583,0.300781,0.730469,0.301379
rising_case2,nn,3,73,0.726562,0.331537,0.730469,0.33152
rising_case2,nn,3,74,0.730469,0.301376,0.734375,0.302002
rising_case2,nn,3,75,0.730469,0.331519,0.734375,0.331486
rising_case2,nn,3,76,0.734375,0.301994,0.738281,0.302665
rising_case2,nn,3,77,0.734375,0.331484,0.738281,0.331439
rising_case2,nn,3,78,0.738281,0.302652,0.742188,0.30341
rising_case2,nn,3,79,0.738281,0.331439,0.742188,0.331386
rising_case2,nn,3,80,0.742188,0.303429,0.746094,0.30426
rising_case2,nn,3,81,0.742188,0.331387,0.746094,0.331325
rising_case2,nn,3,82,0.746094,0.30427,0.74803,0.304688
rising_case2,nn,3,83,0.748028,0.304688,0.75,0.305112
rising_case2,nn,3,84,0.746094,0.331325,0.75,0.331252
rising_case2,nn,3,85,0.75,0.305105,0.753906,0.30595
rising_case2,nn,3,86,0.75,0.331249,0.753906,0.331174
rising_case2,nn,3,87,0.753906,0.30592,0.757812,0.306846
rising_case2,nn,3,88,0.753906,0.331173,0.757812,0.331106
rising_case2,nn,3,89,0.757812,0.306873,0.761719,0.307884
rising_case2,nn,3,90,0.757812,0.331112,0.761719,0.331043
rising_case2,nn,3,91,0.761719,0.307907,0.764406,0.308594
rising_case2,nn,3,92,0.764398,0.308594,0.765625,0.308907
rising_case2,nn,3,93,0.761719,0.331046,0.765625,0.330955
rising_case2,nn,3,94,0.765625,0.308902,0.769531,0.309849
rising_case2,nn,3,95,0.765625,0.330948,0.769531,0.330845
rising_case2,nn,3,96,0.769531,0.309815,0.773438,0.310783
rising_case2,nn,3,97,0.769531,0.330832,0.773438,0.330754
rising_case2,nn,3,98,0.773438,0.310805,0.777344,0.311819
rising_case2,nn,3,99,0.773438,0.33077,0.777344,0.330712
rising_case2,nn,3,100,0.777344,0.311841,0.780011,0.3125
rising_case2,nn,3,101,0.779986,0.3125,0.78125,0.312812
rising_case2,nn,3,102,0.777344,0.330713,0.78125,0.33064
rising_case2,nn,3,103,0.78125,0.312805,0.785156,0.313678
rising_case2,nn,3,104,0.78125,0.330634,0.785156,0.330552
rising_case2,nn,3,105,0.785156,0.313673,0.789062,0.31447
rising_case2,nn,3,106,0.785156,0.330553,0.789062,0.330471
rising_case2,nn,3,107,0.789062,0.314481,0.792969,0.315191
rising_case2,nn,3,108,0.789062,0.330473,0.792969,0.330388
rising_case2,nn,3,109,0.792969,0.315197,0.796875,0.315783
rising_case2,nn,3,110,0.792969,0.330388,0.796875,0.330297
rising_case2,nn,3,111,0.796875,0.315782,0.800781,0.316237
rising_case2,nn,3,112,0.796875,0.330299,0.800781,0.330196
rising_case2,nn,3,113,0.800781,0.316244,0.802824,0.316406
rising_case2,nn,3,114,0.80281,0.316406,0.804688,0.316555
rising_case2,nn,3,115,0.800781,0.330197,0.804688,0.330077
rising_case2,nn,3,116,0.804688,0.316549,0.808594,0.31671
rising_case2,nn,3,117,0.804688,0.330077,0.808594,0.329938
rising_case2,nn,3,118,0.808594,0.316703,0.8125,0.316741
rising_case2,nn,3,119,0.808594,0.329936,0.8125,0.329783
rising_case2,nn,3,120,0.8125,0.316735,0.816406,0.316677
rising_case2,nn,3,121,0.8125,0.32978,0.816406,0.329624
rising_case2,nn,3,122,0.816406,0.31667,0.820312,0.316545
rising_case2,nn,3,123,0.816406,0.329621,0.820312,0.329472
rising_case2,nn,3,124,0.824219,0.316366,0.823343,0.316406
rising_case2,nn,3,125,0.820312,0.316544,0.823347,0.316406
rising_case2,nn,3,126,0.820312,0.32947,0.824219,0.329336
rising_case2,nn,3,127,0.824219,0.316356,0.828125,0.316147
rising_case2,nn,3,128,0.824219,0.329336,0.828125,0.32922
rising_case2,nn,3,129,0.828125,0.316151,0.832031,0.315923
rising_case2,nn,3,130,0.828125,0.329219,0.832031,0.329125
rising_case2,nn,3,131,0.832031,0.315919,0.835938,0.315672
rising_case2,nn,3,132,0.832031,0.329124,0.835938,0.329054
rising_case2,nn,3,133,0.835938,0.315672,0.839844,0.315415
rising_case2,nn,3,134,0.835938,0.329056,0.839844,0.329005
rising_case2,nn,3,135,0.839844,0.315415,0.84375,0.315145
rising_case2,nn,3,136,0.839844,0.329008,0.84375,0.328967
rising_case2,nn,3,137,0.84375,0.315144,0.847656,0.314866
rising_case2,nn,3,138,0.84375,0.328969,0.847656,0.328927
rising_case2,nn,3,139,0.847656,0.314865,0.851562,0.314582
rising_case2,nn,3,140,0.847656,0.328928,0.851562,0.328881
rising_case2,nn,3,141,0.851562,0.314581,0.855469,0.314298
rising_case2,nn,3,142,0.851562,0.328881,0.855469,0.328825
rising_case2,nn,3,143,0.855469,0.314297,0.859375,0.314019
rising_case2,nn,3,144,0.855469,0.328825,0.859375,0.328758
rising_case2,nn,3,145,0.859375,0.314018,0.863281,0.31375
rising_case2,nn,3,146,0.859375,0.328758,0.863281,0.32868
rising_case2,nn,3,147,0.863281,0.313749,0.867188,0.313493
rising_case2,nn,3,148,0.863281,0.32868,0.867188,0.328591
rising_case2,nn,3,149,0.867188,0.313492,0.871094,0.313253
rising_case2,nn,3,150,0.867188,0.328592,0.871094,0.328491
rising_case2,nn,3,151,0.871094,0.313253,0.875,0.313032
rising_case2,nn,3,152,0.871094,0.328491,0.875,0.328376
rising_case2,nn,3,153,0.875,0.313032,0.878906,0.312831
rising_case2,nn,3,154,0.875,0.328373,0.878906,0.32825
rising_case2,nn,3,155,0.878906,0.312826,0.882812,0.312655
rising_case2,nn,3,156,0.878906,0.328242,0.882812,0.328132
rising_case2,nn,3,157,0.882812,0.312659,0.886719,0.312518
rising_case2,nn,3,158,0.886719,0.328047,0.883355,0.328125
rising_case2,nn,3,159,0.882812,0.328129,0.882971,0.328125
rising_case2,nn,3,160,0.890625,0.312394,0.887507,0.3125
rising_case2,nn,3,161,0.886719,0.31252,0.887298,0.3125
rising_case2,nn,3,162,0.886719,0.32806,0.890625,0.327953
rising_case2,nn,3,163,0.890625,0.312389,0.894531,0.312257
rising_case2,nn,3,164,0.890625,0.327946,0.894531,0.327808
rising_case2,nn,3,165,0.894531,0.312256,0.898438,0.312135
rising_case2,nn,3,166,0.894531,0.327792,0.898438,0.327671
rising_case2,nn,3,167,0.898438,0.312132,0.902344,0.312031
rising_case2,nn,3,168,0.898438,0.327667,0.902344,0.327601
rising_case2,nn,3,169,0.902344,0.31203,0.90625,0.311955
rising_case2,nn,3,170,0.902344,0.327604,0.90625,0.327597
rising_case2,nn,3,171,0.90625,0.311959,0.910156,0.311904
rising_case2,nn,3,172,0.90625,0.327599,0.910156,0.327643
rising_case2,nn,3,173,0.910156,0.311912,0.914062,0.311853
rising_case2,nn,3,174,0.910156,0.327647,0.914062,0.327731
rising_case2,nn,3,175,0.914062,0.311859,0.917969,0.311765
rising_case2,nn,3,176,0.914062,0.327737,0.917969,0.327839
rising_case2,nn,3,177,0.917969,0.311761,0.921875,0.311625
rising_case2,nn,3,178,0.917969,0.32784,0.921875,0.327948
rising_case2,nn,3,179,0.921875,0.311627,0.925781,0.311453
rising_case2,nn,3,180,0.921875,0.327937,0.925781,0.328069
rising_case2,nn,3,181,0.925781,0.311453,0.929688,0.311239
rising_case2,nn,3,182,0.925781,0.328065,0.927117,0.328125
rising_case2,nn,3,183,0.926971,0.328125,0.929688,0.328247
rising_case2,nn,3,184,0.929688,0.311258,0.933594,0.310968
rising_case2,nn,3,185,0.929688,0.328253,0.933594,0.328453
rising_case2,nn,3,186,0.933594,0.310985,0.9375,0.31055
rising_case2,nn,3,187,0.933594,0.328456,0.9375,0.328659
rising_case2,nn,3,188,0.9375,0.310531,0.941406,0.309953
rising_case2,nn,3,189,0.9375,0.328652,0.941406,0.328867
rising_case2,nn,3,190,0.941406,0.309928,0.945312,0.309294
rising_case2,nn,3,191,0.941406,0.32887,0.945312,0.329109
rising_case2,nn,3,192,0.949219,0.308556,0.949024,0.308594
rising_case2,nn,3,193,0.945312,0.309354,0.949219,0.308594
rising_case2,nn,3,194,0.945312,0.329115,0.949219,0.329359
rising_case2,nn,3,195,0.953125,0.307573,0.949282,0.308594
rising_case2,nn,3,196,0.949219,0.308603,0.949253,0.308594
rising_case2,nn,3,197,0.949219,0.329362,0.953125,0.329592
rising_case2,nn,3,198,0.953125,0.307568,0.957031,0.306228
rising_case2,nn,3,199,0.953125,0.329587,0.957031,0.329803
rising_case2,nn,3,200,0.960938,0.304529,0.960557,0.304688
rising_case2,nn,3,201,0.957031,0.306233,0.960734,0.304688
rising_case2,nn,3,202,0.957031,0.329801,0.960938,0.330016
rising_case2,nn,3,203,0.960938,0.304604,0.964844,0.30267
rising_case2,nn,3,204,0.960938,0.330021,0.964844,0.33023
rising_case2,nn,3,205,0.96875,0.300271,0.967897,0.300781
rising_case2,nn,3,206,0.964844,0.302736,0.968114,0.300781
rising_case2,nn,3,207,0.964844,0.330233,0.96875,0.33042
rising_case2,nn,3,208,0.96875,0.300376,0.972656,0.297555
rising_case2,nn,3,209,0.96875,0.330419,0.972656,0.330579
rising_case2,nn,3,210,0.976562,0.294228,0.973467,0.296875
rising_case2,nn,3,211,0.972656,0.297565,0.973518,0.296875
rising_case2,nn,3,212,0.972656,0.330579,0.976562,0.330711
rising_case2,nn,3,213,0.980469,0.290267,0.977872,0.292969
rising_case2,nn,3,214,0.976562,0.294232,0.977892,0.292969
rising_case2,nn,3,215,0.976562,0.330712,0.980469,0.330815
rising_case2,nn,3,216,0.984375,0.285632,0.981566,0.289062
rising_case2,nn,3,217,0.980469,0.290294,0.981572,0.289062
rising_case2,nn,3,218,0.980469,0.330816,0.984375,0.330885
rising_case2,nn,3,219,0.988281,0.280051,0.987522,0.28125
rising_case2,nn,3,220,0.987541,0.28125,0.984743,0.285156
rising_case2,nn,3,221,0.984375,0.285651,0.984756,0.285156
rising_case2,nn,3,222,0.984375,0.330886,0.988281,0.330919
rising_case2,nn,3,223,0.992188,0.273452,0.989987,0.277344
rising_case2,nn,3,224,0.988281,0.280056,0.989999,0.277344
rising_case2,nn,3,225,0.988281,0.33092,0.992188,0.330915
rising_case2,nn,3,226,0.996094,0.265262,0.995944,0.265625
rising_case2,nn,3,227,0.995948,0.265625,0.994162,0.269531
rising_case2,nn,3,228,0.99417,0.269531,0.992188,0.273438
rising_case2,nn,3,229,0.992188,0.330915,0.996094,0.330871
rising_case2,nn,3,230,1.0,0.25492,0.999015,0.257812
rising_case2,nn,3,231,0.99902,0.257812,0.997556,0.261719
rising_case2,nn,3,232,0.996094,0.26526,0.997559,0.261719
rising_case2,nn,3,233,0.996094,0.330872,1.0,0.330787
rising_case2,nn,3,234,1.00391,0.24111,1.00365,0.242188
rising_case2,nn,3,235,1.00365,0.242188,1.00265,0.246094
rising_case2,nn,3,236,1.00265,0.246094,1.00155,0.25
rising_case2,nn,3,237,1.00155,0.25,1.00034,0.253906
rising_case2,nn,3,238,1.0,0.254916,1.00034,0.253906
rising_case2,nn,3,239,1.0,0.330787,1.00391,0.330662
rising_case2,nn,3,240,1.00781,0.220582,1.0075,0.222656
rising_case2,nn,3,241,1.0075,0.222656,1.00686,0.226562
rising_case2,nn,3,242,1.00687,0.226562,1.00617,0.230469
rising_case2,nn,3,243,1.00617,0.230469,1.0054,0.234375
rising_case2,nn,3,244,1.00541,0.234375,1.00457,0.238281
rising_case2,nn,3,245,1.00391,0.241101,1.00457,0.238281
rising_case2,nn,3,246,1.00391,0.330662,1.00781,0.330495
rising_case2,nn,3,247,1.01172,0.181484,1.01158,0.183594
rising_case2,nn,3,248,1.01158,0.183594,1.01131,0.1875
rising_case2,nn,3,249,1.01131,0.1875,1.01101,0.191406
rising_case2,nn,3,250,1.01101,0.191406,1.01069,0.195312
rising_case2,nn,3,251,1.01069,0.195312,1.01035,0.199219
rising_case2,nn,3,252,1.01035,0.199219,1.00997,0.203125
rising_case2,nn,3,253,1.00997,0.203125,1.00956,0.207031
rising_case2,nn,3,254,1.00956,0.207031,1.00911,0.210938
rising_case2,nn,3,255,1.00911,0.210938,1.00862,0.214844
rising_case2,nn,3,256,1.00862,0.214844,1.00808,0.21875
rising_case2,nn,3,257,1.00781,0.220574,1.00809,0.21875
rising_case2,nn,3,258,1.00781,0.330495,1.01172,0.330286
rising_case2,nn,3,259,1.01562,0.0595116,1.01558,0.0625
rising_case2,nn,3,260,1.01558,0.0625,1.01551,0.0664062
rising_case2,nn,3,261,1.01551,0.0664062,1.01544,0.0703125
rising_case2,nn,3,262,1.01544,0.0703125,1.01537,0.0742188
rising_case2,nn,3,263,1.01537,0.0742188,1.01529,0.078125
rising_case2,nn,3,264,1.01529,0.078125,1.01521,0.0820312
rising_case2,nn,3,265,1.01521,0.0820312,1.01513,0.0859375
rising_case2,nn,3,266,1.01513,0.0859375,1.01504,0.0898438
rising_case2,nn,3,267,1.01504,0.0898438,1.01495,0.09375
rising_case2,nn,3,268,1.01495,0.09375,1.01486,0.0976562
rising_case2,nn,3,269,1.01486,0.0976562,1.01477,0.101562
rising_case2,nn,3,270,1.01477,0.101562,1.01467,0.105469
rising_case2,nn,3,271,1.01467,0.105469,1.01457,0.109375
rising_case2,nn,3,272,1.01457,0.109375,1.01446,0.113281
rising_case2,nn,3,273,1.01446,0.113281,1.01436,0.117188
rising_case2,nn,3,274,1.01436,0.117188,1.01425,0.121094
rising_case2,nn,3,275,1.01425,0.121094,1.01413,0.125
rising_case2,nn,3,276,1.01413,0.125,1.01401,0.128906
rising_case2,nn,3,277,1.01401,0.128906,1.01389,0.132812
rising_case2,nn,3,278,1.01389,0.132812,1.01376,0.136719
rising_case2,nn,3,279,1.01376,0.136719,1.01363,0.140625
rising_case2,nn,3,280,1.01363,0.140625,1.01349,0.144531
rising_case2,nn,3,281,1.01349,0.144531,1.01335,0.148438
rising_case2,nn,3,282,1.01335,0.148438,1.01319,0.152344
rising_case2,nn,3,283,1.01319,0.152344,1.01303,0.15625
rising_case2,nn,3,284,1.01303,0.15625,1.01286,0.160156
rising_case2,nn,3,285,1.01286,0.160156,1.01268,0.164062
rising_case2,nn,3,286,1.01268,0.164062,1.01249,0.167969
rising_case2,nn,3,287,1.01249,0.167969,1.01229,0.171875
rising_case2,nn,3,288,1.01229,0.171875,1.01207,0.175781
rising_case2,nn,3,289,1.01207,0.175781,1.01183,0.179688
rising_case2,nn,3,290,1.01172,0.181472,1.01183,0.179688
rising_case2,nn,3,291,1.01172,0.330286,1.01562,0.330037
rising_case2,nn,3,292,1.01612,0.0,1.01612,0.00390625
rising_case2,nn,3,293,1.01612,0.00390625,1.01611,0.0078125
rising_case2,nn,3,294,1.01611,0.0078125,1.0161,0.0117188
rising_case2,nn,3,295,1.0161,0.0117188,1.01608,0.015625
rising_case2,nn,3,296,1.01608,0.015625,1.01606,0.0195312
rising_case2,nn,3,297,1.01606,0.0195312,1.01604,0.0234375
rising_case2,nn,3,298,1.01604,0.0234375,1.01601,0.0273438
rising_case2,nn,3,299,1.01601,0.0273438,1.01598,0.03125
rising_case2,nn,3,300,1.01598,0.03125,1.01594,0.0351562
rising_case2,nn,3,301,1.01594,0.0351562,1.0159,0.0390625
rising_case2,nn,3,302,1.0159,0.0390625,1.01586,0.0429688
rising_case2,nn,3,303,1.01586,0.0429688,1.01581,0.046875
rising_case2,nn,3,304,1.01581,0.046875,1.01576,0.0507812
rising_case2,nn,3,305,1.01576,0.0507812,1.0157,0.0546875
rising_case2,nn,3,306,1.0157,0.0546875,1.01564,0.0585938
rising_case2,nn,3,307,1.01562,0.0595116,1.01564,0.0585938
rising_case2,nn,3,308,1.01562,0.330037,1.01953,0.329745
rising_case2,nn,3,309,1.01953,0.329745,1.02344,0.329413
rising_case2,nn,3,310,1.02344,0.329413,1.02734,0.329039
rising_case2,nn,3,311,1.02734,0.329039,1.03125,0.328623
rising_case2,nn,3,312,1.03125,0.328623,1.03516,0.328168
rising_case2,nn,3,313,1.03906,0.327672,1.0355,0.328125
rising_case2,nn,3,314,1.03516,0.328174,1.03554,0.328125
rising_case2,nn,3,315,1.03906,0.327672,1.04297,0.327131
rising_case2,nn,3,316,1.04297,0.327131,1.04688,0.326549
rising_case2,nn,3,317,1.04688,0.326548,1.05078,0.325925
rising_case2,nn,3,318,1.05078,0.325924,1.05469,0.325264
rising_case2,nn,3,319,1.05469,0.325264,1.05859,0.324565
rising_case2,nn,3,320,1.0625,0.323826,1.06043,0.324219
rising_case2,nn,3,321,1.05859,0.324569,1.06044,0.324219
rising_case2,nn,3,322,1.0625,0.323828,1.06641,0.323046
rising_case2,nn,3,323,1.06641,0.323045,1.07031,0.322222
rising_case2,nn,3,324,1.07031,0.322221,1.07422,0.321361
rising_case2,nn,3,325,1.07422,0.321362,1.07812,0.320466
rising_case2,nn,3,326,1.08203,0.31953,1.07877,0.320312
rising_case2,nn,3,327,1.07812,0.320472,1.07879,0.320312
rising_case2,nn,3,328,1.08203,0.319528,1.08594,0.318547
rising_case2,nn,3,329,1.08594,0.318546,1.08984,0.317527
rising_case2,nn,3,330,1.08984,0.317528,1.09375,0.316474
rising_case2,nn,3,331,1.09766,0.315378,1.094,0.316406
rising_case2,nn,3,332,1.09375,0.31648,1.09401,0.316406
rising_case2,nn,3,333,1.09766,0.315374,1.10156,0.314233
rising_case2,nn,3,334,1.10156,0.314233,1.10547,0.313057
rising_case2,nn,3,335,1.10938,0.311843,1.10727,0.3125
rising_case2,nn,3,336,1.10547,0.313061,1.10727,0.3125
rising_case2,nn,3,337,1.10938,0.311839,1.11328,0.310575
rising_case2,nn,3,338,1.11328,0.310573,1.11719,0.309273
rising_case2,nn,3,339,1.12109,0.307936,1.11918,0.308594
rising_case2,nn,3,340,1.11719,0.309278,1.11918,0.308594
rising_case2,nn,3,341,1.12109,0.307931,1.125,0.30654
rising_case2,nn,3,342,1.125,0.306539,1.12891,0.305112
rising_case2,nn,3,343,1.13281,0.303644,1.13005,0.304688
rising_case2,nn,3,344,1.12891,0.305119,1.13005,0.304688
rising_case2,nn,3,345,1.13281,0.303637,1.13672,0.302117
rising_case2,nn,3,346,1.14062,0.300565,1.14008,0.300781
rising_case2,nn,3,347,1.13672,0.302121,1.14007,0.300781
rising_case2,nn,3,348,1.14062,0.300561,1.14453,0.298949
rising_case2,nn,3,349,1.14453,0.298945,1.14844,0.297291
rising_case2,nn,3,350,1.15234,0.295596,1.14941,0.296875
rising_case2,nn,3,351,1.14844,0.297301,1.14941,0.296875
rising_case2,nn,3,352,1.15234,0.295587,1.15625,0.293836
rising_case2,nn,3,353,1.16016,0.292048,1.15816,0.292969
rising_case2,nn,3,354,1.15625,0.293843,1.15815,0.292969
rising_case2,nn,3,355,1.16016,0.292037,1.16406,0.290186
rising_case2,nn,3,356,1.16797,0.288298,1.1664,0.289062
rising_case2,nn,3,357,1.16406,0.290192,1.16638,0.289062
rising_case2,nn,3,358,1.16797,0.288285,1.17188,0.28633
rising_case2,nn,3,359,1.17578,0.284337,1.17419,0.285156
rising_case2,nn,3,360,1.17188,0.286337,1.17417,0.285156
rising_case2,nn,3,361,1.17578,0.284322,1.17969,0.28226
rising_case2,nn,3,362,1.18359,0.280156,1.18158,0.28125
rising_case2,nn,3,363,1.17969,0.282266,1.18156,0.28125
rising_case2,nn,3,364,1.18359,0.280141,1.1875,0.277964
rising_case2,nn,3,365,1.19141,0.27574,1.1886,0.277344
rising_case2,nn,3,366,1.1875,0.27797,1.18859,0.277344
rising_case2,nn,3,367,1.19141,0.275735,1.19531,0.273438
rising_case2,nn,3,368,1.19531,0.273433,1.19922,0.271076
rising_case2,nn,3,369,1.20312,0.268668,1.20174,0.269531
rising_case2,nn,3,370,1.19922,0.271077,1.20171,0.269531
rising_case2,nn,3,371,1.20312,0.26865,1.20703,0.266157
rising_case2,nn,3,372,1.21094,0.263607,1.20785,0.265625
rising_case2,nn,3,373,1.20703,0.266155,1.20786,0.265625
rising_case2,nn,3,374,1.21484,0.260995,1.21376,0.261719
rising_case2,nn,3,375,1.21094,0.263602,1.21373,0.261719
rising_case2,nn,3,376,1.21484,0.260971,1.21875,0.258265
rising_case2,nn,3,377,1.22266,0.25549,1.21939,0.257812
rising_case2,nn,3,378,1.21875,0.258262,1.2194,0.257812
rising_case2,nn,3,379,1.22656,0.252647,1.22483,0.253906
rising_case2,nn,3,380,1.22266,0.255483,1.22482,0.253906
rising_case2,nn,3,381,1.23047,0.24972,1.2301,0.25
rising_case2,nn,3,382,1.22656,0.25263,1.23005,0.25
rising_case2,nn,3,383,1.23047,0.24969,1.23438,0.246664
rising_case2,nn,3,384,1.23828,0.243555,1.2351,0.246094
rising_case2,nn,3,385,1.23438,0.246659,1.2351,0.246094
rising_case2,nn,3,386,1.24219,0.240362,1.23995,0.242188
rising_case2,nn,3,387,1.23828,0.243533,1.23995,0.242188
rising_case2,nn,3,388,1.24609,0.237067,1.24465,0.238281
rising_case2,nn,3,389,1.24219,0.240328,1.24464,0.238281
rising_case2,nn,3,390,1.25,0.233668,1.24919,0.234375
rising_case2,nn,3,391,1.24609,0.237039,1.24916,0.234375
rising_case2,nn,3,392,1.25391,0.230166,1.25357,0.230469
rising_case2,nn,3,393,1.25,0.233642,1.25353,0.230469
rising_case2,nn,3,394,1.25781,0.226552,1.2578,0.226562
rising_case2,nn,3,395,1.25391,0.230139,1.25777,0.226562
rising_case2,nn,3,396,1.25781,0.226522,1.26172,0.222786
rising_case2,nn,3,397,1.26562,0.21893,1.26185,0.222656
rising_case2,nn,3,398,1.26172,0.222782,1.26185,0.222656
rising_case2,nn,3,399,1.26953,0.214944,1.2658,0.21875
rising_case2,nn,3,400,1.26562,0.218924,1.2658,0.21875
rising_case2,nn,3,401,1.27344,0.210842,1.27335,0.210938
rising_case2,nn,3,402,1.27333,0.210938,1.26963,0.214844
rising_case2,nn,3,403,1.26953,0.214937,1.26962,0.214844
rising_case2,nn,3,404,1.27734,0.206566,1.27693,0.207031
rising_case2,nn,3,405,1.27344,0.210818,1.27691,0.207031
rising_case2,nn,3,406,1.28125,0.202133,1.28039,0.203125
rising_case2,nn,3,407,1.27734,0.206545,1.28038,0.203125
rising_case2,nn,3,408,1.28516,0.197527,1.28376,0.199219
rising_case2,nn,3,409,1.28125,0.202119,1.28374,0.199219
rising_case2,nn,3,410,1.28906,0.192762,1.287,0.195312
rising_case2,nn,3,411,1.28516,0.197534,1.28698,0.195312
rising_case2,nn,3,412,1.29297,0.187811,1.29016,0.191406
rising_case2,nn,3,413,1.28906,0.192763,1.29014,0.191406
rising_case2,nn,3,414,1.29688,0.182647,1.29619,0.183594
rising_case2,nn,3,415,1.29617,0.183594,1.29321,0.1875
rising_case2,nn,3,416,1.29297,0.187806,1.2932,0.1875
rising_case2,nn,3,417,1.30078,0.177246,1.29904,0.179688
rising_case2,nn,3,418,1.29688,0.182627,1.29903,0.179688
rising_case2,nn,3,419,1.30469,0.171633,1.30453,0.171875
rising_case2,nn,3,420,1.30451,0.171875,1.30182,0.175781
rising_case2,nn,3,421,1.30078,0.177239,1.3018,0.175781
rising_case2,nn,3,422,1.30859,0.165687,1.30712,0.167969
rising_case2,nn,3,423,1.30469,0.171602,1.30711,0.167969
rising_case2,nn,3,424,1.3125,0.159483,1.31209,0.160156
rising_case2,nn,3,425,1.31208,0.160156,1.30964,0.164062
rising_case2,nn,3,426,1.30859,0.16567,1.30963,0.164062
rising_case2,nn,3,427,1.31641,0.152903,1.31445,0.15625
rising_case2,nn,3,428,1.3125,0.159456,1.31444,0.15625
rising_case2,nn,3,429,1.32031,0.145947,1.31895,0.148438
rising_case2,nn,3,430,1.31894,0.148438,1.31673,0.152344
rising_case2,nn,3,431,1.31641,0.152897,1.31673,0.152344
rising_case2,nn,3,432,1.32422,0.138544,1.32315,0.140625
rising_case2,nn,3,433,1.32315,0.140625,1.32108,0.144531
rising_case2,nn,3,434,1.32031,0.14593,1.32108,0.144531
rising_case2,nn,3,435,1.32812,0.130614,1.32708,0.132812
rising_case2,nn,3,436,1.32707,0.132812,1.32514,0.136719
rising_case2,nn,3,437,1.32422,0.138525,1.32514,0.136719
rising_case2,nn,3,438,1.33203,0.122051,1.33073,0.125
rising_case2,nn,3,439,1.33072,0.125,1.32893,0.128906
rising_case2,nn,3,440,1.32812,0.130596,1.32893,0.128906
rising_case2,nn,3,441,1.33594,0.112739,1.33572,0.113281
rising_case2,nn,3,442,1.33572,0.113281,1.33412,0.117188
rising_case2,nn,3,443,1.33411,0.117188,1.33245,0.121094
rising_case2,nn,3,444,1.33203,0.122042,1.33245,0.121094
rising_case2,nn,3,445,1.33984,0.102398,1.33873,0.105469
rising_case2,nn,3,446,1.33873,0.105469,1.33725,0.109375
rising_case2,nn,3,447,1.33594,0.112715,1.33725,0.109375
rising_case2,nn,3,448,1.34375,0.090754,1.3428,0.09375
rising_case2,nn,3,449,1.3428,0.09375,1.3415,0.0976562
rising_case2,nn,3,450,1.3415,0.0976562,1.34015,0.101562
rising_case2,nn,3,451,1.33984,0.102389,1.34014,0.101562
rising_case2,nn,3,452,1.34766,0.0772005,1.34742,0.078125
rising_case2,nn,3,453,1.34741,0.078125,1.34634,0.0820312
rising_case2,nn,3,454,1.34634,0.0820312,1.34522,0.0859375
rising_case2,nn,3,455,1.34522,0.0859375,1.34404,0.0898438
rising_case2,nn,3,456,1.34375,0.0907435,1.34404,0.0898438
rising_case2,nn,3,457,1.35156,0.060414,1.35114,0.0625
rising_case2,nn,3,458,1.35114,0.0625,1.35029,0.0664062
rising_case2,nn,3,459,1.35028,0.0664062,1.34938,0.0703125
rising_case2,nn,3,460,1.34938,0.0703125,1.34842,0.0742188
rising_case2,nn,3,461,1.34766,0.0771825,1.34842,0.0742188
rising_case2,nn,3,462,1.35547,0.0362452,1.35512,0.0390625
rising_case2,nn,3,463,1.35512,0.0390625,1.35459,0.0429688
rising_case2,nn,3,464,1.35459,0.0429688,1.354,0.046875
rising_case2,nn,3,465,1.354,0.046875,1.35336,0.0507812
rising_case2,nn,3,466,1.35336,0.0507812,1.35267,0.0546875
rising_case2,nn,3,467,1.35267,0.0546875,1.35193,0.0585938
rising_case2,nn,3,468,1.35156,0.0604029,1.35193,0.0585938
rising_case2,nn,3,469,1.35765,0.0,1.35762,0.00390625
rising_case2,nn,3,470,1.35762,0.00390625,1.35755,0.0078125
rising_case2,nn,3,471,1.35755,0.0078125,1.35742,0.0117188
rising_case2,nn,3,472,1.35742,0.0117188,1.35724,0.015625
rising_case2,nn,3,473,1.35724,0.015625,1.35702,0.0195312
rising_case2,nn,3,474,1.35702,0.0195312,1.35674,0.0234375
rising_case2,nn,3,475,1.35674,0.0234375,1.35641,0.0273438
rising_case2,nn,3,476,1.35641,0.0273438,1.35603,0.03125
rising_case2,nn,3,477,1.35603,0.03125,1.3556,0.0351562
rising_case2,nn,3,478,1.35547,0.0362338,1.3556,0.0351562
