N,t,i,imax,stage,returned_steps,band_cells,count,Egrad_mean,Egrad_rms,Egrad_linf,grad_min,grad_max,phi_change_mean,phi_change_linf,sign_mismatch,f_interface_l1,f_interface_count,volume_phi,volume_vof,volume_rel_diff
256,0,0,1,pre,-1,1.5,768,0.000986408055809,0.00120673343687,0.00201416790908,0.999962667255,1.00201416791,0,0,0,2.94775067699e-05,264,2,2,1.11022302463e-16
256,0,0,1,pre,-1,3.0,1536,0.000986182793541,0.00120693878898,0.00201416790908,0.999962667255,1.00201416791,0,0,0,2.94775067699e-05,264,2,2,1.11022302463e-16
256,0,0,1,post,1,1.5,768,0.000707618484129,0.000868957631081,0.00169668878046,0.999968559896,1.00169668878,2.1291200071e-06,7.28506685675e-06,0,3.21400615984e-05,264,2.00000000002,2,1.07923670001e-11
256,0,0,1,post,1,3.0,1536,0.000822037965203,0.00101849466571,0.00194218480617,0.999968559896,1.00194218481,2.95082317036e-06,7.69865841488e-06,0,3.21400615984e-05,264,2.00000000002,2,1.07923670001e-11
256,0,0,1,pre,-1,1.5,768,0.000709769090017,0.000869949318205,0.00171974481736,0.999933550022,1.00171974482,0,0,0,5.63440804362e-05,264,2.00000000002,2,1.04752873042e-11
256,0,0,1,pre,-1,3.0,1536,0.000823310989192,0.00101905277145,0.00194218480617,0.999933550022,1.00194218481,0,0,0,5.63440804362e-05,264,2.00000000002,2,1.04752873042e-11
256,0,0,1,post,1,1.5,768,0.000488789663243,0.000604854805159,0.00134934474031,0.999946071157,1.00134934474,1.40696318608e-06,5.63129264866e-06,0,6.4024341658e-05,264,2.00000000003,2,1.52297063849e-11
256,0,0,1,post,1,3.0,1536,0.000664034596158,0.000846565070483,0.0018118296546,0.999946071157,1.00181182965,2.432738736e-06,7.36636427066e-06,0,6.4024341658e-05,264,2.00000000003,2,1.52297063849e-11
256,0.014073436507311247,50,1,pre,-1,1.5,768,1.53900125431e-05,2.09966564381e-05,5.31375787217e-05,0.999946862421,1.00003352319,0,0,0,0.000467484612791,272,1.99999999822,1.99999999814,3.71345177176e-11
256,0.014073436507311247,50,1,pre,-1,3.0,1536,3.33529597803e-05,4.43669424475e-05,9.94073606846e-05,0.999905077529,1.00009940736,0,0,0,0.000467484612791,272,1.99999999822,1.99999999814,3.71345177176e-11
256,0.014073436507311247,50,1,post,1,1.5,768,8.98971668987e-06,1.27155116159e-05,3.28969960908e-05,0.999967103004,1.00001961884,3.32541953686e-08,1.50011114657e-07,0,0.000468439928742,272,1.99999999823,1.99999999814,4.38092895701e-11
256,0.014073436507311247,50,1,post,1,3.0,1536,2.26405223394e-05,3.13600784857e-05,7.34064496544e-05,0.99992798131,1.00007340645,9.57360341104e-08,3.18479526928e-07,0,0.000468439928742,272,1.99999999823,1.99999999814,4.38092895701e-11
256,0.033091593949623743,100,1,pre,-1,1.5,768,2.98833585523e-05,3.96729483182e-05,9.65912167025e-05,0.999903408783,1.00005843239,0,0,0,0.000418476386293,272,2.00000001536,2.00000001599,-3.15695467242e-10
256,0.033091593949623743,100,1,pre,-1,3.0,1536,6.23926027653e-05,8.13321398991e-05,0.000177916121409,0.999822083879,1.00017268743,0,0,0,0.000418476386293,272,2.00000001536,2.00000001599,-3.15695467242e-10
256,0.033091593949623743,100,1,post,1,1.5,768,1.72434385497e-05,2.37439474926e-05,5.97772459052e-05,0.999940222754,1.00003202923,6.1586843799e-08,2.71881767168e-07,0,0.000420355019473,272,2.0000000153,2.00000001599,-3.4543190254e-10
256,0.033091593949623743,100,1,post,1,3.0,1536,4.27940367702e-05,5.78614731084e-05,0.00013289762495,0.999867102375,1.0001268248,1.74649011457e-07,5.66636966966e-07,0,0.000420355019473,272,2.0000000153,2.00000001599,-3.4543190254e-10
256,0.052109751391936257,150,1,pre,-1,1.5,768,3.62040801276e-05,4.82520828703e-05,0.000129721791188,0.999870278209,1.00009456189,0,0,0,0.000376751588578,272,2.00000006748,2.00000005869,4.39725953846e-09
256,0.052109751391936257,150,1,pre,-1,3.0,1536,7.8237358259e-05,0.000102481268687,0.000236252716815,0.999763747283,1.00020168427,0,0,0,0.000376751588578,272,2.00000006748,2.00000005869,4.39725953846e-09
256,0.052109751391936257,150,1,post,1,1.5,768,2.07841601743e-05,2.87358513225e-05,8.03958553323e-05,0.999919604145,1.00005662377,7.26856374859e-08,3.5952221758e-07,0,0.000378812387893,272,2.00000006746,2.00000005869,4.38615020311e-09
256,0.052109751391936257,150,1,post,1,3.0,1536,5.35596859267e-05,7.27677932622e-05,0.000178449338512,0.999821550661,1.0001458684,2.16006289695e-07,7.55863788379e-07,0,0.000378812387893,272,2.00000006746,2.00000005869,4.38615020311e-09
256,0.071127908834248757,200,1,pre,-1,1.5,768,3.5227886786e-05,4.47068382885e-05,8.93837259934e-05,0.999928942,1.00008938373,0,0,0,0.000328872458164,264,2.00000010066,2.00000010074,-4.1755929942e-11
256,0.071127908834248757,200,1,pre,-1,3.0,1536,8.70507613578e-05,0.000115475617365,0.000283611153692,0.999716388846,1.00019912899,0,0,0,0.000328872458164,264,2.00000010066,2.00000010074,-4.1755929942e-11
256,0.071127908834248757,200,1,post,1,1.5,768,2.09683614623e-05,2.56839819278e-05,4.88248289965e-05,0.999956865212,1.00004882483,7.54474326418e-08,2.09752519536e-07,0,0.000331642555652,264,2.00000010024,2.00000010074,-2.51989971741e-10
256,0.071127908834248757,200,1,post,1,3.0,1536,6.03810633861e-05,8.23188325786e-05,0.000211750115712,0.999788249884,1.00014034338,2.4383478134e-07,8.81440094996e-07,0,0.000331642555652,264,2.00000010024,2.00000010074,-2.51989971741e-10
256,0.090146066276561229,250,1,pre,-1,1.5,768,3.59512463458e-05,4.42613113083e-05,7.88895965012e-05,0.99992898023,1.0000788896,0,0,0,0.000268045957564,264,2.00000014589,2.00000014717,-6.39351191572e-10
256,0.090146066276561229,250,1,pre,-1,3.0,1536,9.05840001266e-05,0.000121388506533,0.000311479867506,0.999688520132,1.00018840553,0,0,0,0.000268045957564,264,2.00000014589,2.00000014717,-6.39351191572e-10
256,0.090146066276561229,250,1,post,1,1.5,768,2.10617648391e-05,2.52817935566e-05,4.29827166903e-05,0.999958512475,1.00004298272,7.54196412442e-08,2.03222430972e-07,0,0.000272050905301,264,2.00000014522,2.00000014717,-9.76555209226e-10
256,0.090146066276561229,250,1,post,1,3.0,1536,6.27747368908e-05,8.69644966032e-05,0.000233738420316,0.99976626158,1.00013274916,2.53333466217e-07,9.77825551789e-07,0,0.000272050905301,264,2.00000014522,2.00000014717,-9.76555209226e-10
256,0.1091642237188737,300,1,pre,-1,1.5,768,3.57651303934e-05,4.31491314801e-05,7.39289740899e-05,0.999926071026,1.00006129203,0,0,0,0.000198257546601,264,2.0000001616,2.00000017427,-6.33226926785e-09
256,0.1091642237188737,300,1,pre,-1,3.0,1536,8.8518943873e-05,0.000119236327737,0.000327183736932,0.999672816263,1.00024232533,0,0,0,0.000198257546601,264,2.0000001616,2.00000017427,-6.33226926785e-09
256,0.1091642237188737,300,1,post,1,1.5,768,2.05184078038e-05,2.4706241363e-05,4.21067220927e-05,0.999957893278,1.00003249934,7.25315269591e-08,1.81191831873e-07,0,0.000202587097036,264,2.00000016159,2.00000017427,-6.33945196611e-09
256,0.1091642237188737,300,1,post,1,3.0,1536,6.10435959958e-05,8.55649682803e-05,0.000247317779007,0.999752682221,1.00018003424,2.45572732676e-07,1.03767047683e-06,0,0.000202587097036,264,2.00000016159,2.00000017427,-6.33945196611e-09
256,0.12818238116118619,350,1,pre,-1,1.5,768,3.51006768605e-05,4.25887752113e-05,8.07032246366e-05,0.999919296775,1.00004783452,0,0,0,0.000117629278441,264,2.0000001782,2.00000017044,3.87605159354e-09
256,0.12818238116118619,350,1,pre,-1,3.0,1536,8.05318297265e-05,0.000105605577813,0.000266544197529,0.999813157719,1.0002665442,0,0,0,0.000117629278441,264,2.0000001782,2.00000017044,3.87605159354e-09
256,0.12818238116118619,350,1,post,1,1.5,768,1.98549973672e-05,2.45845433202e-05,4.66437015009e-05,0.999953356298,1.0000248207,6.99898456006e-08,1.64847832182e-07,0,0.000120963714183,264,2.00000017832,2.00000017044,3.93823562394e-09
256,0.12818238116118619,350,1,post,1,3.0,1536,5.47460406626e-05,7.44359587364e-05,0.000196801765419,0.999870786781,1.00019680177,2.18576087813e-07,8.25304061015e-07,0,0.000120963714183,264,2.00000017832,2.00000017044,3.93823562394e-09
256,0.14720053860349863,400,1,pre,-1,1.5,768,3.21809786821e-05,4.0065544521e-05,8.2455837973e-05,0.999917544162,1.00003889607,0,0,0,3.72694544882e-05,264,2.00000017891,2.00000017054,4.18278931351e-09
256,0.14720053860349863,400,1,pre,-1,3.0,1536,7.03001424951e-05,9.21149273402e-05,0.000220009905317,0.999819236275,1.00022000991,0,0,0,3.72694544882e-05,264,2.00000017891,2.00000017054,4.18278931351e-09
256,0.14720053860349863,400,1,post,1,1.5,768,1.80412542866e-05,2.33164003843e-05,4.8475105957e-05,0.999951524894,1.00002104146,6.43374803737e-08,1.85646049825e-07,0,3.88344387959e-05,264,2.00000017892,2.00000017054,4.18989984729e-09
256,0.14720053860349863,400,1,post,1,3.0,1536,4.73985653687e-05,6.4549852623e-05,0.000160332278003,0.999872608592,1.00016033228,1.87980389983e-07,6.65946583336e-07,0,3.88344387959e-05,264,2.00000017892,2.00000017054,4.18989984729e-09
256,0.16621869604581113,450,1,pre,-1,1.5,768,2.63897721358e-05,3.51216270851e-05,8.16781485917e-05,0.999971820792,1.00008167815,0,0,0,7.26484818776e-05,260,2.00000016899,2.00000017067,-8.40801800821e-10
256,0.16621869604581113,450,1,pre,-1,3.0,1536,5.73546182988e-05,7.55759872978e-05,0.000169200486057,0.999838692017,1.00016920049,0,0,0,7.26484818776e-05,260,2.00000016899,2.00000017067,-8.40801800821e-10
256,0.16621869604581113,450,1,post,1,1.5,768,1.48714378044e-05,2.05175450724e-05,4.88514416097e-05,0.999983936188,1.00004885144,5.31434408602e-08,2.00713083275e-07,0,7.14124591678e-05,260,2.00000016905,2.00000017067,-8.09956699205e-10
256,0.16621869604581113,450,1,post,1,3.0,1536,3.8597989265e-05,5.27790897687e-05,0.000121602085564,0.999884385817,1.00012160209,1.51977721263e-07,5.06166364433e-07,0,7.14124591678e-05,260,2.00000016905,2.00000017067,-8.09956699205e-10
256,0.18523685348812358,500,1,pre,-1,1.5,768,1.87990804788e-05,2.43262216203e-05,5.51783801517e-05,0.999984196782,1.00005517838,0,0,0,0.000128094934829,260,2.00000017256,2.00000017082,8.6844590762e-10
256,0.18523685348812358,500,1,pre,-1,3.0,1536,4.22614503509e-05,5.55029039323e-05,0.000121883719356,0.999878116281,1.00011826533,0,0,0,0.000128094934829,260,2.00000017256,2.00000017082,8.6844590762e-10
256,0.18523685348812358,500,1,post,1,1.5,768,1.08306516933e-05,1.43690995312e-05,3.35894523025e-05,0.999990660443,1.00003358945,3.5452447878e-08,1.24773086835e-07,0,0.000126294402089,260,2.0000001725,2.00000017082,8.37905007089e-10
256,0.18523685348812358,500,1,post,1,3.0,1536,2.83982466597e-05,3.84854755865e-05,8.63758108582e-05,0.999913624189,1.00008361405,1.09805355834e-07,3.52999617249e-07,0,0.000126294402089,260,2.0000001725,2.00000017082,8.37905007089e-10
256,0.20425501093043608,550,1,pre,-1,1.5,768,1.0936347362e-05,1.46311018453e-05,3.37146356864e-05,0.999992494912,1.00003371464,0,0,0,0.000182306434272,260,2.00000017285,2.00000017098,9.34277686391e-10
256,0.20425501093043608,550,1,pre,-1,3.0,1536,2.50319571406e-05,3.3350938726e-05,7.32410046529e-05,0.999928097903,1.000073241,0,0,0,0.000182306434272,260,2.00000017285,2.00000017098,9.34277686391e-10
256,0.20425501093043608,550,1,post,1,1.5,768,6.34949199064e-06,8.83768909529e-06,2.06504452285e-05,0.999994911209,1.00002065045,1.85601354896e-08,7.09822690573e-08,0,0.000181145549501,260,2.00000017271,2.00000017098,8.65565767226e-10
256,0.20425501093043608,550,1,post,1,3.0,1536,1.64654707894e-05,2.25968393594e-05,5.12453876511e-05,0.999951260096,1.00005124539,6.12043482885e-08,2.05058054162e-07,0,0.000181145549501,260,2.00000017271,2.00000017098,8.65565767226e-10
256,0.22327316837274852,600,1,pre,-1,1.5,768,6.6568745148e-06,8.289306119e-06,1.63661036596e-05,1.00000012409,1.0000163661,0,0,0,0.000231137273912,260,2.00000017416,2.00000017163,1.26408650468e-09
256,0.22327316837274852,600,1,pre,-1,3.0,1536,1.16949070459e-05,1.86092763195e-05,6.23779527325e-05,0.999985647054,1.00006237795,0,0,0,0.000231137273912,260,2.00000017416,2.00000017163,1.26408650468e-09
256,0.22327316837274852,600,1,post,1,1.5,768,4.40269867277e-06,5.52690093248e-06,1.09047334427e-05,0.99999995075,1.00001090473,1.26353008225e-08,4.02435828498e-08,0,0.000231115251843,260,2.00000017449,2.00000017163,1.43056443294e-09
256,0.22327316837274852,600,1,post,1,3.0,1536,8.19828834993e-06,1.33198428521e-05,4.5845876582e-05,0.999992841907,1.00004584588,3.00096649317e-08,1.82984192926e-07,0,0.000231115251843,260,2.00000017449,2.00000017163,1.43056443294e-09
256,0.24229132581506102,650,1,pre,-1,1.5,768,8.05961770004e-06,1.07055883695e-05,2.64659326581e-05,0.999993850467,1.00002646593,0,0,0,0.000271561190951,260,2.00000014163,2.00000014057,5.32225115431e-10
256,0.24229132581506102,650,1,pre,-1,3.0,1536,1.01772303954e-05,1.45312307306e-05,4.22112099507e-05,0.999992715081,1.00004221121,0,0,0,0.000271561190951,260,2.00000014163,2.00000014057,5.32225115431e-10
256,0.24229132581506102,650,1,post,1,1.5,768,5.17423500285e-06,6.85639239539e-06,1.76732446562e-05,0.999996144772,1.00001767324,1.79294377118e-08,7.30804725676e-08,0,0.000272456329548,260,2.00000014186,2.00000014057,6.46525898452e-10
256,0.24229132581506102,650,1,post,1,3.0,1536,7.60025599367e-06,1.11673029026e-05,3.42022626918e-05,0.999993501499,1.00003420226,3.14855450612e-08,1.43439443448e-07,0,0.000272456329548,260,2.00000014186,2.00000014057,6.46525898452e-10
256,0.26130948325737346,700,1,pre,-1,1.5,768,1.38448344759e-05,1.73708002889e-05,4.29565157245e-05,0.999986975069,1.00004295652,0,0,0,0.00030436834552,260,2.00000010711,2.00000010648,3.19741549535e-10
256,0.26130948325737346,700,1,pre,-1,3.0,1536,2.54664902028e-05,3.16066343916e-05,7.66611282199e-05,0.999946145105,1.00007666113,0,0,0,0.00030436834552,260,2.00000010711,2.00000010648,3.19741549535e-10
256,0.26130948325737346,700,1,post,1,1.5,768,8.12474852904e-06,1.05717659901e-05,2.71234785743e-05,0.999992045772,1.00002712348,2.85323732885e-08,1.12089206007e-07,0,0.000305866622535,260,2.00000010728,2.00000010648,4.0472356643e-10
256,0.26130948325737346,700,1,post,1,3.0,1536,1.78781342303e-05,2.3042141456e-05,5.80401941412e-05,0.999959020196,1.00005804019,7.44949791462e-08,2.51036757663e-07,0,0.000305866622535,260,2.00000010728,2.00000010648,4.0472356643e-10
256,0.28032764069968596,750,1,pre,-1,1.5,768,1.94401257055e-05,2.40011971528e-05,5.86460373952e-05,0.999978736105,1.00005864604,0,0,0,0.000325561292845,260,2.0000000816,2.00000008138,1.08490767507e-10
256,0.28032764069968596,750,1,pre,-1,3.0,1536,3.98556730888e-05,5.02171809234e-05,0.000111558539224,0.999895510019,1.00011155854,0,0,0,0.000325561292845,260,2.0000000816,2.00000008138,1.08490767507e-10
256,0.28032764069968596,750,1,post,1,1.5,768,1.12496435454e-05,1.4238581051e-05,3.57631537948e-05,0.999987862707,1.00003576315,3.96273785697e-08,1.50369769594e-07,0,0.000327391648999,260,2.00000008167,2.00000008138,1.46352479731e-10
256,0.28032764069968596,750,1,post,1,3.0,1536,2.76591297592e-05,3.60811528162e-05,8.27037135176e-05,0.999921761412,1.00008270371,1.13652955214e-07,3.5433935951e-07,0,0.000327391648999,260,2.00000008167,2.00000008138,1.46352479731e-10
256,0.29934579814199846,800,1,pre,-1,1.5,768,2.40194703273e-05,2.9713853964e-05,7.13983291585e-05,0.999966988274,1.00007139833,0,0,0,0.000334545334948,260,2.00000006858,2.00000006868,-4.89057666446e-11
256,0.29934579814199846,800,1,pre,-1,3.0,1544,5.25832242484e-05,6.71656311029e-05,0.000149774730799,0.999850225269,1.00014123778,0,0,0,0.000334545334948,260,2.00000006858,2.00000006868,-4.89057666446e-11
256,0.29934579814199846,800,1,post,1,1.5,768,1.37558807079e-05,1.73712770246e-05,4.23763235449e-05,0.999980903339,1.00004237632,4.9359940163e-08,1.80913952472e-07,0,0.000336648283276,260,2.00000006859,2.00000006868,-4.37510013182e-11
256,0.29934579814199846,800,1,post,1,3.0,1544,3.63446284123e-05,4.80333127977e-05,0.000111685172643,0.999888314827,1.00010340075,1.48645937177e-07,4.69976025111e-07,0,0.000336648283276,260,2.00000006859,2.00000006868,-4.37510013182e-11
256,0.31836395558431096,850,1,pre,-1,1.5,768,2.74132521776e-05,3.40491189036e-05,7.94371386874e-05,0.999957044132,1.00007943714,0,0,0,0.000325896748149,264,2.00000007064,2.00000007085,-1.0175615545e-10
256,0.31836395558431096,850,1,pre,-1,3.0,1536,6.27079746092e-05,8.11964036236e-05,0.000189195736787,0.999810804263,1.00016263314,0,0,0,0.000325896748149,264,2.00000007064,2.00000007085,-1.0175615545e-10
256,0.31836395558431096,850,1,post,1,1.5,768,1.56066979025e-05,1.970934415e-05,4.61573343877e-05,0.999974818996,1.00004615733,5.72633921234e-08,1.97112525802e-07,0,0.000328353242751,264,2.0000000706,2.00000007085,-1.23980821214e-10
256,0.31836395558431096,850,1,post,1,3.0,1536,4.32138067479e-05,5.79025883752e-05,0.000140971972979,0.999859028027,1.00011770718,1.76443088352e-07,5.89916357555e-07,0,0.000328353242751,264,2.0000000706,2.00000007085,-1.23980821214e-10
256,0.33738211302662335,900,1,pre,-1,1.5,768,2.96196569642e-05,3.67878185967e-05,8.15214193359e-05,0.999950104383,1.00008152142,0,0,0,0.000311670411609,264,2.0000000866,2.00000008715,-2.72472921232e-10
256,0.33738211302662335,900,1,pre,-1,3.0,1536,7.06785704969e-05,9.24881410984e-05,0.000222114812362,0.999777885188,1.00017371362,0,0,0,0.000311670411609,264,2.0000000866,2.00000008715,-2.72472921232e-10
256,0.33738211302662335,900,1,post,1,1.5,768,1.68696306328e-05,2.11263376724e-05,4.67294229394e-05,0.99997096175,1.00004672942,6.25872388739e-08,1.94452309874e-07,0,0.000314436571972,264,2.00000008647,2.00000008715,-3.36165969291e-10
256,0.33738211302662335,900,1,post,1,3.0,1536,4.87226173899e-05,6.59567666594e-05,0.00016561654167,0.999834383458,1.0001240269,1.98670375979e-07,6.92544042339e-07,0,0.000314436571972,264,2.00000008647,2.00000008715,-3.36165969291e-10
256,0.35640027046893585,950,1,pre,-1,1.5,768,3.07368617714e-05,3.80507564888e-05,7.77405210115e-05,0.999946117635,1.00007774052,0,0,0,0.000287277294979,264,2.00000011161,2.00000011329,-8.38539856682e-10
256,0.35640027046893585,950,1,pre,-1,3.0,1536,7.60752056599e-05,0.000100627086448,0.000248476042992,0.999751523957,1.00017437395,0,0,0,0.000287277294979,264,2.00000011161,2.00000011329,-8.38539856682e-10
256,0.35640027046893585,950,1,post,1,1.5,768,1.76161817373e-05,2.16944831717e-05,4.40226775549e-05,0.999969366387,1.00004402268,6.53397372491e-08,1.73424761664e-07,0,0.000290597535467,264,2.00000011135,2.00000011329,-9.69971603606e-10
256,0.35640027046893585,950,1,post,1,3.0,1536,5.25387790195e-05,7.18684531067e-05,0.000185590485803,0.999814409514,1.00012234013,2.13818706954e-07,7.77296212218e-07,0,0.000290597535467,264,2.00000011135,2.00000011329,-9.69971603606e-10
256,0.37541842791124835,1000,1,pre,-1,1.5,768,3.10938704713e-05,3.85296105157e-05,7.02026865058e-05,0.999941755369,1.00007020269,0,0,0,0.000251003233466,264,2.00000013933,2.0000001369,1.21615642559e-09
256,0.37541842791124835,1000,1,pre,-1,3.0,1536,7.89094047288e-05,0.000105541838712,0.000269398317453,0.999730601683,1.00018290142,0,0,0,0.000251003233466,264,2.00000013933,2.0000001369,1.21615642559e-09
256,0.37541842791124835,1000,1,post,1,1.5,768,1.80674609389e-05,2.18730859105e-05,3.89297529457e-05,0.999967268719,1.00003892975,6.61505240388e-08,1.44752593382e-07,0,0.000254812465946,264,2.00000013913,2.0000001369,1.11522961004e-09
256,0.37541842791124835,1000,1,post,1,3.0,1536,5.46607401223e-05,7.55755532166e-05,0.000202031260709,0.999797968739,1.00013712523,2.21841104986e-07,8.47529284278e-07,0,0.000254812465946,264,2.00000013913,2.0000001369,1.11522961004e-09
256,0.39443658535356085,1050,1,pre,-1,1.5,768,3.1249073609e-05,3.81296259706e-05,6.17649436925e-05,0.999938235056,1.00005955183,0,0,0,0.000207689958578,264,2.00000016538,2.00000016,2.68852296678e-09
256,0.39443658535356085,1050,1,pre,-1,3.0,1536,7.90096535696e-05,0.000106210335707,0.00028257452469,0.999717425475,1.00021632104,0,0,0,0.000207689958578,264,2.00000016538,2.00000016,2.68852296678e-09
256,0.39443658535356085,1050,1,post,1,1.5,768,1.80552605406e-05,2.1679208166e-05,3.48090908965e-05,0.999965190909,1.00003216979,6.48885312442e-08,1.45535308143e-07,0,0.000211565988222,264,2.00000016512,2.00000016,2.56233858061e-09
256,0.39443658535356085,1050,1,post,1,3.0,1536,5.46337254398e-05,7.61534977063e-05,0.000212889249657,0.99978711075,1.00016168549,2.20733086406e-07,8.93755991493e-07,0,0.000211565988222,264,2.00000016512,2.00000016,2.56233858061e-09
256,0.41345474279587324,1100,1,pre,-1,1.5,768,3.12369606824e-05,3.78758777983e-05,6.61578635929e-05,0.999933842136,1.00005025416,0,0,0,0.000155832119818,264,2.00000015903,2.00000015934,-1.56630029791e-10
256,0.41345474279587324,1100,1,pre,-1,3.0,1536,7.52555954736e-05,9.95024775905e-05,0.000259297451676,0.999839399143,1.00025929745,0,0,0,0.000155832119818,264,2.00000015903,2.00000015934,-1.56630029791e-10
256,0.41345474279587324,1100,1,post,1,1.5,768,1.77982717831e-05,2.16429996245e-05,3.75522484971e-05,0.999962447752,1.00002663036,6.34913493284e-08,1.33917904774e-07,0,0.000159439131666,264,2.00000015914,2.00000015934,-9.9871436491e-11
256,0.41345474279587324,1100,1,post,1,3.0,1536,5.15391795146e-05,7.06146023185e-05,0.000193720983163,0.999890423539,1.00019372098,2.07258450579e-07,8.13230917902e-07,0,0.000159439131666,264,2.00000015914,2.00000015934,-9.9871436491e-11
256,0.43247290023818574,1150,1,pre,-1,1.5,768,3.02617609329e-05,3.69178656736e-05,6.92899694301e-05,0.999930710031,1.00004197178,0,0,0,9.80674848335e-05,264,2.00000016406,2.00000015924,2.40861511543e-09
256,0.43247290023818574,1150,1,pre,-1,3.0,1536,6.96346026175e-05,9.14082367997e-05,0.000229393428298,0.999839483884,1.00022939343,0,0,0,9.80674848335e-05,264,2.00000016406,2.00000015924,2.40861511543e-09
256,0.43247290023818574,1150,1,post,1,1.5,768,1.70471216401e-05,2.12697096546e-05,3.99487351179e-05,0.999960051265,1.00002208531,6.1001529658e-08,1.43180022205e-07,0,0.000100847967598,264,2.00000016416,2.00000015924,2.45753242617e-09
256,0.43247290023818574,1150,1,post,1,3.0,1536,4.73183593987e-05,6.44534818231e-05,0.000169407663,0.999888949176,1.00016940766,1.89215897816e-07,7.07243710631e-07,0,0.000100847967598,264,2.00000016416,2.00000015924,2.45753242617e-09
256,0.45149105768049824,1200,1,pre,-1,1.5,768,2.79047414564e-05,3.46289652984e-05,6.87108838356e-05,0.999931289116,1.00003553506,0,0,0,4.15439094496e-05,264,2.00000016593,2.00000015917,3.3767184137e-09
256,0.45149105768049824,1200,1,pre,-1,3.0,1536,6.17784805191e-05,8.09797678932e-05,0.000195487738544,0.999846796136,1.00019548774,0,0,0,4.15439094496e-05,264,2.00000016593,2.00000015917,3.3767184137e-09
256,0.45149105768049824,1200,1,post,1,1.5,768,1.55994056226e-05,2.00791759483e-05,4.00360177943e-05,0.999959963982,1.00001930448,5.60877183728e-08,1.52298348804e-07,0,4.3221025164e-05,264,2.00000016595,2.00000015917,3.38725664981e-09
256,0.45149105768049824,1200,1,post,1,3.0,1536,4.17015808767e-05,5.6833336508e-05,0.000143041066408,0.999892604541,1.00014304107,1.65796438842e-07,5.92829939e-07,0,4.3221025164e-05,264,2.00000016595,2.00000015917,3.38725664981e-09
256,0.47050921512281074,1250,1,pre,-1,1.5,768,2.40912597048e-05,3.07135454371e-05,6.26239392738e-05,0.999937376061,1.00003209992,0,0,0,3.77997916575e-05,264,2.00000015952,2.00000015912,1.99723555125e-10
256,0.47050921512281074,1250,1,pre,-1,3.0,1536,5.19429910518e-05,6.84407210338e-05,0.000159271942406,0.999862999692,1.00015927194,0,0,0,3.77997916575e-05,264,2.00000015952,2.00000015912,1.99723555125e-10
256,0.47050921512281074,1250,1,post,1,1.5,768,1.32667911242e-05,1.77842532426e-05,3.59523305284e-05,0.999964047669,1.00001883401,4.9171613494e-08,1.4717677629e-07,0,3.70235195429e-05,264,2.00000015946,2.00000015912,1.71070033407e-10
256,0.47050921512281074,1250,1,post,1,3.0,1536,3.47863677114e-05,4.78205434575e-05,0.000115665170142,0.999903186316,1.00011566517,1.37956794944e-07,4.74046580198e-07,0,3.70235195429e-05,264,2.00000015946,2.00000015912,1.71070033407e-10
256,0.48952737256512313,1300,1,pre,-1,1.5,768,1.88341357948e-05,2.48160771137e-05,5.81944682645e-05,0.999982083296,1.00005819447,0,0,0,8.0438695913e-05,260,2.00000015962,2.00000015909,2.67130962751e-10
256,0.48952737256512313,1300,1,pre,-1,3.0,1536,4.12887716356e-05,5.42119945747e-05,0.000120982459335,0.999885548,1.00012098246,0,0,0,8.0438695913e-05,260,2.00000015962,2.00000015909,2.67130962751e-10
256,0.48952737256512313,1300,1,post,1,1.5,768,1.07615433878e-05,1.45615424624e-05,3.51143271158e-05,0.999989810112,1.00003511433,3.72044492156e-08,1.4061293593e-07,0,7.9218338896e-05,260,2.00000015965,2.00000015909,2.80292433617e-10
256,0.48952737256512313,1300,1,post,1,3.0,1536,2.78172880838e-05,3.77899660321e-05,8.67651353891e-05,0.999918531902,1.00008676514,1.08656954386e-07,3.57828120336e-07,0,7.9218338896e-05,260,2.00000015965,2.00000015909,2.80292433617e-10
256,0.50854553000743563,1350,1,pre,-1,1.5,768,1.28748765314e-05,1.6813258082e-05,3.97537330452e-05,0.999989005778,1.00003975373,0,0,0,0.000115833137316,260,2.00000016036,2.00000015906,6.49578783504e-10
256,0.50854553000743563,1350,1,pre,-1,3.0,1536,2.88923709237e-05,3.7991195251e-05,8.44775662545e-05,0.999919417591,1.00008447757,0,0,0,0.000115833137316,260,2.00000016036,2.00000015906,6.49578783504e-10
256,0.50854553000743563,1350,1,post,1,1.5,768,7.47114901726e-06,1.00190847632e-05,2.44136129921e-05,0.999993138006,1.00002441361,2.35637682061e-08,8.96642246371e-08,0,0.000114668873891,260,2.00000016033,2.00000015906,6.33661961355e-10
256,0.50854553000743563,1350,1,post,1,3.0,1536,1.93430546462e-05,2.62105616631e-05,5.98589523755e-05,0.999943825381,1.00005985895,7.38897338983e-08,2.42504565141e-07,0,0.000114668873891,260,2.00000016033,2.00000015906,6.33661961355e-10
256,0.52756368744974813,1400,1,pre,-1,1.5,768,7.10454461104e-06,9.87057400841e-06,2.43949502872e-05,0.999994048035,1.00002439495,0,0,0,0.000149892786842,260,2.00000016001,2.00000015905,4.7919198129e-10
256,0.52756368744974813,1400,1,pre,-1,3.0,1536,1.60750978036e-05,2.15879200156e-05,5.17983607016e-05,0.999956802167,1.00005179836,0,0,0,0.000149892786842,260,2.00000016001,2.00000015905,4.7919198129e-10
256,0.52756368744974813,1400,1,post,1,1.5,768,4.3729704768e-06,6.06540141516e-06,1.52513969356e-05,0.999995956033,1.0000152514,1.23932239832e-08,5.28142165175e-08,0,0.000149248897101,260,2.00000015993,2.00000015905,4.40843104712e-10
256,0.52756368744974813,1400,1,post,1,3.0,1536,1.06180728823e-05,1.45577998932e-05,3.65070197661e-05,0.999971740806,1.00003650702,3.86979206757e-08,1.44975377588e-07,0,0.000149248897101,260,2.00000015993,2.00000015905,4.40843104712e-10
256,0.54658184489206063,1450,1,pre,-1,1.5,768,4.23232715261e-06,5.29173736648e-06,1.17882294464e-05,0.999996091199,1.00001178823,0,0,0,0.000179059559198,260,2.00000016016,2.00000015905,5.57082335924e-10
256,0.54658184489206063,1450,1,pre,-1,3.0,1536,5.48831762247e-06,7.31666991599e-06,2.2960462583e-05,0.999992707015,1.00002296046,0,0,0,0.000179059559198,260,2.00000016016,2.00000015905,5.57082335924e-10
256,0.54658184489206063,1450,1,post,1,1.5,768,2.80920945939e-06,3.5235429566e-06,7.81471582312e-06,0.99999715221,1.00000781472,7.78514464166e-09,2.6010537283e-08,0,0.000179106399693,260,2.00000016008,2.00000015905,5.1548761157e-10
256,0.54658184489206063,1450,1,post,1,3.0,1536,3.70105916522e-06,5.08162241243e-06,1.64425585041e-05,0.999995388311,1.00001644256,1.30502685322e-08,6.26102709574e-08,0,0.000179106399693,260,2.00000016008,2.00000015905,5.1548761157e-10
256,0.56560000233437302,1500,1,pre,-1,1.5,768,5.32726804486e-06,6.99118557653e-06,1.72234078302e-05,0.999991917696,1.00001722341,0,0,0,0.000201394821318,260,2.00000016284,2.00000016193,4.5544542225e-10
256,0.56560000233437302,1500,1,pre,-1,3.0,1536,9.01820167083e-06,1.1868251397e-05,3.38603943397e-05,0.999987997558,1.00003386039,0,0,0,0.000201394821318,260,2.00000016284,2.00000016193,4.5544542225e-10
256,0.56560000233437302,1500,1,post,1,1.5,768,3.22601108776e-06,4.31419353565e-06,1.09524814305e-05,0.999994818598,1.00001095248,1.1758167508e-08,4.28636639342e-08,0,0.000202183158741,260,2.00000016294,2.00000016193,5.03728129503e-10
256,0.56560000233437302,1500,1,post,1,3.0,1536,6.69686676779e-06,9.18650921426e-06,2.92867743652e-05,0.999990090575,1.00002928677,2.80328979517e-08,1.23506478898e-07,0,0.000202183158741,260,2.00000016294,2.00000016193,5.03728129503e-10
256,0.58461815977668552,1550,1,pre,-1,1.5,768,9.31887202509e-06,1.13726313761e-05,2.52237505152e-05,0.99998713989,1.00002522375,0,0,0,0.000217656485307,260,2.00000015453,2.0000001534,5.64976910775e-10
256,0.58461815977668552,1550,1,pre,-1,3.0,1536,1.95104188839e-05,2.46754716435e-05,5.8661299277e-05,0.999951193804,1.0000586613,0,0,0,0.000217656485307,260,2.00000015453,2.0000001534,5.64976910775e-10
256,0.58461815977668552,1550,1,post,1,1.5,768,5.45570599469e-06,6.65457149248e-06,1.52626042222e-05,0.999992079377,1.0000152626,2.03179110884e-08,5.71576719913e-08,0,0.00021901412973,260,2.00000015462,2.0000001534,6.10532910695e-10
256,0.58461815977668552,1550,1,post,1,3.0,1536,1.38148580922e-05,1.81169076985e-05,4.67524152294e-05,0.999962024773,1.00004675242,5.79786115544e-08,2.01682106189e-07,0,0.00021901412973,260,2.00000015462,2.0000001534,6.10532910695e-10
256,0.60363631721899802,1600,1,pre,-1,1.5,768,1.28033978161e-05,1.55832260596e-05,3.17300857591e-05,0.999982355421,1.00003173009,0,0,0,0.00022628967861,260,2.00000014796,2.0000001474,2.80048852341e-10
256,0.60363631721899802,1600,1,pre,-1,3.0,1544,2.93920313805e-05,3.7855500109e-05,8.60312048223e-05,0.999913968795,1.00008104354,0,0,0,0.00022628967861,260,2.00000014796,2.0000001474,2.80048852341e-10
256,0.60363631721899802,1600,1,post,1,1.5,768,7.4341994061e-06,8.95885526118e-06,1.85802094681e-05,0.999989501011,1.00001858021,2.78896316537e-08,6.80849886105e-08,0,0.000228140947592,260,2.00000014796,2.0000001474,2.83815394697e-10
256,0.60363631721899802,1600,1,post,1,3.0,1544,2.06151821341e-05,2.74699507724e-05,6.55317705984e-05,0.999934468229,1.0000629457,8.58258210003e-08,2.81183888128e-07,0,0.000228140947592,260,2.00000014796,2.0000001474,2.83815394697e-10
256,0.62265447466131052,1650,1,pre,-1,1.5,768,1.56818457441e-05,1.91760729803e-05,3.64724785744e-05,0.99997490106,1.00003647248,0,0,0,0.000226696484885,260,2.00000014624,2.00000014624,-1.39510615073e-12
256,0.62265447466131052,1650,1,pre,-1,3.0,1536,3.7394805366e-05,4.89091820708e-05,0.00011864578009,0.99988135422,1.00009742773,0,0,0,0.000226696484885,260,2.00000014624,2.00000014624,-1.39510615073e-12
256,0.62265447466131052,1650,1,post,1,1.5,768,9.0672456786e-06,1.09438371334e-05,2.08771814947e-05,0.999986508948,1.00002087718,3.41304449588e-08,7.58014761532e-08,0,0.000228894001654,260,2.00000014621,2.00000014624,-1.33912870993e-11
256,0.62265447466131052,1650,1,post,1,3.0,1536,2.60872193537e-05,3.53082348491e-05,8.99829748239e-05,0.999910017025,1.00007465485,1.077896268e-07,3.82744466787e-07,0,0.000228894001654,260,2.00000014621,2.00000014624,-1.33912870993e-11
256,0.64167263210362302,1700,1,pre,-1,1.5,768,1.78997634681e-05,2.198686171e-05,3.87602796836e-05,0.999968447901,1.00003876028,0,0,0,0.000215343528547,264,2.00000015005,2.00000015059,-2.67207347225e-10
256,0.64167263210362302,1700,1,pre,-1,3.0,1536,4.39599526611e-05,5.81388538177e-05,0.00014603917087,0.999853960829,1.00011847831,0,0,0,0.000215343528547,264,2.00000015005,2.00000015059,-2.67207347225e-10
256,0.64167263210362302,1700,1,post,1,1.5,768,1.03352020635e-05,1.25060472412e-05,2.17265514324e-05,0.999982687422,1.00002172655,3.88527572432e-08,7.73431418147e-08,0,0.000217832107556,264,2.00000014997,2.00000015059,-3.07239766032e-10
256,0.64167263210362302,1700,1,post,1,3.0,1536,3.05988424174e-05,4.19070435632e-05,0.000110611461084,0.999889388539,1.00009008781,1.2579489499e-07,4.68411323215e-07,0,0.000217832107556,264,2.00000014997,2.00000015059,-3.07239766032e-10
256,0.66069078954593541,1750,1,pre,-1,1.5,768,1.95584325065e-05,2.40231466511e-05,3.86403527775e-05,0.999963021478,1.00003864035,0,0,0,0.000199652713677,264,2.00000015767,2.00000015865,-4.91980639392e-10
256,0.66069078954593541,1750,1,pre,-1,3.0,1536,4.86698128277e-05,6.48547985276e-05,0.00016805011005,0.99983194989,1.00013986098,0,0,0,0.000199652713677,264,2.00000015767,2.00000015865,-4.91980639392e-10
256,0.66069078954593541,1750,1,post,1,1.5,768,1.13347736289e-05,1.3653785585e-05,2.12243061524e-05,0.999979427267,1.00002122431,4.20548442659e-08,7.80145279107e-08,0,0.000202289692253,264,2.00000015756,2.00000015865,-5.47668533711e-10
256,0.66069078954593541,1750,1,post,1,3.0,1536,3.38341006235e-05,4.67047724462e-05,0.000127367281526,0.999872632718,1.00010575586,1.38308093092e-07,5.3805916185e-07,0,0.000202289692253,264,2.00000015756,2.00000015865,-5.47668533711e-10
256,0.67970894698824791,1800,1,pre,-1,1.5,768,2.0810550629e-05,2.54013378887e-05,4.15411169261e-05,0.999958458883,1.00003665461,0,0,0,0.000176103160373,264,2.00000016798,2.00000016244,2.77305977862e-09
256,0.67970894698824791,1800,1,pre,-1,3.0,1536,5.12483438222e-05,6.82412307888e-05,0.000184671036475,0.999815328964,1.00016909058,0,0,0,0.000176103160373,264,2.00000016798,2.00000016244,2.77305977862e-09
256,0.67970894698824791,1800,1,post,1,1.5,768,1.19703530618e-05,1.44563888457e-05,2.33313589957e-05,0.999976668641,1.00001981938,4.37555081913e-08,8.38857174088e-08,0,0.000178853808298,264,2.000000168,2.00000016244,2.77982880786e-09
256,0.67970894698824791,1800,1,post,1,3.0,1536,3.5445290261e-05,4.89662664722e-05,0.000140313703549,0.999859686296,1.00012743956,1.44095119451e-07,5.9190350345e-07,0,0.000178853808298,264,2.000000168,2.00000016244,2.77982880786e-09
256,0.69872710443056041,1850,1,pre,-1,1.5,768,2.16810738563e-05,2.64097390152e-05,4.62319305039e-05,0.999953768069,1.00003446842,0,0,0,0.000144880584679,264,2.00000016307,2.0000001592,1.93231548701e-09
256,0.69872710443056041,1850,1,pre,-1,3.0,1536,5.17194396433e-05,6.81524367044e-05,0.000174825301788,0.999889531176,1.0001748253,0,0,0,0.000144880584679,264,2.00000016307,2.0000001592,1.93231548701e-09
256,0.69872710443056041,1850,1,post,1,1.5,768,1.2371766942e-05,1.50883133263e-05,2.62379400001e-05,0.99997376206,1.00001835737,4.47689186348e-08,9.11536034535e-08,0,0.000147507812072,264,2.00000016316,2.0000001592,1.97736122834e-09
256,0.69872710443056041,1850,1,post,1,3.0,1536,3.55308551582e-05,4.85123862344e-05,0.000130887083718,0.999924220291,1.00013088708,1.43638907063e-07,5.51714341362e-07,0,0.000147507812072,264,2.00000016316,2.0000001592,1.97736122834e-09
256,0.7177452618728728,1900,1,pre,-1,1.5,768,2.17030702533e-05,2.65339898793e-05,4.92754762905e-05,0.999950724524,1.00003105017,0,0,0,0.00010954109858,264,2.00000015923,2.00000015923,1.2501110262e-12
256,0.7177452618728728,1900,1,pre,-1,3.0,1536,5.02870076402e-05,6.59564400747e-05,0.000165112788165,0.999886261225,1.00016511279,0,0,0,0.00010954109858,264,2.00000015923,2.00000015923,1.2501110262e-12
256,0.7177452618728728,1900,1,post,1,1.5,768,1.22828343007e-05,1.52487254924e-05,2.83461461273e-05,0.999971653854,1.00001639589,4.42698776597e-08,1.0171304827e-07,0,0.000111823894442,264,2.00000015927,2.00000015923,2.06568079516e-11
256,0.7177452618728728,1900,1,post,1,3.0,1536,3.43379550275e-05,4.67067970411e-05,0.000122543109139,0.999921196902,1.00012254311,1.38073133249e-07,5.14615146566e-07,0,0.000111823894442,264,2.00000015927,2.00000015923,2.06568079516e-11
256,0.7367634193151853,1950,1,pre,-1,1.5,768,2.09671423418e-05,2.58254549042e-05,5.03776454981e-05,0.999949622355,1.00002745436,0,0,0,7.2506598876e-05,264,2.00000016934,2.00000015926,5.04149748438e-09
256,0.7367634193151853,1950,1,pre,-1,3.0,1536,4.71083027481e-05,6.1611841961e-05,0.000150255514033,0.999887252441,1.00015025551,0,0,0,7.2506598876e-05,264,2.00000016934,2.00000015926,5.04149748438e-09
256,0.7367634193151853,1950,1,post,1,1.5,768,1.17802059505e-05,1.49426560138e-05,2.93202466195e-05,0.999970679753,1.00001459827,4.25386572339e-08,1.09161265244e-07,0,7.43101425521e-05,264,2.0000001694,2.00000015926,5.07184653857e-09
256,0.7367634193151853,1950,1,post,1,3.0,1536,3.19847865032e-05,4.34448171265e-05,0.00011062613397,0.999921104772,1.00011062613,1.28035671553e-07,4.62419127972e-07,0,7.43101425521e-05,264,2.0000001694,2.00000015926,5.07184653857e-09
256,0.7557815767574978,2000,1,pre,-1,1.5,768,1.93417690914e-05,2.4122670971e-05,4.88514548237e-05,0.999951148545,1.000024136,0,0,0,3.51078346077e-05,264,2.00000016795,2.0000001593,4.32591106231e-09
256,0.7557815767574978,2000,1,pre,-1,3.0,1536,4.23041631908e-05,5.5330521667e-05,0.000131307182384,0.999893268724,1.00013130718,0,0,0,3.51078346077e-05,264,2.00000016795,2.0000001593,4.32591106231e-09
256,0.7557815767574978,2000,1,post,1,1.5,768,1.08029922289e-05,1.40238587588e-05,2.86210527497e-05,0.999971378947,1.00001323449,3.93355410286e-08,1.10995629542e-07,0,3.62939963129e-05,264,2.00000016793,2.0000001593,4.3179858469e-09
256,0.7557815767574978,2000,1,post,1,3.0,1536,2.85710022294e-05,3.88739565257e-05,9.59924992936e-05,0.999924657478,1.0000959925,1.13903357246e-07,3.98816240869e-07,0,3.62939963129e-05,264,2.00000016793,2.0000001593,4.3179858469e-09
256,0.7747997341998103,2050,1,pre,-1,1.5,768,1.67530526221e-05,2.13057961096e-05,4.41953126356e-05,0.999955804687,1.00002182866,0,0,0,1.63104789742e-05,264,2.00000016423,2.00000015935,2.44204015315e-09
256,0.7747997341998103,2050,1,pre,-1,3.0,1536,3.60348562294e-05,4.73288913472e-05,0.000109708164278,0.999904612027,1.00010970816,0,0,0,1.63104789742e-05,264,2.00000016423,2.00000015935,2.44204015315e-09
256,0.7747997341998103,2050,1,post,1,1.5,768,9.25784321696e-06,1.2364604965e-05,2.55842747807e-05,0.999974415725,1.0000127102,3.45472437458e-08,1.04696430553e-07,0,1.56524197051e-05,264,2.0000001642,2.00000015935,2.4240372221e-09
256,0.7747997341998103,2050,1,post,1,3.0,1536,2.4184494038e-05,3.31290177686e-05,7.97155593681e-05,0.999932295147,1.00007971556,9.62401718406e-08,3.28259498403e-07,0,1.56524197051e-05,264,2.0000001642,2.00000015935,2.4240372221e-09
256,0.7938178916421228,2100,1,pre,-1,1.5,768,1.32108026686e-05,1.76422747575e-05,4.11019732394e-05,0.999985711707,1.00004110197,0,0,0,4.78961252326e-05,260,2.00000015959,2.00000015941,9.2674305282e-11
256,0.7938178916421228,2100,1,pre,-1,3.0,1536,2.87912540698e-05,3.7969203888e-05,8.52580191659e-05,0.999919529967,1.00008525802,0,0,0,4.78961252326e-05,260,2.00000015959,2.00000015941,9.2674305282e-11
256,0.7938178916421228,2100,1,post,1,1.5,768,7.44817252581e-06,1.02934836599e-05,2.4449909479e-05,0.999991772202,1.00002444991,2.6861634273e-08,1.01009702897e-07,0,4.72920486314e-05,260,2.00000015962,2.00000015941,1.07415179294e-10
256,0.7938178916421228,2100,1,post,1,3.0,1536,1.93677327897e-05,2.6499015783e-05,6.12691713984e-05,0.999942393576,1.00006126917,7.62405252296e-08,2.54884037265e-07,0,4.72920486314e-05,260,2.00000015962,2.00000015941,1.07415179294e-10
256,0.81283604908443519,2150,1,pre,-1,1.5,768,9.25010509649e-06,1.22111297881e-05,2.85990508884e-05,0.999991929066,1.00002859905,0,0,0,7.37372335846e-05,260,2.00000016009,2.00000015946,3.1521116535e-10
256,0.81283604908443519,2150,1,pre,-1,3.0,1536,2.06062384909e-05,2.7209283198e-05,6.07820411191e-05,0.999941783644,1.00006078204,0,0,0,7.37372335846e-05,260,2.00000016009,2.00000015946,3.1521116535e-10
256,0.81283604908443519,2150,1,post,1,1.5,768,5.29889294036e-06,7.18120460814e-06,1.7274938781e-05,0.999995308172,1.00001727494,1.76240734286e-08,6.68686328479e-08,0,7.30811616856e-05,260,2.00000016011,2.00000015946,3.21074252676e-10
256,0.81283604908443519,2150,1,post,1,3.0,1536,1.38089157293e-05,1.88389583337e-05,4.32044242351e-05,0.999958883537,1.00004320442,5.32829107382e-08,1.77226814703e-07,0,7.30811616856e-05,260,2.00000016011,2.00000015946,3.21074252676e-10
256,0.83185420652674769,2200,1,pre,-1,1.5,768,5.25039807144e-06,7.13473595261e-06,1.7282882314e-05,0.999996109315,1.00001728288,0,0,0,9.75752739386e-05,260,2.00000016038,2.00000015952,4.31227241715e-10
256,0.83185420652674769,2200,1,pre,-1,3.0,1536,1.19258505362e-05,1.5978831294e-05,3.73692173554e-05,0.999966821733,1.00003736922,0,0,0,9.75752739386e-05,260,2.00000016038,2.00000015952,4.31227241715e-10
256,0.83185420652674769,2200,1,post,1,1.5,768,3.04575778266e-06,4.28896523143e-06,1.06583711756e-05,0.999997537385,1.00001065837,9.18170106823e-09,3.86070223794e-08,0,9.7157280025e-05,260,2.00000016038,2.00000015952,4.27753798237e-10
256,0.83185420652674769,2200,1,post,1,3.0,1536,7.86207664448e-06,1.08556700649e-05,2.6293154505e-05,0.999977507612,1.00002629315,2.92665245297e-08,1.05701703477e-07,0,9.7157280025e-05,260,2.00000016038,2.00000015952,4.27753798237e-10
256,0.85087236396906019,2250,1,pre,-1,1.5,768,2.30546711613e-06,3.04058321379e-06,7.49392895916e-06,0.999998359511,1.00000749393,0,0,0,0.000118562489271,260,2.00000016036,2.00000015957,3.9507083339e-10
256,0.85087236396906019,2250,1,pre,-1,3.0,1536,3.73403141082e-06,5.28316296504e-06,1.60055459248e-05,0.999992824863,1.00001600555,0,0,0,0.000118562489271,260,2.00000016036,2.00000015957,3.9507083339e-10
256,0.85087236396906019,2250,1,post,1,1.5,768,1.50987983967e-06,1.97300664295e-06,4.86097418717e-06,0.999998765551,1.00000486097,4.1640859529e-09,1.64408507641e-08,0,0.000118545871319,260,2.00000016033,2.00000015957,3.79147127863e-10
256,0.85087236396906019,2250,1,post,1,3.0,1536,2.40585305575e-06,3.43523084707e-06,1.12031996609e-05,0.99999620201,1.0000112032,8.11015580157e-09,4.30269555436e-08,0,0.000118545871319,260,2.00000016033,2.00000015957,3.79147127863e-10
256,0.86989052141137257,2300,1,pre,-1,1.5,768,2.99360981515e-06,3.69069390478e-06,8.11529679945e-06,0.999995557,1.0000081153,0,0,0,0.000135020334077,260,2.00000016005,2.00000015962,2.18640643682e-10
256,0.86989052141137257,2300,1,pre,-1,3.0,1536,5.89609682622e-06,7.79390629828e-06,2.10107818881e-05,0.99999306029,1.00002101078,0,0,0,0.000135020334077,260,2.00000016005,2.00000015962,2.18640643682e-10
256,0.86989052141137257,2300,1,post,1,1.5,768,1.79284654864e-06,2.23423436113e-06,4.98658517434e-06,0.999997218287,1.00000498659,6.73771280421e-09,1.62106690172e-08,0,0.000135428224237,260,2.00000016002,2.00000015962,2.03931077958e-10
256,0.86989052141137257,2300,1,post,1,3.0,1536,4.45328123232e-06,6.22916051389e-06,1.81968454649e-05,0.999994261045,1.00001819685,1.86636997673e-08,7.6232297655e-08,0,0.000135428224237,260,2.00000016002,2.00000015962,2.03931077958e-10
256,0.88890867885368507,2350,1,pre,-1,1.5,768,5.8372320877e-06,7.14928628409e-06,1.27795946085e-05,0.999990777824,1.00001277959,0,0,0,0.000146943660428,260,2.00000016002,2.00000015965,1.88271605487e-10
256,0.88890867885368507,2350,1,pre,-1,3.0,1536,1.33085752889e-05,1.74473408867e-05,4.58583962488e-05,0.99997809971,1.0000458584,0,0,0,0.000146943660428,260,2.00000016002,2.00000015965,1.88271605487e-10
256,0.88890867885368507,2350,1,post,1,1.5,768,3.46749681169e-06,4.11625817145e-06,7.40058650139e-06,0.99999477808,1.00000740059,1.33888907337e-08,2.42720880851e-08,0,0.000147785098318,260,2.00000016,2.00000015965,1.74581224419e-10
256,0.88890867885368507,2350,1,post,1,3.0,1536,9.52545584193e-06,1.29794292398e-05,3.63133969605e-05,0.999984924352,1.0000363134,4.00590161019e-08,1.55578880626e-07,0,0.000147785098318,260,2.00000016,2.00000015965,1.74581224419e-10
256,0.90792683629599757,2400,1,pre,-1,1.5,768,8.4947905181e-06,1.05101419613e-05,1.68488674639e-05,0.999984381279,1.00001684887,0,0,0,0.000153833072851,260,2.0000001599,2.00000015967,1.1527133882e-10
256,0.90792683629599757,2400,1,pre,-1,3.0,1536,2.01675766881e-05,2.65413653711e-05,6.88890590399e-05,0.999962072893,1.00006888906,0,0,0,0.000153833072851,260,2.0000001599,2.00000015967,1.1527133882e-10
256,0.90792683629599757,2400,1,post,1,1.5,768,4.95324122178e-06,6.00479062977e-06,9.46851245254e-06,0.999991442804,1.00000946851,1.91399543446e-08,3.40880709476e-08,0,0.000155050140272,260,2.00000015988,2.00000015967,1.07618794167e-10
256,0.90792683629599757,2400,1,post,1,3.0,1536,1.42023439178e-05,1.93836624118e-05,5.3341741679e-05,0.999973953711,1.00005334174,5.92051371048e-08,2.28147105357e-07,0,0.000155050140272,260,2.00000015988,2.00000015967,1.07618794167e-10
256,0.92694499373831007,2450,1,pre,-1,1.5,768,1.09302621829e-05,1.34446530569e-05,2.15265501249e-05,0.99997847345,1.00002005933,0,0,0,0.000155070098911,260,2.00000015972,2.00000015967,2.38637979199e-11
256,0.92694499373831007,2450,1,pre,-1,3.0,1536,2.61339812291e-05,3.44004035079e-05,8.87201974011e-05,0.999948095581,1.0000887202,0,0,0,0.000155070098911,260,2.00000015972,2.00000015967,2.38637979199e-11
256,0.92694499373831007,2450,1,post,1,1.5,768,6.31598999742e-06,7.6685721619e-06,1.19874600782e-05,0.99998801254,1.00001106171,2.39847105385e-08,4.30331456476e-08,0,0.000156606043316,260,2.00000015972,2.00000015967,2.30280220937e-11
256,0.92694499373831007,2450,1,post,1,3.0,1536,1.82461266991e-05,2.48957690748e-05,6.78642251684e-05,0.999964366138,1.00006786423,7.53361856878e-08,2.88710280506e-07,0,0.000156606043316,260,2.00000015972,2.00000015967,2.30280220937e-11
256,0.94596315118062257,2500,1,pre,-1,1.5,768,1.29825807204e-05,1.58785850625e-05,2.67339981569e-05,0.999973266002,1.00002226616,0,0,0,0.00014826346576,264,2.00000015953,2.00000015966,-6.86484148013e-11
256,0.94596315118062257,2500,1,pre,-1,3.0,1536,3.09356372441e-05,4.06620429242e-05,0.000104054971295,0.999936258691,1.00010405497,0,0,0,0.00014826346576,264,2.00000015953,2.00000015966,-6.86484148013e-11
256,0.94596315118062257,2500,1,post,1,1.5,768,7.48718670819e-06,9.05926636706e-06,1.50580596628e-05,0.99998494194,1.00001208885,2.78691407818e-08,5.26892809712e-08,0,0.000149969358824,264,2.00000015954,2.00000015966,-6.29405366428e-11
256,0.94596315118062257,2500,1,post,1,3.0,1536,2.1481764661e-05,2.92422717981e-05,7.89318836951e-05,0.99995616066,1.00007893188,8.7982201223e-08,3.34509864055e-07,0,0.000149969358824,264,2.00000015954,2.00000015966,-6.29405366428e-11
256,0.96498130862293496,2550,1,pre,-1,1.5,768,1.45535113095e-05,1.77742437835e-05,3.11999041966e-05,0.999968800096,1.00002335507,0,0,0,0.00013802203444,264,2.00000015933,2.00000015964,-1.58682387886e-10
256,0.96498130862293496,2550,1,pre,-1,3.0,1536,3.44128520381e-05,4.51607472924e-05,0.000114357306428,0.999926666066,1.00011435731,0,0,0,0.00013802203444,264,2.00000015933,2.00000015964,-1.58682387886e-10
256,0.96498130862293496,2550,1,post,1,1.5,768,8.37038187577e-06,1.01554690466e-05,1.77400056375e-05,0.999982259994,1.00001251387,3.07314141831e-08,6.24825541255e-08,0,0.000139852366516,264,2.00000015935,2.00000015964,-1.47532640985e-10
256,0.96498130862293496,2550,1,post,1,3.0,1536,2.37849566929e-05,3.23108190269e-05,8.61292500316e-05,0.999949401201,1.00008612925,9.68052899368e-08,3.6383902589e-07,0,0.000139852366516,264,2.00000015935,2.00000015964,-1.47532640985e-10
256,0.98399946606524746,2600,1,pre,-1,1.5,768,1.56079272282e-05,1.910593539e-05,3.48762747731e-05,0.999965123725,1.00002342948,0,0,0,0.000122621030588,264,2.00000015914,2.00000015962,-2.39676259695e-10
256,0.98399946606524746,2600,1,pre,-1,3.0,1536,3.64939318359e-05,4.7829721011e-05,0.000119585568078,0.999919406051,1.00011958557,0,0,0,0.000122621030588,264,2.00000015914,2.00000015962,-2.39676259695e-10
256,0.98399946606524746,2600,1,post,1,1.5,768,8.94541663422e-06,1.09431673835e-05,2.00078737712e-05,0.999979992126,1.00001242266,3.25250308212e-08,7.13898378572e-08,0,0.000124430194696,264,2.00000015917,2.00000015962,-2.25261125094e-10
256,0.98399946606524746,2600,1,post,1,3.0,1536,2.51123146099e-05,3.40665381832e-05,8.94702959615e-05,0.999944146676,1.0000894703,1.01662284902e-07,3.7678485083e-07,0,0.000124430194696,264,2.00000015917,2.00000015962,-2.25261125094e-10
256,1.0030176235075601,2650,1,pre,-1,1.5,768,1.61343832231e-05,1.98608089646e-05,3.7618786521e-05,0.999962381213,1.00002267778,0,0,0,0.000102671948965,264,2.0000001637,2.00000015959,2.05597056295e-09
256,1.0030176235075601,2650,1,pre,-1,3.0,1536,3.71982538476e-05,4.86934213256e-05,0.000119977313726,0.999914626318,1.00011997731,0,0,0,0.000102671948965,264,2.0000001637,2.00000015959,2.05597056295e-09
256,1.0030176235075601,2650,1,post,1,1.5,768,9.19814324552e-06,1.14159587843e-05,2.17689346549e-05,0.999978231065,1.0000119529,3.31977060285e-08,7.91001779979e-08,0,0.000104398348872,264,2.00000016373,2.00000015959,2.07112865874e-09
256,1.0030176235075601,2650,1,post,1,3.0,1536,2.54791090466e-05,3.45442422928e-05,8.91952789266e-05,0.999940543338,1.00008919528,1.02650821727e-07,3.74402531703e-07,0,0.000104398348872,264,2.00000016373,2.00000015959,2.07112865874e-09
256,1.022035780949873,2700,1,pre,-1,1.5,768,1.61132389005e-05,2.00021971402e-05,3.91830264814e-05,0.999960816974,1.00002132527,0,0,0,7.95445181483e-05,264,2.00000016284,2.00000015955,1.64383693533e-09
256,1.022035780949873,2700,1,pre,-1,3.0,1536,3.65547851026e-05,4.78278707114e-05,0.000115918155937,0.999912678858,1.00011591816,0,0,0,7.95445181483e-05,264,2.00000016284,2.00000015955,1.64383693533e-09
256,1.022035780949873,2700,1,post,1,1.5,768,9.11864598344e-06,1.1542906726e-05,2.28566705689e-05,0.999977143329,1.00001126159,3.28233628239e-08,8.49283013291e-08,0,8.10848468483e-05,264,2.00000016288,2.00000015955,1.66322120575e-09
256,1.022035780949873,2700,1,post,1,3.0,1536,2.49222707453e-05,3.38119204058e-05,8.56573276857e-05,0.999938817265,1.00008565733,9.99904557073e-08,3.58232590546e-07,0,8.10848468483e-05,264,2.00000016288,2.00000015955,1.66322120575e-09
256,1.0410539383921864,2750,1,pre,-1,1.5,768,1.55981915837e-05,1.95020125536e-05,3.93185695349e-05,0.99996068143,1.00001960678,0,0,0,5.51211336969e-05,264,2.00000015753,2.00000015951,-9.93418601419e-10
256,1.0410539383921864,2750,1,pre,-1,3.0,1536,3.46801870733e-05,4.53537515204e-05,0.00010795591934,0.999913878245,1.00010795592,0,0,0,5.51211336969e-05,264,2.00000015753,2.00000015951,-9.93418601419e-10
256,1.0410539383921864,2750,1,post,1,1.5,768,8.75857159874e-06,1.1307672895e-05,2.30836085841e-05,0.999976916391,1.00001049367,3.16869129651e-08,8.79990695608e-08,0,5.63716526604e-05,264,2.00000015753,2.00000015951,-9.90188518809e-10
256,1.0410539383921864,2750,1,post,1,3.0,1536,2.35337872295e-05,3.19666654923e-05,7.93230201983e-05,0.999939291077,1.00007932302,9.41252180456e-08,3.30313872192e-07,0,5.63716526604e-05,264,2.00000015753,2.00000015951,-9.90188518809e-10
256,1.0600720958344994,2800,1,pre,-1,1.5,768,1.45298043733e-05,1.82973004366e-05,3.76341025098e-05,0.999962365897,1.00001788039,0,0,0,2.96826631935e-05,264,2.00000016491,2.00000015948,2.71621481409e-09
256,1.0600720958344994,2800,1,pre,-1,3.0,1536,3.16850877798e-05,4.14099656701e-05,9.67325562136e-05,0.9999185476,1.00009673256,0,0,0,2.96826631935e-05,264,2.00000016491,2.00000015948,2.71621481409e-09
256,1.0600720958344994,2800,1,post,1,1.5,768,8.10323813012e-06,1.06417414616e-05,2.2096892364e-05,0.999977903108,1.0000098962,2.97979078574e-08,8.68994431726e-08,0,3.05565460079e-05,264,2.00000016491,2.00000015948,2.71640244176e-09
256,1.0600720958344994,2800,1,post,1,3.0,1536,2.14024376993e-05,2.91030670317e-05,7.06920797258e-05,0.999942308168,1.00007069208,8.5468607653e-08,2.92701200701e-07,0,3.05565460079e-05,264,2.00000016491,2.00000015948,2.71640244176e-09
256,1.0790902532768127,2850,1,pre,-1,1.5,768,1.27974411345e-05,1.63477339952e-05,3.42214853359e-05,0.999965778515,1.00001635631,0,0,0,7.06308584317e-06,264,2.00000015955,2.00000015945,5.02964296748e-11
256,1.0790902532768127,2850,1,pre,-1,3.0,1536,2.75736752251e-05,3.61756880185e-05,8.31873605882e-05,0.999926517055,1.00008318736,0,0,0,7.06308584317e-06,264,2.00000015955,2.00000015945,5.02964296748e-11
256,1.0790902532768127,2850,1,post,1,1.5,768,7.07073207027e-06,9.49292250395e-06,1.98759716336e-05,0.999980124028,1.00000947025,2.64820998914e-08,8.12253846422e-08,0,7.2435938116e-06,264,2.00000015953,2.00000015945,4.21929124641e-11
256,1.0790902532768127,2850,1,post,1,3.0,1536,1.85326550379e-05,2.53482905925e-05,6.05207990512e-05,0.999947761423,1.0000605208,7.38742092871e-08,2.48789817092e-07,0,7.2435938116e-06,264,2.00000015953,2.00000015945,4.21929124641e-11
256,1.0981084107191257,2900,1,pre,-1,1.5,768,1.03976221548e-05,1.39823239473e-05,3.2587217011e-05,0.999988018723,1.00003258722,0,0,0,2.76353661719e-05,260,2.00000015957,2.00000015942,7.31989965803e-11
256,1.0981084107191257,2900,1,pre,-1,3.0,1536,2.25616225324e-05,2.98444352611e-05,6.72244375026e-05,0.999936748995,1.00006722444,0,0,0,2.76353661719e-05,260,2.00000015957,2.00000015942,7.31989965803e-11
256,1.0981084107191257,2900,1,post,1,1.5,768,5.80456526599e-06,8.12949718119e-06,1.93045519683e-05,0.99999294548,1.00001930455,2.1533085291e-08,8.10270731066e-08,0,2.7306027363e-05,260,2.00000015959,2.00000015942,8.51758595707e-11
256,1.0981084107191257,2900,1,post,1,3.0,1536,1.51533963685e-05,2.08403598369e-05,4.84268404346e-05,0.999954643193,1.00004842684,5.99973952644e-08,2.01417064236e-07,0,2.7306027363e-05,260,2.00000015959,2.00000015942,8.51758595707e-11
256,1.1171265681614391,2950,1,pre,-1,1.5,768,7.70634467275e-06,1.02649458173e-05,2.39780154716e-05,0.999991874676,1.00002397802,0,0,0,4.63650264412e-05,260,2.00000015961,2.0000001594,1.07892797202e-10
256,1.1171265681614391,2950,1,pre,-1,3.0,1536,1.70887389289e-05,2.26276921693e-05,5.04249470026e-05,0.999951230794,1.00005042495,0,0,0,4.63650264412e-05,260,2.00000015961,2.0000001594,1.07892797202e-10
256,1.1171265681614391,2950,1,post,1,1.5,768,4.34568686135e-06,5.98238203403e-06,1.4322924595e-05,0.999995404964,1.00001432292,1.5388571343e-08,5.79602932385e-08,0,4.59528276863e-05,260,2.00000015963,2.0000001594,1.15872635578e-10
256,1.1171265681614391,2950,1,post,1,3.0,1536,1.14580179243e-05,1.57248336876e-05,3.60467444243e-05,0.999965278847,1.00003604674,4.47996457066e-08,1.48502156173e-07,0,4.59528276863e-05,260,2.00000015963,2.0000001594,1.15872635578e-10
256,1.136144725603752,3000,1,pre,-1,1.5,768,4.89989935923e-06,6.53911250439e-06,1.55978291425e-05,0.999995935776,1.00001559783,0,0,0,6.31672120945e-05,260,2.00000015977,2.00000015938,1.96093348143e-10
256,1.136144725603752,3000,1,pre,-1,3.0,1536,1.11258517416e-05,1.48283214685e-05,3.36039822171e-05,0.999968250838,1.00003360398,0,0,0,6.31672120945e-05,260,2.00000015977,2.00000015938,1.96093348143e-10
256,1.136144725603752,3000,1,post,1,1.5,768,2.79979887274e-06,3.8428064316e-06,9.46099310406e-06,0.999997653054,1.00000946099,9.08727264686e-09,3.60722108451e-08,0,6.28398210984e-05,260,2.00000015978,2.00000015938,1.99735545507e-10
256,1.136144725603752,3000,1,post,1,3.0,1536,7.3973042744e-06,1.01795792103e-05,2.37659716329e-05,0.999977900681,1.00002376597,2.81818412889e-08,9.62551763156e-08,0,6.28398210984e-05,260,2.00000015978,2.00000015938,1.99735545507e-10
256,1.1551628830460654,3050,1,pre,-1,1.5,768,2.1457793747e-06,3.10876547998e-06,7.99219506353e-06,0.999998627232,1.0000079922,0,0,0,7.79896836603e-05,260,2.00000015983,2.00000015936,2.34302780715e-10
256,1.1551628830460654,3050,1,pre,-1,3.0,1536,5.0613299409e-06,6.99642857029e-06,1.76572533572e-05,0.999985972156,1.00001765725,0,0,0,7.79896836603e-05,260,2.00000015983,2.00000015936,2.34302780715e-10
256,1.1551628830460654,3050,1,post,1,1.5,768,1.28206238094e-06,1.88682037286e-06,4.9878698527e-06,0.99999911514,1.00000498787,3.69373118333e-09,1.76429668167e-08,0,7.78577737376e-05,260,2.00000015983,2.00000015936,2.34561684704e-10
256,1.1551628830460654,3050,1,post,1,3.0,1536,3.27213107103e-06,4.6404163458e-06,1.23263133798e-05,0.999990998506,1.00001232631,1.16789340632e-08,4.8292074107e-08,0,7.78577737376e-05,260,2.00000015983,2.00000015936,2.34561684704e-10
256,1.1741810404883783,3100,1,pre,-1,1.5,768,1.14919578987e-06,1.47938608579e-06,3.47564478598e-06,0.999998123075,1.00000347564,0,0,0,9.00261491067e-05,260,2.00000015957,2.00000015935,1.07081224238e-10
256,1.1741810404883783,3100,1,pre,-1,3.0,1536,1.64797601749e-06,2.12704041223e-06,5.19664183507e-06,0.99999793218,1.00000519664,0,0,0,9.00261491067e-05,260,2.00000015957,2.00000015935,1.07081224238e-10
256,1.1741810404883783,3100,1,post,1,1.5,768,7.32732528688e-07,9.45268435329e-07,2.22595011867e-06,0.999998701669,1.00000222595,2.61477280202e-09,6.38945484716e-09,0,9.01521098838e-05,260,2.00000015956,2.00000015935,1.03374189854e-10
256,1.1741810404883783,3100,1,post,1,3.0,1536,1.33987600591e-06,1.83644893366e-06,4.88430433743e-06,0.999998050447,1.0000048843,5.60759568914e-09,2.16951667985e-08,0,9.01521098838e-05,260,2.00000015956,2.00000015935,1.03374189854e-10
256,1.1931991979306917,3150,1,pre,-1,1.5,768,3.1077820944e-06,3.85943531604e-06,6.43528216115e-06,0.999994551762,1.00000643528,0,0,0,9.86418236673e-05,260,2.00000015952,2.00000015935,8.91868729977e-11
256,1.1931991979306917,3150,1,pre,-1,3.0,1536,6.62430935025e-06,8.54231330713e-06,2.15331649722e-05,0.999988671072,1.00002153316,0,0,0,9.86418236673e-05,260,2.00000015952,2.00000015935,8.91868729977e-11
256,1.1931991979306917,3150,1,post,1,1.5,768,1.85526283351e-06,2.23975135186e-06,3.73957226807e-06,0.999996878695,1.00000373957,7.40736559911e-09,1.4454838047e-08,0,9.90258491298e-05,260,2.00000015951,2.00000015935,8.27817748343e-11
256,1.1931991979306917,3150,1,post,1,3.0,1536,4.77996376032e-06,6.3999919277e-06,1.72532898186e-05,0.999991846968,1.00001725329,2.04439433441e-08,7.5310296211e-08,0,9.90258491298e-05,260,2.00000015951,2.00000015935,8.27817748343e-11
256,1.2122173553730047,3200,1,pre,-1,1.5,768,5.22318639989e-06,6.47698842052e-06,1.08221462584e-05,0.999989177854,1.0000091564,0,0,0,0.000103714991337,260,2.00000015947,2.00000015934,6.74109603278e-11
256,1.2122173553730047,3200,1,pre,-1,3.0,1536,1.16753306931e-05,1.51549623813e-05,3.76824788137e-05,0.999976187765,1.00003768248,0,0,0,0.000103714991337,260,2.00000015947,2.00000015934,6.74109603278e-11
256,1.2122173553730047,3200,1,post,1,1.5,768,2.99055382255e-06,3.72530877861e-06,6.10691778802e-06,0.999993893082,1.00000512432,1.18078113149e-08,2.39061409522e-08,0,0.000104345494915,260,2.00000015947,2.00000015934,6.32496227184e-11
256,1.2122173553730047,3200,1,post,1,3.0,1536,8.18955506917e-06,1.1054447509e-05,2.91009507598e-05,0.999983161236,1.00002910095,3.42922456877e-08,1.24791395162e-07,0,0.000104345494915,260,2.00000015947,2.00000015934,6.32496227184e-11
256,1.2312355128153181,3250,1,pre,-1,1.5,768,7.12864948447e-06,8.79746140852e-06,1.56356488096e-05,0.999984364351,1.00001140345,0,0,0,0.000104969868767,260,2.0000001594,2.00000015934,2.97830625304e-11
256,1.2312355128153181,3250,1,pre,-1,3.0,1536,1.61067587947e-05,2.09529813615e-05,5.17474115114e-05,0.99996523708,1.00005174741,0,0,0,0.000104969868767,260,2.0000001594,2.00000015934,2.97830625304e-11
256,1.2312355128153181,3250,1,post,1,1.5,768,4.08228575484e-06,5.05530928958e-06,8.9288174091e-06,0.999991071183,1.00000624575,1.5564406908e-08,3.36658561671e-08,0,0.000105812584278,260,2.00000015939,2.00000015934,2.85762501988e-11
256,1.2312355128153181,3250,1,post,1,3.0,1536,1.12002550689e-05,1.51198676837e-05,3.9352145087e-05,0.999975554381,1.00003935215,4.62131520653e-08,1.67447200789e-07,0,0.000105812584278,260,2.00000015939,2.00000015934,2.85762501988e-11
256,1.250253670257631,3300,1,pre,-1,1.5,768,8.71218853372e-06,1.07449121007e-05,1.97951753675e-05,0.999980204825,1.00001311677,0,0,0,0.000102474181216,260,2.00000015932,2.00000015934,-1.01134648148e-11
256,1.250253670257631,3300,1,pre,-1,3.0,1536,1.97479377858e-05,2.57205881722e-05,6.31225998409e-05,0.999955955791,1.0000631226,0,0,0,0.000102474181216,260,2.00000015932,2.00000015934,-1.01134648148e-11
256,1.250253670257631,3300,1,post,1,1.5,768,4.98554275387e-06,6.17855172857e-06,1.13930738322e-05,0.999988606926,1.00000708335,1.86244019006e-08,4.26457820567e-08,0,0.000103466884558,260,2.00000015932,2.00000015934,-8.33133495765e-12
256,1.250253670257631,3300,1,post,1,3.0,1536,1.36587802946e-05,1.84428245249e-05,4.7570695169e-05,0.999969068513,1.0000475707,5.58639361806e-08,2.01509768462e-07,0,0.000103466884558,260,2.00000015932,2.00000015934,-8.33133495765e-12
256,1.2692718276999444,3350,1,pre,-1,1.5,768,9.93835440504e-06,1.22803486994e-05,2.32457281876e-05,0.999976754272,1.00001422239,0,0,0,9.46152383414e-05,264,2.00000015923,2.00000015934,-5.51845192209e-11
256,1.2692718276999444,3350,1,pre,-1,3.0,1536,2.24980427153e-05,2.93235860738e-05,7.14163795166e-05,0.999948463503,1.00007141638,0,0,0,9.46152383414e-05,264,2.00000015923,2.00000015934,-5.51845192209e-11
256,1.2692718276999444,3350,1,post,1,1.5,768,5.67739783898e-06,7.07156666766e-06,1.34627118766e-05,0.999986537288,1.00000761364,2.09326623161e-08,5.04286072414e-08,0,9.56873501553e-05,264,2.00000015924,2.00000015934,-5.09487966748e-11
256,1.2692718276999444,3350,1,post,1,3.0,1536,1.54955837762e-05,2.09303326746e-05,5.34577910636e-05,0.999963793949,1.00005345779,6.29821300387e-08,2.25707481139e-07,0,9.56873501553e-05,264,2.00000015924,2.00000015934,-5.09487966748e-11
256,1.2882899851422573,3400,1,pre,-1,1.5,768,1.07783638443e-05,1.33744928157e-05,2.59687027937e-05,0.999974031297,1.00001473213,0,0,0,8.49616982342e-05,264,2.00000015912,2.00000015935,-1.11580513709e-10
256,1.2882899851422573,3400,1,pre,-1,3.0,1536,2.42919015082e-05,3.16863240246e-05,7.64579871879e-05,0.999942848606,1.00007645799,0,0,0,8.49616982342e-05,264,2.00000015912,2.00000015935,-1.11580513709e-10
256,1.2882899851422573,3400,1,post,1,1.5,768,6.1420380411e-06,7.71639243768e-06,1.51167786842e-05,0.999984883221,1.00000785076,2.24475944115e-08,5.6953331138e-08,0,8.60485400238e-05,264,2.00000015913,2.00000015935,-1.05772715486e-10
256,1.2882899851422573,3400,1,post,1,3.0,1536,1.66687865963e-05,2.2533332815e-05,5.69032368343e-05,0.999959767861,1.00005690324,6.74143895395e-08,2.39543585613e-07,0,8.60485400238e-05,264,2.00000015913,2.00000015935,-1.05772715486e-10
256,1.3073081425845707,3450,1,pre,-1,1.5,768,1.12210043267e-05,1.40153538635e-05,2.78642779121e-05,0.999972135722,1.00001471571,0,0,0,7.21991695113e-05,264,2.00000016334,2.00000015935,1.99247535915e-09
256,1.3073081425845707,3450,1,pre,-1,3.0,1536,2.51236291258e-05,3.27941904336e-05,7.83013706664e-05,0.999939241109,1.00007830137,0,0,0,7.21991695113e-05,264,2.00000016334,2.00000015935,1.99247535915e-09
256,1.3073081425845707,3450,1,post,1,1.5,768,6.36209938828e-06,8.10541480109e-06,1.6313071001e-05,0.999983686929,1.00000784521,2.31256232241e-08,6.20451014594e-08,0,7.32491620074e-05,264,2.00000016336,2.00000015935,2.00167222391e-09
256,1.3073081425845707,3450,1,post,1,3.0,1536,1.71740785211e-05,2.32486420505e-05,5.79730141461e-05,0.999957103269,1.00005797301,6.91712058921e-08,2.4332153797e-07,0,7.32491620074e-05,264,2.00000016336,2.00000015935,2.00167222391e-09
256,1.3263263000268837,3500,1,pre,-1,1.5,768,1.12485263272e-05,1.41594931572e-05,2.88190716022e-05,0.999971180928,1.00001426101,0,0,0,5.7096548455e-05,264,2.00000016268,2.00000015937,1.65717870655e-09
256,1.3263263000268837,3500,1,pre,-1,3.0,1536,2.49792858374e-05,3.26550288219e-05,7.71101668671e-05,0.999937779876,1.00007711017,0,0,0,5.7096548455e-05,264,2.00000016268,2.00000015937,1.65717870655e-09
256,1.3263263000268837,3500,1,post,1,1.5,768,6.3517319476e-06,8.20681804822e-06,1.69565607356e-05,0.999983043439,1.00000765392,2.30748284772e-08,6.53502245027e-08,0,5.80416370266e-05,264,2.00000016269,2.00000015937,1.65974287744e-09
256,1.3263263000268837,3500,1,post,1,3.0,1536,1.70151440896e-05,2.30845248625e-05,5.68162628796e-05,0.999955920896,1.00005681626,6.83042933005e-08,2.37701597027e-07,0,5.80416370266e-05,264,2.00000016269,2.00000015937,1.65974287744e-09
256,1.3453444574691971,3550,1,pre,-1,1.5,768,1.09770709968e-05,1.38587156514e-05,2.86621107459e-05,0.999971337889,1.00001352588,0,0,0,4.09856562583e-05,264,2.00000016386,2.00000015938,2.23829892325e-09
256,1.3453444574691971,3550,1,pre,-1,3.0,1536,2.40197877413e-05,3.13626765698e-05,7.31364996716e-05,0.999938632042,1.0000731365,0,0,0,4.09856562583e-05,264,2.00000016386,2.00000015938,2.23829892325e-09
256,1.3453444574691971,3550,1,post,1,1.5,768,6.15547006544e-06,8.06169527834e-06,1.68960095548e-05,0.99998310399,1.00000738954,2.25490743228e-08,6.62849264418e-08,0,4.17666287621e-05,264,2.00000016386,2.00000015938,2.23717337923e-09
256,1.3453444574691971,3550,1,post,1,3.0,1536,1.62946948175e-05,2.21166877457e-05,5.36434995813e-05,0.99995638383,1.0000536435,6.52726856909e-08,2.23540068286e-07,0,4.17666287621e-05,264,2.00000016386,2.00000015938,2.23717337923e-09
256,1.36436261491151,3600,1,pre,-1,1.5,768,1.02433914831e-05,1.30272996287e-05,2.73261069207e-05,0.999972673893,1.0000127108,0,0,0,2.36510959009e-05,264,2.00000016495,2.0000001594,2.77523715205e-09
256,1.36436261491151,3600,1,pre,-1,3.0,1536,2.21681254303e-05,2.89830590919e-05,6.6735186357e-05,0.999941847017,1.00006673519,0,0,0,2.36510959009e-05,264,2.00000016495,2.0000001594,2.77523715205e-09
256,1.36436261491151,3600,1,post,1,1.5,768,5.69472491002e-06,7.58108230828e-06,1.60560640865e-05,0.999983943936,1.00000715656,2.12144560078e-08,6.45380766155e-08,0,2.42274492206e-05,264,2.00000016495,2.0000001594,2.7723758855e-09
256,1.36436261491151,3600,1,post,1,3.0,1536,1.49773336726e-05,2.03883234972e-05,4.87327113654e-05,0.999958555225,1.00004873271,5.99586275872e-08,2.02040677577e-07,0,2.42274492206e-05,264,2.00000016495,2.0000001594,2.7723758855e-09
256,1.3833807723538234,3650,1,pre,-1,1.5,768,9.12432329798e-06,1.17051196038e-05,2.48406710139e-05,0.999975159329,1.00001161018,0,0,0,7.03120104507e-06,264,2.0000001654,2.00000015942,2.98772849293e-09
256,1.3833807723538234,3650,1,pre,-1,3.0,1536,1.95715859863e-05,2.56455401391e-05,5.82926238546e-05,0.999947367888,1.00005829262,0,0,0,7.03120104507e-06,264,2.0000001654,2.00000015942,2.98772849293e-09
256,1.3833807723538234,3650,1,post,1,1.5,768,5.03784047557e-06,6.80761605308e-06,1.45017059143e-05,0.999985498294,1.00000674451,1.9065423049e-08,5.98304576143e-08,0,7.33564953929e-06,264,2.00000016539,2.00000015942,2.9817239632e-09
256,1.3833807723538234,3650,1,post,1,3.0,1536,1.31647697553e-05,1.79927354763e-05,4.23914890177e-05,0.99996241097,1.00004239149,5.26388702918e-08,1.74736053141e-07,0,7.33564953929e-06,264,2.00000016539,2.00000015942,2.9817239632e-09
256,1.4023989297961363,3700,1,pre,-1,1.5,768,7.58221845623e-06,9.88296240857e-06,2.13157527484e-05,0.999978684247,1.00001018564,0,0,0,1.50688543837e-05,264,2.00000015939,2.00000015945,-2.95110579094e-11
256,1.4023989297961363,3700,1,pre,-1,3.0,1536,1.62872954588e-05,2.14792639161e-05,4.84900629623e-05,0.999954868484,1.00004849006,0,0,0,1.50688543837e-05,264,2.00000015939,2.00000015945,-2.95110579094e-11
256,1.4023989297961363,3700,1,post,1,1.5,768,4.14355485319e-06,5.7218418089e-06,1.23073729157e-05,0.999987692627,1.00000609285,1.59467930183e-08,5.21569424785e-08,0,1.48744181219e-05,264,2.00000015937,2.00000015945,-3.83530954172e-11
256,1.4023989297961363,3700,1,post,1,3.0,1536,1.08991710442e-05,1.50188319378e-05,3.51189876318e-05,0.99996774629,1.00003511899,4.35005108005e-08,1.43817833167e-07,0,1.48744181219e-05,264,2.00000015937,2.00000015945,-3.83530954172e-11
256,1.4214170872384497,3750,1,pre,-1,1.5,768,5.68545733185e-06,7.62544853097e-06,1.75085516876e-05,0.999993299915,1.00001750855,0,0,0,2.84794893577e-05,260,2.00000015931,2.00000015947,-8.08111291174e-11
256,1.4214170872384497,3750,1,pre,-1,3.0,1536,1.25482655171e-05,1.66554304797e-05,3.68540714262e-05,0.999963859536,1.00003685407,0,0,0,2.84794893577e-05,260,2.00000015931,2.00000015947,-8.08111291174e-11
256,1.4214170872384497,3750,1,post,1,1.5,768,3.1663697137e-06,4.42573362949e-06,1.033179354e-05,0.999996079688,1.00001033179,1.16576996244e-08,4.28462353947e-08,0,2.82440431434e-05,260,2.00000015933,2.00000015947,-7.36373125935e-11
256,1.4214170872384497,3750,1,post,1,3.0,1536,8.40833292211e-06,1.15977131587e-05,2.63609239495e-05,0.999974098266,1.00002636092,3.31467276199e-08,1.09478983129e-07,0,2.82440431434e-05,260,2.00000015933,2.00000015947,-7.36373125935e-11
256,1.4404352446807627,3800,1,pre,-1,1.5,768,3.76449972729e-06,5.03913027434e-06,1.17331582903e-05,0.999996214321,1.00001173316,0,0,0,4.06527748502e-05,260,2.00000015967,2.0000001595,8.51914026885e-11
256,1.4404352446807627,3800,1,pre,-1,3.0,1536,8.51144365168e-06,1.13547349541e-05,2.53648205133e-05,0.999975279538,1.00002536482,0,0,0,4.06527748502e-05,260,2.00000015967,2.0000001595,8.51914026885e-11
256,1.4404352446807627,3800,1,post,1,1.5,768,2.11814471557e-06,2.93230795953e-06,7.00329686065e-06,0.999997895291,1.0000070033,7.32000295257e-09,2.77054970719e-08,0,4.04505374589e-05,260,2.00000015968,2.0000001595,9.03255176342e-11
256,1.4404352446807627,3800,1,post,1,3.0,1536,5.66773023228e-06,7.82983013229e-06,1.79469890211e-05,0.999982550579,1.00001794699,2.19049409059e-08,7.35464294639e-08,0,4.04505374589e-05,260,2.00000015968,2.0000001595,9.03255176342e-11
256,1.4594534021230761,3850,1,pre,-1,1.5,768,1.82787946161e-06,2.52840575401e-06,6.18368359939e-06,0.999998720726,1.00000618368,0,0,0,5.13290104015e-05,260,2.00000015977,2.00000015952,1.24126921056e-10
256,1.4594534021230761,3850,1,pre,-1,3.0,1536,4.33277023205e-06,5.91007738848e-06,1.39747869401e-05,0.999987416679,1.00001397479,0,0,0,5.13290104015e-05,260,2.00000015977,2.00000015952,1.24126921056e-10
256,1.4594534021230761,3850,1,post,1,1.5,768,1.04059030966e-06,1.48764053091e-06,3.74567161843e-06,0.999999253713,1.00000374567,3.17900379301e-09,1.37852254681e-08,0,5.12253118894e-05,260,2.00000015977,2.00000015952,1.27163824875e-10
256,1.4594534021230761,3850,1,post,1,3.0,1536,2.82228081039e-06,3.96995910219e-06,9.71487051427e-06,0.999991511406,1.00000971487,1.03855765147e-08,3.87636038685e-08,0,5.12253118894e-05,260,2.00000015977,2.00000015952,1.27163824875e-10
256,1.478471559565389,3900,1,pre,-1,1.5,768,5.48525361374e-07,6.78690527548e-07,1.53723067919e-06,0.999999319146,1.00000153723,0,0,0,6.01283993052e-05,260,2.00000015966,2.00000015954,6.34463542164e-11
256,1.478471559565389,3900,1,pre,-1,3.0,1536,7.45244585788e-07,9.98605901215e-07,3.15877528267e-06,0.99999921818,1.00000315878,0,0,0,6.01283993052e-05,260,2.00000015966,2.00000015954,6.34463542164e-11
256,1.478471559565389,3900,1,post,1,1.5,768,3.6587299519e-07,4.56168129881e-07,1.04182181526e-06,0.999999498099,1.00000104182,1.10901947111e-09,2.56979535655e-09,0,6.0166025533e-05,260,2.00000015966,2.00000015954,5.9384270538e-11
256,1.478471559565389,3900,1,post,1,3.0,1536,5.15434691763e-07,6.79772113363e-07,1.98738537316e-06,0.999999365582,1.00000198739,2.00737564931e-09,6.64904397513e-09,0,6.0166025533e-05,260,2.00000015966,2.00000015954,5.9384270538e-11
256,1.4974897170077024,3950,1,pre,-1,1.5,768,1.88090764199e-06,2.36238962478e-06,3.77609858648e-06,0.999996223901,1.00000357058,0,0,0,6.66123819361e-05,260,2.00000015968,2.00000015955,6.37945201287e-11
256,1.4974897170077024,3950,1,pre,-1,3.0,1536,3.86647072536e-06,4.94042947009e-06,1.19516136463e-05,0.999992647241,1.00001195161,0,0,0,6.66123819361e-05,260,2.00000015968,2.00000015955,6.37945201287e-11
256,1.4974897170077024,3950,1,post,1,1.5,768,1.11420158014e-06,1.38268006052e-06,2.15465882147e-06,0.999997845341,1.00000207193,4.54006827112e-09,9.77572618167e-09,0,6.6804167031e-05,260,2.00000015968,2.00000015955,6.19420021376e-11
256,1.4974897170077024,3950,1,post,1,3.0,1536,2.79689204672e-06,3.71612216015e-06,9.58040161403e-06,0.999994528689,1.0000095804,1.19075799611e-08,4.14440073475e-08,0,6.6804167031e-05,260,2.00000015968,2.00000015955,6.19420021376e-11
256,1.5165078744500153,4000,1,pre,-1,1.5,768,3.48551741795e-06,4.35182966909e-06,8.03687727546e-06,0.999991963123,1.0000054724,0,0,0,7.06220121817e-05,260,2.00000015966,2.00000015956,4.66719958749e-11
256,1.5165078744500153,4000,1,pre,-1,3.0,1536,7.46465299549e-06,9.60939717305e-06,2.2901246193e-05,0.999983497589,1.00002290125,0,0,0,7.06220121817e-05,260,2.00000015966,2.00000015956,4.66719958749e-11
256,1.5165078744500153,4000,1,post,1,1.5,768,1.98571821829e-06,2.52341697885e-06,4.66237868235e-06,0.999995337621,1.00000306267,7.80355755306e-09,1.90412641644e-08,0,7.09666933616e-05,260,2.00000015965,2.00000015956,4.51276757708e-11
256,1.5165078744500153,4000,1,post,1,3.0,1536,5.22069808815e-06,6.99721883932e-06,1.76061526793e-05,0.999988065113,1.00001760615,2.18081131983e-08,7.54948139906e-08,0,7.09666933616e-05,260,2.00000015965,2.00000015956,4.51276757708e-11
256,1.5355260318923287,4050,1,pre,-1,1.5,768,4.90281371253e-06,6.1253484268e-06,1.17845314221e-05,0.999988215469,1.00000708959,0,0,0,7.20045835871e-05,260,2.00000015961,2.00000015957,2.35009770657e-11
256,1.5355260318923287,4050,1,pre,-1,3.0,1536,1.06825374543e-05,1.38241580162e-05,3.28249860935e-05,0.999975222474,1.00003282499,0,0,0,7.20045835871e-05,260,2.00000015961,2.00000015957,2.35009770657e-11
256,1.5355260318923287,4050,1,post,1,1.5,768,2.79393320634e-06,3.54769020635e-06,6.87398436816e-06,0.999993126016,1.0000038927,1.06290079589e-08,2.72316359792e-08,0,7.24820168528e-05,260,2.00000015961,2.00000015957,2.26494360737e-11
256,1.5355260318923287,4050,1,post,1,3.0,1536,7.40414474256e-06,9.95455674952e-06,2.48262257716e-05,0.999982254284,1.00002482623,3.0465980906e-08,1.0547077358e-07,0,7.24820168528e-05,260,2.00000015961,2.00000015957,2.26494360737e-11
256,1.5545441893346417,4100,1,pre,-1,1.5,768,6.09271207038e-06,7.62503897179e-06,1.49966309395e-05,0.999985003369,1.0000083909,0,0,0,7.07310675106e-05,260,2.00000015957,2.00000015957,3.13749001727e-13
256,1.5545441893346417,4100,1,pre,-1,3.0,1536,1.33767407728e-05,1.73629924578e-05,4.10991075883e-05,0.999968161867,1.00004109911,0,0,0,7.07310675106e-05,260,2.00000015957,2.00000015957,3.13749001727e-13
256,1.5545441893346417,4100,1,post,1,1.5,768,3.47008575803e-06,4.41677426953e-06,8.77947399613e-06,0.999991220526,1.0000045601,1.2965269934e-08,3.43063529615e-08,0,7.13136364458e-05,260,2.00000015957,2.00000015957,3.44835243936e-13
256,1.5545441893346417,4100,1,post,1,3.0,1536,9.22385324252e-06,1.2426859903e-05,3.08120573678e-05,0.999977290774,1.00003081206,3.76336232053e-08,1.30205846598e-07,0,7.13136364458e-05,260,2.00000015957,2.00000015957,3.44835243936e-13
256,1.5735623467769551,4150,1,pre,-1,1.5,768,7.02710507652e-06,8.81891689881e-06,1.76314826297e-05,0.999982368517,1.00000934261,0,0,0,6.6866180597e-05,260,2.00000015951,2.00000015956,-2.84254819209e-11
256,1.5735623467769551,4150,1,pre,-1,3.0,1536,1.54724795581e-05,2.01241871475e-05,4.74585873027e-05,0.99996244996,1.00004745859,0,0,0,6.6866180597e-05,260,2.00000015951,2.00000015956,-2.84254819209e-11
256,1.5735623467769551,4150,1,post,1,1.5,768,3.99656162811e-06,5.11149058702e-06,1.03566621745e-05,0.999989643338,1.00000504744,1.47685123638e-08,4.02953434925e-08,0,6.75128288634e-05,260,2.00000015951,2.00000015956,-2.76705303243e-11
256,1.5735623467769551,4150,1,post,1,3.0,1536,1.0628418172e-05,1.43435704856e-05,3.53695145467e-05,0.999973257302,1.00003536951,4.31166194055e-08,1.48888324687e-07,0,6.75128288634e-05,260,2.00000015951,2.00000015956,-2.76705303243e-11
256,1.592580504219268,4200,1,pre,-1,1.5,768,7.68387146655e-06,9.68323598468e-06,1.96330102921e-05,0.99998036699,1.0000099205,0,0,0,5.99320042464e-05,263,2.0000001594,2.00000015956,-7.71298519027e-11
256,1.592580504219268,4200,1,pre,-1,3.0,1536,1.69170429714e-05,2.2042293942e-05,5.17043741233e-05,0.999958175259,1.00005170437,0,0,0,5.99320042464e-05,263,2.0000001594,2.00000015956,-7.71298519027e-11
256,1.592580504219268,4200,1,post,1,1.5,768,4.35975840086e-06,5.61740065965e-06,1.1566431123e-05,0.999988433569,1.00000535326,1.60047342768e-08,4.50468460866e-08,0,6.0598164662e-05,263,2.0000001594,2.00000015956,-7.63700153253e-11
256,1.592580504219268,4200,1,post,1,3.0,1536,1.15824775038e-05,1.56604352429e-05,3.83500846697e-05,0.999970229712,1.00003835008,4.67834166162e-08,1.60903209194e-07,0,6.0598164662e-05,263,2.0000001594,2.00000015956,-7.63700153253e-11
256,1.6115986616615814,4250,1,pre,-1,1.5,768,8.04682469998e-06,1.01991184648e-05,2.09517710941e-05,0.999979048229,1.00001015871,0,0,0,5.14287493048e-05,264,2.00000015921,2.00000015954,-1.68261835476e-10
256,1.6115986616615814,4250,1,pre,-1,3.0,1536,1.7683304842e-05,2.30854619072e-05,5.38108825818e-05,0.99995542922,1.00005381088,0,0,0,5.14287493048e-05,264,2.00000015921,2.00000015954,-1.68261835476e-10
256,1.6115986616615814,4250,1,post,1,1.5,768,4.54948528257e-06,5.9212829026e-06,1.23678727368e-05,0.999987632127,1.00000550403,1.66582909164e-08,4.84192737814e-08,0,5.20768004741e-05,264,2.0000001592,2.00000015954,-1.69712452764e-10
256,1.6115986616615814,4250,1,post,1,3.0,1536,1.20686517418e-05,1.6357017217e-05,3.97478230139e-05,0.99996825332,1.00003974782,4.85809002775e-08,1.6623273286e-07,0,5.20768004741e-05,264,2.0000001592,2.00000015954,-1.69712452764e-10
256,1.6306168191038943,4300,1,pre,-1,1.5,768,8.18361387077e-06,1.03922488047e-05,2.15392239479e-05,0.999978460776,1.00001016509,0,0,0,4.16561980738e-05,264,2.00000016442,2.00000015953,2.44330780548e-09
256,1.6306168191038943,4300,1,pre,-1,3.0,1536,1.78468485296e-05,2.32756945179e-05,5.38323837034e-05,0.999954284876,1.00005383238,0,0,0,4.16561980738e-05,264,2.00000016442,2.00000015953,2.44330780548e-09
256,1.6306168191038943,4300,1,post,1,1.5,768,4.61510167076e-06,6.0513575281e-06,1.2710406102e-05,0.999987289594,1.00000558437,1.69881307949e-08,5.03278923154e-08,0,4.22426394603e-05,264,2.00000016442,2.00000015953,2.44620970619e-09
256,1.6306168191038943,4300,1,post,1,3.0,1536,1.21470804659e-05,1.6455317814e-05,3.96113844856e-05,0.999967404549,1.00003961138,4.88127070504e-08,1.65069173285e-07,0,4.22426394603e-05,264,2.00000016442,2.00000015953,2.44620970619e-09
256,1.6496349765462077,4350,1,pre,-1,1.5,768,7.91869281611e-06,1.01671896449e-05,2.13887083802e-05,0.999978611292,1.00000991281,0,0,0,3.03949287781e-05,264,2.00000016344,2.00000015951,1.96234346442e-09
256,1.6496349765462077,4350,1,pre,-1,3.0,1536,1.72516373521e-05,2.26011821212e-05,5.19049212606e-05,0.999954747921,1.00005190492,0,0,0,3.03949287781e-05,264,2.00000016344,2.00000015951,1.96234346442e-09
256,1.6496349765462077,4350,1,post,1,1.5,768,4.4208862026e-06,5.90643115835e-06,1.25841939818e-05,0.999987415806,1.00000554409,1.63554595528e-08,5.05468608428e-08,0,3.08960245179e-05,264,2.00000016343,2.00000015951,1.959542594e-09
256,1.6496349765462077,4350,1,post,1,3.0,1536,1.16926541524e-05,1.593981424e-05,3.80574649883e-05,0.999967687811,1.00003805746,4.68774820116e-08,1.57969772489e-07,0,3.08960245179e-05,264,2.00000016343,2.00000015951,1.959542594e-09
256,1.6686531339885207,4400,1,pre,-1,1.5,768,7.56561200529e-06,9.66345793733e-06,2.045486034e-05,0.99997954514,1.00000939333,0,0,0,1.91900356864e-05,264,2.00000015971,2.0000001595,1.06930455955e-10
256,1.6686531339885207,4400,1,pre,-1,3.0,1536,1.6231905538e-05,2.11842788937e-05,4.82063538001e-05,0.999956841388,1.00004820635,0,0,0,1.91900356864e-05,264,2.00000015971,2.0000001595,1.06930455955e-10
256,1.6686531339885207,4400,1,post,1,1.5,768,4.21074738262e-06,5.63331369041e-06,1.20014406545e-05,0.999987998559,1.00000536134,1.58380397557e-08,4.90056528968e-08,0,1.95778370042e-05,264,2.00000015971,2.0000001595,1.07887912215e-10
256,1.6686531339885207,4400,1,post,1,3.0,1536,1.09779125578e-05,1.49132489094e-05,3.52225276652e-05,0.999969141746,1.00003522253,4.4021952387e-08,1.45564772056e-07,0,1.95778370042e-05,264,2.00000015971,2.0000001595,1.07887912215e-10
256,1.6876712914308341,4450,1,pre,-1,1.5,768,6.8693106672e-06,8.79206184805e-06,1.87176069092e-05,0.999981282393,1.00000861167,0,0,0,8.05803852037e-06,264,2.00000015994,2.00000015948,2.28293810082e-10
256,1.6876712914308341,4450,1,pre,-1,3.0,1536,1.45868115608e-05,1.90524670271e-05,4.29727171003e-05,0.999960542483,1.00004297272,0,0,0,8.05803852037e-06,264,2.00000015994,2.00000015948,2.28293810082e-10
256,1.6876712914308341,4450,1,post,1,1.5,768,3.7992776182e-06,5.12609743963e-06,1.09342784703e-05,0.999989065722,1.00000502128,1.44942505823e-08,4.54253670425e-08,0,8.31574610234e-06,264,2.00000015992,2.00000015948,2.19528822046e-10
256,1.6876712914308341,4450,1,post,1,3.0,1536,9.82558766955e-06,1.33806683379e-05,3.12854940638e-05,0.99997176918,1.00003128549,3.93582324428e-08,1.28647979672e-07,0,8.31574610234e-06,264,2.00000015992,2.00000015948,2.19528822046e-10
256,1.706689448873147,4500,1,pre,-1,1.5,768,5.83029790671e-06,7.54796538998e-06,1.62699863924e-05,0.999983730014,1.00000759007,0,0,0,7.58162832501e-06,264,2.00000016098,2.00000015947,7.53931523716e-10
256,1.706689448873147,4500,1,pre,-1,3.0,1536,1.24165020506e-05,1.62946247973e-05,3.65678906178e-05,0.9999656631,1.00003656789,0,0,0,7.58162832501e-06,264,2.00000016098,2.00000015947,7.53931523716e-10
256,1.706689448873147,4500,1,post,1,1.5,768,3.20299976109e-06,4.38633442564e-06,9.4159090287e-06,0.999990584091,1.00000451827,1.23544383309e-08,3.96794526594e-08,0,7.41119238385e-06,264,2.00000016096,2.00000015947,7.44635182983e-10
256,1.706689448873147,4500,1,post,1,3.0,1536,8.3283824709e-06,1.14094012744e-05,2.65304491796e-05,0.999975435664,1.00002653045,3.33068314721e-08,1.08495808445e-07,0,7.41119238385e-06,264,2.00000016096,2.00000015947,7.44635182983e-10
256,1.7257076063154604,4550,1,pre,-1,1.5,768,4.4714701645e-06,6.01416159579e-06,1.37574879817e-05,0.999994357128,1.00001375749,0,0,0,1.70772521086e-05,260,2.0000001593,2.00000015945,-7.68334223827e-11
256,1.7257076063154604,4550,1,pre,-1,3.0,1536,9.82390492794e-06,1.30478229797e-05,2.87436445425e-05,0.999971591006,1.00002874364,0,0,0,1.70772521086e-05,260,2.0000001593,2.00000015945,-7.68334223827e-11
256,1.7257076063154604,4550,1,post,1,1.5,768,2.46487125871e-06,3.48349077656e-06,8.07015869553e-06,0.999996643349,1.00000807016,9.31767340472e-09,3.40142968912e-08,0,1.69298760385e-05,260,2.00000015931,2.00000015945,-7.13316016005e-11
256,1.7257076063154604,4550,1,post,1,3.0,1536,6.57831589432e-06,9.10120414535e-06,2.06226557968e-05,0.999979582843,1.00002062266,2.60924046856e-08,8.56530139523e-08,0,1.69298760385e-05,260,2.00000015931,2.00000015945,-7.13316016005e-11
256,1.7447257637577733,4600,1,pre,-1,1.5,768,3.15232094357e-06,4.23273957523e-06,9.74639932294e-06,0.999996344048,1.0000097464,0,0,0,2.5867253946e-05,260,2.00000015949,2.00000015944,2.50883738212e-11
256,1.7447257637577733,4600,1,pre,-1,3.0,1536,7.07429469466e-06,9.43841192369e-06,2.08440752458e-05,0.99997939557,1.00002084408,0,0,0,2.5867253946e-05,260,2.00000015949,2.00000015944,2.50883738212e-11
256,1.7447257637577733,4600,1,post,1,1.5,768,1.75172428456e-06,2.4514604198e-06,5.75153504645e-06,0.999997877152,1.00000575154,6.35024835301e-09,2.3438377135e-08,0,2.57309098176e-05,260,2.0000001595,2.00000015944,2.94664269475e-11
256,1.7447257637577733,4600,1,post,1,3.0,1536,4.7177460405e-06,6.53671465602e-06,1.48226302072e-05,0.999985345603,1.00001482263,1.84526672968e-08,6.08861834561e-08,0,2.57309098176e-05,260,2.0000001595,2.00000015944,2.94664269475e-11
256,1.7637439212000867,4650,1,pre,-1,1.5,768,1.79612585192e-06,2.43451584133e-06,5.80772001113e-06,0.999998301106,1.00000580772,0,0,0,3.35741978785e-05,260,2.00000015953,2.00000015943,5.17554846578e-11
256,1.7637439212000867,4650,1,pre,-1,3.0,1536,4.1901731974e-06,5.65793526345e-06,1.28821342551e-05,0.999987632326,1.00001288213,0,0,0,3.35741978785e-05,260,2.00000015953,2.00000015943,5.17554846578e-11
256,1.7637439212000867,4650,1,post,1,1.5,768,1.00571665714e-06,1.41131355214e-06,3.46075845203e-06,0.99999905622,1.00000346076,3.36831057946e-09,1.33709305208e-08,0,3.34856154506e-05,260,2.00000015954,2.00000015943,5.50088819498e-11
256,1.7637439212000867,4650,1,post,1,3.0,1536,2.75962855454e-06,3.85443593938e-06,9.03349333337e-06,0.999991429263,1.00000903349,1.047612313e-08,3.63685502096e-08,0,3.34856154506e-05,260,2.00000015954,2.00000015943,5.50088819498e-11
256,1.7827620786423997,4700,1,pre,-1,1.5,768,4.81416788414e-07,7.38843699823e-07,2.00435466446e-06,0.999999741799,1.00000200435,0,0,0,3.99865435789e-05,260,2.00000015955,2.00000015942,6.30646595746e-11
256,1.7827620786423997,4700,1,pre,-1,3.0,1536,1.30433543211e-06,1.89906762863e-06,5.02646141709e-06,0.999996092171,1.00000502646,0,0,0,3.99865435789e-05,260,2.00000015955,2.00000015942,6.30646595746e-11
256,1.7827620786423997,4700,1,post,1,1.5,768,2.86953256217e-07,4.38908413785e-07,1.22843005013e-06,0.999999805029,1.00000122843,7.52676471341e-10,3.99475904439e-09,0,3.99727124837e-05,260,2.00000015955,2.00000015942,6.46118662584e-11
256,1.7827620786423997,4700,1,post,1,3.0,1536,8.04177012513e-07,1.1978293957e-06,3.37030217801e-06,0.999997648354,1.0000033703,2.64256238409e-09,1.25718322697e-08,0,3.99727124837e-05,260,2.00000015955,2.00000015942,6.46118662584e-11
256,1.801780236084713,4750,1,pre,-1,1.5,768,8.81983196737e-07,1.12200648876e-06,1.83914600638e-06,0.999998160854,1.00000174002,0,0,0,4.48598618516e-05,260,2.00000015954,2.00000015942,6.26965096492e-11
256,1.801780236084713,4750,1,pre,-1,3.0,1536,1.6563170356e-06,2.08591519426e-06,4.87890937118e-06,0.999997070481,1.00000487891,0,0,0,4.48598618516e-05,260,2.00000015954,2.00000015942,6.26965096492e-11
256,1.801780236084713,4750,1,post,1,1.5,768,5.43405050838e-07,6.78567985503e-07,1.11062624708e-06,0.999998889374,1.00000103652,2.16278373677e-09,4.96107503342e-09,0,4.49321574783e-05,260,2.00000015954,2.00000015942,6.37738699864e-11
256,1.801780236084713,4750,1,post,1,3.0,1536,1.26572941759e-06,1.66191953563e-06,4.2186079876e-06,0.999997527901,1.00000421861,5.25830477088e-09,1.78243491564e-08,0,4.49321574783e-05,260,2.00000015954,2.00000015942,6.37738699864e-11
256,1.820798393527026,4800,1,pre,-1,1.5,768,2.03103576138e-06,2.56275382455e-06,4.89781896063e-06,0.999995102181,1.0000031632,0,0,0,4.79612393614e-05,260,2.0000001595,2.00000015941,4.51016965575e-11
256,1.820798393527026,4800,1,pre,-1,3.0,1536,4.1799652799e-06,5.35537897795e-06,1.24250084355e-05,0.999990453449,1.00001242501,0,0,0,4.79612393614e-05,260,2.0000001595,2.00000015941,4.51016965575e-11
256,1.820798393527026,4800,1,post,1,1.5,768,1.14480078348e-06,1.49740120336e-06,2.86742506583e-06,0.999997132575,1.0000018174,4.61414550595e-09,1.2428060121e-08,0,4.81234063447e-05,260,2.0000001595,2.00000015941,4.57585044465e-11
256,1.820798393527026,4800,1,post,1,3.0,1536,2.93477822816e-06,3.93304821854e-06,9.63844147717e-06,0.999992930341,1.00000963844,1.2283048957e-08,4.10641335519e-08,0,4.81234063447e-05,260,2.0000001595,2.00000015941,4.57585044465e-11
256,1.8398165509693394,4850,1,pre,-1,1.5,768,3.08002227851e-06,3.90221880244e-06,7.77389182594e-06,0.999992226108,1.00000437712,0,0,0,4.92888401145e-05,260,2.00000015947,2.00000015941,2.9854782931e-11
256,1.8398165509693394,4850,1,pre,-1,3.0,1536,6.50006671047e-06,8.38959056554e-06,1.93701384701e-05,0.99998432241,1.00001937014,0,0,0,4.92888401145e-05,260,2.00000015947,2.00000015941,2.9854782931e-11
256,1.8398165509693394,4850,1,post,1,1.5,768,1.73881531151e-06,2.27245743073e-06,4.56829089812e-06,0.999995431709,1.00000246886,6.74236657539e-09,1.8984934954e-08,0,4.95335553211e-05,260,2.00000015947,2.00000015941,3.008126841e-11
256,1.8398165509693394,4850,1,post,1,3.0,1536,4.50155297879e-06,6.05448478595e-06,1.46701197448e-05,0.999988597703,1.00001467012,1.8597018894e-08,6.23500084063e-08,0,4.95335553211e-05,260,2.00000015947,2.00000015941,3.008126841e-11
256,1.8588347084116523,4900,1,pre,-1,1.5,768,3.97332330282e-06,5.04764768722e-06,1.02442551725e-05,0.999989755745,1.00000537944,0,0,0,4.87525596702e-05,260,2.00000015943,2.00000015941,9.84723335435e-12
256,1.8588347084116523,4900,1,pre,-1,3.0,1536,8.49728638732e-06,1.10176058786e-05,2.54098626291e-05,0.999978965474,1.00002540986,0,0,0,4.87525596702e-05,260,2.00000015943,2.00000015941,9.84723335435e-12
256,1.8588347084116523,4900,1,post,1,1.5,768,2.2436129739e-06,2.9367213446e-06,6.03134671828e-06,0.999993968653,1.00000300327,8.5276347346e-09,2.46046868643e-08,0,4.90647533929e-05,260,2.00000015943,2.00000015941,9.71889158294e-12
256,1.8588347084116523,4900,1,post,1,3.0,1536,5.85017768734e-06,7.89354334236e-06,1.90393585815e-05,0.999984810146,1.00001903936,2.39290846518e-08,8.03775544594e-08,0,4.90647533929e-05,260,2.00000015943,2.00000015941,9.71889158294e-12
256,1.8778528658539657,4950,1,pre,-1,1.5,768,4.68774840378e-06,5.97190036386e-06,1.22805477504e-05,0.999987719452,1.00000616894,0,0,0,4.64681423652e-05,260,2.00000015938,2.00000015941,-1.45257128072e-11
256,1.8778528658539657,4950,1,pre,-1,3.0,1536,1.00929806626e-05,1.31248079452e-05,3.02245773569e-05,0.999974571475,1.00003022458,0,0,0,4.64681423652e-05,260,2.00000015938,2.00000015941,-1.45257128072e-11
256,1.8778528658539657,4950,1,post,1,1.5,768,2.64428594907e-06,3.47340517705e-06,7.23918265921e-06,0.999992760817,1.00000343064,9.93749870819e-09,2.93550820232e-08,0,4.68260927681e-05,260,2.00000015938,2.00000015941,-1.50035527589e-11
256,1.8778528658539657,4950,1,post,1,3.0,1536,6.92118418204e-06,9.36081455255e-06,2.24990010247e-05,0.999981699086,1.000022499,2.81357745793e-08,9.46105388304e-08,0,4.68260927681e-05,260,2.00000015938,2.00000015941,-1.50035527589e-11
256,1.8968710232962787,5000,1,pre,-1,1.5,768,5.20576817023e-06,6.65534786616e-06,1.3837211008e-05,0.999986162789,1.00000672335,0,0,0,4.24964000247e-05,260,2.00000015931,2.00000015941,-5.25583978858e-11
256,1.8968710232962787,5000,1,pre,-1,3.0,1536,1.12459222006e-05,1.46579959037e-05,3.36538568739e-05,0.999971232567,1.00003365386,0,0,0,4.24964000247e-05,260,2.00000015931,2.00000015941,-5.25583978858e-11
256,1.8968710232962787,5000,1,post,1,1.5,768,2.9308083757e-06,3.87055099027e-06,8.1634150787e-06,0.999991836585,1.00000374244,1.09463894211e-08,3.3043997278e-08,0,4.28772309038e-05,260,2.0000001593,2.00000015941,-5.34328094703e-11
256,1.8968710232962787,5000,1,post,1,3.0,1536,7.68709153627e-06,1.04198954674e-05,2.49296051864e-05,0.999979328458,1.00002492961,3.11145482327e-08,1.04489015364e-07,0,4.28772309038e-05,260,2.0000001593,2.00000015941,-5.34328094703e-11
256,1.915889180738592,5050,1,pre,-1,1.5,768,5.51723317505e-06,7.084634481e-06,1.48767079036e-05,0.999985123292,1.00000704552,0,0,0,3.70350089845e-05,260,2.0000001592,2.00000015942,-1.09621192268e-10
256,1.915889180738592,5050,1,pre,-1,3.0,1536,1.19333631876e-05,1.55875640775e-05,3.56427145092e-05,0.999969020186,1.00003564271,0,0,0,3.70350089845e-05,260,2.0000001592,2.00000015942,-1.09621192268e-10
256,1.915889180738592,5050,1,post,1,1.5,768,3.09655770328e-06,4.11997663233e-06,8.77831942903e-06,0.999991221681,1.00000394178,1.15388252385e-08,3.5619116108e-08,0,3.7414200798e-05,260,2.00000015919,2.00000015942,-1.1099165146e-10
256,1.915889180738592,5050,1,post,1,3.0,1536,8.13281467562e-06,1.10512276201e-05,2.62965669402e-05,0.999977751748,1.00002629657,3.28130390753e-08,1.09882945958e-07,0,3.7414200798e-05,260,2.00000015919,2.00000015942,-1.1099165146e-10
256,1.934907338180905,5100,1,pre,-1,1.5,768,5.65471939682e-06,7.27330796054e-06,1.53786190649e-05,0.999984621381,1.00000714225,0,0,0,3.01042423057e-05,264,2.00000016264,2.00000015942,1.60956923838e-09
256,1.934907338180905,5100,1,pre,-1,3.0,1536,1.21879368474e-05,1.59183107056e-05,3.62032682608e-05,0.999967967247,1.00003620327,0,0,0,3.01042423057e-05,264,2.00000016264,2.00000015942,1.60956923838e-09
256,1.934907338180905,5100,1,post,1,1.5,768,3.16574741361e-06,4.23735564953e-06,9.06931906841e-06,0.999990930681,1.00000403031,1.18406855161e-08,3.70092511134e-08,0,3.04517930656e-05,264,2.00000016264,2.00000015942,1.60922418109e-09
256,1.934907338180905,5100,1,post,1,3.0,1536,8.28453116227e-06,1.12613206814e-05,2.66148974479e-05,0.999976995356,1.0000266149,3.3365089935e-08,1.10872631517e-07,0,3.04517930656e-05,264,2.00000016264,2.00000015942,1.60922418109e-09
256,1.9539254956232184,5150,1,pre,-1,1.5,768,5.56307201783e-06,7.18193700416e-06,1.53253979677e-05,0.999984674602,1.00000702089,0,0,0,2.26785115457e-05,264,2.00000016311,2.00000015943,1.83770695111e-09
256,1.9539254956232184,5150,1,pre,-1,3.0,1536,1.19638865769e-05,1.56450240845e-05,3.53967039541e-05,0.99996809115,1.0000353967,0,0,0,2.26785115457e-05,264,2.00000016311,2.00000015943,1.83770695111e-09
256,1.9539254956232184,5150,1,post,1,1.5,768,3.10573955212e-06,4.18468826627e-06,9.02485310417e-06,0.999990975147,1.00000400678,1.16773738333e-08,3.71273906549e-08,0,2.2983254483e-05,264,2.0000001631,2.00000015943,1.8370206113e-09
256,1.9539254956232184,5150,1,post,1,3.0,1536,8.11352836736e-06,1.10450643226e-05,2.59355678427e-05,0.999977077444,1.00002593557,3.26255864829e-08,1.07694839137e-07,0,2.2983254483e-05,264,2.0000001631,2.00000015943,1.8370206113e-09
256,1.9729436530655313,5200,1,pre,-1,1.5,768,5.26038172421e-06,6.82864667614e-06,1.47247052531e-05,0.999985275295,1.0000066864,0,0,0,1.47795711009e-05,264,2.00000016363,2.00000015944,2.0974749153e-09
256,1.9729436530655313,5200,1,pre,-1,3.0,1536,1.12900958884e-05,1.48061366037e-05,3.33539969539e-05,0.999969353637,1.000033354,0,0,0,1.47795711009e-05,264,2.00000016363,2.00000015944,2.0974749153e-09
256,1.9729436530655313,5200,1,post,1,1.5,768,2.9120438026e-06,3.97361947018e-06,8.64951384449e-06,0.999991350486,1.00000386643,1.10167282181e-08,3.59318531405e-08,0,1.50271573373e-05,264,2.00000016363,2.00000015944,2.09468936595e-09
256,1.9729436530655313,5200,1,post,1,3.0,1536,7.62737153354e-06,1.04296715844e-05,2.43601114294e-05,0.99997797733,1.00002436011,3.06141094076e-08,1.00801891823e-07,0,1.50271573373e-05,264,2.00000016363,2.00000015944,2.09468936595e-09
256,1.9919618105078447,5250,1,pre,-1,1.5,768,4.85947842084e-06,6.27172410638e-06,1.35318932611e-05,0.999986468107,1.00000615172,0,0,0,7.1459848397e-06,264,2.00000015921,2.00000015945,-1.22232436642e-10
256,1.9919618105078447,5250,1,pre,-1,3.0,1536,1.03062921378e-05,1.34784713614e-05,3.01226601014e-05,0.999971805674,1.00003012266,0,0,0,7.1459848397e-06,264,2.00000015921,2.00000015945,-1.22232436642e-10
256,1.9919618105078447,5250,1,post,1,1.5,768,2.68522191053e-06,3.66046455162e-06,7.91825242552e-06,0.999992081748,1.00000360834,1.03059741143e-08,3.32358977631e-08,0,7.3273249972e-06,264,2.00000015919,2.00000015945,-1.27315481333e-10
256,1.9919618105078447,5250,1,post,1,3.0,1536,6.94660243994e-06,9.47565856912e-06,2.19239608599e-05,0.999979743509,1.00002192396,2.78873421079e-08,9.03527764447e-08,0,7.3273249972e-06,264,2.00000015919,2.00000015945,-1.27315481333e-10
256,2.0109799679501581,5300,1,pre,-1,1.5,768,4.23144095528e-06,5.46493060039e-06,1.18680797225e-05,0.99998813192,1.00000541816,0,0,0,3.23692642987e-06,264,2.00000016269,2.00000015946,1.61314704278e-09
256,2.0109799679501581,5300,1,pre,-1,3.0,1536,8.94504626643e-06,1.17005646663e-05,2.6031344132e-05,0.999975210541,1.00002603134,0,0,0,3.23692642987e-06,264,2.00000016269,2.00000015946,1.61314704278e-09
256,2.0109799679501581,5300,1,post,1,1.5,768,2.33179952162e-06,3.18496117356e-06,6.90824787652e-06,0.999993091752,1.00000322445,9.04281940198e-09,2.93078480235e-08,0,3.10945268483e-06,264,2.00000016268,2.00000015946,1.60868106e-09
256,2.0109799679501581,5300,1,post,1,3.0,1536,6.01184400875e-06,8.20431007522e-06,1.88784103439e-05,0.999982202767,1.00001887841,2.40936708202e-08,7.74584149182e-08,0,3.10945268483e-06,264,2.00000016268,2.00000015946,1.60868106e-09
256,2.029998125392471,5350,1,pre,-1,1.5,768,3.30034673626e-06,4.41425627851e-06,9.97899346444e-06,0.999995760942,1.00000997899,0,0,0,9.89658086106e-06,260,2.0000001595,2.00000015947,1.69013678454e-11
256,2.029998125392471,5350,1,pre,-1,3.0,1536,7.18891916812e-06,9.53256360015e-06,2.08480512693e-05,0.999979170781,1.00002084805,0,0,0,9.89658086106e-06,260,2.0000001595,2.00000015947,1.69013678454e-11
256,2.029998125392471,5350,1,post,1,1.5,768,1.80858647578e-06,2.5551574293e-06,5.82562756746e-06,0.999997461489,1.00000582563,6.93329361308e-09,2.47572793811e-08,0,9.80365409613e-06,260,2.00000015951,2.00000015947,2.13105072139e-11
256,2.029998125392471,5350,1,post,1,3.0,1536,4.81325149066e-06,6.65806756444e-06,1.50190826855e-05,0.999984980917,1.00001495684,1.91627548146e-08,6.24036955894e-08,0,9.80365409613e-06,260,2.00000015951,2.00000015947,2.13105072139e-11
256,2.0490162828347844,5400,1,pre,-1,1.5,768,2.39033380669e-06,3.21471127363e-06,7.33465105296e-06,0.999997007903,1.00000733465,0,0,0,1.61924858305e-05,260,2.00000015952,2.00000015948,2.15336620239e-11
256,2.0490162828347844,5400,1,pre,-1,3.0,1536,5.32722888483e-06,7.10533096766e-06,1.57315227703e-05,0.999984268477,1.00001565818,0,0,0,1.61924858305e-05,260,2.00000015952,2.00000015948,2.15336620239e-11
256,2.0490162828347844,5400,1,post,1,1.5,768,1.31454522271e-06,1.85833050514e-06,4.27759767052e-06,0.999998228686,1.0000042776,4.90716796437e-09,1.77496777814e-08,0,1.61063852047e-05,260,2.00000015953,2.00000015948,2.51538769739e-11
256,2.0490162828347844,5400,1,post,1,3.0,1536,3.55305001936e-06,4.93389466052e-06,1.12662245005e-05,0.999988733775,1.00001114871,1.39992784533e-08,4.62078792521e-08,0,1.61063852047e-05,260,2.00000015953,2.00000015948,2.51538769739e-11
256,2.0680344402770974,5450,1,pre,-1,1.5,768,1.4530825728e-06,1.96516526263e-06,4.5487830489e-06,0.999998374303,1.00000454878,0,0,0,2.18051495461e-05,260,2.00000015955,2.00000015949,2.97817302606e-11
256,2.0680344402770974,5450,1,pre,-1,3.0,1536,3.35230571277e-06,4.51507773517e-06,1.00529669385e-05,0.999990022175,1.00001005297,0,0,0,2.18051495461e-05,260,2.00000015955,2.00000015949,2.97817302606e-11
256,2.0680344402770974,5450,1,post,1,1.5,768,8.03956149202e-07,1.13359320856e-06,2.67363296191e-06,0.999999059752,1.00000267363,2.84554358356e-09,1.06408557313e-08,0,2.17447289573e-05,260,2.00000015956,2.00000015949,3.27109424552e-11
256,2.0680344402770974,5450,1,post,1,3.0,1536,2.21516368491e-06,3.0952433934e-06,7.06612344259e-06,0.99999298448,1.00000706612,8.53947938124e-09,2.8743898605e-08,0,2.17447289573e-05,260,2.00000015956,2.00000015949,3.27109424552e-11
256,2.0870525977194108,5500,1,pre,-1,1.5,768,5.14621267964e-07,7.35551848763e-07,1.82464479836e-06,0.999999641508,1.00000182464,0,0,0,2.65107948665e-05,260,2.00000015957,2.0000001595,3.53728129666e-11
256,2.0870525977194108,5500,1,pre,-1,3.0,1536,1.34388434231e-06,1.88868378536e-06,4.52562531694e-06,0.999995834086,1.00000452563,0,0,0,2.65107948665e-05,260,2.00000015957,2.0000001595,3.53728129666e-11
256,2.0870525977194108,5500,1,post,1,1.5,768,2.86031846904e-07,4.22209421248e-07,1.07456184617e-06,0.999999797342,1.00000107456,8.29725440931e-10,3.7694971658e-09,0,2.64906929622e-05,260,2.00000015958,2.0000001595,3.78081979992e-11
256,2.0870525977194108,5500,1,post,1,3.0,1536,8.53250179522e-07,1.23489381436e-06,3.05517893606e-06,0.999997256909,1.00000305518,3.02372774843e-09,1.18848479322e-08,0,2.64906929622e-05,260,2.00000015958,2.0000001595,3.78081979992e-11
256,2.1060707551617237,5550,1,pre,-1,1.5,768,4.51412816528e-07,5.6709480372e-07,9.68359708642e-07,0.99999903164,1.00000086778,0,0,0,3.01826858416e-05,260,2.00000015963,2.00000015951,6.1920463814e-11
256,2.1060707551617237,5550,1,pre,-1,3.0,1536,7.04724991565e-07,8.59714694766e-07,1.82278255578e-06,0.999998964392,1.00000182278,0,0,0,3.01826858416e-05,260,2.00000015963,2.00000015951,6.1920463814e-11
256,2.1060707551617237,5550,1,post,1,1.5,768,2.81073098047e-07,3.65027239751e-07,6.50370769795e-07,0.999999349629,1.00000052281,1.12626285367e-09,2.90818839843e-09,0,3.02125965545e-05,260,2.00000015963,2.00000015951,6.29918289473e-11
256,2.1060707551617237,5550,1,post,1,3.0,1536,5.66701277932e-07,7.24612307276e-07,1.72494200545e-06,0.999998983294,1.00000172494,2.35761252177e-09,7.31010678032e-09,0,3.02125965545e-05,260,2.00000015963,2.00000015951,6.29918289473e-11
256,2.1250889126040371,5600,1,pre,-1,1.5,768,1.25949145379e-06,1.60519953964e-06,3.1909510424e-06,0.999996809049,1.00000193454,0,0,0,3.26091929795e-05,260,2.00000015957,2.00000015951,2.70885514619e-11
256,2.1250889126040371,5600,1,pre,-1,3.0,1536,2.50011285838e-06,3.18669268094e-06,7.1433579294e-06,0.999994081857,1.00000714336,0,0,0,3.26091929795e-05,260,2.00000015957,2.00000015951,2.70885514619e-11
256,2.1250889126040371,5600,1,post,1,1.5,768,7.057899999e-07,9.43449722186e-07,1.88463470463e-06,0.999998115365,1.00000113054,2.87783125201e-09,8.46761951008e-09,0,3.26906573674e-05,260,2.00000015957,2.00000015951,2.78912426447e-11
256,2.1250889126040371,5600,1,post,1,3.0,1536,1.75689161224e-06,2.3485727771e-06,5.55996937823e-06,0.999995534511,1.00000555997,7.41987006631e-09,2.40208472592e-08,0,3.26906573674e-05,260,2.00000015957,2.00000015951,2.78912426447e-11
256,2.14410707004635,5650,1,pre,-1,1.5,768,2.02414541263e-06,2.5960063037e-06,5.33116064028e-06,0.999994668839,1.00000285893,0,0,0,3.38044323051e-05,260,2.00000015956,2.00000015952,1.93507416866e-11
256,2.14410707004635,5650,1,pre,-1,3.0,1536,4.18297259449e-06,5.39511686808e-06,1.21666796815e-05,0.999989549933,1.00001216668,0,0,0,3.38044323051e-05,260,2.00000015956,2.00000015952,1.93507416866e-11
256,2.14410707004635,5650,1,post,1,1.5,768,1.13457563262e-06,1.51701465859e-06,3.14325731521e-06,0.999996856743,1.00000164796,4.45626720319e-09,1.35228125833e-08,0,3.39351906559e-05,260,2.00000015956,2.00000015952,1.97881695234e-11
256,2.14410707004635,5650,1,post,1,3.0,1536,2.89312953026e-06,3.89752836215e-06,9.21290771916e-06,0.999992319243,1.00000921291,1.19768512657e-08,3.91174076048e-08,0,3.39351906559e-05,260,2.00000015956,2.00000015952,1.97881695234e-11
256,2.1631252274886634,5700,1,pre,-1,1.5,768,2.6846527667e-06,3.45427927735e-06,7.1896336139e-06,0.999992810366,1.00000363134,0,0,0,3.3740370337e-05,260,2.00000015954,2.00000015952,8.85424995978e-12
256,2.1631252274886634,5700,1,pre,-1,3.0,1536,5.64386469918e-06,7.32020409911e-06,1.65241384344e-05,0.999985569362,1.00001652414,0,0,0,3.3740370337e-05,260,2.00000015954,2.00000015952,8.85424995978e-12
256,2.1631252274886634,5700,1,post,1,1.5,768,1.50498927902e-06,2.01476424872e-06,4.23867868027e-06,0.999995761321,1.00000207879,5.79914413564e-09,1.78673374412e-08,0,3.39131775379e-05,260,2.00000015954,2.00000015952,8.8296030106e-12
256,2.1631252274886634,5700,1,post,1,3.0,1536,3.8788390276e-06,5.24654051721e-06,1.23677746418e-05,0.999989489277,1.00001236777,1.58911549552e-08,5.21095797693e-08,0,3.39131775379e-05,260,2.00000015954,2.00000015952,8.8296030106e-12
256,2.1821433849309764,5750,1,pre,-1,1.5,768,3.22258602785e-06,4.15699982362e-06,8.73522352673e-06,0.999991264776,1.0000042584,0,0,0,3.24244394335e-05,260,2.00000015951,2.00000015952,-4.29611867343e-12
256,2.1821433849309764,5750,1,pre,-1,3.0,1536,6.83726840229e-06,8.89816450926e-06,2.00966874764e-05,0.999982260369,1.00002009669,0,0,0,3.24244394335e-05,260,2.00000015951,2.00000015952,-4.29611867343e-12
256,2.1821433849309764,5750,1,post,1,1.5,768,1.8052332543e-06,2.42242054926e-06,5.1523874367e-06,0.999994847613,1.0000024287,6.88038431457e-09,2.14965660238e-08,0,3.26283524106e-05,260,2.00000015951,2.00000015952,-4.7535305231e-12
256,2.1821433849309764,5750,1,post,1,3.0,1536,4.68039464877e-06,6.34774702889e-06,1.49440655866e-05,0.999987137121,1.00001494407,1.90556844771e-08,6.26654293803e-08,0,3.26283524106e-05,260,2.00000015951,2.00000015952,-4.7535305231e-12
256,2.2011615423732898,5800,1,pre,-1,1.5,768,3.62437078832e-06,4.68819333601e-06,9.9235544011e-06,0.999990076446,1.00000472011,0,0,0,2.99410273228e-05,260,2.00000015945,2.00000015952,-3.05808687296e-11
256,2.2011615423732898,5800,1,pre,-1,3.0,1536,7.73105833349e-06,1.00867275439e-05,2.27695775616e-05,0.999979700805,1.00002276958,0,0,0,2.99410273228e-05,260,2.00000015945,2.00000015952,-3.05808687296e-11
256,2.2011615423732898,5800,1,post,1,1.5,768,2.02722029639e-06,2.73042774871e-06,5.85387029706e-06,0.99999414613,1.00000269187,7.6783116886e-09,2.43208186975e-08,0,3.01628705781e-05,260,2.00000015945,2.00000015952,-3.14719336581e-11
256,2.2011615423732898,5800,1,post,1,3.0,1536,5.2760578006e-06,7.17198485841e-06,1.6854455942e-05,0.999985324276,1.00001685446,2.1389183153e-08,7.04227902208e-08,0,3.01628705781e-05,260,2.00000015945,2.00000015952,-3.14719336581e-11
256,2.2201796998156027,5850,1,pre,-1,1.5,768,3.88119344092e-06,5.03704785824e-06,1.07285277376e-05,0.999989271472,1.00000501076,0,0,0,2.64439227049e-05,260,2.00000015936,2.00000015951,-7.61637359054e-11
256,2.2201796998156027,5850,1,pre,-1,3.0,1536,8.30531074024e-06,1.0859994242e-05,2.44729239707e-05,0.999977947578,1.00002447292,0,0,0,2.64439227049e-05,260,2.00000015936,2.00000015951,-7.61637359054e-11
256,2.2201796998156027,5850,1,post,1,1.5,768,2.16583344048e-06,2.93231017762e-06,6.32616540408e-06,0.999993673835,1.00000286532,8.17908163243e-09,2.62681988591e-08,0,2.66692249233e-05,260,2.00000015936,2.00000015951,-7.74835689318e-11
256,2.2201796998156027,5850,1,post,1,3.0,1536,5.65269857452e-06,7.70176018576e-06,1.80489702082e-05,0.999984083202,1.00001804897,2.28436099779e-08,7.51770439095e-08,0,2.66692249233e-05,260,2.00000015936,2.00000015951,-7.74835689318e-11
256,2.2391978572579161,5900,1,pre,-1,1.5,768,4.05410576743e-06,5.22311973936e-06,1.11422722285e-05,0.999988857728,1.00000513243,0,0,0,2.21975495712e-05,263,2.00000016424,2.00000015951,2.36900524733e-09
256,2.2391978572579161,5900,1,pre,-1,3.0,1536,8.60583276052e-06,1.12215138903e-05,2.51967770573e-05,0.999977028616,1.00002519678,0,0,0,2.21975495712e-05,263,2.00000016424,2.00000015951,2.36900524733e-09
256,2.2391978572579161,5900,1,post,1,1.5,768,2.25518402739e-06,3.0467948248e-06,6.56259307996e-06,0.999993437407,1.00000295009,8.57544150907e-09,2.73085379345e-08,0,2.24106900299e-05,263,2.00000016424,2.00000015951,2.36792833108e-09
256,2.2391978572579161,5900,1,post,1,3.0,1536,5.84336139043e-06,7.94247684653e-06,1.85237314236e-05,0.999983436728,1.00001852373,2.35843466939e-08,7.69227757012e-08,0,2.24106900299e-05,263,2.00000016424,2.00000015951,2.36792833108e-09
256,2.2426211255975321,5909,1,pre,-1,1.5,768,3.93363758962e-06,5.09933871313e-06,1.09682741875e-05,0.999989031726,1.00000487164,0,0,0,2.46606226681e-05,264,2.00000016245,2.00000015951,1.47332134733e-09
256,2.2426211255975321,5909,1,pre,-1,3.0,1536,8.5912670998e-06,1.12750320614e-05,2.53865294404e-05,0.99997679682,1.00002538653,0,0,0,2.46606226681e-05,264,2.00000016245,2.00000015951,1.47332134733e-09
256,2.2426211255975321,5909,1,post,1,1.5,768,2.17428692613e-06,2.93501871693e-06,6.40701248855e-06,0.999993592988,1.00000270172,7.5394179202e-09,2.46537880562e-08,0,2.48704364906e-05,264,2.00000016244,2.00000015951,1.46932010387e-09
256,2.2426211255975321,5909,1,post,1,3.0,1536,5.81030275621e-06,7.94795113702e-06,1.86794402581e-05,0.999983433425,1.00001867944,2.32485364451e-08,7.76948578494e-08,0,2.48704364906e-05,264,2.00000016244,2.00000015951,1.46932010387e-09
