method,phase_index,phase_label,target_time,actual_time,segment_id,x1,y1,x2,y2
clsvof,0,0,0.0,0.0,0,0.0195312,0.0933823,0.0170603,0.09375
clsvof,0,0,0.0,0.0,1,-0.0195312,0.0933823,-0.0170603,0.09375
clsvof,0,0,0.0,0.0,2,0.0195312,-0.0933823,0.0170603,-0.09375
clsvof,0,0,0.0,0.0,3,-0.0195312,-0.0933823,-0.0170603,-0.09375
clsvof,0,0,0.0,0.0,4,0.0195312,0.0933827,0.0234375,0.092666
clsvof,0,0,0.0,0.0,5,-0.0195312,0.0933827,-0.0234375,0.092666
clsvof,0,0,0.0,0.0,6,0.0195312,-0.0933827,0.0234375,-0.092666
clsvof,0,0,0.0,0.0,7,-0.0195312,-0.0933827,-0.0234375,-0.092666
clsvof,0,0,0.0,0.0,8,0.0234375,0.0926671,0.0273438,0.0918117
clsvof,0,0,0.0,0.0,9,-0.0234375,0.0926671,-0.0273438,0.0918117
clsvof,0,0,0.0,0.0,10,0.0234375,-0.0926671,0.0273438,-0.0918117
clsvof,0,0,0.0,0.0,11,-0.0234375,-0.0926671,-0.0273438,-0.0918117
clsvof,0,0,0.0,0.0,12,0.0273438,0.0918127,0.03125,0.0908147
clsvof,0,0,0.0,0.0,13,-0.0273438,0.0918127,-0.03125,0.0908147
clsvof,0,0,0.0,0.0,14,0.0273438,-0.0918127,0.03125,-0.0908147
clsvof,0,0,0.0,0.0,15,-0.0273438,-0.0918127,-0.03125,-0.0908147
clsvof,0,0,0.0,0.0,16,0.0,0.0949842,0.00390625,0.0949206
clsvof,0,0,0.0,0.0,17,-0.0,0.0949842,-0.00390625,0.0949206
clsvof,0,0,0.0,0.0,18,0.0,-0.0949842,0.00390625,-0.0949206
clsvof,0,0,0.0,0.0,19,-0.0,-0.0949842,-0.00390625,-0.0949206
clsvof,0,0,0.0,0.0,20,0.00390625,0.0949208,0.0078125,0.0947299
clsvof,0,0,0.0,0.0,21,-0.00390625,0.0949208,-0.0078125,0.0947299
clsvof,0,0,0.0,0.0,22,0.00390625,-0.0949208,0.0078125,-0.0947299
clsvof,0,0,0.0,0.0,23,-0.00390625,-0.0949208,-0.0078125,-0.0947299
clsvof,0,0,0.0,0.0,24,0.0078125,0.0947302,0.0117188,0.094411
clsvof,0,0,0.0,0.0,25,-0.0078125,0.0947302,-0.0117188,0.094411
clsvof,0,0,0.0,0.0,26,0.0078125,-0.0947302,0.0117188,-0.094411
clsvof,0,0,0.0,0.0,27,-0.0078125,-0.0947302,-0.0117188,-0.094411
clsvof,0,0,0.0,0.0,28,0.0117188,0.0944114,0.015625,0.0939625
clsvof,0,0,0.0,0.0,29,-0.0117188,0.0944114,-0.015625,0.0939625
clsvof,0,0,0.0,0.0,30,0.0117188,-0.0944114,0.015625,-0.0939625
clsvof,0,0,0.0,0.0,31,-0.0117188,-0.0944114,-0.015625,-0.0939625
clsvof,0,0,0.0,0.0,32,0.015625,0.0939632,0.0170577,0.09375
clsvof,0,0,0.0,0.0,33,-0.015625,0.0939632,-0.0170577,0.09375
clsvof,0,0,0.0,0.0,34,0.015625,-0.0939632,0.0170577,-0.09375
clsvof,0,0,0.0,0.0,35,-0.015625,-0.0939632,-0.0170577,-0.09375
clsvof,0,0,0.0,0.0,36,0.0351562,0.0896705,0.0345666,0.0898438
clsvof,0,0,0.0,0.0,37,-0.0351562,0.0896705,-0.0345666,0.0898438
clsvof,0,0,0.0,0.0,38,0.0351562,-0.0896705,0.0345666,-0.0898438
clsvof,0,0,0.0,0.0,39,-0.0351562,-0.0896705,-0.0345666,-0.0898438
clsvof,0,0,0.0,0.0,40,0.03125,0.090817,0.0345628,0.0898438
clsvof,0,0,0.0,0.0,41,-0.03125,0.090817,-0.0345628,0.0898438
clsvof,0,0,0.0,0.0,42,0.03125,-0.090817,0.0345628,-0.0898438
clsvof,0,0,0.0,0.0,43,-0.03125,-0.090817,-0.0345628,-0.0898438
clsvof,0,0,0.0,0.0,44,0.0351562,0.0896706,0.0390625,0.0883666
clsvof,0,0,0.0,0.0,45,-0.0351562,0.0896706,-0.0390625,0.0883666
clsvof,0,0,0.0,0.0,46,0.0351562,-0.0896706,0.0390625,-0.0883666
clsvof,0,0,0.0,0.0,47,-0.0351562,-0.0896706,-0.0390625,-0.0883666
clsvof,0,0,0.0,0.0,48,0.046875,0.0852696,0.0452841,0.0859375
clsvof,0,0,0.0,0.0,49,-0.046875,0.0852696,-0.0452841,0.0859375
clsvof,0,0,0.0,0.0,50,0.046875,-0.0852696,0.0452841,-0.0859375
clsvof,0,0,0.0,0.0,51,-0.046875,-0.0852696,-0.0452841,-0.0859375
clsvof,0,0,0.0,0.0,52,0.0390625,0.0883677,0.0429688,0.0869028
clsvof,0,0,0.0,0.0,53,-0.0390625,0.0883677,-0.0429688,0.0869028
clsvof,0,0,0.0,0.0,54,0.0390625,-0.0883677,0.0429688,-0.0869028
clsvof,0,0,0.0,0.0,55,-0.0390625,-0.0883677,-0.0429688,-0.0869028
clsvof,0,0,0.0,0.0,56,0.0429688,0.0869078,0.0452802,0.0859375
clsvof,0,0,0.0,0.0,57,-0.0429688,0.0869078,-0.0452802,0.0859375
clsvof,0,0,0.0,0.0,58,0.0429688,-0.0869078,0.0452802,-0.0859375
clsvof,0,0,0.0,0.0,59,-0.0429688,-0.0869078,-0.0452802,-0.0859375
clsvof,0,0,0.0,0.0,60,0.0625,0.076741,0.060309,0.078125
clsvof,0,0,0.0,0.0,61,-0.0625,0.076741,-0.060309,0.078125
clsvof,0,0,0.0,0.0,62,0.0625,-0.076741,0.060309,-0.078125
clsvof,0,0,0.0,0.0,63,-0.0625,-0.076741,-0.060309,-0.078125
clsvof,0,0,0.0,0.0,64,0.046875,0.0852673,0.0507812,0.083444
clsvof,0,0,0.0,0.0,65,-0.046875,0.0852673,-0.0507812,0.083444
clsvof,0,0,0.0,0.0,66,0.046875,-0.0852673,0.0507812,-0.083444
clsvof,0,0,0.0,0.0,67,-0.046875,-0.0852673,-0.0507812,-0.083444
clsvof,0,0,0.0,0.0,68,0.0546875,0.0814331,0.0535317,0.0820312
clsvof,0,0,0.0,0.0,69,-0.0546875,0.0814331,-0.0535317,0.0820312
clsvof,0,0,0.0,0.0,70,0.0546875,-0.0814331,0.0535317,-0.0820312
clsvof,0,0,0.0,0.0,71,-0.0546875,-0.0814331,-0.0535317,-0.0820312
clsvof,0,0,0.0,0.0,72,0.0507812,0.0834519,0.0535265,0.0820312
clsvof,0,0,0.0,0.0,73,-0.0507812,0.0834519,-0.0535265,0.0820312
clsvof,0,0,0.0,0.0,74,0.0507812,-0.0834519,0.0535265,-0.0820312
clsvof,0,0,0.0,0.0,75,-0.0507812,-0.0834519,-0.0535265,-0.0820312
clsvof,0,0,0.0,0.0,76,0.0546875,0.0814295,0.0585938,0.0791956
clsvof,0,0,0.0,0.0,77,-0.0546875,0.0814295,-0.0585938,0.0791956
clsvof,0,0,0.0,0.0,78,0.0546875,-0.0814295,0.0585938,-0.0791956
clsvof,0,0,0.0,0.0,79,-0.0546875,-0.0814295,-0.0585938,-0.0791956
clsvof,0,0,0.0,0.0,80,0.0585938,0.0792062,0.0603079,0.078125
clsvof,0,0,0.0,0.0,81,-0.0585938,0.0792062,-0.0603079,0.078125
clsvof,0,0,0.0,0.0,82,0.0585938,-0.0792062,0.0603079,-0.078125
clsvof,0,0,0.0,0.0,83,-0.0585938,-0.0792062,-0.0603079,-0.078125
clsvof,0,0,0.0,0.0,84,0.09375,0.0431926,0.0916057,0.046875
clsvof,0,0,0.0,0.0,85,-0.09375,0.0431926,-0.0916057,0.046875
clsvof,0,0,0.0,0.0,86,0.09375,-0.0431926,0.0916057,-0.046875
clsvof,0,0,0.0,0.0,87,-0.09375,-0.0431926,-0.0916057,-0.046875
clsvof,0,0,0.0,0.0,88,0.0820312,0.0597571,0.0795556,0.0625
clsvof,0,0,0.0,0.0,89,-0.0820312,0.0597571,-0.0795556,0.0625
clsvof,0,0,0.0,0.0,90,0.0820312,-0.0597571,0.0795556,-0.0625
clsvof,0,0,0.0,0.0,91,-0.0820312,-0.0597571,-0.0795556,-0.0625
clsvof,0,0,0.0,0.0,92,0.0859375,0.0550548,0.0830715,0.0585938
clsvof,0,0,0.0,0.0,93,-0.0859375,0.0550548,-0.0830715,0.0585938
clsvof,0,0,0.0,0.0,94,0.0859375,-0.0550548,0.0830715,-0.0585938
clsvof,0,0,0.0,0.0,95,-0.0859375,-0.0550548,-0.0830715,-0.0585938
clsvof,0,0,0.0,0.0,96,0.0820312,0.0597818,0.0830621,0.0585938
clsvof,0,0,0.0,0.0,97,-0.0820312,0.0597818,-0.0830621,0.0585938
clsvof,0,0,0.0,0.0,98,0.0820312,-0.0597818,0.0830621,-0.0585938
clsvof,0,0,0.0,0.0,99,-0.0820312,-0.0597818,-0.0830621,-0.0585938
clsvof,0,0,0.0,0.0,100,0.0898438,0.0495961,0.0890711,0.0507812
clsvof,0,0,0.0,0.0,101,-0.0898438,0.0495961,-0.0890711,0.0507812
clsvof,0,0,0.0,0.0,102,0.0898438,-0.0495961,0.0890711,-0.0507812
clsvof,0,0,0.0,0.0,103,-0.0898438,-0.0495961,-0.0890711,-0.0507812
clsvof,0,0,0.0,0.0,104,0.0890681,0.0507812,0.0862237,0.0546875
clsvof,0,0,0.0,0.0,105,-0.0890681,0.0507812,-0.0862237,0.0546875
clsvof,0,0,0.0,0.0,106,0.0890681,-0.0507812,0.0862237,-0.0546875
clsvof,0,0,0.0,0.0,107,-0.0890681,-0.0507812,-0.0862237,-0.0546875
clsvof,0,0,0.0,0.0,108,0.0898438,0.0495897,0.0916149,0.046875
clsvof,0,0,0.0,0.0,109,-0.0898438,0.0495897,-0.0916149,0.046875
clsvof,0,0,0.0,0.0,110,0.0898438,-0.0495897,0.0916149,-0.046875
clsvof,0,0,0.0,0.0,111,-0.0898438,-0.0495897,-0.0916149,-0.046875
clsvof,0,0,0.0,0.0,112,0.0859375,0.0550648,0.0862289,0.0546875
clsvof,0,0,0.0,0.0,113,-0.0859375,0.0550648,-0.0862289,0.0546875
clsvof,0,0,0.0,0.0,114,0.0859375,-0.0550648,0.0862289,-0.0546875
clsvof,0,0,0.0,0.0,115,-0.0859375,-0.0550648,-0.0862289,-0.0546875
clsvof,0,0,0.0,0.0,116,0.104978,0.0,0.104892,0.00390625
clsvof,0,0,0.0,0.0,117,-0.104978,0.0,-0.104892,0.00390625
clsvof,0,0,0.0,0.0,118,0.104978,-0.0,0.104892,-0.00390625
clsvof,0,0,0.0,0.0,119,-0.104978,-0.0,-0.104892,-0.00390625
clsvof,0,0,0.0,0.0,120,0.104892,0.00390625,0.104631,0.0078125
clsvof,0,0,0.0,0.0,121,-0.104892,0.00390625,-0.104631,0.0078125
clsvof,0,0,0.0,0.0,122,0.104892,-0.00390625,0.104631,-0.0078125
clsvof,0,0,0.0,0.0,123,-0.104892,-0.00390625,-0.104631,-0.0078125
clsvof,0,0,0.0,0.0,124,0.104632,0.0078125,0.104196,0.0117188
clsvof,0,0,0.0,0.0,125,-0.104632,0.0078125,-0.104196,0.0117188
clsvof,0,0,0.0,0.0,126,0.104632,-0.0078125,0.104196,-0.0117188
clsvof,0,0,0.0,0.0,127,-0.104632,-0.0078125,-0.104196,-0.0117188
clsvof,0,0,0.0,0.0,128,0.104197,0.0117188,0.103583,0.015625
clsvof,0,0,0.0,0.0,129,-0.104197,0.0117188,-0.103583,0.015625
clsvof,0,0,0.0,0.0,130,0.104197,-0.0117188,0.103583,-0.015625
clsvof,0,0,0.0,0.0,131,-0.104197,-0.0117188,-0.103583,-0.015625
clsvof,0,0,0.0,0.0,132,0.101562,0.0242774,0.100642,0.0273438
clsvof,0,0,0.0,0.0,133,-0.101562,0.0242774,-0.100642,0.0273438
clsvof,0,0,0.0,0.0,134,0.101562,-0.0242774,0.100642,-0.0273438
clsvof,0,0,0.0,0.0,135,-0.101562,-0.0242774,-0.100642,-0.0273438
clsvof,0,0,0.0,0.0,136,0.100642,0.0273438,0.0992713,0.03125
clsvof,0,0,0.0,0.0,137,-0.100642,0.0273438,-0.0992713,0.03125
clsvof,0,0,0.0,0.0,138,0.100642,-0.0273438,0.0992713,-0.03125
clsvof,0,0,0.0,0.0,139,-0.100642,-0.0273438,-0.0992713,-0.03125
clsvof,0,0,0.0,0.0,140,0.103584,0.015625,0.10279,0.0195312
clsvof,0,0,0.0,0.0,141,-0.103584,0.015625,-0.10279,0.0195312
clsvof,0,0,0.0,0.0,142,0.103584,-0.015625,0.10279,-0.0195312
clsvof,0,0,0.0,0.0,143,-0.103584,-0.015625,-0.10279,-0.0195312
clsvof,0,0,0.0,0.0,144,0.102791,0.0195312,0.101811,0.0234375
clsvof,0,0,0.0,0.0,145,-0.102791,0.0195312,-0.101811,0.0234375
clsvof,0,0,0.0,0.0,146,0.102791,-0.0195312,0.101811,-0.0234375
clsvof,0,0,0.0,0.0,147,-0.102791,-0.0195312,-0.101811,-0.0234375
clsvof,0,0,0.0,0.0,148,0.101562,0.0242751,0.101814,0.0234375
clsvof,0,0,0.0,0.0,149,-0.101562,0.0242751,-0.101814,0.0234375
clsvof,0,0,0.0,0.0,150,0.101562,-0.0242751,0.101814,-0.0234375
clsvof,0,0,0.0,0.0,151,-0.101562,-0.0242751,-0.101814,-0.0234375
clsvof,0,0,0.0,0.0,152,0.0976562,0.0352512,0.0959026,0.0390625
clsvof,0,0,0.0,0.0,153,-0.0976562,0.0352512,-0.0959026,0.0390625
clsvof,0,0,0.0,0.0,154,0.0976562,-0.0352512,0.0959026,-0.0390625
clsvof,0,0,0.0,0.0,155,-0.0976562,-0.0352512,-0.0959026,-0.0390625
clsvof,0,0,0.0,0.0,156,0.0992748,0.03125,0.097697,0.0351562
clsvof,0,0,0.0,0.0,157,-0.0992748,0.03125,-0.097697,0.0351562
clsvof,0,0,0.0,0.0,158,0.0992748,-0.03125,0.097697,-0.0351562
clsvof,0,0,0.0,0.0,159,-0.0992748,-0.03125,-0.097697,-0.0351562
clsvof,0,0,0.0,0.0,160,0.0976562,0.0352515,0.0977001,0.0351562
clsvof,0,0,0.0,0.0,161,-0.0976562,0.0352515,-0.0977001,0.0351562
clsvof,0,0,0.0,0.0,162,0.0976562,-0.0352515,0.0977001,-0.0351562
clsvof,0,0,0.0,0.0,163,-0.0976562,-0.0352515,-0.0977001,-0.0351562
clsvof,0,0,0.0,0.0,164,0.0959057,0.0390625,0.0938767,0.0429688
clsvof,0,0,0.0,0.0,165,-0.0959057,0.0390625,-0.0938767,0.0429688
clsvof,0,0,0.0,0.0,166,0.0959057,-0.0390625,0.0938767,-0.0429688
clsvof,0,0,0.0,0.0,167,-0.0959057,-0.0390625,-0.0938767,-0.0429688
clsvof,0,0,0.0,0.0,168,0.09375,0.0431991,0.0938807,0.0429688
clsvof,0,0,0.0,0.0,169,-0.09375,0.0431991,-0.0938807,0.0429688
clsvof,0,0,0.0,0.0,170,0.09375,-0.0431991,0.0938807,-0.0429688
clsvof,0,0,0.0,0.0,171,-0.09375,-0.0431991,-0.0938807,-0.0429688
clsvof,0,0,0.0,0.0,172,0.0664062,0.074018,0.0661232,0.0742188
clsvof,0,0,0.0,0.0,173,-0.0664062,0.074018,-0.0661232,0.0742188
clsvof,0,0,0.0,0.0,174,0.0664062,-0.074018,0.0661232,-0.0742188
clsvof,0,0,0.0,0.0,175,-0.0664062,-0.074018,-0.0661232,-0.0742188
clsvof,0,0,0.0,0.0,176,0.0625,0.0767429,0.0661095,0.0742188
clsvof,0,0,0.0,0.0,177,-0.0625,0.0767429,-0.0661095,0.0742188
clsvof,0,0,0.0,0.0,178,0.0625,-0.0767429,0.0661095,-0.0742188
clsvof,0,0,0.0,0.0,179,-0.0625,-0.0767429,-0.0661095,-0.0742188
clsvof,0,0,0.0,0.0,180,0.0664062,0.0740181,0.0703125,0.0710032
clsvof,0,0,0.0,0.0,181,-0.0664062,0.0740181,-0.0703125,0.0710032
clsvof,0,0,0.0,0.0,182,0.0664062,-0.0740181,0.0703125,-0.0710032
clsvof,0,0,0.0,0.0,183,-0.0664062,-0.0740181,-0.0703125,-0.0710032
clsvof,0,0,0.0,0.0,184,0.0742188,0.0676777,0.0711381,0.0703125
clsvof,0,0,0.0,0.0,185,-0.0742188,0.0676777,-0.0711381,0.0703125
clsvof,0,0,0.0,0.0,186,0.0742188,-0.0676777,0.0711381,-0.0703125
clsvof,0,0,0.0,0.0,187,-0.0742188,-0.0676777,-0.0711381,-0.0703125
clsvof,0,0,0.0,0.0,188,0.078125,0.0639552,0.0755804,0.0664062
clsvof,0,0,0.0,0.0,189,-0.078125,0.0639552,-0.0755804,0.0664062
clsvof,0,0,0.0,0.0,190,0.078125,-0.0639552,0.0755804,-0.0664062
clsvof,0,0,0.0,0.0,191,-0.078125,-0.0639552,-0.0755804,-0.0664062
clsvof,0,0,0.0,0.0,192,0.0742188,0.0676638,0.0755901,0.0664062
clsvof,0,0,0.0,0.0,193,-0.0742188,0.0676638,-0.0755901,0.0664062
clsvof,0,0,0.0,0.0,194,0.0742188,-0.0676638,0.0755901,-0.0664062
clsvof,0,0,0.0,0.0,195,-0.0742188,-0.0676638,-0.0755901,-0.0664062
clsvof,0,0,0.0,0.0,196,0.0703125,0.0710029,0.071155,0.0703125
clsvof,0,0,0.0,0.0,197,-0.0703125,0.0710029,-0.071155,0.0703125
clsvof,0,0,0.0,0.0,198,0.0703125,-0.0710029,0.071155,-0.0703125
clsvof,0,0,0.0,0.0,199,-0.0703125,-0.0710029,-0.071155,-0.0703125
clsvof,0,0,0.0,0.0,200,0.078125,0.0639481,0.0795348,0.0625
clsvof,0,0,0.0,0.0,201,-0.078125,0.0639481,-0.0795348,0.0625
clsvof,0,0,0.0,0.0,202,0.078125,-0.0639481,0.0795348,-0.0625
clsvof,0,0,0.0,0.0,203,-0.078125,-0.0639481,-0.0795348,-0.0625
clsvof,1,T/4,0.02028903029296296,0.02028903029296296,0,0.0,0.100053,0.00390625,0.0999754
clsvof,1,T/4,0.02028903029296296,0.02028903029296296,1,-0.0,0.100053,-0.00390625,0.0999754
clsvof,1,T/4,0.02028903029296296,0.02028903029296296,2,0.0,-0.100053,0.00390625,-0.0999754
clsvof,1,T/4,0.02028903029296296,0.02028903029296296,3,-0.0,-0.100053,-0.00390625,-0.0999754
clsvof,1,T/4,0.02028903029296296,0.02028903029296296,4,0.00390625,0.0999754,0.0078125,0.0997429
clsvof,1,T/4,0.02028903029296296,0.02028903029296296,5,-0.00390625,0.0999754,-0.0078125,0.0997429
clsvof,1,T/4,0.02028903029296296,0.02028903029296296,6,0.00390625,-0.0999754,0.0078125,-0.0997429
clsvof,1,T/4,0.02028903029296296,0.02028903029296296,7,-0.00390625,-0.0999754,-0.0078125,-0.0997429
clsvof,1,T/4,0.02028903029296296,0.02028903029296296,8,0.0078125,0.0997434,0.0117188,0.0993547
clsvof,1,T/4,0.02028903029296296,0.02028903029296296,9,-0.0078125,0.0997434,-0.0117188,0.0993547
clsvof,1,T/4,0.02028903029296296,0.02028903029296296,10,0.0078125,-0.0997434,0.0117188,-0.0993547
clsvof,1,T/4,0.02028903029296296,0.02028903029296296,11,-0.0078125,-0.0997434,-0.0117188,-0.0993547
clsvof,1,T/4,0.02028903029296296,0.02028903029296296,12,0.0117188,0.0993535,0.015625,0.0988103
clsvof,1,T/4,0.02028903029296296,0.02028903029296296,13,-0.0117188,0.0993535,-0.015625,0.0988103
clsvof,1,T/4,0.02028903029296296,0.02028903029296296,14,0.0117188,-0.0993535,0.015625,-0.0988103
clsvof,1,T/4,0.02028903029296296,0.02028903029296296,15,-0.0117188,-0.0993535,-0.015625,-0.0988103
clsvof,1,T/4,0.02028903029296296,0.02028903029296296,16,0.015625,0.0988183,0.0195312,0.0981069
clsvof,1,T/4,0.02028903029296296,0.02028903029296296,17,-0.015625,0.0988183,-0.0195312,0.0981069
clsvof,1,T/4,0.02028903029296296,0.02028903029296296,18,0.015625,-0.0988183,0.0195312,-0.0981069
clsvof,1,T/4,0.02028903029296296,0.02028903029296296,19,-0.015625,-0.0988183,-0.0195312,-0.0981069
clsvof,1,T/4,0.02028903029296296,0.02028903029296296,20,0.0234375,0.0972112,0.0214604,0.0976562
clsvof,1,T/4,0.02028903029296296,0.02028903029296296,21,-0.0234375,0.0972112,-0.0214604,0.0976562
clsvof,1,T/4,0.02028903029296296,0.02028903029296296,22,0.0234375,-0.0972112,0.0214604,-0.0976562
clsvof,1,T/4,0.02028903029296296,0.02028903029296296,23,-0.0234375,-0.0972112,-0.0214604,-0.0976562
clsvof,1,T/4,0.02028903029296296,0.02028903029296296,24,0.0195312,0.0981069,0.0215331,0.0976562
clsvof,1,T/4,0.02028903029296296,0.02028903029296296,25,-0.0195312,0.0981069,-0.0215331,0.0976562
clsvof,1,T/4,0.02028903029296296,0.02028903029296296,26,0.0195312,-0.0981069,0.0215331,-0.0976562
clsvof,1,T/4,0.02028903029296296,0.02028903029296296,27,-0.0195312,-0.0981069,-0.0215331,-0.0976562
clsvof,1,T/4,0.02028903029296296,0.02028903029296296,28,0.0234375,0.0972237,0.0273438,0.0961841
clsvof,1,T/4,0.02028903029296296,0.02028903029296296,29,-0.0234375,0.0972237,-0.0273438,0.0961841
clsvof,1,T/4,0.02028903029296296,0.02028903029296296,30,0.0234375,-0.0972237,0.0273438,-0.0961841
clsvof,1,T/4,0.02028903029296296,0.02028903029296296,31,-0.0234375,-0.0972237,-0.0273438,-0.0961841
clsvof,1,T/4,0.02028903029296296,0.02028903029296296,32,0.0273438,0.0961841,0.03125,0.0949758
clsvof,1,T/4,0.02028903029296296,0.02028903029296296,33,-0.0273438,0.0961841,-0.03125,0.0949758
clsvof,1,T/4,0.02028903029296296,0.02028903029296296,34,0.0273438,-0.0961841,0.03125,-0.0949758
clsvof,1,T/4,0.02028903029296296,0.02028903029296296,35,-0.0273438,-0.0961841,-0.03125,-0.0949758
clsvof,1,T/4,0.02028903029296296,0.02028903029296296,36,0.0351562,0.0935665,0.0346384,0.09375
clsvof,1,T/4,0.02028903029296296,0.02028903029296296,37,-0.0351562,0.0935665,-0.0346384,0.09375
clsvof,1,T/4,0.02028903029296296,0.02028903029296296,38,0.0351562,-0.0935665,0.0346384,-0.09375
clsvof,1,T/4,0.02028903029296296,0.02028903029296296,39,-0.0351562,-0.0935665,-0.0346384,-0.09375
clsvof,1,T/4,0.02028903029296296,0.02028903029296296,40,0.0351562,0.0935908,0.0390625,0.0920307
clsvof,1,T/4,0.02028903029296296,0.02028903029296296,41,-0.0351562,0.0935908,-0.0390625,0.0920307
clsvof,1,T/4,0.02028903029296296,0.02028903029296296,42,0.0351562,-0.0935908,0.0390625,-0.0920307
clsvof,1,T/4,0.02028903029296296,0.02028903029296296,43,-0.0351562,-0.0935908,-0.0390625,-0.0920307
clsvof,1,T/4,0.02028903029296296,0.02028903029296296,44,0.0390625,0.0920483,0.0429688,0.090286
clsvof,1,T/4,0.02028903029296296,0.02028903029296296,45,-0.0390625,0.0920483,-0.0429688,0.090286
clsvof,1,T/4,0.02028903029296296,0.02028903029296296,46,0.0390625,-0.0920483,0.0429688,-0.090286
clsvof,1,T/4,0.02028903029296296,0.02028903029296296,47,-0.0390625,-0.0920483,-0.0429688,-0.090286
clsvof,1,T/4,0.02028903029296296,0.02028903029296296,48,0.046875,0.0883046,0.0438035,0.0898438
clsvof,1,T/4,0.02028903029296296,0.02028903029296296,49,-0.046875,0.0883046,-0.0438035,0.0898438
clsvof,1,T/4,0.02028903029296296,0.02028903029296296,50,0.046875,-0.0883046,0.0438035,-0.0898438
clsvof,1,T/4,0.02028903029296296,0.02028903029296296,51,-0.046875,-0.0883046,-0.0438035,-0.0898438
clsvof,1,T/4,0.02028903029296296,0.02028903029296296,52,0.0429688,0.0902754,0.0438302,0.0898438
clsvof,1,T/4,0.02028903029296296,0.02028903029296296,53,-0.0429688,0.0902754,-0.0438302,0.0898438
clsvof,1,T/4,0.02028903029296296,0.02028903029296296,54,0.0429688,-0.0902754,0.0438302,-0.0898438
clsvof,1,T/4,0.02028903029296296,0.02028903029296296,55,-0.0429688,-0.0902754,-0.0438302,-0.0898438
clsvof,1,T/4,0.02028903029296296,0.02028903029296296,56,0.0625,0.0779732,0.0623096,0.078125
clsvof,1,T/4,0.02028903029296296,0.02028903029296296,57,-0.0625,0.0779732,-0.0623096,0.078125
clsvof,1,T/4,0.02028903029296296,0.02028903029296296,58,0.0625,-0.0779732,0.0623096,-0.078125
clsvof,1,T/4,0.02028903029296296,0.02028903029296296,59,-0.0625,-0.0779732,-0.0623096,-0.078125
clsvof,1,T/4,0.02028903029296296,0.02028903029296296,60,0.0546875,0.0836835,0.0510543,0.0859375
clsvof,1,T/4,0.02028903029296296,0.02028903029296296,61,-0.0546875,0.0836835,-0.0510543,0.0859375
clsvof,1,T/4,0.02028903029296296,0.02028903029296296,62,0.0546875,-0.0836835,0.0510543,-0.0859375
clsvof,1,T/4,0.02028903029296296,0.02028903029296296,63,-0.0546875,-0.0836835,-0.0510543,-0.0859375
clsvof,1,T/4,0.02028903029296296,0.02028903029296296,64,0.046875,0.0883488,0.0507812,0.0861554
clsvof,1,T/4,0.02028903029296296,0.02028903029296296,65,-0.046875,0.0883488,-0.0507812,0.0861554
clsvof,1,T/4,0.02028903029296296,0.02028903029296296,66,0.046875,-0.0883488,0.0507812,-0.0861554
clsvof,1,T/4,0.02028903029296296,0.02028903029296296,67,-0.046875,-0.0883488,-0.0507812,-0.0861554
clsvof,1,T/4,0.02028903029296296,0.02028903029296296,68,0.0507812,0.0861541,0.0511444,0.0859375
clsvof,1,T/4,0.02028903029296296,0.02028903029296296,69,-0.0507812,0.0861541,-0.0511444,0.0859375
clsvof,1,T/4,0.02028903029296296,0.02028903029296296,70,0.0507812,-0.0861541,0.0511444,-0.0859375
clsvof,1,T/4,0.02028903029296296,0.02028903029296296,71,-0.0507812,-0.0861541,-0.0511444,-0.0859375
clsvof,1,T/4,0.02028903029296296,0.02028903029296296,72,0.0585938,0.0810345,0.0571297,0.0820312
clsvof,1,T/4,0.02028903029296296,0.02028903029296296,73,-0.0585938,0.0810345,-0.0571297,0.0820312
clsvof,1,T/4,0.02028903029296296,0.02028903029296296,74,0.0585938,-0.0810345,0.0571297,-0.0820312
clsvof,1,T/4,0.02028903029296296,0.02028903029296296,75,-0.0585938,-0.0810345,-0.0571297,-0.0820312
clsvof,1,T/4,0.02028903029296296,0.02028903029296296,76,0.0546875,0.0837593,0.0572226,0.0820312
clsvof,1,T/4,0.02028903029296296,0.02028903029296296,77,-0.0546875,0.0837593,-0.0572226,0.0820312
clsvof,1,T/4,0.02028903029296296,0.02028903029296296,78,0.0546875,-0.0837593,0.0572226,-0.0820312
clsvof,1,T/4,0.02028903029296296,0.02028903029296296,79,-0.0546875,-0.0837593,-0.0572226,-0.0820312
clsvof,1,T/4,0.02028903029296296,0.02028903029296296,80,0.0585938,0.0810761,0.0624295,0.078125
clsvof,1,T/4,0.02028903029296296,0.02028903029296296,81,-0.0585938,0.0810761,-0.0624295,0.078125
clsvof,1,T/4,0.02028903029296296,0.02028903029296296,82,0.0585938,-0.0810761,0.0624295,-0.078125
clsvof,1,T/4,0.02028903029296296,0.02028903029296296,83,-0.0585938,-0.0810761,-0.0624295,-0.078125
clsvof,1,T/4,0.02028903029296296,0.02028903029296296,84,0.03125,0.0949835,0.0347301,0.09375
clsvof,1,T/4,0.02028903029296296,0.02028903029296296,85,-0.03125,0.0949835,-0.0347301,0.09375
clsvof,1,T/4,0.02028903029296296,0.02028903029296296,86,0.03125,-0.0949835,0.0347301,-0.09375
clsvof,1,T/4,0.02028903029296296,0.02028903029296296,87,-0.03125,-0.0949835,-0.0347301,-0.09375
clsvof,1,T/4,0.02028903029296296,0.02028903029296296,88,0.09375,0.0349494,0.0936782,0.0351562
clsvof,1,T/4,0.02028903029296296,0.02028903029296296,89,-0.09375,0.0349494,-0.0936782,0.0351562
clsvof,1,T/4,0.02028903029296296,0.02028903029296296,90,0.09375,-0.0349494,0.0936782,-0.0351562
clsvof,1,T/4,0.02028903029296296,0.02028903029296296,91,-0.09375,-0.0349494,-0.0936782,-0.0351562
clsvof,1,T/4,0.02028903029296296,0.02028903029296296,92,0.0937058,0.0351562,0.0921486,0.0390625
clsvof,1,T/4,0.02028903029296296,0.02028903029296296,93,-0.0937058,0.0351562,-0.0921486,0.0390625
clsvof,1,T/4,0.02028903029296296,0.02028903029296296,94,0.0937058,-0.0351562,0.0921486,-0.0390625
clsvof,1,T/4,0.02028903029296296,0.02028903029296296,95,-0.0937058,-0.0351562,-0.0921486,-0.0390625
clsvof,1,T/4,0.02028903029296296,0.02028903029296296,96,0.0898438,0.0441164,0.0884628,0.046875
clsvof,1,T/4,0.02028903029296296,0.02028903029296296,97,-0.0898438,0.0441164,-0.0884628,0.046875
clsvof,1,T/4,0.02028903029296296,0.02028903029296296,98,0.0898438,-0.0441164,0.0884628,-0.046875
clsvof,1,T/4,0.02028903029296296,0.02028903029296296,99,-0.0898438,-0.0441164,-0.0884628,-0.046875
clsvof,1,T/4,0.02028903029296296,0.02028903029296296,100,0.0921176,0.0390625,0.0903619,0.0429688
clsvof,1,T/4,0.02028903029296296,0.02028903029296296,101,-0.0921176,0.0390625,-0.0903619,0.0429688
clsvof,1,T/4,0.02028903029296296,0.02028903029296296,102,0.0921176,-0.0390625,0.0903619,-0.0429688
clsvof,1,T/4,0.02028903029296296,0.02028903029296296,103,-0.0921176,-0.0390625,-0.0903619,-0.0429688
clsvof,1,T/4,0.02028903029296296,0.02028903029296296,104,0.0898438,0.0439335,0.0903267,0.0429688
clsvof,1,T/4,0.02028903029296296,0.02028903029296296,105,-0.0898438,0.0439335,-0.0903267,0.0429688
clsvof,1,T/4,0.02028903029296296,0.02028903029296296,106,0.0898438,-0.0439335,0.0903267,-0.0429688
clsvof,1,T/4,0.02028903029296296,0.02028903029296296,107,-0.0898438,-0.0439335,-0.0903267,-0.0429688
clsvof,1,T/4,0.02028903029296296,0.02028903029296296,108,0.0859375,0.0513325,0.0838683,0.0546875
clsvof,1,T/4,0.02028903029296296,0.02028903029296296,109,-0.0859375,0.0513325,-0.0838683,0.0546875
clsvof,1,T/4,0.02028903029296296,0.02028903029296296,110,0.0859375,-0.0513325,0.0838683,-0.0546875
clsvof,1,T/4,0.02028903029296296,0.02028903029296296,111,-0.0859375,-0.0513325,-0.0838683,-0.0546875
clsvof,1,T/4,0.02028903029296296,0.02028903029296296,112,0.0820312,0.0573026,0.0811368,0.0585938
clsvof,1,T/4,0.02028903029296296,0.02028903029296296,113,-0.0820312,0.0573026,-0.0811368,0.0585938
clsvof,1,T/4,0.02028903029296296,0.02028903029296296,114,0.0820312,-0.0573026,0.0811368,-0.0585938
clsvof,1,T/4,0.02028903029296296,0.02028903029296296,115,-0.0820312,-0.0573026,-0.0811368,-0.0585938
clsvof,1,T/4,0.02028903029296296,0.02028903029296296,116,0.0811463,0.0585938,0.0781275,0.0625
clsvof,1,T/4,0.02028903029296296,0.02028903029296296,117,-0.0811463,0.0585938,-0.0781275,0.0625
clsvof,1,T/4,0.02028903029296296,0.02028903029296296,118,0.0811463,-0.0585938,0.0781275,-0.0625
clsvof,1,T/4,0.02028903029296296,0.02028903029296296,119,-0.0811463,-0.0585938,-0.0781275,-0.0625
clsvof,1,T/4,0.02028903029296296,0.02028903029296296,120,0.0820312,0.0573437,0.0838756,0.0546875
clsvof,1,T/4,0.02028903029296296,0.02028903029296296,121,-0.0820312,0.0573437,-0.0838756,0.0546875
clsvof,1,T/4,0.02028903029296296,0.02028903029296296,122,0.0820312,-0.0573437,0.0838756,-0.0546875
clsvof,1,T/4,0.02028903029296296,0.02028903029296296,123,-0.0820312,-0.0573437,-0.0838756,-0.0546875
clsvof,1,T/4,0.02028903029296296,0.02028903029296296,124,0.0884176,0.046875,0.0862404,0.0507812
clsvof,1,T/4,0.02028903029296296,0.02028903029296296,125,-0.0884176,0.046875,-0.0862404,0.0507812
clsvof,1,T/4,0.02028903029296296,0.02028903029296296,126,0.0884176,-0.046875,0.0862404,-0.0507812
clsvof,1,T/4,0.02028903029296296,0.02028903029296296,127,-0.0884176,-0.046875,-0.0862404,-0.0507812
clsvof,1,T/4,0.02028903029296296,0.02028903029296296,128,0.0859375,0.0511845,0.0861786,0.0507812
clsvof,1,T/4,0.02028903029296296,0.02028903029296296,129,-0.0859375,0.0511845,-0.0861786,0.0507812
clsvof,1,T/4,0.02028903029296296,0.02028903029296296,130,0.0859375,-0.0511845,0.0861786,-0.0507812
clsvof,1,T/4,0.02028903029296296,0.02028903029296296,131,-0.0859375,-0.0511845,-0.0861786,-0.0507812
clsvof,1,T/4,0.02028903029296296,0.02028903029296296,132,0.100111,0.0,0.100033,0.00390625
clsvof,1,T/4,0.02028903029296296,0.02028903029296296,133,-0.100111,0.0,-0.100033,0.00390625
clsvof,1,T/4,0.02028903029296296,0.02028903029296296,134,0.100111,-0.0,0.100033,-0.00390625
clsvof,1,T/4,0.02028903029296296,0.02028903029296296,135,-0.100111,-0.0,-0.100033,-0.00390625
clsvof,1,T/4,0.02028903029296296,0.02028903029296296,136,0.100032,0.00390625,0.0997984,0.0078125
clsvof,1,T/4,0.02028903029296296,0.02028903029296296,137,-0.100032,0.00390625,-0.0997984,0.0078125
clsvof,1,T/4,0.02028903029296296,0.02028903029296296,138,0.100032,-0.00390625,0.0997984,-0.0078125
clsvof,1,T/4,0.02028903029296296,0.02028903029296296,139,-0.100032,-0.00390625,-0.0997984,-0.0078125
clsvof,1,T/4,0.02028903029296296,0.02028903029296296,140,0.0997997,0.0078125,0.0994112,0.0117188
clsvof,1,T/4,0.02028903029296296,0.02028903029296296,141,-0.0997997,0.0078125,-0.0994112,0.0117188
clsvof,1,T/4,0.02028903029296296,0.02028903029296296,142,0.0997997,-0.0078125,0.0994112,-0.0117188
clsvof,1,T/4,0.02028903029296296,0.02028903029296296,143,-0.0997997,-0.0078125,-0.0994112,-0.0117188
clsvof,1,T/4,0.02028903029296296,0.02028903029296296,144,0.0994124,0.0117188,0.0988635,0.015625
clsvof,1,T/4,0.02028903029296296,0.02028903029296296,145,-0.0994124,0.0117188,-0.0988635,0.015625
clsvof,1,T/4,0.02028903029296296,0.02028903029296296,146,0.0994124,-0.0117188,0.0988635,-0.015625
clsvof,1,T/4,0.02028903029296296,0.02028903029296296,147,-0.0994124,-0.0117188,-0.0988635,-0.015625
clsvof,1,T/4,0.02028903029296296,0.02028903029296296,148,0.0976562,0.0217488,0.0972806,0.0234375
clsvof,1,T/4,0.02028903029296296,0.02028903029296296,149,-0.0976562,0.0217488,-0.0972806,0.0234375
clsvof,1,T/4,0.02028903029296296,0.02028903029296296,150,0.0976562,-0.0217488,0.0972806,-0.0234375
clsvof,1,T/4,0.02028903029296296,0.02028903029296296,151,-0.0976562,-0.0217488,-0.0972806,-0.0234375
clsvof,1,T/4,0.02028903029296296,0.02028903029296296,152,0.0988642,0.015625,0.0981511,0.0195312
clsvof,1,T/4,0.02028903029296296,0.02028903029296296,153,-0.0988642,0.015625,-0.0981511,0.0195312
clsvof,1,T/4,0.02028903029296296,0.02028903029296296,154,0.0988642,-0.015625,0.0981511,-0.0195312
clsvof,1,T/4,0.02028903029296296,0.02028903029296296,155,-0.0988642,-0.015625,-0.0981511,-0.0195312
clsvof,1,T/4,0.02028903029296296,0.02028903029296296,156,0.0976562,0.021723,0.0981439,0.0195312
clsvof,1,T/4,0.02028903029296296,0.02028903029296296,157,-0.0976562,0.021723,-0.0981439,0.0195312
clsvof,1,T/4,0.02028903029296296,0.02028903029296296,158,0.0976562,-0.021723,0.0981439,-0.0195312
clsvof,1,T/4,0.02028903029296296,0.02028903029296296,159,-0.0976562,-0.021723,-0.0981439,-0.0195312
clsvof,1,T/4,0.02028903029296296,0.02028903029296296,160,0.0972881,0.0234375,0.0962511,0.0273438
clsvof,1,T/4,0.02028903029296296,0.02028903029296296,161,-0.0972881,0.0234375,-0.0962511,0.0273438
clsvof,1,T/4,0.02028903029296296,0.02028903029296296,162,0.0972881,-0.0234375,0.0962511,-0.0273438
clsvof,1,T/4,0.02028903029296296,0.02028903029296296,163,-0.0972881,-0.0234375,-0.0962511,-0.0273438
clsvof,1,T/4,0.02028903029296296,0.02028903029296296,164,0.0962418,0.0273438,0.0950341,0.03125
clsvof,1,T/4,0.02028903029296296,0.02028903029296296,165,-0.0962418,0.0273438,-0.0950341,0.03125
clsvof,1,T/4,0.02028903029296296,0.02028903029296296,166,0.0962418,-0.0273438,0.0950341,-0.03125
clsvof,1,T/4,0.02028903029296296,0.02028903029296296,167,-0.0962418,-0.0273438,-0.0950341,-0.03125
clsvof,1,T/4,0.02028903029296296,0.02028903029296296,168,0.09375,0.0349439,0.0950317,0.03125
clsvof,1,T/4,0.02028903029296296,0.02028903029296296,169,-0.09375,0.0349439,-0.0950317,0.03125
clsvof,1,T/4,0.02028903029296296,0.02028903029296296,170,0.09375,-0.0349439,0.0950317,-0.03125
clsvof,1,T/4,0.02028903029296296,0.02028903029296296,171,-0.09375,-0.0349439,-0.0950317,-0.03125
clsvof,1,T/4,0.02028903029296296,0.02028903029296296,172,0.0625,0.0780435,0.0664062,0.0747453
clsvof,1,T/4,0.02028903029296296,0.02028903029296296,173,-0.0625,0.0780435,-0.0664062,0.0747453
clsvof,1,T/4,0.02028903029296296,0.02028903029296296,174,0.0625,-0.0780435,0.0664062,-0.0747453
clsvof,1,T/4,0.02028903029296296,0.02028903029296296,175,-0.0625,-0.0780435,-0.0664062,-0.0747453
clsvof,1,T/4,0.02028903029296296,0.02028903029296296,176,0.0703125,0.0711499,0.0670054,0.0742188
clsvof,1,T/4,0.02028903029296296,0.02028903029296296,177,-0.0703125,0.0711499,-0.0670054,0.0742188
clsvof,1,T/4,0.02028903029296296,0.02028903029296296,178,0.0703125,-0.0711499,0.0670054,-0.0742188
clsvof,1,T/4,0.02028903029296296,0.02028903029296296,179,-0.0703125,-0.0711499,-0.0670054,-0.0742188
clsvof,1,T/4,0.02028903029296296,0.02028903029296296,180,0.0664062,0.0748303,0.0670989,0.0742188
clsvof,1,T/4,0.02028903029296296,0.02028903029296296,181,-0.0664062,0.0748303,-0.0670989,0.0742188
clsvof,1,T/4,0.02028903029296296,0.02028903029296296,182,0.0664062,-0.0748303,0.0670989,-0.0742188
clsvof,1,T/4,0.02028903029296296,0.02028903029296296,183,-0.0664062,-0.0748303,-0.0670989,-0.0742188
clsvof,1,T/4,0.02028903029296296,0.02028903029296296,184,0.0742188,0.0670561,0.0711551,0.0703125
clsvof,1,T/4,0.02028903029296296,0.02028903029296296,185,-0.0742188,0.0670561,-0.0711551,0.0703125
clsvof,1,T/4,0.02028903029296296,0.02028903029296296,186,0.0742188,-0.0670561,0.0711551,-0.0703125
clsvof,1,T/4,0.02028903029296296,0.02028903029296296,187,-0.0742188,-0.0670561,-0.0711551,-0.0703125
clsvof,1,T/4,0.02028903029296296,0.02028903029296296,188,0.078125,0.0625064,0.0748151,0.0664062
clsvof,1,T/4,0.02028903029296296,0.02028903029296296,189,-0.078125,0.0625064,-0.0748151,0.0664062
clsvof,1,T/4,0.02028903029296296,0.02028903029296296,190,0.078125,-0.0625064,0.0748151,-0.0664062
clsvof,1,T/4,0.02028903029296296,0.02028903029296296,191,-0.078125,-0.0625064,-0.0748151,-0.0664062
clsvof,1,T/4,0.02028903029296296,0.02028903029296296,192,0.0742188,0.067156,0.0748902,0.0664062
clsvof,1,T/4,0.02028903029296296,0.02028903029296296,193,-0.0742188,0.067156,-0.0748902,0.0664062
clsvof,1,T/4,0.02028903029296296,0.02028903029296296,194,0.0742188,-0.067156,0.0748902,-0.0664062
clsvof,1,T/4,0.02028903029296296,0.02028903029296296,195,-0.0742188,-0.067156,-0.0748902,-0.0664062
clsvof,1,T/4,0.02028903029296296,0.02028903029296296,196,0.0703125,0.0712327,0.0712392,0.0703125
clsvof,1,T/4,0.02028903029296296,0.02028903029296296,197,-0.0703125,0.0712327,-0.0712392,0.0703125
clsvof,1,T/4,0.02028903029296296,0.02028903029296296,198,0.0703125,-0.0712327,0.0712392,-0.0703125
clsvof,1,T/4,0.02028903029296296,0.02028903029296296,199,-0.0703125,-0.0712327,-0.0712392,-0.0703125
clsvof,2,T/2,0.04057806058592593,0.04057806058592593,0,0.0,0.105039,0.00390625,0.10495
clsvof,2,T/2,0.04057806058592593,0.04057806058592593,1,-0.0,0.105039,-0.00390625,0.10495
clsvof,2,T/2,0.04057806058592593,0.04057806058592593,2,0.0,-0.105039,0.00390625,-0.10495
clsvof,2,T/2,0.04057806058592593,0.04057806058592593,3,-0.0,-0.105039,-0.00390625,-0.10495
clsvof,2,T/2,0.04057806058592593,0.04057806058592593,4,0.00390625,0.104948,0.0078125,0.104685
clsvof,2,T/2,0.04057806058592593,0.04057806058592593,5,-0.00390625,0.104948,-0.0078125,0.104685
clsvof,2,T/2,0.04057806058592593,0.04057806058592593,6,0.00390625,-0.104948,0.0078125,-0.104685
clsvof,2,T/2,0.04057806058592593,0.04057806058592593,7,-0.00390625,-0.104948,-0.0078125,-0.104685
clsvof,2,T/2,0.04057806058592593,0.04057806058592593,8,0.0078125,0.104686,0.0117188,0.104251
clsvof,2,T/2,0.04057806058592593,0.04057806058592593,9,-0.0078125,0.104686,-0.0117188,0.104251
clsvof,2,T/2,0.04057806058592593,0.04057806058592593,10,0.0078125,-0.104686,0.0117188,-0.104251
clsvof,2,T/2,0.04057806058592593,0.04057806058592593,11,-0.0078125,-0.104686,-0.0117188,-0.104251
clsvof,2,T/2,0.04057806058592593,0.04057806058592593,12,0.0117188,0.104254,0.015625,0.103639
clsvof,2,T/2,0.04057806058592593,0.04057806058592593,13,-0.0117188,0.104254,-0.015625,0.103639
clsvof,2,T/2,0.04057806058592593,0.04057806058592593,14,0.0117188,-0.104254,0.015625,-0.103639
clsvof,2,T/2,0.04057806058592593,0.04057806058592593,15,-0.0117188,-0.104254,-0.015625,-0.103639
clsvof,2,T/2,0.04057806058592593,0.04057806058592593,16,0.015625,0.103638,0.0195312,0.102838
clsvof,2,T/2,0.04057806058592593,0.04057806058592593,17,-0.015625,0.103638,-0.0195312,0.102838
clsvof,2,T/2,0.04057806058592593,0.04057806058592593,18,0.015625,-0.103638,0.0195312,-0.102838
clsvof,2,T/2,0.04057806058592593,0.04057806058592593,19,-0.015625,-0.103638,-0.0195312,-0.102838
clsvof,2,T/2,0.04057806058592593,0.04057806058592593,20,0.0195312,0.10284,0.0234375,0.101854
clsvof,2,T/2,0.04057806058592593,0.04057806058592593,21,-0.0195312,0.10284,-0.0234375,0.101854
clsvof,2,T/2,0.04057806058592593,0.04057806058592593,22,0.0195312,-0.10284,0.0234375,-0.101854
clsvof,2,T/2,0.04057806058592593,0.04057806058592593,23,-0.0195312,-0.10284,-0.0234375,-0.101854
clsvof,2,T/2,0.04057806058592593,0.04057806058592593,24,0.0273438,0.100683,0.0244321,0.101562
clsvof,2,T/2,0.04057806058592593,0.04057806058592593,25,-0.0273438,0.100683,-0.0244321,0.101562
clsvof,2,T/2,0.04057806058592593,0.04057806058592593,26,0.0273438,-0.100683,0.0244321,-0.101562
clsvof,2,T/2,0.04057806058592593,0.04057806058592593,27,-0.0273438,-0.100683,-0.0244321,-0.101562
clsvof,2,T/2,0.04057806058592593,0.04057806058592593,28,0.0273438,0.100674,0.03125,0.099297
clsvof,2,T/2,0.04057806058592593,0.04057806058592593,29,-0.0273438,0.100674,-0.03125,0.099297
clsvof,2,T/2,0.04057806058592593,0.04057806058592593,30,0.0273438,-0.100674,0.03125,-0.099297
clsvof,2,T/2,0.04057806058592593,0.04057806058592593,31,-0.0273438,-0.100674,-0.03125,-0.099297
clsvof,2,T/2,0.04057806058592593,0.04057806058592593,32,0.0234375,0.101839,0.0243529,0.101562
clsvof,2,T/2,0.04057806058592593,0.04057806058592593,33,-0.0234375,0.101839,-0.0243529,0.101562
clsvof,2,T/2,0.04057806058592593,0.04057806058592593,34,0.0234375,-0.101839,0.0243529,-0.101562
clsvof,2,T/2,0.04057806058592593,0.04057806058592593,35,-0.0234375,-0.101839,-0.0243529,-0.101562
clsvof,2,T/2,0.04057806058592593,0.04057806058592593,36,0.046875,0.0915961,0.0432038,0.09375
clsvof,2,T/2,0.04057806058592593,0.04057806058592593,37,-0.046875,0.0915961,-0.0432038,0.09375
clsvof,2,T/2,0.04057806058592593,0.04057806058592593,38,0.046875,-0.0915961,0.0432038,-0.09375
clsvof,2,T/2,0.04057806058592593,0.04057806058592593,39,-0.046875,-0.0915961,-0.0432038,-0.09375
clsvof,2,T/2,0.04057806058592593,0.04057806058592593,40,0.0507812,0.0890172,0.0495337,0.0898438
clsvof,2,T/2,0.04057806058592593,0.04057806058592593,41,-0.0507812,0.0890172,-0.0495337,0.0898438
clsvof,2,T/2,0.04057806058592593,0.04057806058592593,42,0.0507812,-0.0890172,0.0495337,-0.0898438
clsvof,2,T/2,0.04057806058592593,0.04057806058592593,43,-0.0507812,-0.0890172,-0.0495337,-0.0898438
clsvof,2,T/2,0.04057806058592593,0.04057806058592593,44,0.046875,0.0916256,0.0495641,0.0898438
clsvof,2,T/2,0.04057806058592593,0.04057806058592593,45,-0.046875,0.0916256,-0.0495641,0.0898438
clsvof,2,T/2,0.04057806058592593,0.04057806058592593,46,0.046875,-0.0916256,0.0495641,-0.0898438
clsvof,2,T/2,0.04057806058592593,0.04057806058592593,47,-0.046875,-0.0916256,-0.0495641,-0.0898438
clsvof,2,T/2,0.04057806058592593,0.04057806058592593,48,0.0507812,0.0890121,0.0546875,0.0861113
clsvof,2,T/2,0.04057806058592593,0.04057806058592593,49,-0.0507812,0.0890121,-0.0546875,0.0861113
clsvof,2,T/2,0.04057806058592593,0.04057806058592593,50,0.0507812,-0.0890121,0.0546875,-0.0861113
clsvof,2,T/2,0.04057806058592593,0.04057806058592593,51,-0.0507812,-0.0890121,-0.0546875,-0.0861113
clsvof,2,T/2,0.04057806058592593,0.04057806058592593,52,0.0585938,0.082929,0.0549093,0.0859375
clsvof,2,T/2,0.04057806058592593,0.04057806058592593,53,-0.0585938,0.082929,-0.0549093,0.0859375
clsvof,2,T/2,0.04057806058592593,0.04057806058592593,54,0.0585938,-0.082929,0.0549093,-0.0859375
clsvof,2,T/2,0.04057806058592593,0.04057806058592593,55,-0.0585938,-0.082929,-0.0549093,-0.0859375
clsvof,2,T/2,0.04057806058592593,0.04057806058592593,56,0.0625,0.079398,0.0595989,0.0820312
clsvof,2,T/2,0.04057806058592593,0.04057806058592593,57,-0.0625,0.079398,-0.0595989,0.0820312
clsvof,2,T/2,0.04057806058592593,0.04057806058592593,58,0.0625,-0.079398,0.0595989,-0.0820312
clsvof,2,T/2,0.04057806058592593,0.04057806058592593,59,-0.0625,-0.079398,-0.0595989,-0.0820312
clsvof,2,T/2,0.04057806058592593,0.04057806058592593,60,0.0585938,0.0829672,0.0596709,0.0820312
clsvof,2,T/2,0.04057806058592593,0.04057806058592593,61,-0.0585938,0.0829672,-0.0596709,0.0820312
clsvof,2,T/2,0.04057806058592593,0.04057806058592593,62,0.0585938,-0.0829672,0.0596709,-0.0820312
clsvof,2,T/2,0.04057806058592593,0.04057806058592593,63,-0.0585938,-0.0829672,-0.0596709,-0.0820312
clsvof,2,T/2,0.04057806058592593,0.04057806058592593,64,0.0546875,0.0861105,0.0549094,0.0859375
clsvof,2,T/2,0.04057806058592593,0.04057806058592593,65,-0.0546875,0.0861105,-0.0549094,0.0859375
clsvof,2,T/2,0.04057806058592593,0.04057806058592593,66,0.0546875,-0.0861105,0.0549094,-0.0859375
clsvof,2,T/2,0.04057806058592593,0.04057806058592593,67,-0.0546875,-0.0861105,-0.0549094,-0.0859375
clsvof,2,T/2,0.04057806058592593,0.04057806058592593,68,0.03125,0.0993007,0.0351562,0.097724
clsvof,2,T/2,0.04057806058592593,0.04057806058592593,69,-0.03125,0.0993007,-0.0351562,0.097724
clsvof,2,T/2,0.04057806058592593,0.04057806058592593,70,0.03125,-0.0993007,0.0351562,-0.097724
clsvof,2,T/2,0.04057806058592593,0.04057806058592593,71,-0.03125,-0.0993007,-0.0351562,-0.097724
clsvof,2,T/2,0.04057806058592593,0.04057806058592593,72,0.0390625,0.0959327,0.0353258,0.0976562
clsvof,2,T/2,0.04057806058592593,0.04057806058592593,73,-0.0390625,0.0959327,-0.0353258,0.0976562
clsvof,2,T/2,0.04057806058592593,0.04057806058592593,74,0.0390625,-0.0959327,0.0353258,-0.0976562
clsvof,2,T/2,0.04057806058592593,0.04057806058592593,75,-0.0390625,-0.0959327,-0.0353258,-0.0976562
clsvof,2,T/2,0.04057806058592593,0.04057806058592593,76,0.0351562,0.0976947,0.0352395,0.0976562
clsvof,2,T/2,0.04057806058592593,0.04057806058592593,77,-0.0351562,0.0976947,-0.0352395,0.0976562
clsvof,2,T/2,0.04057806058592593,0.04057806058592593,78,0.0351562,-0.0976947,0.0352395,-0.0976562
clsvof,2,T/2,0.04057806058592593,0.04057806058592593,79,-0.0351562,-0.0976947,-0.0352395,-0.0976562
clsvof,2,T/2,0.04057806058592593,0.04057806058592593,80,0.0390625,0.0959322,0.0429688,0.0938853
clsvof,2,T/2,0.04057806058592593,0.04057806058592593,81,-0.0390625,0.0959322,-0.0429688,0.0938853
clsvof,2,T/2,0.04057806058592593,0.04057806058592593,82,0.0390625,-0.0959322,0.0429688,-0.0938853
clsvof,2,T/2,0.04057806058592593,0.04057806058592593,83,-0.0390625,-0.0959322,-0.0429688,-0.0938853
clsvof,2,T/2,0.04057806058592593,0.04057806058592593,84,0.0429688,0.0938041,0.0430636,0.09375
clsvof,2,T/2,0.04057806058592593,0.04057806058592593,85,-0.0429688,0.0938041,-0.0430636,0.09375
clsvof,2,T/2,0.04057806058592593,0.04057806058592593,86,0.0429688,-0.0938041,0.0430636,-0.09375
clsvof,2,T/2,0.04057806058592593,0.04057806058592593,87,-0.0429688,-0.0938041,-0.0430636,-0.09375
clsvof,2,T/2,0.04057806058592593,0.04057806058592593,88,0.09375,0.0180672,0.0935188,0.0195312
clsvof,2,T/2,0.04057806058592593,0.04057806058592593,89,-0.09375,0.0180672,-0.0935188,0.0195312
clsvof,2,T/2,0.04057806058592593,0.04057806058592593,90,0.09375,-0.0180672,0.0935188,-0.0195312
clsvof,2,T/2,0.04057806058592593,0.04057806058592593,91,-0.09375,-0.0180672,-0.0935188,-0.0195312
clsvof,2,T/2,0.04057806058592593,0.04057806058592593,92,0.0935234,0.0195312,0.0927723,0.0234375
clsvof,2,T/2,0.04057806058592593,0.04057806058592593,93,-0.0935234,0.0195312,-0.0927723,0.0234375
clsvof,2,T/2,0.04057806058592593,0.04057806058592593,94,0.0935234,-0.0195312,0.0927723,-0.0234375
clsvof,2,T/2,0.04057806058592593,0.04057806058592593,95,-0.0935234,-0.0195312,-0.0927723,-0.0234375
clsvof,2,T/2,0.04057806058592593,0.04057806058592593,96,0.0927751,0.0234375,0.0918865,0.0273438
clsvof,2,T/2,0.04057806058592593,0.04057806058592593,97,-0.0927751,0.0234375,-0.0918865,0.0273438
clsvof,2,T/2,0.04057806058592593,0.04057806058592593,98,0.0927751,-0.0234375,0.0918865,-0.0273438
clsvof,2,T/2,0.04057806058592593,0.04057806058592593,99,-0.0927751,-0.0234375,-0.0918865,-0.0273438
clsvof,2,T/2,0.04057806058592593,0.04057806058592593,100,0.0918877,0.0273438,0.0908534,0.03125
clsvof,2,T/2,0.04057806058592593,0.04057806058592593,101,-0.0918877,0.0273438,-0.0908534,0.03125
clsvof,2,T/2,0.04057806058592593,0.04057806058592593,102,0.0918877,-0.0273438,0.0908534,-0.03125
clsvof,2,T/2,0.04057806058592593,0.04057806058592593,103,-0.0918877,-0.0273438,-0.0908534,-0.03125
clsvof,2,T/2,0.04057806058592593,0.04057806058592593,104,0.078125,0.0600729,0.0765964,0.0625
clsvof,2,T/2,0.04057806058592593,0.04057806058592593,105,-0.078125,0.0600729,-0.0765964,0.0625
clsvof,2,T/2,0.04057806058592593,0.04057806058592593,106,0.078125,-0.0600729,0.0765964,-0.0625
clsvof,2,T/2,0.04057806058592593,0.04057806058592593,107,-0.078125,-0.0600729,-0.0765964,-0.0625
clsvof,2,T/2,0.04057806058592593,0.04057806058592593,108,0.0859375,0.0451479,0.0851991,0.046875
clsvof,2,T/2,0.04057806058592593,0.04057806058592593,109,-0.0859375,0.0451479,-0.0851991,0.046875
clsvof,2,T/2,0.04057806058592593,0.04057806058592593,110,0.0859375,-0.0451479,0.0851991,-0.046875
clsvof,2,T/2,0.04057806058592593,0.04057806058592593,111,-0.0859375,-0.0451479,-0.0851991,-0.046875
clsvof,2,T/2,0.04057806058592593,0.04057806058592593,112,0.0898438,0.0346092,0.0896793,0.0351562
clsvof,2,T/2,0.04057806058592593,0.04057806058592593,113,-0.0898438,0.0346092,-0.0896793,0.0351562
clsvof,2,T/2,0.04057806058592593,0.04057806058592593,114,0.0898438,-0.0346092,0.0896793,-0.0351562
clsvof,2,T/2,0.04057806058592593,0.04057806058592593,115,-0.0898438,-0.0346092,-0.0896793,-0.0351562
clsvof,2,T/2,0.04057806058592593,0.04057806058592593,116,0.089689,0.0351562,0.0883564,0.0390625
clsvof,2,T/2,0.04057806058592593,0.04057806058592593,117,-0.089689,0.0351562,-0.0883564,0.0390625
clsvof,2,T/2,0.04057806058592593,0.04057806058592593,118,0.089689,-0.0351562,0.0883564,-0.0390625
clsvof,2,T/2,0.04057806058592593,0.04057806058592593,119,-0.089689,-0.0351562,-0.0883564,-0.0390625
clsvof,2,T/2,0.04057806058592593,0.04057806058592593,120,0.0898438,0.0345932,0.0908485,0.03125
clsvof,2,T/2,0.04057806058592593,0.04057806058592593,121,-0.0898438,0.0345932,-0.0908485,0.03125
clsvof,2,T/2,0.04057806058592593,0.04057806058592593,122,0.0898438,-0.0345932,0.0908485,-0.03125
clsvof,2,T/2,0.04057806058592593,0.04057806058592593,123,-0.0898438,-0.0345932,-0.0908485,-0.03125
clsvof,2,T/2,0.04057806058592593,0.04057806058592593,124,0.0883464,0.0390625,0.0868476,0.0429688
clsvof,2,T/2,0.04057806058592593,0.04057806058592593,125,-0.0883464,0.0390625,-0.0868476,0.0429688
clsvof,2,T/2,0.04057806058592593,0.04057806058592593,126,0.0883464,-0.0390625,0.0868476,-0.0429688
clsvof,2,T/2,0.04057806058592593,0.04057806058592593,127,-0.0883464,-0.0390625,-0.0868476,-0.0429688
clsvof,2,T/2,0.04057806058592593,0.04057806058592593,128,0.0859375,0.0451102,0.086853,0.0429688
clsvof,2,T/2,0.04057806058592593,0.04057806058592593,129,-0.0859375,0.0451102,-0.086853,0.0429688
clsvof,2,T/2,0.04057806058592593,0.04057806058592593,130,0.0859375,-0.0451102,0.086853,-0.0429688
clsvof,2,T/2,0.04057806058592593,0.04057806058592593,131,-0.0859375,-0.0451102,-0.086853,-0.0429688
clsvof,2,T/2,0.04057806058592593,0.04057806058592593,132,0.0820312,0.0532389,0.0812682,0.0546875
clsvof,2,T/2,0.04057806058592593,0.04057806058592593,133,-0.0820312,0.0532389,-0.0812682,0.0546875
clsvof,2,T/2,0.04057806058592593,0.04057806058592593,134,0.0820312,-0.0532389,0.0812682,-0.0546875
clsvof,2,T/2,0.04057806058592593,0.04057806058592593,135,-0.0820312,-0.0532389,-0.0812682,-0.0546875
clsvof,2,T/2,0.04057806058592593,0.04057806058592593,136,0.0851786,0.046875,0.0833355,0.0507812
clsvof,2,T/2,0.04057806058592593,0.04057806058592593,137,-0.0851786,0.046875,-0.0833355,0.0507812
clsvof,2,T/2,0.04057806058592593,0.04057806058592593,138,0.0851786,-0.046875,0.0833355,-0.0507812
clsvof,2,T/2,0.04057806058592593,0.04057806058592593,139,-0.0851786,-0.046875,-0.0833355,-0.0507812
clsvof,2,T/2,0.04057806058592593,0.04057806058592593,140,0.0820312,0.0533626,0.0833909,0.0507812
clsvof,2,T/2,0.04057806058592593,0.04057806058592593,141,-0.0820312,0.0533626,-0.0833909,0.0507812
clsvof,2,T/2,0.04057806058592593,0.04057806058592593,142,0.0820312,-0.0533626,0.0833909,-0.0507812
clsvof,2,T/2,0.04057806058592593,0.04057806058592593,143,-0.0820312,-0.0533626,-0.0833909,-0.0507812
clsvof,2,T/2,0.04057806058592593,0.04057806058592593,144,0.0812718,0.0546875,0.0790122,0.0585938
clsvof,2,T/2,0.04057806058592593,0.04057806058592593,145,-0.0812718,0.0546875,-0.0790122,0.0585938
clsvof,2,T/2,0.04057806058592593,0.04057806058592593,146,0.0812718,-0.0546875,0.0790122,-0.0585938
clsvof,2,T/2,0.04057806058592593,0.04057806058592593,147,-0.0812718,-0.0546875,-0.0790122,-0.0585938
clsvof,2,T/2,0.04057806058592593,0.04057806058592593,148,0.078125,0.0600511,0.0790345,0.0585938
clsvof,2,T/2,0.04057806058592593,0.04057806058592593,149,-0.078125,0.0600511,-0.0790345,0.0585938
clsvof,2,T/2,0.04057806058592593,0.04057806058592593,150,0.078125,-0.0600511,0.0790345,-0.0585938
clsvof,2,T/2,0.04057806058592593,0.04057806058592593,151,-0.078125,-0.0600511,-0.0790345,-0.0585938
clsvof,2,T/2,0.04057806058592593,0.04057806058592593,152,0.095239,0.0,0.0951695,0.00390625
clsvof,2,T/2,0.04057806058592593,0.04057806058592593,153,-0.095239,0.0,-0.0951695,0.00390625
clsvof,2,T/2,0.04057806058592593,0.04057806058592593,154,0.095239,-0.0,0.0951695,-0.00390625
clsvof,2,T/2,0.04057806058592593,0.04057806058592593,155,-0.095239,-0.0,-0.0951695,-0.00390625
clsvof,2,T/2,0.04057806058592593,0.04057806058592593,156,0.0951687,0.00390625,0.0949619,0.0078125
clsvof,2,T/2,0.04057806058592593,0.04057806058592593,157,-0.0951687,0.00390625,-0.0949619,0.0078125
clsvof,2,T/2,0.04057806058592593,0.04057806058592593,158,0.0951687,-0.00390625,0.0949619,-0.0078125
clsvof,2,T/2,0.04057806058592593,0.04057806058592593,159,-0.0951687,-0.00390625,-0.0949619,-0.0078125
clsvof,2,T/2,0.04057806058592593,0.04057806058592593,160,0.0949616,0.0078125,0.0946198,0.0117188
clsvof,2,T/2,0.04057806058592593,0.04057806058592593,161,-0.0949616,0.0078125,-0.0946198,0.0117188
clsvof,2,T/2,0.04057806058592593,0.04057806058592593,162,0.0949616,-0.0078125,0.0946198,-0.0117188
clsvof,2,T/2,0.04057806058592593,0.04057806058592593,163,-0.0949616,-0.0078125,-0.0946198,-0.0117188
clsvof,2,T/2,0.04057806058592593,0.04057806058592593,164,0.0946212,0.0117188,0.0941423,0.015625
clsvof,2,T/2,0.04057806058592593,0.04057806058592593,165,-0.0946212,0.0117188,-0.0941423,0.015625
clsvof,2,T/2,0.04057806058592593,0.04057806058592593,166,0.0946212,-0.0117188,0.0941423,-0.015625
clsvof,2,T/2,0.04057806058592593,0.04057806058592593,167,-0.0946212,-0.0117188,-0.0941423,-0.015625
clsvof,2,T/2,0.04057806058592593,0.04057806058592593,168,0.09375,0.0181248,0.0941448,0.015625
clsvof,2,T/2,0.04057806058592593,0.04057806058592593,169,-0.09375,0.0181248,-0.0941448,0.015625
clsvof,2,T/2,0.04057806058592593,0.04057806058592593,170,0.09375,-0.0181248,0.0941448,-0.015625
clsvof,2,T/2,0.04057806058592593,0.04057806058592593,171,-0.09375,-0.0181248,-0.0941448,-0.015625
clsvof,2,T/2,0.04057806058592593,0.04057806058592593,172,0.0664062,0.0753866,0.0637954,0.078125
clsvof,2,T/2,0.04057806058592593,0.04057806058592593,173,-0.0664062,0.0753866,-0.0637954,0.078125
clsvof,2,T/2,0.04057806058592593,0.04057806058592593,174,0.0664062,-0.0753866,0.0637954,-0.078125
clsvof,2,T/2,0.04057806058592593,0.04057806058592593,175,-0.0664062,-0.0753866,-0.0637954,-0.078125
clsvof,2,T/2,0.04057806058592593,0.04057806058592593,176,0.0703125,0.0708959,0.0674995,0.0742188
clsvof,2,T/2,0.04057806058592593,0.04057806058592593,177,-0.0703125,0.0708959,-0.0674995,0.0742188
clsvof,2,T/2,0.04057806058592593,0.04057806058592593,178,0.0703125,-0.0708959,0.0674995,-0.0742188
clsvof,2,T/2,0.04057806058592593,0.04057806058592593,179,-0.0703125,-0.0708959,-0.0674995,-0.0742188
clsvof,2,T/2,0.04057806058592593,0.04057806058592593,180,0.0664062,0.0754138,0.0674909,0.0742188
clsvof,2,T/2,0.04057806058592593,0.04057806058592593,181,-0.0664062,0.0754138,-0.0674909,0.0742188
clsvof,2,T/2,0.04057806058592593,0.04057806058592593,182,0.0664062,-0.0754138,0.0674909,-0.0742188
clsvof,2,T/2,0.04057806058592593,0.04057806058592593,183,-0.0664062,-0.0754138,-0.0674909,-0.0742188
clsvof,2,T/2,0.04057806058592593,0.04057806058592593,184,0.0742188,0.0657146,0.0737169,0.0664062
clsvof,2,T/2,0.04057806058592593,0.04057806058592593,185,-0.0742188,0.0657146,-0.0737169,0.0664062
clsvof,2,T/2,0.04057806058592593,0.04057806058592593,186,0.0742188,-0.0657146,0.0737169,-0.0664062
clsvof,2,T/2,0.04057806058592593,0.04057806058592593,187,-0.0742188,-0.0657146,-0.0737169,-0.0664062
clsvof,2,T/2,0.04057806058592593,0.04057806058592593,188,0.0737886,0.0664062,0.0707527,0.0703125
clsvof,2,T/2,0.04057806058592593,0.04057806058592593,189,-0.0737886,0.0664062,-0.0707527,0.0703125
clsvof,2,T/2,0.04057806058592593,0.04057806058592593,190,0.0737886,-0.0664062,0.0707527,-0.0703125
clsvof,2,T/2,0.04057806058592593,0.04057806058592593,191,-0.0737886,-0.0664062,-0.0707527,-0.0703125
clsvof,2,T/2,0.04057806058592593,0.04057806058592593,192,0.0742188,0.0658941,0.0766295,0.0625
clsvof,2,T/2,0.04057806058592593,0.04057806058592593,193,-0.0742188,0.0658941,-0.0766295,0.0625
clsvof,2,T/2,0.04057806058592593,0.04057806058592593,194,0.0742188,-0.0658941,0.0766295,-0.0625
clsvof,2,T/2,0.04057806058592593,0.04057806058592593,195,-0.0742188,-0.0658941,-0.0766295,-0.0625
clsvof,2,T/2,0.04057806058592593,0.04057806058592593,196,0.0703125,0.0708841,0.0707736,0.0703125
clsvof,2,T/2,0.04057806058592593,0.04057806058592593,197,-0.0703125,0.0708841,-0.0707736,0.0703125
clsvof,2,T/2,0.04057806058592593,0.04057806058592593,198,0.0703125,-0.0708841,0.0707736,-0.0703125
clsvof,2,T/2,0.04057806058592593,0.04057806058592593,199,-0.0703125,-0.0708841,-0.0707736,-0.0703125
clsvof,2,T/2,0.04057806058592593,0.04057806058592593,200,0.0625,0.079416,0.0638174,0.078125
clsvof,2,T/2,0.04057806058592593,0.04057806058592593,201,-0.0625,0.079416,-0.0638174,0.078125
clsvof,2,T/2,0.04057806058592593,0.04057806058592593,202,0.0625,-0.079416,0.0638174,-0.078125
clsvof,2,T/2,0.04057806058592593,0.04057806058592593,203,-0.0625,-0.079416,-0.0638174,-0.078125
clsvof,3,3T/4,0.06086709087888889,0.06086709087888889,0,0.0,0.100104,0.00390625,0.100027
clsvof,3,3T/4,0.06086709087888889,0.06086709087888889,1,-0.0,0.100104,-0.00390625,0.100027
clsvof,3,3T/4,0.06086709087888889,0.06086709087888889,2,0.0,-0.100104,0.00390625,-0.100027
clsvof,3,3T/4,0.06086709087888889,0.06086709087888889,3,-0.0,-0.100104,-0.00390625,-0.100027
clsvof,3,3T/4,0.06086709087888889,0.06086709087888889,4,0.00390625,0.100026,0.0078125,0.099799
clsvof,3,3T/4,0.06086709087888889,0.06086709087888889,5,-0.00390625,0.100026,-0.0078125,0.099799
clsvof,3,3T/4,0.06086709087888889,0.06086709087888889,6,0.00390625,-0.100026,0.0078125,-0.099799
clsvof,3,3T/4,0.06086709087888889,0.06086709087888889,7,-0.00390625,-0.100026,-0.0078125,-0.099799
clsvof,3,3T/4,0.06086709087888889,0.06086709087888889,8,0.0078125,0.0998009,0.0117188,0.09942
clsvof,3,3T/4,0.06086709087888889,0.06086709087888889,9,-0.0078125,0.0998009,-0.0117188,0.09942
clsvof,3,3T/4,0.06086709087888889,0.06086709087888889,10,0.0078125,-0.0998009,0.0117188,-0.09942
clsvof,3,3T/4,0.06086709087888889,0.06086709087888889,11,-0.0078125,-0.0998009,-0.0117188,-0.09942
clsvof,3,3T/4,0.06086709087888889,0.06086709087888889,12,0.0117188,0.0994209,0.015625,0.0988812
clsvof,3,3T/4,0.06086709087888889,0.06086709087888889,13,-0.0117188,0.0994209,-0.015625,0.0988812
clsvof,3,3T/4,0.06086709087888889,0.06086709087888889,14,0.0117188,-0.0994209,0.015625,-0.0988812
clsvof,3,3T/4,0.06086709087888889,0.06086709087888889,15,-0.0117188,-0.0994209,-0.015625,-0.0988812
clsvof,3,3T/4,0.06086709087888889,0.06086709087888889,16,0.015625,0.098882,0.0195312,0.0981802
clsvof,3,3T/4,0.06086709087888889,0.06086709087888889,17,-0.015625,0.098882,-0.0195312,0.0981802
clsvof,3,3T/4,0.06086709087888889,0.06086709087888889,18,0.015625,-0.098882,0.0195312,-0.0981802
clsvof,3,3T/4,0.06086709087888889,0.06086709087888889,19,-0.015625,-0.098882,-0.0195312,-0.0981802
clsvof,3,3T/4,0.06086709087888889,0.06086709087888889,20,0.0234375,0.0973227,0.0219221,0.0976562
clsvof,3,3T/4,0.06086709087888889,0.06086709087888889,21,-0.0234375,0.0973227,-0.0219221,0.0976562
clsvof,3,3T/4,0.06086709087888889,0.06086709087888889,22,0.0234375,-0.0973227,0.0219221,-0.0976562
clsvof,3,3T/4,0.06086709087888889,0.06086709087888889,23,-0.0234375,-0.0973227,-0.0219221,-0.0976562
clsvof,3,3T/4,0.06086709087888889,0.06086709087888889,24,0.0195312,0.0981737,0.0218824,0.0976562
clsvof,3,3T/4,0.06086709087888889,0.06086709087888889,25,-0.0195312,0.0981737,-0.0218824,0.0976562
clsvof,3,3T/4,0.06086709087888889,0.06086709087888889,26,0.0195312,-0.0981737,0.0218824,-0.0976562
clsvof,3,3T/4,0.06086709087888889,0.06086709087888889,27,-0.0195312,-0.0981737,-0.0218824,-0.0976562
clsvof,3,3T/4,0.06086709087888889,0.06086709087888889,28,0.0234375,0.0973284,0.0273438,0.096295
clsvof,3,3T/4,0.06086709087888889,0.06086709087888889,29,-0.0234375,0.0973284,-0.0273438,0.096295
clsvof,3,3T/4,0.06086709087888889,0.06086709087888889,30,0.0234375,-0.0973284,0.0273438,-0.096295
clsvof,3,3T/4,0.06086709087888889,0.06086709087888889,31,-0.0234375,-0.0973284,-0.0273438,-0.096295
clsvof,3,3T/4,0.06086709087888889,0.06086709087888889,32,0.0273438,0.0962859,0.03125,0.095075
clsvof,3,3T/4,0.06086709087888889,0.06086709087888889,33,-0.0273438,0.0962859,-0.03125,0.095075
clsvof,3,3T/4,0.06086709087888889,0.06086709087888889,34,0.0273438,-0.0962859,0.03125,-0.095075
clsvof,3,3T/4,0.06086709087888889,0.06086709087888889,35,-0.0273438,-0.0962859,-0.03125,-0.095075
clsvof,3,3T/4,0.06086709087888889,0.06086709087888889,36,0.0351562,0.0937121,0.0350475,0.09375
clsvof,3,3T/4,0.06086709087888889,0.06086709087888889,37,-0.0351562,0.0937121,-0.0350475,0.09375
clsvof,3,3T/4,0.06086709087888889,0.06086709087888889,38,0.0351562,-0.0937121,0.0350475,-0.09375
clsvof,3,3T/4,0.06086709087888889,0.06086709087888889,39,-0.0351562,-0.0937121,-0.0350475,-0.09375
clsvof,3,3T/4,0.06086709087888889,0.06086709087888889,40,0.0351562,0.093745,0.0390625,0.0921779
clsvof,3,3T/4,0.06086709087888889,0.06086709087888889,41,-0.0351562,0.093745,-0.0390625,0.0921779
clsvof,3,3T/4,0.06086709087888889,0.06086709087888889,42,0.0351562,-0.093745,0.0390625,-0.0921779
clsvof,3,3T/4,0.06086709087888889,0.06086709087888889,43,-0.0351562,-0.093745,-0.0390625,-0.0921779
clsvof,3,3T/4,0.06086709087888889,0.06086709087888889,44,0.0390625,0.0921431,0.0429688,0.0903684
clsvof,3,3T/4,0.06086709087888889,0.06086709087888889,45,-0.0390625,0.0921431,-0.0429688,0.0903684
clsvof,3,3T/4,0.06086709087888889,0.06086709087888889,46,0.0390625,-0.0921431,0.0429688,-0.0903684
clsvof,3,3T/4,0.06086709087888889,0.06086709087888889,47,-0.0390625,-0.0921431,-0.0429688,-0.0903684
clsvof,3,3T/4,0.06086709087888889,0.06086709087888889,48,0.046875,0.0884494,0.0441165,0.0898438
clsvof,3,3T/4,0.06086709087888889,0.06086709087888889,49,-0.046875,0.0884494,-0.0441165,0.0898438
clsvof,3,3T/4,0.06086709087888889,0.06086709087888889,50,0.046875,-0.0884494,0.0441165,-0.0898438
clsvof,3,3T/4,0.06086709087888889,0.06086709087888889,51,-0.046875,-0.0884494,-0.0441165,-0.0898438
clsvof,3,3T/4,0.06086709087888889,0.06086709087888889,52,0.0429688,0.0903325,0.0439357,0.0898438
clsvof,3,3T/4,0.06086709087888889,0.06086709087888889,53,-0.0429688,0.0903325,-0.0439357,0.0898438
clsvof,3,3T/4,0.06086709087888889,0.06086709087888889,54,0.0429688,-0.0903325,0.0439357,-0.0898438
clsvof,3,3T/4,0.06086709087888889,0.06086709087888889,55,-0.0429688,-0.0903325,-0.0439357,-0.0898438
clsvof,3,3T/4,0.06086709087888889,0.06086709087888889,56,0.0625,0.0780598,0.0624182,0.078125
clsvof,3,3T/4,0.06086709087888889,0.06086709087888889,57,-0.0625,0.0780598,-0.0624182,0.078125
clsvof,3,3T/4,0.06086709087888889,0.06086709087888889,58,0.0625,-0.0780598,0.0624182,-0.078125
clsvof,3,3T/4,0.06086709087888889,0.06086709087888889,59,-0.0625,-0.0780598,-0.0624182,-0.078125
clsvof,3,3T/4,0.06086709087888889,0.06086709087888889,60,0.0546875,0.0838165,0.0512773,0.0859375
clsvof,3,3T/4,0.06086709087888889,0.06086709087888889,61,-0.0546875,0.0838165,-0.0512773,0.0859375
clsvof,3,3T/4,0.06086709087888889,0.06086709087888889,62,0.0546875,-0.0838165,0.0512773,-0.0859375
clsvof,3,3T/4,0.06086709087888889,0.06086709087888889,63,-0.0546875,-0.0838165,-0.0512773,-0.0859375
clsvof,3,3T/4,0.06086709087888889,0.06086709087888889,64,0.046875,0.088405,0.0507812,0.0862085
clsvof,3,3T/4,0.06086709087888889,0.06086709087888889,65,-0.046875,0.088405,-0.0507812,0.0862085
clsvof,3,3T/4,0.06086709087888889,0.06086709087888889,66,0.046875,-0.088405,0.0507812,-0.0862085
clsvof,3,3T/4,0.06086709087888889,0.06086709087888889,67,-0.046875,-0.088405,-0.0507812,-0.0862085
clsvof,3,3T/4,0.06086709087888889,0.06086709087888889,68,0.0507812,0.0861197,0.0510839,0.0859375
clsvof,3,3T/4,0.06086709087888889,0.06086709087888889,69,-0.0507812,0.0861197,-0.0510839,0.0859375
clsvof,3,3T/4,0.06086709087888889,0.06086709087888889,70,0.0507812,-0.0861197,0.0510839,-0.0859375
clsvof,3,3T/4,0.06086709087888889,0.06086709087888889,71,-0.0507812,-0.0861197,-0.0510839,-0.0859375
clsvof,3,3T/4,0.06086709087888889,0.06086709087888889,72,0.0585938,0.0811114,0.0572735,0.0820312
clsvof,3,3T/4,0.06086709087888889,0.06086709087888889,73,-0.0585938,0.0811114,-0.0572735,0.0820312
clsvof,3,3T/4,0.06086709087888889,0.06086709087888889,74,0.0585938,-0.0811114,0.0572735,-0.0820312
clsvof,3,3T/4,0.06086709087888889,0.06086709087888889,75,-0.0585938,-0.0811114,-0.0572735,-0.0820312
clsvof,3,3T/4,0.06086709087888889,0.06086709087888889,76,0.0546875,0.0837965,0.0572182,0.0820312
clsvof,3,3T/4,0.06086709087888889,0.06086709087888889,77,-0.0546875,0.0837965,-0.0572182,0.0820312
clsvof,3,3T/4,0.06086709087888889,0.06086709087888889,78,0.0546875,-0.0837965,0.0572182,-0.0820312
clsvof,3,3T/4,0.06086709087888889,0.06086709087888889,79,-0.0546875,-0.0837965,-0.0572182,-0.0820312
clsvof,3,3T/4,0.06086709087888889,0.06086709087888889,80,0.0585938,0.0810763,0.062417,0.078125
clsvof,3,3T/4,0.06086709087888889,0.06086709087888889,81,-0.0585938,0.0810763,-0.062417,0.078125
clsvof,3,3T/4,0.06086709087888889,0.06086709087888889,82,0.0585938,-0.0810763,0.062417,-0.078125
clsvof,3,3T/4,0.06086709087888889,0.06086709087888889,83,-0.0585938,-0.0810763,-0.062417,-0.078125
clsvof,3,3T/4,0.06086709087888889,0.06086709087888889,84,0.03125,0.0950696,0.0350416,0.09375
clsvof,3,3T/4,0.06086709087888889,0.06086709087888889,85,-0.03125,0.0950696,-0.0350416,0.09375
clsvof,3,3T/4,0.06086709087888889,0.06086709087888889,86,0.03125,-0.0950696,0.0350416,-0.09375
clsvof,3,3T/4,0.06086709087888889,0.06086709087888889,87,-0.03125,-0.0950696,-0.0350416,-0.09375
clsvof,3,3T/4,0.06086709087888889,0.06086709087888889,88,0.078125,0.062446,0.0780816,0.0625
clsvof,3,3T/4,0.06086709087888889,0.06086709087888889,89,-0.078125,0.062446,-0.0780816,0.0625
clsvof,3,3T/4,0.06086709087888889,0.06086709087888889,90,0.078125,-0.062446,0.0780816,-0.0625
clsvof,3,3T/4,0.06086709087888889,0.06086709087888889,91,-0.078125,-0.062446,-0.0780816,-0.0625
clsvof,3,3T/4,0.06086709087888889,0.06086709087888889,92,0.09375,0.0347518,0.0936092,0.0351562
clsvof,3,3T/4,0.06086709087888889,0.06086709087888889,93,-0.09375,0.0347518,-0.0936092,0.0351562
clsvof,3,3T/4,0.06086709087888889,0.06086709087888889,94,0.09375,-0.0347518,0.0936092,-0.0351562
clsvof,3,3T/4,0.06086709087888889,0.06086709087888889,95,-0.09375,-0.0347518,-0.0936092,-0.0351562
clsvof,3,3T/4,0.06086709087888889,0.06086709087888889,96,0.0936271,0.0351562,0.0920843,0.0390625
clsvof,3,3T/4,0.06086709087888889,0.06086709087888889,97,-0.0936271,0.0351562,-0.0920843,0.0390625
clsvof,3,3T/4,0.06086709087888889,0.06086709087888889,98,0.0936271,-0.0351562,0.0920843,-0.0390625
clsvof,3,3T/4,0.06086709087888889,0.06086709087888889,99,-0.0936271,-0.0351562,-0.0920843,-0.0390625
clsvof,3,3T/4,0.06086709087888889,0.06086709087888889,100,0.0898438,0.043956,0.0883868,0.046875
clsvof,3,3T/4,0.06086709087888889,0.06086709087888889,101,-0.0898438,0.043956,-0.0883868,0.046875
clsvof,3,3T/4,0.06086709087888889,0.06086709087888889,102,0.0898438,-0.043956,0.0883868,-0.046875
clsvof,3,3T/4,0.06086709087888889,0.06086709087888889,103,-0.0898438,-0.043956,-0.0883868,-0.046875
clsvof,3,3T/4,0.06086709087888889,0.06086709087888889,104,0.0920935,0.0390625,0.090347,0.0429688
clsvof,3,3T/4,0.06086709087888889,0.06086709087888889,105,-0.0920935,0.0390625,-0.090347,0.0429688
clsvof,3,3T/4,0.06086709087888889,0.06086709087888889,106,0.0920935,-0.0390625,0.090347,-0.0429688
clsvof,3,3T/4,0.06086709087888889,0.06086709087888889,107,-0.0920935,-0.0390625,-0.090347,-0.0429688
clsvof,3,3T/4,0.06086709087888889,0.06086709087888889,108,0.0898438,0.0439652,0.0903411,0.0429688
clsvof,3,3T/4,0.06086709087888889,0.06086709087888889,109,-0.0898438,0.0439652,-0.0903411,0.0429688
clsvof,3,3T/4,0.06086709087888889,0.06086709087888889,110,0.0898438,-0.0439652,0.0903411,-0.0429688
clsvof,3,3T/4,0.06086709087888889,0.06086709087888889,111,-0.0898438,-0.0439652,-0.0903411,-0.0429688
clsvof,3,3T/4,0.06086709087888889,0.06086709087888889,112,0.0859375,0.0512112,0.0837852,0.0546875
clsvof,3,3T/4,0.06086709087888889,0.06086709087888889,113,-0.0859375,0.0512112,-0.0837852,0.0546875
clsvof,3,3T/4,0.06086709087888889,0.06086709087888889,114,0.0859375,-0.0512112,0.0837852,-0.0546875
clsvof,3,3T/4,0.06086709087888889,0.06086709087888889,115,-0.0859375,-0.0512112,-0.0837852,-0.0546875
clsvof,3,3T/4,0.06086709087888889,0.06086709087888889,116,0.0820312,0.0572698,0.0811232,0.0585938
clsvof,3,3T/4,0.06086709087888889,0.06086709087888889,117,-0.0820312,0.0572698,-0.0811232,0.0585938
clsvof,3,3T/4,0.06086709087888889,0.06086709087888889,118,0.0820312,-0.0572698,0.0811232,-0.0585938
clsvof,3,3T/4,0.06086709087888889,0.06086709087888889,119,-0.0820312,-0.0572698,-0.0811232,-0.0585938
clsvof,3,3T/4,0.06086709087888889,0.06086709087888889,120,0.078125,0.0624802,0.0811343,0.0585938
clsvof,3,3T/4,0.06086709087888889,0.06086709087888889,121,-0.078125,0.0624802,-0.0811343,0.0585938
clsvof,3,3T/4,0.06086709087888889,0.06086709087888889,122,0.078125,-0.0624802,0.0811343,-0.0585938
clsvof,3,3T/4,0.06086709087888889,0.06086709087888889,123,-0.078125,-0.0624802,-0.0811343,-0.0585938
clsvof,3,3T/4,0.06086709087888889,0.06086709087888889,124,0.0820312,0.0573123,0.0838365,0.0546875
clsvof,3,3T/4,0.06086709087888889,0.06086709087888889,125,-0.0820312,0.0573123,-0.0838365,0.0546875
clsvof,3,3T/4,0.06086709087888889,0.06086709087888889,126,0.0820312,-0.0573123,0.0838365,-0.0546875
clsvof,3,3T/4,0.06086709087888889,0.06086709087888889,127,-0.0820312,-0.0573123,-0.0838365,-0.0546875
clsvof,3,3T/4,0.06086709087888889,0.06086709087888889,128,0.0884127,0.046875,0.0862289,0.0507812
clsvof,3,3T/4,0.06086709087888889,0.06086709087888889,129,-0.0884127,0.046875,-0.0862289,0.0507812
clsvof,3,3T/4,0.06086709087888889,0.06086709087888889,130,0.0884127,-0.046875,0.0862289,-0.0507812
clsvof,3,3T/4,0.06086709087888889,0.06086709087888889,131,-0.0884127,-0.046875,-0.0862289,-0.0507812
clsvof,3,3T/4,0.06086709087888889,0.06086709087888889,132,0.0859375,0.0512307,0.0862069,0.0507812
clsvof,3,3T/4,0.06086709087888889,0.06086709087888889,133,-0.0859375,0.0512307,-0.0862069,0.0507812
clsvof,3,3T/4,0.06086709087888889,0.06086709087888889,134,0.0859375,-0.0512307,0.0862069,-0.0507812
clsvof,3,3T/4,0.06086709087888889,0.06086709087888889,135,-0.0859375,-0.0512307,-0.0862069,-0.0507812
clsvof,3,3T/4,0.06086709087888889,0.06086709087888889,136,0.0999686,0.0,0.0998924,0.00390625
clsvof,3,3T/4,0.06086709087888889,0.06086709087888889,137,-0.0999686,0.0,-0.0998924,0.00390625
clsvof,3,3T/4,0.06086709087888889,0.06086709087888889,138,0.0999686,-0.0,0.0998924,-0.00390625
clsvof,3,3T/4,0.06086709087888889,0.06086709087888889,139,-0.0999686,-0.0,-0.0998924,-0.00390625
clsvof,3,3T/4,0.06086709087888889,0.06086709087888889,140,0.0998924,0.00390625,0.0996636,0.0078125
clsvof,3,3T/4,0.06086709087888889,0.06086709087888889,141,-0.0998924,0.00390625,-0.0996636,0.0078125
clsvof,3,3T/4,0.06086709087888889,0.06086709087888889,142,0.0998924,-0.00390625,0.0996636,-0.0078125
clsvof,3,3T/4,0.06086709087888889,0.06086709087888889,143,-0.0998924,-0.00390625,-0.0996636,-0.0078125
clsvof,3,3T/4,0.06086709087888889,0.06086709087888889,144,0.0996639,0.0078125,0.0992816,0.0117188
clsvof,3,3T/4,0.06086709087888889,0.06086709087888889,145,-0.0996639,0.0078125,-0.0992816,0.0117188
clsvof,3,3T/4,0.06086709087888889,0.06086709087888889,146,0.0996639,-0.0078125,0.0992816,-0.0117188
clsvof,3,3T/4,0.06086709087888889,0.06086709087888889,147,-0.0996639,-0.0078125,-0.0992816,-0.0117188
clsvof,3,3T/4,0.06086709087888889,0.06086709087888889,148,0.0992812,0.0117188,0.0987457,0.015625
clsvof,3,3T/4,0.06086709087888889,0.06086709087888889,149,-0.0992812,0.0117188,-0.0987457,0.015625
clsvof,3,3T/4,0.06086709087888889,0.06086709087888889,150,0.0992812,-0.0117188,0.0987457,-0.015625
clsvof,3,3T/4,0.06086709087888889,0.06086709087888889,151,-0.0992812,-0.0117188,-0.0987457,-0.015625
clsvof,3,3T/4,0.06086709087888889,0.06086709087888889,152,0.0976562,0.0212626,0.0971763,0.0234375
clsvof,3,3T/4,0.06086709087888889,0.06086709087888889,153,-0.0976562,0.0212626,-0.0971763,0.0234375
clsvof,3,3T/4,0.06086709087888889,0.06086709087888889,154,0.0976562,-0.0212626,0.0971763,-0.0234375
clsvof,3,3T/4,0.06086709087888889,0.06086709087888889,155,-0.0976562,-0.0212626,-0.0971763,-0.0234375
clsvof,3,3T/4,0.06086709087888889,0.06086709087888889,156,0.0987519,0.015625,0.0980517,0.0195312
clsvof,3,3T/4,0.06086709087888889,0.06086709087888889,157,-0.0987519,0.015625,-0.0980517,0.0195312
clsvof,3,3T/4,0.06086709087888889,0.06086709087888889,158,0.0987519,-0.015625,0.0980517,-0.0195312
clsvof,3,3T/4,0.06086709087888889,0.06086709087888889,159,-0.0987519,-0.015625,-0.0980517,-0.0195312
clsvof,3,3T/4,0.06086709087888889,0.06086709087888889,160,0.0976562,0.0213193,0.0980508,0.0195312
clsvof,3,3T/4,0.06086709087888889,0.06086709087888889,161,-0.0976562,0.0213193,-0.0980508,0.0195312
clsvof,3,3T/4,0.06086709087888889,0.06086709087888889,162,0.0976562,-0.0213193,0.0980508,-0.0195312
clsvof,3,3T/4,0.06086709087888889,0.06086709087888889,163,-0.0976562,-0.0213193,-0.0980508,-0.0195312
clsvof,3,3T/4,0.06086709087888889,0.06086709087888889,164,0.0971873,0.0234375,0.0961684,0.0273438
clsvof,3,3T/4,0.06086709087888889,0.06086709087888889,165,-0.0971873,0.0234375,-0.0961684,0.0273438
clsvof,3,3T/4,0.06086709087888889,0.06086709087888889,166,0.0971873,-0.0234375,0.0961684,-0.0273438
clsvof,3,3T/4,0.06086709087888889,0.06086709087888889,167,-0.0971873,-0.0234375,-0.0961684,-0.0273438
clsvof,3,3T/4,0.06086709087888889,0.06086709087888889,168,0.096168,0.0273438,0.094982,0.03125
clsvof,3,3T/4,0.06086709087888889,0.06086709087888889,169,-0.096168,0.0273438,-0.094982,0.03125
clsvof,3,3T/4,0.06086709087888889,0.06086709087888889,170,0.096168,-0.0273438,0.094982,-0.03125
clsvof,3,3T/4,0.06086709087888889,0.06086709087888889,171,-0.096168,-0.0273438,-0.094982,-0.03125
clsvof,3,3T/4,0.06086709087888889,0.06086709087888889,172,0.09375,0.0348051,0.0949874,0.03125
clsvof,3,3T/4,0.06086709087888889,0.06086709087888889,173,-0.09375,0.0348051,-0.0949874,0.03125
clsvof,3,3T/4,0.06086709087888889,0.06086709087888889,174,0.09375,-0.0348051,0.0949874,-0.03125
clsvof,3,3T/4,0.06086709087888889,0.06086709087888889,175,-0.09375,-0.0348051,-0.0949874,-0.03125
clsvof,3,3T/4,0.06086709087888889,0.06086709087888889,176,0.0625,0.0780678,0.0664062,0.074766
clsvof,3,3T/4,0.06086709087888889,0.06086709087888889,177,-0.0625,0.0780678,-0.0664062,0.074766
clsvof,3,3T/4,0.06086709087888889,0.06086709087888889,178,0.0625,-0.0780678,0.0664062,-0.074766
clsvof,3,3T/4,0.06086709087888889,0.06086709087888889,179,-0.0625,-0.0780678,-0.0664062,-0.074766
clsvof,3,3T/4,0.06086709087888889,0.06086709087888889,180,0.0703125,0.0711417,0.0670213,0.0742188
clsvof,3,3T/4,0.06086709087888889,0.06086709087888889,181,-0.0703125,0.0711417,-0.0670213,0.0742188
clsvof,3,3T/4,0.06086709087888889,0.06086709087888889,182,0.0703125,-0.0711417,0.0670213,-0.0742188
clsvof,3,3T/4,0.06086709087888889,0.06086709087888889,183,-0.0703125,-0.0711417,-0.0670213,-0.0742188
clsvof,3,3T/4,0.06086709087888889,0.06086709087888889,184,0.0664062,0.0747628,0.0670163,0.0742188
clsvof,3,3T/4,0.06086709087888889,0.06086709087888889,185,-0.0664062,0.0747628,-0.0670163,0.0742188
clsvof,3,3T/4,0.06086709087888889,0.06086709087888889,186,0.0664062,-0.0747628,0.0670163,-0.0742188
clsvof,3,3T/4,0.06086709087888889,0.06086709087888889,187,-0.0664062,-0.0747628,-0.0670163,-0.0742188
clsvof,3,3T/4,0.06086709087888889,0.06086709087888889,188,0.0742188,0.0670401,0.0711477,0.0703125
clsvof,3,3T/4,0.06086709087888889,0.06086709087888889,189,-0.0742188,0.0670401,-0.0711477,0.0703125
clsvof,3,3T/4,0.06086709087888889,0.06086709087888889,190,0.0742188,-0.0670401,0.0711477,-0.0703125
clsvof,3,3T/4,0.06086709087888889,0.06086709087888889,191,-0.0742188,-0.0670401,-0.0711477,-0.0703125
clsvof,3,3T/4,0.06086709087888889,0.06086709087888889,192,0.0780953,0.0625,0.074774,0.0664062
clsvof,3,3T/4,0.06086709087888889,0.06086709087888889,193,-0.0780953,0.0625,-0.074774,0.0664062
clsvof,3,3T/4,0.06086709087888889,0.06086709087888889,194,0.0780953,-0.0625,0.074774,-0.0664062
clsvof,3,3T/4,0.06086709087888889,0.06086709087888889,195,-0.0780953,-0.0625,-0.074774,-0.0664062
clsvof,3,3T/4,0.06086709087888889,0.06086709087888889,196,0.0742188,0.0670449,0.0747895,0.0664062
clsvof,3,3T/4,0.06086709087888889,0.06086709087888889,197,-0.0742188,0.0670449,-0.0747895,0.0664062
clsvof,3,3T/4,0.06086709087888889,0.06086709087888889,198,0.0742188,-0.0670449,0.0747895,-0.0664062
clsvof,3,3T/4,0.06086709087888889,0.06086709087888889,199,-0.0742188,-0.0670449,-0.0747895,-0.0664062
clsvof,3,3T/4,0.06086709087888889,0.06086709087888889,200,0.0703125,0.0711343,0.0711369,0.0703125
clsvof,3,3T/4,0.06086709087888889,0.06086709087888889,201,-0.0703125,0.0711343,-0.0711369,0.0703125
clsvof,3,3T/4,0.06086709087888889,0.06086709087888889,202,0.0703125,-0.0711343,0.0711369,-0.0703125
clsvof,3,3T/4,0.06086709087888889,0.06086709087888889,203,-0.0703125,-0.0711343,-0.0711369,-0.0703125
clsvof,4,T,0.08115612117185185,0.08115612117185185,0,0.0195312,0.0934319,0.0173737,0.09375
clsvof,4,T,0.08115612117185185,0.08115612117185185,1,-0.0195312,0.0934319,-0.0173737,0.09375
clsvof,4,T,0.08115612117185185,0.08115612117185185,2,0.0195312,-0.0934319,0.0173737,-0.09375
clsvof,4,T,0.08115612117185185,0.08115612117185185,3,-0.0195312,-0.0934319,-0.0173737,-0.09375
clsvof,4,T,0.08115612117185185,0.08115612117185185,4,0.0195312,0.0934297,0.0234375,0.0927208
clsvof,4,T,0.08115612117185185,0.08115612117185185,5,-0.0195312,0.0934297,-0.0234375,0.0927208
clsvof,4,T,0.08115612117185185,0.08115612117185185,6,0.0195312,-0.0934297,0.0234375,-0.0927208
clsvof,4,T,0.08115612117185185,0.08115612117185185,7,-0.0195312,-0.0934297,-0.0234375,-0.0927208
clsvof,4,T,0.08115612117185185,0.08115612117185185,8,0.0234375,0.0927228,0.0273438,0.0918752
clsvof,4,T,0.08115612117185185,0.08115612117185185,9,-0.0234375,0.0927228,-0.0273438,0.0918752
clsvof,4,T,0.08115612117185185,0.08115612117185185,10,0.0234375,-0.0927228,0.0273438,-0.0918752
clsvof,4,T,0.08115612117185185,0.08115612117185185,11,-0.0234375,-0.0927228,-0.0273438,-0.0918752
clsvof,4,T,0.08115612117185185,0.08115612117185185,12,0.0273438,0.0918781,0.03125,0.0908817
clsvof,4,T,0.08115612117185185,0.08115612117185185,13,-0.0273438,0.0918781,-0.03125,0.0908817
clsvof,4,T,0.08115612117185185,0.08115612117185185,14,0.0273438,-0.0918781,0.03125,-0.0908817
clsvof,4,T,0.08115612117185185,0.08115612117185185,15,-0.0273438,-0.0918781,-0.03125,-0.0908817
clsvof,4,T,0.08115612117185185,0.08115612117185185,16,0.0,0.0950192,0.00390625,0.0949555
clsvof,4,T,0.08115612117185185,0.08115612117185185,17,-0.0,0.0950192,-0.00390625,0.0949555
clsvof,4,T,0.08115612117185185,0.08115612117185185,18,0.0,-0.0950192,0.00390625,-0.0949555
clsvof,4,T,0.08115612117185185,0.08115612117185185,19,-0.0,-0.0950192,-0.00390625,-0.0949555
clsvof,4,T,0.08115612117185185,0.08115612117185185,20,0.00390625,0.0949551,0.0078125,0.0947647
clsvof,4,T,0.08115612117185185,0.08115612117185185,21,-0.00390625,0.0949551,-0.0078125,0.0947647
clsvof,4,T,0.08115612117185185,0.08115612117185185,22,0.00390625,-0.0949551,0.0078125,-0.0947647
clsvof,4,T,0.08115612117185185,0.08115612117185185,23,-0.00390625,-0.0949551,-0.0078125,-0.0947647
clsvof,4,T,0.08115612117185185,0.08115612117185185,24,0.0078125,0.0947647,0.0117188,0.0944483
clsvof,4,T,0.08115612117185185,0.08115612117185185,25,-0.0078125,0.0947647,-0.0117188,0.0944483
clsvof,4,T,0.08115612117185185,0.08115612117185185,26,0.0078125,-0.0947647,0.0117188,-0.0944483
clsvof,4,T,0.08115612117185185,0.08115612117185185,27,-0.0078125,-0.0947647,-0.0117188,-0.0944483
clsvof,4,T,0.08115612117185185,0.08115612117185185,28,0.0117188,0.0944494,0.015625,0.0940046
clsvof,4,T,0.08115612117185185,0.08115612117185185,29,-0.0117188,0.0944494,-0.015625,0.0940046
clsvof,4,T,0.08115612117185185,0.08115612117185185,30,0.0117188,-0.0944494,0.015625,-0.0940046
clsvof,4,T,0.08115612117185185,0.08115612117185185,31,-0.0117188,-0.0944494,-0.015625,-0.0940046
clsvof,4,T,0.08115612117185185,0.08115612117185185,32,0.015625,0.0940011,0.0173282,0.09375
clsvof,4,T,0.08115612117185185,0.08115612117185185,33,-0.015625,0.0940011,-0.0173282,0.09375
clsvof,4,T,0.08115612117185185,0.08115612117185185,34,0.015625,-0.0940011,0.0173282,-0.09375
clsvof,4,T,0.08115612117185185,0.08115612117185185,35,-0.015625,-0.0940011,-0.0173282,-0.09375
clsvof,4,T,0.08115612117185185,0.08115612117185185,36,0.0351562,0.0897457,0.0348201,0.0898438
clsvof,4,T,0.08115612117185185,0.08115612117185185,37,-0.0351562,0.0897457,-0.0348201,0.0898438
clsvof,4,T,0.08115612117185185,0.08115612117185185,38,0.0351562,-0.0897457,0.0348201,-0.0898438
clsvof,4,T,0.08115612117185185,0.08115612117185185,39,-0.0351562,-0.0897457,-0.0348201,-0.0898438
clsvof,4,T,0.08115612117185185,0.08115612117185185,40,0.03125,0.090875,0.0347844,0.0898438
clsvof,4,T,0.08115612117185185,0.08115612117185185,41,-0.03125,0.090875,-0.0347844,0.0898438
clsvof,4,T,0.08115612117185185,0.08115612117185185,42,0.03125,-0.090875,0.0347844,-0.0898438
clsvof,4,T,0.08115612117185185,0.08115612117185185,43,-0.03125,-0.090875,-0.0347844,-0.0898438
clsvof,4,T,0.08115612117185185,0.08115612117185185,44,0.0351562,0.0897533,0.0390625,0.0884474
clsvof,4,T,0.08115612117185185,0.08115612117185185,45,-0.0351562,0.0897533,-0.0390625,0.0884474
clsvof,4,T,0.08115612117185185,0.08115612117185185,46,0.0351562,-0.0897533,0.0390625,-0.0884474
clsvof,4,T,0.08115612117185185,0.08115612117185185,47,-0.0351562,-0.0897533,-0.0390625,-0.0884474
clsvof,4,T,0.08115612117185185,0.08115612117185185,48,0.046875,0.0853397,0.045459,0.0859375
clsvof,4,T,0.08115612117185185,0.08115612117185185,49,-0.046875,0.0853397,-0.045459,0.0859375
clsvof,4,T,0.08115612117185185,0.08115612117185185,50,0.046875,-0.0853397,0.045459,-0.0859375
clsvof,4,T,0.08115612117185185,0.08115612117185185,51,-0.046875,-0.0853397,-0.045459,-0.0859375
clsvof,4,T,0.08115612117185185,0.08115612117185185,52,0.0390625,0.0884341,0.0429688,0.0869546
clsvof,4,T,0.08115612117185185,0.08115612117185185,53,-0.0390625,0.0884341,-0.0429688,0.0869546
clsvof,4,T,0.08115612117185185,0.08115612117185185,54,0.0390625,-0.0884341,0.0429688,-0.0869546
clsvof,4,T,0.08115612117185185,0.08115612117185185,55,-0.0390625,-0.0884341,-0.0429688,-0.0869546
clsvof,4,T,0.08115612117185185,0.08115612117185185,56,0.0429688,0.0869522,0.0453723,0.0859375
clsvof,4,T,0.08115612117185185,0.08115612117185185,57,-0.0429688,0.0869522,-0.0453723,0.0859375
clsvof,4,T,0.08115612117185185,0.08115612117185185,58,0.0429688,-0.0869522,0.0453723,-0.0859375
clsvof,4,T,0.08115612117185185,0.08115612117185185,59,-0.0429688,-0.0869522,-0.0453723,-0.0859375
clsvof,4,T,0.08115612117185185,0.08115612117185185,60,0.0625,0.0767584,0.0603338,0.078125
clsvof,4,T,0.08115612117185185,0.08115612117185185,61,-0.0625,0.0767584,-0.0603338,0.078125
clsvof,4,T,0.08115612117185185,0.08115612117185185,62,0.0625,-0.0767584,0.0603338,-0.078125
clsvof,4,T,0.08115612117185185,0.08115612117185185,63,-0.0625,-0.0767584,-0.0603338,-0.078125
clsvof,4,T,0.08115612117185185,0.08115612117185185,64,0.046875,0.0853115,0.0507812,0.0834803
clsvof,4,T,0.08115612117185185,0.08115612117185185,65,-0.046875,0.0853115,-0.0507812,0.0834803
clsvof,4,T,0.08115612117185185,0.08115612117185185,66,0.046875,-0.0853115,0.0507812,-0.0834803
clsvof,4,T,0.08115612117185185,0.08115612117185185,67,-0.046875,-0.0853115,-0.0507812,-0.0834803
clsvof,4,T,0.08115612117185185,0.08115612117185185,68,0.0546875,0.0814159,0.0535143,0.0820312
clsvof,4,T,0.08115612117185185,0.08115612117185185,69,-0.0546875,0.0814159,-0.0535143,0.0820312
clsvof,4,T,0.08115612117185185,0.08115612117185185,70,0.0546875,-0.0814159,0.0535143,-0.0820312
clsvof,4,T,0.08115612117185185,0.08115612117185185,71,-0.0546875,-0.0814159,-0.0535143,-0.0820312
clsvof,4,T,0.08115612117185185,0.08115612117185185,72,0.0507812,0.083519,0.0536177,0.0820312
clsvof,4,T,0.08115612117185185,0.08115612117185185,73,-0.0507812,0.083519,-0.0536177,0.0820312
clsvof,4,T,0.08115612117185185,0.08115612117185185,74,0.0507812,-0.083519,0.0536177,-0.0820312
clsvof,4,T,0.08115612117185185,0.08115612117185185,75,-0.0507812,-0.083519,-0.0536177,-0.0820312
clsvof,4,T,0.08115612117185185,0.08115612117185185,76,0.0546875,0.0814244,0.0585938,0.0791723
clsvof,4,T,0.08115612117185185,0.08115612117185185,77,-0.0546875,0.0814244,-0.0585938,0.0791723
clsvof,4,T,0.08115612117185185,0.08115612117185185,78,0.0546875,-0.0814244,0.0585938,-0.0791723
clsvof,4,T,0.08115612117185185,0.08115612117185185,79,-0.0546875,-0.0814244,-0.0585938,-0.0791723
clsvof,4,T,0.08115612117185185,0.08115612117185185,80,0.0585938,0.079185,0.0602791,0.078125
clsvof,4,T,0.08115612117185185,0.08115612117185185,81,-0.0585938,0.079185,-0.0602791,0.078125
clsvof,4,T,0.08115612117185185,0.08115612117185185,82,0.0585938,-0.079185,0.0602791,-0.078125
clsvof,4,T,0.08115612117185185,0.08115612117185185,83,-0.0585938,-0.079185,-0.0602791,-0.078125
clsvof,4,T,0.08115612117185185,0.08115612117185185,84,0.09375,0.0431867,0.0916096,0.046875
clsvof,4,T,0.08115612117185185,0.08115612117185185,85,-0.09375,0.0431867,-0.0916096,0.046875
clsvof,4,T,0.08115612117185185,0.08115612117185185,86,0.09375,-0.0431867,0.0916096,-0.046875
clsvof,4,T,0.08115612117185185,0.08115612117185185,87,-0.09375,-0.0431867,-0.0916096,-0.046875
clsvof,4,T,0.08115612117185185,0.08115612117185185,88,0.0820312,0.0597469,0.0795527,0.0625
clsvof,4,T,0.08115612117185185,0.08115612117185185,89,-0.0820312,0.0597469,-0.0795527,0.0625
clsvof,4,T,0.08115612117185185,0.08115612117185185,90,0.0820312,-0.0597469,0.0795527,-0.0625
clsvof,4,T,0.08115612117185185,0.08115612117185185,91,-0.0820312,-0.0597469,-0.0795527,-0.0625
clsvof,4,T,0.08115612117185185,0.08115612117185185,92,0.0859375,0.0550237,0.0830586,0.0585938
clsvof,4,T,0.08115612117185185,0.08115612117185185,93,-0.0859375,0.0550237,-0.0830586,0.0585938
clsvof,4,T,0.08115612117185185,0.08115612117185185,94,0.0859375,-0.0550237,0.0830586,-0.0585938
clsvof,4,T,0.08115612117185185,0.08115612117185185,95,-0.0859375,-0.0550237,-0.0830586,-0.0585938
clsvof,4,T,0.08115612117185185,0.08115612117185185,96,0.0820312,0.0597808,0.0830544,0.0585938
clsvof,4,T,0.08115612117185185,0.08115612117185185,97,-0.0820312,0.0597808,-0.0830544,0.0585938
clsvof,4,T,0.08115612117185185,0.08115612117185185,98,0.0820312,-0.0597808,0.0830544,-0.0585938
clsvof,4,T,0.08115612117185185,0.08115612117185185,99,-0.0820312,-0.0597808,-0.0830544,-0.0585938
clsvof,4,T,0.08115612117185185,0.08115612117185185,100,0.0898438,0.049572,0.0890503,0.0507812
clsvof,4,T,0.08115612117185185,0.08115612117185185,101,-0.0898438,0.049572,-0.0890503,0.0507812
clsvof,4,T,0.08115612117185185,0.08115612117185185,102,0.0898438,-0.049572,0.0890503,-0.0507812
clsvof,4,T,0.08115612117185185,0.08115612117185185,103,-0.0898438,-0.049572,-0.0890503,-0.0507812
clsvof,4,T,0.08115612117185185,0.08115612117185185,104,0.0890426,0.0507812,0.086184,0.0546875
clsvof,4,T,0.08115612117185185,0.08115612117185185,105,-0.0890426,0.0507812,-0.086184,0.0546875
clsvof,4,T,0.08115612117185185,0.08115612117185185,106,0.0890426,-0.0507812,0.086184,-0.0546875
clsvof,4,T,0.08115612117185185,0.08115612117185185,107,-0.0890426,-0.0507812,-0.086184,-0.0546875
clsvof,4,T,0.08115612117185185,0.08115612117185185,108,0.0898438,0.0496039,0.0916346,0.046875
clsvof,4,T,0.08115612117185185,0.08115612117185185,109,-0.0898438,0.0496039,-0.0916346,0.046875
clsvof,4,T,0.08115612117185185,0.08115612117185185,110,0.0898438,-0.0496039,0.0916346,-0.046875
clsvof,4,T,0.08115612117185185,0.08115612117185185,111,-0.0898438,-0.0496039,-0.0916346,-0.046875
clsvof,4,T,0.08115612117185185,0.08115612117185185,112,0.0859375,0.0549619,0.0861484,0.0546875
clsvof,4,T,0.08115612117185185,0.08115612117185185,113,-0.0859375,0.0549619,-0.0861484,0.0546875
clsvof,4,T,0.08115612117185185,0.08115612117185185,114,0.0859375,-0.0549619,0.0861484,-0.0546875
clsvof,4,T,0.08115612117185185,0.08115612117185185,115,-0.0859375,-0.0549619,-0.0861484,-0.0546875
clsvof,4,T,0.08115612117185185,0.08115612117185185,116,0.104925,0.0,0.104837,0.00390625
clsvof,4,T,0.08115612117185185,0.08115612117185185,117,-0.104925,0.0,-0.104837,0.00390625
clsvof,4,T,0.08115612117185185,0.08115612117185185,118,0.104925,-0.0,0.104837,-0.00390625
clsvof,4,T,0.08115612117185185,0.08115612117185185,119,-0.104925,-0.0,-0.104837,-0.00390625
clsvof,4,T,0.08115612117185185,0.08115612117185185,120,0.104836,0.00390625,0.104573,0.0078125
clsvof,4,T,0.08115612117185185,0.08115612117185185,121,-0.104836,0.00390625,-0.104573,0.0078125
clsvof,4,T,0.08115612117185185,0.08115612117185185,122,0.104836,-0.00390625,0.104573,-0.0078125
clsvof,4,T,0.08115612117185185,0.08115612117185185,123,-0.104836,-0.00390625,-0.104573,-0.0078125
clsvof,4,T,0.08115612117185185,0.08115612117185185,124,0.104573,0.0078125,0.104137,0.0117188
clsvof,4,T,0.08115612117185185,0.08115612117185185,125,-0.104573,0.0078125,-0.104137,0.0117188
clsvof,4,T,0.08115612117185185,0.08115612117185185,126,0.104573,-0.0078125,0.104137,-0.0117188
clsvof,4,T,0.08115612117185185,0.08115612117185185,127,-0.104573,-0.0078125,-0.104137,-0.0117188
clsvof,4,T,0.08115612117185185,0.08115612117185185,128,0.104139,0.0117188,0.103526,0.015625
clsvof,4,T,0.08115612117185185,0.08115612117185185,129,-0.104139,0.0117188,-0.103526,0.015625
clsvof,4,T,0.08115612117185185,0.08115612117185185,130,0.104139,-0.0117188,0.103526,-0.015625
clsvof,4,T,0.08115612117185185,0.08115612117185185,131,-0.104139,-0.0117188,-0.103526,-0.015625
clsvof,4,T,0.08115612117185185,0.08115612117185185,132,0.101562,0.0241182,0.100596,0.0273438
clsvof,4,T,0.08115612117185185,0.08115612117185185,133,-0.101562,0.0241182,-0.100596,0.0273438
clsvof,4,T,0.08115612117185185,0.08115612117185185,134,0.101562,-0.0241182,0.100596,-0.0273438
clsvof,4,T,0.08115612117185185,0.08115612117185185,135,-0.101562,-0.0241182,-0.100596,-0.0273438
clsvof,4,T,0.08115612117185185,0.08115612117185185,136,0.100587,0.0273438,0.099222,0.03125
clsvof,4,T,0.08115612117185185,0.08115612117185185,137,-0.100587,0.0273438,-0.099222,0.03125
clsvof,4,T,0.08115612117185185,0.08115612117185185,138,0.100587,-0.0273438,0.099222,-0.03125
clsvof,4,T,0.08115612117185185,0.08115612117185185,139,-0.100587,-0.0273438,-0.099222,-0.03125
clsvof,4,T,0.08115612117185185,0.08115612117185185,140,0.103527,0.015625,0.102734,0.0195312
clsvof,4,T,0.08115612117185185,0.08115612117185185,141,-0.103527,0.015625,-0.102734,0.0195312
clsvof,4,T,0.08115612117185185,0.08115612117185185,142,0.103527,-0.015625,0.102734,-0.0195312
clsvof,4,T,0.08115612117185185,0.08115612117185185,143,-0.103527,-0.015625,-0.102734,-0.0195312
clsvof,4,T,0.08115612117185185,0.08115612117185185,144,0.102735,0.0195312,0.101758,0.0234375
clsvof,4,T,0.08115612117185185,0.08115612117185185,145,-0.102735,0.0195312,-0.101758,0.0234375
clsvof,4,T,0.08115612117185185,0.08115612117185185,146,0.102735,-0.0195312,0.101758,-0.0234375
clsvof,4,T,0.08115612117185185,0.08115612117185185,147,-0.102735,-0.0195312,-0.101758,-0.0234375
clsvof,4,T,0.08115612117185185,0.08115612117185185,148,0.101562,0.0240467,0.101745,0.0234375
clsvof,4,T,0.08115612117185185,0.08115612117185185,149,-0.101562,0.0240467,-0.101745,0.0234375
clsvof,4,T,0.08115612117185185,0.08115612117185185,150,0.101562,-0.0240467,0.101745,-0.0234375
clsvof,4,T,0.08115612117185185,0.08115612117185185,151,-0.101562,-0.0240467,-0.101745,-0.0234375
clsvof,4,T,0.08115612117185185,0.08115612117185185,152,0.0976562,0.0351972,0.0958915,0.0390625
clsvof,4,T,0.08115612117185185,0.08115612117185185,153,-0.0976562,0.0351972,-0.0958915,0.0390625
clsvof,4,T,0.08115612117185185,0.08115612117185185,154,0.0976562,-0.0351972,0.0958915,-0.0390625
clsvof,4,T,0.08115612117185185,0.08115612117185185,155,-0.0976562,-0.0351972,-0.0958915,-0.0390625
clsvof,4,T,0.08115612117185185,0.08115612117185185,156,0.0992275,0.03125,0.0976668,0.0351562
clsvof,4,T,0.08115612117185185,0.08115612117185185,157,-0.0992275,0.03125,-0.0976668,0.0351562
clsvof,4,T,0.08115612117185185,0.08115612117185185,158,0.0992275,-0.03125,0.0976668,-0.0351562
clsvof,4,T,0.08115612117185185,0.08115612117185185,159,-0.0992275,-0.03125,-0.0976668,-0.0351562
clsvof,4,T,0.08115612117185185,0.08115612117185185,160,0.095891,0.0390625,0.0938695,0.0429688
clsvof,4,T,0.08115612117185185,0.08115612117185185,161,-0.095891,0.0390625,-0.0938695,0.0429688
clsvof,4,T,0.08115612117185185,0.08115612117185185,162,0.095891,-0.0390625,0.0938695,-0.0429688
clsvof,4,T,0.08115612117185185,0.08115612117185185,163,-0.095891,-0.0390625,-0.0938695,-0.0429688
clsvof,4,T,0.08115612117185185,0.08115612117185185,164,0.09375,0.043062,0.0938026,0.0429688
clsvof,4,T,0.08115612117185185,0.08115612117185185,165,-0.09375,0.043062,-0.0938026,0.0429688
clsvof,4,T,0.08115612117185185,0.08115612117185185,166,0.09375,-0.043062,0.0938026,-0.0429688
clsvof,4,T,0.08115612117185185,0.08115612117185185,167,-0.09375,-0.043062,-0.0938026,-0.0429688
clsvof,4,T,0.08115612117185185,0.08115612117185185,168,0.0664062,0.0739267,0.0660034,0.0742188
clsvof,4,T,0.08115612117185185,0.08115612117185185,169,-0.0664062,0.0739267,-0.0660034,0.0742188
clsvof,4,T,0.08115612117185185,0.08115612117185185,170,0.0664062,-0.0739267,0.0660034,-0.0742188
clsvof,4,T,0.08115612117185185,0.08115612117185185,171,-0.0664062,-0.0739267,-0.0660034,-0.0742188
clsvof,4,T,0.08115612117185185,0.08115612117185185,172,0.0625,0.0767586,0.0660865,0.0742188
clsvof,4,T,0.08115612117185185,0.08115612117185185,173,-0.0625,0.0767586,-0.0660865,0.0742188
clsvof,4,T,0.08115612117185185,0.08115612117185185,174,0.0625,-0.0767586,0.0660865,-0.0742188
clsvof,4,T,0.08115612117185185,0.08115612117185185,175,-0.0625,-0.0767586,-0.0660865,-0.0742188
clsvof,4,T,0.08115612117185185,0.08115612117185185,176,0.0664062,0.0739556,0.0703125,0.0709287
clsvof,4,T,0.08115612117185185,0.08115612117185185,177,-0.0664062,0.0739556,-0.0703125,0.0709287
clsvof,4,T,0.08115612117185185,0.08115612117185185,178,0.0664062,-0.0739556,0.0703125,-0.0709287
clsvof,4,T,0.08115612117185185,0.08115612117185185,179,-0.0664062,-0.0739556,-0.0703125,-0.0709287
clsvof,4,T,0.08115612117185185,0.08115612117185185,180,0.0742188,0.0676614,0.0710913,0.0703125
clsvof,4,T,0.08115612117185185,0.08115612117185185,181,-0.0742188,0.0676614,-0.0710913,0.0703125
clsvof,4,T,0.08115612117185185,0.08115612117185185,182,0.0742188,-0.0676614,0.0710913,-0.0703125
clsvof,4,T,0.08115612117185185,0.08115612117185185,183,-0.0742188,-0.0676614,-0.0710913,-0.0703125
clsvof,4,T,0.08115612117185185,0.08115612117185185,184,0.078125,0.0639459,0.0755581,0.0664062
clsvof,4,T,0.08115612117185185,0.08115612117185185,185,-0.078125,0.0639459,-0.0755581,0.0664062
clsvof,4,T,0.08115612117185185,0.08115612117185185,186,0.078125,-0.0639459,0.0755581,-0.0664062
clsvof,4,T,0.08115612117185185,0.08115612117185185,187,-0.078125,-0.0639459,-0.0755581,-0.0664062
clsvof,4,T,0.08115612117185185,0.08115612117185185,188,0.0742188,0.0676618,0.0755974,0.0664062
clsvof,4,T,0.08115612117185185,0.08115612117185185,189,-0.0742188,0.0676618,-0.0755974,0.0664062
clsvof,4,T,0.08115612117185185,0.08115612117185185,190,0.0742188,-0.0676618,0.0755974,-0.0664062
clsvof,4,T,0.08115612117185185,0.08115612117185185,191,-0.0742188,-0.0676618,-0.0755974,-0.0664062
clsvof,4,T,0.08115612117185185,0.08115612117185185,192,0.0703125,0.0709518,0.0711027,0.0703125
clsvof,4,T,0.08115612117185185,0.08115612117185185,193,-0.0703125,0.0709518,-0.0711027,0.0703125
clsvof,4,T,0.08115612117185185,0.08115612117185185,194,0.0703125,-0.0709518,0.0711027,-0.0703125
clsvof,4,T,0.08115612117185185,0.08115612117185185,195,-0.0703125,-0.0709518,-0.0711027,-0.0703125
clsvof,4,T,0.08115612117185185,0.08115612117185185,196,0.078125,0.063976,0.0795629,0.0625
clsvof,4,T,0.08115612117185185,0.08115612117185185,197,-0.078125,0.063976,-0.0795629,0.0625
clsvof,4,T,0.08115612117185185,0.08115612117185185,198,0.078125,-0.063976,0.0795629,-0.0625
clsvof,4,T,0.08115612117185185,0.08115612117185185,199,-0.078125,-0.063976,-0.0795629,-0.0625
nn,0,0,0.0,0.0,0,0.0195312,0.0933823,0.0170603,0.09375
nn,0,0,0.0,0.0,1,-0.0195312,0.0933823,-0.0170603,0.09375
nn,0,0,0.0,0.0,2,0.0195312,-0.0933823,0.0170603,-0.09375
nn,0,0,0.0,0.0,3,-0.0195312,-0.0933823,-0.0170603,-0.09375
nn,0,0,0.0,0.0,4,0.0195312,0.0933827,0.0234375,0.092666
nn,0,0,0.0,0.0,5,-0.0195312,0.0933827,-0.0234375,0.092666
nn,0,0,0.0,0.0,6,0.0195312,-0.0933827,0.0234375,-0.092666
nn,0,0,0.0,0.0,7,-0.0195312,-0.0933827,-0.0234375,-0.092666
nn,0,0,0.0,0.0,8,0.0234375,0.0926671,0.0273438,0.0918117
nn,0,0,0.0,0.0,9,-0.0234375,0.0926671,-0.0273438,0.0918117
nn,0,0,0.0,0.0,10,0.0234375,-0.0926671,0.0273438,-0.0918117
nn,0,0,0.0,0.0,11,-0.0234375,-0.0926671,-0.0273438,-0.0918117
nn,0,0,0.0,0.0,12,0.0273438,0.0918127,0.03125,0.0908147
nn,0,0,0.0,0.0,13,-0.0273438,0.0918127,-0.03125,0.0908147
nn,0,0,0.0,0.0,14,0.0273438,-0.0918127,0.03125,-0.0908147
nn,0,0,0.0,0.0,15,-0.0273438,-0.0918127,-0.03125,-0.0908147
nn,0,0,0.0,0.0,16,0.0,0.0949842,0.00390625,0.0949206
nn,0,0,0.0,0.0,17,-0.0,0.0949842,-0.00390625,0.0949206
nn,0,0,0.0,0.0,18,0.0,-0.0949842,0.00390625,-0.0949206
nn,0,0,0.0,0.0,19,-0.0,-0.0949842,-0.00390625,-0.0949206
nn,0,0,0.0,0.0,20,0.00390625,0.0949208,0.0078125,0.0947299
nn,0,0,0.0,0.0,21,-0.00390625,0.0949208,-0.0078125,0.0947299
nn,0,0,0.0,0.0,22,0.00390625,-0.0949208,0.0078125,-0.0947299
nn,0,0,0.0,0.0,23,-0.00390625,-0.0949208,-0.0078125,-0.0947299
nn,0,0,0.0,0.0,24,0.0078125,0.0947302,0.0117188,0.094411
nn,0,0,0.0,0.0,25,-0.0078125,0.0947302,-0.0117188,0.094411
nn,0,0,0.0,0.0,26,0.0078125,-0.0947302,0.0117188,-0.094411
nn,0,0,0.0,0.0,27,-0.0078125,-0.0947302,-0.0117188,-0.094411
nn,0,0,0.0,0.0,28,0.0117188,0.0944114,0.015625,0.0939625
nn,0,0,0.0,0.0,29,-0.0117188,0.0944114,-0.015625,0.0939625
nn,0,0,0.0,0.0,30,0.0117188,-0.0944114,0.015625,-0.0939625
nn,0,0,0.0,0.0,31,-0.0117188,-0.0944114,-0.015625,-0.0939625
nn,0,0,0.0,0.0,32,0.015625,0.0939632,0.0170577,0.09375
nn,0,0,0.0,0.0,33,-0.015625,0.0939632,-0.0170577,0.09375
nn,0,0,0.0,0.0,34,0.015625,-0.0939632,0.0170577,-0.09375
nn,0,0,0.0,0.0,35,-0.015625,-0.0939632,-0.0170577,-0.09375
nn,0,0,0.0,0.0,36,0.0351562,0.0896705,0.0345666,0.0898438
nn,0,0,0.0,0.0,37,-0.0351562,0.0896705,-0.0345666,0.0898438
nn,0,0,0.0,0.0,38,0.0351562,-0.0896705,0.0345666,-0.0898438
nn,0,0,0.0,0.0,39,-0.0351562,-0.0896705,-0.0345666,-0.0898438
nn,0,0,0.0,0.0,40,0.03125,0.090817,0.0345628,0.0898438
nn,0,0,0.0,0.0,41,-0.03125,0.090817,-0.0345628,0.0898438
nn,0,0,0.0,0.0,42,0.03125,-0.090817,0.0345628,-0.0898438
nn,0,0,0.0,0.0,43,-0.03125,-0.090817,-0.0345628,-0.0898438
nn,0,0,0.0,0.0,44,0.0351562,0.0896706,0.0390625,0.0883666
nn,0,0,0.0,0.0,45,-0.0351562,0.0896706,-0.0390625,0.0883666
nn,0,0,0.0,0.0,46,0.0351562,-0.0896706,0.0390625,-0.0883666
nn,0,0,0.0,0.0,47,-0.0351562,-0.0896706,-0.0390625,-0.0883666
nn,0,0,0.0,0.0,48,0.046875,0.0852696,0.0452841,0.0859375
nn,0,0,0.0,0.0,49,-0.046875,0.0852696,-0.0452841,0.0859375
nn,0,0,0.0,0.0,50,0.046875,-0.0852696,0.0452841,-0.0859375
nn,0,0,0.0,0.0,51,-0.046875,-0.0852696,-0.0452841,-0.0859375
nn,0,0,0.0,0.0,52,0.0390625,0.0883677,0.0429688,0.0869028
nn,0,0,0.0,0.0,53,-0.0390625,0.0883677,-0.0429688,0.0869028
nn,0,0,0.0,0.0,54,0.0390625,-0.0883677,0.0429688,-0.0869028
nn,0,0,0.0,0.0,55,-0.0390625,-0.0883677,-0.0429688,-0.0869028
nn,0,0,0.0,0.0,56,0.0429688,0.0869078,0.0452802,0.0859375
nn,0,0,0.0,0.0,57,-0.0429688,0.0869078,-0.0452802,0.0859375
nn,0,0,0.0,0.0,58,0.0429688,-0.0869078,0.0452802,-0.0859375
nn,0,0,0.0,0.0,59,-0.0429688,-0.0869078,-0.0452802,-0.0859375
nn,0,0,0.0,0.0,60,0.0625,0.076741,0.060309,0.078125
nn,0,0,0.0,0.0,61,-0.0625,0.076741,-0.060309,0.078125
nn,0,0,0.0,0.0,62,0.0625,-0.076741,0.060309,-0.078125
nn,0,0,0.0,0.0,63,-0.0625,-0.076741,-0.060309,-0.078125
nn,0,0,0.0,0.0,64,0.046875,0.0852673,0.0507812,0.083444
nn,0,0,0.0,0.0,65,-0.046875,0.0852673,-0.0507812,0.083444
nn,0,0,0.0,0.0,66,0.046875,-0.0852673,0.0507812,-0.083444
nn,0,0,0.0,0.0,67,-0.046875,-0.0852673,-0.0507812,-0.083444
nn,0,0,0.0,0.0,68,0.0546875,0.0814331,0.0535317,0.0820312
nn,0,0,0.0,0.0,69,-0.0546875,0.0814331,-0.0535317,0.0820312
nn,0,0,0.0,0.0,70,0.0546875,-0.0814331,0.0535317,-0.0820312
nn,0,0,0.0,0.0,71,-0.0546875,-0.0814331,-0.0535317,-0.0820312
nn,0,0,0.0,0.0,72,0.0507812,0.0834519,0.0535265,0.0820312
nn,0,0,0.0,0.0,73,-0.0507812,0.0834519,-0.0535265,0.0820312
nn,0,0,0.0,0.0,74,0.0507812,-0.0834519,0.0535265,-0.0820312
nn,0,0,0.0,0.0,75,-0.0507812,-0.0834519,-0.0535265,-0.0820312
nn,0,0,0.0,0.0,76,0.0546875,0.0814295,0.0585938,0.0791956
nn,0,0,0.0,0.0,77,-0.0546875,0.0814295,-0.0585938,0.0791956
nn,0,0,0.0,0.0,78,0.0546875,-0.0814295,0.0585938,-0.0791956
nn,0,0,0.0,0.0,79,-0.0546875,-0.0814295,-0.0585938,-0.0791956
nn,0,0,0.0,0.0,80,0.0585938,0.0792062,0.0603079,0.078125
nn,0,0,0.0,0.0,81,-0.0585938,0.0792062,-0.0603079,0.078125
nn,0,0,0.0,0.0,82,0.0585938,-0.0792062,0.0603079,-0.078125
nn,0,0,0.0,0.0,83,-0.0585938,-0.0792062,-0.0603079,-0.078125
nn,0,0,0.0,0.0,84,0.09375,0.0431926,0.0916057,0.046875
nn,0,0,0.0,0.0,85,-0.09375,0.0431926,-0.0916057,0.046875
nn,0,0,0.0,0.0,86,0.09375,-0.0431926,0.0916057,-0.046875
nn,0,0,0.0,0.0,87,-0.09375,-0.0431926,-0.0916057,-0.046875
nn,0,0,0.0,0.0,88,0.0820312,0.0597571,0.0795556,0.0625
nn,0,0,0.0,0.0,89,-0.0820312,0.0597571,-0.0795556,0.0625
nn,0,0,0.0,0.0,90,0.0820312,-0.0597571,0.0795556,-0.0625
nn,0,0,0.0,0.0,91,-0.0820312,-0.0597571,-0.0795556,-0.0625
nn,0,0,0.0,0.0,92,0.0859375,0.0550548,0.0830715,0.0585938
nn,0,0,0.0,0.0,93,-0.0859375,0.0550548,-0.0830715,0.0585938
nn,0,0,0.0,0.0,94,0.0859375,-0.0550548,0.0830715,-0.0585938
nn,0,0,0.0,0.0,95,-0.0859375,-0.0550548,-0.0830715,-0.0585938
nn,0,0,0.0,0.0,96,0.0820312,0.0597818,0.0830621,0.0585938
nn,0,0,0.0,0.0,97,-0.0820312,0.0597818,-0.0830621,0.0585938
nn,0,0,0.0,0.0,98,0.0820312,-0.0597818,0.0830621,-0.0585938
nn,0,0,0.0,0.0,99,-0.0820312,-0.0597818,-0.0830621,-0.0585938
nn,0,0,0.0,0.0,100,0.0898438,0.0495961,0.0890711,0.0507812
nn,0,0,0.0,0.0,101,-0.0898438,0.0495961,-0.0890711,0.0507812
nn,0,0,0.0,0.0,102,0.0898438,-0.0495961,0.0890711,-0.0507812
nn,0,0,0.0,0.0,103,-0.0898438,-0.0495961,-0.0890711,-0.0507812
nn,0,0,0.0,0.0,104,0.0890681,0.0507812,0.0862237,0.0546875
nn,0,0,0.0,0.0,105,-0.0890681,0.0507812,-0.0862237,0.0546875
nn,0,0,0.0,0.0,106,0.0890681,-0.0507812,0.0862237,-0.0546875
nn,0,0,0.0,0.0,107,-0.0890681,-0.0507812,-0.0862237,-0.0546875
nn,0,0,0.0,0.0,108,0.0898438,0.0495897,0.0916149,0.046875
nn,0,0,0.0,0.0,109,-0.0898438,0.0495897,-0.0916149,0.046875
nn,0,0,0.0,0.0,110,0.0898438,-0.0495897,0.0916149,-0.046875
nn,0,0,0.0,0.0,111,-0.0898438,-0.0495897,-0.0916149,-0.046875
nn,0,0,0.0,0.0,112,0.0859375,0.0550648,0.0862289,0.0546875
nn,0,0,0.0,0.0,113,-0.0859375,0.0550648,-0.0862289,0.0546875
nn,0,0,0.0,0.0,114,0.0859375,-0.0550648,0.0862289,-0.0546875
nn,0,0,0.0,0.0,115,-0.0859375,-0.0550648,-0.0862289,-0.0546875
nn,0,0,0.0,0.0,116,0.104978,0.0,0.104892,0.00390625
nn,0,0,0.0,0.0,117,-0.104978,0.0,-0.104892,0.00390625
nn,0,0,0.0,0.0,118,0.104978,-0.0,0.104892,-0.00390625
nn,0,0,0.0,0.0,119,-0.104978,-0.0,-0.104892,-0.00390625
nn,0,0,0.0,0.0,120,0.104892,0.00390625,0.104631,0.0078125
nn,0,0,0.0,0.0,121,-0.104892,0.00390625,-0.104631,0.0078125
nn,0,0,0.0,0.0,122,0.104892,-0.00390625,0.104631,-0.0078125
nn,0,0,0.0,0.0,123,-0.104892,-0.00390625,-0.104631,-0.0078125
nn,0,0,0.0,0.0,124,0.104632,0.0078125,0.104196,0.0117188
nn,0,0,0.0,0.0,125,-0.104632,0.0078125,-0.104196,0.0117188
nn,0,0,0.0,0.0,126,0.104632,-0.0078125,0.104196,-0.0117188
nn,0,0,0.0,0.0,127,-0.104632,-0.0078125,-0.104196,-0.0117188
nn,0,0,0.0,0.0,128,0.104197,0.0117188,0.103583,0.015625
nn,0,0,0.0,0.0,129,-0.104197,0.0117188,-0.103583,0.015625
nn,0,0,0.0,0.0,130,0.104197,-0.0117188,0.103583,-0.015625
nn,0,0,0.0,0.0,131,-0.104197,-0.0117188,-0.103583,-0.015625
nn,0,0,0.0,0.0,132,0.101562,0.0242774,0.100642,0.0273438
nn,0,0,0.0,0.0,133,-0.101562,0.0242774,-0.100642,0.0273438
nn,0,0,0.0,0.0,134,0.101562,-0.0242774,0.100642,-0.0273438
nn,0,0,0.0,0.0,135,-0.101562,-0.0242774,-0.100642,-0.0273438
nn,0,0,0.0,0.0,136,0.100642,0.0273438,0.0992713,0.03125
nn,0,0,0.0,0.0,137,-0.100642,0.0273438,-0.0992713,0.03125
nn,0,0,0.0,0.0,138,0.100642,-0.0273438,0.0992713,-0.03125
nn,0,0,0.0,0.0,139,-0.100642,-0.0273438,-0.0992713,-0.03125
nn,0,0,0.0,0.0,140,0.103584,0.015625,0.10279,0.0195312
nn,0,0,0.0,0.0,141,-0.103584,0.015625,-0.10279,0.0195312
nn,0,0,0.0,0.0,142,0.103584,-0.015625,0.10279,-0.0195312
nn,0,0,0.0,0.0,143,-0.103584,-0.015625,-0.10279,-0.0195312
nn,0,0,0.0,0.0,144,0.102791,0.0195312,0.101811,0.0234375
nn,0,0,0.0,0.0,145,-0.102791,0.0195312,-0.101811,0.0234375
nn,0,0,0.0,0.0,146,0.102791,-0.0195312,0.101811,-0.0234375
nn,0,0,0.0,0.0,147,-0.102791,-0.0195312,-0.101811,-0.0234375
nn,0,0,0.0,0.0,148,0.101562,0.0242751,0.101814,0.0234375
nn,0,0,0.0,0.0,149,-0.101562,0.0242751,-0.101814,0.0234375
nn,0,0,0.0,0.0,150,0.101562,-0.0242751,0.101814,-0.0234375
nn,0,0,0.0,0.0,151,-0.101562,-0.0242751,-0.101814,-0.0234375
nn,0,0,0.0,0.0,152,0.0976562,0.0352512,0.0959026,0.0390625
nn,0,0,0.0,0.0,153,-0.0976562,0.0352512,-0.0959026,0.0390625
nn,0,0,0.0,0.0,154,0.0976562,-0.0352512,0.0959026,-0.0390625
nn,0,0,0.0,0.0,155,-0.0976562,-0.0352512,-0.0959026,-0.0390625
nn,0,0,0.0,0.0,156,0.0992748,0.03125,0.097697,0.0351562
nn,0,0,0.0,0.0,157,-0.0992748,0.03125,-0.097697,0.0351562
nn,0,0,0.0,0.0,158,0.0992748,-0.03125,0.097697,-0.0351562
nn,0,0,0.0,0.0,159,-0.0992748,-0.03125,-0.097697,-0.0351562
nn,0,0,0.0,0.0,160,0.0976562,0.0352515,0.0977001,0.0351562
nn,0,0,0.0,0.0,161,-0.0976562,0.0352515,-0.0977001,0.0351562
nn,0,0,0.0,0.0,162,0.0976562,-0.0352515,0.0977001,-0.0351562
nn,0,0,0.0,0.0,163,-0.0976562,-0.0352515,-0.0977001,-0.0351562
nn,0,0,0.0,0.0,164,0.0959057,0.0390625,0.0938767,0.0429688
nn,0,0,0.0,0.0,165,-0.0959057,0.0390625,-0.0938767,0.0429688
nn,0,0,0.0,0.0,166,0.0959057,-0.0390625,0.0938767,-0.0429688
nn,0,0,0.0,0.0,167,-0.0959057,-0.0390625,-0.0938767,-0.0429688
nn,0,0,0.0,0.0,168,0.09375,0.0431991,0.0938807,0.0429688
nn,0,0,0.0,0.0,169,-0.09375,0.0431991,-0.0938807,0.0429688
nn,0,0,0.0,0.0,170,0.09375,-0.0431991,0.0938807,-0.0429688
nn,0,0,0.0,0.0,171,-0.09375,-0.0431991,-0.0938807,-0.0429688
nn,0,0,0.0,0.0,172,0.0664062,0.074018,0.0661232,0.0742188
nn,0,0,0.0,0.0,173,-0.0664062,0.074018,-0.0661232,0.0742188
nn,0,0,0.0,0.0,174,0.0664062,-0.074018,0.0661232,-0.0742188
nn,0,0,0.0,0.0,175,-0.0664062,-0.074018,-0.0661232,-0.0742188
nn,0,0,0.0,0.0,176,0.0625,0.0767429,0.0661095,0.0742188
nn,0,0,0.0,0.0,177,-0.0625,0.0767429,-0.0661095,0.0742188
nn,0,0,0.0,0.0,178,0.0625,-0.0767429,0.0661095,-0.0742188
nn,0,0,0.0,0.0,179,-0.0625,-0.0767429,-0.0661095,-0.0742188
nn,0,0,0.0,0.0,180,0.0664062,0.0740181,0.0703125,0.0710032
nn,0,0,0.0,0.0,181,-0.0664062,0.0740181,-0.0703125,0.0710032
nn,0,0,0.0,0.0,182,0.0664062,-0.0740181,0.0703125,-0.0710032
nn,0,0,0.0,0.0,183,-0.0664062,-0.0740181,-0.0703125,-0.0710032
nn,0,0,0.0,0.0,184,0.0742188,0.0676777,0.0711381,0.0703125
nn,0,0,0.0,0.0,185,-0.0742188,0.0676777,-0.0711381,0.0703125
nn,0,0,0.0,0.0,186,0.0742188,-0.0676777,0.0711381,-0.0703125
nn,0,0,0.0,0.0,187,-0.0742188,-0.0676777,-0.0711381,-0.0703125
nn,0,0,0.0,0.0,188,0.078125,0.0639552,0.0755804,0.0664062
nn,0,0,0.0,0.0,189,-0.078125,0.0639552,-0.0755804,0.0664062
nn,0,0,0.0,0.0,190,0.078125,-0.0639552,0.0755804,-0.0664062
nn,0,0,0.0,0.0,191,-0.078125,-0.0639552,-0.0755804,-0.0664062
nn,0,0,0.0,0.0,192,0.0742188,0.0676638,0.0755901,0.0664062
nn,0,0,0.0,0.0,193,-0.0742188,0.0676638,-0.0755901,0.0664062
nn,0,0,0.0,0.0,194,0.0742188,-0.0676638,0.0755901,-0.0664062
nn,0,0,0.0,0.0,195,-0.0742188,-0.0676638,-0.0755901,-0.0664062
nn,0,0,0.0,0.0,196,0.0703125,0.0710029,0.071155,0.0703125
nn,0,0,0.0,0.0,197,-0.0703125,0.0710029,-0.071155,0.0703125
nn,0,0,0.0,0.0,198,0.0703125,-0.0710029,0.071155,-0.0703125
nn,0,0,0.0,0.0,199,-0.0703125,-0.0710029,-0.071155,-0.0703125
nn,0,0,0.0,0.0,200,0.078125,0.0639481,0.0795348,0.0625
nn,0,0,0.0,0.0,201,-0.078125,0.0639481,-0.0795348,0.0625
nn,0,0,0.0,0.0,202,0.078125,-0.0639481,0.0795348,-0.0625
nn,0,0,0.0,0.0,203,-0.078125,-0.0639481,-0.0795348,-0.0625
nn,1,T/4,0.02028903029296296,0.02028903029296296,0,0.0,0.100034,0.00390625,0.099962
nn,1,T/4,0.02028903029296296,0.02028903029296296,1,-0.0,0.100034,-0.00390625,0.099962
nn,1,T/4,0.02028903029296296,0.02028903029296296,2,0.0,-0.100034,0.00390625,-0.099962
nn,1,T/4,0.02028903029296296,0.02028903029296296,3,-0.0,-0.100034,-0.00390625,-0.099962
nn,1,T/4,0.02028903029296296,0.02028903029296296,4,0.00390625,0.0999648,0.0078125,0.0997442
nn,1,T/4,0.02028903029296296,0.02028903029296296,5,-0.00390625,0.0999648,-0.0078125,0.0997442
nn,1,T/4,0.02028903029296296,0.02028903029296296,6,0.00390625,-0.0999648,0.0078125,-0.0997442
nn,1,T/4,0.02028903029296296,0.02028903029296296,7,-0.00390625,-0.0999648,-0.0078125,-0.0997442
nn,1,T/4,0.02028903029296296,0.02028903029296296,8,0.0078125,0.0997454,0.0117188,0.0993679
nn,1,T/4,0.02028903029296296,0.02028903029296296,9,-0.0078125,0.0997454,-0.0117188,0.0993679
nn,1,T/4,0.02028903029296296,0.02028903029296296,10,0.0078125,-0.0997454,0.0117188,-0.0993679
nn,1,T/4,0.02028903029296296,0.02028903029296296,11,-0.0078125,-0.0997454,-0.0117188,-0.0993679
nn,1,T/4,0.02028903029296296,0.02028903029296296,12,0.0117188,0.0993683,0.015625,0.0988308
nn,1,T/4,0.02028903029296296,0.02028903029296296,13,-0.0117188,0.0993683,-0.015625,0.0988308
nn,1,T/4,0.02028903029296296,0.02028903029296296,14,0.0117188,-0.0993683,0.015625,-0.0988308
nn,1,T/4,0.02028903029296296,0.02028903029296296,15,-0.0117188,-0.0993683,-0.015625,-0.0988308
nn,1,T/4,0.02028903029296296,0.02028903029296296,16,0.015625,0.0988382,0.0195312,0.0981254
nn,1,T/4,0.02028903029296296,0.02028903029296296,17,-0.015625,0.0988382,-0.0195312,0.0981254
nn,1,T/4,0.02028903029296296,0.02028903029296296,18,0.015625,-0.0988382,0.0195312,-0.0981254
nn,1,T/4,0.02028903029296296,0.02028903029296296,19,-0.015625,-0.0988382,-0.0195312,-0.0981254
nn,1,T/4,0.02028903029296296,0.02028903029296296,20,0.0234375,0.0972255,0.0215355,0.0976562
nn,1,T/4,0.02028903029296296,0.02028903029296296,21,-0.0234375,0.0972255,-0.0215355,0.0976562
nn,1,T/4,0.02028903029296296,0.02028903029296296,22,0.0234375,-0.0972255,0.0215355,-0.0976562
nn,1,T/4,0.02028903029296296,0.02028903029296296,23,-0.0234375,-0.0972255,-0.0215355,-0.0976562
nn,1,T/4,0.02028903029296296,0.02028903029296296,24,0.0195312,0.0981218,0.0215872,0.0976562
nn,1,T/4,0.02028903029296296,0.02028903029296296,25,-0.0195312,0.0981218,-0.0215872,0.0976562
nn,1,T/4,0.02028903029296296,0.02028903029296296,26,0.0195312,-0.0981218,0.0215872,-0.0976562
nn,1,T/4,0.02028903029296296,0.02028903029296296,27,-0.0195312,-0.0981218,-0.0215872,-0.0976562
nn,1,T/4,0.02028903029296296,0.02028903029296296,28,0.0234375,0.0972346,0.0273438,0.0961906
nn,1,T/4,0.02028903029296296,0.02028903029296296,29,-0.0234375,0.0972346,-0.0273438,0.0961906
nn,1,T/4,0.02028903029296296,0.02028903029296296,30,0.0234375,-0.0972346,0.0273438,-0.0961906
nn,1,T/4,0.02028903029296296,0.02028903029296296,31,-0.0234375,-0.0972346,-0.0273438,-0.0961906
nn,1,T/4,0.02028903029296296,0.02028903029296296,32,0.0273438,0.0961913,0.03125,0.0949804
nn,1,T/4,0.02028903029296296,0.02028903029296296,33,-0.0273438,0.0961913,-0.03125,0.0949804
nn,1,T/4,0.02028903029296296,0.02028903029296296,34,0.0273438,-0.0961913,0.03125,-0.0949804
nn,1,T/4,0.02028903029296296,0.02028903029296296,35,-0.0273438,-0.0961913,-0.03125,-0.0949804
nn,1,T/4,0.02028903029296296,0.02028903029296296,36,0.0351562,0.093571,0.0346522,0.09375
nn,1,T/4,0.02028903029296296,0.02028903029296296,37,-0.0351562,0.093571,-0.0346522,0.09375
nn,1,T/4,0.02028903029296296,0.02028903029296296,38,0.0351562,-0.093571,0.0346522,-0.09375
nn,1,T/4,0.02028903029296296,0.02028903029296296,39,-0.0351562,-0.093571,-0.0346522,-0.09375
nn,1,T/4,0.02028903029296296,0.02028903029296296,40,0.0351562,0.093593,0.0390625,0.0920294
nn,1,T/4,0.02028903029296296,0.02028903029296296,41,-0.0351562,0.093593,-0.0390625,0.0920294
nn,1,T/4,0.02028903029296296,0.02028903029296296,42,0.0351562,-0.093593,0.0390625,-0.0920294
nn,1,T/4,0.02028903029296296,0.02028903029296296,43,-0.0351562,-0.093593,-0.0390625,-0.0920294
nn,1,T/4,0.02028903029296296,0.02028903029296296,44,0.0390625,0.0920464,0.0429688,0.090281
nn,1,T/4,0.02028903029296296,0.02028903029296296,45,-0.0390625,0.0920464,-0.0429688,0.090281
nn,1,T/4,0.02028903029296296,0.02028903029296296,46,0.0390625,-0.0920464,0.0429688,-0.090281
nn,1,T/4,0.02028903029296296,0.02028903029296296,47,-0.0390625,-0.0920464,-0.0429688,-0.090281
nn,1,T/4,0.02028903029296296,0.02028903029296296,48,0.046875,0.0882975,0.0437933,0.0898438
nn,1,T/4,0.02028903029296296,0.02028903029296296,49,-0.046875,0.0882975,-0.0437933,0.0898438
nn,1,T/4,0.02028903029296296,0.02028903029296296,50,0.046875,-0.0882975,0.0437933,-0.0898438
nn,1,T/4,0.02028903029296296,0.02028903029296296,51,-0.046875,-0.0882975,-0.0437933,-0.0898438
nn,1,T/4,0.02028903029296296,0.02028903029296296,52,0.0429688,0.0902706,0.0438194,0.0898438
nn,1,T/4,0.02028903029296296,0.02028903029296296,53,-0.0429688,0.0902706,-0.0438194,0.0898438
nn,1,T/4,0.02028903029296296,0.02028903029296296,54,0.0429688,-0.0902706,0.0438194,-0.0898438
nn,1,T/4,0.02028903029296296,0.02028903029296296,55,-0.0429688,-0.0902706,-0.0438194,-0.0898438
nn,1,T/4,0.02028903029296296,0.02028903029296296,56,0.0625,0.0779668,0.0623014,0.078125
nn,1,T/4,0.02028903029296296,0.02028903029296296,57,-0.0625,0.0779668,-0.0623014,0.078125
nn,1,T/4,0.02028903029296296,0.02028903029296296,58,0.0625,-0.0779668,0.0623014,-0.078125
nn,1,T/4,0.02028903029296296,0.02028903029296296,59,-0.0625,-0.0779668,-0.0623014,-0.078125
nn,1,T/4,0.02028903029296296,0.02028903029296296,60,0.0546875,0.0836745,0.0510407,0.0859375
nn,1,T/4,0.02028903029296296,0.02028903029296296,61,-0.0546875,0.0836745,-0.0510407,0.0859375
nn,1,T/4,0.02028903029296296,0.02028903029296296,62,0.0546875,-0.0836745,0.0510407,-0.0859375
nn,1,T/4,0.02028903029296296,0.02028903029296296,63,-0.0546875,-0.0836745,-0.0510407,-0.0859375
nn,1,T/4,0.02028903029296296,0.02028903029296296,64,0.046875,0.0883412,0.0507812,0.0861462
nn,1,T/4,0.02028903029296296,0.02028903029296296,65,-0.046875,0.0883412,-0.0507812,0.0861462
nn,1,T/4,0.02028903029296296,0.02028903029296296,66,0.046875,-0.0883412,0.0507812,-0.0861462
nn,1,T/4,0.02028903029296296,0.02028903029296296,67,-0.046875,-0.0883412,-0.0507812,-0.0861462
nn,1,T/4,0.02028903029296296,0.02028903029296296,68,0.0507812,0.0861441,0.0511278,0.0859375
nn,1,T/4,0.02028903029296296,0.02028903029296296,69,-0.0507812,0.0861441,-0.0511278,0.0859375
nn,1,T/4,0.02028903029296296,0.02028903029296296,70,0.0507812,-0.0861441,0.0511278,-0.0859375
nn,1,T/4,0.02028903029296296,0.02028903029296296,71,-0.0507812,-0.0861441,-0.0511278,-0.0859375
nn,1,T/4,0.02028903029296296,0.02028903029296296,72,0.0585938,0.0810279,0.0571203,0.0820312
nn,1,T/4,0.02028903029296296,0.02028903029296296,73,-0.0585938,0.0810279,-0.0571203,0.0820312
nn,1,T/4,0.02028903029296296,0.02028903029296296,74,0.0585938,-0.0810279,0.0571203,-0.0820312
nn,1,T/4,0.02028903029296296,0.02028903029296296,75,-0.0585938,-0.0810279,-0.0571203,-0.0820312
nn,1,T/4,0.02028903029296296,0.02028903029296296,76,0.0546875,0.0837484,0.0572068,0.0820312
nn,1,T/4,0.02028903029296296,0.02028903029296296,77,-0.0546875,0.0837484,-0.0572068,0.0820312
nn,1,T/4,0.02028903029296296,0.02028903029296296,78,0.0546875,-0.0837484,0.0572068,-0.0820312
nn,1,T/4,0.02028903029296296,0.02028903029296296,79,-0.0546875,-0.0837484,-0.0572068,-0.0820312
nn,1,T/4,0.02028903029296296,0.02028903029296296,80,0.0585938,0.0810667,0.0624187,0.078125
nn,1,T/4,0.02028903029296296,0.02028903029296296,81,-0.0585938,0.0810667,-0.0624187,0.078125
nn,1,T/4,0.02028903029296296,0.02028903029296296,82,0.0585938,-0.0810667,0.0624187,-0.078125
nn,1,T/4,0.02028903029296296,0.02028903029296296,83,-0.0585938,-0.0810667,-0.0624187,-0.078125
nn,1,T/4,0.02028903029296296,0.02028903029296296,84,0.03125,0.0949881,0.034736,0.09375
nn,1,T/4,0.02028903029296296,0.02028903029296296,85,-0.03125,0.0949881,-0.034736,0.09375
nn,1,T/4,0.02028903029296296,0.02028903029296296,86,0.03125,-0.0949881,0.034736,-0.09375
nn,1,T/4,0.02028903029296296,0.02028903029296296,87,-0.03125,-0.0949881,-0.034736,-0.09375
nn,1,T/4,0.02028903029296296,0.02028903029296296,88,0.09375,0.0349901,0.0936924,0.0351562
nn,1,T/4,0.02028903029296296,0.02028903029296296,89,-0.09375,0.0349901,-0.0936924,0.0351562
nn,1,T/4,0.02028903029296296,0.02028903029296296,90,0.09375,-0.0349901,0.0936924,-0.0351562
nn,1,T/4,0.02028903029296296,0.02028903029296296,91,-0.09375,-0.0349901,-0.0936924,-0.0351562
nn,1,T/4,0.02028903029296296,0.02028903029296296,92,0.0937181,0.0351562,0.0921601,0.0390625
nn,1,T/4,0.02028903029296296,0.02028903029296296,93,-0.0937181,0.0351562,-0.0921601,0.0390625
nn,1,T/4,0.02028903029296296,0.02028903029296296,94,0.0937181,-0.0351562,0.0921601,-0.0390625
nn,1,T/4,0.02028903029296296,0.02028903029296296,95,-0.0937181,-0.0351562,-0.0921601,-0.0390625
nn,1,T/4,0.02028903029296296,0.02028903029296296,96,0.0898438,0.0441328,0.0884694,0.046875
nn,1,T/4,0.02028903029296296,0.02028903029296296,97,-0.0898438,0.0441328,-0.0884694,0.046875
nn,1,T/4,0.02028903029296296,0.02028903029296296,98,0.0898438,-0.0441328,0.0884694,-0.046875
nn,1,T/4,0.02028903029296296,0.02028903029296296,99,-0.0898438,-0.0441328,-0.0884694,-0.046875
nn,1,T/4,0.02028903029296296,0.02028903029296296,100,0.0921315,0.0390625,0.0903744,0.0429688
nn,1,T/4,0.02028903029296296,0.02028903029296296,101,-0.0921315,0.0390625,-0.0903744,0.0429688
nn,1,T/4,0.02028903029296296,0.02028903029296296,102,0.0921315,-0.0390625,0.0903744,-0.0429688
nn,1,T/4,0.02028903029296296,0.02028903029296296,103,-0.0921315,-0.0390625,-0.0903744,-0.0429688
nn,1,T/4,0.02028903029296296,0.02028903029296296,104,0.0898438,0.0439654,0.0903433,0.0429688
nn,1,T/4,0.02028903029296296,0.02028903029296296,105,-0.0898438,0.0439654,-0.0903433,0.0429688
nn,1,T/4,0.02028903029296296,0.02028903029296296,106,0.0898438,-0.0439654,0.0903433,-0.0429688
nn,1,T/4,0.02028903029296296,0.02028903029296296,107,-0.0898438,-0.0439654,-0.0903433,-0.0429688
nn,1,T/4,0.02028903029296296,0.02028903029296296,108,0.0859375,0.0513398,0.0838705,0.0546875
nn,1,T/4,0.02028903029296296,0.02028903029296296,109,-0.0859375,0.0513398,-0.0838705,0.0546875
nn,1,T/4,0.02028903029296296,0.02028903029296296,110,0.0859375,-0.0513398,0.0838705,-0.0546875
nn,1,T/4,0.02028903029296296,0.02028903029296296,111,-0.0859375,-0.0513398,-0.0838705,-0.0546875
nn,1,T/4,0.02028903029296296,0.02028903029296296,112,0.0820312,0.0573011,0.0811355,0.0585938
nn,1,T/4,0.02028903029296296,0.02028903029296296,113,-0.0820312,0.0573011,-0.0811355,0.0585938
nn,1,T/4,0.02028903029296296,0.02028903029296296,114,0.0820312,-0.0573011,0.0811355,-0.0585938
nn,1,T/4,0.02028903029296296,0.02028903029296296,115,-0.0820312,-0.0573011,-0.0811355,-0.0585938
nn,1,T/4,0.02028903029296296,0.02028903029296296,116,0.0811483,0.0585938,0.0781278,0.0625
nn,1,T/4,0.02028903029296296,0.02028903029296296,117,-0.0811483,0.0585938,-0.0781278,0.0625
nn,1,T/4,0.02028903029296296,0.02028903029296296,118,0.0811483,-0.0585938,0.0781278,-0.0625
nn,1,T/4,0.02028903029296296,0.02028903029296296,119,-0.0811483,-0.0585938,-0.0781278,-0.0625
nn,1,T/4,0.02028903029296296,0.02028903029296296,120,0.0820312,0.0573504,0.0838811,0.0546875
nn,1,T/4,0.02028903029296296,0.02028903029296296,121,-0.0820312,0.0573504,-0.0838811,0.0546875
nn,1,T/4,0.02028903029296296,0.02028903029296296,122,0.0820312,-0.0573504,0.0838811,-0.0546875
nn,1,T/4,0.02028903029296296,0.02028903029296296,123,-0.0820312,-0.0573504,-0.0838811,-0.0546875
nn,1,T/4,0.02028903029296296,0.02028903029296296,124,0.0884273,0.046875,0.0862474,0.0507812
nn,1,T/4,0.02028903029296296,0.02028903029296296,125,-0.0884273,0.046875,-0.0862474,0.0507812
nn,1,T/4,0.02028903029296296,0.02028903029296296,126,0.0884273,-0.046875,0.0862474,-0.0507812
nn,1,T/4,0.02028903029296296,0.02028903029296296,127,-0.0884273,-0.046875,-0.0862474,-0.0507812
nn,1,T/4,0.02028903029296296,0.02028903029296296,128,0.0859375,0.0512007,0.0861885,0.0507812
nn,1,T/4,0.02028903029296296,0.02028903029296296,129,-0.0859375,0.0512007,-0.0861885,0.0507812
nn,1,T/4,0.02028903029296296,0.02028903029296296,130,0.0859375,-0.0512007,0.0861885,-0.0507812
nn,1,T/4,0.02028903029296296,0.02028903029296296,131,-0.0859375,-0.0512007,-0.0861885,-0.0507812
nn,1,T/4,0.02028903029296296,0.02028903029296296,132,0.100074,0.0,0.100004,0.00390625
nn,1,T/4,0.02028903029296296,0.02028903029296296,133,-0.100074,0.0,-0.100004,0.00390625
nn,1,T/4,0.02028903029296296,0.02028903029296296,134,0.100074,-0.0,0.100004,-0.00390625
nn,1,T/4,0.02028903029296296,0.02028903029296296,135,-0.100074,-0.0,-0.100004,-0.00390625
nn,1,T/4,0.02028903029296296,0.02028903029296296,136,0.100011,0.00390625,0.0997875,0.0078125
nn,1,T/4,0.02028903029296296,0.02028903029296296,137,-0.100011,0.00390625,-0.0997875,0.0078125
nn,1,T/4,0.02028903029296296,0.02028903029296296,138,0.100011,-0.00390625,0.0997875,-0.0078125
nn,1,T/4,0.02028903029296296,0.02028903029296296,139,-0.100011,-0.00390625,-0.0997875,-0.0078125
nn,1,T/4,0.02028903029296296,0.02028903029296296,140,0.099785,0.0078125,0.0993996,0.0117188
nn,1,T/4,0.02028903029296296,0.02028903029296296,141,-0.099785,0.0078125,-0.0993996,0.0117188
nn,1,T/4,0.02028903029296296,0.02028903029296296,142,0.099785,-0.0078125,0.0993996,-0.0117188
nn,1,T/4,0.02028903029296296,0.02028903029296296,143,-0.099785,-0.0078125,-0.0993996,-0.0117188
nn,1,T/4,0.02028903029296296,0.02028903029296296,144,0.0994007,0.0117188,0.098856,0.015625
nn,1,T/4,0.02028903029296296,0.02028903029296296,145,-0.0994007,0.0117188,-0.098856,0.015625
nn,1,T/4,0.02028903029296296,0.02028903029296296,146,0.0994007,-0.0117188,0.098856,-0.015625
nn,1,T/4,0.02028903029296296,0.02028903029296296,147,-0.0994007,-0.0117188,-0.098856,-0.015625
nn,1,T/4,0.02028903029296296,0.02028903029296296,148,0.0976562,0.0217509,0.0972836,0.0234375
nn,1,T/4,0.02028903029296296,0.02028903029296296,149,-0.0976562,0.0217509,-0.0972836,0.0234375
nn,1,T/4,0.02028903029296296,0.02028903029296296,150,0.0976562,-0.0217509,0.0972836,-0.0234375
nn,1,T/4,0.02028903029296296,0.02028903029296296,151,-0.0976562,-0.0217509,-0.0972836,-0.0234375
nn,1,T/4,0.02028903029296296,0.02028903029296296,152,0.0988568,0.015625,0.098149,0.0195312
nn,1,T/4,0.02028903029296296,0.02028903029296296,153,-0.0988568,0.015625,-0.098149,0.0195312
nn,1,T/4,0.02028903029296296,0.02028903029296296,154,0.0988568,-0.015625,0.098149,-0.0195312
nn,1,T/4,0.02028903029296296,0.02028903029296296,155,-0.0988568,-0.015625,-0.098149,-0.0195312
nn,1,T/4,0.02028903029296296,0.02028903029296296,156,0.0976562,0.0217325,0.0981426,0.0195312
nn,1,T/4,0.02028903029296296,0.02028903029296296,157,-0.0976562,0.0217325,-0.0981426,0.0195312
nn,1,T/4,0.02028903029296296,0.02028903029296296,158,0.0976562,-0.0217325,0.0981426,-0.0195312
nn,1,T/4,0.02028903029296296,0.02028903029296296,159,-0.0976562,-0.0217325,-0.0981426,-0.0195312
nn,1,T/4,0.02028903029296296,0.02028903029296296,160,0.0972928,0.0234375,0.0962609,0.0273438
nn,1,T/4,0.02028903029296296,0.02028903029296296,161,-0.0972928,0.0234375,-0.0962609,0.0273438
nn,1,T/4,0.02028903029296296,0.02028903029296296,162,0.0972928,-0.0234375,0.0962609,-0.0273438
nn,1,T/4,0.02028903029296296,0.02028903029296296,163,-0.0972928,-0.0234375,-0.0962609,-0.0273438
nn,1,T/4,0.02028903029296296,0.02028903029296296,164,0.096251,0.0273438,0.095047,0.03125
nn,1,T/4,0.02028903029296296,0.02028903029296296,165,-0.096251,0.0273438,-0.095047,0.03125
nn,1,T/4,0.02028903029296296,0.02028903029296296,166,0.096251,-0.0273438,0.095047,-0.03125
nn,1,T/4,0.02028903029296296,0.02028903029296296,167,-0.096251,-0.0273438,-0.095047,-0.03125
nn,1,T/4,0.02028903029296296,0.02028903029296296,168,0.09375,0.034987,0.0950462,0.03125
nn,1,T/4,0.02028903029296296,0.02028903029296296,169,-0.09375,0.034987,-0.0950462,0.03125
nn,1,T/4,0.02028903029296296,0.02028903029296296,170,0.09375,-0.034987,0.0950462,-0.03125
nn,1,T/4,0.02028903029296296,0.02028903029296296,171,-0.09375,-0.034987,-0.0950462,-0.03125
nn,1,T/4,0.02028903029296296,0.02028903029296296,172,0.0625,0.0780356,0.0664062,0.0747391
nn,1,T/4,0.02028903029296296,0.02028903029296296,173,-0.0625,0.0780356,-0.0664062,0.0747391
nn,1,T/4,0.02028903029296296,0.02028903029296296,174,0.0625,-0.0780356,0.0664062,-0.0747391
nn,1,T/4,0.02028903029296296,0.02028903029296296,175,-0.0625,-0.0780356,-0.0664062,-0.0747391
nn,1,T/4,0.02028903029296296,0.02028903029296296,176,0.0703125,0.0711463,0.0669997,0.0742188
nn,1,T/4,0.02028903029296296,0.02028903029296296,177,-0.0703125,0.0711463,-0.0669997,0.0742188
nn,1,T/4,0.02028903029296296,0.02028903029296296,178,0.0703125,-0.0711463,0.0669997,-0.0742188
nn,1,T/4,0.02028903029296296,0.02028903029296296,179,-0.0703125,-0.0711463,-0.0669997,-0.0742188
nn,1,T/4,0.02028903029296296,0.02028903029296296,180,0.0664062,0.0748192,0.0670868,0.0742188
nn,1,T/4,0.02028903029296296,0.02028903029296296,181,-0.0664062,0.0748192,-0.0670868,0.0742188
nn,1,T/4,0.02028903029296296,0.02028903029296296,182,0.0664062,-0.0748192,0.0670868,-0.0742188
nn,1,T/4,0.02028903029296296,0.02028903029296296,183,-0.0664062,-0.0748192,-0.0670868,-0.0742188
nn,1,T/4,0.02028903029296296,0.02028903029296296,184,0.0742188,0.0670549,0.0711519,0.0703125
nn,1,T/4,0.02028903029296296,0.02028903029296296,185,-0.0742188,0.0670549,-0.0711519,0.0703125
nn,1,T/4,0.02028903029296296,0.02028903029296296,186,0.0742188,-0.0670549,0.0711519,-0.0703125
nn,1,T/4,0.02028903029296296,0.02028903029296296,187,-0.0742188,-0.0670549,-0.0711519,-0.0703125
nn,1,T/4,0.02028903029296296,0.02028903029296296,188,0.078125,0.0625072,0.0748141,0.0664062
nn,1,T/4,0.02028903029296296,0.02028903029296296,189,-0.078125,0.0625072,-0.0748141,0.0664062
nn,1,T/4,0.02028903029296296,0.02028903029296296,190,0.078125,-0.0625072,0.0748141,-0.0664062
nn,1,T/4,0.02028903029296296,0.02028903029296296,191,-0.078125,-0.0625072,-0.0748141,-0.0664062
nn,1,T/4,0.02028903029296296,0.02028903029296296,192,0.0742188,0.0671542,0.074889,0.0664062
nn,1,T/4,0.02028903029296296,0.02028903029296296,193,-0.0742188,0.0671542,-0.074889,0.0664062
nn,1,T/4,0.02028903029296296,0.02028903029296296,194,0.0742188,-0.0671542,0.074889,-0.0664062
nn,1,T/4,0.02028903029296296,0.02028903029296296,195,-0.0742188,-0.0671542,-0.074889,-0.0664062
nn,1,T/4,0.02028903029296296,0.02028903029296296,196,0.0703125,0.0712268,0.071234,0.0703125
nn,1,T/4,0.02028903029296296,0.02028903029296296,197,-0.0703125,0.0712268,-0.071234,0.0703125
nn,1,T/4,0.02028903029296296,0.02028903029296296,198,0.0703125,-0.0712268,0.071234,-0.0703125
nn,1,T/4,0.02028903029296296,0.02028903029296296,199,-0.0703125,-0.0712268,-0.071234,-0.0703125
nn,1,T/4,0.02028903029296296,0.02028903029296296,200,0.078125,0.0625062,0.07813,0.0625
nn,1,T/4,0.02028903029296296,0.02028903029296296,201,-0.078125,0.0625062,-0.07813,0.0625
nn,1,T/4,0.02028903029296296,0.02028903029296296,202,0.078125,-0.0625062,0.07813,-0.0625
nn,1,T/4,0.02028903029296296,0.02028903029296296,203,-0.078125,-0.0625062,-0.07813,-0.0625
nn,2,T/2,0.04057806058592593,0.04057806058592593,0,0.0,0.104973,0.00390625,0.104906
nn,2,T/2,0.04057806058592593,0.04057806058592593,1,-0.0,0.104973,-0.00390625,0.104906
nn,2,T/2,0.04057806058592593,0.04057806058592593,2,0.0,-0.104973,0.00390625,-0.104906
nn,2,T/2,0.04057806058592593,0.04057806058592593,3,-0.0,-0.104973,-0.00390625,-0.104906
nn,2,T/2,0.04057806058592593,0.04057806058592593,4,0.00390625,0.104927,0.0078125,0.104687
nn,2,T/2,0.04057806058592593,0.04057806058592593,5,-0.00390625,0.104927,-0.0078125,0.104687
nn,2,T/2,0.04057806058592593,0.04057806058592593,6,0.00390625,-0.104927,0.0078125,-0.104687
nn,2,T/2,0.04057806058592593,0.04057806058592593,7,-0.00390625,-0.104927,-0.0078125,-0.104687
nn,2,T/2,0.04057806058592593,0.04057806058592593,8,0.0078125,0.104677,0.0117188,0.10424
nn,2,T/2,0.04057806058592593,0.04057806058592593,9,-0.0078125,0.104677,-0.0117188,0.10424
nn,2,T/2,0.04057806058592593,0.04057806058592593,10,0.0078125,-0.104677,0.0117188,-0.10424
nn,2,T/2,0.04057806058592593,0.04057806058592593,11,-0.0078125,-0.104677,-0.0117188,-0.10424
nn,2,T/2,0.04057806058592593,0.04057806058592593,12,0.0117188,0.104242,0.015625,0.103625
nn,2,T/2,0.04057806058592593,0.04057806058592593,13,-0.0117188,0.104242,-0.015625,0.103625
nn,2,T/2,0.04057806058592593,0.04057806058592593,14,0.0117188,-0.104242,0.015625,-0.103625
nn,2,T/2,0.04057806058592593,0.04057806058592593,15,-0.0117188,-0.104242,-0.015625,-0.103625
nn,2,T/2,0.04057806058592593,0.04057806058592593,16,0.015625,0.103624,0.0195312,0.102827
nn,2,T/2,0.04057806058592593,0.04057806058592593,17,-0.015625,0.103624,-0.0195312,0.102827
nn,2,T/2,0.04057806058592593,0.04057806058592593,18,0.015625,-0.103624,0.0195312,-0.102827
nn,2,T/2,0.04057806058592593,0.04057806058592593,19,-0.015625,-0.103624,-0.0195312,-0.102827
nn,2,T/2,0.04057806058592593,0.04057806058592593,20,0.0195312,0.102829,0.0234375,0.101847
nn,2,T/2,0.04057806058592593,0.04057806058592593,21,-0.0195312,0.102829,-0.0234375,0.101847
nn,2,T/2,0.04057806058592593,0.04057806058592593,22,0.0195312,-0.102829,0.0234375,-0.101847
nn,2,T/2,0.04057806058592593,0.04057806058592593,23,-0.0195312,-0.102829,-0.0234375,-0.101847
nn,2,T/2,0.04057806058592593,0.04057806058592593,24,0.0273438,0.100678,0.0244007,0.101562
nn,2,T/2,0.04057806058592593,0.04057806058592593,25,-0.0273438,0.100678,-0.0244007,0.101562
nn,2,T/2,0.04057806058592593,0.04057806058592593,26,0.0273438,-0.100678,0.0244007,-0.101562
nn,2,T/2,0.04057806058592593,0.04057806058592593,27,-0.0273438,-0.100678,-0.0244007,-0.101562
nn,2,T/2,0.04057806058592593,0.04057806058592593,28,0.0273438,0.100674,0.03125,0.0993056
nn,2,T/2,0.04057806058592593,0.04057806058592593,29,-0.0273438,0.100674,-0.03125,0.0993056
nn,2,T/2,0.04057806058592593,0.04057806058592593,30,0.0273438,-0.100674,0.03125,-0.0993056
nn,2,T/2,0.04057806058592593,0.04057806058592593,31,-0.0273438,-0.100674,-0.03125,-0.0993056
nn,2,T/2,0.04057806058592593,0.04057806058592593,32,0.0234375,0.101837,0.0243497,0.101562
nn,2,T/2,0.04057806058592593,0.04057806058592593,33,-0.0234375,0.101837,-0.0243497,0.101562
nn,2,T/2,0.04057806058592593,0.04057806058592593,34,0.0234375,-0.101837,0.0243497,-0.101562
nn,2,T/2,0.04057806058592593,0.04057806058592593,35,-0.0234375,-0.101837,-0.0243497,-0.101562
nn,2,T/2,0.04057806058592593,0.04057806058592593,36,0.046875,0.0916237,0.0432427,0.09375
nn,2,T/2,0.04057806058592593,0.04057806058592593,37,-0.046875,0.0916237,-0.0432427,0.09375
nn,2,T/2,0.04057806058592593,0.04057806058592593,38,0.046875,-0.0916237,0.0432427,-0.09375
nn,2,T/2,0.04057806058592593,0.04057806058592593,39,-0.046875,-0.0916237,-0.0432427,-0.09375
nn,2,T/2,0.04057806058592593,0.04057806058592593,40,0.0507812,0.0890452,0.0495738,0.0898438
nn,2,T/2,0.04057806058592593,0.04057806058592593,41,-0.0507812,0.0890452,-0.0495738,0.0898438
nn,2,T/2,0.04057806058592593,0.04057806058592593,42,0.0507812,-0.0890452,0.0495738,-0.0898438
nn,2,T/2,0.04057806058592593,0.04057806058592593,43,-0.0507812,-0.0890452,-0.0495738,-0.0898438
nn,2,T/2,0.04057806058592593,0.04057806058592593,44,0.046875,0.0916578,0.0496171,0.0898438
nn,2,T/2,0.04057806058592593,0.04057806058592593,45,-0.046875,0.0916578,-0.0496171,0.0898438
nn,2,T/2,0.04057806058592593,0.04057806058592593,46,0.046875,-0.0916578,0.0496171,-0.0898438
nn,2,T/2,0.04057806058592593,0.04057806058592593,47,-0.046875,-0.0916578,-0.0496171,-0.0898438
nn,2,T/2,0.04057806058592593,0.04057806058592593,48,0.0507812,0.0890429,0.0546875,0.086146
nn,2,T/2,0.04057806058592593,0.04057806058592593,49,-0.0507812,0.0890429,-0.0546875,0.086146
nn,2,T/2,0.04057806058592593,0.04057806058592593,50,0.0507812,-0.0890429,0.0546875,-0.086146
nn,2,T/2,0.04057806058592593,0.04057806058592593,51,-0.0507812,-0.0890429,-0.0546875,-0.086146
nn,2,T/2,0.04057806058592593,0.04057806058592593,52,0.0585938,0.0829689,0.0549567,0.0859375
nn,2,T/2,0.04057806058592593,0.04057806058592593,53,-0.0585938,0.0829689,-0.0549567,0.0859375
nn,2,T/2,0.04057806058592593,0.04057806058592593,54,0.0585938,-0.0829689,0.0549567,-0.0859375
nn,2,T/2,0.04057806058592593,0.04057806058592593,55,-0.0585938,-0.0829689,-0.0549567,-0.0859375
nn,2,T/2,0.04057806058592593,0.04057806058592593,56,0.0625,0.0794277,0.0596365,0.0820312
nn,2,T/2,0.04057806058592593,0.04057806058592593,57,-0.0625,0.0794277,-0.0596365,0.0820312
nn,2,T/2,0.04057806058592593,0.04057806058592593,58,0.0625,-0.0794277,0.0596365,-0.0820312
nn,2,T/2,0.04057806058592593,0.04057806058592593,59,-0.0625,-0.0794277,-0.0596365,-0.0820312
nn,2,T/2,0.04057806058592593,0.04057806058592593,60,0.0585938,0.0830104,0.0597182,0.0820312
nn,2,T/2,0.04057806058592593,0.04057806058592593,61,-0.0585938,0.0830104,-0.0597182,0.0820312
nn,2,T/2,0.04057806058592593,0.04057806058592593,62,0.0585938,-0.0830104,0.0597182,-0.0820312
nn,2,T/2,0.04057806058592593,0.04057806058592593,63,-0.0585938,-0.0830104,-0.0597182,-0.0820312
nn,2,T/2,0.04057806058592593,0.04057806058592593,64,0.0546875,0.0861557,0.0549679,0.0859375
nn,2,T/2,0.04057806058592593,0.04057806058592593,65,-0.0546875,0.0861557,-0.0549679,0.0859375
nn,2,T/2,0.04057806058592593,0.04057806058592593,66,0.0546875,-0.0861557,0.0549679,-0.0859375
nn,2,T/2,0.04057806058592593,0.04057806058592593,67,-0.0546875,-0.0861557,-0.0549679,-0.0859375
nn,2,T/2,0.04057806058592593,0.04057806058592593,68,0.03125,0.0993095,0.0351562,0.0977387
nn,2,T/2,0.04057806058592593,0.04057806058592593,69,-0.03125,0.0993095,-0.0351562,0.0977387
nn,2,T/2,0.04057806058592593,0.04057806058592593,70,0.03125,-0.0993095,0.0351562,-0.0977387
nn,2,T/2,0.04057806058592593,0.04057806058592593,71,-0.03125,-0.0993095,-0.0351562,-0.0977387
nn,2,T/2,0.04057806058592593,0.04057806058592593,72,0.0390625,0.0959516,0.0353566,0.0976562
nn,2,T/2,0.04057806058592593,0.04057806058592593,73,-0.0390625,0.0959516,-0.0353566,0.0976562
nn,2,T/2,0.04057806058592593,0.04057806058592593,74,0.0390625,-0.0959516,0.0353566,-0.0976562
nn,2,T/2,0.04057806058592593,0.04057806058592593,75,-0.0390625,-0.0959516,-0.0353566,-0.0976562
nn,2,T/2,0.04057806058592593,0.04057806058592593,76,0.0351562,0.0977053,0.0352629,0.0976562
nn,2,T/2,0.04057806058592593,0.04057806058592593,77,-0.0351562,0.0977053,-0.0352629,0.0976562
nn,2,T/2,0.04057806058592593,0.04057806058592593,78,0.0351562,-0.0977053,0.0352629,-0.0976562
nn,2,T/2,0.04057806058592593,0.04057806058592593,79,-0.0351562,-0.0977053,-0.0352629,-0.0976562
nn,2,T/2,0.04057806058592593,0.04057806058592593,80,0.0390625,0.0959518,0.0429688,0.0939091
nn,2,T/2,0.04057806058592593,0.04057806058592593,81,-0.0390625,0.0959518,-0.0429688,0.0939091
nn,2,T/2,0.04057806058592593,0.04057806058592593,82,0.0390625,-0.0959518,0.0429688,-0.0939091
nn,2,T/2,0.04057806058592593,0.04057806058592593,83,-0.0390625,-0.0959518,-0.0429688,-0.0939091
nn,2,T/2,0.04057806058592593,0.04057806058592593,84,0.0429688,0.0938333,0.043115,0.09375
nn,2,T/2,0.04057806058592593,0.04057806058592593,85,-0.0429688,0.0938333,-0.043115,0.09375
nn,2,T/2,0.04057806058592593,0.04057806058592593,86,0.0429688,-0.0938333,0.043115,-0.09375
nn,2,T/2,0.04057806058592593,0.04057806058592593,87,-0.0429688,-0.0938333,-0.043115,-0.09375
nn,2,T/2,0.04057806058592593,0.04057806058592593,88,0.09375,0.0181808,0.0935357,0.0195312
nn,2,T/2,0.04057806058592593,0.04057806058592593,89,-0.09375,0.0181808,-0.0935357,0.0195312
nn,2,T/2,0.04057806058592593,0.04057806058592593,90,0.09375,-0.0181808,0.0935357,-0.0195312
nn,2,T/2,0.04057806058592593,0.04057806058592593,91,-0.09375,-0.0181808,-0.0935357,-0.0195312
nn,2,T/2,0.04057806058592593,0.04057806058592593,92,0.093524,0.0195312,0.0927691,0.0234375
nn,2,T/2,0.04057806058592593,0.04057806058592593,93,-0.093524,0.0195312,-0.0927691,0.0234375
nn,2,T/2,0.04057806058592593,0.04057806058592593,94,0.093524,-0.0195312,0.0927691,-0.0234375
nn,2,T/2,0.04057806058592593,0.04057806058592593,95,-0.093524,-0.0195312,-0.0927691,-0.0234375
nn,2,T/2,0.04057806058592593,0.04057806058592593,96,0.0927702,0.0234375,0.0918773,0.0273438
nn,2,T/2,0.04057806058592593,0.04057806058592593,97,-0.0927702,0.0234375,-0.0918773,0.0273438
nn,2,T/2,0.04057806058592593,0.04057806058592593,98,0.0927702,-0.0234375,0.0918773,-0.0273438
nn,2,T/2,0.04057806058592593,0.04057806058592593,99,-0.0927702,-0.0234375,-0.0918773,-0.0273438
nn,2,T/2,0.04057806058592593,0.04057806058592593,100,0.0918788,0.0273438,0.0908427,0.03125
nn,2,T/2,0.04057806058592593,0.04057806058592593,101,-0.0918788,0.0273438,-0.0908427,0.03125
nn,2,T/2,0.04057806058592593,0.04057806058592593,102,0.0918788,-0.0273438,0.0908427,-0.03125
nn,2,T/2,0.04057806058592593,0.04057806058592593,103,-0.0918788,-0.0273438,-0.0908427,-0.03125
nn,2,T/2,0.04057806058592593,0.04057806058592593,104,0.078125,0.0600459,0.0765822,0.0625
nn,2,T/2,0.04057806058592593,0.04057806058592593,105,-0.078125,0.0600459,-0.0765822,0.0625
nn,2,T/2,0.04057806058592593,0.04057806058592593,106,0.078125,-0.0600459,0.0765822,-0.0625
nn,2,T/2,0.04057806058592593,0.04057806058592593,107,-0.078125,-0.0600459,-0.0765822,-0.0625
nn,2,T/2,0.04057806058592593,0.04057806058592593,108,0.0859375,0.0451059,0.0851799,0.046875
nn,2,T/2,0.04057806058592593,0.04057806058592593,109,-0.0859375,0.0451059,-0.0851799,0.046875
nn,2,T/2,0.04057806058592593,0.04057806058592593,110,0.0859375,-0.0451059,0.0851799,-0.046875
nn,2,T/2,0.04057806058592593,0.04057806058592593,111,-0.0859375,-0.0451059,-0.0851799,-0.046875
nn,2,T/2,0.04057806058592593,0.04057806058592593,112,0.0898438,0.0345612,0.0896647,0.0351562
nn,2,T/2,0.04057806058592593,0.04057806058592593,113,-0.0898438,0.0345612,-0.0896647,0.0351562
nn,2,T/2,0.04057806058592593,0.04057806058592593,114,0.0898438,-0.0345612,0.0896647,-0.0351562
nn,2,T/2,0.04057806058592593,0.04057806058592593,115,-0.0898438,-0.0345612,-0.0896647,-0.0351562
nn,2,T/2,0.04057806058592593,0.04057806058592593,116,0.0896767,0.0351562,0.0883431,0.0390625
nn,2,T/2,0.04057806058592593,0.04057806058592593,117,-0.0896767,0.0351562,-0.0883431,0.0390625
nn,2,T/2,0.04057806058592593,0.04057806058592593,118,0.0896767,-0.0351562,0.0883431,-0.0390625
nn,2,T/2,0.04057806058592593,0.04057806058592593,119,-0.0896767,-0.0351562,-0.0883431,-0.0390625
nn,2,T/2,0.04057806058592593,0.04057806058592593,120,0.0898438,0.0345586,0.0908394,0.03125
nn,2,T/2,0.04057806058592593,0.04057806058592593,121,-0.0898438,0.0345586,-0.0908394,0.03125
nn,2,T/2,0.04057806058592593,0.04057806058592593,122,0.0898438,-0.0345586,0.0908394,-0.03125
nn,2,T/2,0.04057806058592593,0.04057806058592593,123,-0.0898438,-0.0345586,-0.0908394,-0.03125
nn,2,T/2,0.04057806058592593,0.04057806058592593,124,0.0883345,0.0390625,0.0868347,0.0429688
nn,2,T/2,0.04057806058592593,0.04057806058592593,125,-0.0883345,0.0390625,-0.0868347,0.0429688
nn,2,T/2,0.04057806058592593,0.04057806058592593,126,0.0883345,-0.0390625,0.0868347,-0.0429688
nn,2,T/2,0.04057806058592593,0.04057806058592593,127,-0.0883345,-0.0390625,-0.0868347,-0.0429688
nn,2,T/2,0.04057806058592593,0.04057806058592593,128,0.0859375,0.0450802,0.0868418,0.0429688
nn,2,T/2,0.04057806058592593,0.04057806058592593,129,-0.0859375,0.0450802,-0.0868418,0.0429688
nn,2,T/2,0.04057806058592593,0.04057806058592593,130,0.0859375,-0.0450802,0.0868418,-0.0429688
nn,2,T/2,0.04057806058592593,0.04057806058592593,131,-0.0859375,-0.0450802,-0.0868418,-0.0429688
nn,2,T/2,0.04057806058592593,0.04057806058592593,132,0.0820312,0.0531982,0.0812465,0.0546875
nn,2,T/2,0.04057806058592593,0.04057806058592593,133,-0.0820312,0.0531982,-0.0812465,0.0546875
nn,2,T/2,0.04057806058592593,0.04057806058592593,134,0.0820312,-0.0531982,0.0812465,-0.0546875
nn,2,T/2,0.04057806058592593,0.04057806058592593,135,-0.0820312,-0.0531982,-0.0812465,-0.0546875
nn,2,T/2,0.04057806058592593,0.04057806058592593,136,0.0851614,0.046875,0.083316,0.0507812
nn,2,T/2,0.04057806058592593,0.04057806058592593,137,-0.0851614,0.046875,-0.083316,0.0507812
nn,2,T/2,0.04057806058592593,0.04057806058592593,138,0.0851614,-0.046875,0.083316,-0.0507812
nn,2,T/2,0.04057806058592593,0.04057806058592593,139,-0.0851614,-0.046875,-0.083316,-0.0507812
nn,2,T/2,0.04057806058592593,0.04057806058592593,140,0.0820312,0.0533291,0.0833738,0.0507812
nn,2,T/2,0.04057806058592593,0.04057806058592593,141,-0.0820312,0.0533291,-0.0833738,0.0507812
nn,2,T/2,0.04057806058592593,0.04057806058592593,142,0.0820312,-0.0533291,0.0833738,-0.0507812
nn,2,T/2,0.04057806058592593,0.04057806058592593,143,-0.0820312,-0.0533291,-0.0833738,-0.0507812
nn,2,T/2,0.04057806058592593,0.04057806058592593,144,0.0812512,0.0546875,0.0789927,0.0585938
nn,2,T/2,0.04057806058592593,0.04057806058592593,145,-0.0812512,0.0546875,-0.0789927,0.0585938
nn,2,T/2,0.04057806058592593,0.04057806058592593,146,0.0812512,-0.0546875,0.0789927,-0.0585938
nn,2,T/2,0.04057806058592593,0.04057806058592593,147,-0.0812512,-0.0546875,-0.0789927,-0.0585938
nn,2,T/2,0.04057806058592593,0.04057806058592593,148,0.078125,0.0600199,0.0790132,0.0585938
nn,2,T/2,0.04057806058592593,0.04057806058592593,149,-0.078125,0.0600199,-0.0790132,0.0585938
nn,2,T/2,0.04057806058592593,0.04057806058592593,150,0.078125,-0.0600199,0.0790132,-0.0585938
nn,2,T/2,0.04057806058592593,0.04057806058592593,151,-0.078125,-0.0600199,-0.0790132,-0.0585938
nn,2,T/2,0.04057806058592593,0.04057806058592593,152,0.0952344,0.0,0.0951713,0.00390625
nn,2,T/2,0.04057806058592593,0.04057806058592593,153,-0.0952344,0.0,-0.0951713,0.00390625
nn,2,T/2,0.04057806058592593,0.04057806058592593,154,0.0952344,-0.0,0.0951713,-0.00390625
nn,2,T/2,0.04057806058592593,0.04057806058592593,155,-0.0952344,-0.0,-0.0951713,-0.00390625
nn,2,T/2,0.04057806058592593,0.04057806058592593,156,0.0951772,0.00390625,0.0949759,0.0078125
nn,2,T/2,0.04057806058592593,0.04057806058592593,157,-0.0951772,0.00390625,-0.0949759,0.0078125
nn,2,T/2,0.04057806058592593,0.04057806058592593,158,0.0951772,-0.00390625,0.0949759,-0.0078125
nn,2,T/2,0.04057806058592593,0.04057806058592593,159,-0.0951772,-0.00390625,-0.0949759,-0.0078125
nn,2,T/2,0.04057806058592593,0.04057806058592593,160,0.0949727,0.0078125,0.0946276,0.0117188
nn,2,T/2,0.04057806058592593,0.04057806058592593,161,-0.0949727,0.0078125,-0.0946276,0.0117188
nn,2,T/2,0.04057806058592593,0.04057806058592593,162,0.0949727,-0.0078125,0.0946276,-0.0117188
nn,2,T/2,0.04057806058592593,0.04057806058592593,163,-0.0949727,-0.0078125,-0.0946276,-0.0117188
nn,2,T/2,0.04057806058592593,0.04057806058592593,164,0.094628,0.0117188,0.0941447,0.015625
nn,2,T/2,0.04057806058592593,0.04057806058592593,165,-0.094628,0.0117188,-0.0941447,0.015625
nn,2,T/2,0.04057806058592593,0.04057806058592593,166,0.094628,-0.0117188,0.0941447,-0.015625
nn,2,T/2,0.04057806058592593,0.04057806058592593,167,-0.094628,-0.0117188,-0.0941447,-0.015625
nn,2,T/2,0.04057806058592593,0.04057806058592593,168,0.09375,0.018061,0.0941366,0.015625
nn,2,T/2,0.04057806058592593,0.04057806058592593,169,-0.09375,0.018061,-0.0941366,0.015625
nn,2,T/2,0.04057806058592593,0.04057806058592593,170,0.09375,-0.018061,0.0941366,-0.015625
nn,2,T/2,0.04057806058592593,0.04057806058592593,171,-0.09375,-0.018061,-0.0941366,-0.015625
nn,2,T/2,0.04057806058592593,0.04057806058592593,172,0.0664062,0.0754023,0.0638212,0.078125
nn,2,T/2,0.04057806058592593,0.04057806058592593,173,-0.0664062,0.0754023,-0.0638212,0.078125
nn,2,T/2,0.04057806058592593,0.04057806058592593,174,0.0664062,-0.0754023,0.0638212,-0.078125
nn,2,T/2,0.04057806058592593,0.04057806058592593,175,-0.0664062,-0.0754023,-0.0638212,-0.078125
nn,2,T/2,0.04057806058592593,0.04057806058592593,176,0.0703125,0.0708997,0.0675117,0.0742188
nn,2,T/2,0.04057806058592593,0.04057806058592593,177,-0.0703125,0.0708997,-0.0675117,0.0742188
nn,2,T/2,0.04057806058592593,0.04057806058592593,178,0.0703125,-0.0708997,0.0675117,-0.0742188
nn,2,T/2,0.04057806058592593,0.04057806058592593,179,-0.0703125,-0.0708997,-0.0675117,-0.0742188
nn,2,T/2,0.04057806058592593,0.04057806058592593,180,0.0664062,0.0754305,0.0675022,0.0742188
nn,2,T/2,0.04057806058592593,0.04057806058592593,181,-0.0664062,0.0754305,-0.0675022,0.0742188
nn,2,T/2,0.04057806058592593,0.04057806058592593,182,0.0664062,-0.0754305,0.0675022,-0.0742188
nn,2,T/2,0.04057806058592593,0.04057806058592593,183,-0.0664062,-0.0754305,-0.0675022,-0.0742188
nn,2,T/2,0.04057806058592593,0.04057806058592593,184,0.0742188,0.0657008,0.0737086,0.0664062
nn,2,T/2,0.04057806058592593,0.04057806058592593,185,-0.0742188,0.0657008,-0.0737086,0.0664062
nn,2,T/2,0.04057806058592593,0.04057806058592593,186,0.0742188,-0.0657008,0.0737086,-0.0664062
nn,2,T/2,0.04057806058592593,0.04057806058592593,187,-0.0742188,-0.0657008,-0.0737086,-0.0664062
nn,2,T/2,0.04057806058592593,0.04057806058592593,188,0.0737816,0.0664062,0.0707545,0.0703125
nn,2,T/2,0.04057806058592593,0.04057806058592593,189,-0.0737816,0.0664062,-0.0707545,0.0703125
nn,2,T/2,0.04057806058592593,0.04057806058592593,190,0.0737816,-0.0664062,0.0707545,-0.0703125
nn,2,T/2,0.04057806058592593,0.04057806058592593,191,-0.0737816,-0.0664062,-0.0707545,-0.0703125
nn,2,T/2,0.04057806058592593,0.04057806058592593,192,0.0742188,0.0658834,0.0766156,0.0625
nn,2,T/2,0.04057806058592593,0.04057806058592593,193,-0.0742188,0.0658834,-0.0766156,0.0625
nn,2,T/2,0.04057806058592593,0.04057806058592593,194,0.0742188,-0.0658834,0.0766156,-0.0625
nn,2,T/2,0.04057806058592593,0.04057806058592593,195,-0.0742188,-0.0658834,-0.0766156,-0.0625
nn,2,T/2,0.04057806058592593,0.04057806058592593,196,0.0703125,0.0708855,0.0707733,0.0703125
nn,2,T/2,0.04057806058592593,0.04057806058592593,197,-0.0703125,0.0708855,-0.0707733,0.0703125
nn,2,T/2,0.04057806058592593,0.04057806058592593,198,0.0703125,-0.0708855,0.0707733,-0.0703125
nn,2,T/2,0.04057806058592593,0.04057806058592593,199,-0.0703125,-0.0708855,-0.0707733,-0.0703125
nn,2,T/2,0.04057806058592593,0.04057806058592593,200,0.0625,0.0794484,0.0638457,0.078125
nn,2,T/2,0.04057806058592593,0.04057806058592593,201,-0.0625,0.0794484,-0.0638457,0.078125
nn,2,T/2,0.04057806058592593,0.04057806058592593,202,0.0625,-0.0794484,0.0638457,-0.078125
nn,2,T/2,0.04057806058592593,0.04057806058592593,203,-0.0625,-0.0794484,-0.0638457,-0.078125
nn,3,3T/4,0.06086709087888889,0.06086709087888889,0,0.0,0.100076,0.00390625,0.100009
nn,3,3T/4,0.06086709087888889,0.06086709087888889,1,-0.0,0.100076,-0.00390625,0.100009
nn,3,3T/4,0.06086709087888889,0.06086709087888889,2,0.0,-0.100076,0.00390625,-0.100009
nn,3,3T/4,0.06086709087888889,0.06086709087888889,3,-0.0,-0.100076,-0.00390625,-0.100009
nn,3,3T/4,0.06086709087888889,0.06086709087888889,4,0.00390625,0.100018,0.0078125,0.0997999
nn,3,3T/4,0.06086709087888889,0.06086709087888889,5,-0.00390625,0.100018,-0.0078125,0.0997999
nn,3,3T/4,0.06086709087888889,0.06086709087888889,6,0.00390625,-0.100018,0.0078125,-0.0997999
nn,3,3T/4,0.06086709087888889,0.06086709087888889,7,-0.00390625,-0.100018,-0.0078125,-0.0997999
nn,3,3T/4,0.06086709087888889,0.06086709087888889,8,0.0078125,0.0997969,0.0117188,0.0994151
nn,3,3T/4,0.06086709087888889,0.06086709087888889,9,-0.0078125,0.0997969,-0.0117188,0.0994151
nn,3,3T/4,0.06086709087888889,0.06086709087888889,10,0.0078125,-0.0997969,0.0117188,-0.0994151
nn,3,3T/4,0.06086709087888889,0.06086709087888889,11,-0.0078125,-0.0997969,-0.0117188,-0.0994151
nn,3,3T/4,0.06086709087888889,0.06086709087888889,12,0.0117188,0.0994154,0.015625,0.0988752
nn,3,3T/4,0.06086709087888889,0.06086709087888889,13,-0.0117188,0.0994154,-0.015625,0.0988752
nn,3,3T/4,0.06086709087888889,0.06086709087888889,14,0.0117188,-0.0994154,0.015625,-0.0988752
nn,3,3T/4,0.06086709087888889,0.06086709087888889,15,-0.0117188,-0.0994154,-0.015625,-0.0988752
nn,3,3T/4,0.06086709087888889,0.06086709087888889,16,0.015625,0.0988765,0.0195312,0.0981745
nn,3,3T/4,0.06086709087888889,0.06086709087888889,17,-0.015625,0.0988765,-0.0195312,0.0981745
nn,3,3T/4,0.06086709087888889,0.06086709087888889,18,0.015625,-0.0988765,0.0195312,-0.0981745
nn,3,3T/4,0.06086709087888889,0.06086709087888889,19,-0.015625,-0.0988765,-0.0195312,-0.0981745
nn,3,3T/4,0.06086709087888889,0.06086709087888889,20,0.0234375,0.097316,0.0218907,0.0976562
nn,3,3T/4,0.06086709087888889,0.06086709087888889,21,-0.0234375,0.097316,-0.0218907,0.0976562
nn,3,3T/4,0.06086709087888889,0.06086709087888889,22,0.0234375,-0.097316,0.0218907,-0.0976562
nn,3,3T/4,0.06086709087888889,0.06086709087888889,23,-0.0234375,-0.097316,-0.0218907,-0.0976562
nn,3,3T/4,0.06086709087888889,0.06086709087888889,24,0.0195312,0.0981681,0.0218585,0.0976562
nn,3,3T/4,0.06086709087888889,0.06086709087888889,25,-0.0195312,0.0981681,-0.0218585,0.0976562
nn,3,3T/4,0.06086709087888889,0.06086709087888889,26,0.0195312,-0.0981681,0.0218585,-0.0976562
nn,3,3T/4,0.06086709087888889,0.06086709087888889,27,-0.0195312,-0.0981681,-0.0218585,-0.0976562
nn,3,3T/4,0.06086709087888889,0.06086709087888889,28,0.0234375,0.0973235,0.0273438,0.0962906
nn,3,3T/4,0.06086709087888889,0.06086709087888889,29,-0.0234375,0.0973235,-0.0273438,0.0962906
nn,3,3T/4,0.06086709087888889,0.06086709087888889,30,0.0234375,-0.0973235,0.0273438,-0.0962906
nn,3,3T/4,0.06086709087888889,0.06086709087888889,31,-0.0234375,-0.0973235,-0.0273438,-0.0962906
nn,3,3T/4,0.06086709087888889,0.06086709087888889,32,0.0273438,0.096281,0.03125,0.0950702
nn,3,3T/4,0.06086709087888889,0.06086709087888889,33,-0.0273438,0.096281,-0.03125,0.0950702
nn,3,3T/4,0.06086709087888889,0.06086709087888889,34,0.0273438,-0.096281,0.03125,-0.0950702
nn,3,3T/4,0.06086709087888889,0.06086709087888889,35,-0.0273438,-0.096281,-0.03125,-0.0950702
nn,3,3T/4,0.06086709087888889,0.06086709087888889,36,0.0351562,0.0937057,0.0350292,0.09375
nn,3,3T/4,0.06086709087888889,0.06086709087888889,37,-0.0351562,0.0937057,-0.0350292,0.09375
nn,3,3T/4,0.06086709087888889,0.06086709087888889,38,0.0351562,-0.0937057,0.0350292,-0.09375
nn,3,3T/4,0.06086709087888889,0.06086709087888889,39,-0.0351562,-0.0937057,-0.0350292,-0.09375
nn,3,3T/4,0.06086709087888889,0.06086709087888889,40,0.0351562,0.0937343,0.0390625,0.0921646
nn,3,3T/4,0.06086709087888889,0.06086709087888889,41,-0.0351562,0.0937343,-0.0390625,0.0921646
nn,3,3T/4,0.06086709087888889,0.06086709087888889,42,0.0351562,-0.0937343,0.0390625,-0.0921646
nn,3,3T/4,0.06086709087888889,0.06086709087888889,43,-0.0351562,-0.0937343,-0.0390625,-0.0921646
nn,3,3T/4,0.06086709087888889,0.06086709087888889,44,0.0390625,0.0921339,0.0429688,0.090358
nn,3,3T/4,0.06086709087888889,0.06086709087888889,45,-0.0390625,0.0921339,-0.0429688,0.090358
nn,3,3T/4,0.06086709087888889,0.06086709087888889,46,0.0390625,-0.0921339,0.0429688,-0.090358
nn,3,3T/4,0.06086709087888889,0.06086709087888889,47,-0.0390625,-0.0921339,-0.0429688,-0.090358
nn,3,3T/4,0.06086709087888889,0.06086709087888889,48,0.046875,0.0884317,0.0440835,0.0898438
nn,3,3T/4,0.06086709087888889,0.06086709087888889,49,-0.046875,0.0884317,-0.0440835,0.0898438
nn,3,3T/4,0.06086709087888889,0.06086709087888889,50,0.046875,-0.0884317,0.0440835,-0.0898438
nn,3,3T/4,0.06086709087888889,0.06086709087888889,51,-0.046875,-0.0884317,-0.0440835,-0.0898438
nn,3,3T/4,0.06086709087888889,0.06086709087888889,52,0.0429688,0.0903248,0.0439198,0.0898438
nn,3,3T/4,0.06086709087888889,0.06086709087888889,53,-0.0429688,0.0903248,-0.0439198,0.0898438
nn,3,3T/4,0.06086709087888889,0.06086709087888889,54,0.0429688,-0.0903248,0.0439198,-0.0898438
nn,3,3T/4,0.06086709087888889,0.06086709087888889,55,-0.0429688,-0.0903248,-0.0439198,-0.0898438
nn,3,3T/4,0.06086709087888889,0.06086709087888889,56,0.0625,0.0780487,0.0624042,0.078125
nn,3,3T/4,0.06086709087888889,0.06086709087888889,57,-0.0625,0.0780487,-0.0624042,0.078125
nn,3,3T/4,0.06086709087888889,0.06086709087888889,58,0.0625,-0.0780487,0.0624042,-0.078125
nn,3,3T/4,0.06086709087888889,0.06086709087888889,59,-0.0625,-0.0780487,-0.0624042,-0.078125
nn,3,3T/4,0.06086709087888889,0.06086709087888889,60,0.0546875,0.0837987,0.051249,0.0859375
nn,3,3T/4,0.06086709087888889,0.06086709087888889,61,-0.0546875,0.0837987,-0.051249,0.0859375
nn,3,3T/4,0.06086709087888889,0.06086709087888889,62,0.0546875,-0.0837987,0.051249,-0.0859375
nn,3,3T/4,0.06086709087888889,0.06086709087888889,63,-0.0546875,-0.0837987,-0.051249,-0.0859375
nn,3,3T/4,0.06086709087888889,0.06086709087888889,64,0.046875,0.0883929,0.0507812,0.0861952
nn,3,3T/4,0.06086709087888889,0.06086709087888889,65,-0.046875,0.0883929,-0.0507812,0.0861952
nn,3,3T/4,0.06086709087888889,0.06086709087888889,66,0.046875,-0.0883929,0.0507812,-0.0861952
nn,3,3T/4,0.06086709087888889,0.06086709087888889,67,-0.046875,-0.0883929,-0.0507812,-0.0861952
nn,3,3T/4,0.06086709087888889,0.06086709087888889,68,0.0507812,0.0861104,0.0510689,0.0859375
nn,3,3T/4,0.06086709087888889,0.06086709087888889,69,-0.0507812,0.0861104,-0.0510689,0.0859375
nn,3,3T/4,0.06086709087888889,0.06086709087888889,70,0.0507812,-0.0861104,0.0510689,-0.0859375
nn,3,3T/4,0.06086709087888889,0.06086709087888889,71,-0.0507812,-0.0861104,-0.0510689,-0.0859375
nn,3,3T/4,0.06086709087888889,0.06086709087888889,72,0.0585938,0.0810932,0.0572463,0.0820312
nn,3,3T/4,0.06086709087888889,0.06086709087888889,73,-0.0585938,0.0810932,-0.0572463,0.0820312
nn,3,3T/4,0.06086709087888889,0.06086709087888889,74,0.0585938,-0.0810932,0.0572463,-0.0820312
nn,3,3T/4,0.06086709087888889,0.06086709087888889,75,-0.0585938,-0.0810932,-0.0572463,-0.0820312
nn,3,3T/4,0.06086709087888889,0.06086709087888889,76,0.0546875,0.0837854,0.0572047,0.0820312
nn,3,3T/4,0.06086709087888889,0.06086709087888889,77,-0.0546875,0.0837854,-0.0572047,0.0820312
nn,3,3T/4,0.06086709087888889,0.06086709087888889,78,0.0546875,-0.0837854,0.0572047,-0.0820312
nn,3,3T/4,0.06086709087888889,0.06086709087888889,79,-0.0546875,-0.0837854,-0.0572047,-0.0820312
nn,3,3T/4,0.06086709087888889,0.06086709087888889,80,0.0585938,0.0810639,0.0624035,0.078125
nn,3,3T/4,0.06086709087888889,0.06086709087888889,81,-0.0585938,0.0810639,-0.0624035,0.078125
nn,3,3T/4,0.06086709087888889,0.06086709087888889,82,0.0585938,-0.0810639,0.0624035,-0.078125
nn,3,3T/4,0.06086709087888889,0.06086709087888889,83,-0.0585938,-0.0810639,-0.0624035,-0.078125
nn,3,3T/4,0.06086709087888889,0.06086709087888889,84,0.03125,0.0950669,0.035024,0.09375
nn,3,3T/4,0.06086709087888889,0.06086709087888889,85,-0.03125,0.0950669,-0.035024,0.09375
nn,3,3T/4,0.06086709087888889,0.06086709087888889,86,0.03125,-0.0950669,0.035024,-0.09375
nn,3,3T/4,0.06086709087888889,0.06086709087888889,87,-0.03125,-0.0950669,-0.035024,-0.09375
nn,3,3T/4,0.06086709087888889,0.06086709087888889,88,0.078125,0.0624632,0.0780954,0.0625
nn,3,3T/4,0.06086709087888889,0.06086709087888889,89,-0.078125,0.0624632,-0.0780954,0.0625
nn,3,3T/4,0.06086709087888889,0.06086709087888889,90,0.078125,-0.0624632,0.0780954,-0.0625
nn,3,3T/4,0.06086709087888889,0.06086709087888889,91,-0.078125,-0.0624632,-0.0780954,-0.0625
nn,3,3T/4,0.06086709087888889,0.06086709087888889,92,0.09375,0.0348004,0.0936263,0.0351562
nn,3,3T/4,0.06086709087888889,0.06086709087888889,93,-0.09375,0.0348004,-0.0936263,0.0351562
nn,3,3T/4,0.06086709087888889,0.06086709087888889,94,0.09375,-0.0348004,0.0936263,-0.0351562
nn,3,3T/4,0.06086709087888889,0.06086709087888889,95,-0.09375,-0.0348004,-0.0936263,-0.0351562
nn,3,3T/4,0.06086709087888889,0.06086709087888889,96,0.0936417,0.0351562,0.0920997,0.0390625
nn,3,3T/4,0.06086709087888889,0.06086709087888889,97,-0.0936417,0.0351562,-0.0920997,0.0390625
nn,3,3T/4,0.06086709087888889,0.06086709087888889,98,0.0936417,-0.0351562,0.0920997,-0.0390625
nn,3,3T/4,0.06086709087888889,0.06086709087888889,99,-0.0936417,-0.0351562,-0.0920997,-0.0390625
nn,3,3T/4,0.06086709087888889,0.06086709087888889,100,0.0898438,0.0439885,0.0884034,0.046875
nn,3,3T/4,0.06086709087888889,0.06086709087888889,101,-0.0898438,0.0439885,-0.0884034,0.046875
nn,3,3T/4,0.06086709087888889,0.06086709087888889,102,0.0898438,-0.0439885,0.0884034,-0.046875
nn,3,3T/4,0.06086709087888889,0.06086709087888889,103,-0.0898438,-0.0439885,-0.0884034,-0.046875
nn,3,3T/4,0.06086709087888889,0.06086709087888889,104,0.0921077,0.0390625,0.0903619,0.0429688
nn,3,3T/4,0.06086709087888889,0.06086709087888889,105,-0.0921077,0.0390625,-0.0903619,0.0429688
nn,3,3T/4,0.06086709087888889,0.06086709087888889,106,0.0921077,-0.0390625,0.0903619,-0.0429688
nn,3,3T/4,0.06086709087888889,0.06086709087888889,107,-0.0921077,-0.0390625,-0.0903619,-0.0429688
nn,3,3T/4,0.06086709087888889,0.06086709087888889,108,0.0898438,0.0439979,0.0903573,0.0429688
nn,3,3T/4,0.06086709087888889,0.06086709087888889,109,-0.0898438,0.0439979,-0.0903573,0.0429688
nn,3,3T/4,0.06086709087888889,0.06086709087888889,110,0.0898438,-0.0439979,0.0903573,-0.0429688
nn,3,3T/4,0.06086709087888889,0.06086709087888889,111,-0.0898438,-0.0439979,-0.0903573,-0.0429688
nn,3,3T/4,0.06086709087888889,0.06086709087888889,112,0.0859375,0.0512401,0.0838034,0.0546875
nn,3,3T/4,0.06086709087888889,0.06086709087888889,113,-0.0859375,0.0512401,-0.0838034,0.0546875
nn,3,3T/4,0.06086709087888889,0.06086709087888889,114,0.0859375,-0.0512401,0.0838034,-0.0546875
nn,3,3T/4,0.06086709087888889,0.06086709087888889,115,-0.0859375,-0.0512401,-0.0838034,-0.0546875
nn,3,3T/4,0.06086709087888889,0.06086709087888889,116,0.0820312,0.0572922,0.0811381,0.0585938
nn,3,3T/4,0.06086709087888889,0.06086709087888889,117,-0.0820312,0.0572922,-0.0811381,0.0585938
nn,3,3T/4,0.06086709087888889,0.06086709087888889,118,0.0820312,-0.0572922,0.0811381,-0.0585938
nn,3,3T/4,0.06086709087888889,0.06086709087888889,119,-0.0820312,-0.0572922,-0.0811381,-0.0585938
nn,3,3T/4,0.06086709087888889,0.06086709087888889,120,0.078125,0.0624944,0.0811485,0.0585938
nn,3,3T/4,0.06086709087888889,0.06086709087888889,121,-0.078125,0.0624944,-0.0811485,0.0585938
nn,3,3T/4,0.06086709087888889,0.06086709087888889,122,0.078125,-0.0624944,0.0811485,-0.0585938
nn,3,3T/4,0.06086709087888889,0.06086709087888889,123,-0.078125,-0.0624944,-0.0811485,-0.0585938
nn,3,3T/4,0.06086709087888889,0.06086709087888889,124,0.0820312,0.0573347,0.0838538,0.0546875
nn,3,3T/4,0.06086709087888889,0.06086709087888889,125,-0.0820312,0.0573347,-0.0838538,0.0546875
nn,3,3T/4,0.06086709087888889,0.06086709087888889,126,0.0820312,-0.0573347,0.0838538,-0.0546875
nn,3,3T/4,0.06086709087888889,0.06086709087888889,127,-0.0820312,-0.0573347,-0.0838538,-0.0546875
nn,3,3T/4,0.06086709087888889,0.06086709087888889,128,0.0884279,0.046875,0.0862449,0.0507812
nn,3,3T/4,0.06086709087888889,0.06086709087888889,129,-0.0884279,0.046875,-0.0862449,0.0507812
nn,3,3T/4,0.06086709087888889,0.06086709087888889,130,0.0884279,-0.046875,0.0862449,-0.0507812
nn,3,3T/4,0.06086709087888889,0.06086709087888889,131,-0.0884279,-0.046875,-0.0862449,-0.0507812
nn,3,3T/4,0.06086709087888889,0.06086709087888889,132,0.0859375,0.05126,0.0862248,0.0507812
nn,3,3T/4,0.06086709087888889,0.06086709087888889,133,-0.0859375,0.05126,-0.0862248,0.0507812
nn,3,3T/4,0.06086709087888889,0.06086709087888889,134,0.0859375,-0.05126,0.0862248,-0.0507812
nn,3,3T/4,0.06086709087888889,0.06086709087888889,135,-0.0859375,-0.05126,-0.0862248,-0.0507812
nn,3,3T/4,0.06086709087888889,0.06086709087888889,136,0.0999458,0.0,0.099876,0.00390625
nn,3,3T/4,0.06086709087888889,0.06086709087888889,137,-0.0999458,0.0,-0.099876,0.00390625
nn,3,3T/4,0.06086709087888889,0.06086709087888889,138,0.0999458,-0.0,0.099876,-0.00390625
nn,3,3T/4,0.06086709087888889,0.06086709087888889,139,-0.0999458,-0.0,-0.099876,-0.00390625
nn,3,3T/4,0.06086709087888889,0.06086709087888889,140,0.0998792,0.00390625,0.0996634,0.0078125
nn,3,3T/4,0.06086709087888889,0.06086709087888889,141,-0.0998792,0.00390625,-0.0996634,0.0078125
nn,3,3T/4,0.06086709087888889,0.06086709087888889,142,0.0998792,-0.00390625,0.0996634,-0.0078125
nn,3,3T/4,0.06086709087888889,0.06086709087888889,143,-0.0998792,-0.00390625,-0.0996634,-0.0078125
nn,3,3T/4,0.06086709087888889,0.06086709087888889,144,0.0996666,0.0078125,0.0992922,0.0117188
nn,3,3T/4,0.06086709087888889,0.06086709087888889,145,-0.0996666,0.0078125,-0.0992922,0.0117188
nn,3,3T/4,0.06086709087888889,0.06086709087888889,146,0.0996666,-0.0078125,0.0992922,-0.0117188
nn,3,3T/4,0.06086709087888889,0.06086709087888889,147,-0.0996666,-0.0078125,-0.0992922,-0.0117188
nn,3,3T/4,0.06086709087888889,0.06086709087888889,148,0.099289,0.0117188,0.098756,0.015625
nn,3,3T/4,0.06086709087888889,0.06086709087888889,149,-0.099289,0.0117188,-0.098756,0.015625
nn,3,3T/4,0.06086709087888889,0.06086709087888889,150,0.099289,-0.0117188,0.098756,-0.015625
nn,3,3T/4,0.06086709087888889,0.06086709087888889,151,-0.099289,-0.0117188,-0.098756,-0.015625
nn,3,3T/4,0.06086709087888889,0.06086709087888889,152,0.0976562,0.021317,0.097188,0.0234375
nn,3,3T/4,0.06086709087888889,0.06086709087888889,153,-0.0976562,0.021317,-0.097188,0.0234375
nn,3,3T/4,0.06086709087888889,0.06086709087888889,154,0.0976562,-0.021317,0.097188,-0.0234375
nn,3,3T/4,0.06086709087888889,0.06086709087888889,155,-0.0976562,-0.021317,-0.097188,-0.0234375
nn,3,3T/4,0.06086709087888889,0.06086709087888889,156,0.0987631,0.015625,0.0980636,0.0195312
nn,3,3T/4,0.06086709087888889,0.06086709087888889,157,-0.0987631,0.015625,-0.0980636,0.0195312
nn,3,3T/4,0.06086709087888889,0.06086709087888889,158,0.0987631,-0.015625,0.0980636,-0.0195312
nn,3,3T/4,0.06086709087888889,0.06086709087888889,159,-0.0987631,-0.015625,-0.0980636,-0.0195312
nn,3,3T/4,0.06086709087888889,0.06086709087888889,160,0.0976562,0.0213605,0.0980602,0.0195312
nn,3,3T/4,0.06086709087888889,0.06086709087888889,161,-0.0976562,0.0213605,-0.0980602,0.0195312
nn,3,3T/4,0.06086709087888889,0.06086709087888889,162,0.0976562,-0.0213605,0.0980602,-0.0195312
nn,3,3T/4,0.06086709087888889,0.06086709087888889,163,-0.0976562,-0.0213605,-0.0980602,-0.0195312
nn,3,3T/4,0.06086709087888889,0.06086709087888889,164,0.0971974,0.0234375,0.0961789,0.0273438
nn,3,3T/4,0.06086709087888889,0.06086709087888889,165,-0.0971974,0.0234375,-0.0961789,0.0273438
nn,3,3T/4,0.06086709087888889,0.06086709087888889,166,0.0971974,-0.0234375,0.0961789,-0.0273438
nn,3,3T/4,0.06086709087888889,0.06086709087888889,167,-0.0971974,-0.0234375,-0.0961789,-0.0273438
nn,3,3T/4,0.06086709087888889,0.06086709087888889,168,0.0961791,0.0273438,0.0949944,0.03125
nn,3,3T/4,0.06086709087888889,0.06086709087888889,169,-0.0961791,0.0273438,-0.0949944,0.03125
nn,3,3T/4,0.06086709087888889,0.06086709087888889,170,0.0961791,-0.0273438,0.0949944,-0.03125
nn,3,3T/4,0.06086709087888889,0.06086709087888889,171,-0.0961791,-0.0273438,-0.0949944,-0.03125
nn,3,3T/4,0.06086709087888889,0.06086709087888889,172,0.09375,0.0348428,0.0949991,0.03125
nn,3,3T/4,0.06086709087888889,0.06086709087888889,173,-0.09375,0.0348428,-0.0949991,0.03125
nn,3,3T/4,0.06086709087888889,0.06086709087888889,174,0.09375,-0.0348428,0.0949991,-0.03125
nn,3,3T/4,0.06086709087888889,0.06086709087888889,175,-0.09375,-0.0348428,-0.0949991,-0.03125
nn,3,3T/4,0.06086709087888889,0.06086709087888889,176,0.0625,0.0780571,0.0664062,0.0747587
nn,3,3T/4,0.06086709087888889,0.06086709087888889,177,-0.0625,0.0780571,-0.0664062,0.0747587
nn,3,3T/4,0.06086709087888889,0.06086709087888889,178,0.0625,-0.0780571,0.0664062,-0.0747587
nn,3,3T/4,0.06086709087888889,0.06086709087888889,179,-0.0625,-0.0780571,-0.0664062,-0.0747587
nn,3,3T/4,0.06086709087888889,0.06086709087888889,180,0.0703125,0.0711403,0.0670147,0.0742188
nn,3,3T/4,0.06086709087888889,0.06086709087888889,181,-0.0703125,0.0711403,-0.0670147,0.0742188
nn,3,3T/4,0.06086709087888889,0.06086709087888889,182,0.0703125,-0.0711403,0.0670147,-0.0742188
nn,3,3T/4,0.06086709087888889,0.06086709087888889,183,-0.0703125,-0.0711403,-0.0670147,-0.0742188
nn,3,3T/4,0.06086709087888889,0.06086709087888889,184,0.0664062,0.0747537,0.067007,0.0742188
nn,3,3T/4,0.06086709087888889,0.06086709087888889,185,-0.0664062,0.0747537,-0.067007,0.0742188
nn,3,3T/4,0.06086709087888889,0.06086709087888889,186,0.0664062,-0.0747537,0.067007,-0.0742188
nn,3,3T/4,0.06086709087888889,0.06086709087888889,187,-0.0664062,-0.0747537,-0.067007,-0.0742188
nn,3,3T/4,0.06086709087888889,0.06086709087888889,188,0.0742188,0.0670463,0.071148,0.0703125
nn,3,3T/4,0.06086709087888889,0.06086709087888889,189,-0.0742188,0.0670463,-0.071148,0.0703125
nn,3,3T/4,0.06086709087888889,0.06086709087888889,190,0.0742188,-0.0670463,0.071148,-0.0703125
nn,3,3T/4,0.06086709087888889,0.06086709087888889,191,-0.0742188,-0.0670463,-0.071148,-0.0703125
nn,3,3T/4,0.06086709087888889,0.06086709087888889,192,0.0781074,0.0625,0.0747814,0.0664062
nn,3,3T/4,0.06086709087888889,0.06086709087888889,193,-0.0781074,0.0625,-0.0747814,0.0664062
nn,3,3T/4,0.06086709087888889,0.06086709087888889,194,0.0781074,-0.0625,0.0747814,-0.0664062
nn,3,3T/4,0.06086709087888889,0.06086709087888889,195,-0.0781074,-0.0625,-0.0747814,-0.0664062
nn,3,3T/4,0.06086709087888889,0.06086709087888889,196,0.0742188,0.0670509,0.0747959,0.0664062
nn,3,3T/4,0.06086709087888889,0.06086709087888889,197,-0.0742188,0.0670509,-0.0747959,0.0664062
nn,3,3T/4,0.06086709087888889,0.06086709087888889,198,0.0742188,-0.0670509,0.0747959,-0.0664062
nn,3,3T/4,0.06086709087888889,0.06086709087888889,199,-0.0742188,-0.0670509,-0.0747959,-0.0664062
nn,3,3T/4,0.06086709087888889,0.06086709087888889,200,0.0703125,0.0711322,0.0711362,0.0703125
nn,3,3T/4,0.06086709087888889,0.06086709087888889,201,-0.0703125,0.0711322,-0.0711362,0.0703125
nn,3,3T/4,0.06086709087888889,0.06086709087888889,202,0.0703125,-0.0711322,0.0711362,-0.0703125
nn,3,3T/4,0.06086709087888889,0.06086709087888889,203,-0.0703125,-0.0711322,-0.0711362,-0.0703125
nn,4,T,0.08115612117185185,0.08115612117185185,0,0.0195312,0.0934386,0.0174288,0.09375
nn,4,T,0.08115612117185185,0.08115612117185185,1,-0.0195312,0.0934386,-0.0174288,0.09375
nn,4,T,0.08115612117185185,0.08115612117185185,2,0.0195312,-0.0934386,0.0174288,-0.09375
nn,4,T,0.08115612117185185,0.08115612117185185,3,-0.0195312,-0.0934386,-0.0174288,-0.09375
nn,4,T,0.08115612117185185,0.08115612117185185,4,0.0195312,0.0934221,0.0234375,0.092709
nn,4,T,0.08115612117185185,0.08115612117185185,5,-0.0195312,0.0934221,-0.0234375,0.092709
nn,4,T,0.08115612117185185,0.08115612117185185,6,0.0195312,-0.0934221,0.0234375,-0.092709
nn,4,T,0.08115612117185185,0.08115612117185185,7,-0.0195312,-0.0934221,-0.0234375,-0.092709
nn,4,T,0.08115612117185185,0.08115612117185185,8,0.0234375,0.0927107,0.0273438,0.0918615
nn,4,T,0.08115612117185185,0.08115612117185185,9,-0.0234375,0.0927107,-0.0273438,0.0918615
nn,4,T,0.08115612117185185,0.08115612117185185,10,0.0234375,-0.0927107,0.0273438,-0.0918615
nn,4,T,0.08115612117185185,0.08115612117185185,11,-0.0234375,-0.0927107,-0.0273438,-0.0918615
nn,4,T,0.08115612117185185,0.08115612117185185,12,0.0273438,0.0918647,0.03125,0.0908698
nn,4,T,0.08115612117185185,0.08115612117185185,13,-0.0273438,0.0918647,-0.03125,0.0908698
nn,4,T,0.08115612117185185,0.08115612117185185,14,0.0273438,-0.0918647,0.03125,-0.0908698
nn,4,T,0.08115612117185185,0.08115612117185185,15,-0.0273438,-0.0918647,-0.03125,-0.0908698
nn,4,T,0.08115612117185185,0.08115612117185185,16,0.0,0.0949946,0.00390625,0.0949405
nn,4,T,0.08115612117185185,0.08115612117185185,17,-0.0,0.0949946,-0.00390625,0.0949405
nn,4,T,0.08115612117185185,0.08115612117185185,18,0.0,-0.0949946,0.00390625,-0.0949405
nn,4,T,0.08115612117185185,0.08115612117185185,19,-0.0,-0.0949946,-0.00390625,-0.0949405
nn,4,T,0.08115612117185185,0.08115612117185185,20,0.00390625,0.0949494,0.0078125,0.0947691
nn,4,T,0.08115612117185185,0.08115612117185185,21,-0.00390625,0.0949494,-0.0078125,0.0947691
nn,4,T,0.08115612117185185,0.08115612117185185,22,0.00390625,-0.0949494,0.0078125,-0.0947691
nn,4,T,0.08115612117185185,0.08115612117185185,23,-0.00390625,-0.0949494,-0.0078125,-0.0947691
nn,4,T,0.08115612117185185,0.08115612117185185,24,0.0078125,0.0947662,0.0117188,0.0944479
nn,4,T,0.08115612117185185,0.08115612117185185,25,-0.0078125,0.0947662,-0.0117188,0.0944479
nn,4,T,0.08115612117185185,0.08115612117185185,26,0.0078125,-0.0947662,0.0117188,-0.0944479
nn,4,T,0.08115612117185185,0.08115612117185185,27,-0.0078125,-0.0947662,-0.0117188,-0.0944479
nn,4,T,0.08115612117185185,0.08115612117185185,28,0.0117188,0.0944463,0.015625,0.093999
nn,4,T,0.08115612117185185,0.08115612117185185,29,-0.0117188,0.0944463,-0.015625,0.093999
nn,4,T,0.08115612117185185,0.08115612117185185,30,0.0117188,-0.0944463,0.015625,-0.093999
nn,4,T,0.08115612117185185,0.08115612117185185,31,-0.0117188,-0.0944463,-0.015625,-0.093999
nn,4,T,0.08115612117185185,0.08115612117185185,32,0.015625,0.0939811,0.0171851,0.09375
nn,4,T,0.08115612117185185,0.08115612117185185,33,-0.015625,0.0939811,-0.0171851,0.09375
nn,4,T,0.08115612117185185,0.08115612117185185,34,0.015625,-0.0939811,0.0171851,-0.09375
nn,4,T,0.08115612117185185,0.08115612117185185,35,-0.015625,-0.0939811,-0.0171851,-0.09375
nn,4,T,0.08115612117185185,0.08115612117185185,36,0.0351562,0.0897324,0.0347742,0.0898438
nn,4,T,0.08115612117185185,0.08115612117185185,37,-0.0351562,0.0897324,-0.0347742,0.0898438
nn,4,T,0.08115612117185185,0.08115612117185185,38,0.0351562,-0.0897324,0.0347742,-0.0898438
nn,4,T,0.08115612117185185,0.08115612117185185,39,-0.0351562,-0.0897324,-0.0347742,-0.0898438
nn,4,T,0.08115612117185185,0.08115612117185185,40,0.03125,0.0908649,0.0347543,0.0898438
nn,4,T,0.08115612117185185,0.08115612117185185,41,-0.03125,0.0908649,-0.0347543,0.0898438
nn,4,T,0.08115612117185185,0.08115612117185185,42,0.03125,-0.0908649,0.0347543,-0.0898438
nn,4,T,0.08115612117185185,0.08115612117185185,43,-0.03125,-0.0908649,-0.0347543,-0.0898438
nn,4,T,0.08115612117185185,0.08115612117185185,44,0.0351562,0.089743,0.0390625,0.0884383
nn,4,T,0.08115612117185185,0.08115612117185185,45,-0.0351562,0.089743,-0.0390625,0.0884383
nn,4,T,0.08115612117185185,0.08115612117185185,46,0.0351562,-0.089743,0.0390625,-0.0884383
nn,4,T,0.08115612117185185,0.08115612117185185,47,-0.0351562,-0.089743,-0.0390625,-0.0884383
nn,4,T,0.08115612117185185,0.08115612117185185,48,0.046875,0.0853238,0.0454233,0.0859375
nn,4,T,0.08115612117185185,0.08115612117185185,49,-0.046875,0.0853238,-0.0454233,0.0859375
nn,4,T,0.08115612117185185,0.08115612117185185,50,0.046875,-0.0853238,0.0454233,-0.0859375
nn,4,T,0.08115612117185185,0.08115612117185185,51,-0.046875,-0.0853238,-0.0454233,-0.0859375
nn,4,T,0.08115612117185185,0.08115612117185185,52,0.0390625,0.0884262,0.0429688,0.0869476
nn,4,T,0.08115612117185185,0.08115612117185185,53,-0.0390625,0.0884262,-0.0429688,0.0869476
nn,4,T,0.08115612117185185,0.08115612117185185,54,0.0390625,-0.0884262,0.0429688,-0.0869476
nn,4,T,0.08115612117185185,0.08115612117185185,55,-0.0390625,-0.0884262,-0.0429688,-0.0869476
nn,4,T,0.08115612117185185,0.08115612117185185,56,0.0429688,0.0869494,0.0453622,0.0859375
nn,4,T,0.08115612117185185,0.08115612117185185,57,-0.0429688,0.0869494,-0.0453622,0.0859375
nn,4,T,0.08115612117185185,0.08115612117185185,58,0.0429688,-0.0869494,0.0453622,-0.0859375
nn,4,T,0.08115612117185185,0.08115612117185185,59,-0.0429688,-0.0869494,-0.0453622,-0.0859375
nn,4,T,0.08115612117185185,0.08115612117185185,60,0.0625,0.0767399,0.0603018,0.078125
nn,4,T,0.08115612117185185,0.08115612117185185,61,-0.0625,0.0767399,-0.0603018,0.078125
nn,4,T,0.08115612117185185,0.08115612117185185,62,0.0625,-0.0767399,0.0603018,-0.078125
nn,4,T,0.08115612117185185,0.08115612117185185,63,-0.0625,-0.0767399,-0.0603018,-0.078125
nn,4,T,0.08115612117185185,0.08115612117185185,64,0.046875,0.0853004,0.0507812,0.0834673
nn,4,T,0.08115612117185185,0.08115612117185185,65,-0.046875,0.0853004,-0.0507812,0.0834673
nn,4,T,0.08115612117185185,0.08115612117185185,66,0.046875,-0.0853004,0.0507812,-0.0834673
nn,4,T,0.08115612117185185,0.08115612117185185,67,-0.046875,-0.0853004,-0.0507812,-0.0834673
nn,4,T,0.08115612117185185,0.08115612117185185,68,0.0546875,0.0813962,0.0534779,0.0820312
nn,4,T,0.08115612117185185,0.08115612117185185,69,-0.0546875,0.0813962,-0.0534779,0.0820312
nn,4,T,0.08115612117185185,0.08115612117185185,70,0.0546875,-0.0813962,0.0534779,-0.0820312
nn,4,T,0.08115612117185185,0.08115612117185185,71,-0.0546875,-0.0813962,-0.0534779,-0.0820312
nn,4,T,0.08115612117185185,0.08115612117185185,72,0.0507812,0.0835115,0.053601,0.0820312
nn,4,T,0.08115612117185185,0.08115612117185185,73,-0.0507812,0.0835115,-0.053601,0.0820312
nn,4,T,0.08115612117185185,0.08115612117185185,74,0.0507812,-0.0835115,0.053601,-0.0820312
nn,4,T,0.08115612117185185,0.08115612117185185,75,-0.0507812,-0.0835115,-0.053601,-0.0820312
nn,4,T,0.08115612117185185,0.08115612117185185,76,0.0546875,0.0814096,0.0585938,0.0791554
nn,4,T,0.08115612117185185,0.08115612117185185,77,-0.0546875,0.0814096,-0.0585938,0.0791554
nn,4,T,0.08115612117185185,0.08115612117185185,78,0.0546875,-0.0814096,0.0585938,-0.0791554
nn,4,T,0.08115612117185185,0.08115612117185185,79,-0.0546875,-0.0814096,-0.0585938,-0.0791554
nn,4,T,0.08115612117185185,0.08115612117185185,80,0.0585938,0.0791724,0.0602619,0.078125
nn,4,T,0.08115612117185185,0.08115612117185185,81,-0.0585938,0.0791724,-0.0602619,0.078125
nn,4,T,0.08115612117185185,0.08115612117185185,82,0.0585938,-0.0791724,0.0602619,-0.078125
nn,4,T,0.08115612117185185,0.08115612117185185,83,-0.0585938,-0.0791724,-0.0602619,-0.078125
nn,4,T,0.08115612117185185,0.08115612117185185,84,0.09375,0.0432004,0.0916193,0.046875
nn,4,T,0.08115612117185185,0.08115612117185185,85,-0.09375,0.0432004,-0.0916193,0.046875
nn,4,T,0.08115612117185185,0.08115612117185185,86,0.09375,-0.0432004,0.0916193,-0.046875
nn,4,T,0.08115612117185185,0.08115612117185185,87,-0.09375,-0.0432004,-0.0916193,-0.046875
nn,4,T,0.08115612117185185,0.08115612117185185,88,0.0820312,0.0597734,0.0795757,0.0625
nn,4,T,0.08115612117185185,0.08115612117185185,89,-0.0820312,0.0597734,-0.0795757,0.0625
nn,4,T,0.08115612117185185,0.08115612117185185,90,0.0820312,-0.0597734,0.0795757,-0.0625
nn,4,T,0.08115612117185185,0.08115612117185185,91,-0.0820312,-0.0597734,-0.0795757,-0.0625
nn,4,T,0.08115612117185185,0.08115612117185185,92,0.0859375,0.0550521,0.0830857,0.0585938
nn,4,T,0.08115612117185185,0.08115612117185185,93,-0.0859375,0.0550521,-0.0830857,0.0585938
nn,4,T,0.08115612117185185,0.08115612117185185,94,0.0859375,-0.0550521,0.0830857,-0.0585938
nn,4,T,0.08115612117185185,0.08115612117185185,95,-0.0859375,-0.0550521,-0.0830857,-0.0585938
nn,4,T,0.08115612117185185,0.08115612117185185,96,0.0820312,0.0598174,0.083086,0.0585938
nn,4,T,0.08115612117185185,0.08115612117185185,97,-0.0820312,0.0598174,-0.083086,0.0585938
nn,4,T,0.08115612117185185,0.08115612117185185,98,0.0820312,-0.0598174,0.083086,-0.0585938
nn,4,T,0.08115612117185185,0.08115612117185185,99,-0.0820312,-0.0598174,-0.083086,-0.0585938
nn,4,T,0.08115612117185185,0.08115612117185185,100,0.0898438,0.0495825,0.0890585,0.0507812
nn,4,T,0.08115612117185185,0.08115612117185185,101,-0.0898438,0.0495825,-0.0890585,0.0507812
nn,4,T,0.08115612117185185,0.08115612117185185,102,0.0898438,-0.0495825,0.0890585,-0.0507812
nn,4,T,0.08115612117185185,0.08115612117185185,103,-0.0898438,-0.0495825,-0.0890585,-0.0507812
nn,4,T,0.08115612117185185,0.08115612117185185,104,0.0890562,0.0507812,0.086204,0.0546875
nn,4,T,0.08115612117185185,0.08115612117185185,105,-0.0890562,0.0507812,-0.086204,0.0546875
nn,4,T,0.08115612117185185,0.08115612117185185,106,0.0890562,-0.0507812,0.086204,-0.0546875
nn,4,T,0.08115612117185185,0.08115612117185185,107,-0.0890562,-0.0507812,-0.086204,-0.0546875
nn,4,T,0.08115612117185185,0.08115612117185185,108,0.0898438,0.049627,0.0916468,0.046875
nn,4,T,0.08115612117185185,0.08115612117185185,109,-0.0898438,0.049627,-0.0916468,0.046875
nn,4,T,0.08115612117185185,0.08115612117185185,110,0.0898438,-0.049627,0.0916468,-0.046875
nn,4,T,0.08115612117185185,0.08115612117185185,111,-0.0898438,-0.049627,-0.0916468,-0.046875
nn,4,T,0.08115612117185185,0.08115612117185185,112,0.0859375,0.0549939,0.0861723,0.0546875
nn,4,T,0.08115612117185185,0.08115612117185185,113,-0.0859375,0.0549939,-0.0861723,0.0546875
nn,4,T,0.08115612117185185,0.08115612117185185,114,0.0859375,-0.0549939,0.0861723,-0.0546875
nn,4,T,0.08115612117185185,0.08115612117185185,115,-0.0859375,-0.0549939,-0.0861723,-0.0546875
nn,4,T,0.08115612117185185,0.08115612117185185,116,0.104896,0.0,0.104827,0.00390625
nn,4,T,0.08115612117185185,0.08115612117185185,117,-0.104896,0.0,-0.104827,0.00390625
nn,4,T,0.08115612117185185,0.08115612117185185,118,0.104896,-0.0,0.104827,-0.00390625
nn,4,T,0.08115612117185185,0.08115612117185185,119,-0.104896,-0.0,-0.104827,-0.00390625
nn,4,T,0.08115612117185185,0.08115612117185185,120,0.104846,0.00390625,0.1046,0.0078125
nn,4,T,0.08115612117185185,0.08115612117185185,121,-0.104846,0.00390625,-0.1046,0.0078125
nn,4,T,0.08115612117185185,0.08115612117185185,122,0.104846,-0.00390625,0.1046,-0.0078125
nn,4,T,0.08115612117185185,0.08115612117185185,123,-0.104846,-0.00390625,-0.1046,-0.0078125
nn,4,T,0.08115612117185185,0.08115612117185185,124,0.10459,0.0078125,0.10415,0.0117188
nn,4,T,0.08115612117185185,0.08115612117185185,125,-0.10459,0.0078125,-0.10415,0.0117188
nn,4,T,0.08115612117185185,0.08115612117185185,126,0.10459,-0.0078125,0.10415,-0.0117188
nn,4,T,0.08115612117185185,0.08115612117185185,127,-0.10459,-0.0078125,-0.10415,-0.0117188
nn,4,T,0.08115612117185185,0.08115612117185185,128,0.10415,0.0117188,0.103534,0.015625
nn,4,T,0.08115612117185185,0.08115612117185185,129,-0.10415,0.0117188,-0.103534,0.015625
nn,4,T,0.08115612117185185,0.08115612117185185,130,0.10415,-0.0117188,0.103534,-0.015625
nn,4,T,0.08115612117185185,0.08115612117185185,131,-0.10415,-0.0117188,-0.103534,-0.015625
nn,4,T,0.08115612117185185,0.08115612117185185,132,0.101562,0.0241092,0.100593,0.0273438
nn,4,T,0.08115612117185185,0.08115612117185185,133,-0.101562,0.0241092,-0.100593,0.0273438
nn,4,T,0.08115612117185185,0.08115612117185185,134,0.101562,-0.0241092,0.100593,-0.0273438
nn,4,T,0.08115612117185185,0.08115612117185185,135,-0.101562,-0.0241092,-0.100593,-0.0273438
nn,4,T,0.08115612117185185,0.08115612117185185,136,0.100591,0.0273438,0.0992296,0.03125
nn,4,T,0.08115612117185185,0.08115612117185185,137,-0.100591,0.0273438,-0.0992296,0.03125
nn,4,T,0.08115612117185185,0.08115612117185185,138,0.100591,-0.0273438,0.0992296,-0.03125
nn,4,T,0.08115612117185185,0.08115612117185185,139,-0.100591,-0.0273438,-0.0992296,-0.03125
nn,4,T,0.08115612117185185,0.08115612117185185,140,0.103535,0.015625,0.102739,0.0195312
nn,4,T,0.08115612117185185,0.08115612117185185,141,-0.103535,0.015625,-0.102739,0.0195312
nn,4,T,0.08115612117185185,0.08115612117185185,142,0.103535,-0.015625,0.102739,-0.0195312
nn,4,T,0.08115612117185185,0.08115612117185185,143,-0.103535,-0.015625,-0.102739,-0.0195312
nn,4,T,0.08115612117185185,0.08115612117185185,144,0.102741,0.0195312,0.101761,0.0234375
nn,4,T,0.08115612117185185,0.08115612117185185,145,-0.102741,0.0195312,-0.101761,0.0234375
nn,4,T,0.08115612117185185,0.08115612117185185,146,0.102741,-0.0195312,0.101761,-0.0234375
nn,4,T,0.08115612117185185,0.08115612117185185,147,-0.102741,-0.0195312,-0.101761,-0.0234375
nn,4,T,0.08115612117185185,0.08115612117185185,148,0.101562,0.024078,0.101754,0.0234375
nn,4,T,0.08115612117185185,0.08115612117185185,149,-0.101562,0.024078,-0.101754,0.0234375
nn,4,T,0.08115612117185185,0.08115612117185185,150,0.101562,-0.024078,0.101754,-0.0234375
nn,4,T,0.08115612117185185,0.08115612117185185,151,-0.101562,-0.024078,-0.101754,-0.0234375
nn,4,T,0.08115612117185185,0.08115612117185185,152,0.0976562,0.0352143,0.0958995,0.0390625
nn,4,T,0.08115612117185185,0.08115612117185185,153,-0.0976562,0.0352143,-0.0958995,0.0390625
nn,4,T,0.08115612117185185,0.08115612117185185,154,0.0976562,-0.0352143,0.0958995,-0.0390625
nn,4,T,0.08115612117185185,0.08115612117185185,155,-0.0976562,-0.0352143,-0.0958995,-0.0390625
nn,4,T,0.08115612117185185,0.08115612117185185,156,0.0992346,0.03125,0.097675,0.0351562
nn,4,T,0.08115612117185185,0.08115612117185185,157,-0.0992346,0.03125,-0.097675,0.0351562
nn,4,T,0.08115612117185185,0.08115612117185185,158,0.0992346,-0.03125,0.097675,-0.0351562
nn,4,T,0.08115612117185185,0.08115612117185185,159,-0.0992346,-0.03125,-0.097675,-0.0351562
nn,4,T,0.08115612117185185,0.08115612117185185,160,0.0958989,0.0390625,0.0938777,0.0429688
nn,4,T,0.08115612117185185,0.08115612117185185,161,-0.0958989,0.0390625,-0.0938777,0.0429688
nn,4,T,0.08115612117185185,0.08115612117185185,162,0.0958989,-0.0390625,0.0938777,-0.0429688
nn,4,T,0.08115612117185185,0.08115612117185185,163,-0.0958989,-0.0390625,-0.0938777,-0.0429688
nn,4,T,0.08115612117185185,0.08115612117185185,164,0.09375,0.0430738,0.0938093,0.0429688
nn,4,T,0.08115612117185185,0.08115612117185185,165,-0.09375,0.0430738,-0.0938093,0.0429688
nn,4,T,0.08115612117185185,0.08115612117185185,166,0.09375,-0.0430738,0.0938093,-0.0429688
nn,4,T,0.08115612117185185,0.08115612117185185,167,-0.09375,-0.0430738,-0.0938093,-0.0429688
nn,4,T,0.08115612117185185,0.08115612117185185,168,0.0664062,0.0739078,0.0659763,0.0742188
nn,4,T,0.08115612117185185,0.08115612117185185,169,-0.0664062,0.0739078,-0.0659763,0.0742188
nn,4,T,0.08115612117185185,0.08115612117185185,170,0.0664062,-0.0739078,0.0659763,-0.0742188
nn,4,T,0.08115612117185185,0.08115612117185185,171,-0.0664062,-0.0739078,-0.0659763,-0.0742188
nn,4,T,0.08115612117185185,0.08115612117185185,172,0.0625,0.0767479,0.0660779,0.0742188
nn,4,T,0.08115612117185185,0.08115612117185185,173,-0.0625,0.0767479,-0.0660779,0.0742188
nn,4,T,0.08115612117185185,0.08115612117185185,174,0.0625,-0.0767479,0.0660779,-0.0742188
nn,4,T,0.08115612117185185,0.08115612117185185,175,-0.0625,-0.0767479,-0.0660779,-0.0742188
nn,4,T,0.08115612117185185,0.08115612117185185,176,0.0664062,0.0739467,0.0703125,0.0709261
nn,4,T,0.08115612117185185,0.08115612117185185,177,-0.0664062,0.0739467,-0.0703125,0.0709261
nn,4,T,0.08115612117185185,0.08115612117185185,178,0.0664062,-0.0739467,0.0703125,-0.0709261
nn,4,T,0.08115612117185185,0.08115612117185185,179,-0.0664062,-0.0739467,-0.0703125,-0.0709261
nn,4,T,0.08115612117185185,0.08115612117185185,180,0.0742188,0.067668,0.071089,0.0703125
nn,4,T,0.08115612117185185,0.08115612117185185,181,-0.0742188,0.067668,-0.071089,0.0703125
nn,4,T,0.08115612117185185,0.08115612117185185,182,0.0742188,-0.067668,0.071089,-0.0703125
nn,4,T,0.08115612117185185,0.08115612117185185,183,-0.0742188,-0.067668,-0.071089,-0.0703125
nn,4,T,0.08115612117185185,0.08115612117185185,184,0.078125,0.063965,0.075569,0.0664062
nn,4,T,0.08115612117185185,0.08115612117185185,185,-0.078125,0.063965,-0.075569,0.0664062
nn,4,T,0.08115612117185185,0.08115612117185185,186,0.078125,-0.063965,0.075569,-0.0664062
nn,4,T,0.08115612117185185,0.08115612117185185,187,-0.078125,-0.063965,-0.075569,-0.0664062
nn,4,T,0.08115612117185185,0.08115612117185185,188,0.0742188,0.0676768,0.0756187,0.0664062
nn,4,T,0.08115612117185185,0.08115612117185185,189,-0.0742188,0.0676768,-0.0756187,0.0664062
nn,4,T,0.08115612117185185,0.08115612117185185,190,0.0742188,-0.0676768,0.0756187,-0.0664062
nn,4,T,0.08115612117185185,0.08115612117185185,191,-0.0742188,-0.0676768,-0.0756187,-0.0664062
nn,4,T,0.08115612117185185,0.08115612117185185,192,0.0703125,0.0709553,0.0711095,0.0703125
nn,4,T,0.08115612117185185,0.08115612117185185,193,-0.0703125,0.0709553,-0.0711095,0.0703125
nn,4,T,0.08115612117185185,0.08115612117185185,194,0.0703125,-0.0709553,0.0711095,-0.0703125
nn,4,T,0.08115612117185185,0.08115612117185185,195,-0.0703125,-0.0709553,-0.0711095,-0.0703125
nn,4,T,0.08115612117185185,0.08115612117185185,196,0.078125,0.0640039,0.0795933,0.0625
nn,4,T,0.08115612117185185,0.08115612117185185,197,-0.078125,0.0640039,-0.0795933,0.0625
nn,4,T,0.08115612117185185,0.08115612117185185,198,0.078125,-0.0640039,0.0795933,-0.0625
nn,4,T,0.08115612117185185,0.08115612117185185,199,-0.078125,-0.0640039,-0.0795933,-0.0625
vof_hf,0,0,0.0,0.0,0,0.0195312,0.0933987,0.0171696,0.09375
vof_hf,0,0,0.0,0.0,1,-0.0195312,0.0933987,-0.0171696,0.09375
vof_hf,0,0,0.0,0.0,2,0.0195312,-0.0933987,0.0171696,-0.09375
vof_hf,0,0,0.0,0.0,3,-0.0195312,-0.0933987,-0.0171696,-0.09375
vof_hf,0,0,0.0,0.0,4,0.0195312,0.0933991,0.0234375,0.0926826
vof_hf,0,0,0.0,0.0,5,-0.0195312,0.0933991,-0.0234375,0.0926826
vof_hf,0,0,0.0,0.0,6,0.0195312,-0.0933991,0.0234375,-0.0926826
vof_hf,0,0,0.0,0.0,7,-0.0195312,-0.0933991,-0.0234375,-0.0926826
vof_hf,0,0,0.0,0.0,8,0.0234375,0.0926837,0.0273438,0.0918286
vof_hf,0,0,0.0,0.0,9,-0.0234375,0.0926837,-0.0273438,0.0918286
vof_hf,0,0,0.0,0.0,10,0.0234375,-0.0926837,0.0273438,-0.0918286
vof_hf,0,0,0.0,0.0,11,-0.0234375,-0.0926837,-0.0273438,-0.0918286
vof_hf,0,0,0.0,0.0,12,0.0273438,0.0918296,0.03125,0.0908318
vof_hf,0,0,0.0,0.0,13,-0.0273438,0.0918296,-0.03125,0.0908318
vof_hf,0,0,0.0,0.0,14,0.0273438,-0.0918296,0.03125,-0.0908318
vof_hf,0,0,0.0,0.0,15,-0.0273438,-0.0918296,-0.03125,-0.0908318
vof_hf,0,0,0.0,0.0,16,0.0,0.095,0.00390625,0.0949365
vof_hf,0,0,0.0,0.0,17,-0.0,0.095,-0.00390625,0.0949365
vof_hf,0,0,0.0,0.0,18,0.0,-0.095,0.00390625,-0.0949365
vof_hf,0,0,0.0,0.0,19,-0.0,-0.095,-0.00390625,-0.0949365
vof_hf,0,0,0.0,0.0,20,0.00390625,0.0949367,0.0078125,0.0947458
vof_hf,0,0,0.0,0.0,21,-0.00390625,0.0949367,-0.0078125,0.0947458
vof_hf,0,0,0.0,0.0,22,0.00390625,-0.0949367,0.0078125,-0.0947458
vof_hf,0,0,0.0,0.0,23,-0.00390625,-0.0949367,-0.0078125,-0.0947458
vof_hf,0,0,0.0,0.0,24,0.0078125,0.0947461,0.0117188,0.094427
vof_hf,0,0,0.0,0.0,25,-0.0078125,0.0947461,-0.0117188,0.094427
vof_hf,0,0,0.0,0.0,26,0.0078125,-0.0947461,0.0117188,-0.094427
vof_hf,0,0,0.0,0.0,27,-0.0078125,-0.0947461,-0.0117188,-0.094427
vof_hf,0,0,0.0,0.0,28,0.0117188,0.0944274,0.015625,0.0939787
vof_hf,0,0,0.0,0.0,29,-0.0117188,0.0944274,-0.015625,0.0939787
vof_hf,0,0,0.0,0.0,30,0.0117188,-0.0944274,0.015625,-0.0939787
vof_hf,0,0,0.0,0.0,31,-0.0117188,-0.0944274,-0.015625,-0.0939787
vof_hf,0,0,0.0,0.0,32,0.015625,0.0939794,0.017167,0.09375
vof_hf,0,0,0.0,0.0,33,-0.015625,0.0939794,-0.017167,0.09375
vof_hf,0,0,0.0,0.0,34,0.015625,-0.0939794,0.017167,-0.09375
vof_hf,0,0,0.0,0.0,35,-0.015625,-0.0939794,-0.017167,-0.09375
vof_hf,0,0,0.0,0.0,36,0.0351562,0.0896881,0.0346261,0.0898438
vof_hf,0,0,0.0,0.0,37,-0.0351562,0.0896881,-0.0346261,0.0898438
vof_hf,0,0,0.0,0.0,38,0.0351562,-0.0896881,0.0346261,-0.0898438
vof_hf,0,0,0.0,0.0,39,-0.0351562,-0.0896881,-0.0346261,-0.0898438
vof_hf,0,0,0.0,0.0,40,0.03125,0.0908341,0.0346222,0.0898438
vof_hf,0,0,0.0,0.0,41,-0.03125,0.0908341,-0.0346222,0.0898438
vof_hf,0,0,0.0,0.0,42,0.03125,-0.0908341,0.0346222,-0.0898438
vof_hf,0,0,0.0,0.0,43,-0.03125,-0.0908341,-0.0346222,-0.0898438
vof_hf,0,0,0.0,0.0,44,0.0351562,0.0896882,0.0390625,0.0883846
vof_hf,0,0,0.0,0.0,45,-0.0351562,0.0896882,-0.0390625,0.0883846
vof_hf,0,0,0.0,0.0,46,0.0351562,-0.0896882,0.0390625,-0.0883846
vof_hf,0,0,0.0,0.0,47,-0.0351562,-0.0896882,-0.0390625,-0.0883846
vof_hf,0,0,0.0,0.0,48,0.046875,0.0852887,0.0453288,0.0859375
vof_hf,0,0,0.0,0.0,49,-0.046875,0.0852887,-0.0453288,0.0859375
vof_hf,0,0,0.0,0.0,50,0.046875,-0.0852887,0.0453288,-0.0859375
vof_hf,0,0,0.0,0.0,51,-0.046875,-0.0852887,-0.0453288,-0.0859375
vof_hf,0,0,0.0,0.0,52,0.0390625,0.0883857,0.0429688,0.0869212
vof_hf,0,0,0.0,0.0,53,-0.0390625,0.0883857,-0.0429688,0.0869212
vof_hf,0,0,0.0,0.0,54,0.0390625,-0.0883857,0.0429688,-0.0869212
vof_hf,0,0,0.0,0.0,55,-0.0390625,-0.0883857,-0.0429688,-0.0869212
vof_hf,0,0,0.0,0.0,56,0.0429688,0.0869263,0.045325,0.0859375
vof_hf,0,0,0.0,0.0,57,-0.0429688,0.0869263,-0.045325,0.0859375
vof_hf,0,0,0.0,0.0,58,0.0429688,-0.0869263,0.045325,-0.0859375
vof_hf,0,0,0.0,0.0,59,-0.0429688,-0.0869263,-0.045325,-0.0859375
vof_hf,0,0,0.0,0.0,60,0.0625,0.0767631,0.0603432,0.078125
vof_hf,0,0,0.0,0.0,61,-0.0625,0.0767631,-0.0603432,0.078125
vof_hf,0,0,0.0,0.0,62,0.0625,-0.0767631,0.0603432,-0.078125
vof_hf,0,0,0.0,0.0,63,-0.0625,-0.0767631,-0.0603432,-0.078125
vof_hf,0,0,0.0,0.0,64,0.046875,0.0852863,0.0507812,0.0834636
vof_hf,0,0,0.0,0.0,65,-0.046875,0.0852863,-0.0507812,0.0834636
vof_hf,0,0,0.0,0.0,66,0.046875,-0.0852863,0.0507812,-0.0834636
vof_hf,0,0,0.0,0.0,67,-0.046875,-0.0852863,-0.0507812,-0.0834636
vof_hf,0,0,0.0,0.0,68,0.0546875,0.0814534,0.0535705,0.0820312
vof_hf,0,0,0.0,0.0,69,-0.0546875,0.0814534,-0.0535705,0.0820312
vof_hf,0,0,0.0,0.0,70,0.0546875,-0.0814534,0.0535705,-0.0820312
vof_hf,0,0,0.0,0.0,71,-0.0546875,-0.0814534,-0.0535705,-0.0820312
vof_hf,0,0,0.0,0.0,72,0.0507812,0.0834715,0.0535652,0.0820312
vof_hf,0,0,0.0,0.0,73,-0.0507812,0.0834715,-0.0535652,0.0820312
vof_hf,0,0,0.0,0.0,74,0.0507812,-0.0834715,0.0535652,-0.0820312
vof_hf,0,0,0.0,0.0,75,-0.0507812,-0.0834715,-0.0535652,-0.0820312
vof_hf,0,0,0.0,0.0,76,0.0546875,0.0814499,0.0585938,0.0792168
vof_hf,0,0,0.0,0.0,77,-0.0546875,0.0814499,-0.0585938,0.0792168
vof_hf,0,0,0.0,0.0,78,0.0546875,-0.0814499,0.0585938,-0.0792168
vof_hf,0,0,0.0,0.0,79,-0.0546875,-0.0814499,-0.0585938,-0.0792168
vof_hf,0,0,0.0,0.0,80,0.0585938,0.0792275,0.0603418,0.078125
vof_hf,0,0,0.0,0.0,81,-0.0585938,0.0792275,-0.0603418,0.078125
vof_hf,0,0,0.0,0.0,82,0.0585938,-0.0792275,0.0603418,-0.078125
vof_hf,0,0,0.0,0.0,83,-0.0585938,-0.0792275,-0.0603418,-0.078125
vof_hf,0,0,0.0,0.0,84,0.09375,0.0432338,0.0916301,0.046875
vof_hf,0,0,0.0,0.0,85,-0.09375,0.0432338,-0.0916301,0.046875
vof_hf,0,0,0.0,0.0,86,0.09375,-0.0432338,0.0916301,-0.046875
vof_hf,0,0,0.0,0.0,87,-0.09375,-0.0432338,-0.0916301,-0.046875
vof_hf,0,0,0.0,0.0,88,0.0820312,0.0597861,0.0795833,0.0625
vof_hf,0,0,0.0,0.0,89,-0.0820312,0.0597861,-0.0795833,0.0625
vof_hf,0,0,0.0,0.0,90,0.0820312,-0.0597861,0.0795833,-0.0625
vof_hf,0,0,0.0,0.0,91,-0.0820312,-0.0597861,-0.0795833,-0.0625
vof_hf,0,0,0.0,0.0,92,0.0859375,0.0550866,0.083098,0.0585938
vof_hf,0,0,0.0,0.0,93,-0.0859375,0.0550866,-0.083098,0.0585938
vof_hf,0,0,0.0,0.0,94,0.0859375,-0.0550866,0.083098,-0.0585938
vof_hf,0,0,0.0,0.0,95,-0.0859375,-0.0550866,-0.083098,-0.0585938
vof_hf,0,0,0.0,0.0,96,0.0820312,0.0598116,0.0830881,0.0585938
vof_hf,0,0,0.0,0.0,97,-0.0820312,0.0598116,-0.0830881,0.0585938
vof_hf,0,0,0.0,0.0,98,0.0820312,-0.0598116,0.0830881,-0.0585938
vof_hf,0,0,0.0,0.0,99,-0.0820312,-0.0598116,-0.0830881,-0.0585938
vof_hf,0,0,0.0,0.0,100,0.0898438,0.0496335,0.0890958,0.0507812
vof_hf,0,0,0.0,0.0,101,-0.0898438,0.0496335,-0.0890958,0.0507812
vof_hf,0,0,0.0,0.0,102,0.0898438,-0.0496335,0.0890958,-0.0507812
vof_hf,0,0,0.0,0.0,103,-0.0898438,-0.0496335,-0.0890958,-0.0507812
vof_hf,0,0,0.0,0.0,104,0.0890926,0.0507812,0.0862492,0.0546875
vof_hf,0,0,0.0,0.0,105,-0.0890926,0.0507812,-0.0862492,0.0546875
vof_hf,0,0,0.0,0.0,106,0.0890926,-0.0507812,0.0862492,-0.0546875
vof_hf,0,0,0.0,0.0,107,-0.0890926,-0.0507812,-0.0862492,-0.0546875
vof_hf,0,0,0.0,0.0,108,0.0898438,0.0496271,0.091639,0.046875
vof_hf,0,0,0.0,0.0,109,-0.0898438,0.0496271,-0.091639,0.046875
vof_hf,0,0,0.0,0.0,110,0.0898438,-0.0496271,0.091639,-0.046875
vof_hf,0,0,0.0,0.0,111,-0.0898438,-0.0496271,-0.091639,-0.046875
vof_hf,0,0,0.0,0.0,112,0.0859375,0.0550973,0.086254,0.0546875
vof_hf,0,0,0.0,0.0,113,-0.0859375,0.0550973,-0.086254,0.0546875
vof_hf,0,0,0.0,0.0,114,0.0859375,-0.0550973,0.086254,-0.0546875
vof_hf,0,0,0.0,0.0,115,-0.0859375,-0.0550973,-0.086254,-0.0546875
vof_hf,0,0,0.0,0.0,116,0.105,0.0,0.104913,0.00390625
vof_hf,0,0,0.0,0.0,117,-0.105,0.0,-0.104913,0.00390625
vof_hf,0,0,0.0,0.0,118,0.105,-0.0,0.104913,-0.00390625
vof_hf,0,0,0.0,0.0,119,-0.105,-0.0,-0.104913,-0.00390625
vof_hf,0,0,0.0,0.0,120,0.104914,0.00390625,0.104653,0.0078125
vof_hf,0,0,0.0,0.0,121,-0.104914,0.00390625,-0.104653,0.0078125
vof_hf,0,0,0.0,0.0,122,0.104914,-0.00390625,0.104653,-0.0078125
vof_hf,0,0,0.0,0.0,123,-0.104914,-0.00390625,-0.104653,-0.0078125
vof_hf,0,0,0.0,0.0,124,0.104654,0.0078125,0.104218,0.0117188
vof_hf,0,0,0.0,0.0,125,-0.104654,0.0078125,-0.104218,0.0117188
vof_hf,0,0,0.0,0.0,126,0.104654,-0.0078125,0.104218,-0.0117188
vof_hf,0,0,0.0,0.0,127,-0.104654,-0.0078125,-0.104218,-0.0117188
vof_hf,0,0,0.0,0.0,128,0.104218,0.0117188,0.103605,0.015625
vof_hf,0,0,0.0,0.0,129,-0.104218,0.0117188,-0.103605,0.015625
vof_hf,0,0,0.0,0.0,130,0.104218,-0.0117188,0.103605,-0.015625
vof_hf,0,0,0.0,0.0,131,-0.104218,-0.0117188,-0.103605,-0.015625
vof_hf,0,0,0.0,0.0,132,0.101562,0.0243518,0.100665,0.0273438
vof_hf,0,0,0.0,0.0,133,-0.101562,0.0243518,-0.100665,0.0273438
vof_hf,0,0,0.0,0.0,134,0.101562,-0.0243518,0.100665,-0.0273438
vof_hf,0,0,0.0,0.0,135,-0.101562,-0.0243518,-0.100665,-0.0273438
vof_hf,0,0,0.0,0.0,136,0.100665,0.0273438,0.0992939,0.03125
vof_hf,0,0,0.0,0.0,137,-0.100665,0.0273438,-0.0992939,0.03125
vof_hf,0,0,0.0,0.0,138,0.100665,-0.0273438,0.0992939,-0.03125
vof_hf,0,0,0.0,0.0,139,-0.100665,-0.0273438,-0.0992939,-0.03125
vof_hf,0,0,0.0,0.0,140,0.103606,0.015625,0.102812,0.0195312
vof_hf,0,0,0.0,0.0,141,-0.103606,0.015625,-0.102812,0.0195312
vof_hf,0,0,0.0,0.0,142,0.103606,-0.015625,0.102812,-0.0195312
vof_hf,0,0,0.0,0.0,143,-0.103606,-0.015625,-0.102812,-0.0195312
vof_hf,0,0,0.0,0.0,144,0.102813,0.0195312,0.101834,0.0234375
vof_hf,0,0,0.0,0.0,145,-0.102813,0.0195312,-0.101834,0.0234375
vof_hf,0,0,0.0,0.0,146,0.102813,-0.0195312,0.101834,-0.0234375
vof_hf,0,0,0.0,0.0,147,-0.102813,-0.0195312,-0.101834,-0.0234375
vof_hf,0,0,0.0,0.0,148,0.101562,0.0243495,0.101836,0.0234375
vof_hf,0,0,0.0,0.0,149,-0.101562,0.0243495,-0.101836,0.0234375
vof_hf,0,0,0.0,0.0,150,0.101562,-0.0243495,0.101836,-0.0234375
vof_hf,0,0,0.0,0.0,151,-0.101562,-0.0243495,-0.101836,-0.0234375
vof_hf,0,0,0.0,0.0,152,0.0976562,0.0353016,0.0959261,0.0390625
vof_hf,0,0,0.0,0.0,153,-0.0976562,0.0353016,-0.0959261,0.0390625
vof_hf,0,0,0.0,0.0,154,0.0976562,-0.0353016,0.0959261,-0.0390625
vof_hf,0,0,0.0,0.0,155,-0.0976562,-0.0353016,-0.0959261,-0.0390625
vof_hf,0,0,0.0,0.0,156,0.0992974,0.03125,0.09772,0.0351562
vof_hf,0,0,0.0,0.0,157,-0.0992974,0.03125,-0.09772,0.0351562
vof_hf,0,0,0.0,0.0,158,0.0992974,-0.03125,0.09772,-0.0351562
vof_hf,0,0,0.0,0.0,159,-0.0992974,-0.03125,-0.09772,-0.0351562
vof_hf,0,0,0.0,0.0,160,0.0976562,0.0353017,0.0977232,0.0351562
vof_hf,0,0,0.0,0.0,161,-0.0976562,0.0353017,-0.0977232,0.0351562
vof_hf,0,0,0.0,0.0,162,0.0976562,-0.0353017,0.0977232,-0.0351562
vof_hf,0,0,0.0,0.0,163,-0.0976562,-0.0353017,-0.0977232,-0.0351562
vof_hf,0,0,0.0,0.0,164,0.095929,0.0390625,0.0939003,0.0429688
vof_hf,0,0,0.0,0.0,165,-0.095929,0.0390625,-0.0939003,0.0429688
vof_hf,0,0,0.0,0.0,166,0.095929,-0.0390625,0.0939003,-0.0429688
vof_hf,0,0,0.0,0.0,167,-0.095929,-0.0390625,-0.0939003,-0.0429688
vof_hf,0,0,0.0,0.0,168,0.09375,0.0432404,0.0939044,0.0429688
vof_hf,0,0,0.0,0.0,169,-0.09375,0.0432404,-0.0939044,0.0429688
vof_hf,0,0,0.0,0.0,170,0.09375,-0.0432404,0.0939044,-0.0429688
vof_hf,0,0,0.0,0.0,171,-0.09375,-0.0432404,-0.0939044,-0.0429688
vof_hf,0,0,0.0,0.0,172,0.0664062,0.0740411,0.0661559,0.0742188
vof_hf,0,0,0.0,0.0,173,-0.0664062,0.0740411,-0.0661559,0.0742188
vof_hf,0,0,0.0,0.0,174,0.0664062,-0.0740411,0.0661559,-0.0742188
vof_hf,0,0,0.0,0.0,175,-0.0664062,-0.0740411,-0.0661559,-0.0742188
vof_hf,0,0,0.0,0.0,176,0.0625,0.0767648,0.0661422,0.0742188
vof_hf,0,0,0.0,0.0,177,-0.0625,0.0767648,-0.0661422,0.0742188
vof_hf,0,0,0.0,0.0,178,0.0625,-0.0767648,0.0661422,-0.0742188
vof_hf,0,0,0.0,0.0,179,-0.0625,-0.0767648,-0.0661422,-0.0742188
vof_hf,0,0,0.0,0.0,180,0.0664062,0.0740411,0.0703125,0.0710278
vof_hf,0,0,0.0,0.0,181,-0.0664062,0.0740411,-0.0703125,0.0710278
vof_hf,0,0,0.0,0.0,182,0.0664062,-0.0740411,0.0703125,-0.0710278
vof_hf,0,0,0.0,0.0,183,-0.0664062,-0.0740411,-0.0703125,-0.0710278
vof_hf,0,0,0.0,0.0,184,0.0742188,0.0677038,0.0711673,0.0703125
vof_hf,0,0,0.0,0.0,185,-0.0742188,0.0677038,-0.0711673,0.0703125
vof_hf,0,0,0.0,0.0,186,0.0742188,-0.0677038,0.0711673,-0.0703125
vof_hf,0,0,0.0,0.0,187,-0.0742188,-0.0677038,-0.0711673,-0.0703125
vof_hf,0,0,0.0,0.0,188,0.078125,0.0639826,0.0756088,0.0664062
vof_hf,0,0,0.0,0.0,189,-0.078125,0.0639826,-0.0756088,0.0664062
vof_hf,0,0,0.0,0.0,190,0.078125,-0.0639826,0.0756088,-0.0664062
vof_hf,0,0,0.0,0.0,191,-0.078125,-0.0639826,-0.0756088,-0.0664062
vof_hf,0,0,0.0,0.0,192,0.0742188,0.0676895,0.0756183,0.0664062
vof_hf,0,0,0.0,0.0,193,-0.0742188,0.0676895,-0.0756183,0.0664062
vof_hf,0,0,0.0,0.0,194,0.0742188,-0.0676895,0.0756183,-0.0664062
vof_hf,0,0,0.0,0.0,195,-0.0742188,-0.0676895,-0.0756183,-0.0664062
vof_hf,0,0,0.0,0.0,196,0.0703125,0.0710271,0.0711846,0.0703125
vof_hf,0,0,0.0,0.0,197,-0.0703125,0.0710271,-0.0711846,0.0703125
vof_hf,0,0,0.0,0.0,198,0.0703125,-0.0710271,0.0711846,-0.0703125
vof_hf,0,0,0.0,0.0,199,-0.0703125,-0.0710271,-0.0711846,-0.0703125
vof_hf,0,0,0.0,0.0,200,0.078125,0.0639757,0.0795618,0.0625
vof_hf,0,0,0.0,0.0,201,-0.078125,0.0639757,-0.0795618,0.0625
vof_hf,0,0,0.0,0.0,202,0.078125,-0.0639757,0.0795618,-0.0625
vof_hf,0,0,0.0,0.0,203,-0.078125,-0.0639757,-0.0795618,-0.0625
vof_hf,1,T/4,0.02028903029296296,0.02028903029296296,0,0.0,0.100059,0.00390625,0.0999826
vof_hf,1,T/4,0.02028903029296296,0.02028903029296296,1,-0.0,0.100059,-0.00390625,0.0999826
vof_hf,1,T/4,0.02028903029296296,0.02028903029296296,2,0.0,-0.100059,0.00390625,-0.0999826
vof_hf,1,T/4,0.02028903029296296,0.02028903029296296,3,-0.0,-0.100059,-0.00390625,-0.0999826
vof_hf,1,T/4,0.02028903029296296,0.02028903029296296,4,0.00390625,0.0999827,0.0078125,0.099754
vof_hf,1,T/4,0.02028903029296296,0.02028903029296296,5,-0.00390625,0.0999827,-0.0078125,0.099754
vof_hf,1,T/4,0.02028903029296296,0.02028903029296296,6,0.00390625,-0.0999827,0.0078125,-0.099754
vof_hf,1,T/4,0.02028903029296296,0.02028903029296296,7,-0.00390625,-0.0999827,-0.0078125,-0.099754
vof_hf,1,T/4,0.02028903029296296,0.02028903029296296,8,0.0078125,0.0997544,0.0117188,0.099372
vof_hf,1,T/4,0.02028903029296296,0.02028903029296296,9,-0.0078125,0.0997544,-0.0117188,0.099372
vof_hf,1,T/4,0.02028903029296296,0.02028903029296296,10,0.0078125,-0.0997544,0.0117188,-0.099372
vof_hf,1,T/4,0.02028903029296296,0.02028903029296296,11,-0.0078125,-0.0997544,-0.0117188,-0.099372
vof_hf,1,T/4,0.02028903029296296,0.02028903029296296,12,0.0117188,0.0993727,0.015625,0.0988344
vof_hf,1,T/4,0.02028903029296296,0.02028903029296296,13,-0.0117188,0.0993727,-0.015625,0.0988344
vof_hf,1,T/4,0.02028903029296296,0.02028903029296296,14,0.0117188,-0.0993727,0.015625,-0.0988344
vof_hf,1,T/4,0.02028903029296296,0.02028903029296296,15,-0.0117188,-0.0993727,-0.015625,-0.0988344
vof_hf,1,T/4,0.02028903029296296,0.02028903029296296,16,0.015625,0.0988352,0.0195312,0.098138
vof_hf,1,T/4,0.02028903029296296,0.02028903029296296,17,-0.015625,0.0988352,-0.0195312,0.098138
vof_hf,1,T/4,0.02028903029296296,0.02028903029296296,18,0.015625,-0.0988352,0.0195312,-0.098138
vof_hf,1,T/4,0.02028903029296296,0.02028903029296296,19,-0.015625,-0.0988352,-0.0195312,-0.098138
vof_hf,1,T/4,0.02028903029296296,0.02028903029296296,20,0.0234375,0.097273,0.0216969,0.0976562
vof_hf,1,T/4,0.02028903029296296,0.02028903029296296,21,-0.0234375,0.097273,-0.0216969,0.0976562
vof_hf,1,T/4,0.02028903029296296,0.02028903029296296,22,0.0234375,-0.097273,0.0216969,-0.0976562
vof_hf,1,T/4,0.02028903029296296,0.02028903029296296,23,-0.0234375,-0.097273,-0.0216969,-0.0976562
vof_hf,1,T/4,0.02028903029296296,0.02028903029296296,24,0.0195312,0.098144,0.0217462,0.0976562
vof_hf,1,T/4,0.02028903029296296,0.02028903029296296,25,-0.0195312,0.098144,-0.0217462,0.0976562
vof_hf,1,T/4,0.02028903029296296,0.02028903029296296,26,0.0195312,-0.098144,0.0217462,-0.0976562
vof_hf,1,T/4,0.02028903029296296,0.02028903029296296,27,-0.0195312,-0.098144,-0.0217462,-0.0976562
vof_hf,1,T/4,0.02028903029296296,0.02028903029296296,28,0.0234375,0.0972801,0.0273438,0.0962526
vof_hf,1,T/4,0.02028903029296296,0.02028903029296296,29,-0.0234375,0.0972801,-0.0273438,0.0962526
vof_hf,1,T/4,0.02028903029296296,0.02028903029296296,30,0.0234375,-0.0972801,0.0273438,-0.0962526
vof_hf,1,T/4,0.02028903029296296,0.02028903029296296,31,-0.0234375,-0.0972801,-0.0273438,-0.0962526
vof_hf,1,T/4,0.02028903029296296,0.02028903029296296,32,0.0273438,0.0962539,0.03125,0.0950544
vof_hf,1,T/4,0.02028903029296296,0.02028903029296296,33,-0.0273438,0.0962539,-0.03125,0.0950544
vof_hf,1,T/4,0.02028903029296296,0.02028903029296296,34,0.0273438,-0.0962539,0.03125,-0.0950544
vof_hf,1,T/4,0.02028903029296296,0.02028903029296296,35,-0.0273438,-0.0962539,-0.03125,-0.0950544
vof_hf,1,T/4,0.02028903029296296,0.02028903029296296,36,0.0351562,0.0936448,0.0348582,0.09375
vof_hf,1,T/4,0.02028903029296296,0.02028903029296296,37,-0.0351562,0.0936448,-0.0348582,0.09375
vof_hf,1,T/4,0.02028903029296296,0.02028903029296296,38,0.0351562,-0.0936448,0.0348582,-0.09375
vof_hf,1,T/4,0.02028903029296296,0.02028903029296296,39,-0.0351562,-0.0936448,-0.0348582,-0.09375
vof_hf,1,T/4,0.02028903029296296,0.02028903029296296,40,0.0351562,0.0936802,0.0390625,0.0921154
vof_hf,1,T/4,0.02028903029296296,0.02028903029296296,41,-0.0351562,0.0936802,-0.0390625,0.0921154
vof_hf,1,T/4,0.02028903029296296,0.02028903029296296,42,0.0351562,-0.0936802,0.0390625,-0.0921154
vof_hf,1,T/4,0.02028903029296296,0.02028903029296296,43,-0.0351562,-0.0936802,-0.0390625,-0.0921154
vof_hf,1,T/4,0.02028903029296296,0.02028903029296296,44,0.0390625,0.0921181,0.0429688,0.0903575
vof_hf,1,T/4,0.02028903029296296,0.02028903029296296,45,-0.0390625,0.0921181,-0.0429688,0.0903575
vof_hf,1,T/4,0.02028903029296296,0.02028903029296296,46,0.0390625,-0.0921181,0.0429688,-0.0903575
vof_hf,1,T/4,0.02028903029296296,0.02028903029296296,47,-0.0390625,-0.0921181,-0.0429688,-0.0903575
vof_hf,1,T/4,0.02028903029296296,0.02028903029296296,48,0.046875,0.0883842,0.0439794,0.0898438
vof_hf,1,T/4,0.02028903029296296,0.02028903029296296,49,-0.046875,0.0883842,-0.0439794,0.0898438
vof_hf,1,T/4,0.02028903029296296,0.02028903029296296,50,0.046875,-0.0883842,0.0439794,-0.0898438
vof_hf,1,T/4,0.02028903029296296,0.02028903029296296,51,-0.046875,-0.0883842,-0.0439794,-0.0898438
vof_hf,1,T/4,0.02028903029296296,0.02028903029296296,52,0.0429688,0.0903827,0.044038,0.0898438
vof_hf,1,T/4,0.02028903029296296,0.02028903029296296,53,-0.0429688,0.0903827,-0.044038,0.0898438
vof_hf,1,T/4,0.02028903029296296,0.02028903029296296,54,0.0429688,-0.0903827,0.044038,-0.0898438
vof_hf,1,T/4,0.02028903029296296,0.02028903029296296,55,-0.0429688,-0.0903827,-0.044038,-0.0898438
vof_hf,1,T/4,0.02028903029296296,0.02028903029296296,56,0.0625,0.0781181,0.0624911,0.078125
vof_hf,1,T/4,0.02028903029296296,0.02028903029296296,57,-0.0625,0.0781181,-0.0624911,0.078125
vof_hf,1,T/4,0.02028903029296296,0.02028903029296296,58,0.0625,-0.0781181,0.0624911,-0.078125
vof_hf,1,T/4,0.02028903029296296,0.02028903029296296,59,-0.0625,-0.0781181,-0.0624911,-0.078125
vof_hf,1,T/4,0.02028903029296296,0.02028903029296296,60,0.0546875,0.0837754,0.0512144,0.0859375
vof_hf,1,T/4,0.02028903029296296,0.02028903029296296,61,-0.0546875,0.0837754,-0.0512144,0.0859375
vof_hf,1,T/4,0.02028903029296296,0.02028903029296296,62,0.0546875,-0.0837754,0.0512144,-0.0859375
vof_hf,1,T/4,0.02028903029296296,0.02028903029296296,63,-0.0546875,-0.0837754,-0.0512144,-0.0859375
vof_hf,1,T/4,0.02028903029296296,0.02028903029296296,64,0.046875,0.0883958,0.0507812,0.086204
vof_hf,1,T/4,0.02028903029296296,0.02028903029296296,65,-0.046875,0.0883958,-0.0507812,0.086204
vof_hf,1,T/4,0.02028903029296296,0.02028903029296296,66,0.046875,-0.0883958,0.0507812,-0.086204
vof_hf,1,T/4,0.02028903029296296,0.02028903029296296,67,-0.046875,-0.0883958,-0.0507812,-0.086204
vof_hf,1,T/4,0.02028903029296296,0.02028903029296296,68,0.0507812,0.0862165,0.0512474,0.0859375
vof_hf,1,T/4,0.02028903029296296,0.02028903029296296,69,-0.0507812,0.0862165,-0.0512474,0.0859375
vof_hf,1,T/4,0.02028903029296296,0.02028903029296296,70,0.0507812,-0.0862165,0.0512474,-0.0859375
vof_hf,1,T/4,0.02028903029296296,0.02028903029296296,71,-0.0507812,-0.0862165,-0.0512474,-0.0859375
vof_hf,1,T/4,0.02028903029296296,0.02028903029296296,72,0.0585938,0.0810296,0.0571363,0.0820312
vof_hf,1,T/4,0.02028903029296296,0.02028903029296296,73,-0.0585938,0.0810296,-0.0571363,0.0820312
vof_hf,1,T/4,0.02028903029296296,0.02028903029296296,74,0.0585938,-0.0810296,0.0571363,-0.0820312
vof_hf,1,T/4,0.02028903029296296,0.02028903029296296,75,-0.0585938,-0.0810296,-0.0571363,-0.0820312
vof_hf,1,T/4,0.02028903029296296,0.02028903029296296,76,0.0546875,0.0838171,0.0572779,0.0820312
vof_hf,1,T/4,0.02028903029296296,0.02028903029296296,77,-0.0546875,0.0838171,-0.0572779,0.0820312
vof_hf,1,T/4,0.02028903029296296,0.02028903029296296,78,0.0546875,-0.0838171,0.0572779,-0.0820312
vof_hf,1,T/4,0.02028903029296296,0.02028903029296296,79,-0.0546875,-0.0838171,-0.0572779,-0.0820312
vof_hf,1,T/4,0.02028903029296296,0.02028903029296296,80,0.0585938,0.0810973,0.0624892,0.078125
vof_hf,1,T/4,0.02028903029296296,0.02028903029296296,81,-0.0585938,0.0810973,-0.0624892,0.078125
vof_hf,1,T/4,0.02028903029296296,0.02028903029296296,82,0.0585938,-0.0810973,0.0624892,-0.078125
vof_hf,1,T/4,0.02028903029296296,0.02028903029296296,83,-0.0585938,-0.0810973,-0.0624892,-0.078125
vof_hf,1,T/4,0.02028903029296296,0.02028903029296296,84,0.03125,0.0950588,0.0349595,0.09375
vof_hf,1,T/4,0.02028903029296296,0.02028903029296296,85,-0.03125,0.0950588,-0.0349595,0.09375
vof_hf,1,T/4,0.02028903029296296,0.02028903029296296,86,0.03125,-0.0950588,0.0349595,-0.09375
vof_hf,1,T/4,0.02028903029296296,0.02028903029296296,87,-0.03125,-0.0950588,-0.0349595,-0.09375
vof_hf,1,T/4,0.02028903029296296,0.02028903029296296,88,0.09375,0.0350252,0.0937039,0.0351562
vof_hf,1,T/4,0.02028903029296296,0.02028903029296296,89,-0.09375,0.0350252,-0.0937039,0.0351562
vof_hf,1,T/4,0.02028903029296296,0.02028903029296296,90,0.09375,-0.0350252,0.0937039,-0.0351562
vof_hf,1,T/4,0.02028903029296296,0.02028903029296296,91,-0.09375,-0.0350252,-0.0937039,-0.0351562
vof_hf,1,T/4,0.02028903029296296,0.02028903029296296,92,0.0937055,0.0351562,0.0921438,0.0390625
vof_hf,1,T/4,0.02028903029296296,0.02028903029296296,93,-0.0937055,0.0351562,-0.0921438,0.0390625
vof_hf,1,T/4,0.02028903029296296,0.02028903029296296,94,0.0937055,-0.0351562,0.0921438,-0.0390625
vof_hf,1,T/4,0.02028903029296296,0.02028903029296296,95,-0.0937055,-0.0351562,-0.0921438,-0.0390625
vof_hf,1,T/4,0.02028903029296296,0.02028903029296296,96,0.0898438,0.0441024,0.088447,0.046875
vof_hf,1,T/4,0.02028903029296296,0.02028903029296296,97,-0.0898438,0.0441024,-0.088447,0.046875
vof_hf,1,T/4,0.02028903029296296,0.02028903029296296,98,0.0898438,-0.0441024,0.088447,-0.046875
vof_hf,1,T/4,0.02028903029296296,0.02028903029296296,99,-0.0898438,-0.0441024,-0.088447,-0.046875
vof_hf,1,T/4,0.02028903029296296,0.02028903029296296,100,0.0921459,0.0390625,0.090387,0.0429688
vof_hf,1,T/4,0.02028903029296296,0.02028903029296296,101,-0.0921459,0.0390625,-0.090387,0.0429688
vof_hf,1,T/4,0.02028903029296296,0.02028903029296296,102,0.0921459,-0.0390625,0.090387,-0.0429688
vof_hf,1,T/4,0.02028903029296296,0.02028903029296296,103,-0.0921459,-0.0390625,-0.090387,-0.0429688
vof_hf,1,T/4,0.02028903029296296,0.02028903029296296,104,0.0898438,0.0439243,0.0903251,0.0429688
vof_hf,1,T/4,0.02028903029296296,0.02028903029296296,105,-0.0898438,0.0439243,-0.0903251,0.0429688
vof_hf,1,T/4,0.02028903029296296,0.02028903029296296,106,0.0898438,-0.0439243,0.0903251,-0.0429688
vof_hf,1,T/4,0.02028903029296296,0.02028903029296296,107,-0.0898438,-0.0439243,-0.0903251,-0.0429688
vof_hf,1,T/4,0.02028903029296296,0.02028903029296296,108,0.0859375,0.0512918,0.0838224,0.0546875
vof_hf,1,T/4,0.02028903029296296,0.02028903029296296,109,-0.0859375,0.0512918,-0.0838224,0.0546875
vof_hf,1,T/4,0.02028903029296296,0.02028903029296296,110,0.0859375,-0.0512918,0.0838224,-0.0546875
vof_hf,1,T/4,0.02028903029296296,0.02028903029296296,111,-0.0859375,-0.0512918,-0.0838224,-0.0546875
vof_hf,1,T/4,0.02028903029296296,0.02028903029296296,112,0.0820312,0.0573158,0.0811497,0.0585938
vof_hf,1,T/4,0.02028903029296296,0.02028903029296296,113,-0.0820312,0.0573158,-0.0811497,0.0585938
vof_hf,1,T/4,0.02028903029296296,0.02028903029296296,114,0.0820312,-0.0573158,0.0811497,-0.0585938
vof_hf,1,T/4,0.02028903029296296,0.02028903029296296,115,-0.0820312,-0.0573158,-0.0811497,-0.0585938
vof_hf,1,T/4,0.02028903029296296,0.02028903029296296,116,0.0811233,0.0585938,0.0781354,0.0625
vof_hf,1,T/4,0.02028903029296296,0.02028903029296296,117,-0.0811233,0.0585938,-0.0781354,0.0625
vof_hf,1,T/4,0.02028903029296296,0.02028903029296296,118,0.0811233,-0.0585938,0.0781354,-0.0625
vof_hf,1,T/4,0.02028903029296296,0.02028903029296296,119,-0.0811233,-0.0585938,-0.0781354,-0.0625
vof_hf,1,T/4,0.02028903029296296,0.02028903029296296,120,0.0820312,0.0572432,0.083796,0.0546875
vof_hf,1,T/4,0.02028903029296296,0.02028903029296296,121,-0.0820312,0.0572432,-0.083796,0.0546875
vof_hf,1,T/4,0.02028903029296296,0.02028903029296296,122,0.0820312,-0.0572432,0.083796,-0.0546875
vof_hf,1,T/4,0.02028903029296296,0.02028903029296296,123,-0.0820312,-0.0572432,-0.083796,-0.0546875
vof_hf,1,T/4,0.02028903029296296,0.02028903029296296,124,0.0884265,0.046875,0.086235,0.0507812
vof_hf,1,T/4,0.02028903029296296,0.02028903029296296,125,-0.0884265,0.046875,-0.086235,0.0507812
vof_hf,1,T/4,0.02028903029296296,0.02028903029296296,126,0.0884265,-0.046875,0.086235,-0.0507812
vof_hf,1,T/4,0.02028903029296296,0.02028903029296296,127,-0.0884265,-0.046875,-0.086235,-0.0507812
vof_hf,1,T/4,0.02028903029296296,0.02028903029296296,128,0.0859375,0.0510524,0.0861014,0.0507812
vof_hf,1,T/4,0.02028903029296296,0.02028903029296296,129,-0.0859375,0.0510524,-0.0861014,0.0507812
vof_hf,1,T/4,0.02028903029296296,0.02028903029296296,130,0.0859375,-0.0510524,0.0861014,-0.0507812
vof_hf,1,T/4,0.02028903029296296,0.02028903029296296,131,-0.0859375,-0.0510524,-0.0861014,-0.0507812
vof_hf,1,T/4,0.02028903029296296,0.02028903029296296,132,0.100052,0.0,0.0999764,0.00390625
vof_hf,1,T/4,0.02028903029296296,0.02028903029296296,133,-0.100052,0.0,-0.0999764,0.00390625
vof_hf,1,T/4,0.02028903029296296,0.02028903029296296,134,0.100052,-0.0,0.0999764,-0.00390625
vof_hf,1,T/4,0.02028903029296296,0.02028903029296296,135,-0.100052,-0.0,-0.0999764,-0.00390625
vof_hf,1,T/4,0.02028903029296296,0.02028903029296296,136,0.0999766,0.00390625,0.09975,0.0078125
vof_hf,1,T/4,0.02028903029296296,0.02028903029296296,137,-0.0999766,0.00390625,-0.09975,0.0078125
vof_hf,1,T/4,0.02028903029296296,0.02028903029296296,138,0.0999766,-0.00390625,0.09975,-0.0078125
vof_hf,1,T/4,0.02028903029296296,0.02028903029296296,139,-0.0999766,-0.00390625,-0.09975,-0.0078125
vof_hf,1,T/4,0.02028903029296296,0.02028903029296296,140,0.0997505,0.0078125,0.0993713,0.0117188
vof_hf,1,T/4,0.02028903029296296,0.02028903029296296,141,-0.0997505,0.0078125,-0.0993713,0.0117188
vof_hf,1,T/4,0.02028903029296296,0.02028903029296296,142,0.0997505,-0.0078125,0.0993713,-0.0117188
vof_hf,1,T/4,0.02028903029296296,0.02028903029296296,143,-0.0997505,-0.0078125,-0.0993713,-0.0117188
vof_hf,1,T/4,0.02028903029296296,0.02028903029296296,144,0.0993721,0.0117188,0.0988377,0.015625
vof_hf,1,T/4,0.02028903029296296,0.02028903029296296,145,-0.0993721,0.0117188,-0.0988377,0.015625
vof_hf,1,T/4,0.02028903029296296,0.02028903029296296,146,0.0993721,-0.0117188,0.0988377,-0.015625
vof_hf,1,T/4,0.02028903029296296,0.02028903029296296,147,-0.0993721,-0.0117188,-0.0988377,-0.015625
vof_hf,1,T/4,0.02028903029296296,0.02028903029296296,148,0.0976562,0.021792,0.0972958,0.0234375
vof_hf,1,T/4,0.02028903029296296,0.02028903029296296,149,-0.0976562,0.021792,-0.0972958,0.0234375
vof_hf,1,T/4,0.02028903029296296,0.02028903029296296,150,0.0976562,-0.021792,0.0972958,-0.0234375
vof_hf,1,T/4,0.02028903029296296,0.02028903029296296,151,-0.0976562,-0.021792,-0.0972958,-0.0234375
vof_hf,1,T/4,0.02028903029296296,0.02028903029296296,152,0.0988386,0.015625,0.0981457,0.0195312
vof_hf,1,T/4,0.02028903029296296,0.02028903029296296,153,-0.0988386,0.015625,-0.0981457,0.0195312
vof_hf,1,T/4,0.02028903029296296,0.02028903029296296,154,0.0988386,-0.015625,0.0981457,-0.0195312
vof_hf,1,T/4,0.02028903029296296,0.02028903029296296,155,-0.0988386,-0.015625,-0.0981457,-0.0195312
vof_hf,1,T/4,0.02028903029296296,0.02028903029296296,156,0.0976562,0.0217568,0.0981437,0.0195312
vof_hf,1,T/4,0.02028903029296296,0.02028903029296296,157,-0.0976562,0.0217568,-0.0981437,0.0195312
vof_hf,1,T/4,0.02028903029296296,0.02028903029296296,158,0.0976562,-0.0217568,0.0981437,-0.0195312
vof_hf,1,T/4,0.02028903029296296,0.02028903029296296,159,-0.0976562,-0.0217568,-0.0981437,-0.0195312
vof_hf,1,T/4,0.02028903029296296,0.02028903029296296,160,0.0972924,0.0234375,0.0962693,0.0273438
vof_hf,1,T/4,0.02028903029296296,0.02028903029296296,161,-0.0972924,0.0234375,-0.0962693,0.0273438
vof_hf,1,T/4,0.02028903029296296,0.02028903029296296,162,0.0972924,-0.0234375,0.0962693,-0.0273438
vof_hf,1,T/4,0.02028903029296296,0.02028903029296296,163,-0.0972924,-0.0234375,-0.0962693,-0.0273438
vof_hf,1,T/4,0.02028903029296296,0.02028903029296296,164,0.0962707,0.0273438,0.0950752,0.03125
vof_hf,1,T/4,0.02028903029296296,0.02028903029296296,165,-0.0962707,0.0273438,-0.0950752,0.03125
vof_hf,1,T/4,0.02028903029296296,0.02028903029296296,166,0.0962707,-0.0273438,0.0950752,-0.03125
vof_hf,1,T/4,0.02028903029296296,0.02028903029296296,167,-0.0962707,-0.0273438,-0.0950752,-0.03125
vof_hf,1,T/4,0.02028903029296296,0.02028903029296296,168,0.09375,0.0350223,0.095077,0.03125
vof_hf,1,T/4,0.02028903029296296,0.02028903029296296,169,-0.09375,0.0350223,-0.095077,0.03125
vof_hf,1,T/4,0.02028903029296296,0.02028903029296296,170,0.09375,-0.0350223,0.095077,-0.03125
vof_hf,1,T/4,0.02028903029296296,0.02028903029296296,171,-0.09375,-0.0350223,-0.095077,-0.03125
vof_hf,1,T/4,0.02028903029296296,0.02028903029296296,172,0.0664062,0.0748245,0.0625013,0.078125
vof_hf,1,T/4,0.02028903029296296,0.02028903029296296,173,-0.0664062,0.0748245,-0.0625013,0.078125
vof_hf,1,T/4,0.02028903029296296,0.02028903029296296,174,0.0664062,-0.0748245,0.0625013,-0.078125
vof_hf,1,T/4,0.02028903029296296,0.02028903029296296,175,-0.0664062,-0.0748245,-0.0625013,-0.078125
vof_hf,1,T/4,0.02028903029296296,0.02028903029296296,176,0.0703125,0.0711558,0.0670505,0.0742188
vof_hf,1,T/4,0.02028903029296296,0.02028903029296296,177,-0.0703125,0.0711558,-0.0670505,0.0742188
vof_hf,1,T/4,0.02028903029296296,0.02028903029296296,178,0.0703125,-0.0711558,0.0670505,-0.0742188
vof_hf,1,T/4,0.02028903029296296,0.02028903029296296,179,-0.0703125,-0.0711558,-0.0670505,-0.0742188
vof_hf,1,T/4,0.02028903029296296,0.02028903029296296,180,0.0664062,0.0748901,0.0671514,0.0742188
vof_hf,1,T/4,0.02028903029296296,0.02028903029296296,181,-0.0664062,0.0748901,-0.0671514,0.0742188
vof_hf,1,T/4,0.02028903029296296,0.02028903029296296,182,0.0664062,-0.0748901,0.0671514,-0.0742188
vof_hf,1,T/4,0.02028903029296296,0.02028903029296296,183,-0.0664062,-0.0748901,-0.0671514,-0.0742188
vof_hf,1,T/4,0.02028903029296296,0.02028903029296296,184,0.0742188,0.0670813,0.0711716,0.0703125
vof_hf,1,T/4,0.02028903029296296,0.02028903029296296,185,-0.0742188,0.0670813,-0.0711716,0.0703125
vof_hf,1,T/4,0.02028903029296296,0.02028903029296296,186,0.0742188,-0.0670813,0.0711716,-0.0703125
vof_hf,1,T/4,0.02028903029296296,0.02028903029296296,187,-0.0742188,-0.0670813,-0.0711716,-0.0703125
vof_hf,1,T/4,0.02028903029296296,0.02028903029296296,188,0.078125,0.0625237,0.0748317,0.0664062
vof_hf,1,T/4,0.02028903029296296,0.02028903029296296,189,-0.078125,0.0625237,-0.0748317,0.0664062
vof_hf,1,T/4,0.02028903029296296,0.02028903029296296,190,0.078125,-0.0625237,0.0748317,-0.0664062
vof_hf,1,T/4,0.02028903029296296,0.02028903029296296,191,-0.078125,-0.0625237,-0.0748317,-0.0664062
vof_hf,1,T/4,0.02028903029296296,0.02028903029296296,192,0.0742188,0.0670247,0.0747754,0.0664062
vof_hf,1,T/4,0.02028903029296296,0.02028903029296296,193,-0.0742188,0.0670247,-0.0747754,0.0664062
vof_hf,1,T/4,0.02028903029296296,0.02028903029296296,194,0.0742188,-0.0670247,0.0747754,-0.0664062
vof_hf,1,T/4,0.02028903029296296,0.02028903029296296,195,-0.0742188,-0.0670247,-0.0747754,-0.0664062
vof_hf,1,T/4,0.02028903029296296,0.02028903029296296,196,0.0703125,0.0711387,0.0711384,0.0703125
vof_hf,1,T/4,0.02028903029296296,0.02028903029296296,197,-0.0703125,0.0711387,-0.0711384,0.0703125
vof_hf,1,T/4,0.02028903029296296,0.02028903029296296,198,0.0703125,-0.0711387,0.0711384,-0.0703125
vof_hf,1,T/4,0.02028903029296296,0.02028903029296296,199,-0.0703125,-0.0711387,-0.0711384,-0.0703125
vof_hf,1,T/4,0.02028903029296296,0.02028903029296296,200,0.078125,0.0625075,0.0781311,0.0625
vof_hf,1,T/4,0.02028903029296296,0.02028903029296296,201,-0.078125,0.0625075,-0.0781311,0.0625
vof_hf,1,T/4,0.02028903029296296,0.02028903029296296,202,0.078125,-0.0625075,0.0781311,-0.0625
vof_hf,1,T/4,0.02028903029296296,0.02028903029296296,203,-0.078125,-0.0625075,-0.0781311,-0.0625
vof_hf,2,T/2,0.04057806058592593,0.04057806058592593,0,0.0,0.105126,0.00390625,0.105038
vof_hf,2,T/2,0.04057806058592593,0.04057806058592593,1,-0.0,0.105126,-0.00390625,0.105038
vof_hf,2,T/2,0.04057806058592593,0.04057806058592593,2,0.0,-0.105126,0.00390625,-0.105038
vof_hf,2,T/2,0.04057806058592593,0.04057806058592593,3,-0.0,-0.105126,-0.00390625,-0.105038
vof_hf,2,T/2,0.04057806058592593,0.04057806058592593,4,0.00390625,0.105038,0.0078125,0.104775
vof_hf,2,T/2,0.04057806058592593,0.04057806058592593,5,-0.00390625,0.105038,-0.0078125,0.104775
vof_hf,2,T/2,0.04057806058592593,0.04057806058592593,6,0.00390625,-0.105038,0.0078125,-0.104775
vof_hf,2,T/2,0.04057806058592593,0.04057806058592593,7,-0.00390625,-0.105038,-0.0078125,-0.104775
vof_hf,2,T/2,0.04057806058592593,0.04057806058592593,8,0.0078125,0.104776,0.0117188,0.104336
vof_hf,2,T/2,0.04057806058592593,0.04057806058592593,9,-0.0078125,0.104776,-0.0117188,0.104336
vof_hf,2,T/2,0.04057806058592593,0.04057806058592593,10,0.0078125,-0.104776,0.0117188,-0.104336
vof_hf,2,T/2,0.04057806058592593,0.04057806058592593,11,-0.0078125,-0.104776,-0.0117188,-0.104336
vof_hf,2,T/2,0.04057806058592593,0.04057806058592593,12,0.0117188,0.104337,0.015625,0.103717
vof_hf,2,T/2,0.04057806058592593,0.04057806058592593,13,-0.0117188,0.104337,-0.015625,0.103717
vof_hf,2,T/2,0.04057806058592593,0.04057806058592593,14,0.0117188,-0.104337,0.015625,-0.103717
vof_hf,2,T/2,0.04057806058592593,0.04057806058592593,15,-0.0117188,-0.104337,-0.015625,-0.103717
vof_hf,2,T/2,0.04057806058592593,0.04057806058592593,16,0.015625,0.103718,0.0195312,0.102915
vof_hf,2,T/2,0.04057806058592593,0.04057806058592593,17,-0.015625,0.103718,-0.0195312,0.102915
vof_hf,2,T/2,0.04057806058592593,0.04057806058592593,18,0.015625,-0.103718,0.0195312,-0.102915
vof_hf,2,T/2,0.04057806058592593,0.04057806058592593,19,-0.015625,-0.103718,-0.0195312,-0.102915
vof_hf,2,T/2,0.04057806058592593,0.04057806058592593,20,0.0195312,0.102916,0.0234375,0.101926
vof_hf,2,T/2,0.04057806058592593,0.04057806058592593,21,-0.0195312,0.102916,-0.0234375,0.101926
vof_hf,2,T/2,0.04057806058592593,0.04057806058592593,22,0.0195312,-0.102916,0.0234375,-0.101926
vof_hf,2,T/2,0.04057806058592593,0.04057806058592593,23,-0.0195312,-0.102916,-0.0234375,-0.101926
vof_hf,2,T/2,0.04057806058592593,0.04057806058592593,24,0.0273438,0.10075,0.0246649,0.101562
vof_hf,2,T/2,0.04057806058592593,0.04057806058592593,25,-0.0273438,0.10075,-0.0246649,0.101562
vof_hf,2,T/2,0.04057806058592593,0.04057806058592593,26,0.0273438,-0.10075,0.0246649,-0.101562
vof_hf,2,T/2,0.04057806058592593,0.04057806058592593,27,-0.0273438,-0.10075,-0.0246649,-0.101562
vof_hf,2,T/2,0.04057806058592593,0.04057806058592593,28,0.0273438,0.100745,0.03125,0.0993601
vof_hf,2,T/2,0.04057806058592593,0.04057806058592593,29,-0.0273438,0.100745,-0.03125,0.0993601
vof_hf,2,T/2,0.04057806058592593,0.04057806058592593,30,0.0273438,-0.100745,0.03125,-0.0993601
vof_hf,2,T/2,0.04057806058592593,0.04057806058592593,31,-0.0273438,-0.100745,-0.03125,-0.0993601
vof_hf,2,T/2,0.04057806058592593,0.04057806058592593,32,0.0234375,0.10191,0.024585,0.101562
vof_hf,2,T/2,0.04057806058592593,0.04057806058592593,33,-0.0234375,0.10191,-0.024585,0.101562
vof_hf,2,T/2,0.04057806058592593,0.04057806058592593,34,0.0234375,-0.10191,0.024585,-0.101562
vof_hf,2,T/2,0.04057806058592593,0.04057806058592593,35,-0.0234375,-0.10191,-0.024585,-0.101562
vof_hf,2,T/2,0.04057806058592593,0.04057806058592593,36,0.046875,0.0915974,0.0432339,0.09375
vof_hf,2,T/2,0.04057806058592593,0.04057806058592593,37,-0.046875,0.0915974,-0.0432339,0.09375
vof_hf,2,T/2,0.04057806058592593,0.04057806058592593,38,0.046875,-0.0915974,0.0432339,-0.09375
vof_hf,2,T/2,0.04057806058592593,0.04057806058592593,39,-0.046875,-0.0915974,-0.0432339,-0.09375
vof_hf,2,T/2,0.04057806058592593,0.04057806058592593,40,0.0507812,0.0890078,0.0495159,0.0898438
vof_hf,2,T/2,0.04057806058592593,0.04057806058592593,41,-0.0507812,0.0890078,-0.0495159,0.0898438
vof_hf,2,T/2,0.04057806058592593,0.04057806058592593,42,0.0507812,-0.0890078,0.0495159,-0.0898438
vof_hf,2,T/2,0.04057806058592593,0.04057806058592593,43,-0.0507812,-0.0890078,-0.0495159,-0.0898438
vof_hf,2,T/2,0.04057806058592593,0.04057806058592593,44,0.046875,0.0916056,0.0495398,0.0898438
vof_hf,2,T/2,0.04057806058592593,0.04057806058592593,45,-0.046875,0.0916056,-0.0495398,0.0898438
vof_hf,2,T/2,0.04057806058592593,0.04057806058592593,46,0.046875,-0.0916056,0.0495398,-0.0898438
vof_hf,2,T/2,0.04057806058592593,0.04057806058592593,47,-0.046875,-0.0916056,-0.0495398,-0.0898438
vof_hf,2,T/2,0.04057806058592593,0.04057806058592593,48,0.0507812,0.089024,0.0546875,0.0861464
vof_hf,2,T/2,0.04057806058592593,0.04057806058592593,49,-0.0507812,0.089024,-0.0546875,0.0861464
vof_hf,2,T/2,0.04057806058592593,0.04057806058592593,50,0.0507812,-0.089024,0.0546875,-0.0861464
vof_hf,2,T/2,0.04057806058592593,0.04057806058592593,51,-0.0507812,-0.089024,-0.0546875,-0.0861464
vof_hf,2,T/2,0.04057806058592593,0.04057806058592593,52,0.0585938,0.0829593,0.0549585,0.0859375
vof_hf,2,T/2,0.04057806058592593,0.04057806058592593,53,-0.0585938,0.0829593,-0.0549585,0.0859375
vof_hf,2,T/2,0.04057806058592593,0.04057806058592593,54,0.0585938,-0.0829593,0.0549585,-0.0859375
vof_hf,2,T/2,0.04057806058592593,0.04057806058592593,55,-0.0585938,-0.0829593,-0.0549585,-0.0859375
vof_hf,2,T/2,0.04057806058592593,0.04057806058592593,56,0.0625,0.0793863,0.059596,0.0820312
vof_hf,2,T/2,0.04057806058592593,0.04057806058592593,57,-0.0625,0.0793863,-0.059596,0.0820312
vof_hf,2,T/2,0.04057806058592593,0.04057806058592593,58,0.0625,-0.0793863,0.059596,-0.0820312
vof_hf,2,T/2,0.04057806058592593,0.04057806058592593,59,-0.0625,-0.0793863,-0.059596,-0.0820312
vof_hf,2,T/2,0.04057806058592593,0.04057806058592593,60,0.0585938,0.082997,0.0597007,0.0820312
vof_hf,2,T/2,0.04057806058592593,0.04057806058592593,61,-0.0585938,0.082997,-0.0597007,0.0820312
vof_hf,2,T/2,0.04057806058592593,0.04057806058592593,62,0.0585938,-0.082997,0.0597007,-0.0820312
vof_hf,2,T/2,0.04057806058592593,0.04057806058592593,63,-0.0585938,-0.082997,-0.0597007,-0.0820312
vof_hf,2,T/2,0.04057806058592593,0.04057806058592593,64,0.0546875,0.0860622,0.0548479,0.0859375
vof_hf,2,T/2,0.04057806058592593,0.04057806058592593,65,-0.0546875,0.0860622,-0.0548479,0.0859375
vof_hf,2,T/2,0.04057806058592593,0.04057806058592593,66,0.0546875,-0.0860622,0.0548479,-0.0859375
vof_hf,2,T/2,0.04057806058592593,0.04057806058592593,67,-0.0546875,-0.0860622,-0.0548479,-0.0859375
vof_hf,2,T/2,0.04057806058592593,0.04057806058592593,68,0.03125,0.0993627,0.0351562,0.0977669
vof_hf,2,T/2,0.04057806058592593,0.04057806058592593,69,-0.03125,0.0993627,-0.0351562,0.0977669
vof_hf,2,T/2,0.04057806058592593,0.04057806058592593,70,0.03125,-0.0993627,0.0351562,-0.0977669
vof_hf,2,T/2,0.04057806058592593,0.04057806058592593,71,-0.03125,-0.0993627,-0.0351562,-0.0977669
vof_hf,2,T/2,0.04057806058592593,0.04057806058592593,72,0.0390625,0.0959533,0.0354042,0.0976562
vof_hf,2,T/2,0.04057806058592593,0.04057806058592593,73,-0.0390625,0.0959533,-0.0354042,0.0976562
vof_hf,2,T/2,0.04057806058592593,0.04057806058592593,74,0.0390625,-0.0959533,0.0354042,-0.0976562
vof_hf,2,T/2,0.04057806058592593,0.04057806058592593,75,-0.0390625,-0.0959533,-0.0354042,-0.0976562
vof_hf,2,T/2,0.04057806058592593,0.04057806058592593,76,0.0351562,0.0977487,0.0353548,0.0976562
vof_hf,2,T/2,0.04057806058592593,0.04057806058592593,77,-0.0351562,0.0977487,-0.0353548,0.0976562
vof_hf,2,T/2,0.04057806058592593,0.04057806058592593,78,0.0351562,-0.0977487,0.0353548,-0.0976562
vof_hf,2,T/2,0.04057806058592593,0.04057806058592593,79,-0.0351562,-0.0977487,-0.0353548,-0.0976562
vof_hf,2,T/2,0.04057806058592593,0.04057806058592593,80,0.0390625,0.0959558,0.0429688,0.0939005
vof_hf,2,T/2,0.04057806058592593,0.04057806058592593,81,-0.0390625,0.0959558,-0.0429688,0.0939005
vof_hf,2,T/2,0.04057806058592593,0.04057806058592593,82,0.0390625,-0.0959558,0.0429688,-0.0939005
vof_hf,2,T/2,0.04057806058592593,0.04057806058592593,83,-0.0390625,-0.0959558,-0.0429688,-0.0939005
vof_hf,2,T/2,0.04057806058592593,0.04057806058592593,84,0.0429688,0.0938798,0.0431949,0.09375
vof_hf,2,T/2,0.04057806058592593,0.04057806058592593,85,-0.0429688,0.0938798,-0.0431949,0.09375
vof_hf,2,T/2,0.04057806058592593,0.04057806058592593,86,0.0429688,-0.0938798,0.0431949,-0.09375
vof_hf,2,T/2,0.04057806058592593,0.04057806058592593,87,-0.0429688,-0.0938798,-0.0431949,-0.09375
vof_hf,2,T/2,0.04057806058592593,0.04057806058592593,88,0.09375,0.0180188,0.0935176,0.0195312
vof_hf,2,T/2,0.04057806058592593,0.04057806058592593,89,-0.09375,0.0180188,-0.0935176,0.0195312
vof_hf,2,T/2,0.04057806058592593,0.04057806058592593,90,0.09375,-0.0180188,0.0935176,-0.0195312
vof_hf,2,T/2,0.04057806058592593,0.04057806058592593,91,-0.09375,-0.0180188,-0.0935176,-0.0195312
vof_hf,2,T/2,0.04057806058592593,0.04057806058592593,92,0.0935199,0.0195312,0.0927806,0.0234375
vof_hf,2,T/2,0.04057806058592593,0.04057806058592593,93,-0.0935199,0.0195312,-0.0927806,0.0234375
vof_hf,2,T/2,0.04057806058592593,0.04057806058592593,94,0.0935199,-0.0195312,0.0927806,-0.0234375
vof_hf,2,T/2,0.04057806058592593,0.04057806058592593,95,-0.0935199,-0.0195312,-0.0927806,-0.0234375
vof_hf,2,T/2,0.04057806058592593,0.04057806058592593,96,0.0927814,0.0234375,0.0919002,0.0273438
vof_hf,2,T/2,0.04057806058592593,0.04057806058592593,97,-0.0927814,0.0234375,-0.0919002,0.0273438
vof_hf,2,T/2,0.04057806058592593,0.04057806058592593,98,0.0927814,-0.0234375,0.0919002,-0.0273438
vof_hf,2,T/2,0.04057806058592593,0.04057806058592593,99,-0.0927814,-0.0234375,-0.0919002,-0.0273438
vof_hf,2,T/2,0.04057806058592593,0.04057806058592593,100,0.0919013,0.0273438,0.0908741,0.03125
vof_hf,2,T/2,0.04057806058592593,0.04057806058592593,101,-0.0919013,0.0273438,-0.0908741,0.03125
vof_hf,2,T/2,0.04057806058592593,0.04057806058592593,102,0.0919013,-0.0273438,0.0908741,-0.03125
vof_hf,2,T/2,0.04057806058592593,0.04057806058592593,103,-0.0919013,-0.0273438,-0.0908741,-0.03125
vof_hf,2,T/2,0.04057806058592593,0.04057806058592593,104,0.078125,0.0601055,0.0766026,0.0625
vof_hf,2,T/2,0.04057806058592593,0.04057806058592593,105,-0.078125,0.0601055,-0.0766026,0.0625
vof_hf,2,T/2,0.04057806058592593,0.04057806058592593,106,0.078125,-0.0601055,0.0766026,-0.0625
vof_hf,2,T/2,0.04057806058592593,0.04057806058592593,107,-0.078125,-0.0601055,-0.0766026,-0.0625
vof_hf,2,T/2,0.04057806058592593,0.04057806058592593,108,0.0859375,0.0451807,0.0852116,0.046875
vof_hf,2,T/2,0.04057806058592593,0.04057806058592593,109,-0.0859375,0.0451807,-0.0852116,0.046875
vof_hf,2,T/2,0.04057806058592593,0.04057806058592593,110,0.0859375,-0.0451807,0.0852116,-0.046875
vof_hf,2,T/2,0.04057806058592593,0.04057806058592593,111,-0.0859375,-0.0451807,-0.0852116,-0.046875
vof_hf,2,T/2,0.04057806058592593,0.04057806058592593,112,0.0898438,0.0346836,0.0897012,0.0351562
vof_hf,2,T/2,0.04057806058592593,0.04057806058592593,113,-0.0898438,0.0346836,-0.0897012,0.0351562
vof_hf,2,T/2,0.04057806058592593,0.04057806058592593,114,0.0898438,-0.0346836,0.0897012,-0.0351562
vof_hf,2,T/2,0.04057806058592593,0.04057806058592593,115,-0.0898438,-0.0346836,-0.0897012,-0.0351562
vof_hf,2,T/2,0.04057806058592593,0.04057806058592593,116,0.0896989,0.0351562,0.0883632,0.0390625
vof_hf,2,T/2,0.04057806058592593,0.04057806058592593,117,-0.0896989,0.0351562,-0.0883632,0.0390625
vof_hf,2,T/2,0.04057806058592593,0.04057806058592593,118,0.0896989,-0.0351562,0.0883632,-0.0390625
vof_hf,2,T/2,0.04057806058592593,0.04057806058592593,119,-0.0896989,-0.0351562,-0.0883632,-0.0390625
vof_hf,2,T/2,0.04057806058592593,0.04057806058592593,120,0.0898438,0.0346686,0.090875,0.03125
vof_hf,2,T/2,0.04057806058592593,0.04057806058592593,121,-0.0898438,0.0346686,-0.090875,0.03125
vof_hf,2,T/2,0.04057806058592593,0.04057806058592593,122,0.0898438,-0.0346686,0.090875,-0.03125
vof_hf,2,T/2,0.04057806058592593,0.04057806058592593,123,-0.0898438,-0.0346686,-0.090875,-0.03125
vof_hf,2,T/2,0.04057806058592593,0.04057806058592593,124,0.0883652,0.0390625,0.0868648,0.0429688
vof_hf,2,T/2,0.04057806058592593,0.04057806058592593,125,-0.0883652,0.0390625,-0.0868648,0.0429688
vof_hf,2,T/2,0.04057806058592593,0.04057806058592593,126,0.0883652,-0.0390625,0.0868648,-0.0429688
vof_hf,2,T/2,0.04057806058592593,0.04057806058592593,127,-0.0883652,-0.0390625,-0.0868648,-0.0429688
vof_hf,2,T/2,0.04057806058592593,0.04057806058592593,128,0.0859375,0.0451047,0.0868526,0.0429688
vof_hf,2,T/2,0.04057806058592593,0.04057806058592593,129,-0.0859375,0.0451047,-0.0868526,0.0429688
vof_hf,2,T/2,0.04057806058592593,0.04057806058592593,130,0.0859375,-0.0451047,0.0868526,-0.0429688
vof_hf,2,T/2,0.04057806058592593,0.04057806058592593,131,-0.0859375,-0.0451047,-0.0868526,-0.0429688
vof_hf,2,T/2,0.04057806058592593,0.04057806058592593,132,0.0820312,0.0533185,0.0813128,0.0546875
vof_hf,2,T/2,0.04057806058592593,0.04057806058592593,133,-0.0820312,0.0533185,-0.0813128,0.0546875
vof_hf,2,T/2,0.04057806058592593,0.04057806058592593,134,0.0820312,-0.0533185,0.0813128,-0.0546875
vof_hf,2,T/2,0.04057806058592593,0.04057806058592593,135,-0.0820312,-0.0533185,-0.0813128,-0.0546875
vof_hf,2,T/2,0.04057806058592593,0.04057806058592593,136,0.085196,0.046875,0.0833399,0.0507812
vof_hf,2,T/2,0.04057806058592593,0.04057806058592593,137,-0.085196,0.046875,-0.0833399,0.0507812
vof_hf,2,T/2,0.04057806058592593,0.04057806058592593,138,0.085196,-0.046875,0.0833399,-0.0507812
vof_hf,2,T/2,0.04057806058592593,0.04057806058592593,139,-0.085196,-0.046875,-0.0833399,-0.0507812
vof_hf,2,T/2,0.04057806058592593,0.04057806058592593,140,0.0820312,0.0532599,0.083332,0.0507812
vof_hf,2,T/2,0.04057806058592593,0.04057806058592593,141,-0.0820312,0.0532599,-0.083332,0.0507812
vof_hf,2,T/2,0.04057806058592593,0.04057806058592593,142,0.0820312,-0.0532599,0.083332,-0.0507812
vof_hf,2,T/2,0.04057806058592593,0.04057806058592593,143,-0.0820312,-0.0532599,-0.083332,-0.0507812
vof_hf,2,T/2,0.04057806058592593,0.04057806058592593,144,0.081297,0.0546875,0.0790394,0.0585938
vof_hf,2,T/2,0.04057806058592593,0.04057806058592593,145,-0.081297,0.0546875,-0.0790394,0.0585938
vof_hf,2,T/2,0.04057806058592593,0.04057806058592593,146,0.081297,-0.0546875,0.0790394,-0.0585938
vof_hf,2,T/2,0.04057806058592593,0.04057806058592593,147,-0.081297,-0.0546875,-0.0790394,-0.0585938
vof_hf,2,T/2,0.04057806058592593,0.04057806058592593,148,0.078125,0.0599302,0.0789692,0.0585938
vof_hf,2,T/2,0.04057806058592593,0.04057806058592593,149,-0.078125,0.0599302,-0.0789692,0.0585938
vof_hf,2,T/2,0.04057806058592593,0.04057806058592593,150,0.078125,-0.0599302,0.0789692,-0.0585938
vof_hf,2,T/2,0.04057806058592593,0.04057806058592593,151,-0.078125,-0.0599302,-0.0789692,-0.0585938
vof_hf,2,T/2,0.04057806058592593,0.04057806058592593,152,0.0951731,0.0,0.0951077,0.00390625
vof_hf,2,T/2,0.04057806058592593,0.04057806058592593,153,-0.0951731,0.0,-0.0951077,0.00390625
vof_hf,2,T/2,0.04057806058592593,0.04057806058592593,154,0.0951731,-0.0,0.0951077,-0.00390625
vof_hf,2,T/2,0.04057806058592593,0.04057806058592593,155,-0.0951731,-0.0,-0.0951077,-0.00390625
vof_hf,2,T/2,0.04057806058592593,0.04057806058592593,156,0.0951079,0.00390625,0.0949112,0.0078125
vof_hf,2,T/2,0.04057806058592593,0.04057806058592593,157,-0.0951079,0.00390625,-0.0949112,0.0078125
vof_hf,2,T/2,0.04057806058592593,0.04057806058592593,158,0.0951079,-0.00390625,0.0949112,-0.0078125
vof_hf,2,T/2,0.04057806058592593,0.04057806058592593,159,-0.0951079,-0.00390625,-0.0949112,-0.0078125
vof_hf,2,T/2,0.04057806058592593,0.04057806058592593,160,0.0949116,0.0078125,0.0945823,0.0117188
vof_hf,2,T/2,0.04057806058592593,0.04057806058592593,161,-0.0949116,0.0078125,-0.0945823,0.0117188
vof_hf,2,T/2,0.04057806058592593,0.04057806058592593,162,0.0949116,-0.0078125,0.0945823,-0.0117188
vof_hf,2,T/2,0.04057806058592593,0.04057806058592593,163,-0.0949116,-0.0078125,-0.0945823,-0.0117188
vof_hf,2,T/2,0.04057806058592593,0.04057806058592593,164,0.0945828,0.0117188,0.094119,0.015625
vof_hf,2,T/2,0.04057806058592593,0.04057806058592593,165,-0.0945828,0.0117188,-0.094119,0.015625
vof_hf,2,T/2,0.04057806058592593,0.04057806058592593,166,0.0945828,-0.0117188,0.094119,-0.015625
vof_hf,2,T/2,0.04057806058592593,0.04057806058592593,167,-0.0945828,-0.0117188,-0.094119,-0.015625
vof_hf,2,T/2,0.04057806058592593,0.04057806058592593,168,0.09375,0.0180362,0.0941206,0.015625
vof_hf,2,T/2,0.04057806058592593,0.04057806058592593,169,-0.09375,0.0180362,-0.0941206,0.015625
vof_hf,2,T/2,0.04057806058592593,0.04057806058592593,170,0.09375,-0.0180362,0.0941206,-0.015625
vof_hf,2,T/2,0.04057806058592593,0.04057806058592593,171,-0.09375,-0.0180362,-0.0941206,-0.015625
vof_hf,2,T/2,0.04057806058592593,0.04057806058592593,172,0.0664062,0.0753797,0.0637713,0.078125
vof_hf,2,T/2,0.04057806058592593,0.04057806058592593,173,-0.0664062,0.0753797,-0.0637713,0.078125
vof_hf,2,T/2,0.04057806058592593,0.04057806058592593,174,0.0664062,-0.0753797,0.0637713,-0.078125
vof_hf,2,T/2,0.04057806058592593,0.04057806058592593,175,-0.0664062,-0.0753797,-0.0637713,-0.078125
vof_hf,2,T/2,0.04057806058592593,0.04057806058592593,176,0.0703125,0.0709647,0.0675324,0.0742188
vof_hf,2,T/2,0.04057806058592593,0.04057806058592593,177,-0.0703125,0.0709647,-0.0675324,0.0742188
vof_hf,2,T/2,0.04057806058592593,0.04057806058592593,178,0.0703125,-0.0709647,0.0675324,-0.0742188
vof_hf,2,T/2,0.04057806058592593,0.04057806058592593,179,-0.0703125,-0.0709647,-0.0675324,-0.0742188
vof_hf,2,T/2,0.04057806058592593,0.04057806058592593,180,0.0664062,0.0754616,0.0675372,0.0742188
vof_hf,2,T/2,0.04057806058592593,0.04057806058592593,181,-0.0664062,0.0754616,-0.0675372,0.0742188
vof_hf,2,T/2,0.04057806058592593,0.04057806058592593,182,0.0664062,-0.0754616,0.0675372,-0.0742188
vof_hf,2,T/2,0.04057806058592593,0.04057806058592593,183,-0.0664062,-0.0754616,-0.0675372,-0.0742188
vof_hf,2,T/2,0.04057806058592593,0.04057806058592593,184,0.0742188,0.0658102,0.0737958,0.0664062
vof_hf,2,T/2,0.04057806058592593,0.04057806058592593,185,-0.0742188,0.0658102,-0.0737958,0.0664062
vof_hf,2,T/2,0.04057806058592593,0.04057806058592593,186,0.0742188,-0.0658102,0.0737958,-0.0664062
vof_hf,2,T/2,0.04057806058592593,0.04057806058592593,187,-0.0742188,-0.0658102,-0.0737958,-0.0664062
vof_hf,2,T/2,0.04057806058592593,0.04057806058592593,188,0.0738428,0.0664062,0.0708268,0.0703125
vof_hf,2,T/2,0.04057806058592593,0.04057806058592593,189,-0.0738428,0.0664062,-0.0708268,0.0703125
vof_hf,2,T/2,0.04057806058592593,0.04057806058592593,190,0.0738428,-0.0664062,0.0708268,-0.0703125
vof_hf,2,T/2,0.04057806058592593,0.04057806058592593,191,-0.0738428,-0.0664062,-0.0708268,-0.0703125
vof_hf,2,T/2,0.04057806058592593,0.04057806058592593,192,0.0742188,0.0658653,0.0765741,0.0625
vof_hf,2,T/2,0.04057806058592593,0.04057806058592593,193,-0.0742188,0.0658653,-0.0765741,0.0625
vof_hf,2,T/2,0.04057806058592593,0.04057806058592593,194,0.0742188,-0.0658653,0.0765741,-0.0625
vof_hf,2,T/2,0.04057806058592593,0.04057806058592593,195,-0.0742188,-0.0658653,-0.0765741,-0.0625
vof_hf,2,T/2,0.04057806058592593,0.04057806058592593,196,0.0703125,0.0706871,0.0706163,0.0703125
vof_hf,2,T/2,0.04057806058592593,0.04057806058592593,197,-0.0703125,0.0706871,-0.0706163,0.0703125
vof_hf,2,T/2,0.04057806058592593,0.04057806058592593,198,0.0703125,-0.0706871,0.0706163,-0.0703125
vof_hf,2,T/2,0.04057806058592593,0.04057806058592593,199,-0.0703125,-0.0706871,-0.0706163,-0.0703125
vof_hf,2,T/2,0.04057806058592593,0.04057806058592593,200,0.0625,0.0794715,0.0638743,0.078125
vof_hf,2,T/2,0.04057806058592593,0.04057806058592593,201,-0.0625,0.0794715,-0.0638743,0.078125
vof_hf,2,T/2,0.04057806058592593,0.04057806058592593,202,0.0625,-0.0794715,0.0638743,-0.078125
vof_hf,2,T/2,0.04057806058592593,0.04057806058592593,203,-0.0625,-0.0794715,-0.0638743,-0.078125
vof_hf,3,3T/4,0.06086709087888889,0.06086709087888889,0,0.0,0.100253,0.00390625,0.100174
vof_hf,3,3T/4,0.06086709087888889,0.06086709087888889,1,-0.0,0.100253,-0.00390625,0.100174
vof_hf,3,3T/4,0.06086709087888889,0.06086709087888889,2,0.0,-0.100253,0.00390625,-0.100174
vof_hf,3,3T/4,0.06086709087888889,0.06086709087888889,3,-0.0,-0.100253,-0.00390625,-0.100174
vof_hf,3,3T/4,0.06086709087888889,0.06086709087888889,4,0.00390625,0.100174,0.0078125,0.0999362
vof_hf,3,3T/4,0.06086709087888889,0.06086709087888889,5,-0.00390625,0.100174,-0.0078125,0.0999362
vof_hf,3,3T/4,0.06086709087888889,0.06086709087888889,6,0.00390625,-0.100174,0.0078125,-0.0999362
vof_hf,3,3T/4,0.06086709087888889,0.06086709087888889,7,-0.00390625,-0.100174,-0.0078125,-0.0999362
vof_hf,3,3T/4,0.06086709087888889,0.06086709087888889,8,0.0078125,0.0999363,0.0117188,0.0995402
vof_hf,3,3T/4,0.06086709087888889,0.06086709087888889,9,-0.0078125,0.0999363,-0.0117188,0.0995402
vof_hf,3,3T/4,0.06086709087888889,0.06086709087888889,10,0.0078125,-0.0999363,0.0117188,-0.0995402
vof_hf,3,3T/4,0.06086709087888889,0.06086709087888889,11,-0.0078125,-0.0999363,-0.0117188,-0.0995402
vof_hf,3,3T/4,0.06086709087888889,0.06086709087888889,12,0.0117188,0.0995405,0.015625,0.0989851
vof_hf,3,3T/4,0.06086709087888889,0.06086709087888889,13,-0.0117188,0.0995405,-0.015625,0.0989851
vof_hf,3,3T/4,0.06086709087888889,0.06086709087888889,14,0.0117188,-0.0995405,0.015625,-0.0989851
vof_hf,3,3T/4,0.06086709087888889,0.06086709087888889,15,-0.0117188,-0.0995405,-0.015625,-0.0989851
vof_hf,3,3T/4,0.06086709087888889,0.06086709087888889,16,0.015625,0.0989857,0.0195312,0.0982691
vof_hf,3,3T/4,0.06086709087888889,0.06086709087888889,17,-0.015625,0.0989857,-0.0195312,0.0982691
vof_hf,3,3T/4,0.06086709087888889,0.06086709087888889,18,0.015625,-0.0989857,0.0195312,-0.0982691
vof_hf,3,3T/4,0.06086709087888889,0.06086709087888889,19,-0.015625,-0.0989857,-0.0195312,-0.0982691
vof_hf,3,3T/4,0.06086709087888889,0.06086709087888889,20,0.0234375,0.0973937,0.0222739,0.0976562
vof_hf,3,3T/4,0.06086709087888889,0.06086709087888889,21,-0.0234375,0.0973937,-0.0222739,0.0976562
vof_hf,3,3T/4,0.06086709087888889,0.06086709087888889,22,0.0234375,-0.0973937,0.0222739,-0.0976562
vof_hf,3,3T/4,0.06086709087888889,0.06086709087888889,23,-0.0234375,-0.0973937,-0.0222739,-0.0976562
vof_hf,3,3T/4,0.06086709087888889,0.06086709087888889,24,0.0195312,0.0982681,0.022243,0.0976562
vof_hf,3,3T/4,0.06086709087888889,0.06086709087888889,25,-0.0195312,0.0982681,-0.022243,0.0976562
vof_hf,3,3T/4,0.06086709087888889,0.06086709087888889,26,0.0195312,-0.0982681,0.022243,-0.0976562
vof_hf,3,3T/4,0.06086709087888889,0.06086709087888889,27,-0.0195312,-0.0982681,-0.022243,-0.0976562
vof_hf,3,3T/4,0.06086709087888889,0.06086709087888889,28,0.0234375,0.0973898,0.0273438,0.0963395
vof_hf,3,3T/4,0.06086709087888889,0.06086709087888889,29,-0.0234375,0.0973898,-0.0273438,0.0963395
vof_hf,3,3T/4,0.06086709087888889,0.06086709087888889,30,0.0234375,-0.0973898,0.0273438,-0.0963395
vof_hf,3,3T/4,0.06086709087888889,0.06086709087888889,31,-0.0234375,-0.0973898,-0.0273438,-0.0963395
vof_hf,3,3T/4,0.06086709087888889,0.06086709087888889,32,0.0273438,0.0963408,0.03125,0.0951169
vof_hf,3,3T/4,0.06086709087888889,0.06086709087888889,33,-0.0273438,0.0963408,-0.03125,0.0951169
vof_hf,3,3T/4,0.06086709087888889,0.06086709087888889,34,0.0273438,-0.0963408,0.03125,-0.0951169
vof_hf,3,3T/4,0.06086709087888889,0.06086709087888889,35,-0.0273438,-0.0963408,-0.03125,-0.0951169
vof_hf,3,3T/4,0.06086709087888889,0.06086709087888889,36,0.0351562,0.0937172,0.0350649,0.09375
vof_hf,3,3T/4,0.06086709087888889,0.06086709087888889,37,-0.0351562,0.0937172,-0.0350649,0.09375
vof_hf,3,3T/4,0.06086709087888889,0.06086709087888889,38,0.0351562,-0.0937172,0.0350649,-0.09375
vof_hf,3,3T/4,0.06086709087888889,0.06086709087888889,39,-0.0351562,-0.0937172,-0.0350649,-0.09375
vof_hf,3,3T/4,0.06086709087888889,0.06086709087888889,40,0.0351562,0.0937171,0.0390625,0.0921241
vof_hf,3,3T/4,0.06086709087888889,0.06086709087888889,41,-0.0351562,0.0937171,-0.0390625,0.0921241
vof_hf,3,3T/4,0.06086709087888889,0.06086709087888889,42,0.0351562,-0.0937171,0.0390625,-0.0921241
vof_hf,3,3T/4,0.06086709087888889,0.06086709087888889,43,-0.0351562,-0.0937171,-0.0390625,-0.0921241
vof_hf,3,3T/4,0.06086709087888889,0.06086709087888889,44,0.0390625,0.0921258,0.0429688,0.0903357
vof_hf,3,3T/4,0.06086709087888889,0.06086709087888889,45,-0.0390625,0.0921258,-0.0429688,0.0903357
vof_hf,3,3T/4,0.06086709087888889,0.06086709087888889,46,0.0390625,-0.0921258,0.0429688,-0.0903357
vof_hf,3,3T/4,0.06086709087888889,0.06086709087888889,47,-0.0390625,-0.0921258,-0.0429688,-0.0903357
vof_hf,3,3T/4,0.06086709087888889,0.06086709087888889,48,0.046875,0.0883678,0.0439894,0.0898438
vof_hf,3,3T/4,0.06086709087888889,0.06086709087888889,49,-0.046875,0.0883678,-0.0439894,0.0898438
vof_hf,3,3T/4,0.06086709087888889,0.06086709087888889,50,0.046875,-0.0883678,0.0439894,-0.0898438
vof_hf,3,3T/4,0.06086709087888889,0.06086709087888889,51,-0.046875,-0.0883678,-0.0439894,-0.0898438
vof_hf,3,3T/4,0.06086709087888889,0.06086709087888889,52,0.0429688,0.0902524,0.0437677,0.0898438
vof_hf,3,3T/4,0.06086709087888889,0.06086709087888889,53,-0.0429688,0.0902524,-0.0437677,0.0898438
vof_hf,3,3T/4,0.06086709087888889,0.06086709087888889,54,0.0429688,-0.0902524,0.0437677,-0.0898438
vof_hf,3,3T/4,0.06086709087888889,0.06086709087888889,55,-0.0429688,-0.0902524,-0.0437677,-0.0898438
vof_hf,3,3T/4,0.06086709087888889,0.06086709087888889,56,0.0625,0.0779698,0.0623048,0.078125
vof_hf,3,3T/4,0.06086709087888889,0.06086709087888889,57,-0.0625,0.0779698,-0.0623048,0.078125
vof_hf,3,3T/4,0.06086709087888889,0.06086709087888889,58,0.0625,-0.0779698,0.0623048,-0.078125
vof_hf,3,3T/4,0.06086709087888889,0.06086709087888889,59,-0.0625,-0.0779698,-0.0623048,-0.078125
vof_hf,3,3T/4,0.06086709087888889,0.06086709087888889,60,0.0546875,0.0836836,0.051102,0.0859375
vof_hf,3,3T/4,0.06086709087888889,0.06086709087888889,61,-0.0546875,0.0836836,-0.051102,0.0859375
vof_hf,3,3T/4,0.06086709087888889,0.06086709087888889,62,0.0546875,-0.0836836,0.051102,-0.0859375
vof_hf,3,3T/4,0.06086709087888889,0.06086709087888889,63,-0.0546875,-0.0836836,-0.051102,-0.0859375
vof_hf,3,3T/4,0.06086709087888889,0.06086709087888889,64,0.046875,0.0883442,0.0507812,0.0861256
vof_hf,3,3T/4,0.06086709087888889,0.06086709087888889,65,-0.046875,0.0883442,-0.0507812,0.0861256
vof_hf,3,3T/4,0.06086709087888889,0.06086709087888889,66,0.046875,-0.0883442,0.0507812,-0.0861256
vof_hf,3,3T/4,0.06086709087888889,0.06086709087888889,67,-0.046875,-0.0883442,-0.0507812,-0.0861256
vof_hf,3,3T/4,0.06086709087888889,0.06086709087888889,68,0.0507812,0.0859553,0.0508108,0.0859375
vof_hf,3,3T/4,0.06086709087888889,0.06086709087888889,69,-0.0507812,0.0859553,-0.0508108,0.0859375
vof_hf,3,3T/4,0.06086709087888889,0.06086709087888889,70,0.0507812,-0.0859553,0.0508108,-0.0859375
vof_hf,3,3T/4,0.06086709087888889,0.06086709087888889,71,-0.0507812,-0.0859553,-0.0508108,-0.0859375
vof_hf,3,3T/4,0.06086709087888889,0.06086709087888889,72,0.0585938,0.0810133,0.0571286,0.0820312
vof_hf,3,3T/4,0.06086709087888889,0.06086709087888889,73,-0.0585938,0.0810133,-0.0571286,0.0820312
vof_hf,3,3T/4,0.06086709087888889,0.06086709087888889,74,0.0585938,-0.0810133,0.0571286,-0.0820312
vof_hf,3,3T/4,0.06086709087888889,0.06086709087888889,75,-0.0585938,-0.0810133,-0.0571286,-0.0820312
vof_hf,3,3T/4,0.06086709087888889,0.06086709087888889,76,0.0546875,0.0836507,0.0570199,0.0820312
vof_hf,3,3T/4,0.06086709087888889,0.06086709087888889,77,-0.0546875,0.0836507,-0.0570199,0.0820312
vof_hf,3,3T/4,0.06086709087888889,0.06086709087888889,78,0.0546875,-0.0836507,0.0570199,-0.0820312
vof_hf,3,3T/4,0.06086709087888889,0.06086709087888889,79,-0.0546875,-0.0836507,-0.0570199,-0.0820312
vof_hf,3,3T/4,0.06086709087888889,0.06086709087888889,80,0.0585938,0.0809747,0.062305,0.078125
vof_hf,3,3T/4,0.06086709087888889,0.06086709087888889,81,-0.0585938,0.0809747,-0.062305,0.078125
vof_hf,3,3T/4,0.06086709087888889,0.06086709087888889,82,0.0585938,-0.0809747,0.062305,-0.078125
vof_hf,3,3T/4,0.06086709087888889,0.06086709087888889,83,-0.0585938,-0.0809747,-0.062305,-0.078125
vof_hf,3,3T/4,0.06086709087888889,0.06086709087888889,84,0.03125,0.0951188,0.0350579,0.09375
vof_hf,3,3T/4,0.06086709087888889,0.06086709087888889,85,-0.03125,0.0951188,-0.0350579,0.09375
vof_hf,3,3T/4,0.06086709087888889,0.06086709087888889,86,0.03125,-0.0951188,0.0350579,-0.09375
vof_hf,3,3T/4,0.06086709087888889,0.06086709087888889,87,-0.03125,-0.0951188,-0.0350579,-0.09375
vof_hf,3,3T/4,0.06086709087888889,0.06086709087888889,88,0.078125,0.0623027,0.0779696,0.0625
vof_hf,3,3T/4,0.06086709087888889,0.06086709087888889,89,-0.078125,0.0623027,-0.0779696,0.0625
vof_hf,3,3T/4,0.06086709087888889,0.06086709087888889,90,0.078125,-0.0623027,0.0779696,-0.0625
vof_hf,3,3T/4,0.06086709087888889,0.06086709087888889,91,-0.078125,-0.0623027,-0.0779696,-0.0625
vof_hf,3,3T/4,0.06086709087888889,0.06086709087888889,92,0.09375,0.0348528,0.0936413,0.0351562
vof_hf,3,3T/4,0.06086709087888889,0.06086709087888889,93,-0.09375,0.0348528,-0.0936413,0.0351562
vof_hf,3,3T/4,0.06086709087888889,0.06086709087888889,94,0.09375,-0.0348528,0.0936413,-0.0351562
vof_hf,3,3T/4,0.06086709087888889,0.06086709087888889,95,-0.09375,-0.0348528,-0.0936413,-0.0351562
vof_hf,3,3T/4,0.06086709087888889,0.06086709087888889,96,0.0936741,0.0351562,0.0920888,0.0390625
vof_hf,3,3T/4,0.06086709087888889,0.06086709087888889,97,-0.0936741,0.0351562,-0.0920888,0.0390625
vof_hf,3,3T/4,0.06086709087888889,0.06086709087888889,98,0.0936741,-0.0351562,0.0920888,-0.0390625
vof_hf,3,3T/4,0.06086709087888889,0.06086709087888889,99,-0.0936741,-0.0351562,-0.0920888,-0.0390625
vof_hf,3,3T/4,0.06086709087888889,0.06086709087888889,100,0.0898438,0.0438796,0.08832,0.046875
vof_hf,3,3T/4,0.06086709087888889,0.06086709087888889,101,-0.0898438,0.0438796,-0.08832,0.046875
vof_hf,3,3T/4,0.06086709087888889,0.06086709087888889,102,0.0898438,-0.0438796,0.08832,-0.046875
vof_hf,3,3T/4,0.06086709087888889,0.06086709087888889,103,-0.0898438,-0.0438796,-0.08832,-0.046875
vof_hf,3,3T/4,0.06086709087888889,0.06086709087888889,104,0.0920913,0.0390625,0.0903109,0.0429688
vof_hf,3,3T/4,0.06086709087888889,0.06086709087888889,105,-0.0920913,0.0390625,-0.0903109,0.0429688
vof_hf,3,3T/4,0.06086709087888889,0.06086709087888889,106,0.0920913,-0.0390625,0.0903109,-0.0429688
vof_hf,3,3T/4,0.06086709087888889,0.06086709087888889,107,-0.0920913,-0.0390625,-0.0903109,-0.0429688
vof_hf,3,3T/4,0.06086709087888889,0.06086709087888889,108,0.0898438,0.0439373,0.0903364,0.0429688
vof_hf,3,3T/4,0.06086709087888889,0.06086709087888889,109,-0.0898438,0.0439373,-0.0903364,0.0429688
vof_hf,3,3T/4,0.06086709087888889,0.06086709087888889,110,0.0898438,-0.0439373,0.0903364,-0.0429688
vof_hf,3,3T/4,0.06086709087888889,0.06086709087888889,111,-0.0898438,-0.0439373,-0.0903364,-0.0429688
vof_hf,3,3T/4,0.06086709087888889,0.06086709087888889,112,0.0859375,0.051084,0.0836804,0.0546875
vof_hf,3,3T/4,0.06086709087888889,0.06086709087888889,113,-0.0859375,0.051084,-0.0836804,0.0546875
vof_hf,3,3T/4,0.06086709087888889,0.06086709087888889,114,0.0859375,-0.051084,0.0836804,-0.0546875
vof_hf,3,3T/4,0.06086709087888889,0.06086709087888889,115,-0.0859375,-0.051084,-0.0836804,-0.0546875
vof_hf,3,3T/4,0.06086709087888889,0.06086709087888889,116,0.0820312,0.0570074,0.0809334,0.0585938
vof_hf,3,3T/4,0.06086709087888889,0.06086709087888889,117,-0.0820312,0.0570074,-0.0809334,0.0585938
vof_hf,3,3T/4,0.06086709087888889,0.06086709087888889,118,0.0820312,-0.0570074,0.0809334,-0.0585938
vof_hf,3,3T/4,0.06086709087888889,0.06086709087888889,119,-0.0820312,-0.0570074,-0.0809334,-0.0585938
vof_hf,3,3T/4,0.06086709087888889,0.06086709087888889,120,0.078125,0.0623276,0.0809886,0.0585938
vof_hf,3,3T/4,0.06086709087888889,0.06086709087888889,121,-0.078125,0.0623276,-0.0809886,0.0585938
vof_hf,3,3T/4,0.06086709087888889,0.06086709087888889,122,0.078125,-0.0623276,0.0809886,-0.0585938
vof_hf,3,3T/4,0.06086709087888889,0.06086709087888889,123,-0.078125,-0.0623276,-0.0809886,-0.0585938
vof_hf,3,3T/4,0.06086709087888889,0.06086709087888889,124,0.0820312,0.0571216,0.0837171,0.0546875
vof_hf,3,3T/4,0.06086709087888889,0.06086709087888889,125,-0.0820312,0.0571216,-0.0837171,0.0546875
vof_hf,3,3T/4,0.06086709087888889,0.06086709087888889,126,0.0820312,-0.0571216,0.0837171,-0.0546875
vof_hf,3,3T/4,0.06086709087888889,0.06086709087888889,127,-0.0820312,-0.0571216,-0.0837171,-0.0546875
vof_hf,3,3T/4,0.06086709087888889,0.06086709087888889,128,0.088331,0.046875,0.086123,0.0507812
vof_hf,3,3T/4,0.06086709087888889,0.06086709087888889,129,-0.088331,0.046875,-0.086123,0.0507812
vof_hf,3,3T/4,0.06086709087888889,0.06086709087888889,130,0.088331,-0.046875,0.086123,-0.0507812
vof_hf,3,3T/4,0.06086709087888889,0.06086709087888889,131,-0.088331,-0.046875,-0.086123,-0.0507812
vof_hf,3,3T/4,0.06086709087888889,0.06086709087888889,132,0.0859375,0.0511071,0.0861323,0.0507812
vof_hf,3,3T/4,0.06086709087888889,0.06086709087888889,133,-0.0859375,0.0511071,-0.0861323,0.0507812
vof_hf,3,3T/4,0.06086709087888889,0.06086709087888889,134,0.0859375,-0.0511071,0.0861323,-0.0507812
vof_hf,3,3T/4,0.06086709087888889,0.06086709087888889,135,-0.0859375,-0.0511071,-0.0861323,-0.0507812
vof_hf,3,3T/4,0.06086709087888889,0.06086709087888889,136,0.100171,0.0,0.100093,0.00390625
vof_hf,3,3T/4,0.06086709087888889,0.06086709087888889,137,-0.100171,0.0,-0.100093,0.00390625
vof_hf,3,3T/4,0.06086709087888889,0.06086709087888889,138,0.100171,-0.0,0.100093,-0.00390625
vof_hf,3,3T/4,0.06086709087888889,0.06086709087888889,139,-0.100171,-0.0,-0.100093,-0.00390625
vof_hf,3,3T/4,0.06086709087888889,0.06086709087888889,140,0.100093,0.00390625,0.099859,0.0078125
vof_hf,3,3T/4,0.06086709087888889,0.06086709087888889,141,-0.100093,0.00390625,-0.099859,0.0078125
vof_hf,3,3T/4,0.06086709087888889,0.06086709087888889,142,0.100093,-0.00390625,0.099859,-0.0078125
vof_hf,3,3T/4,0.06086709087888889,0.06086709087888889,143,-0.100093,-0.00390625,-0.099859,-0.0078125
vof_hf,3,3T/4,0.06086709087888889,0.06086709087888889,144,0.0998594,0.0078125,0.099468,0.0117188
vof_hf,3,3T/4,0.06086709087888889,0.06086709087888889,145,-0.0998594,0.0078125,-0.099468,0.0117188
vof_hf,3,3T/4,0.06086709087888889,0.06086709087888889,146,0.0998594,-0.0078125,0.099468,-0.0117188
vof_hf,3,3T/4,0.06086709087888889,0.06086709087888889,147,-0.0998594,-0.0078125,-0.099468,-0.0117188
vof_hf,3,3T/4,0.06086709087888889,0.06086709087888889,148,0.0994685,0.0117188,0.0989181,0.015625
vof_hf,3,3T/4,0.06086709087888889,0.06086709087888889,149,-0.0994685,0.0117188,-0.0989181,0.015625
vof_hf,3,3T/4,0.06086709087888889,0.06086709087888889,150,0.0994685,-0.0117188,0.0989181,-0.015625
vof_hf,3,3T/4,0.06086709087888889,0.06086709087888889,151,-0.0994685,-0.0117188,-0.0989181,-0.015625
vof_hf,3,3T/4,0.06086709087888889,0.06086709087888889,152,0.0976562,0.0219518,0.0973228,0.0234375
vof_hf,3,3T/4,0.06086709087888889,0.06086709087888889,153,-0.0976562,0.0219518,-0.0973228,0.0234375
vof_hf,3,3T/4,0.06086709087888889,0.06086709087888889,154,0.0976562,-0.0219518,0.0973228,-0.0234375
vof_hf,3,3T/4,0.06086709087888889,0.06086709087888889,155,-0.0976562,-0.0219518,-0.0973228,-0.0234375
vof_hf,3,3T/4,0.06086709087888889,0.06086709087888889,156,0.0989187,0.015625,0.098207,0.0195312
vof_hf,3,3T/4,0.06086709087888889,0.06086709087888889,157,-0.0989187,0.015625,-0.098207,0.0195312
vof_hf,3,3T/4,0.06086709087888889,0.06086709087888889,158,0.0989187,-0.015625,0.098207,-0.0195312
vof_hf,3,3T/4,0.06086709087888889,0.06086709087888889,159,-0.0989187,-0.015625,-0.098207,-0.0195312
vof_hf,3,3T/4,0.06086709087888889,0.06086709087888889,160,0.0976562,0.0220128,0.0982132,0.0195312
vof_hf,3,3T/4,0.06086709087888889,0.06086709087888889,161,-0.0976562,0.0220128,-0.0982132,0.0195312
vof_hf,3,3T/4,0.06086709087888889,0.06086709087888889,162,0.0976562,-0.0220128,0.0982132,-0.0195312
vof_hf,3,3T/4,0.06086709087888889,0.06086709087888889,163,-0.0976562,-0.0220128,-0.0982132,-0.0195312
vof_hf,3,3T/4,0.06086709087888889,0.06086709087888889,164,0.0973324,0.0234375,0.0962867,0.0273438
vof_hf,3,3T/4,0.06086709087888889,0.06086709087888889,165,-0.0973324,0.0234375,-0.0962867,0.0273438
vof_hf,3,3T/4,0.06086709087888889,0.06086709087888889,166,0.0973324,-0.0234375,0.0962867,-0.0273438
vof_hf,3,3T/4,0.06086709087888889,0.06086709087888889,167,-0.0973324,-0.0234375,-0.0962867,-0.0273438
vof_hf,3,3T/4,0.06086709087888889,0.06086709087888889,168,0.0962879,0.0273438,0.095069,0.03125
vof_hf,3,3T/4,0.06086709087888889,0.06086709087888889,169,-0.0962879,0.0273438,-0.095069,0.03125
vof_hf,3,3T/4,0.06086709087888889,0.06086709087888889,170,0.0962879,-0.0273438,0.095069,-0.03125
vof_hf,3,3T/4,0.06086709087888889,0.06086709087888889,171,-0.0962879,-0.0273438,-0.095069,-0.03125
vof_hf,3,3T/4,0.06086709087888889,0.06086709087888889,172,0.09375,0.0349457,0.0950731,0.03125
vof_hf,3,3T/4,0.06086709087888889,0.06086709087888889,173,-0.09375,0.0349457,-0.0950731,0.03125
vof_hf,3,3T/4,0.06086709087888889,0.06086709087888889,174,0.09375,-0.0349457,0.0950731,-0.03125
vof_hf,3,3T/4,0.06086709087888889,0.06086709087888889,175,-0.09375,-0.0349457,-0.0950731,-0.03125
vof_hf,3,3T/4,0.06086709087888889,0.06086709087888889,176,0.0625,0.0779847,0.0664062,0.0746655
vof_hf,3,3T/4,0.06086709087888889,0.06086709087888889,177,-0.0625,0.0779847,-0.0664062,0.0746655
vof_hf,3,3T/4,0.06086709087888889,0.06086709087888889,178,0.0625,-0.0779847,0.0664062,-0.0746655
vof_hf,3,3T/4,0.06086709087888889,0.06086709087888889,179,-0.0625,-0.0779847,-0.0664062,-0.0746655
vof_hf,3,3T/4,0.06086709087888889,0.06086709087888889,180,0.0703125,0.0710091,0.0669104,0.0742188
vof_hf,3,3T/4,0.06086709087888889,0.06086709087888889,181,-0.0703125,0.0710091,-0.0669104,0.0742188
vof_hf,3,3T/4,0.06086709087888889,0.06086709087888889,182,0.0703125,-0.0710091,0.0669104,-0.0742188
vof_hf,3,3T/4,0.06086709087888889,0.06086709087888889,183,-0.0703125,-0.0710091,-0.0669104,-0.0742188
vof_hf,3,3T/4,0.06086709087888889,0.06086709087888889,184,0.0664062,0.0745466,0.0667709,0.0742188
vof_hf,3,3T/4,0.06086709087888889,0.06086709087888889,185,-0.0664062,0.0745466,-0.0667709,0.0742188
vof_hf,3,3T/4,0.06086709087888889,0.06086709087888889,186,0.0664062,-0.0745466,0.0667709,-0.0742188
vof_hf,3,3T/4,0.06086709087888889,0.06086709087888889,187,-0.0664062,-0.0745466,-0.0667709,-0.0742188
vof_hf,3,3T/4,0.06086709087888889,0.06086709087888889,188,0.0742188,0.0668997,0.070996,0.0703125
vof_hf,3,3T/4,0.06086709087888889,0.06086709087888889,189,-0.0742188,0.0668997,-0.070996,0.0703125
vof_hf,3,3T/4,0.06086709087888889,0.06086709087888889,190,0.0742188,-0.0668997,0.070996,-0.0703125
vof_hf,3,3T/4,0.06086709087888889,0.06086709087888889,191,-0.0742188,-0.0668997,-0.070996,-0.0703125
vof_hf,3,3T/4,0.06086709087888889,0.06086709087888889,192,0.0780015,0.0625,0.0746824,0.0664062
vof_hf,3,3T/4,0.06086709087888889,0.06086709087888889,193,-0.0780015,0.0625,-0.0746824,0.0664062
vof_hf,3,3T/4,0.06086709087888889,0.06086709087888889,194,0.0780015,-0.0625,0.0746824,-0.0664062
vof_hf,3,3T/4,0.06086709087888889,0.06086709087888889,195,-0.0780015,-0.0625,-0.0746824,-0.0664062
vof_hf,3,3T/4,0.06086709087888889,0.06086709087888889,196,0.0742188,0.0669978,0.0747541,0.0664062
vof_hf,3,3T/4,0.06086709087888889,0.06086709087888889,197,-0.0742188,0.0669978,-0.0747541,0.0664062
vof_hf,3,3T/4,0.06086709087888889,0.06086709087888889,198,0.0742188,-0.0669978,0.0747541,-0.0664062
vof_hf,3,3T/4,0.06086709087888889,0.06086709087888889,199,-0.0742188,-0.0669978,-0.0747541,-0.0664062
vof_hf,3,3T/4,0.06086709087888889,0.06086709087888889,200,0.0703125,0.0709355,0.0709376,0.0703125
vof_hf,3,3T/4,0.06086709087888889,0.06086709087888889,201,-0.0703125,0.0709355,-0.0709376,0.0703125
vof_hf,3,3T/4,0.06086709087888889,0.06086709087888889,202,0.0703125,-0.0709355,0.0709376,-0.0703125
vof_hf,3,3T/4,0.06086709087888889,0.06086709087888889,203,-0.0703125,-0.0709355,-0.0709376,-0.0703125
vof_hf,4,T,0.08115612117185185,0.08115612117185185,0,0.0195312,0.0934144,0.0173041,0.09375
vof_hf,4,T,0.08115612117185185,0.08115612117185185,1,-0.0195312,0.0934144,-0.0173041,0.09375
vof_hf,4,T,0.08115612117185185,0.08115612117185185,2,0.0195312,-0.0934144,0.0173041,-0.09375
vof_hf,4,T,0.08115612117185185,0.08115612117185185,3,-0.0195312,-0.0934144,-0.0173041,-0.09375
vof_hf,4,T,0.08115612117185185,0.08115612117185185,4,0.0195312,0.0934175,0.0234375,0.092693
vof_hf,4,T,0.08115612117185185,0.08115612117185185,5,-0.0195312,0.0934175,-0.0234375,0.092693
vof_hf,4,T,0.08115612117185185,0.08115612117185185,6,0.0195312,-0.0934175,0.0234375,-0.092693
vof_hf,4,T,0.08115612117185185,0.08115612117185185,7,-0.0195312,-0.0934175,-0.0234375,-0.092693
vof_hf,4,T,0.08115612117185185,0.08115612117185185,8,0.0234375,0.0926938,0.0273438,0.0918305
vof_hf,4,T,0.08115612117185185,0.08115612117185185,9,-0.0234375,0.0926938,-0.0273438,0.0918305
vof_hf,4,T,0.08115612117185185,0.08115612117185185,10,0.0234375,-0.0926938,0.0273438,-0.0918305
vof_hf,4,T,0.08115612117185185,0.08115612117185185,11,-0.0234375,-0.0926938,-0.0273438,-0.0918305
vof_hf,4,T,0.08115612117185185,0.08115612117185185,12,0.0273438,0.0918317,0.03125,0.0908256
vof_hf,4,T,0.08115612117185185,0.08115612117185185,13,-0.0273438,0.0918317,-0.03125,0.0908256
vof_hf,4,T,0.08115612117185185,0.08115612117185185,14,0.0273438,-0.0918317,0.03125,-0.0908256
vof_hf,4,T,0.08115612117185185,0.08115612117185185,15,-0.0273438,-0.0918317,-0.03125,-0.0908256
vof_hf,4,T,0.08115612117185185,0.08115612117185185,16,0.0,0.0950391,0.00390625,0.094975
vof_hf,4,T,0.08115612117185185,0.08115612117185185,17,-0.0,0.0950391,-0.00390625,0.094975
vof_hf,4,T,0.08115612117185185,0.08115612117185185,18,0.0,-0.0950391,0.00390625,-0.094975
vof_hf,4,T,0.08115612117185185,0.08115612117185185,19,-0.0,-0.0950391,-0.00390625,-0.094975
vof_hf,4,T,0.08115612117185185,0.08115612117185185,20,0.00390625,0.0949752,0.0078125,0.0947822
vof_hf,4,T,0.08115612117185185,0.08115612117185185,21,-0.00390625,0.0949752,-0.0078125,0.0947822
vof_hf,4,T,0.08115612117185185,0.08115612117185185,22,0.00390625,-0.0949752,0.0078125,-0.0947822
vof_hf,4,T,0.08115612117185185,0.08115612117185185,23,-0.00390625,-0.0949752,-0.0078125,-0.0947822
vof_hf,4,T,0.08115612117185185,0.08115612117185185,24,0.0078125,0.0947825,0.0117188,0.0944594
vof_hf,4,T,0.08115612117185185,0.08115612117185185,25,-0.0078125,0.0947825,-0.0117188,0.0944594
vof_hf,4,T,0.08115612117185185,0.08115612117185185,26,0.0078125,-0.0947825,0.0117188,-0.0944594
vof_hf,4,T,0.08115612117185185,0.08115612117185185,27,-0.0078125,-0.0947825,-0.0117188,-0.0944594
vof_hf,4,T,0.08115612117185185,0.08115612117185185,28,0.0117188,0.0944599,0.015625,0.094005
vof_hf,4,T,0.08115612117185185,0.08115612117185185,29,-0.0117188,0.0944599,-0.015625,0.094005
vof_hf,4,T,0.08115612117185185,0.08115612117185185,30,0.0117188,-0.0944599,0.015625,-0.094005
vof_hf,4,T,0.08115612117185185,0.08115612117185185,31,-0.0117188,-0.0944599,-0.015625,-0.094005
vof_hf,4,T,0.08115612117185185,0.08115612117185185,32,0.015625,0.0940088,0.0173425,0.09375
vof_hf,4,T,0.08115612117185185,0.08115612117185185,33,-0.015625,0.0940088,-0.0173425,0.09375
vof_hf,4,T,0.08115612117185185,0.08115612117185185,34,0.015625,-0.0940088,0.0173425,-0.09375
vof_hf,4,T,0.08115612117185185,0.08115612117185185,35,-0.015625,-0.0940088,-0.0173425,-0.09375
vof_hf,4,T,0.08115612117185185,0.08115612117185185,36,0.0351562,0.0896814,0.0346069,0.0898438
vof_hf,4,T,0.08115612117185185,0.08115612117185185,37,-0.0351562,0.0896814,-0.0346069,0.0898438
vof_hf,4,T,0.08115612117185185,0.08115612117185185,38,0.0351562,-0.0896814,0.0346069,-0.0898438
vof_hf,4,T,0.08115612117185185,0.08115612117185185,39,-0.0351562,-0.0896814,-0.0346069,-0.0898438
vof_hf,4,T,0.08115612117185185,0.08115612117185185,40,0.03125,0.0908257,0.0345719,0.0898438
vof_hf,4,T,0.08115612117185185,0.08115612117185185,41,-0.03125,0.0908257,-0.0345719,0.0898438
vof_hf,4,T,0.08115612117185185,0.08115612117185185,42,0.03125,-0.0908257,0.0345719,-0.0898438
vof_hf,4,T,0.08115612117185185,0.08115612117185185,43,-0.03125,-0.0908257,-0.0345719,-0.0898438
vof_hf,4,T,0.08115612117185185,0.08115612117185185,44,0.0351562,0.0896743,0.0390625,0.0883642
vof_hf,4,T,0.08115612117185185,0.08115612117185185,45,-0.0351562,0.0896743,-0.0390625,0.0883642
vof_hf,4,T,0.08115612117185185,0.08115612117185185,46,0.0351562,-0.0896743,0.0390625,-0.0883642
vof_hf,4,T,0.08115612117185185,0.08115612117185185,47,-0.0351562,-0.0896743,-0.0390625,-0.0883642
vof_hf,4,T,0.08115612117185185,0.08115612117185185,48,0.046875,0.0852799,0.045314,0.0859375
vof_hf,4,T,0.08115612117185185,0.08115612117185185,49,-0.046875,0.0852799,-0.045314,0.0859375
vof_hf,4,T,0.08115612117185185,0.08115612117185185,50,0.046875,-0.0852799,0.045314,-0.0859375
vof_hf,4,T,0.08115612117185185,0.08115612117185185,51,-0.046875,-0.0852799,-0.045314,-0.0859375
vof_hf,4,T,0.08115612117185185,0.08115612117185185,52,0.0390625,0.0883663,0.0429688,0.086893
vof_hf,4,T,0.08115612117185185,0.08115612117185185,53,-0.0390625,0.0883663,-0.0429688,0.086893
vof_hf,4,T,0.08115612117185185,0.08115612117185185,54,0.0390625,-0.0883663,0.0429688,-0.086893
vof_hf,4,T,0.08115612117185185,0.08115612117185185,55,-0.0390625,-0.0883663,-0.0429688,-0.086893
vof_hf,4,T,0.08115612117185185,0.08115612117185185,56,0.0429688,0.0868741,0.0451921,0.0859375
vof_hf,4,T,0.08115612117185185,0.08115612117185185,57,-0.0429688,0.0868741,-0.0451921,0.0859375
vof_hf,4,T,0.08115612117185185,0.08115612117185185,58,0.0429688,-0.0868741,0.0451921,-0.0859375
vof_hf,4,T,0.08115612117185185,0.08115612117185185,59,-0.0429688,-0.0868741,-0.0451921,-0.0859375
vof_hf,4,T,0.08115612117185185,0.08115612117185185,60,0.0625,0.0767768,0.0603587,0.078125
vof_hf,4,T,0.08115612117185185,0.08115612117185185,61,-0.0625,0.0767768,-0.0603587,0.078125
vof_hf,4,T,0.08115612117185185,0.08115612117185185,62,0.0625,-0.0767768,0.0603587,-0.078125
vof_hf,4,T,0.08115612117185185,0.08115612117185185,63,-0.0625,-0.0767768,-0.0603587,-0.078125
vof_hf,4,T,0.08115612117185185,0.08115612117185185,64,0.046875,0.0852525,0.0507812,0.0834249
vof_hf,4,T,0.08115612117185185,0.08115612117185185,65,-0.046875,0.0852525,-0.0507812,0.0834249
vof_hf,4,T,0.08115612117185185,0.08115612117185185,66,0.046875,-0.0852525,0.0507812,-0.0834249
vof_hf,4,T,0.08115612117185185,0.08115612117185185,67,-0.046875,-0.0852525,-0.0507812,-0.0834249
vof_hf,4,T,0.08115612117185185,0.08115612117185185,68,0.0546875,0.081446,0.0535566,0.0820312
vof_hf,4,T,0.08115612117185185,0.08115612117185185,69,-0.0546875,0.081446,-0.0535566,0.0820312
vof_hf,4,T,0.08115612117185185,0.08115612117185185,70,0.0546875,-0.081446,0.0535566,-0.0820312
vof_hf,4,T,0.08115612117185185,0.08115612117185185,71,-0.0546875,-0.081446,-0.0535566,-0.0820312
vof_hf,4,T,0.08115612117185185,0.08115612117185185,72,0.0507812,0.0834112,0.0534477,0.0820312
vof_hf,4,T,0.08115612117185185,0.08115612117185185,73,-0.0507812,0.0834112,-0.0534477,0.0820312
vof_hf,4,T,0.08115612117185185,0.08115612117185185,74,0.0507812,-0.0834112,0.0534477,-0.0820312
vof_hf,4,T,0.08115612117185185,0.08115612117185185,75,-0.0507812,-0.0834112,-0.0534477,-0.0820312
vof_hf,4,T,0.08115612117185185,0.08115612117185185,76,0.0546875,0.0814109,0.0585938,0.0791803
vof_hf,4,T,0.08115612117185185,0.08115612117185185,77,-0.0546875,0.0814109,-0.0585938,0.0791803
vof_hf,4,T,0.08115612117185185,0.08115612117185185,78,0.0546875,-0.0814109,0.0585938,-0.0791803
vof_hf,4,T,0.08115612117185185,0.08115612117185185,79,-0.0546875,-0.0814109,-0.0585938,-0.0791803
vof_hf,4,T,0.08115612117185185,0.08115612117185185,80,0.0585938,0.0791176,0.0601734,0.078125
vof_hf,4,T,0.08115612117185185,0.08115612117185185,81,-0.0585938,0.0791176,-0.0601734,0.078125
vof_hf,4,T,0.08115612117185185,0.08115612117185185,82,0.0585938,-0.0791176,0.0601734,-0.078125
vof_hf,4,T,0.08115612117185185,0.08115612117185185,83,-0.0585938,-0.0791176,-0.0601734,-0.078125
vof_hf,4,T,0.08115612117185185,0.08115612117185185,84,0.09375,0.0432091,0.0916125,0.046875
vof_hf,4,T,0.08115612117185185,0.08115612117185185,85,-0.09375,0.0432091,-0.0916125,0.046875
vof_hf,4,T,0.08115612117185185,0.08115612117185185,86,0.09375,-0.0432091,0.0916125,-0.046875
vof_hf,4,T,0.08115612117185185,0.08115612117185185,87,-0.09375,-0.0432091,-0.0916125,-0.046875
vof_hf,4,T,0.08115612117185185,0.08115612117185185,88,0.0820312,0.0597612,0.0795701,0.0625
vof_hf,4,T,0.08115612117185185,0.08115612117185185,89,-0.0820312,0.0597612,-0.0795701,0.0625
vof_hf,4,T,0.08115612117185185,0.08115612117185185,90,0.0820312,-0.0597612,0.0795701,-0.0625
vof_hf,4,T,0.08115612117185185,0.08115612117185185,91,-0.0820312,-0.0597612,-0.0795701,-0.0625
vof_hf,4,T,0.08115612117185185,0.08115612117185185,92,0.0859375,0.0550917,0.0831098,0.0585938
vof_hf,4,T,0.08115612117185185,0.08115612117185185,93,-0.0859375,0.0550917,-0.0831098,0.0585938
vof_hf,4,T,0.08115612117185185,0.08115612117185185,94,0.0859375,-0.0550917,0.0831098,-0.0585938
vof_hf,4,T,0.08115612117185185,0.08115612117185185,95,-0.0859375,-0.0550917,-0.0831098,-0.0585938
vof_hf,4,T,0.08115612117185185,0.08115612117185185,96,0.0820312,0.0598917,0.0831505,0.0585938
vof_hf,4,T,0.08115612117185185,0.08115612117185185,97,-0.0820312,0.0598917,-0.0831505,0.0585938
vof_hf,4,T,0.08115612117185185,0.08115612117185185,98,0.0820312,-0.0598917,0.0831505,-0.0585938
vof_hf,4,T,0.08115612117185185,0.08115612117185185,99,-0.0820312,-0.0598917,-0.0831505,-0.0585938
vof_hf,4,T,0.08115612117185185,0.08115612117185185,100,0.0898438,0.0496231,0.08909,0.0507812
vof_hf,4,T,0.08115612117185185,0.08115612117185185,101,-0.0898438,0.0496231,-0.08909,0.0507812
vof_hf,4,T,0.08115612117185185,0.08115612117185185,102,0.0898438,-0.0496231,0.08909,-0.0507812
vof_hf,4,T,0.08115612117185185,0.08115612117185185,103,-0.0898438,-0.0496231,-0.08909,-0.0507812
vof_hf,4,T,0.08115612117185185,0.08115612117185185,104,0.0890794,0.0507812,0.0862456,0.0546875
vof_hf,4,T,0.08115612117185185,0.08115612117185185,105,-0.0890794,0.0507812,-0.0862456,0.0546875
vof_hf,4,T,0.08115612117185185,0.08115612117185185,106,0.0890794,-0.0507812,0.0862456,-0.0546875
vof_hf,4,T,0.08115612117185185,0.08115612117185185,107,-0.0890794,-0.0507812,-0.0862456,-0.0546875
vof_hf,4,T,0.08115612117185185,0.08115612117185185,108,0.0898438,0.0495864,0.0916095,0.046875
vof_hf,4,T,0.08115612117185185,0.08115612117185185,109,-0.0898438,0.0495864,-0.0916095,0.046875
vof_hf,4,T,0.08115612117185185,0.08115612117185185,110,0.0898438,-0.0495864,0.0916095,-0.046875
vof_hf,4,T,0.08115612117185185,0.08115612117185185,111,-0.0898438,-0.0495864,-0.0916095,-0.046875
vof_hf,4,T,0.08115612117185185,0.08115612117185185,112,0.0859375,0.0549581,0.0861446,0.0546875
vof_hf,4,T,0.08115612117185185,0.08115612117185185,113,-0.0859375,0.0549581,-0.0861446,0.0546875
vof_hf,4,T,0.08115612117185185,0.08115612117185185,114,0.0859375,-0.0549581,0.0861446,-0.0546875
vof_hf,4,T,0.08115612117185185,0.08115612117185185,115,-0.0859375,-0.0549581,-0.0861446,-0.0546875
vof_hf,4,T,0.08115612117185185,0.08115612117185185,116,0.105029,0.0,0.104941,0.00390625
vof_hf,4,T,0.08115612117185185,0.08115612117185185,117,-0.105029,0.0,-0.104941,0.00390625
vof_hf,4,T,0.08115612117185185,0.08115612117185185,118,0.105029,-0.0,0.104941,-0.00390625
vof_hf,4,T,0.08115612117185185,0.08115612117185185,119,-0.105029,-0.0,-0.104941,-0.00390625
vof_hf,4,T,0.08115612117185185,0.08115612117185185,120,0.104941,0.00390625,0.104678,0.0078125
vof_hf,4,T,0.08115612117185185,0.08115612117185185,121,-0.104941,0.00390625,-0.104678,0.0078125
vof_hf,4,T,0.08115612117185185,0.08115612117185185,122,0.104941,-0.00390625,0.104678,-0.0078125
vof_hf,4,T,0.08115612117185185,0.08115612117185185,123,-0.104941,-0.00390625,-0.104678,-0.0078125
vof_hf,4,T,0.08115612117185185,0.08115612117185185,124,0.104679,0.0078125,0.104239,0.0117188
vof_hf,4,T,0.08115612117185185,0.08115612117185185,125,-0.104679,0.0078125,-0.104239,0.0117188
vof_hf,4,T,0.08115612117185185,0.08115612117185185,126,0.104679,-0.0078125,0.104239,-0.0117188
vof_hf,4,T,0.08115612117185185,0.08115612117185185,127,-0.104679,-0.0078125,-0.104239,-0.0117188
vof_hf,4,T,0.08115612117185185,0.08115612117185185,128,0.104239,0.0117188,0.103621,0.015625
vof_hf,4,T,0.08115612117185185,0.08115612117185185,129,-0.104239,0.0117188,-0.103621,0.015625
vof_hf,4,T,0.08115612117185185,0.08115612117185185,130,0.104239,-0.0117188,0.103621,-0.015625
vof_hf,4,T,0.08115612117185185,0.08115612117185185,131,-0.104239,-0.0117188,-0.103621,-0.015625
vof_hf,4,T,0.08115612117185185,0.08115612117185185,132,0.101562,0.02436,0.100664,0.0273438
vof_hf,4,T,0.08115612117185185,0.08115612117185185,133,-0.101562,0.02436,-0.100664,0.0273438
vof_hf,4,T,0.08115612117185185,0.08115612117185185,134,0.101562,-0.02436,0.100664,-0.0273438
vof_hf,4,T,0.08115612117185185,0.08115612117185185,135,-0.101562,-0.02436,-0.100664,-0.0273438
vof_hf,4,T,0.08115612117185185,0.08115612117185185,136,0.100665,0.0273438,0.0992893,0.03125
vof_hf,4,T,0.08115612117185185,0.08115612117185185,137,-0.100665,0.0273438,-0.0992893,0.03125
vof_hf,4,T,0.08115612117185185,0.08115612117185185,138,0.100665,-0.0273438,0.0992893,-0.03125
vof_hf,4,T,0.08115612117185185,0.08115612117185185,139,-0.100665,-0.0273438,-0.0992893,-0.03125
vof_hf,4,T,0.08115612117185185,0.08115612117185185,140,0.103622,0.015625,0.102822,0.0195312
vof_hf,4,T,0.08115612117185185,0.08115612117185185,141,-0.103622,0.015625,-0.102822,0.0195312
vof_hf,4,T,0.08115612117185185,0.08115612117185185,142,0.103622,-0.015625,0.102822,-0.0195312
vof_hf,4,T,0.08115612117185185,0.08115612117185185,143,-0.103622,-0.015625,-0.102822,-0.0195312
vof_hf,4,T,0.08115612117185185,0.08115612117185185,144,0.102823,0.0195312,0.101838,0.0234375
vof_hf,4,T,0.08115612117185185,0.08115612117185185,145,-0.102823,0.0195312,-0.101838,0.0234375
vof_hf,4,T,0.08115612117185185,0.08115612117185185,146,0.102823,-0.0195312,0.101838,-0.0234375
vof_hf,4,T,0.08115612117185185,0.08115612117185185,147,-0.102823,-0.0195312,-0.101838,-0.0234375
vof_hf,4,T,0.08115612117185185,0.08115612117185185,148,0.101562,0.0243445,0.101836,0.0234375
vof_hf,4,T,0.08115612117185185,0.08115612117185185,149,-0.101562,0.0243445,-0.101836,0.0234375
vof_hf,4,T,0.08115612117185185,0.08115612117185185,150,0.101562,-0.0243445,0.101836,-0.0234375
vof_hf,4,T,0.08115612117185185,0.08115612117185185,151,-0.101562,-0.0243445,-0.101836,-0.0234375
vof_hf,4,T,0.08115612117185185,0.08115612117185185,152,0.0976562,0.0352783,0.0959124,0.0390625
vof_hf,4,T,0.08115612117185185,0.08115612117185185,153,-0.0976562,0.0352783,-0.0959124,0.0390625
vof_hf,4,T,0.08115612117185185,0.08115612117185185,154,0.0976562,-0.0352783,0.0959124,-0.0390625
vof_hf,4,T,0.08115612117185185,0.08115612117185185,155,-0.0976562,-0.0352783,-0.0959124,-0.0390625
vof_hf,4,T,0.08115612117185185,0.08115612117185185,156,0.0992916,0.03125,0.0977092,0.0351562
vof_hf,4,T,0.08115612117185185,0.08115612117185185,157,-0.0992916,0.03125,-0.0977092,0.0351562
vof_hf,4,T,0.08115612117185185,0.08115612117185185,158,0.0992916,-0.03125,0.0977092,-0.0351562
vof_hf,4,T,0.08115612117185185,0.08115612117185185,159,-0.0992916,-0.03125,-0.0977092,-0.0351562
vof_hf,4,T,0.08115612117185185,0.08115612117185185,160,0.0976562,0.0352575,0.0977029,0.0351562
vof_hf,4,T,0.08115612117185185,0.08115612117185185,161,-0.0976562,0.0352575,-0.0977029,0.0351562
vof_hf,4,T,0.08115612117185185,0.08115612117185185,162,0.0976562,-0.0352575,0.0977029,-0.0351562
vof_hf,4,T,0.08115612117185185,0.08115612117185185,163,-0.0976562,-0.0352575,-0.0977029,-0.0351562
vof_hf,4,T,0.08115612117185185,0.08115612117185185,164,0.0959155,0.0390625,0.0938846,0.0429688
vof_hf,4,T,0.08115612117185185,0.08115612117185185,165,-0.0959155,0.0390625,-0.0938846,0.0429688
vof_hf,4,T,0.08115612117185185,0.08115612117185185,166,0.0959155,-0.0390625,0.0938846,-0.0429688
vof_hf,4,T,0.08115612117185185,0.08115612117185185,167,-0.0959155,-0.0390625,-0.0938846,-0.0429688
vof_hf,4,T,0.08115612117185185,0.08115612117185185,168,0.09375,0.0431837,0.0938723,0.0429688
vof_hf,4,T,0.08115612117185185,0.08115612117185185,169,-0.09375,0.0431837,-0.0938723,0.0429688
vof_hf,4,T,0.08115612117185185,0.08115612117185185,170,0.09375,-0.0431837,0.0938723,-0.0429688
vof_hf,4,T,0.08115612117185185,0.08115612117185185,171,-0.09375,-0.0431837,-0.0938723,-0.0429688
vof_hf,4,T,0.08115612117185185,0.08115612117185185,172,0.0664062,0.0739828,0.0660737,0.0742188
vof_hf,4,T,0.08115612117185185,0.08115612117185185,173,-0.0664062,0.0739828,-0.0660737,0.0742188
vof_hf,4,T,0.08115612117185185,0.08115612117185185,174,0.0664062,-0.0739828,0.0660737,-0.0742188
vof_hf,4,T,0.08115612117185185,0.08115612117185185,175,-0.0664062,-0.0739828,-0.0660737,-0.0742188
vof_hf,4,T,0.08115612117185185,0.08115612117185185,176,0.0625,0.0767368,0.0661236,0.0742188
vof_hf,4,T,0.08115612117185185,0.08115612117185185,177,-0.0625,0.0767368,-0.0661236,0.0742188
vof_hf,4,T,0.08115612117185185,0.08115612117185185,178,0.0625,-0.0767368,0.0661236,-0.0742188
vof_hf,4,T,0.08115612117185185,0.08115612117185185,179,-0.0625,-0.0767368,-0.0661236,-0.0742188
vof_hf,4,T,0.08115612117185185,0.08115612117185185,180,0.0664062,0.0740284,0.0703125,0.0710261
vof_hf,4,T,0.08115612117185185,0.08115612117185185,181,-0.0664062,0.0740284,-0.0703125,0.0710261
vof_hf,4,T,0.08115612117185185,0.08115612117185185,182,0.0664062,-0.0740284,0.0703125,-0.0710261
vof_hf,4,T,0.08115612117185185,0.08115612117185185,183,-0.0664062,-0.0740284,-0.0703125,-0.0710261
vof_hf,4,T,0.08115612117185185,0.08115612117185185,184,0.0742188,0.0677714,0.0712388,0.0703125
vof_hf,4,T,0.08115612117185185,0.08115612117185185,185,-0.0742188,0.0677714,-0.0712388,0.0703125
vof_hf,4,T,0.08115612117185185,0.08115612117185185,186,0.0742188,-0.0677714,0.0712388,-0.0703125
vof_hf,4,T,0.08115612117185185,0.08115612117185185,187,-0.0742188,-0.0677714,-0.0712388,-0.0703125
vof_hf,4,T,0.08115612117185185,0.08115612117185185,188,0.078125,0.063965,0.0756073,0.0664062
vof_hf,4,T,0.08115612117185185,0.08115612117185185,189,-0.078125,0.063965,-0.0756073,0.0664062
vof_hf,4,T,0.08115612117185185,0.08115612117185185,190,0.078125,-0.063965,0.0756073,-0.0664062
vof_hf,4,T,0.08115612117185185,0.08115612117185185,191,-0.078125,-0.063965,-0.0756073,-0.0664062
vof_hf,4,T,0.08115612117185185,0.08115612117185185,192,0.0742188,0.0677285,0.0756705,0.0664062
vof_hf,4,T,0.08115612117185185,0.08115612117185185,193,-0.0742188,0.0677285,-0.0756705,0.0664062
vof_hf,4,T,0.08115612117185185,0.08115612117185185,194,0.0742188,-0.0677285,0.0756705,-0.0664062
vof_hf,4,T,0.08115612117185185,0.08115612117185185,195,-0.0742188,-0.0677285,-0.0756705,-0.0664062
vof_hf,4,T,0.08115612117185185,0.08115612117185185,196,0.0703125,0.0707397,0.0708419,0.0703125
vof_hf,4,T,0.08115612117185185,0.08115612117185185,197,-0.0703125,0.0707397,-0.0708419,0.0703125
vof_hf,4,T,0.08115612117185185,0.08115612117185185,198,0.0703125,-0.0707397,0.0708419,-0.0703125
vof_hf,4,T,0.08115612117185185,0.08115612117185185,199,-0.0703125,-0.0707397,-0.0708419,-0.0703125
vof_hf,4,T,0.08115612117185185,0.08115612117185185,200,0.078125,0.0640806,0.0796635,0.0625
vof_hf,4,T,0.08115612117185185,0.08115612117185185,201,-0.078125,0.0640806,-0.0796635,0.0625
vof_hf,4,T,0.08115612117185185,0.08115612117185185,202,0.078125,-0.0640806,0.0796635,-0.0625
vof_hf,4,T,0.08115612117185185,0.08115612117185185,203,-0.078125,-0.0640806,-0.0796635,-0.0625
