0 0 1
3.97626e-05 0.00289493 0
7.9524e-05 0.00485407 0.000351808
0.000119285 0.00570159 0.000524781
0.000159047 0.00625997 0.000571299
0.000198808 0.00631063 0.000507394
0.00023857 0.00595446 0.000405871
0.000278331 0.0054055 0.000464651
0.000318093 0.00484012 0.000495009
0.000357854 0.00435949 0.000499155
0.000397615 0.00412762 0.000481871
0.000437377 0.00460667 0.000452771
0.000477138 0.00517839 0.000421448
0.0005169 0.00565314 0.000396555
0.000556661 0.00604316 0.0003837
0.000596423 0.00637295 0.000383418
0.000636184 0.00665665 0.000394626
0.000675945 0.00689929 0.000422268
0.000715707 0.0071167 0.000469929
0.000755468 0.00730394 0.000510648
0.00079523 0.00747032 0.000544448
0.000834991 0.00762831 0.000573185
0.000874753 0.00787686 0.000597659
0.000914514 0.00807762 0.000619137
0.000954275 0.00824318 0.000638389
0.000994037 0.0083819 0.00065618
0.0010338 0.00849701 0.00067261
0.00107356 0.00858717 0.000687695
0.00111332 0.00864804 0.000701098
0.00115308 0.00867438 0.000712353
0.00119284 0.00866172 0.000720856
0.00123261 0.00860723 0.000725889
0.00127237 0.00851075 0.000726733
0.00131213 0.00837174 0.000722534
0.00135189 0.00819165 0.000712746
0.00139165 0.00797255 0.000697155
0.00143141 0.00771719 0.000675824
0.00147117 0.00742927 0.000649331
0.00151094 0.00711372 0.000618491
0.0015507 0.00677657 0.000584537
0.00159046 0.00642437 0.000548529
0.00163022 0.00606328 0.000511572
0.00166998 0.00569811 0.000474304
0.00170974 0.00533163 0.000437018
0.0017495 0.00496444 0.000399559
0.00178927 0.00459551 0.00036145
0.00182903 0.00422311 0.00032246
0.00186879 0.003985 0.000282123
0.00190855 0.00397914 0.000240548
0.00194831 0.00388719 0.000197936
0.00198807 0.00395004 0.000185716
0.00202783 0.00422248 0.000144338
0.0020676 0.00382876 9.78743e-05
0.00210736 0.00348089 7.36928e-05
0.00214712 0.00342802 5.44254e-05
0.00218688 0.00337588 9.36719e-05
0.00222664 0.00330793 0.000108353
0.0022664 0.0032137 0.000103023
0.00230616 0.00354271 9.99016e-05
0.00234593 0.00403452 0.000145338
0.00238569 0.00416975 0.000187671
0.00242545 0.0040155 0.000223333
0.00246521 0.00366804 0.000250253
0.00250497 0.00322926 0.000267955
0.00254473 0.00322879 0.000277745
0.00258449 0.00353102 0.000283149
0.00262426 0.00380055 0.000288381
0.00266402 0.00402333 0.000295068
0.00270378 0.00419574 0.000309761
0.00274354 0.00432396 0.000328427
0.0027833 0.00442083 0.000344958
0.00282306 0.00450112 0.00037203
0.00286282 0.00457791 0.000401997
0.00290259 0.00465995 0.000432883
0.00294235 0.00475143 0.000462645
0.00298211 0.00485216 0.000489697
0.00302187 0.00495905 0.000512893
0.00306163 0.00506683 0.000531781
0.00310139 0.00516938 0.000546225
0.00314115 0.00526015 0.000556361
0.00318092 0.00533335 0.000562719
0.00322068 0.0053842 0.000565674
0.00326044 0.0054099 0.000565872
0.0033002 0.00540945 0.000563561
0.00333996 0.00538414 0.000559254
0.00337972 0.00533664 0.000552983
0.00341948 0.00526823 0.000545059
0.00345925 0.0051903 0.000534827
0.00349901 0.00509634 0.000523943
0.00353877 0.00499557 0.000510083
0.00357853 0.00488827 0.000494894
0.00361829 0.00477337 0.000477933
0.00365805 0.00464971 0.000459197
0.00369781 0.00451581 0.000438579
0.00373758 0.00437047 0.000416267
0.00377734 0.00421283 0.000392226
0.0038171 0.00404282 0.000366648
0.00385686 0.00386088 0.000339505
0.00389662 0.00381864 0.000310987
0.00393638 0.00388444 0.000281095
0.00397614 0.00395088 0.000250054
0.00401591 0.00401722 0.000218014
0.00405567 0.00408262 0.000185174
0.00409543 0.00414629 0.00015183
0.00413519 0.00420769 0.000118228
0.00417495 0.00426659 8.46989e-05
0.00421471 0.00432311 5.3081e-05
0.00425447 0.00437729 3.27694e-05
0.00429424 0.00443007 2.17462e-05
0.004334 0.00448221 4.32773e-05
0.00437376 0.00453374 7.24455e-05
0.00441352 0.00458466 0.000101464
0.00445328 0.00463496 0.000128658
0.00449304 0.00468411 0.000154322
0.0045328 0.00473153 0.000178521
0.00457257 0.00477667 0.000201283
0.00461233 0.00481902 0.000222563
0.00465209 0.00485813 0.000242213
0.00469185 0.00489365 0.000260515
0.00473161 0.00492532 0.000277474
0.00477137 0.00495296 0.000293253
0.00481113 0.0049764 0.000307841
0.0048509 0.00499544 0.000321398
0.00489066 0.00500983 0.000333884
0.00493042 0.00501929 0.000345458
0.00497018 0.00502211 0.000356064
0.00500994 0.0050215 0.000366157
0.0050497 0.00501389 0.000374806
0.00508946 0.00500255 0.000383277
0.00512923 0.00498436 0.000390344
0.00516899 0.00496203 0.000397223
0.00520875 0.00493595 0.00040291
0.00524851 0.0049065 0.000407712
0.00528827 0.00487417 0.00041143
0.00532803 0.00483941 0.000414078
0.00536779 0.00480251 0.000415476
0.00540756 0.00476511 0.000415551
0.00544732 0.00472355 0.000413928
0.00548708 0.00468221 0.000411433
0.00552684 0.00463742 0.000406783
0.0055666 0.00459318 0.000401176
0.00560636 0.00454749 0.000393356
0.00564612 0.00450023 0.000384205
0.00568589 0.00445176 0.000373616
0.00572565 0.0044022 0.000361481
0.00576541 0.00435144 0.000347962
0.00580517 0.00429933 0.000333045
0.00584493 0.00424578 0.000316897
0.00588469 0.00419084 0.000299517
0.00592445 0.00413472 0.000281065
0.00596422 0.00407783 0.000261556
0.00600398 0.00402065 0.000241142
0.00604374 0.00396378 0.000219861
0.0060835 0.0039092 0.000197861
0.00612326 0.00393158 0.00017428
0.00616302 0.0039852 0.000151891
0.00620278 0.00403691 0.000127748
0.00624255 0.00408619 0.000103622
0.00628231 0.00413281 7.95137e-05
0.00632207 0.0041768 5.54116e-05
0.00636183 0.00421832 3.11097e-05
0.00640159 0.00425736 1.61224e-05
0.00644135 0.00429377 2.08979e-05
0.00648111 0.00432733 4.12753e-05
0.00652088 0.0043578 6.44456e-05
0.00656064 0.00438497 8.69534e-05
0.0066004 0.00440868 0.000108699
0.00664016 0.00442892 0.000129596
0.00667992 0.00444618 0.000150513
0.00671968 0.00445931 0.000168929
0.00675944 0.00446968 0.000187689
0.00679921 0.00447693 0.000204702
0.00683897 0.00448119 0.000220435
0.00687873 0.0044826 0.000234935
0.00691849 0.00448123 0.000248219
0.00695825 0.00447702 0.000260252
0.00699801 0.00446991 0.000271075
0.00703777 0.00445979 0.000280698
0.00707754 0.00444657 0.000289163
0.0071173 0.00443022 0.000296511
0.00715706 0.00441068 0.000302744
0.00719682 0.00438801 0.000307931
0.00723658 0.00436229 0.000312071
0.00727634 0.00433361 0.000315229
0.0073161 0.00430212 0.000317397
0.00735587 0.00426801 0.000318635
0.00739563 0.00423146 0.000318928
0.00743539 0.00419266 0.00031833
0.00747515 0.00415184 0.000316811
0.00751491 0.0041092 0.000314419
0.00755467 0.00406496 0.000311112
0.00759443 0.00401938 0.000306944
0.0076342 0.00397269 0.000301911
0.00767396 0.00392514 0.000295958
0.00771372 0.00387694 0.000289133
0.00775348 0.00382833 0.000281392
0.00779324 0.00377949 0.000272787
0.007833 0.00373062 0.000263285
0.00787276 0.00369079 0.000252941
0.00791253 0.00373391 0.000241734
0.00795229 0.00377721 0.00022973
0.00799205 0.00382054 0.00021692
0.00803181 0.00386371 0.00020338
0.00807157 0.00390655 0.00018912
0.00811133 0.00394763 0.000174225
0.00815109 0.00398985 0.00015793
0.00819086 0.00403036 0.000142611
0.00823062 0.00406979 0.000125605
0.00827038 0.00410872 0.000108522
0.00831014 0.00414726 9.13176e-05
0.0083499 0.0041852 7.39527e-05
0.00838966 0.00422222 5.64161e-05
0.00842942 0.0042581 3.87593e-05
0.00846919 0.0042927 2.10519e-05
0.00850895 0.00432589 1.31103e-05
0.00854871 0.00435755 2.39753e-05
0.00858847 0.00438754 3.46232e-05
0.00862823 0.00441574 4.85244e-05
0.00866799 0.0044421 6.52198e-05
0.00870775 0.00446659 8.15401e-05
0.00874752 0.00448826 9.74325e-05
0.00878728 0.00450872 0.000113483
0.00882704 0.00452682 0.000127774
0.0088668 0.00454376 0.000142375
0.00890656 0.00455777 0.000155121
0.00894632 0.00456952 0.000168413
0.00898608 0.00457936 0.000180377
0.00902585 0.00458706 0.000191398
0.00906561 0.00459248 0.000201582
0.00910537 0.00459561 0.000210865
0.00914513 0.00459654 0.000219257
0.00918489 0.00459535 0.000226688
0.00922465 0.00459213 0.000233194
0.00926441 0.00458689 0.000238721
0.00930418 0.00457961 0.000243318
0.00934394 0.00457022 0.000246939
0.0093837 0.00455862 0.000249646
0.00942346 0.00454476 0.000251398
0.00946322 0.00452862 0.000252262
0.00950298 0.00451026 0.000252201
0.00954274 0.0044898 0.000251287
0.00958251 0.00446745 0.00024949
0.00962227 0.0044434 0.00024689
0.00966203 0.00441786 0.000243468
0.00970179 0.00439097 0.000239306
0.00974155 0.00436282 0.00023439
0.00978131 0.00433345 0.000228799
0.00982107 0.00430289 0.000222519
0.00986084 0.00427114 0.000215617
0.0099006 0.00423828 0.000208078
0.00994036 0.00420443 0.000199962
0.00998012 0.00416979 0.00019126
0.0100199 0.00413458 0.000182031
0.0100596 0.00409906 0.000172277
0.0100994 0.00406345 0.00016206
0.0101392 0.00402894 0.000151409
0.0101789 0.00399332 0.000139711
0.0102187 0.00395867 0.000128851
0.0102585 0.00392455 0.000116651
0.0102982 0.00389048 0.000104432
0.010338 0.00385632 9.21105e-05
0.0103777 0.0038223 7.96383e-05
0.0104175 0.00379541 6.69734e-05
0.0104573 0.00382173 5.41424e-05
0.010497 0.00384666 4.11919e-05
0.0105368 0.00387004 2.8179e-05
0.0105765 0.0038917 1.51616e-05
0.0106163 0.00391158 1.14846e-05
0.0106561 0.00392961 2.04118e-05
0.0106958 0.00394574 2.91271e-05
0.0107356 0.00395999 3.75942e-05
0.0107753 0.00397237 4.93132e-05
0.0108151 0.0039829 6.15018e-05
0.0108549 0.00399157 7.33729e-05
0.0108946 0.00399839 8.48927e-05
0.0109344 0.00400331 9.60172e-05
0.0109742 0.00400672 0.00010725
0.0110139 0.00400767 0.0001171
0.0110537 0.00400706 0.000127255
0.0110934 0.00400411 0.00013592
0.0111332 0.0039996 0.000145026
0.011173 0.00399311 0.00015307
0.0112127 0.00398468 0.000160407
0.0112525 0.00397443 0.000167094
0.0112922 0.00396243 0.000173108
0.011332 0.00394875 0.000178429
0.0113718 0.0039334 0.000183039
0.0114115 0.00391649 0.000186921
0.0114513 0.00389806 0.000190066
0.0114911 0.00387821 0.000192459
0.0115308 0.00385705 0.000194109
0.0115706 0.00383464 0.00019501
0.0116103 0.00381112 0.000195182
0.0116501 0.00378657 0.000194624
0.0116899 0.00376108 0.00019336
0.0117296 0.00373474 0.000191391
0.0117694 0.00370766 0.000188741
0.0118091 0.00367991 0.000185414
0.0118489 0.00365159 0.000181444
0.0118887 0.0036228 0.000176855
0.0119284 0.00359792 0.000171673
0.0119682 0.0036195 0.000165934
0.012008 0.00364178 0.000159672
0.0120477 0.00366361 0.00015293
0.0120875 0.00368723 0.000145062
0.0121272 0.00371045 0.000138068
0.012167 0.003735 0.000129608
0.0122068 0.00375903 0.000121772
0.0122465 0.00378296 0.000112687
0.0122863 0.00380726 0.000103592
0.012326 0.00383201 9.44122e-05
0.0123658 0.00385699 8.50819e-05
0.0124056 0.00388181 7.55693e-05
0.0124453 0.00390623 6.59234e-05
0.0124851 0.00393006 5.61573e-05
0.0125249 0.00395322 4.63166e-05
0.0125646 0.00397567 3.64213e-05
0.0126044 0.00399735 2.64971e-05
0.0126441 0.00401828 1.65725e-05
0.0126839 0.00403843 6.67012e-06
0.0127237 0.00405775 8.86894e-06
0.0127634 0.00407618 1.55852e-05
0.0128032 0.00409363 2.25012e-05
0.0128429 0.00410998 3.18699e-05
0.0128827 0.00412514 4.1045e-05
0.0129225 0.00413902 5.00071e-05
0.0129622 0.00415157 5.864e-05
0.013002 0.00416278 6.70057e-05
0.0130418 0.00417268 7.51055e-05
0.0130815 0.00418128 8.29088e-05
0.0131213 0.00418863 9.03902e-05
0.013161 0.00419374 9.75055e-05
0.0132008 0.00419834 0.000104804
0.0132406 0.00420224 0.000110745
0.0132803 0.00420371 0.000116417
0.0133201 0.00420449 0.000122471
0.0133598 0.00420328 0.000126994
0.0133996 0.00420151 0.000131938
0.0134394 0.00419763 0.000135396
0.0134791 0.00419334 0.000139385
0.0135189 0.00418699 0.000141789
0.0135586 0.00418041 0.000144732
0.0135984 0.00417178 0.000146034
0.0136382 0.00416294 0.000147896
0.0136779 0.00415204 0.000148086
0.0137177 0.00414088 0.000148874
0.0137575 0.00412765 0.000147989
0.0137972 0.00411423 0.000147709
0.013837 0.0040989 0.000145782
0.0138767 0.00408359 0.000144455
0.0139165 0.00406662 0.00014153
0.0139563 0.00404987 0.000139178
0.013996 0.00403166 0.000135303
0.0140358 0.00401376 0.000131985
0.0140755 0.0039945 0.00012724
0.0141153 0.00397551 0.000123038
0.0141551 0.0039564 0.000117526
0.0141948 0.00393541 0.000111901
0.0142346 0.00391484 0.000106743
0.0142744 0.00389454 0.000100313
0.0143141 0.00387411 9.37633e-05
0.0143539 0.0038534 8.70883e-05
0.0143936 0.0038325 8.0245e-05
0.0144334 0.00381159 7.32087e-05
0.0144732 0.00379079 6.59775e-05
0.0145129 0.0037702 5.85986e-05
0.0145527 0.00374987 5.10959e-05
0.0145924 0.00372983 4.35163e-05
0.0146322 0.0037102 3.58912e-05
0.014672 0.00369104 2.82237e-05
0.0147117 0.00367247 2.0545e-05
0.0147515 0.00365453 1.28407e-05
0.0147913 0.00363728 5.16075e-06
0.014831 0.00362072 6.52209e-06
0.0148708 0.00360487 1.17518e-05
0.0149105 0.00360834 1.743e-05
0.0149503 0.0036165 2.47445e-05
0.0149901 0.00362363 3.18772e-05
0.0150298 0.00362964 3.88165e-05
0.0150696 0.00363453 4.55396e-05
0.0151093 0.00363827 5.20339e-05
0.0151491 0.00364082 5.82829e-05
0.0151889 0.00364218 6.42716e-05
0.0152286 0.0036423 6.99784e-05
0.0152684 0.00364125 7.53828e-05
0.0153082 0.003639 8.04728e-05
0.0153479 0.0036356 8.52274e-05
0.0153877 0.00363107 8.96388e-05
0.0154274 0.00362546 9.36917e-05
0.0154672 0.0036188 9.73872e-05
0.015507 0.00361111 0.000100706
0.0155467 0.00360251 0.000103645
0.0155865 0.00359324 0.000106768
0.0156262 0.0035827 0.000108542
0.015666 0.0035712 0.000110078
0.0157058 0.00355933 0.000111986
0.0157455 0.00354646 0.000112511
0.0157853 0.00353291 0.000112813
0.0158251 0.00351903 0.000113523
0.0158648 0.00351872 0.000112831
0.0159046 0.00352798 0.000111933
0.0159443 0.00353727 0.000111447
0.0159841 0.00354679 0.000109591
0.0160239 0.00355697 0.000107545
0.0160636 0.00356796 0.00010528
0.0161034 0.00357968 0.000102725
0.0161431 0.00359192 9.9832e-05
0.0161829 0.00360458 9.66041e-05
0.0162227 0.00361757 9.30596e-05
0.0162624 0.00363087 8.9218e-05
0.0163022 0.00364446 8.51048e-05
0.0163419 0.0036583 8.07257e-05
0.0163817 0.00367233 7.61024e-05
0.0164215 0.00368646 7.1251e-05
0.0164612 0.00370062 6.61843e-05
0.016501 0.00371476 6.09279e-05
0.0165408 0.00372881 5.55114e-05
0.0165805 0.00374274 4.99527e-05
0.0166203 0.00375653 4.42788e-05
0.01666 0.00377013 3.85132e-05
0.0166998 0.00378351 3.26702e-05
0.0167396 0.0037966 2.67693e-05
0.0167793 0.00380936 2.08306e-05
0.0168191 0.00382171 1.48764e-05
0.0168588 0.00383362 8.93147e-06
0.0168986 0.00384503 3.10394e-06
0.0169384 0.00385591 5.66004e-06
0.0169781 0.00386625 9.43647e-06
0.0170179 0.00387603 1.42613e-05
0.0170577 0.00388521 1.97106e-05
0.0170974 0.00389378 2.50423e-05
0.0171372 0.00390172 3.02441e-05
0.0171769 0.00390896 3.53103e-05
0.0172167 0.0039155 4.0222e-05
0.0172565 0.00392129 4.49584e-05
0.0172962 0.0039263 4.94965e-05
0.017336 0.00393052 5.38222e-05
0.0173757 0.00393394 5.79121e-05
0.0174155 0.00393657 6.17552e-05
0.0174553 0.00393842 6.53406e-05
0.017495 0.0039395 6.86616e-05
0.0175348 0.0039398 7.1708e-05
0.0175746 0.00393935 7.44791e-05
0.0176143 0.00393815 7.69612e-05
0.0176541 0.00393624 7.9152e-05
0.0176938 0.00393359 8.10406e-05
0.0177336 0.00393022 8.26299e-05
0.0177734 0.00392612 8.39108e-05
0.0178131 0.00392134 8.4886e-05
0.0178529 0.00391585 8.55591e-05
0.0178926 0.00390969 8.59325e-05
0.0179324 0.00390288 8.59998e-05
0.0179722 0.00389546 8.5771e-05
0.0180119 0.00388745 8.52434e-05
0.0180517 0.00387891 8.44253e-05
0.0180915 0.00386987 8.33146e-05
0.0181312 0.00386037 8.19217e-05
0.018171 0.00385043 8.02608e-05
0.0182107 0.00384009 7.83364e-05
0.0182505 0.00382938 7.61571e-05
0.0182903 0.00381832 7.37393e-05
0.01833 0.00380699 7.10847e-05
0.0183698 0.00379539 6.82159e-05
0.0184095 0.00378358 6.51299e-05
0.0184493 0.0037716 6.18498e-05
0.0184891 0.0037595 5.83865e-05
0.0185288 0.00374733 5.4749e-05
0.0185686 0.00373514 5.0954e-05
0.0186084 0.00372297 4.70191e-05
0.0186481 0.00371087 4.29581e-05
0.0186879 0.0036989 3.87844e-05
0.0187276 0.00368706 3.45153e-05
0.0187674 0.00367542 3.01636e-05
0.0188072 0.00366401 2.57487e-05
0.0188469 0.00365284 2.12818e-05
0.0188867 0.00364197 1.67887e-05
0.0189264 0.00363141 1.22694e-05
0.0189662 0.00362119 7.72202e-06
0.019006 0.00361136 3.2164e-06
0.0190457 0.00360192 3.91376e-06
0.0190855 0.00359291 6.94272e-06
0.0191252 0.00358435 1.01146e-05
0.019165 0.00357626 1.44022e-05
0.0192048 0.00356865 1.86054e-05
0.0192445 0.00356156 2.2687e-05
0.0192843 0.00355499 2.6649e-05
0.0193241 0.00354895 3.04926e-05
0.0193638 0.00354346 3.42029e-05
0.0194036 0.00353853 3.77478e-05
0.0194433 0.00353417 4.11139e-05
0.0194831 0.00353038 4.42882e-05
0.0195229 0.00352721 4.72719e-05
0.0195626 0.00352462 5.00485e-05
0.0196024 0.00352264 5.2616e-05
0.0196421 0.00352125 5.49697e-05
0.0196819 0.00352045 5.71019e-05
0.0197217 0.00352024 5.90106e-05
0.0197614 0.0035206 6.06928e-05
0.0198012 0.00352154 6.21436e-05
0.019841 0.00352304 6.33605e-05
0.0198807 0.00352509 6.43398e-05
0.0199205 0.00352766 6.50839e-05
0.0199602 0.00353076 6.55862e-05
0.02 0.00353435 6.58565e-05
0.0200398 0.00353841 6.58898e-05
0.0200795 0.00354292 6.56904e-05
0.0201193 0.00354785 6.52624e-05
0.020159 0.00355319 6.46086e-05
0.0201988 0.00355892 6.37355e-05
0.0202386 0.00356499 6.2648e-05
0.0202783 0.00357138 6.13501e-05
0.0203181 0.00357807 5.98536e-05
0.0203579 0.00358506 5.8159e-05
0.0203976 0.00359229 5.62782e-05
0.0204374 0.00359973 5.42141e-05
0.0204771 0.00360736 5.19818e-05
0.0205169 0.00361515 4.95861e-05
0.0205567 0.00362308 4.70455e-05
0.0205964 0.00363111 4.43601e-05
0.0206362 0.00363922 4.15474e-05
0.0206759 0.00364734 3.86159e-05
0.0207157 0.00365547 3.5581e-05
0.0207555 0.00366357 3.24632e-05
0.0207952 0.00367159 2.92771e-05
0.020835 0.0036795 2.60153e-05
0.0208748 0.0036873 2.26921e-05
0.0209145 0.00369495 1.93177e-05
0.0209543 0.00370243 1.59042e-05
0.020994 0.00370973 1.24645e-05
0.0210338 0.00371681 9.01198e-06
0.0210736 0.00372368 5.56453e-06
0.0211133 0.00373028 2.1284e-06
0.0211531 0.0037366 3.20018e-06
0.0211928 0.00374262 5.47552e-06
0.0212326 0.00374829 8.01268e-06
0.0212724 0.00375362 1.12643e-05
0.0213121 0.00375856 1.44377e-05
0.0213519 0.00376311 1.75273e-05
0.0213917 0.00376726 2.05299e-05
0.0214314 0.00377099 2.34358e-05
0.0214712 0.00377429 2.62278e-05
0.0215109 0.00377717 2.89015e-05
0.0215507 0.00377963 3.14487e-05
0.0215905 0.00378167 3.38572e-05
0.0216302 0.00378328 3.61264e-05
0.02167 0.00378448 3.82405e-05
0.0217097 0.00378526 4.01968e-05
0.0217495 0.00378561 4.19921e-05
0.0217893 0.00378552 4.36197e-05
0.021829 0.00378502 4.50787e-05
0.0218688 0.00378408 4.63626e-05
0.0219085 0.00378272 4.74683e-05
0.0219483 0.00378093 4.84011e-05
0.0219881 0.0037787 4.91476e-05
0.0220278 0.00377609 4.97167e-05
0.0220676 0.00377306 5.01041e-05
0.0221074 0.00376967 5.03092e-05
0.0221471 0.00376591 5.03331e-05
0.0221869 0.0037618 5.01848e-05
0.0222266 0.00375734 4.98566e-05
0.0222664 0.00375257 4.93609e-05
0.0223062 0.00374749 4.86912e-05
0.0223459 0.00374213 4.7866e-05
0.0223857 0.0037365 4.68809e-05
0.0224254 0.00373063 4.57421e-05
0.0224652 0.00372454 4.44536e-05
0.022505 0.00371826 4.30259e-05
0.0225447 0.00371181 4.14666e-05
0.0225845 0.00370523 3.9779e-05
0.0226243 0.00369852 3.79651e-05
0.022664 0.00369173 3.60424e-05
0.0227038 0.00368486 3.40106e-05
0.0227435 0.00367796 3.1881e-05
0.0227833 0.00367104 2.96624e-05
0.0228231 0.00366413 2.73639e-05
0.0228628 0.00365725 2.4991e-05
0.0229026 0.0036504 2.25534e-05
0.0229423 0.00364363 2.00603e-05
0.0229821 0.00363696 1.75184e-05
0.0230219 0.00363041 1.49392e-05
0.0230616 0.003624 1.23343e-05
0.0231014 0.00361776 9.71228e-06
0.0231412 0.00361171 7.05813e-06
0.0231809 0.00360585 4.40741e-06
0.0232207 0.00360022 1.77963e-06
0.0232604 0.00359484 2.531e-06
0.0233002 0.00358972 4.3007e-06
0.02334 0.00358487 6.0375e-06
0.0233797 0.0035803 8.49753e-06
0.0234195 0.00357602 1.09507e-05
0.0234592 0.00357204 1.33379e-05
0.023499 0.00356838 1.5653e-05
0.0235388 0.00356502 1.78892e-05
0.0235785 0.00356199 2.00394e-05
0.0236183 0.00355929 2.20968e-05
0.0236581 0.00355692 2.40593e-05
0.0236978 0.0035549 2.59113e-05
0.0237376 0.00355321 2.76574e-05
0.0237773 0.00355188 2.92838e-05
0.0238171 0.00355088 3.07964e-05
0.0238569 0.00355024 3.21804e-05
0.0238966 0.00354993 3.34415e-05
0.0239364 0.00354997 3.45791e-05
0.0239761 0.00355033 3.55798e-05
0.0240159 0.00355101 3.64436e-05
0.0240557 0.00355202 3.71641e-05
0.0240954 0.00355333 3.77403e-05
0.0241352 0.00355495 3.81761e-05
0.024175 0.00355686 3.84696e-05
0.0242147 0.00355907 3.86205e-05
0.0242545 0.00356153 3.86322e-05
0.0242942 0.00356425 3.85098e-05
0.024334 0.00356722 3.82517e-05
0.0243738 0.00357043 3.78613e-05
0.0244135 0.00357385 3.7344e-05
0.0244533 0.00357747 3.67014e-05
0.024493 0.00358129 3.59299e-05
0.0245328 0.00358527 3.50464e-05
0.0245726 0.00358941 3.40448e-05
0.0246123 0.00359369 3.29313e-05
0.0246521 0.00359809 3.1718e-05
0.0246919 0.0036026 3.04024e-05
0.0247316 0.0036072 2.89948e-05
0.0247714 0.00361188 2.74999e-05
0.0248111 0.00361662 2.59236e-05
0.0248509 0.00362138 2.42741e-05
0.0248907 0.00362619 2.25533e-05
0.0249304 0.00363099 2.07727e-05
0.0249702 0.00363578 1.89396e-05
0.0250099 0.00364053 1.70548e-05
0.0250497 0.00364523 1.51292e-05
0.0250895 0.00364986 1.31702e-05
0.0251292 0.0036544 1.1182e-05
0.025169 0.00365884 9.17218e-06
0.0252087 0.00366314 7.1519e-06
0.0252485 0.00366732 5.1228e-06
0.0252883 0.00367136 3.09515e-06
0.025328 0.00367525 1.11449e-06
0.0253678 0.00367897 2.08248e-06
0.0254076 0.00368253 3.43154e-06
0.0254473 0.00368591 4.89435e-06
0.0254871 0.00368907 6.80583e-06
0.0255268 0.00369204 8.65837e-06
0.0255666 0.00369478 1.04606e-05
0.0256064 0.0036973 1.2212e-05
0.0256461 0.00369959 1.39023e-05
0.0256859 0.00370164 1.55315e-05
0.0257256 0.00370343 1.70901e-05
0.0257654 0.00370498 1.85742e-05
0.0258052 0.00370627 1.9977e-05
0.0258449 0.0037073 2.13003e-05
0.0258847 0.00370808 2.2528e-05
0.0259245 0.00370861 2.36715e-05
0.0259642 0.00370887 2.47153e-05
0.026004 0.00370888 2.5663e-05
0.0260437 0.00370865 2.65082e-05
0.0260835 0.00370815 2.7259e-05
0.0261233 0.0037074 2.79031e-05
0.026163 0.0037064 2.84405e-05
0.0262028 0.00370517 2.88779e-05
0.0262425 0.00370369 2.92057e-05
0.0262823 0.00370198 2.94287e-05
0.0263221 0.00370005 2.95473e-05
0.0263618 0.0036979 2.95591e-05
0.0264016 0.00369555 2.94665e-05
0.0264414 0.00369299 2.92706e-05
0.0264811 0.00369025 2.8972e-05
0.0265209 0.00368734 2.85781e-05
0.0265606 0.00368426 2.80795e-05
0.0266004 0.00368105 2.74926e-05
0.0266402 0.00367771 2.68156e-05
0.0266799 0.00367424 2.60481e-05
0.0267197 0.00367067 2.51983e-05
0.0267594 0.003667 2.4265e-05
0.0267992 0.00366325 2.32624e-05
0.026839 0.00365942 2.21811e-05
0.0268787 0.00365555 2.10374e-05
0.0269185 0.00365163 1.98305e-05
0.0269583 0.00364768 1.85647e-05
0.026998 0.00364372 1.72473e-05
0.0270378 0.00363977 1.58836e-05
0.0270775 0.00363583 1.44763e-05
0.0271173 0.00363193 1.3034e-05
0.0271571 0.00362807 1.15591e-05
0.0271968 0.00362426 1.00606e-05
0.0272366 0.00362052 8.53582e-06
0.0272763 0.00361687 6.99859e-06
0.0273161 0.00361332 5.44418e-06
0.0273559 0.00360987 3.89343e-06
0.0273956 0.00360654 2.3465e-06
0.0274354 0.00360333 8.57164e-07
0.0274752 0.00360028 1.62296e-06
0.0275149 0.00359737 2.65845e-06
0.0275547 0.00359462 3.75314e-06
0.0275944 0.00359203 5.2178e-06
0.0276342 0.00358961 6.65048e-06
0.027674 0.00358737 8.03908e-06
0.0277137 0.00358531 9.39049e-06
0.0277535 0.00358345 1.06961e-05
0.0277932 0.00358177 1.19491e-05
0.027833 0.00358029 1.31463e-05
0.0278728 0.00357901 1.42869e-05
0.0279125 0.00357794 1.53671e-05
0.0279523 0.00357705 1.63816e-05
0.027992 0.00357638 1.73287e-05
0.0280318 0.00357593 1.82064e-05
0.0280716 0.00357567 1.90098e-05
0.0281113 0.00357561 1.9739e-05
0.0281511 0.00357576 2.0391e-05
0.0281909 0.00357609 2.09621e-05
0.0282306 0.00357661 2.14569e-05
0.0282704 0.00357734 2.18692e-05
0.0283101 0.00357824 2.21966e-05
0.0283499 0.00357931 2.2445e-05
0.0283897 0.00358057 2.26096e-05
0.0284294 0.00358197 2.26937e-05
0.0284692 0.00358353 2.26969e-05
0.0285089 0.00358524 2.26187e-05
0.0285487 0.0035871 2.2461e-05
0.0285885 0.00358908 2.22254e-05
0.0286282 0.0035912 2.19171e-05
0.028668 0.00359344 2.15292e-05
0.0287078 0.00359578 2.10711e-05
0.0287475 0.00359822 2.05432e-05
0.0287873 0.00360074 1.99481e-05
0.028827 0.00360335 1.92876e-05
0.0288668 0.00360604 1.85646e-05
0.0289066 0.00360879 1.77849e-05
0.0289463 0.00361159 1.69498e-05
0.0289861 0.00361442 1.60582e-05
0.0290258 0.00361728 1.51246e-05
0.0290656 0.00362016 1.41431e-05
0.0291054 0.00362306 1.31242e-05
0.0291451 0.00362595 1.20674e-05
0.0291849 0.00362883 1.09771e-05
0.0292247 0.00363168 9.86095e-06
0.0292644 0.00363452 8.72164e-06
0.0293042 0.00363731 7.56128e-06
0.0293439 0.00364003 6.38468e-06
0.0293837 0.00364271 5.20032e-06
0.0294235 0.00364532 4.00947e-06
0.0294632 0.00364785 2.81665e-06
0.029503 0.00365029 1.63024e-06
0.0295427 0.00365265 6.79571e-07
0.0295825 0.00365491 1.34274e-06
0.0296223 0.00365706 2.1345e-06
0.029662 0.00365909 3.0456e-06
0.0297018 0.00366101 4.16578e-06
0.0297416 0.00366281 5.25707e-06
0.0297813 0.00366446 6.31973e-06
0.0298211 0.00366599 7.34109e-06
0.0298608 0.00366736 8.32718e-06
0.0299006 0.00366861 9.27408e-06
0.0299404 0.00366971 1.01821e-05
0.0299801 0.00367066 1.10462e-05
0.0300199 0.00367147 1.1861e-05
0.0300596 0.00367213 1.26289e-05
0.0300994 0.00367262 1.33464e-05
0.0301392 0.00367297 1.40058e-05
0.0301789 0.00367317 1.46137e-05
0.0302187 0.0036732 1.51627e-05
0.0302585 0.00367309 1.56534e-05
0.0302982 0.00367283 1.60846e-05
0.030338 0.00367242 1.64542e-05
0.0303777 0.00367186 1.6762e-05
0.0304175 0.00367117 1.70105e-05
0.0304573 0.00367033 1.71933e-05
0.030497 0.00366935 1.73202e-05
0.0305368 0.00366824 1.73791e-05
0.0305765 0.00366702 1.73787e-05
0.0306163 0.00366567 1.73151e-05
0.0306561 0.00366421 1.71912e-05
0.0306958 0.00366265 1.70096e-05
0.0307356 0.00366098 1.67687e-05
0.0307753 0.00365921 1.64733e-05
0.0308151 0.00365737 1.61189e-05
0.0308549 0.00365544 1.57131e-05
0.0308946 0.00365344 1.52573e-05
0.0309344 0.00365138 1.4751e-05
0.0309742 0.00364927 1.41966e-05
0.0310139 0.00364711 1.35971e-05
0.0310537 0.0036449 1.2961e-05
0.0310934 0.00364267 1.2279e-05
0.0311332 0.00364041 1.15668e-05
0.031173 0.00363815 1.08145e-05
0.0312127 0.00363588 1.00378e-05
0.0312525 0.00363362 9.22948e-06
0.0312922 0.00363136 8.39923e-06
0.031332 0.00362912 7.54606e-06
0.0313718 0.0036269 6.67563e-06
0.0314115 0.00362473 5.78849e-06
0.0314513 0.0036226 4.89123e-06
0.0314911 0.00362051 3.98577e-06
0.0315308 0.00361847 3.07601e-06
0.0315706 0.00361651 2.16364e-06
0.0316103 0.00361462 1.25349e-06
0.0316501 0.0036128 5.38635e-07
0.0316899 0.00361105 1.03481e-06
0.0317296 0.0036094 1.64335e-06
0.0317694 0.00360784 2.35518e-06
0.0318091 0.00360638 3.21204e-06
0.0318489 0.00360501 4.0483e-06
0.0318887 0.00360376 4.86463e-06
0.0319284 0.0036026 5.65453e-06
0.0319682 0.00360155 6.41623e-06
0.032008 0.00360063 7.14773e-06
0.0320477 0.00359983 7.8459e-06
0.0320875 0.00359913 8.51098e-06
0.0321272 0.00359856 9.1386e-06
0.032167 0.00359812 9.72523e-06
0.0322068 0.00359778 1.0277e-05
0.0322465 0.00359756 1.07825e-05
0.0322863 0.00359747 1.12478e-05
0.032326 0.00359749 1.16687e-05
0.0323658 0.00359762 1.20429e-05
0.0324056 0.00359787 1.23726e-05
0.0324453 0.00359823 1.26542e-05
0.0324851 0.0035987 1.28902e-05
0.0325249 0.00359929 1.30789e-05
0.0325646 0.00359997 1.32164e-05
0.0326044 0.00360076 1.33068e-05
0.0326441 0.00360163 1.33502e-05
0.0326839 0.00360261 1.33458e-05
0.0327237 0.00360368 1.3293e-05
0.0327634 0.00360482 1.31938e-05
0.0328032 0.00360605 1.30496e-05
0.0328429 0.00360734 1.28581e-05
0.0328827 0.0036087 1.26263e-05
0.0329225 0.00361013 1.23491e-05
0.0329622 0.0036116 1.20354e-05
0.033002 0.00361314 1.1678e-05
0.0330418 0.00361472 1.12822e-05
0.0330815 0.00361634 1.08528e-05
0.0331213 0.00361799 1.03899e-05
0.033161 0.00361967 9.89247e-06
0.0332008 0.00362137 9.36963e-06
0.0332406 0.0036231 8.81255e-06
0.0332803 0.00362482 8.23394e-06
0.0333201 0.00362656 7.62806e-06
0.0333598 0.00362829 7.00666e-06
0.0333996 0.00363002 6.36407e-06
0.0334394 0.00363173 5.70255e-06
0.0334791 0.00363342 5.02869e-06
0.0335189 0.00363509 4.3462e-06
0.0335586 0.00363673 3.6527e-06
0.0335984 0.00363832 2.95875e-06
0.0336382 0.00363987 2.26051e-06
0.0336779 0.00364139 1.56381e-06
0.0337177 0.00364286 8.68167e-07
0.0337575 0.00364426 4.21262e-07
0.0337972 0.00364561 8.6553e-07
0.033837 0.00364689 1.3285e-06
0.0338767 0.00364811 1.89156e-06
0.0339165 0.00364924 2.55013e-06
0.0339563 0.00365031 3.1926e-06
0.033996 0.0036513 3.8142e-06
0.0340358 0.00365221 4.417e-06
0.0340755 0.00365304 4.99859e-06
0.0341153 0.00365378 5.55816e-06
0.0341551 0.00365443 6.08742e-06
0.0341948 0.00365501 6.58988e-06
0.0342346 0.00365549 7.0635e-06
0.0342744 0.0036559 7.5111e-06
0.0343141 0.0036562 7.92514e-06
0.0343539 0.00365641 8.31065e-06
0.0343936 0.00365654 8.6628e-06
0.0344334 0.00365658 8.97984e-06
0.0344732 0.00365651 9.26369e-06
0.0345129 0.00365635 9.51234e-06
0.0345527 0.00365612 9.72114e-06
0.0345924 0.0036558 9.89857e-06
0.0346322 0.0036554 1.00363e-05
0.034672 0.00365492 1.01385e-05
0.0347117 0.00365435 1.02056e-05
0.0347515 0.00365372 1.02343e-05
0.0347913 0.003653 1.02271e-05
0.034831 0.00365222 1.01856e-05
0.0348708 0.00365138 1.01064e-05
0.0349105 0.00365047 9.99478e-06
0.0349503 0.00364951 9.84709e-06
0.0349901 0.00364849 9.66596e-06
0.0350298 0.00364742 9.45708e-06
0.0350696 0.0036463 9.21184e-06
0.0351093 0.00364515 8.93878e-06
0.0351491 0.00364395 8.63796e-06
0.0351889 0.00364273 8.30583e-06
0.0352286 0.00364148 7.95049e-06
0.0352684 0.0036402 7.57375e-06
0.0353082 0.00363891 7.16988e-06
0.0353479 0.0036376 6.74592e-06
0.0353877 0.00363629 6.30119e-06
0.0354274 0.00363498 5.83943e-06
0.0354672 0.00363367 5.35949e-06
0.035507 0.00363236 4.86556e-06
0.0355467 0.00363106 4.36363e-06
0.0355865 0.00362978 3.84706e-06
0.0356262 0.00362853 3.32832e-06
0.035666 0.0036273 2.79897e-06
0.0357058 0.00362609 2.26499e-06
0.0357455 0.00362491 1.73133e-06
0.0357853 0.00362379 1.1926e-06
0.0358251 0.00362269 6.60321e-07
0.0358648 0.00362164 3.34938e-07
0.0359046 0.00362064 6.85178e-07
0.0359443 0.0036197 1.04192e-06
0.0359841 0.0036188 1.45172e-06
0.0360239 0.00361797 1.95478e-06
0.0360636 0.0036172 2.44624e-06
0.0361034 0.00361648 2.92356e-06
0.0361431 0.00361582 3.38392e-06
0.0361829 0.00361523 3.82854e-06
0.0362227 0.00361471 4.25597e-06
0.0362624 0.00361426 4.66594e-06
0.0363022 0.00361387 5.05141e-06
0.0363419 0.00361356 5.41727e-06
0.0363817 0.0036133 5.76227e-06
0.0364215 0.00361314 6.0816e-06
0.0364612 0.00361303 6.37586e-06
0.036501 0.003613 6.64338e-06
0.0365408 0.00361303 6.88582e-06
0.0365805 0.00361312 7.10405e-06
0.0366203 0.00361329 7.29481e-06
0.03666 0.00361353 7.45591e-06
0.0366998 0.00361382 7.59118e-06
0.0367396 0.00361419 7.69676e-06
0.0367793 0.0036146 7.77297e-06
0.0368191 0.00361508 7.82509e-06
0.0368588 0.00361562 7.84823e-06
0.0368986 0.00361621 7.84104e-06
0.0369384 0.00361686 7.80588e-06
0.0369781 0.00361755 7.74596e-06
0.0370179 0.00361829 7.65612e-06
0.0370577 0.00361908 7.54103e-06
0.0370974 0.00361989 7.40204e-06
0.0371372 0.00362076 7.23745e-06
0.0371769 0.00362165 7.04722e-06
0.0372167 0.00362257 6.83527e-06
0.0372565 0.00362352 6.60192e-06
0.0372962 0.00362449 6.34496e-06
0.037336 0.00362547 6.07081e-06
0.0373757 0.00362648 5.7763e-06
0.0374155 0.0036275 5.46757e-06
0.0374553 0.00362852 5.13669e-06
0.037495 0.00362956 4.79256e-06
0.0375348 0.00363059 4.43696e-06
0.0375746 0.00363163 4.07132e-06
0.0376143 0.00363265 3.69513e-06
0.0376541 0.00363366 3.30932e-06
0.0376938 0.00363467 2.91652e-06
0.0377336 0.00363566 2.51294e-06
0.0377734 0.00363664 2.10937e-06
0.0378131 0.00363758 1.6962e-06
0.0378529 0.00363851 1.2886e-06
0.0378926 0.0036394 8.76022e-07
0.0379324 0.00364026 4.64797e-07
0.0379722 0.00364109 2.8799e-07
0.0380119 0.00364189 5.64203e-07
0.0380517 0.00364266 8.36399e-07
0.0380915 0.00364338 1.17948e-06
0.0381312 0.00364406 1.56182e-06
0.038171 0.00364469 1.93927e-06
0.0382107 0.00364527 2.30518e-06
0.0382505 0.00364581 2.65779e-06
0.0382903 0.0036463 2.99844e-06
0.03833 0.00364673 3.32501e-06
0.0383698 0.00364712 3.63504e-06
0.0384095 0.00364745 3.93401e-06
0.0384493 0.00364774 4.21093e-06
0.0384891 0.00364797 4.47417e-06
0.0385288 0.00364815 4.71765e-06
0.0385686 0.00364827 4.94187e-06
0.0386084 0.00364833 5.14476e-06
0.0386481 0.00364834 5.32923e-06
0.0386879 0.0036483 5.493e-06
0.0387276 0.00364821 5.63551e-06
0.0387674 0.00364807 5.7568e-06
0.0388072 0.00364789 5.85714e-06
0.0388469 0.00364765 5.93443e-06
0.0388867 0.00364736 5.98856e-06
0.0389264 0.00364702 6.02561e-06
0.0389662 0.00364664 6.03502e-06
0.039006 0.00364623 6.02973e-06
0.0390457 0.00364578 6.00345e-06
0.0390855 0.00364529 5.95095e-06
0.0391252 0.00364475 5.88272e-06
0.039165 0.00364418 5.79116e-06
0.0392048 0.00364358 5.68301e-06
0.0392445 0.00364297 5.55282e-06
0.0392843 0.00364232 5.40574e-06
0.0393241 0.00364163 5.23822e-06
0.0393638 0.00364094 5.05941e-06
0.0394036 0.00364022 4.86228e-06
0.0394433 0.0036395 4.65063e-06
0.0394831 0.00363875 4.42128e-06
0.0395229 0.00363799 4.18475e-06
0.0395626 0.00363723 3.9309e-06
0.0396024 0.00363647 3.66766e-06
0.0396421 0.0036357 3.396e-06
0.0396819 0.00363494 3.11449e-06
0.0397217 0.00363419 2.82363e-06
0.0397614 0.00363344 2.5275e-06
0.0398012 0.00363269 2.22764e-06
0.039841 0.00363195 1.91618e-06
0.0398807 0.00363124 1.60278e-06
0.0399205 0.00363054 1.29166e-06
0.0399602 0.00362986 9.79489e-07
0.04 0.0036292 6.61266e-07
0.0400398 0.00362857 3.47031e-07
0.0400795 0.00362797 2.25418e-07
0.0401193 0.00362739 4.37046e-07
0.040159 0.00362684 6.45583e-07
0.0401988 0.00362632 8.97181e-07
0.0402386 0.00362584 1.19143e-06
0.0402783 0.00362539 1.4775e-06
0.0403181 0.00362498 1.7601e-06
0.0403579 0.0036246 2.02811e-06
0.0403976 0.00362427 2.28997e-06
0.0404374 0.00362396 2.53953e-06
0.0404771 0.00362371 2.78058e-06
0.0405169 0.00362349 3.00551e-06
0.0405567 0.00362331 3.21793e-06
0.0405964 0.00362317 3.41854e-06
0.0406362 0.00362308 3.60534e-06
0.0406759 0.00362302 3.77748e-06
0.0407157 0.003623 3.9327e-06
0.0407555 0.00362304 4.07506e-06
0.0407952 0.0036231 4.19985e-06
0.040835 0.00362321 4.30891e-06
0.0408748 0.00362335 4.39973e-06
0.0409145 0.00362354 4.47558e-06
0.0409543 0.00362375 4.53693e-06
0.040994 0.00362401 4.57865e-06
0.0410338 0.0036243 4.60585e-06
0.0410736 0.00362463 4.61447e-06
0.0411133 0.00362499 4.60774e-06
0.0411531 0.00362537 4.58407e-06
0.0411928 0.00362579 4.54507e-06
0.0412326 0.00362623 4.48939e-06
0.0412724 0.0036267 4.42231e-06
0.0413121 0.00362719 4.33797e-06
0.0413519 0.00362771 4.23549e-06
0.0413917 0.00362825 4.12316e-06
0.0414314 0.0036288 3.9966e-06
0.0414712 0.00362936 3.85624e-06
0.0415109 0.00362993 3.70548e-06
0.0415507 0.00363052 3.54155e-06
0.0415905 0.00363112 3.36949e-06
0.0416302 0.00363174 3.1871e-06
0.04167 0.00363235 2.99245e-06
0.0417097 0.00363297 2.78918e-06
0.0417495 0.00363359 2.5797e-06
0.0417893 0.0036342 2.36155e-06
0.041829 0.00363481 2.13825e-06
0.0418688 0.00363542 1.91321e-06
0.0419085 0.00363602 1.6787e-06
0.0419483 0.0036366 1.441e-06
0.0419881 0.00363719 1.20502e-06
0.0420278 0.00363775 9.61079e-07
0.0420676 0.0036383 7.19299e-07
0.0421074 0.00363883 4.75784e-07
0.0421471 0.00363935 2.35173e-07
0.0421869 0.00363983 1.92648e-07
0.0422266 0.0036403 3.5625e-07
0.0422664 0.00364075 5.17006e-07
0.0423062 0.00364117 7.19368e-07
0.0423459 0.00364157 9.42775e-07
0.0423857 0.00364194 1.16732e-06
0.0424254 0.00364228 1.37947e-06
0.0424652 0.00364259 1.58558e-06
0.042505 0.00364288 1.78517e-06
0.0425447 0.00364314 1.97715e-06
0.0425845 0.00364337 2.15997e-06
0.0426243 0.00364355 2.334e-06
0.042664 0.00364372 2.49284e-06
0.0427038 0.00364386 2.64826e-06
0.0427435 0.00364396 2.7879e-06
0.0427833 0.00364403 2.9209e-06
0.0428231 0.00364406 3.03959e-06
0.0428628 0.00364407 3.14597e-06
0.0429026 0.00364405 3.23907e-06
0.0429423 0.00364399 3.32185e-06
0.0429821 0.0036439 3.39337e-06
0.0430219 0.00364379 3.45107e-06
0.0430616 0.00364364 3.49389e-06
0.0431014 0.00364348 3.52569e-06
0.0431412 0.00364328 3.5451e-06
0.0431809 0.00364305 3.55512e-06
0.0432207 0.00364281 3.54639e-06
0.0432604 0.00364254 3.52976e-06
0.0433002 0.00364225 3.49906e-06
0.04334 0.00364194 3.45601e-06
0.0433797 0.0036416 3.40405e-06
0.0434195 0.00364125 3.34018e-06
0.0434592 0.00364088 3.25994e-06
0.043499 0.0036405 3.17372e-06
0.0435388 0.0036401 3.07846e-06
0.0435785 0.00363969 2.97075e-06
0.0436183 0.00363928 2.85186e-06
0.0436581 0.00363885 2.73091e-06
0.0436978 0.00363842 2.59408e-06
0.0437376 0.00363798 2.45067e-06
0.0437773 0.00363753 2.30357e-06
0.0438171 0.00363709 2.14651e-06
0.0438569 0.00363664 1.98694e-06
0.0438966 0.00363619 1.82108e-06
0.0439364 0.00363575 1.64927e-06
0.0439761 0.0036353 1.47459e-06
0.0440159 0.00363487 1.29388e-06
0.0440557 0.00363445 1.11229e-06
0.0440954 0.00363404 9.28565e-07
0.0441352 0.00363363 7.42579e-07
0.044175 0.00363324 5.57854e-07
0.0442147 0.00363286 3.72591e-07
0.0442545 0.00363249 1.85551e-07
0.0442942 0.00363214 1.53061e-07
0.044334 0.00363181 2.77701e-07
0.0443738 0.0036315 4.00065e-07
0.0444135 0.0036312 5.55764e-07
0.0444533 0.00363092 7.30386e-07
0.044493 0.00363066 8.99704e-07
0.0445328 0.00363043 1.06211e-06
0.0445726 0.00363022 1.22153e-06
0.0446123 0.00363002 1.37615e-06
0.0446521 0.00362986 1.52076e-06
0.0446918 0.00362971 1.65644e-06
0.0447316 0.00362959 1.79144e-06
0.0447714 0.00362949 1.91697e-06
0.0448111 0.00362942 2.03417e-06
0.0448509 0.00362937 2.14091e-06
0.0448907 0.00362935 2.24042e-06
0.0449304 0.00362934 2.32999e-06
0.0449702 0.00362937 2.41257e-06
0.0450099 0.00362942 2.4858e-06
0.0450497 0.00362948 2.54586e-06
0.0450895 0.00362958 2.60087e-06
0.0451292 0.00362969 2.64521e-06
0.045169 0.00362983 2.67745e-06
0.0452087 0.00362999 2.70069e-06
0.0452485 0.00363018 2.71491e-06
0.0452883 0.00363037 2.71835e-06
0.045328 0.00363059 2.71281e-06
0.0453678 0.00363082 2.69787e-06
0.0454076 0.00363107 2.6736e-06
0.0454473 0.00363135 2.642e-06
0.0454871 0.00363162 2.59914e-06
0.0455268 0.00363192 2.54833e-06
0.0455666 0.00363223 2.48862e-06
0.0456064 0.00363255 2.41911e-06
0.0456461 0.00363289 2.34354e-06
0.0456859 0.00363322 2.25828e-06
0.0457256 0.00363357 2.16958e-06
0.0457654 0.00363392 2.07122e-06
0.0458052 0.00363429 1.96768e-06
0.0458449 0.00363465 1.85923e-06
0.0458847 0.00363502 1.74307e-06
0.0459245 0.00363538 1.62415e-06
0.0459642 0.00363574 1.49935e-06
0.046004 0.00363612 1.37174e-06
0.0460437 0.00363648 1.23906e-06
0.0460835 0.00363684 1.1035e-06
0.0461233 0.00363719 9.68702e-07
0.046163 0.00363754 8.27153e-07
0.0462028 0.00363789 6.865e-07
0.0462425 0.00363823 5.41678e-07
0.0462823 0.00363855 4.00037e-07
0.0463221 0.00363887 2.59395e-07
0.0463618 0.00363917 1.15903e-07
0.0464016 0.00363947 1.30779e-07
0.0464414 0.00363975 2.2562e-07
0.0464811 0.00364001 3.19512e-07
0.0465209 0.00364026 4.45957e-07
0.0465606 0.00364051 5.77655e-07
0.0466004 0.00364073 7.056e-07
0.0466402 0.00364093 8.29108e-07
0.0466799 0.00364112 9.54009e-07
0.0467197 0.00364129 1.06775e-06
0.0467594 0.00364145 1.18285e-06
0.0467992 0.00364158 1.28883e-06
0.046839 0.00364171 1.39046e-06
0.0468787 0.00364179 1.48555e-06
0.0469185 0.00364188 1.57395e-06
0.0469583 0.00364193 1.65591e-06
0.046998 0.00364198 1.73353e-06
0.0470378 0.00364199 1.80277e-06
0.0470775 0.003642 1.86272e-06
0.0471173 0.003642 1.91804e-06
0.0471571 0.00364197 1.96872e-06
0.0471968 0.00364191 2.00705e-06
0.0472366 0.00364186 2.04015e-06
0.0472763 0.00364177 2.06608e-06
0.0473161 0.00364168 2.08386e-06
0.0473559 0.00364155 2.09469e-06
0.0473956 0.00364143 2.09706e-06
0.0474354 0.00364128 2.0911e-06
0.0474752 0.00364113 2.07773e-06
0.0475149 0.00364095 2.06012e-06
0.0475547 0.00364078 2.03561e-06
0.0475944 0.00364058 1.99992e-06
0.0476342 0.00364038 1.96137e-06
0.047674 0.00364017 1.91456e-06
0.0477137 0.00363994 1.86378e-06
0.0477535 0.00363971 1.80317e-06
0.0477932 0.00363948 1.74142e-06
0.047833 0.00363923 1.66897e-06
0.0478728 0.00363899 1.59531e-06
0.0479125 0.00363874 1.51515e-06
0.0479523 0.00363848 1.43151e-06
0.047992 0.00363823 1.34404e-06
0.0480318 0.00363796 1.24984e-06
0.0480716 0.0036377 1.15505e-06
0.0481113 0.00363745 1.05539e-06
0.0481511 0.00363719 9.55259e-07
0.0481909 0.00363694 8.50175e-07
0.0482306 0.00363669 7.46419e-07
0.0482704 0.00363644 6.38607e-07
0.0483101 0.0036362 5.30858e-07
0.0483499 0.00363597 4.18549e-07
0.0483897 0.00363574 3.10555e-07
0.0484294 0.00363553 2.0146e-07
0.0484692 0.00363531 9.26239e-08
0.0485089 0.00363511 1.03598e-07
0.0485487 0.00363491 1.77753e-07
0.0485885 0.00363473 2.50229e-07
0.0486282 0.00363456 3.35086e-07
0.048668 0.00363441 4.37206e-07
0.0487078 0.00363426 5.35927e-07
0.0487475 0.00363413 6.32173e-07
0.0487873 0.003634 7.24863e-07
0.048827 0.00363389 8.14181e-07
0.0488668 0.0036338 9.0108e-07
0.0489066 0.00363373 9.81524e-07
0.0489463 0.00363366 1.05889e-06
0.0489861 0.00363361 1.13109e-06
0.0490258 0.00363356 1.20017e-06
0.0490656 0.00363354 1.26319e-06
0.0491054 0.00363354 1.3206e-06
0.0491451 0.00363355 1.37394e-06
0.0491849 0.00363356 1.42102e-06
0.0492247 0.0036336 1.46432e-06
0.0492644 0.00363364 1.49888e-06
0.0493042 0.0036337 1.53008e-06
0.0493439 0.00363377 1.55533e-06
0.0493837 0.00363385 1.57467e-06
0.0494235 0.00363396 1.58899e-06
0.0494632 0.00363406 1.59591e-06
0.049503 0.00363418 1.59875e-06
0.0495427 0.00363432 1.59609e-06
0.0495825 0.00363446 1.58188e-06
0.0496223 0.00363461 1.57226e-06
0.049662 0.00363478 1.55035e-06
0.0497018 0.00363495 1.52517e-06
0.0497416 0.00363513 1.49701e-06
0.0497813 0.00363532 1.45761e-06
0.0498211 0.00363551 1.42019e-06
0.0498608 0.0036357 1.37294e-06
0.0499006 0.00363591 1.32399e-06
0.0499404 0.00363611 1.27306e-06
0.0499801 0.00363632 1.21432e-06
0.0500199 0.00363654 1.15138e-06
0.0500596 0.00363675 1.08835e-06
0.0500994 0.00363698 1.02207e-06
0.0501392 0.0036372 9.4856e-07
0.0501789 0.00363742 8.76421e-07
0.0502187 0.00363763 8.00853e-07
0.0502585 0.00363785 7.23628e-07
0.0502982 0.00363807 6.4231e-07
0.050338 0.00363828 5.61958e-07
0.0503777 0.00363848 4.7977e-07
0.0504175 0.00363869 3.96786e-07
0.0504573 0.00363889 3.12577e-07
0.050497 0.00363908 2.27206e-07
0.0505368 0.00363927 1.44148e-07
0.0505765 0.00363946 6.03172e-08
0.0506163 0.00363963 1.00752e-07
0.0506561 0.0036398 1.57154e-07
0.0506958 0.00363995 2.12038e-07
0.0507356 0.0036401 2.78055e-07
0.0507753 0.00364024 3.56153e-07
0.0508151 0.00364038 4.33192e-07
0.0508549 0.0036405 5.06994e-07
0.0508946 0.00364062 5.7638e-07
0.0509344 0.00364072 6.4623e-07
0.0509742 0.00364081 7.11145e-07
0.0510139 0.00364088 7.72321e-07
0.0510537 0.00364096 8.33473e-07
0.0510934 0.00364101 8.89526e-07
0.0511332 0.00364106 9.41226e-07
0.051173 0.0036411 9.87109e-07
0.0512127 0.00364112 1.03215e-06
0.0512525 0.00364114 1.07402e-06
0.0512922 0.00364114 1.10825e-06
0.051332 0.00364114 1.14203e-06
0.0513718 0.00364113 1.1682e-06
0.0514115 0.00364109 1.19133e-06
0.0514513 0.00364106 1.20983e-06
0.0514911 0.00364101 1.22393e-06
0.0515308 0.00364094 1.23313e-06
0.0515706 0.00364089 1.23849e-06
0.0516103 0.00364081 1.23952e-06
0.0516501 0.00364073 1.2356e-06
0.0516899 0.00364063 1.22991e-06
0.0517296 0.00364054 1.21629e-06
0.0517694 0.00364043 1.20016e-06
0.0518091 0.00364032 1.17934e-06
0.0518489 0.0036402 1.15632e-06
0.0518887 0.00364009 1.12761e-06
0.0519284 0.00363996 1.09795e-06
0.0519682 0.00363982 1.06141e-06
0.052008 0.00363968 1.02156e-06
0.0520477 0.00363954 9.8249e-07
0.0520875 0.00363939 9.35794e-07
0.0521272 0.00363924 8.89092e-07
0.052167 0.00363909 8.39353e-07
0.0522068 0.00363894 7.87474e-07
0.0522465 0.0036388 7.3284e-07
0.0522863 0.00363864 6.75517e-07
0.052326 0.0036385 6.17244e-07
0.0523658 0.00363835 5.56917e-07
0.0524056 0.00363821 4.94185e-07
0.0524453 0.00363806 4.32434e-07
0.0524851 0.00363791 3.69578e-07
0.0525249 0.00363777 3.03898e-07
0.0525646 0.00363764 2.40235e-07
0.0526044 0.00363751 1.76513e-07
0.0526441 0.00363739 1.12e-07
0.0526839 0.00363727 4.64619e-08
0.0527237 0.00363715 7.11314e-08
0.0527634 0.00363704 1.1338e-07
0.0528032 0.00363694 1.55143e-07
0.0528429 0.00363684 2.05008e-07
0.0528827 0.00363675 2.64709e-07
0.0529225 0.00363667 3.22661e-07
0.0529622 0.0036366 3.78416e-07
0.053002 0.00363653 4.34386e-07
0.0530418 0.00363647 4.8578e-07
0.0530815 0.00363642 5.35587e-07
0.0531213 0.00363638 5.83864e-07
0.053161 0.00363634 6.29541e-07
0.0532008 0.00363631 6.71325e-07
0.0532406 0.00363629 7.11137e-07
0.0532803 0.00363629 7.47765e-07
0.0533201 0.00363628 7.80736e-07
0.0533598 0.00363629 8.12355e-07
0.0533996 0.00363631 8.38423e-07
0.0534394 0.00363632 8.64348e-07
0.0534791 0.00363635 8.8327e-07
0.0535189 0.00363639 9.03228e-07
0.0535586 0.00363643 9.16465e-07
0.0535984 0.00363649 9.27665e-07
0.0536382 0.00363656 9.34191e-07
0.0536779 0.00363662 9.37513e-07
0.0537177 0.00363669 9.38359e-07
0.0537575 0.00363677 9.36421e-07
0.0537972 0.00363687 9.31488e-07
0.053837 0.00363696 9.20988e-07
0.0538767 0.00363705 9.10515e-07
0.0539165 0.00363716 8.94087e-07
0.0539563 0.00363726 8.74559e-07
0.053996 0.00363738 8.5281e-07
0.0540358 0.0036375 8.30306e-07
0.0540755 0.00363762 8.0317e-07
0.0541153 0.00363774 7.73128e-07
0.0541551 0.00363787 7.40962e-07
0.0541948 0.00363799 7.05857e-07
0.0542346 0.00363813 6.70923e-07
0.0542744 0.00363826 6.32508e-07
0.0543141 0.00363839 5.91033e-07
0.0543539 0.00363851 5.48766e-07
0.0543936 0.00363865 5.06236e-07
0.0544334 0.00363878 4.62144e-07
0.0544732 0.00363892 4.14086e-07
0.0545129 0.00363904 3.67363e-07
0.0545527 0.00363917 3.1986e-07
0.0545924 0.00363929 2.70854e-07
0.0546322 0.00363942 2.23329e-07
0.054672 0.00363954 1.73284e-07
0.0547117 0.00363965 1.23139e-07
0.0547515 0.00363977 7.24284e-08
0.0547913 0.00363987 2.86685e-08
0.054831 0.00363997 5.95909e-08
0.0548708 0.00364007 9.2883e-08
0.0549105 0.00364016 1.25609e-07
0.0549503 0.00364025 1.69325e-07
0.0549901 0.00364034 2.1428e-07
0.0550298 0.00364042 2.59761e-07
0.0550696 0.00364049 3.03109e-07
0.0551093 0.00364056 3.44602e-07
0.0551491 0.00364062 3.84378e-07
0.0551889 0.00364068 4.2292e-07
0.0552286 0.00364073 4.60052e-07
0.0552684 0.00364077 4.93469e-07
0.0553082 0.00364081 5.25066e-07
0.0553479 0.00364084 5.55493e-07
0.0553877 0.00364086 5.84363e-07
0.0554274 0.00364088 6.0993e-07
0.0554672 0.00364089 6.3209e-07
0.055507 0.0036409 6.52869e-07
0.0555467 0.00364089 6.73216e-07
0.0555865 0.00364088 6.8753e-07
0.0556262 0.00364087 7.0231e-07
0.055666 0.00364085 7.13387e-07
0.0557058 0.00364082 7.19812e-07
0.0557455 0.0036408 7.27102e-07
0.0557853 0.00364076 7.27795e-07
0.0558251 0.00364072 7.2917e-07
0.0558648 0.00364067 7.27759e-07
0.0559046 0.00364062 7.21144e-07
0.0559443 0.00364056 7.15131e-07
0.0559841 0.0036405 7.0478e-07
0.0560239 0.00364044 6.94486e-07
0.0560636 0.00364037 6.79897e-07
0.0561034 0.0036403 6.64464e-07
0.0561431 0.00364023 6.44992e-07
0.0561829 0.00364015 6.25746e-07
0.0562227 0.00364007 6.02137e-07
0.0562624 0.00363999 5.78862e-07
0.0563022 0.00363991 5.50017e-07
0.0563419 0.00363982 5.24008e-07
0.0563817 0.00363974 4.92898e-07
0.0564215 0.00363967 4.63121e-07
0.0564612 0.00363958 4.31568e-07
0.056501 0.00363949 3.96992e-07
0.0565408 0.0036394 3.62588e-07
0.0565805 0.00363931 3.25346e-07
0.0566203 0.00363923 2.87906e-07
0.05666 0.00363915 2.51716e-07
0.0566998 0.00363907 2.15407e-07
0.0567396 0.003639 1.80047e-07
0.0567793 0.00363892 1.41344e-07
0.0568191 0.00363885 1.0354e-07
0.0568588 0.00363878 6.4774e-08
0.0568986 0.00363871 3.43717e-08
0.0569384 0.00363865 4.97147e-08
0.0569781 0.00363858 7.55391e-08
0.0570179 0.00363852 1.00571e-07
0.0570577 0.00363847 1.27767e-07
0.0570974 0.00363842 1.62999e-07
0.0571372 0.00363838 1.96585e-07
0.0571769 0.00363834 2.3008e-07
0.0572167 0.0036383 2.6185e-07
0.0572565 0.00363827 2.93691e-07
0.0572962 0.00363825 3.21808e-07
0.057336 0.00363823 3.49237e-07
0.0573757 0.00363821 3.74282e-07
0.0574155 0.0036382 4.01368e-07
0.0574553 0.00363818 4.25287e-07
0.057495 0.00363819 4.45161e-07
0.0575348 0.00363818 4.65744e-07
0.0575746 0.00363819 4.81754e-07
0.0576143 0.0036382 4.9795e-07
0.0576541 0.00363823 5.13777e-07
0.0576938 0.00363825 5.22608e-07
0.0577336 0.00363827 5.33889e-07
0.0577734 0.0036383 5.43086e-07
0.0578131 0.00363834 5.47501e-07
0.0578529 0.00363838 5.53974e-07
0.0578926 0.00363843 5.50752e-07
0.0579324 0.00363847 5.53807e-07
0.0579722 0.00363852 5.52742e-07
0.0580119 0.00363858 5.49349e-07
0.0580517 0.00363864 5.4287e-07
0.0580915 0.00363869 5.35194e-07
0.0581312 0.00363876 5.24996e-07
0.058171 0.00363883 5.1534e-07
0.0582107 0.0036389 5.00173e-07
0.0582505 0.00363897 4.87161e-07
0.0582903 0.00363904 4.68771e-07
0.05833 0.00363912 4.53471e-07
0.0583698 0.0036392 4.36061e-07
0.0584095 0.00363928 4.11877e-07
0.0584493 0.00363936 3.92294e-07
0.0584891 0.00363944 3.69882e-07
0.0585288 0.00363952 3.44518e-07
0.0585686 0.0036396 3.20024e-07
0.0586084 0.00363968 2.94284e-07
0.0586481 0.00363976 2.68264e-07
0.0586879 0.00363984 2.40836e-07
0.0587276 0.00363992 2.13624e-07
0.0587674 0.00364 1.83566e-07
0.0588072 0.00364008 1.55025e-07
0.0588469 0.00364015 1.26573e-07
0.0588867 0.00364022 9.65186e-08
0.0589264 0.0036403 6.70786e-08
0.0589662 0.00364036 3.86653e-08
0.059006 0.00364043 2.23336e-08
0.0590457 0.00364049 4.17974e-08
0.0590855 0.00364055 6.10416e-08
0.0591252 0.00364061 8.01248e-08
0.059165 0.00364067 1.04077e-07
0.0592048 0.00364072 1.32497e-07
0.0592445 0.00364077 1.57372e-07
0.0592843 0.00364081 1.82643e-07
0.0593241 0.00364086 2.07417e-07
0.0593638 0.0036409 2.30976e-07
0.0594036 0.00364092 2.52151e-07
0.0594433 0.00364096 2.75175e-07
0.0594831 0.00364099 2.94301e-07
0.0595229 0.00364101 3.13814e-07
0.0595626 0.00364103 3.31295e-07
0.0596024 0.00364105 3.47543e-07
0.0596421 0.00364106 3.61283e-07
0.0596819 0.00364107 3.75626e-07
0.0597217 0.00364108 3.89593e-07
0.0597614 0.00364108 4.00276e-07
0.0598012 0.00364108 4.07824e-07
0.059841 0.00364107 4.15177e-07
0.0598807 0.00364106 4.21524e-07
0.0599205 0.00364105 4.25489e-07
0.0599602 0.00364103 4.29423e-07
0.06 0.00364102 4.29534e-07
0.0600398 0.003641 4.30563e-07
0.0600795 0.00364097 4.29699e-07
0.0601193 0.00364094 4.27274e-07
0.060159 0.00364091 4.22271e-07
0.0601988 0.00364089 4.16332e-07
0.0602386 0.00364085 4.09168e-07
0.0602783 0.00364082 4.0079e-07
0.0603181 0.00364077 3.89727e-07
0.0603579 0.00364073 3.78215e-07
0.0603976 0.00364069 3.65557e-07
0.0604374 0.00364064 3.51951e-07
0.0604771 0.00364059 3.37656e-07
0.0605169 0.00364056 3.22283e-07
0.0605567 0.00364051 3.05634e-07
0.0605964 0.00364046 2.896e-07
0.0606362 0.00364041 2.70558e-07
0.0606759 0.00364035 2.50182e-07
0.0607157 0.00364031 2.30528e-07
0.0607555 0.00364026 2.08984e-07
0.0607952 0.00364021 1.89447e-07
0.060835 0.00364017 1.68498e-07
0.0608748 0.00364013 1.47044e-07
0.0609145 0.00364009 1.24701e-07
0.0609543 0.00364004 1.01966e-07
0.060994 0.00364 7.98577e-08
0.0610338 0.00363995 5.69663e-08
0.0610736 0.00363992 3.467e-08
0.0611133 0.00363988 2.06962e-08
0.0611531 0.00363984 3.43087e-08
0.0611928 0.00363981 4.60944e-08
0.0612326 0.00363978 6.04722e-08
0.0612724 0.00363975 7.54606e-08
0.0613121 0.00363973 9.69895e-08
0.0613519 0.0036397 1.16031e-07
0.0613917 0.00363968 1.35933e-07
0.0614314 0.00363965 1.53952e-07
0.0614712 0.00363964 1.72674e-07
0.0615109 0.00363962 1.89591e-07
0.0615507 0.00363961 2.06529e-07
0.0615905 0.00363961 2.2197e-07
0.0616302 0.00363961 2.3657e-07
0.06167 0.00363961 2.49201e-07
0.0617097 0.00363961 2.61596e-07
0.0617495 0.00363961 2.74211e-07
0.0617893 0.00363961 2.83634e-07
0.061829 0.00363962 2.93226e-07
0.0618688 0.00363964 3.00623e-07
0.0619085 0.00363966 3.0866e-07
0.0619483 0.00363967 3.14528e-07
0.0619881 0.00363969 3.18634e-07
0.0620278 0.00363971 3.23413e-07
0.0620676 0.00363973 3.24742e-07
0.0621074 0.00363977 3.25523e-07
0.0621471 0.00363979 3.26398e-07
0.0621869 0.00363983 3.25663e-07
0.0622266 0.00363987 3.21606e-07
0.0622664 0.0036399 3.17766e-07
0.0623062 0.00363995 3.14632e-07
0.0623459 0.00363999 3.1019e-07
0.0623857 0.00364003 3.01124e-07
0.0624254 0.00364007 2.9581e-07
0.0624652 0.00364011 2.86387e-07
0.062505 0.00364016 2.77728e-07
0.0625447 0.00364021 2.66272e-07
0.0625845 0.00364026 2.54239e-07
0.0626243 0.0036403 2.42827e-07
0.062664 0.00364035 2.30651e-07
0.0627038 0.0036404 2.17291e-07
0.0627435 0.00364045 2.03107e-07
0.0627833 0.0036405 1.8587e-07
0.0628231 0.00364055 1.72084e-07
0.0628628 0.0036406 1.55661e-07
0.0629026 0.00364065 1.40262e-07
0.0629423 0.0036407 1.24098e-07
0.0629821 0.00364075 1.07991e-07
0.0630219 0.0036408 9.07876e-08
0.0630616 0.00364084 7.38036e-08
0.0631014 0.00364088 5.73295e-08
0.0631412 0.00364093 3.94673e-08
0.0631809 0.00364097 2.61059e-08
0.0632207 0.00364101 3.25986e-08
0.0632604 0.00364105 3.69745e-08
0.0633002 0.00364109 4.85695e-08
0.06334 0.00364113 5.99552e-08
0.0633797 0.00364116 7.1174e-08
0.0634195 0.00364119 8.32591e-08
0.0634592 0.00364122 9.86333e-08
0.063499 0.00364125 1.13455e-07
0.0635388 0.00364128 1.28201e-07
0.0635785 0.0036413 1.4254e-07
0.0636183 0.00364132 1.55245e-07
0.0636581 0.00364135 1.66142e-07
0.0636978 0.00364136 1.76377e-07
0.0637376 0.00364138 1.89583e-07
0.0637773 0.00364139 2.01399e-07
0.0638171 0.00364141 2.09998e-07
0.0638569 0.00364142 2.18946e-07
0.0638966 0.00364142 2.26684e-07
0.0639364 0.00364143 2.34532e-07
0.0639761 0.00364143 2.40081e-07
0.0640159 0.00364143 2.45714e-07
0.0640557 0.00364142 2.49834e-07
0.0640954 0.00364141 2.53449e-07
0.0641352 0.00364141 2.54164e-07
0.064175 0.0036414 2.5697e-07
0.0642147 0.00364139 2.57416e-07
0.0642545 0.00364137 2.56175e-07
0.0642942 0.00364137 2.55483e-07
0.064334 0.00364135 2.54319e-07
0.0643738 0.00364133 2.50543e-07
0.0644135 0.00364132 2.47505e-07
0.0644533 0.0036413 2.43847e-07
0.064493 0.00364127 2.37353e-07
0.0645328 0.00364126 2.30654e-07
0.0645726 0.00364123 2.25354e-07
0.0646123 0.00364121 2.1685e-07
0.0646521 0.00364119 2.09199e-07
0.0646918 0.00364115 2.01579e-07
0.0647316 0.00364113 1.91738e-07
0.0647714 0.00364111 1.82792e-07
0.0648111 0.00364107 1.71421e-07
0.0648509 0.00364105 1.60197e-07
0.0648907 0.00364102 1.49959e-07
0.0649304 0.003641 1.36432e-07
0.0649702 0.00364097 1.26254e-07
0.0650099 0.00364094 1.13198e-07
0.0650497 0.00364091 9.90204e-08
0.0650895 0.00364088 8.47849e-08
0.0651292 0.00364086 7.25533e-08
0.065169 0.00364084 5.99767e-08
0.0652087 0.00364082 4.76933e-08
0.0652485 0.0036408 3.39466e-08
0.0652883 0.00364077 2.87156e-08
0.065328 0.00364075 1.94999e-08
0.0653678 0.00364073 3.25547e-08
0.0654076 0.00364072 3.14197e-08
0.0654473 0.0036407 3.93773e-08
0.0654871 0.00364069 4.77588e-08
0.0655268 0.00364067 5.81026e-08
0.0655666 0.00364066 6.90697e-08
0.0656064 0.00364065 8.28779e-08
0.0656461 0.00364064 9.22757e-08
0.0656859 0.00364063 1.02194e-07
0.0657256 0.00364062 1.11928e-07
0.0657654 0.00364062 1.22255e-07
0.0658052 0.00364061 1.30513e-07
0.0658449 0.00364061 1.39063e-07
0.0658847 0.00364061 1.46819e-07
0.0659245 0.00364061 1.55233e-07
0.0659642 0.00364062 1.59876e-07
0.066004 0.00364062 1.67172e-07
0.0660437 0.00364063 1.7314e-07
0.0660835 0.00364064 1.77718e-07
0.0661233 0.00364065 1.81707e-07
0.066163 0.00364066 1.84078e-07
0.0662028 0.00364067 1.8598e-07
0.0662425 0.00364069 1.89044e-07
0.0662823 0.00364071 1.89683e-07
0.0663221 0.00364073 1.90876e-07
0.0663618 0.00364075 1.89711e-07
0.0664016 0.00364076 1.90496e-07
0.0664414 0.00364079 1.89486e-07
0.0664811 0.00364081 1.86589e-07
0.0665209 0.00364083 1.8298e-07
0.0665606 0.00364086 1.80623e-07
0.0666004 0.00364089 1.75331e-07
0.0666402 0.00364092 1.71699e-07
0.0666799 0.00364094 1.66455e-07
0.0667197 0.00364097 1.60033e-07
0.0667594 0.003641 1.54386e-07
0.0667992 0.00364103 1.48508e-07
0.066839 0.00364106 1.40425e-07
0.0668787 0.00364109 1.33051e-07
0.0669185 0.00364112 1.24419e-07
0.0669583 0.00364115 1.15961e-07
0.066998 0.00364118 1.07048e-07
0.0670378 0.00364122 9.92522e-08
0.0670775 0.00364124 8.96497e-08
0.0671173 0.00364128 7.9758e-08
0.0671571 0.00364131 6.96429e-08
0.0671968 0.00364134 6.04537e-08
0.0672366 0.00364136 4.94407e-08
0.0672763 0.0036414 4.03107e-08
0.0673161 0.00364142 2.97292e-08
0.0673559 0.00364145 2.01674e-08
0.0673956 0.00364147 2.39244e-08
0.0674354 0.0036415 1.83948e-08
0.0674752 0.00364152 2.72749e-08
0.0675149 0.00364155 2.47404e-08
0.0675547 0.00364157 3.14282e-08
0.0675944 0.00364159 4.06428e-08
0.0676342 0.00364161 4.99028e-08
0.067674 0.00364163 5.90227e-08
0.0677137 0.00364165 6.73865e-08
0.0677535 0.00364167 7.65211e-08
0.0677932 0.00364168 8.46836e-08
0.067833 0.0036417 9.18351e-08
0.0678728 0.00364171 9.90934e-08
0.0679125 0.00364173 1.06249e-07
0.0679523 0.00364173 1.12429e-07
0.067992 0.00364175 1.18086e-07
0.0680318 0.00364175 1.2542e-07
0.0680716 0.00364176 1.28606e-07
0.0681113 0.00364176 1.34632e-07
0.0681511 0.00364177 1.36657e-07
0.0681909 0.00364177 1.41174e-07
0.0682306 0.00364177 1.44776e-07
0.0682704 0.00364177 1.46441e-07
0.0683101 0.00364177 1.48781e-07
0.0683499 0.00364176 1.48919e-07
0.0683897 0.00364177 1.50129e-07
0.0684294 0.00364176 1.51014e-07
0.0684692 0.00364176 1.51856e-07
0.0685089 0.00364175 1.5295e-07
0.0685487 0.00364174 1.49775e-07
0.0685885 0.00364173 1.47805e-07
0.0686282 0.00364173 1.46475e-07
0.068668 0.00364171 1.44682e-07
0.0687078 0.0036417 1.40567e-07
0.0687475 0.00364169 1.35971e-07
0.0687873 0.00364168 1.33088e-07
0.068827 0.00364167 1.309e-07
0.0688668 0.00364166 1.23422e-07
0.0689066 0.00364164 1.19543e-07
0.0689463 0.00364163 1.12705e-07
0.0689861 0.00364162 1.06957e-07
0.0690258 0.00364161 1.00722e-07
0.0690656 0.00364159 9.55095e-08
0.0691054 0.00364157 8.91273e-08
0.0691451 0.00364156 8.07211e-08
0.0691849 0.00364154 7.23863e-08
0.0692247 0.00364152 6.63061e-08
0.0692644 0.00364151 5.92807e-08
0.0693042 0.0036415 5.19787e-08
0.0693439 0.00364149 4.39677e-08
0.0693837 0.00364148 3.74218e-08
0.0694235 0.00364147 2.89906e-08
0.0694632 0.00364145 3.00073e-08
0.069503 0.00364144 2.06142e-08
0.0695427 0.00364143 2.73426e-08
0.0695825 0.00364143 2.17527e-08
0.0696223 0.00364141 2.8853e-08
0.069662 0.00364141 2.76252e-08
0.0697018 0.0036414 3.2671e-08
0.0697416 0.0036414 3.72666e-08
0.0697813 0.00364139 4.26163e-08
0.0698211 0.00364138 4.8808e-08
0.0698608 0.00364138 5.55578e-08
0.0699006 0.00364138 6.14772e-08
0.0699404 0.00364138 6.85897e-08
0.0699801 0.00364138 7.40734e-08
0.0700199 0.00364138 7.85867e-08
0.0700596 0.00364138 8.32653e-08
0.0700994 0.00364138 8.8475e-08
0.0701392 0.00364138 9.29742e-08
0.0701789 0.00364139 9.57512e-08
0.0702187 0.00364139 9.935e-08
0.0702585 0.0036414 1.03241e-07
0.0702982 0.00364141 1.04968e-07
0.070338 0.00364142 1.07594e-07
0.0703777 0.00364143 1.08785e-07
0.0704175 0.00364143 1.10383e-07
0.0704573 0.00364145 1.12466e-07
0.070497 0.00364146 1.12423e-07
0.0705368 0.00364147 1.12398e-07
0.0705765 0.00364149 1.13218e-07
0.0706163 0.00364151 1.11465e-07
0.0706561 0.00364152 1.11302e-07
0.0706958 0.00364154 1.09135e-07
0.0707356 0.00364155 1.08872e-07
0.0707753 0.00364156 1.06644e-07
0.0708151 0.00364158 1.0405e-07
0.0708549 0.00364161 1.02046e-07
0.0708946 0.00364162 9.76798e-08
0.0709344 0.00364164 9.37536e-08
0.0709742 0.00364166 9.05768e-08
0.0710139 0.00364168 8.55807e-08
0.0710537 0.0036417 8.24625e-08
0.0710934 0.00364172 7.84829e-08
0.0711332 0.00364174 7.42745e-08
0.071173 0.00364176 6.73281e-08
0.0712127 0.00364178 6.23086e-08
0.0712525 0.00364181 5.76168e-08
0.0712922 0.00364182 5.15442e-08
0.071332 0.00364184 4.6588e-08
0.0713718 0.00364186 3.98133e-08
0.0714115 0.00364188 3.53983e-08
0.0714513 0.0036419 2.84488e-08
0.0714911 0.00364192 2.28784e-08
0.0715308 0.00364194 2.48991e-08
0.0715706 0.00364196 1.78898e-08
0.0716103 0.00364197 2.6053e-08
0.0716501 0.00364199 1.70335e-08
0.0716899 0.003642 2.77465e-08
0.0717296 0.00364202 1.8397e-08
0.0717694 0.00364204 2.93297e-08
0.0718091 0.00364205 2.52726e-08
0.0718489 0.00364207 3.09889e-08
0.0718887 0.00364208 3.65473e-08
0.0719284 0.00364209 4.22454e-08
0.0719682 0.00364211 4.57788e-08
0.072008 0.00364212 5.18541e-08
0.0720477 0.00364213 5.46653e-08
0.0720875 0.00364214 5.92784e-08
0.0721272 0.00364215 6.36502e-08
0.072167 0.00364215 6.74846e-08
0.0722068 0.00364216 6.95126e-08
0.0722465 0.00364217 7.41338e-08
0.0722863 0.00364218 7.83161e-08
0.072326 0.00364218 8.03158e-08
0.0723658 0.00364218 8.16239e-08
0.0724056 0.00364219 8.44773e-08
0.0724453 0.00364219 8.58535e-08
0.0724851 0.00364219 8.72729e-08
0.0725249 0.00364219 8.94528e-08
0.0725646 0.00364219 8.99428e-08
0.0726044 0.0036422 8.93645e-08
0.0726441 0.00364219 9.0132e-08
0.0726839 0.0036422 9.03878e-08
0.0727237 0.00364219 9.04323e-08
0.0727634 0.00364219 8.91023e-08
0.0728032 0.00364218 8.85391e-08
0.0728429 0.00364218 8.56939e-08
0.0728827 0.00364217 8.50394e-08
0.0729225 0.00364217 8.39465e-08
0.0729622 0.00364216 8.21264e-08
0.073002 0.00364216 7.81672e-08
0.0730418 0.00364216 7.65496e-08
0.0730815 0.00364215 7.3612e-08
0.0731213 0.00364214 7.02812e-08
0.073161 0.00364214 6.70946e-08
0.0732008 0.00364213 6.2538e-08
0.0732406 0.00364212 5.92205e-08
0.0732803 0.00364212 5.59725e-08
0.0733201 0.00364211 5.25499e-08
0.0733598 0.00364211 4.71787e-08
0.0733996 0.0036421 4.35719e-08
0.0734394 0.0036421 3.99927e-08
0.0734791 0.00364209 3.46198e-08
0.0735189 0.00364208 2.93978e-08
0.0735586 0.00364208 2.43907e-08
0.0735984 0.00364207 2.07532e-08
0.0736382 0.00364206 2.28849e-08
0.0736779 0.00364206 1.96954e-08
0.0737177 0.00364205 2.41875e-08
0.0737575 0.00364205 1.82676e-08
0.0737972 0.00364204 2.59e-08
0.073837 0.00364204 1.70858e-08
0.0738767 0.00364204 2.76709e-08
0.0739165 0.00364204 1.93059e-08
0.0739563 0.00364203 2.92129e-08
0.073996 0.00364203 2.47825e-08
0.0740358 0.00364203 3.17423e-08
0.0740755 0.00364203 3.31837e-08
0.0741153 0.00364203 3.50371e-08
0.0741551 0.00364202 3.8564e-08
0.0741948 0.00364202 4.3056e-08
0.0742346 0.00364203 4.57358e-08
0.0742744 0.00364203 4.87904e-08
0.0743141 0.00364203 5.23327e-08
0.0743539 0.00364204 5.4382e-08
0.0743936 0.00364205 5.65217e-08
0.0744334 0.00364205 5.79876e-08
0.0744732 0.00364205 5.98569e-08
0.0745129 0.00364206 6.21384e-08
0.0745527 0.00364207 6.26029e-08
0.0745924 0.00364207 6.42338e-08
0.0746322 0.00364208 6.44714e-08
0.074672 0.00364209 6.66734e-08
0.0747117 0.0036421 6.67787e-08
0.0747515 0.00364211 6.75973e-08
0.0747913 0.00364212 6.70503e-08
0.074831 0.00364213 6.6217e-08
0.0748708 0.00364214 6.5578e-08
0.0749105 0.00364215 6.57724e-08
0.0749503 0.00364216 6.24692e-08
0.0749901 0.00364217 6.27614e-08
0.0750298 0.00364218 6.06267e-08
0.0750696 0.0036422 5.99284e-08
0.0751093 0.00364221 5.71929e-08
0.0751491 0.00364222 5.62526e-08
0.0751889 0.00364223 5.19823e-08
0.0752286 0.00364224 5.07853e-08
0.0752684 0.00364225 4.83548e-08
0.0753082 0.00364227 4.62909e-08
0.0753479 0.00364228 4.22023e-08
0.0753877 0.00364229 4.08889e-08
0.0754274 0.0036423 3.59208e-08
0.0754672 0.00364232 3.40108e-08
0.075507 0.00364233 2.99593e-08
0.0755467 0.00364235 3.14675e-08
0.0755865 0.00364235 2.5838e-08
0.0756262 0.00364237 3.07314e-08
0.075666 0.00364238 2.13164e-08
0.0757058 0.00364239 3.03256e-08
0.0757455 0.0036424 1.84699e-08
0.0757853 0.00364242 2.86904e-08
0.0758251 0.00364243 1.8928e-08
0.0758648 0.00364244 2.79561e-08
0.0759046 0.00364245 1.93423e-08
0.0759443 0.00364246 2.76002e-08
0.0759841 0.00364247 2.24701e-08
0.0760239 0.00364248 2.87965e-08
0.0760636 0.00364249 2.58496e-08
0.0761034 0.00364249 2.92174e-08
0.0761431 0.0036425 2.91837e-08
0.0761829 0.00364251 3.12244e-08
0.0762227 0.00364252 3.27929e-08
0.0762624 0.00364253 3.63005e-08
0.0763022 0.00364253 3.75568e-08
0.0763419 0.00364254 3.98394e-08
0.0763817 0.00364255 4.19793e-08
0.0764215 0.00364255 4.32849e-08
0.0764612 0.00364255 4.56627e-08
0.076501 0.00364256 4.77577e-08
0.0765408 0.00364256 4.9082e-08
0.0765805 0.00364257 5.12189e-08
0.0766203 0.00364257 5.20374e-08
0.07666 0.00364257 5.33892e-08
0.0766998 0.00364257 5.40401e-08
0.0767396 0.00364258 5.49409e-08
0.0767793 0.00364257 5.4332e-08
0.0768191 0.00364258 5.40344e-08
0.0768588 0.00364258 5.34605e-08
0.0768986 0.00364258 5.61496e-08
0.0769384 0.00364258 5.48164e-08
0.0769781 0.00364258 5.44362e-08
0.0770179 0.00364258 5.3092e-08
0.0770577 0.00364258 5.4769e-08
0.0770974 0.00364258 5.32843e-08
0.0771372 0.00364258 5.01776e-08
0.0771769 0.00364257 4.91243e-08
0.0772167 0.00364257 4.76661e-08
0.0772565 0.00364257 4.5705e-08
0.0772962 0.00364257 4.38592e-08
0.077336 0.00364256 4.22185e-08
0.0773757 0.00364256 4.0554e-08
0.0774155 0.00364256 3.98925e-08
0.0774553 0.00364256 3.7441e-08
0.077495 0.00364255 3.40088e-08
0.0775348 0.00364255 3.2216e-08
0.0775746 0.00364255 2.88539e-08
0.0776143 0.00364254 2.65943e-08
0.0776541 0.00364254 2.47356e-08
0.0776938 0.00364253 2.56738e-08
0.0777336 0.00364253 2.27088e-08
0.0777734 0.00364253 2.50495e-08
0.0778131 0.00364253 1.85222e-08
0.0778529 0.00364253 2.60456e-08
0.0778926 0.00364252 1.73628e-08
0.0779324 0.00364252 2.64068e-08
0.0779722 0.00364252 1.69772e-08
0.0780119 0.00364252 2.70857e-08
0.0780517 0.00364252 1.6541e-08
0.0780915 0.00364252 2.75717e-08
0.0781312 0.00364251 1.66713e-08
0.078171 0.00364251 2.7927e-08
0.0782107 0.00364251 1.75454e-08
0.0782505 0.00364251 2.90289e-08
0.0782903 0.00364251 1.98262e-08
0.07833 0.00364252 2.89838e-08
0.0783698 0.00364252 2.31588e-08
0.0784095 0.00364252 2.88986e-08
0.0784493 0.00364252 2.61577e-08
0.0784891 0.00364252 3.0086e-08
0.0785288 0.00364252 3.03137e-08
0.0785686 0.00364253 3.22897e-08
0.0786084 0.00364254 3.25651e-08
0.0786481 0.00364254 3.34382e-08
0.0786879 0.00364254 3.38394e-08
0.0787276 0.00364254 3.67281e-08
0.0787674 0.00364255 3.73309e-08
0.0788072 0.00364255 3.79044e-08
0.0788469 0.00364256 3.6862e-08
0.0788867 0.00364257 3.83378e-08
0.0789264 0.00364257 3.79738e-08
0.0789662 0.00364258 3.93069e-08
0.079006 0.00364258 3.82613e-08
0.0790457 0.00364259 3.84113e-08
0.0790855 0.00364259 3.73928e-08
0.0791252 0.0036426 3.75547e-08
0.079165 0.00364261 3.66796e-08
0.0792048 0.00364262 3.63872e-08
0.0792445 0.00364263 3.48019e-08
0.0792843 0.00364264 3.45131e-08
0.0793241 0.00364264 3.21873e-08
0.0793638 0.00364265 3.19337e-08
0.0794036 0.00364266 3.00535e-08
0.0794433 0.00364267 2.90978e-08
0.0794831 0.00364268 2.77836e-08
0.0795229 0.00364269 2.65549e-08
0.0795626 0.0036427 2.29718e-08
0.0796024 0.00364271 2.47529e-08
0.0796421 0.00364271 2.10606e-08
0.0796819 0.00364272 2.4047e-08
0.0797217 0.00364273 1.99097e-08
0.0797614 0.00364274 2.34625e-08
0.0798012 0.00364275 2.00707e-08
0.079841 0.00364276 2.29292e-08
0.0798807 0.00364276 2.1253e-08
0.0799205 0.00364277 2.15985e-08
0.0799602 0.00364278 2.195e-08
0.08 0.00364279 2.0578e-08
0.0800398 0.00364279 2.29945e-08
0.0800795 0.0036428 1.95318e-08
0.0801193 0.00364281 2.35124e-08
0.080159 0.00364282 1.89343e-08
0.0801988 0.00364283 2.4483e-08
0.0802386 0.00364283 1.86979e-08
0.0802783 0.00364284 2.57083e-08
0.0803181 0.00364285 1.91067e-08
0.0803579 0.00364285 2.56952e-08
0.0803976 0.00364286 1.92921e-08
0.0804374 0.00364286 2.66558e-08
0.0804771 0.00364287 2.06402e-08
0.0805169 0.00364287 2.74891e-08
0.0805567 0.00364288 2.36262e-08
0.0805964 0.00364288 2.77816e-08
0.0806362 0.00364289 2.64935e-08
0.0806759 0.00364289 2.87063e-08
0.0807157 0.0036429 2.74899e-08
0.0807555 0.0036429 2.90728e-08
0.0807952 0.0036429 2.99349e-08
0.080835 0.0036429 3.11471e-08
0.0808748 0.00364291 3.11215e-08
0.0809145 0.00364291 3.20191e-08
0.0809543 0.00364292 3.18953e-08
0.080994 0.00364292 3.39814e-08
0.0810338 0.00364292 3.23941e-08
0.0810736 0.00364292 3.34769e-08
0.0811133 0.00364292 3.16836e-08
0.0811531 0.00364292 3.28828e-08
0.0811928 0.00364293 3.18979e-08
0.0812326 0.00364292 3.22966e-08
0.0812724 0.00364292 3.17361e-08
0.0813121 0.00364292 3.02304e-08
0.0813519 0.00364292 3.03508e-08
0.0813917 0.00364292 2.99818e-08
0.0814314 0.00364292 2.8381e-08
0.0814712 0.00364292 2.925e-08
0.0815109 0.00364292 2.59588e-08
0.0815507 0.00364292 2.88355e-08
0.0815905 0.00364292 2.42435e-08
0.0816302 0.00364292 2.90355e-08
0.08167 0.00364292 2.17571e-08
0.0817097 0.00364292 2.86567e-08
0.0817495 0.00364291 2.0086e-08
0.0817893 0.00364291 2.7921e-08
0.081829 0.00364291 1.88677e-08
0.0818688 0.00364291 2.74033e-08
0.0819085 0.00364291 1.77992e-08
0.0819483 0.00364291 2.68037e-08
0.0819881 0.00364291 1.80429e-08
0.0820278 0.00364291 2.6713e-08
0.0820676 0.00364291 1.84168e-08
0.0821074 0.00364291 2.61382e-08
0.0821471 0.00364291 1.84635e-08
0.0821869 0.00364291 2.57479e-08
0.0822266 0.00364291 1.86769e-08
0.0822664 0.00364291 2.4964e-08
0.0823062 0.00364291 1.86578e-08
0.0823459 0.00364291 2.49218e-08
0.0823857 0.00364292 1.89321e-08
0.0824254 0.00364292 2.45393e-08
0.0824652 0.00364292 1.95143e-08
0.082505 0.00364292 2.49715e-08
0.0825447 0.00364292 1.94471e-08
0.0825845 0.00364292 2.45058e-08
0.0826243 0.00364292 1.94844e-08
0.082664 0.00364292 2.55147e-08
0.0827038 0.00364293 2.03012e-08
0.0827435 0.00364293 2.5693e-08
0.0827833 0.00364293 2.03491e-08
0.0828231 0.00364294 2.55667e-08
0.0828628 0.00364294 2.11878e-08
0.0829026 0.00364294 2.54593e-08
0.0829423 0.00364295 2.31436e-08
0.0829821 0.00364295 2.52843e-08
0.0830219 0.00364296 2.23811e-08
0.0830616 0.00364296 2.53286e-08
0.0831014 0.00364297 2.39498e-08
0.0831412 0.00364297 2.5429e-08
0.0831809 0.00364297 2.2894e-08
0.0832207 0.00364298 2.54001e-08
0.0832604 0.00364298 2.39548e-08
0.0833002 0.00364299 2.56426e-08
0.08334 0.003643 2.19811e-08
0.0833797 0.003643 2.48567e-08
0.0834195 0.00364301 2.1439e-08
0.0834592 0.00364302 2.54222e-08
0.083499 0.00364302 2.10567e-08
0.0835388 0.00364302 2.48172e-08
0.0835785 0.00364303 1.97501e-08
0.0836183 0.00364304 2.39896e-08
0.0836581 0.00364305 2.04051e-08
0.0836978 0.00364305 2.37703e-08
0.0837376 0.00364306 1.99197e-08
0.0837773 0.00364307 2.36793e-08
0.0838171 0.00364308 2.04003e-08
0.0838569 0.00364309 2.3469e-08
0.0838966 0.00364309 1.94633e-08
0.0839364 0.0036431 2.38435e-08
0.0839761 0.0036431 1.97768e-08
0.0840159 0.00364311 2.3508e-08
0.0840557 0.00364312 1.90133e-08
0.0840954 0.00364313 2.44293e-08
0.0841352 0.00364313 1.83551e-08
0.084175 0.00364313 2.47521e-08
0.0842147 0.00364314 1.82179e-08
0.0842545 0.00364315 2.45577e-08
0.0842942 0.00364315 1.80275e-08
0.084334 0.00364316 2.51167e-08
0.0843738 0.00364317 1.78919e-08
0.0844135 0.00364317 2.52003e-08
0.0844533 0.00364318 1.7786e-08
0.084493 0.00364318 2.58286e-08
0.0845328 0.00364319 1.76171e-08
0.0845726 0.00364319 2.54786e-08
0.0846123 0.0036432 1.74239e-08
0.0846521 0.0036432 2.54912e-08
0.0846918 0.00364321 1.79636e-08
0.0847316 0.00364321 2.62264e-08
0.0847714 0.00364322 1.85815e-08
0.0848111 0.00364322 2.59064e-08
0.0848509 0.00364322 1.85341e-08
0.0848907 0.00364322 2.55641e-08
0.0849304 0.00364323 1.88686e-08
0.0849702 0.00364323 2.56989e-08
0.0850099 0.00364324 1.9749e-08
0.0850497 0.00364324 2.60807e-08
0.0850895 0.00364325 1.97911e-08
0.0851292 0.00364325 2.55952e-08
0.085169 0.00364325 1.99699e-08
0.0852087 0.00364325 2.53352e-08
0.0852485 0.00364325 2.03544e-08
0.0852883 0.00364326 2.60088e-08
0.085328 0.00364326 2.02252e-08
0.0853678 0.00364326 2.52823e-08
0.0854076 0.00364326 2.04503e-08
0.0854473 0.00364326 2.47524e-08
0.0854871 0.00364326 2.0362e-08
0.0855268 0.00364326 2.42024e-08
0.0855666 0.00364326 2.08156e-08
0.0856064 0.00364326 2.42596e-08
0.0856461 0.00364326 2.07813e-08
0.0856859 0.00364327 2.38636e-08
0.0857256 0.00364327 2.0599e-08
0.0857654 0.00364327 2.301e-08
0.0858052 0.00364327 2.01863e-08
0.0858449 0.00364327 2.297e-08
0.0858847 0.00364327 2.07954e-08
0.0859245 0.00364327 2.17958e-08
0.0859642 0.00364327 2.08639e-08
0.086004 0.00364327 2.17182e-08
0.0860437 0.00364327 2.19213e-08
0.0860835 0.00364327 2.16221e-08
0.0861233 0.00364328 2.1674e-08
0.086163 0.00364328 2.08399e-08
0.0862028 0.00364328 2.23149e-08
0.0862425 0.00364327 2.09498e-08
0.0862823 0.00364328 2.22648e-08
0.0863221 0.00364328 2.01333e-08
0.0863618 0.00364328 2.33821e-08
0.0864016 0.00364328 1.92499e-08
0.0864414 0.00364328 2.37525e-08
0.0864811 0.00364328 1.90982e-08
0.0865209 0.00364328 2.42443e-08
0.0865606 0.00364328 1.85444e-08
0.0866004 0.00364329 2.48742e-08
0.0866402 0.00364329 1.81926e-08
0.0866799 0.00364329 2.47621e-08
0.0867197 0.00364329 1.8109e-08
0.0867594 0.00364329 2.5333e-08
0.0867992 0.0036433 1.73942e-08
0.086839 0.0036433 2.5459e-08
0.0868787 0.0036433 1.7253e-08
0.0869185 0.0036433 2.59001e-08
0.0869583 0.00364331 1.72335e-08
0.086998 0.00364331 2.63841e-08
0.0870378 0.00364331 1.70024e-08
0.0870775 0.00364332 2.57898e-08
0.0871173 0.00364332 1.67534e-08
0.0871571 0.00364332 2.63815e-08
0.0871968 0.00364332 1.63752e-08
0.0872366 0.00364333 2.73488e-08
0.0872763 0.00364333 1.67127e-08
0.0873161 0.00364334 2.71079e-08
0.0873559 0.00364334 1.62998e-08
0.0873956 0.00364334 2.72378e-08
0.0874354 0.00364334 1.6665e-08
0.0874752 0.00364334 2.72018e-08
0.0875149 0.00364335 1.64335e-08
0.0875547 0.00364335 2.76513e-08
0.0875944 0.00364336 1.72816e-08
0.0876342 0.00364336 2.72857e-08
0.087674 0.00364337 1.64534e-08
0.0877137 0.00364337 2.72153e-08
0.0877535 0.00364338 1.65498e-08
0.0877932 0.00364338 2.74068e-08
0.087833 0.00364338 1.67934e-08
0.0878728 0.00364339 2.71285e-08
0.0879125 0.00364339 1.69077e-08
0.0879523 0.0036434 2.73518e-08
0.087992 0.0036434 1.70261e-08
0.0880318 0.00364341 2.68083e-08
0.0880716 0.00364341 1.71268e-08
0.0881113 0.00364342 2.66344e-08
0.0881511 0.00364342 1.71658e-08
0.0881909 0.00364343 2.65645e-08
0.0882306 0.00364343 1.72868e-08
0.0882704 0.00364344 2.60505e-08
0.0883101 0.00364344 1.73898e-08
0.0883499 0.00364345 2.65585e-08
0.0883897 0.00364345 1.73582e-08
0.0884294 0.00364345 2.58232e-08
0.0884692 0.00364346 1.75077e-08
0.0885089 0.00364347 2.60688e-08
0.0885487 0.00364347 1.77221e-08
0.0885885 0.00364348 2.55489e-08
0.0886282 0.00364348 1.78943e-08
0.088668 0.00364348 2.56728e-08
0.0887078 0.00364349 1.81021e-08
0.0887475 0.00364349 2.53527e-08
0.0887873 0.00364349 1.81186e-08
0.088827 0.0036435 2.50887e-08
0.0888668 0.0036435 1.83081e-08
0.0889066 0.0036435 2.5017e-08
0.0889463 0.0036435 1.8275e-08
0.0889861 0.0036435 2.46492e-08
0.0890258 0.00364351 1.87015e-08
0.0890656 0.00364351 2.55113e-08
0.0891054 0.00364352 1.84803e-08
0.0891451 0.00364352 2.5023e-08
0.0891849 0.00364352 1.86925e-08
0.0892247 0.00364352 2.433e-08
0.0892644 0.00364352 1.89635e-08
0.0893042 0.00364353 2.46303e-08
0.0893439 0.00364352 1.83566e-08
0.0893837 0.00364353 2.41454e-08
0.0894235 0.00364353 1.86156e-08
0.0894632 0.00364353 2.42411e-08
0.089503 0.00364353 1.8848e-08
0.0895427 0.00364353 2.45318e-08
0.0895825 0.00364354 1.8846e-08
0.0896223 0.00364354 2.40242e-08
0.089662 0.00364354 1.88357e-08
0.0897018 0.00364354 2.45836e-08
0.0897416 0.00364354 1.8754e-08
0.0897813 0.00364354 2.43781e-08
0.0898211 0.00364354 1.83583e-08
0.0898608 0.00364355 2.41251e-08
0.0899006 0.00364354 1.86946e-08
0.0899404 0.00364355 2.3833e-08
0.0899801 0.00364354 1.87566e-08
0.0900199 0.00364355 2.4382e-08
0.0900596 0.00364355 1.82832e-08
0.0900994 0.00364355 2.45474e-08
0.0901392 0.00364355 1.83161e-08
0.0901789 0.00364355 2.45721e-08
0.0902187 0.00364355 1.84801e-08
0.0902585 0.00364355 2.5022e-08
0.0902982 0.00364355 1.82526e-08
0.090338 0.00364355 2.43057e-08
0.0903777 0.00364356 1.83169e-08
0.0904175 0.00364356 2.50177e-08
0.0904573 0.00364356 1.79944e-08
0.090497 0.00364356 2.51249e-08
0.0905368 0.00364356 1.78319e-08
0.0905765 0.00364356 2.55689e-08
0.0906163 0.00364356 1.78543e-08
0.0906561 0.00364357 2.49919e-08
0.0906958 0.00364357 1.75431e-08
0.0907356 0.00364357 2.52268e-08
0.0907753 0.00364357 1.76012e-08
0.0908151 0.00364357 2.53951e-08
0.0908549 0.00364357 1.76538e-08
0.0908946 0.00364357 2.52494e-08
0.0909344 0.00364357 1.76743e-08
0.0909742 0.00364358 2.53632e-08
0.0910139 0.00364358 1.74061e-08
0.0910537 0.00364358 2.53028e-08
0.0910934 0.00364358 1.77661e-08
0.0911332 0.00364359 2.53004e-08
0.091173 0.00364359 1.7897e-08
0.0912127 0.00364359 2.50532e-08
0.0912525 0.00364359 1.80667e-08
0.0912922 0.00364359 2.49726e-08
0.091332 0.0036436 1.79365e-08
0.0913718 0.0036436 2.49556e-08
0.0914115 0.0036436 1.82656e-08
0.0914513 0.00364361 2.44429e-08
0.0914911 0.00364361 1.85582e-08
0.0915308 0.00364361 2.45214e-08
0.0915706 0.00364361 1.84975e-08
0.0916103 0.00364362 2.43876e-08
0.0916501 0.00364362 1.88142e-08
0.0916899 0.00364362 2.44481e-08
0.0917296 0.00364362 1.89813e-08
0.0917694 0.00364363 2.38165e-08
0.0918091 0.00364363 1.93728e-08
0.0918489 0.00364363 2.35995e-08
0.0918887 0.00364363 1.92434e-08
0.0919284 0.00364364 2.3682e-08
0.0919682 0.00364364 1.95018e-08
0.092008 0.00364365 2.35323e-08
0.0920477 0.00364365 1.9482e-08
0.0920875 0.00364365 2.33156e-08
0.0921272 0.00364365 1.98844e-08
0.092167 0.00364366 2.30367e-08
0.0922068 0.00364366 1.99878e-08
0.0922465 0.00364366 2.28147e-08
0.0922863 0.00364367 2.04716e-08
0.092326 0.00364367 2.23647e-08
0.0923658 0.00364367 2.08035e-08
0.0924056 0.00364368 2.20274e-08
0.0924453 0.00364368 2.1156e-08
0.0924851 0.00364368 2.17336e-08
0.0925249 0.00364369 2.14054e-08
0.0925646 0.00364369 2.15081e-08
0.0926044 0.00364369 2.16391e-08
0.0926441 0.0036437 2.12749e-08
0.0926839 0.0036437 2.19212e-08
0.0927237 0.0036437 2.08454e-08
0.0927634 0.0036437 2.22863e-08
0.0928032 0.00364371 2.07427e-08
0.0928429 0.00364371 2.24271e-08
0.0928827 0.00364371 2.04686e-08
0.0929225 0.00364371 2.26761e-08
0.0929622 0.00364372 2.02685e-08
0.093002 0.00364372 2.29976e-08
0.0930418 0.00364372 1.98934e-08
0.0930815 0.00364372 2.31477e-08
0.0931213 0.00364373 1.94999e-08
0.093161 0.00364373 2.34336e-08
0.0932008 0.00364374 1.92595e-08
0.0932406 0.00364374 2.39113e-08
0.0932803 0.00364374 1.91722e-08
0.0933201 0.00364374 2.38588e-08
0.0933598 0.00364375 1.93236e-08
0.0933996 0.00364375 2.405e-08
0.0934394 0.00364375 1.91034e-08
0.0934791 0.00364375 2.38767e-08
0.0935189 0.00364375 1.90142e-08
0.0935586 0.00364375 2.40498e-08
0.0935984 0.00364376 1.87323e-08
0.0936382 0.00364376 2.4352e-08
0.0936779 0.00364376 1.86279e-08
0.0937177 0.00364377 2.43122e-08
0.0937575 0.00364377 1.84752e-08
0.0937972 0.00364377 2.46586e-08
0.093837 0.00364377 1.80596e-08
0.0938767 0.00364377 2.47371e-08
0.0939165 0.00364377 1.86468e-08
0.0939563 0.00364377 2.48566e-08
0.093996 0.00364377 1.82681e-08
0.0940358 0.00364377 2.43518e-08
0.0940755 0.00364377 1.87316e-08
0.0941153 0.00364377 2.4423e-08
0.0941551 0.00364378 1.84066e-08
0.0941948 0.00364378 2.46147e-08
0.0942346 0.00364378 1.84505e-08
0.0942744 0.00364378 2.46943e-08
0.0943141 0.00364378 1.84228e-08
0.0943539 0.00364378 2.42867e-08
0.0943936 0.00364378 1.8733e-08
0.0944334 0.00364378 2.45574e-08
0.0944732 0.00364378 1.86202e-08
0.0945129 0.00364378 2.42612e-08
0.0945527 0.00364379 1.89062e-08
0.0945924 0.00364379 2.45531e-08
0.0946322 0.00364379 1.86891e-08
0.094672 0.00364379 2.42201e-08
0.0947117 0.0036438 1.87881e-08
0.0947515 0.0036438 2.43972e-08
0.0947913 0.0036438 1.85088e-08
0.094831 0.0036438 2.43645e-08
0.0948708 0.0036438 1.86132e-08
0.0949105 0.0036438 2.44988e-08
0.0949503 0.0036438 1.88986e-08
0.0949901 0.0036438 2.41513e-08
0.0950298 0.00364381 1.88528e-08
0.0950696 0.0036438 2.41596e-08
0.0951093 0.00364381 1.93055e-08
0.0951491 0.00364381 2.37231e-08
0.0951889 0.00364381 1.97768e-08
0.0952286 0.00364382 2.38124e-08
0.0952684 0.00364382 1.91786e-08
0.0953082 0.00364382 2.36806e-08
0.0953479 0.00364382 1.92826e-08
0.0953877 0.00364382 2.37631e-08
0.0954274 0.00364383 1.9321e-08
0.0954672 0.00364383 2.3928e-08
0.095507 0.00364383 1.94022e-08
0.0955467 0.00364383 2.34473e-08
0.0955865 0.00364383 1.94653e-08
0.0956262 0.00364383 2.36755e-08
0.095666 0.00364384 1.95754e-08
0.0957058 0.00364384 2.33536e-08
0.0957455 0.00364384 1.97711e-08
0.0957853 0.00364384 2.33773e-08
0.0958251 0.00364385 1.94152e-08
0.0958648 0.00364385 2.40338e-08
0.0959046 0.00364385 1.90846e-08
0.0959443 0.00364385 2.34868e-08
0.0959841 0.00364386 1.94087e-08
0.0960239 0.00364386 2.35733e-08
0.0960636 0.00364387 1.95518e-08
0.0961034 0.00364387 2.34108e-08
0.0961431 0.00364387 1.9528e-08
0.0961829 0.00364388 2.39338e-08
0.0962227 0.00364388 1.89281e-08
0.0962624 0.00364388 2.42798e-08
0.0963022 0.00364389 1.91428e-08
0.0963419 0.00364389 2.39051e-08
0.0963817 0.00364389 1.93996e-08
0.0964215 0.00364389 2.3364e-08
0.0964612 0.00364389 1.95789e-08
0.096501 0.00364389 2.34268e-08
0.0965408 0.0036439 1.9854e-08
0.0965805 0.0036439 2.34692e-08
0.0966203 0.0036439 1.94768e-08
0.09666 0.00364391 2.36067e-08
0.0966998 0.00364391 1.94255e-08
0.0967396 0.00364391 2.38065e-08
0.0967793 0.00364391 1.94362e-08
0.0968191 0.00364392 2.36977e-08
0.0968588 0.00364392 1.92625e-08
0.0968986 0.00364392 2.37106e-08
0.0969384 0.00364393 1.93858e-08
0.0969781 0.00364393 2.37769e-08
0.0970179 0.00364393 1.92443e-08
0.0970577 0.00364393 2.36161e-08
0.0970974 0.00364394 1.94026e-08
0.0971372 0.00364394 2.35232e-08
0.0971769 0.00364394 1.91857e-08
0.0972167 0.00364394 2.39372e-08
0.0972565 0.00364395 1.93914e-08
0.0972962 0.00364395 2.3362e-08
0.097336 0.00364395 2.00425e-08
0.0973757 0.00364395 2.33751e-08
0.0974155 0.00364396 1.99399e-08
0.0974553 0.00364396 2.31386e-08
0.097495 0.00364396 1.94659e-08
0.0975348 0.00364396 2.35657e-08
0.0975746 0.00364397 1.92628e-08
0.0976143 0.00364397 2.33427e-08
0.0976541 0.00364397 1.98904e-08
0.0976938 0.00364397 2.30514e-08
0.0977336 0.00364397 1.98834e-08
0.0977734 0.00364397 2.35405e-08
0.0978131 0.00364397 1.9776e-08
0.0978529 0.00364397 2.2895e-08
0.0978926 0.00364398 2.05464e-08
0.0979324 0.00364398 2.27968e-08
0.0979722 0.00364399 2.01233e-08
0.0980119 0.00364398 2.26008e-08
0.0980517 0.00364399 2.026e-08
0.0980915 0.00364399 2.26305e-08
0.0981312 0.00364399 2.03688e-08
0.098171 0.003644 2.26649e-08
0.0982107 0.003644 2.07111e-08
0.0982505 0.003644 2.2358e-08
0.0982903 0.003644 2.0774e-08
0.09833 0.003644 2.26006e-08
0.0983698 0.00364401 2.0717e-08
0.0984095 0.00364401 2.23114e-08
0.0984493 0.00364401 2.10611e-08
0.0984891 0.00364401 2.17051e-08
0.0985288 0.00364401 2.17056e-08
0.0985686 0.00364401 2.12929e-08
0.0986084 0.00364401 2.15599e-08
0.0986481 0.00364401 2.10526e-08
0.0986879 0.00364402 2.2062e-08
0.0987276 0.00364402 2.09612e-08
0.0987674 0.00364403 2.2442e-08
0.0988072 0.00364403 2.12973e-08
0.0988469 0.00364403 2.1768e-08
0.0988867 0.00364403 2.10418e-08
0.0989264 0.00364403 2.20244e-08
0.0989662 0.00364403 2.07716e-08
0.099006 0.00364403 2.23435e-08
0.0990457 0.00364403 2.06088e-08
0.0990855 0.00364404 2.26823e-08
0.0991252 0.00364404 2.04356e-08
0.099165 0.00364404 2.27562e-08
0.0992048 0.00364404 2.02012e-08
0.0992445 0.00364404 2.25549e-08
0.0992843 0.00364404 2.04873e-08
0.0993241 0.00364404 2.25412e-08
0.0993638 0.00364404 1.99892e-08
0.0994036 0.00364405 2.31257e-08
0.0994433 0.00364405 1.98023e-08
0.0994831 0.00364405 2.31527e-08
0.0995229 0.00364405 1.97438e-08
0.0995626 0.00364405 2.35862e-08
0.0996024 0.00364405 1.98468e-08
0.0996421 0.00364406 2.35332e-08
0.0996819 0.00364406 1.91522e-08
0.0997217 0.00364406 2.39788e-08
0.0997614 0.00364406 1.93563e-08
0.0998012 0.00364406 2.43099e-08
0.099841 0.00364406 1.89381e-08
0.0998807 0.00364407 2.40483e-08
0.0999205 0.00364407 1.9015e-08
0.0999602 0.00364408 2.37453e-08
0.1 0.00364408 1.89773e-08
0.10004 0.00364408 2.38091e-08
0.10008 0.00364408 1.91536e-08
0.100119 0.00364408 2.3878e-08
0.100159 0.00364408 1.89082e-08
0.100199 0.00364409 2.4454e-08
0.100239 0.00364409 1.85181e-08
0.100278 0.00364409 2.42833e-08
0.100318 0.00364409 1.88452e-08
0.100358 0.00364409 2.42181e-08
0.100398 0.0036441 1.88869e-08
0.100437 0.0036441 2.42993e-08
0.100477 0.0036441 1.86633e-08
0.100517 0.00364411 2.42051e-08
0.100557 0.00364411 1.86033e-08
0.100596 0.00364411 2.44152e-08
0.100636 0.00364411 1.86547e-08
0.100676 0.00364411 2.44376e-08
0.100716 0.00364411 1.86541e-08
0.100755 0.00364412 2.46242e-08
0.100795 0.00364412 1.84322e-08
0.100835 0.00364412 2.47958e-08
0.100875 0.00364412 1.87183e-08
0.100915 0.00364413 2.39858e-08
0.100954 0.00364413 1.88217e-08
0.100994 0.00364413 2.39482e-08
0.101034 0.00364413 1.89811e-08
0.101074 0.00364414 2.43375e-08
0.101113 0.00364414 1.86546e-08
0.101153 0.00364414 2.42217e-08
0.101193 0.00364414 1.88799e-08
0.101233 0.00364415 2.38778e-08
0.101272 0.00364415 1.9001e-08
0.101312 0.00364415 2.40641e-08
0.101352 0.00364415 1.87969e-08
0.101392 0.00364415 2.47141e-08
0.101431 0.00364415 1.87092e-08
0.101471 0.00364415 2.40814e-08
0.101511 0.00364415 1.92007e-08
0.101551 0.00364416 2.43352e-08
0.10159 0.00364416 1.8682e-08
0.10163 0.00364416 2.43907e-08
0.10167 0.00364416 1.87931e-08
0.10171 0.00364416 2.49746e-08
0.10175 0.00364416 1.88192e-08
0.101789 0.00364416 2.42623e-08
0.101829 0.00364416 1.8759e-08
0.101869 0.00364417 2.43729e-08
0.101909 0.00364417 1.86724e-08
0.101948 0.00364417 2.44921e-08
0.101988 0.00364417 1.86274e-08
0.102028 0.00364417 2.41325e-08
0.102068 0.00364417 1.87849e-08
0.102107 0.00364417 2.43194e-08
0.102147 0.00364418 1.89453e-08
0.102187 0.00364418 2.39662e-08
0.102227 0.00364418 1.92589e-08
0.102266 0.00364418 2.36241e-08
0.102306 0.00364418 1.91644e-08
0.102346 0.00364418 2.42144e-08
0.102386 0.00364419 1.86305e-08
0.102425 0.00364419 2.4603e-08
0.102465 0.00364419 1.87859e-08
0.102505 0.00364419 2.45001e-08
0.102545 0.00364419 1.83421e-08
0.102584 0.00364419 2.42033e-08
0.102624 0.00364419 1.88393e-08
0.102664 0.0036442 2.43387e-08
0.102704 0.0036442 1.9144e-08
0.102744 0.0036442 2.39459e-08
0.102783 0.0036442 1.91162e-08
0.102823 0.0036442 2.39851e-08
0.102863 0.0036442 1.90814e-08
0.102903 0.00364421 2.41532e-08
0.102942 0.00364421 1.89664e-08
0.102982 0.00364421 2.39661e-08
0.103022 0.00364421 1.92904e-08
0.103062 0.00364421 2.38818e-08
0.103101 0.00364421 1.92246e-08
0.103141 0.00364422 2.36689e-08
0.103181 0.00364422 1.95526e-08
0.103221 0.00364422 2.35708e-08
0.10326 0.00364422 1.93118e-08
0.1033 0.00364422 2.37478e-08
0.10334 0.00364422 1.921e-08
0.10338 0.00364422 2.38179e-08
0.103419 0.00364422 1.91348e-08
0.103459 0.00364422 2.39412e-08
0.103499 0.00364422 1.91139e-08
0.103539 0.00364423 2.38951e-08
0.103579 0.00364423 1.91294e-08
0.103618 0.00364423 2.38119e-08
0.103658 0.00364423 1.93663e-08
0.103698 0.00364423 2.35447e-08
0.103738 0.00364423 1.93753e-08
0.103777 0.00364423 2.36072e-08
0.103817 0.00364423 1.95334e-08
0.103857 0.00364423 2.35321e-08
0.103897 0.00364424 1.93933e-08
0.103936 0.00364424 2.35857e-08
0.103976 0.00364424 1.946e-08
0.104016 0.00364424 2.34394e-08
0.104056 0.00364424 1.9635e-08
0.104095 0.00364424 2.33785e-08
0.104135 0.00364424 1.97187e-08
0.104175 0.00364425 2.32681e-08
0.104215 0.00364425 1.98604e-08
0.104254 0.00364425 2.30867e-08
0.104294 0.00364425 2.00159e-08
0.104334 0.00364425 2.28809e-08
0.104374 0.00364425 2.01572e-08
0.104414 0.00364425 2.29062e-08
0.104453 0.00364425 2.01509e-08
0.104493 0.00364426 2.28689e-08
0.104533 0.00364426 1.99378e-08
0.104573 0.00364426 2.2945e-08
0.104612 0.00364426 2.02005e-08
0.104652 0.00364426 2.27537e-08
0.104692 0.00364426 2.02657e-08
0.104732 0.00364426 2.26621e-08
0.104771 0.00364426 2.04979e-08
0.104811 0.00364427 2.24515e-08
0.104851 0.00364427 2.04835e-08
0.104891 0.00364427 2.25464e-08
0.10493 0.00364427 2.05536e-08
0.10497 0.00364427 2.24379e-08
0.10501 0.00364427 2.05355e-08
0.10505 0.00364427 2.21761e-08
0.105089 0.00364428 2.08132e-08
0.105129 0.00364428 2.20628e-08
0.105169 0.00364428 2.12509e-08
0.105209 0.00364428 2.19091e-08
0.105249 0.00364428 2.12417e-08
0.105288 0.00364428 2.16716e-08
0.105328 0.00364428 2.1402e-08
0.105368 0.00364428 2.16185e-08
0.105408 0.00364428 2.14877e-08
0.105447 0.00364429 2.15192e-08
0.105487 0.00364429 2.16085e-08
0.105527 0.00364429 2.13762e-08
0.105567 0.00364429 2.17209e-08
0.105606 0.00364429 2.1267e-08
0.105646 0.00364429 2.18482e-08
0.105686 0.00364429 2.1067e-08
0.105726 0.00364429 2.1778e-08
0.105765 0.00364429 2.07769e-08
0.105805 0.0036443 2.2167e-08
0.105845 0.0036443 2.09678e-08
0.105885 0.0036443 2.2305e-08
0.105924 0.0036443 2.08582e-08
0.105964 0.0036443 2.23306e-08
0.106004 0.0036443 2.07141e-08
0.106044 0.0036443 2.24251e-08
0.106084 0.00364431 2.0442e-08
0.106123 0.00364431 2.25952e-08
0.106163 0.00364431 2.05463e-08
0.106203 0.00364431 2.24515e-08
0.106243 0.00364431 2.05627e-08
0.106282 0.00364431 2.25339e-08
0.106322 0.00364432 2.04601e-08
0.106362 0.00364432 2.26462e-08
0.106402 0.00364432 2.03538e-08
0.106441 0.00364432 2.26353e-08
0.106481 0.00364433 2.03416e-08
0.106521 0.00364433 2.2822e-08
0.106561 0.00364433 2.0148e-08
0.1066 0.00364433 2.29108e-08
0.10664 0.00364433 2.01459e-08
0.10668 0.00364433 2.29404e-08
0.10672 0.00364434 2.00393e-08
0.106759 0.00364434 2.30039e-08
0.106799 0.00364434 2.01273e-08
0.106839 0.00364434 2.29368e-08
0.106879 0.00364434 1.99487e-08
0.106918 0.00364434 2.30478e-08
0.106958 0.00364435 1.96857e-08
0.106998 0.00364435 2.31307e-08
0.107038 0.00364435 1.97036e-08
0.107078 0.00364435 2.32191e-08
0.107117 0.00364435 1.95178e-08
0.107157 0.00364435 2.31266e-08
0.107197 0.00364435 1.95733e-08
0.107237 0.00364435 2.30963e-08
0.107276 0.00364436 1.99658e-08
0.107316 0.00364436 2.30455e-08
0.107356 0.00364436 1.96726e-08
0.107396 0.00364436 2.32802e-08
0.107435 0.00364436 1.95016e-08
0.107475 0.00364436 2.34423e-08
0.107515 0.00364436 1.97724e-08
0.107555 0.00364437 2.32112e-08
0.107594 0.00364437 2.02842e-08
0.107634 0.00364437 2.31304e-08
0.107674 0.00364437 1.95058e-08
0.107714 0.00364437 2.34932e-08
0.107753 0.00364437 1.96486e-08
0.107793 0.00364437 2.33955e-08
0.107833 0.00364438 1.98453e-08
0.107873 0.00364438 2.33185e-08
0.107913 0.00364438 1.97016e-08
0.107952 0.00364438 2.34472e-08
0.107992 0.00364438 1.96269e-08
0.108032 0.00364438 2.34237e-08
0.108072 0.00364439 1.96785e-08
0.108111 0.00364439 2.34222e-08
0.108151 0.00364439 1.96798e-08
0.108191 0.00364439 2.33079e-08
0.108231 0.00364439 1.97546e-08
0.10827 0.00364439 2.32901e-08
0.10831 0.00364439 1.98561e-08
0.10835 0.00364439 2.31521e-08
0.10839 0.00364439 1.96164e-08
0.108429 0.0036444 2.32779e-08
0.108469 0.0036444 1.98395e-08
0.108509 0.0036444 2.34062e-08
0.108549 0.0036444 1.96531e-08
0.108588 0.0036444 2.32892e-08
0.108628 0.00364441 1.96919e-08
0.108668 0.00364441 2.35474e-08
0.108708 0.00364441 1.95594e-08
0.108748 0.00364441 2.32244e-08
0.108787 0.00364441 2.00326e-08
0.108827 0.00364441 2.29906e-08
0.108867 0.00364441 1.99712e-08
0.108907 0.00364441 2.3034e-08
0.108946 0.00364442 1.99667e-08
0.108986 0.00364442 2.30935e-08
0.109026 0.00364442 1.99409e-08
0.109066 0.00364442 2.31249e-08
0.109105 0.00364443 1.99387e-08
0.109145 0.00364443 2.31822e-08
0.109185 0.00364443 1.97158e-08
0.109225 0.00364443 2.33355e-08
0.109264 0.00364443 1.95964e-08
0.109304 0.00364443 2.32981e-08
0.109344 0.00364444 1.99294e-08
0.109384 0.00364444 2.30603e-08
0.109423 0.00364444 1.99304e-08
0.109463 0.00364444 2.3084e-08
0.109503 0.00364444 2.01075e-08
0.109543 0.00364444 2.28746e-08
0.109583 0.00364445 2.01737e-08
0.109622 0.00364445 2.29235e-08
0.109662 0.00364445 2.00456e-08
0.109702 0.00364445 2.3164e-08
0.109742 0.00364445 1.99432e-08
0.109781 0.00364445 2.30392e-08
0.109821 0.00364446 2.00346e-08
0.109861 0.00364446 2.29909e-08
0.109901 0.00364446 2.01075e-08
0.10994 0.00364446 2.28393e-08
0.10998 0.00364446 2.02234e-08
0.11002 0.00364446 2.28429e-08
0.11006 0.00364446 2.02501e-08
0.110099 0.00364446 2.27253e-08
0.110139 0.00364447 2.04842e-08
0.110179 0.00364447 2.24414e-08
0.110219 0.00364447 2.05293e-08
0.110258 0.00364447 2.25055e-08
0.110298 0.00364447 2.06239e-08
0.110338 0.00364447 2.24031e-08
0.110378 0.00364448 2.06687e-08
0.110417 0.00364448 2.22668e-08
0.110457 0.00364448 2.06966e-08
0.110497 0.00364448 2.2302e-08
0.110537 0.00364448 2.07299e-08
0.110577 0.00364448 2.22541e-08
0.110616 0.00364448 2.07524e-08
0.110656 0.00364449 2.22127e-08
0.110696 0.00364449 2.09422e-08
0.110736 0.00364449 2.22024e-08
0.110775 0.00364449 2.09546e-08
0.110815 0.00364449 2.19902e-08
0.110855 0.0036445 2.11126e-08
0.110895 0.0036445 2.17777e-08
0.110934 0.0036445 2.1254e-08
0.110974 0.0036445 2.18305e-08
0.111014 0.0036445 2.11533e-08
0.111054 0.0036445 2.18487e-08
0.111093 0.0036445 2.12776e-08
0.111133 0.00364451 2.17163e-08
0.111173 0.00364451 2.13873e-08
0.111213 0.00364451 2.16222e-08
0.111252 0.00364451 2.1472e-08
0.111292 0.00364451 2.16675e-08
0.111332 0.00364451 2.15327e-08
0.111372 0.00364451 2.15002e-08
0.111412 0.00364452 2.15601e-08
0.111451 0.00364452 2.14555e-08
0.111491 0.00364452 2.16482e-08
0.111531 0.00364452 2.13749e-08
0.111571 0.00364452 2.17564e-08
0.11161 0.00364452 2.12612e-08
0.11165 0.00364453 2.17679e-08
0.11169 0.00364453 2.1263e-08
0.11173 0.00364453 2.18208e-08
0.111769 0.00364453 2.11854e-08
0.111809 0.00364453 2.1862e-08
0.111849 0.00364453 2.11101e-08
0.111889 0.00364453 2.20286e-08
0.111928 0.00364453 2.08688e-08
0.111968 0.00364453 2.22932e-08
0.112008 0.00364453 2.09108e-08
0.112048 0.00364453 2.23632e-08
0.112087 0.00364453 2.07711e-08
0.112127 0.00364454 2.25181e-08
0.112167 0.00364454 2.05452e-08
0.112207 0.00364454 2.25481e-08
0.112247 0.00364454 2.0477e-08
0.112286 0.00364454 2.24831e-08
0.112326 0.00364454 2.04347e-08
0.112366 0.00364454 2.25492e-08
0.112406 0.00364454 2.04603e-08
0.112445 0.00364455 2.26589e-08
0.112485 0.00364455 2.0326e-08
0.112525 0.00364455 2.27202e-08
0.112565 0.00364455 1.98157e-08
0.112604 0.00364455 2.29025e-08
0.112644 0.00364455 2.02053e-08
0.112684 0.00364456 2.28165e-08
0.112724 0.00364456 2.03568e-08
0.112763 0.00364456 2.28169e-08
0.112803 0.00364456 2.01568e-08
0.112843 0.00364456 2.29392e-08
0.112883 0.00364456 2.02512e-08
0.112922 0.00364456 2.30152e-08
0.112962 0.00364456 2.00968e-08
0.113002 0.00364457 2.30153e-08
0.113042 0.00364457 2.00799e-08
0.113082 0.00364457 2.32122e-08
0.113121 0.00364457 1.99881e-08
0.113161 0.00364457 2.33153e-08
0.113201 0.00364457 1.99803e-08
0.113241 0.00364458 2.32729e-08
0.11328 0.00364458 1.95423e-08
0.11332 0.00364458 2.33718e-08
0.11336 0.00364458 1.97328e-08
0.1134 0.00364458 2.32255e-08
0.113439 0.00364458 1.98115e-08
0.113479 0.00364458 2.33364e-08
0.113519 0.00364458 1.97005e-08
0.113559 0.00364459 2.33798e-08
0.113598 0.00364459 1.97653e-08
0.113638 0.00364459 2.31192e-08
0.113678 0.00364459 1.98541e-08
0.113718 0.00364459 2.33671e-08
0.113757 0.00364459 1.98822e-08
0.113797 0.0036446 2.33184e-08
0.113837 0.0036446 1.97133e-08
0.113877 0.0036446 2.34044e-08
0.113917 0.0036446 1.96713e-08
0.113956 0.0036446 2.33302e-08
0.113996 0.0036446 1.94027e-08
0.114036 0.0036446 2.33169e-08
0.114076 0.0036446 1.97912e-08
0.114115 0.0036446 2.33546e-08
0.114155 0.00364461 1.96533e-08
0.114195 0.00364461 2.34065e-08
0.114235 0.00364461 1.91786e-08
0.114274 0.00364461 2.34102e-08
0.114314 0.00364461 2.01034e-08
0.114354 0.00364462 2.31075e-08
0.114394 0.00364462 1.98948e-08
0.114433 0.00364462 2.31421e-08
0.114473 0.00364462 1.97436e-08
0.114513 0.00364462 2.36335e-08
0.114553 0.00364462 1.93649e-08
0.114592 0.00364462 2.37066e-08
0.114632 0.00364462 1.9177e-08
0.114672 0.00364462 2.36514e-08
0.114712 0.00364462 1.91556e-08
0.114751 0.00364462 2.41517e-08
0.114791 0.00364463 1.92842e-08
0.114831 0.00364463 2.33283e-08
0.114871 0.00364463 1.96889e-08
0.114911 0.00364463 2.32281e-08
0.11495 0.00364463 1.96279e-08
0.11499 0.00364463 2.34422e-08
0.11503 0.00364463 1.99167e-08
0.11507 0.00364463 2.33245e-08
0.115109 0.00364463 1.97751e-08
0.115149 0.00364463 2.34362e-08
0.115189 0.00364463 1.94307e-08
0.115229 0.00364464 2.37009e-08
0.115268 0.00364464 1.9371e-08
0.115308 0.00364464 2.34842e-08
0.115348 0.00364464 1.97522e-08
0.115388 0.00364464 2.31811e-08
0.115427 0.00364464 1.96675e-08
0.115467 0.00364464 2.33174e-08
0.115507 0.00364464 1.97638e-08
0.115547 0.00364464 2.3069e-08
0.115586 0.00364464 1.96696e-08
0.115626 0.00364464 2.34323e-08
0.115666 0.00364464 1.95297e-08
0.115706 0.00364465 2.35279e-08
0.115746 0.00364465 1.9485e-08
0.115785 0.00364465 2.33355e-08
0.115825 0.00364465 1.98228e-08
0.115865 0.00364465 2.33406e-08
0.115905 0.00364465 2.01282e-08
0.115944 0.00364465 2.34616e-08
0.115984 0.00364465 1.97183e-08
0.116024 0.00364465 2.31911e-08
0.116064 0.00364465 2.00748e-08
0.116103 0.00364466 2.30316e-08
0.116143 0.00364466 1.99269e-08
0.116183 0.00364466 2.30999e-08
0.116223 0.00364466 1.98807e-08
0.116262 0.00364466 2.31838e-08
0.116302 0.00364466 2.0354e-08
0.116342 0.00364466 2.32604e-08
0.116382 0.00364466 2.04161e-08
0.116421 0.00364467 2.29197e-08
0.116461 0.00364467 1.99941e-08
0.116501 0.00364467 2.24572e-08
0.116541 0.00364467 2.06027e-08
0.116581 0.00364467 2.28748e-08
0.11662 0.00364467 2.00781e-08
0.11666 0.00364468 2.29746e-08
0.1167 0.00364468 2.02637e-08
0.11674 0.00364468 2.26838e-08
0.116779 0.00364468 2.04199e-08
0.116819 0.00364468 2.27435e-08
0.116859 0.00364468 2.03121e-08
0.116899 0.00364469 2.25799e-08
0.116938 0.00364468 2.04798e-08
0.116978 0.00364469 2.26836e-08
0.117018 0.00364468 2.03766e-08
0.117058 0.00364469 2.29991e-08
0.117097 0.00364469 2.01512e-08
0.117137 0.00364469 2.28409e-08
0.117177 0.00364469 2.04926e-08
0.117217 0.00364469 2.25358e-08
0.117256 0.00364469 2.07871e-08
0.117296 0.0036447 2.243e-08
0.117336 0.0036447 2.09012e-08
0.117376 0.0036447 2.19884e-08
0.117416 0.0036447 2.11222e-08
0.117455 0.0036447 2.19409e-08
0.117495 0.0036447 2.10478e-08
0.117535 0.0036447 2.18925e-08
0.117575 0.0036447 2.10595e-08
0.117614 0.00364471 2.21137e-08
0.117654 0.00364471 2.0928e-08
0.117694 0.00364471 2.21041e-08
0.117734 0.00364471 2.08688e-08
0.117773 0.00364471 2.20198e-08
0.117813 0.00364471 2.1224e-08
0.117853 0.00364472 2.17327e-08
0.117893 0.00364472 2.1398e-08
0.117932 0.00364472 2.16339e-08
0.117972 0.00364472 2.18464e-08
0.118012 0.00364472 2.17227e-08
0.118052 0.00364472 2.15428e-08
0.118091 0.00364472 2.16362e-08
0.118131 0.00364472 2.14667e-08
0.118171 0.00364473 2.16891e-08
0.118211 0.00364473 2.14355e-08
0.11825 0.00364473 2.14812e-08
0.11829 0.00364473 2.15109e-08
0.11833 0.00364473 2.14198e-08
0.11837 0.00364473 2.15313e-08
0.11841 0.00364473 2.13408e-08
0.118449 0.00364473 2.16896e-08
0.118489 0.00364474 2.11361e-08
0.118529 0.00364474 2.18353e-08
0.118569 0.00364474 2.10668e-08
0.118608 0.00364474 2.20676e-08
0.118648 0.00364474 2.10699e-08
0.118688 0.00364474 2.19442e-08
0.118728 0.00364474 2.10617e-08
0.118767 0.00364474 2.20166e-08
0.118807 0.00364474 2.10708e-08
0.118847 0.00364475 2.19245e-08
0.118887 0.00364475 2.10502e-08
0.118926 0.00364475 2.20399e-08
0.118966 0.00364475 2.10057e-08
0.119006 0.00364475 2.20926e-08
0.119046 0.00364475 2.09515e-08
0.119085 0.00364475 2.21206e-08
0.119125 0.00364475 2.09275e-08
0.119165 0.00364475 2.21412e-08
0.119205 0.00364476 2.08682e-08
0.119245 0.00364476 2.2197e-08
0.119284 0.00364476 2.09176e-08
0.119324 0.00364476 2.21197e-08
0.119364 0.00364476 2.0815e-08
0.119404 0.00364476 2.23185e-08
0.119443 0.00364476 2.07205e-08
0.119483 0.00364476 2.2557e-08
0.119523 0.00364476 2.06701e-08
0.119563 0.00364476 2.23018e-08
0.119602 0.00364477 2.07375e-08
0.119642 0.00364476 2.20858e-08
0.119682 0.00364477 2.06954e-08
0.119722 0.00364477 2.22487e-08
0.119761 0.00364477 2.05099e-08
0.119801 0.00364477 2.24742e-08
0.119841 0.00364477 2.03023e-08
0.119881 0.00364477 2.25121e-08
0.11992 0.00364478 2.0423e-08
0.11996 0.00364478 2.26432e-08
0.12 0.00364478 2.04439e-08
0.12004 0.00364478 2.25288e-08
0.12008 0.00364478 2.05721e-08
0.120119 0.00364478 2.24971e-08
0.120159 0.00364478 2.05443e-08
0.120199 0.00364478 2.24929e-08
0.120239 0.00364478 2.06101e-08
0.120278 0.00364478 2.2592e-08
0.120318 0.00364478 2.04327e-08
0.120358 0.00364478 2.27898e-08
0.120398 0.00364479 2.02415e-08
0.120437 0.00364479 2.28475e-08
0.120477 0.00364479 2.0217e-08
0.120517 0.00364479 2.28896e-08
0.120557 0.00364479 2.03261e-08
0.120596 0.00364479 2.26463e-08
0.120636 0.00364479 2.0527e-08
0.120676 0.00364479 2.23752e-08
0.120716 0.00364479 2.07703e-08
0.120755 0.00364479 2.22924e-08
0.120795 0.00364479 2.03595e-08
0.120835 0.00364479 2.24327e-08
0.120875 0.00364479 2.02705e-08
0.120915 0.00364479 2.26792e-08
0.120954 0.0036448 2.04215e-08
0.120994 0.0036448 2.26046e-08
0.121034 0.0036448 2.05074e-08
0.121074 0.0036448 2.24117e-08
0.121113 0.0036448 2.04375e-08
0.121153 0.0036448 2.24043e-08
0.121193 0.0036448 2.03775e-08
0.121233 0.0036448 2.2423e-08
0.121272 0.0036448 2.0351e-08
0.121312 0.0036448 2.25065e-08
0.121352 0.00364481 2.05385e-08
0.121392 0.00364481 2.27507e-08
0.121431 0.00364481 2.07231e-08
0.121471 0.00364481 2.22901e-08
0.121511 0.0036448 2.06311e-08
0.121551 0.00364481 2.25939e-08
0.12159 0.00364481 2.10215e-08
0.12163 0.00364481 2.24818e-08
0.12167 0.00364481 2.09148e-08
0.12171 0.00364481 2.24938e-08
0.12175 0.00364481 2.07478e-08
0.121789 0.00364481 2.23492e-08
0.121829 0.00364481 2.06432e-08
0.121869 0.00364481 2.26996e-08
0.121909 0.00364481 2.05455e-08
0.121948 0.00364481 2.23356e-08
0.121988 0.00364482 2.06276e-08
0.122028 0.00364482 2.25458e-08
0.122068 0.00364482 2.0446e-08
0.122107 0.00364482 2.26367e-08
0.122147 0.00364482 2.04181e-08
0.122187 0.00364482 2.27015e-08
0.122227 0.00364482 2.02721e-08
0.122266 0.00364482 2.27479e-08
0.122306 0.00364482 2.04142e-08
0.122346 0.00364482 2.23719e-08
0.122386 0.00364482 2.05445e-08
0.122425 0.00364482 2.23472e-08
0.122465 0.00364483 2.0859e-08
0.122505 0.00364482 2.21246e-08
0.122545 0.00364483 2.0977e-08
0.122584 0.00364483 2.20836e-08
0.122624 0.00364483 2.09378e-08
0.122664 0.00364483 2.21644e-08
0.122704 0.00364483 2.07507e-08
0.122744 0.00364483 2.22695e-08
0.122783 0.00364483 2.0746e-08
0.122823 0.00364483 2.22207e-08
0.122863 0.00364483 2.10018e-08
0.122903 0.00364483 2.18819e-08
0.122942 0.00364484 2.11083e-08
0.122982 0.00364484 2.20326e-08
0.123022 0.00364484 2.10271e-08
0.123062 0.00364484 2.20067e-08
0.123101 0.00364484 2.10281e-08
0.123141 0.00364484 2.19952e-08
0.123181 0.00364484 2.1104e-08
0.123221 0.00364484 2.19549e-08
0.12326 0.00364485 2.10956e-08
0.1233 0.00364485 2.19808e-08
0.12334 0.00364485 2.1085e-08
0.12338 0.00364485 2.19832e-08
0.123419 0.00364485 2.11019e-08
0.123459 0.00364485 2.17119e-08
0.123499 0.00364485 2.12404e-08
0.123539 0.00364485 2.18952e-08
0.123579 0.00364485 2.11625e-08
0.123618 0.00364485 2.18685e-08
0.123658 0.00364486 2.11356e-08
0.123698 0.00364486 2.17044e-08
0.123738 0.00364486 2.12806e-08
0.123777 0.00364486 2.17371e-08
0.123817 0.00364486 2.1412e-08
0.123857 0.00364486 2.15955e-08
0.123897 0.00364486 2.15014e-08
0.123936 0.00364486 2.1548e-08
0.123976 0.00364486 2.15868e-08
0.124016 0.00364486 2.1564e-08
0.124056 0.00364487 2.13345e-08
0.124095 0.00364486 2.16412e-08
0.124135 0.00364487 2.17415e-08
0.124175 0.00364487 2.12982e-08
0.124215 0.00364487 2.18652e-08
0.124254 0.00364487 2.16796e-08
0.124294 0.00364487 2.19147e-08
0.124334 0.00364487 2.15012e-08
0.124374 0.00364487 2.1903e-08
0.124414 0.00364488 2.15434e-08
0.124453 0.00364488 2.18821e-08
0.124493 0.00364488 2.13765e-08
0.124533 0.00364488 2.17523e-08
0.124573 0.00364488 2.12329e-08
0.124612 0.00364488 2.18918e-08
0.124652 0.00364488 2.11372e-08
0.124692 0.00364488 2.19083e-08
0.124732 0.00364488 2.10009e-08
0.124771 0.00364488 2.19139e-08
0.124811 0.00364488 2.09342e-08
0.124851 0.00364489 2.18103e-08
0.124891 0.00364489 2.1027e-08
0.12493 0.00364489 2.20442e-08
0.12497 0.00364489 2.10575e-08
0.12501 0.00364489 2.20452e-08
0.12505 0.00364489 2.09488e-08
0.125089 0.00364489 2.21777e-08
0.125129 0.00364489 2.08002e-08
0.125169 0.00364489 2.23207e-08
0.125209 0.00364489 2.06676e-08
0.125249 0.00364489 2.24053e-08
0.125288 0.00364489 2.06348e-08
0.125328 0.00364489 2.25537e-08
0.125368 0.00364489 2.05033e-08
0.125408 0.00364489 2.23293e-08
0.125447 0.00364489 2.05814e-08
0.125487 0.0036449 2.2405e-08
0.125527 0.00364489 2.03782e-08
0.125567 0.0036449 2.22222e-08
0.125606 0.0036449 2.0489e-08
0.125646 0.0036449 2.22221e-08
0.125686 0.0036449 2.04977e-08
0.125726 0.0036449 2.25152e-08
0.125765 0.0036449 2.05657e-08
0.125805 0.0036449 2.25532e-08
0.125845 0.0036449 2.03814e-08
0.125885 0.0036449 2.25369e-08
0.125924 0.0036449 2.04525e-08
0.125964 0.00364491 2.26723e-08
0.126004 0.00364491 2.06051e-08
0.126044 0.00364491 2.25752e-08
0.126084 0.00364491 2.03039e-08
0.126123 0.00364491 2.27686e-08
0.126163 0.00364491 2.03821e-08
0.126203 0.00364491 2.25713e-08
0.126243 0.00364491 2.02501e-08
0.126282 0.00364491 2.2668e-08
0.126322 0.00364491 2.04687e-08
0.126362 0.00364492 2.25487e-08
0.126402 0.00364492 2.04963e-08
0.126441 0.00364492 2.26997e-08
0.126481 0.00364492 2.03175e-08
0.126521 0.00364492 2.28145e-08
0.126561 0.00364492 2.02281e-08
0.1266 0.00364492 2.28952e-08
0.12664 0.00364492 2.01907e-08
0.12668 0.00364492 2.29135e-08
0.12672 0.00364492 2.02352e-08
0.126759 0.00364493 2.27356e-08
0.126799 0.00364493 2.05527e-08
0.126839 0.00364493 2.23635e-08
0.126879 0.00364493 2.06999e-08
0.126918 0.00364493 2.24153e-08
0.126958 0.00364493 2.0511e-08
0.126998 0.00364493 2.2494e-08
0.127038 0.00364493 2.04201e-08
0.127078 0.00364493 2.26936e-08
0.127117 0.00364493 1.99861e-08
0.127157 0.00364493 2.29352e-08
0.127197 0.00364493 1.97478e-08
0.127237 0.00364493 2.30971e-08
0.127276 0.00364493 2.02877e-08
0.127316 0.00364494 2.27243e-08
0.127356 0.00364493 2.0306e-08
0.127396 0.00364494 2.30679e-08
0.127435 0.00364494 1.99932e-08
0.127475 0.00364494 2.27315e-08
0.127515 0.00364494 2.03213e-08
0.127555 0.00364494 2.28235e-08
0.127594 0.00364494 2.02167e-08
0.127634 0.00364494 2.29675e-08
0.127674 0.00364494 2.01471e-08
0.127714 0.00364494 2.30294e-08
0.127753 0.00364494 2.02094e-08
0.127793 0.00364494 2.28481e-08
0.127833 0.00364494 2.02996e-08
0.127873 0.00364495 2.26307e-08
0.127913 0.00364495 2.02641e-08
0.127952 0.00364495 2.27727e-08
0.127992 0.00364495 2.02603e-08
0.128032 0.00364495 2.258e-08
0.128072 0.00364495 2.05073e-08
0.128111 0.00364495 2.26265e-08
0.128151 0.00364495 2.04844e-08
0.128191 0.00364495 2.26802e-08
0.128231 0.00364495 2.03262e-08
0.12827 0.00364495 2.2804e-08
0.12831 0.00364495 2.02602e-08
0.12835 0.00364495 2.29437e-08
0.12839 0.00364495 2.02904e-08
0.128429 0.00364496 2.29615e-08
0.128469 0.00364496 2.03501e-08
0.128509 0.00364496 2.27863e-08
0.128549 0.00364496 2.02255e-08
0.128588 0.00364496 2.27272e-08
0.128628 0.00364496 2.04353e-08
0.128668 0.00364496 2.25679e-08
0.128708 0.00364496 2.05878e-08
0.128748 0.00364496 2.23976e-08
0.128787 0.00364496 2.08195e-08
0.128827 0.00364496 2.2557e-08
0.128867 0.00364496 2.10438e-08
0.128907 0.00364496 2.26834e-08
0.128946 0.00364496 2.041e-08
0.128986 0.00364497 2.24159e-08
0.129026 0.00364497 2.05606e-08
0.129066 0.00364497 2.22394e-08
0.129105 0.00364497 2.07373e-08
0.129145 0.00364497 2.24167e-08
0.129185 0.00364497 2.04109e-08
0.129225 0.00364497 2.25834e-08
0.129264 0.00364497 2.05996e-08
0.129304 0.00364497 2.23518e-08
0.129344 0.00364497 2.06744e-08
0.129384 0.00364497 2.25273e-08
0.129423 0.00364497 2.05588e-08
0.129463 0.00364497 2.27057e-08
0.129503 0.00364497 2.03818e-08
0.129543 0.00364497 2.21988e-08
0.129583 0.00364497 2.09699e-08
0.129622 0.00364497 2.21452e-08
0.129662 0.00364497 2.09697e-08
0.129702 0.00364497 2.21115e-08
0.129742 0.00364497 2.10285e-08
0.129781 0.00364498 2.19648e-08
0.129821 0.00364497 2.11488e-08
0.129861 0.00364498 2.19194e-08
0.129901 0.00364498 2.11623e-08
0.12994 0.00364498 2.19216e-08
0.12998 0.00364498 2.1127e-08
0.13002 0.00364498 2.19488e-08
0.13006 0.00364498 2.11117e-08
0.130099 0.00364498 2.19796e-08
0.130139 0.00364498 2.10548e-08
0.130179 0.00364498 2.21879e-08
0.130219 0.00364498 2.0877e-08
0.130258 0.00364498 2.21953e-08
0.130298 0.00364498 2.0959e-08
0.130338 0.00364498 2.19676e-08
0.130378 0.00364498 2.09915e-08
0.130417 0.00364498 2.21068e-08
0.130457 0.00364498 2.1033e-08
0.130497 0.00364499 2.19604e-08
0.130537 0.00364498 2.11941e-08
0.130577 0.00364499 2.18419e-08
0.130616 0.00364499 2.12441e-08
0.130656 0.00364499 2.18378e-08
0.130696 0.00364499 2.12721e-08
0.130736 0.00364499 2.17477e-08
0.130775 0.00364499 2.13773e-08
0.130815 0.00364499 2.17907e-08
0.130855 0.00364499 2.13648e-08
0.130895 0.00364499 2.16267e-08
0.130934 0.00364499 2.15082e-08
0.130974 0.00364499 2.15501e-08
0.131014 0.00364499 2.15073e-08
0.131054 0.00364499 2.15788e-08
0.131093 0.00364499 2.14832e-08
0.131133 0.003645 2.15856e-08
0.131173 0.00364499 2.14936e-08
0.131213 0.003645 2.15614e-08
0.131252 0.003645 2.15319e-08
0.131292 0.003645 2.15087e-08
0.131332 0.003645 2.15951e-08
0.131372 0.003645 2.14416e-08
0.131412 0.003645 2.15425e-08
0.131451 0.003645 2.14261e-08
0.131491 0.003645 2.17252e-08
0.131531 0.003645 2.1104e-08
0.131571 0.003645 2.17583e-08
0.13161 0.003645 2.1354e-08
0.13165 0.003645 2.17088e-08
0.13169 0.003645 2.10876e-08
0.13173 0.003645 2.16818e-08
0.131769 0.003645 2.13966e-08
0.131809 0.003645 2.17314e-08
0.131849 0.003645 2.12589e-08
0.131889 0.003645 2.18634e-08
0.131928 0.00364501 2.11851e-08
0.131968 0.003645 2.19038e-08
0.132008 0.00364501 2.11535e-08
0.132048 0.00364501 2.19294e-08
0.132087 0.00364501 2.11299e-08
0.132127 0.00364501 2.18895e-08
0.132167 0.00364501 2.11414e-08
0.132207 0.00364501 2.19578e-08
0.132247 0.00364501 2.11002e-08
0.132286 0.00364501 2.19752e-08
0.132326 0.00364501 2.10913e-08
0.132366 0.00364501 2.21322e-08
0.132406 0.00364501 2.09815e-08
0.132445 0.00364501 2.20605e-08
0.132485 0.00364501 2.10758e-08
0.132525 0.00364501 2.20372e-08
0.132565 0.00364501 2.10558e-08
0.132604 0.00364501 2.2037e-08
0.132644 0.00364502 2.10192e-08
0.132684 0.00364502 2.20264e-08
0.132724 0.00364502 2.10254e-08
0.132763 0.00364502 2.21403e-08
0.132803 0.00364502 2.08769e-08
0.132843 0.00364502 2.21993e-08
0.132883 0.00364502 2.09054e-08
0.132922 0.00364502 2.21249e-08
0.132962 0.00364502 2.09993e-08
0.133002 0.00364502 2.21693e-08
0.133042 0.00364502 2.09091e-08
0.133082 0.00364502 2.21353e-08
0.133121 0.00364502 2.10006e-08
0.133161 0.00364502 2.20139e-08
0.133201 0.00364503 2.08669e-08
0.133241 0.00364502 2.21856e-08
0.13328 0.00364503 2.08495e-08
0.13332 0.00364502 2.22446e-08
0.13336 0.00364502 2.07229e-08
0.1334 0.00364502 2.20143e-08
0.133439 0.00364503 2.0966e-08
0.133479 0.00364503 2.21982e-08
0.133519 0.00364503 2.08124e-08
0.133559 0.00364503 2.22576e-08
0.133598 0.00364503 2.08226e-08
0.133638 0.00364503 2.21528e-08
0.133678 0.00364503 2.01759e-08
0.133718 0.00364503 2.22145e-08
0.133757 0.00364503 2.10707e-08
0.133797 0.00364503 2.19661e-08
0.133837 0.00364503 2.10603e-08
0.133877 0.00364503 2.20712e-08
0.133917 0.00364503 2.09205e-08
0.133956 0.00364503 2.21962e-08
0.133996 0.00364504 2.08705e-08
0.134036 0.00364504 2.22241e-08
0.134076 0.00364504 2.07615e-08
0.134115 0.00364504 2.22992e-08
0.134155 0.00364504 2.08086e-08
0.134195 0.00364504 2.21994e-08
0.134235 0.00364504 2.09442e-08
0.134274 0.00364504 2.20776e-08
0.134314 0.00364504 2.1048e-08
0.134354 0.00364504 2.19828e-08
0.134394 0.00364504 2.09569e-08
0.134433 0.00364504 2.20721e-08
0.134473 0.00364504 2.11044e-08
0.134513 0.00364504 2.19634e-08
0.134553 0.00364505 2.1092e-08
0.134592 0.00364505 2.20283e-08
0.134632 0.00364505 2.10977e-08
0.134672 0.00364505 2.23029e-08
0.134712 0.00364505 2.12123e-08
0.134751 0.00364505 2.21002e-08
0.134791 0.00364505 2.0923e-08
0.134831 0.00364505 2.21613e-08
0.134871 0.00364505 2.09191e-08
0.134911 0.00364505 2.22216e-08
0.13495 0.00364505 2.0865e-08
0.13499 0.00364505 2.20058e-08
0.13503 0.00364505 2.0948e-08
0.13507 0.00364505 2.20101e-08
0.135109 0.00364506 2.10511e-08
0.135149 0.00364506 2.20274e-08
0.135189 0.00364506 2.10371e-08
0.135229 0.00364506 2.20503e-08
0.135268 0.00364506 2.11404e-08
0.135308 0.00364506 2.19779e-08
0.135348 0.00364506 2.10519e-08
0.135388 0.00364506 2.20333e-08
0.135427 0.00364506 2.10611e-08
0.135467 0.00364506 2.21374e-08
0.135507 0.00364506 2.11651e-08
0.135547 0.00364506 2.18833e-08
0.135586 0.00364506 2.11984e-08
0.135626 0.00364506 2.18732e-08
0.135666 0.00364507 2.1236e-08
0.135706 0.00364507 2.18039e-08
0.135746 0.00364507 2.12948e-08
0.135785 0.00364507 2.17586e-08
0.135825 0.00364507 2.13191e-08
0.135865 0.00364507 2.17534e-08
0.135905 0.00364507 2.13238e-08
0.135944 0.00364507 2.17478e-08
0.135984 0.00364507 2.12809e-08
0.136024 0.00364507 2.17773e-08
0.136064 0.00364507 2.14076e-08
0.136103 0.00364507 2.16745e-08
0.136143 0.00364507 2.13947e-08
0.136183 0.00364507 2.16324e-08
0.136223 0.00364507 2.12564e-08
0.136262 0.00364507 2.16782e-08
0.136302 0.00364507 2.12713e-08
0.136342 0.00364507 2.16222e-08
0.136382 0.00364507 2.13492e-08
0.136421 0.00364507 2.15782e-08
0.136461 0.00364508 2.154e-08
0.136501 0.00364507 2.15057e-08
0.136541 0.00364508 2.15984e-08
0.136581 0.00364508 2.14013e-08
0.13662 0.00364508 2.15567e-08
0.13666 0.00364508 2.13396e-08
0.1367 0.00364508 2.16076e-08
0.13674 0.00364508 2.13177e-08
0.136779 0.00364508 2.16059e-08
0.136819 0.00364508 2.13324e-08
0.136859 0.00364508 2.144e-08
0.136899 0.00364508 2.13e-08
0.136938 0.00364508 2.14778e-08
0.136978 0.00364508 2.14147e-08
0.137018 0.00364508 2.15415e-08
0.137058 0.00364508 2.13494e-08
0.137097 0.00364508 2.17023e-08
0.137137 0.00364508 2.12458e-08
0.137177 0.00364509 2.1705e-08
0.137217 0.00364508 2.13694e-08
0.137256 0.00364509 2.17051e-08
0.137296 0.00364509 2.13071e-08
0.137336 0.00364509 2.18137e-08
0.137376 0.00364509 2.1237e-08
0.137416 0.00364509 2.18183e-08
0.137455 0.00364509 2.12494e-08
0.137495 0.00364509 2.17982e-08
0.137535 0.00364509 2.12867e-08
0.137575 0.00364509 2.18713e-08
0.137614 0.00364509 2.12239e-08
0.137654 0.00364509 2.16554e-08
0.137694 0.00364509 2.13916e-08
0.137734 0.00364509 2.17597e-08
0.137773 0.00364509 2.12662e-08
0.137813 0.0036451 2.18568e-08
0.137853 0.00364509 2.1207e-08
0.137893 0.0036451 2.18952e-08
0.137932 0.0036451 2.12194e-08
0.137972 0.0036451 2.18928e-08
0.138012 0.0036451 2.11429e-08
0.138052 0.0036451 2.21169e-08
0.138091 0.0036451 2.09804e-08
0.138131 0.0036451 2.19851e-08
0.138171 0.0036451 2.08946e-08
0.138211 0.0036451 2.21699e-08
0.13825 0.0036451 2.09112e-08
0.13829 0.0036451 2.2538e-08
0.13833 0.0036451 2.09266e-08
0.13837 0.0036451 2.2168e-08
0.13841 0.0036451 2.08221e-08
0.138449 0.0036451 2.22954e-08
0.138489 0.0036451 2.07748e-08
0.138529 0.00364511 2.2285e-08
0.138569 0.00364511 2.07406e-08
0.138608 0.00364511 2.21788e-08
0.138648 0.00364511 2.08264e-08
0.138688 0.00364511 2.23643e-08
0.138728 0.00364511 2.06129e-08
0.138767 0.00364511 2.22835e-08
0.138807 0.00364511 2.08375e-08
0.138847 0.00364511 2.2217e-08
0.138887 0.00364511 2.08162e-08
0.138926 0.00364511 2.23149e-08
0.138966 0.00364511 2.0739e-08
0.139006 0.00364511 2.23362e-08
0.139046 0.00364511 2.07565e-08
0.139085 0.00364511 2.22258e-08
0.139125 0.00364511 2.06595e-08
0.139165 0.00364511 2.24685e-08
0.139205 0.00364511 2.0605e-08
0.139245 0.00364511 2.23095e-08
0.139284 0.00364511 2.08853e-08
0.139324 0.00364512 2.22474e-08
0.139364 0.00364512 2.09826e-08
0.139404 0.00364512 2.23124e-08
0.139443 0.00364512 2.12122e-08
0.139483 0.00364512 2.1985e-08
0.139523 0.00364512 2.09133e-08
0.139563 0.00364512 2.23017e-08
0.139602 0.00364512 2.07041e-08
0.139642 0.00364512 2.23999e-08
0.139682 0.00364512 2.07284e-08
0.139722 0.00364512 2.24005e-08
0.139761 0.00364512 2.08212e-08
0.139801 0.00364512 2.2345e-08
0.139841 0.00364512 2.07686e-08
0.139881 0.00364512 2.2246e-08
0.13992 0.00364512 2.08672e-08
0.13996 0.00364513 2.22087e-08
0.14 0.00364512 2.07354e-08
0.14004 0.00364513 2.23612e-08
0.14008 0.00364513 2.07819e-08
0.140119 0.00364513 2.2395e-08
0.140159 0.00364513 2.0701e-08
0.140199 0.00364513 2.24211e-08
0.140239 0.00364513 2.04263e-08
0.140278 0.00364513 2.2607e-08
0.140318 0.00364513 2.05682e-08
0.140358 0.00364513 2.24302e-08
0.140398 0.00364513 2.05439e-08
0.140437 0.00364513 2.22958e-08
0.140477 0.00364513 2.06522e-08
0.140517 0.00364513 2.24773e-08
0.140557 0.00364513 2.07317e-08
0.140596 0.00364513 2.22247e-08
0.140636 0.00364513 2.09431e-08
0.140676 0.00364513 2.22787e-08
0.140716 0.00364513 2.07384e-08
0.140755 0.00364513 2.22238e-08
0.140795 0.00364513 2.07036e-08
0.140835 0.00364513 2.22689e-08
0.140875 0.00364513 2.08394e-08
0.140915 0.00364513 2.2317e-08
0.140954 0.00364513 2.05409e-08
0.140994 0.00364513 2.25227e-08
0.141034 0.00364513 2.11898e-08
0.141074 0.00364513 2.22602e-08
0.141113 0.00364513 2.05622e-08
0.141153 0.00364513 2.25652e-08
0.141193 0.00364513 2.05787e-08
0.141233 0.00364514 2.23941e-08
0.141272 0.00364513 2.077e-08
0.141312 0.00364514 2.22153e-08
0.141352 0.00364514 2.08921e-08
0.141392 0.00364514 2.215e-08
0.141431 0.00364514 2.08993e-08
0.141471 0.00364514 2.21489e-08
0.141511 0.00364514 2.09248e-08
0.141551 0.00364514 2.22149e-08
0.14159 0.00364514 2.082e-08
0.14163 0.00364514 2.23218e-08
0.14167 0.00364514 2.08856e-08
0.14171 0.00364514 2.23433e-08
0.14175 0.00364514 2.06586e-08
0.141789 0.00364514 2.22454e-08
0.141829 0.00364514 2.1053e-08
0.141869 0.00364514 2.21645e-08
0.141909 0.00364514 2.07938e-08
0.141948 0.00364514 2.22588e-08
0.141988 0.00364514 2.08925e-08
0.142028 0.00364514 2.21309e-08
0.142068 0.00364514 2.09564e-08
0.142107 0.00364514 2.21187e-08
0.142147 0.00364514 2.09426e-08
0.142187 0.00364514 2.21444e-08
0.142227 0.00364514 2.09197e-08
0.142266 0.00364515 2.21548e-08
0.142306 0.00364514 2.0928e-08
0.142346 0.00364515 2.22364e-08
0.142386 0.00364515 2.08713e-08
0.142425 0.00364515 2.20732e-08
0.142465 0.00364515 2.10374e-08
0.142505 0.00364515 2.19744e-08
0.142545 0.00364515 2.09328e-08
0.142584 0.00364515 2.1636e-08
0.142624 0.00364515 2.12135e-08
0.142664 0.00364515 2.22387e-08
0.142704 0.00364515 2.07852e-08
0.142744 0.00364515 2.22702e-08
0.142783 0.00364515 2.1192e-08
0.142823 0.00364515 2.19146e-08
0.142863 0.00364515 2.11035e-08
0.142903 0.00364515 2.22438e-08
0.142942 0.00364515 2.09339e-08
0.142982 0.00364515 2.20257e-08
0.143022 0.00364515 2.11447e-08
0.143062 0.00364515 2.19116e-08
0.143101 0.00364515 2.11871e-08
0.143141 0.00364515 2.18762e-08
0.143181 0.00364515 2.12087e-08
0.143221 0.00364515 2.18547e-08
0.14326 0.00364515 2.13268e-08
0.1433 0.00364515 2.20198e-08
0.14334 0.00364515 2.13887e-08
0.14338 0.00364515 2.19559e-08
0.143419 0.00364515 2.14231e-08
0.143459 0.00364516 2.18408e-08
0.143499 0.00364516 2.12669e-08
0.143539 0.00364516 2.17429e-08
0.143579 0.00364516 2.13922e-08
0.143618 0.00364516 2.16294e-08
0.143658 0.00364516 2.1476e-08
0.143698 0.00364516 2.15723e-08
0.143738 0.00364516 2.15212e-08
0.143777 0.00364516 2.15486e-08
0.143817 0.00364516 2.16011e-08
0.143857 0.00364516 2.15339e-08
0.143897 0.00364516 2.15191e-08
0.143936 0.00364516 2.1564e-08
0.143976 0.00364516 2.15167e-08
0.144016 0.00364516 2.1605e-08
0.144056 0.00364516 2.14813e-08
0.144095 0.00364516 2.15907e-08
0.144135 0.00364516 2.14868e-08
0.144175 0.00364516 2.15603e-08
0.144215 0.00364516 2.15051e-08
0.144254 0.00364517 2.1597e-08
0.144294 0.00364516 2.14705e-08
0.144334 0.00364517 2.1593e-08
0.144374 0.00364517 2.15036e-08
0.144414 0.00364517 2.15574e-08
0.144453 0.00364517 2.15638e-08
0.144493 0.00364517 2.14815e-08
0.144533 0.00364517 2.15745e-08
0.144573 0.00364517 2.15341e-08
0.144612 0.00364517 2.14761e-08
0.144652 0.00364517 2.16027e-08
0.144692 0.00364517 2.14766e-08
0.144732 0.00364517 2.15636e-08
0.144771 0.00364517 2.16539e-08
0.144811 0.00364517 2.15318e-08
0.144851 0.00364517 2.16486e-08
0.144891 0.00364517 2.15448e-08
0.14493 0.00364517 2.15654e-08
0.14497 0.00364517 2.14639e-08
0.14501 0.00364517 2.16571e-08
0.14505 0.00364517 2.13936e-08
0.145089 0.00364517 2.16922e-08
0.145129 0.00364518 2.14657e-08
0.145169 0.00364517 2.17987e-08
0.145209 0.00364518 2.13345e-08
0.145249 0.00364517 2.16729e-08
0.145288 0.00364518 2.14377e-08
0.145328 0.00364517 2.16306e-08
0.145368 0.00364518 2.14266e-08
0.145408 0.00364517 2.16874e-08
0.145447 0.00364518 2.13458e-08
0.145487 0.00364518 2.17723e-08
0.145527 0.00364518 2.12658e-08
0.145567 0.00364518 2.1941e-08
0.145606 0.00364518 2.11488e-08
0.145646 0.00364518 2.17893e-08
0.145686 0.00364518 2.12827e-08
0.145726 0.00364518 2.18113e-08
0.145765 0.00364518 2.12348e-08
0.145805 0.00364518 2.18395e-08
0.145845 0.00364518 2.12517e-08
0.145885 0.00364518 2.18086e-08
0.145924 0.00364518 2.12694e-08
0.145964 0.00364518 2.18399e-08
0.146004 0.00364518 2.12199e-08
0.146044 0.00364518 2.18527e-08
0.146083 0.00364518 2.12396e-08
0.146123 0.00364518 2.18531e-08
0.146163 0.00364518 2.12567e-08
0.146203 0.00364518 2.19235e-08
0.146243 0.00364518 2.1241e-08
0.146282 0.00364518 2.17683e-08
0.146322 0.00364518 2.13358e-08
0.146362 0.00364518 2.17319e-08
0.146402 0.00364519 2.13431e-08
0.146441 0.00364519 2.17483e-08
0.146481 0.00364519 2.13573e-08
0.146521 0.00364519 2.18918e-08
0.146561 0.00364519 2.13224e-08
0.1466 0.00364519 2.19281e-08
0.14664 0.00364519 2.13109e-08
0.14668 0.00364519 2.20867e-08
0.14672 0.00364519 2.11865e-08
0.146759 0.00364519 2.18991e-08
0.146799 0.00364519 2.1142e-08
0.146839 0.00364519 2.19573e-08
0.146879 0.00364519 2.11182e-08
0.146918 0.00364519 2.19487e-08
0.146958 0.00364519 2.1139e-08
0.146998 0.00364519 2.19323e-08
0.147038 0.00364519 2.11452e-08
0.147078 0.00364519 2.20204e-08
0.147117 0.00364519 2.10689e-08
0.147157 0.00364519 2.1993e-08
0.147197 0.00364519 2.10881e-08
0.147237 0.00364519 2.20225e-08
0.147276 0.00364519 2.11055e-08
0.147316 0.00364519 2.19227e-08
0.147356 0.0036452 2.11795e-08
0.147396 0.00364519 2.18526e-08
0.147435 0.0036452 2.12295e-08
0.147475 0.0036452 2.18427e-08
0.147515 0.0036452 2.12473e-08
0.147555 0.0036452 2.17618e-08
0.147594 0.0036452 2.14693e-08
0.147634 0.0036452 2.19921e-08
0.147674 0.0036452 2.12834e-08
0.147714 0.0036452 2.20452e-08
0.147753 0.0036452 2.13078e-08
0.147793 0.0036452 2.179e-08
0.147833 0.0036452 2.12111e-08
0.147873 0.0036452 2.18973e-08
0.147913 0.0036452 2.12255e-08
0.147952 0.0036452 2.17958e-08
0.147992 0.0036452 2.13093e-08
0.148032 0.0036452 2.17662e-08
0.148072 0.0036452 2.14538e-08
0.148111 0.0036452 2.16511e-08
0.148151 0.0036452 2.1395e-08
0.148191 0.0036452 2.18908e-08
0.148231 0.0036452 2.11576e-08
0.14827 0.0036452 2.18166e-08
0.14831 0.0036452 2.10247e-08
0.14835 0.0036452 2.19215e-08
0.14839 0.0036452 2.12309e-08
0.148429 0.0036452 2.17328e-08
0.148469 0.00364521 2.12021e-08
0.148509 0.00364521 2.19025e-08
0.148549 0.00364521 2.11234e-08
0.148588 0.00364521 2.18932e-08
0.148628 0.00364521 2.12417e-08
0.148668 0.00364521 2.18182e-08
0.148708 0.00364521 2.12872e-08
0.148748 0.00364521 2.18145e-08
0.148787 0.00364521 2.14415e-08
0.148827 0.00364521 2.18497e-08
0.148867 0.00364521 2.13102e-08
0.148907 0.00364521 2.17492e-08
0.148946 0.00364521 2.13709e-08
0.148986 0.00364521 2.16667e-08
0.149026 0.00364521 2.15427e-08
0.149066 0.00364521 2.16053e-08
0.149105 0.00364521 2.14127e-08
0.149145 0.00364521 2.1823e-08
0.149185 0.00364522 2.12771e-08
0.149225 0.00364521 2.16964e-08
0.149264 0.00364522 2.13975e-08
0.149304 0.00364522 2.16448e-08
0.149344 0.00364522 2.13789e-08
0.149384 0.00364522 2.17109e-08
0.149423 0.00364522 2.13677e-08
0.149463 0.00364522 2.16723e-08
0.149503 0.00364522 2.14314e-08
0.149543 0.00364522 2.16218e-08
0.149583 0.00364522 2.14515e-08
0.149622 0.00364522 2.16088e-08
0.149662 0.00364522 2.14841e-08
0.149702 0.00364522 2.15728e-08
0.149742 0.00364522 2.15048e-08
0.149781 0.00364522 2.1582e-08
0.149821 0.00364522 2.14958e-08
0.149861 0.00364522 2.15743e-08
0.149901 0.00364523 2.15125e-08
0.14994 0.00364522 2.15642e-08
0.14998 0.00364523 2.15077e-08
0.15002 0.00364523 2.15816e-08
0.15006 0.00364523 2.14936e-08
0.150099 0.00364523 2.15926e-08
0.150139 0.00364523 2.14759e-08
0.150179 0.00364523 2.16084e-08
0.150219 0.00364523 2.14588e-08
0.150258 0.00364523 2.16091e-08
0.150298 0.00364523 2.14791e-08
0.150338 0.00364523 2.15891e-08
0.150378 0.00364523 2.15035e-08
0.150417 0.00364523 2.13715e-08
0.150457 0.00364523 2.16435e-08
0.150497 0.00364523 2.1495e-08
0.150537 0.00364523 2.15992e-08
0.150577 0.00364523 2.14488e-08
0.150616 0.00364523 2.16904e-08
0.150656 0.00364523 2.1353e-08
0.150696 0.00364524 2.17812e-08
0.150736 0.00364523 2.1079e-08
0.150775 0.00364524 2.16421e-08
0.150815 0.00364523 2.1266e-08
0.150855 0.00364523 2.19318e-08
0.150895 0.00364523 2.11162e-08
0.150934 0.00364523 2.19579e-08
0.150974 0.00364524 2.12528e-08
0.151014 0.00364524 2.19468e-08
0.151054 0.00364524 2.13097e-08
0.151093 0.00364524 2.1831e-08
0.151133 0.00364524 2.12859e-08
0.151173 0.00364524 2.19261e-08
0.151213 0.00364524 2.12073e-08
0.151252 0.00364524 2.19174e-08
0.151292 0.00364524 2.10079e-08
0.151332 0.00364524 2.20816e-08
0.151372 0.00364524 2.11997e-08
0.151412 0.00364524 2.18774e-08
0.151451 0.00364524 2.11824e-08
0.151491 0.00364524 2.18952e-08
0.151531 0.00364524 2.11906e-08
0.151571 0.00364524 2.18631e-08
0.15161 0.00364524 2.10481e-08
0.15165 0.00364524 2.19106e-08
0.15169 0.00364524 2.0998e-08
0.15173 0.00364524 2.19681e-08
0.151769 0.00364524 2.09616e-08
0.151809 0.00364524 2.20494e-08
0.151849 0.00364524 2.12084e-08
0.151889 0.00364524 2.25015e-08
0.151928 0.00364524 2.1467e-08
0.151968 0.00364524 2.22632e-08
0.152008 0.00364524 2.15755e-08
0.152048 0.00364524 2.22449e-08
0.152087 0.00364525 2.15487e-08
0.152127 0.00364525 2.22872e-08
0.152167 0.00364525 2.11689e-08
0.152207 0.00364525 2.1732e-08
0.152247 0.00364525 2.09265e-08
0.152286 0.00364525 2.1942e-08
0.152326 0.00364525 2.09346e-08
0.152366 0.00364525 2.19543e-08
0.152406 0.00364525 2.10947e-08
0.152445 0.00364525 2.22812e-08
0.152485 0.00364525 2.08808e-08
0.152525 0.00364525 2.21571e-08
0.152565 0.00364525 2.09752e-08
0.152604 0.00364525 2.22071e-08
0.152644 0.00364525 2.07921e-08
0.152684 0.00364525 2.22466e-08
0.152724 0.00364525 2.09447e-08
0.152763 0.00364525 2.22664e-08
0.152803 0.00364525 2.09851e-08
0.152843 0.00364525 2.20421e-08
0.152883 0.00364525 2.07185e-08
0.152922 0.00364525 2.21093e-08
0.152962 0.00364525 2.09802e-08
0.153002 0.00364525 2.20376e-08
0.153042 0.00364525 2.10636e-08
0.153082 0.00364526 2.19494e-08
0.153121 0.00364525 2.11209e-08
0.153161 0.00364526 2.18904e-08
0.153201 0.00364526 2.11842e-08
0.153241 0.00364526 2.19644e-08
0.15328 0.00364526 2.11082e-08
0.15332 0.00364526 2.19649e-08
0.15336 0.00364526 2.11279e-08
0.1534 0.00364526 2.19437e-08
0.153439 0.00364526 2.11378e-08
0.153479 0.00364526 2.19436e-08
0.153519 0.00364526 2.11318e-08
0.153559 0.00364526 2.19567e-08
0.153598 0.00364526 2.11139e-08
0.153638 0.00364526 2.19895e-08
0.153678 0.00364526 2.1062e-08
0.153718 0.00364526 2.19277e-08
0.153757 0.00364526 2.12093e-08
0.153797 0.00364526 2.20159e-08
0.153837 0.00364526 2.09521e-08
0.153877 0.00364526 2.21573e-08
0.153917 0.00364526 2.09437e-08
0.153956 0.00364527 2.21161e-08
0.153996 0.00364526 2.10051e-08
0.154036 0.00364527 2.20676e-08
0.154076 0.00364527 2.10526e-08
0.154115 0.00364527 2.21752e-08
0.154155 0.00364527 2.10485e-08
0.154195 0.00364527 2.20982e-08
0.154235 0.00364527 2.09885e-08
0.154274 0.00364527 2.19127e-08
0.154314 0.00364527 2.11809e-08
0.154354 0.00364527 2.19644e-08
0.154394 0.00364527 2.11202e-08
0.154433 0.00364527 2.19164e-08
0.154473 0.00364527 2.11631e-08
0.154513 0.00364527 2.1917e-08
0.154553 0.00364527 2.11342e-08
0.154592 0.00364527 2.21409e-08
0.154632 0.00364528 2.11348e-08
0.154672 0.00364528 2.22291e-08
0.154712 0.00364528 2.14185e-08
0.154751 0.00364528 2.20267e-08
0.154791 0.00364528 2.14726e-08
0.154831 0.00364528 2.20988e-08
0.154871 0.00364528 2.07987e-08
0.154911 0.00364528 2.21197e-08
0.15495 0.00364528 2.10929e-08
0.15499 0.00364528 2.19147e-08
0.15503 0.00364528 2.1175e-08
0.15507 0.00364528 2.19283e-08
0.155109 0.00364528 2.11315e-08
0.155149 0.00364529 2.19549e-08
0.155189 0.00364528 2.14884e-08
0.155229 0.00364529 2.17036e-08
0.155268 0.00364528 2.12451e-08
0.155308 0.00364529 2.22917e-08
0.155348 0.00364529 2.13118e-08
0.155388 0.00364529 2.20704e-08
0.155427 0.00364529 2.11527e-08
0.155467 0.00364529 2.17633e-08
0.155507 0.00364529 2.1174e-08
0.155547 0.00364529 2.18737e-08
0.155586 0.00364529 2.1523e-08
0.155626 0.00364529 2.18717e-08
0.155666 0.00364529 2.1583e-08
0.155706 0.00364529 2.20383e-08
0.155746 0.00364529 2.14452e-08
0.155785 0.00364529 2.21117e-08
0.155825 0.00364529 2.10083e-08
0.155865 0.00364529 2.19934e-08
0.155905 0.00364529 2.11941e-08
0.155944 0.00364529 2.18093e-08
0.155984 0.00364529 2.13223e-08
0.156024 0.00364529 2.17174e-08
0.156064 0.00364529 2.13984e-08
0.156103 0.00364529 2.15599e-08
0.156143 0.00364529 2.15177e-08
0.156183 0.00364529 2.15468e-08
0.156223 0.00364529 2.14127e-08
0.156262 0.00364529 2.17319e-08
0.156302 0.00364529 2.12489e-08
0.156342 0.00364529 2.18106e-08
0.156382 0.00364529 2.12854e-08
0.156421 0.00364529 2.18834e-08
0.156461 0.00364529 2.12433e-08
0.156501 0.00364529 2.18076e-08
0.156541 0.00364529 2.1285e-08
0.156581 0.00364529 2.18068e-08
0.15662 0.00364529 2.12497e-08
0.15666 0.00364529 2.18555e-08
0.1567 0.00364529 2.12075e-08
0.15674 0.00364529 2.1876e-08
0.156779 0.00364529 2.12034e-08
0.156819 0.00364529 2.18659e-08
0.156859 0.00364529 2.12336e-08
0.156899 0.00364529 2.1823e-08
0.156938 0.00364529 2.12853e-08
0.156978 0.00364529 2.17661e-08
0.157018 0.00364529 2.12654e-08
0.157058 0.00364529 2.17864e-08
0.157097 0.00364529 2.13164e-08
0.157137 0.00364529 2.17357e-08
0.157177 0.00364529 2.13802e-08
0.157217 0.00364529 2.16619e-08
0.157256 0.00364529 2.15114e-08
0.157296 0.00364529 2.1638e-08
0.157336 0.00364529 2.15286e-08
0.157376 0.00364529 2.16248e-08
0.157416 0.00364529 2.15311e-08
0.157455 0.00364529 2.16367e-08
0.157495 0.00364529 2.15217e-08
0.157535 0.00364529 2.16013e-08
0.157575 0.00364529 2.14678e-08
0.157614 0.0036453 2.16169e-08
0.157654 0.00364529 2.14862e-08
0.157694 0.0036453 2.15752e-08
0.157734 0.00364529 2.1541e-08
0.157773 0.0036453 2.15028e-08
0.157813 0.0036453 2.16039e-08
0.157853 0.0036453 2.14554e-08
0.157893 0.0036453 2.16366e-08
0.157932 0.0036453 2.14392e-08
0.157972 0.0036453 2.16508e-08
0.158012 0.0036453 2.14245e-08
0.158052 0.0036453 2.16669e-08
0.158091 0.0036453 2.14082e-08
0.158131 0.0036453 2.16814e-08
0.158171 0.0036453 2.13967e-08
0.158211 0.0036453 2.16835e-08
0.15825 0.0036453 2.14008e-08
0.15829 0.0036453 2.16698e-08
0.15833 0.0036453 2.14149e-08
0.15837 0.0036453 2.16588e-08
0.15841 0.0036453 2.1428e-08
0.158449 0.0036453 2.16511e-08
0.158489 0.0036453 2.1483e-08
0.158529 0.0036453 2.1702e-08
0.158569 0.0036453 2.13642e-08
0.158608 0.0036453 2.17327e-08
0.158648 0.0036453 2.13531e-08
0.158688 0.0036453 2.17919e-08
0.158728 0.0036453 2.13863e-08
0.158767 0.0036453 2.16841e-08
0.158807 0.0036453 2.14071e-08
0.158847 0.0036453 2.16492e-08
0.158887 0.0036453 2.14539e-08
0.158926 0.0036453 2.16118e-08
0.158966 0.0036453 2.14743e-08
0.159006 0.0036453 2.16076e-08
0.159046 0.0036453 2.14553e-08
0.159085 0.0036453 2.16465e-08
0.159125 0.00364531 2.14114e-08
0.159165 0.0036453 2.1693e-08
0.159205 0.00364531 2.13683e-08
0.159245 0.00364531 2.17269e-08
0.159284 0.00364531 2.13477e-08
0.159324 0.00364531 2.17337e-08
0.159364 0.00364531 2.13629e-08
0.159404 0.00364531 2.17039e-08
0.159443 0.00364531 2.13758e-08
0.159483 0.00364531 2.16987e-08
0.159523 0.00364531 2.13499e-08
0.159563 0.00364531 2.16319e-08
0.159602 0.00364531 2.13001e-08
0.159642 0.00364531 2.17898e-08
0.159682 0.00364531 2.12947e-08
0.159722 0.00364531 2.17252e-08
0.159761 0.00364531 2.13101e-08
0.159801 0.00364531 2.16866e-08
0.159841 0.00364531 2.13081e-08
0.159881 0.00364531 2.1703e-08
0.15992 0.00364531 2.13627e-08
0.15996 0.00364531 2.16893e-08
0.16 0.00364531 2.13325e-08
0.16004 0.00364531 2.18086e-08
0.16008 0.00364531 2.12664e-08
0.160119 0.00364531 2.17304e-08
0.160159 0.00364531 2.13369e-08
0.160199 0.00364531 2.16846e-08
0.160239 0.00364531 2.13526e-08
0.160278 0.00364531 2.16986e-08
0.160318 0.00364531 2.13496e-08
0.160358 0.00364531 2.15844e-08
0.160398 0.00364531 2.10757e-08
0.160437 0.00364531 2.15171e-08
0.160477 0.00364531 2.12919e-08
0.160517 0.00364531 2.17666e-08
0.160557 0.00364531 2.1356e-08
0.160596 0.00364531 2.16994e-08
0.160636 0.00364531 2.13863e-08
0.160676 0.00364531 2.15332e-08
0.160716 0.00364532 2.14934e-08
0.160755 0.00364531 2.16414e-08
0.160795 0.00364532 2.137e-08
0.160835 0.00364532 2.17182e-08
0.160875 0.00364532 2.1342e-08
0.160915 0.00364532 2.17323e-08
0.160954 0.00364532 2.13128e-08
0.160994 0.00364532 2.17892e-08
0.161034 0.00364532 2.12549e-08
0.161074 0.00364532 2.18124e-08
0.161113 0.00364532 2.12886e-08
0.161153 0.00364532 2.17775e-08
0.161193 0.00364532 2.13089e-08
0.161233 0.00364532 2.19825e-08
0.161272 0.00364532 2.1712e-08
0.161312 0.00364532 2.20368e-08
0.161352 0.00364532 2.16544e-08
0.161392 0.00364532 2.20176e-08
0.161431 0.00364532 2.15143e-08
0.161471 0.00364532 2.15376e-08
0.161511 0.00364532 2.15127e-08
0.161551 0.00364532 2.15756e-08
0.16159 0.00364532 2.15203e-08
0.16163 0.00364532 2.15386e-08
0.16167 0.00364532 2.15605e-08
0.16171 0.00364532 2.15085e-08
0.16175 0.00364532 2.15722e-08
0.161789 0.00364532 2.15095e-08
0.161829 0.00364532 2.15721e-08
0.161869 0.00364532 2.15105e-08
0.161909 0.00364532 2.15686e-08
0.161948 0.00364532 2.15201e-08
0.161988 0.00364532 2.15364e-08
0.162028 0.00364532 2.15323e-08
0.162068 0.00364532 2.15547e-08
0.162107 0.00364532 2.15392e-08
0.162147 0.00364532 2.15103e-08
0.162187 0.00364532 2.1562e-08
0.162227 0.00364532 2.15107e-08
0.162266 0.00364532 2.15572e-08
0.162306 0.00364532 2.15092e-08
0.162346 0.00364532 2.15646e-08
0.162386 0.00364532 2.14991e-08
0.162425 0.00364532 2.15898e-08
0.162465 0.00364532 2.14977e-08
0.162505 0.00364532 2.15772e-08
0.162545 0.00364532 2.15067e-08
0.162584 0.00364532 2.1577e-08
0.162624 0.00364533 2.15023e-08
0.162664 0.00364532 2.15808e-08
0.162704 0.00364533 2.14773e-08
0.162744 0.00364532 2.15878e-08
0.162783 0.00364533 2.15153e-08
0.162823 0.00364533 2.15696e-08
0.162863 0.00364533 2.14966e-08
0.162903 0.00364533 2.15963e-08
0.162942 0.00364533 2.14843e-08
0.162982 0.00364533 2.15935e-08
0.163022 0.00364533 2.15156e-08
0.163062 0.00364533 2.15822e-08
0.163101 0.00364533 2.14771e-08
0.163141 0.00364533 2.16031e-08
0.163181 0.00364533 2.16e-08
0.163221 0.00364533 2.17338e-08
0.16326 0.00364533 2.1504e-08
0.1633 0.00364533 2.13076e-08
0.16334 0.00364533 2.15889e-08
0.16338 0.00364533 2.17926e-08
0.163419 0.00364533 2.1504e-08
0.163459 0.00364533 2.12015e-08
0.163499 0.00364533 2.1746e-08
0.163539 0.00364533 2.16475e-08
0.163579 0.00364533 2.17951e-08
0.163618 0.00364533 2.15193e-08
0.163658 0.00364533 2.19001e-08
0.163698 0.00364533 2.14568e-08
0.163738 0.00364533 2.1927e-08
0.163777 0.00364533 2.14482e-08
0.163817 0.00364534 2.19236e-08
0.163857 0.00364533 2.11334e-08
0.163897 0.00364534 2.15094e-08
0.163936 0.00364533 2.10964e-08
0.163976 0.00364534 2.15707e-08
0.164016 0.00364534 2.12372e-08
0.164056 0.00364534 2.15597e-08
0.164095 0.00364534 2.1478e-08
0.164135 0.00364534 2.16922e-08
0.164175 0.00364534 2.13491e-08
0.164215 0.00364534 2.17341e-08
0.164254 0.00364533 2.13586e-08
0.164294 0.00364534 2.15921e-08
0.164334 0.00364534 2.10713e-08
0.164374 0.00364534 2.16308e-08
0.164414 0.00364534 2.10763e-08
0.164453 0.00364534 2.15618e-08
0.164493 0.00364534 2.11087e-08
0.164533 0.00364534 2.14663e-08
0.164573 0.00364534 2.11186e-08
0.164612 0.00364534 2.15064e-08
0.164652 0.00364534 2.12036e-08
0.164692 0.00364534 2.18093e-08
0.164732 0.00364534 2.12887e-08
0.164771 0.00364534 2.16968e-08
0.164811 0.00364534 2.13503e-08
0.164851 0.00364534 2.16201e-08
0.164891 0.00364534 2.13033e-08
0.16493 0.00364534 2.15432e-08
0.16497 0.00364534 2.14544e-08
0.16501 0.00364534 2.16332e-08
0.16505 0.00364534 2.13704e-08
0.165089 0.00364534 2.17338e-08
0.165129 0.00364534 2.13213e-08
0.165169 0.00364534 2.18078e-08
0.165209 0.00364534 2.12395e-08
0.165249 0.00364534 2.186e-08
0.165288 0.00364534 2.12173e-08
0.165328 0.00364534 2.18196e-08
0.165368 0.00364534 2.11933e-08
0.165408 0.00364534 2.18454e-08
0.165447 0.00364534 2.12236e-08
0.165487 0.00364535 2.187e-08
0.165527 0.00364534 2.12008e-08
0.165567 0.00364535 2.18678e-08
0.165606 0.00364535 2.12017e-08
0.165646 0.00364535 2.18958e-08
0.165686 0.00364535 2.11796e-08
0.165726 0.00364535 2.18989e-08
0.165765 0.00364535 2.12055e-08
0.165805 0.00364535 2.18494e-08
0.165845 0.00364535 2.12584e-08
0.165885 0.00364535 2.18449e-08
0.165924 0.00364535 2.12405e-08
0.165964 0.00364535 2.178e-08
0.166004 0.00364535 2.12171e-08
0.166044 0.00364535 2.18532e-08
0.166083 0.00364535 2.12392e-08
0.166123 0.00364535 2.17845e-08
0.166163 0.00364535 2.12499e-08
0.166203 0.00364535 2.18829e-08
0.166243 0.00364535 2.1167e-08
0.166282 0.00364535 2.21371e-08
0.166322 0.00364535 2.09936e-08
0.166362 0.00364535 2.20192e-08
0.166402 0.00364535 2.11288e-08
0.166441 0.00364535 2.19549e-08
0.166481 0.00364535 2.11324e-08
0.166521 0.00364535 2.19683e-08
0.166561 0.00364535 2.12954e-08
0.1666 0.00364535 2.18306e-08
0.16664 0.00364535 2.12186e-08
0.16668 0.00364536 2.19023e-08
0.16672 0.00364535 2.11549e-08
0.166759 0.00364536 2.19638e-08
0.166799 0.00364535 2.11412e-08
0.166839 0.00364536 2.19417e-08
0.166879 0.00364536 2.11727e-08
0.166918 0.00364536 2.18931e-08
0.166958 0.00364536 2.12138e-08
0.166998 0.00364536 2.21817e-08
0.167038 0.00364536 2.13712e-08
0.167078 0.00364536 2.20274e-08
0.167117 0.00364536 2.11738e-08
0.167157 0.00364536 2.18001e-08
0.167197 0.00364536 2.13111e-08
0.167237 0.00364536 2.18044e-08
0.167276 0.00364536 2.12319e-08
0.167316 0.00364536 2.18913e-08
0.167356 0.00364536 2.11983e-08
0.167396 0.00364536 2.18971e-08
0.167435 0.00364536 2.11747e-08
0.167475 0.00364536 2.20723e-08
0.167515 0.00364536 2.12965e-08
0.167555 0.00364536 2.19058e-08
0.167594 0.00364536 2.12218e-08
0.167634 0.00364536 2.18352e-08
0.167674 0.00364536 2.12704e-08
0.167714 0.00364536 2.18505e-08
0.167753 0.00364536 2.13231e-08
0.167793 0.00364536 2.17164e-08
0.167833 0.00364536 2.14295e-08
0.167873 0.00364536 2.17037e-08
0.167913 0.00364536 2.13046e-08
0.167952 0.00364536 2.17732e-08
0.167992 0.00364536 2.12595e-08
0.168032 0.00364536 2.18192e-08
0.168072 0.00364536 2.12214e-08
0.168111 0.00364536 2.18661e-08
0.168151 0.00364536 2.12107e-08
0.168191 0.00364536 2.18805e-08
0.168231 0.00364536 2.12049e-08
0.16827 0.00364536 2.18627e-08
0.16831 0.00364536 2.13429e-08
0.16835 0.00364536 2.17546e-08
0.16839 0.00364536 2.12857e-08
0.168429 0.00364536 2.18138e-08
0.168469 0.00364536 2.12739e-08
0.168509 0.00364536 2.17951e-08
0.168549 0.00364536 2.1363e-08
0.168588 0.00364536 2.17023e-08
0.168628 0.00364536 2.13879e-08
0.168668 0.00364536 2.17098e-08
0.168708 0.00364536 2.13374e-08
0.168748 0.00364536 2.17919e-08
0.168787 0.00364536 2.12467e-08
0.168827 0.00364536 2.1871e-08
0.168867 0.00364536 2.10991e-08
0.168907 0.00364536 2.16174e-08
0.168946 0.00364535 2.10515e-08
0.168986 0.00364536 2.20822e-08
0.169026 0.00364535 2.11181e-08
0.169066 0.00364536 2.18848e-08
0.169105 0.00364536 2.12424e-08
0.169145 0.00364536 2.1812e-08
0.169185 0.00364536 2.13001e-08
0.169225 0.00364536 2.1751e-08
0.169264 0.00364536 2.13594e-08
0.169304 0.00364536 2.17994e-08
0.169344 0.00364536 2.14477e-08
0.169384 0.00364536 2.16689e-08
0.169423 0.00364536 2.13705e-08
0.169463 0.00364536 2.17357e-08
0.169503 0.00364536 2.13458e-08
0.169543 0.00364536 2.1698e-08
0.169583 0.00364536 2.13955e-08
0.169622 0.00364536 2.16962e-08
0.169662 0.00364536 2.13801e-08
0.169702 0.00364536 2.1739e-08
0.169742 0.00364536 2.14786e-08
0.169781 0.00364536 2.163e-08
0.169821 0.00364536 2.14323e-08
0.169861 0.00364536 2.16905e-08
0.169901 0.00364536 2.13448e-08
0.16994 0.00364536 2.15847e-08
0.16998 0.00364536 2.14104e-08
0.17002 0.00364536 2.16647e-08
0.17006 0.00364536 2.13549e-08
0.170099 0.00364536 2.16007e-08
0.170139 0.00364536 2.12383e-08
0.170179 0.00364536 2.16071e-08
0.170219 0.00364536 2.1285e-08
0.170258 0.00364536 2.15582e-08
0.170298 0.00364536 2.13992e-08
0.170338 0.00364536 2.1632e-08
0.170378 0.00364536 2.14297e-08
0.170417 0.00364537 2.16437e-08
0.170457 0.00364536 2.14705e-08
0.170497 0.00364537 2.15742e-08
0.170537 0.00364537 2.13943e-08
0.170577 0.00364537 2.14503e-08
0.170616 0.00364537 2.1455e-08
0.170656 0.00364537 2.15359e-08
0.170696 0.00364537 2.17778e-08
0.170736 0.00364537 2.14656e-08
0.170775 0.00364537 2.18055e-08
0.170815 0.00364537 2.14425e-08
0.170855 0.00364537 2.16397e-08
0.170895 0.00364537 2.13191e-08
0.170934 0.00364537 2.16002e-08
0.170974 0.00364537 2.13702e-08
0.171014 0.00364537 2.15401e-08
0.171054 0.00364537 2.14124e-08
0.171093 0.00364537 2.15201e-08
0.171133 0.00364537 2.1419e-08
0.171173 0.00364537 2.15184e-08
0.171213 0.00364537 2.14202e-08
0.171252 0.00364537 2.15163e-08
0.171292 0.00364537 2.14237e-08
0.171332 0.00364537 2.15112e-08
0.171372 0.00364537 2.1418e-08
0.171412 0.00364537 2.1525e-08
0.171451 0.00364537 2.14239e-08
0.171491 0.00364537 2.15019e-08
0.171531 0.00364537 2.1439e-08
0.171571 0.00364537 2.15047e-08
0.17161 0.00364537 2.14231e-08
0.17165 0.00364537 2.15429e-08
0.17169 0.00364538 2.15092e-08
0.17173 0.00364537 2.16197e-08
0.171769 0.00364538 2.14077e-08
0.171809 0.00364537 2.17043e-08
0.171849 0.00364538 2.14381e-08
0.171889 0.00364538 2.16264e-08
0.171928 0.00364538 2.14433e-08
0.171968 0.00364538 2.1678e-08
0.172008 0.00364538 2.14124e-08
0.172048 0.00364538 2.16512e-08
0.172087 0.00364538 2.14032e-08
0.172127 0.00364538 2.16951e-08
0.172167 0.00364538 2.14115e-08
0.172207 0.00364538 2.16803e-08
0.172247 0.00364538 2.14132e-08
0.172286 0.00364538 2.1689e-08
0.172326 0.00364538 2.14811e-08
0.172366 0.00364538 2.17348e-08
0.172406 0.00364538 2.14349e-08
0.172445 0.00364538 2.17658e-08
0.172485 0.00364538 2.14435e-08
0.172525 0.00364538 2.16692e-08
0.172565 0.00364538 2.13965e-08
0.172604 0.00364538 2.1787e-08
0.172644 0.00364538 2.14897e-08
0.172684 0.00364538 2.16306e-08
0.172724 0.00364538 2.14055e-08
0.172763 0.00364538 2.16983e-08
0.172803 0.00364538 2.13882e-08
0.172843 0.00364538 2.16859e-08
0.172883 0.00364538 2.14046e-08
0.172922 0.00364538 2.1678e-08
0.172962 0.00364538 2.14037e-08
0.173002 0.00364538 2.16835e-08
0.173042 0.00364538 2.15822e-08
0.173082 0.00364538 2.18794e-08
0.173121 0.00364538 2.12953e-08
0.173161 0.00364538 2.17704e-08
0.173201 0.00364538 2.15514e-08
0.173241 0.00364538 2.15769e-08
0.17328 0.00364538 2.14395e-08
0.17332 0.00364538 2.16721e-08
0.17336 0.00364538 2.14209e-08
0.1734 0.00364538 2.15417e-08
0.173439 0.00364538 2.15307e-08
0.173479 0.00364538 2.15756e-08
0.173519 0.00364538 2.13925e-08
0.173559 0.00364538 2.16582e-08
0.173598 0.00364538 2.15726e-08
0.173638 0.00364538 2.15058e-08
0.173678 0.00364538 2.15505e-08
0.173718 0.00364538 2.15734e-08
0.173757 0.00364538 2.14846e-08
0.173797 0.00364538 2.16103e-08
0.173837 0.00364538 2.14677e-08
0.173877 0.00364538 2.16241e-08
0.173917 0.00364538 2.14501e-08
0.173956 0.00364538 2.16427e-08
0.173996 0.00364538 2.14364e-08
0.174036 0.00364538 2.1648e-08
0.174076 0.00364538 2.1439e-08
0.174115 0.00364538 2.16407e-08
0.174155 0.00364538 2.14474e-08
0.174195 0.00364538 2.16337e-08
0.174235 0.00364538 2.14523e-08
0.174274 0.00364538 2.16302e-08
0.174314 0.00364539 2.14559e-08
0.174354 0.00364538 2.16969e-08
0.174394 0.00364539 2.14654e-08
0.174433 0.00364538 2.16846e-08
0.174473 0.00364539 2.14144e-08
0.174513 0.00364538 2.16551e-08
0.174553 0.00364539 2.14469e-08
0.174592 0.00364538 2.16176e-08
0.174632 0.00364539 2.14848e-08
0.174672 0.00364538 2.15849e-08
0.174712 0.00364539 2.15081e-08
0.174751 0.00364538 2.1573e-08
0.174791 0.00364539 2.16025e-08
0.174831 0.00364539 2.15328e-08
0.174871 0.00364539 2.14913e-08
0.174911 0.00364539 2.16147e-08
0.17495 0.00364539 2.14739e-08
0.17499 0.00364539 2.15975e-08
0.17503 0.00364539 2.14984e-08
0.17507 0.00364539 2.15753e-08
0.175109 0.00364539 2.1519e-08
0.175149 0.00364539 2.1555e-08
0.175189 0.00364539 2.15374e-08
0.175229 0.00364539 2.15413e-08
0.175268 0.00364539 2.15444e-08
0.175308 0.00364539 2.15408e-08
0.175348 0.00364539 2.15407e-08
0.175388 0.00364539 2.15452e-08
0.175427 0.00364539 2.16185e-08
0.175467 0.00364539 2.15486e-08
0.175507 0.00364539 2.16118e-08
0.175547 0.00364539 2.14852e-08
0.175586 0.00364539 2.16023e-08
0.175626 0.00364539 2.14947e-08
0.175666 0.00364539 2.15859e-08
0.175706 0.00364539 2.15152e-08
0.175746 0.00364539 2.15677e-08
0.175785 0.00364539 2.15172e-08
0.175825 0.00364539 2.15669e-08
0.175865 0.00364539 2.15118e-08
0.175905 0.00364539 2.15851e-08
0.175944 0.00364539 2.1483e-08
0.175984 0.00364539 2.16168e-08
0.176024 0.00364539 2.14551e-08
0.176064 0.00364539 2.16383e-08
0.176103 0.00364539 2.144e-08
0.176143 0.00364539 2.16479e-08
0.176183 0.00364539 2.14349e-08
0.176223 0.00364539 2.16498e-08
0.176262 0.00364539 2.14346e-08
0.176302 0.00364539 2.16499e-08
0.176342 0.00364539 2.14337e-08
0.176382 0.00364539 2.16522e-08
0.176421 0.00364539 2.14301e-08
0.176461 0.00364539 2.15579e-08
0.176501 0.00364539 2.14009e-08
0.176541 0.00364539 2.14399e-08
0.176581 0.00364539 2.12843e-08
0.17662 0.0036454 2.17855e-08
0.17666 0.00364539 2.13776e-08
0.1767 0.0036454 2.14904e-08
0.17674 0.00364539 2.15402e-08
0.176779 0.0036454 2.16427e-08
0.176819 0.00364539 2.14041e-08
0.176859 0.0036454 2.15901e-08
0.176899 0.00364539 2.12427e-08
0.176938 0.0036454 2.15973e-08
0.176978 0.0036454 2.15074e-08
0.177018 0.0036454 2.16179e-08
0.177058 0.0036454 2.14434e-08
0.177097 0.0036454 2.16577e-08
0.177137 0.0036454 2.14358e-08
0.177177 0.0036454 2.165e-08
0.177217 0.0036454 2.1442e-08
0.177256 0.0036454 2.16523e-08
0.177296 0.0036454 2.15105e-08
0.177336 0.0036454 2.16181e-08
0.177376 0.0036454 2.14915e-08
0.177416 0.0036454 2.16403e-08
0.177455 0.0036454 2.1396e-08
0.177495 0.0036454 2.13989e-08
0.177535 0.0036454 2.11545e-08
0.177575 0.0036454 2.14516e-08
0.177614 0.0036454 2.12008e-08
0.177654 0.0036454 2.17943e-08
0.177694 0.0036454 2.1409e-08
0.177734 0.0036454 2.161e-08
0.177773 0.0036454 2.13963e-08
0.177813 0.0036454 2.16877e-08
0.177853 0.0036454 2.12265e-08
0.177893 0.0036454 2.18369e-08
0.177932 0.0036454 2.12695e-08
0.177972 0.0036454 2.16011e-08
0.178012 0.0036454 2.13874e-08
0.178052 0.0036454 2.1684e-08
0.178091 0.0036454 2.12363e-08
0.178131 0.0036454 2.17485e-08
0.178171 0.0036454 2.13475e-08
0.178211 0.00364541 2.17013e-08
0.17825 0.0036454 2.1041e-08
0.17829 0.00364541 2.13638e-08
0.17833 0.00364541 2.09424e-08
0.17837 0.00364541 2.15633e-08
0.17841 0.00364541 2.12895e-08
0.178449 0.00364541 2.16416e-08
0.178489 0.00364541 2.12068e-08
0.178529 0.00364541 2.16617e-08
0.178569 0.00364541 2.11807e-08
0.178608 0.00364541 2.17141e-08
0.178648 0.00364541 2.12014e-08
0.178688 0.00364541 2.16215e-08
0.178728 0.00364541 2.1278e-08
0.178767 0.00364541 2.15483e-08
0.178807 0.00364541 2.13023e-08
0.178847 0.00364541 2.1642e-08
0.178887 0.00364541 2.13675e-08
0.178926 0.00364541 2.18886e-08
0.178966 0.00364541 2.14744e-08
0.179006 0.00364541 2.17594e-08
0.179046 0.00364541 2.15729e-08
0.179085 0.00364541 2.19804e-08
0.179125 0.00364541 2.15711e-08
0.179165 0.00364541 2.18e-08
0.179205 0.00364541 2.1311e-08
0.179245 0.00364541 2.17146e-08
0.179284 0.00364541 2.1402e-08
0.179324 0.00364541 2.16779e-08
0.179364 0.00364541 2.14031e-08
0.179404 0.00364541 2.16846e-08
0.179443 0.00364541 2.1398e-08
0.179483 0.00364542 2.16925e-08
0.179523 0.00364541 2.13834e-08
0.179563 0.00364542 2.17118e-08
0.179602 0.00364541 2.13656e-08
0.179642 0.00364542 2.17235e-08
0.179682 0.00364541 2.14082e-08
0.179722 0.00364542 2.17186e-08
0.179761 0.00364542 2.13508e-08
0.179801 0.00364542 2.17599e-08
0.179841 0.00364542 2.13185e-08
0.179881 0.00364542 2.17761e-08
0.17992 0.00364542 2.12753e-08
0.17996 0.00364542 2.16237e-08
0.18 0.00364542 2.13329e-08
0.18004 0.00364542 2.16068e-08
0.18008 0.00364542 2.12841e-08
0.180119 0.00364542 2.16185e-08
0.180159 0.00364542 2.11893e-08
0.180199 0.00364542 2.1737e-08
0.180239 0.00364542 2.1328e-08
0.180278 0.00364542 2.18006e-08
0.180318 0.00364542 2.12352e-08
0.180358 0.00364542 2.18697e-08
0.180398 0.00364542 2.12134e-08
0.180437 0.00364542 2.19067e-08
0.180477 0.00364542 2.12537e-08
0.180517 0.00364542 2.17809e-08
0.180557 0.00364542 2.1295e-08
0.180596 0.00364543 2.19128e-08
0.180636 0.00364543 2.12942e-08
0.180676 0.00364543 2.19399e-08
0.180716 0.00364543 2.14953e-08
0.180755 0.00364543 2.19387e-08
0.180795 0.00364543 2.13342e-08
0.180835 0.00364543 2.1735e-08
0.180875 0.00364543 2.13511e-08
0.180915 0.00364543 2.17292e-08
0.180954 0.00364543 2.13525e-08
0.180994 0.00364543 2.16456e-08
0.181034 0.00364543 2.14592e-08
0.181074 0.00364543 2.16051e-08
0.181113 0.00364543 2.13882e-08
0.181153 0.00364543 2.14905e-08
0.181193 0.00364543 2.1262e-08
0.181233 0.00364543 2.15539e-08
0.181272 0.00364543 2.1233e-08
0.181312 0.00364543 2.15644e-08
0.181352 0.00364543 2.12606e-08
0.181392 0.00364543 2.15818e-08
0.181431 0.00364543 2.1202e-08
0.181471 0.00364543 2.16905e-08
0.181511 0.00364543 2.14633e-08
0.181551 0.00364544 2.16198e-08
0.18159 0.00364543 2.1441e-08
0.18163 0.00364544 2.16575e-08
0.18167 0.00364543 2.14394e-08
0.18171 0.00364544 2.16373e-08
0.18175 0.00364543 2.14828e-08
0.181789 0.00364544 2.16564e-08
0.181829 0.00364543 2.11972e-08
0.181869 0.00364544 2.15651e-08
0.181909 0.00364543 2.14905e-08
0.181948 0.00364544 2.14785e-08
0.181988 0.00364543 2.14371e-08
0.182028 0.00364544 2.15769e-08
0.182068 0.00364543 2.14087e-08
0.182107 0.00364544 2.15854e-08
0.182147 0.00364543 2.12612e-08
0.182187 0.00364544 2.14638e-08
0.182227 0.00364544 2.14206e-08
0.182266 0.00364544 2.18187e-08
0.182306 0.00364544 2.14097e-08
0.182346 0.00364544 2.15611e-08
0.182386 0.00364544 2.15458e-08
0.182425 0.00364544 2.1575e-08
0.182465 0.00364544 2.16371e-08
0.182505 0.00364544 2.15922e-08
0.182545 0.00364544 2.1402e-08
0.182584 0.00364544 2.17052e-08
0.182624 0.00364544 2.14035e-08
0.182664 0.00364544 2.18236e-08
0.182704 0.00364544 2.1261e-08
0.182744 0.00364544 2.1722e-08
0.182783 0.00364544 2.17819e-08
0.182823 0.00364544 2.14996e-08
0.182863 0.00364544 2.13186e-08
0.182903 0.00364544 2.1472e-08
0.182942 0.00364544 2.12044e-08
0.182982 0.00364544 2.14671e-08
0.183022 0.00364544 2.15725e-08
0.183062 0.00364544 2.18241e-08
0.183101 0.00364544 2.15332e-08
0.183141 0.00364544 2.15704e-08
0.183181 0.00364544 2.15083e-08
0.183221 0.00364544 2.16181e-08
0.18326 0.00364544 2.14472e-08
0.1833 0.00364544 2.16558e-08
0.18334 0.00364544 2.14227e-08
0.18338 0.00364544 2.16717e-08
0.183419 0.00364544 2.14228e-08
0.183459 0.00364544 2.1665e-08
0.183499 0.00364544 2.14334e-08
0.183539 0.00364544 2.16461e-08
0.183579 0.00364544 2.14597e-08
0.183618 0.00364544 2.16183e-08
0.183658 0.00364544 2.14874e-08
0.183698 0.00364544 2.15897e-08
0.183738 0.00364544 2.15161e-08
0.183777 0.00364544 2.1563e-08
0.183817 0.00364544 2.15379e-08
0.183857 0.00364544 2.15462e-08
0.183897 0.00364544 2.15544e-08
0.183936 0.00364544 2.15267e-08
0.183976 0.00364544 2.1576e-08
0.184016 0.00364544 2.15032e-08
0.184056 0.00364544 2.16003e-08
0.184095 0.00364544 2.14853e-08
0.184135 0.00364544 2.16051e-08
0.184175 0.00364545 2.14908e-08
0.184215 0.00364544 2.15962e-08
0.184254 0.00364545 2.15015e-08
0.184294 0.00364544 2.15831e-08
0.184334 0.00364545 2.15129e-08
0.184374 0.00364544 2.1581e-08
0.184414 0.00364545 2.1505e-08
0.184453 0.00364545 2.14516e-08
0.184493 0.00364545 2.14503e-08
0.184533 0.00364545 2.16499e-08
0.184573 0.00364545 2.14629e-08
0.184612 0.00364545 2.14477e-08
0.184652 0.00364545 2.148e-08
0.184692 0.00364545 2.14713e-08
0.184732 0.00364545 2.14321e-08
0.184771 0.00364545 2.14978e-08
0.184811 0.00364545 2.14368e-08
0.184851 0.00364545 2.14806e-08
0.184891 0.00364545 2.14438e-08
0.18493 0.00364545 2.14912e-08
0.18497 0.00364545 2.14262e-08
0.18501 0.00364545 2.15009e-08
0.18505 0.00364545 2.14309e-08
0.185089 0.00364545 2.14875e-08
0.185129 0.00364545 2.14411e-08
0.185169 0.00364545 2.14875e-08
0.185209 0.00364545 2.14343e-08
0.185249 0.00364545 2.14932e-08
0.185288 0.00364545 2.1435e-08
0.185328 0.00364545 2.14854e-08
0.185368 0.00364545 2.14475e-08
0.185408 0.00364545 2.14712e-08
0.185447 0.00364545 2.14615e-08
0.185487 0.00364545 2.14589e-08
0.185527 0.00364545 2.14712e-08
0.185567 0.00364545 2.14519e-08
0.185606 0.00364545 2.1476e-08
0.185646 0.00364545 2.1448e-08
0.185686 0.00364545 2.14807e-08
0.185726 0.00364545 2.14411e-08
0.185765 0.00364545 2.14902e-08
0.185805 0.00364545 2.15816e-08
0.185845 0.00364545 2.15435e-08
0.185885 0.00364545 2.13692e-08
0.185924 0.00364545 2.15552e-08
0.185964 0.00364545 2.15474e-08
0.186004 0.00364545 2.15504e-08
0.186044 0.00364545 2.15172e-08
0.186083 0.00364545 2.15888e-08
0.186123 0.00364545 2.15063e-08
0.186163 0.00364545 2.15739e-08
0.186203 0.00364545 2.15291e-08
0.186243 0.00364545 2.15559e-08
0.186282 0.00364545 2.15402e-08
0.186322 0.00364545 2.15479e-08
0.186362 0.00364545 2.15493e-08
0.186402 0.00364545 2.1536e-08
0.186441 0.00364545 2.15631e-08
0.186481 0.00364545 2.1522e-08
0.186521 0.00364545 2.1576e-08
0.186561 0.00364545 2.15108e-08
0.1866 0.00364545 2.15858e-08
0.18664 0.00364545 2.15015e-08
0.18668 0.00364545 2.15959e-08
0.18672 0.00364545 2.14901e-08
0.186759 0.00364545 2.16077e-08
0.186799 0.00364545 2.14791e-08
0.186839 0.00364545 2.16171e-08
0.186879 0.00364545 2.14722e-08
0.186918 0.00364545 2.16204e-08
0.186958 0.00364545 2.14732e-08
0.186998 0.00364545 2.16153e-08
0.187038 0.00364545 2.14816e-08
0.187078 0.00364545 2.14632e-08
0.187117 0.00364546 2.14482e-08
0.187157 0.00364545 2.15077e-08
0.187197 0.00364546 2.15554e-08
0.187237 0.00364546 2.1485e-08
0.187276 0.00364546 2.13819e-08
0.187316 0.00364545 2.16628e-08
0.187356 0.00364545 2.14186e-08
0.187396 0.00364545 2.14028e-08
0.187435 0.00364546 2.15309e-08
0.187475 0.00364546 2.1421e-08
0.187515 0.00364546 2.16265e-08
0.187555 0.00364546 2.14204e-08
0.187594 0.00364546 2.14249e-08
0.187634 0.00364546 2.15052e-08
0.187674 0.00364546 2.14404e-08
0.187714 0.00364546 2.16113e-08
0.187753 0.00364546 2.14388e-08
0.187793 0.00364546 2.1397e-08
0.187833 0.00364546 2.15437e-08
0.187873 0.00364546 2.12501e-08
0.187913 0.00364546 2.15562e-08
0.187952 0.00364546 2.14455e-08
0.187992 0.00364546 2.14807e-08
0.188032 0.00364546 2.17048e-08
0.188072 0.00364546 2.15315e-08
0.188111 0.00364546 2.13093e-08
0.188151 0.00364546 2.15934e-08
0.188191 0.00364546 2.14163e-08
0.188231 0.00364546 2.15633e-08
0.18827 0.00364546 2.14241e-08
0.18831 0.00364546 2.14816e-08
0.18835 0.00364546 2.15091e-08
0.18839 0.00364546 2.15093e-08
0.188429 0.00364546 2.13792e-08
0.188469 0.00364546 2.15224e-08
0.188509 0.00364546 2.14289e-08
0.188549 0.00364546 2.14921e-08
0.188588 0.00364546 2.14218e-08
0.188628 0.00364546 2.15146e-08
0.188668 0.00364546 2.14089e-08
0.188708 0.00364546 2.15078e-08
0.188748 0.00364546 2.14312e-08
0.188787 0.00364546 2.14805e-08
0.188827 0.00364546 2.14538e-08
0.188867 0.00364546 2.14682e-08
0.188907 0.00364546 2.14544e-08
0.188946 0.00364546 2.16195e-08
0.188986 0.00364546 2.14846e-08
0.189026 0.00364546 2.13834e-08
0.189066 0.00364546 2.13729e-08
0.189105 0.00364546 2.15668e-08
0.189145 0.00364546 2.13771e-08
0.189185 0.00364546 2.13929e-08
0.189225 0.00364546 2.13664e-08
0.189264 0.00364546 2.15819e-08
0.189304 0.00364546 2.13561e-08
0.189344 0.00364546 2.15568e-08
0.189384 0.00364546 2.13921e-08
0.189423 0.00364546 2.15437e-08
0.189463 0.00364546 2.13833e-08
0.189503 0.00364546 2.15584e-08
0.189543 0.00364546 2.13737e-08
0.189583 0.00364546 2.15618e-08
0.189622 0.00364546 2.13718e-08
0.189662 0.00364546 2.15667e-08
0.189702 0.00364546 2.13622e-08
0.189742 0.00364546 2.15802e-08
0.189781 0.00364546 2.13485e-08
0.189821 0.00364546 2.15903e-08
0.189861 0.00364546 2.13414e-08
0.189901 0.00364546 2.15978e-08
0.18994 0.00364546 2.1333e-08
0.18998 0.00364546 2.16019e-08
0.19002 0.00364546 2.1337e-08
0.19006 0.00364546 2.15959e-08
0.190099 0.00364546 2.13365e-08
0.190139 0.00364546 2.1555e-08
0.190179 0.00364546 2.1309e-08
0.190219 0.00364546 2.15826e-08
0.190258 0.00364546 2.12902e-08
0.190298 0.00364546 2.15929e-08
0.190338 0.00364546 2.13468e-08
0.190378 0.00364546 2.15951e-08
0.190417 0.00364546 2.13371e-08
0.190457 0.00364546 2.15934e-08
0.190497 0.00364546 2.13505e-08
0.190537 0.00364546 2.15806e-08
0.190577 0.00364546 2.13671e-08
0.190616 0.00364546 2.15778e-08
0.190656 0.00364546 2.13702e-08
0.190696 0.00364546 2.15568e-08
0.190736 0.00364546 2.14441e-08
0.190775 0.00364546 2.16373e-08
0.190815 0.00364546 2.14737e-08
0.190855 0.00364546 2.16073e-08
0.190895 0.00364546 2.15341e-08
0.190934 0.00364546 2.16845e-08
0.190974 0.00364546 2.15586e-08
0.191014 0.00364546 2.16693e-08
0.191054 0.00364546 2.15547e-08
0.191093 0.00364546 2.16878e-08
0.191133 0.00364546 2.14474e-08
0.191173 0.00364546 2.14983e-08
0.191213 0.00364546 2.15106e-08
0.191252 0.00364546 2.17272e-08
0.191292 0.00364546 2.14414e-08
0.191332 0.00364546 2.14899e-08
0.191372 0.00364546 2.14214e-08
0.191412 0.00364546 2.15448e-08
0.191451 0.00364546 2.1383e-08
0.191491 0.00364546 2.15622e-08
0.191531 0.00364546 2.13836e-08
0.191571 0.00364547 2.15491e-08
0.19161 0.00364546 2.13934e-08
0.19165 0.00364547 2.1555e-08
0.19169 0.00364546 2.13686e-08
0.19173 0.00364547 2.1566e-08
0.191769 0.00364546 2.13738e-08
0.191809 0.00364547 2.16078e-08
0.191849 0.00364547 2.14729e-08
0.191889 0.00364547 2.16341e-08
0.191928 0.00364547 2.14237e-08
0.191968 0.00364547 2.16907e-08
0.192008 0.00364547 2.14203e-08
0.192048 0.00364547 2.16626e-08
0.192087 0.00364547 2.14532e-08
0.192127 0.00364547 2.16562e-08
0.192167 0.00364547 2.14478e-08
0.192207 0.00364547 2.16619e-08
0.192247 0.00364547 2.14472e-08
0.192286 0.00364547 2.16576e-08
0.192326 0.00364547 2.14543e-08
0.192366 0.00364547 2.16508e-08
0.192406 0.00364547 2.14447e-08
0.192445 0.00364547 2.16385e-08
0.192485 0.00364547 2.14699e-08
0.192525 0.00364547 2.16177e-08
0.192565 0.00364547 2.14808e-08
0.192604 0.00364547 2.16133e-08
0.192644 0.00364547 2.14321e-08
0.192684 0.00364547 2.15933e-08
0.192724 0.00364547 2.1426e-08
0.192763 0.00364547 2.16516e-08
0.192803 0.00364547 2.14355e-08
0.192843 0.00364547 2.1599e-08
0.192883 0.00364547 2.14318e-08
0.192922 0.00364547 2.15871e-08
0.192962 0.00364547 2.14655e-08
0.193002 0.00364547 2.15719e-08
0.193042 0.00364547 2.14731e-08
0.193082 0.00364547 2.15498e-08
0.193121 0.00364547 2.15277e-08
0.193161 0.00364547 2.15739e-08
0.193201 0.00364547 2.14984e-08
0.193241 0.00364547 2.15955e-08
0.19328 0.00364547 2.14924e-08
0.19332 0.00364547 2.15895e-08
0.19336 0.00364547 2.15041e-08
0.1934 0.00364547 2.15762e-08
0.193439 0.00364547 2.15173e-08
0.193479 0.00364547 2.15639e-08
0.193519 0.00364547 2.15231e-08
0.193559 0.00364547 2.1555e-08
0.193598 0.00364547 2.15436e-08
0.193638 0.00364547 2.15394e-08
0.193678 0.00364547 2.15449e-08
0.193718 0.00364547 2.15462e-08
0.193757 0.00364547 2.15385e-08
0.193797 0.00364547 2.15155e-08
0.193837 0.00364547 2.15316e-08
0.193877 0.00364548 2.15164e-08
0.193917 0.00364547 2.15242e-08
0.193956 0.00364548 2.15203e-08
0.193996 0.00364547 2.1558e-08
0.194036 0.00364548 2.15346e-08
0.194076 0.00364547 2.15438e-08
0.194115 0.00364548 2.15565e-08
0.194155 0.00364547 2.15133e-08
0.194195 0.00364548 2.15949e-08
0.194235 0.00364547 2.14696e-08
0.194274 0.00364547 2.16385e-08
0.194314 0.00364547 2.1432e-08
0.194354 0.00364547 2.16662e-08
0.194394 0.00364547 2.14155e-08
0.194433 0.00364547 2.16718e-08
0.194473 0.00364547 2.14199e-08
0.194513 0.00364547 2.16587e-08
0.194553 0.00364547 2.14396e-08
0.194592 0.00364547 2.16351e-08
0.194632 0.00364547 2.14639e-08
0.194672 0.00364547 2.16129e-08
0.194712 0.00364547 2.14892e-08
0.194751 0.00364547 2.15944e-08
0.194791 0.00364547 2.13355e-08
0.194831 0.00364548 2.14535e-08
0.194871 0.00364547 2.16076e-08
0.194911 0.00364547 2.15261e-08
0.19495 0.00364547 2.1254e-08
0.19499 0.00364547 2.17799e-08
0.19503 0.00364547 2.13858e-08
0.19507 0.00364548 2.16152e-08
0.195109 0.00364547 2.17665e-08
0.195149 0.00364547 2.14057e-08
0.195189 0.00364547 2.15781e-08
0.195229 0.00364547 2.18319e-08
0.195268 0.00364547 2.13199e-08
0.195308 0.00364548 2.16633e-08
0.195348 0.00364547 2.15054e-08
0.195388 0.00364548 2.13104e-08
0.195427 0.00364547 2.16836e-08
0.195467 0.00364548 2.17534e-08
0.195507 0.00364547 2.13525e-08
0.195547 0.00364548 2.16494e-08
0.195586 0.00364547 2.15278e-08
0.195626 0.00364548 2.15275e-08
0.195666 0.00364547 2.15413e-08
0.195706 0.00364548 2.14241e-08
0.195746 0.00364547 2.14441e-08
0.195785 0.00364548 2.16482e-08
0.195825 0.00364547 2.14614e-08
0.195865 0.00364548 2.15851e-08
0.195905 0.00364547 2.15281e-08
0.195944 0.00364548 2.15535e-08
0.195984 0.00364547 2.15293e-08
0.196024 0.00364548 2.15616e-08
0.196064 0.00364548 2.1526e-08
0.196103 0.00364548 2.15585e-08
0.196143 0.00364548 2.15305e-08
0.196183 0.00364548 2.1404e-08
0.196223 0.00364548 2.14797e-08
0.196262 0.00364548 2.16174e-08
0.196302 0.00364548 2.14755e-08
0.196342 0.00364548 2.14361e-08
0.196382 0.00364548 2.1617e-08
0.196421 0.00364548 2.16765e-08
0.196461 0.00364548 2.14109e-08
0.196501 0.00364548 2.1642e-08
0.196541 0.00364548 2.14879e-08
0.196581 0.00364548 2.14289e-08
0.19662 0.00364548 2.16061e-08
0.19666 0.00364548 2.16966e-08
0.1967 0.00364548 2.13929e-08
0.19674 0.00364548 2.1653e-08
0.196779 0.00364548 2.14835e-08
0.196819 0.00364548 2.15816e-08
0.196859 0.00364548 2.15048e-08
0.196899 0.00364548 2.15869e-08
0.196938 0.00364548 2.15041e-08
0.196978 0.00364548 2.1571e-08
0.197018 0.00364548 2.17394e-08
0.197058 0.00364548 2.14024e-08
0.197097 0.00364548 2.16218e-08
0.197137 0.00364548 2.15195e-08
0.197177 0.00364548 2.15446e-08
0.197217 0.00364548 2.15471e-08
0.197256 0.00364548 2.15364e-08
0.197296 0.00364548 2.15551e-08
0.197336 0.00364548 2.1517e-08
0.197376 0.00364548 2.15807e-08
0.197416 0.00364548 2.13438e-08
0.197455 0.00364548 2.16975e-08
0.197495 0.00364548 2.14302e-08
0.197535 0.00364548 2.16899e-08
0.197575 0.00364548 2.16065e-08
0.197614 0.00364548 2.15622e-08
0.197654 0.00364548 2.14397e-08
0.197694 0.00364548 2.17162e-08
0.197734 0.00364548 2.13456e-08
0.197773 0.00364548 2.1734e-08
0.197813 0.00364548 2.13744e-08
0.197853 0.00364548 2.16884e-08
0.197893 0.00364548 2.1368e-08
0.197932 0.00364548 2.16473e-08
0.197972 0.00364548 2.15104e-08
0.198012 0.00364548 2.15206e-08
0.198052 0.00364548 2.16049e-08
0.198091 0.00364548 2.14629e-08
0.198131 0.00364548 2.16246e-08
0.198171 0.00364548 2.14921e-08
0.198211 0.00364548 2.15762e-08
0.19825 0.00364548 2.15605e-08
0.19829 0.00364548 2.15015e-08
0.19833 0.00364548 2.16129e-08
0.19837 0.00364548 2.1444e-08
0.19841 0.00364548 2.16488e-08
0.198449 0.00364548 2.14216e-08
0.198489 0.00364548 2.16458e-08
0.198529 0.00364548 2.14419e-08
0.198569 0.00364548 2.1619e-08
0.198608 0.00364548 2.14681e-08
0.198648 0.00364548 2.15969e-08
0.198688 0.00364548 2.14847e-08
0.198728 0.00364548 2.15974e-08
0.198767 0.00364548 2.14803e-08
0.198807 0.00364548 2.15907e-08
0.198847 0.00364548 2.15001e-08
0.198887 0.00364548 2.16174e-08
0.198926 0.00364548 2.14496e-08
0.198966 0.00364548 2.16325e-08
0.199006 0.00364548 2.14626e-08
0.199046 0.00364548 2.16254e-08
0.199085 0.00364548 2.1456e-08
0.199125 0.00364548 2.16365e-08
0.199165 0.00364548 2.14283e-08
0.199205 0.00364548 2.17925e-08
0.199245 0.00364548 2.13391e-08
0.199284 0.00364548 2.16742e-08
0.199324 0.00364548 2.15615e-08
0.199364 0.00364548 2.15624e-08
0.199404 0.00364548 2.14882e-08
0.199443 0.00364548 2.16243e-08
0.199483 0.00364548 2.15919e-08
0.199523 0.00364548 2.1488e-08
0.199563 0.00364548 2.15913e-08
0.199602 0.00364548 2.16997e-08
0.199642 0.00364548 2.14164e-08
0.199682 0.00364548 2.16967e-08
0.199722 0.00364548 2.13848e-08
0.199761 0.00364548 2.17067e-08
0.199801 0.00364548 2.15342e-08
0.199841 0.00364548 2.15932e-08
0.199881 0.00364547 2.17663e-08
0.19992 0.00364548 2.20187e-08
0.19996 0.00364547 2.16665e-08
0.2 0.00364547 2.18119e-08
0.20004 0.00364548 2.16985e-08
0.20008 0.00364548 2.22714e-08
0.200119 0.00364548 2.16569e-08
0.200159 0.00364548 2.19896e-08
0.200199 0.00364547 2.16038e-08
0.200239 0.00364548 2.14923e-08
0.200278 0.00364547 2.118e-08
0.200318 0.00364548 2.16007e-08
0.200358 0.00364547 2.15157e-08
0.200398 0.00364548 2.16015e-08
0.200437 0.00364548 2.14228e-08
0.200477 0.00364548 2.17263e-08
0.200517 0.00364548 2.12318e-08
0.200557 0.00364548 2.17835e-08
0.200596 0.00364548 2.13028e-08
0.200636 0.00364548 2.17626e-08
0.200676 0.00364548 2.13366e-08
0.200716 0.00364548 2.16875e-08
0.200755 0.00364548 2.14378e-08
0.200795 0.00364548 2.16132e-08
0.200835 0.00364548 2.14956e-08
0.200875 0.00364548 2.16762e-08
0.200915 0.00364548 2.15979e-08
0.200954 0.00364548 2.17147e-08
0.200994 0.00364548 2.15064e-08
0.201034 0.00364548 2.17323e-08
0.201074 0.00364548 2.15016e-08
0.201113 0.00364548 2.16858e-08
0.201153 0.00364548 2.1406e-08
0.201193 0.00364548 2.16676e-08
0.201233 0.00364548 2.14253e-08
0.201272 0.00364549 2.16537e-08
0.201312 0.00364548 2.15757e-08
0.201352 0.00364549 2.15431e-08
0.201392 0.00364548 2.11683e-08
0.201431 0.00364549 2.14518e-08
0.201471 0.00364548 2.11899e-08
0.201511 0.00364549 2.14802e-08
0.201551 0.00364548 2.11271e-08
0.20159 0.00364549 2.15511e-08
0.20163 0.00364548 2.10796e-08
0.20167 0.00364549 2.15677e-08
0.20171 0.00364548 2.10785e-08
0.20175 0.00364549 2.16087e-08
0.201789 0.00364548 2.14843e-08
0.201829 0.00364548 2.16407e-08
0.201869 0.00364548 2.12376e-08
0.201909 0.00364548 2.19831e-08
0.201948 0.00364548 2.16478e-08
0.201988 0.00364548 2.1881e-08
0.202028 0.00364549 2.163e-08
0.202068 0.00364548 2.18864e-08
0.202107 0.00364549 2.16721e-08
0.202147 0.00364549 2.18208e-08
0.202187 0.00364549 2.17248e-08
0.202227 0.00364549 2.18357e-08
0.202266 0.00364549 2.18299e-08
0.202306 0.00364549 2.18648e-08
0.202346 0.00364549 2.1783e-08
0.202386 0.00364549 2.18581e-08
0.202425 0.00364549 2.16589e-08
0.202465 0.00364549 2.18601e-08
0.202505 0.00364549 2.16642e-08
0.202545 0.00364549 2.17293e-08
0.202584 0.00364549 2.15478e-08
0.202624 0.00364549 2.1699e-08
0.202664 0.00364549 2.15973e-08
0.202704 0.00364549 2.15977e-08
0.202744 0.00364549 2.14449e-08
0.202783 0.00364549 2.17636e-08
0.202823 0.00364549 2.13189e-08
0.202863 0.00364549 2.17462e-08
0.202903 0.00364549 2.13479e-08
0.202942 0.00364549 2.17242e-08
0.202982 0.00364549 2.13601e-08
0.203022 0.00364549 2.17076e-08
0.203062 0.00364549 2.13888e-08
0.203101 0.00364549 2.16719e-08
0.203141 0.00364549 2.14213e-08
0.203181 0.00364549 2.16493e-08
0.203221 0.00364549 2.14345e-08
0.20326 0.00364549 2.16028e-08
0.2033 0.00364549 2.13627e-08
0.20334 0.00364549 2.16168e-08
0.20338 0.00364549 2.13543e-08
0.203419 0.00364549 2.15863e-08
0.203459 0.00364549 2.14231e-08
0.203499 0.00364549 2.15005e-08
0.203539 0.00364549 2.15041e-08
0.203579 0.00364549 2.14373e-08
0.203618 0.00364549 2.15448e-08
0.203658 0.00364549 2.14186e-08
0.203698 0.00364549 2.15453e-08
0.203738 0.00364549 2.14307e-08
0.203777 0.00364549 2.15273e-08
0.203817 0.00364549 2.14484e-08
0.203857 0.00364549 2.15147e-08
0.203897 0.0036455 2.14535e-08
0.203936 0.00364549 2.15172e-08
0.203976 0.0036455 2.14453e-08
0.204016 0.00364549 2.15283e-08
0.204056 0.0036455 2.14343e-08
0.204095 0.00364549 2.15366e-08
0.204135 0.0036455 2.14016e-08
0.204175 0.0036455 2.15791e-08
0.204215 0.0036455 2.14751e-08
0.204254 0.0036455 2.15815e-08
0.204294 0.0036455 2.14984e-08
0.204334 0.0036455 2.15888e-08
0.204374 0.0036455 2.15412e-08
0.204414 0.00364549 2.15243e-08
0.204453 0.0036455 2.15703e-08
0.204493 0.00364549 2.15111e-08
0.204533 0.0036455 2.15845e-08
0.204573 0.00364549 2.14985e-08
0.204612 0.0036455 2.15881e-08
0.204652 0.00364549 2.1506e-08
0.204692 0.0036455 2.15734e-08
0.204732 0.00364549 2.15214e-08
0.204771 0.0036455 2.15628e-08
0.204811 0.00364549 2.15244e-08
0.204851 0.0036455 2.15675e-08
0.204891 0.00364549 2.1514e-08
0.20493 0.0036455 2.15802e-08
0.20497 0.00364549 2.15027e-08
0.20501 0.0036455 2.1587e-08
0.20505 0.00364549 2.15022e-08
0.205089 0.0036455 2.15808e-08
0.205129 0.00364549 2.15142e-08
0.205169 0.0036455 2.1565e-08
0.205209 0.00364549 2.15314e-08
0.205249 0.0036455 2.15487e-08
0.205288 0.00364549 2.15451e-08
0.205328 0.0036455 2.15384e-08
0.205368 0.00364549 2.15519e-08
0.205408 0.0036455 2.15348e-08
0.205447 0.00364549 2.15532e-08
0.205487 0.0036455 2.15349e-08
0.205527 0.00364549 2.15522e-08
0.205567 0.0036455 2.15364e-08
0.205606 0.0036455 2.15505e-08
0.205646 0.0036455 2.15381e-08
0.205686 0.0036455 2.15489e-08
0.205726 0.0036455 2.15395e-08
0.205765 0.0036455 2.1548e-08
0.205805 0.0036455 2.15398e-08
0.205845 0.00364549 2.15195e-08
0.205885 0.0036455 2.15806e-08
0.205924 0.0036455 2.14896e-08
0.205964 0.0036455 2.15656e-08
0.206004 0.0036455 2.15336e-08
0.206044 0.0036455 2.14708e-08
0.206083 0.0036455 2.14922e-08
0.206123 0.0036455 2.14193e-08
0.206163 0.0036455 2.15772e-08
0.206203 0.0036455 2.13934e-08
0.206243 0.0036455 2.15612e-08
0.206282 0.0036455 2.14191e-08
0.206322 0.0036455 2.15392e-08
0.206362 0.0036455 2.14357e-08
0.206402 0.0036455 2.15283e-08
0.206441 0.0036455 2.14393e-08
0.206481 0.0036455 2.15335e-08
0.206521 0.0036455 2.14254e-08
0.206561 0.0036455 2.1554e-08
0.2066 0.0036455 2.14018e-08
0.20664 0.0036455 2.15769e-08
0.20668 0.0036455 2.1383e-08
0.20672 0.0036455 2.15896e-08
0.206759 0.0036455 2.1377e-08
0.206799 0.0036455 2.15893e-08
0.206839 0.0036455 2.13821e-08
0.206879 0.0036455 2.15814e-08
0.206918 0.0036455 2.13907e-08
0.206958 0.0036455 2.15739e-08
0.206998 0.0036455 2.13961e-08
0.207038 0.0036455 2.15709e-08
0.207078 0.00364551 2.13973e-08
0.207117 0.0036455 2.15706e-08
0.207157 0.00364551 2.13979e-08
0.207197 0.0036455 2.15688e-08
0.207237 0.00364551 2.14015e-08
0.207276 0.0036455 2.15632e-08
0.207316 0.00364551 2.14088e-08
0.207356 0.0036455 2.15546e-08
0.207396 0.00364551 2.14183e-08
0.207435 0.0036455 2.15448e-08
0.207475 0.00364551 2.1428e-08
0.207515 0.00364551 2.15352e-08
0.207555 0.00364551 2.14375e-08
0.207594 0.00364551 2.1526e-08
0.207634 0.00364551 2.14464e-08
0.207674 0.00364551 2.15176e-08
0.207714 0.00364551 2.1454e-08
0.207753 0.00364551 2.15112e-08
0.207793 0.00364551 2.14652e-08
0.207833 0.00364551 2.15031e-08
0.207873 0.00364551 2.14601e-08
0.207913 0.00364551 2.15119e-08
0.207952 0.00364551 2.14542e-08
0.207992 0.00364551 2.15151e-08
0.208032 0.00364551 2.14511e-08
0.208072 0.00364551 2.14825e-08
0.208111 0.00364551 2.15089e-08
0.208151 0.00364551 2.14874e-08
0.208191 0.00364551 2.14427e-08
0.208231 0.00364551 2.15446e-08
0.20827 0.00364551 2.14335e-08
0.20831 0.00364551 2.15355e-08
0.20835 0.00364551 2.1422e-08
0.20839 0.00364551 2.15565e-08
0.208429 0.00364551 2.14065e-08
0.208469 0.00364551 2.15618e-08
0.208509 0.00364551 2.1409e-08
0.208549 0.00364551 2.1555e-08
0.208588 0.00364551 2.14178e-08
0.208628 0.00364551 2.14072e-08
0.208668 0.00364551 2.11451e-08
0.208708 0.00364551 2.13298e-08
0.208748 0.00364551 2.12341e-08
0.208787 0.00364551 2.12919e-08
0.208827 0.00364551 2.12296e-08
0.208867 0.00364551 2.13127e-08
0.208907 0.00364551 2.12106e-08
0.208946 0.00364551 2.13243e-08
0.208986 0.00364551 2.12052e-08
0.209026 0.00364551 2.13255e-08
0.209066 0.00364551 2.12081e-08
0.209105 0.00364551 2.13181e-08
0.209145 0.00364551 2.12198e-08
0.209185 0.00364551 2.13035e-08
0.209225 0.00364551 2.1235e-08
0.209264 0.00364551 2.14592e-08
0.209304 0.00364551 2.16132e-08
0.209344 0.00364551 2.13673e-08
0.209384 0.00364552 2.11503e-08
0.209423 0.00364551 2.13173e-08
0.209463 0.00364551 2.12646e-08
0.209503 0.00364551 2.12474e-08
0.209543 0.00364552 2.12838e-08
0.209583 0.00364551 2.12497e-08
0.209622 0.00364552 2.12835e-08
0.209662 0.00364551 2.12421e-08
0.209702 0.00364552 2.12936e-08
0.209742 0.00364551 2.1236e-08
0.209781 0.00364552 2.12944e-08
0.209821 0.00364551 2.12375e-08
0.209861 0.00364552 2.12947e-08
0.209901 0.00364551 2.12325e-08
0.20994 0.00364552 2.13048e-08
0.20998 0.00364551 2.12194e-08
0.21002 0.00364552 2.13182e-08
0.21006 0.00364551 2.12078e-08
0.210099 0.00364552 2.1327e-08
0.210139 0.00364551 2.12017e-08
0.210179 0.00364552 2.13315e-08
0.210219 0.00364551 2.11973e-08
0.210258 0.00364552 2.13367e-08
0.210298 0.00364551 2.1191e-08
0.210338 0.00364551 2.13437e-08
0.210378 0.00364551 2.13229e-08
0.210417 0.00364552 2.16304e-08
0.210457 0.00364551 2.139e-08
0.210497 0.00364552 2.15469e-08
0.210537 0.00364551 2.14644e-08
0.210577 0.00364552 2.15215e-08
0.210616 0.00364551 2.13999e-08
0.210656 0.00364552 2.15484e-08
0.210696 0.00364551 2.14161e-08
0.210736 0.00364552 2.15571e-08
0.210775 0.00364551 2.14317e-08
0.210815 0.00364552 2.15428e-08
0.210855 0.00364551 2.14084e-08
0.210895 0.00364552 2.15674e-08
0.210934 0.00364552 2.14045e-08
0.210974 0.00364552 2.15564e-08
0.211014 0.00364552 2.14171e-08
0.211054 0.00364552 2.155e-08
0.211093 0.00364552 2.14171e-08
0.211133 0.00364552 2.15532e-08
0.211173 0.00364552 2.14203e-08
0.211213 0.00364552 2.15557e-08
0.211252 0.00364552 2.14164e-08
0.211292 0.00364552 2.15501e-08
0.211332 0.00364552 2.14172e-08
0.211372 0.00364552 2.15527e-08
0.211412 0.00364552 2.14141e-08
0.211451 0.00364552 2.15563e-08
0.211491 0.00364552 2.13717e-08
0.211531 0.00364552 2.15903e-08
0.211571 0.00364552 2.1388e-08
0.21161 0.00364552 2.16012e-08
0.21165 0.00364552 2.13704e-08
0.21169 0.00364552 2.15819e-08
0.21173 0.00364552 2.13969e-08
0.211769 0.00364552 2.15696e-08
0.211809 0.00364552 2.13971e-08
0.211849 0.00364552 2.15729e-08
0.211889 0.00364552 2.13949e-08
0.211928 0.00364552 2.15744e-08
0.211968 0.00364552 2.14229e-08
0.212008 0.00364552 2.16368e-08
0.212048 0.00364552 2.14726e-08
0.212087 0.00364552 2.15956e-08
0.212127 0.00364552 2.14951e-08
0.212167 0.00364552 2.16115e-08
0.212207 0.00364552 2.14708e-08
0.212247 0.00364552 2.16328e-08
0.212286 0.00364552 2.14474e-08
0.212326 0.00364552 2.16539e-08
0.212366 0.00364552 2.14121e-08
0.212406 0.00364552 2.1702e-08
0.212445 0.00364552 2.13657e-08
0.212485 0.00364552 2.17338e-08
0.212525 0.00364551 2.13528e-08
0.212565 0.00364552 2.1731e-08
0.212604 0.00364551 2.1357e-08
0.212644 0.00364552 2.17202e-08
0.212684 0.00364551 2.13841e-08
0.212724 0.00364551 2.1693e-08
0.212763 0.00364551 2.13985e-08
0.212803 0.00364551 2.16921e-08
0.212843 0.00364551 2.13855e-08
0.212883 0.00364551 2.17067e-08
0.212922 0.00364551 2.13739e-08
0.212962 0.00364551 2.1721e-08
0.213002 0.00364551 2.13276e-08
0.213042 0.00364551 2.17535e-08
0.213082 0.00364551 2.13167e-08
0.213121 0.00364551 2.17478e-08
0.213161 0.00364551 2.136e-08
0.213201 0.00364551 2.17009e-08
0.213241 0.00364551 2.1416e-08
0.21328 0.00364551 2.16758e-08
0.21332 0.00364551 2.13937e-08
0.21336 0.00364551 2.17172e-08
0.2134 0.00364551 2.13544e-08
0.213439 0.00364551 2.17387e-08
0.213479 0.00364551 2.13684e-08
0.213519 0.00364551 2.17404e-08
0.213559 0.00364551 2.13422e-08
0.213598 0.00364551 2.1698e-08
0.213638 0.00364551 2.13996e-08
0.213678 0.00364551 2.17097e-08
0.213718 0.00364551 2.13774e-08
0.213757 0.00364551 2.1719e-08
0.213797 0.00364551 2.13631e-08
0.213837 0.00364551 2.1731e-08
0.213877 0.00364551 2.13536e-08
0.213917 0.00364551 2.17328e-08
0.213956 0.00364551 2.13568e-08
0.213996 0.00364551 2.17316e-08
0.214036 0.00364551 2.13546e-08
0.214076 0.00364551 2.1739e-08
0.214115 0.00364551 2.13411e-08
0.214155 0.00364551 2.1865e-08
0.214195 0.00364551 2.12167e-08
0.214235 0.00364551 2.18755e-08
0.214274 0.00364551 2.12246e-08
0.214314 0.00364551 2.18367e-08
0.214354 0.00364551 2.12899e-08
0.214394 0.00364551 2.17437e-08
0.214433 0.00364551 2.11942e-08
0.214473 0.00364551 2.17665e-08
0.214513 0.00364551 2.1477e-08
0.214553 0.00364551 2.15944e-08
0.214592 0.00364551 2.14491e-08
0.214632 0.00364551 2.16805e-08
0.214672 0.00364551 2.14148e-08
0.214712 0.00364551 2.17805e-08
0.214751 0.00364551 2.1321e-08
0.214791 0.00364551 2.17603e-08
0.214831 0.00364551 2.13189e-08
0.214871 0.00364551 2.17786e-08
0.214911 0.00364551 2.13115e-08
0.21495 0.00364551 2.17652e-08
0.21499 0.00364551 2.13396e-08
0.21503 0.00364551 2.17335e-08
0.21507 0.00364551 2.13742e-08
0.215109 0.00364551 2.17181e-08
0.215149 0.00364551 2.13755e-08
0.215189 0.00364551 2.1713e-08
0.215229 0.00364551 2.13826e-08
0.215268 0.00364551 2.17066e-08
0.215308 0.00364551 2.13928e-08
0.215348 0.00364551 2.17007e-08
0.215388 0.00364551 2.13815e-08
0.215427 0.00364551 2.1706e-08
0.215467 0.00364551 2.13853e-08
0.215507 0.00364551 2.17006e-08
0.215547 0.00364551 2.13931e-08
0.215586 0.00364551 2.16771e-08
0.215626 0.00364551 2.14175e-08
0.215666 0.00364551 2.16475e-08
0.215706 0.00364551 2.14649e-08
0.215746 0.00364551 2.15925e-08
0.215785 0.00364551 2.15169e-08
0.215825 0.00364551 2.15576e-08
0.215865 0.00364551 2.15414e-08
0.215905 0.00364551 2.15405e-08
0.215944 0.00364551 2.15488e-08
0.215984 0.00364551 2.15449e-08
0.216024 0.00364551 2.15266e-08
0.216064 0.00364551 2.15725e-08
0.216103 0.00364551 2.15098e-08
0.216143 0.00364551 2.1601e-08
0.216183 0.00364551 2.14919e-08
0.216223 0.00364551 2.1599e-08
0.216262 0.00364551 2.1482e-08
0.216302 0.00364551 2.15722e-08
0.216342 0.00364551 2.15198e-08
0.216382 0.00364551 2.15838e-08
0.216421 0.00364551 2.15136e-08
0.216461 0.00364551 2.15767e-08
0.216501 0.00364551 2.15364e-08
0.216541 0.00364551 2.15482e-08
0.216581 0.00364551 2.15621e-08
0.21662 0.00364551 2.15286e-08
0.21666 0.00364551 2.15751e-08
0.2167 0.00364551 2.15225e-08
0.21674 0.00364551 2.1559e-08
0.216779 0.00364551 2.15328e-08
0.216819 0.00364551 2.1552e-08
0.216859 0.00364551 2.15594e-08
0.216899 0.00364551 2.15292e-08
0.216938 0.00364552 2.14599e-08
0.216978 0.00364551 2.16141e-08
0.217018 0.00364551 2.14831e-08
0.217058 0.00364551 2.15924e-08
0.217097 0.00364551 2.15166e-08
0.217137 0.00364551 2.16035e-08
0.217177 0.00364551 2.15512e-08
0.217217 0.00364551 2.14833e-08
0.217256 0.00364551 2.17424e-08
0.217296 0.00364551 2.13424e-08
0.217336 0.00364551 2.16258e-08
0.217376 0.00364551 2.14921e-08
0.217416 0.00364551 2.15531e-08
0.217455 0.00364551 2.15731e-08
0.217495 0.00364551 2.14914e-08
0.217535 0.00364551 2.16031e-08
0.217575 0.00364551 2.14967e-08
0.217614 0.00364551 2.14596e-08
0.217654 0.00364551 2.16565e-08
0.217694 0.00364551 2.14903e-08
0.217734 0.00364551 2.15994e-08
0.217773 0.00364551 2.15001e-08
0.217813 0.00364551 2.15508e-08
0.217853 0.00364551 2.15469e-08
0.217893 0.00364551 2.16666e-08
0.217932 0.00364551 2.14003e-08
0.217972 0.00364552 2.15103e-08
0.218012 0.00364551 2.15826e-08
0.218052 0.00364551 2.15212e-08
0.218091 0.00364551 2.15666e-08
0.218131 0.00364551 2.15287e-08
0.218171 0.00364551 2.14487e-08
0.218211 0.00364551 2.16578e-08
0.21825 0.00364551 2.15364e-08
0.21829 0.00364551 2.15714e-08
0.21833 0.00364551 2.15091e-08
0.21837 0.00364551 2.15678e-08
0.21841 0.00364551 2.15269e-08
0.218449 0.00364551 2.15528e-08
0.218489 0.00364551 2.15309e-08
0.218529 0.00364551 2.15599e-08
0.218569 0.00364551 2.15171e-08
0.218608 0.00364551 2.15741e-08
0.218648 0.00364551 2.15085e-08
0.218688 0.00364551 2.15736e-08
0.218728 0.00364551 2.15186e-08
0.218767 0.00364551 2.15416e-08
0.218807 0.00364551 2.15389e-08
0.218847 0.00364551 2.15437e-08
0.218887 0.00364551 2.14435e-08
0.218926 0.00364551 2.16205e-08
0.218966 0.00364551 2.1477e-08
0.219006 0.00364551 2.15847e-08
0.219046 0.00364551 2.15277e-08
0.219085 0.00364551 2.15173e-08
0.219125 0.00364551 2.16069e-08
0.219165 0.00364551 2.14371e-08
0.219205 0.00364551 2.16758e-08
0.219245 0.00364552 2.13889e-08
0.219284 0.00364551 2.16998e-08
0.219324 0.00364552 2.13866e-08
0.219364 0.00364551 2.1698e-08
0.219404 0.00364552 2.14109e-08
0.219443 0.00364551 2.16692e-08
0.219483 0.00364552 2.14208e-08
0.219523 0.00364551 2.16285e-08
0.219563 0.00364552 2.14133e-08
0.219602 0.00364552 2.16324e-08
0.219642 0.00364552 2.14072e-08
0.219682 0.00364552 2.16347e-08
0.219722 0.00364552 2.14601e-08
0.219761 0.00364552 2.16426e-08
0.219801 0.00364552 2.14525e-08
0.219841 0.00364552 2.16517e-08
0.219881 0.00364552 2.14447e-08
0.21992 0.00364552 2.16247e-08
0.21996 0.00364552 2.14749e-08
0.22 0.00364552 2.16126e-08
0.22004 0.00364552 2.14718e-08
0.22008 0.00364552 2.16197e-08
0.220119 0.00364552 2.14672e-08
0.220159 0.00364552 2.16231e-08
0.220199 0.00364552 2.14639e-08
0.220239 0.00364552 2.16256e-08
0.220278 0.00364552 2.14638e-08
0.220318 0.00364552 2.16215e-08
0.220358 0.00364552 2.14805e-08
0.220398 0.00364552 2.16121e-08
0.220437 0.00364552 2.14851e-08
0.220477 0.00364552 2.16056e-08
0.220517 0.00364552 2.14942e-08
0.220557 0.00364552 2.1598e-08
0.220596 0.00364552 2.14961e-08
0.220636 0.00364552 2.16033e-08
0.220676 0.00364552 2.14846e-08
0.220716 0.00364552 2.16189e-08
0.220755 0.00364552 2.14672e-08
0.220795 0.00364552 2.1636e-08
0.220835 0.00364552 2.1452e-08
0.220875 0.00364552 2.16483e-08
0.220915 0.00364552 2.1443e-08
0.220954 0.00364552 2.16542e-08
0.220994 0.00364552 2.144e-08
0.221034 0.00364552 2.16546e-08
0.221074 0.00364552 2.14416e-08
0.221113 0.00364552 2.16444e-08
0.221153 0.00364552 2.13811e-08
0.221193 0.00364552 2.16761e-08
0.221233 0.00364552 2.14383e-08
0.221272 0.00364552 2.16381e-08
0.221312 0.00364552 2.14653e-08
0.221352 0.00364552 2.16283e-08
0.221392 0.00364552 2.1448e-08
0.221431 0.00364552 2.16488e-08
0.221471 0.00364552 2.14385e-08
0.221511 0.00364552 2.16481e-08
0.221551 0.00364552 2.14437e-08
0.22159 0.00364552 2.16419e-08
0.22163 0.00364552 2.14501e-08
0.22167 0.00364552 2.16347e-08
0.22171 0.00364552 2.1459e-08
0.22175 0.00364552 2.16241e-08
0.221789 0.00364552 2.14707e-08
0.221829 0.00364552 2.16119e-08
0.221869 0.00364552 2.14952e-08
0.221909 0.00364552 2.15841e-08
0.221948 0.00364552 2.14971e-08
0.221988 0.00364552 2.16014e-08
0.222028 0.00364552 2.13138e-08
0.222068 0.00364552 2.16062e-08
0.222107 0.00364552 2.15832e-08
0.222147 0.00364552 2.15217e-08
0.222187 0.00364552 2.15174e-08
0.222227 0.00364552 2.16053e-08
0.222266 0.00364552 2.14697e-08
0.222306 0.00364552 2.16249e-08
0.222346 0.00364552 2.14577e-08
0.222386 0.00364552 2.16369e-08
0.222425 0.00364552 2.14971e-08
0.222465 0.00364552 2.16779e-08
0.222505 0.00364552 2.14501e-08
0.222545 0.00364552 2.15899e-08
0.222584 0.00364552 2.15322e-08
0.222624 0.00364552 2.15396e-08
0.222664 0.00364552 2.15557e-08
0.222704 0.00364552 2.15324e-08
0.222744 0.00364552 2.15535e-08
0.222783 0.00364552 2.15404e-08
0.222823 0.00364552 2.15426e-08
0.222863 0.00364552 2.15508e-08
0.222903 0.00364552 2.1536e-08
0.222942 0.00364552 2.15587e-08
0.222982 0.00364552 2.1536e-08
0.223022 0.00364552 2.15406e-08
0.223062 0.00364552 2.1557e-08
0.223101 0.00364552 2.15265e-08
0.223141 0.00364552 2.15678e-08
0.223181 0.00364552 2.15132e-08
0.223221 0.00364552 2.15851e-08
0.22326 0.00364552 2.14937e-08
0.2233 0.00364552 2.16046e-08
0.22334 0.00364552 2.14755e-08
0.22338 0.00364552 2.1621e-08
0.223419 0.00364552 2.14615e-08
0.223459 0.00364552 2.16317e-08
0.223499 0.00364552 2.14551e-08
0.223539 0.00364552 2.16335e-08
0.223579 0.00364552 2.15038e-08
0.223618 0.00364552 2.16752e-08
0.223658 0.00364552 2.14414e-08
0.223698 0.00364552 2.16148e-08
0.223738 0.00364552 2.15031e-08
0.223777 0.00364552 2.15854e-08
0.223817 0.00364552 2.14918e-08
0.223857 0.00364552 2.16044e-08
0.223897 0.00364552 2.14853e-08
0.223936 0.00364552 2.15978e-08
0.223976 0.00364552 2.14977e-08
0.224016 0.00364552 2.15856e-08
0.224056 0.00364552 2.15073e-08
0.224095 0.00364552 2.15788e-08
0.224135 0.00364552 2.15113e-08
0.224175 0.00364552 2.15779e-08
0.224215 0.00364552 2.1336e-08
0.224254 0.00364552 2.15936e-08
0.224294 0.00364552 2.1585e-08
0.224334 0.00364552 2.15292e-08
0.224374 0.00364552 2.1503e-08
0.224414 0.00364552 2.1626e-08
0.224453 0.00364552 2.13838e-08
0.224493 0.00364552 2.16811e-08
0.224533 0.00364552 2.14229e-08
0.224573 0.00364552 2.16664e-08
0.224612 0.00364552 2.14292e-08
0.224652 0.00364552 2.16032e-08
0.224692 0.00364552 2.14562e-08
0.224732 0.00364552 2.16634e-08
0.224771 0.00364552 2.1429e-08
0.224811 0.00364552 2.16557e-08
0.224851 0.00364552 2.1451e-08
0.224891 0.00364552 2.16386e-08
0.22493 0.00364552 2.13968e-08
0.22497 0.00364552 2.16077e-08
0.22501 0.00364552 2.1414e-08
0.22505 0.00364552 2.16065e-08
0.225089 0.00364552 2.14585e-08
0.225129 0.00364552 2.16561e-08
0.225169 0.00364552 2.14341e-08
0.225209 0.00364552 2.16613e-08
0.225249 0.00364552 2.1434e-08
0.225288 0.00364552 2.16624e-08
0.225328 0.00364552 2.14336e-08
0.225368 0.00364552 2.16594e-08
0.225408 0.00364552 2.14392e-08
0.225447 0.00364552 2.16655e-08
0.225487 0.00364552 2.14404e-08
0.225527 0.00364552 2.15759e-08
0.225567 0.00364552 2.14585e-08
0.225606 0.00364552 2.15808e-08
0.225646 0.00364552 2.14998e-08
0.225686 0.00364552 2.15916e-08
0.225726 0.00364552 2.1494e-08
0.225765 0.00364552 2.15991e-08
0.225805 0.00364552 2.1483e-08
0.225845 0.00364553 2.16169e-08
0.225885 0.00364552 2.13984e-08
0.225924 0.00364553 2.16115e-08
0.225964 0.00364552 2.13935e-08
0.226004 0.00364553 2.16902e-08
0.226044 0.00364552 2.14016e-08
0.226083 0.00364553 2.16917e-08
0.226123 0.00364552 2.13877e-08
0.226163 0.00364553 2.15444e-08
0.226203 0.00364553 2.1439e-08
0.226243 0.00364553 2.15883e-08
0.226282 0.00364552 2.14673e-08
0.226322 0.00364553 2.16688e-08
0.226362 0.00364552 2.13943e-08
0.226402 0.00364552 2.17427e-08
0.226441 0.00364552 2.1238e-08
0.226481 0.00364553 2.19395e-08
0.226521 0.00364553 2.15527e-08
0.226561 0.00364553 2.18299e-08
0.2266 0.00364553 2.15443e-08
0.22664 0.00364553 2.18328e-08
0.22668 0.00364553 2.1584e-08
0.22672 0.00364553 2.17778e-08
0.226759 0.00364553 2.15116e-08
0.226799 0.00364553 2.15998e-08
0.226839 0.00364552 2.14441e-08
0.226879 0.00364553 2.16757e-08
0.226918 0.00364552 2.12756e-08
0.226958 0.00364553 2.16966e-08
0.226998 0.00364552 2.14295e-08
0.227038 0.00364553 2.16242e-08
0.227078 0.00364552 2.14786e-08
0.227117 0.00364553 2.16145e-08
0.227157 0.00364552 2.14489e-08
0.227197 0.00364552 2.16494e-08
0.227237 0.00364552 2.14065e-08
0.227276 0.00364552 2.17151e-08
0.227316 0.00364552 2.13476e-08
0.227356 0.00364552 2.17632e-08
0.227396 0.00364552 2.13255e-08
0.227435 0.00364552 2.17607e-08
0.227475 0.00364552 2.13375e-08
0.227515 0.00364552 2.17344e-08
0.227555 0.00364552 2.13763e-08
0.227594 0.00364552 2.16895e-08
0.227634 0.00364552 2.14192e-08
0.227674 0.00364552 2.16556e-08
0.227714 0.00364552 2.14399e-08
0.227753 0.00364552 2.16491e-08
0.227793 0.00364552 2.1434e-08
0.227833 0.00364552 2.16637e-08
0.227873 0.00364552 2.14153e-08
0.227913 0.00364552 2.16825e-08
0.227952 0.00364552 2.13993e-08
0.227992 0.00364552 2.16942e-08
0.228032 0.00364552 2.1392e-08
0.228072 0.00364552 2.16977e-08
0.228111 0.00364552 2.13912e-08
0.228151 0.00364552 2.16968e-08
0.228191 0.00364552 2.13933e-08
0.228231 0.00364552 2.16937e-08
0.22827 0.00364552 2.13973e-08
0.22831 0.00364552 2.16888e-08
0.22835 0.00364552 2.14029e-08
0.22839 0.00364552 2.16826e-08
0.228429 0.00364552 2.14095e-08
0.228469 0.00364552 2.1651e-08
0.228509 0.00364552 2.1459e-08
0.228549 0.00364552 2.16425e-08
0.228588 0.00364552 2.14272e-08
0.228628 0.00364552 2.16679e-08
0.228668 0.00364552 2.1432e-08
0.228708 0.00364552 2.16687e-08
0.228748 0.00364552 2.14428e-08
0.228787 0.00364552 2.16556e-08
0.228827 0.00364552 2.14339e-08
0.228867 0.00364552 2.1644e-08
0.228907 0.00364552 2.14552e-08
0.228946 0.00364552 2.16271e-08
0.228986 0.00364552 2.14656e-08
0.229026 0.00364552 2.16198e-08
0.229066 0.00364552 2.14706e-08
0.229105 0.00364552 2.16163e-08
0.229145 0.00364552 2.14732e-08
0.229185 0.00364552 2.16159e-08
0.229225 0.00364552 2.1472e-08
0.229264 0.00364552 2.16169e-08
0.229304 0.00364552 2.14731e-08
0.229344 0.00364552 2.16127e-08
0.229384 0.00364552 2.14807e-08
0.229423 0.00364552 2.16023e-08
0.229463 0.00364552 2.14928e-08
0.229503 0.00364552 2.15902e-08
0.229543 0.00364552 2.15029e-08
0.229583 0.00364552 2.15836e-08
0.229622 0.00364552 2.15049e-08
0.229662 0.00364552 2.15863e-08
0.229702 0.00364552 2.14984e-08
0.229742 0.00364552 2.1595e-08
0.229781 0.00364552 2.14896e-08
0.229821 0.00364552 2.16018e-08
0.229861 0.00364552 2.14761e-08
0.229901 0.00364552 2.16142e-08
0.22994 0.00364552 2.14835e-08
0.22998 0.00364552 2.15912e-08
0.23002 0.00364552 2.15129e-08
0.23006 0.00364552 2.15615e-08
0.230099 0.00364552 2.15397e-08
0.230139 0.00364552 2.15636e-08
0.230179 0.00364552 2.1516e-08
0.230219 0.00364552 2.15491e-08
0.230258 0.00364552 2.15688e-08
0.230298 0.00364552 2.15041e-08
0.230338 0.00364552 2.15888e-08
0.230378 0.00364552 2.14997e-08
0.230417 0.00364552 2.15904e-08
0.230457 0.00364552 2.14957e-08
0.230497 0.00364552 2.15952e-08
0.230537 0.00364552 2.14936e-08
0.230577 0.00364552 2.15926e-08
0.230616 0.00364552 2.15008e-08
0.230656 0.00364552 2.15822e-08
0.230696 0.00364552 2.15125e-08
0.230736 0.00364552 2.15709e-08
0.230775 0.00364552 2.15222e-08
0.230815 0.00364552 2.15817e-08
0.230855 0.00364552 2.15317e-08
0.230895 0.00364552 2.15836e-08
0.230934 0.00364552 2.15292e-08
0.230974 0.00364552 2.15822e-08
0.231014 0.00364552 2.15115e-08
0.231054 0.00364552 2.1578e-08
0.231093 0.00364552 2.15352e-08
0.231133 0.00364552 2.15419e-08
0.231173 0.00364552 2.15493e-08
0.231213 0.00364552 2.15419e-08
0.231252 0.00364552 2.15416e-08
0.231292 0.00364552 2.15542e-08
0.231332 0.00364552 2.15267e-08
0.231372 0.00364552 2.15504e-08
0.231412 0.00364552 2.15237e-08
0.231451 0.00364552 2.15486e-08
0.231491 0.00364552 2.15466e-08
0.231531 0.00364552 2.15332e-08
0.231571 0.00364552 2.15631e-08
0.23161 0.00364552 2.15202e-08
0.23165 0.00364552 2.15727e-08
0.23169 0.00364552 2.15125e-08
0.23173 0.00364552 2.15796e-08
0.231769 0.00364552 2.1506e-08
0.231809 0.00364552 2.15851e-08
0.231849 0.00364552 2.15031e-08
0.231889 0.00364552 2.15834e-08
0.231928 0.00364552 2.15117e-08
0.231968 0.00364552 2.15665e-08
0.232008 0.00364552 2.15367e-08
0.232048 0.00364552 2.15354e-08
0.232087 0.00364552 2.15703e-08
0.232127 0.00364552 2.15034e-08
0.232167 0.00364552 2.15966e-08
0.232207 0.00364552 2.14857e-08
0.232247 0.00364552 2.16045e-08
0.232286 0.00364552 2.14874e-08
0.232326 0.00364552 2.15951e-08
0.232366 0.00364552 2.15017e-08
0.232406 0.00364552 2.15789e-08
0.232445 0.00364552 2.15171e-08
0.232485 0.00364552 2.15665e-08
0.232525 0.00364552 2.1525e-08
0.232565 0.00364552 2.15637e-08
0.232604 0.00364552 2.15125e-08
0.232644 0.00364552 2.15738e-08
0.232684 0.00364552 2.1507e-08
0.232724 0.00364552 2.15889e-08
0.232763 0.00364552 2.14974e-08
0.232803 0.00364552 2.15923e-08
0.232843 0.00364552 2.14958e-08
0.232883 0.00364552 2.15943e-08
0.232922 0.00364552 2.14927e-08
0.232962 0.00364552 2.15981e-08
0.233002 0.00364552 2.1489e-08
0.233042 0.00364552 2.16011e-08
0.233082 0.00364552 2.14871e-08
0.233121 0.00364552 2.16017e-08
0.233161 0.00364552 2.14876e-08
0.233201 0.00364552 2.16005e-08
0.233241 0.00364552 2.14892e-08
0.23328 0.00364552 2.15988e-08
0.23332 0.00364552 2.14907e-08
0.23336 0.00364552 2.15977e-08
0.2334 0.00364552 2.14912e-08
0.233439 0.00364552 2.15978e-08
0.233479 0.00364552 2.14906e-08
0.233519 0.00364552 2.15988e-08
0.233559 0.00364552 2.14896e-08
0.233598 0.00364552 2.15997e-08
0.233638 0.00364552 2.14891e-08
0.233678 0.00364552 2.15996e-08
0.233718 0.00364552 2.14881e-08
0.233757 0.00364552 2.1601e-08
0.233797 0.00364552 2.1488e-08
0.233837 0.00364552 2.16003e-08
0.233877 0.00364552 2.14903e-08
0.233917 0.00364552 2.15953e-08
0.233956 0.00364552 2.14985e-08
0.233996 0.00364552 2.1584e-08
0.234036 0.00364552 2.15122e-08
0.234076 0.00364552 2.15692e-08
0.234115 0.00364552 2.15266e-08
0.234155 0.00364552 2.15567e-08
0.234195 0.00364552 2.15357e-08
0.234235 0.00364552 2.15522e-08
0.234274 0.00364552 2.1535e-08
0.234314 0.00364552 2.15579e-08
0.234354 0.00364552 2.15253e-08
0.234394 0.00364552 2.15701e-08
0.234433 0.00364552 2.15122e-08
0.234473 0.00364552 2.15825e-08
0.234513 0.00364552 2.15012e-08
0.234553 0.00364552 2.15857e-08
0.234592 0.00364552 2.14995e-08
0.234632 0.00364552 2.15945e-08
0.234672 0.00364552 2.14921e-08
0.234712 0.00364552 2.1596e-08
0.234751 0.00364552 2.14948e-08
0.234791 0.00364552 2.15924e-08
0.234831 0.00364552 2.14974e-08
0.234871 0.00364552 2.15914e-08
0.234911 0.00364552 2.14968e-08
0.23495 0.00364552 2.15931e-08
0.23499 0.00364552 2.14944e-08
0.23503 0.00364552 2.15958e-08
0.23507 0.00364552 2.14917e-08
0.235109 0.00364552 2.15985e-08
0.235149 0.00364552 2.14891e-08
0.235189 0.00364552 2.1601e-08
0.235229 0.00364552 2.14865e-08
0.235268 0.00364552 2.16038e-08
0.235308 0.00364552 2.14834e-08
0.235348 0.00364552 2.16072e-08
0.235388 0.00364552 2.14799e-08
0.235427 0.00364552 2.16108e-08
0.235467 0.00364552 2.14766e-08
0.235507 0.00364552 2.16133e-08
0.235547 0.00364552 2.14752e-08
0.235586 0.00364552 2.16131e-08
0.235626 0.00364552 2.14775e-08
0.235666 0.00364552 2.16083e-08
0.235706 0.00364552 2.14849e-08
0.235746 0.00364552 2.15982e-08
0.235785 0.00364552 2.14976e-08
0.235825 0.00364552 2.15832e-08
0.235865 0.00364552 2.15146e-08
0.235905 0.00364552 2.15648e-08
0.235944 0.00364552 2.15337e-08
0.235984 0.00364552 2.15459e-08
0.236024 0.00364552 2.15517e-08
0.236064 0.00364552 2.15294e-08
0.236103 0.00364552 2.15661e-08
0.236143 0.00364552 2.15177e-08
0.236183 0.00364552 2.15749e-08
0.236223 0.00364552 2.15116e-08
0.236262 0.00364552 2.15785e-08
0.236302 0.00364552 2.15102e-08
0.236342 0.00364552 2.15783e-08
0.236382 0.00364552 2.15114e-08
0.236421 0.00364552 2.15766e-08
0.236461 0.00364552 2.15131e-08
0.236501 0.00364552 2.15751e-08
0.236541 0.00364552 2.15141e-08
0.236581 0.00364552 2.15746e-08
0.23662 0.00364552 2.15142e-08
0.23666 0.00364552 2.15749e-08
0.2367 0.00364552 2.15137e-08
0.23674 0.00364552 2.15752e-08
0.236779 0.00364552 2.15138e-08
0.236819 0.00364552 2.15746e-08
0.236859 0.00364552 2.15152e-08
0.236899 0.00364552 2.15724e-08
0.236938 0.00364552 2.15182e-08
0.236978 0.00364552 2.15686e-08
0.237018 0.00364552 2.15225e-08
0.237058 0.00364552 2.15641e-08
0.237097 0.00364552 2.15271e-08
0.237137 0.00364552 2.15596e-08
0.237177 0.00364552 2.15312e-08
0.237217 0.00364552 2.15562e-08
0.237256 0.00364552 2.15587e-08
0.237296 0.00364552 2.15364e-08
0.237336 0.00364552 2.15434e-08
0.237376 0.00364552 2.15344e-08
0.237416 0.00364552 2.15497e-08
0.237455 0.00364552 2.15525e-08
0.237495 0.00364552 2.15271e-08
0.237535 0.00364552 2.15656e-08
0.237575 0.00364552 2.15218e-08
0.237614 0.00364553 2.15689e-08
0.237654 0.00364552 2.15177e-08
0.237694 0.00364553 2.15733e-08
0.237734 0.00364552 2.15146e-08
0.237773 0.00364553 2.15738e-08
0.237813 0.00364552 2.15166e-08
0.237853 0.00364553 2.15703e-08
0.237893 0.00364552 2.15204e-08
0.237932 0.00364553 2.15673e-08
0.237972 0.00364552 2.15219e-08
0.238012 0.00364553 2.15677e-08
0.238052 0.00364552 2.14949e-08
0.238091 0.00364553 2.15892e-08
0.238131 0.00364552 2.15065e-08
0.238171 0.00364553 2.15964e-08
0.238211 0.00364552 2.14941e-08
0.23825 0.00364553 2.1585e-08
0.23829 0.00364552 2.15098e-08
0.23833 0.00364553 2.15789e-08
0.23837 0.00364552 2.1508e-08
0.23841 0.00364553 2.15826e-08
0.238449 0.00364552 2.15056e-08
0.238489 0.00364553 2.15842e-08
0.238529 0.00364552 2.15031e-08
0.238569 0.00364553 2.15885e-08
0.238608 0.00364552 2.14971e-08
0.238648 0.00364553 2.15954e-08
0.238688 0.00364552 2.14902e-08
0.238728 0.00364553 2.16033e-08
0.238767 0.00364552 2.14825e-08
0.238807 0.00364553 2.16089e-08
0.238847 0.00364552 2.14785e-08
0.238887 0.00364553 2.16106e-08
0.238926 0.00364553 2.14801e-08
0.238966 0.00364553 2.16055e-08
0.239006 0.00364553 2.14882e-08
0.239046 0.00364553 2.15952e-08
0.239085 0.00364553 2.14995e-08
0.239125 0.00364553 2.15844e-08
0.239165 0.00364553 2.15083e-08
0.239205 0.00364553 2.15788e-08
0.239245 0.00364553 2.15097e-08
0.239284 0.00364553 2.15823e-08
0.239324 0.00364553 2.15017e-08
0.239364 0.00364553 2.15939e-08
0.239404 0.00364553 2.14879e-08
0.239443 0.00364553 2.16082e-08
0.239483 0.00364553 2.14644e-08
0.239523 0.00364553 2.16224e-08
0.239563 0.00364553 2.14614e-08
0.239602 0.00364553 2.16293e-08
0.239642 0.00364553 2.14643e-08
0.239682 0.00364553 2.16179e-08
0.239722 0.00364553 2.1478e-08
0.239761 0.00364553 2.16054e-08
0.239801 0.00364553 2.14875e-08
0.239841 0.00364553 2.15991e-08
0.239881 0.00364553 2.14912e-08
0.23992 0.00364553 2.15973e-08
0.23996 0.00364553 2.14918e-08
0.24 0.00364553 2.15912e-08
0.24004 0.00364553 2.14953e-08
0.24008 0.00364553 2.1601e-08
0.240119 0.00364553 2.14825e-08
0.240159 0.00364553 2.16088e-08
0.240199 0.00364553 2.14977e-08
0.240239 0.00364553 2.15997e-08
0.240278 0.00364553 2.14925e-08
0.240318 0.00364553 2.16093e-08
0.240358 0.00364553 2.14841e-08
0.240398 0.00364553 2.16255e-08
0.240437 0.00364553 2.14518e-08
0.240477 0.00364553 2.16422e-08
0.240517 0.00364553 2.14467e-08
0.240557 0.00364553 2.16389e-08
0.240596 0.00364553 2.14553e-08
0.240636 0.00364553 2.16356e-08
0.240676 0.00364553 2.14681e-08
0.240716 0.00364553 2.16408e-08
0.240755 0.00364553 2.14559e-08
0.240795 0.00364553 2.16408e-08
0.240835 0.00364553 2.14263e-08
0.240875 0.00364553 2.168e-08
0.240915 0.00364553 2.14073e-08
0.240954 0.00364553 2.16994e-08
0.240994 0.00364553 2.1369e-08
0.241034 0.00364553 2.17372e-08
0.241074 0.00364553 2.13562e-08
0.241113 0.00364553 2.17668e-08
0.241153 0.00364553 2.13406e-08
0.241193 0.00364553 2.17498e-08
0.241233 0.00364553 2.1377e-08
0.241272 0.00364553 2.17073e-08
0.241312 0.00364553 2.14081e-08
0.241352 0.00364553 2.16631e-08
0.241392 0.00364553 2.14399e-08
0.241431 0.00364553 2.16378e-08
0.241471 0.00364553 2.14595e-08
0.241511 0.00364553 2.16246e-08
0.241551 0.00364553 2.14668e-08
0.24159 0.00364553 2.1621e-08
0.24163 0.00364553 2.14694e-08
0.24167 0.00364553 2.1609e-08
0.24171 0.00364553 2.14844e-08
0.24175 0.00364553 2.16069e-08
0.241789 0.00364553 2.14801e-08
0.241829 0.00364553 2.16067e-08
0.241869 0.00364553 2.14883e-08
0.241909 0.00364553 2.15941e-08
0.241948 0.00364553 2.15001e-08
0.241988 0.00364553 2.1586e-08
0.242028 0.00364553 2.1504e-08
0.242068 0.00364553 2.16128e-08
0.242107 0.00364553 2.15054e-08
0.242147 0.00364553 2.15943e-08
0.242187 0.00364553 2.14904e-08
0.242227 0.00364553 2.15738e-08
0.242266 0.00364553 2.15179e-08
0.242306 0.00364553 2.15836e-08
0.242346 0.00364553 2.14948e-08
0.242386 0.00364553 2.15961e-08
0.242425 0.00364553 2.15045e-08
0.242465 0.00364553 2.15872e-08
0.242505 0.00364553 2.15218e-08
0.242545 0.00364553 2.1565e-08
0.242584 0.00364553 2.15327e-08
0.242624 0.00364553 2.15548e-08
0.242664 0.00364553 2.15343e-08
0.242704 0.00364553 2.15503e-08
0.242744 0.00364553 2.15445e-08
0.242783 0.00364553 2.15505e-08
0.242823 0.00364553 2.15371e-08
0.242863 0.00364553 2.15494e-08
0.242903 0.00364553 2.15236e-08
0.242942 0.00364553 2.15795e-08
0.242982 0.00364553 2.14977e-08
0.243022 0.00364553 2.16061e-08
0.243062 0.00364553 2.14651e-08
0.243101 0.00364553 2.16047e-08
0.243141 0.00364553 2.14562e-08
0.243181 0.00364553 2.16919e-08
0.243221 0.00364553 2.1421e-08
0.24326 0.00364553 2.1615e-08
0.2433 0.00364553 2.1453e-08
0.24334 0.00364553 2.16886e-08
0.24338 0.00364553 2.14656e-08
0.243419 0.00364553 2.15799e-08
0.243459 0.00364553 2.15323e-08
0.243499 0.00364553 2.15565e-08
0.243539 0.00364553 2.15573e-08
0.243579 0.00364553 2.14951e-08
0.243618 0.00364553 2.16088e-08
0.243658 0.00364553 2.15325e-08
0.243698 0.00364553 2.15528e-08
0.243738 0.00364553 2.15557e-08
0.243777 0.00364553 2.15498e-08
0.243817 0.00364553 2.15666e-08
0.243857 0.00364553 2.15199e-08
0.243897 0.00364553 2.1617e-08
0.243936 0.00364553 2.14778e-08
0.243976 0.00364553 2.16405e-08
0.244016 0.00364553 2.14698e-08
0.244056 0.00364553 2.16256e-08
0.244095 0.00364553 2.14715e-08
0.244135 0.00364553 2.15969e-08
0.244175 0.00364553 2.15278e-08
0.244215 0.00364553 2.15415e-08
0.244254 0.00364553 2.15646e-08
0.244294 0.00364553 2.14939e-08
0.244334 0.00364553 2.16222e-08
0.244374 0.00364553 2.14709e-08
0.244414 0.00364553 2.16504e-08
0.244453 0.00364553 2.14425e-08
0.244493 0.00364553 2.16707e-08
0.244533 0.00364553 2.1434e-08
0.244573 0.00364553 2.16702e-08
0.244612 0.00364553 2.14398e-08
0.244652 0.00364553 2.16603e-08
0.244692 0.00364553 2.14628e-08
0.244732 0.00364553 2.16402e-08
0.244771 0.00364553 2.14657e-08
0.244811 0.00364553 2.16145e-08
0.244851 0.00364553 2.14781e-08
0.244891 0.00364553 2.16089e-08
0.24493 0.00364553 2.14836e-08
0.24497 0.00364553 2.16014e-08
0.24501 0.00364553 2.15128e-08
0.24505 0.00364553 2.15791e-08
0.245089 0.00364554 2.14922e-08
0.245129 0.00364553 2.16123e-08
0.245169 0.00364554 2.14889e-08
0.245209 0.00364553 2.1594e-08
0.245249 0.00364554 2.15075e-08
0.245288 0.00364553 2.15825e-08
0.245328 0.00364554 2.15168e-08
0.245368 0.00364553 2.15542e-08
0.245408 0.00364554 2.1549e-08
0.245447 0.00364553 2.15365e-08
0.245487 0.00364553 2.1573e-08
0.245527 0.00364553 2.1492e-08
0.245567 0.00364553 2.16143e-08
0.245606 0.00364553 2.14723e-08
0.245646 0.00364553 2.16317e-08
0.245686 0.00364553 2.14586e-08
0.245726 0.00364554 2.16299e-08
0.245765 0.00364553 2.14634e-08
0.245805 0.00364554 2.16153e-08
0.245845 0.00364553 2.14973e-08
0.245885 0.00364554 2.15831e-08
0.245924 0.00364553 2.15225e-08
0.245964 0.00364554 2.15508e-08
0.246004 0.00364553 2.15506e-08
0.246044 0.00364554 2.15286e-08
0.246083 0.00364553 2.15718e-08
0.246123 0.00364554 2.15062e-08
0.246163 0.00364554 2.1589e-08
0.246203 0.00364554 2.15057e-08
0.246243 0.00364554 2.15873e-08
0.246282 0.00364554 2.15211e-08
0.246322 0.00364554 2.16025e-08
0.246362 0.00364554 2.14974e-08
0.246402 0.00364554 2.16042e-08
0.246441 0.00364554 2.14847e-08
0.246481 0.00364554 2.15948e-08
0.246521 0.00364554 2.15053e-08
0.246561 0.00364554 2.15763e-08
0.2466 0.00364554 2.15156e-08
0.24664 0.00364554 2.15814e-08
0.24668 0.00364554 2.15054e-08
0.24672 0.00364554 2.15949e-08
0.246759 0.00364554 2.14999e-08
0.246799 0.00364554 2.15924e-08
0.246839 0.00364554 2.14834e-08
0.246879 0.00364554 2.1623e-08
0.246918 0.00364554 2.14504e-08
0.246958 0.00364554 2.16242e-08
0.246998 0.00364554 2.14265e-08
0.247038 0.00364554 2.16577e-08
0.247078 0.00364554 2.14344e-08
0.247117 0.00364554 2.16843e-08
0.247157 0.00364554 2.14175e-08
0.247197 0.00364554 2.16417e-08
0.247237 0.00364554 2.1473e-08
0.247276 0.00364554 2.15987e-08
0.247316 0.00364554 2.15235e-08
0.247356 0.00364554 2.1575e-08
0.247396 0.00364554 2.15168e-08
0.247435 0.00364554 2.15567e-08
0.247475 0.00364554 2.15653e-08
0.247515 0.00364554 2.15431e-08
0.247555 0.00364554 2.153e-08
0.247594 0.00364554 2.15636e-08
0.247634 0.00364554 2.15433e-08
0.247674 0.00364554 2.15735e-08
0.247714 0.00364554 2.1498e-08
0.247753 0.00364554 2.15914e-08
0.247793 0.00364554 2.14987e-08
0.247833 0.00364554 2.15737e-08
0.247873 0.00364554 2.15307e-08
0.247913 0.00364554 2.15476e-08
0.247952 0.00364554 2.1553e-08
0.247992 0.00364554 2.15224e-08
0.248032 0.00364554 2.1583e-08
0.248072 0.00364554 2.14907e-08
0.248111 0.00364554 2.16115e-08
0.248151 0.00364554 2.14689e-08
0.248191 0.00364554 2.15891e-08
0.248231 0.00364554 2.14554e-08
0.24827 0.00364554 2.16539e-08
0.24831 0.00364554 2.14963e-08
0.24835 0.00364554 2.15758e-08
0.24839 0.00364554 2.14923e-08
0.248429 0.00364554 2.16059e-08
0.248469 0.00364554 2.14957e-08
0.248509 0.00364554 2.15743e-08
0.248549 0.00364554 2.15298e-08
0.248588 0.00364554 2.15507e-08
0.248628 0.00364554 2.15094e-08
0.248668 0.00364554 2.15281e-08
0.248708 0.00364554 2.15575e-08
0.248748 0.00364554 2.15336e-08
0.248787 0.00364554 2.15771e-08
0.248827 0.00364554 2.14956e-08
0.248867 0.00364554 2.1598e-08
0.248907 0.00364554 2.1493e-08
0.248946 0.00364554 2.15939e-08
0.248986 0.00364554 2.14984e-08
0.249026 0.00364554 2.16213e-08
0.249066 0.00364554 2.1477e-08
0.249105 0.00364554 2.15707e-08
0.249145 0.00364554 2.15487e-08
0.249185 0.00364554 2.15294e-08
0.249225 0.00364554 2.15639e-08
0.249264 0.00364554 2.15205e-08
0.249304 0.00364554 2.15748e-08
0.249344 0.00364554 2.14757e-08
0.249384 0.00364554 2.16029e-08
0.249423 0.00364554 2.15252e-08
0.249463 0.00364554 2.15692e-08
0.249503 0.00364554 2.15471e-08
0.249543 0.00364554 2.15146e-08
0.249583 0.00364554 2.15833e-08
0.249622 0.00364554 2.15358e-08
0.249662 0.00364554 2.15757e-08
0.249702 0.00364554 2.15342e-08
0.249742 0.00364554 2.15586e-08
0.249781 0.00364554 2.14996e-08
0.249821 0.00364554 2.14914e-08
0.249861 0.00364554 2.16256e-08
0.249901 0.00364554 2.1474e-08
0.24994 0.00364554 2.16449e-08
0.24998 0.00364554 2.14579e-08
0.25002 0.00364554 2.16542e-08
0.25006 0.00364554 2.14601e-08
0.250099 0.00364554 2.16201e-08
0.250139 0.00364554 2.14731e-08
0.250179 0.00364554 2.16051e-08
0.250219 0.00364554 2.15005e-08
0.250258 0.00364554 2.15749e-08
0.250298 0.00364554 2.15219e-08
0.250338 0.00364554 2.15667e-08
0.250378 0.00364554 2.1527e-08
0.250417 0.00364554 2.15773e-08
0.250457 0.00364554 2.15026e-08
0.250497 0.00364554 2.15974e-08
0.250537 0.00364554 2.14785e-08
0.250577 0.00364554 2.16241e-08
0.250616 0.00364554 2.14549e-08
0.250656 0.00364554 2.16677e-08
0.250696 0.00364554 2.14503e-08
0.250736 0.00364554 2.16285e-08
0.250775 0.00364554 2.14573e-08
0.250815 0.00364554 2.16337e-08
0.250855 0.00364554 2.14599e-08
0.250895 0.00364554 2.16227e-08
0.250934 0.00364554 2.14734e-08
0.250974 0.00364554 2.16087e-08
0.251014 0.00364554 2.14948e-08
0.251054 0.00364554 2.15886e-08
0.251093 0.00364554 2.15523e-08
0.251133 0.00364554 2.15524e-08
0.251173 0.00364554 2.14839e-08
0.251213 0.00364554 2.15623e-08
0.251252 0.00364554 2.15201e-08
0.251292 0.00364554 2.1563e-08
0.251332 0.00364554 2.1557e-08
0.251372 0.00364554 2.15145e-08
0.251412 0.00364554 2.15639e-08
0.251451 0.00364554 2.15383e-08
0.251491 0.00364554 2.15685e-08
0.251531 0.00364554 2.15277e-08
0.251571 0.00364554 2.15289e-08
0.25161 0.00364554 2.15626e-08
0.25165 0.00364554 2.15055e-08
0.25169 0.00364554 2.15818e-08
0.25173 0.00364554 2.1513e-08
0.251769 0.00364554 2.16024e-08
0.251809 0.00364554 2.14848e-08
0.251849 0.00364554 2.16015e-08
0.251889 0.00364554 2.1509e-08
0.251928 0.00364554 2.15857e-08
0.251968 0.00364554 2.15362e-08
0.252008 0.00364554 2.15262e-08
0.252048 0.00364554 2.1584e-08
0.252087 0.00364554 2.14892e-08
0.252127 0.00364554 2.16118e-08
0.252167 0.00364554 2.14807e-08
0.252207 0.00364554 2.1614e-08
0.252247 0.00364554 2.14858e-08
0.252286 0.00364554 2.15863e-08
0.252326 0.00364554 2.15223e-08
0.252366 0.00364554 2.15547e-08
0.252406 0.00364554 2.15644e-08
0.252445 0.00364554 2.15035e-08
0.252485 0.00364554 2.16125e-08
0.252525 0.00364554 2.14695e-08
0.252565 0.00364554 2.16202e-08
0.252604 0.00364554 2.14702e-08
0.252644 0.00364554 2.16158e-08
0.252684 0.00364554 2.14822e-08
0.252724 0.00364554 2.15818e-08
0.252763 0.00364554 2.15191e-08
0.252803 0.00364554 2.15516e-08
0.252843 0.00364554 2.15515e-08
0.252883 0.00364554 2.15424e-08
0.252922 0.00364554 2.15502e-08
0.252962 0.00364554 2.15489e-08
0.253002 0.00364554 2.15253e-08
0.253042 0.00364554 2.1576e-08
0.253082 0.00364554 2.15034e-08
0.253121 0.00364554 2.16018e-08
0.253161 0.00364554 2.14907e-08
0.253201 0.00364554 2.1599e-08
0.253241 0.00364554 2.15031e-08
0.25328 0.00364554 2.15845e-08
0.25332 0.00364554 2.15145e-08
0.25336 0.00364554 2.15782e-08
0.2534 0.00364554 2.15165e-08
0.253439 0.00364554 2.15778e-08
0.253479 0.00364554 2.1519e-08
0.253519 0.00364554 2.15697e-08
0.253559 0.00364554 2.1535e-08
0.253598 0.00364555 2.15457e-08
0.253638 0.00364554 2.15647e-08
0.253678 0.00364555 2.15144e-08
0.253718 0.00364554 2.15926e-08
0.253757 0.00364555 2.14945e-08
0.253797 0.00364554 2.16013e-08
0.253837 0.00364555 2.14982e-08
0.253877 0.00364554 2.15864e-08
0.253917 0.00364555 2.15218e-08
0.253956 0.00364554 2.15428e-08
0.253996 0.00364555 2.15732e-08
0.254036 0.00364554 2.15165e-08
0.254076 0.00364555 2.15659e-08
0.254115 0.00364554 2.14859e-08
0.254155 0.00364555 2.16039e-08
0.254195 0.00364555 2.15018e-08
0.254235 0.00364555 2.15761e-08
0.254274 0.00364555 2.15679e-08
0.254314 0.00364555 2.15547e-08
0.254354 0.00364555 2.15451e-08
0.254394 0.00364555 2.15942e-08
0.254433 0.00364555 2.1512e-08
0.254473 0.00364555 2.15849e-08
0.254513 0.00364555 2.15106e-08
0.254553 0.00364555 2.16147e-08
0.254592 0.00364555 2.14439e-08
0.254632 0.00364555 2.1633e-08
0.254672 0.00364555 2.14828e-08
0.254712 0.00364555 2.16088e-08
0.254751 0.00364555 2.14976e-08
0.254791 0.00364555 2.15696e-08
0.254831 0.00364555 2.15164e-08
0.254871 0.00364555 2.15881e-08
0.254911 0.00364555 2.15134e-08
0.25495 0.00364555 2.16085e-08
0.25499 0.00364555 2.14731e-08
0.25503 0.00364555 2.16046e-08
0.25507 0.00364555 2.14418e-08
0.255109 0.00364555 2.15985e-08
0.255149 0.00364555 2.15105e-08
0.255189 0.00364555 2.16346e-08
0.255229 0.00364555 2.15011e-08
0.255268 0.00364555 2.16068e-08
0.255308 0.00364555 2.14986e-08
0.255348 0.00364555 2.15502e-08
0.255388 0.00364555 2.15698e-08
0.255427 0.00364555 2.15018e-08
0.255467 0.00364555 2.16435e-08
0.255507 0.00364555 2.14059e-08
0.255547 0.00364555 2.16678e-08
0.255586 0.00364555 2.14357e-08
0.255626 0.00364555 2.16157e-08
0.255666 0.00364555 2.14771e-08
0.255706 0.00364555 2.15601e-08
0.255746 0.00364555 2.1533e-08
0.255785 0.00364555 2.15462e-08
0.255825 0.00364555 2.15726e-08
0.255865 0.00364555 2.14984e-08
0.255905 0.00364555 2.15967e-08
0.255944 0.00364555 2.14934e-08
0.255984 0.00364555 2.15875e-08
0.256024 0.00364555 2.14995e-08
0.256064 0.00364555 2.15678e-08
0.256103 0.00364555 2.15016e-08
0.256143 0.00364555 2.15281e-08
0.256183 0.00364555 2.16347e-08
0.256223 0.00364555 2.15906e-08
0.256262 0.00364555 2.15995e-08
0.256302 0.00364555 2.13949e-08
0.256342 0.00364555 2.16658e-08
0.256382 0.00364555 2.14531e-08
0.256421 0.00364555 2.17624e-08
0.256461 0.00364555 2.1427e-08
0.256501 0.00364555 2.1573e-08
0.256541 0.00364555 2.15636e-08
0.256581 0.00364555 2.15065e-08
0.25662 0.00364555 2.15947e-08
0.25666 0.00364555 2.1468e-08
0.2567 0.00364555 2.16065e-08
0.25674 0.00364555 2.14672e-08
0.256779 0.00364555 2.16153e-08
0.256819 0.00364555 2.15267e-08
0.256859 0.00364555 2.15679e-08
0.256899 0.00364555 2.15081e-08
0.256938 0.00364555 2.15887e-08
0.256978 0.00364555 2.1508e-08
0.257018 0.00364555 2.16189e-08
0.257058 0.00364555 2.15106e-08
0.257097 0.00364555 2.15521e-08
0.257137 0.00364555 2.15458e-08
0.257177 0.00364555 2.15511e-08
0.257217 0.00364555 2.15254e-08
0.257256 0.00364555 2.15769e-08
0.257296 0.00364555 2.15012e-08
0.257336 0.00364555 2.15996e-08
0.257376 0.00364555 2.148e-08
0.257416 0.00364555 2.16308e-08
0.257455 0.00364555 2.14738e-08
0.257495 0.00364555 2.16117e-08
0.257535 0.00364555 2.14906e-08
0.257575 0.00364555 2.15712e-08
0.257614 0.00364555 2.15325e-08
0.257654 0.00364555 2.15389e-08
0.257694 0.00364555 2.1552e-08
0.257734 0.00364555 2.15404e-08
0.257773 0.00364555 2.15129e-08
0.257813 0.00364555 2.1575e-08
0.257853 0.00364555 2.15377e-08
0.257893 0.00364555 2.15247e-08
0.257932 0.00364555 2.15452e-08
0.257972 0.00364555 2.15808e-08
0.258012 0.00364555 2.15213e-08
0.258052 0.00364555 2.15005e-08
0.258091 0.00364555 2.15609e-08
0.258131 0.00364555 2.15518e-08
0.258171 0.00364555 2.15681e-08
0.258211 0.00364555 2.15225e-08
0.25825 0.00364555 2.16062e-08
0.25829 0.00364555 2.15272e-08
0.25833 0.00364555 2.15407e-08
0.25837 0.00364555 2.15765e-08
0.25841 0.00364555 2.15041e-08
0.258449 0.00364555 2.16031e-08
0.258489 0.00364555 2.14716e-08
0.258529 0.00364555 2.15749e-08
0.258569 0.00364555 2.1423e-08
0.258608 0.00364555 2.17057e-08
0.258648 0.00364555 2.142e-08
0.258688 0.00364555 2.16183e-08
0.258728 0.00364555 2.14921e-08
0.258767 0.00364555 2.15972e-08
0.258807 0.00364555 2.14951e-08
0.258847 0.00364555 2.15808e-08
0.258887 0.00364555 2.15679e-08
0.258926 0.00364555 2.14817e-08
0.258966 0.00364555 2.15331e-08
0.259006 0.00364555 2.15541e-08
0.259046 0.00364555 2.15644e-08
0.259085 0.00364555 2.15456e-08
0.259125 0.00364555 2.15546e-08
0.259165 0.00364555 2.15597e-08
0.259205 0.00364555 2.1533e-08
0.259245 0.00364555 2.15256e-08
0.259284 0.00364555 2.15835e-08
0.259324 0.00364555 2.15045e-08
0.259364 0.00364555 2.15815e-08
0.259404 0.00364555 2.15228e-08
0.259443 0.00364555 2.16081e-08
0.259483 0.00364555 2.14825e-08
0.259523 0.00364555 2.15928e-08
0.259563 0.00364555 2.1493e-08
0.259602 0.00364555 2.15613e-08
0.259642 0.00364555 2.15646e-08
0.259682 0.00364555 2.14607e-08
0.259722 0.00364555 2.16177e-08
0.259761 0.00364555 2.15048e-08
0.259801 0.00364555 2.16131e-08
0.259841 0.00364555 2.14336e-08
0.259881 0.00364555 2.16435e-08
0.25992 0.00364555 2.14872e-08
0.25996 0.00364555 2.15767e-08
0.26 0.00364555 2.15442e-08
0.26004 0.00364555 2.15397e-08
0.26008 0.00364555 2.15564e-08
0.260119 0.00364555 2.1517e-08
0.260159 0.00364555 2.15728e-08
0.260199 0.00364555 2.15359e-08
0.260239 0.00364555 2.1553e-08
0.260278 0.00364555 2.15503e-08
0.260318 0.00364555 2.15097e-08
0.260358 0.00364555 2.16133e-08
0.260398 0.00364555 2.14477e-08
0.260437 0.00364555 2.16188e-08
0.260477 0.00364555 2.14845e-08
0.260517 0.00364555 2.17766e-08
0.260557 0.00364555 2.13882e-08
0.260596 0.00364555 2.16099e-08
0.260636 0.00364555 2.15369e-08
0.260676 0.00364555 2.15308e-08
0.260716 0.00364555 2.15697e-08
0.260755 0.00364555 2.15033e-08
0.260795 0.00364555 2.16369e-08
0.260835 0.00364555 2.14691e-08
0.260875 0.00364555 2.15666e-08
0.260915 0.00364555 2.15425e-08
0.260954 0.00364555 2.15036e-08
0.260994 0.00364555 2.15607e-08
0.261034 0.00364555 2.1557e-08
0.261074 0.00364555 2.1545e-08
0.261113 0.00364555 2.15433e-08
0.261153 0.00364555 2.15502e-08
0.261193 0.00364555 2.15278e-08
0.261233 0.00364555 2.15659e-08
0.261272 0.00364555 2.15255e-08
0.261312 0.00364555 2.15239e-08
0.261352 0.00364555 2.16022e-08
0.261392 0.00364555 2.15146e-08
0.261431 0.00364555 2.15453e-08
0.261471 0.00364555 2.15619e-08
0.261511 0.00364555 2.1504e-08
0.261551 0.00364555 2.16018e-08
0.26159 0.00364555 2.14986e-08
0.26163 0.00364555 2.1561e-08
0.26167 0.00364555 2.15265e-08
0.26171 0.00364555 2.16237e-08
0.26175 0.00364555 2.16018e-08
0.261789 0.00364555 2.17421e-08
0.261829 0.00364555 2.13144e-08
0.261869 0.00364555 2.1678e-08
0.261909 0.00364555 2.14477e-08
0.261948 0.00364555 2.16706e-08
0.261988 0.00364555 2.14293e-08
0.262028 0.00364555 2.1638e-08
0.262068 0.00364555 2.14807e-08
0.262107 0.00364555 2.15855e-08
0.262147 0.00364555 2.152e-08
0.262187 0.00364555 2.15156e-08
0.262227 0.00364555 2.15731e-08
0.262266 0.00364555 2.15825e-08
0.262306 0.00364555 2.15132e-08
0.262346 0.00364555 2.15611e-08
0.262386 0.00364555 2.15445e-08
0.262425 0.00364555 2.15398e-08
0.262465 0.00364555 2.15458e-08
0.262505 0.00364555 2.15515e-08
0.262545 0.00364555 2.15305e-08
0.262584 0.00364555 2.15663e-08
0.262624 0.00364555 2.15159e-08
0.262664 0.00364555 2.15936e-08
0.262704 0.00364555 2.16362e-08
0.262744 0.00364555 2.15274e-08
0.262783 0.00364555 2.15429e-08
0.262823 0.00364555 2.15745e-08
0.262863 0.00364555 2.1513e-08
0.262903 0.00364555 2.15622e-08
0.262942 0.00364555 2.1498e-08
0.262982 0.00364555 2.15538e-08
0.263022 0.00364555 2.15641e-08
0.263062 0.00364555 2.15133e-08
0.263101 0.00364555 2.15687e-08
0.263141 0.00364555 2.15425e-08
0.263181 0.00364555 2.15204e-08
0.263221 0.00364555 2.15959e-08
0.26326 0.00364555 2.1471e-08
0.2633 0.00364555 2.16353e-08
0.26334 0.00364555 2.14718e-08
0.26338 0.00364555 2.1764e-08
0.263419 0.00364555 2.14185e-08
0.263459 0.00364555 2.15756e-08
0.263499 0.00364555 2.15713e-08
0.263539 0.00364555 2.14915e-08
0.263579 0.00364555 2.16109e-08
0.263618 0.00364555 2.14715e-08
0.263658 0.00364555 2.16209e-08
0.263698 0.00364555 2.14719e-08
0.263738 0.00364555 2.16091e-08
0.263777 0.00364555 2.15174e-08
0.263817 0.00364555 2.171e-08
0.263857 0.00364555 2.14667e-08
0.263897 0.00364555 2.15467e-08
0.263936 0.00364555 2.15718e-08
0.263976 0.00364555 2.15225e-08
0.264016 0.00364555 2.15514e-08
0.264056 0.00364555 2.1577e-08
0.264095 0.00364555 2.1642e-08
0.264135 0.00364555 2.15251e-08
0.264175 0.00364555 2.14886e-08
0.264215 0.00364555 2.16284e-08
0.264254 0.00364555 2.14556e-08
0.264294 0.00364555 2.17427e-08
0.264334 0.00364555 2.14743e-08
0.264374 0.00364555 2.15077e-08
0.264414 0.00364555 2.16571e-08
0.264453 0.00364555 2.12984e-08
0.264493 0.00364555 2.16812e-08
0.264533 0.00364555 2.15084e-08
0.264573 0.00364555 2.15384e-08
0.264612 0.00364555 2.15049e-08
0.264652 0.00364555 2.15316e-08
0.264692 0.00364555 2.14975e-08
0.264732 0.00364555 2.15821e-08
0.264771 0.00364555 2.15669e-08
0.264811 0.00364555 2.15536e-08
0.264851 0.00364555 2.1544e-08
0.264891 0.00364555 2.15753e-08
0.26493 0.00364555 2.1502e-08
0.26497 0.00364555 2.15756e-08
0.26501 0.00364555 2.14926e-08
0.26505 0.00364555 2.1546e-08
0.265089 0.00364555 2.15854e-08
0.265129 0.00364555 2.14809e-08
0.265169 0.00364555 2.15607e-08
0.265209 0.00364555 2.14295e-08
0.265249 0.00364555 2.15258e-08
0.265288 0.00364555 2.15789e-08
0.265328 0.00364555 2.15691e-08
0.265368 0.00364555 2.15212e-08
0.265408 0.00364555 2.15309e-08
0.265447 0.00364555 2.15683e-08
0.265487 0.00364555 2.14866e-08
0.265527 0.00364555 2.16128e-08
0.265567 0.00364555 2.14899e-08
0.265606 0.00364555 2.16244e-08
0.265646 0.00364555 2.14667e-08
0.265686 0.00364555 2.14945e-08
0.265726 0.00364555 2.16322e-08
0.265765 0.00364555 2.13636e-08
0.265805 0.00364555 2.14962e-08
0.265845 0.00364555 2.16211e-08
0.265885 0.00364555 2.15486e-08
0.265924 0.00364555 2.15215e-08
0.265964 0.00364555 2.15666e-08
0.266004 0.00364555 2.15612e-08
0.266044 0.00364555 2.15051e-08
0.266083 0.00364555 2.15698e-08
0.266123 0.00364555 2.15049e-08
0.266163 0.00364555 2.15853e-08
0.266203 0.00364555 2.15177e-08
0.266243 0.00364555 2.16001e-08
0.266282 0.00364555 2.14825e-08
0.266322 0.00364555 2.15575e-08
0.266362 0.00364555 2.16391e-08
0.266402 0.00364555 2.13468e-08
0.266441 0.00364555 2.15082e-08
0.266481 0.00364555 2.15745e-08
0.266521 0.00364555 2.14485e-08
0.266561 0.00364555 2.15373e-08
0.2666 0.00364555 2.1558e-08
0.26664 0.00364555 2.1567e-08
0.26668 0.00364555 2.15329e-08
0.26672 0.00364555 2.15772e-08
0.266759 0.00364555 2.1506e-08
0.266799 0.00364555 2.15729e-08
0.266839 0.00364555 2.14887e-08
0.266879 0.00364555 2.15576e-08
0.266918 0.00364555 2.15678e-08
0.266958 0.00364555 2.15015e-08
0.266998 0.00364555 2.15398e-08
0.267038 0.00364555 2.15465e-08
0.267078 0.00364555 2.16129e-08
0.267117 0.00364555 2.15615e-08
0.267157 0.00364555 2.15642e-08
0.267197 0.00364555 2.15648e-08
0.267237 0.00364555 2.1431e-08
0.267276 0.00364555 2.1564e-08
0.267316 0.00364555 2.15232e-08
0.267356 0.00364555 2.15725e-08
0.267396 0.00364555 2.15143e-08
0.267435 0.00364555 2.16159e-08
0.267475 0.00364555 2.15124e-08
0.267515 0.00364555 2.15404e-08
0.267555 0.00364555 2.15244e-08
0.267594 0.00364555 2.15442e-08
0.267634 0.00364555 2.16254e-08
0.267674 0.00364555 2.15433e-08
0.267714 0.00364555 2.15863e-08
0.267753 0.00364555 2.15326e-08
0.267793 0.00364555 2.15344e-08
0.267833 0.00364555 2.16127e-08
0.267873 0.00364555 2.14753e-08
0.267913 0.00364555 2.15778e-08
0.267952 0.00364555 2.15057e-08
0.267992 0.00364555 2.15823e-08
0.268032 0.00364555 2.15215e-08
0.268072 0.00364555 2.15941e-08
0.268111 0.00364555 2.14921e-08
0.268151 0.00364555 2.14747e-08
0.268191 0.00364555 2.16449e-08
0.268231 0.00364555 2.13603e-08
0.26827 0.00364555 2.14894e-08
0.26831 0.00364555 2.15672e-08
0.26835 0.00364555 2.15178e-08
0.26839 0.00364555 2.15607e-08
0.268429 0.00364555 2.15116e-08
0.268469 0.00364555 2.15912e-08
0.268509 0.00364555 2.15356e-08
0.268549 0.00364555 2.15626e-08
0.268588 0.00364555 2.15204e-08
0.268628 0.00364555 2.15649e-08
0.268668 0.00364555 2.14907e-08
0.268708 0.00364555 2.15594e-08
0.268748 0.00364555 2.15649e-08
0.268787 0.00364555 2.1406e-08
0.268827 0.00364555 2.1555e-08
0.268867 0.00364555 2.14524e-08
0.268907 0.00364555 2.1498e-08
0.268946 0.00364555 2.14971e-08
0.268986 0.00364555 2.14642e-08
0.269026 0.00364555 2.15157e-08
0.269066 0.00364555 2.14438e-08
0.269105 0.00364555 2.1535e-08
0.269145 0.00364555 2.14476e-08
0.269185 0.00364555 2.1475e-08
0.269225 0.00364555 2.1505e-08
0.269264 0.00364555 2.15724e-08
0.269304 0.00364555 2.14835e-08
0.269344 0.00364555 2.14627e-08
0.269384 0.00364555 2.15331e-08
0.269423 0.00364555 2.14457e-08
0.269463 0.00364555 2.16174e-08
0.269503 0.00364555 2.15031e-08
0.269543 0.00364555 2.14564e-08
0.269583 0.00364555 2.15255e-08
0.269622 0.00364555 2.14563e-08
0.269662 0.00364555 2.151e-08
0.269702 0.00364555 2.14535e-08
0.269742 0.00364555 2.1526e-08
0.269781 0.00364555 2.14552e-08
0.269821 0.00364555 2.14686e-08
0.269861 0.00364555 2.15095e-08
0.269901 0.00364555 2.14727e-08
0.26994 0.00364555 2.15035e-08
0.26998 0.00364555 2.15206e-08
0.27002 0.00364555 2.15794e-08
0.27006 0.00364555 2.15078e-08
0.270099 0.00364555 2.15713e-08
0.270139 0.00364555 2.15345e-08
0.270179 0.00364555 2.15395e-08
0.270219 0.00364555 2.15656e-08
0.270258 0.00364555 2.15091e-08
0.270298 0.00364555 2.15835e-08
0.270338 0.00364555 2.149e-08
0.270378 0.00364555 2.1602e-08
0.270417 0.00364555 2.13937e-08
0.270457 0.00364555 2.15577e-08
0.270497 0.00364555 2.15919e-08
0.270537 0.00364555 2.15018e-08
0.270577 0.00364555 2.1469e-08
0.270616 0.00364555 2.15529e-08
0.270656 0.00364555 2.15669e-08
0.270696 0.00364555 2.15006e-08
0.270736 0.00364555 2.15885e-08
0.270775 0.00364555 2.15162e-08
0.270815 0.00364555 2.1555e-08
0.270855 0.00364555 2.15532e-08
0.270895 0.00364555 2.15192e-08
0.270934 0.00364555 2.15753e-08
0.270974 0.00364555 2.14958e-08
0.271014 0.00364555 2.15999e-08
0.271054 0.00364555 2.14892e-08
0.271093 0.00364555 2.15552e-08
0.271133 0.00364555 2.15299e-08
0.271173 0.00364555 2.15674e-08
0.271213 0.00364555 2.14707e-08
0.271252 0.00364555 2.15886e-08
0.271292 0.00364555 2.15372e-08
0.271332 0.00364555 2.15244e-08
0.271372 0.00364555 2.15761e-08
0.271412 0.00364555 2.15177e-08
0.271451 0.00364555 2.15605e-08
0.271491 0.00364555 2.1545e-08
0.271531 0.00364555 2.15271e-08
0.271571 0.00364555 2.15694e-08
0.27161 0.00364555 2.14995e-08
0.27165 0.00364555 2.15975e-08
0.27169 0.00364555 2.14922e-08
0.27173 0.00364555 2.15498e-08
0.271769 0.00364555 2.1539e-08
0.271809 0.00364555 2.15547e-08
0.271849 0.00364555 2.14857e-08
0.271889 0.00364555 2.15737e-08
0.271928 0.00364555 2.15495e-08
0.271968 0.00364555 2.1517e-08
0.272008 0.00364555 2.15777e-08
0.272048 0.00364555 2.15217e-08
0.272087 0.00364555 2.15524e-08
0.272127 0.00364555 2.1555e-08
0.272167 0.00364555 2.15175e-08
0.272207 0.00364555 2.15769e-08
0.272247 0.00364555 2.1495e-08
0.272286 0.00364555 2.15992e-08
0.272326 0.00364555 2.14925e-08
0.272366 0.00364555 2.15489e-08
0.272406 0.00364555 2.15393e-08
0.272445 0.00364555 2.15557e-08
0.272485 0.00364555 2.14814e-08
0.272525 0.00364555 2.15786e-08
0.272565 0.00364555 2.15441e-08
0.272604 0.00364555 2.1522e-08
0.272644 0.00364555 2.15983e-08
0.272684 0.00364555 2.14992e-08
0.272724 0.00364555 2.15324e-08
0.272763 0.00364555 2.15793e-08
0.272803 0.00364555 2.15121e-08
0.272843 0.00364555 2.15679e-08
0.272883 0.00364555 2.15054e-08
0.272922 0.00364555 2.15945e-08
0.272962 0.00364555 2.14917e-08
0.273002 0.00364555 2.1552e-08
0.273042 0.00364555 2.15363e-08
0.273082 0.00364555 2.15578e-08
0.273121 0.00364555 2.15037e-08
0.273161 0.00364555 2.15569e-08
0.273201 0.00364555 2.15208e-08
0.273241 0.00364556 2.15515e-08
0.27328 0.00364555 2.15631e-08
0.27332 0.00364556 2.1519e-08
0.27336 0.00364555 2.15604e-08
0.2734 0.00364555 2.1549e-08
0.273439 0.00364555 2.15208e-08
0.273479 0.00364555 2.15744e-08
0.273519 0.00364555 2.15217e-08
0.273559 0.00364555 2.15734e-08
0.273598 0.00364555 2.14718e-08
0.273638 0.00364555 2.15782e-08
0.273678 0.00364555 2.15253e-08
0.273718 0.00364555 2.15573e-08
0.273757 0.00364555 2.14811e-08
0.273797 0.00364556 2.15834e-08
0.273837 0.00364555 2.156e-08
0.273877 0.00364556 2.1506e-08
0.273917 0.00364555 2.15723e-08
0.273956 0.00364556 2.15281e-08
0.273996 0.00364555 2.15238e-08
0.274036 0.00364556 2.15725e-08
0.274076 0.00364555 2.15214e-08
0.274115 0.00364556 2.15632e-08
0.274155 0.00364555 2.1506e-08
0.274195 0.00364556 2.15949e-08
0.274235 0.00364555 2.15163e-08
0.274274 0.00364556 2.15264e-08
0.274314 0.00364555 2.15416e-08
0.274354 0.00364556 2.15594e-08
0.274394 0.00364555 2.14506e-08
0.274433 0.00364556 2.16017e-08
0.274473 0.00364555 2.15408e-08
0.274513 0.00364556 2.15151e-08
0.274553 0.00364555 2.16042e-08
0.274592 0.00364556 2.14973e-08
0.274632 0.00364555 2.15571e-08
0.274672 0.00364556 2.1553e-08
0.274712 0.00364555 2.14967e-08
0.274751 0.00364556 2.15873e-08
0.274791 0.00364555 2.15044e-08
0.274831 0.00364556 2.15822e-08
0.274871 0.00364555 2.15285e-08
0.274911 0.00364556 2.15218e-08
0.27495 0.00364555 2.15403e-08
0.27499 0.00364556 2.15622e-08
0.27503 0.00364555 2.1473e-08
0.27507 0.00364556 2.1578e-08
0.275109 0.00364555 2.15205e-08
0.275149 0.00364556 2.15419e-08
0.275189 0.00364555 2.15705e-08
0.275229 0.00364556 2.15174e-08
0.275268 0.00364555 2.15833e-08
0.275308 0.00364556 2.15254e-08
0.275348 0.00364555 2.15266e-08
0.275388 0.00364556 2.1571e-08
0.275427 0.00364555 2.15167e-08
0.275467 0.00364556 2.15893e-08
0.275507 0.00364555 2.14807e-08
0.275547 0.00364556 2.15764e-08
0.275586 0.00364555 2.1522e-08
0.275626 0.00364556 2.15571e-08
0.275666 0.00364555 2.1511e-08
0.275706 0.00364556 2.15497e-08
0.275746 0.00364555 2.15656e-08
0.275785 0.00364556 2.15277e-08
0.275825 0.00364556 2.15731e-08
0.275865 0.00364556 2.15197e-08
0.275905 0.00364556 2.1563e-08
0.275944 0.00364556 2.15453e-08
0.275984 0.00364555 2.15061e-08
0.276024 0.00364556 2.15997e-08
0.276064 0.00364555 2.14899e-08
0.276103 0.00364556 2.15826e-08
0.276143 0.00364556 2.15418e-08
0.276183 0.00364556 2.15019e-08
0.276223 0.00364555 2.15759e-08
0.276262 0.00364556 2.15497e-08
0.276302 0.00364556 2.14888e-08
0.276342 0.00364556 2.15697e-08
0.276382 0.00364556 2.1557e-08
0.276421 0.00364556 2.15133e-08
0.276461 0.00364556 2.15847e-08
0.276501 0.00364556 2.15149e-08
0.276541 0.00364556 2.15415e-08
0.276581 0.00364556 2.15746e-08
0.27662 0.00364556 2.1517e-08
0.27666 0.00364556 2.15556e-08
0.2767 0.00364556 2.1548e-08
0.27674 0.00364556 2.15502e-08
0.276779 0.00364556 2.15723e-08
0.276819 0.00364556 2.15555e-08
0.276859 0.00364555 2.15251e-08
0.276899 0.00364556 2.15725e-08
0.276938 0.00364556 2.1492e-08
0.276978 0.00364556 2.1569e-08
0.277018 0.00364556 2.15614e-08
0.277058 0.00364556 2.15199e-08
0.277097 0.00364556 2.15557e-08
0.277137 0.00364556 2.15538e-08
0.277177 0.00364556 2.15746e-08
0.277217 0.00364556 2.15351e-08
0.277256 0.00364556 2.15416e-08
0.277296 0.00364556 2.15914e-08
0.277336 0.00364556 2.14984e-08
0.277376 0.00364556 2.15551e-08
0.277416 0.00364556 2.15388e-08
0.277455 0.00364556 2.15705e-08
0.277495 0.00364556 2.15275e-08
0.277535 0.00364556 2.16095e-08
0.277575 0.00364556 2.15294e-08
0.277614 0.00364556 2.15324e-08
0.277654 0.00364556 2.15693e-08
0.277694 0.00364556 2.15064e-08
0.277734 0.00364556 2.16088e-08
0.277773 0.00364556 2.15037e-08
0.277813 0.00364556 2.15527e-08
0.277853 0.00364556 2.1565e-08
0.277893 0.00364556 2.15164e-08
0.277932 0.00364556 2.15843e-08
0.277972 0.00364556 2.15571e-08
0.278012 0.00364556 2.15549e-08
0.278052 0.00364556 2.15281e-08
0.278091 0.00364556 2.15746e-08
0.278131 0.00364556 2.14862e-08
0.278171 0.00364556 2.15731e-08
0.278211 0.00364556 2.1563e-08
0.27825 0.00364556 2.1512e-08
0.27829 0.00364556 2.15924e-08
0.27833 0.00364556 2.15153e-08
0.27837 0.00364556 2.15687e-08
0.27841 0.00364556 2.15357e-08
0.278449 0.00364556 2.15414e-08
0.278489 0.00364556 2.15703e-08
0.278529 0.00364556 2.15613e-08
0.278569 0.00364556 2.15582e-08
0.278608 0.00364556 2.15181e-08
0.278648 0.00364556 2.15909e-08
0.278688 0.00364556 2.14634e-08
0.278728 0.00364556 2.15972e-08
0.278767 0.00364556 2.15407e-08
0.278807 0.00364556 2.15292e-08
0.278847 0.00364556 2.15824e-08
0.278887 0.00364556 2.15177e-08
0.278926 0.00364556 2.15725e-08
0.278966 0.00364556 2.15283e-08
0.279006 0.00364556 2.15497e-08
0.279046 0.00364556 2.15634e-08
0.279085 0.00364556 2.15652e-08
0.279125 0.00364556 2.1558e-08
0.279165 0.00364556 2.1515e-08
0.279205 0.00364556 2.15966e-08
0.279245 0.00364556 2.14561e-08
0.279284 0.00364556 2.1605e-08
0.279324 0.00364556 2.15332e-08
0.279364 0.00364556 2.15358e-08
0.279404 0.00364556 2.15769e-08
0.279443 0.00364556 2.15219e-08
0.279483 0.00364556 2.15697e-08
0.279523 0.00364556 2.15417e-08
0.279563 0.00364556 2.15542e-08
0.279602 0.00364556 2.15658e-08
0.279642 0.00364556 2.15228e-08
0.279682 0.00364556 2.15832e-08
0.279722 0.00364556 2.15555e-08
0.279761 0.00364556 2.15532e-08
0.279801 0.00364556 2.15355e-08
0.279841 0.00364556 2.15634e-08
0.279881 0.00364556 2.14971e-08
0.27992 0.00364556 2.15661e-08
0.27996 0.00364556 2.15641e-08
0.28 0.00364556 2.15175e-08
0.28004 0.00364556 2.15805e-08
0.28008 0.00364556 2.15325e-08
0.280119 0.00364556 2.15478e-08
0.280159 0.00364556 2.15585e-08
0.280199 0.00364556 2.15186e-08
0.280239 0.00364556 2.15911e-08
0.280278 0.00364556 2.15441e-08
0.280318 0.00364556 2.15706e-08
0.280358 0.00364556 2.15111e-08
0.280398 0.00364556 2.15923e-08
0.280437 0.00364556 2.14671e-08
0.280477 0.00364556 2.15892e-08
0.280517 0.00364556 2.1552e-08
0.280557 0.00364556 2.15161e-08
0.280596 0.00364556 2.15958e-08
0.280636 0.00364556 2.15054e-08
0.280676 0.00364556 2.15827e-08
0.280716 0.00364556 2.15212e-08
0.280755 0.00364556 2.15532e-08
0.280795 0.00364556 2.15635e-08
0.280835 0.00364556 2.1562e-08
0.280875 0.00364556 2.15636e-08
0.280915 0.00364556 2.15079e-08
0.280954 0.00364556 2.16044e-08
0.280994 0.00364556 2.14486e-08
0.281034 0.00364556 2.16116e-08
0.281074 0.00364556 2.15281e-08
0.281113 0.00364556 2.15395e-08
0.281153 0.00364556 2.15747e-08
0.281193 0.00364556 2.15229e-08
0.281233 0.00364556 2.15695e-08
0.281272 0.00364556 2.15295e-08
0.281312 0.00364556 2.15498e-08
0.281352 0.00364556 2.15626e-08
0.281392 0.00364556 2.15662e-08
0.281431 0.00364556 2.15575e-08
0.281471 0.00364556 2.15143e-08
0.281511 0.00364556 2.1599e-08
0.281551 0.00364556 2.14518e-08
0.28159 0.00364556 2.16112e-08
0.28163 0.00364556 2.15258e-08
0.28167 0.00364556 2.1544e-08
0.28171 0.00364556 2.15691e-08
0.28175 0.00364556 2.15288e-08
0.281789 0.00364556 2.15643e-08
0.281829 0.00364556 2.15335e-08
0.281869 0.00364556 2.15472e-08
0.281909 0.00364556 2.15641e-08
0.281948 0.00364556 2.15655e-08
0.281988 0.00364556 2.15578e-08
0.282028 0.00364556 2.1514e-08
0.282068 0.00364556 2.15992e-08
0.282107 0.00364556 2.14519e-08
0.282147 0.00364556 2.16109e-08
0.282187 0.00364556 2.15266e-08
0.282227 0.00364556 2.15425e-08
0.282266 0.00364556 2.1571e-08
0.282306 0.00364556 2.15266e-08
0.282346 0.00364556 2.15667e-08
0.282386 0.00364556 2.15309e-08
0.282425 0.00364556 2.15498e-08
0.282465 0.00364556 2.15612e-08
0.282505 0.00364556 2.15686e-08
0.282545 0.00364556 2.15543e-08
0.282584 0.00364556 2.1518e-08
0.282624 0.00364556 2.15949e-08
0.282664 0.00364556 2.14564e-08
0.282704 0.00364556 2.16061e-08
0.282744 0.00364556 2.15316e-08
0.282783 0.00364556 2.15373e-08
0.282823 0.00364556 2.15766e-08
0.282863 0.00364556 2.15202e-08
0.282903 0.00364556 2.15741e-08
0.282942 0.00364556 2.15224e-08
0.282982 0.00364556 2.15598e-08
0.283022 0.00364556 2.15496e-08
0.283062 0.00364556 2.15819e-08
0.283101 0.00364556 2.15395e-08
0.283141 0.00364556 2.15341e-08
0.283181 0.00364556 2.15781e-08
0.283221 0.00364556 2.14734e-08
0.28326 0.00364556 2.15896e-08
0.2833 0.00364556 2.15468e-08
0.28334 0.00364556 2.15241e-08
0.28338 0.00364556 2.15871e-08
0.283419 0.00364556 2.15132e-08
0.283459 0.00364556 2.15772e-08
0.283499 0.00364556 2.15235e-08
0.283539 0.00364556 2.15543e-08
0.283579 0.00364556 2.15596e-08
0.283618 0.00364556 2.15677e-08
0.283658 0.00364556 2.15576e-08
0.283698 0.00364556 2.15129e-08
0.283738 0.00364556 2.16016e-08
0.283777 0.00364556 2.14485e-08
0.283817 0.00364556 2.16148e-08
0.283857 0.00364556 2.15223e-08
0.283897 0.00364556 2.1547e-08
0.283936 0.00364556 2.15668e-08
0.283976 0.00364556 2.15301e-08
0.284016 0.00364556 2.1564e-08
0.284056 0.00364556 2.15328e-08
0.284095 0.00364556 2.15489e-08
0.284135 0.00364556 2.15615e-08
0.284175 0.00364556 2.1569e-08
0.284215 0.00364556 2.15536e-08
0.284254 0.00364556 2.15188e-08
0.284294 0.00364556 2.15944e-08
0.284334 0.00364556 2.14565e-08
0.284374 0.00364556 2.16066e-08
0.284414 0.00364556 2.15304e-08
0.284453 0.00364556 2.15391e-08
0.284493 0.00364556 2.15743e-08
0.284533 0.00364556 2.15229e-08
0.284573 0.00364556 2.15712e-08
0.284612 0.00364556 2.15254e-08
0.284652 0.00364556 2.15567e-08
0.284692 0.00364556 2.15529e-08
0.284732 0.00364556 2.15784e-08
0.284771 0.00364556 2.15434e-08
0.284811 0.00364556 2.15298e-08
0.284851 0.00364556 2.15829e-08
0.284891 0.00364556 2.14681e-08
0.28493 0.00364556 2.15952e-08
0.28497 0.00364556 2.15411e-08
0.28501 0.00364556 2.15297e-08
0.28505 0.00364556 2.15823e-08
0.285089 0.00364556 2.15168e-08
0.285129 0.00364556 2.15754e-08
0.285169 0.00364556 2.15233e-08
0.285209 0.00364556 2.1557e-08
0.285249 0.00364556 2.15544e-08
0.285288 0.00364556 2.15756e-08
0.285328 0.00364556 2.15473e-08
0.285368 0.00364556 2.15251e-08
0.285408 0.00364556 2.1588e-08
0.285447 0.00364556 2.1463e-08
0.285487 0.00364556 2.16001e-08
0.285527 0.00364556 2.15367e-08
0.285567 0.00364556 2.15334e-08
0.285606 0.00364556 2.15794e-08
0.285646 0.00364556 2.15188e-08
0.285686 0.00364556 2.15743e-08
0.285726 0.00364556 2.15235e-08
0.285765 0.00364556 2.15576e-08
0.285805 0.00364556 2.15531e-08
0.285845 0.00364556 2.15774e-08
0.285885 0.00364556 2.15451e-08
0.285924 0.00364556 2.15276e-08
0.285964 0.00364556 2.15854e-08
0.286004 0.00364556 2.14655e-08
0.286044 0.00364556 2.15979e-08
0.286083 0.00364556 2.15385e-08
0.286123 0.00364556 2.1532e-08
0.286163 0.00364556 2.15803e-08
0.286203 0.00364556 2.15676e-08
0.286243 0.00364556 2.15902e-08
0.286282 0.00364556 2.1555e-08
0.286322 0.00364556 2.15867e-08
0.286362 0.00364556 2.1532e-08
0.286402 0.00364556 2.15876e-08
0.286441 0.00364556 2.1546e-08
0.286481 0.00364556 2.15231e-08
0.286521 0.00364556 2.1573e-08
0.286561 0.00364556 2.14594e-08
0.2866 0.00364556 2.16003e-08
0.28664 0.00364556 2.15037e-08
0.28668 0.00364556 2.15819e-08
0.28672 0.00364556 2.1582e-08
0.286759 0.00364556 2.1531e-08
0.286799 0.00364556 2.16138e-08
0.286839 0.00364556 2.15546e-08
0.286879 0.00364556 2.15798e-08
0.286918 0.00364556 2.15685e-08
0.286958 0.00364556 2.16004e-08
0.286998 0.00364556 2.15279e-08
0.287038 0.00364556 2.15004e-08
0.287078 0.00364556 2.15913e-08
0.287117 0.00364556 2.14396e-08
0.287157 0.00364556 2.15911e-08
0.287197 0.00364556 2.15412e-08
0.287237 0.00364556 2.15704e-08
0.287276 0.00364556 2.15403e-08
0.287316 0.00364556 2.15288e-08
0.287356 0.00364556 2.15519e-08
0.287396 0.00364556 2.15069e-08
0.287435 0.00364556 2.15543e-08
0.287475 0.00364556 2.16378e-08
0.287515 0.00364556 2.1471e-08
0.287555 0.00364556 2.16071e-08
0.287594 0.00364556 2.14707e-08
0.287634 0.00364556 2.15908e-08
0.287674 0.00364556 2.14988e-08
0.287714 0.00364556 2.1556e-08
0.287753 0.00364556 2.16442e-08
0.287793 0.00364556 2.14716e-08
0.287833 0.00364556 2.15559e-08
0.287873 0.00364556 2.15485e-08
0.287913 0.00364556 2.14205e-08
0.287952 0.00364556 2.15248e-08
0.287992 0.00364556 2.15424e-08
0.288032 0.00364556 2.15472e-08
0.288072 0.00364556 2.1398e-08
0.288111 0.00364556 2.16524e-08
0.288151 0.00364556 2.14607e-08
0.288191 0.00364556 2.15736e-08
0.288231 0.00364556 2.15244e-08
0.28827 0.00364556 2.145e-08
0.28831 0.00364556 2.159e-08
0.28835 0.00364556 2.15271e-08
0.28839 0.00364556 2.15111e-08
0.288429 0.00364556 2.15803e-08
0.288469 0.00364556 2.15001e-08
0.288509 0.00364556 2.15568e-08
0.288549 0.00364556 2.15336e-08
0.288588 0.00364556 2.17107e-08
0.288628 0.00364556 2.13837e-08
0.288668 0.00364556 2.17183e-08
0.288708 0.00364556 2.16983e-08
0.288748 0.00364556 2.15771e-08
0.288787 0.00364556 2.14994e-08
0.288827 0.00364556 2.12724e-08
0.288867 0.00364556 2.15716e-08
0.288907 0.00364556 2.15736e-08
0.288946 0.00364556 2.14254e-08
0.288986 0.00364556 2.13878e-08
0.289026 0.00364556 2.14521e-08
0.289066 0.00364556 2.17012e-08
0.289105 0.00364556 2.15914e-08
0.289145 0.00364556 2.17245e-08
0.289185 0.00364556 2.1588e-08
0.289225 0.00364556 2.14224e-08
0.289264 0.00364556 2.13627e-08
0.289304 0.00364556 2.13409e-08
0.289344 0.00364556 2.14464e-08
0.289384 0.00364556 2.13351e-08
0.289423 0.00364556 2.14366e-08
0.289463 0.00364556 2.1438e-08
0.289503 0.00364556 2.17238e-08
0.289543 0.00364556 2.17284e-08
0.289583 0.00364556 2.16415e-08
0.289622 0.00364556 2.18327e-08
0.289662 0.00364556 2.15102e-08
0.289702 0.00364556 2.14823e-08
0.289742 0.00364556 2.13141e-08
0.289781 0.00364556 2.15039e-08
0.289821 0.00364556 2.16071e-08
0.289861 0.00364556 2.1278e-08
0.289901 0.00364556 2.14784e-08
0.28994 0.00364556 2.13678e-08
0.28998 0.00364556 2.1395e-08
0.29002 0.00364556 2.15085e-08
0.29006 0.00364556 2.16458e-08
0.290099 0.00364556 2.17921e-08
0.290139 0.00364556 2.13858e-08
0.290179 0.00364556 2.16303e-08
0.290219 0.00364556 2.14745e-08
0.290258 0.00364556 2.15565e-08
0.290298 0.00364556 2.15542e-08
0.290338 0.00364556 2.15429e-08
0.290378 0.00364556 2.16457e-08
0.290417 0.00364556 2.14668e-08
0.290457 0.00364556 2.1597e-08
0.290497 0.00364556 2.15542e-08
0.290537 0.00364556 2.15115e-08
0.290577 0.00364556 2.15717e-08
0.290616 0.00364556 2.14885e-08
0.290656 0.00364556 2.15653e-08
0.290696 0.00364556 2.14256e-08
0.290736 0.00364556 2.16507e-08
0.290775 0.00364556 2.14707e-08
0.290815 0.00364556 2.15802e-08
0.290855 0.00364556 2.15498e-08
0.290895 0.00364556 2.14526e-08
0.290934 0.00364556 2.1617e-08
0.290974 0.00364556 2.14957e-08
0.291014 0.00364556 2.15497e-08
0.291054 0.00364556 2.15171e-08
0.291093 0.00364556 2.158e-08
0.291133 0.00364556 2.15527e-08
0.291173 0.00364556 2.15147e-08
0.291213 0.00364556 2.16909e-08
0.291252 0.00364556 2.14436e-08
0.291292 0.00364556 2.16266e-08
0.291332 0.00364556 2.1508e-08
0.291372 0.00364556 2.14153e-08
0.291412 0.00364556 2.15662e-08
0.291451 0.00364556 2.14493e-08
0.291491 0.00364556 2.16085e-08
0.291531 0.00364556 2.15093e-08
0.291571 0.00364556 2.156e-08
0.29161 0.00364556 2.15412e-08
0.29165 0.00364556 2.153e-08
0.29169 0.00364556 2.15736e-08
0.29173 0.00364556 2.14081e-08
0.291769 0.00364556 2.15526e-08
0.291809 0.00364556 2.14498e-08
0.291849 0.00364556 2.151e-08
0.291889 0.00364556 2.14878e-08
0.291928 0.00364556 2.14729e-08
0.291968 0.00364556 2.16161e-08
0.292008 0.00364556 2.14847e-08
0.292048 0.00364556 2.15869e-08
0.292087 0.00364556 2.15259e-08
0.292127 0.00364556 2.15512e-08
0.292167 0.00364556 2.15458e-08
0.292207 0.00364556 2.15258e-08
0.292247 0.00364556 2.15783e-08
0.292286 0.00364556 2.14033e-08
0.292326 0.00364556 2.1558e-08
0.292366 0.00364556 2.14419e-08
0.292406 0.00364556 2.15224e-08
0.292445 0.00364556 2.147e-08
0.292485 0.00364556 2.14959e-08
0.292525 0.00364556 2.15896e-08
0.292565 0.00364556 2.15127e-08
0.292604 0.00364556 2.15598e-08
0.292644 0.00364556 2.15518e-08
0.292684 0.00364556 2.15256e-08
0.292724 0.00364556 2.15715e-08
0.292763 0.00364556 2.15001e-08
0.292803 0.00364556 2.1604e-08
0.292843 0.00364556 2.13782e-08
0.292883 0.00364556 2.15821e-08
0.292922 0.00364556 2.14198e-08
0.292962 0.00364556 2.15419e-08
0.293002 0.00364556 2.14535e-08
0.293042 0.00364556 2.15156e-08
0.293082 0.00364556 2.1576e-08
0.293121 0.00364556 2.15277e-08
0.293161 0.00364556 2.15466e-08
0.293201 0.00364556 2.15613e-08
0.293241 0.00364556 2.15215e-08
0.29328 0.00364556 2.15692e-08
0.29332 0.00364556 2.15093e-08
0.29336 0.00364556 2.1588e-08
0.2934 0.00364556 2.14987e-08
0.293439 0.00364556 2.15845e-08
0.293479 0.00364556 2.14121e-08
0.293519 0.00364556 2.15384e-08
0.293559 0.00364556 2.15722e-08
0.293598 0.00364556 2.15159e-08
0.293638 0.00364556 2.15662e-08
0.293678 0.00364556 2.15327e-08
0.293718 0.00364556 2.15536e-08
0.293757 0.00364556 2.15406e-08
0.293797 0.00364556 2.15413e-08
0.293837 0.00364556 2.15492e-08
0.293877 0.00364556 2.15237e-08
0.293917 0.00364556 2.1572e-08
0.293956 0.00364556 2.15114e-08
0.293996 0.00364556 2.15723e-08
0.294036 0.00364556 2.15226e-08
0.294076 0.00364556 2.15581e-08
0.294115 0.00364556 2.15473e-08
0.294155 0.00364556 2.15298e-08
0.294195 0.00364556 2.15747e-08
0.294235 0.00364556 2.15094e-08
0.294274 0.00364556 2.15801e-08
0.294314 0.00364556 2.15172e-08
0.294354 0.00364556 2.15603e-08
0.294394 0.00364556 2.15345e-08
0.294433 0.00364556 2.15332e-08
0.294473 0.00364556 2.15756e-08
0.294513 0.00364556 2.15099e-08
0.294553 0.00364556 2.15881e-08
0.294592 0.00364556 2.14998e-08
0.294632 0.00364556 2.15842e-08
0.294672 0.00364556 2.15193e-08
0.294712 0.00364556 2.15591e-08
0.294751 0.00364556 2.15447e-08
0.294791 0.00364556 2.15394e-08
0.294831 0.00364556 2.15507e-08
0.294871 0.00364556 2.15454e-08
0.294911 0.00364556 2.15344e-08
0.29495 0.00364556 2.15568e-08
0.29499 0.00364556 2.15101e-08
0.29503 0.00364556 2.15814e-08
0.29507 0.00364556 2.15059e-08
0.295109 0.00364556 2.15849e-08
0.295149 0.00364556 2.15097e-08
0.295189 0.00364556 2.15716e-08
0.295229 0.00364556 2.15238e-08
0.295268 0.00364556 2.15563e-08
0.295308 0.00364556 2.15379e-08
0.295348 0.00364556 2.1552e-08
0.295388 0.00364556 2.15363e-08
0.295427 0.00364556 2.15456e-08
0.295467 0.00364556 2.15352e-08
0.295507 0.00364556 2.15624e-08
0.295547 0.00364556 2.15306e-08
0.295586 0.00364556 2.15647e-08
0.295626 0.00364556 2.1521e-08
0.295666 0.00364556 2.16122e-08
0.295706 0.00364556 2.16349e-08
0.295746 0.00364556 2.14715e-08
0.295785 0.00364556 2.15829e-08
0.295825 0.00364556 2.15436e-08
0.295865 0.00364556 2.15325e-08
0.295905 0.00364556 2.16552e-08
0.295944 0.00364556 2.14647e-08
0.295984 0.00364556 2.15978e-08
0.296024 0.00364556 2.15062e-08
0.296064 0.00364556 2.15778e-08
0.296103 0.00364556 2.14958e-08
0.296143 0.00364556 2.16019e-08
0.296183 0.00364556 2.15012e-08
0.296223 0.00364556 2.15781e-08
0.296262 0.00364556 2.1481e-08
0.296302 0.00364556 2.15784e-08
0.296342 0.00364556 2.15505e-08
0.296382 0.00364556 2.13695e-08
0.296421 0.00364556 2.16966e-08
0.296461 0.00364556 2.14448e-08
0.296501 0.00364556 2.15988e-08
0.296541 0.00364556 2.15128e-08
0.296581 0.00364556 2.15686e-08
0.29662 0.00364556 2.15359e-08
0.29666 0.00364556 2.15294e-08
0.2967 0.00364556 2.15903e-08
0.29674 0.00364556 2.14758e-08
0.296779 0.00364556 2.16272e-08
0.296819 0.00364556 2.14629e-08
0.296859 0.00364556 2.17039e-08
0.296899 0.00364556 2.15296e-08
0.296938 0.00364556 2.16341e-08
0.296978 0.00364556 2.15981e-08
0.297018 0.00364556 2.14975e-08
0.297058 0.00364556 2.15754e-08
0.297097 0.00364556 2.15363e-08
0.297137 0.00364556 2.15434e-08
0.297177 0.00364556 2.15465e-08
0.297217 0.00364556 2.15361e-08
0.297256 0.00364556 2.15457e-08
0.297296 0.00364556 2.15436e-08
0.297336 0.00364556 2.1546e-08
0.297376 0.00364556 2.15495e-08
0.297416 0.00364556 2.15337e-08
0.297455 0.00364556 2.15609e-08
0.297495 0.00364556 2.15307e-08
0.297535 0.00364556 2.15518e-08
0.297575 0.00364556 2.15392e-08
0.297614 0.00364556 2.15317e-08
0.297654 0.00364556 2.15685e-08
0.297694 0.00364556 2.1514e-08
0.297734 0.00364556 2.15828e-08
0.297773 0.00364556 2.15042e-08
0.297813 0.00364556 2.15841e-08
0.297853 0.00364556 2.15136e-08
0.297893 0.00364556 2.15651e-08
0.297932 0.00364556 2.15262e-08
0.297972 0.00364556 2.15472e-08
0.298012 0.00364556 2.15489e-08
0.298052 0.00364556 2.15377e-08
0.298091 0.00364556 2.15559e-08
0.298131 0.00364556 2.15325e-08
0.298171 0.00364556 2.1556e-08
0.298211 0.00364556 2.15404e-08
0.29825 0.00364556 2.15401e-08
0.29829 0.00364556 2.15497e-08
0.29833 0.00364556 2.15247e-08
0.29837 0.00364556 2.15708e-08
0.29841 0.00364556 2.15164e-08
0.298449 0.00364556 2.15765e-08
0.298489 0.00364556 2.15131e-08
0.298529 0.00364556 2.15737e-08
0.298569 0.00364556 2.15247e-08
0.298608 0.00364556 2.15537e-08
0.298648 0.00364556 2.15379e-08
0.298688 0.00364556 2.15351e-08
0.298728 0.00364556 2.15611e-08
0.298767 0.00364556 2.15257e-08
0.298807 0.00364556 2.15675e-08
0.298847 0.00364556 2.1522e-08
0.298887 0.00364556 2.1565e-08
0.298926 0.00364556 2.1533e-08
0.298966 0.00364556 2.15458e-08
0.299006 0.00364556 2.15455e-08
0.299046 0.00364556 2.15275e-08
0.299085 0.00364556 2.15692e-08
0.299125 0.00364556 2.15168e-08
0.299165 0.00364556 2.15774e-08
0.299205 0.00364556 2.15109e-08
0.299245 0.00364556 2.1577e-08
0.299284 0.00364556 2.15205e-08
0.299324 0.00364556 2.15585e-08
0.299364 0.00364556 2.15331e-08
0.299404 0.00364556 2.15395e-08
0.299443 0.00364556 2.15576e-08
0.299483 0.00364556 2.15282e-08
0.299523 0.00364556 2.15658e-08
0.299563 0.00364556 2.15231e-08
0.299602 0.00364556 2.15639e-08
0.299642 0.00364556 2.15346e-08
0.299682 0.00364556 2.15433e-08
0.299722 0.00364556 2.15491e-08
0.299761 0.00364556 2.15228e-08
0.299801 0.00364556 2.15746e-08
0.299841 0.00364556 2.15112e-08
0.299881 0.00364556 2.15828e-08
0.29992 0.00364556 2.15062e-08
0.29996 0.00364556 2.15808e-08
0.3 0.00364556 2.15176e-08
0.30004 0.00364556 2.15605e-08
0.30008 0.00364556 2.15317e-08
0.300119 0.00364556 2.15405e-08
0.300159 0.00364556 2.15567e-08
0.300199 0.00364556 2.15289e-08
0.300239 0.00364556 2.15653e-08
0.300278 0.00364556 2.15232e-08
0.300318 0.00364556 2.15644e-08
0.300358 0.00364556 2.15333e-08
0.300398 0.00364556 2.15457e-08
0.300437 0.00364556 2.15457e-08
0.300477 0.00364556 2.15272e-08
0.300517 0.00364556 2.15695e-08
0.300557 0.00364556 2.15167e-08
0.300596 0.00364556 2.15771e-08
0.300636 0.00364556 2.15117e-08
0.300676 0.00364556 2.15756e-08
0.300716 0.00364556 2.15223e-08
0.300755 0.00364556 2.15563e-08
0.300795 0.00364556 2.15354e-08
0.300835 0.00364556 2.15373e-08
0.300875 0.00364556 2.15595e-08
0.300915 0.00364556 2.15265e-08
0.300954 0.00364556 2.15672e-08
0.300994 0.00364556 2.15217e-08
0.301034 0.00364556 2.15654e-08
0.301074 0.00364556 2.15328e-08
0.301113 0.00364556 2.15455e-08
0.301153 0.00364556 2.15464e-08
0.301193 0.00364556 2.15262e-08
0.301233 0.00364556 2.15708e-08
0.301272 0.00364556 2.15154e-08
0.301312 0.00364556 2.15782e-08
0.301352 0.00364556 2.15111e-08
0.301392 0.00364556 2.15757e-08
0.301431 0.00364556 2.15228e-08
0.301471 0.00364556 2.15552e-08
0.301511 0.00364556 2.15369e-08
0.301551 0.00364556 2.15355e-08
0.30159 0.00364556 2.15615e-08
0.30163 0.00364556 2.15246e-08
0.30167 0.00364556 2.1569e-08
0.30171 0.00364556 2.15203e-08
0.30175 0.00364556 2.15666e-08
0.301789 0.00364556 2.15319e-08
0.301829 0.00364556 2.15464e-08
0.301869 0.00364556 2.15455e-08
0.301909 0.00364556 2.15273e-08
0.301948 0.00364556 2.15693e-08
0.301988 0.00364556 2.15174e-08
0.302028 0.00364556 2.15757e-08
0.302068 0.00364556 2.15141e-08
0.302107 0.00364556 2.15722e-08
0.302147 0.00364556 2.15267e-08
0.302187 0.00364556 2.15512e-08
0.302227 0.00364556 2.15409e-08
0.302266 0.00364556 2.15318e-08
0.302306 0.00364556 2.15646e-08
0.302346 0.00364556 2.15223e-08
0.302386 0.00364556 2.15705e-08
0.302425 0.00364556 2.15197e-08
0.302465 0.00364556 2.15664e-08
0.302505 0.00364556 2.15327e-08
0.302545 0.00364556 2.15452e-08
0.302584 0.00364556 2.15468e-08
0.302624 0.00364556 2.15261e-08
0.302664 0.00364556 2.15702e-08
0.302704 0.00364556 2.15168e-08
0.302744 0.00364556 2.1576e-08
0.302783 0.00364556 2.15141e-08
0.302823 0.00364556 2.15721e-08
0.302863 0.00364556 2.15268e-08
0.302903 0.00364556 2.15511e-08
0.302942 0.00364556 2.15407e-08
0.302982 0.00364556 2.15321e-08
0.303022 0.00364556 2.15642e-08
0.303062 0.00364556 2.15227e-08
0.303101 0.00364556 2.15701e-08
0.303141 0.00364556 2.15198e-08
0.303181 0.00364556 2.15665e-08
0.303221 0.00364556 2.15323e-08
0.30326 0.00364556 2.15458e-08
0.3033 0.00364556 2.1546e-08
0.30334 0.00364556 2.15269e-08
0.30338 0.00364556 2.15693e-08
0.303419 0.00364556 2.15177e-08
0.303459 0.00364556 2.15751e-08
0.303499 0.00364556 2.15148e-08
0.303539 0.00364556 2.15715e-08
0.303579 0.00364556 2.15272e-08
0.303618 0.00364556 2.1551e-08
0.303658 0.00364556 2.15406e-08
0.303698 0.00364556 2.15325e-08
0.303738 0.00364556 2.15636e-08
0.303777 0.00364556 2.15236e-08
0.303817 0.00364556 2.15691e-08
0.303857 0.00364556 2.15211e-08
0.303897 0.00364556 2.15651e-08
0.303936 0.00364556 2.15399e-08
0.303976 0.00364556 2.15455e-08
0.304016 0.00364556 2.15503e-08
0.304056 0.00364556 2.15236e-08
0.304095 0.00364556 2.15702e-08
0.304135 0.00364556 2.1519e-08
0.304175 0.00364556 2.15728e-08
0.304215 0.00364556 2.15171e-08
0.304254 0.00364556 2.157e-08
0.304294 0.00364556 2.15275e-08
0.304334 0.00364556 2.15521e-08
0.304374 0.00364556 2.15384e-08
0.304414 0.00364556 2.15354e-08
0.304453 0.00364556 2.15604e-08
0.304493 0.00364556 2.15455e-08
0.304533 0.00364556 2.15706e-08
0.304573 0.00364556 2.15145e-08
0.304612 0.00364556 2.15738e-08
0.304652 0.00364556 2.15625e-08
0.304692 0.00364556 2.15424e-08
0.304732 0.00364556 2.15403e-08
0.304771 0.00364556 2.15318e-08
0.304811 0.00364556 2.15869e-08
0.304851 0.00364556 2.15218e-08
0.304891 0.00364556 2.15594e-08
0.30493 0.00364556 2.15262e-08
0.30497 0.00364556 2.15875e-08
0.30501 0.00364556 2.15291e-08
0.30505 0.00364556 2.15396e-08
0.305089 0.00364556 2.15476e-08
0.305129 0.00364556 2.15515e-08
0.305169 0.00364556 2.15647e-08
0.305209 0.00364556 2.15166e-08
0.305249 0.00364556 2.15805e-08
0.305288 0.00364556 2.15452e-08
0.305328 0.00364556 2.15684e-08
0.305368 0.00364556 2.1528e-08
0.305408 0.00364556 2.15364e-08
0.305447 0.00364556 2.15414e-08
0.305487 0.00364556 2.15404e-08
0.305527 0.00364556 2.15778e-08
0.305567 0.00364556 2.15263e-08
0.305606 0.00364556 2.15592e-08
0.305646 0.00364556 2.15058e-08
0.305686 0.00364556 2.15659e-08
0.305726 0.00364556 2.15391e-08
0.305765 0.00364556 2.15637e-08
0.305805 0.00364556 2.15438e-08
0.305845 0.00364556 2.15213e-08
0.305885 0.00364556 2.15516e-08
0.305924 0.00364556 2.15251e-08
0.305964 0.00364556 2.15826e-08
0.306004 0.00364556 2.15419e-08
0.306044 0.00364556 2.15675e-08
0.306083 0.00364556 2.15515e-08
0.306123 0.00364556 2.15537e-08
0.306163 0.00364556 2.15417e-08
0.306203 0.00364556 2.1514e-08
0.306243 0.00364556 2.15681e-08
0.306282 0.00364556 2.15299e-08
0.306322 0.00364556 2.15832e-08
0.306362 0.00364556 2.15245e-08
0.306402 0.00364556 2.15735e-08
0.306441 0.00364556 2.15417e-08
0.306481 0.00364556 2.15349e-08
0.306521 0.00364556 2.15277e-08
0.306561 0.00364556 2.15379e-08
0.3066 0.00364556 2.15539e-08
0.30664 0.00364556 2.1525e-08
0.30668 0.00364556 2.15798e-08
0.30672 0.00364556 2.15454e-08
0.306759 0.00364556 2.15653e-08
0.306799 0.00364556 2.15518e-08
0.306839 0.00364556 2.15544e-08
0.306879 0.00364556 2.15601e-08
0.306918 0.00364556 2.15362e-08
0.306958 0.00364556 2.15846e-08
0.306998 0.00364556 2.15263e-08
0.307038 0.00364556 2.15835e-08
0.307078 0.00364556 2.15246e-08
0.307117 0.00364556 2.15736e-08
0.307157 0.00364556 2.1543e-08
0.307197 0.00364556 2.15557e-08
0.307237 0.00364556 2.15584e-08
0.307276 0.00364556 2.15413e-08
0.307316 0.00364556 2.15765e-08
0.307356 0.00364556 2.15355e-08
0.307396 0.00364556 2.15809e-08
0.307435 0.00364556 2.15328e-08
0.307475 0.00364556 2.15779e-08
0.307515 0.00364556 2.15444e-08
0.307555 0.00364556 2.15578e-08
0.307594 0.00364556 2.15581e-08
0.307634 0.00364556 2.15383e-08
0.307674 0.00364556 2.15823e-08
0.307714 0.00364556 2.15285e-08
0.307753 0.00364556 2.15876e-08
0.307793 0.00364556 2.15274e-08
0.307833 0.00364556 2.15811e-08
0.307873 0.00364556 2.15434e-08
0.307913 0.00364556 2.15569e-08
0.307952 0.00364556 2.15599e-08
0.307992 0.00364556 2.15366e-08
0.308032 0.00364556 2.1583e-08
0.308072 0.00364556 2.15291e-08
0.308111 0.00364556 2.15858e-08
0.308151 0.00364556 2.153e-08
0.308191 0.00364556 2.15783e-08
0.308231 0.00364556 2.15462e-08
0.30827 0.00364556 2.15358e-08
0.30831 0.00364556 2.1539e-08
0.30835 0.00364556 2.15263e-08
0.30839 0.00364556 2.15869e-08
0.308429 0.00364556 2.1532e-08
0.308469 0.00364556 2.15852e-08
0.308509 0.00364556 2.15064e-08
0.308549 0.00364556 2.15639e-08
0.308588 0.00364556 2.1528e-08
0.308628 0.00364556 2.15659e-08
0.308668 0.00364556 2.15583e-08
0.308708 0.00364556 2.15395e-08
0.308748 0.00364556 2.15574e-08
0.308787 0.00364556 2.15148e-08
0.308827 0.00364556 2.15699e-08
0.308867 0.00364556 2.15367e-08
0.308907 0.00364556 2.15755e-08
0.308946 0.00364556 2.15409e-08
0.308986 0.00364556 2.15341e-08
0.309026 0.00364556 2.15414e-08
0.309066 0.00364556 2.15268e-08
0.309105 0.00364556 2.15831e-08
0.309145 0.00364556 2.15377e-08
0.309185 0.00364556 2.15795e-08
0.309225 0.00364556 2.1511e-08
0.309264 0.00364556 2.1561e-08
0.309304 0.00364556 2.15291e-08
0.309344 0.00364556 2.15664e-08
0.309384 0.00364556 2.15569e-08
0.309423 0.00364556 2.15411e-08
0.309463 0.00364556 2.15561e-08
0.309503 0.00364556 2.15154e-08
0.309543 0.00364556 2.1564e-08
0.309583 0.00364556 2.15349e-08
0.309622 0.00364556 2.15736e-08
0.309662 0.00364557 2.15422e-08
0.309702 0.00364556 2.15289e-08
0.309742 0.00364556 2.15565e-08
0.309781 0.00364556 2.15505e-08
0.309821 0.00364557 2.15709e-08
0.309861 0.00364556 2.15171e-08
0.309901 0.00364556 2.15784e-08
0.30994 0.00364556 2.15465e-08
0.30998 0.00364556 2.15688e-08
0.31002 0.00364556 2.15258e-08
0.31006 0.00364557 2.15591e-08
0.310099 0.00364556 2.15656e-08
0.310139 0.00364557 2.15365e-08
0.310179 0.00364556 2.15508e-08
0.310219 0.00364557 2.15338e-08
0.310258 0.00364556 2.15834e-08
0.310298 0.00364557 2.15268e-08
0.310338 0.00364556 2.1549e-08
0.310378 0.00364557 2.15456e-08
0.310417 0.00364556 2.15525e-08
0.310457 0.00364557 2.15518e-08
0.310497 0.00364556 2.153e-08
0.310537 0.00364557 2.15693e-08
0.310577 0.00364556 2.15183e-08
0.310616 0.00364557 2.1585e-08
0.310656 0.00364556 2.15156e-08
0.310696 0.00364557 2.15757e-08
0.310736 0.00364556 2.15352e-08
0.310775 0.00364557 2.15486e-08
0.310815 0.00364556 2.15478e-08
0.310855 0.00364557 2.15258e-08
0.310895 0.00364556 2.15681e-08
0.310934 0.00364557 2.15221e-08
0.310974 0.00364556 2.15678e-08
0.311014 0.00364557 2.15251e-08
0.311054 0.00364556 2.15593e-08
0.311093 0.00364557 2.15407e-08
0.311133 0.00364556 2.15498e-08
0.311173 0.00364557 2.15573e-08
0.311213 0.00364556 2.15264e-08
0.311252 0.00364557 2.15692e-08
0.311292 0.00364556 2.15158e-08
0.311332 0.00364557 2.15778e-08
0.311372 0.00364556 2.15201e-08
0.311412 0.00364557 2.157e-08
0.311451 0.00364556 2.1537e-08
0.311491 0.00364557 2.15383e-08
0.311531 0.00364557 2.15536e-08
0.311571 0.00364557 2.15211e-08
0.31161 0.00364556 2.15726e-08
0.31165 0.00364557 2.15183e-08
0.31169 0.00364557 2.157e-08
0.31173 0.00364557 2.15248e-08
0.311769 0.00364557 2.15578e-08
0.311809 0.00364557 2.15434e-08
0.311849 0.00364557 2.15466e-08
0.311889 0.00364557 2.15605e-08
0.311928 0.00364557 2.15234e-08
0.311968 0.00364557 2.15717e-08
0.312008 0.00364557 2.15138e-08
0.312048 0.00364557 2.15796e-08
0.312087 0.00364557 2.15122e-08
0.312127 0.00364557 2.1571e-08
0.312167 0.00364557 2.15317e-08
0.312207 0.00364557 2.15433e-08
0.312247 0.00364557 2.15505e-08
0.312286 0.00364557 2.15223e-08
0.312326 0.00364557 2.15725e-08
0.312366 0.00364557 2.15184e-08
0.312406 0.00364557 2.15691e-08
0.312445 0.00364557 2.15263e-08
0.312485 0.00364557 2.15562e-08
0.312525 0.00364557 2.15449e-08
0.312565 0.00364557 2.15452e-08
0.312604 0.00364557 2.15618e-08
0.312644 0.00364557 2.15224e-08
0.312684 0.00364557 2.15722e-08
0.312724 0.00364557 2.1514e-08
0.312763 0.00364557 2.15786e-08
0.312803 0.00364557 2.15135e-08
0.312843 0.00364557 2.15703e-08
0.312883 0.00364557 2.15316e-08
0.312922 0.00364557 2.15437e-08
0.312962 0.00364557 2.15507e-08
0.313002 0.00364557 2.15214e-08
0.313042 0.00364557 2.15741e-08
0.313082 0.00364557 2.15154e-08
0.313121 0.00364557 2.15744e-08
0.313161 0.00364557 2.15192e-08
0.313201 0.00364557 2.1564e-08
0.313241 0.00364557 2.15372e-08
0.31328 0.00364557 2.15527e-08
0.31332 0.00364557 2.15541e-08
0.31336 0.00364557 2.15299e-08
0.3134 0.00364557 2.15658e-08
0.313439 0.00364557 2.15189e-08
0.313479 0.00364557 2.15754e-08
0.313519 0.00364557 2.15157e-08
0.313559 0.00364557 2.15686e-08
0.313598 0.00364557 2.15327e-08
0.313638 0.00364557 2.15432e-08
0.313678 0.00364557 2.15629e-08
0.313718 0.00364557 2.15137e-08
0.313757 0.00364557 2.15736e-08
0.313797 0.00364557 2.15102e-08
0.313837 0.00364557 2.15715e-08
0.313877 0.00364557 2.15317e-08
0.313917 0.00364557 2.15464e-08
0.313956 0.00364557 2.15548e-08
0.313996 0.00364557 2.15268e-08
0.314036 0.00364557 2.15581e-08
0.314076 0.00364557 2.1524e-08
0.314115 0.00364557 2.15642e-08
0.314155 0.00364557 2.15282e-08
0.314195 0.00364557 2.15633e-08
0.314235 0.00364557 2.15246e-08
0.314274 0.00364557 2.15672e-08
0.314314 0.00364557 2.15248e-08
0.314354 0.00364557 2.156e-08
0.314394 0.00364557 2.15399e-08
0.314433 0.00364557 2.15384e-08
0.314473 0.00364557 2.15518e-08
0.314513 0.00364557 2.15253e-08
0.314553 0.00364557 2.15652e-08
0.314592 0.00364557 2.15291e-08
0.314632 0.00364557 2.15569e-08
0.314672 0.00364557 2.15389e-08
0.314712 0.00364557 2.15446e-08
0.314751 0.00364557 2.15421e-08
0.314791 0.00364557 2.15352e-08
0.314831 0.00364557 2.15587e-08
0.314871 0.00364557 2.15288e-08
0.314911 0.00364557 2.15669e-08
0.31495 0.00364557 2.15179e-08
0.31499 0.00364557 2.15756e-08
0.31503 0.00364557 2.15163e-08
0.31507 0.00364557 2.15676e-08
0.315109 0.00364557 2.15342e-08
0.315149 0.00364557 2.15418e-08
0.315189 0.00364557 2.15512e-08
0.315229 0.00364557 2.1523e-08
0.315268 0.00364557 2.15699e-08
0.315308 0.00364557 2.15229e-08
0.315348 0.00364557 2.15636e-08
0.315388 0.00364557 2.15323e-08
0.315427 0.00364557 2.15509e-08
0.315467 0.00364557 2.15361e-08
0.315507 0.00364557 2.1541e-08
0.315547 0.00364557 2.15534e-08
0.315586 0.00364557 2.1533e-08
0.315626 0.00364557 2.15637e-08
0.315666 0.00364557 2.15201e-08
0.315706 0.00364557 2.15742e-08
0.315746 0.00364557 2.15176e-08
0.315785 0.00364557 2.15659e-08
0.315825 0.00364557 2.15364e-08
0.315865 0.00364557 2.15393e-08
0.315905 0.00364557 2.15538e-08
0.315944 0.00364557 2.15204e-08
0.315984 0.00364557 2.15726e-08
0.316024 0.00364557 2.15202e-08
0.316064 0.00364557 2.15663e-08
0.316103 0.00364557 2.15298e-08
0.316143 0.00364557 2.1553e-08
0.316183 0.00364557 2.15343e-08
0.316223 0.00364557 2.15425e-08
0.316262 0.00364557 2.15521e-08
0.316302 0.00364557 2.15344e-08
0.316342 0.00364557 2.15623e-08
0.316382 0.00364557 2.15216e-08
0.316421 0.00364557 2.15726e-08
0.316461 0.00364557 2.15188e-08
0.316501 0.00364557 2.15651e-08
0.316541 0.00364557 2.15363e-08
0.316581 0.00364557 2.15403e-08
0.31662 0.00364557 2.15516e-08
0.31666 0.00364557 2.15237e-08
0.3167 0.00364557 2.15682e-08
0.31674 0.00364557 2.15254e-08
0.316779 0.00364557 2.15602e-08
0.316819 0.00364557 2.15364e-08
0.316859 0.00364557 2.1546e-08
0.316899 0.00364557 2.15418e-08
0.316938 0.00364557 2.15349e-08
0.316978 0.00364557 2.15598e-08
0.317018 0.00364557 2.15266e-08
0.317058 0.00364557 2.15699e-08
0.317097 0.00364557 2.15144e-08
0.317137 0.00364557 2.15793e-08
0.317177 0.00364557 2.1513e-08
0.317217 0.00364557 2.15699e-08
0.317256 0.00364557 2.15328e-08
0.317296 0.00364557 2.15427e-08
0.317336 0.00364557 2.15505e-08
0.317376 0.00364557 2.15237e-08
0.317416 0.00364557 2.15692e-08
0.317455 0.00364557 2.15238e-08
0.317495 0.00364557 2.15625e-08
0.317535 0.00364557 2.15339e-08
0.317575 0.00364557 2.15487e-08
0.317614 0.00364557 2.1539e-08
0.317654 0.00364557 2.15376e-08
0.317694 0.00364557 2.15573e-08
0.317734 0.00364557 2.15292e-08
0.317773 0.00364557 2.15674e-08
0.317813 0.00364557 2.15169e-08
0.317853 0.00364557 2.15767e-08
0.317893 0.00364557 2.15157e-08
0.317932 0.00364557 2.15672e-08
0.317972 0.00364557 2.15356e-08
0.318012 0.00364557 2.15398e-08
0.318052 0.00364557 2.15534e-08
0.318091 0.00364557 2.1521e-08
0.318131 0.00364557 2.15716e-08
0.318171 0.00364557 2.15217e-08
0.318211 0.00364557 2.15641e-08
0.31825 0.00364557 2.15328e-08
0.31829 0.00364557 2.15491e-08
0.31833 0.00364557 2.15392e-08
0.31837 0.00364557 2.15367e-08
0.31841 0.00364557 2.15587e-08
0.318449 0.00364557 2.15272e-08
0.318489 0.00364557 2.15682e-08
0.318529 0.00364557 2.15169e-08
0.318569 0.00364557 2.15795e-08
0.318608 0.00364557 2.15113e-08
0.318648 0.00364557 2.15723e-08
0.318688 0.00364557 2.15283e-08
0.318728 0.00364557 2.15491e-08
0.318767 0.00364557 2.15556e-08
0.318807 0.00364557 2.15222e-08
0.318847 0.00364557 2.15643e-08
0.318887 0.00364557 2.15201e-08
0.318926 0.00364557 2.15616e-08
0.318966 0.00364557 2.1541e-08
0.319006 0.00364557 2.1539e-08
0.319046 0.00364557 2.15591e-08
0.319085 0.00364557 2.15259e-08
0.319125 0.00364557 2.15564e-08
0.319165 0.00364557 2.15271e-08
0.319205 0.00364557 2.15592e-08
0.319245 0.00364557 2.15338e-08
0.319284 0.00364557 2.15583e-08
0.319324 0.00364557 2.15281e-08
0.319364 0.00364557 2.15663e-08
0.319404 0.00364557 2.15225e-08
0.319443 0.00364557 2.157e-08
0.319483 0.00364557 2.15227e-08
0.319523 0.00364557 2.15635e-08
0.319563 0.00364557 2.15317e-08
0.319602 0.00364557 2.1554e-08
0.319642 0.00364557 2.15406e-08
0.319682 0.00364557 2.16943e-08
0.319722 0.00364557 2.14466e-08
0.319761 0.00364557 2.15976e-08
0.319801 0.00364557 2.15438e-08
0.319841 0.00364557 2.15339e-08
0.319881 0.00364557 2.15631e-08
0.31992 0.00364557 2.15358e-08
0.31996 0.00364557 2.15599e-08
0.32 0.00364557 2.15371e-08
0.32004 0.00364557 2.15546e-08
0.32008 0.00364557 2.15508e-08
0.320119 0.00364557 2.1534e-08
0.320159 0.00364557 2.15721e-08
0.320199 0.00364557 2.15186e-08
0.320239 0.00364557 2.15778e-08
0.320278 0.00364557 2.15221e-08
0.320318 0.00364557 2.15692e-08
0.320358 0.00364557 2.15303e-08
0.320398 0.00364557 2.15662e-08
0.320437 0.00364557 2.15256e-08
0.320477 0.00364557 2.15782e-08
0.320517 0.00364557 2.14987e-08
0.320557 0.00364557 2.1599e-08
0.320596 0.00364557 2.14891e-08
0.320636 0.00364557 2.15997e-08
0.320676 0.00364557 2.14948e-08
0.320716 0.00364557 2.15903e-08
0.320755 0.00364557 2.15055e-08
0.320795 0.00364557 2.15801e-08
0.320835 0.00364557 2.15139e-08
0.320875 0.00364557 2.15739e-08
0.320915 0.00364557 2.15183e-08
0.320954 0.00364557 2.15704e-08
0.320994 0.00364557 2.15219e-08
0.321034 0.00364557 2.1566e-08
0.321074 0.00364557 2.15272e-08
0.321113 0.00364557 2.15604e-08
0.321153 0.00364557 2.15324e-08
0.321193 0.00364557 2.15564e-08
0.321233 0.00364557 2.15347e-08
0.321272 0.00364557 2.15559e-08
0.321312 0.00364557 2.15338e-08
0.321352 0.00364557 2.15573e-08
0.321392 0.00364557 2.15327e-08
0.321431 0.00364557 2.15576e-08
0.321471 0.00364557 2.15334e-08
0.321511 0.00364557 2.15562e-08
0.321551 0.00364557 2.15349e-08
0.32159 0.00364557 2.15554e-08
0.32163 0.00364557 2.15346e-08
0.32167 0.00364557 2.15569e-08
0.32171 0.00364557 2.15319e-08
0.32175 0.00364557 2.15602e-08
0.321789 0.00364557 2.15288e-08
0.321829 0.00364557 2.15625e-08
0.321869 0.00364557 2.15277e-08
0.321909 0.00364557 2.15622e-08
0.321948 0.00364557 2.15293e-08
0.321988 0.00364557 2.15599e-08
0.322028 0.00364557 2.15318e-08
0.322068 0.00364557 2.15575e-08
0.322107 0.00364557 2.15337e-08
0.322147 0.00364557 2.15563e-08
0.322187 0.00364557 2.15343e-08
0.322227 0.00364557 2.15562e-08
0.322266 0.00364557 2.15341e-08
0.322306 0.00364557 2.15566e-08
0.322346 0.00364557 2.15336e-08
0.322386 0.00364557 2.15572e-08
0.322425 0.00364557 2.15329e-08
0.322465 0.00364557 2.15579e-08
0.322505 0.00364557 2.15322e-08
0.322545 0.00364557 2.15585e-08
0.322584 0.00364557 2.15319e-08
0.322624 0.00364557 2.15584e-08
0.322664 0.00364557 2.15325e-08
0.322704 0.00364557 2.15573e-08
0.322744 0.00364557 2.15339e-08
0.322783 0.00364557 2.15557e-08
0.322823 0.00364557 2.15354e-08
0.322863 0.00364557 2.15545e-08
0.322903 0.00364557 2.15361e-08
0.322942 0.00364557 2.15543e-08
0.322982 0.00364557 2.15358e-08
0.323022 0.00364557 2.15551e-08
0.323062 0.00364557 2.15347e-08
0.323101 0.00364557 2.15563e-08
0.323141 0.00364557 2.15336e-08
0.323181 0.00364557 2.15571e-08
0.323221 0.00364557 2.15331e-08
0.32326 0.00364557 2.15573e-08
0.3233 0.00364557 2.15332e-08
0.32334 0.00364557 2.1557e-08
0.32338 0.00364557 2.15337e-08
0.323419 0.00364557 2.15565e-08
0.323459 0.00364557 2.15343e-08
0.323499 0.00364557 2.15559e-08
0.323539 0.00364557 2.15349e-08
0.323579 0.00364557 2.15552e-08
0.323618 0.00364557 2.15355e-08
0.323658 0.00364557 2.15545e-08
0.323698 0.00364557 2.15364e-08
0.323738 0.00364557 2.15535e-08
0.323777 0.00364557 2.15377e-08
0.323817 0.00364557 2.15519e-08
0.323857 0.00364557 2.15395e-08
0.323897 0.00364557 2.15499e-08
0.323936 0.00364557 2.15417e-08
0.323976 0.00364557 2.15476e-08
0.324016 0.00364557 2.1544e-08
0.324056 0.00364557 2.15454e-08
0.324095 0.00364557 2.15459e-08
0.324135 0.00364557 2.15438e-08
0.324175 0.00364557 2.15473e-08
0.324215 0.00364557 2.15427e-08
0.324254 0.00364557 2.15481e-08
0.324294 0.00364557 2.15422e-08
0.324334 0.00364557 2.15484e-08
0.324374 0.00364557 2.1542e-08
0.324414 0.00364557 2.15485e-08
0.324453 0.00364557 2.1542e-08
0.324493 0.00364557 2.15482e-08
0.324533 0.00364557 2.15424e-08
0.324573 0.00364557 2.15477e-08
0.324612 0.00364557 2.15431e-08
0.324652 0.00364557 2.15468e-08
0.324692 0.00364557 2.15443e-08
0.324732 0.00364557 2.15454e-08
0.324771 0.00364557 2.15458e-08
0.324811 0.00364557 2.15438e-08
0.324851 0.00364557 2.15474e-08
0.324891 0.00364557 2.15422e-08
0.32493 0.00364557 2.1549e-08
0.32497 0.00364557 2.15408e-08
0.32501 0.00364557 2.15503e-08
0.32505 0.00364557 2.15396e-08
0.325089 0.00364557 2.15512e-08
0.325129 0.00364557 2.15388e-08
0.325169 0.00364557 2.15519e-08
0.325209 0.00364557 2.15384e-08
0.325249 0.00364557 2.15522e-08
0.325288 0.00364557 2.15382e-08
0.325328 0.00364557 2.15522e-08
0.325368 0.00364557 2.15384e-08
0.325408 0.00364557 2.15518e-08
0.325447 0.00364557 2.1539e-08
0.325487 0.00364557 2.15511e-08
0.325527 0.00364557 2.15398e-08
0.325567 0.00364557 2.15501e-08
0.325606 0.00364557 2.15409e-08
0.325646 0.00364557 2.15489e-08
0.325686 0.00364557 2.15421e-08
0.325726 0.00364557 2.15477e-08
0.325765 0.00364557 2.15433e-08
0.325805 0.00364557 2.15466e-08
0.325845 0.00364557 2.15444e-08
0.325885 0.00364557 2.15455e-08
0.325924 0.00364557 2.15454e-08
0.325964 0.00364557 2.15446e-08
0.326004 0.00364557 2.15463e-08
0.326044 0.00364557 2.15437e-08
0.326083 0.00364557 2.15471e-08
0.326123 0.00364557 2.1543e-08
0.326163 0.00364557 2.15478e-08
0.326203 0.00364557 2.15423e-08
0.326243 0.00364557 2.15484e-08
0.326282 0.00364557 2.15418e-08
0.326322 0.00364557 2.15488e-08
0.326362 0.00364557 2.15415e-08
0.326402 0.00364557 2.15491e-08
0.326441 0.00364557 2.15412e-08
0.326481 0.00364557 2.15493e-08
0.326521 0.00364557 2.15411e-08
0.326561 0.00364557 2.15494e-08
0.3266 0.00364557 2.1541e-08
0.32664 0.00364557 2.15495e-08
0.32668 0.00364557 2.15409e-08
0.32672 0.00364557 2.15496e-08
0.326759 0.00364557 2.15408e-08
0.326799 0.00364557 2.15497e-08
0.326839 0.00364557 2.15407e-08
0.326879 0.00364557 2.15497e-08
0.326918 0.00364557 2.15407e-08
0.326958 0.00364557 2.15498e-08
0.326998 0.00364557 2.15407e-08
0.327038 0.00364557 2.15498e-08
0.327078 0.00364557 2.15407e-08
0.327117 0.00364557 2.15497e-08
0.327157 0.00364557 2.15408e-08
0.327197 0.00364557 2.15497e-08
0.327237 0.00364557 2.15408e-08
0.327276 0.00364557 2.15496e-08
0.327316 0.00364557 2.15409e-08
0.327356 0.00364557 2.15495e-08
0.327396 0.00364557 2.1541e-08
0.327435 0.00364557 2.15494e-08
0.327475 0.00364557 2.15411e-08
0.327515 0.00364557 2.15493e-08
0.327555 0.00364557 2.15412e-08
0.327594 0.00364557 2.15492e-08
0.327634 0.00364557 2.15413e-08
0.327674 0.00364557 2.15491e-08
0.327714 0.00364557 2.15414e-08
0.327753 0.00364557 2.15489e-08
0.327793 0.00364557 2.15416e-08
0.327833 0.00364557 2.15488e-08
0.327873 0.00364557 2.15418e-08
0.327913 0.00364557 2.15486e-08
0.327952 0.00364557 2.15419e-08
0.327992 0.00364557 2.15485e-08
0.328032 0.00364557 2.1542e-08
0.328072 0.00364557 2.15485e-08
0.328111 0.00364557 2.1542e-08
0.328151 0.00364557 2.15485e-08
0.328191 0.00364557 2.15419e-08
0.328231 0.00364557 2.15485e-08
0.32827 0.00364557 2.15419e-08
0.32831 0.00364557 2.15486e-08
0.32835 0.00364557 2.15419e-08
0.32839 0.00364557 2.15486e-08
0.328429 0.00364557 2.15418e-08
0.328469 0.00364557 2.15488e-08
0.328509 0.00364557 2.15416e-08
0.328549 0.00364557 2.1549e-08
0.328588 0.00364557 2.15414e-08
0.328628 0.00364557 2.15491e-08
0.328668 0.00364557 2.15413e-08
0.328708 0.00364557 2.15492e-08
0.328748 0.00364557 2.15413e-08
0.328787 0.00364557 2.15491e-08
0.328827 0.00364557 2.15414e-08
0.328867 0.00364557 2.15489e-08
0.328907 0.00364557 2.15416e-08
0.328946 0.00364557 2.15488e-08
0.328986 0.00364557 2.15417e-08
0.329026 0.00364557 2.15486e-08
0.329066 0.00364557 2.15419e-08
0.329105 0.00364557 2.15483e-08
0.329145 0.00364557 2.15424e-08
0.329185 0.00364557 2.15478e-08
0.329225 0.00364557 2.1543e-08
0.329264 0.00364557 2.15471e-08
0.329304 0.00364557 2.15437e-08
0.329344 0.00364557 2.15464e-08
0.329384 0.00364557 2.15444e-08
0.329423 0.00364557 2.15457e-08
0.329463 0.00364557 2.1545e-08
0.329503 0.00364557 2.15451e-08
0.329543 0.00364557 2.15456e-08
0.329583 0.00364557 2.15445e-08
0.329622 0.00364557 2.15463e-08
0.329662 0.00364557 2.15437e-08
0.329702 0.00364557 2.15471e-08
0.329742 0.00364557 2.1543e-08
0.329781 0.00364557 2.15478e-08
0.329821 0.00364557 2.15424e-08
0.329861 0.00364557 2.15483e-08
0.329901 0.00364557 2.1542e-08
0.32994 0.00364557 2.15485e-08
0.32998 0.00364557 2.15418e-08
0.33002 0.00364557 2.15488e-08
0.33006 0.00364557 2.15415e-08
0.330099 0.00364557 2.15491e-08
0.330139 0.00364557 2.15412e-08
0.330179 0.00364557 2.15493e-08
0.330219 0.00364557 2.1541e-08
0.330258 0.00364557 2.15494e-08
0.330298 0.00364557 2.1541e-08
0.330338 0.00364557 2.15493e-08
0.330378 0.00364557 2.15412e-08
0.330417 0.00364557 2.15492e-08
0.330457 0.00364557 2.15414e-08
0.330497 0.00364557 2.15491e-08
0.330537 0.00364557 2.15414e-08
0.330577 0.00364557 2.15491e-08
0.330616 0.00364557 2.15413e-08
0.330656 0.00364557 2.15491e-08
0.330696 0.00364557 2.15414e-08
0.330736 0.00364557 2.1549e-08
0.330775 0.00364557 2.15415e-08
0.330815 0.00364557 2.15489e-08
0.330855 0.00364557 2.15417e-08
0.330895 0.00364557 2.15488e-08
0.330934 0.00364557 2.15416e-08
0.330974 0.00364557 2.15489e-08
0.331014 0.00364557 2.15415e-08
0.331054 0.00364557 2.15491e-08
0.331093 0.00364557 2.15413e-08
0.331133 0.00364557 2.15493e-08
0.331173 0.00364557 2.15412e-08
0.331213 0.00364557 2.15493e-08
0.331252 0.00364557 2.15411e-08
0.331292 0.00364557 2.15494e-08
0.331332 0.00364557 2.15409e-08
0.331372 0.00364557 2.15497e-08
0.331412 0.00364557 2.15406e-08
0.331451 0.00364557 2.155e-08
0.331491 0.00364557 2.15403e-08
0.331531 0.00364557 2.15504e-08
0.331571 0.00364557 2.154e-08
0.33161 0.00364557 2.15506e-08
0.33165 0.00364557 2.15397e-08
0.33169 0.00364557 2.15508e-08
0.33173 0.00364557 2.15395e-08
0.331769 0.00364557 2.15511e-08
0.331809 0.00364557 2.15392e-08
0.331849 0.00364557 2.15515e-08
0.331889 0.00364557 2.15388e-08
0.331928 0.00364557 2.15519e-08
0.331968 0.00364557 2.15384e-08
0.332008 0.00364557 2.15522e-08
0.332048 0.00364557 2.15382e-08
0.332087 0.00364557 2.15524e-08
0.332127 0.00364557 2.1538e-08
0.332167 0.00364557 2.15526e-08
0.332207 0.00364557 2.15377e-08
0.332247 0.00364557 2.15529e-08
0.332286 0.00364557 2.15374e-08
0.332326 0.00364557 2.15533e-08
0.332366 0.00364557 2.15371e-08
0.332406 0.00364557 2.15535e-08
0.332445 0.00364557 2.15368e-08
0.332485 0.00364557 2.15537e-08
0.332525 0.00364557 2.15367e-08
0.332565 0.00364557 2.15539e-08
0.332604 0.00364557 2.15365e-08
0.332644 0.00364557 2.1554e-08
0.332684 0.00364557 2.15364e-08
0.332724 0.00364557 2.15542e-08
0.332763 0.00364557 2.15362e-08
0.332803 0.00364557 2.15904e-08
0.332843 0.00364557 2.15369e-08
0.332883 0.00364557 2.15894e-08
0.332922 0.00364557 2.15418e-08
0.332962 0.00364557 2.15808e-08
0.333002 0.00364557 2.15579e-08
0.333042 0.00364557 2.1573e-08
0.333082 0.00364557 2.15631e-08
0.333121 0.00364557 2.15662e-08
0.333161 0.00364557 2.15678e-08
0.333201 0.00364557 2.15669e-08
0.333241 0.00364557 2.15616e-08
0.33328 0.00364557 2.15752e-08
0.33332 0.00364557 2.16156e-08
0.33336 0.00364557 2.16048e-08
0.3334 0.00364557 2.15236e-08
0.333439 0.00364557 2.15857e-08
0.333479 0.00364557 2.16196e-08
0.333519 0.00364557 2.15932e-08
0.333559 0.00364557 2.15858e-08
0.333598 0.00364557 2.16083e-08
0.333638 0.00364557 2.15866e-08
0.333678 0.00364557 2.1605e-08
0.333718 0.00364557 2.15885e-08
0.333757 0.00364557 2.16042e-08
0.333797 0.00364557 2.15858e-08
0.333837 0.00364557 2.16105e-08
0.333877 0.00364557 2.15813e-08
0.333917 0.00364557 2.16121e-08
0.333956 0.00364557 2.15791e-08
0.333996 0.00364557 2.16134e-08
0.334036 0.00364557 2.15789e-08
0.334076 0.00364557 2.16147e-08
0.334115 0.00364557 2.15793e-08
0.334155 0.00364557 2.16124e-08
0.334195 0.00364557 2.15779e-08
0.334235 0.00364557 2.16095e-08
0.334274 0.00364557 2.15819e-08
0.334314 0.00364557 2.16077e-08
0.334354 0.00364557 2.15823e-08
0.334394 0.00364557 2.16072e-08
0.334433 0.00364557 2.1548e-08
0.334473 0.00364557 2.16052e-08
0.334513 0.00364557 2.15469e-08
0.334553 0.00364557 2.16036e-08
0.334592 0.00364557 2.15539e-08
0.334632 0.00364557 2.15924e-08
0.334672 0.00364557 2.15661e-08
0.334712 0.00364557 2.15822e-08
0.334751 0.00364557 2.15715e-08
0.334791 0.00364557 2.1582e-08
0.334831 0.00364557 2.15696e-08
0.334871 0.00364557 2.15225e-08
0.334911 0.00364557 2.15293e-08
0.33495 0.00364557 2.15556e-08
0.33499 0.00364557 2.16206e-08
0.33503 0.00364557 2.15614e-08
0.33507 0.00364557 2.1621e-08
0.335109 0.00364557 2.16319e-08
0.335149 0.00364557 2.1639e-08
0.335189 0.00364557 2.15214e-08
0.335229 0.00364557 2.16199e-08
0.335268 0.00364557 2.15504e-08
0.335308 0.00364557 2.15817e-08
0.335348 0.00364557 2.15908e-08
0.335388 0.00364557 2.15469e-08
0.335427 0.00364557 2.1623e-08
0.335467 0.00364557 2.14637e-08
0.335507 0.00364557 2.16082e-08
0.335547 0.00364557 2.14928e-08
0.335586 0.00364557 2.15952e-08
0.335626 0.00364557 2.14955e-08
0.335666 0.00364557 2.15933e-08
0.335706 0.00364557 2.14993e-08
0.335746 0.00364557 2.15897e-08
0.335785 0.00364557 2.15002e-08
0.335825 0.00364557 2.15921e-08
0.335865 0.00364557 2.14956e-08
0.335905 0.00364557 2.15973e-08
0.335944 0.00364557 2.14911e-08
0.335984 0.00364557 2.16005e-08
0.336024 0.00364557 2.14891e-08
0.336064 0.00364557 2.16017e-08
0.336103 0.00364557 2.14882e-08
0.336143 0.00364557 2.16026e-08
0.336183 0.00364557 2.14873e-08
0.336223 0.00364557 2.16037e-08
0.336262 0.00364557 2.14859e-08
0.336302 0.00364557 2.16053e-08
0.336342 0.00364557 2.14841e-08
0.336382 0.00364557 2.16074e-08
0.336421 0.00364557 2.14817e-08
0.336461 0.00364557 2.16099e-08
0.336501 0.00364557 2.14793e-08
0.336541 0.00364557 2.16119e-08
0.336581 0.00364557 2.15337e-08
0.33662 0.00364557 2.15859e-08
0.33666 0.00364557 2.1523e-08
0.3367 0.00364557 2.16679e-08
0.33674 0.00364557 2.14349e-08
0.336779 0.00364557 2.16204e-08
0.336819 0.00364557 2.14846e-08
0.336859 0.00364557 2.15912e-08
0.336899 0.00364557 2.15574e-08
0.336938 0.00364557 2.16258e-08
0.336978 0.00364557 2.15281e-08
0.337018 0.00364557 2.16407e-08
0.337058 0.00364557 2.14665e-08
0.337097 0.00364557 2.15454e-08
0.337137 0.00364557 2.14537e-08
0.337177 0.00364557 2.15657e-08
0.337217 0.00364557 2.14404e-08
0.337256 0.00364557 2.15694e-08
0.337296 0.00364557 2.14419e-08
0.337336 0.00364557 2.15658e-08
0.337376 0.00364557 2.14458e-08
0.337416 0.00364557 2.1564e-08
0.337455 0.00364557 2.14448e-08
0.337495 0.00364557 2.15661e-08
0.337535 0.00364557 2.14437e-08
0.337575 0.00364557 2.15656e-08
0.337614 0.00364557 2.14436e-08
0.337654 0.00364557 2.16352e-08
0.337694 0.00364557 2.14714e-08
0.337734 0.00364557 2.16066e-08
0.337773 0.00364557 2.14904e-08
0.337813 0.00364557 2.15966e-08
0.337853 0.00364557 2.14936e-08
0.337893 0.00364557 2.15994e-08
0.337932 0.00364556 2.14875e-08
0.337972 0.00364557 2.16049e-08
0.338012 0.00364556 2.14791e-08
0.338052 0.00364557 2.16096e-08
0.338091 0.00364556 2.1482e-08
0.338131 0.00364557 2.16086e-08
0.338171 0.00364556 2.14811e-08
0.338211 0.00364557 2.16079e-08
0.33825 0.00364556 2.14843e-08
0.33829 0.00364557 2.16048e-08
0.33833 0.00364556 2.14855e-08
0.33837 0.00364557 2.16059e-08
0.33841 0.00364556 2.14834e-08
0.338449 0.00364557 2.16063e-08
0.338489 0.00364556 2.14857e-08
0.338529 0.00364557 2.16039e-08
0.338569 0.00364556 2.14849e-08
0.338608 0.00364557 2.16069e-08
0.338648 0.00364556 2.14836e-08
0.338688 0.00364557 2.16044e-08
0.338728 0.00364556 2.14872e-08
0.338767 0.00364557 2.16032e-08
0.338807 0.00364556 2.1487e-08
0.338847 0.00364557 2.16009e-08
0.338887 0.00364556 2.14938e-08
0.338926 0.00364557 2.15926e-08
0.338966 0.00364556 2.14997e-08
0.339006 0.00364557 2.15884e-08
0.339046 0.00364556 2.15055e-08
0.339085 0.00364557 2.15793e-08
0.339125 0.00364556 2.15152e-08
0.339165 0.00364557 2.15729e-08
0.339205 0.00364556 2.15189e-08
0.339245 0.00364557 2.15681e-08
0.339284 0.00364556 2.15267e-08
0.339324 0.00364557 2.156e-08
0.339364 0.00364556 2.15314e-08
0.339404 0.00364557 2.15582e-08
0.339443 0.00364556 2.15342e-08
0.339483 0.00364557 2.15524e-08
0.339523 0.00364556 2.15403e-08
0.339563 0.00364557 2.15495e-08
0.339602 0.00364556 2.15407e-08
0.339642 0.00364557 2.15478e-08
0.339682 0.00364556 2.15455e-08
0.339722 0.00364557 2.15426e-08
0.339761 0.00364556 2.15474e-08
0.339801 0.00364557 2.15435e-08
0.339841 0.00364556 2.15474e-08
0.339881 0.00364557 2.15406e-08
0.33992 0.00364556 2.15506e-08
0.33996 0.00364557 2.15407e-08
0.34 0.00364556 2.1548e-08
0.34004 0.00364556 2.15419e-08
0.34008 0.00364556 2.15501e-08
0.340119 0.00364556 2.15392e-08
0.340159 0.00364556 2.15497e-08
0.340199 0.00364556 2.1542e-08
0.340239 0.00364556 2.15477e-08
0.340278 0.00364556 2.15414e-08
0.340318 0.00364556 2.15506e-08
0.340358 0.00364556 2.15393e-08
0.340398 0.00364556 2.15493e-08
0.340437 0.00364556 2.15425e-08
0.340477 0.00364556 2.15474e-08
0.340517 0.00364556 2.15415e-08
0.340557 0.00364556 2.15506e-08
0.340596 0.00364556 2.15393e-08
0.340636 0.00364556 2.1549e-08
0.340676 0.00364556 2.15429e-08
0.340716 0.00364556 2.1547e-08
0.340755 0.00364556 2.15418e-08
0.340795 0.00364556 2.15505e-08
0.340835 0.00364556 2.1539e-08
0.340875 0.00364556 2.15498e-08
0.340915 0.00364556 2.15417e-08
0.340954 0.00364556 2.15486e-08
0.340994 0.00364556 2.15399e-08
0.341034 0.00364556 2.15527e-08
0.341074 0.00364556 2.15366e-08
0.341113 0.00364556 2.15525e-08
0.341153 0.00364556 2.15387e-08
0.341193 0.00364556 2.1552e-08
0.341233 0.00364556 2.15359e-08
0.341272 0.00364556 2.15573e-08
0.341312 0.00364556 2.15314e-08
0.341352 0.00364556 2.15583e-08
0.341392 0.00364556 2.15322e-08
0.341431 0.00364556 2.1559e-08
0.341471 0.00364556 2.15284e-08
0.341511 0.00364556 2.15652e-08
0.341551 0.00364556 2.15231e-08
0.34159 0.00364556 2.15668e-08
0.34163 0.00364556 2.15236e-08
0.34167 0.00364556 2.15676e-08
0.34171 0.00364556 2.15199e-08
0.34175 0.00364556 2.15734e-08
0.341789 0.00364556 2.15152e-08
0.341829 0.00364556 2.15744e-08
0.341869 0.00364556 2.15164e-08
0.341909 0.00364556 2.15744e-08
0.341948 0.00364556 2.15135e-08
0.341988 0.00364556 2.15795e-08
0.342028 0.00364556 2.15095e-08
0.342068 0.00364556 2.15798e-08
0.342107 0.00364556 2.15111e-08
0.342147 0.00364556 2.15795e-08
0.342187 0.00364556 2.15085e-08
0.342227 0.00364556 2.15844e-08
0.342266 0.00364556 2.15047e-08
0.342306 0.00364556 2.15844e-08
0.342346 0.00364556 2.15068e-08
0.342386 0.00364556 2.15836e-08
0.342425 0.00364556 2.15048e-08
0.342465 0.00364556 2.15877e-08
0.342505 0.00364556 2.15018e-08
0.342545 0.00364556 2.15868e-08
0.342584 0.00364556 2.15048e-08
0.342624 0.00364556 2.15851e-08
0.342664 0.00364556 2.15036e-08
0.342704 0.00364556 2.15886e-08
0.342744 0.00364556 2.15012e-08
0.342783 0.00364556 2.15873e-08
0.342823 0.00364556 2.15044e-08
0.342863 0.00364556 2.15855e-08
0.342903 0.00364556 2.15032e-08
0.342942 0.00364556 2.15891e-08
0.342982 0.00364556 2.15005e-08
0.343022 0.00364556 2.15882e-08
0.343062 0.00364556 2.15034e-08
0.343101 0.00364556 2.15867e-08
0.343141 0.00364556 2.15018e-08
0.343181 0.00364556 2.15906e-08
0.343221 0.00364556 2.14989e-08
0.34326 0.00364556 2.15899e-08
0.3433 0.00364556 2.15016e-08
0.34334 0.00364556 2.15886e-08
0.34338 0.00364556 2.14999e-08
0.343419 0.00364556 2.15926e-08
0.343459 0.00364556 2.14969e-08
0.343499 0.00364556 2.1592e-08
0.343539 0.00364556 2.14994e-08
0.343579 0.00364556 2.15908e-08
0.343618 0.00364556 2.14919e-08
0.343658 0.00364556 2.15996e-08
0.343698 0.00364556 2.14813e-08
0.343738 0.00364556 2.15992e-08
0.343777 0.00364556 2.14907e-08
0.343817 0.00364556 2.15897e-08
0.343857 0.00364556 2.14956e-08
0.343897 0.00364556 2.15901e-08
0.343936 0.00364556 2.14934e-08
0.343976 0.00364556 2.15905e-08
0.344016 0.00364556 2.14944e-08
0.344056 0.00364556 2.15906e-08
0.344095 0.00364556 2.14919e-08
0.344135 0.00364556 2.15945e-08
0.344175 0.00364556 2.14897e-08
0.344215 0.00364556 2.15926e-08
0.344254 0.00364556 2.14938e-08
0.344294 0.00364556 2.15899e-08
0.344334 0.00364556 2.1499e-08
0.344374 0.00364556 2.15932e-08
0.344414 0.00364556 2.14962e-08
0.344453 0.00364556 2.15878e-08
0.344493 0.00364556 2.14962e-08
0.344533 0.00364556 2.15891e-08
0.344573 0.00364556 2.14944e-08
0.344612 0.00364556 2.15901e-08
0.344652 0.00364556 2.14948e-08
0.344692 0.00364556 2.15887e-08
0.344732 0.00364556 2.14903e-08
0.344771 0.00364556 2.15796e-08
0.344811 0.00364556 2.14871e-08
0.344851 0.00364556 2.15748e-08
0.344891 0.00364556 2.15014e-08
0.34493 0.00364556 2.15869e-08
0.34497 0.00364556 2.1498e-08
0.34501 0.00364556 2.15795e-08
0.34505 0.00364556 2.1492e-08
0.345089 0.00364556 2.15752e-08
0.345129 0.00364556 2.15023e-08
0.345169 0.00364556 2.15662e-08
0.345209 0.00364556 2.15067e-08
0.345249 0.00364556 2.15654e-08
0.345288 0.00364556 2.15066e-08
0.345328 0.00364556 2.15645e-08
0.345368 0.00364556 2.15087e-08
0.345408 0.00364556 2.15619e-08
0.345447 0.00364556 2.15109e-08
0.345487 0.00364556 2.15607e-08
0.345527 0.00364556 2.1511e-08
0.345567 0.00364556 2.15614e-08
0.345606 0.00364556 2.15103e-08
0.345646 0.00364556 2.15615e-08
0.345686 0.00364556 2.15109e-08
0.345726 0.00364556 2.15602e-08
0.345765 0.00364556 2.15126e-08
0.345805 0.00364556 2.15585e-08
0.345845 0.00364556 2.1514e-08
0.345885 0.00364556 2.15575e-08
0.345924 0.00364556 2.15147e-08
0.345964 0.00364556 2.15569e-08
0.346004 0.00364556 2.15154e-08
0.346044 0.00364556 2.15558e-08
0.346083 0.00364556 2.15171e-08
0.346123 0.00364556 2.15535e-08
0.346163 0.00364556 2.152e-08
0.346203 0.00364556 2.15503e-08
0.346243 0.00364556 2.15232e-08
0.346282 0.00364556 2.15474e-08
0.346322 0.00364556 2.15256e-08
0.346362 0.00364556 2.15456e-08
0.346402 0.00364556 2.15269e-08
0.346441 0.00364556 2.15447e-08
0.346481 0.00364556 2.15276e-08
0.346521 0.00364556 2.1544e-08
0.346561 0.00364556 2.15284e-08
0.3466 0.00364556 2.15429e-08
0.34664 0.00364556 2.15297e-08
0.34668 0.00364556 2.15414e-08
0.34672 0.00364556 2.15373e-08
0.346759 0.00364556 2.15478e-08
0.346799 0.00364556 2.15368e-08
0.346839 0.00364556 2.15426e-08
0.346879 0.00364556 2.15267e-08
0.346918 0.00364556 2.15422e-08
0.346958 0.00364556 2.15408e-08
0.346998 0.00364556 2.15411e-08
0.347038 0.00364556 2.15508e-08
0.347078 0.00364556 2.15423e-08
0.347117 0.00364556 2.15386e-08
0.347157 0.00364556 2.15389e-08
0.347197 0.00364556 2.1534e-08
0.347237 0.00364556 2.15328e-08
0.347276 0.00364556 2.15498e-08
0.347316 0.00364556 2.15337e-08
0.347356 0.00364556 2.15566e-08
0.347396 0.00364556 2.15375e-08
0.347435 0.00364556 2.15432e-08
0.347475 0.00364556 2.15341e-08
0.347515 0.00364556 2.15391e-08
0.347555 0.00364556 2.15275e-08
0.347594 0.00364556 2.15552e-08
0.347634 0.00364556 2.15282e-08
0.347674 0.00364556 2.15622e-08
0.347714 0.00364556 2.15316e-08
0.347753 0.00364556 2.15495e-08
0.347793 0.00364556 2.15272e-08
0.347833 0.00364556 2.15465e-08
0.347873 0.00364556 2.15199e-08
0.347913 0.00364556 2.15629e-08
0.347952 0.00364556 2.15209e-08
0.347992 0.00364556 2.15689e-08
0.348032 0.00364556 2.15257e-08
0.348072 0.00364556 2.15545e-08
0.348111 0.00364556 2.15231e-08
0.348151 0.00364556 2.15499e-08
0.348191 0.00364556 2.15168e-08
0.348231 0.00364556 2.15657e-08
0.34827 0.00364556 2.15181e-08
0.34831 0.00364556 2.15656e-08
0.34835 0.00364556 2.15151e-08
0.34839 0.00364556 2.15532e-08
0.348429 0.00364556 2.15162e-08
0.348469 0.00364556 2.15602e-08
0.348509 0.00364556 2.15087e-08
0.348549 0.00364556 2.15698e-08
0.348588 0.00364556 2.15167e-08
0.348628 0.00364556 2.15663e-08
0.348668 0.00364556 2.1514e-08
0.348708 0.00364556 2.15548e-08
0.348748 0.00364556 2.15142e-08
0.348787 0.00364556 2.15625e-08
0.348827 0.00364556 2.1506e-08
0.348867 0.00364556 2.15733e-08
0.348907 0.00364556 2.15124e-08
0.348946 0.00364556 2.15716e-08
0.348986 0.00364556 2.15082e-08
0.349026 0.00364556 2.15609e-08
0.349066 0.00364556 2.15084e-08
0.349105 0.00364556 2.15677e-08
0.349145 0.00364556 2.15017e-08
0.349185 0.00364556 2.15768e-08
0.349225 0.00364556 2.15094e-08
0.349264 0.00364556 2.15803e-08
0.349304 0.00364556 2.15132e-08
0.349344 0.00364556 2.15681e-08
0.349384 0.00364556 2.14985e-08
0.349423 0.00364556 2.15679e-08
0.349463 0.00364556 2.14962e-08
0.349503 0.00364556 2.15771e-08
0.349543 0.00364556 2.1503e-08
0.349583 0.00364556 2.15804e-08
0.349622 0.00364556 2.1508e-08
0.349662 0.00364556 2.15735e-08
0.349702 0.00364556 2.15168e-08
0.349742 0.00364556 2.15756e-08
0.349781 0.00364556 2.1506e-08
0.349821 0.00364556 2.15791e-08
0.349861 0.00364556 2.15057e-08
0.349901 0.00364556 2.15779e-08
0.34994 0.00364556 2.15064e-08
0.34998 0.00364556 2.15793e-08
0.35002 0.00364556 2.15085e-08
0.35006 0.00364556 2.15787e-08
0.350099 0.00364556 2.15025e-08
0.350139 0.00364556 2.15847e-08
0.350179 0.00364556 2.14978e-08
0.350219 0.00364556 2.15868e-08
0.350258 0.00364556 2.14983e-08
0.350298 0.00364556 2.15842e-08
0.350338 0.00364556 2.15016e-08
0.350378 0.00364556 2.15832e-08
0.350417 0.00364556 2.14996e-08
0.350457 0.00364556 2.15863e-08
0.350497 0.00364556 2.14975e-08
0.350537 0.00364556 2.15866e-08
0.350577 0.00364556 2.1497e-08
0.350616 0.00364556 2.15896e-08
0.350656 0.00364556 2.14928e-08
0.350696 0.00364556 2.15918e-08
0.350736 0.00364556 2.14939e-08
0.350775 0.00364556 2.15987e-08
0.350815 0.00364556 2.14926e-08
0.350855 0.00364556 2.1596e-08
0.350895 0.00364556 2.1496e-08
0.350934 0.00364556 2.15916e-08
0.350974 0.00364556 2.15017e-08
0.351014 0.00364556 2.15851e-08
0.351054 0.00364556 2.15009e-08
0.351093 0.00364556 2.15828e-08
0.351133 0.00364556 2.15027e-08
0.351173 0.00364556 2.15848e-08
0.351213 0.00364556 2.15104e-08
0.351252 0.00364556 2.15742e-08
0.351292 0.00364556 2.15192e-08
0.351332 0.00364556 2.15703e-08
0.351372 0.00364556 2.15199e-08
0.351412 0.00364556 2.1569e-08
0.351451 0.00364556 2.15238e-08
0.351491 0.00364556 2.15631e-08
0.351531 0.00364556 2.15284e-08
0.351571 0.00364556 2.15626e-08
0.35161 0.00364556 2.1526e-08
0.35165 0.00364556 2.15647e-08
0.35169 0.00364556 2.15259e-08
0.35173 0.00364556 2.15633e-08
0.351769 0.00364556 2.1526e-08
0.351809 0.00364556 2.15668e-08
0.351849 0.00364556 2.15209e-08
0.351889 0.00364556 2.15699e-08
0.351928 0.00364556 2.15215e-08
0.351968 0.00364556 2.15666e-08
0.352008 0.00364556 2.1524e-08
0.352048 0.00364556 2.15676e-08
0.352087 0.00364556 2.15211e-08
0.352127 0.00364556 2.1569e-08
0.352167 0.00364556 2.15228e-08
0.352207 0.00364556 2.15648e-08
0.352247 0.00364556 2.15262e-08
0.352286 0.00364556 2.1565e-08
0.352326 0.00364556 2.1524e-08
0.352366 0.00364556 2.15662e-08
0.352406 0.00364556 2.15252e-08
0.352445 0.00364556 2.15631e-08
0.352485 0.00364556 2.15271e-08
0.352525 0.00364556 2.1565e-08
0.352565 0.00364556 2.15234e-08
0.352604 0.00364556 2.15668e-08
0.352644 0.00364556 2.15251e-08
0.352684 0.00364556 2.15623e-08
0.352724 0.00364556 2.1529e-08
0.352763 0.00364556 2.15619e-08
0.352803 0.00364556 2.15275e-08
0.352843 0.00364556 2.1562e-08
0.352883 0.00364556 2.15304e-08
0.352922 0.00364556 2.15568e-08
0.352962 0.00364556 2.15347e-08
0.353002 0.00364556 2.1556e-08
0.353042 0.00364556 2.15335e-08
0.353082 0.00364556 2.15559e-08
0.353121 0.00364556 2.15364e-08
0.353161 0.00364556 2.15511e-08
0.353201 0.00364556 2.15399e-08
0.353241 0.00364556 2.15516e-08
0.35328 0.00364556 2.15371e-08
0.35332 0.00364556 2.1553e-08
0.35336 0.00364556 2.15387e-08
0.3534 0.00364556 2.1549e-08
0.353439 0.00364556 2.15419e-08
0.353479 0.00364556 2.15494e-08
0.353519 0.00364556 2.15396e-08
0.353559 0.00364556 2.15502e-08
0.353598 0.00364556 2.15419e-08
0.353638 0.00364556 2.15455e-08
0.353678 0.00364556 2.15457e-08
0.353718 0.00364556 2.15452e-08
0.353757 0.00364556 2.15442e-08
0.353797 0.00364556 2.15452e-08
0.353837 0.00364556 2.15473e-08
0.353877 0.00364556 2.15398e-08
0.353917 0.00364556 2.15517e-08
0.353956 0.00364556 2.15391e-08
0.353996 0.00364556 2.15503e-08
0.354036 0.00364556 2.15392e-08
0.354076 0.00364556 2.15531e-08
0.354115 0.00364556 2.15342e-08
0.354155 0.00364556 2.15571e-08
0.354195 0.00364556 2.1534e-08
0.354235 0.00364556 2.15552e-08
0.354274 0.00364556 2.15346e-08
0.354314 0.00364556 2.15574e-08
0.354354 0.00364556 2.15302e-08
0.354394 0.00364556 2.15608e-08
0.354433 0.00364556 2.15306e-08
0.354473 0.00364556 2.15583e-08
0.354513 0.00364556 2.15318e-08
0.354553 0.00364556 2.156e-08
0.354592 0.00364556 2.15278e-08
0.354632 0.00364556 2.1563e-08
0.354672 0.00364556 2.15285e-08
0.354712 0.00364556 2.15602e-08
0.354751 0.00364556 2.153e-08
0.354791 0.00364556 2.15617e-08
0.354831 0.00364556 2.15261e-08
0.354871 0.00364556 2.15646e-08
0.354911 0.00364556 2.15269e-08
0.35495 0.00364556 2.15618e-08
0.35499 0.00364556 2.15283e-08
0.35503 0.00364556 2.15634e-08
0.35507 0.00364556 2.15244e-08
0.355109 0.00364556 2.15664e-08
0.355149 0.00364556 2.1525e-08
0.355189 0.00364556 2.15638e-08
0.355229 0.00364556 2.15262e-08
0.355268 0.00364556 2.15657e-08
0.355308 0.00364556 2.1522e-08
0.355348 0.00364556 2.15689e-08
0.355388 0.00364556 2.15224e-08
0.355427 0.00364556 2.15666e-08
0.355467 0.00364556 2.15233e-08
0.355507 0.00364556 2.15687e-08
0.355547 0.00364556 2.15188e-08
0.355586 0.00364556 2.15723e-08
0.355626 0.00364556 2.15188e-08
0.355666 0.00364556 2.15702e-08
0.355706 0.00364556 2.15195e-08
0.355746 0.00364556 2.15726e-08
0.355785 0.00364556 2.15149e-08
0.355825 0.00364556 2.15762e-08
0.355865 0.00364556 2.15149e-08
0.355905 0.00364556 2.15741e-08
0.355944 0.00364556 2.15158e-08
0.355984 0.00364556 2.15762e-08
0.356024 0.00364556 2.15058e-08
0.356064 0.00364556 2.15783e-08
0.356103 0.00364556 2.15084e-08
0.356143 0.00364556 2.15796e-08
0.356183 0.00364556 2.15119e-08
0.356223 0.00364556 2.15786e-08
0.356262 0.00364556 2.15099e-08
0.356302 0.00364556 2.15805e-08
0.356342 0.00364556 2.15111e-08
0.356382 0.00364556 2.15777e-08
0.356421 0.00364556 2.15124e-08
0.356461 0.00364556 2.15791e-08
0.356501 0.00364556 2.1509e-08
0.356541 0.00364556 2.15811e-08
0.356581 0.00364556 2.1511e-08
0.35662 0.00364556 2.15769e-08
0.35666 0.00364556 2.15037e-08
0.3567 0.00364556 2.15806e-08
0.35674 0.00364556 2.15054e-08
0.356779 0.00364556 2.15753e-08
0.356819 0.00364556 2.15138e-08
0.356859 0.00364556 2.15671e-08
0.356899 0.00364556 2.15182e-08
0.356938 0.00364556 2.15675e-08
0.356978 0.00364556 2.15144e-08
0.357018 0.00364556 2.15706e-08
0.357058 0.00364556 2.15151e-08
0.357097 0.00364556 2.15676e-08
0.357137 0.00364556 2.15171e-08
0.357177 0.00364556 2.15684e-08
0.357217 0.00364556 2.15141e-08
0.357256 0.00364556 2.15706e-08
0.357296 0.00364556 2.15153e-08
0.357336 0.00364556 2.15675e-08
0.357376 0.00364556 2.1517e-08
0.357416 0.00364556 2.15689e-08
0.357455 0.00364556 2.15132e-08
0.357495 0.00364556 2.15717e-08
0.357535 0.00364556 2.1514e-08
0.357575 0.00364556 2.1569e-08
0.357614 0.00364556 2.15152e-08
0.357654 0.00364556 2.15704e-08
0.357694 0.00364556 2.15177e-08
0.357734 0.00364556 2.15746e-08
0.357773 0.00364556 2.15137e-08
0.357813 0.00364556 2.15775e-08
0.357853 0.00364556 2.1512e-08
0.357893 0.00364556 2.15724e-08
0.357932 0.00364556 2.15112e-08
0.357972 0.00364556 2.15738e-08
0.358012 0.00364556 2.151e-08
0.358052 0.00364556 2.15746e-08
0.358091 0.00364556 2.15095e-08
0.358131 0.00364556 2.15749e-08
0.358171 0.00364556 2.15095e-08
0.358211 0.00364556 2.15748e-08
0.35825 0.00364556 2.15094e-08
0.35829 0.00364556 2.1575e-08
0.35833 0.00364556 2.1509e-08
0.35837 0.00364556 2.15757e-08
0.35841 0.00364556 2.1508e-08
0.358449 0.00364556 2.15772e-08
0.358489 0.00364556 2.14999e-08
0.358529 0.00364556 2.15722e-08
0.358569 0.00364556 2.1492e-08
0.358608 0.00364556 2.15833e-08
0.358648 0.00364556 2.14901e-08
0.358688 0.00364556 2.158e-08
0.358728 0.00364556 2.14922e-08
0.358767 0.00364556 2.15806e-08
0.358807 0.00364556 2.14898e-08
0.358847 0.00364556 2.15833e-08
0.358887 0.00364556 2.14882e-08
0.358926 0.00364556 2.15828e-08
0.358966 0.00364556 2.14977e-08
0.359006 0.00364556 2.15838e-08
0.359046 0.00364556 2.15059e-08
0.359085 0.00364556 2.1567e-08
0.359125 0.00364556 2.15092e-08
0.359165 0.00364556 2.15529e-08
0.359205 0.00364556 2.15358e-08
0.359245 0.00364556 2.1542e-08
0.359284 0.00364556 2.15462e-08
0.359324 0.00364556 2.15327e-08
0.359364 0.00364556 2.1535e-08
0.359404 0.00364556 2.15367e-08
0.359443 0.00364556 2.15362e-08
0.359483 0.00364556 2.15365e-08
0.359523 0.00364556 2.15321e-08
0.359563 0.00364556 2.15442e-08
0.359602 0.00364556 2.15237e-08
0.359642 0.00364556 2.15512e-08
0.359682 0.00364556 2.15191e-08
0.359722 0.00364556 2.15536e-08
0.359761 0.00364556 2.15183e-08
0.359801 0.00364556 2.15533e-08
0.359841 0.00364556 2.15194e-08
0.359881 0.00364556 2.15515e-08
0.35992 0.00364556 2.15216e-08
0.35996 0.00364556 2.15491e-08
0.36 0.00364556 2.15239e-08
0.36004 0.00364556 2.15473e-08
0.36008 0.00364556 2.15248e-08
0.360119 0.00364556 2.15477e-08
0.360159 0.00364556 2.15229e-08
0.360199 0.00364556 2.15508e-08
0.360239 0.00364556 2.15189e-08
0.360278 0.00364556 2.15552e-08
0.360318 0.00364556 2.15209e-08
0.360358 0.00364556 2.15663e-08
0.360398 0.00364556 2.15169e-08
0.360437 0.00364556 2.15631e-08
0.360477 0.00364556 2.15681e-08
0.360517 0.00364556 2.15989e-08
0.360557 0.00364556 2.14932e-08
0.360596 0.00364556 2.15711e-08
0.360636 0.00364556 2.15282e-08
0.360676 0.00364556 2.15446e-08
0.360716 0.00364556 2.15889e-08
0.360755 0.00364556 2.15775e-08
0.360795 0.00364556 2.15705e-08
0.360835 0.00364556 2.15798e-08
0.360875 0.00364556 2.15752e-08
0.360915 0.00364556 2.15756e-08
0.360954 0.00364556 2.15773e-08
0.360994 0.00364556 2.15742e-08
0.361034 0.00364556 2.1579e-08
0.361074 0.00364556 2.15722e-08
0.361113 0.00364556 2.15808e-08
0.361153 0.00364556 2.15711e-08
0.361193 0.00364556 2.15811e-08
0.361233 0.00364556 2.15714e-08
0.361272 0.00364556 2.15807e-08
0.361312 0.00364556 2.15716e-08
0.361352 0.00364556 2.15806e-08
0.361392 0.00364556 2.15716e-08
0.361431 0.00364556 2.15807e-08
0.361471 0.00364556 2.15715e-08
0.361511 0.00364556 2.15809e-08
0.361551 0.00364556 2.1571e-08
0.36159 0.00364556 2.15817e-08
0.36163 0.00364556 2.157e-08
0.36167 0.00364556 2.15828e-08
0.36171 0.00364556 2.15688e-08
0.36175 0.00364556 2.15839e-08
0.361789 0.00364556 2.1568e-08
0.361829 0.00364556 2.15845e-08
0.361869 0.00364556 2.15675e-08
0.361909 0.00364556 2.15849e-08
0.361948 0.00364556 2.15672e-08
0.361988 0.00364556 2.15854e-08
0.362028 0.00364556 2.15664e-08
0.362068 0.00364556 2.15863e-08
0.362107 0.00364556 2.15654e-08
0.362147 0.00364556 2.15875e-08
0.362187 0.00364556 2.15642e-08
0.362227 0.00364556 2.15886e-08
0.362266 0.00364556 2.15631e-08
0.362306 0.00364556 2.15897e-08
0.362346 0.00364556 2.15621e-08
0.362386 0.00364556 2.15907e-08
0.362425 0.00364556 2.15612e-08
0.362465 0.00364556 2.15915e-08
0.362505 0.00364556 2.15604e-08
0.362545 0.00364556 2.15921e-08
0.362584 0.00364556 2.15599e-08
0.362624 0.00364556 2.15926e-08
0.362664 0.00364556 2.15594e-08
0.362704 0.00364556 2.15931e-08
0.362744 0.00364556 2.15589e-08
0.362783 0.00364556 2.15935e-08
0.362823 0.00364556 2.15585e-08
0.362863 0.00364556 2.15939e-08
0.362903 0.00364556 2.15583e-08
0.362942 0.00364556 2.1594e-08
0.362982 0.00364556 2.15581e-08
0.363022 0.00364556 2.15943e-08
0.363062 0.00364556 2.15578e-08
0.363101 0.00364556 2.15947e-08
0.363141 0.00364556 2.15573e-08
0.363181 0.00364556 2.15952e-08
0.363221 0.00364556 2.15567e-08
0.36326 0.00364556 2.15959e-08
0.3633 0.00364556 2.1556e-08
0.36334 0.00364556 2.15966e-08
0.36338 0.00364556 2.15553e-08
0.363419 0.00364556 2.15975e-08
0.363459 0.00364556 2.15543e-08
0.363499 0.00364556 2.15986e-08
0.363539 0.00364556 2.1553e-08
0.363579 0.00364556 2.15381e-08
0.363618 0.00364556 2.15145e-08
0.363658 0.00364556 2.15685e-08
0.363698 0.00364556 2.15002e-08
0.363738 0.00364556 2.15713e-08
0.363777 0.00364556 2.15019e-08
0.363817 0.00364556 2.15689e-08
0.363857 0.00364556 2.15039e-08
0.363897 0.00364556 2.15672e-08
0.363936 0.00364556 2.15054e-08
0.363976 0.00364556 2.15724e-08
0.364016 0.00364556 2.15132e-08
0.364056 0.00364556 2.15775e-08
0.364095 0.00364556 2.1505e-08
0.364135 0.00364556 2.157e-08
0.364175 0.00364556 2.15041e-08
0.364215 0.00364556 2.15662e-08
0.364254 0.00364556 2.15106e-08
0.364294 0.00364556 2.15776e-08
0.364334 0.00364556 2.15082e-08
0.364374 0.00364556 2.1573e-08
0.364414 0.00364556 2.15135e-08
0.364453 0.00364556 2.15702e-08
0.364493 0.00364556 2.15142e-08
0.364533 0.00364556 2.15698e-08
0.364573 0.00364556 2.15157e-08
0.364612 0.00364556 2.15673e-08
0.364652 0.00364556 2.15182e-08
0.364692 0.00364556 2.15658e-08
0.364732 0.00364556 2.15183e-08
0.364771 0.00364556 2.15671e-08
0.364811 0.00364556 2.15157e-08
0.364851 0.00364556 2.15701e-08
0.364891 0.00364556 2.15136e-08
0.36493 0.00364556 2.15704e-08
0.36497 0.00364556 2.15145e-08
0.36501 0.00364556 2.15705e-08
0.36505 0.00364556 2.15127e-08
0.365089 0.00364556 2.15718e-08
0.365129 0.00364556 2.15134e-08
0.365169 0.00364556 2.15714e-08
0.365209 0.00364556 2.15107e-08
0.365249 0.00364556 2.15761e-08
0.365288 0.00364556 2.15129e-08
0.365328 0.00364556 2.15775e-08
0.365368 0.00364556 2.15133e-08
0.365408 0.00364556 2.15774e-08
0.365447 0.00364556 2.15104e-08
0.365487 0.00364556 2.15818e-08
0.365527 0.00364556 2.1508e-08
0.365567 0.00364556 2.15812e-08
0.365606 0.00364556 2.15083e-08
0.365646 0.00364556 2.15795e-08
0.365686 0.00364556 2.14941e-08
0.365726 0.00364556 2.15872e-08
0.365765 0.00364556 2.14907e-08
0.365805 0.00364556 2.15949e-08
0.365845 0.00364556 2.14875e-08
0.365885 0.00364556 2.16088e-08
0.365924 0.00364556 2.14828e-08
0.365964 0.00364556 2.16012e-08
0.366004 0.00364556 2.1495e-08
0.366044 0.00364556 2.15912e-08
0.366083 0.00364556 2.15021e-08
0.366123 0.00364556 2.15835e-08
0.366163 0.00364556 2.15128e-08
0.366203 0.00364556 2.15721e-08
0.366243 0.00364556 2.15213e-08
0.366282 0.00364556 2.15661e-08
0.366322 0.00364556 2.1528e-08
0.366362 0.00364556 2.15574e-08
0.366402 0.00364556 2.15354e-08
0.366441 0.00364556 2.15551e-08
0.366481 0.00364556 2.15334e-08
0.366521 0.00364556 2.15575e-08
0.366561 0.00364556 2.15325e-08
0.3666 0.00364556 2.15585e-08
0.36664 0.00364556 2.153e-08
0.36668 0.00364556 2.15629e-08
0.36672 0.00364556 2.15249e-08
0.366759 0.00364556 2.1566e-08
0.366799 0.00364556 2.15248e-08
0.366839 0.00364556 2.15656e-08
0.366879 0.00364556 2.15227e-08
0.366918 0.00364556 2.15694e-08
0.366958 0.00364556 2.15202e-08
0.366998 0.00364556 2.15689e-08
0.367038 0.00364556 2.15231e-08
0.367078 0.00364556 2.15669e-08
0.367117 0.00364556 2.15212e-08
0.367157 0.00364556 2.15713e-08
0.367197 0.00364556 2.15176e-08
0.367237 0.00364556 2.15725e-08
0.367276 0.00364556 2.15182e-08
0.367316 0.00364556 2.1573e-08
0.367356 0.00364556 2.15142e-08
0.367396 0.00364556 2.15787e-08
0.367435 0.00364556 2.15104e-08
0.367475 0.00364556 2.15789e-08
0.367515 0.00364556 2.15133e-08
0.367555 0.00364556 2.15761e-08
0.367594 0.00364556 2.15132e-08
0.367634 0.00364556 2.15775e-08
0.367674 0.00364556 2.15139e-08
0.367714 0.00364556 2.15732e-08
0.367753 0.00364556 2.1521e-08
0.367793 0.00364556 2.15668e-08
0.367833 0.00364556 2.15237e-08
0.367873 0.00364556 2.15663e-08
0.367913 0.00364556 2.15251e-08
0.367952 0.00364556 2.15625e-08
0.367992 0.00364556 2.15306e-08
0.368032 0.00364556 2.15585e-08
0.368072 0.00364556 2.15305e-08
0.368111 0.00364556 2.15611e-08
0.368151 0.00364556 2.15289e-08
0.368191 0.00364556 2.15598e-08
0.368231 0.00364556 2.15324e-08
0.36827 0.00364556 2.15575e-08
0.36831 0.00364556 2.1531e-08
0.36835 0.00364556 2.15608e-08
0.36839 0.00364556 2.15291e-08
0.368429 0.00364556 2.15595e-08
0.368469 0.00364556 2.15328e-08
0.368509 0.00364556 2.15566e-08
0.368549 0.00364556 2.15323e-08
0.368588 0.00364556 2.15591e-08
0.368628 0.00364556 2.15313e-08
0.368668 0.00364556 2.15569e-08
0.368708 0.00364556 2.15358e-08
0.368748 0.00364556 2.15533e-08
0.368787 0.00364556 2.15358e-08
0.368827 0.00364556 2.15553e-08
0.368867 0.00364556 2.15353e-08
0.368907 0.00364556 2.15527e-08
0.368946 0.00364556 2.15402e-08
0.368986 0.00364556 2.15487e-08
0.369026 0.00364556 2.15406e-08
0.369066 0.00364556 2.15503e-08
0.369105 0.00364556 2.15404e-08
0.369145 0.00364556 2.15475e-08
0.369185 0.00364556 2.15455e-08
0.369225 0.00364556 2.15434e-08
0.369264 0.00364556 2.15459e-08
0.369304 0.00364556 2.15451e-08
0.369344 0.00364556 2.15456e-08
0.369384 0.00364556 2.15425e-08
0.369423 0.00364556 2.15503e-08
0.369463 0.00364556 2.15388e-08
0.369503 0.00364556 2.15503e-08
0.369543 0.00364556 2.15409e-08
0.369583 0.00364556 2.15494e-08
0.369622 0.00364556 2.15389e-08
0.369662 0.00364556 2.15536e-08
0.369702 0.00364556 2.15358e-08
0.369742 0.00364556 2.1553e-08
0.369781 0.00364556 2.15385e-08
0.369821 0.00364556 2.15516e-08
0.369861 0.00364556 2.1537e-08
0.369901 0.00364556 2.15554e-08
0.36994 0.00364556 2.15341e-08
0.36998 0.00364556 2.15546e-08
0.37002 0.00364556 2.1537e-08
0.37006 0.00364556 2.15531e-08
0.370099 0.00364556 2.15355e-08
0.370139 0.00364556 2.15569e-08
0.370179 0.00364556 2.15326e-08
0.370219 0.00364556 2.15561e-08
0.370258 0.00364556 2.15354e-08
0.370298 0.00364556 2.15548e-08
0.370338 0.00364556 2.15336e-08
0.370378 0.00364556 2.1559e-08
0.370417 0.00364556 2.15303e-08
0.370457 0.00364556 2.15587e-08
0.370497 0.00364556 2.15326e-08
0.370537 0.00364556 2.15579e-08
0.370577 0.00364556 2.15303e-08
0.370616 0.00364556 2.15626e-08
0.370656 0.00364556 2.15264e-08
0.370696 0.00364556 2.15629e-08
0.370736 0.00364556 2.15281e-08
0.370775 0.00364556 2.15627e-08
0.370815 0.00364556 2.15253e-08
0.370855 0.00364556 2.15677e-08
0.370895 0.00364556 2.15212e-08
0.370934 0.00364556 2.15681e-08
0.370974 0.00364556 2.15229e-08
0.371014 0.00364556 2.15677e-08
0.371054 0.00364556 2.15205e-08
0.371093 0.00364556 2.15722e-08
0.371133 0.00364556 2.15171e-08
0.371173 0.00364556 2.15718e-08
0.371213 0.00364556 2.15197e-08
0.371252 0.00364556 2.15704e-08
0.371292 0.00364556 2.15182e-08
0.371332 0.00364556 2.1574e-08
0.371372 0.00364556 2.15157e-08
0.371412 0.00364556 2.15727e-08
0.371451 0.00364556 2.15192e-08
0.371491 0.00364556 2.15705e-08
0.371531 0.00364556 2.15186e-08
0.371571 0.00364556 2.15733e-08
0.37161 0.00364556 2.15168e-08
0.37165 0.00364556 2.15714e-08
0.37169 0.00364556 2.15207e-08
0.37173 0.00364556 2.15687e-08
0.371769 0.00364556 2.15148e-08
0.371809 0.00364556 2.15702e-08
0.371849 0.00364556 2.15152e-08
0.371889 0.00364556 2.15721e-08
0.371928 0.00364556 2.15214e-08
0.371968 0.00364556 2.1567e-08
0.372008 0.00364556 2.15227e-08
0.372048 0.00364556 2.15691e-08
0.372087 0.00364556 2.15208e-08
0.372127 0.00364556 2.15679e-08
0.372167 0.00364556 2.15237e-08
0.372207 0.00364556 2.15662e-08
0.372247 0.00364556 2.15226e-08
0.372286 0.00364556 2.15694e-08
0.372326 0.00364556 2.15206e-08
0.372366 0.00364556 2.15676e-08
0.372406 0.00364556 2.15245e-08
0.372445 0.00364556 2.15651e-08
0.372485 0.00364556 2.15238e-08
0.372525 0.00364556 2.15683e-08
0.372565 0.00364556 2.15215e-08
0.372604 0.00364556 2.1567e-08
0.372644 0.00364556 2.15247e-08
0.372684 0.00364556 2.15652e-08
0.372724 0.00364556 2.15236e-08
0.372763 0.00364556 2.15686e-08
0.372803 0.00364556 2.15211e-08
0.372843 0.00364556 2.15673e-08
0.372883 0.00364556 2.15244e-08
0.372922 0.00364556 2.15655e-08
0.372962 0.00364556 2.15233e-08
0.373002 0.00364556 2.15689e-08
0.373042 0.00364556 2.15207e-08
0.373082 0.00364556 2.15679e-08
0.373121 0.00364556 2.15238e-08
0.373161 0.00364556 2.15662e-08
0.373201 0.00364556 2.15122e-08
0.373241 0.00364556 2.15734e-08
0.37328 0.00364556 2.15138e-08
0.37332 0.00364556 2.15653e-08
0.37336 0.00364556 2.15235e-08
0.3734 0.00364556 2.15591e-08
0.373439 0.00364556 2.15244e-08
0.373479 0.00364556 2.15621e-08
0.373519 0.00364556 2.15213e-08
0.373559 0.00364556 2.15618e-08
0.373598 0.00364556 2.15239e-08
0.373638 0.00364556 2.15602e-08
0.373678 0.00364556 2.15228e-08
0.373718 0.00364556 2.15633e-08
0.373757 0.00364556 2.15208e-08
0.373797 0.00364556 2.15617e-08
0.373837 0.00364556 2.15245e-08
0.373877 0.00364556 2.15595e-08
0.373917 0.00364556 2.15236e-08
0.373956 0.00364556 2.15626e-08
0.373996 0.00364556 2.15215e-08
0.374036 0.00364556 2.15612e-08
0.374076 0.00364556 2.15248e-08
0.374115 0.00364556 2.15593e-08
0.374155 0.00364556 2.15236e-08
0.374195 0.00364556 2.15629e-08
0.374235 0.00364556 2.1521e-08
0.374274 0.00364556 2.15618e-08
0.374314 0.00364556 2.15299e-08
0.374354 0.00364556 2.15608e-08
0.374394 0.00364556 2.15272e-08
0.374433 0.00364556 2.15652e-08
0.374473 0.00364556 2.15245e-08
0.374513 0.00364556 2.15635e-08
0.374553 0.00364556 2.15289e-08
0.374592 0.00364556 2.156e-08
0.374632 0.00364556 2.15295e-08
0.374672 0.00364556 2.15558e-08
0.374712 0.00364556 2.15281e-08
0.374751 0.00364556 2.15553e-08
0.374791 0.00364556 2.15299e-08
0.374831 0.00364556 2.15545e-08
0.374871 0.00364556 2.15286e-08
0.374911 0.00364556 2.15561e-08
0.37495 0.00364556 2.15297e-08
0.37499 0.00364556 2.15525e-08
0.37503 0.00364556 2.15329e-08
0.37507 0.00364556 2.15513e-08
0.375109 0.00364556 2.15331e-08
0.375149 0.00364556 2.15508e-08
0.375189 0.00364556 2.15343e-08
0.375229 0.00364556 2.15493e-08
0.375268 0.00364556 2.15356e-08
0.375308 0.00364556 2.15483e-08
0.375348 0.00364556 2.15366e-08
0.375388 0.00364556 2.15474e-08
0.375427 0.00364556 2.15375e-08
0.375467 0.00364556 2.15457e-08
0.375507 0.00364556 2.154e-08
0.375547 0.00364556 2.15435e-08
0.375586 0.00364556 2.15414e-08
0.375626 0.00364556 2.15428e-08
0.375666 0.00364556 2.15419e-08
0.375706 0.00364556 2.15413e-08
0.375746 0.00364556 2.15444e-08
0.375785 0.00364556 2.1539e-08
0.375825 0.00364556 2.1546e-08
0.375865 0.00364556 2.15436e-08
0.375905 0.00364556 2.15482e-08
0.375944 0.00364556 2.15393e-08
0.375984 0.00364556 2.15533e-08
0.376024 0.00364556 2.15352e-08
0.376064 0.00364556 2.155e-08
0.376103 0.00364556 2.15335e-08
0.376143 0.00364556 2.15516e-08
0.376183 0.00364556 2.15317e-08
0.376223 0.00364556 2.15533e-08
0.376262 0.00364556 2.15313e-08
0.376302 0.00364556 2.15522e-08
0.376342 0.00364556 2.15335e-08
0.376382 0.00364556 2.155e-08
0.376421 0.00364556 2.15342e-08
0.376461 0.00364556 2.15501e-08
0.376501 0.00364556 2.15348e-08
0.376541 0.00364556 2.15495e-08
0.376581 0.00364556 2.15338e-08
0.37662 0.00364556 2.15517e-08
0.37666 0.00364556 2.15319e-08
0.3767 0.00364556 2.15533e-08
0.37674 0.00364556 2.15298e-08
0.376779 0.00364556 2.15562e-08
0.376819 0.00364556 2.15264e-08
0.376859 0.00364556 2.15588e-08
0.376899 0.00364556 2.1525e-08
0.376938 0.00364556 2.15604e-08
0.376978 0.00364556 2.15228e-08
0.377018 0.00364556 2.15624e-08
0.377058 0.00364556 2.15223e-08
0.377097 0.00364556 2.15614e-08
0.377137 0.00364556 2.15224e-08
0.377177 0.00364556 2.15631e-08
0.377217 0.00364556 2.15206e-08
0.377256 0.00364556 2.15632e-08
0.377296 0.00364556 2.1522e-08
0.377336 0.00364556 2.1563e-08
0.377376 0.00364556 2.15199e-08
0.377416 0.00364556 2.15649e-08
0.377455 0.00364556 2.15196e-08
0.377495 0.00364556 2.15654e-08
0.377535 0.00364556 2.15176e-08
0.377575 0.00364556 2.15671e-08
0.377614 0.00364556 2.15175e-08
0.377654 0.00364556 2.15674e-08
0.377694 0.00364556 2.1516e-08
0.377734 0.00364556 2.15681e-08
0.377773 0.00364556 2.15173e-08
0.377813 0.00364556 2.15667e-08
0.377853 0.00364556 2.15175e-08
0.377893 0.00364556 2.15658e-08
0.377932 0.00364556 2.15203e-08
0.377972 0.00364556 2.15631e-08
0.378012 0.00364556 2.15215e-08
0.378052 0.00364556 2.15617e-08
0.378091 0.00364556 2.15242e-08
0.378131 0.00364556 2.15701e-08
0.378171 0.00364556 2.15205e-08
0.378211 0.00364556 2.15661e-08
0.37825 0.00364556 2.15284e-08
0.37829 0.00364556 2.15595e-08
0.37833 0.00364556 2.15308e-08
0.37837 0.00364556 2.15594e-08
0.37841 0.00364556 2.15304e-08
0.378449 0.00364556 2.15613e-08
0.378489 0.00364556 2.15267e-08
0.378529 0.00364556 2.15644e-08
0.378569 0.00364556 2.15256e-08
0.378608 0.00364556 2.15654e-08
0.378648 0.00364556 2.15236e-08
0.378688 0.00364556 2.15667e-08
0.378728 0.00364556 2.1524e-08
0.378767 0.00364556 2.15665e-08
0.378807 0.00364556 2.15228e-08
0.378847 0.00364556 2.15673e-08
0.378887 0.00364556 2.15236e-08
0.378926 0.00364556 2.15668e-08
0.378966 0.00364556 2.15224e-08
0.379006 0.00364556 2.15678e-08
0.379046 0.00364556 2.15227e-08
0.379085 0.00364556 2.1568e-08
0.379125 0.00364556 2.15208e-08
0.379165 0.00364556 2.15696e-08
0.379205 0.00364556 2.15209e-08
0.379245 0.00364556 2.15698e-08
0.379284 0.00364556 2.15194e-08
0.379324 0.00364556 2.15706e-08
0.379364 0.00364556 2.15204e-08
0.379404 0.00364556 2.15697e-08
0.379443 0.00364556 2.152e-08
0.379483 0.00364556 2.15696e-08
0.379523 0.00364556 2.15217e-08
0.379563 0.00364556 2.15682e-08
0.379602 0.00364556 2.1516e-08
0.379642 0.00364556 2.15668e-08
0.379682 0.00364556 2.15197e-08
0.379722 0.00364556 2.15638e-08
0.379761 0.00364556 2.15206e-08
0.379801 0.00364556 2.15689e-08
0.379841 0.00364556 2.15231e-08
0.379881 0.00364556 2.15663e-08
0.37992 0.00364556 2.15236e-08
0.37996 0.00364556 2.1566e-08
0.38 0.00364556 2.1525e-08
0.38004 0.00364556 2.15653e-08
0.38008 0.00364556 2.1524e-08
0.380119 0.00364556 2.1566e-08
0.380159 0.00364556 2.15251e-08
0.380199 0.00364556 2.1565e-08
0.380239 0.00364556 2.15247e-08
0.380278 0.00364556 2.15649e-08
0.380318 0.00364556 2.15264e-08
0.380358 0.00364556 2.15634e-08
0.380398 0.00364556 2.15264e-08
0.380437 0.00364556 2.15632e-08
0.380477 0.00364556 2.15281e-08
0.380517 0.00364556 2.15618e-08
0.380557 0.00364556 2.1528e-08
0.380596 0.00364556 2.15616e-08
0.380636 0.00364556 2.15297e-08
0.380676 0.00364556 2.15602e-08
0.380716 0.00364556 2.15295e-08
0.380755 0.00364556 2.15601e-08
0.380795 0.00364556 2.15311e-08
0.380835 0.00364556 2.15589e-08
0.380875 0.00364556 2.15308e-08
0.380915 0.00364556 2.15589e-08
0.380954 0.00364556 2.15322e-08
0.380994 0.00364556 2.15578e-08
0.381034 0.00364556 2.15318e-08
0.381074 0.00364556 2.15579e-08
0.381113 0.00364556 2.15332e-08
0.381153 0.00364556 2.15568e-08
0.381193 0.00364556 2.15328e-08
0.381233 0.00364556 2.15568e-08
0.381272 0.00364556 2.15344e-08
0.381312 0.00364556 2.15556e-08
0.381352 0.00364556 2.15341e-08
0.381392 0.00364556 2.15556e-08
0.381431 0.00364556 2.15356e-08
0.381471 0.00364556 2.15544e-08
0.381511 0.00364556 2.15353e-08
0.381551 0.00364556 2.15544e-08
0.38159 0.00364556 2.15368e-08
0.38163 0.00364556 2.15532e-08
0.38167 0.00364556 2.15365e-08
0.38171 0.00364556 2.15532e-08
0.38175 0.00364556 2.15381e-08
0.381789 0.00364556 2.15519e-08
0.381829 0.00364556 2.15378e-08
0.381869 0.00364556 2.15518e-08
0.381909 0.00364556 2.15395e-08
0.381948 0.00364556 2.15504e-08
0.381988 0.00364556 2.15393e-08
0.382028 0.00364556 2.15502e-08
0.382068 0.00364556 2.15411e-08
0.382107 0.00364556 2.15487e-08
0.382147 0.00364556 2.15411e-08
0.382187 0.00364556 2.15483e-08
0.382227 0.00364556 2.15431e-08
0.382266 0.00364556 2.15467e-08
0.382306 0.00364556 2.15433e-08
0.382346 0.00364556 2.15461e-08
0.382386 0.00364556 2.15454e-08
0.382425 0.00364556 2.15442e-08
0.382465 0.00364556 2.15458e-08
0.382505 0.00364556 2.15435e-08
0.382545 0.00364556 2.15481e-08
0.382584 0.00364556 2.15415e-08
0.382624 0.00364556 2.15486e-08
0.382664 0.00364556 2.15407e-08
0.382704 0.00364556 2.15509e-08
0.382744 0.00364556 2.15388e-08
0.382783 0.00364556 2.15513e-08
0.382823 0.00364556 2.15381e-08
0.382863 0.00364556 2.15534e-08
0.382903 0.00364556 2.15363e-08
0.382942 0.00364556 2.15536e-08
0.382982 0.00364556 2.15359e-08
0.383022 0.00364556 2.15555e-08
0.383062 0.00364556 2.15344e-08
0.383101 0.00364556 2.15554e-08
0.383141 0.00364556 2.15342e-08
0.383181 0.00364556 2.15571e-08
0.383221 0.00364556 2.15329e-08
0.38326 0.00364556 2.15567e-08
0.3833 0.00364556 2.1533e-08
0.38334 0.00364556 2.15581e-08
0.38338 0.00364556 2.15319e-08
0.383419 0.00364556 2.15576e-08
0.383459 0.00364556 2.15322e-08
0.383499 0.00364556 2.15589e-08
0.383539 0.00364556 2.15312e-08
0.383579 0.00364556 2.15583e-08
0.383618 0.00364556 2.15316e-08
0.383658 0.00364556 2.15594e-08
0.383698 0.00364556 2.15307e-08
0.383738 0.00364556 2.15587e-08
0.383777 0.00364556 2.15311e-08
0.383817 0.00364556 2.15599e-08
0.383857 0.00364556 2.15303e-08
0.383897 0.00364556 2.15592e-08
0.383936 0.00364556 2.15307e-08
0.383976 0.00364556 2.15603e-08
0.384016 0.00364556 2.15298e-08
0.384056 0.00364556 2.15597e-08
0.384095 0.00364556 2.15302e-08
0.384135 0.00364556 2.15609e-08
0.384175 0.00364556 2.15293e-08
0.384215 0.00364556 2.15602e-08
0.384254 0.00364556 2.15295e-08
0.384294 0.00364556 2.15615e-08
0.384334 0.00364556 2.15286e-08
0.384374 0.00364556 2.15609e-08
0.384414 0.00364556 2.15289e-08
0.384453 0.00364556 2.15622e-08
0.384493 0.00364556 2.1528e-08
0.384533 0.00364556 2.15616e-08
0.384573 0.00364556 2.15282e-08
0.384612 0.00364556 2.15628e-08
0.384652 0.00364556 2.15273e-08
0.384692 0.00364556 2.15622e-08
0.384732 0.00364556 2.15276e-08
0.384771 0.00364556 2.15634e-08
0.384811 0.00364556 2.15267e-08
0.384851 0.00364556 2.15628e-08
0.384891 0.00364556 2.15271e-08
0.38493 0.00364556 2.15639e-08
0.38497 0.00364556 2.15262e-08
0.38501 0.00364556 2.15632e-08
0.38505 0.00364556 2.15266e-08
0.385089 0.00364556 2.15643e-08
0.385129 0.00364556 2.15259e-08
0.385169 0.00364556 2.15635e-08
0.385209 0.00364556 2.15264e-08
0.385249 0.00364556 2.15646e-08
0.385288 0.00364556 2.15201e-08
0.385328 0.00364556 2.15626e-08
0.385368 0.00364556 2.15226e-08
0.385408 0.00364556 2.15618e-08
0.385447 0.00364556 2.15232e-08
0.385487 0.00364556 2.15603e-08
0.385527 0.00364556 2.15238e-08
0.385567 0.00364556 2.15616e-08
0.385606 0.00364556 2.15227e-08
0.385646 0.00364556 2.1561e-08
0.385686 0.00364556 2.15232e-08
0.385726 0.00364556 2.15675e-08
0.385765 0.00364556 2.1524e-08
0.385805 0.00364556 2.15641e-08
0.385845 0.00364556 2.15269e-08
0.385885 0.00364556 2.15633e-08
0.385924 0.00364556 2.15273e-08
0.385964 0.00364556 2.1562e-08
0.386004 0.00364556 2.15279e-08
0.386044 0.00364556 2.15632e-08
0.386083 0.00364556 2.1527e-08
0.386123 0.00364556 2.15623e-08
0.386163 0.00364556 2.15278e-08
0.386203 0.00364556 2.15628e-08
0.386243 0.00364556 2.15278e-08
0.386282 0.00364556 2.15612e-08
0.386322 0.00364556 2.15291e-08
0.386362 0.00364556 2.15616e-08
0.386402 0.00364556 2.15289e-08
0.386441 0.00364556 2.15603e-08
0.386481 0.00364556 2.15297e-08
0.386521 0.00364556 2.15612e-08
0.386561 0.00364556 2.15292e-08
0.3866 0.00364556 2.15602e-08
0.38664 0.00364556 2.15298e-08
0.38668 0.00364556 2.1561e-08
0.38672 0.00364556 2.15293e-08
0.386759 0.00364556 2.15599e-08
0.386799 0.00364556 2.15301e-08
0.386839 0.00364556 2.15607e-08
0.386879 0.00364556 2.15297e-08
0.386918 0.00364556 2.15596e-08
0.386958 0.00364556 2.15304e-08
0.386998 0.00364556 2.15604e-08
0.387038 0.00364556 2.15195e-08
0.387078 0.00364556 2.15632e-08
0.387117 0.00364556 2.15243e-08
0.387157 0.00364556 2.15571e-08
0.387197 0.00364556 2.15302e-08
0.387237 0.00364556 2.15517e-08
0.387276 0.00364556 2.15329e-08
0.387316 0.00364556 2.15523e-08
0.387356 0.00364556 2.15318e-08
0.387396 0.00364556 2.15522e-08
0.387435 0.00364556 2.15317e-08
0.387475 0.00364556 2.15534e-08
0.387515 0.00364556 2.15312e-08
0.387555 0.00364556 2.15521e-08
0.387594 0.00364556 2.15323e-08
0.387634 0.00364556 2.15526e-08
0.387674 0.00364556 2.15321e-08
0.387714 0.00364556 2.15513e-08
0.387753 0.00364556 2.1533e-08
0.387793 0.00364556 2.15519e-08
0.387833 0.00364556 2.15327e-08
0.387873 0.00364556 2.15508e-08
0.387913 0.00364556 2.15341e-08
0.387952 0.00364556 2.1551e-08
0.387992 0.00364556 2.15316e-08
0.388032 0.00364556 2.15533e-08
0.388072 0.00364556 2.15324e-08
0.388111 0.00364556 2.15506e-08
0.388151 0.00364556 2.15339e-08
0.388191 0.00364556 2.15516e-08
0.388231 0.00364556 2.1531e-08
0.38827 0.00364556 2.15533e-08
0.38831 0.00364556 2.15331e-08
0.38835 0.00364556 2.15492e-08
0.38839 0.00364556 2.15359e-08
0.388429 0.00364556 2.15493e-08
0.388469 0.00364556 2.15335e-08
0.388509 0.00364556 2.15508e-08
0.388549 0.00364556 2.15357e-08
0.388588 0.00364556 2.15465e-08
0.388628 0.00364556 2.15385e-08
0.388668 0.00364556 2.15461e-08
0.388708 0.00364556 2.15373e-08
0.388748 0.00364556 2.15482e-08
0.388787 0.00364556 2.15364e-08
0.388827 0.00364556 2.15461e-08
0.388867 0.00364556 2.15398e-08
0.388907 0.00364556 2.15444e-08
0.388946 0.00364556 2.15387e-08
0.388986 0.00364556 2.15467e-08
0.389026 0.00364556 2.15384e-08
0.389066 0.00364556 2.15442e-08
0.389105 0.00364556 2.15408e-08
0.389145 0.00364556 2.15436e-08
0.389185 0.00364556 2.15416e-08
0.389225 0.00364556 2.15412e-08
0.389264 0.00364556 2.15445e-08
0.389304 0.00364556 2.15395e-08
0.389344 0.00364556 2.15444e-08
0.389384 0.00364556 2.15392e-08
0.389423 0.00364556 2.15476e-08
0.389463 0.00364556 2.15344e-08
0.389503 0.00364556 2.1551e-08
0.389543 0.00364556 2.1534e-08
0.389583 0.00364556 2.1549e-08
0.389622 0.00364556 2.15353e-08
0.389662 0.00364556 2.15509e-08
0.389702 0.00364556 2.15316e-08
0.389742 0.00364556 2.15531e-08
0.389781 0.00364556 2.15326e-08
0.389821 0.00364556 2.15499e-08
0.389861 0.00364556 2.15347e-08
0.389901 0.00364556 2.15514e-08
0.38994 0.00364556 2.15311e-08
0.38998 0.00364556 2.15536e-08
0.39002 0.00364556 2.15313e-08
0.39006 0.00364556 2.15517e-08
0.390099 0.00364556 2.15341e-08
0.390139 0.00364556 2.15501e-08
0.390179 0.00364556 2.15327e-08
0.390219 0.00364556 2.15527e-08
0.390258 0.00364556 2.15319e-08
0.390298 0.00364556 2.15507e-08
0.390338 0.00364556 2.15353e-08
0.390378 0.00364556 2.15493e-08
0.390417 0.00364556 2.15339e-08
0.390457 0.00364556 2.15505e-08
0.390497 0.00364556 2.15344e-08
0.390537 0.00364556 2.15502e-08
0.390577 0.00364556 2.1533e-08
0.390616 0.00364556 2.15523e-08
0.390656 0.00364556 2.15319e-08
0.390696 0.00364556 2.15517e-08
0.390736 0.00364556 2.1532e-08
0.390775 0.00364556 2.15547e-08
0.390815 0.00364556 2.15273e-08
0.390855 0.00364556 2.1558e-08
0.390895 0.00364556 2.15269e-08
0.390934 0.00364556 2.1556e-08
0.390974 0.00364556 2.15283e-08
0.391014 0.00364556 2.1558e-08
0.391054 0.00364556 2.15246e-08
0.391093 0.00364556 2.15601e-08
0.391133 0.00364556 2.15255e-08
0.391173 0.00364556 2.15672e-08
0.391213 0.00364556 2.1524e-08
0.391252 0.00364556 2.15646e-08
0.391292 0.00364556 2.15274e-08
0.391332 0.00364556 2.15603e-08
0.391372 0.00364556 2.15326e-08
0.391412 0.00364556 2.15551e-08
0.391451 0.00364556 2.15353e-08
0.391491 0.00364556 2.15569e-08
0.391531 0.00364556 2.15313e-08
0.391571 0.00364556 2.15592e-08
0.39161 0.00364556 2.15324e-08
0.39165 0.00364556 2.15555e-08
0.39169 0.00364556 2.15354e-08
0.39173 0.00364556 2.15562e-08
0.391769 0.00364556 2.15325e-08
0.391809 0.00364556 2.1558e-08
0.391849 0.00364556 2.15332e-08
0.391889 0.00364556 2.15553e-08
0.391928 0.00364556 2.15347e-08
0.391968 0.00364556 2.15578e-08
0.392008 0.00364556 2.15299e-08
0.392048 0.00364556 2.15615e-08
0.392087 0.00364556 2.15289e-08
0.392127 0.00364556 2.15604e-08
0.392167 0.00364556 2.15289e-08
0.392207 0.00364556 2.1564e-08
0.392247 0.00364556 2.15235e-08
0.392286 0.00364556 2.15677e-08
0.392326 0.00364556 2.15233e-08
0.392366 0.00364556 2.15652e-08
0.392406 0.00364556 2.15252e-08
0.392445 0.00364556 2.15665e-08
0.392485 0.00364556 2.15221e-08
0.392525 0.00364556 2.15681e-08
0.392565 0.00364556 2.15236e-08
0.392604 0.00364556 2.15643e-08
0.392644 0.00364556 2.15265e-08
0.392684 0.00364556 2.15651e-08
0.392724 0.00364556 2.15236e-08
0.392763 0.00364556 2.15666e-08
0.392803 0.00364556 2.15251e-08
0.392843 0.00364556 2.15628e-08
0.392883 0.00364556 2.15223e-08
0.392922 0.00364556 2.15625e-08
0.392962 0.00364556 2.15216e-08
0.393002 0.00364556 2.1562e-08
0.393042 0.00364556 2.15245e-08
0.393082 0.00364556 2.15573e-08
0.393121 0.00364556 2.15278e-08
0.393161 0.00364556 2.15637e-08
0.393201 0.00364556 2.1526e-08
0.393241 0.00364556 2.15631e-08
0.39328 0.00364556 2.15294e-08
0.39332 0.00364556 2.15579e-08
0.39336 0.00364556 2.15332e-08
0.3934 0.00364556 2.15583e-08
0.393439 0.00364556 2.15303e-08
0.393479 0.00364556 2.15601e-08
0.393519 0.00364556 2.15313e-08
0.393559 0.00364556 2.15568e-08
0.393598 0.00364556 2.15338e-08
0.393638 0.00364556 2.15579e-08
0.393678 0.00364556 2.15306e-08
0.393718 0.00364556 2.15597e-08
0.393757 0.00364556 2.15318e-08
0.393797 0.00364556 2.15562e-08
0.393837 0.00364556 2.15343e-08
0.393877 0.00364556 2.15574e-08
0.393917 0.00364556 2.15311e-08
0.393956 0.00364556 2.15593e-08
0.393996 0.00364556 2.15323e-08
0.394036 0.00364556 2.15558e-08
0.394076 0.00364556 2.15348e-08
0.394115 0.00364556 2.15569e-08
0.394155 0.00364556 2.15316e-08
0.394195 0.00364556 2.15587e-08
0.394235 0.00364556 2.15329e-08
0.394274 0.00364556 2.15552e-08
0.394314 0.00364556 2.15354e-08
0.394354 0.00364556 2.15563e-08
0.394394 0.00364556 2.15323e-08
0.394433 0.00364556 2.1558e-08
0.394473 0.00364556 2.15335e-08
0.394513 0.00364556 2.15545e-08
0.394553 0.00364556 2.15362e-08
0.394592 0.00364556 2.15554e-08
0.394632 0.00364556 2.15333e-08
0.394672 0.00364556 2.15569e-08
0.394712 0.00364556 2.15348e-08
0.394751 0.00364556 2.1553e-08
0.394791 0.00364556 2.15378e-08
0.394831 0.00364556 2.15537e-08
0.394871 0.00364556 2.15351e-08
0.394911 0.00364556 2.1555e-08
0.39495 0.00364556 2.15367e-08
0.39499 0.00364556 2.15511e-08
0.39503 0.00364556 2.15397e-08
0.39507 0.00364556 2.15518e-08
0.395109 0.00364556 2.1537e-08
0.395149 0.00364556 2.15531e-08
0.395189 0.00364556 2.15387e-08
0.395229 0.00364556 2.15491e-08
0.395268 0.00364556 2.15418e-08
0.395308 0.00364556 2.15497e-08
0.395348 0.00364556 2.15391e-08
0.395388 0.00364556 2.1551e-08
0.395427 0.00364556 2.15409e-08
0.395467 0.00364556 2.15469e-08
0.395507 0.00364556 2.1544e-08
0.395547 0.00364556 2.15475e-08
0.395586 0.00364556 2.15414e-08
0.395626 0.00364556 2.15486e-08
0.395666 0.00364556 2.15432e-08
0.395706 0.00364556 2.15445e-08
0.395746 0.00364556 2.15464e-08
0.395785 0.00364556 2.1545e-08
0.395825 0.00364556 2.1544e-08
0.395865 0.00364556 2.1546e-08
0.395905 0.00364556 2.15459e-08
0.395944 0.00364556 2.15418e-08
0.395984 0.00364556 2.15491e-08
0.396024 0.00364556 2.15423e-08
0.396064 0.00364556 2.15466e-08
0.396103 0.00364556 2.15434e-08
0.396143 0.00364556 2.15484e-08
0.396183 0.00364556 2.15393e-08
0.396223 0.00364556 2.15515e-08
0.396262 0.00364556 2.154e-08
0.396302 0.00364556 2.15488e-08
0.396342 0.00364556 2.15414e-08
0.396382 0.00364556 2.15503e-08
0.396421 0.00364556 2.15376e-08
0.396461 0.00364556 2.15531e-08
0.396501 0.00364556 2.15385e-08
0.396541 0.00364556 2.15501e-08
0.396581 0.00364556 2.15402e-08
0.39662 0.00364556 2.15514e-08
0.39666 0.00364556 2.15366e-08
0.3967 0.00364556 2.15539e-08
0.39674 0.00364556 2.15378e-08
0.396779 0.00364556 2.15508e-08
0.396819 0.00364556 2.15396e-08
0.396859 0.00364556 2.15519e-08
0.396899 0.00364556 2.15362e-08
0.396938 0.00364556 2.15544e-08
0.396978 0.00364556 2.15373e-08
0.397018 0.00364556 2.15512e-08
0.397058 0.00364556 2.15391e-08
0.397097 0.00364556 2.15524e-08
0.397137 0.00364556 2.15356e-08
0.397177 0.00364556 2.1555e-08
0.397217 0.00364556 2.15366e-08
0.397256 0.00364556 2.1552e-08
0.397296 0.00364556 2.15383e-08
0.397336 0.00364556 2.15534e-08
0.397376 0.00364556 2.15346e-08
0.397416 0.00364556 2.15561e-08
0.397455 0.00364556 2.15355e-08
0.397495 0.00364556 2.15532e-08
0.397535 0.00364556 2.1537e-08
0.397575 0.00364556 2.15547e-08
0.397614 0.00364556 2.15332e-08
0.397654 0.00364556 2.15575e-08
0.397694 0.00364556 2.1534e-08
0.397734 0.00364556 2.15547e-08
0.397773 0.00364556 2.15355e-08
0.397813 0.00364556 2.15562e-08
0.397853 0.00364556 2.15317e-08
0.397893 0.00364556 2.1559e-08
0.397932 0.00364556 2.15326e-08
0.397972 0.00364556 2.15561e-08
0.398012 0.00364556 2.15341e-08
0.398052 0.00364556 2.15575e-08
0.398091 0.00364556 2.15304e-08
0.398131 0.00364556 2.15602e-08
0.398171 0.00364556 2.15314e-08
0.398211 0.00364556 2.15572e-08
0.39825 0.00364556 2.15331e-08
0.39829 0.00364556 2.15584e-08
0.39833 0.00364556 2.15296e-08
0.39837 0.00364556 2.15609e-08
0.39841 0.00364556 2.15308e-08
0.398449 0.00364556 2.15577e-08
0.398489 0.00364556 2.15327e-08
0.398529 0.00364556 2.15587e-08
0.398569 0.00364556 2.15294e-08
0.398608 0.00364556 2.15611e-08
0.398648 0.00364556 2.15307e-08
0.398688 0.00364556 2.15577e-08
0.398728 0.00364556 2.15327e-08
0.398767 0.00364556 2.15587e-08
0.398807 0.00364556 2.15295e-08
0.398847 0.00364556 2.15609e-08
0.398887 0.00364556 2.1531e-08
0.398926 0.00364556 2.15574e-08
0.398966 0.00364556 2.15331e-08
0.399006 0.00364556 2.15583e-08
0.399046 0.00364556 2.15299e-08
0.399085 0.00364556 2.15605e-08
0.399125 0.00364556 2.15314e-08
0.399165 0.00364556 2.1557e-08
0.399205 0.00364556 2.15279e-08
0.399245 0.00364556 2.15567e-08
0.399284 0.00364556 2.15268e-08
0.399324 0.00364556 2.15572e-08
0.399364 0.00364556 2.15294e-08
0.399404 0.00364556 2.15532e-08
0.399443 0.00364556 2.15315e-08
0.399483 0.00364556 2.15544e-08
0.399523 0.00364556 2.15278e-08
0.399563 0.00364556 2.15571e-08
0.399602 0.00364556 2.1529e-08
0.399642 0.00364556 2.15592e-08
0.399682 0.00364556 2.15324e-08
0.399722 0.00364556 2.15578e-08
0.399761 0.00364556 2.15314e-08
0.399801 0.00364556 2.15585e-08
0.399841 0.00364556 2.15336e-08
0.399881 0.00364556 2.15548e-08
0.39992 0.00364556 2.15355e-08
0.39996 0.00364556 2.15562e-08
0.4 0.00364556 2.15319e-08
0.40004 0.00364556 2.15586e-08
0.40008 0.00364556 2.15333e-08
0.400119 0.00364556 2.1555e-08
0.400159 0.00364556 2.15357e-08
0.400199 0.00364556 2.15554e-08
0.400239 0.00364556 2.15329e-08
0.400278 0.00364556 2.15573e-08
0.400318 0.00364556 2.15346e-08
0.400358 0.00364556 2.15538e-08
0.400398 0.00364556 2.15367e-08
0.400437 0.00364556 2.15548e-08
0.400477 0.00364556 2.15333e-08
0.400517 0.00364556 2.15572e-08
0.400557 0.00364556 2.15346e-08
0.400596 0.00364556 2.15538e-08
0.400636 0.00364556 2.15367e-08
0.400676 0.00364556 2.15547e-08
0.400716 0.00364556 2.15335e-08
0.400755 0.00364556 2.15569e-08
0.400795 0.00364556 2.1535e-08
0.400835 0.00364556 2.15533e-08
0.400875 0.00364556 2.15372e-08
0.400915 0.00364556 2.15542e-08
0.400954 0.00364556 2.1534e-08
0.400994 0.00364556 2.15563e-08
0.401034 0.00364556 2.15356e-08
0.401074 0.00364556 2.15527e-08
0.401113 0.00364556 2.1538e-08
0.401153 0.00364556 2.15533e-08
0.401193 0.00364556 2.15351e-08
0.401233 0.00364556 2.15551e-08
0.401272 0.00364556 2.1537e-08
0.401312 0.00364556 2.15511e-08
0.401352 0.00364556 2.15396e-08
0.401392 0.00364556 2.15515e-08
0.401431 0.00364556 2.1537e-08
0.401471 0.00364556 2.15531e-08
0.401511 0.00364556 2.1539e-08
0.401551 0.00364556 2.15491e-08
0.40159 0.00364556 2.15417e-08
0.40163 0.00364556 2.15494e-08
0.40167 0.00364556 2.15391e-08
0.40171 0.00364556 2.15511e-08
0.40175 0.00364556 2.15411e-08
0.401789 0.00364556 2.15471e-08
0.401829 0.00364556 2.15437e-08
0.401869 0.00364556 2.15474e-08
0.401909 0.00364556 2.1541e-08
0.401948 0.00364556 2.15491e-08
0.401988 0.00364556 2.1543e-08
0.402028 0.00364556 2.15452e-08
0.402068 0.00364556 2.15455e-08
0.402107 0.00364556 2.15457e-08
0.402147 0.00364556 2.15427e-08
0.402187 0.00364556 2.15475e-08
0.402227 0.00364556 2.15445e-08
0.402266 0.00364556 2.15437e-08
0.402306 0.00364556 2.1547e-08
0.402346 0.00364556 2.15442e-08
0.402386 0.00364556 2.15442e-08
0.402425 0.00364556 2.15461e-08
0.402465 0.00364556 2.15459e-08
0.402505 0.00364556 2.15423e-08
0.402545 0.00364556 2.15483e-08
0.402584 0.00364556 2.15429e-08
0.402624 0.00364556 2.15454e-08
0.402664 0.00364556 2.15448e-08
0.402704 0.00364556 2.15472e-08
0.402744 0.00364556 2.1541e-08
0.402783 0.00364556 2.15496e-08
0.402823 0.00364556 2.15416e-08
0.402863 0.00364556 2.15468e-08
0.402903 0.00364556 2.15435e-08
0.402942 0.00364556 2.15486e-08
0.402982 0.00364556 2.15396e-08
0.403022 0.00364556 2.1551e-08
0.403062 0.00364556 2.15402e-08
0.403101 0.00364556 2.15482e-08
0.403141 0.00364556 2.1542e-08
0.403181 0.00364556 2.155e-08
0.403221 0.00364556 2.15382e-08
0.40326 0.00364556 2.15525e-08
0.4033 0.00364556 2.15387e-08
0.40334 0.00364556 2.15497e-08
0.40338 0.00364556 2.15406e-08
0.403419 0.00364556 2.15515e-08
0.403459 0.00364556 2.15367e-08
0.403499 0.00364556 2.1554e-08
0.403539 0.00364556 2.15373e-08
0.403579 0.00364556 2.15511e-08
0.403618 0.00364556 2.15392e-08
0.403658 0.00364556 2.15529e-08
0.403698 0.00364556 2.15354e-08
0.403738 0.00364556 2.15553e-08
0.403777 0.00364556 2.1536e-08
0.403817 0.00364556 2.15524e-08
0.403857 0.00364556 2.15379e-08
0.403897 0.00364556 2.15541e-08
0.403936 0.00364556 2.15342e-08
0.403976 0.00364556 2.15564e-08
0.404016 0.00364556 2.15348e-08
0.404056 0.00364556 2.15535e-08
0.404095 0.00364556 2.15368e-08
0.404135 0.00364556 2.15552e-08
0.404175 0.00364556 2.15331e-08
0.404215 0.00364556 2.15575e-08
0.404254 0.00364556 2.15338e-08
0.404294 0.00364556 2.15545e-08
0.404334 0.00364556 2.15359e-08
0.404374 0.00364556 2.15561e-08
0.404414 0.00364556 2.15322e-08
0.404453 0.00364556 2.15583e-08
0.404493 0.00364556 2.1533e-08
0.404533 0.00364556 2.15553e-08
0.404573 0.00364556 2.15351e-08
0.404612 0.00364556 2.15568e-08
0.404652 0.00364556 2.15315e-08
0.404692 0.00364556 2.1559e-08
0.404732 0.00364556 2.15324e-08
0.404771 0.00364556 2.15559e-08
0.404811 0.00364556 2.15346e-08
0.404851 0.00364556 2.15573e-08
0.404891 0.00364556 2.15311e-08
0.40493 0.00364556 2.15594e-08
0.40497 0.00364556 2.1532e-08
0.40501 0.00364556 2.15562e-08
0.40505 0.00364556 2.15343e-08
0.405089 0.00364556 2.15575e-08
0.405129 0.00364556 2.1531e-08
0.405169 0.00364556 2.15595e-08
0.405209 0.00364556 2.15263e-08
0.405249 0.00364556 2.15551e-08
0.405288 0.00364556 2.15307e-08
0.405328 0.00364556 2.15546e-08
0.405368 0.00364556 2.15285e-08
0.405408 0.00364556 2.15561e-08
0.405447 0.00364556 2.15296e-08
0.405487 0.00364556 2.15531e-08
0.405527 0.00364556 2.15314e-08
0.405567 0.00364556 2.15549e-08
0.405606 0.00364556 2.15278e-08
0.405646 0.00364556 2.15568e-08
0.405686 0.00364556 2.1529e-08
0.405726 0.00364556 2.15588e-08
0.405765 0.00364556 2.15329e-08
0.405805 0.00364556 2.15577e-08
0.405845 0.00364556 2.15316e-08
0.405885 0.00364556 2.15583e-08
0.405924 0.00364556 2.15333e-08
0.405964 0.00364556 2.1555e-08
0.406004 0.00364556 2.15352e-08
0.406044 0.00364556 2.15569e-08
0.406083 0.00364556 2.15314e-08
0.406123 0.00364556 2.15591e-08
0.406163 0.00364556 2.15324e-08
0.406203 0.00364556 2.15556e-08
0.406243 0.00364556 2.15351e-08
0.406282 0.00364556 2.15566e-08
0.406322 0.00364556 2.15321e-08
0.406362 0.00364556 2.15583e-08
0.406402 0.00364556 2.15332e-08
0.406441 0.00364556 2.1555e-08
0.406481 0.00364556 2.15354e-08
0.406521 0.00364556 2.15565e-08
0.406561 0.00364556 2.15319e-08
0.4066 0.00364556 2.15586e-08
0.40664 0.00364556 2.15328e-08
0.40668 0.00364556 2.15553e-08
0.40672 0.00364556 2.15352e-08
0.406759 0.00364556 2.15566e-08
0.406799 0.00364556 2.15319e-08
0.406839 0.00364556 2.15585e-08
0.406879 0.00364556 2.1533e-08
0.406918 0.00364556 2.15551e-08
0.406958 0.00364556 2.15354e-08
0.406998 0.00364556 2.15564e-08
0.407038 0.00364556 2.15321e-08
0.407078 0.00364556 2.15583e-08
0.407117 0.00364556 2.15332e-08
0.407157 0.00364556 2.15548e-08
0.407197 0.00364556 2.15358e-08
0.407237 0.00364556 2.15559e-08
0.407276 0.00364556 2.15327e-08
0.407316 0.00364556 2.15575e-08
0.407356 0.00364556 2.15341e-08
0.407396 0.00364556 2.15538e-08
0.407435 0.00364556 2.15369e-08
0.407475 0.00364556 2.15547e-08
0.407515 0.00364556 2.1534e-08
0.407555 0.00364556 2.15562e-08
0.407594 0.00364556 2.15355e-08
0.407634 0.00364556 2.15524e-08
0.407674 0.00364556 2.15383e-08
0.407714 0.00364556 2.15533e-08
0.407753 0.00364556 2.15354e-08
0.407793 0.00364556 2.15548e-08
0.407833 0.00364556 2.15369e-08
0.407873 0.00364556 2.1551e-08
0.407913 0.00364556 2.15398e-08
0.407952 0.00364556 2.15518e-08
0.407992 0.00364556 2.15369e-08
0.408032 0.00364556 2.15533e-08
0.408072 0.00364556 2.15384e-08
0.408111 0.00364556 2.15495e-08
0.408151 0.00364556 2.15412e-08
0.408191 0.00364556 2.15504e-08
0.408231 0.00364556 2.15383e-08
0.40827 0.00364556 2.15519e-08
0.40831 0.00364556 2.15398e-08
0.40835 0.00364556 2.15482e-08
0.40839 0.00364556 2.15425e-08
0.408429 0.00364556 2.15491e-08
0.408469 0.00364556 2.15396e-08
0.408509 0.00364556 2.15506e-08
0.408549 0.00364556 2.15411e-08
0.408588 0.00364556 2.15468e-08
0.408628 0.00364556 2.15439e-08
0.408668 0.00364556 2.15477e-08
0.408708 0.00364556 2.1541e-08
0.408748 0.00364556 2.15492e-08
0.408787 0.00364556 2.15425e-08
0.408827 0.00364556 2.15454e-08
0.408867 0.00364556 2.15453e-08
0.408907 0.00364556 2.15463e-08
0.408946 0.00364556 2.15424e-08
0.408986 0.00364556 2.15478e-08
0.409026 0.00364556 2.15439e-08
0.409066 0.00364556 2.1544e-08
0.409105 0.00364556 2.15468e-08
0.409145 0.00364556 2.15448e-08
0.409185 0.00364556 2.15439e-08
0.409225 0.00364556 2.15463e-08
0.409264 0.00364556 2.15454e-08
0.409304 0.00364556 2.15425e-08
0.409344 0.00364556 2.15482e-08
0.409384 0.00364556 2.15434e-08
0.409423 0.00364556 2.15454e-08
0.409463 0.00364556 2.15448e-08
0.409503 0.00364556 2.15469e-08
0.409543 0.00364556 2.15411e-08
0.409583 0.00364556 2.15497e-08
0.409622 0.00364556 2.15419e-08
0.409662 0.00364556 2.15468e-08
0.409702 0.00364556 2.15434e-08
0.409742 0.00364556 2.15483e-08
0.409781 0.00364556 2.15397e-08
0.409821 0.00364556 2.15511e-08
0.409861 0.00364556 2.15405e-08
0.409901 0.00364556 2.15481e-08
0.40994 0.00364556 2.15421e-08
0.40998 0.00364556 2.15496e-08
0.41002 0.00364556 2.15384e-08
0.41006 0.00364556 2.15523e-08
0.410099 0.00364556 2.15393e-08
0.410139 0.00364556 2.15494e-08
0.410179 0.00364556 2.15408e-08
0.410219 0.00364556 2.15508e-08
0.410258 0.00364556 2.15371e-08
0.410298 0.00364556 2.15536e-08
0.410338 0.00364556 2.15381e-08
0.410378 0.00364556 2.15506e-08
0.410417 0.00364556 2.15397e-08
0.410457 0.00364556 2.1552e-08
0.410497 0.00364556 2.1536e-08
0.410537 0.00364556 2.15546e-08
0.410577 0.00364556 2.1537e-08
0.410616 0.00364556 2.15516e-08
0.410656 0.00364556 2.15387e-08
0.410696 0.00364556 2.15529e-08
0.410736 0.00364556 2.15351e-08
0.410775 0.00364556 2.15555e-08
0.410815 0.00364556 2.15362e-08
0.410855 0.00364556 2.15524e-08
0.410895 0.00364556 2.15379e-08
0.410934 0.00364556 2.15536e-08
0.410974 0.00364556 2.15344e-08
0.411014 0.00364556 2.15562e-08
0.411054 0.00364556 2.15356e-08
0.411093 0.00364556 2.1553e-08
0.411133 0.00364556 2.15374e-08
0.411173 0.00364556 2.15541e-08
0.411213 0.00364556 2.1534e-08
0.411252 0.00364556 2.15566e-08
0.411292 0.00364556 2.15352e-08
0.411332 0.00364556 2.15533e-08
0.411372 0.00364556 2.15371e-08
0.411412 0.00364556 2.15544e-08
0.411451 0.00364556 2.15337e-08
0.411491 0.00364556 2.15568e-08
0.411531 0.00364556 2.1535e-08
0.411571 0.00364556 2.15535e-08
0.41161 0.00364556 2.15369e-08
0.41165 0.00364556 2.15545e-08
0.41169 0.00364556 2.15336e-08
0.41173 0.00364556 2.15569e-08
0.411769 0.00364556 2.15349e-08
0.411809 0.00364556 2.15536e-08
0.411849 0.00364556 2.15369e-08
0.411889 0.00364556 2.15546e-08
0.411928 0.00364556 2.15335e-08
0.411968 0.00364556 2.1557e-08
0.412008 0.00364556 2.15348e-08
0.412048 0.00364556 2.15537e-08
0.412087 0.00364556 2.15368e-08
0.412127 0.00364556 2.15547e-08
0.412167 0.00364556 2.15335e-08
0.412207 0.00364556 2.1557e-08
0.412247 0.00364556 2.15348e-08
0.412286 0.00364556 2.15537e-08
0.412326 0.00364556 2.15368e-08
0.412366 0.00364556 2.15547e-08
0.412406 0.00364556 2.15335e-08
0.412445 0.00364556 2.1557e-08
0.412485 0.00364556 2.15348e-08
0.412525 0.00364556 2.15536e-08
0.412565 0.00364556 2.15368e-08
0.412604 0.00364556 2.15546e-08
0.412644 0.00364556 2.15336e-08
0.412684 0.00364556 2.15568e-08
0.412724 0.00364556 2.1535e-08
0.412763 0.00364556 2.15534e-08
0.412803 0.00364556 2.15371e-08
0.412843 0.00364556 2.15543e-08
0.412883 0.00364556 2.15339e-08
0.412922 0.00364556 2.15565e-08
0.412962 0.00364556 2.15354e-08
0.413002 0.00364556 2.1553e-08
0.413042 0.00364556 2.15375e-08
0.413082 0.00364556 2.15539e-08
0.413121 0.00364556 2.15344e-08
0.413161 0.00364556 2.1556e-08
0.413201 0.00364556 2.15303e-08
0.413241 0.00364556 2.15514e-08
0.41328 0.00364556 2.15344e-08
0.41332 0.00364556 2.15505e-08
0.41336 0.00364556 2.15325e-08
0.4134 0.00364556 2.15521e-08
0.413439 0.00364556 2.1534e-08
0.413479 0.00364556 2.15489e-08
0.413519 0.00364556 2.15357e-08
0.413559 0.00364556 2.15502e-08
0.413598 0.00364556 2.15323e-08
0.413638 0.00364556 2.15523e-08
0.413678 0.00364556 2.1534e-08
0.413718 0.00364556 2.15484e-08
0.413757 0.00364556 2.15366e-08
0.413797 0.00364556 2.15488e-08
0.413837 0.00364556 2.15339e-08
0.413877 0.00364556 2.15507e-08
0.413917 0.00364556 2.15356e-08
0.413956 0.00364556 2.15527e-08
0.413996 0.00364556 2.15389e-08
0.414036 0.00364556 2.15514e-08
0.414076 0.00364556 2.15376e-08
0.414115 0.00364556 2.15523e-08
0.414155 0.00364556 2.15397e-08
0.414195 0.00364556 2.15488e-08
0.414235 0.00364556 2.15415e-08
0.414274 0.00364556 2.15501e-08
0.414314 0.00364556 2.1538e-08
0.414354 0.00364556 2.15525e-08
0.414394 0.00364556 2.15394e-08
0.414433 0.00364556 2.15489e-08
0.414473 0.00364556 2.15417e-08
0.414513 0.00364556 2.15495e-08
0.414553 0.00364556 2.15388e-08
0.414592 0.00364556 2.15515e-08
0.414632 0.00364556 2.15405e-08
0.414672 0.00364556 2.15479e-08
0.414712 0.00364556 2.15427e-08
0.414751 0.00364556 2.15487e-08
0.414791 0.00364556 2.15396e-08
0.414831 0.00364556 2.15508e-08
0.414871 0.00364556 2.15412e-08
0.414911 0.00364556 2.15471e-08
0.41495 0.00364556 2.15435e-08
0.41499 0.00364556 2.15478e-08
0.41503 0.00364556 2.15406e-08
0.41507 0.00364556 2.15498e-08
0.415109 0.00364556 2.15422e-08
0.415149 0.00364556 2.15462e-08
0.415189 0.00364556 2.15443e-08
0.415229 0.00364556 2.1547e-08
0.415268 0.00364556 2.15412e-08
0.415308 0.00364556 2.15492e-08
0.415348 0.00364556 2.15427e-08
0.415388 0.00364556 2.15456e-08
0.415427 0.00364556 2.1545e-08
0.415467 0.00364556 2.15463e-08
0.415507 0.00364556 2.1542e-08
0.415547 0.00364556 2.15483e-08
0.415586 0.00364556 2.15438e-08
0.415626 0.00364556 2.15445e-08
0.415666 0.00364556 2.15462e-08
0.415706 0.00364556 2.15451e-08
0.415746 0.00364556 2.15433e-08
0.415785 0.00364556 2.1547e-08
0.415825 0.00364556 2.1545e-08
0.415865 0.00364556 2.15432e-08
0.415905 0.00364556 2.15475e-08
0.415944 0.00364556 2.15438e-08
0.415984 0.00364556 2.15446e-08
0.416024 0.00364556 2.15457e-08
0.416064 0.00364556 2.15464e-08
0.416103 0.00364556 2.15419e-08
0.416143 0.00364556 2.15488e-08
0.416183 0.00364556 2.15424e-08
0.416223 0.00364556 2.15459e-08
0.416262 0.00364556 2.15443e-08
0.416302 0.00364556 2.15477e-08
0.416342 0.00364556 2.15406e-08
0.416382 0.00364556 2.155e-08
0.416421 0.00364556 2.15412e-08
0.416461 0.00364556 2.15471e-08
0.416501 0.00364556 2.15432e-08
0.416541 0.00364556 2.15488e-08
0.416581 0.00364556 2.15395e-08
0.41662 0.00364556 2.15511e-08
0.41666 0.00364556 2.15402e-08
0.4167 0.00364556 2.15481e-08
0.41674 0.00364556 2.15422e-08
0.416779 0.00364556 2.15498e-08
0.416819 0.00364556 2.15386e-08
0.416859 0.00364556 2.1552e-08
0.416899 0.00364556 2.15393e-08
0.416938 0.00364556 2.1549e-08
0.416978 0.00364556 2.15413e-08
0.417018 0.00364556 2.15507e-08
0.417058 0.00364556 2.15377e-08
0.417097 0.00364556 2.15529e-08
0.417137 0.00364556 2.15384e-08
0.417177 0.00364556 2.15499e-08
0.417217 0.00364556 2.15405e-08
0.417256 0.00364556 2.15514e-08
0.417296 0.00364556 2.1537e-08
0.417336 0.00364556 2.15536e-08
0.417376 0.00364556 2.15377e-08
0.417416 0.00364556 2.15505e-08
0.417455 0.00364556 2.15399e-08
0.417495 0.00364556 2.15521e-08
0.417535 0.00364556 2.15363e-08
0.417575 0.00364556 2.15543e-08
0.417614 0.00364556 2.15371e-08
0.417654 0.00364556 2.15512e-08
0.417694 0.00364556 2.15392e-08
0.417734 0.00364556 2.15527e-08
0.417773 0.00364556 2.15357e-08
0.417813 0.00364556 2.15549e-08
0.417853 0.00364556 2.15309e-08
0.417893 0.00364556 2.15507e-08
0.417932 0.00364556 2.1535e-08
0.417972 0.00364556 2.15504e-08
0.418012 0.00364556 2.15326e-08
0.418052 0.00364556 2.15521e-08
0.418091 0.00364556 2.15334e-08
0.418131 0.00364556 2.15493e-08
0.418171 0.00364556 2.15351e-08
0.418211 0.00364556 2.15513e-08
0.41825 0.00364556 2.15313e-08
0.41829 0.00364556 2.15535e-08
0.41833 0.00364556 2.15323e-08
0.41837 0.00364556 2.155e-08
0.41841 0.00364556 2.15349e-08
0.418449 0.00364556 2.15511e-08
0.418489 0.00364556 2.15317e-08
0.418529 0.00364556 2.15586e-08
0.418569 0.00364556 2.15338e-08
0.418608 0.00364556 2.15534e-08
0.418648 0.00364556 2.15378e-08
0.418688 0.00364556 2.15537e-08
0.418728 0.00364556 2.15348e-08
0.418767 0.00364556 2.15558e-08
0.418807 0.00364556 2.15354e-08
0.418847 0.00364556 2.15531e-08
0.418887 0.00364556 2.15371e-08
0.418926 0.00364556 2.15548e-08
0.418966 0.00364556 2.15336e-08
0.419006 0.00364556 2.15568e-08
0.419046 0.00364556 2.15348e-08
0.419085 0.00364556 2.15533e-08
0.419125 0.00364556 2.15372e-08
0.419165 0.00364556 2.15546e-08
0.419205 0.00364556 2.15338e-08
0.419245 0.00364556 2.15567e-08
0.419284 0.00364556 2.15347e-08
0.419324 0.00364556 2.15535e-08
0.419364 0.00364556 2.15369e-08
0.419404 0.00364556 2.15549e-08
0.419443 0.00364556 2.15336e-08
0.419483 0.00364556 2.15569e-08
0.419523 0.00364556 2.15346e-08
0.419563 0.00364556 2.15535e-08
0.419602 0.00364556 2.1537e-08
0.419642 0.00364556 2.15548e-08
0.419682 0.00364556 2.15337e-08
0.419722 0.00364556 2.15568e-08
0.419761 0.00364556 2.15347e-08
0.419801 0.00364556 2.15535e-08
0.419841 0.00364556 2.1537e-08
0.419881 0.00364556 2.15549e-08
0.41992 0.00364556 2.15336e-08
0.41996 0.00364556 2.15568e-08
0.42 0.00364556 2.15347e-08
0.42004 0.00364556 2.15534e-08
0.42008 0.00364556 2.15372e-08
0.420119 0.00364556 2.15546e-08
0.420159 0.00364556 2.1534e-08
0.420199 0.00364556 2.15563e-08
0.420239 0.00364556 2.15353e-08
0.420278 0.00364556 2.15528e-08
0.420318 0.00364556 2.15378e-08
0.420358 0.00364556 2.15539e-08
0.420398 0.00364556 2.15347e-08
0.420437 0.00364556 2.15556e-08
0.420477 0.00364556 2.1536e-08
0.420517 0.00364556 2.1552e-08
0.420557 0.00364556 2.15386e-08
0.420596 0.00364556 2.15531e-08
0.420636 0.00364556 2.15356e-08
0.420676 0.00364556 2.15547e-08
0.420716 0.00364556 2.15369e-08
0.420755 0.00364556 2.15511e-08
0.420795 0.00364556 2.15395e-08
0.420835 0.00364556 2.15522e-08
0.420875 0.00364556 2.15365e-08
0.420915 0.00364556 2.15538e-08
0.420954 0.00364556 2.15378e-08
0.420994 0.00364556 2.15502e-08
0.421034 0.00364556 2.15404e-08
0.421074 0.00364556 2.15513e-08
0.421113 0.00364556 2.15373e-08
0.421153 0.00364556 2.1553e-08
0.421193 0.00364556 2.15386e-08
0.421233 0.00364556 2.15494e-08
0.421272 0.00364556 2.15413e-08
0.421312 0.00364556 2.15504e-08
0.421352 0.00364556 2.15383e-08
0.421392 0.00364556 2.1552e-08
0.421431 0.00364556 2.15396e-08
0.421471 0.00364556 2.15483e-08
0.421511 0.00364556 2.15423e-08
0.421551 0.00364556 2.15493e-08
0.42159 0.00364556 2.15394e-08
0.42163 0.00364556 2.15509e-08
0.42167 0.00364556 2.15408e-08
0.42171 0.00364556 2.15472e-08
0.42175 0.00364556 2.15435e-08
0.421789 0.00364556 2.15482e-08
0.421829 0.00364556 2.15405e-08
0.421869 0.00364556 2.15498e-08
0.421909 0.00364556 2.15419e-08
0.421948 0.00364556 2.15461e-08
0.421988 0.00364556 2.15446e-08
0.422028 0.00364556 2.1547e-08
0.422068 0.00364556 2.15416e-08
0.422107 0.00364556 2.15486e-08
0.422147 0.00364556 2.1543e-08
0.422187 0.00364556 2.15449e-08
0.422227 0.00364556 2.15458e-08
0.422266 0.00364556 2.15459e-08
0.422306 0.00364556 2.15428e-08
0.422346 0.00364556 2.15474e-08
0.422386 0.00364556 2.15442e-08
0.422425 0.00364556 2.15437e-08
0.422465 0.00364556 2.15469e-08
0.422505 0.00364556 2.15447e-08
0.422545 0.00364556 2.1544e-08
0.422584 0.00364556 2.15463e-08
0.422624 0.00364556 2.15454e-08
0.422664 0.00364556 2.15426e-08
0.422704 0.00364556 2.15481e-08
0.422744 0.00364556 2.15436e-08
0.422783 0.00364556 2.15451e-08
0.422823 0.00364556 2.15452e-08
0.422863 0.00364556 2.15465e-08
0.422903 0.00364556 2.15415e-08
0.422942 0.00364556 2.15492e-08
0.422982 0.00364556 2.15425e-08
0.423022 0.00364556 2.15462e-08
0.423062 0.00364556 2.15441e-08
0.423101 0.00364556 2.15475e-08
0.423141 0.00364556 2.15404e-08
0.423181 0.00364556 2.15502e-08
0.423221 0.00364556 2.15414e-08
0.42326 0.00364556 2.15472e-08
0.4233 0.00364556 2.15431e-08
0.42334 0.00364556 2.15485e-08
0.42338 0.00364556 2.15395e-08
0.423419 0.00364556 2.15512e-08
0.423459 0.00364556 2.15405e-08
0.423499 0.00364556 2.15481e-08
0.423539 0.00364556 2.15422e-08
0.423579 0.00364556 2.15494e-08
0.423618 0.00364556 2.15386e-08
0.423658 0.00364556 2.1552e-08
0.423698 0.00364556 2.15396e-08
0.423738 0.00364556 2.1549e-08
0.423777 0.00364556 2.15414e-08
0.423817 0.00364556 2.15502e-08
0.423857 0.00364556 2.15379e-08
0.423897 0.00364556 2.15528e-08
0.423936 0.00364556 2.1539e-08
0.423976 0.00364556 2.15496e-08
0.424016 0.00364556 2.15407e-08
0.424056 0.00364556 2.15508e-08
0.424095 0.00364556 2.15373e-08
0.424135 0.00364556 2.15533e-08
0.424175 0.00364556 2.15384e-08
0.424215 0.00364556 2.15501e-08
0.424254 0.00364556 2.15402e-08
0.424294 0.00364556 2.15513e-08
0.424334 0.00364556 2.15368e-08
0.424374 0.00364556 2.15538e-08
0.424414 0.00364556 2.1538e-08
0.424453 0.00364556 2.15506e-08
0.424493 0.00364556 2.15398e-08
0.424533 0.00364556 2.15517e-08
0.424573 0.00364556 2.15364e-08
0.424612 0.00364556 2.15542e-08
0.424652 0.00364556 2.15376e-08
0.424692 0.00364556 2.15509e-08
0.424732 0.00364556 2.15395e-08
0.424771 0.00364556 2.1552e-08
0.424811 0.00364556 2.15361e-08
0.424851 0.00364556 2.15545e-08
0.424891 0.00364556 2.15373e-08
0.42493 0.00364556 2.15512e-08
0.42497 0.00364556 2.15392e-08
0.42501 0.00364556 2.15523e-08
0.42505 0.00364556 2.15358e-08
0.425089 0.00364556 2.15547e-08
0.425129 0.00364556 2.15371e-08
0.425169 0.00364556 2.15515e-08
0.425209 0.00364556 2.1539e-08
0.425249 0.00364556 2.15525e-08
0.425288 0.00364556 2.15356e-08
0.425328 0.00364556 2.15549e-08
0.425368 0.00364556 2.15369e-08
0.425408 0.00364556 2.15516e-08
0.425447 0.00364556 2.15388e-08
0.425487 0.00364556 2.15526e-08
0.425527 0.00364556 2.15355e-08
0.425567 0.00364556 2.1555e-08
0.425606 0.00364556 2.15369e-08
0.425646 0.00364556 2.15516e-08
0.425686 0.00364556 2.15388e-08
0.425726 0.00364556 2.15526e-08
0.425765 0.00364556 2.15356e-08
0.425805 0.00364556 2.15549e-08
0.425845 0.00364556 2.15369e-08
0.425885 0.00364556 2.15515e-08
0.425924 0.00364556 2.1539e-08
0.425964 0.00364556 2.15525e-08
0.426004 0.00364556 2.15357e-08
0.426044 0.00364556 2.15547e-08
0.426083 0.00364556 2.15371e-08
0.426123 0.00364556 2.15513e-08
0.426163 0.00364556 2.15392e-08
0.426203 0.00364556 2.15522e-08
0.426243 0.00364556 2.1536e-08
0.426282 0.00364556 2.15544e-08
0.426322 0.00364556 2.15374e-08
0.426362 0.00364556 2.1551e-08
0.426402 0.00364556 2.15395e-08
0.426441 0.00364556 2.15519e-08
0.426481 0.00364556 2.15364e-08
0.426521 0.00364556 2.1554e-08
0.426561 0.00364556 2.15379e-08
0.4266 0.00364556 2.15506e-08
0.42664 0.00364556 2.154e-08
0.42668 0.00364556 2.15514e-08
0.42672 0.00364556 2.15368e-08
0.426759 0.00364556 2.15536e-08
0.426799 0.00364556 2.15384e-08
0.426839 0.00364556 2.155e-08
0.426879 0.00364556 2.15405e-08
0.426918 0.00364556 2.15508e-08
0.426958 0.00364556 2.15374e-08
0.426998 0.00364556 2.1553e-08
0.427038 0.00364556 2.15389e-08
0.427078 0.00364556 2.15494e-08
0.427117 0.00364556 2.15411e-08
0.427157 0.00364556 2.15502e-08
0.427197 0.00364556 2.15381e-08
0.427237 0.00364556 2.15523e-08
0.427276 0.00364556 2.15396e-08
0.427316 0.00364556 2.15487e-08
0.427356 0.00364556 2.15418e-08
0.427396 0.00364556 2.15495e-08
0.427435 0.00364556 2.15388e-08
0.427475 0.00364556 2.15516e-08
0.427515 0.00364556 2.15404e-08
0.427555 0.00364556 2.1548e-08
0.427594 0.00364556 2.15426e-08
0.427634 0.00364556 2.15487e-08
0.427674 0.00364556 2.15339e-08
0.427714 0.00364556 2.15497e-08
0.427753 0.00364556 2.15375e-08
0.427793 0.00364556 2.15443e-08
0.427833 0.00364556 2.15409e-08
0.427873 0.00364556 2.15446e-08
0.427913 0.00364556 2.15379e-08
0.427952 0.00364556 2.1547e-08
0.427992 0.00364556 2.15389e-08
0.428032 0.00364556 2.15439e-08
0.428072 0.00364556 2.15409e-08
0.428111 0.00364556 2.15447e-08
0.428151 0.00364556 2.1538e-08
0.428191 0.00364556 2.15464e-08
0.428231 0.00364556 2.154e-08
0.42827 0.00364556 2.15425e-08
0.42831 0.00364556 2.15425e-08
0.42835 0.00364556 2.1543e-08
0.42839 0.00364556 2.15396e-08
0.428429 0.00364556 2.1545e-08
0.428469 0.00364556 2.15412e-08
0.428509 0.00364556 2.15414e-08
0.428549 0.00364556 2.15434e-08
0.428588 0.00364556 2.15422e-08
0.428628 0.00364556 2.15404e-08
0.428668 0.00364556 2.15442e-08
0.428708 0.00364556 2.1542e-08
0.428748 0.00364556 2.15406e-08
0.428787 0.00364556 2.15442e-08
0.428827 0.00364556 2.15415e-08
0.428867 0.00364556 2.1541e-08
0.428907 0.00364556 2.15438e-08
0.428946 0.00364556 2.15424e-08
0.428986 0.00364556 2.15404e-08
0.429026 0.00364556 2.15443e-08
0.429066 0.00364556 2.15414e-08
0.429105 0.00364556 2.15411e-08
0.429145 0.00364556 2.15436e-08
0.429185 0.00364556 2.15426e-08
0.429225 0.00364556 2.15401e-08
0.429264 0.00364556 2.15448e-08
0.429304 0.00364556 2.15408e-08
0.429344 0.00364556 2.15417e-08
0.429384 0.00364556 2.15429e-08
0.429423 0.00364556 2.15433e-08
0.429463 0.00364556 2.15393e-08
0.429503 0.00364556 2.15456e-08
0.429543 0.00364556 2.154e-08
0.429583 0.00364556 2.15426e-08
0.429622 0.00364556 2.15421e-08
0.429662 0.00364556 2.15442e-08
0.429702 0.00364556 2.15384e-08
0.429742 0.00364556 2.15465e-08
0.429781 0.00364556 2.15391e-08
0.429821 0.00364556 2.15435e-08
0.429861 0.00364556 2.15412e-08
0.429901 0.00364556 2.15451e-08
0.42994 0.00364556 2.15375e-08
0.42998 0.00364556 2.15473e-08
0.43002 0.00364556 2.15383e-08
0.43006 0.00364556 2.15443e-08
0.430099 0.00364556 2.15404e-08
0.430139 0.00364556 2.15459e-08
0.430179 0.00364556 2.15368e-08
0.430219 0.00364556 2.15537e-08
0.430258 0.00364556 2.15387e-08
0.430298 0.00364556 2.15486e-08
0.430338 0.00364556 2.15425e-08
0.430378 0.00364556 2.1549e-08
0.430417 0.00364556 2.15395e-08
0.430457 0.00364556 2.15512e-08
0.430497 0.00364556 2.15399e-08
0.430537 0.00364556 2.15486e-08
0.430577 0.00364556 2.15416e-08
0.430616 0.00364556 2.15504e-08
0.430656 0.00364556 2.1538e-08
0.430696 0.00364556 2.15524e-08
0.430736 0.00364556 2.15392e-08
0.430775 0.00364556 2.15489e-08
0.430815 0.00364556 2.15417e-08
0.430855 0.00364556 2.15501e-08
0.430895 0.00364556 2.15384e-08
0.430934 0.00364556 2.15521e-08
0.430974 0.00364556 2.15393e-08
0.431014 0.00364556 2.1549e-08
0.431054 0.00364556 2.15414e-08
0.431093 0.00364556 2.15505e-08
0.431133 0.00364556 2.15379e-08
0.431173 0.00364556 2.15527e-08
0.431213 0.00364556 2.15387e-08
0.431252 0.00364556 2.15495e-08
0.431292 0.00364556 2.15409e-08
0.431332 0.00364556 2.15511e-08
0.431372 0.00364556 2.15372e-08
0.431412 0.00364556 2.15534e-08
0.431451 0.00364556 2.15379e-08
0.431491 0.00364556 2.15505e-08
0.431531 0.00364556 2.15398e-08
0.431571 0.00364556 2.15522e-08
0.43161 0.00364556 2.15361e-08
0.43165 0.00364556 2.15545e-08
0.43169 0.00364556 2.15369e-08
0.43173 0.00364556 2.15514e-08
0.431769 0.00364556 2.15391e-08
0.431809 0.00364556 2.15528e-08
0.431849 0.00364556 2.15356e-08
0.431889 0.00364556 2.15548e-08
0.431928 0.00364556 2.15366e-08
0.431968 0.00364556 2.15516e-08
0.432008 0.00364556 2.15389e-08
0.432048 0.00364556 2.15529e-08
0.432087 0.00364556 2.15356e-08
0.432127 0.00364556 2.15548e-08
0.432167 0.00364556 2.15367e-08
0.432207 0.00364556 2.15515e-08
0.432247 0.00364556 2.1539e-08
0.432286 0.00364556 2.15528e-08
0.432326 0.00364556 2.15358e-08
0.432366 0.00364556 2.15547e-08
0.432406 0.00364556 2.15369e-08
0.432445 0.00364556 2.15513e-08
0.432485 0.00364556 2.15393e-08
0.432525 0.00364556 2.15525e-08
0.432565 0.00364556 2.1536e-08
0.432604 0.00364556 2.15544e-08
0.432644 0.00364556 2.15371e-08
0.432684 0.00364556 2.1551e-08
0.432724 0.00364556 2.15395e-08
0.432763 0.00364556 2.15523e-08
0.432803 0.00364556 2.15362e-08
0.432843 0.00364556 2.15542e-08
0.432883 0.00364556 2.15373e-08
0.432922 0.00364556 2.15508e-08
0.432962 0.00364556 2.15397e-08
0.433002 0.00364556 2.15521e-08
0.433042 0.00364556 2.15365e-08
0.433082 0.00364556 2.15539e-08
0.433121 0.00364556 2.15376e-08
0.433161 0.00364556 2.15505e-08
0.433201 0.00364556 2.15401e-08
0.433241 0.00364556 2.15517e-08
0.43328 0.00364556 2.15369e-08
0.43332 0.00364556 2.15535e-08
0.43336 0.00364556 2.1538e-08
0.4334 0.00364556 2.155e-08
0.433439 0.00364556 2.15406e-08
0.433479 0.00364556 2.15512e-08
0.433519 0.00364556 2.15374e-08
0.433559 0.00364556 2.15529e-08
0.433598 0.00364556 2.15386e-08
0.433638 0.00364556 2.15494e-08
0.433678 0.00364556 2.15412e-08
0.433718 0.00364556 2.15505e-08
0.433757 0.00364556 2.15381e-08
0.433797 0.00364556 2.15522e-08
0.433837 0.00364556 2.15394e-08
0.433877 0.00364556 2.15486e-08
0.433917 0.00364556 2.1542e-08
0.433956 0.00364556 2.15497e-08
0.433996 0.00364556 2.15389e-08
0.434036 0.00364556 2.15514e-08
0.434076 0.00364556 2.15402e-08
0.434115 0.00364556 2.15478e-08
0.434155 0.00364556 2.15428e-08
0.434195 0.00364556 2.15489e-08
0.434235 0.00364556 2.15397e-08
0.434274 0.00364556 2.15506e-08
0.434314 0.00364556 2.15409e-08
0.434354 0.00364556 2.15471e-08
0.434394 0.00364556 2.15435e-08
0.434433 0.00364556 2.15482e-08
0.434473 0.00364556 2.15404e-08
0.434513 0.00364556 2.155e-08
0.434553 0.00364556 2.15416e-08
0.434592 0.00364556 2.15464e-08
0.434632 0.00364556 2.15442e-08
0.434672 0.00364556 2.15475e-08
0.434712 0.00364556 2.15411e-08
0.434751 0.00364556 2.15493e-08
0.434791 0.00364556 2.15423e-08
0.434831 0.00364556 2.15457e-08
0.434871 0.00364556 2.15449e-08
0.434911 0.00364556 2.15468e-08
0.43495 0.00364556 2.15418e-08
0.43499 0.00364556 2.15485e-08
0.43503 0.00364556 2.15431e-08
0.43507 0.00364556 2.15449e-08
0.435109 0.00364556 2.15457e-08
0.435149 0.00364556 2.1546e-08
0.435189 0.00364556 2.15426e-08
0.435229 0.00364556 2.15477e-08
0.435268 0.00364556 2.15439e-08
0.435308 0.00364556 2.15441e-08
0.435348 0.00364556 2.15465e-08
0.435388 0.00364556 2.15451e-08
0.435427 0.00364556 2.15435e-08
0.435467 0.00364556 2.15468e-08
0.435507 0.00364556 2.15448e-08
0.435547 0.00364556 2.15433e-08
0.435586 0.00364556 2.15474e-08
0.435626 0.00364556 2.15443e-08
0.435666 0.00364556 2.15443e-08
0.435706 0.00364556 2.15461e-08
0.435746 0.00364556 2.15455e-08
0.435785 0.00364556 2.15425e-08
0.435825 0.00364556 2.15481e-08
0.435865 0.00364556 2.15436e-08
0.435905 0.00364556 2.15449e-08
0.435944 0.00364556 2.15454e-08
0.435984 0.00364556 2.15461e-08
0.436024 0.00364556 2.15419e-08
0.436064 0.00364556 2.15487e-08
0.436103 0.00364556 2.15431e-08
0.436143 0.00364556 2.15455e-08
0.436183 0.00364556 2.15449e-08
0.436223 0.00364556 2.15467e-08
0.436262 0.00364556 2.15414e-08
0.436302 0.00364556 2.15492e-08
0.436342 0.00364556 2.15425e-08
0.436382 0.00364556 2.1546e-08
0.436421 0.00364556 2.15443e-08
0.436461 0.00364556 2.15472e-08
0.436501 0.00364556 2.15409e-08
0.436541 0.00364556 2.15497e-08
0.436581 0.00364556 2.1542e-08
0.43662 0.00364556 2.15466e-08
0.43666 0.00364556 2.15438e-08
0.4367 0.00364556 2.15477e-08
0.43674 0.00364556 2.15403e-08
0.436779 0.00364556 2.15503e-08
0.436819 0.00364556 2.15415e-08
0.436859 0.00364556 2.15471e-08
0.436899 0.00364556 2.15433e-08
0.436938 0.00364556 2.15483e-08
0.436978 0.00364556 2.15398e-08
0.437018 0.00364556 2.15508e-08
0.437058 0.00364556 2.15409e-08
0.437097 0.00364556 2.15477e-08
0.437137 0.00364556 2.15427e-08
0.437177 0.00364556 2.15488e-08
0.437217 0.00364556 2.15392e-08
0.437256 0.00364556 2.15513e-08
0.437296 0.00364556 2.15404e-08
0.437336 0.00364556 2.15481e-08
0.437376 0.00364556 2.15422e-08
0.437416 0.00364556 2.15493e-08
0.437455 0.00364556 2.15388e-08
0.437495 0.00364556 2.15518e-08
0.437535 0.00364556 2.154e-08
0.437575 0.00364556 2.15486e-08
0.437614 0.00364556 2.15418e-08
0.437654 0.00364556 2.15497e-08
0.437694 0.00364556 2.15384e-08
0.437734 0.00364556 2.15521e-08
0.437773 0.00364556 2.15397e-08
0.437813 0.00364556 2.15489e-08
0.437853 0.00364556 2.15415e-08
0.437893 0.00364556 2.155e-08
0.437932 0.00364556 2.15382e-08
0.437972 0.00364556 2.15524e-08
0.438012 0.00364556 2.15394e-08
0.438052 0.00364556 2.15491e-08
0.438091 0.00364556 2.15413e-08
0.438131 0.00364556 2.15502e-08
0.438171 0.00364556 2.15379e-08
0.438211 0.00364556 2.15526e-08
0.43825 0.00364556 2.15392e-08
0.43829 0.00364556 2.15493e-08
0.43833 0.00364556 2.15411e-08
0.43837 0.00364556 2.15503e-08
0.43841 0.00364556 2.15378e-08
0.438449 0.00364556 2.15527e-08
0.438489 0.00364556 2.15391e-08
0.438529 0.00364556 2.15494e-08
0.438569 0.00364556 2.15411e-08
0.438608 0.00364556 2.15504e-08
0.438648 0.00364556 2.15378e-08
0.438688 0.00364556 2.15527e-08
0.438728 0.00364556 2.15391e-08
0.438767 0.00364556 2.15494e-08
0.438807 0.00364556 2.15411e-08
0.438847 0.00364556 2.15503e-08
0.438887 0.00364556 2.15378e-08
0.438926 0.00364556 2.15526e-08
0.438966 0.00364556 2.15392e-08
0.439006 0.00364556 2.15492e-08
0.439046 0.00364556 2.15412e-08
0.439085 0.00364556 2.15502e-08
0.439125 0.00364556 2.1538e-08
0.439165 0.00364556 2.15524e-08
0.439205 0.00364556 2.15394e-08
0.439245 0.00364556 2.1549e-08
0.439284 0.00364556 2.15415e-08
0.439324 0.00364556 2.15499e-08
0.439364 0.00364556 2.15383e-08
0.439404 0.00364556 2.15522e-08
0.439443 0.00364556 2.15397e-08
0.439483 0.00364556 2.15487e-08
0.439523 0.00364556 2.15418e-08
0.439563 0.00364556 2.15496e-08
0.439602 0.00364556 2.15386e-08
0.439642 0.00364556 2.15518e-08
0.439682 0.00364556 2.15401e-08
0.439722 0.00364556 2.15483e-08
0.439761 0.00364556 2.15422e-08
0.439801 0.00364556 2.15492e-08
0.439841 0.00364556 2.1539e-08
0.439881 0.00364556 2.15514e-08
0.43992 0.00364556 2.15405e-08
0.43996 0.00364556 2.15479e-08
0.44 0.00364556 2.15426e-08
0.44004 0.00364556 2.15488e-08
0.44008 0.00364556 2.15395e-08
0.440119 0.00364556 2.15509e-08
0.440159 0.00364556 2.1541e-08
0.440199 0.00364556 2.15474e-08
0.440239 0.00364556 2.15431e-08
0.440278 0.00364556 2.15483e-08
0.440318 0.00364556 2.154e-08
0.440358 0.00364556 2.15504e-08
0.440398 0.00364556 2.15415e-08
0.440437 0.00364556 2.15469e-08
0.440477 0.00364556 2.15437e-08
0.440517 0.00364556 2.15477e-08
0.440557 0.00364556 2.15405e-08
0.440596 0.00364556 2.15499e-08
0.440636 0.00364556 2.15421e-08
0.440676 0.00364556 2.15463e-08
0.440716 0.00364556 2.15442e-08
0.440755 0.00364556 2.15471e-08
0.440795 0.00364556 2.15412e-08
0.440835 0.00364556 2.15492e-08
0.440875 0.00364556 2.15427e-08
0.440915 0.00364556 2.15457e-08
0.440954 0.00364556 2.15449e-08
0.440994 0.00364556 2.15465e-08
0.441034 0.00364556 2.15418e-08
0.441074 0.00364556 2.15486e-08
0.441113 0.00364556 2.15433e-08
0.441153 0.00364556 2.15451e-08
0.441193 0.00364556 2.15455e-08
0.441233 0.00364556 2.15459e-08
0.441272 0.00364556 2.15424e-08
0.441312 0.00364556 2.1548e-08
0.441352 0.00364556 2.15439e-08
0.441392 0.00364556 2.15444e-08
0.441431 0.00364556 2.15461e-08
0.441471 0.00364556 2.15452e-08
0.441511 0.00364556 2.1543e-08
0.441551 0.00364556 2.15474e-08
0.44159 0.00364556 2.15446e-08
0.44163 0.00364556 2.15438e-08
0.44167 0.00364556 2.15467e-08
0.44171 0.00364556 2.15446e-08
0.44175 0.00364556 2.15436e-08
0.441789 0.00364556 2.15468e-08
0.441829 0.00364556 2.15451e-08
0.441869 0.00364556 2.15433e-08
0.441909 0.00364556 2.15473e-08
0.441948 0.00364556 2.15441e-08
0.441988 0.00364556 2.15442e-08
0.442028 0.00364556 2.15462e-08
0.442068 0.00364556 2.15457e-08
0.442107 0.00364556 2.15427e-08
0.442147 0.00364556 2.15479e-08
0.442187 0.00364556 2.15435e-08
0.442227 0.00364556 2.15447e-08
0.442266 0.00364556 2.15457e-08
0.442306 0.00364556 2.15463e-08
0.442346 0.00364556 2.15421e-08
0.442386 0.00364556 2.15484e-08
0.442425 0.00364556 2.1543e-08
0.442465 0.00364556 2.15453e-08
0.442505 0.00364556 2.15451e-08
0.442545 0.00364556 2.15468e-08
0.442584 0.00364556 2.15416e-08
0.442624 0.00364556 2.15489e-08
0.442664 0.00364556 2.15424e-08
0.442704 0.00364556 2.15458e-08
0.442744 0.00364556 2.15446e-08
0.442783 0.00364556 2.15473e-08
0.442823 0.00364556 2.15411e-08
0.442863 0.00364556 2.15494e-08
0.442903 0.00364556 2.1542e-08
0.442942 0.00364556 2.15463e-08
0.442982 0.00364556 2.15441e-08
0.443022 0.00364556 2.15478e-08
0.443062 0.00364556 2.15406e-08
0.443101 0.00364556 2.15499e-08
0.443141 0.00364556 2.15415e-08
0.443181 0.00364556 2.15467e-08
0.443221 0.00364556 2.15437e-08
0.44326 0.00364556 2.15482e-08
0.4433 0.00364556 2.15402e-08
0.44334 0.00364556 2.15503e-08
0.44338 0.00364556 2.15411e-08
0.443419 0.00364556 2.15472e-08
0.443459 0.00364556 2.15433e-08
0.443499 0.00364556 2.15486e-08
0.443539 0.00364556 2.15398e-08
0.443579 0.00364556 2.15507e-08
0.443618 0.00364556 2.15407e-08
0.443658 0.00364556 2.15475e-08
0.443698 0.00364556 2.15429e-08
0.443738 0.00364556 2.1549e-08
0.443777 0.00364556 2.15395e-08
0.443817 0.00364556 2.15511e-08
0.443857 0.00364556 2.15404e-08
0.443897 0.00364556 2.15479e-08
0.443936 0.00364556 2.15426e-08
0.443976 0.00364556 2.15493e-08
0.444016 0.00364556 2.15392e-08
0.444056 0.00364556 2.15513e-08
0.444095 0.00364556 2.15401e-08
0.444135 0.00364556 2.15481e-08
0.444175 0.00364556 2.15423e-08
0.444215 0.00364556 2.15495e-08
0.444254 0.00364556 2.15389e-08
0.444294 0.00364556 2.15516e-08
0.444334 0.00364556 2.15399e-08
0.444374 0.00364556 2.15483e-08
0.444414 0.00364556 2.15421e-08
0.444453 0.00364556 2.15497e-08
0.444493 0.00364556 2.15388e-08
0.444533 0.00364556 2.15517e-08
0.444573 0.00364556 2.15397e-08
0.444612 0.00364556 2.15485e-08
0.444652 0.00364556 2.1542e-08
0.444692 0.00364556 2.15498e-08
0.444732 0.00364556 2.15387e-08
0.444771 0.00364556 2.15518e-08
0.444811 0.00364556 2.15396e-08
0.444851 0.00364556 2.15485e-08
0.444891 0.00364556 2.1542e-08
0.44493 0.00364556 2.15499e-08
0.44497 0.00364556 2.15386e-08
0.44501 0.00364556 2.15518e-08
0.44505 0.00364556 2.15396e-08
0.445089 0.00364556 2.15485e-08
0.445129 0.00364556 2.1542e-08
0.445169 0.00364556 2.15498e-08
0.445209 0.00364556 2.15387e-08
0.445249 0.00364556 2.15518e-08
0.445288 0.00364556 2.15397e-08
0.445328 0.00364556 2.15484e-08
0.445368 0.00364556 2.15421e-08
0.445408 0.00364556 2.15497e-08
0.445447 0.00364556 2.15388e-08
0.445487 0.00364556 2.15517e-08
0.445527 0.00364556 2.15398e-08
0.445567 0.00364556 2.15483e-08
0.445606 0.00364556 2.15422e-08
0.445646 0.00364556 2.15496e-08
0.445686 0.00364556 2.15389e-08
0.445726 0.00364556 2.15515e-08
0.445765 0.00364556 2.154e-08
0.445805 0.00364556 2.15481e-08
0.445845 0.00364556 2.15424e-08
0.445885 0.00364556 2.15493e-08
0.445924 0.00364556 2.15392e-08
0.445964 0.00364556 2.15512e-08
0.446004 0.00364556 2.15403e-08
0.446044 0.00364556 2.15478e-08
0.446083 0.00364556 2.15427e-08
0.446123 0.00364556 2.15491e-08
0.446163 0.00364556 2.15395e-08
0.446203 0.00364556 2.15509e-08
0.446243 0.00364556 2.15406e-08
0.446282 0.00364556 2.15475e-08
0.446322 0.00364556 2.15431e-08
0.446362 0.00364556 2.15487e-08
0.446402 0.00364556 2.15398e-08
0.446441 0.00364556 2.15506e-08
0.446481 0.00364556 2.1541e-08
0.446521 0.00364556 2.15471e-08
0.446561 0.00364556 2.15434e-08
0.4466 0.00364556 2.15483e-08
0.44664 0.00364556 2.15402e-08
0.44668 0.00364556 2.15502e-08
0.44672 0.00364556 2.15414e-08
0.446759 0.00364556 2.15467e-08
0.446799 0.00364556 2.15439e-08
0.446839 0.00364556 2.15479e-08
0.446879 0.00364556 2.15407e-08
0.446918 0.00364556 2.15497e-08
0.446958 0.00364556 2.15418e-08
0.446998 0.00364556 2.15463e-08
0.447038 0.00364556 2.15443e-08
0.447078 0.00364556 2.15474e-08
0.447117 0.00364556 2.15411e-08
0.447157 0.00364556 2.15493e-08
0.447197 0.00364556 2.15423e-08
0.447237 0.00364556 2.15458e-08
0.447276 0.00364556 2.15448e-08
0.447316 0.00364556 2.1547e-08
0.447356 0.00364556 2.15416e-08
0.447396 0.00364556 2.15488e-08
0.447435 0.00364556 2.15428e-08
0.447475 0.00364556 2.15453e-08
0.447515 0.00364556 2.15453e-08
0.447555 0.00364556 2.15465e-08
0.447594 0.00364556 2.15421e-08
0.447634 0.00364556 2.15483e-08
0.447674 0.00364556 2.15433e-08
0.447714 0.00364556 2.15448e-08
0.447753 0.00364556 2.15458e-08
0.447793 0.00364556 2.1546e-08
0.447833 0.00364556 2.15426e-08
0.447873 0.00364556 2.15478e-08
0.447913 0.00364556 2.15437e-08
0.447952 0.00364556 2.15443e-08
0.447992 0.00364556 2.15462e-08
0.448032 0.00364556 2.15455e-08
0.448072 0.00364556 2.15431e-08
0.448111 0.00364556 2.15473e-08
0.448151 0.00364556 2.15442e-08
0.448191 0.00364556 2.15439e-08
0.448231 0.00364556 2.15467e-08
0.44827 0.00364556 2.1545e-08
0.44831 0.00364556 2.15435e-08
0.44835 0.00364556 2.15468e-08
0.44839 0.00364556 2.15447e-08
0.448429 0.00364556 2.15434e-08
0.448469 0.00364556 2.15472e-08
0.448509 0.00364556 2.15446e-08
0.448549 0.00364556 2.1544e-08
0.448588 0.00364556 2.15464e-08
0.448628 0.00364556 2.15452e-08
0.448668 0.00364556 2.15429e-08
0.448708 0.00364556 2.15476e-08
0.448748 0.00364556 2.15441e-08
0.448787 0.00364556 2.15445e-08
0.448827 0.00364556 2.15459e-08
0.448867 0.00364556 2.15456e-08
0.448907 0.00364556 2.15425e-08
0.448946 0.00364556 2.15481e-08
0.448986 0.00364556 2.15437e-08
0.449026 0.00364556 2.15449e-08
0.449066 0.00364556 2.15455e-08
0.449105 0.00364556 2.1546e-08
0.449145 0.00364556 2.15421e-08
0.449185 0.00364556 2.15485e-08
0.449225 0.00364556 2.15433e-08
0.449264 0.00364556 2.15453e-08
0.449304 0.00364556 2.15451e-08
0.449344 0.00364556 2.15464e-08
0.449384 0.00364556 2.15417e-08
0.449423 0.00364556 2.15489e-08
0.449463 0.00364556 2.15429e-08
0.449503 0.00364556 2.15457e-08
0.449543 0.00364556 2.15447e-08
0.449583 0.00364556 2.15468e-08
0.449622 0.00364556 2.15413e-08
0.449662 0.00364556 2.15493e-08
0.449702 0.00364556 2.15425e-08
0.449742 0.00364556 2.1546e-08
0.449781 0.00364556 2.15444e-08
0.449821 0.00364556 2.15471e-08
0.449861 0.00364556 2.1541e-08
0.449901 0.00364556 2.15496e-08
0.44994 0.00364556 2.15422e-08
0.44998 0.00364556 2.15463e-08
0.45002 0.00364556 2.15441e-08
0.45006 0.00364556 2.15474e-08
0.450099 0.00364556 2.15407e-08
0.450139 0.00364556 2.15499e-08
0.450179 0.00364556 2.15419e-08
0.450219 0.00364556 2.15466e-08
0.450258 0.00364556 2.15438e-08
0.450298 0.00364556 2.15477e-08
0.450338 0.00364556 2.15405e-08
0.450378 0.00364556 2.15501e-08
0.450417 0.00364556 2.15417e-08
0.450457 0.00364556 2.15468e-08
0.450497 0.00364556 2.15436e-08
0.450537 0.00364556 2.15479e-08
0.450577 0.00364556 2.15403e-08
0.450616 0.00364556 2.15503e-08
0.450656 0.00364556 2.15415e-08
0.450696 0.00364556 2.1547e-08
0.450736 0.00364556 2.15435e-08
0.450775 0.00364556 2.1548e-08
0.450815 0.00364556 2.15401e-08
0.450855 0.00364556 2.15504e-08
0.450895 0.00364556 2.15414e-08
0.450934 0.00364556 2.15471e-08
0.450974 0.00364556 2.15433e-08
0.451014 0.00364556 2.15481e-08
0.451054 0.00364556 2.154e-08
0.451093 0.00364556 2.15505e-08
0.451133 0.00364556 2.15413e-08
0.451173 0.00364556 2.15472e-08
0.451213 0.00364556 2.15433e-08
0.451252 0.00364556 2.15482e-08
0.451292 0.00364556 2.154e-08
0.451332 0.00364556 2.15505e-08
0.451372 0.00364556 2.15413e-08
0.451412 0.00364556 2.15472e-08
0.451451 0.00364556 2.15433e-08
0.451491 0.00364556 2.15482e-08
0.451531 0.00364556 2.154e-08
0.451571 0.00364556 2.15505e-08
0.45161 0.00364556 2.15413e-08
0.45165 0.00364556 2.15471e-08
0.45169 0.00364556 2.15433e-08
0.45173 0.00364556 2.15481e-08
0.451769 0.00364556 2.15401e-08
0.451809 0.00364556 2.15504e-08
0.451849 0.00364556 2.15414e-08
0.451889 0.00364556 2.1547e-08
0.451928 0.00364556 2.15434e-08
0.451968 0.00364556 2.1548e-08
0.452008 0.00364556 2.15402e-08
0.452048 0.00364556 2.15503e-08
0.452087 0.00364556 2.15416e-08
0.452127 0.00364556 2.15469e-08
0.452167 0.00364556 2.15436e-08
0.452207 0.00364556 2.15478e-08
0.452247 0.00364556 2.15404e-08
0.452286 0.00364556 2.15501e-08
0.452326 0.00364556 2.15418e-08
0.452366 0.00364556 2.15467e-08
0.452406 0.00364556 2.15438e-08
0.452445 0.00364556 2.15476e-08
0.452485 0.00364556 2.15406e-08
0.452525 0.00364556 2.15499e-08
0.452565 0.00364556 2.1542e-08
0.452604 0.00364556 2.15465e-08
0.452644 0.00364556 2.15441e-08
0.452684 0.00364556 2.15474e-08
0.452724 0.00364556 2.15408e-08
0.452763 0.00364556 2.15496e-08
0.452803 0.00364556 2.15423e-08
0.452843 0.00364556 2.15462e-08
0.452883 0.00364556 2.15443e-08
0.452922 0.00364556 2.15471e-08
0.452962 0.00364556 2.15411e-08
0.453002 0.00364556 2.15493e-08
0.453042 0.00364556 2.15426e-08
0.453082 0.00364556 2.15459e-08
0.453121 0.00364556 2.15447e-08
0.453161 0.00364556 2.15468e-08
0.453201 0.00364556 2.15415e-08
0.453241 0.00364556 2.1549e-08
0.45328 0.00364556 2.15429e-08
0.45332 0.00364556 2.15455e-08
0.45336 0.00364556 2.1545e-08
0.4534 0.00364556 2.15464e-08
0.453439 0.00364556 2.15418e-08
0.453479 0.00364556 2.15486e-08
0.453519 0.00364556 2.15433e-08
0.453559 0.00364556 2.15452e-08
0.453598 0.00364556 2.15454e-08
0.453638 0.00364556 2.15461e-08
0.453678 0.00364556 2.15422e-08
0.453718 0.00364556 2.15483e-08
0.453757 0.00364556 2.15436e-08
0.453797 0.00364556 2.15448e-08
0.453837 0.00364556 2.15457e-08
0.453877 0.00364556 2.15457e-08
0.453917 0.00364556 2.15426e-08
0.453956 0.00364556 2.15479e-08
0.453996 0.00364556 2.1544e-08
0.454036 0.00364556 2.15444e-08
0.454076 0.00364556 2.15461e-08
0.454115 0.00364556 2.15453e-08
0.454155 0.00364556 2.15429e-08
0.454195 0.00364556 2.15475e-08
0.454235 0.00364556 2.15444e-08
0.454274 0.00364556 2.1544e-08
0.454314 0.00364556 2.15465e-08
0.454354 0.00364556 2.15449e-08
0.454394 0.00364556 2.15433e-08
0.454433 0.00364556 2.15471e-08
0.454473 0.00364556 2.15448e-08
0.454513 0.00364556 2.15436e-08
0.454553 0.00364556 2.15469e-08
0.454592 0.00364556 2.15445e-08
0.454632 0.00364556 2.15437e-08
0.454672 0.00364556 2.15467e-08
0.454712 0.00364556 2.15452e-08
0.454751 0.00364556 2.15433e-08
0.454791 0.00364556 2.15473e-08
0.454831 0.00364556 2.15441e-08
0.454871 0.00364556 2.15441e-08
0.454911 0.00364556 2.15463e-08
0.45495 0.00364556 2.15456e-08
0.45499 0.00364556 2.15429e-08
0.45503 0.00364556 2.15476e-08
0.45507 0.00364556 2.15438e-08
0.455109 0.00364556 2.15445e-08
0.455149 0.00364556 2.1546e-08
0.455189 0.00364556 2.15459e-08
0.455229 0.00364556 2.15425e-08
0.455268 0.00364556 2.1548e-08
0.455308 0.00364556 2.15434e-08
0.455348 0.00364556 2.15448e-08
0.455388 0.00364556 2.15456e-08
0.455427 0.00364556 2.15463e-08
0.455467 0.00364556 2.15422e-08
0.455507 0.00364556 2.15483e-08
0.455547 0.00364556 2.15431e-08
0.455586 0.00364556 2.15452e-08
0.455626 0.00364556 2.15453e-08
0.455666 0.00364556 2.15466e-08
0.455706 0.00364556 2.15418e-08
0.455746 0.00364556 2.15487e-08
0.455785 0.00364556 2.15428e-08
0.455825 0.00364556 2.15455e-08
0.455865 0.00364556 2.1545e-08
0.455905 0.00364556 2.15469e-08
0.455944 0.00364556 2.15416e-08
0.455984 0.00364556 2.1549e-08
0.456024 0.00364556 2.15425e-08
0.456064 0.00364556 2.15457e-08
0.456103 0.00364556 2.15447e-08
0.456143 0.00364556 2.15472e-08
0.456183 0.00364556 2.15413e-08
0.456223 0.00364556 2.15492e-08
0.456262 0.00364556 2.15422e-08
0.456302 0.00364556 2.1546e-08
0.456342 0.00364556 2.15445e-08
0.456382 0.00364556 2.15474e-08
0.456421 0.00364556 2.1541e-08
0.456461 0.00364556 2.15495e-08
0.456501 0.00364556 2.1542e-08
0.456541 0.00364556 2.15462e-08
0.456581 0.00364556 2.15443e-08
0.45662 0.00364556 2.15476e-08
0.45666 0.00364556 2.15408e-08
0.4567 0.00364556 2.15496e-08
0.45674 0.00364556 2.15418e-08
0.456779 0.00364556 2.15464e-08
0.456819 0.00364556 2.15441e-08
0.456859 0.00364556 2.15478e-08
0.456899 0.00364556 2.15407e-08
0.456938 0.00364556 2.15498e-08
0.456978 0.00364556 2.15416e-08
0.457018 0.00364556 2.15465e-08
0.457058 0.00364556 2.15439e-08
0.457097 0.00364556 2.15479e-08
0.457137 0.00364556 2.15406e-08
0.457177 0.00364556 2.15499e-08
0.457217 0.00364556 2.15415e-08
0.457256 0.00364556 2.15467e-08
0.457296 0.00364556 2.15438e-08
0.457336 0.00364556 2.1548e-08
0.457376 0.00364556 2.15405e-08
0.457416 0.00364556 2.155e-08
0.457455 0.00364556 2.15415e-08
0.457495 0.00364556 2.15467e-08
0.457535 0.00364556 2.15438e-08
0.457575 0.00364556 2.15481e-08
0.457614 0.00364556 2.15404e-08
0.457654 0.00364556 2.155e-08
0.457694 0.00364556 2.15414e-08
0.457734 0.00364556 2.15467e-08
0.457773 0.00364556 2.15438e-08
0.457813 0.00364556 2.15481e-08
0.457853 0.00364556 2.15404e-08
0.457893 0.00364556 2.155e-08
0.457932 0.00364556 2.15415e-08
0.457972 0.00364556 2.15467e-08
0.458012 0.00364556 2.15438e-08
0.458052 0.00364556 2.1548e-08
0.458091 0.00364556 2.15405e-08
0.458131 0.00364556 2.155e-08
0.458171 0.00364556 2.15415e-08
0.458211 0.00364556 2.15466e-08
0.45825 0.00364556 2.15439e-08
0.45829 0.00364556 2.15479e-08
0.45833 0.00364556 2.15406e-08
0.45837 0.00364556 2.15499e-08
0.45841 0.00364556 2.15416e-08
0.458449 0.00364556 2.15465e-08
0.458489 0.00364556 2.1544e-08
0.458529 0.00364556 2.15478e-08
0.458569 0.00364556 2.15407e-08
0.458608 0.00364556 2.15497e-08
0.458648 0.00364556 2.15418e-08
0.458688 0.00364556 2.15464e-08
0.458728 0.00364556 2.15441e-08
0.458767 0.00364556 2.15477e-08
0.458807 0.00364556 2.15409e-08
0.458847 0.00364556 2.15496e-08
0.458887 0.00364556 2.15419e-08
0.458926 0.00364556 2.15462e-08
0.458966 0.00364556 2.15443e-08
0.459006 0.00364556 2.15475e-08
0.459046 0.00364556 2.15411e-08
0.459085 0.00364556 2.15494e-08
0.459125 0.00364556 2.15421e-08
0.459165 0.00364556 2.1546e-08
0.459205 0.00364556 2.15445e-08
0.459245 0.00364556 2.15472e-08
0.459284 0.00364556 2.15413e-08
0.459324 0.00364556 2.15491e-08
0.459364 0.00364556 2.15424e-08
0.459404 0.00364556 2.15458e-08
0.459443 0.00364556 2.15448e-08
0.459483 0.00364556 2.1547e-08
0.459523 0.00364556 2.15415e-08
0.459563 0.00364556 2.15489e-08
0.459602 0.00364556 2.15426e-08
0.459642 0.00364556 2.15455e-08
0.459682 0.00364556 2.15451e-08
0.459722 0.00364556 2.15467e-08
0.459761 0.00364556 2.15418e-08
0.459801 0.00364556 2.15486e-08
0.459841 0.00364556 2.15429e-08
0.459881 0.00364556 2.15452e-08
0.45992 0.00364556 2.15453e-08
0.45996 0.00364556 2.15465e-08
0.46 0.00364556 2.15421e-08
0.46004 0.00364556 2.15483e-08
0.46008 0.00364556 2.15432e-08
0.460119 0.00364556 2.15449e-08
0.460159 0.00364556 2.15456e-08
0.460199 0.00364556 2.15462e-08
0.460239 0.00364556 2.15424e-08
0.460278 0.00364556 2.1548e-08
0.460318 0.00364556 2.15435e-08
0.460358 0.00364556 2.15446e-08
0.460398 0.00364556 2.15459e-08
0.460437 0.00364556 2.15458e-08
0.460477 0.00364556 2.15427e-08
0.460517 0.00364556 2.15477e-08
0.460557 0.00364556 2.15438e-08
0.460596 0.00364556 2.15443e-08
0.460636 0.00364556 2.15463e-08
0.460676 0.00364556 2.15455e-08
0.460716 0.00364556 2.1543e-08
0.460755 0.00364556 2.15474e-08
0.460795 0.00364556 2.15441e-08
0.460835 0.00364556 2.1544e-08
0.460875 0.00364556 2.15466e-08
0.460915 0.00364556 2.15452e-08
0.460954 0.00364556 2.15433e-08
0.460994 0.00364556 2.15471e-08
0.461034 0.00364556 2.15444e-08
0.461074 0.00364556 2.15437e-08
0.461113 0.00364556 2.15469e-08
0.461153 0.00364556 2.15449e-08
0.461193 0.00364556 2.15436e-08
0.461233 0.00364556 2.15468e-08
0.461272 0.00364556 2.15447e-08
0.461312 0.00364556 2.15434e-08
0.461352 0.00364556 2.15472e-08
0.461392 0.00364556 2.15446e-08
0.461431 0.00364556 2.15439e-08
0.461471 0.00364556 2.15465e-08
0.461511 0.00364556 2.1545e-08
0.461551 0.00364556 2.15431e-08
0.46159 0.00364556 2.15475e-08
0.46163 0.00364556 2.15443e-08
0.46167 0.00364556 2.15442e-08
0.46171 0.00364556 2.15462e-08
0.46175 0.00364556 2.15453e-08
0.461789 0.00364556 2.15428e-08
0.461829 0.00364556 2.15478e-08
0.461869 0.00364556 2.1544e-08
0.461909 0.00364556 2.15445e-08
0.461948 0.00364556 2.15459e-08
0.461988 0.00364556 2.15456e-08
0.462028 0.00364556 2.15425e-08
0.462068 0.00364556 2.1548e-08
0.462107 0.00364556 2.15438e-08
0.462147 0.00364556 2.15448e-08
0.462187 0.00364556 2.15457e-08
0.462227 0.00364556 2.15458e-08
0.462266 0.00364556 2.15423e-08
0.462306 0.00364556 2.15483e-08
0.462346 0.00364556 2.15435e-08
0.462386 0.00364556 2.1545e-08
0.462425 0.00364556 2.15454e-08
0.462465 0.00364556 2.15461e-08
0.462505 0.00364556 2.15421e-08
0.462545 0.00364556 2.15485e-08
0.462584 0.00364556 2.15433e-08
0.462624 0.00364556 2.15452e-08
0.462664 0.00364556 2.15452e-08
0.462704 0.00364556 2.15463e-08
0.462744 0.00364556 2.15419e-08
0.462783 0.00364556 2.15487e-08
0.462823 0.00364556 2.15431e-08
0.462863 0.00364556 2.15454e-08
0.462903 0.00364556 2.15451e-08
0.462942 0.00364556 2.15464e-08
0.462982 0.00364556 2.15417e-08
0.463022 0.00364556 2.15488e-08
0.463062 0.00364556 2.1543e-08
0.463101 0.00364556 2.15455e-08
0.463141 0.00364556 2.15449e-08
0.463181 0.00364556 2.15466e-08
0.463221 0.00364556 2.15416e-08
0.46326 0.00364556 2.1549e-08
0.4633 0.00364556 2.15428e-08
0.46334 0.00364556 2.15457e-08
0.46338 0.00364556 2.15448e-08
0.463419 0.00364556 2.15467e-08
0.463459 0.00364556 2.15414e-08
0.463499 0.00364556 2.15491e-08
0.463539 0.00364556 2.15427e-08
0.463579 0.00364556 2.15458e-08
0.463618 0.00364556 2.15447e-08
0.463658 0.00364556 2.15468e-08
0.463698 0.00364556 2.15414e-08
0.463738 0.00364556 2.15491e-08
0.463777 0.00364556 2.15427e-08
0.463817 0.00364556 2.15458e-08
0.463857 0.00364556 2.15446e-08
0.463897 0.00364556 2.15468e-08
0.463936 0.00364556 2.15413e-08
0.463976 0.00364556 2.15492e-08
0.464016 0.00364556 2.15427e-08
0.464056 0.00364556 2.15458e-08
0.464095 0.00364556 2.15446e-08
0.464135 0.00364556 2.15469e-08
0.464175 0.00364556 2.15413e-08
0.464215 0.00364556 2.15492e-08
0.464254 0.00364556 2.15427e-08
0.464294 0.00364556 2.15458e-08
0.464334 0.00364556 2.15446e-08
0.464374 0.00364556 2.15468e-08
0.464414 0.00364556 2.15413e-08
0.464453 0.00364556 2.15492e-08
0.464493 0.00364556 2.15427e-08
0.464533 0.00364556 2.15458e-08
0.464573 0.00364556 2.15447e-08
0.464612 0.00364556 2.15468e-08
0.464652 0.00364556 2.15414e-08
0.464692 0.00364556 2.15491e-08
0.464732 0.00364556 2.15428e-08
0.464771 0.00364556 2.15457e-08
0.464811 0.00364556 2.15448e-08
0.464851 0.00364556 2.15467e-08
0.464891 0.00364556 2.15415e-08
0.46493 0.00364556 2.1549e-08
0.46497 0.00364556 2.15429e-08
0.46501 0.00364556 2.15456e-08
0.46505 0.00364556 2.15449e-08
0.465089 0.00364556 2.15466e-08
0.465129 0.00364556 2.15416e-08
0.465169 0.00364556 2.15489e-08
0.465209 0.00364556 2.1543e-08
0.465249 0.00364556 2.15455e-08
0.465288 0.00364556 2.1545e-08
0.465328 0.00364556 2.15464e-08
0.465368 0.00364556 2.15418e-08
0.465408 0.00364556 2.15487e-08
0.465447 0.00364556 2.15431e-08
0.465487 0.00364556 2.15453e-08
0.465527 0.00364556 2.15452e-08
0.465567 0.00364556 2.15463e-08
0.465606 0.00364556 2.15419e-08
0.465646 0.00364556 2.15486e-08
0.465686 0.00364556 2.15433e-08
0.465726 0.00364556 2.15451e-08
0.465765 0.00364556 2.15453e-08
0.465805 0.00364556 2.15461e-08
0.465845 0.00364556 2.15421e-08
0.465885 0.00364556 2.15484e-08
0.465924 0.00364556 2.15435e-08
0.465964 0.00364556 2.15449e-08
0.466004 0.00364556 2.15456e-08
0.466044 0.00364556 2.15459e-08
0.466083 0.00364556 2.15423e-08
0.466123 0.00364556 2.15482e-08
0.466163 0.00364556 2.15437e-08
0.466203 0.00364556 2.15447e-08
0.466243 0.00364556 2.15458e-08
0.466282 0.00364556 2.15457e-08
0.466322 0.00364556 2.15425e-08
0.466362 0.00364556 2.15479e-08
0.466402 0.00364556 2.1544e-08
0.466441 0.00364556 2.15445e-08
0.466481 0.00364556 2.1546e-08
0.466521 0.00364556 2.15454e-08
0.466561 0.00364556 2.15428e-08
0.4666 0.00364556 2.15477e-08
0.46664 0.00364556 2.15442e-08
0.46668 0.00364556 2.15443e-08
0.46672 0.00364556 2.15462e-08
0.466759 0.00364556 2.15452e-08
0.466799 0.00364556 2.1543e-08
0.466839 0.00364556 2.15474e-08
0.466879 0.00364556 2.15444e-08
0.466918 0.00364556 2.1544e-08
0.466958 0.00364556 2.15465e-08
0.466998 0.00364556 2.15449e-08
0.467038 0.00364556 2.15433e-08
0.467078 0.00364556 2.15472e-08
0.467117 0.00364556 2.15447e-08
0.467157 0.00364556 2.15438e-08
0.467197 0.00364556 2.15467e-08
0.467237 0.00364556 2.15447e-08
0.467276 0.00364556 2.15435e-08
0.467316 0.00364556 2.1547e-08
0.467356 0.00364556 2.15449e-08
0.467396 0.00364556 2.15435e-08
0.467435 0.00364556 2.1547e-08
0.467475 0.00364556 2.15445e-08
0.467515 0.00364556 2.15438e-08
0.467555 0.00364556 2.15467e-08
0.467594 0.00364556 2.15452e-08
0.467634 0.00364556 2.15433e-08
0.467674 0.00364556 2.15472e-08
0.467714 0.00364556 2.15442e-08
0.467753 0.00364556 2.1544e-08
0.467793 0.00364556 2.15465e-08
0.467833 0.00364556 2.15454e-08
0.467873 0.00364556 2.1543e-08
0.467913 0.00364556 2.15475e-08
0.467952 0.00364556 2.1544e-08
0.467992 0.00364556 2.15442e-08
0.468032 0.00364556 2.15462e-08
0.468072 0.00364556 2.15456e-08
0.468111 0.00364556 2.15428e-08
0.468151 0.00364556 2.15477e-08
0.468191 0.00364556 2.15437e-08
0.468231 0.00364556 2.15445e-08
0.46827 0.00364556 2.1546e-08
0.46831 0.00364556 2.15459e-08
0.46835 0.00364556 2.15426e-08
0.46839 0.00364556 2.15479e-08
0.468429 0.00364556 2.15435e-08
0.468469 0.00364556 2.15447e-08
0.468509 0.00364556 2.15458e-08
0.468549 0.00364556 2.15461e-08
0.468588 0.00364556 2.15424e-08
0.468628 0.00364556 2.15481e-08
0.468668 0.00364556 2.15433e-08
0.468708 0.00364556 2.15449e-08
0.468748 0.00364556 2.15456e-08
0.468787 0.00364556 2.15463e-08
0.468827 0.00364556 2.15422e-08
0.468867 0.00364556 2.15483e-08
0.468907 0.00364556 2.15432e-08
0.468946 0.00364556 2.1545e-08
0.468986 0.00364556 2.15454e-08
0.469026 0.00364556 2.15464e-08
0.469066 0.00364556 2.15421e-08
0.469105 0.00364556 2.15484e-08
0.469145 0.00364556 2.1543e-08
0.469185 0.00364556 2.15452e-08
0.469225 0.00364556 2.15453e-08
0.469264 0.00364556 2.15466e-08
0.469304 0.00364556 2.15419e-08
0.469344 0.00364556 2.15486e-08
0.469384 0.00364556 2.15429e-08
0.469423 0.00364556 2.15453e-08
0.469463 0.00364556 2.15452e-08
0.469503 0.00364556 2.15467e-08
0.469543 0.00364556 2.15418e-08
0.469583 0.00364556 2.15487e-08
0.469622 0.00364556 2.15428e-08
0.469662 0.00364556 2.15454e-08
0.469702 0.00364556 2.15451e-08
0.469742 0.00364556 2.15468e-08
0.469781 0.00364556 2.15417e-08
0.469821 0.00364556 2.15488e-08
0.469861 0.00364556 2.15427e-08
0.469901 0.00364556 2.15455e-08
0.46994 0.00364556 2.1545e-08
0.46998 0.00364556 2.15469e-08
0.47002 0.00364556 2.15416e-08
0.47006 0.00364556 2.15488e-08
0.470099 0.00364556 2.15426e-08
0.470139 0.00364556 2.15456e-08
0.470179 0.00364556 2.15449e-08
0.470219 0.00364556 2.15469e-08
0.470258 0.00364556 2.15416e-08
0.470298 0.00364556 2.15489e-08
0.470338 0.00364556 2.15426e-08
0.470378 0.00364556 2.15456e-08
0.470417 0.00364556 2.15449e-08
0.470457 0.00364556 2.15469e-08
0.470497 0.00364556 2.15416e-08
0.470537 0.00364556 2.15489e-08
0.470577 0.00364556 2.15426e-08
0.470616 0.00364556 2.15456e-08
0.470656 0.00364556 2.15449e-08
0.470696 0.00364556 2.15469e-08
0.470736 0.00364556 2.15416e-08
0.470775 0.00364556 2.15489e-08
0.470815 0.00364556 2.15426e-08
0.470855 0.00364556 2.15456e-08
0.470895 0.00364556 2.1545e-08
0.470934 0.00364556 2.15469e-08
0.470974 0.00364556 2.15416e-08
0.471014 0.00364556 2.15488e-08
0.471054 0.00364556 2.15427e-08
0.471093 0.00364556 2.15455e-08
0.471133 0.00364556 2.1545e-08
0.471173 0.00364556 2.15468e-08
0.471213 0.00364556 2.15417e-08
0.471252 0.00364556 2.15488e-08
0.471292 0.00364556 2.15427e-08
0.471332 0.00364556 2.15454e-08
0.471372 0.00364556 2.15451e-08
0.471412 0.00364556 2.15467e-08
0.471451 0.00364556 2.15418e-08
0.471491 0.00364556 2.15487e-08
0.471531 0.00364556 2.15428e-08
0.471571 0.00364556 2.15453e-08
0.47161 0.00364556 2.15452e-08
0.47165 0.00364556 2.15466e-08
0.47169 0.00364556 2.15419e-08
0.47173 0.00364556 2.15486e-08
0.471769 0.00364556 2.15429e-08
0.471809 0.00364556 2.15452e-08
0.471849 0.00364556 2.15453e-08
0.471889 0.00364556 2.15465e-08
0.471928 0.00364556 2.1542e-08
0.471968 0.00364556 2.15484e-08
0.472008 0.00364556 2.15431e-08
0.472048 0.00364556 2.15451e-08
0.472087 0.00364556 2.15455e-08
0.472127 0.00364556 2.15464e-08
0.472167 0.00364556 2.15422e-08
0.472207 0.00364556 2.15483e-08
0.472247 0.00364556 2.15432e-08
0.472286 0.00364556 2.15449e-08
0.472326 0.00364556 2.15456e-08
0.472366 0.00364556 2.15462e-08
0.472406 0.00364556 2.15423e-08
0.472445 0.00364556 2.15481e-08
0.472485 0.00364556 2.15434e-08
0.472525 0.00364556 2.15448e-08
0.472565 0.00364556 2.15458e-08
0.472604 0.00364556 2.1546e-08
0.472644 0.00364556 2.15425e-08
0.472684 0.00364556 2.15479e-08
0.472724 0.00364556 2.15436e-08
0.472763 0.00364556 2.15446e-08
0.472803 0.00364556 2.1546e-08
0.472843 0.00364556 2.15458e-08
0.472883 0.00364556 2.15427e-08
0.472922 0.00364556 2.15477e-08
0.472962 0.00364556 2.15438e-08
0.473002 0.00364556 2.15444e-08
0.473042 0.00364556 2.15462e-08
0.473082 0.00364556 2.15456e-08
0.473121 0.00364556 2.15429e-08
0.473161 0.00364556 2.15476e-08
0.473201 0.00364556 2.1544e-08
0.473241 0.00364556 2.15442e-08
0.47328 0.00364556 2.15464e-08
0.47332 0.00364556 2.15454e-08
0.47336 0.00364556 2.15431e-08
0.4734 0.00364556 2.15474e-08
0.473439 0.00364556 2.15442e-08
0.473479 0.00364556 2.1544e-08
0.473519 0.00364556 2.15466e-08
0.473559 0.00364556 2.15452e-08
0.473598 0.00364556 2.15433e-08
0.473638 0.00364556 2.15472e-08
0.473678 0.00364556 2.15444e-08
0.473718 0.00364556 2.15438e-08
0.473757 0.00364556 2.15468e-08
0.473797 0.00364556 2.15451e-08
0.473837 0.00364556 2.15435e-08
0.473877 0.00364556 2.1547e-08
0.473917 0.00364556 2.15446e-08
0.473956 0.00364556 2.15436e-08
0.473996 0.00364556 2.1547e-08
0.474036 0.00364556 2.15449e-08
0.474076 0.00364556 2.15437e-08
0.474115 0.00364556 2.15468e-08
0.474155 0.00364556 2.15447e-08
0.474195 0.00364556 2.15434e-08
0.474235 0.00364556 2.15471e-08
0.474274 0.00364556 2.15447e-08
0.474314 0.00364556 2.15439e-08
0.474354 0.00364556 2.15466e-08
0.474394 0.00364556 2.15449e-08
0.474433 0.00364556 2.15432e-08
0.474473 0.00364556 2.15473e-08
0.474513 0.00364556 2.15445e-08
0.474553 0.00364556 2.1544e-08
0.474592 0.00364556 2.15464e-08
0.474632 0.00364556 2.15451e-08
0.474672 0.00364556 2.1543e-08
0.474712 0.00364556 2.15475e-08
0.474751 0.00364556 2.15443e-08
0.474791 0.00364556 2.15442e-08
0.474831 0.00364556 2.15462e-08
0.474871 0.00364556 2.15453e-08
0.474911 0.00364556 2.15429e-08
0.47495 0.00364556 2.15477e-08
0.47499 0.00364556 2.15441e-08
0.47503 0.00364556 2.15444e-08
0.47507 0.00364556 2.15461e-08
0.475109 0.00364556 2.15454e-08
0.475149 0.00364556 2.15427e-08
0.475189 0.00364556 2.15478e-08
0.475229 0.00364556 2.1544e-08
0.475268 0.00364556 2.15445e-08
0.475308 0.00364556 2.15459e-08
0.475348 0.00364556 2.15456e-08
0.475388 0.00364556 2.15426e-08
0.475427 0.00364556 2.1548e-08
0.475467 0.00364556 2.15439e-08
0.475507 0.00364556 2.15446e-08
0.475547 0.00364556 2.15458e-08
0.475586 0.00364556 2.15457e-08
0.475626 0.00364556 2.15425e-08
0.475666 0.00364556 2.15481e-08
0.475706 0.00364556 2.15438e-08
0.475746 0.00364556 2.15448e-08
0.475785 0.00364556 2.15457e-08
0.475825 0.00364556 2.15458e-08
0.475865 0.00364556 2.15424e-08
0.475905 0.00364556 2.15482e-08
0.475944 0.00364556 2.15437e-08
0.475984 0.00364556 2.15448e-08
0.476024 0.00364556 2.15456e-08
0.476064 0.00364556 2.15459e-08
0.476103 0.00364556 2.15423e-08
0.476143 0.00364556 2.15482e-08
0.476183 0.00364556 2.15436e-08
0.476223 0.00364556 2.15449e-08
0.476262 0.00364556 2.15455e-08
0.476302 0.00364556 2.15459e-08
0.476342 0.00364556 2.15422e-08
0.476382 0.00364556 2.15483e-08
0.476421 0.00364556 2.15435e-08
0.476461 0.00364556 2.1545e-08
0.476501 0.00364556 2.15455e-08
0.476541 0.00364556 2.1546e-08
0.476581 0.00364556 2.15422e-08
0.47662 0.00364556 2.15483e-08
0.47666 0.00364556 2.15435e-08
0.4767 0.00364556 2.1545e-08
0.47674 0.00364556 2.15455e-08
0.476779 0.00364556 2.1546e-08
0.476819 0.00364556 2.15422e-08
0.476859 0.00364556 2.15484e-08
0.476899 0.00364556 2.15435e-08
0.476938 0.00364556 2.1545e-08
0.476978 0.00364556 2.15455e-08
0.477018 0.00364556 2.1546e-08
0.477058 0.00364556 2.15422e-08
0.477097 0.00364556 2.15483e-08
0.477137 0.00364556 2.15435e-08
0.477177 0.00364556 2.1545e-08
0.477217 0.00364556 2.15455e-08
0.477256 0.00364556 2.1546e-08
0.477296 0.00364556 2.15422e-08
0.477336 0.00364556 2.15483e-08
0.477376 0.00364556 2.15435e-08
0.477416 0.00364556 2.1545e-08
0.477455 0.00364556 2.15455e-08
0.477495 0.00364556 2.1546e-08
0.477535 0.00364556 2.15422e-08
0.477575 0.00364556 2.15483e-08
0.477614 0.00364556 2.15436e-08
0.477654 0.00364556 2.15449e-08
0.477694 0.00364556 2.15456e-08
0.477734 0.00364556 2.15459e-08
0.477773 0.00364556 2.15423e-08
0.477813 0.00364556 2.15482e-08
0.477853 0.00364556 2.15436e-08
0.477893 0.00364556 2.15448e-08
0.477932 0.00364556 2.15456e-08
0.477972 0.00364556 2.15458e-08
0.478012 0.00364556 2.15424e-08
0.478052 0.00364556 2.15481e-08
0.478091 0.00364556 2.15437e-08
0.478131 0.00364556 2.15447e-08
0.478171 0.00364556 2.15457e-08
0.478211 0.00364556 2.15457e-08
0.47825 0.00364556 2.15425e-08
0.47829 0.00364556 2.1548e-08
0.47833 0.00364556 2.15438e-08
0.47837 0.00364556 2.15446e-08
0.47841 0.00364556 2.15458e-08
0.478449 0.00364556 2.15456e-08
0.478489 0.00364556 2.15426e-08
0.478529 0.00364556 2.15479e-08
0.478569 0.00364556 2.15439e-08
0.478608 0.00364556 2.15445e-08
0.478648 0.00364556 2.1546e-08
0.478688 0.00364556 2.15455e-08
0.478728 0.00364556 2.15427e-08
0.478767 0.00364556 2.15478e-08
0.478807 0.00364556 2.15441e-08
0.478847 0.00364556 2.15444e-08
0.478887 0.00364556 2.15461e-08
0.478926 0.00364556 2.15454e-08
0.478966 0.00364556 2.15428e-08
0.479006 0.00364556 2.15477e-08
0.479046 0.00364556 2.15442e-08
0.479085 0.00364556 2.15443e-08
0.479125 0.00364556 2.15462e-08
0.479165 0.00364556 2.15452e-08
0.479205 0.00364556 2.1543e-08
0.479245 0.00364556 2.15475e-08
0.479284 0.00364556 2.15444e-08
0.479324 0.00364556 2.15441e-08
0.479364 0.00364556 2.15464e-08
0.479404 0.00364556 2.15451e-08
0.479443 0.00364556 2.15431e-08
0.479483 0.00364556 2.15474e-08
0.479523 0.00364556 2.15445e-08
0.479563 0.00364556 2.1544e-08
0.479602 0.00364556 2.15465e-08
0.479642 0.00364556 2.15449e-08
0.479682 0.00364556 2.15433e-08
0.479722 0.00364556 2.15472e-08
0.479761 0.00364556 2.15447e-08
0.479801 0.00364556 2.15438e-08
0.479841 0.00364556 2.15467e-08
0.479881 0.00364556 2.15448e-08
0.47992 0.00364556 2.15434e-08
0.47996 0.00364556 2.1547e-08
0.48 0.00364556 2.15448e-08
0.48004 0.00364556 2.15436e-08
0.48008 0.00364556 2.15468e-08
0.480119 0.00364556 2.15446e-08
0.480159 0.00364556 2.15436e-08
0.480199 0.00364556 2.15469e-08
0.480239 0.00364556 2.1545e-08
0.480278 0.00364556 2.15435e-08
0.480318 0.00364556 2.1547e-08
0.480358 0.00364556 2.15444e-08
0.480398 0.00364556 2.15438e-08
0.480437 0.00364556 2.15467e-08
0.480477 0.00364556 2.15451e-08
0.480517 0.00364556 2.15433e-08
0.480557 0.00364556 2.15472e-08
0.480596 0.00364556 2.15443e-08
0.480636 0.00364556 2.15439e-08
0.480676 0.00364556 2.15466e-08
0.480716 0.00364556 2.15453e-08
0.480755 0.00364556 2.15432e-08
0.480795 0.00364556 2.15473e-08
0.480835 0.00364556 2.15441e-08
0.480875 0.00364556 2.15441e-08
0.480915 0.00364556 2.15464e-08
0.480954 0.00364556 2.15454e-08
0.480994 0.00364556 2.1543e-08
0.481034 0.00364556 2.15475e-08
0.481074 0.00364556 2.1544e-08
0.481113 0.00364556 2.15442e-08
0.481153 0.00364556 2.15463e-08
0.481193 0.00364556 2.15456e-08
0.481233 0.00364556 2.15429e-08
0.481272 0.00364556 2.15476e-08
0.481312 0.00364556 2.15439e-08
0.481352 0.00364556 2.15443e-08
0.481392 0.00364556 2.15462e-08
0.481431 0.00364556 2.15457e-08
0.481471 0.00364556 2.15428e-08
0.481511 0.00364556 2.15477e-08
0.481551 0.00364556 2.15438e-08
0.48159 0.00364556 2.15444e-08
0.48163 0.00364556 2.15461e-08
0.48167 0.00364556 2.15458e-08
0.48171 0.00364556 2.15427e-08
0.48175 0.00364556 2.15478e-08
0.481789 0.00364556 2.15436e-08
0.481829 0.00364556 2.15445e-08
0.481869 0.00364556 2.15459e-08
0.481909 0.00364556 2.15459e-08
0.481948 0.00364556 2.15426e-08
0.481988 0.00364556 2.15479e-08
0.482028 0.00364556 2.15436e-08
0.482068 0.00364556 2.15446e-08
0.482107 0.00364556 2.15459e-08
0.482147 0.00364556 2.1546e-08
0.482187 0.00364556 2.15425e-08
0.482227 0.00364556 2.1548e-08
0.482266 0.00364556 2.15435e-08
0.482306 0.00364556 2.15447e-08
0.482346 0.00364556 2.15458e-08
0.482386 0.00364556 2.15461e-08
0.482425 0.00364556 2.15424e-08
0.482465 0.00364556 2.15481e-08
0.482505 0.00364556 2.15434e-08
0.482545 0.00364556 2.15448e-08
0.482584 0.00364556 2.15457e-08
0.482624 0.00364556 2.15461e-08
0.482664 0.00364556 2.15424e-08
0.482704 0.00364556 2.15481e-08
0.482744 0.00364556 2.15434e-08
0.482783 0.00364556 2.15448e-08
0.482823 0.00364556 2.15457e-08
0.482863 0.00364556 2.15462e-08
0.482903 0.00364556 2.15423e-08
0.482942 0.00364556 2.15481e-08
0.482982 0.00364556 2.15433e-08
0.483022 0.00364556 2.15448e-08
0.483062 0.00364556 2.15457e-08
0.483101 0.00364556 2.15462e-08
0.483141 0.00364556 2.15423e-08
0.483181 0.00364556 2.15482e-08
0.483221 0.00364556 2.15433e-08
0.48326 0.00364556 2.15449e-08
0.4833 0.00364556 2.15457e-08
0.48334 0.00364556 2.15462e-08
0.48338 0.00364556 2.15423e-08
0.483419 0.00364556 2.15482e-08
0.483459 0.00364556 2.15433e-08
0.483499 0.00364556 2.15449e-08
0.483539 0.00364556 2.15457e-08
0.483579 0.00364556 2.15462e-08
0.483618 0.00364556 2.15423e-08
0.483658 0.00364556 2.15481e-08
0.483698 0.00364556 2.15433e-08
0.483738 0.00364556 2.15448e-08
0.483777 0.00364556 2.15457e-08
0.483817 0.00364556 2.15461e-08
0.483857 0.00364556 2.15424e-08
0.483897 0.00364556 2.15481e-08
0.483936 0.00364556 2.15434e-08
0.483976 0.00364556 2.15448e-08
0.484016 0.00364556 2.15457e-08
0.484056 0.00364556 2.15461e-08
0.484095 0.00364556 2.15424e-08
0.484135 0.00364556 2.15481e-08
0.484175 0.00364556 2.15434e-08
0.484215 0.00364556 2.15447e-08
0.484254 0.00364556 2.15458e-08
0.484294 0.00364556 2.1546e-08
0.484334 0.00364556 2.15425e-08
0.484374 0.00364556 2.1548e-08
0.484414 0.00364556 2.15435e-08
0.484453 0.00364556 2.15447e-08
0.484493 0.00364556 2.15459e-08
0.484533 0.00364556 2.1546e-08
0.484573 0.00364556 2.15425e-08
0.484612 0.00364556 2.15479e-08
0.484652 0.00364556 2.15436e-08
0.484692 0.00364556 2.15446e-08
0.484732 0.00364556 2.15459e-08
0.484771 0.00364556 2.15459e-08
0.484811 0.00364556 2.15426e-08
0.484851 0.00364556 2.15478e-08
0.484891 0.00364556 2.15437e-08
0.48493 0.00364556 2.15445e-08
0.48497 0.00364556 2.1546e-08
0.48501 0.00364556 2.15458e-08
0.48505 0.00364556 2.15427e-08
0.485089 0.00364556 2.15477e-08
0.485129 0.00364556 2.15438e-08
0.485169 0.00364556 2.15444e-08
0.485209 0.00364556 2.15461e-08
0.485249 0.00364556 2.15457e-08
0.485288 0.00364556 2.15428e-08
0.485328 0.00364556 2.15476e-08
0.485368 0.00364556 2.15439e-08
0.485408 0.00364556 2.15443e-08
0.485447 0.00364556 2.15462e-08
0.485487 0.00364556 2.15456e-08
0.485527 0.00364556 2.15429e-08
0.485567 0.00364556 2.15475e-08
0.485606 0.00364556 2.1544e-08
0.485646 0.00364556 2.15442e-08
0.485686 0.00364556 2.15464e-08
0.485726 0.00364556 2.15455e-08
0.485765 0.00364556 2.15431e-08
0.485805 0.00364556 2.15474e-08
0.485845 0.00364556 2.15441e-08
0.485885 0.00364556 2.15441e-08
0.485924 0.00364556 2.15465e-08
0.485964 0.00364556 2.15453e-08
0.486004 0.00364556 2.15432e-08
0.486044 0.00364556 2.15473e-08
0.486083 0.00364556 2.15442e-08
0.486123 0.00364556 2.15439e-08
0.486163 0.00364556 2.15466e-08
0.486203 0.00364556 2.15452e-08
0.486243 0.00364556 2.15433e-08
0.486282 0.00364556 2.15471e-08
0.486322 0.00364556 2.15444e-08
0.486362 0.00364556 2.15438e-08
0.486402 0.00364556 2.15467e-08
0.486441 0.00364556 2.15451e-08
0.486481 0.00364556 2.15434e-08
0.486521 0.00364556 2.1547e-08
0.486561 0.00364556 2.15445e-08
0.4866 0.00364556 2.15437e-08
0.48664 0.00364556 2.15469e-08
0.48668 0.00364556 2.1545e-08
0.48672 0.00364556 2.15436e-08
0.486759 0.00364556 2.15469e-08
0.486799 0.00364556 2.15446e-08
0.486839 0.00364556 2.15435e-08
0.486879 0.00364556 2.1547e-08
0.486918 0.00364556 2.15448e-08
0.486958 0.00364556 2.15437e-08
0.486998 0.00364556 2.15468e-08
0.487038 0.00364556 2.15447e-08
0.487078 0.00364556 2.15434e-08
0.487117 0.00364556 2.15471e-08
0.487157 0.00364556 2.15447e-08
0.487197 0.00364556 2.15438e-08
0.487237 0.00364556 2.15466e-08
0.487276 0.00364556 2.15448e-08
0.487316 0.00364556 2.15433e-08
0.487356 0.00364556 2.15472e-08
0.487396 0.00364556 2.15446e-08
0.487435 0.00364556 2.15439e-08
0.487475 0.00364556 2.15465e-08
0.487515 0.00364556 2.1545e-08
0.487555 0.00364556 2.15432e-08
0.487594 0.00364556 2.15473e-08
0.487634 0.00364556 2.15445e-08
0.487674 0.00364556 2.1544e-08
0.487714 0.00364556 2.15464e-08
0.487753 0.00364556 2.15451e-08
0.487793 0.00364556 2.15431e-08
0.487833 0.00364556 2.15474e-08
0.487873 0.00364556 2.15444e-08
0.487913 0.00364556 2.15441e-08
0.487952 0.00364556 2.15463e-08
0.487992 0.00364556 2.15452e-08
0.488032 0.00364556 2.1543e-08
0.488072 0.00364556 2.15475e-08
0.488111 0.00364556 2.15443e-08
0.488151 0.00364556 2.15442e-08
0.488191 0.00364556 2.15462e-08
0.488231 0.00364556 2.15452e-08
0.48827 0.00364556 2.15429e-08
0.48831 0.00364556 2.15476e-08
0.48835 0.00364556 2.15442e-08
0.48839 0.00364556 2.15443e-08
0.488429 0.00364556 2.15462e-08
0.488469 0.00364556 2.15453e-08
0.488509 0.00364556 2.15428e-08
0.488549 0.00364556 2.15477e-08
0.488588 0.00364556 2.15442e-08
0.488628 0.00364556 2.15443e-08
0.488668 0.00364556 2.15461e-08
0.488708 0.00364556 2.15454e-08
0.488748 0.00364556 2.15428e-08
0.488787 0.00364556 2.15477e-08
0.488827 0.00364556 2.15441e-08
0.488867 0.00364556 2.15444e-08
0.488907 0.00364556 2.15461e-08
0.488946 0.00364556 2.15454e-08
0.488986 0.00364556 2.15427e-08
0.489026 0.00364556 2.15478e-08
0.489066 0.00364556 2.15441e-08
0.489105 0.00364556 2.15444e-08
0.489145 0.00364556 2.1546e-08
0.489185 0.00364556 2.15455e-08
0.489225 0.00364556 2.15427e-08
0.489264 0.00364556 2.15478e-08
0.489304 0.00364556 2.1544e-08
0.489344 0.00364556 2.15445e-08
0.489384 0.00364556 2.1546e-08
0.489423 0.00364556 2.15455e-08
0.489463 0.00364556 2.15427e-08
0.489503 0.00364556 2.15478e-08
0.489543 0.00364556 2.1544e-08
0.489583 0.00364556 2.15445e-08
0.489622 0.00364556 2.1546e-08
0.489662 0.00364556 2.15455e-08
0.489702 0.00364556 2.15427e-08
0.489742 0.00364556 2.15478e-08
0.489781 0.00364556 2.1544e-08
0.489821 0.00364556 2.15445e-08
0.489861 0.00364556 2.1546e-08
0.489901 0.00364556 2.15455e-08
0.48994 0.00364556 2.15427e-08
0.48998 0.00364556 2.15478e-08
0.49002 0.00364556 2.1544e-08
0.49006 0.00364556 2.15445e-08
0.490099 0.00364556 2.1546e-08
0.490139 0.00364556 2.15455e-08
0.490179 0.00364556 2.15427e-08
0.490219 0.00364556 2.15478e-08
0.490258 0.00364556 2.1544e-08
0.490298 0.00364556 2.15444e-08
0.490338 0.00364556 2.1546e-08
0.490378 0.00364556 2.15454e-08
0.490417 0.00364556 2.15427e-08
0.490457 0.00364556 2.15478e-08
0.490497 0.00364556 2.15441e-08
0.490537 0.00364556 2.15444e-08
0.490577 0.00364556 2.15461e-08
0.490616 0.00364556 2.15454e-08
0.490656 0.00364556 2.15428e-08
0.490696 0.00364556 2.15477e-08
0.490736 0.00364556 2.15441e-08
0.490775 0.00364556 2.15444e-08
0.490815 0.00364556 2.15461e-08
0.490855 0.00364556 2.15453e-08
0.490895 0.00364556 2.15428e-08
0.490934 0.00364556 2.15477e-08
0.490974 0.00364556 2.15442e-08
0.491014 0.00364556 2.15443e-08
0.491054 0.00364556 2.15462e-08
0.491093 0.00364556 2.15453e-08
0.491133 0.00364556 2.15429e-08
0.491173 0.00364556 2.15476e-08
0.491213 0.00364556 2.15443e-08
0.491252 0.00364556 2.15442e-08
0.491292 0.00364556 2.15462e-08
0.491332 0.00364556 2.15452e-08
0.491372 0.00364556 2.1543e-08
0.491412 0.00364556 2.15475e-08
0.491451 0.00364556 2.15443e-08
0.491491 0.00364556 2.15442e-08
0.491531 0.00364556 2.15463e-08
0.491571 0.00364556 2.15451e-08
0.49161 0.00364556 2.15431e-08
0.49165 0.00364556 2.15474e-08
0.49169 0.00364556 2.15444e-08
0.49173 0.00364556 2.15441e-08
0.491769 0.00364556 2.15464e-08
0.491809 0.00364556 2.1545e-08
0.491849 0.00364556 2.15431e-08
0.491889 0.00364556 2.15474e-08
0.491928 0.00364556 2.15445e-08
0.491968 0.00364556 2.1544e-08
0.492008 0.00364556 2.15465e-08
0.492048 0.00364556 2.1545e-08
0.492087 0.00364556 2.15432e-08
0.492127 0.00364556 2.15473e-08
0.492167 0.00364556 2.15446e-08
0.492207 0.00364556 2.15439e-08
0.492247 0.00364556 2.15466e-08
0.492286 0.00364556 2.15449e-08
0.492326 0.00364556 2.15433e-08
0.492366 0.00364556 2.15472e-08
0.492406 0.00364556 2.15447e-08
0.492445 0.00364556 2.15438e-08
0.492485 0.00364556 2.15467e-08
0.492525 0.00364556 2.15448e-08
0.492565 0.00364556 2.15434e-08
0.492604 0.00364556 2.15471e-08
0.492644 0.00364556 2.15448e-08
0.492684 0.00364556 2.15437e-08
0.492724 0.00364556 2.15468e-08
0.492763 0.00364556 2.15447e-08
0.492803 0.00364556 2.15435e-08
0.492843 0.00364556 2.1547e-08
0.492883 0.00364556 2.15449e-08
0.492922 0.00364556 2.15436e-08
0.492962 0.00364556 2.15469e-08
0.493002 0.00364556 2.15446e-08
0.493042 0.00364556 2.15436e-08
0.493082 0.00364556 2.15469e-08
0.493121 0.00364556 2.1545e-08
0.493161 0.00364556 2.15435e-08
0.493201 0.00364556 2.1547e-08
0.493241 0.00364556 2.15445e-08
0.49328 0.00364556 2.15437e-08
0.49332 0.00364556 2.15468e-08
0.49336 0.00364556 2.15451e-08
0.4934 0.00364556 2.15434e-08
0.493439 0.00364556 2.15471e-08
0.493479 0.00364556 2.15444e-08
0.493519 0.00364556 2.15438e-08
0.493559 0.00364556 2.15467e-08
0.493598 0.00364556 2.15452e-08
0.493638 0.00364556 2.15433e-08
0.493678 0.00364556 2.15472e-08
0.493718 0.00364556 2.15443e-08
0.493757 0.00364556 2.15439e-08
0.493797 0.00364556 2.15466e-08
0.493837 0.00364556 2.15453e-08
0.493877 0.00364556 2.15432e-08
0.493917 0.00364556 2.15473e-08
0.493956 0.00364556 2.15442e-08
0.493996 0.00364556 2.1544e-08
0.494036 0.00364556 2.15465e-08
0.494076 0.00364556 2.15454e-08
0.494115 0.00364556 2.15431e-08
0.494155 0.00364556 2.15474e-08
0.494195 0.00364556 2.15441e-08
0.494235 0.00364556 2.15441e-08
0.494274 0.00364556 2.15464e-08
0.494314 0.00364556 2.15454e-08
0.494354 0.00364556 2.1543e-08
0.494394 0.00364556 2.15474e-08
0.494433 0.00364556 2.1544e-08
0.494473 0.00364556 2.15442e-08
0.494513 0.00364556 2.15463e-08
0.494553 0.00364556 2.15455e-08
0.494592 0.00364556 2.1543e-08
0.494632 0.00364556 2.15475e-08
0.494672 0.00364556 2.1544e-08
0.494712 0.00364556 2.15442e-08
0.494751 0.00364556 2.15463e-08
0.494791 0.00364556 2.15456e-08
0.494831 0.00364556 2.15429e-08
0.494871 0.00364556 2.15476e-08
0.494911 0.00364556 2.15439e-08
0.49495 0.00364556 2.15443e-08
0.49499 0.00364556 2.15462e-08
0.49503 0.00364556 2.15456e-08
0.49507 0.00364556 2.15429e-08
0.495109 0.00364556 2.15476e-08
0.495149 0.00364556 2.15439e-08
0.495189 0.00364556 2.15443e-08
0.495229 0.00364556 2.15462e-08
0.495268 0.00364556 2.15457e-08
0.495308 0.00364556 2.15428e-08
0.495348 0.00364556 2.15476e-08
0.495388 0.00364556 2.15438e-08
0.495427 0.00364556 2.15444e-08
0.495467 0.00364556 2.15462e-08
0.495507 0.00364556 2.15457e-08
0.495547 0.00364556 2.15428e-08
0.495586 0.00364556 2.15477e-08
0.495626 0.00364556 2.15438e-08
0.495666 0.00364556 2.15444e-08
0.495706 0.00364556 2.15461e-08
0.495746 0.00364556 2.15457e-08
0.495785 0.00364556 2.15428e-08
0.495825 0.00364556 2.15477e-08
0.495865 0.00364556 2.15438e-08
0.495905 0.00364556 2.15444e-08
0.495944 0.00364556 2.15461e-08
0.495984 0.00364556 2.15457e-08
0.496024 0.00364556 2.15428e-08
0.496064 0.00364556 2.15477e-08
0.496103 0.00364556 2.15438e-08
0.496143 0.00364556 2.15444e-08
0.496183 0.00364556 2.15461e-08
0.496223 0.00364556 2.15457e-08
0.496262 0.00364556 2.15428e-08
0.496302 0.00364556 2.15477e-08
0.496342 0.00364556 2.15438e-08
0.496382 0.00364556 2.15444e-08
0.496421 0.00364556 2.15461e-08
0.496461 0.00364556 2.15457e-08
0.496501 0.00364556 2.15428e-08
0.496541 0.00364556 2.15477e-08
0.496581 0.00364556 2.15438e-08
0.49662 0.00364556 2.15444e-08
0.49666 0.00364556 2.15462e-08
0.4967 0.00364556 2.15457e-08
0.49674 0.00364556 2.15428e-08
0.496779 0.00364556 2.15476e-08
0.496819 0.00364556 2.15438e-08
0.496859 0.00364556 2.15443e-08
0.496899 0.00364556 2.15462e-08
0.496938 0.00364556 2.15457e-08
0.496978 0.00364556 2.15428e-08
0.497018 0.00364556 2.15476e-08
0.497058 0.00364556 2.15439e-08
0.497097 0.00364556 2.15443e-08
0.497137 0.00364556 2.15462e-08
0.497177 0.00364556 2.15456e-08
0.497217 0.00364556 2.15429e-08
0.497256 0.00364556 2.15476e-08
0.497296 0.00364556 2.15439e-08
0.497336 0.00364556 2.15443e-08
0.497376 0.00364556 2.15463e-08
0.497416 0.00364556 2.15456e-08
0.497455 0.00364556 2.15429e-08
0.497495 0.00364556 2.15475e-08
0.497535 0.00364556 2.1544e-08
0.497575 0.00364556 2.15442e-08
0.497614 0.00364556 2.15463e-08
0.497654 0.00364556 2.15455e-08
0.497694 0.00364556 2.1543e-08
0.497734 0.00364556 2.15475e-08
0.497773 0.00364556 2.1544e-08
0.497813 0.00364556 2.15441e-08
0.497853 0.00364556 2.15464e-08
0.497893 0.00364556 2.15455e-08
0.497932 0.00364556 2.15431e-08
0.497972 0.00364556 2.15474e-08
0.498012 0.00364556 2.15441e-08
0.498052 0.00364556 2.15441e-08
0.498091 0.00364556 2.15464e-08
0.498131 0.00364556 2.15454e-08
0.498171 0.00364556 2.15431e-08
0.498211 0.00364556 2.15473e-08
0.49825 0.00364556 2.15442e-08
0.49829 0.00364556 2.1544e-08
0.49833 0.00364556 2.15465e-08
0.49837 0.00364556 2.15453e-08
0.49841 0.00364556 2.15432e-08
0.498449 0.00364556 2.15473e-08
0.498489 0.00364556 2.15442e-08
0.498529 0.00364556 2.15439e-08
0.498569 0.00364556 2.15466e-08
0.498608 0.00364556 2.15452e-08
0.498648 0.00364556 2.15433e-08
0.498688 0.00364556 2.15472e-08
0.498728 0.00364556 2.15443e-08
0.498767 0.00364556 2.15439e-08
0.498807 0.00364556 2.15467e-08
0.498847 0.00364556 2.15452e-08
0.498887 0.00364556 2.15434e-08
0.498926 0.00364556 2.15471e-08
0.498966 0.00364556 2.15444e-08
0.499006 0.00364556 2.15438e-08
0.499046 0.00364556 2.15468e-08
0.499085 0.00364556 2.15451e-08
0.499125 0.00364556 2.15434e-08
0.499165 0.00364556 2.1547e-08
0.499205 0.00364556 2.15445e-08
0.499245 0.00364556 2.15437e-08
0.499284 0.00364556 2.15468e-08
0.499324 0.00364556 2.1545e-08
0.499364 0.00364556 2.15435e-08
0.499404 0.00364556 2.15469e-08
0.499443 0.00364556 2.15446e-08
0.499483 0.00364556 2.15436e-08
0.499523 0.00364556 2.15469e-08
0.499563 0.00364556 2.15449e-08
0.499602 0.00364556 2.15436e-08
0.499642 0.00364556 2.15469e-08
0.499682 0.00364556 2.15446e-08
0.499722 0.00364556 2.15435e-08
0.499761 0.00364556 2.1547e-08
0.499801 0.00364556 2.15448e-08
0.499841 0.00364556 2.15437e-08
0.499881 0.00364556 2.15468e-08
0.49992 0.00364556 2.15447e-08
0.49996 0.00364556 2.15435e-08
0.5 0.00364556 2.15471e-08
0.50004 0.00364556 2.15448e-08
0.50008 0.00364556 2.15438e-08
0.500119 0.00364556 2.15467e-08
0.500159 0.00364556 2.15448e-08
0.500199 0.00364556 2.15434e-08
0.500239 0.00364556 2.15471e-08
0.500278 0.00364556 2.15447e-08
0.500318 0.00364556 2.15438e-08
0.500358 0.00364556 2.15466e-08
0.500398 0.00364556 2.15449e-08
0.500437 0.00364556 2.15433e-08
0.500477 0.00364556 2.15472e-08
0.500517 0.00364556 2.15446e-08
0.500557 0.00364556 2.15439e-08
0.500596 0.00364556 2.15466e-08
0.500636 0.00364556 2.15449e-08
0.500676 0.00364556 2.15433e-08
0.500716 0.00364556 2.15473e-08
0.500755 0.00364556 2.15446e-08
0.500795 0.00364556 2.15439e-08
0.500835 0.00364556 2.15465e-08
0.500875 0.00364556 2.1545e-08
0.500915 0.00364556 2.15432e-08
0.500954 0.00364556 2.15473e-08
0.500994 0.00364556 2.15445e-08
0.501034 0.00364556 2.1544e-08
0.501074 0.00364556 2.15465e-08
0.501113 0.00364556 2.1545e-08
0.501153 0.00364556 2.15431e-08
0.501193 0.00364556 2.15474e-08
0.501233 0.00364556 2.15445e-08
0.501272 0.00364556 2.1544e-08
0.501312 0.00364556 2.15464e-08
0.501352 0.00364556 2.15451e-08
0.501392 0.00364556 2.15431e-08
0.501431 0.00364556 2.15474e-08
0.501471 0.00364556 2.15444e-08
0.501511 0.00364556 2.15441e-08
0.501551 0.00364556 2.15464e-08
0.50159 0.00364556 2.15451e-08
0.50163 0.00364556 2.15431e-08
0.50167 0.00364556 2.15475e-08
0.50171 0.00364556 2.15444e-08
0.50175 0.00364556 2.15441e-08
0.501789 0.00364556 2.15463e-08
0.501829 0.00364556 2.15451e-08
0.501869 0.00364556 2.1543e-08
0.501909 0.00364556 2.15475e-08
0.501948 0.00364556 2.15444e-08
0.501988 0.00364556 2.15441e-08
0.502028 0.00364556 2.15463e-08
0.502068 0.00364556 2.15452e-08
0.502107 0.00364556 2.1543e-08
0.502147 0.00364556 2.15475e-08
0.502187 0.00364556 2.15443e-08
0.502227 0.00364556 2.15442e-08
0.502266 0.00364556 2.15463e-08
0.502306 0.00364556 2.15452e-08
0.502346 0.00364556 2.1543e-08
0.502386 0.00364556 2.15475e-08
0.502425 0.00364556 2.15443e-08
0.502465 0.00364556 2.15442e-08
0.502505 0.00364556 2.15463e-08
0.502545 0.00364556 2.15452e-08
0.502584 0.00364556 2.1543e-08
0.502624 0.00364556 2.15475e-08
0.502664 0.00364556 2.15443e-08
0.502704 0.00364556 2.15442e-08
0.502744 0.00364556 2.15463e-08
0.502783 0.00364556 2.15452e-08
0.502823 0.00364556 2.1543e-08
0.502863 0.00364556 2.15475e-08
0.502903 0.00364556 2.15443e-08
0.502942 0.00364556 2.15441e-08
0.502982 0.00364556 2.15463e-08
0.503022 0.00364556 2.15451e-08
0.503062 0.00364556 2.1543e-08
0.503101 0.00364556 2.15475e-08
0.503141 0.00364556 2.15444e-08
0.503181 0.00364556 2.15441e-08
0.503221 0.00364556 2.15463e-08
0.50326 0.00364556 2.15451e-08
0.5033 0.00364556 2.15431e-08
0.50334 0.00364556 2.15475e-08
0.50338 0.00364556 2.15444e-08
0.503419 0.00364556 2.15441e-08
0.503459 0.00364556 2.15464e-08
0.503499 0.00364556 2.15451e-08
0.503539 0.00364556 2.15431e-08
0.503579 0.00364556 2.15474e-08
0.503618 0.00364556 2.15444e-08
0.503658 0.00364556 2.15441e-08
0.503698 0.00364556 2.15464e-08
0.503738 0.00364556 2.15451e-08
0.503777 0.00364556 2.15431e-08
0.503817 0.00364556 2.15474e-08
0.503857 0.00364556 2.15445e-08
0.503897 0.00364556 2.1544e-08
0.503936 0.00364556 2.15464e-08
0.503976 0.00364556 2.1545e-08
0.504016 0.00364556 2.15432e-08
0.504056 0.00364556 2.15473e-08
0.504095 0.00364556 2.15445e-08
0.504135 0.00364556 2.1544e-08
0.504175 0.00364556 2.15465e-08
0.504215 0.00364556 2.1545e-08
0.504254 0.00364556 2.15432e-08
0.504294 0.00364556 2.15473e-08
0.504334 0.00364556 2.15446e-08
0.504374 0.00364556 2.15439e-08
0.504414 0.00364556 2.15465e-08
0.504453 0.00364556 2.15449e-08
0.504493 0.00364556 2.15433e-08
0.504533 0.00364556 2.15472e-08
0.504573 0.00364556 2.15446e-08
0.504612 0.00364556 2.15439e-08
0.504652 0.00364556 2.15466e-08
0.504692 0.00364556 2.15449e-08
0.504732 0.00364556 2.15433e-08
0.504771 0.00364556 2.15472e-08
0.504811 0.00364556 2.15447e-08
0.504851 0.00364556 2.15438e-08
0.504891 0.00364556 2.15467e-08
0.50493 0.00364556 2.15448e-08
0.50497 0.00364556 2.15434e-08
0.50501 0.00364556 2.15471e-08
0.50505 0.00364556 2.15447e-08
0.505089 0.00364556 2.15438e-08
0.505129 0.00364556 2.15467e-08
0.505169 0.00364556 2.15447e-08
0.505209 0.00364556 2.15434e-08
0.505249 0.00364556 2.15471e-08
0.505288 0.00364556 2.15448e-08
0.505328 0.00364556 2.15437e-08
0.505368 0.00364556 2.15468e-08
0.505408 0.00364556 2.15447e-08
0.505447 0.00364556 2.15435e-08
0.505487 0.00364556 2.1547e-08
0.505527 0.00364556 2.15449e-08
0.505567 0.00364556 2.15436e-08
0.505606 0.00364556 2.15468e-08
0.505646 0.00364556 2.15446e-08
0.505686 0.00364556 2.15436e-08
0.505726 0.00364556 2.15469e-08
0.505765 0.00364556 2.15449e-08
0.505805 0.00364556 2.15436e-08
0.505845 0.00364556 2.15469e-08
0.505885 0.00364556 2.15446e-08
0.505924 0.00364556 2.15436e-08
0.505964 0.00364556 2.15469e-08
0.506004 0.00364556 2.1545e-08
0.506044 0.00364556 2.15435e-08
0.506083 0.00364556 2.1547e-08
0.506123 0.00364556 2.15445e-08
0.506163 0.00364556 2.15437e-08
0.506203 0.00364556 2.15468e-08
0.506243 0.00364556 2.1545e-08
0.506282 0.00364556 2.15434e-08
0.506322 0.00364556 2.1547e-08
0.506362 0.00364556 2.15444e-08
0.506402 0.00364556 2.15438e-08
0.506441 0.00364556 2.15468e-08
0.506481 0.00364556 2.15451e-08
0.506521 0.00364556 2.15434e-08
0.506561 0.00364556 2.15471e-08
0.5066 0.00364556 2.15444e-08
0.50664 0.00364556 2.15438e-08
0.50668 0.00364556 2.15467e-08
0.50672 0.00364556 2.15452e-08
0.506759 0.00364556 2.15433e-08
0.506799 0.00364556 2.15471e-08
0.506839 0.00364556 2.15443e-08
0.506879 0.00364556 2.15439e-08
0.506918 0.00364556 2.15466e-08
0.506958 0.00364556 2.15452e-08
0.506998 0.00364556 2.15433e-08
0.507038 0.00364556 2.15472e-08
0.507078 0.00364556 2.15443e-08
0.507117 0.00364556 2.15439e-08
0.507157 0.00364556 2.15466e-08
0.507197 0.00364556 2.15453e-08
0.507237 0.00364556 2.15432e-08
0.507276 0.00364556 2.15472e-08
0.507316 0.00364556 2.15442e-08
0.507356 0.00364556 2.1544e-08
0.507396 0.00364556 2.15466e-08
0.507435 0.00364556 2.15453e-08
0.507475 0.00364556 2.15432e-08
0.507515 0.00364556 2.15473e-08
0.507555 0.00364556 2.15442e-08
0.507594 0.00364556 2.1544e-08
0.507634 0.00364556 2.15465e-08
0.507674 0.00364556 2.15453e-08
0.507714 0.00364556 2.15432e-08
0.507753 0.00364556 2.15473e-08
0.507793 0.00364556 2.15442e-08
0.507833 0.00364556 2.1544e-08
0.507873 0.00364556 2.15465e-08
0.507913 0.00364556 2.15454e-08
0.507952 0.00364556 2.15431e-08
0.507992 0.00364556 2.15473e-08
0.508032 0.00364556 2.15441e-08
0.508072 0.00364556 2.15441e-08
0.508111 0.00364556 2.15465e-08
0.508151 0.00364556 2.15454e-08
0.508191 0.00364556 2.15431e-08
0.508231 0.00364556 2.15474e-08
0.50827 0.00364556 2.15441e-08
0.50831 0.00364556 2.15441e-08
0.50835 0.00364556 2.15464e-08
0.50839 0.00364556 2.15454e-08
0.508429 0.00364556 2.15431e-08
0.508469 0.00364556 2.15474e-08
0.508509 0.00364556 2.15441e-08
0.508549 0.00364556 2.15441e-08
0.508588 0.00364556 2.15464e-08
0.508628 0.00364556 2.15454e-08
0.508668 0.00364556 2.15431e-08
0.508708 0.00364556 2.15474e-08
0.508748 0.00364556 2.15441e-08
0.508787 0.00364556 2.15441e-08
0.508827 0.00364556 2.15464e-08
0.508867 0.00364556 2.15454e-08
0.508907 0.00364556 2.15431e-08
0.508946 0.00364556 2.15474e-08
0.508986 0.00364556 2.15441e-08
0.509026 0.00364556 2.15441e-08
0.509066 0.00364556 2.15464e-08
0.509105 0.00364556 2.15454e-08
0.509145 0.00364556 2.15431e-08
0.509185 0.00364556 2.15474e-08
0.509225 0.00364556 2.15441e-08
0.509264 0.00364556 2.15441e-08
0.509304 0.00364556 2.15464e-08
0.509344 0.00364556 2.15454e-08
0.509384 0.00364556 2.15431e-08
0.509423 0.00364556 2.15474e-08
0.509463 0.00364556 2.15441e-08
0.509503 0.00364556 2.15441e-08
0.509543 0.00364556 2.15464e-08
0.509583 0.00364556 2.15454e-08
0.509622 0.00364556 2.15431e-08
0.509662 0.00364556 2.15474e-08
0.509702 0.00364556 2.15441e-08
0.509742 0.00364556 2.15441e-08
0.509781 0.00364556 2.15465e-08
0.509821 0.00364556 2.15454e-08
0.509861 0.00364556 2.15431e-08
0.509901 0.00364556 2.15473e-08
0.50994 0.00364556 2.15441e-08
0.50998 0.00364556 2.1544e-08
0.51002 0.00364556 2.15465e-08
0.51006 0.00364556 2.15453e-08
0.510099 0.00364556 2.15432e-08
0.510139 0.00364556 2.15473e-08
0.510179 0.00364556 2.15442e-08
0.510219 0.00364556 2.1544e-08
0.510258 0.00364556 2.15465e-08
0.510298 0.00364556 2.15453e-08
0.510338 0.00364556 2.15432e-08
0.510378 0.00364556 2.15473e-08
0.510417 0.00364556 2.15442e-08
0.510457 0.00364556 2.1544e-08
0.510497 0.00364556 2.15466e-08
0.510537 0.00364556 2.15453e-08
0.510577 0.00364556 2.15432e-08
0.510616 0.00364556 2.15472e-08
0.510656 0.00364556 2.15442e-08
0.510696 0.00364556 2.15439e-08
0.510736 0.00364556 2.15466e-08
0.510775 0.00364556 2.15452e-08
0.510815 0.00364556 2.15433e-08
0.510855 0.00364556 2.15472e-08
0.510895 0.00364556 2.15443e-08
0.510934 0.00364556 2.15439e-08
0.510974 0.00364556 2.15466e-08
0.511014 0.00364556 2.15452e-08
0.511054 0.00364556 2.15433e-08
0.511093 0.00364556 2.15471e-08
0.511133 0.00364556 2.15443e-08
0.511173 0.00364556 2.15438e-08
0.511213 0.00364556 2.15467e-08
0.511252 0.00364556 2.15451e-08
0.511292 0.00364556 2.15434e-08
0.511332 0.00364556 2.15471e-08
0.511372 0.00364556 2.15444e-08
0.511412 0.00364556 2.15438e-08
0.511451 0.00364556 2.15467e-08
0.511491 0.00364556 2.15451e-08
0.511531 0.00364556 2.15434e-08
0.511571 0.00364556 2.1547e-08
0.51161 0.00364556 2.15444e-08
0.51165 0.00364556 2.15437e-08
0.51169 0.00364556 2.15468e-08
0.51173 0.00364556 2.1545e-08
0.511769 0.00364556 2.15435e-08
0.511809 0.00364556 2.1547e-08
0.511849 0.00364556 2.15445e-08
0.511889 0.00364556 2.15437e-08
0.511928 0.00364556 2.15468e-08
0.511968 0.00364556 2.1545e-08
0.512008 0.00364556 2.15435e-08
0.512048 0.00364556 2.15469e-08
0.512087 0.00364556 2.15445e-08
0.512127 0.00364556 2.15436e-08
0.512167 0.00364556 2.15469e-08
0.512207 0.00364556 2.15449e-08
0.512247 0.00364556 2.15436e-08
0.512286 0.00364556 2.15469e-08
0.512326 0.00364556 2.15446e-08
0.512366 0.00364556 2.15436e-08
0.512406 0.00364556 2.15469e-08
0.512445 0.00364556 2.15449e-08
0.512485 0.00364556 2.15436e-08
0.512525 0.00364556 2.15468e-08
0.512565 0.00364556 2.15446e-08
0.512604 0.00364556 2.15435e-08
0.512644 0.00364556 2.1547e-08
0.512684 0.00364556 2.15448e-08
0.512724 0.00364556 2.15437e-08
0.512763 0.00364556 2.15468e-08
0.512803 0.00364556 2.15447e-08
0.512843 0.00364556 2.15435e-08
0.512883 0.00364556 2.1547e-08
0.512922 0.00364556 2.15448e-08
0.512962 0.00364556 2.15437e-08
0.513002 0.00364556 2.15468e-08
0.513042 0.00364556 2.15447e-08
0.513082 0.00364556 2.15434e-08
0.513121 0.00364556 2.15471e-08
0.513161 0.00364556 2.15447e-08
0.513201 0.00364556 2.15438e-08
0.513241 0.00364556 2.15467e-08
0.51328 0.00364556 2.15448e-08
0.51332 0.00364556 2.15434e-08
0.51336 0.00364556 2.15471e-08
0.5134 0.00364556 2.15447e-08
0.513439 0.00364556 2.15438e-08
0.513479 0.00364556 2.15467e-08
0.513519 0.00364556 2.15448e-08
0.513559 0.00364556 2.15434e-08
0.513598 0.00364556 2.15472e-08
0.513638 0.00364556 2.15447e-08
0.513678 0.00364556 2.15438e-08
0.513718 0.00364556 2.15466e-08
0.513757 0.00364556 2.15449e-08
0.513797 0.00364556 2.15433e-08
0.513837 0.00364556 2.15472e-08
0.513877 0.00364556 2.15446e-08
0.513917 0.00364556 2.15439e-08
0.513956 0.00364556 2.15466e-08
0.513996 0.00364556 2.15449e-08
0.514036 0.00364556 2.15433e-08
0.514076 0.00364556 2.15472e-08
0.514115 0.00364556 2.15446e-08
0.514155 0.00364556 2.15439e-08
0.514195 0.00364556 2.15466e-08
0.514235 0.00364556 2.15449e-08
0.514274 0.00364556 2.15433e-08
0.514314 0.00364556 2.15473e-08
0.514354 0.00364556 2.15446e-08
0.514394 0.00364556 2.15439e-08
0.514433 0.00364556 2.15466e-08
0.514473 0.00364556 2.15449e-08
0.514513 0.00364556 2.15432e-08
0.514553 0.00364556 2.15473e-08
0.514592 0.00364556 2.15446e-08
0.514632 0.00364556 2.15439e-08
0.514672 0.00364556 2.15465e-08
0.514712 0.00364556 2.15449e-08
0.514751 0.00364556 2.15432e-08
0.514791 0.00364556 2.15473e-08
0.514831 0.00364556 2.15446e-08
0.514871 0.00364556 2.15439e-08
0.514911 0.00364556 2.15465e-08
0.51495 0.00364556 2.1545e-08
0.51499 0.00364556 2.15432e-08
0.51503 0.00364556 2.15473e-08
0.51507 0.00364556 2.15445e-08
0.515109 0.00364556 2.1544e-08
0.515149 0.00364556 2.15465e-08
0.515189 0.00364556 2.1545e-08
0.515229 0.00364556 2.15432e-08
0.515268 0.00364556 2.15473e-08
0.515308 0.00364556 2.15445e-08
0.515348 0.00364556 2.1544e-08
0.515388 0.00364556 2.15465e-08
0.515427 0.00364556 2.1545e-08
0.515467 0.00364556 2.15432e-08
0.515507 0.00364556 2.15473e-08
0.515547 0.00364556 2.15445e-08
0.515586 0.00364556 2.1544e-08
0.515626 0.00364556 2.15465e-08
0.515666 0.00364556 2.1545e-08
0.515706 0.00364556 2.15432e-08
0.515746 0.00364556 2.15473e-08
0.515785 0.00364556 2.15446e-08
0.515825 0.00364556 2.15439e-08
0.515865 0.00364556 2.15465e-08
0.515905 0.00364556 2.15449e-08
0.515944 0.00364556 2.15432e-08
0.515984 0.00364556 2.15473e-08
0.516024 0.00364556 2.15446e-08
0.516064 0.00364556 2.15439e-08
0.516103 0.00364556 2.15465e-08
0.516143 0.00364556 2.15449e-08
0.516183 0.00364556 2.15432e-08
0.516223 0.00364556 2.15473e-08
0.516262 0.00364556 2.15446e-08
0.516302 0.00364556 2.15439e-08
0.516342 0.00364556 2.15466e-08
0.516382 0.00364556 2.15449e-08
0.516421 0.00364556 2.15433e-08
0.516461 0.00364556 2.15472e-08
0.516501 0.00364556 2.15446e-08
0.516541 0.00364556 2.15439e-08
0.516581 0.00364556 2.15466e-08
0.51662 0.00364556 2.15449e-08
0.51666 0.00364556 2.15433e-08
0.5167 0.00364556 2.15472e-08
0.51674 0.00364556 2.15446e-08
0.516779 0.00364556 2.15439e-08
0.516819 0.00364556 2.15466e-08
0.516859 0.00364556 2.15449e-08
0.516899 0.00364556 2.15433e-08
0.516938 0.00364556 2.15472e-08
0.516978 0.00364556 2.15447e-08
0.517018 0.00364556 2.15438e-08
0.517058 0.00364556 2.15466e-08
0.517097 0.00364556 2.15448e-08
0.517137 0.00364556 2.15434e-08
0.517177 0.00364556 2.15472e-08
0.517217 0.00364556 2.15447e-08
0.517256 0.00364556 2.15438e-08
0.517296 0.00364556 2.15467e-08
0.517336 0.00364556 2.15448e-08
0.517376 0.00364556 2.15434e-08
0.517416 0.00364556 2.15471e-08
0.517455 0.00364556 2.15447e-08
0.517495 0.00364556 2.15438e-08
0.517535 0.00364556 2.15467e-08
0.517575 0.00364556 2.15448e-08
0.517614 0.00364556 2.15434e-08
0.517654 0.00364556 2.15471e-08
0.517694 0.00364556 2.15448e-08
0.517734 0.00364556 2.15437e-08
0.517773 0.00364556 2.15467e-08
0.517813 0.00364556 2.15447e-08
0.517853 0.00364556 2.15435e-08
0.517893 0.00364556 2.1547e-08
0.517932 0.00364556 2.15448e-08
0.517972 0.00364556 2.15437e-08
0.518012 0.00364556 2.15468e-08
0.518052 0.00364556 2.15447e-08
0.518091 0.00364556 2.15435e-08
0.518131 0.00364556 2.1547e-08
0.518171 0.00364556 2.15448e-08
0.518211 0.00364556 2.15436e-08
0.51825 0.00364556 2.15468e-08
0.51829 0.00364556 2.15446e-08
0.51833 0.00364556 2.15435e-08
0.51837 0.00364556 2.1547e-08
0.51841 0.00364556 2.15449e-08
0.518449 0.00364556 2.15436e-08
0.518489 0.00364556 2.15469e-08
0.518529 0.00364556 2.15446e-08
0.518569 0.00364556 2.15436e-08
0.518608 0.00364556 2.15469e-08
0.518648 0.00364556 2.15449e-08
0.518688 0.00364556 2.15436e-08
0.518728 0.00364556 2.15469e-08
0.518767 0.00364556 2.15446e-08
0.518807 0.00364556 2.15436e-08
0.518847 0.00364556 2.15469e-08
0.518887 0.00364556 2.1545e-08
0.518926 0.00364556 2.15435e-08
0.518966 0.00364556 2.15469e-08
0.519006 0.00364556 2.15445e-08
0.519046 0.00364556 2.15437e-08
0.519085 0.00364556 2.15468e-08
0.519125 0.00364556 2.1545e-08
0.519165 0.00364556 2.15435e-08
0.519205 0.00364556 2.1547e-08
0.519245 0.00364556 2.15445e-08
0.519284 0.00364556 2.15437e-08
0.519324 0.00364556 2.15468e-08
0.519364 0.00364556 2.1545e-08
0.519404 0.00364556 2.15435e-08
0.519443 0.00364556 2.1547e-08
0.519483 0.00364556 2.15445e-08
0.519523 0.00364556 2.15437e-08
0.519563 0.00364556 2.15468e-08
0.519602 0.00364556 2.15451e-08
0.519642 0.00364556 2.15434e-08
0.519682 0.00364556 2.15471e-08
0.519722 0.00364556 2.15444e-08
0.519761 0.00364556 2.15438e-08
0.519801 0.00364556 2.15467e-08
0.519841 0.00364556 2.15451e-08
0.519881 0.00364556 2.15434e-08
0.51992 0.00364556 2.15471e-08
0.51996 0.00364556 2.15444e-08
0.52 0.00364556 2.15438e-08
0.52004 0.00364556 2.15467e-08
0.52008 0.00364556 2.15451e-08
0.520119 0.00364556 2.15434e-08
0.520159 0.00364556 2.15471e-08
0.520199 0.00364556 2.15444e-08
0.520239 0.00364556 2.15438e-08
0.520278 0.00364556 2.15467e-08
0.520318 0.00364556 2.15452e-08
0.520358 0.00364556 2.15433e-08
0.520398 0.00364556 2.15471e-08
0.520437 0.00364556 2.15443e-08
0.520477 0.00364556 2.15438e-08
0.520517 0.00364556 2.15467e-08
0.520557 0.00364556 2.15452e-08
0.520596 0.00364556 2.15433e-08
0.520636 0.00364556 2.15472e-08
0.520676 0.00364556 2.15443e-08
0.520716 0.00364556 2.15439e-08
0.520755 0.00364556 2.15466e-08
0.520795 0.00364556 2.15452e-08
0.520835 0.00364556 2.15433e-08
0.520875 0.00364556 2.15472e-08
0.520915 0.00364556 2.15443e-08
0.520954 0.00364556 2.15439e-08
0.520994 0.00364556 2.15466e-08
0.521034 0.00364556 2.15452e-08
0.521074 0.00364556 2.15433e-08
0.521113 0.00364556 2.15472e-08
0.521153 0.00364556 2.15443e-08
0.521193 0.00364556 2.15439e-08
0.521233 0.00364556 2.15466e-08
0.521272 0.00364556 2.15452e-08
0.521312 0.00364556 2.15433e-08
0.521352 0.00364556 2.15472e-08
0.521392 0.00364556 2.15443e-08
0.521431 0.00364556 2.15439e-08
0.521471 0.00364556 2.15466e-08
0.521511 0.00364556 2.15452e-08
0.521551 0.00364556 2.15433e-08
0.52159 0.00364556 2.15472e-08
0.52163 0.00364556 2.15443e-08
0.52167 0.00364556 2.15439e-08
0.52171 0.00364556 2.15466e-08
0.52175 0.00364556 2.15452e-08
0.521789 0.00364556 2.15433e-08
0.521829 0.00364556 2.15472e-08
0.521869 0.00364556 2.15443e-08
0.521909 0.00364556 2.15439e-08
0.521948 0.00364556 2.15466e-08
0.521988 0.00364556 2.15452e-08
0.522028 0.00364556 2.15433e-08
0.522068 0.00364556 2.15472e-08
0.522107 0.00364556 2.15443e-08
0.522147 0.00364556 2.15439e-08
0.522187 0.00364556 2.15466e-08
0.522227 0.00364556 2.15452e-08
0.522266 0.00364556 2.15433e-08
0.522306 0.00364556 2.15472e-08
0.522346 0.00364556 2.15443e-08
0.522386 0.00364556 2.15439e-08
0.522425 0.00364556 2.15466e-08
0.522465 0.00364556 2.15452e-08
0.522505 0.00364556 2.15433e-08
0.522545 0.00364556 2.15472e-08
0.522584 0.00364556 2.15443e-08
0.522624 0.00364556 2.15439e-08
0.522664 0.00364556 2.15466e-08
0.522704 0.00364556 2.15452e-08
0.522744 0.00364556 2.15433e-08
0.522783 0.00364556 2.15472e-08
0.522823 0.00364556 2.15443e-08
0.522863 0.00364556 2.15439e-08
0.522903 0.00364556 2.15467e-08
0.522942 0.00364556 2.15452e-08
0.522982 0.00364556 2.15433e-08
0.523022 0.00364556 2.15471e-08
0.523062 0.00364556 2.15443e-08
0.523101 0.00364556 2.15438e-08
0.523141 0.00364556 2.15467e-08
0.523181 0.00364556 2.15452e-08
0.523221 0.00364556 2.15434e-08
0.52326 0.00364556 2.15471e-08
0.5233 0.00364556 2.15444e-08
0.52334 0.00364556 2.15438e-08
0.52338 0.00364556 2.15467e-08
0.523419 0.00364556 2.15451e-08
0.523459 0.00364556 2.15434e-08
0.523499 0.00364556 2.15471e-08
0.523539 0.00364556 2.15444e-08
0.523579 0.00364556 2.15438e-08
0.523618 0.00364556 2.15467e-08
0.523658 0.00364556 2.15451e-08
0.523698 0.00364556 2.15434e-08
0.523738 0.00364556 2.15471e-08
0.523777 0.00364556 2.15444e-08
0.523817 0.00364556 2.15438e-08
0.523857 0.00364556 2.15468e-08
0.523897 0.00364556 2.15451e-08
0.523936 0.00364556 2.15434e-08
0.523976 0.00364556 2.1547e-08
0.524016 0.00364556 2.15445e-08
0.524056 0.00364556 2.15437e-08
0.524095 0.00364556 2.15468e-08
0.524135 0.00364556 2.1545e-08
0.524175 0.00364556 2.15435e-08
0.524215 0.00364556 2.1547e-08
0.524254 0.00364556 2.15445e-08
0.524294 0.00364556 2.15437e-08
0.524334 0.00364556 2.15468e-08
0.524374 0.00364556 2.1545e-08
0.524414 0.00364556 2.15435e-08
0.524453 0.00364556 2.1547e-08
0.524493 0.00364556 2.15445e-08
0.524533 0.00364556 2.15437e-08
0.524573 0.00364556 2.15469e-08
0.524612 0.00364556 2.1545e-08
0.524652 0.00364556 2.15435e-08
0.524692 0.00364556 2.15469e-08
0.524732 0.00364556 2.15445e-08
0.524771 0.00364556 2.15436e-08
0.524811 0.00364556 2.15469e-08
0.524851 0.00364556 2.15449e-08
0.524891 0.00364556 2.15436e-08
0.52493 0.00364556 2.15469e-08
0.52497 0.00364556 2.15446e-08
0.52501 0.00364556 2.15436e-08
0.52505 0.00364556 2.15469e-08
0.525089 0.00364556 2.15449e-08
0.525129 0.00364556 2.15436e-08
0.525169 0.00364556 2.15469e-08
0.525209 0.00364556 2.15446e-08
0.525249 0.00364556 2.15436e-08
0.525288 0.00364556 2.1547e-08
0.525328 0.00364556 2.15449e-08
0.525368 0.00364556 2.15436e-08
0.525408 0.00364556 2.15468e-08
0.525447 0.00364556 2.15446e-08
0.525487 0.00364556 2.15435e-08
0.525527 0.00364556 2.1547e-08
0.525567 0.00364556 2.15448e-08
0.525606 0.00364556 2.15437e-08
0.525646 0.00364556 2.15468e-08
0.525686 0.00364556 2.15447e-08
0.525726 0.00364556 2.15435e-08
0.525765 0.00364556 2.1547e-08
0.525805 0.00364556 2.15448e-08
0.525845 0.00364556 2.15437e-08
0.525885 0.00364556 2.15468e-08
0.525924 0.00364556 2.15447e-08
0.525964 0.00364556 2.15435e-08
0.526004 0.00364556 2.1547e-08
0.526044 0.00364556 2.15448e-08
0.526083 0.00364556 2.15437e-08
0.526123 0.00364556 2.15468e-08
0.526163 0.00364556 2.15447e-08
0.526203 0.00364556 2.15434e-08
0.526243 0.00364556 2.15471e-08
0.526282 0.00364556 2.15448e-08
0.526322 0.00364556 2.15437e-08
0.526362 0.00364556 2.15467e-08
0.526402 0.00364556 2.15448e-08
0.526441 0.00364556 2.15434e-08
0.526481 0.00364556 2.15471e-08
0.526521 0.00364556 2.15447e-08
0.526561 0.00364556 2.15438e-08
0.5266 0.00364556 2.15467e-08
0.52664 0.00364556 2.15448e-08
0.52668 0.00364556 2.15434e-08
0.52672 0.00364556 2.15471e-08
0.526759 0.00364556 2.15447e-08
0.526799 0.00364556 2.15438e-08
0.526839 0.00364556 2.15467e-08
0.526879 0.00364556 2.15448e-08
0.526918 0.00364556 2.15434e-08
0.526958 0.00364556 2.15471e-08
0.526998 0.00364556 2.15447e-08
0.527038 0.00364556 2.15438e-08
0.527078 0.00364556 2.15467e-08
0.527117 0.00364556 2.15448e-08
0.527157 0.00364556 2.15434e-08
0.527197 0.00364556 2.15471e-08
0.527237 0.00364556 2.15447e-08
0.527276 0.00364556 2.15438e-08
0.527316 0.00364556 2.15467e-08
0.527356 0.00364556 2.15448e-08
0.527396 0.00364556 2.15434e-08
0.527435 0.00364556 2.15472e-08
0.527475 0.00364556 2.15447e-08
0.527515 0.00364556 2.15438e-08
0.527555 0.00364556 2.15466e-08
0.527594 0.00364556 2.15448e-08
0.527634 0.00364556 2.15433e-08
0.527674 0.00364556 2.15472e-08
0.527714 0.00364556 2.15447e-08
0.527753 0.00364556 2.15438e-08
0.527793 0.00364556 2.15466e-08
0.527833 0.00364556 2.15448e-08
0.527873 0.00364556 2.15433e-08
0.527913 0.00364556 2.15472e-08
0.527952 0.00364556 2.15447e-08
0.527992 0.00364556 2.15438e-08
0.528032 0.00364556 2.15466e-08
0.528072 0.00364556 2.15448e-08
0.528111 0.00364556 2.15433e-08
0.528151 0.00364556 2.15472e-08
0.528191 0.00364556 2.15447e-08
0.528231 0.00364556 2.15438e-08
0.52827 0.00364556 2.15466e-08
0.52831 0.00364556 2.15448e-08
0.52835 0.00364556 2.15433e-08
0.52839 0.00364556 2.15472e-08
0.528429 0.00364556 2.15447e-08
0.528469 0.00364556 2.15438e-08
0.528509 0.00364556 2.15466e-08
0.528549 0.00364556 2.15448e-08
0.528588 0.00364556 2.15433e-08
0.528628 0.00364556 2.15472e-08
0.528668 0.00364556 2.15447e-08
0.528708 0.00364556 2.15438e-08
0.528748 0.00364556 2.15467e-08
0.528787 0.00364556 2.15448e-08
0.528827 0.00364556 2.15434e-08
0.528867 0.00364556 2.15472e-08
0.528907 0.00364556 2.15447e-08
0.528946 0.00364556 2.15438e-08
0.528986 0.00364556 2.15467e-08
0.529026 0.00364556 2.15448e-08
0.529066 0.00364556 2.15434e-08
0.529105 0.00364556 2.15471e-08
0.529145 0.00364556 2.15447e-08
0.529185 0.00364556 2.15438e-08
0.529225 0.00364556 2.15467e-08
0.529264 0.00364556 2.15448e-08
0.529304 0.00364556 2.15434e-08
0.529344 0.00364556 2.15471e-08
0.529384 0.00364556 2.15447e-08
0.529423 0.00364556 2.15438e-08
0.529463 0.00364556 2.15467e-08
0.529503 0.00364556 2.15448e-08
0.529543 0.00364556 2.15434e-08
0.529583 0.00364556 2.15471e-08
0.529622 0.00364556 2.15447e-08
0.529662 0.00364556 2.15438e-08
0.529702 0.00364556 2.15467e-08
0.529742 0.00364556 2.15448e-08
0.529781 0.00364556 2.15434e-08
0.529821 0.00364556 2.15471e-08
0.529861 0.00364556 2.15448e-08
0.529901 0.00364556 2.15437e-08
0.52994 0.00364556 2.15467e-08
0.52998 0.00364556 2.15447e-08
0.53002 0.00364556 2.15434e-08
0.53006 0.00364556 2.15471e-08
0.530099 0.00364556 2.15448e-08
0.530139 0.00364556 2.15437e-08
0.530179 0.00364556 2.15468e-08
0.530219 0.00364556 2.15447e-08
0.530258 0.00364556 2.15435e-08
0.530298 0.00364556 2.15471e-08
0.530338 0.00364556 2.15448e-08
0.530378 0.00364556 2.15437e-08
0.530417 0.00364556 2.15468e-08
0.530457 0.00364556 2.15447e-08
0.530497 0.00364556 2.15435e-08
0.530537 0.00364556 2.1547e-08
0.530577 0.00364556 2.15448e-08
0.530616 0.00364556 2.15437e-08
0.530656 0.00364556 2.15468e-08
0.530696 0.00364556 2.15447e-08
0.530736 0.00364556 2.15435e-08
0.530775 0.00364556 2.1547e-08
0.530815 0.00364556 2.15448e-08
0.530855 0.00364556 2.15437e-08
0.530895 0.00364556 2.15468e-08
0.530934 0.00364556 2.15447e-08
0.530974 0.00364556 2.15435e-08
0.531014 0.00364556 2.1547e-08
0.531054 0.00364556 2.15449e-08
0.531093 0.00364556 2.15436e-08
0.531133 0.00364556 2.15468e-08
0.531173 0.00364556 2.15446e-08
0.531213 0.00364556 2.15436e-08
0.531252 0.00364556 2.1547e-08
0.531292 0.00364556 2.15449e-08
0.531332 0.00364556 2.15436e-08
0.531372 0.00364556 2.15469e-08
0.531412 0.00364556 2.15446e-08
0.531451 0.00364556 2.15436e-08
0.531491 0.00364556 2.15469e-08
0.531531 0.00364556 2.15449e-08
0.531571 0.00364556 2.15436e-08
0.53161 0.00364556 2.15469e-08
0.53165 0.00364556 2.15446e-08
0.53169 0.00364556 2.15436e-08
0.53173 0.00364556 2.15469e-08
0.531769 0.00364556 2.15449e-08
0.531809 0.00364556 2.15435e-08
0.531849 0.00364556 2.15469e-08
0.531889 0.00364556 2.15445e-08
0.531928 0.00364556 2.15436e-08
0.531968 0.00364556 2.15469e-08
0.532008 0.00364556 2.1545e-08
0.532048 0.00364556 2.15435e-08
0.532087 0.00364556 2.15469e-08
0.532127 0.00364556 2.15445e-08
0.532167 0.00364556 2.15437e-08
0.532207 0.00364556 2.15469e-08
0.532247 0.00364556 2.1545e-08
0.532286 0.00364556 2.15435e-08
0.532326 0.00364556 2.1547e-08
0.532366 0.00364556 2.15445e-08
0.532406 0.00364556 2.15437e-08
0.532445 0.00364556 2.15468e-08
0.532485 0.00364556 2.1545e-08
0.532525 0.00364556 2.15435e-08
0.532565 0.00364556 2.1547e-08
0.532604 0.00364556 2.15445e-08
0.532644 0.00364556 2.15437e-08
0.532684 0.00364556 2.15468e-08
0.532724 0.00364556 2.1545e-08
0.532763 0.00364556 2.15435e-08
0.532803 0.00364556 2.1547e-08
0.532843 0.00364556 2.15445e-08
0.532883 0.00364556 2.15437e-08
0.532922 0.00364556 2.15468e-08
0.532962 0.00364556 2.1545e-08
0.533002 0.00364556 2.15434e-08
0.533042 0.00364556 2.1547e-08
0.533082 0.00364556 2.15444e-08
0.533121 0.00364556 2.15437e-08
0.533161 0.00364556 2.15468e-08
0.533201 0.00364556 2.15451e-08
0.533241 0.00364556 2.15434e-08
0.53328 0.00364556 2.1547e-08
0.53332 0.00364556 2.15444e-08
0.53336 0.00364556 2.15437e-08
0.5334 0.00364556 2.15468e-08
0.533439 0.00364556 2.15451e-08
0.533479 0.00364556 2.15434e-08
0.533519 0.00364556 2.15471e-08
0.533559 0.00364556 2.15444e-08
0.533598 0.00364556 2.15438e-08
0.533638 0.00364556 2.15468e-08
0.533678 0.00364556 2.15451e-08
0.533718 0.00364556 2.15434e-08
0.533757 0.00364556 2.15471e-08
0.533797 0.00364556 2.15444e-08
0.533837 0.00364556 2.15438e-08
0.533877 0.00364556 2.15467e-08
0.533917 0.00364556 2.15451e-08
0.533956 0.00364556 2.15434e-08
0.533996 0.00364556 2.15471e-08
0.534036 0.00364556 2.15444e-08
0.534076 0.00364556 2.15438e-08
0.534115 0.00364556 2.15467e-08
0.534155 0.00364556 2.15451e-08
0.534195 0.00364556 2.15434e-08
0.534235 0.00364556 2.15471e-08
0.534274 0.00364556 2.15444e-08
0.534314 0.00364556 2.15438e-08
0.534354 0.00364556 2.15467e-08
0.534394 0.00364556 2.15451e-08
0.534433 0.00364556 2.15434e-08
0.534473 0.00364556 2.15471e-08
0.534513 0.00364556 2.15444e-08
0.534553 0.00364556 2.15438e-08
0.534592 0.00364556 2.15467e-08
0.534632 0.00364556 2.15451e-08
0.534672 0.00364556 2.15434e-08
0.534712 0.00364556 2.15471e-08
0.534751 0.00364556 2.15444e-08
0.534791 0.00364556 2.15438e-08
0.534831 0.00364556 2.15467e-08
0.534871 0.00364556 2.15451e-08
0.534911 0.00364556 2.15434e-08
0.53495 0.00364556 2.15471e-08
0.53499 0.00364556 2.15444e-08
0.53503 0.00364556 2.15438e-08
0.53507 0.00364556 2.15467e-08
0.535109 0.00364556 2.15451e-08
0.535149 0.00364556 2.15434e-08
0.535189 0.00364556 2.15471e-08
0.535229 0.00364556 2.15444e-08
0.535268 0.00364556 2.15438e-08
0.535308 0.00364556 2.15468e-08
0.535348 0.00364556 2.15451e-08
0.535388 0.00364556 2.15434e-08
0.535427 0.00364556 2.15471e-08
0.535467 0.00364556 2.15444e-08
0.535507 0.00364556 2.15438e-08
0.535547 0.00364556 2.15468e-08
0.535586 0.00364556 2.15451e-08
0.535626 0.00364556 2.15434e-08
0.535666 0.00364556 2.1547e-08
0.535706 0.00364556 2.15444e-08
0.535746 0.00364556 2.15437e-08
0.535785 0.00364556 2.15468e-08
0.535825 0.00364556 2.15451e-08
0.535865 0.00364556 2.15434e-08
0.535905 0.00364556 2.1547e-08
0.535944 0.00364556 2.15444e-08
0.535984 0.00364556 2.15437e-08
0.536024 0.00364556 2.15468e-08
0.536064 0.00364556 2.1545e-08
0.536103 0.00364556 2.15435e-08
0.536143 0.00364556 2.1547e-08
0.536183 0.00364556 2.15445e-08
0.536223 0.00364556 2.15437e-08
0.536262 0.00364556 2.15468e-08
0.536302 0.00364556 2.1545e-08
0.536342 0.00364556 2.15435e-08
0.536382 0.00364556 2.1547e-08
0.536421 0.00364556 2.15445e-08
0.536461 0.00364556 2.15437e-08
0.536501 0.00364556 2.15468e-08
0.536541 0.00364556 2.1545e-08
0.536581 0.00364556 2.15435e-08
0.53662 0.00364556 2.1547e-08
0.53666 0.00364556 2.15445e-08
0.5367 0.00364556 2.15437e-08
0.53674 0.00364556 2.15468e-08
0.536779 0.00364556 2.1545e-08
0.536819 0.00364556 2.15435e-08
0.536859 0.00364556 2.1547e-08
0.536899 0.00364556 2.15445e-08
0.536938 0.00364556 2.15437e-08
0.536978 0.00364556 2.15469e-08
0.537018 0.00364556 2.1545e-08
0.537058 0.00364556 2.15435e-08
0.537097 0.00364556 2.15469e-08
0.537137 0.00364556 2.15445e-08
0.537177 0.00364556 2.15436e-08
0.537217 0.00364556 2.15469e-08
0.537256 0.00364556 2.1545e-08
0.537296 0.00364556 2.15435e-08
0.537336 0.00364556 2.15469e-08
0.537376 0.00364556 2.15446e-08
0.537416 0.00364556 2.15436e-08
0.537455 0.00364556 2.15469e-08
0.537495 0.00364556 2.15449e-08
0.537535 0.00364556 2.15436e-08
0.537575 0.00364556 2.15469e-08
0.537614 0.00364556 2.15446e-08
0.537654 0.00364556 2.15436e-08
0.537694 0.00364556 2.15469e-08
0.537734 0.00364556 2.15449e-08
0.537773 0.00364556 2.15436e-08
0.537813 0.00364556 2.15469e-08
0.537853 0.00364556 2.15446e-08
0.537893 0.00364556 2.15436e-08
0.537932 0.00364556 2.15469e-08
0.537972 0.00364556 2.15449e-08
0.538012 0.00364556 2.15436e-08
0.538052 0.00364556 2.15469e-08
0.538091 0.00364556 2.15446e-08
0.538131 0.00364556 2.15436e-08
0.538171 0.00364556 2.1547e-08
0.538211 0.00364556 2.15449e-08
0.53825 0.00364556 2.15436e-08
0.53829 0.00364556 2.15468e-08
0.53833 0.00364556 2.15446e-08
0.53837 0.00364556 2.15435e-08
0.53841 0.00364556 2.1547e-08
0.538449 0.00364556 2.15449e-08
0.538489 0.00364556 2.15436e-08
0.538529 0.00364556 2.15468e-08
0.538569 0.00364556 2.15447e-08
0.538608 0.00364556 2.15435e-08
0.538648 0.00364556 2.1547e-08
0.538688 0.00364556 2.15448e-08
0.538728 0.00364556 2.15437e-08
0.538767 0.00364556 2.15468e-08
0.538807 0.00364556 2.15447e-08
0.538847 0.00364556 2.15435e-08
0.538887 0.00364556 2.1547e-08
0.538926 0.00364556 2.15448e-08
0.538966 0.00364556 2.15437e-08
0.539006 0.00364556 2.15468e-08
0.539046 0.00364556 2.15447e-08
0.539085 0.00364556 2.15435e-08
0.539125 0.00364556 2.1547e-08
0.539165 0.00364556 2.15448e-08
0.539205 0.00364556 2.15437e-08
0.539245 0.00364556 2.15468e-08
0.539284 0.00364556 2.15447e-08
0.539324 0.00364556 2.15435e-08
0.539364 0.00364556 2.15471e-08
0.539404 0.00364556 2.15448e-08
0.539443 0.00364556 2.15437e-08
0.539483 0.00364556 2.15468e-08
0.539523 0.00364556 2.15447e-08
0.539563 0.00364556 2.15435e-08
0.539602 0.00364556 2.15471e-08
0.539642 0.00364556 2.15448e-08
0.539682 0.00364556 2.15437e-08
0.539722 0.00364556 2.15467e-08
0.539761 0.00364556 2.15447e-08
0.539801 0.00364556 2.15434e-08
0.539841 0.00364556 2.15471e-08
0.539881 0.00364556 2.15448e-08
0.53992 0.00364556 2.15437e-08
0.53996 0.00364556 2.15467e-08
0.54 0.00364556 2.15447e-08
0.54004 0.00364556 2.15434e-08
0.54008 0.00364556 2.15471e-08
0.540119 0.00364556 2.15448e-08
0.540159 0.00364556 2.15437e-08
0.540199 0.00364556 2.15467e-08
0.540239 0.00364556 2.15448e-08
0.540278 0.00364556 2.15434e-08
0.540318 0.00364556 2.15471e-08
0.540358 0.00364556 2.15448e-08
0.540398 0.00364556 2.15437e-08
0.540437 0.00364556 2.15467e-08
0.540477 0.00364556 2.15448e-08
0.540517 0.00364556 2.15434e-08
0.540557 0.00364556 2.15471e-08
0.540596 0.00364556 2.15448e-08
0.540636 0.00364556 2.15437e-08
0.540676 0.00364556 2.15467e-08
0.540716 0.00364556 2.15448e-08
0.540755 0.00364556 2.15434e-08
0.540795 0.00364556 2.15471e-08
0.540835 0.00364556 2.15447e-08
0.540875 0.00364556 2.15438e-08
0.540915 0.00364556 2.15467e-08
0.540954 0.00364556 2.15448e-08
0.540994 0.00364556 2.15434e-08
0.541034 0.00364556 2.15471e-08
0.541074 0.00364556 2.15447e-08
0.541113 0.00364556 2.15438e-08
0.541153 0.00364556 2.15467e-08
0.541193 0.00364556 2.15448e-08
0.541233 0.00364556 2.15434e-08
0.541272 0.00364556 2.15471e-08
0.541312 0.00364556 2.15448e-08
0.541352 0.00364556 2.15437e-08
0.541392 0.00364556 2.15467e-08
0.541431 0.00364556 2.15448e-08
0.541471 0.00364556 2.15434e-08
0.541511 0.00364556 2.15471e-08
0.541551 0.00364556 2.15448e-08
0.54159 0.00364556 2.15437e-08
0.54163 0.00364556 2.15467e-08
0.54167 0.00364556 2.15447e-08
0.54171 0.00364556 2.15434e-08
0.54175 0.00364556 2.15471e-08
0.541789 0.00364556 2.15448e-08
0.541829 0.00364556 2.15437e-08
0.541869 0.00364556 2.15467e-08
0.541909 0.00364556 2.15447e-08
0.541948 0.00364556 2.15434e-08
0.541988 0.00364556 2.15471e-08
0.542028 0.00364556 2.15448e-08
0.542068 0.00364556 2.15437e-08
0.542107 0.00364556 2.15467e-08
0.542147 0.00364556 2.15447e-08
0.542187 0.00364556 2.15434e-08
0.542227 0.00364556 2.15471e-08
0.542266 0.00364556 2.15448e-08
0.542306 0.00364556 2.15437e-08
0.542346 0.00364556 2.15468e-08
0.542386 0.00364556 2.15447e-08
0.542425 0.00364556 2.15435e-08
0.542465 0.00364556 2.15471e-08
0.542505 0.00364556 2.15448e-08
0.542545 0.00364556 2.15437e-08
0.542584 0.00364556 2.15468e-08
0.542624 0.00364556 2.15447e-08
0.542664 0.00364556 2.15435e-08
0.542704 0.00364556 2.1547e-08
0.542744 0.00364556 2.15448e-08
0.542783 0.00364556 2.15437e-08
0.542823 0.00364556 2.15468e-08
0.542863 0.00364556 2.15447e-08
0.542903 0.00364556 2.15435e-08
0.542942 0.00364556 2.1547e-08
0.542982 0.00364556 2.15448e-08
0.543022 0.00364556 2.15437e-08
0.543062 0.00364556 2.15468e-08
0.543101 0.00364556 2.15447e-08
0.543141 0.00364556 2.15435e-08
0.543181 0.00364556 2.1547e-08
0.543221 0.00364556 2.15448e-08
0.54326 0.00364556 2.15437e-08
0.5433 0.00364556 2.15468e-08
0.54334 0.00364556 2.15447e-08
0.54338 0.00364556 2.15435e-08
0.543419 0.00364556 2.1547e-08
0.543459 0.00364556 2.15448e-08
0.543499 0.00364556 2.15436e-08
0.543539 0.00364556 2.15468e-08
0.543579 0.00364556 2.15447e-08
0.543618 0.00364556 2.15435e-08
0.543658 0.00364556 2.1547e-08
0.543698 0.00364556 2.15449e-08
0.543738 0.00364556 2.15436e-08
0.543777 0.00364556 2.15468e-08
0.543817 0.00364556 2.15446e-08
0.543857 0.00364556 2.15435e-08
0.543897 0.00364556 2.1547e-08
0.543936 0.00364556 2.15449e-08
0.543976 0.00364556 2.15436e-08
0.544016 0.00364556 2.15469e-08
0.544056 0.00364556 2.15446e-08
0.544095 0.00364556 2.15436e-08
0.544135 0.00364556 2.1547e-08
0.544175 0.00364556 2.15449e-08
0.544215 0.00364556 2.15436e-08
0.544254 0.00364556 2.15469e-08
0.544294 0.00364556 2.15446e-08
0.544334 0.00364556 2.15436e-08
0.544374 0.00364556 2.15469e-08
0.544414 0.00364556 2.15449e-08
0.544453 0.00364556 2.15436e-08
0.544493 0.00364556 2.15469e-08
0.544533 0.00364556 2.15446e-08
0.544573 0.00364556 2.15436e-08
0.544612 0.00364556 2.15469e-08
0.544652 0.00364556 2.15449e-08
0.544692 0.00364556 2.15436e-08
0.544732 0.00364556 2.15469e-08
0.544771 0.00364556 2.15446e-08
0.544811 0.00364556 2.15436e-08
0.544851 0.00364556 2.15469e-08
0.544891 0.00364556 2.15449e-08
0.54493 0.00364556 2.15436e-08
0.54497 0.00364556 2.15469e-08
0.54501 0.00364556 2.15446e-08
0.54505 0.00364556 2.15436e-08
0.545089 0.00364556 2.15469e-08
0.545129 0.00364556 2.1545e-08
0.545169 0.00364556 2.15435e-08
0.545209 0.00364556 2.15469e-08
0.545249 0.00364556 2.15445e-08
0.545288 0.00364556 2.15436e-08
0.545328 0.00364556 2.15469e-08
0.545368 0.00364556 2.1545e-08
0.545408 0.00364556 2.15435e-08
0.545447 0.00364556 2.15469e-08
0.545487 0.00364556 2.15445e-08
0.545527 0.00364556 2.15437e-08
0.545567 0.00364556 2.15469e-08
0.545606 0.00364556 2.1545e-08
0.545646 0.00364556 2.15435e-08
0.545686 0.00364556 2.1547e-08
0.545726 0.00364556 2.15445e-08
0.545765 0.00364556 2.15437e-08
0.545805 0.00364556 2.15469e-08
0.545845 0.00364556 2.1545e-08
0.545885 0.00364556 2.15435e-08
0.545924 0.00364556 2.1547e-08
0.545964 0.00364556 2.15445e-08
0.546004 0.00364556 2.15437e-08
0.546044 0.00364556 2.15468e-08
0.546083 0.00364556 2.1545e-08
0.546123 0.00364556 2.15435e-08
0.546163 0.00364556 2.1547e-08
0.546203 0.00364556 2.15445e-08
0.546243 0.00364556 2.15437e-08
0.546282 0.00364556 2.15468e-08
0.546322 0.00364556 2.1545e-08
0.546362 0.00364556 2.15435e-08
0.546402 0.00364556 2.1547e-08
0.546441 0.00364556 2.15445e-08
0.546481 0.00364556 2.15437e-08
0.546521 0.00364556 2.15468e-08
0.546561 0.00364556 2.1545e-08
0.5466 0.00364556 2.15435e-08
0.54664 0.00364556 2.1547e-08
0.54668 0.00364556 2.15445e-08
0.54672 0.00364556 2.15437e-08
0.546759 0.00364556 2.15468e-08
0.546799 0.00364556 2.1545e-08
0.546839 0.00364556 2.15435e-08
0.546879 0.00364556 2.1547e-08
0.546918 0.00364556 2.15445e-08
0.546958 0.00364556 2.15437e-08
0.546998 0.00364556 2.15468e-08
0.547038 0.00364556 2.1545e-08
0.547078 0.00364556 2.15435e-08
0.547117 0.00364556 2.1547e-08
0.547157 0.00364556 2.15445e-08
0.547197 0.00364556 2.15437e-08
0.547237 0.00364556 2.15468e-08
0.547276 0.00364556 2.1545e-08
0.547316 0.00364556 2.15435e-08
0.547356 0.00364556 2.1547e-08
0.547396 0.00364556 2.15445e-08
0.547435 0.00364556 2.15437e-08
0.547475 0.00364556 2.15468e-08
0.547515 0.00364556 2.1545e-08
0.547555 0.00364556 2.15435e-08
0.547594 0.00364556 2.1547e-08
0.547634 0.00364556 2.15445e-08
0.547674 0.00364556 2.15437e-08
0.547714 0.00364556 2.15468e-08
0.547753 0.00364556 2.1545e-08
0.547793 0.00364556 2.15435e-08
0.547833 0.00364556 2.1547e-08
0.547873 0.00364556 2.15445e-08
0.547913 0.00364556 2.15437e-08
0.547952 0.00364556 2.15468e-08
0.547992 0.00364556 2.1545e-08
0.548032 0.00364556 2.15435e-08
0.548072 0.00364556 2.1547e-08
0.548111 0.00364556 2.15445e-08
0.548151 0.00364556 2.15437e-08
0.548191 0.00364556 2.15468e-08
0.548231 0.00364556 2.1545e-08
0.54827 0.00364556 2.15435e-08
0.54831 0.00364556 2.1547e-08
0.54835 0.00364556 2.15445e-08
0.54839 0.00364556 2.15437e-08
0.548429 0.00364556 2.15468e-08
0.548469 0.00364556 2.1545e-08
0.548509 0.00364556 2.15435e-08
0.548549 0.00364556 2.1547e-08
0.548588 0.00364556 2.15445e-08
0.548628 0.00364556 2.15437e-08
0.548668 0.00364556 2.15468e-08
0.548708 0.00364556 2.1545e-08
0.548748 0.00364556 2.15435e-08
0.548787 0.00364556 2.1547e-08
0.548827 0.00364556 2.15445e-08
0.548867 0.00364556 2.15437e-08
0.548907 0.00364556 2.15469e-08
0.548946 0.00364556 2.1545e-08
0.548986 0.00364556 2.15435e-08
0.549026 0.00364556 2.1547e-08
0.549066 0.00364556 2.15445e-08
0.549105 0.00364556 2.15437e-08
0.549145 0.00364556 2.15469e-08
0.549185 0.00364556 2.1545e-08
0.549225 0.00364556 2.15435e-08
0.549264 0.00364556 2.15469e-08
0.549304 0.00364556 2.15445e-08
0.549344 0.00364556 2.15436e-08
0.549384 0.00364556 2.15469e-08
0.549423 0.00364556 2.1545e-08
0.549463 0.00364556 2.15435e-08
0.549503 0.00364556 2.15469e-08
0.549543 0.00364556 2.15446e-08
0.549583 0.00364556 2.15436e-08
0.549622 0.00364556 2.15469e-08
0.549662 0.00364556 2.1545e-08
0.549702 0.00364556 2.15436e-08
0.549742 0.00364556 2.15469e-08
0.549781 0.00364556 2.15446e-08
0.549821 0.00364556 2.15436e-08
0.549861 0.00364556 2.15469e-08
0.549901 0.00364556 2.15449e-08
0.54994 0.00364556 2.15436e-08
0.54998 0.00364556 2.15469e-08
0.55002 0.00364556 2.15446e-08
0.55006 0.00364556 2.15436e-08
0.550099 0.00364556 2.15469e-08
0.550139 0.00364556 2.15449e-08
0.550179 0.00364556 2.15436e-08
0.550219 0.00364556 2.15469e-08
0.550258 0.00364556 2.15446e-08
0.550298 0.00364556 2.15436e-08
0.550338 0.00364556 2.15469e-08
0.550378 0.00364556 2.15449e-08
0.550417 0.00364556 2.15436e-08
0.550457 0.00364556 2.15469e-08
0.550497 0.00364556 2.15446e-08
0.550537 0.00364556 2.15436e-08
0.550577 0.00364556 2.15469e-08
0.550616 0.00364556 2.15449e-08
0.550656 0.00364556 2.15436e-08
0.550696 0.00364556 2.15469e-08
0.550736 0.00364556 2.15446e-08
0.550775 0.00364556 2.15436e-08
0.550815 0.00364556 2.1547e-08
0.550855 0.00364556 2.15449e-08
0.550895 0.00364556 2.15436e-08
0.550934 0.00364556 2.15469e-08
0.550974 0.00364556 2.15446e-08
0.551014 0.00364556 2.15436e-08
0.551054 0.00364556 2.1547e-08
0.551093 0.00364556 2.15449e-08
0.551133 0.00364556 2.15436e-08
0.551173 0.00364556 2.15468e-08
0.551213 0.00364556 2.15446e-08
0.551252 0.00364556 2.15435e-08
0.551292 0.00364556 2.1547e-08
0.551332 0.00364556 2.15449e-08
0.551372 0.00364556 2.15436e-08
0.551412 0.00364556 2.15468e-08
0.551451 0.00364556 2.15447e-08
0.551491 0.00364556 2.15435e-08
0.551531 0.00364556 2.1547e-08
0.551571 0.00364556 2.15448e-08
0.55161 0.00364556 2.15437e-08
0.55165 0.00364556 2.15468e-08
0.55169 0.00364556 2.15447e-08
0.55173 0.00364556 2.15435e-08
0.551769 0.00364556 2.1547e-08
0.551809 0.00364556 2.15448e-08
0.551849 0.00364556 2.15437e-08
0.551889 0.00364556 2.15468e-08
0.551928 0.00364556 2.15447e-08
0.551968 0.00364556 2.15435e-08
0.552008 0.00364556 2.1547e-08
0.552048 0.00364556 2.15448e-08
0.552087 0.00364556 2.15437e-08
0.552127 0.00364556 2.15468e-08
0.552167 0.00364556 2.15447e-08
0.552207 0.00364556 2.15435e-08
0.552247 0.00364556 2.1547e-08
0.552286 0.00364556 2.15448e-08
0.552326 0.00364556 2.15437e-08
0.552366 0.00364556 2.15468e-08
0.552406 0.00364556 2.15447e-08
0.552445 0.00364556 2.15435e-08
0.552485 0.00364556 2.1547e-08
0.552525 0.00364556 2.15448e-08
0.552565 0.00364556 2.15437e-08
0.552604 0.00364556 2.15468e-08
0.552644 0.00364556 2.15447e-08
0.552684 0.00364556 2.15435e-08
0.552724 0.00364556 2.1547e-08
0.552763 0.00364556 2.15448e-08
0.552803 0.00364556 2.15437e-08
0.552843 0.00364556 2.15468e-08
0.552883 0.00364556 2.15447e-08
0.552922 0.00364556 2.15435e-08
0.552962 0.00364556 2.1547e-08
0.553002 0.00364556 2.15448e-08
0.553042 0.00364556 2.15437e-08
0.553082 0.00364556 2.15468e-08
0.553121 0.00364556 2.15447e-08
0.553161 0.00364556 2.15435e-08
0.553201 0.00364556 2.1547e-08
0.553241 0.00364556 2.15448e-08
0.55328 0.00364556 2.15437e-08
0.55332 0.00364556 2.15468e-08
0.55336 0.00364556 2.15447e-08
0.5534 0.00364556 2.15435e-08
0.553439 0.00364556 2.1547e-08
0.553479 0.00364556 2.15448e-08
0.553519 0.00364556 2.15437e-08
0.553559 0.00364556 2.15468e-08
0.553598 0.00364556 2.15447e-08
0.553638 0.00364556 2.15435e-08
0.553678 0.00364556 2.1547e-08
0.553718 0.00364556 2.15448e-08
0.553757 0.00364556 2.15437e-08
0.553797 0.00364556 2.15468e-08
0.553837 0.00364556 2.15447e-08
0.553877 0.00364556 2.15435e-08
0.553917 0.00364556 2.1547e-08
0.553956 0.00364556 2.15448e-08
0.553996 0.00364556 2.15437e-08
0.554036 0.00364556 2.15468e-08
0.554076 0.00364556 2.15447e-08
0.554115 0.00364556 2.15435e-08
0.554155 0.00364556 2.1547e-08
0.554195 0.00364556 2.15448e-08
0.554235 0.00364556 2.15437e-08
0.554274 0.00364556 2.15468e-08
0.554314 0.00364556 2.15447e-08
0.554354 0.00364556 2.15435e-08
0.554394 0.00364556 2.1547e-08
0.554433 0.00364556 2.15448e-08
0.554473 0.00364556 2.15437e-08
0.554513 0.00364556 2.15468e-08
0.554553 0.00364556 2.15447e-08
0.554592 0.00364556 2.15435e-08
0.554632 0.00364556 2.1547e-08
0.554672 0.00364556 2.15448e-08
0.554712 0.00364556 2.15437e-08
0.554751 0.00364556 2.15468e-08
0.554791 0.00364556 2.15447e-08
0.554831 0.00364556 2.15435e-08
0.554871 0.00364556 2.1547e-08
0.554911 0.00364556 2.15448e-08
0.55495 0.00364556 2.15437e-08
0.55499 0.00364556 2.15468e-08
0.55503 0.00364556 2.15447e-08
0.55507 0.00364556 2.15435e-08
0.555109 0.00364556 2.1547e-08
0.555149 0.00364556 2.15448e-08
0.555189 0.00364556 2.15437e-08
0.555229 0.00364556 2.15468e-08
0.555268 0.00364556 2.15447e-08
0.555308 0.00364556 2.15435e-08
0.555348 0.00364556 2.1547e-08
0.555388 0.00364556 2.15448e-08
0.555427 0.00364556 2.15437e-08
0.555467 0.00364556 2.15468e-08
0.555507 0.00364556 2.15447e-08
0.555547 0.00364556 2.15435e-08
0.555586 0.00364556 2.1547e-08
0.555626 0.00364556 2.15448e-08
0.555666 0.00364556 2.15437e-08
0.555706 0.00364556 2.15468e-08
0.555746 0.00364556 2.15447e-08
0.555785 0.00364556 2.15435e-08
0.555825 0.00364556 2.1547e-08
0.555865 0.00364556 2.15448e-08
0.555905 0.00364556 2.15437e-08
0.555944 0.00364556 2.15468e-08
0.555984 0.00364556 2.15447e-08
0.556024 0.00364556 2.15435e-08
0.556064 0.00364556 2.1547e-08
0.556103 0.00364556 2.15449e-08
0.556143 0.00364556 2.15436e-08
0.556183 0.00364556 2.15468e-08
0.556223 0.00364556 2.15446e-08
0.556262 0.00364556 2.15435e-08
0.556302 0.00364556 2.1547e-08
0.556342 0.00364556 2.15449e-08
0.556382 0.00364556 2.15436e-08
0.556421 0.00364556 2.15468e-08
0.556461 0.00364556 2.15446e-08
0.556501 0.00364556 2.15435e-08
0.556541 0.00364556 2.1547e-08
0.556581 0.00364556 2.15449e-08
0.55662 0.00364556 2.15436e-08
0.55666 0.00364556 2.15468e-08
0.5567 0.00364556 2.15446e-08
0.55674 0.00364556 2.15436e-08
0.556779 0.00364556 2.1547e-08
0.556819 0.00364556 2.15449e-08
0.556859 0.00364556 2.15436e-08
0.556899 0.00364556 2.15469e-08
0.556938 0.00364556 2.15446e-08
0.556978 0.00364556 2.15436e-08
0.557018 0.00364556 2.1547e-08
0.557058 0.00364556 2.15449e-08
0.557097 0.00364556 2.15436e-08
0.557137 0.00364556 2.15469e-08
0.557177 0.00364556 2.15446e-08
0.557217 0.00364556 2.15436e-08
0.557256 0.00364556 2.15469e-08
0.557296 0.00364556 2.15449e-08
0.557336 0.00364556 2.15436e-08
0.557376 0.00364556 2.15469e-08
0.557416 0.00364556 2.15446e-08
0.557455 0.00364556 2.15436e-08
0.557495 0.00364556 2.15469e-08
0.557535 0.00364556 2.15449e-08
0.557575 0.00364556 2.15436e-08
0.557614 0.00364556 2.15469e-08
0.557654 0.00364556 2.15446e-08
0.557694 0.00364556 2.15436e-08
0.557734 0.00364556 2.15469e-08
0.557773 0.00364556 2.15449e-08
0.557813 0.00364556 2.15436e-08
0.557853 0.00364556 2.15469e-08
0.557893 0.00364556 2.15446e-08
0.557932 0.00364556 2.15436e-08
0.557972 0.00364556 2.15469e-08
0.558012 0.00364556 2.15449e-08
0.558052 0.00364556 2.15436e-08
0.558091 0.00364556 2.15469e-08
0.558131 0.00364556 2.15446e-08
0.558171 0.00364556 2.15436e-08
0.558211 0.00364556 2.15469e-08
0.55825 0.00364556 2.15449e-08
0.55829 0.00364556 2.15436e-08
0.55833 0.00364556 2.15469e-08
0.55837 0.00364556 2.15446e-08
0.55841 0.00364556 2.15436e-08
0.558449 0.00364556 2.15469e-08
0.558489 0.00364556 2.15449e-08
0.558529 0.00364556 2.15436e-08
0.558569 0.00364556 2.15469e-08
0.558608 0.00364556 2.15446e-08
0.558648 0.00364556 2.15436e-08
0.558688 0.00364556 2.15469e-08
0.558728 0.00364556 2.1545e-08
0.558767 0.00364556 2.15435e-08
0.558807 0.00364556 2.15469e-08
0.558847 0.00364556 2.15446e-08
0.558887 0.00364556 2.15436e-08
0.558926 0.00364556 2.15469e-08
0.558966 0.00364556 2.1545e-08
0.559006 0.00364556 2.15435e-08
0.559046 0.00364556 2.15469e-08
0.559085 0.00364556 2.15445e-08
0.559125 0.00364556 2.15436e-08
0.559165 0.00364556 2.15469e-08
0.559205 0.00364556 2.1545e-08
0.559245 0.00364556 2.15435e-08
0.559284 0.00364556 2.15469e-08
0.559324 0.00364556 2.15445e-08
0.559364 0.00364556 2.15436e-08
0.559404 0.00364556 2.15469e-08
0.559443 0.00364556 2.1545e-08
0.559483 0.00364556 2.15435e-08
0.559523 0.00364556 2.15469e-08
0.559563 0.00364556 2.15445e-08
0.559602 0.00364556 2.15436e-08
0.559642 0.00364556 2.15469e-08
0.559682 0.00364556 2.1545e-08
0.559722 0.00364556 2.15435e-08
0.559761 0.00364556 2.15469e-08
0.559801 0.00364556 2.15445e-08
0.559841 0.00364556 2.15436e-08
0.559881 0.00364556 2.15469e-08
0.55992 0.00364556 2.1545e-08
0.55996 0.00364556 2.15435e-08
0.56 0.00364556 2.15469e-08
0.56004 0.00364556 2.15445e-08
0.56008 0.00364556 2.15436e-08
0.560119 0.00364556 2.15469e-08
0.560159 0.00364556 2.1545e-08
0.560199 0.00364556 2.15435e-08
0.560239 0.00364556 2.15469e-08
0.560278 0.00364556 2.15445e-08
0.560318 0.00364556 2.15436e-08
0.560358 0.00364556 2.15469e-08
0.560398 0.00364556 2.1545e-08
0.560437 0.00364556 2.15435e-08
0.560477 0.00364556 2.15469e-08
0.560517 0.00364556 2.15445e-08
0.560557 0.00364556 2.15436e-08
0.560596 0.00364556 2.15469e-08
0.560636 0.00364556 2.1545e-08
0.560676 0.00364556 2.15435e-08
0.560716 0.00364556 2.15469e-08
0.560755 0.00364556 2.15445e-08
0.560795 0.00364556 2.15436e-08
0.560835 0.00364556 2.15469e-08
0.560875 0.00364556 2.1545e-08
0.560915 0.00364556 2.15435e-08
0.560954 0.00364556 2.15469e-08
0.560994 0.00364556 2.15445e-08
0.561034 0.00364556 2.15436e-08
0.561074 0.00364556 2.15469e-08
0.561113 0.00364556 2.1545e-08
0.561153 0.00364556 2.15435e-08
0.561193 0.00364556 2.15469e-08
0.561233 0.00364556 2.15445e-08
0.561272 0.00364556 2.15436e-08
0.561312 0.00364556 2.15469e-08
0.561352 0.00364556 2.1545e-08
0.561392 0.00364556 2.15435e-08
0.561431 0.00364556 2.15469e-08
0.561471 0.00364556 2.15446e-08
0.561511 0.00364556 2.15436e-08
0.561551 0.00364556 2.15469e-08
0.56159 0.00364556 2.15449e-08
0.56163 0.00364556 2.15436e-08
0.56167 0.00364556 2.15469e-08
0.56171 0.00364556 2.15446e-08
0.56175 0.00364556 2.15436e-08
0.561789 0.00364556 2.15469e-08
0.561829 0.00364556 2.15449e-08
0.561869 0.00364556 2.15436e-08
0.561909 0.00364556 2.15469e-08
0.561948 0.00364556 2.15446e-08
0.561988 0.00364556 2.15436e-08
0.562028 0.00364556 2.15469e-08
0.562068 0.00364556 2.15449e-08
0.562107 0.00364556 2.15436e-08
0.562147 0.00364556 2.15469e-08
0.562187 0.00364556 2.15446e-08
0.562227 0.00364556 2.15436e-08
0.562266 0.00364556 2.15469e-08
0.562306 0.00364556 2.15449e-08
0.562346 0.00364556 2.15436e-08
0.562386 0.00364556 2.15469e-08
0.562425 0.00364556 2.15446e-08
0.562465 0.00364556 2.15436e-08
0.562505 0.00364556 2.15469e-08
0.562545 0.00364556 2.15449e-08
0.562584 0.00364556 2.15436e-08
0.562624 0.00364556 2.15469e-08
0.562664 0.00364556 2.15446e-08
0.562704 0.00364556 2.15436e-08
0.562744 0.00364556 2.15469e-08
0.562783 0.00364556 2.15449e-08
0.562823 0.00364556 2.15436e-08
0.562863 0.00364556 2.15469e-08
0.562903 0.00364556 2.15446e-08
0.562942 0.00364556 2.15436e-08
0.562982 0.00364556 2.15469e-08
0.563022 0.00364556 2.15449e-08
0.563062 0.00364556 2.15436e-08
0.563101 0.00364556 2.15469e-08
0.563141 0.00364556 2.15446e-08
0.563181 0.00364556 2.15436e-08
0.563221 0.00364556 2.15469e-08
0.56326 0.00364556 2.15449e-08
0.5633 0.00364556 2.15436e-08
0.56334 0.00364556 2.15469e-08
0.56338 0.00364556 2.15446e-08
0.563419 0.00364556 2.15436e-08
0.563459 0.00364556 2.1547e-08
0.563499 0.00364556 2.15449e-08
0.563539 0.00364556 2.15436e-08
0.563579 0.00364556 2.15469e-08
0.563618 0.00364556 2.15446e-08
0.563658 0.00364556 2.15436e-08
0.563698 0.00364556 2.1547e-08
0.563738 0.00364556 2.15449e-08
0.563777 0.00364556 2.15436e-08
0.563817 0.00364556 2.15469e-08
0.563857 0.00364556 2.15446e-08
0.563897 0.00364556 2.15435e-08
0.563936 0.00364556 2.1547e-08
0.563976 0.00364556 2.15449e-08
0.564016 0.00364556 2.15436e-08
0.564056 0.00364556 2.15468e-08
0.564095 0.00364556 2.15446e-08
0.564135 0.00364556 2.15435e-08
0.564175 0.00364556 2.1547e-08
0.564215 0.00364556 2.15449e-08
0.564254 0.00364556 2.15436e-08
0.564294 0.00364556 2.15468e-08
0.564334 0.00364556 2.15446e-08
0.564374 0.00364556 2.15435e-08
0.564414 0.00364556 2.1547e-08
0.564453 0.00364556 2.15449e-08
0.564493 0.00364556 2.15436e-08
0.564533 0.00364556 2.15468e-08
0.564573 0.00364556 2.15447e-08
0.564612 0.00364556 2.15435e-08
0.564652 0.00364556 2.1547e-08
0.564692 0.00364556 2.15449e-08
0.564732 0.00364556 2.15436e-08
0.564771 0.00364556 2.15468e-08
0.564811 0.00364556 2.15447e-08
0.564851 0.00364556 2.15435e-08
0.564891 0.00364556 2.1547e-08
0.56493 0.00364556 2.15448e-08
0.56497 0.00364556 2.15437e-08
0.56501 0.00364556 2.15468e-08
0.56505 0.00364556 2.15447e-08
0.565089 0.00364556 2.15435e-08
0.565129 0.00364556 2.1547e-08
0.565169 0.00364556 2.15448e-08
0.565209 0.00364556 2.15437e-08
0.565249 0.00364556 2.15468e-08
0.565288 0.00364556 2.15447e-08
0.565328 0.00364556 2.15435e-08
0.565368 0.00364556 2.1547e-08
0.565408 0.00364556 2.15448e-08
0.565447 0.00364556 2.15437e-08
0.565487 0.00364556 2.15468e-08
0.565527 0.00364556 2.15447e-08
0.565567 0.00364556 2.15435e-08
0.565606 0.00364556 2.1547e-08
0.565646 0.00364556 2.15448e-08
0.565686 0.00364556 2.15437e-08
0.565726 0.00364556 2.15468e-08
0.565765 0.00364556 2.15447e-08
0.565805 0.00364556 2.15435e-08
0.565845 0.00364556 2.1547e-08
0.565885 0.00364556 2.15448e-08
0.565924 0.00364556 2.15437e-08
0.565964 0.00364556 2.15468e-08
0.566004 0.00364556 2.15447e-08
0.566044 0.00364556 2.15435e-08
0.566083 0.00364556 2.1547e-08
0.566123 0.00364556 2.15448e-08
0.566163 0.00364556 2.15437e-08
0.566203 0.00364556 2.15468e-08
0.566243 0.00364556 2.15447e-08
0.566282 0.00364556 2.15435e-08
0.566322 0.00364556 2.1547e-08
0.566362 0.00364556 2.15448e-08
0.566402 0.00364556 2.15437e-08
0.566441 0.00364556 2.15468e-08
0.566481 0.00364556 2.15447e-08
0.566521 0.00364556 2.15435e-08
0.566561 0.00364556 2.1547e-08
0.5666 0.00364556 2.15448e-08
0.56664 0.00364556 2.15437e-08
0.56668 0.00364556 2.15468e-08
0.56672 0.00364556 2.15447e-08
0.566759 0.00364556 2.15435e-08
0.566799 0.00364556 2.1547e-08
0.566839 0.00364556 2.15448e-08
0.566879 0.00364556 2.15437e-08
0.566918 0.00364556 2.15468e-08
0.566958 0.00364556 2.15447e-08
0.566998 0.00364556 2.15435e-08
0.567038 0.00364556 2.1547e-08
0.567078 0.00364556 2.15448e-08
0.567117 0.00364556 2.15437e-08
0.567157 0.00364556 2.15468e-08
0.567197 0.00364556 2.15447e-08
0.567237 0.00364556 2.15435e-08
0.567276 0.00364556 2.1547e-08
0.567316 0.00364556 2.15448e-08
0.567356 0.00364556 2.15437e-08
0.567396 0.00364556 2.15468e-08
0.567435 0.00364556 2.15447e-08
0.567475 0.00364556 2.15435e-08
0.567515 0.00364556 2.1547e-08
0.567555 0.00364556 2.15448e-08
0.567594 0.00364556 2.15437e-08
0.567634 0.00364556 2.15468e-08
0.567674 0.00364556 2.15447e-08
0.567714 0.00364556 2.15435e-08
0.567753 0.00364556 2.1547e-08
0.567793 0.00364556 2.15448e-08
0.567833 0.00364556 2.15437e-08
0.567873 0.00364556 2.15468e-08
0.567913 0.00364556 2.15447e-08
0.567952 0.00364556 2.15435e-08
0.567992 0.00364556 2.1547e-08
0.568032 0.00364556 2.15448e-08
0.568072 0.00364556 2.15437e-08
0.568111 0.00364556 2.15468e-08
0.568151 0.00364556 2.15447e-08
0.568191 0.00364556 2.15435e-08
0.568231 0.00364556 2.1547e-08
0.56827 0.00364556 2.15448e-08
0.56831 0.00364556 2.15437e-08
0.56835 0.00364556 2.15468e-08
0.56839 0.00364556 2.15447e-08
0.568429 0.00364556 2.15435e-08
0.568469 0.00364556 2.1547e-08
0.568509 0.00364556 2.15449e-08
0.568549 0.00364556 2.15436e-08
0.568588 0.00364556 2.15468e-08
0.568628 0.00364556 2.15447e-08
0.568668 0.00364556 2.15435e-08
0.568708 0.00364556 2.1547e-08
0.568748 0.00364556 2.15449e-08
0.568787 0.00364556 2.15436e-08
0.568827 0.00364556 2.15468e-08
0.568867 0.00364556 2.15446e-08
0.568907 0.00364556 2.15435e-08
0.568946 0.00364556 2.1547e-08
0.568986 0.00364556 2.15449e-08
0.569026 0.00364556 2.15436e-08
0.569066 0.00364556 2.15468e-08
0.569105 0.00364556 2.15446e-08
0.569145 0.00364556 2.15435e-08
0.569185 0.00364556 2.1547e-08
0.569225 0.00364556 2.15449e-08
0.569264 0.00364556 2.15436e-08
0.569304 0.00364556 2.15468e-08
0.569344 0.00364556 2.15446e-08
0.569384 0.00364556 2.15435e-08
0.569423 0.00364556 2.1547e-08
0.569463 0.00364556 2.15449e-08
0.569503 0.00364556 2.15436e-08
0.569543 0.00364556 2.15469e-08
0.569583 0.00364556 2.15446e-08
0.569622 0.00364556 2.15436e-08
0.569662 0.00364556 2.1547e-08
0.569702 0.00364556 2.15449e-08
0.569742 0.00364556 2.15436e-08
0.569781 0.00364556 2.15469e-08
0.569821 0.00364556 2.15446e-08
0.569861 0.00364556 2.15436e-08
0.569901 0.00364556 2.1547e-08
0.56994 0.00364556 2.15449e-08
0.56998 0.00364556 2.15436e-08
0.57002 0.00364556 2.15469e-08
0.57006 0.00364556 2.15446e-08
0.570099 0.00364556 2.15436e-08
0.570139 0.00364556 2.15469e-08
0.570179 0.00364556 2.15449e-08
0.570219 0.00364556 2.15436e-08
0.570258 0.00364556 2.15469e-08
0.570298 0.00364556 2.15446e-08
0.570338 0.00364556 2.15436e-08
0.570378 0.00364556 2.15469e-08
0.570417 0.00364556 2.15449e-08
0.570457 0.00364556 2.15436e-08
0.570497 0.00364556 2.15469e-08
0.570537 0.00364556 2.15446e-08
0.570577 0.00364556 2.15436e-08
0.570616 0.00364556 2.15469e-08
0.570656 0.00364556 2.15449e-08
0.570696 0.00364556 2.15436e-08
0.570736 0.00364556 2.15469e-08
0.570775 0.00364556 2.15446e-08
0.570815 0.00364556 2.15436e-08
0.570855 0.00364556 2.15469e-08
0.570895 0.00364556 2.15449e-08
0.570934 0.00364556 2.15436e-08
0.570974 0.00364556 2.15469e-08
0.571014 0.00364556 2.15446e-08
0.571054 0.00364556 2.15436e-08
0.571093 0.00364556 2.15469e-08
0.571133 0.00364556 2.15449e-08
0.571173 0.00364556 2.15436e-08
0.571213 0.00364556 2.15469e-08
0.571252 0.00364556 2.15446e-08
0.571292 0.00364556 2.15436e-08
0.571332 0.00364556 2.15469e-08
0.571372 0.00364556 2.15449e-08
0.571412 0.00364556 2.15436e-08
0.571451 0.00364556 2.15469e-08
0.571491 0.00364556 2.15446e-08
0.571531 0.00364556 2.15436e-08
0.571571 0.00364556 2.15469e-08
0.57161 0.00364556 2.15449e-08
0.57165 0.00364556 2.15436e-08
0.57169 0.00364556 2.15469e-08
0.57173 0.00364556 2.15446e-08
0.571769 0.00364556 2.15436e-08
0.571809 0.00364556 2.15469e-08
0.571849 0.00364556 2.15449e-08
0.571889 0.00364556 2.15436e-08
0.571928 0.00364556 2.15469e-08
0.571968 0.00364556 2.15446e-08
0.572008 0.00364556 2.15436e-08
0.572048 0.00364556 2.15469e-08
0.572087 0.00364556 2.15449e-08
0.572127 0.00364556 2.15436e-08
0.572167 0.00364556 2.15469e-08
0.572207 0.00364556 2.15446e-08
0.572247 0.00364556 2.15436e-08
0.572286 0.00364556 2.15469e-08
0.572326 0.00364556 2.15449e-08
0.572366 0.00364556 2.15436e-08
0.572406 0.00364556 2.15469e-08
0.572445 0.00364556 2.15446e-08
0.572485 0.00364556 2.15436e-08
0.572525 0.00364556 2.15469e-08
0.572565 0.00364556 2.15449e-08
0.572604 0.00364556 2.15436e-08
0.572644 0.00364556 2.15469e-08
0.572684 0.00364556 2.15446e-08
0.572724 0.00364556 2.15436e-08
0.572763 0.00364556 2.15469e-08
0.572803 0.00364556 2.15449e-08
0.572843 0.00364556 2.15436e-08
0.572883 0.00364556 2.15469e-08
0.572922 0.00364556 2.15446e-08
0.572962 0.00364556 2.15436e-08
0.573002 0.00364556 2.15469e-08
0.573042 0.00364556 2.15449e-08
0.573082 0.00364556 2.15436e-08
0.573121 0.00364556 2.15469e-08
0.573161 0.00364556 2.15446e-08
0.573201 0.00364556 2.15436e-08
0.573241 0.00364556 2.15469e-08
0.57328 0.00364556 2.15449e-08
0.57332 0.00364556 2.15436e-08
0.57336 0.00364556 2.15469e-08
0.5734 0.00364556 2.15446e-08
0.573439 0.00364556 2.15436e-08
0.573479 0.00364556 2.15469e-08
0.573519 0.00364556 2.15449e-08
0.573559 0.00364556 2.15436e-08
0.573598 0.00364556 2.15469e-08
0.573638 0.00364556 2.15446e-08
0.573678 0.00364556 2.15436e-08
0.573718 0.00364556 2.15469e-08
0.573757 0.00364556 2.15449e-08
0.573797 0.00364556 2.15436e-08
0.573837 0.00364556 2.15469e-08
0.573877 0.00364556 2.15446e-08
0.573917 0.00364556 2.15436e-08
0.573956 0.00364556 2.15469e-08
0.573996 0.00364556 2.15449e-08
0.574036 0.00364556 2.15436e-08
0.574076 0.00364556 2.15469e-08
0.574115 0.00364556 2.15446e-08
0.574155 0.00364556 2.15436e-08
0.574195 0.00364556 2.15469e-08
0.574235 0.00364556 2.15449e-08
0.574274 0.00364556 2.15436e-08
0.574314 0.00364556 2.15469e-08
0.574354 0.00364556 2.15446e-08
0.574394 0.00364556 2.15436e-08
0.574433 0.00364556 2.15469e-08
0.574473 0.00364556 2.15449e-08
0.574513 0.00364556 2.15436e-08
0.574553 0.00364556 2.15469e-08
0.574592 0.00364556 2.15446e-08
0.574632 0.00364556 2.15436e-08
0.574672 0.00364556 2.15469e-08
0.574712 0.00364556 2.15449e-08
0.574751 0.00364556 2.15436e-08
0.574791 0.00364556 2.15469e-08
0.574831 0.00364556 2.15446e-08
0.574871 0.00364556 2.15436e-08
0.574911 0.00364556 2.15469e-08
0.57495 0.00364556 2.15449e-08
0.57499 0.00364556 2.15436e-08
0.57503 0.00364556 2.15469e-08
0.57507 0.00364556 2.15446e-08
0.575109 0.00364556 2.15436e-08
0.575149 0.00364556 2.15469e-08
0.575189 0.00364556 2.15449e-08
0.575229 0.00364556 2.15436e-08
0.575268 0.00364556 2.15469e-08
0.575308 0.00364556 2.15446e-08
0.575348 0.00364556 2.15436e-08
0.575388 0.00364556 2.15469e-08
0.575427 0.00364556 2.15449e-08
0.575467 0.00364556 2.15436e-08
0.575507 0.00364556 2.15469e-08
0.575547 0.00364556 2.15446e-08
0.575586 0.00364556 2.15436e-08
0.575626 0.00364556 2.15469e-08
0.575666 0.00364556 2.15449e-08
0.575706 0.00364556 2.15436e-08
0.575746 0.00364556 2.15469e-08
0.575785 0.00364556 2.15446e-08
0.575825 0.00364556 2.15436e-08
0.575865 0.00364556 2.1547e-08
0.575905 0.00364556 2.15449e-08
0.575944 0.00364556 2.15436e-08
0.575984 0.00364556 2.15469e-08
0.576024 0.00364556 2.15446e-08
0.576064 0.00364556 2.15436e-08
0.576103 0.00364556 2.1547e-08
0.576143 0.00364556 2.15449e-08
0.576183 0.00364556 2.15436e-08
0.576223 0.00364556 2.15469e-08
0.576262 0.00364556 2.15446e-08
0.576302 0.00364556 2.15436e-08
0.576342 0.00364556 2.1547e-08
0.576382 0.00364556 2.15449e-08
0.576421 0.00364556 2.15436e-08
0.576461 0.00364556 2.15469e-08
0.576501 0.00364556 2.15446e-08
0.576541 0.00364556 2.15436e-08
0.576581 0.00364556 2.1547e-08
0.57662 0.00364556 2.15449e-08
0.57666 0.00364556 2.15436e-08
0.5767 0.00364556 2.15468e-08
0.57674 0.00364556 2.15446e-08
0.576779 0.00364556 2.15435e-08
0.576819 0.00364556 2.1547e-08
0.576859 0.00364556 2.15449e-08
0.576899 0.00364556 2.15436e-08
0.576938 0.00364556 2.15468e-08
0.576978 0.00364556 2.15446e-08
0.577018 0.00364556 2.15435e-08
0.577058 0.00364556 2.1547e-08
0.577097 0.00364556 2.15449e-08
0.577137 0.00364556 2.15436e-08
0.577177 0.00364556 2.15468e-08
0.577217 0.00364556 2.15446e-08
0.577256 0.00364556 2.15435e-08
0.577296 0.00364556 2.1547e-08
0.577336 0.00364556 2.15449e-08
0.577376 0.00364556 2.15436e-08
0.577416 0.00364556 2.15468e-08
0.577455 0.00364556 2.15446e-08
0.577495 0.00364556 2.15435e-08
0.577535 0.00364556 2.1547e-08
0.577575 0.00364556 2.15449e-08
0.577614 0.00364556 2.15436e-08
0.577654 0.00364556 2.15468e-08
0.577694 0.00364556 2.15447e-08
0.577734 0.00364556 2.15435e-08
0.577773 0.00364556 2.1547e-08
0.577813 0.00364556 2.15449e-08
0.577853 0.00364556 2.15436e-08
0.577893 0.00364556 2.15468e-08
0.577932 0.00364556 2.15447e-08
0.577972 0.00364556 2.15435e-08
0.578012 0.00364556 2.1547e-08
0.578052 0.00364556 2.15449e-08
0.578091 0.00364556 2.15436e-08
0.578131 0.00364556 2.15468e-08
0.578171 0.00364556 2.15447e-08
0.578211 0.00364556 2.15435e-08
0.57825 0.00364556 2.1547e-08
0.57829 0.00364556 2.15449e-08
0.57833 0.00364556 2.15437e-08
0.57837 0.00364556 2.15468e-08
0.57841 0.00364556 2.15447e-08
0.578449 0.00364556 2.15435e-08
0.578489 0.00364556 2.1547e-08
0.578529 0.00364556 2.15448e-08
0.578569 0.00364556 2.15437e-08
0.578608 0.00364556 2.15468e-08
0.578648 0.00364556 2.15447e-08
0.578688 0.00364556 2.15435e-08
0.578728 0.00364556 2.1547e-08
0.578767 0.00364556 2.15448e-08
0.578807 0.00364556 2.15437e-08
0.578847 0.00364556 2.15468e-08
0.578887 0.00364556 2.15447e-08
0.578926 0.00364556 2.15435e-08
0.578966 0.00364556 2.1547e-08
0.579006 0.00364556 2.15448e-08
0.579046 0.00364556 2.15437e-08
0.579085 0.00364556 2.15468e-08
0.579125 0.00364556 2.15447e-08
0.579165 0.00364556 2.15435e-08
0.579205 0.00364556 2.1547e-08
0.579245 0.00364556 2.15448e-08
0.579284 0.00364556 2.15437e-08
0.579324 0.00364556 2.15468e-08
0.579364 0.00364556 2.15447e-08
0.579404 0.00364556 2.15435e-08
0.579443 0.00364556 2.1547e-08
0.579483 0.00364556 2.15448e-08
0.579523 0.00364556 2.15437e-08
0.579563 0.00364556 2.15468e-08
0.579602 0.00364556 2.15447e-08
0.579642 0.00364556 2.15435e-08
0.579682 0.00364556 2.1547e-08
0.579722 0.00364556 2.15448e-08
0.579761 0.00364556 2.15437e-08
0.579801 0.00364556 2.15468e-08
0.579841 0.00364556 2.15447e-08
0.579881 0.00364556 2.15435e-08
0.57992 0.00364556 2.1547e-08
0.57996 0.00364556 2.15448e-08
0.58 0.00364556 2.15437e-08
0.58004 0.00364556 2.15468e-08
0.58008 0.00364556 2.15447e-08
0.580119 0.00364556 2.15435e-08
0.580159 0.00364556 2.1547e-08
0.580199 0.00364556 2.15448e-08
0.580239 0.00364556 2.15437e-08
0.580278 0.00364556 2.15468e-08
0.580318 0.00364556 2.15447e-08
0.580358 0.00364556 2.15435e-08
0.580398 0.00364556 2.1547e-08
0.580437 0.00364556 2.15449e-08
0.580477 0.00364556 2.15436e-08
0.580517 0.00364556 2.15468e-08
0.580557 0.00364556 2.15447e-08
0.580596 0.00364556 2.15435e-08
0.580636 0.00364556 2.1547e-08
0.580676 0.00364556 2.15449e-08
0.580716 0.00364556 2.15436e-08
0.580755 0.00364556 2.15468e-08
0.580795 0.00364556 2.15447e-08
0.580835 0.00364556 2.15435e-08
0.580875 0.00364556 2.1547e-08
0.580915 0.00364556 2.15449e-08
0.580954 0.00364556 2.15436e-08
0.580994 0.00364556 2.15468e-08
0.581034 0.00364556 2.15447e-08
0.581074 0.00364556 2.15435e-08
0.581113 0.00364556 2.1547e-08
0.581153 0.00364556 2.15449e-08
0.581193 0.00364556 2.15436e-08
0.581233 0.00364556 2.15468e-08
0.581272 0.00364556 2.15446e-08
0.581312 0.00364556 2.15435e-08
0.581352 0.00364556 2.1547e-08
0.581392 0.00364556 2.15449e-08
0.581431 0.00364556 2.15436e-08
0.581471 0.00364556 2.15468e-08
0.581511 0.00364556 2.15446e-08
0.581551 0.00364556 2.15435e-08
0.58159 0.00364556 2.1547e-08
0.58163 0.00364556 2.15449e-08
0.58167 0.00364556 2.15436e-08
0.58171 0.00364556 2.15468e-08
0.58175 0.00364556 2.15446e-08
0.581789 0.00364556 2.15435e-08
0.581829 0.00364556 2.1547e-08
0.581869 0.00364556 2.15449e-08
0.581909 0.00364556 2.15436e-08
0.581948 0.00364556 2.15468e-08
0.581988 0.00364556 2.15446e-08
0.582028 0.00364556 2.15435e-08
0.582068 0.00364556 2.1547e-08
0.582107 0.00364556 2.15449e-08
0.582147 0.00364556 2.15436e-08
0.582187 0.00364556 2.15468e-08
0.582227 0.00364556 2.15446e-08
0.582266 0.00364556 2.15435e-08
0.582306 0.00364556 2.1547e-08
0.582346 0.00364556 2.15449e-08
0.582386 0.00364556 2.15436e-08
0.582425 0.00364556 2.15469e-08
0.582465 0.00364556 2.15446e-08
0.582505 0.00364556 2.15436e-08
0.582545 0.00364556 2.1547e-08
0.582584 0.00364556 2.15449e-08
0.582624 0.00364556 2.15436e-08
0.582664 0.00364556 2.15469e-08
0.582704 0.00364556 2.15446e-08
0.582744 0.00364556 2.15436e-08
0.582783 0.00364556 2.1547e-08
0.582823 0.00364556 2.15449e-08
0.582863 0.00364556 2.15436e-08
0.582903 0.00364556 2.15469e-08
0.582942 0.00364556 2.15446e-08
0.582982 0.00364556 2.15436e-08
0.583022 0.00364556 2.1547e-08
0.583062 0.00364556 2.15449e-08
0.583101 0.00364556 2.15436e-08
0.583141 0.00364556 2.15469e-08
0.583181 0.00364556 2.15446e-08
0.583221 0.00364556 2.15436e-08
0.58326 0.00364556 2.1547e-08
0.5833 0.00364556 2.15449e-08
0.58334 0.00364556 2.15436e-08
0.58338 0.00364556 2.15469e-08
0.583419 0.00364556 2.15446e-08
0.583459 0.00364556 2.15436e-08
0.583499 0.00364556 2.15469e-08
0.583539 0.00364556 2.15449e-08
0.583579 0.00364556 2.15436e-08
0.583618 0.00364556 2.15469e-08
0.583658 0.00364556 2.15446e-08
0.583698 0.00364556 2.15436e-08
0.583738 0.00364556 2.15469e-08
0.583777 0.00364556 2.15449e-08
0.583817 0.00364556 2.15436e-08
0.583857 0.00364556 2.15469e-08
0.583897 0.00364556 2.15446e-08
0.583936 0.00364556 2.15436e-08
0.583976 0.00364556 2.15469e-08
0.584016 0.00364556 2.15449e-08
0.584056 0.00364556 2.15436e-08
0.584095 0.00364556 2.15469e-08
0.584135 0.00364556 2.15446e-08
0.584175 0.00364556 2.15436e-08
0.584215 0.00364556 2.15469e-08
0.584254 0.00364556 2.15449e-08
0.584294 0.00364556 2.15436e-08
0.584334 0.00364556 2.15469e-08
0.584374 0.00364556 2.15446e-08
0.584414 0.00364556 2.15436e-08
0.584453 0.00364556 2.15469e-08
0.584493 0.00364556 2.15449e-08
0.584533 0.00364556 2.15436e-08
0.584573 0.00364556 2.15469e-08
0.584612 0.00364556 2.15446e-08
0.584652 0.00364556 2.15436e-08
0.584692 0.00364556 2.15469e-08
0.584732 0.00364556 2.15449e-08
0.584771 0.00364556 2.15436e-08
0.584811 0.00364556 2.15469e-08
0.584851 0.00364556 2.15446e-08
0.584891 0.00364556 2.15436e-08
0.58493 0.00364556 2.15469e-08
0.58497 0.00364556 2.15449e-08
0.58501 0.00364556 2.15436e-08
0.58505 0.00364556 2.15469e-08
0.585089 0.00364556 2.15446e-08
0.585129 0.00364556 2.15436e-08
0.585169 0.00364556 2.15469e-08
0.585209 0.00364556 2.15449e-08
0.585249 0.00364556 2.15436e-08
0.585288 0.00364556 2.15469e-08
0.585328 0.00364556 2.15446e-08
0.585368 0.00364556 2.15436e-08
0.585408 0.00364556 2.15469e-08
0.585447 0.00364556 2.15449e-08
0.585487 0.00364556 2.15436e-08
0.585527 0.00364556 2.15469e-08
0.585567 0.00364556 2.15446e-08
0.585606 0.00364556 2.15436e-08
0.585646 0.00364556 2.15469e-08
0.585686 0.00364556 2.15449e-08
0.585726 0.00364556 2.15436e-08
0.585765 0.00364556 2.15469e-08
0.585805 0.00364556 2.15446e-08
0.585845 0.00364556 2.15436e-08
0.585885 0.00364556 2.15469e-08
0.585924 0.00364556 2.15449e-08
0.585964 0.00364556 2.15436e-08
0.586004 0.00364556 2.15469e-08
0.586044 0.00364556 2.15446e-08
0.586083 0.00364556 2.15436e-08
0.586123 0.00364556 2.15469e-08
0.586163 0.00364556 2.15449e-08
0.586203 0.00364556 2.15436e-08
0.586243 0.00364556 2.15469e-08
0.586282 0.00364556 2.15446e-08
0.586322 0.00364556 2.15436e-08
0.586362 0.00364556 2.15469e-08
0.586402 0.00364556 2.15449e-08
0.586441 0.00364556 2.15436e-08
0.586481 0.00364556 2.15469e-08
0.586521 0.00364556 2.15446e-08
0.586561 0.00364556 2.15436e-08
0.5866 0.00364556 2.15469e-08
0.58664 0.00364556 2.15449e-08
0.58668 0.00364556 2.15436e-08
0.58672 0.00364556 2.15469e-08
0.586759 0.00364556 2.15446e-08
0.586799 0.00364556 2.15436e-08
0.586839 0.00364556 2.15469e-08
0.586879 0.00364556 2.15449e-08
0.586918 0.00364556 2.15436e-08
0.586958 0.00364556 2.15469e-08
0.586998 0.00364556 2.15446e-08
0.587038 0.00364556 2.15436e-08
0.587078 0.00364556 2.15469e-08
0.587117 0.00364556 2.15449e-08
0.587157 0.00364556 2.15436e-08
0.587197 0.00364556 2.15469e-08
0.587237 0.00364556 2.15446e-08
0.587276 0.00364556 2.15436e-08
0.587316 0.00364556 2.15469e-08
0.587356 0.00364556 2.15449e-08
0.587396 0.00364556 2.15436e-08
0.587435 0.00364556 2.15469e-08
0.587475 0.00364556 2.15446e-08
0.587515 0.00364556 2.15436e-08
0.587555 0.00364556 2.15469e-08
0.587594 0.00364556 2.15449e-08
0.587634 0.00364556 2.15436e-08
0.587674 0.00364556 2.15469e-08
0.587714 0.00364556 2.15446e-08
0.587753 0.00364556 2.15436e-08
0.587793 0.00364556 2.15469e-08
0.587833 0.00364556 2.15449e-08
0.587873 0.00364556 2.15436e-08
0.587913 0.00364556 2.15469e-08
0.587952 0.00364556 2.15446e-08
0.587992 0.00364556 2.15436e-08
0.588032 0.00364556 2.1547e-08
0.588072 0.00364556 2.15449e-08
0.588111 0.00364556 2.15436e-08
0.588151 0.00364556 2.15469e-08
0.588191 0.00364556 2.15446e-08
0.588231 0.00364556 2.15436e-08
0.58827 0.00364556 2.1547e-08
0.58831 0.00364556 2.15449e-08
0.58835 0.00364556 2.15436e-08
0.58839 0.00364556 2.15469e-08
0.588429 0.00364556 2.15446e-08
0.588469 0.00364556 2.15436e-08
0.588509 0.00364556 2.1547e-08
0.588549 0.00364556 2.15449e-08
0.588588 0.00364556 2.15436e-08
0.588628 0.00364556 2.15469e-08
0.588668 0.00364556 2.15446e-08
0.588708 0.00364556 2.15436e-08
0.588748 0.00364556 2.1547e-08
0.588787 0.00364556 2.15449e-08
0.588827 0.00364556 2.15436e-08
0.588867 0.00364556 2.15469e-08
0.588907 0.00364556 2.15446e-08
0.588946 0.00364556 2.15436e-08
0.588986 0.00364556 2.1547e-08
0.589026 0.00364556 2.15449e-08
0.589066 0.00364556 2.15436e-08
0.589105 0.00364556 2.15469e-08
0.589145 0.00364556 2.15446e-08
0.589185 0.00364556 2.15436e-08
0.589225 0.00364556 2.1547e-08
0.589264 0.00364556 2.15449e-08
0.589304 0.00364556 2.15436e-08
0.589344 0.00364556 2.15468e-08
0.589384 0.00364556 2.15446e-08
0.589423 0.00364556 2.15435e-08
0.589463 0.00364556 2.1547e-08
0.589503 0.00364556 2.15449e-08
0.589543 0.00364556 2.15436e-08
0.589583 0.00364556 2.15468e-08
0.589622 0.00364556 2.15446e-08
0.589662 0.00364556 2.15435e-08
0.589702 0.00364556 2.1547e-08
0.589742 0.00364556 2.15449e-08
0.589781 0.00364556 2.15436e-08
0.589821 0.00364556 2.15468e-08
0.589861 0.00364556 2.15446e-08
0.589901 0.00364556 2.15435e-08
0.58994 0.00364556 2.1547e-08
0.58998 0.00364556 2.15449e-08
0.59002 0.00364556 2.15436e-08
0.59006 0.00364556 2.15468e-08
0.590099 0.00364556 2.15446e-08
0.590139 0.00364556 2.15435e-08
0.590179 0.00364556 2.1547e-08
0.590219 0.00364556 2.15449e-08
0.590258 0.00364556 2.15436e-08
0.590298 0.00364556 2.15468e-08
0.590338 0.00364556 2.15446e-08
0.590378 0.00364556 2.15435e-08
0.590417 0.00364556 2.1547e-08
0.590457 0.00364556 2.15449e-08
0.590497 0.00364556 2.15436e-08
0.590537 0.00364556 2.15468e-08
0.590577 0.00364556 2.15446e-08
0.590616 0.00364556 2.15435e-08
0.590656 0.00364556 2.1547e-08
0.590696 0.00364556 2.15449e-08
0.590736 0.00364556 2.15436e-08
0.590775 0.00364556 2.15468e-08
0.590815 0.00364556 2.15446e-08
0.590855 0.00364556 2.15435e-08
0.590895 0.00364556 2.1547e-08
0.590934 0.00364556 2.15449e-08
0.590974 0.00364556 2.15436e-08
0.591014 0.00364556 2.15468e-08
0.591054 0.00364556 2.15446e-08
0.591093 0.00364556 2.15435e-08
0.591133 0.00364556 2.1547e-08
0.591173 0.00364556 2.15449e-08
0.591213 0.00364556 2.15436e-08
0.591252 0.00364556 2.15468e-08
0.591292 0.00364556 2.15447e-08
0.591332 0.00364556 2.15435e-08
0.591372 0.00364556 2.1547e-08
0.591412 0.00364556 2.15449e-08
0.591451 0.00364556 2.15436e-08
0.591491 0.00364556 2.15468e-08
0.591531 0.00364556 2.15447e-08
0.591571 0.00364556 2.15435e-08
0.59161 0.00364556 2.1547e-08
0.59165 0.00364556 2.15449e-08
0.59169 0.00364556 2.15436e-08
0.59173 0.00364556 2.15468e-08
0.591769 0.00364556 2.15447e-08
0.591809 0.00364556 2.15435e-08
0.591849 0.00364556 2.1547e-08
0.591889 0.00364556 2.15449e-08
0.591928 0.00364556 2.15436e-08
0.591968 0.00364556 2.15468e-08
0.592008 0.00364556 2.15447e-08
0.592048 0.00364556 2.15435e-08
0.592087 0.00364556 2.1547e-08
0.592127 0.00364556 2.15449e-08
0.592167 0.00364556 2.15436e-08
0.592207 0.00364556 2.15468e-08
0.592247 0.00364556 2.15447e-08
0.592286 0.00364556 2.15435e-08
0.592326 0.00364556 2.1547e-08
0.592366 0.00364556 2.15449e-08
0.592406 0.00364556 2.15436e-08
0.592445 0.00364556 2.15468e-08
0.592485 0.00364556 2.15447e-08
0.592525 0.00364556 2.15435e-08
0.592565 0.00364556 2.1547e-08
0.592604 0.00364556 2.15449e-08
0.592644 0.00364556 2.15436e-08
0.592684 0.00364556 2.15468e-08
0.592724 0.00364556 2.15447e-08
0.592763 0.00364556 2.15435e-08
0.592803 0.00364556 2.1547e-08
0.592843 0.00364556 2.15449e-08
0.592883 0.00364556 2.15436e-08
0.592922 0.00364556 2.15468e-08
0.592962 0.00364556 2.15447e-08
0.593002 0.00364556 2.15435e-08
0.593042 0.00364556 2.1547e-08
0.593082 0.00364556 2.15449e-08
0.593121 0.00364556 2.15436e-08
0.593161 0.00364556 2.15468e-08
0.593201 0.00364556 2.15446e-08
0.593241 0.00364556 2.15435e-08
0.59328 0.00364556 2.1547e-08
0.59332 0.00364556 2.15449e-08
0.59336 0.00364556 2.15436e-08
0.5934 0.00364556 2.15468e-08
0.593439 0.00364556 2.15446e-08
0.593479 0.00364556 2.15435e-08
0.593519 0.00364556 2.1547e-08
0.593559 0.00364556 2.15449e-08
0.593598 0.00364556 2.15436e-08
0.593638 0.00364556 2.15468e-08
0.593678 0.00364556 2.15446e-08
0.593718 0.00364556 2.15435e-08
0.593757 0.00364556 2.1547e-08
0.593797 0.00364556 2.15449e-08
0.593837 0.00364556 2.15436e-08
0.593877 0.00364556 2.15468e-08
0.593917 0.00364556 2.15446e-08
0.593956 0.00364556 2.15435e-08
0.593996 0.00364556 2.1547e-08
0.594036 0.00364556 2.15449e-08
0.594076 0.00364556 2.15436e-08
0.594115 0.00364556 2.15468e-08
0.594155 0.00364556 2.15446e-08
0.594195 0.00364556 2.15435e-08
0.594235 0.00364556 2.1547e-08
0.594274 0.00364556 2.15449e-08
0.594314 0.00364556 2.15436e-08
0.594354 0.00364556 2.15468e-08
0.594394 0.00364556 2.15446e-08
0.594433 0.00364556 2.15435e-08
0.594473 0.00364556 2.1547e-08
0.594513 0.00364556 2.15449e-08
0.594553 0.00364556 2.15436e-08
0.594592 0.00364556 2.15468e-08
0.594632 0.00364556 2.15446e-08
0.594672 0.00364556 2.15435e-08
0.594712 0.00364556 2.1547e-08
0.594751 0.00364556 2.15449e-08
0.594791 0.00364556 2.15436e-08
0.594831 0.00364556 2.15468e-08
0.594871 0.00364556 2.15446e-08
0.594911 0.00364556 2.15435e-08
0.59495 0.00364556 2.1547e-08
0.59499 0.00364556 2.15449e-08
0.59503 0.00364556 2.15436e-08
0.59507 0.00364556 2.15468e-08
0.595109 0.00364556 2.15446e-08
0.595149 0.00364556 2.15435e-08
0.595189 0.00364556 2.1547e-08
0.595229 0.00364556 2.15449e-08
0.595268 0.00364556 2.15436e-08
0.595308 0.00364556 2.15469e-08
0.595348 0.00364556 2.15446e-08
0.595388 0.00364556 2.15436e-08
0.595427 0.00364556 2.1547e-08
0.595467 0.00364556 2.15449e-08
0.595507 0.00364556 2.15436e-08
0.595547 0.00364556 2.15469e-08
0.595586 0.00364556 2.15446e-08
0.595626 0.00364556 2.15436e-08
0.595666 0.00364556 2.1547e-08
0.595706 0.00364556 2.15449e-08
0.595746 0.00364556 2.15436e-08
0.595785 0.00364556 2.15469e-08
0.595825 0.00364556 2.15446e-08
0.595865 0.00364556 2.15436e-08
0.595905 0.00364556 2.1547e-08
0.595944 0.00364556 2.15449e-08
0.595984 0.00364556 2.15436e-08
0.596024 0.00364556 2.15469e-08
0.596064 0.00364556 2.15446e-08
0.596103 0.00364556 2.15436e-08
0.596143 0.00364556 2.1547e-08
0.596183 0.00364556 2.15449e-08
0.596223 0.00364556 2.15436e-08
0.596262 0.00364556 2.15469e-08
0.596302 0.00364556 2.15446e-08
0.596342 0.00364556 2.15436e-08
0.596382 0.00364556 2.1547e-08
0.596421 0.00364556 2.15449e-08
0.596461 0.00364556 2.15436e-08
0.596501 0.00364556 2.15469e-08
0.596541 0.00364556 2.15446e-08
0.596581 0.00364556 2.15436e-08
0.59662 0.00364556 2.1547e-08
0.59666 0.00364556 2.15449e-08
0.5967 0.00364556 2.15436e-08
0.59674 0.00364556 2.15469e-08
0.596779 0.00364556 2.15446e-08
0.596819 0.00364556 2.15436e-08
0.596859 0.00364556 2.1547e-08
0.596899 0.00364556 2.15449e-08
0.596938 0.00364556 2.15436e-08
0.596978 0.00364556 2.15469e-08
0.597018 0.00364556 2.15446e-08
0.597058 0.00364556 2.15436e-08
0.597097 0.00364556 2.1547e-08
0.597137 0.00364556 2.15449e-08
0.597177 0.00364556 2.15436e-08
0.597217 0.00364556 2.15469e-08
0.597256 0.00364556 2.15446e-08
0.597296 0.00364556 2.15436e-08
0.597336 0.00364556 2.15469e-08
0.597376 0.00364556 2.15449e-08
0.597416 0.00364556 2.15436e-08
0.597455 0.00364556 2.15469e-08
0.597495 0.00364556 2.15446e-08
0.597535 0.00364556 2.15436e-08
0.597575 0.00364556 2.15469e-08
0.597614 0.00364556 2.15449e-08
0.597654 0.00364556 2.15436e-08
0.597694 0.00364556 2.15469e-08
0.597734 0.00364556 2.15446e-08
0.597773 0.00364556 2.15436e-08
0.597813 0.00364556 2.15469e-08
0.597853 0.00364556 2.15449e-08
0.597893 0.00364556 2.15436e-08
0.597932 0.00364556 2.15469e-08
0.597972 0.00364556 2.15446e-08
0.598012 0.00364556 2.15436e-08
0.598052 0.00364556 2.15469e-08
0.598091 0.00364556 2.15449e-08
0.598131 0.00364556 2.15436e-08
0.598171 0.00364556 2.15469e-08
0.598211 0.00364556 2.15446e-08
0.59825 0.00364556 2.15436e-08
0.59829 0.00364556 2.15469e-08
0.59833 0.00364556 2.15449e-08
0.59837 0.00364556 2.15436e-08
0.59841 0.00364556 2.15469e-08
0.598449 0.00364556 2.15446e-08
0.598489 0.00364556 2.15436e-08
0.598529 0.00364556 2.15469e-08
0.598569 0.00364556 2.15449e-08
0.598608 0.00364556 2.15436e-08
0.598648 0.00364556 2.15469e-08
0.598688 0.00364556 2.15446e-08
0.598728 0.00364556 2.15436e-08
0.598767 0.00364556 2.15469e-08
0.598807 0.00364556 2.15449e-08
0.598847 0.00364556 2.15436e-08
0.598887 0.00364556 2.15469e-08
0.598926 0.00364556 2.15446e-08
0.598966 0.00364556 2.15436e-08
0.599006 0.00364556 2.15469e-08
0.599046 0.00364556 2.15449e-08
0.599085 0.00364556 2.15436e-08
0.599125 0.00364556 2.15469e-08
0.599165 0.00364556 2.15446e-08
0.599205 0.00364556 2.15436e-08
0.599245 0.00364556 2.15469e-08
0.599284 0.00364556 2.15449e-08
0.599324 0.00364556 2.15436e-08
0.599364 0.00364556 2.15469e-08
0.599404 0.00364556 2.15446e-08
0.599443 0.00364556 2.15436e-08
0.599483 0.00364556 2.15469e-08
0.599523 0.00364556 2.15449e-08
0.599563 0.00364556 2.15436e-08
0.599602 0.00364556 2.15469e-08
0.599642 0.00364556 2.15446e-08
0.599682 0.00364556 2.15436e-08
0.599722 0.00364556 2.1547e-08
0.599761 0.00364556 2.15449e-08
0.599801 0.00364556 2.15436e-08
0.599841 0.00364556 2.15469e-08
0.599881 0.00364556 2.15446e-08
0.59992 0.00364556 2.15436e-08
0.59996 0.00364556 2.1547e-08
0.6 0.00364556 2.15449e-08
0.60004 0.00364556 2.15436e-08
0.60008 0.00364556 2.15469e-08
0.600119 0.00364556 2.15446e-08
0.600159 0.00364556 2.15436e-08
0.600199 0.00364556 2.1547e-08
0.600239 0.00364556 2.15449e-08
0.600278 0.00364556 2.15436e-08
0.600318 0.00364556 2.15469e-08
0.600358 0.00364556 2.15446e-08
0.600398 0.00364556 2.15436e-08
0.600437 0.00364556 2.1547e-08
0.600477 0.00364556 2.15449e-08
0.600517 0.00364556 2.15436e-08
0.600557 0.00364556 2.15469e-08
0.600596 0.00364556 2.15446e-08
0.600636 0.00364556 2.15436e-08
0.600676 0.00364556 2.1547e-08
0.600716 0.00364556 2.15449e-08
0.600755 0.00364556 2.15436e-08
0.600795 0.00364556 2.15469e-08
0.600835 0.00364556 2.15446e-08
0.600875 0.00364556 2.15436e-08
0.600915 0.00364556 2.1547e-08
0.600954 0.00364556 2.15449e-08
0.600994 0.00364556 2.15436e-08
0.601034 0.00364556 2.15469e-08
0.601074 0.00364556 2.15446e-08
0.601113 0.00364556 2.15436e-08
0.601153 0.00364556 2.1547e-08
0.601193 0.00364556 2.15449e-08
0.601233 0.00364556 2.15436e-08
0.601272 0.00364556 2.15469e-08
0.601312 0.00364556 2.15446e-08
0.601352 0.00364556 2.15436e-08
0.601392 0.00364556 2.1547e-08
0.601431 0.00364556 2.15449e-08
0.601471 0.00364556 2.15436e-08
0.601511 0.00364556 2.15469e-08
0.601551 0.00364556 2.15446e-08
0.60159 0.00364556 2.15436e-08
0.60163 0.00364556 2.1547e-08
0.60167 0.00364556 2.15449e-08
0.60171 0.00364556 2.15436e-08
0.60175 0.00364556 2.15469e-08
0.601789 0.00364556 2.15446e-08
0.601829 0.00364556 2.15436e-08
0.601869 0.00364556 2.1547e-08
0.601909 0.00364556 2.15449e-08
0.601948 0.00364556 2.15436e-08
0.601988 0.00364556 2.15468e-08
0.602028 0.00364556 2.15446e-08
0.602068 0.00364556 2.15435e-08
0.602107 0.00364556 2.1547e-08
0.602147 0.00364556 2.15449e-08
0.602187 0.00364556 2.15436e-08
0.602227 0.00364556 2.15468e-08
0.602266 0.00364556 2.15446e-08
0.602306 0.00364556 2.15435e-08
0.602346 0.00364556 2.1547e-08
0.602386 0.00364556 2.15449e-08
0.602425 0.00364556 2.15436e-08
0.602465 0.00364556 2.15468e-08
0.602505 0.00364556 2.15446e-08
0.602545 0.00364556 2.15435e-08
0.602584 0.00364556 2.1547e-08
0.602624 0.00364556 2.15449e-08
0.602664 0.00364556 2.15436e-08
0.602704 0.00364556 2.15468e-08
0.602744 0.00364556 2.15446e-08
0.602783 0.00364556 2.15435e-08
0.602823 0.00364556 2.1547e-08
0.602863 0.00364556 2.15449e-08
0.602903 0.00364556 2.15436e-08
0.602942 0.00364556 2.15468e-08
0.602982 0.00364556 2.15446e-08
0.603022 0.00364556 2.15435e-08
0.603062 0.00364556 2.1547e-08
0.603101 0.00364556 2.15449e-08
0.603141 0.00364556 2.15436e-08
0.603181 0.00364556 2.15468e-08
0.603221 0.00364556 2.15446e-08
0.60326 0.00364556 2.15435e-08
0.6033 0.00364556 2.1547e-08
0.60334 0.00364556 2.15449e-08
0.60338 0.00364556 2.15436e-08
0.603419 0.00364556 2.15468e-08
0.603459 0.00364556 2.15446e-08
0.603499 0.00364556 2.15435e-08
0.603539 0.00364556 2.1547e-08
0.603579 0.00364556 2.15449e-08
0.603618 0.00364556 2.15436e-08
0.603658 0.00364556 2.15468e-08
0.603698 0.00364556 2.15446e-08
0.603738 0.00364556 2.15435e-08
0.603777 0.00364556 2.1547e-08
0.603817 0.00364556 2.15449e-08
0.603857 0.00364556 2.15436e-08
0.603897 0.00364556 2.15468e-08
0.603936 0.00364556 2.15446e-08
0.603976 0.00364556 2.15435e-08
0.604016 0.00364556 2.1547e-08
0.604056 0.00364556 2.15449e-08
0.604095 0.00364556 2.15436e-08
0.604135 0.00364556 2.15468e-08
0.604175 0.00364556 2.15446e-08
0.604215 0.00364556 2.15435e-08
0.604254 0.00364556 2.1547e-08
0.604294 0.00364556 2.15449e-08
0.604334 0.00364556 2.15436e-08
0.604374 0.00364556 2.15468e-08
0.604414 0.00364556 2.15446e-08
0.604453 0.00364556 2.15435e-08
0.604493 0.00364556 2.1547e-08
0.604533 0.00364556 2.15449e-08
0.604573 0.00364556 2.15436e-08
0.604612 0.00364556 2.15468e-08
0.604652 0.00364556 2.15446e-08
0.604692 0.00364556 2.15435e-08
0.604732 0.00364556 2.1547e-08
0.604771 0.00364556 2.15449e-08
0.604811 0.00364556 2.15436e-08
0.604851 0.00364556 2.15468e-08
0.604891 0.00364556 2.15446e-08
0.60493 0.00364556 2.15435e-08
0.60497 0.00364556 2.1547e-08
0.60501 0.00364556 2.15449e-08
0.60505 0.00364556 2.15436e-08
0.605089 0.00364556 2.15468e-08
0.605129 0.00364556 2.15446e-08
0.605169 0.00364556 2.15435e-08
0.605209 0.00364556 2.1547e-08
0.605249 0.00364556 2.15449e-08
0.605288 0.00364556 2.15436e-08
0.605328 0.00364556 2.15468e-08
0.605368 0.00364556 2.15446e-08
0.605408 0.00364556 2.15435e-08
0.605447 0.00364556 2.1547e-08
0.605487 0.00364556 2.15449e-08
0.605527 0.00364556 2.15436e-08
0.605567 0.00364556 2.15468e-08
0.605606 0.00364556 2.15446e-08
0.605646 0.00364556 2.15435e-08
0.605686 0.00364556 2.1547e-08
0.605726 0.00364556 2.15449e-08
0.605765 0.00364556 2.15436e-08
0.605805 0.00364556 2.15468e-08
0.605845 0.00364556 2.15446e-08
0.605885 0.00364556 2.15435e-08
0.605924 0.00364556 2.1547e-08
0.605964 0.00364556 2.15449e-08
0.606004 0.00364556 2.15436e-08
0.606044 0.00364556 2.15468e-08
0.606083 0.00364556 2.15446e-08
0.606123 0.00364556 2.15435e-08
0.606163 0.00364556 2.1547e-08
0.606203 0.00364556 2.15449e-08
0.606243 0.00364556 2.15436e-08
0.606282 0.00364556 2.15468e-08
0.606322 0.00364556 2.15446e-08
0.606362 0.00364556 2.15435e-08
0.606402 0.00364556 2.1547e-08
0.606441 0.00364556 2.15449e-08
0.606481 0.00364556 2.15436e-08
0.606521 0.00364556 2.15468e-08
0.606561 0.00364556 2.15446e-08
0.6066 0.00364556 2.15435e-08
0.60664 0.00364556 2.1547e-08
0.60668 0.00364556 2.15449e-08
0.60672 0.00364556 2.15436e-08
0.606759 0.00364556 2.15468e-08
0.606799 0.00364556 2.15446e-08
0.606839 0.00364556 2.15435e-08
0.606879 0.00364556 2.1547e-08
0.606918 0.00364556 2.15449e-08
0.606958 0.00364556 2.15436e-08
0.606998 0.00364556 2.15468e-08
0.607038 0.00364556 2.15446e-08
0.607078 0.00364556 2.15435e-08
0.607117 0.00364556 2.1547e-08
0.607157 0.00364556 2.15449e-08
0.607197 0.00364556 2.15436e-08
0.607237 0.00364556 2.15468e-08
0.607276 0.00364556 2.15446e-08
0.607316 0.00364556 2.15435e-08
0.607356 0.00364556 2.1547e-08
0.607396 0.00364556 2.15449e-08
0.607435 0.00364556 2.15436e-08
0.607475 0.00364556 2.15468e-08
0.607515 0.00364556 2.15446e-08
0.607555 0.00364556 2.15435e-08
0.607594 0.00364556 2.1547e-08
0.607634 0.00364556 2.15449e-08
0.607674 0.00364556 2.15436e-08
0.607714 0.00364556 2.15468e-08
0.607753 0.00364556 2.15446e-08
0.607793 0.00364556 2.15435e-08
0.607833 0.00364556 2.1547e-08
0.607873 0.00364556 2.15449e-08
0.607913 0.00364556 2.15436e-08
0.607952 0.00364556 2.15468e-08
0.607992 0.00364556 2.15446e-08
0.608032 0.00364556 2.15435e-08
0.608072 0.00364556 2.1547e-08
0.608111 0.00364556 2.15449e-08
0.608151 0.00364556 2.15436e-08
0.608191 0.00364556 2.15468e-08
0.608231 0.00364556 2.15446e-08
0.60827 0.00364556 2.15435e-08
0.60831 0.00364556 2.1547e-08
0.60835 0.00364556 2.15449e-08
0.60839 0.00364556 2.15436e-08
0.608429 0.00364556 2.15469e-08
0.608469 0.00364556 2.15446e-08
0.608509 0.00364556 2.15436e-08
0.608549 0.00364556 2.1547e-08
0.608588 0.00364556 2.15449e-08
0.608628 0.00364556 2.15436e-08
0.608668 0.00364556 2.15469e-08
0.608708 0.00364556 2.15446e-08
0.608748 0.00364556 2.15436e-08
0.608787 0.00364556 2.1547e-08
0.608827 0.00364556 2.15449e-08
0.608867 0.00364556 2.15436e-08
0.608907 0.00364556 2.15469e-08
0.608946 0.00364556 2.15446e-08
0.608986 0.00364556 2.15436e-08
0.609026 0.00364556 2.1547e-08
0.609066 0.00364556 2.15449e-08
0.609105 0.00364556 2.15436e-08
0.609145 0.00364556 2.15469e-08
0.609185 0.00364556 2.15446e-08
0.609225 0.00364556 2.15436e-08
0.609264 0.00364556 2.1547e-08
0.609304 0.00364556 2.15449e-08
0.609344 0.00364556 2.15436e-08
0.609384 0.00364556 2.15469e-08
0.609423 0.00364556 2.15446e-08
0.609463 0.00364556 2.15436e-08
0.609503 0.00364556 2.1547e-08
0.609543 0.00364556 2.15449e-08
0.609583 0.00364556 2.15436e-08
0.609622 0.00364556 2.15469e-08
0.609662 0.00364556 2.15446e-08
0.609702 0.00364556 2.15436e-08
0.609742 0.00364556 2.1547e-08
0.609781 0.00364556 2.15449e-08
0.609821 0.00364556 2.15436e-08
0.609861 0.00364556 2.15469e-08
0.609901 0.00364556 2.15446e-08
0.60994 0.00364556 2.15436e-08
0.60998 0.00364556 2.1547e-08
0.61002 0.00364556 2.15449e-08
0.61006 0.00364556 2.15436e-08
0.610099 0.00364556 2.15469e-08
0.610139 0.00364556 2.15446e-08
0.610179 0.00364556 2.15436e-08
0.610219 0.00364556 2.1547e-08
0.610258 0.00364556 2.15449e-08
0.610298 0.00364556 2.15436e-08
0.610338 0.00364556 2.15469e-08
0.610378 0.00364556 2.15446e-08
0.610417 0.00364556 2.15436e-08
0.610457 0.00364556 2.1547e-08
0.610497 0.00364556 2.15449e-08
0.610537 0.00364556 2.15436e-08
0.610577 0.00364556 2.15469e-08
0.610616 0.00364556 2.15446e-08
0.610656 0.00364556 2.15436e-08
0.610696 0.00364556 2.1547e-08
0.610736 0.00364556 2.15449e-08
0.610775 0.00364556 2.15436e-08
0.610815 0.00364556 2.15469e-08
0.610855 0.00364556 2.15446e-08
0.610895 0.00364556 2.15436e-08
0.610934 0.00364556 2.1547e-08
0.610974 0.00364556 2.15449e-08
0.611014 0.00364556 2.15436e-08
0.611054 0.00364556 2.15469e-08
0.611093 0.00364556 2.15446e-08
0.611133 0.00364556 2.15436e-08
0.611173 0.00364556 2.1547e-08
0.611213 0.00364556 2.15449e-08
0.611252 0.00364556 2.15436e-08
0.611292 0.00364556 2.15469e-08
0.611332 0.00364556 2.15446e-08
0.611372 0.00364556 2.15436e-08
0.611412 0.00364556 2.1547e-08
0.611451 0.00364556 2.15449e-08
0.611491 0.00364556 2.15436e-08
0.611531 0.00364556 2.15469e-08
0.611571 0.00364556 2.15446e-08
0.61161 0.00364556 2.15436e-08
0.61165 0.00364556 2.1547e-08
0.61169 0.00364556 2.15449e-08
0.61173 0.00364556 2.15436e-08
0.611769 0.00364556 2.15469e-08
0.611809 0.00364556 2.15446e-08
0.611849 0.00364556 2.15436e-08
0.611889 0.00364556 2.1547e-08
0.611928 0.00364556 2.15449e-08
0.611968 0.00364556 2.15436e-08
0.612008 0.00364556 2.15469e-08
0.612048 0.00364556 2.15446e-08
0.612087 0.00364556 2.15436e-08
0.612127 0.00364556 2.1547e-08
0.612167 0.00364556 2.15449e-08
0.612207 0.00364556 2.15436e-08
0.612247 0.00364556 2.15469e-08
0.612286 0.00364556 2.15446e-08
0.612326 0.00364556 2.15436e-08
0.612366 0.00364556 2.1547e-08
0.612406 0.00364556 2.15449e-08
0.612445 0.00364556 2.15436e-08
0.612485 0.00364556 2.15469e-08
0.612525 0.00364556 2.15446e-08
0.612565 0.00364556 2.15436e-08
0.612604 0.00364556 2.1547e-08
0.612644 0.00364556 2.15449e-08
0.612684 0.00364556 2.15436e-08
0.612724 0.00364556 2.15469e-08
0.612763 0.00364556 2.15446e-08
0.612803 0.00364556 2.15436e-08
0.612843 0.00364556 2.1547e-08
0.612883 0.00364556 2.15449e-08
0.612922 0.00364556 2.15436e-08
0.612962 0.00364556 2.15469e-08
0.613002 0.00364556 2.15446e-08
0.613042 0.00364556 2.15436e-08
0.613082 0.00364556 2.1547e-08
0.613121 0.00364556 2.15449e-08
0.613161 0.00364556 2.15436e-08
0.613201 0.00364556 2.15469e-08
0.613241 0.00364556 2.15446e-08
0.61328 0.00364556 2.15436e-08
0.61332 0.00364556 2.1547e-08
0.61336 0.00364556 2.15449e-08
0.6134 0.00364556 2.15436e-08
0.613439 0.00364556 2.15469e-08
0.613479 0.00364556 2.15446e-08
0.613519 0.00364556 2.15436e-08
0.613559 0.00364556 2.1547e-08
0.613598 0.00364556 2.15449e-08
0.613638 0.00364556 2.15436e-08
0.613678 0.00364556 2.15469e-08
0.613718 0.00364556 2.15446e-08
0.613757 0.00364556 2.15436e-08
0.613797 0.00364556 2.1547e-08
0.613837 0.00364556 2.15449e-08
0.613877 0.00364556 2.15436e-08
0.613917 0.00364556 2.15469e-08
0.613956 0.00364556 2.15446e-08
0.613996 0.00364556 2.15436e-08
0.614036 0.00364556 2.1547e-08
0.614076 0.00364556 2.15449e-08
0.614115 0.00364556 2.15436e-08
0.614155 0.00364556 2.15469e-08
0.614195 0.00364556 2.15446e-08
0.614235 0.00364556 2.15436e-08
0.614274 0.00364556 2.1547e-08
0.614314 0.00364556 2.15449e-08
0.614354 0.00364556 2.15436e-08
0.614394 0.00364556 2.15468e-08
0.614433 0.00364556 2.15446e-08
0.614473 0.00364556 2.15435e-08
0.614513 0.00364556 2.1547e-08
0.614553 0.00364556 2.15449e-08
0.614592 0.00364556 2.15436e-08
0.614632 0.00364556 2.15468e-08
0.614672 0.00364556 2.15446e-08
0.614712 0.00364556 2.15435e-08
0.614751 0.00364556 2.1547e-08
0.614791 0.00364556 2.15449e-08
0.614831 0.00364556 2.15436e-08
0.614871 0.00364556 2.15468e-08
0.614911 0.00364556 2.15446e-08
0.61495 0.00364556 2.15435e-08
0.61499 0.00364556 2.1547e-08
0.61503 0.00364556 2.15449e-08
0.61507 0.00364556 2.15436e-08
0.615109 0.00364556 2.15468e-08
0.615149 0.00364556 2.15446e-08
0.615189 0.00364556 2.15435e-08
0.615229 0.00364556 2.1547e-08
0.615268 0.00364556 2.15449e-08
0.615308 0.00364556 2.15436e-08
0.615348 0.00364556 2.15468e-08
0.615388 0.00364556 2.15446e-08
0.615427 0.00364556 2.15435e-08
0.615467 0.00364556 2.1547e-08
0.615507 0.00364556 2.15449e-08
0.615547 0.00364556 2.15436e-08
0.615586 0.00364556 2.15468e-08
0.615626 0.00364556 2.15446e-08
0.615666 0.00364556 2.15435e-08
0.615706 0.00364556 2.1547e-08
0.615746 0.00364556 2.15449e-08
0.615785 0.00364556 2.15436e-08
0.615825 0.00364556 2.15468e-08
0.615865 0.00364556 2.15446e-08
0.615905 0.00364556 2.15435e-08
0.615944 0.00364556 2.1547e-08
0.615984 0.00364556 2.15449e-08
0.616024 0.00364556 2.15436e-08
0.616064 0.00364556 2.15468e-08
0.616103 0.00364556 2.15446e-08
0.616143 0.00364556 2.15435e-08
0.616183 0.00364556 2.1547e-08
0.616223 0.00364556 2.15449e-08
0.616262 0.00364556 2.15436e-08
0.616302 0.00364556 2.15468e-08
0.616342 0.00364556 2.15446e-08
0.616382 0.00364556 2.15435e-08
0.616421 0.00364556 2.1547e-08
0.616461 0.00364556 2.15449e-08
0.616501 0.00364556 2.15436e-08
0.616541 0.00364556 2.15468e-08
0.616581 0.00364556 2.15446e-08
0.61662 0.00364556 2.15435e-08
0.61666 0.00364556 2.1547e-08
0.6167 0.00364556 2.15449e-08
0.61674 0.00364556 2.15436e-08
0.616779 0.00364556 2.15468e-08
0.616819 0.00364556 2.15446e-08
0.616859 0.00364556 2.15435e-08
0.616899 0.00364556 2.1547e-08
0.616938 0.00364556 2.15449e-08
0.616978 0.00364556 2.15436e-08
0.617018 0.00364556 2.15468e-08
0.617058 0.00364556 2.15446e-08
0.617097 0.00364556 2.15435e-08
0.617137 0.00364556 2.1547e-08
0.617177 0.00364556 2.15449e-08
0.617217 0.00364556 2.15436e-08
0.617256 0.00364556 2.15468e-08
0.617296 0.00364556 2.15446e-08
0.617336 0.00364556 2.15435e-08
0.617376 0.00364556 2.1547e-08
0.617416 0.00364556 2.15449e-08
0.617455 0.00364556 2.15436e-08
0.617495 0.00364556 2.15468e-08
0.617535 0.00364556 2.15446e-08
0.617575 0.00364556 2.15435e-08
0.617614 0.00364556 2.1547e-08
0.617654 0.00364556 2.15449e-08
0.617694 0.00364556 2.15436e-08
0.617734 0.00364556 2.15468e-08
0.617773 0.00364556 2.15446e-08
0.617813 0.00364556 2.15435e-08
0.617853 0.00364556 2.1547e-08
0.617893 0.00364556 2.15449e-08
0.617932 0.00364556 2.15436e-08
0.617972 0.00364556 2.15468e-08
0.618012 0.00364556 2.15446e-08
0.618052 0.00364556 2.15435e-08
0.618091 0.00364556 2.1547e-08
0.618131 0.00364556 2.15449e-08
0.618171 0.00364556 2.15436e-08
0.618211 0.00364556 2.15468e-08
0.61825 0.00364556 2.15446e-08
0.61829 0.00364556 2.15435e-08
0.61833 0.00364556 2.1547e-08
0.61837 0.00364556 2.15449e-08
0.61841 0.00364556 2.15436e-08
0.618449 0.00364556 2.15468e-08
0.618489 0.00364556 2.15446e-08
0.618529 0.00364556 2.15435e-08
0.618569 0.00364556 2.1547e-08
0.618608 0.00364556 2.15449e-08
0.618648 0.00364556 2.15436e-08
0.618688 0.00364556 2.15468e-08
0.618728 0.00364556 2.15446e-08
0.618767 0.00364556 2.15435e-08
0.618807 0.00364556 2.1547e-08
0.618847 0.00364556 2.15449e-08
0.618887 0.00364556 2.15436e-08
0.618926 0.00364556 2.15468e-08
0.618966 0.00364556 2.15446e-08
0.619006 0.00364556 2.15435e-08
0.619046 0.00364556 2.1547e-08
0.619085 0.00364556 2.15449e-08
0.619125 0.00364556 2.15436e-08
0.619165 0.00364556 2.15468e-08
0.619205 0.00364556 2.15446e-08
0.619245 0.00364556 2.15435e-08
0.619284 0.00364556 2.1547e-08
0.619324 0.00364556 2.15449e-08
0.619364 0.00364556 2.15436e-08
0.619404 0.00364556 2.15468e-08
0.619443 0.00364556 2.15446e-08
0.619483 0.00364556 2.15435e-08
0.619523 0.00364556 2.1547e-08
0.619563 0.00364556 2.15449e-08
0.619602 0.00364556 2.15436e-08
0.619642 0.00364556 2.15468e-08
0.619682 0.00364556 2.15446e-08
0.619722 0.00364556 2.15435e-08
0.619761 0.00364556 2.1547e-08
0.619801 0.00364556 2.15449e-08
0.619841 0.00364556 2.15436e-08
0.619881 0.00364556 2.15468e-08
0.61992 0.00364556 2.15446e-08
0.61996 0.00364556 2.15435e-08
0.62 0.00364556 2.1547e-08
0.62004 0.00364556 2.15449e-08
0.62008 0.00364556 2.15436e-08
0.620119 0.00364556 2.15468e-08
0.620159 0.00364556 2.15446e-08
0.620199 0.00364556 2.15435e-08
0.620239 0.00364556 2.1547e-08
0.620278 0.00364556 2.15449e-08
0.620318 0.00364556 2.15436e-08
0.620358 0.00364556 2.15468e-08
0.620398 0.00364556 2.15446e-08
0.620437 0.00364556 2.15435e-08
0.620477 0.00364556 2.1547e-08
0.620517 0.00364556 2.15449e-08
0.620557 0.00364556 2.15436e-08
0.620596 0.00364556 2.15468e-08
0.620636 0.00364556 2.15446e-08
0.620676 0.00364556 2.15435e-08
0.620716 0.00364556 2.1547e-08
0.620755 0.00364556 2.15449e-08
0.620795 0.00364556 2.15436e-08
0.620835 0.00364556 2.15468e-08
0.620875 0.00364556 2.15446e-08
0.620915 0.00364556 2.15435e-08
0.620954 0.00364556 2.1547e-08
0.620994 0.00364556 2.15449e-08
0.621034 0.00364556 2.15436e-08
0.621074 0.00364556 2.15468e-08
0.621113 0.00364556 2.15446e-08
0.621153 0.00364556 2.15435e-08
0.621193 0.00364556 2.1547e-08
0.621233 0.00364556 2.15449e-08
0.621272 0.00364556 2.15436e-08
0.621312 0.00364556 2.15468e-08
0.621352 0.00364556 2.15446e-08
0.621392 0.00364556 2.15435e-08
0.621431 0.00364556 2.1547e-08
0.621471 0.00364556 2.15449e-08
0.621511 0.00364556 2.15436e-08
0.621551 0.00364556 2.15469e-08
0.62159 0.00364556 2.15446e-08
0.62163 0.00364556 2.15436e-08
0.62167 0.00364556 2.1547e-08
0.62171 0.00364556 2.15449e-08
0.62175 0.00364556 2.15436e-08
0.621789 0.00364556 2.15468e-08
0.621829 0.00364556 2.15446e-08
0.621869 0.00364556 2.15435e-08
0.621909 0.00364556 2.1547e-08
0.621948 0.00364556 2.15449e-08
0.621988 0.00364556 2.15436e-08
0.622028 0.00364556 2.15469e-08
0.622068 0.00364556 2.15446e-08
0.622107 0.00364556 2.15436e-08
0.622147 0.00364556 2.1547e-08
0.622187 0.00364556 2.15449e-08
0.622227 0.00364556 2.15436e-08
0.622266 0.00364556 2.15469e-08
0.622306 0.00364556 2.15446e-08
0.622346 0.00364556 2.15436e-08
0.622386 0.00364556 2.1547e-08
0.622425 0.00364556 2.15449e-08
0.622465 0.00364556 2.15436e-08
0.622505 0.00364556 2.15469e-08
0.622545 0.00364556 2.15446e-08
0.622584 0.00364556 2.15436e-08
0.622624 0.00364556 2.1547e-08
0.622664 0.00364556 2.15449e-08
0.622704 0.00364556 2.15436e-08
0.622744 0.00364556 2.15469e-08
0.622783 0.00364556 2.15446e-08
0.622823 0.00364556 2.15436e-08
0.622863 0.00364556 2.1547e-08
0.622903 0.00364556 2.15449e-08
0.622942 0.00364556 2.15436e-08
0.622982 0.00364556 2.15469e-08
0.623022 0.00364556 2.15446e-08
0.623062 0.00364556 2.15436e-08
0.623101 0.00364556 2.1547e-08
0.623141 0.00364556 2.15449e-08
0.623181 0.00364556 2.15436e-08
0.623221 0.00364556 2.15469e-08
0.62326 0.00364556 2.15446e-08
0.6233 0.00364556 2.15436e-08
0.62334 0.00364556 2.1547e-08
0.62338 0.00364556 2.15449e-08
0.623419 0.00364556 2.15436e-08
0.623459 0.00364556 2.15469e-08
0.623499 0.00364556 2.15446e-08
0.623539 0.00364556 2.15436e-08
0.623579 0.00364556 2.1547e-08
0.623618 0.00364556 2.15449e-08
0.623658 0.00364556 2.15436e-08
0.623698 0.00364556 2.15469e-08
0.623738 0.00364556 2.15446e-08
0.623777 0.00364556 2.15436e-08
0.623817 0.00364556 2.1547e-08
0.623857 0.00364556 2.15449e-08
0.623897 0.00364556 2.15436e-08
0.623936 0.00364556 2.15469e-08
0.623976 0.00364556 2.15446e-08
0.624016 0.00364556 2.15436e-08
0.624056 0.00364556 2.1547e-08
0.624095 0.00364556 2.15449e-08
0.624135 0.00364556 2.15436e-08
0.624175 0.00364556 2.15469e-08
0.624215 0.00364556 2.15446e-08
0.624254 0.00364556 2.15436e-08
0.624294 0.00364556 2.1547e-08
0.624334 0.00364556 2.15449e-08
0.624374 0.00364556 2.15436e-08
0.624414 0.00364556 2.15469e-08
0.624453 0.00364556 2.15446e-08
0.624493 0.00364556 2.15436e-08
0.624533 0.00364556 2.1547e-08
0.624573 0.00364556 2.15449e-08
0.624612 0.00364556 2.15436e-08
0.624652 0.00364556 2.15469e-08
0.624692 0.00364556 2.15446e-08
0.624732 0.00364556 2.15436e-08
0.624771 0.00364556 2.1547e-08
0.624811 0.00364556 2.15449e-08
0.624851 0.00364556 2.15436e-08
0.624891 0.00364556 2.15469e-08
0.62493 0.00364556 2.15446e-08
0.62497 0.00364556 2.15436e-08
0.62501 0.00364556 2.1547e-08
0.62505 0.00364556 2.15449e-08
0.625089 0.00364556 2.15436e-08
0.625129 0.00364556 2.15469e-08
0.625169 0.00364556 2.15446e-08
0.625209 0.00364556 2.15436e-08
0.625249 0.00364556 2.1547e-08
0.625288 0.00364556 2.15449e-08
0.625328 0.00364556 2.15436e-08
0.625368 0.00364556 2.15469e-08
0.625408 0.00364556 2.15446e-08
0.625447 0.00364556 2.15436e-08
0.625487 0.00364556 2.1547e-08
0.625527 0.00364556 2.15449e-08
0.625567 0.00364556 2.15436e-08
0.625606 0.00364556 2.15469e-08
0.625646 0.00364556 2.15446e-08
0.625686 0.00364556 2.15436e-08
0.625726 0.00364556 2.1547e-08
0.625765 0.00364556 2.15449e-08
0.625805 0.00364556 2.15436e-08
0.625845 0.00364556 2.15469e-08
0.625885 0.00364556 2.15446e-08
0.625924 0.00364556 2.15436e-08
0.625964 0.00364556 2.1547e-08
0.626004 0.00364556 2.15449e-08
0.626044 0.00364556 2.15436e-08
0.626083 0.00364556 2.15469e-08
0.626123 0.00364556 2.15446e-08
0.626163 0.00364556 2.15436e-08
0.626203 0.00364556 2.1547e-08
0.626243 0.00364556 2.15449e-08
0.626282 0.00364556 2.15436e-08
0.626322 0.00364556 2.15469e-08
0.626362 0.00364556 2.15446e-08
0.626402 0.00364556 2.15436e-08
0.626441 0.00364556 2.1547e-08
0.626481 0.00364556 2.15449e-08
0.626521 0.00364556 2.15436e-08
0.626561 0.00364556 2.15468e-08
0.6266 0.00364556 2.15446e-08
0.62664 0.00364556 2.15435e-08
0.62668 0.00364556 2.1547e-08
0.62672 0.00364556 2.15449e-08
0.626759 0.00364556 2.15436e-08
0.626799 0.00364556 2.15468e-08
0.626839 0.00364556 2.15446e-08
0.626879 0.00364556 2.15435e-08
0.626918 0.00364556 2.1547e-08
0.626958 0.00364556 2.15449e-08
0.626998 0.00364556 2.15436e-08
0.627038 0.00364556 2.15468e-08
0.627078 0.00364556 2.15446e-08
0.627117 0.00364556 2.15435e-08
0.627157 0.00364556 2.1547e-08
0.627197 0.00364556 2.15449e-08
0.627237 0.00364556 2.15436e-08
0.627276 0.00364556 2.15468e-08
0.627316 0.00364556 2.15446e-08
0.627356 0.00364556 2.15435e-08
0.627396 0.00364556 2.1547e-08
0.627435 0.00364556 2.15449e-08
0.627475 0.00364556 2.15436e-08
0.627515 0.00364556 2.15468e-08
0.627555 0.00364556 2.15446e-08
0.627594 0.00364556 2.15435e-08
0.627634 0.00364556 2.1547e-08
0.627674 0.00364556 2.15449e-08
0.627714 0.00364556 2.15436e-08
0.627753 0.00364556 2.15468e-08
0.627793 0.00364556 2.15446e-08
0.627833 0.00364556 2.15435e-08
0.627873 0.00364556 2.1547e-08
0.627913 0.00364556 2.15449e-08
0.627952 0.00364556 2.15436e-08
0.627992 0.00364556 2.15468e-08
0.628032 0.00364556 2.15446e-08
0.628072 0.00364556 2.15435e-08
0.628111 0.00364556 2.1547e-08
0.628151 0.00364556 2.15449e-08
0.628191 0.00364556 2.15436e-08
0.628231 0.00364556 2.15468e-08
0.62827 0.00364556 2.15446e-08
0.62831 0.00364556 2.15435e-08
0.62835 0.00364556 2.1547e-08
0.62839 0.00364556 2.15449e-08
0.628429 0.00364556 2.15436e-08
0.628469 0.00364556 2.15468e-08
0.628509 0.00364556 2.15446e-08
0.628549 0.00364556 2.15435e-08
0.628588 0.00364556 2.1547e-08
0.628628 0.00364556 2.15449e-08
0.628668 0.00364556 2.15436e-08
0.628708 0.00364556 2.15468e-08
0.628748 0.00364556 2.15446e-08
0.628787 0.00364556 2.15435e-08
0.628827 0.00364556 2.1547e-08
0.628867 0.00364556 2.15449e-08
0.628907 0.00364556 2.15436e-08
0.628946 0.00364556 2.15468e-08
0.628986 0.00364556 2.15446e-08
0.629026 0.00364556 2.15435e-08
0.629066 0.00364556 2.1547e-08
0.629105 0.00364556 2.15449e-08
0.629145 0.00364556 2.15436e-08
0.629185 0.00364556 2.15468e-08
0.629225 0.00364556 2.15446e-08
0.629264 0.00364556 2.15435e-08
0.629304 0.00364556 2.1547e-08
0.629344 0.00364556 2.15449e-08
0.629384 0.00364556 2.15436e-08
0.629423 0.00364556 2.15468e-08
0.629463 0.00364556 2.15446e-08
0.629503 0.00364556 2.15435e-08
0.629543 0.00364556 2.1547e-08
0.629583 0.00364556 2.15449e-08
0.629622 0.00364556 2.15436e-08
0.629662 0.00364556 2.15468e-08
0.629702 0.00364556 2.15446e-08
0.629742 0.00364556 2.15435e-08
0.629781 0.00364556 2.1547e-08
0.629821 0.00364556 2.15449e-08
0.629861 0.00364556 2.15436e-08
0.629901 0.00364556 2.15468e-08
0.62994 0.00364556 2.15446e-08
0.62998 0.00364556 2.15435e-08
0.63002 0.00364556 2.1547e-08
0.63006 0.00364556 2.15449e-08
0.630099 0.00364556 2.15436e-08
0.630139 0.00364556 2.15468e-08
0.630179 0.00364556 2.15446e-08
0.630219 0.00364556 2.15435e-08
0.630258 0.00364556 2.1547e-08
0.630298 0.00364556 2.15449e-08
0.630338 0.00364556 2.15436e-08
0.630378 0.00364556 2.15468e-08
0.630417 0.00364556 2.15446e-08
0.630457 0.00364556 2.15435e-08
0.630497 0.00364556 2.1547e-08
0.630537 0.00364556 2.15449e-08
0.630577 0.00364556 2.15436e-08
0.630616 0.00364556 2.15468e-08
0.630656 0.00364556 2.15446e-08
0.630696 0.00364556 2.15435e-08
0.630736 0.00364556 2.1547e-08
0.630775 0.00364556 2.15449e-08
0.630815 0.00364556 2.15436e-08
0.630855 0.00364556 2.15468e-08
0.630895 0.00364556 2.15446e-08
0.630934 0.00364556 2.15435e-08
0.630974 0.00364556 2.1547e-08
0.631014 0.00364556 2.15449e-08
0.631054 0.00364556 2.15436e-08
0.631093 0.00364556 2.15468e-08
0.631133 0.00364556 2.15446e-08
0.631173 0.00364556 2.15435e-08
0.631213 0.00364556 2.1547e-08
0.631252 0.00364556 2.15449e-08
0.631292 0.00364556 2.15436e-08
0.631332 0.00364556 2.15468e-08
0.631372 0.00364556 2.15446e-08
0.631412 0.00364556 2.15435e-08
0.631451 0.00364556 2.1547e-08
0.631491 0.00364556 2.15449e-08
0.631531 0.00364556 2.15436e-08
0.631571 0.00364556 2.15468e-08
0.63161 0.00364556 2.15446e-08
0.63165 0.00364556 2.15435e-08
0.63169 0.00364556 2.1547e-08
0.63173 0.00364556 2.15449e-08
0.631769 0.00364556 2.15436e-08
0.631809 0.00364556 2.15468e-08
0.631849 0.00364556 2.15446e-08
0.631889 0.00364556 2.15435e-08
0.631928 0.00364556 2.1547e-08
0.631968 0.00364556 2.15449e-08
0.632008 0.00364556 2.15436e-08
0.632048 0.00364556 2.15468e-08
0.632087 0.00364556 2.15446e-08
0.632127 0.00364556 2.15435e-08
0.632167 0.00364556 2.1547e-08
0.632207 0.00364556 2.15449e-08
0.632247 0.00364556 2.15436e-08
0.632286 0.00364556 2.15468e-08
0.632326 0.00364556 2.15446e-08
0.632366 0.00364556 2.15435e-08
0.632406 0.00364556 2.1547e-08
0.632445 0.00364556 2.15449e-08
0.632485 0.00364556 2.15436e-08
0.632525 0.00364556 2.15468e-08
0.632565 0.00364556 2.15446e-08
0.632604 0.00364556 2.15435e-08
0.632644 0.00364556 2.1547e-08
0.632684 0.00364556 2.15449e-08
0.632724 0.00364556 2.15436e-08
0.632763 0.00364556 2.15468e-08
0.632803 0.00364556 2.15446e-08
0.632843 0.00364556 2.15435e-08
0.632883 0.00364556 2.1547e-08
0.632922 0.00364556 2.15449e-08
0.632962 0.00364556 2.15436e-08
0.633002 0.00364556 2.15468e-08
0.633042 0.00364556 2.15446e-08
0.633082 0.00364556 2.15435e-08
0.633121 0.00364556 2.1547e-08
0.633161 0.00364556 2.15449e-08
0.633201 0.00364556 2.15436e-08
0.633241 0.00364556 2.15468e-08
0.63328 0.00364556 2.15446e-08
0.63332 0.00364556 2.15435e-08
0.63336 0.00364556 2.1547e-08
0.6334 0.00364556 2.15449e-08
0.633439 0.00364556 2.15436e-08
0.633479 0.00364556 2.15468e-08
0.633519 0.00364556 2.15446e-08
0.633559 0.00364556 2.15435e-08
0.633598 0.00364556 2.1547e-08
0.633638 0.00364556 2.15449e-08
0.633678 0.00364556 2.15436e-08
0.633718 0.00364556 2.15468e-08
0.633757 0.00364556 2.15446e-08
0.633797 0.00364556 2.15435e-08
0.633837 0.00364556 2.1547e-08
0.633877 0.00364556 2.15449e-08
0.633917 0.00364556 2.15436e-08
0.633956 0.00364556 2.15468e-08
0.633996 0.00364556 2.15446e-08
0.634036 0.00364556 2.15435e-08
0.634076 0.00364556 2.1547e-08
0.634115 0.00364556 2.15449e-08
0.634155 0.00364556 2.15436e-08
0.634195 0.00364556 2.15468e-08
0.634235 0.00364556 2.15446e-08
0.634274 0.00364556 2.15435e-08
0.634314 0.00364556 2.1547e-08
0.634354 0.00364556 2.15449e-08
0.634394 0.00364556 2.15436e-08
0.634433 0.00364556 2.15468e-08
0.634473 0.00364556 2.15446e-08
0.634513 0.00364556 2.15435e-08
0.634553 0.00364556 2.1547e-08
0.634592 0.00364556 2.15449e-08
0.634632 0.00364556 2.15436e-08
0.634672 0.00364556 2.15468e-08
0.634712 0.00364556 2.15446e-08
0.634751 0.00364556 2.15435e-08
0.634791 0.00364556 2.1547e-08
0.634831 0.00364556 2.15449e-08
0.634871 0.00364556 2.15436e-08
0.634911 0.00364556 2.15468e-08
0.63495 0.00364556 2.15446e-08
0.63499 0.00364556 2.15435e-08
0.63503 0.00364556 2.1547e-08
0.63507 0.00364556 2.15449e-08
0.635109 0.00364556 2.15436e-08
0.635149 0.00364556 2.15468e-08
0.635189 0.00364556 2.15446e-08
0.635229 0.00364556 2.15435e-08
0.635268 0.00364556 2.1547e-08
0.635308 0.00364556 2.15449e-08
0.635348 0.00364556 2.15436e-08
0.635388 0.00364556 2.15468e-08
0.635427 0.00364556 2.15446e-08
0.635467 0.00364556 2.15435e-08
0.635507 0.00364556 2.1547e-08
0.635547 0.00364556 2.15449e-08
0.635586 0.00364556 2.15436e-08
0.635626 0.00364556 2.15469e-08
0.635666 0.00364556 2.15446e-08
0.635706 0.00364556 2.15436e-08
0.635746 0.00364556 2.1547e-08
0.635785 0.00364556 2.15449e-08
0.635825 0.00364556 2.15436e-08
0.635865 0.00364556 2.15469e-08
0.635905 0.00364556 2.15446e-08
0.635944 0.00364556 2.15436e-08
0.635984 0.00364556 2.1547e-08
0.636024 0.00364556 2.15449e-08
0.636064 0.00364556 2.15436e-08
0.636103 0.00364556 2.15468e-08
0.636143 0.00364556 2.15446e-08
0.636183 0.00364556 2.15436e-08
0.636223 0.00364556 2.1547e-08
0.636262 0.00364556 2.15449e-08
0.636302 0.00364556 2.15436e-08
0.636342 0.00364556 2.15468e-08
0.636382 0.00364556 2.15446e-08
0.636421 0.00364556 2.15436e-08
0.636461 0.00364556 2.1547e-08
0.636501 0.00364556 2.15449e-08
0.636541 0.00364556 2.15436e-08
0.636581 0.00364556 2.15469e-08
0.63662 0.00364556 2.15446e-08
0.63666 0.00364556 2.15436e-08
0.6367 0.00364556 2.1547e-08
0.63674 0.00364556 2.15449e-08
0.636779 0.00364556 2.15436e-08
0.636819 0.00364556 2.15469e-08
0.636859 0.00364556 2.15446e-08
0.636899 0.00364556 2.15436e-08
0.636938 0.00364556 2.1547e-08
0.636978 0.00364556 2.15449e-08
0.637018 0.00364556 2.15436e-08
0.637058 0.00364556 2.15469e-08
0.637097 0.00364556 2.15446e-08
0.637137 0.00364556 2.15436e-08
0.637177 0.00364556 2.1547e-08
0.637217 0.00364556 2.15449e-08
0.637256 0.00364556 2.15436e-08
0.637296 0.00364556 2.15469e-08
0.637336 0.00364556 2.15446e-08
0.637376 0.00364556 2.15436e-08
0.637416 0.00364556 2.1547e-08
0.637455 0.00364556 2.15449e-08
0.637495 0.00364556 2.15436e-08
0.637535 0.00364556 2.15469e-08
0.637575 0.00364556 2.15446e-08
0.637614 0.00364556 2.15436e-08
0.637654 0.00364556 2.1547e-08
0.637694 0.00364556 2.15449e-08
0.637734 0.00364556 2.15436e-08
0.637773 0.00364556 2.15469e-08
0.637813 0.00364556 2.15446e-08
0.637853 0.00364556 2.15436e-08
0.637893 0.00364556 2.1547e-08
0.637932 0.00364556 2.15449e-08
0.637972 0.00364556 2.15436e-08
0.638012 0.00364556 2.15469e-08
0.638052 0.00364556 2.15446e-08
0.638091 0.00364556 2.15435e-08
0.638131 0.00364556 2.1547e-08
0.638171 0.00364556 2.15449e-08
0.638211 0.00364556 2.15436e-08
0.63825 0.00364556 2.15468e-08
0.63829 0.00364556 2.15446e-08
0.63833 0.00364556 2.15435e-08
0.63837 0.00364556 2.1547e-08
0.63841 0.00364556 2.15449e-08
0.638449 0.00364556 2.15436e-08
0.638489 0.00364556 2.15468e-08
0.638529 0.00364556 2.15446e-08
0.638569 0.00364556 2.15435e-08
0.638608 0.00364556 2.1547e-08
0.638648 0.00364556 2.15449e-08
0.638688 0.00364556 2.15436e-08
0.638728 0.00364556 2.15468e-08
0.638767 0.00364556 2.15446e-08
0.638807 0.00364556 2.15435e-08
0.638847 0.00364556 2.1547e-08
0.638887 0.00364556 2.15449e-08
0.638926 0.00364556 2.15436e-08
0.638966 0.00364556 2.15468e-08
0.639006 0.00364556 2.15446e-08
0.639046 0.00364556 2.15435e-08
0.639085 0.00364556 2.1547e-08
0.639125 0.00364556 2.15449e-08
0.639165 0.00364556 2.15436e-08
0.639205 0.00364556 2.15468e-08
0.639245 0.00364556 2.15446e-08
0.639284 0.00364556 2.15435e-08
0.639324 0.00364556 2.1547e-08
0.639364 0.00364556 2.15449e-08
0.639404 0.00364556 2.15436e-08
0.639443 0.00364556 2.15468e-08
0.639483 0.00364556 2.15446e-08
0.639523 0.00364556 2.15435e-08
0.639563 0.00364556 2.1547e-08
0.639602 0.00364556 2.15449e-08
0.639642 0.00364556 2.15436e-08
0.639682 0.00364556 2.15468e-08
0.639722 0.00364556 2.15446e-08
0.639761 0.00364556 2.15435e-08
0.639801 0.00364556 2.1547e-08
0.639841 0.00364556 2.15449e-08
0.639881 0.00364556 2.15436e-08
0.63992 0.00364556 2.15468e-08
0.63996 0.00364556 2.15446e-08
0.64 0.00364556 2.15435e-08
0.64004 0.00364556 2.1547e-08
0.64008 0.00364556 2.15449e-08
0.640119 0.00364556 2.15436e-08
0.640159 0.00364556 2.15468e-08
0.640199 0.00364556 2.15446e-08
0.640239 0.00364556 2.15435e-08
0.640278 0.00364556 2.1547e-08
0.640318 0.00364556 2.15449e-08
0.640358 0.00364556 2.15436e-08
0.640398 0.00364556 2.15468e-08
0.640437 0.00364556 2.15446e-08
0.640477 0.00364556 2.15435e-08
0.640517 0.00364556 2.1547e-08
0.640557 0.00364556 2.15449e-08
0.640596 0.00364556 2.15436e-08
0.640636 0.00364556 2.15468e-08
0.640676 0.00364556 2.15446e-08
0.640716 0.00364556 2.15435e-08
0.640755 0.00364556 2.1547e-08
0.640795 0.00364556 2.15449e-08
0.640835 0.00364556 2.15436e-08
0.640875 0.00364556 2.15468e-08
0.640915 0.00364556 2.15446e-08
0.640954 0.00364556 2.15435e-08
0.640994 0.00364556 2.1547e-08
0.641034 0.00364556 2.15449e-08
0.641074 0.00364556 2.15436e-08
0.641113 0.00364556 2.15468e-08
0.641153 0.00364556 2.15446e-08
0.641193 0.00364556 2.15435e-08
0.641233 0.00364556 2.1547e-08
0.641272 0.00364556 2.15449e-08
0.641312 0.00364556 2.15436e-08
0.641352 0.00364556 2.15468e-08
0.641392 0.00364556 2.15446e-08
0.641431 0.00364556 2.15435e-08
0.641471 0.00364556 2.1547e-08
0.641511 0.00364556 2.15449e-08
0.641551 0.00364556 2.15436e-08
0.64159 0.00364556 2.15468e-08
0.64163 0.00364556 2.15446e-08
0.64167 0.00364556 2.15435e-08
0.64171 0.00364556 2.1547e-08
0.64175 0.00364556 2.15449e-08
0.641789 0.00364556 2.15436e-08
0.641829 0.00364556 2.15468e-08
0.641869 0.00364556 2.15446e-08
0.641909 0.00364556 2.15435e-08
0.641948 0.00364556 2.1547e-08
0.641988 0.00364556 2.15449e-08
0.642028 0.00364556 2.15436e-08
0.642068 0.00364556 2.15468e-08
0.642107 0.00364556 2.15446e-08
0.642147 0.00364556 2.15435e-08
0.642187 0.00364556 2.1547e-08
0.642227 0.00364556 2.15449e-08
0.642266 0.00364556 2.15436e-08
0.642306 0.00364556 2.15468e-08
0.642346 0.00364556 2.15446e-08
0.642386 0.00364556 2.15435e-08
0.642425 0.00364556 2.1547e-08
0.642465 0.00364556 2.15449e-08
0.642505 0.00364556 2.15436e-08
0.642545 0.00364556 2.15468e-08
0.642584 0.00364556 2.15446e-08
0.642624 0.00364556 2.15435e-08
0.642664 0.00364556 2.1547e-08
0.642704 0.00364556 2.15449e-08
0.642744 0.00364556 2.15436e-08
0.642783 0.00364556 2.15468e-08
0.642823 0.00364556 2.15446e-08
0.642863 0.00364556 2.15435e-08
0.642903 0.00364556 2.1547e-08
0.642942 0.00364556 2.15449e-08
0.642982 0.00364556 2.15436e-08
0.643022 0.00364556 2.15468e-08
0.643062 0.00364556 2.15446e-08
0.643101 0.00364556 2.15435e-08
0.643141 0.00364556 2.1547e-08
0.643181 0.00364556 2.15449e-08
0.643221 0.00364556 2.15436e-08
0.64326 0.00364556 2.15468e-08
0.6433 0.00364556 2.15446e-08
0.64334 0.00364556 2.15435e-08
0.64338 0.00364556 2.1547e-08
0.643419 0.00364556 2.15449e-08
0.643459 0.00364556 2.15436e-08
0.643499 0.00364556 2.15468e-08
0.643539 0.00364556 2.15446e-08
0.643579 0.00364556 2.15435e-08
0.643618 0.00364556 2.1547e-08
0.643658 0.00364556 2.15449e-08
0.643698 0.00364556 2.15436e-08
0.643738 0.00364556 2.15468e-08
0.643777 0.00364556 2.15446e-08
0.643817 0.00364556 2.15435e-08
0.643857 0.00364556 2.1547e-08
0.643897 0.00364556 2.15449e-08
0.643936 0.00364556 2.15436e-08
0.643976 0.00364556 2.15468e-08
0.644016 0.00364556 2.15446e-08
0.644056 0.00364556 2.15435e-08
0.644095 0.00364556 2.1547e-08
0.644135 0.00364556 2.15449e-08
0.644175 0.00364556 2.15436e-08
0.644215 0.00364556 2.15468e-08
0.644254 0.00364556 2.15446e-08
0.644294 0.00364556 2.15435e-08
0.644334 0.00364556 2.1547e-08
0.644374 0.00364556 2.15449e-08
0.644414 0.00364556 2.15436e-08
0.644453 0.00364556 2.15468e-08
0.644493 0.00364556 2.15446e-08
0.644533 0.00364556 2.15435e-08
0.644573 0.00364556 2.1547e-08
0.644612 0.00364556 2.15449e-08
0.644652 0.00364556 2.15436e-08
0.644692 0.00364556 2.15468e-08
0.644732 0.00364556 2.15446e-08
0.644771 0.00364556 2.15435e-08
0.644811 0.00364556 2.1547e-08
0.644851 0.00364556 2.15449e-08
0.644891 0.00364556 2.15436e-08
0.64493 0.00364556 2.15468e-08
0.64497 0.00364556 2.15446e-08
0.64501 0.00364556 2.15435e-08
0.64505 0.00364556 2.1547e-08
0.645089 0.00364556 2.15449e-08
0.645129 0.00364556 2.15436e-08
0.645169 0.00364556 2.15468e-08
0.645209 0.00364556 2.15446e-08
0.645249 0.00364556 2.15435e-08
0.645288 0.00364556 2.1547e-08
0.645328 0.00364556 2.15449e-08
0.645368 0.00364556 2.15436e-08
0.645408 0.00364556 2.15468e-08
0.645447 0.00364556 2.15446e-08
0.645487 0.00364556 2.15435e-08
0.645527 0.00364556 2.1547e-08
0.645567 0.00364556 2.15449e-08
0.645606 0.00364556 2.15436e-08
0.645646 0.00364556 2.15468e-08
0.645686 0.00364556 2.15446e-08
0.645726 0.00364556 2.15435e-08
0.645765 0.00364556 2.1547e-08
0.645805 0.00364556 2.15449e-08
0.645845 0.00364556 2.15436e-08
0.645885 0.00364556 2.15468e-08
0.645924 0.00364556 2.15446e-08
0.645964 0.00364556 2.15435e-08
0.646004 0.00364556 2.1547e-08
0.646044 0.00364556 2.15449e-08
0.646083 0.00364556 2.15436e-08
0.646123 0.00364556 2.15468e-08
0.646163 0.00364556 2.15446e-08
0.646203 0.00364556 2.15435e-08
0.646243 0.00364556 2.1547e-08
0.646282 0.00364556 2.15449e-08
0.646322 0.00364556 2.15436e-08
0.646362 0.00364556 2.15468e-08
0.646402 0.00364556 2.15446e-08
0.646441 0.00364556 2.15435e-08
0.646481 0.00364556 2.1547e-08
0.646521 0.00364556 2.15449e-08
0.646561 0.00364556 2.15436e-08
0.6466 0.00364556 2.15468e-08
0.64664 0.00364556 2.15446e-08
0.64668 0.00364556 2.15435e-08
0.64672 0.00364556 2.1547e-08
0.646759 0.00364556 2.15449e-08
0.646799 0.00364556 2.15436e-08
0.646839 0.00364556 2.15468e-08
0.646879 0.00364556 2.15446e-08
0.646918 0.00364556 2.15435e-08
0.646958 0.00364556 2.1547e-08
0.646998 0.00364556 2.15449e-08
0.647038 0.00364556 2.15436e-08
0.647078 0.00364556 2.15468e-08
0.647117 0.00364556 2.15446e-08
0.647157 0.00364556 2.15435e-08
0.647197 0.00364556 2.1547e-08
0.647237 0.00364556 2.15449e-08
0.647276 0.00364556 2.15436e-08
0.647316 0.00364556 2.15468e-08
0.647356 0.00364556 2.15446e-08
0.647396 0.00364556 2.15435e-08
0.647435 0.00364556 2.1547e-08
0.647475 0.00364556 2.15449e-08
0.647515 0.00364556 2.15436e-08
0.647555 0.00364556 2.15468e-08
0.647594 0.00364556 2.15446e-08
0.647634 0.00364556 2.15435e-08
0.647674 0.00364556 2.1547e-08
0.647714 0.00364556 2.15449e-08
0.647753 0.00364556 2.15436e-08
0.647793 0.00364556 2.15468e-08
0.647833 0.00364556 2.15446e-08
0.647873 0.00364556 2.15435e-08
0.647913 0.00364556 2.1547e-08
0.647952 0.00364556 2.15449e-08
0.647992 0.00364556 2.15436e-08
0.648032 0.00364556 2.15468e-08
0.648072 0.00364556 2.15446e-08
0.648111 0.00364556 2.15435e-08
0.648151 0.00364556 2.1547e-08
0.648191 0.00364556 2.15449e-08
0.648231 0.00364556 2.15436e-08
0.64827 0.00364556 2.15468e-08
0.64831 0.00364556 2.15446e-08
0.64835 0.00364556 2.15435e-08
0.64839 0.00364556 2.1547e-08
0.648429 0.00364556 2.15449e-08
0.648469 0.00364556 2.15436e-08
0.648509 0.00364556 2.15468e-08
0.648549 0.00364556 2.15446e-08
0.648588 0.00364556 2.15435e-08
0.648628 0.00364556 2.1547e-08
0.648668 0.00364556 2.15449e-08
0.648708 0.00364556 2.15436e-08
0.648748 0.00364556 2.15468e-08
0.648787 0.00364556 2.15446e-08
0.648827 0.00364556 2.15435e-08
0.648867 0.00364556 2.1547e-08
0.648907 0.00364556 2.15449e-08
0.648946 0.00364556 2.15436e-08
0.648986 0.00364556 2.15468e-08
0.649026 0.00364556 2.15446e-08
0.649066 0.00364556 2.15435e-08
0.649105 0.00364556 2.1547e-08
0.649145 0.00364556 2.15449e-08
0.649185 0.00364556 2.15436e-08
0.649225 0.00364556 2.15468e-08
0.649264 0.00364556 2.15446e-08
0.649304 0.00364556 2.15435e-08
0.649344 0.00364556 2.1547e-08
0.649384 0.00364556 2.15449e-08
0.649423 0.00364556 2.15436e-08
0.649463 0.00364556 2.15468e-08
0.649503 0.00364556 2.15446e-08
0.649543 0.00364556 2.15435e-08
0.649583 0.00364556 2.1547e-08
0.649622 0.00364556 2.15449e-08
0.649662 0.00364556 2.15436e-08
0.649702 0.00364556 2.15468e-08
0.649742 0.00364556 2.15446e-08
0.649781 0.00364556 2.15435e-08
0.649821 0.00364556 2.1547e-08
0.649861 0.00364556 2.15449e-08
0.649901 0.00364556 2.15436e-08
0.64994 0.00364556 2.15468e-08
0.64998 0.00364556 2.15446e-08
0.65002 0.00364556 2.15435e-08
0.65006 0.00364556 2.1547e-08
0.650099 0.00364556 2.15449e-08
0.650139 0.00364556 2.15436e-08
0.650179 0.00364556 2.15468e-08
0.650219 0.00364556 2.15446e-08
0.650258 0.00364556 2.15435e-08
0.650298 0.00364556 2.1547e-08
0.650338 0.00364556 2.15449e-08
0.650378 0.00364556 2.15436e-08
0.650417 0.00364556 2.15468e-08
0.650457 0.00364556 2.15446e-08
0.650497 0.00364556 2.15435e-08
0.650537 0.00364556 2.1547e-08
0.650577 0.00364556 2.15449e-08
0.650616 0.00364556 2.15436e-08
0.650656 0.00364556 2.15468e-08
0.650696 0.00364556 2.15446e-08
0.650736 0.00364556 2.15435e-08
0.650775 0.00364556 2.1547e-08
0.650815 0.00364556 2.15449e-08
0.650855 0.00364556 2.15436e-08
0.650895 0.00364556 2.15468e-08
0.650934 0.00364556 2.15446e-08
0.650974 0.00364556 2.15435e-08
0.651014 0.00364556 2.1547e-08
0.651054 0.00364556 2.15449e-08
0.651093 0.00364556 2.15436e-08
0.651133 0.00364556 2.15468e-08
0.651173 0.00364556 2.15446e-08
0.651213 0.00364556 2.15435e-08
0.651252 0.00364556 2.1547e-08
0.651292 0.00364556 2.15449e-08
0.651332 0.00364556 2.15436e-08
0.651372 0.00364556 2.15468e-08
0.651412 0.00364556 2.15446e-08
0.651451 0.00364556 2.15435e-08
0.651491 0.00364556 2.1547e-08
0.651531 0.00364556 2.15449e-08
0.651571 0.00364556 2.15436e-08
0.65161 0.00364556 2.15468e-08
0.65165 0.00364556 2.15446e-08
0.65169 0.00364556 2.15435e-08
0.65173 0.00364556 2.1547e-08
0.651769 0.00364556 2.15449e-08
0.651809 0.00364556 2.15436e-08
0.651849 0.00364556 2.15468e-08
0.651889 0.00364556 2.15446e-08
0.651928 0.00364556 2.15435e-08
0.651968 0.00364556 2.1547e-08
0.652008 0.00364556 2.15449e-08
0.652048 0.00364556 2.15436e-08
0.652087 0.00364556 2.15468e-08
0.652127 0.00364556 2.15446e-08
0.652167 0.00364556 2.15435e-08
0.652207 0.00364556 2.1547e-08
0.652247 0.00364556 2.15449e-08
0.652286 0.00364556 2.15436e-08
0.652326 0.00364556 2.15468e-08
0.652366 0.00364556 2.15446e-08
0.652406 0.00364556 2.15435e-08
0.652445 0.00364556 2.1547e-08
0.652485 0.00364556 2.15449e-08
0.652525 0.00364556 2.15436e-08
0.652565 0.00364556 2.15468e-08
0.652604 0.00364556 2.15446e-08
0.652644 0.00364556 2.15435e-08
0.652684 0.00364556 2.1547e-08
0.652724 0.00364556 2.15449e-08
0.652763 0.00364556 2.15436e-08
0.652803 0.00364556 2.15468e-08
0.652843 0.00364556 2.15446e-08
0.652883 0.00364556 2.15435e-08
0.652922 0.00364556 2.1547e-08
0.652962 0.00364556 2.15449e-08
0.653002 0.00364556 2.15436e-08
0.653042 0.00364556 2.15468e-08
0.653082 0.00364556 2.15446e-08
0.653121 0.00364556 2.15435e-08
0.653161 0.00364556 2.1547e-08
0.653201 0.00364556 2.15449e-08
0.653241 0.00364556 2.15436e-08
0.65328 0.00364556 2.15468e-08
0.65332 0.00364556 2.15446e-08
0.65336 0.00364556 2.15435e-08
0.6534 0.00364556 2.1547e-08
0.653439 0.00364556 2.15449e-08
0.653479 0.00364556 2.15436e-08
0.653519 0.00364556 2.15468e-08
0.653559 0.00364556 2.15446e-08
0.653598 0.00364556 2.15435e-08
0.653638 0.00364556 2.1547e-08
0.653678 0.00364556 2.15449e-08
0.653718 0.00364556 2.15436e-08
0.653757 0.00364556 2.15468e-08
0.653797 0.00364556 2.15446e-08
0.653837 0.00364556 2.15435e-08
0.653877 0.00364556 2.1547e-08
0.653917 0.00364556 2.15449e-08
0.653956 0.00364556 2.15436e-08
0.653996 0.00364556 2.15468e-08
0.654036 0.00364556 2.15446e-08
0.654076 0.00364556 2.15435e-08
0.654115 0.00364556 2.1547e-08
0.654155 0.00364556 2.15449e-08
0.654195 0.00364556 2.15436e-08
0.654235 0.00364556 2.15468e-08
0.654274 0.00364556 2.15446e-08
0.654314 0.00364556 2.15435e-08
0.654354 0.00364556 2.1547e-08
0.654394 0.00364556 2.15449e-08
0.654433 0.00364556 2.15436e-08
0.654473 0.00364556 2.15468e-08
0.654513 0.00364556 2.15446e-08
0.654553 0.00364556 2.15435e-08
0.654592 0.00364556 2.1547e-08
0.654632 0.00364556 2.15449e-08
0.654672 0.00364556 2.15436e-08
0.654712 0.00364556 2.15468e-08
0.654751 0.00364556 2.15446e-08
0.654791 0.00364556 2.15435e-08
0.654831 0.00364556 2.1547e-08
0.654871 0.00364556 2.15449e-08
0.654911 0.00364556 2.15436e-08
0.65495 0.00364556 2.15468e-08
0.65499 0.00364556 2.15446e-08
0.65503 0.00364556 2.15435e-08
0.65507 0.00364556 2.1547e-08
0.655109 0.00364556 2.15449e-08
0.655149 0.00364556 2.15436e-08
0.655189 0.00364556 2.15468e-08
0.655229 0.00364556 2.15446e-08
0.655268 0.00364556 2.15435e-08
0.655308 0.00364556 2.1547e-08
0.655348 0.00364556 2.15449e-08
0.655388 0.00364556 2.15436e-08
0.655427 0.00364556 2.15468e-08
0.655467 0.00364556 2.15446e-08
0.655507 0.00364556 2.15435e-08
0.655547 0.00364556 2.1547e-08
0.655586 0.00364556 2.15449e-08
0.655626 0.00364556 2.15436e-08
0.655666 0.00364556 2.15468e-08
0.655706 0.00364556 2.15446e-08
0.655746 0.00364556 2.15435e-08
0.655785 0.00364556 2.1547e-08
0.655825 0.00364556 2.15449e-08
0.655865 0.00364556 2.15436e-08
0.655905 0.00364556 2.15468e-08
0.655944 0.00364556 2.15446e-08
0.655984 0.00364556 2.15435e-08
0.656024 0.00364556 2.1547e-08
0.656064 0.00364556 2.15449e-08
0.656103 0.00364556 2.15436e-08
0.656143 0.00364556 2.15468e-08
0.656183 0.00364556 2.15446e-08
0.656223 0.00364556 2.15435e-08
0.656262 0.00364556 2.1547e-08
0.656302 0.00364556 2.15449e-08
0.656342 0.00364556 2.15436e-08
0.656382 0.00364556 2.15468e-08
0.656421 0.00364556 2.15446e-08
0.656461 0.00364556 2.15435e-08
0.656501 0.00364556 2.1547e-08
0.656541 0.00364556 2.15449e-08
0.656581 0.00364556 2.15436e-08
0.65662 0.00364556 2.15468e-08
0.65666 0.00364556 2.15446e-08
0.6567 0.00364556 2.15435e-08
0.65674 0.00364556 2.1547e-08
0.656779 0.00364556 2.15449e-08
0.656819 0.00364556 2.15436e-08
0.656859 0.00364556 2.15468e-08
0.656899 0.00364556 2.15446e-08
0.656938 0.00364556 2.15435e-08
0.656978 0.00364556 2.1547e-08
0.657018 0.00364556 2.15449e-08
0.657058 0.00364556 2.15436e-08
0.657097 0.00364556 2.15468e-08
0.657137 0.00364556 2.15446e-08
0.657177 0.00364556 2.15435e-08
0.657217 0.00364556 2.1547e-08
0.657256 0.00364556 2.15449e-08
0.657296 0.00364556 2.15436e-08
0.657336 0.00364556 2.15468e-08
0.657376 0.00364556 2.15446e-08
0.657416 0.00364556 2.15435e-08
0.657455 0.00364556 2.1547e-08
0.657495 0.00364556 2.15449e-08
0.657535 0.00364556 2.15436e-08
0.657575 0.00364556 2.15468e-08
0.657614 0.00364556 2.15446e-08
0.657654 0.00364556 2.15435e-08
0.657694 0.00364556 2.1547e-08
0.657734 0.00364556 2.15449e-08
0.657773 0.00364556 2.15436e-08
0.657813 0.00364556 2.15468e-08
0.657853 0.00364556 2.15446e-08
0.657893 0.00364556 2.15435e-08
0.657932 0.00364556 2.1547e-08
0.657972 0.00364556 2.15449e-08
0.658012 0.00364556 2.15436e-08
0.658052 0.00364556 2.15468e-08
0.658091 0.00364556 2.15446e-08
0.658131 0.00364556 2.15435e-08
0.658171 0.00364556 2.1547e-08
0.658211 0.00364556 2.15449e-08
0.65825 0.00364556 2.15436e-08
0.65829 0.00364556 2.15468e-08
0.65833 0.00364556 2.15446e-08
0.65837 0.00364556 2.15435e-08
0.65841 0.00364556 2.1547e-08
0.658449 0.00364556 2.15449e-08
0.658489 0.00364556 2.15436e-08
0.658529 0.00364556 2.15468e-08
0.658569 0.00364556 2.15446e-08
0.658608 0.00364556 2.15435e-08
0.658648 0.00364556 2.1547e-08
0.658688 0.00364556 2.15449e-08
0.658728 0.00364556 2.15436e-08
0.658767 0.00364556 2.15468e-08
0.658807 0.00364556 2.15446e-08
0.658847 0.00364556 2.15435e-08
0.658887 0.00364556 2.1547e-08
0.658926 0.00364556 2.15449e-08
0.658966 0.00364556 2.15436e-08
0.659006 0.00364556 2.15468e-08
0.659046 0.00364556 2.15446e-08
0.659085 0.00364556 2.15435e-08
0.659125 0.00364556 2.1547e-08
0.659165 0.00364556 2.15449e-08
0.659205 0.00364556 2.15436e-08
0.659245 0.00364556 2.15468e-08
0.659284 0.00364556 2.15446e-08
0.659324 0.00364556 2.15435e-08
0.659364 0.00364556 2.1547e-08
0.659404 0.00364556 2.15449e-08
0.659443 0.00364556 2.15436e-08
0.659483 0.00364556 2.15468e-08
0.659523 0.00364556 2.15446e-08
0.659563 0.00364556 2.15435e-08
0.659602 0.00364556 2.1547e-08
0.659642 0.00364556 2.15449e-08
0.659682 0.00364556 2.15436e-08
0.659722 0.00364556 2.15468e-08
0.659761 0.00364556 2.15446e-08
0.659801 0.00364556 2.15435e-08
0.659841 0.00364556 2.1547e-08
0.659881 0.00364556 2.15449e-08
0.65992 0.00364556 2.15436e-08
0.65996 0.00364556 2.15468e-08
0.66 0.00364556 2.15446e-08
0.66004 0.00364556 2.15435e-08
0.66008 0.00364556 2.1547e-08
0.660119 0.00364556 2.15449e-08
0.660159 0.00364556 2.15436e-08
0.660199 0.00364556 2.15468e-08
0.660239 0.00364556 2.15446e-08
0.660278 0.00364556 2.15435e-08
0.660318 0.00364556 2.1547e-08
0.660358 0.00364556 2.15449e-08
0.660398 0.00364556 2.15436e-08
0.660437 0.00364556 2.15468e-08
0.660477 0.00364556 2.15446e-08
0.660517 0.00364556 2.15435e-08
0.660557 0.00364556 2.1547e-08
0.660596 0.00364556 2.15449e-08
0.660636 0.00364556 2.15436e-08
0.660676 0.00364556 2.15468e-08
0.660716 0.00364556 2.15446e-08
0.660755 0.00364556 2.15435e-08
0.660795 0.00364556 2.1547e-08
0.660835 0.00364556 2.15449e-08
0.660875 0.00364556 2.15436e-08
0.660915 0.00364556 2.15468e-08
0.660954 0.00364556 2.15446e-08
0.660994 0.00364556 2.15435e-08
0.661034 0.00364556 2.1547e-08
0.661074 0.00364556 2.15449e-08
0.661113 0.00364556 2.15436e-08
0.661153 0.00364556 2.15468e-08
0.661193 0.00364556 2.15446e-08
0.661233 0.00364556 2.15435e-08
0.661272 0.00364556 2.1547e-08
0.661312 0.00364556 2.15449e-08
0.661352 0.00364556 2.15436e-08
0.661392 0.00364556 2.15468e-08
0.661431 0.00364556 2.15446e-08
0.661471 0.00364556 2.15435e-08
0.661511 0.00364556 2.1547e-08
0.661551 0.00364556 2.15449e-08
0.66159 0.00364556 2.15436e-08
0.66163 0.00364556 2.15468e-08
0.66167 0.00364556 2.15446e-08
0.66171 0.00364556 2.15435e-08
0.66175 0.00364556 2.1547e-08
0.661789 0.00364556 2.15449e-08
0.661829 0.00364556 2.15436e-08
0.661869 0.00364556 2.15468e-08
0.661909 0.00364556 2.15446e-08
0.661948 0.00364556 2.15435e-08
0.661988 0.00364556 2.1547e-08
0.662028 0.00364556 2.15449e-08
0.662068 0.00364556 2.15436e-08
0.662107 0.00364556 2.15468e-08
0.662147 0.00364556 2.15446e-08
0.662187 0.00364556 2.15435e-08
0.662227 0.00364556 2.1547e-08
0.662266 0.00364556 2.15449e-08
0.662306 0.00364556 2.15436e-08
0.662346 0.00364556 2.15468e-08
0.662386 0.00364556 2.15446e-08
0.662425 0.00364556 2.15435e-08
0.662465 0.00364556 2.1547e-08
0.662505 0.00364556 2.15449e-08
0.662545 0.00364556 2.15436e-08
0.662584 0.00364556 2.15468e-08
0.662624 0.00364556 2.15446e-08
0.662664 0.00364556 2.15435e-08
0.662704 0.00364556 2.1547e-08
0.662744 0.00364556 2.15449e-08
0.662783 0.00364556 2.15436e-08
0.662823 0.00364556 2.15468e-08
0.662863 0.00364556 2.15446e-08
0.662903 0.00364556 2.15435e-08
0.662942 0.00364556 2.1547e-08
0.662982 0.00364556 2.15449e-08
0.663022 0.00364556 2.15436e-08
0.663062 0.00364556 2.15468e-08
0.663101 0.00364556 2.15446e-08
0.663141 0.00364556 2.15435e-08
0.663181 0.00364556 2.1547e-08
0.663221 0.00364556 2.15449e-08
0.66326 0.00364556 2.15436e-08
0.6633 0.00364556 2.15468e-08
0.66334 0.00364556 2.15446e-08
0.66338 0.00364556 2.15435e-08
0.663419 0.00364556 2.1547e-08
0.663459 0.00364556 2.15449e-08
0.663499 0.00364556 2.15436e-08
0.663539 0.00364556 2.15468e-08
0.663579 0.00364556 2.15446e-08
0.663618 0.00364556 2.15435e-08
0.663658 0.00364556 2.1547e-08
0.663698 0.00364556 2.15449e-08
0.663738 0.00364556 2.15436e-08
0.663777 0.00364556 2.15468e-08
0.663817 0.00364556 2.15446e-08
0.663857 0.00364556 2.15435e-08
0.663897 0.00364556 2.1547e-08
0.663936 0.00364556 2.15449e-08
0.663976 0.00364556 2.15436e-08
0.664016 0.00364556 2.15468e-08
0.664056 0.00364556 2.15446e-08
0.664095 0.00364556 2.15435e-08
0.664135 0.00364556 2.1547e-08
0.664175 0.00364556 2.15449e-08
0.664215 0.00364556 2.15436e-08
0.664254 0.00364556 2.15468e-08
0.664294 0.00364556 2.15446e-08
0.664334 0.00364556 2.15435e-08
0.664374 0.00364556 2.1547e-08
0.664414 0.00364556 2.15449e-08
0.664453 0.00364556 2.15436e-08
0.664493 0.00364556 2.15468e-08
0.664533 0.00364556 2.15446e-08
0.664573 0.00364556 2.15435e-08
0.664612 0.00364556 2.1547e-08
0.664652 0.00364556 2.15449e-08
0.664692 0.00364556 2.15436e-08
0.664732 0.00364556 2.15468e-08
0.664771 0.00364556 2.15446e-08
0.664811 0.00364556 2.15435e-08
0.664851 0.00364556 2.1547e-08
0.664891 0.00364556 2.15449e-08
0.66493 0.00364556 2.15436e-08
0.66497 0.00364556 2.15468e-08
0.66501 0.00364556 2.15446e-08
0.66505 0.00364556 2.15435e-08
0.665089 0.00364556 2.1547e-08
0.665129 0.00364556 2.15449e-08
0.665169 0.00364556 2.15436e-08
0.665209 0.00364556 2.15468e-08
0.665249 0.00364556 2.15446e-08
0.665288 0.00364556 2.15435e-08
0.665328 0.00364556 2.1547e-08
0.665368 0.00364556 2.15449e-08
0.665408 0.00364556 2.15436e-08
0.665447 0.00364556 2.15468e-08
0.665487 0.00364556 2.15446e-08
0.665527 0.00364556 2.15435e-08
0.665567 0.00364556 2.1547e-08
0.665606 0.00364556 2.15449e-08
0.665646 0.00364556 2.15436e-08
0.665686 0.00364556 2.15468e-08
0.665726 0.00364556 2.15446e-08
0.665765 0.00364556 2.15435e-08
0.665805 0.00364556 2.1547e-08
0.665845 0.00364556 2.15449e-08
0.665885 0.00364556 2.15436e-08
0.665924 0.00364556 2.15468e-08
0.665964 0.00364556 2.15446e-08
0.666004 0.00364556 2.15435e-08
0.666044 0.00364556 2.1547e-08
0.666083 0.00364556 2.15449e-08
0.666123 0.00364556 2.15436e-08
0.666163 0.00364556 2.15468e-08
0.666203 0.00364556 2.15446e-08
0.666243 0.00364556 2.15435e-08
0.666282 0.00364556 2.1547e-08
0.666322 0.00364556 2.15449e-08
0.666362 0.00364556 2.15436e-08
0.666402 0.00364556 2.15468e-08
0.666441 0.00364556 2.15446e-08
0.666481 0.00364556 2.15435e-08
0.666521 0.00364556 2.1547e-08
0.666561 0.00364556 2.15449e-08
0.6666 0.00364556 2.15436e-08
0.66664 0.00364556 2.15468e-08
0.66668 0.00364556 2.15446e-08
0.66672 0.00364556 2.15435e-08
0.666759 0.00364556 2.1547e-08
0.666799 0.00364556 2.15449e-08
0.666839 0.00364556 2.15436e-08
0.666879 0.00364556 2.15468e-08
0.666918 0.00364556 2.15446e-08
0.666958 0.00364556 2.15435e-08
0.666998 0.00364556 2.1547e-08
0.667038 0.00364556 2.15449e-08
0.667078 0.00364556 2.15436e-08
0.667117 0.00364556 2.15468e-08
0.667157 0.00364556 2.15446e-08
0.667197 0.00364556 2.15435e-08
0.667237 0.00364556 2.1547e-08
0.667276 0.00364556 2.15449e-08
0.667316 0.00364556 2.15436e-08
0.667356 0.00364556 2.15468e-08
0.667396 0.00364556 2.15446e-08
0.667435 0.00364556 2.15435e-08
0.667475 0.00364556 2.1547e-08
0.667515 0.00364556 2.15449e-08
0.667555 0.00364556 2.15436e-08
0.667594 0.00364556 2.15468e-08
0.667634 0.00364556 2.15446e-08
0.667674 0.00364556 2.15435e-08
0.667714 0.00364556 2.1547e-08
0.667753 0.00364556 2.15449e-08
0.667793 0.00364556 2.15436e-08
0.667833 0.00364556 2.15468e-08
0.667873 0.00364556 2.15446e-08
0.667913 0.00364556 2.15435e-08
0.667952 0.00364556 2.1547e-08
0.667992 0.00364556 2.15449e-08
0.668032 0.00364556 2.15436e-08
0.668072 0.00364556 2.15468e-08
0.668111 0.00364556 2.15446e-08
0.668151 0.00364556 2.15435e-08
0.668191 0.00364556 2.1547e-08
0.668231 0.00364556 2.15449e-08
0.66827 0.00364556 2.15436e-08
0.66831 0.00364556 2.15468e-08
0.66835 0.00364556 2.15446e-08
0.66839 0.00364556 2.15435e-08
0.668429 0.00364556 2.1547e-08
0.668469 0.00364556 2.15449e-08
0.668509 0.00364556 2.15436e-08
0.668549 0.00364556 2.15468e-08
0.668588 0.00364556 2.15446e-08
0.668628 0.00364556 2.15435e-08
0.668668 0.00364556 2.1547e-08
0.668708 0.00364556 2.15449e-08
0.668748 0.00364556 2.15436e-08
0.668787 0.00364556 2.15468e-08
0.668827 0.00364556 2.15446e-08
0.668867 0.00364556 2.15435e-08
0.668907 0.00364556 2.1547e-08
0.668946 0.00364556 2.15449e-08
0.668986 0.00364556 2.15436e-08
0.669026 0.00364556 2.15468e-08
0.669066 0.00364556 2.15446e-08
0.669105 0.00364556 2.15435e-08
0.669145 0.00364556 2.1547e-08
0.669185 0.00364556 2.15449e-08
0.669225 0.00364556 2.15436e-08
0.669264 0.00364556 2.15468e-08
0.669304 0.00364556 2.15446e-08
0.669344 0.00364556 2.15435e-08
0.669384 0.00364556 2.1547e-08
0.669423 0.00364556 2.15449e-08
0.669463 0.00364556 2.15436e-08
0.669503 0.00364556 2.15468e-08
0.669543 0.00364556 2.15446e-08
0.669583 0.00364556 2.15435e-08
0.669622 0.00364556 2.1547e-08
0.669662 0.00364556 2.15449e-08
0.669702 0.00364556 2.15436e-08
0.669742 0.00364556 2.15468e-08
0.669781 0.00364556 2.15446e-08
0.669821 0.00364556 2.15435e-08
0.669861 0.00364556 2.1547e-08
0.669901 0.00364556 2.15449e-08
0.66994 0.00364556 2.15436e-08
0.66998 0.00364556 2.15468e-08
0.67002 0.00364556 2.15446e-08
0.67006 0.00364556 2.15435e-08
0.670099 0.00364556 2.1547e-08
0.670139 0.00364556 2.15449e-08
0.670179 0.00364556 2.15436e-08
0.670219 0.00364556 2.15468e-08
0.670258 0.00364556 2.15446e-08
0.670298 0.00364556 2.15435e-08
0.670338 0.00364556 2.1547e-08
0.670378 0.00364556 2.15449e-08
0.670417 0.00364556 2.15436e-08
0.670457 0.00364556 2.15468e-08
0.670497 0.00364556 2.15446e-08
0.670537 0.00364556 2.15435e-08
0.670577 0.00364556 2.1547e-08
0.670616 0.00364556 2.15449e-08
0.670656 0.00364556 2.15436e-08
0.670696 0.00364556 2.15468e-08
0.670736 0.00364556 2.15446e-08
0.670775 0.00364556 2.15435e-08
0.670815 0.00364556 2.1547e-08
0.670855 0.00364556 2.15449e-08
0.670895 0.00364556 2.15436e-08
0.670934 0.00364556 2.15468e-08
0.670974 0.00364556 2.15446e-08
0.671014 0.00364556 2.15435e-08
0.671054 0.00364556 2.1547e-08
0.671093 0.00364556 2.15449e-08
0.671133 0.00364556 2.15436e-08
0.671173 0.00364556 2.15468e-08
0.671213 0.00364556 2.15446e-08
0.671252 0.00364556 2.15435e-08
0.671292 0.00364556 2.1547e-08
0.671332 0.00364556 2.15449e-08
0.671372 0.00364556 2.15436e-08
0.671412 0.00364556 2.15468e-08
0.671451 0.00364556 2.15446e-08
0.671491 0.00364556 2.15435e-08
0.671531 0.00364556 2.1547e-08
0.671571 0.00364556 2.15449e-08
0.67161 0.00364556 2.15436e-08
0.67165 0.00364556 2.15468e-08
0.67169 0.00364556 2.15446e-08
0.67173 0.00364556 2.15435e-08
0.671769 0.00364556 2.1547e-08
0.671809 0.00364556 2.15449e-08
0.671849 0.00364556 2.15436e-08
0.671889 0.00364556 2.15468e-08
0.671928 0.00364556 2.15446e-08
0.671968 0.00364556 2.15435e-08
0.672008 0.00364556 2.1547e-08
0.672048 0.00364556 2.15449e-08
0.672087 0.00364556 2.15436e-08
0.672127 0.00364556 2.15468e-08
0.672167 0.00364556 2.15446e-08
0.672207 0.00364556 2.15435e-08
0.672247 0.00364556 2.1547e-08
0.672286 0.00364556 2.15449e-08
0.672326 0.00364556 2.15436e-08
0.672366 0.00364556 2.15468e-08
0.672406 0.00364556 2.15446e-08
0.672445 0.00364556 2.15435e-08
0.672485 0.00364556 2.1547e-08
0.672525 0.00364556 2.15449e-08
0.672565 0.00364556 2.15436e-08
0.672604 0.00364556 2.15468e-08
0.672644 0.00364556 2.15446e-08
0.672684 0.00364556 2.15435e-08
0.672724 0.00364556 2.1547e-08
0.672763 0.00364556 2.15449e-08
0.672803 0.00364556 2.15436e-08
0.672843 0.00364556 2.15468e-08
0.672883 0.00364556 2.15446e-08
0.672922 0.00364556 2.15435e-08
0.672962 0.00364556 2.1547e-08
0.673002 0.00364556 2.15449e-08
0.673042 0.00364556 2.15436e-08
0.673082 0.00364556 2.15468e-08
0.673121 0.00364556 2.15446e-08
0.673161 0.00364556 2.15435e-08
0.673201 0.00364556 2.1547e-08
0.673241 0.00364556 2.15449e-08
0.67328 0.00364556 2.15436e-08
0.67332 0.00364556 2.15468e-08
0.67336 0.00364556 2.15446e-08
0.6734 0.00364556 2.15435e-08
0.673439 0.00364556 2.1547e-08
0.673479 0.00364556 2.15449e-08
0.673519 0.00364556 2.15436e-08
0.673559 0.00364556 2.15468e-08
0.673598 0.00364556 2.15446e-08
0.673638 0.00364556 2.15435e-08
0.673678 0.00364556 2.1547e-08
0.673718 0.00364556 2.15449e-08
0.673757 0.00364556 2.15436e-08
0.673797 0.00364556 2.15468e-08
0.673837 0.00364556 2.15446e-08
0.673877 0.00364556 2.15435e-08
0.673917 0.00364556 2.1547e-08
0.673956 0.00364556 2.15449e-08
0.673996 0.00364556 2.15436e-08
0.674036 0.00364556 2.15468e-08
0.674076 0.00364556 2.15446e-08
0.674115 0.00364556 2.15435e-08
0.674155 0.00364556 2.1547e-08
0.674195 0.00364556 2.15449e-08
0.674235 0.00364556 2.15436e-08
0.674274 0.00364556 2.15468e-08
0.674314 0.00364556 2.15446e-08
0.674354 0.00364556 2.15435e-08
0.674394 0.00364556 2.1547e-08
0.674433 0.00364556 2.15449e-08
0.674473 0.00364556 2.15436e-08
0.674513 0.00364556 2.15468e-08
0.674553 0.00364556 2.15446e-08
0.674592 0.00364556 2.15435e-08
0.674632 0.00364556 2.1547e-08
0.674672 0.00364556 2.15449e-08
0.674712 0.00364556 2.15436e-08
0.674751 0.00364556 2.15468e-08
0.674791 0.00364556 2.15446e-08
0.674831 0.00364556 2.15435e-08
0.674871 0.00364556 2.1547e-08
0.674911 0.00364556 2.15449e-08
0.67495 0.00364556 2.15436e-08
0.67499 0.00364556 2.15468e-08
0.67503 0.00364556 2.15446e-08
0.67507 0.00364556 2.15435e-08
0.675109 0.00364556 2.1547e-08
0.675149 0.00364556 2.15449e-08
0.675189 0.00364556 2.15436e-08
0.675229 0.00364556 2.15468e-08
0.675268 0.00364556 2.15446e-08
0.675308 0.00364556 2.15435e-08
0.675348 0.00364556 2.1547e-08
0.675388 0.00364556 2.15449e-08
0.675427 0.00364556 2.15436e-08
0.675467 0.00364556 2.15468e-08
0.675507 0.00364556 2.15446e-08
0.675547 0.00364556 2.15435e-08
0.675586 0.00364556 2.1547e-08
0.675626 0.00364556 2.15449e-08
0.675666 0.00364556 2.15436e-08
0.675706 0.00364556 2.15468e-08
0.675746 0.00364556 2.15446e-08
0.675785 0.00364556 2.15435e-08
0.675825 0.00364556 2.1547e-08
0.675865 0.00364556 2.15449e-08
0.675905 0.00364556 2.15436e-08
0.675944 0.00364556 2.15468e-08
0.675984 0.00364556 2.15446e-08
0.676024 0.00364556 2.15435e-08
0.676064 0.00364556 2.1547e-08
0.676103 0.00364556 2.15449e-08
0.676143 0.00364556 2.15436e-08
0.676183 0.00364556 2.15468e-08
0.676223 0.00364556 2.15446e-08
0.676262 0.00364556 2.15435e-08
0.676302 0.00364556 2.1547e-08
0.676342 0.00364556 2.15449e-08
0.676382 0.00364556 2.15436e-08
0.676421 0.00364556 2.15468e-08
0.676461 0.00364556 2.15446e-08
0.676501 0.00364556 2.15435e-08
0.676541 0.00364556 2.1547e-08
0.676581 0.00364556 2.15449e-08
0.67662 0.00364556 2.15436e-08
0.67666 0.00364556 2.15468e-08
0.6767 0.00364556 2.15446e-08
0.67674 0.00364556 2.15435e-08
0.676779 0.00364556 2.1547e-08
0.676819 0.00364556 2.15449e-08
0.676859 0.00364556 2.15436e-08
0.676899 0.00364556 2.15468e-08
0.676938 0.00364556 2.15446e-08
0.676978 0.00364556 2.15435e-08
0.677018 0.00364556 2.1547e-08
0.677058 0.00364556 2.15449e-08
0.677097 0.00364556 2.15436e-08
0.677137 0.00364556 2.15468e-08
0.677177 0.00364556 2.15446e-08
0.677217 0.00364556 2.15435e-08
0.677256 0.00364556 2.1547e-08
0.677296 0.00364556 2.15449e-08
0.677336 0.00364556 2.15436e-08
0.677376 0.00364556 2.15468e-08
0.677416 0.00364556 2.15446e-08
0.677455 0.00364556 2.15435e-08
0.677495 0.00364556 2.1547e-08
0.677535 0.00364556 2.15449e-08
0.677575 0.00364556 2.15436e-08
0.677614 0.00364556 2.15468e-08
0.677654 0.00364556 2.15446e-08
0.677694 0.00364556 2.15435e-08
0.677734 0.00364556 2.1547e-08
0.677773 0.00364556 2.15449e-08
0.677813 0.00364556 2.15436e-08
0.677853 0.00364556 2.15468e-08
0.677893 0.00364556 2.15446e-08
0.677932 0.00364556 2.15435e-08
0.677972 0.00364556 2.1547e-08
0.678012 0.00364556 2.15449e-08
0.678052 0.00364556 2.15436e-08
0.678091 0.00364556 2.15468e-08
0.678131 0.00364556 2.15446e-08
0.678171 0.00364556 2.15435e-08
0.678211 0.00364556 2.1547e-08
0.67825 0.00364556 2.15449e-08
0.67829 0.00364556 2.15436e-08
0.67833 0.00364556 2.15468e-08
0.67837 0.00364556 2.15446e-08
0.67841 0.00364556 2.15435e-08
0.678449 0.00364556 2.1547e-08
0.678489 0.00364556 2.15449e-08
0.678529 0.00364556 2.15436e-08
0.678569 0.00364556 2.15468e-08
0.678608 0.00364556 2.15446e-08
0.678648 0.00364556 2.15435e-08
0.678688 0.00364556 2.1547e-08
0.678728 0.00364556 2.15449e-08
0.678767 0.00364556 2.15436e-08
0.678807 0.00364556 2.15468e-08
0.678847 0.00364556 2.15446e-08
0.678887 0.00364556 2.15435e-08
0.678926 0.00364556 2.1547e-08
0.678966 0.00364556 2.15449e-08
0.679006 0.00364556 2.15436e-08
0.679046 0.00364556 2.15468e-08
0.679085 0.00364556 2.15446e-08
0.679125 0.00364556 2.15435e-08
0.679165 0.00364556 2.1547e-08
0.679205 0.00364556 2.15449e-08
0.679245 0.00364556 2.15436e-08
0.679284 0.00364556 2.15468e-08
0.679324 0.00364556 2.15446e-08
0.679364 0.00364556 2.15435e-08
0.679404 0.00364556 2.1547e-08
0.679443 0.00364556 2.15449e-08
0.679483 0.00364556 2.15436e-08
0.679523 0.00364556 2.15468e-08
0.679563 0.00364556 2.15446e-08
0.679602 0.00364556 2.15435e-08
0.679642 0.00364556 2.1547e-08
0.679682 0.00364556 2.15449e-08
0.679722 0.00364556 2.15436e-08
0.679761 0.00364556 2.15468e-08
0.679801 0.00364556 2.15446e-08
0.679841 0.00364556 2.15435e-08
0.679881 0.00364556 2.1547e-08
0.67992 0.00364556 2.15449e-08
0.67996 0.00364556 2.15436e-08
0.68 0.00364556 2.15468e-08
0.68004 0.00364556 2.15446e-08
0.68008 0.00364556 2.15435e-08
0.680119 0.00364556 2.1547e-08
0.680159 0.00364556 2.15449e-08
0.680199 0.00364556 2.15436e-08
0.680239 0.00364556 2.15468e-08
0.680278 0.00364556 2.15446e-08
0.680318 0.00364556 2.15435e-08
0.680358 0.00364556 2.1547e-08
0.680398 0.00364556 2.15449e-08
0.680437 0.00364556 2.15436e-08
0.680477 0.00364556 2.15468e-08
0.680517 0.00364556 2.15446e-08
0.680557 0.00364556 2.15435e-08
0.680596 0.00364556 2.1547e-08
0.680636 0.00364556 2.15449e-08
0.680676 0.00364556 2.15436e-08
0.680716 0.00364556 2.15468e-08
0.680755 0.00364556 2.15446e-08
0.680795 0.00364556 2.15435e-08
0.680835 0.00364556 2.1547e-08
0.680875 0.00364556 2.15449e-08
0.680915 0.00364556 2.15436e-08
0.680954 0.00364556 2.15468e-08
0.680994 0.00364556 2.15446e-08
0.681034 0.00364556 2.15435e-08
0.681074 0.00364556 2.1547e-08
0.681113 0.00364556 2.15449e-08
0.681153 0.00364556 2.15436e-08
0.681193 0.00364556 2.15468e-08
0.681233 0.00364556 2.15446e-08
0.681272 0.00364556 2.15435e-08
0.681312 0.00364556 2.1547e-08
0.681352 0.00364556 2.15449e-08
0.681392 0.00364556 2.15436e-08
0.681431 0.00364556 2.15468e-08
0.681471 0.00364556 2.15446e-08
0.681511 0.00364556 2.15435e-08
0.681551 0.00364556 2.1547e-08
0.68159 0.00364556 2.15449e-08
0.68163 0.00364556 2.15436e-08
0.68167 0.00364556 2.15468e-08
0.68171 0.00364556 2.15446e-08
0.68175 0.00364556 2.15435e-08
0.681789 0.00364556 2.1547e-08
0.681829 0.00364556 2.15449e-08
0.681869 0.00364556 2.15436e-08
0.681909 0.00364556 2.15468e-08
0.681948 0.00364556 2.15446e-08
0.681988 0.00364556 2.15435e-08
0.682028 0.00364556 2.1547e-08
0.682068 0.00364556 2.15449e-08
0.682107 0.00364556 2.15436e-08
0.682147 0.00364556 2.15468e-08
0.682187 0.00364556 2.15446e-08
0.682227 0.00364556 2.15435e-08
0.682266 0.00364556 2.1547e-08
0.682306 0.00364556 2.15449e-08
0.682346 0.00364556 2.15436e-08
0.682386 0.00364556 2.15468e-08
0.682425 0.00364556 2.15446e-08
0.682465 0.00364556 2.15435e-08
0.682505 0.00364556 2.1547e-08
0.682545 0.00364556 2.15449e-08
0.682584 0.00364556 2.15436e-08
0.682624 0.00364556 2.15468e-08
0.682664 0.00364556 2.15446e-08
0.682704 0.00364556 2.15435e-08
0.682744 0.00364556 2.1547e-08
0.682783 0.00364556 2.15449e-08
0.682823 0.00364556 2.15436e-08
0.682863 0.00364556 2.15468e-08
0.682903 0.00364556 2.15446e-08
0.682942 0.00364556 2.15435e-08
0.682982 0.00364556 2.1547e-08
0.683022 0.00364556 2.15449e-08
0.683062 0.00364556 2.15436e-08
0.683101 0.00364556 2.15468e-08
0.683141 0.00364556 2.15446e-08
0.683181 0.00364556 2.15435e-08
0.683221 0.00364556 2.1547e-08
0.68326 0.00364556 2.15449e-08
0.6833 0.00364556 2.15436e-08
0.68334 0.00364556 2.15468e-08
0.68338 0.00364556 2.15446e-08
0.683419 0.00364556 2.15435e-08
0.683459 0.00364556 2.1547e-08
0.683499 0.00364556 2.15449e-08
0.683539 0.00364556 2.15436e-08
0.683579 0.00364556 2.15468e-08
0.683618 0.00364556 2.15446e-08
0.683658 0.00364556 2.15435e-08
0.683698 0.00364556 2.1547e-08
0.683738 0.00364556 2.15449e-08
0.683777 0.00364556 2.15436e-08
0.683817 0.00364556 2.15468e-08
0.683857 0.00364556 2.15446e-08
0.683897 0.00364556 2.15435e-08
0.683936 0.00364556 2.1547e-08
0.683976 0.00364556 2.15449e-08
0.684016 0.00364556 2.15436e-08
0.684056 0.00364556 2.15468e-08
0.684095 0.00364556 2.15446e-08
0.684135 0.00364556 2.15435e-08
0.684175 0.00364556 2.1547e-08
0.684215 0.00364556 2.15449e-08
0.684254 0.00364556 2.15436e-08
0.684294 0.00364556 2.15468e-08
0.684334 0.00364556 2.15446e-08
0.684374 0.00364556 2.15435e-08
0.684414 0.00364556 2.1547e-08
0.684453 0.00364556 2.15449e-08
0.684493 0.00364556 2.15436e-08
0.684533 0.00364556 2.15468e-08
0.684573 0.00364556 2.15446e-08
0.684612 0.00364556 2.15435e-08
0.684652 0.00364556 2.1547e-08
0.684692 0.00364556 2.15449e-08
0.684732 0.00364556 2.15436e-08
0.684771 0.00364556 2.15468e-08
0.684811 0.00364556 2.15446e-08
0.684851 0.00364556 2.15435e-08
0.684891 0.00364556 2.1547e-08
0.68493 0.00364556 2.15449e-08
0.68497 0.00364556 2.15436e-08
0.68501 0.00364556 2.15468e-08
0.68505 0.00364556 2.15446e-08
0.685089 0.00364556 2.15435e-08
0.685129 0.00364556 2.1547e-08
0.685169 0.00364556 2.15449e-08
0.685209 0.00364556 2.15436e-08
0.685249 0.00364556 2.15468e-08
0.685288 0.00364556 2.15446e-08
0.685328 0.00364556 2.15435e-08
0.685368 0.00364556 2.1547e-08
0.685408 0.00364556 2.15449e-08
0.685447 0.00364556 2.15436e-08
0.685487 0.00364556 2.15468e-08
0.685527 0.00364556 2.15446e-08
0.685567 0.00364556 2.15435e-08
0.685606 0.00364556 2.1547e-08
0.685646 0.00364556 2.15449e-08
0.685686 0.00364556 2.15436e-08
0.685726 0.00364556 2.15468e-08
0.685765 0.00364556 2.15446e-08
0.685805 0.00364556 2.15435e-08
0.685845 0.00364556 2.1547e-08
0.685885 0.00364556 2.15449e-08
0.685924 0.00364556 2.15436e-08
0.685964 0.00364556 2.15468e-08
0.686004 0.00364556 2.15446e-08
0.686044 0.00364556 2.15435e-08
0.686083 0.00364556 2.1547e-08
0.686123 0.00364556 2.15449e-08
0.686163 0.00364556 2.15436e-08
0.686203 0.00364556 2.15468e-08
0.686243 0.00364556 2.15446e-08
0.686282 0.00364556 2.15435e-08
0.686322 0.00364556 2.1547e-08
0.686362 0.00364556 2.15449e-08
0.686402 0.00364556 2.15436e-08
0.686441 0.00364556 2.15468e-08
0.686481 0.00364556 2.15446e-08
0.686521 0.00364556 2.15435e-08
0.686561 0.00364556 2.1547e-08
0.6866 0.00364556 2.15449e-08
0.68664 0.00364556 2.15436e-08
0.68668 0.00364556 2.15468e-08
0.68672 0.00364556 2.15446e-08
0.686759 0.00364556 2.15435e-08
0.686799 0.00364556 2.1547e-08
0.686839 0.00364556 2.15449e-08
0.686879 0.00364556 2.15436e-08
0.686918 0.00364556 2.15468e-08
0.686958 0.00364556 2.15446e-08
0.686998 0.00364556 2.15435e-08
0.687038 0.00364556 2.1547e-08
0.687078 0.00364556 2.15449e-08
0.687117 0.00364556 2.15436e-08
0.687157 0.00364556 2.15468e-08
0.687197 0.00364556 2.15446e-08
0.687237 0.00364556 2.15435e-08
0.687276 0.00364556 2.1547e-08
0.687316 0.00364556 2.15449e-08
0.687356 0.00364556 2.15436e-08
0.687396 0.00364556 2.15468e-08
0.687435 0.00364556 2.15446e-08
0.687475 0.00364556 2.15435e-08
0.687515 0.00364556 2.1547e-08
0.687555 0.00364556 2.15449e-08
0.687594 0.00364556 2.15436e-08
0.687634 0.00364556 2.15468e-08
0.687674 0.00364556 2.15446e-08
0.687714 0.00364556 2.15435e-08
0.687753 0.00364556 2.1547e-08
0.687793 0.00364556 2.15449e-08
0.687833 0.00364556 2.15436e-08
0.687873 0.00364556 2.15468e-08
0.687913 0.00364556 2.15446e-08
0.687952 0.00364556 2.15435e-08
0.687992 0.00364556 2.1547e-08
0.688032 0.00364556 2.15449e-08
0.688072 0.00364556 2.15436e-08
0.688111 0.00364556 2.15468e-08
0.688151 0.00364556 2.15446e-08
0.688191 0.00364556 2.15435e-08
0.688231 0.00364556 2.1547e-08
0.68827 0.00364556 2.15449e-08
0.68831 0.00364556 2.15436e-08
0.68835 0.00364556 2.15468e-08
0.68839 0.00364556 2.15446e-08
0.688429 0.00364556 2.15435e-08
0.688469 0.00364556 2.1547e-08
0.688509 0.00364556 2.15449e-08
0.688549 0.00364556 2.15436e-08
0.688588 0.00364556 2.15468e-08
0.688628 0.00364556 2.15446e-08
0.688668 0.00364556 2.15435e-08
0.688708 0.00364556 2.1547e-08
0.688748 0.00364556 2.15449e-08
0.688787 0.00364556 2.15436e-08
0.688827 0.00364556 2.15468e-08
0.688867 0.00364556 2.15446e-08
0.688907 0.00364556 2.15435e-08
0.688946 0.00364556 2.1547e-08
0.688986 0.00364556 2.15449e-08
0.689026 0.00364556 2.15436e-08
0.689066 0.00364556 2.15468e-08
0.689105 0.00364556 2.15446e-08
0.689145 0.00364556 2.15435e-08
0.689185 0.00364556 2.1547e-08
0.689225 0.00364556 2.15449e-08
0.689264 0.00364556 2.15436e-08
0.689304 0.00364556 2.15468e-08
0.689344 0.00364556 2.15446e-08
0.689384 0.00364556 2.15435e-08
0.689423 0.00364556 2.1547e-08
0.689463 0.00364556 2.15449e-08
0.689503 0.00364556 2.15436e-08
0.689543 0.00364556 2.15468e-08
0.689583 0.00364556 2.15446e-08
0.689622 0.00364556 2.15435e-08
0.689662 0.00364556 2.1547e-08
0.689702 0.00364556 2.15449e-08
0.689742 0.00364556 2.15436e-08
0.689781 0.00364556 2.15468e-08
0.689821 0.00364556 2.15446e-08
0.689861 0.00364556 2.15435e-08
0.689901 0.00364556 2.1547e-08
0.68994 0.00364556 2.15449e-08
0.68998 0.00364556 2.15436e-08
0.69002 0.00364556 2.15468e-08
0.69006 0.00364556 2.15446e-08
0.690099 0.00364556 2.15435e-08
0.690139 0.00364556 2.1547e-08
0.690179 0.00364556 2.15449e-08
0.690219 0.00364556 2.15436e-08
0.690258 0.00364556 2.15468e-08
0.690298 0.00364556 2.15446e-08
0.690338 0.00364556 2.15435e-08
0.690378 0.00364556 2.1547e-08
0.690417 0.00364556 2.15449e-08
0.690457 0.00364556 2.15436e-08
0.690497 0.00364556 2.15468e-08
0.690537 0.00364556 2.15446e-08
0.690577 0.00364556 2.15435e-08
0.690616 0.00364556 2.1547e-08
0.690656 0.00364556 2.15449e-08
0.690696 0.00364556 2.15436e-08
0.690736 0.00364556 2.15468e-08
0.690775 0.00364556 2.15446e-08
0.690815 0.00364556 2.15435e-08
0.690855 0.00364556 2.1547e-08
0.690895 0.00364556 2.15449e-08
0.690934 0.00364556 2.15436e-08
0.690974 0.00364556 2.15468e-08
0.691014 0.00364556 2.15446e-08
0.691054 0.00364556 2.15435e-08
0.691093 0.00364556 2.1547e-08
0.691133 0.00364556 2.15449e-08
0.691173 0.00364556 2.15436e-08
0.691213 0.00364556 2.15468e-08
0.691252 0.00364556 2.15446e-08
0.691292 0.00364556 2.15435e-08
0.691332 0.00364556 2.1547e-08
0.691372 0.00364556 2.15449e-08
0.691412 0.00364556 2.15436e-08
0.691451 0.00364556 2.15468e-08
0.691491 0.00364556 2.15446e-08
0.691531 0.00364556 2.15435e-08
0.691571 0.00364556 2.1547e-08
0.69161 0.00364556 2.15449e-08
0.69165 0.00364556 2.15436e-08
0.69169 0.00364556 2.15468e-08
0.69173 0.00364556 2.15446e-08
0.691769 0.00364556 2.15435e-08
0.691809 0.00364556 2.1547e-08
0.691849 0.00364556 2.15449e-08
0.691889 0.00364556 2.15436e-08
0.691928 0.00364556 2.15468e-08
0.691968 0.00364556 2.15446e-08
0.692008 0.00364556 2.15435e-08
0.692048 0.00364556 2.1547e-08
0.692087 0.00364556 2.15449e-08
0.692127 0.00364556 2.15436e-08
0.692167 0.00364556 2.15468e-08
0.692207 0.00364556 2.15446e-08
0.692247 0.00364556 2.15435e-08
0.692286 0.00364556 2.1547e-08
0.692326 0.00364556 2.15449e-08
0.692366 0.00364556 2.15436e-08
0.692406 0.00364556 2.15468e-08
0.692445 0.00364556 2.15446e-08
0.692485 0.00364556 2.15435e-08
0.692525 0.00364556 2.1547e-08
0.692565 0.00364556 2.15449e-08
0.692604 0.00364556 2.15436e-08
0.692644 0.00364556 2.15468e-08
0.692684 0.00364556 2.15446e-08
0.692724 0.00364556 2.15435e-08
0.692763 0.00364556 2.1547e-08
0.692803 0.00364556 2.15449e-08
0.692843 0.00364556 2.15436e-08
0.692883 0.00364556 2.15468e-08
0.692922 0.00364556 2.15446e-08
0.692962 0.00364556 2.15435e-08
0.693002 0.00364556 2.1547e-08
0.693042 0.00364556 2.15449e-08
0.693082 0.00364556 2.15436e-08
0.693121 0.00364556 2.15468e-08
0.693161 0.00364556 2.15446e-08
0.693201 0.00364556 2.15435e-08
0.693241 0.00364556 2.1547e-08
0.69328 0.00364556 2.15449e-08
0.69332 0.00364556 2.15436e-08
0.69336 0.00364556 2.15468e-08
0.6934 0.00364556 2.15446e-08
0.693439 0.00364556 2.15435e-08
0.693479 0.00364556 2.1547e-08
0.693519 0.00364556 2.15449e-08
0.693559 0.00364556 2.15436e-08
0.693598 0.00364556 2.15468e-08
0.693638 0.00364556 2.15446e-08
0.693678 0.00364556 2.15435e-08
0.693718 0.00364556 2.1547e-08
0.693757 0.00364556 2.15449e-08
0.693797 0.00364556 2.15436e-08
0.693837 0.00364556 2.15468e-08
0.693877 0.00364556 2.15446e-08
0.693917 0.00364556 2.15435e-08
0.693956 0.00364556 2.1547e-08
0.693996 0.00364556 2.15449e-08
0.694036 0.00364556 2.15436e-08
0.694076 0.00364556 2.15468e-08
0.694115 0.00364556 2.15446e-08
0.694155 0.00364556 2.15435e-08
0.694195 0.00364556 2.1547e-08
0.694235 0.00364556 2.15449e-08
0.694274 0.00364556 2.15436e-08
0.694314 0.00364556 2.15468e-08
0.694354 0.00364556 2.15446e-08
0.694394 0.00364556 2.15435e-08
0.694433 0.00364556 2.1547e-08
0.694473 0.00364556 2.15449e-08
0.694513 0.00364556 2.15436e-08
0.694553 0.00364556 2.15468e-08
0.694592 0.00364556 2.15446e-08
0.694632 0.00364556 2.15435e-08
0.694672 0.00364556 2.1547e-08
0.694712 0.00364556 2.15449e-08
0.694751 0.00364556 2.15436e-08
0.694791 0.00364556 2.15468e-08
0.694831 0.00364556 2.15446e-08
0.694871 0.00364556 2.15435e-08
0.694911 0.00364556 2.1547e-08
0.69495 0.00364556 2.15449e-08
0.69499 0.00364556 2.15436e-08
0.69503 0.00364556 2.15468e-08
0.69507 0.00364556 2.15446e-08
0.695109 0.00364556 2.15435e-08
0.695149 0.00364556 2.1547e-08
0.695189 0.00364556 2.15449e-08
0.695229 0.00364556 2.15436e-08
0.695268 0.00364556 2.15468e-08
0.695308 0.00364556 2.15446e-08
0.695348 0.00364556 2.15435e-08
0.695388 0.00364556 2.1547e-08
0.695427 0.00364556 2.15449e-08
0.695467 0.00364556 2.15436e-08
0.695507 0.00364556 2.15468e-08
0.695547 0.00364556 2.15446e-08
0.695586 0.00364556 2.15435e-08
0.695626 0.00364556 2.1547e-08
0.695666 0.00364556 2.15449e-08
0.695706 0.00364556 2.15436e-08
0.695746 0.00364556 2.15468e-08
0.695785 0.00364556 2.15446e-08
0.695825 0.00364556 2.15435e-08
0.695865 0.00364556 2.1547e-08
0.695905 0.00364556 2.15449e-08
0.695944 0.00364556 2.15436e-08
0.695984 0.00364556 2.15468e-08
0.696024 0.00364556 2.15446e-08
0.696064 0.00364556 2.15435e-08
0.696103 0.00364556 2.1547e-08
0.696143 0.00364556 2.15449e-08
0.696183 0.00364556 2.15436e-08
0.696223 0.00364556 2.15468e-08
0.696262 0.00364556 2.15446e-08
0.696302 0.00364556 2.15435e-08
0.696342 0.00364556 2.1547e-08
0.696382 0.00364556 2.15449e-08
0.696421 0.00364556 2.15436e-08
0.696461 0.00364556 2.15468e-08
0.696501 0.00364556 2.15446e-08
0.696541 0.00364556 2.15435e-08
0.696581 0.00364556 2.1547e-08
0.69662 0.00364556 2.15449e-08
0.69666 0.00364556 2.15436e-08
0.6967 0.00364556 2.15468e-08
0.69674 0.00364556 2.15446e-08
0.696779 0.00364556 2.15435e-08
0.696819 0.00364556 2.1547e-08
0.696859 0.00364556 2.15449e-08
0.696899 0.00364556 2.15436e-08
0.696938 0.00364556 2.15468e-08
0.696978 0.00364556 2.15446e-08
0.697018 0.00364556 2.15435e-08
0.697058 0.00364556 2.1547e-08
0.697097 0.00364556 2.15449e-08
0.697137 0.00364556 2.15436e-08
0.697177 0.00364556 2.15468e-08
0.697217 0.00364556 2.15446e-08
0.697256 0.00364556 2.15435e-08
0.697296 0.00364556 2.1547e-08
0.697336 0.00364556 2.15449e-08
0.697376 0.00364556 2.15436e-08
0.697416 0.00364556 2.15468e-08
0.697455 0.00364556 2.15446e-08
0.697495 0.00364556 2.15435e-08
0.697535 0.00364556 2.1547e-08
0.697575 0.00364556 2.15449e-08
0.697614 0.00364556 2.15436e-08
0.697654 0.00364556 2.15468e-08
0.697694 0.00364556 2.15446e-08
0.697734 0.00364556 2.15435e-08
0.697773 0.00364556 2.1547e-08
0.697813 0.00364556 2.15449e-08
0.697853 0.00364556 2.15436e-08
0.697893 0.00364556 2.15468e-08
0.697932 0.00364556 2.15446e-08
0.697972 0.00364556 2.15435e-08
0.698012 0.00364556 2.1547e-08
0.698052 0.00364556 2.15449e-08
0.698091 0.00364556 2.15436e-08
0.698131 0.00364556 2.15468e-08
0.698171 0.00364556 2.15446e-08
0.698211 0.00364556 2.15435e-08
0.69825 0.00364556 2.1547e-08
0.69829 0.00364556 2.15449e-08
0.69833 0.00364556 2.15436e-08
0.69837 0.00364556 2.15468e-08
0.69841 0.00364556 2.15446e-08
0.698449 0.00364556 2.15435e-08
0.698489 0.00364556 2.1547e-08
0.698529 0.00364556 2.15449e-08
0.698569 0.00364556 2.15436e-08
0.698608 0.00364556 2.15468e-08
0.698648 0.00364556 2.15446e-08
0.698688 0.00364556 2.15435e-08
0.698728 0.00364556 2.1547e-08
0.698767 0.00364556 2.15449e-08
0.698807 0.00364556 2.15436e-08
0.698847 0.00364556 2.15468e-08
0.698887 0.00364556 2.15446e-08
0.698926 0.00364556 2.15435e-08
0.698966 0.00364556 2.1547e-08
0.699006 0.00364556 2.15449e-08
0.699046 0.00364556 2.15436e-08
0.699085 0.00364556 2.15468e-08
0.699125 0.00364556 2.15446e-08
0.699165 0.00364556 2.15435e-08
0.699205 0.00364556 2.1547e-08
0.699245 0.00364556 2.15449e-08
0.699284 0.00364556 2.15436e-08
0.699324 0.00364556 2.15468e-08
0.699364 0.00364556 2.15446e-08
0.699404 0.00364556 2.15435e-08
0.699443 0.00364556 2.1547e-08
0.699483 0.00364556 2.15449e-08
0.699523 0.00364556 2.15436e-08
0.699563 0.00364556 2.15468e-08
0.699602 0.00364556 2.15446e-08
0.699642 0.00364556 2.15435e-08
0.699682 0.00364556 2.1547e-08
0.699722 0.00364556 2.15449e-08
0.699761 0.00364556 2.15436e-08
0.699801 0.00364556 2.15468e-08
0.699841 0.00364556 2.15446e-08
0.699881 0.00364556 2.15435e-08
0.69992 0.00364556 2.1547e-08
0.69996 0.00364556 2.15449e-08
0.7 0.00364556 2.15436e-08
0.70004 0.00364556 2.15468e-08
0.70008 0.00364556 2.15446e-08
0.700119 0.00364556 2.15435e-08
0.700159 0.00364556 2.1547e-08
0.700199 0.00364556 2.15449e-08
0.700239 0.00364556 2.15436e-08
0.700278 0.00364556 2.15468e-08
0.700318 0.00364556 2.15446e-08
0.700358 0.00364556 2.15435e-08
0.700398 0.00364556 2.1547e-08
0.700437 0.00364556 2.15449e-08
0.700477 0.00364556 2.15436e-08
0.700517 0.00364556 2.15468e-08
0.700557 0.00364556 2.15446e-08
0.700596 0.00364556 2.15435e-08
0.700636 0.00364556 2.1547e-08
0.700676 0.00364556 2.15449e-08
0.700716 0.00364556 2.15436e-08
0.700755 0.00364556 2.15468e-08
0.700795 0.00364556 2.15446e-08
0.700835 0.00364556 2.15435e-08
0.700875 0.00364556 2.1547e-08
0.700915 0.00364556 2.15449e-08
0.700954 0.00364556 2.15436e-08
0.700994 0.00364556 2.15468e-08
0.701034 0.00364556 2.15446e-08
0.701074 0.00364556 2.15435e-08
0.701113 0.00364556 2.1547e-08
0.701153 0.00364556 2.15449e-08
0.701193 0.00364556 2.15436e-08
0.701233 0.00364556 2.15468e-08
0.701272 0.00364556 2.15446e-08
0.701312 0.00364556 2.15435e-08
0.701352 0.00364556 2.1547e-08
0.701392 0.00364556 2.15449e-08
0.701431 0.00364556 2.15436e-08
0.701471 0.00364556 2.15468e-08
0.701511 0.00364556 2.15446e-08
0.701551 0.00364556 2.15435e-08
0.70159 0.00364556 2.1547e-08
0.70163 0.00364556 2.15449e-08
0.70167 0.00364556 2.15436e-08
0.70171 0.00364556 2.15468e-08
0.70175 0.00364556 2.15446e-08
0.701789 0.00364556 2.15435e-08
0.701829 0.00364556 2.1547e-08
0.701869 0.00364556 2.15449e-08
0.701909 0.00364556 2.15436e-08
0.701948 0.00364556 2.15468e-08
0.701988 0.00364556 2.15446e-08
0.702028 0.00364556 2.15435e-08
0.702068 0.00364556 2.1547e-08
0.702107 0.00364556 2.15449e-08
0.702147 0.00364556 2.15436e-08
0.702187 0.00364556 2.15468e-08
0.702227 0.00364556 2.15446e-08
0.702266 0.00364556 2.15435e-08
0.702306 0.00364556 2.1547e-08
0.702346 0.00364556 2.15449e-08
0.702386 0.00364556 2.15436e-08
0.702425 0.00364556 2.15468e-08
0.702465 0.00364556 2.15446e-08
0.702505 0.00364556 2.15435e-08
0.702545 0.00364556 2.1547e-08
0.702584 0.00364556 2.15449e-08
0.702624 0.00364556 2.15436e-08
0.702664 0.00364556 2.15468e-08
0.702704 0.00364556 2.15446e-08
0.702744 0.00364556 2.15435e-08
0.702783 0.00364556 2.1547e-08
0.702823 0.00364556 2.15449e-08
0.702863 0.00364556 2.15436e-08
0.702903 0.00364556 2.15468e-08
0.702942 0.00364556 2.15446e-08
0.702982 0.00364556 2.15435e-08
0.703022 0.00364556 2.1547e-08
0.703062 0.00364556 2.15449e-08
0.703101 0.00364556 2.15436e-08
0.703141 0.00364556 2.15468e-08
0.703181 0.00364556 2.15446e-08
0.703221 0.00364556 2.15435e-08
0.70326 0.00364556 2.1547e-08
0.7033 0.00364556 2.15449e-08
0.70334 0.00364556 2.15436e-08
0.70338 0.00364556 2.15468e-08
0.703419 0.00364556 2.15446e-08
0.703459 0.00364556 2.15435e-08
0.703499 0.00364556 2.1547e-08
0.703539 0.00364556 2.15449e-08
0.703579 0.00364556 2.15436e-08
0.703618 0.00364556 2.15468e-08
0.703658 0.00364556 2.15446e-08
0.703698 0.00364556 2.15435e-08
0.703738 0.00364556 2.1547e-08
0.703777 0.00364556 2.15449e-08
0.703817 0.00364556 2.15436e-08
0.703857 0.00364556 2.15468e-08
0.703897 0.00364556 2.15446e-08
0.703936 0.00364556 2.15435e-08
0.703976 0.00364556 2.1547e-08
0.704016 0.00364556 2.15449e-08
0.704056 0.00364556 2.15436e-08
0.704095 0.00364556 2.15468e-08
0.704135 0.00364556 2.15446e-08
0.704175 0.00364556 2.15435e-08
0.704215 0.00364556 2.1547e-08
0.704254 0.00364556 2.15449e-08
0.704294 0.00364556 2.15436e-08
0.704334 0.00364556 2.15468e-08
0.704374 0.00364556 2.15446e-08
0.704414 0.00364556 2.15435e-08
0.704453 0.00364556 2.1547e-08
0.704493 0.00364556 2.15449e-08
0.704533 0.00364556 2.15436e-08
0.704573 0.00364556 2.15468e-08
0.704612 0.00364556 2.15446e-08
0.704652 0.00364556 2.15435e-08
0.704692 0.00364556 2.1547e-08
0.704732 0.00364556 2.15449e-08
0.704771 0.00364556 2.15436e-08
0.704811 0.00364556 2.15468e-08
0.704851 0.00364556 2.15446e-08
0.704891 0.00364556 2.15435e-08
0.70493 0.00364556 2.1547e-08
0.70497 0.00364556 2.15449e-08
0.70501 0.00364556 2.15436e-08
0.70505 0.00364556 2.15468e-08
0.705089 0.00364556 2.15446e-08
0.705129 0.00364556 2.15435e-08
0.705169 0.00364556 2.1547e-08
0.705209 0.00364556 2.15449e-08
0.705249 0.00364556 2.15436e-08
0.705288 0.00364556 2.15468e-08
0.705328 0.00364556 2.15446e-08
0.705368 0.00364556 2.15435e-08
0.705408 0.00364556 2.1547e-08
0.705447 0.00364556 2.15449e-08
0.705487 0.00364556 2.15436e-08
0.705527 0.00364556 2.15468e-08
0.705567 0.00364556 2.15446e-08
0.705606 0.00364556 2.15435e-08
0.705646 0.00364556 2.1547e-08
0.705686 0.00364556 2.15449e-08
0.705726 0.00364556 2.15436e-08
0.705765 0.00364556 2.15468e-08
0.705805 0.00364556 2.15446e-08
0.705845 0.00364556 2.15435e-08
0.705885 0.00364556 2.1547e-08
0.705924 0.00364556 2.15449e-08
0.705964 0.00364556 2.15436e-08
0.706004 0.00364556 2.15468e-08
0.706044 0.00364556 2.15446e-08
0.706083 0.00364556 2.15435e-08
0.706123 0.00364556 2.1547e-08
0.706163 0.00364556 2.15449e-08
0.706203 0.00364556 2.15436e-08
0.706243 0.00364556 2.15468e-08
0.706282 0.00364556 2.15446e-08
0.706322 0.00364556 2.15435e-08
0.706362 0.00364556 2.1547e-08
0.706402 0.00364556 2.15449e-08
0.706441 0.00364556 2.15436e-08
0.706481 0.00364556 2.15468e-08
0.706521 0.00364556 2.15446e-08
0.706561 0.00364556 2.15435e-08
0.7066 0.00364556 2.1547e-08
0.70664 0.00364556 2.15449e-08
0.70668 0.00364556 2.15436e-08
0.70672 0.00364556 2.15468e-08
0.706759 0.00364556 2.15446e-08
0.706799 0.00364556 2.15435e-08
0.706839 0.00364556 2.1547e-08
0.706879 0.00364556 2.15449e-08
0.706918 0.00364556 2.15436e-08
0.706958 0.00364556 2.15468e-08
0.706998 0.00364556 2.15446e-08
0.707038 0.00364556 2.15435e-08
0.707078 0.00364556 2.1547e-08
0.707117 0.00364556 2.15449e-08
0.707157 0.00364556 2.15436e-08
0.707197 0.00364556 2.15468e-08
0.707237 0.00364556 2.15446e-08
0.707276 0.00364556 2.15435e-08
0.707316 0.00364556 2.1547e-08
0.707356 0.00364556 2.15449e-08
0.707396 0.00364556 2.15436e-08
0.707435 0.00364556 2.15468e-08
0.707475 0.00364556 2.15446e-08
0.707515 0.00364556 2.15435e-08
0.707555 0.00364556 2.1547e-08
0.707594 0.00364556 2.15449e-08
0.707634 0.00364556 2.15436e-08
0.707674 0.00364556 2.15468e-08
0.707714 0.00364556 2.15446e-08
0.707753 0.00364556 2.15435e-08
0.707793 0.00364556 2.1547e-08
0.707833 0.00364556 2.15449e-08
0.707873 0.00364556 2.15436e-08
0.707913 0.00364556 2.15468e-08
0.707952 0.00364556 2.15446e-08
0.707992 0.00364556 2.15435e-08
0.708032 0.00364556 2.1547e-08
0.708072 0.00364556 2.15449e-08
0.708111 0.00364556 2.15436e-08
0.708151 0.00364556 2.15468e-08
0.708191 0.00364556 2.15446e-08
0.708231 0.00364556 2.15435e-08
0.70827 0.00364556 2.1547e-08
0.70831 0.00364556 2.15449e-08
0.70835 0.00364556 2.15436e-08
0.70839 0.00364556 2.15468e-08
0.708429 0.00364556 2.15446e-08
0.708469 0.00364556 2.15435e-08
0.708509 0.00364556 2.1547e-08
0.708549 0.00364556 2.15449e-08
0.708588 0.00364556 2.15436e-08
0.708628 0.00364556 2.15468e-08
0.708668 0.00364556 2.15446e-08
0.708708 0.00364556 2.15435e-08
0.708748 0.00364556 2.1547e-08
0.708787 0.00364556 2.15449e-08
0.708827 0.00364556 2.15436e-08
0.708867 0.00364556 2.15468e-08
0.708907 0.00364556 2.15446e-08
0.708946 0.00364556 2.15435e-08
0.708986 0.00364556 2.1547e-08
0.709026 0.00364556 2.15449e-08
0.709066 0.00364556 2.15436e-08
0.709105 0.00364556 2.15468e-08
0.709145 0.00364556 2.15446e-08
0.709185 0.00364556 2.15435e-08
0.709225 0.00364556 2.1547e-08
0.709264 0.00364556 2.15449e-08
0.709304 0.00364556 2.15436e-08
0.709344 0.00364556 2.15468e-08
0.709384 0.00364556 2.15446e-08
0.709423 0.00364556 2.15435e-08
0.709463 0.00364556 2.1547e-08
0.709503 0.00364556 2.15449e-08
0.709543 0.00364556 2.15436e-08
0.709583 0.00364556 2.15468e-08
0.709622 0.00364556 2.15446e-08
0.709662 0.00364556 2.15435e-08
0.709702 0.00364556 2.1547e-08
0.709742 0.00364556 2.15449e-08
0.709781 0.00364556 2.15436e-08
0.709821 0.00364556 2.15468e-08
0.709861 0.00364556 2.15446e-08
0.709901 0.00364556 2.15435e-08
0.70994 0.00364556 2.1547e-08
0.70998 0.00364556 2.15449e-08
0.71002 0.00364556 2.15436e-08
0.71006 0.00364556 2.15468e-08
0.710099 0.00364556 2.15446e-08
0.710139 0.00364556 2.15435e-08
0.710179 0.00364556 2.1547e-08
0.710219 0.00364556 2.15449e-08
0.710258 0.00364556 2.15436e-08
0.710298 0.00364556 2.15468e-08
0.710338 0.00364556 2.15446e-08
0.710378 0.00364556 2.15435e-08
0.710417 0.00364556 2.1547e-08
0.710457 0.00364556 2.15449e-08
0.710497 0.00364556 2.15436e-08
0.710537 0.00364556 2.15468e-08
0.710577 0.00364556 2.15446e-08
0.710616 0.00364556 2.15435e-08
0.710656 0.00364556 2.1547e-08
0.710696 0.00364556 2.15449e-08
0.710736 0.00364556 2.15436e-08
0.710775 0.00364556 2.15468e-08
0.710815 0.00364556 2.15446e-08
0.710855 0.00364556 2.15435e-08
0.710895 0.00364556 2.1547e-08
0.710934 0.00364556 2.15449e-08
0.710974 0.00364556 2.15436e-08
0.711014 0.00364556 2.15468e-08
0.711054 0.00364556 2.15446e-08
0.711093 0.00364556 2.15435e-08
0.711133 0.00364556 2.1547e-08
0.711173 0.00364556 2.15449e-08
0.711213 0.00364556 2.15436e-08
0.711252 0.00364556 2.15468e-08
0.711292 0.00364556 2.15446e-08
0.711332 0.00364556 2.15435e-08
0.711372 0.00364556 2.1547e-08
0.711412 0.00364556 2.15449e-08
0.711451 0.00364556 2.15436e-08
0.711491 0.00364556 2.15468e-08
0.711531 0.00364556 2.15446e-08
0.711571 0.00364556 2.15435e-08
0.71161 0.00364556 2.1547e-08
0.71165 0.00364556 2.15449e-08
0.71169 0.00364556 2.15436e-08
0.71173 0.00364556 2.15468e-08
0.711769 0.00364556 2.15446e-08
0.711809 0.00364556 2.15435e-08
0.711849 0.00364556 2.1547e-08
0.711889 0.00364556 2.15449e-08
0.711928 0.00364556 2.15436e-08
0.711968 0.00364556 2.15468e-08
0.712008 0.00364556 2.15446e-08
0.712048 0.00364556 2.15435e-08
0.712087 0.00364556 2.1547e-08
0.712127 0.00364556 2.15449e-08
0.712167 0.00364556 2.15436e-08
0.712207 0.00364556 2.15468e-08
0.712247 0.00364556 2.15446e-08
0.712286 0.00364556 2.15435e-08
0.712326 0.00364556 2.1547e-08
0.712366 0.00364556 2.15449e-08
0.712406 0.00364556 2.15436e-08
0.712445 0.00364556 2.15468e-08
0.712485 0.00364556 2.15446e-08
0.712525 0.00364556 2.15435e-08
0.712565 0.00364556 2.1547e-08
0.712604 0.00364556 2.15449e-08
0.712644 0.00364556 2.15436e-08
0.712684 0.00364556 2.15468e-08
0.712724 0.00364556 2.15446e-08
0.712763 0.00364556 2.15435e-08
0.712803 0.00364556 2.1547e-08
0.712843 0.00364556 2.15449e-08
0.712883 0.00364556 2.15436e-08
0.712922 0.00364556 2.15468e-08
0.712962 0.00364556 2.15446e-08
0.713002 0.00364556 2.15435e-08
0.713042 0.00364556 2.1547e-08
0.713082 0.00364556 2.15449e-08
0.713121 0.00364556 2.15436e-08
0.713161 0.00364556 2.15468e-08
0.713201 0.00364556 2.15446e-08
0.713241 0.00364556 2.15435e-08
0.71328 0.00364556 2.1547e-08
0.71332 0.00364556 2.15449e-08
0.71336 0.00364556 2.15436e-08
0.7134 0.00364556 2.15468e-08
0.713439 0.00364556 2.15446e-08
0.713479 0.00364556 2.15435e-08
0.713519 0.00364556 2.1547e-08
0.713559 0.00364556 2.15449e-08
0.713598 0.00364556 2.15436e-08
0.713638 0.00364556 2.15468e-08
0.713678 0.00364556 2.15446e-08
0.713718 0.00364556 2.15435e-08
0.713757 0.00364556 2.1547e-08
0.713797 0.00364556 2.15449e-08
0.713837 0.00364556 2.15436e-08
0.713877 0.00364556 2.15468e-08
0.713917 0.00364556 2.15446e-08
0.713956 0.00364556 2.15435e-08
0.713996 0.00364556 2.1547e-08
0.714036 0.00364556 2.15449e-08
0.714076 0.00364556 2.15436e-08
0.714115 0.00364556 2.15468e-08
0.714155 0.00364556 2.15446e-08
0.714195 0.00364556 2.15435e-08
0.714235 0.00364556 2.1547e-08
0.714274 0.00364556 2.15449e-08
0.714314 0.00364556 2.15436e-08
0.714354 0.00364556 2.15468e-08
0.714394 0.00364556 2.15446e-08
0.714433 0.00364556 2.15435e-08
0.714473 0.00364556 2.1547e-08
0.714513 0.00364556 2.15449e-08
0.714553 0.00364556 2.15436e-08
0.714592 0.00364556 2.15468e-08
0.714632 0.00364556 2.15446e-08
0.714672 0.00364556 2.15435e-08
0.714712 0.00364556 2.1547e-08
0.714751 0.00364556 2.15449e-08
0.714791 0.00364556 2.15436e-08
0.714831 0.00364556 2.15468e-08
0.714871 0.00364556 2.15446e-08
0.714911 0.00364556 2.15435e-08
0.71495 0.00364556 2.1547e-08
0.71499 0.00364556 2.15449e-08
0.71503 0.00364556 2.15436e-08
0.71507 0.00364556 2.15468e-08
0.715109 0.00364556 2.15446e-08
0.715149 0.00364556 2.15435e-08
0.715189 0.00364556 2.1547e-08
0.715229 0.00364556 2.15449e-08
0.715268 0.00364556 2.15436e-08
0.715308 0.00364556 2.15468e-08
0.715348 0.00364556 2.15446e-08
0.715388 0.00364556 2.15435e-08
0.715427 0.00364556 2.1547e-08
0.715467 0.00364556 2.15449e-08
0.715507 0.00364556 2.15436e-08
0.715547 0.00364556 2.15468e-08
0.715586 0.00364556 2.15446e-08
0.715626 0.00364556 2.15435e-08
0.715666 0.00364556 2.1547e-08
0.715706 0.00364556 2.15449e-08
0.715746 0.00364556 2.15436e-08
0.715785 0.00364556 2.15468e-08
0.715825 0.00364556 2.15446e-08
0.715865 0.00364556 2.15435e-08
0.715905 0.00364556 2.1547e-08
0.715944 0.00364556 2.15449e-08
0.715984 0.00364556 2.15436e-08
0.716024 0.00364556 2.15468e-08
0.716064 0.00364556 2.15446e-08
0.716103 0.00364556 2.15435e-08
0.716143 0.00364556 2.1547e-08
0.716183 0.00364556 2.15449e-08
0.716223 0.00364556 2.15436e-08
0.716262 0.00364556 2.15468e-08
0.716302 0.00364556 2.15446e-08
0.716342 0.00364556 2.15435e-08
0.716382 0.00364556 2.1547e-08
0.716421 0.00364556 2.15449e-08
0.716461 0.00364556 2.15436e-08
0.716501 0.00364556 2.15468e-08
0.716541 0.00364556 2.15446e-08
0.716581 0.00364556 2.15435e-08
0.71662 0.00364556 2.1547e-08
0.71666 0.00364556 2.15449e-08
0.7167 0.00364556 2.15436e-08
0.71674 0.00364556 2.15468e-08
0.716779 0.00364556 2.15446e-08
0.716819 0.00364556 2.15435e-08
0.716859 0.00364556 2.1547e-08
0.716899 0.00364556 2.15449e-08
0.716938 0.00364556 2.15436e-08
0.716978 0.00364556 2.15468e-08
0.717018 0.00364556 2.15446e-08
0.717058 0.00364556 2.15435e-08
0.717097 0.00364556 2.1547e-08
0.717137 0.00364556 2.15449e-08
0.717177 0.00364556 2.15436e-08
0.717217 0.00364556 2.15468e-08
0.717256 0.00364556 2.15446e-08
0.717296 0.00364556 2.15435e-08
0.717336 0.00364556 2.1547e-08
0.717376 0.00364556 2.15449e-08
0.717416 0.00364556 2.15436e-08
0.717455 0.00364556 2.15468e-08
0.717495 0.00364556 2.15446e-08
0.717535 0.00364556 2.15435e-08
0.717575 0.00364556 2.1547e-08
0.717614 0.00364556 2.15449e-08
0.717654 0.00364556 2.15436e-08
0.717694 0.00364556 2.15468e-08
0.717734 0.00364556 2.15446e-08
0.717773 0.00364556 2.15435e-08
0.717813 0.00364556 2.1547e-08
0.717853 0.00364556 2.15449e-08
0.717893 0.00364556 2.15436e-08
0.717932 0.00364556 2.15468e-08
0.717972 0.00364556 2.15446e-08
0.718012 0.00364556 2.15435e-08
0.718052 0.00364556 2.1547e-08
0.718091 0.00364556 2.15449e-08
0.718131 0.00364556 2.15436e-08
0.718171 0.00364556 2.15468e-08
0.718211 0.00364556 2.15446e-08
0.71825 0.00364556 2.15435e-08
0.71829 0.00364556 2.1547e-08
0.71833 0.00364556 2.15449e-08
0.71837 0.00364556 2.15436e-08
0.71841 0.00364556 2.15468e-08
0.718449 0.00364556 2.15446e-08
0.718489 0.00364556 2.15435e-08
0.718529 0.00364556 2.1547e-08
0.718569 0.00364556 2.15449e-08
0.718608 0.00364556 2.15436e-08
0.718648 0.00364556 2.15468e-08
0.718688 0.00364556 2.15446e-08
0.718728 0.00364556 2.15435e-08
0.718767 0.00364556 2.1547e-08
0.718807 0.00364556 2.15449e-08
0.718847 0.00364556 2.15436e-08
0.718887 0.00364556 2.15468e-08
0.718926 0.00364556 2.15446e-08
0.718966 0.00364556 2.15435e-08
0.719006 0.00364556 2.1547e-08
0.719046 0.00364556 2.15449e-08
0.719085 0.00364556 2.15436e-08
0.719125 0.00364556 2.15468e-08
0.719165 0.00364556 2.15446e-08
0.719205 0.00364556 2.15435e-08
0.719245 0.00364556 2.1547e-08
0.719284 0.00364556 2.15449e-08
0.719324 0.00364556 2.15436e-08
0.719364 0.00364556 2.15468e-08
0.719404 0.00364556 2.15446e-08
0.719443 0.00364556 2.15435e-08
0.719483 0.00364556 2.1547e-08
0.719523 0.00364556 2.15449e-08
0.719563 0.00364556 2.15436e-08
0.719602 0.00364556 2.15468e-08
0.719642 0.00364556 2.15446e-08
0.719682 0.00364556 2.15435e-08
0.719722 0.00364556 2.1547e-08
0.719761 0.00364556 2.15449e-08
0.719801 0.00364556 2.15436e-08
0.719841 0.00364556 2.15468e-08
0.719881 0.00364556 2.15446e-08
0.71992 0.00364556 2.15435e-08
0.71996 0.00364556 2.1547e-08
0.72 0.00364556 2.15449e-08
0.72004 0.00364556 2.15436e-08
0.72008 0.00364556 2.15468e-08
0.720119 0.00364556 2.15446e-08
0.720159 0.00364556 2.15435e-08
0.720199 0.00364556 2.1547e-08
0.720239 0.00364556 2.15449e-08
0.720278 0.00364556 2.15436e-08
0.720318 0.00364556 2.15468e-08
0.720358 0.00364556 2.15446e-08
0.720398 0.00364556 2.15435e-08
0.720437 0.00364556 2.1547e-08
0.720477 0.00364556 2.15449e-08
0.720517 0.00364556 2.15436e-08
0.720557 0.00364556 2.15468e-08
0.720596 0.00364556 2.15446e-08
0.720636 0.00364556 2.15435e-08
0.720676 0.00364556 2.1547e-08
0.720716 0.00364556 2.15449e-08
0.720755 0.00364556 2.15436e-08
0.720795 0.00364556 2.15468e-08
0.720835 0.00364556 2.15446e-08
0.720875 0.00364556 2.15435e-08
0.720915 0.00364556 2.1547e-08
0.720954 0.00364556 2.15449e-08
0.720994 0.00364556 2.15436e-08
0.721034 0.00364556 2.15468e-08
0.721074 0.00364556 2.15446e-08
0.721113 0.00364556 2.15435e-08
0.721153 0.00364556 2.1547e-08
0.721193 0.00364556 2.15449e-08
0.721233 0.00364556 2.15436e-08
0.721272 0.00364556 2.15468e-08
0.721312 0.00364556 2.15446e-08
0.721352 0.00364556 2.15435e-08
0.721392 0.00364556 2.1547e-08
0.721431 0.00364556 2.15449e-08
0.721471 0.00364556 2.15436e-08
0.721511 0.00364556 2.15468e-08
0.721551 0.00364556 2.15446e-08
0.72159 0.00364556 2.15435e-08
0.72163 0.00364556 2.1547e-08
0.72167 0.00364556 2.15449e-08
0.72171 0.00364556 2.15436e-08
0.72175 0.00364556 2.15468e-08
0.721789 0.00364556 2.15446e-08
0.721829 0.00364556 2.15435e-08
0.721869 0.00364556 2.1547e-08
0.721909 0.00364556 2.15449e-08
0.721948 0.00364556 2.15436e-08
0.721988 0.00364556 2.15468e-08
0.722028 0.00364556 2.15446e-08
0.722068 0.00364556 2.15435e-08
0.722107 0.00364556 2.1547e-08
0.722147 0.00364556 2.15449e-08
0.722187 0.00364556 2.15436e-08
0.722227 0.00364556 2.15468e-08
0.722266 0.00364556 2.15446e-08
0.722306 0.00364556 2.15435e-08
0.722346 0.00364556 2.1547e-08
0.722386 0.00364556 2.15449e-08
0.722425 0.00364556 2.15436e-08
0.722465 0.00364556 2.15468e-08
0.722505 0.00364556 2.15446e-08
0.722545 0.00364556 2.15435e-08
0.722584 0.00364556 2.1547e-08
0.722624 0.00364556 2.15449e-08
0.722664 0.00364556 2.15436e-08
0.722704 0.00364556 2.15468e-08
0.722744 0.00364556 2.15446e-08
0.722783 0.00364556 2.15435e-08
0.722823 0.00364556 2.1547e-08
0.722863 0.00364556 2.15449e-08
0.722903 0.00364556 2.15436e-08
0.722942 0.00364556 2.15468e-08
0.722982 0.00364556 2.15446e-08
0.723022 0.00364556 2.15435e-08
0.723062 0.00364556 2.1547e-08
0.723101 0.00364556 2.15449e-08
0.723141 0.00364556 2.15436e-08
0.723181 0.00364556 2.15468e-08
0.723221 0.00364556 2.15446e-08
0.72326 0.00364556 2.15435e-08
0.7233 0.00364556 2.1547e-08
0.72334 0.00364556 2.15449e-08
0.72338 0.00364556 2.15436e-08
0.723419 0.00364556 2.15468e-08
0.723459 0.00364556 2.15446e-08
0.723499 0.00364556 2.15435e-08
0.723539 0.00364556 2.1547e-08
0.723579 0.00364556 2.15449e-08
0.723618 0.00364556 2.15436e-08
0.723658 0.00364556 2.15468e-08
0.723698 0.00364556 2.15446e-08
0.723738 0.00364556 2.15435e-08
0.723777 0.00364556 2.1547e-08
0.723817 0.00364556 2.15449e-08
0.723857 0.00364556 2.15436e-08
0.723897 0.00364556 2.15468e-08
0.723936 0.00364556 2.15446e-08
0.723976 0.00364556 2.15435e-08
0.724016 0.00364556 2.1547e-08
0.724056 0.00364556 2.15449e-08
0.724095 0.00364556 2.15436e-08
0.724135 0.00364556 2.15468e-08
0.724175 0.00364556 2.15446e-08
0.724215 0.00364556 2.15435e-08
0.724254 0.00364556 2.1547e-08
0.724294 0.00364556 2.15449e-08
0.724334 0.00364556 2.15436e-08
0.724374 0.00364556 2.15468e-08
0.724414 0.00364556 2.15446e-08
0.724453 0.00364556 2.15435e-08
0.724493 0.00364556 2.1547e-08
0.724533 0.00364556 2.15449e-08
0.724573 0.00364556 2.15436e-08
0.724612 0.00364556 2.15468e-08
0.724652 0.00364556 2.15446e-08
0.724692 0.00364556 2.15435e-08
0.724732 0.00364556 2.1547e-08
0.724771 0.00364556 2.15449e-08
0.724811 0.00364556 2.15436e-08
0.724851 0.00364556 2.15468e-08
0.724891 0.00364556 2.15446e-08
0.72493 0.00364556 2.15435e-08
0.72497 0.00364556 2.1547e-08
0.72501 0.00364556 2.15449e-08
0.72505 0.00364556 2.15436e-08
0.725089 0.00364556 2.15468e-08
0.725129 0.00364556 2.15446e-08
0.725169 0.00364556 2.15435e-08
0.725209 0.00364556 2.1547e-08
0.725249 0.00364556 2.15449e-08
0.725288 0.00364556 2.15436e-08
0.725328 0.00364556 2.15468e-08
0.725368 0.00364556 2.15446e-08
0.725408 0.00364556 2.15435e-08
0.725447 0.00364556 2.1547e-08
0.725487 0.00364556 2.15449e-08
0.725527 0.00364556 2.15436e-08
0.725567 0.00364556 2.15468e-08
0.725606 0.00364556 2.15446e-08
0.725646 0.00364556 2.15435e-08
0.725686 0.00364556 2.1547e-08
0.725726 0.00364556 2.15449e-08
0.725765 0.00364556 2.15436e-08
0.725805 0.00364556 2.15468e-08
0.725845 0.00364556 2.15446e-08
0.725885 0.00364556 2.15435e-08
0.725924 0.00364556 2.1547e-08
0.725964 0.00364556 2.15449e-08
0.726004 0.00364556 2.15436e-08
0.726044 0.00364556 2.15468e-08
0.726083 0.00364556 2.15446e-08
0.726123 0.00364556 2.15435e-08
0.726163 0.00364556 2.1547e-08
0.726203 0.00364556 2.15449e-08
0.726243 0.00364556 2.15436e-08
0.726282 0.00364556 2.15468e-08
0.726322 0.00364556 2.15446e-08
0.726362 0.00364556 2.15435e-08
0.726402 0.00364556 2.1547e-08
0.726441 0.00364556 2.15449e-08
0.726481 0.00364556 2.15436e-08
0.726521 0.00364556 2.15468e-08
0.726561 0.00364556 2.15446e-08
0.7266 0.00364556 2.15435e-08
0.72664 0.00364556 2.1547e-08
0.72668 0.00364556 2.15449e-08
0.72672 0.00364556 2.15436e-08
0.726759 0.00364556 2.15468e-08
0.726799 0.00364556 2.15446e-08
0.726839 0.00364556 2.15435e-08
0.726879 0.00364556 2.1547e-08
0.726918 0.00364556 2.15449e-08
0.726958 0.00364556 2.15436e-08
0.726998 0.00364556 2.15468e-08
0.727038 0.00364556 2.15446e-08
0.727078 0.00364556 2.15435e-08
0.727117 0.00364556 2.1547e-08
0.727157 0.00364556 2.15449e-08
0.727197 0.00364556 2.15436e-08
0.727237 0.00364556 2.15468e-08
0.727276 0.00364556 2.15446e-08
0.727316 0.00364556 2.15435e-08
0.727356 0.00364556 2.1547e-08
0.727396 0.00364556 2.15449e-08
0.727435 0.00364556 2.15436e-08
0.727475 0.00364556 2.15468e-08
0.727515 0.00364556 2.15446e-08
0.727555 0.00364556 2.15435e-08
0.727594 0.00364556 2.1547e-08
0.727634 0.00364556 2.15449e-08
0.727674 0.00364556 2.15436e-08
0.727714 0.00364556 2.15468e-08
0.727753 0.00364556 2.15446e-08
0.727793 0.00364556 2.15435e-08
0.727833 0.00364556 2.1547e-08
0.727873 0.00364556 2.15449e-08
0.727913 0.00364556 2.15436e-08
0.727952 0.00364556 2.15468e-08
0.727992 0.00364556 2.15446e-08
0.728032 0.00364556 2.15435e-08
0.728072 0.00364556 2.1547e-08
0.728111 0.00364556 2.15449e-08
0.728151 0.00364556 2.15436e-08
0.728191 0.00364556 2.15468e-08
0.728231 0.00364556 2.15446e-08
0.72827 0.00364556 2.15435e-08
0.72831 0.00364556 2.1547e-08
0.72835 0.00364556 2.15449e-08
0.72839 0.00364556 2.15436e-08
0.728429 0.00364556 2.15468e-08
0.728469 0.00364556 2.15446e-08
0.728509 0.00364556 2.15435e-08
0.728549 0.00364556 2.1547e-08
0.728588 0.00364556 2.15449e-08
0.728628 0.00364556 2.15436e-08
0.728668 0.00364556 2.15468e-08
0.728708 0.00364556 2.15446e-08
0.728748 0.00364556 2.15435e-08
0.728787 0.00364556 2.1547e-08
0.728827 0.00364556 2.15449e-08
0.728867 0.00364556 2.15436e-08
0.728907 0.00364556 2.15468e-08
0.728946 0.00364556 2.15446e-08
0.728986 0.00364556 2.15435e-08
0.729026 0.00364556 2.1547e-08
0.729066 0.00364556 2.15449e-08
0.729105 0.00364556 2.15436e-08
0.729145 0.00364556 2.15468e-08
0.729185 0.00364556 2.15446e-08
0.729225 0.00364556 2.15435e-08
0.729264 0.00364556 2.1547e-08
0.729304 0.00364556 2.15449e-08
0.729344 0.00364556 2.15436e-08
0.729384 0.00364556 2.15468e-08
0.729423 0.00364556 2.15446e-08
0.729463 0.00364556 2.15435e-08
0.729503 0.00364556 2.1547e-08
0.729543 0.00364556 2.15449e-08
0.729583 0.00364556 2.15436e-08
0.729622 0.00364556 2.15468e-08
0.729662 0.00364556 2.15446e-08
0.729702 0.00364556 2.15435e-08
0.729742 0.00364556 2.1547e-08
0.729781 0.00364556 2.15449e-08
0.729821 0.00364556 2.15436e-08
0.729861 0.00364556 2.15468e-08
0.729901 0.00364556 2.15446e-08
0.72994 0.00364556 2.15435e-08
0.72998 0.00364556 2.1547e-08
0.73002 0.00364556 2.15449e-08
0.73006 0.00364556 2.15436e-08
0.730099 0.00364556 2.15468e-08
0.730139 0.00364556 2.15446e-08
0.730179 0.00364556 2.15435e-08
0.730219 0.00364556 2.1547e-08
0.730258 0.00364556 2.15449e-08
0.730298 0.00364556 2.15436e-08
0.730338 0.00364556 2.15468e-08
0.730378 0.00364556 2.15446e-08
0.730417 0.00364556 2.15435e-08
0.730457 0.00364556 2.1547e-08
0.730497 0.00364556 2.15449e-08
0.730537 0.00364556 2.15436e-08
0.730577 0.00364556 2.15468e-08
0.730616 0.00364556 2.15446e-08
0.730656 0.00364556 2.15435e-08
0.730696 0.00364556 2.1547e-08
0.730736 0.00364556 2.15449e-08
0.730775 0.00364556 2.15436e-08
0.730815 0.00364556 2.15468e-08
0.730855 0.00364556 2.15446e-08
0.730895 0.00364556 2.15435e-08
0.730934 0.00364556 2.1547e-08
0.730974 0.00364556 2.15449e-08
0.731014 0.00364556 2.15436e-08
0.731054 0.00364556 2.15468e-08
0.731093 0.00364556 2.15446e-08
0.731133 0.00364556 2.15435e-08
0.731173 0.00364556 2.1547e-08
0.731213 0.00364556 2.15449e-08
0.731252 0.00364556 2.15436e-08
0.731292 0.00364556 2.15468e-08
0.731332 0.00364556 2.15446e-08
0.731372 0.00364556 2.15435e-08
0.731412 0.00364556 2.1547e-08
0.731451 0.00364556 2.15449e-08
0.731491 0.00364556 2.15436e-08
0.731531 0.00364556 2.15468e-08
0.731571 0.00364556 2.15446e-08
0.73161 0.00364556 2.15435e-08
0.73165 0.00364556 2.1547e-08
0.73169 0.00364556 2.15449e-08
0.73173 0.00364556 2.15436e-08
0.731769 0.00364556 2.15468e-08
0.731809 0.00364556 2.15446e-08
0.731849 0.00364556 2.15435e-08
0.731889 0.00364556 2.1547e-08
0.731928 0.00364556 2.15449e-08
0.731968 0.00364556 2.15436e-08
0.732008 0.00364556 2.15468e-08
0.732048 0.00364556 2.15446e-08
0.732087 0.00364556 2.15435e-08
0.732127 0.00364556 2.1547e-08
0.732167 0.00364556 2.15449e-08
0.732207 0.00364556 2.15436e-08
0.732247 0.00364556 2.15468e-08
0.732286 0.00364556 2.15446e-08
0.732326 0.00364556 2.15435e-08
0.732366 0.00364556 2.1547e-08
0.732406 0.00364556 2.15449e-08
0.732445 0.00364556 2.15436e-08
0.732485 0.00364556 2.15468e-08
0.732525 0.00364556 2.15446e-08
0.732565 0.00364556 2.15435e-08
0.732604 0.00364556 2.1547e-08
0.732644 0.00364556 2.15449e-08
0.732684 0.00364556 2.15436e-08
0.732724 0.00364556 2.15468e-08
0.732763 0.00364556 2.15446e-08
0.732803 0.00364556 2.15435e-08
0.732843 0.00364556 2.1547e-08
0.732883 0.00364556 2.15449e-08
0.732922 0.00364556 2.15436e-08
0.732962 0.00364556 2.15468e-08
0.733002 0.00364556 2.15446e-08
0.733042 0.00364556 2.15435e-08
0.733082 0.00364556 2.1547e-08
0.733121 0.00364556 2.15449e-08
0.733161 0.00364556 2.15436e-08
0.733201 0.00364556 2.15468e-08
0.733241 0.00364556 2.15446e-08
0.73328 0.00364556 2.15435e-08
0.73332 0.00364556 2.1547e-08
0.73336 0.00364556 2.15449e-08
0.7334 0.00364556 2.15436e-08
0.733439 0.00364556 2.15468e-08
0.733479 0.00364556 2.15446e-08
0.733519 0.00364556 2.15435e-08
0.733559 0.00364556 2.1547e-08
0.733598 0.00364556 2.15449e-08
0.733638 0.00364556 2.15436e-08
0.733678 0.00364556 2.15468e-08
0.733718 0.00364556 2.15446e-08
0.733757 0.00364556 2.15435e-08
0.733797 0.00364556 2.1547e-08
0.733837 0.00364556 2.15449e-08
0.733877 0.00364556 2.15436e-08
0.733917 0.00364556 2.15468e-08
0.733956 0.00364556 2.15446e-08
0.733996 0.00364556 2.15435e-08
0.734036 0.00364556 2.1547e-08
0.734076 0.00364556 2.15449e-08
0.734115 0.00364556 2.15436e-08
0.734155 0.00364556 2.15468e-08
0.734195 0.00364556 2.15446e-08
0.734235 0.00364556 2.15435e-08
0.734274 0.00364556 2.1547e-08
0.734314 0.00364556 2.15449e-08
0.734354 0.00364556 2.15436e-08
0.734394 0.00364556 2.15468e-08
0.734433 0.00364556 2.15446e-08
0.734473 0.00364556 2.15435e-08
0.734513 0.00364556 2.1547e-08
0.734553 0.00364556 2.15449e-08
0.734592 0.00364556 2.15436e-08
0.734632 0.00364556 2.15468e-08
0.734672 0.00364556 2.15446e-08
0.734712 0.00364556 2.15435e-08
0.734751 0.00364556 2.1547e-08
0.734791 0.00364556 2.15449e-08
0.734831 0.00364556 2.15436e-08
0.734871 0.00364556 2.15468e-08
0.734911 0.00364556 2.15446e-08
0.73495 0.00364556 2.15435e-08
0.73499 0.00364556 2.1547e-08
0.73503 0.00364556 2.15449e-08
0.73507 0.00364556 2.15436e-08
0.735109 0.00364556 2.15468e-08
0.735149 0.00364556 2.15446e-08
0.735189 0.00364556 2.15435e-08
0.735229 0.00364556 2.1547e-08
0.735268 0.00364556 2.15449e-08
0.735308 0.00364556 2.15436e-08
0.735348 0.00364556 2.15468e-08
0.735388 0.00364556 2.15446e-08
0.735427 0.00364556 2.15435e-08
0.735467 0.00364556 2.1547e-08
0.735507 0.00364556 2.15449e-08
0.735547 0.00364556 2.15436e-08
0.735586 0.00364556 2.15468e-08
0.735626 0.00364556 2.15446e-08
0.735666 0.00364556 2.15435e-08
0.735706 0.00364556 2.1547e-08
0.735746 0.00364556 2.15449e-08
0.735785 0.00364556 2.15436e-08
0.735825 0.00364556 2.15468e-08
0.735865 0.00364556 2.15446e-08
0.735905 0.00364556 2.15435e-08
0.735944 0.00364556 2.1547e-08
0.735984 0.00364556 2.15449e-08
0.736024 0.00364556 2.15436e-08
0.736064 0.00364556 2.15468e-08
0.736103 0.00364556 2.15446e-08
0.736143 0.00364556 2.15435e-08
0.736183 0.00364556 2.1547e-08
0.736223 0.00364556 2.15449e-08
0.736262 0.00364556 2.15436e-08
0.736302 0.00364556 2.15468e-08
0.736342 0.00364556 2.15446e-08
0.736382 0.00364556 2.15435e-08
0.736421 0.00364556 2.1547e-08
0.736461 0.00364556 2.15449e-08
0.736501 0.00364556 2.15436e-08
0.736541 0.00364556 2.15468e-08
0.736581 0.00364556 2.15446e-08
0.73662 0.00364556 2.15435e-08
0.73666 0.00364556 2.1547e-08
0.7367 0.00364556 2.15449e-08
0.73674 0.00364556 2.15436e-08
0.736779 0.00364556 2.15468e-08
0.736819 0.00364556 2.15446e-08
0.736859 0.00364556 2.15435e-08
0.736899 0.00364556 2.1547e-08
0.736938 0.00364556 2.15449e-08
0.736978 0.00364556 2.15436e-08
0.737018 0.00364556 2.15468e-08
0.737058 0.00364556 2.15446e-08
0.737097 0.00364556 2.15435e-08
0.737137 0.00364556 2.1547e-08
0.737177 0.00364556 2.15449e-08
0.737217 0.00364556 2.15436e-08
0.737256 0.00364556 2.15468e-08
0.737296 0.00364556 2.15446e-08
0.737336 0.00364556 2.15435e-08
0.737376 0.00364556 2.1547e-08
0.737416 0.00364556 2.15449e-08
0.737455 0.00364556 2.15436e-08
0.737495 0.00364556 2.15468e-08
0.737535 0.00364556 2.15446e-08
0.737575 0.00364556 2.15435e-08
0.737614 0.00364556 2.1547e-08
0.737654 0.00364556 2.15449e-08
0.737694 0.00364556 2.15436e-08
0.737734 0.00364556 2.15468e-08
0.737773 0.00364556 2.15446e-08
0.737813 0.00364556 2.15435e-08
0.737853 0.00364556 2.1547e-08
0.737893 0.00364556 2.15449e-08
0.737932 0.00364556 2.15436e-08
0.737972 0.00364556 2.15468e-08
0.738012 0.00364556 2.15446e-08
0.738052 0.00364556 2.15435e-08
0.738091 0.00364556 2.1547e-08
0.738131 0.00364556 2.15449e-08
0.738171 0.00364556 2.15436e-08
0.738211 0.00364556 2.15468e-08
0.73825 0.00364556 2.15446e-08
0.73829 0.00364556 2.15435e-08
0.73833 0.00364556 2.1547e-08
0.73837 0.00364556 2.15449e-08
0.73841 0.00364556 2.15436e-08
0.738449 0.00364556 2.15468e-08
0.738489 0.00364556 2.15446e-08
0.738529 0.00364556 2.15435e-08
0.738569 0.00364556 2.1547e-08
0.738608 0.00364556 2.15449e-08
0.738648 0.00364556 2.15436e-08
0.738688 0.00364556 2.15468e-08
0.738728 0.00364556 2.15446e-08
0.738767 0.00364556 2.15435e-08
0.738807 0.00364556 2.1547e-08
0.738847 0.00364556 2.15449e-08
0.738887 0.00364556 2.15436e-08
0.738926 0.00364556 2.15468e-08
0.738966 0.00364556 2.15446e-08
0.739006 0.00364556 2.15435e-08
0.739046 0.00364556 2.1547e-08
0.739085 0.00364556 2.15449e-08
0.739125 0.00364556 2.15436e-08
0.739165 0.00364556 2.15468e-08
0.739205 0.00364556 2.15446e-08
0.739245 0.00364556 2.15435e-08
0.739284 0.00364556 2.1547e-08
0.739324 0.00364556 2.15449e-08
0.739364 0.00364556 2.15436e-08
0.739404 0.00364556 2.15468e-08
0.739443 0.00364556 2.15446e-08
0.739483 0.00364556 2.15435e-08
0.739523 0.00364556 2.1547e-08
0.739563 0.00364556 2.15449e-08
0.739602 0.00364556 2.15436e-08
0.739642 0.00364556 2.15468e-08
0.739682 0.00364556 2.15446e-08
0.739722 0.00364556 2.15435e-08
0.739761 0.00364556 2.1547e-08
0.739801 0.00364556 2.15449e-08
0.739841 0.00364556 2.15436e-08
0.739881 0.00364556 2.15468e-08
0.73992 0.00364556 2.15446e-08
0.73996 0.00364556 2.15435e-08
0.74 0.00364556 2.1547e-08
0.74004 0.00364556 2.15449e-08
0.74008 0.00364556 2.15436e-08
0.740119 0.00364556 2.15468e-08
0.740159 0.00364556 2.15446e-08
0.740199 0.00364556 2.15435e-08
0.740239 0.00364556 2.1547e-08
0.740278 0.00364556 2.15449e-08
0.740318 0.00364556 2.15436e-08
0.740358 0.00364556 2.15468e-08
0.740398 0.00364556 2.15446e-08
0.740437 0.00364556 2.15435e-08
0.740477 0.00364556 2.1547e-08
0.740517 0.00364556 2.15449e-08
0.740557 0.00364556 2.15436e-08
0.740596 0.00364556 2.15468e-08
0.740636 0.00364556 2.15446e-08
0.740676 0.00364556 2.15435e-08
0.740716 0.00364556 2.1547e-08
0.740755 0.00364556 2.15449e-08
0.740795 0.00364556 2.15436e-08
0.740835 0.00364556 2.15468e-08
0.740875 0.00364556 2.15446e-08
0.740915 0.00364556 2.15435e-08
0.740954 0.00364556 2.1547e-08
0.740994 0.00364556 2.15449e-08
0.741034 0.00364556 2.15436e-08
0.741074 0.00364556 2.15468e-08
0.741113 0.00364556 2.15446e-08
0.741153 0.00364556 2.15435e-08
0.741193 0.00364556 2.1547e-08
0.741233 0.00364556 2.15449e-08
0.741272 0.00364556 2.15436e-08
0.741312 0.00364556 2.15468e-08
0.741352 0.00364556 2.15446e-08
0.741392 0.00364556 2.15435e-08
0.741431 0.00364556 2.1547e-08
0.741471 0.00364556 2.15449e-08
0.741511 0.00364556 2.15436e-08
0.741551 0.00364556 2.15468e-08
0.74159 0.00364556 2.15446e-08
0.74163 0.00364556 2.15435e-08
0.74167 0.00364556 2.1547e-08
0.74171 0.00364556 2.15449e-08
0.74175 0.00364556 2.15436e-08
0.741789 0.00364556 2.15468e-08
0.741829 0.00364556 2.15446e-08
0.741869 0.00364556 2.15435e-08
0.741909 0.00364556 2.1547e-08
0.741948 0.00364556 2.15449e-08
0.741988 0.00364556 2.15436e-08
0.742028 0.00364556 2.15468e-08
0.742068 0.00364556 2.15446e-08
0.742107 0.00364556 2.15435e-08
0.742147 0.00364556 2.1547e-08
0.742187 0.00364556 2.15449e-08
0.742227 0.00364556 2.15436e-08
0.742266 0.00364556 2.15468e-08
0.742306 0.00364556 2.15446e-08
0.742346 0.00364556 2.15435e-08
0.742386 0.00364556 2.1547e-08
0.742425 0.00364556 2.15449e-08
0.742465 0.00364556 2.15436e-08
0.742505 0.00364556 2.15468e-08
0.742545 0.00364556 2.15446e-08
0.742584 0.00364556 2.15435e-08
0.742624 0.00364556 2.1547e-08
0.742664 0.00364556 2.15449e-08
0.742704 0.00364556 2.15436e-08
0.742744 0.00364556 2.15468e-08
0.742783 0.00364556 2.15446e-08
0.742823 0.00364556 2.15435e-08
0.742863 0.00364556 2.1547e-08
0.742903 0.00364556 2.15449e-08
0.742942 0.00364556 2.15436e-08
0.742982 0.00364556 2.15468e-08
0.743022 0.00364556 2.15446e-08
0.743062 0.00364556 2.15435e-08
0.743101 0.00364556 2.1547e-08
0.743141 0.00364556 2.15449e-08
0.743181 0.00364556 2.15436e-08
0.743221 0.00364556 2.15468e-08
0.74326 0.00364556 2.15446e-08
0.7433 0.00364556 2.15435e-08
0.74334 0.00364556 2.1547e-08
0.74338 0.00364556 2.15449e-08
0.743419 0.00364556 2.15436e-08
0.743459 0.00364556 2.15468e-08
0.743499 0.00364556 2.15446e-08
0.743539 0.00364556 2.15435e-08
0.743579 0.00364556 2.1547e-08
0.743618 0.00364556 2.15449e-08
0.743658 0.00364556 2.15436e-08
0.743698 0.00364556 2.15468e-08
0.743738 0.00364556 2.15446e-08
0.743777 0.00364556 2.15435e-08
0.743817 0.00364556 2.1547e-08
0.743857 0.00364556 2.15449e-08
0.743897 0.00364556 2.15436e-08
0.743936 0.00364556 2.15468e-08
0.743976 0.00364556 2.15446e-08
0.744016 0.00364556 2.15435e-08
0.744056 0.00364556 2.1547e-08
0.744095 0.00364556 2.15449e-08
0.744135 0.00364556 2.15436e-08
0.744175 0.00364556 2.15468e-08
0.744215 0.00364556 2.15446e-08
0.744254 0.00364556 2.15435e-08
0.744294 0.00364556 2.1547e-08
0.744334 0.00364556 2.15449e-08
0.744374 0.00364556 2.15436e-08
0.744414 0.00364556 2.15468e-08
0.744453 0.00364556 2.15446e-08
0.744493 0.00364556 2.15435e-08
0.744533 0.00364556 2.1547e-08
0.744573 0.00364556 2.15449e-08
0.744612 0.00364556 2.15436e-08
0.744652 0.00364556 2.15468e-08
0.744692 0.00364556 2.15446e-08
0.744732 0.00364556 2.15435e-08
0.744771 0.00364556 2.1547e-08
0.744811 0.00364556 2.15449e-08
0.744851 0.00364556 2.15436e-08
0.744891 0.00364556 2.15468e-08
0.74493 0.00364556 2.15446e-08
0.74497 0.00364556 2.15435e-08
0.74501 0.00364556 2.1547e-08
0.74505 0.00364556 2.15449e-08
0.745089 0.00364556 2.15436e-08
0.745129 0.00364556 2.15468e-08
0.745169 0.00364556 2.15446e-08
0.745209 0.00364556 2.15435e-08
0.745249 0.00364556 2.1547e-08
0.745288 0.00364556 2.15449e-08
0.745328 0.00364556 2.15436e-08
0.745368 0.00364556 2.15468e-08
0.745408 0.00364556 2.15446e-08
0.745447 0.00364556 2.15435e-08
0.745487 0.00364556 2.1547e-08
0.745527 0.00364556 2.15449e-08
0.745567 0.00364556 2.15436e-08
0.745606 0.00364556 2.15468e-08
0.745646 0.00364556 2.15446e-08
0.745686 0.00364556 2.15435e-08
0.745726 0.00364556 2.1547e-08
0.745765 0.00364556 2.15449e-08
0.745805 0.00364556 2.15436e-08
0.745845 0.00364556 2.15468e-08
0.745885 0.00364556 2.15446e-08
0.745924 0.00364556 2.15435e-08
0.745964 0.00364556 2.1547e-08
0.746004 0.00364556 2.15449e-08
0.746044 0.00364556 2.15436e-08
0.746083 0.00364556 2.15468e-08
0.746123 0.00364556 2.15446e-08
0.746163 0.00364556 2.15435e-08
0.746203 0.00364556 2.1547e-08
0.746243 0.00364556 2.15449e-08
0.746282 0.00364556 2.15436e-08
0.746322 0.00364556 2.15468e-08
0.746362 0.00364556 2.15446e-08
0.746402 0.00364556 2.15435e-08
0.746441 0.00364556 2.1547e-08
0.746481 0.00364556 2.15449e-08
0.746521 0.00364556 2.15436e-08
0.746561 0.00364556 2.15468e-08
0.7466 0.00364556 2.15446e-08
0.74664 0.00364556 2.15435e-08
0.74668 0.00364556 2.1547e-08
0.74672 0.00364556 2.15449e-08
0.746759 0.00364556 2.15436e-08
0.746799 0.00364556 2.15468e-08
0.746839 0.00364556 2.15446e-08
0.746879 0.00364556 2.15435e-08
0.746918 0.00364556 2.1547e-08
0.746958 0.00364556 2.15449e-08
0.746998 0.00364556 2.15436e-08
0.747038 0.00364556 2.15468e-08
0.747078 0.00364556 2.15446e-08
0.747117 0.00364556 2.15435e-08
0.747157 0.00364556 2.1547e-08
0.747197 0.00364556 2.15449e-08
0.747237 0.00364556 2.15436e-08
0.747276 0.00364556 2.15468e-08
0.747316 0.00364556 2.15446e-08
0.747356 0.00364556 2.15435e-08
0.747396 0.00364556 2.1547e-08
0.747435 0.00364556 2.15449e-08
0.747475 0.00364556 2.15436e-08
0.747515 0.00364556 2.15468e-08
0.747555 0.00364556 2.15446e-08
0.747594 0.00364556 2.15435e-08
0.747634 0.00364556 2.1547e-08
0.747674 0.00364556 2.15449e-08
0.747714 0.00364556 2.15436e-08
0.747753 0.00364556 2.15468e-08
0.747793 0.00364556 2.15446e-08
0.747833 0.00364556 2.15435e-08
0.747873 0.00364556 2.1547e-08
0.747913 0.00364556 2.15449e-08
0.747952 0.00364556 2.15436e-08
0.747992 0.00364556 2.15468e-08
0.748032 0.00364556 2.15446e-08
0.748072 0.00364556 2.15435e-08
0.748111 0.00364556 2.1547e-08
0.748151 0.00364556 2.15449e-08
0.748191 0.00364556 2.15436e-08
0.748231 0.00364556 2.15468e-08
0.74827 0.00364556 2.15446e-08
0.74831 0.00364556 2.15435e-08
0.74835 0.00364556 2.1547e-08
0.74839 0.00364556 2.15449e-08
0.748429 0.00364556 2.15436e-08
0.748469 0.00364556 2.15468e-08
0.748509 0.00364556 2.15446e-08
0.748549 0.00364556 2.15435e-08
0.748588 0.00364556 2.1547e-08
0.748628 0.00364556 2.15449e-08
0.748668 0.00364556 2.15436e-08
0.748708 0.00364556 2.15468e-08
0.748748 0.00364556 2.15446e-08
0.748787 0.00364556 2.15435e-08
0.748827 0.00364556 2.1547e-08
0.748867 0.00364556 2.15449e-08
0.748907 0.00364556 2.15436e-08
0.748946 0.00364556 2.15468e-08
0.748986 0.00364556 2.15446e-08
0.749026 0.00364556 2.15435e-08
0.749066 0.00364556 2.1547e-08
0.749105 0.00364556 2.15449e-08
0.749145 0.00364556 2.15436e-08
0.749185 0.00364556 2.15468e-08
0.749225 0.00364556 2.15446e-08
0.749264 0.00364556 2.15435e-08
0.749304 0.00364556 2.1547e-08
0.749344 0.00364556 2.15449e-08
0.749384 0.00364556 2.15436e-08
0.749423 0.00364556 2.15468e-08
0.749463 0.00364556 2.15446e-08
0.749503 0.00364556 2.15435e-08
0.749543 0.00364556 2.1547e-08
0.749583 0.00364556 2.15449e-08
0.749622 0.00364556 2.15436e-08
0.749662 0.00364556 2.15468e-08
0.749702 0.00364556 2.15446e-08
0.749742 0.00364556 2.15435e-08
0.749781 0.00364556 2.1547e-08
0.749821 0.00364556 2.15449e-08
0.749861 0.00364556 2.15436e-08
0.749901 0.00364556 2.15468e-08
0.74994 0.00364556 2.15446e-08
0.74998 0.00364556 2.15435e-08
0.75002 0.00364556 2.1547e-08
0.75006 0.00364556 2.15449e-08
0.750099 0.00364556 2.15436e-08
0.750139 0.00364556 2.15468e-08
0.750179 0.00364556 2.15446e-08
0.750219 0.00364556 2.15435e-08
0.750258 0.00364556 2.1547e-08
0.750298 0.00364556 2.15449e-08
0.750338 0.00364556 2.15436e-08
0.750378 0.00364556 2.15468e-08
0.750417 0.00364556 2.15446e-08
0.750457 0.00364556 2.15435e-08
0.750497 0.00364556 2.1547e-08
0.750537 0.00364556 2.15449e-08
0.750577 0.00364556 2.15436e-08
0.750616 0.00364556 2.15468e-08
0.750656 0.00364556 2.15446e-08
0.750696 0.00364556 2.15435e-08
0.750736 0.00364556 2.1547e-08
0.750775 0.00364556 2.15449e-08
0.750815 0.00364556 2.15436e-08
0.750855 0.00364556 2.15468e-08
0.750895 0.00364556 2.15446e-08
0.750934 0.00364556 2.15435e-08
0.750974 0.00364556 2.1547e-08
0.751014 0.00364556 2.15449e-08
0.751054 0.00364556 2.15436e-08
0.751093 0.00364556 2.15468e-08
0.751133 0.00364556 2.15446e-08
0.751173 0.00364556 2.15435e-08
0.751213 0.00364556 2.1547e-08
0.751252 0.00364556 2.15449e-08
0.751292 0.00364556 2.15436e-08
0.751332 0.00364556 2.15468e-08
0.751372 0.00364556 2.15446e-08
0.751412 0.00364556 2.15435e-08
0.751451 0.00364556 2.1547e-08
0.751491 0.00364556 2.15449e-08
0.751531 0.00364556 2.15436e-08
0.751571 0.00364556 2.15468e-08
0.75161 0.00364556 2.15446e-08
0.75165 0.00364556 2.15435e-08
0.75169 0.00364556 2.1547e-08
0.75173 0.00364556 2.15449e-08
0.751769 0.00364556 2.15436e-08
0.751809 0.00364556 2.15468e-08
0.751849 0.00364556 2.15446e-08
0.751889 0.00364556 2.15435e-08
0.751928 0.00364556 2.1547e-08
0.751968 0.00364556 2.15449e-08
0.752008 0.00364556 2.15436e-08
0.752048 0.00364556 2.15468e-08
0.752087 0.00364556 2.15446e-08
0.752127 0.00364556 2.15435e-08
0.752167 0.00364556 2.1547e-08
0.752207 0.00364556 2.15449e-08
0.752247 0.00364556 2.15436e-08
0.752286 0.00364556 2.15468e-08
0.752326 0.00364556 2.15446e-08
0.752366 0.00364556 2.15435e-08
0.752406 0.00364556 2.1547e-08
0.752445 0.00364556 2.15449e-08
0.752485 0.00364556 2.15436e-08
0.752525 0.00364556 2.15468e-08
0.752565 0.00364556 2.15446e-08
0.752604 0.00364556 2.15435e-08
0.752644 0.00364556 2.1547e-08
0.752684 0.00364556 2.15449e-08
0.752724 0.00364556 2.15436e-08
0.752763 0.00364556 2.15468e-08
0.752803 0.00364556 2.15446e-08
0.752843 0.00364556 2.15435e-08
0.752883 0.00364556 2.1547e-08
0.752922 0.00364556 2.15449e-08
0.752962 0.00364556 2.15436e-08
0.753002 0.00364556 2.15468e-08
0.753042 0.00364556 2.15446e-08
0.753082 0.00364556 2.15435e-08
0.753121 0.00364556 2.1547e-08
0.753161 0.00364556 2.15449e-08
0.753201 0.00364556 2.15436e-08
0.753241 0.00364556 2.15468e-08
0.75328 0.00364556 2.15446e-08
0.75332 0.00364556 2.15435e-08
0.75336 0.00364556 2.1547e-08
0.7534 0.00364556 2.15449e-08
0.753439 0.00364556 2.15436e-08
0.753479 0.00364556 2.15468e-08
0.753519 0.00364556 2.15446e-08
0.753559 0.00364556 2.15435e-08
0.753598 0.00364556 2.1547e-08
0.753638 0.00364556 2.15449e-08
0.753678 0.00364556 2.15436e-08
0.753718 0.00364556 2.15468e-08
0.753757 0.00364556 2.15446e-08
0.753797 0.00364556 2.15435e-08
0.753837 0.00364556 2.1547e-08
0.753877 0.00364556 2.15449e-08
0.753917 0.00364556 2.15436e-08
0.753956 0.00364556 2.15468e-08
0.753996 0.00364556 2.15446e-08
0.754036 0.00364556 2.15435e-08
0.754076 0.00364556 2.1547e-08
0.754115 0.00364556 2.15449e-08
0.754155 0.00364556 2.15436e-08
0.754195 0.00364556 2.15468e-08
0.754235 0.00364556 2.15446e-08
0.754274 0.00364556 2.15435e-08
0.754314 0.00364556 2.1547e-08
0.754354 0.00364556 2.15449e-08
0.754394 0.00364556 2.15436e-08
0.754433 0.00364556 2.15468e-08
0.754473 0.00364556 2.15446e-08
0.754513 0.00364556 2.15435e-08
0.754553 0.00364556 2.1547e-08
0.754592 0.00364556 2.15449e-08
0.754632 0.00364556 2.15436e-08
0.754672 0.00364556 2.15468e-08
0.754712 0.00364556 2.15446e-08
0.754751 0.00364556 2.15435e-08
0.754791 0.00364556 2.1547e-08
0.754831 0.00364556 2.15449e-08
0.754871 0.00364556 2.15436e-08
0.754911 0.00364556 2.15468e-08
0.75495 0.00364556 2.15446e-08
0.75499 0.00364556 2.15435e-08
0.75503 0.00364556 2.1547e-08
0.75507 0.00364556 2.15449e-08
0.755109 0.00364556 2.15436e-08
0.755149 0.00364556 2.15468e-08
0.755189 0.00364556 2.15446e-08
0.755229 0.00364556 2.15435e-08
0.755268 0.00364556 2.1547e-08
0.755308 0.00364556 2.15449e-08
0.755348 0.00364556 2.15436e-08
0.755388 0.00364556 2.15468e-08
0.755427 0.00364556 2.15446e-08
0.755467 0.00364556 2.15435e-08
0.755507 0.00364556 2.1547e-08
0.755547 0.00364556 2.15449e-08
0.755586 0.00364556 2.15436e-08
0.755626 0.00364556 2.15468e-08
0.755666 0.00364556 2.15446e-08
0.755706 0.00364556 2.15435e-08
0.755746 0.00364556 2.1547e-08
0.755785 0.00364556 2.15449e-08
0.755825 0.00364556 2.15436e-08
0.755865 0.00364556 2.15468e-08
0.755905 0.00364556 2.15446e-08
0.755944 0.00364556 2.15435e-08
0.755984 0.00364556 2.1547e-08
0.756024 0.00364556 2.15449e-08
0.756064 0.00364556 2.15436e-08
0.756103 0.00364556 2.15468e-08
0.756143 0.00364556 2.15446e-08
0.756183 0.00364556 2.15435e-08
0.756223 0.00364556 2.1547e-08
0.756262 0.00364556 2.15449e-08
0.756302 0.00364556 2.15436e-08
0.756342 0.00364556 2.15468e-08
0.756382 0.00364556 2.15446e-08
0.756421 0.00364556 2.15435e-08
0.756461 0.00364556 2.1547e-08
0.756501 0.00364556 2.15449e-08
0.756541 0.00364556 2.15436e-08
0.756581 0.00364556 2.15468e-08
0.75662 0.00364556 2.15446e-08
0.75666 0.00364556 2.15435e-08
0.7567 0.00364556 2.1547e-08
0.75674 0.00364556 2.15449e-08
0.756779 0.00364556 2.15436e-08
0.756819 0.00364556 2.15468e-08
0.756859 0.00364556 2.15446e-08
0.756899 0.00364556 2.15435e-08
0.756938 0.00364556 2.1547e-08
0.756978 0.00364556 2.15449e-08
0.757018 0.00364556 2.15436e-08
0.757058 0.00364556 2.15468e-08
0.757097 0.00364556 2.15446e-08
0.757137 0.00364556 2.15435e-08
0.757177 0.00364556 2.1547e-08
0.757217 0.00364556 2.15449e-08
0.757256 0.00364556 2.15436e-08
0.757296 0.00364556 2.15468e-08
0.757336 0.00364556 2.15446e-08
0.757376 0.00364556 2.15435e-08
0.757416 0.00364556 2.1547e-08
0.757455 0.00364556 2.15449e-08
0.757495 0.00364556 2.15436e-08
0.757535 0.00364556 2.15468e-08
0.757575 0.00364556 2.15446e-08
0.757614 0.00364556 2.15435e-08
0.757654 0.00364556 2.1547e-08
0.757694 0.00364556 2.15449e-08
0.757734 0.00364556 2.15436e-08
0.757773 0.00364556 2.15468e-08
0.757813 0.00364556 2.15446e-08
0.757853 0.00364556 2.15435e-08
0.757893 0.00364556 2.1547e-08
0.757932 0.00364556 2.15449e-08
0.757972 0.00364556 2.15436e-08
0.758012 0.00364556 2.15468e-08
0.758052 0.00364556 2.15446e-08
0.758091 0.00364556 2.15435e-08
0.758131 0.00364556 2.1547e-08
0.758171 0.00364556 2.15449e-08
0.758211 0.00364556 2.15436e-08
0.75825 0.00364556 2.15468e-08
0.75829 0.00364556 2.15446e-08
0.75833 0.00364556 2.15435e-08
0.75837 0.00364556 2.1547e-08
0.75841 0.00364556 2.15449e-08
0.758449 0.00364556 2.15436e-08
0.758489 0.00364556 2.15468e-08
0.758529 0.00364556 2.15446e-08
0.758569 0.00364556 2.15435e-08
0.758608 0.00364556 2.1547e-08
0.758648 0.00364556 2.15449e-08
0.758688 0.00364556 2.15436e-08
0.758728 0.00364556 2.15468e-08
0.758767 0.00364556 2.15446e-08
0.758807 0.00364556 2.15435e-08
0.758847 0.00364556 2.1547e-08
0.758887 0.00364556 2.15449e-08
0.758926 0.00364556 2.15436e-08
0.758966 0.00364556 2.15468e-08
0.759006 0.00364556 2.15446e-08
0.759046 0.00364556 2.15435e-08
0.759085 0.00364556 2.1547e-08
0.759125 0.00364556 2.15449e-08
0.759165 0.00364556 2.15436e-08
0.759205 0.00364556 2.15468e-08
0.759245 0.00364556 2.15446e-08
0.759284 0.00364556 2.15435e-08
0.759324 0.00364556 2.1547e-08
0.759364 0.00364556 2.15449e-08
0.759404 0.00364556 2.15436e-08
0.759443 0.00364556 2.15468e-08
0.759483 0.00364556 2.15446e-08
0.759523 0.00364556 2.15435e-08
0.759563 0.00364556 2.1547e-08
0.759602 0.00364556 2.15449e-08
0.759642 0.00364556 2.15436e-08
0.759682 0.00364556 2.15468e-08
0.759722 0.00364556 2.15446e-08
0.759761 0.00364556 2.15435e-08
0.759801 0.00364556 2.1547e-08
0.759841 0.00364556 2.15449e-08
0.759881 0.00364556 2.15436e-08
0.75992 0.00364556 2.15468e-08
0.75996 0.00364556 2.15446e-08
0.76 0.00364556 2.15435e-08
0.76004 0.00364556 2.1547e-08
0.76008 0.00364556 2.15449e-08
0.760119 0.00364556 2.15436e-08
0.760159 0.00364556 2.15468e-08
0.760199 0.00364556 2.15446e-08
0.760239 0.00364556 2.15435e-08
0.760278 0.00364556 2.1547e-08
0.760318 0.00364556 2.15449e-08
0.760358 0.00364556 2.15436e-08
0.760398 0.00364556 2.15468e-08
0.760437 0.00364556 2.15446e-08
0.760477 0.00364556 2.15435e-08
0.760517 0.00364556 2.1547e-08
0.760557 0.00364556 2.15449e-08
0.760596 0.00364556 2.15436e-08
0.760636 0.00364556 2.15468e-08
0.760676 0.00364556 2.15446e-08
0.760716 0.00364556 2.15435e-08
0.760755 0.00364556 2.1547e-08
0.760795 0.00364556 2.15449e-08
0.760835 0.00364556 2.15436e-08
0.760875 0.00364556 2.15468e-08
0.760915 0.00364556 2.15446e-08
0.760954 0.00364556 2.15435e-08
0.760994 0.00364556 2.1547e-08
0.761034 0.00364556 2.15449e-08
0.761074 0.00364556 2.15436e-08
0.761113 0.00364556 2.15468e-08
0.761153 0.00364556 2.15446e-08
0.761193 0.00364556 2.15435e-08
0.761233 0.00364556 2.1547e-08
0.761272 0.00364556 2.15449e-08
0.761312 0.00364556 2.15436e-08
0.761352 0.00364556 2.15468e-08
0.761392 0.00364556 2.15446e-08
0.761431 0.00364556 2.15435e-08
0.761471 0.00364556 2.1547e-08
0.761511 0.00364556 2.15449e-08
0.761551 0.00364556 2.15436e-08
0.76159 0.00364556 2.15468e-08
0.76163 0.00364556 2.15446e-08
0.76167 0.00364556 2.15435e-08
0.76171 0.00364556 2.1547e-08
0.76175 0.00364556 2.15449e-08
0.761789 0.00364556 2.15436e-08
0.761829 0.00364556 2.15468e-08
0.761869 0.00364556 2.15446e-08
0.761909 0.00364556 2.15435e-08
0.761948 0.00364556 2.1547e-08
0.761988 0.00364556 2.15449e-08
0.762028 0.00364556 2.15436e-08
0.762068 0.00364556 2.15468e-08
0.762107 0.00364556 2.15446e-08
0.762147 0.00364556 2.15435e-08
0.762187 0.00364556 2.1547e-08
0.762227 0.00364556 2.15449e-08
0.762266 0.00364556 2.15436e-08
0.762306 0.00364556 2.15468e-08
0.762346 0.00364556 2.15446e-08
0.762386 0.00364556 2.15435e-08
0.762425 0.00364556 2.1547e-08
0.762465 0.00364556 2.15449e-08
0.762505 0.00364556 2.15436e-08
0.762545 0.00364556 2.15468e-08
0.762584 0.00364556 2.15446e-08
0.762624 0.00364556 2.15435e-08
0.762664 0.00364556 2.1547e-08
0.762704 0.00364556 2.15449e-08
0.762744 0.00364556 2.15436e-08
0.762783 0.00364556 2.15468e-08
0.762823 0.00364556 2.15446e-08
0.762863 0.00364556 2.15435e-08
0.762903 0.00364556 2.1547e-08
0.762942 0.00364556 2.15449e-08
0.762982 0.00364556 2.15436e-08
0.763022 0.00364556 2.15468e-08
0.763062 0.00364556 2.15446e-08
0.763101 0.00364556 2.15435e-08
0.763141 0.00364556 2.1547e-08
0.763181 0.00364556 2.15449e-08
0.763221 0.00364556 2.15436e-08
0.76326 0.00364556 2.15468e-08
0.7633 0.00364556 2.15446e-08
0.76334 0.00364556 2.15435e-08
0.76338 0.00364556 2.1547e-08
0.763419 0.00364556 2.15449e-08
0.763459 0.00364556 2.15436e-08
0.763499 0.00364556 2.15468e-08
0.763539 0.00364556 2.15446e-08
0.763579 0.00364556 2.15435e-08
0.763618 0.00364556 2.1547e-08
0.763658 0.00364556 2.15449e-08
0.763698 0.00364556 2.15436e-08
0.763738 0.00364556 2.15468e-08
0.763777 0.00364556 2.15446e-08
0.763817 0.00364556 2.15435e-08
0.763857 0.00364556 2.1547e-08
0.763897 0.00364556 2.15449e-08
0.763936 0.00364556 2.15436e-08
0.763976 0.00364556 2.15468e-08
0.764016 0.00364556 2.15446e-08
0.764056 0.00364556 2.15435e-08
0.764095 0.00364556 2.1547e-08
0.764135 0.00364556 2.15449e-08
0.764175 0.00364556 2.15436e-08
0.764215 0.00364556 2.15468e-08
0.764254 0.00364556 2.15446e-08
0.764294 0.00364556 2.15435e-08
0.764334 0.00364556 2.1547e-08
0.764374 0.00364556 2.15449e-08
0.764414 0.00364556 2.15436e-08
0.764453 0.00364556 2.15468e-08
0.764493 0.00364556 2.15446e-08
0.764533 0.00364556 2.15435e-08
0.764573 0.00364556 2.1547e-08
0.764612 0.00364556 2.15449e-08
0.764652 0.00364556 2.15436e-08
0.764692 0.00364556 2.15468e-08
0.764732 0.00364556 2.15446e-08
0.764771 0.00364556 2.15435e-08
0.764811 0.00364556 2.1547e-08
0.764851 0.00364556 2.15449e-08
0.764891 0.00364556 2.15436e-08
0.76493 0.00364556 2.15468e-08
0.76497 0.00364556 2.15446e-08
0.76501 0.00364556 2.15435e-08
0.76505 0.00364556 2.1547e-08
0.765089 0.00364556 2.15449e-08
0.765129 0.00364556 2.15436e-08
0.765169 0.00364556 2.15468e-08
0.765209 0.00364556 2.15446e-08
0.765249 0.00364556 2.15435e-08
0.765288 0.00364556 2.1547e-08
0.765328 0.00364556 2.15449e-08
0.765368 0.00364556 2.15436e-08
0.765408 0.00364556 2.15468e-08
0.765447 0.00364556 2.15446e-08
0.765487 0.00364556 2.15435e-08
0.765527 0.00364556 2.1547e-08
0.765567 0.00364556 2.15449e-08
0.765606 0.00364556 2.15436e-08
0.765646 0.00364556 2.15468e-08
0.765686 0.00364556 2.15446e-08
0.765726 0.00364556 2.15435e-08
0.765765 0.00364556 2.1547e-08
0.765805 0.00364556 2.15449e-08
0.765845 0.00364556 2.15436e-08
0.765885 0.00364556 2.15468e-08
0.765924 0.00364556 2.15446e-08
0.765964 0.00364556 2.15435e-08
0.766004 0.00364556 2.1547e-08
0.766044 0.00364556 2.15449e-08
0.766083 0.00364556 2.15436e-08
0.766123 0.00364556 2.15468e-08
0.766163 0.00364556 2.15446e-08
0.766203 0.00364556 2.15435e-08
0.766243 0.00364556 2.1547e-08
0.766282 0.00364556 2.15449e-08
0.766322 0.00364556 2.15436e-08
0.766362 0.00364556 2.15468e-08
0.766402 0.00364556 2.15446e-08
0.766441 0.00364556 2.15435e-08
0.766481 0.00364556 2.1547e-08
0.766521 0.00364556 2.15449e-08
0.766561 0.00364556 2.15436e-08
0.7666 0.00364556 2.15468e-08
0.76664 0.00364556 2.15446e-08
0.76668 0.00364556 2.15435e-08
0.76672 0.00364556 2.1547e-08
0.766759 0.00364556 2.15449e-08
0.766799 0.00364556 2.15436e-08
0.766839 0.00364556 2.15468e-08
0.766879 0.00364556 2.15446e-08
0.766918 0.00364556 2.15435e-08
0.766958 0.00364556 2.1547e-08
0.766998 0.00364556 2.15449e-08
0.767038 0.00364556 2.15436e-08
0.767078 0.00364556 2.15468e-08
0.767117 0.00364556 2.15446e-08
0.767157 0.00364556 2.15435e-08
0.767197 0.00364556 2.1547e-08
0.767237 0.00364556 2.15449e-08
0.767276 0.00364556 2.15436e-08
0.767316 0.00364556 2.15468e-08
0.767356 0.00364556 2.15446e-08
0.767396 0.00364556 2.15435e-08
0.767435 0.00364556 2.1547e-08
0.767475 0.00364556 2.15449e-08
0.767515 0.00364556 2.15436e-08
0.767555 0.00364556 2.15468e-08
0.767594 0.00364556 2.15446e-08
0.767634 0.00364556 2.15435e-08
0.767674 0.00364556 2.1547e-08
0.767714 0.00364556 2.15449e-08
0.767753 0.00364556 2.15436e-08
0.767793 0.00364556 2.15468e-08
0.767833 0.00364556 2.15446e-08
0.767873 0.00364556 2.15435e-08
0.767913 0.00364556 2.1547e-08
0.767952 0.00364556 2.15449e-08
0.767992 0.00364556 2.15436e-08
0.768032 0.00364556 2.15468e-08
0.768072 0.00364556 2.15446e-08
0.768111 0.00364556 2.15435e-08
0.768151 0.00364556 2.1547e-08
0.768191 0.00364556 2.15449e-08
0.768231 0.00364556 2.15436e-08
0.76827 0.00364556 2.15468e-08
0.76831 0.00364556 2.15446e-08
0.76835 0.00364556 2.15435e-08
0.76839 0.00364556 2.1547e-08
0.768429 0.00364556 2.15449e-08
0.768469 0.00364556 2.15436e-08
0.768509 0.00364556 2.15468e-08
0.768549 0.00364556 2.15446e-08
0.768588 0.00364556 2.15435e-08
0.768628 0.00364556 2.1547e-08
0.768668 0.00364556 2.15449e-08
0.768708 0.00364556 2.15436e-08
0.768748 0.00364556 2.15468e-08
0.768787 0.00364556 2.15446e-08
0.768827 0.00364556 2.15435e-08
0.768867 0.00364556 2.1547e-08
0.768907 0.00364556 2.15449e-08
0.768946 0.00364556 2.15436e-08
0.768986 0.00364556 2.15468e-08
0.769026 0.00364556 2.15446e-08
0.769066 0.00364556 2.15435e-08
0.769105 0.00364556 2.1547e-08
0.769145 0.00364556 2.15449e-08
0.769185 0.00364556 2.15436e-08
0.769225 0.00364556 2.15468e-08
0.769264 0.00364556 2.15446e-08
0.769304 0.00364556 2.15435e-08
0.769344 0.00364556 2.1547e-08
0.769384 0.00364556 2.15449e-08
0.769423 0.00364556 2.15436e-08
0.769463 0.00364556 2.15468e-08
0.769503 0.00364556 2.15446e-08
0.769543 0.00364556 2.15435e-08
0.769583 0.00364556 2.1547e-08
0.769622 0.00364556 2.15449e-08
0.769662 0.00364556 2.15436e-08
0.769702 0.00364556 2.15468e-08
0.769742 0.00364556 2.15446e-08
0.769781 0.00364556 2.15435e-08
0.769821 0.00364556 2.1547e-08
0.769861 0.00364556 2.15449e-08
0.769901 0.00364556 2.15436e-08
0.76994 0.00364556 2.15468e-08
0.76998 0.00364556 2.15446e-08
0.77002 0.00364556 2.15435e-08
0.77006 0.00364556 2.1547e-08
0.770099 0.00364556 2.15449e-08
0.770139 0.00364556 2.15436e-08
0.770179 0.00364556 2.15468e-08
0.770219 0.00364556 2.15446e-08
0.770258 0.00364556 2.15435e-08
0.770298 0.00364556 2.1547e-08
0.770338 0.00364556 2.15449e-08
0.770378 0.00364556 2.15436e-08
0.770417 0.00364556 2.15468e-08
0.770457 0.00364556 2.15446e-08
0.770497 0.00364556 2.15435e-08
0.770537 0.00364556 2.1547e-08
0.770577 0.00364556 2.15449e-08
0.770616 0.00364556 2.15436e-08
0.770656 0.00364556 2.15468e-08
0.770696 0.00364556 2.15446e-08
0.770736 0.00364556 2.15435e-08
0.770775 0.00364556 2.1547e-08
0.770815 0.00364556 2.15449e-08
0.770855 0.00364556 2.15436e-08
0.770895 0.00364556 2.15468e-08
0.770934 0.00364556 2.15446e-08
0.770974 0.00364556 2.15435e-08
0.771014 0.00364556 2.1547e-08
0.771054 0.00364556 2.15449e-08
0.771093 0.00364556 2.15436e-08
0.771133 0.00364556 2.15468e-08
0.771173 0.00364556 2.15446e-08
0.771213 0.00364556 2.15435e-08
0.771252 0.00364556 2.1547e-08
0.771292 0.00364556 2.15449e-08
0.771332 0.00364556 2.15436e-08
0.771372 0.00364556 2.15468e-08
0.771412 0.00364556 2.15446e-08
0.771451 0.00364556 2.15435e-08
0.771491 0.00364556 2.1547e-08
0.771531 0.00364556 2.15449e-08
0.771571 0.00364556 2.15436e-08
0.77161 0.00364556 2.15468e-08
0.77165 0.00364556 2.15446e-08
0.77169 0.00364556 2.15435e-08
0.77173 0.00364556 2.1547e-08
0.771769 0.00364556 2.15449e-08
0.771809 0.00364556 2.15436e-08
0.771849 0.00364556 2.15468e-08
0.771889 0.00364556 2.15446e-08
0.771928 0.00364556 2.15435e-08
0.771968 0.00364556 2.1547e-08
0.772008 0.00364556 2.15449e-08
0.772048 0.00364556 2.15436e-08
0.772087 0.00364556 2.15468e-08
0.772127 0.00364556 2.15446e-08
0.772167 0.00364556 2.15435e-08
0.772207 0.00364556 2.1547e-08
0.772247 0.00364556 2.15449e-08
0.772286 0.00364556 2.15436e-08
0.772326 0.00364556 2.15468e-08
0.772366 0.00364556 2.15446e-08
0.772406 0.00364556 2.15435e-08
0.772445 0.00364556 2.1547e-08
0.772485 0.00364556 2.15449e-08
0.772525 0.00364556 2.15436e-08
0.772565 0.00364556 2.15468e-08
0.772604 0.00364556 2.15446e-08
0.772644 0.00364556 2.15435e-08
0.772684 0.00364556 2.1547e-08
0.772724 0.00364556 2.15449e-08
0.772763 0.00364556 2.15436e-08
0.772803 0.00364556 2.15468e-08
0.772843 0.00364556 2.15446e-08
0.772883 0.00364556 2.15435e-08
0.772922 0.00364556 2.1547e-08
0.772962 0.00364556 2.15449e-08
0.773002 0.00364556 2.15436e-08
0.773042 0.00364556 2.15468e-08
0.773082 0.00364556 2.15446e-08
0.773121 0.00364556 2.15435e-08
0.773161 0.00364556 2.1547e-08
0.773201 0.00364556 2.15449e-08
0.773241 0.00364556 2.15436e-08
0.77328 0.00364556 2.15468e-08
0.77332 0.00364556 2.15446e-08
0.77336 0.00364556 2.15435e-08
0.7734 0.00364556 2.1547e-08
0.773439 0.00364556 2.15449e-08
0.773479 0.00364556 2.15436e-08
0.773519 0.00364556 2.15468e-08
0.773559 0.00364556 2.15446e-08
0.773598 0.00364556 2.15435e-08
0.773638 0.00364556 2.1547e-08
0.773678 0.00364556 2.15449e-08
0.773718 0.00364556 2.15436e-08
0.773757 0.00364556 2.15468e-08
0.773797 0.00364556 2.15446e-08
0.773837 0.00364556 2.15435e-08
0.773877 0.00364556 2.1547e-08
0.773917 0.00364556 2.15449e-08
0.773956 0.00364556 2.15436e-08
0.773996 0.00364556 2.15468e-08
0.774036 0.00364556 2.15446e-08
0.774076 0.00364556 2.15435e-08
0.774115 0.00364556 2.1547e-08
0.774155 0.00364556 2.15449e-08
0.774195 0.00364556 2.15436e-08
0.774235 0.00364556 2.15468e-08
0.774274 0.00364556 2.15446e-08
0.774314 0.00364556 2.15435e-08
0.774354 0.00364556 2.1547e-08
0.774394 0.00364556 2.15449e-08
0.774433 0.00364556 2.15436e-08
0.774473 0.00364556 2.15468e-08
0.774513 0.00364556 2.15446e-08
0.774553 0.00364556 2.15435e-08
0.774592 0.00364556 2.1547e-08
0.774632 0.00364556 2.15449e-08
0.774672 0.00364556 2.15436e-08
0.774712 0.00364556 2.15468e-08
0.774751 0.00364556 2.15446e-08
0.774791 0.00364556 2.15435e-08
0.774831 0.00364556 2.1547e-08
0.774871 0.00364556 2.15449e-08
0.774911 0.00364556 2.15436e-08
0.77495 0.00364556 2.15468e-08
0.77499 0.00364556 2.15446e-08
0.77503 0.00364556 2.15435e-08
0.77507 0.00364556 2.1547e-08
0.775109 0.00364556 2.15449e-08
0.775149 0.00364556 2.15436e-08
0.775189 0.00364556 2.15468e-08
0.775229 0.00364556 2.15446e-08
0.775268 0.00364556 2.15435e-08
0.775308 0.00364556 2.1547e-08
0.775348 0.00364556 2.15449e-08
0.775388 0.00364556 2.15436e-08
0.775427 0.00364556 2.15468e-08
0.775467 0.00364556 2.15446e-08
0.775507 0.00364556 2.15435e-08
0.775547 0.00364556 2.1547e-08
0.775586 0.00364556 2.15449e-08
0.775626 0.00364556 2.15436e-08
0.775666 0.00364556 2.15468e-08
0.775706 0.00364556 2.15446e-08
0.775746 0.00364556 2.15435e-08
0.775785 0.00364556 2.1547e-08
0.775825 0.00364556 2.15449e-08
0.775865 0.00364556 2.15436e-08
0.775905 0.00364556 2.15468e-08
0.775944 0.00364556 2.15446e-08
0.775984 0.00364556 2.15435e-08
0.776024 0.00364556 2.1547e-08
0.776064 0.00364556 2.15449e-08
0.776103 0.00364556 2.15436e-08
0.776143 0.00364556 2.15468e-08
0.776183 0.00364556 2.15446e-08
0.776223 0.00364556 2.15435e-08
0.776262 0.00364556 2.1547e-08
0.776302 0.00364556 2.15449e-08
0.776342 0.00364556 2.15436e-08
0.776382 0.00364556 2.15468e-08
0.776421 0.00364556 2.15446e-08
0.776461 0.00364556 2.15435e-08
0.776501 0.00364556 2.1547e-08
0.776541 0.00364556 2.15449e-08
0.776581 0.00364556 2.15436e-08
0.77662 0.00364556 2.15468e-08
0.77666 0.00364556 2.15446e-08
0.7767 0.00364556 2.15435e-08
0.77674 0.00364556 2.1547e-08
0.776779 0.00364556 2.15449e-08
0.776819 0.00364556 2.15436e-08
0.776859 0.00364556 2.15468e-08
0.776899 0.00364556 2.15446e-08
0.776938 0.00364556 2.15435e-08
0.776978 0.00364556 2.1547e-08
0.777018 0.00364556 2.15449e-08
0.777058 0.00364556 2.15436e-08
0.777097 0.00364556 2.15468e-08
0.777137 0.00364556 2.15446e-08
0.777177 0.00364556 2.15435e-08
0.777217 0.00364556 2.1547e-08
0.777256 0.00364556 2.15449e-08
0.777296 0.00364556 2.15436e-08
0.777336 0.00364556 2.15468e-08
0.777376 0.00364556 2.15446e-08
0.777416 0.00364556 2.15435e-08
0.777455 0.00364556 2.1547e-08
0.777495 0.00364556 2.15449e-08
0.777535 0.00364556 2.15436e-08
0.777575 0.00364556 2.15468e-08
0.777614 0.00364556 2.15446e-08
0.777654 0.00364556 2.15435e-08
0.777694 0.00364556 2.1547e-08
0.777734 0.00364556 2.15449e-08
0.777773 0.00364556 2.15436e-08
0.777813 0.00364556 2.15468e-08
0.777853 0.00364556 2.15446e-08
0.777893 0.00364556 2.15435e-08
0.777932 0.00364556 2.1547e-08
0.777972 0.00364556 2.15449e-08
0.778012 0.00364556 2.15436e-08
0.778052 0.00364556 2.15468e-08
0.778091 0.00364556 2.15446e-08
0.778131 0.00364556 2.15435e-08
0.778171 0.00364556 2.1547e-08
0.778211 0.00364556 2.15449e-08
0.77825 0.00364556 2.15436e-08
0.77829 0.00364556 2.15468e-08
0.77833 0.00364556 2.15446e-08
0.77837 0.00364556 2.15435e-08
0.77841 0.00364556 2.1547e-08
0.778449 0.00364556 2.15449e-08
0.778489 0.00364556 2.15436e-08
0.778529 0.00364556 2.15468e-08
0.778569 0.00364556 2.15446e-08
0.778608 0.00364556 2.15435e-08
0.778648 0.00364556 2.1547e-08
0.778688 0.00364556 2.15449e-08
0.778728 0.00364556 2.15436e-08
0.778767 0.00364556 2.15468e-08
0.778807 0.00364556 2.15446e-08
0.778847 0.00364556 2.15435e-08
0.778887 0.00364556 2.1547e-08
0.778926 0.00364556 2.15449e-08
0.778966 0.00364556 2.15436e-08
0.779006 0.00364556 2.15468e-08
0.779046 0.00364556 2.15446e-08
0.779085 0.00364556 2.15435e-08
0.779125 0.00364556 2.1547e-08
0.779165 0.00364556 2.15449e-08
0.779205 0.00364556 2.15436e-08
0.779245 0.00364556 2.15468e-08
0.779284 0.00364556 2.15446e-08
0.779324 0.00364556 2.15435e-08
0.779364 0.00364556 2.1547e-08
0.779404 0.00364556 2.15449e-08
0.779443 0.00364556 2.15436e-08
0.779483 0.00364556 2.15468e-08
0.779523 0.00364556 2.15446e-08
0.779563 0.00364556 2.15435e-08
0.779602 0.00364556 2.1547e-08
0.779642 0.00364556 2.15449e-08
0.779682 0.00364556 2.15436e-08
0.779722 0.00364556 2.15468e-08
0.779761 0.00364556 2.15446e-08
0.779801 0.00364556 2.15435e-08
0.779841 0.00364556 2.1547e-08
0.779881 0.00364556 2.15449e-08
0.77992 0.00364556 2.15436e-08
0.77996 0.00364556 2.15468e-08
0.78 0.00364556 2.15446e-08
0.78004 0.00364556 2.15435e-08
0.78008 0.00364556 2.1547e-08
0.780119 0.00364556 2.15449e-08
0.780159 0.00364556 2.15436e-08
0.780199 0.00364556 2.15468e-08
0.780239 0.00364556 2.15446e-08
0.780278 0.00364556 2.15435e-08
0.780318 0.00364556 2.1547e-08
0.780358 0.00364556 2.15449e-08
0.780398 0.00364556 2.15436e-08
0.780437 0.00364556 2.15468e-08
0.780477 0.00364556 2.15446e-08
0.780517 0.00364556 2.15435e-08
0.780557 0.00364556 2.1547e-08
0.780596 0.00364556 2.15449e-08
0.780636 0.00364556 2.15436e-08
0.780676 0.00364556 2.15468e-08
0.780716 0.00364556 2.15446e-08
0.780755 0.00364556 2.15435e-08
0.780795 0.00364556 2.1547e-08
0.780835 0.00364556 2.15449e-08
0.780875 0.00364556 2.15436e-08
0.780915 0.00364556 2.15468e-08
0.780954 0.00364556 2.15446e-08
0.780994 0.00364556 2.15435e-08
0.781034 0.00364556 2.1547e-08
0.781074 0.00364556 2.15449e-08
0.781113 0.00364556 2.15436e-08
0.781153 0.00364556 2.15468e-08
0.781193 0.00364556 2.15446e-08
0.781233 0.00364556 2.15435e-08
0.781272 0.00364556 2.1547e-08
0.781312 0.00364556 2.15449e-08
0.781352 0.00364556 2.15436e-08
0.781392 0.00364556 2.15468e-08
0.781431 0.00364556 2.15446e-08
0.781471 0.00364556 2.15435e-08
0.781511 0.00364556 2.1547e-08
0.781551 0.00364556 2.15449e-08
0.78159 0.00364556 2.15436e-08
0.78163 0.00364556 2.15468e-08
0.78167 0.00364556 2.15446e-08
0.78171 0.00364556 2.15435e-08
0.78175 0.00364556 2.1547e-08
0.781789 0.00364556 2.15449e-08
0.781829 0.00364556 2.15436e-08
0.781869 0.00364556 2.15468e-08
0.781909 0.00364556 2.15446e-08
0.781948 0.00364556 2.15435e-08
0.781988 0.00364556 2.1547e-08
0.782028 0.00364556 2.15449e-08
0.782068 0.00364556 2.15436e-08
0.782107 0.00364556 2.15468e-08
0.782147 0.00364556 2.15446e-08
0.782187 0.00364556 2.15435e-08
0.782227 0.00364556 2.1547e-08
0.782266 0.00364556 2.15449e-08
0.782306 0.00364556 2.15436e-08
0.782346 0.00364556 2.15468e-08
0.782386 0.00364556 2.15446e-08
0.782425 0.00364556 2.15435e-08
0.782465 0.00364556 2.1547e-08
0.782505 0.00364556 2.15449e-08
0.782545 0.00364556 2.15436e-08
0.782584 0.00364556 2.15468e-08
0.782624 0.00364556 2.15446e-08
0.782664 0.00364556 2.15435e-08
0.782704 0.00364556 2.1547e-08
0.782744 0.00364556 2.15449e-08
0.782783 0.00364556 2.15436e-08
0.782823 0.00364556 2.15468e-08
0.782863 0.00364556 2.15446e-08
0.782903 0.00364556 2.15435e-08
0.782942 0.00364556 2.1547e-08
0.782982 0.00364556 2.15449e-08
0.783022 0.00364556 2.15436e-08
0.783062 0.00364556 2.15468e-08
0.783101 0.00364556 2.15446e-08
0.783141 0.00364556 2.15435e-08
0.783181 0.00364556 2.1547e-08
0.783221 0.00364556 2.15449e-08
0.78326 0.00364556 2.15436e-08
0.7833 0.00364556 2.15468e-08
0.78334 0.00364556 2.15446e-08
0.78338 0.00364556 2.15435e-08
0.783419 0.00364556 2.1547e-08
0.783459 0.00364556 2.15449e-08
0.783499 0.00364556 2.15436e-08
0.783539 0.00364556 2.15468e-08
0.783579 0.00364556 2.15446e-08
0.783618 0.00364556 2.15435e-08
0.783658 0.00364556 2.1547e-08
0.783698 0.00364556 2.15449e-08
0.783738 0.00364556 2.15436e-08
0.783777 0.00364556 2.15468e-08
0.783817 0.00364556 2.15446e-08
0.783857 0.00364556 2.15435e-08
0.783897 0.00364556 2.1547e-08
0.783936 0.00364556 2.15449e-08
0.783976 0.00364556 2.15436e-08
0.784016 0.00364556 2.15468e-08
0.784056 0.00364556 2.15446e-08
0.784095 0.00364556 2.15435e-08
0.784135 0.00364556 2.1547e-08
0.784175 0.00364556 2.15449e-08
0.784215 0.00364556 2.15436e-08
0.784254 0.00364556 2.15468e-08
0.784294 0.00364556 2.15446e-08
0.784334 0.00364556 2.15435e-08
0.784374 0.00364556 2.1547e-08
0.784414 0.00364556 2.15449e-08
0.784453 0.00364556 2.15436e-08
0.784493 0.00364556 2.15468e-08
0.784533 0.00364556 2.15446e-08
0.784573 0.00364556 2.15435e-08
0.784612 0.00364556 2.1547e-08
0.784652 0.00364556 2.15449e-08
0.784692 0.00364556 2.15436e-08
0.784732 0.00364556 2.15468e-08
0.784771 0.00364556 2.15446e-08
0.784811 0.00364556 2.15435e-08
0.784851 0.00364556 2.1547e-08
0.784891 0.00364556 2.15449e-08
0.78493 0.00364556 2.15436e-08
0.78497 0.00364556 2.15468e-08
0.78501 0.00364556 2.15446e-08
0.78505 0.00364556 2.15435e-08
0.785089 0.00364556 2.1547e-08
0.785129 0.00364556 2.15449e-08
0.785169 0.00364556 2.15436e-08
0.785209 0.00364556 2.15468e-08
0.785249 0.00364556 2.15446e-08
0.785288 0.00364556 2.15435e-08
0.785328 0.00364556 2.1547e-08
0.785368 0.00364556 2.15449e-08
0.785408 0.00364556 2.15436e-08
0.785447 0.00364556 2.15468e-08
0.785487 0.00364556 2.15446e-08
0.785527 0.00364556 2.15435e-08
0.785567 0.00364556 2.1547e-08
0.785606 0.00364556 2.15449e-08
0.785646 0.00364556 2.15436e-08
0.785686 0.00364556 2.15468e-08
0.785726 0.00364556 2.15446e-08
0.785765 0.00364556 2.15435e-08
0.785805 0.00364556 2.1547e-08
0.785845 0.00364556 2.15449e-08
0.785885 0.00364556 2.15436e-08
0.785924 0.00364556 2.15468e-08
0.785964 0.00364556 2.15446e-08
0.786004 0.00364556 2.15435e-08
0.786044 0.00364556 2.1547e-08
0.786083 0.00364556 2.15449e-08
0.786123 0.00364556 2.15436e-08
0.786163 0.00364556 2.15468e-08
0.786203 0.00364556 2.15446e-08
0.786243 0.00364556 2.15435e-08
0.786282 0.00364556 2.1547e-08
0.786322 0.00364556 2.15449e-08
0.786362 0.00364556 2.15436e-08
0.786402 0.00364556 2.15468e-08
0.786441 0.00364556 2.15446e-08
0.786481 0.00364556 2.15435e-08
0.786521 0.00364556 2.1547e-08
0.786561 0.00364556 2.15449e-08
0.7866 0.00364556 2.15436e-08
0.78664 0.00364556 2.15468e-08
0.78668 0.00364556 2.15446e-08
0.78672 0.00364556 2.15435e-08
0.786759 0.00364556 2.1547e-08
0.786799 0.00364556 2.15449e-08
0.786839 0.00364556 2.15436e-08
0.786879 0.00364556 2.15468e-08
0.786918 0.00364556 2.15446e-08
0.786958 0.00364556 2.15435e-08
0.786998 0.00364556 2.1547e-08
0.787038 0.00364556 2.15449e-08
0.787078 0.00364556 2.15436e-08
0.787117 0.00364556 2.15468e-08
0.787157 0.00364556 2.15446e-08
0.787197 0.00364556 2.15435e-08
0.787237 0.00364556 2.1547e-08
0.787276 0.00364556 2.15449e-08
0.787316 0.00364556 2.15436e-08
0.787356 0.00364556 2.15468e-08
0.787396 0.00364556 2.15446e-08
0.787435 0.00364556 2.15435e-08
0.787475 0.00364556 2.1547e-08
0.787515 0.00364556 2.15449e-08
0.787555 0.00364556 2.15436e-08
0.787594 0.00364556 2.15468e-08
0.787634 0.00364556 2.15446e-08
0.787674 0.00364556 2.15435e-08
0.787714 0.00364556 2.1547e-08
0.787753 0.00364556 2.15449e-08
0.787793 0.00364556 2.15436e-08
0.787833 0.00364556 2.15468e-08
0.787873 0.00364556 2.15446e-08
0.787913 0.00364556 2.15435e-08
0.787952 0.00364556 2.1547e-08
0.787992 0.00364556 2.15449e-08
0.788032 0.00364556 2.15436e-08
0.788072 0.00364556 2.15468e-08
0.788111 0.00364556 2.15446e-08
0.788151 0.00364556 2.15435e-08
0.788191 0.00364556 2.1547e-08
0.788231 0.00364556 2.15449e-08
0.78827 0.00364556 2.15436e-08
0.78831 0.00364556 2.15468e-08
0.78835 0.00364556 2.15446e-08
0.78839 0.00364556 2.15435e-08
0.788429 0.00364556 2.1547e-08
0.788469 0.00364556 2.15449e-08
0.788509 0.00364556 2.15436e-08
0.788549 0.00364556 2.15468e-08
0.788588 0.00364556 2.15446e-08
0.788628 0.00364556 2.15435e-08
0.788668 0.00364556 2.1547e-08
0.788708 0.00364556 2.15449e-08
0.788748 0.00364556 2.15436e-08
0.788787 0.00364556 2.15468e-08
0.788827 0.00364556 2.15446e-08
0.788867 0.00364556 2.15435e-08
0.788907 0.00364556 2.1547e-08
0.788946 0.00364556 2.15449e-08
0.788986 0.00364556 2.15436e-08
0.789026 0.00364556 2.15468e-08
0.789066 0.00364556 2.15446e-08
0.789105 0.00364556 2.15435e-08
0.789145 0.00364556 2.1547e-08
0.789185 0.00364556 2.15449e-08
0.789225 0.00364556 2.15436e-08
0.789264 0.00364556 2.15468e-08
0.789304 0.00364556 2.15446e-08
0.789344 0.00364556 2.15435e-08
0.789384 0.00364556 2.1547e-08
0.789423 0.00364556 2.15449e-08
0.789463 0.00364556 2.15436e-08
0.789503 0.00364556 2.15468e-08
0.789543 0.00364556 2.15446e-08
0.789583 0.00364556 2.15435e-08
0.789622 0.00364556 2.1547e-08
0.789662 0.00364556 2.15449e-08
0.789702 0.00364556 2.15436e-08
0.789742 0.00364556 2.15468e-08
0.789781 0.00364556 2.15446e-08
0.789821 0.00364556 2.15435e-08
0.789861 0.00364556 2.1547e-08
0.789901 0.00364556 2.15449e-08
0.78994 0.00364556 2.15436e-08
0.78998 0.00364556 2.15468e-08
0.79002 0.00364556 2.15446e-08
0.79006 0.00364556 2.15435e-08
0.790099 0.00364556 2.1547e-08
0.790139 0.00364556 2.15449e-08
0.790179 0.00364556 2.15436e-08
0.790219 0.00364556 2.15468e-08
0.790258 0.00364556 2.15446e-08
0.790298 0.00364556 2.15435e-08
0.790338 0.00364556 2.1547e-08
0.790378 0.00364556 2.15449e-08
0.790417 0.00364556 2.15436e-08
0.790457 0.00364556 2.15468e-08
0.790497 0.00364556 2.15446e-08
0.790537 0.00364556 2.15435e-08
0.790577 0.00364556 2.1547e-08
0.790616 0.00364556 2.15449e-08
0.790656 0.00364556 2.15436e-08
0.790696 0.00364556 2.15468e-08
0.790736 0.00364556 2.15446e-08
0.790775 0.00364556 2.15435e-08
0.790815 0.00364556 2.1547e-08
0.790855 0.00364556 2.15449e-08
0.790895 0.00364556 2.15436e-08
0.790934 0.00364556 2.15468e-08
0.790974 0.00364556 2.15446e-08
0.791014 0.00364556 2.15435e-08
0.791054 0.00364556 2.1547e-08
0.791093 0.00364556 2.15449e-08
0.791133 0.00364556 2.15436e-08
0.791173 0.00364556 2.15468e-08
0.791213 0.00364556 2.15446e-08
0.791252 0.00364556 2.15435e-08
0.791292 0.00364556 2.1547e-08
0.791332 0.00364556 2.15449e-08
0.791372 0.00364556 2.15436e-08
0.791412 0.00364556 2.15468e-08
0.791451 0.00364556 2.15446e-08
0.791491 0.00364556 2.15435e-08
0.791531 0.00364556 2.1547e-08
0.791571 0.00364556 2.15449e-08
0.79161 0.00364556 2.15436e-08
0.79165 0.00364556 2.15468e-08
0.79169 0.00364556 2.15446e-08
0.79173 0.00364556 2.15435e-08
0.791769 0.00364556 2.1547e-08
0.791809 0.00364556 2.15449e-08
0.791849 0.00364556 2.15436e-08
0.791889 0.00364556 2.15468e-08
0.791928 0.00364556 2.15446e-08
0.791968 0.00364556 2.15435e-08
0.792008 0.00364556 2.1547e-08
0.792048 0.00364556 2.15449e-08
0.792087 0.00364556 2.15436e-08
0.792127 0.00364556 2.15468e-08
0.792167 0.00364556 2.15446e-08
0.792207 0.00364556 2.15435e-08
0.792247 0.00364556 2.1547e-08
0.792286 0.00364556 2.15449e-08
0.792326 0.00364556 2.15436e-08
0.792366 0.00364556 2.15468e-08
0.792406 0.00364556 2.15446e-08
0.792445 0.00364556 2.15435e-08
0.792485 0.00364556 2.1547e-08
0.792525 0.00364556 2.15449e-08
0.792565 0.00364556 2.15436e-08
0.792604 0.00364556 2.15468e-08
0.792644 0.00364556 2.15446e-08
0.792684 0.00364556 2.15435e-08
0.792724 0.00364556 2.1547e-08
0.792763 0.00364556 2.15449e-08
0.792803 0.00364556 2.15436e-08
0.792843 0.00364556 2.15468e-08
0.792883 0.00364556 2.15446e-08
0.792922 0.00364556 2.15435e-08
0.792962 0.00364556 2.1547e-08
0.793002 0.00364556 2.15449e-08
0.793042 0.00364556 2.15436e-08
0.793082 0.00364556 2.15468e-08
0.793121 0.00364556 2.15446e-08
0.793161 0.00364556 2.15435e-08
0.793201 0.00364556 2.1547e-08
0.793241 0.00364556 2.15449e-08
0.79328 0.00364556 2.15436e-08
0.79332 0.00364556 2.15468e-08
0.79336 0.00364556 2.15446e-08
0.7934 0.00364556 2.15435e-08
0.793439 0.00364556 2.1547e-08
0.793479 0.00364556 2.15449e-08
0.793519 0.00364556 2.15436e-08
0.793559 0.00364556 2.15468e-08
0.793598 0.00364556 2.15446e-08
0.793638 0.00364556 2.15435e-08
0.793678 0.00364556 2.1547e-08
0.793718 0.00364556 2.15449e-08
0.793757 0.00364556 2.15436e-08
0.793797 0.00364556 2.15468e-08
0.793837 0.00364556 2.15446e-08
0.793877 0.00364556 2.15435e-08
0.793917 0.00364556 2.1547e-08
0.793956 0.00364556 2.15449e-08
0.793996 0.00364556 2.15436e-08
0.794036 0.00364556 2.15468e-08
0.794076 0.00364556 2.15446e-08
0.794115 0.00364556 2.15435e-08
0.794155 0.00364556 2.1547e-08
0.794195 0.00364556 2.15449e-08
0.794235 0.00364556 2.15436e-08
0.794274 0.00364556 2.15468e-08
0.794314 0.00364556 2.15446e-08
0.794354 0.00364556 2.15435e-08
0.794394 0.00364556 2.1547e-08
0.794433 0.00364556 2.15449e-08
0.794473 0.00364556 2.15436e-08
0.794513 0.00364556 2.15468e-08
0.794553 0.00364556 2.15446e-08
0.794592 0.00364556 2.15435e-08
0.794632 0.00364556 2.1547e-08
0.794672 0.00364556 2.15449e-08
0.794712 0.00364556 2.15436e-08
0.794751 0.00364556 2.15468e-08
0.794791 0.00364556 2.15446e-08
0.794831 0.00364556 2.15435e-08
0.794871 0.00364556 2.1547e-08
0.794911 0.00364556 2.15449e-08
0.79495 0.00364556 2.15436e-08
0.79499 0.00364556 2.15468e-08
0.79503 0.00364556 2.15446e-08
0.79507 0.00364556 2.15435e-08
0.795109 0.00364556 2.1547e-08
0.795149 0.00364556 2.15449e-08
0.795189 0.00364556 2.15436e-08
0.795229 0.00364556 2.15468e-08
0.795268 0.00364556 2.15446e-08
0.795308 0.00364556 2.15435e-08
0.795348 0.00364556 2.1547e-08
0.795388 0.00364556 2.15449e-08
0.795427 0.00364556 2.15436e-08
0.795467 0.00364556 2.15468e-08
0.795507 0.00364556 2.15446e-08
0.795547 0.00364556 2.15435e-08
0.795586 0.00364556 2.1547e-08
0.795626 0.00364556 2.15449e-08
0.795666 0.00364556 2.15436e-08
0.795706 0.00364556 2.15468e-08
0.795746 0.00364556 2.15446e-08
0.795785 0.00364556 2.15435e-08
0.795825 0.00364556 2.1547e-08
0.795865 0.00364556 2.15449e-08
0.795905 0.00364556 2.15436e-08
0.795944 0.00364556 2.15468e-08
0.795984 0.00364556 2.15446e-08
0.796024 0.00364556 2.15435e-08
0.796064 0.00364556 2.1547e-08
0.796103 0.00364556 2.15449e-08
0.796143 0.00364556 2.15436e-08
0.796183 0.00364556 2.15468e-08
0.796223 0.00364556 2.15446e-08
0.796262 0.00364556 2.15435e-08
0.796302 0.00364556 2.1547e-08
0.796342 0.00364556 2.15449e-08
0.796382 0.00364556 2.15436e-08
0.796421 0.00364556 2.15468e-08
0.796461 0.00364556 2.15446e-08
0.796501 0.00364556 2.15435e-08
0.796541 0.00364556 2.1547e-08
0.796581 0.00364556 2.15449e-08
0.79662 0.00364556 2.15436e-08
0.79666 0.00364556 2.15468e-08
0.7967 0.00364556 2.15446e-08
0.79674 0.00364556 2.15435e-08
0.796779 0.00364556 2.1547e-08
0.796819 0.00364556 2.15449e-08
0.796859 0.00364556 2.15436e-08
0.796899 0.00364556 2.15468e-08
0.796938 0.00364556 2.15446e-08
0.796978 0.00364556 2.15435e-08
0.797018 0.00364556 2.1547e-08
0.797058 0.00364556 2.15449e-08
0.797097 0.00364556 2.15436e-08
0.797137 0.00364556 2.15468e-08
0.797177 0.00364556 2.15446e-08
0.797217 0.00364556 2.15435e-08
0.797256 0.00364556 2.1547e-08
0.797296 0.00364556 2.15449e-08
0.797336 0.00364556 2.15436e-08
0.797376 0.00364556 2.15468e-08
0.797416 0.00364556 2.15446e-08
0.797455 0.00364556 2.15435e-08
0.797495 0.00364556 2.1547e-08
0.797535 0.00364556 2.15449e-08
0.797575 0.00364556 2.15436e-08
0.797614 0.00364556 2.15468e-08
0.797654 0.00364556 2.15446e-08
0.797694 0.00364556 2.15435e-08
0.797734 0.00364556 2.1547e-08
0.797773 0.00364556 2.15449e-08
0.797813 0.00364556 2.15436e-08
0.797853 0.00364556 2.15468e-08
0.797893 0.00364556 2.15446e-08
0.797932 0.00364556 2.15435e-08
0.797972 0.00364556 2.1547e-08
0.798012 0.00364556 2.15449e-08
0.798052 0.00364556 2.15436e-08
0.798091 0.00364556 2.15468e-08
0.798131 0.00364556 2.15446e-08
0.798171 0.00364556 2.15435e-08
0.798211 0.00364556 2.1547e-08
0.79825 0.00364556 2.15449e-08
0.79829 0.00364556 2.15436e-08
0.79833 0.00364556 2.15468e-08
0.79837 0.00364556 2.15446e-08
0.79841 0.00364556 2.15435e-08
0.798449 0.00364556 2.1547e-08
0.798489 0.00364556 2.15449e-08
0.798529 0.00364556 2.15436e-08
0.798569 0.00364556 2.15468e-08
0.798608 0.00364556 2.15446e-08
0.798648 0.00364556 2.15435e-08
0.798688 0.00364556 2.1547e-08
0.798728 0.00364556 2.15449e-08
0.798767 0.00364556 2.15436e-08
0.798807 0.00364556 2.15468e-08
0.798847 0.00364556 2.15446e-08
0.798887 0.00364556 2.15435e-08
0.798926 0.00364556 2.1547e-08
0.798966 0.00364556 2.15449e-08
0.799006 0.00364556 2.15436e-08
0.799046 0.00364556 2.15468e-08
0.799085 0.00364556 2.15446e-08
0.799125 0.00364556 2.15435e-08
0.799165 0.00364556 2.1547e-08
0.799205 0.00364556 2.15449e-08
0.799245 0.00364556 2.15436e-08
0.799284 0.00364556 2.15468e-08
0.799324 0.00364556 2.15446e-08
0.799364 0.00364556 2.15435e-08
0.799404 0.00364556 2.1547e-08
0.799443 0.00364556 2.15449e-08
0.799483 0.00364556 2.15436e-08
0.799523 0.00364556 2.15468e-08
0.799563 0.00364556 2.15446e-08
0.799602 0.00364556 2.15435e-08
0.799642 0.00364556 2.1547e-08
0.799682 0.00364556 2.15449e-08
0.799722 0.00364556 2.15436e-08
0.799761 0.00364556 2.15468e-08
0.799801 0.00364556 2.15446e-08
0.799841 0.00364556 2.15435e-08
0.799881 0.00364556 2.1547e-08
0.79992 0.00364556 2.15449e-08
0.79996 0.00364556 2.15436e-08
0.8 0.00364556 2.15468e-08
0.80004 0.00364556 2.15446e-08
0.80008 0.00364556 2.15435e-08
0.800119 0.00364556 2.1547e-08
0.800159 0.00364556 2.15449e-08
0.800199 0.00364556 2.15436e-08
0.800239 0.00364556 2.15468e-08
0.800278 0.00364556 2.15446e-08
0.800318 0.00364556 2.15435e-08
0.800358 0.00364556 2.1547e-08
0.800398 0.00364556 2.15449e-08
0.800437 0.00364556 2.15436e-08
0.800477 0.00364556 2.15468e-08
0.800517 0.00364556 2.15446e-08
0.800557 0.00364556 2.15435e-08
0.800596 0.00364556 2.1547e-08
0.800636 0.00364556 2.15449e-08
0.800676 0.00364556 2.15436e-08
0.800716 0.00364556 2.15468e-08
0.800755 0.00364556 2.15446e-08
0.800795 0.00364556 2.15435e-08
0.800835 0.00364556 2.1547e-08
0.800875 0.00364556 2.15449e-08
0.800915 0.00364556 2.15436e-08
0.800954 0.00364556 2.15468e-08
0.800994 0.00364556 2.15446e-08
0.801034 0.00364556 2.15435e-08
0.801074 0.00364556 2.1547e-08
0.801113 0.00364556 2.15449e-08
0.801153 0.00364556 2.15436e-08
0.801193 0.00364556 2.15468e-08
0.801233 0.00364556 2.15446e-08
0.801272 0.00364556 2.15435e-08
0.801312 0.00364556 2.1547e-08
0.801352 0.00364556 2.15449e-08
0.801392 0.00364556 2.15436e-08
0.801431 0.00364556 2.15468e-08
0.801471 0.00364556 2.15446e-08
0.801511 0.00364556 2.15435e-08
0.801551 0.00364556 2.1547e-08
0.80159 0.00364556 2.15449e-08
0.80163 0.00364556 2.15436e-08
0.80167 0.00364556 2.15468e-08
0.80171 0.00364556 2.15446e-08
0.80175 0.00364556 2.15435e-08
0.801789 0.00364556 2.1547e-08
0.801829 0.00364556 2.15449e-08
0.801869 0.00364556 2.15436e-08
0.801909 0.00364556 2.15468e-08
0.801948 0.00364556 2.15446e-08
0.801988 0.00364556 2.15435e-08
0.802028 0.00364556 2.1547e-08
0.802068 0.00364556 2.15449e-08
0.802107 0.00364556 2.15436e-08
0.802147 0.00364556 2.15468e-08
0.802187 0.00364556 2.15446e-08
0.802227 0.00364556 2.15435e-08
0.802266 0.00364556 2.1547e-08
0.802306 0.00364556 2.15449e-08
0.802346 0.00364556 2.15436e-08
0.802386 0.00364556 2.15468e-08
0.802425 0.00364556 2.15446e-08
0.802465 0.00364556 2.15435e-08
0.802505 0.00364556 2.1547e-08
0.802545 0.00364556 2.15449e-08
0.802584 0.00364556 2.15436e-08
0.802624 0.00364556 2.15468e-08
0.802664 0.00364556 2.15446e-08
0.802704 0.00364556 2.15435e-08
0.802744 0.00364556 2.1547e-08
0.802783 0.00364556 2.15449e-08
0.802823 0.00364556 2.15436e-08
0.802863 0.00364556 2.15468e-08
0.802903 0.00364556 2.15446e-08
0.802942 0.00364556 2.15435e-08
0.802982 0.00364556 2.1547e-08
0.803022 0.00364556 2.15449e-08
0.803062 0.00364556 2.15436e-08
0.803101 0.00364556 2.15468e-08
0.803141 0.00364556 2.15446e-08
0.803181 0.00364556 2.15435e-08
0.803221 0.00364556 2.1547e-08
0.80326 0.00364556 2.15449e-08
0.8033 0.00364556 2.15436e-08
0.80334 0.00364556 2.15468e-08
0.80338 0.00364556 2.15446e-08
0.803419 0.00364556 2.15435e-08
0.803459 0.00364556 2.1547e-08
0.803499 0.00364556 2.15449e-08
0.803539 0.00364556 2.15436e-08
0.803579 0.00364556 2.15468e-08
0.803618 0.00364556 2.15446e-08
0.803658 0.00364556 2.15435e-08
0.803698 0.00364556 2.1547e-08
0.803738 0.00364556 2.15449e-08
0.803777 0.00364556 2.15436e-08
0.803817 0.00364556 2.15468e-08
0.803857 0.00364556 2.15446e-08
0.803897 0.00364556 2.15435e-08
0.803936 0.00364556 2.1547e-08
0.803976 0.00364556 2.15449e-08
0.804016 0.00364556 2.15436e-08
0.804056 0.00364556 2.15468e-08
0.804095 0.00364556 2.15446e-08
0.804135 0.00364556 2.15435e-08
0.804175 0.00364556 2.1547e-08
0.804215 0.00364556 2.15449e-08
0.804254 0.00364556 2.15436e-08
0.804294 0.00364556 2.15468e-08
0.804334 0.00364556 2.15446e-08
0.804374 0.00364556 2.15435e-08
0.804414 0.00364556 2.1547e-08
0.804453 0.00364556 2.15449e-08
0.804493 0.00364556 2.15436e-08
0.804533 0.00364556 2.15468e-08
0.804573 0.00364556 2.15446e-08
0.804612 0.00364556 2.15435e-08
0.804652 0.00364556 2.1547e-08
0.804692 0.00364556 2.15449e-08
0.804732 0.00364556 2.15436e-08
0.804771 0.00364556 2.15468e-08
0.804811 0.00364556 2.15446e-08
0.804851 0.00364556 2.15435e-08
0.804891 0.00364556 2.1547e-08
0.80493 0.00364556 2.15449e-08
0.80497 0.00364556 2.15436e-08
0.80501 0.00364556 2.15468e-08
0.80505 0.00364556 2.15446e-08
0.805089 0.00364556 2.15435e-08
0.805129 0.00364556 2.1547e-08
0.805169 0.00364556 2.15449e-08
0.805209 0.00364556 2.15436e-08
0.805249 0.00364556 2.15468e-08
0.805288 0.00364556 2.15446e-08
0.805328 0.00364556 2.15435e-08
0.805368 0.00364556 2.1547e-08
0.805408 0.00364556 2.15449e-08
0.805447 0.00364556 2.15436e-08
0.805487 0.00364556 2.15468e-08
0.805527 0.00364556 2.15446e-08
0.805567 0.00364556 2.15435e-08
0.805606 0.00364556 2.1547e-08
0.805646 0.00364556 2.15449e-08
0.805686 0.00364556 2.15436e-08
0.805726 0.00364556 2.15468e-08
0.805765 0.00364556 2.15446e-08
0.805805 0.00364556 2.15435e-08
0.805845 0.00364556 2.1547e-08
0.805885 0.00364556 2.15449e-08
0.805924 0.00364556 2.15436e-08
0.805964 0.00364556 2.15468e-08
0.806004 0.00364556 2.15446e-08
0.806044 0.00364556 2.15435e-08
0.806083 0.00364556 2.1547e-08
0.806123 0.00364556 2.15449e-08
0.806163 0.00364556 2.15436e-08
0.806203 0.00364556 2.15468e-08
0.806243 0.00364556 2.15446e-08
0.806282 0.00364556 2.15435e-08
0.806322 0.00364556 2.1547e-08
0.806362 0.00364556 2.15449e-08
0.806402 0.00364556 2.15436e-08
0.806441 0.00364556 2.15468e-08
0.806481 0.00364556 2.15446e-08
0.806521 0.00364556 2.15435e-08
0.806561 0.00364556 2.1547e-08
0.8066 0.00364556 2.15449e-08
0.80664 0.00364556 2.15436e-08
0.80668 0.00364556 2.15468e-08
0.80672 0.00364556 2.15446e-08
0.806759 0.00364556 2.15435e-08
0.806799 0.00364556 2.1547e-08
0.806839 0.00364556 2.15449e-08
0.806879 0.00364556 2.15436e-08
0.806918 0.00364556 2.15468e-08
0.806958 0.00364556 2.15446e-08
0.806998 0.00364556 2.15435e-08
0.807038 0.00364556 2.1547e-08
0.807078 0.00364556 2.15449e-08
0.807117 0.00364556 2.15436e-08
0.807157 0.00364556 2.15468e-08
0.807197 0.00364556 2.15446e-08
0.807237 0.00364556 2.15435e-08
0.807276 0.00364556 2.1547e-08
0.807316 0.00364556 2.15449e-08
0.807356 0.00364556 2.15436e-08
0.807396 0.00364556 2.15468e-08
0.807435 0.00364556 2.15446e-08
0.807475 0.00364556 2.15435e-08
0.807515 0.00364556 2.1547e-08
0.807555 0.00364556 2.15449e-08
0.807594 0.00364556 2.15436e-08
0.807634 0.00364556 2.15468e-08
0.807674 0.00364556 2.15446e-08
0.807714 0.00364556 2.15435e-08
0.807753 0.00364556 2.1547e-08
0.807793 0.00364556 2.15449e-08
0.807833 0.00364556 2.15436e-08
0.807873 0.00364556 2.15468e-08
0.807913 0.00364556 2.15446e-08
0.807952 0.00364556 2.15435e-08
0.807992 0.00364556 2.1547e-08
0.808032 0.00364556 2.15449e-08
0.808072 0.00364556 2.15436e-08
0.808111 0.00364556 2.15468e-08
0.808151 0.00364556 2.15446e-08
0.808191 0.00364556 2.15435e-08
0.808231 0.00364556 2.1547e-08
0.80827 0.00364556 2.15449e-08
0.80831 0.00364556 2.15436e-08
0.80835 0.00364556 2.15468e-08
0.80839 0.00364556 2.15446e-08
0.808429 0.00364556 2.15435e-08
0.808469 0.00364556 2.1547e-08
0.808509 0.00364556 2.15449e-08
0.808549 0.00364556 2.15436e-08
0.808588 0.00364556 2.15468e-08
0.808628 0.00364556 2.15446e-08
0.808668 0.00364556 2.15435e-08
0.808708 0.00364556 2.1547e-08
0.808748 0.00364556 2.15449e-08
0.808787 0.00364556 2.15436e-08
0.808827 0.00364556 2.15468e-08
0.808867 0.00364556 2.15446e-08
0.808907 0.00364556 2.15435e-08
0.808946 0.00364556 2.1547e-08
0.808986 0.00364556 2.15449e-08
0.809026 0.00364556 2.15436e-08
0.809066 0.00364556 2.15468e-08
0.809105 0.00364556 2.15446e-08
0.809145 0.00364556 2.15435e-08
0.809185 0.00364556 2.1547e-08
0.809225 0.00364556 2.15449e-08
0.809264 0.00364556 2.15436e-08
0.809304 0.00364556 2.15468e-08
0.809344 0.00364556 2.15446e-08
0.809384 0.00364556 2.15435e-08
0.809423 0.00364556 2.1547e-08
0.809463 0.00364556 2.15449e-08
0.809503 0.00364556 2.15436e-08
0.809543 0.00364556 2.15468e-08
0.809583 0.00364556 2.15446e-08
0.809622 0.00364556 2.15435e-08
0.809662 0.00364556 2.1547e-08
0.809702 0.00364556 2.15449e-08
0.809742 0.00364556 2.15436e-08
0.809781 0.00364556 2.15468e-08
0.809821 0.00364556 2.15446e-08
0.809861 0.00364556 2.15435e-08
0.809901 0.00364556 2.1547e-08
0.80994 0.00364556 2.15449e-08
0.80998 0.00364556 2.15436e-08
0.81002 0.00364556 2.15468e-08
0.81006 0.00364556 2.15446e-08
0.810099 0.00364556 2.15435e-08
0.810139 0.00364556 2.1547e-08
0.810179 0.00364556 2.15449e-08
0.810219 0.00364556 2.15436e-08
0.810258 0.00364556 2.15468e-08
0.810298 0.00364556 2.15446e-08
0.810338 0.00364556 2.15435e-08
0.810378 0.00364556 2.1547e-08
0.810417 0.00364556 2.15449e-08
0.810457 0.00364556 2.15436e-08
0.810497 0.00364556 2.15468e-08
0.810537 0.00364556 2.15446e-08
0.810577 0.00364556 2.15435e-08
0.810616 0.00364556 2.1547e-08
0.810656 0.00364556 2.15449e-08
0.810696 0.00364556 2.15436e-08
0.810736 0.00364556 2.15468e-08
0.810775 0.00364556 2.15446e-08
0.810815 0.00364556 2.15435e-08
0.810855 0.00364556 2.1547e-08
0.810895 0.00364556 2.15449e-08
0.810934 0.00364556 2.15436e-08
0.810974 0.00364556 2.15468e-08
0.811014 0.00364556 2.15446e-08
0.811054 0.00364556 2.15435e-08
0.811093 0.00364556 2.1547e-08
0.811133 0.00364556 2.15449e-08
0.811173 0.00364556 2.15436e-08
0.811213 0.00364556 2.15468e-08
0.811252 0.00364556 2.15446e-08
0.811292 0.00364556 2.15435e-08
0.811332 0.00364556 2.1547e-08
0.811372 0.00364556 2.15449e-08
0.811412 0.00364556 2.15436e-08
0.811451 0.00364556 2.15468e-08
0.811491 0.00364556 2.15446e-08
0.811531 0.00364556 2.15435e-08
0.811571 0.00364556 2.1547e-08
0.81161 0.00364556 2.15449e-08
0.81165 0.00364556 2.15436e-08
0.81169 0.00364556 2.15468e-08
0.81173 0.00364556 2.15446e-08
0.811769 0.00364556 2.15435e-08
0.811809 0.00364556 2.1547e-08
0.811849 0.00364556 2.15449e-08
0.811889 0.00364556 2.15436e-08
0.811928 0.00364556 2.15468e-08
0.811968 0.00364556 2.15446e-08
0.812008 0.00364556 2.15435e-08
0.812048 0.00364556 2.1547e-08
0.812087 0.00364556 2.15449e-08
0.812127 0.00364556 2.15436e-08
0.812167 0.00364556 2.15468e-08
0.812207 0.00364556 2.15446e-08
0.812247 0.00364556 2.15435e-08
0.812286 0.00364556 2.1547e-08
0.812326 0.00364556 2.15449e-08
0.812366 0.00364556 2.15436e-08
0.812406 0.00364556 2.15468e-08
0.812445 0.00364556 2.15446e-08
0.812485 0.00364556 2.15435e-08
0.812525 0.00364556 2.1547e-08
0.812565 0.00364556 2.15449e-08
0.812604 0.00364556 2.15436e-08
0.812644 0.00364556 2.15468e-08
0.812684 0.00364556 2.15446e-08
0.812724 0.00364556 2.15435e-08
0.812763 0.00364556 2.1547e-08
0.812803 0.00364556 2.15449e-08
0.812843 0.00364556 2.15436e-08
0.812883 0.00364556 2.15468e-08
0.812922 0.00364556 2.15446e-08
0.812962 0.00364556 2.15435e-08
0.813002 0.00364556 2.1547e-08
0.813042 0.00364556 2.15449e-08
0.813082 0.00364556 2.15436e-08
0.813121 0.00364556 2.15468e-08
0.813161 0.00364556 2.15446e-08
0.813201 0.00364556 2.15435e-08
0.813241 0.00364556 2.1547e-08
0.81328 0.00364556 2.15449e-08
0.81332 0.00364556 2.15436e-08
0.81336 0.00364556 2.15468e-08
0.8134 0.00364556 2.15446e-08
0.813439 0.00364556 2.15435e-08
0.813479 0.00364556 2.1547e-08
0.813519 0.00364556 2.15449e-08
0.813559 0.00364556 2.15436e-08
0.813598 0.00364556 2.15468e-08
0.813638 0.00364556 2.15446e-08
0.813678 0.00364556 2.15435e-08
0.813718 0.00364556 2.1547e-08
0.813757 0.00364556 2.15449e-08
0.813797 0.00364556 2.15436e-08
0.813837 0.00364556 2.15468e-08
0.813877 0.00364556 2.15446e-08
0.813917 0.00364556 2.15435e-08
0.813956 0.00364556 2.1547e-08
0.813996 0.00364556 2.15449e-08
0.814036 0.00364556 2.15436e-08
0.814076 0.00364556 2.15468e-08
0.814115 0.00364556 2.15446e-08
0.814155 0.00364556 2.15435e-08
0.814195 0.00364556 2.1547e-08
0.814235 0.00364556 2.15449e-08
0.814274 0.00364556 2.15436e-08
0.814314 0.00364556 2.15468e-08
0.814354 0.00364556 2.15446e-08
0.814394 0.00364556 2.15435e-08
0.814433 0.00364556 2.1547e-08
0.814473 0.00364556 2.15449e-08
0.814513 0.00364556 2.15436e-08
0.814553 0.00364556 2.15468e-08
0.814592 0.00364556 2.15446e-08
0.814632 0.00364556 2.15435e-08
0.814672 0.00364556 2.1547e-08
0.814712 0.00364556 2.15449e-08
0.814751 0.00364556 2.15436e-08
0.814791 0.00364556 2.15468e-08
0.814831 0.00364556 2.15446e-08
0.814871 0.00364556 2.15435e-08
0.814911 0.00364556 2.1547e-08
0.81495 0.00364556 2.15449e-08
0.81499 0.00364556 2.15436e-08
0.81503 0.00364556 2.15468e-08
0.81507 0.00364556 2.15446e-08
0.815109 0.00364556 2.15435e-08
0.815149 0.00364556 2.1547e-08
0.815189 0.00364556 2.15449e-08
0.815229 0.00364556 2.15436e-08
0.815268 0.00364556 2.15468e-08
0.815308 0.00364556 2.15446e-08
0.815348 0.00364556 2.15435e-08
0.815388 0.00364556 2.1547e-08
0.815427 0.00364556 2.15449e-08
0.815467 0.00364556 2.15436e-08
0.815507 0.00364556 2.15468e-08
0.815547 0.00364556 2.15446e-08
0.815586 0.00364556 2.15435e-08
0.815626 0.00364556 2.1547e-08
0.815666 0.00364556 2.15449e-08
0.815706 0.00364556 2.15436e-08
0.815746 0.00364556 2.15468e-08
0.815785 0.00364556 2.15446e-08
0.815825 0.00364556 2.15435e-08
0.815865 0.00364556 2.1547e-08
0.815905 0.00364556 2.15449e-08
0.815944 0.00364556 2.15436e-08
0.815984 0.00364556 2.15468e-08
0.816024 0.00364556 2.15446e-08
0.816064 0.00364556 2.15435e-08
0.816103 0.00364556 2.1547e-08
0.816143 0.00364556 2.15449e-08
0.816183 0.00364556 2.15436e-08
0.816223 0.00364556 2.15468e-08
0.816262 0.00364556 2.15446e-08
0.816302 0.00364556 2.15435e-08
0.816342 0.00364556 2.1547e-08
0.816382 0.00364556 2.15449e-08
0.816421 0.00364556 2.15436e-08
0.816461 0.00364556 2.15468e-08
0.816501 0.00364556 2.15446e-08
0.816541 0.00364556 2.15435e-08
0.816581 0.00364556 2.1547e-08
0.81662 0.00364556 2.15449e-08
0.81666 0.00364556 2.15436e-08
0.8167 0.00364556 2.15468e-08
0.81674 0.00364556 2.15446e-08
0.816779 0.00364556 2.15435e-08
0.816819 0.00364556 2.1547e-08
0.816859 0.00364556 2.15449e-08
0.816899 0.00364556 2.15436e-08
0.816938 0.00364556 2.15468e-08
0.816978 0.00364556 2.15446e-08
0.817018 0.00364556 2.15435e-08
0.817058 0.00364556 2.1547e-08
0.817097 0.00364556 2.15449e-08
0.817137 0.00364556 2.15436e-08
0.817177 0.00364556 2.15468e-08
0.817217 0.00364556 2.15446e-08
0.817256 0.00364556 2.15435e-08
0.817296 0.00364556 2.1547e-08
0.817336 0.00364556 2.15449e-08
0.817376 0.00364556 2.15436e-08
0.817416 0.00364556 2.15468e-08
0.817455 0.00364556 2.15446e-08
0.817495 0.00364556 2.15435e-08
0.817535 0.00364556 2.1547e-08
0.817575 0.00364556 2.15449e-08
0.817614 0.00364556 2.15436e-08
0.817654 0.00364556 2.15468e-08
0.817694 0.00364556 2.15446e-08
0.817734 0.00364556 2.15435e-08
0.817773 0.00364556 2.1547e-08
0.817813 0.00364556 2.15449e-08
0.817853 0.00364556 2.15436e-08
0.817893 0.00364556 2.15468e-08
0.817932 0.00364556 2.15446e-08
0.817972 0.00364556 2.15435e-08
0.818012 0.00364556 2.1547e-08
0.818052 0.00364556 2.15449e-08
0.818091 0.00364556 2.15436e-08
0.818131 0.00364556 2.15468e-08
0.818171 0.00364556 2.15446e-08
0.818211 0.00364556 2.15435e-08
0.81825 0.00364556 2.1547e-08
0.81829 0.00364556 2.15449e-08
0.81833 0.00364556 2.15436e-08
0.81837 0.00364556 2.15468e-08
0.81841 0.00364556 2.15446e-08
0.818449 0.00364556 2.15435e-08
0.818489 0.00364556 2.1547e-08
0.818529 0.00364556 2.15449e-08
0.818569 0.00364556 2.15436e-08
0.818608 0.00364556 2.15468e-08
0.818648 0.00364556 2.15446e-08
0.818688 0.00364556 2.15435e-08
0.818728 0.00364556 2.1547e-08
0.818767 0.00364556 2.15449e-08
0.818807 0.00364556 2.15436e-08
0.818847 0.00364556 2.15468e-08
0.818887 0.00364556 2.15446e-08
0.818926 0.00364556 2.15435e-08
0.818966 0.00364556 2.1547e-08
0.819006 0.00364556 2.15449e-08
0.819046 0.00364556 2.15436e-08
0.819085 0.00364556 2.15468e-08
0.819125 0.00364556 2.15446e-08
0.819165 0.00364556 2.15435e-08
0.819205 0.00364556 2.1547e-08
0.819245 0.00364556 2.15449e-08
0.819284 0.00364556 2.15436e-08
0.819324 0.00364556 2.15468e-08
0.819364 0.00364556 2.15446e-08
0.819404 0.00364556 2.15435e-08
0.819443 0.00364556 2.1547e-08
0.819483 0.00364556 2.15449e-08
0.819523 0.00364556 2.15436e-08
0.819563 0.00364556 2.15468e-08
0.819602 0.00364556 2.15446e-08
0.819642 0.00364556 2.15435e-08
0.819682 0.00364556 2.1547e-08
0.819722 0.00364556 2.15449e-08
0.819761 0.00364556 2.15436e-08
0.819801 0.00364556 2.15468e-08
0.819841 0.00364556 2.15446e-08
0.819881 0.00364556 2.15435e-08
0.81992 0.00364556 2.1547e-08
0.81996 0.00364556 2.15449e-08
0.82 0.00364556 2.15436e-08
0.82004 0.00364556 2.15468e-08
0.82008 0.00364556 2.15446e-08
0.820119 0.00364556 2.15435e-08
0.820159 0.00364556 2.1547e-08
0.820199 0.00364556 2.15449e-08
0.820239 0.00364556 2.15436e-08
0.820278 0.00364556 2.15468e-08
0.820318 0.00364556 2.15446e-08
0.820358 0.00364556 2.15435e-08
0.820398 0.00364556 2.1547e-08
0.820437 0.00364556 2.15449e-08
0.820477 0.00364556 2.15436e-08
0.820517 0.00364556 2.15468e-08
0.820557 0.00364556 2.15446e-08
0.820596 0.00364556 2.15435e-08
0.820636 0.00364556 2.1547e-08
0.820676 0.00364556 2.15449e-08
0.820716 0.00364556 2.15436e-08
0.820755 0.00364556 2.15468e-08
0.820795 0.00364556 2.15446e-08
0.820835 0.00364556 2.15435e-08
0.820875 0.00364556 2.1547e-08
0.820915 0.00364556 2.15449e-08
0.820954 0.00364556 2.15436e-08
0.820994 0.00364556 2.15468e-08
0.821034 0.00364556 2.15446e-08
0.821074 0.00364556 2.15435e-08
0.821113 0.00364556 2.1547e-08
0.821153 0.00364556 2.15449e-08
0.821193 0.00364556 2.15436e-08
0.821233 0.00364556 2.15468e-08
0.821272 0.00364556 2.15446e-08
0.821312 0.00364556 2.15435e-08
0.821352 0.00364556 2.1547e-08
0.821392 0.00364556 2.15449e-08
0.821431 0.00364556 2.15436e-08
0.821471 0.00364556 2.15468e-08
0.821511 0.00364556 2.15446e-08
0.821551 0.00364556 2.15435e-08
0.82159 0.00364556 2.1547e-08
0.82163 0.00364556 2.15449e-08
0.82167 0.00364556 2.15436e-08
0.82171 0.00364556 2.15468e-08
0.82175 0.00364556 2.15446e-08
0.821789 0.00364556 2.15435e-08
0.821829 0.00364556 2.1547e-08
0.821869 0.00364556 2.15449e-08
0.821909 0.00364556 2.15436e-08
0.821948 0.00364556 2.15468e-08
0.821988 0.00364556 2.15446e-08
0.822028 0.00364556 2.15435e-08
0.822068 0.00364556 2.1547e-08
0.822107 0.00364556 2.15449e-08
0.822147 0.00364556 2.15436e-08
0.822187 0.00364556 2.15468e-08
0.822227 0.00364556 2.15446e-08
0.822266 0.00364556 2.15435e-08
0.822306 0.00364556 2.1547e-08
0.822346 0.00364556 2.15449e-08
0.822386 0.00364556 2.15436e-08
0.822425 0.00364556 2.15468e-08
0.822465 0.00364556 2.15446e-08
0.822505 0.00364556 2.15435e-08
0.822545 0.00364556 2.1547e-08
0.822584 0.00364556 2.15449e-08
0.822624 0.00364556 2.15436e-08
0.822664 0.00364556 2.15468e-08
0.822704 0.00364556 2.15446e-08
0.822744 0.00364556 2.15435e-08
0.822783 0.00364556 2.1547e-08
0.822823 0.00364556 2.15449e-08
0.822863 0.00364556 2.15436e-08
0.822903 0.00364556 2.15468e-08
0.822942 0.00364556 2.15446e-08
0.822982 0.00364556 2.15435e-08
0.823022 0.00364556 2.1547e-08
0.823062 0.00364556 2.15449e-08
0.823101 0.00364556 2.15436e-08
0.823141 0.00364556 2.15468e-08
0.823181 0.00364556 2.15446e-08
0.823221 0.00364556 2.15435e-08
0.82326 0.00364556 2.1547e-08
0.8233 0.00364556 2.15449e-08
0.82334 0.00364556 2.15436e-08
0.82338 0.00364556 2.15468e-08
0.823419 0.00364556 2.15446e-08
0.823459 0.00364556 2.15435e-08
0.823499 0.00364556 2.1547e-08
0.823539 0.00364556 2.15449e-08
0.823579 0.00364556 2.15436e-08
0.823618 0.00364556 2.15468e-08
0.823658 0.00364556 2.15446e-08
0.823698 0.00364556 2.15435e-08
0.823738 0.00364556 2.1547e-08
0.823777 0.00364556 2.15449e-08
0.823817 0.00364556 2.15436e-08
0.823857 0.00364556 2.15468e-08
0.823897 0.00364556 2.15446e-08
0.823936 0.00364556 2.15435e-08
0.823976 0.00364556 2.1547e-08
0.824016 0.00364556 2.15449e-08
0.824056 0.00364556 2.15436e-08
0.824095 0.00364556 2.15468e-08
0.824135 0.00364556 2.15446e-08
0.824175 0.00364556 2.15435e-08
0.824215 0.00364556 2.1547e-08
0.824254 0.00364556 2.15449e-08
0.824294 0.00364556 2.15436e-08
0.824334 0.00364556 2.15468e-08
0.824374 0.00364556 2.15446e-08
0.824414 0.00364556 2.15435e-08
0.824453 0.00364556 2.1547e-08
0.824493 0.00364556 2.15449e-08
0.824533 0.00364556 2.15436e-08
0.824573 0.00364556 2.15468e-08
0.824612 0.00364556 2.15446e-08
0.824652 0.00364556 2.15435e-08
0.824692 0.00364556 2.1547e-08
0.824732 0.00364556 2.15449e-08
0.824771 0.00364556 2.15436e-08
0.824811 0.00364556 2.15468e-08
0.824851 0.00364556 2.15446e-08
0.824891 0.00364556 2.15435e-08
0.82493 0.00364556 2.1547e-08
0.82497 0.00364556 2.15449e-08
0.82501 0.00364556 2.15436e-08
0.82505 0.00364556 2.15468e-08
0.825089 0.00364556 2.15446e-08
0.825129 0.00364556 2.15435e-08
0.825169 0.00364556 2.1547e-08
0.825209 0.00364556 2.15449e-08
0.825249 0.00364556 2.15436e-08
0.825288 0.00364556 2.15468e-08
0.825328 0.00364556 2.15446e-08
0.825368 0.00364556 2.15435e-08
0.825408 0.00364556 2.1547e-08
0.825447 0.00364556 2.15449e-08
0.825487 0.00364556 2.15436e-08
0.825527 0.00364556 2.15468e-08
0.825567 0.00364556 2.15446e-08
0.825606 0.00364556 2.15435e-08
0.825646 0.00364556 2.1547e-08
0.825686 0.00364556 2.15449e-08
0.825726 0.00364556 2.15436e-08
0.825765 0.00364556 2.15468e-08
0.825805 0.00364556 2.15446e-08
0.825845 0.00364556 2.15435e-08
0.825885 0.00364556 2.1547e-08
0.825924 0.00364556 2.15449e-08
0.825964 0.00364556 2.15436e-08
0.826004 0.00364556 2.15468e-08
0.826044 0.00364556 2.15446e-08
0.826083 0.00364556 2.15435e-08
0.826123 0.00364556 2.1547e-08
0.826163 0.00364556 2.15449e-08
0.826203 0.00364556 2.15436e-08
0.826243 0.00364556 2.15468e-08
0.826282 0.00364556 2.15446e-08
0.826322 0.00364556 2.15435e-08
0.826362 0.00364556 2.1547e-08
0.826402 0.00364556 2.15449e-08
0.826441 0.00364556 2.15436e-08
0.826481 0.00364556 2.15468e-08
0.826521 0.00364556 2.15446e-08
0.826561 0.00364556 2.15435e-08
0.8266 0.00364556 2.1547e-08
0.82664 0.00364556 2.15449e-08
0.82668 0.00364556 2.15436e-08
0.82672 0.00364556 2.15468e-08
0.826759 0.00364556 2.15446e-08
0.826799 0.00364556 2.15435e-08
0.826839 0.00364556 2.1547e-08
0.826879 0.00364556 2.15449e-08
0.826918 0.00364556 2.15436e-08
0.826958 0.00364556 2.15468e-08
0.826998 0.00364556 2.15446e-08
0.827038 0.00364556 2.15435e-08
0.827078 0.00364556 2.1547e-08
0.827117 0.00364556 2.15449e-08
0.827157 0.00364556 2.15436e-08
0.827197 0.00364556 2.15468e-08
0.827237 0.00364556 2.15446e-08
0.827276 0.00364556 2.15435e-08
0.827316 0.00364556 2.1547e-08
0.827356 0.00364556 2.15449e-08
0.827396 0.00364556 2.15436e-08
0.827435 0.00364556 2.15468e-08
0.827475 0.00364556 2.15446e-08
0.827515 0.00364556 2.15435e-08
0.827555 0.00364556 2.1547e-08
0.827594 0.00364556 2.15449e-08
0.827634 0.00364556 2.15436e-08
0.827674 0.00364556 2.15468e-08
0.827714 0.00364556 2.15446e-08
0.827753 0.00364556 2.15435e-08
0.827793 0.00364556 2.1547e-08
0.827833 0.00364556 2.15449e-08
0.827873 0.00364556 2.15436e-08
0.827913 0.00364556 2.15468e-08
0.827952 0.00364556 2.15446e-08
0.827992 0.00364556 2.15435e-08
0.828032 0.00364556 2.1547e-08
0.828072 0.00364556 2.15449e-08
0.828111 0.00364556 2.15436e-08
0.828151 0.00364556 2.15468e-08
0.828191 0.00364556 2.15446e-08
0.828231 0.00364556 2.15435e-08
0.82827 0.00364556 2.1547e-08
0.82831 0.00364556 2.15449e-08
0.82835 0.00364556 2.15436e-08
0.82839 0.00364556 2.15468e-08
0.828429 0.00364556 2.15446e-08
0.828469 0.00364556 2.15435e-08
0.828509 0.00364556 2.1547e-08
0.828549 0.00364556 2.15449e-08
0.828588 0.00364556 2.15436e-08
0.828628 0.00364556 2.15468e-08
0.828668 0.00364556 2.15446e-08
0.828708 0.00364556 2.15435e-08
0.828748 0.00364556 2.1547e-08
0.828787 0.00364556 2.15449e-08
0.828827 0.00364556 2.15436e-08
0.828867 0.00364556 2.15468e-08
0.828907 0.00364556 2.15446e-08
0.828946 0.00364556 2.15435e-08
0.828986 0.00364556 2.1547e-08
0.829026 0.00364556 2.15449e-08
0.829066 0.00364556 2.15436e-08
0.829105 0.00364556 2.15468e-08
0.829145 0.00364556 2.15446e-08
0.829185 0.00364556 2.15435e-08
0.829225 0.00364556 2.1547e-08
0.829264 0.00364556 2.15449e-08
0.829304 0.00364556 2.15436e-08
0.829344 0.00364556 2.15468e-08
0.829384 0.00364556 2.15446e-08
0.829423 0.00364556 2.15435e-08
0.829463 0.00364556 2.1547e-08
0.829503 0.00364556 2.15449e-08
0.829543 0.00364556 2.15436e-08
0.829583 0.00364556 2.15468e-08
0.829622 0.00364556 2.15446e-08
0.829662 0.00364556 2.15435e-08
0.829702 0.00364556 2.1547e-08
0.829742 0.00364556 2.15449e-08
0.829781 0.00364556 2.15436e-08
0.829821 0.00364556 2.15468e-08
0.829861 0.00364556 2.15446e-08
0.829901 0.00364556 2.15435e-08
0.82994 0.00364556 2.1547e-08
0.82998 0.00364556 2.15449e-08
0.83002 0.00364556 2.15436e-08
0.83006 0.00364556 2.15468e-08
0.830099 0.00364556 2.15446e-08
0.830139 0.00364556 2.15435e-08
0.830179 0.00364556 2.1547e-08
0.830219 0.00364556 2.15449e-08
0.830258 0.00364556 2.15436e-08
0.830298 0.00364556 2.15468e-08
0.830338 0.00364556 2.15446e-08
0.830378 0.00364556 2.15435e-08
0.830417 0.00364556 2.1547e-08
0.830457 0.00364556 2.15449e-08
0.830497 0.00364556 2.15436e-08
0.830537 0.00364556 2.15468e-08
0.830577 0.00364556 2.15446e-08
0.830616 0.00364556 2.15435e-08
0.830656 0.00364556 2.1547e-08
0.830696 0.00364556 2.15449e-08
0.830736 0.00364556 2.15436e-08
0.830775 0.00364556 2.15468e-08
0.830815 0.00364556 2.15446e-08
0.830855 0.00364556 2.15435e-08
0.830895 0.00364556 2.1547e-08
0.830934 0.00364556 2.15449e-08
0.830974 0.00364556 2.15436e-08
0.831014 0.00364556 2.15468e-08
0.831054 0.00364556 2.15446e-08
0.831093 0.00364556 2.15435e-08
0.831133 0.00364556 2.1547e-08
0.831173 0.00364556 2.15449e-08
0.831213 0.00364556 2.15436e-08
0.831252 0.00364556 2.15468e-08
0.831292 0.00364556 2.15446e-08
0.831332 0.00364556 2.15435e-08
0.831372 0.00364556 2.1547e-08
0.831412 0.00364556 2.15449e-08
0.831451 0.00364556 2.15436e-08
0.831491 0.00364556 2.15468e-08
0.831531 0.00364556 2.15446e-08
0.831571 0.00364556 2.15435e-08
0.83161 0.00364556 2.1547e-08
0.83165 0.00364556 2.15449e-08
0.83169 0.00364556 2.15436e-08
0.83173 0.00364556 2.15468e-08
0.831769 0.00364556 2.15446e-08
0.831809 0.00364556 2.15435e-08
0.831849 0.00364556 2.1547e-08
0.831889 0.00364556 2.15449e-08
0.831928 0.00364556 2.15436e-08
0.831968 0.00364556 2.15468e-08
0.832008 0.00364556 2.15446e-08
0.832048 0.00364556 2.15435e-08
0.832087 0.00364556 2.1547e-08
0.832127 0.00364556 2.15449e-08
0.832167 0.00364556 2.15436e-08
0.832207 0.00364556 2.15468e-08
0.832247 0.00364556 2.15446e-08
0.832286 0.00364556 2.15435e-08
0.832326 0.00364556 2.1547e-08
0.832366 0.00364556 2.15449e-08
0.832406 0.00364556 2.15436e-08
0.832445 0.00364556 2.15468e-08
0.832485 0.00364556 2.15446e-08
0.832525 0.00364556 2.15435e-08
0.832565 0.00364556 2.1547e-08
0.832604 0.00364556 2.15449e-08
0.832644 0.00364556 2.15436e-08
0.832684 0.00364556 2.15468e-08
0.832724 0.00364556 2.15446e-08
0.832763 0.00364556 2.15435e-08
0.832803 0.00364556 2.1547e-08
0.832843 0.00364556 2.15449e-08
0.832883 0.00364556 2.15436e-08
0.832922 0.00364556 2.15468e-08
0.832962 0.00364556 2.15446e-08
0.833002 0.00364556 2.15435e-08
0.833042 0.00364556 2.1547e-08
0.833082 0.00364556 2.15449e-08
0.833121 0.00364556 2.15436e-08
0.833161 0.00364556 2.15468e-08
0.833201 0.00364556 2.15446e-08
0.833241 0.00364556 2.15435e-08
0.83328 0.00364556 2.1547e-08
0.83332 0.00364556 2.15449e-08
0.83336 0.00364556 2.15436e-08
0.8334 0.00364556 2.15468e-08
0.833439 0.00364556 2.15446e-08
0.833479 0.00364556 2.15435e-08
0.833519 0.00364556 2.1547e-08
0.833559 0.00364556 2.15449e-08
0.833598 0.00364556 2.15436e-08
0.833638 0.00364556 2.15468e-08
0.833678 0.00364556 2.15446e-08
0.833718 0.00364556 2.15435e-08
0.833757 0.00364556 2.1547e-08
0.833797 0.00364556 2.15449e-08
0.833837 0.00364556 2.15436e-08
0.833877 0.00364556 2.15468e-08
0.833917 0.00364556 2.15446e-08
0.833956 0.00364556 2.15435e-08
0.833996 0.00364556 2.1547e-08
0.834036 0.00364556 2.15449e-08
0.834076 0.00364556 2.15436e-08
0.834115 0.00364556 2.15468e-08
0.834155 0.00364556 2.15446e-08
0.834195 0.00364556 2.15435e-08
0.834235 0.00364556 2.1547e-08
0.834274 0.00364556 2.15449e-08
0.834314 0.00364556 2.15436e-08
0.834354 0.00364556 2.15468e-08
0.834394 0.00364556 2.15446e-08
0.834433 0.00364556 2.15435e-08
0.834473 0.00364556 2.1547e-08
0.834513 0.00364556 2.15449e-08
0.834553 0.00364556 2.15436e-08
0.834592 0.00364556 2.15468e-08
0.834632 0.00364556 2.15446e-08
0.834672 0.00364556 2.15435e-08
0.834712 0.00364556 2.1547e-08
0.834751 0.00364556 2.15449e-08
0.834791 0.00364556 2.15436e-08
0.834831 0.00364556 2.15468e-08
0.834871 0.00364556 2.15446e-08
0.834911 0.00364556 2.15435e-08
0.83495 0.00364556 2.1547e-08
0.83499 0.00364556 2.15449e-08
0.83503 0.00364556 2.15436e-08
0.83507 0.00364556 2.15468e-08
0.835109 0.00364556 2.15446e-08
0.835149 0.00364556 2.15435e-08
0.835189 0.00364556 2.1547e-08
0.835229 0.00364556 2.15449e-08
0.835268 0.00364556 2.15436e-08
0.835308 0.00364556 2.15468e-08
0.835348 0.00364556 2.15446e-08
0.835388 0.00364556 2.15435e-08
0.835427 0.00364556 2.1547e-08
0.835467 0.00364556 2.15449e-08
0.835507 0.00364556 2.15436e-08
0.835547 0.00364556 2.15468e-08
0.835586 0.00364556 2.15446e-08
0.835626 0.00364556 2.15435e-08
0.835666 0.00364556 2.1547e-08
0.835706 0.00364556 2.15449e-08
0.835746 0.00364556 2.15436e-08
0.835785 0.00364556 2.15468e-08
0.835825 0.00364556 2.15446e-08
0.835865 0.00364556 2.15435e-08
0.835905 0.00364556 2.1547e-08
0.835944 0.00364556 2.15449e-08
0.835984 0.00364556 2.15436e-08
0.836024 0.00364556 2.15468e-08
0.836064 0.00364556 2.15446e-08
0.836103 0.00364556 2.15435e-08
0.836143 0.00364556 2.1547e-08
0.836183 0.00364556 2.15449e-08
0.836223 0.00364556 2.15436e-08
0.836262 0.00364556 2.15468e-08
0.836302 0.00364556 2.15446e-08
0.836342 0.00364556 2.15435e-08
0.836382 0.00364556 2.1547e-08
0.836421 0.00364556 2.15449e-08
0.836461 0.00364556 2.15436e-08
0.836501 0.00364556 2.15468e-08
0.836541 0.00364556 2.15446e-08
0.836581 0.00364556 2.15435e-08
0.83662 0.00364556 2.1547e-08
0.83666 0.00364556 2.15449e-08
0.8367 0.00364556 2.15436e-08
0.83674 0.00364556 2.15468e-08
0.836779 0.00364556 2.15446e-08
0.836819 0.00364556 2.15435e-08
0.836859 0.00364556 2.1547e-08
0.836899 0.00364556 2.15449e-08
0.836938 0.00364556 2.15436e-08
0.836978 0.00364556 2.15468e-08
0.837018 0.00364556 2.15446e-08
0.837058 0.00364556 2.15435e-08
0.837097 0.00364556 2.1547e-08
0.837137 0.00364556 2.15449e-08
0.837177 0.00364556 2.15436e-08
0.837217 0.00364556 2.15468e-08
0.837256 0.00364556 2.15446e-08
0.837296 0.00364556 2.15435e-08
0.837336 0.00364556 2.1547e-08
0.837376 0.00364556 2.15449e-08
0.837416 0.00364556 2.15436e-08
0.837455 0.00364556 2.15468e-08
0.837495 0.00364556 2.15446e-08
0.837535 0.00364556 2.15435e-08
0.837575 0.00364556 2.1547e-08
0.837614 0.00364556 2.15449e-08
0.837654 0.00364556 2.15436e-08
0.837694 0.00364556 2.15468e-08
0.837734 0.00364556 2.15446e-08
0.837773 0.00364556 2.15435e-08
0.837813 0.00364556 2.1547e-08
0.837853 0.00364556 2.15449e-08
0.837893 0.00364556 2.15436e-08
0.837932 0.00364556 2.15468e-08
0.837972 0.00364556 2.15446e-08
0.838012 0.00364556 2.15435e-08
0.838052 0.00364556 2.1547e-08
0.838091 0.00364556 2.15449e-08
0.838131 0.00364556 2.15436e-08
0.838171 0.00364556 2.15468e-08
0.838211 0.00364556 2.15446e-08
0.83825 0.00364556 2.15435e-08
0.83829 0.00364556 2.1547e-08
0.83833 0.00364556 2.15449e-08
0.83837 0.00364556 2.15436e-08
0.83841 0.00364556 2.15468e-08
0.838449 0.00364556 2.15446e-08
0.838489 0.00364556 2.15435e-08
0.838529 0.00364556 2.1547e-08
0.838569 0.00364556 2.15449e-08
0.838608 0.00364556 2.15436e-08
0.838648 0.00364556 2.15468e-08
0.838688 0.00364556 2.15446e-08
0.838728 0.00364556 2.15435e-08
0.838767 0.00364556 2.1547e-08
0.838807 0.00364556 2.15449e-08
0.838847 0.00364556 2.15436e-08
0.838887 0.00364556 2.15468e-08
0.838926 0.00364556 2.15446e-08
0.838966 0.00364556 2.15435e-08
0.839006 0.00364556 2.1547e-08
0.839046 0.00364556 2.15449e-08
0.839085 0.00364556 2.15436e-08
0.839125 0.00364556 2.15468e-08
0.839165 0.00364556 2.15446e-08
0.839205 0.00364556 2.15435e-08
0.839245 0.00364556 2.1547e-08
0.839284 0.00364556 2.15449e-08
0.839324 0.00364556 2.15436e-08
0.839364 0.00364556 2.15468e-08
0.839404 0.00364556 2.15446e-08
0.839443 0.00364556 2.15435e-08
0.839483 0.00364556 2.1547e-08
0.839523 0.00364556 2.15449e-08
0.839563 0.00364556 2.15436e-08
0.839602 0.00364556 2.15468e-08
0.839642 0.00364556 2.15446e-08
0.839682 0.00364556 2.15435e-08
0.839722 0.00364556 2.1547e-08
0.839761 0.00364556 2.15449e-08
0.839801 0.00364556 2.15436e-08
0.839841 0.00364556 2.15468e-08
0.839881 0.00364556 2.15446e-08
0.83992 0.00364556 2.15435e-08
0.83996 0.00364556 2.1547e-08
0.84 0.00364556 2.15449e-08
0.84004 0.00364556 2.15436e-08
0.84008 0.00364556 2.15468e-08
0.840119 0.00364556 2.15446e-08
0.840159 0.00364556 2.15435e-08
0.840199 0.00364556 2.1547e-08
0.840239 0.00364556 2.15449e-08
0.840278 0.00364556 2.15436e-08
0.840318 0.00364556 2.15468e-08
0.840358 0.00364556 2.15446e-08
0.840398 0.00364556 2.15435e-08
0.840437 0.00364556 2.1547e-08
0.840477 0.00364556 2.15449e-08
0.840517 0.00364556 2.15436e-08
0.840557 0.00364556 2.15468e-08
0.840596 0.00364556 2.15446e-08
0.840636 0.00364556 2.15435e-08
0.840676 0.00364556 2.1547e-08
0.840716 0.00364556 2.15449e-08
0.840755 0.00364556 2.15436e-08
0.840795 0.00364556 2.15468e-08
0.840835 0.00364556 2.15446e-08
0.840875 0.00364556 2.15435e-08
0.840915 0.00364556 2.1547e-08
0.840954 0.00364556 2.15449e-08
0.840994 0.00364556 2.15436e-08
0.841034 0.00364556 2.15468e-08
0.841074 0.00364556 2.15446e-08
0.841113 0.00364556 2.15435e-08
0.841153 0.00364556 2.1547e-08
0.841193 0.00364556 2.15449e-08
0.841233 0.00364556 2.15436e-08
0.841272 0.00364556 2.15468e-08
0.841312 0.00364556 2.15446e-08
0.841352 0.00364556 2.15435e-08
0.841392 0.00364556 2.1547e-08
0.841431 0.00364556 2.15449e-08
0.841471 0.00364556 2.15436e-08
0.841511 0.00364556 2.15468e-08
0.841551 0.00364556 2.15446e-08
0.84159 0.00364556 2.15435e-08
0.84163 0.00364556 2.1547e-08
0.84167 0.00364556 2.15449e-08
0.84171 0.00364556 2.15436e-08
0.84175 0.00364556 2.15468e-08
0.841789 0.00364556 2.15446e-08
0.841829 0.00364556 2.15435e-08
0.841869 0.00364556 2.1547e-08
0.841909 0.00364556 2.15449e-08
0.841948 0.00364556 2.15436e-08
0.841988 0.00364556 2.15468e-08
0.842028 0.00364556 2.15446e-08
0.842068 0.00364556 2.15435e-08
0.842107 0.00364556 2.1547e-08
0.842147 0.00364556 2.15449e-08
0.842187 0.00364556 2.15436e-08
0.842227 0.00364556 2.15468e-08
0.842266 0.00364556 2.15446e-08
0.842306 0.00364556 2.15435e-08
0.842346 0.00364556 2.1547e-08
0.842386 0.00364556 2.15449e-08
0.842425 0.00364556 2.15436e-08
0.842465 0.00364556 2.15468e-08
0.842505 0.00364556 2.15446e-08
0.842545 0.00364556 2.15435e-08
0.842584 0.00364556 2.1547e-08
0.842624 0.00364556 2.15449e-08
0.842664 0.00364556 2.15436e-08
0.842704 0.00364556 2.15468e-08
0.842744 0.00364556 2.15446e-08
0.842783 0.00364556 2.15435e-08
0.842823 0.00364556 2.1547e-08
0.842863 0.00364556 2.15449e-08
0.842903 0.00364556 2.15436e-08
0.842942 0.00364556 2.15468e-08
0.842982 0.00364556 2.15446e-08
0.843022 0.00364556 2.15435e-08
0.843062 0.00364556 2.1547e-08
0.843101 0.00364556 2.15449e-08
0.843141 0.00364556 2.15436e-08
0.843181 0.00364556 2.15468e-08
0.843221 0.00364556 2.15446e-08
0.84326 0.00364556 2.15435e-08
0.8433 0.00364556 2.1547e-08
0.84334 0.00364556 2.15449e-08
0.84338 0.00364556 2.15436e-08
0.843419 0.00364556 2.15468e-08
0.843459 0.00364556 2.15446e-08
0.843499 0.00364556 2.15435e-08
0.843539 0.00364556 2.1547e-08
0.843579 0.00364556 2.15449e-08
0.843618 0.00364556 2.15436e-08
0.843658 0.00364556 2.15468e-08
0.843698 0.00364556 2.15446e-08
0.843738 0.00364556 2.15435e-08
0.843777 0.00364556 2.1547e-08
0.843817 0.00364556 2.15449e-08
0.843857 0.00364556 2.15436e-08
0.843897 0.00364556 2.15468e-08
0.843936 0.00364556 2.15446e-08
0.843976 0.00364556 2.15435e-08
0.844016 0.00364556 2.1547e-08
0.844056 0.00364556 2.15449e-08
0.844095 0.00364556 2.15436e-08
0.844135 0.00364556 2.15468e-08
0.844175 0.00364556 2.15446e-08
0.844215 0.00364556 2.15435e-08
0.844254 0.00364556 2.1547e-08
0.844294 0.00364556 2.15449e-08
0.844334 0.00364556 2.15436e-08
0.844374 0.00364556 2.15468e-08
0.844414 0.00364556 2.15446e-08
0.844453 0.00364556 2.15435e-08
0.844493 0.00364556 2.1547e-08
0.844533 0.00364556 2.15449e-08
0.844573 0.00364556 2.15436e-08
0.844612 0.00364556 2.15468e-08
0.844652 0.00364556 2.15446e-08
0.844692 0.00364556 2.15435e-08
0.844732 0.00364556 2.1547e-08
0.844771 0.00364556 2.15449e-08
0.844811 0.00364556 2.15436e-08
0.844851 0.00364556 2.15468e-08
0.844891 0.00364556 2.15446e-08
0.84493 0.00364556 2.15435e-08
0.84497 0.00364556 2.1547e-08
0.84501 0.00364556 2.15449e-08
0.84505 0.00364556 2.15436e-08
0.845089 0.00364556 2.15468e-08
0.845129 0.00364556 2.15446e-08
0.845169 0.00364556 2.15435e-08
0.845209 0.00364556 2.1547e-08
0.845249 0.00364556 2.15449e-08
0.845288 0.00364556 2.15436e-08
0.845328 0.00364556 2.15468e-08
0.845368 0.00364556 2.15446e-08
0.845408 0.00364556 2.15435e-08
0.845447 0.00364556 2.1547e-08
0.845487 0.00364556 2.15449e-08
0.845527 0.00364556 2.15436e-08
0.845567 0.00364556 2.15468e-08
0.845606 0.00364556 2.15446e-08
0.845646 0.00364556 2.15435e-08
0.845686 0.00364556 2.1547e-08
0.845726 0.00364556 2.15449e-08
0.845765 0.00364556 2.15436e-08
0.845805 0.00364556 2.15468e-08
0.845845 0.00364556 2.15446e-08
0.845885 0.00364556 2.15435e-08
0.845924 0.00364556 2.1547e-08
0.845964 0.00364556 2.15449e-08
0.846004 0.00364556 2.15436e-08
0.846044 0.00364556 2.15468e-08
0.846083 0.00364556 2.15446e-08
0.846123 0.00364556 2.15435e-08
0.846163 0.00364556 2.1547e-08
0.846203 0.00364556 2.15449e-08
0.846243 0.00364556 2.15436e-08
0.846282 0.00364556 2.15468e-08
0.846322 0.00364556 2.15446e-08
0.846362 0.00364556 2.15435e-08
0.846402 0.00364556 2.1547e-08
0.846441 0.00364556 2.15449e-08
0.846481 0.00364556 2.15436e-08
0.846521 0.00364556 2.15468e-08
0.846561 0.00364556 2.15446e-08
0.8466 0.00364556 2.15435e-08
0.84664 0.00364556 2.1547e-08
0.84668 0.00364556 2.15449e-08
0.84672 0.00364556 2.15436e-08
0.846759 0.00364556 2.15468e-08
0.846799 0.00364556 2.15446e-08
0.846839 0.00364556 2.15435e-08
0.846879 0.00364556 2.1547e-08
0.846918 0.00364556 2.15449e-08
0.846958 0.00364556 2.15436e-08
0.846998 0.00364556 2.15468e-08
0.847038 0.00364556 2.15446e-08
0.847078 0.00364556 2.15435e-08
0.847117 0.00364556 2.1547e-08
0.847157 0.00364556 2.15449e-08
0.847197 0.00364556 2.15436e-08
0.847237 0.00364556 2.15468e-08
0.847276 0.00364556 2.15446e-08
0.847316 0.00364556 2.15435e-08
0.847356 0.00364556 2.1547e-08
0.847396 0.00364556 2.15449e-08
0.847435 0.00364556 2.15436e-08
0.847475 0.00364556 2.15468e-08
0.847515 0.00364556 2.15446e-08
0.847555 0.00364556 2.15435e-08
0.847594 0.00364556 2.1547e-08
0.847634 0.00364556 2.15449e-08
0.847674 0.00364556 2.15436e-08
0.847714 0.00364556 2.15468e-08
0.847753 0.00364556 2.15446e-08
0.847793 0.00364556 2.15435e-08
0.847833 0.00364556 2.1547e-08
0.847873 0.00364556 2.15449e-08
0.847913 0.00364556 2.15436e-08
0.847952 0.00364556 2.15468e-08
0.847992 0.00364556 2.15446e-08
0.848032 0.00364556 2.15435e-08
0.848072 0.00364556 2.1547e-08
0.848111 0.00364556 2.15449e-08
0.848151 0.00364556 2.15436e-08
0.848191 0.00364556 2.15468e-08
0.848231 0.00364556 2.15446e-08
0.84827 0.00364556 2.15435e-08
0.84831 0.00364556 2.1547e-08
0.84835 0.00364556 2.15449e-08
0.84839 0.00364556 2.15436e-08
0.848429 0.00364556 2.15468e-08
0.848469 0.00364556 2.15446e-08
0.848509 0.00364556 2.15435e-08
0.848549 0.00364556 2.1547e-08
0.848588 0.00364556 2.15449e-08
0.848628 0.00364556 2.15436e-08
0.848668 0.00364556 2.15468e-08
0.848708 0.00364556 2.15446e-08
0.848748 0.00364556 2.15435e-08
0.848787 0.00364556 2.1547e-08
0.848827 0.00364556 2.15449e-08
0.848867 0.00364556 2.15436e-08
0.848907 0.00364556 2.15468e-08
0.848946 0.00364556 2.15446e-08
0.848986 0.00364556 2.15435e-08
0.849026 0.00364556 2.1547e-08
0.849066 0.00364556 2.15449e-08
0.849105 0.00364556 2.15436e-08
0.849145 0.00364556 2.15468e-08
0.849185 0.00364556 2.15446e-08
0.849225 0.00364556 2.15435e-08
0.849264 0.00364556 2.1547e-08
0.849304 0.00364556 2.15449e-08
0.849344 0.00364556 2.15436e-08
0.849384 0.00364556 2.15468e-08
0.849423 0.00364556 2.15446e-08
0.849463 0.00364556 2.15435e-08
0.849503 0.00364556 2.1547e-08
0.849543 0.00364556 2.15449e-08
0.849583 0.00364556 2.15436e-08
0.849622 0.00364556 2.15468e-08
0.849662 0.00364556 2.15446e-08
0.849702 0.00364556 2.15435e-08
0.849742 0.00364556 2.1547e-08
0.849781 0.00364556 2.15449e-08
0.849821 0.00364556 2.15436e-08
0.849861 0.00364556 2.15468e-08
0.849901 0.00364556 2.15446e-08
0.84994 0.00364556 2.15435e-08
0.84998 0.00364556 2.1547e-08
0.85002 0.00364556 2.15449e-08
0.85006 0.00364556 2.15436e-08
0.850099 0.00364556 2.15468e-08
0.850139 0.00364556 2.15446e-08
0.850179 0.00364556 2.15435e-08
0.850219 0.00364556 2.1547e-08
0.850258 0.00364556 2.15449e-08
0.850298 0.00364556 2.15436e-08
0.850338 0.00364556 2.15468e-08
0.850378 0.00364556 2.15446e-08
0.850417 0.00364556 2.15435e-08
0.850457 0.00364556 2.1547e-08
0.850497 0.00364556 2.15449e-08
0.850537 0.00364556 2.15436e-08
0.850577 0.00364556 2.15468e-08
0.850616 0.00364556 2.15446e-08
0.850656 0.00364556 2.15435e-08
0.850696 0.00364556 2.1547e-08
0.850736 0.00364556 2.15449e-08
0.850775 0.00364556 2.15436e-08
0.850815 0.00364556 2.15468e-08
0.850855 0.00364556 2.15446e-08
0.850895 0.00364556 2.15435e-08
0.850934 0.00364556 2.1547e-08
0.850974 0.00364556 2.15449e-08
0.851014 0.00364556 2.15436e-08
0.851054 0.00364556 2.15468e-08
0.851093 0.00364556 2.15446e-08
0.851133 0.00364556 2.15435e-08
0.851173 0.00364556 2.1547e-08
0.851213 0.00364556 2.15449e-08
0.851252 0.00364556 2.15436e-08
0.851292 0.00364556 2.15468e-08
0.851332 0.00364556 2.15446e-08
0.851372 0.00364556 2.15435e-08
0.851412 0.00364556 2.1547e-08
0.851451 0.00364556 2.15449e-08
0.851491 0.00364556 2.15436e-08
0.851531 0.00364556 2.15468e-08
0.851571 0.00364556 2.15446e-08
0.85161 0.00364556 2.15435e-08
0.85165 0.00364556 2.1547e-08
0.85169 0.00364556 2.15449e-08
0.85173 0.00364556 2.15436e-08
0.851769 0.00364556 2.15468e-08
0.851809 0.00364556 2.15446e-08
0.851849 0.00364556 2.15435e-08
0.851889 0.00364556 2.1547e-08
0.851928 0.00364556 2.15449e-08
0.851968 0.00364556 2.15436e-08
0.852008 0.00364556 2.15468e-08
0.852048 0.00364556 2.15446e-08
0.852087 0.00364556 2.15435e-08
0.852127 0.00364556 2.1547e-08
0.852167 0.00364556 2.15449e-08
0.852207 0.00364556 2.15436e-08
0.852247 0.00364556 2.15468e-08
0.852286 0.00364556 2.15446e-08
0.852326 0.00364556 2.15435e-08
0.852366 0.00364556 2.1547e-08
0.852406 0.00364556 2.15449e-08
0.852445 0.00364556 2.15436e-08
0.852485 0.00364556 2.15468e-08
0.852525 0.00364556 2.15446e-08
0.852565 0.00364556 2.15435e-08
0.852604 0.00364556 2.1547e-08
0.852644 0.00364556 2.15449e-08
0.852684 0.00364556 2.15436e-08
0.852724 0.00364556 2.15468e-08
0.852763 0.00364556 2.15446e-08
0.852803 0.00364556 2.15435e-08
0.852843 0.00364556 2.1547e-08
0.852883 0.00364556 2.15449e-08
0.852922 0.00364556 2.15436e-08
0.852962 0.00364556 2.15468e-08
0.853002 0.00364556 2.15446e-08
0.853042 0.00364556 2.15435e-08
0.853082 0.00364556 2.1547e-08
0.853121 0.00364556 2.15449e-08
0.853161 0.00364556 2.15436e-08
0.853201 0.00364556 2.15468e-08
0.853241 0.00364556 2.15446e-08
0.85328 0.00364556 2.15435e-08
0.85332 0.00364556 2.1547e-08
0.85336 0.00364556 2.15449e-08
0.8534 0.00364556 2.15436e-08
0.853439 0.00364556 2.15468e-08
0.853479 0.00364556 2.15446e-08
0.853519 0.00364556 2.15435e-08
0.853559 0.00364556 2.1547e-08
0.853598 0.00364556 2.15449e-08
0.853638 0.00364556 2.15436e-08
0.853678 0.00364556 2.15468e-08
0.853718 0.00364556 2.15446e-08
0.853757 0.00364556 2.15435e-08
0.853797 0.00364556 2.1547e-08
0.853837 0.00364556 2.15449e-08
0.853877 0.00364556 2.15436e-08
0.853917 0.00364556 2.15468e-08
0.853956 0.00364556 2.15446e-08
0.853996 0.00364556 2.15435e-08
0.854036 0.00364556 2.1547e-08
0.854076 0.00364556 2.15449e-08
0.854115 0.00364556 2.15436e-08
0.854155 0.00364556 2.15468e-08
0.854195 0.00364556 2.15446e-08
0.854235 0.00364556 2.15435e-08
0.854274 0.00364556 2.1547e-08
0.854314 0.00364556 2.15449e-08
0.854354 0.00364556 2.15436e-08
0.854394 0.00364556 2.15468e-08
0.854433 0.00364556 2.15446e-08
0.854473 0.00364556 2.15435e-08
0.854513 0.00364556 2.1547e-08
0.854553 0.00364556 2.15449e-08
0.854592 0.00364556 2.15436e-08
0.854632 0.00364556 2.15468e-08
0.854672 0.00364556 2.15446e-08
0.854712 0.00364556 2.15435e-08
0.854751 0.00364556 2.1547e-08
0.854791 0.00364556 2.15449e-08
0.854831 0.00364556 2.15436e-08
0.854871 0.00364556 2.15468e-08
0.854911 0.00364556 2.15446e-08
0.85495 0.00364556 2.15435e-08
0.85499 0.00364556 2.1547e-08
0.85503 0.00364556 2.15449e-08
0.85507 0.00364556 2.15436e-08
0.855109 0.00364556 2.15468e-08
0.855149 0.00364556 2.15446e-08
0.855189 0.00364556 2.15435e-08
0.855229 0.00364556 2.1547e-08
0.855268 0.00364556 2.15449e-08
0.855308 0.00364556 2.15436e-08
0.855348 0.00364556 2.15468e-08
0.855388 0.00364556 2.15446e-08
0.855427 0.00364556 2.15435e-08
0.855467 0.00364556 2.1547e-08
0.855507 0.00364556 2.15449e-08
0.855547 0.00364556 2.15436e-08
0.855586 0.00364556 2.15468e-08
0.855626 0.00364556 2.15446e-08
0.855666 0.00364556 2.15435e-08
0.855706 0.00364556 2.1547e-08
0.855746 0.00364556 2.15449e-08
0.855785 0.00364556 2.15436e-08
0.855825 0.00364556 2.15468e-08
0.855865 0.00364556 2.15446e-08
0.855905 0.00364556 2.15435e-08
0.855944 0.00364556 2.1547e-08
0.855984 0.00364556 2.15449e-08
0.856024 0.00364556 2.15436e-08
0.856064 0.00364556 2.15468e-08
0.856103 0.00364556 2.15446e-08
0.856143 0.00364556 2.15435e-08
0.856183 0.00364556 2.1547e-08
0.856223 0.00364556 2.15449e-08
0.856262 0.00364556 2.15436e-08
0.856302 0.00364556 2.15468e-08
0.856342 0.00364556 2.15446e-08
0.856382 0.00364556 2.15435e-08
0.856421 0.00364556 2.1547e-08
0.856461 0.00364556 2.15449e-08
0.856501 0.00364556 2.15436e-08
0.856541 0.00364556 2.15468e-08
0.856581 0.00364556 2.15446e-08
0.85662 0.00364556 2.15435e-08
0.85666 0.00364556 2.1547e-08
0.8567 0.00364556 2.15449e-08
0.85674 0.00364556 2.15436e-08
0.856779 0.00364556 2.15468e-08
0.856819 0.00364556 2.15446e-08
0.856859 0.00364556 2.15435e-08
0.856899 0.00364556 2.1547e-08
0.856938 0.00364556 2.15449e-08
0.856978 0.00364556 2.15436e-08
0.857018 0.00364556 2.15468e-08
0.857058 0.00364556 2.15446e-08
0.857097 0.00364556 2.15435e-08
0.857137 0.00364556 2.1547e-08
0.857177 0.00364556 2.15449e-08
0.857217 0.00364556 2.15436e-08
0.857256 0.00364556 2.15468e-08
0.857296 0.00364556 2.15446e-08
0.857336 0.00364556 2.15435e-08
0.857376 0.00364556 2.1547e-08
0.857416 0.00364556 2.15449e-08
0.857455 0.00364556 2.15436e-08
0.857495 0.00364556 2.15468e-08
0.857535 0.00364556 2.15446e-08
0.857575 0.00364556 2.15435e-08
0.857614 0.00364556 2.1547e-08
0.857654 0.00364556 2.15449e-08
0.857694 0.00364556 2.15436e-08
0.857734 0.00364556 2.15468e-08
0.857773 0.00364556 2.15446e-08
0.857813 0.00364556 2.15435e-08
0.857853 0.00364556 2.1547e-08
0.857893 0.00364556 2.15449e-08
0.857932 0.00364556 2.15436e-08
0.857972 0.00364556 2.15468e-08
0.858012 0.00364556 2.15446e-08
0.858052 0.00364556 2.15435e-08
0.858091 0.00364556 2.1547e-08
0.858131 0.00364556 2.15449e-08
0.858171 0.00364556 2.15436e-08
0.858211 0.00364556 2.15468e-08
0.85825 0.00364556 2.15446e-08
0.85829 0.00364556 2.15435e-08
0.85833 0.00364556 2.1547e-08
0.85837 0.00364556 2.15449e-08
0.85841 0.00364556 2.15436e-08
0.858449 0.00364556 2.15468e-08
0.858489 0.00364556 2.15446e-08
0.858529 0.00364556 2.15435e-08
0.858569 0.00364556 2.1547e-08
0.858608 0.00364556 2.15449e-08
0.858648 0.00364556 2.15436e-08
0.858688 0.00364556 2.15468e-08
0.858728 0.00364556 2.15446e-08
0.858767 0.00364556 2.15435e-08
0.858807 0.00364556 2.1547e-08
0.858847 0.00364556 2.15449e-08
0.858887 0.00364556 2.15436e-08
0.858926 0.00364556 2.15468e-08
0.858966 0.00364556 2.15446e-08
0.859006 0.00364556 2.15435e-08
0.859046 0.00364556 2.1547e-08
0.859085 0.00364556 2.15449e-08
0.859125 0.00364556 2.15436e-08
0.859165 0.00364556 2.15468e-08
0.859205 0.00364556 2.15446e-08
0.859245 0.00364556 2.15435e-08
0.859284 0.00364556 2.1547e-08
0.859324 0.00364556 2.15449e-08
0.859364 0.00364556 2.15436e-08
0.859404 0.00364556 2.15468e-08
0.859443 0.00364556 2.15446e-08
0.859483 0.00364556 2.15435e-08
0.859523 0.00364556 2.1547e-08
0.859563 0.00364556 2.15449e-08
0.859602 0.00364556 2.15436e-08
0.859642 0.00364556 2.15468e-08
0.859682 0.00364556 2.15446e-08
0.859722 0.00364556 2.15435e-08
0.859761 0.00364556 2.1547e-08
0.859801 0.00364556 2.15449e-08
0.859841 0.00364556 2.15436e-08
0.859881 0.00364556 2.15468e-08
0.85992 0.00364556 2.15446e-08
0.85996 0.00364556 2.15435e-08
0.86 0.00364556 2.1547e-08
0.86004 0.00364556 2.15449e-08
0.86008 0.00364556 2.15436e-08
0.860119 0.00364556 2.15468e-08
0.860159 0.00364556 2.15446e-08
0.860199 0.00364556 2.15435e-08
0.860239 0.00364556 2.1547e-08
0.860278 0.00364556 2.15449e-08
0.860318 0.00364556 2.15436e-08
0.860358 0.00364556 2.15468e-08
0.860398 0.00364556 2.15446e-08
0.860437 0.00364556 2.15435e-08
0.860477 0.00364556 2.1547e-08
0.860517 0.00364556 2.15449e-08
0.860557 0.00364556 2.15436e-08
0.860596 0.00364556 2.15468e-08
0.860636 0.00364556 2.15446e-08
0.860676 0.00364556 2.15435e-08
0.860716 0.00364556 2.1547e-08
0.860755 0.00364556 2.15449e-08
0.860795 0.00364556 2.15436e-08
0.860835 0.00364556 2.15468e-08
0.860875 0.00364556 2.15446e-08
0.860915 0.00364556 2.15435e-08
0.860954 0.00364556 2.1547e-08
0.860994 0.00364556 2.15449e-08
0.861034 0.00364556 2.15436e-08
0.861074 0.00364556 2.15468e-08
0.861113 0.00364556 2.15446e-08
0.861153 0.00364556 2.15435e-08
0.861193 0.00364556 2.1547e-08
0.861233 0.00364556 2.15449e-08
0.861272 0.00364556 2.15436e-08
0.861312 0.00364556 2.15468e-08
0.861352 0.00364556 2.15446e-08
0.861392 0.00364556 2.15435e-08
0.861431 0.00364556 2.1547e-08
0.861471 0.00364556 2.15449e-08
0.861511 0.00364556 2.15436e-08
0.861551 0.00364556 2.15468e-08
0.86159 0.00364556 2.15446e-08
0.86163 0.00364556 2.15435e-08
0.86167 0.00364556 2.1547e-08
0.86171 0.00364556 2.15449e-08
0.86175 0.00364556 2.15436e-08
0.861789 0.00364556 2.15468e-08
0.861829 0.00364556 2.15446e-08
0.861869 0.00364556 2.15435e-08
0.861909 0.00364556 2.1547e-08
0.861948 0.00364556 2.15449e-08
0.861988 0.00364556 2.15436e-08
0.862028 0.00364556 2.15468e-08
0.862068 0.00364556 2.15446e-08
0.862107 0.00364556 2.15435e-08
0.862147 0.00364556 2.1547e-08
0.862187 0.00364556 2.15449e-08
0.862227 0.00364556 2.15436e-08
0.862266 0.00364556 2.15468e-08
0.862306 0.00364556 2.15446e-08
0.862346 0.00364556 2.15435e-08
0.862386 0.00364556 2.1547e-08
0.862425 0.00364556 2.15449e-08
0.862465 0.00364556 2.15436e-08
0.862505 0.00364556 2.15468e-08
0.862545 0.00364556 2.15446e-08
0.862584 0.00364556 2.15435e-08
0.862624 0.00364556 2.1547e-08
0.862664 0.00364556 2.15449e-08
0.862704 0.00364556 2.15436e-08
0.862744 0.00364556 2.15468e-08
0.862783 0.00364556 2.15446e-08
0.862823 0.00364556 2.15435e-08
0.862863 0.00364556 2.1547e-08
0.862903 0.00364556 2.15449e-08
0.862942 0.00364556 2.15436e-08
0.862982 0.00364556 2.15468e-08
0.863022 0.00364556 2.15446e-08
0.863062 0.00364556 2.15435e-08
0.863101 0.00364556 2.1547e-08
0.863141 0.00364556 2.15449e-08
0.863181 0.00364556 2.15436e-08
0.863221 0.00364556 2.15468e-08
0.86326 0.00364556 2.15446e-08
0.8633 0.00364556 2.15435e-08
0.86334 0.00364556 2.1547e-08
0.86338 0.00364556 2.15449e-08
0.863419 0.00364556 2.15436e-08
0.863459 0.00364556 2.15468e-08
0.863499 0.00364556 2.15446e-08
0.863539 0.00364556 2.15435e-08
0.863579 0.00364556 2.1547e-08
0.863618 0.00364556 2.15449e-08
0.863658 0.00364556 2.15436e-08
0.863698 0.00364556 2.15468e-08
0.863738 0.00364556 2.15446e-08
0.863777 0.00364556 2.15435e-08
0.863817 0.00364556 2.1547e-08
0.863857 0.00364556 2.15449e-08
0.863897 0.00364556 2.15436e-08
0.863936 0.00364556 2.15468e-08
0.863976 0.00364556 2.15446e-08
0.864016 0.00364556 2.15435e-08
0.864056 0.00364556 2.1547e-08
0.864095 0.00364556 2.15449e-08
0.864135 0.00364556 2.15436e-08
0.864175 0.00364556 2.15468e-08
0.864215 0.00364556 2.15446e-08
0.864254 0.00364556 2.15435e-08
0.864294 0.00364556 2.1547e-08
0.864334 0.00364556 2.15449e-08
0.864374 0.00364556 2.15436e-08
0.864414 0.00364556 2.15468e-08
0.864453 0.00364556 2.15446e-08
0.864493 0.00364556 2.15435e-08
0.864533 0.00364556 2.1547e-08
0.864573 0.00364556 2.15449e-08
0.864612 0.00364556 2.15436e-08
0.864652 0.00364556 2.15468e-08
0.864692 0.00364556 2.15446e-08
0.864732 0.00364556 2.15435e-08
0.864771 0.00364556 2.1547e-08
0.864811 0.00364556 2.15449e-08
0.864851 0.00364556 2.15436e-08
0.864891 0.00364556 2.15468e-08
0.86493 0.00364556 2.15446e-08
0.86497 0.00364556 2.15435e-08
0.86501 0.00364556 2.1547e-08
0.86505 0.00364556 2.15449e-08
0.865089 0.00364556 2.15436e-08
0.865129 0.00364556 2.15468e-08
0.865169 0.00364556 2.15446e-08
0.865209 0.00364556 2.15435e-08
0.865249 0.00364556 2.1547e-08
0.865288 0.00364556 2.15449e-08
0.865328 0.00364556 2.15436e-08
0.865368 0.00364556 2.15468e-08
0.865408 0.00364556 2.15446e-08
0.865447 0.00364556 2.15435e-08
0.865487 0.00364556 2.1547e-08
0.865527 0.00364556 2.15449e-08
0.865567 0.00364556 2.15436e-08
0.865606 0.00364556 2.15468e-08
0.865646 0.00364556 2.15446e-08
0.865686 0.00364556 2.15435e-08
0.865726 0.00364556 2.1547e-08
0.865765 0.00364556 2.15449e-08
0.865805 0.00364556 2.15436e-08
0.865845 0.00364556 2.15468e-08
0.865885 0.00364556 2.15446e-08
0.865924 0.00364556 2.15435e-08
0.865964 0.00364556 2.1547e-08
0.866004 0.00364556 2.15449e-08
0.866044 0.00364556 2.15436e-08
0.866083 0.00364556 2.15468e-08
0.866123 0.00364556 2.15446e-08
0.866163 0.00364556 2.15435e-08
0.866203 0.00364556 2.1547e-08
0.866243 0.00364556 2.15449e-08
0.866282 0.00364556 2.15436e-08
0.866322 0.00364556 2.15468e-08
0.866362 0.00364556 2.15446e-08
0.866402 0.00364556 2.15435e-08
0.866441 0.00364556 2.1547e-08
0.866481 0.00364556 2.15449e-08
0.866521 0.00364556 2.15436e-08
0.866561 0.00364556 2.15468e-08
0.8666 0.00364556 2.15446e-08
0.86664 0.00364556 2.15435e-08
0.86668 0.00364556 2.1547e-08
0.86672 0.00364556 2.15449e-08
0.866759 0.00364556 2.15436e-08
0.866799 0.00364556 2.15468e-08
0.866839 0.00364556 2.15446e-08
0.866879 0.00364556 2.15435e-08
0.866918 0.00364556 2.1547e-08
0.866958 0.00364556 2.15449e-08
0.866998 0.00364556 2.15436e-08
0.867038 0.00364556 2.15468e-08
0.867078 0.00364556 2.15446e-08
0.867117 0.00364556 2.15435e-08
0.867157 0.00364556 2.1547e-08
0.867197 0.00364556 2.15449e-08
0.867237 0.00364556 2.15436e-08
0.867276 0.00364556 2.15468e-08
0.867316 0.00364556 2.15446e-08
0.867356 0.00364556 2.15435e-08
0.867396 0.00364556 2.1547e-08
0.867435 0.00364556 2.15449e-08
0.867475 0.00364556 2.15436e-08
0.867515 0.00364556 2.15468e-08
0.867555 0.00364556 2.15446e-08
0.867594 0.00364556 2.15435e-08
0.867634 0.00364556 2.1547e-08
0.867674 0.00364556 2.15449e-08
0.867714 0.00364556 2.15436e-08
0.867753 0.00364556 2.15468e-08
0.867793 0.00364556 2.15446e-08
0.867833 0.00364556 2.15435e-08
0.867873 0.00364556 2.1547e-08
0.867913 0.00364556 2.15449e-08
0.867952 0.00364556 2.15436e-08
0.867992 0.00364556 2.15468e-08
0.868032 0.00364556 2.15446e-08
0.868072 0.00364556 2.15435e-08
0.868111 0.00364556 2.1547e-08
0.868151 0.00364556 2.15449e-08
0.868191 0.00364556 2.15436e-08
0.868231 0.00364556 2.15468e-08
0.86827 0.00364556 2.15446e-08
0.86831 0.00364556 2.15435e-08
0.86835 0.00364556 2.1547e-08
0.86839 0.00364556 2.15449e-08
0.868429 0.00364556 2.15436e-08
0.868469 0.00364556 2.15468e-08
0.868509 0.00364556 2.15446e-08
0.868549 0.00364556 2.15435e-08
0.868588 0.00364556 2.1547e-08
0.868628 0.00364556 2.15449e-08
0.868668 0.00364556 2.15436e-08
0.868708 0.00364556 2.15468e-08
0.868748 0.00364556 2.15446e-08
0.868787 0.00364556 2.15435e-08
0.868827 0.00364556 2.1547e-08
0.868867 0.00364556 2.15449e-08
0.868907 0.00364556 2.15436e-08
0.868946 0.00364556 2.15468e-08
0.868986 0.00364556 2.15446e-08
0.869026 0.00364556 2.15435e-08
0.869066 0.00364556 2.1547e-08
0.869105 0.00364556 2.15449e-08
0.869145 0.00364556 2.15436e-08
0.869185 0.00364556 2.15468e-08
0.869225 0.00364556 2.15446e-08
0.869264 0.00364556 2.15435e-08
0.869304 0.00364556 2.1547e-08
0.869344 0.00364556 2.15449e-08
0.869384 0.00364556 2.15436e-08
0.869423 0.00364556 2.15468e-08
0.869463 0.00364556 2.15446e-08
0.869503 0.00364556 2.15435e-08
0.869543 0.00364556 2.1547e-08
0.869583 0.00364556 2.15449e-08
0.869622 0.00364556 2.15436e-08
0.869662 0.00364556 2.15468e-08
0.869702 0.00364556 2.15446e-08
0.869742 0.00364556 2.15435e-08
0.869781 0.00364556 2.1547e-08
0.869821 0.00364556 2.15449e-08
0.869861 0.00364556 2.15436e-08
0.869901 0.00364556 2.15468e-08
0.86994 0.00364556 2.15446e-08
0.86998 0.00364556 2.15435e-08
0.87002 0.00364556 2.1547e-08
0.87006 0.00364556 2.15449e-08
0.870099 0.00364556 2.15436e-08
0.870139 0.00364556 2.15468e-08
0.870179 0.00364556 2.15446e-08
0.870219 0.00364556 2.15435e-08
0.870258 0.00364556 2.1547e-08
0.870298 0.00364556 2.15449e-08
0.870338 0.00364556 2.15436e-08
0.870378 0.00364556 2.15468e-08
0.870417 0.00364556 2.15446e-08
0.870457 0.00364556 2.15435e-08
0.870497 0.00364556 2.1547e-08
0.870537 0.00364556 2.15449e-08
0.870577 0.00364556 2.15436e-08
0.870616 0.00364556 2.15468e-08
0.870656 0.00364556 2.15446e-08
0.870696 0.00364556 2.15435e-08
0.870736 0.00364556 2.1547e-08
0.870775 0.00364556 2.15449e-08
0.870815 0.00364556 2.15436e-08
0.870855 0.00364556 2.15468e-08
0.870895 0.00364556 2.15446e-08
0.870934 0.00364556 2.15435e-08
0.870974 0.00364556 2.1547e-08
0.871014 0.00364556 2.15449e-08
0.871054 0.00364556 2.15436e-08
0.871093 0.00364556 2.15468e-08
0.871133 0.00364556 2.15446e-08
0.871173 0.00364556 2.15435e-08
0.871213 0.00364556 2.1547e-08
0.871252 0.00364556 2.15449e-08
0.871292 0.00364556 2.15436e-08
0.871332 0.00364556 2.15468e-08
0.871372 0.00364556 2.15446e-08
0.871412 0.00364556 2.15435e-08
0.871451 0.00364556 2.1547e-08
0.871491 0.00364556 2.15449e-08
0.871531 0.00364556 2.15436e-08
0.871571 0.00364556 2.15468e-08
0.87161 0.00364556 2.15446e-08
0.87165 0.00364556 2.15435e-08
0.87169 0.00364556 2.1547e-08
0.87173 0.00364556 2.15449e-08
0.871769 0.00364556 2.15436e-08
0.871809 0.00364556 2.15468e-08
0.871849 0.00364556 2.15446e-08
0.871889 0.00364556 2.15435e-08
0.871928 0.00364556 2.1547e-08
0.871968 0.00364556 2.15449e-08
0.872008 0.00364556 2.15436e-08
0.872048 0.00364556 2.15468e-08
0.872087 0.00364556 2.15446e-08
0.872127 0.00364556 2.15435e-08
0.872167 0.00364556 2.1547e-08
0.872207 0.00364556 2.15449e-08
0.872247 0.00364556 2.15436e-08
0.872286 0.00364556 2.15468e-08
0.872326 0.00364556 2.15446e-08
0.872366 0.00364556 2.15435e-08
0.872406 0.00364556 2.1547e-08
0.872445 0.00364556 2.15449e-08
0.872485 0.00364556 2.15436e-08
0.872525 0.00364556 2.15468e-08
0.872565 0.00364556 2.15446e-08
0.872604 0.00364556 2.15435e-08
0.872644 0.00364556 2.1547e-08
0.872684 0.00364556 2.15449e-08
0.872724 0.00364556 2.15436e-08
0.872763 0.00364556 2.15468e-08
0.872803 0.00364556 2.15446e-08
0.872843 0.00364556 2.15435e-08
0.872883 0.00364556 2.1547e-08
0.872922 0.00364556 2.15449e-08
0.872962 0.00364556 2.15436e-08
0.873002 0.00364556 2.15468e-08
0.873042 0.00364556 2.15446e-08
0.873082 0.00364556 2.15435e-08
0.873121 0.00364556 2.1547e-08
0.873161 0.00364556 2.15449e-08
0.873201 0.00364556 2.15436e-08
0.873241 0.00364556 2.15468e-08
0.87328 0.00364556 2.15446e-08
0.87332 0.00364556 2.15435e-08
0.87336 0.00364556 2.1547e-08
0.8734 0.00364556 2.15449e-08
0.873439 0.00364556 2.15436e-08
0.873479 0.00364556 2.15468e-08
0.873519 0.00364556 2.15446e-08
0.873559 0.00364556 2.15435e-08
0.873598 0.00364556 2.1547e-08
0.873638 0.00364556 2.15449e-08
0.873678 0.00364556 2.15436e-08
0.873718 0.00364556 2.15468e-08
0.873757 0.00364556 2.15446e-08
0.873797 0.00364556 2.15435e-08
0.873837 0.00364556 2.1547e-08
0.873877 0.00364556 2.15449e-08
0.873917 0.00364556 2.15436e-08
0.873956 0.00364556 2.15468e-08
0.873996 0.00364556 2.15446e-08
0.874036 0.00364556 2.15435e-08
0.874076 0.00364556 2.1547e-08
0.874115 0.00364556 2.15449e-08
0.874155 0.00364556 2.15436e-08
0.874195 0.00364556 2.15468e-08
0.874235 0.00364556 2.15446e-08
0.874274 0.00364556 2.15435e-08
0.874314 0.00364556 2.1547e-08
0.874354 0.00364556 2.15449e-08
0.874394 0.00364556 2.15436e-08
0.874433 0.00364556 2.15468e-08
0.874473 0.00364556 2.15446e-08
0.874513 0.00364556 2.15435e-08
0.874553 0.00364556 2.1547e-08
0.874592 0.00364556 2.15449e-08
0.874632 0.00364556 2.15436e-08
0.874672 0.00364556 2.15468e-08
0.874712 0.00364556 2.15446e-08
0.874751 0.00364556 2.15435e-08
0.874791 0.00364556 2.1547e-08
0.874831 0.00364556 2.15449e-08
0.874871 0.00364556 2.15436e-08
0.874911 0.00364556 2.15468e-08
0.87495 0.00364556 2.15446e-08
0.87499 0.00364556 2.15435e-08
0.87503 0.00364556 2.1547e-08
0.87507 0.00364556 2.15449e-08
0.875109 0.00364556 2.15436e-08
0.875149 0.00364556 2.15468e-08
0.875189 0.00364556 2.15446e-08
0.875229 0.00364556 2.15435e-08
0.875268 0.00364556 2.1547e-08
0.875308 0.00364556 2.15449e-08
0.875348 0.00364556 2.15436e-08
0.875388 0.00364556 2.15468e-08
0.875427 0.00364556 2.15446e-08
0.875467 0.00364556 2.15435e-08
0.875507 0.00364556 2.1547e-08
0.875547 0.00364556 2.15449e-08
0.875586 0.00364556 2.15436e-08
0.875626 0.00364556 2.15468e-08
0.875666 0.00364556 2.15446e-08
0.875706 0.00364556 2.15435e-08
0.875746 0.00364556 2.1547e-08
0.875785 0.00364556 2.15449e-08
0.875825 0.00364556 2.15436e-08
0.875865 0.00364556 2.15468e-08
0.875905 0.00364556 2.15446e-08
0.875944 0.00364556 2.15435e-08
0.875984 0.00364556 2.1547e-08
0.876024 0.00364556 2.15449e-08
0.876064 0.00364556 2.15436e-08
0.876103 0.00364556 2.15468e-08
0.876143 0.00364556 2.15446e-08
0.876183 0.00364556 2.15435e-08
0.876223 0.00364556 2.1547e-08
0.876262 0.00364556 2.15449e-08
0.876302 0.00364556 2.15436e-08
0.876342 0.00364556 2.15468e-08
0.876382 0.00364556 2.15446e-08
0.876421 0.00364556 2.15435e-08
0.876461 0.00364556 2.1547e-08
0.876501 0.00364556 2.15449e-08
0.876541 0.00364556 2.15436e-08
0.876581 0.00364556 2.15468e-08
0.87662 0.00364556 2.15446e-08
0.87666 0.00364556 2.15435e-08
0.8767 0.00364556 2.1547e-08
0.87674 0.00364556 2.15449e-08
0.876779 0.00364556 2.15436e-08
0.876819 0.00364556 2.15468e-08
0.876859 0.00364556 2.15446e-08
0.876899 0.00364556 2.15435e-08
0.876938 0.00364556 2.1547e-08
0.876978 0.00364556 2.15449e-08
0.877018 0.00364556 2.15436e-08
0.877058 0.00364556 2.15468e-08
0.877097 0.00364556 2.15446e-08
0.877137 0.00364556 2.15435e-08
0.877177 0.00364556 2.1547e-08
0.877217 0.00364556 2.15449e-08
0.877256 0.00364556 2.15436e-08
0.877296 0.00364556 2.15468e-08
0.877336 0.00364556 2.15446e-08
0.877376 0.00364556 2.15435e-08
0.877416 0.00364556 2.1547e-08
0.877455 0.00364556 2.15449e-08
0.877495 0.00364556 2.15436e-08
0.877535 0.00364556 2.15468e-08
0.877575 0.00364556 2.15446e-08
0.877614 0.00364556 2.15435e-08
0.877654 0.00364556 2.1547e-08
0.877694 0.00364556 2.15449e-08
0.877734 0.00364556 2.15436e-08
0.877773 0.00364556 2.15468e-08
0.877813 0.00364556 2.15446e-08
0.877853 0.00364556 2.15435e-08
0.877893 0.00364556 2.1547e-08
0.877932 0.00364556 2.15449e-08
0.877972 0.00364556 2.15436e-08
0.878012 0.00364556 2.15468e-08
0.878052 0.00364556 2.15446e-08
0.878091 0.00364556 2.15435e-08
0.878131 0.00364556 2.1547e-08
0.878171 0.00364556 2.15449e-08
0.878211 0.00364556 2.15436e-08
0.87825 0.00364556 2.15468e-08
0.87829 0.00364556 2.15446e-08
0.87833 0.00364556 2.15435e-08
0.87837 0.00364556 2.1547e-08
0.87841 0.00364556 2.15449e-08
0.878449 0.00364556 2.15436e-08
0.878489 0.00364556 2.15468e-08
0.878529 0.00364556 2.15446e-08
0.878569 0.00364556 2.15435e-08
0.878608 0.00364556 2.1547e-08
0.878648 0.00364556 2.15449e-08
0.878688 0.00364556 2.15436e-08
0.878728 0.00364556 2.15468e-08
0.878767 0.00364556 2.15446e-08
0.878807 0.00364556 2.15435e-08
0.878847 0.00364556 2.1547e-08
0.878887 0.00364556 2.15449e-08
0.878926 0.00364556 2.15436e-08
0.878966 0.00364556 2.15468e-08
0.879006 0.00364556 2.15446e-08
0.879046 0.00364556 2.15435e-08
0.879085 0.00364556 2.1547e-08
0.879125 0.00364556 2.15449e-08
0.879165 0.00364556 2.15436e-08
0.879205 0.00364556 2.15468e-08
0.879245 0.00364556 2.15446e-08
0.879284 0.00364556 2.15435e-08
0.879324 0.00364556 2.1547e-08
0.879364 0.00364556 2.15449e-08
0.879404 0.00364556 2.15436e-08
0.879443 0.00364556 2.15468e-08
0.879483 0.00364556 2.15446e-08
0.879523 0.00364556 2.15435e-08
0.879563 0.00364556 2.1547e-08
0.879602 0.00364556 2.15449e-08
0.879642 0.00364556 2.15436e-08
0.879682 0.00364556 2.15468e-08
0.879722 0.00364556 2.15446e-08
0.879761 0.00364556 2.15435e-08
0.879801 0.00364556 2.1547e-08
0.879841 0.00364556 2.15449e-08
0.879881 0.00364556 2.15436e-08
0.87992 0.00364556 2.15468e-08
0.87996 0.00364556 2.15446e-08
0.88 0.00364556 2.15435e-08
0.88004 0.00364556 2.1547e-08
0.88008 0.00364556 2.15449e-08
0.880119 0.00364556 2.15436e-08
0.880159 0.00364556 2.15468e-08
0.880199 0.00364556 2.15446e-08
0.880239 0.00364556 2.15435e-08
0.880278 0.00364556 2.1547e-08
0.880318 0.00364556 2.15449e-08
0.880358 0.00364556 2.15436e-08
0.880398 0.00364556 2.15468e-08
0.880437 0.00364556 2.15446e-08
0.880477 0.00364556 2.15435e-08
0.880517 0.00364556 2.1547e-08
0.880557 0.00364556 2.15449e-08
0.880596 0.00364556 2.15436e-08
0.880636 0.00364556 2.15468e-08
0.880676 0.00364556 2.15446e-08
0.880716 0.00364556 2.15435e-08
0.880755 0.00364556 2.1547e-08
0.880795 0.00364556 2.15449e-08
0.880835 0.00364556 2.15436e-08
0.880875 0.00364556 2.15468e-08
0.880915 0.00364556 2.15446e-08
0.880954 0.00364556 2.15435e-08
0.880994 0.00364556 2.1547e-08
0.881034 0.00364556 2.15449e-08
0.881074 0.00364556 2.15436e-08
0.881113 0.00364556 2.15468e-08
0.881153 0.00364556 2.15446e-08
0.881193 0.00364556 2.15435e-08
0.881233 0.00364556 2.1547e-08
0.881272 0.00364556 2.15449e-08
0.881312 0.00364556 2.15436e-08
0.881352 0.00364556 2.15468e-08
0.881392 0.00364556 2.15446e-08
0.881431 0.00364556 2.15435e-08
0.881471 0.00364556 2.1547e-08
0.881511 0.00364556 2.15449e-08
0.881551 0.00364556 2.15436e-08
0.88159 0.00364556 2.15468e-08
0.88163 0.00364556 2.15446e-08
0.88167 0.00364556 2.15435e-08
0.88171 0.00364556 2.1547e-08
0.88175 0.00364556 2.15449e-08
0.881789 0.00364556 2.15436e-08
0.881829 0.00364556 2.15468e-08
0.881869 0.00364556 2.15446e-08
0.881909 0.00364556 2.15435e-08
0.881948 0.00364556 2.1547e-08
0.881988 0.00364556 2.15449e-08
0.882028 0.00364556 2.15436e-08
0.882068 0.00364556 2.15468e-08
0.882107 0.00364556 2.15446e-08
0.882147 0.00364556 2.15435e-08
0.882187 0.00364556 2.1547e-08
0.882227 0.00364556 2.15449e-08
0.882266 0.00364556 2.15436e-08
0.882306 0.00364556 2.15468e-08
0.882346 0.00364556 2.15446e-08
0.882386 0.00364556 2.15435e-08
0.882425 0.00364556 2.1547e-08
0.882465 0.00364556 2.15449e-08
0.882505 0.00364556 2.15436e-08
0.882545 0.00364556 2.15468e-08
0.882584 0.00364556 2.15446e-08
0.882624 0.00364556 2.15435e-08
0.882664 0.00364556 2.1547e-08
0.882704 0.00364556 2.15449e-08
0.882744 0.00364556 2.15436e-08
0.882783 0.00364556 2.15468e-08
0.882823 0.00364556 2.15446e-08
0.882863 0.00364556 2.15435e-08
0.882903 0.00364556 2.1547e-08
0.882942 0.00364556 2.15449e-08
0.882982 0.00364556 2.15436e-08
0.883022 0.00364556 2.15468e-08
0.883062 0.00364556 2.15446e-08
0.883101 0.00364556 2.15435e-08
0.883141 0.00364556 2.1547e-08
0.883181 0.00364556 2.15449e-08
0.883221 0.00364556 2.15436e-08
0.88326 0.00364556 2.15468e-08
0.8833 0.00364556 2.15446e-08
0.88334 0.00364556 2.15435e-08
0.88338 0.00364556 2.1547e-08
0.883419 0.00364556 2.15449e-08
0.883459 0.00364556 2.15436e-08
0.883499 0.00364556 2.15468e-08
0.883539 0.00364556 2.15446e-08
0.883579 0.00364556 2.15435e-08
0.883618 0.00364556 2.1547e-08
0.883658 0.00364556 2.15449e-08
0.883698 0.00364556 2.15436e-08
0.883738 0.00364556 2.15468e-08
0.883777 0.00364556 2.15446e-08
0.883817 0.00364556 2.15435e-08
0.883857 0.00364556 2.1547e-08
0.883897 0.00364556 2.15449e-08
0.883936 0.00364556 2.15436e-08
0.883976 0.00364556 2.15468e-08
0.884016 0.00364556 2.15446e-08
0.884056 0.00364556 2.15435e-08
0.884095 0.00364556 2.1547e-08
0.884135 0.00364556 2.15449e-08
0.884175 0.00364556 2.15436e-08
0.884215 0.00364556 2.15468e-08
0.884254 0.00364556 2.15446e-08
0.884294 0.00364556 2.15435e-08
0.884334 0.00364556 2.1547e-08
0.884374 0.00364556 2.15449e-08
0.884414 0.00364556 2.15436e-08
0.884453 0.00364556 2.15468e-08
0.884493 0.00364556 2.15446e-08
0.884533 0.00364556 2.15435e-08
0.884573 0.00364556 2.1547e-08
0.884612 0.00364556 2.15449e-08
0.884652 0.00364556 2.15436e-08
0.884692 0.00364556 2.15468e-08
0.884732 0.00364556 2.15446e-08
0.884771 0.00364556 2.15435e-08
0.884811 0.00364556 2.1547e-08
0.884851 0.00364556 2.15449e-08
0.884891 0.00364556 2.15436e-08
0.88493 0.00364556 2.15468e-08
0.88497 0.00364556 2.15446e-08
0.88501 0.00364556 2.15435e-08
0.88505 0.00364556 2.1547e-08
0.885089 0.00364556 2.15449e-08
0.885129 0.00364556 2.15436e-08
0.885169 0.00364556 2.15468e-08
0.885209 0.00364556 2.15446e-08
0.885249 0.00364556 2.15435e-08
0.885288 0.00364556 2.1547e-08
0.885328 0.00364556 2.15449e-08
0.885368 0.00364556 2.15436e-08
0.885408 0.00364556 2.15468e-08
0.885447 0.00364556 2.15446e-08
0.885487 0.00364556 2.15435e-08
0.885527 0.00364556 2.1547e-08
0.885567 0.00364556 2.15449e-08
0.885606 0.00364556 2.15436e-08
0.885646 0.00364556 2.15468e-08
0.885686 0.00364556 2.15446e-08
0.885726 0.00364556 2.15435e-08
0.885765 0.00364556 2.1547e-08
0.885805 0.00364556 2.15449e-08
0.885845 0.00364556 2.15436e-08
0.885885 0.00364556 2.15468e-08
0.885924 0.00364556 2.15446e-08
0.885964 0.00364556 2.15435e-08
0.886004 0.00364556 2.1547e-08
0.886044 0.00364556 2.15449e-08
0.886083 0.00364556 2.15436e-08
0.886123 0.00364556 2.15468e-08
0.886163 0.00364556 2.15446e-08
0.886203 0.00364556 2.15435e-08
0.886243 0.00364556 2.1547e-08
0.886282 0.00364556 2.15449e-08
0.886322 0.00364556 2.15436e-08
0.886362 0.00364556 2.15468e-08
0.886402 0.00364556 2.15446e-08
0.886441 0.00364556 2.15435e-08
0.886481 0.00364556 2.1547e-08
0.886521 0.00364556 2.15449e-08
0.886561 0.00364556 2.15436e-08
0.8866 0.00364556 2.15468e-08
0.88664 0.00364556 2.15446e-08
0.88668 0.00364556 2.15435e-08
0.88672 0.00364556 2.1547e-08
0.886759 0.00364556 2.15449e-08
0.886799 0.00364556 2.15436e-08
0.886839 0.00364556 2.15468e-08
0.886879 0.00364556 2.15446e-08
0.886918 0.00364556 2.15435e-08
0.886958 0.00364556 2.1547e-08
0.886998 0.00364556 2.15449e-08
0.887038 0.00364556 2.15436e-08
0.887078 0.00364556 2.15468e-08
0.887117 0.00364556 2.15446e-08
0.887157 0.00364556 2.15435e-08
0.887197 0.00364556 2.1547e-08
0.887237 0.00364556 2.15449e-08
0.887276 0.00364556 2.15436e-08
0.887316 0.00364556 2.15468e-08
0.887356 0.00364556 2.15446e-08
0.887396 0.00364556 2.15435e-08
0.887435 0.00364556 2.1547e-08
0.887475 0.00364556 2.15449e-08
0.887515 0.00364556 2.15436e-08
0.887555 0.00364556 2.15468e-08
0.887594 0.00364556 2.15446e-08
0.887634 0.00364556 2.15435e-08
0.887674 0.00364556 2.1547e-08
0.887714 0.00364556 2.15449e-08
0.887753 0.00364556 2.15436e-08
0.887793 0.00364556 2.15468e-08
0.887833 0.00364556 2.15446e-08
0.887873 0.00364556 2.15435e-08
0.887913 0.00364556 2.1547e-08
0.887952 0.00364556 2.15449e-08
0.887992 0.00364556 2.15436e-08
0.888032 0.00364556 2.15468e-08
0.888072 0.00364556 2.15446e-08
0.888111 0.00364556 2.15435e-08
0.888151 0.00364556 2.1547e-08
0.888191 0.00364556 2.15449e-08
0.888231 0.00364556 2.15436e-08
0.88827 0.00364556 2.15468e-08
0.88831 0.00364556 2.15446e-08
0.88835 0.00364556 2.15435e-08
0.88839 0.00364556 2.1547e-08
0.888429 0.00364556 2.15449e-08
0.888469 0.00364556 2.15436e-08
0.888509 0.00364556 2.15468e-08
0.888549 0.00364556 2.15446e-08
0.888588 0.00364556 2.15435e-08
0.888628 0.00364556 2.1547e-08
0.888668 0.00364556 2.15449e-08
0.888708 0.00364556 2.15436e-08
0.888748 0.00364556 2.15468e-08
0.888787 0.00364556 2.15446e-08
0.888827 0.00364556 2.15435e-08
0.888867 0.00364556 2.1547e-08
0.888907 0.00364556 2.15449e-08
0.888946 0.00364556 2.15436e-08
0.888986 0.00364556 2.15468e-08
0.889026 0.00364556 2.15446e-08
0.889066 0.00364556 2.15435e-08
0.889105 0.00364556 2.1547e-08
0.889145 0.00364556 2.15449e-08
0.889185 0.00364556 2.15436e-08
0.889225 0.00364556 2.15468e-08
0.889264 0.00364556 2.15446e-08
0.889304 0.00364556 2.15435e-08
0.889344 0.00364556 2.1547e-08
0.889384 0.00364556 2.15449e-08
0.889423 0.00364556 2.15436e-08
0.889463 0.00364556 2.15468e-08
0.889503 0.00364556 2.15446e-08
0.889543 0.00364556 2.15435e-08
0.889583 0.00364556 2.1547e-08
0.889622 0.00364556 2.15449e-08
0.889662 0.00364556 2.15436e-08
0.889702 0.00364556 2.15468e-08
0.889742 0.00364556 2.15446e-08
0.889781 0.00364556 2.15435e-08
0.889821 0.00364556 2.1547e-08
0.889861 0.00364556 2.15449e-08
0.889901 0.00364556 2.15436e-08
0.88994 0.00364556 2.15468e-08
0.88998 0.00364556 2.15446e-08
0.89002 0.00364556 2.15435e-08
0.89006 0.00364556 2.1547e-08
0.890099 0.00364556 2.15449e-08
0.890139 0.00364556 2.15436e-08
0.890179 0.00364556 2.15468e-08
0.890219 0.00364556 2.15446e-08
0.890258 0.00364556 2.15435e-08
0.890298 0.00364556 2.1547e-08
0.890338 0.00364556 2.15449e-08
0.890378 0.00364556 2.15436e-08
0.890417 0.00364556 2.15468e-08
0.890457 0.00364556 2.15446e-08
0.890497 0.00364556 2.15435e-08
0.890537 0.00364556 2.1547e-08
0.890577 0.00364556 2.15449e-08
0.890616 0.00364556 2.15436e-08
0.890656 0.00364556 2.15468e-08
0.890696 0.00364556 2.15446e-08
0.890736 0.00364556 2.15435e-08
0.890775 0.00364556 2.1547e-08
0.890815 0.00364556 2.15449e-08
0.890855 0.00364556 2.15436e-08
0.890895 0.00364556 2.15468e-08
0.890934 0.00364556 2.15446e-08
0.890974 0.00364556 2.15435e-08
0.891014 0.00364556 2.1547e-08
0.891054 0.00364556 2.15449e-08
0.891093 0.00364556 2.15436e-08
0.891133 0.00364556 2.15468e-08
0.891173 0.00364556 2.15446e-08
0.891213 0.00364556 2.15435e-08
0.891252 0.00364556 2.1547e-08
0.891292 0.00364556 2.15449e-08
0.891332 0.00364556 2.15436e-08
0.891372 0.00364556 2.15468e-08
0.891412 0.00364556 2.15446e-08
0.891451 0.00364556 2.15435e-08
0.891491 0.00364556 2.1547e-08
0.891531 0.00364556 2.15449e-08
0.891571 0.00364556 2.15436e-08
0.89161 0.00364556 2.15468e-08
0.89165 0.00364556 2.15446e-08
0.89169 0.00364556 2.15435e-08
0.89173 0.00364556 2.1547e-08
0.891769 0.00364556 2.15449e-08
0.891809 0.00364556 2.15436e-08
0.891849 0.00364556 2.15468e-08
0.891889 0.00364556 2.15446e-08
0.891928 0.00364556 2.15435e-08
0.891968 0.00364556 2.1547e-08
0.892008 0.00364556 2.15449e-08
0.892048 0.00364556 2.15436e-08
0.892087 0.00364556 2.15468e-08
0.892127 0.00364556 2.15446e-08
0.892167 0.00364556 2.15435e-08
0.892207 0.00364556 2.1547e-08
0.892247 0.00364556 2.15449e-08
0.892286 0.00364556 2.15436e-08
0.892326 0.00364556 2.15468e-08
0.892366 0.00364556 2.15446e-08
0.892406 0.00364556 2.15435e-08
0.892445 0.00364556 2.1547e-08
0.892485 0.00364556 2.15449e-08
0.892525 0.00364556 2.15436e-08
0.892565 0.00364556 2.15468e-08
0.892604 0.00364556 2.15446e-08
0.892644 0.00364556 2.15435e-08
0.892684 0.00364556 2.1547e-08
0.892724 0.00364556 2.15449e-08
0.892763 0.00364556 2.15436e-08
0.892803 0.00364556 2.15468e-08
0.892843 0.00364556 2.15446e-08
0.892883 0.00364556 2.15435e-08
0.892922 0.00364556 2.1547e-08
0.892962 0.00364556 2.15449e-08
0.893002 0.00364556 2.15436e-08
0.893042 0.00364556 2.15468e-08
0.893082 0.00364556 2.15446e-08
0.893121 0.00364556 2.15435e-08
0.893161 0.00364556 2.1547e-08
0.893201 0.00364556 2.15449e-08
0.893241 0.00364556 2.15436e-08
0.89328 0.00364556 2.15468e-08
0.89332 0.00364556 2.15446e-08
0.89336 0.00364556 2.15435e-08
0.8934 0.00364556 2.1547e-08
0.893439 0.00364556 2.15449e-08
0.893479 0.00364556 2.15436e-08
0.893519 0.00364556 2.15468e-08
0.893559 0.00364556 2.15446e-08
0.893598 0.00364556 2.15435e-08
0.893638 0.00364556 2.1547e-08
0.893678 0.00364556 2.15449e-08
0.893718 0.00364556 2.15436e-08
0.893757 0.00364556 2.15468e-08
0.893797 0.00364556 2.15446e-08
0.893837 0.00364556 2.15435e-08
0.893877 0.00364556 2.1547e-08
0.893917 0.00364556 2.15449e-08
0.893956 0.00364556 2.15436e-08
0.893996 0.00364556 2.15468e-08
0.894036 0.00364556 2.15446e-08
0.894076 0.00364556 2.15435e-08
0.894115 0.00364556 2.1547e-08
0.894155 0.00364556 2.15449e-08
0.894195 0.00364556 2.15436e-08
0.894235 0.00364556 2.15468e-08
0.894274 0.00364556 2.15446e-08
0.894314 0.00364556 2.15435e-08
0.894354 0.00364556 2.1547e-08
0.894394 0.00364556 2.15449e-08
0.894433 0.00364556 2.15436e-08
0.894473 0.00364556 2.15468e-08
0.894513 0.00364556 2.15446e-08
0.894553 0.00364556 2.15435e-08
0.894592 0.00364556 2.1547e-08
0.894632 0.00364556 2.15449e-08
0.894672 0.00364556 2.15436e-08
0.894712 0.00364556 2.15468e-08
0.894751 0.00364556 2.15446e-08
0.894791 0.00364556 2.15435e-08
0.894831 0.00364556 2.1547e-08
0.894871 0.00364556 2.15449e-08
0.894911 0.00364556 2.15436e-08
0.89495 0.00364556 2.15468e-08
0.89499 0.00364556 2.15446e-08
0.89503 0.00364556 2.15435e-08
0.89507 0.00364556 2.1547e-08
0.895109 0.00364556 2.15449e-08
0.895149 0.00364556 2.15436e-08
0.895189 0.00364556 2.15468e-08
0.895229 0.00364556 2.15446e-08
0.895268 0.00364556 2.15435e-08
0.895308 0.00364556 2.1547e-08
0.895348 0.00364556 2.15449e-08
0.895388 0.00364556 2.15436e-08
0.895427 0.00364556 2.15468e-08
0.895467 0.00364556 2.15446e-08
0.895507 0.00364556 2.15435e-08
0.895547 0.00364556 2.1547e-08
0.895586 0.00364556 2.15449e-08
0.895626 0.00364556 2.15436e-08
0.895666 0.00364556 2.15468e-08
0.895706 0.00364556 2.15446e-08
0.895746 0.00364556 2.15435e-08
0.895785 0.00364556 2.1547e-08
0.895825 0.00364556 2.15449e-08
0.895865 0.00364556 2.15436e-08
0.895905 0.00364556 2.15468e-08
0.895944 0.00364556 2.15446e-08
0.895984 0.00364556 2.15435e-08
0.896024 0.00364556 2.1547e-08
0.896064 0.00364556 2.15449e-08
0.896103 0.00364556 2.15436e-08
0.896143 0.00364556 2.15468e-08
0.896183 0.00364556 2.15446e-08
0.896223 0.00364556 2.15435e-08
0.896262 0.00364556 2.1547e-08
0.896302 0.00364556 2.15449e-08
0.896342 0.00364556 2.15436e-08
0.896382 0.00364556 2.15468e-08
0.896421 0.00364556 2.15446e-08
0.896461 0.00364556 2.15435e-08
0.896501 0.00364556 2.1547e-08
0.896541 0.00364556 2.15449e-08
0.896581 0.00364556 2.15436e-08
0.89662 0.00364556 2.15468e-08
0.89666 0.00364556 2.15446e-08
0.8967 0.00364556 2.15435e-08
0.89674 0.00364556 2.1547e-08
0.896779 0.00364556 2.15449e-08
0.896819 0.00364556 2.15436e-08
0.896859 0.00364556 2.15468e-08
0.896899 0.00364556 2.15446e-08
0.896938 0.00364556 2.15435e-08
0.896978 0.00364556 2.1547e-08
0.897018 0.00364556 2.15449e-08
0.897058 0.00364556 2.15436e-08
0.897097 0.00364556 2.15468e-08
0.897137 0.00364556 2.15446e-08
0.897177 0.00364556 2.15435e-08
0.897217 0.00364556 2.1547e-08
0.897256 0.00364556 2.15449e-08
0.897296 0.00364556 2.15436e-08
0.897336 0.00364556 2.15468e-08
0.897376 0.00364556 2.15446e-08
0.897416 0.00364556 2.15435e-08
0.897455 0.00364556 2.1547e-08
0.897495 0.00364556 2.15449e-08
0.897535 0.00364556 2.15436e-08
0.897575 0.00364556 2.15468e-08
0.897614 0.00364556 2.15446e-08
0.897654 0.00364556 2.15435e-08
0.897694 0.00364556 2.1547e-08
0.897734 0.00364556 2.15449e-08
0.897773 0.00364556 2.15436e-08
0.897813 0.00364556 2.15468e-08
0.897853 0.00364556 2.15446e-08
0.897893 0.00364556 2.15435e-08
0.897932 0.00364556 2.1547e-08
0.897972 0.00364556 2.15449e-08
0.898012 0.00364556 2.15436e-08
0.898052 0.00364556 2.15468e-08
0.898091 0.00364556 2.15446e-08
0.898131 0.00364556 2.15435e-08
0.898171 0.00364556 2.1547e-08
0.898211 0.00364556 2.15449e-08
0.89825 0.00364556 2.15436e-08
0.89829 0.00364556 2.15468e-08
0.89833 0.00364556 2.15446e-08
0.89837 0.00364556 2.15435e-08
0.89841 0.00364556 2.1547e-08
0.898449 0.00364556 2.15449e-08
0.898489 0.00364556 2.15436e-08
0.898529 0.00364556 2.15468e-08
0.898569 0.00364556 2.15446e-08
0.898608 0.00364556 2.15435e-08
0.898648 0.00364556 2.1547e-08
0.898688 0.00364556 2.15449e-08
0.898728 0.00364556 2.15436e-08
0.898767 0.00364556 2.15468e-08
0.898807 0.00364556 2.15446e-08
0.898847 0.00364556 2.15435e-08
0.898887 0.00364556 2.1547e-08
0.898926 0.00364556 2.15449e-08
0.898966 0.00364556 2.15436e-08
0.899006 0.00364556 2.15468e-08
0.899046 0.00364556 2.15446e-08
0.899085 0.00364556 2.15435e-08
0.899125 0.00364556 2.1547e-08
0.899165 0.00364556 2.15449e-08
0.899205 0.00364556 2.15436e-08
0.899245 0.00364556 2.15468e-08
0.899284 0.00364556 2.15446e-08
0.899324 0.00364556 2.15435e-08
0.899364 0.00364556 2.1547e-08
0.899404 0.00364556 2.15449e-08
0.899443 0.00364556 2.15436e-08
0.899483 0.00364556 2.15468e-08
0.899523 0.00364556 2.15446e-08
0.899563 0.00364556 2.15435e-08
0.899602 0.00364556 2.1547e-08
0.899642 0.00364556 2.15449e-08
0.899682 0.00364556 2.15436e-08
0.899722 0.00364556 2.15468e-08
0.899761 0.00364556 2.15446e-08
0.899801 0.00364556 2.15435e-08
0.899841 0.00364556 2.1547e-08
0.899881 0.00364556 2.15449e-08
0.89992 0.00364556 2.15436e-08
0.89996 0.00364556 2.15468e-08
0.9 0.00364556 2.15446e-08
0.90004 0.00364556 2.15435e-08
0.90008 0.00364556 2.1547e-08
0.900119 0.00364556 2.15449e-08
0.900159 0.00364556 2.15436e-08
0.900199 0.00364556 2.15468e-08
0.900239 0.00364556 2.15446e-08
0.900278 0.00364556 2.15435e-08
0.900318 0.00364556 2.1547e-08
0.900358 0.00364556 2.15449e-08
0.900398 0.00364556 2.15436e-08
0.900437 0.00364556 2.15468e-08
0.900477 0.00364556 2.15446e-08
0.900517 0.00364556 2.15435e-08
0.900557 0.00364556 2.1547e-08
0.900596 0.00364556 2.15449e-08
0.900636 0.00364556 2.15436e-08
0.900676 0.00364556 2.15468e-08
0.900716 0.00364556 2.15446e-08
0.900755 0.00364556 2.15435e-08
0.900795 0.00364556 2.1547e-08
0.900835 0.00364556 2.15449e-08
0.900875 0.00364556 2.15436e-08
0.900915 0.00364556 2.15468e-08
0.900954 0.00364556 2.15446e-08
0.900994 0.00364556 2.15435e-08
0.901034 0.00364556 2.1547e-08
0.901074 0.00364556 2.15449e-08
0.901113 0.00364556 2.15436e-08
0.901153 0.00364556 2.15468e-08
0.901193 0.00364556 2.15446e-08
0.901233 0.00364556 2.15435e-08
0.901272 0.00364556 2.1547e-08
0.901312 0.00364556 2.15449e-08
0.901352 0.00364556 2.15436e-08
0.901392 0.00364556 2.15468e-08
0.901431 0.00364556 2.15446e-08
0.901471 0.00364556 2.15435e-08
0.901511 0.00364556 2.1547e-08
0.901551 0.00364556 2.15449e-08
0.90159 0.00364556 2.15436e-08
0.90163 0.00364556 2.15468e-08
0.90167 0.00364556 2.15446e-08
0.90171 0.00364556 2.15435e-08
0.90175 0.00364556 2.1547e-08
0.901789 0.00364556 2.15449e-08
0.901829 0.00364556 2.15436e-08
0.901869 0.00364556 2.15468e-08
0.901909 0.00364556 2.15446e-08
0.901948 0.00364556 2.15435e-08
0.901988 0.00364556 2.1547e-08
0.902028 0.00364556 2.15449e-08
0.902068 0.00364556 2.15436e-08
0.902107 0.00364556 2.15468e-08
0.902147 0.00364556 2.15446e-08
0.902187 0.00364556 2.15435e-08
0.902227 0.00364556 2.1547e-08
0.902266 0.00364556 2.15449e-08
0.902306 0.00364556 2.15436e-08
0.902346 0.00364556 2.15468e-08
0.902386 0.00364556 2.15446e-08
0.902425 0.00364556 2.15435e-08
0.902465 0.00364556 2.1547e-08
0.902505 0.00364556 2.15449e-08
0.902545 0.00364556 2.15436e-08
0.902584 0.00364556 2.15468e-08
0.902624 0.00364556 2.15446e-08
0.902664 0.00364556 2.15435e-08
0.902704 0.00364556 2.1547e-08
0.902744 0.00364556 2.15449e-08
0.902783 0.00364556 2.15436e-08
0.902823 0.00364556 2.15468e-08
0.902863 0.00364556 2.15446e-08
0.902903 0.00364556 2.15435e-08
0.902942 0.00364556 2.1547e-08
0.902982 0.00364556 2.15449e-08
0.903022 0.00364556 2.15436e-08
0.903062 0.00364556 2.15468e-08
0.903101 0.00364556 2.15446e-08
0.903141 0.00364556 2.15435e-08
0.903181 0.00364556 2.1547e-08
0.903221 0.00364556 2.15449e-08
0.90326 0.00364556 2.15436e-08
0.9033 0.00364556 2.15468e-08
0.90334 0.00364556 2.15446e-08
0.90338 0.00364556 2.15435e-08
0.903419 0.00364556 2.1547e-08
0.903459 0.00364556 2.15449e-08
0.903499 0.00364556 2.15436e-08
0.903539 0.00364556 2.15468e-08
0.903579 0.00364556 2.15446e-08
0.903618 0.00364556 2.15435e-08
0.903658 0.00364556 2.1547e-08
0.903698 0.00364556 2.15449e-08
0.903738 0.00364556 2.15436e-08
0.903777 0.00364556 2.15468e-08
0.903817 0.00364556 2.15446e-08
0.903857 0.00364556 2.15435e-08
0.903897 0.00364556 2.1547e-08
0.903936 0.00364556 2.15449e-08
0.903976 0.00364556 2.15436e-08
0.904016 0.00364556 2.15468e-08
0.904056 0.00364556 2.15446e-08
0.904095 0.00364556 2.15435e-08
0.904135 0.00364556 2.1547e-08
0.904175 0.00364556 2.15449e-08
0.904215 0.00364556 2.15436e-08
0.904254 0.00364556 2.15468e-08
0.904294 0.00364556 2.15446e-08
0.904334 0.00364556 2.15435e-08
0.904374 0.00364556 2.1547e-08
0.904414 0.00364556 2.15449e-08
0.904453 0.00364556 2.15436e-08
0.904493 0.00364556 2.15468e-08
0.904533 0.00364556 2.15446e-08
0.904573 0.00364556 2.15435e-08
0.904612 0.00364556 2.1547e-08
0.904652 0.00364556 2.15449e-08
0.904692 0.00364556 2.15436e-08
0.904732 0.00364556 2.15468e-08
0.904771 0.00364556 2.15446e-08
0.904811 0.00364556 2.15435e-08
0.904851 0.00364556 2.1547e-08
0.904891 0.00364556 2.15449e-08
0.90493 0.00364556 2.15436e-08
0.90497 0.00364556 2.15468e-08
0.90501 0.00364556 2.15446e-08
0.90505 0.00364556 2.15435e-08
0.905089 0.00364556 2.1547e-08
0.905129 0.00364556 2.15449e-08
0.905169 0.00364556 2.15436e-08
0.905209 0.00364556 2.15468e-08
0.905249 0.00364556 2.15446e-08
0.905288 0.00364556 2.15435e-08
0.905328 0.00364556 2.1547e-08
0.905368 0.00364556 2.15449e-08
0.905408 0.00364556 2.15436e-08
0.905447 0.00364556 2.15468e-08
0.905487 0.00364556 2.15446e-08
0.905527 0.00364556 2.15435e-08
0.905567 0.00364556 2.1547e-08
0.905606 0.00364556 2.15449e-08
0.905646 0.00364556 2.15436e-08
0.905686 0.00364556 2.15468e-08
0.905726 0.00364556 2.15446e-08
0.905765 0.00364556 2.15435e-08
0.905805 0.00364556 2.1547e-08
0.905845 0.00364556 2.15449e-08
0.905885 0.00364556 2.15436e-08
0.905924 0.00364556 2.15468e-08
0.905964 0.00364556 2.15446e-08
0.906004 0.00364556 2.15435e-08
0.906044 0.00364556 2.1547e-08
0.906083 0.00364556 2.15449e-08
0.906123 0.00364556 2.15436e-08
0.906163 0.00364556 2.15468e-08
0.906203 0.00364556 2.15446e-08
0.906243 0.00364556 2.15435e-08
0.906282 0.00364556 2.1547e-08
0.906322 0.00364556 2.15449e-08
0.906362 0.00364556 2.15436e-08
0.906402 0.00364556 2.15468e-08
0.906441 0.00364556 2.15446e-08
0.906481 0.00364556 2.15435e-08
0.906521 0.00364556 2.1547e-08
0.906561 0.00364556 2.15449e-08
0.9066 0.00364556 2.15436e-08
0.90664 0.00364556 2.15468e-08
0.90668 0.00364556 2.15446e-08
0.90672 0.00364556 2.15435e-08
0.906759 0.00364556 2.1547e-08
0.906799 0.00364556 2.15449e-08
0.906839 0.00364556 2.15436e-08
0.906879 0.00364556 2.15468e-08
0.906918 0.00364556 2.15446e-08
0.906958 0.00364556 2.15435e-08
0.906998 0.00364556 2.1547e-08
0.907038 0.00364556 2.15449e-08
0.907078 0.00364556 2.15436e-08
0.907117 0.00364556 2.15468e-08
0.907157 0.00364556 2.15446e-08
0.907197 0.00364556 2.15435e-08
0.907237 0.00364556 2.1547e-08
0.907276 0.00364556 2.15449e-08
0.907316 0.00364556 2.15436e-08
0.907356 0.00364556 2.15468e-08
0.907396 0.00364556 2.15446e-08
0.907435 0.00364556 2.15435e-08
0.907475 0.00364556 2.1547e-08
0.907515 0.00364556 2.15449e-08
0.907555 0.00364556 2.15436e-08
0.907594 0.00364556 2.15468e-08
0.907634 0.00364556 2.15446e-08
0.907674 0.00364556 2.15435e-08
0.907714 0.00364556 2.1547e-08
0.907753 0.00364556 2.15449e-08
0.907793 0.00364556 2.15436e-08
0.907833 0.00364556 2.15468e-08
0.907873 0.00364556 2.15446e-08
0.907913 0.00364556 2.15435e-08
0.907952 0.00364556 2.1547e-08
0.907992 0.00364556 2.15449e-08
0.908032 0.00364556 2.15436e-08
0.908072 0.00364556 2.15468e-08
0.908111 0.00364556 2.15446e-08
0.908151 0.00364556 2.15435e-08
0.908191 0.00364556 2.1547e-08
0.908231 0.00364556 2.15449e-08
0.90827 0.00364556 2.15436e-08
0.90831 0.00364556 2.15468e-08
0.90835 0.00364556 2.15446e-08
0.90839 0.00364556 2.15435e-08
0.908429 0.00364556 2.1547e-08
0.908469 0.00364556 2.15449e-08
0.908509 0.00364556 2.15436e-08
0.908549 0.00364556 2.15468e-08
0.908588 0.00364556 2.15446e-08
0.908628 0.00364556 2.15435e-08
0.908668 0.00364556 2.1547e-08
0.908708 0.00364556 2.15449e-08
0.908748 0.00364556 2.15436e-08
0.908787 0.00364556 2.15468e-08
0.908827 0.00364556 2.15446e-08
0.908867 0.00364556 2.15435e-08
0.908907 0.00364556 2.1547e-08
0.908946 0.00364556 2.15449e-08
0.908986 0.00364556 2.15436e-08
0.909026 0.00364556 2.15468e-08
0.909066 0.00364556 2.15446e-08
0.909105 0.00364556 2.15435e-08
0.909145 0.00364556 2.1547e-08
0.909185 0.00364556 2.15449e-08
0.909225 0.00364556 2.15436e-08
0.909264 0.00364556 2.15468e-08
0.909304 0.00364556 2.15446e-08
0.909344 0.00364556 2.15435e-08
0.909384 0.00364556 2.1547e-08
0.909423 0.00364556 2.15449e-08
0.909463 0.00364556 2.15436e-08
0.909503 0.00364556 2.15468e-08
0.909543 0.00364556 2.15446e-08
0.909583 0.00364556 2.15435e-08
0.909622 0.00364556 2.1547e-08
0.909662 0.00364556 2.15449e-08
0.909702 0.00364556 2.15436e-08
0.909742 0.00364556 2.15468e-08
0.909781 0.00364556 2.15446e-08
0.909821 0.00364556 2.15435e-08
0.909861 0.00364556 2.1547e-08
0.909901 0.00364556 2.15449e-08
0.90994 0.00364556 2.15436e-08
0.90998 0.00364556 2.15468e-08
0.91002 0.00364556 2.15446e-08
0.91006 0.00364556 2.15435e-08
0.910099 0.00364556 2.1547e-08
0.910139 0.00364556 2.15449e-08
0.910179 0.00364556 2.15436e-08
0.910219 0.00364556 2.15468e-08
0.910258 0.00364556 2.15446e-08
0.910298 0.00364556 2.15435e-08
0.910338 0.00364556 2.1547e-08
0.910378 0.00364556 2.15449e-08
0.910417 0.00364556 2.15436e-08
0.910457 0.00364556 2.15468e-08
0.910497 0.00364556 2.15446e-08
0.910537 0.00364556 2.15435e-08
0.910577 0.00364556 2.1547e-08
0.910616 0.00364556 2.15449e-08
0.910656 0.00364556 2.15436e-08
0.910696 0.00364556 2.15468e-08
0.910736 0.00364556 2.15446e-08
0.910775 0.00364556 2.15435e-08
0.910815 0.00364556 2.1547e-08
0.910855 0.00364556 2.15449e-08
0.910895 0.00364556 2.15436e-08
0.910934 0.00364556 2.15468e-08
0.910974 0.00364556 2.15446e-08
0.911014 0.00364556 2.15435e-08
0.911054 0.00364556 2.1547e-08
0.911093 0.00364556 2.15449e-08
0.911133 0.00364556 2.15436e-08
0.911173 0.00364556 2.15468e-08
0.911213 0.00364556 2.15446e-08
0.911252 0.00364556 2.15435e-08
0.911292 0.00364556 2.1547e-08
0.911332 0.00364556 2.15449e-08
0.911372 0.00364556 2.15436e-08
0.911412 0.00364556 2.15468e-08
0.911451 0.00364556 2.15446e-08
0.911491 0.00364556 2.15435e-08
0.911531 0.00364556 2.1547e-08
0.911571 0.00364556 2.15449e-08
0.91161 0.00364556 2.15436e-08
0.91165 0.00364556 2.15468e-08
0.91169 0.00364556 2.15446e-08
0.91173 0.00364556 2.15435e-08
0.911769 0.00364556 2.1547e-08
0.911809 0.00364556 2.15449e-08
0.911849 0.00364556 2.15436e-08
0.911889 0.00364556 2.15468e-08
0.911928 0.00364556 2.15446e-08
0.911968 0.00364556 2.15435e-08
0.912008 0.00364556 2.1547e-08
0.912048 0.00364556 2.15449e-08
0.912087 0.00364556 2.15436e-08
0.912127 0.00364556 2.15468e-08
0.912167 0.00364556 2.15446e-08
0.912207 0.00364556 2.15435e-08
0.912247 0.00364556 2.1547e-08
0.912286 0.00364556 2.15449e-08
0.912326 0.00364556 2.15436e-08
0.912366 0.00364556 2.15468e-08
0.912406 0.00364556 2.15446e-08
0.912445 0.00364556 2.15435e-08
0.912485 0.00364556 2.1547e-08
0.912525 0.00364556 2.15449e-08
0.912565 0.00364556 2.15436e-08
0.912604 0.00364556 2.15468e-08
0.912644 0.00364556 2.15446e-08
0.912684 0.00364556 2.15435e-08
0.912724 0.00364556 2.1547e-08
0.912763 0.00364556 2.15449e-08
0.912803 0.00364556 2.15436e-08
0.912843 0.00364556 2.15468e-08
0.912883 0.00364556 2.15446e-08
0.912922 0.00364556 2.15435e-08
0.912962 0.00364556 2.1547e-08
0.913002 0.00364556 2.15449e-08
0.913042 0.00364556 2.15436e-08
0.913082 0.00364556 2.15468e-08
0.913121 0.00364556 2.15446e-08
0.913161 0.00364556 2.15435e-08
0.913201 0.00364556 2.1547e-08
0.913241 0.00364556 2.15449e-08
0.91328 0.00364556 2.15436e-08
0.91332 0.00364556 2.15468e-08
0.91336 0.00364556 2.15446e-08
0.9134 0.00364556 2.15435e-08
0.913439 0.00364556 2.1547e-08
0.913479 0.00364556 2.15449e-08
0.913519 0.00364556 2.15436e-08
0.913559 0.00364556 2.15468e-08
0.913598 0.00364556 2.15446e-08
0.913638 0.00364556 2.15435e-08
0.913678 0.00364556 2.1547e-08
0.913718 0.00364556 2.15449e-08
0.913757 0.00364556 2.15436e-08
0.913797 0.00364556 2.15468e-08
0.913837 0.00364556 2.15446e-08
0.913877 0.00364556 2.15435e-08
0.913917 0.00364556 2.1547e-08
0.913956 0.00364556 2.15449e-08
0.913996 0.00364556 2.15436e-08
0.914036 0.00364556 2.15468e-08
0.914076 0.00364556 2.15446e-08
0.914115 0.00364556 2.15435e-08
0.914155 0.00364556 2.1547e-08
0.914195 0.00364556 2.15449e-08
0.914235 0.00364556 2.15436e-08
0.914274 0.00364556 2.15468e-08
0.914314 0.00364556 2.15446e-08
0.914354 0.00364556 2.15435e-08
0.914394 0.00364556 2.1547e-08
0.914433 0.00364556 2.15449e-08
0.914473 0.00364556 2.15436e-08
0.914513 0.00364556 2.15468e-08
0.914553 0.00364556 2.15446e-08
0.914592 0.00364556 2.15435e-08
0.914632 0.00364556 2.1547e-08
0.914672 0.00364556 2.15449e-08
0.914712 0.00364556 2.15436e-08
0.914751 0.00364556 2.15468e-08
0.914791 0.00364556 2.15446e-08
0.914831 0.00364556 2.15435e-08
0.914871 0.00364556 2.1547e-08
0.914911 0.00364556 2.15449e-08
0.91495 0.00364556 2.15436e-08
0.91499 0.00364556 2.15468e-08
0.91503 0.00364556 2.15446e-08
0.91507 0.00364556 2.15435e-08
0.915109 0.00364556 2.1547e-08
0.915149 0.00364556 2.15449e-08
0.915189 0.00364556 2.15436e-08
0.915229 0.00364556 2.15468e-08
0.915268 0.00364556 2.15446e-08
0.915308 0.00364556 2.15435e-08
0.915348 0.00364556 2.1547e-08
0.915388 0.00364556 2.15449e-08
0.915427 0.00364556 2.15436e-08
0.915467 0.00364556 2.15468e-08
0.915507 0.00364556 2.15446e-08
0.915547 0.00364556 2.15435e-08
0.915586 0.00364556 2.1547e-08
0.915626 0.00364556 2.15449e-08
0.915666 0.00364556 2.15436e-08
0.915706 0.00364556 2.15468e-08
0.915746 0.00364556 2.15446e-08
0.915785 0.00364556 2.15435e-08
0.915825 0.00364556 2.1547e-08
0.915865 0.00364556 2.15449e-08
0.915905 0.00364556 2.15436e-08
0.915944 0.00364556 2.15468e-08
0.915984 0.00364556 2.15446e-08
0.916024 0.00364556 2.15435e-08
0.916064 0.00364556 2.1547e-08
0.916103 0.00364556 2.15449e-08
0.916143 0.00364556 2.15436e-08
0.916183 0.00364556 2.15468e-08
0.916223 0.00364556 2.15446e-08
0.916262 0.00364556 2.15435e-08
0.916302 0.00364556 2.1547e-08
0.916342 0.00364556 2.15449e-08
0.916382 0.00364556 2.15436e-08
0.916421 0.00364556 2.15468e-08
0.916461 0.00364556 2.15446e-08
0.916501 0.00364556 2.15435e-08
0.916541 0.00364556 2.1547e-08
0.916581 0.00364556 2.15449e-08
0.91662 0.00364556 2.15436e-08
0.91666 0.00364556 2.15468e-08
0.9167 0.00364556 2.15446e-08
0.91674 0.00364556 2.15435e-08
0.916779 0.00364556 2.1547e-08
0.916819 0.00364556 2.15449e-08
0.916859 0.00364556 2.15436e-08
0.916899 0.00364556 2.15468e-08
0.916938 0.00364556 2.15446e-08
0.916978 0.00364556 2.15435e-08
0.917018 0.00364556 2.1547e-08
0.917058 0.00364556 2.15449e-08
0.917097 0.00364556 2.15436e-08
0.917137 0.00364556 2.15468e-08
0.917177 0.00364556 2.15446e-08
0.917217 0.00364556 2.15435e-08
0.917256 0.00364556 2.1547e-08
0.917296 0.00364556 2.15449e-08
0.917336 0.00364556 2.15436e-08
0.917376 0.00364556 2.15468e-08
0.917416 0.00364556 2.15446e-08
0.917455 0.00364556 2.15435e-08
0.917495 0.00364556 2.1547e-08
0.917535 0.00364556 2.15449e-08
0.917575 0.00364556 2.15436e-08
0.917614 0.00364556 2.15468e-08
0.917654 0.00364556 2.15446e-08
0.917694 0.00364556 2.15435e-08
0.917734 0.00364556 2.1547e-08
0.917773 0.00364556 2.15449e-08
0.917813 0.00364556 2.15436e-08
0.917853 0.00364556 2.15468e-08
0.917893 0.00364556 2.15446e-08
0.917932 0.00364556 2.15435e-08
0.917972 0.00364556 2.1547e-08
0.918012 0.00364556 2.15449e-08
0.918052 0.00364556 2.15436e-08
0.918091 0.00364556 2.15468e-08
0.918131 0.00364556 2.15446e-08
0.918171 0.00364556 2.15435e-08
0.918211 0.00364556 2.1547e-08
0.91825 0.00364556 2.15449e-08
0.91829 0.00364556 2.15436e-08
0.91833 0.00364556 2.15468e-08
0.91837 0.00364556 2.15446e-08
0.91841 0.00364556 2.15435e-08
0.918449 0.00364556 2.1547e-08
0.918489 0.00364556 2.15449e-08
0.918529 0.00364556 2.15436e-08
0.918569 0.00364556 2.15468e-08
0.918608 0.00364556 2.15446e-08
0.918648 0.00364556 2.15435e-08
0.918688 0.00364556 2.1547e-08
0.918728 0.00364556 2.15449e-08
0.918767 0.00364556 2.15436e-08
0.918807 0.00364556 2.15468e-08
0.918847 0.00364556 2.15446e-08
0.918887 0.00364556 2.15435e-08
0.918926 0.00364556 2.1547e-08
0.918966 0.00364556 2.15449e-08
0.919006 0.00364556 2.15436e-08
0.919046 0.00364556 2.15468e-08
0.919085 0.00364556 2.15446e-08
0.919125 0.00364556 2.15435e-08
0.919165 0.00364556 2.1547e-08
0.919205 0.00364556 2.15449e-08
0.919245 0.00364556 2.15436e-08
0.919284 0.00364556 2.15468e-08
0.919324 0.00364556 2.15446e-08
0.919364 0.00364556 2.15435e-08
0.919404 0.00364556 2.1547e-08
0.919443 0.00364556 2.15449e-08
0.919483 0.00364556 2.15436e-08
0.919523 0.00364556 2.15468e-08
0.919563 0.00364556 2.15446e-08
0.919602 0.00364556 2.15435e-08
0.919642 0.00364556 2.1547e-08
0.919682 0.00364556 2.15449e-08
0.919722 0.00364556 2.15436e-08
0.919761 0.00364556 2.15468e-08
0.919801 0.00364556 2.15446e-08
0.919841 0.00364556 2.15435e-08
0.919881 0.00364556 2.1547e-08
0.91992 0.00364556 2.15449e-08
0.91996 0.00364556 2.15436e-08
0.92 0.00364556 2.15468e-08
0.92004 0.00364556 2.15446e-08
0.92008 0.00364556 2.15435e-08
0.920119 0.00364556 2.1547e-08
0.920159 0.00364556 2.15449e-08
0.920199 0.00364556 2.15436e-08
0.920239 0.00364556 2.15468e-08
0.920278 0.00364556 2.15446e-08
0.920318 0.00364556 2.15435e-08
0.920358 0.00364556 2.1547e-08
0.920398 0.00364556 2.15449e-08
0.920437 0.00364556 2.15436e-08
0.920477 0.00364556 2.15468e-08
0.920517 0.00364556 2.15446e-08
0.920557 0.00364556 2.15435e-08
0.920596 0.00364556 2.1547e-08
0.920636 0.00364556 2.15449e-08
0.920676 0.00364556 2.15436e-08
0.920716 0.00364556 2.15468e-08
0.920755 0.00364556 2.15446e-08
0.920795 0.00364556 2.15435e-08
0.920835 0.00364556 2.1547e-08
0.920875 0.00364556 2.15449e-08
0.920915 0.00364556 2.15436e-08
0.920954 0.00364556 2.15468e-08
0.920994 0.00364556 2.15446e-08
0.921034 0.00364556 2.15435e-08
0.921074 0.00364556 2.1547e-08
0.921113 0.00364556 2.15449e-08
0.921153 0.00364556 2.15436e-08
0.921193 0.00364556 2.15468e-08
0.921233 0.00364556 2.15446e-08
0.921272 0.00364556 2.15435e-08
0.921312 0.00364556 2.1547e-08
0.921352 0.00364556 2.15449e-08
0.921392 0.00364556 2.15436e-08
0.921431 0.00364556 2.15468e-08
0.921471 0.00364556 2.15446e-08
0.921511 0.00364556 2.15435e-08
0.921551 0.00364556 2.1547e-08
0.92159 0.00364556 2.15449e-08
0.92163 0.00364556 2.15436e-08
0.92167 0.00364556 2.15468e-08
0.92171 0.00364556 2.15446e-08
0.92175 0.00364556 2.15435e-08
0.921789 0.00364556 2.1547e-08
0.921829 0.00364556 2.15449e-08
0.921869 0.00364556 2.15436e-08
0.921909 0.00364556 2.15468e-08
0.921948 0.00364556 2.15446e-08
0.921988 0.00364556 2.15435e-08
0.922028 0.00364556 2.1547e-08
0.922068 0.00364556 2.15449e-08
0.922107 0.00364556 2.15436e-08
0.922147 0.00364556 2.15468e-08
0.922187 0.00364556 2.15446e-08
0.922227 0.00364556 2.15435e-08
0.922266 0.00364556 2.1547e-08
0.922306 0.00364556 2.15449e-08
0.922346 0.00364556 2.15436e-08
0.922386 0.00364556 2.15468e-08
0.922425 0.00364556 2.15446e-08
0.922465 0.00364556 2.15435e-08
0.922505 0.00364556 2.1547e-08
0.922545 0.00364556 2.15449e-08
0.922584 0.00364556 2.15436e-08
0.922624 0.00364556 2.15468e-08
0.922664 0.00364556 2.15446e-08
0.922704 0.00364556 2.15435e-08
0.922744 0.00364556 2.1547e-08
0.922783 0.00364556 2.15449e-08
0.922823 0.00364556 2.15436e-08
0.922863 0.00364556 2.15468e-08
0.922903 0.00364556 2.15446e-08
0.922942 0.00364556 2.15435e-08
0.922982 0.00364556 2.1547e-08
0.923022 0.00364556 2.15449e-08
0.923062 0.00364556 2.15436e-08
0.923101 0.00364556 2.15468e-08
0.923141 0.00364556 2.15446e-08
0.923181 0.00364556 2.15435e-08
0.923221 0.00364556 2.1547e-08
0.92326 0.00364556 2.15449e-08
0.9233 0.00364556 2.15436e-08
0.92334 0.00364556 2.15468e-08
0.92338 0.00364556 2.15446e-08
0.923419 0.00364556 2.15435e-08
0.923459 0.00364556 2.1547e-08
0.923499 0.00364556 2.15449e-08
0.923539 0.00364556 2.15436e-08
0.923579 0.00364556 2.15468e-08
0.923618 0.00364556 2.15446e-08
0.923658 0.00364556 2.15435e-08
0.923698 0.00364556 2.1547e-08
0.923738 0.00364556 2.15449e-08
0.923777 0.00364556 2.15436e-08
0.923817 0.00364556 2.15468e-08
0.923857 0.00364556 2.15446e-08
0.923897 0.00364556 2.15435e-08
0.923936 0.00364556 2.1547e-08
0.923976 0.00364556 2.15449e-08
0.924016 0.00364556 2.15436e-08
0.924056 0.00364556 2.15468e-08
0.924095 0.00364556 2.15446e-08
0.924135 0.00364556 2.15435e-08
0.924175 0.00364556 2.1547e-08
0.924215 0.00364556 2.15449e-08
0.924254 0.00364556 2.15436e-08
0.924294 0.00364556 2.15468e-08
0.924334 0.00364556 2.15446e-08
0.924374 0.00364556 2.15435e-08
0.924414 0.00364556 2.1547e-08
0.924453 0.00364556 2.15449e-08
0.924493 0.00364556 2.15436e-08
0.924533 0.00364556 2.15468e-08
0.924573 0.00364556 2.15446e-08
0.924612 0.00364556 2.15435e-08
0.924652 0.00364556 2.1547e-08
0.924692 0.00364556 2.15449e-08
0.924732 0.00364556 2.15436e-08
0.924771 0.00364556 2.15468e-08
0.924811 0.00364556 2.15446e-08
0.924851 0.00364556 2.15435e-08
0.924891 0.00364556 2.1547e-08
0.92493 0.00364556 2.15449e-08
0.92497 0.00364556 2.15436e-08
0.92501 0.00364556 2.15468e-08
0.92505 0.00364556 2.15446e-08
0.925089 0.00364556 2.15435e-08
0.925129 0.00364556 2.1547e-08
0.925169 0.00364556 2.15449e-08
0.925209 0.00364556 2.15436e-08
0.925249 0.00364556 2.15468e-08
0.925288 0.00364556 2.15446e-08
0.925328 0.00364556 2.15435e-08
0.925368 0.00364556 2.1547e-08
0.925408 0.00364556 2.15449e-08
0.925447 0.00364556 2.15436e-08
0.925487 0.00364556 2.15468e-08
0.925527 0.00364556 2.15446e-08
0.925567 0.00364556 2.15435e-08
0.925606 0.00364556 2.1547e-08
0.925646 0.00364556 2.15449e-08
0.925686 0.00364556 2.15436e-08
0.925726 0.00364556 2.15468e-08
0.925765 0.00364556 2.15446e-08
0.925805 0.00364556 2.15435e-08
0.925845 0.00364556 2.1547e-08
0.925885 0.00364556 2.15449e-08
0.925924 0.00364556 2.15436e-08
0.925964 0.00364556 2.15468e-08
0.926004 0.00364556 2.15446e-08
0.926044 0.00364556 2.15435e-08
0.926083 0.00364556 2.1547e-08
0.926123 0.00364556 2.15449e-08
0.926163 0.00364556 2.15436e-08
0.926203 0.00364556 2.15468e-08
0.926243 0.00364556 2.15446e-08
0.926282 0.00364556 2.15435e-08
0.926322 0.00364556 2.1547e-08
0.926362 0.00364556 2.15449e-08
0.926402 0.00364556 2.15436e-08
0.926441 0.00364556 2.15468e-08
0.926481 0.00364556 2.15446e-08
0.926521 0.00364556 2.15435e-08
0.926561 0.00364556 2.1547e-08
0.9266 0.00364556 2.15449e-08
0.92664 0.00364556 2.15436e-08
0.92668 0.00364556 2.15468e-08
0.92672 0.00364556 2.15446e-08
0.926759 0.00364556 2.15435e-08
0.926799 0.00364556 2.1547e-08
0.926839 0.00364556 2.15449e-08
0.926879 0.00364556 2.15436e-08
0.926918 0.00364556 2.15468e-08
0.926958 0.00364556 2.15446e-08
0.926998 0.00364556 2.15435e-08
0.927038 0.00364556 2.1547e-08
0.927078 0.00364556 2.15449e-08
0.927117 0.00364556 2.15436e-08
0.927157 0.00364556 2.15468e-08
0.927197 0.00364556 2.15446e-08
0.927237 0.00364556 2.15435e-08
0.927276 0.00364556 2.1547e-08
0.927316 0.00364556 2.15449e-08
0.927356 0.00364556 2.15436e-08
0.927396 0.00364556 2.15468e-08
0.927435 0.00364556 2.15446e-08
0.927475 0.00364556 2.15435e-08
0.927515 0.00364556 2.1547e-08
0.927555 0.00364556 2.15449e-08
0.927594 0.00364556 2.15436e-08
0.927634 0.00364556 2.15468e-08
0.927674 0.00364556 2.15446e-08
0.927714 0.00364556 2.15435e-08
0.927753 0.00364556 2.1547e-08
0.927793 0.00364556 2.15449e-08
0.927833 0.00364556 2.15436e-08
0.927873 0.00364556 2.15468e-08
0.927913 0.00364556 2.15446e-08
0.927952 0.00364556 2.15435e-08
0.927992 0.00364556 2.1547e-08
0.928032 0.00364556 2.15449e-08
0.928072 0.00364556 2.15436e-08
0.928111 0.00364556 2.15468e-08
0.928151 0.00364556 2.15446e-08
0.928191 0.00364556 2.15435e-08
0.928231 0.00364556 2.1547e-08
0.92827 0.00364556 2.15449e-08
0.92831 0.00364556 2.15436e-08
0.92835 0.00364556 2.15468e-08
0.92839 0.00364556 2.15446e-08
0.928429 0.00364556 2.15435e-08
0.928469 0.00364556 2.1547e-08
0.928509 0.00364556 2.15449e-08
0.928549 0.00364556 2.15436e-08
0.928588 0.00364556 2.15468e-08
0.928628 0.00364556 2.15446e-08
0.928668 0.00364556 2.15435e-08
0.928708 0.00364556 2.1547e-08
0.928748 0.00364556 2.15449e-08
0.928787 0.00364556 2.15436e-08
0.928827 0.00364556 2.15468e-08
0.928867 0.00364556 2.15446e-08
0.928907 0.00364556 2.15435e-08
0.928946 0.00364556 2.1547e-08
0.928986 0.00364556 2.15449e-08
0.929026 0.00364556 2.15436e-08
0.929066 0.00364556 2.15468e-08
0.929105 0.00364556 2.15446e-08
0.929145 0.00364556 2.15435e-08
0.929185 0.00364556 2.1547e-08
0.929225 0.00364556 2.15449e-08
0.929264 0.00364556 2.15436e-08
0.929304 0.00364556 2.15468e-08
0.929344 0.00364556 2.15446e-08
0.929384 0.00364556 2.15435e-08
0.929423 0.00364556 2.1547e-08
0.929463 0.00364556 2.15449e-08
0.929503 0.00364556 2.15436e-08
0.929543 0.00364556 2.15468e-08
0.929583 0.00364556 2.15446e-08
0.929622 0.00364556 2.15435e-08
0.929662 0.00364556 2.1547e-08
0.929702 0.00364556 2.15449e-08
0.929742 0.00364556 2.15436e-08
0.929781 0.00364556 2.15468e-08
0.929821 0.00364556 2.15446e-08
0.929861 0.00364556 2.15435e-08
0.929901 0.00364556 2.1547e-08
0.92994 0.00364556 2.15449e-08
0.92998 0.00364556 2.15436e-08
0.93002 0.00364556 2.15468e-08
0.93006 0.00364556 2.15446e-08
0.930099 0.00364556 2.15435e-08
0.930139 0.00364556 2.1547e-08
0.930179 0.00364556 2.15449e-08
0.930219 0.00364556 2.15436e-08
0.930258 0.00364556 2.15468e-08
0.930298 0.00364556 2.15446e-08
0.930338 0.00364556 2.15435e-08
0.930378 0.00364556 2.1547e-08
0.930417 0.00364556 2.15449e-08
0.930457 0.00364556 2.15436e-08
0.930497 0.00364556 2.15468e-08
0.930537 0.00364556 2.15446e-08
0.930577 0.00364556 2.15435e-08
0.930616 0.00364556 2.1547e-08
0.930656 0.00364556 2.15449e-08
0.930696 0.00364556 2.15436e-08
0.930736 0.00364556 2.15468e-08
0.930775 0.00364556 2.15446e-08
0.930815 0.00364556 2.15435e-08
0.930855 0.00364556 2.1547e-08
0.930895 0.00364556 2.15449e-08
0.930934 0.00364556 2.15436e-08
0.930974 0.00364556 2.15468e-08
0.931014 0.00364556 2.15446e-08
0.931054 0.00364556 2.15435e-08
0.931093 0.00364556 2.1547e-08
0.931133 0.00364556 2.15449e-08
0.931173 0.00364556 2.15436e-08
0.931213 0.00364556 2.15468e-08
0.931252 0.00364556 2.15446e-08
0.931292 0.00364556 2.15435e-08
0.931332 0.00364556 2.1547e-08
0.931372 0.00364556 2.15449e-08
0.931412 0.00364556 2.15436e-08
0.931451 0.00364556 2.15468e-08
0.931491 0.00364556 2.15446e-08
0.931531 0.00364556 2.15435e-08
0.931571 0.00364556 2.1547e-08
0.93161 0.00364556 2.15449e-08
0.93165 0.00364556 2.15436e-08
0.93169 0.00364556 2.15468e-08
0.93173 0.00364556 2.15446e-08
0.931769 0.00364556 2.15435e-08
0.931809 0.00364556 2.1547e-08
0.931849 0.00364556 2.15449e-08
0.931889 0.00364556 2.15436e-08
0.931928 0.00364556 2.15468e-08
0.931968 0.00364556 2.15446e-08
0.932008 0.00364556 2.15435e-08
0.932048 0.00364556 2.1547e-08
0.932087 0.00364556 2.15449e-08
0.932127 0.00364556 2.15436e-08
0.932167 0.00364556 2.15468e-08
0.932207 0.00364556 2.15446e-08
0.932247 0.00364556 2.15435e-08
0.932286 0.00364556 2.1547e-08
0.932326 0.00364556 2.15449e-08
0.932366 0.00364556 2.15436e-08
0.932406 0.00364556 2.15468e-08
0.932445 0.00364556 2.15446e-08
0.932485 0.00364556 2.15435e-08
0.932525 0.00364556 2.1547e-08
0.932565 0.00364556 2.15449e-08
0.932604 0.00364556 2.15436e-08
0.932644 0.00364556 2.15468e-08
0.932684 0.00364556 2.15446e-08
0.932724 0.00364556 2.15435e-08
0.932763 0.00364556 2.1547e-08
0.932803 0.00364556 2.15449e-08
0.932843 0.00364556 2.15436e-08
0.932883 0.00364556 2.15468e-08
0.932922 0.00364556 2.15446e-08
0.932962 0.00364556 2.15435e-08
0.933002 0.00364556 2.1547e-08
0.933042 0.00364556 2.15449e-08
0.933082 0.00364556 2.15436e-08
0.933121 0.00364556 2.15468e-08
0.933161 0.00364556 2.15446e-08
0.933201 0.00364556 2.15435e-08
0.933241 0.00364556 2.1547e-08
0.93328 0.00364556 2.15449e-08
0.93332 0.00364556 2.15436e-08
0.93336 0.00364556 2.15468e-08
0.9334 0.00364556 2.15446e-08
0.933439 0.00364556 2.15435e-08
0.933479 0.00364556 2.1547e-08
0.933519 0.00364556 2.15449e-08
0.933559 0.00364556 2.15436e-08
0.933598 0.00364556 2.15468e-08
0.933638 0.00364556 2.15446e-08
0.933678 0.00364556 2.15435e-08
0.933718 0.00364556 2.1547e-08
0.933757 0.00364556 2.15449e-08
0.933797 0.00364556 2.15436e-08
0.933837 0.00364556 2.15468e-08
0.933877 0.00364556 2.15446e-08
0.933917 0.00364556 2.15435e-08
0.933956 0.00364556 2.1547e-08
0.933996 0.00364556 2.15449e-08
0.934036 0.00364556 2.15436e-08
0.934076 0.00364556 2.15468e-08
0.934115 0.00364556 2.15446e-08
0.934155 0.00364556 2.15435e-08
0.934195 0.00364556 2.1547e-08
0.934235 0.00364556 2.15449e-08
0.934274 0.00364556 2.15436e-08
0.934314 0.00364556 2.15468e-08
0.934354 0.00364556 2.15446e-08
0.934394 0.00364556 2.15435e-08
0.934433 0.00364556 2.1547e-08
0.934473 0.00364556 2.15449e-08
0.934513 0.00364556 2.15436e-08
0.934553 0.00364556 2.15468e-08
0.934592 0.00364556 2.15446e-08
0.934632 0.00364556 2.15435e-08
0.934672 0.00364556 2.1547e-08
0.934712 0.00364556 2.15449e-08
0.934751 0.00364556 2.15436e-08
0.934791 0.00364556 2.15468e-08
0.934831 0.00364556 2.15446e-08
0.934871 0.00364556 2.15435e-08
0.934911 0.00364556 2.1547e-08
0.93495 0.00364556 2.15449e-08
0.93499 0.00364556 2.15436e-08
0.93503 0.00364556 2.15468e-08
0.93507 0.00364556 2.15446e-08
0.935109 0.00364556 2.15435e-08
0.935149 0.00364556 2.1547e-08
0.935189 0.00364556 2.15449e-08
0.935229 0.00364556 2.15436e-08
0.935268 0.00364556 2.15468e-08
0.935308 0.00364556 2.15446e-08
0.935348 0.00364556 2.15435e-08
0.935388 0.00364556 2.1547e-08
0.935427 0.00364556 2.15449e-08
0.935467 0.00364556 2.15436e-08
0.935507 0.00364556 2.15468e-08
0.935547 0.00364556 2.15446e-08
0.935586 0.00364556 2.15435e-08
0.935626 0.00364556 2.1547e-08
0.935666 0.00364556 2.15449e-08
0.935706 0.00364556 2.15436e-08
0.935746 0.00364556 2.15468e-08
0.935785 0.00364556 2.15446e-08
0.935825 0.00364556 2.15435e-08
0.935865 0.00364556 2.1547e-08
0.935905 0.00364556 2.15449e-08
0.935944 0.00364556 2.15436e-08
0.935984 0.00364556 2.15468e-08
0.936024 0.00364556 2.15446e-08
0.936064 0.00364556 2.15435e-08
0.936103 0.00364556 2.1547e-08
0.936143 0.00364556 2.15449e-08
0.936183 0.00364556 2.15436e-08
0.936223 0.00364556 2.15468e-08
0.936262 0.00364556 2.15446e-08
0.936302 0.00364556 2.15435e-08
0.936342 0.00364556 2.1547e-08
0.936382 0.00364556 2.15449e-08
0.936421 0.00364556 2.15436e-08
0.936461 0.00364556 2.15468e-08
0.936501 0.00364556 2.15446e-08
0.936541 0.00364556 2.15435e-08
0.936581 0.00364556 2.1547e-08
0.93662 0.00364556 2.15449e-08
0.93666 0.00364556 2.15436e-08
0.9367 0.00364556 2.15468e-08
0.93674 0.00364556 2.15446e-08
0.936779 0.00364556 2.15435e-08
0.936819 0.00364556 2.1547e-08
0.936859 0.00364556 2.15449e-08
0.936899 0.00364556 2.15436e-08
0.936938 0.00364556 2.15468e-08
0.936978 0.00364556 2.15446e-08
0.937018 0.00364556 2.15435e-08
0.937058 0.00364556 2.1547e-08
0.937097 0.00364556 2.15449e-08
0.937137 0.00364556 2.15436e-08
0.937177 0.00364556 2.15468e-08
0.937217 0.00364556 2.15446e-08
0.937256 0.00364556 2.15435e-08
0.937296 0.00364556 2.1547e-08
0.937336 0.00364556 2.15449e-08
0.937376 0.00364556 2.15436e-08
0.937416 0.00364556 2.15468e-08
0.937455 0.00364556 2.15446e-08
0.937495 0.00364556 2.15435e-08
0.937535 0.00364556 2.1547e-08
0.937575 0.00364556 2.15449e-08
0.937614 0.00364556 2.15436e-08
0.937654 0.00364556 2.15468e-08
0.937694 0.00364556 2.15446e-08
0.937734 0.00364556 2.15435e-08
0.937773 0.00364556 2.1547e-08
0.937813 0.00364556 2.15449e-08
0.937853 0.00364556 2.15436e-08
0.937893 0.00364556 2.15468e-08
0.937932 0.00364556 2.15446e-08
0.937972 0.00364556 2.15435e-08
0.938012 0.00364556 2.1547e-08
0.938052 0.00364556 2.15449e-08
0.938091 0.00364556 2.15436e-08
0.938131 0.00364556 2.15468e-08
0.938171 0.00364556 2.15446e-08
0.938211 0.00364556 2.15435e-08
0.93825 0.00364556 2.1547e-08
0.93829 0.00364556 2.15449e-08
0.93833 0.00364556 2.15436e-08
0.93837 0.00364556 2.15468e-08
0.93841 0.00364556 2.15446e-08
0.938449 0.00364556 2.15435e-08
0.938489 0.00364556 2.1547e-08
0.938529 0.00364556 2.15449e-08
0.938569 0.00364556 2.15436e-08
0.938608 0.00364556 2.15468e-08
0.938648 0.00364556 2.15446e-08
0.938688 0.00364556 2.15435e-08
0.938728 0.00364556 2.1547e-08
0.938767 0.00364556 2.15449e-08
0.938807 0.00364556 2.15436e-08
0.938847 0.00364556 2.15468e-08
0.938887 0.00364556 2.15446e-08
0.938926 0.00364556 2.15435e-08
0.938966 0.00364556 2.1547e-08
0.939006 0.00364556 2.15449e-08
0.939046 0.00364556 2.15436e-08
0.939085 0.00364556 2.15468e-08
0.939125 0.00364556 2.15446e-08
0.939165 0.00364556 2.15435e-08
0.939205 0.00364556 2.1547e-08
0.939245 0.00364556 2.15449e-08
0.939284 0.00364556 2.15436e-08
0.939324 0.00364556 2.15468e-08
0.939364 0.00364556 2.15446e-08
0.939404 0.00364556 2.15435e-08
0.939443 0.00364556 2.1547e-08
0.939483 0.00364556 2.15449e-08
0.939523 0.00364556 2.15436e-08
0.939563 0.00364556 2.15468e-08
0.939602 0.00364556 2.15446e-08
0.939642 0.00364556 2.15435e-08
0.939682 0.00364556 2.1547e-08
0.939722 0.00364556 2.15449e-08
0.939761 0.00364556 2.15436e-08
0.939801 0.00364556 2.15468e-08
0.939841 0.00364556 2.15446e-08
0.939881 0.00364556 2.15435e-08
0.93992 0.00364556 2.1547e-08
0.93996 0.00364556 2.15449e-08
0.94 0.00364556 2.15436e-08
0.94004 0.00364556 2.15468e-08
0.94008 0.00364556 2.15446e-08
0.940119 0.00364556 2.15435e-08
0.940159 0.00364556 2.1547e-08
0.940199 0.00364556 2.15449e-08
0.940239 0.00364556 2.15436e-08
0.940278 0.00364556 2.15468e-08
0.940318 0.00364556 2.15446e-08
0.940358 0.00364556 2.15435e-08
0.940398 0.00364556 2.1547e-08
0.940437 0.00364556 2.15449e-08
0.940477 0.00364556 2.15436e-08
0.940517 0.00364556 2.15468e-08
0.940557 0.00364556 2.15446e-08
0.940596 0.00364556 2.15435e-08
0.940636 0.00364556 2.1547e-08
0.940676 0.00364556 2.15449e-08
0.940716 0.00364556 2.15436e-08
0.940755 0.00364556 2.15468e-08
0.940795 0.00364556 2.15446e-08
0.940835 0.00364556 2.15435e-08
0.940875 0.00364556 2.1547e-08
0.940915 0.00364556 2.15449e-08
0.940954 0.00364556 2.15436e-08
0.940994 0.00364556 2.15468e-08
0.941034 0.00364556 2.15446e-08
0.941074 0.00364556 2.15435e-08
0.941113 0.00364556 2.1547e-08
0.941153 0.00364556 2.15449e-08
0.941193 0.00364556 2.15436e-08
0.941233 0.00364556 2.15468e-08
0.941272 0.00364556 2.15446e-08
0.941312 0.00364556 2.15435e-08
0.941352 0.00364556 2.1547e-08
0.941392 0.00364556 2.15449e-08
0.941431 0.00364556 2.15436e-08
0.941471 0.00364556 2.15468e-08
0.941511 0.00364556 2.15446e-08
0.941551 0.00364556 2.15435e-08
0.94159 0.00364556 2.1547e-08
0.94163 0.00364556 2.15449e-08
0.94167 0.00364556 2.15436e-08
0.94171 0.00364556 2.15468e-08
0.94175 0.00364556 2.15446e-08
0.941789 0.00364556 2.15435e-08
0.941829 0.00364556 2.1547e-08
0.941869 0.00364556 2.15449e-08
0.941909 0.00364556 2.15436e-08
0.941948 0.00364556 2.15468e-08
0.941988 0.00364556 2.15446e-08
0.942028 0.00364556 2.15435e-08
0.942068 0.00364556 2.1547e-08
0.942107 0.00364556 2.15449e-08
0.942147 0.00364556 2.15436e-08
0.942187 0.00364556 2.15468e-08
0.942227 0.00364556 2.15446e-08
0.942266 0.00364556 2.15435e-08
0.942306 0.00364556 2.1547e-08
0.942346 0.00364556 2.15449e-08
0.942386 0.00364556 2.15436e-08
0.942425 0.00364556 2.15468e-08
0.942465 0.00364556 2.15446e-08
0.942505 0.00364556 2.15435e-08
0.942545 0.00364556 2.1547e-08
0.942584 0.00364556 2.15449e-08
0.942624 0.00364556 2.15436e-08
0.942664 0.00364556 2.15468e-08
0.942704 0.00364556 2.15446e-08
0.942744 0.00364556 2.15435e-08
0.942783 0.00364556 2.1547e-08
0.942823 0.00364556 2.15449e-08
0.942863 0.00364556 2.15436e-08
0.942903 0.00364556 2.15468e-08
0.942942 0.00364556 2.15446e-08
0.942982 0.00364556 2.15435e-08
0.943022 0.00364556 2.1547e-08
0.943062 0.00364556 2.15449e-08
0.943101 0.00364556 2.15436e-08
0.943141 0.00364556 2.15468e-08
0.943181 0.00364556 2.15446e-08
0.943221 0.00364556 2.15435e-08
0.94326 0.00364556 2.1547e-08
0.9433 0.00364556 2.15449e-08
0.94334 0.00364556 2.15436e-08
0.94338 0.00364556 2.15468e-08
0.943419 0.00364556 2.15446e-08
0.943459 0.00364556 2.15435e-08
0.943499 0.00364556 2.1547e-08
0.943539 0.00364556 2.15449e-08
0.943579 0.00364556 2.15436e-08
0.943618 0.00364556 2.15468e-08
0.943658 0.00364556 2.15446e-08
0.943698 0.00364556 2.15435e-08
0.943738 0.00364556 2.1547e-08
0.943777 0.00364556 2.15449e-08
0.943817 0.00364556 2.15436e-08
0.943857 0.00364556 2.15468e-08
0.943897 0.00364556 2.15446e-08
0.943936 0.00364556 2.15435e-08
0.943976 0.00364556 2.1547e-08
0.944016 0.00364556 2.15449e-08
0.944056 0.00364556 2.15436e-08
0.944095 0.00364556 2.15468e-08
0.944135 0.00364556 2.15446e-08
0.944175 0.00364556 2.15435e-08
0.944215 0.00364556 2.1547e-08
0.944254 0.00364556 2.15449e-08
0.944294 0.00364556 2.15436e-08
0.944334 0.00364556 2.15468e-08
0.944374 0.00364556 2.15446e-08
0.944414 0.00364556 2.15435e-08
0.944453 0.00364556 2.1547e-08
0.944493 0.00364556 2.15449e-08
0.944533 0.00364556 2.15436e-08
0.944573 0.00364556 2.15468e-08
0.944612 0.00364556 2.15446e-08
0.944652 0.00364556 2.15435e-08
0.944692 0.00364556 2.1547e-08
0.944732 0.00364556 2.15449e-08
0.944771 0.00364556 2.15436e-08
0.944811 0.00364556 2.15468e-08
0.944851 0.00364556 2.15446e-08
0.944891 0.00364556 2.15435e-08
0.94493 0.00364556 2.1547e-08
0.94497 0.00364556 2.15449e-08
0.94501 0.00364556 2.15436e-08
0.94505 0.00364556 2.15468e-08
0.945089 0.00364556 2.15446e-08
0.945129 0.00364556 2.15435e-08
0.945169 0.00364556 2.1547e-08
0.945209 0.00364556 2.15449e-08
0.945249 0.00364556 2.15436e-08
0.945288 0.00364556 2.15468e-08
0.945328 0.00364556 2.15446e-08
0.945368 0.00364556 2.15435e-08
0.945408 0.00364556 2.1547e-08
0.945447 0.00364556 2.15449e-08
0.945487 0.00364556 2.15436e-08
0.945527 0.00364556 2.15468e-08
0.945567 0.00364556 2.15446e-08
0.945606 0.00364556 2.15435e-08
0.945646 0.00364556 2.1547e-08
0.945686 0.00364556 2.15449e-08
0.945726 0.00364556 2.15436e-08
0.945765 0.00364556 2.15468e-08
0.945805 0.00364556 2.15446e-08
0.945845 0.00364556 2.15435e-08
0.945885 0.00364556 2.1547e-08
0.945924 0.00364556 2.15449e-08
0.945964 0.00364556 2.15436e-08
0.946004 0.00364556 2.15468e-08
0.946044 0.00364556 2.15446e-08
0.946083 0.00364556 2.15435e-08
0.946123 0.00364556 2.1547e-08
0.946163 0.00364556 2.15449e-08
0.946203 0.00364556 2.15436e-08
0.946243 0.00364556 2.15468e-08
0.946282 0.00364556 2.15446e-08
0.946322 0.00364556 2.15435e-08
0.946362 0.00364556 2.1547e-08
0.946402 0.00364556 2.15449e-08
0.946441 0.00364556 2.15436e-08
0.946481 0.00364556 2.15468e-08
0.946521 0.00364556 2.15446e-08
0.946561 0.00364556 2.15435e-08
0.9466 0.00364556 2.1547e-08
0.94664 0.00364556 2.15449e-08
0.94668 0.00364556 2.15436e-08
0.94672 0.00364556 2.15468e-08
0.946759 0.00364556 2.15446e-08
0.946799 0.00364556 2.15435e-08
0.946839 0.00364556 2.1547e-08
0.946879 0.00364556 2.15449e-08
0.946918 0.00364556 2.15436e-08
0.946958 0.00364556 2.15468e-08
0.946998 0.00364556 2.15446e-08
0.947038 0.00364556 2.15435e-08
0.947078 0.00364556 2.1547e-08
0.947117 0.00364556 2.15449e-08
0.947157 0.00364556 2.15436e-08
0.947197 0.00364556 2.15468e-08
0.947237 0.00364556 2.15446e-08
0.947276 0.00364556 2.15435e-08
0.947316 0.00364556 2.1547e-08
0.947356 0.00364556 2.15449e-08
0.947396 0.00364556 2.15436e-08
0.947435 0.00364556 2.15468e-08
0.947475 0.00364556 2.15446e-08
0.947515 0.00364556 2.15435e-08
0.947555 0.00364556 2.1547e-08
0.947594 0.00364556 2.15449e-08
0.947634 0.00364556 2.15436e-08
0.947674 0.00364556 2.15468e-08
0.947714 0.00364556 2.15446e-08
0.947753 0.00364556 2.15435e-08
0.947793 0.00364556 2.1547e-08
0.947833 0.00364556 2.15449e-08
0.947873 0.00364556 2.15436e-08
0.947913 0.00364556 2.15468e-08
0.947952 0.00364556 2.15446e-08
0.947992 0.00364556 2.15435e-08
0.948032 0.00364556 2.1547e-08
0.948072 0.00364556 2.15449e-08
0.948111 0.00364556 2.15436e-08
0.948151 0.00364556 2.15468e-08
0.948191 0.00364556 2.15446e-08
0.948231 0.00364556 2.15435e-08
0.94827 0.00364556 2.1547e-08
0.94831 0.00364556 2.15449e-08
0.94835 0.00364556 2.15436e-08
0.94839 0.00364556 2.15468e-08
0.948429 0.00364556 2.15446e-08
0.948469 0.00364556 2.15435e-08
0.948509 0.00364556 2.1547e-08
0.948549 0.00364556 2.15449e-08
0.948588 0.00364556 2.15436e-08
0.948628 0.00364556 2.15468e-08
0.948668 0.00364556 2.15446e-08
0.948708 0.00364556 2.15435e-08
0.948748 0.00364556 2.1547e-08
0.948787 0.00364556 2.15449e-08
0.948827 0.00364556 2.15436e-08
0.948867 0.00364556 2.15468e-08
0.948907 0.00364556 2.15446e-08
0.948946 0.00364556 2.15435e-08
0.948986 0.00364556 2.1547e-08
0.949026 0.00364556 2.15449e-08
0.949066 0.00364556 2.15436e-08
0.949105 0.00364556 2.15468e-08
0.949145 0.00364556 2.15446e-08
0.949185 0.00364556 2.15435e-08
0.949225 0.00364556 2.1547e-08
0.949264 0.00364556 2.15449e-08
0.949304 0.00364556 2.15436e-08
0.949344 0.00364556 2.15468e-08
0.949384 0.00364556 2.15446e-08
0.949423 0.00364556 2.15435e-08
0.949463 0.00364556 2.1547e-08
0.949503 0.00364556 2.15449e-08
0.949543 0.00364556 2.15436e-08
0.949583 0.00364556 2.15468e-08
0.949622 0.00364556 2.15446e-08
0.949662 0.00364556 2.15435e-08
0.949702 0.00364556 2.1547e-08
0.949742 0.00364556 2.15449e-08
0.949781 0.00364556 2.15436e-08
0.949821 0.00364556 2.15468e-08
0.949861 0.00364556 2.15446e-08
0.949901 0.00364556 2.15435e-08
0.94994 0.00364556 2.1547e-08
0.94998 0.00364556 2.15449e-08
0.95002 0.00364556 2.15436e-08
0.95006 0.00364556 2.15468e-08
0.950099 0.00364556 2.15446e-08
0.950139 0.00364556 2.15435e-08
0.950179 0.00364556 2.1547e-08
0.950219 0.00364556 2.15449e-08
0.950258 0.00364556 2.15436e-08
0.950298 0.00364556 2.15468e-08
0.950338 0.00364556 2.15446e-08
0.950378 0.00364556 2.15435e-08
0.950417 0.00364556 2.1547e-08
0.950457 0.00364556 2.15449e-08
0.950497 0.00364556 2.15436e-08
0.950537 0.00364556 2.15468e-08
0.950577 0.00364556 2.15446e-08
0.950616 0.00364556 2.15435e-08
0.950656 0.00364556 2.1547e-08
0.950696 0.00364556 2.15449e-08
0.950736 0.00364556 2.15436e-08
0.950775 0.00364556 2.15468e-08
0.950815 0.00364556 2.15446e-08
0.950855 0.00364556 2.15435e-08
0.950895 0.00364556 2.1547e-08
0.950934 0.00364556 2.15449e-08
0.950974 0.00364556 2.15436e-08
0.951014 0.00364556 2.15468e-08
0.951054 0.00364556 2.15446e-08
0.951093 0.00364556 2.15435e-08
0.951133 0.00364556 2.1547e-08
0.951173 0.00364556 2.15449e-08
0.951213 0.00364556 2.15436e-08
0.951252 0.00364556 2.15468e-08
0.951292 0.00364556 2.15446e-08
0.951332 0.00364556 2.15435e-08
0.951372 0.00364556 2.1547e-08
0.951412 0.00364556 2.15449e-08
0.951451 0.00364556 2.15436e-08
0.951491 0.00364556 2.15468e-08
0.951531 0.00364556 2.15446e-08
0.951571 0.00364556 2.15435e-08
0.95161 0.00364556 2.1547e-08
0.95165 0.00364556 2.15449e-08
0.95169 0.00364556 2.15436e-08
0.95173 0.00364556 2.15468e-08
0.951769 0.00364556 2.15446e-08
0.951809 0.00364556 2.15435e-08
0.951849 0.00364556 2.1547e-08
0.951889 0.00364556 2.15449e-08
0.951928 0.00364556 2.15436e-08
0.951968 0.00364556 2.15468e-08
0.952008 0.00364556 2.15446e-08
0.952048 0.00364556 2.15435e-08
0.952087 0.00364556 2.1547e-08
0.952127 0.00364556 2.15449e-08
0.952167 0.00364556 2.15436e-08
0.952207 0.00364556 2.15468e-08
0.952247 0.00364556 2.15446e-08
0.952286 0.00364556 2.15435e-08
0.952326 0.00364556 2.1547e-08
0.952366 0.00364556 2.15449e-08
0.952406 0.00364556 2.15436e-08
0.952445 0.00364556 2.15468e-08
0.952485 0.00364556 2.15446e-08
0.952525 0.00364556 2.15435e-08
0.952565 0.00364556 2.1547e-08
0.952604 0.00364556 2.15449e-08
0.952644 0.00364556 2.15436e-08
0.952684 0.00364556 2.15468e-08
0.952724 0.00364556 2.15446e-08
0.952763 0.00364556 2.15435e-08
0.952803 0.00364556 2.1547e-08
0.952843 0.00364556 2.15449e-08
0.952883 0.00364556 2.15436e-08
0.952922 0.00364556 2.15468e-08
0.952962 0.00364556 2.15446e-08
0.953002 0.00364556 2.15435e-08
0.953042 0.00364556 2.1547e-08
0.953082 0.00364556 2.15449e-08
0.953121 0.00364556 2.15436e-08
0.953161 0.00364556 2.15468e-08
0.953201 0.00364556 2.15446e-08
0.953241 0.00364556 2.15435e-08
0.95328 0.00364556 2.1547e-08
0.95332 0.00364556 2.15449e-08
0.95336 0.00364556 2.15436e-08
0.9534 0.00364556 2.15468e-08
0.953439 0.00364556 2.15446e-08
0.953479 0.00364556 2.15435e-08
0.953519 0.00364556 2.1547e-08
0.953559 0.00364556 2.15449e-08
0.953598 0.00364556 2.15436e-08
0.953638 0.00364556 2.15468e-08
0.953678 0.00364556 2.15446e-08
0.953718 0.00364556 2.15435e-08
0.953757 0.00364556 2.1547e-08
0.953797 0.00364556 2.15449e-08
0.953837 0.00364556 2.15436e-08
0.953877 0.00364556 2.15468e-08
0.953917 0.00364556 2.15446e-08
0.953956 0.00364556 2.15435e-08
0.953996 0.00364556 2.1547e-08
0.954036 0.00364556 2.15449e-08
0.954076 0.00364556 2.15436e-08
0.954115 0.00364556 2.15468e-08
0.954155 0.00364556 2.15446e-08
0.954195 0.00364556 2.15435e-08
0.954235 0.00364556 2.1547e-08
0.954274 0.00364556 2.15449e-08
0.954314 0.00364556 2.15436e-08
0.954354 0.00364556 2.15468e-08
0.954394 0.00364556 2.15446e-08
0.954433 0.00364556 2.15435e-08
0.954473 0.00364556 2.1547e-08
0.954513 0.00364556 2.15449e-08
0.954553 0.00364556 2.15436e-08
0.954592 0.00364556 2.15468e-08
0.954632 0.00364556 2.15446e-08
0.954672 0.00364556 2.15435e-08
0.954712 0.00364556 2.1547e-08
0.954751 0.00364556 2.15449e-08
0.954791 0.00364556 2.15436e-08
0.954831 0.00364556 2.15468e-08
0.954871 0.00364556 2.15446e-08
0.954911 0.00364556 2.15435e-08
0.95495 0.00364556 2.1547e-08
0.95499 0.00364556 2.15449e-08
0.95503 0.00364556 2.15436e-08
0.95507 0.00364556 2.15468e-08
0.955109 0.00364556 2.15446e-08
0.955149 0.00364556 2.15435e-08
0.955189 0.00364556 2.1547e-08
0.955229 0.00364556 2.15449e-08
0.955268 0.00364556 2.15436e-08
0.955308 0.00364556 2.15468e-08
0.955348 0.00364556 2.15446e-08
0.955388 0.00364556 2.15435e-08
0.955427 0.00364556 2.1547e-08
0.955467 0.00364556 2.15449e-08
0.955507 0.00364556 2.15436e-08
0.955547 0.00364556 2.15468e-08
0.955586 0.00364556 2.15446e-08
0.955626 0.00364556 2.15435e-08
0.955666 0.00364556 2.1547e-08
0.955706 0.00364556 2.15449e-08
0.955746 0.00364556 2.15436e-08
0.955785 0.00364556 2.15468e-08
0.955825 0.00364556 2.15446e-08
0.955865 0.00364556 2.15435e-08
0.955905 0.00364556 2.1547e-08
0.955944 0.00364556 2.15449e-08
0.955984 0.00364556 2.15436e-08
0.956024 0.00364556 2.15468e-08
0.956064 0.00364556 2.15446e-08
0.956103 0.00364556 2.15435e-08
0.956143 0.00364556 2.1547e-08
0.956183 0.00364556 2.15449e-08
0.956223 0.00364556 2.15436e-08
0.956262 0.00364556 2.15468e-08
0.956302 0.00364556 2.15446e-08
0.956342 0.00364556 2.15435e-08
0.956382 0.00364556 2.1547e-08
0.956421 0.00364556 2.15449e-08
0.956461 0.00364556 2.15436e-08
0.956501 0.00364556 2.15468e-08
0.956541 0.00364556 2.15446e-08
0.956581 0.00364556 2.15435e-08
0.95662 0.00364556 2.1547e-08
0.95666 0.00364556 2.15449e-08
0.9567 0.00364556 2.15436e-08
0.95674 0.00364556 2.15468e-08
0.956779 0.00364556 2.15446e-08
0.956819 0.00364556 2.15435e-08
0.956859 0.00364556 2.1547e-08
0.956899 0.00364556 2.15449e-08
0.956938 0.00364556 2.15436e-08
0.956978 0.00364556 2.15468e-08
0.957018 0.00364556 2.15446e-08
0.957058 0.00364556 2.15435e-08
0.957097 0.00364556 2.1547e-08
0.957137 0.00364556 2.15449e-08
0.957177 0.00364556 2.15436e-08
0.957217 0.00364556 2.15468e-08
0.957256 0.00364556 2.15446e-08
0.957296 0.00364556 2.15435e-08
0.957336 0.00364556 2.1547e-08
0.957376 0.00364556 2.15449e-08
0.957416 0.00364556 2.15436e-08
0.957455 0.00364556 2.15468e-08
0.957495 0.00364556 2.15446e-08
0.957535 0.00364556 2.15435e-08
0.957575 0.00364556 2.1547e-08
0.957614 0.00364556 2.15449e-08
0.957654 0.00364556 2.15436e-08
0.957694 0.00364556 2.15468e-08
0.957734 0.00364556 2.15446e-08
0.957773 0.00364556 2.15435e-08
0.957813 0.00364556 2.1547e-08
0.957853 0.00364556 2.15449e-08
0.957893 0.00364556 2.15436e-08
0.957932 0.00364556 2.15468e-08
0.957972 0.00364556 2.15446e-08
0.958012 0.00364556 2.15435e-08
0.958052 0.00364556 2.1547e-08
0.958091 0.00364556 2.15449e-08
0.958131 0.00364556 2.15436e-08
0.958171 0.00364556 2.15468e-08
0.958211 0.00364556 2.15446e-08
0.95825 0.00364556 2.15435e-08
0.95829 0.00364556 2.1547e-08
0.95833 0.00364556 2.15449e-08
0.95837 0.00364556 2.15436e-08
0.95841 0.00364556 2.15468e-08
0.958449 0.00364556 2.15446e-08
0.958489 0.00364556 2.15435e-08
0.958529 0.00364556 2.1547e-08
0.958569 0.00364556 2.15449e-08
0.958608 0.00364556 2.15436e-08
0.958648 0.00364556 2.15468e-08
0.958688 0.00364556 2.15446e-08
0.958728 0.00364556 2.15435e-08
0.958767 0.00364556 2.1547e-08
0.958807 0.00364556 2.15449e-08
0.958847 0.00364556 2.15436e-08
0.958887 0.00364556 2.15468e-08
0.958926 0.00364556 2.15446e-08
0.958966 0.00364556 2.15435e-08
0.959006 0.00364556 2.1547e-08
0.959046 0.00364556 2.15449e-08
0.959085 0.00364556 2.15436e-08
0.959125 0.00364556 2.15468e-08
0.959165 0.00364556 2.15446e-08
0.959205 0.00364556 2.15435e-08
0.959245 0.00364556 2.1547e-08
0.959284 0.00364556 2.15449e-08
0.959324 0.00364556 2.15436e-08
0.959364 0.00364556 2.15468e-08
0.959404 0.00364556 2.15446e-08
0.959443 0.00364556 2.15435e-08
0.959483 0.00364556 2.1547e-08
0.959523 0.00364556 2.15449e-08
0.959563 0.00364556 2.15436e-08
0.959602 0.00364556 2.15468e-08
0.959642 0.00364556 2.15446e-08
0.959682 0.00364556 2.15435e-08
0.959722 0.00364556 2.1547e-08
0.959761 0.00364556 2.15449e-08
0.959801 0.00364556 2.15436e-08
0.959841 0.00364556 2.15468e-08
0.959881 0.00364556 2.15446e-08
0.95992 0.00364556 2.15435e-08
0.95996 0.00364556 2.1547e-08
0.96 0.00364556 2.15449e-08
0.96004 0.00364556 2.15436e-08
0.96008 0.00364556 2.15468e-08
0.960119 0.00364556 2.15446e-08
0.960159 0.00364556 2.15435e-08
0.960199 0.00364556 2.1547e-08
0.960239 0.00364556 2.15449e-08
0.960278 0.00364556 2.15436e-08
0.960318 0.00364556 2.15468e-08
0.960358 0.00364556 2.15446e-08
0.960398 0.00364556 2.15435e-08
0.960437 0.00364556 2.1547e-08
0.960477 0.00364556 2.15449e-08
0.960517 0.00364556 2.15436e-08
0.960557 0.00364556 2.15468e-08
0.960596 0.00364556 2.15446e-08
0.960636 0.00364556 2.15435e-08
0.960676 0.00364556 2.1547e-08
0.960716 0.00364556 2.15449e-08
0.960755 0.00364556 2.15436e-08
0.960795 0.00364556 2.15468e-08
0.960835 0.00364556 2.15446e-08
0.960875 0.00364556 2.15435e-08
0.960915 0.00364556 2.1547e-08
0.960954 0.00364556 2.15449e-08
0.960994 0.00364556 2.15436e-08
0.961034 0.00364556 2.15468e-08
0.961074 0.00364556 2.15446e-08
0.961113 0.00364556 2.15435e-08
0.961153 0.00364556 2.1547e-08
0.961193 0.00364556 2.15449e-08
0.961233 0.00364556 2.15436e-08
0.961272 0.00364556 2.15468e-08
0.961312 0.00364556 2.15446e-08
0.961352 0.00364556 2.15435e-08
0.961392 0.00364556 2.1547e-08
0.961431 0.00364556 2.15449e-08
0.961471 0.00364556 2.15436e-08
0.961511 0.00364556 2.15468e-08
0.961551 0.00364556 2.15446e-08
0.96159 0.00364556 2.15435e-08
0.96163 0.00364556 2.1547e-08
0.96167 0.00364556 2.15449e-08
0.96171 0.00364556 2.15436e-08
0.96175 0.00364556 2.15468e-08
0.961789 0.00364556 2.15446e-08
0.961829 0.00364556 2.15435e-08
0.961869 0.00364556 2.1547e-08
0.961909 0.00364556 2.15449e-08
0.961948 0.00364556 2.15436e-08
0.961988 0.00364556 2.15468e-08
0.962028 0.00364556 2.15446e-08
0.962068 0.00364556 2.15435e-08
0.962107 0.00364556 2.1547e-08
0.962147 0.00364556 2.15449e-08
0.962187 0.00364556 2.15436e-08
0.962227 0.00364556 2.15468e-08
0.962266 0.00364556 2.15446e-08
0.962306 0.00364556 2.15435e-08
0.962346 0.00364556 2.1547e-08
0.962386 0.00364556 2.15449e-08
0.962425 0.00364556 2.15436e-08
0.962465 0.00364556 2.15468e-08
0.962505 0.00364556 2.15446e-08
0.962545 0.00364556 2.15435e-08
0.962584 0.00364556 2.1547e-08
0.962624 0.00364556 2.15449e-08
0.962664 0.00364556 2.15436e-08
0.962704 0.00364556 2.15468e-08
0.962744 0.00364556 2.15446e-08
0.962783 0.00364556 2.15435e-08
0.962823 0.00364556 2.1547e-08
0.962863 0.00364556 2.15449e-08
0.962903 0.00364556 2.15436e-08
0.962942 0.00364556 2.15468e-08
0.962982 0.00364556 2.15446e-08
0.963022 0.00364556 2.15435e-08
0.963062 0.00364556 2.1547e-08
0.963101 0.00364556 2.15449e-08
0.963141 0.00364556 2.15436e-08
0.963181 0.00364556 2.15468e-08
0.963221 0.00364556 2.15446e-08
0.96326 0.00364556 2.15435e-08
0.9633 0.00364556 2.1547e-08
0.96334 0.00364556 2.15449e-08
0.96338 0.00364556 2.15436e-08
0.963419 0.00364556 2.15468e-08
0.963459 0.00364556 2.15446e-08
0.963499 0.00364556 2.15435e-08
0.963539 0.00364556 2.1547e-08
0.963579 0.00364556 2.15449e-08
0.963618 0.00364556 2.15436e-08
0.963658 0.00364556 2.15468e-08
0.963698 0.00364556 2.15446e-08
0.963738 0.00364556 2.15435e-08
0.963777 0.00364556 2.1547e-08
0.963817 0.00364556 2.15449e-08
0.963857 0.00364556 2.15436e-08
0.963897 0.00364556 2.15468e-08
0.963936 0.00364556 2.15446e-08
0.963976 0.00364556 2.15435e-08
0.964016 0.00364556 2.1547e-08
0.964056 0.00364556 2.15449e-08
0.964095 0.00364556 2.15436e-08
0.964135 0.00364556 2.15468e-08
0.964175 0.00364556 2.15446e-08
0.964215 0.00364556 2.15435e-08
0.964254 0.00364556 2.1547e-08
0.964294 0.00364556 2.15449e-08
0.964334 0.00364556 2.15436e-08
0.964374 0.00364556 2.15468e-08
0.964414 0.00364556 2.15446e-08
0.964453 0.00364556 2.15435e-08
0.964493 0.00364556 2.1547e-08
0.964533 0.00364556 2.15449e-08
0.964573 0.00364556 2.15436e-08
0.964612 0.00364556 2.15468e-08
0.964652 0.00364556 2.15446e-08
0.964692 0.00364556 2.15435e-08
0.964732 0.00364556 2.1547e-08
0.964771 0.00364556 2.15449e-08
0.964811 0.00364556 2.15436e-08
0.964851 0.00364556 2.15468e-08
0.964891 0.00364556 2.15446e-08
0.96493 0.00364556 2.15435e-08
0.96497 0.00364556 2.1547e-08
0.96501 0.00364556 2.15449e-08
0.96505 0.00364556 2.15436e-08
0.965089 0.00364556 2.15468e-08
0.965129 0.00364556 2.15446e-08
0.965169 0.00364556 2.15435e-08
0.965209 0.00364556 2.1547e-08
0.965249 0.00364556 2.15449e-08
0.965288 0.00364556 2.15436e-08
0.965328 0.00364556 2.15468e-08
0.965368 0.00364556 2.15446e-08
0.965408 0.00364556 2.15435e-08
0.965447 0.00364556 2.1547e-08
0.965487 0.00364556 2.15449e-08
0.965527 0.00364556 2.15436e-08
0.965567 0.00364556 2.15468e-08
0.965606 0.00364556 2.15446e-08
0.965646 0.00364556 2.15435e-08
0.965686 0.00364556 2.1547e-08
0.965726 0.00364556 2.15449e-08
0.965765 0.00364556 2.15436e-08
0.965805 0.00364556 2.15468e-08
0.965845 0.00364556 2.15446e-08
0.965885 0.00364556 2.15435e-08
0.965924 0.00364556 2.1547e-08
0.965964 0.00364556 2.15449e-08
0.966004 0.00364556 2.15436e-08
0.966044 0.00364556 2.15468e-08
0.966083 0.00364556 2.15446e-08
0.966123 0.00364556 2.15435e-08
0.966163 0.00364556 2.1547e-08
0.966203 0.00364556 2.15449e-08
0.966243 0.00364556 2.15436e-08
0.966282 0.00364556 2.15468e-08
0.966322 0.00364556 2.15446e-08
0.966362 0.00364556 2.15435e-08
0.966402 0.00364556 2.1547e-08
0.966441 0.00364556 2.15449e-08
0.966481 0.00364556 2.15436e-08
0.966521 0.00364556 2.15468e-08
0.966561 0.00364556 2.15446e-08
0.9666 0.00364556 2.15435e-08
0.96664 0.00364556 2.1547e-08
0.96668 0.00364556 2.15449e-08
0.96672 0.00364556 2.15436e-08
0.966759 0.00364556 2.15468e-08
0.966799 0.00364556 2.15446e-08
0.966839 0.00364556 2.15435e-08
0.966879 0.00364556 2.1547e-08
0.966918 0.00364556 2.15449e-08
0.966958 0.00364556 2.15436e-08
0.966998 0.00364556 2.15468e-08
0.967038 0.00364556 2.15446e-08
0.967078 0.00364556 2.15435e-08
0.967117 0.00364556 2.1547e-08
0.967157 0.00364556 2.15449e-08
0.967197 0.00364556 2.15436e-08
0.967237 0.00364556 2.15468e-08
0.967276 0.00364556 2.15446e-08
0.967316 0.00364556 2.15435e-08
0.967356 0.00364556 2.1547e-08
0.967396 0.00364556 2.15449e-08
0.967435 0.00364556 2.15436e-08
0.967475 0.00364556 2.15468e-08
0.967515 0.00364556 2.15446e-08
0.967555 0.00364556 2.15435e-08
0.967594 0.00364556 2.1547e-08
0.967634 0.00364556 2.15449e-08
0.967674 0.00364556 2.15436e-08
0.967714 0.00364556 2.15468e-08
0.967753 0.00364556 2.15446e-08
0.967793 0.00364556 2.15435e-08
0.967833 0.00364556 2.1547e-08
0.967873 0.00364556 2.15449e-08
0.967913 0.00364556 2.15436e-08
0.967952 0.00364556 2.15468e-08
0.967992 0.00364556 2.15446e-08
0.968032 0.00364556 2.15435e-08
0.968072 0.00364556 2.1547e-08
0.968111 0.00364556 2.15449e-08
0.968151 0.00364556 2.15436e-08
0.968191 0.00364556 2.15468e-08
0.968231 0.00364556 2.15446e-08
0.96827 0.00364556 2.15435e-08
0.96831 0.00364556 2.1547e-08
0.96835 0.00364556 2.15449e-08
0.96839 0.00364556 2.15436e-08
0.968429 0.00364556 2.15468e-08
0.968469 0.00364556 2.15446e-08
0.968509 0.00364556 2.15435e-08
0.968549 0.00364556 2.1547e-08
0.968588 0.00364556 2.15449e-08
0.968628 0.00364556 2.15436e-08
0.968668 0.00364556 2.15468e-08
0.968708 0.00364556 2.15446e-08
0.968748 0.00364556 2.15435e-08
0.968787 0.00364556 2.1547e-08
0.968827 0.00364556 2.15449e-08
0.968867 0.00364556 2.15436e-08
0.968907 0.00364556 2.15468e-08
0.968946 0.00364556 2.15446e-08
0.968986 0.00364556 2.15435e-08
0.969026 0.00364556 2.1547e-08
0.969066 0.00364556 2.15449e-08
0.969105 0.00364556 2.15436e-08
0.969145 0.00364556 2.15468e-08
0.969185 0.00364556 2.15446e-08
0.969225 0.00364556 2.15435e-08
0.969264 0.00364556 2.1547e-08
0.969304 0.00364556 2.15449e-08
0.969344 0.00364556 2.15436e-08
0.969384 0.00364556 2.15468e-08
0.969423 0.00364556 2.15446e-08
0.969463 0.00364556 2.15435e-08
0.969503 0.00364556 2.1547e-08
0.969543 0.00364556 2.15449e-08
0.969583 0.00364556 2.15436e-08
0.969622 0.00364556 2.15468e-08
0.969662 0.00364556 2.15446e-08
0.969702 0.00364556 2.15435e-08
0.969742 0.00364556 2.1547e-08
0.969781 0.00364556 2.15449e-08
0.969821 0.00364556 2.15436e-08
0.969861 0.00364556 2.15468e-08
0.969901 0.00364556 2.15446e-08
0.96994 0.00364556 2.15435e-08
0.96998 0.00364556 2.1547e-08
0.97002 0.00364556 2.15449e-08
0.97006 0.00364556 2.15436e-08
0.970099 0.00364556 2.15468e-08
0.970139 0.00364556 2.15446e-08
0.970179 0.00364556 2.15435e-08
0.970219 0.00364556 2.1547e-08
0.970258 0.00364556 2.15449e-08
0.970298 0.00364556 2.15436e-08
0.970338 0.00364556 2.15468e-08
0.970378 0.00364556 2.15446e-08
0.970417 0.00364556 2.15435e-08
0.970457 0.00364556 2.1547e-08
0.970497 0.00364556 2.15449e-08
0.970537 0.00364556 2.15436e-08
0.970577 0.00364556 2.15468e-08
0.970616 0.00364556 2.15446e-08
0.970656 0.00364556 2.15435e-08
0.970696 0.00364556 2.1547e-08
0.970736 0.00364556 2.15449e-08
0.970775 0.00364556 2.15436e-08
0.970815 0.00364556 2.15468e-08
0.970855 0.00364556 2.15446e-08
0.970895 0.00364556 2.15435e-08
0.970934 0.00364556 2.1547e-08
0.970974 0.00364556 2.15449e-08
0.971014 0.00364556 2.15436e-08
0.971054 0.00364556 2.15468e-08
0.971093 0.00364556 2.15446e-08
0.971133 0.00364556 2.15435e-08
0.971173 0.00364556 2.1547e-08
0.971213 0.00364556 2.15449e-08
0.971252 0.00364556 2.15436e-08
0.971292 0.00364556 2.15468e-08
0.971332 0.00364556 2.15446e-08
0.971372 0.00364556 2.15435e-08
0.971412 0.00364556 2.1547e-08
0.971451 0.00364556 2.15449e-08
0.971491 0.00364556 2.15436e-08
0.971531 0.00364556 2.15468e-08
0.971571 0.00364556 2.15446e-08
0.97161 0.00364556 2.15435e-08
0.97165 0.00364556 2.1547e-08
0.97169 0.00364556 2.15449e-08
0.97173 0.00364556 2.15436e-08
0.971769 0.00364556 2.15468e-08
0.971809 0.00364556 2.15446e-08
0.971849 0.00364556 2.15435e-08
0.971889 0.00364556 2.1547e-08
0.971928 0.00364556 2.15449e-08
0.971968 0.00364556 2.15436e-08
0.972008 0.00364556 2.15468e-08
0.972048 0.00364556 2.15446e-08
0.972087 0.00364556 2.15435e-08
0.972127 0.00364556 2.1547e-08
0.972167 0.00364556 2.15449e-08
0.972207 0.00364556 2.15436e-08
0.972247 0.00364556 2.15468e-08
0.972286 0.00364556 2.15446e-08
0.972326 0.00364556 2.15435e-08
0.972366 0.00364556 2.1547e-08
0.972406 0.00364556 2.15449e-08
0.972445 0.00364556 2.15436e-08
0.972485 0.00364556 2.15468e-08
0.972525 0.00364556 2.15446e-08
0.972565 0.00364556 2.15435e-08
0.972604 0.00364556 2.1547e-08
0.972644 0.00364556 2.15449e-08
0.972684 0.00364556 2.15436e-08
0.972724 0.00364556 2.15468e-08
0.972763 0.00364556 2.15446e-08
0.972803 0.00364556 2.15435e-08
0.972843 0.00364556 2.1547e-08
0.972883 0.00364556 2.15449e-08
0.972922 0.00364556 2.15436e-08
0.972962 0.00364556 2.15468e-08
0.973002 0.00364556 2.15446e-08
0.973042 0.00364556 2.15435e-08
0.973082 0.00364556 2.1547e-08
0.973121 0.00364556 2.15449e-08
0.973161 0.00364556 2.15436e-08
0.973201 0.00364556 2.15468e-08
0.973241 0.00364556 2.15446e-08
0.97328 0.00364556 2.15435e-08
0.97332 0.00364556 2.1547e-08
0.97336 0.00364556 2.15449e-08
0.9734 0.00364556 2.15436e-08
0.973439 0.00364556 2.15468e-08
0.973479 0.00364556 2.15446e-08
0.973519 0.00364556 2.15435e-08
0.973559 0.00364556 2.1547e-08
0.973598 0.00364556 2.15449e-08
0.973638 0.00364556 2.15436e-08
0.973678 0.00364556 2.15468e-08
0.973718 0.00364556 2.15446e-08
0.973757 0.00364556 2.15435e-08
0.973797 0.00364556 2.1547e-08
0.973837 0.00364556 2.15449e-08
0.973877 0.00364556 2.15436e-08
0.973917 0.00364556 2.15468e-08
0.973956 0.00364556 2.15446e-08
0.973996 0.00364556 2.15435e-08
0.974036 0.00364556 2.1547e-08
0.974076 0.00364556 2.15449e-08
0.974115 0.00364556 2.15436e-08
0.974155 0.00364556 2.15468e-08
0.974195 0.00364556 2.15446e-08
0.974235 0.00364556 2.15435e-08
0.974274 0.00364556 2.1547e-08
0.974314 0.00364556 2.15449e-08
0.974354 0.00364556 2.15436e-08
0.974394 0.00364556 2.15468e-08
0.974433 0.00364556 2.15446e-08
0.974473 0.00364556 2.15435e-08
0.974513 0.00364556 2.1547e-08
0.974553 0.00364556 2.15449e-08
0.974592 0.00364556 2.15436e-08
0.974632 0.00364556 2.15468e-08
0.974672 0.00364556 2.15446e-08
0.974712 0.00364556 2.15435e-08
0.974751 0.00364556 2.1547e-08
0.974791 0.00364556 2.15449e-08
0.974831 0.00364556 2.15436e-08
0.974871 0.00364556 2.15468e-08
0.974911 0.00364556 2.15446e-08
0.97495 0.00364556 2.15435e-08
0.97499 0.00364556 2.1547e-08
0.97503 0.00364556 2.15449e-08
0.97507 0.00364556 2.15436e-08
0.975109 0.00364556 2.15468e-08
0.975149 0.00364556 2.15446e-08
0.975189 0.00364556 2.15435e-08
0.975229 0.00364556 2.1547e-08
0.975268 0.00364556 2.15449e-08
0.975308 0.00364556 2.15436e-08
0.975348 0.00364556 2.15468e-08
0.975388 0.00364556 2.15446e-08
0.975427 0.00364556 2.15435e-08
0.975467 0.00364556 2.1547e-08
0.975507 0.00364556 2.15449e-08
0.975547 0.00364556 2.15436e-08
0.975586 0.00364556 2.15468e-08
0.975626 0.00364556 2.15446e-08
0.975666 0.00364556 2.15435e-08
0.975706 0.00364556 2.1547e-08
0.975746 0.00364556 2.15449e-08
0.975785 0.00364556 2.15436e-08
0.975825 0.00364556 2.15468e-08
0.975865 0.00364556 2.15446e-08
0.975905 0.00364556 2.15435e-08
0.975944 0.00364556 2.1547e-08
0.975984 0.00364556 2.15449e-08
0.976024 0.00364556 2.15436e-08
0.976064 0.00364556 2.15468e-08
0.976103 0.00364556 2.15446e-08
0.976143 0.00364556 2.15435e-08
0.976183 0.00364556 2.1547e-08
0.976223 0.00364556 2.15449e-08
0.976262 0.00364556 2.15436e-08
0.976302 0.00364556 2.15468e-08
0.976342 0.00364556 2.15446e-08
0.976382 0.00364556 2.15435e-08
0.976421 0.00364556 2.1547e-08
0.976461 0.00364556 2.15449e-08
0.976501 0.00364556 2.15436e-08
0.976541 0.00364556 2.15468e-08
0.976581 0.00364556 2.15446e-08
0.97662 0.00364556 2.15435e-08
0.97666 0.00364556 2.1547e-08
0.9767 0.00364556 2.15449e-08
0.97674 0.00364556 2.15436e-08
0.976779 0.00364556 2.15468e-08
0.976819 0.00364556 2.15446e-08
0.976859 0.00364556 2.15435e-08
0.976899 0.00364556 2.1547e-08
0.976938 0.00364556 2.15449e-08
0.976978 0.00364556 2.15436e-08
0.977018 0.00364556 2.15468e-08
0.977058 0.00364556 2.15446e-08
0.977097 0.00364556 2.15435e-08
0.977137 0.00364556 2.1547e-08
0.977177 0.00364556 2.15449e-08
0.977217 0.00364556 2.15436e-08
0.977256 0.00364556 2.15468e-08
0.977296 0.00364556 2.15446e-08
0.977336 0.00364556 2.15435e-08
0.977376 0.00364556 2.1547e-08
0.977416 0.00364556 2.15449e-08
0.977455 0.00364556 2.15436e-08
0.977495 0.00364556 2.15468e-08
0.977535 0.00364556 2.15446e-08
0.977575 0.00364556 2.15435e-08
0.977614 0.00364556 2.1547e-08
0.977654 0.00364556 2.15449e-08
0.977694 0.00364556 2.15436e-08
0.977734 0.00364556 2.15468e-08
0.977773 0.00364556 2.15446e-08
0.977813 0.00364556 2.15435e-08
0.977853 0.00364556 2.1547e-08
0.977893 0.00364556 2.15449e-08
0.977932 0.00364556 2.15436e-08
0.977972 0.00364556 2.15468e-08
0.978012 0.00364556 2.15446e-08
0.978052 0.00364556 2.15435e-08
0.978091 0.00364556 2.1547e-08
0.978131 0.00364556 2.15449e-08
0.978171 0.00364556 2.15436e-08
0.978211 0.00364556 2.15468e-08
0.97825 0.00364556 2.15446e-08
0.97829 0.00364556 2.15435e-08
0.97833 0.00364556 2.1547e-08
0.97837 0.00364556 2.15449e-08
0.97841 0.00364556 2.15436e-08
0.978449 0.00364556 2.15468e-08
0.978489 0.00364556 2.15446e-08
0.978529 0.00364556 2.15435e-08
0.978569 0.00364556 2.1547e-08
0.978608 0.00364556 2.15449e-08
0.978648 0.00364556 2.15436e-08
0.978688 0.00364556 2.15468e-08
0.978728 0.00364556 2.15446e-08
0.978767 0.00364556 2.15435e-08
0.978807 0.00364556 2.1547e-08
0.978847 0.00364556 2.15449e-08
0.978887 0.00364556 2.15436e-08
0.978926 0.00364556 2.15468e-08
0.978966 0.00364556 2.15446e-08
0.979006 0.00364556 2.15435e-08
0.979046 0.00364556 2.1547e-08
0.979085 0.00364556 2.15449e-08
0.979125 0.00364556 2.15436e-08
0.979165 0.00364556 2.15468e-08
0.979205 0.00364556 2.15446e-08
0.979245 0.00364556 2.15435e-08
0.979284 0.00364556 2.1547e-08
0.979324 0.00364556 2.15449e-08
0.979364 0.00364556 2.15436e-08
0.979404 0.00364556 2.15468e-08
0.979443 0.00364556 2.15446e-08
0.979483 0.00364556 2.15435e-08
0.979523 0.00364556 2.1547e-08
0.979563 0.00364556 2.15449e-08
0.979602 0.00364556 2.15436e-08
0.979642 0.00364556 2.15468e-08
0.979682 0.00364556 2.15446e-08
0.979722 0.00364556 2.15435e-08
0.979761 0.00364556 2.1547e-08
0.979801 0.00364556 2.15449e-08
0.979841 0.00364556 2.15436e-08
0.979881 0.00364556 2.15468e-08
0.97992 0.00364556 2.15446e-08
0.97996 0.00364556 2.15435e-08
0.98 0.00364556 2.1547e-08
0.98004 0.00364556 2.15449e-08
0.98008 0.00364556 2.15436e-08
0.980119 0.00364556 2.15468e-08
0.980159 0.00364556 2.15446e-08
0.980199 0.00364556 2.15435e-08
0.980239 0.00364556 2.1547e-08
0.980278 0.00364556 2.15449e-08
0.980318 0.00364556 2.15436e-08
0.980358 0.00364556 2.15468e-08
0.980398 0.00364556 2.15446e-08
0.980437 0.00364556 2.15435e-08
0.980477 0.00364556 2.1547e-08
0.980517 0.00364556 2.15449e-08
0.980557 0.00364556 2.15436e-08
0.980596 0.00364556 2.15468e-08
0.980636 0.00364556 2.15446e-08
0.980676 0.00364556 2.15435e-08
0.980716 0.00364556 2.1547e-08
0.980755 0.00364556 2.15449e-08
0.980795 0.00364556 2.15436e-08
0.980835 0.00364556 2.15468e-08
0.980875 0.00364556 2.15446e-08
0.980915 0.00364556 2.15435e-08
0.980954 0.00364556 2.1547e-08
0.980994 0.00364556 2.15449e-08
0.981034 0.00364556 2.15436e-08
0.981074 0.00364556 2.15468e-08
0.981113 0.00364556 2.15446e-08
0.981153 0.00364556 2.15435e-08
0.981193 0.00364556 2.1547e-08
0.981233 0.00364556 2.15449e-08
0.981272 0.00364556 2.15436e-08
0.981312 0.00364556 2.15468e-08
0.981352 0.00364556 2.15446e-08
0.981392 0.00364556 2.15435e-08
0.981431 0.00364556 2.1547e-08
0.981471 0.00364556 2.15449e-08
0.981511 0.00364556 2.15436e-08
0.981551 0.00364556 2.15468e-08
0.98159 0.00364556 2.15446e-08
0.98163 0.00364556 2.15435e-08
0.98167 0.00364556 2.1547e-08
0.98171 0.00364556 2.15449e-08
0.98175 0.00364556 2.15436e-08
0.981789 0.00364556 2.15468e-08
0.981829 0.00364556 2.15446e-08
0.981869 0.00364556 2.15435e-08
0.981909 0.00364556 2.1547e-08
0.981948 0.00364556 2.15449e-08
0.981988 0.00364556 2.15436e-08
0.982028 0.00364556 2.15468e-08
0.982068 0.00364556 2.15446e-08
0.982107 0.00364556 2.15435e-08
0.982147 0.00364556 2.1547e-08
0.982187 0.00364556 2.15449e-08
0.982227 0.00364556 2.15436e-08
0.982266 0.00364556 2.15468e-08
0.982306 0.00364556 2.15446e-08
0.982346 0.00364556 2.15435e-08
0.982386 0.00364556 2.1547e-08
0.982425 0.00364556 2.15449e-08
0.982465 0.00364556 2.15436e-08
0.982505 0.00364556 2.15468e-08
0.982545 0.00364556 2.15446e-08
0.982584 0.00364556 2.15435e-08
0.982624 0.00364556 2.1547e-08
0.982664 0.00364556 2.15449e-08
0.982704 0.00364556 2.15436e-08
0.982744 0.00364556 2.15468e-08
0.982783 0.00364556 2.15446e-08
0.982823 0.00364556 2.15435e-08
0.982863 0.00364556 2.1547e-08
0.982903 0.00364556 2.15449e-08
0.982942 0.00364556 2.15436e-08
0.982982 0.00364556 2.15468e-08
0.983022 0.00364556 2.15446e-08
0.983062 0.00364556 2.15435e-08
0.983101 0.00364556 2.1547e-08
0.983141 0.00364556 2.15449e-08
0.983181 0.00364556 2.15436e-08
0.983221 0.00364556 2.15468e-08
0.98326 0.00364556 2.15446e-08
0.9833 0.00364556 2.15435e-08
0.98334 0.00364556 2.1547e-08
0.98338 0.00364556 2.15449e-08
0.983419 0.00364556 2.15436e-08
0.983459 0.00364556 2.15468e-08
0.983499 0.00364556 2.15446e-08
0.983539 0.00364556 2.15435e-08
0.983579 0.00364556 2.1547e-08
0.983618 0.00364556 2.15449e-08
0.983658 0.00364556 2.15436e-08
0.983698 0.00364556 2.15468e-08
0.983738 0.00364556 2.15446e-08
0.983777 0.00364556 2.15435e-08
0.983817 0.00364556 2.1547e-08
0.983857 0.00364556 2.15449e-08
0.983897 0.00364556 2.15436e-08
0.983936 0.00364556 2.15468e-08
0.983976 0.00364556 2.15446e-08
0.984016 0.00364556 2.15435e-08
0.984056 0.00364556 2.1547e-08
0.984095 0.00364556 2.15449e-08
0.984135 0.00364556 2.15436e-08
0.984175 0.00364556 2.15468e-08
0.984215 0.00364556 2.15446e-08
0.984254 0.00364556 2.15435e-08
0.984294 0.00364556 2.1547e-08
0.984334 0.00364556 2.15449e-08
0.984374 0.00364556 2.15436e-08
0.984414 0.00364556 2.15468e-08
0.984453 0.00364556 2.15446e-08
0.984493 0.00364556 2.15435e-08
0.984533 0.00364556 2.1547e-08
0.984573 0.00364556 2.15449e-08
0.984612 0.00364556 2.15436e-08
0.984652 0.00364556 2.15468e-08
0.984692 0.00364556 2.15446e-08
0.984732 0.00364556 2.15435e-08
0.984771 0.00364556 2.1547e-08
0.984811 0.00364556 2.15449e-08
0.984851 0.00364556 2.15436e-08
0.984891 0.00364556 2.15468e-08
0.98493 0.00364556 2.15446e-08
0.98497 0.00364556 2.15435e-08
0.98501 0.00364556 2.1547e-08
0.98505 0.00364556 2.15449e-08
0.985089 0.00364556 2.15436e-08
0.985129 0.00364556 2.15468e-08
0.985169 0.00364556 2.15446e-08
0.985209 0.00364556 2.15435e-08
0.985249 0.00364556 2.1547e-08
0.985288 0.00364556 2.15449e-08
0.985328 0.00364556 2.15436e-08
0.985368 0.00364556 2.15468e-08
0.985408 0.00364556 2.15446e-08
0.985447 0.00364556 2.15435e-08
0.985487 0.00364556 2.1547e-08
0.985527 0.00364556 2.15449e-08
0.985567 0.00364556 2.15436e-08
0.985606 0.00364556 2.15468e-08
0.985646 0.00364556 2.15446e-08
0.985686 0.00364556 2.15435e-08
0.985726 0.00364556 2.1547e-08
0.985765 0.00364556 2.15449e-08
0.985805 0.00364556 2.15436e-08
0.985845 0.00364556 2.15468e-08
0.985885 0.00364556 2.15446e-08
0.985924 0.00364556 2.15435e-08
0.985964 0.00364556 2.1547e-08
0.986004 0.00364556 2.15449e-08
0.986044 0.00364556 2.15436e-08
0.986083 0.00364556 2.15468e-08
0.986123 0.00364556 2.15446e-08
0.986163 0.00364556 2.15435e-08
0.986203 0.00364556 2.1547e-08
0.986243 0.00364556 2.15449e-08
0.986282 0.00364556 2.15436e-08
0.986322 0.00364556 2.15468e-08
0.986362 0.00364556 2.15446e-08
0.986402 0.00364556 2.15435e-08
0.986441 0.00364556 2.1547e-08
0.986481 0.00364556 2.15449e-08
0.986521 0.00364556 2.15436e-08
0.986561 0.00364556 2.15468e-08
0.9866 0.00364556 2.15446e-08
0.98664 0.00364556 2.15435e-08
0.98668 0.00364556 2.1547e-08
0.98672 0.00364556 2.15449e-08
0.986759 0.00364556 2.15436e-08
0.986799 0.00364556 2.15468e-08
0.986839 0.00364556 2.15446e-08
0.986879 0.00364556 2.15435e-08
0.986918 0.00364556 2.1547e-08
0.986958 0.00364556 2.15449e-08
0.986998 0.00364556 2.15436e-08
0.987038 0.00364556 2.15468e-08
0.987078 0.00364556 2.15446e-08
0.987117 0.00364556 2.15435e-08
0.987157 0.00364556 2.1547e-08
0.987197 0.00364556 2.15449e-08
0.987237 0.00364556 2.15436e-08
0.987276 0.00364556 2.15468e-08
0.987316 0.00364556 2.15446e-08
0.987356 0.00364556 2.15435e-08
0.987396 0.00364556 2.1547e-08
0.987435 0.00364556 2.15449e-08
0.987475 0.00364556 2.15436e-08
0.987515 0.00364556 2.15468e-08
0.987555 0.00364556 2.15446e-08
0.987594 0.00364556 2.15435e-08
0.987634 0.00364556 2.1547e-08
0.987674 0.00364556 2.15449e-08
0.987714 0.00364556 2.15436e-08
0.987753 0.00364556 2.15468e-08
0.987793 0.00364556 2.15446e-08
0.987833 0.00364556 2.15435e-08
0.987873 0.00364556 2.1547e-08
0.987913 0.00364556 2.15449e-08
0.987952 0.00364556 2.15436e-08
0.987992 0.00364556 2.15468e-08
0.988032 0.00364556 2.15446e-08
0.988072 0.00364556 2.15435e-08
0.988111 0.00364556 2.1547e-08
0.988151 0.00364556 2.15449e-08
0.988191 0.00364556 2.15436e-08
0.988231 0.00364556 2.15468e-08
0.98827 0.00364556 2.15446e-08
0.98831 0.00364556 2.15435e-08
0.98835 0.00364556 2.1547e-08
0.98839 0.00364556 2.15449e-08
0.988429 0.00364556 2.15436e-08
0.988469 0.00364556 2.15468e-08
0.988509 0.00364556 2.15446e-08
0.988549 0.00364556 2.15435e-08
0.988588 0.00364556 2.1547e-08
0.988628 0.00364556 2.15449e-08
0.988668 0.00364556 2.15436e-08
0.988708 0.00364556 2.15468e-08
0.988748 0.00364556 2.15446e-08
0.988787 0.00364556 2.15435e-08
0.988827 0.00364556 2.1547e-08
0.988867 0.00364556 2.15449e-08
0.988907 0.00364556 2.15436e-08
0.988946 0.00364556 2.15468e-08
0.988986 0.00364556 2.15446e-08
0.989026 0.00364556 2.15435e-08
0.989066 0.00364556 2.1547e-08
0.989105 0.00364556 2.15449e-08
0.989145 0.00364556 2.15436e-08
0.989185 0.00364556 2.15468e-08
0.989225 0.00364556 2.15446e-08
0.989264 0.00364556 2.15435e-08
0.989304 0.00364556 2.1547e-08
0.989344 0.00364556 2.15449e-08
0.989384 0.00364556 2.15436e-08
0.989423 0.00364556 2.15468e-08
0.989463 0.00364556 2.15446e-08
0.989503 0.00364556 2.15435e-08
0.989543 0.00364556 2.1547e-08
0.989583 0.00364556 2.15449e-08
0.989622 0.00364556 2.15436e-08
0.989662 0.00364556 2.15468e-08
0.989702 0.00364556 2.15446e-08
0.989742 0.00364556 2.15435e-08
0.989781 0.00364556 2.1547e-08
0.989821 0.00364556 2.15449e-08
0.989861 0.00364556 2.15436e-08
0.989901 0.00364556 2.15468e-08
0.98994 0.00364556 2.15446e-08
0.98998 0.00364556 2.15435e-08
0.99002 0.00364556 2.1547e-08
0.99006 0.00364556 2.15449e-08
0.990099 0.00364556 2.15436e-08
0.990139 0.00364556 2.15468e-08
0.990179 0.00364556 2.15446e-08
0.990219 0.00364556 2.15435e-08
0.990258 0.00364556 2.1547e-08
0.990298 0.00364556 2.15449e-08
0.990338 0.00364556 2.15436e-08
0.990378 0.00364556 2.15468e-08
0.990417 0.00364556 2.15446e-08
0.990457 0.00364556 2.15435e-08
0.990497 0.00364556 2.1547e-08
0.990537 0.00364556 2.15449e-08
0.990577 0.00364556 2.15436e-08
0.990616 0.00364556 2.15468e-08
0.990656 0.00364556 2.15446e-08
0.990696 0.00364556 2.15435e-08
0.990736 0.00364556 2.1547e-08
0.990775 0.00364556 2.15449e-08
0.990815 0.00364556 2.15436e-08
0.990855 0.00364556 2.15468e-08
0.990895 0.00364556 2.15446e-08
0.990934 0.00364556 2.15435e-08
0.990974 0.00364556 2.1547e-08
0.991014 0.00364556 2.15449e-08
0.991054 0.00364556 2.15436e-08
0.991093 0.00364556 2.15468e-08
0.991133 0.00364556 2.15446e-08
0.991173 0.00364556 2.15435e-08
0.991213 0.00364556 2.1547e-08
0.991252 0.00364556 2.15449e-08
0.991292 0.00364556 2.15436e-08
0.991332 0.00364556 2.15468e-08
0.991372 0.00364556 2.15446e-08
0.991412 0.00364556 2.15435e-08
0.991451 0.00364556 2.1547e-08
0.991491 0.00364556 2.15449e-08
0.991531 0.00364556 2.15436e-08
0.991571 0.00364556 2.15468e-08
0.99161 0.00364556 2.15446e-08
0.99165 0.00364556 2.15435e-08
0.99169 0.00364556 2.1547e-08
0.99173 0.00364556 2.15449e-08
0.991769 0.00364556 2.15436e-08
0.991809 0.00364556 2.15468e-08
0.991849 0.00364556 2.15446e-08
0.991889 0.00364556 2.15435e-08
0.991928 0.00364556 2.1547e-08
0.991968 0.00364556 2.15449e-08
0.992008 0.00364556 2.15436e-08
0.992048 0.00364556 2.15468e-08
0.992087 0.00364556 2.15446e-08
0.992127 0.00364556 2.15435e-08
0.992167 0.00364556 2.1547e-08
0.992207 0.00364556 2.15449e-08
0.992247 0.00364556 2.15436e-08
0.992286 0.00364556 2.15468e-08
0.992326 0.00364556 2.15446e-08
0.992366 0.00364556 2.15435e-08
0.992406 0.00364556 2.1547e-08
0.992445 0.00364556 2.15449e-08
0.992485 0.00364556 2.15436e-08
0.992525 0.00364556 2.15468e-08
0.992565 0.00364556 2.15446e-08
0.992604 0.00364556 2.15435e-08
0.992644 0.00364556 2.1547e-08
0.992684 0.00364556 2.15449e-08
0.992724 0.00364556 2.15436e-08
0.992763 0.00364556 2.15468e-08
0.992803 0.00364556 2.15446e-08
0.992843 0.00364556 2.15435e-08
0.992883 0.00364556 2.1547e-08
0.992922 0.00364556 2.15449e-08
0.992962 0.00364556 2.15436e-08
0.993002 0.00364556 2.15468e-08
0.993042 0.00364556 2.15446e-08
0.993082 0.00364556 2.15435e-08
0.993121 0.00364556 2.1547e-08
0.993161 0.00364556 2.15449e-08
0.993201 0.00364556 2.15436e-08
0.993241 0.00364556 2.15468e-08
0.99328 0.00364556 2.15446e-08
0.99332 0.00364556 2.15435e-08
0.99336 0.00364556 2.1547e-08
0.9934 0.00364556 2.15449e-08
0.993439 0.00364556 2.15436e-08
0.993479 0.00364556 2.15468e-08
0.993519 0.00364556 2.15446e-08
0.993559 0.00364556 2.15435e-08
0.993598 0.00364556 2.1547e-08
0.993638 0.00364556 2.15449e-08
0.993678 0.00364556 2.15436e-08
0.993718 0.00364556 2.15468e-08
0.993757 0.00364556 2.15446e-08
0.993797 0.00364556 2.15435e-08
0.993837 0.00364556 2.1547e-08
0.993877 0.00364556 2.15449e-08
0.993917 0.00364556 2.15436e-08
0.993956 0.00364556 2.15468e-08
0.993996 0.00364556 2.15446e-08
0.994036 0.00364556 2.15435e-08
0.994076 0.00364556 2.1547e-08
0.994115 0.00364556 2.15449e-08
0.994155 0.00364556 2.15436e-08
0.994195 0.00364556 2.15468e-08
0.994235 0.00364556 2.15446e-08
0.994274 0.00364556 2.15435e-08
0.994314 0.00364556 2.1547e-08
0.994354 0.00364556 2.15449e-08
0.994394 0.00364556 2.15436e-08
0.994433 0.00364556 2.15468e-08
0.994473 0.00364556 2.15446e-08
0.994513 0.00364556 2.15435e-08
0.994553 0.00364556 2.1547e-08
0.994592 0.00364556 2.15449e-08
0.994632 0.00364556 2.15436e-08
0.994672 0.00364556 2.15468e-08
0.994712 0.00364556 2.15446e-08
0.994751 0.00364556 2.15435e-08
0.994791 0.00364556 2.1547e-08
0.994831 0.00364556 2.15449e-08
0.994871 0.00364556 2.15436e-08
0.994911 0.00364556 2.15468e-08
0.99495 0.00364556 2.15446e-08
0.99499 0.00364556 2.15435e-08
0.99503 0.00364556 2.1547e-08
0.99507 0.00364556 2.15449e-08
0.995109 0.00364556 2.15436e-08
0.995149 0.00364556 2.15468e-08
0.995189 0.00364556 2.15446e-08
0.995229 0.00364556 2.15435e-08
0.995268 0.00364556 2.1547e-08
0.995308 0.00364556 2.15449e-08
0.995348 0.00364556 2.15436e-08
0.995388 0.00364556 2.15468e-08
0.995427 0.00364556 2.15446e-08
0.995467 0.00364556 2.15435e-08
0.995507 0.00364556 2.1547e-08
0.995547 0.00364556 2.15449e-08
0.995586 0.00364556 2.15436e-08
0.995626 0.00364556 2.15468e-08
0.995666 0.00364556 2.15446e-08
0.995706 0.00364556 2.15435e-08
0.995746 0.00364556 2.1547e-08
0.995785 0.00364556 2.15449e-08
0.995825 0.00364556 2.15436e-08
0.995865 0.00364556 2.15468e-08
0.995905 0.00364556 2.15446e-08
0.995944 0.00364556 2.15435e-08
0.995984 0.00364556 2.1547e-08
0.996024 0.00364556 2.15449e-08
0.996064 0.00364556 2.15436e-08
0.996103 0.00364556 2.15468e-08
0.996143 0.00364556 2.15446e-08
0.996183 0.00364556 2.15435e-08
0.996223 0.00364556 2.1547e-08
0.996262 0.00364556 2.15449e-08
0.996302 0.00364556 2.15436e-08
0.996342 0.00364556 2.15468e-08
0.996382 0.00364556 2.15446e-08
0.996421 0.00364556 2.15435e-08
0.996461 0.00364556 2.1547e-08
0.996501 0.00364556 2.15449e-08
0.996541 0.00364556 2.15436e-08
0.996581 0.00364556 2.15468e-08
0.99662 0.00364556 2.15446e-08
0.99666 0.00364556 2.15435e-08
0.9967 0.00364556 2.1547e-08
0.99674 0.00364556 2.15449e-08
0.996779 0.00364556 2.15436e-08
0.996819 0.00364556 2.15468e-08
0.996859 0.00364556 2.15446e-08
0.996899 0.00364556 2.15435e-08
0.996938 0.00364556 2.1547e-08
0.996978 0.00364556 2.15449e-08
0.997018 0.00364556 2.15436e-08
0.997058 0.00364556 2.15468e-08
0.997097 0.00364556 2.15446e-08
0.997137 0.00364556 2.15435e-08
0.997177 0.00364556 2.1547e-08
0.997217 0.00364556 2.15449e-08
0.997256 0.00364556 2.15436e-08
0.997296 0.00364556 2.15468e-08
0.997336 0.00364556 2.15446e-08
0.997376 0.00364556 2.15435e-08
0.997416 0.00364556 2.1547e-08
0.997455 0.00364556 2.15449e-08
0.997495 0.00364556 2.15436e-08
0.997535 0.00364556 2.15468e-08
0.997575 0.00364556 2.15446e-08
0.997614 0.00364556 2.15435e-08
0.997654 0.00364556 2.1547e-08
0.997694 0.00364556 2.15449e-08
0.997734 0.00364556 2.15436e-08
0.997773 0.00364556 2.15468e-08
0.997813 0.00364556 2.15446e-08
0.997853 0.00364556 2.15435e-08
0.997893 0.00364556 2.1547e-08
0.997932 0.00364556 2.15449e-08
0.997972 0.00364556 2.15436e-08
0.998012 0.00364556 2.15468e-08
0.998052 0.00364556 2.15446e-08
0.998091 0.00364556 2.15435e-08
0.998131 0.00364556 2.1547e-08
0.998171 0.00364556 2.15449e-08
0.998211 0.00364556 2.15436e-08
0.99825 0.00364556 2.15468e-08
0.99829 0.00364556 2.15446e-08
0.99833 0.00364556 2.15435e-08
0.99837 0.00364556 2.1547e-08
0.99841 0.00364556 2.15449e-08
0.998449 0.00364556 2.15436e-08
0.998489 0.00364556 2.15468e-08
0.998529 0.00364556 2.15446e-08
0.998569 0.00364556 2.15435e-08
0.998608 0.00364556 2.1547e-08
0.998648 0.00364556 2.15449e-08
0.998688 0.00364556 2.15436e-08
0.998728 0.00364556 2.15468e-08
0.998767 0.00364556 2.15446e-08
0.998807 0.00364556 2.15435e-08
0.998847 0.00364556 2.1547e-08
0.998887 0.00364556 2.15449e-08
0.998926 0.00364556 2.15436e-08
0.998966 0.00364556 2.15468e-08
0.999006 0.00364556 2.15446e-08
0.999046 0.00364556 2.15435e-08
0.999085 0.00364556 2.1547e-08
0.999125 0.00364556 2.15449e-08
0.999165 0.00364556 2.15436e-08
0.999205 0.00364556 2.15468e-08
0.999245 0.00364556 2.15446e-08
0.999284 0.00364556 2.15435e-08
0.999324 0.00364556 2.1547e-08
0.999364 0.00364556 2.15449e-08
0.999404 0.00364556 2.15436e-08
0.999443 0.00364556 2.15468e-08
0.999483 0.00364556 2.15446e-08
0.999523 0.00364556 2.15435e-08
0.999563 0.00364556 2.1547e-08
0.999602 0.00364556 2.15449e-08
0.999642 0.00364556 2.15436e-08
0.999682 0.00364556 2.15468e-08
0.999722 0.00364556 2.15446e-08
0.999761 0.00364556 2.15435e-08
0.999801 0.00364556 2.1547e-08
0.999841 0.00364556 2.15449e-08
0.999881 0.00364556 2.15436e-08
0.99992 0.00364556 2.15468e-08
0.99996 0.00364556 2.15446e-08
1 0.00364556 2.15435e-08
