N,t,i,imax,stage,returned_steps,band_cells,count,Egrad_mean,Egrad_rms,Egrad_linf,grad_min,grad_max,phi_change_mean,phi_change_linf,sign_mismatch,f_interface_l1,f_interface_count,volume_phi,volume_vof,volume_rel_diff
512,0,0,3,pre,-1,1.5,596,0.000199944108236,0.00022609314022,0.000429114230118,0.99957088577,1.00030998839,0,0,0,0.000209033970745,254,0.901836958483,0.901836148323,8.98344714863e-07
512,0,0,3,pre,-1,3.0,1212,0.000116333897477,0.000162329493288,0.000429114230118,0.99957088577,1.00030998839,0,0,0,0.000209033970745,254,0.901836958483,0.901836148323,8.98344714863e-07
512,0,0,3,post,3,1.5,596,0.000114770832341,0.000156572962264,0.000507607281579,0.999492392718,1.00024535041,1.86817059062e-06,4.60186352565e-06,0,0.000521761926883,254,0.901838170533,0.901836148323,2.24232486179e-06
512,0,0,3,post,3,3.0,1212,0.000164691797751,0.000205318453981,0.000614101233188,0.999385898767,1.00038836458,1.57183429457e-06,4.60186352565e-06,0,0.000521761926883,254,0.901838170533,0.901836148323,2.24232486179e-06
512,0,0,3,pre,-1,1.5,596,0.000273292856689,0.000311440295981,0.000688144274722,0.999311855725,1.00043213257,0,0,0,0.000693467274692,254,0.901838836017,0.901836148323,2.98024602906e-06
512,0,0,3,pre,-1,3.0,1212,0.000244962114482,0.000280982315404,0.000688144274722,0.999311855725,1.00043213257,0,0,0,0.000693467274692,254,0.901838836017,0.901836148323,2.98024602906e-06
512,0,0,3,post,3,1.5,596,0.00011467308775,0.000155424876514,0.000505555139219,0.999494444861,1.00025244032,1.91120072447e-06,4.61630049975e-06,0,0.00101040109712,254,0.901840064368,0.901836148323,4.34230131285e-06
512,0,0,3,post,3,3.0,1212,0.000214603415852,0.000277026151054,0.000814690293017,0.999185309707,1.00053504918,2.08809458587e-06,4.61630049975e-06,0,0.00101040109712,254,0.901840064368,0.901836148323,4.34230131285e-06
512,0.019721170520409382,40,3,pre,-1,1.5,593,0.000175358846914,0.000240558144819,0.000679594126442,0.999320405874,1.00049799357,0,0,0,0.00532696719809,256,0.901856980968,0.901836172502,2.30734431065e-05
512,0.019721170520409382,40,3,pre,-1,3.0,1209,0.000130734111998,0.00018551384388,0.000679594126442,0.999320405874,1.00049799357,0,0,0,0.00532696719809,256,0.901856980968,0.901836172502,2.30734431065e-05
512,0.019721170520409382,40,3,post,3,1.5,593,5.03227664545e-05,7.02342476069e-05,0.0002196185167,0.999780381483,1.00006181538,6.52179543374e-07,3.58839542016e-06,0,0.00550392032041,256,0.901857672191,0.901836172502,2.38399050818e-05
512,0.019721170520409382,40,3,post,3,3.0,1209,5.72019491417e-05,7.86157161253e-05,0.000274059656762,0.999725940343,1.00008641727,4.69614705389e-07,3.58839542016e-06,0,0.00550392032041,256,0.901857672191,0.901836172502,2.38399050818e-05
512,0.045681772665263472,80,3,pre,-1,1.5,599,0.000209065265741,0.000275088817945,0.000832659415743,0.999167340584,1.00065746029,0,0,0,0.00544078518648,255,0.901857328062,0.901836158014,2.34743829611e-05
512,0.045681772665263472,80,3,pre,-1,3.0,1203,0.000182886497102,0.000235654702926,0.000832659415743,0.999167340584,1.00065746029,0,0,0,0.00544078518648,255,0.901857328062,0.901836158014,2.34743829611e-05
512,0.045681772665263472,80,3,post,3,1.5,599,6.04958728461e-05,8.04702115569e-05,0.000246207028223,0.999753792972,1.00009843024,7.5225662788e-07,4.01365773613e-06,0,0.00561394247922,255,0.901858001815,0.901836158014,2.42214737693e-05
512,0.045681772665263472,80,3,post,3,3.0,1203,8.06736839586e-05,0.000105747526496,0.000414692815576,0.999585307184,1.00019324002,7.13969945795e-07,4.01365773613e-06,0,0.00561394247922,255,0.901858001815,0.901836158014,2.42214737693e-05
512,0.071781017221868804,120,3,pre,-1,1.5,605,0.000244275100516,0.000314143978772,0.000958963848038,0.999041036152,1.00084463444,0,0,0,0.00529425555787,255,0.901856786205,0.901836186303,2.28421770572e-05
512,0.071781017221868804,120,3,pre,-1,3.0,1203,0.000239459870177,0.000294904940453,0.000958963848038,0.999041036152,1.00084463444,0,0,0,0.00529425555787,255,0.901856786205,0.901836186303,2.28421770572e-05
512,0.071781017221868804,120,3,post,3,1.5,605,6.9715064296e-05,9.00942300475e-05,0.000335718161369,0.999664281839,1.00011969667,8.39667039536e-07,4.64789008155e-06,0,0.00545771304467,255,0.901857422216,0.901836186303,2.35474178254e-05
512,0.071781017221868804,120,3,post,3,3.0,1203,0.000103972399917,0.000135918562587,0.000475602568359,0.999524397432,1.00030318046,9.43992134257e-07,4.64789008155e-06,0,0.00545771304467,255,0.901857422216,0.901836186303,2.35474178254e-05
512,0.097885042029340563,160,3,pre,-1,1.5,608,0.000262812935528,0.000337193074244,0.00108712785943,0.998912872141,1.00099812827,0,0,0,0.0051686857445,255,0.9018563808,0.901836269489,2.23004013968e-05
512,0.097885042029340563,160,3,pre,-1,3.0,1210,0.000286557533561,0.000346297779023,0.00108712785943,0.998912872141,1.00099812827,0,0,0,0.0051686857445,255,0.9018563808,0.901836269489,2.23004013968e-05
512,0.097885042029340563,160,3,post,3,1.5,608,7.57362911965e-05,9.68367844655e-05,0.000292619393969,0.999707380606,1.00013877904,8.97157671564e-07,5.04450150989e-06,0,0.00532529337031,255,0.901856990159,0.901836269489,2.29760882329e-05
512,0.097885042029340563,160,3,post,3,3.0,1210,0.000122154985895,0.000160632033443,0.000583507344133,0.999416492656,1.00039589568,1.14208373155e-06,5.04450150989e-06,0,0.00532529337031,255,0.901856990159,0.901836269489,2.29760882329e-05
512,0.12398906683681232,200,3,pre,-1,1.5,596,0.000307495453728,0.000390948534436,0.0011574933769,0.998842506623,1.00103906378,0,0,0,0.00539156792662,255,0.901857275969,0.901836297426,2.32620304546e-05
512,0.12398906683681232,200,3,pre,-1,3.0,1207,0.000346279636121,0.00041336369477,0.0011574933769,0.998842506623,1.00103906378,0,0,0,0.00539156792662,255,0.901857275969,0.901836297426,2.32620304546e-05
512,0.12398906683681232,200,3,post,3,1.5,596,8.64833054097e-05,0.000108948688651,0.000299283676008,0.999700716324,1.00021980205,1.06092788233e-06,4.78892527193e-06,0,0.00557232907844,255,0.901857979309,0.901836297426,2.40419281532e-05
512,0.12398906683681232,200,3,post,3,3.0,1207,0.000145261897126,0.000189010045813,0.000620649700139,0.9993793503,1.00044266671,1.3915600403e-06,4.78892527193e-06,0,0.00557232907844,255,0.901857979309,0.901836297426,2.40419281532e-05
512,0.15009309164428408,240,3,pre,-1,1.5,601,0.000342710651422,0.000430121791062,0.00119758859671,0.998802411403,1.00112865138,0,0,0,0.00525576310649,258,0.901857003689,0.901836312971,2.29428749963e-05
512,0.15009309164428408,240,3,pre,-1,3.0,1207,0.000403276061053,0.000477689133954,0.00119758859671,0.998802411403,1.00112865138,0,0,0,0.00525576310649,258,0.901857003689,0.901836312971,2.29428749963e-05
512,0.15009309164428408,240,3,post,3,1.5,601,9.34772312983e-05,0.000119051419094,0.000434713142799,0.999565286857,1.00022955249,1.11494405948e-06,5.24108381045e-06,0,0.00542120361453,258,0.901857654989,0.901836312971,2.36650690564e-05
512,0.15009309164428408,240,3,post,3,3.0,1207,0.00016835312419,0.000221283043505,0.000710369689593,0.99928963031,1.00050587015,1.58913129844e-06,5.24108381045e-06,0,0.00542120361453,258,0.901857654989,0.901836312971,2.36650690564e-05
512,0.17619711645175584,280,3,pre,-1,1.5,602,0.000374526993358,0.000467311056634,0.00133347213419,0.998666527866,1.00108867923,0,0,0,0.00521518302999,260,0.901857052386,0.901836362268,2.29422089061e-05
512,0.17619711645175584,280,3,pre,-1,3.0,1205,0.000449420722721,0.000529873372577,0.00133347213419,0.998666527866,1.00108867923,0,0,0,0.00521518302999,260,0.901857052386,0.901836362268,2.29422089061e-05
512,0.17619711645175584,280,3,post,3,1.5,602,0.000107300821989,0.000134572256015,0.00044235913571,0.999557640864,1.00028606168,1.23357137289e-06,5.18724324624e-06,0,0.00539426486115,260,0.901857762855,0.901836362268,2.37300111284e-05
512,0.17619711645175584,280,3,post,3,3.0,1205,0.00018975393829,0.000244818547268,0.000706586026163,0.999293413974,1.0005897981,1.78067810263e-06,5.18724324624e-06,0,0.00539426486115,260,0.901857762855,0.901836362268,2.37300111284e-05
512,0.2023011412592276,320,3,pre,-1,1.5,605,0.000412662259931,0.000506764113912,0.00124591294085,0.998777875062,1.00124591294,0,0,0,0.00523863519836,259,0.901857112753,0.901836409529,2.29567405052e-05
512,0.2023011412592276,320,3,pre,-1,3.0,1208,0.000503696632332,0.000591086605018,0.00124591294085,0.998777875062,1.00124591294,0,0,0,0.00523863519836,259,0.901857112753,0.901836409529,2.29567405052e-05
512,0.2023011412592276,320,3,post,3,1.5,605,0.000107858186392,0.000136620491844,0.000469630169595,0.99953036983,1.00032986773,1.26100959542e-06,5.37707882138e-06,0,0.00539319576271,259,0.901857723581,0.901836409529,2.3634055614e-05
512,0.2023011412592276,320,3,post,3,3.0,1208,0.00020774519473,0.000274232274064,0.000792242797691,0.999207757202,1.00070052498,1.94669443955e-06,5.69672206255e-06,0,0.00539319576271,259,0.901857723581,0.901836409529,2.3634055614e-05
512,0.22840516606669936,360,3,pre,-1,1.5,600,0.000451215423399,0.000552499615065,0.00137172442972,0.99862827557,1.00106470724,0,0,0,0.00531087105428,257,0.901857302677,0.90183647605,2.30935741348e-05
512,0.22840516606669936,360,3,pre,-1,3.0,1204,0.000551823900243,0.000644523557044,0.00137172442972,0.99862827557,1.00114148168,0,0,0,0.00531087105428,257,0.901857302677,0.90183647605,2.30935741348e-05
512,0.22840516606669936,360,3,post,3,1.5,600,0.000123187445615,0.00015309466059,0.000433389283226,0.999566610717,1.00029737278,1.37626204511e-06,4.98977197098e-06,0,0.00548207727006,257,0.901857974064,0.90183647605,2.383804023e-05
512,0.22840516606669936,360,3,post,3,3.0,1204,0.000229909560584,0.00029714165328,0.000896084051,0.999103915949,1.00070166966,2.12591732091e-06,6.28017451862e-06,0,0.00548207727006,257,0.901857974064,0.90183647605,2.383804023e-05
512,0.25450919087417112,400,3,pre,-1,1.5,603,0.000484086337803,0.000581896433188,0.00133086304244,0.998705510394,1.00133086304,0,0,0,0.00516359549429,259,0.901856885181,0.901836478515,2.26278998791e-05
512,0.25450919087417112,400,3,pre,-1,3.0,1202,0.000599392705185,0.000696235012476,0.00149881760046,0.9985011824,1.00133086304,0,0,0,0.00516359549429,259,0.901856885181,0.901836478515,2.26278998791e-05
512,0.25450919087417112,400,3,post,3,1.5,603,0.000127700037787,0.00015900696137,0.000480774310774,0.999519225689,1.0003645914,1.43529184707e-06,5.40003584608e-06,0,0.00533392291268,259,0.901857558319,0.901836478515,2.33743084182e-05
512,0.25450919087417112,400,3,post,3,3.0,1202,0.000248262005311,0.000321917884042,0.00093313295868,0.999066867041,1.00076310244,2.2964539923e-06,7.0232805904e-06,0,0.00533392291268,259,0.901857558319,0.901836478515,2.33743084182e-05
512,0.28061321568164288,440,3,pre,-1,1.5,606,0.000520165954997,0.000618424074053,0.00138256261517,0.998682907931,1.00138256262,0,0,0,0.00520446620621,257,0.9018568978,0.90183648844,2.26308873409e-05
512,0.28061321568164288,440,3,pre,-1,3.0,1210,0.00065119367435,0.00075399588265,0.00162881835212,0.998371181648,1.00138256262,0,0,0,0.00520446620621,257,0.9018568978,0.90183648844,2.26308873409e-05
512,0.28061321568164288,440,3,post,3,1.5,606,0.000133245518385,0.000164659628236,0.000436799046137,0.999563200954,1.00033082053,1.49419343414e-06,5.43987777141e-06,0,0.00536457476514,257,0.901857525667,0.90183648844,2.33270968301e-05
512,0.28061321568164288,440,3,post,3,3.0,1210,0.000269440833463,0.000350748217892,0.000987624007659,0.999012375992,1.0008111331,2.46526100505e-06,7.63704662564e-06,0,0.00536457476514,257,0.901857525667,0.90183648844,2.33270968301e-05
512,0.30671724048911464,480,3,pre,-1,1.5,606,0.000568358832222,0.000672940248844,0.00146116811375,0.998538831886,1.00138643763,0,0,0,0.00522691722398,258,0.901857091626,0.901836514468,2.28169495587e-05
512,0.30671724048911464,480,3,pre,-1,3.0,1212,0.000698668108912,0.000807049050061,0.00174342850914,0.998256571491,1.00141442388,0,0,0,0.00522691722398,258,0.901857091626,0.901836514468,2.28169495587e-05
512,0.30671724048911464,480,3,post,3,1.5,606,0.000149193596962,0.000186047316606,0.000602495052601,0.999397504947,1.00042002069,1.59593482289e-06,5.57127673238e-06,0,0.00538427601424,258,0.901857711111,0.901836514468,2.3503864508e-05
512,0.30671724048911464,480,3,post,3,3.0,1212,0.000290323608348,0.00037682907954,0.00106183289017,0.99893816711,1.00086756633,2.62872551548e-06,8.15004735303e-06,0,0.00538427601424,258,0.901857711111,0.901836514468,2.3503864508e-05
512,0.3328212652965864,520,3,pre,-1,1.5,602,0.000600744812388,0.000708238449,0.0015412812611,0.998458718739,1.00136219596,0,0,0,0.00525284051847,258,0.901857204643,0.901836525431,2.29301116812e-05
512,0.3328212652965864,520,3,pre,-1,3.0,1209,0.000744983702223,0.000857900356179,0.00184843393444,0.998151566066,1.00148772684,0,0,0,0.00525284051847,258,0.901857204643,0.901836525431,2.29301116812e-05
512,0.3328212652965864,520,3,post,3,1.5,602,0.000156827273743,0.000195874648248,0.000612606366124,0.999387393634,1.00035949494,1.65676581335e-06,5.53551874473e-06,0,0.00541056865428,258,0.901857825582,0.901836525431,2.36186389183e-05
512,0.3328212652965864,520,3,post,3,3.0,1209,0.0003090190401,0.000400444377945,0.0011233197179,0.998876680282,1.0009022122,2.79195025e-06,8.61522807402e-06,0,0.00541056865428,258,0.901857825582,0.901836525431,2.36186389183e-05
512,0.35892529010405816,560,3,pre,-1,1.5,604,0.000631851329597,0.000740154315545,0.00156006629032,0.99843993371,1.00136251633,0,0,0,0.00529435711914,257,0.901857333753,0.901836571885,2.30217631691e-05
512,0.35892529010405816,560,3,pre,-1,3.0,1209,0.000789566143669,0.000907066646607,0.00201505717603,0.997984942824,1.00151175031,0,0,0,0.00529435711914,257,0.901857333753,0.901836571885,2.30217631691e-05
512,0.35892529010405816,560,3,post,3,1.5,604,0.000164577722706,0.00020195682891,0.000619135988709,0.999380864011,1.00039988244,1.72122504224e-06,5.51073269957e-06,0,0.00545638725781,257,0.901857969155,0.901836571885,2.37263283119e-05
512,0.35892529010405816,560,3,post,3,3.0,1209,0.000328086351201,0.000423893623551,0.00122584176434,0.998774158236,1.00091074679,2.94494941631e-06,9.43023653375e-06,0,0.00545638725781,257,0.901857969155,0.901836571885,2.37263283119e-05
512,0.38502931491152992,600,3,pre,-1,1.5,604,0.000662807703219,0.00077335871147,0.00162235500473,0.998377644995,1.00140016937,0,0,0,0.00529653049737,257,0.901857342704,0.901836572313,2.30312137863e-05
512,0.38502931491152992,600,3,pre,-1,3.0,1210,0.000828530558507,0.000948739486411,0.00207629743177,0.997923702568,1.00156472621,0,0,0,0.00529653049737,257,0.901857342704,0.901836572313,2.30312137863e-05
512,0.38502931491152992,600,3,post,3,1.5,604,0.000172240788235,0.00021111466943,0.000644206862622,0.999355793137,1.00042081256,1.79928726771e-06,5.57971549372e-06,0,0.00546154645997,257,0.901857989815,0.901836572313,2.37487623616e-05
512,0.38502931491152992,600,3,post,3,3.0,1210,0.000343137083707,0.000441631266897,0.00125139161293,0.998748608387,1.00095473854,3.07656030949e-06,9.73444141794e-06,0,0.00546154645997,257,0.901857989815,0.901836572313,2.37487623616e-05
512,0.41113333971900168,640,3,pre,-1,1.5,610,0.000702552215856,0.000810806698481,0.00161314984526,0.998386850155,1.0014645054,0,0,0,0.00528371118398,257,0.901857338546,0.901836618426,2.29754696404e-05
512,0.41113333971900168,640,3,pre,-1,3.0,1209,0.000868761746257,0.000989689381966,0.00213365311717,0.997866346883,1.00161229005,0,0,0,0.00528371118398,257,0.901857338546,0.901836618426,2.29754696404e-05
512,0.41113333971900168,640,3,post,3,1.5,610,0.000183062976461,0.000223322244144,0.000645712826033,0.999354287174,1.0004579434,1.8924024408e-06,5.65552849751e-06,0,0.00544592283046,257,0.901857974661,0.901836618426,2.36808240074e-05
512,0.41113333971900168,640,3,post,3,3.0,1209,0.000358799286982,0.000459640379687,0.00127206426395,0.998727935736,1.00099509357,3.21614053827e-06,9.90779433252e-06,0,0.00544592283046,257,0.901857974661,0.901836618426,2.36808240074e-05
512,0.43723736452647344,680,3,pre,-1,1.5,605,0.000722811096157,0.000833211980362,0.00165552755222,0.998344472448,1.0015610791,0,0,0,0.0052532522265,257,0.901857211548,0.901836610874,2.28430233697e-05
512,0.43723736452647344,680,3,pre,-1,3.0,1218,0.000906294833459,0.00103225231016,0.00230273905744,0.997697260943,1.00173885113,0,0,0,0.0052532522265,257,0.901857211548,0.901836610874,2.28430233697e-05
512,0.43723736452647344,680,3,post,3,1.5,605,0.000181080139896,0.000224726084204,0.000690425106247,0.999309574894,1.00043968264,1.87392589958e-06,5.7042899361e-06,0,0.00540955431164,257,0.901857824488,0.901836610874,2.35226808523e-05
512,0.43723736452647344,680,3,post,3,3.0,1218,0.000375189887855,0.000484959807908,0.00138939309998,0.9986106069,1.00119362378,3.35420678962e-06,1.07123884305e-05,0,0.00540955431164,257,0.901857824488,0.901836610874,2.35226808523e-05
512,0.4633413893339452,720,3,pre,-1,1.5,604,0.00074828910888,0.000857833609652,0.00165788606501,0.998342113935,1.00159260127,0,0,0,0.00517058275263,260,0.901857148935,0.901836635758,2.27460000956e-05
512,0.4633413893339452,720,3,pre,-1,3.0,1209,0.000938332195629,0.00106751974122,0.00234643730493,0.997653562695,1.001745126,0,0,0,0.00517058275263,260,0.901857148935,0.901836635758,2.27460000956e-05
512,0.4633413893339452,720,3,post,3,1.5,604,0.00018902867144,0.000233413898107,0.000701251433814,0.999298748566,1.00044525026,1.93163646183e-06,5.74865868337e-06,0,0.00532286048198,260,0.901857753064,0.901836635758,2.34158876915e-05
512,0.4633413893339452,720,3,post,3,3.0,1209,0.00038517206116,0.000496560568647,0.0014201596161,0.998579840384,1.00106098509,3.44298158899e-06,1.09743321113e-05,0,0.00532286048198,260,0.901857753064,0.901836635758,2.34158876915e-05
512,0.48944541414141696,760,3,pre,-1,1.5,601,0.000775111410293,0.000880218515065,0.0016677075092,0.998332292491,1.00143402475,0,0,0,0.0052020518112,256,0.901857005843,0.901836685328,2.25323666893e-05
512,0.48944541414141696,760,3,pre,-1,3.0,1205,0.000965899148931,0.00109206138041,0.00234546380229,0.997654536198,1.00176956,0,0,0,0.0052020518112,256,0.901857005843,0.901836685328,2.25323666893e-05
512,0.48944541414141696,760,3,post,3,1.5,601,0.000194442701118,0.000236437959485,0.000670750054467,0.999329249946,1.00046216262,1.99024970465e-06,6.0660969562e-06,0,0.00537476082484,256,0.901857680487,0.901836685328,2.32804451339e-05
512,0.48944541414141696,760,3,post,3,3.0,1205,0.000395258703665,0.000504717401999,0.00148941251382,0.998510587486,1.00111285681,3.53680334083e-06,1.11510719824e-05,0,0.00537476082484,256,0.901857680487,0.901836685328,2.32804451339e-05
512,0.51554943894888872,800,3,pre,-1,1.5,601,0.000800690782982,0.000903129881493,0.00173977752805,0.998260222472,1.00141416367,0,0,0,0.00523258253956,257,0.901857263952,0.901836744334,2.27531407959e-05
512,0.51554943894888872,800,3,pre,-1,3.0,1204,0.000998705416876,0.00112442639733,0.00248269243229,0.997517307568,1.00180798359,0,0,0,0.00523258253956,257,0.901857263952,0.901836744334,2.27531407959e-05
512,0.51554943894888872,800,3,post,3,1.5,601,0.000202922839336,0.000244185318719,0.000640803138774,0.999359196861,1.00047315426,2.06266427794e-06,5.88098501435e-06,0,0.0054092071863,257,0.901857956587,0.901836744334,2.35211679458e-05
512,0.51554943894888872,800,3,post,3,3.0,1204,0.000409752819847,0.000519993132015,0.00150538732043,0.99849461268,1.00110474453,3.65338759796e-06,1.15942368948e-05,0,0.0054092071863,257,0.901857956587,0.901836744334,2.35211679458e-05
512,0.54165346375636048,840,3,pre,-1,1.5,606,0.000827945449838,0.000932661688283,0.00184438510351,0.998155614896,1.00156952784,0,0,0,0.00527070346726,258,0.901857610829,0.901836861294,2.30080798587e-05
512,0.54165346375636048,840,3,pre,-1,3.0,1203,0.00102922333168,0.00115738299422,0.00248290670732,0.997517093293,1.00183911914,0,0,0,0.00527070346726,258,0.901857610829,0.901836861294,2.30080798587e-05
512,0.54165346375636048,840,3,post,3,1.5,606,0.000210583960441,0.000254156106069,0.000727763658048,0.999272236342,1.00051804425,2.1520432714e-06,6.11770648618e-06,0,0.00543887293136,258,0.901858272873,0.901836861294,2.37421861273e-05
512,0.54165346375636048,840,3,post,3,3.0,1203,0.000420635384006,0.000534464683919,0.00149744441991,0.99850255558,1.00114256425,3.7607878873e-06,1.15805662616e-05,0,0.00543887293136,258,0.901858272873,0.901836861294,2.37421861273e-05
512,0.56775748856383224,880,3,pre,-1,1.5,604,0.000844671952355,0.000950743751427,0.00174478515521,0.998255214845,1.00167307331,0,0,0,0.00526800910968,257,0.901857564176,0.901836905632,2.2907184099e-05
512,0.56775748856383224,880,3,pre,-1,3.0,1205,0.00105306168658,0.00118077581855,0.00247389318975,0.99752610681,1.0019079887,0,0,0,0.00526800910968,257,0.901857564176,0.901836905632,2.2907184099e-05
512,0.56775748856383224,880,3,post,3,1.5,604,0.000214276931282,0.00025906689527,0.00067638928988,0.99932361071,1.00050545688,2.1563966909e-06,6.11610844276e-06,0,0.00543681060873,257,0.901858226133,0.901836905632,2.36411932725e-05
512,0.56775748856383224,880,3,post,3,3.0,1205,0.00043076104874,0.000545141488559,0.00148491999686,0.998515080003,1.00122706869,3.8289072366e-06,1.15676945182e-05,0,0.00543681060873,257,0.901858226133,0.901836905632,2.36411932725e-05
512,0.593861513371304,920,3,pre,-1,1.5,603,0.000867708841604,0.000971290796025,0.0018971949876,0.998102805012,1.00160254635,0,0,0,0.00526672286328,257,0.901857629628,0.901836976128,2.29015892501e-05
512,0.593861513371304,920,3,pre,-1,3.0,1203,0.00107832019886,0.00120479563253,0.00249989681316,0.997500103187,1.00187641878,0,0,0,0.00526672286328,257,0.901857629628,0.901836976128,2.29015892501e-05
512,0.593861513371304,920,3,post,3,1.5,603,0.000222702967961,0.000266701183622,0.00070535311234,0.999294646888,1.00049768974,2.22065365904e-06,6.30956697446e-06,0,0.00544551074314,257,0.901858330746,0.901836976128,2.36790227114e-05
512,0.593861513371304,920,3,post,3,3.0,1203,0.00044132002917,0.00055482880973,0.00152548264973,0.99847451735,1.00121929768,3.91923753858e-06,1.16620672273e-05,0,0.00544551074314,257,0.901858330746,0.901836976128,2.36790227114e-05
512,0.61996553817877575,960,3,pre,-1,1.5,609,0.000890143784807,0.000995093806697,0.00205516215231,0.997944837848,1.00162909507,0,0,0,0.00537878579822,255,0.901858004089,0.90183707528,2.32068616826e-05
512,0.61996553817877575,960,3,pre,-1,3.0,1209,0.00110701088111,0.00123247277327,0.0024781366693,0.997521863331,1.00190192438,0,0,0,0.00537878579822,255,0.901858004089,0.90183707528,2.32068616826e-05
512,0.61996553817877575,960,3,post,3,1.5,609,0.00023320304968,0.000275782702961,0.000844034750955,0.999155965249,1.00056022803,2.2872650202e-06,6.09950307628e-06,0,0.00554805178774,255,0.901858662701,0.90183707528,2.39371626378e-05
512,0.61996553817877575,960,3,post,3,3.0,1209,0.000457157661617,0.000571236958047,0.00158290767667,0.998417092323,1.00122386986,4.02060494122e-06,1.15545444241e-05,0,0.00554805178774,255,0.901858662701,0.90183707528,2.39371626378e-05
512,0.64606956298624751,1000,3,pre,-1,1.5,608,0.000901048209048,0.00100224430182,0.00221271185525,0.997787288145,1.00156467282,0,0,0,0.00528035056129,256,0.901857800307,0.901837173938,2.28715005059e-05
512,0.64606956298624751,1000,3,pre,-1,3.0,1211,0.00112696102378,0.00125101944067,0.00242074925403,0.997579250746,1.00202742672,0,0,0,0.00528035056129,256,0.901857800307,0.901837173938,2.28715005059e-05
512,0.64606956298624751,1000,3,post,3,1.5,608,0.000231288629905,0.000276198402151,0.00089646727875,0.999103532721,1.00053696767,2.25468646618e-06,6.75784551215e-06,0,0.0054462094584,256,0.901858448194,0.901837173938,2.3589907703e-05
512,0.64606956298624751,1000,3,post,3,3.0,1211,0.000464068118549,0.00058178955689,0.00163554819429,0.998364451806,1.0012475917,4.07665392641e-06,1.13210683537e-05,0,0.0054462094584,256,0.901858448194,0.901837173938,2.3589907703e-05
512,0.67217358779371927,1040,3,pre,-1,1.5,598,0.000922296553387,0.00102111434671,0.00218381000943,0.997816189991,1.00152885606,0,0,0,0.00532273674677,258,0.901858183056,0.901837228679,2.32352100635e-05
512,0.67217358779371927,1040,3,pre,-1,3.0,1216,0.00115359517655,0.00127408121222,0.00248650071622,0.997513499284,1.00196853937,0,0,0,0.00532273674677,258,0.901858183056,0.901837228679,2.32352100635e-05
512,0.67217358779371927,1040,3,post,3,1.5,598,0.000237232444596,0.000279788683981,0.000868368395707,0.999131631604,1.00053754493,2.29795723442e-06,6.38127747123e-06,0,0.00548027619846,259,0.901858886875,0.901837228679,2.40156375751e-05
512,0.67217358779371927,1040,3,post,3,3.0,1216,0.000479163633438,0.000596668177252,0.00175274355698,0.998247256443,1.00120849185,4.18827519548e-06,1.11632201743e-05,0,0.00548027619846,259,0.901858886875,0.901837228679,2.40156375751e-05
512,0.69827761260119103,1080,3,pre,-1,1.5,609,0.000932283178243,0.00102722806179,0.00227371872799,0.997726281272,1.00162384721,0,0,0,0.00528875604009,254,0.901857770458,0.901837272655,2.27289377778e-05
512,0.69827761260119103,1080,3,pre,-1,3.0,1221,0.00116794031423,0.00128676417666,0.00262139064634,0.997378609354,1.00202656158,0,0,0,0.00528875604009,254,0.901857770458,0.901837272655,2.27289377778e-05
512,0.69827761260119103,1080,3,post,3,1.5,609,0.000239221863008,0.00028307518379,0.000965269470224,0.99903473053,1.000532921,2.28194050281e-06,6.57320007151e-06,0,0.00544397751278,254,0.901858372055,0.901837272655,2.33960169861e-05
512,0.69827761260119103,1080,3,post,3,3.0,1221,0.000483499616916,0.00060352736878,0.00184326638137,0.998156733619,1.00123759485,4.21957170188e-06,1.16766650556e-05,0,0.00544397751278,254,0.901858372055,0.901837272655,2.33960169861e-05
512,0.72438163740866279,1120,3,pre,-1,1.5,605,0.000950870895593,0.00104579656547,0.00236049276277,0.997639507237,1.00159253697,0,0,0,0.00527660820828,258,0.901858169216,0.901837396436,2.30338420196e-05
512,0.72438163740866279,1120,3,pre,-1,3.0,1216,0.00118061843651,0.00129820099659,0.00272475541801,0.997275244582,1.00202408542,0,0,0,0.00527660820828,258,0.901858169216,0.901837396436,2.30338420196e-05
512,0.72438163740866279,1120,3,post,3,1.5,605,0.000246655798168,0.000294070198318,0.00102206066171,0.998977939338,1.00050358601,2.34674051605e-06,6.8616829913e-06,0,0.00544338134927,258,0.901858825763,0.901837396436,2.376185252e-05
512,0.72438163740866279,1120,3,post,3,3.0,1216,0.000488073598929,0.000607196976863,0.00192560814297,0.998074391857,1.0012532018,4.25114344484e-06,1.20448664384e-05,0,0.00544338134927,258,0.901858825763,0.901837396436,2.376185252e-05
512,0.75048566221613455,1160,3,pre,-1,1.5,610,0.00095565382011,0.00105270075039,0.00246635653771,0.997533643462,1.00169156945,0,0,0,0.00527096485175,257,0.901858132143,0.901837462008,2.29200225802e-05
512,0.75048566221613455,1160,3,pre,-1,3.0,1223,0.00119691536652,0.00131498014173,0.00282599759324,0.997174002407,1.00205935481,0,0,0,0.00527096485175,257,0.901858132143,0.901837462008,2.29200225802e-05
512,0.75048566221613455,1160,3,post,3,1.5,610,0.000243872783774,0.00029149820465,0.00101795638658,0.998982043613,1.00054716955,2.31948809998e-06,7.20456975919e-06,0,0.00542429908521,257,0.901858733444,0.901837462008,2.35867741511e-05
512,0.75048566221613455,1160,3,post,3,3.0,1223,0.000495072712891,0.000617924283354,0.00201961585984,0.99798038414,1.00130122694,4.30444868601e-06,1.2399109758e-05,0,0.00542429908521,257,0.901858733444,0.901837462008,2.35867741511e-05
512,0.77658968702360631,1200,3,pre,-1,1.5,612,0.000969591978853,0.00106448452129,0.00273958985537,0.997260410145,1.00152449869,0,0,0,0.00524917025989,257,0.90185814207,0.901837557403,2.2825249559e-05
512,0.77658968702360631,1200,3,pre,-1,3.0,1215,0.00120338996566,0.00131915684667,0.00293082561092,0.997069174389,1.0020186132,0,0,0,0.00524917025989,257,0.90185814207,0.901837557403,2.2825249559e-05
512,0.77658968702360631,1200,3,post,3,1.5,612,0.000252993737537,0.000299421465764,0.00116519582679,0.998834804173,1.00053330308,2.38664602163e-06,8.27613717887e-06,0,0.00539363401075,258,0.901858790886,0.901837557403,2.354468754e-05
512,0.77658968702360631,1200,3,post,3,3.0,1215,0.000497544844173,0.000617861051036,0.0020779075669,0.997922092433,1.00125482025,4.31545421676e-06,1.26596240728e-05,0,0.00539363401075,258,0.901858790886,0.901837557403,2.354468754e-05
512,0.80269371183107807,1240,3,pre,-1,1.5,617,0.000978274847527,0.00107872961662,0.00278230644711,0.997217693553,1.0017581624,0,0,0,0.00533808137481,256,0.901858470506,0.901837618625,2.31215464287e-05
512,0.80269371183107807,1240,3,pre,-1,3.0,1224,0.00121979266577,0.00133863941914,0.00306386139107,0.996936138609,1.00209150726,0,0,0,0.00533808137481,256,0.901858470506,0.901837618625,2.31215464287e-05
512,0.80269371183107807,1240,3,post,3,1.5,617,0.000253754246469,0.000305160892779,0.00122991468788,0.998770085312,1.00053442387,2.39027267314e-06,8.00229974172e-06,0,0.00549326997156,256,0.901859076711,0.901837618625,2.37937355717e-05
512,0.80269371183107807,1240,3,post,3,3.0,1224,0.00050590437876,0.000631694535692,0.00221406442409,0.997785935576,1.001338819,4.37436285717e-06,1.29563879921e-05,0,0.00549326997156,256,0.901859076711,0.901837618625,2.37937355717e-05
512,0.82879773663854983,1280,3,pre,-1,1.5,607,0.00098104941024,0.0010842873854,0.00283293788849,0.997167062112,1.00167314854,0,0,0,0.0053700577633,256,0.901858624644,0.901837647856,2.32600492866e-05
512,0.82879773663854983,1280,3,pre,-1,3.0,1220,0.00122624566974,0.00134701902238,0.00318237053405,0.996817629466,1.00205172303,0,0,0,0.0053700577633,256,0.901858624644,0.901837647856,2.32600492866e-05
512,0.82879773663854983,1280,3,post,3,1.5,607,0.000253502747266,0.00030450706754,0.00120801999766,0.998791980002,1.00055216733,2.4054782008e-06,8.42696669799e-06,0,0.00554848690998,256,0.901859321633,0.901837647856,2.40329033098e-05
512,0.82879773663854983,1280,3,post,3,3.0,1220,0.000507167464245,0.000632824506599,0.00232432212943,0.997675677871,1.001269454,4.40462932875e-06,1.34791630858e-05,0,0.00554848690998,256,0.901859321633,0.901837647856,2.40329033098e-05
512,0.85490176144602159,1320,3,pre,-1,1.5,607,0.000986393247533,0.0010919884493,0.00304410137034,0.99695589863,1.00176438699,0,0,0,0.00533248445513,255,0.90185846584,0.901837717189,2.30070773843e-05
512,0.85490176144602159,1320,3,pre,-1,3.0,1229,0.0012377378302,0.00136036690926,0.00333708726979,0.99666291273,1.00211138566,0,0,0,0.00533248445513,255,0.90185846584,0.901837717189,2.30070773843e-05
512,0.85490176144602159,1320,3,post,3,1.5,607,0.000256384676414,0.000307620271563,0.00108926460801,0.998910735392,1.0005357841,2.38577393265e-06,8.87040355717e-06,0,0.00550412082231,255,0.901859133675,0.901837717189,2.37476048466e-05
512,0.85490176144602159,1320,3,post,3,3.0,1229,0.000513891354093,0.000639184745717,0.00239602297337,0.997603977027,1.00133058021,4.43738403469e-06,1.34481497165e-05,0,0.00550412082231,255,0.901859133675,0.901837717189,2.37476048466e-05
512,0.88100578625349335,1360,3,pre,-1,1.5,611,0.000998946355423,0.00110590960949,0.00296917448473,0.997030825515,1.00166903567,0,0,0,0.00533599950332,254,0.901858430372,0.901837749466,2.29319589808e-05
512,0.88100578625349335,1360,3,pre,-1,3.0,1228,0.00124404002537,0.00136993536817,0.00339219743752,0.996607802562,1.00205320893,0,0,0,0.00533599950332,254,0.901858430372,0.901837749466,2.29319589808e-05
512,0.88100578625349335,1360,3,post,3,1.5,611,0.000264238257347,0.00031706446628,0.00126407029571,0.998735929704,1.00050888352,2.43983867885e-06,9.31776121426e-06,0,0.00552021489801,254,0.901859144342,0.901837749466,2.37236419396e-05
512,0.88100578625349335,1360,3,post,3,3.0,1228,0.00051826603949,0.000645853988204,0.00239607274671,0.997603927253,1.00128740084,4.45592061018e-06,1.40345451129e-05,0,0.00552021489801,254,0.901859144342,0.901837749466,2.37236419396e-05
512,0.90710981106096511,1400,3,pre,-1,1.5,617,0.00100280210439,0.00111921843323,0.0032110795421,0.996788920458,1.00178760412,0,0,0,0.00529573733734,254,0.901858338564,0.901837821844,2.27499001421e-05
512,0.90710981106096511,1400,3,pre,-1,3.0,1233,0.00124744583374,0.00138105222531,0.00360028431076,0.996399715689,1.00213396231,0,0,0,0.00529573733734,254,0.901858338564,0.901837821844,2.27499001421e-05
512,0.90710981106096511,1400,3,post,3,1.5,617,0.000265440707502,0.000323105279738,0.00117987321331,0.998820126787,1.00055349672,2.43305241318e-06,9.58577871619e-06,0,0.00546869434462,254,0.901859008892,0.901837821844,2.34931906056e-05
512,0.90710981106096511,1400,3,post,3,3.0,1233,0.000520202989712,0.000652870317184,0.00265202093711,0.997347979063,1.00135324785,4.44460380954e-06,1.44509956768e-05,0,0.00546869434462,254,0.901859008892,0.901837821844,2.34931906056e-05
512,0.93321383586843687,1440,3,pre,-1,1.5,614,0.00100862060706,0.00112701140305,0.00301791237288,0.996982087627,1.00166779085,0,0,0,0.0053309920234,255,0.901858632295,0.901837919644,2.29671551589e-05
512,0.93321383586843687,1440,3,pre,-1,3.0,1230,0.00125076088131,0.00138812212025,0.00361929963238,0.996380700368,1.00208062463,0,0,0,0.0053309920234,255,0.901858632295,0.901837919644,2.29671551589e-05
512,0.93321383586843687,1440,3,post,3,1.5,614,0.000265221017729,0.00032539344256,0.00131184927222,0.998688150728,1.00052988933,2.45087623602e-06,9.61099137475e-06,0,0.00551090499132,255,0.901859332951,0.901837919644,2.37440747407e-05
512,0.93321383586843687,1440,3,post,3,3.0,1230,0.000518048445168,0.000652652857792,0.0025074543458,0.997492545654,1.00129972628,4.4586503146e-06,1.53457108834e-05,0,0.00551090499132,255,0.901859332951,0.901837919644,2.37440747407e-05
512,0.95931786067590863,1480,3,pre,-1,1.5,615,0.00100973211127,0.00113365941563,0.00317431572446,0.996825684276,1.00164158709,0,0,0,0.00527727476164,255,0.901858451015,0.901838000775,2.267617901e-05
512,0.95931786067590863,1480,3,pre,-1,3.0,1241,0.00126371300283,0.001414442803,0.00394843304927,0.996051566951,1.00212538496,0,0,0,0.00527727476164,255,0.901858451015,0.901838000775,2.267617901e-05
512,0.95931786067590863,1480,3,post,3,1.5,615,0.000261846809531,0.000322914614694,0.00121128073545,0.998788719265,1.00052081093,2.40565809451e-06,9.16713641456e-06,0,0.00545219967976,255,0.901859129691,0.901838000775,2.3428726416e-05
512,0.95931786067590863,1480,3,post,3,3.0,1241,0.000526564721492,0.000673902034847,0.0028056375398,0.99719436246,1.00133146587,4.50167527146e-06,1.63642924681e-05,0,0.00545219967976,255,0.901859129691,0.901838000775,2.3428726416e-05
512,0.98542188548338039,1520,3,pre,-1,1.5,617,0.00102921267896,0.00118342013667,0.00383284846774,0.996167151532,1.00168205839,0,0,0,0.00530248164589,257,0.901858751686,0.901838105059,2.28939397859e-05
512,0.98542188548338039,1520,3,pre,-1,3.0,1247,0.00127870210098,0.00144974290817,0.00429821200408,0.995701787996,1.00209570411,0,0,0,0.00530248164589,257,0.901858751686,0.901838105059,2.28939397859e-05
512,0.98542188548338039,1520,3,post,3,1.5,617,0.000272764338713,0.000354469206202,0.00189209622792,0.998107903772,1.00054651805,2.45038813664e-06,1.17194781576e-05,0,0.00546783283615,257,0.901859399626,0.901838105059,2.36124059628e-05
512,0.98542188548338039,1520,3,post,3,3.0,1247,0.000538184001323,0.000701722179972,0.00329489842505,0.996705101575,1.00130893897,4.56420286904e-06,1.77409900072e-05,0,0.00546783283615,257,0.901859399626,0.901838105059,2.36124059628e-05
512,1.011525910290852,1560,3,pre,-1,1.5,624,0.00103113514709,0.00120190438158,0.0043463761237,0.995653623876,1.00166596655,0,0,0,0.00531823077356,257,0.901858832989,0.901838167388,2.29149774284e-05
512,1.011525910290852,1560,3,pre,-1,3.0,1248,0.00128248778231,0.00146857009817,0.00457107639176,0.995428923608,1.00212684817,0,0,0,0.00531823077356,257,0.901858832989,0.901838167388,2.29149774284e-05
512,1.011525910290852,1560,3,post,3,1.5,624,0.000277481267776,0.000368597356371,0.00197170301258,0.998028296987,1.0005090088,2.47845804393e-06,1.30936479954e-05,0,0.00548368946327,257,0.901859482301,0.901838167388,2.36349642095e-05
512,1.011525910290852,1560,3,post,3,3.0,1248,0.000538869790898,0.000710197477376,0.00337642550224,0.996623574498,1.00132928951,4.55494000199e-06,1.8206713741e-05,0,0.00548368946327,257,0.901859482301,0.901838167388,2.36349642095e-05
512,1.0376299350983238,1600,3,pre,-1,1.5,625,0.0010345658494,0.00121196951323,0.00415017483323,0.995849825167,1.00175243606,0,0,0,0.00542993228543,256,0.901859147565,0.901838180017,2.32497903836e-05
512,1.0376299350983238,1600,3,pre,-1,3.0,1252,0.001288194908,0.00149358248339,0.00475073098194,0.995249269018,1.00211040896,0,0,0,0.00542993228543,256,0.901859147565,0.901838180017,2.32497903836e-05
512,1.0376299350983238,1600,3,post,3,1.5,625,0.000277440173279,0.000359962905937,0.00183935172832,0.998160648272,1.00059022068,2.49546058047e-06,1.25057212984e-05,0,0.00560160064197,256,0.901859816437,0.901838180017,2.39914660616e-05
512,1.0376299350983238,1600,3,post,3,3.0,1252,0.000541428081613,0.000722228667246,0.00353530543307,0.996464694567,1.0013334643,4.58698456365e-06,1.89351776157e-05,0,0.00560160064197,256,0.901859816437,0.901838180017,2.39914660616e-05
512,1.0637339599057956,1640,3,pre,-1,1.5,627,0.00102984368744,0.00122552493016,0.00415850345494,0.995841496545,1.00167814212,0,0,0,0.00537146151857,257,0.901858971925,0.901838230389,2.2999175718e-05
512,1.0637339599057956,1640,3,pre,-1,3.0,1244,0.00127319598886,0.00148552135146,0.00438919598509,0.995610804015,1.00214890401,0,0,0,0.00537146151857,257,0.901858971925,0.901838230389,2.2999175718e-05
512,1.0637339599057956,1640,3,post,3,1.5,627,0.000275947514827,0.000374513977682,0.0017309316968,0.998269068303,1.00054252792,2.47371072666e-06,1.23808003979e-05,0,0.00555211235589,257,0.901859677589,0.901838230389,2.3781648569e-05
512,1.0637339599057956,1640,3,post,3,3.0,1244,0.000528661034603,0.000707395609,0.00311901181552,0.996880988184,1.00133741566,4.49121134073e-06,1.72263966668e-05,0,0.00555211235589,257,0.901859677589,0.901838230389,2.3781648569e-05
512,1.0898379847132673,1680,3,pre,-1,1.5,631,0.00103968748579,0.00123780495717,0.00427260146488,0.995727398535,1.00180345683,0,0,0,0.00531699233313,258,0.901859130554,0.901838562717,2.28065617719e-05
512,1.0898379847132673,1680,3,pre,-1,3.0,1256,0.00129026047233,0.00151789549839,0.00488719454209,0.995112805458,1.00223803559,0,0,0,0.00531699233313,258,0.901859130554,0.901838562717,2.28065617719e-05
512,1.0898379847132673,1680,3,post,3,1.5,631,0.000276044693554,0.00037260111816,0.00141628588234,0.998583714118,1.0005659617,2.48629621238e-06,1.28609457263e-05,0,0.00548606746458,258,0.9018597935,0.901838562717,2.35416661502e-05
512,1.0898379847132673,1680,3,post,3,3.0,1256,0.000540266814738,0.000731555390961,0.00352685213521,0.996473147865,1.00144943282,4.56674596049e-06,1.89108282587e-05,0,0.00548606746458,258,0.9018597935,0.901838562717,2.35416661502e-05
512,1.1159420095207391,1720,3,pre,-1,1.5,629,0.00104468243726,0.0012575120313,0.00435518347309,0.995644816527,1.00168847877,0,0,0,0.00527942086728,257,0.90185892113,0.90183862822,2.25017087607e-05
512,1.1159420095207391,1720,3,pre,-1,3.0,1258,0.00130287520418,0.00155471771178,0.00507216603153,0.994927833968,1.00215912817,0,0,0,0.00527942086728,257,0.90185892113,0.90183862822,2.25017087607e-05
512,1.1159420095207391,1720,3,post,3,1.5,629,0.000279360240823,0.00038271488028,0.00173585404944,0.998264145951,1.00054320547,2.47648937708e-06,1.24192349314e-05,0,0.0054580311469,257,0.901859619299,0.90183862822,2.32758700578e-05
512,1.1159420095207391,1720,3,post,3,3.0,1258,0.000547319999631,0.000757005730915,0.00362890580148,0.996371094199,1.0013405356,4.60009880057e-06,2.17589254464e-05,0,0.0054580311469,257,0.901859619299,0.90183862822,2.32758700578e-05
512,1.1420460343282108,1760,3,pre,-1,1.5,636,0.00105515539509,0.00131257072098,0.005184811516,0.994815188484,1.00176704406,0,0,0,0.00523227923011,262,0.901859135453,0.90183867534,2.26871096438e-05
512,1.1420460343282108,1760,3,pre,-1,3.0,1276,0.00131335458917,0.00159495990174,0.00586056799195,0.994139432008,1.00214730122,0,0,0,0.00523227923011,262,0.901859135453,0.90183867534,2.26871096438e-05
512,1.1420460343282108,1760,3,post,3,1.5,636,0.000284506843133,0.000422195014376,0.00266937343723,0.997330626563,1.00054615475,2.46722937557e-06,1.51788713465e-05,0,0.00537729313501,262,0.901859712521,0.90183867534,2.33269883017e-05
512,1.1420460343282108,1760,3,post,3,3.0,1276,0.000555771243265,0.0007915144737,0.00452491620624,0.995475083794,1.00137207007,4.63599024735e-06,2.29497881743e-05,0,0.00537729313501,262,0.901859712521,0.90183867534,2.33269883017e-05
512,1.1681500591356826,1800,3,pre,-1,1.5,632,0.00106875328721,0.00135793056734,0.00547840016864,0.994521599831,1.00168310097,0,0,0,0.00539056485735,260,0.901859729779,0.901838846609,2.31562107279e-05
512,1.1681500591356826,1800,3,pre,-1,3.0,1270,0.00132892803962,0.00164983799174,0.00613236702966,0.99386763297,1.00215792227,0,0,0,0.00539056485735,260,0.901859729779,0.901838846609,2.31562107279e-05
512,1.1681500591356826,1800,3,post,3,1.5,632,0.000294638631312,0.000440963032876,0.00257272364663,0.997427276353,1.0005124441,2.54121253462e-06,1.84357718964e-05,0,0.00557152525788,260,0.901860444089,0.901838846609,2.394826984e-05
512,1.1681500591356826,1800,3,post,3,3.0,1270,0.000567510606135,0.000827399273526,0.00467520840243,0.995324791598,1.00134127435,4.69644300716e-06,2.37257757935e-05,0,0.00557152525788,260,0.901860444089,0.901838846609,2.394826984e-05
512,1.1942540839431544,1840,3,pre,-1,1.5,639,0.00105819727784,0.00135367290579,0.00545680074581,0.994543199254,1.00174762139,0,0,0,0.00541230601156,260,0.901859807843,0.90183887908,2.32067643036e-05
512,1.1942540839431544,1840,3,pre,-1,3.0,1276,0.00132078586374,0.00165314846835,0.00631449482199,0.993685505178,1.00215420487,0,0,0,0.00541230601156,260,0.901859807843,0.90183887908,2.32067643036e-05
512,1.1942540839431544,1840,3,post,3,1.5,639,0.000287302623908,0.000431311966495,0.00241028705884,0.997589712941,1.00054726186,2.49293854627e-06,1.60831037905e-05,0,0.00557480712399,260,0.901860448119,0.90183887908,2.39167316043e-05
512,1.1942540839431544,1840,3,post,3,3.0,1276,0.000559263207936,0.000819306117617,0.00478416842953,0.99521583157,1.00134138773,4.65102980841e-06,2.53656250687e-05,0,0.00557480712399,260,0.901860448119,0.90183887908,2.39167316043e-05
512,1.2203581087506261,1880,3,pre,-1,1.5,640,0.00105440729048,0.00135758049427,0.00541902890274,0.994580971097,1.00166567859,0,0,0,0.00543440135811,262,0.901860102755,0.901838956814,2.34475793405e-05
512,1.2203581087506261,1880,3,pre,-1,3.0,1271,0.00131148520043,0.001660222848,0.0063181637938,0.993681836206,1.00216784117,0,0,0,0.00543440135811,262,0.901860102755,0.901838956814,2.34475793405e-05
512,1.2203581087506261,1880,3,post,3,1.5,640,0.000284583713044,0.000427819815797,0.00233008463128,0.997669915369,1.00051051602,2.51100796879e-06,1.5796028193e-05,0,0.00560945994085,262,0.901860797523,0.901838956814,2.42179701491e-05
512,1.2203581087506261,1880,3,post,3,3.0,1271,0.000550940078828,0.000815001767364,0.00476515213543,0.995234847865,1.00134720771,4.61130559927e-06,2.37865309202e-05,0,0.00560945994085,262,0.901860797523,0.901838956814,2.42179701491e-05
512,1.2464621335580979,1920,3,pre,-1,1.5,645,0.00106128782983,0.0013810524877,0.00561580043798,0.994384199562,1.0017396311,0,0,0,0.00529668199452,263,0.901859647045,0.901839002506,2.28916011775e-05
512,1.2464621335580979,1920,3,pre,-1,3.0,1280,0.0013147982672,0.00167710448378,0.00593854969801,0.994061450302,1.00216268719,0,0,0,0.00529668199452,263,0.901859647045,0.901839002506,2.28916011775e-05
512,1.2464621335580979,1920,3,post,3,1.5,645,0.000284754189285,0.000435498550298,0.00233116757152,0.997668832428,1.0005362957,2.52471233976e-06,1.7822557806e-05,0,0.0054705122062,263,0.901860339166,0.901839002506,2.36590563871e-05
512,1.2464621335580979,1920,3,post,3,3.0,1280,0.000551418034469,0.000821095453376,0.00427497168905,0.995725028311,1.00134348643,4.62818615602e-06,2.46671490537e-05,0,0.0054705122062,263,0.901860339166,0.901839002506,2.36590563871e-05
512,1.2725661583655696,1960,3,pre,-1,1.5,642,0.00106478642219,0.00139400363313,0.00546462062856,0.994535379371,1.00163426545,0,0,0,0.00524903145753,265,0.901859686069,0.901839103839,2.28225083926e-05
512,1.2725661583655696,1960,3,pre,-1,3.0,1283,0.00132414870801,0.00171067503557,0.0064086926288,0.993591307371,1.00208515738,0,0,0,0.00524903145753,265,0.901859686069,0.901839103839,2.28225083926e-05
512,1.2725661583655696,1960,3,post,3,1.5,642,0.000285813469866,0.000441243514647,0.00216368849687,0.997836311503,1.00053695618,2.50244417752e-06,1.43721185977e-05,0,0.00541833875677,265,0.901860365128,0.901839103839,2.35754789154e-05
512,1.2725661583655696,1960,3,post,3,3.0,1283,0.000556532421022,0.000845153494878,0.00458077422185,0.995419225778,1.00126435251,4.65866227615e-06,3.0464113336e-05,0,0.00541833875677,265,0.901860365128,0.901839103839,2.35754789154e-05
512,1.2986701831730414,2000,3,pre,-1,1.5,645,0.00107422530672,0.00143768587497,0.00651452573119,0.993485474269,1.00171969931,0,0,0,0.00520215528949,263,0.901859375042,0.901839163177,2.24118292669e-05
512,1.2986701831730414,2000,3,pre,-1,3.0,1295,0.00134938499639,0.00177691601513,0.00743384760114,0.992566152399,1.00216381477,0,0,0,0.00520215528949,263,0.901859375042,0.901839163177,2.24118292669e-05
512,1.2986701831730414,2000,3,post,3,1.5,645,0.000286554239214,0.000459014689804,0.00274951622052,0.997250483779,1.00051101285,2.47270388194e-06,1.61730272487e-05,0,0.00536291254954,263,0.901860014543,0.901839163177,2.31209364439e-05
512,1.2986701831730414,2000,3,post,3,3.0,1295,0.000574216093263,0.000897842753986,0.00550019201105,0.994499807989,1.00134591989,4.74473515955e-06,2.91549882752e-05,0,0.00536291254954,263,0.901860014543,0.901839163177,2.31209364439e-05
512,1.3247742079805132,2040,3,pre,-1,1.5,648,0.00109359473547,0.0015005385668,0.00721969970603,0.992780300294,1.0016346294,0,0,0,0.00532029368565,265,0.901860115423,0.901839289144,2.30931155354e-05
512,1.3247742079805132,2040,3,pre,-1,3.0,1291,0.00134924557745,0.00180137280591,0.0080732909723,0.991926709028,1.00214573927,0,0,0,0.00532029368565,265,0.901860115423,0.901839289144,2.30931155354e-05
512,1.3247742079805132,2040,3,post,3,1.5,648,0.000302629883221,0.000515043393829,0.00381998487202,0.996180015128,1.00054950186,2.56576893938e-06,1.93955419352e-05,0,0.00547393157778,265,0.901860730929,0.901839289144,2.37756169762e-05
512,1.3247742079805132,2040,3,post,3,3.0,1291,0.000572723367666,0.000911635621659,0.00621966659914,0.993780333401,1.00129638817,4.72078315907e-06,2.95351678753e-05,0,0.00547393157778,265,0.901860730929,0.901839289144,2.37756169762e-05
512,1.3508782327879849,2080,3,pre,-1,1.5,650,0.00110078213255,0.00155469063146,0.00775812529373,0.992241874706,1.00169847667,0,0,0,0.00529987662884,267,0.901860191389,0.901839301409,2.31637501464e-05
512,1.3508782327879849,2080,3,pre,-1,3.0,1303,0.00136313786301,0.00185752469175,0.00839705193216,0.991602948068,1.00216516524,0,0,0,0.00529987662884,267,0.901860191389,0.901839301409,2.31637501464e-05
512,1.3508782327879849,2080,3,post,3,1.5,650,0.00030303650721,0.000542017458365,0.00396856799516,0.996031432005,1.00053178781,2.57354681116e-06,2.28846087811e-05,0,0.0054553778667,267,0.901860819295,0.901839301409,2.38600011412e-05
512,1.3508782327879849,2080,3,post,3,3.0,1303,0.00058154998525,0.00095118869931,0.00650436782228,0.993495632178,1.00135827811,4.80106801066e-06,3.096281473e-05,0,0.0054553778667,267,0.901860819295,0.901839301409,2.38600011412e-05
512,1.3769822575954567,2120,3,pre,-1,1.5,651,0.00109643493841,0.0015333801957,0.0075620912138,0.992437908786,1.00167234133,0,0,0,0.00530054772019,268,0.901860394502,0.901839434233,2.32416854252e-05
512,1.3769822575954567,2120,3,pre,-1,3.0,1301,0.00136714193469,0.00187350183918,0.00864080789187,0.991359192108,1.00218012343,0,0,0,0.00530054772019,268,0.901860394502,0.901839434233,2.32416854252e-05
512,1.3769822575954567,2120,3,post,3,1.5,651,0.000299221783934,0.000509751298509,0.00342767557414,0.996572324426,1.00051933464,2.56190721889e-06,2.09133032231e-05,0,0.00544819356311,268,0.901860992298,0.901839434233,2.39045483929e-05
512,1.3769822575954567,2120,3,post,3,3.0,1301,0.000581785669487,0.000959035833713,0.0066852931356,0.993314706864,1.00133061358,4.7894044129e-06,3.22927953542e-05,0,0.00544819356311,268,0.901860992298,0.901839434233,2.39045483929e-05
512,1.4030862824029284,2160,3,pre,-1,1.5,654,0.00111109612892,0.00158963012756,0.00781769097528,0.992182309025,1.001717723,0,0,0,0.00530892983336,268,0.901860520023,0.901839530722,2.32738749062e-05
512,1.4030862824029284,2160,3,pre,-1,3.0,1312,0.00138666793019,0.00192836474375,0.00891668168606,0.991083318314,1.0022447994,0,0,0,0.00530892983336,268,0.901860520023,0.901839530722,2.32738749062e-05
512,1.4030862824029284,2160,3,post,3,1.5,654,0.000308739034191,0.000551597181315,0.0039611062344,0.996038893766,1.00052854753,2.58324553028e-06,2.19374070154e-05,0,0.00546895284501,268,0.901861167421,0.901839530722,2.39917393477e-05
512,1.4030862824029284,2160,3,post,3,3.0,1312,0.000596891940646,0.00100022605337,0.00692471188285,0.993075288117,1.00135410997,4.85922201885e-06,3.23809582449e-05,0,0.00546895284501,268,0.901861167421,0.901839530722,2.39917393477e-05
512,1.4291903072104002,2200,3,pre,-1,1.5,658,0.00111810512461,0.00159495314891,0.00783734247085,0.992162657529,1.00160991704,0,0,0,0.00535149378416,268,0.901860765341,0.901839607218,2.34610717661e-05
512,1.4291903072104002,2200,3,pre,-1,3.0,1307,0.00138890929045,0.00194283661602,0.00917470422993,0.99082529577,1.00227918536,0,0,0,0.00535149378416,268,0.901860765341,0.901839607218,2.34610717661e-05
512,1.4291903072104002,2200,3,post,3,1.5,658,0.000313060693407,0.000539619099219,0.00342938605109,0.996570613949,1.00053781311,2.65760853075e-06,2.18782758812e-05,0,0.00551974194168,268,0.901861446109,0.901839607218,2.42159373882e-05
512,1.4291903072104002,2200,3,post,3,3.0,1307,0.000597757119251,0.00100542078647,0.00712075444624,0.992879245554,1.00133180803,4.86456252592e-06,3.3314202761e-05,0,0.00551974194168,268,0.901861446109,0.901839607218,2.42159373882e-05
512,1.4552943320178719,2240,3,pre,-1,1.5,657,0.00112731495738,0.00164305531475,0.00819783941712,0.991802160583,1.00171216657,0,0,0,0.00526309828006,270,0.901860664361,0.901839706651,2.32388422195e-05
512,1.4552943320178719,2240,3,pre,-1,3.0,1317,0.00139857873645,0.00198449241289,0.00963249798774,0.990367502012,1.00231095638,0,0,0,0.00526309828006,270,0.901860664361,0.901839706651,2.32388422195e-05
512,1.4552943320178719,2240,3,post,3,1.5,657,0.000312240413102,0.000565558649816,0.00403014742802,0.995969852572,1.00054993489,2.63047521927e-06,2.40779462897e-05,0,0.00541577086483,270,0.901861286591,0.901839706651,2.39287982199e-05
512,1.4552943320178719,2240,3,post,3,3.0,1317,0.000602395179071,0.00103139354887,0.00750019586069,0.992499804139,1.00135144462,4.91007531913e-06,3.52821739309e-05,0,0.00541577086483,270,0.901861286591,0.901839706651,2.39287982199e-05
512,1.4813983568253437,2280,3,pre,-1,1.5,656,0.00112368447741,0.00164411479039,0.00819842767735,0.991801572323,1.00167313377,0,0,0,0.00529972799111,272,0.901861034503,0.901839765932,2.3583536566e-05
512,1.4813983568253437,2280,3,pre,-1,3.0,1316,0.00141158903627,0.00201617354926,0.00979418034942,0.990205819651,1.00234224508,0,0,0,0.00529972799111,272,0.901861034503,0.901839765932,2.3583536566e-05
512,1.4813983568253437,2280,3,post,3,1.5,656,0.000314136062214,0.000562499301841,0.00380265485661,0.996197345143,1.00050887209,2.62516743136e-06,2.27834612943e-05,0,0.00546865995784,272,0.901861728743,0.901839765932,2.43533409866e-05
512,1.4813983568253437,2280,3,post,3,3.0,1316,0.000611632049068,0.00105347861578,0.00759387739132,0.992406122609,1.00138572019,4.94403412984e-06,3.50720787081e-05,0,0.00546865995784,272,0.901861728743,0.901839765932,2.43533409866e-05
512,1.5075023816328155,2320,3,pre,-1,1.5,661,0.00113827055565,0.00166650378474,0.0085925429453,0.991407457055,1.00169976521,0,0,0,0.00528770702305,268,0.901860619517,0.901839720275,2.31740086778e-05
512,1.5075023816328155,2320,3,pre,-1,3.0,1324,0.00141328968942,0.00203949010981,0.0102243761347,0.989775623865,1.002358519,0,0,0,0.00528770702305,268,0.901860619517,0.901839720275,2.31740086778e-05
512,1.5075023816328155,2320,3,post,3,1.5,661,0.000315711619857,0.000569706409516,0.00412038801523,0.995879611985,1.00054484995,2.65145397322e-06,2.29417169722e-05,0,0.00543832553375,268,0.901861228069,0.901839720275,2.3848798463e-05
512,1.5075023816328155,2320,3,post,3,3.0,1324,0.000609487255949,0.00106117883899,0.00797561328993,0.99202438671,1.00140704803,4.94722467468e-06,3.79553675324e-05,0,0.00543832553375,268,0.901861228069,0.901839720275,2.3848798463e-05
512,1.5336064064402872,2360,3,pre,-1,1.5,663,0.00114938152459,0.00170547662131,0.00892663685541,0.991073363145,1.00168615468,0,0,0,0.00527029167975,271,0.901860797637,0.901839717794,2.33742677456e-05
512,1.5336064064402872,2360,3,pre,-1,3.0,1314,0.00141446903539,0.00205386443635,0.0102552984763,0.989744701524,1.00233273548,0,0,0,0.00527029167975,271,0.901860797637,0.901839717794,2.33742677456e-05
512,1.5336064064402872,2360,3,post,3,1.5,663,0.000321191335917,0.00060059966374,0.0048172134884,0.995182786512,1.00053767983,2.68134209074e-06,2.38949471247e-05,0,0.00542204060706,271,0.901861417838,0.901839717794,2.40619734607e-05
512,1.5336064064402872,2360,3,post,3,3.0,1314,0.000607190158677,0.00107292934636,0.00811609799735,0.991883902003,1.001365105,4.93498456382e-06,3.79274328603e-05,0,0.00542204060706,271,0.901861417838,0.901839717794,2.40619734607e-05
512,1.559710431247759,2400,3,pre,-1,1.5,670,0.00116698524582,0.00176793324892,0.0092275629822,0.990772437018,1.00169619842,0,0,0,0.00522133357868,271,0.901860909102,0.901840023686,2.31586704804e-05
512,1.559710431247759,2400,3,pre,-1,3.0,1328,0.0014326589595,0.00208695605385,0.0106762046984,0.989323795302,1.00235729513,0,0,0,0.00522133357868,271,0.901860909102,0.901840023686,2.31586704804e-05
512,1.559710431247759,2400,3,post,3,1.5,670,0.000330488956129,0.000642980072588,0.00514112958386,0.994858870416,1.00054806685,2.70642409119e-06,2.72413401539e-05,0,0.00536875704439,271,0.901861511612,0.901840023686,2.38267598842e-05
512,1.559710431247759,2400,3,post,3,3.0,1328,0.000619465993251,0.00108842492881,0.00846069487772,0.991539305122,1.00137030356,5.013955994e-06,3.75032308196e-05,0,0.00536875704439,271,0.901861511612,0.901840023686,2.38267598842e-05
512,1.5858144560552307,2440,3,pre,-1,1.5,658,0.00115937066625,0.00173691878293,0.00969374162457,0.990306258375,1.0016952867,0,0,0,0.0051428977463,271,0.901860738499,0.901840160685,2.28175848741e-05
512,1.5858144560552307,2440,3,pre,-1,3.0,1322,0.00142758333925,0.0020902014478,0.0106534296307,0.989346570369,1.00237885542,0,0,0,0.0051428977463,271,0.901860738499,0.901840160685,2.28175848741e-05
512,1.5858144560552307,2440,3,post,3,1.5,658,0.000318036349982,0.000590526032733,0.00446196123854,0.995538038761,1.00056375615,2.63988316069e-06,2.44221872023e-05,0,0.00530950867199,271,0.901861419851,0.901840160685,2.35730978628e-05
512,1.5858144560552307,2440,3,post,3,3.0,1322,0.00061386437627,0.00108725946007,0.0084208273407,0.991579172659,1.00138710053,4.9916199862e-06,3.89567111212e-05,0,0.00530950867199,271,0.901861419851,0.901840160685,2.35730978628e-05
512,1.6119184808627025,2480,3,pre,-1,1.5,659,0.00115148237767,0.00170723142369,0.00836367600495,0.991636323995,1.00169865548,0,0,0,0.00516482606992,275,0.901861239073,0.901840245071,2.32790699894e-05
512,1.6119184808627025,2480,3,pre,-1,3.0,1336,0.00143964490859,0.00209359816149,0.00988127260672,0.990118727393,1.0024015127,0,0,0,0.00516482606992,275,0.901861239073,0.901840245071,2.32790699894e-05
512,1.6119184808627025,2480,3,post,3,1.5,659,0.000321203013072,0.000574704262824,0.00391498095417,0.996085019046,1.00056886011,2.6470080638e-06,2.02005953854e-05,0,0.00533879212051,275,0.901861962226,0.901840245071,2.40809335276e-05
512,1.6119184808627025,2480,3,post,3,3.0,1336,0.00062365031132,0.00107916677582,0.00738168172401,0.992618318276,1.00141099353,5.0600582479e-06,4.28718273038e-05,0,0.00533879212051,275,0.901861962226,0.901840245071,2.40809335276e-05
512,1.6380225056701743,2520,3,pre,-1,1.5,660,0.00114627378663,0.00172789419231,0.00864263650702,0.991357363493,1.00166570084,0,0,0,0.00523730056136,271,0.90186132394,0.901840323691,2.32859946461e-05
512,1.6380225056701743,2520,3,pre,-1,3.0,1333,0.00142496255499,0.00209252003871,0.0100802024451,0.989919797555,1.00249479663,0,0,0,0.00523730056136,271,0.90186132394,0.901840323691,2.32859946461e-05
512,1.6380225056701743,2520,3,post,3,1.5,660,0.000316046562891,0.000585217493149,0.00365447826507,0.996345521735,1.0005211987,2.62497827316e-06,2.21577705666e-05,0,0.00540926264078,271,0.901862027528,0.901840323691,2.40661632515e-05
512,1.6380225056701743,2520,3,post,3,3.0,1333,0.000611981061454,0.00106915078579,0.00759298230791,0.992407017692,1.00146776492,4.96695278641e-06,3.81682249551e-05,0,0.00540926264078,271,0.901862027528,0.901840323691,2.40661632515e-05
512,1.664126530477646,2560,3,pre,-1,1.5,664,0.00117152588453,0.00177245072597,0.00926545335253,0.990734546647,1.0016544019,0,0,0,0.00523932847314,274,0.901861587706,0.901840323379,2.35788158959e-05
512,1.664126530477646,2560,3,pre,-1,3.0,1325,0.00143467682323,0.0021361731374,0.0109777622014,0.989022237799,1.0024397709,0,0,0,0.00523932847314,274,0.901861587706,0.901840323379,2.35788158959e-05
512,1.664126530477646,2560,3,post,3,1.5,664,0.000329181548025,0.000609451808978,0.00390079791966,0.99609920208,1.00052448139,2.74976938154e-06,2.39636844367e-05,0,0.0054126175393,274,0.901862305713,0.901840323379,2.43749732467e-05
512,1.664126530477646,2560,3,post,3,3.0,1325,0.000616698137068,0.00110426260059,0.0085113312486,0.991488668751,1.00139758103,4.99290631655e-06,4.04165722638e-05,0,0.0054126175393,274,0.901862305713,0.901840323379,2.43749732467e-05
512,1.6902305552851178,2600,3,pre,-1,1.5,669,0.0011778355489,0.00182033115226,0.00947196625731,0.990528033743,1.0016926616,0,0,0,0.00520081553694,275,0.901861650468,0.901840440869,2.35181281284e-05
512,1.6902305552851178,2600,3,pre,-1,3.0,1341,0.00146545327309,0.00220143772086,0.0114419346814,0.988558065319,1.00245692859,0,0,0,0.00520081553694,275,0.901861650468,0.901840440869,2.35181281284e-05
512,1.6902305552851178,2600,3,post,3,1.5,669,0.000332727428516,0.000653375447126,0.00546476888772,0.994535231112,1.00053952627,2.72065823586e-06,2.50912841221e-05,0,0.00534797747395,275,0.901862260639,0.901840440869,2.41947125524e-05
512,1.6902305552851178,2600,3,post,3,3.0,1341,0.000637913240992,0.00116396970371,0.00902068931922,0.990979310681,1.00140046482,5.11750668231e-06,4.10413134617e-05,0,0.00534797747395,275,0.901862260639,0.901840440869,2.41947125524e-05
512,1.7163345800925895,2640,3,pre,-1,1.5,667,0.00119086232316,0.00184588330734,0.00997202660174,0.990027973398,1.0017502435,0,0,0,0.00507043938677,276,0.901861279522,0.901840524639,2.30139165295e-05
512,1.7163345800925895,2640,3,pre,-1,3.0,1333,0.00145986937473,0.00219841102069,0.0116110422709,0.988388957729,1.00245368508,0,0,0,0.00507043938677,276,0.901861279522,0.901840524639,2.30139165295e-05
512,1.7163345800925895,2640,3,post,3,1.5,667,0.000335565936184,0.000658294290915,0.00526367054814,0.994736329452,1.0005845007,2.72929950947e-06,2.82972660947e-05,0,0.00523007438725,276,0.90186194546,0.901840524639,2.37523380617e-05
512,1.7163345800925895,2640,3,post,3,3.0,1333,0.000630574924598,0.00114703321961,0.00910680705354,0.990893192946,1.00145539634,5.08618389092e-06,4.47611546807e-05,0,0.00523007438725,276,0.90186194546,0.901840524639,2.37523380617e-05
512,1.7424386049000613,2680,3,pre,-1,1.5,668,0.00116889383233,0.00177773233934,0.0090737345081,0.990926265492,1.00163615139,0,0,0,0.00517492845383,273,0.901861527106,0.901840535101,2.32768478135e-05
512,1.7424386049000613,2680,3,pre,-1,3.0,1336,0.00144355748928,0.00214150361527,0.0104419874203,0.98955801258,1.00253814375,0,0,0,0.00517492845383,273,0.901861527106,0.901840535101,2.32768478135e-05
512,1.7424386049000613,2680,3,post,3,1.5,668,0.000326602617049,0.000602470375667,0.00448889653955,0.99551110346,1.00053225821,2.70701297631e-06,2.16044070458e-05,0,0.00534916616399,273,0.901862246534,0.901840535101,2.40745810119e-05
512,1.7424386049000613,2680,3,post,3,3.0,1336,0.000619913761767,0.0010900530185,0.00763019512933,0.992369804871,1.00146972087,5.03649399478e-06,3.83694009291e-05,0,0.00534916616399,273,0.901862246534,0.901840535101,2.40745810119e-05
512,1.7685426297075331,2720,3,pre,-1,1.5,670,0.00119510312572,0.00184460601771,0.00980439029256,0.990195609707,1.0016737861,0,0,0,0.00517177336941,275,0.901861797637,0.901840638153,2.34625530479e-05
512,1.7685426297075331,2720,3,pre,-1,3.0,1336,0.00145718137961,0.0021999789421,0.0121597414212,0.987840258579,1.00241669762,0,0,0,0.00517177336941,275,0.901861797637,0.901840638153,2.34625530479e-05
512,1.7685426297075331,2720,3,post,3,1.5,670,0.000340436732924,0.000647943227864,0.00479984192704,0.995200158073,1.00053086714,2.79019233963e-06,2.38868302083e-05,0,0.00533509974702,275,0.901862475964,0.901840638153,2.42147114101e-05
512,1.7685426297075331,2720,3,post,3,3.0,1336,0.000630689930174,0.00114383837032,0.00971157491419,0.990288425086,1.00140308495,5.06987215755e-06,4.03883588424e-05,0,0.00533509974702,275,0.901862475964,0.901840638153,2.42147114101e-05
512,1.7946466545150048,2760,3,pre,-1,1.5,666,0.00120784434513,0.00191162018362,0.0101875909966,0.989812409003,1.0017097339,0,0,0,0.00515638834743,275,0.901861727091,0.901840612381,2.34129067413e-05
512,1.7946466545150048,2760,3,pre,-1,3.0,1332,0.00147332577241,0.00224925254599,0.0119644469988,0.988035553001,1.00247467963,0,0,0,0.00515638834743,275,0.901861727091,0.901840612381,2.34129067413e-05
512,1.7946466545150048,2760,3,post,3,1.5,666,0.000347099322826,0.000706507270853,0.00570011482685,0.994299885173,1.00055964427,2.7604096714e-06,2.77441860165e-05,0,0.00529998084384,275,0.901862325016,0.901840612381,2.40759113217e-05
512,1.7946466545150048,2760,3,post,3,3.0,1332,0.000636148797715,0.00118053589689,0.00957948943522,0.990420510565,1.00145113381,5.11264371646e-06,4.38173183636e-05,0,0.00529998084384,275,0.901862325016,0.901840612381,2.40759113217e-05
512,1.8207506793224766,2800,3,pre,-1,1.5,672,0.00117645071893,0.00180218137879,0.00932635131646,0.990673648684,1.00178603626,0,0,0,0.00512508782805,272,0.9018614861,0.901840690915,2.30586015889e-05
512,1.8207506793224766,2800,3,pre,-1,3.0,1351,0.00145976486234,0.00219078184115,0.0107840135184,0.989215986482,1.00250971464,0,0,0,0.00512508782805,272,0.9018614861,0.901840690915,2.30586015889e-05
512,1.8207506793224766,2800,3,post,3,1.5,672,0.000325551032507,0.000614050389091,0.00453898690024,0.9954610131,1.00058469444,2.69934791053e-06,2.11769324639e-05,0,0.00528499807636,272,0.901862142776,0.901840690915,2.3786752048e-05
512,1.8207506793224766,2800,3,post,3,3.0,1351,0.000629126802108,0.00112441405831,0.00787769160744,0.992122308393,1.00147004946,5.10690545228e-06,4.78862314222e-05,0,0.00528499807636,272,0.901862142776,0.901840690915,2.3786752048e-05
512,1.8468547041299483,2840,3,pre,-1,1.5,668,0.00118602609253,0.00183789662589,0.0100017436142,0.989998256386,1.0016708811,0,0,0,0.00518449361289,272,0.901861826378,0.901840772374,2.33455896939e-05
512,1.8468547041299483,2840,3,pre,-1,3.0,1338,0.00146574973615,0.00223111787599,0.0120472679166,0.987952732083,1.00260312105,0,0,0,0.00518449361289,272,0.901861826378,0.901840772374,2.33455896939e-05
512,1.8468547041299483,2840,3,post,3,1.5,668,0.000333561126691,0.000629247201359,0.00449111655716,0.995508883443,1.00053036617,2.75421252497e-06,2.65699452177e-05,0,0.00535278719403,272,0.901862519545,0.901840772374,2.41142028092e-05
512,1.8468547041299483,2840,3,post,3,3.0,1338,0.000634911877894,0.00115674017704,0.0094307862424,0.990569213758,1.00152541366,5.10101871449e-06,4.47321616993e-05,0,0.00535278719403,272,0.901862519545,0.901840772374,2.41142028092e-05
512,1.8729587289374201,2880,3,pre,-1,1.5,669,0.00120777171936,0.00189136367355,0.0104182373771,0.989581762623,1.00174212961,0,0,0,0.00509575376158,275,0.901861816149,0.901840866,2.32304278764e-05
512,1.8729587289374201,2880,3,pre,-1,3.0,1340,0.00147347977097,0.00225624951544,0.0120322471515,0.987967752848,1.00248110481,0,0,0,0.00509575376158,275,0.901861816149,0.901840866,2.32304278764e-05
512,1.8729587289374201,2880,3,post,3,1.5,669,0.000344858908149,0.000690147177146,0.00578306626946,0.994216933731,1.00056221286,2.79321292235e-06,2.80288613094e-05,0,0.00524690505084,275,0.901862445989,0.901840866,2.39288211638e-05
512,1.8729587289374201,2880,3,post,3,3.0,1340,0.000638999871348,0.0011845783398,0.00940986883586,0.990590131164,1.00144060636,5.12032300795e-06,4.27484425932e-05,0,0.00524690505084,275,0.901862445989,0.901840866,2.39288211638e-05
512,1.8990627537448919,2920,3,pre,-1,1.5,662,0.00119108712435,0.00184102495607,0.00944104690359,0.990558953096,1.00178028389,0,0,0,0.00513389993735,276,0.901862136296,0.901840906335,2.35406940769e-05
512,1.8990627537448919,2920,3,pre,-1,3.0,1344,0.00146798928057,0.00221919825117,0.011142374224,0.988857625776,1.0025463612,0,0,0,0.00513389993735,276,0.901862136296,0.901840906335,2.35406940769e-05
512,1.8990627537448919,2920,3,post,3,1.5,662,0.00033345990701,0.000631233155103,0.00489429385399,0.995105706146,1.0005769061,2.71884979634e-06,2.32813015969e-05,0,0.00530110116401,276,0.901862835153,0.901840906335,2.43156167458e-05
512,1.8990627537448919,2920,3,post,3,3.0,1344,0.000633630414879,0.00114005970108,0.00841565037257,0.991584349627,1.00148109081,5.11611723324e-06,4.73967898586e-05,0,0.00530110116401,276,0.901862835153,0.901840906335,2.43156167458e-05
512,1.9251667785523636,2960,3,pre,-1,1.5,671,0.00121884293546,0.00191824245977,0.0102596281315,0.989740371868,1.00169847421,0,0,0,0.00511973335402,276,0.901862174083,0.901840981355,2.349940679e-05
512,1.9251667785523636,2960,3,pre,-1,3.0,1336,0.00148062531701,0.00227093272409,0.0121513314651,0.987848668535,1.00262747182,0,0,0,0.00511973335402,276,0.901862174083,0.901840981355,2.349940679e-05
512,1.9251667785523636,2960,3,post,3,1.5,671,0.000352729256462,0.000700020275523,0.00585833301351,0.994141666986,1.00053893464,2.80766949705e-06,2.83153530187e-05,0,0.00526761237607,276,0.901862791851,0.901840981355,2.41844145587e-05
512,1.9251667785523636,2960,3,post,3,3.0,1336,0.000644506795057,0.00119739434164,0.00956385812137,0.990436141879,1.00152679433,5.14177777719e-06,4.43626261449e-05,0,0.00526761237607,276,0.901862791851,0.901840981355,2.41844145587e-05
512,1.9512708033598354,3000,3,pre,-1,1.5,667,0.00118961873461,0.00183138345296,0.00968291739256,0.990317082607,1.00177455118,0,0,0,0.00512062968763,274,0.901862008153,0.901840944984,2.33557470675e-05
512,1.9512708033598354,3000,3,pre,-1,3.0,1339,0.00146646180343,0.00222562819814,0.0119282683885,0.988071731611,1.00253586062,0,0,0,0.00512062968763,274,0.901862008153,0.901840944984,2.33557470675e-05
512,1.9512708033598354,3000,3,post,3,1.5,667,0.000334800114847,0.000624351128982,0.00427724423511,0.995722755765,1.00056751907,2.7584010094e-06,2.44518729218e-05,0,0.00529341550942,274,0.901862726196,0.901840944984,2.41519433218e-05
512,1.9512708033598354,3000,3,post,3,3.0,1339,0.000634557475651,0.00114943767057,0.00927332481668,0.990726675183,1.00147030473,5.10313790301e-06,4.38800627661e-05,0,0.00529341550942,274,0.901862726196,0.901840944984,2.41519433218e-05
512,1.9773748281673071,3040,3,pre,-1,1.5,671,0.00118928345036,0.00186991687153,0.00977730959866,0.990222690401,1.00179777192,0,0,0,0.00511961772319,276,0.901862220102,0.901840970688,2.35622630124e-05
512,1.9773748281673071,3040,3,pre,-1,3.0,1342,0.00148624745473,0.00228289158563,0.0122059919813,0.987794008019,1.00260031221,0,0,0,0.00511961772319,276,0.901862220102,0.901840970688,2.35622630124e-05
512,1.9773748281673071,3040,3,post,3,1.5,671,0.000333809650401,0.000651068706613,0.00535514708184,0.994644852918,1.00057131425,2.71448133645e-06,2.44941793964e-05,0,0.00526730876533,276,0.901862838928,0.901840970688,2.42484435428e-05
512,1.9773748281673071,3040,3,post,3,3.0,1342,0.000648073643186,0.00120837635612,0.00974816068172,0.990251839318,1.00150653694,5.16767401406e-06,4.23645319196e-05,0,0.00526730876533,276,0.901862838928,0.901840970688,2.42484435428e-05
512,2.0034788529747778,3080,3,pre,-1,1.5,669,0.00117236562462,0.00179553031637,0.00920249809007,0.99079750191,1.0017511869,0,0,0,0.0050684725583,272,0.901861818727,0.9018410543,2.30244862482e-05
512,2.0034788529747778,3080,3,pre,-1,3.0,1332,0.00144648556655,0.00218665818126,0.0108730712809,0.989126928719,1.00265833686,0,0,0,0.0050684725583,272,0.901861818727,0.9018410543,2.30244862482e-05
512,2.0034788529747778,3080,3,post,3,1.5,669,0.000322480284518,0.00060131560103,0.00483952730416,0.995160472696,1.00055027241,2.67482022389e-06,2.33566952988e-05,0,0.00523435323619,272,0.901862503597,0.9018410543,2.37839001019e-05
512,2.0034788529747778,3080,3,post,3,3.0,1332,0.000617345738868,0.0011109981963,0.0080929045043,0.991907095496,1.00154614045,5.00925326132e-06,4.82708254866e-05,0,0.00523435323619,272,0.901862503597,0.9018410543,2.37839001019e-05
512,2.0295828777822407,3120,3,pre,-1,1.5,669,0.00119781372782,0.00186831622009,0.00977215802579,0.990227841974,1.00177414143,0,0,0,0.00516394325082,273,0.901862355121,0.901841081278,2.35893488442e-05
512,2.0295828777822407,3120,3,pre,-1,3.0,1340,0.00149054277904,0.00229391707899,0.0119129157401,0.98808708426,1.00262044327,0,0,0,0.00516394325082,273,0.901862355121,0.901841081278,2.35893488442e-05
512,2.0295828777822407,3120,3,post,3,1.5,669,0.000337332811959,0.000644752101279,0.00537164846972,0.99462835153,1.0005721738,2.76418089098e-06,2.4312034566e-05,0,0.00531400900975,273,0.901862975449,0.901841081278,2.42771948519e-05
512,2.0295828777822407,3120,3,post,3,3.0,1340,0.000650063466375,0.00121732915497,0.00946203365717,0.990537966343,1.00152978357,5.19818867281e-06,4.94870144119e-05,0,0.00531400900975,273,0.901862975449,0.901841081278,2.42771948519e-05
512,2.0556869025897093,3160,3,pre,-1,1.5,668,0.00116971788582,0.00179768762071,0.00920280043952,0.99079719956,1.00173276709,0,0,0,0.00507126824593,272,0.901861945057,0.901841120251,2.30914357771e-05
512,2.0556869025897093,3160,3,pre,-1,3.0,1335,0.00144099388887,0.00216689242099,0.0108806665152,0.989119333485,1.00267472846,0,0,0,0.00507126824593,272,0.901861945057,0.901841120251,2.30914357771e-05
512,2.0556869025897093,3160,3,post,3,1.5,668,0.000320329434214,0.000602440741831,0.00474163236891,0.995258367631,1.0005421724,2.66663672022e-06,2.30736151155e-05,0,0.00523337316345,272,0.901862613831,0.901841120251,2.38330012023e-05
512,2.0556869025897093,3160,3,post,3,3.0,1335,0.000614737154773,0.00109910132187,0.00816815804881,0.991831841951,1.00156018193,4.99549681322e-06,4.09399466601e-05,0,0.00523337316345,272,0.901862613831,0.901841120251,2.38330012023e-05
512,2.0817909273971811,3200,3,pre,-1,1.5,668,0.00118454068256,0.00182760622649,0.00964014784591,0.990359852154,1.00180962902,0,0,0,0.00512409783216,272,0.901862236486,0.901841181896,2.33462283053e-05
512,2.0817909273971811,3200,3,pre,-1,3.0,1340,0.00148146009029,0.00228190124166,0.0117787323229,0.988221267677,1.00257959613,0,0,0,0.00512409783216,272,0.901862236486,0.901841181896,2.33462283053e-05
512,2.0817909273971811,3200,3,post,3,1.5,668,0.000330709814677,0.000622133602579,0.00529817242861,0.994701827571,1.00056095265,2.72060880353e-06,2.42461538581e-05,0,0.00527745089565,272,0.901862871474,0.901841181896,2.40503306473e-05
512,2.0817909273971811,3200,3,post,3,3.0,1340,0.000645443839454,0.00120732991792,0.00918709242825,0.990812907572,1.00151166058,5.16433565157e-06,4.8976653172e-05,0,0.00527745089565,272,0.901862871474,0.901841181896,2.40503306473e-05
512,2.1078949522046528,3240,3,pre,-1,1.5,669,0.00117787250457,0.00180427659843,0.00913538751612,0.990864612484,1.00174671772,0,0,0,0.00508893376963,273,0.901862497478,0.901841447277,2.3341354527e-05
512,2.1078949522046528,3240,3,pre,-1,3.0,1338,0.00144583448429,0.00216367020575,0.010830203009,0.989169796991,1.00264473697,0,0,0,0.00508893376963,273,0.901862497478,0.901841447277,2.3341354527e-05
512,2.1078949522046528,3240,3,post,3,1.5,669,0.00032837741725,0.000604107086744,0.00472946934045,0.99527053066,1.00053884104,2.74450637515e-06,2.3018297043e-05,0,0.005258486714,273,0.901863201139,0.901841447277,2.41216039293e-05
512,2.1078949522046528,3240,3,post,3,3.0,1338,0.000620483312461,0.00109727120662,0.00815879906933,0.991841200931,1.00154932073,5.04399307528e-06,4.09311896606e-05,0,0.005258486714,273,0.901863201139,0.901841447277,2.41216039293e-05
512,2.1339989770121246,3280,3,pre,-1,1.5,669,0.0011979892608,0.0018640887073,0.00938462116967,0.99061537883,1.00181000405,0,0,0,0.00506112778947,272,0.901862164194,0.901841279801,2.31575033474e-05
512,2.1339989770121246,3280,3,pre,-1,3.0,1337,0.00146899208249,0.00223639895986,0.0114454483996,0.9885545516,1.00258175925,0,0,0,0.00506112778947,272,0.901862164194,0.901841279801,2.31575033474e-05
512,2.1339989770121246,3280,3,post,3,1.5,669,0.000343396091286,0.000675877815674,0.00539148165195,0.994608518348,1.0005518492,2.7709150363e-06,2.59776238961e-05,0,0.00521289436314,272,0.901862791279,0.901841279801,2.38528424247e-05
512,2.1339989770121246,3280,3,post,3,3.0,1337,0.000639180090936,0.00117639659897,0.00892296960072,0.991077030399,1.00148638092,5.10330646493e-06,4.19637059323e-05,0,0.00521289436314,272,0.901862791279,0.901841279801,2.38528424247e-05
512,2.1601030018195964,3320,3,pre,-1,1.5,668,0.00118005819411,0.00180295047799,0.00905159518879,0.990948404811,1.00177262442,0,0,0,0.00508285529889,272,0.901862317925,0.9018413213,2.3281950464e-05
512,2.1601030018195964,3320,3,pre,-1,3.0,1323,0.00143806198138,0.00215547392928,0.0107989443132,0.989201055687,1.0026343825,0,0,0,0.00508285529889,272,0.901862317925,0.9018413213,2.3281950464e-05
512,2.1601030018195964,3320,3,post,3,1.5,668,0.00032992214807,0.000608591674163,0.00470416121468,0.995295838785,1.00053456328,2.73855955475e-06,2.25080656351e-05,0,0.00525602189583,272,0.901863033357,0.9018413213,2.40752522956e-05
512,2.1601030018195964,3320,3,post,3,3.0,1323,0.000613854393846,0.00108792831607,0.0081427720695,0.991857227931,1.00152072041,4.99249048092e-06,3.97788731371e-05,0,0.00525602189583,272,0.901863033357,0.9018413213,2.40752522956e-05
512,2.1862070266270681,3360,3,pre,-1,1.5,665,0.00119657147287,0.00185802816679,0.00961702176372,0.990382978236,1.00181850638,0,0,0,0.00505300592069,273,0.901862366229,0.901841407169,2.32402947357e-05
512,2.1862070266270681,3360,3,pre,-1,3.0,1337,0.00146710000743,0.00222267288173,0.0109618803651,0.989038119635,1.00261737489,0,0,0,0.00505300592069,273,0.901862366229,0.901841407169,2.32402947357e-05
512,2.1862070266270681,3360,3,post,3,1.5,665,0.000341775394613,0.000651975741012,0.00495366946644,0.995046330534,1.00053822194,2.7586923371e-06,2.69694948583e-05,0,0.00521285483406,273,0.901863029284,0.901841407169,2.39755181091e-05
512,2.1862070266270681,3360,3,post,3,3.0,1337,0.000640627818743,0.00116259408487,0.00870829086736,0.991291709133,1.00149221576,5.12852292998e-06,4.32201183895e-05,0,0.00521285483406,273,0.901863029284,0.901841407169,2.39755181091e-05
512,2.2123110514345399,3400,3,pre,-1,1.5,670,0.00116700529677,0.00177343862358,0.00924548602524,0.990754513975,1.00177075129,0,0,0,0.00509215755559,271,0.901862470805,0.901841494983,2.32588784802e-05
512,2.2123110514345399,3400,3,pre,-1,3.0,1329,0.00144392577639,0.00216619134464,0.0112670945012,0.988732905499,1.00264470863,0,0,0,0.00509215755559,271,0.901862470805,0.901841494983,2.32588784802e-05
512,2.2123110514345399,3400,3,post,3,1.5,670,0.000326392724216,0.000598048015574,0.00436396360119,0.995636036399,1.00054591819,2.72021925489e-06,2.47561691935e-05,0,0.00525865073255,271,0.90186315769,0.901841494983,2.40205264325e-05
512,2.2123110514345399,3400,3,post,3,3.0,1329,0.000621821313343,0.00110817110385,0.00877109829794,0.991228901702,1.0015273834,5.03125645739e-06,4.17237540239e-05,0,0.00525865073255,271,0.90186315769,0.901841494983,2.40205264325e-05
512,2.2384150762420116,3440,3,pre,-1,1.5,665,0.00117212046848,0.00177672088967,0.00877872279608,0.991221277204,1.00176146452,0,0,0,0.00500026775135,273,0.901862317174,0.901841555871,2.30210096262e-05
512,2.2384150762420116,3440,3,pre,-1,3.0,1326,0.00144718586172,0.00217206979121,0.0104511728556,0.989548827144,1.002594485,0,0,0,0.00500026775135,273,0.901862317174,0.901841555871,2.30210096262e-05
512,2.2384150762420116,3440,3,post,3,1.5,665,0.000324003543531,0.000588881389158,0.00432730511194,0.995672694888,1.00053207209,2.68156033116e-06,2.33827354234e-05,0,0.00517201588555,273,0.901863032425,0.901841555871,2.38141096426e-05
512,2.2384150762420116,3440,3,post,3,3.0,1326,0.000622043304908,0.0011126044849,0.00767293806025,0.99232706194,1.00155705479,5.03583764699e-06,4.58825252726e-05,0,0.00517201588555,273,0.901863032425,0.901841555871,2.38141096426e-05
512,2.2645191010494834,3480,3,pre,-1,1.5,663,0.00116015003917,0.00176831947818,0.00920717241536,0.990792827585,1.00181990945,0,0,0,0.00515033710745,270,0.901862750201,0.90184155947,2.34971774032e-05
512,2.2645191010494834,3480,3,pre,-1,3.0,1329,0.00145158982414,0.00217753096339,0.0107287413883,0.989271258612,1.00260878859,0,0,0,0.00515033710745,270,0.901862750201,0.90184155947,2.34971774032e-05
512,2.2645191010494834,3480,3,post,3,1.5,663,0.000324459346317,0.000587990535468,0.00482990554721,0.995170094453,1.00053644162,2.69321418534e-06,2.38330157413e-05,0,0.00532233416737,270,0.90186345833,0.90184155947,2.42823811653e-05
512,2.2645191010494834,3480,3,post,3,3.0,1329,0.000630454512755,0.0011286855873,0.00853775896371,0.991462241036,1.00154330672,5.08869361498e-06,4.42729361918e-05,0,0.00532233416737,270,0.90186345833,0.90184155947,2.42823811653e-05
512,2.2906231258569552,3520,3,pre,-1,1.5,660,0.00114493638852,0.00172064378746,0.0084746827049,0.991525317295,1.00173325421,0,0,0,0.00497049624659,273,0.90186228894,0.901841589911,2.29519565633e-05
512,2.2906231258569552,3520,3,pre,-1,3.0,1327,0.00142453329335,0.00210252014813,0.0101118265652,0.989888173435,1.00261318112,0,0,0,0.00497049624659,273,0.90186228894,0.901841589911,2.29519565633e-05
512,2.2906231258569552,3520,3,post,3,1.5,660,0.0003120000557,0.000565426510921,0.00436231872535,0.995637681275,1.00051879742,2.60463982309e-06,2.17498168563e-05,0,0.00513589530902,273,0.901862977196,0.901841589911,2.37151238525e-05
512,2.2906231258569552,3520,3,post,3,3.0,1327,0.000609025967141,0.00106532427123,0.00759213137355,0.992407868626,1.00154582194,4.96972436288e-06,4.22410619342e-05,0,0.00513589530902,273,0.901862977196,0.901841589911,2.37151238525e-05
512,2.3167271506644269,3560,3,pre,-1,1.5,660,0.00116218596781,0.00176387947492,0.00852357775364,0.991476422246,1.00170880229,0,0,0,0.00505082991174,274,0.901862699358,0.901841582356,2.34154226091e-05
512,2.3167271506644269,3560,3,pre,-1,3.0,1330,0.00145169668499,0.00216524277006,0.0105588878024,0.989441112198,1.00261938292,0,0,0,0.00505082991174,274,0.901862699358,0.901841582356,2.34154226091e-05
512,2.3167271506644269,3560,3,post,3,1.5,660,0.000329372079513,0.00060504294186,0.00447866339082,0.995521336609,1.00055278962,2.68957116456e-06,2.21400456987e-05,0,0.00521470311077,274,0.901863384081,0.901841582356,2.41746720969e-05
512,2.3167271506644269,3560,3,post,3,3.0,1330,0.000633910233592,0.00113185988835,0.00822219422049,0.99177780578,1.00154316984,5.08376468988e-06,4.08312794246e-05,0,0.00521470311077,274,0.901863384081,0.901841582356,2.41746720969e-05
512,2.3428311754718987,3600,3,pre,-1,1.5,667,0.00114165502088,0.00169530889853,0.00854154456717,0.991458455433,1.00175702262,0,0,0,0.0050227761523,272,0.901862491079,0.901841644596,2.31154584393e-05
512,2.3428311754718987,3600,3,pre,-1,3.0,1323,0.00141910233539,0.00209266322476,0.010559960637,0.989440039363,1.00265867577,0,0,0,0.0050227761523,272,0.901862491079,0.901841644596,2.31154584393e-05
512,2.3428311754718987,3600,3,post,3,1.5,667,0.000317192152577,0.000555466507245,0.00404074265173,0.995959257348,1.00054720307,2.68155514641e-06,2.25038612614e-05,0,0.00519841734283,272,0.901863220058,0.901841644596,2.39237816679e-05
512,2.3428311754718987,3600,3,post,3,3.0,1323,0.000610411794062,0.0010630977197,0.00814404323322,0.991855956767,1.00156239002,4.96255536789e-06,3.92639085309e-05,0,0.00519841734283,272,0.901863220058,0.901841644596,2.39237816679e-05
512,2.3689352002793704,3640,3,pre,-1,1.5,662,0.00116647180974,0.00177713930725,0.00858970855615,0.991410291444,1.0017292595,0,0,0,0.00500063534201,273,0.901862547519,0.901841716625,2.3098170443e-05
512,2.3689352002793704,3640,3,pre,-1,3.0,1327,0.00143010981332,0.00212587072404,0.0100527381414,0.989947261859,1.00254819269,0,0,0,0.00500063534201,273,0.901862547519,0.901841716625,2.3098170443e-05
512,2.3689352002793704,3640,3,post,3,1.5,662,0.000328714703876,0.000620490819269,0.00452599895291,0.995474001047,1.00051764338,2.67118033627e-06,2.56841127514e-05,0,0.0051543669095,273,0.901863187911,0.901841716625,2.38082638019e-05
512,2.3689352002793704,3640,3,post,3,3.0,1327,0.000620005982925,0.0011021473523,0.00791547818278,0.992084521817,1.00146502295,5.00038643544e-06,4.15742585799e-05,0,0.0051543669095,273,0.901863187911,0.901841716625,2.38082638019e-05
512,2.3950392250868422,3680,3,pre,-1,1.5,658,0.0011420327341,0.00171369241027,0.00844914022598,0.991550859774,1.00171517867,0,0,0,0.00506016342054,273,0.901862829168,0.901841750302,2.33731325707e-05
512,2.3950392250868422,3680,3,pre,-1,3.0,1317,0.00141194706361,0.00208290436932,0.00993189051626,0.990068109484,1.00256123494,0,0,0,0.00506016342054,273,0.901862829168,0.901841750302,2.33731325707e-05
512,2.3950392250868422,3680,3,post,3,1.5,658,0.000319134928554,0.000581095208883,0.00452364538243,0.995476354618,1.00051676179,2.6601824315e-06,2.4217140817e-05,0,0.00523829466025,273,0.901863571201,0.901841750302,2.41959291359e-05
512,2.3950392250868422,3680,3,post,3,3.0,1317,0.000607167213232,0.00106087899948,0.00756520132752,0.992434798672,1.00152520932,4.93847863137e-06,4.12639500672e-05,0,0.00523829466025,273,0.901863571201,0.901841750302,2.41959291359e-05
512,2.421143249894314,3720,3,pre,-1,1.5,664,0.00115501325276,0.00172321513404,0.0078406053544,0.992159394646,1.00178074521,0,0,0,0.00498136502825,273,0.90186252224,0.90184177162,2.30091585517e-05
512,2.421143249894314,3720,3,pre,-1,3.0,1326,0.0014113927804,0.00206287841833,0.00966414287004,0.99033585713,1.00256902973,0,0,0,0.00498136502825,273,0.90186252224,0.90184177162,2.30091585517e-05
512,2.421143249894314,3720,3,post,3,1.5,664,0.000329795351568,0.000597844964783,0.00418517930261,0.995814820697,1.00055958213,2.70216518605e-06,2.2707406597e-05,0,0.00513032464126,273,0.901863142754,0.90184177162,2.36972099859e-05
512,2.421143249894314,3720,3,post,3,3.0,1326,0.000608152822031,0.00105125488825,0.00716773434054,0.992832265659,1.00150907389,4.93478791747e-06,3.66387305479e-05,0,0.00513032464126,273,0.901863142754,0.90184177162,2.36972099859e-05
512,2.4472472747017857,3760,3,pre,-1,1.5,662,0.00111274281005,0.00163682132555,0.00785636923435,0.992143630766,1.00177488588,0,0,0,0.00508555767119,272,0.901862919484,0.901841812434,2.34043826646e-05
512,2.4472472747017857,3760,3,pre,-1,3.0,1320,0.0013920211589,0.00202305471989,0.00956278187118,0.990437218129,1.0025834622,0,0,0,0.00508555767119,272,0.901862919484,0.901841812434,2.34043826646e-05
512,2.4472472747017857,3760,3,post,3,1.5,662,0.000302424095154,0.000526803479516,0.00408072672505,0.995919273275,1.00054989801,2.56893856681e-06,1.99853589702e-05,0,0.00523285965261,273,0.901863610692,0.901841812434,2.41708229147e-05
512,2.4472472747017857,3760,3,post,3,3.0,1320,0.000592869601075,0.00101410611037,0.00721074495484,0.992789255045,1.00150724361,4.8590135299e-06,3.86672622987e-05,0,0.00523285965261,273,0.901863610692,0.901841812434,2.41708229147e-05
512,2.4733512995092575,3800,3,pre,-1,1.5,653,0.00113634257811,0.00168912176748,0.00838869471944,0.991611305281,1.00175386153,0,0,0,0.00493868809886,274,0.901862504695,0.901841856493,2.2895590215e-05
512,2.4733512995092575,3800,3,pre,-1,3.0,1316,0.00140145948497,0.00204947204915,0.00928837893912,0.990711621061,1.00256477702,0,0,0,0.00493868809886,274,0.901862504695,0.901841856493,2.2895590215e-05
512,2.4733512995092575,3800,3,post,3,1.5,653,0.000316607163944,0.000559229744778,0.00357532585727,0.996424674143,1.00051097235,2.61044574931e-06,2.1558430679e-05,0,0.00510577438681,274,0.901863203267,0.901841856493,2.36701965689e-05
512,2.4733512995092575,3800,3,post,3,3.0,1316,0.00060265551663,0.00104439198557,0.00705559001995,0.99294440998,1.00150133495,4.89038533898e-06,3.73653729149e-05,0,0.00510577438681,274,0.901863203267,0.901841856493,2.36701965689e-05
512,2.4994553243167292,3840,3,pre,-1,1.5,664,0.00112751732451,0.00165039458631,0.00773534542295,0.992264654577,1.00173794163,0,0,0,0.00512811012002,271,0.901863107433,0.901841902022,2.35134466112e-05
512,2.4994553243167292,3840,3,pre,-1,3.0,1320,0.00137920878204,0.00199588024255,0.00971915126085,0.990280848739,1.00261334128,0,0,0,0.00512811012002,271,0.901863107433,0.901841902022,2.35134466112e-05
512,2.4994553243167292,3840,3,post,3,1.5,664,0.000311044352912,0.000545397544733,0.00384087298942,0.996159127011,1.00057904232,2.65212674426e-06,2.05263108937e-05,0,0.00528036571606,271,0.90186373703,0.901841902022,2.4211570042e-05
512,2.4994553243167292,3840,3,post,3,3.0,1320,0.000588120267233,0.00100568349189,0.00753484748548,0.992465152515,1.00150858123,4.8234198795e-06,3.5080187828e-05,0,0.00528036571606,271,0.90186373703,0.901841902022,2.4211570042e-05
512,2.525559349124201,3880,3,pre,-1,1.5,659,0.00110824835364,0.00163153484639,0.00793304867969,0.99206695132,1.00177364054,0,0,0,0.00493436488573,274,0.901862569031,0.901841938904,2.28755458561e-05
512,2.525559349124201,3880,3,pre,-1,3.0,1316,0.00138538459678,0.00202227049679,0.00922929310045,0.9907707069,1.00256719657,0,0,0,0.00493436488573,274,0.901862569031,0.901841938904,2.28755458561e-05
512,2.525559349124201,3880,3,post,3,1.5,659,0.000302665454102,0.000527193702257,0.00320935935859,0.996790640641,1.00054589271,2.5339241318e-06,2.1459932753e-05,0,0.00509537084405,274,0.901863242182,0.901841938904,2.36219639399e-05
512,2.525559349124201,3880,3,post,3,3.0,1316,0.000593823015018,0.00103010340084,0.00694464938648,0.993055350614,1.00153504669,4.83002058504e-06,3.83304188867e-05,0,0.00509537084405,274,0.901863242182,0.901841938904,2.36219639399e-05
512,2.5516633739316728,3920,3,pre,-1,1.5,657,0.00111582732151,0.00163594753623,0.00781836800297,0.992181631997,1.00176952735,0,0,0,0.00504994552745,275,0.901863214026,0.901842023611,2.34968144966e-05
512,2.5516633739316728,3920,3,pre,-1,3.0,1311,0.00136921823558,0.00197502697578,0.00934875837433,0.990651241626,1.00256167226,0,0,0,0.00504994552745,275,0.901863214026,0.901842023611,2.34968144966e-05
512,2.5516633739316728,3920,3,post,3,1.5,657,0.000310133894063,0.000543603351761,0.003547144514,0.996452855486,1.00051949164,2.62539862978e-06,2.16612228799e-05,0,0.0052192655567,275,0.901863924521,0.901842023611,2.42846410775e-05
512,2.5516633739316728,3920,3,post,3,3.0,1311,0.000582845470739,0.000991558588802,0.00717178261842,0.992828217382,1.00155794542,4.78692556971e-06,3.54465561618e-05,0,0.0052192655567,275,0.901863924521,0.901842023611,2.42846410775e-05
512,2.5777673987391445,3960,3,pre,-1,1.5,659,0.0011069405515,0.00161962221468,0.00790068626397,0.992099313736,1.00175424458,0,0,0,0.00497632731283,275,0.901862927523,0.901842046022,2.31542768544e-05
512,2.5777673987391445,3960,3,pre,-1,3.0,1321,0.00138788382697,0.0020065570499,0.00877830091892,0.991221699081,1.00251783531,0,0,0,0.00497632731283,275,0.901862927523,0.901842046022,2.31542768544e-05
512,2.5777673987391445,3960,3,post,3,1.5,659,0.000301605487033,0.000519047212584,0.00322748353377,0.996772516466,1.00058256122,2.54166422519e-06,2.09316363059e-05,0,0.00513747808597,275,0.901863603738,0.901842046022,2.39040928098e-05
512,2.5777673987391445,3960,3,post,3,3.0,1321,0.000597147883557,0.00102614435129,0.0066762725512,0.993323727449,1.00148608776,4.87351908243e-06,3.82482955692e-05,0,0.00513747808597,275,0.901863603738,0.901842046022,2.39040928098e-05
512,2.6038714235466163,4000,3,pre,-1,1.5,656,0.00109820106033,0.00160154163075,0.00771821430439,0.992281785696,1.00179043888,0,0,0,0.00500574513396,274,0.901863020949,0.901842092388,2.32064582814e-05
512,2.6038714235466163,4000,3,pre,-1,3.0,1311,0.00136364358803,0.00195524948127,0.00906456564415,0.990935434356,1.00252910454,0,0,0,0.00500574513396,274,0.901863020949,0.901842092388,2.32064582814e-05
512,2.6038714235466163,4000,3,post,3,1.5,656,0.000304806151063,0.000527965163902,0.00338296215115,0.996617037849,1.00058404858,2.5781652177e-06,2.19141463726e-05,0,0.00517579815966,274,0.901863731925,0.901842092388,2.39948181235e-05
512,2.6038714235466163,4000,3,post,3,3.0,1311,0.000582686280229,0.000983301358058,0.00689903171878,0.993100968281,1.00149847186,4.76625780205e-06,3.56766109781e-05,0,0.00517579815966,274,0.901863731925,0.901842092388,2.39948181235e-05
512,2.629975448354088,4040,3,pre,-1,1.5,654,0.00111200396906,0.00162582947911,0.00717390331794,0.992826096682,1.00176508075,0,0,0,0.0050259609501,274,0.901863154438,0.901842141357,2.33001768278e-05
512,2.629975448354088,4040,3,pre,-1,3.0,1315,0.00137450476582,0.00198297953587,0.00877967164667,0.991220328353,1.00257049283,0,0,0,0.0050259609501,274,0.901863154438,0.901842141357,2.33001768278e-05
512,2.629975448354088,4040,3,post,3,1.5,654,0.0003108339221,0.000547694655396,0.00368455738228,0.996315442618,1.00057474274,2.5854848277e-06,2.07417350323e-05,0,0.00518968537829,274,0.901863838955,0.901842141357,2.40591974744e-05
512,2.629975448354088,4040,3,post,3,3.0,1315,0.000590405710423,0.0010127147238,0.00658307088619,0.993416929114,1.00147658552,4.82651155494e-06,3.76252788633e-05,0,0.00518968537829,274,0.901863838955,0.901842141357,2.40591974744e-05
512,2.6560794731615598,4080,3,pre,-1,1.5,660,0.00109549719548,0.00158112546193,0.00753574158261,0.992464258417,1.0017697454,0,0,0,0.00501773094242,273,0.90186307879,0.901842176682,2.31771240027e-05
512,2.6560794731615598,4080,3,pre,-1,3.0,1311,0.00134619916998,0.00191797062708,0.00887758428328,0.991122415717,1.00259416358,0,0,0,0.00501773094242,273,0.90186307879,0.901842176682,2.31771240027e-05
512,2.6560794731615598,4080,3,post,3,1.5,660,0.000302636526551,0.00051733882779,0.00331335299102,0.996686647009,1.00058237239,2.58282849881e-06,2.11657616594e-05,0,0.0051775904842,273,0.901863744708,0.901842176682,2.39155223879e-05
512,2.6560794731615598,4080,3,post,3,3.0,1311,0.000573609848157,0.00096062433599,0.00673613867036,0.99326386133,1.00156712718,4.71319840004e-06,3.46633228815e-05,0,0.0051775904842,273,0.901863744708,0.901842176682,2.39155223879e-05
512,2.6821834979690315,4120,3,pre,-1,1.5,659,0.00111246388137,0.00161924205216,0.00749938323299,0.992500616767,1.00176452443,0,0,0,0.005035867143,273,0.901863208069,0.901842230412,2.32608945392e-05
512,2.6821834979690315,4120,3,pre,-1,3.0,1312,0.00136099529206,0.00195557776308,0.00858200424125,0.991417995759,1.00255781698,0,0,0,0.005035867143,273,0.901863208069,0.901842230412,2.32608945392e-05
512,2.6821834979690315,4120,3,post,3,1.5,659,0.000313140350422,0.000553793394114,0.00392109760789,0.996078902392,1.00049307962,2.60975598841e-06,2.20545420673e-05,0,0.00519667790988,273,0.90186387795,0.901842230412,2.40036866308e-05
512,2.6821834979690315,4120,3,post,3,3.0,1312,0.000584927048978,0.00100070772525,0.00651028125878,0.993489718741,1.00150787053,4.76836164228e-06,3.66136277888e-05,0,0.00519667790988,273,0.90186387795,0.901842230412,2.40036866308e-05
512,2.7082875227765033,4160,3,pre,-1,1.5,651,0.00107980326738,0.00154922390048,0.00723939072976,0.99276060927,1.00178739863,0,0,0,0.00506260937388,269,0.901863074311,0.901842294253,2.30417876283e-05
512,2.7082875227765033,4160,3,pre,-1,3.0,1311,0.00133791101606,0.0018877908223,0.00882384094906,0.991176159051,1.0025643607,0,0,0,0.00506260937388,269,0.901863074311,0.901842294253,2.30417876283e-05
512,2.7082875227765033,4160,3,post,3,1.5,651,0.000297502326864,0.000501109932798,0.00331285614911,0.996687143851,1.00049254703,2.53361359852e-06,1.95817875302e-05,0,0.00524168300167,269,0.901863809339,0.901842294253,2.38568172296e-05
512,2.7082875227765033,4160,3,post,3,3.0,1311,0.000570449193277,0.000943027028399,0.00668769467711,0.993312305323,1.00154916084,4.69048230837e-06,3.28284411219e-05,0,0.00524168300167,269,0.901863809339,0.901842294253,2.38568172296e-05
512,2.7343915475839751,4200,3,pre,-1,1.5,655,0.00108297664723,0.00156203962264,0.00698661297408,0.993013387026,1.00179619659,0,0,0,0.00504506786014,273,0.901863296563,0.901842280579,2.33033917657e-05
512,2.7343915475839751,4200,3,pre,-1,3.0,1314,0.00134860227665,0.00191668247079,0.00862471145195,0.991375288548,1.00255714843,0,0,0,0.00504506786014,273,0.901863296563,0.901842280579,2.33033917657e-05
512,2.7343915475839751,4200,3,post,3,1.5,655,0.000298939702813,0.000510743723886,0.00344561503389,0.996554384966,1.00058965246,2.55231800405e-06,1.91691358759e-05,0,0.00520183987204,273,0.90186394962,0.901842280579,2.40275286276e-05
512,2.7343915475839751,4200,3,post,3,3.0,1314,0.000578583600436,0.000970531487712,0.00661109323696,0.993388906763,1.00150477417,4.73528176419e-06,3.47992447827e-05,0,0.00520183987204,273,0.90186394962,0.901842280579,2.40275286276e-05
512,2.7604955723914468,4240,3,pre,-1,1.5,653,0.00107887607832,0.00154439240135,0.00679354068675,0.993206459313,1.00180478565,0,0,0,0.00493648757332,272,0.901862790248,0.901842301896,2.27183308008e-05
512,2.7604955723914468,4240,3,pre,-1,3.0,1307,0.00133153379552,0.00188578984637,0.00815525096434,0.991844749036,1.00261190207,0,0,0,0.00493648757332,272,0.901862790248,0.901842301896,2.27183308008e-05
512,2.7604955723914468,4240,3,post,3,1.5,653,0.000289660656202,0.000491510209952,0.00341177368596,0.996588226314,1.00051645705,2.48386265282e-06,1.81750453212e-05,0,0.00509407751141,272,0.901863444308,0.901842301896,2.34435793283e-05
512,2.7604955723914468,4240,3,post,3,3.0,1307,0.000563357184784,0.000944006194424,0.00599430044328,0.994005699557,1.00154793602,4.66185528635e-06,3.43701418403e-05,0,0.00509407751141,272,0.901863444308,0.901842301896,2.34435793283e-05
512,2.7865995971989186,4280,3,pre,-1,1.5,660,0.001069740217,0.00152722679048,0.00673605928239,0.993263940718,1.00177515095,0,0,0,0.00510795802979,272,0.901863524881,0.901842324859,2.35074586056e-05
512,2.7865995971989186,4280,3,pre,-1,3.0,1312,0.00133640804645,0.00188836865592,0.00823643500088,0.991763564999,1.00249530584,0,0,0,0.00510795802979,272,0.901863524881,0.901842324859,2.35074586056e-05
512,2.7865995971989186,4280,3,post,3,1.5,660,0.000291276262257,0.000489964434877,0.00337467471746,0.996625325283,1.00057739364,2.5442372474e-06,1.78222914784e-05,0,0.00528399557858,272,0.901864255505,0.901842324859,2.43176053149e-05
512,2.7865995971989186,4280,3,post,3,3.0,1312,0.000569100248185,0.000944249760663,0.00614718093589,0.993852819064,1.00147233973,4.7178264817e-06,3.74897937028e-05,0,0.00528399557858,272,0.901864255505,0.901842324859,2.43176053149e-05
512,2.8127036220063903,4320,3,pre,-1,1.5,656,0.00107662021855,0.00154996294364,0.00672175942316,0.993278240577,1.00180656311,0,0,0,0.00499745540594,272,0.901863153548,0.901842412156,2.29989095509e-05
512,2.8127036220063903,4320,3,pre,-1,3.0,1316,0.00133878356771,0.00189295964184,0.0082815781331,0.991718421867,1.00261185115,0,0,0,0.00499745540594,272,0.901863153548,0.901842412156,2.29989095509e-05
512,2.8127036220063903,4320,3,post,3,1.5,656,0.000293525456636,0.000505135857281,0.00351887470922,0.996481125291,1.00060209474,2.49601127743e-06,1.80753326653e-05,0,0.00514527932444,272,0.901863767075,0.901842412156,2.36792135565e-05
512,2.8127036220063903,4320,3,post,3,3.0,1316,0.000573814486603,0.000963522160637,0.00626929161219,0.993730708388,1.00158226014,4.70577994358e-06,3.42793538793e-05,0,0.00514527932444,272,0.901863767075,0.901842412156,2.36792135565e-05
512,2.8388076468138621,4360,3,pre,-1,1.5,653,0.00106079477111,0.00150847824522,0.00701795839299,0.992982041607,1.00180023461,0,0,0,0.00490610172598,275,0.901863049914,0.901842463092,2.28275147437e-05
512,2.8388076468138621,4360,3,pre,-1,3.0,1303,0.0013186676488,0.00185610542109,0.00827952888128,0.991720471119,1.00260565595,0,0,0,0.00490610172598,275,0.901863049914,0.901842463092,2.28275147437e-05
512,2.8388076468138621,4360,3,post,3,1.5,653,0.000288031601207,0.000483764259947,0.00298413207862,0.997015867921,1.00055987258,2.49011418233e-06,1.98809948148e-05,0,0.00508145215437,275,0.901863785714,0.901842463092,2.36433996784e-05
512,2.8388076468138621,4360,3,post,3,3.0,1303,0.000559228988481,0.000927543718594,0.00620718418235,0.993792815818,1.00156503496,4.63362636079e-06,3.36402561977e-05,0,0.00508145215437,275,0.901863785714,0.901842463092,2.36433996784e-05
512,2.8649116716213339,4400,3,pre,-1,1.5,655,0.00105910738826,0.00150162562432,0.00673377397659,0.993266226023,1.00178116614,0,0,0,0.00514526988519,270,0.901863810328,0.901842612469,2.35050533496e-05
512,2.8649116716213339,4400,3,pre,-1,3.0,1314,0.00132533514445,0.00186221553793,0.00833105694385,0.991668943056,1.00258197802,0,0,0,0.00514526988519,270,0.901863810328,0.901842612469,2.35050533496e-05
512,2.8649116716213339,4400,3,post,3,1.5,655,0.000288060972515,0.000474151117955,0.00332452297562,0.996675477024,1.00059318373,2.50856540756e-06,1.78813075057e-05,0,0.00531506935557,270,0.90186450988,0.901842612469,2.42807455293e-05
512,2.8649116716213339,4400,3,post,3,3.0,1314,0.000566060869796,0.000934602291065,0.00642936297436,0.993570637026,1.00156201533,4.67805039415e-06,3.43203952389e-05,0,0.00531506935557,270,0.90186450988,0.901842612469,2.42807455293e-05
512,2.8910156964288056,4440,3,pre,-1,1.5,658,0.00107169572822,0.00153879809874,0.00659839587758,0.993401604122,1.00180037795,0,0,0,0.00497205334175,271,0.901863221455,0.901842661359,2.27978747784e-05
512,2.8910156964288056,4440,3,pre,-1,3.0,1308,0.00132252884349,0.00186749584578,0.00796065671951,0.99203934328,1.00254141278,0,0,0,0.00497205334175,271,0.901863221455,0.901842661359,2.27978747784e-05
512,2.8910156964288056,4440,3,post,3,1.5,658,0.000294314035707,0.000518011507425,0.00350743780902,0.996492562191,1.00052525121,2.50114928142e-06,1.86130495352e-05,0,0.00511559582976,271,0.901863815022,0.901842661359,2.34560462508e-05
512,2.8910156964288056,4440,3,post,3,3.0,1308,0.000562336068493,0.000943474784553,0.0059888265089,0.994011173491,1.00154493765,4.63403511707e-06,3.39643879119e-05,0,0.00511559582976,271,0.901863815022,0.901842661359,2.34560462508e-05
512,2.9171197212362774,4480,3,pre,-1,1.5,655,0.00105205277765,0.00148741165986,0.0069174655939,0.993082534406,1.00181443863,0,0,0,0.00504119115974,269,0.901863405943,0.901842713798,2.29442948251e-05
512,2.9171197212362774,4480,3,pre,-1,3.0,1310,0.00131542213616,0.00184507904422,0.00797278371669,0.992027216283,1.0025950085,0,0,0,0.00504119115974,269,0.901863405943,0.901842713798,2.29442948251e-05
512,2.9171197212362774,4480,3,post,3,1.5,655,0.0002857966614,0.000472386573762,0.00279549236923,0.997204507631,1.00051246992,2.48065810092e-06,2.00491639452e-05,0,0.00522733057541,269,0.901864169974,0.901842713798,2.3791483018e-05
512,2.9171197212362774,4480,3,post,3,3.0,1310,0.000560690691792,0.000926935216386,0.00593723999894,0.994062760001,1.00156215981,4.63611165867e-06,3.32645986041e-05,0,0.00522733057541,269,0.901864169974,0.901842713798,2.3791483018e-05
512,2.9432237460437491,4520,3,pre,-1,1.5,658,0.00105945102089,0.00149784014398,0.00668883811511,0.993311161885,1.00184475591,0,0,0,0.00507799152792,272,0.901863837001,0.901842761352,2.33695377222e-05
512,2.9432237460437491,4520,3,pre,-1,3.0,1314,0.00131599819331,0.00183608868016,0.0082212628862,0.991778737114,1.0025539605,0,0,0,0.00507799152792,272,0.901863837001,0.901842761352,2.33695377222e-05
512,2.9432237460437491,4520,3,post,3,1.5,658,0.000289729037024,0.00048032836526,0.0032279875369,0.996772012463,1.000609924,2.52369230279e-06,1.78330290316e-05,0,0.00524161743059,272,0.901864516112,0.901842761352,2.41225641272e-05
512,2.9432237460437491,4520,3,post,3,3.0,1314,0.000562123915975,0.000919857549472,0.00632400956881,0.993675990431,1.00150040315,4.6461062672e-06,3.33722977779e-05,0,0.00524161743059,272,0.901864516112,0.901842761352,2.41225641272e-05
512,2.9693277708512209,4560,3,pre,-1,1.5,653,0.00105611086248,0.00150669707084,0.00647408630207,0.993525913698,1.00181776952,0,0,0,0.0050023649191,271,0.901863462451,0.901842777013,2.29368565769e-05
512,2.9693277708512209,4560,3,pre,-1,3.0,1308,0.00131252754098,0.00184738432042,0.00788665291965,0.99211334708,1.00249429736,0,0,0,0.0050023649191,271,0.901863462451,0.901842777013,2.29368565769e-05
512,2.9693277708512209,4560,3,post,3,1.5,653,0.000284615351039,0.000491071246194,0.00329041289175,0.996709587108,1.00059501367,2.4608058942e-06,1.75880145263e-05,0,0.00514616847828,271,0.901864057098,0.901842777013,2.35962250287e-05
512,2.9693277708512209,4560,3,post,3,3.0,1308,0.000556767532469,0.000931401468418,0.00594206039818,0.994057939602,1.00149938921,4.60351529084e-06,3.48270601677e-05,0,0.00514616847828,271,0.901864057098,0.901842777013,2.35962250287e-05
512,2.9954317956586927,4600,3,pre,-1,1.5,650,0.00105933037735,0.0014966515092,0.00675562737878,0.993244372621,1.0017834165,0,0,0,0.00496840195812,272,0.901863445438,0.901842824629,2.28651915218e-05
512,2.9954317956586927,4600,3,pre,-1,3.0,1310,0.00131885401231,0.00184774349794,0.00793441551183,0.992065584488,1.00254499166,0,0,0,0.00496840195812,272,0.901863445438,0.901842824629,2.28651915218e-05
512,2.9954317956586927,4600,3,post,3,1.5,650,0.000288235141237,0.000476773919075,0.00278232851332,0.997217671487,1.00051679473,2.49034612613e-06,1.91811361494e-05,0,0.00514448854539,272,0.901864176266,0.901842824629,2.36755634652e-05
512,2.9954317956586927,4600,3,post,3,3.0,1310,0.000563163395667,0.000929984737525,0.00591876001809,0.994081239982,1.00152996514,4.65344884455e-06,3.32148816553e-05,0,0.00514448854539,272,0.901864176266,0.901842824629,2.36755634652e-05
512,3,4607,3,pre,-1,1.5,658,0.00105188635782,0.00148077797139,0.00636371903136,0.993636280969,1.00175510435,0,0,0,0.00509770392246,270,0.901863837945,0.901842836052,2.32877527571e-05
512,3,4607,3,pre,-1,3.0,1305,0.0013014250955,0.0018112056533,0.00779240311135,0.992207596889,1.00258603673,0,0,0,0.00509770392246,270,0.901863837945,0.901842836052,2.32877527571e-05
512,3,4607,3,post,3,1.5,658,0.00028573232363,0.000470620081788,0.0031193005762,0.996880699424,1.0005918968,2.49568145668e-06,1.71772385291e-05,0,0.00526680322132,270,0.901864534612,0.901842836052,2.40602461616e-05
512,3,4607,3,post,3,3.0,1305,0.000549809587507,0.000895304730425,0.00572633887409,0.994273661126,1.00153271562,4.57718593997e-06,3.54553062233e-05,0,0.00526680322132,270,0.901864534612,0.901842836052,2.40602461616e-05
