N,t,i,imax,stage,returned_steps,band_cells,count,Egrad_mean,Egrad_rms,Egrad_linf,grad_min,grad_max,phi_change_mean,phi_change_linf,sign_mismatch,f_interface_l1,f_interface_count,volume_phi,volume_vof,volume_rel_diff
512,0,0,1,pre,-1,1.5,596,0.000199944108236,0.00022609314022,0.000429114230118,0.99957088577,1.00030998839,0,0,0,0.000209033970745,254,0.901836958483,0.901836148323,8.98344714863e-07
512,0,0,1,pre,-1,3.0,1212,0.000116333897477,0.000162329493288,0.000429114230118,0.99957088577,1.00030998839,0,0,0,0.000209033970745,254,0.901836958483,0.901836148323,8.98344714863e-07
512,0,0,1,post,1,1.5,596,0.000219138221283,0.000259353961229,0.000633958213309,0.999366041787,1.00046720871,9.53958439548e-07,2.09723084291e-06,0,0.000379235995855,254,0.901837618141,0.901836148323,1.6298052003e-06
512,0,0,1,post,1,3.0,1212,0.000162173391194,0.000205218234771,0.000633958213309,0.999366041787,1.00046720871,5.97694025846e-07,2.09723084291e-06,0,0.000379235995855,254,0.901837618141,0.901836148323,1.6298052003e-06
512,0,0,1,pre,-1,1.5,596,0.000386974884437,0.000438857707594,0.000842381879398,0.999157618121,1.00069378432,0,0,0,0.000558144508745,254,0.901838311542,0.901836148323,2.39868270149e-06
512,0,0,1,pre,-1,3.0,1212,0.00024711422262,0.000324575632138,0.000842381879398,0.999157618121,1.00069378432,0,0,0,0.000558144508745,254,0.901838311542,0.901836148323,2.39868270149e-06
512,0,0,1,post,1,1.5,596,0.000339423477998,0.000404475145854,0.00100733913668,0.998992660863,1.00078999997,1.24424388694e-06,2.84510414978e-06,0,0.000758948898647,254,0.901839089806,0.901836148323,3.26165995722e-06
512,0,0,1,post,1,3.0,1212,0.000305081328886,0.00036130344911,0.00100733913668,0.998992660863,1.00078999997,9.12295549791e-07,2.84510414978e-06,0,0.000758948898647,254,0.901839089806,0.901836148323,3.26165995722e-06
512,0.019721170520409382,40,1,pre,-1,1.5,593,0.00014367844364,0.000183666203534,0.00056668557023,0.99943331443,1.00043556591,0,0,0,0.00434232875652,256,0.901853139754,0.901836177532,1.88085398741e-05
512,0.019721170520409382,40,1,pre,-1,3.0,1208,0.000151071634357,0.000184907378635,0.00056668557023,0.99943331443,1.00048302028,0,0,0,0.00434232875652,256,0.901853139754,0.901836177532,1.88085398741e-05
512,0.019721170520409382,40,1,post,1,1.5,593,7.97414024167e-05,9.86201850938e-05,0.000292581134598,0.999707418865,1.00020807018,3.91469930113e-07,2.07854719922e-06,0,0.00443968740508,256,0.901853520061,0.901836177532,1.9230243095e-05
512,0.019721170520409382,40,1,post,1,3.0,1208,0.000107544889129,0.000133314033807,0.000356730908662,0.999643269091,1.00027966954,3.34606138475e-07,2.07854719922e-06,0,0.00443968740508,256,0.901853520061,0.901836177532,1.9230243095e-05
512,0.045681772665263472,80,1,pre,-1,1.5,599,0.000248350958418,0.000308535503466,0.000860625939759,0.99913937406,1.00062400405,0,0,0,0.00442944081808,256,0.901853479588,0.901836177085,1.91858606204e-05
512,0.045681772665263472,80,1,pre,-1,3.0,1204,0.000308959084096,0.000369242812662,0.000860625939759,0.99913937406,1.0007575935,0,0,0,0.00442944081808,256,0.901853479588,0.901836177085,1.91858606204e-05
512,0.045681772665263472,80,1,post,1,1.5,599,0.000155586160473,0.000190418761186,0.00044377343759,0.999556226562,1.00035540375,4.9354651855e-07,2.47843110973e-06,0,0.00452343130532,256,0.901853846738,0.901836177085,1.95929748499e-05
512,0.045681772665263472,80,1,post,1,3.0,1204,0.000229241163765,0.000282049008347,0.000670925925505,0.999329074074,1.0006478588,5.74637346092e-07,2.47843110973e-06,0,0.00452343130532,256,0.901853846738,0.901836177085,1.95929748499e-05
512,0.071781017221868804,120,1,pre,-1,1.5,605,0.000366758718751,0.00044153884867,0.00117455795131,0.998825442049,1.00095993062,0,0,0,0.00438218617957,255,0.901853255602,0.901836204554,1.89070341412e-05
512,0.071781017221868804,120,1,pre,-1,3.0,1203,0.000474330038053,0.000557288761864,0.00123555004478,0.998764449955,1.00117652805,0,0,0,0.00438218617957,255,0.901853255602,0.901836204554,1.89070341412e-05
512,0.071781017221868804,120,1,post,1,1.5,605,0.000238769029731,0.000282489685181,0.000638425481092,0.999361574519,1.00052455836,6.01619793051e-07,3.11963504018e-06,0,0.00447379338028,255,0.901853612045,0.901836204554,1.93022753292e-05
512,0.071781017221868804,120,1,post,1,3.0,1203,0.000357158993057,0.000431022888305,0.00105772223616,0.998942277764,1.00100426794,8.13244951762e-07,3.11963504018e-06,0,0.00447379338028,255,0.901853612045,0.901836204554,1.93022753292e-05
512,0.097885042029340563,160,1,pre,-1,1.5,608,0.000454754896696,0.000532588510188,0.00122547250852,0.998829596429,1.00122547251,0,0,0,0.0043213785091,255,0.901853068707,0.901836254262,1.86446771449e-05
512,0.097885042029340563,160,1,pre,-1,3.0,1210,0.000614835155461,0.000720180697899,0.0016104755488,0.998389524451,1.0015548872,0,0,0,0.0043213785091,255,0.901853068707,0.901836254262,1.86446771449e-05
512,0.097885042029340563,160,1,post,1,1.5,608,0.000294845463126,0.000341177652741,0.000720796697211,0.999279203303,1.00067241717,6.79258525202e-07,3.54080476713e-06,0,0.00440939622414,255,0.901853411184,0.901836254262,1.90244314006e-05
512,0.097885042029340563,160,1,post,1,3.0,1210,0.000463096001154,0.000559169379309,0.00136825366836,0.998631746332,1.00132266712,1.02205804947e-06,3.54080476713e-06,0,0.00440939622414,255,0.901853411184,0.901836254262,1.90244314006e-05
512,0.12398906683681232,200,1,pre,-1,1.5,597,0.000566080860743,0.000653882083642,0.00137008401839,0.998629915982,1.00123450249,0,0,0,0.00442254780724,255,0.90185349678,0.901836288686,1.908117345e-05
512,0.12398906683681232,200,1,pre,-1,3.0,1207,0.000766653147786,0.000891281426603,0.00197808170552,0.998021918294,1.0018205956,0,0,0,0.00442254780724,255,0.90185349678,0.901836288686,1.908117345e-05
512,0.12398906683681232,200,1,post,1,1.5,597,0.000369426571351,0.000424215426362,0.000946614637687,0.999053385362,1.00090040136,8.09015696452e-07,3.57316840044e-06,0,0.00452375267004,255,0.901853890568,0.901836288686,1.95178239118e-05
512,0.12398906683681232,200,1,post,1,3.0,1207,0.000578505464616,0.000693160927354,0.00168308262223,0.998316917378,1.00153435409,1.25559590094e-06,3.57316840044e-06,0,0.00452375267004,255,0.901853890568,0.901836288686,1.95178239118e-05
512,0.15009309164428408,240,1,pre,-1,1.5,602,0.000662915952644,0.000765592984452,0.0016140295923,0.998385970408,1.00147623612,0,0,0,0.00434731530388,258,0.901853418736,0.901836304367,1.89772466e-05
512,0.15009309164428408,240,1,pre,-1,3.0,1207,0.000910318319715,0.00105855640346,0.00243928482031,0.99756071518,1.00210040026,0,0,0,0.00434731530388,258,0.901853418736,0.901836304367,1.89772466e-05
512,0.15009309164428408,240,1,post,1,1.5,602,0.000430607935885,0.000496316010116,0.00111842451866,0.998881575481,1.00096682579,8.95829055853e-07,3.8974860541e-06,0,0.004442763514,258,0.901853794494,0.901836304367,1.93939047193e-05
512,0.15009309164428408,240,1,post,1,3.0,1207,0.000686357339166,0.000824759790916,0.00207570826571,0.997924291734,1.00177731763,1.46684683151e-06,4.37908714435e-06,0,0.004442763514,258,0.901853794494,0.901836304367,1.93939047193e-05
512,0.17619711645175584,280,1,pre,-1,1.5,602,0.000753006206717,0.000855763599753,0.00173302590407,0.998266974096,1.00159893597,0,0,0,0.00430245812002,260,0.901853412939,0.901836343861,1.89270241225e-05
512,0.17619711645175584,280,1,pre,-1,3.0,1205,0.00103499570831,0.00119865642308,0.00275189586593,0.997248104134,1.00241944887,0,0,0,0.00430245812002,260,0.901853412939,0.901836343861,1.89270241225e-05
512,0.17619711645175584,280,1,post,1,1.5,602,0.00048751192928,0.000558167477861,0.00128541904368,0.998714580956,1.00118738932,9.87932037794e-07,3.78321015134e-06,0,0.00440286891339,260,0.901853811297,0.901836343861,1.93687431251e-05
512,0.17619711645175584,280,1,post,1,3.0,1205,0.000778160258639,0.000933117089312,0.00233262306802,0.997667376932,1.00203812881,1.64864436622e-06,4.92064663842e-06,0,0.00440286891339,260,0.901853811297,0.901836343861,1.93687431251e-05
512,0.2023011412592276,320,1,pre,-1,1.5,605,0.0008279511818,0.000949197931372,0.00189987187197,0.998100128128,1.00172024702,0,0,0,0.00433746807907,259,0.901853549333,0.901836407545,1.9007647143e-05
512,0.2023011412592276,320,1,pre,-1,3.0,1207,0.00116301920267,0.00135496730329,0.00313127658818,0.996868723412,1.00274364994,0,0,0,0.00433746807907,259,0.901853549333,0.901836407545,1.9007647143e-05
512,0.2023011412592276,320,1,post,1,1.5,605,0.000529304993242,0.000612094567611,0.0014062388051,0.998593761195,1.00120254303,1.05304904928e-06,4.16831806981e-06,0,0.00442780713742,259,0.901853906356,0.901836407545,1.94035308505e-05
512,0.2023011412592276,320,1,post,1,3.0,1207,0.000871824408561,0.0010553191221,0.00266594971032,0.99733405029,1.00232169485,1.84098981405e-06,5.65181185875e-06,0,0.00442780713742,259,0.901853906356,0.901836407545,1.94035308505e-05
512,0.22840516606669936,360,1,pre,-1,1.5,600,0.000924499859905,0.00104544441887,0.002110661688,0.997889338312,1.00182624833,0,0,0,0.00436833520983,257,0.901853606991,0.901836476527,1.8995089869e-05
512,0.22840516606669936,360,1,pre,-1,3.0,1204,0.00127971590403,0.00147987781114,0.00350193134564,0.996498068654,1.00291420232,0,0,0,0.00436833520983,257,0.901853606991,0.901836476527,1.8995089869e-05
512,0.22840516606669936,360,1,post,1,1.5,600,0.000594390652399,0.000679525561908,0.00155344658472,0.998446553415,1.00133714568,1.14764204767e-06,3.53662426744e-06,0,0.00446592459057,257,0.901853989689,0.901836476527,1.9419443534e-05
512,0.22840516606669936,360,1,post,1,3.0,1204,0.000959549501916,0.00115127061305,0.00297434364727,0.997025656353,1.00245112836,2.00652835306e-06,6.27391991377e-06,0,0.00446592459057,257,0.901853989689,0.901836476527,1.9419443534e-05
512,0.25450919087417112,400,1,pre,-1,1.5,604,0.000997040031873,0.00112792599979,0.00236388953567,0.997636110464,1.0020475502,0,0,0,0.00428514879557,259,0.901853408129,0.901836473108,1.877837228e-05
512,0.25450919087417112,400,1,pre,-1,3.0,1203,0.00139583725561,0.00161918450452,0.00388019779709,0.996119802203,1.00315290468,0,0,0,0.00428514879557,259,0.901853408129,0.901836473108,1.877837228e-05
512,0.25450919087417112,400,1,post,1,1.5,604,0.000637599967576,0.000732878566368,0.0017397650451,0.998260234955,1.00152821656,1.21093692049e-06,4.3666556679e-06,0,0.00438150209618,259,0.90185378892,0.901836473108,1.92006115617e-05
512,0.25450919087417112,400,1,post,1,3.0,1203,0.00104444109318,0.00125983766465,0.00330148542737,0.996698514573,1.00265418436,2.1731549188e-06,6.97054033898e-06,0,0.00438150209618,259,0.90185378892,0.901836473108,1.92006115617e-05
512,0.28061321568164288,440,1,pre,-1,1.5,606,0.00107126115442,0.00121352810185,0.00256953833416,0.997430461666,1.00209891449,0,0,0,0.00432893765899,257,0.901853461586,0.901836485619,1.88237749835e-05
512,0.28061321568164288,440,1,pre,-1,3.0,1210,0.00151641587225,0.00176109586121,0.00420991945302,0.995790080547,1.00337184982,0,0,0,0.00432893765899,257,0.901853461586,0.901836485619,1.88237749835e-05
512,0.28061321568164288,440,1,post,1,1.5,606,0.000682597368279,0.000785847627059,0.00189973398178,0.998100266018,1.00146012604,1.28579422739e-06,4.42423700368e-06,0,0.00442095515658,257,0.901853822433,0.901836485619,1.92239000965e-05
512,0.28061321568164288,440,1,post,1,3.0,1210,0.00113518877527,0.00137202551282,0.00358385156136,0.996416148439,1.00288589727,2.35464373769e-06,7.56612770981e-06,0,0.00442095515658,257,0.901853822433,0.901836485619,1.92239000965e-05
512,0.30671724048911464,480,1,pre,-1,1.5,608,0.00116356221971,0.00131204728924,0.00276659280569,0.997233407194,1.00219954873,0,0,0,0.00433832134614,258,0.901853593346,0.901836514383,1.89379810496e-05
512,0.30671724048911464,480,1,pre,-1,3.0,1212,0.00162409816177,0.00188034575872,0.0045198709405,0.995480129059,1.00361166427,0,0,0,0.00433832134614,258,0.901853593346,0.901836514383,1.89379810496e-05
512,0.30671724048911464,480,1,post,1,1.5,608,0.000748435048125,0.000855117940838,0.00204560301516,0.997954396985,1.00159758761,1.37992373287e-06,4.34641976015e-06,0,0.00442982316737,258,0.901853953567,0.901836514383,1.93374119852e-05
512,0.30671724048911464,480,1,post,1,3.0,1212,0.00121748902786,0.00146375866326,0.00383621155483,0.996163788445,1.0030490811,2.5097898805e-06,8.09903500241e-06,0,0.00442982316737,258,0.901853953567,0.901836514383,1.93374119852e-05
512,0.3328212652965864,520,1,pre,-1,1.5,604,0.00123887397662,0.00139304886225,0.00292873335691,0.997071266643,1.00225991092,0,0,0,0.00435229845723,258,0.901853652629,0.901836518642,1.8998994942e-05
512,0.3328212652965864,520,1,pre,-1,3.0,1206,0.00173119813442,0.00200009766195,0.0047693377972,0.995230662203,1.00385077415,0,0,0,0.00435229845723,258,0.901853652629,0.901836518642,1.8998994942e-05
512,0.3328212652965864,520,1,post,1,1.5,604,0.000796226476395,0.000908797770879,0.00216344044525,0.997836559555,1.00166615713,1.44571802323e-06,4.59239734778e-06,0,0.00444356425104,258,0.901854011922,0.901836518642,1.93973955512e-05
512,0.3328212652965864,520,1,post,1,3.0,1206,0.00129735676352,0.00155735341839,0.00404480863707,0.995955191363,1.00324956895,2.66404943599e-06,8.54485346788e-06,0,0.00444356425104,258,0.901854011922,0.901836518642,1.93973955512e-05
512,0.35892529010405816,560,1,pre,-1,1.5,605,0.00129934945686,0.001459028202,0.00302367381885,0.996976326181,1.00245023238,0,0,0,0.00439238466626,256,0.901853722649,0.901836564897,1.90253459116e-05
512,0.35892529010405816,560,1,pre,-1,3.0,1210,0.00183543230832,0.00212179563615,0.00520595634504,0.994794043655,1.003880204,0,0,0,0.00439238466626,256,0.901853722649,0.901836564897,1.90253459116e-05
512,0.35892529010405816,560,1,post,1,1.5,605,0.000833856128161,0.000950385391259,0.00224334628177,0.997756653718,1.00179390274,1.5046720073e-06,4.51093263671e-06,0,0.00448596100204,256,0.901854088182,0.901836564897,1.94306660943e-05
512,0.35892529010405816,560,1,post,1,3.0,1210,0.00137597778834,0.00165373363275,0.00443352005536,0.995566479945,1.00329528047,2.82080643037e-06,9.346496572e-06,0,0.00448596100204,256,0.901854088182,0.901836564897,1.94306660943e-05
512,0.38502931491152992,600,1,pre,-1,1.5,603,0.00137079986466,0.00153617595006,0.00331571835203,0.996684281648,1.00258452891,0,0,0,0.00439482796495,256,0.901853730372,0.901836563075,1.9035928949e-05
512,0.38502931491152992,600,1,pre,-1,3.0,1209,0.00192759250412,0.0022228116621,0.00535429296513,0.994645707035,1.00405587982,0,0,0,0.00439482796495,256,0.901853730372,0.901836563075,1.9035928949e-05
512,0.38502931491152992,600,1,post,1,1.5,603,0.000878738433957,0.00100082021658,0.00242606124653,0.997573938753,1.00189576311,1.57777241619e-06,5.03581747603e-06,0,0.00449081318142,256,0.901854105314,0.901836563075,1.94516830522e-05
512,0.38502931491152992,600,1,post,1,3.0,1209,0.00144382093005,0.00173106032702,0.00455921212598,0.995440787874,1.00343975623,2.95397985101e-06,9.63967910052e-06,0,0.00449081318142,256,0.901854105314,0.901836563075,1.94516830522e-05
512,0.41113333971900168,640,1,pre,-1,1.5,611,0.00145408852262,0.00162542250981,0.00350971278939,0.996490287211,1.00264824923,0,0,0,0.00437624215422,257,0.901853761803,0.901836600331,1.90294694903e-05
512,0.41113333971900168,640,1,pre,-1,3.0,1212,0.00202037944453,0.00232298576626,0.00548161865185,0.994518381348,1.00417391728,0,0,0,0.00437624215422,257,0.901853761803,0.901836600331,1.90294694903e-05
512,0.41113333971900168,640,1,post,1,1.5,611,0.000937352669156,0.00106556669021,0.00261614450805,0.997383855492,1.0019414975,1.67709613485e-06,5.49564517106e-06,0,0.0044698839715,257,0.90185412902,0.901836600331,1.9436657676e-05
512,0.41113333971900168,640,1,post,1,3.0,1212,0.00151394014463,0.00180823755976,0.00463413340671,0.995365866593,1.0035486788,3.08983934215e-06,9.79495237996e-06,0,0.0044698839715,257,0.90185412902,0.901836600331,1.9436657676e-05
512,0.43723736452647344,680,1,pre,-1,1.5,604,0.0015078078703,0.00168645628754,0.00348432551639,0.996515674484,1.00291360224,0,0,0,0.00432835452296,259,0.901853690701,0.901836584929,1.89677059981e-05
512,0.43723736452647344,680,1,pre,-1,3.0,1218,0.00212375694214,0.00244069772799,0.00588535597291,0.994114644027,1.00444579788,0,0,0,0.00432835452296,259,0.901853690701,0.901836584929,1.89677059981e-05
512,0.43723736452647344,680,1,post,1,1.5,604,0.000965904691989,0.00110066421908,0.00257337598761,0.997426624012,1.00197015125,1.69338137934e-06,5.20018348535e-06,0,0.00442072512302,259,0.901854055752,0.901836584929,1.93724922458e-05
512,0.43723736452647344,680,1,post,1,3.0,1218,0.00159471609507,0.00190643948744,0.00500456109243,0.994995438908,1.00376589052,3.2420187675e-06,1.05663823794e-05,0,0.00442072512302,259,0.901854055752,0.901836584929,1.93724922458e-05
512,0.4633413893339452,720,1,pre,-1,1.5,605,0.00154408764963,0.00173033397001,0.00371912612005,0.99628087388,1.00274222475,0,0,0,0.00432635984713,259,0.901853717288,0.9018366194,1.89589642087e-05
512,0.4633413893339452,720,1,pre,-1,3.0,1210,0.00219305767663,0.00252876351041,0.0060500101579,0.993949989842,1.00453091966,0,0,0,0.00432635984713,259,0.901853717288,0.9018366194,1.89589642087e-05
512,0.4633413893339452,720,1,post,1,1.5,605,0.000984603320043,0.00112654534104,0.00276614394944,0.997233856051,1.00200348956,1.7346718696e-06,5.8233150906e-06,0,0.00441569643435,259,0.901854070348,0.9018366194,1.93504547966e-05
512,0.4633413893339452,720,1,post,1,3.0,1210,0.00163979732449,0.00196927722305,0.00513861618053,0.994861383819,1.00383921058,3.34127603989e-06,1.08453129733e-05,0,0.00441569643435,259,0.901854070348,0.9018366194,1.93504547966e-05
512,0.48944541414141696,760,1,pre,-1,1.5,599,0.00159479994714,0.00177997162509,0.00373521055344,0.996264789447,1.00284421081,0,0,0,0.00431936755265,257,0.901853605797,0.901836667359,1.878215694e-05
512,0.48944541414141696,760,1,pre,-1,3.0,1206,0.00226048948719,0.00260077519652,0.00625414297426,0.993745857026,1.00464595766,0,0,0,0.00431936755265,257,0.901853605797,0.901836667359,1.878215694e-05
512,0.48944541414141696,760,1,post,1,1.5,599,0.00101218185224,0.0011527629509,0.00277330915775,0.997226690842,1.00208153365,1.77464486341e-06,5.61770684285e-06,0,0.00441648085568,257,0.901853986628,0.901836667359,1.92044403592e-05
512,0.48944541414141696,760,1,post,1,3.0,1206,0.00168857888715,0.00202366870647,0.00532311268763,0.994676887312,1.0039503325,3.43824728392e-06,1.12321387342e-05,0,0.00441648085568,257,0.901853986628,0.901836667359,1.92044403592e-05
512,0.51554943894888872,800,1,pre,-1,1.5,602,0.00164324086342,0.0018256691741,0.00383398553308,0.996166014467,1.00289438182,0,0,0,0.00433792081802,257,0.901853750492,0.901836739297,1.88628316782e-05
512,0.51554943894888872,800,1,pre,-1,3.0,1205,0.00232250357513,0.0026632089466,0.00634655863977,0.99365344136,1.00472752126,0,0,0,0.00433792081802,257,0.901853750492,0.901836739297,1.88628316782e-05
512,0.51554943894888872,800,1,post,1,1.5,602,0.00104788703781,0.00118745393216,0.00281378347913,0.997186216521,1.00211563662,1.84033424251e-06,5.93984251033e-06,0,0.00443839816365,257,0.901854144515,0.901836739297,1.92997431241e-05
512,0.51554943894888872,800,1,post,1,3.0,1205,0.00173395491723,0.00206942565459,0.00539405881686,0.994605941183,1.00401540989,3.52762035183e-06,1.13729701121e-05,0,0.00443839816365,257,0.901854144515,0.901836739297,1.92997431241e-05
512,0.54165346375636048,840,1,pre,-1,1.5,604,0.00170871399288,0.00188800783902,0.00394560789933,0.996054392101,1.00295168538,0,0,0,0.00439769330096,256,0.901854034609,0.901836856119,1.90483337873e-05
512,0.54165346375636048,840,1,pre,-1,3.0,1203,0.0023922987926,0.00273193222017,0.00634787283108,0.993652127169,1.00486828939,0,0,0,0.00439769330096,256,0.901854034609,0.901836856119,1.90483337873e-05
512,0.54165346375636048,840,1,post,1,1.5,604,0.00109488639565,0.0012335463036,0.00295202418401,0.997047975816,1.00219246933,1.92576157476e-06,6.26343582592e-06,0,0.00449574443904,256,0.901854417621,0.901836856119,1.94730361663e-05
512,0.54165346375636048,840,1,post,1,3.0,1203,0.00178713662291,0.00212293687279,0.00538342212838,0.994616577872,1.00412348225,3.63176790802e-06,1.13612745088e-05,0,0.00449574443904,256,0.901854417621,0.901836856119,1.94730361663e-05
512,0.56775748856383224,880,1,pre,-1,1.5,604,0.00175191555198,0.00193851838441,0.00398442488274,0.996015575117,1.00303314677,0,0,0,0.00437243791661,257,0.901854039623,0.90183689307,1.90129211289e-05
512,0.56775748856383224,880,1,pre,-1,3.0,1204,0.00245578476074,0.00279694829229,0.00632019448866,0.993679805511,1.00478819492,0,0,0,0.00437243791661,257,0.901854039623,0.90183689307,1.90129211289e-05
512,0.56775748856383224,880,1,post,1,1.5,604,0.00111836318047,0.00126499422299,0.00295719728897,0.997042802711,1.00224806814,1.9576844541e-06,6.27204549658e-06,0,0.00446937472395,257,0.901854419762,0.90183689307,1.94344369761e-05
512,0.56775748856383224,880,1,post,1,3.0,1204,0.00183258095812,0.00217228748029,0.00536763275701,0.994632367243,1.00405972422,3.71881955118e-06,1.13592937949e-05,0,0.00446937472395,257,0.901854419762,0.90183689307,1.94344369761e-05
512,0.593861513371304,920,1,pre,-1,1.5,603,0.00179278620387,0.0019700131661,0.00391919653632,0.996080803464,1.00306001062,0,0,0,0.00435813037424,257,0.901854059143,0.901836968696,1.89507052379e-05
512,0.593861513371304,920,1,pre,-1,3.0,1203,0.00250878749109,0.00284882788872,0.00639494857951,0.99360505142,1.00488547141,0,0,0,0.00435813037424,257,0.901854059143,0.901836968696,1.89507052379e-05
512,0.593861513371304,920,1,post,1,1.5,603,0.00114942680619,0.00128736201152,0.00289388132286,0.997106118677,1.00225180829,1.99260417666e-06,6.00057621513e-06,0,0.00445955765093,257,0.901854456891,0.901836968696,1.93917472119e-05
512,0.593861513371304,920,1,post,1,3.0,1203,0.00187375155052,0.00221240513701,0.00542755404681,0.994572445953,1.00415566146,3.79314090295e-06,1.14574319572e-05,0,0.00445955765093,257,0.901854456891,0.901836968696,1.93917472119e-05
512,0.61996553817877575,960,1,pre,-1,1.5,609,0.00183587032752,0.00200773603662,0.00388910848621,0.996110891514,1.00312037876,0,0,0,0.00444238125617,255,0.901854349653,0.901837064387,1.91667287875e-05
512,0.61996553817877575,960,1,pre,-1,3.0,1210,0.00257883017125,0.00291518603528,0.00635464165669,0.993645358343,1.00499932123,0,0,0,0.00444238125617,255,0.901854349653,0.901837064387,1.91667287875e-05
512,0.61996553817877575,960,1,post,1,1.5,609,0.0011804511113,0.00131382931596,0.00288795462213,0.997112045378,1.00229551882,2.05820545253e-06,6.09728099396e-06,0,0.00453966919345,255,0.9018547282,0.901837064387,1.95864792322e-05
512,0.61996553817877575,960,1,post,1,3.0,1210,0.00192853291763,0.00226581861511,0.00539554148248,0.994604458518,1.00424778642,3.90432850048e-06,1.14406608359e-05,0,0.00453966919345,255,0.9018547282,0.901837064387,1.95864792322e-05
512,0.64606956298624751,1000,1,pre,-1,1.5,609,0.00186191538533,0.00203017037892,0.00380446815492,0.996195531845,1.00314066385,0,0,0,0.00438886042709,256,0.901854306798,0.901837162812,1.90100682816e-05
512,0.64606956298624751,1000,1,pre,-1,3.0,1211,0.00262606288375,0.00296053961841,0.00620908511881,0.993790914881,1.00515663281,0,0,0,0.00438886042709,256,0.901854306798,0.901837162812,1.90100682816e-05
512,0.64606956298624751,1000,1,post,1,1.5,609,0.0011939132728,0.00132583585478,0.00280159362455,0.997198406375,1.0023281159,2.05554059107e-06,5.89437467794e-06,0,0.0044853453179,256,0.901854683692,0.901837162812,1.94279864157e-05
512,0.64606956298624751,1000,1,post,1,3.0,1211,0.00196357928444,0.00230225163436,0.00525740294177,0.994742597058,1.00433721617,3.96292950619e-06,1.11282655973e-05,0,0.0044853453179,256,0.901854683692,0.901837162812,1.94279864157e-05
512,0.67217358779371927,1040,1,pre,-1,1.5,599,0.00190408455309,0.00206421703901,0.00386394269022,0.99613605731,1.00309210227,0,0,0,0.00440471278408,257,0.901854488996,0.901837215876,1.91532569205e-05
512,0.67217358779371927,1040,1,pre,-1,3.0,1217,0.00267988739449,0.00300450698792,0.00620661824789,0.993793381752,1.00502428547,0,0,0,0.00440471278408,257,0.901854488996,0.901837215876,1.91532569205e-05
512,0.67217358779371927,1040,1,post,1,1.5,599,0.00122414926944,0.00134871899364,0.00282721177117,0.997172788229,1.00230827993,2.07984989593e-06,6.06595498904e-06,0,0.00450756096765,257,0.901854892316,0.901837215876,1.96004773817e-05
512,0.67217358779371927,1040,1,post,1,3.0,1217,0.0020098985294,0.00234072012152,0.00526551051467,0.994734489485,1.00424716592,4.04503747624e-06,1.11258113868e-05,0,0.00450756096765,257,0.901854892316,0.901837215876,1.96004773817e-05
512,0.69827761260119103,1080,1,pre,-1,1.5,608,0.00192614105137,0.00208345073394,0.00400493603676,0.995995063963,1.00307881238,0,0,0,0.00439095493351,255,0.90185434819,0.901837263023,1.89448448784e-05
512,0.69827761260119103,1080,1,pre,-1,3.0,1220,0.00272758337089,0.00305043562335,0.00621623058452,0.993783769415,1.00515736465,0,0,0,0.00439095493351,255,0.90185434819,0.901837263023,1.89448448784e-05
512,0.69827761260119103,1080,1,post,1,1.5,608,0.00123458811613,0.00135771054621,0.00292900558192,0.997070994418,1.00224731048,2.09734199763e-06,6.15198312639e-06,0,0.00448203036386,255,0.901854702564,0.901837263023,1.93377912711e-05
512,0.69827761260119103,1080,1,post,1,3.0,1220,0.00204377761134,0.00237748462627,0.00527644339409,0.994723556606,1.00437890179,4.11576896821e-06,1.12143205649e-05,0,0.00448203036386,255,0.901854702564,0.901837263023,1.93377912711e-05
512,0.72438163740866279,1120,1,pre,-1,1.5,602,0.00196149892882,0.00211294159864,0.00416498724672,0.995835012753,1.0031685968,0,0,0,0.00438614212222,257,0.901854597896,0.901837397601,1.90725012384e-05
512,0.72438163740866279,1120,1,pre,-1,3.0,1215,0.00274331677861,0.00305622765792,0.00611361679509,0.993886383205,1.00524442371,0,0,0,0.00438614212222,257,0.901854597896,0.901837397601,1.90725012384e-05
512,0.72438163740866279,1120,1,post,1,1.5,602,0.00125997791407,0.00138134772354,0.00305023785979,0.99694976214,1.00230890344,2.13893775684e-06,6.36207788985e-06,0,0.00448435613608,257,0.901854983043,0.901837397601,1.94995705964e-05
512,0.72438163740866279,1120,1,post,1,3.0,1215,0.00205474064055,0.00237942736534,0.00519328830527,0.994806711695,1.00444768269,4.13051232119e-06,1.10518530823e-05,0,0.00448435613608,257,0.901854983043,0.901837397601,1.94995705964e-05
512,0.75048566221613455,1160,1,pre,-1,1.5,609,0.00198406868109,0.00213776846106,0.00439608554549,0.995603914455,1.00329239873,0,0,0,0.00436812267949,258,0.901854654959,0.901837458675,1.90680522044e-05
512,0.75048566221613455,1160,1,pre,-1,3.0,1223,0.00279193084061,0.00310492904369,0.00635796611775,0.993642033882,1.0052536525,0,0,0,0.00436812267949,258,0.901854654959,0.901837458675,1.90680522044e-05
512,0.75048566221613455,1160,1,post,1,1.5,609,0.00127211505854,0.00139593377432,0.00321357352369,0.996786426476,1.00236552744,2.15857877656e-06,6.61138101776e-06,0,0.00445726819534,258,0.901855005904,0.901837458675,1.94571968036e-05
512,0.75048566221613455,1160,1,post,1,3.0,1223,0.00209293325297,0.00242134783691,0.00543661500148,0.994563384999,1.00447812767,4.20477405632e-06,1.15122609962e-05,0,0.00445726819534,258,0.901855005904,0.901837458675,1.94571968036e-05
512,0.77658968702360631,1200,1,pre,-1,1.5,612,0.00200122935571,0.0021461314647,0.00416937157359,0.995830628426,1.00325825412,0,0,0,0.00437693345893,256,0.901854657987,0.901837560591,1.89583990191e-05
512,0.77658968702360631,1200,1,pre,-1,3.0,1216,0.00280791777053,0.00311717527878,0.00655482606258,0.993445173937,1.0051643821,0,0,0,0.00437693345893,256,0.901854657987,0.901837560591,1.89583990191e-05
512,0.77658968702360631,1200,1,post,1,1.5,612,0.00128688542239,0.00140298870139,0.00321319577047,0.99678680423,1.00241637079,2.18979571409e-06,6.94859339998e-06,0,0.00447457850956,256,0.901855039413,0.901837560591,1.93813421249e-05
512,0.77658968702360631,1200,1,post,1,3.0,1216,0.00210236126531,0.00242731223894,0.00565824786701,0.994341752133,1.004368274,4.2216858407e-06,1.18800273649e-05,0,0.00447457850956,256,0.901855039413,0.901837560591,1.93813421249e-05
512,0.80269371183107807,1240,1,pre,-1,1.5,613,0.00203070841836,0.00217587633774,0.00457175593753,0.995428244062,1.00338177945,0,0,0,0.00445338699426,254,0.901854881904,0.901837621768,1.91388515451e-05
512,0.80269371183107807,1240,1,pre,-1,3.0,1228,0.00286234127459,0.0031725164941,0.0068502156,0.9931497844,1.00526514505,0,0,0,0.00445338699426,254,0.901854881904,0.901837621768,1.91388515451e-05
512,0.80269371183107807,1240,1,post,1,1.5,613,0.00130466024956,0.00142088307512,0.00327568041696,0.996724319583,1.00227640356,2.22179510106e-06,6.65690221124e-06,0,0.00454845402211,254,0.901855250358,0.901837621768,1.95474110832e-05
512,0.80269371183107807,1240,1,post,1,3.0,1228,0.00214922072146,0.00247851521619,0.00598202298236,0.994017977018,1.00445625582,4.31624943489e-06,1.22501919025e-05,0,0.00454845402211,254,0.901855250358,0.901837621768,1.95474110832e-05
512,0.82879773663854983,1280,1,pre,-1,1.5,606,0.00202157804058,0.0021674608084,0.00484244211556,0.995157557884,1.00319275956,0,0,0,0.00442567747826,256,0.901854938828,0.901837651025,1.91695286059e-05
512,0.82879773663854983,1280,1,pre,-1,3.0,1218,0.00284994865656,0.00315754414154,0.00702587969521,0.992974120305,1.00533954653,0,0,0,0.00442567747826,256,0.901854938828,0.901837651025,1.91695286059e-05
512,0.82879773663854983,1280,1,post,1,1.5,606,0.00129761411076,0.00141386406918,0.00366606970406,0.996333930296,1.00236581508,2.18859947013e-06,7.55781053076e-06,0,0.00452863112053,256,0.901855340991,0.901837651025,1.96154654822e-05
512,0.82879773663854983,1280,1,post,1,3.0,1218,0.0021330167271,0.00245761066102,0.00615793954817,0.993842060452,1.00454634364,4.27833997132e-06,1.24607604851e-05,0,0.00452863112053,256,0.901855340991,0.901837651025,1.96154654822e-05
512,0.85490176144602159,1320,1,pre,-1,1.5,606,0.00204155955561,0.00218858649113,0.00473818110327,0.995261818897,1.00334677537,0,0,0,0.00441559888705,255,0.901854904193,0.901837723136,1.90511618886e-05
512,0.85490176144602159,1320,1,pre,-1,3.0,1229,0.00288173617474,0.00319448634867,0.00741622463439,0.992583775366,1.00527019409,0,0,0,0.00441559888705,255,0.901854904193,0.901837723136,1.90511618886e-05
512,0.85490176144602159,1320,1,post,1,1.5,606,0.00131105954299,0.00142645064953,0.00339511778536,0.996604882215,1.00240643633,2.19707553528e-06,7.05290165346e-06,0,0.00451435500187,255,0.901855288452,0.901837723136,1.94772464989e-05
512,0.85490176144602159,1320,1,post,1,3.0,1229,0.00216083382051,0.00248950136114,0.00649456994608,0.993505430054,1.00446989486,4.32963182619e-06,1.27216616093e-05,0,0.00451435500187,255,0.901855288452,0.901837723136,1.94772464989e-05
512,0.88100578625349335,1360,1,pre,-1,1.5,610,0.00205243364236,0.00220183535161,0.00532106785112,0.994678932149,1.00320362895,0,0,0,0.00441514299817,254,0.90185486723,0.901837755317,1.89744915479e-05
512,0.88100578625349335,1360,1,pre,-1,3.0,1223,0.00287819038513,0.00319612151212,0.00747692565772,0.992523074342,1.00540532725,0,0,0,0.00441514299817,254,0.90185486723,0.901837755317,1.89744915479e-05
512,0.88100578625349335,1360,1,post,1,1.5,610,0.00132120653838,0.00143825310491,0.00393258724858,0.996067412751,1.00232988527,2.21905283093e-06,7.96114082819e-06,0,0.0045196033646,254,0.90185527209,0.901837755317,1.94234197799e-05
512,0.88100578625349335,1360,1,post,1,3.0,1223,0.00215381558964,0.0024859323105,0.00654886484088,0.993451135159,1.00458461869,4.31168302081e-06,1.3121566836e-05,0,0.0045196033646,254,0.90185527209,0.901837755317,1.94234197799e-05
512,0.90710981106096511,1400,1,pre,-1,1.5,615,0.00205719637097,0.00221771866648,0.00508775437027,0.99491224563,1.00330089075,0,0,0,0.00440175239428,254,0.901854878448,0.901837825988,1.89085654992e-05
512,0.90710981106096511,1400,1,pre,-1,3.0,1231,0.00289888289087,0.00323225603968,0.00801361277195,0.991986387228,1.00546760769,0,0,0,0.00440175239428,254,0.901854878448,0.901837825988,1.89085654992e-05
512,0.90710981106096511,1400,1,post,1,1.5,615,0.00131901760375,0.00144419860731,0.00368405515163,0.996315944848,1.00241914644,2.22643481426e-06,7.13536527885e-06,0,0.00449917307448,254,0.90185525551,0.901837825988,1.93266702104e-05
512,0.90710981106096511,1400,1,post,1,3.0,1231,0.0021694316127,0.0025153219847,0.00703094627133,0.992969053729,1.00462430501,4.3471096916e-06,1.38241149364e-05,0,0.00449917307448,254,0.90185525551,0.901837825988,1.93266702104e-05
512,0.93321383586843687,1440,1,pre,-1,1.5,613,0.00207339833091,0.00224121827904,0.00569750958861,0.994302490411,1.00320971133,0,0,0,0.00439399000191,256,0.901855068984,0.901837931805,1.90025048873e-05
512,0.93321383586843687,1440,1,pre,-1,3.0,1229,0.00289933301259,0.00324304612508,0.00821806635585,0.991781933644,1.005281986,0,0,0,0.00439399000191,256,0.901855068984,0.901837931805,1.90025048873e-05
512,0.93321383586843687,1440,1,post,1,1.5,613,0.00133222865853,0.00146140273765,0.00420339311082,0.995796606889,1.00233121303,2.24521029542e-06,8.57496344336e-06,0,0.00449680566593,256,0.901855471714,0.901837931805,1.94490699937e-05
512,0.93321383586843687,1440,1,post,1,3.0,1229,0.0021689114846,0.00252325397587,0.00709265115458,0.992907348845,1.00449137214,4.34159658207e-06,1.49484821875e-05,0,0.00449680566593,256,0.901855471714,0.901837931805,1.94490699937e-05
512,0.95931786067590863,1480,1,pre,-1,1.5,616,0.00206932401617,0.00225183503079,0.00558692242722,0.994413077573,1.00325211158,0,0,0,0.00441446130968,254,0.90185504125,0.901838006069,1.88894023668e-05
512,0.95931786067590863,1480,1,pre,-1,3.0,1241,0.00293838266561,0.00331874750519,0.00895564641783,0.991044353582,1.00538253217,0,0,0,0.00441446130968,254,0.90185504125,0.901838006069,1.88894023668e-05
512,0.95931786067590863,1480,1,post,1,1.5,616,0.00132360805974,0.00146036279717,0.00384056394854,0.996159436051,1.00232968795,2.21807624593e-06,8.54202505502e-06,0,0.00451594475009,254,0.901855431943,0.901838006069,1.93226215361e-05
512,0.95931786067590863,1480,1,post,1,3.0,1241,0.00220033820147,0.00258859738139,0.00785230925711,0.992147690743,1.00456782686,4.40632015465e-06,1.53421390486e-05,0,0.00451594475009,254,0.901855431943,0.901838006069,1.93226215361e-05
512,0.98542188548338039,1520,1,pre,-1,1.5,618,0.00211266507089,0.00233542352197,0.00666186631467,0.993338133685,1.0032638917,0,0,0,0.00441677769575,257,0.901855271755,0.901838099591,1.9041293735e-05
512,0.98542188548338039,1520,1,pre,-1,3.0,1248,0.00295850642802,0.00336498827331,0.00938271559642,0.990617284404,1.00531933015,0,0,0,0.00441677769575,257,0.901855271755,0.901838099591,1.9041293735e-05
512,0.98542188548338039,1520,1,post,1,1.5,618,0.00136077082769,0.00153309345202,0.00507194069645,0.994928059304,1.00242049005,2.27614702571e-06,1.02866357471e-05,0,0.00451215209067,257,0.901855644601,0.901838099591,1.94547220384e-05
512,0.98542188548338039,1520,1,post,1,3.0,1248,0.00222111174092,0.00263099487811,0.00825866166414,0.991741338336,1.00453947591,4.43828975363e-06,1.60183704382e-05,0,0.00451215209067,257,0.901855644601,0.901838099591,1.94547220384e-05
512,1.011525910290852,1560,1,pre,-1,1.5,625,0.00211084396197,0.00235600045646,0.00641596279318,0.993584037207,1.00330076766,0,0,0,0.00443927999442,256,0.901855319868,0.901838164486,1.90226834648e-05
512,1.011525910290852,1560,1,pre,-1,3.0,1247,0.00296413707083,0.00339661531265,0.00989145829868,0.990108541701,1.00532368379,0,0,0,0.00443927999442,256,0.901855319868,0.901838164486,1.90226834648e-05
512,1.011525910290852,1560,1,post,1,1.5,625,0.00136042411584,0.00154891528065,0.00505629654991,0.99494370345,1.00235079599,2.28719993983e-06,1.07921797993e-05,0,0.00453417907129,256,0.901855691738,0.901838164486,1.94350296759e-05
512,1.011525910290852,1560,1,post,1,3.0,1247,0.00222119692348,0.00265094693211,0.0087246083972,0.991275391603,1.00451150052,4.43716728308e-06,1.63596860993e-05,0,0.00453417907129,256,0.901855691738,0.901838164486,1.94350296759e-05
512,1.0376299350983238,1600,1,pre,-1,1.5,625,0.00213233508497,0.0023935873562,0.00723902395652,0.992760976043,1.00331146687,0,0,0,0.00443524235697,259,0.901855477332,0.901838178227,1.91820496971e-05
512,1.0376299350983238,1600,1,pre,-1,3.0,1253,0.00298397887723,0.00345260297423,0.0103256463979,0.989674353602,1.00537467477,0,0,0,0.00443524235697,259,0.901855477332,0.901838178227,1.91820496971e-05
512,1.0376299350983238,1600,1,post,1,1.5,625,0.00137514760797,0.00157078411673,0.00541177297505,0.994588227025,1.00238922296,2.31405174289e-06,1.0667082539e-05,0,0.00453502701933,259,0.901855870119,0.901838178227,1.96175906141e-05
512,1.0376299350983238,1600,1,post,1,3.0,1253,0.00224061556243,0.00270161099436,0.00916148235692,0.990838517643,1.00458092975,4.48068950838e-06,1.72785481341e-05,0,0.00453502701933,259,0.901855870119,0.901838178227,1.96175906141e-05
512,1.0637339599057956,1640,1,pre,-1,1.5,627,0.00210692860581,0.00239154960517,0.00686355431546,0.993136445685,1.00328000136,0,0,0,0.00446748814374,256,0.901855379937,0.901838241366,1.90040417787e-05
512,1.0637339599057956,1640,1,pre,-1,3.0,1242,0.00294070191114,0.00342643090602,0.0101726497885,0.989827350211,1.00534017679,0,0,0,0.00446748814374,256,0.901855379937,0.901838241366,1.90040417787e-05
512,1.0637339599057956,1640,1,post,1,1.5,627,0.00135256824412,0.00156640004875,0.00506742099372,0.994932579006,1.00237901278,2.2765567094e-06,9.51439429539e-06,0,0.00456867501009,256,0.901855771506,0.901838241366,1.94382312401e-05
512,1.0637339599057956,1640,1,post,1,3.0,1242,0.00219496527837,0.00266433330698,0.00878315233203,0.991216847668,1.00450761521,4.3877352413e-06,1.87947361227e-05,0,0.00456867501009,256,0.901855771506,0.901838241366,1.94382312401e-05
512,1.0898379847132673,1680,1,pre,-1,1.5,631,0.00213517099631,0.00243058455081,0.006630212494,0.993369787506,1.00359795771,0,0,0,0.00443583956247,258,0.901855563267,0.90183845948,1.89654669862e-05
512,1.0898379847132673,1680,1,pre,-1,3.0,1255,0.00297771124018,0.00349169965476,0.0108821842,0.9891178158,1.00541519154,0,0,0,0.00443583956247,258,0.901855563267,0.90183845948,1.89654669862e-05
512,1.0898379847132673,1680,1,post,1,1.5,631,0.00137382989671,0.00159197390776,0.00474642779124,0.995253572209,1.00248271186,2.31802472073e-06,9.46113934147e-06,0,0.00453413735759,258,0.901855947398,0.90183845948,1.93914091506e-05
512,1.0898379847132673,1680,1,post,1,3.0,1255,0.00223163278099,0.00272549155196,0.00959852744496,0.990401472555,1.00460618308,4.45452366694e-06,1.87566523607e-05,0,0.00453413735759,258,0.901855947398,0.90183845948,1.93914091506e-05
512,1.1159420095207391,1720,1,pre,-1,1.5,629,0.00212405281674,0.00246027343161,0.00771143179265,0.992288568207,1.00326637648,0,0,0,0.00439642204481,259,0.901855495954,0.901838524816,1.88183777704e-05
512,1.1159420095207391,1720,1,pre,-1,3.0,1257,0.00300314611932,0.00358907663708,0.0116131676648,0.988386832335,1.00544368493,0,0,0,0.00439642204481,259,0.901855495954,0.901838524816,1.88183777704e-05
512,1.1159420095207391,1720,1,post,1,1.5,629,0.00136324528431,0.00160811811348,0.00569884965616,0.994301150344,1.00237291538,2.27211171641e-06,1.18537367518e-05,0,0.00449768883606,259,0.901855893941,0.901838524816,1.92596843722e-05
512,1.1159420095207391,1720,1,post,1,3.0,1257,0.00224971526724,0.00280789389169,0.0100202235563,0.989979776444,1.0046285766,4.48414195562e-06,2.09100644577e-05,0,0.00449768883606,259,0.901855893941,0.901838524816,1.92596843722e-05
512,1.1420460343282108,1760,1,pre,-1,1.5,633,0.00217543502185,0.00257653434333,0.00891828553716,0.991081714463,1.00348240637,0,0,0,0.00441826074783,261,0.901855733124,0.901838584942,1.90146906479e-05
512,1.1420460343282108,1760,1,pre,-1,3.0,1274,0.00304308923032,0.00367047818486,0.0124605849663,0.987539415034,1.00545628761,0,0,0,0.00441826074783,261,0.901855733124,0.901838584942,1.90146906479e-05
512,1.1420460343282108,1760,1,post,1,1.5,633,0.0014000954565,0.00170304592995,0.0068654712932,0.993134528707,1.00237904253,2.34929903991e-06,1.36458586785e-05,0,0.00450331848442,261,0.901856069415,0.901838584942,1.93875859779e-05
512,1.1420460343282108,1760,1,post,1,3.0,1274,0.00228726930627,0.00288158561052,0.0110725353037,0.988927464696,1.00463697253,4.56413386266e-06,2.08785930635e-05,0,0.00450331848442,261,0.901856069415,0.901838584942,1.93875859779e-05
512,1.1681500591356826,1800,1,pre,-1,1.5,634,0.00217760477998,0.00261660074204,0.00916484397242,0.990835156028,1.00320499815,0,0,0,0.00446234231772,261,0.901856038453,0.901838758669,1.91606128666e-05
512,1.1681500591356826,1800,1,pre,-1,3.0,1272,0.00305341296984,0.00374478736152,0.0131206622188,0.986879337781,1.00549602128,0,0,0,0.00446234231772,261,0.901856038453,0.901838758669,1.91606128666e-05
512,1.1681500591356826,1800,1,post,1,1.5,634,0.00141124212763,0.00173815067283,0.00707077417801,0.992929225822,1.00231764462,2.350134138e-06,1.49772083239e-05,0,0.00456638638781,261,0.901856449421,0.901838758669,1.96163137412e-05
512,1.1681500591356826,1800,1,post,1,3.0,1272,0.00229658212358,0.00294240950428,0.0116472749677,0.988352725032,1.00465998501,4.56416223982e-06,2.15967616133e-05,0,0.00456638638781,261,0.901856449421,0.901838758669,1.96163137412e-05
512,1.1942540839431544,1840,1,pre,-1,1.5,638,0.00216502056387,0.0026196894277,0.00916175067188,0.990838249328,1.00336598046,0,0,0,0.00447172597584,262,0.901856114762,0.901838769596,1.92331117863e-05
512,1.1942540839431544,1840,1,pre,-1,3.0,1275,0.00304649776067,0.00376424411295,0.0135027682314,0.986497231769,1.00549928068,0,0,0,0.00447172597584,262,0.901856114762,0.901838769596,1.92331117863e-05
512,1.1942540839431544,1840,1,post,1,1.5,638,0.00139210220411,0.00172577579412,0.00683411473114,0.993165885269,1.00239765055,2.33610889942e-06,1.29101235858e-05,0,0.00456311911266,262,0.901856475992,0.901838769596,1.96336600898e-05
512,1.1942540839431544,1840,1,post,1,3.0,1275,0.00228626456419,0.00295167444354,0.0121061364515,0.987893863549,1.00467324069,4.55679371148e-06,2.23943549979e-05,0,0.00456311911266,262,0.901856475992,0.901838769596,1.96336600898e-05
512,1.2203581087506261,1880,1,pre,-1,1.5,640,0.00215388951794,0.00262299928712,0.00853487362909,0.991465126371,1.00335758064,0,0,0,0.00447985547505,263,0.901856254547,0.90183884379,1.93058401662e-05
512,1.2203581087506261,1880,1,pre,-1,3.0,1270,0.00303232324549,0.00379596216269,0.0136185322841,0.986381467716,1.00548764505,0,0,0,0.00447985547505,263,0.901856254547,0.90183884379,1.93058401662e-05
512,1.2203581087506261,1880,1,post,1,1.5,640,0.00138406378453,0.00172232596301,0.00631346825562,0.993686531744,1.00232786305,2.32557923539e-06,1.1795957646e-05,0,0.00457873383196,263,0.901856646694,0.90183884379,1.97406709902e-05
512,1.2203581087506261,1880,1,post,1,3.0,1270,0.00227175765649,0.00297402573012,0.0121400844075,0.987859915593,1.00469368244,4.52888512611e-06,2.30283182353e-05,0,0.00457873383196,263,0.901856646694,0.90183884379,1.97406709902e-05
512,1.2464621335580979,1920,1,pre,-1,1.5,645,0.0021489817439,0.00264225827065,0.00865160413847,0.991348395862,1.00338006751,0,0,0,0.00443747378931,263,0.901856097752,0.901838888779,1.90820928047e-05
512,1.2464621335580979,1920,1,pre,-1,3.0,1281,0.00302772227264,0.00381146362876,0.0132499484059,0.986750051594,1.00550503855,0,0,0,0.00443747378931,263,0.901856097752,0.901838888779,1.90820928047e-05
512,1.2464621335580979,1920,1,post,1,1.5,645,0.00137749846357,0.00173240145101,0.00623208251972,0.99376791748,1.00236976384,2.32351199742e-06,1.2856055075e-05,0,0.00453413674959,263,0.901856480777,0.901838888779,1.95068085969e-05
512,1.2464621335580979,1920,1,post,1,3.0,1281,0.00226557674085,0.00297831829282,0.0116537884787,0.988346211521,1.00465210719,4.52627396167e-06,2.32583212859e-05,0,0.00453413674959,263,0.901856480777,0.901838888779,1.95068085969e-05
512,1.2725661583655696,1960,1,pre,-1,1.5,639,0.00215859593543,0.00268700665623,0.00927208544218,0.990727914558,1.00326941318,0,0,0,0.00439533780887,265,0.901856138675,0.901838996682,1.90078188858e-05
512,1.2725661583655696,1960,1,pre,-1,3.0,1282,0.00303873690106,0.00389432296803,0.0156538823744,0.984346117626,1.00539760031,0,0,0,0.00439533780887,265,0.901856138675,0.901838996682,1.90078188858e-05
512,1.2725661583655696,1960,1,post,1,1.5,639,0.00138157893232,0.00175810600855,0.00653175718063,0.993468242819,1.00230088677,2.31451422078e-06,1.24429824841e-05,0,0.00449391436187,265,0.901856532367,0.901838996682,1.94443626607e-05
512,1.2725661583655696,1960,1,post,1,3.0,1282,0.00227369313567,0.00304758265806,0.013510526257,0.986489473743,1.00456027425,4.54222354188e-06,2.85079522056e-05,0,0.00449391436187,265,0.901856532367,0.901838996682,1.94443626607e-05
512,1.2986701831730414,2000,1,pre,-1,1.5,646,0.0021843874038,0.0027856605193,0.0117428824151,0.988257117585,1.00340897126,0,0,0,0.00437713170049,265,0.901856078445,0.901839032824,1.8900957159e-05
512,1.2986701831730414,2000,1,pre,-1,3.0,1295,0.00309905891069,0.00403625786736,0.0158000579887,0.984199942011,1.00552458436,0,0,0,0.00437713170049,265,0.901856078445,0.901839032824,1.8900957159e-05
512,1.2986701831730414,2000,1,post,1,1.5,646,0.00139731740099,0.00182835533416,0.00807165677596,0.991928343224,1.00237584354,2.34010516194e-06,1.58943095029e-05,0,0.00446737032719,265,0.901856438192,0.901839032824,1.92998613318e-05
512,1.2986701831730414,2000,1,post,1,3.0,1295,0.00232586684206,0.00317680194229,0.0140776240632,0.985922375937,1.00466122038,4.63964557164e-06,2.7793439875e-05,0,0.00446737032719,265,0.901856438192,0.901839032824,1.92998613318e-05
512,1.3247742079805132,2040,1,pre,-1,1.5,650,0.00223218006468,0.00289838161099,0.0115336853562,0.988466314644,1.00343799137,0,0,0,0.00448159859221,264,0.901856537221,0.901839162834,1.92655052803e-05
512,1.3247742079805132,2040,1,pre,-1,3.0,1293,0.00311230436362,0.00409942035109,0.0167299985902,0.98327000141,1.00559914229,0,0,0,0.00448159859221,264,0.901856537221,0.901839162834,1.92655052803e-05
512,1.3247742079805132,2040,1,post,1,1.5,650,0.00143884543006,0.00192538943064,0.00902214353799,0.990977856462,1.00239140879,2.42231381096e-06,1.65311606323e-05,0,0.00457342751384,264,0.901856901719,0.901839162834,1.96696776107e-05
512,1.3247742079805132,2040,1,post,1,3.0,1293,0.00233763736512,0.00323132501836,0.0149706781166,0.985029321883,1.00472471402,4.65767905805e-06,2.84542099143e-05,0,0.00457342751384,264,0.901856901719,0.901839162834,1.96696776107e-05
512,1.3508782327879849,2080,1,pre,-1,1.5,654,0.00224766049235,0.00296955548367,0.0120031676951,0.987996832305,1.00333544729,0,0,0,0.00441291983604,269,0.901856588974,0.901839172138,1.93125734612e-05
512,1.3508782327879849,2080,1,pre,-1,3.0,1300,0.00313809970188,0.00418401020513,0.0172602702007,0.982739729799,1.00575643241,0,0,0,0.00441291983604,269,0.901856588974,0.901839172138,1.93125734612e-05
512,1.3508782327879849,2080,1,post,1,1.5,654,0.00145201235078,0.0019900242564,0.00947492799939,0.990525072001,1.00236916541,2.44784329595e-06,1.86264802725e-05,0,0.004504890716,269,0.901856961039,0.901839172138,1.97251367939e-05
512,1.3508782327879849,2080,1,post,1,3.0,1300,0.00235855750707,0.00330020669969,0.0154111933325,0.984588806667,1.00482832824,4.70462403503e-06,2.82114092959e-05,0,0.004504890716,269,0.901856961039,0.901839172138,1.97251367939e-05
512,1.3769822575954567,2120,1,pre,-1,1.5,651,0.00223214659059,0.0029479888477,0.0121527118146,0.987847288185,1.00349281053,0,0,0,0.00443165765039,268,0.901856688312,0.90183927457,1.93091413205e-05
512,1.3769822575954567,2120,1,pre,-1,3.0,1299,0.00314227748176,0.00422105885826,0.0179753402637,0.982024659736,1.00571863538,0,0,0,0.00443165765039,268,0.901856688312,0.90183927457,1.93091413205e-05
512,1.3769822575954567,2120,1,post,1,1.5,651,0.00143648760309,0.00195086319876,0.00915760522276,0.990842394777,1.00246316279,2.40598822593e-06,1.68992766198e-05,0,0.00452305900758,268,0.901857056067,0.90183927457,1.97169253905e-05
512,1.3769822575954567,2120,1,post,1,3.0,1299,0.00236101384853,0.00333089231466,0.0161446706638,0.983855329336,1.00478182089,4.70010021464e-06,2.90584213911e-05,0,0.00452305900758,268,0.901857056067,0.90183927457,1.97169253905e-05
512,1.4030862824029284,2160,1,pre,-1,1.5,654,0.0022543134363,0.00301402708278,0.0121115632764,0.987888436724,1.00354234361,0,0,0,0.00447605667136,266,0.901856823361,0.901839366192,1.93572939326e-05
512,1.4030862824029284,2160,1,pre,-1,3.0,1314,0.00319017753591,0.00433918067752,0.018532290225,0.981467709775,1.00574727647,0,0,0,0.00447605667136,266,0.901856823361,0.901839366192,1.93572939326e-05
512,1.4030862824029284,2160,1,post,1,1.5,654,0.00145459698267,0.00201037720628,0.00969738974311,0.990302610257,1.00248662637,2.42314528691e-06,1.73902624945e-05,0,0.00457120009183,266,0.90185720291,0.901839366192,1.97781550324e-05
512,1.4030862824029284,2160,1,post,1,3.0,1314,0.00240411887144,0.00343199269688,0.0165960761151,0.983403923885,1.00480133569,4.77852940856e-06,3.0228492099e-05,0,0.00457120009183,266,0.90185720291,0.901839366192,1.97781550324e-05
512,1.4291903072104002,2200,1,pre,-1,1.5,656,0.00225877187707,0.00303554451437,0.0124095797877,0.987590420212,1.00354605207,0,0,0,0.00447074280578,267,0.901856937119,0.901839436955,1.9404966964e-05
512,1.4291903072104002,2200,1,pre,-1,3.0,1308,0.00318124036062,0.00435765965591,0.0191782579176,0.980821742082,1.00582041498,0,0,0,0.00447074280578,267,0.901856937119,0.901839436955,1.9404966964e-05
512,1.4291903072104002,2200,1,post,1,1.5,656,0.0014600295441,0.00201930613215,0.00932802446828,0.990671975532,1.00249721149,2.44234824266e-06,1.70950102792e-05,0,0.00456786460141,267,0.901857326109,0.901839436955,1.98362961172e-05
512,1.4291903072104002,2200,1,post,1,3.0,1308,0.00239354007377,0.00344338096839,0.0172207208488,0.982779279151,1.00487131236,4.75293402245e-06,3.03634352209e-05,0,0.00456786460141,267,0.901857326109,0.901839436955,1.98362961172e-05
512,1.4552943320178719,2240,1,pre,-1,1.5,656,0.00230546674274,0.00315177554795,0.0137276534105,0.986272346589,1.00343983787,0,0,0,0.00440988838711,270,0.901857008072,0.901839556013,1.93516227315e-05
512,1.4552943320178719,2240,1,pre,-1,3.0,1319,0.0032061142976,0.0044226030252,0.0196665164924,0.980333483508,1.00607961862,0,0,0,0.00440988838711,270,0.901857008072,0.901839556013,1.93516227315e-05
512,1.4552943320178719,2240,1,post,1,1.5,656,0.00149110304918,0.00211113988808,0.0103574512603,0.98964254874,1.00242147131,2.50468595741e-06,1.89825837581e-05,0,0.00450095688213,270,0.901857377236,0.901839556013,1.97609688486e-05
512,1.4552943320178719,2240,1,post,1,3.0,1319,0.00241591799657,0.00349622241727,0.017676852398,0.982323147602,1.00513147413,4.80255346499e-06,3.12966909287e-05,0,0.00450095688213,270,0.901857377236,0.901839556013,1.97609688486e-05
512,1.4813983568253437,2280,1,pre,-1,1.5,654,0.00227484996812,0.0030929513382,0.0129914539125,0.987008546087,1.00349421953,0,0,0,0.00444264330979,270,0.90185718615,0.901839602495,1.94975414725e-05
512,1.4813983568253437,2280,1,pre,-1,3.0,1316,0.00321759123003,0.00447313964981,0.0202859208943,0.979714079106,1.00602540091,0,0,0,0.00444264330979,270,0.90185718615,0.901839602495,1.94975414725e-05
512,1.4813983568253437,2280,1,post,1,1.5,654,0.00146892520476,0.00205371970715,0.00975251661593,0.990247483384,1.00246209892,2.43738900418e-06,1.69007153468e-05,0,0.00452385080123,271,0.901857583571,0.901839602495,1.99382186345e-05
512,1.4813983568253437,2280,1,post,1,3.0,1316,0.00242462102257,0.00353722007783,0.0182219881862,0.981778011814,1.00507380465,4.80702954036e-06,3.21372167815e-05,0,0.00452385080123,271,0.901857583571,0.901839602495,1.99382186345e-05
512,1.5075023816328155,2320,1,pre,-1,1.5,661,0.0023221252355,0.00321465451851,0.0146341248972,0.985365875103,1.00345084596,0,0,0,0.00444147075748,268,0.901857003514,0.901839550185,1.93530318108e-05
512,1.5075023816328155,2320,1,pre,-1,3.0,1323,0.00324719475198,0.00456237859824,0.0207459085728,0.979254091427,1.00587393589,0,0,0,0.00444147075748,268,0.901857003514,0.901839550185,1.93530318108e-05
512,1.5075023816328155,2320,1,post,1,1.5,661,0.0014975358277,0.00214359223,0.0110887506853,0.988911249315,1.0024359013,2.51125896802e-06,2.01399866518e-05,0,0.00453044889686,268,0.901857360447,0.901839550185,1.97488142598e-05
512,1.5075023816328155,2320,1,post,1,3.0,1323,0.00244888835161,0.00361660370147,0.0187098168494,0.981290183151,1.00494443026,4.86608341588e-06,3.35733090225e-05,0,0.00453044889686,268,0.901857360447,0.901839550185,1.97488142598e-05
512,1.5336064064402872,2360,1,pre,-1,1.5,666,0.0023356086914,0.00325881706842,0.0143242539274,0.985675746073,1.00369527608,0,0,0,0.00437041234609,273,0.901857062239,0.901839559769,1.94075214208e-05
512,1.5336064064402872,2360,1,pre,-1,3.0,1318,0.0032288524419,0.00456602670322,0.0209807002113,0.979019299789,1.00612782139,0,0,0,0.00437041234609,273,0.901857062239,0.901839559769,1.94075214208e-05
512,1.5336064064402872,2360,1,post,1,1.5,666,0.00151148497879,0.00218695073421,0.0114362457155,0.988563754284,1.0026018184,2.54029430429e-06,2.17291729422e-05,0,0.00446497207608,273,0.901857449974,0.901839559769,1.98374584515e-05
512,1.5336064064402872,2360,1,post,1,3.0,1318,0.00242847986603,0.0036061073561,0.0188133307835,0.981186669217,1.00511419202,4.82252646817e-06,3.40235902769e-05,0,0.00446497207608,273,0.901857449974,0.901839559769,1.98374584515e-05
512,1.559710431247759,2400,1,pre,-1,1.5,666,0.00235778774114,0.00331025095052,0.0147467291754,0.985253270825,1.00373140314,0,0,0,0.00437303822328,273,0.901857366835,0.901839845293,1.94286624057e-05
512,1.559710431247759,2400,1,pre,-1,3.0,1326,0.00328953891469,0.00468677328608,0.0215725356037,0.978427464396,1.00616941144,0,0,0,0.00437303822328,273,0.901857366835,0.901839845293,1.94286624057e-05
512,1.559710431247759,2400,1,post,1,1.5,666,0.00153248632282,0.00223357909042,0.01184906691,0.98815093309,1.00262742145,2.56189087657e-06,2.19115454951e-05,0,0.00446107893117,273,0.901857726806,0.901839845293,1.98278142555e-05
512,1.559710431247759,2400,1,post,1,3.0,1326,0.00248179941883,0.00370998789789,0.0193209175783,0.980679082422,1.0051462118,4.9245297153e-06,3.87962977072e-05,0,0.00446107893117,273,0.901857726806,0.901839845293,1.98278142555e-05
512,1.5858144560552307,2440,1,pre,-1,1.5,661,0.00234095901111,0.00329486145296,0.0157788255869,0.984221174413,1.00373448274,0,0,0,0.00430880634393,273,0.901857273775,0.901840000618,1.91532394035e-05
512,1.5858144560552307,2440,1,pre,-1,3.0,1326,0.00326214296963,0.00467711249417,0.0216034516324,0.978396548368,1.00627862126,0,0,0,0.00430880634393,273,0.901857273775,0.901840000618,1.91532394035e-05
512,1.5858144560552307,2440,1,post,1,1.5,661,0.0015071567265,0.00218858271799,0.0118177778454,0.988182222155,1.00263099112,2.51755164896e-06,2.40770148527e-05,0,0.00440342621002,273,0.901857661064,0.901840000618,1.95826824261e-05
512,1.5858144560552307,2440,1,post,1,3.0,1326,0.0024529573917,0.00369250599722,0.0192301713181,0.980769828682,1.00524724747,4.88140899321e-06,3.92648504917e-05,0,0.00440342621002,273,0.901857661064,0.901840000618,1.95826824261e-05
512,1.6119184808627025,2480,1,pre,-1,1.5,661,0.00232589984362,0.00325249286097,0.0151726477182,0.984827352282,1.00351810085,0,0,0,0.00435573491936,273,0.90185756756,0.90184009758,1.93714822732e-05
512,1.6119184808627025,2480,1,pre,-1,3.0,1332,0.00329530916027,0.00472593495658,0.0223421942058,0.977657805794,1.00640127122,0,0,0,0.00435573491936,273,0.90185756756,0.90184009758,1.93714822732e-05
512,1.6119184808627025,2480,1,post,1,1.5,661,0.00149644756325,0.00214302099097,0.0114033127771,0.988596687223,1.00245636786,2.48298573704e-06,2.16393801814e-05,0,0.00445384667974,273,0.90185796992,0.90184009758,1.98176367049e-05
512,1.6119184808627025,2480,1,post,1,3.0,1332,0.00248147759889,0.00373573313157,0.0195475380189,0.980452461981,1.00538926091,4.93843355956e-06,4.09486093128e-05,0,0.00445384667974,273,0.90185796992,0.90184009758,1.98176367049e-05
512,1.6380225056701743,2520,1,pre,-1,1.5,661,0.00230788099483,0.00324270274325,0.0137637723693,0.986236227631,1.00354781428,0,0,0,0.00432950656992,274,0.901857639361,0.901840181097,1.93584896463e-05
512,1.6380225056701743,2520,1,pre,-1,3.0,1324,0.0032411508826,0.00463482483168,0.0215377889186,0.978462211081,1.00642458733,0,0,0,0.00432950656992,274,0.901857639361,0.901840181097,1.93584896463e-05
512,1.6380225056701743,2520,1,post,1,1.5,661,0.00148013491378,0.00213929098602,0.00966333497402,0.990336665026,1.00248847524,2.44337954319e-06,1.68610768006e-05,0,0.0044233700351,274,0.901858024709,0.901840181097,1.97857801225e-05
512,1.6380225056701743,2520,1,post,1,3.0,1324,0.00243249559976,0.00364147320883,0.0191239735827,0.980876026417,1.00540396887,4.8222320719e-06,3.60669229134e-05,0,0.0044233700351,274,0.901858024709,0.901840181097,1.97857801225e-05
512,1.664126530477646,2560,1,pre,-1,1.5,663,0.00235242093326,0.00333484157668,0.0138260816551,0.986173918345,1.00362441821,0,0,0,0.00432983886096,275,0.901857718227,0.901840187785,1.94385243199e-05
512,1.664126530477646,2560,1,pre,-1,3.0,1322,0.00324878816818,0.00468672938389,0.0227956796635,0.977204320337,1.00610168292,0,0,0,0.00432983886096,275,0.901857718227,0.901840187785,1.94385243199e-05
512,1.664126530477646,2560,1,post,1,1.5,663,0.00152031347771,0.00221861783897,0.0103014627144,0.989698537286,1.00254011946,2.52123289056e-06,2.01595345128e-05,0,0.00442859718204,275,0.90185812636,0.901840187785,1.98910798658e-05
512,1.664126530477646,2560,1,post,1,3.0,1322,0.00243953471401,0.00368537210566,0.0203837814529,0.979616218547,1.00508404367,4.82991880611e-06,3.7183354438e-05,0,0.00442859718204,275,0.90185812636,0.901840187785,1.98910798658e-05
512,1.6902305552851178,2600,1,pre,-1,1.5,669,0.00240165836562,0.00345739647777,0.0160127219727,0.983987278027,1.00374099818,0,0,0,0.00438883746851,273,0.901857973878,0.901840295366,1.9602708094e-05
512,1.6902305552851178,2600,1,pre,-1,3.0,1335,0.00333311261649,0.00485331597369,0.0235432442134,0.976456755787,1.00622721914,0,0,0,0.00438883746851,273,0.901857973878,0.901840295366,1.9602708094e-05
512,1.6902305552851178,2600,1,post,1,1.5,669,0.00155750034843,0.002327651839,0.0128341496305,0.98716585037,1.00263380319,2.58979097004e-06,2.11073745762e-05,0,0.00447775680823,273,0.901858337571,0.901840295366,2.00059868971e-05
512,1.6902305552851178,2600,1,post,1,3.0,1335,0.00251519675928,0.00384658853775,0.0212561506047,0.978743849395,1.00520933918,4.97397543549e-06,3.85463054258e-05,0,0.00447775680823,273,0.901858337571,0.901840295366,2.00059868971e-05
512,1.7163345800925895,2640,1,pre,-1,1.5,673,0.00242035026714,0.00351219859986,0.0168841837782,0.983115816222,1.00387842685,0,0,0,0.00433399390297,273,0.901857870727,0.90184041239,1.93585659664e-05
512,1.7163345800925895,2640,1,pre,-1,3.0,1330,0.00332710890337,0.00489001994851,0.0234806943028,0.976519305697,1.0064587331,0,0,0,0.00433399390297,273,0.901857870727,0.90184041239,1.93585659664e-05
512,1.7163345800925895,2640,1,post,1,1.5,673,0.00156835538233,0.00236114042182,0.0128355897657,0.987164410234,1.00273231948,2.63337149307e-06,2.27931440792e-05,0,0.00442460094388,273,0.901858241679,0.90184041239,1.97698936124e-05
512,1.7163345800925895,2640,1,post,1,3.0,1330,0.00250422423544,0.00386960669594,0.0211526473555,0.978847352645,1.00537608202,4.96652480843e-06,4.08348227028e-05,0,0.00442460094388,273,0.901858241679,0.90184041239,1.97698936124e-05
512,1.7424386049000613,2680,1,pre,-1,1.5,663,0.00234511119705,0.00332331293223,0.0155170546275,0.984482945373,1.00369315671,0,0,0,0.00433421242945,272,0.901857863996,0.901840434595,1.93264805579e-05
512,1.7424386049000613,2680,1,pre,-1,3.0,1342,0.00330836928908,0.0048241007888,0.0246823467405,0.97531765326,1.00668048207,0,0,0,0.00433421242945,272,0.901857863996,0.901840434595,1.93264805579e-05
512,1.7424386049000613,2680,1,post,1,1.5,663,0.00150874558516,0.00218683228688,0.0116690104199,0.98833098958,1.00258140738,2.4916534467e-06,2.02255525918e-05,0,0.00443131463044,272,0.901858261506,0.901840434595,1.97672568729e-05
512,1.7424386049000613,2680,1,post,1,3.0,1342,0.00248893463502,0.00379726584238,0.0214912476461,0.978508752354,1.00560983331,4.94179761388e-06,4.51382882793e-05,0,0.00443131463044,272,0.901858261506,0.901840434595,1.97672568729e-05
512,1.7685426297075331,2720,1,pre,-1,1.5,671,0.00238278811485,0.00341774865594,0.0159325279983,0.984067472002,1.00362252074,0,0,0,0.00432688907086,274,0.90185808835,0.901840532109,1.94671235989e-05
512,1.7685426297075331,2720,1,pre,-1,3.0,1335,0.00330102167988,0.00483934518006,0.024453786672,0.975546213328,1.00618411984,0,0,0,0.00432688907086,274,0.90185808835,0.901840532109,1.94671235989e-05
512,1.7685426297075331,2720,1,post,1,1.5,671,0.00153658018571,0.00227214912536,0.0120566394754,0.987943360525,1.00254912584,2.57785779275e-06,2.06305354435e-05,0,0.00441887353585,274,0.901858465902,0.901840532109,1.98857692949e-05
512,1.7685426297075331,2720,1,post,1,3.0,1335,0.00247969790598,0.00381249363818,0.022102715449,0.977897284551,1.00522533291,4.91889950075e-06,4.04672355204e-05,0,0.00441887353585,274,0.901858465902,0.901840532109,1.98857692949e-05
512,1.7946466545150048,2760,1,pre,-1,1.5,668,0.00245192952896,0.00363283642619,0.0166305675473,0.983369432453,1.00382296343,0,0,0,0.00434330972581,275,0.901858215093,0.901840514788,1.9626867783e-05
512,1.7946466545150048,2760,1,pre,-1,3.0,1332,0.00335448090082,0.00495568214827,0.0241210336203,0.97587896638,1.00636969819,0,0,0,0.00434330972581,275,0.901858215093,0.901840514788,1.9626867783e-05
512,1.7946466545150048,2760,1,post,1,1.5,668,0.00159597013267,0.002468898691,0.0133908147939,0.986609185206,1.00269007432,2.64169039193e-06,2.30794376992e-05,0,0.00443010202712,275,0.901858575033,0.901840514788,2.00259848825e-05
512,1.7946466545150048,2760,1,post,1,3.0,1332,0.00252670778822,0.00391946864592,0.0216474682138,0.978352531786,1.00535422389,4.99557120799e-06,4.14750913355e-05,0,0.00443010202712,275,0.901858575033,0.901840514788,2.00259848825e-05
512,1.8207506793224766,2800,1,pre,-1,1.5,671,0.00238565792481,0.00341632759284,0.015522000508,0.984477999492,1.00362380593,0,0,0,0.00429687695963,273,0.901858012955,0.901840580879,1.93294427966e-05
512,1.8207506793224766,2800,1,pre,-1,3.0,1345,0.00333372085865,0.0048919642956,0.0246344685649,0.975365531435,1.00665561199,0,0,0,0.00429687695963,273,0.901858012955,0.901840580879,1.93294427966e-05
512,1.8207506793224766,2800,1,post,1,1.5,671,0.00153275781477,0.0022512107964,0.0117603652681,0.988239634732,1.00254683793,2.55047051007e-06,2.0215070572e-05,0,0.00438781229041,273,0.901858385167,0.901840580879,1.97421673866e-05
512,1.8207506793224766,2800,1,post,1,3.0,1345,0.00250902770295,0.00385587814754,0.0216743420297,0.97832565797,1.00560845102,4.98480315697e-06,4.53043735131e-05,0,0.00438781229041,273,0.901858385167,0.901840580879,1.97421673866e-05
512,1.8468547041299483,2840,1,pre,-1,1.5,666,0.00237559738835,0.00345568323546,0.0155253891536,0.984474610846,1.00380632183,0,0,0,0.00430179480446,273,0.901858109142,0.901840648611,1.93609934196e-05
512,1.8468547041299483,2840,1,pre,-1,3.0,1335,0.00332960884423,0.00492208000864,0.0247667861468,0.975233213853,1.00681369025,0,0,0,0.00430179480446,273,0.901858109142,0.901840648611,1.93609934196e-05
512,1.8468547041299483,2840,1,post,1,1.5,666,0.00153022533839,0.00229380843015,0.0115808048865,0.988419195114,1.00266728602,2.53296884188e-06,2.19717602078e-05,0,0.00439431438575,273,0.901858488809,0.901840648611,1.97819850135e-05
512,1.8468547041299483,2840,1,post,1,3.0,1335,0.00250494382005,0.00388183758676,0.0222187441887,0.977781255811,1.00571041547,4.9603615959e-06,4.11800186423e-05,0,0.00439431438575,273,0.901858488809,0.901840648611,1.97819850135e-05
512,1.8729587289374201,2880,1,pre,-1,1.5,666,0.00245527211758,0.00362707100759,0.017055807037,0.982944192963,1.00380169107,0,0,0,0.00430655957138,273,0.90185824116,0.901840741254,1.94046517005e-05
512,1.8729587289374201,2880,1,pre,-1,3.0,1341,0.00338242075636,0.005079267243,0.0255856707729,0.974414329227,1.00645232054,0,0,0,0.00430655957138,273,0.90185824116,0.901840741254,1.94046517005e-05
512,1.8729587289374201,2880,1,post,1,1.5,666,0.00158956216018,0.00243668673812,0.0135005656407,0.986499434359,1.00266975789,2.64001268343e-06,2.38196396982e-05,0,0.00439789678277,273,0.901858617652,0.901840741254,1.98221227738e-05
512,1.8729587289374201,2880,1,post,1,3.0,1341,0.00255236000675,0.00403400230022,0.0225366018939,0.977463398106,1.00543808887,5.05718043027e-06,4.7302784211e-05,0,0.00439789678277,273,0.901858617652,0.901840741254,1.98221227738e-05
512,1.8990627537448919,2920,1,pre,-1,1.5,668,0.00241767561617,0.00352642208746,0.0175475276933,0.982452472307,1.00398115193,0,0,0,0.00429752615761,274,0.901858354379,0.901840772397,1.94956604167e-05
512,1.8990627537448919,2920,1,pre,-1,3.0,1348,0.00334918000263,0.00493379768441,0.0236777254433,0.976322274557,1.00674057754,0,0,0,0.00429752615761,274,0.901858354379,0.901840772397,1.94956604167e-05
512,1.8990627537448919,2920,1,post,1,1.5,668,0.00155976083337,0.00234849158759,0.013341170489,0.986658829511,1.00278379002,2.58285205467e-06,2.47150056632e-05,0,0.00439473103177,274,0.90185875615,0.901840772397,1.99411624025e-05
512,1.8990627537448919,2920,1,post,1,3.0,1348,0.00252300395155,0.00389101676521,0.02113888894,0.97886111106,1.00566772934,5.00209271166e-06,4.2886569867e-05,0,0.00439473103177,274,0.90185875615,0.901840772397,1.99411624025e-05
512,1.9251667785523636,2960,1,pre,-1,1.5,672,0.00245670312363,0.00362582857023,0.0169286679043,0.983071332096,1.00386354426,0,0,0,0.00429803537672,276,0.901858583581,0.901840846033,1.96681581738e-05
512,1.9251667785523636,2960,1,pre,-1,3.0,1332,0.00335882674734,0.00502022070876,0.0245872175697,0.97541278243,1.00693493325,0,0,0,0.00429803537672,276,0.901858583581,0.901840846033,1.96681581738e-05
512,1.9251667785523636,2960,1,post,1,1.5,672,0.00160003464901,0.00245343691617,0.0136126169443,0.986387383056,1.00270426775,2.66204133765e-06,2.26961730289e-05,0,0.00438844220307,276,0.901858959079,0.901840846033,2.00845260943e-05
512,1.9251667785523636,2960,1,post,1,3.0,1332,0.00252936802032,0.00396728667429,0.022106843179,0.977893156821,1.00580809727,4.99834558662e-06,4.31193676809e-05,0,0.00438844220307,276,0.901858959079,0.901840846033,2.00845260943e-05
512,1.9512708033598354,3000,1,pre,-1,1.5,665,0.00238432842482,0.00344696887115,0.0153157613905,0.98468423861,1.00385197249,0,0,0,0.00430705450581,272,0.901858350012,0.901840825858,1.94315370975e-05
512,1.9512708033598354,3000,1,pre,-1,3.0,1341,0.00336563977545,0.00502805253973,0.0255829288845,0.974417071115,1.0065958797,0,0,0,0.00430705450581,272,0.901858350012,0.901840825858,1.94315370975e-05
512,1.9512708033598354,3000,1,post,1,1.5,665,0.00153581721325,0.00227790822601,0.0114395162152,0.988560483785,1.00269897668,2.53623170402e-06,2.11446022094e-05,0,0.00440529523271,272,0.901858753067,0.901840825858,1.9878462772e-05
512,1.9512708033598354,3000,1,post,1,3.0,1341,0.00253583906733,0.00397665148595,0.0227794029789,0.977220597021,1.00555327512,5.02538473572e-06,4.68983390727e-05,0,0.00440529523271,272,0.901858753067,0.901840825858,1.9878462772e-05
512,1.9773748281673071,3040,1,pre,-1,1.5,672,0.0024160705164,0.00355567356873,0.0172126276052,0.982787372395,1.00376546358,0,0,0,0.00431521699204,274,0.901858524863,0.901840802,1.9651875956e-05
512,1.9773748281673071,3040,1,pre,-1,3.0,1341,0.00340310151637,0.00511318584144,0.0250171566541,0.974982843346,1.00691064047,0,0,0,0.00431521699204,274,0.901858524863,0.901840802,1.9651875956e-05
512,1.9773748281673071,3040,1,post,1,1.5,672,0.00156472547744,0.00237828697021,0.0131331145935,0.986866885406,1.0026385037,2.60069555034e-06,2.38287677358e-05,0,0.00440545648543,274,0.901858899261,0.901840802,2.00670244684e-05
512,1.9773748281673071,3040,1,post,1,3.0,1341,0.002568695138,0.00405913990012,0.0224489299539,0.977551070046,1.00580568774,5.08023282666e-06,4.5820142963e-05,0,0.00440545648543,274,0.901858899261,0.901840802,2.00670244684e-05
512,2.0034788529747778,3080,1,pre,-1,1.5,670,0.00235907516687,0.00340541935497,0.0163861672011,0.983613832799,1.00402848599,0,0,0,0.00424917349381,272,0.901858240989,0.90184087594,1.92551142271e-05
512,2.0034788529747778,3080,1,pre,-1,3.0,1331,0.00331375787224,0.00494543402345,0.0237326573629,0.976267342637,1.00658654748,0,0,0,0.00424917349381,272,0.901858240989,0.90184087594,1.92551142271e-05
512,2.0034788529747778,3080,1,post,1,1.5,670,0.00150852208599,0.00222744496686,0.0123640968002,0.9876359032,1.00280037192,2.50311154992e-06,2.15213011046e-05,0,0.00434135722301,272,0.9018586207,0.90184087594,1.96761543539e-05
512,2.0034788529747778,3080,1,post,1,3.0,1331,0.00248536386021,0.0038949874079,0.021013569391,0.978986430609,1.00552735213,4.93531135659e-06,4.37323049692e-05,0,0.00434135722301,272,0.9018586207,0.90184087594,1.96761543539e-05
512,2.0295828777822407,3120,1,pre,-1,1.5,670,0.00243624953492,0.0035912986245,0.0177085687149,0.982291431285,1.00395571377,0,0,0,0.00427195699731,274,0.901858542287,0.901840911956,1.95492688831e-05
512,2.0295828777822407,3120,1,pre,-1,3.0,1346,0.00340515274171,0.00509646472308,0.0243056739272,0.975694326073,1.00678657339,0,0,0,0.00427195699731,274,0.901858542287,0.901840911956,1.95492688831e-05
512,2.0295828777822407,3120,1,post,1,1.5,670,0.00158123929473,0.00241053508434,0.0136061362628,0.986393863737,1.0027602111,2.62000133707e-06,2.43269729732e-05,0,0.00436611149527,274,0.901858931096,0.901840911956,1.99803972003e-05
512,2.0295828777822407,3120,1,post,1,3.0,1346,0.00257473010567,0.00405035570555,0.0219789208885,0.978021079112,1.00568790157,5.09209549226e-06,4.36930033811e-05,0,0.00436611149527,274,0.901858931096,0.901840911956,1.99803972003e-05
512,2.0556869025897093,3160,1,pre,-1,1.5,671,0.00237574122503,0.00343385092041,0.0166057530086,0.983394246991,1.00393816476,0,0,0,0.00421766189667,273,0.90185829888,0.901840951665,1.92353371673e-05
512,2.0556869025897093,3160,1,pre,-1,3.0,1339,0.00332485747155,0.00494590134984,0.0242940119367,0.975705988063,1.00683010079,0,0,0,0.00421766189667,273,0.90185829888,0.901840951665,1.92353371673e-05
512,2.0556869025897093,3160,1,post,1,1.5,671,0.00152159491808,0.00225610438391,0.0124610858443,0.987538914156,1.00273998613,2.53848226169e-06,2.17407436317e-05,0,0.00430978666118,273,0.901858677941,0.901840951665,1.9655657341e-05
512,2.0556869025897093,3160,1,post,1,3.0,1339,0.00249860156155,0.0039001934246,0.0212720685166,0.978727931483,1.00569297685,4.96699598409e-06,4.48862338119e-05,0,0.00430978666118,273,0.901858677941,0.901840951665,1.9655657341e-05
512,2.0817909273971811,3200,1,pre,-1,1.5,667,0.00240845962532,0.0035300954949,0.0175080407076,0.982491959292,1.00385422223,0,0,0,0.00428643325293,271,0.901858449325,0.901840954365,1.9399163746e-05
512,2.0817909273971811,3200,1,pre,-1,3.0,1336,0.00336759339669,0.00506247049193,0.0238670843549,0.976132915645,1.00673572555,0,0,0,0.00428643325293,271,0.901858449325,0.901840954365,1.9399163746e-05
512,2.0817909273971811,3200,1,post,1,1.5,667,0.00155667969875,0.002356299925,0.0134370635972,0.986562936403,1.00268698711,2.5802907304e-06,2.41067482714e-05,0,0.00437857434962,271,0.901858828448,0.901840954365,1.98195511959e-05
512,2.0817909273971811,3200,1,post,1,3.0,1336,0.00254168234261,0.00402098060893,0.0215229480262,0.978477051974,1.00563709005,5.02377204296e-06,4.2926649809e-05,0,0.00437857434962,271,0.901858828448,0.901840954365,1.98195511959e-05
512,2.1078949522046528,3240,1,pre,-1,1.5,666,0.00236194557224,0.00340621773415,0.0164065625216,0.983593437478,1.00394532294,0,0,0,0.00420311864208,274,0.901858541686,0.90184113549,1.93007337514e-05
512,2.1078949522046528,3240,1,pre,-1,3.0,1335,0.00331742478888,0.00491499641839,0.0244460639852,0.975553936015,1.00668755114,0,0,0,0.00420311864208,274,0.901858541686,0.90184113549,1.93007337514e-05
512,2.1078949522046528,3240,1,post,1,1.5,666,0.0015175396734,0.00224182920701,0.0123158560917,0.987684143908,1.0027341136,2.53073634546e-06,2.15915484293e-05,0,0.00429886684192,274,0.901858941022,0.90184113549,1.9743535335e-05
512,2.1078949522046528,3240,1,post,1,3.0,1335,0.00249260987824,0.00387116330306,0.0213721780583,0.978627821942,1.0055670459,4.95442027997e-06,4.51218699976e-05,0,0.00429886684192,274,0.901858941022,0.90184113549,1.9743535335e-05
512,2.1339989770121246,3280,1,pre,-1,1.5,670,0.002384299344,0.00347769096329,0.0167631422602,0.98323685774,1.00380950662,0,0,0,0.00423200944112,272,0.901858607286,0.901841160003,1.93462925467e-05
512,2.1339989770121246,3280,1,pre,-1,3.0,1341,0.00337510411632,0.0050421214602,0.0238225669932,0.976177433007,1.00672087369,0,0,0,0.00423200944112,272,0.901858607286,0.901841160003,1.93462925467e-05
512,2.1339989770121246,3280,1,post,1,1.5,670,0.00153687574496,0.00231076423265,0.0127526631407,0.987247336859,1.0026534028,2.56321031134e-06,2.23306266625e-05,0,0.00431827894865,272,0.90185896358,0.901841160003,1.97413664859e-05
512,2.1339989770121246,3280,1,post,1,3.0,1341,0.00254754157409,0.00400561358238,0.0211734857673,0.978826514233,1.00562017567,5.0512165266e-06,4.33755194091e-05,0,0.00431827894865,272,0.90185896358,0.901841160003,1.97413664859e-05
512,2.1601030018195964,3320,1,pre,-1,1.5,662,0.0023377408445,0.00336755358853,0.015961297903,0.984038702097,1.00405229689,0,0,0,0.00421781224296,271,0.901858524415,0.901841172064,1.92410281837e-05
512,2.1601030018195964,3320,1,pre,-1,3.0,1328,0.00326764890656,0.00478644764162,0.0228346499571,0.977165350043,1.00662627392,0,0,0,0.00421781224296,271,0.901858524415,0.901841172064,1.92410281837e-05
512,2.1601030018195964,3320,1,post,1,1.5,662,0.00149776242059,0.00221787624738,0.0120359720176,0.987964027982,1.00278949058,2.48860920941e-06,2.10088004332e-05,0,0.00431588315072,271,0.901858926473,0.901841172064,1.96868462083e-05
512,2.1601030018195964,3320,1,post,1,3.0,1328,0.00244941385431,0.0037487340953,0.0199882798176,0.980011720182,1.00556349294,4.86874705485e-06,4.11791949242e-05,0,0.00431588315072,271,0.901858926473,0.901841172064,1.96868462083e-05
512,2.1862070266270681,3360,1,pre,-1,1.5,667,0.00242343457344,0.00354699761842,0.0157763011118,0.984223698888,1.00392282407,0,0,0,0.0041917296098,275,0.90185875399,0.901841250592,1.9408513155e-05
512,2.1862070266270681,3360,1,pre,-1,3.0,1334,0.00333793872757,0.00496411479543,0.0229715264213,0.977028473579,1.00675959756,0,0,0,0.0041917296098,275,0.90185875399,0.901841250592,1.9408513155e-05
512,2.1862070266270681,3360,1,post,1,1.5,667,0.00157417592912,0.00238707005692,0.0123484734919,0.987651526508,1.00270094074,2.62816725157e-06,2.22989288275e-05,0,0.00428248530885,275,0.901859131209,0.901841250592,1.98267892978e-05
512,2.1862070266270681,3360,1,post,1,3.0,1334,0.00251661978201,0.00392725158274,0.0204224278888,0.979577572111,1.00564534464,4.98844182286e-06,4.14968420256e-05,0,0.00428248530885,275,0.901859131209,0.901841250592,1.98267892978e-05
512,2.2123110514345399,3400,1,pre,-1,1.5,664,0.00233571348615,0.00335542737552,0.0154267076462,0.984573292354,1.00393240836,0,0,0,0.00420474968061,272,0.90185867319,0.901841310353,1.92526526398e-05
512,2.2123110514345399,3400,1,pre,-1,3.0,1335,0.00327581089039,0.0047859098313,0.0235816635233,0.976418336477,1.00664145056,0,0,0,0.00420474968061,272,0.90185867319,0.901841310353,1.92526526398e-05
512,2.2123110514345399,3400,1,post,1,1.5,664,0.00149984102623,0.00221878525093,0.0114950099192,0.988504990081,1.00273144769,2.51070743365e-06,2.03754359713e-05,0,0.00429867884218,272,0.901859060813,0.901841310353,1.96824648707e-05
512,2.2123110514345399,3400,1,post,1,3.0,1335,0.00246172062236,0.00376442737439,0.0211936605017,0.978806339498,1.00557808755,4.8977314473e-06,4.05738359103e-05,0,0.00429867884218,272,0.901859060813,0.901841310353,1.96824648707e-05
512,2.2384150762420116,3440,1,pre,-1,1.5,667,0.00236784533177,0.00342587348363,0.0166126575401,0.98338734246,1.00380146921,0,0,0,0.00415960977578,273,0.901858650015,0.901841415676,1.91101663316e-05
512,2.2384150762420116,3440,1,pre,-1,3.0,1329,0.00331781261923,0.00492568433843,0.0230482735679,0.976951726432,1.00684589624,0,0,0,0.00415960977578,273,0.901858650015,0.901841415676,1.91101663316e-05
512,2.2384150762420116,3440,1,post,1,1.5,667,0.00152659450095,0.00227147952416,0.012121439487,0.987878560513,1.00263996321,2.53279719438e-06,2.5148437604e-05,0,0.00425758810016,273,0.901859057669,0.901841415676,1.9562190045e-05
512,2.2384150762420116,3440,1,post,1,3.0,1329,0.00249966008046,0.00390096470189,0.0197164147792,0.980283585221,1.00572610558,4.95668366175e-06,4.15358847055e-05,0,0.00425758810016,273,0.901859057669,0.901841415676,1.9562190045e-05
512,2.2645191010494834,3480,1,pre,-1,1.5,660,0.0023431354898,0.00337151077137,0.015297167797,0.984702832203,1.00370764457,0,0,0,0.00421825545846,272,0.901858901647,0.90184143346,1.9369465435e-05
512,2.2645191010494834,3480,1,pre,-1,3.0,1337,0.0032980882968,0.00481611358254,0.0225027104032,0.977497289597,1.00675437427,0,0,0,0.00421825545846,272,0.901858901647,0.90184143346,1.9369465435e-05
512,2.2645191010494834,3480,1,post,1,1.5,660,0.00151587656082,0.00224398079434,0.0121524633988,0.987847536601,1.00255254236,2.51147746599e-06,2.05675179927e-05,0,0.00431592952091,272,0.901859307328,0.90184143346,1.98193018481e-05
512,2.2645191010494834,3480,1,post,1,3.0,1337,0.00248780273973,0.0038025990984,0.0200653953157,0.979934604684,1.00565266694,4.94091273982e-06,4.02686659987e-05,0,0.00431592952091,272,0.901859307328,0.90184143346,1.98193018481e-05
512,2.2906231258569552,3520,1,pre,-1,1.5,661,0.00229828076815,0.00327174863019,0.0152524576248,0.984747542375,1.00384969967,0,0,0,0.0041647881692,272,0.901858740516,0.901841461012,1.91602452642e-05
512,2.2906231258569552,3520,1,pre,-1,3.0,1329,0.00325428359728,0.00474727693965,0.0215790995857,0.978420900414,1.00674576307,0,0,0,0.0041647881692,272,0.901858740516,0.901841461012,1.91602452642e-05
512,2.2906231258569552,3520,1,post,1,1.5,661,0.00146838194928,0.00214004627059,0.0114507169647,0.988549283035,1.00265855555,2.44362188809e-06,2.01141290892e-05,0,0.00425816995646,272,0.901859127826,0.901841461012,1.95897112185e-05
512,2.2906231258569552,3520,1,post,1,3.0,1329,0.00244291925526,0.00373421493954,0.0190659786628,0.980934021337,1.00565690366,4.86418269752e-06,3.87959710078e-05,0,0.00425816995646,272,0.901859127826,0.901841461012,1.95897112185e-05
512,2.3167271506644269,3560,1,pre,-1,1.5,660,0.00232282127422,0.00333151469371,0.0153229593817,0.984677040618,1.00376375143,0,0,0,0.00422610342597,271,0.901858959403,0.901841483909,1.93775681543e-05
512,2.3167271506644269,3560,1,pre,-1,3.0,1325,0.00330517027822,0.0048726206488,0.0230682552645,0.976931744735,1.00664646127,0,0,0,0.00422610342597,271,0.901858959403,0.901841483909,1.93775681543e-05
512,2.3167271506644269,3560,1,post,1,1.5,660,0.00149715425059,0.0022089605429,0.0116245484478,0.988375451552,1.00261302241,2.48912595594e-06,2.14664219641e-05,0,0.00432074294112,271,0.90185935075,0.901841483909,1.98115101267e-05
512,2.3167271506644269,3560,1,post,1,3.0,1325,0.00249235703595,0.00386509433377,0.0201179208758,0.979882079124,1.00553383908,4.94458196281e-06,4.21943263242e-05,0,0.00432074294112,271,0.90185935075,0.901841483909,1.98115101267e-05
512,2.3428311754718987,3600,1,pre,-1,1.5,666,0.00228632462414,0.00320858289243,0.0144940241275,0.985505975872,1.00382126052,0,0,0,0.00418607557903,271,0.901858833846,0.901841523872,1.91940312531e-05
512,2.3428311754718987,3600,1,pre,-1,3.0,1325,0.00323000574212,0.00469801808535,0.0227537908254,0.977246209175,1.00655016237,0,0,0,0.00418607557903,271,0.901858833846,0.901841523872,1.91940312531e-05
512,2.3428311754718987,3600,1,post,1,1.5,666,0.0014675707685,0.00210593243219,0.0108048784228,0.989195121577,1.00273739795,2.45120373923e-06,1.8995882246e-05,0,0.00428338827962,271,0.901859236247,0.901841523872,1.96402303202e-05
512,2.3428311754718987,3600,1,post,1,3.0,1325,0.00242616461134,0.00369463950439,0.020411007848,0.979588992152,1.00548920694,4.8276034561e-06,3.90621681921e-05,0,0.00428338827962,271,0.901859236247,0.901841523872,1.96402303202e-05
512,2.3689352002793704,3640,1,pre,-1,1.5,669,0.0023510294007,0.00336630474328,0.0152911292462,0.984708870754,1.00391662898,0,0,0,0.00416865770111,274,0.901859043598,0.901841614822,1.93257606349e-05
512,2.3689352002793704,3640,1,pre,-1,3.0,1329,0.00326595110774,0.00476478811777,0.021914649262,0.978085350738,1.00657574954,0,0,0,0.00416865770111,274,0.901859043598,0.901841614822,1.93257606349e-05
512,2.3689352002793704,3640,1,post,1,1.5,669,0.00152261392947,0.00225793669957,0.0114430259221,0.988556974078,1.00268175534,2.55669229109e-06,2.08557343019e-05,0,0.00425677025192,274,0.901859411988,0.901841614822,1.97342475355e-05
512,2.3689352002793704,3640,1,post,1,3.0,1329,0.00245978688932,0.00376158247642,0.0187797367985,0.981220263201,1.00548418569,4.88983762765e-06,3.94662987523e-05,0,0.00425677025192,274,0.901859411988,0.901841614822,1.97342475355e-05
512,2.3950392250868422,3680,1,pre,-1,1.5,658,0.00227901612289,0.00322068213904,0.0132385562901,0.98676144371,1.00392876235,0,0,0,0.00418820731167,272,0.901859034009,0.901841651313,1.92746657201e-05
512,2.3950392250868422,3680,1,pre,-1,3.0,1318,0.0031999485139,0.00463134650955,0.0213349013035,0.978665098696,1.00662519409,0,0,0,0.00418820731167,272,0.901859034009,0.901841651313,1.92746657201e-05
512,2.3950392250868422,3680,1,post,1,1.5,658,0.00146644959831,0.00213090787934,0.00977750357059,0.990222496429,1.00270528542,2.44082948663e-06,1.9977751124e-05,0,0.00429189325815,272,0.901859464346,0.901841651313,1.97518417078e-05
512,2.3950392250868422,3680,1,post,1,3.0,1318,0.00240370946547,0.00364383745824,0.0189513403775,0.981048659623,1.00550969805,4.77536512678e-06,3.75441498833e-05,0,0.00429189325815,272,0.901859464346,0.901841651313,1.97518417078e-05
512,2.421143249894314,3720,1,pre,-1,1.5,660,0.00234413218765,0.00334466970118,0.014493619516,0.985506380484,1.00400565845,0,0,0,0.0041821037307,273,0.901859109131,0.901841687953,1.93173349471e-05
512,2.421143249894314,3720,1,pre,-1,3.0,1328,0.00323870701833,0.00468189308577,0.0211567864083,0.978843213592,1.00666674586,0,0,0,0.0041821037307,273,0.901859109131,0.901841687953,1.93173349471e-05
512,2.421143249894314,3720,1,post,1,1.5,660,0.00151911276629,0.00223881529949,0.0109663995518,0.989033600448,1.00279430159,2.54602703771e-06,2.00107771612e-05,0,0.00426878939021,273,0.901859470233,0.901841687953,1.97177401087e-05
512,2.421143249894314,3720,1,post,1,3.0,1328,0.00244123923079,0.00369819505634,0.0182450247342,0.981754975266,1.00560985927,4.85583691455e-06,3.81399123913e-05,0,0.00426878939021,273,0.901859470233,0.901841687953,1.97177401087e-05
512,2.4472472747017857,3760,1,pre,-1,1.5,662,0.00227009385391,0.00318966638086,0.014689254392,0.985310745608,1.00353505696,0,0,0,0.00415140373985,276,0.901859190433,0.901841707104,1.93862499381e-05
512,2.4472472747017857,3760,1,pre,-1,3.0,1321,0.00319297470465,0.00458297604653,0.0217170750799,0.97828292492,1.00670408205,0,0,0,0.00415140373985,276,0.901859190433,0.901841707104,1.93862499381e-05
512,2.4472472747017857,3760,1,post,1,1.5,662,0.0014587271087,0.00210726378434,0.0110364076737,0.988963592326,1.00257792898,2.44282684499e-06,1.97621628036e-05,0,0.00424778221142,276,0.901859596324,0.901841707104,1.98363186988e-05
512,2.4472472747017857,3760,1,post,1,3.0,1321,0.00239898441435,0.00360611647864,0.0188099087941,0.981190091206,1.00563069896,4.7771083046e-06,3.95830535169e-05,0,0.00424778221142,276,0.901859596324,0.901841707104,1.98363186988e-05
512,2.4733512995092575,3800,1,pre,-1,1.5,662,0.00229910501402,0.00326212229575,0.0134620549337,0.986537945066,1.00384783962,0,0,0,0.00418460643576,272,0.901859099595,0.901841731844,1.92580923094e-05
512,2.4733512995092575,3800,1,pre,-1,3.0,1315,0.00319413855153,0.00461189209005,0.0200669306909,0.979933069309,1.00681484046,0,0,0,0.00418460643576,272,0.901859099595,0.901841731844,1.92580923094e-05
512,2.4733512995092575,3800,1,post,1,1.5,662,0.00148552976058,0.00217664661147,0.0103346692128,0.989665330787,1.00270354187,2.49127484249e-06,1.97685423885e-05,0,0.00427432842125,272,0.901859471976,0.901841731844,1.96710043249e-05
512,2.4733512995092575,3800,1,post,1,3.0,1315,0.00239984423353,0.00363357544986,0.017382871882,0.982617128118,1.00570830212,4.77283554842e-06,3.59949623227e-05,0,0.00427432842125,272,0.901859471976,0.901841731844,1.96710043249e-05
512,2.4994553243167292,3840,1,pre,-1,1.5,660,0.00228632431743,0.00318451669765,0.0138357876085,0.986164212391,1.00377218603,0,0,0,0.00422085161953,273,0.901859384931,0.901841802343,1.94963108051e-05
512,2.4994553243167292,3840,1,pre,-1,3.0,1317,0.0031613162509,0.0045168665861,0.0206180572499,0.97938194275,1.00640959529,0,0,0,0.00422085161953,273,0.901859384931,0.901841802343,1.94963108051e-05
512,2.4994553243167292,3840,1,post,1,1.5,660,0.00147569696708,0.00211200208134,0.0103877394739,0.989612260526,1.0026437514,2.48591185023e-06,1.88305709946e-05,0,0.00431745496693,273,0.901859787346,0.901841802343,1.99425261796e-05
512,2.4994553243167292,3840,1,post,1,3.0,1317,0.00237448374267,0.00354926688611,0.0183290592404,0.98167094076,1.00537399772,4.7304614828e-06,3.74400091145e-05,0,0.00431745496693,273,0.901859787346,0.901841802343,1.99425261796e-05
512,2.525559349124201,3880,1,pre,-1,1.5,657,0.00225347967528,0.00318440049936,0.0137086591629,0.986291340837,1.00380018694,0,0,0,0.00416797899269,274,0.901859244701,0.901841818763,1.93226097947e-05
512,2.525559349124201,3880,1,pre,-1,3.0,1317,0.00316988128093,0.00455944550738,0.0202921753762,0.979707824624,1.00646993417,0,0,0,0.00416797899269,274,0.901859244701,0.901841818763,1.93226097947e-05
512,2.525559349124201,3880,1,post,1,1.5,657,0.00144712181576,0.00211234177269,0.0103232809991,0.989676719001,1.00260861121,2.41601211917e-06,1.94636258769e-05,0,0.00425517555832,274,0.901859609262,0.901841818763,1.97268501274e-05
512,2.525559349124201,3880,1,post,1,3.0,1317,0.00238197972362,0.00359579974466,0.0180965759654,0.981903424035,1.00541678209,4.74395083276e-06,3.60342306303e-05,0,0.00425517555832,274,0.901859609262,0.901841818763,1.97268501274e-05
512,2.5516633739316728,3920,1,pre,-1,1.5,657,0.00223622931034,0.0031031128698,0.0131162366794,0.986883763321,1.0040174952,0,0,0,0.00419952598422,273,0.901859394151,0.901841900398,1.93978045915e-05
512,2.5516633739316728,3920,1,pre,-1,3.0,1311,0.00312142963492,0.00443106139645,0.0199008003724,0.980099199628,1.00667586155,0,0,0,0.00419952598422,273,0.901859394151,0.901841900398,1.93978045915e-05
512,2.5516633739316728,3920,1,post,1,1.5,657,0.00143952544605,0.00205254696308,0.00974202276482,0.990257977235,1.00273817949,2.41752141865e-06,1.75852727581e-05,0,0.00430015948212,273,0.901859813355,0.901841900398,1.98626353691e-05
512,2.5516633739316728,3920,1,post,1,3.0,1311,0.00234233193621,0.00347762928272,0.0177857187101,0.98221428129,1.00561587535,4.66491716611e-06,3.57776310526e-05,0,0.00430015948212,273,0.901859813355,0.901841900398,1.98626353691e-05
512,2.5777673987391445,3960,1,pre,-1,1.5,661,0.00227229050748,0.00316010974004,0.0132817570366,0.986718242963,1.00357482108,0,0,0,0.00419201322207,274,0.901859447845,0.901841921423,1.94340294582e-05
512,2.5777673987391445,3960,1,pre,-1,3.0,1325,0.00318850873916,0.00453905310536,0.0197451443526,0.980254855647,1.00666149916,0,0,0,0.00419201322207,274,0.901859447845,0.901841921423,1.94340294582e-05
512,2.5777673987391445,3960,1,post,1,1.5,661,0.00147296240559,0.00210688498282,0.0100523941554,0.989947605845,1.00252773344,2.45609925485e-06,1.87987494731e-05,0,0.00428542643968,274,0.901859838397,0.901841921423,1.98670899301e-05
512,2.5777673987391445,3960,1,post,1,3.0,1325,0.00240626670209,0.00358730034329,0.0171822843342,0.982817715666,1.0055872103,4.78641584855e-06,3.55536285986e-05,0,0.00428542643968,274,0.901859838397,0.901841921423,1.98670899301e-05
512,2.6038714235466163,4000,1,pre,-1,1.5,660,0.00220880587024,0.00305355315054,0.0126894694276,0.987310530572,1.0038469054,0,0,0,0.00420887088203,271,0.90185937953,0.901841975294,1.9298542821e-05
512,2.6038714235466163,4000,1,pre,-1,3.0,1311,0.00309178180289,0.00436847238324,0.019476217384,0.980523782616,1.00671321768,0,0,0,0.00420887088203,271,0.90185937953,0.901841975294,1.9298542821e-05
512,2.6038714235466163,4000,1,post,1,1.5,660,0.00141895572609,0.00201875123529,0.00936206635993,0.99063793364,1.0027457395,2.40473607386e-06,1.72544469058e-05,0,0.00430393765737,271,0.901859772643,0.901841975294,1.97344436328e-05
512,2.6038714235466163,4000,1,post,1,3.0,1311,0.00231721984984,0.00342756831567,0.0173808973416,0.982619102658,1.00562801945,4.62550149752e-06,3.44277002228e-05,0,0.00430393765737,271,0.901859772643,0.901841975294,1.97344436328e-05
512,2.629975448354088,4040,1,pre,-1,1.5,656,0.00228087297517,0.00319549217207,0.0129394507638,0.987060549236,1.00381501782,0,0,0,0.00417985618551,274,0.901859489678,0.901842014083,1.9377667863e-05
512,2.629975448354088,4040,1,pre,-1,3.0,1318,0.00313840341038,0.00446199896741,0.0193888053376,0.980611194662,1.00647130723,0,0,0,0.00417985618551,274,0.901859489678,0.901842014083,1.9377667863e-05
512,2.629975448354088,4040,1,post,1,1.5,656,0.00147947293661,0.00214677374736,0.0100148124139,0.989985187586,1.00263122785,2.48356164971e-06,1.88905290416e-05,0,0.00427673257642,274,0.901859894709,0.901842014083,1.98267834419e-05
512,2.629975448354088,4040,1,post,1,3.0,1318,0.00236282203928,0.00351866975921,0.0165517332287,0.983448266771,1.0054800264,4.70473763937e-06,3.49444533202e-05,0,0.00427673257642,274,0.901859894709,0.901842014083,1.98267834419e-05
512,2.6560794731615598,4080,1,pre,-1,1.5,664,0.00220483308278,0.00300014751308,0.0124051556788,0.987594844321,1.00379473705,0,0,0,0.00417365377254,273,0.901859432192,0.901842046214,1.92782965321e-05
512,2.6560794731615598,4080,1,pre,-1,3.0,1311,0.00306636418452,0.00429682117331,0.0192436110611,0.980756388939,1.00644600346,0,0,0,0.00417365377254,273,0.901859432192,0.901842046214,1.92782965321e-05
512,2.6560794731615598,4080,1,post,1,1.5,664,0.00141666391144,0.00197956144141,0.0091603736535,0.990839626347,1.00264911664,2.41440849635e-06,1.6643391579e-05,0,0.00426826331207,273,0.901859826303,0.901842046214,1.97153022969e-05
512,2.6560794731615598,4080,1,post,1,3.0,1311,0.00229802334934,0.00336600888105,0.0171578337839,0.982842166216,1.00540131452,4.59203708497e-06,3.31522173583e-05,0,0.00426826331207,273,0.901859826303,0.901842046214,1.97153022969e-05
512,2.6821834979690315,4120,1,pre,-1,1.5,659,0.00223106480124,0.00309613118748,0.0122659529016,0.987734047098,1.00389289073,0,0,0,0.00415355689493,274,0.901859474684,0.901842109044,1.92557432392e-05
512,2.6821834979690315,4120,1,pre,-1,3.0,1318,0.00312162690409,0.00442952514919,0.0190214640045,0.980978535995,1.00674760159,0,0,0,0.00415355689493,274,0.901859474684,0.901842109044,1.92557432392e-05
512,2.6821834979690315,4120,1,post,1,1.5,659,0.00143994895465,0.00206423534268,0.00972337625645,0.990276623744,1.00266583503,2.4235762658e-06,1.72031764032e-05,0,0.00424827849108,274,0.901859870706,0.901842109044,1.96948692175e-05
512,2.6821834979690315,4120,1,post,1,3.0,1318,0.0023502001867,0.00349722177598,0.016369360917,0.983630639083,1.00568816076,4.68545758738e-06,3.45139841548e-05,0,0.00424827849108,274,0.901859870706,0.901842109044,1.96948692175e-05
512,2.7082875227765033,4160,1,pre,-1,1.5,654,0.00214757949633,0.00293223453004,0.0122889301858,0.987711069814,1.00376245583,0,0,0,0.00414619772735,271,0.901859333639,0.901842188565,1.90111689581e-05
512,2.7082875227765033,4160,1,pre,-1,3.0,1310,0.00307482645396,0.00433779516072,0.0192495838026,0.980750416197,1.00669765466,0,0,0,0.00414619772735,271,0.901859333639,0.901842188565,1.90111689581e-05
512,2.7082875227765033,4160,1,post,1,1.5,654,0.00137256343258,0.00191888975721,0.00912146223489,0.990878537765,1.00263977587,2.31164102949e-06,1.59905936346e-05,0,0.00424594474089,271,0.901859746106,0.901842188565,1.94685295223e-05
512,2.7082875227765033,4160,1,post,1,3.0,1310,0.00230537824459,0.0034091812799,0.0172160233602,0.98278397664,1.00562570209,4.61440508255e-06,3.48454881121e-05,0,0.00424594474089,271,0.901859746106,0.901842188565,1.94685295223e-05
512,2.7343915475839751,4200,1,pre,-1,1.5,660,0.00218915795753,0.00299461832803,0.0123650656966,0.987634934303,1.00373486295,0,0,0,0.00419324261386,272,0.9018595699,0.901842166305,1.92978278063e-05
512,2.7343915475839751,4200,1,pre,-1,3.0,1314,0.00307854736899,0.00432446156152,0.0186004080198,0.98139959198,1.00674121049,0,0,0,0.00419324261386,272,0.9018595699,0.901842166305,1.92978278063e-05
512,2.7343915475839751,4200,1,post,1,1.5,660,0.00140311731883,0.0019756960162,0.009313371179,0.990686628821,1.00266674861,2.3948008994e-06,1.73095475078e-05,0,0.00428243130184,272,0.901859940068,0.901842166305,1.97082853212e-05
512,2.7343915475839751,4200,1,post,1,3.0,1314,0.00231186234,0.00340355597389,0.0163090597694,0.983690940231,1.00565743439,4.62708333839e-06,3.35778142346e-05,0,0.00428243130184,272,0.901859940068,0.901842166305,1.97082853212e-05
512,2.7604955723914468,4240,1,pre,-1,1.5,656,0.00219918487157,0.00302469414494,0.0122265590411,0.987773440959,1.00386913363,0,0,0,0.00411711896493,272,0.901859304623,0.901842216971,1.89474961724e-05
512,2.7604955723914468,4240,1,pre,-1,3.0,1307,0.00303848758062,0.00426116754276,0.0179843795778,0.982015620422,1.00647569733,0,0,0,0.00411711896493,272,0.901859304623,0.901842216971,1.89474961724e-05
512,2.7604955723914468,4240,1,post,1,1.5,656,0.00141287933272,0.00200265623578,0.00917243402366,0.990827565976,1.00275872031,2.39389776721e-06,1.80325719905e-05,0,0.00420669545444,272,0.9018596764,0.901842216971,1.9359738376e-05
512,2.7604955723914468,4240,1,post,1,3.0,1307,0.00227605555019,0.00334232033494,0.0152654266489,0.984734573351,1.00540733691,4.54873741752e-06,3.21875687377e-05,0,0.00420669545444,272,0.9018596764,0.901842216971,1.9359738376e-05
512,2.7865995971989186,4280,1,pre,-1,1.5,654,0.00216947790804,0.00297204108803,0.0128610943937,0.987138905606,1.0038603091,0,0,0,0.00416856145511,272,0.901859546884,0.901842245725,1.91842403316e-05
512,2.7865995971989186,4280,1,pre,-1,3.0,1312,0.00304718601884,0.00425275377124,0.0183744599346,0.981625540065,1.00654204106,0,0,0,0.00416856145511,272,0.901859546884,0.901842245725,1.91842403316e-05
512,2.7865995971989186,4280,1,post,1,1.5,654,0.00139496356356,0.00196504085577,0.00974334982433,0.990256650176,1.00274493503,2.34820804683e-06,1.83000358585e-05,0,0.00427482806341,272,0.901859987932,0.901842245725,1.96732925325e-05
512,2.7865995971989186,4280,1,post,1,3.0,1312,0.00228900374243,0.00334429331964,0.0158041044998,0.9841958955,1.00550266118,4.57294873097e-06,3.33095683416e-05,0,0.00427482806341,272,0.901859987932,0.901842245725,1.96732925325e-05
512,2.8127036220063903,4320,1,pre,-1,1.5,658,0.0021784659822,0.00299380576002,0.012277432983,0.987722567017,1.00380426689,0,0,0,0.00413753680917,274,0.901859617467,0.901842318805,1.91814702257e-05
512,2.8127036220063903,4320,1,pre,-1,3.0,1320,0.00307201875332,0.00429600158698,0.0186559758836,0.981344024116,1.00648532385,0,0,0,0.00413753680917,274,0.901859617467,0.901842318805,1.91814702257e-05
512,2.8127036220063903,4320,1,post,1,1.5,658,0.00140051203319,0.00198695461035,0.00950119648146,0.990498803519,1.00269697441,2.37804002932e-06,1.79495794749e-05,0,0.0042262024752,274,0.90185998817,0.901842318805,1.959252103e-05
512,2.8127036220063903,4320,1,post,1,3.0,1320,0.00231109276153,0.0033866443258,0.0161943821402,0.98380561786,1.00541775387,4.62565940096e-06,3.41762245308e-05,0,0.0042262024752,274,0.90185998817,0.901842318805,1.959252103e-05
512,2.8388076468138621,4360,1,pre,-1,1.5,652,0.00213388410017,0.00288506156359,0.0112390632133,0.988760936787,1.00368605018,0,0,0,0.00413816201073,270,0.901859404581,0.901842355878,1.89043040844e-05
512,2.8388076468138621,4360,1,pre,-1,3.0,1311,0.0030407806804,0.00425739586127,0.0182863610256,0.981713638974,1.00659154402,0,0,0,0.00413816201073,270,0.901859404581,0.901842355878,1.89043040844e-05
512,2.8388076468138621,4360,1,post,1,1.5,652,0.00136043598768,0.0018823648986,0.00828869502728,0.991711304973,1.00252414214,2.28988591029e-06,1.60755310929e-05,0,0.00423610732913,270,0.901859808103,0.901842355878,1.9351746229e-05
512,2.8388076468138621,4360,1,post,1,3.0,1311,0.00228146509691,0.00335060430207,0.016252456342,0.983747543658,1.00552185765,4.56671895203e-06,3.25126228741e-05,0,0.00423610732913,270,0.901859808103,0.901842355878,1.9351746229e-05
512,2.8649116716213339,4400,1,pre,-1,1.5,649,0.00213882476995,0.00289873759538,0.0119275669426,0.988072433057,1.00377873827,0,0,0,0.00418889591389,272,0.901859880985,0.90184249543,1.92778167116e-05
512,2.8649116716213339,4400,1,pre,-1,3.0,1314,0.00302285104746,0.00419715252693,0.0193234470984,0.980676552902,1.00633175254,0,0,0,0.00418889591389,272,0.901859880985,0.90184249543,1.92778167116e-05
512,2.8649116716213339,4400,1,post,1,1.5,649,0.00137194205182,0.00190392532701,0.00893043578977,0.99106956421,1.00263836757,2.30679232787e-06,1.6528528324e-05,0,0.00429154028291,272,0.901860306999,0.90184249543,1.97501987843e-05
512,2.8649116716213339,4400,1,post,1,3.0,1314,0.00227053889688,0.00329743325753,0.0168206310282,0.983179368972,1.00528389178,4.54458949874e-06,3.54113001514e-05,0,0.00429154028291,272,0.901860306999,0.90184249543,1.97501987843e-05
512,2.8910156964288056,4440,1,pre,-1,1.5,659,0.00214929843167,0.00293326712701,0.0120411575382,0.987958842462,1.0037834789,0,0,0,0.00414609883831,272,0.901859761216,0.901842553286,1.9080858057e-05
512,2.8910156964288056,4440,1,pre,-1,3.0,1314,0.00303599760821,0.00423119240629,0.0176807677882,0.982319232212,1.00670016327,0,0,0,0.00414609883831,272,0.901859761216,0.901842553286,1.9080858057e-05
512,2.8910156964288056,4440,1,post,1,1.5,659,0.00137636899523,0.0019341028285,0.00902154333886,0.990978456661,1.00268177022,2.34311937481e-06,1.64034208928e-05,0,0.0042315294281,272,0.901860115786,0.901842553286,1.9474020164e-05
512,2.8910156964288056,4440,1,post,1,3.0,1314,0.00228004198005,0.00333180109451,0.0151775539376,0.984822446062,1.0056508767,4.56858632202e-06,3.20754257086e-05,0,0.0042315294281,272,0.901860115786,0.901842553286,1.9474020164e-05
512,2.9171197212362774,4480,1,pre,-1,1.5,650,0.00212528192861,0.0028845350615,0.0108511418081,0.989148858192,1.00380322839,0,0,0,0.00414683316024,270,0.901859689601,0.901842605175,1.89439111306e-05
512,2.9171197212362774,4480,1,pre,-1,3.0,1308,0.00303833763883,0.00425009134553,0.017600977309,0.982399022691,1.00665002766,0,0,0,0.00414683316024,270,0.901859689601,0.901842605175,1.89439111306e-05
512,2.9171197212362774,4480,1,post,1,1.5,650,0.00135822557033,0.00189085045674,0.0081702817632,0.991829718237,1.0027104223,2.27329022781e-06,1.66108814843e-05,0,0.00424921772466,270,0.901860111412,0.901842605175,1.94116328873e-05
512,2.9171197212362774,4480,1,post,1,3.0,1308,0.00228314751974,0.00335289478074,0.0155931897629,0.984406810237,1.00558892795,4.56150533193e-06,3.21475066164e-05,0,0.00424921772466,270,0.901860111412,0.901842605175,1.94116328873e-05
512,2.9432237460437491,4520,1,pre,-1,1.5,656,0.00211770925347,0.00283961527275,0.0116447150989,0.988355284901,1.00356711298,0,0,0,0.00421313120638,270,0.90186001996,0.901842662394,1.92467782057e-05
512,2.9432237460437491,4520,1,pre,-1,3.0,1311,0.002982142057,0.00410851411577,0.017430548662,0.982569451338,1.00663591742,0,0,0,0.00421313120638,270,0.90186001996,0.901842662394,1.92467782057e-05
512,2.9432237460437491,4520,1,post,1,1.5,656,0.00135823999464,0.00186139276192,0.00870416238327,0.991295837617,1.00258356352,2.30649048698e-06,1.58122226283e-05,0,0.0043107127083,270,0.901860421983,0.901842662394,1.9692558181e-05
512,2.9432237460437491,4520,1,post,1,3.0,1311,0.00223475227809,0.00321740117586,0.014852027222,0.985147972778,1.00561090517,4.47888976825e-06,3.15282467765e-05,0,0.0043107127083,270,0.901860421983,0.901842662394,1.9692558181e-05
512,2.9693277708512209,4560,1,pre,-1,1.5,657,0.00214472015349,0.00291563517204,0.0120105931335,0.987989406867,1.00377294488,0,0,0,0.00418724358795,270,0.901859958626,0.901842707714,1.91285152631e-05
512,2.9693277708512209,4560,1,pre,-1,3.0,1304,0.00299945840914,0.00417248384414,0.0172184541284,0.982781545872,1.00654344869,0,0,0,0.00418724358795,270,0.901859958626,0.901842707714,1.91285152631e-05
512,2.9693277708512209,4560,1,post,1,1.5,657,0.00137572655458,0.00192601433158,0.00910483859889,0.990895161401,1.00264437909,2.33468377021e-06,1.72718234935e-05,0,0.0042741444436,270,0.901860316647,0.901842707714,1.95255029963e-05
512,2.9693277708512209,4560,1,post,1,3.0,1304,0.00224872712001,0.00328109470917,0.0148918877456,0.985108112254,1.00548894178,4.49505904804e-06,3.11423726985e-05,0,0.0042741444436,270,0.901860316647,0.901842707714,1.95255029963e-05
512,2.9954317956586927,4600,1,pre,-1,1.5,650,0.00214457007846,0.00292360503836,0.0118087937069,0.988191206293,1.00389101222,0,0,0,0.00412651155192,271,0.901859793277,0.901842729608,1.89208924454e-05
512,2.9954317956586927,4600,1,pre,-1,3.0,1314,0.00302818442084,0.00420584538566,0.0174864049794,0.982513595021,1.00657356177,0,0,0,0.00412651155192,271,0.901859793277,0.901842729608,1.89208924454e-05
512,2.9954317956586927,4600,1,post,1,1.5,650,0.00137695792673,0.0019312998286,0.00840646086472,0.991593539135,1.00264872872,2.312426688e-06,1.75767303517e-05,0,0.00422820292895,271,0.901860213784,0.901842729608,1.93871680357e-05
512,2.9954317956586927,4600,1,post,1,3.0,1314,0.00227782288402,0.00331773532739,0.0155147680976,0.984485231902,1.00558324458,4.55369301325e-06,3.07602818712e-05,0,0.00422820292895,271,0.901860213784,0.901842729608,1.93871680357e-05
512,3,4607,1,pre,-1,1.5,653,0.00211678429387,0.00284880972371,0.0122462038823,0.987753796118,1.00369742595,0,0,0,0.0041900870016,270,0.90186000338,0.901842740754,1.91415040791e-05
512,3,4607,1,pre,-1,3.0,1310,0.00297313402431,0.0040939187848,0.0176629761305,0.982337023869,1.00623586539,0,0,0,0.0041900870016,270,0.90186000338,0.901842740754,1.91415040791e-05
512,3,4607,1,post,1,1.5,653,0.00135522702721,0.00186967305672,0.00919582576506,0.990804174235,1.00255387596,2.28143083877e-06,1.71343390546e-05,0,0.00429260752914,270,0.901860425752,0.901842740754,1.96098468834e-05
512,3,4607,1,post,1,3.0,1310,0.00222714468404,0.00320664135657,0.0151970468826,0.984802953117,1.00523584255,4.45699488761e-06,3.20865129288e-05,0,0.00429260752914,270,0.901860425752,0.901842740754,1.96098468834e-05
