family,step,theta_rad,x,y,nn_pred_hkappa,analytic_hkappa,fd_hkappa,nn_abs_error,fd_abs_error
acute,3,0.0087370186615142,0.224609375,0.001953125,0.06788395345211029,0.06939280033111572,0.0696300591027431,0.0015088468790054321,0.00023725877162737719
acute,3,0.026110408568714,0.224609375,0.005859375,0.069147989153862,0.06898617744445801,0.06897941799376668,0.0001618117094039917,6.759450691326552e-06
acute,3,0.0431913761431709,0.224609375,0.009765625,0.06846049427986145,0.06820602715015411,0.06773071058097432,0.0002544671297073364,0.00047531656917979004
acute,3,0.0463317498096786,0.220703125,0.009765625,0.06618954241275787,0.06802358478307724,0.07088192908444546,0.0018340423703193665,0.002858344301368221
acute,3,0.0598143236144157,0.224609375,0.013671875,0.06748205423355103,0.06711126863956451,0.06597384650275541,0.00037078559398651123,0.0011374221368091048
acute,3,0.0640350962996544,0.220703125,0.013671875,0.06525856256484985,0.06678472459316254,0.06883432435011226,0.001526162028312683,0.0020495997569497243
acute,3,0.075850433899616,0.224609375,0.017578125,0.06630665063858032,0.06577498465776443,0.06385314622742444,0.0005316659808158875,0.001921838430339995
acute,3,0.081008688094359,0.220703125,0.017578125,0.06421829015016556,0.06529291719198227,0.0663351071221276,0.0010746270418167114,0.0010421899301453347
acute,3,0.0912110647342291,0.224609375,0.021484375,0.06412103772163391,0.06427266448736191,0.061490172358878166,0.00015162676572799683,0.002782492128483742
acute,3,0.0971580009238081,0.220703125,0.021484375,0.06368102878332138,0.06364056468009949,0.06354039753527213,4.046410322189331e-05,0.00010016714482735667
acute,3,0.1124381744013363,0.220703125,0.025390625,0.062354639172554016,0.06190793961286545,0.06065898483376262,0.0004466995596885681,0.0012489547791028274
acute,3,0.1197677548320489,0.216796875,0.025390625,0.060193534940481186,0.06102969869971275,0.062454570005104695,0.0008361637592315674,0.001424871305391942
acute,3,0.1268430524595584,0.220703125,0.029296875,0.0602482333779335,0.06015817075967789,0.05782691060072212,9.006261825561523e-05,0.002331260158955767
acute,3,0.1346790818466875,0.216796875,0.029296875,0.058216340839862823,0.05917007103562355,0.059100750953903256,0.0009537301957607269,6.932008172029491e-05
acute,3,0.1486098890692348,0.216796875,0.033203125,0.057696856558322906,0.057368241250514984,0.056078161709580424,0.00032861530780792236,0.0012900795409345606
acute,3,0.1575901197006084,0.212890625,0.033203125,0.0556577630341053,0.05618572235107422,0.056953897228291896,0.0005279593169689178,0.0007681748772176769
acute,3,0.1708326502265634,0.212890625,0.037109375,0.0543377511203289,0.05442691594362259,0.05378880301852893,8.916482329368591e-05,0.0006381129250936576
acute,3,0.1808057284116842,0.208984375,0.037109375,0.05307187885046005,0.05310002341866493,0.05431135685482268,2.814456820487976e-05,0.0012113334361577507
acute,3,0.193199942143612,0.208984375,0.041015625,0.05132908746600151,0.05145944654941559,0.05118231942135624,0.00013035908341407776,0.00027712712805934986
acute,3,0.2039866412331097,0.205078125,0.041015625,0.050137680023908615,0.05004747584462166,0.05128790512529738,9.020417928695679e-05,0.00124042928067572
acute,3,0.2154356752817227,0.205078125,0.044921875,0.0483684241771698,0.04857243224978447,0.04844163393654132,0.0002040080726146698,0.0001307983132431481
acute,3,0.2268535655120671,0.201171875,0.044921875,0.04735888913273811,0.04713190719485283,0.04810832247198978,0.00022698193788528442,0.0009764152771369536
acute,3,0.2373191077629069,0.201171875,0.048828125,0.04570385813713074,0.04584280401468277,0.045797134180497634,0.00013894587755203247,4.5669834185135816e-05
acute,3,0.2492006685968705,0.197265625,0.048828125,0.04472217708826065,0.0444197840988636,0.04478178720655249,0.00030239298939704895,0.0003620031076888852
acute,3,0.2586902799566321,0.197265625,0.052734375,0.04311852157115936,0.04331657662987709,0.04343768720360118,0.00019805505871772766,0.00012111057372408973
acute,3,0.2708925555895283,0.193359375,0.052734375,0.04197558015584946,0.0419439822435379,0.04220560109792808,3.1597912311553955e-05,0.00026161885439017485
acute,3,0.2794449249445266,0.193359375,0.056640625,0.040900714695453644,0.04101385176181793,0.04071226706476722,0.00011313706636428833,0.0003015846970507094
acute,3,0.2918522171954729,0.189453125,0.056640625,0.03966889530420303,0.039712291210889816,0.04118301119679328,4.339590668678284e-05,0.0014707199859034653
acute,3,0.2995241903598167,0.189453125,0.060546875,0.038611747324466705,0.038936108350753784,0.039198425983921904,0.00032436102628707886,0.0002623176331681201
acute,3,0.3047004335632292,0.185546875,0.056640625,0.038861364126205444,0.03842482343316078,0.03694366511540767,0.0004365406930446625,0.0014811583177531118
acute,3,0.3120464315972309,0.185546875,0.060546875,0.0375150591135025,0.037716343998909,0.037193046741215215,0.00020128488540649414,0.0005232972576937819
acute,3,0.3249498108483797,0.181640625,0.060546875,0.03649648278951645,0.036520231515169144,0.03886535965194715,2.3748725652694702e-05,0.0023451281367780075
acute,3,0.3314724091557104,0.181640625,0.064453125,0.035377610474824905,0.0359388031065464,0.03566941300421801,0.0005611926317214966,0.0002693901023283901
acute,3,0.3382079590121463,0.177734375,0.060546875,0.03561946004629135,0.035354506224393845,0.032174898711052204,0.0002649538218975067,0.003179607513341641
acute,3,0.344372311816253,0.177734375,0.064453125,0.034634657204151154,0.03483393415808678,0.03413618237552741,0.00019927695393562317,0.0006977517825593679
acute,3,0.3575791468561227,0.173828125,0.064453125,0.03411378711462021,0.03376328945159912,0.037737665695626074,0.00035049766302108765,0.003974376244026953
acute,3,0.3630020131383317,0.173828125,0.068359375,0.032533999532461166,0.033340923488140106,0.03480896288335064,0.0008069239556789398,0.0014680393952105353
acute,3,0.3710688175116032,0.169921875,0.064453125,0.03236527740955353,0.032730743288993835,0.029623690631652103,0.0003654658794403076,0.003107052657341732
acute,3,0.3761250136486033,0.169921875,0.068359375,0.030895253643393517,0.032359108328819275,0.027447492640251293,0.0014638546854257584,0.0049116156885679815
acute,3,0.3848176624143132,0.166015625,0.064453125,0.03166671842336655,0.03173920139670372,0.029522898952540986,7.248297333717346e-05,0.0022163024441627342
acute,3,0.3894955906915069,0.166015625,0.068359375,0.032048843801021576,0.03141532838344574,0.03650187425876889,0.0006335154175758362,0.005086545875323152
acute,3,0.403094042363111,0.162109375,0.068359375,0.030949166044592857,0.030511192977428436,0.03243493709672884,0.0004379730671644211,0.001923744119300401
acute,3,0.407136617646626,0.162109375,0.072265625,0.028912868350744247,0.03025280125439167,0.028682696170973094,0.0013399329036474228,0.0015701050834185763
acute,3,0.4169019599644525,0.158203125,0.068359375,0.028646398335695267,0.029647506773471832,0.025015839639095514,0.0010011084377765656,0.004631667134376318
acute,3,0.4205778844292381,0.158203125,0.072265625,0.027119699865579605,0.029426394030451775,0.02519331066608976,0.0023066941648721695,0.004233083364362015
acute,3,0.4309025806344741,0.154296875,0.068359375,0.028730351477861404,0.028824329376220703,0.028985770522490493,9.39778983592987e-05,0.0001614411462697897
acute,3,0.4342079203096887,0.154296875,0.072265625,0.02862151339650154,0.02863733097910881,0.032619538739474256,1.5817582607269287e-05,0.003982207760365446
acute,3,0.4480136146100253,0.150390625,0.072265625,0.029118720442056656,0.02788500301539898,0.029439930928587977,0.0012337174266576767,0.0015549279131889977
acute,3,0.450790524493737,0.150390625,0.076171875,0.027946043759584427,0.02773907408118248,0.02978412551356438,0.00020696967840194702,0.0020450514323819002
acute,3,0.4619836987794731,0.146484375,0.072265625,0.02698512189090252,0.02716822735965252,0.028368806359440633,0.00018310546875,0.0012005789997881142
acute,3,0.4644092944175932,0.146484375,0.076171875,0.02528976835310459,0.02704806998372078,0.026832329979185637,0.001758301630616188,0.00021574000453514208
acute,3,0.4761088977776231,0.142578125,0.072265625,0.024181794375181198,0.026485294103622437,0.022482712407995552,0.0023034997284412384,0.004002581695626884
acute,3,0.4781828690830324,0.142578125,0.076171875,0.022955406457185745,0.02638832852244377,0.019382410676480423,0.003432922065258026,0.007005917845963348
acute,3,0.490382046892622,0.138671875,0.072265625,0.024181222543120384,0.025833968073129654,0.0212622546636169,0.0016527455300092697,0.004571713409512755
acute,3,0.4921048690653701,0.138671875,0.076171875,0.024278180673718452,0.025757793337106705,0.02672003170202048,0.0014796126633882523,0.000962238364913777
acute,3,0.5047981856121648,0.134765625,0.072265625,0.026064086705446243,0.025211509317159653,0.028712886499571613,0.0008525773882865906,0.0035013771824119605
acute,3,0.5061708927543356,0.134765625,0.076171875,0.026099665090441704,0.025153934955596924,0.028440484744070675,0.00094573013484478,0.0032865497884737513
acute,3,0.519354640949099,0.130859375,0.072265625,0.025815745815634727,0.02461463212966919,0.027090134673786983,0.001201113685965538,0.0024755025441177934
acute,3,0.5203786129859848,0.130859375,0.076171875,0.025100328028202057,0.02457372285425663,0.024664847430337287,0.0005266051739454269,9.112457608065685e-05
acute,3,0.5340511132455446,0.126953125,0.072265625,0.0241128858178854,0.02403947524726391,0.02445151252617952,7.341057062149048e-05,0.00041203727891561334
acute,3,0.5347278776432142,0.126953125,0.076171875,0.023426750674843788,0.024013571441173553,0.02304220135458995,0.0005868207663297653,0.000971370086583604
acute,3,0.5488897781303834,0.123046875,0.072265625,0.02290039137005806,0.023481490090489388,0.02313456948184491,0.0005810987204313278,0.00034692060864447913
acute,3,0.5492208263680357,0.123046875,0.076171875,0.022415822371840477,0.023469259962439537,0.022187839545490983,0.00105343759059906,0.001281420416948554
acute,3,0.5638620369341185,0.119140625,0.076171875,0.02165626734495163,0.02293580211699009,0.02143420588326718,0.0012795347720384598,0.00150159623372291
acute,3,0.5638754194123059,0.119140625,0.072265625,0.022073211148381233,0.02293531969189644,0.022188395418362587,0.0008621085435152054,0.0007469242735338513
acute,3,0.578658717021788,0.115234375,0.076171875,0.0209525004029274,0.022407248616218567,0.02065167315838171,0.0014547482132911682,0.0017555754578368575
acute,3,0.5790156096234037,0.115234375,0.072265625,0.021446309983730316,0.0223945751786232,0.021372215449923026,0.0009482651948928833,0.0010223597287001736
acute,3,0.5936209605947622,0.111328125,0.076171875,0.02063729055225849,0.02187643200159073,0.019972939125770355,0.0012391414493322372,0.0019034928758203742
acute,3,0.5943209581842912,0.111328125,0.072265625,0.021495049819350243,0.0218515545129776,0.021099968386827588,0.0003565046936273575,0.0007515861261500126
acute,3,0.6087620934727382,0.107421875,0.076171875,0.021617580205202103,0.021334568038582802,0.020291265876092517,0.00028301216661930084,0.0010433021624902845
acute,3,0.6098054524196209,0.107421875,0.072265625,0.02315940149128437,0.02129681222140789,0.023842439739675675,0.00186258926987648,0.0025456275182677846
acute,3,0.6240991410526533,0.103515625,0.076171875,0.022845782339572906,0.02077072486281395,0.023976614717879492,0.002075057476758957,0.0032058898550655426
acute,3,0.6254869249334848,0.103515625,0.072265625,0.02405368909239769,0.020718561485409737,0.02955607080383195,0.003335127606987953,0.008837509318422213
acute,3,0.6396534640977631,0.099609375,0.076171875,0.020768199115991592,0.02017104998230934,0.02427607967634337,0.000597149133682251,0.004105029694034028
acute,3,0.6413876937837037,0.099609375,0.072265625,0.020640624687075615,0.020101821050047874,0.019001437897647768,0.0005388036370277405,0.0011003831524001063
acute,3,0.6554516288275263,0.095703125,0.076171875,0.017279481515288353,0.019517647102475166,0.016478623883668973,0.0022381655871868134,0.0030390232188061937
acute,3,0.6575354421731935,0.095703125,0.072265625,0.016982657834887505,0.01942714862525463,0.011814723926443076,0.0024444907903671265,0.007612424698811555
acute,3,0.6715266099499513,0.091796875,0.076171875,0.016748003661632538,0.018786927685141563,0.01926014052063788,0.0020389240235090256,0.0004732128354963151
acute,3,0.6739644366510503,0.091796875,0.072265625,0.016197826713323593,0.018668808043003082,0.016738317675918185,0.002470981329679489,0.0019304903670848972
acute,3,0.6879194781975286,0.087890625,0.076171875,0.015902062878012657,0.017947116866707802,0.0202271844117088,0.0020450539886951447,0.0022800675450009994
acute,3,0.6907172353591926,0.087890625,0.072265625,0.014124109409749508,0.017791936174035072,0.014034194057740283,0.0036678267642855644,0.0037577421162947895
acute,3,0.7078471259763759,0.083984375,0.072265625,0.013621073216199875,0.01674819178879261,0.010768761958707072,0.0031271185725927353,0.005979429830085538
acute,3,0.711137576741654,0.083984375,0.068359375,0.0171198770403862,0.016526613384485245,0.009987074629354864,0.0005932636559009552,0.006539538755130381
acute,3,0.7254216862577912,0.080078125,0.072265625,0.017576243728399277,0.015468737110495567,0.019992393684208506,0.0021075066179037094,0.004523656573712939
acute,3,0.729099271448739,0.080078125,0.068359375,0.021879354491829872,0.015167904086411,0.03464460035727239,0.006711450405418873,0.01947669627086139
acute,3,0.7435281384498615,0.076171875,0.072265625,0.017246326431632042,0.013852576725184917,0.024427406213188663,0.0033937497064471245,0.010574829488003746
acute,3,0.747602611916807,0.076171875,0.068359375,0.01775931753218174,0.013437052257359028,0.01800631751057799,0.004322265274822712,0.004569265253218963
acute,3,0.7622817019361618,0.072265625,0.072265625,0.010094939731061459,0.011746278963983059,0.01643647990034282,0.0016513392329216003,0.004690200936359763
acute,3,0.7667639523941643,0.072265625,0.068359375,0.007175122387707233,0.011161168105900288,0.0019508820954454037,0.003986045718193054,0.009210286010454883
acute,3,0.7818392344178103,0.068359375,0.072265625,0.0023478050716221333,0.008906841278076172,0.006217842347552515,0.006559036206454039,0.002688998930523657
acute,3,0.7867402785727565,0.068359375,0.068359375,0.001946719828993082,0.008064757101237774,-0.00023013879039902318,0.006118037272244692,0.008294895891636797
acute,3,0.8077511966748366,0.064453125,0.068359375,0.0024175846483558416,0.0036861130502074957,0.006213415569241942,0.001268528401851654,0.002527302519034446
acute,3,0.8132036268804788,0.064453125,0.064453125,0.009186914190649986,0.002305799163877964,0.021233893975829626,0.006881115026772022,0.01892809481195166
acute,3,0.8301187719736911,0.060546875,0.068359375,-0.003264538012444973,-0.00279922503978014,0.0060436080339761914,0.00046531297266483307,0.008842833073756332
acute,3,0.8359541270066403,0.060546875,0.064453125,0.0007130486192181706,-0.004901321139186621,0.00537947528065253,0.005614369758404791,0.010280796419839151
acute,3,0.8543463083720154,0.056640625,0.068359375,-0.022503502666950226,-0.012990085408091545,-0.01281890098877546,0.00951341725885868,0.0001711844193160849
acute,3,0.8604875098982236,0.056640625,0.064453125,-0.018782081082463264,-0.016284653916954994,-0.020128846407173145,0.0024974271655082703,0.0038441924902181505
acute,3,0.8812938281735053,0.052734375,0.068359375,-0.05553463473916054,-0.030353687703609467,-0.04855064671771549,0.02518094703555107,0.01819695901410602
acute,3,0.8875224569980102,0.052734375,0.064453125,-0.04364684596657753,-0.035631053149700165,-0.037607410965961416,0.008015792816877365,0.001976357816261251
acute,3,0.9182867359027428,0.048828125,0.064453125,-0.08800607919692993,-0.07185675948858261,-0.07309239028585873,0.01614931970834732,0.0012356307972761216
acute,3,0.923302073315122,0.048828125,0.060546875,-0.06862456351518631,-0.07978460937738419,-0.05164504830702341,0.011160045862197876,0.028139561070360773
acute,3,0.9549795920402824,0.044921875,0.064453125,-0.16709201037883759,-0.1478695124387741,-0.16367163020792086,0.019222497940063477,0.01580211776914675
acute,3,0.9568376208629468,0.044921875,0.060546875,-0.14750103652477264,-0.15296068787574768,-0.12226702191689048,0.005459651350975037,0.030693665958857197
acute,3,0.9937637677133008,0.041015625,0.060546875,-0.29243624210357666,-0.27832967042922974,-0.23113263257105518,0.014106571674346924,0.047197037858174556
acute,3,1.00047659086665,0.041015625,0.064453125,-0.27827054262161255,-0.3039938509464264,-0.3149595610099098,0.025723308324813843,0.010965710063483403
acute,3,1.0483085166754875,0.037109375,0.064453125,-0.3721497654914856,-0.4165862500667572,-0.39177913187505614,0.044436484575271606,0.02480711819170106
acute,3,1.0831205907616517,0.037109375,0.068359375,-0.28076356649398804,-0.34380456805229187,-0.3808139896428389,0.06304100155830383,0.03700942159054704
acute,3,1.1145336046940455,0.033203125,0.068359375,-0.24354596436023712,-0.22652214765548706,-0.219638971188383,0.01702381670475006,0.0068831764671040685
acute,3,1.1505297244093644,0.033203125,0.072265625,-0.1490347683429718,-0.12009011209011078,-0.13996784280477104,0.028944656252861023,0.019877730714660258
acute,3,1.1648355104763135,0.029296875,0.072265625,-0.09217849373817444,-0.09065660834312439,-0.07877580747769378,0.0015218853950500488,0.011880800865430613
acute,3,1.1841079729740405,0.033203125,0.076171875,-0.09345456957817078,-0.06052803248167038,-0.08436361133908943,0.0329265370965004,0.02383557885741905
acute,3,1.194735012926096,0.029296875,0.076171875,-0.05596734955906868,-0.04768999665975571,-0.05053169976516457,0.008277352899312973,0.002841703105408863
acute,3,1.2223738163927595,0.029296875,0.080078125,-0.02999156527221203,-0.02346842922270298,-0.028719889271671895,0.0065231360495090485,0.005251460048968915
acute,3,1.2302139790457445,0.025390625,0.080078125,-0.010389636270701885,-0.018435226753354073,-0.006787528098608579,0.008045590482652187,0.011647698654745494
acute,3,1.2477236899109263,0.029296875,0.083984375,-0.012256537564098835,-0.009317056275904179,-0.004940220175799616,0.0029394812881946564,0.004376836100104563
acute,3,1.254639606984208,0.025390625,0.083984375,-0.00037397880805656314,-0.0063805305399000645,0.008266598993631143,0.006006551731843501,0.014647129533531207
acute,3,1.271086497330444,0.029296875,0.087890625,-0.004879086744040251,-0.0005801807856187224,0.006635810834206978,0.004298905958421528,0.0072159916198257
acute,3,1.2774399580574292,0.025390625,0.087890625,-0.0008857285138219595,0.001286778599023819,-0.006028985858911839,0.0021725071128457785,0.007315764457935658
acute,3,1.2927848038672063,0.029296875,0.091796875,-0.0031986399553716183,0.005110009107738733,-0.0005280975043933391,0.008308649063110352,0.005638106612132073
acute,3,1.2988009313835025,0.025390625,0.091796875,0.00044394819997251034,0.00638372078537941,-0.0074955468480476795,0.0059397725854068995,0.01387926763342709
acute,3,1.3189107506603643,0.025390625,0.095703125,0.010318940505385399,0.009915059432387352,0.014065620322241602,0.0004038810729980469,0.00415056088985425
acute,3,1.3247555644458135,0.021484375,0.095703125,0.0176362507045269,0.010766643099486828,0.035318100633751924,0.006869607605040073,0.024551457534265096
acute,3,1.337933866732728,0.025390625,0.099609375,0.014602074399590492,0.012455664575099945,0.027406269044340854,0.002146409824490547,0.01495060446924091
acute,3,1.343709593987866,0.021484375,0.099609375,0.015509001910686493,0.01310812309384346,0.010840160099634899,0.002400878816843033,0.002267962994208561
acute,3,1.356007115902262,0.025390625,0.103515625,0.011040685698390007,0.014347652904689312,0.01659223639802784,0.003306967206299305,0.0022445834933385277
acute,3,1.361765590168886,0.021484375,0.103515625,0.009953927248716354,0.014866773039102554,-0.0014704503724933366,0.0049128457903862,0.01633722341159589
acute,3,1.379019095434473,0.021484375,0.107421875,0.01520625315606594,0.016229690983891487,0.020195057369342653,0.0010234378278255463,0.0039653663854511655
acute,3,1.384909283120624,0.017578125,0.107421875,0.020275961607694626,0.01663878560066223,0.03418742585599207,0.0036371760070323944,0.017548640255329838
acute,3,1.3955505367579033,0.021484375,0.111328125,0.017969787120819092,0.01731809228658676,0.03030450125502032,0.0006516948342323303,0.012986408968433557
acute,3,1.401497853533986,0.017578125,0.111328125,0.01851568929851055,0.01766830123960972,0.010894193235154875,0.0008473880589008331,0.006774108004454844
acute,3,1.4114272864995605,0.021484375,0.115234375,0.015964394435286522,0.018212709575891495,0.020780045444834624,0.002248315140604973,0.0025673358689431297
acute,3,1.4174457471639583,0.017578125,0.115234375,0.015605222433805466,0.018521176651120186,0.006959120334739203,0.00291595421731472,0.011562056316380982
acute,3,1.432804570388454,0.017578125,0.119140625,0.019828997552394867,0.01924767531454563,0.03377500311222791,0.0005813222378492355,0.014527327797682281
acute,3,1.439067546782575,0.013671875,0.119140625,0.022651122882962227,0.019523000344634056,0.0371062568173559,0.0031281225383281708,0.017583256472721846
acute,3,1.44761818747769,0.017578125,0.123046875,0.01935931295156479,0.019883019849658012,0.02381676424318544,0.0005237068980932236,0.003933744393527429
acute,3,1.4539766207974292,0.013671875,0.123046875,0.02060076594352722,0.020140578970313072,0.0029252121006154777,0.0004601869732141495,0.017215366869697594
acute,3,1.4683796634954878,0.013671875,0.126953125,0.019300591200590134,0.020698636770248413,0.031283829880253536,0.0013980455696582794,0.010585193110005123
acute,3,1.475031373130356,0.009765625,0.126953125,0.021029822528362274,0.020947108045220375,0.022482658649867038,8.271448314189911e-05,0.0015355506046466627
acute,3,1.4823066124675468,0.013671875,0.130859375,0.020059285685420036,0.021213941276073456,0.023912063670153635,0.0011546555906534195,0.002698122394080179
acute,3,1.489063330137538,0.009765625,0.130859375,0.021234985440969467,0.021458230912685394,0.010808672062841466,0.00022324547171592712,0.010649558849843928
acute,3,1.5026425212479857,0.009765625,0.134765625,0.02148726023733616,0.021942786872386932,0.030506376509632095,0.0004555266350507736,0.008563589637245163
acute,3,1.5097282532888916,0.005859375,0.134765625,0.022807227447628975,0.022194093093276024,0.019174104678422947,0.000613134354352951,0.0030199884148530767
acute,3,1.5157899738937035,0.009765625,0.138671875,0.021620215848088264,0.02240915223956108,0.026271265365860382,0.0007889363914728165,0.0038621131262993012
acute,3,1.5229810722195942,0.005859375,0.138671875,0.02266828343272209,0.022665128111839294,0.018473435631467396,3.155320882797241e-06,0.004191692480371899
acute,3,1.5358150229284186,0.005859375,0.142578125,0.02306893654167652,0.023126717656850815,0.027302010176737165,5.778111517429352e-05,0.00417529251988635
acute,3,1.5433624957422332,0.001953125,0.142578125,0.024335457012057304,0.023402469232678413,0.016821433470907123,0.000932987779378891,0.006581035761771291
acute,3,1.5482451944081812,0.005859375,0.146484375,0.023958848789334297,0.023583054542541504,0.03315771752415362,0.0003757942467927933,0.009574662981612116
acute,3,1.5558913685149782,0.001953125,0.146484375,0.0245544221252203,0.023869892582297325,0.028914057928793445,0.0006845295429229736,0.00504416534649612
acute,3,1.5680219491112186,0.001953125,0.150390625,0.023040851578116417,0.02433682419359684,0.022912693548364844,0.001295972615480423,0.0014241306452319955
acute,3,1.576044816387729,-0.001953125,0.150390625,0.02421557530760765,0.024654889479279518,0.020318421874072796,0.00043931417167186737,0.004336467605206722
acute,3,1.587873904658491,-0.001953125,0.154296875,0.02507566660642624,0.02513928711414337,0.02829582139879966,6.362050771713257e-05,0.003156534284656287
acute,3,1.5962942607433142,-0.005859375,0.154296875,0.025992028415203094,0.02549653686583042,0.01748598172767937,0.000495491549372673,0.008010555138151052
acute,3,1.5993159698861328,-0.001953125,0.158203125,0.025710880756378174,0.025627458468079567,0.03223470927178764,8.342228829860687e-05,0.006607250803708074
acute,3,1.6078140041838929,-0.005859375,0.158203125,0.026725923642516136,0.02600383758544922,0.030014218170264777,0.0007220860570669174,0.004010380584815558
acute,3,1.6189439745614838,-0.005859375,0.162109375,0.02657211385667324,0.02651621773838997,0.030149561360470194,5.589611828327179e-05,0.003633343622080225
acute,3,1.6278480365829222,-0.009765625,0.162109375,0.027357658371329308,0.026943182572722435,0.027735644889558295,0.00041447579860687256,0.0007924623168358604
acute,3,1.6386495511070482,-0.009765625,0.166015625,0.02716946415603161,0.02748299203813076,0.029649280109965138,0.0003135278820991516,0.0021662880718343776
acute,3,1.647973880256489,-0.013671875,0.166015625,0.028288783505558968,0.02796947956085205,0.02670280580636343,0.0003193039447069168,0.0012666737544886203
acute,3,1.6584248360855824,-0.013671875,0.169921875,0.0283201914280653,0.028538737446069717,0.030477776624619594,0.00021854601800441742,0.0019390391785498763
acute,3,1.6681804130051898,-0.017578125,0.169921875,0.029375450685620308,0.029094278812408447,0.027125564559040576,0.00028117187321186066,0.0019687142533678717
acute,3,1.678252881178928,-0.017578125,0.173828125,0.029547808691859245,0.029693657532334328,0.03166497082799089,0.0001458488404750824,0.001971313295656564
acute,3,1.6884461450432051,-0.021484375,0.173828125,0.030553314834833145,0.030328230932354927,0.028626848193231216,0.00022508390247821808,0.0017013827391237114
acute,3,1.698106417253145,-0.021484375,0.177734375,0.030752107501029968,0.030956830829381943,0.03288330825738542,0.0002047233283519745,0.0019264774280034758
acute,3,1.708737675173385,-0.025390625,0.177734375,0.03188009560108185,0.03168056532740593,0.03078419482891121,0.00019953027367591858,0.0008963704984947182
acute,3,1.7179465727575929,-0.025390625,0.181640625,0.03230857476592064,0.03233560919761658,0.0342027108828604,2.703443169593811e-05,0.001867101685243823
acute,3,1.7290081417975838,-0.029296875,0.181640625,0.03319429233670235,0.03315828740596771,0.03260125584737622,3.60049307346344e-05,0.000557031558591492
acute,3,1.737721742868247,-0.029296875,0.185546875,0.033576179295778275,0.033834803849458694,0.03552863786034414,0.0002586245536804199,0.0016938340108854436
acute,3,1.7405806692119812,-0.033203125,0.181640625,0.03427668660879135,0.03406235948204994,0.03205368874989794,0.0002143271267414093,0.002008670732152003
acute,3,1.749195938131242,-0.033203125,0.185546875,0.03476237133145332,0.03476512432098389,0.03407647365349374,2.7529895305633545e-06,0.0006886506674901455
acute,3,1.7611995466425192,-0.037109375,0.185546875,0.03590461611747742,0.03578777238726616,0.03546032556173308,0.00011684373021125793,0.00032744682553308146
acute,3,1.769224071473571,-0.037109375,0.189453125,0.03606024011969566,0.03650026023387909,0.03662068997957257,0.0004400201141834259,0.00012042974569347747
acute,3,1.7816207912439084,-0.041015625,0.189453125,0.03743261843919754,0.03764723613858223,0.037045641264194934,0.00021461769938468933,0.0006015948743872956
acute,3,1.7890006352020875,-0.041015625,0.193359375,0.03801544010639191,0.038357026875019073,0.03900446880254391,0.00034158676862716675,0.0006474419275248333
acute,3,1.7945993034848655,-0.044921875,0.189453125,0.03901572898030281,0.03890903294086456,0.03838824424949756,0.00010669603943824768,0.0005207886913669996
acute,3,1.8017364734009569,-0.044921875,0.193359375,0.03920833393931389,0.039629675447940826,0.03849275860457906,0.00042134150862693787,0.001136916843361764
acute,3,1.8150474077721337,-0.048828125,0.193359375,0.040692418813705444,0.04102427512407303,0.041019485241658694,0.00033185631036758423,4.789882414334146e-06
acute,3,1.8214254534197016,-0.048828125,0.197265625,0.041514232754707336,0.04171563684940338,0.041672437638798875,0.00020140409469604492,4.3199210604506766e-05
acute,3,1.8289702221550543,-0.052734375,0.193359375,0.04266349971294403,0.04255249351263046,0.042845984133684595,0.00011100620031356812,0.00029349062105413215
acute,3,1.8349825591099984,-0.052734375,0.197265625,0.04259330406785011,0.04323387145996094,0.041966716224576546,0.0006405673921108246,0.0012671552353843915
acute,3,1.8491170866447793,-0.056640625,0.197265625,0.04424598813056946,0.04488459601998329,0.04439122991690655,0.0006386078894138336,0.0004933661030767436
acute,3,1.8542603733027352,-0.056640625,0.201171875,0.045037101954221725,0.045501552522182465,0.044439433802268204,0.00046445056796073914,0.001062118719914261
acute,3,1.863849107001739,-0.060546875,0.197265625,0.04646308720111847,0.046673476696014404,0.04760990133742937,0.00021038949489593506,0.000936424641414968
acute,3,1.8684853793461336,-0.060546875,0.201171875,0.04715647175908089,0.0472496934235096,0.046042669748229695,9.322166442871094e-05,0.001207023675279903
acute,3,1.8791906061889083,-0.064453125,0.197265625,0.048269763588905334,0.04860193282365799,0.04965207388110234,0.00033216923475265503,0.0010501410574443523
acute,3,1.8832363476506573,-0.064453125,0.201171875,0.04854465648531914,0.049120187759399414,0.04788329927009042,0.0005755312740802765,0.0012368884893089946
acute,3,1.8951411012376689,-0.068359375,0.197265625,0.04984009638428688,0.05066468566656113,0.05273748630014469,0.0008245892822742462,0.0020728006335835603
acute,3,1.8985036525535135,-0.068359375,0.201171875,0.050500012934207916,0.051105450838804245,0.050711452775834304,0.0006054379045963287,0.00039399806296994133
acute,3,1.914261706127991,-0.072265625,0.201171875,0.05245150625705719,0.05318937078118324,0.05343372513636742,0.0007378645241260529,0.0002443543551841759
acute,3,1.916585774981776,-0.072265625,0.205078125,0.05320166051387787,0.053498394787311554,0.05131475157021117,0.0002967342734336853,0.0021836432171003853
acute,3,1.9304644623877405,-0.076171875,0.201171875,0.054704006761312485,0.055344950407743454,0.0559500147136528,0.0006409436464309692,0.0006050643059093488
acute,3,1.9319807773083388,-0.076171875,0.205078125,0.055505815893411636,0.05554632470011711,0.05340713477697328,4.0508806705474854e-05,0.002139189923143832
acute,3,1.9470412226887943,-0.080078125,0.201171875,0.056898992508649826,0.05753256008028984,0.058377139348172256,0.0006335675716400146,0.0008445792678824157
acute,3,1.9476724462642592,-0.080078125,0.205078125,0.057813335210084915,0.057615023106336594,0.05553278386810087,0.00019831210374832153,0.0020822392382357224
acute,3,1.9635745613496107,-0.083984375,0.205078125,0.06002872437238693,0.05965934321284294,0.05757924616892525,0.0003693811595439911,0.002080097043917692
acute,3,1.963893804696324,-0.083984375,0.201171875,0.059048186987638474,0.05969959497451782,0.06067978997015271,0.0006514079868793488,0.0009801949956348907
acute,3,1.9795809881255384,-0.087890625,0.205078125,0.06209443882107735,0.061626236885786057,0.05954780352770149,0.0004682019352912903,0.0020784333580845665
acute,3,1.9808964482745193,-0.087890625,0.201171875,0.06103815883398056,0.06178257241845131,0.06275003050334661,0.0007444135844707489,0.0009674580848953035
acute,3,1.9955691315293032,-0.091796875,0.205078125,0.06379517167806625,0.06345872581005096,0.0611024229836083,0.0003364458680152893,0.002356302826442662
acute,3,1.9978997631844333,-0.091796875,0.201171875,0.06274309009313583,0.06371226906776428,0.06437760673826738,0.0009691789746284485,0.0006653376705030994
acute,3,2.0114062984151446,-0.095703125,0.205078125,0.0650763213634491,0.06510163843631744,0.06220693774790434,2.5317072868347168e-05,0.0028947006884131044
acute,3,2.0147393056232796,-0.095703125,0.201171875,0.06431808322668076,0.06542164832353592,0.06551726248578857,0.0011035650968551636,9.561416225264963e-05
acute,3,2.0312480125596104,-0.099609375,0.201171875,0.06736297160387039,0.06685497611761093,0.06618428364610043,0.0005079954862594604,0.0006706924715104978
acute,3,2.036126696687804,-0.099609375,0.197265625,0.06575219333171844,0.06722613424062729,0.06974611790418493,0.001473940908908844,0.002519983663557643
acute,3,2.0472702205968383,-0.103515625,0.201171875,0.06887142360210419,0.06797566264867783,0.0663497629664311,0.0008957609534263611,0.0016258996822467314
acute,3,2.053132398878141,-0.103515625,0.197265625,0.0673079639673233,0.06831222772598267,0.06975116037320508,0.0010042637586593628,0.0014389326472224184
acute,3,2.0626741766968446,-0.107421875,0.201171875,0.06901765614748001,0.0687703937292099,0.06603338565778524,0.0002472624182701111,0.002737008071424657
acute,3,2.069391901285064,-0.107421875,0.197265625,0.06766116619110107,0.0690239667892456,0.06917690918051642,0.0013628005981445312,0.00015294239127081055
acute,3,2.0847911776966814,-0.111328125,0.197265625,0.0700644925236702,0.06938205659389496,0.06809971349725806,0.000682435929775238,0.0012823430966368982
acute,3,2.0931687396295726,-0.111328125,0.193359375,0.06829343736171722,0.06944342702627182,0.07106496690931491,0.001149989664554596,0.0016215398830430883
acute,3,2.1082106815919137,-0.115234375,0.193359375,0.06951574236154556,0.06931547075510025,0.06917212956584765,0.0002002716064453125,0.00014334118925260486
acute,3,2.1182460394376155,-0.115234375,0.189453125,0.06750109791755676,0.06906159967184067,0.07171411111505799,0.001560501754283905,0.0026525114432173202
acute,3,2.122143423012234,-0.119140625,0.193359375,0.06969188153743744,0.06892736256122589,0.06697671199071441,0.0007645189762115479,0.0019506505705114835
acute,3,2.132533028610118,-0.119140625,0.189453125,0.06748385727405548,0.06847469508647919,0.06906285122417377,0.000990837812423706,0.0005881561376945843
acute,3,2.1455936396098374,-0.123046875,0.189453125,0.06832284480333328,0.06771798431873322,0.06625827990587398,0.0006048604846000671,0.001459704412859239
acute,3,2.157239728543593,-0.123046875,0.185546875,0.06616632640361786,0.06687871366739273,0.06774441530493332,0.0007123872637748718,0.0008657016375405863
acute,3,2.1691512744721444,-0.126953125,0.185546875,0.06644601374864578,0.06587415188550949,0.06453114387290446,0.0005718618631362915,0.0013430080126050348
acute,3,2.1817808127261307,-0.126953125,0.181640625,0.0640544444322586,0.06466511636972427,0.06536892810778543,0.0006106719374656677,0.0007038117380611525
acute,3,2.192365771396332,-0.130859375,0.181640625,0.06418870389461517,0.06355220824480057,0.06198577247556939,0.0006364956498146057,0.0015664357692311767
acute,3,2.205671673077316,-0.130859375,0.177734375,0.0613669827580452,0.06204456090927124,0.06221483617968504,0.0006775781512260437,0.00017027527041379997
acute,3,2.2148649380468575,-0.134765625,0.177734375,0.06114642322063446,0.060944199562072754,0.05886646788255713,0.00020222365856170654,0.0020777316795156237
acute,3,2.2198519594185617,-0.130859375,0.173828125,0.05970550701022148,0.0603305846452713,0.06213887359039012,0.00062507763504982,0.0018082889451188217
acute,3,2.2285567803513473,-0.134765625,0.173828125,0.05940696969628334,0.05923596769571304,0.05864686308244237,0.00017100200057029724,0.0005891046132706704
acute,3,2.2429571815563736,-0.134765625,0.169921875,0.05727747455239296,0.0573744997382164,0.05808315675944827,9.702518582344055e-05,0.0007086570212318719
acute,3,2.250224214300593,-0.138671875,0.169921875,0.056872814893722534,0.0564185194671154,0.05483976430816567,0.00045429542660713196,0.0015787551589497295
acute,3,2.2579943492996195,-0.134765625,0.166015625,0.05462687462568283,0.05538897588849068,0.05720223384303631,0.0007621012628078461,0.0018132579545456357
acute,3,2.2646136453443293,-0.138671875,0.166015625,0.05460558086633682,0.05450865626335144,0.05403910037991071,9.692460298538208e-05,0.00046955588344073373
acute,3,2.2794792012709095,-0.138671875,0.162109375,0.05251014605164528,0.0525321327149868,0.05327190939244891,2.1986663341522217e-05,0.0007397766774621117
acute,3,2.284802332947374,-0.142578125,0.162109375,0.05183253437280655,0.051827747374773026,0.050268746395631586,4.7869980335235596e-06,0.0015590009791414394
acute,3,2.294733075695302,-0.138671875,0.158203125,0.05078344792127609,0.050522979348897934,0.05190860954546991,0.00026046857237815857,0.0013856301965719728
acute,3,2.299368075130248,-0.142578125,0.158203125,0.05002645403146744,0.04991935193538666,0.04846767700495157,0.00010710209608078003,0.00145167493043509
acute,3,2.3102822065562396,-0.138671875,0.154296875,0.04776681214570999,0.04851486161351204,0.049789504942941494,0.0007480494678020477,0.0012746433294294549
acute,3,2.3142037458584976,-0.142578125,0.154296875,0.047576747834682465,0.048016808927059174,0.04692730866002925,0.000440061092376709,0.0010895002670299261
acute,3,2.3260335770843517,-0.138671875,0.150390625,0.04614907503128052,0.0465385802090168,0.048012729473361514,0.00038950517773628235,0.0014741492643447138
acute,3,2.329231596139818,-0.142578125,0.150390625,0.04586660861968994,0.04614569991827011,0.046815245989575364,0.0002790912985801697,0.0006695460713052534
acute,3,2.344377187290859,-0.142578125,0.146484375,0.04447481781244278,0.04432779550552368,0.04505095677770351,0.0001470223069190979,0.0007231612721798272
acute,3,2.346642394034576,-0.146484375,0.146484375,0.04397314041852951,0.044062282890081406,0.04271321559742032,8.914247155189514e-05,0.0013490672926610853
acute,3,2.359572110293078,-0.142578125,0.142578125,0.042646072804927826,0.04258033260703087,0.0432253851080242,6.57401978969574e-05,0.0006450525009933303
acute,3,2.361198450003028,-0.146484375,0.142578125,0.04225382208824158,0.04239807277917862,0.040776197061799864,0.00014425069093704224,0.0016218757173787554
acute,3,2.374755799191707,-0.142578125,0.138671875,0.040787987411022186,0.0409158393740654,0.04140172863794127,0.0001278519630432129,0.00048588926387586884
acute,3,2.3757620333436735,-0.146484375,0.138671875,0.040593329817056656,0.040808502584695816,0.03904189434248034,0.00021517276763916016,0.0017666082422154727
acute,3,2.389876454672157,-0.142578125,0.134765625,0.03909941017627716,0.03934239223599434,0.03963228052916926,0.00024298205971717834,0.00028988829317492387
acute,3,2.390286913749836,-0.146484375,0.134765625,0.03911576420068741,0.039300866425037384,0.037545920584736325,0.00018510222434997559,0.0017549458403010587
acute,3,2.4047339524646985,-0.146484375,0.130859375,0.03775990381836891,0.03787923976778984,0.036456856853827886,0.00011933594942092896,0.0014223829139619545
acute,3,2.40489121506837,-0.142578125,0.130859375,0.037598565220832825,0.03786419332027435,0.03811950087404676,0.0002656280994415283,0.00025530755377240616
acute,3,2.4190709604873373,-0.146484375,0.126953125,0.03640154004096985,0.03654499351978302,0.035085695476786735,0.0001434534788131714,0.0014592980429962848
acute,3,2.4197657687587317,-0.142578125,0.126953125,0.036212824285030365,0.036482252180576324,0.03659038631362654,0.00026942789554595947,0.00010813413305021252
acute,3,2.4332722491722776,-0.146484375,0.123046875,0.03504955396056175,0.035297345370054245,0.03364729964000032,0.0002477914094924927,0.0016500457300539229
acute,3,2.4344736069971793,-0.142578125,0.123046875,0.03500855714082718,0.03519511967897415,0.03508745860538767,0.00018656253814697266,0.00010766107358647914
acute,3,2.4473179954429938,-0.146484375,0.119140625,0.03397102653980255,0.03413389250636101,0.032901091870944886,0.00016286596655845642,0.0012328006354161217
acute,3,2.448995088411907,-0.142578125,0.119140625,0.03401435166597366,0.03399955481290817,0.033905395657972515,1.4796853065490723e-05,9.415915493565796e-05
acute,3,2.4611935209386213,-0.146484375,0.115234375,0.03287260979413986,0.03305108845233917,0.03284470552030647,0.0001784786581993103,0.00020638293203269903
acute,3,2.463316444926132,-0.142578125,0.115234375,0.032615844160318375,0.03289109095931053,0.03251068663461112,0.000275246798992157,0.00038040432469941404
acute,3,2.4774288168330183,-0.142578125,0.111328125,0.03114485740661621,0.03186449036002159,0.03022280684928053,0.0007196329534053802,0.001641683510741062
acute,3,2.480131091437235,-0.138671875,0.111328125,0.031037140637636185,0.03167509287595749,0.03023928718686029,0.0006379522383213043,0.0014358056890971978
acute,3,2.491327369278664,-0.142578125,0.107421875,0.030398676171898842,0.030914105474948883,0.02986861319633944,0.0005154293030500412,0.001045492278609443
acute,3,2.4944373768301022,-0.138671875,0.107421875,0.031079282984137535,0.030709363520145416,0.03173976358686394,0.00036991946399211884,0.0010304000667185204
acute,3,2.505010515710513,-0.142578125,0.103515625,0.030267959460616112,0.0300341434776783,0.031438977571774294,0.0002338159829378128,0.0014048340940959955
acute,3,2.508500544832009,-0.138671875,0.103515625,0.030410930514335632,0.029818160459399223,0.030326546994675737,0.000592770054936409,0.0005083865352765136
acute,3,2.5184792560485803,-0.142578125,0.099609375,0.028694728389382362,0.029218832030892372,0.029931907870112583,0.0005241036415100098,0.0007130758392202112
acute,3,2.522324054504922,-0.138671875,0.099609375,0.028177740052342415,0.028994912281632423,0.02637979691416196,0.0008171722292900085,0.002615115367470465
acute,3,2.5359133332142987,-0.138671875,0.095703125,0.027223262935876846,0.028233300894498825,0.0247958512398245,0.0010100379586219788,0.003437449654674324
acute,3,2.540320647359379,-0.134765625,0.095703125,0.027773939073085785,0.027995895594358444,0.02357387496227664,0.0002219565212726593,0.004422020632081806
acute,3,2.549275283957506,-0.138671875,0.091796875,0.027730416506528854,0.027527322992682457,0.031084635062781182,0.0002030935138463974,0.0035573120700987254
acute,3,2.5540023641770104,-0.134765625,0.091796875,0.028523579239845276,0.027287153527140617,0.03163102943527121,0.0012364257127046585,0.0043438759081305955
acute,3,2.562417902412726,-0.138671875,0.087890625,0.026680193841457367,0.026871323585510254,0.03035776058013747,0.00019112974405288696,0.0034864369946272164
acute,3,2.567445064065178,-0.134765625,0.087890625,0.026379240676760674,0.026629816740751266,0.02112812254027323,0.00025057606399059296,0.005501694200478035
acute,3,2.580659842868547,-0.134765625,0.083984375,0.02519962377846241,0.026018090546131134,0.025097166090164724,0.0008184667676687241,0.0009209244559664105
acute,3,2.586237600372478,-0.130859375,0.083984375,0.0259478110820055,0.025769362226128578,0.024010196672872783,0.0001784488558769226,0.0017591655532557954
acute,3,2.593658191312906,-0.134765625,0.080078125,0.025382619351148605,0.025446569547057152,0.03146933350309727,6.395019590854645e-05,0.0060227639560401156
acute,3,2.5995087034208004,-0.130859375,0.080078125,0.025562230497598648,0.025198254734277725,0.023314670755564097,0.00036397576332092285,0.0018835839787136287
acute,3,2.6125613212325103,-0.130859375,0.076171875,0.024216284975409508,0.024662282317876816,0.021715260571224915,0.00044599734246730804,0.002947021746651901
acute,3,2.6189649592138613,-0.126953125,0.076171875,0.0244451891630888,0.024407630786299706,0.018368372052249376,3.755837678909302e-05,0.00603925873405033
acute,3,2.6254093401415246,-0.130859375,0.072265625,0.02400965429842472,0.02415631152689457,0.031764658399550706,0.00014665722846984863,0.007608346872656137
acute,3,2.6320646087017434,-0.126953125,0.072265625,0.02451201155781746,0.02390151470899582,0.023198888045354284,0.00061049684882164,0.0007026266636415354
acute,3,2.644963454864478,-0.126953125,0.068359375,0.0233671385794878,0.023419560864567757,0.021893010268519784,5.2422285079956055e-05,0.001526550596047973
acute,3,2.6521803846258156,-0.123046875,0.068359375,0.02301175519824028,0.023155581206083298,0.017000601818432944,0.00014382600784301758,0.006154979387650354
acute,3,2.657677174635511,-0.126953125,0.064453125,0.022198792546987534,0.022956691682338715,0.03179291601505845,0.000757899135351181,0.008836224332719737
acute,3,2.6651321006626056,-0.123046875,0.064453125,0.02274787798523903,0.022689303383231163,0.018394643505884104,5.8574602007865906e-05,0.004294659877347059
acute,3,2.6779081418667987,-0.123046875,0.060546875,0.022725384682416916,0.022235004231333733,0.02608273404311513,0.0004903804510831833,0.0038477298117813967
acute,3,2.685942935387315,-0.119140625,0.060546875,0.02341526560485363,0.02195005491375923,0.021750980483344028,0.0014652106910943985,0.00019907443041520395
acute,3,2.690525945577387,-0.123046875,0.056640625,0.0217704176902771,0.021787181496620178,0.032036765670580315,1.6763806343078613e-05,0.010249584173960137
acute,3,2.6987940109249617,-0.119140625,0.056640625,0.021719029173254967,0.021491749212145805,0.01805864193534207,0.00022727996110916138,0.003433107276803734
acute,3,2.7115026087693925,-0.119140625,0.052734375,0.020172283053398132,0.021030351519584656,0.029682030694493645,0.0008580684661865234,0.008651679174908989
acute,3,2.7203828329577746,-0.115234375,0.052734375,0.020749343559145927,0.02069968171417713,0.01740252895749474,4.9661844968795776e-05,0.0032971527566823915
acute,3,2.7332085905517243,-0.115234375,0.048828125,0.020772604271769524,0.020204387605190277,0.02668873899880683,0.0005682166665792465,0.006484351393616552
acute,3,2.7427398862908356,-0.111328125,0.048828125,0.021344738081097603,0.019818250089883804,0.01775542297967215,0.0015264879912137985,0.0020628271102116555
acute,3,2.7557209757471757,-0.111328125,0.044921875,0.01963256113231182,0.019259531050920486,0.020517040410058272,0.00037303008139133453,0.0012575093591377859
acute,3,2.7659527513639977,-0.107421875,0.044921875,0.01914048008620739,0.01878543756902218,0.009642477142976912,0.0003550425171852112,0.009142960426045267
acute,3,2.768635919145216,-0.111328125,0.041015625,0.01768946461379528,0.018655279651284218,0.030253616463732595,0.0009658150374889374,0.011598336812448377
acute,3,2.77914315347787,-0.107421875,0.041015625,0.01813487522304058,0.01811850816011429,0.01822011546359315,1.636706292629242e-05,0.00010160730347886018
acute,3,2.792311061881642,-0.107421875,0.037109375,0.016665147617459297,0.01737407222390175,0.02948830347991724,0.0007089246064424515,0.01211423125601549
acute,3,2.803614368913831,-0.103515625,0.037109375,0.01706075482070446,0.01665670797228813,0.015777795233158934,0.00040404684841632843,0.0008789127391291979
acute,3,2.8171283305100157,-0.103515625,0.033203125,0.015030846931040287,0.015680799260735512,0.027051671620350645,0.0006499523296952248,0.011370872359615133
acute,3,2.829324367660416,-0.099609375,0.033203125,0.015367105603218079,0.014663740992546082,0.01420609319536199,0.0007033646106719971,0.00045764779718409157
acute,3,2.843319802641149,-0.099609375,0.029296875,0.012689080089330673,0.013297571800649166,0.02380391305480623,0.0006084917113184929,0.010506341254157062
acute,3,2.856536669238781,-0.095703125,0.029296875,0.012863146141171455,0.011764010414481163,0.013633611957345556,0.0010991357266902924,0.0018696015428643926
acute,3,2.8712175112854257,-0.095703125,0.025390625,0.008690458722412586,0.009710191749036312,0.019200341374363352,0.0010197330266237259,0.00949014962532704
acute,3,2.885626861308507,-0.091796875,0.025390625,0.008414682932198048,0.007239090744405985,0.010425462177317492,0.0011755921877920628,0.0031863714329115073
acute,3,2.901315608123635,-0.091796875,0.021484375,0.0015657295007258654,0.0038865297101438046,0.012755897999954337,0.002320800209417939,0.008869368289810532
acute,3,2.917147138780552,-0.087890625,0.021484375,0.00032465782715007663,-0.00040913181146606803,0.002291700286675924,0.0007337896386161447,0.002700832098141992
acute,3,2.934388087448878,-0.087890625,0.017578125,-0.011515069752931595,-0.006475992500782013,0.00023929570597796429,0.005039077252149582,0.006715288206759977
acute,3,2.951932193412886,-0.083984375,0.017578125,-0.01436709426343441,-0.014659769833087921,-0.01175499610580699,0.00029267556965351105,0.002904773727280931
acute,3,2.9717208378995887,-0.083984375,0.013671875,-0.03719714283943176,-0.02727353945374489,-0.026160485368087186,0.009923603385686874,0.0011130540856577019
acute,3,2.9912247472595856,-0.080078125,0.013671875,-0.044440463185310364,-0.04464849457144737,-0.0362278157501824,0.00020803138613700867,0.008420678821264974
acute,3,3.015509027079258,-0.080078125,0.009765625,-0.09555230289697647,-0.07624319940805435,-0.07997987876378711,0.01930910348892212,0.0037366793557327554
acute,3,3.0363772357081413,-0.076171875,0.009765625,-0.11560337990522385,-0.11582426726818085,-0.09318954909587199,0.00022088736295700073,0.02263471817230886
acute,3,3.0460837692875335,-0.080078125,0.005859375,-0.1759892851114273,-0.1391700655221939,-0.18824407026184672,0.0368192195892334,0.049074004739652816
acute,3,3.068261148858511,-0.076171875,0.005859375,-0.21496091783046722,-0.20560462772846222,-0.19993969296474987,0.009356290102005005,0.005664934763712354
acute,3,3.1128566999422684,-0.076171875,0.001953125,-0.30964598059654236,-0.3676725924015045,-0.3711197105636664,0.05802661180496216,0.0034471181621618663
acute,3,3.1216257048660454,-0.072265625,0.001953125,-0.39563798904418945,-0.3918614387512207,-0.3426385988813137,0.00377655029296875,0.049222839869907
acute,3,3.1615596023135413,-0.072265625,-0.001953125,-0.425697386264801,-0.3918614387512207,-0.3426385988813137,0.03383594751358032,0.049222839869907
acute,3,3.170328607237318,-0.076171875,-0.001953125,-0.32047030329704285,-0.3676725924015045,-0.3711197105636664,0.04720228910446167,0.0034471181621618663
acute,3,3.214924158321075,-0.076171875,-0.005859375,-0.2228211909532547,-0.20560462772846222,-0.19993969296474987,0.01721656322479248,0.005664934763712354
acute,3,3.237101537892053,-0.080078125,-0.005859375,-0.1760086864233017,-0.1391700655221939,-0.18824407026184672,0.03683862090110779,0.049074004739652816
acute,3,3.246808071471445,-0.076171875,-0.009765625,-0.11744692921638489,-0.11582426726818085,-0.09318954909587199,0.0016226619482040405,0.02263471817230886
acute,3,3.2676762801003285,-0.080078125,-0.009765625,-0.09431743621826172,-0.07624319940805435,-0.07997987876378711,0.018074236810207367,0.0037366793557327554
acute,3,3.2919605599200006,-0.080078125,-0.013671875,-0.04366770759224892,-0.04464849457144737,-0.0362278157501824,0.0009807869791984558,0.008420678821264974
acute,3,3.3114644692799975,-0.083984375,-0.013671875,-0.036690473556518555,-0.02727353945374489,-0.026160485368087186,0.009416934102773666,0.0011130540856577019
acute,3,3.3312531137667003,-0.083984375,-0.017578125,-0.014122895896434784,-0.014659769833087921,-0.01175499610580699,0.0005368739366531372,0.002904773727280931
acute,3,3.3487972197307085,-0.087890625,-0.017578125,-0.011334570124745369,-0.006475992500782013,0.00023929570597796429,0.004858577623963356,0.006715288206759977
acute,3,3.366038168399035,-0.087890625,-0.021484375,0.0004194325883872807,-0.00040913181146606803,0.002291700286675924,0.0008285643998533487,0.002700832098141992
acute,3,3.381869699055952,-0.091796875,-0.021484375,0.0016437838785350323,0.0038865297101438046,0.012755897999954337,0.0022427458316087723,0.008869368289810532
acute,3,3.397558445871079,-0.091796875,-0.025390625,0.008456851355731487,0.007239090744405985,0.010425462177317492,0.0012177606113255024,0.0031863714329115073
acute,3,3.4119677958941605,-0.095703125,-0.025390625,0.00867285393178463,0.009710191749036312,0.019200341374363352,0.0010373378172516823,0.00949014962532704
acute,3,3.426648637940805,-0.095703125,-0.029296875,0.012906253337860107,0.011764010414481163,0.013633611957345556,0.0011422429233789444,0.0018696015428643926
acute,3,3.439865504538438,-0.099609375,-0.029296875,0.01263529621064663,0.013297571800649166,0.02380391305480623,0.0006622755900025368,0.010506341254157062
acute,3,3.45386093951917,-0.099609375,-0.033203125,0.015382904559373856,0.014663740992546082,0.01420609319536199,0.000719163566827774,0.00045764779718409157
acute,3,3.466056976669571,-0.103515625,-0.033203125,0.01497299037873745,0.015680799260735512,0.027051671620350645,0.0007078088819980621,0.011370872359615133
acute,3,3.479570938265755,-0.103515625,-0.037109375,0.017064694315195084,0.01665670797228813,0.015777795233158934,0.0004079863429069519,0.0008789127391291979
acute,3,3.4908742452979453,-0.107421875,-0.037109375,0.01660878397524357,0.01737407222390175,0.02948830347991724,0.0007652882486581802,0.01211423125601549
acute,3,3.5040421537017163,-0.107421875,-0.041015625,0.01811794377863407,0.01811850816011429,0.01822011546359315,5.6438148021698e-07,0.00010160730347886018
acute,3,3.5145493880343706,-0.111328125,-0.041015625,0.01761285588145256,0.018655279651284218,0.030253616463732595,0.0010424237698316574,0.011598336812448377
acute,3,3.5172325558155895,-0.107421875,-0.044921875,0.019346101209521294,0.01878543756902218,0.009642477142976912,0.000560663640499115,0.009142960426045267
acute,3,3.5274643314324106,-0.111328125,-0.044921875,0.019586212933063507,0.019259531050920486,0.020517040410058272,0.00032668188214302063,0.0012575093591377859
acute,3,3.5404454208887506,-0.111328125,-0.048828125,0.021447308361530304,0.019818250089883804,0.01775542297967215,0.0016290582716464996,0.0020628271102116555
acute,3,3.5499767166278624,-0.115234375,-0.048828125,0.020682649686932564,0.020204387605190277,0.02668873899880683,0.0004782620817422867,0.006484351393616552
acute,3,3.5628024742218116,-0.115234375,-0.052734375,0.020728103816509247,0.02069968171417713,0.01740252895749474,2.8422102332115173e-05,0.0032971527566823915
acute,3,3.571682698410194,-0.119140625,-0.052734375,0.0199526846408844,0.021030351519584656,0.029682030694493645,0.0010776668787002563,0.008651679174908989
acute,3,3.5843912962546245,-0.119140625,-0.056640625,0.021728340536355972,0.021491749212145805,0.01805864193534207,0.00023659132421016693,0.003433107276803734
acute,3,3.5926593616021996,-0.123046875,-0.056640625,0.021587425842881203,0.021787181496620178,0.032036765670580315,0.00019975565373897552,0.010249584173960137
acute,3,3.5972423717922712,-0.119140625,-0.060546875,0.02360895462334156,0.02195005491375923,0.021750980483344028,0.0016588997095823288,0.00019907443041520395
acute,3,3.605277165312788,-0.123046875,-0.060546875,0.02257423661649227,0.022235004231333733,0.02608273404311513,0.0003392323851585388,0.0038477298117813967
acute,3,3.6180532065169806,-0.123046875,-0.064453125,0.022705068811774254,0.022689303383231163,0.018394643505884104,1.576542854309082e-05,0.004294659877347059
acute,3,3.625508132544076,-0.126953125,-0.064453125,0.02199907973408699,0.022956691682338715,0.03179291601505845,0.0009576119482517242,0.008836224332719737
acute,3,3.631004922553771,-0.123046875,-0.068359375,0.02347150817513466,0.023155581206083298,0.017000601818432944,0.0003159269690513611,0.006154979387650354
acute,3,3.6382218523151098,-0.126953125,-0.068359375,0.023247217759490013,0.023419560864567757,0.021893010268519784,0.00017234310507774353,0.001526550596047973
acute,3,3.6511206984778433,-0.126953125,-0.072265625,0.024562688544392586,0.02390151470899582,0.023198888045354284,0.0006611738353967667,0.0007026266636415354
acute,3,3.657775967038062,-0.130859375,-0.072265625,0.023723743855953217,0.02415631152689457,0.031764658399550706,0.00043256767094135284,0.007608346872656137
acute,3,3.664220347965726,-0.126953125,-0.076171875,0.024864166975021362,0.024407630786299706,0.018368372052249376,0.0004565361887216568,0.00603925873405033
acute,3,3.670623985947076,-0.130859375,-0.076171875,0.02404986508190632,0.024662282317876816,0.021715260571224915,0.0006124172359704971,0.002947021746651901
acute,3,3.6836766037587862,-0.130859375,-0.080078125,0.025626718997955322,0.025198254734277725,0.023314670755564097,0.00042846426367759705,0.0018835839787136287
acute,3,3.6895271158666807,-0.134765625,-0.080078125,0.02513308823108673,0.025446569547057152,0.03146933350309727,0.00031348131597042084,0.0060227639560401156
acute,3,3.6969477068071086,-0.130859375,-0.083984375,0.02645084261894226,0.025769362226128578,0.024010196672872783,0.0006814803928136826,0.0017591655532557954
acute,3,3.702525464311039,-0.134765625,-0.083984375,0.025036131963133812,0.026018090546131134,0.025097166090164724,0.000981958582997322,0.0009209244559664105
acute,3,3.715740243114408,-0.134765625,-0.087890625,0.026386169716715813,0.026629816740751266,0.02112812254027323,0.0002436470240354538,0.005501694200478035
acute,3,3.720767404766861,-0.138671875,-0.087890625,0.02654675953090191,0.026871323585510254,0.03035776058013747,0.00032456405460834503,0.0034864369946272164
acute,3,3.729182943002576,-0.134765625,-0.091796875,0.028683025389909744,0.027287153527140617,0.03163102943527121,0.001395871862769127,0.0043438759081305955
acute,3,3.733910023222081,-0.138671875,-0.091796875,0.027664458379149437,0.027527322992682457,0.031084635062781182,0.00013713538646697998,0.0035573120700987254
acute,3,3.7428646598202073,-0.134765625,-0.095703125,0.028318477794528008,0.027995895594358444,0.02357387496227664,0.0003225822001695633,0.004422020632081806
acute,3,3.747271973965288,-0.138671875,-0.095703125,0.027083352208137512,0.028233300894498825,0.0247958512398245,0.0011499486863613129,0.003437449654674324
acute,3,3.760861252674664,-0.138671875,-0.099609375,0.028227292001247406,0.028994912281632423,0.02637979691416196,0.0007676202803850174,0.002615115367470465
acute,3,3.7647060511310064,-0.142578125,-0.099609375,0.028558548539876938,0.029218832030892372,0.029931907870112583,0.0006602834910154343,0.0007130758392202112
acute,3,3.7746847623475777,-0.138671875,-0.103515625,0.030590152367949486,0.029818160459399223,0.030326546994675737,0.0007719919085502625,0.0005083865352765136
acute,3,3.7781747914690738,-0.142578125,-0.103515625,0.030108056962490082,0.0300341434776783,0.031438977571774294,7.391348481178284e-05,0.0014048340940959955
acute,3,3.788747930349484,-0.138671875,-0.107421875,0.030998796224594116,0.030709363520145416,0.03173976358686394,0.00028943270444869995,0.0010304000667185204
acute,3,3.7918579379009225,-0.142578125,-0.107421875,0.030319884419441223,0.030914105474948883,0.02986861319633944,0.0005942210555076599,0.001045492278609443
acute,3,3.803054215742351,-0.138671875,-0.111328125,0.03134161978960037,0.03167509287595749,0.03023928718686029,0.0003334730863571167,0.0014358056890971978
acute,3,3.805756490346568,-0.142578125,-0.111328125,0.03109249845147133,0.03186449036002159,0.03022280684928053,0.0007719919085502625,0.001641683510741062
acute,3,3.8198688622534545,-0.142578125,-0.115234375,0.03265458345413208,0.03289109095931053,0.03251068663461112,0.00023650750517845154,0.00038040432469941404
acute,3,3.821991786240966,-0.146484375,-0.115234375,0.03270072489976883,0.03305108845233917,0.03284470552030647,0.000350363552570343,0.00020638293203269903
acute,3,3.834190218767679,-0.142578125,-0.119140625,0.03405449911952019,0.03399955481290817,0.033905395657972515,5.494430661201477e-05,9.415915493565796e-05
acute,3,3.835867311736593,-0.146484375,-0.119140625,0.03376803547143936,0.03413389250636101,0.032901091870944886,0.0003658570349216461,0.0012328006354161217
acute,3,3.848711700182407,-0.142578125,-0.123046875,0.03512442484498024,0.03519511967897415,0.03508745860538767,7.069483399391174e-05,0.00010766107358647914
acute,3,3.8499130580073087,-0.146484375,-0.123046875,0.03485354408621788,0.035297345370054245,0.03364729964000032,0.00044380128383636475,0.0016500457300539229
acute,3,3.8634195384208545,-0.142578125,-0.126953125,0.03631531074643135,0.036482252180576324,0.03659038631362654,0.00016694143414497375,0.00010813413305021252
acute,3,3.864114346692249,-0.146484375,-0.126953125,0.03627440705895424,0.03654499351978302,0.035085695476786735,0.00027058646082878113,0.0014592980429962848
acute,3,3.878294092111216,-0.142578125,-0.130859375,0.03765319287776947,0.03786419332027435,0.03811950087404676,0.0002110004425048828,0.00025530755377240616
acute,3,3.878451354714888,-0.146484375,-0.130859375,0.03771180287003517,0.03787923976778984,0.036456856853827886,0.0001674368977546692,0.0014223829139619545
acute,3,3.8928983934297503,-0.146484375,-0.134765625,0.03915787860751152,0.039300866425037384,0.037545920584736325,0.00014298781752586365,0.0017549458403010587
acute,3,3.8933088525074298,-0.142578125,-0.134765625,0.03910006582736969,0.03934239223599434,0.03963228052916926,0.00024232640862464905,0.00028988829317492387
acute,3,3.907423273835913,-0.146484375,-0.138671875,0.04074249044060707,0.040808502584695816,0.03904189434248034,6.601214408874512e-05,0.0017666082422154727
acute,3,3.90842950798788,-0.142578125,-0.138671875,0.04074850678443909,0.0409158393740654,0.04140172863794127,0.00016733258962631226,0.00048588926387586884
acute,3,3.9219868571765586,-0.146484375,-0.142578125,0.042458802461624146,0.04239807277917862,0.040776197061799864,6.072968244552612e-05,0.0016218757173787554
acute,3,3.923613196886509,-0.142578125,-0.142578125,0.04258815944194794,0.04258033260703087,0.0432253851080242,7.826834917068481e-06,0.0006450525009933303
acute,3,3.93654291314501,-0.146484375,-0.146484375,0.04418731853365898,0.044062282890081406,0.04271321559742032,0.00012503564357757568,0.0013490672926610853
acute,3,3.938808119888728,-0.142578125,-0.146484375,0.044397853314876556,0.04432779550552368,0.04505095677770351,7.005780935287476e-05,0.0007231612721798272
acute,3,3.953953711039768,-0.142578125,-0.150390625,0.046042174100875854,0.04614569991827011,0.046815245989575364,0.00010352581739425659,0.0006695460713052534
acute,3,3.9571517300952346,-0.138671875,-0.150390625,0.04589058458805084,0.0465385802090168,0.048012729473361514,0.0006479956209659576,0.0014741492643447138
acute,3,3.9689815613210886,-0.142578125,-0.154296875,0.047725073993206024,0.048016808927059174,0.04692730866002925,0.0002917349338531494,0.0010895002670299261
acute,3,3.9729031006233466,-0.138671875,-0.154296875,0.04809146374464035,0.04851486161351204,0.049789504942941494,0.00042339786887168884,0.0012746433294294549
acute,3,3.983817232049338,-0.142578125,-0.158203125,0.05014686658978462,0.04991935193538666,0.04846767700495157,0.00022751465439796448,0.00145167493043509
acute,3,3.988452231484284,-0.138671875,-0.158203125,0.050625983625650406,0.050522979348897934,0.05190860954546991,0.00010300427675247192,0.0013856301965719728
acute,3,3.998382974232212,-0.142578125,-0.162109375,0.05197044089436531,0.051827747374773026,0.050268746395631586,0.00014269351959228516,0.0015590009791414394
acute,3,4.003706105908677,-0.138671875,-0.162109375,0.052310045808553696,0.0525321327149868,0.05327190939244891,0.00022208690643310547,0.0007397766774621117
acute,3,4.018571661835257,-0.138671875,-0.166015625,0.05479487031698227,0.05450865626335144,0.05403910037991071,0.00028621405363082886,0.00046955588344073373
acute,3,4.025190957879967,-0.134765625,-0.166015625,0.05494929105043411,0.05538897588849068,0.05720223384303631,0.00043968483805656433,0.0018132579545456357
acute,3,4.032961092878994,-0.138671875,-0.169921875,0.05709250643849373,0.0564185194671154,0.05483976430816567,0.0006739869713783264,0.0015787551589497295
acute,3,4.040228125623213,-0.134765625,-0.169921875,0.057080335915088654,0.0573744997382164,0.05808315675944827,0.0002941638231277466,0.0007086570212318719
acute,3,4.054628526828239,-0.134765625,-0.173828125,0.059723466634750366,0.05923596769571304,0.05864686308244237,0.000487498939037323,0.0005891046132706704
acute,3,4.0633333477610245,-0.130859375,-0.173828125,0.05952509492635727,0.0603305846452713,0.06213887359039012,0.000805489718914032,0.0018082889451188217
acute,3,4.068320369132729,-0.134765625,-0.177734375,0.061536792665719986,0.060944199562072754,0.05886646788255713,0.0005925931036472321,0.0020777316795156237
acute,3,4.077513634102271,-0.130859375,-0.177734375,0.061212871223688126,0.06204456090927124,0.06221483617968504,0.0008316896855831146,0.00017027527041379997
acute,3,4.090819535783255,-0.130859375,-0.181640625,0.06460324674844742,0.06355220824480057,0.06198577247556939,0.0010510385036468506,0.0015664357692311767
acute,3,4.101404494453456,-0.126953125,-0.181640625,0.06396781653165817,0.06466511636972427,0.06536892810778543,0.0006972998380661011,0.0007038117380611525
acute,3,4.114034032707442,-0.126953125,-0.185546875,0.06694352626800537,0.06587415188550949,0.06453114387290446,0.0010693743824958801,0.0013430080126050348
acute,3,4.125945578635993,-0.123046875,-0.185546875,0.06613054871559143,0.06687871366739273,0.06774441530493332,0.0007481649518013,0.0008657016375405863
acute,3,4.137591667569749,-0.123046875,-0.189453125,0.06877589225769043,0.06771798431873322,0.06625827990587398,0.0010579079389572144,0.001459704412859239
acute,3,4.150652278569469,-0.119140625,-0.189453125,0.06749235093593597,0.06847469508647919,0.06906285122417377,0.0009823441505432129,0.0005881561376945843
acute,3,4.161041884167353,-0.119140625,-0.193359375,0.07000260055065155,0.06892736256122589,0.06697671199071441,0.0010752379894256592,0.0019506505705114835
acute,3,4.164939267741971,-0.115234375,-0.189453125,0.0676194578409195,0.06906159967184067,0.07171411111505799,0.001442141830921173,0.0026525114432173202
acute,3,4.174974625587673,-0.115234375,-0.193359375,0.07000471651554108,0.06931547075510025,0.06917212956584765,0.0006892457604408264,0.00014334118925260486
acute,3,4.190016567550014,-0.111328125,-0.193359375,0.06836040318012238,0.06944342702627182,0.07106496690931491,0.0010830238461494446,0.0016215398830430883
acute,3,4.198394129482905,-0.111328125,-0.197265625,0.0701473280787468,0.06938205659389496,0.06809971349725806,0.0007652714848518372,0.0012823430966368982
acute,3,4.213793405894522,-0.107421875,-0.197265625,0.06788759678602219,0.0690239667892456,0.06917690918051642,0.0011363700032234192,0.00015294239127081055
acute,3,4.220511130482742,-0.107421875,-0.201171875,0.06905103474855423,0.0687703937292099,0.06603338565778524,0.00028064101934432983,0.002737008071424657
acute,3,4.230052908301446,-0.103515625,-0.197265625,0.06771021336317062,0.06831222772598267,0.06975116037320508,0.0006020143628120422,0.0014389326472224184
acute,3,4.235915086582748,-0.103515625,-0.201171875,0.06874657422304153,0.06797566264867783,0.0663497629664311,0.0007709115743637085,0.0016258996822467314
acute,3,4.2470586104917825,-0.099609375,-0.197265625,0.06627247482538223,0.06722613424062729,0.06974611790418493,0.0009536594152450562,0.002519983663557643
acute,3,4.251937294619976,-0.099609375,-0.201171875,0.0674007460474968,0.06685497611761093,0.06618428364610043,0.0005457699298858643,0.0006706924715104978
acute,3,4.268446001556307,-0.095703125,-0.201171875,0.06588088721036911,0.06542164832353592,0.06551726248578857,0.0004592388868331909,9.561416225264963e-05
acute,3,4.271779008764442,-0.095703125,-0.205078125,0.06494046747684479,0.06510163843631744,0.06220693774790434,0.00016117095947265625,0.0028947006884131044
acute,3,4.285285543995153,-0.091796875,-0.201171875,0.06288934499025345,0.06371226906776428,0.06437760673826738,0.0008229240775108337,0.0006653376705030994
acute,3,4.2876161756502835,-0.091796875,-0.205078125,0.0637117475271225,0.06345872581005096,0.0611024229836083,0.0002530217170715332,0.002356302826442662
acute,3,4.302288858905067,-0.087890625,-0.201171875,0.06118597090244293,0.06178257241845131,0.06275003050334661,0.0005966015160083771,0.0009674580848953035
acute,3,4.303604319054048,-0.087890625,-0.205078125,0.062056008726358414,0.061626236885786057,0.05954780352770149,0.0004297718405723572,0.0020784333580845665
acute,3,4.319291502483263,-0.083984375,-0.201171875,0.059191182255744934,0.05969959497451782,0.06067978997015271,0.0005084127187728882,0.0009801949956348907
acute,3,4.3196107458299755,-0.083984375,-0.205078125,0.060008637607097626,0.05965934321284294,0.05757924616892525,0.00034929439425468445,0.002080097043917692
acute,3,4.335512860915327,-0.080078125,-0.205078125,0.05788480117917061,0.057615023106336594,0.05553278386810087,0.0002697780728340149,0.0020822392382357224
acute,3,4.336144084490792,-0.080078125,-0.201171875,0.05703052878379822,0.05753256008028984,0.058377139348172256,0.0005020312964916229,0.0008445792678824157
acute,3,4.351204529871247,-0.076171875,-0.205078125,0.05564407259225845,0.05554632470011711,0.05340713477697328,9.774789214134216e-05,0.002139189923143832
acute,3,4.352720844791846,-0.076171875,-0.201171875,0.054836299270391464,0.055344950407743454,0.0559500147136528,0.0005086511373519897,0.0006050643059093488
acute,3,4.366599532197811,-0.072265625,-0.205078125,0.05331116169691086,0.053498394787311554,0.05131475157021117,0.0001872330904006958,0.0021836432171003853
acute,3,4.368923601051596,-0.072265625,-0.201171875,0.052622463554143906,0.05318937078118324,0.05343372513636742,0.0005669072270393372,0.0002443543551841759
acute,3,4.384681654626073,-0.068359375,-0.201171875,0.05107395350933075,0.051105450838804245,0.050711452775834304,3.1497329473495483e-05,0.00039399806296994133
acute,3,4.388044205941918,-0.068359375,-0.197265625,0.050175104290246964,0.05066468566656113,0.05273748630014469,0.0004895813763141632,0.0020728006335835603
acute,3,4.399948959528929,-0.064453125,-0.201171875,0.0487503707408905,0.049120187759399414,0.04788329927009042,0.00036981701850891113,0.0012368884893089946
acute,3,4.403994700990678,-0.064453125,-0.197265625,0.0485256165266037,0.04860193282365799,0.04965207388110234,7.631629705429077e-05,0.0010501410574443523
acute,3,4.414699927833452,-0.060546875,-0.201171875,0.047185324132442474,0.0472496934235096,0.046042669748229695,6.436929106712341e-05,0.001207023675279903
acute,3,4.419336200177847,-0.060546875,-0.197265625,0.046623945236206055,0.046673476696014404,0.04760990133742937,4.953145980834961e-05,0.000936424641414968
acute,3,4.428924933876852,-0.056640625,-0.201171875,0.04515021666884422,0.045501552522182465,0.044439433802268204,0.0003513358533382416,0.001062118719914261
acute,3,4.434068220534807,-0.056640625,-0.197265625,0.044478438794612885,0.04488459601998329,0.04439122991690655,0.0004061572253704071,0.0004933661030767436
acute,3,4.448202748069588,-0.052734375,-0.197265625,0.042533718049526215,0.04323387145996094,0.041966716224576546,0.0007001534104347229,0.0012671552353843915
acute,3,4.454215085024532,-0.052734375,-0.193359375,0.04277059808373451,0.04255249351263046,0.042845984133684595,0.00021810457110404968,0.00029349062105413215
acute,3,4.461759853759885,-0.048828125,-0.197265625,0.041582029312849045,0.04171563684940338,0.041672437638798875,0.00013360753655433655,4.3199210604506766e-05
acute,3,4.468137899407453,-0.048828125,-0.193359375,0.040959835052490234,0.04102427512407303,0.041019485241658694,6.444007158279419e-05,4.789882414334146e-06
acute,3,4.48144883377863,-0.044921875,-0.193359375,0.03913262486457825,0.039629675447940826,0.03849275860457906,0.0004970505833625793,0.001136916843361764
acute,3,4.488586003694721,-0.044921875,-0.189453125,0.03911963105201721,0.03890903294086456,0.03838824424949756,0.00021059811115264893,0.0005207886913669996
acute,3,4.494184671977499,-0.041015625,-0.193359375,0.03803529217839241,0.038357026875019073,0.03900446880254391,0.0003217346966266632,0.0006474419275248333
acute,3,4.501564515935678,-0.041015625,-0.189453125,0.03769686818122864,0.03764723613858223,0.037045641264194934,4.963204264640808e-05,0.0006015948743872956
acute,3,4.513961235706016,-0.037109375,-0.189453125,0.03599124774336815,0.03650026023387909,0.03662068997957257,0.0005090124905109406,0.00012042974569347747
acute,3,4.521985760537067,-0.037109375,-0.185546875,0.03601797670125961,0.03578777238726616,0.03546032556173308,0.00023020431399345398,0.00032744682553308146
acute,3,4.533989369048345,-0.033203125,-0.185546875,0.03470776602625847,0.03476512432098389,0.03407647365349374,5.735829472541809e-05,0.0006886506674901455
acute,3,4.542604637967606,-0.033203125,-0.181640625,0.03422588109970093,0.03406235948204994,0.03205368874989794,0.00016352161765098572,0.002008670732152003
acute,3,4.54546356431134,-0.029296875,-0.185546875,0.033617906272411346,0.033834803849458694,0.03552863786034414,0.00021689757704734802,0.0016938340108854436
acute,3,4.554177165382003,-0.029296875,-0.181640625,0.03325977921485901,0.03315828740596771,0.03260125584737622,0.00010149180889129639,0.000557031558591492
acute,3,4.565238734421993,-0.025390625,-0.181640625,0.03233876824378967,0.03233560919761658,0.0342027108828604,3.159046173095703e-06,0.001867101685243823
acute,3,4.574447632006201,-0.025390625,-0.177734375,0.032044000923633575,0.03168056532740593,0.03078419482891121,0.0003634355962276459,0.0008963704984947182
acute,3,4.585078889926441,-0.021484375,-0.177734375,0.030737366527318954,0.030956830829381943,0.03288330825738542,0.00021946430206298828,0.0019264774280034758
acute,3,4.594739162136381,-0.021484375,-0.173828125,0.030671585351228714,0.030328230932354927,0.028626848193231216,0.0003433544188737869,0.0017013827391237114
acute,3,4.6049324260006586,-0.017578125,-0.173828125,0.029503051191568375,0.029693657532334328,0.03166497082799089,0.00019060634076595306,0.001971313295656564
acute,3,4.615004894174397,-0.017578125,-0.169921875,0.029471248388290405,0.029094278812408447,0.027125564559040576,0.000376969575881958,0.0019687142533678717
acute,3,4.624760471094004,-0.013671875,-0.169921875,0.02828296087682247,0.028538737446069717,0.030477776624619594,0.0002557765692472458,0.0019390391785498763
acute,3,4.635211426923098,-0.013671875,-0.166015625,0.028392210602760315,0.02796947956085205,0.02670280580636343,0.00042273104190826416,0.0012666737544886203
acute,3,4.644535756072538,-0.009765625,-0.166015625,0.027271103113889694,0.02748299203813076,0.029649280109965138,0.00021188892424106598,0.0021662880718343776
acute,3,4.6553372705966645,-0.009765625,-0.162109375,0.02736983634531498,0.026943182572722435,0.027735644889558295,0.00042665377259254456,0.0007924623168358604
acute,3,4.6642413326181025,-0.005859375,-0.162109375,0.02663380466401577,0.02651621773838997,0.030149561360470194,0.00011758692562580109,0.003633343622080225
acute,3,4.675371302995694,-0.005859375,-0.158203125,0.026723891496658325,0.02600383758544922,0.030014218170264777,0.0007200539112091064,0.004010380584815558
acute,3,4.683869337293454,-0.001953125,-0.158203125,0.02579854056239128,0.025627458468079567,0.03223470927178764,0.00017108209431171417,0.006607250803708074
acute,3,4.686891046436273,-0.005859375,-0.154296875,0.025835400447249413,0.02549653686583042,0.01748598172767937,0.0003388635814189911,0.008010555138151052
acute,3,4.695311402521095,-0.001953125,-0.154296875,0.025052452459931374,0.02513928711414337,0.02829582139879966,8.683465421199799e-05,0.003156534284656287
acute,3,4.707140490791858,-0.001953125,-0.150390625,0.02437169849872589,0.024654889479279518,0.020318421874072796,0.000283190980553627,0.004336467605206722
acute,3,4.715163358068367,0.001953125,-0.150390625,0.02287885546684265,0.02433682419359684,0.022912693548364844,0.0014579687267541885,0.0014241306452319955
acute,3,4.727293938664608,0.001953125,-0.146484375,0.02456754446029663,0.023869892582297325,0.028914057928793445,0.0006976518779993057,0.00504416534649612
acute,3,4.7349401127714055,0.005859375,-0.146484375,0.02406962774693966,0.023583054542541504,0.03315771752415362,0.0004865732043981552,0.009574662981612116
acute,3,4.739822811437353,0.001953125,-0.142578125,0.024313829839229584,0.023402469232678413,0.016821433470907123,0.0009113606065511703,0.006581035761771291
acute,3,4.747370284251168,0.005859375,-0.142578125,0.023046739399433136,0.023126717656850815,0.027302010176737165,7.997825741767883e-05,0.00417529251988635
acute,3,4.760204234959992,0.005859375,-0.138671875,0.022701403126120567,0.022665128111839294,0.018473435631467396,3.627501428127289e-05,0.004191692480371899
acute,3,4.767395333285883,0.009765625,-0.138671875,0.02160961739718914,0.02240915223956108,0.026271265365860382,0.0007995348423719406,0.0038621131262993012
acute,3,4.773457053890695,0.005859375,-0.134765625,0.02277471125125885,0.022194093093276024,0.019174104678422947,0.0005806181579828262,0.0030199884148530767
acute,3,4.780542785931601,0.009765625,-0.134765625,0.021593593060970306,0.021942786872386932,0.030506376509632095,0.000349193811416626,0.008563589637245163
acute,3,4.794121977042049,0.009765625,-0.130859375,0.02124904841184616,0.021458230912685394,0.010808672062841466,0.0002091825008392334,0.010649558849843928
acute,3,4.80087869471204,0.013671875,-0.130859375,0.020063776522874832,0.021213941276073456,0.023912063670153635,0.0011501647531986237,0.002698122394080179
acute,3,4.808153934049231,0.009765625,-0.126953125,0.021029211580753326,0.020947108045220375,0.022482658649867038,8.210353553295135e-05,0.0015355506046466627
acute,3,4.814805643684099,0.013671875,-0.126953125,0.01952245831489563,0.020698636770248413,0.031283829880253536,0.0011761784553527832,0.010585193110005123
acute,3,4.829208686382158,0.013671875,-0.123046875,0.020366668701171875,0.020140578970313072,0.0029252121006154777,0.0002260897308588028,0.017215366869697594
acute,3,4.835567119701897,0.017578125,-0.123046875,0.01949317380785942,0.019883019849658012,0.02381676424318544,0.0003898460417985916,0.003933744393527429
acute,3,4.844117760397011,0.013671875,-0.119140625,0.022675516083836555,0.019523000344634056,0.0371062568173559,0.0031525157392024994,0.017583256472721846
acute,3,4.8503807367911325,0.017578125,-0.119140625,0.020137954503297806,0.01924767531454563,0.03377500311222791,0.0008902791887521744,0.014527327797682281
acute,3,4.865739560015628,0.017578125,-0.115234375,0.015408402308821678,0.018521176651120186,0.006959120334739203,0.0031127743422985077,0.011562056316380982
acute,3,4.871758020680026,0.021484375,-0.115234375,0.015634628012776375,0.018212709575891495,0.020780045444834624,0.00257808156311512,0.0025673358689431297
acute,3,4.8816874536456005,0.017578125,-0.111328125,0.018235495314002037,0.01766830123960972,0.010894193235154875,0.0005671940743923187,0.006774108004454844
acute,3,4.887634770421683,0.021484375,-0.111328125,0.018531575798988342,0.01731809228658676,0.03030450125502032,0.0012134835124015808,0.012986408968433557
acute,3,4.898276024058962,0.017578125,-0.107421875,0.020547406747937202,0.01663878560066223,0.03418742585599207,0.003908621147274971,0.017548640255329838
acute,3,4.904166211745114,0.021484375,-0.107421875,0.015519457869231701,0.016229690983891487,0.020195057369342653,0.0007102331146597862,0.0039653663854511655
acute,3,4.921419717010701,0.021484375,-0.103515625,0.009576646611094475,0.014866773039102554,-0.0014704503724933366,0.0052901264280080795,0.01633722341159589
acute,3,4.927178191277324,0.025390625,-0.103515625,0.010812699794769287,0.014347652904689312,0.01659223639802784,0.003534953109920025,0.0022445834933385277
acute,3,4.939475713191721,0.021484375,-0.099609375,0.015130292624235153,0.01310812309384346,0.010840160099634899,0.002022169530391693,0.002267962994208561
acute,3,4.945251440446858,0.025390625,-0.099609375,0.015226036310195923,0.012455664575099945,0.027406269044340854,0.002770371735095978,0.01495060446924091
acute,3,4.958429742733773,0.021484375,-0.095703125,0.017900928854942322,0.010766643099486828,0.035318100633751924,0.007134285755455494,0.024551457534265096
acute,3,4.964274556519222,0.025390625,-0.095703125,0.010765825398266315,0.009915059432387352,0.014065620322241602,0.0008507659658789635,0.00415056088985425
acute,3,4.9843843757960835,0.025390625,-0.091796875,0.00022435255232267082,0.00638372078537941,-0.0074955468480476795,0.006159368233056739,0.01387926763342709
acute,3,4.99040050331238,0.029296875,-0.091796875,-0.003326439531520009,0.005110009107738733,-0.0005280975043933391,0.008436448639258742,0.005638106612132073
acute,3,5.005745349122157,0.025390625,-0.087890625,-0.0010616823565214872,0.001286778599023819,-0.006028985858911839,0.002348460955545306,0.007315764457935658
acute,3,5.012098809849143,0.029296875,-0.087890625,-0.004370833281427622,-0.0005801807856187224,0.006635810834206978,0.0037906524958088994,0.0072159916198257
acute,3,5.028545700195378,0.025390625,-0.083984375,-0.000167808000696823,-0.0063805305399000645,0.008266598993631143,0.0062127225392032415,0.014647129533531207
acute,3,5.03546161726866,0.029296875,-0.083984375,-0.01142877247184515,-0.009317056275904179,-0.004940220175799616,0.0021117161959409714,0.004376836100104563
acute,3,5.052971328133842,0.025390625,-0.080078125,-0.009908689185976982,-0.018435226753354073,-0.006787528098608579,0.00852653756737709,0.011647698654745494
acute,3,5.0608114907868265,0.029296875,-0.080078125,-0.02925366535782814,-0.02346842922270298,-0.028719889271671895,0.00578523613512516,0.005251460048968915
acute,3,5.088450294253491,0.029296875,-0.076171875,-0.055327288806438446,-0.04768999665975571,-0.05053169976516457,0.007637292146682739,0.002841703105408863
acute,3,5.099077334205545,0.033203125,-0.076171875,-0.09201186895370483,-0.06052803248167038,-0.08436361133908943,0.031483836472034454,0.02383557885741905
acute,3,5.118349796703273,0.029296875,-0.072265625,-0.09148208051919937,-0.09065660834312439,-0.07877580747769378,0.0008254721760749817,0.011880800865430613
acute,3,5.132655582770222,0.033203125,-0.072265625,-0.14865432679653168,-0.12009011209011078,-0.13996784280477104,0.0285642147064209,0.019877730714660258
acute,3,5.1686517024855405,0.033203125,-0.068359375,-0.232403963804245,-0.22652214765548706,-0.219638971188383,0.005881816148757935,0.0068831764671040685
acute,3,5.200064716417935,0.037109375,-0.068359375,-0.28543397784233093,-0.34380456805229187,-0.3808139896428389,0.05837059020996094,0.03700942159054704
acute,3,5.2348767905040985,0.037109375,-0.064453125,-0.37771326303482056,-0.4165862500667572,-0.39177913187505614,0.038872987031936646,0.02480711819170106
acute,3,5.2827087163129365,0.041015625,-0.064453125,-0.28506234288215637,-0.3039938509464264,-0.3149595610099098,0.01893150806427002,0.010965710063483403
acute,3,5.289421539466286,0.041015625,-0.060546875,-0.28702089190483093,-0.27832967042922974,-0.23113263257105518,0.008691221475601196,0.047197037858174556
acute,3,5.32634768631664,0.044921875,-0.060546875,-0.1506248414516449,-0.15296068787574768,-0.12226702191689048,0.002335846424102783,0.030693665958857197
acute,3,5.328205715139304,0.044921875,-0.064453125,-0.16791895031929016,-0.1478695124387741,-0.16367163020792086,0.020049437880516052,0.01580211776914675
acute,3,5.359883233864464,0.048828125,-0.060546875,-0.06931090354919434,-0.07978460937738419,-0.05164504830702341,0.01047370582818985,0.028139561070360773
acute,3,5.364898571276844,0.048828125,-0.064453125,-0.08773637562990189,-0.07185675948858261,-0.07309239028585873,0.015879616141319275,0.0012356307972761216
acute,3,5.395662850181576,0.052734375,-0.064453125,-0.04354993253946304,-0.035631053149700165,-0.037607410965961416,0.007918879389762878,0.001976357816261251
acute,3,5.401891479006081,0.052734375,-0.068359375,-0.05449918285012245,-0.030353687703609467,-0.04855064671771549,0.024145495146512985,0.01819695901410602
acute,3,5.422697797281363,0.056640625,-0.064453125,-0.018599562346935272,-0.016284653916954994,-0.020128846407173145,0.002314908429980278,0.0038441924902181505
acute,3,5.428838998807572,0.056640625,-0.068359375,-0.022578999400138855,-0.012990085408091545,-0.01281890098877546,0.00958891399204731,0.0001711844193160849
acute,3,5.447231180172946,0.060546875,-0.064453125,0.0006963945343159139,-0.004901321139186621,0.00537947528065253,0.005597715673502535,0.010280796419839151
acute,3,5.453066535205895,0.060546875,-0.068359375,-0.003640166949480772,-0.00279922503978014,0.0060436080339761914,0.0008409419097006321,0.008842833073756332
acute,3,5.469981680299108,0.064453125,-0.064453125,0.008890487253665924,0.002305799163877964,0.021233893975829626,0.00658468808978796,0.01892809481195166
acute,3,5.475434110504749,0.064453125,-0.068359375,0.0022585729602724314,0.0036861130502074957,0.006213415569241942,0.0014275400899350643,0.002527302519034446
acute,3,5.496445028606829,0.068359375,-0.068359375,0.002087402157485485,0.008064757101237774,-0.00023013879039902318,0.005977354943752289,0.008294895891636797
acute,3,5.501346072761776,0.068359375,-0.072265625,0.0024232498835772276,0.008906841278076172,0.006217842347552515,0.006483591394498944,0.002688998930523657
acute,3,5.516421354785423,0.072265625,-0.068359375,0.007371570914983749,0.011161168105900288,0.0019508820954454037,0.0037895971909165382,0.009210286010454883
acute,3,5.520903605243425,0.072265625,-0.072265625,0.010013408958911896,0.011746278963983059,0.01643647990034282,0.0017328700050711632,0.004690200936359763
acute,3,5.53558269526278,0.076171875,-0.068359375,0.017935900017619133,0.013437052257359028,0.01800631751057799,0.004498847760260105,0.004569265253218963
acute,3,5.539657168729725,0.076171875,-0.072265625,0.016898075118660927,0.013852576725184917,0.024427406213188663,0.0030454983934760094,0.010574829488003746
acute,3,5.5540860357308475,0.080078125,-0.068359375,0.021878113970160484,0.015167904086411,0.03464460035727239,0.006710209883749485,0.01947669627086139
acute,3,5.557763620921794,0.080078125,-0.072265625,0.017382262274622917,0.015468737110495567,0.019992393684208506,0.0019135251641273499,0.004523656573712939
acute,3,5.572047730437933,0.083984375,-0.068359375,0.017082341015338898,0.016526613384485245,0.009987074629354864,0.000555727630853653,0.006539538755130381
acute,3,5.57533818120321,0.083984375,-0.072265625,0.013717410154640675,0.01674819178879261,0.010768761958707072,0.0030307816341519356,0.005979429830085538
acute,3,5.592468071820393,0.087890625,-0.072265625,0.014168205671012402,0.017791936174035072,0.014034194057740283,0.0036237305030226707,0.0037577421162947895
acute,3,5.595265828982058,0.087890625,-0.076171875,0.015858124941587448,0.017947116866707802,0.0202271844117088,0.0020889919251203537,0.0022800675450009994
acute,3,5.609220870528537,0.091796875,-0.072265625,0.01617114432156086,0.018668808043003082,0.016738317675918185,0.0024976637214422226,0.0019304903670848972
acute,3,5.611658697229634,0.091796875,-0.076171875,0.016720734536647797,0.018786927685141563,0.01926014052063788,0.002066193148493767,0.0004732128354963151
acute,3,5.625649865006393,0.095703125,-0.072265625,0.017057478427886963,0.01942714862525463,0.011814723926443076,0.002369670197367668,0.007612424698811555
acute,3,5.62773367835206,0.095703125,-0.076171875,0.017283763736486435,0.019517647102475166,0.016478623883668973,0.0022338833659887314,0.0030390232188061937
acute,3,5.641797613395883,0.099609375,-0.072265625,0.020819369703531265,0.020101821050047874,0.019001437897647768,0.0007175486534833908,0.0011003831524001063
acute,3,5.643531843081823,0.099609375,-0.076171875,0.02064858190715313,0.02017104998230934,0.02427607967634337,0.00047753192484378815,0.004105029694034028
acute,3,5.657698382246101,0.103515625,-0.072265625,0.024159574881196022,0.020718561485409737,0.02955607080383195,0.0034410133957862854,0.008837509318422213
acute,3,5.659086166126933,0.103515625,-0.076171875,0.022716099396348,0.02077072486281395,0.023976614717879492,0.00194537453353405,0.0032058898550655426
acute,3,5.673379854759966,0.107421875,-0.072265625,0.02326556108891964,0.02129681222140789,0.023842439739675675,0.0019687488675117493,0.0025456275182677846
acute,3,5.674423213706848,0.107421875,-0.076171875,0.02158123068511486,0.021334568038582802,0.020291265876092517,0.0002466626465320587,0.0010433021624902845
acute,3,5.688864348995295,0.111328125,-0.072265625,0.021607888862490654,0.0218515545129776,0.021099968386827588,0.0002436656504869461,0.0007515861261500126
acute,3,5.689564346584825,0.111328125,-0.076171875,0.020621325820684433,0.02187643200159073,0.019972939125770355,0.0012551061809062958,0.0019034928758203742
acute,3,5.704169697556183,0.115234375,-0.072265625,0.02152949757874012,0.0223945751786232,0.021372215449923026,0.0008650775998830795,0.0010223597287001736
acute,3,5.704526590157798,0.115234375,-0.076171875,0.02094169706106186,0.022407248616218567,0.02065167315838171,0.0014655515551567078,0.0017555754578368575
acute,3,5.71930988776728,0.119140625,-0.072265625,0.022147780284285545,0.02293531969189644,0.022188395418362587,0.0007875394076108932,0.0007469242735338513
acute,3,5.719323270245468,0.119140625,-0.076171875,0.021650973707437515,0.02293580211699009,0.02143420588326718,0.0012848284095525742,0.00150159623372291
acute,3,5.733964480811551,0.123046875,-0.076171875,0.02240915410220623,0.023469259962439537,0.022187839545490983,0.0010601058602333069,0.001281420416948554
acute,3,5.734295529049202,0.123046875,-0.072265625,0.022991621866822243,0.023481490090489388,0.02313456948184491,0.0004898682236671448,0.00034692060864447913
acute,3,5.748457429536372,0.126953125,-0.076171875,0.023401418700814247,0.024013571441173553,0.02304220135458995,0.0006121527403593063,0.000971370086583604
acute,3,5.749134193934042,0.126953125,-0.072265625,0.024229954928159714,0.02403947524726391,0.02445151252617952,0.00019047968089580536,0.00041203727891561334
acute,3,5.762806694193602,0.130859375,-0.076171875,0.025066018104553223,0.02457372285425663,0.024664847430337287,0.0004922952502965927,9.112457608065685e-05
acute,3,5.763830666230487,0.130859375,-0.072265625,0.025949738919734955,0.02461463212966919,0.027090134673786983,0.0013351067900657654,0.0024755025441177934
acute,3,5.777014414425251,0.134765625,-0.076171875,0.026140781119465828,0.025153934955596924,0.028440484744070675,0.0009868461638689041,0.0032865497884737513
acute,3,5.778387121567421,0.134765625,-0.072265625,0.026223232969641685,0.025211509317159653,0.028712886499571613,0.0010117236524820328,0.0035013771824119605
acute,3,5.791080438114217,0.138671875,-0.076171875,0.024366047233343124,0.025757793337106705,0.02672003170202048,0.0013917461037635803,0.000962238364913777
acute,3,5.792803260286965,0.138671875,-0.072265625,0.024220017716288567,0.025833968073129654,0.0212622546636169,0.0016139503568410873,0.004571713409512755
acute,3,5.805002438096554,0.142578125,-0.076171875,0.02297273837029934,0.02638832852244377,0.019382410676480423,0.003415590152144432,0.007005917845963348
acute,3,5.807076409401963,0.142578125,-0.072265625,0.02420889027416706,0.026485294103622437,0.022482712407995552,0.0022764038294553757,0.004002581695626884
acute,3,5.818776012761993,0.146484375,-0.076171875,0.02544291317462921,0.02704806998372078,0.026832329979185637,0.001605156809091568,0.00021574000453514208
acute,3,5.821201608400114,0.146484375,-0.072265625,0.02710144594311714,0.02716822735965252,0.028368806359440633,6.67814165353775e-05,0.0012005789997881142
acute,3,5.832394782685849,0.150390625,-0.076171875,0.028122734278440475,0.02773907408118248,0.02978412551356438,0.0003836601972579956,0.0020450514323819002
acute,3,5.835171692569561,0.150390625,-0.072265625,0.029182324185967445,0.02788500301539898,0.029439930928587977,0.0012973211705684662,0.0015549279131889977
acute,3,5.8489773868698975,0.154296875,-0.072265625,0.028640203177928925,0.02863733097910881,0.032619538739474256,2.8721988201141357e-06,0.003982207760365446
acute,3,5.852282726545113,0.154296875,-0.068359375,0.028852906078100204,0.028824329376220703,0.028985770522490493,2.8576701879501343e-05,0.0001614411462697897
acute,3,5.862607422750348,0.158203125,-0.072265625,0.02706938609480858,0.029426394030451775,0.02519331066608976,0.002357007935643196,0.004233083364362015
acute,3,5.866283347215134,0.158203125,-0.068359375,0.028622854501008987,0.029647506773471832,0.025015839639095514,0.0010246522724628448,0.004631667134376318
acute,3,5.87604868953296,0.162109375,-0.072265625,0.028984295204281807,0.03025280125439167,0.028682696170973094,0.0012685060501098633,0.0015701050834185763
acute,3,5.880091264816476,0.162109375,-0.068359375,0.03114132583141327,0.030511192977428436,0.03243493709672884,0.0006301328539848328,0.001923744119300401
acute,3,5.89368971648808,0.166015625,-0.068359375,0.03211225941777229,0.03141532838344574,0.03650187425876889,0.0006969310343265533,0.005086545875323152
acute,3,5.8983676447652735,0.166015625,-0.064453125,0.03199037164449692,0.03173920139670372,0.029522898952540986,0.00025117024779319763,0.0022163024441627342
acute,3,5.907060293530983,0.169921875,-0.068359375,0.030774079263210297,0.032359108328819275,0.027447492640251293,0.0015850290656089783,0.0049116156885679815
acute,3,5.912116489667984,0.169921875,-0.064453125,0.03231118619441986,0.032730743288993835,0.029623690631652103,0.0004195570945739746,0.003107052657341732
acute,3,5.920183294041255,0.173828125,-0.068359375,0.032605137676000595,0.033340923488140106,0.03480896288335064,0.0007357858121395111,0.0014680393952105353
acute,3,5.925606160323464,0.173828125,-0.064453125,0.03436070680618286,0.03376328945159912,0.037737665695626074,0.0005974173545837402,0.003974376244026953
acute,3,5.9388129953633335,0.177734375,-0.064453125,0.034566476941108704,0.03483393415808678,0.03413618237552741,0.0002674572169780731,0.0006977517825593679
acute,3,5.9449773481674395,0.177734375,-0.060546875,0.03560880199074745,0.035354506224393845,0.032174898711052204,0.0002542957663536072,0.003179607513341641
acute,3,5.951712898023876,0.181640625,-0.064453125,0.035397376865148544,0.0359388031065464,0.03566941300421801,0.0005414262413978577,0.0002693901023283901
acute,3,5.9582354963312065,0.181640625,-0.060546875,0.036716870963573456,0.036520231515169144,0.03886535965194715,0.00019663944840431213,0.0023451281367780075
acute,3,5.971138875582356,0.185546875,-0.060546875,0.03743264824151993,0.037716343998909,0.037193046741215215,0.0002836957573890686,0.0005232972576937819
acute,3,5.978484873616358,0.185546875,-0.056640625,0.03886410593986511,0.03842482343316078,0.03694366511540767,0.00043928250670433044,0.0014811583177531118
acute,3,5.9836611168197695,0.189453125,-0.060546875,0.038591865450143814,0.038936108350753784,0.039198425983921904,0.0003442429006099701,0.0002623176331681201
acute,3,5.9913330899841135,0.189453125,-0.056640625,0.03990378975868225,0.039712291210889816,0.04118301119679328,0.0001914985477924347,0.0014707199859034653
acute,3,6.00374038223506,0.193359375,-0.056640625,0.040894199162721634,0.04101385176181793,0.04071226706476722,0.00011965259909629822,0.0003015846970507094
acute,3,6.012292751590058,0.193359375,-0.052734375,0.04212108254432678,0.0419439822435379,0.04220560109792808,0.0001771003007888794,0.00026161885439017485
acute,3,6.0244950272229545,0.197265625,-0.052734375,0.04307010769844055,0.04331657662987709,0.04343768720360118,0.0002464689314365387,0.00012111057372408973
acute,3,6.033984638582716,0.197265625,-0.048828125,0.04468618333339691,0.0444197840988636,0.04478178720655249,0.00026639923453330994,0.0003620031076888852
acute,3,6.04586619941668,0.201171875,-0.048828125,0.04593631252646446,0.04584280401468277,0.045797134180497634,9.35085117816925e-05,4.5669834185135816e-05
acute,3,6.0563317416675195,0.201171875,-0.044921875,0.0467819944024086,0.04713190719485283,0.04810832247198978,0.0003499127924442291,0.0009764152771369536
acute,3,6.067749631897864,0.205078125,-0.044921875,0.04882539436221123,0.04857243224978447,0.04844163393654132,0.0002529621124267578,0.0001307983132431481
acute,3,6.0791986659464765,0.205078125,-0.041015625,0.04952692985534668,0.05004747584462166,0.05128790512529738,0.0005205459892749786,0.00124042928067572
acute,3,6.089985365035974,0.208984375,-0.041015625,0.05171610414981842,0.05145944654941559,0.05118231942135624,0.00025665760040283203,0.00027712712805934986
acute,3,6.102379578767902,0.208984375,-0.037109375,0.05288048833608627,0.05310002341866493,0.05431135685482268,0.00021953508257865906,0.0012113334361577507
acute,3,6.112352656953023,0.212890625,-0.037109375,0.05450236424803734,0.05442691594362259,0.05378880301852893,7.544830441474915e-05,0.0006381129250936576
acute,3,6.125595187478978,0.212890625,-0.033203125,0.055687643587589264,0.05618572235107422,0.056953897228291896,0.0004980787634849548,0.0007681748772176769
acute,3,6.134575418110352,0.216796875,-0.033203125,0.05777221918106079,0.057368241250514984,0.056078161709580424,0.0004039779305458069,0.0012900795409345606
acute,3,6.148506225332899,0.216796875,-0.029296875,0.059323713183403015,0.05917007103562355,0.059100750953903256,0.00015364214777946472,6.932008172029491e-05
acute,3,6.156342254720028,0.220703125,-0.029296875,0.06032431870698929,0.06015817075967789,0.05782691060072212,0.00016614794731140137,0.002331260158955767
acute,3,6.163417552347537,0.216796875,-0.025390625,0.06020601466298103,0.06102969869971275,0.062454570005104695,0.00082368403673172,0.001424871305391942
acute,3,6.17074713277825,0.220703125,-0.025390625,0.06245444715023041,0.06190793961286545,0.06065898483376262,0.0005465075373649597,0.0012489547791028274
acute,3,6.186027306255778,0.220703125,-0.021484375,0.063984714448452,0.06364056468009949,0.06354039753527213,0.00034414976835250854,0.00010016714482735667
acute,3,6.191974242445357,0.224609375,-0.021484375,0.06442080438137054,0.06427266448736191,0.061490172358878166,0.00014813989400863647,0.002782492128483742
acute,3,6.202176619085227,0.220703125,-0.017578125,0.0641738548874855,0.06529291719198227,0.0663351071221276,0.0011190623044967651,0.0010421899301453347
acute,3,6.2073348732799705,0.224609375,-0.017578125,0.06661264598369598,0.06577498465776443,0.06385314622742444,0.0008376613259315491,0.001921838430339995
acute,3,6.219150210879932,0.220703125,-0.013671875,0.06470395624637604,0.06678472459316254,0.06883432435011226,0.002080768346786499,0.0020495997569497243
acute,3,6.223370983565171,0.224609375,-0.013671875,0.06777951121330261,0.06711126863956451,0.06597384650275541,0.0006682425737380981,0.0011374221368091048
acute,3,6.2368535573699075,0.220703125,-0.009765625,0.06567376852035522,0.06802358478307724,0.07088192908444546,0.0023498162627220154,0.002858344301368221
acute,3,6.239993931036415,0.224609375,-0.009765625,0.06860603392124176,0.06820602715015411,0.06773071058097432,0.0004000067710876465,0.00047531656917979004
acute,3,6.257074898610872,0.224609375,-0.005859375,0.06926918029785156,0.06898617744445801,0.06897941799376668,0.0002830028533935547,6.759450691326552e-06
acute,3,6.274448288518072,0.224609375,-0.001953125,0.06790480017662048,0.06939280033111572,0.0696300591027431,0.0014880001544952393,0.00023725877162737719
acute,5,0.0087370186615142,0.224609375,0.001953125,0.06792688369750977,0.06939280033111572,0.0696582515594386,0.001465916633605957,0.0002654512283228744
acute,5,0.026110408568714,0.224609375,0.005859375,0.06915852427482605,0.06898617744445801,0.06897575163909113,0.000172346830368042,1.042580536687876e-05
acute,5,0.0431913761431709,0.224609375,0.009765625,0.0684068351984024,0.06820602715015411,0.0676688228941133,0.00020080804824829102,0.000537204256040813
acute,5,0.0463317498096786,0.220703125,0.009765625,0.06658697873353958,0.06802358478307724,0.07130211702413501,0.0014366060495376587,0.0032785322410577716
acute,5,0.0598143236144157,0.224609375,0.013671875,0.0673428326845169,0.06711126863956451,0.06583697458421121,0.00023156404495239258,0.0012742940553533005
acute,5,0.0640350962996544,0.220703125,0.013671875,0.06553402543067932,0.06678472459316254,0.06913601835274823,0.0012506991624832153,0.0023512937595856903
acute,5,0.075850433899616,0.224609375,0.017578125,0.06607331335544586,0.06577498465776443,0.06363228794342846,0.000298328697681427,0.0021426967143359787
acute,5,0.081008688094359,0.220703125,0.017578125,0.0643751472234726,0.06529291719198227,0.06649877583946968,0.0009177699685096741,0.001205858647487415
acute,5,0.0912110647342291,0.224609375,0.021484375,0.06381841003894806,0.06427266448736191,0.06116251208662994,0.0004542544484138489,0.0031101524007319664
acute,5,0.0971580009238081,0.220703125,0.021484375,0.06371695548295975,0.06364056468009949,0.06356082638210733,7.639080286026001e-05,7.97382979921546e-05
acute,5,0.1124381744013363,0.220703125,0.025390625,0.06224856898188591,0.06190793961286545,0.06055534825802794,0.00034062936902046204,0.0013525913548375068
acute,5,0.1197677548320489,0.216796875,0.025390625,0.06037664785981178,0.06102969869971275,0.06266301420668968,0.0006530508399009705,0.001633315506976929
acute,5,0.1268430524595584,0.220703125,0.029296875,0.06005433201789856,0.06015817075967789,0.05753684398406334,0.00010383874177932739,0.002621326775614545
acute,5,0.1346790818466875,0.216796875,0.029296875,0.0582473985850811,0.05917007103562355,0.05914733698521408,0.00092267245054245,2.2734050409471684e-05
acute,5,0.1486098890692348,0.216796875,0.033203125,0.057587187737226486,0.057368241250514984,0.05592977485562164,0.00021894648671150208,0.0014384663948933465
acute,5,0.1575901197006084,0.212890625,0.033203125,0.055747393518686295,0.05618572235107422,0.05710929122281001,0.0004383288323879242,0.0009235688717357943
acute,5,0.1708326502265634,0.212890625,0.037109375,0.05428474023938179,0.05442691594362259,0.053744630304849404,0.00014217570424079895,0.0006822856387731849
acute,5,0.1808057284116842,0.208984375,0.037109375,0.053204216063022614,0.05310002341866493,0.05459649843554628,0.00010419264435768127,0.0014964750168813476
acute,5,0.193199942143612,0.208984375,0.041015625,0.05130760371685028,0.05145944654941559,0.05120333868125449,0.00015184283256530762,0.00025610786816109704
acute,5,0.2039866412331097,0.205078125,0.041015625,0.050253648310899734,0.05004747584462166,0.051721684211402615,0.00020617246627807617,0.0016742083667809562
acute,5,0.2154356752817227,0.205078125,0.044921875,0.04834467172622681,0.04857243224978447,0.04848579133664603,0.00022776052355766296,8.66409131384388e-05
acute,5,0.2268535655120671,0.201171875,0.044921875,0.04747871309518814,0.04713190719485283,0.04866152434283684,0.0003468059003353119,0.001529617147984011
acute,5,0.2373191077629069,0.201171875,0.048828125,0.04567863419651985,0.04584280401468277,0.04582891893328384,0.0001641698181629181,1.3885081398927468e-05
acute,5,0.2492006685968705,0.197265625,0.048828125,0.04473210498690605,0.0444197840988636,0.04532861537177699,0.00031232088804244995,0.0009088312729133852
acute,5,0.2586902799566321,0.197265625,0.052734375,0.043111301958560944,0.04331657662987709,0.04327115569157888,0.00020527467131614685,4.542093829820737e-05
acute,5,0.2708925555895283,0.193359375,0.052734375,0.04197954386472702,0.0419439822435379,0.04327647362897802,3.556162118911743e-05,0.0013324913854401155
acute,5,0.2794449249445266,0.193359375,0.056640625,0.04086999595165253,0.04101385176181793,0.039777637296289914,0.00014385581016540527,0.0012362144655280183
acute,5,0.2918522171954729,0.189453125,0.056640625,0.039618197828531265,0.039712291210889816,0.042587255812920305,9.409338235855103e-05,0.0028749646020304886
acute,5,0.2995241903598167,0.189453125,0.060546875,0.03870639577507973,0.038936108350753784,0.0385577096495091,0.000229712575674057,0.0003783987012446824
acute,5,0.3047004335632292,0.185546875,0.056640625,0.038750480860471725,0.03842482343316078,0.037277238153197625,0.0003256574273109436,0.0011475852799631564
acute,5,0.3120464315972309,0.185546875,0.060546875,0.03744276985526085,0.037716343998909,0.03543402156540533,0.0002735741436481476,0.002282322433503667
acute,5,0.3249498108483797,0.181640625,0.060546875,0.03640812635421753,0.036520231515169144,0.041350476545518974,0.00011210516095161438,0.004830245030349831
acute,5,0.3314724091557104,0.181640625,0.064453125,0.03548389673233032,0.0359388031065464,0.03527090324371348,0.0004549063742160797,0.0006678998628329227
acute,5,0.3382079590121463,0.177734375,0.060546875,0.03531521558761597,0.035354506224393845,0.03167194609136532,3.929063677787781e-05,0.003682560133028527
acute,5,0.344372311816253,0.177734375,0.064453125,0.03460470959544182,0.03483393415808678,0.03177333480665991,0.0002292245626449585,0.003060599351426864
acute,5,0.3575791468561227,0.173828125,0.064453125,0.03420298174023628,0.03376328945159912,0.04087315997625729,0.00043969228863716125,0.007109870524658168
acute,5,0.3630020131383317,0.173828125,0.068359375,0.03269743546843529,0.033340923488140106,0.034609008214475344,0.0006434880197048187,0.0012680847263352377
acute,5,0.3710688175116032,0.169921875,0.064453125,0.03184571489691734,0.032730743288993835,0.02904642842873964,0.0008850283920764923,0.0036843148602541953
acute,5,0.3761250136486033,0.169921875,0.068359375,0.030323607847094536,0.032359108328819275,0.023594389206570095,0.002035500481724739,0.00876471912224918
acute,5,0.3848176624143132,0.166015625,0.064453125,0.031605757772922516,0.03173920139670372,0.029930061029281106,0.00013344362378120422,0.001809140367422614
acute,5,0.3894955906915069,0.166015625,0.068359375,0.03242543339729309,0.03141532838344574,0.03779605204544609,0.001010105013847351,0.006380723662000348
acute,5,0.403094042363111,0.162109375,0.068359375,0.03151819109916687,0.030511192977428436,0.035039941725344456,0.0010069981217384338,0.00452874874791602
acute,5,0.407136617646626,0.162109375,0.072265625,0.02931358851492405,0.03025280125439167,0.028506794391645243,0.0009392127394676208,0.0017460068627464277
acute,5,0.4169019599644525,0.158203125,0.068359375,0.02780969813466072,0.029647506773471832,0.023932439092497988,0.0018378086388111115,0.005715067680973844
acute,5,0.4205778844292381,0.158203125,0.072265625,0.02604137547314167,0.029426394030451775,0.020813142580106657,0.0033850185573101044,0.008613251450345118
acute,5,0.4309025806344741,0.154296875,0.068359375,0.02794540300965309,0.028824329376220703,0.02890472369968101,0.0008789263665676117,8.039432346030814e-05
acute,5,0.4342079203096887,0.154296875,0.072265625,0.02833413891494274,0.02863733097910881,0.03244371180780242,0.00030319206416606903,0.003806380828693612
acute,5,0.4480136146100253,0.150390625,0.072265625,0.029813773930072784,0.02788500301539898,0.030371539672970623,0.0019287709146738052,0.002486536657571644
acute,5,0.450790524493737,0.150390625,0.076171875,0.02923206053674221,0.02773907408118248,0.03025377312297212,0.0014929864555597305,0.00251469904178964
acute,5,0.4619836987794731,0.146484375,0.072265625,0.02726316638290882,0.02716822735965252,0.029644000997409024,9.493902325630188e-05,0.0024757736377565044
acute,5,0.4644092944175932,0.146484375,0.076171875,0.025576943531632423,0.02704806998372078,0.027000906798397985,0.001471126452088356,4.7163185322794676e-05
acute,5,0.4761088977776231,0.142578125,0.072265625,0.023473011329770088,0.026485294103622437,0.021506732916430033,0.0030122827738523483,0.004978561187192403
acute,5,0.4781828690830324,0.142578125,0.076171875,0.02227095700800419,0.02638832852244377,0.017961439006877054,0.004117371514439583,0.008426889515566718
acute,5,0.490382046892622,0.138671875,0.072265625,0.02362128533422947,0.025833968073129654,0.02120300505519369,0.0022126827389001846,0.004630963017935964
acute,5,0.4921048690653701,0.138671875,0.076171875,0.024007044732570648,0.025757793337106705,0.025049090353239812,0.0017507486045360565,0.0007087029838668928
acute,5,0.5047981856121648,0.134765625,0.072265625,0.02652202546596527,0.025211509317159653,0.03029243641468987,0.0013105161488056183,0.005080927097530219
acute,5,0.5061708927543356,0.134765625,0.076171875,0.026776092126965523,0.025153934955596924,0.029676076536436807,0.001622157171368599,0.0045221415808398835
acute,5,0.519354640949099,0.130859375,0.072265625,0.02626071125268936,0.02461463212966919,0.0273004150841499,0.0016460791230201721,0.002685782954480711
acute,5,0.5203786129859848,0.130859375,0.076171875,0.02560170739889145,0.02457372285425663,0.02504183067232383,0.001027984544634819,0.00046810781806719964
acute,5,0.5340511132455446,0.126953125,0.072265625,0.023952597752213478,0.02403947524726391,0.024070350364778812,8.68774950504303e-05,3.087511751490371e-05
acute,5,0.5347278776432142,0.126953125,0.076171875,0.02341834269464016,0.024013571441173553,0.023068972284678205,0.0005952287465333939,0.0009445991564953488
acute,5,0.5488897781303834,0.123046875,0.072265625,0.022413479164242744,0.023481490090489388,0.022633100982929356,0.001068010926246643,0.0008483891075600318
acute,5,0.5492208263680357,0.123046875,0.076171875,0.022255675867199898,0.023469259962439537,0.022207746804159594,0.0012135840952396393,0.0012615131582799435
acute,5,0.5638620369341185,0.119140625,0.076171875,0.02139143832027912,0.02293580211699009,0.021382719358908682,0.001544363796710968,0.0015530827580814074
acute,5,0.5638754194123059,0.119140625,0.072265625,0.021379994228482246,0.02293531969189644,0.021546931235642622,0.0015553254634141922,0.0013883884562538168
acute,5,0.578658717021788,0.115234375,0.076171875,0.02048993483185768,0.022407248616218567,0.020357468226230198,0.0019173137843608856,0.002049780389988369
acute,5,0.5790156096234037,0.115234375,0.072265625,0.02051948755979538,0.0223945751786232,0.02045270875867003,0.0018750876188278198,0.0019418664199531699
acute,5,0.5936209605947622,0.111328125,0.076171875,0.020041724666953087,0.02187643200159073,0.019296615503421915,0.001834707334637642,0.002579816498168814
acute,5,0.5943209581842912,0.111328125,0.072265625,0.020565923303365707,0.0218515545129776,0.01977936678670674,0.0012856312096118927,0.002072187726270859
acute,5,0.6087620934727382,0.107421875,0.076171875,0.021803952753543854,0.021334568038582802,0.019853251398427516,0.00046938471496105194,0.0014813166401552863
acute,5,0.6098054524196209,0.107421875,0.072265625,0.0234568789601326,0.02129681222140789,0.022889378511157042,0.0021600667387247086,0.0015925662897491519
acute,5,0.6240991410526533,0.103515625,0.076171875,0.02460404485464096,0.02077072486281395,0.026380499187562575,0.003833319991827011,0.005609774324748625
acute,5,0.6254869249334848,0.103515625,0.072265625,0.026122145354747772,0.020718561485409737,0.033048051504939405,0.005403583869338036,0.012329490019529668
acute,5,0.6396534640977631,0.099609375,0.076171875,0.02262522466480732,0.02017104998230934,0.025554389174616214,0.002454174682497978,0.005383339192306873
acute,5,0.6413876937837037,0.099609375,0.072265625,0.022280851379036903,0.020101821050047874,0.023452213467063693,0.002179030328989029,0.0033503924170158184
acute,5,0.6554516288275263,0.095703125,0.076171875,0.01804751716554165,0.019517647102475166,0.01551772760093278,0.0014701299369335175,0.003999919501542387
acute,5,0.6575354421731935,0.095703125,0.072265625,0.016955843195319176,0.01942714862525463,0.012506090966069347,0.0024713054299354553,0.006921057659185284
acute,5,0.6715266099499513,0.091796875,0.076171875,0.017158158123493195,0.018786927685141563,0.019304588729393668,0.0016287695616483688,0.0005176610442521046
acute,5,0.6739644366510503,0.091796875,0.072265625,0.015371103771030903,0.018668808043003082,0.01727367748048377,0.0032977042719721794,0.0013951305625193137
acute,5,0.6879194781975286,0.087890625,0.076171875,0.015575732104480267,0.017947116866707802,0.018944313627293496,0.0023713847622275352,0.000997196760585694
acute,5,0.6907172353591926,0.087890625,0.072265625,0.01212695986032486,0.017791936174035072,0.011619982312692389,0.005664976313710213,0.006171953861342684
acute,5,0.7078471259763759,0.083984375,0.072265625,0.011442970484495163,0.01674819178879261,0.004885340556620092,0.005305221304297447,0.011862851232172518
acute,5,0.711137576741654,0.083984375,0.068359375,0.014557663351297379,0.016526613384485245,0.006715411293039754,0.001968950033187866,0.009811202091445492
acute,5,0.7254216862577912,0.080078125,0.072265625,0.01899346150457859,0.015468737110495567,0.019804402415701104,0.003524724394083023,0.004335665305205537
acute,5,0.729099271448739,0.080078125,0.068359375,0.02420404553413391,0.015167904086411,0.0382828867044233,0.009036141447722912,0.0231149826180123
acute,5,0.7435281384498615,0.076171875,0.072265625,0.02172413468360901,0.013852576725184917,0.028985925283581303,0.007871557958424091,0.015133348558396386
acute,5,0.747602611916807,0.076171875,0.068359375,0.021339647471904755,0.013437052257359028,0.028494245107032308,0.007902595214545727,0.01505719284967328
acute,5,0.7622817019361618,0.072265625,0.072265625,0.012560276314616203,0.011746278963983059,0.01655280665580101,0.0008139973506331444,0.0048065276918179516
acute,5,0.7667639523941643,0.072265625,0.068359375,0.006243622396141291,0.011161168105900288,0.0007445324861093523,0.004917545709758997,0.010416635619790936
acute,5,0.7818392344178103,0.068359375,0.072265625,0.002204897813498974,0.008906841278076172,0.003107588729004819,0.006701943464577198,0.005799252549071353
acute,5,0.7867402785727565,0.068359375,0.068359375,-0.0014509967295452952,0.008064757101237774,-0.008761777059457574,0.00951575383078307,0.01682653416069535
acute,5,0.8077511966748366,0.064453125,0.068359375,0.002538467524573207,0.0036861130502074957,0.003338001570695056,0.0011476455256342888,0.00034811147951243964
acute,5,0.8132036268804788,0.064453125,0.064453125,0.008786875754594803,0.002305799163877964,0.020257636349629567,0.006481076590716839,0.017951837185751603
acute,5,0.8301187719736911,0.060546875,0.068359375,0.0014766023959964514,-0.00279922503978014,0.010469408672065991,0.004275827435776591,0.01326863371184613
acute,5,0.8359541270066403,0.060546875,0.064453125,0.0028330462519079447,-0.004901321139186621,0.013512206085624688,0.007734367391094565,0.018413527224811307
acute,5,0.8543463083720154,0.056640625,0.068359375,-0.017023107036948204,-0.012990085408091545,-0.008402952658540564,0.004033021628856659,0.004587132749550981
acute,5,0.8604875098982236,0.056640625,0.064453125,-0.019878588616847992,-0.016284653916954994,-0.02451890909818509,0.0035939346998929977,0.008234255181230096
acute,5,0.8812938281735053,0.052734375,0.068359375,-0.05029654875397682,-0.030353687703609467,-0.04333287764575074,0.019942861050367355,0.012979189942141277
acute,5,0.8875224569980102,0.052734375,0.064453125,-0.04588579013943672,-0.035631053149700165,-0.043711585982184116,0.010254736989736557,0.008080532832483951
acute,5,0.9182867359027428,0.048828125,0.064453125,-0.0882900059223175,-0.07185675948858261,-0.07234920403987753,0.016433246433734894,0.000492444551294921
acute,5,0.923302073315122,0.048828125,0.060546875,-0.07544393837451935,-0.07978460937738419,-0.05520772422731306,0.004340671002864838,0.02457688515007113
acute,5,0.9549795920402824,0.044921875,0.064453125,-0.1695266216993332,-0.1478695124387741,-0.1613065688028325,0.021657109260559082,0.013437056364058397
acute,5,0.9568376208629468,0.044921875,0.060546875,-0.15126462280750275,-0.15296068787574768,-0.1258544205201228,0.001696065068244934,0.02710626735562488
acute,5,0.9937637677133008,0.041015625,0.060546875,-0.28299281001091003,-0.27832967042922974,-0.23111014042376649,0.004663139581680298,0.04721953000546325
acute,5,1.00047659086665,0.041015625,0.064453125,-0.28087151050567627,-0.3039938509464264,-0.3172980487473194,0.023122340440750122,0.01330419780089298
acute,5,1.0483085166754875,0.037109375,0.064453125,-0.36808425188064575,-0.4165862500667572,-0.3832675351319643,0.04850199818611145,0.03331871493479288
acute,5,1.0831205907616517,0.037109375,0.068359375,-0.29106196761131287,-0.34380456805229187,-0.4001122886259128,0.052742600440979004,0.056307720573620934
acute,5,1.1145336046940455,0.033203125,0.068359375,-0.24156303703784943,-0.22652214765548706,-0.21936145045579936,0.015040889382362366,0.0071606971996877045
acute,5,1.1505297244093644,0.033203125,0.072265625,-0.1496143341064453,-0.12009011209011078,-0.13902066844937966,0.029524222016334534,0.01893055635926888
acute,5,1.1648355104763135,0.029296875,0.072265625,-0.09860994666814804,-0.09065660834312439,-0.0858372103637203,0.007953338325023651,0.004819397979404089
acute,5,1.1841079729740405,0.033203125,0.076171875,-0.0904945507645607,-0.06052803248167038,-0.08255452691245885,0.02996651828289032,0.022026494430788468
acute,5,1.194735012926096,0.029296875,0.076171875,-0.06021970137953758,-0.04768999665975571,-0.05625346601477899,0.012529704719781876,0.008563469355023286
acute,5,1.2223738163927595,0.029296875,0.080078125,-0.029691917821764946,-0.02346842922270298,-0.03161188554090423,0.006223488599061966,0.00814345631820125
acute,5,1.2302139790457445,0.025390625,0.080078125,-0.011670946143567562,-0.018435226753354073,-0.007053347137725046,0.0067642806097865105,0.011381879615629026
acute,5,1.2477236899109263,0.029296875,0.083984375,-0.0070792329497635365,-0.009317056275904179,0.001731552962192678,0.002237823326140642,0.011048609238096857
acute,5,1.254639606984208,0.025390625,0.083984375,0.0021056514233350754,-0.0063805305399000645,0.01587179322609666,0.00848618196323514,0.022252323765996725
acute,5,1.271086497330444,0.029296875,0.087890625,-0.0002727049868553877,-0.0005801807856187224,0.010241850408018234,0.00030747579876333475,0.010822031193636956
acute,5,1.2774399580574292,0.025390625,0.087890625,-0.0019173091277480125,0.001286778599023819,-0.0062245494637349205,0.0032040877267718315,0.0075113280627587395
acute,5,1.2927848038672063,0.029296875,0.091796875,-0.0027495487593114376,0.005110009107738733,-0.003883344245960503,0.007859557867050171,0.008993353353699236
acute,5,1.2988009313835025,0.025390625,0.091796875,-0.0033579629380255938,0.00638372078537941,-0.01676359807399913,0.009741683723405004,0.02314731885937854
acute,5,1.3189107506603643,0.025390625,0.095703125,0.01126070600003004,0.009915059432387352,0.012152298271412633,0.0013456465676426888,0.0022372388390252806
acute,5,1.3247555644458135,0.021484375,0.095703125,0.0192638598382473,0.010766643099486828,0.04038171184160101,0.008497216738760471,0.029615068742114184
acute,5,1.337933866732728,0.025390625,0.099609375,0.019192924723029137,0.012455664575099945,0.032966111047723845,0.006737260147929192,0.0205104464726239
acute,5,1.343709593987866,0.021484375,0.099609375,0.018205778673291206,0.01310812309384346,0.02371650362656764,0.005097655579447746,0.010608380532724181
acute,5,1.356007115902262,0.025390625,0.103515625,0.012398496270179749,0.014347652904689312,0.012735973741251069,0.0019491566345095634,0.0016116791634382434
acute,5,1.361765590168886,0.021484375,0.103515625,0.007942132651805878,0.014866773039102554,-0.009494021527615014,0.006924640387296677,0.024360794566717567
acute,5,1.379019095434473,0.021484375,0.107421875,0.014178778976202011,0.016229690983891487,0.01439035293195973,0.002050912007689476,0.001839338051931757
acute,5,1.384909283120624,0.017578125,0.107421875,0.019538750872015953,0.01663878560066223,0.036460897701559934,0.0028999652713537216,0.019822112100897703
acute,5,1.3955505367579033,0.021484375,0.111328125,0.020439278334379196,0.01731809228658676,0.03144346757777182,0.0031211860477924347,0.014125375291185058
acute,5,1.401497853533986,0.017578125,0.111328125,0.020006664097309113,0.01766830123960972,0.02376995082649442,0.0023383628576993942,0.006101649586884701
acute,5,1.4114272864995605,0.021484375,0.115234375,0.01724385656416416,0.018212709575891495,0.016101518937932227,0.0009688530117273331,0.0021111906379592676
acute,5,1.4174457471639583,0.017578125,0.115234375,0.015031439252197742,0.018521176651120186,0.00024809523416063824,0.0034897373989224434,0.018273081416959547
acute,5,1.432804570388454,0.017578125,0.119140625,0.019701460376381874,0.01924767531454563,0.02959476970295252,0.0004537850618362427,0.010347094388406888
acute,5,1.439067546782575,0.013671875,0.119140625,0.022541895508766174,0.019523000344634056,0.043850917707584154,0.0030188951641321182,0.024327917362950098
acute,5,1.44761818747769,0.017578125,0.123046875,0.02056708000600338,0.019883019849658012,0.01965787439837811,0.0006840601563453674,0.00022514545127990185
acute,5,1.4539766207974292,0.013671875,0.123046875,0.021265406161546707,0.020140578970313072,0.0060466964219944505,0.001124827191233635,0.014093882548318622
acute,5,1.4683796634954878,0.013671875,0.126953125,0.01934308372437954,0.020698636770248413,0.026541417507841825,0.0013555530458688736,0.005842780737593412
acute,5,1.475031373130356,0.009765625,0.126953125,0.019965460523962975,0.020947108045220375,0.02579308036501172,0.0009816475212574005,0.004845972319791347
acute,5,1.4823066124675468,0.013671875,0.130859375,0.020446883514523506,0.021213941276073456,0.018897979958369823,0.0007670577615499496,0.0023159613177036326
acute,5,1.489063330137538,0.009765625,0.130859375,0.020821625366806984,0.021458230912685394,0.01593093800532583,0.0006366055458784103,0.005527292907359566
acute,5,1.5026425212479857,0.009765625,0.134765625,0.0215141661465168,0.021942786872386932,0.024552493721976987,0.00042862072587013245,0.0026097068495900544
acute,5,1.5097282532888916,0.005859375,0.134765625,0.02222375199198723,0.022194093093276024,0.024130641493191038,2.965889871120453e-05,0.001936548399915014
acute,5,1.5157899738937035,0.009765625,0.138671875,0.022127965465188026,0.02240915223956108,0.02236487860728125,0.0002811867743730545,4.427363227983011e-05
acute,5,1.5229810722195942,0.005859375,0.138671875,0.02260221727192402,0.022665128111839294,0.023608381075904857,6.291083991527557e-05,0.0009432529640655621
acute,5,1.5358150229284186,0.005859375,0.142578125,0.02312810905277729,0.023126717656850815,0.020437008399887584,1.391395926475525e-06,0.0026897092569632304
acute,5,1.5433624957422332,0.001953125,0.142578125,0.023834651336073875,0.023402469232678413,0.021519823333589178,0.00043218210339546204,0.0018826458990892359
acute,5,1.5482451944081812,0.005859375,0.146484375,0.02479424886405468,0.023583054542541504,0.029925457093260194,0.001211194321513176,0.00634240255071869
acute,5,1.5558913685149782,0.001953125,0.146484375,0.024913432076573372,0.023869892582297325,0.03150784970413242,0.0010435394942760468,0.007637957121835091
acute,5,1.5680219491112186,0.001953125,0.150390625,0.022981299087405205,0.02433682419359684,0.018210465848867024,0.0013555251061916351,0.006126358344729816
acute,5,1.576044816387729,-0.001953125,0.150390625,0.023495923727750778,0.024654889479279518,0.023877424026707346,0.00115896575152874,0.0007774654525721722
acute,5,1.587873904658491,-0.001953125,0.154296875,0.02444550022482872,0.02513928711414337,0.024628633566579544,0.0006937868893146515,0.0005106535475638274
acute,5,1.5962942607433142,-0.005859375,0.154296875,0.02555164508521557,0.02549653686583042,0.021638254704849834,5.5108219385147095e-05,0.0038582821609805876
acute,5,1.5993159698861328,-0.001953125,0.158203125,0.02626612037420273,0.025627458468079567,0.02825216366862772,0.0006386619061231613,0.0026247052005481525
acute,5,1.6078140041838929,-0.005859375,0.158203125,0.026970960199832916,0.02600383758544922,0.03105551814933934,0.0009671226143836975,0.0050516805638901215
acute,5,1.6189439745614838,-0.005859375,0.162109375,0.027104303240776062,0.02651621773838997,0.026337445582589165,0.0005880855023860931,0.00017877215580080347
acute,5,1.6278480365829222,-0.009765625,0.162109375,0.0273913461714983,0.026943182572722435,0.02939993346251821,0.00044816359877586365,0.002456750889795776
acute,5,1.6386495511070482,-0.009765625,0.166015625,0.027074819430708885,0.02748299203813076,0.026400865347549013,0.000408172607421875,0.0010821266905817473
acute,5,1.647973880256489,-0.013671875,0.166015625,0.02809867262840271,0.02796947956085205,0.029002425652560424,0.00012919306755065918,0.0010329460917083734
acute,5,1.6584248360855824,-0.013671875,0.169921875,0.028149152174592018,0.028538737446069717,0.027808545483341638,0.0003895852714776993,0.0007301919627280794
acute,5,1.6681804130051898,-0.017578125,0.169921875,0.02920183353126049,0.029094278812408447,0.029697323713110846,0.00010755471885204315,0.0006030449007023986
acute,5,1.678252881178928,-0.017578125,0.173828125,0.029502544552087784,0.029693657532334328,0.029475237708454085,0.00019111298024654388,0.00021841982388024275
acute,5,1.6884461450432051,-0.021484375,0.173828125,0.030502598732709885,0.030328230932354927,0.031235289377676827,0.00017436780035495758,0.0009070584453218997
acute,5,1.698106417253145,-0.021484375,0.177734375,0.030792661011219025,0.030956830829381943,0.030774179775078795,0.0001641698181629181,0.00018265105430314774
acute,5,1.708737675173385,-0.025390625,0.177734375,0.03186319023370743,0.03168056532740593,0.032857635072850055,0.0001826249063014984,0.001177069745444126
acute,5,1.7179465727575929,-0.025390625,0.181640625,0.03226626291871071,0.03233560919761658,0.032137495089869725,6.934627890586853e-05,0.00019811410774685234
acute,5,1.7290081417975838,-0.029296875,0.181640625,0.033135343343019485,0.03315828740596771,0.033563214168579054,2.294406294822693e-05,0.00040492676261134203
acute,5,1.737721742868247,-0.029296875,0.185546875,0.03367162123322487,0.033834803849458694,0.033463891622012534,0.00016318261623382568,0.00037091222744616015
acute,5,1.7405806692119812,-0.033203125,0.181640625,0.034170858561992645,0.03406235948204994,0.0337334609503378,0.00010849907994270325,0.0003288985317121407
acute,5,1.749195938131242,-0.033203125,0.185546875,0.03470602259039879,0.03476512432098389,0.03380754235263201,5.9101730585098267e-05,0.0009575819683518769
acute,5,1.7611995466425192,-0.037109375,0.185546875,0.03587797284126282,0.03578777238726616,0.037009075956117986,9.020045399665833e-05,0.0012213035688518267
acute,5,1.769224071473571,-0.037109375,0.189453125,0.03616200387477875,0.03650026023387909,0.03583114854620545,0.0003382563591003418,0.0006691116876736403
acute,5,1.7816207912439084,-0.041015625,0.189453125,0.03745140880346298,0.03764723613858223,0.037749120611939434,0.00019582733511924744,0.00010188447335720413
acute,5,1.7890006352020875,-0.041015625,0.193359375,0.038132619112730026,0.038357026875019073,0.03804828635573021,0.00022440776228904724,0.0003087405192888637
acute,5,1.7945993034848655,-0.044921875,0.189453125,0.03892963379621506,0.03890903294086456,0.03939211914960652,2.0600855350494385e-05,0.0004830862087419549
acute,5,1.8017364734009569,-0.044921875,0.193359375,0.03921491652727127,0.039629675447940826,0.03797088958828459,0.00041475892066955566,0.001658785859656238
acute,5,1.8150474077721337,-0.048828125,0.193359375,0.040734052658081055,0.04102427512407303,0.04183291316576115,0.0002902224659919739,0.0008086380416881186
acute,5,1.8214254534197016,-0.048828125,0.197265625,0.04164663702249527,0.04171563684940338,0.041392474715313134,6.899982690811157e-05,0.0003231621340902477
acute,5,1.8289702221550543,-0.052734375,0.193359375,0.042637355625629425,0.04255249351263046,0.043491233061963654,8.48621129989624e-05,0.000938739549333191
acute,5,1.8349825591099984,-0.052734375,0.197265625,0.04258355125784874,0.04323387145996094,0.04152824564915974,0.0006503202021121979,0.0017056258108011993
acute,5,1.8491170866447793,-0.056640625,0.197265625,0.04424884170293808,0.04488459601998329,0.04464507238190336,0.0006357543170452118,0.00023952363807993454
acute,5,1.8542603733027352,-0.056640625,0.201171875,0.0451362319290638,0.045501552522182465,0.04432851034784005,0.0003653205931186676,0.0011730421743424146
acute,5,1.863849107001739,-0.060546875,0.197265625,0.04655589535832405,0.046673476696014404,0.04822243925941207,0.0001175813376903534,0.0015489625633976628
acute,5,1.8684853793461336,-0.060546875,0.201171875,0.047166094183921814,0.0472496934235096,0.04598276445192534,8.359923958778381e-05,0.001266928971584258
acute,5,1.8791906061889083,-0.064453125,0.197265625,0.04837239906191826,0.04860193282365799,0.0497393979646384,0.00022953376173973083,0.001137465140980412
acute,5,1.8832363476506573,-0.064453125,0.201171875,0.04844856634736061,0.049120187759399414,0.04767355781358254,0.0006716214120388031,0.001446629945816874
acute,5,1.8951411012376689,-0.068359375,0.197265625,0.049933187663555145,0.05066468566656113,0.052750796934206166,0.0007314980030059814,0.0020861112676450397
acute,5,1.8985036525535135,-0.068359375,0.201171875,0.0504736602306366,0.051105450838804245,0.05079212647821504,0.0006317906081676483,0.00031332436058920804
acute,5,1.914261706127991,-0.072265625,0.201171875,0.05251375585794449,0.05318937078118324,0.05361204133049377,0.0006756149232387543,0.0004226705493105276
acute,5,1.916585774981776,-0.072265625,0.205078125,0.05316798761487007,0.053498394787311554,0.0512547539379773,0.00033040717244148254,0.002243640849334254
acute,5,1.9304644623877405,-0.076171875,0.201171875,0.05478452146053314,0.055344950407743454,0.05606882942647396,0.0005604289472103119,0.0007238790187305069
acute,5,1.9319807773083388,-0.076171875,0.205078125,0.05541492998600006,0.05554632470011711,0.05330291460590635,0.00013139471411705017,0.0022434100942107585
acute,5,1.9470412226887943,-0.080078125,0.201171875,0.05697173252701759,0.05753256008028984,0.058425766465692454,0.0005608275532722473,0.0008932063854026132
acute,5,1.9476724462642592,-0.080078125,0.205078125,0.05765795707702637,0.057615023106336594,0.05538527758525947,4.293397068977356e-05,0.002229745521077124
acute,5,1.9635745613496107,-0.083984375,0.205078125,0.059818051755428314,0.05965934321284294,0.0573873541089571,0.00015870854258537292,0.0022719891038858395
acute,5,1.963893804696324,-0.083984375,0.201171875,0.059130143374204636,0.05969959497451782,0.060719436408400794,0.0005694516003131866,0.0010198414338829717
acute,5,1.9795809881255384,-0.087890625,0.205078125,0.06189681217074394,0.061626236885786057,0.059338755558933004,0.00027057528495788574,0.0022874813268530525
acute,5,1.9808964482745193,-0.087890625,0.201171875,0.06113835424184799,0.06178257241845131,0.06283797601038796,0.0006442181766033173,0.001055403591936649
acute,5,1.9955691315293032,-0.091796875,0.205078125,0.06355658918619156,0.06345872581005096,0.06085925489147872,9.786337614059448e-05,0.0025994709185722456
acute,5,1.9978997631844333,-0.091796875,0.201171875,0.06282772123813629,0.06371226906776428,0.06445101066491894,0.0008845478296279907,0.0007387415971546601
acute,5,2.0114062984151446,-0.095703125,0.205078125,0.06474684923887253,0.06510163843631744,0.061876045443517984,0.00035478919744491577,0.00322559299279946
acute,5,2.0147393056232796,-0.095703125,0.201171875,0.06434464454650879,0.06542164832353592,0.06551174809313305,0.0010770037770271301,9.009976959713228e-05
acute,5,2.0312480125596104,-0.099609375,0.201171875,0.06728406250476837,0.06685497611761093,0.06607611453850168,0.0004290863871574402,0.0007788615791092524
acute,5,2.036126696687804,-0.099609375,0.197265625,0.06607453525066376,0.06722613424062729,0.07009139795155883,0.0011515989899635315,0.0028652637109315426
acute,5,2.0472702205968383,-0.103515625,0.201171875,0.0686420127749443,0.06797566264867783,0.06611133671120803,0.0006663501262664795,0.0018643259374697962
acute,5,2.053132398878141,-0.103515625,0.197265625,0.06749968230724335,0.06831222772598267,0.06994705657431954,0.0008125454187393188,0.0016348288483368778
acute,5,2.0626741766968446,-0.107421875,0.201171875,0.06861815601587296,0.0687703937292099,0.06564056112475262,0.00015223771333694458,0.003129832604457275
acute,5,2.069391901285064,-0.107421875,0.197265625,0.06768831610679626,0.0690239667892456,0.0691867981394809,0.0013356506824493408,0.00016283135023530126
acute,5,2.0847911776966814,-0.111328125,0.197265625,0.06987493485212326,0.06938205659389496,0.06790595435998051,0.000492878258228302,0.0014761022339144503
acute,5,2.0931687396295726,-0.111328125,0.193359375,0.06853143870830536,0.06944342702627182,0.0713119919448007,0.0009119883179664612,0.001868564918528881
acute,5,2.1082106815919137,-0.115234375,0.193359375,0.06950493156909943,0.06931547075510025,0.0691518699488178,0.00018946081399917603,0.00016360080628244345
acute,5,2.1182460394376155,-0.115234375,0.189453125,0.06789486110210419,0.06906159967184067,0.07213321260286584,0.0011667385697364807,0.003071612931025175
acute,5,2.122143423012234,-0.119140625,0.193359375,0.06940021365880966,0.06892736256122589,0.0666977173851589,0.00047285109758377075,0.0022296451760669966
acute,5,2.132533028610118,-0.119140625,0.189453125,0.0675782859325409,0.06847469508647919,0.06915765589081474,0.0008964091539382935,0.0006829608043355528
acute,5,2.1455936396098374,-0.123046875,0.189453125,0.0681140348315239,0.06771798431873322,0.06605353737496837,0.00039605051279067993,0.001664446943764844
acute,5,2.157239728543593,-0.123046875,0.185546875,0.06629261374473572,0.06687871366739273,0.06788258287814349,0.0005860999226570129,0.0010038692107507546
acute,5,2.1691512744721444,-0.126953125,0.185546875,0.06626170128583908,0.06587415188550949,0.06434057061691703,0.00038754940032958984,0.00153358126859246
acute,5,2.1817808127261307,-0.126953125,0.181640625,0.06414124369621277,0.06466511636972427,0.06548187864982467,0.0005238726735115051,0.0008167622801003999
acute,5,2.192365771396332,-0.130859375,0.181640625,0.06398870795965195,0.06355220824480057,0.061754115731163156,0.0004364997148513794,0.0017980925136374115
acute,5,2.205671673077316,-0.130859375,0.177734375,0.061375971883535385,0.06204456090927124,0.06223995848766034,0.0006685890257358551,0.00019539757838910043
acute,5,2.2148649380468575,-0.134765625,0.177734375,0.060942020267248154,0.060944199562072754,0.058564392211057616,2.1792948246002197e-06,0.0023798073510151382
acute,5,2.2198519594185617,-0.130859375,0.173828125,0.05990825966000557,0.0603305846452713,0.062403341349587284,0.0004223249852657318,0.0020727567043159825
acute,5,2.2285567803513473,-0.134765625,0.173828125,0.05933330953121185,0.05923596769571304,0.05854117489870057,9.734183549880981e-05,0.0006947927970124765
acute,5,2.2429571815563736,-0.134765625,0.169921875,0.057325445115566254,0.0573744997382164,0.0582042577551021,4.9054622650146484e-05,0.0008297580168857011
acute,5,2.250224214300593,-0.138671875,0.169921875,0.056766610592603683,0.0564185194671154,0.05458077262053289,0.00034809112548828125,0.0018377468465825136
acute,5,2.2579943492996195,-0.134765625,0.166015625,0.054810576140880585,0.05538897588849068,0.057551615911900195,0.0005783997476100922,0.0021626400234095178
acute,5,2.2646136453443293,-0.138671875,0.166015625,0.05459814518690109,0.05450865626335144,0.05387591459264508,8.94889235496521e-05,0.0006327416707063577
acute,5,2.2794792012709095,-0.138671875,0.162109375,0.05264115333557129,0.0525321327149868,0.05363127100964733,0.00010902062058448792,0.0010991382946605316
acute,5,2.284802332947374,-0.142578125,0.162109375,0.051861125975847244,0.051827747374773026,0.05033544495271754,3.337860107421875e-05,0.0014923024220554887
acute,5,2.294733075695302,-0.138671875,0.158203125,0.05081290379166603,0.050522979348897934,0.05232496367077614,0.0002899244427680969,0.0018019843218782042
acute,5,2.299368075130248,-0.142578125,0.158203125,0.04974927380681038,0.04991935193538666,0.0479543522654644,0.0001700781285762787,0.0019649996699222586
acute,5,2.3102822065562396,-0.138671875,0.154296875,0.04761987179517746,0.04851486161351204,0.04929997804406124,0.0008949898183345795,0.0007851164305492028
acute,5,2.3142037458584976,-0.142578125,0.154296875,0.047266390174627304,0.048016808927059174,0.04611107150142517,0.0007504187524318695,0.0019057374256340048
acute,5,2.3260335770843517,-0.138671875,0.150390625,0.04595164209604263,0.0465385802090168,0.04795203003242908,0.0005869381129741669,0.00141344982341228
acute,5,2.329231596139818,-0.142578125,0.150390625,0.045972853899002075,0.04614569991827011,0.047313921245368554,0.0001728460192680359,0.0011682213270984426
acute,5,2.344377187290859,-0.142578125,0.146484375,0.044712942093610764,0.04432779550552368,0.04534853768027016,0.0003851465880870819,0.0010207421747464793
acute,5,2.346642394034576,-0.146484375,0.146484375,0.044216107577085495,0.044062282890081406,0.04280745768575052,0.00015382468700408936,0.0012548252043308866
acute,5,2.359572110293078,-0.142578125,0.142578125,0.042744625359773636,0.04258033260703087,0.04333802028606379,0.00016429275274276733,0.0007576876790329201
acute,5,2.361198450003028,-0.146484375,0.142578125,0.0423111654818058,0.04239807277917862,0.04078549285612979,8.690729737281799e-05,0.0016125799230488277
acute,5,2.374755799191707,-0.142578125,0.138671875,0.040742356330156326,0.0409158393740654,0.04132589095057035,0.00017348304390907288,0.0004100515765049495
acute,5,2.3757620333436735,-0.146484375,0.138671875,0.040512893348932266,0.040808502584695816,0.03897458206040908,0.0002956092357635498,0.0018339205242867349
acute,5,2.389876454672157,-0.142578125,0.134765625,0.03896211087703705,0.03934239223599434,0.03939330037079357,0.00038028135895729065,5.090813479922962e-05
acute,5,2.390286913749836,-0.146484375,0.134765625,0.038846686482429504,0.039300866425037384,0.037376418943744334,0.00045417994260787964,0.0019244474812930498
acute,5,2.4047339524646985,-0.146484375,0.130859375,0.037518542259931564,0.03787923976778984,0.03635571904014995,0.00036069750785827637,0.0015235207276398932
acute,5,2.40489121506837,-0.142578125,0.130859375,0.03747008740901947,0.03786419332027435,0.0379711317507058,0.0003941059112548828,0.0001069384304314483
acute,5,2.4190709604873373,-0.146484375,0.126953125,0.036339133977890015,0.03654499351978302,0.035034308542543,0.00020585954189300537,0.0015106849772400233
acute,5,2.4197657687587317,-0.142578125,0.126953125,0.036171555519104004,0.036482252180576324,0.036589825607154264,0.00031069666147232056,0.00010757342657793934
acute,5,2.4332722491722776,-0.146484375,0.123046875,0.035180866718292236,0.035297345370054245,0.03368079687526227,0.00011647865176200867,0.0016165484947919737
acute,5,2.4344736069971793,-0.142578125,0.123046875,0.03511585667729378,0.03519511967897415,0.03536199754022398,7.926300168037415e-05,0.00016687786124983117
acute,5,2.4473179954429938,-0.146484375,0.119140625,0.034303855150938034,0.03413389250636101,0.03309712067859045,0.00016996264457702637,0.0010367718277705593
acute,5,2.448995088411907,-0.142578125,0.119140625,0.034227803349494934,0.03399955481290817,0.03455177038874967,0.00022824853658676147,0.0005522155758414943
acute,5,2.4611935209386213,-0.146484375,0.115234375,0.03323892876505852,0.03305108845233917,0.03294734190966996,0.0001878403127193451,0.00010374654266920996
acute,5,2.463316444926132,-0.142578125,0.115234375,0.0326886810362339,0.03289109095931053,0.03307454950658162,0.00020240992307662964,0.000183458547271087
acute,5,2.4774288168330183,-0.142578125,0.111328125,0.03083617240190506,0.03186449036002159,0.030007487314723587,0.0010283179581165314,0.0018570030452980044
acute,5,2.480131091437235,-0.138671875,0.111328125,0.03041592799127102,0.03167509287595749,0.0298510378328,0.00125916488468647,0.0018240550431574895
acute,5,2.491327369278664,-0.142578125,0.107421875,0.03019392490386963,0.030914105474948883,0.0288062278720929,0.0007201805710792542,0.0021078776028559815
acute,5,2.4944373768301022,-0.138671875,0.107421875,0.03121180646121502,0.030709363520145416,0.0317088873497646,0.000502442941069603,0.000999523829619181
acute,5,2.505010515710513,-0.142578125,0.103515625,0.030681181699037552,0.0300341434776783,0.031279652120619846,0.0006470382213592529,0.0012455086429415466
acute,5,2.508500544832009,-0.138671875,0.103515625,0.030929995700716972,0.029818160459399223,0.03313362766369326,0.001111835241317749,0.0033154672042940356
acute,5,2.5184792560485803,-0.142578125,0.099609375,0.029266657307744026,0.029218832030892372,0.029903839220468038,4.782527685165405e-05,0.0006850071895756656
acute,5,2.522324054504922,-0.138671875,0.099609375,0.02812769077718258,0.028994912281632423,0.02780238738327166,0.0008672215044498444,0.0011925248983607646
acute,5,2.5359133332142987,-0.138671875,0.095703125,0.026710299775004387,0.028233300894498825,0.022677097635824678,0.0015230011194944382,0.005556203258674147
acute,5,2.540320647359379,-0.134765625,0.095703125,0.027209553867578506,0.027995895594358444,0.023817209259023277,0.0007863417267799377,0.004178686335335167
acute,5,2.549275283957506,-0.138671875,0.091796875,0.02821968123316765,0.027527322992682457,0.030148337992949595,0.0006923582404851913,0.002621015000267138
acute,5,2.5540023641770104,-0.134765625,0.091796875,0.02891303040087223,0.027287153527140617,0.03570944596095597,0.0016258768737316132,0.00842229243381535
acute,5,2.562417902412726,-0.138671875,0.087890625,0.027429308742284775,0.026871323585510254,0.02947252153270195,0.0005579851567745209,0.002601197947191696
acute,5,2.567445064065178,-0.134765625,0.087890625,0.026334280148148537,0.026629816740751266,0.0230321361787003,0.0002955365926027298,0.003597680562050967
acute,5,2.580659842868547,-0.134765625,0.083984375,0.024945400655269623,0.026018090546131134,0.02145522782836696,0.0010726898908615112,0.004562862717764175
acute,5,2.586237600372478,-0.130859375,0.083984375,0.025931989774107933,0.025769362226128578,0.026330532904340245,0.00016262754797935486,0.0005611706782116671
acute,5,2.593658191312906,-0.134765625,0.080078125,0.025996821001172066,0.025446569547057152,0.029850429382275088,0.0005502514541149139,0.004403859835217936
acute,5,2.5995087034208004,-0.130859375,0.080078125,0.02580374665558338,0.025198254734277725,0.02912675976905965,0.0006054919213056564,0.003928505034781926
acute,5,2.6125613212325103,-0.130859375,0.076171875,0.024059806019067764,0.024662282317876816,0.0184933148225565,0.0006024762988090515,0.006168967495320317
acute,5,2.6189649592138613,-0.126953125,0.076171875,0.023984413594007492,0.024407630786299706,0.01972740483923691,0.00042321719229221344,0.004680225947062796
acute,5,2.6254093401415246,-0.130859375,0.072265625,0.024209409952163696,0.02415631152689457,0.027304682891901667,5.309842526912689e-05,0.003148371365007098
acute,5,2.6320646087017434,-0.126953125,0.072265625,0.024642951786518097,0.02390151470899582,0.030145977749243335,0.0007414370775222778,0.006244463040247516
acute,5,2.644963454864478,-0.126953125,0.068359375,0.02330096811056137,0.023419560864567757,0.0187798194290555,0.0001185927540063858,0.0046397414355122575
acute,5,2.6521803846258156,-0.123046875,0.068359375,0.02260788343846798,0.023155581206083298,0.019376103800299495,0.0005476977676153183,0.0037794774057838022
acute,5,2.657677174635511,-0.126953125,0.064453125,0.022322217002511024,0.022956691682338715,0.024558655788983367,0.0006344746798276901,0.0016019641066446523
acute,5,2.6651321006626056,-0.123046875,0.064453125,0.0226411335170269,0.022689303383231163,0.023438332733940272,4.816986620426178e-05,0.0007490293507091093
acute,5,2.6779081418667987,-0.123046875,0.060546875,0.023345736786723137,0.022235004231333733,0.021614918536408036,0.0011107325553894043,0.0006200856949256962
acute,5,2.685942935387315,-0.119140625,0.060546875,0.02340548112988472,0.02195005491375923,0.0275537722726477,0.0014554262161254883,0.005603717358888469
acute,5,2.690525945577387,-0.123046875,0.056640625,0.02234584465622902,0.021787181496620178,0.025783227559209088,0.0005586631596088409,0.003996046062588909
acute,5,2.6987940109249617,-0.119140625,0.056640625,0.021187031641602516,0.021491749212145805,0.018169588616655557,0.0003047175705432892,0.0033221605954902485
acute,5,2.7115026087693925,-0.119140625,0.052734375,0.02002255618572235,0.021030351519584656,0.019559469983316508,0.0010077953338623047,0.0014708815362681482
acute,5,2.7203828329577746,-0.115234375,0.052734375,0.020579297095537186,0.02069968171417713,0.022868128906342124,0.00012038461863994598,0.0021684471921649927
acute,5,2.7332085905517243,-0.115234375,0.048828125,0.021439196541905403,0.020204387605190277,0.021118496093534004,0.001234808936715126,0.0009141084883437268
acute,5,2.7427398862908356,-0.111328125,0.048828125,0.021464763209223747,0.019818250089883804,0.024503990943387104,0.001646513119339943,0.0046857408535033
acute,5,2.7557209757471757,-0.111328125,0.044921875,0.019192419946193695,0.019259531050920486,0.017015069756210373,6.711110472679138e-05,0.0022444612947101136
acute,5,2.7659527513639977,-0.107421875,0.044921875,0.018215298652648926,0.01878543756902218,0.01593533353388116,0.0005701389163732529,0.0028501040351410177
acute,5,2.768635919145216,-0.111328125,0.041015625,0.017850039526820183,0.018655279651284218,0.019463743877315094,0.000805240124464035,0.0008084642260308764
acute,5,2.77914315347787,-0.107421875,0.041015625,0.0175180621445179,0.01811850816011429,0.018017721207496947,0.0006004460155963898,0.00010078695261734119
acute,5,2.792311061881642,-0.107421875,0.037109375,0.017254754900932312,0.01737407222390175,0.01945618079623004,0.00011931732296943665,0.0020821085723282916
acute,5,2.803614368913831,-0.103515625,0.037109375,0.016770504415035248,0.01665670797228813,0.017473620494635057,0.00011379644274711609,0.0008169125223469256
acute,5,2.8171283305100157,-0.103515625,0.033203125,0.015608305111527443,0.015680799260735512,0.017158762677611593,7.249414920806885e-05,0.001477963416876081
acute,5,2.829324367660416,-0.099609375,0.033203125,0.015025224536657333,0.014663740992546082,0.01628075252884679,0.00036148354411125183,0.0016170115363007068
acute,5,2.843319802641149,-0.099609375,0.029296875,0.013427432626485825,0.013297571800649166,0.015025267090533397,0.00012986082583665848,0.0017276952898842308
acute,5,2.856536669238781,-0.095703125,0.029296875,0.01260654628276825,0.011764010414481163,0.014880207492635978,0.0008425358682870865,0.0031161970781548153
acute,5,2.8712175112854257,-0.095703125,0.025390625,0.009801906533539295,0.009710191749036312,0.01156478002148781,9.17147845029831e-05,0.0018545882724514979
acute,5,2.885626861308507,-0.091796875,0.025390625,0.00819174200296402,0.007239090744405985,0.01126885499331255,0.0009526512585580349,0.004029764248906565
acute,5,2.901315608123635,-0.091796875,0.021484375,0.0029657569248229265,0.0038865297101438046,0.006336217833099106,0.000920772785320878,0.0024496881229553015
acute,5,2.917147138780552,-0.087890625,0.021484375,-0.00033696339232847095,-0.00040913181146606803,0.002642264561487117,7.216841913759708e-05,0.003051396372953185
acute,5,2.934388087448878,-0.087890625,0.017578125,-0.010499031282961369,-0.006475992500782013,-0.0037746381174513515,0.004023038782179356,0.0027013543833306615
acute,5,2.951932193412886,-0.083984375,0.017578125,-0.016749488189816475,-0.014659769833087921,-0.0160188548260676,0.0020897183567285538,0.0013590849929796776
acute,5,2.9717208378995887,-0.083984375,0.013671875,-0.0358920693397522,-0.02727353945374489,-0.029101043628938176,0.008618529886007309,0.0018275041751932876
acute,5,2.9912247472595856,-0.080078125,0.013671875,-0.04826553910970688,-0.04464849457144737,-0.040802915218225516,0.0036170445382595062,0.0038455793532218563
acute,5,3.015509027079258,-0.080078125,0.009765625,-0.09481193125247955,-0.07624319940805435,-0.08220507739239918,0.0185687318444252,0.005961877984344832
acute,5,3.0363772357081413,-0.076171875,0.009765625,-0.12139852344989777,-0.11582426726818085,-0.09915316373028916,0.005574256181716919,0.016671103537891682
acute,5,3.0460837692875335,-0.080078125,0.005859375,-0.1793813854455948,-0.1391700655221939,-0.1848286852816589,0.04021131992340088,0.045658619759465
acute,5,3.068261148858511,-0.076171875,0.005859375,-0.2181982845067978,-0.20560462772846222,-0.20294602984896598,0.012593656778335571,0.0026585978794962384
acute,5,3.1128566999422684,-0.076171875,0.001953125,-0.3149278163909912,-0.3676725924015045,-0.3729803184408583,0.052744776010513306,0.005307726039353811
acute,5,3.1216257048660454,-0.072265625,0.001953125,-0.38383182883262634,-0.3918614387512207,-0.3221392750866464,0.00802960991859436,0.06972216366457429
acute,5,3.1615596023135413,-0.072265625,-0.001953125,-0.392744243144989,-0.3918614387512207,-0.3221392750866464,0.0008828043937683105,0.06972216366457429
acute,5,3.170328607237318,-0.076171875,-0.001953125,-0.3243487477302551,-0.3676725924015045,-0.3729803184408583,0.04332384467124939,0.005307726039353811
acute,5,3.214924158321075,-0.076171875,-0.005859375,-0.2257820963859558,-0.20560462772846222,-0.20294602984896598,0.02017746865749359,0.0026585978794962384
acute,5,3.237101537892053,-0.080078125,-0.005859375,-0.1804729402065277,-0.1391700655221939,-0.1848286852816589,0.0413028746843338,0.045658619759465
acute,5,3.246808071471445,-0.076171875,-0.009765625,-0.12361324578523636,-0.11582426726818085,-0.09915316373028916,0.0077889785170555115,0.016671103537891682
acute,5,3.2676762801003285,-0.080078125,-0.009765625,-0.093915194272995,-0.07624319940805435,-0.08220507739239918,0.017671994864940643,0.005961877984344832
acute,5,3.2919605599200006,-0.080078125,-0.013671875,-0.047107141464948654,-0.04464849457144737,-0.040802915218225516,0.0024586468935012817,0.0038455793532218563
acute,5,3.3114644692799975,-0.083984375,-0.013671875,-0.035361941903829575,-0.02727353945374489,-0.029101043628938176,0.008088402450084686,0.0018275041751932876
acute,5,3.3312531137667003,-0.083984375,-0.017578125,-0.01654195971786976,-0.014659769833087921,-0.0160188548260676,0.0018821898847818375,0.0013590849929796776
acute,5,3.3487972197307085,-0.087890625,-0.017578125,-0.010255655273795128,-0.006475992500782013,-0.0037746381174513515,0.003779662773013115,0.0027013543833306615
acute,5,3.366038168399035,-0.087890625,-0.021484375,-0.00024153204867616296,-0.00040913181146606803,0.002642264561487117,0.00016759976278990507,0.003051396372953185
acute,5,3.381869699055952,-0.091796875,-0.021484375,0.003004872240126133,0.0038865297101438046,0.006336217833099106,0.0008816574700176716,0.0024496881229553015
acute,5,3.397558445871079,-0.091796875,-0.025390625,0.008216743357479572,0.007239090744405985,0.01126885499331255,0.0009776526130735874,0.004029764248906565
acute,5,3.4119677958941605,-0.095703125,-0.025390625,0.009768867865204811,0.009710191749036312,0.01156478002148781,5.867611616849899e-05,0.0018545882724514979
acute,5,3.426648637940805,-0.095703125,-0.029296875,0.012604155577719212,0.011764010414481163,0.014880207492635978,0.0008401451632380486,0.0031161970781548153
acute,5,3.439865504538438,-0.099609375,-0.029296875,0.013371910899877548,0.013297571800649166,0.015025267090533397,7.433909922838211e-05,0.0017276952898842308
acute,5,3.45386093951917,-0.099609375,-0.033203125,0.015010497532784939,0.014663740992546082,0.01628075252884679,0.00034675654023885727,0.0016170115363007068
acute,5,3.466056976669571,-0.103515625,-0.033203125,0.015543917194008827,0.015680799260735512,0.017158762677611593,0.00013688206672668457,0.001477963416876081
acute,5,3.479570938265755,-0.103515625,-0.037109375,0.016747891902923584,0.01665670797228813,0.017473620494635057,9.118393063545227e-05,0.0008169125223469256
acute,5,3.4908742452979453,-0.107421875,-0.037109375,0.017201876267790794,0.01737407222390175,0.01945618079623004,0.00017219595611095428,0.0020821085723282916
acute,5,3.5040421537017163,-0.107421875,-0.041015625,0.017490394413471222,0.01811850816011429,0.018017721207496947,0.0006281137466430664,0.00010078695261734119
acute,5,3.5145493880343706,-0.111328125,-0.041015625,0.017690662294626236,0.018655279651284218,0.019463743877315094,0.0009646173566579819,0.0008084642260308764
acute,5,3.5172325558155895,-0.107421875,-0.044921875,0.01820499077439308,0.01878543756902218,0.01593533353388116,0.000580446794629097,0.0028501040351410177
acute,5,3.5274643314324106,-0.111328125,-0.044921875,0.019186604768037796,0.019259531050920486,0.017015069756210373,7.292628288269043e-05,0.0022444612947101136
acute,5,3.5404454208887506,-0.111328125,-0.048828125,0.021567730233073235,0.019818250089883804,0.024503990943387104,0.0017494801431894302,0.0046857408535033
acute,5,3.5499767166278624,-0.115234375,-0.048828125,0.02139953523874283,0.020204387605190277,0.021118496093534004,0.0011951476335525513,0.0009141084883437268
acute,5,3.5628024742218116,-0.115234375,-0.052734375,0.0205304604023695,0.02069968171417713,0.022868128906342124,0.00016922131180763245,0.0021684471921649927
acute,5,3.571682698410194,-0.119140625,-0.052734375,0.019861839711666107,0.021030351519584656,0.019559469983316508,0.0011685118079185486,0.0014708815362681482
acute,5,3.5843912962546245,-0.119140625,-0.056640625,0.02126067876815796,0.021491749212145805,0.018169588616655557,0.00023107044398784637,0.0033221605954902485
acute,5,3.5926593616021996,-0.123046875,-0.056640625,0.02209661900997162,0.021787181496620178,0.025783227559209088,0.00030943751335144043,0.003996046062588909
acute,5,3.5972423717922712,-0.119140625,-0.060546875,0.023570038378238678,0.02195005491375923,0.0275537722726477,0.0016199834644794464,0.005603717358888469
acute,5,3.605277165312788,-0.123046875,-0.060546875,0.023239491507411003,0.022235004231333733,0.021614918536408036,0.0010044872760772705,0.0006200856949256962
acute,5,3.6180532065169806,-0.123046875,-0.064453125,0.02263088896870613,0.022689303383231163,0.023438332733940272,5.8414414525032043e-05,0.0007490293507091093
acute,5,3.625508132544076,-0.126953125,-0.064453125,0.02201126143336296,0.022956691682338715,0.024558655788983367,0.0009454302489757538,0.0016019641066446523
acute,5,3.631004922553771,-0.123046875,-0.068359375,0.022629113867878914,0.023155581206083298,0.019376103800299495,0.0005264673382043839,0.0037794774057838022
acute,5,3.6382218523151098,-0.126953125,-0.068359375,0.023262914270162582,0.023419560864567757,0.0187798194290555,0.00015664659440517426,0.0046397414355122575
acute,5,3.6511206984778433,-0.126953125,-0.072265625,0.024769149720668793,0.02390151470899582,0.030145977749243335,0.0008676350116729736,0.006244463040247516
acute,5,3.657775967038062,-0.130859375,-0.072265625,0.0240507610142231,0.02415631152689457,0.027304682891901667,0.00010555051267147064,0.003148371365007098
acute,5,3.664220347965726,-0.126953125,-0.076171875,0.024144334718585014,0.024407630786299706,0.01972740483923691,0.00026329606771469116,0.004680225947062796
acute,5,3.670623985947076,-0.130859375,-0.076171875,0.02392597123980522,0.024662282317876816,0.0184933148225565,0.0007363110780715942,0.006168967495320317
acute,5,3.6836766037587862,-0.130859375,-0.080078125,0.025982599705457687,0.025198254734277725,0.02912675976905965,0.0007843449711799622,0.003928505034781926
acute,5,3.6895271158666807,-0.134765625,-0.080078125,0.02574114128947258,0.025446569547057152,0.029850429382275088,0.00029457174241542816,0.004403859835217936
acute,5,3.6969477068071086,-0.130859375,-0.083984375,0.025995397940278053,0.025769362226128578,0.026330532904340245,0.0002260357141494751,0.0005611706782116671
acute,5,3.702525464311039,-0.134765625,-0.083984375,0.024747777730226517,0.026018090546131134,0.02145522782836696,0.0012703128159046173,0.004562862717764175
acute,5,3.715740243114408,-0.134765625,-0.087890625,0.026430774480104446,0.026629816740751266,0.0230321361787003,0.00019904226064682007,0.003597680562050967
acute,5,3.720767404766861,-0.138671875,-0.087890625,0.02732876129448414,0.026871323585510254,0.02947252153270195,0.0004574377089738846,0.002601197947191696
acute,5,3.729182943002576,-0.134765625,-0.091796875,0.029160499572753906,0.027287153527140617,0.03570944596095597,0.0018733460456132889,0.00842229243381535
acute,5,3.733910023222081,-0.138671875,-0.091796875,0.028129257261753082,0.027527322992682457,0.030148337992949595,0.0006019342690706253,0.002621015000267138
acute,5,3.7428646598202073,-0.134765625,-0.095703125,0.027535535395145416,0.027995895594358444,0.023817209259023277,0.00046036019921302795,0.004178686335335167
acute,5,3.747271973965288,-0.138671875,-0.095703125,0.026569267734885216,0.028233300894498825,0.022677097635824678,0.0016640331596136093,0.005556203258674147
acute,5,3.760861252674664,-0.138671875,-0.099609375,0.028248926624655724,0.028994912281632423,0.02780238738327166,0.0007459856569766998,0.0011925248983607646
acute,5,3.7647060511310064,-0.142578125,-0.099609375,0.02916553057730198,0.029218832030892372,0.029903839220468038,5.3301453590393066e-05,0.0006850071895756656
acute,5,3.7746847623475777,-0.138671875,-0.103515625,0.031194224953651428,0.029818160459399223,0.03313362766369326,0.001376064494252205,0.0033154672042940356
acute,5,3.7781747914690738,-0.142578125,-0.103515625,0.030515655875205994,0.0300341434776783,0.031279652120619846,0.0004815123975276947,0.0012455086429415466
acute,5,3.788747930349484,-0.138671875,-0.107421875,0.031085049733519554,0.030709363520145416,0.0317088873497646,0.0003756862133741379,0.000999523829619181
acute,5,3.7918579379009225,-0.142578125,-0.107421875,0.03010811284184456,0.030914105474948883,0.0288062278720929,0.0008059926331043243,0.0021078776028559815
acute,5,3.803054215742351,-0.138671875,-0.111328125,0.03068055585026741,0.03167509287595749,0.0298510378328,0.0009945370256900787,0.0018240550431574895
acute,5,3.805756490346568,-0.142578125,-0.111328125,0.03080715239048004,0.03186449036002159,0.030007487314723587,0.0010573379695415497,0.0018570030452980044
acute,5,3.8198688622534545,-0.142578125,-0.115234375,0.032746899873018265,0.03289109095931053,0.03307454950658162,0.00014419108629226685,0.000183458547271087
acute,5,3.821991786240966,-0.146484375,-0.115234375,0.033065538853406906,0.03305108845233917,0.03294734190966996,1.4450401067733765e-05,0.00010374654266920996
acute,5,3.834190218767679,-0.142578125,-0.119140625,0.03426969051361084,0.03399955481290817,0.03455177038874967,0.00027013570070266724,0.0005522155758414943
acute,5,3.835867311736593,-0.146484375,-0.119140625,0.03409478813409805,0.03413389250636101,0.03309712067859045,3.910437226295471e-05,0.0010367718277705593
acute,5,3.848711700182407,-0.142578125,-0.123046875,0.03522941470146179,0.03519511967897415,0.03536199754022398,3.429502248764038e-05,0.00016687786124983117
acute,5,3.8499130580073087,-0.146484375,-0.123046875,0.03497891128063202,0.035297345370054245,0.03368079687526227,0.00031843408942222595,0.0016165484947919737
acute,5,3.8634195384208545,-0.142578125,-0.126953125,0.036267563700675964,0.036482252180576324,0.036589825607154264,0.0002146884799003601,0.00010757342657793934
acute,5,3.864114346692249,-0.146484375,-0.126953125,0.03621816635131836,0.03654499351978302,0.035034308542543,0.00032682716846466064,0.0015106849772400233
acute,5,3.878294092111216,-0.142578125,-0.130859375,0.03751800209283829,0.03786419332027435,0.0379711317507058,0.0003461912274360657,0.0001069384304314483
acute,5,3.878451354714888,-0.146484375,-0.130859375,0.03747877478599548,0.03787923976778984,0.03635571904014995,0.0004004649817943573,0.0015235207276398932
acute,5,3.8928983934297503,-0.146484375,-0.134765625,0.03889775276184082,0.039300866425037384,0.037376418943744334,0.0004031136631965637,0.0019244474812930498
acute,5,3.8933088525074298,-0.142578125,-0.134765625,0.038956742733716965,0.03934239223599434,0.03939330037079357,0.00038564950227737427,5.090813479922962e-05
acute,5,3.907423273835913,-0.146484375,-0.138671875,0.04066947102546692,0.040808502584695816,0.03897458206040908,0.0001390315592288971,0.0018339205242867349
acute,5,3.90842950798788,-0.142578125,-0.138671875,0.04069865494966507,0.0409158393740654,0.04132589095057035,0.0002171844244003296,0.0004100515765049495
acute,5,3.9219868571765586,-0.146484375,-0.142578125,0.04251786693930626,0.04239807277917862,0.04078549285612979,0.00011979416012763977,0.0016125799230488277
acute,5,3.923613196886509,-0.142578125,-0.142578125,0.04268348962068558,0.04258033260703087,0.04333802028606379,0.00010315701365470886,0.0007576876790329201
acute,5,3.93654291314501,-0.146484375,-0.146484375,0.04443575069308281,0.044062282890081406,0.04280745768575052,0.0003734678030014038,0.0012548252043308866
acute,5,3.938808119888728,-0.142578125,-0.146484375,0.04461841285228729,0.04432779550552368,0.04534853768027016,0.00029061734676361084,0.0010207421747464793
acute,5,3.953953711039768,-0.142578125,-0.150390625,0.04611456021666527,0.04614569991827011,0.047313921245368554,3.113970160484314e-05,0.0011682213270984426
acute,5,3.9571517300952346,-0.138671875,-0.150390625,0.04586037993431091,0.0465385802090168,0.04795203003242908,0.0006782002747058868,0.00141344982341228
acute,5,3.9689815613210886,-0.142578125,-0.154296875,0.04741169884800911,0.048016808927059174,0.04611107150142517,0.0006051100790500641,0.0019057374256340048
acute,5,3.9729031006233466,-0.138671875,-0.154296875,0.04794834554195404,0.04851486161351204,0.04929997804406124,0.0005665160715579987,0.0007851164305492028
acute,5,3.983817232049338,-0.142578125,-0.158203125,0.0498904325067997,0.04991935193538666,0.0479543522654644,2.891942858695984e-05,0.0019649996699222586
acute,5,3.988452231484284,-0.138671875,-0.158203125,0.05065501853823662,0.050522979348897934,0.05232496367077614,0.00013203918933868408,0.0018019843218782042
acute,5,3.998382974232212,-0.142578125,-0.162109375,0.052005112171173096,0.051827747374773026,0.05033544495271754,0.0001773647964000702,0.0014923024220554887
acute,5,4.003706105908677,-0.138671875,-0.162109375,0.052430763840675354,0.0525321327149868,0.05363127100964733,0.00010136887431144714,0.0010991382946605316
acute,5,4.018571661835257,-0.138671875,-0.166015625,0.05479070916771889,0.05450865626335144,0.05387591459264508,0.0002820529043674469,0.0006327416707063577
acute,5,4.025190957879967,-0.134765625,-0.166015625,0.055071234703063965,0.05538897588849068,0.057551615911900195,0.00031774118542671204,0.0021626400234095178
acute,5,4.032961092878994,-0.138671875,-0.169921875,0.05699710547924042,0.0564185194671154,0.05458077262053289,0.0005785860121250153,0.0018377468465825136
acute,5,4.040228125623213,-0.134765625,-0.169921875,0.05712781846523285,0.0573744997382164,0.0582042577551021,0.000246681272983551,0.0008297580168857011
acute,5,4.054628526828239,-0.134765625,-0.173828125,0.05965888500213623,0.05923596769571304,0.05854117489870057,0.00042291730642318726,0.0006947927970124765
acute,5,4.0633333477610245,-0.130859375,-0.173828125,0.0596897155046463,0.0603305846452713,0.062403341349587284,0.000640869140625,0.0020727567043159825
acute,5,4.068320369132729,-0.134765625,-0.177734375,0.06134757772088051,0.060944199562072754,0.058564392211057616,0.0004033781588077545,0.0023798073510151382
acute,5,4.077513634102271,-0.130859375,-0.177734375,0.061221495270729065,0.06204456090927124,0.06223995848766034,0.0008230656385421753,0.00019539757838910043
acute,5,4.090819535783255,-0.130859375,-0.181640625,0.06441038101911545,0.06355220824480057,0.061754115731163156,0.0008581727743148804,0.0017980925136374115
acute,5,4.101404494453456,-0.126953125,-0.181640625,0.06405283510684967,0.06466511636972427,0.06548187864982467,0.0006122812628746033,0.0008167622801003999
acute,5,4.114034032707442,-0.126953125,-0.185546875,0.06676661223173141,0.06587415188550949,0.06434057061691703,0.0008924603462219238,0.00153358126859246
acute,5,4.125945578635993,-0.123046875,-0.185546875,0.06625288724899292,0.06687871366739273,0.06788258287814349,0.0006258264183998108,0.0010038692107507546
acute,5,4.137591667569749,-0.123046875,-0.189453125,0.06857387721538544,0.06771798431873322,0.06605353737496837,0.0008558928966522217,0.001664446943764844
acute,5,4.150652278569469,-0.119140625,-0.189453125,0.06758593767881393,0.06847469508647919,0.06915765589081474,0.0008887574076652527,0.0006829608043355528
acute,5,4.161041884167353,-0.119140625,-0.193359375,0.06971173733472824,0.06892736256122589,0.0666977173851589,0.0007843747735023499,0.0022296451760669966
acute,5,4.164939267741971,-0.115234375,-0.189453125,0.06801026314496994,0.06906159967184067,0.07213321260286584,0.0010513365268707275,0.003071612931025175
acute,5,4.174974625587673,-0.115234375,-0.193359375,0.06998979300260544,0.06931547075510025,0.0691518699488178,0.000674322247505188,0.00016360080628244345
acute,5,4.190016567550014,-0.111328125,-0.193359375,0.0685972049832344,0.06944342702627182,0.0713119919448007,0.0008462220430374146,0.001868564918528881
acute,5,4.198394129482905,-0.111328125,-0.197265625,0.06995042413473129,0.06938205659389496,0.06790595435998051,0.0005683675408363342,0.0014761022339144503
acute,5,4.213793405894522,-0.107421875,-0.197265625,0.06792998313903809,0.0690239667892456,0.0691867981394809,0.0010939836502075195,0.00016283135023530126
acute,5,4.220511130482742,-0.107421875,-0.201171875,0.06864132732152939,0.0687703937292099,0.06564056112475262,0.00012906640768051147,0.003129832604457275
acute,5,4.230052908301446,-0.103515625,-0.197265625,0.06790334731340408,0.06831222772598267,0.06994705657431954,0.00040888041257858276,0.0016348288483368778
acute,5,4.235915086582748,-0.103515625,-0.201171875,0.06850367039442062,0.06797566264867783,0.06611133671120803,0.0005280077457427979,0.0018643259374697962
acute,5,4.2470586104917825,-0.099609375,-0.197265625,0.06659470498561859,0.06722613424062729,0.07009139795155883,0.0006314292550086975,0.0028652637109315426
acute,5,4.251937294619976,-0.099609375,-0.201171875,0.06730777025222778,0.06685497611761093,0.06607611453850168,0.0004527941346168518,0.0007788615791092524
acute,5,4.268446001556307,-0.095703125,-0.201171875,0.0658985897898674,0.06542164832353592,0.06551174809313305,0.00047694146633148193,9.009976959713228e-05
acute,5,4.271779008764442,-0.095703125,-0.205078125,0.06459613144397736,0.06510163843631744,0.061876045443517984,0.0005055069923400879,0.00322559299279946
acute,5,4.285285543995153,-0.091796875,-0.201171875,0.06295937299728394,0.06371226906776428,0.06445101066491894,0.0007528960704803467,0.0007387415971546601
acute,5,4.2876161756502835,-0.091796875,-0.205078125,0.0634569600224495,0.06345872581005096,0.06085925489147872,1.7657876014709473e-06,0.0025994709185722456
acute,5,4.302288858905067,-0.087890625,-0.201171875,0.061270877718925476,0.06178257241845131,0.06283797601038796,0.0005116946995258331,0.001055403591936649
acute,5,4.303604319054048,-0.087890625,-0.205078125,0.06184425204992294,0.061626236885786057,0.059338755558933004,0.0002180151641368866,0.0022874813268530525
acute,5,4.319291502483263,-0.083984375,-0.201171875,0.059258535504341125,0.05969959497451782,0.060719436408400794,0.0004410594701766968,0.0010198414338829717
acute,5,4.3196107458299755,-0.083984375,-0.205078125,0.05978323146700859,0.05965934321284294,0.0573873541089571,0.00012388825416564941,0.0022719891038858395
acute,5,4.335512860915327,-0.080078125,-0.205078125,0.05768926814198494,0.057615023106336594,0.05538527758525947,7.424503564834595e-05,0.002229745521077124
acute,5,4.336144084490792,-0.080078125,-0.201171875,0.0570879802107811,0.05753256008028984,0.058425766465692454,0.0004445798695087433,0.0008932063854026132
acute,5,4.351204529871247,-0.076171875,-0.205078125,0.0555536262691021,0.05554632470011711,0.05330291460590635,7.3015689849853516e-06,0.0022434100942107585
acute,5,4.352720844791846,-0.076171875,-0.201171875,0.05490677431225777,0.055344950407743454,0.05606882942647396,0.00043817609548568726,0.0007238790187305069
acute,5,4.366599532197811,-0.072265625,-0.205078125,0.05328323692083359,0.053498394787311554,0.0512547539379773,0.0002151578664779663,0.002243640849334254
acute,5,4.368923601051596,-0.072265625,-0.201171875,0.05267704278230667,0.05318937078118324,0.05361204133049377,0.0005123279988765717,0.0004226705493105276
acute,5,4.384681654626073,-0.068359375,-0.201171875,0.05104765668511391,0.051105450838804245,0.05079212647821504,5.7794153690338135e-05,0.00031332436058920804
acute,5,4.388044205941918,-0.068359375,-0.197265625,0.05028151720762253,0.05066468566656113,0.052750796934206166,0.00038316845893859863,0.0020861112676450397
acute,5,4.399948959528929,-0.064453125,-0.201171875,0.04869154840707779,0.049120187759399414,0.04767355781358254,0.00042863935232162476,0.001446629945816874
acute,5,4.403994700990678,-0.064453125,-0.197265625,0.0485835038125515,0.04860193282365799,0.0497393979646384,1.842901110649109e-05,0.001137465140980412
acute,5,4.414699927833452,-0.060546875,-0.201171875,0.04719424992799759,0.0472496934235096,0.04598276445192534,5.544349551200867e-05,0.001266928971584258
acute,5,4.419336200177847,-0.060546875,-0.197265625,0.046727459877729416,0.046673476696014404,0.04822243925941207,5.39831817150116e-05,0.0015489625633976628
acute,5,4.428924933876852,-0.056640625,-0.201171875,0.045265424996614456,0.045501552522182465,0.04432851034784005,0.00023612752556800842,0.0011730421743424146
acute,5,4.434068220534807,-0.056640625,-0.197265625,0.04447709023952484,0.04488459601998329,0.04464507238190336,0.0004075057804584503,0.00023952363807993454
acute,5,4.448202748069588,-0.052734375,-0.197265625,0.04253330081701279,0.04323387145996094,0.04152824564915974,0.0007005706429481506,0.0017056258108011993
acute,5,4.454215085024532,-0.052734375,-0.193359375,0.04273194074630737,0.04255249351263046,0.043491233061963654,0.0001794472336769104,0.000938739549333191
acute,5,4.461759853759885,-0.048828125,-0.197265625,0.041727785021066666,0.04171563684940338,0.041392474715313134,1.2148171663284302e-05,0.0003231621340902477
acute,5,4.468137899407453,-0.048828125,-0.193359375,0.04100167751312256,0.04102427512407303,0.04183291316576115,2.259761095046997e-05,0.0008086380416881186
acute,5,4.48144883377863,-0.044921875,-0.193359375,0.039138294756412506,0.039629675447940826,0.03797088958828459,0.0004913806915283203,0.001658785859656238
acute,5,4.488586003694721,-0.044921875,-0.189453125,0.03902232646942139,0.03890903294086456,0.03939211914960652,0.00011329352855682373,0.0004830862087419549
acute,5,4.494184671977499,-0.041015625,-0.193359375,0.038155265152454376,0.038357026875019073,0.03804828635573021,0.00020176172256469727,0.0003087405192888637
acute,5,4.501564515935678,-0.041015625,-0.189453125,0.03772002458572388,0.03764723613858223,0.037749120611939434,7.278844714164734e-05,0.00010188447335720413
acute,5,4.513961235706016,-0.037109375,-0.189453125,0.03609205409884453,0.03650026023387909,0.03583114854620545,0.00040820613503456116,0.0006691116876736403
acute,5,4.521985760537067,-0.037109375,-0.185546875,0.03602217882871628,0.03578777238726616,0.037009075956117986,0.00023440644145011902,0.0012213035688518267
acute,5,4.533989369048345,-0.033203125,-0.185546875,0.03467120975255966,0.03476512432098389,0.03380754235263201,9.391456842422485e-05,0.0009575819683518769
acute,5,4.542604637967606,-0.033203125,-0.181640625,0.03415043652057648,0.03406235948204994,0.0337334609503378,8.807703852653503e-05,0.0003288985317121407
acute,5,4.54546356431134,-0.029296875,-0.185546875,0.033718690276145935,0.033834803849458694,0.033463891622012534,0.0001161135733127594,0.00037091222744616015
acute,5,4.554177165382003,-0.029296875,-0.181640625,0.033226318657398224,0.03315828740596771,0.033563214168579054,6.803125143051147e-05,0.00040492676261134203
acute,5,4.565238734421993,-0.025390625,-0.181640625,0.03229892626404762,0.03233560919761658,0.032137495089869725,3.668293356895447e-05,0.00019811410774685234
acute,5,4.574447632006201,-0.025390625,-0.177734375,0.032031916081905365,0.03168056532740593,0.032857635072850055,0.0003513507544994354,0.001177069745444126
acute,5,4.585078889926441,-0.021484375,-0.177734375,0.030758073553442955,0.030956830829381943,0.030774179775078795,0.00019875727593898773,0.00018265105430314774
acute,5,4.594739162136381,-0.021484375,-0.173828125,0.030631674453616142,0.030328230932354927,0.031235289377676827,0.0003034435212612152,0.0009070584453218997
acute,5,4.6049324260006586,-0.017578125,-0.173828125,0.02948606014251709,0.029693657532334328,0.029475237708454085,0.00020759738981723785,0.00021841982388024275
acute,5,4.615004894174397,-0.017578125,-0.169921875,0.029313473030924797,0.029094278812408447,0.029697323713110846,0.0002191942185163498,0.0006030449007023986
acute,5,4.624760471094004,-0.013671875,-0.169921875,0.028140822425484657,0.028538737446069717,0.027808545483341638,0.0003979150205850601,0.0007301919627280794
acute,5,4.635211426923098,-0.013671875,-0.166015625,0.028196731582283974,0.02796947956085205,0.029002425652560424,0.0002272520214319229,0.0010329460917083734
acute,5,4.644535756072538,-0.009765625,-0.166015625,0.027058802545070648,0.02748299203813076,0.026400865347549013,0.000424189493060112,0.0010821266905817473
acute,5,4.6553372705966645,-0.009765625,-0.162109375,0.027403652667999268,0.026943182572722435,0.02939993346251821,0.0004604700952768326,0.002456750889795776
acute,5,4.6642413326181025,-0.005859375,-0.162109375,0.027189655229449272,0.02651621773838997,0.026337445582589165,0.0006734374910593033,0.00017877215580080347
acute,5,4.675371302995694,-0.005859375,-0.158203125,0.027000458911061287,0.02600383758544922,0.03105551814933934,0.0009966213256120682,0.0050516805638901215
acute,5,4.683869337293454,-0.001953125,-0.158203125,0.02641458436846733,0.025627458468079567,0.02825216366862772,0.000787125900387764,0.0026247052005481525
acute,5,4.686891046436273,-0.005859375,-0.154296875,0.02545148693025112,0.02549653686583042,0.021638254704849834,4.504993557929993e-05,0.0038582821609805876
acute,5,4.695311402521095,-0.001953125,-0.154296875,0.02444690652191639,0.02513928711414337,0.024628633566579544,0.0006923805922269821,0.0005106535475638274
acute,5,4.707140490791858,-0.001953125,-0.150390625,0.023652981966733932,0.024654889479279518,0.023877424026707346,0.0010019075125455856,0.0007774654525721722
acute,5,4.715163358068367,0.001953125,-0.150390625,0.022786766290664673,0.02433682419359684,0.018210465848867024,0.001550057902932167,0.006126358344729816
acute,5,4.727293938664608,0.001953125,-0.146484375,0.024936193600296974,0.023869892582297325,0.03150784970413242,0.001066301017999649,0.007637957121835091
acute,5,4.7349401127714055,0.005859375,-0.146484375,0.024977462366223335,0.023583054542541504,0.029925457093260194,0.0013944078236818314,0.00634240255071869
acute,5,4.739822811437353,0.001953125,-0.142578125,0.023833584040403366,0.023402469232678413,0.021519823333589178,0.0004311148077249527,0.0018826458990892359
acute,5,4.747370284251168,0.005859375,-0.142578125,0.02301413007080555,0.023126717656850815,0.020437008399887584,0.0001125875860452652,0.0026897092569632304
acute,5,4.760204234959992,0.005859375,-0.138671875,0.022595342248678207,0.022665128111839294,0.023608381075904857,6.978586316108704e-05,0.0009432529640655621
acute,5,4.767395333285883,0.009765625,-0.138671875,0.02221437729895115,0.02240915223956108,0.02236487860728125,0.00019477494060993195,4.427363227983011e-05
acute,5,4.773457053890695,0.005859375,-0.134765625,0.022205229848623276,0.022194093093276024,0.024130641493191038,1.1136755347251892e-05,0.001936548399915014
acute,5,4.780542785931601,0.009765625,-0.134765625,0.0214735958725214,0.021942786872386932,0.024552493721976987,0.0004691909998655319,0.0026097068495900544
acute,5,4.794121977042049,0.009765625,-0.130859375,0.020778771489858627,0.021458230912685394,0.01593093800532583,0.000679459422826767,0.005527292907359566
acute,5,4.80087869471204,0.013671875,-0.130859375,0.02054375410079956,0.021213941276073456,0.018897979958369823,0.0006701871752738953,0.0023159613177036326
acute,5,4.808153934049231,0.009765625,-0.126953125,0.0199620109051466,0.020947108045220375,0.02579308036501172,0.0009850971400737762,0.004845972319791347
acute,5,4.814805643684099,0.013671875,-0.126953125,0.019392328336834908,0.020698636770248413,0.026541417507841825,0.0013063084334135056,0.005842780737593412
acute,5,4.829208686382158,0.013671875,-0.123046875,0.02101258747279644,0.020140578970313072,0.0060466964219944505,0.0008720085024833679,0.014093882548318622
acute,5,4.835567119701897,0.017578125,-0.123046875,0.020900217816233635,0.019883019849658012,0.01965787439837811,0.0010171979665756226,0.00022514545127990185
acute,5,4.844117760397011,0.013671875,-0.119140625,0.022662417963147163,0.019523000344634056,0.043850917707584154,0.0031394176185131073,0.024327917362950098
acute,5,4.8503807367911325,0.017578125,-0.119140625,0.019909637048840523,0.01924767531454563,0.02959476970295252,0.0006619617342948914,0.010347094388406888
acute,5,4.865739560015628,0.017578125,-0.115234375,0.01450135838240385,0.018521176651120186,0.00024809523416063824,0.004019818268716335,0.018273081416959547
acute,5,4.871758020680026,0.021484375,-0.115234375,0.017109688371419907,0.018212709575891495,0.016101518937932227,0.0011030212044715881,0.0021111906379592676
acute,5,4.8816874536456005,0.017578125,-0.111328125,0.019819580018520355,0.01766830123960972,0.02376995082649442,0.002151278778910637,0.006101649586884701
acute,5,4.887634770421683,0.021484375,-0.111328125,0.02100817859172821,0.01731809228658676,0.03144346757777182,0.003690086305141449,0.014125375291185058
acute,5,4.898276024058962,0.017578125,-0.107421875,0.01994604803621769,0.01663878560066223,0.036460897701559934,0.003307262435555458,0.019822112100897703
acute,5,4.904166211745114,0.021484375,-0.107421875,0.014312110841274261,0.016229690983891487,0.01439035293195973,0.0019175801426172256,0.001839338051931757
acute,5,4.921419717010701,0.021484375,-0.103515625,0.007187593728303909,0.014866773039102554,-0.009494021527615014,0.007679179310798645,0.024360794566717567
acute,5,4.927178191277324,0.025390625,-0.103515625,0.012193270027637482,0.014347652904689312,0.012735973741251069,0.0021543828770518303,0.0016116791634382434
acute,5,4.939475713191721,0.021484375,-0.099609375,0.017906920984387398,0.01310812309384346,0.02371650362656764,0.004798797890543938,0.010608380532724181
acute,5,4.945251440446858,0.025390625,-0.099609375,0.019968856126070023,0.012455664575099945,0.032966111047723845,0.0075131915509700775,0.0205104464726239
acute,5,4.958429742733773,0.021484375,-0.095703125,0.01974373124539852,0.010766643099486828,0.04038171184160101,0.008977088145911694,0.029615068742114184
acute,5,4.964274556519222,0.025390625,-0.095703125,0.011614853516221046,0.009915059432387352,0.012152298271412633,0.0016997940838336945,0.0022372388390252806
acute,5,4.9843843757960835,0.025390625,-0.091796875,-0.0038906773552298546,0.00638372078537941,-0.01676359807399913,0.010274398140609264,0.02314731885937854
acute,5,4.99040050331238,0.029296875,-0.091796875,-0.003030475229024887,0.005110009107738733,-0.003883344245960503,0.00814048433676362,0.008993353353699236
acute,5,5.005745349122157,0.025390625,-0.087890625,-0.0022666682489216328,0.001286778599023819,-0.0062245494637349205,0.0035534468479454517,0.0075113280627587395
acute,5,5.012098809849143,0.029296875,-0.087890625,0.00029366184026002884,-0.0005801807856187224,0.010241850408018234,0.0008738426258787513,0.010822031193636956
acute,5,5.028545700195378,0.025390625,-0.083984375,0.0024388034362345934,-0.0063805305399000645,0.01587179322609666,0.008819333976134658,0.022252323765996725
acute,5,5.03546161726866,0.029296875,-0.083984375,-0.006140265613794327,-0.009317056275904179,0.001731552962192678,0.003176790662109852,0.011048609238096857
acute,5,5.052971328133842,0.025390625,-0.080078125,-0.011161154136061668,-0.018435226753354073,-0.007053347137725046,0.007274072617292404,0.011381879615629026
acute,5,5.0608114907868265,0.029296875,-0.080078125,-0.02902303636074066,-0.02346842922270298,-0.03161188554090423,0.005554607138037682,0.00814345631820125
acute,5,5.088450294253491,0.029296875,-0.076171875,-0.05950821191072464,-0.04768999665975571,-0.05625346601477899,0.011818215250968933,0.008563469355023286
acute,5,5.099077334205545,0.033203125,-0.076171875,-0.08856325596570969,-0.06052803248167038,-0.08255452691245885,0.028035223484039307,0.022026494430788468
acute,5,5.118349796703273,0.029296875,-0.072265625,-0.0979519858956337,-0.09065660834312439,-0.0858372103637203,0.007295377552509308,0.004819397979404089
acute,5,5.132655582770222,0.033203125,-0.072265625,-0.14897577464580536,-0.12009011209011078,-0.13902066844937966,0.02888566255569458,0.01893055635926888
acute,5,5.1686517024855405,0.033203125,-0.068359375,-0.23289775848388672,-0.22652214765548706,-0.21936145045579936,0.006375610828399658,0.0071606971996877045
acute,5,5.200064716417935,0.037109375,-0.068359375,-0.298252671957016,-0.34380456805229187,-0.4001122886259128,0.04555189609527588,0.056307720573620934
acute,5,5.2348767905040985,0.037109375,-0.064453125,-0.3701336979866028,-0.4165862500667572,-0.3832675351319643,0.04645255208015442,0.03331871493479288
acute,5,5.2827087163129365,0.041015625,-0.064453125,-0.2844179570674896,-0.3039938509464264,-0.3172980487473194,0.019575893878936768,0.01330419780089298
acute,5,5.289421539466286,0.041015625,-0.060546875,-0.28129327297210693,-0.27832967042922974,-0.23111014042376649,0.0029636025428771973,0.04721953000546325
acute,5,5.32634768631664,0.044921875,-0.060546875,-0.1538451611995697,-0.15296068787574768,-0.1258544205201228,0.0008844733238220215,0.02710626735562488
acute,5,5.328205715139304,0.044921875,-0.064453125,-0.1693667322397232,-0.1478695124387741,-0.1613065688028325,0.021497219800949097,0.013437056364058397
acute,5,5.359883233864464,0.048828125,-0.060546875,-0.07544733583927155,-0.07978460937738419,-0.05520772422731306,0.00433727353811264,0.02457688515007113
acute,5,5.364898571276844,0.048828125,-0.064453125,-0.08776865899562836,-0.07185675948858261,-0.07234920403987753,0.015911899507045746,0.000492444551294921
acute,5,5.395662850181576,0.052734375,-0.064453125,-0.0456562303006649,-0.035631053149700165,-0.043711585982184116,0.010025177150964737,0.008080532832483951
acute,5,5.401891479006081,0.052734375,-0.068359375,-0.04918242245912552,-0.030353687703609467,-0.04333287764575074,0.018828734755516052,0.012979189942141277
acute,5,5.422697797281363,0.056640625,-0.064453125,-0.019531598314642906,-0.016284653916954994,-0.02451890909818509,0.003246944397687912,0.008234255181230096
acute,5,5.428838998807572,0.056640625,-0.068359375,-0.01707812398672104,-0.012990085408091545,-0.008402952658540564,0.004088038578629494,0.004587132749550981
acute,5,5.447231180172946,0.060546875,-0.064453125,0.0027394203934818506,-0.004901321139186621,0.013512206085624688,0.007640741532668471,0.018413527224811307
acute,5,5.453066535205895,0.060546875,-0.068359375,0.0010748591739684343,-0.00279922503978014,0.010469408672065991,0.0038740842137485743,0.01326863371184613
acute,5,5.469981680299108,0.064453125,-0.064453125,0.008491232991218567,0.002305799163877964,0.020257636349629567,0.006185433827340603,0.017951837185751603
acute,5,5.475434110504749,0.064453125,-0.068359375,0.00241783051751554,0.0036861130502074957,0.003338001570695056,0.0012682825326919556,0.00034811147951243964
acute,5,5.496445028606829,0.068359375,-0.068359375,-0.0011906246654689312,0.008064757101237774,-0.008761777059457574,0.009255381766706705,0.01682653416069535
acute,5,5.501346072761776,0.068359375,-0.072265625,0.002402013633400202,0.008906841278076172,0.003107588729004819,0.00650482764467597,0.005799252549071353
acute,5,5.516421354785423,0.072265625,-0.068359375,0.006562712136656046,0.011161168105900288,0.0007445324861093523,0.004598455969244242,0.010416635619790936
acute,5,5.520903605243425,0.072265625,-0.072265625,0.012488572858273983,0.011746278963983059,0.01655280665580101,0.0007422938942909241,0.0048065276918179516
acute,5,5.53558269526278,0.076171875,-0.068359375,0.02142665721476078,0.013437052257359028,0.028494245107032308,0.007989604957401752,0.01505719284967328
acute,5,5.539657168729725,0.076171875,-0.072265625,0.02132956124842167,0.013852576725184917,0.028985925283581303,0.0074769845232367516,0.015133348558396386
acute,5,5.5540860357308475,0.080078125,-0.068359375,0.024088505655527115,0.015167904086411,0.0382828867044233,0.008920601569116116,0.0231149826180123
acute,5,5.557763620921794,0.080078125,-0.072265625,0.018805060535669327,0.015468737110495567,0.019804402415701104,0.0033363234251737595,0.004335665305205537
acute,5,5.572047730437933,0.083984375,-0.068359375,0.014592651277780533,0.016526613384485245,0.006715411293039754,0.001933962106704712,0.009811202091445492
acute,5,5.57533818120321,0.083984375,-0.072265625,0.011583996936678886,0.01674819178879261,0.004885340556620092,0.005164194852113724,0.011862851232172518
acute,5,5.592468071820393,0.087890625,-0.072265625,0.012217308394610882,0.017791936174035072,0.011619982312692389,0.0055746277794241905,0.006171953861342684
acute,5,5.595265828982058,0.087890625,-0.076171875,0.015571027994155884,0.017947116866707802,0.018944313627293496,0.002376088872551918,0.000997196760585694
acute,5,5.609220870528537,0.091796875,-0.072265625,0.015369863249361515,0.018668808043003082,0.01727367748048377,0.0032989447936415672,0.0013951305625193137
acute,5,5.611658697229634,0.091796875,-0.076171875,0.017128845676779747,0.018786927685141563,0.019304588729393668,0.0016580820083618164,0.0005176610442521046
acute,5,5.625649865006393,0.095703125,-0.072265625,0.017049727961421013,0.01942714862525463,0.012506090966069347,0.002377420663833618,0.006921057659185284
acute,5,5.62773367835206,0.095703125,-0.076171875,0.01803678832948208,0.019517647102475166,0.01551772760093278,0.0014808587729930878,0.003999919501542387
acute,5,5.641797613395883,0.099609375,-0.072265625,0.022420190274715424,0.020101821050047874,0.023452213467063693,0.002318369224667549,0.0033503924170158184
acute,5,5.643531843081823,0.099609375,-0.076171875,0.022488251328468323,0.02017104998230934,0.025554389174616214,0.0023172013461589813,0.005383339192306873
acute,5,5.657698382246101,0.103515625,-0.072265625,0.026183301582932472,0.020718561485409737,0.033048051504939405,0.005464740097522736,0.012329490019529668
acute,5,5.659086166126933,0.103515625,-0.076171875,0.0244717076420784,0.02077072486281395,0.026380499187562575,0.00370098277926445,0.005609774324748625
acute,5,5.673379854759966,0.107421875,-0.072265625,0.02354593761265278,0.02129681222140789,0.022889378511157042,0.0022491253912448883,0.0015925662897491519
acute,5,5.674423213706848,0.107421875,-0.076171875,0.021782156080007553,0.021334568038582802,0.019853251398427516,0.0004475880414247513,0.0014813166401552863
acute,5,5.688864348995295,0.111328125,-0.072265625,0.020690113306045532,0.0218515545129776,0.01977936678670674,0.0011614412069320679,0.002072187726270859
acute,5,5.689564346584825,0.111328125,-0.076171875,0.0200407225638628,0.02187643200159073,0.019296615503421915,0.0018357094377279282,0.002579816498168814
acute,5,5.704169697556183,0.115234375,-0.072265625,0.020649107173085213,0.0223945751786232,0.02045270875867003,0.0017454680055379868,0.0019418664199531699
acute,5,5.704526590157798,0.115234375,-0.076171875,0.02049366384744644,0.022407248616218567,0.020357468226230198,0.0019135847687721252,0.002049780389988369
acute,5,5.71930988776728,0.119140625,-0.072265625,0.021505272015929222,0.02293531969189644,0.021546931235642622,0.0014300476759672165,0.0013883884562538168
acute,5,5.719323270245468,0.119140625,-0.076171875,0.021398358047008514,0.02293580211699009,0.021382719358908682,0.001537444069981575,0.0015530827580814074
acute,5,5.733964480811551,0.123046875,-0.076171875,0.02226010337471962,0.023469259962439537,0.022207746804159594,0.0012091565877199173,0.0012615131582799435
acute,5,5.734295529049202,0.123046875,-0.072265625,0.022526174783706665,0.023481490090489388,0.022633100982929356,0.0009553153067827225,0.0008483891075600318
acute,5,5.748457429536372,0.126953125,-0.076171875,0.023396693170070648,0.024013571441173553,0.023068972284678205,0.0006168782711029053,0.0009445991564953488
acute,5,5.749134193934042,0.126953125,-0.072265625,0.024046283215284348,0.02403947524726391,0.024070350364778812,6.807968020439148e-06,3.087511751490371e-05
acute,5,5.762806694193602,0.130859375,-0.076171875,0.025564851239323616,0.02457372285425663,0.02504183067232383,0.000991128385066986,0.00046810781806719964
acute,5,5.763830666230487,0.130859375,-0.072265625,0.026373116299510002,0.02461463212966919,0.0273004150841499,0.0017584841698408127,0.002685782954480711
acute,5,5.777014414425251,0.134765625,-0.076171875,0.02681906335055828,0.025153934955596924,0.029676076536436807,0.0016651283949613571,0.0045221415808398835
acute,5,5.778387121567421,0.134765625,-0.072265625,0.026672905310988426,0.025211509317159653,0.03029243641468987,0.0014613959938287735,0.005080927097530219
acute,5,5.791080438114217,0.138671875,-0.076171875,0.02406112104654312,0.025757793337106705,0.025049090353239812,0.0016966722905635834,0.0007087029838668928
acute,5,5.792803260286965,0.138671875,-0.072265625,0.023658713325858116,0.025833968073129654,0.02120300505519369,0.0021752547472715378,0.004630963017935964
acute,5,5.805002438096554,0.142578125,-0.076171875,0.022246185690164566,0.02638832852244377,0.017961439006877054,0.004142142832279205,0.008426889515566718
acute,5,5.807076409401963,0.142578125,-0.072265625,0.023531606420874596,0.026485294103622437,0.021506732916430033,0.002953687682747841,0.004978561187192403
acute,5,5.818776012761993,0.146484375,-0.076171875,0.02576799876987934,0.02704806998372078,0.027000906798397985,0.0012800712138414383,4.7163185322794676e-05
acute,5,5.821201608400114,0.146484375,-0.072265625,0.027377072721719742,0.02716822735965252,0.029644000997409024,0.0002088453620672226,0.0024757736377565044
acute,5,5.832394782685849,0.150390625,-0.076171875,0.029405303299427032,0.02773907408118248,0.03025377312297212,0.0016662292182445526,0.00251469904178964
acute,5,5.835171692569561,0.150390625,-0.072265625,0.02989248000085354,0.02788500301539898,0.030371539672970623,0.0020074769854545593,0.002486536657571644
acute,5,5.8489773868698975,0.154296875,-0.072265625,0.028369547799229622,0.02863733097910881,0.03244371180780242,0.00026778317987918854,0.003806380828693612
acute,5,5.852282726545113,0.154296875,-0.068359375,0.028035398572683334,0.028824329376220703,0.02890472369968101,0.0007889308035373688,8.039432346030814e-05
acute,5,5.862607422750348,0.158203125,-0.072265625,0.02593105658888817,0.029426394030451775,0.020813142580106657,0.0034953374415636063,0.008613251450345118
acute,5,5.866283347215134,0.158203125,-0.068359375,0.02774735353887081,0.029647506773471832,0.023932439092497988,0.0019001532346010208,0.005715067680973844
acute,5,5.87604868953296,0.162109375,-0.072265625,0.02933647111058235,0.03025280125439167,0.028506794391645243,0.0009163301438093185,0.0017460068627464277
acute,5,5.880091264816476,0.162109375,-0.068359375,0.031737733632326126,0.030511192977428436,0.035039941725344456,0.0012265406548976898,0.00452874874791602
acute,5,5.89368971648808,0.166015625,-0.068359375,0.0325312502682209,0.03141532838344574,0.03779605204544609,0.0011159218847751617,0.006380723662000348
acute,5,5.8983676447652735,0.166015625,-0.064453125,0.031707897782325745,0.03173920139670372,0.029930061029281106,3.1303614377975464e-05,0.001809140367422614
acute,5,5.907060293530983,0.169921875,-0.068359375,0.030143119394779205,0.032359108328819275,0.023594389206570095,0.0022159889340400696,0.00876471912224918
acute,5,5.912116489667984,0.169921875,-0.064453125,0.03175685554742813,0.032730743288993835,0.02904642842873964,0.0009738877415657043,0.0036843148602541953
acute,5,5.920183294041255,0.173828125,-0.068359375,0.03273570165038109,0.033340923488140106,0.034609008214475344,0.0006052218377590179,0.0012680847263352377
acute,5,5.925606160323464,0.173828125,-0.064453125,0.03449373319745064,0.03376328945159912,0.04087315997625729,0.0007304437458515167,0.007109870524658168
acute,5,5.9388129953633335,0.177734375,-0.064453125,0.034524161368608475,0.03483393415808678,0.03177333480665991,0.000309772789478302,0.003060599351426864
acute,5,5.9449773481674395,0.177734375,-0.060546875,0.03528016060590744,0.035354506224393845,0.03167194609136532,7.434561848640442e-05,0.003682560133028527
acute,5,5.951712898023876,0.181640625,-0.064453125,0.035462938249111176,0.0359388031065464,0.03527090324371348,0.00047586485743522644,0.0006678998628329227
acute,5,5.9582354963312065,0.181640625,-0.060546875,0.0366627536714077,0.036520231515169144,0.041350476545518974,0.0001425221562385559,0.004830245030349831
acute,5,5.971138875582356,0.185546875,-0.060546875,0.03735203295946121,0.037716343998909,0.03543402156540533,0.0003643110394477844,0.002282322433503667
acute,5,5.978484873616358,0.185546875,-0.056640625,0.038744259625673294,0.03842482343316078,0.037277238153197625,0.0003194361925125122,0.0011475852799631564
acute,5,5.9836611168197695,0.189453125,-0.060546875,0.03865751251578331,0.038936108350753784,0.0385577096495091,0.00027859583497047424,0.0003783987012446824
acute,5,5.9913330899841135,0.189453125,-0.056640625,0.03987652808427811,0.039712291210889816,0.042587255812920305,0.0001642368733882904,0.0028749646020304886
acute,5,6.00374038223506,0.193359375,-0.056640625,0.040845904499292374,0.04101385176181793,0.039777637296289914,0.00016794726252555847,0.0012362144655280183
acute,5,6.012292751590058,0.193359375,-0.052734375,0.04214584827423096,0.0419439822435379,0.04327647362897802,0.0002018660306930542,0.0013324913854401155
acute,5,6.0244950272229545,0.197265625,-0.052734375,0.04309053719043732,0.04331657662987709,0.04327115569157888,0.00022603943943977356,4.542093829820737e-05
acute,5,6.033984638582716,0.197265625,-0.048828125,0.04472001641988754,0.0444197840988636,0.04532861537177699,0.00030023232102394104,0.0009088312729133852
acute,5,6.04586619941668,0.201171875,-0.048828125,0.04592514410614967,0.04584280401468277,0.04582891893328384,8.234009146690369e-05,1.3885081398927468e-05
acute,5,6.0563317416675195,0.201171875,-0.044921875,0.04700712114572525,0.04713190719485283,0.04866152434283684,0.00012478604912757874,0.001529617147984011
acute,5,6.067749631897864,0.205078125,-0.044921875,0.04880267381668091,0.04857243224978447,0.04848579133664603,0.0002302415668964386,8.66409131384388e-05
acute,5,6.0791986659464765,0.205078125,-0.041015625,0.049741342663764954,0.05004747584462166,0.051721684211402615,0.0003061331808567047,0.0016742083667809562
acute,5,6.089985365035974,0.208984375,-0.041015625,0.05171404406428337,0.05145944654941559,0.05120333868125449,0.0002545975148677826,0.00025610786816109704
acute,5,6.102379578767902,0.208984375,-0.037109375,0.053076937794685364,0.05310002341866493,0.05459649843554628,2.308562397956848e-05,0.0014964750168813476
acute,5,6.112352656953023,0.212890625,-0.037109375,0.05445849522948265,0.05442691594362259,0.053744630304849404,3.1579285860061646e-05,0.0006822856387731849
acute,5,6.125595187478978,0.212890625,-0.033203125,0.055792566388845444,0.05618572235107422,0.05710929122281001,0.000393155962228775,0.0009235688717357943
acute,5,6.134575418110352,0.216796875,-0.033203125,0.05766826868057251,0.057368241250514984,0.05592977485562164,0.00030002743005752563,0.0014384663948933465
acute,5,6.148506225332899,0.216796875,-0.029296875,0.05936618521809578,0.05917007103562355,0.05914733698521408,0.000196114182472229,2.2734050409471684e-05
acute,5,6.156342254720028,0.220703125,-0.029296875,0.06014353036880493,0.06015817075967789,0.05753684398406334,1.4640390872955322e-05,0.002621326775614545
acute,5,6.163417552347537,0.216796875,-0.025390625,0.06041176617145538,0.06102969869971275,0.06266301420668968,0.00061793252825737,0.001633315506976929
acute,5,6.17074713277825,0.220703125,-0.025390625,0.06235358491539955,0.06190793961286545,0.06055534825802794,0.0004456453025341034,0.0013525913548375068
acute,5,6.186027306255778,0.220703125,-0.021484375,0.0640200674533844,0.06364056468009949,0.06356082638210733,0.0003795027732849121,7.97382979921546e-05
acute,5,6.191974242445357,0.224609375,-0.021484375,0.06412918865680695,0.06427266448736191,0.06116251208662994,0.00014347583055496216,0.0031101524007319664
acute,5,6.202176619085227,0.220703125,-0.017578125,0.0643363744020462,0.06529291719198227,0.06649877583946968,0.0009565427899360657,0.001205858647487415
acute,5,6.2073348732799705,0.224609375,-0.017578125,0.0663890391588211,0.06577498465776443,0.06363228794342846,0.0006140545010566711,0.0021426967143359787
acute,5,6.219150210879932,0.220703125,-0.013671875,0.0649840384721756,0.06678472459316254,0.06913601835274823,0.0018006861209869385,0.0023512937595856903
acute,5,6.223370983565171,0.224609375,-0.013671875,0.06764937937259674,0.06711126863956451,0.06583697458421121,0.0005381107330322266,0.0012742940553533005
acute,5,6.2368535573699075,0.220703125,-0.009765625,0.06604839861392975,0.06802358478307724,0.07130211702413501,0.0019751861691474915,0.0032785322410577716
acute,5,6.239993931036415,0.224609375,-0.009765625,0.06855718791484833,0.06820602715015411,0.0676688228941133,0.00035116076469421387,0.000537204256040813
acute,5,6.257074898610872,0.224609375,-0.005859375,0.06928329169750214,0.06898617744445801,0.06897575163909113,0.0002971142530441284,1.042580536687876e-05
acute,5,6.274448288518072,0.224609375,-0.001953125,0.06794875860214233,0.06939280033111572,0.0696582515594386,0.0014440417289733887,0.0002654512283228744
smooth,3,0.0,0.19921875,0.0,0.0621131956577301,0.0634765625,0.06402167487079874,0.0013633668422698975,0.0005451123707987393
smooth,3,0.0197514419823879,0.19921875,0.00390625,0.06193333864212036,0.06333602219820023,0.0637793307834616,0.0014026835560798645,0.0004433085852613705
smooth,3,0.0393200717419604,0.19921875,0.0078125,0.061741903424263,0.06292377412319183,0.06306885731053001,0.001181870698928833,0.00014508318733817693
smooth,3,0.0585369154989438,0.19921875,0.01171875,0.06237964332103729,0.062266234308481216,0.06193758821206475,0.00011340901255607605,0.00032864609641646697
smooth,3,0.0624098278411424,0.1953125,0.01171875,0.06058310344815254,0.06210491433739662,0.06472956139751587,0.0015218108892440796,0.0026246470601192506
smooth,3,0.0772579026050932,0.19921875,0.015625,0.061608850955963135,0.06140222027897835,0.060449419410136575,0.000206630676984787,0.000952800868841773
smooth,3,0.0822320435368778,0.1953125,0.015625,0.059977371245622635,0.06113826856017113,0.06300267708238508,0.0011608973145484924,0.0018644085222139506
smooth,3,0.0953704082646507,0.19921875,0.01953125,0.060794249176979065,0.060377027839422226,0.058703254904458234,0.000417221337556839,0.001673772934963992
smooth,3,0.101313458776133,0.1953125,0.01953125,0.059066466987133026,0.06000395119190216,0.06095450708134762,0.0009374842047691345,0.0009505558894454605
smooth,3,0.1127949936980788,0.19921875,0.0234375,0.05911754071712494,0.05923669412732124,0.056780606834504234,0.00011915341019630432,0.0024560872928170094
smooth,3,0.1195701039129825,0.1953125,0.0234375,0.058640241622924805,0.058757323771715164,0.058703463638988346,0.0001170821487903595,5.3860132726818444e-05
smooth,3,0.1369580418378757,0.1953125,0.02734375,0.05773244798183441,0.05744743347167969,0.05637561403453471,0.0002850145101547241,0.0010718194371449746
smooth,3,0.1452178454465211,0.19140625,0.02734375,0.05621347203850746,0.056790053844451904,0.05808600242294618,0.0005765818059444427,0.0012959485784942784
smooth,3,0.1534656671492963,0.1953125,0.03125,0.05623464286327362,0.05611437186598778,0.054058706066920606,0.0001202709972858429,0.0020556657990671717
smooth,3,0.1623011319707386,0.19140625,0.03125,0.054436977952718735,0.05537191405892372,0.05539329154732719,0.0009349361062049866,2.1377488403466482e-05
smooth,3,0.1783936972984933,0.19140625,0.03515625,0.05417502671480179,0.053979258984327316,0.052883218040099704,0.00019576773047447205,0.0010960409442276123
smooth,3,0.1885218522252188,0.1875,0.03515625,0.052569642663002014,0.05308215692639351,0.053885380812836406,0.0005125142633914948,0.000803223886442897
smooth,3,0.2039835153264125,0.1875,0.0390625,0.05137154459953308,0.051692117005586624,0.0512418912964213,0.0003205724060535431,0.00045022570916532223
smooth,3,0.2152845659030289,0.18359375,0.0390625,0.05060090124607086,0.050666775554418564,0.05191639670352066,6.587430834770203e-05,0.001249621149102098
smooth,3,0.2184697218375254,0.1875,0.04296875,0.05035620182752609,0.05037708580493927,0.04888097947757829,2.088397741317749e-05,0.0014961063273609826
smooth,3,0.2299395832356266,0.18359375,0.04296875,0.04897342622280121,0.04933348670601845,0.049261257585304884,0.0003600604832172394,7.222912071356419e-05
smooth,3,0.2436275716295173,0.18359375,0.046875,0.04829169437289238,0.048091500997543335,0.04702405644285733,0.0002001933753490448,0.0010674445546860062
smooth,3,0.2559842866245796,0.1796875,0.046875,0.04652310162782669,0.04697832837700844,0.047054522139241786,0.00045522674918174744,7.619376223334806e-05
smooth,3,0.2687849471762112,0.1796875,0.05078125,0.04605033993721008,0.04583749920129776,0.04502573968417776,0.000212840735912323,0.0008117595171200018
smooth,3,0.2818798072871998,0.17578125,0.05078125,0.04430767148733139,0.04468720778822899,0.044770915748240964,0.00037953630089759827,8.3707960011975e-05
smooth,3,0.2937477014708825,0.17578125,0.0546875,0.04371042922139168,0.04366203397512436,0.042974003765946095,4.8395246267318726e-05,0.0006880302091782642
smooth,3,0.2957354076690327,0.171875,0.05078125,0.04371161386370659,0.043492093682289124,0.04440743176478853,0.0002195201814174652,0.0009153380824994048
smooth,3,0.3074392233760464,0.171875,0.0546875,0.042388543486595154,0.04250241070985794,0.04260413577461805,0.00011386722326278687,0.0001017250647601109
smooth,3,0.321831531820213,0.16796875,0.0546875,0.04147626832127571,0.04131244495511055,0.04172936091941237,0.00016382336616516113,0.00041691596430182276
smooth,3,0.3325278966871424,0.16796875,0.05859375,0.04014890268445015,0.04044841229915619,0.0404841867515953,0.00029950961470603943,3.5774452439109317e-05
smooth,3,0.3473302111511662,0.1640625,0.05859375,0.0391819030046463,0.039282288402318954,0.03990125879776071,0.0001003853976726532,0.0006189703954417522
smooth,3,0.357058383037464,0.1640625,0.0625,0.038333166390657425,0.03853485733270645,0.038127352171147794,0.0002016909420490265,0.0004075051615586578
smooth,3,0.3721678864482656,0.16015625,0.0625,0.03746664524078369,0.037403736263513565,0.03859125349516172,6.290897727012634e-05,0.001187517231648158
smooth,3,0.3809822859573776,0.16015625,0.06640625,0.03612378612160683,0.03676038235425949,0.0369624305942438,0.0006365962326526642,0.00020204823998430654
smooth,3,0.3878460854915427,0.15625,0.0625,0.03636692464351654,0.03626764938235283,0.03633176601176142,9.927526116371155e-05,6.41166294085907e-05
smooth,3,0.3963188890582876,0.15625,0.06640625,0.035045456141233444,0.03566914051771164,0.03419339089840222,0.0006236843764781952,0.0014757496193094216
smooth,3,0.4121736826006858,0.15234375,0.06640625,0.03456045687198639,0.03457694128155708,0.03683507527478268,1.648440957069397e-05,0.0022581339932255945
smooth,3,0.419785362784957,0.15234375,0.0703125,0.0333949476480484,0.034064821898937225,0.035122287340713175,0.0006698742508888245,0.0010574654417759496
smooth,3,0.4285305972158754,0.1484375,0.06640625,0.0334864966571331,0.03348562866449356,0.03306298372728005,8.67992639541626e-07,0.000422644937213508
smooth,3,0.435765852479788,0.1484375,0.0703125,0.03212364390492439,0.0330134816467762,0.030450776242954107,0.0008898377418518066,0.0025627054038220923
smooth,3,0.4453728135704202,0.14453125,0.06640625,0.03243846818804741,0.032395750284194946,0.031246952195062894,4.271790385246277e-05,0.001148798089132052
smooth,3,0.452209749697081,0.14453125,0.0703125,0.03197992593050003,0.03196204826235771,0.034387166898400816,1.7877668142318726e-05,0.002425118636043104
smooth,3,0.4691040991391493,0.140625,0.0703125,0.030977793037891388,0.030908901244401932,0.0311858875471267,6.889179348945618e-05,0.00027698630272476876
smooth,3,0.4751678926387334,0.140625,0.07421875,0.02962024137377739,0.030536474660038948,0.028682116327870235,0.0009162332862615585,0.001854358332168713
smooth,3,0.4864370361330443,0.13671875,0.0703125,0.029817726463079453,0.02985064871609211,0.02886845115952508,3.2922253012657166e-05,0.0009821975565670292
smooth,3,0.4921000695652587,0.13671875,0.07421875,0.028699247166514397,0.029508553445339203,0.029817417926917344,0.0008093062788248062,0.0003088644815781409
smooth,3,0.5041985195546792,0.1328125,0.0703125,0.028933174908161163,0.028781775385141373,0.029071085492765335,0.00015139952301979065,0.0002893101076239628
smooth,3,0.5094511618806915,0.1328125,0.07421875,0.02829955331981182,0.028467373922467232,0.029337903452918923,0.00016782060265541077,0.0008705295304516913
smooth,3,0.5272169532722744,0.12890625,0.07421875,0.027194932103157043,0.027404703199863434,0.026162683499766234,0.00020977109670639038,0.0012420197000971994
smooth,3,0.5318121418493402,0.12890625,0.078125,0.02610100246965885,0.02712908200919628,0.026155300888174495,0.0010280795395374298,0.0009737811210217863
smooth,3,0.5453963952188879,0.125,0.07421875,0.02677537500858307,0.026309307664632797,0.0273253859218317,0.0004660673439502716,0.0010160782571989012
smooth,3,0.5495993348130964,0.125,0.078125,0.025702781975269318,0.02605351246893406,0.02744295396387974,0.0003507304936647415,0.0013894414949456799
smooth,3,0.5639922542049083,0.12109375,0.07421875,0.025919241830706596,0.025166228413581848,0.027274855973224477,0.0007530134171247482,0.002108627559642629
smooth,3,0.567802742955042,0.12109375,0.078125,0.02462923899292946,0.024927690625190735,0.024831548905191347,0.00029845163226127625,9.614171999938748e-05
smooth,3,0.5830117660644932,0.1171875,0.07421875,0.024153903126716614,0.023955753073096275,0.023617864441764825,0.00019815005362033844,0.0003378886313314504
smooth,3,0.5864326690337587,0.1171875,0.078125,0.022975023835897446,0.023732014000415802,0.022698273431969118,0.0007569901645183563,0.0010337405684466838
smooth,3,0.6055048097705702,0.11328125,0.078125,0.021742986515164375,0.022440798580646515,0.021611154679184515,0.0006978120654821396,0.0008296439014620002
smooth,3,0.6084179236417914,0.11328125,0.08203125,0.020758043974637985,0.02223600447177887,0.021535942449997347,0.0014779604971408844,0.0007000620217815223
smooth,3,0.6250411623578119,0.109375,0.078125,0.020660359412431717,0.021020274609327316,0.02021528738826167,0.00035991519689559937,0.000804987221065645
smooth,3,0.6276024470527799,0.109375,0.08203125,0.01966814324259758,0.02082499861717224,0.020249419218255627,0.0011568553745746613,0.0005755793989166147
smooth,3,0.6450710745288847,0.10546875,0.078125,0.01952660270035267,0.01942574605345726,0.019340604924100443,0.00010085664689540863,8.514112935681731e-05
smooth,3,0.6472935478438412,0.10546875,0.08203125,0.018443187698721886,0.019238393753767014,0.019053990916499813,0.0007952060550451279,0.0001844028372672002
smooth,3,0.6656324779561089,0.1015625,0.078125,0.018217144533991814,0.01759749837219715,0.018873509207237217,0.0006196461617946625,0.001276010835040066
smooth,3,0.6675345283888924,0.1015625,0.08203125,0.01685188338160515,0.01741664856672287,0.017198365866836363,0.0005647651851177216,0.0002182826998865066
smooth,3,0.6867733356709431,0.09765625,0.078125,0.016285492107272148,0.015454856678843498,0.016722868141356623,0.0008306354284286499,0.0012680114625131245
smooth,3,0.6883804962025335,0.09765625,0.08203125,0.014608804136514664,0.0152790118008852,0.014636903085135669,0.0006702076643705368,0.0006421087157495314
smooth,3,0.7085533042879242,0.09375,0.078125,0.01376613974571228,0.012887494638562202,0.014003511099343464,0.0008786451071500778,0.0011160164607812613
smooth,3,0.7099009901243033,0.09375,0.08203125,0.011836825869977474,0.012714422307908535,0.011888079789326792,0.0008775964379310608,0.0008263425185817425
smooth,3,0.7310455283631356,0.08984375,0.078125,0.010759299620985985,0.00974267814308405,0.010964878206261833,0.0010166214779019356,0.0012222000631777839
smooth,3,0.7321832708796313,0.08984375,0.08203125,0.008547300472855568,0.009567859582602978,0.008697876818860481,0.0010205591097474098,0.0008699827637424964
smooth,3,0.7543382850362728,0.0859375,0.078125,0.007041698321700096,0.005806648638099432,0.007246304340379699,0.0012350496836006641,0.0014396557022802667
smooth,3,0.7553363140615579,0.0859375,0.08203125,0.004471193999052048,0.005619782023131847,0.004723939483041223,0.0011485880240797997,0.0008958425400906241
smooth,3,0.7785357422446674,0.08203125,0.078125,0.002277583349496126,0.00077808927744627,0.0025416364646682543,0.0014994940720498562,0.0017635471872219843
smooth,3,0.7794952638550947,0.08203125,0.08203125,-0.0007464486407116055,0.0005554415984079242,-0.00037405357624887387,0.0013018902391195297,0.000929495174656798
smooth,3,0.803756093832033,0.078125,0.078125,-0.0038996499497443438,-0.0057672434486448765,-0.0035481095276945233,0.0018675934989005327,0.002219133920950353
smooth,3,0.8048252872548929,0.078125,0.08203125,-0.007578135002404451,-0.006079223472625017,-0.007068708047771711,0.0014989115297794342,0.0009894845751466938
smooth,3,0.8301232371924353,0.07421875,0.078125,-0.012057621963322163,-0.014415498822927475,-0.011525394889196301,0.0023578768596053123,0.0028901039337311737
smooth,3,0.8315215691297689,0.07421875,0.08203125,-0.01659373752772808,-0.014933961443603039,-0.01598278220134663,0.001659776084125042,0.0010488207577435925
smooth,3,0.8577441447513766,0.0703125,0.078125,-0.02287501096725464,-0.02593102678656578,-0.0220857439214834,0.003056015819311142,0.003845282865082379
smooth,3,0.859796650654554,0.0703125,0.08203125,-0.028607144951820374,-0.02690039947628975,-0.027914666729395413,0.0017067454755306244,0.0010142672531056642
smooth,3,0.886657991740972,0.06640625,0.078125,-0.03812975063920021,-0.04116646200418472,-0.036106165799728654,0.0030367113649845123,0.005060296204456069
smooth,3,0.8898337975452626,0.06640625,0.08203125,-0.044439345598220825,-0.04305195435881615,-0.04374894841777833,0.0013873912394046783,0.0006969940589621818
smooth,3,0.9216639686462909,0.0625,0.08203125,-0.06561768054962158,-0.06419184058904648,-0.0639320357184951,0.0014258399605751038,0.00025980487055138335
smooth,3,0.9273118418311276,0.0625,0.0859375,-0.07096274942159653,-0.06832350045442581,-0.07500220495079071,0.0026392489671707153,0.006678704496364901
smooth,3,0.954921197267595,0.05859375,0.08203125,-0.09040001779794693,-0.08950377255678177,-0.08778780701194526,0.0008962452411651611,0.001715965544836509
smooth,3,0.9637601468799912,0.05859375,0.0859375,-0.09241428226232529,-0.09637364000082016,-0.10045544551796244,0.003959357738494873,0.004081805517142281
smooth,3,0.9885638192509076,0.0546875,0.08203125,-0.11446213722229004,-0.11455079168081284,-0.11159934477259323,8.865445852279663e-05,0.002951446908219607
smooth,3,1.0012725303083398,0.0546875,0.0859375,-0.11409159749746323,-0.12252300977706909,-0.12301673876181353,0.008431412279605865,0.0004937289847444376
smooth,3,1.0371796866553504,0.05078125,0.0859375,-0.13304845988750458,-0.1359957903623581,-0.1345226877741026,0.0029473304748535156,0.0014731025882555038
smooth,3,1.0578149559792631,0.05078125,0.08984375,-0.1165664866566658,-0.13590702414512634,-0.13529277753054178,0.01934053748846054,0.0006142466145845626
smooth,3,1.0692085333807038,0.046875,0.0859375,-0.1343410313129425,-0.13327473402023315,-0.13083074683170395,0.0010662972927093506,0.002443987188529201
smooth,3,1.0916583963111228,0.046875,0.08984375,-0.11630280315876007,-0.12335564941167831,-0.12301027023956894,0.007052846252918243,0.0003453791721093752
smooth,3,1.1196024761822052,0.04296875,0.08984375,-0.10503280162811279,-0.10475172102451324,-0.10196188831330884,0.00028108060359954834,0.002789832711204407
smooth,3,1.1450989132537197,0.04296875,0.09375,-0.08526331186294556,-0.08511511981487274,-0.08667925897946348,0.00014819204807281494,0.001564139164590736
smooth,3,1.167579935276983,0.0390625,0.09375,-0.06844908744096756,-0.0679563581943512,-0.06496267998132445,0.0004927292466163635,0.0029936782130267486
smooth,3,1.193006550762211,0.0390625,0.09765625,-0.05220349505543709,-0.05026628077030182,-0.05102986439456451,0.0019372142851352692,0.0007635836242626884
smooth,3,1.2113243783220835,0.03515625,0.09765625,-0.037973884493112564,-0.039087653160095215,-0.036048412456474645,0.0011137686669826508,0.00303924070362057
smooth,3,1.2185352197006545,0.0390625,0.1015625,-0.04065806791186333,-0.0350724533200264,-0.03912593970516797,0.005585614591836929,0.004053486385141573
smooth,3,1.2355123832388704,0.03515625,0.1015625,-0.02768174186348915,-0.026466716080904007,-0.02612840613425865,0.001215025782585144,0.00033830994664535777
smooth,3,1.2592041596259198,0.03515625,0.10546875,-0.019656850025057793,-0.01632552221417427,-0.01678762473899328,0.003331327810883522,0.0004621025248190101
smooth,3,1.2739777210947307,0.03125,0.10546875,-0.010808466002345085,-0.010990300215780735,-0.010224805850854645,0.00018183421343564987,0.0007654943649260896
smooth,3,1.296063189900451,0.03125,0.109375,-0.005730520002543926,-0.004230411723256111,-0.004500093463787055,0.001500108279287815,0.00026968174053094377
smooth,3,1.3095625949547558,0.02734375,0.109375,0.0006280776578933001,-0.0007187881274148822,0.0014770018288271169,0.0013468657853081822,0.002195789956241999
smooth,3,1.317318049256517,0.03125,0.11328125,-0.0015126559883356094,0.0011129039339721203,0.0029001464494693508,0.0026255599223077297,0.0017872425154972305
smooth,3,1.3303022338398725,0.02734375,0.11328125,0.0036115050315856934,0.003908244427293539,0.0030229886511927997,0.0002967393957078457,0.0008852557761007394
smooth,3,1.3502413453942437,0.02734375,0.1171875,0.006220677401870489,0.007624013349413872,0.009333711598934232,0.0014033359475433826,0.00170969824952036
smooth,3,1.362685267930534,0.0234375,0.1171875,0.010388430207967758,0.00964080449193716,0.012384294311448265,0.0007476257160305977,0.002743489819511105
smooth,3,1.3815275127668327,0.0234375,0.12109375,0.011905515566468239,0.012327012605965137,0.011348941025853694,0.00042149703949689865,0.0009780715801114438
smooth,3,1.393718549202441,0.01953125,0.12109375,0.014667121693491936,0.013864154927432537,0.01356842492436598,0.0008029667660593987,0.0002957300030665567
smooth,3,1.3996117023422336,0.0234375,0.125,0.013055898249149323,0.014558078721165657,0.017491981769866837,0.0015021804720163345,0.00293390304870118
smooth,3,1.4116162572020432,0.01953125,0.125,0.01583183743059635,0.0158834308385849,0.015444069369928943,5.159340798854828e-05,0.000439361468655957
smooth,3,1.4288003420815374,0.01953125,0.12890625,0.01695951819419861,0.01760106347501278,0.019868359518245404,0.0006415452808141708,0.0022672960432326243
smooth,3,1.4408078598875915,0.015625,0.12890625,0.01926477625966072,0.01869504526257515,0.019890751503864327,0.0005697309970855713,0.0011957062412891774
smooth,3,1.457186294502999,0.015625,0.1328125,0.019851908087730408,0.02007089927792549,0.020699918354665024,0.00021899119019508362,0.0006290190767395329
smooth,3,1.4693126991542782,0.01171875,0.1328125,0.021517468616366386,0.021017147228121758,0.019397489792374985,0.0005003213882446289,0.001619657435746772
smooth,3,1.4729034615136438,0.015625,0.13671875,0.02007177658379078,0.021287156268954277,0.02353113426608352,0.001215379685163498,0.0022439779971292415
smooth,3,1.48494786300589,0.01171875,0.13671875,0.022086691111326218,0.02216310054063797,0.02310749233007723,7.640942931175232e-05,0.0009443917894392598
smooth,3,1.4999458782494115,0.01171875,0.140625,0.022370994091033936,0.02319895476102829,0.025163421405666554,0.0008279606699943542,0.0019644666446382644
smooth,3,1.5122096561541678,0.0078125,0.140625,0.02412424609065056,0.02400948666036129,0.024796171331994757,0.0001147594302892685,0.0007866846716334669
smooth,3,1.5265196519749156,0.0078125,0.14453125,0.024341681972146034,0.02492312155663967,0.026461489770621124,0.0005814395844936371,0.0015383682139814524
smooth,3,1.539056244516999,0.00390625,0.14453125,0.025944622233510017,0.02570200338959694,0.025871219706732534,0.0002426188439130783,0.00016921631713559537
smooth,3,1.5526923002582176,0.00390625,0.1484375,0.026058752089738846,0.02653314545750618,0.027842387638107778,0.000474393367767334,0.0013092421806015983
smooth,3,1.5655403164018091,0.0,0.1484375,0.027504796162247658,0.027306532487273216,0.027266579558295874,0.00019826367497444153,3.995292897734232e-05
smooth,3,1.5785027142856032,0.0,0.15234375,0.027639156207442284,0.028082232922315598,0.02926025425907268,0.0004430767148733139,0.0011780213367570819
smooth,3,1.591687557917358,-0.00390625,0.15234375,0.0289908517152071,0.028871113434433937,0.028841528805366997,0.00011973828077316284,2.9584629066940066e-05
smooth,3,1.6039652699455516,-0.00390625,0.15625,0.02912518009543419,0.029609298333525658,0.030711498795251507,0.0004841182380914688,0.0011022004617258496
smooth,3,1.6174995879076703,-0.0078125,0.15625,0.030518898740410805,0.030430832877755165,0.030484677706521027,8.806586265563965e-05,5.38448287658623e-05
smooth,3,1.6290724548071776,-0.0078125,0.16015625,0.030908863991498947,0.03114253468811512,0.03215743250496788,0.0002336706966161728,0.0010148978168527598
smooth,3,1.6429558453154929,-0.01171875,0.16015625,0.03198797255754471,0.03201068937778473,0.032028522366640645,2.2716820240020752e-05,1.7832988855916165e-05
smooth,3,1.6537967803400797,-0.01171875,0.1640625,0.032221969217061996,0.032701488584280014,0.03347752152237793,0.0004795193672180176,0.0007760329380979147
smooth,3,1.657361412254208,-0.015625,0.16015625,0.033127594739198685,0.0329313725233078,0.03222751499574566,0.0001962222158908844,0.000703857527562142
smooth,3,1.6680151240711731,-0.015625,0.1640625,0.03349282220005989,0.03362718224525452,0.033436628698453555,0.00013436004519462585,0.0001905535468009617
smooth,3,1.6827735905740866,-0.01953125,0.1640625,0.03461186960339546,0.03461439535021782,0.03476917157826791,2.5257468223571777e-06,0.00015477622805008806
smooth,3,1.6926173524889587,-0.01953125,0.16796875,0.03471553325653076,0.035289086401462555,0.03545452379516673,0.0005735531449317932,0.00016543739370417782
smooth,3,1.7076901615243625,-0.0234375,0.16796875,0.036116600036621094,0.03634907305240631,0.036010622526981,0.00023247301578521729,0.00033845052542531145
smooth,3,1.7166861375526707,-0.0234375,0.171875,0.03654319420456886,0.03699789568781853,0.03713455514175787,0.0004547014832496643,0.00013665945393934176
smooth,3,1.7233516510511078,-0.02734375,0.16796875,0.03753627836704254,0.03748667240142822,0.03767650589193609,4.960596561431885e-05,0.0001898334905078708
smooth,3,1.732018223595536,-0.02734375,0.171875,0.037667348980903625,0.03813259303569794,0.03746456486543968,0.0004652440547943115,0.0006680281702582599
smooth,3,1.747928112766704,-0.03125,0.171875,0.03900912404060364,0.03934933990240097,0.039319589214181036,0.00034021586179733276,2.975068821993443e-05
smooth,3,1.7556531611614272,-0.03125,0.17578125,0.03965665027499199,0.03995465114712715,0.03973118344695673,0.00029800087213516235,0.00022346770017041967
smooth,3,1.7644488078806857,-0.03515625,0.171875,0.04067763686180115,0.04065532609820366,0.0413096518797285,2.2310763597488403e-05,0.0006543257815248421
smooth,3,1.7717253799041328,-0.03515625,0.17578125,0.040617283433675766,0.04124410077929497,0.04033326902968985,0.0006268173456192017,0.0009108317496051149
smooth,3,1.788370311732471,-0.0390625,0.17578125,0.04203121364116669,0.04262099415063858,0.042146853019821295,0.0005897805094718933,0.00047414113081728493
smooth,3,1.794620410439746,-0.0390625,0.1796875,0.0426475927233696,0.04314838722348213,0.0421101319343212,0.0005007945001125336,0.0010382552891609331
smooth,3,1.8056038727880588,-0.04296875,0.17578125,0.043852753937244415,0.04408803582191467,0.045092456937504244,0.00023528188467025757,0.001004421115589571
smooth,3,1.811273314490197,-0.04296875,0.1796875,0.044422488659620285,0.04457910731434822,0.043642564452847483,0.0001566186547279358,0.0009365428615007373
smooth,3,1.8234339794677183,-0.046875,0.17578125,0.045468807220458984,0.04564506933093071,0.046671348003346456,0.00017626211047172546,0.0010262786724157466
smooth,3,1.8284435888036212,-0.046875,0.1796875,0.045450080186128616,0.046088747680187225,0.04506401447609797,0.000638667494058609,0.0010247332040892523
smooth,3,1.8461202286557477,-0.05078125,0.1796875,0.047117993235588074,0.04767170920968056,0.047342223827463045,0.0005537159740924835,0.000329485382217512
smooth,3,1.8500097574072123,-0.05078125,0.18359375,0.04737178236246109,0.04802297055721283,0.04603112555119304,0.0006511881947517395,0.001991845006019788
smooth,3,1.864278267764953,-0.0546875,0.1796875,0.04870259761810303,0.049317367374897,0.04968521868541375,0.0006147697567939758,0.00036785131051674663
smooth,3,1.8673861989349472,-0.0546875,0.18359375,0.04943811148405075,0.049600064754486084,0.047835233351517854,0.00016195327043533325,0.0017648314029682297
smooth,3,1.8828753706892505,-0.05859375,0.1796875,0.05052053555846214,0.051008883863687515,0.051786327476521135,0.0004883483052253723,0.0007774436128336198
smooth,3,1.88512444549274,-0.05859375,0.18359375,0.051340166479349136,0.05121304467320442,0.049582383134692536,0.00012712180614471436,0.0016306615385118864
smooth,3,1.9018486490795157,-0.0625,0.1796875,0.052308931946754456,0.05272234231233597,0.05372264864430009,0.00041341036558151245,0.0010003063319641223
smooth,3,1.903165436850252,-0.0625,0.18359375,0.05284054949879646,0.05284024775028229,0.051314715633918,3.0174851417541504e-07,0.0015255321163642893
smooth,3,1.9211123581828011,-0.06640625,0.1796875,0.054048895835876465,0.054426468908786774,0.055611328509242476,0.00037757307291030884,0.0011848596004557024
smooth,3,1.9214324263691376,-0.06640625,0.18359375,0.05450784042477608,0.05445433408021927,0.05299127657785751,5.350634455680847e-05,0.00146305750236176
smooth,3,1.939831139326414,-0.0703125,0.18359375,0.05623142793774605,0.05602307245135307,0.05451794174172931,0.00020835548639297485,0.0015051307096237629
smooth,3,1.9405573197132735,-0.0703125,0.1796875,0.055662840604782104,0.056083470582962036,0.05733732014451594,0.00042062997817993164,0.001253849561553902
smooth,3,1.9582517692893893,-0.07421875,0.18359375,0.05795208364725113,0.057511139661073685,0.055936836824505794,0.00044094398617744446,0.001574302836567891
smooth,3,1.9600529313569544,-0.07421875,0.1796875,0.05711185932159424,0.05765121057629585,0.058831250444001205,0.0005393512547016144,0.0011800398677053528
smooth,3,1.976573071058651,-0.078125,0.18359375,0.0594385601580143,0.05888279527425766,0.05704471501135111,0.0005557648837566376,0.0018380802629065496
smooth,3,1.979452325674299,-0.078125,0.1796875,0.0583568699657917,0.059086769819259644,0.05996516205589008,0.0007298998534679413,0.0008783922366304361
smooth,3,1.9946683910480576,-0.08203125,0.18359375,0.06029161810874939,0.060105226933956146,0.057750690073396324,0.0001863911747932434,0.002354536860559822
smooth,3,1.998600579587764,-0.08203125,0.1796875,0.05932449549436569,0.06035097688436508,0.06068348173198831,0.0010264813899993896,0.0003325048476232259
smooth,3,2.017344993741373,-0.0859375,0.1796875,0.06164219230413437,0.06141294538974762,0.06104718198970388,0.00022924691438674927,0.0003657634000437393
smooth,3,2.0228969851173044,-0.0859375,0.17578125,0.06039746478199959,0.06169028952717781,0.06417813735485711,0.0012928247451782227,0.0024878478276793015
smooth,3,2.035545710948746,-0.08984375,0.1796875,0.06289857625961304,0.06225356459617615,0.06103343623495507,0.0006450116634368896,0.0012201283612210748
smooth,3,2.0421171698092175,-0.08984375,0.17578125,0.06153838708996773,0.06250689178705215,0.06403907361904686,0.0009685046970844269,0.0015321818319947028
smooth,3,2.053084709022544,-0.09375,0.1796875,0.06327248364686966,0.06286703795194626,0.06065802482998945,0.0004054456949234009,0.0022090131219568085
smooth,3,2.0605535396871386,-0.09375,0.17578125,0.06204727664589882,0.0630660131573677,0.06347168683140685,0.0010187365114688873,0.00040567367403913923
smooth,3,2.078103753052082,-0.09765625,0.17578125,0.06371772289276123,0.06338086724281311,0.06252912436962346,0.0003368556499481201,0.0008517428731896481
smooth,3,2.0873052420782576,-0.09765625,0.171875,0.06239446625113487,0.0634584128856659,0.06524474364804625,0.0010639466345310211,0.001786330762380356
smooth,3,2.094705317738919,-0.1015625,0.17578125,0.06385498493909836,0.06347652524709702,0.06128663724951843,0.0003784596920013428,0.0021898879975785837
smooth,3,2.1045430900733404,-0.1015625,0.171875,0.06239028647542,0.06343939155340195,0.06369049712212375,0.0010491050779819489,0.0002511055687218072
smooth,3,2.120652183347973,-0.10546875,0.171875,0.06375662982463837,0.06322868168354034,0.06189045534331042,0.0005279481410980225,0.0013382263402299255
smooth,3,2.132057783358421,-0.10546875,0.16796875,0.062362659722566605,0.06296897679567337,0.06398687620328262,0.0006063170731067657,0.0010178994076092546
smooth,3,2.1473530434725765,-0.109375,0.16796875,0.06264031678438187,0.062481965869665146,0.06169130450373092,0.00015835091471672058,0.0007906613659342254
smooth,3,2.160186173087116,-0.109375,0.1640625,0.0614737831056118,0.061956487596035004,0.06335664854377267,0.0004827044904232025,0.0014001609477376636
smooth,3,2.1743775989918737,-0.11328125,0.1640625,0.061238016933202744,0.061259351670742035,0.060684731808531955,2.1334737539291382e-05,0.0005746198622100795
smooth,3,2.1884095852512937,-0.11328125,0.16015625,0.06011554226279259,0.060459718108177185,0.0618527755820785,0.0003441758453845978,0.0013930574739013171
smooth,3,2.20128068356563,-0.1171875,0.16015625,0.059709955006837845,0.05963897705078125,0.05896294197279586,7.097795605659485e-05,0.0006760350779853874
smooth,3,2.216230299305463,-0.1171875,0.15625,0.05836804211139679,0.05859295278787613,0.05962699331208429,0.0002249106764793396,0.001034040524208163
smooth,3,2.2276608861614577,-0.12109375,0.15625,0.05809525027871132,0.0577344112098217,0.05668903581474652,0.0003608390688896179,0.001045375395075182
smooth,3,2.2432377093182323,-0.12109375,0.15234375,0.05613969638943672,0.05649533122777939,0.05689068535767665,0.0003556348383426666,0.00039535412989726015
smooth,3,2.253201969866374,-0.125,0.15234375,0.05598437041044235,0.05566766858100891,0.054028281417581245,0.00031670182943344116,0.0016393871634276663
smooth,3,2.259723664533778,-0.12109375,0.1484375,0.054381757974624634,0.05511358380317688,0.05686255641778338,0.0007318258285522461,0.001748972614606499
smooth,3,2.2691418071198353,-0.125,0.1484375,0.05425942316651344,0.05429879203438759,0.05390145313741975,3.936886787414551e-05,0.00039733889696783736
smooth,3,2.2858368952943673,-0.125,0.14453125,0.05280357971787453,0.052821267396211624,0.053514510756558234,1.7687678337097168e-05,0.0006932433603466098
smooth,3,2.2937730027845733,-0.12890625,0.14453125,0.05251196026802063,0.05210815370082855,0.050733508265227725,0.00040380656719207764,0.001374645435600827
smooth,3,2.3032239311326257,-0.125,0.140625,0.05058113485574722,0.05125312879681587,0.05288072217741278,0.0006719939410686493,0.0016275933805969048
smooth,3,2.3104703159852633,-0.12890625,0.140625,0.05051349103450775,0.05059488117694855,0.05011679024599807,8.13901424407959e-05,0.0004780909309504769
smooth,3,2.3277125217441337,-0.12890625,0.13671875,0.049003902822732925,0.049026429653167725,0.0495923672389886,2.2526830434799194e-05,0.0005659375858208734
smooth,3,2.333612870887096,-0.1328125,0.13671875,0.04845046252012253,0.04849086329340935,0.04702389549344421,4.040077328681946e-05,0.0014669677999651354
smooth,3,2.34542267147524,-0.12890625,0.1328125,0.047619130462408066,0.04742366820573807,0.048616856543467604,0.00019546225666999817,0.0011931883377295366
smooth,3,2.350589371121234,-0.1328125,0.1328125,0.04708212986588478,0.04695950448513031,0.04570054807109058,0.00012262538075447083,0.0012589564140397316
smooth,3,2.363518497755299,-0.12890625,0.12890625,0.04524288326501846,0.04580754041671753,0.04696774371646706,0.0005646571516990662,0.0011602032997495293
smooth,3,2.3679212019040867,-0.1328125,0.12890625,0.04494950547814369,0.045418884605169296,0.04425699036880803,0.00046937912702560425,0.0011618942363612675
smooth,3,2.38191649723243,-0.12890625,0.125,0.04354202374815941,0.044197678565979004,0.04550155345276102,0.0006556548178195953,0.0013038748867820193
smooth,3,2.3855380877902506,-0.1328125,0.125,0.04343339428305626,0.04388551041483879,0.0440815887697123,0.00045211613178253174,0.0001960783548735079
smooth,3,2.4033715516156007,-0.1328125,0.12109375,0.04228108376264572,0.04237385466694832,0.0428111333587792,9.277090430259705e-05,0.0004372786918308835
smooth,3,2.4059767506509586,-0.13671875,0.12109375,0.04190098121762276,0.042156774550676346,0.04067522875284898,0.00025579333305358887,0.0014815457978273674
smooth,3,2.4213573557962005,-0.1328125,0.1171875,0.04091285169124603,0.04089578613638878,0.041301698121742676,1.706555485725403e-05,0.00040591198535389755
smooth,3,2.423250835845087,-0.13671875,0.1171875,0.040538765490055084,0.04074304550886154,0.03922115797415929,0.00020428001880645752,0.0015218875347022542
smooth,3,2.4394373496068753,-0.1328125,0.11328125,0.03937537968158722,0.03946026414632797,0.03979451077445681,8.488446474075317e-05,0.000334246628128837
smooth,3,2.440630239138258,-0.13671875,0.11328125,0.03915589675307274,0.039367370307445526,0.037777993208640094,0.00021147355437278748,0.001589377098805432
smooth,3,2.4575606771595297,-0.1328125,0.109375,0.03792499750852585,0.03807331994175911,0.03835639476749261,0.0001483224332332611,0.0002830748257335036
smooth,3,2.45807008453942,-0.13671875,0.109375,0.03787030279636383,0.03803509101271629,0.03651964988994153,0.00016478821635246277,0.001515441122774762
smooth,3,2.47553182766141,-0.13671875,0.10546875,0.03667208552360535,0.036749217659235,0.035427764105115084,7.713213562965393e-05,0.0013214535541199168
smooth,3,2.4756843916097058,-0.1328125,0.10546875,0.03661821037530899,0.03673819079995155,0.03700578811312857,0.00011998042464256287,0.00026759731317701346
smooth,3,2.4929834894124214,-0.13671875,0.1015625,0.035492658615112305,0.03551061451435089,0.0343516033586289,1.7955899238586426e-05,0.0011590111557219923
smooth,3,2.4937735793334377,-0.1328125,0.1015625,0.03542501479387283,0.035455599427223206,0.0357815954566449,3.0584633350372314e-05,0.00032599602942169625
smooth,3,2.5103995978251734,-0.13671875,0.09765625,0.034294530749320984,0.03431824594736099,0.033182437058418925,2.3715198040008545e-05,0.0011358088889420678
smooth,3,2.511801123235488,-0.1328125,0.09765625,0.03427978232502937,0.03422408550977707,0.03450595340207675,5.569681525230408e-05,0.0002818678922996837
smooth,3,2.5277609278560647,-0.13671875,0.09375,0.033017635345458984,0.03316941857337952,0.03221442641216172,0.00015178322792053223,0.0009549921612177978
smooth,3,2.5297472339903373,-0.1328125,0.09375,0.03299235552549362,0.03304031491279602,0.03308479952591486,4.795938730239868e-05,4.4484613118837835e-05
smooth,3,2.5450541224274956,-0.13671875,0.08984375,0.031592439860105515,0.032060008496046066,0.03119757704080339,0.00046756863594055176,0.0008624314552426772
smooth,3,2.547598861806126,-0.1328125,0.08984375,0.03145258501172066,0.03189937770366669,0.03137613901985922,0.00044679269194602966,0.0005232386838074643
smooth,3,2.5653490783860406,-0.1328125,0.0859375,0.03003382496535778,0.030795006081461906,0.02959427216143569,0.000761181116104126,0.0012007339200262174
smooth,3,2.5686215085235293,-0.12890625,0.0859375,0.029972167685627937,0.030594129115343094,0.030150824185430743,0.0006219614297151566,0.0004433049299123505
smooth,3,2.582996495619735,-0.1328125,0.08203125,0.029110167175531387,0.029719727113842964,0.028679238297792082,0.0006095599383115768,0.0010404888160508823
smooth,3,2.586801552958939,-0.12890625,0.08203125,0.03009212017059326,0.029490085318684578,0.030411394587682005,0.0006020348519086838,0.0009213092689974271
smooth,3,2.6005447679201503,-0.1328125,0.078125,0.028812753036618233,0.028664935380220413,0.029312996758732526,0.00014781765639781952,0.0006480613785121124
smooth,3,2.604857324322819,-0.12890625,0.078125,0.029115036129951477,0.0284069012850523,0.03037966640686018,0.0007081348448991776,0.001972765121807881
smooth,3,2.6180022109569605,-0.1328125,0.07421875,0.027325231581926346,0.027620859444141388,0.02839429129411013,0.0002956278622150421,0.0007734318499687427
smooth,3,2.6227998229619507,-0.12890625,0.07421875,0.02701062709093094,0.027333516627550125,0.02609434921202091,0.0003228895366191864,0.0012391674155292146
smooth,3,2.640644666477445,-0.12890625,0.0703125,0.02532179094851017,0.026257481426000595,0.024111633398706835,0.0009356904774904251,0.00214584802729376
smooth,3,2.646196619156744,-0.125,0.0703125,0.02573685348033905,0.02591896429657936,0.02399442562870653,0.00018211081624031067,0.00192453866787283
smooth,3,2.658411980603405,-0.12890625,0.06640625,0.024838730692863464,0.025164691731333733,0.025797217217736215,0.00032596103847026825,0.0006325254864024826
smooth,3,2.6644259340046745,-0.125,0.06640625,0.02579665556550026,0.024787377566099167,0.028076427088994344,0.0010092779994010925,0.0032890495228951773
smooth,3,2.67612651107023,-0.12890625,0.0625,0.023689761757850647,0.02403896301984787,0.026427064627209573,0.0003492012619972229,0.0023881016073617027
smooth,3,2.682587516388093,-0.125,0.0625,0.023670246824622154,0.023616084828972816,0.022548346127056033,5.416199564933777e-05,0.0010677387019167837
smooth,3,2.700714871472069,-0.125,0.05859375,0.02160852961242199,0.022383730858564377,0.020238406953549386,0.0007752012461423874,0.002145323905014991
smooth,3,2.70795088764931,-0.12109375,0.05859375,0.022320998832583427,0.02186916023492813,0.020344617728936608,0.0004518385976552963,0.0015245425059915232
smooth,3,2.718847409394749,-0.125,0.0546875,0.020603841170668602,0.021064843982458115,0.023703555205730586,0.00046100281178951263,0.002638711223272472
smooth,3,2.726519808522491,-0.12109375,0.0546875,0.021225349977612495,0.02047441154718399,0.023790114278483376,0.0007509384304285049,0.003315702731299386
smooth,3,2.7370316466396893,-0.125,0.05078125,0.018303049728274345,0.019628392532467842,0.0211381641842847,0.0013253428041934967,0.0015097716518168575
smooth,3,2.7451366535777195,-0.12109375,0.05078125,0.01864057593047619,0.018943121656775475,0.0162399674839748,0.0003025457262992859,0.002703154172800676
smooth,3,2.7638619918261624,-0.12109375,0.046875,0.016484426334500313,0.017230670899152756,0.0187760044244216,0.0007462445646524429,0.0015453335252688452
smooth,3,2.772768586519303,-0.1171875,0.046875,0.017130406573414803,0.016342613846063614,0.01949623284232489,0.0007877927273511887,0.0031536189962612753
smooth,3,2.7827687686866205,-0.12109375,0.04296875,0.013810881413519382,0.015279763378202915,0.01751091215455277,0.0014688819646835327,0.0022311487763498547
smooth,3,2.7921181964918493,-0.1171875,0.04296875,0.014179021120071411,0.014215701259672642,0.012567395783725314,3.668013960123062e-05,0.0016483054759473276
smooth,3,2.8117518284129597,-0.1171875,0.0390625,0.010757368057966232,0.011723380535840988,0.012976204269285372,0.0009660124778747559,0.0012528237334443835
smooth,3,2.82191982699724,-0.11328125,0.0390625,0.011183984577655792,0.010273382067680359,0.013093584947007027,0.0009106025099754333,0.002820202879326668
smooth,3,2.8317912326173693,-0.1171875,0.03515625,0.006620875559747219,0.008745369501411915,0.010258668670296832,0.0021244939416646957,0.0015132991688849174
smooth,3,2.84242585447764,-0.11328125,0.03515625,0.006740267854183912,0.006950923707336187,0.006174651136118054,0.00021065585315227509,0.0007762725712181333
smooth,3,2.863522417819256,-0.11328125,0.03125,0.0013013603165745735,0.0028626229614019394,0.0037981442207214748,0.0015612626448273659,0.0009355212593195354
smooth,3,2.8749451249123044,-0.109375,0.03125,0.0012614872539415956,0.00030846521258354187,0.0034868209541613197,0.0009530220413580537,0.003178355741577778
smooth,3,2.8854343965708984,-0.11328125,0.02734375,-0.005820706021040678,-0.0022800627630203962,-0.002201569723871806,0.003540643258020282,7.849303914859041e-05
smooth,3,2.897340870072029,-0.109375,0.02734375,-0.006239748559892178,-0.005532810464501381,-0.005786892825974412,0.0007069380953907967,0.0002540823614730313
smooth,3,2.920894507400041,-0.109375,0.0234375,-0.016043903306126595,-0.013101632706820965,-0.013070621177599,0.0029422705993056297,3.1011529221964054e-05
smooth,3,2.933363217593269,-0.10546875,0.0234375,-0.01685911975800991,-0.017805956304073334,-0.014222452312157866,0.0009468365460634232,0.003583503991915468
smooth,3,2.9460706524543165,-0.109375,0.01953125,-0.028836552053689957,-0.023160669952630997,-0.026235881021440415,0.00567588210105896,0.003075211068809418
smooth,3,2.958900375599994,-0.10546875,0.01953125,-0.03062097541987896,-0.029187345877289772,-0.029028668510164283,0.0014336295425891876,0.00015867736712548916
smooth,3,2.986657158431202,-0.10546875,0.015625,-0.048010777682065964,-0.04452214017510414,-0.046223842821622854,0.0034886375069618225,0.001701702646518713
smooth,3,2.999073062533112,-0.1015625,0.015625,-0.05190581455826759,-0.052419666200876236,-0.04809995583533344,0.0005138516426086426,0.004319710365542795
smooth,3,3.017580976371128,-0.10546875,0.01171875,-0.06706906855106354,-0.06529558449983597,-0.0703714079548876,0.0017734840512275696,0.0050758234550516285
smooth,3,3.0294002329401515,-0.1015625,0.01171875,-0.07519833743572235,-0.07409333437681198,-0.07269207531769063,0.0011050030589103699,0.0014012590591213486
smooth,3,3.063177806901068,-0.1015625,0.0078125,-0.09678936749696732,-0.1002270057797432,-0.10048641714452866,0.003437638282775879,0.0002594113647854668
smooth,3,3.0716473540515508,-0.09765625,0.0078125,-0.11025390028953552,-0.10656771063804626,-0.10158914331888863,0.003686189651489258,0.004978567319157634
smooth,3,3.1008842995471677,-0.1015625,0.00390625,-0.11478898674249649,-0.12539687752723694,-0.1254900624663057,0.010607890784740448,9.318493906876335e-05
smooth,3,3.105803189533979,-0.09765625,0.00390625,-0.13126462697982788,-0.1278567910194397,-0.12493904559789092,0.0034078359603881836,0.0029177454215487814
smooth,3,3.141592653589793,-0.1015625,0.0,-0.12276364117860794,-0.13671875,-0.13603848218917847,0.01395510882139206,0.0006802678108215332
smooth,3,3.141592653589793,-0.09765625,0.0,-0.14000284671783447,-0.13671875,-0.13458895482735403,0.0032840967178344727,0.0021297951726459707
smooth,3,3.177382117645607,-0.09765625,-0.00390625,-0.13167805969715118,-0.1278567910194397,-0.12493904559789092,0.003821268677711487,0.0029177454215487814
smooth,3,3.182301007632419,-0.1015625,-0.00390625,-0.11553272604942322,-0.12539687752723694,-0.1254900624663057,0.00986415147781372,9.318493906876335e-05
smooth,3,3.211537953128036,-0.09765625,-0.0078125,-0.11098859459161758,-0.10656771063804626,-0.10158914331888863,0.00442088395357132,0.004978567319157634
smooth,3,3.2200075002785185,-0.1015625,-0.0078125,-0.09768753498792648,-0.1002270057797432,-0.10048641714452866,0.0025394707918167114,0.0002594113647854668
smooth,3,3.253785074239435,-0.1015625,-0.01171875,-0.07432806491851807,-0.07409333437681198,-0.07269207531769063,0.0002347305417060852,0.0014012590591213486
smooth,3,3.265604330808458,-0.10546875,-0.01171875,-0.06721485406160355,-0.06529558449983597,-0.0703714079548876,0.0019192695617675781,0.0050758234550516285
smooth,3,3.2841122446464746,-0.1015625,-0.015625,-0.051128700375556946,-0.052419666200876236,-0.04809995583533344,0.0012909658253192902,0.004319710365542795
smooth,3,3.296528148748384,-0.10546875,-0.015625,-0.04775888845324516,-0.04452214017510414,-0.046223842821622854,0.0032367482781410217,0.001701702646518713
smooth,3,3.3242849315795926,-0.10546875,-0.01953125,-0.03049493208527565,-0.029187345877289772,-0.029028668510164283,0.001307586207985878,0.00015867736712548916
smooth,3,3.3371146547252697,-0.109375,-0.01953125,-0.028535807505249977,-0.023160669952630997,-0.026235881021440415,0.00537513755261898,0.003075211068809418
smooth,3,3.349822089586317,-0.10546875,-0.0234375,-0.016758209094405174,-0.017805956304073334,-0.014222452312157866,0.0010477472096681595,0.003583503991915468
smooth,3,3.3622907997795455,-0.109375,-0.0234375,-0.01600559428334236,-0.013101632706820965,-0.013070621177599,0.0029039615765213966,3.1011529221964054e-05
smooth,3,3.3858444371075573,-0.109375,-0.02734375,-0.006203184835612774,-0.005532810464501381,-0.005786892825974412,0.000670374371111393,0.0002540823614730313
smooth,3,3.397750910608688,-0.11328125,-0.02734375,-0.005758280865848064,-0.0022800627630203962,-0.002201569723871806,0.003478218102827668,7.849303914859041e-05
smooth,3,3.4082401822672823,-0.109375,-0.03125,0.0013127970742061734,0.00030846521258354187,0.0034868209541613197,0.0010043318616226315,0.003178355741577778
smooth,3,3.419662889360331,-0.11328125,-0.03125,0.0012612248538061976,0.0028626229614019394,0.0037981442207214748,0.0016013981075957417,0.0009355212593195354
smooth,3,3.440759452701946,-0.11328125,-0.03515625,0.006730424240231514,0.006950923707336187,0.006174651136118054,0.00022049946710467339,0.0007762725712181333
smooth,3,3.451394074562217,-0.1171875,-0.03515625,0.006647156551480293,0.008745369501411915,0.010258668670296832,0.0020982129499316216,0.0015132991688849174
smooth,3,3.461265480182347,-0.11328125,-0.0390625,0.011211130768060684,0.010273382067680359,0.013093584947007027,0.0009377487003803253,0.002820202879326668
smooth,3,3.471433478766627,-0.1171875,-0.0390625,0.010670631192624569,0.011723380535840988,0.012976204269285372,0.0010527493432164192,0.0012528237334443835
smooth,3,3.4910671106877373,-0.1171875,-0.04296875,0.014140792191028595,0.014215701259672642,0.012567395783725314,7.490906864404678e-05,0.0016483054759473276
smooth,3,3.500416538492966,-0.12109375,-0.04296875,0.013839262537658215,0.015279763378202915,0.01751091215455277,0.0014405008405447006,0.0022311487763498547
smooth,3,3.5104167206602837,-0.1171875,-0.046875,0.01716170646250248,0.016342613846063614,0.01949623284232489,0.0008190926164388657,0.0031536189962612753
smooth,3,3.519323315353424,-0.12109375,-0.046875,0.01638651452958584,0.017230670899152756,0.0187760044244216,0.0008441563695669174,0.0015453335252688452
smooth,3,3.538048653601867,-0.12109375,-0.05078125,0.01857241615653038,0.018943121656775475,0.0162399674839748,0.0003707055002450943,0.002703154172800676
smooth,3,3.5461536605398973,-0.125,-0.05078125,0.01834469474852085,0.019628392532467842,0.0211381641842847,0.001283697783946991,0.0015097716518168575
smooth,3,3.556665498657096,-0.12109375,-0.0546875,0.021305423229932785,0.02047441154718399,0.023790114278483376,0.0008310116827487946,0.003315702731299386
smooth,3,3.5643378977848377,-0.125,-0.0546875,0.020554427057504654,0.021064843982458115,0.023703555205730586,0.0005104169249534607,0.002638711223272472
smooth,3,3.5752344195302768,-0.12109375,-0.05859375,0.022496312856674194,0.02186916023492813,0.020344617728936608,0.0006271526217460632,0.0015245425059915232
smooth,3,3.5824704357075174,-0.125,-0.05859375,0.02147550880908966,0.022383730858564377,0.020238406953549386,0.0009082220494747162,0.002145323905014991
smooth,3,3.600597790791494,-0.125,-0.0625,0.023733891546726227,0.023616084828972816,0.022548346127056033,0.00011780671775341034,0.0010677387019167837
smooth,3,3.607058796109356,-0.12890625,-0.0625,0.023497119545936584,0.02403896301984787,0.026427064627209573,0.0005418434739112854,0.0023881016073617027
smooth,3,3.618759373174912,-0.125,-0.06640625,0.02589600160717964,0.024787377566099167,0.028076427088994344,0.0011086240410804749,0.0032890495228951773
smooth,3,3.624773326576182,-0.12890625,-0.06640625,0.02476229891180992,0.025164691731333733,0.025797217217736215,0.00040239281952381134,0.0006325254864024826
smooth,3,3.636988688022843,-0.125,-0.0703125,0.026229431852698326,0.02591896429657936,0.02399442562870653,0.00031046755611896515,0.00192453866787283
smooth,3,3.642540640702142,-0.12890625,-0.0703125,0.025235755369067192,0.026257481426000595,0.024111633398706835,0.001021726056933403,0.00214584802729376
smooth,3,3.660385484217635,-0.12890625,-0.07421875,0.027072053402662277,0.027333516627550125,0.02609434921202091,0.0002614632248878479,0.0012391674155292146
smooth,3,3.6651830962226257,-0.1328125,-0.07421875,0.027187058702111244,0.027620859444141388,0.02839429129411013,0.00043380074203014374,0.0007734318499687427
smooth,3,3.678327982856768,-0.12890625,-0.078125,0.029329169541597366,0.0284069012850523,0.03037966640686018,0.0009222682565450668,0.001972765121807881
smooth,3,3.682640539259437,-0.1328125,-0.078125,0.028650622814893723,0.028664935380220413,0.029312996758732526,1.4312565326690674e-05,0.0006480613785121124
smooth,3,3.6963837542206472,-0.12890625,-0.08203125,0.030000850558280945,0.029490085318684578,0.030411394587682005,0.0005107652395963669,0.0009213092689974271
smooth,3,3.700188811559851,-0.1328125,-0.08203125,0.029049895703792572,0.029719727113842964,0.028679238297792082,0.0006698314100503922,0.0010404888160508823
smooth,3,3.714563798656058,-0.12890625,-0.0859375,0.03025173395872116,0.030594129115343094,0.030150824185430743,0.000342395156621933,0.0004433049299123505
smooth,3,3.7178362287935456,-0.1328125,-0.0859375,0.03000534325838089,0.030795006081461906,0.02959427216143569,0.0007896628230810165,0.0012007339200262174
smooth,3,3.735586445373461,-0.1328125,-0.08984375,0.031476087868213654,0.03189937770366669,0.03137613901985922,0.00042328983545303345,0.0005232386838074643
smooth,3,3.7381311847520906,-0.13671875,-0.08984375,0.03142286092042923,0.032060008496046066,0.03119757704080339,0.0006371475756168365,0.0008624314552426772
smooth,3,3.7534380731892494,-0.1328125,-0.09375,0.033023327589035034,0.03304031491279602,0.03308479952591486,1.6987323760986328e-05,4.4484613118837835e-05
smooth,3,3.7554243793235216,-0.13671875,-0.09375,0.03283451497554779,0.03316941857337952,0.03221442641216172,0.0003349035978317261,0.0009549921612177978
smooth,3,3.7713841839440985,-0.1328125,-0.09765625,0.03434133157134056,0.03422408550977707,0.03450595340207675,0.00011724606156349182,0.0002818678922996837
smooth,3,3.772785709354413,-0.13671875,-0.09765625,0.034115832298994064,0.03431824594736099,0.033182437058418925,0.0002024136483669281,0.0011358088889420678
smooth,3,3.789411727846149,-0.1328125,-0.1015625,0.035515397787094116,0.035455599427223206,0.0357815954566449,5.9798359870910645e-05,0.00032599602942169625
smooth,3,3.790201817767165,-0.13671875,-0.1015625,0.03538249805569649,0.03551061451435089,0.0343516033586289,0.0001281164586544037,0.0011590111557219923
smooth,3,3.807500915569881,-0.1328125,-0.10546875,0.036655493080616,0.03673819079995155,0.03700578811312857,8.269771933555603e-05,0.00026759731317701346
smooth,3,3.807653479518177,-0.13671875,-0.10546875,0.03663768246769905,0.036749217659235,0.035427764105115084,0.00011153519153594971,0.0013214535541199168
smooth,3,3.825115222640166,-0.13671875,-0.109375,0.037919335067272186,0.03803509101271629,0.03651964988994153,0.00011575594544410706,0.001515441122774762
smooth,3,3.825624630020057,-0.1328125,-0.109375,0.037907592952251434,0.03807331994175911,0.03835639476749261,0.00016572698950767517,0.0002830748257335036
smooth,3,3.842555068041328,-0.13671875,-0.11328125,0.039299771189689636,0.039367370307445526,0.037777993208640094,6.759911775588989e-05,0.001589377098805432
smooth,3,3.843747957572711,-0.1328125,-0.11328125,0.03931985795497894,0.03946026414632797,0.03979451077445681,0.00014040619134902954,0.000334246628128837
smooth,3,3.8599344713344994,-0.13671875,-0.1171875,0.04073714464902878,0.04074304550886154,0.03922115797415929,5.900859832763672e-06,0.0015218875347022542
smooth,3,3.861827951383386,-0.1328125,-0.1171875,0.040842052549123764,0.04089578613638878,0.041301698121742676,5.373358726501465e-05,0.00040591198535389755
smooth,3,3.877208556528628,-0.13671875,-0.12109375,0.042109109461307526,0.042156774550676346,0.04067522875284898,4.766508936882019e-05,0.0014815457978273674
smooth,3,3.8798137555639856,-0.1328125,-0.12109375,0.04230089858174324,0.04237385466694832,0.0428111333587792,7.295608520507812e-05,0.0004372786918308835
smooth,3,3.897647219389336,-0.1328125,-0.125,0.04361142963171005,0.04388551041483879,0.0440815887697123,0.0002740807831287384,0.0001960783548735079
smooth,3,3.9012688099471577,-0.12890625,-0.125,0.04358714446425438,0.044197678565979004,0.04550155345276102,0.0006105341017246246,0.0013038748867820193
smooth,3,3.9152641052755,-0.1328125,-0.12890625,0.04508841037750244,0.045418884605169296,0.04425699036880803,0.00033047422766685486,0.0011618942363612675
smooth,3,3.919666809424287,-0.12890625,-0.12890625,0.0455186665058136,0.04580754041671753,0.04696774371646706,0.00028887391090393066,0.0011602032997495293
smooth,3,3.9325959360583527,-0.1328125,-0.1328125,0.04721284285187721,0.04695950448513031,0.04570054807109058,0.00025333836674690247,0.0012589564140397316
smooth,3,3.9377626357043463,-0.12890625,-0.1328125,0.04746194928884506,0.04742366820573807,0.048616856543467604,3.828108310699463e-05,0.0011931883377295366
smooth,3,3.9495724362924904,-0.1328125,-0.13671875,0.048599567264318466,0.04849086329340935,0.04702389549344421,0.00010870397090911865,0.0014669677999651354
smooth,3,3.955472785435453,-0.12890625,-0.13671875,0.04880773276090622,0.049026429653167725,0.0495923672389886,0.00021869689226150513,0.0005659375858208734
smooth,3,3.9727149911943234,-0.12890625,-0.140625,0.05070418491959572,0.05059488117694855,0.05011679024599807,0.00010930374264717102,0.0004780909309504769
smooth,3,3.979961376046961,-0.125,-0.140625,0.05090717226266861,0.05125312879681587,0.05288072217741278,0.0003459565341472626,0.0016275933805969048
smooth,3,3.989412304395013,-0.12890625,-0.14453125,0.052736129611730576,0.05210815370082855,0.050733508265227725,0.0006279759109020233,0.001374645435600827
smooth,3,3.9973484118852194,-0.125,-0.14453125,0.052604757249355316,0.052821267396211624,0.053514510756558234,0.00021651014685630798,0.0006932433603466098
smooth,3,4.014043500059751,-0.125,-0.1484375,0.054562147706747055,0.05429879203438759,0.05390145313741975,0.00026335567235946655,0.00039733889696783736
smooth,3,4.023461642645809,-0.12109375,-0.1484375,0.054502323269844055,0.05511358380317688,0.05686255641778338,0.0006112605333328247,0.001748972614606499
smooth,3,4.029983337313213,-0.125,-0.15234375,0.05636250600218773,0.05566766858100891,0.054028281417581245,0.0006948374211788177,0.0016393871634276663
smooth,3,4.039947597861354,-0.12109375,-0.15234375,0.055967189371585846,0.05649533122777939,0.05689068535767665,0.0005281418561935425,0.00039535412989726015
smooth,3,4.055524421018128,-0.12109375,-0.15625,0.05851256847381592,0.0577344112098217,0.05668903581474652,0.0007781572639942169,0.001045375395075182
smooth,3,4.066955007874124,-0.1171875,-0.15625,0.05825391039252281,0.05859295278787613,0.05962699331208429,0.00033904239535331726,0.001034040524208163
smooth,3,4.081904623613957,-0.1171875,-0.16015625,0.06019748002290726,0.05963897705078125,0.05896294197279586,0.0005585029721260071,0.0006760350779853874
smooth,3,4.0947757219282925,-0.11328125,-0.16015625,0.059478987008333206,0.060459718108177185,0.0618527755820785,0.0009807310998439789,0.0013930574739013171
smooth,3,4.108807708187713,-0.11328125,-0.1640625,0.06177100911736488,0.061259351670742035,0.060684731808531955,0.0005116574466228485,0.0005746198622100795
smooth,3,4.1229991340924705,-0.109375,-0.1640625,0.060975272208452225,0.061956487596035004,0.06335664854377267,0.000981215387582779,0.0014001609477376636
smooth,3,4.13583226370701,-0.109375,-0.16796875,0.06305279582738876,0.062481965869665146,0.06169130450373092,0.0005708299577236176,0.0007906613659342254
smooth,3,4.151127523821166,-0.10546875,-0.16796875,0.062370434403419495,0.06296897679567337,0.06398687620328262,0.0005985423922538757,0.0010178994076092546
smooth,3,4.162533123831613,-0.10546875,-0.171875,0.06404008716344833,0.06322868168354034,0.06189045534331042,0.0008114054799079895,0.0013382263402299255
smooth,3,4.178642217106246,-0.1015625,-0.171875,0.06241264194250107,0.06343939155340195,0.06369049712212375,0.001026749610900879,0.0002511055687218072
smooth,3,4.188479989440667,-0.1015625,-0.17578125,0.06408308446407318,0.06347652524709702,0.06128663724951843,0.0006065592169761658,0.0021898879975785837
smooth,3,4.1958800651013295,-0.09765625,-0.171875,0.06251368671655655,0.0634584128856659,0.06524474364804625,0.0009447261691093445,0.001786330762380356
smooth,3,4.205081554127505,-0.09765625,-0.17578125,0.06381651014089584,0.06338086724281311,0.06252912436962346,0.00043564289808273315,0.0008517428731896481
smooth,3,4.222631767492448,-0.09375,-0.17578125,0.06209493800997734,0.0630660131573677,0.06347168683140685,0.0009710751473903656,0.00040567367403913923
smooth,3,4.230100598157042,-0.09375,-0.1796875,0.06332648545503616,0.06286703795194626,0.06065802482998945,0.0004594475030899048,0.0022090131219568085
smooth,3,4.241068137370369,-0.08984375,-0.17578125,0.061827097088098526,0.06250689178705215,0.06403907361904686,0.0006797946989536285,0.0015321818319947028
smooth,3,4.24763959623084,-0.08984375,-0.1796875,0.06280580163002014,0.06225356459617615,0.06103343623495507,0.0005522370338439941,0.0012201283612210748
smooth,3,4.260288322062282,-0.0859375,-0.17578125,0.060942765325307846,0.06169028952717781,0.06417813735485711,0.0007475242018699646,0.0024878478276793015
smooth,3,4.265840313438213,-0.0859375,-0.1796875,0.061943866312503815,0.06141294538974762,0.06104718198970388,0.0005309209227561951,0.0003657634000437393
smooth,3,4.284584727591822,-0.08203125,-0.1796875,0.05946908891201019,0.06035097688436508,0.06068348173198831,0.0008818879723548889,0.0003325048476232259
smooth,3,4.288516916131529,-0.08203125,-0.18359375,0.06019053980708122,0.060105226933956146,0.057750690073396324,8.53128731250763e-05,0.002354536860559822
smooth,3,4.303732981505288,-0.078125,-0.1796875,0.05850150063633919,0.059086769819259644,0.05996516205589008,0.0005852691829204559,0.0008783922366304361
smooth,3,4.306612236120935,-0.078125,-0.18359375,0.059376370161771774,0.05888279527425766,0.05704471501135111,0.0004935748875141144,0.0018380802629065496
smooth,3,4.323132375822632,-0.07421875,-0.1796875,0.0572565421462059,0.05765121057629585,0.058831250444001205,0.00039466843008995056,0.0011800398677053528
smooth,3,4.324933537890197,-0.07421875,-0.18359375,0.05787285417318344,0.057511139661073685,0.055936836824505794,0.00036171451210975647,0.001574302836567891
smooth,3,4.3426279874663125,-0.0703125,-0.1796875,0.05576698109507561,0.056083470582962036,0.05733732014451594,0.00031648948788642883,0.001253849561553902
smooth,3,4.343354167853173,-0.0703125,-0.18359375,0.05620906502008438,0.05602307245135307,0.05451794174172931,0.00018599256873130798,0.0015051307096237629
smooth,3,4.361752880810449,-0.06640625,-0.18359375,0.054549440741539,0.05445433408021927,0.05299127657785751,9.510666131973267e-05,0.00146305750236176
smooth,3,4.3620729489967855,-0.06640625,-0.1796875,0.054125137627124786,0.054426468908786774,0.055611328509242476,0.0003013312816619873,0.0011848596004557024
smooth,3,4.380019870329335,-0.0625,-0.18359375,0.05294341966509819,0.05284024775028229,0.051314715633918,0.00010317191481590271,0.0015255321163642893
smooth,3,4.3813366581000714,-0.0625,-0.1796875,0.05240045487880707,0.05272234231233597,0.05372264864430009,0.00032188743352890015,0.0010003063319641223
smooth,3,4.398060861686846,-0.05859375,-0.18359375,0.05143770948052406,0.05121304467320442,0.049582383134692536,0.0002246648073196411,0.0016306615385118864
smooth,3,4.400309936490336,-0.05859375,-0.1796875,0.05067024752497673,0.051008883863687515,0.051786327476521135,0.0003386363387107849,0.0007774436128336198
smooth,3,4.415799108244639,-0.0546875,-0.18359375,0.04955030977725983,0.049600064754486084,0.047835233351517854,4.9754977226257324e-05,0.0017648314029682297
smooth,3,4.418907039414633,-0.0546875,-0.1796875,0.048885151743888855,0.049317367374897,0.04968521868541375,0.0004322156310081482,0.00036785131051674663
smooth,3,4.433175549772374,-0.05078125,-0.18359375,0.0474730022251606,0.04802297055721283,0.04603112555119304,0.0005499683320522308,0.001991845006019788
smooth,3,4.437065078523839,-0.05078125,-0.1796875,0.047416359186172485,0.04767170920968056,0.047342223827463045,0.0002553500235080719,0.000329485382217512
smooth,3,4.454741718375965,-0.046875,-0.1796875,0.04563405364751816,0.046088747680187225,0.04506401447609797,0.0004546940326690674,0.0010247332040892523
smooth,3,4.459751327711868,-0.046875,-0.17578125,0.04568050429224968,0.04564506933093071,0.046671348003346456,3.5434961318969727e-05,0.0010262786724157466
smooth,3,4.47191199268939,-0.04296875,-0.1796875,0.04447169974446297,0.04457910731434822,0.043642564452847483,0.0001074075698852539,0.0009365428615007373
smooth,3,4.477581434391528,-0.04296875,-0.17578125,0.044022299349308014,0.04408803582191467,0.045092456937504244,6.573647260665894e-05,0.001004421115589571
smooth,3,4.488564896739841,-0.0390625,-0.1796875,0.04277457669377327,0.04314838722348213,0.0421101319343212,0.0003738105297088623,0.0010382552891609331
smooth,3,4.494814995447116,-0.0390625,-0.17578125,0.04225793480873108,0.04262099415063858,0.042146853019821295,0.0003630593419075012,0.00047414113081728493
smooth,3,4.511459927275454,-0.03515625,-0.17578125,0.040524255484342575,0.04124410077929497,0.04033326902968985,0.0007198452949523926,0.0009108317496051149
smooth,3,4.518736499298901,-0.03515625,-0.171875,0.04077492654323578,0.04065532609820366,0.0413096518797285,0.00011960044503211975,0.0006543257815248421
smooth,3,4.527532146018159,-0.03125,-0.17578125,0.03973684459924698,0.03995465114712715,0.03973118344695673,0.00021780654788017273,0.00022346770017041967
smooth,3,4.535257194412883,-0.03125,-0.171875,0.0392690971493721,0.03934933990240097,0.039319589214181036,8.024275302886963e-05,2.975068821993443e-05
smooth,3,4.55116708358405,-0.02734375,-0.171875,0.03759019821882248,0.03813259303569794,0.03746456486543968,0.0005423948168754578,0.0006680281702582599
smooth,3,4.559833656128479,-0.02734375,-0.16796875,0.037627529352903366,0.03748667240142822,0.03767650589193609,0.00014085695147514343,0.0001898334905078708
smooth,3,4.5664991696269155,-0.0234375,-0.171875,0.036573220044374466,0.03699789568781853,0.03713455514175787,0.0004246756434440613,0.00013665945393934176
smooth,3,4.575495145655224,-0.0234375,-0.16796875,0.036300092935562134,0.03634907305240631,0.036010622526981,4.8980116844177246e-05,0.00033845052542531145
smooth,3,4.590567954690628,-0.01953125,-0.16796875,0.034655943512916565,0.035289086401462555,0.03545452379516673,0.00063314288854599,0.00016543739370417782
smooth,3,4.6004117166055,-0.01953125,-0.1640625,0.03478347510099411,0.03461439535021782,0.03476917157826791,0.0001690797507762909,0.00015477622805008806
smooth,3,4.615170183108414,-0.015625,-0.1640625,0.033443327993154526,0.03362718224525452,0.033436628698453555,0.00018385425209999084,0.0001905535468009617
smooth,3,4.625823894925379,-0.015625,-0.16015625,0.03311312198638916,0.0329313725233078,0.03222751499574566,0.00018174946308135986,0.000703857527562142
smooth,3,4.629388526839507,-0.01171875,-0.1640625,0.032292257994413376,0.032701488584280014,0.03347752152237793,0.0004092305898666382,0.0007760329380979147
smooth,3,4.640229461864094,-0.01171875,-0.16015625,0.032013438642024994,0.03201068937778473,0.032028522366640645,2.7492642402648926e-06,1.7832988855916165e-05
smooth,3,4.654112852372409,-0.0078125,-0.16015625,0.03096877597272396,0.03114253468811512,0.03215743250496788,0.00017375871539115906,0.0010148978168527598
smooth,3,4.6656857192719166,-0.0078125,-0.15625,0.030629858374595642,0.030430832877755165,0.030484677706521027,0.000199025496840477,5.38448287658623e-05
smooth,3,4.6792200372340345,-0.00390625,-0.15625,0.029164282605051994,0.029609298333525658,0.030711498795251507,0.00044501572847366333,0.0011022004617258496
smooth,3,4.691497749262229,-0.00390625,-0.15234375,0.029140690341591835,0.028871113434433937,0.028841528805366997,0.00026957690715789795,2.9584629066940066e-05
smooth,3,4.704682592893983,0.0,-0.15234375,0.027623366564512253,0.028082232922315598,0.02926025425907268,0.0004588663578033447,0.0011780213367570819
smooth,3,4.717644990777777,0.0,-0.1484375,0.02763260342180729,0.027306532487273216,0.027266579558295874,0.0003260709345340729,3.995292897734232e-05
smooth,3,4.730493006921369,0.00390625,-0.1484375,0.02606111578643322,0.02653314545750618,0.027842387638107778,0.0004720296710729599,0.0013092421806015983
smooth,3,4.744129062662587,0.00390625,-0.14453125,0.025991367176175117,0.02570200338959694,0.025871219706732534,0.0002893637865781784,0.00016921631713559537
smooth,3,4.756665655204671,0.0078125,-0.14453125,0.024354180321097374,0.02492312155663967,0.026461489770621124,0.0005689412355422974,0.0015383682139814524
smooth,3,4.770975651025418,0.0078125,-0.140625,0.02418649196624756,0.02400948666036129,0.024796171331994757,0.00017700530588626862,0.0007866846716334669
smooth,3,4.783239428930175,0.01171875,-0.140625,0.022519851103425026,0.02319895476102829,0.025163421405666554,0.0006791036576032639,0.0019644666446382644
smooth,3,4.798237444173696,0.01171875,-0.13671875,0.022116415202617645,0.02216310054063797,0.02310749233007723,4.668533802032471e-05,0.0009443917894392598
smooth,3,4.810281845665942,0.015625,-0.13671875,0.020117558538913727,0.021287156268954277,0.02353113426608352,0.0011695977300405502,0.0022439779971292415
smooth,3,4.813872608025308,0.01171875,-0.1328125,0.021378464996814728,0.021017147228121758,0.019397489792374985,0.0003613177686929703,0.001619657435746772
smooth,3,4.825999012676587,0.015625,-0.1328125,0.019847791641950607,0.02007089927792549,0.020699918354665024,0.00022310763597488403,0.0006290190767395329
smooth,3,4.8423774472919945,0.015625,-0.12890625,0.019336018711328506,0.01869504526257515,0.019890751503864327,0.0006409734487533569,0.0011957062412891774
smooth,3,4.854384965098049,0.01953125,-0.12890625,0.01699640415608883,0.01760106347501278,0.019868359518245404,0.0006046593189239502,0.0022672960432326243
smooth,3,4.871569049977544,0.01953125,-0.125,0.01585371419787407,0.0158834308385849,0.015444069369928943,2.971664071083069e-05,0.000439361468655957
smooth,3,4.883573604837353,0.0234375,-0.125,0.013122573494911194,0.014558078721165657,0.017491981769866837,0.0014355052262544632,0.00293390304870118
smooth,3,4.889466757977145,0.01953125,-0.12109375,0.014652049168944359,0.013864154927432537,0.01356842492436598,0.0007878942415118217,0.0002957300030665567
smooth,3,4.9016577944127535,0.0234375,-0.12109375,0.011928168125450611,0.012327012605965137,0.011348941025853694,0.00039884448051452637,0.0009780715801114438
smooth,3,4.9205000392490525,0.0234375,-0.1171875,0.010441510938107967,0.00964080449193716,0.012384294311448265,0.0008007064461708069,0.002743489819511105
smooth,3,4.932943961785343,0.02734375,-0.1171875,0.006322344299405813,0.007624013349413872,0.009333711598934232,0.0013016690500080585,0.00170969824952036
smooth,3,4.952883073339714,0.02734375,-0.11328125,0.003644318087026477,0.003908244427293539,0.0030229886511927997,0.0002639263402670622,0.0008852557761007394
smooth,3,4.96586725792307,0.03125,-0.11328125,-0.0013790379744023085,0.0011129039339721203,0.0029001464494693508,0.0024919419083744287,0.0017872425154972305
smooth,3,4.973622712224831,0.02734375,-0.109375,0.0007057043840177357,-0.0007187881274148822,0.0014770018288271169,0.001424492511432618,0.002195789956241999
smooth,3,4.987122117279135,0.03125,-0.109375,-0.0055861142463982105,-0.004230411723256111,-0.004500093463787055,0.0013557025231420994,0.00026968174053094377
smooth,3,5.009207586084856,0.03125,-0.10546875,-0.010715694166719913,-0.010990300215780735,-0.010224805850854645,0.00027460604906082153,0.0007654943649260896
smooth,3,5.023981147553667,0.03515625,-0.10546875,-0.019422978162765503,-0.01632552221417427,-0.01678762473899328,0.0030974559485912323,0.0004621025248190101
smooth,3,5.047672923940715,0.03515625,-0.1015625,-0.02747747115790844,-0.026466716080904007,-0.02612840613425865,0.0010107550770044327,0.00033830994664535777
smooth,3,5.064650087478932,0.0390625,-0.1015625,-0.04042588546872139,-0.0350724533200264,-0.03912593970516797,0.005353432148694992,0.004053486385141573
smooth,3,5.071860928857503,0.03515625,-0.09765625,-0.03736945241689682,-0.039087653160095215,-0.036048412456474645,0.0017182007431983948,0.00303924070362057
smooth,3,5.090178756417376,0.0390625,-0.09765625,-0.05195368453860283,-0.05026628077030182,-0.05102986439456451,0.0016874037683010101,0.0007635836242626884
smooth,3,5.115605371902603,0.0390625,-0.09375,-0.06812462955713272,-0.0679563581943512,-0.06496267998132445,0.00016827136278152466,0.0029936782130267486
smooth,3,5.138086393925867,0.04296875,-0.09375,-0.08510126173496246,-0.08511511981487274,-0.08667925897946348,1.385807991027832e-05,0.001564139164590736
smooth,3,5.163582830997381,0.04296875,-0.08984375,-0.10518793761730194,-0.10475172102451324,-0.10196188831330884,0.0004362165927886963,0.002789832711204407
smooth,3,5.191526910868464,0.046875,-0.08984375,-0.11549974232912064,-0.12335564941167831,-0.12301027023956894,0.007855907082557678,0.0003453791721093752
smooth,3,5.2139767737988825,0.046875,-0.0859375,-0.13864532113075256,-0.13327473402023315,-0.13083074683170395,0.005370587110519409,0.002443987188529201
smooth,3,5.225370351200323,0.05078125,-0.08984375,-0.11694087833166122,-0.13590702414512634,-0.13529277753054178,0.01896614581346512,0.0006142466145845626
smooth,3,5.246005620524236,0.05078125,-0.0859375,-0.1326809674501419,-0.1359957903623581,-0.1345226877741026,0.0033148229122161865,0.0014731025882555038
smooth,3,5.281912776871247,0.0546875,-0.0859375,-0.11415436863899231,-0.12252300977706909,-0.12301673876181353,0.008368641138076782,0.0004937289847444376
smooth,3,5.294621487928679,0.0546875,-0.08203125,-0.11557905375957489,-0.11455079168081284,-0.11159934477259323,0.0010282620787620544,0.002951446908219607
smooth,3,5.319425160299595,0.05859375,-0.0859375,-0.0932762622833252,-0.09637364000082016,-0.10045544551796244,0.0030973777174949646,0.004081805517142281
smooth,3,5.328264109911991,0.05859375,-0.08203125,-0.0906701311469078,-0.08950377255678177,-0.08778780701194526,0.0011663585901260376,0.001715965544836509
smooth,3,5.355873465348459,0.0625,-0.0859375,-0.07113559544086456,-0.06832350045442581,-0.07500220495079071,0.0028120949864387512,0.006678704496364901
smooth,3,5.361521338533295,0.0625,-0.08203125,-0.06550145894289017,-0.06419184058904648,-0.0639320357184951,0.001309618353843689,0.00025980487055138335
smooth,3,5.393351509634324,0.06640625,-0.08203125,-0.044526997953653336,-0.04305195435881615,-0.04374894841777833,0.0014750435948371887,0.0006969940589621818
smooth,3,5.396527315438615,0.06640625,-0.078125,-0.03813164308667183,-0.04116646200418472,-0.036106165799728654,0.0030348189175128937,0.005060296204456069
smooth,3,5.423388656525032,0.0703125,-0.08203125,-0.028601238504052162,-0.02690039947628975,-0.027914666729395413,0.001700839027762413,0.0010142672531056642
smooth,3,5.42544116242821,0.0703125,-0.078125,-0.022963164374232292,-0.02593102678656578,-0.0220857439214834,0.0029678624123334885,0.003845282865082379
smooth,3,5.451663738049818,0.07421875,-0.08203125,-0.016663571819663048,-0.014933961443603039,-0.01598278220134663,0.001729610376060009,0.0010488207577435925
smooth,3,5.453062069987151,0.07421875,-0.078125,-0.012166543863713741,-0.014415498822927475,-0.011525394889196301,0.0022489549592137337,0.0028901039337311737
smooth,3,5.478360019924693,0.078125,-0.08203125,-0.0076523940078914165,-0.006079223472625017,-0.007068708047771711,0.0015731705352663994,0.0009894845751466938
smooth,3,5.4794292133475535,0.078125,-0.078125,-0.004018138628453016,-0.0057672434486448765,-0.0035481095276945233,0.0017491048201918602,0.002219133920950353
smooth,3,5.503690043324492,0.08203125,-0.08203125,-0.0008083904976956546,0.0005554415984079242,-0.00037405357624887387,0.0013638320961035788,0.000929495174656798
smooth,3,5.504649564934919,0.08203125,-0.078125,0.0021804210264235735,0.00077808927744627,0.0025416364646682543,0.0014023317489773035,0.0017635471872219843
smooth,3,5.527848993118028,0.0859375,-0.08203125,0.004418642725795507,0.005619782023131847,0.004723939483041223,0.00120113929733634,0.0008958425400906241
smooth,3,5.528847022143314,0.0859375,-0.078125,0.006960729137063026,0.005806648638099432,0.007246304340379699,0.0011540804989635944,0.0014396557022802667
smooth,3,5.5510020362999555,0.08984375,-0.08203125,0.008505987003445625,0.009567859582602978,0.008697876818860481,0.0010618725791573524,0.0008699827637424964
smooth,3,5.552139778816451,0.08984375,-0.078125,0.010709710419178009,0.00974267814308405,0.010964878206261833,0.0009670322760939598,0.0012222000631777839
smooth,3,5.5732843170552835,0.09375,-0.08203125,0.01180248986929655,0.012714422307908535,0.011888079789326792,0.0009119324386119843,0.0008263425185817425
smooth,3,5.574632002891662,0.09375,-0.078125,0.01374753937125206,0.012887494638562202,0.014003511099343464,0.0008600447326898575,0.0011160164607812613
smooth,3,5.5948048109770525,0.09765625,-0.08203125,0.014579983428120613,0.0152790118008852,0.014636903085135669,0.0006990283727645874,0.0006421087157495314
smooth,3,5.596411971508643,0.09765625,-0.078125,0.01630900241434574,0.015454856678843498,0.016722868141356623,0.000854145735502243,0.0012680114625131245
smooth,3,5.615650778790695,0.1015625,-0.08203125,0.016838476061820984,0.01741664856672287,0.017198365866836363,0.000578172504901886,0.0002182826998865066
smooth,3,5.617552829223478,0.1015625,-0.078125,0.01826164498925209,0.01759749837219715,0.018873509207237217,0.0006641466170549393,0.001276010835040066
smooth,3,5.635891759335745,0.10546875,-0.08203125,0.018445072695612907,0.019238393753767014,0.019053990916499813,0.0007933210581541061,0.0001844028372672002
smooth,3,5.638114232650701,0.10546875,-0.078125,0.019584113731980324,0.01942574605345726,0.019340604924100443,0.00015836767852306366,8.514112935681731e-05
smooth,3,5.655582860126807,0.109375,-0.08203125,0.019672559574246407,0.02082499861717224,0.020249419218255627,0.0011524390429258347,0.0005755793989166147
smooth,3,5.658144144821774,0.109375,-0.078125,0.02070179395377636,0.021020274609327316,0.02021528738826167,0.0003184806555509567,0.000804987221065645
smooth,3,5.6747673835377945,0.11328125,-0.08203125,0.02075681835412979,0.02223600447177887,0.021535942449997347,0.0014791861176490784,0.0007000620217815223
smooth,3,5.677680497409017,0.11328125,-0.078125,0.021764295175671577,0.022440798580646515,0.021611154679184515,0.0006765034049749374,0.0008296439014620002
smooth,3,5.696752638145828,0.1171875,-0.078125,0.022944912314414978,0.023732014000415802,0.022698273431969118,0.000787101686000824,0.0010337405684466838
smooth,3,5.700173541115094,0.1171875,-0.07421875,0.024263333529233932,0.023955753073096275,0.023617864441764825,0.00030758045613765717,0.0003378886313314504
smooth,3,5.715382564224544,0.12109375,-0.078125,0.02455742284655571,0.024927690625190735,0.024831548905191347,0.000370267778635025,9.614171999938748e-05
smooth,3,5.719193052974678,0.12109375,-0.07421875,0.026036376133561134,0.025166228413581848,0.027274855973224477,0.0008701477199792862,0.002108627559642629
smooth,3,5.73358597236649,0.125,-0.078125,0.025670306757092476,0.02605351246893406,0.02744295396387974,0.00038320571184158325,0.0013894414949456799
smooth,3,5.737788911960698,0.125,-0.07421875,0.026853220537304878,0.026309307664632797,0.0273253859218317,0.000543912872672081,0.0010160782571989012
smooth,3,5.7513731653302465,0.12890625,-0.078125,0.026303570717573166,0.02712908200919628,0.026155300888174495,0.0008255112916231155,0.0009737811210217863
smooth,3,5.7559683539073125,0.12890625,-0.07421875,0.02735799551010132,0.027404703199863434,0.026162683499766234,4.670768976211548e-05,0.0012420197000971994
smooth,3,5.773734145298895,0.1328125,-0.07421875,0.028302766382694244,0.028467373922467232,0.029337903452918923,0.00016460753977298737,0.0008705295304516913
smooth,3,5.778986787624907,0.1328125,-0.0703125,0.029239250347018242,0.028781775385141373,0.029071085492765335,0.0004574749618768692,0.0002893101076239628
smooth,3,5.791085237614327,0.13671875,-0.07421875,0.028636455535888672,0.029508553445339203,0.029817417926917344,0.000872097909450531,0.0003088644815781409
smooth,3,5.7967482710465426,0.13671875,-0.0703125,0.02984529174864292,0.02985064871609211,0.02886845115952508,5.356967449188232e-06,0.0009821975565670292
smooth,3,5.808017414540853,0.140625,-0.07421875,0.029740119352936745,0.030536474660038948,0.028682116327870235,0.0007963553071022034,0.001854358332168713
smooth,3,5.814081208040437,0.140625,-0.0703125,0.03114241361618042,0.030908901244401932,0.0311858875471267,0.00023351237177848816,0.00027698630272476876
smooth,3,5.830975557482505,0.14453125,-0.0703125,0.032016247510910034,0.03196204826235771,0.034387166898400816,5.419924855232239e-05,0.002425118636043104
smooth,3,5.837812493609166,0.14453125,-0.06640625,0.03265002369880676,0.032395750284194946,0.031246952195062894,0.0002542734146118164,0.001148798089132052
smooth,3,5.847419454699798,0.1484375,-0.0703125,0.03199884667992592,0.0330134816467762,0.030450776242954107,0.0010146349668502808,0.0025627054038220923
smooth,3,5.854654709963711,0.1484375,-0.06640625,0.03348483890295029,0.03348562866449356,0.03306298372728005,7.897615432739258e-07,0.000422644937213508
smooth,3,5.863399944394629,0.15234375,-0.0703125,0.033472105860710144,0.034064821898937225,0.035122287340713175,0.0005927160382270813,0.0010574654417759496
smooth,3,5.871011624578901,0.15234375,-0.06640625,0.034688644111156464,0.03457694128155708,0.03683507527478268,0.00011170282959938049,0.0022581339932255945
smooth,3,5.886866418121299,0.15625,-0.06640625,0.034930404275655746,0.03566914051771164,0.03419339089840222,0.0007387362420558929,0.0014757496193094216
smooth,3,5.895339221688044,0.15625,-0.0625,0.036399949342012405,0.03626764938235283,0.03633176601176142,0.00013229995965957642,6.41166294085907e-05
smooth,3,5.902203021222209,0.16015625,-0.06640625,0.03613319993019104,0.03676038235425949,0.0369624305942438,0.0006271824240684509,0.00020204823998430654
smooth,3,5.911017420731321,0.16015625,-0.0625,0.03746570274233818,0.037403736263513565,0.03859125349516172,6.196647882461548e-05,0.001187517231648158
smooth,3,5.926126924142122,0.1640625,-0.0625,0.038315556943416595,0.03853485733270645,0.038127352171147794,0.00021930038928985596,0.0004075051615586578
smooth,3,5.935855096028421,0.1640625,-0.05859375,0.03939715027809143,0.039282288402318954,0.03990125879776071,0.0001148618757724762,0.0006189703954417522
smooth,3,5.950657410492444,0.16796875,-0.05859375,0.04009068012237549,0.04044841229915619,0.0404841867515953,0.0003577321767807007,3.5774452439109317e-05
smooth,3,5.961353775359374,0.16796875,-0.0546875,0.0414678193628788,0.04131244495511055,0.04172936091941237,0.0001553744077682495,0.00041691596430182276
smooth,3,5.97574608380354,0.171875,-0.0546875,0.042417027056217194,0.04250241070985794,0.04260413577461805,8.538365364074707e-05,0.0001017250647601109
smooth,3,5.987449899510554,0.171875,-0.05078125,0.04318245127797127,0.043492093682289124,0.04440743176478853,0.00030964240431785583,0.0009153380824994048
smooth,3,5.989437605708704,0.17578125,-0.0546875,0.04380013793706894,0.04366203397512436,0.042974003765946095,0.00013810396194458008,0.0006880302091782642
smooth,3,6.0013054998923865,0.17578125,-0.05078125,0.04462353512644768,0.04468720778822899,0.044770915748240964,6.367266178131104e-05,8.3707960011975e-05
smooth,3,6.014400360003376,0.1796875,-0.05078125,0.046162307262420654,0.04583749920129776,0.04502573968417776,0.0003248080611228943,0.0008117595171200018
smooth,3,6.027201020555007,0.1796875,-0.046875,0.04680148884654045,0.04697832837700844,0.047054522139241786,0.00017683953046798706,7.619376223334806e-05
smooth,3,6.039557735550069,0.18359375,-0.046875,0.0484711118042469,0.048091500997543335,0.04702405644285733,0.0003796108067035675,0.0010674445546860062
smooth,3,6.053245723943959,0.18359375,-0.04296875,0.04944330453872681,0.04933348670601845,0.049261257585304884,0.00010981783270835876,7.222912071356419e-05
smooth,3,6.064715585342061,0.1875,-0.04296875,0.05052928626537323,0.05037708580493927,0.04888097947757829,0.00015220046043395996,0.0014961063273609826
smooth,3,6.067900741276557,0.18359375,-0.0390625,0.05019954964518547,0.050666775554418564,0.05191639670352066,0.00046722590923309326,0.001249621149102098
smooth,3,6.079201791853174,0.1875,-0.0390625,0.05165537819266319,0.051692117005586624,0.0512418912964213,3.6738812923431396e-05,0.00045022570916532223
smooth,3,6.094663454954367,0.1875,-0.03515625,0.052617546170949936,0.05308215692639351,0.053885380812836406,0.000464610755443573,0.000803223886442897
smooth,3,6.104791609881093,0.19140625,-0.03515625,0.05424545705318451,0.053979258984327316,0.052883218040099704,0.000266198068857193,0.0010960409442276123
smooth,3,6.120884175208848,0.19140625,-0.03125,0.0553303062915802,0.05537191405892372,0.05539329154732719,4.160776734352112e-05,2.1377488403466482e-05
smooth,3,6.12971964003029,0.1953125,-0.03125,0.05632100626826286,0.05611437186598778,0.054058706066920606,0.00020663440227508545,0.0020556657990671717
smooth,3,6.137967461733066,0.19140625,-0.02734375,0.05616874620318413,0.056790053844451904,0.05808600242294618,0.0006213076412677765,0.0012959485784942784
smooth,3,6.146227265341711,0.1953125,-0.02734375,0.05783635377883911,0.05744743347167969,0.05637561403453471,0.00038892030715942383,0.0010718194371449746
smooth,3,6.163615203266604,0.1953125,-0.0234375,0.05893724411725998,0.058757323771715164,0.058703463638988346,0.00017992034554481506,5.3860132726818444e-05
smooth,3,6.170390313481508,0.19921875,-0.0234375,0.059408530592918396,0.05923669412732124,0.056780606834504234,0.0001718364655971527,0.0024560872928170094
smooth,3,6.181871848403453,0.1953125,-0.01953125,0.05901780724525452,0.06000395119190216,0.06095450708134762,0.000986143946647644,0.0009505558894454605
smooth,3,6.187814898914936,0.19921875,-0.01953125,0.061100319027900696,0.060377027839422226,0.058703254904458234,0.0007232911884784698,0.001673772934963992
smooth,3,6.200953263642709,0.1953125,-0.015625,0.059392038732767105,0.06113826856017113,0.06300267708238508,0.0017462298274040222,0.0018644085222139506
smooth,3,6.205927404574493,0.19921875,-0.015625,0.06191343069076538,0.06140222027897835,0.060449419410136575,0.0005112104117870331,0.000952800868841773
smooth,3,6.220775479338444,0.1953125,-0.01171875,0.06011959910392761,0.06210491433739662,0.06472956139751587,0.0019853152334690094,0.0026246470601192506
smooth,3,6.224648391680643,0.19921875,-0.01171875,0.06253451108932495,0.062266234308481216,0.06193758821206475,0.00026827678084373474,0.00032864609641646697
smooth,3,6.243865235437626,0.19921875,-0.0078125,0.06184414029121399,0.06292377412319183,0.06306885731053001,0.0010796338319778442,0.00014508318733817693
smooth,3,6.263433865197198,0.19921875,-0.00390625,0.061915576457977295,0.06333602219820023,0.0637793307834616,0.001420445740222931,0.0004433085852613705
smooth,5,0.0,0.19921875,0.0,0.06218414008617401,0.0634765625,0.06408196496719226,0.0012924224138259888,0.000605402467192262
smooth,5,0.0197514419823879,0.19921875,0.00390625,0.061991676688194275,0.06333602219820023,0.06382788205992296,0.001344345510005951,0.0004918598617227321
smooth,5,0.0393200717419604,0.19921875,0.0078125,0.06176748871803284,0.06292377412319183,0.06308511230746687,0.0011562854051589966,0.00016133818427503666
smooth,5,0.0585369154989438,0.19921875,0.01171875,0.06235450506210327,0.062266234308481216,0.06190631418331567,8.827075362205505e-05,0.0003599201251655443
smooth,5,0.0624098278411424,0.1953125,0.01171875,0.06087484955787659,0.06210491433739662,0.06503791350971538,0.0012300647795200348,0.002932999172318762
smooth,5,0.0772579026050932,0.19921875,0.015625,0.061516955494880676,0.06140222027897835,0.060359482817200466,0.00011473521590232849,0.0010427374617778817
smooth,5,0.0822320435368778,0.1953125,0.015625,0.06017957627773285,0.06113826856017113,0.06322281732132984,0.0009586922824382782,0.002084548761158711
smooth,5,0.0953704082646507,0.19921875,0.01953125,0.06063160300254822,0.060377027839422226,0.058546578981976155,0.0002545751631259918,0.0018304488574460709
smooth,5,0.101313458776133,0.1953125,0.01953125,0.05918161943554878,0.06000395119190216,0.061075455217939216,0.0008223317563533783,0.0010715040260370554
smooth,5,0.1127949936980788,0.19921875,0.0234375,0.05890387296676636,0.05923669412732124,0.05654445445083316,0.00033282116055488586,0.00269223967648808
smooth,5,0.1195701039129825,0.1953125,0.0234375,0.05866816267371178,0.058757323771715164,0.05872382709018034,8.916109800338745e-05,3.349668153482255e-05
smooth,5,0.1369580418378757,0.1953125,0.02734375,0.05765768885612488,0.05744743347167969,0.05629447451149613,0.00021025538444519043,0.0011529589601835602
smooth,5,0.1452178454465211,0.19140625,0.02734375,0.05632900446653366,0.056790053844451904,0.05824664706244482,0.0004610493779182434,0.0014565932179929145
smooth,5,0.1534656671492963,0.1953125,0.03125,0.05609685182571411,0.05611437186598778,0.053845242355321975,1.7520040273666382e-05,0.002269129510665803
smooth,5,0.1623011319707386,0.19140625,0.03125,0.0544641874730587,0.05537191405892372,0.055436784695562846,0.0009077265858650208,6.487063663912496e-05
smooth,5,0.1783936972984933,0.19140625,0.03515625,0.05409888178110123,0.053979258984327316,0.0527706077115339,0.00011962279677391052,0.0012086512727934179
smooth,5,0.1885218522252188,0.1875,0.03515625,0.052639950066804886,0.05308215692639351,0.054031057369875284,0.00044220685958862305,0.0009489004434817747
smooth,5,0.2039835153264125,0.1875,0.0390625,0.05134629085659981,0.051692117005586624,0.05121079196805361,0.0003458261489868164,0.0004813250375330161
smooth,5,0.2152845659030289,0.18359375,0.0390625,0.05070022866129875,0.050666775554418564,0.05216939042883143,3.345310688018799e-05,0.0015026148744128678
smooth,5,0.2184697218375254,0.1875,0.04296875,0.05029704049229622,0.05037708580493927,0.04861283142808767,8.004531264305115e-05,0.0017642543768515984
smooth,5,0.2299395832356266,0.18359375,0.04296875,0.04896874725818634,0.04933348670601845,0.04929552507880714,0.00036473944783210754,3.796162721130675e-05
smooth,5,0.2436275716295173,0.18359375,0.046875,0.048261385411024094,0.048091500997543335,0.04673638487461252,0.00016988441348075867,0.0013551161229308148
smooth,5,0.2559842866245796,0.1796875,0.046875,0.04651302844285965,0.04697832837700844,0.047128129014839995,0.00046529993414878845,0.00014980063783155695
smooth,5,0.2687849471762112,0.1796875,0.05078125,0.04597530514001846,0.04583749920129776,0.044688200912688984,0.00013780593872070312,0.0011492982886087758
smooth,5,0.2818798072871998,0.17578125,0.05078125,0.04428469017148018,0.04468720778822899,0.04483826102819677,0.0004025176167488098,0.00015105323996777997
smooth,5,0.2937477014708825,0.17578125,0.0546875,0.04373108223080635,0.04366203397512436,0.04254931869649225,6.904825568199158e-05,0.0011127152786321107
smooth,5,0.2957354076690327,0.171875,0.05078125,0.04378558695316315,0.043492093682289124,0.04484784935118538,0.00029349327087402344,0.001355755668896258
smooth,5,0.3074392233760464,0.171875,0.0546875,0.04237448424100876,0.04250241070985794,0.04261980351026821,0.00012792646884918213,0.00011739280041026673
smooth,5,0.321831531820213,0.16796875,0.0546875,0.041476741433143616,0.04131244495511055,0.04228550388414803,0.0001642964780330658,0.0009730589290374778
smooth,5,0.3325278966871424,0.16796875,0.05859375,0.040143128484487534,0.04044841229915619,0.04016697412381365,0.0003052838146686554,0.000281438175342541
smooth,5,0.3473302111511662,0.1640625,0.05859375,0.03912196308374405,0.039282288402318954,0.04073116814976912,0.0001603253185749054,0.0014488797474501644
smooth,5,0.357058383037464,0.1640625,0.0625,0.03833486884832382,0.03853485733270645,0.03747563202299233,0.0001999884843826294,0.0010592253097141194
smooth,5,0.3721678864482656,0.16015625,0.0625,0.03745821863412857,0.037403736263513565,0.03906649474710794,5.448237061500549e-05,0.0016627584835943732
smooth,5,0.3809822859573776,0.16015625,0.06640625,0.03626980260014534,0.03676038235425949,0.0364784983055478,0.000490579754114151,0.00028188404871169054
smooth,5,0.3878460854915427,0.15625,0.0625,0.03619244322180748,0.03626764938235283,0.03701085135347097,7.520616054534912e-05,0.0007432019711181431
smooth,5,0.3963188890582876,0.15625,0.06640625,0.03499959781765938,0.03566914051771164,0.03287371332003132,0.0006695427000522614,0.0027954271976803197
smooth,5,0.4121736826006858,0.15234375,0.06640625,0.03452027216553688,0.03457694128155708,0.03780945369459706,5.666911602020264e-05,0.003232512413039977
smooth,5,0.419785362784957,0.15234375,0.0703125,0.03361232578754425,0.034064821898937225,0.03504109658245867,0.00045249611139297485,0.000976274683521447
smooth,5,0.4285305972158754,0.1484375,0.06640625,0.03329009562730789,0.03348562866449356,0.03353599824521398,0.00019553303718566895,5.0369580720417695e-05
smooth,5,0.435765852479788,0.1484375,0.0703125,0.0320347435772419,0.0330134816467762,0.028921790413513036,0.0009787380695343018,0.004091691233263164
smooth,5,0.4453728135704202,0.14453125,0.06640625,0.032368991523981094,0.032395750284194946,0.03128606110198795,2.675876021385193e-05,0.0011096891822069965
smooth,5,0.452209749697081,0.14453125,0.0703125,0.032012633979320526,0.03196204826235771,0.034719902954917004,5.058571696281433e-05,0.0027578546925592917
smooth,5,0.4691040991391493,0.140625,0.0703125,0.031027166172862053,0.030908901244401932,0.03221961517143071,0.00011826492846012115,0.0013107139270287782
smooth,5,0.4751678926387334,0.140625,0.07421875,0.029803521931171417,0.030536474660038948,0.028226424839182068,0.0007329527288675308,0.0023100498208568805
smooth,5,0.4864370361330443,0.13671875,0.0703125,0.029405467212200165,0.02985064871609211,0.028675143201829675,0.0004451815038919449,0.001175505514262435
smooth,5,0.4921000695652587,0.13671875,0.07421875,0.02842778153717518,0.029508553445339203,0.028214653288320242,0.0010807719081640244,0.001293900157018961
smooth,5,0.5041985195546792,0.1328125,0.0703125,0.028351392596960068,0.028781775385141373,0.02908962581153242,0.00043038278818130493,0.00030785042639104587
smooth,5,0.5094511618806915,0.1328125,0.07421875,0.028179729357361794,0.028467373922467232,0.029561280046723225,0.00028764456510543823,0.001093906124255993
smooth,5,0.5272169532722744,0.12890625,0.07421875,0.02731572464108467,0.027404703199863434,0.026531924128728256,8.897855877876282e-05,0.0008727790711351782
smooth,5,0.5318121418493402,0.12890625,0.078125,0.026613984256982803,0.02712908200919628,0.02604999915220562,0.0005150977522134781,0.001079082856990661
smooth,5,0.5453963952188879,0.125,0.07421875,0.026937713846564293,0.026309307664632797,0.028380709692524764,0.0006284061819314957,0.0020714020278919665
smooth,5,0.5495993348130964,0.125,0.078125,0.026057686656713486,0.02605351246893406,0.027481978046953043,4.174187779426575e-06,0.0014284655780189837
smooth,5,0.5639922542049083,0.12109375,0.07421875,0.02576492168009281,0.025166228413581848,0.02723334207503921,0.0005986932665109634,0.0020671136614573635
smooth,5,0.567802742955042,0.12109375,0.078125,0.02460959181189537,0.024927690625190735,0.024380758861093497,0.0003180988132953644,0.0005469317640972374
smooth,5,0.5830117660644932,0.1171875,0.07421875,0.023470377549529076,0.023955753073096275,0.023142051196023083,0.0004853755235671997,0.0008137018770731919
smooth,5,0.5864326690337587,0.1171875,0.078125,0.022634319961071014,0.023732014000415802,0.022166786114174098,0.0010976940393447876,0.001565227886241704
smooth,5,0.6055048097705702,0.11328125,0.078125,0.021375203505158424,0.022440798580646515,0.021265004933668404,0.0010655950754880905,0.0011757936469781113
smooth,5,0.6084179236417914,0.11328125,0.08203125,0.02101493626832962,0.02223600447177887,0.021569217432927574,0.0012210682034492493,0.0006667870388512957
smooth,5,0.6250411623578119,0.109375,0.078125,0.020424988120794296,0.021020274609327316,0.020091706054531738,0.00059528648853302,0.0009285685547955787
smooth,5,0.6276024470527799,0.109375,0.08203125,0.0201107170432806,0.02082499861717224,0.02049283229984617,0.0007142815738916397,0.00033216631732607
smooth,5,0.6450710745288847,0.10546875,0.078125,0.019524961709976196,0.01942574605345726,0.01969131440581004,9.921565651893616e-05,0.00026556835235277965
smooth,5,0.6472935478438412,0.10546875,0.08203125,0.019075263291597366,0.019238393753767014,0.019611939238095556,0.00016313046216964722,0.000373545484328542
smooth,5,0.6656324779561089,0.1015625,0.078125,0.018335897475481033,0.01759749837219715,0.019312423417059715,0.0007383991032838821,0.0017149250448625641
smooth,5,0.6675345283888924,0.1015625,0.08203125,0.01750584878027439,0.01741664856672287,0.017846311393123867,8.92002135515213e-05,0.00042966282640099704
smooth,5,0.6867733356709431,0.09765625,0.078125,0.01624257303774357,0.015454856678843498,0.01675218393165974,0.0007877163589000702,0.001297327252816241
smooth,5,0.6883804962025335,0.09765625,0.08203125,0.015104210935533047,0.0152790118008852,0.015063947875065573,0.00017480086535215378,0.00021506392581962727
smooth,5,0.7085533042879242,0.09375,0.078125,0.013455765321850777,0.012887494638562202,0.013679464999287334,0.0005682706832885742,0.0007919703607251315
smooth,5,0.7099009901243033,0.09375,0.08203125,0.012183748185634613,0.012714422307908535,0.01219088727403519,0.000530674122273922,0.0005235350338733454
smooth,5,0.7310455283631356,0.08984375,0.078125,0.010217279195785522,0.00974267814308405,0.010416553233732204,0.00047460105270147324,0.0006738750906481548
smooth,5,0.7321832708796313,0.08984375,0.08203125,0.00883815810084343,0.009567859582602978,0.008978688079588917,0.0007297014817595482,0.0005891715030140604
smooth,5,0.7543382850362728,0.0859375,0.078125,0.006307143718004227,0.005806648638099432,0.006550112668449083,0.0005004950799047947,0.0007434640303496508
smooth,5,0.7553363140615579,0.0859375,0.08203125,0.004748467821627855,0.005619782023131847,0.0050100308643263826,0.0008713142015039921,0.0006097511588054648
smooth,5,0.7785357422446674,0.08203125,0.078125,0.001372823491692543,0.00077808927744627,0.001684142580133324,0.000594734214246273,0.000906053302687054
smooth,5,0.7794952638550947,0.08203125,0.08203125,-0.000486968201585114,0.0005554415984079242,-9.624853464260962e-05,0.0010424097999930382,0.0006516901330505338
smooth,5,0.803756093832033,0.078125,0.078125,-0.004989050794392824,-0.0057672434486448765,-0.004559410967055756,0.0007781926542520523,0.0012078324815891208
smooth,5,0.8048252872548929,0.078125,0.08203125,-0.007362949661910534,-0.006079223472625017,-0.0068123608693527495,0.0012837261892855167,0.0007331373967277323
smooth,5,0.8301232371924353,0.07421875,0.078125,-0.013342399150133133,-0.014415498822927475,-0.012733565856994665,0.001073099672794342,0.00168193296593281
smooth,5,0.8315215691297689,0.07421875,0.08203125,-0.01646978221833706,-0.014933961443603039,-0.015790249164920576,0.0015358207747340202,0.0008562877213175377
smooth,5,0.8577441447513766,0.0703125,0.078125,-0.024535054340958595,-0.02593102678656578,-0.023516678477837335,0.0013959724456071854,0.0024143483087284458
smooth,5,0.859796650654554,0.0703125,0.08203125,-0.02859175205230713,-0.02690039947628975,-0.027844644603063497,0.0016913525760173798,0.0009442451267737476
smooth,5,0.886657991740972,0.06640625,0.078125,-0.03981379047036171,-0.04116646200418472,-0.03752589998431664,0.0013526715338230133,0.0036405620198680863
smooth,5,0.8898337975452626,0.06640625,0.08203125,-0.0445423498749733,-0.04305195435881615,-0.04384242445571254,0.0014903955161571503,0.0007904700968963951
smooth,5,0.9216639686462909,0.0625,0.08203125,-0.06587501615285873,-0.06419184058904648,-0.06397839216841686,0.0016831755638122559,0.00021344842062961944
smooth,5,0.9273118418311276,0.0625,0.0859375,-0.07126367092132568,-0.06832350045442581,-0.0753257511689594,0.002940170466899872,0.007002250714533587
smooth,5,0.954921197267595,0.05859375,0.08203125,-0.09020134061574936,-0.08950377255678177,-0.08750121318503913,0.0006975680589675903,0.0020025593717426377
smooth,5,0.9637601468799912,0.05859375,0.0859375,-0.0938289538025856,-0.09637364000082016,-0.10169252130239215,0.002544686198234558,0.005318881301571987
smooth,5,0.9885638192509076,0.0546875,0.08203125,-0.11256637424230576,-0.11455079168081284,-0.10978406673807728,0.00198441743850708,0.004766724942735556
smooth,5,1.0012725303083398,0.0546875,0.0859375,-0.11512680351734161,-0.12252300977706909,-0.12433391193314142,0.007396206259727478,0.0018109021560723249
smooth,5,1.0371796866553504,0.05078125,0.0859375,-0.1324414163827896,-0.1359957903623581,-0.1340254540539602,0.0035543739795684814,0.0019703363083978798
smooth,5,1.0578149559792631,0.05078125,0.08984375,-0.1195472925901413,-0.13590702414512634,-0.13967734975335522,0.016359731554985046,0.003770325608228875
smooth,5,1.0692085333807038,0.046875,0.0859375,-0.13104094564914703,-0.13327473402023315,-0.12790025484820147,0.0022337883710861206,0.005374479172031682
smooth,5,1.0916583963111228,0.046875,0.08984375,-0.11706151068210602,-0.12335564941167831,-0.12395468056492774,0.006294138729572296,0.0005990311532494269
smooth,5,1.1196024761822052,0.04296875,0.08984375,-0.10413741320371628,-0.10475172102451324,-0.10119525202240515,0.0006143078207969666,0.003556469002108098
smooth,5,1.1450989132537197,0.04296875,0.09375,-0.08572510629892349,-0.08511511981487274,-0.08725310019914007,0.0006099864840507507,0.002137980384267324
smooth,5,1.167579935276983,0.0390625,0.09375,-0.06870022416114807,-0.0679563581943512,-0.06528152268454553,0.000743865966796875,0.0026748355098056703
smooth,5,1.193006550762211,0.0390625,0.09765625,-0.052302684634923935,-0.05026628077030182,-0.05132112985572332,0.002036403864622116,0.0010548490854214998
smooth,5,1.2113243783220835,0.03515625,0.09765625,-0.039062246680259705,-0.039087653160095215,-0.036932512409862825,2.5406479835510254e-05,0.00215514075023239
smooth,5,1.2185352197006545,0.0390625,0.1015625,-0.0399441234767437,-0.0350724533200264,-0.038833252634884935,0.0048716701567173,0.0037607993148585372
smooth,5,1.2355123832388704,0.03515625,0.1015625,-0.02795032598078251,-0.026466716080904007,-0.02711504536047022,0.001483609899878502,0.0006483292795662135
smooth,5,1.2592041596259198,0.03515625,0.10546875,-0.019034219905734062,-0.01632552221417427,-0.016238437310338798,0.0027086976915597916,8.70849038354729e-05
smooth,5,1.2739777210947307,0.03125,0.10546875,-0.011300137266516685,-0.010990300215780735,-0.010363757607993029,0.00030983705073595047,0.0006265426077877063
smooth,5,1.296063189900451,0.03125,0.109375,-0.00545625202357769,-0.004230411723256111,-0.005768988747990381,0.001225840300321579,0.0015385770247342695
smooth,5,1.3095625949547558,0.02734375,0.109375,-0.00013168016448616982,-0.0007187881274148822,0.002140689286629844,0.0005871079629287124,0.002859477414044726
smooth,5,1.317318049256517,0.03125,0.11328125,-0.0007172154728323221,0.0011129039339721203,0.003142681706746555,0.0018301194068044424,0.0020297777727744347
smooth,5,1.3303022338398725,0.02734375,0.11328125,0.0035058027133345604,0.003908244427293539,0.00208951627570615,0.00040244171395897865,0.0018187281515873888
smooth,5,1.3502413453942437,0.02734375,0.1171875,0.006765544414520264,0.007624013349413872,0.008232327655639502,0.0008584689348936081,0.0006083143062256303
smooth,5,1.362685267930534,0.0234375,0.1171875,0.010143333114683628,0.00964080449193716,0.013888514222275196,0.0005025286227464676,0.004247709730338035
smooth,5,1.3815275127668327,0.0234375,0.12109375,0.012046908028423786,0.012327012605965137,0.010186158249122373,0.0002801045775413513,0.0021408543568427647
smooth,5,1.393718549202441,0.01953125,0.12109375,0.013971459120512009,0.013864154927432537,0.013454161988351032,0.00010730419307947159,0.0004099929390815049
smooth,5,1.3996117023422336,0.0234375,0.125,0.013418542221188545,0.014558078721165657,0.015221977922758563,0.0011395364999771118,0.0006638992015929063
smooth,5,1.4116162572020432,0.01953125,0.125,0.015561667270958424,0.0158834308385849,0.015881146664168833,0.0003217635676264763,2.2841744160666255e-06
smooth,5,1.4288003420815374,0.01953125,0.12890625,0.0173919927328825,0.01760106347501278,0.018366225827772014,0.00020907074213027954,0.0007651623527592348
smooth,5,1.4408078598875915,0.015625,0.12890625,0.019147321581840515,0.01869504526257515,0.0212715274982456,0.0004522763192653656,0.00257648223567045
smooth,5,1.457186294502999,0.015625,0.1328125,0.019948236644268036,0.02007089927792549,0.01941270597438381,0.00012266263365745544,0.0006581933035416827
smooth,5,1.4693126991542782,0.01171875,0.1328125,0.021155310794711113,0.021017147228121758,0.020458250274907545,0.00013816356658935547,0.0005588969532142121
smooth,5,1.4729034615136438,0.015625,0.13671875,0.02038145251572132,0.021287156268954277,0.021639445563072623,0.0009057037532329559,0.0003522892941183464
smooth,5,1.48494786300589,0.01171875,0.13671875,0.02194812148809433,0.02216310054063797,0.022972387699186265,0.00021497905254364014,0.0008092871585482948
smooth,5,1.4999458782494115,0.01171875,0.140625,0.02263469807803631,0.02319895476102829,0.02332088507930628,0.0005642566829919815,0.00012193031827799003
smooth,5,1.5122096561541678,0.0078125,0.140625,0.024021711200475693,0.02400948666036129,0.025429961922471545,1.2224540114402771e-05,0.0014204752621102545
smooth,5,1.5265196519749156,0.0078125,0.14453125,0.024505682289600372,0.02492312155663967,0.024770603415535792,0.000417439267039299,0.00015251814110387937
smooth,5,1.539056244516999,0.00390625,0.14453125,0.025842582806944847,0.02570200338959694,0.026866178451323962,0.00014057941734790802,0.0011641750617270227
smooth,5,1.5526923002582176,0.00390625,0.1484375,0.026134507730603218,0.02653314545750618,0.02630883809248686,0.00039863772690296173,0.0002243073650193203
smooth,5,1.5655403164018091,0.0,0.1484375,0.02737807109951973,0.027306532487273216,0.0285185379141889,7.153861224651337e-05,0.0012120054269156855
smooth,5,1.5785027142856032,0.0,0.15234375,0.02769680880010128,0.028082232922315598,0.027822700483950687,0.0003854241222143173,0.00025953243836491016
smooth,5,1.591687557917358,-0.00390625,0.15234375,0.028898701071739197,0.028871113434433937,0.030039616752315413,2.7587637305259705e-05,0.001168503317881476
smooth,5,1.6039652699455516,-0.00390625,0.15625,0.02921612560749054,0.029609298333525658,0.029394062655729327,0.0003931727260351181,0.0002152356777963306
smooth,5,1.6174995879076703,-0.0078125,0.15625,0.030481191352009773,0.030430832877755165,0.03125129689349763,5.0358474254608154e-05,0.0008204640157424628
smooth,5,1.6290724548071776,-0.0078125,0.16015625,0.03091331198811531,0.03114253468811512,0.03091627814245419,0.00022922269999980927,0.0002262565456609307
smooth,5,1.6429558453154929,-0.01171875,0.16015625,0.03193642199039459,0.03201068937778473,0.03217386903618965,7.426738739013672e-05,0.00016317965840492027
smooth,5,1.6537967803400797,-0.01171875,0.1640625,0.032363053411245346,0.032701488584280014,0.03228817365995,0.00033843517303466797,0.00041331492433001327
smooth,5,1.657361412254208,-0.015625,0.16015625,0.03299959748983383,0.0329313725233078,0.03329093073901976,6.82249665260315e-05,0.0003595582157119581
smooth,5,1.6680151240711731,-0.015625,0.1640625,0.03349777311086655,0.03362718224525452,0.03304927808930322,0.00012940913438796997,0.0005779041559512976
smooth,5,1.6827735905740866,-0.01953125,0.1640625,0.03456727787852287,0.03461439535021782,0.035609237709673044,4.711747169494629e-05,0.0009948423594552253
smooth,5,1.6926173524889587,-0.01953125,0.16796875,0.03480755537748337,0.035289086401462555,0.03486389073985123,0.000481531023979187,0.0004251956616113245
smooth,5,1.7076901615243625,-0.0234375,0.16796875,0.03610946983098984,0.03634907305240631,0.03623341304285158,0.0002396032214164734,0.0001156600095547286
smooth,5,1.7166861375526707,-0.0234375,0.171875,0.03666800260543823,0.03699789568781853,0.03646930560206095,0.0003298930823802948,0.000528590085757577
smooth,5,1.7233516510511078,-0.02734375,0.16796875,0.03745552897453308,0.03748667240142822,0.03836571899363753,3.11434268951416e-05,0.0008790465922093108
smooth,5,1.732018223595536,-0.02734375,0.171875,0.03769500181078911,0.03813259303569794,0.037091830452833395,0.00043759122490882874,0.001040762582864542
smooth,5,1.747928112766704,-0.03125,0.171875,0.03902946040034294,0.03934933990240097,0.03970300249141459,0.0003198795020580292,0.00035366258901362024
smooth,5,1.7556531611614272,-0.03125,0.17578125,0.03978016600012779,0.03995465114712715,0.039481023074905225,0.00017448514699935913,0.0004736280722219266
smooth,5,1.7644488078806857,-0.03515625,0.171875,0.04064121097326279,0.04065532609820366,0.041810835123818016,1.4115124940872192e-05,0.0011555090256143569
smooth,5,1.7717253799041328,-0.03515625,0.17578125,0.04062623530626297,0.04124410077929497,0.04004028374570807,0.0006178654730319977,0.0012038170335869
smooth,5,1.788370311732471,-0.0390625,0.17578125,0.04202800244092941,0.04262099415063858,0.04222404850583576,0.0005929917097091675,0.000396945644802818
smooth,5,1.794620410439746,-0.0390625,0.1796875,0.04274223372340202,0.04314838722348213,0.041982364312844814,0.00040615350008010864,0.0011660229106373182
smooth,5,1.8056038727880588,-0.04296875,0.17578125,0.043916355818510056,0.04408803582191467,0.04555382998571271,0.0001716800034046173,0.001465794163798037
smooth,5,1.811273314490197,-0.04296875,0.1796875,0.044451452791690826,0.04457910731434822,0.043641704798858406,0.0001276545226573944,0.0009374025154898144
smooth,5,1.8234339794677183,-0.046875,0.17578125,0.04554693400859833,0.04564506933093071,0.04677774004880281,9.81353223323822e-05,0.0011326707178720974
smooth,5,1.8284435888036212,-0.046875,0.1796875,0.04541458934545517,0.046088747680187225,0.04488495355501722,0.0006741583347320557,0.0012037941251700074
smooth,5,1.8461202286557477,-0.05078125,0.1796875,0.04709760844707489,0.04767170920968056,0.047370105996849945,0.0005741007626056671,0.00030160321283061176
smooth,5,1.8500097574072123,-0.05078125,0.18359375,0.047357261180877686,0.04802297055721283,0.04596002075200453,0.000665709376335144,0.0020629498052082973
smooth,5,1.864278267764953,-0.0546875,0.1796875,0.04875805228948593,0.049317367374897,0.04984461428888522,0.0005593150854110718,0.0005272469139882136
smooth,5,1.8673861989349472,-0.0546875,0.18359375,0.04945267736911774,0.049600064754486084,0.047828285429836505,0.00014738738536834717,0.0017717793246495792
smooth,5,1.8828753706892505,-0.05859375,0.1796875,0.050601694732904434,0.051008883863687515,0.05191663340245568,0.00040718913078308105,0.0009077495387681614
smooth,5,1.88512444549274,-0.05859375,0.18359375,0.05127538740634918,0.05121304467320442,0.04953593382326751,6.234273314476013e-05,0.001677110849936915
smooth,5,1.9018486490795157,-0.0625,0.1796875,0.05237284675240517,0.05272234231233597,0.05378205010003308,0.0003494955599308014,0.001059707787697109
smooth,5,1.903165436850252,-0.0625,0.18359375,0.05274728313088417,0.05284024775028229,0.051234483296914476,9.296461939811707e-05,0.0016057644533678112
smooth,5,1.9211123581828011,-0.06640625,0.1796875,0.05411217361688614,0.054426468908786774,0.055653870908342125,0.00031429529190063477,0.0012274019995553512
smooth,5,1.9214324263691376,-0.06640625,0.18359375,0.05439279228448868,0.05445433408021927,0.05290467143779577,6.154179573059082e-05,0.0015496626424234966
smooth,5,1.939831139326414,-0.0703125,0.18359375,0.05609861761331558,0.05602307245135307,0.0543974721886398,7.554516196250916e-05,0.0016256002627132726
smooth,5,1.9405573197132735,-0.0703125,0.1796875,0.0557413324713707,0.056083470582962036,0.05738453596669558,0.0003421381115913391,0.001301065383733542
smooth,5,1.9582517692893893,-0.07421875,0.18359375,0.057809241116046906,0.057511139661073685,0.055781555380534475,0.0002981014549732208,0.0017295842805392092
smooth,5,1.9600529313569544,-0.07421875,0.1796875,0.05721365660429001,0.05765121057629585,0.05891428880172299,0.0004375539720058441,0.001263078225427136
smooth,5,1.976573071058651,-0.078125,0.18359375,0.05929199978709221,0.05888279527425766,0.056902320977412005,0.00040920451283454895,0.001980474296845655
smooth,5,1.979452325674299,-0.078125,0.1796875,0.05845247209072113,0.059086769819259644,0.060061149619220315,0.0006342977285385132,0.0009743797999606715
smooth,5,1.9946683910480576,-0.08203125,0.18359375,0.060081712901592255,0.060105226933956146,0.057534317678891285,2.35140323638916e-05,0.0025709092550648613
smooth,5,1.998600579587764,-0.08203125,0.1796875,0.05937141552567482,0.06035097688436508,0.060708272510417244,0.0009795613586902618,0.00035729562605216203
smooth,5,2.017344993741373,-0.0859375,0.1796875,0.061612602323293686,0.06141294538974762,0.06099420356216104,0.00019965693354606628,0.00041874182758658285
smooth,5,2.0228969851173044,-0.0859375,0.17578125,0.060656800866127014,0.06169028952717781,0.06445718836074774,0.0010334886610507965,0.002766898833569925
smooth,5,2.035545710948746,-0.08984375,0.1796875,0.06276313960552216,0.06225356459617615,0.06088725102154324,0.0005095750093460083,0.0013663135746329047
smooth,5,2.0421171698092175,-0.08984375,0.17578125,0.06170029565691948,0.06250689178705215,0.06420999770893085,0.0008065961301326752,0.0017031059218786948
smooth,5,2.053084709022544,-0.09375,0.1796875,0.06301723420619965,0.06286703795194626,0.06040345200914101,0.00015019625425338745,0.002463585942805248
smooth,5,2.0605535396871386,-0.09375,0.17578125,0.062098272144794464,0.0630660131573677,0.06351043796170819,0.0009677410125732422,0.0004444248043404819
smooth,5,2.078103753052082,-0.09765625,0.17578125,0.0636197030544281,0.06338086724281311,0.062424155968109435,0.00023883581161499023,0.0009567112747036755
smooth,5,2.0873052420782576,-0.09765625,0.171875,0.06260242313146591,0.0634584128856659,0.06546358807278227,0.0008559897541999817,0.002005175187116376
smooth,5,2.094705317738919,-0.1015625,0.17578125,0.06359098106622696,0.06347652524709702,0.061032290656089914,0.00011445581912994385,0.002444234591007101
smooth,5,2.1045430900733404,-0.1015625,0.171875,0.06242743879556656,0.06343939155340195,0.06372059659545941,0.0010119527578353882,0.00028120504205746133
smooth,5,2.120652183347973,-0.10546875,0.171875,0.06359722465276718,0.06322868168354034,0.061736310956497835,0.00036854296922683716,0.0014923707270425093
smooth,5,2.132057783358421,-0.10546875,0.16796875,0.062489647418260574,0.06296897679567337,0.06411432841015542,0.000479329377412796,0.0011453516144820514
smooth,5,2.1473530434725765,-0.109375,0.16796875,0.06255052983760834,0.062481965869665146,0.06160260051733126,6.856396794319153e-05,0.0008793653523338843
smooth,5,2.160186173087116,-0.109375,0.1640625,0.06163943558931351,0.061956487596035004,0.06353283286239862,0.0003170520067214966,0.0015763452663636185
smooth,5,2.1743775989918737,-0.11328125,0.1640625,0.06117315590381622,0.061259351670742035,0.06061994260867494,8.619576692581177e-05,0.000639409062067095
smooth,5,2.1884095852512937,-0.11328125,0.16015625,0.060272201895713806,0.060459718108177185,0.0620280888331894,0.0001875162124633789,0.0015683707250122164
smooth,5,2.20128068356563,-0.1171875,0.16015625,0.05963505432009697,0.05963897705078125,0.058879648338299374,3.9227306842803955e-06,0.0007593287124818757
smooth,5,2.216230299305463,-0.1171875,0.15625,0.0584617517888546,0.05859295278787613,0.059757654109780574,0.00013120099902153015,0.0011647013219044447
smooth,5,2.2276608861614577,-0.12109375,0.15625,0.057988736778497696,0.0577344112098217,0.05655051203473015,0.0002543255686759949,0.0011838991750915545
smooth,5,2.2432377093182323,-0.12109375,0.15234375,0.05616249144077301,0.05649533122777939,0.056935014903076724,0.0003328397870063782,0.00043968367529733515
smooth,5,2.253201969866374,-0.125,0.15234375,0.05586596578359604,0.05566766858100891,0.05381924776751324,0.00019829720258712769,0.00184842081349567
smooth,5,2.259723664533778,-0.12109375,0.1484375,0.05454505980014801,0.05511358380317688,0.05706909936178491,0.0005685240030288696,0.0019555155586080328
smooth,5,2.2691418071198353,-0.125,0.1484375,0.05423348769545555,0.05429879203438759,0.05383252214445681,6.530433893203735e-05,0.00046626988993078017
smooth,5,2.2858368952943673,-0.125,0.14453125,0.05284358933568001,0.052821267396211624,0.05361929743692803,2.232193946838379e-05,0.0007980300407164076
smooth,5,2.2937730027845733,-0.12890625,0.14453125,0.052446700632572174,0.05210815370082855,0.05054639774130925,0.0003385469317436218,0.0015617559595193023
smooth,5,2.3032239311326257,-0.125,0.140625,0.050720106810331345,0.05125312879681587,0.053205429149565005,0.0005330219864845276,0.0019523003527491326
smooth,5,2.3104703159852633,-0.12890625,0.140625,0.050484802573919296,0.05059488117694855,0.049935710413616406,0.0001100786030292511,0.0006591707633321411
smooth,5,2.3277125217441337,-0.12890625,0.13671875,0.04908071458339691,0.049026429653167725,0.04978887098917604,5.428493022918701e-05,0.000762441336008314
smooth,5,2.333612870887096,-0.1328125,0.13671875,0.0485176183283329,0.04849086329340935,0.047072271571593945,2.6755034923553467e-05,0.0014185917218154029
smooth,5,2.34542267147524,-0.12890625,0.1328125,0.04767049103975296,0.04742366820573807,0.04901930014526633,0.0002468228340148926,0.0015956319395282609
smooth,5,2.350589371121234,-0.1328125,0.1328125,0.0469459667801857,0.04695950448513031,0.04556129366619779,1.3537704944610596e-05,0.001398210818932523
smooth,5,2.363518497755299,-0.12890625,0.12890625,0.04514002799987793,0.04580754041671753,0.0466646188430305,0.0006675124168395996,0.0008570784263129683
smooth,5,2.3679212019040867,-0.1328125,0.12890625,0.04469447582960129,0.045418884605169296,0.04353366990190037,0.0007244087755680084,0.0018852147032689254
smooth,5,2.38191649723243,-0.12890625,0.125,0.04332403093576431,0.044197678565979004,0.04532780370756463,0.0008736476302146912,0.0011301251415856278
smooth,5,2.3855380877902506,-0.1328125,0.125,0.04341338574886322,0.04388551041483879,0.04427825748368737,0.0004721246659755707,0.00039274706884857846
smooth,5,2.4033715516156007,-0.1328125,0.12109375,0.042406633496284485,0.04237385466694832,0.043000301584906774,3.277882933616638e-05,0.000626446917958455
smooth,5,2.4059767506509586,-0.13671875,0.12109375,0.042070820927619934,0.042156774550676346,0.04077170513771762,8.595362305641174e-05,0.0013850694129587254
smooth,5,2.4213573557962005,-0.1328125,0.1171875,0.040961720049381256,0.04089578613638878,0.041347806887484025,6.593391299247742e-05,0.0004520207510952459
smooth,5,2.423250835845087,-0.13671875,0.1171875,0.04060550406575203,0.04074304550886154,0.03923230638550905,0.00013754144310951233,0.001510739123352492
smooth,5,2.4394373496068753,-0.1328125,0.11328125,0.03934574872255325,0.03946026414632797,0.03974038707216128,0.00011451542377471924,0.00028012292583330656
smooth,5,2.440630239138258,-0.13671875,0.11328125,0.03915916383266449,0.039367370307445526,0.037768970703545686,0.00020820647478103638,0.0015983996038998402
smooth,5,2.4575606771595297,-0.1328125,0.109375,0.03786601126194,0.03807331994175911,0.03827056396245837,0.00020730867981910706,0.00019724402069926095
smooth,5,2.45807008453942,-0.13671875,0.109375,0.03786386176943779,0.03803509101271629,0.03651525805240598,0.00017122924327850342,0.0015198329603103161
smooth,5,2.47553182766141,-0.13671875,0.10546875,0.03670918196439743,0.036749217659235,0.03543757904975238,4.003569483757019e-05,0.001311638609482621
smooth,5,2.4756843916097058,-0.1328125,0.10546875,0.03658706322312355,0.03673819079995155,0.03697699192006729,0.00015112757682800293,0.00023880112011573362
smooth,5,2.4929834894124214,-0.13671875,0.1015625,0.03561699390411377,0.03551061451435089,0.03442854868110057,0.00010637938976287842,0.001082065833250323
smooth,5,2.4937735793334377,-0.1328125,0.1015625,0.0354672372341156,0.035455599427223206,0.03589070084630915,1.163780689239502e-05,0.00043510141908594674
smooth,5,2.5103995978251734,-0.13671875,0.09765625,0.0345190204679966,0.03431824594736099,0.03334705098175667,0.00020077452063560486,0.0009711949656043203
smooth,5,2.511801123235488,-0.1328125,0.09765625,0.034385666251182556,0.03422408550977707,0.034748991244055324,0.00016158074140548706,0.0005249057342782554
smooth,5,2.5277609278560647,-0.13671875,0.09375,0.03330390155315399,0.03316941857337952,0.032395227992353996,0.0001344829797744751,0.0007741905810255204
smooth,5,2.5297472339903373,-0.1328125,0.09375,0.03306989371776581,0.03304031491279602,0.03336713251537695,2.9578804969787598e-05,0.0003268176025809297
smooth,5,2.5450541224274956,-0.13671875,0.08984375,0.031817249953746796,0.032060008496046066,0.03127292610138065,0.00024275854229927063,0.0007870823946654129
smooth,5,2.547598861806126,-0.1328125,0.08984375,0.031372830271720886,0.03189937770366669,0.03145248964099086,0.0005265474319458008,0.00044688806267582926
smooth,5,2.5653490783860406,-0.1328125,0.0859375,0.029777025803923607,0.030795006081461906,0.02922003940251092,0.0010179802775382996,0.0015749666789509863
smooth,5,2.5686215085235293,-0.12890625,0.0859375,0.029727142304182053,0.030594129115343094,0.02974184629378014,0.0008669868111610413,0.0008522828215629524
smooth,5,2.582996495619735,-0.1328125,0.08203125,0.029086314141750336,0.029719727113842964,0.02811073752296864,0.0006334129720926285,0.0016089895908743233
smooth,5,2.586801552958939,-0.12890625,0.08203125,0.030063174664974213,0.029490085318684578,0.030494176305818688,0.0005730893462896347,0.0010040909871341097
smooth,5,2.6005447679201503,-0.1328125,0.078125,0.029247894883155823,0.028664935380220413,0.029652537165209696,0.0005829595029354095,0.000987601784989283
smooth,5,2.604857324322819,-0.12890625,0.078125,0.02950931340456009,0.0284069012850523,0.03189037426381815,0.0011024121195077896,0.0034834729787658475
smooth,5,2.6180022109569605,-0.1328125,0.07421875,0.027873486280441284,0.027620859444141388,0.028622248915586974,0.00025262683629989624,0.0010013894714455858
smooth,5,2.6227998229619507,-0.12890625,0.07421875,0.026982055976986885,0.027333516627550125,0.026544841524079966,0.00035146065056324005,0.0007886751034701586
smooth,5,2.640644666477445,-0.12890625,0.0703125,0.02496696263551712,0.026257481426000595,0.022821947101307794,0.0012905187904834747,0.003435534324692801
smooth,5,2.646196619156744,-0.125,0.0703125,0.02530374750494957,0.02591896429657936,0.023811463286827032,0.0006152167916297913,0.0021075010097523286
smooth,5,2.658411980603405,-0.12890625,0.06640625,0.025111360475420952,0.025164691731333733,0.025311881998647676,5.333125591278076e-05,0.00014719026731394372
smooth,5,2.6644259340046745,-0.125,0.06640625,0.025920402258634567,0.024787377566099167,0.02954972060053043,0.0011330246925354004,0.004762343034431262
smooth,5,2.67612651107023,-0.12890625,0.0625,0.024355432018637657,0.02403896301984787,0.026630982875136714,0.0003164689987897873,0.002592019855288844
smooth,5,2.682587516388093,-0.125,0.0625,0.023697691038250923,0.023616084828972816,0.02352599268085155,8.160620927810669e-05,9.00921481212652e-05
smooth,5,2.700714871472069,-0.125,0.05859375,0.021453803405165672,0.022383730858564377,0.018431654902111315,0.0009299274533987045,0.003952075956453062
smooth,5,2.70795088764931,-0.12109375,0.05859375,0.02193531021475792,0.02186916023492813,0.02065681508262076,6.614997982978821e-05,0.0012123451523073717
smooth,5,2.718847409394749,-0.125,0.0546875,0.02103758417069912,0.021064843982458115,0.02341638459350415,2.7259811758995056e-05,0.002351540611046036
smooth,5,2.726519808522491,-0.12109375,0.0546875,0.02125723287463188,0.02047441154718399,0.025578320211407452,0.0007828213274478912,0.005103908664223462
smooth,5,2.7370316466396893,-0.125,0.05078125,0.018956435844302177,0.019628392532467842,0.020540819002130485,0.0006719566881656647,0.000912426469662643
smooth,5,2.7451366535777195,-0.12109375,0.05078125,0.01859208755195141,0.018943121656775475,0.015393614052019255,0.00035103410482406616,0.0035495076047562194
smooth,5,2.7638619918261624,-0.12109375,0.046875,0.01667744666337967,0.017230670899152756,0.01754224760073673,0.0005532242357730865,0.00031157670158397585
smooth,5,2.772768586519303,-0.1171875,0.046875,0.01675719954073429,0.016342613846063614,0.02053852996772453,0.0004145856946706772,0.004195916121660915
smooth,5,2.7827687686866205,-0.12109375,0.04296875,0.014531640335917473,0.015279763378202915,0.016935498234122506,0.0007481230422854424,0.0016557348559195911
smooth,5,2.7921181964918493,-0.1171875,0.04296875,0.014204164035618305,0.014215701259672642,0.012292631347405415,1.1537224054336548e-05,0.0019230699122672265
smooth,5,2.8117518284129597,-0.1171875,0.0390625,0.011073186993598938,0.011723380535840988,0.01180722156417812,0.0006501935422420502,8.384102833713242e-05
smooth,5,2.82191982699724,-0.11328125,0.0390625,0.010618329048156738,0.010273382067680359,0.01332181122633286,0.0003449469804763794,0.003048429158652501
smooth,5,2.8317912326173693,-0.1171875,0.03515625,0.007438550237566233,0.008745369501411915,0.009836668509196247,0.0013068192638456821,0.0010912990077843326
smooth,5,2.84242585447764,-0.11328125,0.03515625,0.006647877860814333,0.006950923707336187,0.0056583968826419044,0.0003030458465218544,0.001292526824694283
smooth,5,2.863522417819256,-0.11328125,0.03125,0.0018128377851098776,0.0028626229614019394,0.0028299190990617234,0.0010497851762920618,3.2703862340215974e-05
smooth,5,2.8749451249123044,-0.109375,0.03125,0.0006469987565651536,0.00030846521258354187,0.0035633621794027483,0.00033853354398161173,0.0032548969668192065
smooth,5,2.8854343965708984,-0.11328125,0.02734375,-0.004571125376969576,-0.0022800627630203962,-0.0018064708522683146,0.0022910626139491796,0.0004735919107520816
smooth,5,2.897340870072029,-0.109375,0.02734375,-0.006297259125858545,-0.005532810464501381,-0.006576093889040807,0.0007644486613571644,0.001043283424539426
smooth,5,2.920894507400041,-0.109375,0.0234375,-0.015434296801686287,-0.013101632706820965,-0.01360936292185098,0.002332664094865322,0.000507730215030016
smooth,5,2.933363217593269,-0.10546875,0.0234375,-0.017644837498664856,-0.017805956304073334,-0.014649274313006463,0.00016111880540847778,0.0031566819910668707
smooth,5,2.9460706524543165,-0.109375,0.01953125,-0.027694979682564735,-0.023160669952630997,-0.02524204348409375,0.004534309729933739,0.0020813735314627532
smooth,5,2.958900375599994,-0.10546875,0.01953125,-0.030789237469434738,-0.029187345877289772,-0.0296680694096141,0.0016018915921449661,0.0004807235323243293
smooth,5,2.986657158431202,-0.10546875,0.015625,-0.047831520438194275,-0.04452214017510414,-0.04634915918967282,0.0033093802630901337,0.0018270190145686788
smooth,5,2.999073062533112,-0.1015625,0.015625,-0.05267775431275368,-0.052419666200876236,-0.048749211227710705,0.0002580881118774414,0.003670454973165531
smooth,5,3.017580976371128,-0.10546875,0.01171875,-0.06728620082139969,-0.06529558449983597,-0.07022003353282558,0.0019906163215637207,0.0049244490329896085
smooth,5,3.0294002329401515,-0.1015625,0.01171875,-0.07539056986570358,-0.07409333437681198,-0.07289995532270244,0.0012972354888916016,0.0011933790541095446
smooth,5,3.063177806901068,-0.1015625,0.0078125,-0.0971064493060112,-0.1002270057797432,-0.10081515222770407,0.0031205564737319946,0.0005881464479608745
smooth,5,3.0716473540515508,-0.09765625,0.0078125,-0.10812085121870041,-0.10656771063804626,-0.09984934483444244,0.0015531405806541443,0.006718365803603826
smooth,5,3.1008842995471677,-0.1015625,0.00390625,-0.11580069363117218,-0.12539687752723694,-0.12666291261048795,0.009596183896064758,0.0012660350832510159
smooth,5,3.105803189533979,-0.09765625,0.00390625,-0.12780815362930298,-0.1278567910194397,-0.12188906866054709,4.863739013671875e-05,0.005967722358892605
smooth,5,3.141592653589793,-0.1015625,0.0,-0.12424017488956451,-0.13671875,-0.13788533210754395,0.012478575110435486,0.0011665821075439453
smooth,5,3.141592653589793,-0.09765625,0.0,-0.1360417604446411,-0.13671875,-0.13111531734466553,0.0006769895553588867,0.005603432655334473
smooth,5,3.177382117645607,-0.09765625,-0.00390625,-0.12819203734397888,-0.1278567910194397,-0.12188906866054709,0.00033524632453918457,0.005967722358892605
smooth,5,3.182301007632419,-0.1015625,-0.00390625,-0.11665230244398117,-0.12539687752723694,-0.12666291261048795,0.008744575083255768,0.0012660350832510159
smooth,5,3.211537953128036,-0.09765625,-0.0078125,-0.10902445018291473,-0.10656771063804626,-0.09984934483444244,0.0024567395448684692,0.006718365803603826
smooth,5,3.2200075002785185,-0.1015625,-0.0078125,-0.09813563525676727,-0.1002270057797432,-0.10081515222770407,0.0020913705229759216,0.0005881464479608745
smooth,5,3.253785074239435,-0.1015625,-0.01171875,-0.07454905658960342,-0.07409333437681198,-0.07289995532270244,0.00045572221279144287,0.0011933790541095446
smooth,5,3.265604330808458,-0.10546875,-0.01171875,-0.06753738224506378,-0.06529558449983597,-0.07022003353282558,0.0022417977452278137,0.0049244490329896085
smooth,5,3.2841122446464746,-0.1015625,-0.015625,-0.051890913397073746,-0.052419666200876236,-0.048749211227710705,0.0005287528038024902,0.003670454973165531
smooth,5,3.296528148748384,-0.10546875,-0.015625,-0.047561660408973694,-0.04452214017510414,-0.04634915918967282,0.0030395202338695526,0.0018270190145686788
smooth,5,3.3242849315795926,-0.10546875,-0.01953125,-0.03063339926302433,-0.029187345877289772,-0.0296680694096141,0.001446053385734558,0.0004807235323243293
smooth,5,3.3371146547252697,-0.109375,-0.01953125,-0.027468616142868996,-0.023160669952630997,-0.02524204348409375,0.004307946190237999,0.0020813735314627532
smooth,5,3.349822089586317,-0.10546875,-0.0234375,-0.017524033784866333,-0.017805956304073334,-0.014649274313006463,0.00028192251920700073,0.0031566819910668707
smooth,5,3.3622907997795455,-0.109375,-0.0234375,-0.015391217544674873,-0.013101632706820965,-0.01360936292185098,0.0022895848378539085,0.000507730215030016
smooth,5,3.3858444371075573,-0.109375,-0.02734375,-0.006225935649126768,-0.005532810464501381,-0.006576093889040807,0.0006931251846253872,0.001043283424539426
smooth,5,3.397750910608688,-0.11328125,-0.02734375,-0.004495670087635517,-0.0022800627630203962,-0.0018064708522683146,0.002215607324615121,0.0004735919107520816
smooth,5,3.4082401822672823,-0.109375,-0.03125,0.0007308084750548005,0.00030846521258354187,0.0035633621794027483,0.00042234326247125864,0.0032548969668192065
smooth,5,3.419662889360331,-0.11328125,-0.03125,0.0017857514321804047,0.0028626229614019394,0.0028299190990617234,0.0010768715292215347,3.2703862340215974e-05
smooth,5,3.440759452701946,-0.11328125,-0.03515625,0.00666297459974885,0.006950923707336187,0.0056583968826419044,0.0002879491075873375,0.001292526824694283
smooth,5,3.451394074562217,-0.1171875,-0.03515625,0.007475777063518763,0.008745369501411915,0.009836668509196247,0.0012695924378931522,0.0010912990077843326
smooth,5,3.461265480182347,-0.11328125,-0.0390625,0.010668613016605377,0.010273382067680359,0.01332181122633286,0.0003952309489250183,0.003048429158652501
smooth,5,3.471433478766627,-0.1171875,-0.0390625,0.010997974313795567,0.011723380535840988,0.01180722156417812,0.0007254062220454216,8.384102833713242e-05
smooth,5,3.4910671106877373,-0.1171875,-0.04296875,0.01420211885124445,0.014215701259672642,0.012292631347405415,1.3582408428192139e-05,0.0019230699122672265
smooth,5,3.500416538492966,-0.12109375,-0.04296875,0.014568015933036804,0.015279763378202915,0.016935498234122506,0.000711747445166111,0.0016557348559195911
smooth,5,3.5104167206602837,-0.1171875,-0.046875,0.016810527071356773,0.016342613846063614,0.02053852996772453,0.0004679132252931595,0.004195916121660915
smooth,5,3.519323315353424,-0.12109375,-0.046875,0.016575215384364128,0.017230670899152756,0.01754224760073673,0.0006554555147886276,0.00031157670158397585
smooth,5,3.538048653601867,-0.12109375,-0.05078125,0.01855500228703022,0.018943121656775475,0.015393614052019255,0.0003881193697452545,0.0035495076047562194
smooth,5,3.5461536605398973,-0.125,-0.05078125,0.01901024952530861,0.019628392532467842,0.020540819002130485,0.0006181430071592331,0.000912426469662643
smooth,5,3.556665498657096,-0.12109375,-0.0546875,0.021387316286563873,0.02047441154718399,0.025578320211407452,0.0009129047393798828,0.005103908664223462
smooth,5,3.5643378977848377,-0.125,-0.0546875,0.0209871344268322,0.021064843982458115,0.02341638459350415,7.770955562591553e-05,0.002351540611046036
smooth,5,3.5752344195302768,-0.12109375,-0.05859375,0.021909460425376892,0.02186916023492813,0.02065681508262076,4.0300190448760986e-05,0.0012123451523073717
smooth,5,3.5824704357075174,-0.125,-0.05859375,0.021309996023774147,0.022383730858564377,0.018431654902111315,0.0010737348347902298,0.003952075956453062
smooth,5,3.600597790791494,-0.125,-0.0625,0.02381197363138199,0.023616084828972816,0.02352599268085155,0.00019588880240917206,9.00921481212652e-05
smooth,5,3.607058796109356,-0.12890625,-0.0625,0.024194441735744476,0.02403896301984787,0.026630982875136714,0.00015547871589660645,0.002592019855288844
smooth,5,3.618759373174912,-0.125,-0.06640625,0.026077695190906525,0.024787377566099167,0.02954972060053043,0.0012903176248073578,0.004762343034431262
smooth,5,3.624773326576182,-0.12890625,-0.06640625,0.025019697844982147,0.025164691731333733,0.025311881998647676,0.0001449938863515854,0.00014719026731394372
smooth,5,3.636988688022843,-0.125,-0.0703125,0.025527937337756157,0.02591896429657936,0.023811463286827032,0.00039102695882320404,0.0021075010097523286
smooth,5,3.642540640702142,-0.12890625,-0.0703125,0.0248749777674675,0.026257481426000595,0.022821947101307794,0.0013825036585330963,0.003435534324692801
smooth,5,3.660385484217635,-0.12890625,-0.07421875,0.0270820502191782,0.027333516627550125,0.026544841524079966,0.00025146640837192535,0.0007886751034701586
smooth,5,3.6651830962226257,-0.1328125,-0.07421875,0.027764184400439262,0.027620859444141388,0.028622248915586974,0.00014332495629787445,0.0010013894714455858
smooth,5,3.678327982856768,-0.12890625,-0.078125,0.029743677005171776,0.0284069012850523,0.03189037426381815,0.0013367757201194763,0.0034834729787658475
smooth,5,3.682640539259437,-0.1328125,-0.078125,0.029087474569678307,0.028664935380220413,0.029652537165209696,0.00042253918945789337,0.000987601784989283
smooth,5,3.6963837542206472,-0.12890625,-0.08203125,0.030092528089880943,0.029490085318684578,0.030494176305818688,0.0006024427711963654,0.0010040909871341097
smooth,5,3.700188811559851,-0.1328125,-0.08203125,0.02901461534202099,0.029719727113842964,0.02811073752296864,0.0007051117718219757,0.0016089895908743233
smooth,5,3.714563798656058,-0.12890625,-0.0859375,0.02970784902572632,0.030594129115343094,0.02974184629378014,0.0008862800896167755,0.0008522828215629524
smooth,5,3.7178362287935456,-0.1328125,-0.0859375,0.029754724353551865,0.030795006081461906,0.02922003940251092,0.0010402817279100418,0.0015749666789509863
smooth,5,3.735586445373461,-0.1328125,-0.08984375,0.031406983733177185,0.03189937770366669,0.03145248964099086,0.000492393970489502,0.00044688806267582926
smooth,5,3.7381311847520906,-0.13671875,-0.08984375,0.031645916402339935,0.032060008496046066,0.03127292610138065,0.000414092093706131,0.0007870823946654129
smooth,5,3.7534380731892494,-0.1328125,-0.09375,0.03310601785778999,0.03304031491279602,0.03336713251537695,6.570294499397278e-05,0.0003268176025809297
smooth,5,3.7554243793235216,-0.13671875,-0.09375,0.03312145173549652,0.03316941857337952,0.032395227992353996,4.7966837882995605e-05,0.0007741905810255204
smooth,5,3.7713841839440985,-0.1328125,-0.09765625,0.034437503665685654,0.03422408550977707,0.034748991244055324,0.0002134181559085846,0.0005249057342782554
smooth,5,3.772785709354413,-0.13671875,-0.09765625,0.03434198349714279,0.03431824594736099,0.03334705098175667,2.3737549781799316e-05,0.0009711949656043203
smooth,5,3.789411727846149,-0.1328125,-0.1015625,0.035555481910705566,0.035455599427223206,0.03589070084630915,9.988248348236084e-05,0.00043510141908594674
smooth,5,3.790201817767165,-0.13671875,-0.1015625,0.03551027551293373,0.03551061451435089,0.03442854868110057,3.390014171600342e-07,0.001082065833250323
smooth,5,3.807500915569881,-0.1328125,-0.10546875,0.036619678139686584,0.03673819079995155,0.03697699192006729,0.00011851266026496887,0.00023880112011573362
smooth,5,3.807653479518177,-0.13671875,-0.10546875,0.03668001666665077,0.036749217659235,0.03543757904975238,6.920099258422852e-05,0.001311638609482621
smooth,5,3.825115222640166,-0.13671875,-0.109375,0.0379185825586319,0.03803509101271629,0.03651525805240598,0.00011650845408439636,0.0015198329603103161
smooth,5,3.825624630020057,-0.1328125,-0.109375,0.037843428552150726,0.03807331994175911,0.03827056396245837,0.00022989138960838318,0.00019724402069926095
smooth,5,3.842555068041328,-0.13671875,-0.11328125,0.03930699825286865,0.039367370307445526,0.037768970703545686,6.037205457687378e-05,0.0015983996038998402
smooth,5,3.843747957572711,-0.1328125,-0.11328125,0.03928639739751816,0.03946026414632797,0.03974038707216128,0.00017386674880981445,0.00028012292583330656
smooth,5,3.8599344713344994,-0.13671875,-0.1171875,0.04080483317375183,0.04074304550886154,0.03923230638550905,6.17876648902893e-05,0.001510739123352492
smooth,5,3.861827951383386,-0.1328125,-0.1171875,0.040887296199798584,0.04089578613638878,0.041347806887484025,8.489936590194702e-06,0.0004520207510952459
smooth,5,3.877208556528628,-0.13671875,-0.12109375,0.042282555252313614,0.042156774550676346,0.04077170513771762,0.00012578070163726807,0.0013850694129587254
smooth,5,3.8798137555639856,-0.1328125,-0.12109375,0.04240892082452774,0.04237385466694832,0.043000301584906774,3.5066157579422e-05,0.000626446917958455
smooth,5,3.897647219389336,-0.1328125,-0.125,0.04356715455651283,0.04388551041483879,0.04427825748368737,0.00031835585832595825,0.00039274706884857846
smooth,5,3.9012688099471577,-0.12890625,-0.125,0.04350046068429947,0.044197678565979004,0.04532780370756463,0.0006972178816795349,0.0011301251415856278
smooth,5,3.9152641052755,-0.1328125,-0.12890625,0.04483804479241371,0.045418884605169296,0.04353366990190037,0.0005808398127555847,0.0018852147032689254
smooth,5,3.919666809424287,-0.12890625,-0.12890625,0.04541417956352234,0.04580754041671753,0.0466646188430305,0.00039336085319519043,0.0008570784263129683
smooth,5,3.9325959360583527,-0.1328125,-0.1328125,0.04708876460790634,0.04695950448513031,0.04556129366619779,0.0001292601227760315,0.001398210818932523
smooth,5,3.9377626357043463,-0.12890625,-0.1328125,0.04750517010688782,0.04742366820573807,0.04901930014526633,8.150190114974976e-05,0.0015956319395282609
smooth,5,3.9495724362924904,-0.1328125,-0.13671875,0.04866711422801018,0.04849086329340935,0.047072271571593945,0.00017625093460083008,0.0014185917218154029
smooth,5,3.955472785435453,-0.12890625,-0.13671875,0.04887726157903671,0.049026429653167725,0.04978887098917604,0.00014916807413101196,0.000762441336008314
smooth,5,3.9727149911943234,-0.12890625,-0.140625,0.050678279250860214,0.05059488117694855,0.049935710413616406,8.339807391166687e-05,0.0006591707633321411
smooth,5,3.979961376046961,-0.125,-0.140625,0.05098859965801239,0.05125312879681587,0.053205429149565005,0.00026452913880348206,0.0019523003527491326
smooth,5,3.989412304395013,-0.12890625,-0.14453125,0.05267834663391113,0.05210815370082855,0.05054639774130925,0.0005701929330825806,0.0015617559595193023
smooth,5,3.9973484118852194,-0.125,-0.14453125,0.052643176168203354,0.052821267396211624,0.05361929743692803,0.00017809122800827026,0.0007980300407164076
smooth,5,4.014043500059751,-0.125,-0.1484375,0.05453452467918396,0.05429879203438759,0.05383252214445681,0.00023573264479637146,0.00046626988993078017
smooth,5,4.023461642645809,-0.12109375,-0.1484375,0.0546238012611866,0.05511358380317688,0.05706909936178491,0.0004897825419902802,0.0019555155586080328
smooth,5,4.029983337313213,-0.125,-0.15234375,0.05625529587268829,0.05566766858100891,0.05381924776751324,0.0005876272916793823,0.00184842081349567
smooth,5,4.039947597861354,-0.12109375,-0.15234375,0.05598852410912514,0.05649533122777939,0.056935014903076724,0.0005068071186542511,0.00043968367529733515
smooth,5,4.055524421018128,-0.12109375,-0.15625,0.05841118097305298,0.0577344112098217,0.05655051203473015,0.0006767697632312775,0.0011838991750915545
smooth,5,4.066955007874124,-0.1171875,-0.15625,0.05834643915295601,0.05859295278787613,0.059757654109780574,0.00024651363492012024,0.0011647013219044447
smooth,5,4.081904623613957,-0.1171875,-0.16015625,0.06012822315096855,0.05963897705078125,0.058879648338299374,0.0004892461001873016,0.0007593287124818757
smooth,5,4.0947757219282925,-0.11328125,-0.16015625,0.05962689593434334,0.060459718108177185,0.0620280888331894,0.000832822173833847,0.0015683707250122164
smooth,5,4.108807708187713,-0.11328125,-0.1640625,0.061713214963674545,0.061259351670742035,0.06061994260867494,0.0004538632929325104,0.000639409062067095
smooth,5,4.1229991340924705,-0.109375,-0.1640625,0.06113193556666374,0.061956487596035004,0.06353283286239862,0.0008245520293712616,0.0015763452663636185
smooth,5,4.13583226370701,-0.109375,-0.16796875,0.06296543031930923,0.062481965869665146,0.06160260051733126,0.00048346444964408875,0.0008793653523338843
smooth,5,4.151127523821166,-0.10546875,-0.16796875,0.062496285885572433,0.06296897679567337,0.06411432841015542,0.0004726909101009369,0.0011453516144820514
smooth,5,4.162533123831613,-0.10546875,-0.171875,0.06388025730848312,0.06322868168354034,0.061736310956497835,0.0006515756249427795,0.0014923707270425093
smooth,5,4.178642217106246,-0.1015625,-0.171875,0.06244693696498871,0.06343939155340195,0.06372059659545941,0.0009924545884132385,0.00028120504205746133
smooth,5,4.188479989440667,-0.1015625,-0.17578125,0.06381575018167496,0.06347652524709702,0.061032290656089914,0.0003392249345779419,0.002444234591007101
smooth,5,4.1958800651013295,-0.09765625,-0.171875,0.06272034347057343,0.0634584128856659,0.06546358807278227,0.0007380694150924683,0.002005175187116376
smooth,5,4.205081554127505,-0.09765625,-0.17578125,0.06371229887008667,0.06338086724281311,0.062424155968109435,0.00033143162727355957,0.0009567112747036755
smooth,5,4.222631767492448,-0.09375,-0.17578125,0.06214020401239395,0.0630660131573677,0.06351043796170819,0.0009258091449737549,0.0004444248043404819
smooth,5,4.230100598157042,-0.09375,-0.1796875,0.06306321918964386,0.06286703795194626,0.06040345200914101,0.00019618123769760132,0.002463585942805248
smooth,5,4.241068137370369,-0.08984375,-0.17578125,0.06198865920305252,0.06250689178705215,0.06420999770893085,0.0005182325839996338,0.0017031059218786948
smooth,5,4.24763959623084,-0.08984375,-0.1796875,0.06265976279973984,0.06225356459617615,0.06088725102154324,0.0004061982035636902,0.0013663135746329047
smooth,5,4.260288322062282,-0.0859375,-0.17578125,0.06120247393846512,0.06169028952717781,0.06445718836074774,0.00048781558871269226,0.002766898833569925
smooth,5,4.265840313438213,-0.0859375,-0.1796875,0.06190408021211624,0.06141294538974762,0.06099420356216104,0.0004911348223686218,0.00041874182758658285
smooth,5,4.284584727591822,-0.08203125,-0.1796875,0.05950683355331421,0.06035097688436508,0.060708272510417244,0.0008441433310508728,0.00035729562605216203
smooth,5,4.288516916131529,-0.08203125,-0.18359375,0.059969060122966766,0.060105226933956146,0.057534317678891285,0.00013616681098937988,0.0025709092550648613
smooth,5,4.303732981505288,-0.078125,-0.1796875,0.05858583375811577,0.059086769819259644,0.060061149619220315,0.0005009360611438751,0.0009743797999606715
smooth,5,4.306612236120935,-0.078125,-0.18359375,0.059216588735580444,0.05888279527425766,0.056902320977412005,0.0003337934613227844,0.001980474296845655
smooth,5,4.323132375822632,-0.07421875,-0.1796875,0.05734679475426674,0.05765121057629585,0.05891428880172299,0.00030441582202911377,0.001263078225427136
smooth,5,4.324933537890197,-0.07421875,-0.18359375,0.057718608528375626,0.057511139661073685,0.055781555380534475,0.00020746886730194092,0.0017295842805392092
smooth,5,4.3426279874663125,-0.0703125,-0.1796875,0.0558391772210598,0.056083470582962036,0.05738453596669558,0.00024429336190223694,0.001301065383733542
smooth,5,4.343354167853173,-0.0703125,-0.18359375,0.056065794080495834,0.05602307245135307,0.0543974721886398,4.272162914276123e-05,0.0016256002627132726
smooth,5,4.361752880810449,-0.06640625,-0.18359375,0.0544247105717659,0.05445433408021927,0.05290467143779577,2.962350845336914e-05,0.0015496626424234966
smooth,5,4.3620729489967855,-0.06640625,-0.1796875,0.054177720099687576,0.054426468908786774,0.055653870908342125,0.0002487488090991974,0.0012274019995553512
smooth,5,4.380019870329335,-0.0625,-0.18359375,0.05284153297543526,0.05284024775028229,0.051234483296914476,1.2852251529693604e-06,0.0016057644533678112
smooth,5,4.3813366581000714,-0.0625,-0.1796875,0.05246173217892647,0.05272234231233597,0.05378205010003308,0.0002606101334095001,0.001059707787697109
smooth,5,4.398060861686846,-0.05859375,-0.18359375,0.05137132480740547,0.05121304467320442,0.04953593382326751,0.0001582801342010498,0.001677110849936915
smooth,5,4.400309936490336,-0.05859375,-0.1796875,0.050745170563459396,0.051008883863687515,0.05191663340245568,0.0002637133002281189,0.0009077495387681614
smooth,5,4.415799108244639,-0.0546875,-0.18359375,0.04957070201635361,0.049600064754486084,0.047828285429836505,2.9362738132476807e-05,0.0017717793246495792
smooth,5,4.418907039414633,-0.0546875,-0.1796875,0.04893623664975166,0.049317367374897,0.04984461428888522,0.00038113072514533997,0.0005272469139882136
smooth,5,4.433175549772374,-0.05078125,-0.18359375,0.04746713116765022,0.04802297055721283,0.04596002075200453,0.0005558393895626068,0.0020629498052082973
smooth,5,4.437065078523839,-0.05078125,-0.1796875,0.047391682863235474,0.04767170920968056,0.047370105996849945,0.0002800263464450836,0.00030160321283061176
smooth,5,4.454741718375965,-0.046875,-0.1796875,0.04560206085443497,0.046088747680187225,0.04488495355501722,0.0004866868257522583,0.0012037941251700074
smooth,5,4.459751327711868,-0.046875,-0.17578125,0.04572338983416557,0.04564506933093071,0.04677774004880281,7.832050323486328e-05,0.0011326707178720974
smooth,5,4.47191199268939,-0.04296875,-0.1796875,0.044501062482595444,0.04457910731434822,0.043641704798858406,7.80448317527771e-05,0.0009374025154898144
smooth,5,4.477581434391528,-0.04296875,-0.17578125,0.04409561678767204,0.04408803582191467,0.04555382998571271,7.580965757369995e-06,0.001465794163798037
smooth,5,4.488564896739841,-0.0390625,-0.1796875,0.04288330301642418,0.04314838722348213,0.041982364312844814,0.0002650842070579529,0.0011660229106373182
smooth,5,4.494814995447116,-0.0390625,-0.17578125,0.042250797152519226,0.04262099415063858,0.04222404850583576,0.00037019699811935425,0.000396945644802818
smooth,5,4.511459927275454,-0.03515625,-0.17578125,0.04053201526403427,0.04124410077929497,0.04004028374570807,0.0007120855152606964,0.0012038170335869
smooth,5,4.518736499298901,-0.03515625,-0.171875,0.040730975568294525,0.04065532609820366,0.041810835123818016,7.564947009086609e-05,0.0011555090256143569
smooth,5,4.527532146018159,-0.03125,-0.17578125,0.039870958775281906,0.03995465114712715,0.039481023074905225,8.369237184524536e-05,0.0004736280722219266
smooth,5,4.535257194412883,-0.03125,-0.171875,0.039288297295570374,0.03934933990240097,0.03970300249141459,6.104260683059692e-05,0.00035366258901362024
smooth,5,4.55116708358405,-0.02734375,-0.171875,0.037618059664964676,0.03813259303569794,0.037091830452833395,0.0005145333707332611,0.001040762582864542
smooth,5,4.559833656128479,-0.02734375,-0.16796875,0.03754151612520218,0.03748667240142822,0.03836571899363753,5.48437237739563e-05,0.0008790465922093108
smooth,5,4.5664991696269155,-0.0234375,-0.171875,0.036701321601867676,0.03699789568781853,0.03646930560206095,0.00029657408595085144,0.000528590085757577
smooth,5,4.575495145655224,-0.0234375,-0.16796875,0.036297716200351715,0.03634907305240631,0.03623341304285158,5.135685205459595e-05,0.0001156600095547286
smooth,5,4.590567954690628,-0.01953125,-0.16796875,0.0347471609711647,0.035289086401462555,0.03486389073985123,0.0005419254302978516,0.0004251956616113245
smooth,5,4.6004117166055,-0.01953125,-0.1640625,0.03475930914282799,0.03461439535021782,0.035609237709673044,0.00014491379261016846,0.0009948423594552253
smooth,5,4.615170183108414,-0.015625,-0.1640625,0.033456187695264816,0.03362718224525452,0.03304927808930322,0.00017099454998970032,0.0005779041559512976
smooth,5,4.625823894925379,-0.015625,-0.16015625,0.032980356365442276,0.0329313725233078,0.03329093073901976,4.898384213447571e-05,0.0003595582157119581
smooth,5,4.629388526839507,-0.01171875,-0.1640625,0.03243838995695114,0.032701488584280014,0.03228817365995,0.0002630986273288727,0.00041331492433001327
smooth,5,4.640229461864094,-0.01171875,-0.16015625,0.03197791427373886,0.03201068937778473,0.03217386903618965,3.277510404586792e-05,0.00016317965840492027
smooth,5,4.654112852372409,-0.0078125,-0.16015625,0.030972229316830635,0.03114253468811512,0.03091627814245419,0.00017030537128448486,0.0002262565456609307
smooth,5,4.6656857192719166,-0.0078125,-0.15625,0.030603183433413506,0.030430832877755165,0.03125129689349763,0.00017235055565834045,0.0008204640157424628
smooth,5,4.6792200372340345,-0.00390625,-0.15625,0.029195019975304604,0.029609298333525658,0.029394062655729327,0.0004142783582210541,0.0002152356777963306
smooth,5,4.691497749262229,-0.00390625,-0.15234375,0.029051339253783226,0.028871113434433937,0.030039616752315413,0.00018022581934928894,0.001168503317881476
smooth,5,4.704682592893983,0.0,-0.15234375,0.02768961526453495,0.028082232922315598,0.027822700483950687,0.0003926176577806473,0.00025953243836491016
smooth,5,4.717644990777777,0.0,-0.1484375,0.02750103548169136,0.027306532487273216,0.0285185379141889,0.00019450299441814423,0.0012120054269156855
smooth,5,4.730493006921369,0.00390625,-0.1484375,0.02614894136786461,0.02653314545750618,0.02630883809248686,0.00038420408964157104,0.0002243073650193203
smooth,5,4.744129062662587,0.00390625,-0.14453125,0.02589591220021248,0.02570200338959694,0.026866178451323962,0.00019390881061553955,0.0011641750617270227
smooth,5,4.756665655204671,0.0078125,-0.14453125,0.024527182802557945,0.02492312155663967,0.024770603415535792,0.0003959387540817261,0.00015251814110387937
smooth,5,4.770975651025418,0.0078125,-0.140625,0.02409166470170021,0.02400948666036129,0.025429961922471545,8.21780413389206e-05,0.0014204752621102545
smooth,5,4.783239428930175,0.01171875,-0.140625,0.02278263494372368,0.02319895476102829,0.02332088507930628,0.0004163198173046112,0.00012193031827799003
smooth,5,4.798237444173696,0.01171875,-0.13671875,0.02198641374707222,0.02216310054063797,0.022972387699186265,0.00017668679356575012,0.0008092871585482948
smooth,5,4.810281845665942,0.015625,-0.13671875,0.020474087446928024,0.021287156268954277,0.021639445563072623,0.0008130688220262527,0.0003522892941183464
smooth,5,4.813872608025308,0.01171875,-0.1328125,0.021032772958278656,0.021017147228121758,0.020458250274907545,1.56257301568985e-05,0.0005588969532142121
smooth,5,4.825999012676587,0.015625,-0.1328125,0.01994249038398266,0.02007089927792549,0.01941270597438381,0.00012840889394283295,0.0006581933035416827
smooth,5,4.8423774472919945,0.015625,-0.12890625,0.019239630550146103,0.01869504526257515,0.0212715274982456,0.0005445852875709534,0.00257648223567045
smooth,5,4.854384965098049,0.01953125,-0.12890625,0.017427751794457436,0.01760106347501278,0.018366225827772014,0.00017331168055534363,0.0007651623527592348
smooth,5,4.871569049977544,0.01953125,-0.125,0.015595165081322193,0.0158834308385849,0.015881146664168833,0.00028826575726270676,2.2841744160666255e-06
smooth,5,4.883573604837353,0.0234375,-0.125,0.01347711868584156,0.014558078721165657,0.015221977922758563,0.0010809600353240967,0.0006638992015929063
smooth,5,4.889466757977145,0.01953125,-0.12109375,0.013885049149394035,0.013864154927432537,0.013454161988351032,2.089422196149826e-05,0.0004099929390815049
smooth,5,4.9016577944127535,0.0234375,-0.12109375,0.012047840282320976,0.012327012605965137,0.010186158249122373,0.0002791723236441612,0.0021408543568427647
smooth,5,4.9205000392490525,0.0234375,-0.1171875,0.010226470418274403,0.00964080449193716,0.013888514222275196,0.0005856659263372421,0.004247709730338035
smooth,5,4.932943961785343,0.02734375,-0.1171875,0.006860141642391682,0.007624013349413872,0.008232327655639502,0.0007638717070221901,0.0006083143062256303
smooth,5,4.952883073339714,0.02734375,-0.11328125,0.0035058127250522375,0.003908244427293539,0.00208951627570615,0.00040243170224130154,0.0018187281515873888
smooth,5,4.96586725792307,0.03125,-0.11328125,-0.0005524224834516644,0.0011129039339721203,0.003142681706746555,0.0016653264174237847,0.0020297777727744347
smooth,5,4.973622712224831,0.02734375,-0.109375,-4.480451752897352e-05,-0.0007187881274148822,0.002140689286629844,0.0006739836098859087,0.002859477414044726
smooth,5,4.987122117279135,0.03125,-0.109375,-0.005300351418554783,-0.004230411723256111,-0.005768988747990381,0.0010699396952986717,0.0015385770247342695
smooth,5,5.009207586084856,0.03125,-0.10546875,-0.011208678595721722,-0.010990300215780735,-0.010363757607993029,0.00021837837994098663,0.0006265426077877063
smooth,5,5.023981147553667,0.03515625,-0.10546875,-0.0187726728618145,-0.01632552221417427,-0.016238437310338798,0.0024471506476402283,8.70849038354729e-05
smooth,5,5.047672923940715,0.03515625,-0.1015625,-0.027726592496037483,-0.026466716080904007,-0.02711504536047022,0.0012598764151334763,0.0006483292795662135
smooth,5,5.064650087478932,0.0390625,-0.1015625,-0.03969957306981087,-0.0350724533200264,-0.038833252634884935,0.00462711974978447,0.0037607993148585372
smooth,5,5.071860928857503,0.03515625,-0.09765625,-0.03841742128133774,-0.039087653160095215,-0.036932512409862825,0.0006702318787574768,0.00215514075023239
smooth,5,5.090178756417376,0.0390625,-0.09765625,-0.05200479179620743,-0.05026628077030182,-0.05132112985572332,0.0017385110259056091,0.0010548490854214998
smooth,5,5.115605371902603,0.0390625,-0.09375,-0.06828496605157852,-0.0679563581943512,-0.06528152268454553,0.00032860785722732544,0.0026748355098056703
smooth,5,5.138086393925867,0.04296875,-0.09375,-0.08555810898542404,-0.08511511981487274,-0.08725310019914007,0.00044298917055130005,0.002137980384267324
smooth,5,5.163582830997381,0.04296875,-0.08984375,-0.10423102229833603,-0.10475172102451324,-0.10119525202240515,0.0005206987261772156,0.003556469002108098
smooth,5,5.191526910868464,0.046875,-0.08984375,-0.11628871411085129,-0.12335564941167831,-0.12395468056492774,0.007066935300827026,0.0005990311532494269
smooth,5,5.2139767737988825,0.046875,-0.0859375,-0.13515427708625793,-0.13327473402023315,-0.12790025484820147,0.0018795430660247803,0.005374479172031682
smooth,5,5.225370351200323,0.05078125,-0.08984375,-0.12012353539466858,-0.13590702414512634,-0.13967734975335522,0.015783488750457764,0.003770325608228875
smooth,5,5.246005620524236,0.05078125,-0.0859375,-0.1321106106042862,-0.1359957903623581,-0.1340254540539602,0.0038851797580718994,0.0019703363083978798
smooth,5,5.281912776871247,0.0546875,-0.0859375,-0.1151994839310646,-0.12252300977706909,-0.12433391193314142,0.007323525846004486,0.0018109021560723249
smooth,5,5.294621487928679,0.0546875,-0.08203125,-0.11354055255651474,-0.11455079168081284,-0.10978406673807728,0.0010102391242980957,0.004766724942735556
smooth,5,5.319425160299595,0.05859375,-0.0859375,-0.09436684846878052,-0.09637364000082016,-0.10169252130239215,0.0020067915320396423,0.005318881301571987
smooth,5,5.328264109911991,0.05859375,-0.08203125,-0.09047698974609375,-0.08950377255678177,-0.08750121318503913,0.0009732171893119812,0.0020025593717426377
smooth,5,5.355873465348459,0.0625,-0.0859375,-0.07128061354160309,-0.06832350045442581,-0.0753257511689594,0.0029571130871772766,0.007002250714533587
smooth,5,5.361521338533295,0.0625,-0.08203125,-0.06577353179454803,-0.06419184058904648,-0.06397839216841686,0.0015816912055015564,0.00021344842062961944
smooth,5,5.393351509634324,0.06640625,-0.08203125,-0.04463093727827072,-0.04305195435881615,-0.04384242445571254,0.0015789829194545746,0.0007904700968963951
smooth,5,5.396527315438615,0.06640625,-0.078125,-0.039713069796562195,-0.04116646200418472,-0.03752589998431664,0.001453392207622528,0.0036405620198680863
smooth,5,5.423388656525032,0.0703125,-0.08203125,-0.028587672859430313,-0.02690039947628975,-0.027844644603063497,0.001687273383140564,0.0009442451267737476
smooth,5,5.42544116242821,0.0703125,-0.078125,-0.024392571300268173,-0.02593102678656578,-0.023516678477837335,0.0015384554862976074,0.0024143483087284458
smooth,5,5.451663738049818,0.07421875,-0.08203125,-0.01652524247765541,-0.014933961443603039,-0.015790249164920576,0.001591281034052372,0.0008562877213175377
smooth,5,5.453062069987151,0.07421875,-0.078125,-0.013428100384771824,-0.014415498822927475,-0.012733565856994665,0.000987398438155651,0.00168193296593281
smooth,5,5.478360019924693,0.078125,-0.08203125,-0.007411321625113487,-0.006079223472625017,-0.0068123608693527495,0.00133209815248847,0.0007331373967277323
smooth,5,5.4794292133475535,0.078125,-0.078125,-0.005076813045889139,-0.0057672434486448765,-0.004559410967055756,0.0006904304027557373,0.0012078324815891208
smooth,5,5.503690043324492,0.08203125,-0.08203125,-0.0005226244684308767,0.0005554415984079242,-9.624853464260962e-05,0.001078066066838801,0.0006516901330505338
smooth,5,5.504649564934919,0.08203125,-0.078125,0.0013041096972301602,0.00077808927744627,0.001684142580133324,0.0005260204197838902,0.000906053302687054
smooth,5,5.527848993118028,0.0859375,-0.08203125,0.0047167702578008175,0.005619782023131847,0.0050100308643263826,0.0009030117653310299,0.0006097511588054648
smooth,5,5.528847022143314,0.0859375,-0.078125,0.0062517630867660046,0.005806648638099432,0.006550112668449083,0.00044511444866657257,0.0007434640303496508
smooth,5,5.5510020362999555,0.08984375,-0.08203125,0.008812212385237217,0.009567859582602978,0.008978688079588917,0.0007556471973657608,0.0005891715030140604
smooth,5,5.552139778816451,0.08984375,-0.078125,0.01018466241657734,0.00974267814308405,0.010416553233732204,0.00044198427349328995,0.0006738750906481548
smooth,5,5.5732843170552835,0.09375,-0.08203125,0.012159512378275394,0.012714422307908535,0.01219088727403519,0.0005549099296331406,0.0005235350338733454
smooth,5,5.574632002891662,0.09375,-0.078125,0.01343865692615509,0.012887494638562202,0.013679464999287334,0.0005511622875928879,0.0007919703607251315
smooth,5,5.5948048109770525,0.09765625,-0.08203125,0.015080721117556095,0.0152790118008852,0.015063947875065573,0.00019829068332910538,0.00021506392581962727
smooth,5,5.596411971508643,0.09765625,-0.078125,0.016275400295853615,0.015454856678843498,0.01675218393165974,0.0008205436170101166,0.001297327252816241
smooth,5,5.615650778790695,0.1015625,-0.08203125,0.01749696582555771,0.01741664856672287,0.017846311393123867,8.031725883483887e-05,0.00042966282640099704
smooth,5,5.617552829223478,0.1015625,-0.078125,0.018390879034996033,0.01759749837219715,0.019312423417059715,0.0007933806627988815,0.0017149250448625641
smooth,5,5.635891759335745,0.10546875,-0.08203125,0.019086292013525963,0.019238393753767014,0.019611939238095556,0.00015210174024105072,0.000373545484328542
smooth,5,5.638114232650701,0.10546875,-0.078125,0.019612213596701622,0.01942574605345726,0.01969131440581004,0.00018646754324436188,0.00026556835235277965
smooth,5,5.655582860126807,0.109375,-0.08203125,0.02012641727924347,0.02082499861717224,0.02049283229984617,0.000698581337928772,0.00033216631732607
smooth,5,5.658144144821774,0.109375,-0.078125,0.020480964332818985,0.021020274609327316,0.020091706054531738,0.0005393102765083313,0.0009285685547955787
smooth,5,5.6747673835377945,0.11328125,-0.08203125,0.02102365903556347,0.02223600447177887,0.021569217432927574,0.0012123454362154007,0.0006667870388512957
smooth,5,5.677680497409017,0.11328125,-0.078125,0.021398769691586494,0.022440798580646515,0.021265004933668404,0.0010420288890600204,0.0011757936469781113
smooth,5,5.696752638145828,0.1171875,-0.078125,0.022607209160923958,0.023732014000415802,0.022166786114174098,0.0011248048394918442,0.001565227886241704
smooth,5,5.700173541115094,0.1171875,-0.07421875,0.023579303175210953,0.023955753073096275,0.023142051196023083,0.00037644989788532257,0.0008137018770731919
smooth,5,5.715382564224544,0.12109375,-0.078125,0.024534650146961212,0.024927690625190735,0.024380758861093497,0.0003930404782295227,0.0005469317640972374
smooth,5,5.719193052974678,0.12109375,-0.07421875,0.025864852592349052,0.025166228413581848,0.02723334207503921,0.0006986241787672043,0.0020671136614573635
smooth,5,5.73358597236649,0.125,-0.078125,0.02601351961493492,0.02605351246893406,0.027481978046953043,3.999285399913788e-05,0.0014284655780189837
smooth,5,5.737788911960698,0.125,-0.07421875,0.02701723203063011,0.026309307664632797,0.028380709692524764,0.0007079243659973145,0.0020714020278919665
smooth,5,5.7513731653302465,0.12890625,-0.078125,0.026812387630343437,0.02712908200919628,0.02604999915220562,0.00031669437885284424,0.001079082856990661
smooth,5,5.7559683539073125,0.12890625,-0.07421875,0.027486100792884827,0.027404703199863434,0.026531924128728256,8.139759302139282e-05,0.0008727790711351782
smooth,5,5.773734145298895,0.1328125,-0.07421875,0.028191030025482178,0.028467373922467232,0.029561280046723225,0.000276343896985054,0.001093906124255993
smooth,5,5.778986787624907,0.1328125,-0.0703125,0.028639469295740128,0.028781775385141373,0.02908962581153242,0.00014230608940124512,0.00030785042639104587
smooth,5,5.791085237614327,0.13671875,-0.07421875,0.028344476595520973,0.029508553445339203,0.028214653288320242,0.0011640768498182297,0.001293900157018961
smooth,5,5.7967482710465426,0.13671875,-0.0703125,0.029415519908070564,0.02985064871609211,0.028675143201829675,0.0004351288080215454,0.001175505514262435
smooth,5,5.808017414540853,0.140625,-0.07421875,0.029865026473999023,0.030536474660038948,0.028226424839182068,0.0006714481860399246,0.0023100498208568805
smooth,5,5.814081208040437,0.140625,-0.0703125,0.031217679381370544,0.030908901244401932,0.03221961517143071,0.00030877813696861267,0.0013107139270287782
smooth,5,5.830975557482505,0.14453125,-0.0703125,0.03205590695142746,0.03196204826235771,0.034719902954917004,9.385868906974792e-05,0.0027578546925592917
smooth,5,5.837812493609166,0.14453125,-0.06640625,0.03242730349302292,0.032395750284194946,0.03128606110198795,3.155320882797241e-05,0.0011096891822069965
smooth,5,5.847419454699798,0.1484375,-0.0703125,0.031881384551525116,0.0330134816467762,0.028921790413513036,0.0011320970952510834,0.004091691233263164
smooth,5,5.854654709963711,0.1484375,-0.06640625,0.03331217169761658,0.03348562866449356,0.03353599824521398,0.00017345696687698364,5.0369580720417695e-05
smooth,5,5.863399944394629,0.15234375,-0.0703125,0.03367944061756134,0.034064821898937225,0.03504109658245867,0.000385381281375885,0.000976274683521447
smooth,5,5.871011624578901,0.15234375,-0.06640625,0.03467106074094772,0.03457694128155708,0.03780945369459706,9.411945939064026e-05,0.003232512413039977
smooth,5,5.886866418121299,0.15625,-0.06640625,0.03486642241477966,0.03566914051771164,0.03287371332003132,0.0008027181029319763,0.0027954271976803197
smooth,5,5.895339221688044,0.15625,-0.0625,0.03624511510133743,0.03626764938235283,0.03701085135347097,2.2534281015396118e-05,0.0007432019711181431
smooth,5,5.902203021222209,0.16015625,-0.06640625,0.03625887259840965,0.03676038235425949,0.0364784983055478,0.0005015097558498383,0.00028188404871169054
smooth,5,5.911017420731321,0.16015625,-0.0625,0.037465572357177734,0.037403736263513565,0.03906649474710794,6.183609366416931e-05,0.0016627584835943732
smooth,5,5.926126924142122,0.1640625,-0.0625,0.03829357400536537,0.03853485733270645,0.03747563202299233,0.0002412833273410797,0.0010592253097141194
smooth,5,5.935855096028421,0.1640625,-0.05859375,0.039344318211078644,0.039282288402318954,0.04073116814976912,6.202980875968933e-05,0.0014488797474501644
smooth,5,5.950657410492444,0.16796875,-0.05859375,0.04009049013257027,0.04044841229915619,0.04016697412381365,0.00035792216658592224,0.000281438175342541
smooth,5,5.961353775359374,0.16796875,-0.0546875,0.04148826748132706,0.04131244495511055,0.04228550388414803,0.00017582252621650696,0.0009730589290374778
smooth,5,5.97574608380354,0.171875,-0.0546875,0.04241134971380234,0.04250241070985794,0.04261980351026821,9.106099605560303e-05,0.00011739280041026673
smooth,5,5.987449899510554,0.171875,-0.05078125,0.04325421154499054,0.043492093682289124,0.04484784935118538,0.00023788213729858398,0.001355755668896258
smooth,5,5.989437605708704,0.17578125,-0.0546875,0.04382600635290146,0.04366203397512436,0.04254931869649225,0.0001639723777770996,0.0011127152786321107
smooth,5,6.0013054998923865,0.17578125,-0.05078125,0.044607434421777725,0.04468720778822899,0.04483826102819677,7.977336645126343e-05,0.00015105323996777997
smooth,5,6.014400360003376,0.1796875,-0.05078125,0.04608773812651634,0.04583749920129776,0.044688200912688984,0.00025023892521858215,0.0011492982886087758
smooth,5,6.027201020555007,0.1796875,-0.046875,0.0468008853495121,0.04697832837700844,0.047128129014839995,0.0001774430274963379,0.00014980063783155695
smooth,5,6.039557735550069,0.18359375,-0.046875,0.048421453684568405,0.048091500997543335,0.04673638487461252,0.0003299526870250702,0.0013551161229308148
smooth,5,6.053245723943959,0.18359375,-0.04296875,0.04944417253136635,0.04933348670601845,0.04929552507880714,0.00011068582534790039,3.796162721130675e-05
smooth,5,6.064715585342061,0.1875,-0.04296875,0.05048152059316635,0.05037708580493927,0.04861283142808767,0.0001044347882270813,0.0017642543768515984
smooth,5,6.067900741276557,0.18359375,-0.0390625,0.050360944122076035,0.050666775554418564,0.05216939042883143,0.0003058314323425293,0.0015026148744128678
smooth,5,6.079201791853174,0.1875,-0.0390625,0.05164843797683716,0.051692117005586624,0.05121079196805361,4.367902874946594e-05,0.0004813250375330161
smooth,5,6.094663454954367,0.1875,-0.03515625,0.05269865691661835,0.05308215692639351,0.054031057369875284,0.00038350000977516174,0.0009489004434817747
smooth,5,6.104791609881093,0.19140625,-0.03515625,0.05417371168732643,0.053979258984327316,0.0527706077115339,0.000194452702999115,0.0012086512727934179
smooth,5,6.120884175208848,0.19140625,-0.03125,0.05536627769470215,0.05537191405892372,0.055436784695562846,5.636364221572876e-06,6.487063663912496e-05
smooth,5,6.12971964003029,0.1953125,-0.03125,0.05619353801012039,0.05611437186598778,0.053845242355321975,7.916614413261414e-05,0.002269129510665803
smooth,5,6.137967461733066,0.19140625,-0.02734375,0.05632376670837402,0.056790053844451904,0.05824664706244482,0.00046628713607788086,0.0014565932179929145
smooth,5,6.146227265341711,0.1953125,-0.02734375,0.05776481702923775,0.05744743347167969,0.05629447451149613,0.0003173835575580597,0.0011529589601835602
smooth,5,6.163615203266604,0.1953125,-0.0234375,0.05896328389644623,0.058757323771715164,0.05872382709018034,0.00020596012473106384,3.349668153482255e-05
smooth,5,6.170390313481508,0.19921875,-0.0234375,0.059202417731285095,0.05923669412732124,0.05654445445083316,3.427639603614807e-05,0.00269223967648808
smooth,5,6.181871848403453,0.1953125,-0.01953125,0.05913681536912918,0.06000395119190216,0.061075455217939216,0.0008671358227729797,0.0010715040260370554
smooth,5,6.187814898914936,0.19921875,-0.01953125,0.06094461679458618,0.060377027839422226,0.058546578981976155,0.0005675889551639557,0.0018304488574460709
smooth,5,6.200953263642709,0.1953125,-0.015625,0.05959687754511833,0.06113826856017113,0.06322281732132984,0.0015413910150527954,0.002084548761158711
smooth,5,6.205927404574493,0.19921875,-0.015625,0.061828434467315674,0.06140222027897835,0.060359482817200466,0.00042621418833732605,0.0010427374617778817
smooth,5,6.220775479338444,0.1953125,-0.01171875,0.06041454151272774,0.06210491433739662,0.06503791350971538,0.0016903728246688843,0.002932999172318762
smooth,5,6.224648391680643,0.19921875,-0.01171875,0.06251290440559387,0.062266234308481216,0.06190631418331567,0.00024667009711265564,0.0003599201251655443
smooth,5,6.243865235437626,0.19921875,-0.0078125,0.061871469020843506,0.06292377412319183,0.06308511230746687,0.0010523051023483276,0.00016133818427503666
smooth,5,6.263433865197198,0.19921875,-0.00390625,0.06197558343410492,0.06333602219820023,0.06382788205992296,0.0013604387640953064,0.0004918598617227321
