N,t,i,imax,stage,returned_steps,band_cells,count,Egrad_mean,Egrad_rms,Egrad_linf,grad_min,grad_max,phi_change_mean,phi_change_linf,sign_mismatch,f_interface_l1,f_interface_count,volume_phi,volume_vof,volume_rel_diff
512,0,0,2,pre,-1,1.5,1536,0.000986283848693,0.00120728949231,0.00201703910448,0.999981022165,1.0020170391,0,0,0,1.73444665766e-05,528,2,2,0
512,0,0,2,pre,-1,3.0,3072,0.000986299784757,0.00120760397383,0.00201703910448,0.999981022165,1.0020170391,0,0,0,1.73444665766e-05,528,2,2,0
512,0,0,2,post,2,1.5,1536,0.00048679608366,0.000606093946181,0.00133349273638,0.999985723447,1.00133349274,1.7455405388e-06,6.35223305303e-06,0,2.07981412011e-05,528,2,2,2.9487523534e-13
512,0,0,2,post,2,3.0,3072,0.000662620142796,0.000846256188119,0.00184404462318,0.999985723447,1.00184404462,2.67960261578e-06,7.52878251322e-06,0,2.07981412011e-05,528,2,2,2.9487523534e-13
512,0,0,2,pre,-1,1.5,1536,0.000487825873263,0.000606716084444,0.00134677950577,0.999968303357,1.00134677951,0,0,0,3.2493226375e-05,528,2,2,2.9487523534e-13
512,0,0,2,pre,-1,3.0,3080,0.000664690107606,0.000847831405679,0.00184404462318,0.999968303357,1.00184404462,0,0,0,3.2493226375e-05,528,2,2,2.9487523534e-13
512,0,0,2,post,2,1.5,1536,0.000207459723733,0.000263285641744,0.000671332192995,0.999979517663,1.00067133219,7.14104056825e-07,3.14668598444e-06,0,4.08437979124e-05,528,2,2,8.45989944764e-13
512,0,0,2,post,2,3.0,3080,0.000383321056788,0.000528735562903,0.00148081835861,0.999978882556,1.00148081836,1.67672670348e-06,6.5978407734e-06,0,4.08437979124e-05,528,2,2,8.45989944764e-13
512,0.011907020311708696,100,2,pre,-1,1.5,1544,2.30905959682e-06,2.98357766843e-06,7.39370412717e-06,0.999992606296,1.00000574942,0,0,0,0.000232505203068,536,2.00000000072,2.00000000071,4.89652762606e-12
512,0.011907020311708696,100,2,pre,-1,3.0,3072,4.48285762631e-06,5.9819238624e-06,1.77133824391e-05,0.999982286618,1.00001334169,0,0,0,0.000232505203068,536,2.00000000072,2.00000000071,4.89652762606e-12
512,0.011907020311708696,100,2,post,2,1.5,1544,9.10479370455e-07,1.17892969333e-06,3.3216584554e-06,0.9999973101,1.00000332166,5.00068375897e-09,2.05096252343e-08,0,0.000232948128856,536,2.00000000072,2.00000000071,4.42712533142e-12
512,0.011907020311708696,100,2,post,2,3.0,3072,2.17744514221e-06,3.07574981651e-06,1.0551993107e-05,0.999989448007,1.0000073437,1.17426783786e-08,5.19012655371e-08,0,0.000232948128856,536,2.00000000072,2.00000000071,4.42712533142e-12
512,0.025137042880273911,200,2,pre,-1,1.5,1544,3.48828829858e-06,4.55044517277e-06,1.15215771289e-05,0.999988478423,1.00000644307,0,0,0,0.00022579690989,536,2.00000000352,2.00000000348,2.14708250805e-11
512,0.025137042880273911,200,2,pre,-1,3.0,3072,6.66899755742e-06,8.72822863587e-06,1.9251729207e-05,0.999981126835,1.00001925173,0,0,0,0.00022579690989,536,2.00000000352,2.00000000348,2.14708250805e-11
512,0.025137042880273911,200,2,post,2,1.5,1544,1.30480174889e-06,1.75029000122e-06,4.9207915096e-06,0.999995079208,1.00000354148,6.86106875722e-09,2.68389069953e-08,0,0.000226315646153,536,2.00000000353,2.00000000348,2.27953211465e-11
512,0.025137042880273911,200,2,post,2,3.0,3072,3.13352514045e-06,4.32820583395e-06,1.0768028792e-05,0.999989231971,1.00001013531,1.6355246961e-08,5.34677723069e-08,0,0.000226315646153,536,2.00000000353,2.00000000348,2.27953211465e-11
512,0.038367065448839131,300,2,pre,-1,1.5,1536,4.4397781483e-06,5.84055299808e-06,1.49506245321e-05,0.999985049375,1.00000741181,0,0,0,0.000213709780073,536,2.00000000606,2.000000006,2.8747226735e-11
512,0.038367065448839131,300,2,pre,-1,3.0,3072,8.23478521463e-06,1.0770237976e-05,2.4651529508e-05,0.99997534847,1.00002146269,0,0,0,0.000213709780073,536,2.00000000606,2.000000006,2.8747226735e-11
512,0.038367065448839131,300,2,post,2,1.5,1536,1.66422060756e-06,2.30894294225e-06,7.22386353091e-06,0.999992776136,1.00000401537,8.3782273994e-09,3.75073418392e-08,0,0.000214249153152,536,2.00000000606,2.000000006,2.9946267598e-11
512,0.038367065448839131,300,2,post,2,3.0,3072,3.85290060846e-06,5.34004741993e-06,1.39968006145e-05,0.999986003199,1.00001081716,1.96396960752e-08,6.93546756535e-08,0,0.000214249153152,536,2.00000000606,2.000000006,2.9946267598e-11
512,0.051597088017404355,400,2,pre,-1,1.5,1536,4.81051515178e-06,6.46326087486e-06,1.71198381385e-05,0.999982880162,1.00000854959,0,0,0,0.000199131284759,536,2.00000001013,2.0000000101,1.80651048763e-11
512,0.051597088017404355,400,2,pre,-1,3.0,3072,9.28195672381e-06,1.22368968156e-05,2.91364625367e-05,0.999970863537,1.00002179569,0,0,0,0.000199131284759,536,2.00000001013,2.0000000101,1.80651048763e-11
512,0.051597088017404355,400,2,post,2,1.5,1536,1.77713885064e-06,2.4573110023e-06,6.45916450515e-06,0.999993540835,1.00000411296,8.76646843737e-09,3.83417568172e-08,0,0.000199578474682,536,2.00000001013,2.0000000101,1.94853021622e-11
512,0.051597088017404355,400,2,post,2,3.0,3072,4.30551593974e-06,6.08472977231e-06,1.62625523203e-05,0.999983737448,1.00001057158,2.17866086155e-08,8.07459368968e-08,0,0.000199578474682,536,2.00000001013,2.0000000101,1.94853021622e-11
512,0.064827110585969586,500,2,pre,-1,1.5,1536,4.6523826122e-06,6.0060316994e-06,1.90655837157e-05,0.999980934416,1.0000109214,0,0,0,0.000180397722869,536,2.0000000152,2.00000001518,1.25239817565e-11
512,0.064827110585969586,500,2,pre,-1,3.0,3080,1.00714946912e-05,1.34573524344e-05,3.38005521099e-05,0.999966199448,1.00002198223,0,0,0,0.000180397722869,536,2.0000000152,2.00000001518,1.25239817565e-11
512,0.064827110585969586,500,2,post,2,1.5,1536,1.76765378469e-06,2.22916710961e-06,7.84534446785e-06,0.999992154656,1.00000392014,8.64562903034e-09,4.18140185636e-08,0,0.0001808589328,536,2.00000001521,2.00000001518,1.33912879768e-11
512,0.064827110585969586,500,2,post,2,3.0,3080,4.75514392883e-06,6.8159036072e-06,1.8556131905e-05,0.999981443868,1.00001082683,2.39535153663e-08,9.18603941611e-08,0,0.0001808589328,536,2.00000001521,2.00000001518,1.33912879768e-11
512,0.078057133154534789,600,2,pre,-1,1.5,1536,4.65855774283e-06,5.97698746823e-06,1.5088734503e-05,0.999984911265,1.00000801609,0,0,0,0.000162747982677,528,2.00000002166,2.00000002165,1.73749901473e-12
512,0.078057133154534789,600,2,pre,-1,3.0,3072,1.0358287174e-05,1.40504883034e-05,3.79167385737e-05,0.999962083261,1.00002416776,0,0,0,0.000162747982677,528,2.00000002166,2.00000002165,1.73749901473e-12
512,0.078057133154534789,600,2,post,2,1.5,1536,1.70756123147e-06,2.18183692948e-06,6.97186051879e-06,0.999993028139,1.00000365522,8.35891113063e-09,3.70880195869e-08,0,0.000163392226857,528,2.00000002166,2.00000002165,3.63953307992e-12
512,0.078057133154534789,600,2,post,2,3.0,3072,4.87927792325e-06,7.19360559029e-06,2.13921224228e-05,0.999978607878,1.00001239447,2.45409254893e-08,1.04920040395e-07,0,0.000163392226857,528,2.00000002166,2.00000002165,3.63953307992e-12
512,0.091287155723099978,700,2,pre,-1,1.5,1536,4.67609232943e-06,6.09945971833e-06,1.4451284631e-05,0.999985548715,1.00000707842,0,0,0,0.000139412165017,528,2.00000003007,2.00000003003,1.81781253984e-11
512,0.091287155723099978,700,2,pre,-1,3.0,3072,1.00530355023e-05,1.34682765619e-05,4.16310091135e-05,0.999958368991,1.0000287099,0,0,0,0.000139412165017,528,2.00000003007,2.00000003003,1.81781253984e-11
512,0.091287155723099978,700,2,post,2,1.5,1536,1.5760451812e-06,2.1780147977e-06,6.65468789596e-06,0.999993345312,1.00000320935,7.65266054351e-09,3.55373878502e-08,0,0.000140079911109,528,2.00000003009,2.00000003003,2.68065565717e-11
512,0.091287155723099978,700,2,post,2,3.0,3072,4.61325549827e-06,6.74596124397e-06,2.41145032625e-05,0.999975885497,1.00001478818,2.3139533412e-08,1.1819442813e-07,0,0.000140079911109,528,2.00000003009,2.00000003003,2.68065565717e-11
512,0.10451717829166518,800,2,pre,-1,1.5,1536,4.66274294897e-06,6.15222971e-06,1.52162051457e-05,0.999984783795,1.00000940018,0,0,0,0.000112305256388,528,2.00000004274,2.0000000433,-2.82077244339e-10
512,0.10451717829166518,800,2,pre,-1,3.0,3072,9.57834278023e-06,1.25019587319e-05,2.68380485736e-05,0.999973161951,1.00002586662,0,0,0,0.000112305256388,528,2.00000004274,2.0000000433,-2.82077244339e-10
512,0.10451717829166518,800,2,post,2,1.5,1536,1.52277370706e-06,2.16762213456e-06,5.59983250326e-06,0.999994400167,1.00000276236,6.99210231959e-09,3.4184813584e-08,0,0.000112753141642,528,2.00000004274,2.0000000433,-2.81261674523e-10
512,0.10451717829166518,800,2,post,2,3.0,3072,4.29441088449e-06,6.01911285834e-06,1.44374876703e-05,0.999985562512,1.00001279985,2.11756396646e-08,7.15426502935e-08,0,0.000112753141642,528,2.00000004274,2.0000000433,-2.81261674523e-10
512,0.11774720086023038,900,2,pre,-1,1.5,1536,3.93195439943e-06,4.92120352376e-06,1.15374607639e-05,0.999988462539,1.00001030349,0,0,0,8.55741682981e-05,520,2.00000005753,2.00000005616,6.87000437233e-10
512,0.11774720086023038,900,2,pre,-1,3.0,3072,9.20112796481e-06,1.21981572097e-05,2.96602248474e-05,0.999970339775,1.00002193052,0,0,0,8.55741682981e-05,520,2.00000005753,2.00000005616,6.87000437233e-10
512,0.11774720086023038,900,2,post,2,1.5,1536,1.33730942145e-06,1.59049330145e-06,6.11009816553e-06,0.999993889902,1.00000282548,6.31692299534e-09,2.45510896018e-08,0,8.60384017299e-05,520,2.0000000575,2.00000005616,6.71344738713e-10
512,0.11774720086023038,900,2,post,2,3.0,3072,4.2560911417e-06,5.99807345451e-06,1.58196239974e-05,0.999984180376,1.00001041111,2.09767429267e-08,7.76204305171e-08,0,8.60384017299e-05,520,2.0000000575,2.00000005616,6.71344738713e-10
512,0.13097722342879556,1000,2,pre,-1,1.5,1536,3.63202385358e-06,4.41272170255e-06,1.56232446091e-05,0.999984376755,1.00000717783,0,0,0,5.92933069332e-05,520,2.00000006214,2.0000000639,-8.78837641226e-10
512,0.13097722342879556,1000,2,pre,-1,3.0,3072,8.6037063413e-06,1.15345367078e-05,2.96057671736e-05,0.999970394233,1.00002034891,0,0,0,5.92933069332e-05,520,2.00000006214,2.0000000639,-8.78837641226e-10
512,0.13097722342879556,1000,2,post,2,1.5,1536,1.18344922974e-06,1.44629785779e-06,8.51873322016e-06,0.999991481267,1.00000199478,5.72858924427e-09,3.76079357027e-08,0,5.99792929362e-05,520,2.00000006209,2.0000000639,-9.06661161602e-10
512,0.13097722342879556,1000,2,post,2,3.0,3072,3.97517227478e-06,5.75396099429e-06,1.6091903111e-05,0.999983908097,1.00001077684,1.97093852902e-08,7.9486811513e-08,0,5.99792929362e-05,520,2.00000006209,2.0000000639,-9.06661161602e-10
512,0.14420724599736076,1100,2,pre,-1,1.5,1536,3.57465450314e-06,4.33563143949e-06,1.36906014506e-05,0.999986309399,1.0000054553,0,0,0,3.08215285949e-05,520,2.00000005983,2.00000005826,7.85450348531e-10
512,0.14420724599736076,1100,2,pre,-1,3.0,3072,7.74211829708e-06,1.0137397508e-05,2.60904729095e-05,0.999983063369,1.00002609047,0,0,0,3.08215285949e-05,520,2.00000005983,2.00000005826,7.85450348531e-10
512,0.14420724599736076,1100,2,post,2,1.5,1536,1.12787902721e-06,1.48083445417e-06,8.10758214831e-06,0.999991892418,1.00000152811,5.60873285844e-09,3.95884466355e-08,0,3.13813976989e-05,520,2.00000005984,2.00000005826,7.90880227142e-10
512,0.14420724599736076,1100,2,post,2,3.0,3072,3.50466329255e-06,4.95553766198e-06,1.40216942255e-05,0.999991892418,1.00001402169,1.74505496189e-08,6.98801503104e-08,0,3.13813976989e-05,520,2.00000005984,2.00000005826,7.90880227142e-10
512,0.15743726856592596,1200,2,pre,-1,1.5,1536,3.30030963332e-06,4.09801270919e-06,7.88973192489e-06,0.999992110268,1.00000471939,0,0,0,3.12479651303e-06,520,2.00000005818,2.00000005828,-4.97544213541e-11
512,0.15743726856592596,1200,2,pre,-1,3.0,3072,6.70229001514e-06,8.73127374629e-06,2.1061086382e-05,0.999983453707,1.00002106109,0,0,0,3.12479651303e-06,520,2.00000005818,2.00000005828,-4.97544213541e-11
512,0.15743726856592596,1200,2,post,2,1.5,1536,1.04350691392e-06,1.37421207461e-06,4.5112649919e-06,0.999995488735,1.00000158596,5.26300419798e-09,2.16502416047e-08,0,3.13676101864e-06,520,2.00000005818,2.00000005828,-5.09681171293e-11
512,0.15743726856592596,1200,2,post,2,3.0,3072,3.00321519004e-06,4.22020684375e-06,1.10719157611e-05,0.999992032221,1.00001107192,1.48764682832e-08,5.47975340555e-08,0,3.13676101864e-06,520,2.00000005818,2.00000005828,-5.09681171293e-11
512,0.17066729113449114,1300,2,pre,-1,1.5,1536,2.7126810301e-06,3.49563980986e-06,8.18185678653e-06,0.999997629372,1.00000818186,0,0,0,2.76078967609e-05,516,2.00000005845,2.00000005831,7.22579752727e-11
512,0.17066729113449114,1300,2,pre,-1,3.0,3072,5.56966033058e-06,7.18290966192e-06,1.60051482412e-05,0.99998512567,1.00001600515,0,0,0,2.76078967609e-05,516,2.00000005845,2.00000005831,7.22579752727e-11
512,0.17066729113449114,1300,2,post,2,1.5,1536,8.96084358343e-07,1.20782904752e-06,2.99386907732e-06,0.999999103311,1.00000299387,4.04456640246e-09,1.55012368341e-08,0,2.7259691783e-05,516,2.00000005845,2.00000005831,7.01771953406e-11
512,0.17066729113449114,1300,2,post,2,3.0,3072,2.50894133199e-06,3.4482294911e-06,8.0897461352e-06,0.999992640033,1.00000808975,1.22139237872e-08,4.06930704203e-08,0,2.7259691783e-05,516,2.00000005845,2.00000005831,7.01771953406e-11
512,0.18389731370305634,1400,2,pre,-1,1.5,1536,1.99819229522e-06,2.52623438848e-06,5.78051247913e-06,0.999998118305,1.00000578051,0,0,0,5.15031149652e-05,516,2.00000005854,2.00000005833,1.05368155569e-10
512,0.18389731370305634,1400,2,pre,-1,3.0,3072,4.33584928455e-06,5.71811045994e-06,2.0055031706e-05,0.999988500995,1.00002005503,0,0,0,5.15031149652e-05,516,2.00000005854,2.00000005833,1.05368155569e-10
512,0.18389731370305634,1400,2,post,2,1.5,1536,6.73788560326e-07,9.02004813133e-07,2.11315156573e-06,0.99999910837,1.00000211315,2.69679771104e-09,9.74528205355e-09,0,5.11228161485e-05,516,2.00000005853,2.00000005833,9.76276808675e-11
512,0.18389731370305634,1400,2,post,2,3.0,3072,1.95509146199e-06,2.78169257745e-06,1.16769489857e-05,0.999994504017,1.00001167695,9.35754969937e-09,5.64744851005e-08,0,5.11228161485e-05,516,2.00000005853,2.00000005833,9.76276808675e-11
512,0.19712733627162154,1500,2,pre,-1,1.5,1536,1.35899692008e-06,1.80581901459e-06,4.21972460818e-06,0.99999851037,1.00000421972,0,0,0,7.53274856201e-05,516,2.00000006264,2.00000006229,1.75826903112e-10
512,0.19712733627162154,1500,2,pre,-1,3.0,3072,3.28804862344e-06,4.76326048031e-06,1.4022085892e-05,0.999994228452,1.00001402209,0,0,0,7.53274856201e-05,516,2.00000006264,2.00000006229,1.75826903112e-10
512,0.19712733627162154,1500,2,post,2,1.5,1536,5.97253353387e-07,7.34915393384e-07,1.65813844699e-06,0.999999229202,1.00000165814,2.12443436786e-09,5.83213493601e-09,0,7.51307826013e-05,516,2.00000006268,2.00000006229,1.98380861111e-10
512,0.19712733627162154,1500,2,post,2,3.0,3072,1.5998616675e-06,2.50357726622e-06,7.91430913538e-06,0.999997186859,1.00000791431,7.32138550185e-09,3.82665127606e-08,0,7.51307826013e-05,516,2.00000006268,2.00000006229,1.98380861111e-10
512,0.21035735884018675,1600,2,pre,-1,1.5,1536,1.33057995563e-06,1.75395372422e-06,5.62656777392e-06,0.999999162638,1.00000562657,0,0,0,9.60009636039e-05,524,2.00000005437,2.00000005412,1.25096596361e-10
512,0.21035735884018675,1600,2,pre,-1,3.0,3072,2.15489259087e-06,3.14708398394e-06,9.2906448026e-06,0.999997628413,1.00000929064,0,0,0,9.60009636039e-05,524,2.00000005437,2.00000005412,1.25096596361e-10
512,0.21035735884018675,1600,2,post,2,1.5,1536,6.37592709069e-07,8.22153239456e-07,2.69392085817e-06,0.999999521502,1.00000269392,2.28626124651e-09,1.31392590341e-08,0,9.59593397492e-05,524,2.0000000544,2.00000005412,1.38864471716e-10
512,0.21035735884018675,1600,2,post,2,3.0,3072,1.17983030481e-06,1.71831434624e-06,5.37290794345e-06,0.999998864107,1.00000537291,5.12086110879e-09,2.59168894488e-08,0,9.59593397492e-05,524,2.0000000544,2.00000005412,1.38864471716e-10
512,0.22358738140875195,1700,2,pre,-1,1.5,1536,1.41055470067e-06,1.7979014313e-06,4.03449677222e-06,0.999999742839,1.0000040345,0,0,0,0.000114156956476,524,2.00000004418,2.00000004409,4.16755509796e-11
512,0.22358738140875195,1700,2,pre,-1,3.0,3072,1.79096157077e-06,2.3040545963e-06,4.9843721821e-06,0.999999742839,1.00000498437,0,0,0,0.000114156956476,524,2.00000004418,2.00000004409,4.16755509796e-11
512,0.22358738140875195,1700,2,post,2,1.5,1536,6.50432649833e-07,8.51581282687e-07,2.18630046889e-06,0.999999881872,1.0000021863,2.45788533314e-09,8.54688110476e-09,0,0.000114191284207,524,2.00000004417,2.00000004409,3.97966095741e-11
512,0.22358738140875195,1700,2,post,2,3.0,3072,1.04018540112e-06,1.41844986169e-06,3.58108522658e-06,0.99999980103,1.00000358109,4.6168309174e-09,1.57514186989e-08,0,0.000114191284207,524,2.00000004417,2.00000004409,3.97966095741e-11
512,0.23681740397731715,1800,2,pre,-1,1.5,1536,1.41114632365e-06,1.89180740595e-06,1.07940635794e-05,0.999999231579,1.00001079406,0,0,0,0.000130614210772,524,2.00000003398,2.00000003415,-8.71724899591e-11
512,0.23681740397731715,1800,2,pre,-1,3.0,3072,1.96932408029e-06,2.86631826281e-06,1.07940635794e-05,0.999997444009,1.00001079406,0,0,0,0.000130614210772,524,2.00000003398,2.00000003415,-8.71724899591e-11
512,0.23681740397731715,1800,2,post,2,1.5,1536,6.40141677246e-07,9.1959136279e-07,6.02283205509e-06,0.999999705085,1.00000602283,2.7160211652e-09,2.86206228539e-08,0,0.000130759027188,524,2.00000003395,2.00000003415,-9.79432074263e-11
512,0.23681740397731715,1800,2,post,2,3.0,3072,1.13706644842e-06,1.74192150213e-06,6.02283205509e-06,0.999999457157,1.00000602283,5.42199961852e-09,2.86206228539e-08,0,0.000130759027188,524,2.00000003395,2.00000003415,-9.79432074263e-11
512,0.25004742654588236,1900,2,pre,-1,1.5,1536,1.61364203221e-06,2.29612307529e-06,1.38587049117e-05,0.99999821898,1.0000138587,0,0,0,0.000145132025967,524,2.00000002645,2.00000002651,-2.80933050874e-11
512,0.25004742654588236,1900,2,pre,-1,3.0,3072,2.5893189798e-06,3.64796711378e-06,1.38587049117e-05,0.999996513591,1.0000138587,0,0,0,0.000145132025967,524,2.00000002645,2.00000002651,-2.80933050874e-11
512,0.25004742654588236,1900,2,post,2,1.5,1536,6.79665869255e-07,1.09414442863e-06,8.10109118121e-06,0.999999485301,1.00000810109,3.0947598557e-09,4.06830075201e-08,0,0.000145380635512,524,2.00000002644,2.00000002651,-3.26312306181e-11
512,0.25004742654588236,1900,2,post,2,3.0,3072,1.27982653486e-06,2.00401105288e-06,8.10109118121e-06,0.999998440385,1.00000810109,6.51362791557e-09,4.06830075201e-08,0,0.000145380635512,524,2.00000002644,2.00000002651,-3.26312306181e-11
512,0.26327744911444773,2000,2,pre,-1,1.5,1536,2.01432891113e-06,2.53618894912e-06,7.55120176232e-06,0.999995781831,1.0000075512,0,0,0,0.000156984728144,524,2.00000002139,2.00000002139,-3.02469157594e-12
512,0.26327744911444773,2000,2,pre,-1,3.0,3072,3.67191096992e-06,4.74121743177e-06,1.31971228805e-05,0.999991980564,1.00001319712,0,0,0,0.000156984728144,524,2.00000002139,2.00000002139,-3.02469157594e-12
512,0.26327744911444773,2000,2,post,2,1.5,1536,7.32620549361e-07,1.01394529754e-06,4.0856618897e-06,0.999998953961,1.00000408566,3.70787888908e-09,2.18785180751e-08,0,0.000157311843359,524,2.00000002138,2.00000002139,-4.7459813349e-12
512,0.26327744911444773,2000,2,post,2,3.0,3072,1.72674295354e-06,2.43467245108e-06,7.92029503272e-06,0.999995775441,1.0000079203,8.97063867975e-09,3.94654023211e-08,0,0.000157311843359,524,2.00000002138,2.00000002139,-4.7459813349e-12
512,0.27650747168301282,2100,2,pre,-1,1.5,1536,2.55929405701e-06,3.59394075473e-06,2.15822234353e-05,0.999992975641,1.00002158222,0,0,0,0.000164856901747,524,2.00000001785,2.00000001785,2.54130048069e-12
512,0.27650747168301282,2100,2,pre,-1,3.0,3080,4.75484290395e-06,6.1766622e-06,2.15822234353e-05,0.999987825762,1.00002158222,0,0,0,0.000164856901747,524,2.00000001785,2.00000001785,2.54130048069e-12
512,0.27650747168301282,2100,2,post,2,1.5,1536,9.44998291075e-07,1.67446075766e-06,1.32896612861e-05,0.999998845149,1.00001328966,4.85130540229e-09,7.03967361782e-08,0,0.000165231851102,524,2.00000001785,2.00000001785,1.37223564619e-12
512,0.27650747168301282,2100,2,post,2,3.0,3080,2.2212990413e-06,3.13583606461e-06,1.32896612861e-05,0.999993554708,1.00001328966,1.14836481418e-08,7.03967361782e-08,0,0.000165231851102,524,2.00000001785,2.00000001785,1.37223564619e-12
512,0.28973749425157802,2200,2,pre,-1,1.5,1536,2.96423970557e-06,4.17700154771e-06,2.39733636411e-05,0.999990405043,1.00002397336,0,0,0,0.00017143470815,524,2.00000001606,2.00000001606,1.38578036821e-12
512,0.28973749425157802,2200,2,pre,-1,3.0,3072,5.76272153427e-06,7.50334017323e-06,2.39733636411e-05,0.999983937816,1.00002397336,0,0,0,0.00017143470815,524,2.00000001606,2.00000001606,1.38578036821e-12
512,0.28973749425157802,2200,2,post,2,1.5,1536,1.08236918457e-06,1.91169717091e-06,1.50626500885e-05,0.999998416853,1.00001506265,5.73394543964e-09,8.01101180887e-08,0,0.000171858828383,524,2.00000001606,2.00000001606,7.33191279576e-13
512,0.28973749425157802,2200,2,post,2,3.0,3072,2.68921747506e-06,3.78717418684e-06,1.50626500885e-05,0.99999148045,1.00001506265,1.39063465559e-08,8.01101180887e-08,0,0.000171858828383,524,2.00000001606,2.00000001606,7.33191279576e-13
512,0.30296751682014328,2300,2,pre,-1,1.5,1536,3.27784844237e-06,4.38361250519e-06,2.30206836997e-05,0.999983990168,1.00002302068,0,0,0,0.000173311936775,524,2.00000001519,2.00000001519,-1.47548638852e-12
512,0.30296751682014328,2300,2,pre,-1,3.0,3072,6.74433756268e-06,8.75674520173e-06,2.30206836997e-05,0.999980251914,1.00002302068,0,0,0,0.000173311936775,524,2.00000001519,2.00000001519,-1.47548638852e-12
512,0.30296751682014328,2300,2,post,2,1.5,1536,1.15907586384e-06,1.72246430466e-06,1.24436369902e-05,0.999995942812,1.00001244364,6.35553072672e-09,5.3004659533e-08,0,0.00017375013351,524,2.00000001519,2.00000001519,-1.63780099349e-12
512,0.30296751682014328,2300,2,post,2,3.0,3072,3.17793573609e-06,4.44241626335e-06,1.24436369902e-05,0.99998939192,1.00001244364,1.64544838837e-08,5.3004659533e-08,0,0.00017375013351,524,2.00000001519,2.00000001519,-1.63780099349e-12
512,0.31619753938870837,2400,2,pre,-1,1.5,1536,3.32137794016e-06,4.21880548678e-06,8.44527480637e-06,0.999991554725,1.00000839697,0,0,0,0.000172267177908,522,2.00000001551,2.00000001552,-4.19730913434e-12
512,0.31619753938870837,2400,2,pre,-1,3.0,3072,7.31004572896e-06,9.61880538153e-06,2.31858670762e-05,0.999976814133,1.00001943541,0,0,0,0.000172267177908,522,2.00000001551,2.00000001552,-4.19730913434e-12
512,0.31619753938870837,2400,2,post,2,1.5,1536,1.178818563e-06,1.47583839194e-06,4.28662778695e-06,0.999997209686,1.00000428663,6.3995515552e-09,2.02979239588e-08,0,0.000172759706548,522,2.00000001551,2.00000001552,-4.37072596944e-12
512,0.31619753938870837,2400,2,post,2,3.0,3072,3.42203176966e-06,4.82150684893e-06,1.25858961981e-05,0.999987414104,1.00001066126,1.7651884133e-08,6.22890775522e-08,0,0.000172759706548,522,2.00000001551,2.00000001552,-4.37072596944e-12
512,0.32942756195727363,2500,2,pre,-1,1.5,1536,3.4883573793e-06,4.46882352232e-06,9.47555404684e-06,0.999990524446,1.00000793834,0,0,0,0.000166711981529,528,2.00000001712,2.00000001712,-2.45359286342e-12
512,0.32942756195727363,2500,2,pre,-1,3.0,3072,7.92039278872e-06,1.05246530391e-05,2.64658429472e-05,0.999973534157,1.00002130436,0,0,0,0.000166711981529,528,2.00000001712,2.00000001712,-2.45359286342e-12
512,0.32942756195727363,2500,2,post,2,1.5,1536,1.26690949572e-06,1.55655422494e-06,3.17933985783e-06,0.999996847674,1.00000317934,6.70972948954e-09,2.23718524045e-08,0,0.000167252855986,528,2.00000001712,2.00000001712,-2.22555305611e-12
512,0.32942756195727363,2500,2,post,2,3.0,3072,3.71951295117e-06,5.29222587491e-06,1.45223427506e-05,0.999985477657,1.00001155591,1.90987401855e-08,7.17679567146e-08,0,0.000167252855986,528,2.00000001712,2.00000001712,-2.22555305611e-12
512,0.34265758452583883,2600,2,pre,-1,1.5,1536,3.68644152328e-06,4.72800511465e-06,1.05493421534e-05,0.999989450658,1.00000728061,0,0,0,0.000159300855848,528,2.0000000195,2.0000000195,-2.3734347589e-12
512,0.34265758452583883,2600,2,pre,-1,3.0,3072,8.40684065318e-06,1.12690840378e-05,2.94556364688e-05,0.999970544364,1.0000226467,0,0,0,0.000159300855848,528,2.0000000195,2.0000000195,-2.3734347589e-12
512,0.34265758452583883,2600,2,post,2,1.5,1536,1.32125990034e-06,1.64545168255e-06,3.56446665217e-06,0.999996435533,1.00000322279,6.9628473398e-09,2.5014918829e-08,0,0.000159898006424,528,2.0000000195,2.0000000195,-1.87272417968e-12
512,0.34265758452583883,2600,2,post,2,3.0,3072,3.94693743307e-06,5.69712674597e-06,1.63512344127e-05,0.999983648766,1.00001214528,2.0168274496e-08,8.07311708283e-08,0,0.000159898006424,528,2.0000000195,2.0000000195,-1.87272417968e-12
512,0.35588760709440392,2700,2,pre,-1,1.5,1536,3.86028954102e-06,4.94625537175e-06,1.13348616643e-05,0.999988665138,1.00000682457,0,0,0,0.000150067821954,528,2.00000002355,2.00000002354,1.92823532647e-12
512,0.35588760709440392,2700,2,pre,-1,3.0,3072,8.73676257731e-06,1.17405868689e-05,3.23246976539e-05,0.999967675302,1.00002474217,0,0,0,0.000150067821954,528,2.00000002355,2.00000002354,1.92823532647e-12
512,0.35588760709440392,2700,2,post,2,1.5,1536,1.34584893499e-06,1.7296960645e-06,4.24715013703e-06,0.99999575285,1.00000315461,6.99760367335e-09,2.66118469769e-08,0,0.000150687275206,528,2.00000002355,2.00000002354,3.84914318107e-12
512,0.35588760709440392,2700,2,post,2,3.0,3072,4.08022305979e-06,5.94045621116e-06,1.82116284492e-05,0.999981788372,1.00001317942,2.07393049546e-08,8.97288612821e-08,0,0.000150687275206,528,2.00000002355,2.00000002354,3.84914318107e-12
512,0.36911762966296924,2800,2,pre,-1,1.5,1544,4.00492882099e-06,5.15451884071e-06,1.22277448541e-05,0.999987772255,1.00000831194,0,0,0,0.000138117034635,528,2.00000002908,2.00000002903,2.44702032859e-11
512,0.36911762966296924,2800,2,pre,-1,3.0,3072,8.75868615392e-06,1.15822517219e-05,3.50438621693e-05,0.999964956138,1.00002738267,0,0,0,0.000138117034635,528,2.00000002908,2.00000002903,2.44702032859e-11
512,0.36911762966296924,2800,2,post,2,1.5,1544,1.35194942261e-06,1.80649667205e-06,5.20480766641e-06,0.999994795192,1.0000029682,6.81763407979e-09,2.80548328848e-08,0,0.000138710140122,528,2.00000002909,2.00000002903,3.0046631413e-11
512,0.36911762966296924,2800,2,post,2,3.0,3072,4.02134922554e-06,5.73041083858e-06,2.00581891507e-05,0.999979941811,1.00001456041,2.03221430125e-08,9.87561773677e-08,0,0.000138710140122,528,2.00000002909,2.00000002903,3.0046631413e-11
512,0.38234765223153444,2900,2,pre,-1,1.5,1536,4.10232868269e-06,5.29170933586e-06,1.26890077001e-05,0.999987310992,1.00000800815,0,0,0,0.000122982446838,528,2.00000003743,2.00000003735,3.70707901891e-11
512,0.38234765223153444,2900,2,pre,-1,3.0,3072,8.65469217106e-06,1.12392232643e-05,2.57142868827e-05,0.999978069489,1.00002571429,0,0,0,0.000122982446838,528,2.00000003743,2.00000003735,3.70707901891e-11
512,0.38234765223153444,2900,2,post,2,1.5,1536,1.33306845527e-06,1.83697930884e-06,4.39782970085e-06,0.99999560217,1.00000268557,6.55564635832e-09,2.81225208615e-08,0,0.000123483903805,528,2.00000003744,2.00000003735,4.2594371678e-11
512,0.38234765223153444,2900,2,post,2,3.0,3072,3.9048537949e-06,5.42465807072e-06,1.32644401971e-05,0.999988053751,1.00001326444,1.95512467628e-08,6.67774587588e-08,0,0.000123483903805,528,2.00000003744,2.00000003735,4.2594371678e-11
512,0.39557767480009953,3000,2,pre,-1,1.5,1536,4.08269623171e-06,5.31047357812e-06,1.30966834525e-05,0.999986903317,1.00000876679,0,0,0,0.000106111443477,528,2.0000000456,2.00000004571,-5.44786425732e-11
512,0.39557767480009953,3000,2,pre,-1,3.0,3072,8.54126977476e-06,1.11023014953e-05,2.36461498435e-05,0.99997635385,1.00002352164,0,0,0,0.000106111443477,528,2.0000000456,2.00000004571,-5.44786425732e-11
512,0.39557767480009953,3000,2,post,2,1.5,1536,1.31917048103e-06,1.82134040174e-06,4.63781402416e-06,0.999995362186,1.00000238385,6.28467156106e-09,2.84910798834e-08,0,0.000106508170493,528,2.0000000456,2.00000004571,-5.69713152511e-11
512,0.39557767480009953,3000,2,post,2,3.0,3072,3.85147207237e-06,5.35303621688e-06,1.25330623462e-05,0.999987466938,1.00001184015,1.908993994e-08,6.27490374227e-08,0,0.000106508170493,528,2.0000000456,2.00000004571,-5.69713152511e-11
512,0.40880769736866485,3100,2,pre,-1,1.5,1536,3.69015738276e-06,4.67498834348e-06,1.34030983809e-05,0.999986596902,1.00001147522,0,0,0,8.81252884723e-05,528,2.00000005499,2.00000005459,2.00122579708e-10
512,0.40880769736866485,3100,2,pre,-1,3.0,3072,8.31407347662e-06,1.08958211113e-05,2.53244086151e-05,0.999974675591,1.0000219393,0,0,0,8.81252884723e-05,528,2.00000005499,2.00000005459,2.00122579708e-10
512,0.40880769736866485,3100,2,post,2,1.5,1536,1.21110091081e-06,1.52877164324e-06,6.0805505816e-06,0.999993919449,1.00000379258,5.88620497311e-09,2.78317804827e-08,0,8.84927844392e-05,528,2.00000005497,2.00000005459,1.90358834606e-10
512,0.40880769736866485,3100,2,post,2,3.0,3072,3.807419974e-06,5.31278085004e-06,1.32165397628e-05,0.99998678346,1.00001126333,1.88911710968e-08,6.58948867971e-08,0,8.84927844392e-05,528,2.00000005497,2.00000005459,1.90358834606e-10
512,0.42203771993723005,3200,2,pre,-1,1.5,1536,3.35323251856e-06,4.1218163467e-06,1.52812862754e-05,0.999984718714,1.00000808711,0,0,0,7.1554897505e-05,520,2.00000006229,2.00000006197,1.5985701156e-10
512,0.42203771993723005,3200,2,pre,-1,3.0,3072,7.94302550726e-06,1.05257065852e-05,2.57744494587e-05,0.999974225551,1.00001781326,0,0,0,7.1554897505e-05,520,2.00000006229,2.00000006197,1.5985701156e-10
512,0.42203771993723005,3200,2,post,2,1.5,1536,1.08564860734e-06,1.32350240078e-06,8.20593802353e-06,0.999991794062,1.0000023889,5.35946241352e-09,3.20966405151e-08,0,7.21334514253e-05,520,2.00000006226,2.00000006197,1.44149576694e-10
512,0.42203771993723005,3200,2,post,2,3.0,3072,3.66278124694e-06,5.20286490461e-06,1.38064034662e-05,0.999986193597,1.00000831044,1.82255904034e-08,6.81888825266e-08,0,7.21334514253e-05,520,2.00000006226,2.00000006197,1.44149576694e-10
512,0.43526774250579514,3300,2,pre,-1,1.5,1536,3.14534743241e-06,3.84178130233e-06,1.36766088453e-05,0.999986323391,1.00000623361,0,0,0,5.28142388161e-05,520,2.00000006557,2.00000006494,3.1603518775e-10
512,0.43526774250579514,3300,2,pre,-1,3.0,3072,7.42949004349e-06,9.91409175768e-06,2.58128347019e-05,0.999974187165,1.00002076829,0,0,0,5.28142388161e-05,520,2.00000006557,2.00000006494,3.1603518775e-10
512,0.43526774250579514,3300,2,post,2,1.5,1536,1.0138506729e-06,1.27890296279e-06,7.74752811261e-06,0.999992252472,1.00000180385,5.02058870643e-09,3.57567266586e-08,0,5.34396266828e-05,520,2.00000006554,2.00000006494,3.0063550672e-10
512,0.43526774250579514,3300,2,post,2,3.0,3072,3.4244655138e-06,4.9322195011e-06,1.40325100807e-05,0.99998596749,1.00001119378,1.70614306975e-08,6.94609191415e-08,0,5.34396266828e-05,520,2.00000006554,2.00000006494,3.0063550672e-10
512,0.44849776507436045,3400,2,pre,-1,1.5,1536,3.04347070187e-06,3.68927267999e-06,1.18573102614e-05,0.99998814269,1.00000508907,0,0,0,3.2395836119e-05,520,2.00000006045,2.00000005893,7.58873386197e-10
512,0.44849776507436045,3400,2,pre,-1,3.0,3072,6.7834296089e-06,8.9345692152e-06,2.34396583632e-05,0.999985727089,1.00002343966,0,0,0,3.2395836119e-05,520,2.00000006045,2.00000005893,7.58873386197e-10
512,0.44849776507436045,3400,2,post,2,1.5,1536,9.43260889613e-07,1.20472790284e-06,6.62060591894e-06,0.999993379394,1.00000146976,4.78847389664e-09,2.96103201286e-08,0,3.29088327461e-05,520,2.00000006046,2.00000005893,7.63590057556e-10
512,0.44849776507436045,3400,2,post,2,3.0,3072,3.07728243865e-06,4.3889798696e-06,1.27262288399e-05,0.999993379394,1.00001272623,1.53794912248e-08,6.30680979993e-08,0,3.29088327461e-05,520,2.00000006046,2.00000005893,7.63590057556e-10
512,0.4617277876429256,3500,2,pre,-1,1.5,1536,2.90272876437e-06,3.57778462927e-06,1.02355645805e-05,0.999989764435,1.00000432256,0,0,0,1.20459868822e-05,520,2.00000006123,2.00000005891,1.15932393601e-09
512,0.4617277876429256,3500,2,pre,-1,3.0,3072,6.03127152503e-06,7.87790208877e-06,1.96714202088e-05,0.999986185657,1.00001967142,0,0,0,1.20459868822e-05,520,2.00000006123,2.00000005891,1.15932393601e-09
512,0.4617277876429256,3500,2,post,2,1.5,1536,9.12885971965e-07,1.23460100323e-06,6.17079233201e-06,0.999993829208,1.00000135353,4.64373844986e-09,3.00124921777e-08,0,1.23403700945e-05,520,2.00000006123,2.00000005891,1.16023676135e-09
512,0.4617277876429256,3500,2,post,2,3.0,3072,2.7132799379e-06,3.83539330038e-06,1.04875777314e-05,0.999993537488,1.00001048758,1.34932475387e-08,5.1831614464e-08,0,1.23403700945e-05,520,2.00000006123,2.00000005891,1.16023676135e-09
512,0.47495781021149075,3600,2,pre,-1,1.5,1536,2.65053194062e-06,3.51060957348e-06,8.53803833256e-06,0.999997672734,1.00000853804,0,0,0,1.05332072964e-05,516,2.00000005894,2.0000000589,1.85838006173e-11
512,0.47495781021149075,3600,2,pre,-1,3.0,3072,5.21766764277e-06,6.75886715221e-06,1.60295318949e-05,0.999987001334,1.00001602953,0,0,0,1.05332072964e-05,516,2.00000005894,2.0000000589,1.85838006173e-11
512,0.47495781021149075,3600,2,post,2,1.5,1536,8.59168735343e-07,1.19300845603e-06,3.0656763923e-06,0.99999917126,1.00000306568,4.15351517627e-09,1.74958020537e-08,0,1.04167576784e-05,516,2.00000005894,2.0000000589,2.00843780132e-11
512,0.47495781021149075,3600,2,post,2,3.0,3072,2.34571720927e-06,3.26138970619e-06,8.37433432266e-06,0.999993617539,1.00000837433,1.14983300806e-08,4.20736808674e-08,0,1.04167576784e-05,516,2.00000005894,2.0000000589,2.00843780132e-11
512,0.48818783278005606,3700,2,pre,-1,1.5,1536,2.11701926933e-06,2.72487088692e-06,6.48858701968e-06,0.999998041044,1.00000648859,0,0,0,2.67585277837e-05,516,2.00000005899,2.00000005889,5.37374573449e-11
512,0.48818783278005606,3700,2,pre,-1,3.0,3072,4.29801501982e-06,5.5165526253e-06,1.25864229539e-05,0.999989087809,1.00001258642,0,0,0,2.67585277837e-05,516,2.00000005899,2.00000005889,5.37374573449e-11
512,0.48818783278005606,3700,2,post,2,1.5,1536,7.17226097249e-07,9.64538235224e-07,2.42955426089e-06,0.999999207607,1.00000242955,3.10879510342e-09,1.23450891705e-08,0,2.64903696404e-05,516,2.00000005899,2.00000005889,5.19813066162e-11
512,0.48818783278005606,3700,2,post,2,3.0,3072,1.9400547519e-06,2.64609849021e-06,6.40413331632e-06,0.999994743374,1.00000640413,9.36798468398e-09,3.19823938149e-08,0,2.64903696404e-05,516,2.00000005899,2.00000005889,5.19813066162e-11
512,0.50141785534862127,3800,2,pre,-1,1.5,1536,1.60501633217e-06,2.05251284018e-06,4.85598904021e-06,0.999998286119,1.00000485599,0,0,0,4.30927772337e-05,516,2.000000059,2.00000005888,5.99209553211e-11
512,0.50141785534862127,3800,2,pre,-1,3.0,3072,3.31888567602e-06,4.24538540244e-06,9.58796492911e-06,0.999991638335,1.00000958796,0,0,0,4.30927772337e-05,516,2.000000059,2.00000005888,5.99209553211e-11
512,0.50141785534862127,3800,2,post,2,1.5,1536,5.71453042547e-07,7.54339967246e-07,1.83371016216e-06,0.999999212111,1.00000183371,2.22394956395e-09,8.58487134072e-09,0,4.28237653935e-05,516,2.00000005899,2.00000005888,5.55488971788e-11
512,0.50141785534862127,3800,2,post,2,3.0,3072,1.4944149591e-06,2.01389630685e-06,4.78404647852e-06,0.999996134179,1.00000478405,7.09232512302e-09,2.37453146364e-08,0,4.28237653935e-05,516,2.00000005899,2.00000005888,5.55488971788e-11
512,0.51464787791718636,3900,2,pre,-1,1.5,1536,1.14455260031e-06,1.48680127419e-06,3.46402594387e-06,0.999998550064,1.00000346403,0,0,0,5.86487992343e-05,516,2.00000006361,2.00000006342,9.36297676343e-11
512,0.51464787791718636,3900,2,pre,-1,3.0,3072,2.63609847911e-06,3.76047133397e-06,1.16273699211e-05,0.999994886462,1.00001162737,0,0,0,5.86487992343e-05,516,2.00000006361,2.00000006342,9.36297676343e-11
512,0.51464787791718636,3900,2,post,2,1.5,1536,4.79779184708e-07,5.91133434533e-07,1.35420167058e-06,0.999999298605,1.0000013542,1.6943772226e-09,5.64868115911e-09,0,5.8470450529e-05,516,2.00000006363,2.00000006342,1.05707439447e-10
512,0.51464787791718636,3900,2,post,2,3.0,3072,1.28157195072e-06,1.98994146023e-06,6.70829952165e-06,0.999997561163,1.0000067083,5.87817383185e-09,3.23077266225e-08,0,5.8470450529e-05,516,2.00000006363,2.00000006342,1.05707439447e-10
512,0.52787790048575167,4000,2,pre,-1,1.5,1536,9.48325483909e-07,1.17527412856e-06,2.68100913181e-06,0.999998934841,1.00000268101,0,0,0,7.3119212747e-05,516,2.0000000617,2.00000006146,1.22737816136e-10
512,0.52787790048575167,4000,2,pre,-1,3.0,3072,1.79267168275e-06,2.58818720696e-06,7.82672533539e-06,0.999996977522,1.00000782673,0,0,0,7.3119212747e-05,516,2.0000000617,2.00000006146,1.22737816136e-10
512,0.52787790048575167,4000,2,post,2,1.5,1536,4.40388723303e-07,5.24304444534e-07,1.09888501054e-06,0.999999470821,1.00000109889,1.48920141068e-09,3.83649797868e-09,0,7.3042783183e-05,516,2.00000006171,2.00000006146,1.23963280273e-10
512,0.52787790048575167,4000,2,post,2,3.0,3072,9.60133007281e-07,1.42520447205e-06,4.58202058828e-06,0.999998473809,1.00000458202,4.20550041249e-09,2.17337598613e-08,0,7.3042783183e-05,516,2.00000006171,2.00000006146,1.23963280273e-10
512,0.54110792305431687,4100,2,pre,-1,1.5,1536,9.34677848516e-07,1.13593913524e-06,2.27351356608e-06,0.99999919299,1.00000227351,0,0,0,8.57254733533e-05,516,2.00000005679,2.00000005665,7.28239670147e-11
512,0.54110792305431687,4100,2,pre,-1,3.0,3072,1.30189892445e-06,1.64519489862e-06,4.42937471679e-06,0.999998814391,1.00000442937,0,0,0,8.57254733533e-05,516,2.00000005679,2.00000005665,7.28239670147e-11
512,0.54110792305431687,4100,2,post,2,1.5,1536,4.42858559447e-07,5.52830346683e-07,1.31052827013e-06,0.999999571156,1.00000131053,1.55486555213e-09,6.2521179232e-09,0,8.57368277383e-05,516,2.00000005681,2.00000005665,8.18101119215e-11
512,0.54110792305431687,4100,2,post,2,3.0,3072,7.41189603056e-07,9.72777339289e-07,2.68269965842e-06,0.999999210416,1.0000026827,3.12146162099e-09,1.2415785804e-08,0,8.57368277383e-05,516,2.00000005681,2.00000005665,8.18101119215e-11
512,0.55433794562288197,4200,2,pre,-1,1.5,1536,9.27475122003e-07,1.20751994301e-06,3.20939669596e-06,0.999998903111,1.0000032094,0,0,0,9.46181956725e-05,524,2.0000000518,2.00000005181,-1.90558675011e-12
512,0.55433794562288197,4200,2,pre,-1,3.0,3072,1.09431213153e-06,1.54079671949e-06,4.78259818704e-06,0.999998665804,1.0000047826,0,0,0,9.46181956725e-05,524,2.0000000518,2.00000005181,-1.90558675011e-12
512,0.55433794562288197,4200,2,post,2,1.5,1536,4.15454398887e-07,5.46708473438e-07,1.53929210733e-06,0.999999502319,1.00000153929,1.68598406543e-09,8.16340252775e-09,0,9.46747331069e-05,524,2.00000005181,2.00000005181,6.98774353599e-13
512,0.55433794562288197,4200,2,post,2,3.0,3072,6.11236263071e-07,9.0139172079e-07,3.18323888204e-06,0.999999038685,1.00000318324,2.76827398978e-09,1.51302264866e-08,0,9.46747331069e-05,524,2.00000005181,2.00000005181,6.98774353599e-13
512,0.56756796819144728,4300,2,pre,-1,1.5,1536,9.64225922042e-07,1.2755220238e-06,3.29183149184e-06,0.999998531393,1.00000329183,0,0,0,0.000102872252714,524,2.0000000472,2.00000004716,1.95801148452e-11
512,0.56756796819144728,4300,2,pre,-1,3.0,3072,1.64646995122e-06,2.3033048062e-06,7.10897502865e-06,0.999997646138,1.00000710898,0,0,0,0.000102872252714,524,2.0000000472,2.00000004716,1.95801148452e-11
512,0.56756796819144728,4300,2,post,2,1.5,1536,3.94246709296e-07,5.38959597345e-07,1.75224208343e-06,0.999999369025,1.00000175224,1.69123091026e-09,7.76096578756e-09,0,0.000102981199148,524,2.0000000472,2.00000004716,2.09738887975e-11
512,0.56756796819144728,4300,2,post,2,3.0,3072,8.00336530273e-07,1.24778957026e-06,4.37014720367e-06,0.999998603243,1.00000437015,4.00275721815e-09,2.1250871507e-08,0,0.000102981199148,524,2.0000000472,2.00000004716,2.09738887975e-11
512,0.58079799076001248,4400,2,pre,-1,1.5,1536,1.20915277158e-06,1.53291838799e-06,3.77027452236e-06,0.999997725249,1.00000377027,0,0,0,0.000109505300666,524,2.00000004332,2.00000004328,1.80793154309e-11
512,0.58079799076001248,4400,2,pre,-1,3.0,3072,2.43830441999e-06,3.25482284423e-06,9.31010906369e-06,0.999995697172,1.00000931011,0,0,0,0.000109505300666,524,2.00000004332,2.00000004328,1.80793154309e-11
512,0.58079799076001248,4400,2,post,2,1.5,1536,4.40807032042e-07,5.73075929415e-07,1.92166240609e-06,0.999999221404,1.00000192166,2.20148209897e-09,8.36351388448e-09,0,0.000109665647493,524,2.00000004332,2.00000004328,1.80944144638e-11
512,0.58079799076001248,4400,2,post,2,3.0,3072,1.16150082065e-06,1.69251265365e-06,5.47251260485e-06,0.999997843159,1.00000547251,5.94461173431e-09,2.68338608573e-08,0,0.000109665647493,524,2.00000004332,2.00000004328,1.80944144638e-11
512,0.59402801332857758,4500,2,pre,-1,1.5,1536,1.46037774943e-06,1.89034124679e-06,5.31883068766e-06,0.999995292498,1.00000531883,0,0,0,0.000113736584253,524,2.0000000407,2.00000004069,7.94364557958e-12
512,0.59402801332857758,4500,2,pre,-1,3.0,3072,3.1530103134e-06,4.17627132492e-06,1.13004438305e-05,0.999993381967,1.00001130044,0,0,0,0.000113736584253,524,2.0000000407,2.00000004069,7.94364557958e-12
512,0.59402801332857758,4500,2,post,2,1.5,1536,5.24506161006e-07,6.59467139423e-07,2.46332434628e-06,0.999998629385,1.00000246332,2.71881346345e-09,1.09954754381e-08,0,0.000113941912621,524,2.0000000407,2.00000004069,7.57416336451e-12
512,0.59402801332857758,4500,2,post,2,3.0,3072,1.49677576826e-06,2.12988582457e-06,6.44814558837e-06,0.999996010671,1.00000644815,7.67197158873e-09,3.18077153488e-08,0,0.000113941912621,524,2.0000000407,2.00000004069,7.57416336451e-12
512,0.60725803589714289,4600,2,pre,-1,1.5,1536,1.7449679134e-06,2.23924462021e-06,4.78102196777e-06,0.999995218978,1.00000404123,0,0,0,0.000116470257676,524,2.00000003937,2.00000003936,4.13091774873e-12
512,0.60725803589714289,4600,2,pre,-1,3.0,3072,3.80826086314e-06,4.9987775785e-06,1.29919535263e-05,0.999991673781,1.00001299195,0,0,0,0.000116470257676,524,2.00000003937,2.00000003936,4.13091774873e-12
512,0.60725803589714289,4600,2,post,2,1.5,1536,6.07891171299e-07,7.75247203208e-07,2.25209943561e-06,0.999998543632,1.0000022521,3.209471548e-09,1.03062789327e-08,0,0.000116717997762,524,2.00000003936,2.00000003936,3.83471025159e-12
512,0.60725803589714289,4600,2,post,2,3.0,3072,1.78337693152e-06,2.50584472138e-06,7.24471847113e-06,0.999995575854,1.00000724472,9.14819063586e-09,3.59021584215e-08,0,0.000116717997762,524,2.00000003936,2.00000003936,3.83471025159e-12
512,0.62048805846570798,4700,2,pre,-1,1.5,1536,2.06935817272e-06,2.66670044717e-06,9.70307419679e-06,0.999994644206,1.00000970307,0,0,0,0.000116900468225,524,2.00000003911,2.0000000391,5.34394740227e-12
512,0.62048805846570798,4700,2,pre,-1,3.0,3072,4.40264133844e-06,5.72715439147e-06,1.43465482871e-05,0.999990095717,1.00001434655,0,0,0,0.000116900468225,524,2.00000003911,2.0000000391,5.34394740227e-12
512,0.62048805846570798,4700,2,post,2,1.5,1536,7.0767096237e-07,1.0185152916e-06,5.39731980664e-06,0.999998311167,1.00000539732,3.73018230157e-09,2.62977582928e-08,0,0.000117180596665,524,2.00000003911,2.0000000391,5.48650003584e-12
512,0.62048805846570798,4700,2,post,2,3.0,3072,2.03451691575e-06,2.84456147505e-06,7.84926127118e-06,0.999994805191,1.00000784926,1.04251222554e-08,3.90395323846e-08,0,0.000117180596665,524,2.00000003911,2.0000000391,5.48650003584e-12
512,0.63371808103427318,4800,2,pre,-1,1.5,1536,2.25581820628e-06,2.8656494208e-06,6.5824193769e-06,0.999993417581,1.00000463524,0,0,0,0.000113962972338,528,2.00000003987,2.00000003987,1.79012356922e-12
512,0.63371808103427318,4800,2,pre,-1,3.0,3072,4.83545588559e-06,6.28082584818e-06,1.52383169654e-05,0.999988378412,1.00001523832,0,0,0,0.000113962972338,528,2.00000003987,2.00000003987,1.79012356922e-12
512,0.63371808103427318,4800,2,post,2,1.5,1536,7.22772593257e-07,9.63350610586e-07,2.43257928167e-06,0.999997567421,1.00000171235,3.78114890453e-09,1.41092603087e-08,0,0.000114245329357,528,2.00000003987,2.00000003987,2.12940771878e-12
512,0.63371808103427318,4800,2,post,2,3.0,3072,2.20601871437e-06,3.07979975781e-06,8.18691296023e-06,0.999993760422,1.00000818691,1.12389399793e-08,4.08264692331e-08,0,0.000114245329357,528,2.00000003987,2.00000003987,2.12940771878e-12
512,0.6469481036028385,4900,2,pre,-1,1.5,1536,2.47613155659e-06,3.15578064701e-06,7.59099498227e-06,0.999992409005,1.00000562179,0,0,0,0.000109736200627,528,2.00000004213,2.00000004214,-7.02637933019e-12
512,0.6469481036028385,4900,2,pre,-1,3.0,3072,5.23243552093e-06,6.77456720796e-06,1.57704779156e-05,0.999986744079,1.00001577048,0,0,0,0.000109736200627,528,2.00000004213,2.00000004214,-7.02637933019e-12
512,0.6469481036028385,4900,2,post,2,1.5,1536,7.92474423418e-07,1.06746300267e-06,3.08101756963e-06,0.999996918982,1.00000177676,4.01474080317e-09,1.65386054842e-08,0,0.00011002176048,528,2.00000004213,2.00000004214,-7.19380095878e-12
512,0.6469481036028385,4900,2,post,2,3.0,3072,2.3804249439e-06,3.30666037598e-06,8.32750717161e-06,0.999992820478,1.00000832751,1.20235391825e-08,4.15914073165e-08,0,0.00011002176048,528,2.00000004213,2.00000004214,-7.19380095878e-12
512,0.66017812617140348,5000,2,pre,-1,1.5,1536,2.61301304998e-06,3.34752888291e-06,8.13843299985e-06,0.999991861567,1.00000653127,0,0,0,0.000103734998591,528,2.00000004518,2.00000004523,-2.61879401126e-11
512,0.66017812617140348,5000,2,pre,-1,3.0,3072,5.50099089539e-06,7.11935451271e-06,1.58800349779e-05,0.999985368814,1.00001588003,0,0,0,0.000103734998591,528,2.00000004518,2.00000004523,-2.61879401126e-11
512,0.66017812617140348,5000,2,post,2,1.5,1536,8.32751375703e-07,1.12307549201e-06,2.76818897937e-06,0.999997231811,1.00000184083,4.16347609228e-09,1.72925969065e-08,0,0.000104009715809,528,2.00000004517,2.00000004523,-2.77529104528e-11
512,0.66017812617140348,5000,2,post,2,3.0,3072,2.49620327011e-06,3.45914465778e-06,8.24608616634e-06,0.999992192138,1.00000824609,1.25306207276e-08,4.11799240298e-08,0,0.000104009715809,528,2.00000004517,2.00000004523,-2.77529104528e-11
512,0.67340814873996879,5100,2,pre,-1,1.5,1536,2.67747643991e-06,3.43392222863e-06,8.80865907427e-06,0.999991191341,1.00000709563,0,0,0,9.59460637619e-05,528,2.00000004883,2.00000004891,-4.29256619743e-11
512,0.67340814873996879,5100,2,pre,-1,3.0,3072,5.67645379014e-06,7.35998872511e-06,1.59737391472e-05,0.999984026261,1.00001562032,0,0,0,9.59460637619e-05,528,2.00000004883,2.00000004891,-4.29256619743e-11
512,0.67340814873996879,5100,2,post,2,1.5,1536,8.42770003798e-07,1.14170565379e-06,3.07002224176e-06,0.999996929978,1.00000222897,4.23726093051e-09,1.85948956294e-08,0,9.6209532464e-05,528,2.00000004882,2.00000004891,-4.6552760507e-11
512,0.67340814873996879,5100,2,post,2,3.0,3072,2.57081357588e-06,3.57315240524e-06,8.50625267856e-06,0.999991493747,1.00000798877,1.28917062431e-08,4.27748150199e-08,0,9.6209532464e-05,528,2.00000004882,2.00000004891,-4.6552760507e-11
512,0.68663817130853411,5200,2,pre,-1,1.5,1536,2.55689537906e-06,3.19969676147e-06,7.28608087464e-06,0.999995694261,1.00000728608,0,0,0,8.81132460284e-05,520,2.00000005336,2.00000005339,-1.32811535999e-11
512,0.68663817130853411,5200,2,pre,-1,3.0,3072,5.75025216037e-06,7.50488917177e-06,1.73996009254e-05,0.999982600399,1.00001463403,0,0,0,8.81132460284e-05,520,2.00000005336,2.00000005339,-1.32811535999e-11
512,0.68663817130853411,5200,2,post,2,1.5,1536,8.26328971296e-07,1.02589639406e-06,2.19142979296e-06,0.999998421384,1.00000219143,4.1423138048e-09,1.37137059009e-08,0,8.84152211528e-05,520,2.00000005335,2.00000005339,-1.77300391854e-11
512,0.68663817130853411,5200,2,post,2,3.0,3072,2.63675820084e-06,3.66824337072e-06,9.22233417755e-06,0.999990777666,1.0000072424,1.31872454591e-08,4.5351604562e-08,0,8.84152211528e-05,520,2.00000005335,2.00000005339,-1.77300391854e-11
512,0.69986819387709909,5300,2,pre,-1,1.5,1536,2.46188480927e-06,3.03665094384e-06,6.46311431995e-06,0.99999583018,1.00000646311,0,0,0,7.81053436362e-05,520,2.0000000579,2.00000005802,-6.45814494242e-11
512,0.69986819387709909,5300,2,pre,-1,3.0,3072,5.72091502575e-06,7.52479731814e-06,1.80815075757e-05,0.999981918492,1.00001363773,0,0,0,7.81053436362e-05,520,2.0000000579,2.00000005802,-6.45814494242e-11
512,0.69986819387709909,5300,2,post,2,1.5,1536,7.89841432636e-07,9.60576687614e-07,1.95683775117e-06,0.999998606813,1.00000195684,3.97131201956e-09,1.14273868267e-08,0,7.8500985929e-05,520,2.00000005788,2.00000005802,-7.34123851505e-11
512,0.69986819387709909,5300,2,post,2,3.0,3072,2.63217045911e-06,3.70403550935e-06,9.65559047483e-06,0.99999034441,1.00000653828,1.31714284536e-08,4.76813427283e-08,0,7.8500985929e-05,520,2.00000005788,2.00000005802,-7.34123851505e-11
512,0.7130982164456644,5400,2,pre,-1,1.5,1536,2.35314086026e-06,2.8781629062e-06,5.50370091124e-06,0.999995910316,1.0000055037,0,0,0,6.67406336068e-05,520,2.00000006221,2.00000006204,8.28757037267e-11
512,0.7130982164456644,5400,2,pre,-1,3.0,3072,5.59594421625e-06,7.42184404973e-06,1.84747231798e-05,0.999981525277,1.00001232432,0,0,0,6.67406336068e-05,520,2.00000006221,2.00000006204,8.28757037267e-11
512,0.7130982164456644,5400,2,post,2,1.5,1536,7.51628171762e-07,9.0423498336e-07,1.88888240704e-06,0.999998111118,1.00000164379,3.77342675471e-09,1.14469405977e-08,0,6.71921436014e-05,520,2.00000006219,2.00000006204,7.09108305615e-11
512,0.7130982164456644,5400,2,post,2,3.0,3072,2.58261136153e-06,3.68076216694e-06,9.95074428534e-06,0.999990049256,1.00000650008,1.29174799815e-08,4.93048774464e-08,0,6.71921436014e-05,520,2.00000006219,2.00000006204,7.09108305615e-11
512,0.72632823901422972,5500,2,pre,-1,1.5,1536,2.23926925358e-06,2.73298813652e-06,4.55497971141e-06,0.999995848285,1.00000455498,0,0,0,5.43450728805e-05,520,2.0000000646,2.00000006417,2.16025412844e-10
512,0.72632823901422972,5500,2,pre,-1,3.0,3072,5.36116916082e-06,7.167987151e-06,1.86092510983e-05,0.999981390749,1.00001469409,0,0,0,5.43450728805e-05,520,2.0000000646,2.00000006417,2.16025412844e-10
512,0.72632823901422972,5500,2,post,2,1.5,1536,7.12770768103e-07,8.58427153008e-07,1.31569472694e-06,0.999998705082,1.00000131569,3.56613440865e-09,7.58151217847e-09,0,5.48125602789e-05,520,2.00000006458,2.00000006417,2.05792709599e-10
512,0.72632823901422972,5500,2,post,2,3.0,3072,2.47548161694e-06,3.57269193053e-06,1.01494108725e-05,0.999989850589,1.00000793712,1.23693754107e-08,5.02593323244e-08,0,5.48125602789e-05,520,2.00000006458,2.00000006417,2.05792709599e-10
512,0.7395582615827947,5600,2,pre,-1,1.5,1536,2.19720242294e-06,2.66703559364e-06,7.85613801457e-06,0.999992143862,1.0000038648,0,0,0,4.09621258028e-05,520,2.00000006082,2.00000006005,3.82221354192e-10
512,0.7395582615827947,5600,2,pre,-1,3.0,3072,5.04876337854e-06,6.68636892339e-06,1.76906764398e-05,0.999989605386,1.00001769068,0,0,0,4.09621258028e-05,520,2.00000006082,2.00000006005,3.82221354192e-10
512,0.7395582615827947,5600,2,post,2,1.5,1536,6.88087764404e-07,8.51050210863e-07,4.3851132826e-06,0.999995614887,1.00000110521,3.4663724268e-09,1.84692330544e-08,0,4.13919099732e-05,520,2.00000006082,2.00000006005,3.8554447365e-10
512,0.7395582615827947,5600,2,post,2,3.0,3072,2.30974727329e-06,3.30461328272e-06,9.67705503174e-06,0.999995339262,1.00000967706,1.15616727201e-08,4.81114255432e-08,0,4.13919099732e-05,520,2.00000006082,2.00000006005,3.8554447365e-10
512,0.75278828415136001,5700,2,pre,-1,1.5,1536,2.12172906739e-06,2.58480545887e-06,1.07534471044e-05,0.999989246553,1.00000329051,0,0,0,2.68762104127e-05,520,2.00000006071,2.00000006006,3.21959338402e-10
512,0.75278828415136001,5700,2,pre,-1,3.0,3072,4.6400534559e-06,6.07954291747e-06,1.54925322911e-05,0.999989246553,1.00001549253,0,0,0,2.68762104127e-05,520,2.00000006071,2.00000006006,3.21959338402e-10
512,0.75278828415136001,5700,2,post,2,1.5,1536,6.54998484722e-07,8.51511296703e-07,5.85387726371e-06,0.999994146123,1.00000094428,3.3556850806e-09,2.39742986401e-08,0,2.72084457194e-05,520,2.00000006071,2.00000006006,3.24290806684e-10
512,0.75278828415136001,5700,2,post,2,3.0,3072,2.10027329164e-06,2.97579896263e-06,8.32636911619e-06,0.999994146123,1.00000832637,1.05100774151e-08,4.14335702258e-08,0,2.72084457194e-05,520,2.00000006071,2.00000006006,3.24290806684e-10
512,0.76601830671992532,5800,2,pre,-1,1.5,1536,2.00270466641e-06,2.47979560348e-06,8.88821219414e-06,0.999991111788,1.0000028724,0,0,0,1.31543794888e-05,520,2.00000006034,2.00000006007,1.33058671192e-10
512,0.76601830671992532,5800,2,pre,-1,3.0,3072,4.16585179917e-06,5.42513059226e-06,1.3324295951e-05,0.999990253981,1.0000133243,0,0,0,1.31543794888e-05,520,2.00000006034,2.00000006007,1.33058671192e-10
512,0.76601830671992532,5800,2,post,2,1.5,1536,6.1973582233e-07,8.57937755533e-07,5.25716072308e-06,0.999994742839,1.00000088705,3.20790069892e-09,2.49045606863e-08,0,1.33693593476e-05,520,2.00000006034,2.00000006007,1.3404077445e-10
512,0.76601830671992532,5800,2,post,2,3.0,3072,1.8704281171e-06,2.63977843095e-06,7.06843049092e-06,0.999994742839,1.00000706843,9.33799248888e-09,3.50808189095e-08,0,1.33693593476e-05,520,2.00000006034,2.00000006007,1.3404077445e-10
512,0.7792483292884903,5900,2,pre,-1,1.5,1536,1.79066590029e-06,2.24025887295e-06,5.04156040471e-06,0.99999495844,1.00000265152,0,0,0,2.25301824251e-06,520,2.00000006043,2.00000006009,1.73087317053e-10
512,0.7792483292884903,5900,2,pre,-1,3.0,3072,3.60931683156e-06,4.70408953387e-06,1.12127056417e-05,0.999991078854,1.00001121271,0,0,0,2.25301824251e-06,520,2.00000006043,2.00000006009,1.73087317053e-10
512,0.7792483292884903,5900,2,post,2,1.5,1536,5.8422843574e-07,7.53342409738e-07,3.03312492544e-06,0.999996966875,1.00000093721,2.90766281045e-09,1.48135700152e-08,0,2.16932745595e-06,520,2.00000006043,2.00000006009,1.72040598817e-10
512,0.7792483292884903,5900,2,post,2,3.0,3072,1.62783238157e-06,2.27734889839e-06,5.90243184884e-06,0.999995681148,1.00000590243,8.03237631171e-09,2.9086166144e-08,0,2.16932745595e-06,520,2.00000006043,2.00000006009,1.72040598817e-10
512,0.79247835185705562,6000,2,pre,-1,1.5,1536,1.49988616528e-06,1.9600537227e-06,4.6578286752e-06,0.999998671988,1.00000465783,0,0,0,1.41728294801e-05,516,2.00000006014,2.0000000601,2.16702205219e-11
512,0.79247835185705562,6000,2,pre,-1,3.0,3072,3.01976747842e-06,3.90201849924e-06,8.94421355691e-06,0.999992207103,1.00000894421,0,0,0,1.41728294801e-05,516,2.00000006014,2.0000000601,2.16702205219e-11
512,0.79247835185705562,6000,2,post,2,1.5,1536,4.89320631429e-07,6.68016200517e-07,1.67883580215e-06,0.999999525958,1.00000167884,2.30316019611e-09,9.2237572389e-09,0,1.40499853495e-05,516,2.00000006014,2.0000000601,2.21782585627e-11
512,0.79247835185705562,6000,2,post,2,3.0,3072,1.35804680659e-06,1.87667576797e-06,4.5890607463e-06,0.999996148013,1.00000458906,6.63656058643e-09,2.31472260734e-08,0,1.40499853495e-05,516,2.00000006014,2.0000000601,2.21782585627e-11
512,0.80570837442562082,6100,2,pre,-1,1.5,1536,1.15595876753e-06,1.49237835654e-06,3.52624136979e-06,0.99999896806,1.00000352624,0,0,0,2.55869682401e-05,516,2.00000006017,2.00000006011,3.23439043597e-11
512,0.80570837442562082,6100,2,pre,-1,3.0,3072,2.36556855718e-06,3.04568801177e-06,6.90573936191e-06,0.999993906458,1.00000690574,0,0,0,2.55869682401e-05,516,2.00000006017,2.00000006011,3.23439043597e-11
512,0.80570837442562082,6100,2,post,2,1.5,1536,3.88840106731e-07,5.2761781146e-07,1.31434801287e-06,0.999999581124,1.00000131435,1.68022582474e-09,6.60673765782e-09,0,2.54383559297e-05,516,2.00000006017,2.00000006011,3.10067517891e-11
512,0.80570837442562082,6100,2,post,2,3.0,3072,1.06098004719e-06,1.4522234322e-06,3.48616125945e-06,0.999997067396,1.00000348616,5.11844508982e-09,1.74550730588e-08,0,2.54383559297e-05,516,2.00000006017,2.00000006011,3.10067517891e-11
512,0.81893839699418591,6200,2,pre,-1,1.5,1536,8.28485973286e-07,1.08388149067e-06,2.59035697381e-06,0.999999207429,1.00000259036,0,0,0,3.66467531004e-05,516,2.0000000602,2.00000006012,3.75206521232e-11
512,0.81893839699418591,6200,2,pre,-1,3.0,3072,1.69125967607e-06,2.18102924905e-06,5.07523920734e-06,0.999995802394,1.00000507524,0,0,0,3.66467531004e-05,516,2.0000000602,2.00000006012,3.75206521232e-11
512,0.81893839699418591,6200,2,post,2,1.5,1536,2.98349308287e-07,4.00917853619e-07,9.86375511713e-07,0.999999639425,1.00000098638,1.16716901184e-09,4.67131438479e-09,0,3.65207407042e-05,516,2.00000006019,2.00000006012,3.51914042875e-11
512,0.81893839699418591,6200,2,post,2,3.0,3072,7.5628296725e-07,1.02674038092e-06,2.54811095957e-06,0.999998090937,1.00000254811,3.57479630399e-09,1.26632933809e-08,0,3.65207407042e-05,516,2.00000006019,2.00000006012,3.51914042875e-11
512,0.83216841956275123,6300,2,pre,-1,1.5,1536,5.57537232835e-07,7.45168000258e-07,1.81172873015e-06,0.999999442533,1.00000181173,0,0,0,4.68949513491e-05,516,2.00000006022,2.00000006013,4.3479218917e-11
512,0.83216841956275123,6300,2,pre,-1,3.0,3072,1.02679356984e-06,1.33282868551e-06,3.43412099224e-06,0.999997897431,1.00000343412,0,0,0,4.68949513491e-05,516,2.00000006022,2.00000006013,4.3479218917e-11
512,0.83216841956275123,6300,2,post,2,1.5,1536,2.34117881957e-07,2.96844462654e-07,7.14799466284e-07,0.999999728875,1.0000007148,8.25004050145e-10,3.22864844582e-09,0,4.68170723867e-05,516,2.00000006021,2.00000006013,4.04232191113e-11
512,0.83216841956275123,6300,2,post,2,3.0,3072,4.56105333202e-07,6.18925302057e-07,1.74825648291e-06,0.999999036538,1.00000174826,2.06269783913e-09,8.5903165796e-09,0,4.68170723867e-05,516,2.00000006021,2.00000006013,4.04232191113e-11
512,0.84539844213131643,6400,2,pre,-1,1.5,1536,4.47777819843e-07,5.47312241358e-07,1.11236782252e-06,0.999999644318,1.00000111237,0,0,0,5.61136684874e-05,516,2.00000006531,2.00000006518,6.44522192373e-11
512,0.84539844213131643,6400,2,pre,-1,3.0,3072,6.76783840019e-07,9.54568522424e-07,3.34607239161e-06,0.999999321277,1.00000334607,0,0,0,5.61136684874e-05,516,2.00000006531,2.00000006518,6.44522192373e-11
512,0.84539844213131643,6400,2,post,2,1.5,1536,2.01599592756e-07,2.47666912358e-07,4.92217939518e-07,0.999999799979,1.00000049222,6.80533928773e-10,2.41182540172e-09,0,5.61078167946e-05,516,2.00000006531,2.00000006518,6.58117983089e-11
512,0.84539844213131643,6400,2,post,2,3.0,3072,3.67261321232e-07,5.42699363733e-07,1.85985080559e-06,0.999999606446,1.00000185985,1.56060113782e-09,9.14517824836e-09,0,5.61078167946e-05,516,2.00000006531,2.00000006518,6.58117983089e-11
512,0.85862846469988152,6500,2,pre,-1,1.5,1536,4.33991075147e-07,5.74436068064e-07,1.43882964898e-06,0.999999494576,1.00000143883,0,0,0,6.40615475745e-05,516,2.0000000644,2.00000006428,5.75279805287e-11
512,0.85862846469988152,6500,2,pre,-1,3.0,3072,5.14320237334e-07,7.03563771094e-07,2.10180536242e-06,0.999999368224,1.00000210181,0,0,0,6.40615475745e-05,516,2.0000000644,2.00000006428,5.75279805287e-11
512,0.85862846469988152,6500,2,post,2,1.5,1536,1.75395893826e-07,2.39370927376e-07,6.44392252225e-07,0.999999775983,1.00000064439,7.62326411222e-10,3.24905455144e-09,0,6.41161993607e-05,516,2.00000006441,2.00000006428,6.30500076311e-11
512,0.85862846469988152,6500,2,post,2,3.0,3072,2.77035618783e-07,3.97131310018e-07,1.30558320666e-06,0.999999550626,1.00000130558,1.3072977822e-09,6.46298899988e-09,0,6.41161993607e-05,516,2.00000006441,2.00000006428,6.30500076311e-11
512,0.87185848726844684,6600,2,pre,-1,1.5,1536,5.78357987044e-07,7.94909734895e-07,2.06320798801e-06,0.999999267803,1.00000206321,0,0,0,7.06811640032e-05,516,2.00000006237,2.00000006229,3.85864661528e-11
512,0.87185848726844684,6600,2,pre,-1,3.0,3072,9.58862823441e-07,1.24965389513e-06,3.46086729142e-06,0.999998323137,1.00000346087,0,0,0,7.06811640032e-05,516,2.00000006237,2.00000006229,3.85864661528e-11
512,0.87185848726844684,6600,2,post,2,1.5,1536,2.12467471755e-07,3.02377077272e-07,8.46349035521e-07,0.999999705093,1.00000084635,1.00018336076e-09,4.33993514824e-09,0,7.07867747013e-05,516,2.00000006238,2.00000006229,4.31663580314e-11
512,0.87185848726844684,6600,2,post,2,3.0,3072,4.49803827293e-07,6.32117529388e-07,1.94324182101e-06,0.999999055006,1.00000194324,2.32923407809e-09,9.7623294136e-09,0,7.07867747013e-05,516,2.00000006238,2.00000006229,4.31663580314e-11
512,0.88508850983701204,6700,2,pre,-1,1.5,1536,8.18627902173e-07,1.05456893303e-06,2.68175824036e-06,0.99999903738,1.00000268176,0,0,0,7.58700620146e-05,516,2.00000006057,2.00000006051,2.66295866183e-11
512,0.88508850983701204,6700,2,pre,-1,3.0,3072,1.55048690114e-06,1.96784639875e-06,4.79794471575e-06,0.999996451895,1.00000479794,0,0,0,7.58700620146e-05,516,2.00000006057,2.00000006051,2.66295866183e-11
512,0.88508850983701204,6700,2,post,2,1.5,1536,2.66855349957e-07,3.74199784904e-07,1.03296365572e-06,0.999999626557,1.00000103296,1.31083358838e-09,5.45306750623e-09,0,7.60169000427e-05,516,2.00000006057,2.00000006051,3.02653448694e-11
512,0.88508850983701204,6700,2,post,2,3.0,3072,7.12806041251e-07,9.73786434846e-07,2.57993783648e-06,0.999998181435,1.00000257994,3.66134724337e-09,1.30321550305e-08,0,7.60169000427e-05,516,2.00000006057,2.00000006051,3.02653448694e-11
512,0.89831853240557713,6800,2,pre,-1,1.5,1536,1.0402724582e-06,1.31062025465e-06,3.25750607089e-06,0.999998812824,1.00000325751,0,0,0,7.95717562299e-05,516,2.000000059,2.00000005897,1.47213348279e-11
512,0.89831853240557713,6800,2,pre,-1,3.0,3072,2.09805929113e-06,2.66917683003e-06,6.04441109142e-06,0.999994586503,1.00000604441,0,0,0,7.95717562299e-05,516,2.000000059,2.00000005897,1.47213348279e-11
512,0.89831853240557713,6800,2,post,2,1.5,1536,3.34642005224e-07,4.4576367432e-07,1.19169086887e-06,0.999999546934,1.00000119169,1.65228117023e-09,6.49289942558e-09,0,7.97483536124e-05,516,2.000000059,2.00000005897,1.71573861167e-11
512,0.89831853240557713,6800,2,post,2,3.0,3072,9.64615911191e-07,1.31371091964e-06,3.17094363722e-06,0.999997176894,1.00000317094,4.91252728488e-09,1.6085231317e-08,0,7.97483536124e-05,516,2.000000059,2.00000005897,1.71573861167e-11
512,0.91154855497414244,6900,2,pre,-1,1.5,1536,1.23632945812e-06,1.5434726068e-06,3.75302178934e-06,0.999998564478,1.00000375302,0,0,0,8.17368345268e-05,516,2.00000005762,2.00000005761,7.46913620534e-12
512,0.91154855497414244,6900,2,pre,-1,3.0,3080,2.59888809256e-06,3.32059922257e-06,7.14275710045e-06,0.99999288103,1.00000714276,0,0,0,8.17368345268e-05,516,2.00000005762,2.00000005761,7.46913620534e-12
512,0.91154855497414244,6900,2,post,2,1.5,1536,3.92934916656e-07,5.113636992e-07,1.31467079334e-06,0.999999469641,1.00000131467,1.97640407017e-09,7.35554547913e-09,0,8.19398906338e-05,516,2.00000005762,2.00000005761,8.58824098193e-12
512,0.91154855497414244,6900,2,post,2,3.0,3080,1.1952419344e-06,1.63293983554e-06,3.7422385849e-06,0.999996257761,1.00000368167,6.07094748004e-09,1.87358513287e-08,0,8.19398906338e-05,516,2.00000005762,2.00000005761,8.58824098193e-12
512,0.92477857754270754,7000,2,pre,-1,1.5,1536,1.40187770467e-06,1.74165645767e-06,4.13596672821e-06,0.999998149735,1.00000413597,0,0,0,8.24308895546e-05,516,2.00000005734,2.00000005734,9.38804562707e-13
512,0.92477857754270754,7000,2,pre,-1,3.0,3072,3.0269289838e-06,3.88978128202e-06,8.66394995458e-06,0.99999133605,1.00000804646,0,0,0,8.24308895546e-05,516,2.00000005734,2.00000005734,9.38804562707e-13
512,0.92477857754270754,7000,2,post,2,1.5,1536,4.41467202877e-07,5.66987141907e-07,1.3972633861e-06,0.99999939948,1.00000139726,2.25507463841e-09,7.96182954982e-09,0,8.26550869903e-05,516,2.00000005734,2.00000005734,1.02406968855e-12
512,0.92477857754270754,7000,2,post,2,3.0,3072,1.38998339517e-06,1.9106810935e-06,4.58157256689e-06,0.999995418427,1.0000040829,7.04951708165e-09,2.27964247791e-08,0,8.26550869903e-05,516,2.00000005734,2.00000005734,1.02406968855e-12
512,0.93800860011127274,7100,2,pre,-1,1.5,1536,1.5333181553e-06,1.8981342214e-06,4.38299606764e-06,0.999997794629,1.000004383,0,0,0,8.13362366187e-05,518,2.00000005764,2.00000005765,-6.65001368121e-12
512,0.93800860011127274,7100,2,pre,-1,3.0,3072,3.39599951975e-06,4.38633765497e-06,1.00399171631e-05,0.999989960083,1.00000871716,0,0,0,8.13362366187e-05,518,2.00000005764,2.00000005765,-6.65001368121e-12
512,0.93800860011127274,7100,2,post,2,1.5,1536,4.799431825e-07,6.09860554715e-07,1.43796103957e-06,0.999999293031,1.00000143796,2.47797454312e-09,8.25084996679e-09,0,8.15859288826e-05,518,2.00000005763,2.00000005765,-7.62478946874e-12
512,0.93800860011127274,7100,2,post,2,3.0,3072,1.56014010038e-06,2.15674322391e-06,5.33448400608e-06,0.999994665516,1.00000435505,7.90242356057e-09,2.64827235367e-08,0,8.15859288826e-05,518,2.00000005763,2.00000005765,-7.62478946874e-12
512,0.95123862267983805,7200,2,pre,-1,1.5,1536,1.62929361687e-06,2.01090558057e-06,4.48036156042e-06,0.999997497997,1.00000448036,0,0,0,7.88466326078e-05,520,2.00000005843,2.00000005846,-1.62394537511e-11
512,0.95123862267983805,7200,2,pre,-1,3.0,3072,3.6950828316e-06,4.79891411381e-06,1.12430449752e-05,0.999988756955,1.00000913374,0,0,0,7.88466326078e-05,520,2.00000005843,2.00000005846,-1.62394537511e-11
512,0.95123862267983805,7200,2,post,2,1.5,1536,5.09394136387e-07,6.39131153647e-07,1.43179085033e-06,0.999999199395,1.00000143179,2.64366460959e-09,8.18246646047e-09,0,7.91240534119e-05,520,2.00000005843,2.00000005846,-1.84039444966e-11
512,0.95123862267983805,7200,2,post,2,3.0,3072,1.70010223759e-06,2.36428680156e-06,6.00034959375e-06,0.99999399965,1.00000448338,8.59947630865e-09,2.97583434682e-08,0,7.91240534119e-05,520,2.00000005843,2.00000005846,-1.84039444966e-11
512,0.96446864524840303,7300,2,pre,-1,1.5,1536,1.6911008638e-06,2.08200915322e-06,4.43581383824e-06,0.999997258719,1.00000443581,0,0,0,7.53704057117e-05,520,2.00000005991,2.00000005997,-2.96584969905e-11
512,0.96446864524840303,7300,2,pre,-1,3.0,3072,3.92316727023e-06,5.12685659124e-06,1.2273658612e-05,0.999987726341,1.00000930459,0,0,0,7.53704057117e-05,520,2.00000005991,2.00000005997,-2.96584969905e-11
512,0.96446864524840303,7300,2,post,2,1.5,1536,5.31381339246e-07,6.5580567727e-07,1.38520693782e-06,0.9999991359,1.00000138521,2.75239963159e-09,7.79132880175e-09,0,7.56723925738e-05,520,2.00000005991,2.00000005997,-3.30517825412e-11
512,0.96446864524840303,7300,2,post,2,3.0,3072,1.81034196467e-06,2.53419066593e-06,6.58195027547e-06,0.99999341805,1.00000447973,9.13766538149e-09,3.26360171613e-08,0,7.56723925738e-05,520,2.00000005991,2.00000005997,-3.30517825412e-11
512,0.97769866781696835,7400,2,pre,-1,1.5,1536,1.72174829787e-06,2.11654216419e-06,4.26366997663e-06,0.999997071359,1.00000426367,0,0,0,7.06596828183e-05,520,2.00000006167,2.00000006176,-4.70072855002e-11
512,0.97769866781696835,7400,2,pre,-1,3.0,3072,4.07744021785e-06,5.36535947537e-06,1.31278344863e-05,0.999986872166,1.000009243,0,0,0,7.06596828183e-05,520,2.00000006167,2.00000006176,-4.70072855002e-11
512,0.97769866781696835,7400,2,post,2,1.5,1536,5.46961733304e-07,6.62081747031e-07,1.30287038469e-06,0.999999098365,1.00000130287,2.8085223356e-09,7.13201795451e-09,0,7.09905877076e-05,520,2.00000006166,2.00000006176,-5.16713322826e-11
512,0.97769866781696835,7400,2,post,2,3.0,3072,1.88884089249e-06,2.6630389424e-06,7.07894261665e-06,0.999992921057,1.00000463406,9.50801240859e-09,3.51071058891e-08,0,7.09905877076e-05,520,2.00000006166,2.00000006176,-5.16713322826e-11
512,0.99092869038553366,7500,2,pre,-1,1.5,1536,1.72652742782e-06,2.12201102476e-06,3.98239040456e-06,0.999996906446,1.00000398239,0,0,0,6.48139389105e-05,520,2.00000006379,2.00000006392,-6.44786425849e-11
512,0.99092869038553366,7500,2,pre,-1,3.0,3072,4.15808935878e-06,5.51158770986e-06,1.37993855495e-05,0.999986200614,1.00000944427,0,0,0,6.48139389105e-05,520,2.00000006379,2.00000006392,-6.44786425849e-11
512,0.99092869038553366,7500,2,post,2,1.5,1536,5.54514933468e-07,6.61397069871e-07,1.1857491764e-06,0.999999060711,1.00000118575,2.81774024442e-09,6.28607939659e-09,0,6.51682468246e-05,520,2.00000006378,2.00000006392,-7.02147206806e-11
512,0.99092869038553366,7500,2,post,2,3.0,3072,1.93325102172e-06,2.74852800216e-06,7.49061137439e-06,0.999992509389,1.00000513491,9.7043467268e-09,3.71408070514e-08,0,6.51682468246e-05,520,2.00000006378,2.00000006392,-7.02147206806e-11
512,1.0041587129540988,7600,2,pre,-1,1.5,1536,1.714734597e-06,2.10641324003e-06,3.62112611341e-06,0.999996759453,1.00000362113,0,0,0,5.7959617031e-05,520,2.00000006512,2.00000006528,-7.60498306155e-11
512,1.0041587129540988,7600,2,pre,-1,3.0,3072,4.16449647965e-06,5.55529958455e-06,1.42773848362e-05,0.999985722615,1.00001069402,0,0,0,5.7959617031e-05,520,2.00000006512,2.00000006528,-7.60498306155e-11
512,1.0041587129540988,7600,2,post,2,1.5,1536,5.53959082734e-07,6.56860061439e-07,1.04706700532e-06,0.999999014859,1.00000104707,2.78861616977e-09,5.36058996931e-09,0,5.83284443337e-05,520,2.00000006511,2.00000006528,-8.19446705946e-11
512,1.0041587129540988,7600,2,post,2,3.0,3072,1.93979006559e-06,2.78132930116e-06,7.81255286575e-06,0.999992187447,1.00000581762,9.71413382333e-09,3.86982861519e-08,0,5.83284443337e-05,520,2.00000006511,2.00000006528,-8.19446705946e-11
512,1.0173887355226645,7700,2,pre,-1,1.5,1536,1.7070384129e-06,2.08044253464e-06,3.34992371764e-06,0.999996650076,1.00000322566,0,0,0,5.02114849977e-05,520,2.0000000649,2.00000006506,-8.05440132813e-11
512,1.0173887355226645,7700,2,pre,-1,3.0,3072,4.09882596847e-06,5.47464555982e-06,1.45697554885e-05,0.999985430245,1.0000124008,0,0,0,5.02114849977e-05,520,2.0000000649,2.00000006506,-8.05440132813e-11
512,1.0173887355226645,7700,2,post,2,1.5,1536,5.46634846644e-07,6.51414078962e-07,1.03120300887e-06,0.999998968797,1.00000090938,2.73427882742e-09,5.23766765376e-09,0,5.05809331295e-05,520,2.00000006489,2.00000006506,-8.48343589981e-11
512,1.0173887355226645,7700,2,post,2,3.0,3072,1.90280560052e-06,2.74195098011e-06,8.03892984114e-06,0.99999196107,1.00000680722,9.51622229121e-09,3.97711637616e-08,0,5.05809331295e-05,520,2.00000006489,2.00000006506,-8.48343589981e-11
512,1.0306187580912303,7800,2,pre,-1,1.5,1536,1.70307832981e-06,2.06933162884e-06,3.54852507911e-06,0.999996451475,1.00000292389,0,0,0,4.15442613033e-05,520,2.00000006065,2.00000006023,2.0888445899e-10
512,1.0306187580912303,7800,2,pre,-1,3.0,3072,3.94375233603e-06,5.20448922915e-06,1.3581575534e-05,0.999991725885,1.00001358158,0,0,0,4.15442613033e-05,520,2.00000006065,2.00000006023,2.0888445899e-10
512,1.0306187580912303,7800,2,post,2,1.5,1536,5.37357587435e-07,6.51412305453e-07,1.0994320061e-06,0.999998900568,1.00000081418,2.69366163911e-09,5.43492227438e-09,0,4.18877897131e-05,520,2.00000006065,2.00000006023,2.11287869721e-10
512,1.0306187580912303,7800,2,post,2,3.0,3072,1.81107923225e-06,2.57192140913e-06,7.42249311547e-06,0.999996260518,1.00000742249,9.06371776766e-09,3.68637448588e-08,0,4.18877897131e-05,520,2.00000006065,2.00000006023,2.11287869721e-10
512,1.0438487806597958,7900,2,pre,-1,1.5,1536,1.67850615864e-06,2.04723674298e-06,1.02289670232e-05,0.999989771033,1.00000259497,0,0,0,3.2302348359e-05,520,2.00000006114,2.00000006022,4.57839086179e-10
512,1.0438487806597958,7900,2,pre,-1,3.0,3072,3.74376909183e-06,4.89859113513e-06,1.24220171065e-05,0.999989771033,1.00001242202,0,0,0,3.2302348359e-05,520,2.00000006114,2.00000006022,4.57839086179e-10
512,1.0438487806597958,7900,2,post,2,1.5,1536,5.26751246794e-07,6.72340303359e-07,5.62398095005e-06,0.999994376019,1.00000071589,2.65921275233e-09,2.41404324768e-08,0,3.2595855456e-05,520,2.00000006114,2.00000006022,4.59656299171e-10
512,1.0438487806597958,7900,2,post,2,3.0,3072,1.70679569189e-06,2.4037188228e-06,6.69707802103e-06,0.999994376019,1.00000669708,8.53409803684e-09,3.32907766562e-08,0,3.2595855456e-05,520,2.00000006114,2.00000006022,4.59656299171e-10
512,1.0570788032283616,8000,2,pre,-1,1.5,1536,1.59989508725e-06,1.96084495228e-06,6.18136418673e-06,0.999993818636,1.0000022993,0,0,0,2.27621656469e-05,520,2.00000006112,2.00000006022,4.51021428837e-10
512,1.0570788032283616,8000,2,pre,-1,3.0,3072,3.46573333316e-06,4.5211262942e-06,1.11763796102e-05,0.999991977734,1.00001117638,0,0,0,2.27621656469e-05,520,2.00000006112,2.00000006022,4.51021428837e-10
512,1.0570788032283616,8000,2,post,2,1.5,1536,4.90811978555e-07,6.33085456687e-07,3.32653378043e-06,0.999996673466,1.00000064643,2.5094900343e-09,1.11509387947e-08,0,2.2995569497e-05,520,2.00000006112,2.00000006022,4.52609935892e-10
512,1.0570788032283616,8000,2,post,2,3.0,3072,1.56463469941e-06,2.20237469418e-06,5.95580762375e-06,0.999996225673,1.00000595581,7.81791743382e-09,2.95942591631e-08,0,2.2995569497e-05,520,2.00000006112,2.00000006022,4.52609935892e-10
512,1.0703088257969273,8100,2,pre,-1,1.5,1536,1.53204089773e-06,1.91377508797e-06,8.27004147252e-06,0.999991729959,1.00000206319,0,0,0,1.34694286457e-05,520,2.00000006108,2.00000006021,4.34111400415e-10
512,1.0703088257969273,8100,2,pre,-1,3.0,3072,3.17254819259e-06,4.11342607286e-06,9.86792086888e-06,0.999991729959,1.00000986792,0,0,0,1.34694286457e-05,520,2.00000006108,2.00000006021,4.34111400415e-10
512,1.0703088257969273,8100,2,post,2,1.5,1536,4.73753883969e-07,6.79029872211e-07,5.04745229402e-06,0.999994952548,1.00000062506,2.46933610848e-09,2.47605242091e-08,0,1.36339424701e-05,520,2.00000006108,2.00000006021,4.34675837783e-10
512,1.0703088257969273,8100,2,post,2,3.0,3072,1.42503164108e-06,2.0005633715e-06,5.21149977639e-06,0.999994952548,1.0000052115,7.12511563185e-09,2.58214235115e-08,0,1.36339424701e-05,520,2.00000006108,2.00000006021,4.34675837783e-10
512,1.0835388483654929,8200,2,pre,-1,1.5,1536,1.39228963207e-06,1.75339740533e-06,6.25771223117e-06,0.999993742288,1.00000189126,0,0,0,4.20848122564e-06,520,2.00000006108,2.0000000602,4.39084755328e-10
512,1.0835388483654929,8200,2,pre,-1,3.0,3072,2.8022786029e-06,3.63705351049e-06,8.52713501609e-06,0.999992998026,1.00000852714,0,0,0,4.20848122564e-06,520,2.00000006108,2.0000000602,4.39084755328e-10
512,1.0835388483654929,8200,2,post,2,1.5,1536,4.3997330301e-07,6.14839231574e-07,3.8368719476e-06,0.999996163128,1.00000063689,2.27133530394e-09,1.85830633138e-08,0,4.29771489468e-06,520,2.00000006108,2.0000000602,4.38324918713e-10
512,1.0835388483654929,8200,2,post,2,3.0,3072,1.25768730128e-06,1.76270535373e-06,4.47629819345e-06,0.999996163128,1.0000044763,6.25010502047e-09,2.20630974254e-08,0,4.29771489468e-06,520,2.00000006108,2.0000000602,4.38324918713e-10
512,1.0967688709340586,8300,2,pre,-1,1.5,1536,1.18513698352e-06,1.57017285101e-06,3.70534838146e-06,0.999998777284,1.00000370535,0,0,0,6.04205035549e-06,516,2.00000006021,2.00000006019,7.45048444942e-12
512,1.0967688709340586,8300,2,pre,-1,3.0,3072,2.3848733995e-06,3.1031001625e-06,7.06948663232e-06,0.999993697804,1.00000706949,0,0,0,6.04205035549e-06,516,2.00000006021,2.00000006019,7.45048444942e-12
512,1.0967688709340586,8300,2,post,2,1.5,1536,3.70770982066e-07,5.20794931078e-07,1.28333674843e-06,0.999999587882,1.00000128334,1.88719558664e-09,7.48801416532e-09,0,5.99079956705e-06,516,2.00000006021,2.00000006019,8.19566612112e-12
512,1.0967688709340586,8300,2,post,2,3.0,3072,1.06581083213e-06,1.49420597391e-06,3.64868010605e-06,0.9999968417,1.00000364868,5.27333387137e-09,1.83927580111e-08,0,5.99079956705e-06,516,2.00000006021,2.00000006019,8.19566612112e-12
512,1.1099988935026244,8400,2,pre,-1,1.5,1536,9.50335239384e-07,1.23876530842e-06,2.91167881827e-06,0.999999150964,1.00000291168,0,0,0,1.40764773862e-05,516,2.00000006022,2.00000006019,1.59614539001e-11
512,1.1099988935026244,8400,2,pre,-1,3.0,3072,1.94468908877e-06,2.52049772826e-06,5.66533405566e-06,0.999994824247,1.00000566533,0,0,0,1.40764773862e-05,516,2.00000006022,2.00000006019,1.59614539001e-11
512,1.1099988935026244,8400,2,post,2,1.5,1536,3.06976952451e-07,4.18989977784e-07,1.04603795181e-06,0.999999706615,1.00000104604,1.4484176463e-09,5.68174983017e-09,0,1.39920167691e-05,516,2.00000006022,2.00000006019,1.62243547044e-11
512,1.1099988935026244,8400,2,post,2,3.0,3072,8.7073510322e-07,1.20692360964e-06,2.88249846681e-06,0.999997441181,1.0000028825,4.25841461119e-09,1.44822823369e-08,0,1.39920167691e-05,516,2.00000006022,2.00000006019,1.62243547044e-11
512,1.1232289160711899,8500,2,pre,-1,1.5,1536,7.18673718588e-07,9.32178371512e-07,2.20854353805e-06,0.999999388482,1.00000220854,0,0,0,2.18640921475e-05,516,2.00000006023,2.00000006018,2.28255185657e-11
512,1.1232289160711899,8500,2,pre,-1,3.0,3072,1.48336459241e-06,1.92035382263e-06,4.34448754927e-06,0.999996083062,1.00000434449,0,0,0,2.18640921475e-05,516,2.00000006023,2.00000006018,2.28255185657e-11
512,1.1232289160711899,8500,2,post,2,1.5,1536,2.38659142026e-07,3.25251611358e-07,8.20210504626e-07,0.999999761352,1.00000082021,1.04757915573e-09,4.16740797253e-09,0,2.17781885518e-05,516,2.00000006022,2.00000006018,2.22644118659e-11
512,1.1232289160711899,8500,2,post,2,3.0,3072,6.61990353414e-07,9.11922289867e-07,2.19179957983e-06,0.999998114346,1.0000021918,3.19746103803e-09,1.09267799496e-08,0,2.17781885518e-05,516,2.00000006022,2.00000006018,2.22644118659e-11
512,1.1364589386397557,8600,2,pre,-1,1.5,1536,4.94960337029e-07,6.54295126755e-07,1.58845736564e-06,0.999999570139,1.00000158846,0,0,0,2.92036310777e-05,516,2.00000006022,2.00000006017,2.03936861257e-11
512,1.1364589386397557,8600,2,pre,-1,3.0,3072,1.0125975254e-06,1.31577502881e-06,3.10878757759e-06,0.999997446312,1.00000310879,0,0,0,2.92036310777e-05,516,2.00000006022,2.00000006017,2.03936861257e-11
512,1.1364589386397557,8600,2,post,2,1.5,1536,1.73616022645e-07,2.39574112053e-07,6.10616601726e-07,0.999999811536,1.00000061062,6.98349784013e-10,2.94580995534e-09,0,2.91373045006e-05,516,2.00000006021,2.00000006017,1.92426069285e-11
512,1.1364589386397557,8600,2,post,2,3.0,3072,4.48857284444e-07,6.16648687439e-07,1.57007418089e-06,0.999998844569,1.00000157007,2.12502818605e-09,7.75127518074e-09,0,2.91373045006e-05,516,2.00000006021,2.00000006017,1.92426069285e-11
512,1.1496889612083214,8700,2,pre,-1,1.5,1536,3.08188586541e-07,4.1655556708e-07,1.04130476086e-06,0.999999729849,1.0000010413,0,0,0,3.58886033148e-05,516,2.00000006022,2.00000006017,2.61577418516e-11
512,1.1496889612083214,8700,2,pre,-1,3.0,3072,5.55020695704e-07,7.2977859223e-07,1.9630474235e-06,0.999998889834,1.00000196305,0,0,0,3.58886033148e-05,516,2.00000006022,2.00000006017,2.61577418516e-11
512,1.1496889612083214,8700,2,post,2,1.5,1536,1.2864373505e-07,1.66686422597e-07,4.23552038553e-07,0.99999986688,1.00000042355,4.65269915208e-10,1.95820483179e-09,0,3.58545471997e-05,516,2.00000006022,2.00000006017,2.49120716555e-11
512,1.1496889612083214,8700,2,post,2,3.0,3072,2.44441651977e-07,3.38169718492e-07,1.01338699543e-06,0.999999506446,1.00000101339,1.09824305686e-09,4.92025395427e-09,0,3.58545471997e-05,516,2.00000006022,2.00000006017,2.49120716555e-11
512,1.162918983776887,8800,2,pre,-1,1.5,1536,2.29876962311e-07,2.77554452789e-07,5.62218434697e-07,0.999999761982,1.00000056222,0,0,0,4.17950589437e-05,516,2.00000006021,2.00000006017,2.28053125074e-11
512,1.162918983776887,8800,2,pre,-1,3.0,3072,2.70729038455e-07,3.34625006107e-07,9.03659343798e-07,0.999999697656,1.00000090366,0,0,0,4.17950589437e-05,516,2.00000006021,2.00000006017,2.28053125074e-11
512,1.162918983776887,8800,2,post,2,1.5,1536,1.02678377743e-07,1.24866091398e-07,2.65430591728e-07,0.999999877986,1.00000026543,3.52771416459e-10,1.14884574336e-09,0,4.1800301962e-05,516,2.00000006021,2.00000006017,2.12212463435e-11
512,1.162918983776887,8800,2,post,2,3.0,3072,1.61012412865e-07,2.06843853232e-07,5.15217466468e-07,0.999999786215,1.00000051522,6.71787497474e-10,2.37955685711e-09,0,4.1800301962e-05,516,2.00000006021,2.00000006017,2.12212463435e-11
512,1.1761490063454527,8900,2,pre,-1,1.5,1536,2.48725107373e-07,3.24767966752e-07,7.93497818119e-07,0.999999627763,1.0000007935,0,0,0,4.6800529068e-05,516,2.0000000602,2.00000006016,2.09361410794e-11
512,1.1761490063454527,8900,2,pre,-1,3.0,3072,4.61958914475e-07,6.57215892368e-07,1.9430652296e-06,0.999999476141,1.00000194307,0,0,0,4.6800529068e-05,516,2.0000000602,2.00000006016,2.09361410794e-11
512,1.1761490063454527,8900,2,post,2,1.5,1536,9.50423729982e-08,1.24700132354e-07,3.15304785614e-07,0.999999845712,1.0000003153,4.23525833374e-10,1.46830281917e-09,0,4.68477758603e-05,516,2.0000000602,2.00000006016,1.93809407133e-11
512,1.1761490063454527,8900,2,post,2,3.0,3072,2.44232192275e-07,3.91071492374e-07,1.30616600158e-06,0.999999664459,1.00000130617,1.21135973558e-09,6.24650299368e-09,0,4.68477758603e-05,516,2.0000000602,2.00000006016,1.93809407133e-11
512,1.1893790289140185,9000,2,pre,-1,1.5,1536,4.05437554396e-07,4.98716265241e-07,1.17594548343e-06,0.999999442712,1.00000117595,0,0,0,5.08521618442e-05,516,2.00000006336,2.0000000633,2.83952852236e-11
512,1.1893790289140185,9000,2,pre,-1,3.0,3072,8.27052618307e-07,1.06909942327e-06,3.01746828812e-06,0.999998067358,1.00000301747,0,0,0,5.08521618442e-05,516,2.00000006336,2.0000000633,2.83952852236e-11
512,1.1893790289140185,9000,2,post,2,1.5,1536,1.29259130954e-07,1.69051003063e-07,4.33439607761e-07,0.999999795242,1.00000043344,6.50601109944e-10,2.12956922582e-09,0,5.09433968707e-05,516,2.00000006336,2.0000000633,2.9921397745e-11
512,1.1893790289140185,9000,2,post,2,3.0,3072,3.9211284536e-07,5.56805199145e-07,1.84783923274e-06,0.999998939167,1.00000184784,2.0181279658e-09,9.11506664765e-09,0,5.09433968707e-05,516,2.00000006336,2.0000000633,2.9921397745e-11
512,1.202609051482584,9100,2,pre,-1,1.5,1536,5.58991913083e-07,6.79839681032e-07,1.47957564156e-06,0.999999240343,1.00000147958,0,0,0,5.39029618898e-05,516,2.00000006376,2.00000006372,2.24791289527e-11
512,1.202609051482584,9100,2,pre,-1,3.0,3080,1.22042193247e-06,1.57298114531e-06,3.91310359849e-06,0.999996591285,1.0000039131,0,0,0,5.39029618898e-05,516,2.00000006376,2.00000006372,2.24791289527e-11
512,1.202609051482584,9100,2,post,2,1.5,1536,1.78433358919e-07,2.19386578233e-07,5.16090202796e-07,0.999999735789,1.00000051609,9.15359310387e-10,2.55025476951e-09,0,5.40309322176e-05,516,2.00000006376,2.00000006372,2.41477941055e-11
512,1.202609051482584,9100,2,post,2,3.0,3080,5.74314582367e-07,7.99089805881e-07,2.29736733282e-06,0.999998135278,1.00000229737,2.94117991507e-09,1.14173153362e-08,0,5.40309322176e-05,516,2.00000006376,2.00000006372,2.41477941055e-11
512,1.2158390740511498,9200,2,pre,-1,1.5,1536,6.98632175409e-07,8.50478668895e-07,1.75006816683e-06,0.999999013558,1.00000175007,0,0,0,5.5900498054e-05,516,2.00000006403,2.00000006399,1.66844310802e-11
512,1.2158390740511498,9200,2,pre,-1,3.0,3072,1.57640405184e-06,2.0453424563e-06,4.7591167045e-06,0.999995240883,1.00000467321,0,0,0,5.5900498054e-05,516,2.00000006403,2.00000006399,1.66844310802e-11
512,1.2158390740511498,9200,2,post,2,1.5,1536,2.22527092819e-07,2.68921585585e-07,5.85591590552e-07,0.999999674966,1.00000058559,1.15196501808e-09,2.91129720331e-09,0,5.60609249922e-05,516,2.00000006403,2.00000006399,1.77995390505e-11
512,1.2158390740511498,9200,2,post,2,3.0,3072,7.38516224891e-07,1.03047943746e-06,2.68221347399e-06,0.999997394281,1.00000268221,3.76782500939e-09,1.33757964427e-08,0,5.60609249922e-05,516,2.00000006403,2.00000006399,1.77995390505e-11
512,1.2290690966197155,9300,2,pre,-1,1.5,1536,8.21927726451e-07,1.00338296204e-06,1.97202656027e-06,0.999998717243,1.00000197203,0,0,0,5.68608047528e-05,516,2.00000006386,2.00000006384,6.9295678093e-12
512,1.2290690966197155,9300,2,pre,-1,3.0,3072,1.90128901981e-06,2.48359520464e-06,5.98136739061e-06,0.999994018633,1.00000543401,0,0,0,5.68608047528e-05,516,2.00000006386,2.00000006384,6.9295678093e-12
512,1.2290690966197155,9300,2,post,2,1.5,1536,2.61245557924e-07,3.14224689836e-07,6.37713002849e-07,0.99999961678,1.00000063771,1.35900078486e-09,3.18203242141e-09,0,5.70482163171e-05,516,2.00000006386,2.00000006384,7.37321291578e-12
512,1.2290690966197155,9300,2,post,2,3.0,3072,8.89530937555e-07,1.24891555021e-06,3.27761522845e-06,0.999996722385,1.00000307531,4.52465650164e-09,1.63907909329e-08,0,5.70482163171e-05,516,2.00000006386,2.00000006384,7.37321291578e-12
512,1.2422991191882811,9400,2,pre,-1,1.5,1536,9.26877511273e-07,1.13506744981e-06,2.13623011236e-06,0.999998446954,1.00000213623,0,0,0,5.67725738161e-05,516,2.0000000638,2.00000006381,-1.86828324623e-12
512,1.2422991191882811,9400,2,pre,-1,3.0,3072,2.18286535545e-06,2.86848906918e-06,7.07122020893e-06,0.99999292878,1.00000616333,0,0,0,5.67725738161e-05,516,2.0000000638,2.00000006381,-1.86828324623e-12
512,1.2422991191882811,9400,2,post,2,1.5,1536,2.94342936147e-07,3.53741660293e-07,6.70361834931e-07,0.999999553382,1.00000067036,1.53412780853e-09,3.35848722444e-09,0,5.69841397292e-05,516,2.0000000638,2.00000006381,-2.19113609149e-12
512,1.2422991191882811,9400,2,post,2,3.0,3072,1.02064869294e-06,1.44209750621e-06,3.88240560023e-06,0.999996117594,1.00000345642,5.17855378547e-09,1.93504339271e-08,0,5.69841397292e-05,516,2.0000000638,2.00000006381,-2.19113609149e-12
512,1.2555291417568468,9500,2,pre,-1,1.5,1536,1.01308355921e-06,1.24418944796e-06,2.23695777124e-06,0.999998203881,1.00000223696,0,0,0,5.56679449824e-05,516,2.00000006386,2.00000006387,-6.60738109774e-12
512,1.2555291417568468,9500,2,pre,-1,3.0,3072,2.41739315141e-06,3.19334813115e-06,8.02523176324e-06,0.999991974768,1.00000690063,0,0,0,5.56679449824e-05,516,2.00000006386,2.00000006387,-6.60738109774e-12
512,1.2555291417568468,9500,2,post,2,1.5,1536,3.22023774973e-07,3.86979440253e-07,6.83002379098e-07,0.999999482934,1.000000683,1.6763076238e-09,3.41744419742e-09,0,5.58982357815e-05,516,2.00000006386,2.00000006387,-7.81796824513e-12
512,1.2555291417568468,9500,2,post,2,3.0,3072,1.13012383464e-06,1.60618954421e-06,4.41776142923e-06,0.999995582239,1.00000383819,5.72038577304e-09,2.19696126846e-08,0,5.58982357815e-05,516,2.00000006386,2.00000006387,-7.81796824513e-12
512,1.2687591643254126,9600,2,pre,-1,1.5,1536,1.08147807141e-06,1.3307573313e-06,2.27075646331e-06,0.999997989299,1.00000227076,0,0,0,5.36100127329e-05,516,2.00000006398,2.00000006401,-1.70583541828e-11
512,1.2687591643254126,9600,2,pre,-1,3.0,3072,2.60209006154e-06,3.45255223338e-06,8.83801043938e-06,0.99999116199,1.00000761239,0,0,0,5.36100127329e-05,516,2.00000006398,2.00000006401,-1.70583541828e-11
512,1.2687591643254126,9600,2,post,2,1.5,1536,3.45223339661e-07,4.13966529364e-07,6.75585071663e-07,0.99999940744,1.00000067559,1.78532610697e-09,3.35672570208e-09,0,5.38561626098e-05,516,2.00000006397,2.00000006401,-1.87028164743e-11
512,1.2687591643254126,9600,2,post,2,3.0,3072,1.21667750724e-06,1.73777946834e-06,4.8822305635e-06,0.999995117769,1.00000422142,6.14182503325e-09,2.4235393855e-08,0,5.38561626098e-05,516,2.00000006397,2.00000006401,-1.87028164743e-11
512,1.2819891868939781,9700,2,pre,-1,1.5,1536,1.13660289166e-06,1.39649806292e-06,2.24137069726e-06,0.999997804272,1.00000224137,0,0,0,5.063432106e-05,516,2.0000000641,2.00000006414,-2.42938994457e-11
512,1.2819891868939781,9700,2,pre,-1,3.0,3072,2.73550192029e-06,3.63861259584e-06,9.50707750624e-06,0.999990492922,1.00000843459,0,0,0,5.063432106e-05,516,2.0000000641,2.00000006414,-2.42938994457e-11
512,1.2819891868939781,9700,2,post,2,1.5,1536,3.64513921714e-07,4.3526145705e-07,6.59379817081e-07,0.99999934062,1.0000006502,1.86334702548e-09,3.40548090682e-09,0,5.08914785684e-05,516,2.00000006409,2.00000006414,-2.60622626226e-11
512,1.2819891868939781,9700,2,post,2,3.0,3072,1.27825383593e-06,1.83127031221e-06,5.27438403164e-06,0.999994725616,1.00000465424,6.43323738973e-09,2.61391173238e-08,0,5.08914785684e-05,516,2.00000006409,2.00000006414,-2.60622626226e-11
512,1.2952192094625439,9800,2,pre,-1,1.5,1536,1.18457732413e-06,1.44597179557e-06,2.34861416604e-06,0.999997651386,1.00000215649,0,0,0,4.6617572946e-05,518,2.00000006276,2.00000006281,-2.68896008119e-11
512,1.2952192094625439,9800,2,pre,-1,3.0,3072,2.8149934536e-06,3.73720243192e-06,1.00287444921e-05,0.999989971256,1.00000937103,0,0,0,4.6617572946e-05,518,2.00000006276,2.00000006281,-2.68896008119e-11
512,1.2952192094625439,9800,2,post,2,1.5,1536,3.77924814511e-07,4.52191791241e-07,7.18983635628e-07,0.999999281016,1.00000061107,1.91669796925e-09,3.61638656868e-09,0,4.68781372139e-05,518,2.00000006276,2.00000006281,-2.77799996497e-11
512,1.2952192094625439,9800,2,post,2,3.0,3072,1.30987613297e-06,1.87470982512e-06,5.59130825117e-06,0.999994408692,1.00000515485,6.57955079953e-09,2.76652354532e-08,0,4.68781372139e-05,518,2.00000006276,2.00000006281,-2.77799996497e-11
512,1.3084492320311094,9900,2,pre,-1,1.5,1536,1.21944912932e-06,1.48552098924e-06,2.54643144559e-06,0.999997453569,1.00000210101,0,0,0,4.18818712609e-05,519,2.00000006061,2.00000006068,-3.37507789246e-11
512,1.3084492320311094,9900,2,pre,-1,3.0,3072,2.83098912393e-06,3.72907150933e-06,9.64564357275e-06,0.999994091478,1.00000964564,0,0,0,4.18818712609e-05,519,2.00000006061,2.00000006068,-3.37507789246e-11
512,1.3084492320311094,9900,2,post,2,1.5,1536,3.86604721198e-07,4.66380870052e-07,7.87134397329e-07,0.999999212866,1.00000058878,1.95625255649e-09,3.84441872087e-09,0,4.21355011e-05,519,2.00000006062,2.00000006068,-3.23578931601e-11
512,1.3084492320311094,9900,2,post,2,3.0,3072,1.30729449843e-06,1.85148667071e-06,5.28822224322e-06,0.999997322614,1.00000528822,6.56162339373e-09,2.63223636533e-08,0,4.21355011e-05,519,2.00000006062,2.00000006068,-3.23578931601e-11
512,1.3216792545996752,10000,2,pre,-1,1.5,1536,1.23043069733e-06,1.49902401914e-06,2.68059793895e-06,0.999997319402,1.00000198056,0,0,0,3.65867926995e-05,519,2.0000000606,2.00000006069,-4.28439493095e-11
512,1.3216792545996752,10000,2,pre,-1,3.0,3072,2.79897308362e-06,3.67139118649e-06,9.34257920204e-06,0.999993937461,1.00000934258,0,0,0,3.65867926995e-05,519,2.0000000606,2.00000006069,-4.28439493095e-11
512,1.3216792545996752,10000,2,post,2,1.5,1536,3.87220373034e-07,4.7301924321e-07,8.40202548646e-07,0.999999159797,1.0000005462,1.95893170777e-09,4.16233623783e-09,0,3.68237464265e-05,519,2.0000000606,2.00000006069,-4.14928079295e-11
512,1.3216792545996752,10000,2,post,2,3.0,3072,1.28419004343e-06,1.81085427177e-06,5.0706627579e-06,0.999997214259,1.00000507066,6.43724124776e-09,2.52704800696e-08,0,3.68237464265e-05,519,2.0000000606,2.00000006069,-4.14928079295e-11
512,1.3349092771682409,10100,2,pre,-1,1.5,1536,1.24384258326e-06,1.53661378821e-06,9.63716003388e-06,0.99999036284,1.00000183998,0,0,0,3.07813921208e-05,520,2.0000000615,2.00000006069,4.06185073241e-10
512,1.3349092771682409,10100,2,pre,-1,3.0,3072,2.74252759686e-06,3.57128667964e-06,9.63716003388e-06,0.99999036284,1.00000888332,0,0,0,3.07813921208e-05,520,2.0000000615,2.00000006069,4.06185073241e-10
512,1.3349092771682409,10100,2,post,2,1.5,1536,3.97405313267e-07,5.35576241946e-07,5.32102943196e-06,0.999994678971,1.000000504,2.00869814575e-09,2.28858778148e-08,0,3.09939198277e-05,520,2.0000000615,2.00000006069,4.07288412849e-10
512,1.3349092771682409,10100,2,post,2,3.0,3072,1.25706182924e-06,1.75870387269e-06,5.32102943196e-06,0.999994678971,1.00000477446,6.29123778952e-09,2.53546759118e-08,0,3.09939198277e-05,520,2.0000000615,2.00000006069,4.07288412849e-10
512,1.3481392997368065,10200,2,pre,-1,1.5,1536,1.1921214874e-06,1.46280722607e-06,2.80692421051e-06,0.999997193076,1.00000169007,0,0,0,2.45932536308e-05,520,2.00000006121,2.00000006069,2.58534075185e-10
512,1.3481392997368065,10200,2,pre,-1,3.0,3072,2.59707730832e-06,3.38294775001e-06,8.29320824369e-06,0.999993951179,1.00000829321,0,0,0,2.45932536308e-05,520,2.00000006121,2.00000006069,2.58534075185e-10
512,1.3481392997368065,10200,2,post,2,1.5,1536,3.68552419643e-07,4.68256612699e-07,1.21900039751e-06,0.999998781,1.00000047435,1.87951140809e-09,4.69138605481e-09,0,2.47758856227e-05,520,2.00000006121,2.00000006069,2.59474212014e-10
512,1.3481392997368065,10200,2,post,2,3.0,3072,1.17713242016e-06,1.65109506675e-06,4.41672243401e-06,0.999997136745,1.00000441672,5.88763746849e-09,2.20311256911e-08,0,2.47758856227e-05,520,2.00000006121,2.00000006069,2.59474212014e-10
512,1.3613693223053722,10300,2,pre,-1,1.5,1536,1.147650013e-06,1.4275721265e-06,7.69511142951e-06,0.999992304889,1.000001546,0,0,0,1.82192546758e-05,520,2.00000006158,2.0000000607,4.40887757355e-10
512,1.3613693223053722,10300,2,pre,-1,3.0,3072,2.43648465352e-06,3.16603766442e-06,7.69511142951e-06,0.999992304889,1.0000075997,0,0,0,1.82192546758e-05,520,2.00000006158,2.0000000607,4.40887757355e-10
512,1.3613693223053722,10300,2,post,2,1.5,1536,3.54246049136e-07,4.79934648054e-07,4.48987246338e-06,0.999995510128,1.00000044265,1.82287685533e-09,2.08104460101e-08,0,1.83666441359e-05,520,2.00000006158,2.0000000607,4.41882517155e-10
512,1.3613693223053722,10300,2,post,2,3.0,3072,1.09900796075e-06,1.54090208586e-06,4.48987246338e-06,0.999995510128,1.00000401537,5.49428273085e-09,2.08104460101e-08,0,1.83666441359e-05,520,2.00000006158,2.0000000607,4.41882517155e-10
512,1.374599344873938,10400,2,pre,-1,1.5,1536,1.06590764501e-06,1.32872210747e-06,3.18240984865e-06,0.99999681759,1.00000163033,0,0,0,1.17017032875e-05,520,2.00000006169,2.0000000607,4.92036840769e-10
512,1.374599344873938,10400,2,pre,-1,3.0,3072,2.22680923808e-06,2.89444333344e-06,6.82923146322e-06,0.999994453582,1.00000682923,0,0,0,1.17017032875e-05,520,2.00000006169,2.0000000607,4.92036840769e-10
512,1.374599344873938,10400,2,post,2,1.5,1536,3.20350715415e-07,4.31317982492e-07,1.64325643182e-06,0.999998356744,1.00000043511,1.68852778824e-09,6.29883104746e-09,0,1.18105915574e-05,520,2.00000006169,2.0000000607,4.92113224111e-10
512,1.374599344873938,10400,2,post,2,3.0,3072,9.96768292901e-07,1.40300169931e-06,3.5851424669e-06,0.9999973033,1.00000358514,4.98896142683e-09,1.78154897952e-08,0,1.18105915574e-05,520,2.00000006169,2.0000000607,4.92113224111e-10
512,1.3878293674425035,10500,2,pre,-1,1.5,1536,9.921487708e-07,1.261799227e-06,6.35897311929e-06,0.999993641027,1.00000152774,0,0,0,5.29351133629e-06,520,2.00000006093,2.00000006071,1.12250427765e-10
512,1.3878293674425035,10500,2,pre,-1,3.0,3072,2.00434728394e-06,2.59787358961e-06,6.35897311929e-06,0.999993641027,1.00000599773,0,0,0,5.29351133629e-06,520,2.00000006093,2.00000006071,1.12250427765e-10
512,1.3878293674425035,10500,2,post,2,1.5,1536,3.08617989458e-07,4.45491948161e-07,3.54547875236e-06,0.999996454521,1.00000043179,1.61309238229e-09,1.34586479405e-08,0,5.36197560723e-06,520,2.00000006093,2.00000006071,1.11894712319e-10
512,1.3878293674425035,10500,2,post,2,3.0,3072,8.99088940012e-07,1.26051067775e-06,3.54547875236e-06,0.999996454521,1.00000313273,4.48287430434e-09,1.55090492619e-08,0,5.36197560723e-06,520,2.00000006093,2.00000006071,1.11894712319e-10
512,1.4010593900110693,10600,2,pre,-1,1.5,1536,8.68092656934e-07,1.1049990808e-06,3.16835453618e-06,0.999996831645,1.00000119649,0,0,0,1.88609260388e-06,520,2.00000006092,2.00000006072,1.00503824432e-10
512,1.4010593900110693,10600,2,pre,-1,3.0,3072,1.72939877795e-06,2.24900223372e-06,5.1298311381e-06,0.999995468913,1.00000512983,0,0,0,1.88609260388e-06,520,2.00000006092,2.00000006072,1.00503824432e-10
512,1.4010593900110693,10600,2,post,2,1.5,1536,2.79957534014e-07,3.77516289361e-07,1.96788685958e-06,0.999998032113,1.00000042931,1.42957072888e-09,9.66758813628e-09,0,1.8565242257e-06,520,2.00000006092,2.00000006072,9.98081587054e-11
512,1.4010593900110693,10600,2,post,2,3.0,3072,7.76967236902e-07,1.08665895217e-06,2.6712554122e-06,0.999997752994,1.00000267126,3.84490820344e-09,1.31528844014e-08,0,1.8565242257e-06,520,2.00000006092,2.00000006072,9.98081587054e-11
512,1.414289412579635,10700,2,pre,-1,1.5,1536,6.99540287996e-07,9.20530867768e-07,2.13428280915e-06,0.999999267461,1.00000213428,0,0,0,7.46942654658e-06,516,2.00000006074,2.00000006072,7.28861393538e-12
512,1.414289412579635,10700,2,pre,-1,3.0,3072,1.42739428372e-06,1.85931936714e-06,4.14454442654e-06,0.999996116645,1.00000414454,0,0,0,7.46942654658e-06,516,2.00000006074,2.00000006072,7.28861393538e-12
512,1.414289412579635,10700,2,post,2,1.5,1536,2.18532881756e-07,3.0453236966e-07,7.3609845419e-07,0.99999976288,1.0000007361,1.10350451507e-09,4.21548332873e-09,0,7.42738723037e-06,516,2.00000006074,2.00000006072,7.74336127246e-12
512,1.414289412579635,10700,2,post,2,3.0,3072,6.36884620427e-07,8.9263954966e-07,2.1095160041e-06,0.999998043627,1.00000210952,3.14788997005e-09,1.06865791823e-08,0,7.42738723037e-06,516,2.00000006074,2.00000006072,7.74336127246e-12
512,1.4275194351482006,10800,2,pre,-1,1.5,1536,5.39890439346e-07,7.04918646075e-07,1.64113568557e-06,0.999999511625,1.00000164114,0,0,0,1.29930036009e-05,516,2.00000006075,2.00000006073,1.16640027426e-11
512,1.4275194351482006,10800,2,pre,-1,3.0,3072,1.11468912709e-06,1.45057079586e-06,3.2328861288e-06,0.999996964124,1.00000323289,0,0,0,1.29930036009e-05,516,2.00000006075,2.00000006073,1.16640027426e-11
512,1.4275194351482006,10800,2,post,2,1.5,1536,1.72663985963e-07,2.37042026888e-07,5.8337540132e-07,0.99999983898,1.00000058338,8.19398722897e-10,3.15696267652e-09,0,1.29451846641e-05,516,2.00000006075,2.00000006073,1.18471895361e-11
512,1.4275194351482006,10800,2,post,2,3.0,3072,4.96528605832e-07,6.91484413141e-07,1.62932570991e-06,0.999998494264,1.00000162933,2.42902591621e-09,8.21781959669e-09,0,1.29451846641e-05,516,2.00000006075,2.00000006073,1.18471895361e-11
512,1.4407494577167663,10900,2,pre,-1,1.5,1536,3.8243311843e-07,5.01291881306e-07,1.18939301008e-06,0.999999691786,1.00000118939,0,0,0,1.82265156628e-05,516,2.00000006076,2.00000006073,1.52873264957e-11
512,1.4407494577167663,10900,2,pre,-1,3.0,3072,7.92728144656e-07,1.03348498995e-06,2.35702379148e-06,0.999997872239,1.00000235702,0,0,0,1.82265156628e-05,516,2.00000006076,2.00000006073,1.52873264957e-11
512,1.4407494577167663,10900,2,post,2,1.5,1536,1.25485633098e-07,1.73589583369e-07,4.36743494037e-07,0.999999884912,1.00000043674,5.56018517674e-10,2.24225549499e-09,0,1.81853760379e-05,516,2.00000006076,2.00000006073,1.52435837098e-11
512,1.4407494577167663,10900,2,post,2,3.0,3072,3.50795028446e-07,4.87381342494e-07,1.18286484452e-06,0.999998976334,1.00000118286,1.692492962e-09,5.92164252529e-09,0,1.81853760379e-05,516,2.00000006076,2.00000006073,1.52435837098e-11
512,1.4539794802853321,11000,2,pre,-1,1.5,1536,2.29445159562e-07,3.13252793388e-07,7.73696539724e-07,0.999999824817,1.0000007737,0,0,0,2.30489577023e-05,516,2.00000006077,2.00000006074,1.68753894618e-11
512,1.4539794802853321,11000,2,pre,-1,3.0,3072,4.67387928113e-07,6.16827880291e-07,1.51771100732e-06,0.999998830206,1.00000151771,0,0,0,2.30489577023e-05,516,2.00000006077,2.00000006074,1.68753894618e-11
512,1.4539794802853321,11000,2,post,2,1.5,1536,8.13401153966e-08,1.154239139e-07,2.9881563246e-07,0.999999924591,1.00000029882,3.27949036158e-10,1.455248211e-09,0,2.30234339637e-05,516,2.00000006077,2.00000006074,1.6632694716e-11
512,1.4539794802853321,11000,2,post,2,3.0,3072,2.04253417938e-07,2.85245832228e-07,7.66372444616e-07,0.999999486114,1.00000076637,9.59106998457e-10,3.78938864488e-09,0,2.30234339637e-05,516,2.00000006077,2.00000006074,1.6632694716e-11
512,1.4672095028538976,11100,2,pre,-1,1.5,1536,1.23558033439e-07,1.59575706965e-07,3.93432123102e-07,0.999999903227,1.00000039343,0,0,0,2.73692306474e-05,516,2.00000006077,2.00000006074,1.47342134015e-11
512,1.4672095028538976,11100,2,pre,-1,3.0,3072,1.712901409e-07,2.33998371011e-07,7.24451129752e-07,0.999999741155,1.00000072445,0,0,0,2.73692306474e-05,516,2.00000006077,2.00000006074,1.47342134015e-11
512,1.4672095028538976,11100,2,post,2,1.5,1536,5.33432859731e-08,6.8044229287e-08,1.70571194502e-07,0.999999946067,1.00000017057,1.91407616367e-10,7.81167714715e-10,0,2.73656247438e-05,516,2.00000006077,2.00000006074,1.41540108665e-11
512,1.4672095028538976,11100,2,post,2,3.0,3072,7.84650459949e-08,1.1250837828e-07,3.8189338758e-07,0.999999876598,1.00000038189,3.34095101017e-10,1.82904637616e-09,0,2.73656247438e-05,516,2.00000006077,2.00000006074,1.41540108665e-11
512,1.4804395254224634,11200,2,pre,-1,1.5,1536,1.16110668118e-07,1.50983131272e-07,3.62837939472e-07,0.99999982552,1.00000036284,0,0,0,3.10717924273e-05,516,2.00000006076,2.00000006074,8.65152367893e-12
512,1.4804395254224634,11200,2,pre,-1,3.0,3072,2.09469954112e-07,2.91560595823e-07,8.28848036871e-07,0.999999761171,1.00000082885,0,0,0,3.10717924273e-05,516,2.00000006076,2.00000006074,8.65152367893e-12
512,1.4804395254224634,11200,2,post,2,1.5,1536,4.55296821307e-08,5.84698328595e-08,1.41392076269e-07,0.999999928683,1.00000014139,2.0098018172e-10,5.73289912938e-10,0,3.10918917345e-05,516,2.00000006076,2.00000006074,7.86748420275e-12
512,1.4804395254224634,11200,2,post,2,3.0,3072,1.13189745866e-07,1.74929663948e-07,5.65126808461e-07,0.999999844848,1.00000056513,5.5632210997e-10,2.72552206672e-09,0,3.10918917345e-05,516,2.00000006076,2.00000006074,7.86748420275e-12
512,1.4936695479910291,11300,2,pre,-1,1.5,1536,2.28547738932e-07,2.77343473479e-07,5.58821078522e-07,0.999999653453,1.00000055882,0,0,0,3.41451717574e-05,516,2.00000006077,2.00000006075,9.21263037852e-12
512,1.4936695479910291,11300,2,pre,-1,3.0,3072,4.98344943215e-07,6.59404046503e-07,1.79517993959e-06,0.99999926722,1.00000179518,0,0,0,3.41451717574e-05,516,2.00000006077,2.00000006075,9.21263037852e-12
512,1.4936695479910291,11300,2,post,2,1.5,1536,7.52172723403e-08,9.00367474776e-08,1.94219357263e-07,0.999999883562,1.00000019422,3.87538069334e-10,8.18966761594e-10,0,3.41908624301e-05,516,2.00000006076,2.00000006075,8.55315792192e-12
512,1.4936695479910291,11300,2,post,2,3.0,3072,2.42831722623e-07,3.53366443021e-07,1.08390130515e-06,0.999999659907,1.0000010839,1.23993241217e-09,5.33630309732e-09,0,3.41908624301e-05,516,2.00000006076,2.00000006075,8.55315792192e-12
512,1.5068995705595947,11400,2,pre,-1,1.5,1536,3.39563315697e-07,4.18317807496e-07,7.42276127452e-07,0.999999424541,1.00000074228,0,0,0,3.65377942042e-05,516,2.00000006076,2.00000006075,7.91722219273e-12
512,1.5068995705595947,11400,2,pre,-1,3.0,3072,7.77834199994e-07,1.02783615541e-06,2.72797954048e-06,0.999998620399,1.00000272798,0,0,0,3.65377942042e-05,516,2.00000006076,2.00000006075,7.91722219273e-12
512,1.5068995705595947,11400,2,post,2,1.5,1536,1.10947560039e-07,1.30973165291e-07,2.41312790195e-07,0.999999825453,1.00000024131,5.83217350141e-10,1.06155225148e-09,0,3.66090163221e-05,516,2.00000006076,2.00000006075,7.37720972995e-12
512,1.5068995705595947,11400,2,post,2,3.0,3072,3.72399415956e-07,5.33589650827e-07,1.58445238929e-06,0.999999390226,1.00000158445,1.89680932819e-09,7.83231398661e-09,0,3.66090163221e-05,516,2.00000006076,2.00000006075,7.37720972995e-12
512,1.5201295931281604,11500,2,pre,-1,1.5,1536,4.45093269093e-07,5.52294493828e-07,9.09326952403e-07,0.999999167542,1.00000090933,0,0,0,3.82223627038e-05,516,2.00000006076,2.00000006075,5.80913077759e-12
512,1.5201295931281604,11500,2,pre,-1,3.0,3072,1.03746050794e-06,1.37084740239e-06,3.5930363822e-06,0.999998026438,1.00000359304,0,0,0,3.82223627038e-05,516,2.00000006076,2.00000006075,5.80913077759e-12
512,1.5201295931281604,11500,2,post,2,1.5,1536,1.43253084627e-07,1.71844325137e-07,2.8307162081e-07,0.999999757593,1.00000028307,7.61030791796e-10,1.38211249823e-09,0,3.83173402156e-05,516,2.00000006076,2.00000006075,5.42077477538e-12
512,1.5201295931281604,11500,2,post,2,3.0,3072,4.91451944254e-07,7.01314460889e-07,2.04712197815e-06,0.999999116677,1.00000204712,2.50020651205e-09,1.01410223326e-08,0,3.83173402156e-05,516,2.00000006076,2.00000006075,5.42077477538e-12
512,1.5333596156967262,11600,2,pre,-1,1.5,1536,5.44419944249e-07,6.74545029345e-07,1.07202464994e-06,0.999998927975,1.00000105445,0,0,0,3.91811289597e-05,516,2.00000006076,2.00000006075,3.31468176163e-12
512,1.5333596156967262,11600,2,pre,-1,3.0,3072,1.27316739742e-06,1.67998513092e-06,4.36781977786e-06,0.999997486576,1.00000436782,0,0,0,3.91811289597e-05,516,2.00000006076,2.00000006075,3.31468176163e-12
512,1.5333596156967262,11600,2,post,2,1.5,1536,1.73086273019e-07,2.09892191019e-07,3.18719263648e-07,0.999999687043,1.00000031872,9.19941887529e-10,1.68861837273e-09,0,3.92975476331e-05,516,2.00000006076,2.00000006075,3.10951255292e-12
512,1.5333596156967262,11600,2,post,2,3.0,3072,5.98436234417e-07,8.51820554222e-07,2.45846853031e-06,0.999998867777,1.00000245847,3.03946340939e-09,1.21959388456e-08,0,3.92975476331e-05,516,2.00000006076,2.00000006075,3.10951255292e-12
512,1.5465896382652917,11700,2,pre,-1,1.5,1536,6.36188873679e-07,7.83304430468e-07,1.29103917434e-06,0.999998708961,1.00000117491,0,0,0,3.94032838229e-05,516,2.00000006075,2.00000006075,6.39488442759e-13
512,1.5465896382652917,11700,2,pre,-1,3.0,3072,1.48100577574e-06,1.94954690928e-06,5.03398367124e-06,0.999997002313,1.00000503398,0,0,0,3.94032838229e-05,516,2.00000006075,2.00000006075,6.39488442759e-13
512,1.5465896382652917,11700,2,post,2,1.5,1536,2.00819006235e-07,2.44191851299e-07,3.84958257937e-07,0.999999615042,1.00000034674,1.05903305875e-09,1.9775243448e-09,0,3.95377864043e-05,516,2.00000006075,2.00000006075,6.23945320886e-13
512,1.5465896382652917,11700,2,post,2,3.0,3072,6.9194736611e-07,9.82006323655e-07,2.80820113074e-06,0.999998642099,1.0000028082,3.50598477978e-09,1.39457194074e-08,0,3.95377864043e-05,516,2.00000006075,2.00000006075,6.23945320886e-13
512,1.5598196608338575,11800,2,pre,-1,1.5,1536,7.1566785031e-07,8.77605978837e-07,1.49015685846e-06,0.999998509843,1.00000126751,0,0,0,3.89093832028e-05,516,2.00000006075,2.00000006075,-2.2080114843e-12
512,1.5598196608338575,11800,2,pre,-1,3.0,3072,1.65610115954e-06,2.17537519212e-06,5.5802430623e-06,0.999996575392,1.00000558024,0,0,0,3.89093832028e-05,516,2.00000006075,2.00000006075,-2.2080114843e-12
512,1.5598196608338575,11800,2,post,2,1.5,1536,2.26206895237e-07,2.74310961125e-07,4.52760321568e-07,0.99999954724,1.00000036622,1.17746611859e-09,2.26287753292e-09,0,3.90574178666e-05,516,2.00000006075,2.00000006075,-2.0377032775e-12
512,1.5598196608338575,11800,2,post,2,3.0,3072,7.70620744307e-07,1.08971777793e-06,3.09029667389e-06,0.999998439656,1.0000030903,3.89304926394e-09,1.53574929371e-08,0,3.90574178666e-05,516,2.00000006075,2.00000006075,-2.0377032775e-12
512,1.5730496834024232,11900,2,pre,-1,1.5,1536,7.82140193437e-07,9.56823897665e-07,1.66843309268e-06,0.999998331567,1.00000132931,0,0,0,3.77203824684e-05,516,2.00000006074,2.00000006075,-5.87485597866e-12
512,1.5730496834024232,11900,2,pre,-1,3.0,3072,1.79628796423e-06,2.35467409161e-06,5.99550515434e-06,0.999996207919,1.00000599551,0,0,0,3.77203824684e-05,516,2.00000006074,2.00000006075,-5.87485597866e-12
512,1.5730496834024232,11900,2,post,2,1.5,1536,2.47184791537e-07,3.00012342493e-07,5.14679913244e-07,0.99999948532,1.00000037716,1.274541218e-09,2.55621462452e-09,0,3.78780400268e-05,516,2.00000006074,2.00000006075,-5.53890250161e-12
512,1.5730496834024232,11900,2,post,2,3.0,3072,8.3257153283e-07,1.17364178132e-06,3.29756956186e-06,0.999998261371,1.00000329757,4.19600816847e-09,1.63988527757e-08,0,3.78780400268e-05,516,2.00000006074,2.00000006075,-5.53890250161e-12
512,1.5862797059709888,12000,2,pre,-1,1.5,1536,8.34951843878e-07,1.02051172466e-06,1.82490415723e-06,0.999998175096,1.0000013608,0,0,0,3.58721019454e-05,516,2.00000006073,2.00000006075,-1.05031535831e-11
512,1.5862797059709888,12000,2,pre,-1,3.0,3072,1.90016495441e-06,2.48592509215e-06,6.27617451321e-06,0.999995902317,1.00000627617,0,0,0,3.58721019454e-05,516,2.00000006073,2.00000006075,-1.05031535831e-11
512,1.5862797059709888,12000,2,post,2,1.5,1536,2.63529531201e-07,3.21149828137e-07,5.70469474992e-07,0.999999429531,1.00000038005,1.34967255841e-09,2.844003524e-09,0,3.60346380662e-05,516,2.00000006073,2.00000006075,-1.00359717486e-11
512,1.5862797059709888,12000,2,post,2,3.0,3072,8.77241321774e-07,1.23323911839e-06,3.42872538717e-06,0.999998108115,1.00000342873,4.41234995285e-09,1.7061780138e-08,0,3.60346380662e-05,516,2.00000006073,2.00000006075,-1.00359717486e-11
512,1.5995097285395545,12100,2,pre,-1,1.5,1536,8.73509826495e-07,1.0682593072e-06,1.95759837829e-06,0.999998042402,1.00000136397,0,0,0,3.34179831715e-05,516,2.00000006071,2.00000006075,-1.62374553312e-11
512,1.5995097285395545,12100,2,pre,-1,3.0,3072,1.96709335165e-06,2.56877613903e-06,6.42325962552e-06,0.999995661724,1.00000642326,0,0,0,3.34179831715e-05,516,2.00000006071,2.00000006075,-1.62374553312e-11
512,1.5995097285395545,12100,2,post,2,1.5,1536,2.75065296895e-07,3.37566476151e-07,6.19442773853e-07,0.999999380557,1.0000003761,1.40239732541e-09,3.10996527923e-09,0,3.35805093763e-05,516,2.00000006072,2.00000006075,-1.56774588546e-11
512,1.5995097285395545,12100,2,post,2,3.0,3072,9.04490154042e-07,1.26865557337e-06,3.48548445062e-06,0.999997981466,1.00000348548,4.54163889958e-09,1.73533417636e-08,0,3.35805093763e-05,516,2.00000006072,2.00000006075,-1.56774588546e-11
512,1.6127397511081201,12200,2,pre,-1,1.5,1536,8.97264798453e-07,1.09961419215e-06,2.06354775434e-06,0.999997936452,1.000001342,0,0,0,3.04228430978e-05,516,2.0000000607,2.00000006074,-2.34652290466e-11
512,1.6127397511081201,12200,2,pre,-1,3.0,3072,1.99713544328e-06,2.60389016813e-06,6.44147996054e-06,0.999995489798,1.00000644148,0,0,0,3.04228430978e-05,516,2.0000000607,2.00000006074,-2.34652290466e-11
512,1.6127397511081201,12200,2,post,2,1.5,1536,2.81608221382e-07,3.49048505743e-07,6.60427047827e-07,0.999999339573,1.00000036693,1.43234413306e-09,3.3488580832e-09,0,3.05805137172e-05,516,2.0000000607,2.00000006074,-2.28617118287e-11
512,1.6127397511081201,12200,2,post,2,3.0,3072,9.14524032683e-07,1.28059404679e-06,3.47190703809e-06,0.999997883761,1.00000347191,4.58530271133e-09,1.7292021379e-08,0,3.05805137172e-05,516,2.0000000607,2.00000006074,-2.28617118287e-11
512,1.6259697736766858,12300,2,pre,-1,1.5,1536,9.05809747355e-07,1.11406686543e-06,2.13897558687e-06,0.999997861024,1.000001299,0,0,0,2.69604416089e-05,516,2.00000006068,2.00000006074,-3.29025685585e-11
512,1.6259697736766858,12300,2,pre,-1,3.0,3072,1.99104891199e-06,2.59278852084e-06,6.33873134759e-06,0.999995389423,1.00000633873,0,0,0,2.69604416089e-05,516,2.00000006068,2.00000006074,-3.29025685585e-11
512,1.6259697736766858,12300,2,post,2,1.5,1536,2.83021132815e-07,3.55312549541e-07,6.91776783079e-07,0.999999308223,1.00000035439,1.43930238078e-09,3.55238688205e-09,0,2.71086418801e-05,516,2.00000006068,2.00000006074,-3.23148165071e-11
512,1.6259697736766858,12300,2,post,2,3.0,3072,9.07885525808e-07,1.27018652251e-06,3.39392266113e-06,0.999997817983,1.00000339392,4.54641937195e-09,1.69056425404e-08,0,2.71086418801e-05,516,2.00000006068,2.00000006074,-3.23148165071e-11
512,1.6391997962452516,12400,2,pre,-1,1.5,1536,9.00894566205e-07,1.1117988722e-06,2.18031729526e-06,0.999997819683,1.00000123971,0,0,0,2.29567606975e-05,520,2.00000006106,2.00000006074,1.58534514031e-10
512,1.6391997962452516,12400,2,pre,-1,3.0,3072,1.95219218452e-06,2.53806257172e-06,6.12572526704e-06,0.99999536695,1.00000612573,0,0,0,2.29567606975e-05,520,2.00000006106,2.00000006074,1.58534514031e-10
512,1.6391997962452516,12400,2,post,2,1.5,1536,2.79949804427e-07,3.56544442837e-07,7.11260187081e-07,0.99999928874,1.00000034065,1.42686586752e-09,3.70936931258e-09,0,2.30902255826e-05,520,2.00000006106,2.00000006074,1.59020569657e-10
512,1.6391997962452516,12400,2,post,2,3.0,3072,8.86444275535e-07,1.23914666018e-06,3.25902084763e-06,0.999997787703,1.00000325902,4.43394605305e-09,1.62291265652e-08,0,2.30902255826e-05,520,2.00000006106,2.00000006074,1.59020569657e-10
512,1.6524298188138171,12500,2,pre,-1,1.5,1536,8.89690550202e-07,1.10994123282e-06,7.05991895544e-06,0.999992940081,1.00000152329,0,0,0,1.88949051692e-05,520,2.00000006146,2.00000006073,3.60413021807e-10
512,1.6524298188138171,12500,2,pre,-1,3.0,3072,1.8893443296e-06,2.44978765943e-06,7.05991895544e-06,0.999992940081,1.00000624528,0,0,0,1.88949051692e-05,520,2.00000006146,2.00000006073,3.60413021807e-10
512,1.6524298188138171,12500,2,post,2,1.5,1536,2.78442110333e-07,3.7686561911e-07,3.97247870887e-06,0.999996027521,1.00000045906,1.42619967451e-09,1.66589803254e-08,0,1.90109887268e-05,520,2.00000006146,2.00000006073,3.60761409781e-10
512,1.6524298188138171,12500,2,post,2,3.0,3072,8.57256464279e-07,1.19614972077e-06,3.97247870887e-06,0.999996027521,1.00000351126,4.28525215401e-09,2.00024685504e-08,0,1.90109887268e-05,520,2.00000006146,2.00000006073,3.60761409781e-10
512,1.6656598413823829,12600,2,pre,-1,1.5,1536,8.4821759205e-07,1.06012494155e-06,4.50714851163e-06,0.999995492851,1.00000118397,0,0,0,1.45501748313e-05,520,2.0000000614,2.00000006073,3.33608242004e-10
512,1.6656598413823829,12600,2,pre,-1,3.0,3072,1.78134202691e-06,2.31067318527e-06,5.42187404751e-06,0.999995492851,1.00000542187,0,0,0,1.45501748313e-05,520,2.0000000614,2.00000006073,3.33608242004e-10
512,1.6656598413823829,12600,2,post,2,1.5,1536,2.61687105108e-07,3.50636247915e-07,2.62626528691e-06,0.999997373735,1.00000032548,1.35682984402e-09,1.1418449119e-08,0,1.46462227605e-05,520,2.0000000614,2.00000006073,3.33624673304e-10
512,1.6656598413823829,12600,2,post,2,3.0,3072,8.03641560523e-07,1.12326257579e-06,2.85278814238e-06,0.999997373735,1.00000285279,4.01873998883e-09,1.71176100386e-08,0,1.46462227605e-05,520,2.0000000614,2.00000006073,3.33624673304e-10
512,1.6788898639509486,12700,2,pre,-1,1.5,1536,8.11298256411e-07,1.03947335846e-06,6.10436468407e-06,0.999993895635,1.00000102592,0,0,0,1.01278688247e-05,520,2.00000006179,2.00000006073,5.30959260424e-10
512,1.6788898639509486,12700,2,pre,-1,3.0,3072,1.66187157671e-06,2.15218886411e-06,6.10436468407e-06,0.999993895635,1.00000495655,0,0,0,1.01278688247e-05,520,2.00000006179,2.00000006073,5.30959260424e-10
512,1.6788898639509486,12700,2,post,2,1.5,1536,2.53425210155e-07,3.80209856028e-07,3.69795770716e-06,0.999996302042,1.00000031903,1.32078892692e-09,1.76854355223e-08,0,1.02020949425e-05,520,2.00000006179,2.00000006073,5.31573435782e-10
512,1.6788898639509486,12700,2,post,2,3.0,3072,7.4870032537e-07,1.04826539051e-06,3.69795770716e-06,0.999996302042,1.00000259606,3.74242251084e-09,1.76854355223e-08,0,1.02020949425e-05,520,2.00000006179,2.00000006073,5.31573435782e-10
512,1.6921198865195142,12800,2,pre,-1,1.5,1536,7.27078178327e-07,9.21622455441e-07,2.87501138985e-06,0.999997124989,1.00000132136,0,0,0,5.58314861796e-06,520,2.00000006149,2.00000006072,3.81180408988e-10
512,1.6921198865195142,12800,2,pre,-1,3.0,3072,1.49033158475e-06,1.93782105628e-06,4.43512920767e-06,0.999996119486,1.00000443513,0,0,0,5.58314861796e-06,520,2.00000006149,2.00000006072,3.81180408988e-10
512,1.6921198865195142,12800,2,post,2,1.5,1536,2.19369934522e-07,3.00733201454e-07,1.43913652206e-06,0.999998560863,1.00000031323,1.16470721262e-09,5.14425056806e-09,0,5.63451248394e-06,520,2.00000006149,2.00000006072,3.80750086556e-10
512,1.6921198865195142,12800,2,post,2,3.0,3072,6.65800864337e-07,9.37464920183e-07,2.31411545748e-06,0.999998083868,1.00000231412,3.32835974874e-09,1.1428454556e-08,0,5.63451248394e-06,520,2.00000006149,2.00000006072,3.80750086556e-10
512,1.7053499090880799,12900,2,pre,-1,1.5,1536,6.54781429961e-07,8.40034471919e-07,3.3885427928e-06,0.999996611457,1.00000086923,0,0,0,1.17668000021e-06,520,2.00000006145,2.00000006072,3.65683028303e-10
512,1.7053499090880799,12900,2,pre,-1,3.0,3072,1.31713406296e-06,1.71260335274e-06,3.87129482537e-06,0.999996515215,1.00000387129,0,0,0,1.17668000021e-06,520,2.00000006145,2.00000006072,3.65683028303e-10
512,1.7053499090880799,12900,2,post,2,1.5,1536,2.05301657552e-07,2.86836438459e-07,2.041246704e-06,0.999997958753,1.00000030427,1.07011353119e-09,1.01264051992e-08,0,1.20564074726e-06,520,2.00000006145,2.00000006072,3.65016450419e-10
512,1.7053499090880799,12900,2,post,2,3.0,3072,5.90107295942e-07,8.2789444732e-07,2.041246704e-06,0.999997958753,1.00000201438,2.93553080245e-09,1.01264051992e-08,0,1.20564074726e-06,520,2.00000006145,2.00000006072,3.65016450419e-10
512,1.7185799316566457,13000,2,pre,-1,1.5,1536,5.47444656774e-07,7.24351433281e-07,1.66689618752e-06,0.999999361103,1.0000016669,0,0,0,3.35782806068e-06,516,2.00000006068,2.00000006072,-1.71984643524e-11
512,1.7185799316566457,13000,2,pre,-1,3.0,3072,1.11335559071e-06,1.45454800436e-06,3.221120914e-06,0.999996933425,1.00000322112,0,0,0,3.35782806068e-06,516,2.00000006068,2.00000006072,-1.71984643524e-11
512,1.7185799316566457,13000,2,post,2,1.5,1536,1.68111171235e-07,2.36955822779e-07,5.60024296936e-07,0.99999977754,1.00000056002,8.81399725691e-10,3.32880481513e-09,0,3.33635928183e-06,516,2.00000006068,2.00000006072,-1.67816866416e-11
512,1.7185799316566457,13000,2,post,2,3.0,3072,4.95943877519e-07,6.9965444067e-07,1.64636158928e-06,0.999998444496,1.00000164636,2.4658978752e-09,8.32220876414e-09,0,3.33635928183e-06,516,2.00000006068,2.00000006072,-1.67816866416e-11
512,1.7318099542252112,13100,2,pre,-1,1.5,1536,4.37631630971e-07,5.7477732105e-07,1.32625260485e-06,0.999999530726,1.00000132625,0,0,0,7.27888550133e-06,516,2.00000006072,2.00000006071,4.97424308853e-12
512,1.7318099542252112,13100,2,pre,-1,3.0,3072,9.01087372235e-07,1.17644917257e-06,2.59756472132e-06,0.999997503716,1.00000259756,0,0,0,7.27888550133e-06,516,2.00000006072,2.00000006071,4.97424308853e-12
512,1.7318099542252112,13100,2,post,2,1.5,1536,1.35696174197e-07,1.89290231273e-07,4.56563444384e-07,0.999999849316,1.00000045656,6.86883432922e-10,2.60080941072e-09,0,7.2512131271e-06,516,2.00000006072,2.00000006071,5.21804805734e-12
512,1.7318099542252112,13100,2,post,2,3.0,3072,4.00629664224e-07,5.62951462604e-07,1.31593060537e-06,0.999998745673,1.00000131593,1.98048589099e-09,6.63567844596e-09,0,7.2512131271e-06,516,2.00000006072,2.00000006071,5.21804805734e-12
512,1.745039976793777,13200,2,pre,-1,1.5,1536,3.26957797757e-07,4.28327580561e-07,9.98808046715e-07,0.999999690447,1.00000099881,0,0,0,1.10105912134e-05,516,2.00000006072,2.00000006071,7.02371472978e-12
512,1.745039976793777,13200,2,pre,-1,3.0,3072,6.79928175911e-07,8.88400066931e-07,1.97703177163e-06,0.999998120004,1.00000197703,0,0,0,1.10105912134e-05,516,2.00000006072,2.00000006071,7.02371472978e-12
512,1.745039976793777,13200,2,post,2,1.5,1536,1.03281553667e-07,1.4286830074e-07,3.53231665473e-07,0.999999903581,1.00000035323,4.96887981958e-10,1.92543783868e-09,0,1.098384783e-05,516,2.00000006072,2.00000006071,7.17315074436e-12
512,1.745039976793777,13200,2,post,2,3.0,3072,3.01210402602e-07,4.21749535597e-07,9.94604927973e-07,0.999999071454,1.0000009946,1.47498377382e-09,4.99204239057e-09,0,1.098384783e-05,516,2.00000006072,2.00000006071,7.17315074436e-12
512,1.7582699993623427,13300,2,pre,-1,1.5,1536,2.17437278934e-07,2.8752640725e-07,6.89756510575e-07,0.999999828113,1.00000068976,0,0,0,1.44774712097e-05,516,2.00000006072,2.00000006071,8.54605249495e-12
512,1.7582699993623427,13300,2,pre,-1,3.0,3072,4.54414014575e-07,5.96366792198e-07,1.3729611803e-06,0.999998764743,1.00000137296,0,0,0,1.44774712097e-05,516,2.00000006072,2.00000006071,8.54605249495e-12
512,1.7582699993623427,13300,2,post,2,1.5,1536,7.04181965333e-08,9.85054692668e-08,2.52871872108e-07,0.999999939095,1.00000025287,3.15169431978e-10,1.3154845763e-09,0,1.4457162185e-05,516,2.00000006072,2.00000006071,8.59468026195e-12
512,1.7582699993623427,13300,2,post,2,3.0,3072,1.99423011124e-07,2.79256283479e-07,6.88929713721e-07,0.999999412077,1.00000068893,9.60972161623e-10,3.42503113024e-09,0,1.4457162185e-05,516,2.00000006072,2.00000006071,8.59468026195e-12
512,1.7715000219309083,13400,2,pre,-1,1.5,1536,1.11230003469e-07,1.56352690209e-07,3.98132898649e-07,0.999999922538,1.00000039813,0,0,0,1.76130580203e-05,516,2.00000006072,2.0000000607,9.42579319297e-12
512,1.7715000219309083,13400,2,pre,-1,3.0,3072,2.29143512309e-07,3.07529334927e-07,7.86890571369e-07,0.99999942952,1.00000078689,0,0,0,1.76130580203e-05,516,2.00000006072,2.0000000607,9.42579319297e-12
512,1.7715000219309083,13400,2,post,2,1.5,1536,3.98435415151e-08,5.77379189564e-08,1.56185732347e-07,0.999999967084,1.00000015619,1.60024565502e-10,7.6526248706e-10,0,1.76033071093e-05,516,2.00000006072,2.0000000607,9.39936988579e-12
512,1.7715000219309083,13400,2,post,2,3.0,3072,9.83926122943e-08,1.3976125911e-07,3.97690681497e-07,0.999999763323,1.00000039769,4.56934483394e-10,1.93777758943e-09,0,1.76033071093e-05,516,2.00000006072,2.0000000607,9.39936988579e-12
512,1.784730044499474,13500,2,pre,-1,1.5,1536,5.54924499913e-08,6.68042039461e-08,1.31810432569e-07,0.999999935772,1.00000013181,0,0,0,2.03585454578e-05,516,2.00000006071,2.0000000607,4.62030399905e-12
512,1.784730044499474,13500,2,pre,-1,3.0,3072,6.76187193076e-08,8.38784878224e-08,2.28437441185e-07,0.999999923434,1.00000022844,0,0,0,2.03585454578e-05,516,2.00000006071,2.0000000607,4.62030399905e-12
512,1.784730044499474,13500,2,post,2,1.5,1536,2.51302457572e-08,3.06496097091e-08,6.69000692621e-08,0.999999967055,1.0000000669,8.91836495286e-11,2.75401813334e-10,0,2.03617246179e-05,516,2.00000006071,2.0000000607,4.2339463982e-12
512,1.784730044499474,13500,2,post,2,3.0,3072,4.06766151578e-08,5.27254546603e-08,1.34154777287e-07,0.999999941477,1.00000013415,1.73170036765e-10,5.93109315133e-10,0,2.03617246179e-05,516,2.00000006071,2.0000000607,4.2339463982e-12
512,1.7979600670680398,13600,2,pre,-1,1.5,1536,1.08338767735e-07,1.31831059246e-07,2.60391497919e-07,0.9999998262,1.00000026039,0,0,0,2.26657498429e-05,516,2.00000006071,2.0000000607,3.97593057512e-12
512,1.7979600670680398,13600,2,pre,-1,3.0,3072,2.20225086356e-07,2.87296350922e-07,7.67548548719e-07,0.99999968076,1.00000076755,0,0,0,2.26657498429e-05,516,2.00000006071,2.0000000607,3.97593057512e-12
512,1.7979600670680398,13600,2,post,2,1.5,1536,3.64662754062e-08,4.39748353412e-08,9.25809255925e-08,0.999999940457,1.00000009258,1.89305866375e-10,3.75510221876e-10,0,2.26834784826e-05,516,2.00000006071,2.0000000607,3.65263364016e-12
512,1.7979600670680398,13600,2,post,2,3.0,3072,1.09522106678e-07,1.57150640992e-07,4.74355997815e-07,0.999999834579,1.00000047436,5.59151460076e-10,2.32814023442e-09,0,2.26834784826e-05,516,2.00000006071,2.0000000607,3.65263364016e-12
512,1.8111900896366053,13700,2,pre,-1,1.5,1536,1.91237232187e-07,2.3891074501e-07,3.82507935104e-07,0.999999629085,1.00000038251,0,0,0,2.45110071487e-05,516,2.00000006071,2.0000000607,4.12336818832e-12
512,1.8111900896366053,13700,2,pre,-1,3.0,3072,4.18856244924e-07,5.46988550133e-07,1.39584580294e-06,0.999999191733,1.00000139585,0,0,0,2.45110071487e-05,516,2.00000006071,2.0000000607,4.12336818832e-12
512,1.8111900896366053,13700,2,post,2,1.5,1536,6.33610884109e-08,7.54595411287e-08,1.24843969607e-07,0.999999890889,1.00000012484,3.36479771226e-10,6.62742802478e-10,0,2.45436247598e-05,516,2.00000006071,2.0000000607,3.86579645442e-12
512,1.8111900896366053,13700,2,post,2,3.0,3072,2.00744261001e-07,2.82542333056e-07,8.05918919378e-07,0.999999621171,1.00000080592,1.024075216e-09,3.99723746984e-09,0,2.45436247598e-05,516,2.00000006071,2.0000000607,3.86579645442e-12
512,1.8244201122051711,13800,2,pre,-1,1.5,1536,2.76402582243e-07,3.42625839135e-07,5.84599692321e-07,0.9999994154,1.00000049444,0,0,0,2.58709467373e-05,516,2.0000000607,2.0000000607,3.40594209158e-12
512,1.8244201122051711,13800,2,pre,-1,3.0,3072,6.08912484695e-07,7.93354493096e-07,1.99015152136e-06,0.999998732488,1.00000199015,0,0,0,2.58709467373e-05,516,2.0000000607,2.0000000607,3.40594209158e-12
512,1.8244201122051711,13800,2,post,2,1.5,1536,8.79365013385e-08,1.07690921608e-07,1.73280371163e-07,0.99999982672,1.00000015324,4.71544936095e-10,9.71574712176e-10,0,2.59180821409e-05,516,2.0000000607,2.0000000607,3.20965466678e-12
512,1.8244201122051711,13800,2,post,2,3.0,3072,2.86108126661e-07,4.0213832667e-07,1.11893215649e-06,0.999999403167,1.00000111893,1.45618795995e-09,5.56025767096e-09,0,2.59180821409e-05,516,2.0000000607,2.0000000607,3.20965466678e-12
512,1.8376501347737368,13900,2,pre,-1,1.5,1536,3.54796735437e-07,4.38045998051e-07,7.79374095594e-07,0.999999220626,1.0000005941,0,0,0,2.67277525853e-05,516,2.0000000607,2.0000000607,2.31681333748e-12
512,1.8376501347737368,13900,2,pre,-1,3.0,3072,7.82494753801e-07,1.01850565514e-06,2.53176395537e-06,0.999998313065,1.00000253176,0,0,0,2.67277525853e-05,516,2.0000000607,2.0000000607,2.31681333748e-12
512,1.8376501347737368,13900,2,post,2,1.5,1536,1.10234323833e-07,1.37894582726e-07,2.38161326327e-07,0.999999761839,1.00000017782,5.9351181627e-10,1.27938825853e-09,0,2.67882417674e-05,516,2.0000000607,2.0000000607,2.19046996111e-12
512,1.8376501347737368,13900,2,post,2,3.0,3072,3.63677095801e-07,5.11229240416e-07,1.40275977789e-06,0.999999204397,1.00000140276,1.84822212473e-09,6.97848341093e-09,0,2.67882417674e-05,516,2.0000000607,2.0000000607,2.19046996111e-12
512,1.8508801573423024,14000,2,pre,-1,1.5,1536,4.24890416334e-07,5.23628643187e-07,9.55183341977e-07,0.999999044817,1.00000067927,0,0,0,2.70805300184e-05,516,2.0000000607,2.0000000607,1.09956485022e-12
512,1.8508801573423024,14000,2,pre,-1,3.0,3072,9.36641317433e-07,1.21838927456e-06,3.00885179638e-06,0.999997936124,1.00000300885,0,0,0,2.70805300184e-05,516,2.0000000607,2.0000000607,1.09956485022e-12
512,1.8508801573423024,14000,2,post,2,1.5,1536,1.32272951805e-07,1.6527893018e-07,2.9713065175e-07,0.999999702869,1.00000019822,7.01415881211e-10,1.57204010139e-09,0,2.71524735054e-05,516,2.0000000607,2.0000000607,1.05737637656e-12
512,1.8508801573423024,14000,2,post,2,3.0,3072,4.33300221826e-07,6.07689107215e-07,1.65095172355e-06,0.999999025356,1.00000165095,2.19383908576e-09,8.2199288539e-09,0,2.71524735054e-05,516,2.0000000607,2.0000000607,1.05737637656e-12
512,1.8641101799108681,14100,2,pre,-1,1.5,1536,4.8594191487e-07,5.98491762824e-07,1.11307691386e-06,0.999998886923,1.00000074925,0,0,0,2.69374498005e-05,516,2.0000000607,2.0000000607,-2.01172405957e-13
512,1.8641101799108681,14100,2,pre,-1,3.0,3072,1.06908919737e-06,1.38996391152e-06,3.41277507276e-06,0.999997604008,1.00000341278,0,0,0,2.69374498005e-05,516,2.0000000607,2.0000000607,-2.01172405957e-13
512,1.8641101799108681,14100,2,post,2,1.5,1536,1.51583950951e-07,1.89472256184e-07,3.50996464005e-07,0.999999649004,1.00000021434,7.94380365346e-10,1.8444682422e-09,0,2.70187385356e-05,516,2.0000000607,2.0000000607,-1.63202779667e-13
512,1.8641101799108681,14100,2,post,2,3.0,3072,4.92842446298e-07,6.89979197663e-07,1.85914727457e-06,0.99999886554,1.00000185915,2.48802757262e-09,9.26209338913e-09,0,2.70187385356e-05,516,2.0000000607,2.0000000607,-1.63202779667e-13
512,1.8773402024794339,14200,2,pre,-1,1.5,1536,5.3732529656e-07,6.61988177775e-07,1.2514389659e-06,0.999998748561,1.00000080281,0,0,0,2.63087216248e-05,516,2.00000006069,2.0000000607,-2.40585322135e-12
512,1.8773402024794339,14200,2,pre,-1,3.0,3072,1.1781127116e-06,1.53097210544e-06,3.73734361903e-06,0.999997319036,1.00000373734,0,0,0,2.63087216248e-05,516,2.00000006069,2.0000000607,-2.40585322135e-12
512,1.8773402024794339,14200,2,post,2,1.5,1536,1.67738279078e-07,2.1023050828e-07,3.99014789987e-07,0.999999600985,1.00000022651,8.71652872983e-10,2.09225890953e-09,0,2.63967763394e-05,516,2.00000006069,2.0000000607,-2.29061207489e-12
512,1.8773402024794339,14200,2,post,2,3.0,3072,5.41406010944e-07,7.57008016517e-07,2.02357955814e-06,0.999998726547,1.00000202358,2.72695472391e-09,1.00880459559e-08,0,2.63967763394e-05,516,2.00000006069,2.0000000607,-2.29061207489e-12
512,1.8905702250479994,14300,2,pre,-1,1.5,1536,5.78507759643e-07,7.13590578446e-07,1.36939912887e-06,0.999998630601,1.00000083903,0,0,0,2.52189502546e-05,516,2.00000006069,2.0000000607,-6.00786069312e-12
512,1.8905702250479994,14300,2,pre,-1,3.0,3072,1.26247863581e-06,1.63990273724e-06,3.9778016856e-06,0.999997083145,1.0000039778,0,0,0,2.52189502546e-05,516,2.00000006069,2.0000000607,-6.00786069312e-12
512,1.8905702250479994,14300,2,post,2,1.5,1536,1.80533801313e-07,2.27352405172e-07,4.40716816485e-07,0.999999559283,1.00000023462,9.32656576224e-10,2.31359825048e-09,0,2.53109654638e-05,516,2.00000006069,2.0000000607,-5.83399977274e-12
512,1.8905702250479994,14300,2,post,2,3.0,3072,5.78445664586e-07,8.08104335114e-07,2.14190344683e-06,0.999998609242,1.0000021419,2.90808739459e-09,1.06828134533e-08,0,2.53109654638e-05,516,2.00000006069,2.0000000607,-5.83399977274e-12
512,1.9038002476165652,14400,2,pre,-1,1.5,1536,6.09047436952e-07,7.52856654276e-07,1.46670596068e-06,0.999998533294,1.00000085862,0,0,0,2.37009904725e-05,516,2.00000006068,2.0000000607,-1.11191052988e-11
512,1.9038002476165652,14400,2,pre,-1,3.0,3072,1.32145384445e-06,1.71594790588e-06,4.13317205483e-06,0.999996897411,1.00000413317,0,0,0,2.37009904725e-05,516,2.00000006068,2.0000000607,-1.11191052988e-11
512,1.9038002476165652,14400,2,post,2,1.5,1536,1.89810239923e-07,2.40656851173e-07,4.75568848191e-07,0.999999524431,1.00000023913,9.76975277421e-10,2.50684450715e-09,0,2.37940526351e-05,516,2.00000006068,2.0000000607,-1.09081629305e-11
512,1.9038002476165652,14400,2,post,2,3.0,3072,6.0367355935e-07,8.4297771618e-07,2.21407245271e-06,0.999998514502,1.00000221407,3.03019343515e-09,1.1044804564e-08,0,2.37940526351e-05,516,2.00000006068,2.0000000607,-1.09081629305e-11
512,1.9170302701851307,14500,2,pre,-1,1.5,1536,6.28653514749e-07,7.79423692564e-07,1.54085624859e-06,0.999998459144,1.0000008633,0,0,0,2.17947604294e-05,516,2.00000006066,2.0000000607,-1.82198695041e-11
512,1.9170302701851307,14500,2,pre,-1,3.0,3072,1.35481768715e-06,1.75894810065e-06,4.20428381132e-06,0.999996765523,1.00000420428,0,0,0,2.17947604294e-05,516,2.00000006066,2.0000000607,-1.82198695041e-11
512,1.9170302701851307,14500,2,post,2,1.5,1536,1.95429204617e-07,2.49964529669e-07,5.02519932888e-07,0.99999949748,1.00000024115,1.00440795764e-09,2.66827595956e-09,0,2.18859434017e-05,516,2.00000006066,2.0000000607,-1.80011555749e-11
512,1.9170302701851307,14500,2,post,2,3.0,3072,6.17032410784e-07,8.61666948301e-07,2.24101116597e-06,0.999998443125,1.00000224101,3.09330490451e-09,1.11786239536e-08,0,2.18859434017e-05,516,2.00000006066,2.0000000607,-1.80011555749e-11
512,1.9302602927536965,14600,2,pre,-1,1.5,1536,6.37111091235e-07,7.92954854861e-07,1.58994198807e-06,0.999998410058,1.00000085619,0,0,0,1.95470159768e-05,516,2.00000006065,2.0000000607,-2.72093450617e-11
512,1.9302602927536965,14600,2,pre,-1,3.0,3072,1.36280927816e-06,1.76935582051e-06,4.19413618014e-06,0.999996689526,1.00000419414,0,0,0,1.95470159768e-05,516,2.00000006065,2.0000000607,-2.72093450617e-11
512,1.9302602927536965,14600,2,post,2,1.5,1536,1.97333758093e-07,2.55092776292e-07,5.20843309038e-07,0.999999479157,1.00000024255,1.01491940582e-09,2.79430584053e-09,0,1.96335532122e-05,516,2.00000006065,2.0000000607,-2.69935177122e-11
512,1.9302602927536965,14600,2,post,2,3.0,3072,6.18717659415e-07,8.64526972526e-07,2.22501241298e-06,0.999998397427,1.00000222501,3.09867936143e-09,1.1094836383e-08,0,1.96335532122e-05,516,2.00000006065,2.0000000607,-2.69935177122e-11
512,1.9434903153222622,14700,2,pre,-1,1.5,1536,6.49703416657e-07,8.16065121551e-07,4.67122305059e-06,0.999995328777,1.00000083697,0,0,0,1.70930511826e-05,516,2.0000000613,2.0000000607,2.97312609945e-10
512,1.9434903153222622,14700,2,pre,-1,3.0,3072,1.36115608678e-06,1.75744671431e-06,4.67122305059e-06,0.999995328777,1.00000459989,0,0,0,1.70930511826e-05,516,2.0000000613,2.0000000607,2.97312609945e-10
512,1.9434903153222622,14700,2,post,2,1.5,1536,2.05025941879e-07,2.81682138883e-07,2.71997491819e-06,0.999997280025,1.00000038762,1.05192376016e-09,1.17034102969e-08,0,1.71724384866e-05,516,2.0000000613,2.0000000607,2.97929005749e-10
512,1.9434903153222622,14700,2,post,2,3.0,3072,6.19947803784e-07,8.60322909017e-07,2.71997491819e-06,0.999997280025,1.00000216898,3.10021092804e-09,1.84549123951e-08,0,1.71724384866e-05,516,2.0000000613,2.0000000607,2.97929005749e-10
512,1.9567203378908278,14800,2,pre,-1,1.5,1536,6.26559413954e-07,7.8468330457e-07,2.6642870623e-06,0.999997335713,1.00000122177,0,0,0,1.42848227711e-05,517,2.00000006121,2.00000006071,2.51779478507e-10
512,1.9567203378908278,14800,2,pre,-1,3.0,3072,1.31176051818e-06,1.69898658679e-06,3.94950768756e-06,0.999996712172,1.00000394951,0,0,0,1.42848227711e-05,517,2.00000006121,2.00000006071,2.51779478507e-10
512,1.9567203378908278,14800,2,post,2,1.5,1536,1.92641968987e-07,2.55592186344e-07,1.25390948646e-06,0.999998746091,1.00000040782,1.00040213116e-09,3.88305869924e-09,0,1.43548319316e-05,517,2.00000006121,2.00000006071,2.51936908127e-10
512,1.9567203378908278,14800,2,post,2,3.0,3072,5.92483980277e-07,8.27475431099e-07,2.07681757991e-06,0.999998028168,1.00000207682,2.96330452431e-09,1.03393859759e-08,0,1.43548319316e-05,517,2.00000006121,2.00000006071,2.51936908127e-10
512,1.9699503604593935,14900,2,pre,-1,1.5,1536,6.13819875434e-07,7.83187711825e-07,5.85387955687e-06,0.99999414612,1.00000107347,0,0,0,1.13545543289e-05,519,2.00000006156,2.00000006071,4.2617375001e-10
512,1.9699503604593935,14900,2,pre,-1,3.0,3072,1.26027750151e-06,1.6279333724e-06,5.85387955687e-06,0.99999414612,1.00000376469,0,0,0,1.13545543289e-05,519,2.00000006156,2.00000006071,4.2617375001e-10
512,1.9699503604593935,14900,2,post,2,1.5,1536,1.91080961344e-07,2.77914463634e-07,3.33300195143e-06,0.999996666998,1.00000026653,9.93306705884e-10,1.48885596148e-08,0,1.1413579965e-05,519,2.00000006156,2.00000006071,4.26658695413e-10
512,1.9699503604593935,14900,2,post,2,3.0,3072,5.69763950582e-07,7.95004910567e-07,3.33300195143e-06,0.999996666998,1.00000220279,2.84645806464e-09,1.48885596148e-08,0,1.1413579965e-05,519,2.00000006156,2.00000006071,4.26658695413e-10
512,1.9831803830279593,15000,2,pre,-1,1.5,1536,5.77079454892e-07,7.42905912723e-07,5.10481896276e-06,0.999994895181,1.00000080637,0,0,0,8.27528100863e-06,520,2.00000006151,2.00000006071,4.00280019192e-10
512,1.9831803830279593,15000,2,pre,-1,3.0,3072,1.17421923915e-06,1.52058765553e-06,5.10481896276e-06,0.999994895181,1.00000345168,0,0,0,8.27528100863e-06,520,2.00000006151,2.00000006071,4.00280019192e-10
512,1.9831803830279593,15000,2,post,2,1.5,1536,1.78320865479e-07,2.65179120011e-07,2.92133587254e-06,0.999997078664,1.00000025434,9.3567718021e-10,1.31005666276e-08,0,8.32221653684e-06,520,2.00000006151,2.00000006071,4.00664378392e-10
512,1.9831803830279593,15000,2,post,2,3.0,3072,5.28620932483e-07,7.40692454663e-07,2.92133587254e-06,0.999997078664,1.00000181386,2.64123866655e-09,1.31005666276e-08,0,8.32221653684e-06,520,2.00000006151,2.00000006071,4.00664378392e-10
512,1.9964104055965248,15100,2,pre,-1,1.5,1536,5.28683259666e-07,6.80495758869e-07,4.36672602622e-06,0.999995633274,1.00000102637,0,0,0,5.18441100231e-06,520,2.00000006155,2.00000006071,4.1752222633e-10
512,1.9964104055965248,15100,2,pre,-1,3.0,3072,1.06968305811e-06,1.38765221038e-06,4.36672602622e-06,0.999995633274,1.00000312874,0,0,0,5.18441100231e-06,520,2.00000006155,2.00000006071,4.1752222633e-10
512,1.9964104055965248,15100,2,post,2,1.5,1536,1.62638884089e-07,2.36972079628e-07,2.66537261795e-06,0.999997334627,1.00000022409,8.58857205899e-10,1.27992194877e-08,0,5.21890413815e-06,520,2.00000006155,2.00000006071,4.1727886545e-10
512,1.9964104055965248,15100,2,post,2,3.0,3072,4.79622957576e-07,6.73234022367e-07,2.66537261795e-06,0.999997334627,1.00000162751,2.39560765721e-09,1.27992194877e-08,0,5.21890413815e-06,520,2.00000006155,2.00000006071,4.1727886545e-10
512,2.0096404281650901,15200,2,pre,-1,1.5,1536,4.7586213103e-07,6.20310596701e-07,3.54192826613e-06,0.999996458072,1.00000090281,0,0,0,2.11425680305e-06,520,2.00000006169,2.00000006072,4.85064862428e-10
512,2.0096404281650901,15200,2,pre,-1,3.0,3072,9.52204954057e-07,1.23833589837e-06,3.54192826613e-06,0.999996458072,1.00000276664,0,0,0,2.11425680305e-06,520,2.00000006169,2.00000006072,4.85064862428e-10
512,2.0096404281650901,15200,2,post,2,1.5,1536,1.49091755719e-07,2.21385363633e-07,2.22907233838e-06,0.999997770928,1.0000002133,7.80613671539e-10,1.11831241077e-08,0,2.13678132167e-06,520,2.00000006169,2.00000006072,4.8481772679e-10
512,2.0096404281650901,15200,2,post,2,3.0,3072,4.26837729155e-07,6.00121693146e-07,2.22907233838e-06,0.999997770928,1.00000143511,2.12559173048e-09,1.11831241077e-08,0,2.13678132167e-06,520,2.00000006169,2.00000006072,4.8481772679e-10
512,2.0228704507336559,15300,2,pre,-1,1.5,1536,4.05686935225e-07,5.22497707345e-07,1.12380749928e-06,0.999998876193,1.00000054757,0,0,0,1.15181584484e-06,520,2.00000006117,2.00000006072,2.28107303893e-10
512,2.0228704507336559,15300,2,pre,-1,3.0,3072,8.1630762131e-07,1.06462148191e-06,2.37579853013e-06,0.999997780068,1.0000023758,0,0,0,1.15181584484e-06,520,2.00000006117,2.00000006072,2.28107303893e-10
512,2.0228704507336559,15300,2,post,2,1.5,1536,1.26917843816e-07,1.71018074359e-07,4.73439999871e-07,0.99999952656,1.00000019759,6.62090263302e-10,2.18122997355e-09,0,1.13977019627e-06,520,2.00000006117,2.00000006072,2.27758693874e-10
512,2.0228704507336559,15300,2,post,2,3.0,3072,3.65285528816e-07,5.13213800569e-07,1.22929087532e-06,0.999998885941,1.00000122929,1.81407392659e-09,6.05114020176e-09,0,1.13977019627e-06,520,2.00000006117,2.00000006072,2.27758693874e-10
512,2.0361004733022217,15400,2,pre,-1,1.5,1536,3.27683028478e-07,4.31823392778e-07,9.8232835466e-07,0.999999615092,1.00000098233,0,0,0,3.90863176391e-06,516,2.00000006073,2.00000006072,4.90829584285e-12
512,2.0361004733022217,15400,2,pre,-1,3.0,3072,6.71445255559e-07,8.78149759816e-07,1.92211820305e-06,0.999998120977,1.00000192212,0,0,0,3.90863176391e-06,516,2.00000006073,2.00000006072,4.90829584285e-12
512,2.0361004733022217,15400,2,post,2,1.5,1536,1.00080124244e-07,1.40955040033e-07,3.28287519613e-07,0.999999868055,1.00000032829,5.23767848945e-10,1.93152096054e-09,0,3.89336865018e-06,516,2.00000006073,2.00000006072,5.16431326455e-12
512,2.0361004733022217,15400,2,post,2,3.0,3072,2.98302249646e-07,4.21315742885e-07,9.72540131983e-07,0.999999044568,1.00000097254,1.48250905174e-09,4.94014239585e-09,0,3.89336865018e-06,516,2.00000006073,2.00000006072,5.16431326455e-12
512,2.0493304958707874,15500,2,pre,-1,1.5,1536,2.51381801313e-07,3.30341917387e-07,7.55838051036e-07,0.999999725741,1.00000075584,0,0,0,6.57147298839e-06,516,2.00000006073,2.00000006072,3.79007924639e-12
512,2.0493304958707874,15500,2,pre,-1,3.0,3072,5.20849954087e-07,6.81853790252e-07,1.49668793581e-06,0.999998537418,1.00000149669,0,0,0,6.57147298839e-06,516,2.00000006073,2.00000006072,3.79007924639e-12
512,2.0493304958707874,15500,2,post,2,1.5,1536,7.73497713857e-08,1.08388112578e-07,2.57486968636e-07,0.999999911577,1.00000025749,3.9291717043e-10,1.46366780068e-09,0,6.5558826361e-06,516,2.00000006073,2.00000006072,3.96260789918e-12
512,2.0493304958707874,15500,2,post,2,3.0,3072,2.30523475516e-07,3.25002359756e-07,7.51149824341e-07,0.999999264327,1.00000075115,1.13923136285e-09,3.80822521434e-09,0,6.5558826361e-06,516,2.00000006073,2.00000006072,3.96260789918e-12
512,2.0625605184393532,15600,2,pre,-1,1.5,1536,1.74707584095e-07,2.30222056602e-07,5.36133124118e-07,0.999999831484,1.00000053613,0,0,0,9.06233582913e-06,516,2.00000006073,2.00000006073,4.50062196057e-12
512,2.0625605184393532,15600,2,pre,-1,3.0,3072,3.65863340883e-07,4.80504235839e-07,1.07371898861e-06,0.999998974561,1.00000107372,0,0,0,9.06233582913e-06,516,2.00000006073,2.00000006073,4.50062196057e-12
512,2.0625605184393532,15600,2,post,2,1.5,1536,5.45737144079e-08,7.63766365321e-08,1.86834342886e-07,0.999999948678,1.00000018683,2.64274391822e-10,1.02261864168e-09,0,9.04947883904e-06,516,2.00000006074,2.00000006073,4.62652124774e-12
512,2.0625605184393532,15600,2,post,2,3.0,3072,1.60807605157e-07,2.26552467343e-07,5.35278586344e-07,0.999999494602,1.00000053528,7.86542534791e-10,2.69932632843e-09,0,9.04947883904e-06,516,2.00000006074,2.00000006073,4.62652124774e-12
512,2.0757905410079189,15700,2,pre,-1,1.5,1536,9.88884952977e-08,1.33314640621e-07,3.23758118315e-07,0.999999927153,1.00000032376,0,0,0,1.13356027005e-05,516,2.00000006074,2.00000006073,4.9982239051e-12
512,2.0757905410079189,15700,2,pre,-1,3.0,3072,2.0941197992e-07,2.78109847355e-07,6.55917721692e-07,0.99999942632,1.00000065592,0,0,0,1.13356027005e-05,516,2.00000006074,2.00000006073,4.9982239051e-12
512,2.0757905410079189,15700,2,post,2,1.5,1536,3.17842259444e-08,4.5653217553e-08,1.17610930772e-07,0.999999974689,1.00000011761,1.40236307298e-10,6.11286149303e-10,0,1.13278982927e-05,516,2.00000006074,2.00000006073,5.07549542526e-12
512,2.0757905410079189,15700,2,post,2,3.0,3072,9.0304136065e-08,1.28044329664e-07,3.25064966278e-07,0.999999732432,1.00000032506,4.31350705868e-10,1.62120572869e-09,0,1.13278982927e-05,516,2.00000006074,2.00000006073,5.07549542526e-12
512,2.0890205635764847,15800,2,pre,-1,1.5,1536,3.40580507589e-08,4.65652626584e-08,1.21795639352e-07,0.999999976584,1.0000001218,0,0,0,1.33547533563e-05,516,2.00000006074,2.00000006073,4.78084224347e-12
512,2.0890205635764847,15800,2,pre,-1,3.0,3072,5.91377632703e-08,8.34020207271e-08,2.51210631408e-07,0.999999880618,1.00000025121,0,0,0,1.33547533563e-05,516,2.00000006074,2.00000006073,4.78084224347e-12
512,2.0890205635764847,15800,2,post,2,1.5,1536,1.41335663582e-08,1.90400879932e-08,5.08252304687e-08,0.999999986601,1.00000005083,5.08061185934e-11,2.30326609348e-10,0,1.3354151339e-05,516,2.00000006074,2.00000006073,4.73532310084e-12
512,2.0890205635764847,15800,2,post,2,3.0,3072,2.43281455995e-08,3.6046256991e-08,1.23826529919e-07,0.999999959697,1.00000012383,1.05252499887e-10,5.9204007842e-10,0,1.3354151339e-05,516,2.00000006074,2.00000006073,4.73532310084e-12
512,2.1022505861450504,15900,2,pre,-1,1.5,1536,5.35093366322e-08,6.58292700216e-08,1.26909782905e-07,0.999999911113,1.00000012691,0,0,0,1.50786036638e-05,516,2.00000006074,2.00000006073,2.18469680152e-12
512,2.1022505861450504,15900,2,pre,-1,3.0,3072,1.02050925219e-07,1.30978118909e-07,3.37024826491e-07,0.999999852158,1.00000033702,0,0,0,1.50786036638e-05,516,2.00000006074,2.00000006073,2.18469680152e-12
512,2.1022505861450504,15900,2,post,2,1.5,1536,1.88390024805e-08,2.25205178984e-08,4.58231763645e-08,0.999999969869,1.00000004582,9.75684802884e-11,1.93598782838e-10,0,1.50858124181e-05,516,2.00000006074,2.00000006073,2.06945565506e-12
512,2.1022505861450504,15900,2,post,2,3.0,3072,5.23039621928e-08,7.32486042064e-08,2.15351269484e-07,0.999999917897,1.00000021535,2.68082155375e-10,1.06584592541e-09,0,1.50858124181e-05,516,2.00000006074,2.00000006073,2.06945565506e-12
512,2.1154806087136158,16000,2,pre,-1,1.5,1536,1.17440635932e-07,1.46646548464e-07,2.54539431865e-07,0.999999745461,1.00000021264,0,0,0,1.64890475417e-05,516,2.00000006074,2.00000006073,2.19557698683e-12
512,2.1154806087136158,16000,2,pre,-1,3.0,3072,2.44770338417e-07,3.15641907221e-07,7.71659599996e-07,0.999999488089,1.00000077166,0,0,0,1.64890475417e-05,516,2.00000006074,2.00000006073,2.19557698683e-12
512,2.1154806087136158,16000,2,post,2,1.5,1536,3.88154464988e-08,4.70727184481e-08,7.5211743944e-08,0.999999924788,1.00000007044,2.05877054282e-10,4.60587150884e-10,0,1.6504743112e-05,516,2.00000006074,2.00000006073,2.09254829327e-12
512,2.1154806087136158,16000,2,post,2,3.0,3072,1.17131153813e-07,1.62630896282e-07,4.43035798492e-07,0.999999746965,1.00000044304,5.96430723248e-10,2.20069395346e-09,0,1.6504743112e-05,516,2.00000006074,2.00000006073,2.09254829327e-12
512,2.1287106312821815,16100,2,pre,-1,1.5,1536,1.80770043321e-07,2.25115678252e-07,4.19730105672e-07,0.99999958027,1.00000029146,0,0,0,1.75680166672e-05,516,2.00000006074,2.00000006073,2.08033584037e-12
512,2.1287106312821815,16100,2,pre,-1,3.0,3072,3.81106960152e-07,4.92117713718e-07,1.18361685075e-06,0.999999144713,1.00000118362,0,0,0,1.75680166672e-05,516,2.00000006074,2.00000006073,2.08033584037e-12
512,2.1287106312821815,16100,2,post,2,1.5,1536,5.7324331642e-08,7.18992913568e-08,1.3019392231e-07,0.999999869806,1.00000009207,3.06229156366e-10,7.51421249008e-10,0,1.75922051372e-05,516,2.00000006074,2.00000006073,1.99573684846e-12
512,2.1287106312821815,16100,2,post,2,3.0,3072,1.78217071298e-07,2.48168176099e-07,6.58363002781e-07,0.999999580729,1.00000065836,9.04584290482e-10,3.2737800526e-09,0,1.75922051372e-05,516,2.00000006074,2.00000006073,1.99573684846e-12
512,2.1419406538507473,16200,2,pre,-1,1.5,1536,2.39068813854e-07,2.97634539584e-07,5.71110409409e-07,0.99999942889,1.00000036251,0,0,0,1.83044845506e-05,516,2.00000006074,2.00000006073,1.59872110691e-12
512,2.1419406538507473,16200,2,pre,-1,3.0,3072,5.06713068481e-07,6.55004524843e-07,1.56368730519e-06,0.999998828641,1.00000156369,0,0,0,1.83044845506e-05,516,2.00000006074,2.00000006073,1.59872110691e-12
512,2.1419406538507473,16200,2,post,2,1.5,1536,7.41559245599e-08,9.51261969656e-08,1.8082195119e-07,0.999999819178,1.00000011099,3.97688001295e-10,1.0158980315e-09,0,1.83367049017e-05,516,2.00000006074,2.00000006073,1.5387690654e-12
512,2.1419406538507473,16200,2,post,2,3.0,3072,2.34266446682e-07,3.27003051553e-07,8.563492222e-07,0.999999428016,1.00000085635,1.18724638917e-09,4.26115614842e-09,0,1.83367049017e-05,516,2.00000006074,2.00000006073,1.5387690654e-12
512,2.1551706764193126,16300,2,pre,-1,1.5,1536,2.91570790766e-07,3.63075936292e-07,7.07979158965e-07,0.999999292021,1.00000042482,0,0,0,1.86913152772e-05,516,2.00000006074,2.00000006073,9.6855853727e-13
512,2.1551706764193126,16300,2,pre,-1,3.0,3072,6.1957651724e-07,8.01499498971e-07,1.90444186887e-06,0.999998542706,1.00000190444,0,0,0,1.86913152772e-05,516,2.00000006074,2.00000006073,9.6855853727e-13
512,2.1551706764193126,16300,2,post,2,1.5,1536,9.03242706497e-08,1.16229199633e-07,2.26819986349e-07,0.99999977318,1.0000001275,4.79414019316e-10,1.25483523138e-09,0,1.87306963087e-05,516,2.00000006074,2.00000006073,9.36140025936e-13
512,2.1551706764193126,16300,2,post,2,3.0,3072,2.85001732746e-07,3.97725064539e-07,1.03289365816e-06,0.99999928977,1.00000103289,1.43999625328e-09,5.14188480336e-09,0,1.87306963087e-05,516,2.00000006074,2.00000006073,9.36140025936e-13
512,2.1684006989878784,16400,2,pre,-1,1.5,1536,3.37673534678e-07,4.20723258836e-07,8.29897180421e-07,0.999999170103,1.00000047813,0,0,0,1.87304012678e-05,516,2.00000006074,2.00000006074,2.77999836924e-13
512,2.1684006989878784,16400,2,pre,-1,3.0,3072,7.18064833379e-07,9.29388532421e-07,2.19968583814e-06,0.999998289673,1.00000219969,0,0,0,1.87304012678e-05,516,2.00000006074,2.00000006074,2.77999836924e-13
512,2.1684006989878784,16400,2,post,2,1.5,1536,1.0468129606e-07,1.34928183182e-07,2.6807454756e-07,0.999999731925,1.00000014153,5.50651124857e-10,1.46949726172e-09,0,1.87757495598e-05,516,2.00000006074,2.00000006074,2.72226677371e-13
512,2.1684006989878784,16400,2,post,2,3.0,3072,3.29190338037e-07,4.59235013352e-07,1.18503660573e-06,0.999999166853,1.00000118504,1.6591564013e-09,5.90043948076e-09,0,1.87757495598e-05,516,2.00000006074,2.00000006074,2.72226677371e-13
512,2.1816307215564441,16500,2,pre,-1,1.5,1536,3.76846453144e-07,4.70016250106e-07,9.36289156539e-07,0.999999063711,1.00000052203,0,0,0,1.84302531962e-05,516,2.00000006073,2.00000006073,-9.47464300443e-13
512,2.1816307215564441,16500,2,pre,-1,3.0,3072,8.00839163687e-07,1.0369360775e-06,2.44548871753e-06,0.999998071773,1.00000244549,0,0,0,1.84302531962e-05,516,2.00000006073,2.00000006073,-9.47464300443e-13
512,2.1816307215564441,16500,2,post,2,1.5,1536,1.16848335948e-07,1.51020788673e-07,3.04544571894e-07,0.999999695455,1.00000015325,6.10728939651e-10,1.66272785384e-09,0,1.84801317857e-05,516,2.00000006073,2.00000006073,-9.26148019018e-13
512,2.1816307215564441,16500,2,post,2,3.0,3072,3.66119014827e-07,5.10693206561e-07,1.3109693735e-06,0.999999059989,1.00000131097,1.84175704155e-09,6.52701872238e-09,0,1.84801317857e-05,516,2.00000006073,2.00000006073,-9.26148019018e-13
512,2.1948607441250099,16600,2,pre,-1,1.5,1536,4.08669737074e-07,5.10495618168e-07,1.02592833495e-06,0.999998974072,1.00000055554,0,0,0,1.78060192682e-05,516,2.00000006073,2.00000006073,-3.73057129406e-12
512,2.1948607441250099,16600,2,pre,-1,3.0,3072,8.66892962062e-07,1.12286242206e-06,2.63757429875e-06,0.999997891011,1.00000263757,0,0,0,1.78060192682e-05,516,2.00000006073,2.00000006073,-3.73057129406e-12
512,2.1948607441250099,16600,2,post,2,1.5,1536,1.26645166349e-07,1.64340974632e-07,3.35499744653e-07,0.9999996645,1.00000016263,6.59129149977e-10,1.83034195005e-09,0,1.78588270398e-05,516,2.00000006073,2.00000006073,-3.68682850822e-12
512,2.1948607441250099,16600,2,post,2,3.0,3072,3.95317983568e-07,5.5150028742e-07,1.40793018133e-06,0.99999897036,1.00000140793,1.98563994404e-09,7.0084227588e-09,0,1.78588270398e-05,516,2.00000006073,2.00000006073,-3.68682850822e-12
512,2.2080907666935756,16700,2,pre,-1,1.5,1536,4.32819700355e-07,5.41784972653e-07,1.09805710269e-06,0.999998901943,1.00000057866,0,0,0,1.68798568986e-05,516,2.00000006072,2.00000006073,-8.18922682556e-12
512,2.2080907666935756,16700,2,pre,-1,3.0,3072,9.15557964557e-07,1.18633637373e-06,2.77414938976e-06,0.999997748745,1.00000277415,0,0,0,1.68798568986e-05,516,2.00000006072,2.00000006073,-8.18922682556e-12
512,2.2080907666935756,16700,2,post,2,1.5,1536,1.33946688897e-07,1.74746710779e-07,3.60624197504e-07,0.999999639376,1.00000016977,6.95465768958e-10,1.97121732826e-09,0,1.69338526694e-05,516,2.00000006072,2.00000006073,-8.13105114084e-12
512,2.2080907666935756,16700,2,post,2,3.0,3072,4.1649292924e-07,5.81289047289e-07,1.47512526749e-06,0.999998898727,1.00000147513,2.08947678341e-09,7.34049379787e-09,0,1.69338526694e-05,516,2.00000006072,2.00000006073,-8.13105114084e-12
512,2.2213207892621414,16800,2,pre,-1,1.5,1536,4.49068273216e-07,5.63586662136e-07,1.15187121807e-06,0.999998848129,1.00000059168,0,0,0,1.56751203428e-05,516,2.0000000607,2.00000006073,-1.45390361998e-11
512,2.2213207892621414,16800,2,pre,-1,3.0,3072,9.46504136465e-07,1.22696360748e-06,2.8548132589e-06,0.999997646016,1.00000285481,0,0,0,1.56751203428e-05,516,2.0000000607,2.00000006073,-1.45390361998e-11
512,2.2213207892621414,16800,2,post,2,1.5,1536,1.38674239523e-07,1.82115617118e-07,3.79565653907e-07,0.999999620434,1.0000001748,7.19498029149e-10,2.08361490301e-09,0,1.57286774202e-05,516,2.0000000607,2.00000006073,-1.44735330433e-11
512,2.2213207892621414,16800,2,post,2,3.0,3072,4.29518980994e-07,5.99913339991e-07,1.5125558166e-06,0.999998845851,1.00000151256,2.15276745189e-09,7.52311578485e-09,0,1.57286774202e-05,516,2.0000000607,2.00000006073,-1.44735330433e-11
512,2.2345508118307071,16900,2,pre,-1,1.5,1536,4.57280192083e-07,5.75690133792e-07,1.18699414675e-06,0.999998813006,1.00000059503,0,0,0,1.42220496172e-05,516,2.00000006069,2.00000006073,-2.31210599195e-11
512,2.2345508118307071,16900,2,pre,-1,3.0,3072,9.5972754535e-07,1.24477134155e-06,2.88042516883e-06,0.999997584578,1.00000288043,0,0,0,1.42220496172e-05,516,2.00000006069,2.00000006073,-2.31210599195e-11
512,2.2345508118307071,16900,2,post,2,1.5,1536,1.4078515814e-07,1.86349183024e-07,3.91939440569e-07,0.999999608061,1.00000017784,7.31133570322e-10,2.16519343166e-09,0,1.42735532332e-05,516,2.00000006069,2.00000006073,-2.30642165024e-11
512,2.2345508118307071,16900,2,post,2,3.0,3072,4.34428416817e-07,6.07435700205e-07,1.5209256885e-06,0.999998812503,1.00000152093,2.17580540068e-09,7.55977243652e-09,0,1.42735532332e-05,516,2.00000006069,2.00000006073,-2.30642165024e-11
512,2.2426211255975321,16961,2,pre,-1,1.5,1536,3.17112544159e-07,4.05719511971e-07,1.08339680005e-06,0.999998916603,1.00000065664,0,0,0,1.76010762388e-05,516,2.00000006077,2.00000006073,1.87974075037e-11
512,2.2426211255975321,16961,2,pre,-1,3.0,3072,9.04828703228e-07,1.23382515253e-06,2.92564286819e-06,0.999997516992,1.00000292564,0,0,0,1.76010762388e-05,516,2.00000006077,2.00000006073,1.87974075037e-11
512,2.2426211255975321,16961,2,post,2,1.5,1536,9.47654766641e-08,1.19099025022e-07,5.06550275392e-07,0.99999949345,1.0000002539,3.05770453084e-10,1.95744830674e-09,0,1.75912292338e-05,516,2.00000006077,2.00000006073,1.8967493666e-11
512,2.2426211255975321,16961,2,post,2,3.0,3072,3.68204759333e-07,5.43835048256e-07,1.48773234954e-06,0.999998976882,1.00000148773,1.89080985874e-09,7.77476646258e-09,0,1.75912292338e-05,516,2.00000006077,2.00000006073,1.8967493666e-11
