t sb -1 xb vb dt perf.t perf.speed
0 0 -1 0.5 0 5.93295e-05 0 0 
5.93295e-05 0 -1 0.5 1.24742e-05 5.93295e-05 0.952785 68783.6 1 32173.7 5441.66 5.91249 4 
0.000172595 1.5217e-07 -1 0.5 -1.14782e-05 0.000113265 1.55064 84527.8 1 6706.27 3198.2 2.09689 4 1 9254.77 4604.47 2.00995 4 1 0.000944956 2.12768e-07 4441.25 4 
0.000334888 -2.16671e-07 -1 0.5 -6.86546e-05 0.000162293 2.06096 95396.1 1 4622.59 1751.19 2.63969 4 1 17982.3 7425.14 2.42181 4 1 0.001765 1.21861e-06 1448.37 4 
0.000541747 -1.90959e-07 -1 0.5 0.000203702 0.000206859 2.6518 98855.1 1 2644.99 896.663 2.94982 4 1 16986 4906.88 3.46166 4 1 0.00171957 2.6047e-06 660.178 4 
0.000789125 -5.11615e-07 -1 0.5 0.000180728 0.000247378 3.22815 101507 1 1372.35 691.584 1.98435 4 1 10209.4 3585.03 2.84779 4 1 0.00150283 3.73499e-06 402.366 4 
0.00107336 -5.71351e-07 -1 0.5 0.00054544 0.000284232 3.78881 103784 1 994.23 440.436 2.25738 4 1 7017.85 2468.96 2.84243 4 1 0.00127249 7.17274e-06 177.406 4 
0.00139107 -8.02333e-07 -1 0.5 0.000673278 0.000317717 4.2839 107088 1 658.388 289.621 2.27327 4 1 4801.38 1606.9 2.98797 4 1 0.00132035 1.14951e-05 114.861 4 
0.00173922 -7.69851e-07 -1 0.5 0.00101526 0.000348149 4.80643 109080 1 428.199 192.372 2.22589 4 1 3453.46 1029.12 3.35574 4 1 0.00153698 1.51777e-05 101.266 4 
0.00211504 -7.50195e-07 -1 0.500001 0.00119981 0.000375816 5.30303 111224 1 283.97 125.728 2.25861 4 1 2243.91 667.006 3.36415 4 1 0.0016987 1.94523e-05 87.3264 4 
0.00251604 -5.37173e-07 -1 0.500001 0.00147843 0.000401001 5.8056 112884 1 190.058 85.086 2.23371 4 1 1483.34 443.491 3.3447 4 1 0.00177255 2.19658e-05 80.6957 4 
0.00293989 -3.48532e-07 -1 0.500002 0.00166342 0.000423852 6.28182 114759 1 187.981 53.9345 3.48536 4 1 983.789 289.775 3.39501 4 1 0.00181206 2.46378e-05 73.5481 4 
0.00338456 -1.12712e-07 -1 0.500003 0.00189243 0.000444668 6.78781 115859 1 194.572 37.6583 5.16677 4 1 652.965 192.636 3.38963 4 1 0.00178995 2.59628e-05 68.943 4 
0.00384807 3.03441e-08 -1 0.500004 0.00208264 0.000463514 7.27772 117065 1 194.286 23.0842 8.41642 4 1 428.633 127.638 3.3582 4 1 0.00182204 3.11123e-05 58.5632 4 
0.00432877 1.18871e-07 -1 0.500005 0.00230817 0.000480692 7.77274 118041 1 183.184 16.5705 11.0548 4 1 288.896 82.4446 3.50412 4 1 0.00181982 3.3865e-05 53.7375 4 
0.00482515 9.95749e-08 -1 0.500006 0.00253305 0.000496383 8.25672 119059 1 168.834 9.76795 17.2845 4 1 183.98 57.0259 3.22625 4 1 0.00190008 3.91286e-05 48.56 4 
0.00533566 2.17823e-08 -1 0.500007 0.00279168 0.000510512 8.74434 119915 1 159.145 9.61048 16.5595 4 1 220.797 34.3524 6.42741 4 1 0.00197547 4.29829e-05 45.9594 4 
0.00585911 -1.08034e-07 -1 0.500008 0.00306377 0.000523451 9.27833 120077 1 165.806 17.4245 9.51567 4 1 92.7751 25.8878 3.58374 4 1 0.00210518 4.81717e-05 43.7016 4 
0.00639435 -2.38541e-07 -1 0.50001 0.00335996 0.000535241 9.79807 120396 1 128.38 9.17994 13.9849 4 1 158.016 13.9617 11.3178 4 1 0.00219462 5.23814e-05 41.897 4 
0.00694023 -3.49841e-07 -1 0.500012 0.00366529 0.00054588 10.4155 119551 1 109.649 4.86545 22.5363 4 1 74.8406 11.8611 6.30973 4 1 0.00229872 5.69122e-05 40.3906 4 
0.00749584 -4.13384e-07 -1 0.500014 0.00397989 0.000555608 10.9667 119518 1 100.189 2.89327 34.6282 4 1 27.3995 5.47368 5.00569 4 1 0.00237238 6.05207e-05 39.1995 4 
0.00806025 -4.27847e-07 -1 0.500016 0.00429417 0.00056441 11.489 119789 1 91.3805 2.49224 36.6661 4 1 173.765 8.81444 19.7136 4 1 0.00244475 6.38637e-05 38.2808 4 
0.00863265 -3.95714e-07 -1 0.500019 0.00460726 0.000572401 12.0484 119666 1 82.0615 2.97752 27.5603 4 1 50.8529 11.1286 4.56958 4 1 0.0025017 6.64118e-05 37.6696 4 
0.00921237 -3.34533e-07 -1 0.500021 0.00491569 0.000579722 12.5987 119641 1 72.128 3.84973 18.7358 4 1 19.845 10.615 1.86952 4 1 0.0025588 6.87043e-05 37.2437 4 
0.00979869 -2.61641e-07 -1 0.500024 0.00522102 0.000586314 13.1092 119982 1 63.9889 3.42047 18.7077 4 1 66.4571 8.41471 7.89773 4 1 0.00260892 7.05646e-05 36.9721 4 
0.010391 -1.96126e-07 -1 0.500027 0.00552415 0.000592354 13.6222 120274 1 57.6123 2.31488 24.8878 4 1 216.987 6.54349 33.1608 4 1 0.00266032 7.23908e-05 36.7494 4 
0.0109888 -1.50243e-07 -1 0.500031 0.00582794 0.000597802 14.1167 120704 1 51.4558 1.94269 26.4869 4 1 209.405 4.22458 49.5682 4 1 0.00271029 7.4132e-05 36.5604 4 
0.0115916 -1.30571e-07 -1 0.500034 0.00613432 0.000602745 14.6284 120961 1 46.356 1.8945 24.4687 4 1 37.93 1.72511 21.9871 4 1 0.00276082 7.59533e-05 36.3489 4 
0.0121989 -1.35882e-07 -1 0.500038 0.00644519 0.000607277 15.1322 121265 1 49.8551 2.53424 19.6726 4 1 13.9323 2.4509 5.68459 4 1 0.0028129 7.78142e-05 36.1489 4 
0.0128102 -1.60152e-07 -1 0.500042 0.00676109 0.000611377 15.641 121511 1 230.728 6.0615 38.0645 4 1 109.304 3.25582 33.572 4 1 0.00286459 7.9696e-05 35.944 4 
0.0134254 -1.95041e-07 -1 0.500046 0.00708222 0.000615154 16.1424 121796 1 315.548 9.61118 32.8314 4 1 115.991 4.82614 24.0338 4 1 0.00291639 8.1542e-05 35.7655 4 
0.014044 -2.31871e-07 -1 0.50005 0.00740736 0.000618595 16.6183 122252 1 118.275 3.79652 31.1535 4 1 127.431 5.24703 24.2863 4 1 0.00296505 8.32565e-05 35.6134 4 
0.0146657 -2.59555e-07 -1 0.500055 0.00773524 0.000621686 17.1037 122614 1 63.5451 2.02489 31.3821 4 1 37.197 1.45189 25.6197 4 1 0.00301274 8.48628e-05 35.5013 4 
0.0152901 -2.74922e-07 -1 0.50006 0.00806449 0.000624416 17.581 123013 1 38.7965 1.37081 28.3018 4 1 14.8846 1.36466 10.9072 4 1 0.00305415 8.61199e-05 35.464 4 
0.0159171 -2.77767e-07 -1 0.500065 0.00839414 0.00062704 18.0531 123426 1 30.9001 1.185 26.076 4 1 94.997 3.21466 29.5512 4 1 0.00309622 8.73018e-05 35.4657 4 
0.0165464 -2.70226e-07 -1 0.50007 0.00872322 0.000629288 18.5242 123825 1 29.5864 1.16883 25.3128 4 1 10.854 2.70548 4.01184 4 1 0.00313295 8.86459e-05 35.3423 4 
0.0171778 -2.56115e-07 -1 0.500076 0.00905159 0.000631419 19.0002 124172 1 295.841 7.57792 39.0399 4 1 253.884 5.91521 42.9205 4 1 0.00317013 9.00726e-05 35.1953 4 
0.0178113 -2.41103e-07 -1 0.500081 0.00937905 0.00063343 19.4916 124404 1 104.851 2.81857 37.2002 4 1 111.514 2.69567 41.368 4 1 0.00320687 9.13517e-05 35.1046 4 
0.0184463 -2.28154e-07 -1 0.500087 0.00970619 0.000635049 20.0267 124352 1 73.4194 2.04836 35.8429 4 1 28.2925 1.81486 15.5894 4 1 0.00324328 9.2593e-05 35.0273 4 
0.019083 -2.19369e-07 -1 0.500093 0.0100404 0.000636676 20.529 124502 2 55870.8 83.7796 25.824 3 1 13.0459 1.27908 10.1995 4 1 0.00327912 9.38096e-05 34.9551 4 
0.0197212 -2.66453e-07 -1 0.5001 0.0103484 0.000638175 21.0188 124719 1 339.868 21.0512 16.1448 3 1 211.408 23.9202 8.83806 4 1 0.00330576 9.48095e-05 34.8674 4 
0.0203606 -2.36848e-07 -1 0.500106 0.0106983 0.000639408 21.5324 124788 1 117.669 29.9123 3.9338 3 1 241.19 50.2305 4.80166 4 1 0.00333099 9.56295e-05 34.8323 4 
0.0210012 -2.57935e-07 -1 0.500113 0.0110148 0.000640645 21.9893 125175 1 74.3158 19.3169 3.8472 3 1 165.362 55.0675 3.0029 4 1 0.00344327 9.81466e-05 35.0829 4 
0.021643 -2.56526e-07 -1 0.50012 0.0113526 0.000641749 22.4654 125439 1 70.112 13.1452 5.33366 3 1 180.842 37.4865 4.82419 4 1 0.00338536 9.74122e-05 34.7529 4 
0.0222857 -2.79576e-07 -1 0.500128 0.0116772 0.000642718 22.9263 125776 1 89.339 9.04628 9.87578 3 1 120.97 30.3639 3.98401 4 1 0.00347216 9.93635e-05 34.9441 4 
0.0229292 -2.80521e-07 -1 0.500135 0.0120145 0.000643552 23.3996 126033 1 106.366 9.01505 11.7987 3 1 89.7839 22.9778 3.90742 4 1 0.00346906 9.95636e-05 34.8426 4 
0.0235736 -2.91623e-07 -1 0.500143 0.0123422 0.000644388 23.9445 125902 1 72.1724 4.99885 14.4378 3 1 66.2662 18.4662 3.58851 4 2 0.00353123 4.30305e-06 28.6467 3 
0.0242187 -2.88889e-07 -1 0.500151 0.0126775 0.000645086 24.4726 125863 1 72.1487 5.43641 13.2714 3 1 56.7059 12.6158 4.49485 4 2 0.00354062 1.88286e-05 13.713 2 
0.0248645 -2.92416e-07 -1 0.500159 0.0130035 0.000645786 25.0419 125619 3 55861.6 43.2377 10.8914 2 1 37.3938 11.0943 3.37055 4 2 0.00359216 3.6104e-05 9.97472 2 
0.025511 -2.84667e-07 -1 0.500167 0.0133393 0.000646488 25.5818 125529 1 67.3667 8.49184 7.93312 2 1 81.2107 8.17334 9.93605 4 2 0.00351271 3.62954e-05 9.83773 2 
0.026158 -2.79151e-07 -1 0.500176 0.0136711 0.00064705 26.1493 125311 3 56634.6 67.042 9.45319 2 1 86.0017 7.36172 11.6823 4 2 0.00370745 3.66169e-05 10.0623 2 
0.0268055 -2.56798e-07 -1 0.500185 0.0140033 0.000647473 26.6305 125508 1 72.6052 11.6875 6.21222 2 1 160.294 10.4957 15.2724 4 2 0.00371205 3.68161e-05 10.0413 2 
0.0274534 -2.4062e-07 -1 0.500194 0.0143313 0.000647896 27.1402 125566 1 225.377 36.3746 6.196 2 1 167.28 8.78548 19.0405 4 2 0.00371118 3.70069e-05 10.0142 2 
0.0281017 -2.28648e-07 -1 0.500203 0.0146607 0.00064832 27.6127 125790 1 342.495 22.3359 15.3338 2 1 127.856 2.14031 59.7371 4 2 0.00371731 3.71183e-05 10.0074 2 
0.0287505 -2.25687e-07 -1 0.500213 0.0149912 0.000648744 28.0933 125971 1 103.095 7.52073 13.7082 2 1 130.526 4.55042 28.6844 4 2 0.0037437 3.73534e-05 10.0112 2 
0.0293996 -2.26357e-07 -1 0.500223 0.0153667 0.00064917 28.6158 125961 3 56501.7 217.928 6.3765 2 1 72.4796 1.55091 46.7336 4 2 0.00376782 3.75726e-05 10.014 2 
0.0300491 -3.135e-07 -1 0.500233 0.0156244 0.000649454 29.1113 126068 1 268.052 148.011 1.81103 2 1 431.184 82.4125 5.23203 4 2 0.00386525 3.79982e-05 10.0857 2 
0.0306988 -1.47607e-07 -1 0.500243 0.015982 0.000649738 29.636 126048 3 56417.9 96.4659 8.36272 2 1 912.089 192.856 4.72939 4 2 0.00371763 3.7518e-05 9.95436 2 
0.0313489 -6.62277e-08 -1 0.500253 0.0163118 0.000650022 30.19 125905 3 54076.6 113.709 7.80558 2 1 672.582 155.939 4.31312 4 2 0.00401215 3.82863e-05 10.2369 2 
0.031999 -7.05728e-08 -1 0.500264 0.0166416 0.000650165 30.7631 125690 3 51841.3 112.232 7.73012 2 1 258.896 55.8194 4.6381 4 2 0.00377867 3.81041e-05 9.95826 2 
0.0326495 -7.49494e-08 -1 0.500274 0.0169825 0.000650449 31.2457 125846 1 90.9703 37.7564 2.4094 2 1 184.858 14.9561 12.3601 4 2 0.00379981 3.85704e-05 9.92553 2 
0.0333001 -8.35448e-08 -1 0.500285 0.0173019 0.000650592 31.7318 125984 1 90.6676 9.68574 9.36094 2 1 203.597 9.82124 20.7302 4 2 0.00388498 3.86711e-05 10.0231 2 
0.0339508 -7.89548e-08 -1 0.500297 0.0176313 0.000650735 32.2235 126095 1 95.4252 9.74455 9.79267 2 1 102.612 10.9231 9.39409 4 2 0.00385286 3.8405e-05 10.0161 2 
0.0346017 -8.20785e-08 -1 0.500308 0.0179582 0.000650878 32.7151 126204 1 97.5568 9.55333 10.2118 2 1 43.9475 9.35531 4.6976 4 2 0.00387792 3.86852e-05 10.0121 2 
0.0352527 -7.44879e-08 -1 0.50032 0.0182907 0.00065102 33.1696 126450 1 98.4127 9.41313 10.4548 2 1 42.89 7.82234 5.48301 4 2 0.00389022 3.88377e-05 10.0083 2 
0.0359039 -7.58546e-08 -1 0.500332 0.0186171 0.000651163 33.7181 126337 1 216.496 42.5074 5.09313 2 1 37.8226 7.42249 5.09568 4 2 0.00392012 3.89605e-05 10.0308 2 
0.0365552 -7.00059e-08 -1 0.500344 0.0189471 0.000651307 34.2024 126464 1 241.929 43.279 5.58999 2 1 322.301 10.1479 31.7605 4 2 0.0039234 3.9007e-05 10.029 2 
0.0372066 -7.60024e-08 -1 0.500356 0.0192728 0.00065145 34.7033 126527 1 314.959 45.948 6.85467 2 1 146.305 5.99331 24.4114 4 2 0.00394303 3.91296e-05 10.0383 2 
0.0378582 -7.35725e-08 -1 0.500369 0.0196018 0.000651593 35.2586 126393 3 56546.3 111.79 7.96772 2 1 128.376 5.70937 22.4852 4 2 0.00394768 3.91929e-05 10.0362 2 
0.0385098 9.76497e-09 -1 0.500382 0.0199278 0.000651593 35.7795 126385 1 142.627 36.0271 3.95887 2 1 253.927 25.9368 9.79024 4 2 0.00409043 3.9454e-05 10.1821 2 
0.0391615 7.4917e-08 -1 0.500395 0.0202568 0.000651736 36.2711 126479 1 279.336 14.1908 19.6843 2 1 165.571 15.5037 10.6795 4 2 0.00395244 3.93912e-05 10.0169 2 
0.0398133 9.04385e-08 -1 0.500408 0.0205828 0.000651736 36.7556 126594 1 89.3701 7.8499 11.3849 2 1 145.881 10.6206 13.7356 4 2 0.00395974 3.93334e-05 10.0335 2 
0.0404652 7.9031e-08 -1 0.500421 0.0209103 0.00065188 37.2243 126761 1 72.4125 8.17024 8.86296 2 1 54.2296 4.18551 12.9565 4 2 0.00397263 3.94593e-05 10.0338 2 
0.041117 5.65702e-08 -1 0.500435 0.0212357 0.00065188 37.7061 126880 1 231.827 30.5976 7.57663 2 1 15.4273 3.51479 4.38925 4 2 0.00398761 3.9604e-05 10.0343 2 
0.0417691 4.80481e-08 -1 0.500449 0.0215634 0.000652024 38.1717 127049 1 403.632 52.6065 7.67266 2 1 239.968 6.82873 35.1409 4 2 0.00385852 3.96883e-05 9.86006 2 
0.0424211 4.25567e-08 -1 0.500463 0.0218893 0.000652024 38.6636 127127 1 114.985 17.308 6.64346 2 1 186.535 8.01964 23.2597 4 2 0.00444188 3.97457e-05 10.5715 2 
0.0430731 4.22899e-08 -1 0.500477 0.0222522 0.000652024 39.2057 127041 3 54025 117.815 7.71137 2 1 64.1001 2.59423 24.7087 4 2 0.00424455 3.97793e-05 10.3297 2 
0.0437253 -3.01345e-08 -1 0.500491 0.0225348 0.000652167 39.685 127158 1 136.402 60.9639 2.23743 2 1 291.922 29.2846 9.96845 4 2 0.00429434 4.01716e-05 10.3392 2 
0.0443774 -8.61731e-09 -1 0.500506 0.0228763 0.000652167 40.1682 127260 1 103.989 48.0895 2.1624 2 1 358.1 51.0624 7.01299 4 2 0.00416849 3.95937e-05 10.2607 2 
0.0450296 -5.95367e-08 -1 0.500521 0.0231808 0.000652167 40.7922 126920 1 67.5413 39.683 1.70202 2 1 335.075 49.6182 6.75306 4 2 0.00425222 3.99503e-05 10.3169 2 
0.0456818 -2.23564e-08 -1 0.500536 0.0235292 0.000652167 41.4195 126580 1 75.1423 43.0156 1.74686 2 1 270.602 51.9786 5.20603 4 2 0.00418767 3.98262e-05 10.2542 2 
0.0463341 -5.46553e-08 -1 0.500552 0.0238334 0.000652311 42.0366 126281 1 141.975 36.8309 3.85478 2 1 259.036 46.9736 5.5145 4 2 0.00425026 4.0203e-05 10.282 2 
0.0469864 -2.0617e-08 -1 0.500567 0.0241755 0.000652311 42.7056 125837 1 259.761 33.5141 7.75079 2 1 247.091 41.6889 5.92701 4 2 0.00418392 3.9927e-05 10.2367 2 
0.0476387 -5.19105e-08 -1 0.500583 0.0244821 0.000652311 43.288 125658 1 297.526 43.7113 6.80662 2 1 221.15 39.3162 5.62489 4 2 0.00424536 4.01735e-05 10.2799 2 
0.048291 -2.3555e-08 -1 0.500599 0.0248223 0.000652311 43.7872 125722 1 80.7813 28.4599 2.83843 2 1 204.494 35.7737 5.71632 4 2 0.00419354 3.99875e-05 10.2407 2 
0.0489433 -5.16137e-08 -1 0.500615 0.0251345 0.000652311 44.3557 125588 3 58304.2 163.516 7.09109 2 1 190.632 32.7099 5.82798 4 2 0.00424784 4.01855e-05 10.2813 2 
0.0495956 -3.69297e-08 -1 0.500631 0.0254659 0.000652311 44.9386 125418 3 52896.6 63.1183 9.4281 2 1 265.673 24.5859 10.8059 4 2 0.00421782 4.01125e-05 10.2543 2 
0.0502481 -3.29694e-08 -1 0.500648 0.0257608 0.000652456 45.523 125247 4 51357.1 65.5165 5.2913 2 1 304.948 11.0063 27.7068 4 2 0.00423452 4.00729e-05 10.2796 2 
0.0509006 5.64552e-08 -1 0.500665 0.0261267 0.000652456 46.0199 125319 1 155.289 63.1502 2.45904 2 1 159.625 30.9467 5.15807 4 2 0.00419978 3.99415e-05 10.2542 2 
0.051553 -9.60445e-10 -1 0.500682 0.0264131 0.000652456 46.5513 125296 1 93.2417 65.76 1.41791 2 1 345.654 60.3243 5.72992 4 2 0.00430198 3.92907e-05 10.4638 2 
0.0522055 6.001e-08 -1 0.500699 0.0267686 0.000652456 47.0498 125362 1 104.21 53.5758 1.94509 2 1 391.849 62.9879 6.22101 4 2 0.00418474 3.86315e-05 10.4079 2 
0.0528579 2.45228e-09 -1 0.500717 0.0270582 0.000652456 47.5629 125387 1 77.2092 54.4282 1.41855 2 1 369.632 61.259 6.03393 4 2 0.00430175 3.92483e-05 10.4692 2 
0.0535104 5.49295e-08 -1 0.500734 0.027411 0.000652456 48.083 125394 1 87.7126 48.4288 1.81117 2 1 338.854 58.0691 5.83535 4 2 0.00419485 3.89682e-05 10.3754 2 
0.0541628 3.87395e-09 -1 0.500752 0.0277182 0.000652456 48.6233 125348 3 55594.2 28.7489 12.4586 2 1 323.493 53.2766 6.07196 4 2 0.00430113 3.94882e-05 10.4366 2 
0.0548153 -2.59447e-09 -1 0.50077 0.0280438 0.000652456 49.1173 125422 1 70.9384 14.8193 4.7869 2 1 200.85 38.4381 5.22527 4 2 0.00422896 3.92919e-05 10.3744 2 
0.0554677 -1.80566e-08 -1 0.500789 0.0283605 0.000652456 49.6725 125339 3 56827.7 117.966 7.83913 2 1 95.2012 18.2181 5.22565 4 2 0.00425686 3.95278e-05 10.3775 2 
0.0561202 -1.73713e-08 -1 0.500807 0.0286757 0.000652456 50.2104 125302 3 56553.9 91.78 8.50952 2 1 190.228 9.75342 19.5037 4 2 0.00425787 3.95362e-05 10.3776 2 
0.0567727 -3.68994e-08 -1 0.500826 0.0290113 0.000652456 50.7075 125366 1 137.955 37.2131 3.70715 2 1 222.412 23.8613 9.32102 4 2 0.00422938 3.96448e-05 10.3287 2 
0.0574251 -4.6147e-08 -1 0.500845 0.0293282 0.000652456 51.2317 125362 3 57836.5 160.464 7.11663 2 1 167.39 13.879 12.0607 4 2 0.00428235 4.00529e-05 10.3401 2 
0.0580776 1.50726e-08 -1 0.500864 0.0296409 0.000652456 51.7958 125262 3 54984.3 158.816 7.0218 2 1 260.222 15.1622 17.1625 4 2 0.0042414 3.95183e-05 10.3599 2 
0.05873 1.86718e-08 -1 0.500883 0.0299595 0.000652456 52.2784 125360 1 202.129 15.3235 13.1908 2 1 299.683 18.3111 16.3662 4 2 0.00423751 4.00848e-05 10.2817 2 
0.0593825 9.88154e-09 -1 0.500903 0.0302773 0.000652456 52.8157 125325 3 54457 123.405 7.6133 2 1 304.831 9.42043 32.3585 4 2 0.00425481 4.00476e-05 10.3075 2 
0.0600349 1.0073e-08 -1 0.500922 0.0306009 0.000652456 53.2834 125455 1 388.647 74.6017 5.20962 2 1 191.857 8.16891 23.4863 4 2 0.00425748 3.99872e-05 10.3185 2 
0.0606874 1.50344e-08 -1 0.500942 0.0309213 0.000652456 53.8176 125428 3 57714.3 74.974 9.16483 2 1 236.976 7.95926 29.7736 4 2 0.00423491 4.02264e-05 10.2605 2 
0.0613398 -1.94437e-08 -1 0.500963 0.0312422 0.000652456 54.3789 125338 3 56674.5 75.9304 9.07105 2 1 169.075 18.3793 9.19921 4 2 0.00424368 4.02926e-05 10.2626 2 
0.0619923 -5.11478e-08 -1 0.500983 0.0315614 0.000652456 54.8674 125417 1 174.789 19.9498 8.76144 2 1 212.78 12.4104 17.1454 4 2 0.00421945 4.01865e-05 10.2468 2 
0.0626448 -5.9815e-08 -1 0.501004 0.0318775 0.000652456 55.4073 125377 3 57323.6 81.363 8.8982 2 1 111.961 11.5741 9.67337 4 2 0.00421778 4.02843e-05 10.2323 2 
0.0632972 -4.24442e-08 -1 0.501024 0.0322734 0.000652456 55.962 125306 3 59349.5 160.113 7.18341 2 1 199.173 10.8079 18.4284 4 2 0.0042182 4.02108e-05 10.2422 2 
0.0639498 -2.84511e-07 -1 0.501045 0.0324649 0.000652601 56.4462 125392 1 258.462 127.656 2.02467 2 1 413.953 51.7412 8.00045 4 2 0.00470951 4.06955e-05 10.7576 2 
0.0646024 -1.265e-07 -1 0.501067 0.0328821 0.000652601 56.9494 125435 1 222.343 139.472 1.59417 2 1 882.462 133.411 6.61463 4 2 0.00397752 3.95464e-05 10.0289 2 
0.065255 -3.12957e-07 -1 0.501088 0.0330999 0.000652601 57.4656 125448 1 219.787 121.33 1.81148 2 1 911.965 159.579 5.71482 4 2 0.00475497 4.10747e-05 10.7594 2 
0.0659076 -1.5207e-07 -1 0.50111 0.0334701 0.000652601 58.0293 125359 3 56376.5 68.8704 9.35453 2 1 919.871 157.815 5.82878 4 2 0.00400747 3.98096e-05 10.0332 2 
0.0665602 -1.982e-07 -1 0.501132 0.0337854 0.000652601 58.5802 125299 3 56789 44.7644 10.8254 2 1 589.336 132.085 4.46178 4 2 0.00424619 4.05679e-05 10.2308 2 
0.0672128 -1.84437e-07 -1 0.501154 0.0341057 0.000652601 59.1014 125303 1 150.536 24.4394 6.15959 2 1 193.911 70.6776 2.7436 4 2 0.00414118 4.0497e-05 10.1123 2 
0.0678654 -1.85037e-07 -1 0.501176 0.0344131 0.000652601 59.6013 125351 1 348.228 45.1031 7.7207 2 1 75.3304 18.5017 4.07154 4 2 0.00413103 4.04657e-05 10.1038 2 
0.068518 -1.81708e-07 -1 0.501198 0.0347301 0.000652601 60.085 125433 1 140.941 22.8267 6.17442 2 1 159.838 7.00471 22.8186 4 2 0.00427193 4.02636e-05 10.3004 2 
0.0691706 -1.91457e-07 -1 0.501221 0.0350439 0.000652601 60.5704 125510 1 296.828 52.4886 5.65509 2 1 73.3683 5.45741 13.4438 4 2 0.00414859 4.03235e-05 10.1431 2 
0.0698232 -1.89216e-07 -1 0.501244 0.0353625 0.000652601 61.0553 125586 1 338.859 60.9511 5.55952 2 1 100.749 5.51023 18.284 4 2 0.00406781 4.03414e-05 10.0416 2 
0.0704758 -1.96703e-07 -1 0.501267 0.0356754 0.000652601 61.5626 125616 1 179.22 26.0514 6.87947 2 1 164.911 5.66321 29.1197 4 2 0.00406326 4.03847e-05 10.0306 2 
0.0711284 -1.92529e-07 -1 0.50129 0.0359686 0.000652601 62.1425 125498 3 53026.3 48.2821 10.3174 2 1 100.034 4.77026 20.9704 4 2 0.00401735 4.03107e-05 9.98298 2 
0.071781 -1.31253e-07 -1 0.501314 0.0363862 0.000652601 62.9082 125013 3 51217.7 207.709 6.27078 2 1 177.788 8.1118 21.9172 4 2 0.00397625 4.01677e-05 9.94943 2 
0.0724336 -3.64844e-07 -1 0.501337 0.036576 0.000652601 63.5288 124823 1 305.91 100.816 3.03434 2 1 707.063 51.6806 13.6814 4 2 0.00495601 4.10425e-05 10.9888 2 
0.0730862 -1.96189e-07 -1 0.501361 0.0369398 0.000652601 64.1311 124673 3 58362 92.5907 8.57408 2 1 1046.71 130.969 7.99202 4 2 0.00388235 3.9984e-05 9.85381 2 
0.0737388 -2.11429e-07 -1 0.501385 0.0372405 0.000652601 64.7291 124533 3 58148.2 126.154 7.72464 2 1 602.193 137.325 4.38516 4 2 0.00478368 4.07137e-05 10.8395 2 
0.0743914 -2.38514e-07 -1 0.50141 0.0375748 0.000652601 65.2469 124549 1 167.865 20.6163 8.14236 2 1 260.764 63.2583 4.12221 4 2 0.00418404 4.03347e-05 10.1849 2 
0.075044 -2.59157e-07 -1 0.501434 0.0378796 0.000652601 65.7449 124603 1 291.726 43.909 6.64388 2 1 244.439 18.4229 13.2682 4 2 0.00439639 4.07015e-05 10.3931 2 
0.0756966 -2.43451e-07 -1 0.501459 0.0381856 0.000652601 66.2919 124563 3 59621.2 134.361 7.62739 2 1 121.06 12.6661 9.55781 4 2 0.00505161 4.03358e-05 11.191 2 
0.0763492 -1.81241e-07 -1 0.501484 0.0384946 0.000652601 66.8256 124549 1 236.476 36.5408 6.47156 2 1 202.093 13.6774 14.7756 4 2 0.00481487 4.02968e-05 10.9309 2 
0.0770018 -1.38657e-07 -1 0.501509 0.038813 0.000652601 67.3727 124511 3 56104.7 95.1 8.38699 2 1 237.978 8.45904 28.133 4 2 0.00423065 4.0426e-05 10.2299 2 
0.0776544 -1.43115e-07 -1 0.501534 0.0391342 0.000652601 67.9596 124400 3 60336.6 157.274 7.26621 2 1 124.923 7.38561 16.9144 4 2 0.00419373 4.0732e-05 10.1469 2 
0.078307 -1.18024e-07 -1 0.50156 0.0395199 0.000652601 68.5025 124370 3 57866.4 153.528 7.22347 2 1 257.146 10.0032 25.7065 4 2 0.00419936 4.07969e-05 10.1456 2 
0.0789596 -3.87621e-07 -1 0.501586 0.0397375 0.000652601 69.0471 124338 3 54989.5 52.4515 10.1588 2 1 530.497 55.1224 9.62399 4 2 0.00525691 4.14619e-05 11.2601 2 
0.0796122 -3.40637e-07 -1 0.501612 0.0400982 0.000652601 69.544 124393 1 210.472 92.0059 2.28759 2 1 554.733 118.438 4.68375 4 2 0.00393799 4.15427e-05 9.73621 2 
0.0802648 -4.19886e-07 -1 0.501638 0.0403616 0.000652601 70.043 124442 1 258.632 52.6836 4.90916 2 1 550.927 92.9741 5.9256 4 2 0.00480472 4.24768e-05 10.6355 2 
0.0809174 -3.29824e-07 -1 0.501664 0.0407158 0.000652601 70.6055 124379 1 381.199 65.5365 5.8166 2 1 538.551 72.9026 7.38726 4 2 0.00399457 4.54557e-05 9.37434 2 
0.08157 -4.02971e-07 -1 0.501691 0.0409968 0.000652601 71.2857 124111 3 56563.1 106.813 8.0904 2 1 445.619 74.9953 5.94196 4 2 0.00503845 4.64865e-05 10.4108 2 
0.0822226 -3.88256e-07 -1 0.501717 0.0413166 0.000652601 71.8706 124013 1 339.844 42.7697 7.9459 2 1 330.693 58.8115 5.62294 4 2 0.00436813 4.72437e-05 9.61558 2 
0.0828752 -4.079e-07 -1 0.501744 0.0417011 0.000652601 72.5103 123823 3 58215.7 197.147 6.65912 2 1 168.594 31.0029 5.438 4 2 0.00483696 4.7325e-05 10.1098 2 
0.0835278 -6.74873e-07 -1 0.501772 0.0419272 0.000652601 73.2012 123549 3 53791.9 37.3799 11.29 2 1 364.537 26.7964 13.6039 4 2 0.00540269 4.6897e-05 10.7333 2 
0.0841804 -6.63784e-07 -1 0.501799 0.0422679 0.000652601 73.8347 123377 1 362.588 69.2445 5.23634 2 1 725.151 76.283 9.50606 4 2 0.00421259 4.68043e-05 9.48706 2 
0.084833 -7.35019e-07 -1 0.501827 0.0425419 0.000652601 74.3926 123333 1 257.974 45.6913 5.64603 2 1 466.299 75.8366 6.14873 4 2 0.00517573 4.59633e-05 10.6116 2 
0.0854856 -6.57215e-07 -1 0.501854 0.0429458 0.000652601 75.0118 123188 3 54937.6 128.171 7.5398 2 1 417.882 61.9998 6.74006 4 2 0.00435471 4.54409e-05 9.7894 2 
0.0861382 -9.0208e-07 -1 0.501882 0.043178 0.000652601 75.6493 123016 4 57680 64.2978 5.47277 2 1 517.959 98.4628 5.26046 4 2 0.00603795 4.43829e-05 11.6637 2 
0.0867908 -9.05315e-07 -1 0.501911 0.0434874 0.000652601 76.2471 122911 3 54963.3 76.8215 8.94397 2 1 527.654 121.388 4.34684 4 2 0.00416713 4.40815e-05 9.72278 2 
0.0874434 -9.2277e-07 -1 0.501939 0.0437765 0.000652601 76.8826 122748 4 51587.8 57.8207 5.46532 2 1 221.471 63.1647 3.50625 4 2 0.00514 4.32747e-05 10.8984 2 
0.088096 -8.38067e-07 -1 0.501968 0.0441078 0.000652601 77.4482 122698 3 57803.9 73.6588 9.22382 2 1 217.491 29.3189 7.41812 4 2 0.00482764 4.26191e-05 10.643 2 
0.0887486 -8.52883e-07 -1 0.501996 0.0444127 0.000652601 78.0237 122633 3 57515 77.8734 9.03921 2 1 214.802 34.0037 6.31702 4 2 0.00538052 4.27528e-05 11.2184 2 
0.0894012 -8.81193e-07 -1 0.502025 0.0447236 0.000652601 78.6132 122547 3 57569.3 72.15 9.27509 2 1 232.659 22.9934 10.1185 4 2 0.0050967 4.28347e-05 10.908 2 
0.0900538 -9.15992e-07 -1 0.502055 0.0450347 0.000652601 79.1944 122475 4 56822.3 59.519 5.5586 2 1 151.494 16.9586 8.93321 4 2 0.00521563 4.33979e-05 10.9627 2 
0.0907064 -9.07175e-07 -1 0.502084 0.045338 0.000652601 79.7616 122426 3 56895.4 78.1999 8.99409 2 1 352.788 18.1686 19.4175 4 2 0.00517926 4.268e-05 11.0159 2 
0.091359 -9.53052e-07 -1 0.502114 0.0456501 0.000652601 80.257 122486 1 153.506 31.7898 4.82878 2 1 192.588 21.8515 8.81351 4 2 0.00517732 4.29234e-05 10.9826 2 
0.0920116 -9.83991e-07 -1 0.502143 0.0459608 0.000652601 80.7566 122540 1 342.988 35.0467 9.78661 2 1 170.106 11.4539 14.8514 4 2 0.00512108 4.34084e-05 10.8616 2 
0.0926642 -9.89992e-07 -1 0.502173 0.0462636 0.000652601 81.248 122606 1 176.211 33.1725 5.31195 2 1 177.65 10.2395 17.3495 4 2 0.00510435 4.34138e-05 10.8432 2 
0.0933168 -9.75057e-07 -1 0.502204 0.0465606 0.000652601 81.8023 122576 3 57386 153.061 7.21075 2 1 97.5246 3.95668 24.6481 4 2 0.00503873 4.33635e-05 10.7795 2 
0.0939694 -9.97992e-07 -1 0.502234 0.0468792 0.000652601 82.3745 122520 4 51559.1 48.9261 5.69759 2 1 253.407 17.1042 14.8154 4 2 0.00502158 4.33548e-05 10.7622 2 
0.094622 -9.87646e-07 -1 0.502265 0.047192 0.000652601 82.9472 122464 3 56542.9 66.5421 9.47168 2 1 290.696 14.1043 20.6104 4 2 0.00492817 4.36029e-05 10.6313 2 
0.0952746 -1.0189e-06 -1 0.502295 0.0474726 0.000652601 83.4916 122451 3 58221.6 99.7153 8.3581 2 1 191.772 23.8516 8.04025 4 2 0.00484455 4.37256e-05 10.5259 2 
0.0959272 -9.43761e-07 -1 0.502326 0.0478003 0.000652601 84.1091 122331 3 56241.5 84.2252 8.74054 2 1 197.347 22.3728 8.82085 4 2 0.00472059 4.3743e-05 10.3883 2 
0.0965798 -9.30564e-07 -1 0.502358 0.0481028 0.000652601 84.6858 122272 3 60396.3 82.813 9.00127 2 1 174.995 18.0476 9.69634 4 2 0.00482115 4.35947e-05 10.5162 2 
0.0972324 -9.46043e-07 -1 0.502389 0.0484143 0.000652601 85.2717 122200 3 55865.5 47.0776 10.5871 2 1 165.435 13.8029 11.9855 4 2 0.00466861 4.39544e-05 10.3061 2 
0.097885 -9.19728e-07 -1 0.502421 0.0487202 0.000652601 85.8397 122155 3 59221.7 46.1915 10.8636 2 1 136.321 13.0008 10.4855 4 2 0.00497456 4.38842e-05 10.6469 2 
0.0985376 -8.93454e-07 -1 0.502452 0.0490153 0.000652601 86.4573 122041 3 58049.3 41.3552 11.1967 2 1 129.677 10.7309 12.0844 4 2 0.00497421 4.39308e-05 10.6409 2 
0.0991902 -8.95442e-07 -1 0.502484 0.0493756 0.000652601 87.0288 121992 3 51917.3 173.497 6.68867 2 1 130.316 13.1614 9.90134 4 2 0.00494327 4.3994e-05 10.6001 2 
0.0998428 -8.60065e-07 -1 0.502517 0.0496358 0.000652601 87.6075 121934 3 56024.2 101.867 8.19307 2 1 421.415 39.8049 10.587 4 2 0.00517406 4.43599e-05 10.7999 2 
0.100495 -8.83931e-07 -1 0.502549 0.049935 0.000652601 88.1738 121895 3 60978.1 166.905 7.14882 2 1 423.835 33.6171 12.6077 4 2 0.00497 4.45602e-05 10.561 2 
0.101148 -8.88831e-07 -1 0.502581 0.050241 0.000652601 88.6974 121914 1 303.004 49.611 6.1076 2 1 543.267 15.8212 34.3379 4 2 0.00488398 4.33959e-05 10.6087 2 
0.101801 -8.9336e-07 -1 0.502614 0.0505471 0.000652601 89.2694 121867 1 293.633 39.1027 7.50929 2 1 317.562 10.4837 30.2909 4 2 0.00487398 4.42251e-05 10.498 2 
0.102453 -8.95287e-07 -1 0.502647 0.0508475 0.000652601 89.8375 121826 3 59412.6 86.1171 8.83615 2 1 41.1689 3.78286 10.883 4 2 0.00502086 4.44129e-05 10.6325 2 
0.103106 -9.40645e-07 -1 0.50268 0.0511545 0.000652601 90.3358 121879 1 290.568 47.3095 6.14186 2 1 193.327 23.6294 8.18162 4 2 0.00512476 4.42076e-05 10.7668 2 
0.103758 -9.74397e-07 -1 0.502714 0.0514605 0.000652601 90.8364 121929 1 264.898 44.9624 5.89155 2 1 474.348 13.8403 34.2728 4 2 0.00519924 4.43411e-05 10.8285 2 
0.104411 -9.88725e-07 -1 0.502747 0.0517712 0.000652601 91.4 121894 3 57763.9 162.165 7.0887 2 1 99.6515 8.07557 12.3399 4 2 0.00535214 4.44103e-05 10.978 2 
0.105064 -9.74419e-07 -1 0.502781 0.0520974 0.000652601 91.9413 121889 3 53234.6 156.175 6.98544 2 1 271.425 10.7262 25.3049 4 2 0.0055052 4.80082e-05 10.7085 2 
0.105716 -9.68529e-07 -1 0.502815 0.0523707 0.000652601 92.5089 121850 3 56287.1 126.46 7.63518 2 1 315.181 51.6282 6.10482 4 2 0.00546002 4.2706e-05 11.3071 2 
0.106369 -9.31523e-07 -1 0.502849 0.0526674 0.000652601 93.0029 121907 1 307.263 37.48 8.19805 2 1 319.274 40.9423 7.79814 4 2 0.00541944 4.37936e-05 11.1243 2 
0.107021 -9.2082e-07 -1 0.502884 0.052971 0.000652601 93.5428 121904 1 198.821 33.4249 5.94829 2 1 227.518 8.10045 28.0871 4 2 0.00550356 4.43518e-05 11.1395 2 
0.107674 -9.24233e-07 -1 0.502918 0.05328 0.000652601 94.1043 121873 3 58655.5 51.9618 10.4122 2 1 79.537 4.93254 16.125 4 2 0.00547944 4.49108e-05 11.0457 2 
0.108327 -9.5254e-07 -1 0.502953 0.0536039 0.000652601 94.6754 121830 3 57241.4 154.729 7.1787 2 1 152.56 12.5508 12.1554 4 2 0.00560475 4.57078e-05 11.0735 2 
0.108979 -9.95693e-07 -1 0.502988 0.0538976 0.000652601 95.2161 121827 2 54516.2 168.192 18.0036 2 1 244.603 16.4963 14.8278 4 2 0.00546992 4.50053e-05 11.0245 2 
0.109632 -1.11521e-06 -1 0.503023 0.0541522 0.000652601 95.716 121875 1 285.681 61.0076 4.6827 2 1 591.961 44.9891 13.1579 4 2 0.00626078 4.4351e-05 11.8813 2 
0.110284 -1.0489e-06 -1 0.503059 0.0544791 0.000652601 96.2735 121850 3 51212.8 27.6975 12.2738 2 1 265.016 56.7313 4.67142 4 2 0.00521644 4.43034e-05 10.851 2 
0.110937 -1.03734e-06 -1 0.503094 0.0548044 0.000652601 96.8248 121833 3 59509 151.445 7.32447 2 1 290.618 40.9124 7.10344 4 2 0.00554058 4.43926e-05 11.1718 2 
0.11159 -9.80652e-07 -1 0.50313 0.0551391 0.000652601 97.3595 121837 3 58862.1 110.224 8.1131 2 1 276.539 27.4203 10.0852 4 2 0.00558872 4.42682e-05 11.236 2 
0.112242 -1.00634e-06 -1 0.503166 0.0553791 0.000652601 97.9248 121803 3 60797 130.768 7.74687 2 1 320.597 35.6813 8.98501 4 2 0.00544985 4.49751e-05 11.0079 2 
0.112895 -1.06053e-06 -1 0.503202 0.0556673 0.000652601 98.4855 121775 3 52527.3 50.6073 10.1249 2 1 326.014 27.3788 11.9075 4 2 0.0057301 4.35686e-05 11.4682 2 
0.113547 -1.02033e-06 -1 0.503238 0.0559965 0.000652601 98.984 121824 1 267.283 37.4346 7.13999 2 1 233.795 15.7056 14.8861 4 2 0.00559457 4.4254e-05 11.2436 2 
0.1142 -1.02993e-06 -1 0.503275 0.056284 0.000652601 99.474 121883 1 363.41 41.6336 8.72875 2 1 229.565 19.4921 11.7774 4 2 0.00633268 4.40792e-05 11.9861 2 
0.114853 -1.00476e-06 -1 0.503312 0.0565884 0.000652601 100.09 121787 3 57950.8 112.943 8.00573 2 1 207.617 16.1117 12.8861 4 2 0.00592186 4.41129e-05 11.5863 2 
0.115505 -9.91471e-07 -1 0.503349 0.0568845 0.000652601 100.755 121634 3 59352.5 115.762 8.00369 2 1 207.501 14.8825 13.9426 4 2 0.00620627 4.39942e-05 11.8773 2 
0.116158 -1.00581e-06 -1 0.503386 0.0571875 0.000652601 101.331 121590 1 226.382 38.9313 5.81491 2 1 229.941 13.6574 16.8364 4 2 0.00613699 4.38239e-05 11.8337 2 
0.11681 -1.03329e-06 -1 0.503423 0.0574911 0.000652601 101.911 121541 1 293.84 59.6277 4.92791 2 1 220.401 7.76697 28.3767 4 2 0.00610662 4.37314e-05 11.8169 2 
0.117463 -1.04325e-06 -1 0.50346 0.0577932 0.000652601 102.515 121463 1 411.891 70.029 5.88172 2 1 192.04 5.35499 35.8619 4 2 0.0060489 4.37274e-05 11.7615 2 
0.118116 -1.04418e-06 -1 0.503498 0.0580909 0.000652601 103.176 121320 1 319.457 57.6088 5.54528 2 1 210.804 5.44234 38.7341 4 2 0.00601346 4.35606e-05 11.7494 2 
0.118768 -1.04044e-06 -1 0.503536 0.0584278 0.000652601 103.741 121291 3 52417.2 146.256 7.10319 2 1 132.777 4.78726 27.7354 4 2 0.0059209 4.68863e-05 11.2375 2 
0.119421 -1.03534e-06 -1 0.503574 0.0586645 0.000652601 104.314 121253 3 54539.8 148.154 7.16694 2 1 240.479 25.8833 9.29087 4 2 0.00588587 5.3525e-05 10.4864 2 
0.120073 -1.05077e-06 -1 0.503612 0.0589931 0.000652601 104.847 121263 2 50864.1 206.737 15.6854 2 1 275.447 19.9675 13.7948 4 2 0.00583439 6.41059e-05 9.54001 2 
0.120726 -1.10838e-06 -1 0.503651 0.0592743 0.000652601 105.385 121265 1 341.943 56.6373 6.03741 2 1 483.993 23.0663 20.9827 4 2 0.00644553 8.46872e-05 8.7241 2 
0.121379 -1.12707e-06 -1 0.50369 0.0595821 0.000652601 105.995 121185 3 61375.6 148.289 7.45238 2 1 501.035 21.4023 23.4104 4 3 0.00579071 1.70646e-05 6.97501 2 
0.122031 -1.13119e-06 -1 0.503728 0.0598727 0.000652601 106.614 121097 3 56830.3 162.731 7.04211 2 1 231.78 9.3683 24.7409 4 3 0.00578915 2.6065e-05 6.056 2 
0.122684 -1.12783e-06 -1 0.503768 0.0601695 0.000652601 107.166 121084 1 228.509 37.7275 6.05683 2 1 580.002 11.6868 49.6286 4 3 0.00577714 3.57505e-05 5.44683 2 
0.123336 -1.12764e-06 -1 0.503807 0.0604835 0.000652601 107.801 120979 3 61318.7 107.433 8.29503 2 1 304.706 8.08634 37.6815 4 3 0.00597165 3.96338e-05 5.3212 2 
0.123989 -1.15121e-06 -1 0.503846 0.0607777 0.000652601 108.343 120978 1 318.214 42.1247 7.5541 2 1 176.438 18.8969 9.33687 4 3 0.006049 4.24762e-05 5.22211 2 
0.124642 -1.16248e-06 -1 0.503886 0.0610755 0.000652601 109.034 120813 3 57672.9 158.465 7.13969 2 1 181.171 12.1753 14.8802 4 3 0.00610188 4.07151e-05 5.31173 2 
0.125294 -1.16863e-06 -1 0.503926 0.0613661 0.000652601 109.607 120780 1 387.929 71.5376 5.42273 2 1 249.264 10.2159 24.3998 4 3 0.00606682 4.06e-05 5.30654 2 
0.125947 -1.16422e-06 -1 0.503966 0.0616659 0.000652601 110.229 120692 3 59138.2 126.176 7.76779 2 1 301.065 9.86381 30.5222 4 3 0.00604207 3.98067e-05 5.33429 2 
0.126599 -1.22091e-06 -1 0.504006 0.0619651 0.000652601 110.857 120600 3 58717.4 46.7524 10.7892 2 1 200.681 13.0199 15.4134 4 3 0.00605323 3.92674e-05 5.3619 2 
0.127252 -1.24896e-06 -1 0.504046 0.0623103 0.000652601 111.492 120501 3 52776 112.104 7.77926 2 1 224.022 14.2149 15.7597 4 3 0.00606645 3.81916e-05 5.41571 2 
0.127905 -1.23226e-06 -1 0.504087 0.0625401 0.000652601 112.11 120421 3 52836.1 56.9257 9.75455 2 1 261.769 27.7291 9.44025 4 3 0.00613981 4.02133e-05 5.34476 2 
0.128557 -1.20924e-06 -1 0.504128 0.0628649 0.000652601 112.717 120354 3 59516.1 121.934 7.87353 2 1 293.013 25.6935 11.4042 4 3 0.00597964 3.38511e-05 5.61092 2 
0.12921 -1.15072e-06 -1 0.504169 0.0631496 0.000652601 113.319 120293 3 59079.5 77.3029 9.14283 2 1 273.069 28.6385 9.53504 4 3 0.00658382 3.49957e-05 5.72999 2 
0.129862 -1.20121e-06 -1 0.50421 0.0634335 0.000652601 113.858 120300 1 468.932 85.5289 5.48273 2 1 287.248 30.0277 9.56613 4 3 0.00621707 3.31493e-05 5.72406 2 
0.130515 -1.25432e-06 -1 0.504251 0.0637245 0.000652601 114.493 120204 3 54361.7 113.253 7.82975 2 1 260.928 11.9392 21.8547 4 3 0.00618441 3.14634e-05 5.8143 2 
0.131168 -1.23898e-06 -1 0.504293 0.0640323 0.000652601 115.081 120160 3 58423.3 85.1923 8.81851 2 1 200.327 11.1117 18.0285 4 3 0.00618564 3.0408e-05 5.88119 2 
0.13182 -1.22543e-06 -1 0.504335 0.064311 0.000652601 115.699 120085 3 53776.9 52.3929 10.0873 2 1 195.734 7.43946 26.3102 4 3 0.00601212 2.92887e-05 5.89896 2 
0.132473 -1.19569e-06 -1 0.504377 0.0646296 0.000652601 116.336 119991 3 57318.1 133.241 7.54892 2 1 156.16 8.40748 18.574 4 3 0.0060891 2.81899e-05 6.00003 2 
0.133125 -1.17552e-06 -1 0.504419 0.0648953 0.000652601 116.944 119927 3 53702.7 117.534 7.70214 2 1 210.22 13.1199 16.023 4 3 0.0064795 2.70238e-05 6.21248 2 
0.133778 -1.18184e-06 -1 0.504461 0.0651972 0.000652601 117.562 119854 1 402.009 77.015 5.21988 2 1 255.933 12.5226 20.4376 4 3 0.00650095 2.55913e-05 6.33327 2 
0.134431 -1.1898e-06 -1 0.504504 0.065511 0.000652601 118.227 119734 2 50849.1 170.061 17.2918 2 1 221.707 11.5309 19.2272 4 3 0.00667765 2.51505e-05 6.42726 2 
0.135083 -1.22947e-06 -1 0.504547 0.0657942 0.000652601 118.96 119547 3 57435.2 112.646 7.9889 2 1 361.535 23.0443 15.6887 4 3 0.00687595 2.43423e-05 6.5613 2 
0.135736 -1.23693e-06 -1 0.50459 0.0661328 0.000652601 119.621 119434 3 62079.5 149.807 7.45542 2 1 435.418 24.3206 17.9033 4 3 0.00676325 2.4233e-05 6.53506 2 
0.136388 -1.22176e-06 -1 0.504633 0.0663829 0.000652601 120.252 119353 3 57370.9 120.141 7.81629 2 1 247.267 33.0529 7.48094 4 3 0.00685964 2.47852e-05 6.51683 2 
0.137041 -1.30029e-06 -1 0.504676 0.0666745 0.000652601 120.873 119282 3 58070.7 91.1081 8.60597 2 1 284.248 32.0835 8.85962 4 3 0.0067745 2.37955e-05 6.57851 2 
0.137694 -1.32423e-06 -1 0.504719 0.0669686 0.000652601 121.539 119168 3 55524.6 65.6918 9.45492 2 1 183.176 13.7652 13.3072 4 3 0.00665944 2.40708e-05 6.51602 2 
0.138346 -1.32451e-06 -1 0.504763 0.0672589 0.000652601 122.101 119156 1 296.381 41.5035 7.14109 2 1 306.54 10.5042 29.1825 4 3 0.00662744 2.34528e-05 6.56221 2 
0.138999 -1.31313e-06 -1 0.504807 0.0675455 0.000652601 122.697 119111 3 59045.4 134.946 7.59175 2 1 190.99 8.39126 22.7605 4 3 0.00668428 2.23647e-05 6.68596 2 
0.139651 -1.26399e-06 -1 0.504851 0.0678234 0.000652601 123.298 119062 3 51840 47.8977 10.2672 2 1 218.327 12.052 18.1154 4 3 0.00659033 2.11353e-05 6.78109 2 
0.140304 -1.2147e-06 -1 0.504895 0.0681411 0.000652601 123.856 119054 1 351.258 69.5635 5.04946 2 1 259.693 16.2678 15.9636 4 3 0.00634714 2.01795e-05 6.80073 2 
0.140957 -1.1961e-06 -1 0.50494 0.0684324 0.000652601 124.453 119010 3 61553.5 171.92 7.10083 2 1 120.045 15.3439 7.82362 4 3 0.00663845 1.93512e-05 7.00035 2 
0.141609 -1.1808e-06 -1 0.504985 0.0687141 0.000652601 125.057 118959 3 56545.5 38.2121 11.3955 2 1 265.999 11.3531 23.4297 4 3 0.00640573 1.84587e-05 7.02731 2 
0.142262 -1.18144e-06 -1 0.505029 0.0690096 0.000652601 125.678 118892 3 58837.2 79.084 9.06124 2 1 311.561 10.8159 28.8058 4 3 0.00637968 1.81272e-05 7.0603 2 
0.142914 -1.22209e-06 -1 0.505074 0.0693025 0.000652601 126.283 118842 3 58071 111.006 8.05757 2 1 162.549 19.5517 8.3138 4 3 0.00642904 1.77887e-05 7.12307 2 
0.143567 -1.1308e-06 -1 0.50512 0.0696242 0.000652601 126.909 118773 3 52744.2 116.878 7.67032 2 1 319.071 30.0061 10.6335 4 3 0.0064654 1.73918e-05 7.19036 2 
0.14422 -1.17795e-06 -1 0.505165 0.0699216 0.000652601 127.507 118729 3 52550.9 115.181 7.69839 2 1 274.154 30.7967 8.90205 4 3 0.00653899 1.7302e-05 7.22999 2 
0.144872 -1.20629e-06 -1 0.505211 0.0701928 0.000652601 128.055 118733 1 301.967 38.0422 7.93768 2 1 379.172 26.4671 14.3261 4 3 0.00628382 1.76229e-05 7.09113 2 
0.145525 -1.19805e-06 -1 0.505257 0.0704682 0.000652601 128.616 118724 1 315.519 36.2107 8.71344 2 1 255.828 17.6131 14.5248 4 3 0.00637467 1.69847e-05 7.21329 2 
0.146177 -1.19575e-06 -1 0.505303 0.0707628 0.000652601 129.243 118656 3 59418.4 100.318 8.39809 2 1 87.5083 10.3381 8.46468 4 3 0.0069469 1.70931e-05 7.40724 2 
0.14683 -1.26386e-06 -1 0.505349 0.0710315 0.000652601 129.865 118592 3 60252.8 155.789 7.28586 2 1 226.384 29.406 7.69858 4 3 0.00695472 1.74563e-05 7.35828 2 
0.147483 -1.36295e-06 -1 0.505395 0.0713348 0.000652601 130.587 118439 3 50873 40.4582 10.7935 2 1 359.076 32.5369 11.036 4 3 0.00695017 1.71029e-05 7.40699 2 
0.148135 -1.3768e-06 -1 0.505442 0.071624 0.000652601 131.277 118315 3 58996.6 75.4273 9.21367 2 1 377.628 35.8307 10.5392 4 3 0.0067627 1.75569e-05 7.27597 2 
0.148788 -1.27395e-06 -1 0.505488 0.0719183 0.000652601 131.971 118190 3 62073.8 80.6283 9.16516 2 1 177.129 26.5249 6.67782 4 3 0.00679719 1.71009e-05 7.35253 2 
0.14944 -1.32363e-06 -1 0.505535 0.0722042 0.000652601 132.606 118118 1 386.535 53.3144 7.25012 2 1 231.01 28.2526 8.17659 4 3 0.00677779 1.66742e-05 7.40766 2 
0.150093 -1.38101e-06 -1 0.505582 0.0724622 0.000652601 133.247 118041 3 58435.2 94.5648 8.51755 2 1 241.156 12.6824 19.015 4 3 0.00695146 1.61827e-05 7.54528 2 
0.150746 -1.34972e-06 -1 0.50563 0.0727825 0.000652601 133.862 117989 1 419.217 60.9818 6.87447 2 1 225.922 17.3234 13.0414 4 3 0.00656396 1.51568e-05 7.56576 2 
0.151398 -1.3316e-06 -1 0.505677 0.0730456 0.000652601 134.462 117949 3 52298.3 132.559 7.33431 2 1 258.195 21.4793 12.0206 4 3 0.0076094 1.42314e-05 8.11648 2 
0.152051 -1.3906e-06 -1 0.505725 0.0733422 0.000652601 134.994 117970 3 58507.5 169.954 7.00853 2 1 196.258 18.1845 10.7926 4 2 0.00710984 9.38046e-05 8.70599 2 
0.152703 -1.49716e-06 -1 0.505773 0.0736451 0.000652601 135.527 117989 3 56796.7 114.623 7.91317 2 1 266.301 14.4653 18.4096 4 2 0.00719263 9.31959e-05 8.78507 2 
0.153356 -1.56159e-06 -1 0.505821 0.0739302 0.000652601 135.99 118070 1 339.664 53.5838 6.33893 2 1 411.08 30.2366 13.5954 4 2 0.00712897 9.56066e-05 8.63514 2 
0.154009 -1.5565e-06 -1 0.505869 0.0742297 0.000652601 136.496 118113 3 53461.9 141.993 7.22093 2 1 155.265 9.79215 15.856 4 2 0.00728575 8.90086e-05 9.04735 2 
0.154661 -1.6386e-06 -1 0.505918 0.0745084 0.000652601 137.045 118117 3 57858.9 163.506 7.07314 2 1 257.931 27.8993 9.24508 4 2 0.00744018 7.93378e-05 9.68393 2 
0.155314 -1.63043e-06 -1 0.505966 0.0747944 0.000652601 137.621 118099 3 57794 90.9555 8.59709 2 1 255.793 29.735 8.60242 4 2 0.00743799 9.52353e-05 8.83749 2 
0.155966 -1.55189e-06 -1 0.506015 0.0750757 0.000652601 138.162 118111 3 57516.5 168.294 6.99157 2 1 299.363 16.3602 18.2983 4 2 0.0073903 9.34901e-05 8.89095 2 
0.156619 -1.62277e-06 -1 0.506064 0.075374 0.000652601 138.641 118175 1 365.028 57.7836 6.31716 2 1 416.174 37.533 11.0882 4 2 0.00734394 9.31548e-05 8.87896 2 
0.157272 -1.71048e-06 -1 0.506113 0.0756713 0.000652601 139.263 118118 3 58125.1 153.969 7.22732 2 1 289.818 24.9066 11.6362 4 3 0.00720664 1.319e-05 8.17515 2 
0.157924 -1.75016e-06 -1 0.506163 0.0759566 0.000652601 139.877 118068 3 57669 143.913 7.37249 2 1 245.35 18.6409 13.1619 4 3 0.00713678 1.26726e-05 8.25807 2 
0.158577 -1.72621e-06 -1 0.506212 0.076243 0.000652601 140.345 118141 1 274.414 44.7944 6.12608 2 1 243.602 14.8331 16.4229 4 2 0.00680115 9.74284e-05 8.35504 2 
0.15923 -1.69387e-06 -1 0.506262 0.0764912 0.000652601 140.894 118147 3 55456.9 159.64 7.02972 2 1 240.048 6.43672 37.2936 4 2 0.00738184 9.99017e-05 8.59599 2 
0.159882 -1.69856e-06 -1 0.506312 0.0768031 0.000652601 141.413 118176 3 62078.3 160.51 7.28583 2 1 310.64 27.6647 11.2288 4 2 0.00729677 9.79951e-05 8.62906 2 
0.160535 -1.68763e-06 -1 0.506362 0.0770751 0.000652601 141.993 118155 3 59250.4 105.011 8.26327 2 1 306.894 22.3251 13.7466 4 3 0.00724564 1.27423e-05 8.28468 2 
0.161187 -1.67806e-06 -1 0.506412 0.0773725 0.000652601 142.493 118201 1 320.465 61.5495 5.20662 2 1 317.529 13.2817 23.9073 4 2 0.00698257 9.86065e-05 8.41502 2 
0.16184 -1.69242e-06 -1 0.506463 0.0776645 0.000652601 143.039 118207 1 386.579 53.3981 7.23955 2 1 187.713 9.41633 19.9349 4 3 0.00739482 1.2751e-05 8.33927 2 
0.162493 -1.71439e-06 -1 0.506514 0.0779523 0.000652601 143.637 118172 3 61875 111.075 8.22809 2 1 104.739 5.30869 19.7297 4 3 0.00746035 1.26196e-05 8.39275 2 
0.163145 -1.71329e-06 -1 0.506564 0.078217 0.000652601 144.175 118185 3 51987.7 83.3384 8.54447 2 1 523.761 19.0123 27.5486 4 2 0.00745672 9.8679e-05 8.69284 2 
0.163798 -1.76815e-06 -1 0.506616 0.078557 0.000652601 144.712 118199 3 56968.7 113.518 7.94677 2 1 190.443 18.9049 10.0737 4 2 0.00741473 9.38822e-05 8.88702 2 
0.16445 -1.77905e-06 -1 0.506667 0.0787979 0.000652601 145.313 118162 3 59164.2 176.933 6.94091 2 1 302.82 25.5003 11.8752 4 3 0.00757744 1.26978e-05 8.41908 2 
0.165103 -1.71022e-06 -1 0.506718 0.0790687 0.000652601 145.773 118238 1 374.509 57.7074 6.48978 2 1 329.541 28.3456 11.6258 4 2 0.00751887 8.63536e-05 9.33117 2 
0.165756 -1.68011e-06 -1 0.50677 0.0793677 0.000652601 146.304 118257 3 57231.7 90.1705 8.59391 2 1 344.575 21.5018 16.0254 4 2 0.00754927 8.55117e-05 9.39593 2 
0.166408 -1.62454e-06 -1 0.506822 0.0796667 0.000652601 146.839 118273 3 58695.7 162.464 7.12224 2 1 193.015 19.0627 10.1252 4 2 0.00725097 8.03782e-05 9.49793 2 
0.167061 -1.64897e-06 -1 0.506874 0.0799279 0.000652601 147.394 118272 3 56255.3 118.668 7.79728 2 1 262.425 25.6858 10.2167 4 2 0.00757754 7.44673e-05 10.0874 2 
0.167713 -1.61588e-06 -1 0.506926 0.0802104 0.000652601 147.963 118260 3 55590.2 111.255 7.93524 2 1 301.21 26.2524 11.4736 4 2 0.0070214 7.04367e-05 9.98418 2 
0.168366 -1.66255e-06 -1 0.506978 0.0805139 0.000652601 148.485 118286 3 57539.7 159.987 7.11149 2 1 221.45 21.1494 10.4707 4 2 0.0075866 6.59138e-05 10.7284 2 
0.169019 -1.68796e-06 -1 0.507031 0.0808039 0.000652601 149.027 118296 3 60443.5 109.671 8.19884 2 1 250.472 14.9478 16.7564 4 2 0.00751575 6.67335e-05 10.6124 2 
0.169671 -1.6807e-06 -1 0.507083 0.0810684 0.000652601 149.533 118333 1 400.242 74.2178 5.3928 2 1 293.478 22.4418 13.0773 4 2 0.00802978 6.37347e-05 11.2244 2 
0.170324 -1.66983e-06 -1 0.507136 0.0813492 0.000652601 150.02 118386 1 406.237 75.7039 5.36613 2 1 285.533 11.5844 24.6482 4 2 0.0077865 6.98818e-05 10.5557 2 
0.170976 -1.66284e-06 -1 0.507189 0.0816477 0.000652601 150.561 118396 3 61174.7 159.694 7.26264 2 1 785.365 19.3536 40.5798 4 2 0.008042 7.51049e-05 10.3478 2 
0.171629 -1.68034e-06 -1 0.507243 0.0819333 0.000652601 151.096 118410 3 59540.6 153.108 7.29915 2 1 247.917 14.4882 17.1117 4 2 0.00807814 7.85127e-05 10.1435 2 
0.172282 -1.66565e-06 -1 0.507296 0.0822102 0.000652601 151.635 118422 3 59494.3 67.1682 9.60367 2 1 285.624 9.3516 30.5428 4 2 0.0079801 7.9892e-05 9.99431 2 
0.172934 -1.70215e-06 -1 0.50735 0.0824701 0.000652601 152.187 118423 3 52153.6 85.2976 8.48755 2 1 271.847 17.9466 15.1475 4 2 0.00785999 7.97283e-05 9.92898 2 
0.173587 -1.74861e-06 -1 0.507403 0.0827656 0.000652601 152.725 118435 3 58724.2 164.158 7.0988 2 1 216.223 27.1962 7.95047 4 2 0.00772128 7.46822e-05 10.168 2 
0.174239 -1.77343e-06 -1 0.507457 0.0830634 0.000652601 153.254 118453 1 405.641 62.4817 6.49215 2 1 276.734 23.8 11.6275 4 2 0.00744054 7.94153e-05 9.67944 2 
0.174892 -1.77726e-06 -1 0.507512 0.0833334 0.000652601 153.758 118491 1 417.577 57.5847 7.25152 2 1 323.019 13.5117 23.9066 4 2 0.00746046 7.6571e-05 9.87076 2 
0.175545 -1.78643e-06 -1 0.507566 0.0836009 0.000652601 154.24 118546 1 412.808 65.0011 6.35079 2 1 137.592 14.1142 9.74849 4 2 0.00771329 7.48206e-05 10.1533 2 
0.176197 -1.79322e-06 -1 0.507621 0.0838892 0.000652601 154.786 118551 3 57100.3 85.1079 8.75433 2 1 151.042 10.5205 14.3569 4 2 0.00778035 7.54282e-05 10.1562 2 
0.17685 -1.79668e-06 -1 0.507675 0.0841761 0.000652601 155.378 118522 3 62099.1 79.566 9.20702 2 1 189.102 10.1058 18.7123 4 2 0.00801467 7.54347e-05 10.3076 2 
0.177502 -1.84521e-06 -1 0.50773 0.0844631 0.000652601 155.906 118540 3 60498.9 163.917 7.17312 2 1 157.242 19.7443 7.96388 4 2 0.00796903 7.57599e-05 10.2561 2 
0.178155 -1.90059e-06 -1 0.507785 0.0847425 0.000652601 156.41 118577 3 61348.4 149.942 7.4238 2 1 318.764 12.1773 26.1769 4 2 0.00787604 7.64521e-05 10.1498 2 
0.178808 -1.91084e-06 -1 0.507841 0.0850047 0.000652601 156.94 118594 3 59053.3 103.919 8.28291 2 1 293.686 17.5619 16.7229 4 2 0.00768561 7.58793e-05 10.0642 2 
0.17946 -1.92123e-06 -1 0.507896 0.0853148 0.000652601 157.444 118631 2 52049.9 174.524 17.2696 2 1 264.129 22.7117 11.6297 4 2 0.00813474 7.35531e-05 10.5165 2 
0.180113 -2.03202e-06 -1 0.507952 0.085556 0.000652601 157.92 118688 1 417.602 65.3066 6.39449 2 1 460.005 48.0773 9.56801 4 2 0.00878926 7.55884e-05 10.7832 2 
0.180765 -1.9845e-06 -1 0.508007 0.0858576 0.000652601 158.491 118674 3 53127.1 74.7667 8.92352 2 1 409.123 54.0037 7.57583 4 2 0.00782989 7.26497e-05 10.3815 2 
0.181418 -1.99049e-06 -1 0.508064 0.0861364 0.000652601 159.03 118684 3 60166.9 148.825 7.39425 2 1 211.971 15.7013 13.5002 4 2 0.00818438 6.79104e-05 10.978 2 
0.182071 -2.03427e-06 -1 0.50812 0.0864202 0.000652601 159.562 118699 3 53191.2 45.5883 10.5276 2 1 234.991 22.3847 10.4978 4 2 0.00784577 6.40114e-05 11.0711 2 
0.182723 -2.01702e-06 -1 0.508176 0.0867003 0.000652601 160.052 118745 1 463.121 85.9493 5.3883 2 1 272.114 22.164 12.2773 4 2 0.00778307 6.17712e-05 11.2249 2 
0.183376 -2.00197e-06 -1 0.508233 0.0869731 0.000652601 160.507 118817 1 421.477 63.4493 6.64275 2 1 620.375 19.2997 32.1442 4 2 0.00805984 6.19424e-05 11.4069 2 
0.184028 -1.98998e-06 -1 0.508289 0.0872608 0.000652601 161.012 118851 3 54213.6 101.988 8.10064 2 1 151.851 7.71528 19.6818 4 2 0.00823995 6.218e-05 11.5116 2 
0.184681 -1.98606e-06 -1 0.508346 0.0875338 0.000652601 161.539 118869 3 56905.7 160.869 7.0723 2 1 283.771 22.8398 12.4244 4 2 0.00837279 6.26176e-05 11.5634 2 
0.185334 -1.9854e-06 -1 0.508403 0.0878001 0.000652601 162.189 118797 3 59180.1 84.8347 8.86885 2 1 260.161 20.1012 12.9425 4 2 0.00862186 6.24087e-05 11.7538 2 
0.185986 -2.01444e-06 -1 0.508461 0.0880839 0.000652601 162.811 118746 3 54419.1 83.1401 8.68255 2 1 292.572 12.3915 23.6108 4 2 0.00844996 6.32209e-05 11.561 2 
0.186639 -2.02806e-06 -1 0.508518 0.0883681 0.000652601 163.432 118695 3 57659.1 28.6152 12.6306 2 1 221.465 11.5557 19.165 4 2 0.00852598 6.28659e-05 11.6457 2 
0.187291 -2.06364e-06 -1 0.508576 0.0886286 0.000652601 164.11 118604 3 62367.1 162.247 7.27099 2 1 130.097 7.64214 17.0236 4 2 0.00858861 6.41001e-05 11.5753 2 
0.187944 -2.0154e-06 -1 0.508634 0.0889287 0.000652601 164.683 118590 3 57667.7 114.214 7.9629 2 1 248.861 11.0265 22.5694 4 2 0.00840895 6.38892e-05 11.4725 2 
0.188597 -2.01356e-06 -1 0.508692 0.0892085 0.000652601 165.245 118583 3 58323.3 98.1205 8.40803 2 1 285.505 13.1372 21.7326 4 2 0.00881955 6.43078e-05 11.7109 2 
0.189249 -2.00305e-06 -1 0.50875 0.0894832 0.000652601 165.797 118584 3 59501.5 78.1368 9.13182 2 1 347.415 22.9187 15.1586 4 2 0.00795992 6.46981e-05 11.092 2 
0.189902 -2.03363e-06 -1 0.508808 0.0897511 0.000652601 166.342 118589 3 55702.9 61.0987 9.69651 2 1 201.646 16.1513 12.4848 4 2 0.00784426 6.47613e-05 11.0057 2 
0.190554 -2.05036e-06 -1 0.508867 0.0900252 0.000652601 166.844 118625 1 359.33 64.4566 5.57475 2 1 223.756 12.8855 17.3649 4 2 0.00796652 6.50263e-05 11.0685 2 
0.191207 -2.05107e-06 -1 0.508926 0.090282 0.000652601 167.381 118636 3 62153.4 102.961 8.45145 2 1 132.016 7.19675 18.3438 4 2 0.0081965 6.52777e-05 11.2055 2 
0.19186 -1.99028e-06 -1 0.508985 0.0905831 0.000652601 167.865 118684 1 428.969 56.1267 7.64286 2 1 188.279 7.01571 26.8368 4 2 0.00814001 6.5471e-05 11.1503 2 
0.192512 -1.94749e-06 -1 0.509044 0.0908425 0.000652601 168.373 118715 3 53198.4 120.004 7.6249 2 1 182.842 11.2681 16.2264 4 2 0.00893363 6.57108e-05 11.6599 2 
0.193165 -1.99736e-06 -1 0.509103 0.0911348 0.000652601 168.885 118744 3 59122.9 158.5 7.1985 2 1 191.105 10.7511 17.7754 4 2 0.00881014 6.58525e-05 11.5666 2 
0.193817 -2.03257e-06 -1 0.509163 0.0913998 0.000652601 169.454 118732 3 58607.8 126.212 7.74375 2 1 249.5 9.35724 26.6638 4 2 0.00869002 6.63017e-05 11.4485 2 
0.19447 -2.04896e-06 -1 0.509222 0.0916936 0.000652601 170.009 118729 3 59321.7 156.441 7.23805 2 1 293.431 18.4012 15.9463 4 2 0.00833369 6.65479e-05 11.1906 2 
0.195123 -2.10959e-06 -1 0.509282 0.0919614 0.000652601 170.558 118731 3 59540.9 130.709 7.69431 2 1 255.095 25.6405 9.94892 4 2 0.00836037 6.62035e-05 11.2376 2 
0.195775 -2.19079e-06 -1 0.509342 0.0922297 0.000652601 171.082 118751 3 53107 41.6435 10.8443 2 1 289.678 13.6611 21.2045 4 2 0.00834427 6.77228e-05 11.1001 2 
0.196428 -2.19791e-06 -1 0.509402 0.0925121 0.000652601 171.561 118801 1 448.913 58.819 7.63211 2 1 245.292 12.3787 19.8157 4 2 0.00855112 6.76943e-05 11.2392 2 
0.19708 -2.17111e-06 -1 0.509463 0.0927774 0.000652601 172.141 118782 3 62145 161.847 7.26832 2 1 174.667 13.6812 12.767 4 2 0.00894319 6.76488e-05 11.4978 2 
0.197733 -2.13894e-06 -1 0.509523 0.0930512 0.000652601 172.669 118798 3 40186.8 111.736 7.11154 2 1 310.012 19.9457 15.5428 4 2 0.00861919 6.77163e-05 11.282 2 
0.198386 -2.12195e-06 -1 0.509584 0.0933404 0.000652601 173.184 118823 3 52011.6 95.5648 8.16458 2 1 303.717 34.6933 8.75432 4 2 0.00893335 6.78804e-05 11.4719 2 
0.199038 -2.12377e-06 -1 0.509645 0.0936093 0.000652601 173.749 118814 3 58530.6 61.3406 9.84491 2 1 280.571 21.031 13.3408 4 2 0.0089546 6.799e-05 11.4763 2 
0.199691 -2.13017e-06 -1 0.509706 0.0938672 0.000652601 174.271 118834 3 58306 117.696 7.91256 2 1 539.329 16.3565 32.9734 4 2 0.0086628 6.81987e-05 11.2704 2 
0.200343 -2.20101e-06 -1 0.509767 0.0941524 0.000652601 174.785 118860 1 391.199 68.5748 5.70471 2 1 232.606 29.5695 7.86642 4 2 0.0087294 6.79477e-05 11.3346 2 
0.200996 -2.24621e-06 -1 0.509829 0.0944185 0.000652601 175.316 118873 3 55993.2 77.0918 8.98895 2 1 236.166 11.5934 20.3708 4 2 0.00856867 6.84228e-05 11.1907 2 
0.201649 -2.26201e-06 -1 0.50989 0.0946942 0.000652601 175.885 118862 3 52093.8 67.6618 9.16532 2 1 141.953 7.61638 18.6378 4 2 0.00854832 6.81284e-05 11.2015 2 
0.202301 -2.25527e-06 -1 0.509952 0.0949856 0.000652601 176.428 118868 3 57649.4 96.4962 8.42225 2 1 140.358 19.2456 7.29299 4 2 0.00837069 6.83488e-05 11.0666 2 
0.202954 -2.29638e-06 -1 0.510014 0.0953021 0.000652601 177.016 118843 3 57146.5 125.766 7.68791 2 1 340.716 16.5204 20.6239 4 2 0.00913359 6.8273e-05 11.5663 2 
0.203606 -2.29414e-06 -1 0.510076 0.0955233 0.000652601 177.568 118843 3 57394.6 101.271 8.27552 2 1 324.565 18.3413 17.6959 4 2 0.0092846 6.83604e-05 11.6541 2 
0.204259 -2.33099e-06 -1 0.510139 0.095791 0.000652601 178.095 118859 3 58340.4 102.797 8.27936 2 1 444.915 23.5448 18.8965 4 2 0.00835112 6.82404e-05 11.0625 2 
0.204912 -2.25249e-06 -1 0.510201 0.0960749 0.000652601 178.659 118850 3 57506 137.335 7.4813 2 1 232.717 31.2085 7.45683 4 2 0.0088056 6.80015e-05 11.3794 2 
0.205564 -2.30872e-06 -1 0.510264 0.0963991 0.000652601 179.213 118848 3 61725.8 119.156 8.03125 2 1 333.692 32.2632 10.3428 4 2 0.00908044 6.76925e-05 11.582 2 
0.206217 -2.33299e-06 -1 0.510327 0.0966169 0.000652601 179.778 118839 3 58326.3 125.365 7.74871 2 1 269.914 29.2695 9.2217 4 2 0.009041 6.82662e-05 11.5081 2 
0.206869 -2.37138e-06 -1 0.51039 0.0968787 0.000652601 180.368 118814 3 58448 120.779 7.85102 2 1 302.838 22.7485 13.3124 4 2 0.00909595 6.69155e-05 11.659 2 
0.207522 -2.37488e-06 -1 0.510453 0.0971499 0.000652601 180.926 118810 3 58272.1 146.545 7.35354 2 1 228.182 13.6721 16.6897 4 2 0.00907797 6.75205e-05 11.5952 2 
0.208175 -2.45446e-06 -1 0.510517 0.097429 0.000652601 181.504 118793 3 62521.4 178.018 7.05541 2 1 317.465 26.1411 12.1443 4 2 0.00901936 6.79184e-05 11.5238 2 
0.208827 -2.43292e-06 -1 0.51058 0.0977104 0.000652601 182.062 118788 3 57991.8 159.539 7.13674 2 1 343.419 23.3786 14.6895 4 2 0.00886383 6.98066e-05 11.2684 2 
0.20948 -2.45153e-06 -1 0.510644 0.0979737 0.000652601 182.616 118787 3 59538.6 89.3696 8.73379 2 1 333.232 22.5126 14.802 4 2 0.00894794 6.47754e-05 11.7532 2 
0.210132 -2.4896e-06 -1 0.510708 0.0982518 0.000652601 183.163 118790 3 59112.1 145.277 7.41014 2 1 296.618 20.4591 14.4981 4 2 0.00901365 6.59252e-05 11.693 2 
0.210785 -2.48167e-06 -1 0.510772 0.0985059 0.000652601 183.705 118796 3 55855.2 89.1381 8.55723 2 1 321.2 22.345 14.3746 4 2 0.0086965 6.53783e-05 11.5333 2 
0.211438 -2.45755e-06 -1 0.510836 0.0987863 0.000652601 184.253 118799 3 52691.6 67.936 9.18785 2 1 301.389 15.4197 19.5457 4 2 0.00872897 6.54819e-05 11.5457 2 
0.21209 -2.46392e-06 -1 0.510901 0.0990572 0.000652601 184.795 118805 3 57040.8 88.3181 8.64394 2 1 207.553 14.5332 14.2812 4 2 0.00928538 6.46073e-05 11.9883 2 
0.212743 -2.45474e-06 -1 0.510965 0.0993253 0.000652601 185.416 118760 3 59538 173.119 7.0062 2 1 197.674 8.13346 24.3038 4 2 0.00935329 6.41983e-05 12.0704 2 
0.213395 -2.47458e-06 -1 0.51103 0.0996044 0.000652601 185.969 118760 3 57562.1 100.077 8.31638 2 1 287.779 13.7719 20.896 4 2 0.00933864 6.3946e-05 12.0847 2 
0.214048 -2.48571e-06 -1 0.511095 0.0998728 0.000652601 186.516 118763 3 55407.6 105.205 8.07565 2 1 319.965 13.077 24.4677 4 2 0.00924537 6.40587e-05 12.0136 2 
0.214701 -2.52764e-06 -1 0.51116 0.100126 0.000652601 187.083 118753 3 60240 138.773 7.57169 2 1 187.871 12.447 15.0937 4 2 0.00951742 6.46897e-05 12.1295 2 
0.215353 -2.52707e-06 -1 0.511226 0.100404 0.000652601 187.627 118758 3 61148.5 122.803 7.92608 2 1 353.847 12.3838 28.5734 4 2 0.00861044 6.49549e-05 11.5135 2 
0.216006 -2.51251e-06 -1 0.511291 0.100661 0.000652601 188.161 118769 3 59079.5 153.177 7.27916 2 1 261.639 11.9863 21.8282 4 2 0.00882368 8.51577e-05 10.1792 2 
0.216658 -2.63557e-06 -1 0.511357 0.10097 0.000652601 188.786 118723 3 56276.2 165.369 6.98164 2 1 334.262 37.8098 8.84062 4 3 0.00934454 1.65219e-05 8.26989 2 
0.217311 -2.69899e-06 -1 0.511423 0.101231 0.000652601 189.359 118710 1 462.3 89.4265 5.16961 2 1 329.553 32.4449 10.1573 4 3 0.00943549 3.2927e-05 6.59282 2 
0.217964 -2.71265e-06 -1 0.511489 0.101476 0.000652601 189.916 118707 1 465.652 84.5256 5.509 2 1 312.789 17.6859 17.6858 4 3 0.00939963 5.22757e-05 5.64422 2 
0.218616 -2.70994e-06 -1 0.511555 0.101736 0.000652601 190.633 118604 3 59294.8 168.158 7.0648 2 1 185.69 17.9697 10.3335 4 3 0.00920846 5.78489e-05 5.41956 2 
0.219269 -2.63709e-06 -1 0.511621 0.102018 0.000652601 191.317 118523 3 52235 52.2541 9.99878 2 1 264.424 20.3481 12.995 4 3 0.00951757 5.56448e-05 5.55095 2 
0.219921 -2.63377e-06 -1 0.511688 0.10229 0.000652601 192.043 118416 3 62744.7 148.527 7.50339 2 1 306.697 19.3799 15.8255 4 3 0.00992029 5.31717e-05 5.7141 2 
0.220574 -2.61117e-06 -1 0.511754 0.102557 0.000652601 192.751 118321 3 61720.9 121.268 7.98415 2 1 225.891 14.7406 15.3244 4 3 0.00934106 5.05984e-05 5.69403 2 
0.221227 -2.64303e-06 -1 0.511821 0.102824 0.000652601 193.378 118277 3 61433.8 149.345 7.43714 2 1 307.321 16.7003 18.4022 4 3 0.00913503 4.83656e-05 5.73752 2 
0.221879 -2.74231e-06 -1 0.511888 0.103089 0.000652601 194.002 118234 3 59885.2 72.477 9.38368 2 1 333.141 34.8099 9.5703 4 3 0.0092112 4.58128e-05 5.85836 2 
0.222532 -2.77163e-06 -1 0.511956 0.103364 0.000652601 194.613 118200 3 52980.2 108.665 7.8706 2 1 350.07 38.329 9.13329 4 3 0.00909841 4.26742e-05 5.97402 2 
0.223184 -2.7894e-06 -1 0.512023 0.103621 0.000652601 195.234 118159 3 59684.8 46.8277 10.8423 2 1 240.747 13.7095 17.5606 4 3 0.00956845 3.95382e-05 6.23172 2 
0.223837 -2.78381e-06 -1 0.512091 0.103897 0.000652601 195.893 118096 3 59417.1 144.045 7.44397 2 1 307.968 16.8133 18.3169 4 3 0.00947656 3.71349e-05 6.34292 2 
0.22449 -2.76698e-06 -1 0.512159 0.104145 0.000652601 196.51 118059 3 54851.2 24.0845 13.1568 2 1 243.242 10.0718 24.1508 4 3 0.00963097 3.46228e-05 6.52783 2 
0.225142 -2.75134e-06 -1 0.512227 0.104401 0.000652601 197.114 118029 3 54747 116.408 7.77665 2 1 272.469 9.5062 28.6622 4 3 0.0097284 3.26944e-05 6.6761 2 
0.225795 -2.79025e-06 -1 0.512295 0.104697 0.000652601 197.725 117996 3 57647 106.494 8.14986 2 1 179 12.405 14.4296 4 3 0.00988923 3.16385e-05 6.78655 2 
0.226447 -2.8346e-06 -1 0.512363 0.104935 0.000652601 198.317 117975 3 53604.2 147.115 7.14246 2 1 209.54 15.7183 13.331 4 3 0.00999946 3.1987e-05 6.78684 2 
0.2271 -2.83141e-06 -1 0.512431 0.105215 0.000652601 198.956 117925 3 56985.3 72.7117 9.21976 2 1 394.871 29.2539 13.4981 4 3 0.00918742 3.13621e-05 6.64145 2 
0.227753 -2.86445e-06 -1 0.5125 0.105499 0.000652601 199.583 117883 3 57208.8 127.798 7.64972 2 1 274.195 17.9654 15.2624 4 3 0.00940467 3.04853e-05 6.75696 2 
0.228405 -2.93077e-06 -1 0.512569 0.105767 0.000652601 200.192 117851 3 61573 116.506 8.085 2 1 254.393 27.8514 9.13395 4 3 0.00900353 2.84604e-05 6.81382 2 
0.229058 -2.97818e-06 -1 0.512638 0.106012 0.000652601 200.856 117788 3 54422.6 43.056 10.8122 2 1 309.475 28.6069 10.8182 4 3 0.00976457 2.55242e-05 7.25939 2 
0.22971 -2.97712e-06 -1 0.512707 0.106279 0.000652601 201.489 117744 3 59413.6 140.811 7.50038 2 1 342.995 16.5122 20.7722 4 3 0.00900734 2.38549e-05 7.2278 2 
0.230363 -2.96121e-06 -1 0.512777 0.106538 0.000652601 202.04 117747 1 394.028 70.8747 5.55951 2 1 230.722 10.2683 22.4693 4 3 0.010075 2.30462e-05 7.58955 2 
0.231016 -2.93759e-06 -1 0.512846 0.106821 0.000652601 202.639 117722 3 49900.1 219.276 6.10525 2 1 271.79 11.4549 23.727 4 3 0.00981645 2.25776e-05 7.57575 2 
0.231668 -2.9563e-06 -1 0.512916 0.107076 0.000652601 203.247 117692 3 61820.7 163.523 7.23077 2 1 383.518 23.808 16.1088 4 3 0.009886 2.18063e-05 7.68209 2 
0.232321 -2.91127e-06 -1 0.512986 0.107362 0.000652601 203.862 117659 3 58092 182.963 6.8221 2 1 566.627 41.1903 13.7563 4 3 0.00940685 2.18313e-05 7.55304 2 
0.232973 -2.89043e-06 -1 0.513056 0.107591 0.000652601 204.482 117623 3 60113.5 59.8628 10.0139 2 1 341.231 19.7246 17.2997 4 3 0.00979867 2.13149e-05 7.71782 2 
0.233626 -2.89051e-06 -1 0.513126 0.107863 0.000652601 205.118 117577 4 59080.1 42.5908 6.10283 2 1 547.422 43.1885 12.6752 4 3 0.00976536 2.19599e-05 7.63284 2 
0.234279 -2.89577e-06 -1 0.513196 0.108123 0.000652601 205.773 117522 4 59850.2 47.642 5.95345 2 1 180.307 10.258 17.5772 4 3 0.0100338 2.17962e-05 7.72137 2 
0.234931 -2.93472e-06 -1 0.513267 0.108382 0.000652601 206.399 117483 3 59258.6 92.0847 8.63352 2 1 133.739 11.4373 11.6933 4 3 0.0102201 2.14867e-05 7.80601 2 
0.235584 -2.892e-06 -1 0.513338 0.108654 0.000652601 206.983 117468 1 511.016 68.4659 7.4638 2 1 597.952 23.7275 25.2008 4 3 0.00990656 2.05519e-05 7.84074 2 
0.236236 -2.87177e-06 -1 0.513409 0.108917 0.000652601 207.573 117450 1 497.726 61.4473 8.10005 2 1 222.081 16.8231 13.2009 4 3 0.00977691 1.92411e-05 7.97978 2 
0.236889 -2.88666e-06 -1 0.51348 0.109169 0.000652601 208.223 117398 3 62056.4 79.5643 9.20498 2 1 930.388 32.8197 28.3485 4 3 0.00983437 1.74337e-05 8.26264 2 
0.237542 -2.92521e-06 -1 0.513551 0.109432 0.000652601 208.882 117341 3 52803.2 99.1128 8.10669 2 1 168.238 18.0127 9.33997 4 3 0.00970656 1.58524e-05 8.49162 2 
0.238194 -2.93292e-06 -1 0.513622 0.109694 0.000652601 209.508 117303 3 51841.9 33.4938 11.5675 2 1 263.15 19.9806 13.1702 4 3 0.00973577 1.48956e-05 8.67836 2 
0.238847 -2.92629e-06 -1 0.513694 0.109956 0.000652601 210.121 117273 3 58091.6 150.471 7.28149 2 1 229.316 13.7146 16.7205 4 3 0.0102683 1.46037e-05 8.89225 2 
0.239499 -2.93176e-06 -1 0.513766 0.110237 0.000652601 210.725 117248 3 58112.7 159.852 7.13703 2 1 248.363 10.5282 23.5903 4 3 0.00987839 1.36178e-05 8.98517 2 
0.240152 -2.96861e-06 -1 0.513838 0.110495 0.000652601 211.355 117208 3 52396.4 86.997 8.44499 2 1 284.754 13.4064 21.2402 4 3 0.00966802 1.49969e-05 8.63864 2 
0.240805 -2.98002e-06 -1 0.51391 0.110741 0.000652601 212.024 117148 3 54966.6 114.737 7.82466 2 1 284.476 24.8368 11.4538 4 3 0.0102685 1.46057e-05 8.89193 2 
0.241457 -3.00052e-06 -1 0.513982 0.110999 0.000652601 212.614 117131 3 57722.8 123.067 7.76965 2 1 158.214 12.9407 12.226 4 3 0.0102715 1.51329e-05 8.78828 2 
0.24211 -2.94518e-06 -1 0.514055 0.111273 0.000652601 213.221 117105 3 56826.4 96.3685 8.38568 2 1 236.455 29.155 8.11027 4 3 0.0102566 1.45935e-05 8.89094 2 
0.242762 -2.95286e-06 -1 0.514127 0.111524 0.000652601 213.858 117062 3 59795.9 147.084 7.40802 2 1 323.739 31.9452 10.1342 4 3 0.0102042 1.45562e-05 8.88336 2 
0.243415 -2.93386e-06 -1 0.5142 0.111787 0.000652601 214.503 117016 4 56864.5 25.6284 6.86325 2 1 355.502 17.0149 20.8936 4 3 0.0101601 1.46352e-05 8.85455 2 
0.244068 -2.97005e-06 -1 0.514273 0.112059 0.000652601 215.102 116995 3 61463.5 145.773 7.49859 2 1 364.34 19.3896 18.7905 4 3 0.00991758 1.46859e-05 8.77341 2 
0.24472 -2.97065e-06 -1 0.514346 0.112311 0.000652601 215.716 116966 3 54715.4 92.7171 8.38783 2 1 226.373 10.6938 21.1687 4 3 0.0105113 1.46562e-05 8.95113 2 
0.245373 -2.96479e-06 -1 0.51442 0.112565 0.000652601 216.326 116939 3 58052.1 165.047 7.0589 2 1 263.45 18.5764 14.182 4 3 0.00972754 1.42266e-05 8.80983 2 
0.246025 -2.866e-06 -1 0.514493 0.112829 0.000652601 216.951 116904 3 59171 152.379 7.29561 2 1 285.558 22.3542 12.7742 4 3 0.00992454 1.36729e-05 8.98704 2 
0.246678 -2.95447e-06 -1 0.514567 0.113095 0.000652601 217.605 116854 3 63269.2 125.806 7.95237 2 1 325.834 32.5649 10.0057 4 3 0.01064 1.29947e-05 9.35531 2 
0.247331 -2.94697e-06 -1 0.51464 0.113355 0.000652601 218.118 116880 1 432.965 53.5622 8.0834 2 1 261.923 16.7164 15.6686 4 2 0.0105418 9.91515e-05 10.3112 2 
0.247983 -2.90513e-06 -1 0.514714 0.113607 0.000652601 218.687 116875 3 58038.7 154.246 7.2194 2 1 279.77 11.6313 24.0533 4 2 0.0104875 9.34676e-05 10.5927 2 
0.248636 -2.85212e-06 -1 0.514789 0.113865 0.000652601 219.253 116872 3 58391.5 155.203 7.2191 2 1 291.399 12.6204 23.0895 4 2 0.0100746 8.36423e-05 10.9749 2 
0.249288 -2.82127e-06 -1 0.514863 0.114131 0.000652601 219.818 116870 3 56214.6 166.483 6.96348 2 1 305.438 21.277 14.3554 4 2 0.0101657 7.8119e-05 11.4075 2 
0.249941 -2.81428e-06 -1 0.514937 0.114393 0.000652601 220.371 116874 3 58429.5 164.826 7.07732 2 1 293.298 16.6788 17.5851 4 2 0.00999921 7.98915e-05 11.1875 2 
0.250594 -2.7919e-06 -1 0.515012 0.114649 0.000652601 220.918 116881 1 460.939 83.4315 5.52476 2 1 311.37 11.4711 27.1439 4 2 0.0104036 8.89043e-05 10.8176 2 
0.251246 -2.75698e-06 -1 0.515087 0.114933 0.000652601 221.479 116881 3 59655.6 102.13 8.35923 2 1 318.509 19.1993 16.5896 4 2 0.0104172 9.72017e-05 10.3523 2 
0.251899 -2.8016e-06 -1 0.515162 0.115148 0.000652601 222.1 116849 3 55656.8 87.3686 8.60441 2 1 330.203 31.1529 10.5994 4 2 0.010426 9.73245e-05 10.3502 2 
0.252551 -2.7945e-06 -1 0.515237 0.115403 0.000652601 222.785 116785 3 60093 149.071 7.38715 2 1 289.401 23.0657 12.5468 4 2 0.0107526 9.65663e-05 10.5522 2 
0.253204 -2.83721e-06 -1 0.515312 0.115663 0.000652601 223.428 116741 3 58478 162.126 7.11836 2 1 610.05 31.9674 19.0835 4 2 0.0109243 9.03373e-05 10.9967 2 
0.253857 -2.92993e-06 -1 0.515387 0.11594 0.000652601 224.114 116677 3 59853 155.623 7.27228 2 1 263.593 46.2742 5.69633 4 2 0.0105721 9.14941e-05 10.7494 2 
0.254509 -2.96569e-06 -1 0.515463 0.116193 0.000652601 224.726 116650 3 58642.3 163.685 7.10234 2 1 313.333 18.8942 16.5835 4 2 0.010209 8.98863e-05 10.6572 2 
0.255162 -2.93357e-06 -1 0.515539 0.116457 0.000652601 225.348 116619 3 57352.7 158.361 7.12801 2 1 281.636 18.3526 15.3458 4 2 0.00983072 8.9153e-05 10.5009 2 
0.255814 -2.83217e-06 -1 0.515615 0.116699 0.000652601 225.91 116619 3 49583.1 33.553 11.3903 2 1 225.089 16.7693 13.4227 4 2 0.0104369 8.88423e-05 10.8387 2 
0.256467 -2.80293e-06 -1 0.515691 0.116963 0.000652601 226.469 116621 3 62157.5 152.746 7.41039 2 1 413.538 26.5885 15.5533 4 2 0.0103387 8.86693e-05 10.7981 2 
0.25712 -2.89709e-06 -1 0.515767 0.11722 0.000652601 227.039 116617 3 61483.2 172.1 7.09564 2 1 356.976 40.7362 8.76311 4 2 0.0106817 8.66281e-05 11.1043 2 
0.257772 -2.85868e-06 -1 0.515844 0.11748 0.000652601 227.599 116618 3 60650.5 148.576 7.41814 2 1 390.954 40.4374 9.66813 4 2 0.0110478 8.65082e-05 11.3008 2 
0.258425 -2.85964e-06 -1 0.51592 0.117724 0.000652601 228.175 116610 3 59992.1 121.105 7.91244 2 1 316.273 28.78 10.9893 4 2 0.0110609 8.19762e-05 11.6159 2 
0.259077 -2.83206e-06 -1 0.515997 0.117985 0.000652601 228.7 116630 2 49770.6 214.116 15.2462 2 1 267.179 14.3662 18.5978 4 2 0.0105965 7.45008e-05 11.9262 2 
0.25973 -2.76354e-06 -1 0.516074 0.118245 0.000652601 229.239 116641 3 57029.1 23.7424 13.3924 2 1 415.039 34.5818 12.0017 4 2 0.011524 7.40116e-05 12.4782 2 
0.260383 -2.79503e-06 -1 0.516151 0.118498 0.000652601 229.781 116651 3 59741.2 139.75 7.53311 2 1 540.402 41.1284 13.1394 4 2 0.0102557 7.44455e-05 11.7372 2 
0.261035 -2.91518e-06 -1 0.516229 0.118747 0.000652601 230.336 116654 3 51468.7 44.8717 10.4678 2 1 304.205 34.8342 8.73295 4 2 0.0100102 7.49952e-05 11.5533 2 
0.261688 -2.93783e-06 -1 0.516306 0.119001 0.000652601 230.902 116652 3 53348.4 94.6417 8.26062 2 1 369.665 34.9185 10.5865 4 2 0.0103265 7.53849e-05 11.704 2 
0.26234 -2.95826e-06 -1 0.516384 0.119261 0.000652601 231.439 116665 3 54344.7 138.315 7.32424 2 1 188.131 14.3967 13.0677 4 2 0.011392 7.55793e-05 12.2772 2 
0.262993 -2.93235e-06 -1 0.516462 0.119511 0.000652601 231.996 116667 3 57276 168.518 6.97872 2 1 194.917 13.6117 14.3198 4 2 0.0110587 7.55438e-05 12.0991 2 
0.263646 -2.90813e-06 -1 0.51654 0.119778 0.000652601 232.561 116666 3 57730.8 141.792 7.41171 2 1 297.489 13.0566 22.7846 4 2 0.0104398 7.65662e-05 11.6769 2 
0.264298 -2.9782e-06 -1 0.516618 0.120008 0.000652601 233.135 116660 3 61492.5 170.156 7.12292 2 1 318.153 20.0695 15.8526 4 2 0.0104016 7.64573e-05 11.6638 2 
0.264951 -2.95632e-06 -1 0.516696 0.120271 0.000652601 233.711 116653 3 57050.7 114.504 7.92769 2 1 335.377 14.0136 23.9322 4 2 0.0107509 7.703e-05 11.8139 2 
0.265603 -2.9487e-06 -1 0.516775 0.120527 0.000652601 234.269 116654 3 59484.3 74.5619 9.2746 2 1 781.901 19.7594 39.571 4 2 0.0109976 7.75009e-05 11.9123 2 
0.266256 -2.95114e-06 -1 0.516853 0.120792 0.000652601 234.829 116655 3 51689.3 112.366 7.71948 2 1 211.957 19.5073 10.8655 4 2 0.0113333 7.80126e-05 12.053 2 
0.266909 -2.96655e-06 -1 0.516932 0.12103 0.000652601 235.384 116659 3 61157.1 129.518 7.78704 2 1 228.107 17.2862 13.1959 4 2 0.0111461 8.06272e-05 11.7577 2 
0.267561 -2.95669e-06 -1 0.517011 0.121284 0.000652601 235.891 116686 1 436.595 56.9649 7.66428 2 1 263.57 12.8946 20.4403 4 2 0.0104945 7.63327e-05 11.7253 2 
0.268214 -2.95594e-06 -1 0.517091 0.121544 0.000652601 236.393 116715 1 456.503 71.6509 6.37121 2 1 247.225 12.9519 19.088 4 2 0.0104275 7.72891e-05 11.6153 2 
0.268866 -2.95508e-06 -1 0.51717 0.121791 0.000652601 236.952 116716 3 56089.9 157.826 7.08329 2 1 159.745 8.68082 18.4021 4 2 0.0107241 7.74957e-05 11.7636 2 
0.269519 -2.98054e-06 -1 0.517249 0.122073 0.000652601 237.49 116728 3 60331.8 167.655 7.11284 2 1 256.827 11.5705 22.1968 4 2 0.0114856 7.67964e-05 12.2295 2 
0.270172 -2.89189e-06 -1 0.517329 0.122305 0.000652601 238.045 116731 3 59908.1 136.807 7.59381 2 1 292.883 25.6675 11.4107 4 2 0.0112256 7.66621e-05 12.1008 2 
0.270824 -2.85066e-06 -1 0.517409 0.12256 0.000652601 238.648 116711 3 59529.7 96.7425 8.50561 2 1 311.041 26.303 11.8253 4 2 0.0104039 7.59465e-05 11.7043 2 
0.271477 -2.85859e-06 -1 0.517489 0.122809 0.000652601 239.245 116693 4 40847.2 59.0676 5.12806 2 1 237.954 12.8378 18.5354 4 2 0.0113234 7.52255e-05 12.2689 2 
0.272129 -2.86918e-06 -1 0.517569 0.123074 0.000652601 239.845 116675 3 63026.4 175.624 7.10634 2 1 239.431 22.8138 10.495 4 2 0.0112135 7.43854e-05 12.278 2 
0.272782 -2.86329e-06 -1 0.517649 0.123311 0.000652601 240.406 116675 3 58618.3 222.301 6.41254 2 1 267.716 46.5673 5.749 4 2 0.0113485 7.36091e-05 12.4166 2 
0.273435 -2.90047e-06 -1 0.51773 0.12356 0.000652601 240.98 116669 3 57174.1 49.6457 10.4819 2 1 307.845 14.174 21.719 4 2 0.0111825 7.23391e-05 12.4332 2 
0.274087 -2.89085e-06 -1 0.517811 0.123809 0.000652601 241.567 116657 3 56152.4 85.4207 8.69498 2 1 534.689 46.4938 11.5002 4 2 0.0111107 7.11996e-05 12.492 2 
0.27474 -2.88945e-06 -1 0.517891 0.12407 0.000652601 242.16 116642 3 58030.2 163.505 7.08013 2 1 217.926 16.0398 13.5866 4 2 0.0111109 6.99092e-05 12.6069 2 
0.275392 -2.9335e-06 -1 0.517972 0.124328 0.000652601 242.721 116642 3 57408.4 71.0396 9.31447 2 1 328.69 49.3464 6.66086 4 2 0.0109424 6.86708e-05 12.6233 2 
0.276045 -2.98292e-06 -1 0.518053 0.124565 0.000652601 243.304 116632 3 58932.8 47.2522 10.7641 2 1 309.6 32.2283 9.60647 4 2 0.010936 6.67508e-05 12.7997 2 
0.276698 -3.01575e-06 -1 0.518135 0.124827 0.000652601 243.938 116598 3 58136.1 104.445 8.22595 2 1 227.986 18.0836 12.6074 4 2 0.0110326 6.51398e-05 13.0141 2 
0.27735 -3.04623e-06 -1 0.518216 0.125071 0.000652601 244.509 116593 3 54221.4 113.293 7.82209 2 1 978.145 36.3128 26.9367 4 2 0.0114279 6.31521e-05 13.4521 2 
0.278003 -2.9754e-06 -1 0.518298 0.125323 0.000652601 245.069 116595 3 60713.8 138.585 7.59493 2 1 293.813 28.8292 10.1915 4 2 0.0114268 6.31911e-05 13.4473 2 
0.278655 -3.03723e-06 -1 0.51838 0.12557 0.000652601 245.631 116595 3 54458.8 82.071 8.7222 2 1 347.223 25.6439 13.5402 4 2 0.0112713 6.18476e-05 13.4998 2 
0.279308 -3.08024e-06 -1 0.518461 0.12581 0.000652601 246.217 116583 3 57737.4 136.615 7.50446 2 1 257.548 21.0912 12.2111 4 2 0.0110403 6.02921e-05 13.5319 2 
0.279961 -3.0806e-06 -1 0.518544 0.126055 0.000652601 246.772 116587 3 61324.3 166.095 7.17395 2 1 224.029 31.9415 7.01373 4 2 0.0103418 5.89848e-05 13.2412 2 
0.280613 -3.07211e-06 -1 0.518626 0.126309 0.000652601 247.354 116577 3 58088.9 170.228 6.98801 2 1 259.613 24.1706 10.7408 4 2 0.0114683 5.65165e-05 14.245 2 
0.281266 -3.044e-06 -1 0.518708 0.126559 0.000652601 247.92 116575 1 521.911 60.9938 8.55678 2 1 302.464 26.8739 11.2549 4 2 0.0114917 5.17153e-05 14.9067 2 
0.281918 -3.02591e-06 -1 0.518791 0.126822 0.000652601 248.473 116580 3 58439.2 93.0639 8.5633 2 1 330.671 24.6189 13.4316 4 2 0.0113688 5.43589e-05 14.4618 2 
0.282571 -3.13481e-06 -1 0.518873 0.12706 0.000652601 249.043 116576 3 58988.6 148.094 7.35773 2 1 275.936 30.2323 9.12718 4 2 0.0116025 5.32587e-05 14.7598 2 
0.283224 -3.1536e-06 -1 0.518956 0.127291 0.000652601 249.61 116574 3 60009 86.2679 8.86045 2 1 243.211 21.4423 11.3426 4 2 0.0117575 5.02723e-05 15.293 2 
0.283876 -3.18144e-06 -1 0.519039 0.127552 0.000652601 250.161 116579 3 59704.6 165.005 7.12585 2 1 245.085 22.693 10.8001 4 2 0.0108607 5.12169e-05 14.5621 2 
0.284529 -3.19929e-06 -1 0.519123 0.127782 0.000652601 250.768 116558 3 55492.7 123.291 7.66364 2 1 295.655 15.2649 19.3684 4 2 0.0105723 5.46964e-05 13.9029 2 
0.285181 -3.20116e-06 -1 0.519206 0.12804 0.000652601 251.42 116517 3 50750.6 45.203 10.3934 2 1 299.168 17.7927 16.8141 4 2 0.0108441 8.17581e-05 11.5168 2 
0.285834 -3.20515e-06 -1 0.519289 0.12829 0.000652601 252.122 116452 3 59693.2 138.692 7.55019 2 1 250.733 17.6327 14.2198 4 3 0.0111591 1.45992e-05 9.14323 2 
0.286487 -3.1964e-06 -1 0.519373 0.128542 0.000652601 252.89 116357 3 58575 161.875 7.12597 2 1 223.957 19.071 11.7433 4 3 0.0114605 3.09315e-05 7.18237 2 
0.287139 -3.24426e-06 -1 0.519457 0.128787 0.000652601 253.649 116268 3 49974.5 28.3051 12.0863 2 1 300.535 26.5303 11.328 4 3 0.0119219 6.80935e-05 5.59431 2 
0.287792 -3.24766e-06 -1 0.519541 0.129041 0.000652601 254.347 116206 3 55063 159.952 7.00848 2 1 306.612 16.1024 19.0414 4 3 0.011802 8.23915e-05 5.23228 2 
0.288444 -3.30784e-06 -1 0.519625 0.129275 0.000652601 255.043 116146 3 58460.9 65.9114 9.60805 2 1 250.682 28.806 8.70242 4 3 0.011536 7.96532e-05 5.25151 2 
0.289097 -3.31187e-06 -1 0.51971 0.129533 0.000652601 255.71 116099 3 61094.2 137.721 7.62665 2 1 292.384 15.5757 18.7718 4 3 0.0112029 7.51449e-05 5.30245 2 
0.28975 -3.3254e-06 -1 0.519794 0.129788 0.000652601 256.355 116063 3 60411.1 108.223 8.23378 2 1 254.589 13.0781 19.4668 4 3 0.0111678 7.09109e-05 5.40031 2 
0.290402 -3.36189e-06 -1 0.519879 0.130032 0.000652601 256.975 116038 3 59181.6 110.373 8.12409 2 1 298.735 27.0518 11.0431 4 3 0.0114134 6.80901e-05 5.5137 2 
0.291055 -3.25605e-06 -1 0.519964 0.130265 0.000652601 257.588 116016 3 61907.2 81.5464 9.12246 2 1 972.012 33.6772 28.8626 4 3 0.0122996 5.89713e-05 5.93039 2 
0.291707 -3.2784e-06 -1 0.520049 0.13051 0.000652601 258.183 116003 3 59956.6 113.56 8.08233 2 1 426.998 31.5805 13.5209 4 3 0.0115641 5.47043e-05 5.95703 2 
0.29236 -3.28615e-06 -1 0.520134 0.13075 0.000652601 258.787 115985 3 57752 150.143 7.27256 2 1 232.129 20.9665 11.0714 4 3 0.0111566 5.07982e-05 6.03339 2 
0.293013 -3.26946e-06 -1 0.520219 0.130997 0.000652601 259.425 115952 3 60323.4 122.259 7.90196 2 1 237.061 13.8507 17.1154 4 3 0.0112435 4.65308e-05 6.22855 2 
0.293665 -3.26582e-06 -1 0.520305 0.131235 0.000652601 260.09 115908 3 51714.8 73.0073 8.91421 2 1 270.852 20.5619 13.1725 4 3 0.0120526 4.36338e-05 6.51256 2 
0.294318 -3.2452e-06 -1 0.52039 0.131497 0.000652601 260.739 115871 3 56907.6 138.229 7.43916 2 1 230.395 18.8155 12.2449 4 3 0.012236 4.34997e-05 6.55216 2 
0.29497 -3.30304e-06 -1 0.520476 0.131735 0.000652601 261.305 115871 1 511.461 91.1915 5.60865 2 1 241.055 32.5823 7.39836 4 3 0.0118713 4.27423e-05 6.5245 2 
0.295623 -3.33939e-06 -1 0.520562 0.131967 0.000652601 261.941 115840 3 60133 128.116 7.77147 2 1 267.658 17.8729 14.9756 4 3 0.0112436 4.08547e-05 6.50462 2 
0.296276 -3.40251e-06 -1 0.520648 0.132222 0.000652601 262.543 115824 3 58741.6 73.774 9.2686 2 1 226.77 12.9771 17.4746 4 3 0.0113809 3.65351e-05 6.77884 2 
0.296928 -3.42803e-06 -1 0.520735 0.13246 0.000652601 263.16 115801 3 62562.3 128.294 7.87109 2 1 216.501 12.3933 17.4692 4 3 0.0117561 3.3568e-05 7.04876 2 
0.297581 -3.35595e-06 -1 0.520821 0.132704 0.000652601 263.788 115774 3 58825.8 143.894 7.42179 2 1 305.412 18.4827 16.5242 4 3 0.0123269 3.15647e-05 7.30944 2 
0.298233 -3.38112e-06 -1 0.520908 0.132943 0.000652601 264.351 115775 1 499.515 78.8065 6.3385 2 1 417.739 26.0417 16.0411 4 3 0.0116795 3.05035e-05 7.26147 2 
0.298886 -3.38623e-06 -1 0.520995 0.133206 0.000652601 264.984 115746 3 60868.7 172.488 7.06662 2 1 283.893 12.4681 22.7696 4 3 0.0113342 3.0145e-05 7.21759 2 
0.299539 -3.36729e-06 -1 0.521081 0.133438 0.000652601 265.634 115710 3 52624.7 52.2594 10.0232 2 1 341.327 24.6761 13.8323 4 3 0.0122205 2.94233e-05 7.46103 2 
0.300191 -3.38732e-06 -1 0.521169 0.133674 0.000652601 266.237 115694 3 59691 60.4282 9.95917 2 1 355.302 22.1783 16.0203 4 3 0.0122456 2.93955e-05 7.46849 2 
0.300844 -3.35206e-06 -1 0.521256 0.133936 0.000652601 266.85 115673 3 60298.5 120.181 7.94616 2 1 194.811 16.2769 11.9685 4 3 0.0118322 2.95346e-05 7.37187 2 
0.301496 -3.41839e-06 -1 0.521343 0.134161 0.000652601 267.451 115659 2 49600.2 173.689 16.8988 2 1 276.866 28.4535 9.73047 4 3 0.012036 2.89666e-05 7.4621 2 
0.302149 -3.50051e-06 -1 0.521431 0.134392 0.000652601 268.091 115627 3 60588.9 126.497 7.82415 2 1 537.817 26.7575 20.0997 4 3 0.0127066 2.71174e-05 7.76713 2 
0.302802 -3.54597e-06 -1 0.521519 0.134642 0.000652601 268.738 115592 3 55977.2 70.8018 9.24675 2 1 497.047 33.4407 14.8635 4 3 0.0115087 2.41929e-05 7.80631 2 
0.303454 -3.53322e-06 -1 0.521606 0.134886 0.000652601 269.358 115570 3 61912.3 134.186 7.72723 2 1 279.298 28.2762 9.87752 4 3 0.0120526 2.20765e-05 8.17304 2 
0.304107 -3.37648e-06 -1 0.521694 0.135121 0.000652601 269.979 115547 3 59127.9 115.569 7.99804 2 1 313.97 30.4034 10.3268 4 3 0.0119681 2.04848e-05 8.35983 2 
0.304759 -3.36441e-06 -1 0.521783 0.135371 0.000652601 270.622 115514 3 54117.8 141.123 7.2652 2 1 358.814 34.2031 10.4907 4 3 0.012394 1.99354e-05 8.53484 2 
0.305412 -3.37412e-06 -1 0.521871 0.135616 0.000652601 271.307 115464 3 59689.6 165.797 7.1139 2 1 232.965 14.3778 16.2031 4 3 0.0120871 1.85717e-05 8.6661 2 
0.306065 -3.43371e-06 -1 0.521959 0.135854 0.000652601 271.931 115440 3 58373 149.954 7.3016 2 1 263.555 16.3467 16.1228 4 3 0.0120969 2.04806e-05 8.39029 2 
0.306717 -3.37281e-06 -1 0.522048 0.136061 0.000652601 272.537 115424 3 57915.6 177.315 6.88678 2 1 319.798 31.9667 10.0041 4 3 0.0113156 2.00473e-05 8.26432 2 
0.30737 -3.33921e-06 -1 0.522137 0.13633 0.000652601 273.192 115387 3 58176.7 86.3869 8.7653 2 1 296.352 29.4102 10.0765 4 3 0.0121167 1.98861e-05 8.4777 2 
0.308022 -3.31736e-06 -1 0.522226 0.136566 0.000652601 273.846 115351 3 56681.4 132.474 7.53535 2 1 314.553 31.0498 10.1306 4 3 0.0123676 1.9671e-05 8.56682 2 
0.308675 -3.34112e-06 -1 0.522315 0.136799 0.000652601 274.479 115323 4 56912.5 28.3034 6.69641 2 1 395.191 18.7775 21.046 4 3 0.0121298 1.99256e-05 8.47515 2 
0.309328 -3.32787e-06 -1 0.522404 0.137039 0.000652601 275.079 115310 3 61136.3 157.856 7.2892 2 1 399.395 40.2109 9.93253 4 3 0.0126946 1.95933e-05 8.65307 2 
0.30998 -3.29507e-06 -1 0.522494 0.137292 0.000652601 275.727 115277 3 58659.9 150.52 7.30436 2 1 264.355 22.3155 11.8463 4 3 0.012121 1.94202e-05 8.54598 2 
0.310633 -3.30241e-06 -1 0.522583 0.137533 0.000652601 276.376 115243 3 54468.6 159.86 6.9845 2 1 621.542 22.0471 28.1915 4 3 0.0113666 1.88902e-05 8.44238 2 
0.311285 -3.33277e-06 -1 0.522673 0.137758 0.000652601 277.012 115215 3 62396.7 126.68 7.89741 2 1 283.104 29.8724 9.47713 4 3 0.0110206 1.72931e-05 8.60553 2 
0.311938 -3.352e-06 -1 0.522763 0.138005 0.000652601 277.616 115201 3 53027.8 78.37 8.77913 2 1 292.849 20.0722 14.5898 4 3 0.0117439 1.5153e-05 9.18554 2 
0.312591 -3.33727e-06 -1 0.522853 0.13823 0.000652601 278.203 115193 3 59807.2 154.843 7.28261 2 1 265.367 14.6632 18.0975 4 3 0.0121582 1.38672e-05 9.57107 2 
0.313243 -3.32536e-06 -1 0.522943 0.13848 0.000652601 278.804 115180 3 53628 129.215 7.4592 2 1 259.499 14.9363 17.3737 4 3 0.0128488 1.26893e-05 10.0417 2 
0.313896 -3.33607e-06 -1 0.523033 0.138742 0.000652601 279.416 115162 3 57263.7 162.771 7.0594 2 1 289.176 18.2726 15.8257 4 3 0.0125558 1.21079e-05 10.1218 2 
0.314548 -3.21954e-06 -1 0.523124 0.13895 0.000652601 280.036 115141 3 59352.6 102.339 8.33938 2 1 252.634 35.1371 7.18996 4 3 0.0132234 1.18904e-05 10.3605 2 
0.315201 -3.21109e-06 -1 0.523214 0.13919 0.000652601 280.661 115118 3 59663.3 66.574 9.64127 2 1 410.488 27.8475 14.7406 4 3 0.0117748 1.30368e-05 9.66631 2 
0.315854 -3.27349e-06 -1 0.523305 0.139426 0.000652601 281.389 115054 1 573.625 113.84 5.03888 2 1 772.95 32.9485 23.4594 4 3 0.0119984 1.33725e-05 9.64503 2 
0.316506 -3.31382e-06 -1 0.523396 0.139673 0.000652601 282.05 115016 3 60354.1 160.213 7.2222 2 1 195.925 16.0166 12.2326 4 3 0.0131023 1.33389e-05 9.9405 2 
0.317159 -3.31378e-06 -1 0.523487 0.139888 0.000652601 282.726 114973 3 55500.6 85.9327 8.64396 2 1 343.662 26.2147 13.1095 4 3 0.0126729 1.20155e-05 10.1792 2 
0.317811 -3.31243e-06 -1 0.523579 0.140134 0.000652601 283.419 114923 3 55117.3 43.7628 10.7993 2 1 288.488 37.3261 7.72885 4 3 0.0120606 1.23108e-05 9.93179 2 
0.318464 -3.39285e-06 -1 0.52367 0.140363 0.000652601 284.076 114888 3 55730.9 134.2 7.46074 2 1 279.87 17.928 15.6108 4 3 0.0116534 1.22127e-05 9.84493 2 
0.319117 -3.4243e-06 -1 0.523762 0.140605 0.000652601 284.689 114871 3 59623.8 108.079 8.20148 2 1 335.513 16.8048 19.9653 4 3 0.0122954 1.24142e-05 9.968 2 
0.319769 -3.52066e-06 -1 0.523854 0.140846 0.000652601 285.296 114856 3 62377.3 113.242 8.19735 2 1 289.055 18.7298 15.4329 4 3 0.013306 1.24204e-05 10.2322 2 
0.320422 -3.58622e-06 -1 0.523945 0.141081 0.000652601 285.93 114830 3 61686.3 164.051 7.21778 2 1 256.563 33.5283 7.65213 4 3 0.0127271 1.27203e-05 10.0018 2 
0.321074 -3.59951e-06 -1 0.524038 0.141316 0.000652601 286.582 114798 3 61427.5 150.517 7.41752 2 1 333.597 19.2523 17.3276 4 3 0.0121443 1.22278e-05 9.97718 2 
0.321727 -3.573e-06 -1 0.52413 0.141546 0.000652601 287.118 114812 3 58288.6 126.765 7.71841 2 1 288.002 10.7041 26.9059 4 2 0.0122577 9.74453e-05 11.2157 2 
0.32238 -3.64599e-06 -1 0.524222 0.141781 0.000652601 287.676 114817 3 59951.4 150.44 7.35889 2 1 269.077 24.2046 11.1168 4 2 0.0126238 8.66808e-05 12.0679 2 
0.323032 -3.64529e-06 -1 0.524315 0.142034 0.000652601 288.214 114830 3 58835.1 163.957 7.10617 2 1 261.263 25.7666 10.1396 4 2 0.0127186 7.75771e-05 12.8042 2 
0.323685 -3.65081e-06 -1 0.524407 0.142248 0.000652601 288.758 114841 3 59955.3 101.495 8.39062 2 1 271.516 20.7345 13.0949 4 2 0.0123058 6.95031e-05 13.3062 2 
0.324337 -3.64368e-06 -1 0.5245 0.142481 0.000652601 289.309 114849 3 60312.2 95.9314 8.56672 2 1 356.521 19.9608 17.8611 4 2 0.0125455 6.49867e-05 13.8942 2 
0.32499 -3.61335e-06 -1 0.524593 0.142718 0.000652601 289.86 114857 3 59598 43.7069 11.089 2 1 246.477 14.6733 16.7977 4 2 0.0131982 7.76313e-05 13.0388 2 
0.325643 -3.63059e-06 -1 0.524686 0.142931 0.000652601 290.385 114875 3 56873.1 150.43 7.23087 2 1 258.713 12.6505 20.4508 4 2 0.0126075 8.80723e-05 11.9645 2 
0.326295 -3.53114e-06 -1 0.52478 0.143185 0.000652601 290.933 114884 3 61136.5 161.482 7.23422 2 1 239.792 20.5871 11.6477 4 2 0.0127222 9.3363e-05 11.6733 2 
0.326948 -3.46828e-06 -1 0.524873 0.143435 0.000652601 291.551 114864 3 56842.8 83.3255 8.80304 2 1 370.798 29.8234 12.4331 4 3 0.0133303 9.22693e-06 11.3047 2 
0.3276 -3.49716e-06 -1 0.524967 0.143654 0.000652601 292.11 114869 3 59636.1 74.7227 9.27582 2 1 350.646 26.7226 13.1217 4 2 0.0123538 9.45271e-05 11.432 2 
0.328253 -3.52346e-06 -1 0.525061 0.14388 0.000652601 292.646 114883 3 58108 192.69 6.70593 2 1 270.928 16.1634 16.7618 4 2 0.0127434 8.74707e-05 12.0701 2 
0.328906 -3.46867e-06 -1 0.525155 0.144114 0.000652601 293.206 114887 3 62196.5 130.59 7.80943 2 1 369.498 29.6007 12.4827 4 2 0.0124502 8.58754e-05 12.0407 2 
0.329558 -3.43669e-06 -1 0.525249 0.144382 0.000652601 293.745 114899 3 60277.6 167.754 7.10932 2 1 334.292 28.8775 11.5762 4 2 0.0131593 8.57776e-05 12.386 2 
0.330211 -3.40175e-06 -1 0.525343 0.144576 0.000652601 294.287 114910 3 55387.2 150.558 7.16532 2 1 306.884 25.5458 12.0131 4 2 0.0133405 8.019e-05 12.8981 2 
0.330863 -3.45011e-06 -1 0.525437 0.144807 0.000652601 294.758 114949 1 584.806 92.7093 6.30795 2 1 451.439 28.5188 15.8296 4 2 0.0123645 7.85093e-05 12.5495 2 
0.331516 -3.52386e-06 -1 0.525532 0.145034 0.000652601 295.279 114968 3 60050.7 164.273 7.15019 2 1 275.399 32.9043 8.36969 4 2 0.0121037 8.3042e-05 12.0728 2 
0.332169 -3.47248e-06 -1 0.525626 0.145268 0.000652601 295.828 114976 3 40148.5 114.028 7.06133 2 1 281.499 32.7994 8.58243 4 2 0.0119478 8.02894e-05 12.1988 2 
0.332821 -3.48393e-06 -1 0.525721 0.145496 0.000652601 296.372 114986 3 62089.5 153.747 7.39157 2 1 259.253 34.9463 7.41862 4 2 0.0131185 7.83415e-05 12.9404 2 
0.333474 -3.42607e-06 -1 0.525816 0.145726 0.000652601 296.961 114979 3 59981 119.774 7.94116 2 1 264.367 25.0444 10.5559 4 2 0.0134693 7.12571e-05 13.7486 2 
0.334126 -3.4213e-06 -1 0.525911 0.145966 0.000652601 297.517 114984 3 58133.2 115.677 7.95047 2 1 335.336 42.9663 7.80462 4 2 0.0129126 6.10815e-05 14.5396 2 
0.334779 -3.45137e-06 -1 0.526006 0.146186 0.000652601 298.038 115003 3 57708.7 105.653 8.17435 2 1 320.506 30.1423 10.6331 4 2 0.0124997 6.41207e-05 13.9621 2 
0.335432 -3.44629e-06 -1 0.526102 0.146436 0.000652601 298.596 115008 3 57227.6 135.913 7.49516 2 1 274.889 22.9557 11.9748 4 2 0.0118642 6.70197e-05 13.3051 2 
0.336084 -3.50977e-06 -1 0.526197 0.14666 0.000652601 299.146 115015 3 59575.1 88.856 8.75237 2 1 286.806 28.6545 10.0091 4 2 0.0126048 7.06158e-05 13.3603 2 
0.336737 -3.52026e-06 -1 0.526293 0.146894 0.000652601 299.718 115014 3 56696.6 63.6173 9.62337 2 1 322.608 45.4969 7.09076 4 2 0.0126029 7.20355e-05 13.227 2 
0.337389 -3.58593e-06 -1 0.526389 0.147126 0.000652601 300.256 115027 3 57150.9 130.862 7.587 2 1 344.76 24.0548 14.3323 4 2 0.0134793 7.47178e-05 13.4314 2 
0.338042 -3.64626e-06 -1 0.526485 0.14735 0.000652601 300.799 115037 3 59948.2 138.547 7.56357 2 1 403.89 33.2003 12.1653 4 2 0.0133777 7.62554e-05 13.2451 2 
0.338695 -3.68721e-06 -1 0.526581 0.147578 0.000652601 301.341 115047 3 59221.3 123.995 7.81673 2 1 452.05 56.2815 8.03195 4 2 0.0130741 7.8145e-05 12.9347 2 
0.339347 -3.6893e-06 -1 0.526677 0.147808 0.000652601 301.905 115050 3 53362.6 153.101 7.03752 2 1 389.516 26.4348 14.735 4 2 0.012941 7.95005e-05 12.7585 2 
0.34 -3.66243e-06 -1 0.526774 0.148027 0.000652601 302.468 115052 3 62046.3 176.144 7.06235 2 1 277.586 24.7137 11.2321 4 2 0.0134064 8.00609e-05 12.9404 2 
0.340652 -3.68676e-06 -1 0.52687 0.148251 0.000652601 303.016 115060 3 58575 215.226 6.48046 2 1 368.434 52.5752 7.00775 4 2 0.0133316 8.0896e-05 12.8374 2 
0.341305 -3.63612e-06 -1 0.526967 0.148491 0.000652601 303.586 115060 3 58755.2 185.98 6.81072 2 1 375.186 33.7714 11.1096 4 2 0.0130879 8.05967e-05 12.7431 2 
0.341958 -3.6452e-06 -1 0.527064 0.148717 0.000652601 304.131 115070 3 53087.8 232.436 6.11267 2 1 306.215 29.6093 10.3419 4 2 0.0123847 8.06618e-05 12.3911 2 
0.34261 -3.65638e-06 -1 0.527161 0.148932 0.000652601 304.665 115083 3 56495.9 228.666 6.27487 2 1 219.627 19.5169 11.2531 4 2 0.0129151 7.91374e-05 12.7749 2 
0.343263 -3.68172e-06 -1 0.527258 0.149165 0.000652601 305.207 115093 3 59310.3 172.018 7.01217 2 1 357.523 23.4251 15.2624 4 2 0.0135547 7.77824e-05 13.2009 2 
0.343915 -3.72539e-06 -1 0.527355 0.14938 0.000652601 305.723 115113 3 55069.5 109.695 7.9477 2 1 613.863 81.6523 7.51801 4 2 0.0134533 8.18632e-05 12.8195 2 
0.344568 -3.69133e-06 -1 0.527453 0.14963 0.000652601 306.275 115120 3 59285.5 168.513 7.05947 2 1 347.36 19.619 17.7053 4 2 0.0129154 8.15941e-05 12.5813 2 
0.345221 -3.72475e-06 -1 0.52755 0.149846 0.000652601 306.91 115095 3 53568.3 148.162 7.124 2 1 419.192 31.4789 13.3166 4 3 0.0130633 1.5172e-05 9.51344 2 
0.345873 -3.72897e-06 -1 0.527648 0.150078 0.000652601 307.506 115085 3 60207.3 155.826 7.28343 2 1 429.729 27.5288 15.6101 4 3 0.0132781 3.71901e-05 7.0942 2 
0.346526 -3.7153e-06 -1 0.527746 0.150297 0.000652601 308.138 115062 3 48504.1 50.2422 9.88333 2 1 279.247 41.4875 6.73086 4 3 0.0130846 7.60741e-05 5.56128 2 
0.347178 -3.69643e-06 -1 0.527844 0.150528 0.000652601 308.732 115053 3 56175.8 166.44 6.96247 2 1 280.84 23.5836 11.9083 4 3 0.013087 8.05848e-05 5.45585 2 
0.347831 -3.68892e-06 -1 0.527943 0.150762 0.000652601 309.327 115043 3 61399.5 144.533 7.51737 2 1 269.22 19.7138 13.6564 4 3 0.0134431 7.44153e-05 5.653 2 
0.348484 -3.6833e-06 -1 0.528041 0.150984 0.000652601 309.915 115037 3 60407.2 154.22 7.31671 2 1 307.983 21.5254 14.3079 4 3 0.0136605 6.88883e-05 5.83141 2 
0.349136 -3.68233e-06 -1 0.528139 0.151205 0.000652601 310.526 115021 3 61242.1 182.527 6.94876 2 1 271.986 22.6043 12.0325 4 3 0.0131783 6.44427e-05 5.89154 2 
0.349789 -3.80689e-06 -1 0.528238 0.15143 0.000652601 311.109 115017 3 59906.1 155.424 7.27753 2 1 448.261 44.8675 9.99078 4 3 0.0134323 5.82091e-05 6.13366 2 
0.350441 -3.83559e-06 -1 0.528337 0.151653 0.000652601 311.812 114967 1 549.429 83.2533 6.59948 2 1 590.522 40.0363 14.7496 4 3 0.0133103 5.2373e-05 6.33422 2 
0.351094 -3.84881e-06 -1 0.528436 0.151875 0.000652601 312.478 114932 3 60603.7 72.1803 9.43395 2 1 283.278 46.4877 6.0936 4 3 0.0135584 4.85087e-05 6.53827 2 
0.351747 -3.89038e-06 -1 0.528535 0.152099 0.000652601 313.201 114876 3 59654.7 125.168 7.81119 2 1 289.094 13.4617 21.4753 4 3 0.0131617 4.39227e-05 6.69177 2 
0.352399 -3.9005e-06 -1 0.528634 0.152319 0.000652601 313.887 114834 3 52782.2 142.782 7.17692 2 1 241.234 13.6165 17.7162 4 3 0.0139262 4.29704e-05 6.8689 2 
0.353052 -3.87988e-06 -1 0.528734 0.15255 0.000652601 314.509 114815 3 61257.5 122.774 7.93142 2 1 262.971 13.8156 19.0344 4 3 0.0135593 4.26266e-05 6.8263 2 
0.353704 -3.82787e-06 -1 0.528833 0.152791 0.000652601 315.111 114804 3 56556.6 122.914 7.72018 2 1 275.978 18.4603 14.9498 4 3 0.013175 4.06725e-05 6.86778 2 
0.354357 -3.86913e-06 -1 0.528933 0.152983 0.000652601 315.735 114784 3 61924.5 123.448 7.94559 2 1 244.405 26.6151 9.18296 4 3 0.0129486 3.6034e-05 7.10946 2 
0.35501 -3.8645e-06 -1 0.529033 0.153199 0.000652601 316.356 114766 3 57295.9 129.133 7.62714 2 1 298.847 32.3943 9.22527 4 3 0.0127008 3.21142e-05 7.34027 2 
0.355662 -3.89018e-06 -1 0.529133 0.153429 0.000652601 316.982 114746 3 60272.6 70.1143 9.50833 2 1 224.104 25.0247 8.95531 4 3 0.013702 3.08858e-05 7.62678 2 
0.356315 -3.82584e-06 -1 0.529233 0.153665 0.000652601 317.602 114729 3 60608.8 159.908 7.23694 2 1 285.272 29.8491 9.55713 4 3 0.0141464 2.9203e-05 7.85368 2 
0.356967 -3.8105e-06 -1 0.529333 0.153881 0.000652601 318.228 114709 3 53347.6 61.8593 9.51853 2 1 380.693 22.8311 16.6743 4 3 0.0135296 2.92943e-05 7.72978 2 
0.35762 -3.82751e-06 -1 0.529434 0.1541 0.000652601 318.885 114678 3 52800.7 83.0767 8.59779 2 1 403.199 27.3692 14.7318 4 3 0.0125909 2.88652e-05 7.58393 2 
0.358273 -3.83253e-06 -1 0.529534 0.15433 0.000652601 319.489 114666 3 61312.7 104.734 8.36541 2 1 233.683 27.475 8.50531 4 3 0.0124987 2.92881e-05 7.52879 2 
0.358925 -3.84097e-06 -1 0.529635 0.154551 0.000652601 320.107 114650 3 58606.5 100.096 8.36585 2 1 529.087 25.5155 20.736 4 3 0.0133046 2.87303e-05 7.73667 2 
0.359578 -3.89644e-06 -1 0.529736 0.154763 0.000652601 320.742 114627 3 58925.4 83.123 8.91648 2 1 319.369 32.1454 9.93514 4 3 0.0143314 2.69971e-05 8.097 2 
0.36023 -3.82239e-06 -1 0.529837 0.154992 0.000652601 321.353 114613 3 61636.3 126.382 7.87137 2 1 311.102 27.5855 11.2777 4 3 0.0138468 2.37194e-05 8.35761 2 
0.360883 -3.8646e-06 -1 0.529938 0.155208 0.000652601 321.956 114602 3 58093.6 161.437 7.11282 2 1 363.268 27.0603 13.4244 4 3 0.0139555 2.11937e-05 8.69989 2 
0.361536 -3.87873e-06 -1 0.530039 0.155424 0.000652601 322.568 114587 3 59083.3 145.865 7.39898 2 1 274.027 23.5154 11.6531 4 3 0.0138765 1.97232e-05 8.89407 2 
0.362188 -3.85534e-06 -1 0.530141 0.155661 0.000652601 323.15 114584 3 59391.7 152.524 7.30234 2 1 316.326 23.6112 13.3973 4 3 0.0135764 1.85894e-05 9.00547 2 
0.362841 -3.77523e-06 -1 0.530242 0.155868 0.000652601 323.784 114562 3 52439.6 88.6126 8.39565 2 1 282.13 22.2789 12.6636 4 3 0.0144646 1.99974e-05 8.97657 2 
0.363493 -3.76663e-06 -1 0.530344 0.156079 0.000652601 324.402 114546 3 54394.5 121.329 7.65356 2 1 345.942 27.6845 12.4959 4 3 0.0134683 1.95082e-05 8.83823 2 
0.364146 -3.73633e-06 -1 0.530446 0.156315 0.000652601 325.027 114527 4 59063.7 27.1066 6.83222 2 1 899.242 23.4792 38.2996 4 3 0.0130001 1.97679e-05 8.69618 2 
0.364799 -3.74998e-06 -1 0.530548 0.156525 0.000652601 325.664 114504 3 56648.7 149.125 7.24235 2 1 832.782 29.0243 28.6926 4 3 0.0137522 1.92884e-05 8.93358 2 
0.365451 -3.68517e-06 -1 0.53065 0.156751 0.000652601 326.281 114489 3 60134.1 153.053 7.32419 2 1 592.28 21.4633 27.5951 4 3 0.0143045 1.92867e-05 9.05186 2 
0.366104 -3.6559e-06 -1 0.530752 0.156973 0.000652601 326.88 114479 3 60458.9 104.714 8.32694 2 1 337.486 22.9767 14.6881 4 3 0.0140663 1.93377e-05 8.99342 2 
0.366756 -3.63311e-06 -1 0.530855 0.157183 0.000652601 327.506 114461 3 60382.1 109.263 8.20626 2 1 307.589 18.2241 16.8781 4 3 0.0136802 1.87845e-05 8.99699 2 
0.367409 -3.65424e-06 -1 0.530957 0.157399 0.000652601 328.141 114439 3 58264.1 154.3 7.22789 2 1 284.09 19.5208 14.5532 4 3 0.0140108 1.76261e-05 9.26338 2 
0.368062 -3.67052e-06 -1 0.53106 0.157633 0.000652601 328.731 114433 3 58769.6 169.647 7.0232 2 1 369.72 19.3673 19.0899 4 3 0.0142172 1.59528e-05 9.62333 2 
0.368714 -3.59304e-06 -1 0.531163 0.157839 0.000652601 329.352 114416 2 47809.5 138.276 18.5944 2 1 374.775 29.238 12.8181 4 3 0.0134251 1.38301e-05 9.90142 2 
0.369367 -3.66282e-06 -1 0.531266 0.158052 0.000652601 329.956 114405 3 52950.9 124.927 7.51171 2 1 489.296 40.7905 11.9953 4 3 0.0141446 1.22523e-05 10.4904 2 
0.37002 -3.66031e-06 -1 0.531369 0.158269 0.000652601 330.486 114420 3 59808.5 163.882 7.14624 2 1 371.79 39.7659 9.34947 4 2 0.0141486 9.86448e-05 11.9762 2 
0.370672 -3.63004e-06 -1 0.531472 0.158493 0.000652601 331.081 114412 3 58218.8 143.416 7.40439 2 1 271.82 18.0211 15.0834 4 3 0.0140239 1.14322e-05 10.7048 2 
0.371325 -3.70181e-06 -1 0.531576 0.158726 0.000652601 331.715 114391 3 59884.6 146.829 7.41597 2 1 298.93 15.6951 19.0461 4 3 0.0140915 1.26523e-05 10.3656 2 
0.371977 -3.79434e-06 -1 0.531679 0.158942 0.000652601 332.26 114401 1 446.902 82.778 5.3988 2 1 289.814 30.9749 9.35641 4 3 0.0140049 1.29201e-05 10.2724 2 
0.37263 -3.80248e-06 -1 0.531783 0.159142 0.000652601 332.859 114392 3 53918.9 180.075 6.69005 2 1 294.653 20.5493 14.3388 4 3 0.0140832 1.28812e-05 10.3018 2 
0.373283 -3.76975e-06 -1 0.531887 0.15936 0.000652601 333.467 114380 3 48572.7 64.1974 9.11223 2 1 324.835 40.8004 7.96157 4 3 0.0140429 1.1091e-05 10.8184 2 
0.373935 -3.73126e-06 -1 0.531991 0.159563 0.000652601 334.061 114373 3 58417.9 136.012 7.54494 2 1 414.211 24.8119 16.694 4 3 0.0145822 1.20746e-05 10.6492 2 
0.374588 -3.82622e-06 -1 0.532095 0.159795 0.000652601 334.691 114353 3 61221.2 149.082 7.43291 2 1 316.772 32.1596 9.84999 4 3 0.014343 1.18748e-05 10.6497 2 
0.37524 -3.91366e-06 -1 0.532199 0.160011 0.000652601 335.299 114341 3 60437.4 170.111 7.08258 2 1 339.307 34.8093 9.74761 4 3 0.0132944 1.19641e-05 10.3577 2 
0.375893 -4.05646e-06 -1 0.532304 0.160218 0.000652601 335.895 114334 3 58024.7 118.22 7.88814 2 1 350.311 36.5308 9.58949 4 3 0.0137164 1.22333e-05 10.3888 2 
0.376546 -4.0869e-06 -1 0.532408 0.160431 0.000652601 336.513 114318 3 60330.7 51.9124 10.5137 2 1 312.552 42.44 7.36456 4 3 0.0134707 1.19793e-05 10.3989 2 
0.377198 -4.03378e-06 -1 0.532513 0.160647 0.000652601 337.045 114332 1 597.909 88.7627 6.73604 2 1 408.947 41.4648 9.86251 4 2 0.0142542 9.8856e-05 12.008 2 
0.377851 -3.96906e-06 -1 0.532618 0.160863 0.000652601 337.582 114345 3 54526.5 39.9171 11.0956 2 1 324.684 24.2264 13.4021 4 2 0.0143303 8.8652e-05 12.714 2 
0.378503 -4.0101e-06 -1 0.532723 0.161075 0.000652601 338.14 114350 3 53590.3 119.66 7.6509 2 1 286.705 33.3426 8.59875 4 2 0.0135662 8.39068e-05 12.7154 2 
0.379156 -3.96992e-06 -1 0.532828 0.161291 0.000652601 338.685 114359 3 52926.8 44.4027 10.6028 2 1 280.285 20.8381 13.4506 4 2 0.0127999 8.22339e-05 12.4761 2 
0.379809 -3.93218e-06 -1 0.532933 0.161505 0.000652601 339.224 114371 3 54139.2 152.386 7.08253 2 1 446.936 28.6672 15.5905 4 2 0.0138423 8.30782e-05 12.908 2 
0.380461 -3.92631e-06 -1 0.533038 0.16172 0.000652601 339.82 114363 3 60876.4 167.827 7.13174 2 1 247.563 30.0381 8.24161 4 2 0.0140366 8.42167e-05 12.9102 2 
0.381114 -3.93452e-06 -1 0.533144 0.161928 0.000652601 340.383 114366 3 60347.9 163.245 7.17696 2 1 295.471 24.7606 11.9331 4 2 0.0144637 9.51031e-05 12.3322 2 
0.381766 -3.91814e-06 -1 0.53325 0.162145 0.000652601 340.989 114355 3 60966.3 117.925 8.02591 2 1 328.394 26.5807 12.3546 4 2 0.0140833 9.9614e-05 11.8903 2 
0.382419 -3.91799e-06 -1 0.533355 0.162355 0.000652601 341.596 114344 2 46630.7 170.858 16.5203 2 1 394.294 32.1717 12.2559 4 2 0.0144468 9.61826e-05 12.2557 2 
0.383072 -3.91177e-06 -1 0.533461 0.162566 0.000652601 342.227 114325 3 61933.1 115.5 8.12419 2 1 400.36 36.8856 10.8541 4 2 0.0146717 8.91703e-05 12.8272 2 
0.383724 -3.8358e-06 -1 0.533567 0.162773 0.000652601 342.83 114315 3 59936.3 129.364 7.73795 2 1 536.808 44.3929 12.0922 4 2 0.0147151 8.54618e-05 13.1218 2 
0.384377 -3.87892e-06 -1 0.533674 0.162991 0.000652601 343.453 114298 3 60153.3 87.667 8.82012 2 1 251.12 26.2194 9.57765 4 2 0.0138768 8.40595e-05 12.8485 2 
0.385029 -3.86542e-06 -1 0.53378 0.163186 0.000652601 344.017 114301 3 59400.4 155.012 7.26342 2 1 247.493 19.1696 12.9107 4 2 0.0137403 8.05322e-05 13.0621 2 
0.385682 -3.8958e-06 -1 0.533887 0.163398 0.000652601 344.598 114299 3 60140.3 132.517 7.68477 2 1 412.111 31.6059 13.0391 4 2 0.0143637 7.70795e-05 13.651 2 
0.386335 -3.92037e-06 -1 0.533993 0.163635 0.000652601 345.168 114300 3 61558.1 158.557 7.29514 2 1 836.827 25.6436 32.633 4 2 0.014591 8.19256e-05 13.3454 2 
0.386987 -3.81291e-06 -1 0.5341 0.163826 0.000652601 345.767 114291 4 52844.8 74.1041 5.16761 2 1 266.658 18.1369 14.7025 4 2 0.0145476 7.95601e-05 13.5222 2 
0.38764 -3.78723e-06 -1 0.534207 0.164059 0.000652601 346.323 114297 3 59081.1 230.994 6.34769 2 1 295.331 28.5312 10.3512 4 2 0.0143289 7.72866e-05 13.6162 2 
0.388292 -3.83844e-06 -1 0.534314 0.164257 0.000652601 346.917 114290 4 53276 63.6628 5.3785 2 1 350.31 64.003 5.47333 4 2 0.014484 7.87096e-05 13.5653 2 
0.388945 -3.85081e-06 -1 0.534421 0.164465 0.000652601 347.463 114299 3 60079.8 152.893 7.32453 2 1 390.413 44.7935 8.71584 4 2 0.0138098 7.83626e-05 13.2752 2 
0.389598 -3.79258e-06 -1 0.534529 0.164686 0.000652601 348.009 114308 3 59504.8 212.137 6.54603 2 1 436.215 24.6811 17.6741 4 2 0.0146853 7.85912e-05 13.6696 2 
0.39025 -3.81282e-06 -1 0.534636 0.16489 0.000652601 348.564 114315 3 56390.5 72.0315 9.2164 2 1 439.181 72.7298 6.03854 4 2 0.0150663 7.81354e-05 13.8861 2 
0.390903 -3.91211e-06 -1 0.534744 0.165104 0.000652601 349.09 114330 3 58999.5 137.046 7.55083 2 1 445.669 43.0561 10.3509 4 2 0.0148626 7.92934e-05 13.6908 2 
0.391555 -4.00648e-06 -1 0.534852 0.165301 0.000652601 349.623 114343 3 60376 83.9539 8.95931 2 1 310.351 47.8365 6.48776 4 2 0.0147183 7.98092e-05 13.5801 2 
0.392208 -4.04979e-06 -1 0.534959 0.16551 0.000652601 350.181 114348 3 56884.1 99.3046 8.30502 2 1 375.011 29.6668 12.6408 4 2 0.0140722 7.93729e-05 13.3151 2 
0.392861 -4.02351e-06 -1 0.535067 0.165714 0.000652601 350.787 114337 3 61358 165.212 7.18803 2 1 273.07 19.3627 14.1029 4 2 0.0146814 7.87723e-05 13.652 2 
0.393513 -3.9569e-06 -1 0.535176 0.165932 0.000652601 351.331 114347 3 58303.2 162.087 7.11184 2 1 389.674 24.8895 15.6562 4 2 0.0147108 7.76882e-05 13.7607 2 
0.394166 -4.00542e-06 -1 0.535284 0.166131 0.000652601 351.892 114351 3 59766.8 141.125 7.50963 2 1 315.062 56.4656 5.57972 4 2 0.0146253 7.66735e-05 13.8111 2 
0.394818 -4.00379e-06 -1 0.535392 0.166346 0.000652601 352.427 114363 3 61625.6 107.946 8.29568 2 1 312.546 24.9396 12.5321 4 2 0.0147699 7.52125e-05 14.0134 2 
0.395471 -3.92744e-06 -1 0.535501 0.166559 0.000652601 352.975 114371 3 59862.5 125.903 7.805 2 1 426.369 33.2133 12.8373 4 2 0.01395 7.40866e-05 13.722 2 
0.396124 -3.87446e-06 -1 0.535609 0.166747 0.000652601 353.517 114381 3 58314.6 146.746 7.35196 2 1 316.412 43.831 7.21892 4 2 0.0140172 7.28644e-05 13.8699 2 
0.396776 -3.86895e-06 -1 0.535718 0.166965 0.000652601 354.057 114392 3 59537.7 126.622 7.77608 2 1 388.107 35.6077 10.8995 4 2 0.014257 7.17532e-05 14.0959 2 
0.397429 -3.90645e-06 -1 0.535827 0.167167 0.000652601 354.605 114400 3 58155.7 132.559 7.59849 2 1 308.672 25.6011 12.057 4 2 0.0144857 7.05825e-05 14.3259 2 
0.398081 -3.9215e-06 -1 0.535936 0.167382 0.000652601 355.229 114384 3 58980.5 180.223 6.89127 2 1 358.006 38.0785 9.4018 4 3 0.0150505 9.06348e-06 11.8418 2 
0.398734 -3.81313e-06 -1 0.536045 0.16758 0.000652601 355.876 114360 3 59153.7 145.779 7.40336 2 1 302.879 24.978 12.1258 4 3 0.0141734 2.21453e-05 8.61782 2 
0.399387 -3.86226e-06 -1 0.536154 0.167793 0.000652601 356.509 114340 3 52237.5 135.582 7.27657 2 1 437.541 31.4532 13.9109 4 3 0.0135061 5.77043e-05 6.16274 2 
0.400039 -3.8376e-06 -1 0.536264 0.167995 0.000652601 357.192 114305 3 60769.5 158.935 7.25808 2 1 280.174 19.1831 14.6053 4 4 0.0144966 1.86375e-05 5.28105 2 
0.400692 -3.91394e-06 -1 0.536374 0.168201 0.000652601 357.875 114270 3 60467.3 118.031 8.00157 2 1 272.136 18.0829 15.0493 4 4 0.0154162 1.922e-05 5.32177 2 
0.401344 -4.04832e-06 -1 0.536483 0.168401 0.000652601 358.487 114258 2 50911.5 142.093 18.9287 2 1 335.83 17.347 19.3596 4 3 0.014603 9.22711e-05 5.4091 2 
0.401997 -4.13721e-06 -1 0.536593 0.168621 0.000652601 359.109 114243 3 53878.1 96.3312 8.23913 2 1 501.547 31.2152 16.0674 4 3 0.0147616 8.498e-05 5.57963 2 
0.40265 -4.13838e-06 -1 0.536703 0.168812 0.000652601 359.728 114228 3 59001.9 174.419 6.96772 2 1 417.186 42.8484 9.73633 4 3 0.0153696 7.8869e-05 5.79765 2 
0.403302 -4.10798e-06 -1 0.536813 0.169015 0.000652601 360.358 114210 3 61103 87.3244 8.87787 2 1 401.59 23.2417 17.2789 4 3 0.0148556 6.60732e-05 6.08072 2 
0.403955 -4.15812e-06 -1 0.536924 0.169223 0.000652601 360.982 114194 3 53419.8 89.1712 8.42996 2 1 335.438 19.8162 16.9275 4 3 0.0146062 6.12818e-05 6.20015 2 
0.404607 -4.18493e-06 -1 0.537034 0.169425 0.000652601 361.633 114170 3 54376.5 173.243 6.79598 2 1 294.708 21.8797 13.4695 4 3 0.0140958 5.53879e-05 6.33711 2 
0.40526 -4.25098e-06 -1 0.537145 0.169634 0.000652601 362.232 114162 3 60725.5 153.338 7.34358 2 1 481.85 20.9634 22.9854 4 3 0.0148666 5.28331e-05 6.55292 2 
0.405913 -4.27457e-06 -1 0.537256 0.169829 0.000652601 362.828 114155 3 59571.3 75.8814 9.22502 2 1 1068.98 48.4574 22.0602 4 3 0.0153927 5.27432e-05 6.6331 2 
0.406565 -4.32642e-06 -1 0.537366 0.170038 0.000652601 363.419 114150 3 56512.7 152.405 7.18427 2 1 390.078 23.9568 16.2826 4 3 0.0150537 4.92375e-05 6.73672 2 
0.407218 -4.27062e-06 -1 0.537477 0.170206 0.000652601 364.069 114126 3 57648.5 131.039 7.60552 2 1 347.508 17.8735 19.4426 4 3 0.0149744 4.3562e-05 7.00508 2 
0.40787 -4.20663e-06 -1 0.537589 0.170433 0.000652601 364.696 114110 3 59966.2 168.453 7.08722 2 1 311.036 17.6677 17.6048 4 3 0.0154466 3.92055e-05 7.33098 2 
0.408523 -4.20244e-06 -1 0.5377 0.170635 0.000652601 365.275 114108 3 62647.3 137.612 7.69276 2 1 322.568 15.1468 21.2961 4 3 0.0143979 3.76988e-05 7.25533 2 
0.409176 -4.16566e-06 -1 0.537811 0.170848 0.000652601 365.884 114098 3 60420.3 104.102 8.34144 2 1 305.453 17.9581 17.0092 4 3 0.0152685 3.63842e-05 7.48676 2 
0.409828 -4.25157e-06 -1 0.537923 0.171039 0.000652601 366.507 114082 3 50837.7 42.9254 10.5801 2 1 996.245 28.6677 34.7514 4 3 0.0149109 3.58041e-05 7.46775 2 
0.410481 -4.26771e-06 -1 0.538034 0.171281 0.000652601 367.127 114068 3 58029.2 163.674 7.07765 2 1 354.258 19.9072 17.7955 4 3 0.0151737 3.5907e-05 7.50419 2 
0.411133 -4.31472e-06 -1 0.538146 0.171451 0.000652601 367.727 114060 3 60667.9 79.024 9.15658 2 1 387.014 36.0103 10.7473 4 3 0.0151582 3.57074e-05 7.51559 2 
0.411786 -4.3465e-06 -1 0.538258 0.171639 0.000652601 368.379 114036 3 54692.4 109.446 7.93553 2 1 433.119 29.4599 14.702 4 3 0.0153414 3.37047e-05 7.69234 2 
0.412439 -4.36503e-06 -1 0.53837 0.171848 0.000652601 368.992 114025 3 62053.2 138.74 7.64753 2 1 409.264 21.7108 18.8507 4 3 0.0150345 2.93937e-05 7.99732 2 
0.413091 -4.24067e-06 -1 0.538482 0.172049 0.000652601 369.617 114009 3 61555.8 161.229 7.25451 2 1 351.069 31.95 10.9881 4 3 0.0149971 2.61882e-05 8.30426 2 
0.413744 -4.2302e-06 -1 0.538594 0.172252 0.000652601 370.241 113994 3 57192 152.033 7.21882 2 1 357.822 33.3136 10.741 4 3 0.0155803 2.45744e-05 8.59075 2 
0.414396 -4.16327e-06 -1 0.538707 0.172456 0.000652601 370.893 113970 3 60764.9 202.149 6.69875 2 1 346.259 18.3756 18.8434 4 3 0.0151917 2.33274e-05 8.6679 2 
0.415049 -4.09014e-06 -1 0.538819 0.172654 0.000652601 371.667 113909 3 59878.5 157.755 7.24041 2 1 443.602 40.6629 10.9093 4 3 0.0138352 2.50886e-05 8.20043 2 
0.415702 -4.02052e-06 -1 0.538932 0.172838 0.000652601 372.423 113854 3 57879.1 144.996 7.36301 2 1 507.349 47.1531 10.7596 4 3 0.0143762 2.41574e-05 8.41132 2 
0.416354 -3.89927e-06 -1 0.539045 0.173028 0.000652601 373.139 113811 3 59589.1 148.319 7.37888 2 1 392.223 37.2072 10.5416 4 3 0.0148302 2.43597e-05 8.47536 2 
0.417007 -3.89183e-06 -1 0.539158 0.173235 0.000652601 373.869 113764 3 53720.5 109.076 7.89714 2 1 368.02 39.889 9.22611 4 3 0.0155288 2.39261e-05 8.65809 2 
0.417659 -3.8701e-06 -1 0.539271 0.173427 0.000652601 374.505 113746 3 61402.1 151.422 7.4017 2 1 328.218 29.9136 10.9722 4 3 0.0151071 2.41195e-05 8.55601 2 
0.418312 -3.77934e-06 -1 0.539384 0.173637 0.000652601 375.155 113724 3 56495.8 89.2159 8.58733 2 1 330.86 23.0841 14.3328 4 3 0.0142164 2.36648e-05 8.43779 2 
0.418965 -3.7861e-06 -1 0.539497 0.173845 0.000652601 375.773 113711 3 58957.1 145.143 7.40595 2 1 326.904 37.3469 8.75316 4 3 0.0147218 2.24858e-05 8.68329 2 
0.419617 -3.85328e-06 -1 0.53961 0.174037 0.000652601 376.39 113699 3 55151.3 112.685 7.88068 2 1 316.132 33.7066 9.37895 4 3 0.0152415 2.02131e-05 9.10189 2 
0.42027 -3.78734e-06 -1 0.539724 0.174229 0.000652601 377.002 113688 3 57027.1 159.93 7.09116 2 1 330.001 17.4501 18.9112 4 3 0.0149153 1.74422e-05 9.4917 2 
0.420922 -3.7698e-06 -1 0.539838 0.174429 0.000652601 377.645 113668 3 59193.2 154.493 7.26309 2 1 373.274 62.0269 6.01793 4 3 0.0143563 1.57716e-05 9.69145 2 
0.421575 -3.76442e-06 -1 0.539952 0.174625 0.000652601 378.322 113638 3 57990.9 172.435 6.95416 2 1 348.78 25.1414 13.8728 4 3 0.0155103 1.47185e-05 10.1762 2 
0.422228 -3.74503e-06 -1 0.540065 0.174813 0.000652601 378.936 113626 3 54097.8 128.862 7.48776 2 1 571.905 37.1625 15.3893 4 3 0.0157653 1.49006e-05 10.1898 2 
0.42288 -3.7316e-06 -1 0.54018 0.175018 0.000652601 379.551 113615 3 62191.7 176.175 7.06745 2 1 319.903 34.4684 9.28105 4 3 0.0146917 1.61937e-05 9.68075 2 
0.423533 -3.73372e-06 -1 0.540294 0.175217 0.000652601 380.176 113601 3 52425 191.645 6.49153 2 1 1088.55 34.6336 31.4304 4 3 0.0148896 1.61799e-05 9.72679 2 
0.424185 -3.71377e-06 -1 0.540408 0.175399 0.000652601 380.802 113586 3 59499.3 92.4783 8.63291 2 1 275.003 37.6676 7.3008 4 3 0.0154592 1.47108e-05 10.1668 2 
0.424838 -3.67977e-06 -1 0.540522 0.175609 0.000652601 381.412 113576 3 61799.5 144.208 7.53932 2 1 592.699 85.7908 6.90865 4 3 0.0148666 1.53235e-05 9.8996 2 
0.425491 -3.65524e-06 -1 0.540637 0.175823 0.000652601 382.041 113561 3 61387.2 164.484 7.19975 2 1 328.701 30.2465 10.8674 4 3 0.0155972 1.48619e-05 10.1623 2 
0.426143 -3.71405e-06 -1 0.540752 0.175992 0.000652601 382.683 113541 3 53942.9 87.3156 8.51689 2 1 301.524 23.1074 13.0488 4 3 0.0155486 1.51837e-05 10.0795 2 
0.426796 -3.79835e-06 -1 0.540867 0.176188 0.000652601 383.285 113534 3 57336.4 108.021 8.09668 2 1 311.624 27.7178 11.2428 4 3 0.0151708 1.50871e-05 10.0185 2 
0.427448 -3.83136e-06 -1 0.540982 0.176377 0.000652601 383.944 113510 2 47552.4 140.038 18.4273 2 1 322.309 40.0879 8.04005 4 3 0.0157029 1.50728e-05 10.1375 2 
0.428101 -3.87538e-06 -1 0.541097 0.176577 0.000652601 384.55 113502 3 59428.3 152.956 7.29696 2 1 592.727 35.0829 16.895 4 3 0.0155188 1.34441e-05 10.49 2 
0.428754 -3.91856e-06 -1 0.541212 0.176768 0.000652601 385.181 113486 3 60374.6 78.7402 9.15277 2 1 513.543 48.3386 10.6239 4 3 0.0155242 1.10788e-05 11.1902 2 
0.429406 -3.93304e-06 -1 0.541327 0.176961 0.000652601 385.736 113492 3 59017.1 155.738 7.23648 2 1 430.955 35.0987 12.2784 4 2 0.0154417 9.03616e-05 13.0724 2 
0.430059 -3.98897e-06 -1 0.541443 0.177146 0.000652601 386.28 113502 3 62756.4 133.774 7.77013 2 1 379.025 45.5321 8.32435 4 2 0.0154348 7.977e-05 13.9101 2 
0.430711 -3.95778e-06 -1 0.541559 0.177337 0.000652601 386.832 113510 3 57873.4 120.564 7.82986 2 1 337.501 23.0553 14.6387 4 2 0.0154449 8.8432e-05 13.2156 2 
0.431364 -3.94652e-06 -1 0.541674 0.17753 0.000652601 387.473 113491 3 56487.8 146.204 7.28336 2 1 328.362 23.9092 13.7337 4 3 0.0156436 9.35874e-06 11.8679 2 
0.432017 -3.94951e-06 -1 0.54179 0.177737 0.000652601 388.124 113469 3 59050.3 99.0379 8.41667 2 1 369.696 12.8217 28.8336 4 3 0.0151665 1.03937e-05 11.3424 2 
0.432669 -3.99617e-06 -1 0.541906 0.177922 0.000652601 388.754 113454 3 60814.4 55.8169 10.29 2 1 380.841 27.8029 13.6979 4 3 0.01535 1.09673e-05 11.1859 2 
0.433322 -4.02412e-06 -1 0.542022 0.178111 0.000652601 389.395 113436 3 54727.9 137.176 7.36168 2 1 337.804 42.1815 8.00835 4 3 0.0141619 1.01448e-05 11.1762 2 
0.433974 -4.00738e-06 -1 0.542138 0.178307 0.000652601 389.981 113433 3 60476.1 140.011 7.55916 2 1 314.492 31.222 10.0728 4 3 0.0143204 9.59102e-06 11.4296 2 
0.434627 -4.00252e-06 -1 0.542255 0.178492 0.000652601 390.599 113422 3 60102.2 138.541 7.57014 2 1 348.476 20.4733 17.021 4 3 0.0152856 9.60873e-06 11.6736 2 
0.43528 -3.98463e-06 -1 0.542371 0.178688 0.000652601 391.135 113434 3 62277.6 168.622 7.17474 2 1 302.791 33.6448 8.99965 4 2 0.0159432 9.81301e-05 12.7464 2 
0.435932 -4.08129e-06 -1 0.542488 0.178876 0.000652601 391.676 113444 3 60265.4 80.4435 9.08223 2 1 331.242 22.381 14.8002 4 2 0.0155141 9.45932e-05 12.8066 2 
0.436585 -4.14678e-06 -1 0.542605 0.179062 0.000652601 392.241 113448 3 57057.5 106.682 8.11723 2 1 329.639 18.5131 17.8057 4 2 0.014792 9.807e-05 12.2813 2 
0.437237 -4.17027e-06 -1 0.542721 0.17926 0.000652601 392.78 113459 3 57033.1 118.137 7.84477 2 1 316.716 17.4505 18.1494 4 2 0.0155173 9.7341e-05 12.6259 2 
0.43789 -4.18404e-06 -1 0.542838 0.179446 0.000652601 393.405 113446 3 59990.9 172.51 7.03218 2 1 311.912 43.9016 7.10479 4 2 0.016191 8.97082e-05 13.4345 2 
0.438543 -4.33437e-06 -1 0.542956 0.179649 0.000652601 393.96 113452 3 61264.2 124.773 7.88913 2 1 615.258 59.2605 10.3823 4 2 0.0148507 7.44544e-05 14.123 2 
0.439195 -4.41238e-06 -1 0.543073 0.179823 0.000652601 394.5 113463 3 57880.8 126.601 7.70369 2 1 416.76 37.1257 11.2256 4 2 0.0149354 6.62261e-05 15.0173 2 
0.439848 -4.35957e-06 -1 0.54319 0.180011 0.000652601 395.053 113470 3 54647.1 68.0459 9.29512 2 1 414.606 28.3389 14.6303 4 2 0.0159119 6.63848e-05 15.482 2 
0.4405 -4.38517e-06 -1 0.543308 0.180223 0.000652601 395.585 113483 3 59762.8 122.85 7.86475 2 1 388.13 31.3821 12.3679 4 2 0.0157484 7.41596e-05 14.5725 2 
0.441153 -4.44161e-06 -1 0.543425 0.180394 0.000652601 396.128 113493 3 59641.1 162.072 7.16604 2 1 372.454 24.9253 14.9428 4 2 0.0148999 7.70001e-05 13.9106 2 
0.441806 -4.54749e-06 -1 0.543543 0.180586 0.000652601 396.695 113496 3 61782.4 135.175 7.70293 2 1 499.7 27.8734 17.9275 4 2 0.0158728 8.08454e-05 14.0119 2 
0.442458 -4.70863e-06 -1 0.543661 0.180766 0.000652601 397.233 113507 3 58651.7 154.868 7.23501 2 1 347.976 36.4826 9.53816 4 2 0.0159435 8.13637e-05 13.9983 2 
0.443111 -4.70815e-06 -1 0.543779 0.180947 0.000652601 397.767 113519 3 57573.5 155.239 7.18468 2 1 378.172 37.0848 10.1975 4 2 0.0150759 9.05875e-05 12.9005 2 
0.443763 -4.692e-06 -1 0.543897 0.181146 0.000652601 398.313 113528 3 52530.4 104.759 7.94462 2 1 374.573 32.1636 11.6459 4 2 0.0160524 8.87677e-05 13.4475 2 
0.444416 -4.63238e-06 -1 0.544015 0.181327 0.000652601 398.905 113524 3 61733.7 115.532 8.11472 2 1 347.698 22.8865 15.1923 4 2 0.0153826 7.99658e-05 13.8695 2 
0.445069 -4.64234e-06 -1 0.544133 0.181518 0.000652601 399.458 113531 3 58076.8 164.867 7.06246 2 1 361.419 23.3221 15.4968 4 2 0.0159169 7.72966e-05 14.3499 2 
0.445721 -4.63187e-06 -1 0.544252 0.181714 0.000652601 400.002 113540 3 58568 160.714 7.1428 2 1 341.677 26.8478 12.7264 4 2 0.0159117 8.3168e-05 13.8319 2 
0.446374 -4.63848e-06 -1 0.54437 0.181888 0.000652601 400.57 113543 3 60038.3 49.1931 10.6866 2 1 342.837 27.6507 12.3989 4 2 0.0159788 8.09345e-05 14.0509 2 
0.447026 -4.67555e-06 -1 0.544489 0.182071 0.000652601 401.213 113525 3 56038.2 110.054 7.98532 2 1 379.141 23.5781 16.0802 4 2 0.0156574 7.84006e-05 14.1319 2 
0.447679 -4.65063e-06 -1 0.544608 0.182262 0.000652601 401.834 113512 3 56578.7 33.0876 11.9581 2 1 357.302 27.9143 12.8 4 2 0.0159574 9.09742e-05 13.2441 2 
0.448332 -4.66304e-06 -1 0.544727 0.182456 0.000652601 402.518 113482 3 60784.8 151.834 7.37013 2 1 394.943 30.6297 12.8941 4 3 0.0159014 1.86796e-05 9.47739 2 
0.448984 -4.82877e-06 -1 0.544846 0.182623 0.000652601 403.183 113457 3 57895.9 162.76 7.08543 2 1 395.568 36.7622 10.7602 4 3 0.0157272 5.36323e-05 6.64367 2 
0.449637 -4.98155e-06 -1 0.544965 0.182808 0.000652601 403.912 113415 3 58809.7 80.0835 9.02198 2 1 401.087 34.5986 11.5926 4 3 0.0157001 9.50828e-05 5.48614 2 
0.450289 -5.01426e-06 -1 0.545084 0.183 0.000652601 404.518 113407 3 62818.1 92.5105 8.78951 2 1 625.875 44.3616 14.1085 4 3 0.0161014 9.12077e-05 5.60976 2 
0.450942 -4.96959e-06 -1 0.545204 0.183184 0.000652601 405.154 113391 3 61308 124.14 7.9044 2 1 369.705 52.0867 7.09787 4 3 0.014258 8.22534e-05 5.57573 2 
0.451595 -4.87479e-06 -1 0.545323 0.183366 0.000652601 405.765 113381 3 52595.7 26.0973 12.6314 2 1 389.905 45.5704 8.5561 4 3 0.0148307 7.54381e-05 5.81465 2 
0.452247 -4.88326e-06 -1 0.545443 0.183552 0.000652601 406.395 113367 3 58269.5 148.432 7.32214 2 1 437.34 45.1733 9.68137 4 3 0.0156788 6.75217e-05 6.14644 2 
0.4529 -4.88372e-06 -1 0.545562 0.183731 0.000652601 407.022 113354 3 59547.8 112.639 8.08585 2 1 319.455 32.8117 9.73599 4 3 0.0161792 5.9645e-05 6.47333 2 
0.453552 -4.85515e-06 -1 0.545682 0.183914 0.000652601 407.662 113336 3 53403.7 140.015 7.25213 2 1 365.124 38.0312 9.60065 4 3 0.015815 5.33683e-05 6.66698 2 
0.454205 -4.83107e-06 -1 0.545802 0.184101 0.000652601 408.304 113319 3 55094.8 87.8942 8.55822 2 1 321.001 37.3945 8.58417 4 3 0.0155026 4.95046e-05 6.79078 2 
0.454858 -4.7976e-06 -1 0.545922 0.1843 0.000652601 408.909 113311 3 57747.4 148.581 7.29777 2 1 304.166 24.7951 12.2672 4 3 0.015851 4.99926e-05 6.81894 2 
0.45551 -4.85794e-06 -1 0.546043 0.184479 0.000652601 409.571 113288 3 60746.4 156.077 7.3012 2 1 320.708 39.5983 8.09905 4 3 0.0160264 4.74941e-05 6.96196 2 
0.456163 -4.76059e-06 -1 0.546163 0.184638 0.000652601 410.209 113272 3 59680.4 55.2349 10.2614 2 1 363.364 32.9061 11.0425 4 3 0.0150773 4.17871e-05 7.11914 2 
0.456815 -4.77332e-06 -1 0.546284 0.18481 0.000652601 410.82 113263 3 62851.6 147.864 7.51885 2 1 522.127 41.9541 12.4452 4 3 0.0158087 3.68381e-05 7.54281 2 
0.457468 -4.74809e-06 -1 0.546404 0.185005 0.000652601 411.457 113247 3 34942.4 68.2369 8.00039 2 1 394.631 28.8553 13.6762 4 3 0.0166086 3.51604e-05 7.78802 2 
0.458121 -4.74541e-06 -1 0.546525 0.185194 0.000652601 412.097 113230 3 59041.2 77.1376 9.14737 2 1 345.501 30.2874 11.4074 4 3 0.0157234 3.43215e-05 7.70891 2 
0.458773 -4.79117e-06 -1 0.546646 0.185369 0.000652601 412.725 113216 3 62340.6 137.155 7.6887 2 1 304.657 34.124 8.92793 4 3 0.0159738 3.35013e-05 7.81237 2 
0.459426 -4.79376e-06 -1 0.546767 0.185546 0.000652601 413.336 113208 3 55698 140.687 7.3428 2 1 342.334 39.8299 8.59489 4 3 0.0164975 3.39945e-05 7.85844 2 
0.460078 -4.72952e-06 -1 0.546888 0.185734 0.000652601 413.957 113196 3 56318.3 207.479 6.47478 2 1 365.245 22.1262 16.5073 4 3 0.0154738 3.34745e-05 7.73205 2 
0.460731 -4.71542e-06 -1 0.547009 0.18591 0.000652601 414.61 113176 3 63403.3 110.554 8.3083 2 1 572.326 33.8906 16.8874 4 3 0.0164645 3.18611e-05 8.02471 2 
0.461384 -4.65716e-06 -1 0.547131 0.186083 0.000652601 415.209 113170 3 56206.4 152.243 7.17381 2 1 362.665 24.1388 15.0241 4 3 0.0157368 3.15677e-05 7.92911 2 
0.462036 -4.59839e-06 -1 0.547252 0.186267 0.000652601 415.808 113165 3 61000.2 95.2337 8.62012 2 1 379.638 28.6393 13.2558 4 3 0.0162492 3.16749e-05 8.0052 2 
0.462689 -4.59729e-06 -1 0.547374 0.186453 0.000652601 416.42 113156 3 57216.2 166.773 7.00053 2 1 372.976 29.6798 12.5667 4 3 0.0161339 3.20109e-05 7.95818 2 
0.463341 -4.58748e-06 -1 0.547495 0.186627 0.000652601 417.022 113150 3 62008.4 166.663 7.19234 2 1 410.288 25.4689 16.1094 4 3 0.0163259 3.32014e-05 7.89298 2 
0.463994 -4.526e-06 -1 0.547617 0.186804 0.000652601 417.66 113134 3 60438.7 162.663 7.18912 2 1 371.195 32.1746 11.5369 4 3 0.0163632 3.76536e-05 7.57449 2 
0.464647 -4.62012e-06 -1 0.547739 0.186967 0.000652601 418.271 113125 3 61191.4 110.01 8.22406 2 1 384.312 43.8196 8.77031 4 3 0.0158236 3.13401e-05 7.96284 2 
0.465299 -4.6916e-06 -1 0.547861 0.187158 0.000652601 418.869 113120 3 53842.9 122.66 7.59992 2 1 395.316 35.8151 11.0377 4 3 0.0159329 3.39107e-05 7.77415 2 
0.465952 -4.70325e-06 -1 0.547983 0.187347 0.000652601 419.438 113123 1 665.273 99.7185 6.67152 2 1 413.25 23.3177 17.7226 4 3 0.0163614 3.45453e-05 7.7949 2 
0.466604 -4.6654e-06 -1 0.548105 0.187521 0.000652601 420.079 113106 3 62157.2 128.206 7.85588 2 1 455.945 32.8637 13.8738 4 3 0.0160473 3.5002e-05 7.71086 2 
0.467257 -4.67307e-06 -1 0.548228 0.187699 0.000652601 420.701 113095 3 59117.1 144.644 7.42115 2 1 400.549 47.6741 8.40182 4 3 0.0160119 3.62857e-05 7.61323 2 
0.46791 -4.69582e-06 -1 0.54835 0.187865 0.000652601 421.3 113090 3 60593.2 112.371 8.13935 2 1 362.939 56.7381 6.39674 4 3 0.0151134 3.67865e-05 7.43403 2 
0.468562 -4.66729e-06 -1 0.548473 0.188031 0.000652601 421.893 113086 3 58680.2 160.148 7.15577 2 1 456.692 29.4253 15.5204 4 3 0.0151432 3.70415e-05 7.4218 2 
0.469215 -4.69488e-06 -1 0.548595 0.188213 0.000652601 422.509 113076 3 63612.7 128.22 7.91643 2 1 330.467 47.8894 6.90064 4 3 0.0160283 3.57992e-05 7.65017 2 
0.469867 -4.66219e-06 -1 0.548718 0.188397 0.000652601 423.116 113069 3 54766 31.5057 12.0238 2 1 723.233 36.4788 19.8261 4 3 0.0162879 3.68016e-05 7.62078 2 
0.47052 -4.68971e-06 -1 0.548841 0.188584 0.000652601 423.738 113058 3 58128.9 93.8612 8.52384 2 1 382.11 30.5871 12.4925 4 3 0.0161167 3.55064e-05 7.68523 2 
0.471173 -4.73859e-06 -1 0.548964 0.188764 0.000652601 424.352 113048 3 60045.5 148.247 7.39886 2 1 405.129 36.4202 11.1238 4 3 0.0160864 3.51662e-05 7.70509 2 
0.471825 -4.80457e-06 -1 0.549087 0.188927 0.000652601 424.947 113044 3 58298.5 175.885 6.92059 2 1 410.137 31.7607 12.9134 4 3 0.0160799 3.50615e-05 7.71172 2 
0.472478 -4.79828e-06 -1 0.54921 0.18909 0.000652601 425.6 113025 3 61731.6 165.731 7.19506 2 1 360.668 32.3707 11.1418 4 3 0.0155181 3.4356e-05 7.67264 2 
0.47313 -4.82305e-06 -1 0.549334 0.18927 0.000652601 426.194 113021 3 60401.5 81.899 9.03489 2 1 385.186 41.9309 9.1862 4 3 0.0156052 3.41439e-05 7.70286 2 
0.473783 -4.82796e-06 -1 0.549457 0.189448 0.000652601 426.793 113016 3 52281.3 143.059 7.14952 2 1 383.559 33.8534 11.33 4 3 0.0165783 3.44898e-05 7.83339 2 
0.474436 -4.84532e-06 -1 0.549581 0.189611 0.000652601 427.412 113006 3 62471 182.62 6.99375 2 1 510.803 27.9015 18.3074 4 3 0.016068 3.53769e-05 7.68683 2 
0.475088 -4.90491e-06 -1 0.549705 0.18979 0.000652601 428.025 112997 3 53694.5 120.046 7.64763 2 1 513.911 27.2845 18.8353 4 3 0.0159822 3.36265e-05 7.80402 2 
0.475741 -4.8462e-06 -1 0.549829 0.189968 0.000652601 428.647 112986 3 60435.7 167.679 7.11658 2 1 406.369 58.5167 6.94449 4 3 0.0164398 3.38186e-05 7.86285 2 
0.476393 -4.85136e-06 -1 0.549953 0.190136 0.000652601 429.241 112982 3 48583.8 38.0221 10.8514 2 1 461.268 23.8623 19.3304 4 3 0.0155099 3.38087e-05 7.71248 2 
0.477046 -4.8307e-06 -1 0.550077 0.19031 0.000652601 429.828 112981 3 63989.6 104.561 8.4901 2 1 434.851 16.452 26.4316 4 3 0.0165063 3.35077e-05 7.89772 2 
0.477699 -4.87628e-06 -1 0.550201 0.19048 0.000652601 430.468 112965 3 60693.8 154.22 7.32827 2 1 453.025 25.2232 17.9606 4 3 0.0164686 3.35853e-05 7.88562 2 
0.478351 -4.90372e-06 -1 0.550325 0.190667 0.000652601 431.217 112921 3 58673.4 162.69 7.11803 2 1 422.168 20.4268 20.6674 4 3 0.0165129 3.40718e-05 7.85493 2 
0.479004 -4.96792e-06 -1 0.55045 0.190818 0.000652601 431.908 112892 3 56037.2 112.761 7.92087 2 1 412.93 27.3627 15.091 4 3 0.0163118 3.47768e-05 7.76969 2 
0.479656 -4.95727e-06 -1 0.550574 0.190991 0.000652601 432.604 112861 3 51550.6 45.1676 10.4505 2 1 479.481 26.2858 18.2411 4 3 0.0165039 3.49251e-05 7.78903 2 
0.480309 -4.93716e-06 -1 0.550699 0.191161 0.000652601 433.305 112830 3 51842.4 55.3938 9.78155 2 1 406.447 21.1331 19.2327 4 3 0.0162235 3.48696e-05 7.74877 2 
0.480962 -4.94549e-06 -1 0.550824 0.19133 0.000652601 433.964 112810 3 62371 154.587 7.3893 2 1 442.073 19.7725 22.358 4 3 0.0162164 3.44633e-05 7.77797 2 
0.481614 -4.89635e-06 -1 0.550949 0.191487 0.000652601 434.605 112794 3 58865.5 139.808 7.49508 2 1 495.325 34.507 14.3543 4 3 0.0167774 3.38321e-05 7.91525 2 
0.482267 -4.89603e-06 -1 0.551074 0.191671 0.000652601 435.221 112785 3 64781.9 116.246 8.22923 2 1 561.458 35.9424 15.621 4 3 0.0154952 3.27858e-05 7.7894 2 
0.482919 -4.98507e-06 -1 0.551199 0.191855 0.000652601 435.872 112767 3 61009.3 159.538 7.25845 2 1 419.028 47.7445 8.77647 4 3 0.015953 3.12765e-05 7.98989 2 
0.483572 -4.89985e-06 -1 0.551324 0.192017 0.000652601 436.481 112760 3 56212.1 156.917 7.10209 2 1 431.472 47.3481 9.11277 4 3 0.0167411 3.19127e-05 8.06505 2 
0.484225 -4.8516e-06 -1 0.551449 0.192187 0.000652601 437.089 112753 3 61428.8 98.062 8.55639 2 1 507.337 57.7652 8.78274 4 3 0.0156081 3.09099e-05 7.96315 2 
0.484877 -4.83433e-06 -1 0.551574 0.19235 0.000652601 437.756 112731 4 59321.5 62.9319 5.54096 2 1 357.92 40.4446 8.84964 4 3 0.0154327 3.21558e-05 7.82939 2 
0.48553 -4.8749e-06 -1 0.5517 0.192526 0.000652601 438.613 112660 3 53126.8 174.836 6.72297 2 1 465.407 60.7311 7.66339 4 3 0.0161473 2.89603e-05 8.23061 2 
0.486182 -4.89784e-06 -1 0.551826 0.192701 0.000652601 439.317 112629 3 62972.1 223.567 6.55511 2 1 383.343 52.6175 7.28545 4 3 0.0161853 3.01488e-05 8.12738 2 
0.486835 -4.9515e-06 -1 0.551951 0.192873 0.000652601 440.004 112602 3 64291.4 173.419 7.18377 2 1 542.349 34.5413 15.7015 4 3 0.0155611 3.07765e-05 7.96661 2 
0.487488 -4.96741e-06 -1 0.552077 0.193024 0.000652601 440.661 112583 2 47191.9 131.051 18.9764 2 1 359.668 31.4424 11.439 4 3 0.0163355 3.04217e-05 8.12799 2 
0.48814 -5.07539e-06 -1 0.552203 0.193215 0.000652601 441.374 112549 3 63397.4 146.029 7.57199 2 1 535.631 91.362 5.86274 4 3 0.0167826 3.04288e-05 8.20084 2 
0.488793 -5.05243e-06 -1 0.552329 0.193365 0.000652601 442.011 112535 3 61281.3 186.534 6.90012 2 1 394.452 51.9756 7.58918 4 3 0.0153525 3.01466e-05 7.9857 2 
0.489445 -5.02245e-06 -1 0.552455 0.193528 0.000652601 442.63 112526 3 59513.7 178.277 6.93704 2 1 472.302 45.0863 10.4755 4 3 0.0162025 2.98146e-05 8.16051 2 
0.490098 -5.01372e-06 -1 0.552582 0.193695 0.000652601 443.344 112493 4 59720.9 104.593 4.88828 2 1 393.003 47.2822 8.31187 4 3 0.017366 2.91399e-05 8.41532 2 
0.490751 -5.00926e-06 -1 0.552708 0.193864 0.000652601 443.953 112486 3 56151.4 156.262 7.10944 2 1 444.334 62.567 7.10173 4 3 0.0165851 2.91918e-05 8.28233 2 
0.491403 -5.00938e-06 -1 0.552835 0.194023 0.000652601 444.566 112478 3 54347.6 144.533 7.2178 2 1 447.109 50.2398 8.89949 4 3 0.0166116 2.95449e-05 8.2536 2 
0.492056 -4.98284e-06 -1 0.552961 0.194193 0.000652601 445.176 112471 3 50000.4 36.8545 11.0703 2 1 370.064 31.4135 11.7804 4 3 0.0162905 2.98693e-05 8.17028 2 
0.492708 -4.99626e-06 -1 0.553088 0.194347 0.000652601 445.785 112465 3 58279.5 137.44 7.51277 2 1 393.505 37.154 10.5912 4 3 0.0167521 3.07679e-05 8.16564 2 
0.493361 -5.09048e-06 -1 0.553215 0.19452 0.000652601 446.413 112453 3 60471.1 125.803 7.83345 2 1 378.864 33.8335 11.1979 4 3 0.0158986 3.10225e-05 8.00254 2 
0.494014 -5.1763e-06 -1 0.553342 0.194684 0.000652601 447.066 112436 3 61708.6 93.4632 8.70766 2 1 459.522 28.4824 16.1335 4 3 0.016566 3.13136e-05 8.08776 2 
0.494666 -5.14565e-06 -1 0.553469 0.194837 0.000652601 447.697 112423 3 58459.2 155.66 7.21481 2 1 371.766 38.0743 9.7642 4 3 0.0160627 3.12311e-05 8.01205 2 
0.495319 -5.20815e-06 -1 0.553596 0.195008 0.000652601 448.35 112406 3 56014.9 154.121 7.13642 2 1 377.478 51.4799 7.33254 4 3 0.0173934 3.05955e-05 8.28404 2 
0.495971 -5.21132e-06 -1 0.553723 0.195177 0.000652601 448.971 112396 3 52489.5 115.246 7.69393 2 1 483.271 23.0963 20.9241 4 3 0.0163434 7.24557e-05 6.08728 2 
0.496624 -5.20044e-06 -1 0.55385 0.195342 0.000652601 449.645 112374 3 64582.1 92.9461 8.85714 2 1 399.687 30.0556 13.2983 4 4 0.0169419 2.17462e-05 5.28318 2 
0.497277 -5.22713e-06 -1 0.553978 0.195504 0.000652601 450.314 112352 3 59072.3 41.3153 11.2657 2 1 424.357 46.0531 9.21452 4 4 0.0171533 2.13297e-05 5.32526 2 
0.497929 -5.25376e-06 -1 0.554105 0.195665 0.000652601 450.925 112345 3 61002.8 100.258 8.47378 2 1 461.333 20.9544 22.016 4 3 0.0148071 9.98401e-05 5.29324 2 
0.498582 -5.29284e-06 -1 0.554233 0.195826 0.000652601 451.562 112332 3 62670.3 104.559 8.4314 2 1 373.873 33.0501 11.3123 4 3 0.0161411 9.17723e-05 5.60283 2 
0.499234 -5.24351e-06 -1 0.554361 0.195992 0.000652601 452.188 112322 3 63987.2 106.8 8.43025 2 1 404.125 56.7479 7.12141 4 3 0.0170394 7.72006e-05 6.04335 2 
0.499887 -5.1976e-06 -1 0.554489 0.196157 0.000652601 452.789 112317 3 52294.6 120.446 7.57218 2 1 540.943 35.6704 15.165 4 3 0.0166514 6.9497e-05 6.211 2 
0.50054 -5.19829e-06 -1 0.554617 0.196314 0.000652601 453.387 112313 3 58087.2 161.019 7.1187 2 1 425.724 27.0073 15.7633 4 3 0.0158648 6.20629e-05 6.3465 2 
0.501192 -5.21685e-06 -1 0.554745 0.196479 0.000652601 454.031 112299 3 57338.8 142.897 7.37578 2 1 404.094 37.0881 10.8955 4 3 0.0164173 5.92977e-05 6.5176 2 
0.501845 -5.25349e-06 -1 0.554873 0.196626 0.000652601 454.641 112292 3 56753.2 136.54 7.46295 2 1 586.953 30.1946 19.439 4 3 0.0166524 5.82723e-05 6.58676 2 
0.502497 -5.29229e-06 -1 0.555001 0.1968 0.000652601 455.226 112292 3 58337.7 166.901 7.04418 2 1 427.159 25.8526 16.5229 4 3 0.0153271 5.30032e-05 6.6128 2 
0.50315 -5.33679e-06 -1 0.55513 0.196976 0.000652601 455.859 112279 3 65839.8 148.63 7.62302 2 1 328.512 19.6921 16.6824 4 3 0.0167581 4.62734e-05 7.12795 2 
0.503803 -5.16603e-06 -1 0.555258 0.197121 0.000652601 456.482 112270 3 64025.5 138.542 7.73138 2 1 397.332 41.1534 9.65491 4 3 0.0169582 4.29413e-05 7.33671 2 
0.504455 -5.17075e-06 -1 0.555387 0.197293 0.000652601 457.113 112258 3 57695.8 117.801 7.88251 2 1 730.222 41.1513 17.7448 4 3 0.015843 4.06001e-05 7.30752 2 
0.505108 -5.3434e-06 -1 0.555516 0.197437 0.000652601 457.747 112246 3 56342.6 141.817 7.35139 2 1 439.869 37.0709 11.8656 4 3 0.0168745 4.03956e-05 7.47537 2 
0.50576 -5.39892e-06 -1 0.555645 0.197608 0.000652601 458.354 112240 3 62189.2 144.893 7.5432 2 1 371.955 26.7805 13.889 4 3 0.0168631 4.026e-05 7.48206 2 
0.506413 -5.40521e-06 -1 0.555774 0.197753 0.000652601 458.956 112236 3 62263.8 120.63 8.02158 2 1 457.266 23.1544 19.7485 4 3 0.0170349 3.98757e-05 7.53142 2 
0.507066 -5.48195e-06 -1 0.555903 0.197916 0.000652601 459.574 112227 3 52098.9 27.9405 12.3083 2 1 414.856 33.824 12.2651 4 3 0.0165958 3.70766e-05 7.64949 2 
0.507718 -5.4882e-06 -1 0.556032 0.198071 0.000652601 460.191 112219 3 65609.9 153.281 7.53634 2 1 395.671 26.1508 15.1304 4 3 0.0160296 3.17175e-05 7.9654 2 
0.508371 -5.51019e-06 -1 0.556161 0.198222 0.000652601 460.794 112215 3 57987.1 156.558 7.18157 2 1 376.792 18.2396 20.6579 4 3 0.0167506 2.87116e-05 8.35586 2 
0.509023 -5.53338e-06 -1 0.556291 0.198383 0.000652601 461.583 112165 3 61952 144.302 7.54387 2 1 422.426 24.7452 17.0711 4 3 0.0162335 2.68699e-05 8.45374 2 
0.509676 -5.54656e-06 -1 0.55642 0.198544 0.000652601 462.252 112145 3 60225.8 126.594 7.8065 2 1 451.942 21.0823 21.4371 4 3 0.0167977 2.63906e-05 8.60202 2 
0.510329 -5.47739e-06 -1 0.55655 0.198699 0.000652601 463.016 112101 3 64720.4 110.916 8.35633 2 1 424.378 26.1246 16.2444 4 3 0.0166711 2.81887e-05 8.39389 2 
0.510981 -5.44904e-06 -1 0.556679 0.198862 0.000652601 463.712 112074 3 63177.4 158.859 7.35388 2 1 430.389 22.719 18.944 4 3 0.0164805 2.7247e-05 8.45701 2 
0.511634 -5.48876e-06 -1 0.556809 0.199006 0.000652601 464.353 112060 3 56670.1 132.994 7.52501 2 1 442.401 25.3099 17.4794 4 3 0.0165194 2.70616e-05 8.48295 2 
0.512286 -5.44914e-06 -1 0.556939 0.199173 0.000652601 464.965 112054 3 61400.8 119.577 8.00773 2 1 463.85 31.3084 14.8155 4 3 0.0168752 2.71417e-05 8.535 2 
0.512939 -5.39344e-06 -1 0.557069 0.199328 0.000652601 465.578 112047 3 57701.7 155.795 7.18145 2 1 478.519 24.746 19.3372 4 3 0.0152064 2.6333e-05 8.32739 2 
0.513592 -5.39927e-06 -1 0.557199 0.199487 0.000652601 466.159 112048 2 41265.7 160.309 16.0441 2 1 461.328 37.1178 12.4288 4 3 0.0156448 2.45962e-05 8.60004 2 
0.514244 -5.41931e-06 -1 0.557329 0.19965 0.000652601 466.768 112042 3 56049.7 157.275 7.08986 2 1 610.459 63.6913 9.58466 4 3 0.0174286 2.27774e-05 9.14644 2 
0.514897 -5.47764e-06 -1 0.557459 0.199783 0.000652601 467.391 112033 3 65935.4 145.042 7.68908 2 1 596.922 52.1401 11.4484 4 3 0.0165103 2.20712e-05 9.07772 2 
0.515549 -5.54544e-06 -1 0.557589 0.199953 0.000652601 468.046 112016 3 60184.3 124.373 7.85088 2 1 521.366 54.0164 9.652 4 3 0.0167942 2.14079e-05 9.22277 2 
0.516202 -5.61736e-06 -1 0.55772 0.20011 0.000652601 468.693 112002 3 55701.2 158.544 7.05621 2 1 379.607 34.3089 11.0644 4 3 0.0164837 2.11774e-05 9.19872 2 
0.516855 -5.78491e-06 -1 0.55785 0.20026 0.000652601 469.294 111998 3 59451.7 156.124 7.24823 2 1 448.872 53.1019 8.45302 4 3 0.0173017 2.12065e-05 9.34414 2 
0.517507 -5.86698e-06 -1 0.557981 0.200402 0.000652601 469.899 111993 3 53496.1 163.735 6.88747 2 1 392.693 31.7001 12.3877 4 3 0.0156749 2.13154e-05 9.02618 2 
0.51816 -5.84109e-06 -1 0.558112 0.200554 0.000652601 470.518 111985 3 58720.4 138.485 7.5127 2 1 367.966 43.4346 8.47174 4 3 0.0164748 2.16296e-05 9.13252 2 
0.518812 -5.85424e-06 -1 0.558243 0.200724 0.000652601 471.138 111977 3 64840.2 123.981 8.05681 2 1 470.938 39.295 11.9847 4 3 0.0168561 2.19249e-05 9.16094 2 
0.519465 -5.88249e-06 -1 0.558374 0.200877 0.000652601 471.755 111969 3 63355.8 161.68 7.31774 2 1 376.632 41.0438 9.17635 4 3 0.0165818 2.22652e-05 9.06431 2 
0.520118 -5.92575e-06 -1 0.558505 0.201022 0.000652601 472.351 111967 3 51889 90.9389 8.29421 2 1 373.021 36.9686 10.0902 4 3 0.0168837 2.19669e-05 9.16008 2 
0.52077 -5.96007e-06 -1 0.558636 0.201176 0.000652601 472.942 111965 3 53269 112.858 7.78599 2 1 990.767 39.981 24.7809 4 3 0.016762 2.15384e-05 9.19823 2 
0.521423 -5.93784e-06 -1 0.558767 0.201324 0.000652601 473.603 111947 3 58235.8 73.901 9.23662 2 1 405.737 26.1789 15.4986 4 3 0.0166854 2.21702e-05 9.09611 2 
0.522075 -5.94104e-06 -1 0.558899 0.201479 0.000652601 474.218 111940 3 53742.5 98.7196 8.16529 2 1 388.571 42.3925 9.16604 4 3 0.016866 2.22229e-05 9.12159 2 
0.522728 -6.0061e-06 -1 0.55903 0.201616 0.000652601 474.823 111936 3 60021.5 119.233 7.95494 2 1 391.053 33.6047 11.6369 4 3 0.0163436 2.11691e-05 9.17379 2 
0.523381 -6.00249e-06 -1 0.559162 0.201772 0.000652601 475.407 111936 3 66357 164.117 7.39454 2 1 441.4 27.3794 16.1216 4 3 0.0165615 2.23509e-05 9.04901 2 
0.524033 -6.05587e-06 -1 0.559294 0.201935 0.000652601 476.016 111931 3 63521.9 149.264 7.52182 2 1 434.611 28.7335 15.1256 4 3 0.0167022 2.22709e-05 9.08542 2 
0.524686 -6.03221e-06 -1 0.559425 0.202084 0.000652601 476.607 111929 3 60941 149.904 7.40796 2 1 407.449 31.007 13.1405 4 3 0.0172749 2.23451e-05 9.17793 2 
0.525338 -6.1543e-06 -1 0.559557 0.202234 0.000652601 477.213 111925 3 55071.4 154.718 7.08699 2 1 503.951 54.2122 9.29589 4 3 0.0168507 2.25764e-05 9.07098 2 
0.525991 -6.18936e-06 -1 0.559689 0.202382 0.000652601 477.804 111923 3 59228.9 149.894 7.3381 2 1 467.146 24.9703 18.708 4 3 0.016999 2.28838e-05 9.0566 2 
0.526644 -6.27667e-06 -1 0.559821 0.202534 0.000652601 478.442 111911 3 53926.3 107.851 7.93704 2 1 432.306 38.7789 11.148 4 3 0.016917 2.34209e-05 8.97236 2 
0.527296 -6.37967e-06 -1 0.559953 0.20267 0.000652601 479.09 111896 3 52819.9 127.113 7.46223 2 1 474.208 26.2991 18.0313 4 3 0.0171284 2.39649e-05 8.94087 2 
0.527949 -6.37191e-06 -1 0.560086 0.202821 0.000652601 479.719 111886 3 63664.2 148.441 7.54131 2 1 420.815 25.4754 16.5185 4 3 0.0164262 2.42341e-05 8.78423 2 
0.528601 -6.38136e-06 -1 0.560218 0.202981 0.000652601 480.342 111878 3 57133 77.6981 9.02593 2 1 444.617 52.4498 8.477 4 3 0.0157754 2.31605e-05 8.79854 2 
0.529254 -6.41948e-06 -1 0.56035 0.203133 0.000652601 480.969 111868 3 66555.8 115.404 8.32381 2 1 423.246 53.8666 7.85731 4 3 0.0166356 2.32687e-05 8.94173 2 
0.529907 -6.42338e-06 -1 0.560483 0.203282 0.000652601 481.573 111864 3 57043.2 84.899 8.75858 2 1 389.276 50.5185 7.7056 4 3 0.0167278 2.26856e-05 9.03434 2 
0.530559 -6.39465e-06 -1 0.560616 0.20343 0.000652601 482.157 111864 3 60831.1 172.738 7.06175 2 1 425.992 36.4476 11.6878 4 3 0.0159463 2.18733e-05 9.00012 2 
0.531212 -6.33186e-06 -1 0.560748 0.203566 0.000652601 482.781 111855 3 62925.2 106.585 8.38897 2 1 500.938 50.05 10.0087 4 3 0.0169988 2.09023e-05 9.33415 2 
0.531864 -6.37631e-06 -1 0.560881 0.203705 0.000652601 483.377 111853 3 65986.3 144.254 7.70504 2 1 511.774 32.7937 15.6059 4 3 0.0168878 1.91637e-05 9.58734 2 
0.532517 -6.43153e-06 -1 0.561014 0.203854 0.000652601 484.036 111836 3 66597 96.0492 8.85089 2 1 470.907 24.6238 19.124 4 3 0.0158251 1.86471e-05 9.46772 2 
0.53317 -6.46026e-06 -1 0.561147 0.203996 0.000652601 484.642 111832 3 65131.2 87.1593 9.07455 2 1 432.584 23.7552 18.2101 4 3 0.0168949 1.78412e-05 9.81999 2 
0.533822 -6.46331e-06 -1 0.56128 0.204151 0.000652601 485.236 111830 3 55652.3 153.681 7.12778 2 1 460.579 27.8888 16.5148 4 3 0.0167776 1.77893e-05 9.80671 2 
0.534475 -6.54945e-06 -1 0.561413 0.204298 0.000652601 485.814 111832 3 30594.4 108.923 6.54899 2 1 495.125 33.5996 14.736 4 3 0.0164342 1.764e-05 9.76675 2 
0.535127 -6.58608e-06 -1 0.561547 0.204445 0.000652601 486.402 111831 3 63477.2 165.81 7.26109 2 1 408.543 18.5454 22.0293 4 3 0.0169 1.76321e-05 9.85965 2 
0.53578 -6.55169e-06 -1 0.56168 0.204618 0.000652601 486.993 111830 3 61809.6 168.341 7.1607 2 1 1132.17 33.0771 34.2281 4 3 0.0162369 1.77466e-05 9.708 2 
0.536433 -6.65731e-06 -1 0.561814 0.204733 0.000652601 487.619 111821 3 52700.1 73.3455 8.95666 2 1 484.442 40.9305 11.8357 4 3 0.0171179 1.7893e-05 9.85347 2 
0.537085 -6.711e-06 -1 0.561947 0.204854 0.000652601 488.215 111819 3 60739.2 138.983 7.58873 2 1 430.737 32.4354 13.2798 4 3 0.0166298 1.83093e-05 9.68438 2 
0.537738 -6.68809e-06 -1 0.562081 0.205018 0.000652601 488.823 111814 3 62577.3 122.092 8.00282 2 1 452.893 25.9515 17.4515 4 3 0.0171572 1.83277e-05 9.78242 2 
0.53839 -6.69613e-06 -1 0.562215 0.205163 0.000652601 489.446 111805 3 57944.1 147.054 7.33124 2 1 501.407 24.2722 20.6576 4 3 0.0165014 1.8989e-05 9.54273 2 
0.539043 -6.73451e-06 -1 0.562349 0.205306 0.000652601 489.991 111815 1 706.934 108.051 6.54261 2 1 528.19 35.4158 14.914 4 3 0.0168642 1.88367e-05 9.63801 2 
0.539696 -6.73133e-06 -1 0.562483 0.205446 0.000652601 490.584 111813 3 53588.5 150.356 7.09006 2 1 450.786 32.4851 13.8767 4 3 0.0172157 1.96066e-05 9.57577 2 
0.540348 -6.74639e-06 -1 0.562617 0.205582 0.000652601 491.221 111801 3 62710.4 160.26 7.31428 2 1 499.527 24.796 20.1455 4 3 0.0169825 2.27371e-05 9.07309 2 
0.541001 -6.76911e-06 -1 0.562751 0.205735 0.000652601 491.987 111760 3 52679.8 63.4378 9.39937 2 1 504.358 39.4399 12.788 4 3 0.0169076 7.45487e-05 6.09837 2 
0.541653 -6.79205e-06 -1 0.562885 0.205879 0.000652601 492.766 111717 3 51547.9 45.4364 10.4296 2 1 441.979 34.8341 12.6881 4 4 0.0170677 1.91195e-05 5.46606 2 
0.542306 -6.80101e-06 -1 0.563019 0.206023 0.000652601 493.525 111678 3 66168.2 175.014 7.23089 2 1 494.308 29.7628 16.6083 4 3 0.0164456 9.6623e-05 5.54188 2 
0.542959 -6.73633e-06 -1 0.563154 0.206163 0.000652601 494.19 111660 3 67244.8 121.426 8.212 2 1 455.322 60.031 7.58478 4 3 0.0163256 8.6097e-05 5.74505 2 
0.543611 -6.67995e-06 -1 0.563288 0.206317 0.000652601 494.872 111639 3 58723.4 154.296 7.2469 2 1 516.345 55.2577 9.34431 4 3 0.0171153 7.88773e-05 6.00912 2 
0.544264 -6.79e-06 -1 0.563423 0.206457 0.000652601 495.464 111637 3 56534.9 196.026 6.60695 2 1 488.565 52.2831 9.3446 4 3 0.0170655 6.7313e-05 6.32907 2 
0.544916 -6.92631e-06 -1 0.563557 0.206576 0.000652601 496.062 111635 3 64027.3 157.576 7.4067 2 1 435.139 36.1217 12.0465 4 3 0.015822 5.98294e-05 6.41872 2 
0.545569 -6.89857e-06 -1 0.563692 0.20673 0.000652601 496.661 111632 3 59697.4 139.794 7.53047 2 1 442.113 56.4382 7.83359 4 3 0.0167846 5.42468e-05 6.76361 2 
0.546222 -6.86827e-06 -1 0.563827 0.206872 0.000652601 497.246 111633 3 55869 136.598 7.42293 2 1 384.968 26.7706 14.3802 4 3 0.0174279 5.43155e-05 6.84606 2 
0.546874 -6.94533e-06 -1 0.563962 0.207 0.000652601 497.828 111634 3 57014 154.95 7.16578 2 1 405.065 37.6768 10.7511 4 3 0.0163857 5.21735e-05 6.79734 2 
0.547527 -6.97867e-06 -1 0.564097 0.207145 0.000652601 498.416 111634 3 58823.1 76.7748 9.15046 2 1 482.056 62.8137 7.67437 4 3 0.016949 4.44335e-05 7.25234 2 
0.548179 -6.88205e-06 -1 0.564232 0.207286 0.000652601 499.044 111625 4 52763.3 72.0477 5.20209 2 1 408.962 24.5455 16.6614 4 3 0.0166988 3.98048e-05 7.48601 2 
0.548832 -6.8693e-06 -1 0.564368 0.207422 0.000652601 499.664 111617 4 65677.2 79.0326 5.36911 2 1 676.377 41.2065 16.4143 4 3 0.0170568 3.78097e-05 7.66945 2 
0.549485 -6.88725e-06 -1 0.564503 0.207553 0.000652601 500.298 111607 3 66445.4 153.787 7.55988 2 1 400.626 40.1568 9.97654 4 3 0.0168033 3.73808e-05 7.66035 2 
0.550137 -6.87082e-06 -1 0.564639 0.207691 0.000652601 500.904 111603 3 67895.2 134.804 7.95631 2 1 424.466 50.6533 8.37983 4 3 0.0167069 3.6932e-05 7.67652 2 
0.55079 -6.86496e-06 -1 0.564774 0.207837 0.000652601 501.508 111599 3 52134.4 55.4519 9.79646 2 1 441.505 35.5443 12.4213 4 3 0.0170437 3.68669e-05 7.7323 2 
0.551442 -6.88948e-06 -1 0.56491 0.207965 0.000652601 502.117 111594 3 59736.5 154.753 7.28115 2 1 456.648 31.613 14.4449 4 3 0.0171874 3.51032e-05 7.88172 2 
0.552095 -6.92588e-06 -1 0.565046 0.208119 0.000652601 502.749 111584 3 56529 156.564 7.12076 2 1 458.336 43.5721 10.519 4 3 0.016669 2.98458e-05 8.23523 2 
0.552748 -6.94094e-06 -1 0.565182 0.20826 0.000652601 503.367 111577 3 64682.5 149.69 7.56017 2 1 494.651 36.0359 13.7266 4 3 0.0167809 2.6699e-05 8.56592 2 
0.5534 -6.84324e-06 -1 0.565317 0.208391 0.000652601 503.997 111568 3 54456.9 144.745 7.21911 2 1 435.206 26.266 16.5692 4 3 0.0167461 2.47581e-05 8.77807 2 
0.554053 -6.77644e-06 -1 0.565453 0.208526 0.000652601 504.596 111565 2 40781.8 196.026 14.4237 2 1 518.976 57.4492 9.03364 4 3 0.017192 2.41971e-05 8.92321 2 
0.554705 -6.78804e-06 -1 0.56559 0.208668 0.000652601 505.227 111556 3 68164.1 158.731 7.54452 2 1 691.503 81.3274 8.50271 4 3 0.0165577 2.62793e-05 8.57291 2 
0.555358 -6.77504e-06 -1 0.565726 0.208793 0.000652601 505.823 111554 3 64852.4 110.717 8.36701 2 1 674.281 36.8819 18.2822 4 3 0.0169856 2.47821e-05 8.81687 2 
0.556011 -6.81323e-06 -1 0.565862 0.208936 0.000652601 506.418 111552 3 55520.9 105.85 8.06469 2 1 478.118 21.3775 22.3655 4 3 0.0168242 2.49868e-05 8.76479 2 
0.556663 -6.8069e-06 -1 0.565998 0.209069 0.000652601 507.017 111550 3 59964 150.189 7.36349 2 1 428.042 47.5231 9.00702 4 3 0.0165227 2.52429e-05 8.68255 2 
0.557316 -6.83311e-06 -1 0.566135 0.209206 0.000652601 507.656 111538 3 67318.3 154.252 7.58521 2 1 440.881 43.5627 10.1206 4 3 0.0169784 2.40739e-05 8.90122 2 
0.557968 -6.82977e-06 -1 0.566271 0.209349 0.000652601 508.283 111530 3 59833.3 137.756 7.57317 2 1 422.728 37.8531 11.1676 4 3 0.0170035 2.15449e-05 9.24126 2 
0.558621 -6.89525e-06 -1 0.566408 0.209478 0.000652601 508.917 111519 3 64728.5 92.2863 8.88491 2 1 418.521 31.9134 13.1143 4 3 0.0168947 1.82466e-05 9.74665 2 
0.559274 -6.96773e-06 -1 0.566544 0.209604 0.000652601 509.552 111509 3 56316.6 161.696 7.03578 2 1 463.847 39.7845 11.659 4 3 0.0161007 1.72173e-05 9.77896 2 
0.559926 -6.98657e-06 -1 0.566681 0.20974 0.000652601 510.202 111495 3 54980.7 84.7349 8.6573 2 1 351.34 26.2286 13.3953 4 3 0.0169718 1.73145e-05 9.93358 2 
0.560579 -7.01883e-06 -1 0.566818 0.209876 0.000652601 510.906 111470 3 63153.9 149.134 7.50944 2 1 410.65 28.6492 14.3338 4 3 0.0167455 1.62646e-05 10.0976 2 
0.561231 -7.07243e-06 -1 0.566955 0.210002 0.000652601 511.523 111464 3 60297.2 168.023 7.10629 2 1 444.568 23.7777 18.6969 4 3 0.0168233 1.70247e-05 9.96042 2 
0.561884 -7.05637e-06 -1 0.567092 0.210147 0.000652601 512.096 111467 3 67817.6 164.672 7.44002 2 1 414.722 23.3369 17.7711 4 3 0.0168488 1.64369e-05 10.0828 2 
0.562537 -7.03062e-06 -1 0.567229 0.210271 0.000652601 512.703 111463 3 46556.6 128.711 7.12506 2 1 443.217 46.1861 9.59631 4 3 0.0161091 1.65223e-05 9.91595 2 
0.563189 -7.05633e-06 -1 0.567366 0.210404 0.000652601 513.3 111461 3 52588.8 85.2016 8.51429 2 1 485.949 33.0955 14.6833 4 3 0.0171676 1.66117e-05 10.1103 2 
0.563842 -7.07257e-06 -1 0.567503 0.210536 0.000652601 513.946 111449 3 55762.3 137.324 7.40511 2 1 507.349 39.2272 12.9336 4 3 0.0162475 1.68695e-05 9.87555 2 
0.564494 -7.10184e-06 -1 0.567641 0.210667 0.000652601 514.56 111443 3 67911.3 111.246 8.48305 2 1 534.294 28.4721 18.7655 4 3 0.0171827 1.70079e-05 10.0341 2 
0.565147 -7.07731e-06 -1 0.567778 0.210804 0.000652601 515.164 111439 3 65493.8 75.8457 9.52262 2 1 464.347 23.2665 19.9578 4 3 0.0168989 1.71985e-05 9.9416 2 
0.5658 -7.11165e-06 -1 0.567916 0.210934 0.000652601 515.767 111436 3 58728.2 79.1116 9.05459 2 1 463.265 21.9551 21.1006 4 3 0.0170909 1.76402e-05 9.89511 2 
0.566452 -7.22001e-06 -1 0.568054 0.211045 0.000652601 516.375 111432 3 62921.6 152.588 7.44321 2 1 501.803 23.1761 21.6517 4 3 0.0169148 1.78601e-05 9.82038 2 
0.567105 -7.26412e-06 -1 0.568191 0.211174 0.000652601 516.979 111428 3 57100.1 148.193 7.27673 2 1 525.902 23.2897 22.5809 4 3 0.0165685 1.79688e-05 9.73318 2 
0.567757 -7.29927e-06 -1 0.568329 0.211307 0.000652601 517.56 111430 3 55470.8 122.539 7.67827 2 1 481.523 22.035 21.8526 4 3 0.0167151 1.74892e-05 9.85023 2 
0.56841 -7.26371e-06 -1 0.568467 0.21144 0.000652601 518.197 111419 3 61113.8 130.501 7.76561 2 1 504.631 23.8183 21.1867 4 3 0.0169021 1.69322e-05 9.99407 2 
0.569063 -7.24427e-06 -1 0.568605 0.211573 0.000652601 518.784 111420 3 58097.5 139.465 7.46846 2 1 488.144 26.4478 18.4568 4 3 0.0169264 1.63855e-05 10.1088 2 
0.569715 -7.24088e-06 -1 0.568743 0.211717 0.000652601 519.348 111425 3 66380.5 125.572 8.08567 2 1 509.503 24.3249 20.9458 4 3 0.0164852 1.53884e-05 10.2322 2 
0.570368 -7.17366e-06 -1 0.568881 0.211832 0.000652601 519.944 111423 3 69478.8 137.546 7.96406 2 1 465.415 66.2715 7.02285 4 3 0.0174479 1.4572e-05 10.6188 2 
0.57102 -7.22021e-06 -1 0.569019 0.211959 0.000652601 520.534 111423 3 55443.7 124.602 7.63442 2 1 506.067 62.1133 8.14749 4 3 0.0159205 1.40062e-05 10.4363 2 
0.571673 -7.28458e-06 -1 0.569158 0.212084 0.000652601 521.177 111411 3 53265.6 155.58 6.9957 2 1 483.154 54.031 8.94216 4 3 0.0170495 1.34962e-05 10.8102 2 
0.572326 -7.31304e-06 -1 0.569296 0.212218 0.000652601 521.807 111402 3 60624.7 183.784 6.90951 2 1 518.908 53.203 9.75336 4 2 0.0172546 9.96831e-05 13.1566 2 
0.572978 -7.36565e-06 -1 0.569434 0.212341 0.000652601 522.504 111379 3 60672.9 152.285 7.35833 2 1 427.144 44.9857 9.49512 4 3 0.0159661 1.31357e-05 10.6721 2 
0.573631 -7.40688e-06 -1 0.569573 0.212469 0.000652601 523.25 111345 3 67289.4 99.3931 8.78072 2 1 407.472 45.6635 8.92337 4 3 0.0170423 1.24035e-05 11.1172 2 
0.574283 -7.4491e-06 -1 0.569712 0.212593 0.000652601 523.931 111326 4 63414.5 127.127 4.72594 2 1 473.86 35.344 13.4071 4 2 0.0169569 9.17141e-05 13.5974 2 
0.574936 -7.48402e-06 -1 0.56985 0.212725 0.000652601 524.537 111322 4 54992.4 67.2364 5.34779 2 1 405.074 52.9822 7.64546 4 2 0.0166273 9.18457e-05 13.4549 2 
0.575589 -7.52986e-06 -1 0.569989 0.212851 0.000652601 525.185 111309 3 57534.2 96.847 8.40646 2 1 394.265 36.7808 10.7193 4 3 0.0168652 1.27854e-05 10.9671 2 
0.576241 -7.52432e-06 -1 0.570128 0.212973 0.000652601 525.825 111299 4 70375.4 58.8982 5.87935 2 1 699.281 30.9517 22.5926 4 3 0.0165377 1.27677e-05 10.9007 2 
0.576894 -7.52136e-06 -1 0.570267 0.213107 0.000652601 526.46 111289 3 59098.2 91.8261 8.63381 2 1 371.468 47.4177 7.83395 4 3 0.017088 1.29184e-05 10.9773 2 
0.577546 -7.54566e-06 -1 0.570406 0.213235 0.000652601 527.077 111283 3 68958 164.716 7.48084 2 1 438.247 35.1622 12.4636 4 3 0.0168169 1.38527e-05 10.6677 2 
0.578199 -7.61127e-06 -1 0.570545 0.213351 0.000652601 527.688 111278 3 57443.1 147.765 7.2983 2 1 573.377 64.5924 8.87685 4 3 0.0170966 1.45575e-05 10.5505 2 
0.578852 -7.71219e-06 -1 0.570685 0.213487 0.000652601 528.288 111276 3 54611.1 147.806 7.17567 2 1 502.399 32.8878 15.2762 4 3 0.0166932 1.51583e-05 10.3267 2 
0.579504 -7.72188e-06 -1 0.570824 0.213599 0.000652601 528.896 111272 3 40256.7 24.8968 11.7372 2 1 442.84 58.8129 7.52964 4 3 0.016877 1.51487e-05 10.3667 2 
0.580157 -7.68722e-06 -1 0.570963 0.213725 0.000652601 529.492 111271 3 68837.8 158.837 7.56761 2 1 484.25 30.5835 15.8337 4 3 0.0168553 1.47954e-05 10.4441 2 
0.58081 -7.56423e-06 -1 0.571103 0.213854 0.000652601 530.08 111271 3 57742.1 108.121 8.11324 2 1 538.956 34.4733 15.634 4 3 0.0169588 1.46606e-05 10.4974 2 
0.581462 -7.62327e-06 -1 0.571242 0.213967 0.000652601 530.677 111269 3 65355.9 99.3533 8.69696 2 1 473.994 55.2106 8.5852 4 3 0.016868 1.44094e-05 10.5391 2 
0.582115 -7.55412e-06 -1 0.571382 0.214091 0.000652601 531.262 111270 3 66544.7 143.379 7.7424 2 1 444.246 34.5217 12.8686 4 3 0.0170376 1.42963e-05 10.6022 2 
0.582767 -7.59345e-06 -1 0.571522 0.214225 0.000652601 531.888 111262 3 62161.5 152.875 7.40846 2 1 484.401 24.3734 19.8742 4 3 0.0169639 1.43004e-05 10.5858 2 
0.58342 -7.56592e-06 -1 0.571661 0.214339 0.000652601 532.522 111253 4 55859.7 41.121 6.07098 2 1 477.104 50.0779 9.52722 4 3 0.0166672 1.42876e-05 10.5269 2 
0.584073 -7.58973e-06 -1 0.571801 0.214465 0.000652601 533.126 111250 3 57313.6 69.2584 9.38847 2 1 557.561 58.7928 9.4835 4 3 0.0172438 4.2727e-05 7.38998 2 
0.584725 -7.60992e-06 -1 0.571941 0.214582 0.000652601 533.802 111232 3 54962.1 135.026 7.41109 2 1 447.176 52.9965 8.43785 4 4 0.016447 2.07606e-05 5.30532 2 
0.585378 -7.57997e-06 -1 0.572081 0.214702 0.000652601 534.467 111216 3 65938.7 162.36 7.40549 2 1 405.347 54.4167 7.44895 4 4 0.0168465 2.34051e-05 5.17964 2 
0.58603 -7.49453e-06 -1 0.572221 0.214833 0.000652601 535.115 111204 3 52482.4 102.868 7.99057 2 1 487.396 32.5418 14.9776 4 4 0.0170893 2.17986e-05 5.29144 2 
0.586683 -7.51329e-06 -1 0.572361 0.214967 0.000652601 535.774 111189 3 59462.3 157.401 7.229 2 1 446.735 45.321 9.85711 4 4 0.0167925 2.02776e-05 5.36445 2 
0.587336 -7.59974e-06 -1 0.572501 0.21506 0.000652601 536.381 111185 3 61309.7 140.744 7.58052 2 1 435.186 30.8996 14.0839 4 3 0.016955 8.42463e-05 5.86024 2 
0.587988 -7.61267e-06 -1 0.572642 0.215186 0.000652601 536.959 111188 3 69015.5 145.289 7.80257 2 1 437.106 20.7063 21.1098 4 3 0.0163504 7.53288e-05 6.00974 2 
0.588641 -7.63815e-06 -1 0.572782 0.215321 0.000652601 537.596 111178 3 55356.4 136.362 7.40443 2 1 507.063 23.3348 21.7299 4 3 0.0169413 6.66608e-05 6.33421 2 
0.589293 -7.75997e-06 -1 0.572923 0.215429 0.000652601 538.192 111177 3 60033.9 147.279 7.41456 2 1 455.31 40.5199 11.2367 4 3 0.0165796 6.40988e-05 6.3715 2 
0.589946 -7.89091e-06 -1 0.573063 0.215547 0.000652601 538.808 111171 3 55541.6 144.717 7.26718 2 1 426.774 32.2159 13.2473 4 3 0.0169394 6.25557e-05 6.46959 2 
0.590599 -7.91517e-06 -1 0.573204 0.215663 0.000652601 539.485 111153 3 70196.4 97.9586 8.94864 2 1 517.039 50.4248 10.2537 4 3 0.0166413 5.46356e-05 6.72827 2 
0.591251 -7.98319e-06 -1 0.573345 0.21578 0.000652601 540.104 111147 3 66317.9 123.542 8.12716 2 1 516.399 22.2369 23.2226 4 3 0.0170333 4.80932e-05 7.0752 2 
0.591904 -8.02802e-06 -1 0.573486 0.215901 0.000652601 540.693 111147 3 52553.2 83.6179 8.56578 2 1 493.333 29.7586 16.5778 4 3 0.0163119 4.55722e-05 7.10016 2 
0.592556 -8.08406e-06 -1 0.573627 0.216026 0.000652601 541.31 111141 3 59667.3 159.73 7.20195 2 1 532.547 28.4848 18.6958 4 3 0.0166155 4.40407e-05 7.22581 2 
0.593209 -8.12363e-06 -1 0.573768 0.216137 0.000652601 541.915 111138 3 64762.6 149.522 7.56612 2 1 491.266 27.5652 17.8219 4 3 0.0169052 4.3305e-05 7.30849 2 
0.593862 -8.027e-06 -1 0.573909 0.216252 0.000652601 542.537 111132 3 68626.4 133.79 8.00491 2 1 497.402 18.6709 26.6406 4 3 0.0168975 4.34656e-05 7.29837 2 
0.594514 -7.97764e-06 -1 0.57405 0.216366 0.000652601 543.198 111117 3 56835 92.4158 8.504 2 1 541.927 33.3899 16.2302 4 3 0.0167746 4.12982e-05 7.40582 2 
0.595167 -8.00848e-06 -1 0.574191 0.216482 0.000652601 543.839 111107 3 66631.3 154.057 7.56251 2 1 503.806 22.6959 22.1981 4 3 0.0168621 3.51908e-05 7.82518 2 
0.595819 -8.0298e-06 -1 0.574332 0.216606 0.000652601 544.442 111104 3 53695.3 207.008 6.37749 2 1 541.322 33.614 16.1041 4 3 0.0164669 3.14953e-05 8.05606 2 
0.596472 -8.04313e-06 -1 0.574474 0.216707 0.000652601 545.033 111104 3 56618.9 134.365 7.49708 2 1 526.373 59.992 8.77405 4 3 0.0162994 2.84333e-05 8.30708 2 
0.597125 -8.07358e-06 -1 0.574615 0.216834 0.000652601 545.635 111101 3 69798.6 134.828 8.0295 2 1 551.983 74.8359 7.37591 4 3 0.0169834 3.04642e-05 8.23022 2 
0.597777 -8.06133e-06 -1 0.574756 0.216954 0.000652601 546.233 111100 3 71581.2 164.172 7.58286 2 1 497.712 53.0233 9.38666 4 3 0.0165455 3.07025e-05 8.13772 2 
0.59843 -8.03874e-06 -1 0.574898 0.217072 0.000652601 546.813 111102 3 68902.7 104.301 8.7093 2 1 472.623 58.5534 8.07166 4 3 0.016143 2.87753e-05 8.24748 2 
0.599082 -8.04871e-06 -1 0.57504 0.217186 0.000652601 547.423 111098 3 59844.8 152.685 7.31829 2 1 440.305 41.5095 10.6073 4 3 0.0168085 3.00785e-05 8.23679 2 
0.599735 -8.08433e-06 -1 0.575181 0.217294 0.000652601 548.099 111080 3 64501.5 146.292 7.61114 2 1 416.697 58.6645 7.10305 4 3 0.0168724 2.93671e-05 8.31328 2 
0.600388 -8.15382e-06 -1 0.575323 0.217407 0.000652601 548.713 111075 3 51467 84.9838 8.46053 2 1 430.919 36.1044 11.9354 4 3 0.0169482 2.83691e-05 8.42222 2 
0.60104 -8.13263e-06 -1 0.575465 0.217535 0.000652601 549.353 111065 3 57828.9 158.96 7.1387 2 1 416.801 39.3414 10.5945 4 3 0.0167204 2.41262e-05 8.84951 2 
0.601693 -8.19783e-06 -1 0.575607 0.217635 0.000652601 549.992 111055 4 68247.7 76.9141 5.45784 2 1 436.062 55.0654 7.919 4 3 0.016864 2.15894e-05 9.20958 2 
0.602345 -8.12255e-06 -1 0.575749 0.217753 0.000652601 550.643 111043 4 71768.1 82.7681 5.42646 2 1 406.425 40.6725 9.9926 4 3 0.0168739 1.91107e-05 9.59357 2 
0.602998 -8.09188e-06 -1 0.575891 0.217861 0.000652601 551.254 111039 3 55949.2 177.479 6.80585 2 1 436.824 45.2626 9.65088 4 3 0.0166981 1.78447e-05 9.78107 2 
0.603651 -8.14987e-06 -1 0.576033 0.217987 0.000652601 552.035 111000 3 55893.3 121.553 7.71847 2 1 447.333 70.1521 6.37661 4 3 0.0164762 2.01903e-05 9.34483 2 
0.604303 -8.17724e-06 -1 0.576175 0.218108 0.000652601 552.711 110983 3 66995.3 147.305 7.69029 2 1 448.83 43.2282 10.3828 4 3 0.0171711 2.01663e-05 9.47816 2 
0.604956 -8.29054e-06 -1 0.576318 0.218197 0.000652601 553.456 110952 3 70155.7 147.356 7.80845 2 1 446.848 39.2456 11.3859 4 3 0.0164003 1.87478e-05 9.56387 2 
0.605608 -8.2195e-06 -1 0.57646 0.218306 0.000652601 554.143 110933 3 66832 147.602 7.67886 2 1 440.221 46.967 9.37299 4 3 0.0163859 1.87653e-05 9.55809 2 
0.606261 -8.26434e-06 -1 0.576602 0.218425 0.000652601 554.784 110923 3 67211.8 114.674 8.36875 2 1 510.425 40.0763 12.7363 4 3 0.0166132 1.94199e-05 9.49297 2 
0.606914 -8.32808e-06 -1 0.576745 0.21854 0.000652601 555.428 110912 3 60066.5 150.778 7.35808 2 1 496.158 47.8278 10.3738 4 3 0.0171101 1.876e-05 9.69779 2 
0.607566 -8.33722e-06 -1 0.576888 0.218644 0.000652601 556.068 110903 3 56515.8 111.961 7.96221 2 1 962.617 36.4672 26.3968 4 3 0.0169014 1.85272e-05 9.6985 2 
0.608219 -8.39016e-06 -1 0.57703 0.218757 0.000652601 556.712 110892 3 47124.8 47.8039 9.95242 2 1 455.19 51.6111 8.81962 4 3 0.0168078 1.57536e-05 10.2183 2 
0.608871 -8.40175e-06 -1 0.577173 0.218871 0.000652601 557.334 110886 3 60522.5 96.0483 8.57319 2 1 495.344 21.9595 22.5571 4 3 0.0171411 1.33253e-05 10.8756 2 
0.609524 -8.56857e-06 -1 0.577316 0.218979 0.000652601 557.961 110879 3 57219.1 165.04 7.02507 2 1 504.382 44.5134 11.331 4 3 0.0164791 1.21924e-05 11.0564 2 
0.610177 -8.58377e-06 -1 0.577459 0.219098 0.000652601 558.603 110869 3 71556.4 139.423 8.00642 2 1 453.887 49.0823 9.24747 4 3 0.0166286 1.15209e-05 11.3012 2 
0.610829 -8.63021e-06 -1 0.577601 0.219204 0.000652601 559.211 110865 3 66626.6 140.89 7.79093 2 1 420.748 41.355 10.174 4 3 0.0168913 1.17341e-05 11.2911 2 
0.611482 -8.62705e-06 -1 0.577744 0.219298 0.000652601 559.78 110870 2 32452.3 134.525 15.5318 2 1 465.018 37.3013 12.4665 4 3 0.0167951 1.34995e-05 10.7553 2 
0.612134 -8.58038e-06 -1 0.577888 0.219416 0.000652601 560.383 110867 3 64830.8 189.166 6.99809 2 1 651.082 24.1605 26.9482 4 3 0.0167595 1.33088e-05 10.7988 2 
0.612787 -8.51923e-06 -1 0.578031 0.219503 0.000652601 560.995 110863 3 71534 182.499 7.31842 2 1 502.561 45.6969 10.9977 4 3 0.0165661 1.22953e-05 11.0449 2 
0.61344 -8.46117e-06 -1 0.578174 0.219636 0.000652601 561.593 110862 3 58721.3 116.702 7.95376 2 1 521.217 29.4789 17.681 4 3 0.01682 1.19786e-05 11.198 2 
0.614092 -8.53555e-06 -1 0.578317 0.21974 0.000652601 562.204 110858 3 53210.1 150.006 7.07884 2 1 438.361 31.7707 13.7977 4 3 0.0162769 1.23201e-05 10.9728 2 
0.614745 -8.57607e-06 -1 0.578461 0.219843 0.000652601 562.824 110852 3 54218.3 85.7574 8.58272 2 1 488.935 19.5955 24.9514 4 3 0.0167314 1.19974e-05 11.1725 2 
0.615397 -8.61187e-06 -1 0.578604 0.219951 0.000652601 563.45 110845 3 68844.9 85.6787 9.29679 2 1 442.911 17.8146 24.8622 4 3 0.0164776 1.29462e-05 10.8372 2 
0.61605 -8.64684e-06 -1 0.578748 0.220056 0.000652601 564.085 110837 3 52135.1 72.8814 8.94344 2 1 528.27 21.3982 24.6876 4 3 0.0167274 1.23107e-05 11.076 2 
0.616703 -8.62133e-06 -1 0.578892 0.220181 0.000652601 564.622 110847 3 60847 144.076 7.50266 2 1 474.526 18.5579 25.57 4 2 0.0158444 9.93375e-05 12.6294 2 
0.617355 -8.8069e-06 -1 0.579035 0.220287 0.000652601 565.143 110861 3 55430.2 161.291 7.00452 2 1 493.14 48.6596 10.1345 4 2 0.0165234 8.59895e-05 13.862 2 
0.618008 -8.81794e-06 -1 0.579179 0.22038 0.000652601 565.684 110871 3 54587.8 150.68 7.12875 2 1 490.018 36.5848 13.394 4 2 0.0168899 8.99216e-05 13.7051 2 
0.61866 -8.8061e-06 -1 0.579323 0.220483 0.000652601 566.276 110871 3 65759.8 170.914 7.27323 2 1 553.346 26.6207 20.7863 4 3 0.0163128 1.03082e-05 11.6533 2 
0.619313 -8.82171e-06 -1 0.579467 0.220596 0.000652601 566.878 110869 3 72494.2 154.12 7.77705 2 1 496.78 34.9984 14.1944 4 3 0.0165941 1.1253e-05 11.3822 2 
0.619966 -8.91953e-06 -1 0.579611 0.220683 0.000652601 567.511 110861 3 69207.1 143.473 7.8426 2 1 512.77 34.5815 14.8279 4 3 0.0164902 1.18113e-05 11.1766 2 
0.620618 -8.95115e-06 -1 0.579755 0.220796 0.000652601 568.2 110841 3 55110.9 84.982 8.65572 2 1 530.454 26.9936 19.6511 4 3 0.016321 1.23737e-05 10.9669 2 
0.621271 -8.96717e-06 -1 0.579899 0.220902 0.000652601 568.838 110832 3 58560.1 147.626 7.34761 2 1 496.965 26.8591 18.5026 4 3 0.0169405 1.21316e-05 11.1773 2 
0.621923 -8.9887e-06 -1 0.580043 0.221017 0.000652601 569.492 110820 3 55480.2 193.138 6.59817 2 1 479.584 48.5932 9.86935 4 3 0.0166867 1.17307e-05 11.2465 2 
0.622576 -9.00498e-06 -1 0.580187 0.221117 0.000652601 570.122 110813 3 56586.2 143.271 7.33698 2 1 464.181 61.1602 7.58959 4 3 0.0160034 1.16648e-05 11.1117 2 
0.623229 -9.01132e-06 -1 0.580331 0.221213 0.000652601 570.738 110808 3 70962.8 105.376 8.76524 2 1 760.985 58.508 13.0065 4 3 0.0166105 1.15345e-05 11.2926 2 
0.623881 -9.04596e-06 -1 0.580475 0.22132 0.000652601 571.387 110797 3 62735.5 130.937 7.82498 2 1 474.934 54.6182 8.69553 4 3 0.0165965 1.12441e-05 11.3858 2 
0.624534 -9.08134e-06 -1 0.58062 0.221429 0.000652601 572.017 110789 3 68211.8 154.633 7.61236 2 1 489.173 57.1283 8.5627 4 3 0.0163571 1.12676e-05 11.3229 2 
0.625186 -9.10102e-06 -1 0.580764 0.221522 0.000652601 572.649 110781 3 72941.3 113.296 8.6348 2 1 395.328 42.4425 9.31443 4 3 0.0164973 1.12534e-05 11.36 2 
0.625839 -9.08371e-06 -1 0.580909 0.221629 0.000652601 573.283 110773 3 57877.5 152.755 7.2361 2 1 459.874 50.5768 9.09259 4 3 0.0164251 1.37421e-05 10.6125 2 
0.626492 -9.04304e-06 -1 0.581053 0.221723 0.000652601 573.918 110765 3 69755.4 73.4369 9.83002 2 1 379.911 40.1544 9.46125 4 3 0.0172744 4.519e-05 7.25749 2 
0.627144 -9.12389e-06 -1 0.581198 0.221828 0.000652601 574.64 110740 3 72002.3 153.455 7.77061 2 1 492.33 51.9315 9.48036 4 4 0.0157286 1.93901e-05 5.33676 2 
0.627797 -9.18413e-06 -1 0.581343 0.221926 0.000652601 575.334 110720 3 55709.8 144.163 7.28381 2 1 467.922 35.9462 13.0173 4 4 0.0165956 1.98861e-05 5.37479 2 
0.628449 -9.24002e-06 -1 0.581488 0.222018 0.000652601 575.942 110717 3 72317.4 151.336 7.81809 2 1 472.67 44.1066 10.7165 4 3 0.0164045 9.43588e-05 5.58119 2 
0.629102 -9.33605e-06 -1 0.581633 0.222135 0.000652601 576.568 110710 3 72872.4 126.262 8.32588 2 1 610.299 41.5524 14.6875 4 3 0.0166528 8.48395e-05 5.8116 2 
0.629755 -9.38125e-06 -1 0.581778 0.22223 0.000652601 577.194 110704 3 70497.4 117.202 8.44136 2 1 510.615 36.6021 13.9504 4 3 0.0164423 7.31091e-05 6.08131 2 
0.630407 -9.51477e-06 -1 0.581923 0.222335 0.000652601 577.793 110703 3 68780.9 146.6 7.77043 2 1 495.785 38.9363 12.7332 4 3 0.0165897 6.38181e-05 6.38212 2 
0.63106 -9.58738e-06 -1 0.582068 0.222437 0.000652601 578.411 110698 3 63724 146.431 7.57804 2 1 449.162 36.5826 12.278 4 3 0.0168673 5.84939e-05 6.6066 2 
0.631712 -9.62675e-06 -1 0.582213 0.222535 0.000652601 579.01 110696 3 55772.9 140.651 7.34673 2 1 522.348 30.9815 16.86 4 3 0.0171958 5.77147e-05 6.679 2 
0.632365 -9.57423e-06 -1 0.582358 0.222631 0.000652601 579.624 110692 3 58358.6 100.127 8.35318 2 1 494.872 31.9305 15.4984 4 3 0.016705 5.40581e-05 6.76076 2 
0.633018 -9.54916e-06 -1 0.582503 0.222729 0.000652601 580.295 110677 3 63160.1 134.572 7.77135 2 1 529.265 41.7006 12.692 4 3 0.0162615 4.60364e-05 7.06892 2 
0.63367 -9.6191e-06 -1 0.582649 0.222833 0.000652601 580.907 110673 3 38532.2 31.737 10.6681 2 1 514.332 26.5363 19.3822 4 3 0.0162297 4.19496e-05 7.28665 2 
0.634323 -9.6315e-06 -1 0.582794 0.22294 0.000652601 581.624 110649 3 61275.2 129.023 7.80199 2 1 495.328 46.7234 10.6013 4 3 0.0166649 4.00688e-05 7.46447 2 
0.634975 -9.5925e-06 -1 0.582939 0.223022 0.000652601 582.326 110629 3 57235.6 143.481 7.36134 2 1 478.432 59.7545 8.00662 4 3 0.0164907 3.93619e-05 7.48263 2 
0.635628 -9.62446e-06 -1 0.583085 0.223125 0.000652601 583.138 110587 3 70290.3 85.2516 9.37701 2 1 505.02 49.8933 10.122 4 3 0.0171228 3.99235e-05 7.54135 2 
0.636281 -9.60925e-06 -1 0.583231 0.223222 0.000652601 583.885 110558 3 58840 141.268 7.46809 2 1 439.113 42.7101 10.2813 4 3 0.0164935 3.89211e-05 7.5112 2 
0.636933 -9.60186e-06 -1 0.583376 0.223319 0.000652601 584.6 110535 3 54921.4 148.096 7.18455 2 1 457.796 33.6121 13.62 4 3 0.0165579 3.39253e-05 7.87336 2 
0.637586 -9.5883e-06 -1 0.583522 0.223408 0.000652601 585.32 110511 3 68840.5 189.75 7.13215 2 1 494.628 40.9588 12.0762 4 3 0.0165923 2.94357e-05 8.26059 2 
0.638238 -9.61565e-06 -1 0.583668 0.223515 0.000652601 585.985 110497 3 72277.2 209.993 7.00808 2 1 993.182 30.276 32.8042 4 3 0.0165828 2.7e-05 8.50024 2 
0.638891 -9.50012e-06 -1 0.583814 0.223619 0.000652601 586.652 110483 3 58702.5 140.405 7.47753 2 1 481.57 32.693 14.7301 4 3 0.0164681 2.52555e-05 8.67154 2 
0.639544 -9.57291e-06 -1 0.58396 0.223711 0.000652601 587.316 110470 3 53472.4 124.897 7.5369 2 1 516.319 39.4262 13.0958 4 3 0.0167582 2.83489e-05 8.39262 2 
0.640196 -9.65599e-06 -1 0.584106 0.223812 0.000652601 587.978 110457 3 74337.1 140.835 8.08162 2 1 490.887 32.3363 15.1807 4 3 0.0164975 2.85171e-05 8.33242 2 
0.640849 -9.65483e-06 -1 0.584252 0.223896 0.000652601 588.587 110454 3 70328.8 160.895 7.58922 2 1 469.914 47.4713 9.8989 4 3 0.0165728 3.54953e-05 7.75786 2 
0.641501 -9.67592e-06 -1 0.584398 0.223991 0.000652601 589.189 110452 3 50658.6 51.3758 9.95325 2 1 507.618 25.0942 20.2285 4 3 0.0161987 3.53619e-05 7.70871 2 
0.642154 -9.68263e-06 -1 0.584544 0.22408 0.000652601 589.837 110442 3 61641.2 100.258 8.50323 2 1 527.335 18.4492 28.583 4 3 0.0168271 3.72113e-05 7.67559 2 
0.642807 -9.6884e-06 -1 0.58469 0.224183 0.000652601 590.457 110437 3 55782.2 116.821 7.81613 2 1 543.326 28.7843 18.8758 4 3 0.0162875 3.89421e-05 7.47845 2 
0.643459 -9.74563e-06 -1 0.584837 0.22428 0.000652601 591.101 110428 3 52960.1 93.6238 8.27029 2 1 523.249 27.7516 18.8548 4 3 0.0164164 4.05026e-05 7.40057 2 
0.644112 -9.7772e-06 -1 0.584983 0.224362 0.000652601 591.728 110421 3 71792.7 162.869 7.61051 2 1 513.153 30.3442 16.9111 4 3 0.0166611 4.08228e-05 7.41766 2 
0.644764 -9.82652e-06 -1 0.585129 0.224458 0.000652601 592.34 110418 3 72619.1 145.843 7.92603 2 1 499.426 31.3494 15.9309 4 3 0.0161243 3.94992e-05 7.41819 2 
0.645417 -9.82815e-06 -1 0.585276 0.224564 0.000652601 592.964 110412 3 56153.7 111.182 7.9637 2 1 506.228 34.2521 14.7795 4 3 0.0165594 3.75077e-05 7.61451 2 
0.64607 -9.86926e-06 -1 0.585422 0.224654 0.000652601 593.582 110408 3 58075.7 150.579 7.27908 2 1 459.661 26.5772 17.2953 4 3 0.0169092 3.96747e-05 7.52553 2 
0.646722 -9.94648e-06 -1 0.585569 0.224743 0.000652601 594.241 110396 3 56941.4 159.593 7.09259 2 1 443.331 59.2244 7.48561 4 3 0.0161001 3.95525e-05 7.41113 2 
0.647375 -9.90027e-06 -1 0.585715 0.224833 0.000652601 594.853 110392 3 75678 113.308 8.74116 2 1 486.661 53.5607 9.08616 4 3 0.0162206 3.93504e-05 7.44227 2 
0.648027 -9.9122e-06 -1 0.585862 0.22494 0.000652601 595.486 110385 3 73726.4 159.749 7.7279 2 1 540.481 56.9186 9.49568 4 3 0.0166978 3.87727e-05 7.5517 2 
0.64868 -9.96751e-06 -1 0.586008 0.225027 0.000652601 596.113 110379 3 71785.6 81.9703 9.56739 2 1 442.782 41.0302 10.7916 4 3 0.0167338 3.86987e-05 7.56194 2 
0.649333 -9.95588e-06 -1 0.586155 0.22511 0.000652601 596.73 110374 3 63967.4 128.725 7.92073 2 1 418.123 40.9294 10.2157 4 3 0.0163376 3.95165e-05 7.44966 2 
0.649985 -9.90255e-06 -1 0.586302 0.225202 0.000652601 597.425 110356 3 69982.9 70.397 9.98035 2 1 455.814 57.0704 7.98686 4 3 0.0165351 3.99403e-05 7.45301 2 
0.650638 -9.87819e-06 -1 0.586449 0.225295 0.000652601 598.043 110351 3 54606.4 164.767 6.9203 2 1 424.753 28.1408 15.0938 4 3 0.0162866 3.98464e-05 7.4213 2 
0.65129 -9.91137e-06 -1 0.586596 0.225371 0.000652601 598.703 110339 3 72163.3 183.304 7.32906 2 1 468.041 59.4822 7.86859 4 3 0.0167269 3.8489e-05 7.57459 2 
0.651943 -9.85141e-06 -1 0.586743 0.225474 0.000652601 599.329 110333 3 74535.4 222.539 6.94468 2 1 1215.72 29.2226 41.602 4 3 0.0163284 3.64905e-05 7.64871 2 
0.652596 -9.84255e-06 -1 0.58689 0.225576 0.000652601 599.973 110324 3 57366.3 105.704 8.15683 2 1 456.928 41.7524 10.9437 4 3 0.0167789 3.63573e-05 7.72782 2 
0.653248 -9.79188e-06 -1 0.587038 0.225654 0.000652601 600.59 110320 3 71523 83.0675 9.51345 2 1 746.142 92.2666 8.08681 4 3 0.0168641 3.48279e-05 7.85257 2 
0.653901 -9.85546e-06 -1 0.587185 0.225737 0.000652601 601.22 110313 3 73197.2 141.796 8.02188 2 1 515.696 35.3578 14.5851 4 3 0.0166189 3.46554e-05 7.82728 2 
0.654553 -9.86171e-06 -1 0.587332 0.225834 0.000652601 601.871 110303 3 71129.8 65.6017 10.2734 2 1 470.116 35.2305 13.344 4 3 0.0166272 3.49501e-05 7.80651 2 
0.655206 -9.816e-06 -1 0.58748 0.225917 0.000652601 602.488 110298 3 56519.6 132.884 7.52042 2 1 488.305 46.4116 10.5212 4 3 0.0168091 3.47029e-05 7.85343 2 
0.655859 -9.83903e-06 -1 0.587627 0.22601 0.000652601 603.122 110291 3 70877.5 156.622 7.67748 2 1 1186.25 32.4324 36.5761 4 3 0.0165476 3.40527e-05 7.86191 2 
0.656511 -9.85685e-06 -1 0.587775 0.226096 0.000652601 603.753 110285 3 65471.9 41.6581 11.6266 2 1 452.147 47.6016 9.49858 4 3 0.016658 3.34544e-05 7.92604 2 
0.657164 -9.8897e-06 -1 0.587922 0.226184 0.000652601 604.389 110277 3 55041.7 106.028 8.03693 2 1 502.167 40.7491 12.3234 4 3 0.0167331 3.29828e-05 7.97559 2 
0.657816 -9.92809e-06 -1 0.58807 0.226272 0.000652601 605.018 110270 3 55491.3 94.3353 8.37884 2 1 488.318 31.2633 15.6195 4 3 0.0164615 3.38032e-05 7.86751 2 
0.658469 -9.96082e-06 -1 0.588217 0.226359 0.000652601 605.655 110263 4 58128.9 98.0627 4.93426 2 1 414.795 28.7985 14.4033 4 3 0.0168539 3.41935e-05 7.89924 2 
0.659122 -9.97416e-06 -1 0.588365 0.226441 0.000652601 606.258 110261 3 54822.5 231.964 6.18272 2 1 444.114 45.3565 9.79162 4 3 0.0162225 3.47866e-05 7.75476 2 
0.659774 -1.00148e-05 -1 0.588513 0.226548 0.000652601 606.891 110254 3 62213.7 147.23 7.50406 2 1 435.203 49.4174 8.80667 4 3 0.016755 3.45828e-05 7.85406 2 
0.660427 -1.0103e-05 -1 0.588661 0.226619 0.000652601 607.515 110249 3 59311.8 145.604 7.41292 2 1 537.521 42.0073 12.7959 4 3 0.0159641 3.33737e-05 7.82071 2 
0.661079 -1.01429e-05 -1 0.588808 0.226706 0.000652601 608.129 110245 3 76059.9 101.196 9.09209 2 1 455.085 52.8957 8.60344 4 3 0.0167135 3.22214e-05 8.03478 2 
0.661732 -1.01531e-05 -1 0.588956 0.226778 0.000652601 608.749 110241 3 56085.9 134.424 7.47238 2 1 475.104 25.2292 18.8315 4 3 0.0166986 3.0546e-05 8.17665 2 
0.662385 -1.0214e-05 -1 0.589104 0.226884 0.000652601 609.382 110234 3 54631.7 151.462 7.11836 2 1 474.596 42.2971 11.2205 4 3 0.0166522 2.9169e-05 8.29565 2 
0.663037 -1.02319e-05 -1 0.589252 0.226972 0.000652601 609.988 110232 3 68101.3 151.149 7.66626 2 1 431.908 19.061 22.6593 4 3 0.0168732 2.83691e-05 8.40978 2 
0.66369 -1.0209e-05 -1 0.5894 0.22705 0.000652601 610.589 110230 3 56542.1 141.254 7.36983 2 1 474.012 42.168 11.241 4 3 0.0166251 2.82411e-05 8.38097 2 
0.664342 -1.02262e-05 -1 0.589549 0.227137 0.000652601 611.202 110227 3 40268.6 24.4927 11.8026 2 1 478.376 40.9483 11.6824 4 3 0.0169571 2.91103e-05 8.35156 2 
0.664995 -1.02064e-05 -1 0.589697 0.227212 0.000652601 612.086 110175 3 75969.2 158.25 7.83005 2 1 1061.88 30.0918 35.2879 4 3 0.0162569 2.81161e-05 8.33094 2 
0.665648 -1.02629e-05 -1 0.589845 0.2273 0.000652601 612.786 110156 3 58832.7 150.499 7.31187 2 1 513.841 36.9926 13.8904 4 3 0.0169767 2.84494e-05 8.419 2 
0.6663 -1.03162e-05 -1 0.589993 0.227387 0.000652601 613.482 110138 3 72696 87.8557 9.38816 2 1 494.341 25.8047 19.157 4 3 0.0164626 2.82067e-05 8.35698 2 
0.666953 -1.03135e-05 -1 0.590142 0.22747 0.000652601 614.19 110118 3 65783.5 150.516 7.58889 2 1 498.188 19.8989 25.036 4 3 0.0164283 2.77247e-05 8.39927 2 
0.667605 -1.03984e-05 -1 0.59029 0.227558 0.000652601 614.847 110107 3 54152.9 145.657 7.19057 2 1 491.62 35.0871 14.0114 4 3 0.0164141 3.29708e-05 7.92554 2 
0.668258 -1.03848e-05 -1 0.590439 0.227638 0.000652601 615.541 110089 3 53165.6 104.884 7.97335 2 1 503.95 33.1911 15.1833 4 4 0.0170311 1.91056e-05 5.46412 2 
0.668911 -1.03483e-05 -1 0.590587 0.22772 0.000652601 616.21 110076 3 61525.8 61.0582 10.0255 2 1 506.531 30.8025 16.4445 4 4 0.0166201 2.47104e-05 5.09258 2 
0.669563 -1.03156e-05 -1 0.590736 0.227798 0.000652601 616.889 110061 3 69818.9 141.405 7.9038 2 1 557.112 26.7445 20.8309 4 4 0.0161827 2.3158e-05 5.14148 2 
0.670216 -1.0416e-05 -1 0.590884 0.227884 0.000652601 617.621 110036 3 76829.8 152.079 7.96441 2 1 477.949 33.8783 14.1078 4 4 0.0164576 2.11022e-05 5.28457 2 
0.670868 -1.04834e-05 -1 0.591033 0.227965 0.000652601 618.231 110034 3 56170.8 113.941 7.89969 2 1 469.251 62.3494 7.52615 4 3 0.0167779 8.93961e-05 5.7254 2 
0.671521 -1.04481e-05 -1 0.591182 0.228042 0.000652601 618.83 110033 3 58415.8 115.547 7.9663 2 1 477.687 55.8824 8.54808 4 3 0.0167105 7.85982e-05 5.96842 2 
0.672174 -1.04593e-05 -1 0.59133 0.228127 0.000652601 619.445 110030 3 50562.7 129.216 7.31427 2 1 436.403 52.5549 8.30376 4 3 0.0167932 6.95393e-05 6.22731 2 
0.672826 -1.05023e-05 -1 0.591479 0.228212 0.000652601 620.1 110019 3 57315.1 147.993 7.28914 2 1 465.571 55.7918 8.3448 4 3 0.0167889 6.71823e-05 6.29877 2 
0.673479 -1.0562e-05 -1 0.591628 0.228288 0.000652601 620.696 110019 3 37462.4 48.3745 9.18318 2 1 450.722 54.3319 8.29573 4 3 0.0169723 6.44532e-05 6.40961 2 
0.674131 -1.05476e-05 -1 0.591777 0.228369 0.000652601 621.31 110016 3 73749.1 104.163 8.91282 2 1 423.44 41.4899 10.2059 4 3 0.0166722 5.5317e-05 6.70469 2 
0.674784 -1.05769e-05 -1 0.591926 0.228443 0.000652601 621.924 110013 3 65865.8 146.128 7.6673 2 1 508.771 42.1452 12.0719 4 3 0.0167014 4.95383e-05 6.95992 2 
0.675437 -1.0566e-05 -1 0.592075 0.22853 0.000652601 622.56 110006 3 77700.3 158.261 7.88889 2 1 458.902 48.4036 9.48074 4 3 0.0166863 4.68703e-05 7.08741 2 
0.676089 -1.06093e-05 -1 0.592225 0.228603 0.000652601 623.175 110002 3 58331.7 106.277 8.18757 2 1 435.749 24.4162 17.8467 4 3 0.016816 4.60073e-05 7.14988 2 
0.676742 -1.05874e-05 -1 0.592374 0.228674 0.000652601 623.776 110001 3 73705.7 110.657 8.73321 2 1 485.815 59.8413 8.11838 4 3 0.0166444 4.61907e-05 7.11604 2 
0.677394 -1.06252e-05 -1 0.592523 0.228772 0.000652601 624.4 109996 3 61356.2 189.883 6.8621 2 1 492.263 37.573 13.1015 4 3 0.0166433 4.51198e-05 7.17173 2 
0.678047 -1.07178e-05 -1 0.592672 0.22885 0.000652601 625.004 109995 3 76949.6 145.588 8.08526 2 1 704.642 46.6855 15.0934 4 3 0.0167801 3.96608e-05 7.5072 2 
0.6787 -1.07695e-05 -1 0.592822 0.228908 0.000652601 625.621 109991 3 73139.5 129.604 8.26376 2 1 503.603 37.4341 13.4531 4 3 0.0163925 3.41553e-05 7.82941 2 
0.679352 -1.07525e-05 -1 0.592971 0.228992 0.000652601 626.24 109987 3 73941.6 154.031 7.82997 2 1 583.719 30.9129 18.8827 4 3 0.0168566 3.14104e-05 8.12641 2 
0.680005 -1.06734e-05 -1 0.593121 0.22909 0.000652601 626.856 109984 3 54059.1 127.292 7.51662 2 1 546.424 31.7352 17.2182 4 3 0.0170779 3.1165e-05 8.18319 2 
0.680657 -1.07138e-05 -1 0.59327 0.229165 0.000652601 627.47 109980 3 56601.1 152.083 7.19308 2 1 490.443 37.7954 12.9763 4 3 0.0165267 3.24589e-05 7.98516 2 
0.68131 -1.07567e-05 -1 0.59342 0.229239 0.000652601 628.128 109969 3 76769.8 154.304 7.92387 2 1 488.177 32.2421 15.141 4 3 0.0160516 3.09943e-05 8.03056 2 
0.681963 -1.08499e-05 -1 0.593569 0.22931 0.000652601 628.775 109961 3 77303.5 151.509 7.99073 2 1 505.548 31.1091 16.2508 4 3 0.0169609 3.189e-05 8.10211 2 
0.682615 -1.08053e-05 -1 0.593719 0.229392 0.000652601 629.416 109953 3 55703.7 153.426 7.13393 2 1 545.792 59.7969 9.12743 4 3 0.0166642 3.15838e-05 8.08053 2 
0.683268 -1.08198e-05 -1 0.593868 0.229464 0.000652601 630.059 109945 3 53585.8 102.036 8.06799 2 1 415.772 59.5269 6.9846 4 3 0.0165484 2.92599e-05 8.26979 2 
0.68392 -1.07873e-05 -1 0.594018 0.229538 0.000652601 630.661 109944 3 53597.9 62.0149 9.52542 2 1 423.313 54.9131 7.70879 4 3 0.0165367 2.5279e-05 8.68087 2 
0.684573 -1.08319e-05 -1 0.594168 0.229616 0.000652601 631.292 109937 3 56963.1 131.609 7.56431 2 1 530.54 36.2759 14.6252 4 3 0.0159629 2.37018e-05 8.7655 2 
0.685226 -1.08322e-05 -1 0.594317 0.229689 0.000652601 631.932 109930 3 63661.9 121.995 8.05093 2 1 437.937 38.8345 11.277 4 3 0.0151131 2.39008e-05 8.58316 2 
0.685878 -1.07617e-05 -1 0.594467 0.229769 0.000652601 632.566 109923 3 56225 81.0877 8.85098 2 1 387.031 31.9548 12.1118 4 3 0.0160405 2.24935e-05 8.93415 2 
0.686531 -1.07131e-05 -1 0.594617 0.229844 0.000652601 633.244 109909 3 76051.5 141.927 8.12234 2 1 531.79 25.5815 20.7881 4 3 0.0170194 2.20314e-05 9.17559 2 
0.687183 -1.05948e-05 -1 0.594767 0.229908 0.000652601 633.899 109899 3 55276 163.583 6.96518 2 1 496.854 36.783 13.5077 4 3 0.016196 2.06331e-05 9.2246 2 
0.687836 -1.06617e-05 -1 0.594917 0.229997 0.000652601 634.505 109897 3 60784 145.877 7.46909 2 1 594.407 40.1214 14.8152 4 3 0.0170636 2.05972e-05 9.39191 2 
0.688489 -1.06588e-05 -1 0.595067 0.230069 0.000652601 635.095 109898 3 71096 53.8817 10.9682 2 1 466.963 55.5176 8.41109 4 3 0.016565 2.06991e-05 9.28424 2 
0.689141 -1.06707e-05 -1 0.595217 0.230133 0.000652601 635.67 109902 3 56306.2 128.23 7.60074 2 1 409.12 36.4448 11.2257 4 3 0.017204 2.05313e-05 9.42767 2 
0.689794 -1.06534e-05 -1 0.595368 0.230215 0.000652601 636.291 109898 3 54905.5 110.785 7.91368 2 1 575.456 32.1319 17.9092 4 3 0.0166749 2.02294e-05 9.3762 2 
0.690446 -1.06657e-05 -1 0.595518 0.230279 0.000652601 636.88 109899 3 56391.8 163.155 7.01787 2 1 517.081 29.0538 17.7974 4 3 0.0167194 1.80659e-05 9.74513 2 
0.691099 -1.06868e-05 -1 0.595668 0.230355 0.000652601 637.512 109893 3 55173.3 123.941 7.6355 2 1 540.893 28.6056 18.9086 4 3 0.017029 1.80723e-05 9.80375 2 
0.691752 -1.07629e-05 -1 0.595819 0.230444 0.000652601 638.125 109890 3 76488 117.074 8.67715 2 1 507.731 24.311 20.8848 4 3 0.0168924 1.80407e-05 9.78318 2 
0.692404 -1.07381e-05 -1 0.595969 0.230503 0.000652601 638.777 109880 3 79895.2 115.238 8.85065 2 1 519.631 25.9624 20.0148 4 3 0.0173725 1.89327e-05 9.71741 2 
0.693057 -1.08119e-05 -1 0.596119 0.230566 0.000652601 639.395 109877 3 65133.3 151.449 7.54824 2 1 602.883 29.191 20.6531 4 3 0.0164716 1.97571e-05 9.41177 2 
0.693709 -1.08659e-05 -1 0.59627 0.230662 0.000652601 639.998 109876 3 58275.8 168.973 7.01279 2 1 650.835 34.8763 18.6612 4 3 0.0169288 1.96298e-05 9.51852 2 
0.694362 -1.09967e-05 -1 0.59642 0.23071 0.000652601 640.609 109873 3 77451 136.395 8.28088 2 1 475.545 67.1227 7.08471 4 3 0.0162781 1.96433e-05 9.39282 2 
0.695015 -1.09937e-05 -1 0.596571 0.230797 0.000652601 641.225 109870 3 73476.8 148.614 7.90733 2 1 487.299 53.882 9.04382 4 3 0.0162582 1.9244e-05 9.4535 2 
0.695667 -1.09696e-05 -1 0.596721 0.230853 0.000652601 641.871 109861 3 78376.8 179.529 7.58609 2 1 445.723 46.6523 9.55413 4 3 0.017041 1.93911e-05 9.57849 2 
0.69632 -1.09766e-05 -1 0.596872 0.230937 0.000652601 642.591 109840 3 66182.2 175.24 7.2283 2 1 510.074 60.8453 8.38313 4 3 0.0166741 1.95127e-05 9.48946 2 
0.696972 -1.10916e-05 -1 0.597022 0.231014 0.000652601 643.249 109830 3 73042 156.439 7.75787 2 1 420.304 52.4674 8.01078 4 3 0.0169672 1.97081e-05 9.5131 2 
0.697625 -1.10052e-05 -1 0.597173 0.23108 0.000652601 643.938 109814 3 54005 159.131 6.97525 2 1 504.231 33.0235 15.2689 4 3 0.0167586 2.00153e-05 9.42522 2 
0.698278 -1.09902e-05 -1 0.597324 0.231111 0.000652601 644.613 109800 3 56841.9 146.261 7.29761 2 1 440.292 66.4844 6.62248 4 3 0.0174975 2.02086e-05 9.53118 2 
0.69893 -1.09396e-05 -1 0.597475 0.23121 0.000652601 645.295 109786 3 81471.2 216.874 7.21549 2 1 505.837 27.7347 18.2384 4 3 0.0164708 2.02743e-05 9.33088 2 
0.699583 -1.07235e-05 -1 0.597626 0.231287 0.000652601 645.908 109783 3 77085.5 152.699 7.96243 2 1 474.163 40.6419 11.6669 4 3 0.01749 2.00703e-05 9.55166 2 
0.700235 -1.07495e-05 -1 0.597777 0.231366 0.000652601 646.514 109782 3 68715.7 115.353 8.41413 2 1 763.751 147.416 5.18091 4 3 0.0169109 1.96333e-05 9.51461 2 
0.700888 -1.08059e-05 -1 0.597928 0.231418 0.000652601 647.139 109777 3 53978.8 146.118 7.1753 2 1 448.055 37.3327 12.0017 4 3 0.0164387 1.86606e-05 9.58621 2 
0.701541 -1.08541e-05 -1 0.598079 0.2315 0.000652601 647.763 109772 3 74336.1 136.321 8.16982 2 1 482.972 34.7858 13.8842 4 3 0.0166874 1.74544e-05 9.85132 2 
0.702193 -1.0964e-05 -1 0.59823 0.231548 0.000652601 648.353 109774 3 77045.2 134.678 8.30136 2 1 591.267 54.2434 10.9003 4 3 0.0166801 1.60173e-05 10.1361 2 
0.702846 -1.09233e-05 -1 0.598381 0.231636 0.000652601 648.943 109775 3 79710.3 168.486 7.79202 2 1 532.032 32.1086 16.5698 4 3 0.0164901 1.5694e-05 10.1663 2 
0.703498 -1.09478e-05 -1 0.598532 0.23169 0.000652601 649.598 109765 3 55879.9 137.168 7.41312 2 1 651.323 80.0122 8.14029 4 3 0.0163877 1.49598e-05 10.3085 2 
0.704151 -1.09515e-05 -1 0.598683 0.231774 0.000652601 650.229 109759 3 77583.6 153.856 7.95949 2 1 636.944 38.5161 16.5371 4 3 0.0164237 1.43779e-05 10.4534 2 
0.704804 -1.09683e-05 -1 0.598834 0.231826 0.000652601 650.831 109758 3 51618.5 153.988 6.94661 2 1 424.335 64.5746 6.57124 4 3 0.0174902 1.41473e-05 10.7326 2 
0.705456 -1.09502e-05 -1 0.598986 0.23191 0.000652601 651.42 109760 3 51666.7 61.9126 9.41479 2 1 508.057 72.1316 7.04347 4 3 0.0166735 1.41818e-05 10.5544 2 
0.706109 -1.10165e-05 -1 0.599137 0.231966 0.000652601 652.014 109760 3 51794.8 144.231 7.10792 2 1 450.717 32.2162 13.9904 4 3 0.0169125 1.43021e-05 10.5747 2 
0.706761 -1.10776e-05 -1 0.599288 0.232042 0.000652601 652.601 109762 3 52995.8 127.403 7.46485 2 1 479.331 51.1559 9.36999 4 3 0.0167192 1.451e-05 10.4837 2 
0.707414 -1.11062e-05 -1 0.599439 0.232102 0.000652601 653.211 109760 3 75928.8 146.824 8.02668 2 1 407.715 26.7077 15.2658 4 3 0.0175743 1.49618e-05 10.5511 2 
0.708067 -1.12247e-05 -1 0.599591 0.232179 0.000652601 653.81 109760 3 56883.7 142.82 7.35755 2 1 486.368 35.6055 13.6599 4 3 0.0172137 1.97861e-05 9.54637 2 
0.708719 -1.13449e-05 -1 0.599742 0.232244 0.000652601 654.452 109752 3 55334.8 133.839 7.44969 2 1 430.53 46.0754 9.34401 4 3 0.0170855 7.07057e-05 6.22861 2 
0.709372 -1.14314e-05 -1 0.599894 0.232317 0.000652601 655.139 109737 3 55155.6 114.09 7.8484 2 1 428.124 41.4106 10.3385 4 4 0.0162433 2.12282e-05 5.25945 2 
0.710024 -1.15223e-05 -1 0.600045 0.232388 0.000652601 655.802 109726 3 50962.7 153.357 6.92654 2 1 472.683 30.9647 15.2652 4 4 0.0159526 1.99774e-05 5.31586 2 
0.710677 -1.16706e-05 -1 0.600197 0.232422 0.000652601 656.409 109724 3 66237.5 147.421 7.65917 2 1 498.846 23.6258 21.1144 4 3 0.0169139 9.34965e-05 5.65565 2 
0.71133 -1.17208e-05 -1 0.600349 0.232483 0.000652601 657.037 109719 3 62944.7 167.983 7.20938 2 1 549.612 37.9516 14.4819 4 3 0.0168073 8.15951e-05 5.90579 2 
0.711982 -1.18053e-05 -1 0.600501 0.232553 0.000652601 657.65 109717 3 55044.9 125.348 7.60093 2 1 493.793 36.2174 13.6341 4 3 0.0170867 7.06954e-05 6.22905 2 
0.712635 -1.18902e-05 -1 0.600652 0.23262 0.000652601 658.273 109712 3 78710.3 135.46 8.34463 2 1 437.784 34.5307 12.6781 4 3 0.0168718 6.26204e-05 6.45875 2 
0.713287 -1.19384e-05 -1 0.600804 0.232671 0.000652601 658.92 109704 3 53757.3 151.712 7.0763 2 1 546.23 19.5684 27.9139 4 3 0.0161904 6.05575e-05 6.44214 2 
0.71394 -1.19655e-05 -1 0.600956 0.23275 0.000652601 659.56 109697 3 55382.9 155.848 7.08313 2 1 527.556 24.9201 21.1699 4 3 0.0175529 5.81927e-05 6.70646 2 
0.714593 -1.20367e-05 -1 0.601108 0.232795 0.000652601 660.219 109687 3 72603.8 86.6491 9.42754 2 1 489.505 30.4772 16.0613 4 3 0.0170309 4.99651e-05 6.98538 2 
0.715245 -1.19825e-05 -1 0.60126 0.232878 0.000652601 660.811 109688 3 54665.5 101.687 8.13109 2 1 476.191 27.0721 17.5897 4 3 0.0168977 4.43684e-05 7.24855 2 
0.715898 -1.19641e-05 -1 0.601412 0.232945 0.000652601 661.418 109686 3 80502.3 142.02 8.27597 2 1 409.82 33.8473 12.1079 4 3 0.0179453 4.18209e-05 7.54257 2 
0.71655 -1.20688e-05 -1 0.601564 0.232992 0.000652601 662.027 109684 3 52982.8 154.074 7.00597 2 1 473.091 34.6008 13.6728 4 3 0.0173284 4.13706e-05 7.48207 2 
0.717203 -1.20965e-05 -1 0.601716 0.233052 0.000652601 662.613 109686 3 56977.4 160.274 7.08402 2 1 467.52 53.1905 8.78954 4 3 0.0169689 4.20733e-05 7.38837 2 
0.717856 -1.21039e-05 -1 0.601868 0.233123 0.000652601 663.206 109687 3 79347 146.877 8.14439 2 1 449.443 56.3735 7.97259 4 3 0.0168739 4.05217e-05 7.46751 2 
0.718508 -1.20757e-05 -1 0.60202 0.233172 0.000652601 663.809 109686 3 68474 93.8639 9.00207 2 1 415.878 51.5645 8.0652 4 3 0.016098 3.5139e-05 7.70894 2 
0.719161 -1.20586e-05 -1 0.602172 0.233241 0.000652601 664.425 109683 3 54285.4 158.113 7.00227 2 1 517.792 40.8881 12.6636 4 3 0.0154888 3.04579e-05 7.98189 2 
0.719813 -1.20644e-05 -1 0.602324 0.233301 0.000652601 665.041 109680 3 64636.5 145.137 7.63659 2 1 413.734 55.656 7.43377 4 3 0.01581 2.77544e-05 8.2896 2 
0.720466 -1.20197e-05 -1 0.602476 0.233368 0.000652601 665.686 109672 3 52461.9 158.549 6.91661 2 1 414.302 48.3236 8.57349 4 3 0.0176541 2.88391e-05 8.49092 2 
0.721119 -1.20002e-05 -1 0.602629 0.233427 0.000652601 666.299 109669 3 75800.9 97.3888 9.1986 2 1 414.809 42.7474 9.70373 4 3 0.016666 2.90564e-05 8.30864 2 
0.721771 -1.20236e-05 -1 0.602781 0.233483 0.000652601 666.888 109671 3 81322.6 72.3246 10.3986 2 1 502.8 40.0398 12.5575 4 3 0.0171368 2.83558e-05 8.45467 2 
0.722424 -1.21012e-05 -1 0.602934 0.233553 0.000652601 667.485 109671 3 81533.9 150.529 8.15153 2 1 465.691 27.3674 17.0163 4 3 0.0168337 2.90309e-05 8.33885 2 
0.723076 -1.20354e-05 -1 0.603086 0.233614 0.000652601 668.084 109671 3 65218.8 147.318 7.62148 2 1 452.016 45.1303 10.0158 4 3 0.017852 2.78224e-05 8.6251 2 
0.723729 -1.20962e-05 -1 0.603238 0.233665 0.000652601 668.67 109673 3 82248.9 108.323 9.12299 2 1 443.707 40.2034 11.0365 4 3 0.0173358 2.58435e-05 8.75381 2 
0.724382 -1.22396e-05 -1 0.603391 0.233715 0.000652601 669.264 109673 3 54432.3 114.108 7.81351 2 1 458.263 33.296 13.7633 4 3 0.0169148 2.11983e-05 9.27517 2 
0.725034 -1.22066e-05 -1 0.603543 0.233784 0.000652601 669.918 109664 3 53912 81.3187 8.71964 2 1 464.075 30.5305 15.2004 4 3 0.0178054 1.90993e-05 9.76887 2 
0.725687 -1.21782e-05 -1 0.603696 0.233842 0.000652601 670.565 109656 3 79883.5 122.278 8.677 2 1 403.864 37.6323 10.7318 4 3 0.0170484 1.73148e-05 9.94845 2 
0.726339 -1.21784e-05 -1 0.603849 0.233905 0.000652601 671.142 109659 3 70132.2 113.085 8.5278 2 1 461.819 37.3949 12.3498 4 3 0.01682 1.89889e-05 9.60378 2 
0.726992 -1.22093e-05 -1 0.604001 0.233959 0.000652601 671.752 109657 3 58571.7 146.225 7.37149 2 1 427.41 29.617 14.4312 4 3 0.0171626 1.97904e-05 9.53622 2 
0.727645 -1.22698e-05 -1 0.604154 0.234016 0.000652601 672.556 109624 3 83871.1 124.575 8.76449 2 1 426.83 31.5252 13.5393 4 3 0.0167026 1.82806e-05 9.70356 2 
0.728297 -1.22288e-05 -1 0.604306 0.234066 0.000652601 673.232 109611 3 79725.5 150.8 8.08596 2 1 601.548 52.3893 11.4823 4 3 0.0159932 1.81891e-05 9.58021 2 
0.72895 -1.2244e-05 -1 0.604459 0.234138 0.000652601 673.926 109595 3 53488.2 70.3026 9.12912 2 1 468.682 49.1429 9.53713 4 3 0.01663 1.89266e-05 9.57796 2 
0.729602 -1.22832e-05 -1 0.604612 0.234182 0.000652601 674.622 109579 3 81497.3 155.617 8.0605 2 1 1196.84 48.5508 24.6512 4 3 0.0177281 1.84783e-05 9.8628 2 
0.730255 -1.2349e-05 -1 0.604764 0.234247 0.000652601 675.235 109577 3 54015 155.025 7.03673 2 1 490.403 38.1993 12.838 4 3 0.0171083 1.75269e-05 9.91974 2 
0.730908 -1.23397e-05 -1 0.604917 0.234289 0.000652601 675.902 109566 3 55995 218.693 6.34996 2 1 440.944 36.9323 11.9393 4 3 0.0173047 1.40881e-05 10.7096 2 
0.73156 -1.23651e-05 -1 0.60507 0.234358 0.000652601 676.519 109563 3 52295.3 150.034 7.0376 2 1 522.505 30.0588 17.3828 4 3 0.0170373 1.38766e-05 10.7079 2 
0.732213 -1.23897e-05 -1 0.605223 0.234417 0.000652601 677.11 109564 3 52027.5 106.972 7.8642 2 1 523.922 21.8603 23.9668 4 3 0.0180403 1.39158e-05 10.9038 2 
0.732865 -1.2369e-05 -1 0.605376 0.234463 0.000652601 677.723 109561 3 52186.9 143.677 7.13496 2 1 435.706 19.1944 22.6997 4 3 0.0175144 1.37378e-05 10.8433 2 
0.733518 -1.23489e-05 -1 0.605529 0.234533 0.000652601 678.34 109558 3 79560.2 138.056 8.32172 2 1 474.941 23.6344 20.0953 4 3 0.0179881 1.33471e-05 11.0459 2 
0.734171 -1.23899e-05 -1 0.605682 0.234592 0.000652601 678.878 109568 1 622.223 131.45 4.73355 2 1 458.614 42.1002 10.8934 4 3 0.0173724 1.29437e-05 11.0306 2 
0.734823 -1.24472e-05 -1 0.605835 0.234643 0.000652601 679.493 109565 3 54431.2 129.748 7.48598 2 1 494.997 31.1379 15.8969 4 3 0.0164313 1.24797e-05 10.9603 2 
0.735476 -1.25016e-05 -1 0.605988 0.234692 0.000652601 680.099 109564 3 55336.9 145.373 7.24731 2 1 522.822 22.7949 22.9359 4 3 0.0170018 1.15329e-05 11.3811 2 
0.736128 -1.24863e-05 -1 0.606142 0.234743 0.000652601 680.696 109564 3 69950.3 130.151 8.13043 2 1 466.902 23.5656 19.8129 4 3 0.0173794 1.14185e-05 11.5029 2 
0.736781 -1.23192e-05 -1 0.606295 0.234804 0.000652601 681.317 109561 3 55507.4 154.067 7.11563 2 1 453.006 34.5164 13.1244 4 3 0.0172555 1.22398e-05 11.2129 2 
0.737434 -1.22815e-05 -1 0.606448 0.234862 0.000652601 681.93 109558 3 62388.5 155.896 7.36925 2 1 535.294 37.2907 14.3546 4 3 0.0165853 1.23227e-05 11.0409 2 
0.738086 -1.23223e-05 -1 0.606601 0.234911 0.000652601 682.517 109560 3 55584.5 141.885 7.31711 2 1 476.935 22.9849 20.7499 4 3 0.0169751 1.13164e-05 11.4472 2 
0.738739 -1.23191e-05 -1 0.606755 0.234958 0.000652601 683.052 109570 3 82671.3 144.107 8.30915 2 1 422.79 24.2693 17.4208 4 2 0.0159855 8.91575e-05 13.3901 2 
0.739391 -1.2387e-05 -1 0.606908 0.235017 0.000652601 683.593 109579 4 80585.9 122.832 5.06101 2 1 958.748 42.8809 22.3584 4 2 0.0177222 7.74217e-05 15.1296 2 
0.740044 -1.23811e-05 -1 0.607061 0.235074 0.000652601 684.145 109587 4 59922 67.7691 5.45304 2 1 433.598 49.8534 8.69744 4 2 0.0168332 8.19193e-05 14.3347 2 
0.740697 -1.24009e-05 -1 0.607214 0.235124 0.000652601 684.68 109597 3 75716.8 76.1484 9.98107 2 1 439.78 45.582 9.6481 4 2 0.0171335 9.25434e-05 13.6066 2 
0.741349 -1.24099e-05 -1 0.607368 0.235186 0.000652601 685.269 109598 3 83550 201.949 7.45134 2 1 414.935 43.1531 9.61544 4 3 0.0182746 1.03195e-05 12.0985 2 
0.742002 -1.24944e-05 -1 0.607521 0.235232 0.000652601 685.869 109598 3 54928.1 155.58 7.06774 2 1 514.692 79.7633 6.45274 4 3 0.0177907 1.11855e-05 11.6729 2 
0.742654 -1.25245e-05 -1 0.607675 0.235277 0.000652601 686.506 109592 3 60828.5 106.831 8.2884 2 1 419.88 44.3336 9.47093 4 3 0.017829 1.19997e-05 11.4109 2 
0.743307 -1.25564e-05 -1 0.607828 0.235339 0.000652601 687.114 109590 3 56739.2 104.871 8.14847 2 1 417.21 35.4592 11.7659 4 3 0.0171092 1.25604e-05 11.0852 2 
0.74396 -1.26111e-05 -1 0.607982 0.235393 0.000652601 687.698 109592 3 84060.9 225.32 7.19887 2 1 428.397 32.2005 13.304 4 3 0.0160472 1.26164e-05 10.8348 2 
0.744612 -1.26913e-05 -1 0.608135 0.235439 0.000652601 688.316 109589 3 70293.4 153.123 7.71422 2 1 421.793 65.3959 6.44983 4 3 0.0171396 1.23385e-05 11.1578 2 
0.745265 -1.26773e-05 -1 0.608289 0.235485 0.000652601 688.954 109583 3 67900.2 159.184 7.52761 2 1 598.616 70.1073 8.53856 4 3 0.0175654 1.19299e-05 11.3764 2 
0.745917 -1.27157e-05 -1 0.608443 0.235534 0.000652601 689.573 109579 3 64718.3 150.857 7.542 2 1 455.401 45.3402 10.0441 4 3 0.0170381 1.18794e-05 11.2774 2 
0.74657 -1.28067e-05 -1 0.608597 0.235592 0.000652601 690.191 109576 3 54748.7 150.016 7.14626 2 1 441.161 22.7621 19.3814 4 3 0.0174894 1.19061e-05 11.3676 2 
0.747223 -1.29208e-05 -1 0.60875 0.235627 0.000652601 690.795 109575 3 62261.3 155.468 7.37099 2 1 431.846 42.7057 10.1121 4 3 0.0170485 1.18275e-05 11.2962 2 
0.747875 -1.29624e-05 -1 0.608904 0.235685 0.000652601 691.387 109576 3 85887.9 179.742 7.81798 2 1 788.578 33.0431 23.8651 4 3 0.0159217 1.58484e-05 10.0154 2 
0.748528 -1.29022e-05 -1 0.609058 0.235753 0.000652601 692.043 109567 3 83852.9 124.177 8.77322 2 1 411.152 44.4185 9.25632 4 3 0.0178607 5.1671e-05 7.01806 2 
0.74918 -1.29241e-05 -1 0.609212 0.235778 0.000652601 692.73 109553 3 56673.5 151.875 7.19943 2 1 408.006 39.4576 10.3404 4 4 0.0177126 2.41774e-05 5.20257 2 
0.749833 -1.289e-05 -1 0.609365 0.235837 0.000652601 693.399 109542 3 57800.2 156.663 7.17223 2 1 493.6 30.8328 16.009 4 4 0.0167978 2.51949e-05 5.08142 2 
0.750486 -1.29023e-05 -1 0.609519 0.235887 0.000652601 694.104 109525 3 52381.3 80.0711 8.68094 2 1 637.473 38.8877 16.3926 4 4 0.0183084 2.33656e-05 5.29077 2 
0.751138 -1.29244e-05 -1 0.609673 0.235934 0.000652601 694.773 109514 3 55423.8 112.457 7.89896 2 1 399.936 40.069 9.98118 4 3 0.0176536 9.86941e-05 5.63439 2 
0.751791 -1.29952e-05 -1 0.609827 0.235979 0.000652601 695.376 109513 3 84584.7 99.4392 9.47498 2 1 468.71 33.939 13.8104 4 3 0.0175632 8.60428e-05 5.88794 2 
0.752443 -1.31223e-05 -1 0.609981 0.236029 0.000652601 695.986 109511 3 72930.9 134.112 8.16235 2 1 394.921 28.9652 13.6343 4 3 0.0171151 7.53708e-05 6.10087 2 
0.753096 -1.31454e-05 -1 0.610135 0.236098 0.000652601 696.577 109512 3 87423.9 151.94 8.31737 2 1 426.729 28.2288 15.1168 4 3 0.0160403 6.95339e-05 6.13299 2 
0.753749 -1.32622e-05 -1 0.610289 0.236128 0.000652601 697.23 109504 3 65393.6 111.945 8.35943 2 1 424.229 34.786 12.1954 4 3 0.017239 6.80805e-05 6.32649 2 
0.754401 -1.32169e-05 -1 0.610443 0.236173 0.000652601 697.831 109504 3 84345.3 148.676 8.27827 2 1 450.723 25.6714 17.5574 4 3 0.0173576 5.9933e-05 6.6162 2 
0.755054 -1.30268e-05 -1 0.610597 0.236216 0.000652601 698.424 109504 3 53597.9 56.1144 9.84823 2 1 548.574 32.7845 16.7327 4 3 0.0180237 5.2086e-05 7.0206 2 
0.755706 -1.29974e-05 -1 0.610751 0.236287 0.000652601 699.046 109501 3 85252.4 168.864 7.96263 2 1 555.098 35.2161 15.7626 4 3 0.0170918 4.94323e-05 7.01874 2 
0.756359 -1.30369e-05 -1 0.610905 0.236318 0.000652601 699.672 109496 3 83393 113.463 9.02454 2 1 416.595 36.6738 11.3595 4 3 0.0178379 4.80299e-05 7.18804 2 
0.757012 -1.30672e-05 -1 0.61106 0.236366 0.000652601 700.274 109496 3 54084.2 151.438 7.09488 2 1 442.36 29.7653 14.8616 4 3 0.0174766 4.81671e-05 7.1324 2 
0.757664 -1.30335e-05 -1 0.611214 0.236419 0.000652601 700.876 109495 3 55171.2 152.185 7.1304 2 1 454.693 23.0301 19.7434 4 3 0.0182044 4.70912e-05 7.2847 2 
0.758317 -1.31637e-05 -1 0.611368 0.23646 0.000652601 701.487 109493 1 743.873 113.338 6.56331 2 1 436.896 32.8173 13.313 4 3 0.0179472 4.13598e-05 7.57075 2 
0.758969 -1.3279e-05 -1 0.611523 0.23649 0.000652601 702.321 109457 3 84425.2 190.561 7.62336 2 1 420.669 20.0626 20.9678 4 3 0.0180333 3.61692e-05 7.92949 2 
0.759622 -1.32994e-05 -1 0.611677 0.236543 0.000652601 703.058 109435 3 77458 156.058 7.91759 2 1 469.398 24.0111 19.5492 4 3 0.0182723 3.26542e-05 8.24046 2 
0.760275 -1.34155e-05 -1 0.611831 0.23658 0.000652601 703.869 109402 3 82584.8 145.454 8.28053 2 1 448.832 21.8976 20.4968 4 3 0.0177005 3.3418e-05 8.09099 2 
0.760927 -1.34239e-05 -1 0.611986 0.236634 0.000652601 704.55 109389 3 54816.2 151.68 7.12296 2 1 424.592 25.527 16.6331 4 3 0.0177882 3.37596e-05 8.0769 2 
0.76158 -1.34314e-05 -1 0.61214 0.236682 0.000652601 705.175 109385 3 85640.8 149.27 8.3094 2 1 1109.88 27.1051 40.9474 4 3 0.0175145 3.29852e-05 8.09766 2 
0.762232 -1.34459e-05 -1 0.612294 0.236732 0.000652601 705.793 109383 3 72157.3 118.019 8.48742 2 1 398.912 52.3301 7.62299 4 3 0.0169378 3.37603e-05 7.94602 2 
0.762885 -1.34227e-05 -1 0.612449 0.236777 0.000652601 706.408 109380 3 65917.4 102.238 8.63897 2 1 389.428 45.4005 8.57761 4 3 0.0166901 3.23956e-05 8.01662 2 
0.763538 -1.35203e-05 -1 0.612603 0.236831 0.000652601 707.012 109379 3 55853.5 104.281 8.12111 2 1 478.006 53.5967 8.91858 4 3 0.015962 2.96815e-05 8.13205 2 
0.76419 -1.35232e-05 -1 0.612758 0.23686 0.000652601 707.635 109376 3 50922.2 157.356 6.86554 2 1 373.375 42.4416 8.7974 4 3 0.0180892 2.46078e-05 9.02503 2 
0.764843 -1.35273e-05 -1 0.612912 0.236911 0.000652601 708.293 109366 3 54996.6 69.4094 9.2535 2 1 420.045 42.5531 9.87108 4 3 0.0178596 2.25832e-05 9.2476 2 
0.765495 -1.35495e-05 -1 0.613067 0.236958 0.000652601 708.906 109364 3 52751.4 141.377 7.19921 2 1 403.01 42.3165 9.52371 4 3 0.0172687 2.07865e-05 9.40068 2 
0.766148 -1.3505e-05 -1 0.613221 0.236992 0.000652601 709.523 109362 3 84300.1 171.586 7.8907 2 1 499.708 36.6819 13.6227 4 3 0.017632 2.29757e-05 9.15541 2 
0.766801 -1.36239e-05 -1 0.613376 0.237045 0.000652601 710.139 109359 3 54990.3 195.974 6.5468 2 1 471.968 43.2441 10.914 4 3 0.0184882 2.2668e-05 9.34317 2 
0.767453 -1.36651e-05 -1 0.613531 0.237061 0.000652601 710.74 109359 3 77728.6 176.895 7.60248 2 1 454.224 34.2027 13.2803 4 3 0.0182942 2.60357e-05 8.89027 2 
0.768106 -1.35757e-05 -1 0.613685 0.237114 0.000652601 711.345 109358 3 61013.2 131.057 7.75035 2 1 515.766 43.9342 11.7395 4 3 0.018653 3.955e-05 7.78396 2 
0.768758 -1.35642e-05 -1 0.61384 0.237171 0.000652601 711.991 109351 3 55963.9 105.171 8.10346 2 1 618.638 38.7274 15.9742 4 3 0.0186766 4.69021e-05 7.35701 2 
0.769411 -1.36315e-05 -1 0.613995 0.237218 0.000652601 712.607 109348 3 54433.2 155.862 7.04219 2 1 573.069 44.128 12.9865 4 3 0.0172316 4.75706e-05 7.12846 2 
0.770064 -1.36073e-05 -1 0.61415 0.237252 0.000652601 713.258 109340 3 53492 104.016 8.0118 2 1 395.216 30.147 13.1096 4 3 0.0178181 4.64724e-05 7.26477 2 
0.770716 -1.3625e-05 -1 0.614305 0.237299 0.000652601 713.855 109341 3 73536.6 156.822 7.76901 2 1 497.855 29.398 16.935 4 3 0.0176895 4.80481e-05 7.16715 2 
0.771369 -1.36983e-05 -1 0.614459 0.237344 0.000652601 714.474 109338 3 85692.7 123.366 8.85624 2 1 406.023 28.0257 14.4875 4 3 0.0180537 4.92554e-05 7.15655 2 
0.772021 -1.36955e-05 -1 0.614614 0.237384 0.000652601 715.087 109336 3 66280.5 145.431 7.69561 2 1 451.256 25.5367 17.6709 4 3 0.0173228 4.85891e-05 7.09076 2 
0.772674 -1.37203e-05 -1 0.614769 0.237419 0.000652601 715.68 109337 3 54861.7 124.627 7.6071 2 1 449.308 33.7281 13.3215 4 3 0.0164248 4.96406e-05 6.91652 2 
0.773327 -1.37298e-05 -1 0.614924 0.237479 0.000652601 716.295 109334 3 87567.2 171.607 7.99101 2 1 435.994 51.8583 8.40742 4 3 0.0172608 5.21267e-05 6.91832 2 
0.773979 -1.37721e-05 -1 0.615079 0.237503 0.000652601 716.884 109336 3 83127.4 146.167 8.28512 2 1 1272.87 48.6577 26.1597 4 3 0.0184684 4.95392e-05 7.19714 2 
0.774632 -1.37582e-05 -1 0.615234 0.237544 0.000652601 717.494 109334 3 56590.6 106.734 8.09371 2 1 518.223 41.0549 12.6227 4 3 0.0177267 4.79274e-05 7.17819 2 
0.775284 -1.37228e-05 -1 0.615389 0.237581 0.000652601 718.128 109329 3 88371.4 128.931 8.81694 2 1 419.874 34.9098 12.0274 4 3 0.0180977 4.69674e-05 7.27682 2 
0.775937 -1.38621e-05 -1 0.615544 0.23763 0.000652601 718.822 109314 3 54762.6 153.199 7.09701 2 1 485.367 34.0588 14.2509 4 3 0.0185457 4.62994e-05 7.3715 2 
0.77659 -1.39067e-05 -1 0.615699 0.237665 0.000652601 719.445 109311 3 54735.8 103.614 8.08385 2 1 441.12 32.3004 13.6568 4 3 0.018841 4.56452e-05 7.44565 2 
0.777242 -1.39681e-05 -1 0.615854 0.237701 0.000652601 720.133 109298 3 10013 67.9284 5.28248 2 1 385.05 16.7718 22.9581 4 3 0.0183853 4.54974e-05 7.39313 2 
0.777895 -1.40133e-05 -1 0.616009 0.237744 0.000652601 720.76 109293 3 61404.5 146.685 7.48062 2 1 459.679 24.2186 18.9804 4 3 0.0179159 4.46927e-05 7.3734 2 
0.778547 -1.39773e-05 -1 0.616164 0.237791 0.000652601 721.37 109292 3 82543.7 229.062 7.11613 2 1 424.114 28.5472 14.8566 4 3 0.0172419 4.36035e-05 7.33986 2 
0.7792 -1.40144e-05 -1 0.61632 0.237826 0.000652601 722.01 109286 3 90506.5 203.022 7.63916 2 1 418.255 27.7205 15.0883 4 3 0.0171513 4.39608e-05 7.30708 2 
0.779853 -1.40767e-05 -1 0.616475 0.237856 0.000652601 722.608 109286 3 66214.5 148.619 7.63765 2 1 532.269 72.9551 7.29585 4 3 0.0178115 4.43322e-05 7.37894 2 
0.780505 -1.41196e-05 -1 0.61663 0.237904 0.000652601 723.22 109284 3 69769.5 78.4747 9.61565 2 1 465.749 40.6278 11.4638 4 3 0.0180874 4.51971e-05 7.36923 2 
0.781158 -1.42244e-05 -1 0.616785 0.237932 0.000652601 723.894 109273 3 83233.1 67.8059 10.7072 2 1 445.774 26.2366 16.9906 4 3 0.018114 4.43132e-05 7.42153 2 
0.78181 -1.42612e-05 -1 0.616941 0.237969 0.000652601 724.512 109270 3 87068.5 140.408 8.52753 2 1 399.811 19.8162 20.1759 4 3 0.0175326 4.23906e-05 7.45062 2 
0.782463 -1.43391e-05 -1 0.617096 0.238019 0.000652601 725.137 109266 3 88927.4 106.272 9.42335 2 1 477.67 35.952 13.2863 4 3 0.0170952 4.01372e-05 7.52389 2 
0.783116 -1.42517e-05 -1 0.617251 0.238056 0.000652601 725.791 109258 3 87378 151.536 8.3233 2 1 530.366 26.4385 20.0604 4 3 0.0187066 3.85943e-05 7.8552 2 
0.783768 -1.42323e-05 -1 0.617406 0.238083 0.000652601 726.399 109257 3 52232.6 126.89 7.43883 2 1 508.256 37.4437 13.5739 4 3 0.0185995 3.73438e-05 7.92673 2 
0.784421 -1.42557e-05 -1 0.617561 0.23812 0.000652601 726.999 109257 3 58160.5 115.207 7.9625 2 1 450.436 50.0119 9.00657 4 3 0.0174943 3.74762e-05 7.75735 2 
0.785073 -1.43054e-05 -1 0.617717 0.238173 0.000652601 727.612 109255 3 88666.2 147.67 8.43636 2 1 618.693 44.1636 14.0091 4 3 0.0189566 3.76611e-05 7.95467 2 
0.785726 -1.44121e-05 -1 0.617872 0.238203 0.000652601 728.239 109251 3 53400.2 83.08 8.63009 2 1 578.027 42.7784 13.5121 4 3 0.0190509 3.77096e-05 7.96442 2 
0.786379 -1.44409e-05 -1 0.618027 0.238222 0.000652601 728.857 109248 3 80037.1 132.439 8.45458 2 1 365.988 39.7855 9.19903 4 3 0.0183032 3.7318e-05 7.88623 2 
0.787031 -1.44353e-05 -1 0.618183 0.238269 0.000652601 729.474 109246 3 87484.8 135.766 8.63734 2 1 427.291 38.0175 11.2393 4 3 0.0178835 3.52929e-05 7.97239 2 
0.787684 -1.44861e-05 -1 0.618338 0.238315 0.000652601 730.059 109248 2 9905.76 194.3 7.14015 2 1 423.151 43.6635 9.69119 4 3 0.0167558 3.60151e-05 7.74866 2 
0.788336 -1.44709e-05 -1 0.618494 0.238342 0.000652601 730.691 109243 3 35785 221.474 5.44661 2 1 424.799 44.8468 9.47224 4 3 0.0160369 7.27241e-05 6.04153 2 
0.788989 -1.44437e-05 -1 0.618649 0.238381 0.000652601 731.374 109230 3 72733.2 108.239 8.75889 2 1 699.051 48.8949 14.297 4 4 0.0170813 2.18248e-05 5.28923 2 
0.789642 -1.44288e-05 -1 0.618805 0.238418 0.000652601 732.219 109194 3 68963.4 168.089 7.43065 2 1 705.443 93.8523 7.51652 4 4 0.0190669 2.03573e-05 5.5321 2 
0.790294 -1.44488e-05 -1 0.61896 0.238446 0.000652601 732.923 109179 3 55272.1 109.43 7.96384 2 1 479.454 30.6926 15.6212 4 3 0.0179797 9.47492e-05 5.74649 2 
0.790947 -1.45833e-05 -1 0.619116 0.238486 0.000652601 733.627 109163 3 53500.3 144.841 7.17499 2 1 677.472 42.1966 16.0552 4 3 0.0179988 8.2234e-05 6.02649 2 
0.7916 -1.46206e-05 -1 0.619272 0.238519 0.000652601 734.314 109150 3 56025.6 171.55 6.8865 2 1 471.377 29.3065 16.0844 4 3 0.0181371 7.07435e-05 6.35272 2 
0.792252 -1.46716e-05 -1 0.619428 0.238554 0.000652601 734.997 109138 3 53619.3 137.959 7.29777 2 1 397.231 31.585 12.5766 4 3 0.017372 6.32815e-05 6.49916 2 
0.792905 -1.47236e-05 -1 0.619583 0.238584 0.000652601 735.624 109134 3 90293.8 157.527 8.3068 2 1 380.34 28.0462 13.5612 4 3 0.018983 6.25111e-05 6.72155 2 
0.793557 -1.46409e-05 -1 0.619739 0.238614 0.000652601 736.242 109131 3 52525.4 147.656 7.08554 2 1 511.882 41.6714 12.2838 4 3 0.0185493 5.7659e-05 6.85205 2 
0.79421 -1.46248e-05 -1 0.619894 0.238656 0.000652601 736.875 109127 3 81589.5 77.7321 10.1627 2 1 535.863 44.4605 12.0526 4 3 0.0192481 4.88505e-05 7.33117 2 
0.794863 -1.46476e-05 -1 0.62005 0.238697 0.000652601 737.489 109125 3 56090.5 139.119 7.38756 2 1 416.406 27.0109 15.4162 4 3 0.0192412 4.51592e-05 7.52481 2 
0.795515 -1.46565e-05 -1 0.620206 0.238728 0.000652601 738.104 109122 3 54795.5 153.143 7.0993 2 1 404.938 35.6762 11.3504 4 3 0.0180691 4.35239e-05 7.45996 2 
0.796168 -1.46706e-05 -1 0.620361 0.238755 0.000652601 738.809 109107 3 56138.9 144.485 7.29704 2 1 394.482 33.1187 11.9112 4 3 0.0185826 4.33774e-05 7.53843 2 
0.79682 -1.47799e-05 -1 0.620517 0.238791 0.000652601 739.517 109091 3 65211.6 115.878 8.2561 2 1 442.556 26.8696 16.4705 4 3 0.018227 4.31655e-05 7.50227 2 
0.797473 -1.47853e-05 -1 0.620673 0.238818 0.000652601 740.27 109069 3 75203.1 144.056 8.05195 2 1 401.482 22.4271 17.9017 4 3 0.0173072 3.95662e-05 7.59103 2 
0.798126 -1.4711e-05 -1 0.620829 0.238853 0.000652601 740.951 109057 3 69405.6 153.473 7.67575 2 1 370.878 17.8832 20.7389 4 3 0.0163143 3.3242e-05 7.88788 2 
0.798778 -1.46832e-05 -1 0.620985 0.238886 0.000652601 741.598 109050 3 90678.1 156.134 8.34324 2 1 456.631 25.0888 18.2006 4 3 0.0181028 2.99723e-05 8.45295 2 
0.799431 -1.45836e-05 -1 0.621141 0.238911 0.000652601 742.174 109054 3 51152.1 98.0137 8.05117 2 1 460.858 39.1787 11.763 4 3 0.0187282 3.00633e-05 8.54055 2 
0.800083 -1.45538e-05 -1 0.621297 0.238949 0.000652601 742.81 109049 3 57824.3 106.028 8.17015 2 1 430.603 44.0156 9.78296 4 3 0.0186324 3.0784e-05 8.45892 2 
0.800736 -1.45475e-05 -1 0.621453 0.238983 0.000652601 743.534 109031 3 53531.9 99.2573 8.13986 2 1 409.566 28.4158 14.4133 4 3 0.0182683 3.09061e-05 8.39238 2 
0.801389 -1.45361e-05 -1 0.621609 0.239007 0.000652601 744.239 109015 4 85219.8 25.711 7.58762 2 1 492.95 21.4986 22.9295 4 3 0.0187077 3.09513e-05 8.45501 2 
0.802041 -1.45049e-05 -1 0.621765 0.239051 0.000652601 744.892 109008 3 53358.1 143.256 7.19498 2 1 439.83 21.5936 20.3686 4 3 0.0191563 2.99657e-05 8.61449 2 
0.802694 -1.45671e-05 -1 0.621921 0.239067 0.000652601 745.573 108996 3 52403 133.744 7.31746 2 1 395.929 40.8587 9.69019 4 3 0.0191391 2.87116e-05 8.73551 2 
0.803346 -1.46023e-05 -1 0.622077 0.23911 0.000652601 746.257 108984 3 90266.1 154.231 8.36471 2 1 950.379 31.7603 29.9235 4 3 0.0193674 2.67574e-05 8.9786 2 
0.803999 -1.45751e-05 -1 0.622233 0.239142 0.000652601 746.867 108983 3 54614.8 120.845 7.67409 2 1 425.048 27.2295 15.6099 4 3 0.0190164 2.44788e-05 9.19275 2 
0.804652 -1.45382e-05 -1 0.622389 0.239168 0.000652601 747.47 108983 3 57497.8 138.858 7.4535 2 1 407.21 25.1073 16.2188 4 3 0.0182752 2.34157e-05 9.20699 2 
0.805304 -1.45447e-05 -1 0.622545 0.239194 0.000652601 748.227 108960 3 80639.2 139.382 8.33258 2 1 596.227 28.6978 20.7761 4 3 0.0180654 2.29277e-05 9.23625 2 
0.805957 -1.46095e-05 -1 0.622701 0.239225 0.000652601 748.877 108953 3 93408.7 147.708 8.58343 2 1 391.525 43.3289 9.03611 4 3 0.0183864 2.29507e-05 9.28753 2 
0.806609 -1.45394e-05 -1 0.622856 0.239255 0.000652601 749.521 108947 3 91816.2 119.482 9.1595 2 1 481.604 43.637 11.0366 4 3 0.0187263 2.2901e-05 9.35117 2 
0.807262 -1.45833e-05 -1 0.623012 0.239296 0.000652601 750.139 108944 3 53292.6 129.053 7.44675 2 1 628.37 42.8261 14.6726 4 3 0.0178575 2.32445e-05 9.15868 2 
0.807915 -1.45728e-05 -1 0.623169 0.239313 0.000652601 750.768 108940 3 91927.8 182.151 7.96169 2 1 908.856 43.4047 20.9391 4 3 0.0167078 2.3529e-05 8.92151 2 
0.808567 -1.45769e-05 -1 0.623325 0.23934 0.000652601 751.367 108941 3 86413.4 152.185 8.28075 2 1 419.592 45.9008 9.14127 4 3 0.0167395 2.40862e-05 8.85777 2 
0.80922 -1.46446e-05 -1 0.623481 0.239375 0.000652601 751.953 108943 3 91909.8 171.784 8.1182 2 1 424.201 46.1532 9.19114 4 3 0.0193102 2.46947e-05 9.21285 2 
0.809872 -1.4474e-05 -1 0.623637 0.239405 0.000652601 752.52 108948 3 92406.7 149.315 8.52183 2 1 536.301 48.3299 11.0967 4 3 0.0185673 2.46909e-05 9.09364 2 
0.810525 -1.44998e-05 -1 0.623793 0.239427 0.000652601 753.073 108955 3 91950.8 140.269 8.6869 2 1 450.56 33.2258 13.5605 4 3 0.0192031 2.45008e-05 9.21998 2 
0.811178 -1.44993e-05 -1 0.62395 0.239463 0.000652601 753.646 108959 2 25224.9 121.83 14.3892 2 1 535.54 30.6471 17.4744 4 3 0.0184178 2.40358e-05 9.15081 2 
0.81183 -1.45505e-05 -1 0.624106 0.239486 0.000652601 754.203 108966 3 50378.7 91.4411 8.19789 2 1 474.146 30.0195 15.7946 4 3 0.0197256 2.45043e-05 9.30242 2 
0.812483 -1.45329e-05 -1 0.624262 0.239514 0.000652601 754.756 108973 3 72435.7 141.63 7.9971 2 1 526.366 33.2735 15.8194 4 3 0.0191912 2.48399e-05 9.17595 2 
0.813135 -1.44921e-05 -1 0.624419 0.239546 0.000652601 755.321 108978 3 66504.9 151.185 7.60527 2 1 434.975 27.7591 15.6697 4 3 0.0189781 2.52842e-05 9.08799 2 
0.813788 -1.44751e-05 -1 0.624575 0.239575 0.000652601 755.938 108976 3 81575.1 142.596 8.30137 2 1 391.681 26.7582 14.6378 4 3 0.017899 2.54506e-05 8.8929 2 
0.814441 -1.4452e-05 -1 0.624732 0.239596 0.000652601 756.495 108982 3 52856.3 151.681 7.03701 2 1 384.727 23.6341 16.2785 4 3 0.0174895 2.53805e-05 8.83268 2 
0.815093 -1.44392e-05 -1 0.624888 0.239627 0.000652601 757.054 108988 3 88984.8 105.452 9.44976 2 1 461.58 32.8767 14.0397 4 3 0.0166348 2.49837e-05 8.73214 2 
0.815746 -1.45203e-05 -1 0.625044 0.23966 0.000652601 757.632 108991 3 75051.9 105.696 8.92143 2 1 519.133 28.6925 18.093 4 3 0.0183619 2.40346e-05 9.14169 2 
0.816398 -1.4596e-05 -1 0.6252 0.239677 0.000652601 758.178 108999 3 52493.4 131.239 7.36795 2 1 507.94 25.3639 20.0261 4 3 0.0185951 2.25506e-05 9.37734 2 
0.817051 -1.46274e-05 -1 0.625357 0.23972 0.000652601 758.743 109004 3 55230.8 152.811 7.12321 2 1 445.359 41.497 10.7323 4 3 0.0185442 2.06212e-05 9.65231 2 
0.817704 -1.45503e-05 -1 0.625513 0.239732 0.000652601 759.309 109010 3 49506.6 83.6126 8.39712 2 1 391.428 39.8113 9.83208 4 3 0.0173534 1.99933e-05 9.53894 2 
0.818356 -1.45321e-05 -1 0.625669 0.239761 0.000652601 759.894 109012 4 55724.4 104.987 4.79985 2 1 416.215 34.5807 12.036 4 3 0.0189808 1.87574e-05 10.0395 2 
0.819009 -1.4566e-05 -1 0.625826 0.239783 0.000652601 760.452 109018 3 51176.6 227.904 6.07818 2 1 385.444 52.7346 7.30912 4 3 0.0195194 1.83373e-05 10.2104 2 
0.819661 -1.45879e-05 -1 0.625982 0.239817 0.000652601 761.071 109016 3 63334.5 166.288 7.24869 2 1 380.034 48.4524 7.84345 4 3 0.0190649 1.82155e-05 10.1531 2 
0.820314 -1.45511e-05 -1 0.626139 0.239836 0.000652601 761.77 109002 3 56451.9 98.9682 8.2933 2 1 449.789 25.3338 17.7545 4 3 0.018706 1.81649e-05 10.0983 2 
0.820967 -1.45989e-05 -1 0.626295 0.239866 0.000652601 762.583 108971 3 92926.7 120.894 9.16034 2 1 555.039 35.3247 15.7125 4 3 0.0197881 1.86107e-05 10.2066 2 
0.821619 -1.46088e-05 -1 0.626452 0.239886 0.000652601 763.314 108953 3 84421 144.499 8.35978 2 1 450.246 42.9584 10.481 4 3 0.0192342 1.86416e-05 10.1049 2 
0.822272 -1.45303e-05 -1 0.626608 0.239921 0.000652601 764.087 108928 3 54622.4 137.593 7.34951 2 1 543.047 42.8391 12.6764 4 3 0.0187546 1.96349e-05 9.84826 2 
0.822924 -1.46648e-05 -1 0.626765 0.23994 0.000652601 764.867 108903 3 67892.3 143.145 7.79857 2 1 507.528 45.5765 11.1357 4 3 0.0181332 2.04132e-05 9.6129 2 
0.823577 -1.46759e-05 -1 0.626922 0.239969 0.000652601 765.617 108882 3 49402 144.773 6.98799 2 1 412.844 30.7788 13.4132 4 3 0.0167317 2.08032e-05 9.29971 2 
0.82423 -1.46865e-05 -1 0.627078 0.239985 0.000652601 766.383 108859 3 78991.4 134.73 8.36961 2 1 430.629 26.338 16.3501 4 3 0.0177005 2.0162e-05 9.57526 2 
0.824882 -1.47312e-05 -1 0.627235 0.240016 0.000652601 767.182 108831 3 93466.1 145.459 8.62921 2 1 477.767 33.3487 14.3264 4 3 0.0178266 1.98747e-05 9.64396 2 
0.825535 -1.4799e-05 -1 0.627392 0.240028 0.000652601 767.931 108810 3 60264.2 104.401 8.32629 2 1 487.853 31.7387 15.3709 4 3 0.0191318 1.96757e-05 9.90699 2 
0.826187 -1.47162e-05 -1 0.627548 0.240063 0.000652601 768.634 108795 3 95859.5 120.758 9.2592 2 1 423.36 34.5473 12.2545 4 3 0.0191444 1.99572e-05 9.86237 2 
0.82684 -1.47206e-05 -1 0.627705 0.240089 0.000652601 769.313 108785 2 33062.5 153.937 14.6553 2 1 490.817 34.7563 14.1217 4 3 0.0187673 2.30902e-05 9.33235 2 
0.827493 -1.47494e-05 -1 0.627861 0.240115 0.000652601 770.045 108766 3 50941.7 76.3832 8.73692 2 1 613.867 35.4317 17.3254 4 3 0.0183894 8.05224e-05 6.11247 2 
0.828145 -1.4759e-05 -1 0.628017 0.240138 0.000652601 770.76 108750 3 54724.4 144.18 7.24033 2 1 637.306 39.2913 16.22 4 4 0.0175972 2.62667e-05 5.08756 2 
0.828798 -1.46977e-05 -1 0.628174 0.240162 0.000652601 771.452 108738 3 89439.3 118.225 9.11185 2 1 372.579 34.6802 10.7433 4 4 0.0198829 2.49493e-05 5.31319 2 
0.82945 -1.48859e-05 -1 0.628331 0.24018 0.000652601 772.261 108709 3 66290.4 81.6448 9.32912 2 1 404.588 40.0699 10.0971 4 4 0.0195006 2.26223e-05 5.41848 2 
0.830103 -1.48921e-05 -1 0.628487 0.240203 0.000652601 772.891 108705 2 29713.4 144.767 14.3266 2 1 368.296 31.6772 11.6265 4 3 0.0201821 9.40722e-05 5.98644 2 
0.830756 -1.48967e-05 -1 0.628644 0.240217 0.000652601 773.538 108699 3 94711.1 134.318 8.90067 2 1 534.054 29.6729 17.998 4 3 0.0196969 8.25613e-05 6.20213 2 
0.831408 -1.47991e-05 -1 0.628801 0.240245 0.000652601 774.153 108697 3 94405.9 154.18 8.49161 2 1 624.491 30.7522 20.3072 4 3 0.0194916 7.30283e-05 6.4385 2 
0.832061 -1.47755e-05 -1 0.628958 0.240272 0.000652601 774.765 108696 3 54544.1 120.226 7.68394 2 1 612.554 34.5673 17.7206 4 3 0.0186968 7.12712e-05 6.40153 2 
0.832713 -1.47683e-05 -1 0.629115 0.240296 0.000652601 775.406 108691 3 82449.3 148.402 8.22084 2 1 374.374 25.41 14.7333 4 3 0.0188635 6.55119e-05 6.6034 2 
0.833366 -1.47984e-05 -1 0.629271 0.240302 0.000652601 776.032 108687 3 96067.3 159.654 8.44239 2 1 448.4 68.0708 6.58726 4 3 0.0189497 5.61736e-05 6.96129 2 
0.834019 -1.48115e-05 -1 0.629428 0.240334 0.000652601 776.667 108683 3 73801.2 131.652 8.24542 2 1 387.317 22.7323 17.0382 4 3 0.0185606 5.17954e-05 7.10286 2 
0.834671 -1.48793e-05 -1 0.629585 0.240354 0.000652601 777.324 108675 3 96455.4 149.372 8.64343 2 1 532.27 37.47 14.2052 4 3 0.0181732 5.01269e-05 7.13051 2 
0.835324 -1.49033e-05 -1 0.629742 0.240377 0.000652601 777.956 108671 3 55861 118.58 7.78094 2 1 381.873 23.2764 16.406 4 3 0.0197871 4.95138e-05 7.36577 2 
0.835976 -1.49206e-05 -1 0.629899 0.240406 0.000652601 778.629 108662 4 91899.2 35.14 7.15118 2 1 1226.55 34.792 35.2538 4 3 0.0191237 4.91684e-05 7.29954 2 
0.836629 -1.4925e-05 -1 0.630056 0.240415 0.000652601 779.271 108656 3 52668.6 146.99 7.10267 2 1 443.075 23.09 19.189 4 3 0.0187936 4.40972e-05 7.52546 2 
0.837282 -1.49601e-05 -1 0.630213 0.240433 0.000652601 779.895 108653 3 98135.2 174.529 8.25377 2 1 405.072 25.4462 15.9187 4 3 0.0190788 3.7362e-05 7.99295 2 
0.837934 -1.50156e-05 -1 0.63037 0.240461 0.000652601 780.508 108652 3 51003 149.691 6.98447 2 1 667.24 30.4247 21.9309 4 3 0.0204595 3.44174e-05 8.40825 2 
0.838587 -1.49652e-05 -1 0.630526 0.240493 0.000652601 781.124 108650 3 95954 156.478 8.49578 2 1 632.048 30.1933 20.9334 4 3 0.0198898 3.40748e-05 8.3573 2 
0.839239 -1.50995e-05 -1 0.630683 0.240503 0.000652601 781.737 108649 3 51509.4 133.679 7.27682 2 1 441.504 43.6546 10.1136 4 3 0.0205986 3.53251e-05 8.35446 2 
0.839892 -1.51204e-05 -1 0.63084 0.24053 0.000652601 782.372 108644 3 65893.3 97.4053 8.77848 2 1 439.152 30.2166 14.5335 4 3 0.0199617 3.42063e-05 8.35662 2 
0.840545 -1.51485e-05 -1 0.630997 0.240539 0.000652601 783.027 108637 3 55851.9 155.723 7.10496 2 1 379.412 24.7733 15.3153 4 3 0.0192547 3.49733e-05 8.19597 2 
0.841197 -1.52223e-05 -1 0.631154 0.240566 0.000652601 783.659 108633 3 84880.6 166.443 7.9894 2 1 633.61 38.1684 16.6004 4 3 0.0181361 3.37228e-05 8.13218 2 
0.84185 -1.53453e-05 -1 0.631311 0.240588 0.000652601 784.292 108629 3 74068.4 128.518 8.32192 2 1 1149.93 38.4811 29.8829 4 3 0.0191266 2.9893e-05 8.617 2 
0.842502 -1.5362e-05 -1 0.631468 0.240605 0.000652601 784.897 108629 3 79431.5 147.118 8.14284 2 1 550.586 38.9701 14.1284 4 3 0.0198022 2.54648e-05 9.19583 2 
0.843155 -1.52874e-05 -1 0.631625 0.240617 0.000652601 785.496 108629 3 92709 134.045 8.84348 2 1 653.506 39.3225 16.6192 4 3 0.0187222 2.31829e-05 9.31243 2 
0.843808 -1.53485e-05 -1 0.631782 0.240635 0.000652601 786.108 108628 3 49745.9 117.806 7.50234 2 1 689.02 42.0669 16.3792 4 3 0.0177764 2.17126e-05 9.35502 2 
0.84446 -1.53639e-05 -1 0.631939 0.240649 0.000652601 786.728 108626 3 51864.1 133.364 7.29921 2 1 468.572 29.0166 16.1484 4 3 0.0173415 2.45124e-05 8.91047 2 
0.845113 -1.53411e-05 -1 0.632096 0.240661 0.000652601 787.359 108622 3 51906.1 139.508 7.19239 2 1 449.982 30.6015 14.7045 4 3 0.0198149 2.3373e-05 9.46438 2 
0.845765 -1.53275e-05 -1 0.632253 0.24069 0.000652601 788.014 108615 3 64970.9 85.9235 9.11036 2 1 363.079 26.9509 13.4719 4 3 0.0199298 2.31125e-05 9.51813 2 
0.846418 -1.53441e-05 -1 0.63241 0.240714 0.000652601 788.63 108613 3 54974.8 162.424 6.96901 2 1 499.412 32.0637 15.5757 4 3 0.0194089 2.30222e-05 9.44681 2 
0.847071 -1.53229e-05 -1 0.632567 0.240736 0.000652601 789.254 108610 3 54246.2 147.422 7.16587 2 1 426.643 30.9323 13.7928 4 3 0.0193736 2.29489e-05 9.45111 2 
0.847723 -1.52471e-05 -1 0.632725 0.240743 0.000652601 789.866 108609 3 53030.9 102.94 8.01644 2 1 366.498 39.4759 9.28409 4 3 0.0207937 2.21836e-05 9.78662 2 
0.848376 -1.52128e-05 -1 0.632881 0.240772 0.000652601 790.487 108607 3 50460.2 138.156 7.14814 2 1 552.558 34.5818 15.9783 4 3 0.0205344 1.86643e-05 10.3234 2 
0.849028 -1.52568e-05 -1 0.633038 0.24078 0.000652601 791.093 108606 3 97932.8 121.15 9.31541 2 1 431.806 22.7192 19.0062 4 3 0.020005 1.52166e-05 10.9549 2 
0.849681 -1.51904e-05 -1 0.633195 0.240807 0.000652601 791.7 108606 3 78745 218.395 7.11749 2 1 378.514 40.3758 9.37478 4 3 0.0185478 1.52315e-05 10.6787 2 
0.850334 -1.52337e-05 -1 0.633352 0.240819 0.000652601 792.434 108588 3 54448.6 109.148 7.93092 2 1 539.12 61.5878 8.75367 4 3 0.0177835 1.44037e-05 10.7279 2 
0.850986 -1.51857e-05 -1 0.633509 0.240837 0.000652601 793.149 108573 2 13780 51.2525 16.3971 2 1 432.521 45.5939 9.48639 4 3 0.017521 1.59372e-05 10.3208 2 
0.851639 -1.51665e-05 -1 0.633666 0.240869 0.000652601 793.89 108554 3 96587.7 184.595 8.05812 2 1 386.953 39.4251 9.81489 4 3 0.0191497 1.63425e-05 10.5426 2 
0.852291 -1.52614e-05 -1 0.633824 0.24086 0.000652601 794.592 108540 3 62915.3 144.998 7.57061 2 1 408.529 33.8977 12.0518 4 3 0.0200114 1.51744e-05 10.9662 2 
0.852944 -1.54123e-05 -1 0.633981 0.240886 0.000652601 795.234 108535 3 96275 178.746 8.13628 2 1 580.333 32.6139 17.794 4 3 0.0194701 1.49707e-05 10.9155 2 
0.853597 -1.55249e-05 -1 0.634138 0.240905 0.000652601 795.837 108535 3 63736.4 148.855 7.53716 2 1 674.773 43.5263 15.5026 4 3 0.0188188 1.5093e-05 10.7631 2 
0.854249 -1.55389e-05 -1 0.634295 0.240924 0.000652601 796.448 108534 3 53846.5 150.466 7.0997 2 1 507.701 29.3838 17.2783 4 3 0.0195729 1.55594e-05 10.795 2 
0.854902 -1.55759e-05 -1 0.634453 0.240926 0.000652601 797.056 108534 3 98719.5 113.386 9.54877 2 1 359.324 29.7341 12.0846 4 3 0.0205263 1.55727e-05 10.9644 2 
0.855554 -1.56127e-05 -1 0.63461 0.240933 0.000652601 797.727 108525 3 58272.6 82.3941 8.90956 2 1 418.841 26.9405 15.5469 4 3 0.0201909 1.52246e-05 10.9868 2 
0.856207 -1.56819e-05 -1 0.634767 0.240958 0.000652601 798.349 108522 3 65723.7 87.6579 9.0847 2 1 372.331 27.3646 13.6063 4 3 0.0195463 1.45717e-05 11.0285 2 
0.85686 -1.57113e-05 -1 0.634925 0.240976 0.000652601 798.991 108517 3 92497.8 108.204 9.49065 2 1 457.462 22.9933 19.8954 4 3 0.0206622 1.44328e-05 11.2705 2 
0.857512 -1.57235e-05 -1 0.635082 0.240998 0.000652601 799.604 108516 3 50772.1 104.646 7.85781 2 1 538.664 36.2468 14.861 4 3 0.0213263 1.41146e-05 11.4749 2 
0.858165 -1.57047e-05 -1 0.635239 0.241008 0.000652601 800.223 108514 3 53695.2 108.1 7.91961 2 1 473.724 31.3098 15.1302 4 3 0.0199079 1.41803e-05 11.1973 2 
0.858817 -1.56925e-05 -1 0.635397 0.241027 0.000652601 800.84 108512 3 58143.3 148.928 7.30871 2 1 549.286 25.7045 21.3692 4 3 0.0193707 1.41384e-05 11.1066 2 
0.85947 -1.5692e-05 -1 0.635554 0.24104 0.000652601 801.434 108513 3 100888 122.205 9.38104 2 1 385.113 19.0809 20.1831 4 3 0.0182782 1.42124e-05 10.8748 2 
0.860123 -1.55769e-05 -1 0.635711 0.241053 0.000652601 802.049 108512 3 86312.7 152.288 8.27567 2 1 494.797 27.793 17.803 4 3 0.0187041 1.43592e-05 10.9212 2 
0.860775 -1.55445e-05 -1 0.635868 0.241066 0.000652601 802.662 108511 3 78629.8 149.31 8.07544 2 1 484.933 40.7236 11.9079 4 3 0.01804 1.43525e-05 10.792 2 
0.861428 -1.57783e-05 -1 0.636025 0.241088 0.000652601 803.255 108512 3 99234.2 170.799 8.34434 2 1 593.981 37.5274 15.8279 4 3 0.0200114 1.43083e-05 11.1831 2 
0.86208 -1.58458e-05 -1 0.636182 0.241095 0.000652601 803.905 108506 3 62605.5 135.268 7.73522 2 1 425.989 29.8524 14.2699 4 3 0.0195325 1.40309e-05 11.1658 2 
0.862733 -1.58819e-05 -1 0.636339 0.241105 0.000652601 804.505 108506 3 52668.9 106.232 7.91468 2 1 452.049 31.4622 14.368 4 3 0.0198418 1.33065e-05 11.4245 2 
0.863386 -1.58856e-05 -1 0.636497 0.241121 0.000652601 805.095 108508 3 101058 120.096 9.44091 2 1 581.045 27.2009 21.3613 4 3 0.0196659 1.23042e-05 11.6919 2 
0.864038 -1.58927e-05 -1 0.636654 0.24114 0.000652601 805.709 108507 3 96625.8 99.7863 9.89329 2 1 357.499 31.2226 11.45 4 3 0.018678 1.10637e-05 11.9072 2 
0.864691 -1.58457e-05 -1 0.636811 0.241149 0.000652601 806.321 108506 3 54580.2 155.223 7.05819 2 1 419.804 37.653 11.1493 4 3 0.0205113 1.07122e-05 12.4176 2 
0.865343 -1.58563e-05 -1 0.636969 0.241149 0.000652601 806.934 108505 3 53191.4 131.62 7.39332 2 1 425.669 38.7211 10.9932 4 3 0.0209152 9.47909e-06 13.0186 2 
0.865996 -1.59253e-05 -1 0.637126 0.241174 0.000652601 807.545 108504 3 101565 115.212 9.58845 2 1 422.536 40.1037 10.5361 4 3 0.0202877 3.30437e-05 8.49927 2 
0.866649 -1.58255e-05 -1 0.637284 0.241186 0.000652601 808.223 108494 3 99572.4 146.999 8.78229 2 1 882.934 48.1655 18.3312 4 4 0.0213871 1.91154e-05 5.78352 2 
0.867301 -1.57447e-05 -1 0.637441 0.2412 0.000652601 808.907 108483 3 100839 125.909 9.2866 2 1 429.601 44.9061 9.56667 4 4 0.0206756 2.18548e-05 5.54597 2 
0.867954 -1.57905e-05 -1 0.637599 0.241216 0.000652601 809.662 108463 3 54116.6 116.011 7.75552 2 1 577.844 51.7403 11.1682 4 4 0.0198897 1.98685e-05 5.62492 2 
0.868606 -1.58523e-05 -1 0.637756 0.241232 0.000652601 810.302 108458 3 51518.2 79.6843 8.64695 2 1 426.473 27.8089 15.3358 4 3 0.0201696 8.94333e-05 6.08694 2 
0.869259 -1.58695e-05 -1 0.637914 0.241232 0.000652601 810.913 108457 3 86688.1 147.882 8.36915 2 1 1415.38 32.9249 42.9881 4 3 0.0198273 7.73245e-05 6.35305 2 
0.869912 -1.59432e-05 -1 0.638071 0.241257 0.000652601 811.528 108456 3 82325.4 209.925 7.31964 2 1 478.029 29.1018 16.4261 4 3 0.0185272 6.72007e-05 6.50846 2 
0.870564 -1.60211e-05 -1 0.638228 0.241272 0.000652601 812.114 108458 3 54128.9 136.3 7.3504 2 1 393.74 25.7517 15.2899 4 3 0.0177036 6.34676e-05 6.53386 2 
0.871217 -1.59993e-05 -1 0.638385 0.241274 0.000652601 812.727 108457 3 98545 125.48 9.22613 2 1 476.996 37.5454 12.7045 4 3 0.0185805 6.18577e-05 6.69711 2 
0.871869 -1.59786e-05 -1 0.638543 0.241277 0.000652601 813.314 108459 3 57645.2 110.039 8.0613 2 1 500.888 36.4446 13.7438 4 3 0.0206631 5.27332e-05 7.31764 2 
0.872522 -1.59615e-05 -1 0.6387 0.241308 0.000652601 813.939 108456 3 77565.6 170.355 7.69316 2 1 527.024 34.8767 15.111 4 3 0.0199637 4.66945e-05 7.53341 2 
0.873175 -1.59078e-05 -1 0.638857 0.241304 0.000652601 814.591 108450 3 51489.8 140.106 7.16288 2 1 441.652 32.3174 13.666 4 3 0.0208746 4.51004e-05 7.73533 2 
0.873827 -1.5857e-05 -1 0.639015 0.241319 0.000652601 815.201 108449 3 97413.5 142.904 8.80086 2 1 1140.44 29.442 38.735 4 3 0.0202747 4.43883e-05 7.70127 2 
0.87448 -1.58416e-05 -1 0.639172 0.241332 0.000652601 815.798 108450 3 51623.3 149.835 7.01043 2 1 420.604 30.8707 13.6247 4 3 0.0210852 4.45957e-05 7.79044 2 
0.875132 -1.58057e-05 -1 0.63933 0.241358 0.000652601 816.37 108455 2 44982.1 197.276 15.1002 2 1 408.03 29.0322 14.0544 4 3 0.0211851 4.17698e-05 7.97486 2 
0.875785 -1.58233e-05 -1 0.639487 0.241356 0.000652601 816.97 108455 3 70962.1 162.911 7.5804 2 1 601.916 38.3214 15.7071 4 3 0.0214353 3.48064e-05 8.50792 2 
0.876438 -1.58745e-05 -1 0.639645 0.241359 0.000652601 817.583 108454 3 71203.3 147.68 7.84138 2 1 593.777 37.7077 15.7468 4 3 0.0210107 3.12848e-05 8.75727 2 
0.87709 -1.5911e-05 -1 0.639803 0.241398 0.000652601 818.167 108457 3 92823.9 169.152 8.18705 2 1 475.124 49.8934 9.52278 4 3 0.020104 3.05635e-05 8.69681 2 
0.877743 -1.58661e-05 -1 0.63996 0.241381 0.000652601 818.767 108457 3 102292 143.438 8.93427 2 1 494.959 52.4554 9.43581 4 3 0.018942 3.81047e-05 7.92165 2 
0.878395 -1.58849e-05 -1 0.640118 0.241413 0.000652601 819.393 108454 3 101317 130.112 9.19999 2 1 818.522 64.6892 12.6531 4 3 0.0199333 4.4103e-05 7.67427 2 
0.879048 -1.59168e-05 -1 0.640276 0.241417 0.000652601 820.226 108424 3 76333.5 115.607 8.70783 2 1 393.939 39.163 10.059 4 3 0.0204321 4.4899e-05 7.69176 2 
0.879701 -1.58666e-05 -1 0.640433 0.241418 0.000652601 820.922 108412 3 82026.1 82.8957 9.96491 2 1 415.694 22.4507 18.5159 4 3 0.0200278 4.47395e-05 7.64976 2 
0.880353 -1.59263e-05 -1 0.640591 0.241435 0.000652601 821.591 108404 3 52452.4 143.577 7.14869 2 1 1087.68 34.8938 31.1712 4 3 0.0190245 4.63974e-05 7.42917 2 
0.881006 -1.59707e-05 -1 0.640748 0.24144 0.000652601 822.405 108376 3 49897.6 87.1863 8.30253 2 1 478.314 19.3367 24.7361 4 3 0.0184547 4.63251e-05 7.35807 2 
0.881658 -1.59942e-05 -1 0.640905 0.241447 0.000652601 823.131 108360 3 54521.2 135.598 7.38081 2 1 354.635 18.9138 18.75 4 3 0.0201455 4.66782e-05 7.55709 2 
0.882311 -1.59903e-05 -1 0.641063 0.241463 0.000652601 823.806 108351 3 61718.5 142.765 7.56132 2 1 531.332 28.3816 18.721 4 3 0.0210516 4.94045e-05 7.52499 2 
0.882964 -1.60487e-05 -1 0.64122 0.241463 0.000652601 824.532 108335 3 66987.4 139.593 7.82907 2 1 390.646 25.7805 15.1527 4 3 0.0205887 4.69988e-05 7.59476 2 
0.883616 -1.60841e-05 -1 0.641377 0.241474 0.000652601 825.203 108326 3 104236 123.922 9.43964 2 1 755.165 42.0401 17.963 4 3 0.0196831 4.54192e-05 7.56748 2 
0.884269 -1.60972e-05 -1 0.641535 0.241483 0.000652601 825.841 108322 3 48470.1 76.3837 8.59325 2 1 454.893 26.2074 17.3574 4 3 0.0217977 4.40469e-05 7.9098 2 
0.884921 -1.6135e-05 -1 0.641692 0.241491 0.000652601 826.46 108320 3 50714.9 145.103 7.044 2 1 381.564 38.6244 9.87882 4 3 0.0216583 4.33324e-05 7.93605 2 
0.885574 -1.616e-05 -1 0.64185 0.241495 0.000652601 827.049 108322 3 94442.2 127.708 9.04306 2 1 341.897 30.2138 11.3159 4 3 0.0213741 4.36274e-05 7.88333 2 
0.886227 -1.62101e-05 -1 0.642007 0.241495 0.000652601 827.692 108317 3 75558.3 134.668 8.24782 2 1 354.389 41.6179 8.5153 4 3 0.0203784 4.31586e-05 7.78695 2 
0.886879 -1.6291e-05 -1 0.642165 0.24151 0.000652601 828.273 108320 3 57348.3 137.093 7.47885 2 1 385.608 40.8999 9.42809 4 3 0.0192503 4.15638e-05 7.73703 2 
0.887532 -1.63228e-05 -1 0.642323 0.241499 0.000652601 828.896 108318 3 73819.7 145.345 7.97855 2 1 428.743 36.8024 11.6499 4 3 0.0193825 4.17347e-05 7.74409 2 
0.888184 -1.6375e-05 -1 0.64248 0.241524 0.000652601 829.513 108316 3 88601.5 148.713 8.41454 2 1 366.634 21.9247 16.7224 4 3 0.0181134 4.24904e-05 7.52609 2 
0.888837 -1.64179e-05 -1 0.642638 0.241531 0.000652601 830.13 108315 3 104450 100.344 10.1346 2 1 592.787 25.5265 23.2224 4 3 0.0202774 4.34113e-05 7.75895 2 
0.88949 -1.64313e-05 -1 0.642796 0.241545 0.000652601 830.772 108310 3 51887 119.493 7.5725 2 1 487.89 28.1188 17.351 4 3 0.020587 4.24212e-05 7.85845 2 
0.890142 -1.65424e-05 -1 0.642954 0.241527 0.000652601 831.379 108310 3 102846 177.952 8.32968 2 1 460.554 42.6232 10.8052 4 3 0.0210291 4.06067e-05 8.03047 2 
0.890795 -1.66232e-05 -1 0.643112 0.241555 0.000652601 831.987 108309 3 54251.5 148.155 7.15427 2 1 419.007 29.3939 14.2549 4 3 0.0201991 3.79875e-05 8.10146 2 
0.891447 -1.66003e-05 -1 0.643269 0.241561 0.000652601 832.588 108310 3 51920.5 145.962 7.08543 2 1 391.643 21.3625 18.3333 4 3 0.019701 3.64028e-05 8.14925 2 
0.8921 -1.66138e-05 -1 0.643427 0.241563 0.000652601 833.218 108307 3 49951.4 118.13 7.50577 2 1 1257.71 31.4242 40.0237 4 3 0.0212546 3.52999e-05 8.44423 2 
0.892753 -1.66243e-05 -1 0.643584 0.241567 0.000652601 833.841 108304 3 105642 146.008 8.97747 2 1 374.34 19.7398 18.9637 4 3 0.0214134 3.60012e-05 8.40987 2 
0.893405 -1.6635e-05 -1 0.643741 0.241575 0.000652601 834.44 108305 3 69035.1 96.5544 8.94196 2 1 532.582 30.2341 17.6153 4 3 0.0213639 3.58538e-05 8.4149 2 
0.894058 -1.66017e-05 -1 0.643899 0.241581 0.000652601 835.042 108306 3 53353.8 64.6844 9.37825 2 1 601.295 33.1991 18.1118 4 3 0.0223273 3.54777e-05 8.5696 2 
0.89471 -1.6647e-05 -1 0.644056 0.241596 0.000652601 835.621 108309 2 13195 70.5637 13.6746 2 1 500.299 28.758 17.3969 4 3 0.0217909 3.42503e-05 8.60077 2 
0.895363 -1.66863e-05 -1 0.644214 0.241608 0.000652601 836.263 108304 3 105118 126.419 9.40346 2 1 424.115 34.6434 12.2423 4 3 0.0208855 3.42884e-05 8.4768 2 
0.896016 -1.66791e-05 -1 0.644372 0.241603 0.000652601 836.899 108300 4 104660 112.294 5.52531 2 1 422.955 24.4161 17.3228 4 3 0.0201182 3.48059e-05 8.33 2 
0.896668 -1.67093e-05 -1 0.644529 0.241604 0.000652601 837.526 108297 4 106215 60.3862 6.47608 2 1 417.855 36.2592 11.5241 4 3 0.0188609 3.54176e-05 8.10553 2 
0.897321 -1.67164e-05 -1 0.644687 0.241613 0.000652601 838.182 108291 4 90553.4 57.5378 6.29851 2 1 347.247 26.1375 13.2854 4 3 0.0212407 3.58595e-05 8.39823 2 
0.897973 -1.67445e-05 -1 0.644845 0.24162 0.000652601 838.827 108286 3 83599.4 129.968 8.63221 2 1 570.423 23.59 24.1807 4 3 0.0206637 3.57129e-05 8.33286 2 
0.898626 -1.67626e-05 -1 0.645002 0.241633 0.000652601 839.422 108287 3 51262.6 156.64 6.89127 2 1 591.806 25.3509 23.3446 4 3 0.0199823 3.44741e-05 8.33779 2 
0.899279 -1.67566e-05 -1 0.64516 0.241624 0.000652601 840.042 108285 3 65922.7 106.874 8.51243 2 1 701.826 62.5406 11.2219 4 3 0.0208766 3.25448e-05 8.62435 2 
0.899931 -1.67654e-05 -1 0.645318 0.241649 0.000652601 840.639 108286 3 103692 141.493 9.01578 2 1 1398.09 25.007 55.9078 4 3 0.0210071 2.99287e-05 8.88709 2 
0.900584 -1.68084e-05 -1 0.645476 0.24164 0.000652601 841.276 108282 3 50791.6 147.301 7.01233 2 1 422.663 60.266 7.0133 4 3 0.0207056 2.82484e-05 9.01636 2 
0.901236 -1.67997e-05 -1 0.645634 0.241643 0.000652601 841.902 108279 3 55424.1 149.606 7.18208 2 1 466.743 26.7771 17.4307 4 3 0.0198119 2.80015e-05 8.91076 2 
0.901889 -1.67793e-05 -1 0.645792 0.241672 0.000652601 842.532 108276 3 56130.2 133.022 7.50051 2 1 375.69 20.4769 18.347 4 3 0.0194082 2.75384e-05 8.89916 2 
0.902542 -1.69478e-05 -1 0.645949 0.241656 0.000652601 843.139 108276 3 43896.2 76.4342 8.31214 2 1 380.159 57.0927 6.65863 4 3 0.0219848 2.86556e-05 9.15456 2 
0.903194 -1.69523e-05 -1 0.646107 0.241655 0.000652601 843.803 108268 3 76705.3 196.046 7.31401 2 1 396.104 31.5576 12.5518 4 3 0.0213399 2.85551e-05 9.07478 2 
0.903847 -1.70133e-05 -1 0.646264 0.241677 0.000652601 844.405 108269 3 62714.2 209.554 6.68892 2 1 698.685 29.3179 23.8314 4 3 0.0223051 2.80098e-05 9.26896 2 
0.904499 -1.70578e-05 -1 0.646421 0.241672 0.000652601 845.007 108269 3 64480.3 134.203 7.83229 2 1 360.672 55.396 6.5108 4 3 0.0220212 3.12428e-05 8.89947 2 
0.905152 -1.69987e-05 -1 0.646579 0.241661 0.000652601 845.678 108261 3 55064.4 128.738 7.5345 2 1 1205.69 31.4262 38.3659 4 4 0.020934 1.94693e-05 5.72632 2 
0.905805 -1.70041e-05 -1 0.646736 0.241701 0.000652601 846.336 108254 3 106125 213.923 7.91625 2 1 446.115 31.9187 13.9766 4 4 0.0211293 2.64246e-05 5.31764 2 
0.906457 -1.69762e-05 -1 0.646894 0.24168 0.000652601 847.035 108242 3 79877.8 157.203 7.97974 2 1 554.974 50.5456 10.9797 4 4 0.0208614 2.49612e-05 5.37675 2 
0.90711 -1.68573e-05 -1 0.647052 0.24167 0.000652601 847.692 108236 3 105658 191.902 8.19611 2 1 557.21 51.3492 10.8514 4 4 0.0200491 2.13464e-05 5.53596 2 
0.907762 -1.67149e-05 -1 0.647209 0.241686 0.000652601 848.339 108230 3 84498.6 124.573 8.78635 2 1 612.561 50.8216 12.0532 4 3 0.0184191 9.20089e-05 5.84987 2 
0.908415 -1.67315e-05 -1 0.647367 0.241694 0.000652601 848.929 108232 3 67047.5 141.192 7.80173 2 1 721.316 58.0104 12.4343 4 3 0.0192155 7.96998e-05 6.22393 2 
0.909068 -1.67251e-05 -1 0.647525 0.241688 0.000652601 849.53 108233 3 60412.3 28.0571 12.913 2 1 390.267 28.1914 13.8435 4 3 0.0191402 7.29383e-05 6.40222 2 
0.90972 -1.67389e-05 -1 0.647683 0.241696 0.000652601 850.109 108236 3 69499.7 86.1291 9.30988 2 1 405.113 35.4458 11.4291 4 3 0.0216426 7.06446e-05 6.7413 2 
0.910373 -1.67454e-05 -1 0.647841 0.24169 0.000652601 850.729 108234 3 51296.4 139.039 7.17216 2 1 514.757 24.0339 21.418 4 3 0.0210143 6.19575e-05 6.97387 2 
0.911025 -1.67408e-05 -1 0.647998 0.241697 0.000652601 851.345 108233 3 58706.9 141.772 7.4536 2 1 431.914 27.9402 15.4585 4 3 0.0221212 5.42757e-05 7.41426 2 
0.911678 -1.6782e-05 -1 0.648156 0.241698 0.000652601 852.067 108218 3 46939.2 34.1195 11.1219 2 1 628.633 35.8254 17.5471 4 3 0.0212378 5.20458e-05 7.41723 2 
0.912331 -1.67838e-05 -1 0.648314 0.241703 0.000652601 852.842 108197 3 85574.3 159.694 8.12241 2 1 417.602 18.2888 22.8337 4 3 0.0226661 5.02686e-05 7.6682 2 
0.912983 -1.67343e-05 -1 0.648472 0.241704 0.000652601 853.547 108184 3 109136 85.0968 10.8647 2 1 325.033 25.5536 12.7197 4 3 0.0224935 5.09498e-05 7.61445 2 
0.913636 -1.67527e-05 -1 0.64863 0.241695 0.000652601 854.249 108172 3 77584.5 145.183 8.11497 2 1 463.782 26.7178 17.3586 4 3 0.0224496 4.79307e-05 7.76602 2 
0.914288 -1.67483e-05 -1 0.648787 0.241714 0.000652601 854.976 108157 3 98461.4 132.648 9.05432 2 1 592.937 33.1447 17.8893 4 3 0.0220047 3.9949e-05 8.19729 2 
0.914941 -1.67672e-05 -1 0.648945 0.241701 0.000652601 855.615 108152 3 67662.6 105.541 8.62268 2 1 747.107 47.5753 15.7037 4 3 0.0209138 3.62924e-05 8.32158 2 
0.915594 -1.68719e-05 -1 0.649102 0.241705 0.000652601 856.24 108150 3 52281.6 162.084 6.85808 2 1 510.939 30.6637 16.6627 4 3 0.0201822 3.44006e-05 8.37145 2 
0.916246 -1.69799e-05 -1 0.64926 0.241704 0.000652601 856.846 108150 3 83668.3 102.448 9.3473 2 1 413.103 24.8439 16.628 4 3 0.0217054 3.65359e-05 8.40651 2 
0.916899 -1.70417e-05 -1 0.649417 0.241711 0.000652601 857.521 108141 3 89043.7 160.316 8.22007 2 1 486.837 23.7347 20.5116 4 3 0.0216215 3.57027e-05 8.46048 2 
0.917551 -1.70467e-05 -1 0.649575 0.241716 0.000652601 858.136 108140 3 53983.4 147.909 7.14642 2 1 479.156 29.872 16.0403 4 3 0.0210328 3.5722e-05 8.38148 2 
0.918204 -1.71026e-05 -1 0.649733 0.241706 0.000652601 858.75 108139 3 110351 125.057 9.59156 2 1 478.159 43.1531 11.0805 4 3 0.0195756 3.57883e-05 8.17821 2 
0.918857 -1.71173e-05 -1 0.64989 0.241711 0.000652601 859.385 108136 3 71314.8 176.425 7.39389 2 1 400.735 53.104 7.54623 4 3 0.0220584 3.10283e-05 8.92493 2 
0.919509 -1.70681e-05 -1 0.650048 0.241704 0.000652601 860.013 108133 3 106544 161.133 8.71195 2 1 492.83 32.1432 15.3323 4 3 0.0220056 2.72046e-05 9.31744 2 
0.920162 -1.71305e-05 -1 0.650206 0.241718 0.000652601 860.636 108131 3 73301.4 117.235 8.55104 2 1 377.852 34.6402 10.9079 4 3 0.0220508 2.38587e-05 9.74075 2 
0.920814 -1.71231e-05 -1 0.650364 0.241709 0.000652601 861.24 108131 3 49455.4 102.144 7.85236 2 1 439.156 21.6944 20.2428 4 3 0.0214596 2.36771e-05 9.67753 2 
0.921467 -1.72005e-05 -1 0.650521 0.241728 0.000652601 861.85 108130 3 52928 154.032 7.0042 2 1 482.184 38.2454 12.6077 4 3 0.0211238 2.52344e-05 9.42453 2 
0.92212 -1.72111e-05 -1 0.650679 0.241722 0.000652601 862.489 108126 3 102343 75.1489 11.0844 2 1 649.637 22.1986 29.2648 4 3 0.0231589 2.46792e-05 9.79029 2 
0.922772 -1.73185e-05 -1 0.650837 0.241718 0.000652601 863.135 108121 3 109816 150.159 9.0096 2 1 416.343 32.6245 12.7616 4 3 0.0227519 2.40195e-05 9.8209 2 
0.923425 -1.73958e-05 -1 0.650995 0.241712 0.000652601 863.745 108121 3 56661.3 138.823 7.4178 2 1 485.933 50.1839 9.68306 4 3 0.0224394 2.37828e-05 9.80804 2 
0.924077 -1.73829e-05 -1 0.651153 0.241716 0.000652601 864.368 108119 3 79890.8 112.557 8.9202 2 1 452.043 29.5234 15.3113 4 3 0.0208335 2.4235e-05 9.50837 2 
0.92473 -1.74179e-05 -1 0.651311 0.241729 0.000652601 864.979 108118 3 111169 169.476 8.68876 2 1 454.337 38.8936 11.6815 4 3 0.0199729 2.26675e-05 9.58692 2 
0.925383 -1.74319e-05 -1 0.651468 0.241738 0.000652601 865.604 108116 3 111742 171.481 8.66962 2 1 852.863 40.9484 20.8277 4 3 0.0201728 1.87896e-05 10.2396 2 
0.926035 -1.74196e-05 -1 0.651626 0.241715 0.000652601 866.218 108115 3 92742.8 136.138 8.79901 2 1 409.998 39.7442 10.3159 4 3 0.0203692 1.64835e-05 10.731 2 
0.926688 -1.74527e-05 -1 0.651783 0.241708 0.000652601 866.837 108113 3 111338 143.192 9.19551 2 1 584.917 60.2572 9.70701 4 3 0.0220584 1.65764e-05 10.9992 2 
0.92734 -1.75032e-05 -1 0.65194 0.241724 0.000652601 867.448 108113 3 82882.9 138.315 8.43074 2 1 559.887 25.0635 22.3387 4 3 0.0219132 1.67993e-05 10.9263 2 
0.927993 -1.76016e-05 -1 0.652098 0.24171 0.000652601 868.075 108110 3 57477.6 138.212 7.46422 2 1 469.546 23.856 19.6825 4 3 0.0215855 1.69955e-05 10.8295 2 
0.928646 -1.76438e-05 -1 0.652256 0.241698 0.000652601 868.685 108109 3 56219.4 143.321 7.32024 2 1 416.017 26.5935 15.6436 4 3 0.0204268 1.79947e-05 10.4316 2 
0.929298 -1.76434e-05 -1 0.652413 0.241709 0.000652601 869.301 108108 3 107583 136.462 9.23799 2 1 387.546 22.6224 17.1311 4 3 0.0200934 1.89928e-05 10.1895 2 
0.929951 -1.77005e-05 -1 0.652571 0.241706 0.000652601 869.92 108107 3 51292.5 83.7722 8.49151 2 1 586.926 25.2856 23.2119 4 3 0.0226017 1.93856e-05 10.525 2 
0.930603 -1.76819e-05 -1 0.652729 0.24171 0.000652601 870.554 108103 3 77496 145.802 8.10038 2 1 1428.45 49.2733 28.9903 4 3 0.0226409 1.89764e-05 10.6062 2 
0.931256 -1.77298e-05 -1 0.652887 0.241721 0.000652601 871.158 108104 3 64447.2 142.241 7.68057 2 1 446.914 18.6108 24.0137 4 3 0.0225794 1.87017e-05 10.6482 2 
0.931909 -1.77607e-05 -1 0.653045 0.241711 0.000652601 871.775 108102 3 54066.1 149.617 7.12276 2 1 468.995 22.634 20.7209 4 3 0.0237867 1.8351e-05 10.9033 2 
0.932561 -1.7771e-05 -1 0.653202 0.241706 0.000652601 872.331 108108 1 1170.53 100.853 11.6064 2 1 417.693 24.6716 16.9301 4 3 0.0229276 1.81933e-05 10.8015 2 
0.933214 -1.77318e-05 -1 0.65336 0.2417 0.000652601 872.987 108102 3 49903.2 83.1157 8.43623 2 1 421.254 17.8149 23.6462 4 3 0.021732 1.89665e-05 10.4642 2 
0.933866 -1.77365e-05 -1 0.653518 0.241709 0.000652601 873.714 108087 3 110141 145.508 9.11356 2 1 392.958 17.6171 22.3054 4 3 0.0222514 1.87525e-05 10.5868 2 
0.934519 -1.77672e-05 -1 0.653676 0.241704 0.000652601 874.332 108086 3 98856 145.692 8.7873 2 1 1229.74 35.1689 34.9666 4 3 0.0219492 1.9057e-05 10.4823 2 
0.935172 -1.77184e-05 -1 0.653834 0.241705 0.000652601 874.928 108087 3 53129.2 132.903 7.36657 2 1 470.514 58.0007 8.11221 4 3 0.0211791 1.89087e-05 10.3852 2 
0.935824 -1.76851e-05 -1 0.653992 0.241689 0.000652601 875.535 108087 3 89203.6 131.955 8.77646 2 1 678.568 41.0532 16.529 4 3 0.0203125 1.84046e-05 10.3342 2 
0.936477 -1.76669e-05 -1 0.654149 0.241688 0.000652601 876.141 108087 3 111142 93.9747 10.5752 2 1 594.109 30.2422 19.645 4 3 0.0199683 1.78131e-05 10.388 2 
0.937129 -1.7683e-05 -1 0.654307 0.241694 0.000652601 876.904 108068 3 70314.3 151.668 7.73956 2 1 655.907 35.0239 18.7274 4 3 0.0214195 1.66888e-05 10.8675 2 
0.937782 -1.7734e-05 -1 0.654464 0.241691 0.000652601 877.54 108064 3 49273.1 133.016 7.18183 2 1 538.927 34.3509 15.6889 4 3 0.0220981 1.54352e-05 11.2706 2 
0.938435 -1.77415e-05 -1 0.654622 0.24168 0.000652601 878.156 108063 3 76837.9 170.794 7.66244 2 1 388.896 27.0096 14.3985 4 3 0.0221842 1.42379e-05 11.5931 2 
0.939087 -1.78223e-05 -1 0.654779 0.241687 0.000652601 878.872 108050 3 51668.5 127.525 7.39964 2 1 455.353 49.2494 9.24587 4 3 0.0211896 1.34827e-05 11.6265 2 
0.93974 -1.7844e-05 -1 0.654937 0.241677 0.000652601 879.507 108046 3 57685.4 87.5158 8.70282 2 1 415.659 22.8708 18.1743 4 3 0.0232305 1.32588e-05 12.0555 2 
0.940392 -1.7856e-05 -1 0.655094 0.24167 0.000652601 880.049 108054 3 49422 129.356 7.25623 2 1 494.769 33.5684 14.7391 4 2 0.023308 9.86599e-05 15.3703 2 
0.941045 -1.79463e-05 -1 0.655252 0.241671 0.000652601 880.675 108052 3 51396.8 132.003 7.30215 2 1 392.007 36.9494 10.6093 4 3 0.0228962 1.34764e-05 11.9325 2 
0.941698 -1.79494e-05 -1 0.65541 0.241665 0.000652601 881.293 108050 3 77384.3 100.948 9.15204 2 1 400.32 39.1528 10.2246 4 3 0.0238652 1.35035e-05 12.0904 2 
0.94235 -1.79479e-05 -1 0.655567 0.241671 0.000652601 881.904 108050 3 67008.6 135.494 7.90807 2 1 368.409 40.5792 9.07877 4 3 0.0234985 1.36278e-05 11.9914 2 
0.943003 -1.79873e-05 -1 0.655725 0.241648 0.000652601 882.667 108030 3 112848 143.42 9.23197 2 1 479.675 43.2675 11.0863 4 3 0.0224918 2.93387e-05 9.15224 2 
0.943655 -1.79447e-05 -1 0.655883 0.241677 0.000652601 883.436 108011 3 49942.1 151.285 6.91126 2 1 524.384 47.0048 11.156 4 4 0.0227017 1.8333e-05 5.93207 2 
0.944308 -1.80332e-05 -1 0.656041 0.241653 0.000652601 884.344 107974 3 86932.5 114.372 9.12615 2 1 529.996 52.4199 10.1106 4 4 0.0221037 2.21037e-05 5.62341 2 
0.944961 -1.81125e-05 -1 0.656199 0.241644 0.000652601 885.15 107949 2 37972.2 120.466 17.7542 2 1 475.906 30.1515 15.7838 4 4 0.021326 1.9996e-05 5.71468 2 
0.945613 -1.82001e-05 -1 0.656357 0.241653 0.000652601 885.871 107936 3 91466 142.818 8.6197 2 1 571.308 18.6759 30.5907 4 3 0.0199106 9.17288e-05 6.00979 2 
0.946266 -1.81991e-05 -1 0.656515 0.241639 0.000652601 886.553 107926 3 53668.3 128.161 7.48148 2 1 460.612 33.5043 13.7478 4 3 0.0199361 7.82089e-05 6.34056 2 
0.946918 -1.81258e-05 -1 0.656672 0.241636 0.000652601 887.225 107919 3 64083.6 133.51 7.8297 2 1 442.146 18.9742 23.3026 4 3 0.021515 6.78709e-05 6.81845 2 
0.947571 -1.81173e-05 -1 0.65683 0.241631 0.000652601 887.886 107912 3 75756.4 59.5048 10.8382 2 1 508.826 24.7634 20.5475 4 3 0.0228714 6.45737e-05 7.07532 2 
0.948224 -1.81375e-05 -1 0.656987 0.241636 0.000652601 888.492 107912 3 115441 108.476 10.2096 2 1 456.277 27.333 16.6933 4 3 0.0229521 6.21839e-05 7.17323 2 
0.948876 -1.81585e-05 -1 0.657145 0.241626 0.000652601 889.144 107907 3 112085 185.064 8.46075 2 1 528.172 23.9319 22.0698 4 3 0.0224857 5.27676e-05 7.52511 2 
0.949529 -1.81257e-05 -1 0.657302 0.241614 0.000652601 889.766 107905 3 53890.8 143.028 7.22267 2 1 387.79 22.4392 17.2818 4 3 0.0222677 4.79836e-05 7.74214 2 
0.950181 -1.8168e-05 -1 0.657459 0.2416 0.000652601 890.393 107903 3 50012.6 82.1401 8.47568 2 1 588.56 28.9085 20.3594 4 3 0.0240742 4.54041e-05 8.09379 2 
0.950834 -1.81826e-05 -1 0.657617 0.241617 0.000652601 891.006 107902 3 61772.9 115.126 8.12596 2 1 373.382 18.16 20.5607 4 3 0.0238812 4.54833e-05 8.06742 2 
0.951487 -1.82042e-05 -1 0.657774 0.241605 0.000652601 891.63 107900 3 106278 93.6329 10.4313 2 1 386.365 19.2643 20.056 4 3 0.0241679 4.53845e-05 8.10545 2 
0.952139 -1.81428e-05 -1 0.657932 0.241594 0.000652601 892.236 107900 3 81472.6 68.6765 10.5861 2 1 411.543 22.7685 18.0751 4 3 0.0232197 4.10883e-05 8.2676 2 
0.952792 -1.81578e-05 -1 0.65809 0.241562 0.000652601 892.835 107901 3 115865 161.336 8.95515 2 1 543.208 28.9331 18.7746 4 3 0.022098 3.45896e-05 8.61263 2 
0.953444 -1.82075e-05 -1 0.658247 0.241589 0.000652601 893.46 107899 3 69610 90.1182 9.17529 2 1 641.943 26.7175 24.0271 4 3 0.021753 3.15782e-05 8.83169 2 
0.954097 -1.82375e-05 -1 0.658405 0.241573 0.000652601 894.076 107898 3 63849.2 149.354 7.53321 2 1 472.057 21.1637 22.305 4 3 0.0221275 3.20837e-05 8.83519 2 
0.95475 -1.82912e-05 -1 0.658563 0.241584 0.000652601 894.715 107894 3 96824.7 214.131 7.67542 2 1 407.613 31.0084 13.1453 4 3 0.0227769 3.19011e-05 8.93778 2 
0.955402 -1.82392e-05 -1 0.658721 0.241574 0.000652601 895.364 107889 3 114254 140.486 9.33425 2 1 806.428 32.4652 24.8397 4 3 0.0230177 3.19996e-05 8.95996 2 
0.956055 -1.81936e-05 -1 0.658879 0.24156 0.000652601 895.977 107888 3 116210 140.38 9.38956 2 1 851.733 53.5213 15.9139 4 3 0.023369 3.18218e-05 9.02204 2 
0.956707 -1.82927e-05 -1 0.659037 0.241546 0.000652601 896.582 107889 3 61682.3 151.525 7.41127 2 1 522.952 40.8861 12.7905 4 3 0.0234753 3.01773e-05 9.19695 2 
0.95736 -1.83738e-05 -1 0.659195 0.241539 0.000652601 897.202 107887 3 116486 162.362 8.95222 2 1 548.641 26.6556 20.5826 4 3 0.0220729 2.63544e-05 9.42617 2 
0.958013 -1.84878e-05 -1 0.659352 0.241538 0.000652601 897.84 107884 3 67860.4 102.496 8.71571 2 1 505.137 28.3556 17.8144 4 3 0.02353 2.25655e-05 10.1405 2 
0.958665 -1.84625e-05 -1 0.65951 0.241538 0.000652601 898.463 107882 3 77212.6 136.681 8.2666 2 1 457.002 28.2834 16.1579 4 3 0.0233318 2.05751e-05 10.428 2 
0.959318 -1.85467e-05 -1 0.659667 0.241526 0.000652601 899.123 107875 3 109775 137.704 9.27225 2 1 626.345 39.3 15.9375 4 3 0.02274 2.13513e-05 10.2123 2 
0.95997 -1.85535e-05 -1 0.659824 0.241517 0.000652601 899.827 107864 3 48327 138.941 7.03266 2 1 1510.33 31.1611 48.4684 4 3 0.0239527 2.2273e-05 10.2453 2 
0.960623 -1.85477e-05 -1 0.659982 0.241517 0.000652601 900.45 107862 3 53772.5 146.542 7.15923 2 1 464.944 32.3203 14.3855 4 3 0.0243153 2.15795e-05 10.4059 2 
0.961276 -1.85467e-05 -1 0.660139 0.241502 0.000652601 901.075 107860 3 52031.6 98.1669 8.09283 2 1 385.012 32.8067 11.7358 4 3 0.0237375 2.13695e-05 10.3565 2 
0.961928 -1.85368e-05 -1 0.660296 0.241494 0.000652601 901.714 107856 3 59485.8 145.039 7.42979 2 1 370.733 38.1987 9.70539 4 3 0.0225572 2.13678e-05 10.1822 2 
0.962581 -1.85538e-05 -1 0.660453 0.241493 0.000652601 902.375 107850 4 114122 33.9193 7.61607 2 1 350.973 39.233 8.94587 4 3 0.0209881 2.12154e-05 9.96415 2 
0.963233 -1.85603e-05 -1 0.660611 0.241491 0.000652601 903.025 107845 3 51197 103.954 7.89711 2 1 367.718 49.8791 7.3722 4 3 0.0211459 1.87856e-05 10.4024 2 
0.963886 -1.85606e-05 -1 0.660768 0.241477 0.000652601 903.673 107840 3 100971 104.546 9.88467 2 1 1250.3 44.9592 27.8096 4 3 0.0235427 1.47435e-05 11.6883 2 
0.964539 -1.85606e-05 -1 0.660926 0.241466 0.000652601 904.317 107836 3 91818.1 150.119 8.48849 2 1 535.401 26.8582 19.9343 4 3 0.0226066 1.32601e-05 11.9462 2 
0.965191 -1.85577e-05 -1 0.661084 0.241472 0.000652601 904.928 107835 3 49034.2 134.124 7.15041 2 1 457.925 20.7079 22.1135 4 3 0.0223919 1.38509e-05 11.7365 2 
0.965844 -1.84784e-05 -1 0.661241 0.241464 0.000652601 905.568 107831 3 59213.8 149.86 7.33803 2 1 453.999 25.191 18.0222 4 3 0.0236623 1.4918e-05 11.6622 2 
0.966496 -1.85666e-05 -1 0.661399 0.24147 0.000652601 906.199 107829 3 114982 149.982 9.15229 2 1 444.998 42.1554 10.5561 4 3 0.0230295 1.55887e-05 11.3892 2 
0.967149 -1.86322e-05 -1 0.661557 0.241448 0.000652601 906.813 107828 3 51761.1 137.436 7.22161 2 1 628.346 40.9437 15.3466 4 3 0.0217825 1.5092e-05 11.3011 2 
0.967802 -1.86639e-05 -1 0.661715 0.241417 0.000652601 907.451 107824 3 52650.3 92.9123 8.27515 2 1 650.44 42.8356 15.1846 4 3 0.0208012 1.35236e-05 11.5434 2 
0.968454 -1.87081e-05 -1 0.661873 0.241414 0.000652601 908.065 107824 3 74108.4 122.824 8.4501 2 1 448.056 20.9114 21.4264 4 3 0.0241751 1.44742e-05 11.8647 2 
0.969107 -1.87206e-05 -1 0.662031 0.241403 0.000652601 908.638 107828 2 39415 160.061 15.6924 2 1 446.56 37.4939 11.9102 4 3 0.0240496 1.42877e-05 11.8955 2 
0.969759 -1.86935e-05 -1 0.662188 0.24141 0.000652601 909.244 107828 3 78614.6 144.714 8.15952 2 1 578.127 30.4161 19.0073 4 3 0.0237976 1.42974e-05 11.8511 2 
0.970412 -1.86801e-05 -1 0.662346 0.241403 0.000652601 909.856 107827 3 51637.1 100.144 8.01885 2 1 488.188 26.1717 18.6533 4 3 0.0251298 1.21761e-05 12.7319 2 
0.971065 -1.86756e-05 -1 0.662503 0.24139 0.000652601 910.541 107818 4 93273.2 35.632 7.15285 2 1 635.798 31.5876 20.128 4 3 0.0243923 9.2596e-06 13.8108 2 
0.971717 -1.8701e-05 -1 0.66266 0.241386 0.000652601 911.079 107826 3 48791.9 223.248 6.02356 2 1 427.054 14.7937 28.8672 4 2 0.0234513 9.60761e-05 15.6234 2 
0.97237 -1.86828e-05 -1 0.662817 0.24137 0.000652601 911.622 107834 3 108317 222.541 7.86615 2 1 366.447 16.8022 21.8095 4 2 0.0231049 9.74989e-05 15.394 2 
0.973022 -1.87204e-05 -1 0.662974 0.241344 0.000652601 912.394 107815 3 118526 169.323 8.87904 2 1 581.897 84.7373 6.86708 4 3 0.022854 8.82842e-06 13.7307 2 
0.973675 -1.88159e-05 -1 0.663132 0.241344 0.000652601 913.096 107804 3 67504.8 219.485 6.75009 2 1 818.671 32.4799 25.2055 4 3 0.023376 1.00964e-05 13.2292 2 
0.974328 -1.89832e-05 -1 0.663289 0.241341 0.000652601 913.777 107795 3 95562.5 155.91 8.4945 2 1 568.692 28.0507 20.2738 4 3 0.0229538 1.01298e-05 13.1346 2 
0.97498 -1.90509e-05 -1 0.663446 0.241332 0.000652601 914.545 107776 3 52618.5 104.42 7.95765 2 1 493.006 29.9869 16.4408 4 3 0.0232426 9.01857e-06 13.7104 2 
0.975633 -1.91506e-05 -1 0.663604 0.241333 0.000652601 915.192 107772 3 75371.7 140.234 8.13052 2 1 590.353 29.6934 19.8816 4 3 0.0229662 9.77901e-06 13.2922 2 
0.976285 -1.91127e-05 -1 0.663761 0.241328 0.000652601 915.88 107762 3 76678.8 194.444 7.3332 2 1 402.029 43.2198 9.30198 4 3 0.0238216 1.14836e-05 12.7535 2 
0.976938 -1.92234e-05 -1 0.663919 0.241324 0.000652601 916.517 107759 3 49100.7 119.874 7.42656 2 1 475.296 53.1102 8.94925 4 3 0.0239077 1.18209e-05 12.6463 2 
0.977591 -1.93468e-05 -1 0.664077 0.241304 0.000652601 917.138 107757 3 63831.1 129.149 7.90643 2 1 678.68 45.9216 14.7791 4 3 0.0246154 1.54917e-05 11.6691 2 
0.978243 -1.93562e-05 -1 0.664234 0.241288 0.000652601 917.77 107755 3 87472.8 192.731 7.68494 2 1 611.94 24.0249 25.471 4 3 0.0240991 2.55121e-05 9.81186 2 
0.978896 -1.93062e-05 -1 0.664392 0.241287 0.000652601 918.361 107757 3 119417 98.8146 10.6516 2 1 468.673 30.4456 15.3938 4 3 0.0251075 4.18651e-05 8.43303 2 
0.979548 -1.92449e-05 -1 0.66455 0.241271 0.000652601 918.973 107756 3 115921 197.054 8.379 2 1 512.418 24.9974 20.4988 4 3 0.0248385 4.92799e-05 7.95827 2 
0.980201 -1.93096e-05 -1 0.664707 0.241277 0.000652601 919.578 107756 3 84571.1 132.944 8.60038 2 1 408.344 29.0861 14.0392 4 3 0.0254552 5.20355e-05 7.87938 2 
0.980854 -1.94024e-05 -1 0.664865 0.241267 0.000652601 920.192 107756 3 112431 176.342 8.60683 2 1 405.254 38.4822 10.5309 4 3 0.0248868 5.08705e-05 7.87954 2 
0.981506 -1.92767e-05 -1 0.665022 0.241242 0.000652601 920.785 107758 3 57772.4 123.884 7.75476 2 1 560.142 55.8227 10.0343 4 3 0.0244828 5.2373e-05 7.761 2 
0.982159 -1.93062e-05 -1 0.665179 0.24123 0.000652601 921.529 107742 3 47534.4 108.868 7.5864 2 1 946.936 55.1987 17.155 4 4 0.0231632 2.55589e-05 5.48674 2 
0.982811 -1.93334e-05 -1 0.665336 0.241222 0.000652601 922.212 107733 3 51612.4 80.6283 8.61831 2 1 683.285 36.1073 18.9238 4 4 0.0237608 2.64271e-05 5.47586 2 
0.983464 -1.9329e-05 -1 0.665493 0.241208 0.000652601 922.896 107724 3 121066 96.0629 10.8016 2 1 410.332 18.936 21.6694 4 4 0.0232947 2.32411e-05 5.62665 2 
0.984117 -1.93459e-05 -1 0.665651 0.241196 0.000652601 923.499 107725 3 98924.3 123.614 9.28421 2 1 795.794 25.3897 31.3432 4 3 0.0221907 9.99984e-05 6.05424 2 
0.984769 -1.93943e-05 -1 0.665808 0.24119 0.000652601 924.113 107724 3 48696.2 120.798 7.38717 2 1 479.721 20.3953 23.5211 4 3 0.0219489 8.61498e-05 6.33946 2 
0.985422 -1.94145e-05 -1 0.665965 0.24118 0.000652601 924.789 107716 3 68946.3 157.84 7.58748 2 1 449.278 23.294 19.2872 4 3 0.0220526 7.52997e-05 6.64083 2 
0.986074 -1.95719e-05 -1 0.666122 0.241165 0.000652601 925.505 107704 3 119471 150.502 9.25919 2 1 632.255 41.7171 15.1558 4 3 0.0242753 7.35265e-05 6.91152 2 
0.986727 -1.95296e-05 -1 0.666279 0.24116 0.000652601 926.244 107688 3 122326 148.722 9.36946 2 1 418.577 41.3179 10.1306 4 3 0.0240887 6.72135e-05 7.10317 2 
0.98738 -1.94451e-05 -1 0.666437 0.241154 0.000652601 926.958 107676 3 80267.9 145.449 8.20245 2 1 460.208 28.7119 16.0285 4 3 0.0238158 5.75134e-05 7.45359 2 
0.988032 -1.96026e-05 -1 0.666594 0.241127 0.000652601 927.616 107671 3 122330 143.412 9.48381 2 1 527.153 46.6421 11.3021 4 3 0.0240181 5.40844e-05 7.62937 2 
0.988685 -1.96876e-05 -1 0.666752 0.241121 0.000652601 928.272 107665 3 49034 135.396 7.12794 2 1 568.955 32.319 17.6043 4 3 0.0229534 5.15219e-05 7.63751 2 
0.989337 -1.97148e-05 -1 0.666909 0.241109 0.000652601 928.872 107666 3 113692 111.554 10.0635 2 1 1682.84 52.0866 32.3085 4 3 0.025532 5.19655e-05 7.89084 2 
0.98999 -1.97548e-05 -1 0.667067 0.2411 0.000652601 929.453 107669 3 51015.6 88.9654 8.30795 2 1 543.859 30.6106 17.767 4 3 0.0257202 5.02431e-05 7.99956 2 
0.990643 -1.97738e-05 -1 0.667225 0.241086 0.000652601 930.007 107676 3 50457.4 140.241 7.1124 2 1 553.307 27.9545 19.7931 4 3 0.0246814 4.82969e-05 7.99497 2 
0.991295 -1.98213e-05 -1 0.667382 0.24107 0.000652601 930.577 107680 3 118236 148.071 9.27741 2 1 404.58 21.8879 18.4842 4 3 0.0249073 4.76537e-05 8.05521 2 
0.991948 -1.98456e-05 -1 0.66754 0.241051 0.000652601 931.125 107687 3 51100.9 126.546 7.39141 2 1 441.934 23.1793 19.0659 4 3 0.02532 4.60188e-05 8.19426 2 
0.9926 -1.98451e-05 -1 0.667697 0.241061 0.000652601 931.685 107693 3 72610 131.413 8.20578 2 1 1319.39 36.3322 36.3146 4 3 0.025209 4.23346e-05 8.41304 2 
0.993253 -1.98277e-05 -1 0.667854 0.24107 0.000652601 932.248 107698 3 104611 179.595 8.35144 2 1 484.623 21.3039 22.7481 4 3 0.0258836 4.15259e-05 8.54217 2 
0.993906 -1.96972e-05 -1 0.668011 0.241034 0.000652601 932.798 107705 3 47928.2 79.8959 8.43378 2 1 488.24 38.1588 12.7949 4 3 0.0255295 3.94733e-05 8.64795 2 
0.994558 -1.97055e-05 -1 0.668169 0.241022 0.000652601 933.324 107714 3 49745 123.254 7.39009 2 1 753.205 40.7152 18.4993 4 3 0.0259984 3.97266e-05 8.68203 2 
0.995211 -1.97403e-05 -1 0.668325 0.240989 0.000652601 933.903 107718 3 50095.5 92.7994 8.14238 2 1 451.05 27.643 16.317 4 3 0.0254226 4.00255e-05 8.59596 2 
0.995863 -1.9793e-05 -1 0.668482 0.240983 0.000652601 934.47 107722 3 50261.7 125.758 7.36605 2 1 429.411 21.1748 20.2794 4 3 0.0257862 3.95524e-05 8.67105 2 
0.996516 -1.97788e-05 -1 0.668639 0.24097 0.000652601 935.025 107728 3 120762 112.18 10.2488 2 1 421.269 19.6606 21.427 4 3 0.0253613 3.85791e-05 8.69506 2 
0.997169 -1.97591e-05 -1 0.668796 0.240967 0.000652601 935.584 107734 3 70709.4 122.181 8.33344 2 1 647.003 30.4056 21.2791 4 3 0.0255688 3.81504e-05 8.75125 2 
0.997821 -1.97774e-05 -1 0.668953 0.240957 0.000652601 936.151 107739 3 82059.6 157.439 8.04772 2 1 1034.55 30.0291 34.4517 4 3 0.0251707 3.85304e-05 8.67689 2 
0.998474 -1.99781e-05 -1 0.669111 0.240952 0.000652601 936.737 107741 3 51772.9 150.195 7.01158 2 1 443.209 37.4992 11.8192 4 3 0.0254189 4.00752e-05 8.59199 2 
0.999126 -2.00483e-05 -1 0.669268 0.240933 0.000652601 937.318 107745 3 53920.1 83.6607 8.63793 2 1 473.218 26.5833 17.8013 4 3 0.0253923 3.938e-05 8.63924 2 
0.999779 -2.00312e-05 -1 0.669425 0.240914 0.000652601 937.887 107749 3 49831.2 76.1552 8.68162 2 1 557.971 26.9644 20.6929 4 3 0.0258622 4.03093e-05 8.62488 2 
1.00043 -2.00528e-05 -1 0.669582 0.240902 0.000652601 938.421 107758 3 50242 107.428 7.76216 2 1 431.705 30.3071 14.2444 4 3 0.0251174 3.93741e-05 8.60837 2 
1.00108 -2.00509e-05 -1 0.66974 0.240893 0.000652601 938.98 107763 3 68691.9 137.783 7.92933 2 1 379.057 35.0651 10.8101 4 3 0.0260953 3.74617e-05 8.86458 2 
1.00174 -2.01383e-05 -1 0.669897 0.240882 0.000652601 939.524 107771 3 90738.3 105.405 9.51282 2 1 731.309 39.131 18.6887 4 3 0.024795 3.5164e-05 8.90065 2 
1.00239 -2.01633e-05 -1 0.670055 0.240857 0.000652601 940.089 107776 3 109817 141.13 9.19779 2 1 449.195 27.7625 16.1799 4 3 0.0249159 3.25939e-05 9.14351 2 
1.00304 -2.01481e-05 -1 0.670212 0.240844 0.000652601 940.625 107784 3 85173.6 226.52 7.21771 2 1 488.385 24.5182 19.9193 4 3 0.0247249 3.09132e-05 9.28247 2 
1.00369 -2.02071e-05 -1 0.670369 0.240838 0.000652601 941.176 107790 3 122406 179.172 8.80733 2 1 470.207 38.5451 12.1989 4 3 0.0244811 3.10275e-05 9.24048 2 
1.00435 -2.01522e-05 -1 0.670526 0.240833 0.000652601 941.735 107796 3 63507.1 140.618 7.67232 2 1 667.103 34.8591 19.1371 4 3 0.0248372 3.11931e-05 9.26861 2 
1.005 -2.01656e-05 -1 0.670683 0.240809 0.000652601 942.445 107784 3 69465.5 116.148 8.4253 2 1 664.023 35.1556 18.8881 4 3 0.0248508 3.18314e-05 9.20792 2 
1.00565 -2.0175e-05 -1 0.67084 0.240794 0.000652601 943.108 107778 4 50185.7 34.0495 6.19608 2 1 450.014 17.6344 25.519 4 3 0.0244925 3.176e-05 9.17031 2 
1.00631 -2.01757e-05 -1 0.670998 0.240785 0.000652601 943.776 107771 3 62647.2 132.606 7.78836 2 1 630.761 19.5199 32.3137 4 3 0.0245429 3.14093e-05 9.21062 2 
1.00696 -2.02285e-05 -1 0.671154 0.240766 0.000652601 944.51 107757 3 70893.9 139.782 7.97479 2 1 422.36 24.8632 16.9873 4 3 0.0243209 3.17517e-05 9.14965 2 
1.00761 -2.01827e-05 -1 0.671311 0.240745 0.000652601 945.171 107751 2 5907.48 136.06 6.58924 2 1 499.844 25.6775 19.4662 4 3 0.0260437 3.11261e-05 9.42307 2 
1.00826 -2.01948e-05 -1 0.671468 0.240738 0.000652601 945.89 107738 3 60111.6 132.293 7.68788 2 1 728.063 70.4359 10.3365 4 3 0.0256322 3.0982e-05 9.38769 2 
1.00892 -2.01734e-05 -1 0.671625 0.240716 0.000652601 946.708 107714 3 84780.7 152.578 8.22119 2 1 389.302 29.2062 13.3294 4 3 0.025028 3.14107e-05 9.27077 2 
1.00957 -2.01386e-05 -1 0.671782 0.240726 0.000652601 947.474 107696 3 125110 113.906 10.3177 2 1 555.618 23.6767 23.4669 4 3 0.0264323 3.19519e-05 9.38742 2 
1.01022 -2.01364e-05 -1 0.671939 0.240698 0.000652601 948.379 107663 3 121135 227.389 8.10649 2 1 1281.57 32.4929 39.4416 4 3 0.0262849 3.21659e-05 9.34911 2 
1.01087 -2.01753e-05 -1 0.672096 0.24068 0.000652601 949.105 107649 3 116366 145.272 9.28712 2 1 505.015 27.8648 18.1238 4 3 0.0254291 3.22249e-05 9.24087 2 
1.01153 -2.02018e-05 -1 0.672253 0.240666 0.000652601 949.908 107627 3 59579.2 128.887 7.73207 2 1 426.713 54.679 7.80398 4 3 0.0240748 3.16644e-05 9.12705 2 
1.01218 -2.02493e-05 -1 0.67241 0.240675 0.000652601 950.716 107605 3 95242.3 119.887 9.26159 2 1 566.088 24.3836 23.2159 4 3 0.0238044 3.03914e-05 9.21798 2 
1.01283 -2.01755e-05 -1 0.672568 0.240634 0.000652601 951.548 107580 3 50723.5 133.7 7.23924 2 1 587.18 26.5565 22.1106 4 3 0.0240068 2.79722e-05 9.50319 2 
1.01348 -2.01182e-05 -1 0.672725 0.240617 0.000652601 952.373 107555 3 102252 123.932 9.37912 2 1 634.972 30.966 20.5054 4 3 0.0239539 2.54703e-05 9.79747 2 
1.01414 -2.00524e-05 -1 0.672882 0.240606 0.000652601 953.18 107533 3 127813 191.427 8.74026 2 1 627.155 24.1957 25.9201 4 3 0.0241637 2.42305e-05 9.99081 2 
1.01479 -2.0099e-05 -1 0.673039 0.240592 0.000652601 953.922 107518 3 82191.1 136.728 8.43962 2 1 734.448 32.3846 22.6789 4 3 0.0240888 2.3682e-05 10.0569 2 
1.01544 -2.01512e-05 -1 0.673196 0.240576 0.000652601 954.604 107510 3 58931.5 130.354 7.67493 2 1 698.932 40.5619 17.2313 4 3 0.0244366 2.35957e-05 10.1174 2 
1.01609 -2.01517e-05 -1 0.673353 0.240562 0.000652601 955.278 107503 3 76004.1 181.118 7.48673 2 1 382.769 18.8978 20.2547 4 3 0.0259101 2.386e-05 10.2786 2 
1.01675 -2.01566e-05 -1 0.67351 0.240548 0.000652601 955.945 107496 3 48937.9 82.4861 8.40275 2 1 641.157 32.8107 19.5411 4 3 0.0256882 2.42818e-05 10.1894 2 
1.0174 -2.01597e-05 -1 0.673667 0.240551 0.000652601 956.589 107492 3 123909 149.469 9.39399 2 1 454.992 33.0962 13.7475 4 3 0.0248674 2.38475e-05 10.1406 2 
1.01805 -2.00732e-05 -1 0.673824 0.240502 0.000652601 957.242 107487 3 127345 140.771 9.67141 2 1 1867.29 36.3502 51.3694 4 3 0.0245747 2.52325e-05 9.91234 2 
1.0187 -2.01093e-05 -1 0.673981 0.240502 0.000652601 957.904 107482 3 50050.9 127.683 7.31858 2 1 689.475 60.1708 11.4586 4 3 0.0263104 2.59048e-05 10.0519 2 
1.01936 -2.01109e-05 -1 0.674137 0.240491 0.000652601 958.608 107471 4 128314 53.9396 6.98379 2 1 393.971 31.1364 12.6531 4 3 0.0270682 2.56232e-05 10.1846 2 
1.02001 -2.00568e-05 -1 0.674294 0.240485 0.000652601 959.282 107464 3 87976.8 109.361 9.30041 2 1 396.943 50.2226 7.90368 4 3 0.0263906 8.61022e-05 6.74236 2 
1.02066 -1.99988e-05 -1 0.674451 0.24044 0.000652601 960.088 107442 3 74233.6 108.461 8.8127 2 1 461.453 44.6833 10.3272 4 4 0.0258757 2.22483e-05 5.83981 2 
1.02131 -1.99861e-05 -1 0.674607 0.24044 0.000652601 960.941 107415 3 52326.7 66.1521 9.24826 2 1 1540.86 31.9226 48.2687 4 4 0.0245771 2.06775e-05 5.87162 2 
1.02197 -2.0031e-05 -1 0.674764 0.240423 0.000652601 961.736 107394 3 49924.3 133.36 7.20712 2 1 937.502 25.6383 36.5664 4 3 0.0254112 9.32193e-05 6.48395 2 
1.02262 -2.00599e-05 -1 0.674921 0.240391 0.000652601 962.402 107388 3 98521.6 167.05 8.38613 2 1 408.611 19.6192 20.8271 4 3 0.0251731 8.03743e-05 6.7911 2 
1.02327 -2.01783e-05 -1 0.675078 0.240383 0.000652601 963.053 107383 3 105950 129.875 9.34384 2 1 652.264 40.8031 15.9856 4 3 0.0247315 6.92053e-05 7.09638 2 
1.02393 -2.0184e-05 -1 0.675235 0.240372 0.000652601 963.725 107376 3 79600 140.418 8.27618 2 1 553.723 29.7669 18.602 4 3 0.0246899 6.50587e-05 7.23999 2 
1.02458 -2.02068e-05 -1 0.675392 0.240361 0.000652601 964.37 107373 3 57171.8 142.968 7.3674 2 1 445.692 26.5186 16.8068 4 3 0.0261805 6.32909e-05 7.45096 2 
1.02523 -2.02239e-05 -1 0.675549 0.240339 0.000652601 964.968 107374 3 70620.1 112.466 8.56319 2 1 512.962 25.1826 20.3697 4 3 0.0247554 5.39796e-05 7.71163 2 
1.02588 -2.03007e-05 -1 0.675706 0.240324 0.000652601 965.583 107373 3 55281 56.3176 9.93826 2 1 445.391 31.5606 14.1122 4 3 0.0251548 4.84372e-05 8.03798 2 
1.02654 -2.03333e-05 -1 0.675863 0.240339 0.000652601 966.197 107373 3 82330.3 148.028 8.2238 2 1 488.849 20.8755 23.4173 4 3 0.0254063 4.62924e-05 8.18736 2 
1.02719 -2.03427e-05 -1 0.67602 0.240317 0.000652601 966.799 107374 3 124471 229.68 8.15295 2 1 587.63 29.0468 20.2304 4 3 0.0265029 4.60719e-05 8.31672 2 
1.02784 -2.01032e-05 -1 0.676176 0.240269 0.000652601 967.429 107372 3 93565.5 102.679 9.69492 2 1 681.948 60.1948 11.329 4 3 0.0250917 4.59705e-05 8.17242 2 
1.02849 -2.00763e-05 -1 0.676333 0.240253 0.000652601 968.037 107372 3 52389.3 129.152 7.40254 2 1 612.483 70.0331 8.74563 4 3 0.0269037 4.13209e-05 8.66724 2 
1.02915 -2.00959e-05 -1 0.67649 0.24024 0.000652601 968.668 107370 3 67376.5 106.273 8.59069 2 1 544.795 19.9065 27.3677 4 3 0.0267018 3.44002e-05 9.19023 2 
1.0298 -2.00845e-05 -1 0.676647 0.240227 0.000652601 969.3 107367 3 56243.4 118.367 7.80335 2 1 459.87 19.0249 24.172 4 3 0.026149 3.30366e-05 9.25025 2 
1.03045 -2.01156e-05 -1 0.676804 0.240214 0.000652601 969.941 107364 3 51358.3 125.882 7.41678 2 1 393.773 31.2526 12.5997 4 3 0.0251154 3.2356e-05 9.19027 2 
1.0311 -2.01724e-05 -1 0.67696 0.240188 0.000652601 970.559 107363 3 90326 67.0418 11.0447 2 1 365.008 38.0169 9.60121 4 3 0.0246727 3.23556e-05 9.136 2 
1.03176 -2.01667e-05 -1 0.677117 0.240193 0.000652601 971.166 107364 3 80792.1 70.0032 10.4894 2 1 545.815 18.7664 29.0847 4 3 0.0276187 3.31384e-05 9.41074 2 
1.03241 -2.01655e-05 -1 0.677273 0.240159 0.000652601 971.798 107361 3 112853 139.929 9.30828 2 1 733.854 28.9592 25.3409 4 3 0.0263379 3.20891e-05 9.36285 2 
1.03306 -2.01911e-05 -1 0.67743 0.240158 0.000652601 972.406 107361 3 101112 122.78 9.3733 2 1 671.831 23.8222 28.2019 4 3 0.0254503 3.05052e-05 9.41397 2 
1.03371 -2.01562e-05 -1 0.677586 0.240123 0.000652601 973.172 107344 3 52705.8 165.02 6.83555 2 1 672.338 31.5238 21.328 4 3 0.0262346 2.60255e-05 10.0267 2 
1.03437 -2.01762e-05 -1 0.677743 0.240106 0.000652601 973.898 107331 3 127752 94.7929 11.0458 2 1 515.984 25.111 20.5481 4 3 0.025343 2.24009e-05 10.4199 2 
1.03502 -2.02062e-05 -1 0.6779 0.24009 0.000652601 974.656 107315 3 84233.9 163.81 8.01153 2 1 495.532 20.9937 23.6039 4 3 0.0244676 2.10297e-05 10.5177 2 
1.03567 -2.02273e-05 -1 0.678057 0.240064 0.000652601 975.396 107301 3 60351.3 140.093 7.55249 2 1 589.052 21.9834 26.7953 4 3 0.024402 2.26821e-05 10.2466 2 
1.03632 -2.02328e-05 -1 0.678213 0.240056 0.000652601 976.067 107294 3 48859.4 98.8427 7.90681 2 1 463.108 34.5867 13.3898 4 3 0.0241804 2.24265e-05 10.2542 2 
1.03698 -2.02027e-05 -1 0.67837 0.240052 0.000652601 976.706 107291 3 73908 131.673 8.24895 2 1 483.951 23.7814 20.35 4 3 0.0264618 2.23209e-05 10.5837 2 
1.03763 -2.03472e-05 -1 0.678526 0.240003 0.000652601 977.336 107289 3 86809.6 145.155 8.42516 2 1 437.568 40.1826 10.8895 4 3 0.0273439 2.21501e-05 10.7274 2 
1.03828 -2.03566e-05 -1 0.678683 0.239997 0.000652601 978.032 107280 3 57160.9 109.54 8.05087 2 1 770.564 43.2618 17.8117 4 3 0.0273121 2.16784e-05 10.8005 2 
1.03894 -2.03547e-05 -1 0.67884 0.239984 0.000652601 978.65 107279 3 50282.9 127.423 7.33485 2 1 763.075 30.0509 25.3928 4 3 0.0280062 2.14164e-05 10.9354 2 
1.03959 -2.03374e-05 -1 0.678996 0.239963 0.000652601 979.268 107278 3 49830.6 159.783 6.78144 2 1 468.944 45.2376 10.3663 4 3 0.0274663 1.83018e-05 11.449 2 
1.04024 -2.03273e-05 -1 0.679153 0.239948 0.000652601 979.947 107271 3 132216 121.865 10.2755 2 1 489.587 47.9764 10.2047 4 3 0.0265969 1.84526e-05 11.296 2 
1.04089 -2.02821e-05 -1 0.679309 0.239962 0.000652601 980.611 107265 3 127261 188.597 8.77109 2 1 453.755 23.9823 18.9204 4 3 0.0252468 2.02894e-05 10.7559 2 
1.04155 -2.02702e-05 -1 0.679466 0.23989 0.000652601 981.245 107263 3 117123 132.679 9.59281 2 1 493.067 47.6487 10.348 4 3 0.0239388 1.96675e-05 10.677 2 
1.0422 -2.02931e-05 -1 0.679623 0.239897 0.000652601 981.921 107255 3 49472.6 91.138 8.15746 2 1 573.603 27.953 20.5203 4 3 0.0234811 1.82317e-05 10.88 2 
1.04285 -2.03132e-05 -1 0.679779 0.239881 0.000652601 982.539 107255 3 49930.9 124.04 7.38361 2 1 573.507 27.2489 21.047 4 3 0.0233805 1.62086e-05 11.2989 2 
1.0435 -2.0337e-05 -1 0.679936 0.239847 0.000652601 983.168 107253 3 103615 136.886 9.11356 2 1 520.849 17.8826 29.1261 4 3 0.0233395 1.47007e-05 11.6659 2 
1.04416 -2.03277e-05 -1 0.680092 0.239832 0.000652601 983.758 107255 2 47718.4 221.88 14.6651 2 1 646.28 21.9094 29.4978 4 3 0.0269991 1.45585e-05 12.286 2 
1.04481 -2.03526e-05 -1 0.680248 0.239845 0.000652601 984.361 107256 3 66244.7 132.971 7.92742 2 1 798.313 31.5957 25.2665 4 3 0.0262773 1.55009e-05 11.9236 2 
1.04546 -2.03396e-05 -1 0.680405 0.239787 0.000652601 984.989 107254 3 132633 137.508 9.8804 2 1 674.838 60.6401 11.1286 4 3 0.0266589 1.5653e-05 11.9421 2 
1.04611 -2.03892e-05 -1 0.680561 0.239784 0.000652601 985.636 107250 3 51209.1 125.397 7.41914 2 1 699.916 33.7886 20.7145 4 3 0.0251064 1.71954e-05 11.3446 2 
1.04677 -2.04375e-05 -1 0.680718 0.239755 0.000652601 986.231 107252 2 41702.3 198.205 14.5052 2 1 1415.81 45.7483 30.9479 4 3 0.0274459 1.83954e-05 11.4267 2 
1.04742 -2.04813e-05 -1 0.680874 0.23975 0.000652601 986.822 107254 3 49740.3 147.288 6.96381 2 1 565.129 19.6483 28.7622 4 3 0.0264881 1.86431e-05 11.242 2 
1.04807 -2.0553e-05 -1 0.681031 0.239741 0.000652601 987.426 107255 3 125612 165.022 9.13054 2 1 521.685 39.6625 13.1531 4 3 0.0275673 1.80638e-05 11.5132 2 
1.04872 -2.0661e-05 -1 0.681187 0.239703 0.000652601 988.058 107253 4 129460 66.1951 6.65009 2 1 1056.45 33.1624 31.8569 4 3 0.0274536 1.82573e-05 11.4566 2 
1.04938 -2.06757e-05 -1 0.681344 0.239691 0.000652601 988.708 107248 4 133334 56.3752 6.97369 2 1 763.65 33.819 22.5805 4 3 0.0283169 1.72891e-05 11.7876 2 
1.05003 -2.0654e-05 -1 0.6815 0.239663 0.000652601 989.368 107243 4 122137 63.6322 6.619 2 1 700.012 19.6035 35.7085 4 3 0.0278315 1.73099e-05 11.7151 2 
1.05068 -2.06802e-05 -1 0.681656 0.239645 0.000652601 990.004 107240 3 134374 194.187 8.84501 2 1 496.052 18.5082 26.8018 4 3 0.0265683 1.73578e-05 11.5245 2 
1.05133 -2.06531e-05 -1 0.681813 0.239627 0.000652601 990.664 107235 3 51024.9 93.8222 8.16255 2 1 553.53 58.3055 9.49361 4 3 0.0259454 1.76469e-05 11.371 2 
1.05199 -2.06337e-05 -1 0.681969 0.239609 0.000652601 991.271 107235 3 102289 144.081 8.92088 2 1 573.563 36.1319 15.8741 4 3 0.0247443 1.77587e-05 11.1692 2 
1.05264 -2.07488e-05 -1 0.682125 0.239582 0.000652601 991.877 107236 3 70608 169.418 7.46962 2 1 691.559 58.5515 11.8111 4 3 0.0249272 1.77673e-05 11.1948 2 
1.05329 -2.08132e-05 -1 0.682282 0.239604 0.000652601 992.481 107237 3 108253 182.246 8.40609 2 1 633.314 26.5424 23.8604 4 3 0.025017 1.78467e-05 11.1916 2 
1.05394 -2.07534e-05 -1 0.682438 0.239539 0.000652601 993.101 107236 3 48417.4 103.809 7.75513 2 1 811.995 54.1195 15.0037 4 3 0.0250863 1.73079e-05 11.317 2 
1.0546 -2.0781e-05 -1 0.682594 0.239535 0.000652601 993.73 107234 3 72873.1 145.212 7.94673 2 1 837.257 52.7983 15.8576 4 3 0.026176 1.63492e-05 11.6987 2 
1.05525 -2.09118e-05 -1 0.682751 0.239522 0.000652601 994.326 107236 3 84623.5 158.917 8.10538 2 1 496.447 41.4753 11.9697 4 3 0.0271048 1.49978e-05 12.1807 2 
1.0559 -2.10049e-05 -1 0.682907 0.239498 0.000652601 994.945 107235 3 50476.2 112.379 7.65833 2 1 480.94 26.5903 18.087 4 3 0.0264523 1.37856e-05 12.4264 2 
1.05656 -2.10679e-05 -1 0.683063 0.239462 0.000652601 995.54 107236 3 47430.5 119.31 7.35292 2 1 485.43 29.7668 16.3078 4 3 0.0268306 1.3112e-05 12.6956 2 
1.05721 -2.1179e-05 -1 0.683219 0.239476 0.000652601 996.184 107233 3 67780.3 122.054 8.2196 2 1 558.503 42.8967 13.0197 4 3 0.0260858 1.61426e-05 11.7348 2 
1.05786 -2.12632e-05 -1 0.683375 0.239431 0.000652601 996.797 107233 3 128930 125.066 10.1019 2 1 488.859 29.2729 16.7001 4 3 0.0250371 5.54223e-05 7.67303 2 
1.05851 -2.1337e-05 -1 0.683532 0.239415 0.000652601 997.458 107227 3 76611.4 176.908 7.56569 2 1 454.677 35.0741 12.9633 4 4 0.0284144 2.60168e-05 5.74872 2 
1.05917 -2.13829e-05 -1 0.683688 0.239386 0.000652601 998.109 107223 3 51058.7 142.307 7.10582 2 1 583.408 40.7572 14.3142 4 4 0.0281731 2.64812e-05 5.71116 2 
1.05982 -2.14264e-05 -1 0.683844 0.239339 0.000652601 998.791 107215 3 96107.5 76.434 10.7934 2 1 475.24 28.4785 16.6877 4 4 0.0278306 2.29777e-05 5.89935 2 
1.06047 -2.13813e-05 -1 0.684 0.239393 0.000652601 999.391 107217 3 81234.4 124.607 8.67093 2 1 456.046 23.3072 19.5668 4 3 0.0263135 9.88482e-05 6.43284 2 
1.06112 -2.14573e-05 -1 0.684156 0.239316 0.000652601 999.981 107219 3 61135 157.699 7.29156 2 1 485.033 37.1118 13.0695 4 3 0.0254435 8.53208e-05 6.68099 2 
1.06178 -2.15827e-05 -1 0.684312 0.239289 0.000652601 1000.6 107218 3 47659.2 132.98 7.10319 2 1 822.719 40.1588 20.4866 4 3 0.0252993 7.52081e-05 6.95474 2 
1.06243 -2.15614e-05 -1 0.684468 0.239219 0.000652601 1001.22 107217 3 117066 144.868 9.31436 2 1 438.894 30.9053 14.2012 4 3 0.0294461 7.35739e-05 7.36945 2 
1.06308 -2.14141e-05 -1 0.684624 0.239245 0.000652601 1001.83 107218 3 101862 102.36 9.98376 2 1 824.241 19.8943 41.4309 4 3 0.0274612 6.5483e-05 7.48509 2 
1.06373 -2.13427e-05 -1 0.68478 0.239101 0.000652601 1002.42 107220 3 79886.9 195.331 7.4228 2 1 593.863 29.1933 20.3424 4 3 0.0268507 5.71525e-05 7.77392 2 
1.06439 -2.08613e-05 -1 0.684936 0.239251 0.000652601 1003.1 107213 3 45938.1 71.2658 8.63835 2 1 611.912 71.4065 8.56941 4 3 0.0259968 5.38737e-05 7.84358 2 
1.06504 -2.09545e-05 -1 0.685093 0.239068 0.000652601 1003.8 107203 3 134403 160.983 9.41621 2 1 623.286 138.528 4.49936 4 3 0.0246093 5.21595e-05 7.78494 2 
1.06569 -2.07738e-05 -1 0.685249 0.239229 0.000652601 1004.51 107192 3 57837.1 115.948 7.93075 2 1 739.31 129.947 5.68933 4 3 0.0239543 5.25117e-05 7.69796 2 
1.06634 -2.09105e-05 -1 0.685405 0.239122 0.000652601 1005.19 107185 3 50616.5 111.349 7.68897 2 1 598.611 121.097 4.94323 4 3 0.0277236 4.95454e-05 8.24041 2 
1.067 -2.07501e-05 -1 0.685561 0.239098 0.000652601 1005.89 107175 3 86210.7 123.698 8.8661 2 1 670.222 103.412 6.48111 4 3 0.0265994 4.12688e-05 8.63807 2 
1.06765 -2.06207e-05 -1 0.685717 0.239113 0.000652601 1006.55 107170 3 47204.9 92.0547 8.00412 2 1 618.652 42.8006 14.4543 4 3 0.0266306 3.75781e-05 8.91556 2 
1.0683 -2.05994e-05 -1 0.685873 0.23917 0.000652601 1007.19 107168 3 51986 169.423 6.74484 2 1 513.583 24.4747 20.9842 4 3 0.0286705 3.6412e-05 9.23414 2 
1.06895 -2.07991e-05 -1 0.686029 0.23905 0.000652601 1007.81 107167 3 47481.1 86.3484 8.19261 2 1 555.291 48.0111 11.5659 4 3 0.029267 3.70118e-05 9.24725 2 
1.06961 -2.07739e-05 -1 0.686186 0.239174 0.000652601 1008.42 107166 3 69436.2 163.811 7.51186 2 1 503.965 73.288 6.87649 4 3 0.0298006 3.73812e-05 9.27236 2 
1.07026 -2.12258e-05 -1 0.686342 0.238983 0.000652601 1009.05 107165 3 49549.6 137.519 7.11583 2 1 765.087 117.239 6.52587 4 3 0.0277889 3.73061e-05 9.06492 2 
1.07091 -2.10855e-05 -1 0.686497 0.239115 0.000652601 1009.65 107166 3 100072 212.208 7.78365 2 1 648.248 127.72 5.07556 4 3 0.0270761 3.59072e-05 9.10195 2 
1.07157 -2.13388e-05 -1 0.686653 0.23907 0.000652601 1010.25 107167 3 136643 98.1301 11.1668 2 1 859.579 122.295 7.02871 4 3 0.026183 3.11629e-05 9.43613 2 
1.07222 -2.15156e-05 -1 0.686809 0.23893 0.000652601 1010.85 107169 3 132587 225.3 8.38005 2 1 874.238 57.0245 15.3309 4 3 0.0263854 2.71707e-05 9.90271 2 
1.07287 -2.13935e-05 -1 0.686965 0.239065 0.000652601 1011.44 107171 3 110126 195.241 8.26241 2 1 573.194 32.1329 17.8382 4 3 0.025247 2.48675e-05 10.0506 2 
1.07352 -2.19343e-05 -1 0.687121 0.238984 0.000652601 1012.06 107169 3 47990.7 138.669 7.0209 2 1 773.884 138.362 5.5932 4 3 0.0276041 2.58139e-05 10.226 2 
1.07418 -2.21121e-05 -1 0.687276 0.238918 0.000652601 1012.65 107172 3 57354.7 130.495 7.60313 2 1 539.078 125.682 4.2892 4 3 0.0270709 2.6372e-05 10.0876 2 
1.07483 -2.22029e-05 -1 0.687432 0.23881 0.000652601 1013.28 107170 4 128003 93.1144 6.08906 2 1 492.648 70.7855 6.95974 4 3 0.0270494 2.59375e-05 10.1409 2 
1.07548 -2.18692e-05 -1 0.687588 0.239061 0.000652601 1013.89 107170 3 99069.9 209.367 7.79251 2 1 475.113 81.7927 5.80875 4 3 0.0292361 3.27984e-05 9.62399 2 
1.07613 -2.2597e-05 -1 0.687744 0.239002 0.000652601 1014.51 107169 3 61581.1 176.005 7.04651 2 1 998.564 280.106 3.56495 4 3 0.0270849 4.44282e-05 8.47922 2 
1.07679 -2.31426e-05 -1 0.6879 0.239045 0.000652601 1015.09 107173 3 138363 225.114 8.50235 2 1 641.344 195.275 3.2843 4 3 0.026951 4.43301e-05 8.47147 2 
1.07744 -2.39469e-05 -1 0.688056 0.238728 0.000652601 1015.71 107172 3 77916.1 123.374 8.57961 2 1 1102.37 164.827 6.68802 4 3 0.028789 4.72403e-05 8.47821 2 
1.07809 -2.36499e-05 -1 0.688212 0.238852 0.000652601 1016.31 107173 3 92449.4 120.338 9.1587 2 1 943.13 339.295 2.77967 4 3 0.0275666 4.45275e-05 8.52285 2 
1.07874 -2.38541e-05 -1 0.688368 0.238715 0.000652601 1016.93 107172 3 57866.9 56.8006 10.0622 2 1 873.797 363.729 2.40233 4 3 0.0283321 4.63335e-05 8.48779 2 
1.0794 -2.36945e-05 -1 0.688523 0.238755 0.000652601 1017.56 107170 3 55992.5 148.736 7.22057 2 1 758.154 279.697 2.71062 4 3 0.0293873 4.66013e-05 8.57539 2 
1.08005 -2.38365e-05 -1 0.688679 0.238694 0.000652601 1018.15 107172 3 135884 120.681 10.4034 2 1 535.073 204.323 2.61877 4 3 0.0292158 4.6748e-05 8.54971 2 
1.0807 -2.37791e-05 -1 0.688835 0.238701 0.000652601 1018.74 107175 3 140139 177.307 9.24579 2 1 884.387 121.855 7.25772 4 3 0.0276703 4.70834e-05 8.37623 2 
1.08135 -2.3816e-05 -1 0.688991 0.238624 0.000652601 1019.34 107175 3 75657.6 151.644 7.93126 2 1 660.472 92.2813 7.15716 4 3 0.0267744 4.7252e-05 8.27497 2 
1.08201 -2.36751e-05 -1 0.689147 0.238626 0.000652601 1019.93 107177 3 141279 203.299 8.85756 2 1 762.964 84.2781 9.05293 4 3 0.0264772 4.90026e-05 8.14487 2 
1.08266 -2.37382e-05 -1 0.689303 0.238597 0.000652601 1020.53 107179 3 51879.9 125.282 7.45368 2 1 604.787 54.42 11.1133 4 3 0.0262332 4.89998e-05 8.11993 2 
1.08331 -2.37354e-05 -1 0.689458 0.238595 0.000652601 1021.14 107179 3 111941 109.287 10.0803 2 1 843.984 23.5714 35.8054 4 3 0.0261763 4.69299e-05 8.23164 2 
1.08396 -2.37671e-05 -1 0.689614 0.238628 0.000652601 1021.77 107177 3 88413.4 141.62 8.54669 2 1 643.485 29.767 21.6174 4 3 0.0264789 4.43473e-05 8.42062 2 
1.08462 -2.38464e-05 -1 0.689769 0.238562 0.000652601 1022.37 107178 3 50546.3 119.776 7.50077 2 1 647.719 34.6865 18.6735 4 3 0.0282441 4.30347e-05 8.69033 2 
1.08527 -2.39077e-05 -1 0.689925 0.238492 0.000652601 1022.99 107178 3 69608.8 132.272 8.07356 2 1 741.051 38.4305 19.2829 4 3 0.0274546 4.2207e-05 8.6645 2 
1.08592 -2.39063e-05 -1 0.69008 0.238503 0.000652601 1023.59 107179 3 50773.7 144.502 7.05648 2 1 518.088 30.5746 16.945 4 3 0.0287789 4.31617e-05 8.73626 2 
1.08657 -2.38945e-05 -1 0.690236 0.238487 0.000652601 1024.2 107179 3 47446.1 125.438 7.23199 2 1 544.452 27.6719 19.6753 4 3 0.0278694 4.23703e-05 8.69671 2 
1.08723 -2.3925e-05 -1 0.690391 0.238465 0.000652601 1024.82 107178 3 50666.6 148.634 6.98556 2 1 467.841 23.7529 19.6961 4 3 0.0266613 4.13369e-05 8.64001 2 
1.08788 -2.39592e-05 -1 0.690547 0.238439 0.000652601 1025.41 107181 3 49467.6 122.555 7.39033 2 1 497.832 63.8504 7.79685 4 3 0.0260624 4.0501e-05 8.63342 2 
1.08853 -2.39585e-05 -1 0.690703 0.238425 0.000652601 1026.02 107181 3 134694 147.883 9.69343 2 1 494.463 23.9804 20.6195 4 3 0.0291862 4.15486e-05 8.88942 2 
1.08919 -2.38775e-05 -1 0.690858 0.238406 0.000652601 1026.63 107181 3 83407.6 137.321 8.46882 2 1 466.659 40.2126 11.6048 4 3 0.0298255 4.23353e-05 8.89805 2 
1.08984 -2.40052e-05 -1 0.691014 0.238347 0.000652601 1027.23 107182 3 93798.9 151.482 8.52339 2 1 710.147 56.7903 12.5047 4 3 0.0300489 4.2276e-05 8.92438 2 
1.09049 -2.41134e-05 -1 0.691169 0.238358 0.000652601 1027.96 107170 3 51934.2 122.508 7.51213 2 1 606.753 40.8114 14.8673 4 3 0.0281027 4.11484e-05 8.8064 2 
1.09114 -2.41232e-05 -1 0.691325 0.238327 0.000652601 1028.58 107169 4 115841 64.0004 6.52258 2 1 584.285 28.4018 20.5721 4 3 0.0272075 3.90188e-05 8.86758 2 
1.0918 -2.42098e-05 -1 0.691481 0.238318 0.000652601 1029.19 107169 3 54894.7 152.989 7.10598 2 1 455.906 31.5337 14.4578 4 3 0.0273145 3.62094e-05 9.10313 2 
1.09245 -2.42638e-05 -1 0.691636 0.238286 0.000652601 1029.79 107170 3 108361 150.432 8.96419 2 1 468.229 30.5695 15.3169 4 3 0.0268012 3.46416e-05 9.1802 2 
1.0931 -2.42596e-05 -1 0.691792 0.238278 0.000652601 1030.38 107173 3 117720 133.856 9.58085 2 1 498.132 36.1626 13.7748 4 3 0.0276718 3.36889e-05 9.3652 2 
1.09375 -2.43407e-05 -1 0.691947 0.238268 0.000652601 1030.98 107173 3 77759.1 138.03 8.25897 2 1 968.64 42.3708 22.861 4 3 0.0297308 3.4487e-05 9.51737 2 
1.09441 -2.43925e-05 -1 0.692103 0.238223 0.000652601 1031.57 107175 3 50143.1 155.356 6.85953 2 1 719.751 38.3121 18.7865 4 3 0.0286603 3.47784e-05 9.37541 2 
1.09506 -2.4553e-05 -1 0.692258 0.238188 0.000652601 1032.23 107171 3 52360.2 138.013 7.23925 2 1 719.065 44.7094 16.0831 4 3 0.0272626 3.40363e-05 9.287 2 
1.09571 -2.46137e-05 -1 0.692414 0.238123 0.000652601 1032.83 107171 3 91340.8 65.0672 11.197 2 1 498.841 43.6709 11.4227 4 3 0.0271631 3.36327e-05 9.31263 2 
1.09636 -2.45666e-05 -1 0.692569 0.238141 0.000652601 1033.59 107157 3 137645 113.93 10.6506 2 1 513.964 46.116 11.145 4 4 0.0276154 1.81805e-05 6.2429 2 
1.09702 -2.46193e-05 -1 0.692724 0.238101 0.000652601 1034.51 107124 3 51423.9 98.1417 8.0619 2 1 517.354 46.4477 11.1384 4 4 0.0285161 2.21807e-05 5.98795 2 
1.09767 -2.45811e-05 -1 0.692879 0.238096 0.000652601 1035.29 107107 4 95515.8 38.9713 7.03611 2 1 587.951 27.7588 21.1807 4 4 0.0280006 1.99932e-05 6.11746 2 
1.09832 -2.45976e-05 -1 0.693034 0.238079 0.000652601 1035.99 107098 3 53800.9 104.471 8.01551 2 1 451.481 23.0128 19.6187 4 3 0.0294417 9.10502e-05 6.86373 2 
1.09897 -2.46238e-05 -1 0.693189 0.238032 0.000652601 1036.65 107093 3 129152 223.749 8.3262 2 1 784.674 19.9056 39.4198 4 3 0.0302112 7.74833e-05 7.30555 2 
1.09963 -2.47641e-05 -1 0.693345 0.238002 0.000652601 1037.26 107093 3 70564.4 172.569 7.42234 2 1 515.81 34.4252 14.9835 4 3 0.0295056 6.75972e-05 7.58563 2 
1.10028 -2.46918e-05 -1 0.6935 0.23797 0.000652601 1037.91 107090 3 73115.4 227.946 6.8453 2 1 428.236 32.597 13.1373 4 3 0.0285891 6.57746e-05 7.57497 2 
1.10093 -2.45181e-05 -1 0.693655 0.237988 0.000652601 1038.55 107086 3 99197.3 144.401 8.82354 2 1 566.739 37.3089 15.1905 4 3 0.0290881 6.11412e-05 7.80657 2 
1.10158 -2.4526e-05 -1 0.69381 0.237906 0.000652601 1039.14 107088 3 83806.8 149.556 8.24439 2 1 488.593 30.1176 16.2228 4 3 0.0283458 5.19452e-05 8.17173 2 
1.10224 -2.44474e-05 -1 0.693966 0.237908 0.000652601 1039.74 107090 3 126178 169.414 9.06452 2 1 642.417 28.0214 22.9259 4 3 0.0280471 4.79763e-05 8.36156 2 
1.10289 -2.43139e-05 -1 0.694121 0.237844 0.000652601 1040.33 107092 3 141449 108.275 10.9318 2 1 684.654 34.3971 19.9044 4 3 0.0282383 4.66293e-05 8.46044 2 
1.10354 -2.42338e-05 -1 0.694276 0.237872 0.000652601 1040.93 107093 3 138208 233.769 8.39297 2 1 556.065 33.4858 16.606 4 3 0.0282983 4.6878e-05 8.45143 2 
1.1042 -2.43281e-05 -1 0.694432 0.237873 0.000652601 1041.51 107097 3 62463.2 89.9577 8.85514 2 1 674.358 38.5506 17.4928 4 3 0.0278803 4.5308e-05 8.50565 2 
1.10485 -2.4369e-05 -1 0.694587 0.237821 0.000652601 1042.1 107099 3 78102.5 139.417 8.24358 2 1 651.695 21.9989 29.624 4 3 0.0277628 3.84546e-05 8.97095 2 
1.1055 -2.43318e-05 -1 0.694743 0.237805 0.000652601 1042.69 107101 3 53480 152.286 7.05522 2 1 513.668 19.9131 25.7955 4 3 0.0284075 3.38755e-05 9.43009 2 
1.10615 -2.43711e-05 -1 0.694898 0.237763 0.000652601 1043.3 107102 3 79840.8 152.476 8.06012 2 1 1199.9 38.8687 30.8705 4 3 0.0285609 3.27786e-05 9.55126 2 
1.10681 -2.43179e-05 -1 0.695053 0.237783 0.000652601 1043.94 107099 3 57634.4 209.078 6.50816 2 1 880.109 23.0118 38.2461 4 3 0.0309916 3.349e-05 9.74488 2 
1.10746 -2.43424e-05 -1 0.695208 0.237734 0.000652601 1044.61 107092 3 94892.9 132.929 8.93727 2 1 879.118 24.9729 35.2029 4 3 0.0294655 3.29245e-05 9.63677 2 
1.10811 -2.42545e-05 -1 0.695364 0.237721 0.000652601 1045.21 107094 3 144378 126.372 10.454 2 1 614.767 29.0542 21.1593 4 3 0.0301755 3.30642e-05 9.69986 2 
1.10876 -2.43776e-05 -1 0.695519 0.237698 0.000652601 1045.8 107096 3 54688 123.232 7.62763 2 1 752.819 40.0609 18.7919 4 3 0.0296493 3.23952e-05 9.70908 2 
1.10942 -2.43863e-05 -1 0.695673 0.237659 0.000652601 1046.39 107099 3 48969 139.512 7.05401 2 1 503.153 29.897 16.8295 4 3 0.0305718 2.87424e-05 10.2078 2 
1.11007 -2.44359e-05 -1 0.695828 0.237642 0.000652601 1046.99 107099 3 82372.7 207.323 7.35154 2 1 527.339 24.0453 21.9311 4 3 0.0302477 2.80638e-05 10.2529 2 
1.11072 -2.44718e-05 -1 0.695983 0.237603 0.000652601 1047.61 107099 3 49419.1 142.165 7.03128 2 1 453.321 32.7226 13.8535 4 3 0.0291896 2.79211e-05 10.1492 2 
1.11137 -2.45088e-05 -1 0.696138 0.237569 0.000652601 1048.22 107099 3 130272 136.751 9.83951 2 1 472.275 35.1798 13.4246 4 3 0.0289328 2.76471e-05 10.1527 2 
1.11203 -2.451e-05 -1 0.696293 0.237589 0.000652601 1048.85 107097 3 147319 229.182 8.63029 2 1 830.099 28.7001 28.9232 4 3 0.0288946 2.65336e-05 10.2882 2 
1.11268 -2.44201e-05 -1 0.696448 0.237533 0.000652601 1049.54 107089 4 124801 68.7392 6.5276 2 1 997.232 88.5124 11.2666 4 3 0.0284645 2.49492e-05 10.4492 2 
1.11333 -2.4363e-05 -1 0.696602 0.237558 0.000652601 1050.17 107087 3 116725 231.498 7.95925 2 1 1086.2 69.6636 15.592 4 3 0.0287184 2.26357e-05 10.8257 2 
1.11398 -2.43294e-05 -1 0.696757 0.237471 0.000652601 1050.8 107085 3 146806 155.225 9.81584 2 1 840.02 45.9263 18.2906 4 3 0.0279454 2.25468e-05 10.7417 2 
1.11464 -2.43815e-05 -1 0.696912 0.23748 0.000652601 1051.42 107085 3 48795.9 134.166 7.13806 2 1 1051.78 72.692 14.469 4 3 0.0295261 2.22507e-05 10.9889 2 
1.11529 -2.44391e-05 -1 0.697067 0.23746 0.000652601 1052.03 107085 3 48079.5 54.6115 9.58426 2 1 991.586 34.6128 28.648 4 3 0.0290167 1.99967e-05 11.3213 2 
1.11594 -2.45341e-05 -1 0.697222 0.237465 0.000652601 1052.65 107084 3 47678.5 117.766 7.39778 2 1 455.122 51.1542 8.89706 4 3 0.0292763 2.00954e-05 11.3364 2 
1.11659 -2.46383e-05 -1 0.697377 0.237391 0.000652601 1053.32 107078 3 67282.2 128.799 8.0537 2 1 564.529 37.236 15.1608 4 3 0.0300514 2.03407e-05 11.3894 2 
1.11725 -2.46531e-05 -1 0.697533 0.237363 0.000652601 1053.95 107076 3 86708.8 168.65 8.01111 2 1 527.742 26.2501 20.1044 4 3 0.0293785 2.05146e-05 11.2717 2 
1.1179 -2.46375e-05 -1 0.697688 0.23734 0.000652601 1054.6 107072 3 51852.3 130.19 7.3575 2 1 533.587 22.9308 23.2695 4 3 0.0293041 2.10756e-05 11.1613 2 
1.11855 -2.46262e-05 -1 0.697843 0.237309 0.000652601 1055.18 107075 3 82151.1 107.832 9.13317 2 1 555.275 19.3356 28.7178 4 3 0.030092 2.25607e-05 11.0078 2 
1.11921 -2.46071e-05 -1 0.697997 0.23727 0.000652601 1055.81 107073 3 97343.6 128.75 9.11004 2 1 421.017 26.1575 16.0955 4 3 0.0305808 2.28563e-05 11.0191 2 
1.11986 -2.4587e-05 -1 0.698152 0.237257 0.000652601 1056.4 107076 3 136341 121.375 10.3952 2 1 634.793 31.1907 20.352 4 3 0.031136 2.24164e-05 11.1575 2 
1.12051 -2.4659e-05 -1 0.698307 0.237233 0.000652601 1057.02 107075 3 52037.4 150.888 7.01273 2 1 514.933 30.9777 16.6227 4 3 0.0301813 2.21354e-05 11.0888 2 
1.12116 -2.46643e-05 -1 0.698462 0.237208 0.000652601 1057.65 107074 3 50197.6 123.171 7.4141 2 1 470.77 23.0668 20.409 4 3 0.0295024 2.16808e-05 11.0814 2 
1.12182 -2.4671e-05 -1 0.698617 0.237167 0.000652601 1058.25 107074 3 56653.1 134.441 7.49717 2 1 515.114 19.5125 26.3992 4 3 0.0274081 2.19361e-05 10.7706 2 
1.12247 -2.46532e-05 -1 0.698771 0.237152 0.000652601 1058.83 107078 3 46403.9 68.3546 8.78878 2 1 478.407 18.4199 25.9723 4 3 0.0263078 2.21194e-05 10.5951 2 
1.12312 -2.46416e-05 -1 0.698926 0.237125 0.000652601 1059.43 107079 3 106191 144.077 9.03297 2 1 463.061 17.7522 26.0847 4 3 0.0271553 2.24227e-05 10.6591 2 
1.12377 -2.46756e-05 -1 0.69908 0.23708 0.000652601 1060.05 107079 3 119510 146.25 9.34908 2 1 576.847 20.1513 28.6258 4 3 0.0288025 2.26745e-05 10.8301 2 
1.12443 -2.46611e-05 -1 0.699235 0.237069 0.000652601 1060.61 107083 3 50241.4 118.841 7.50526 2 1 663.883 24.2017 27.4313 4 3 0.0328543 2.22625e-05 11.3852 2 
1.12508 -2.47241e-05 -1 0.69939 0.237038 0.000652601 1061.22 107084 3 49971 219.102 6.10976 2 1 833.836 24.9084 33.4761 4 3 0.0308901 2.19456e-05 11.207 2 
1.12573 -2.47355e-05 -1 0.699544 0.237026 0.000652601 1062.11 107055 4 88612 94.8328 5.52883 2 1 560.807 71.9658 7.79269 4 3 0.0294191 2.06711e-05 11.2483 2 
1.12638 -2.47548e-05 -1 0.699699 0.23699 0.000652601 1062.92 107036 3 73436.6 53.2688 11.1296 2 1 528.724 18.2754 28.9309 4 3 0.0296652 1.89399e-05 11.6133 2 
1.12704 -2.47063e-05 -1 0.699853 0.236979 0.000652601 1063.61 107028 3 145976 175.928 9.39684 2 1 516.244 18.5051 27.8975 4 3 0.029718 1.76296e-05 11.9012 2 
1.12769 -2.47877e-05 -1 0.700008 0.236941 0.000652601 1064.34 107016 3 48084.9 132.312 7.13624 2 1 772.27 56.0893 13.7686 4 3 0.0297939 1.66298e-05 12.1455 2 
1.12834 -2.48616e-05 -1 0.700163 0.236926 0.000652601 1065.35 106976 3 93405.9 211.283 7.61792 2 1 749.352 39.2432 19.0951 4 3 0.0297515 1.60029e-05 12.2962 2 
1.12899 -2.48355e-05 -1 0.700318 0.236887 0.000652601 1066.13 106959 3 56331.5 128.153 7.6034 2 1 1355.82 24.2161 55.9882 4 3 0.0315359 1.56037e-05 12.6433 2 
1.12965 -2.48479e-05 -1 0.700472 0.236837 0.000652601 1066.87 106946 3 68480 157.561 7.57481 2 1 698.889 43.0714 16.2263 4 3 0.0313987 1.58894e-05 12.5488 2 
1.1303 -2.49251e-05 -1 0.700627 0.236847 0.000652601 1067.78 106917 3 49713.4 138.693 7.10351 2 1 451.448 30.3443 14.8775 4 3 0.031269 1.60527e-05 12.4888 2 
1.13095 -2.49252e-05 -1 0.700781 0.236822 0.000652601 1068.51 106906 3 99478.6 140.265 8.91786 2 1 461.357 22.846 20.1942 4 3 0.030111 1.6417e-05 12.2408 2 
1.1316 -2.49284e-05 -1 0.700936 0.236786 0.000652601 1069.23 106894 3 49454 145.682 6.97587 2 1 661.759 39.9165 16.5786 4 3 0.0302461 1.68504e-05 12.1531 2 
1.13226 -2.49373e-05 -1 0.70109 0.236761 0.000652601 1069.97 106882 3 64842.7 108.396 8.42589 2 1 838.638 40.7804 20.5647 4 3 0.031334 1.85049e-05 11.9191 2 
1.13291 -2.49527e-05 -1 0.701245 0.23674 0.000652601 1070.67 106873 3 129431 108.126 10.6178 2 1 514.193 31.5131 16.3168 4 3 0.030317 1.92834e-05 11.6279 2 
1.13356 -2.50129e-05 -1 0.701399 0.236712 0.000652601 1071.35 106867 4 145777 31.0097 8.28033 2 1 428.761 29.6548 14.4584 4 3 0.0297521 2.1843e-05 11.085 2 
1.13421 -2.50214e-05 -1 0.701554 0.236694 0.000652601 1072.05 106858 3 146616 124.901 10.5488 2 1 617.05 35.4685 17.3971 4 3 0.0296249 7.77266e-05 7.25041 2 
1.13487 -2.49169e-05 -1 0.701708 0.236663 0.000652601 1072.76 106848 3 58948.4 70.5462 9.41888 2 1 615.417 32.3479 19.0249 4 4 0.0299537 2.67413e-05 5.78518 2 
1.13552 -2.49305e-05 -1 0.701862 0.236623 0.000652601 1073.49 106836 3 78817.2 125.699 8.55913 2 1 1110.73 39.9531 27.8009 4 4 0.0302193 2.5619e-05 5.86044 2 
1.13617 -2.4999e-05 -1 0.702017 0.236606 0.000652601 1074.23 106824 3 48717.7 102.468 7.80489 2 1 938.22 27.6263 33.9611 4 4 0.0305333 2.21998e-05 6.08985 2 
1.13683 -2.4962e-05 -1 0.702171 0.236574 0.000652601 1074.92 106817 3 55055.8 146.783 7.21178 2 1 523.453 30.7528 17.0213 4 3 0.0309432 9.43159e-05 6.897 2 
1.13748 -2.49773e-05 -1 0.702325 0.236574 0.000652601 1075.57 106813 3 93456 143.35 8.67101 2 1 577.475 28.3487 20.3704 4 3 0.0311125 8.15425e-05 7.25298 2 
1.13813 -2.49418e-05 -1 0.702479 0.236528 0.000652601 1076.25 106806 3 53042.9 118.971 7.63944 2 1 539.56 23.265 23.1919 4 3 0.0328631 7.39986e-05 7.62948 2 
1.13878 -2.49541e-05 -1 0.702634 0.236494 0.000652601 1076.88 106805 3 44028.9 70.6425 8.54196 2 1 923.471 32.2327 28.6501 4 3 0.0314052 7.21904e-05 7.57718 2 
1.13944 -2.49524e-05 -1 0.702788 0.236465 0.000652601 1077.52 106802 3 150525 191.211 9.23348 2 1 550.355 20.9155 26.3133 4 3 0.0316432 6.25083e-05 7.96981 2 
1.14009 -2.51044e-05 -1 0.702942 0.236448 0.000652601 1078.14 106802 3 47004.7 96.2179 7.87581 2 1 686.841 31.7238 21.6507 4 3 0.0315198 5.60631e-05 8.25345 2 
1.14074 -2.50915e-05 -1 0.703097 0.236428 0.000652601 1078.77 106800 3 47382.6 214.528 6.04475 2 1 638.696 27.9379 22.8613 4 3 0.0313957 5.27937e-05 8.40936 2 
1.14139 -2.50387e-05 -1 0.703251 0.236397 0.000652601 1079.39 106799 3 54223.9 136.852 7.34479 2 1 1222.67 31.6525 38.6279 4 3 0.0300377 5.26e-05 8.29648 2 
1.14205 -2.50994e-05 -1 0.703405 0.236355 0.000652601 1080.02 106798 3 134962 128.032 10.1773 2 1 489.921 26.3514 18.5918 4 3 0.0301558 5.22867e-05 8.32389 2 
1.1427 -2.5104e-05 -1 0.70356 0.236367 0.000652601 1080.68 106793 3 91116.1 182.146 7.93825 2 1 541.744 28.583 18.9534 4 3 0.030306 4.64641e-05 8.67235 2 
1.14335 -2.50872e-05 -1 0.703714 0.236321 0.000652601 1081.32 106790 3 144818 177.224 9.34904 2 1 688.152 48.2275 14.2689 4 3 0.0302649 3.92806e-05 9.16756 2 
1.144 -2.51219e-05 -1 0.703868 0.236288 0.000652601 1081.97 106787 3 151126 189.493 9.27361 2 1 1047.64 49.1043 21.3349 4 3 0.0299682 3.79577e-05 9.24245 2 
1.14466 -2.51886e-05 -1 0.704022 0.236262 0.000652601 1082.58 106787 3 101730 189.111 8.13286 2 1 848.281 71.0349 11.9418 4 3 0.0300606 3.79892e-05 9.24937 2 
1.14531 -2.51406e-05 -1 0.704177 0.236225 0.000652601 1083.19 106787 3 153212 192.483 9.26759 2 1 821.997 35.2586 23.3134 4 3 0.0300869 3.73355e-05 9.30576 2 
1.14596 -2.51631e-05 -1 0.704331 0.236201 0.000652601 1083.82 106785 3 47328.9 112.374 7.49584 2 1 639.069 29.5285 21.6424 4 3 0.0291413 3.79124e-05 9.16029 2 
1.14661 -2.52011e-05 -1 0.704485 0.23618 0.000652601 1084.47 106782 3 50020.9 139.601 7.10267 2 1 846.518 35.1466 24.0853 4 3 0.0307464 3.72475e-05 9.38064 2 
1.14727 -2.51868e-05 -1 0.704639 0.236136 0.000652601 1085.08 106783 3 58297.9 227.319 6.35339 2 1 451.614 22.1695 20.371 4 3 0.0332677 3.41772e-05 9.9105 2 
1.14792 -2.53257e-05 -1 0.704793 0.236116 0.000652601 1085.72 106780 3 82550.1 162.117 7.98539 2 1 828.293 61.2918 13.5139 4 3 0.0311408 2.89802e-05 10.2426 2 
1.14857 -2.53907e-05 -1 0.704947 0.236089 0.000652601 1086.35 106779 3 54249.7 129.733 7.47794 2 1 615.949 43.748 14.0795 4 3 0.0312613 2.62061e-05 10.6056 2 
1.14922 -2.53783e-05 -1 0.705101 0.236043 0.000652601 1087 106775 3 97477.4 162.605 8.43187 2 1 512.492 29.2173 17.5407 4 3 0.0305823 2.47817e-05 10.7262 2 
1.14988 -2.547e-05 -1 0.705255 0.236032 0.000652601 1087.6 106776 3 58157.4 127.694 7.69387 2 1 597.806 45.1074 13.2529 4 3 0.0325896 2.70067e-05 10.6464 2 
1.15053 -2.55019e-05 -1 0.705409 0.236012 0.000652601 1088.24 106773 4 142997 64.2228 6.86925 2 1 552.199 40.3088 13.6992 4 3 0.0324921 2.66139e-05 10.6878 2 
1.15118 -2.54325e-05 -1 0.705563 0.235985 0.000652601 1088.86 106773 3 48081.8 132.338 7.13562 2 1 544.968 27.1137 20.0994 4 3 0.0314344 2.61194e-05 10.6369 2 
1.15184 -2.54355e-05 -1 0.705717 0.235958 0.000652601 1089.48 106772 3 81681.6 155.805 8.06333 2 1 565.945 28.027 20.1929 4 3 0.0298556 2.61829e-05 10.4473 2 
1.15249 -2.55042e-05 -1 0.70587 0.235925 0.000652601 1090.1 106772 3 44518.2 121.178 7.16205 2 1 508.207 47.8734 10.6156 4 3 0.0290609 2.51553e-05 10.4928 2 
1.15314 -2.55581e-05 -1 0.706024 0.235906 0.000652601 1090.73 106771 3 109866 129.888 9.45724 2 1 641 43.6413 14.6879 4 3 0.0285761 2.34187e-05 10.686 2 
1.15379 -2.56494e-05 -1 0.706178 0.235877 0.000652601 1091.32 106773 3 126345 130.688 9.88797 2 1 680.507 35.5642 19.1346 4 3 0.0282907 1.88595e-05 11.4473 2 
1.15445 -2.57417e-05 -1 0.706332 0.235847 0.000652601 1091.99 106767 3 49542.2 146.625 6.96502 2 1 962.001 41.951 22.9316 4 3 0.0313667 1.67724e-05 12.3204 2 
1.1551 -2.58295e-05 -1 0.706486 0.235804 0.000652601 1092.69 106759 3 92056.3 97.5706 9.80795 2 1 685.498 33.9211 20.2086 4 3 0.0319472 1.55679e-05 12.7077 2 
1.15575 -2.59144e-05 -1 0.70664 0.235796 0.000652601 1093.42 106747 3 71442 133.697 8.11479 2 1 831.98 30.0537 27.6831 4 3 0.0347286 1.80918e-05 12.428 2 
1.1564 -2.59083e-05 -1 0.706794 0.235757 0.000652601 1094.16 106735 3 47272.8 110.349 7.53842 2 1 863.962 31.4398 27.4799 4 3 0.0321417 1.87521e-05 11.9676 2 
1.15706 -2.5936e-05 -1 0.706948 0.235743 0.000652601 1094.86 106726 3 86976.7 141.108 8.5104 2 1 573.118 29.9541 19.1332 4 3 0.0320429 1.76097e-05 12.2084 2 
1.15771 -2.60509e-05 -1 0.707102 0.235709 0.000652601 1095.58 106716 3 49472.5 151.217 6.89056 2 1 773.668 57.0504 13.5611 4 3 0.0324248 1.71942e-05 12.3547 2 
1.15836 -2.61718e-05 -1 0.707255 0.23569 0.000652601 1096.2 106716 3 149250 146.846 10.0543 2 1 583.484 40.8533 14.2824 4 3 0.0323326 1.81198e-05 12.1291 2 
1.15901 -2.61652e-05 -1 0.707409 0.235638 0.000652601 1096.82 106715 3 48799.5 115.478 7.50421 2 1 623.971 33.398 18.6829 4 3 0.0325828 1.8292e-05 12.122 2 
1.15967 -2.62373e-05 -1 0.707563 0.235619 0.000652601 1097.49 106709 3 45504.5 74.6398 8.47933 2 1 687.89 37.0072 18.588 4 3 0.0324728 1.78545e-05 12.2065 2 
1.16032 -2.62683e-05 -1 0.707717 0.235587 0.000652601 1098.14 106706 3 105991 124.482 9.47808 2 1 699.212 22.142 31.5785 4 3 0.0333036 1.42445e-05 13.2724 2 
1.16097 -2.63874e-05 -1 0.70787 0.235579 0.000652601 1098.76 106706 3 64861.8 138.036 7.77438 2 1 552.782 33.4167 16.5421 4 3 0.0327725 1.16348e-05 14.1227 2 
1.16162 -2.64621e-05 -1 0.708024 0.23554 0.000652601 1099.36 106707 3 51180.5 127.51 7.37655 2 1 670.462 30.3461 22.0938 4 3 0.0322513 1.10778e-05 14.279 2 
1.16228 -2.64552e-05 -1 0.708178 0.235512 0.000652601 1099.97 106708 3 48352.4 117.638 7.43515 2 1 520.907 29.4029 17.7162 4 3 0.0319748 1.12324e-05 14.1724 2 
1.16293 -2.64373e-05 -1 0.708332 0.235482 0.000652601 1100.58 106708 3 61426.8 97.5828 8.57028 2 1 481.04 20.3414 23.6483 4 3 0.0354942 1.25364e-05 14.1469 2 
1.16358 -2.64397e-05 -1 0.708485 0.23546 0.000652601 1101.21 106706 3 133197 144.221 9.73843 2 1 978.099 23.1484 42.2534 4 3 0.0327902 1.68686e-05 12.4802 2 
1.16423 -2.65197e-05 -1 0.708639 0.235415 0.000652601 1101.83 106705 3 150692 234.149 8.63375 2 1 729.859 49.8332 14.646 4 3 0.0319866 1.97436e-05 11.7448 2 
1.16489 -2.67563e-05 -1 0.708792 0.235384 0.000652601 1102.45 106706 3 79092.1 115.691 8.80936 2 1 1010.56 66.5438 15.1864 4 3 0.0317787 2.16676e-05 11.3617 2 
1.16554 -2.67479e-05 -1 0.708946 0.235372 0.000652601 1103.06 106705 3 151385 127.609 10.586 2 1 604.33 63.1068 9.57631 4 3 0.0317956 2.29405e-05 11.1495 2 
1.16619 -2.68096e-05 -1 0.7091 0.235335 0.000652601 1103.68 106705 3 49979.5 133.172 7.21316 2 1 907.459 29.408 30.8576 4 3 0.031914 2.17673e-05 11.3604 2 
1.16684 -2.68184e-05 -1 0.709253 0.235317 0.000652601 1104.28 106706 3 98217.6 136.686 8.95686 2 1 653.765 33.2133 19.6838 4 3 0.0324816 1.93464e-05 11.8854 2 
1.1675 -2.68432e-05 -1 0.709407 0.235289 0.000652601 1104.87 106709 3 59430.5 148.351 7.37179 2 1 595.796 27.5938 21.5917 4 3 0.0324569 1.66364e-05 12.4954 2 
1.16815 -2.68853e-05 -1 0.70956 0.235251 0.000652601 1105.47 106711 3 77314.1 138.454 8.23476 2 1 545.388 28.8128 18.9286 4 3 0.032701 1.37754e-05 13.3399 2 
1.1688 -2.68381e-05 -1 0.709713 0.23523 0.000652601 1106.32 106688 3 46168 88.5356 8.04898 2 1 527.159 26.3457 20.0093 4 3 0.0327723 1.30718e-05 13.5849 2 
1.16946 -2.683e-05 -1 0.709867 0.235205 0.000652601 1106.97 106684 3 44082.1 68.2265 8.6451 2 1 612.853 32.188 19.0398 4 3 0.0351014 1.33251e-05 13.8108 2 
1.17011 -2.67963e-05 -1 0.71002 0.235181 0.000652601 1107.72 106670 3 48427.3 87.3943 8.21364 2 1 1010.64 35.6889 28.3181 4 3 0.0331463 2.19417e-05 11.4742 2 
1.17076 -2.68123e-05 -1 0.710174 0.235165 0.000652601 1108.42 106662 3 156234 148.485 10.171 2 1 485.717 35.9876 13.4968 4 3 0.0329344 3.55147e-05 9.75171 2 
1.17141 -2.68177e-05 -1 0.710327 0.235083 0.000652601 1109.1 106657 3 72175.8 117.837 8.49251 2 1 532.024 27.1419 19.6016 4 3 0.0327596 4.1874e-05 9.21435 2 
1.17207 -2.67961e-05 -1 0.71048 0.235083 0.000652601 1109.78 106650 3 108618 108.629 9.99964 2 1 543.593 50.9087 10.6778 4 3 0.0308942 4.40877e-05 8.88218 2 
1.17272 -2.68265e-05 -1 0.710634 0.235053 0.000652601 1110.47 106642 3 140446 151.686 9.74664 2 1 741.598 39.8437 18.6127 4 4 0.0314301 2.07475e-05 6.23871 2 
1.17337 -2.69987e-05 -1 0.710787 0.235028 0.000652601 1111.12 106639 3 46454.7 108.155 7.54503 2 1 793.344 36.718 21.6064 4 4 0.0312903 2.19079e-05 6.14755 2 
1.17402 -2.70482e-05 -1 0.710941 0.234996 0.000652601 1111.76 106637 4 151614 36.8758 8.00755 2 1 884.751 47.6637 18.5624 4 3 0.0312972 9.93181e-05 6.80496 2 
1.17468 -2.69927e-05 -1 0.711094 0.234967 0.000652601 1112.4 106635 4 118979 34.0516 7.68835 2 1 689.039 24.2117 28.4589 4 3 0.0344422 8.67696e-05 7.34922 2 
1.17533 -2.69722e-05 -1 0.711247 0.234937 0.000652601 1113.05 106631 4 157165 49.2359 7.51655 2 1 962.389 24.6862 38.9849 4 3 0.0316727 7.41666e-05 7.53053 2 
1.17598 -2.68964e-05 -1 0.711401 0.234909 0.000652601 1113.7 106628 3 48946.4 125.78 7.30078 2 1 615.892 17.1291 35.9559 4 3 0.0315209 6.6014e-05 7.81606 2 
1.17663 -2.69054e-05 -1 0.711554 0.234863 0.000652601 1114.3 106629 3 159375 185.461 9.50728 2 1 811.881 27.8435 29.1587 4 3 0.0310489 6.52567e-05 7.80681 2 
1.17729 -2.69087e-05 -1 0.711707 0.234857 0.000652601 1114.92 106629 3 84042.4 136.545 8.50631 2 1 584.622 20.367 28.7044 4 3 0.0301856 5.80227e-05 8.04268 2 
1.17794 -2.69309e-05 -1 0.711861 0.234829 0.000652601 1115.53 106629 3 47113.5 103.021 7.70442 2 1 788.269 15.474 50.9417 4 3 0.0333314 4.98421e-05 8.74485 2 
1.17859 -2.69155e-05 -1 0.712014 0.234794 0.000652601 1116.17 106627 3 57669.4 145.54 7.34493 2 1 572.112 19.7901 28.909 4 3 0.0333621 5.10073e-05 8.68041 2 
1.17924 -2.69404e-05 -1 0.712167 0.234774 0.000652601 1116.79 106626 3 98389.8 137.229 8.95024 2 1 567.266 27.5469 20.5927 4 3 0.0330389 5.11993e-05 8.64147 2 
1.1799 -2.70825e-05 -1 0.71232 0.234727 0.000652601 1117.4 106627 3 55292.8 91.8519 8.44358 2 1 576.353 41.1048 14.0215 4 3 0.0329203 5.17079e-05 8.60272 2 
1.18055 -2.70433e-05 -1 0.712473 0.234701 0.000652601 1118.04 106624 3 46053.2 126.846 7.13391 2 1 478.191 29.1522 16.4032 4 3 0.0339393 4.88229e-05 8.85849 2 
1.1812 -2.70802e-05 -1 0.712626 0.234663 0.000652601 1118.68 106622 3 79119.2 101.489 9.20353 2 1 527.017 34.9481 15.08 4 3 0.0336557 4.64423e-05 8.98218 2 
1.18185 -2.70707e-05 -1 0.712779 0.234652 0.000652601 1119.28 106623 3 144845 123.575 10.5436 2 1 556.52 25.5172 21.8096 4 3 0.0338061 4.4899e-05 9.09744 2 
1.18251 -2.70182e-05 -1 0.712932 0.234601 0.000652601 1119.97 106616 3 47355.7 119.904 7.3369 2 1 604.779 22.2459 27.1861 4 3 0.0345383 4.43322e-05 9.20154 2 
1.18316 -2.70224e-05 -1 0.713085 0.234575 0.000652601 1120.63 106612 3 114595 105.574 10.2771 2 1 645.462 21.596 29.8881 4 3 0.0337568 4.48858e-05 9.09391 2 
1.18381 -2.69216e-05 -1 0.713238 0.234537 0.000652601 1121.29 106607 3 48369.7 133.655 7.12628 2 1 565.507 20.4534 27.6486 4 3 0.0346182 4.51204e-05 9.1547 2 
1.18447 -2.68919e-05 -1 0.713391 0.23451 0.000652601 1121.93 106604 3 128636 84.6109 11.4986 2 1 605.448 25.8986 23.3777 4 3 0.0343414 4.36651e-05 9.23055 2 
1.18512 -2.6867e-05 -1 0.713544 0.234497 0.000652601 1122.66 106594 3 91597.3 135.071 8.78563 2 1 624.874 35.9041 17.404 4 3 0.0347701 4.22971e-05 9.36767 2 
1.18577 -2.69348e-05 -1 0.713697 0.23447 0.000652601 1123.41 106581 3 48840.8 75.4191 8.65168 2 1 654.414 26.545 24.653 4 3 0.0345329 4.3158e-05 9.28376 2 
1.18642 -2.69227e-05 -1 0.71385 0.234441 0.000652601 1124.15 106570 3 48705.7 125.309 7.29792 2 1 502.665 28.8624 17.4159 4 3 0.0348493 4.37177e-05 9.27212 2 
1.18708 -2.69617e-05 -1 0.714003 0.234411 0.000652601 1124.85 106561 3 45926.2 128.716 7.09266 2 1 632.158 24.1157 26.2135 4 3 0.0345806 4.44717e-05 9.19565 2 
1.18773 -2.69549e-05 -1 0.714156 0.234379 0.000652601 1125.5 106558 3 67886.9 101.742 8.73834 2 1 596.056 22.6335 26.3352 4 3 0.0347283 4.46377e-05 9.1973 2 
1.18838 -2.69559e-05 -1 0.714309 0.234351 0.000652601 1126.13 106556 3 48156 136.118 7.07259 2 1 581.619 25.5997 22.7197 4 3 0.034479 4.31059e-05 9.28267 2 
1.18903 -2.69378e-05 -1 0.714462 0.234318 0.000652601 1126.77 106555 3 45101.4 113.32 7.35576 2 1 558.772 25.1866 22.1853 4 3 0.0345508 4.10655e-05 9.44047 2 
1.18969 -2.69388e-05 -1 0.714615 0.234288 0.000652601 1127.39 106554 3 152127 194.147 9.21918 2 1 608.55 27.8116 21.8811 4 3 0.034282 3.78496e-05 9.67539 2 
1.19034 -2.70151e-05 -1 0.714768 0.234263 0.000652601 1128.01 106553 3 62558.3 137.133 7.69805 2 1 716.026 37.7581 18.9635 4 3 0.035024 3.59625e-05 9.91224 2 
1.19099 -2.70346e-05 -1 0.714921 0.23422 0.000652601 1128.62 106554 3 103305 187.028 8.20487 2 1 980.63 31.099 31.5325 4 3 0.0345778 3.47646e-05 9.98205 2 
1.19164 -2.68779e-05 -1 0.715074 0.234194 0.000652601 1129.27 106550 3 55303.8 146.955 7.21977 2 1 640.145 42.1972 15.1703 4 3 0.0345845 3.53621e-05 9.92616 2 
1.1923 -2.69425e-05 -1 0.715227 0.234174 0.000652601 1129.9 106549 4 108209 40.8907 7.17232 2 1 831.353 63.3655 13.12 4 3 0.0334505 3.59079e-05 9.76647 2 
1.19295 -2.70214e-05 -1 0.715379 0.234147 0.000652601 1130.5 106550 3 49205.7 116.472 7.50352 2 1 448.48 22.2873 20.1227 4 3 0.033245 3.63096e-05 9.71035 2 
1.1936 -2.69914e-05 -1 0.715532 0.234114 0.000652601 1131.13 106549 4 156383 26.2652 8.7842 2 1 497.6 22.8251 21.8006 4 3 0.0328538 3.55657e-05 9.73909 2 
1.19425 -2.70213e-05 -1 0.715684 0.234087 0.000652601 1131.74 106550 3 137235 123.726 10.3515 2 1 1118.88 28.481 39.2851 4 3 0.0381384 3.55862e-05 10.2336 2 
1.19491 -2.71204e-05 -1 0.715837 0.234052 0.000652601 1132.4 106546 3 61060.3 182.661 6.94019 2 1 924.549 27.5236 33.5911 4 3 0.034886 3.49639e-05 9.99257 2 
1.19556 -2.71251e-05 -1 0.71599 0.234029 0.000652601 1133.04 106542 3 72123.9 115.266 8.55315 2 1 1033.03 30.6782 33.6732 4 3 0.0337258 3.51737e-05 9.86086 2 
1.19621 -2.71065e-05 -1 0.716142 0.234004 0.000652601 1133.66 106542 3 160179 177.232 9.6684 2 1 722.709 21.5957 33.4653 4 3 0.033677 3.56226e-05 9.81452 2 
1.19686 -2.70577e-05 -1 0.716295 0.233949 0.000652601 1134.28 106542 3 99135.3 114.8 9.52275 2 1 694.486 30.8037 22.5456 4 3 0.0338418 3.63585e-05 9.76373 2 
1.19752 -2.70416e-05 -1 0.716448 0.23393 0.000652601 1134.95 106537 3 77877.1 198.436 7.32144 2 1 666.488 19.5056 34.1691 4 3 0.0342383 3.67029e-05 9.77096 2 
1.19817 -2.71536e-05 -1 0.7166 0.233897 0.000652601 1135.56 106538 3 45397.5 130.508 7.03285 2 1 1015.75 55.8533 18.186 4 3 0.0342152 3.7431e-05 9.705 2 
1.19882 -2.72642e-05 -1 0.716753 0.233878 0.000652601 1136.18 106537 3 85357.7 123.661 8.83763 2 1 564.057 44.038 12.8084 4 3 0.0341071 3.62761e-05 9.79659 2 
1.19947 -2.73322e-05 -1 0.716906 0.233842 0.000652601 1136.77 106539 3 47607.5 126.47 7.22043 2 1 552.115 26.9849 20.4601 4 3 0.0342728 3.46027e-05 9.96811 2 
1.20013 -2.73607e-05 -1 0.717058 0.233813 0.000652601 1137.38 106540 3 67877.6 120.087 8.26819 2 1 793.07 39.8302 19.9113 4 3 0.0351336 3.19137e-05 10.3256 2 
1.20078 -2.73473e-05 -1 0.717211 0.233786 0.000652601 1137.99 106540 3 71699.4 60.8687 10.5611 2 1 949.336 22.2128 42.7383 4 3 0.0376229 2.90023e-05 10.9062 2 
1.20143 -2.73971e-05 -1 0.717364 0.23376 0.000652601 1138.64 106537 4 48002.1 118.208 4.48903 2 1 1045.99 21.5049 48.6394 4 3 0.0341468 2.78957e-05 10.6972 2 
1.20209 -2.7448e-05 -1 0.717516 0.233722 0.000652601 1139.28 106535 4 160867 61.2197 7.15969 2 1 435.087 45.7775 9.50438 4 3 0.0334106 2.75257e-05 10.6672 2 
1.20274 -2.74339e-05 -1 0.717669 0.233692 0.000652601 1139.9 106534 3 49070.8 212.973 6.13055 2 1 441.136 18.3643 24.0214 4 3 0.0329813 2.75735e-05 10.6151 2 
1.20339 -2.74705e-05 -1 0.717822 0.233658 0.000652601 1140.5 106536 3 89857.9 222.773 7.38864 2 1 554.812 62.027 8.94469 4 3 0.0325335 2.80157e-05 10.511 2 
1.20404 -2.74831e-05 -1 0.717974 0.233636 0.000652601 1141.1 106537 3 139950 145.766 9.86519 2 1 664.262 37.272 17.822 4 3 0.0318671 2.8338e-05 10.399 2 
1.2047 -2.74537e-05 -1 0.718127 0.233601 0.000652601 1141.72 106537 3 156406 144.744 10.2617 2 1 660.275 52.902 12.4811 4 3 0.0327279 2.82512e-05 10.5025 2 
1.20535 -2.75617e-05 -1 0.718279 0.233587 0.000652601 1142.33 106537 3 120951 126.807 9.84361 2 1 629.372 30.0681 20.9316 4 3 0.0317979 2.90819e-05 10.3021 2 
1.206 -2.76762e-05 -1 0.718431 0.233538 0.000652601 1142.94 106537 3 165813 151.866 10.2972 2 1 788.81 56.3026 14.0102 4 3 0.0332725 2.9242e-05 10.4398 2 
1.20665 -2.77665e-05 -1 0.718583 0.233513 0.000652601 1143.54 106539 3 86928.2 91.8615 9.81769 2 1 764.209 27.6809 27.6078 4 3 0.0372291 2.83651e-05 10.9488 2 
1.20731 -2.77293e-05 -1 0.718736 0.233486 0.000652601 1144.23 106532 3 63916.1 124.827 8.00019 2 1 805.024 51.9741 15.4889 4 3 0.037601 2.86767e-05 10.9452 2 
1.20796 -2.77258e-05 -1 0.718888 0.233452 0.000652601 1144.83 106533 3 163892 225.408 8.99213 2 1 573.67 29.6121 19.3728 4 3 0.0370283 2.84345e-05 10.9202 2 
1.20861 -2.77709e-05 -1 0.71904 0.233419 0.000652601 1145.47 106531 3 50037.7 197.105 6.33189 2 1 767.986 37.3419 20.5663 4 3 0.0378577 2.8652e-05 10.9732 2 
1.20926 -2.77873e-05 -1 0.719192 0.233393 0.000652601 1146.08 106531 3 100396 108.382 9.74807 2 1 916.243 52.9394 17.3074 4 3 0.0373881 2.93084e-05 10.8454 2 
1.20992 -2.78503e-05 -1 0.719344 0.233354 0.000652601 1146.68 106533 3 51032.7 105.104 7.85977 2 1 826.891 30.0483 27.5187 4 3 0.037833 2.96352e-05 10.8481 2 
1.21057 -2.79188e-05 -1 0.719496 0.233325 0.000652601 1147.27 106535 3 80871.9 141.137 8.30588 2 1 640.545 33.3209 19.2235 4 3 0.0374014 9.3883e-05 7.35812 2 
1.21122 -2.78213e-05 -1 0.719649 0.233291 0.000652601 1147.96 106528 3 97160.7 174.229 8.23107 2 1 527.129 60.6509 8.69119 4 4 0.0376367 2.69351e-05 6.11397 2 
1.21187 -2.78364e-05 -1 0.719801 0.23326 0.000652601 1148.64 106523 3 62353.6 134.902 7.7318 2 1 717.235 45.1271 15.8937 4 4 0.0371897 2.43475e-05 6.25161 2 
1.21253 -2.78746e-05 -1 0.719953 0.23325 0.000652601 1149.32 106516 3 150996 207.588 8.99334 2 1 498.477 28.4908 17.4961 4 4 0.037348 2.19286e-05 6.42413 2 
1.21318 -2.79042e-05 -1 0.720105 0.2332 0.000652601 1149.95 106515 3 47642.3 135.517 7.05775 2 1 707.249 56.9189 12.4256 4 3 0.0368344 9.17706e-05 7.3765 2 
1.21383 -2.79369e-05 -1 0.720258 0.233171 0.000652601 1150.59 106513 3 114021 94.9368 10.6296 2 1 948.646 55.3522 17.1384 4 3 0.0372838 7.91332e-05 7.78133 2 
1.21448 -2.79278e-05 -1 0.72041 0.233146 0.000652601 1151.19 106514 3 47493.7 127.266 7.19959 2 1 576.199 36.4563 15.8052 4 3 0.0366745 7.34811e-05 7.93224 2 
1.21514 -2.79393e-05 -1 0.720562 0.233115 0.000652601 1151.78 106516 3 131856 144.161 9.70699 2 1 728.283 26.681 27.296 4 3 0.0366849 7.08391e-05 8.03042 2 
1.21579 -2.79376e-05 -1 0.720715 0.233082 0.000652601 1152.38 106518 3 49943.5 90.698 8.19647 2 1 976.991 25.6028 38.1596 4 3 0.0362793 6.06048e-05 8.42786 2 
1.21644 -2.79853e-05 -1 0.720867 0.233052 0.000652601 1153.09 106509 2 9238.17 36.8416 15.8352 2 1 726.068 33.3207 21.7903 4 3 0.036351 5.57534e-05 8.67125 2 
1.2171 -2.79987e-05 -1 0.721019 0.233017 0.000652601 1153.81 106499 3 67822.7 116.009 8.36169 2 1 543.334 16.1424 33.6588 4 3 0.0359372 5.24809e-05 8.81416 2 
1.21775 -2.7903e-05 -1 0.721171 0.232971 0.000652601 1154.51 106492 3 45268.9 122.395 7.17814 2 1 525.227 20.2405 25.9493 4 3 0.03865 5.31479e-05 8.99266 2 
1.2184 -2.78652e-05 -1 0.721323 0.232958 0.000652601 1155.19 106486 3 45482.1 121.731 7.20245 2 1 982.46 31.2194 31.4695 4 3 0.0353917 5.14815e-05 8.82572 2 
1.21905 -2.7931e-05 -1 0.721475 0.232935 0.000652601 1155.89 106478 3 65406.5 63.8435 10.0809 2 1 604.466 31.5079 19.1845 4 3 0.0352268 4.42026e-05 9.27132 2 
1.21971 -2.78755e-05 -1 0.721627 0.232901 0.000652601 1156.51 106478 3 88146.3 113.213 9.1996 2 1 626.623 18.1846 34.4591 4 3 0.0347846 3.96639e-05 9.57188 2 
1.22036 -2.79059e-05 -1 0.721779 0.232856 0.000652601 1157.13 106477 3 159849 126.449 10.8126 2 1 636.312 31.8313 19.9902 4 3 0.0345965 3.73954e-05 9.74402 2 
1.22101 -2.79278e-05 -1 0.72193 0.232837 0.000652601 1157.89 106464 4 162547 45.6226 7.72591 2 1 584.716 25.6423 22.8028 4 3 0.0340748 3.81221e-05 9.63279 2 
1.22166 -2.79349e-05 -1 0.722082 0.232814 0.000652601 1158.57 106457 3 51395.4 139.005 7.17736 2 1 644.49 19.3342 33.3341 4 3 0.036704 3.80315e-05 9.88227 2 
1.22232 -2.79789e-05 -1 0.722234 0.232782 0.000652601 1159.19 106458 3 104240 214.025 7.86786 2 1 554.036 33.1461 16.715 4 3 0.0355683 3.86146e-05 9.7298 2 
1.22297 -2.79649e-05 -1 0.722386 0.232742 0.000652601 1159.78 106459 3 54824.3 117.237 7.76193 2 1 569.481 51.6078 11.0348 4 3 0.0357005 3.58924e-05 9.98214 2 
1.22362 -2.78859e-05 -1 0.722537 0.232715 0.000652601 1160.4 106459 3 83544.7 94.9871 9.58116 2 1 550.474 22.9714 23.9634 4 3 0.0388116 3.28695e-05 10.5695 2 
1.22427 -2.79273e-05 -1 0.722689 0.232674 0.000652601 1161 106461 3 50800.9 141.116 7.11375 2 1 529.687 28.0383 18.8915 4 3 0.0399723 2.84601e-05 11.1989 2 
1.22493 -2.78756e-05 -1 0.722841 0.232644 0.000652601 1161.75 106448 3 120188 124.053 9.89503 2 1 1069.49 34.4072 31.0835 4 3 0.039665 2.57292e-05 11.5521 2 
1.22558 -2.78978e-05 -1 0.722993 0.232625 0.000652601 1162.44 106442 3 135754 115.145 10.5642 2 1 1064.34 31.2435 34.0658 4 3 0.0408514 2.6485e-05 11.5541 2 
1.22623 -2.77046e-05 -1 0.723145 0.232576 0.000652601 1163.19 106429 3 47756.6 131.41 7.13623 2 1 736.014 49.1161 14.9852 4 3 0.0404074 2.7634e-05 11.3503 2 
1.22688 -2.76392e-05 -1 0.723296 0.232546 0.000652601 1163.87 106423 3 100917 141.625 8.93185 2 1 697.49 39.3659 17.7182 4 3 0.0411894 2.63216e-05 11.6098 2 
1.22754 -2.75781e-05 -1 0.723448 0.232525 0.000652601 1164.49 106423 3 163058 133.764 10.6824 2 1 650.912 27.2782 23.862 4 3 0.040536 2.6905e-05 11.464 2 
1.22819 -2.76212e-05 -1 0.7236 0.232493 0.000652601 1165.1 106424 3 57344.9 136.246 7.49417 2 1 594.347 43.7117 13.597 4 3 0.0411747 2.61459e-05 11.6343 2 
1.22884 -2.76517e-05 -1 0.723752 0.232472 0.000652601 1165.71 106424 3 45987.1 118.881 7.28631 2 1 683.04 27.8296 24.5436 4 3 0.0405078 2.57308e-05 11.6331 2 
1.22949 -2.76633e-05 -1 0.723904 0.232433 0.000652601 1166.31 106426 3 46891.8 126.427 7.18488 2 1 582.616 31.9024 18.2624 4 3 0.0409097 2.12787e-05 12.4345 2 
1.23015 -2.76975e-05 -1 0.724055 0.2324 0.000652601 1166.93 106425 3 127733 154.299 9.38958 2 1 594.828 40.5908 14.6543 4 3 0.0404206 1.81354e-05 13.0625 2 
1.2308 -2.78062e-05 -1 0.724207 0.232371 0.000652601 1167.52 106428 3 48137.3 111.934 7.54814 2 1 463.696 47.4655 9.76911 4 3 0.039732 1.7617e-05 13.114 2 
1.23145 -2.79042e-05 -1 0.724359 0.232343 0.000652601 1168.12 106429 3 47845.9 100.428 7.81023 2 1 1008.27 29.4968 34.1822 4 3 0.0404125 1.83289e-05 13.0155 2 
1.2321 -2.79037e-05 -1 0.72451 0.232301 0.000652601 1168.75 106428 3 94014.5 93.6469 10.0131 2 1 1079.98 22.9306 47.0976 4 3 0.0404835 1.92599e-05 12.8098 2 
1.23276 -2.79253e-05 -1 0.724662 0.23227 0.000652601 1169.36 106429 3 111426 125.901 9.60107 2 1 497.708 22.1661 22.4536 4 3 0.0400902 1.95702e-05 12.7003 2 
1.23341 -2.79819e-05 -1 0.724813 0.232241 0.000652601 1169.96 106430 3 164059 123.393 10.9961 2 1 699.921 31.4642 22.245 4 3 0.0403181 2.09573e-05 12.4372 2 
1.23406 -2.81056e-05 -1 0.724965 0.232213 0.000652601 1170.58 106429 3 49404.9 122.109 7.39619 2 1 786.506 30.2498 26.0004 4 3 0.0399538 2.136e-05 12.3212 2 
1.23472 -2.8165e-05 -1 0.725116 0.232188 0.000652601 1171.2 106428 3 160799 209.559 9.15502 2 1 535.601 31.7092 16.891 4 3 0.0399916 2.09153e-05 12.4118 2 
1.23537 -2.80864e-05 -1 0.725267 0.232144 0.000652601 1171.9 106421 4 127997 51.1818 7.07165 2 1 848.637 48.3215 17.5623 4 3 0.0399198 2.05644e-05 12.4745 2 
1.23602 -2.80381e-05 -1 0.725419 0.232112 0.000652601 1172.5 106423 3 45753 136.428 6.94766 2 1 795.416 48.6744 16.3416 4 3 0.0397849 1.95032e-05 12.6825 2 
1.23667 -2.8009e-05 -1 0.72557 0.232094 0.000652601 1173.09 106425 3 86391 103.537 9.41438 2 1 703.657 26.1627 26.8954 4 3 0.0396243 1.94617e-05 12.6744 2 
1.23733 -2.80613e-05 -1 0.725721 0.232051 0.000652601 1173.71 106424 3 169050 193.469 9.56022 2 1 1007.35 38.4893 26.1721 4 3 0.0396481 1.95911e-05 12.649 2 
1.23798 -2.79286e-05 -1 0.725873 0.232008 0.000652601 1174.33 106424 3 171037 189.966 9.65618 2 1 854.101 56.03 15.2437 4 3 0.0391665 1.97898e-05 12.5552 2 
1.23863 -2.8024e-05 -1 0.726024 0.231994 0.000652601 1175.07 106413 3 49578.8 139.4 7.08507 2 1 746.524 76.8727 9.71118 4 3 0.0394799 1.99872e-05 12.5471 2 
1.23928 -2.80692e-05 -1 0.726176 0.231964 0.000652601 1175.77 106405 3 103306 79.6473 10.9057 2 1 872.781 26.0214 33.5409 4 3 0.0389322 2.00315e-05 12.4795 2 
1.23994 -2.81078e-05 -1 0.726327 0.231932 0.000652601 1176.41 106403 3 46254.4 137.086 6.96177 2 1 481.895 27.7187 17.3852 4 3 0.0388558 2.00642e-05 12.4646 2 
1.24059 -2.81584e-05 -1 0.726478 0.231898 0.000652601 1177.23 106385 3 79374.5 110.323 8.96064 2 1 947.745 60.6125 15.6361 4 3 0.0385333 1.92888e-05 12.5944 2 
1.24124 -2.82094e-05 -1 0.72663 0.231866 0.000652601 1177.96 106375 3 46855.9 132.139 7.07801 2 1 643.804 20.4962 31.4108 4 3 0.038439 1.83509e-05 12.7949 2 
1.24189 -2.83695e-05 -1 0.726781 0.231821 0.000652601 1178.65 106368 3 116296 199.216 8.35757 2 1 693.789 29.8455 23.246 4 3 0.0380462 1.68626e-05 13.1158 2 
1.24255 -2.83612e-05 -1 0.726933 0.231809 0.000652601 1179.33 106362 3 63567.7 206.488 6.75223 2 1 550.769 27.8022 19.8102 4 3 0.0378371 1.54001e-05 13.4937 2 
1.2432 -2.8371e-05 -1 0.727084 0.231765 0.000652601 1179.95 106361 3 157002 184.507 9.47613 2 1 483.829 35.1852 13.7509 4 3 0.0372696 1.42322e-05 13.7836 2 
1.24385 -2.83594e-05 -1 0.727235 0.231735 0.000652601 1180.56 106362 3 119823 234.753 7.99176 2 1 783.55 41.8607 18.7181 4 3 0.0375584 1.3117e-05 14.2001 2 
1.2445 -2.8361e-05 -1 0.727386 0.231694 0.000652601 1181.16 106364 3 46922.4 93.7514 7.93964 2 1 629.157 40.8105 15.4166 4 3 0.0374731 1.25251e-05 14.4094 2 
1.24516 -2.83329e-05 -1 0.727538 0.231672 0.000652601 1181.76 106365 3 93768.6 120.85 9.18904 2 1 679.47 24.7957 27.4027 4 3 0.0376313 1.2027e-05 14.6262 2 
1.24581 -2.83256e-05 -1 0.727689 0.231631 0.000652601 1182.37 106366 3 134357 104.591 10.8707 2 1 762.852 40.29 18.934 4 3 0.0375288 1.29624e-05 14.2526 2 
1.24646 -2.83352e-05 -1 0.72784 0.231614 0.000652601 1183.2 106346 3 89788.8 207.746 7.56072 2 1 678.928 34.392 19.7409 4 3 0.0376728 1.34084e-05 14.1108 2 
1.24711 -2.83973e-05 -1 0.727991 0.231576 0.000652601 1183.95 106335 3 46342.7 125.132 7.18132 2 1 612.884 38.6408 15.8611 4 3 0.037311 1.41455e-05 13.8168 2 
1.24777 -2.84087e-05 -1 0.728142 0.231546 0.000652601 1184.67 106325 4 164426 31.8366 8.47736 2 1 549.233 37.9602 14.4686 4 3 0.0379165 1.48624e-05 13.6641 2 
1.24842 -2.84256e-05 -1 0.728293 0.231518 0.000652601 1185.35 106319 3 69187.1 176.91 7.31292 2 1 543.301 45.3621 11.977 4 3 0.0394955 3.8107e-05 10.12 2 
1.24907 -2.84352e-05 -1 0.728444 0.231481 0.000652601 1186.07 106310 3 54975.9 141.075 7.30423 2 1 951.687 44.4484 21.4111 4 4 0.037715 2.05386e-05 6.54615 2 
1.24973 -2.84529e-05 -1 0.728594 0.231449 0.000652601 1186.74 106305 3 88567.9 145.956 8.46613 2 1 1038.11 42.522 24.4135 4 4 0.037601 2.16793e-05 6.4534 2 
1.25038 -2.86019e-05 -1 0.728745 0.231414 0.000652601 1187.33 106308 3 60724.2 116.819 8.04049 2 1 637.078 32.7986 19.424 4 3 0.0377169 9.93323e-05 7.24128 2 
1.25103 -2.86428e-05 -1 0.728896 0.231389 0.000652601 1187.97 106306 3 110335 145.593 9.11713 2 1 668.517 22.3866 29.8623 4 3 0.037567 8.6141e-05 7.58343 2 
1.25168 -2.86702e-05 -1 0.729047 0.231347 0.000652601 1188.6 106305 3 160547 198.069 9.32385 2 1 601.308 32.0345 18.7706 4 3 0.0377363 7.32702e-05 8.01575 2 
1.25234 -2.87077e-05 -1 0.729198 0.231299 0.000652601 1189.2 106306 3 67930.6 105.643 8.63126 2 1 734.676 46.5811 15.772 4 3 0.0388443 6.59844e-05 8.381 2 
1.25299 -2.88124e-05 -1 0.729349 0.231289 0.000652601 1189.81 106306 3 52869.3 66.2397 9.27602 2 1 761.572 37.0777 20.5399 4 3 0.03751 6.54446e-05 8.30662 2 
1.25364 -2.8838e-05 -1 0.7295 0.231258 0.000652601 1190.43 106306 3 83151.7 114.281 8.99427 2 1 594.491 18.029 32.9741 4 3 0.0375214 5.74078e-05 8.67833 2 
1.25429 -2.88736e-05 -1 0.729651 0.231224 0.000652601 1191 106310 2 47326.7 162.661 17.0574 2 1 549.07 21.8052 25.1807 4 3 0.0376086 4.97422e-05 9.11005 2 
1.25495 -2.88766e-05 -1 0.729802 0.23119 0.000652601 1191.59 106312 3 46291.5 103.824 7.63954 2 1 546.226 23.1729 23.5718 4 3 0.0374687 4.70204e-05 9.27101 2 
1.2556 -2.88482e-05 -1 0.729953 0.231153 0.000652601 1192.2 106314 3 121116 128.299 9.80978 2 1 1112.96 45.6704 24.3694 4 3 0.0375867 4.68058e-05 9.2949 2 
1.25625 -2.88392e-05 -1 0.730104 0.23114 0.000652601 1192.8 106315 3 139112 174.408 9.27398 2 1 1349.82 26.0297 51.8571 4 3 0.0422868 4.7056e-05 9.65006 2 
1.2569 -2.89275e-05 -1 0.730255 0.231099 0.000652601 1193.45 106312 3 78528.5 141.115 8.22529 2 1 1102.37 37.351 29.5138 4 3 0.0381141 4.31323e-05 9.59609 2 
1.25756 -2.89719e-05 -1 0.730406 0.231074 0.000652601 1194.06 106312 3 98209.7 75.1393 10.9336 2 1 782.571 21.4066 36.5575 4 3 0.037354 3.57332e-05 10.149 2 
1.25821 -2.89151e-05 -1 0.730557 0.231023 0.000652601 1194.68 106312 3 169201 153.371 10.3328 2 1 683.404 37.6858 18.1343 4 3 0.0373271 3.42024e-05 10.2957 2 
1.25886 -2.89387e-05 -1 0.730707 0.230998 0.000652601 1195.26 106315 3 43096.4 114.692 7.21609 2 1 641.017 27.5083 23.3027 4 3 0.0371517 3.36892e-05 10.3315 2 
1.25951 -2.89708e-05 -1 0.730858 0.230965 0.000652601 1195.89 106314 4 103786 38.9155 7.18627 2 1 688.76 27.546 25.004 4 3 0.0372344 3.32993e-05 10.3793 2 
1.26017 -2.89736e-05 -1 0.731009 0.230934 0.000652601 1196.51 106314 3 70791.3 141.382 7.94075 2 1 614.163 21.9295 28.0062 4 3 0.0368686 3.39428e-05 10.2794 2 
1.26082 -2.90318e-05 -1 0.731159 0.230906 0.000652601 1197.1 106316 3 62899 77.0536 9.34581 2 1 613.852 24.0858 25.4861 4 3 0.0368664 3.32768e-05 10.3474 2 
1.26147 -2.90852e-05 -1 0.73131 0.230875 0.000652601 1197.71 106317 3 46394.3 108.889 7.52478 2 1 494.336 25.3298 19.516 4 3 0.0379222 3.07568e-05 10.723 2 
1.26212 -2.90719e-05 -1 0.731461 0.230838 0.000652601 1198.33 106316 3 95569 163.245 8.36551 2 1 935.626 26.704 35.0369 4 3 0.0369873 2.61833e-05 11.2204 2 
1.26278 -2.90378e-05 -1 0.731611 0.230807 0.000652601 1198.97 106314 3 45829.9 124.449 7.16779 2 1 1290.85 38.3992 33.6166 4 3 0.0413765 2.32601e-05 12.1166 2 
1.26343 -2.90054e-05 -1 0.731762 0.23077 0.000652601 1199.6 106313 3 167718 217.029 9.17671 2 1 1098.89 45.0046 24.4173 4 3 0.0379372 2.17999e-05 12.0283 2 
1.26408 -2.88653e-05 -1 0.731912 0.23074 0.000652601 1200.4 106297 3 169725 222.058 9.14309 2 1 664.689 37.2245 17.8562 4 3 0.0358483 2.40605e-05 11.4215 2 
1.26473 -2.89389e-05 -1 0.732062 0.230714 0.000652601 1201.08 106291 3 53424.5 110.928 7.83849 2 1 1130.18 70.2223 16.0943 4 3 0.036551 2.36459e-05 11.5624 2 
1.26539 -2.89792e-05 -1 0.732213 0.230677 0.000652601 1201.98 106266 3 149120 102.074 11.3468 2 1 723.19 33.4709 21.6065 4 3 0.0361149 2.33642e-05 11.5623 2 
1.26604 -2.90074e-05 -1 0.732363 0.230647 0.000652601 1202.73 106254 3 130062 88.5589 11.3668 2 1 760.429 29.4677 25.8055 4 3 0.0354031 2.34951e-05 11.4645 2 
1.26669 -2.90114e-05 -1 0.732514 0.230615 0.000652601 1203.4 106250 3 86986.6 171.364 7.97709 2 1 714.663 36.3062 19.6843 4 3 0.0361609 2.65832e-05 11.0801 2 
1.26735 -2.90435e-05 -1 0.732664 0.230565 0.000652601 1204.16 106237 3 177225 190.155 9.76801 2 1 894.958 37.0337 24.166 4 3 0.0403395 2.97316e-05 11.0706 2 
1.268 -2.91874e-05 -1 0.732815 0.230551 0.000652601 1204.85 106230 4 175726 29.4852 8.78634 2 1 1046.89 45.9034 22.8065 4 3 0.0366986 3.13952e-05 10.534 2 
1.26865 -2.91964e-05 -1 0.732965 0.230518 0.000652601 1205.51 106227 3 48563.2 111.095 7.58936 2 1 865.576 48.8794 17.7084 4 3 0.0368333 3.33224e-05 10.3395 2 
1.2693 -2.92186e-05 -1 0.733116 0.230484 0.000652601 1206.15 106225 3 107318 117.518 9.70189 2 1 583.404 36.9843 15.7744 4 3 0.0372496 3.58305e-05 10.1303 2 
1.26996 -2.92421e-05 -1 0.733266 0.230451 0.000652601 1206.8 106222 3 45584 86.7049 8.07092 2 1 674.484 20.6593 32.648 4 3 0.0381739 3.87189e-05 9.95286 2 
1.27061 -2.93809e-05 -1 0.733417 0.230424 0.000652601 1207.42 106221 3 163636 230.877 8.91593 2 1 591.561 22.2416 26.5971 4 3 0.0375872 3.97394e-05 9.81612 2 
1.27126 -2.94067e-05 -1 0.733567 0.230388 0.000652601 1208.09 106217 3 47042.2 79.4368 8.3976 2 1 724.732 29.3668 24.6786 4 3 0.0384147 3.84287e-05 9.99879 2 
1.27191 -2.93959e-05 -1 0.733717 0.230344 0.000652601 1208.71 106217 3 112506 147.32 9.14053 2 1 759.047 34.0706 22.2787 4 3 0.0371107 3.6927e-05 10.0166 2 
1.27257 -2.93874e-05 -1 0.733868 0.230323 0.000652601 1209.34 106215 3 51308.6 86.522 8.40146 2 1 561.775 20.8235 26.9779 4 3 0.0375463 3.90946e-05 9.8662 2 
1.27322 -2.93899e-05 -1 0.734018 0.230295 0.000652601 1210.03 106209 3 77142.7 113.365 8.79573 2 1 585.444 24.5756 23.8222 4 3 0.0372226 4.03992e-05 9.73071 2 
1.27387 -2.92939e-05 -1 0.734168 0.230249 0.000652601 1210.76 106199 3 47969.1 132.298 7.13076 2 1 539.292 21.9068 24.6175 4 3 0.0370975 4.12759e-05 9.65049 2 
1.27452 -2.92639e-05 -1 0.734318 0.230223 0.000652601 1211.41 106196 4 156539 62.7564 7.0671 2 1 538.381 31.8167 16.9213 4 3 0.0370698 4.04078e-05 9.71669 2 
1.27518 -2.92988e-05 -1 0.734469 0.230191 0.000652601 1212.3 106172 3 96490.5 118.306 9.34314 2 1 699.346 17.0762 40.9546 4 3 0.0369568 4.00268e-05 9.7375 2 
1.27583 -2.932e-05 -1 0.734619 0.230165 0.000652601 1213.12 106154 3 71628.6 127.445 8.25255 2 1 657.974 20.9156 31.4585 4 3 0.0369034 4.14817e-05 9.61767 2 
1.27648 -2.92695e-05 -1 0.734769 0.230123 0.000652601 1213.92 106139 3 137376 130.729 10.1667 2 1 1239.72 25.4128 48.7832 4 3 0.0368096 4.29141e-05 9.50139 2 
1.27713 -2.9287e-05 -1 0.734919 0.230098 0.000652601 1214.67 106127 3 48125.8 200.228 6.21753 2 1 846.783 39.1808 21.6122 4 3 0.0366533 4.36153e-05 9.4368 2 
1.27779 -2.92503e-05 -1 0.735069 0.230069 0.000652601 1215.36 106121 3 47927.1 211.36 6.09798 2 1 756.646 32.4117 23.3448 4 3 0.036341 4.28885e-05 9.46278 2 
1.27844 -2.92893e-05 -1 0.735219 0.23003 0.000652601 1216.13 106107 4 63994.2 91.682 5.14001 2 1 589.896 74.3335 7.93581 4 3 0.0366845 4.02381e-05 9.6965 2 
1.27909 -2.92944e-05 -1 0.735369 0.229991 0.000652601 1216.76 106106 3 46929.6 139.644 6.9525 2 1 552.041 20.0335 27.5559 4 3 0.0416364 3.79959e-05 10.3097 2 
1.27974 -2.92979e-05 -1 0.735519 0.229969 0.000652601 1217.4 106104 3 90074.4 144.987 8.53278 2 1 1086.28 20.7254 52.4132 4 3 0.0382585 3.69038e-05 10.1209 2 
1.2804 -2.92845e-05 -1 0.735669 0.229938 0.000652601 1218.05 106101 3 49463 127.293 7.29724 2 1 663.233 62.6543 10.5856 4 3 0.0370191 3.68597e-05 10.0144 2 
1.28105 -2.93612e-05 -1 0.735819 0.229895 0.000652601 1218.67 106102 3 50108.5 115.352 7.57347 2 1 726.106 45.0689 16.111 4 3 0.036044 3.75452e-05 9.8649 2 
1.2817 -2.94466e-05 -1 0.73597 0.229862 0.000652601 1219.3 106100 3 109447 109.548 9.99692 2 1 603.486 23.6739 25.4916 4 3 0.0364732 3.80246e-05 9.86211 2 
1.28236 -2.94609e-05 -1 0.736119 0.229826 0.000652601 1219.94 106098 3 164857 118.281 11.1703 2 1 623.389 40.9038 15.2404 4 3 0.0356156 3.71787e-05 9.85785 2 
1.28301 -2.9484e-05 -1 0.736269 0.2298 0.000652601 1220.56 106098 3 44213.1 69.5584 8.59806 2 1 685.8 16.3713 41.8905 4 3 0.0389054 3.61558e-05 10.2473 2 
1.28366 -2.95169e-05 -1 0.736419 0.229765 0.000652601 1221.17 106099 3 83832.3 106.324 9.23832 2 1 793.144 36.1155 21.9613 4 3 0.0382887 3.58654e-05 10.2203 2 
1.28431 -2.94424e-05 -1 0.736569 0.229738 0.000652601 1221.83 106095 3 46230.1 94.557 7.8779 2 1 610.795 18.831 32.4356 4 3 0.0366271 3.64658e-05 10.0147 2 
1.28497 -2.93719e-05 -1 0.736719 0.22971 0.000652601 1222.5 106091 3 57229.4 119.536 7.82301 2 1 578.622 22.6732 25.5201 4 3 0.0346668 3.71731e-05 9.77001 2 
1.28562 -2.94164e-05 -1 0.736869 0.229663 0.000652601 1223.12 106091 3 128247 76.8977 11.8589 2 1 528.691 36.9745 14.2988 4 3 0.0365855 3.80678e-05 9.86848 2 
1.28627 -2.94968e-05 -1 0.737019 0.229637 0.000652601 1223.73 106091 3 47545.4 122.296 7.29847 2 1 682.591 31.4412 21.7101 4 3 0.0386184 3.82789e-05 10.0295 2 
1.28692 -2.95374e-05 -1 0.737168 0.229604 0.000652601 1224.45 106082 4 159535 25.5046 8.89323 2 1 1295.48 32.1683 40.2719 4 3 0.0445683 6.82936e-05 8.67392 2 
1.28758 -2.95848e-05 -1 0.737318 0.229572 0.000652601 1225.2 106071 3 101439 88.4083 10.469 2 1 1216.21 39.1302 31.0812 4 4 0.040244 2.64169e-05 6.24748 2 
1.28823 -2.96237e-05 -1 0.737468 0.22953 0.000652601 1225.96 106058 3 47438 113.2 7.48329 2 1 730.607 25.4251 28.7357 4 4 0.0388256 2.51548e-05 6.26793 2 
1.28888 -2.96188e-05 -1 0.737618 0.229506 0.000652601 1226.66 106051 3 173617 140.204 10.7385 2 1 714.101 25.1788 28.3612 4 4 0.0377291 2.23501e-05 6.40987 2 
1.28953 -2.95437e-05 -1 0.737768 0.229471 0.000652601 1227.28 106051 3 74466.2 114.602 8.66142 2 1 702.4 42.194 16.6469 4 3 0.0381993 9.39598e-05 7.40806 2 
1.29019 -2.95678e-05 -1 0.737917 0.22944 0.000652601 1227.91 106050 3 49926.3 117.033 7.52789 2 1 822.539 35.84 22.9503 4 3 0.0383108 8.10518e-05 7.78968 2 
1.29084 -2.95431e-05 -1 0.738067 0.229399 0.000652601 1228.55 106048 3 88507.7 154.628 8.30292 2 1 652.398 26.3426 24.7658 4 3 0.0386258 7.36304e-05 8.06504 2 
1.29149 -2.95363e-05 -1 0.738217 0.229368 0.000652601 1229.22 106044 4 173451 39.4864 8.14109 2 1 1220.89 26.0246 46.9129 4 3 0.0384361 7.18505e-05 8.11776 2 
1.29214 -2.95004e-05 -1 0.738366 0.229335 0.000652601 1229.86 106042 3 89497.6 191.197 7.76444 2 1 1831.89 43.0023 42.5999 4 3 0.0392403 6.20088e-05 8.58538 2 
1.2928 -2.95761e-05 -1 0.738516 0.229306 0.000652601 1230.5 106040 3 92900.9 128.101 8.98439 2 1 921.539 27.7116 33.2546 4 3 0.0421632 5.59946e-05 9.09765 2 
1.29345 -2.95955e-05 -1 0.738666 0.229269 0.000652601 1231.14 106038 3 116215 118.853 9.92546 2 1 1174.98 26.7235 43.968 4 3 0.0398319 5.27086e-05 9.10856 2 
1.2941 -2.96214e-05 -1 0.738815 0.22924 0.000652601 1231.78 106036 3 177238 108.258 11.786 2 1 662.256 25.3344 26.1406 4 3 0.0402867 5.31266e-05 9.11906 2 
1.29475 -2.97658e-05 -1 0.738965 0.229205 0.000652601 1232.4 106036 3 75084.2 160.891 7.75662 2 1 1207.42 28.4839 42.3897 4 3 0.0410651 5.20224e-05 9.24189 2 
1.29541 -2.98463e-05 -1 0.739114 0.229181 0.000652601 1232.99 106038 3 96094.5 157.555 8.48051 2 1 489.759 35.1461 13.935 4 3 0.0414223 4.52333e-05 9.71089 2 
1.29606 -2.9855e-05 -1 0.739264 0.229154 0.000652601 1233.63 106037 3 152120 154.324 9.95217 2 1 586.021 21.21 27.6295 4 3 0.0419927 4.01935e-05 10.147 2 
1.29671 -2.99817e-05 -1 0.739413 0.229114 0.000652601 1234.25 106036 3 131762 212.732 8.52419 2 1 959.42 42.5279 22.5598 4 3 0.0409528 3.78085e-05 10.2699 2 
1.29736 -2.99937e-05 -1 0.739563 0.229068 0.000652601 1234.89 106034 4 183660 61.3784 7.39605 2 1 1025.73 71.9703 14.2521 4 3 0.0412417 3.85904e-05 10.224 2 
1.29802 -2.98778e-05 -1 0.739712 0.229032 0.000652601 1235.49 106036 3 72952 128.403 8.28235 2 1 915.833 43.0769 21.2604 4 3 0.0417043 3.78865e-05 10.3252 2 
1.29867 -2.99168e-05 -1 0.739862 0.229009 0.000652601 1236.18 106029 3 49295.9 106.25 7.74153 2 1 805.979 35.9994 22.3887 4 3 0.0412872 3.84953e-05 10.2361 2 
1.29932 -2.99318e-05 -1 0.740011 0.22897 0.000652601 1236.84 106026 3 54480.2 132.514 7.43577 2 1 633.674 27.0203 23.4518 4 3 0.0410644 3.68843e-05 10.3643 2 
1.29998 -2.99957e-05 -1 0.74016 0.228929 0.000652601 1237.46 106026 3 105596 138.066 9.14508 2 1 631.582 22.9997 27.4604 4 3 0.0402648 3.3115e-05 10.6733 2 
1.30063 -2.99921e-05 -1 0.74031 0.228905 0.000652601 1238.1 106024 4 102605 31.0512 7.58181 2 1 672.278 29.267 22.9706 4 3 0.0401994 2.85932e-05 11.2026 2 
1.30128 -2.99802e-05 -1 0.740459 0.228872 0.000652601 1238.7 106026 3 69167.8 162.532 7.5218 2 1 489.178 19.6174 24.936 4 3 0.0414489 2.63326e-05 11.6325 2 
1.30193 -3.00159e-05 -1 0.740609 0.228839 0.000652601 1239.32 106026 3 10985.6 232.111 3.61724 2 1 1034.61 24.6771 41.9259 4 3 0.039984 2.61122e-05 11.5261 2 
1.30259 -3.00397e-05 -1 0.740758 0.228808 0.000652601 1239.94 106025 3 45453.5 108.941 7.47238 2 1 703.106 48.5299 14.4881 4 3 0.0393462 2.80193e-05 11.1982 2 
1.30324 -3.00467e-05 -1 0.740907 0.228768 0.000652601 1240.58 106024 3 77438.3 103.134 9.08903 2 1 554.848 47.0456 11.7938 4 3 0.0390866 2.68363e-05 11.3354 2 
1.30389 -3.01269e-05 -1 0.741056 0.228744 0.000652601 1241.22 106022 3 46379.8 119.028 7.30398 2 1 580.928 28.4358 20.4295 4 3 0.0387703 2.67531e-05 11.3164 2 
1.30454 -3.01536e-05 -1 0.741206 0.228705 0.000652601 1241.83 106023 3 165933 109.084 11.5007 2 1 538.772 23.0572 23.3668 4 3 0.0384383 2.67462e-05 11.285 2 
1.3052 -3.02296e-05 -1 0.741355 0.228673 0.000652601 1242.7 106001 3 120360 147.826 9.33779 2 1 664.159 28.6571 23.176 4 3 0.0381103 2.54328e-05 11.4433 2 
1.30585 -3.02994e-05 -1 0.741504 0.228648 0.000652601 1243.41 105993 3 71494.3 113.72 8.56665 2 1 742.383 29.4426 25.2146 4 3 0.0377411 2.55717e-05 11.3855 2 
1.3065 -3.04277e-05 -1 0.741653 0.228608 0.000652601 1244.08 105988 3 45649.7 110.203 7.45444 2 1 728.766 33.7529 21.5912 4 3 0.0372321 2.54959e-05 11.3453 2 
1.30715 -3.04397e-05 -1 0.741802 0.228582 0.000652601 1244.8 105980 3 139325 158.193 9.58547 2 1 756.092 41.4948 18.2214 4 3 0.036779 2.4915e-05 11.3862 2 
1.30781 -3.04909e-05 -1 0.741951 0.228545 0.000652601 1245.47 105976 3 48613.5 119.58 7.40796 2 1 747.539 43.0783 17.353 4 3 0.0363309 2.42987e-05 11.4349 2 
1.30846 -3.0483e-05 -1 0.742101 0.22851 0.000652601 1246.12 105973 3 63433 81.8333 9.18604 2 1 645.905 23.4955 27.4906 4 3 0.0372122 2.47142e-05 11.4616 2 
1.30911 -3.05268e-05 -1 0.74225 0.228476 0.000652601 1246.78 105969 3 110335 198.421 8.22322 2 1 613.698 28.7131 21.3734 4 3 0.0388208 2.49126e-05 11.5935 2 
1.30976 -3.05347e-05 -1 0.742399 0.228433 0.000652601 1247.37 105972 3 92451.4 90.7563 10.0619 2 1 544.755 22.5209 24.1888 4 3 0.0435165 2.51188e-05 12.0102 2 
1.31042 -3.0534e-05 -1 0.742548 0.228409 0.000652601 1247.98 105972 2 17688.9 123.167 11.984 2 1 1078.21 28.3776 37.9953 4 3 0.0402084 2.55365e-05 11.6337 2 
1.31107 -3.05625e-05 -1 0.742697 0.228373 0.000652601 1248.62 105971 3 65910.7 150.546 7.59327 2 1 704.101 21.5437 32.6824 4 3 0.038346 2.52435e-05 11.4954 2 
1.31172 -3.0606e-05 -1 0.742846 0.228336 0.000652601 1249.22 105972 3 45301.3 197.714 6.11915 2 1 756.001 24.1699 31.2787 4 3 0.0422474 2.5273e-05 11.8681 2 
1.31237 -3.06065e-05 -1 0.742995 0.228311 0.000652601 1249.86 105970 4 173687 30.2495 8.70486 2 1 630.028 26.3212 23.9361 4 3 0.0415356 2.37266e-05 12.0521 2 
1.31303 -3.06445e-05 -1 0.743144 0.228278 0.000652601 1250.47 105971 3 48508.1 135.551 7.09966 2 1 574.728 21.6705 26.5212 4 3 0.0426336 2.2189e-05 12.4319 2 
1.31368 -3.07422e-05 -1 0.743292 0.228231 0.000652601 1251.06 105974 3 85781.4 96.1371 9.62721 2 1 832.187 35.2335 23.6192 4 3 0.0422726 2.02521e-05 12.78 2 
1.31433 -3.0834e-05 -1 0.743441 0.228209 0.000652601 1251.67 105974 3 46346.1 71.1257 8.66953 2 1 640.888 21.1124 30.356 4 3 0.042867 1.89976e-05 13.1162 2 
1.31499 -3.08754e-05 -1 0.74359 0.228178 0.000652601 1252.32 105971 3 43452.7 117.906 7.16958 2 1 619.869 24.2119 25.6019 4 3 0.0427042 1.8429e-05 13.2329 2 
1.31564 -3.08632e-05 -1 0.743739 0.228134 0.000652601 1252.96 105970 3 53158.1 135.238 7.32527 2 1 610.666 24.8044 24.6193 4 3 0.0430577 1.82058e-05 13.3233 2 
1.31629 -3.08526e-05 -1 0.743888 0.228101 0.000652601 1253.61 105967 3 129352 137.951 9.78776 2 1 555.1 17.8327 31.1282 4 3 0.0428247 1.76493e-05 13.4376 2 
1.31694 -3.09613e-05 -1 0.744037 0.228069 0.000652601 1254.23 105967 3 150063 142.436 10.1754 2 1 765.716 54.4037 14.0747 4 3 0.045977 1.90694e-05 13.4091 2 
1.3176 -3.09078e-05 -1 0.744186 0.228042 0.000652601 1255.03 105951 3 45392.7 124.096 7.1517 2 1 1178.27 37.6291 31.3129 4 3 0.0423472 2.09785e-05 12.6382 2 
1.31825 -3.09218e-05 -1 0.744335 0.228005 0.000652601 1255.74 105944 3 178929 188.651 9.82517 2 1 1092.38 46.3618 23.5621 4 3 0.0422844 2.27951e-05 12.287 2 
1.3189 -3.09888e-05 -1 0.744484 0.227971 0.000652601 1256.42 105938 3 180320 135.556 10.9979 2 1 957.785 42.9083 22.3217 4 3 0.0420538 2.39515e-05 12.064 2 
1.31955 -3.10013e-05 -1 0.744632 0.227937 0.000652601 1257.11 105933 3 41958.6 110.564 7.23996 2 1 1664.29 45.3909 36.6657 4 3 0.0423148 2.36382e-05 12.1421 2 
1.32021 -3.10368e-05 -1 0.744781 0.227906 0.000652601 1257.75 105931 3 70918.6 119.975 8.39248 2 1 889.822 25.5551 34.8198 4 3 0.042919 2.21556e-05 12.4659 2 
1.32086 -3.10708e-05 -1 0.74493 0.227878 0.000652601 1258.42 105926 3 46928.5 115.133 7.41444 2 1 661.511 31.5924 20.9389 4 3 0.0432947 2.18483e-05 12.5605 2 
1.32151 -3.10801e-05 -1 0.745079 0.227842 0.000652601 1259.04 105926 3 44449.5 105.645 7.49328 2 1 666.736 26.5089 25.1514 4 3 0.0434568 2.16696e-05 12.6106 2 
1.32216 -3.11204e-05 -1 0.745227 0.2278 0.000652601 1259.66 105926 3 67876.7 147.016 7.72892 2 1 654.232 30.0657 21.7601 4 3 0.0437798 2.07954e-05 12.8165 2 
1.32282 -3.11731e-05 -1 0.745376 0.227773 0.000652601 1260.27 105927 3 96098.8 141.278 8.79458 2 1 571.365 33.9502 16.8295 4 3 0.0439184 2.07034e-05 12.849 2 
1.32347 -3.1082e-05 -1 0.745524 0.227733 0.000652601 1260.89 105927 3 47326.1 117.613 7.3827 2 1 871.939 32.3524 26.9513 4 3 0.0449835 2.06767e-05 12.9576 2 
1.32412 -3.11539e-05 -1 0.745673 0.227711 0.000652601 1261.65 105915 4 181807 33.3508 8.59263 2 1 1098.78 47.6582 23.0554 4 3 0.0439295 2.08788e-05 12.814 2 
1.32477 -3.11916e-05 -1 0.745821 0.227676 0.000652601 1262.53 105893 3 46324.5 112.645 7.43646 2 1 596.549 46.7109 12.7711 4 3 0.0420442 2.12442e-05 12.5551 2 
1.32543 -3.12051e-05 -1 0.74597 0.227641 0.000652601 1263.37 105874 4 124255 27.56 8.19424 2 1 678.3 38.5254 17.6066 4 3 0.0426714 7.50271e-05 8.28527 2 
1.32608 -3.11889e-05 -1 0.746118 0.227606 0.000652601 1264.24 105854 4 181090 29.894 8.82221 2 1 593.047 42.2028 14.0523 4 4 0.0425987 2.18685e-05 6.64346 2 
1.32673 -3.12058e-05 -1 0.746266 0.22757 0.000652601 1265.06 105837 3 189835 233.978 9.32682 2 1 624.261 31.2483 19.9775 4 4 0.0424434 2.02784e-05 6.76385 2 
1.32738 -3.13109e-05 -1 0.746415 0.227539 0.000652601 1265.69 105836 3 132539 126.412 10.159 2 1 1036.24 35.3669 29.2997 4 3 0.0438608 9.16855e-05 7.82093 2 
1.32804 -3.12775e-05 -1 0.746563 0.227517 0.000652601 1266.31 105836 3 48565.2 124.253 7.31148 2 1 1138.25 44.3766 25.6497 4 3 0.041168 7.88358e-05 8.05278 2 
1.32869 -3.13109e-05 -1 0.746712 0.227465 0.000652601 1266.94 105835 3 59582.7 117.61 7.97185 2 1 770.344 26.3354 29.2513 4 3 0.0439598 6.78188e-05 8.65437 2 
1.32934 -3.1401e-05 -1 0.74686 0.227445 0.000652601 1267.56 105835 3 48789.4 148.569 6.89921 2 1 682.367 19.3105 35.3365 4 3 0.0445305 6.51286e-05 8.80972 2 
1.33 -3.14686e-05 -1 0.747009 0.227403 0.000652601 1268.24 105830 3 48163.6 108.367 7.63145 2 1 665.582 26.8502 24.7887 4 3 0.0441928 6.167e-05 8.94869 2 
1.33065 -3.14616e-05 -1 0.747157 0.227369 0.000652601 1268.86 105830 3 105002 207.791 7.96508 2 1 714.282 17.6877 40.3828 4 3 0.0438385 5.24301e-05 9.42088 2 
1.3313 -3.14421e-05 -1 0.747306 0.227339 0.000652601 1269.46 105831 3 43556.5 64.4811 8.77418 2 1 672.105 28.3082 23.7424 4 3 0.0431966 4.82397e-05 9.63862 2 
1.33195 -3.14732e-05 -1 0.747454 0.227308 0.000652601 1270.1 105830 3 47385.4 122.516 7.2859 2 1 906.933 43.836 20.6892 4 3 0.0433893 4.67562e-05 9.75396 2 
1.33261 -3.14881e-05 -1 0.747602 0.227271 0.000652601 1270.86 105818 3 47743.4 136.774 7.04104 2 1 1018.39 24.6583 41.3 4 3 0.0415765 4.69999e-05 9.59954 2 
1.33326 -3.15283e-05 -1 0.747751 0.227238 0.000652601 1271.71 105798 3 51993.9 131.515 7.33937 2 1 568.987 30.0392 18.9415 4 3 0.0455517 4.55967e-05 9.99671 2 
1.33391 -3.15101e-05 -1 0.747899 0.227201 0.000652601 1272.47 105787 3 74659.6 76.2575 9.92966 2 1 797.712 24.5506 32.4926 4 3 0.0462284 3.79348e-05 10.6813 2 
1.33456 -3.14581e-05 -1 0.748048 0.227168 0.000652601 1273.32 105768 2 11659.8 80.6555 12.0234 2 1 1536.5 41.1738 37.3175 4 3 0.0457245 3.50591e-05 10.9257 2 
1.33522 -3.14352e-05 -1 0.748196 0.227128 0.000652601 1274.01 105762 3 167650 182.906 9.71386 2 1 555.86 30.1206 18.4545 4 3 0.0465946 3.28823e-05 11.232 2 
1.33587 -3.13028e-05 -1 0.748344 0.227086 0.000652601 1274.79 105749 3 120687 122.865 9.94057 2 1 802.091 62.9978 12.732 4 3 0.0463071 3.38365e-05 11.1025 2 
1.33652 -3.13033e-05 -1 0.748492 0.227066 0.000652601 1275.54 105738 3 68493.8 126.211 8.15677 2 1 962.546 49.4005 19.4845 4 3 0.0469762 3.34748e-05 11.1958 2 
1.33717 -3.13045e-05 -1 0.74864 0.227028 0.000652601 1276.35 105722 3 47949.3 131.777 7.13918 2 1 982.642 37.478 26.2192 4 3 0.0465493 3.39684e-05 11.1074 2 
1.33783 -3.12768e-05 -1 0.748788 0.226996 0.000652601 1277.14 105709 3 141194 143.895 9.93703 2 1 637.991 36.2488 17.6003 4 3 0.0467659 3.18497e-05 11.366 2 
1.33848 -3.13354e-05 -1 0.748936 0.226972 0.000652601 1277.88 105698 3 64211.3 90.9975 8.90282 2 1 1220.54 46.8407 26.0572 4 3 0.0464148 2.7941e-05 11.8433 2 
1.33913 -3.13741e-05 -1 0.749084 0.226923 0.000652601 1278.6 105690 3 47036.8 136.167 7.01652 2 1 874.472 37.6451 23.2294 4 3 0.0463454 2.44895e-05 12.3692 2 
1.33978 -3.13668e-05 -1 0.749232 0.226894 0.000652601 1279.28 105685 3 61602.6 126.138 7.875 2 1 633.538 24.7969 25.5491 4 3 0.0459686 2.22206e-05 12.7419 2 
1.34044 -3.13115e-05 -1 0.74938 0.226862 0.000652601 1279.97 105679 3 90842.8 123.855 9.01832 2 1 1146.81 22.0771 51.9457 4 3 0.0458605 2.38483e-05 12.4354 2 
1.34109 -3.13456e-05 -1 0.749528 0.226836 0.000652601 1280.63 105676 4 71791 57.548 5.94306 2 1 723.645 33.9474 21.3167 4 3 0.0453609 2.41816e-05 12.3329 2 
1.34174 -3.13784e-05 -1 0.749676 0.226806 0.000652601 1281.31 105671 3 49382.3 146.833 6.95424 2 1 720.898 25.416 28.3639 4 3 0.044893 2.34251e-05 12.4213 2 
1.34239 -3.14385e-05 -1 0.749824 0.226762 0.000652601 1281.97 105667 4 179658 46.8831 7.86788 2 1 760.854 27.3857 27.7829 4 3 0.0445496 2.37721e-05 12.3289 2 
1.34305 -3.14899e-05 -1 0.749972 0.22673 0.000652601 1282.6 105667 4 185094 45.1562 8.00145 2 1 623.817 28.8491 21.6235 4 3 0.0439034 2.31369e-05 12.3803 2 
1.3437 -3.14294e-05 -1 0.75012 0.226686 0.000652601 1283.22 105667 3 46538 146.783 6.81885 2 1 660.969 25.9405 25.4802 4 3 0.0437243 2.19967e-05 12.5735 2 
1.34435 -3.14151e-05 -1 0.750268 0.226659 0.000652601 1283.89 105663 3 83637.2 142.772 8.3673 2 1 667.913 32.22 20.7298 4 3 0.0437227 1.80427e-05 13.4318 2 
1.345 -3.14234e-05 -1 0.750415 0.226623 0.000652601 1284.53 105661 3 45807.8 100.114 7.70575 2 1 601.2 39.2539 15.3157 4 3 0.0435596 1.54376e-05 14.1308 2 
1.34566 -3.14279e-05 -1 0.750563 0.226598 0.000652601 1285.15 105661 3 103010 228.511 7.66756 2 1 578.836 51.6728 11.202 4 3 0.0437219 1.49516e-05 14.3001 2 
1.34631 -3.14128e-05 -1 0.750711 0.226565 0.000652601 1285.76 105662 3 45081.4 180.871 6.29327 2 1 577.037 42.0714 13.7157 4 3 0.048839 1.68414e-05 14.2603 2 
1.34696 -3.13792e-05 -1 0.750859 0.226516 0.000652601 1286.36 105663 3 129132 126.288 10.0745 2 1 950.923 36.2113 26.2604 4 3 0.0511236 1.76924e-05 14.2433 2 
1.34762 -3.14135e-05 -1 0.751007 0.226482 0.000652601 1286.98 105664 3 150463 194.863 9.17416 2 1 1321.22 36.6607 36.0391 4 3 0.0502855 2.07627e-05 13.4293 2 
1.34827 -3.13691e-05 -1 0.751155 0.226461 0.000652601 1287.63 105661 3 105425 106.184 9.97612 2 1 724.481 40.3509 17.9546 4 3 0.0512598 2.39696e-05 12.8836 2 
1.34892 -3.13791e-05 -1 0.751303 0.226424 0.000652601 1288.26 105660 3 183594 147.198 10.7643 2 1 796.363 33.3377 23.8877 4 3 0.0511748 2.58925e-05 12.5495 2 
1.34957 -3.13284e-05 -1 0.751451 0.226382 0.000652601 1288.89 105659 3 46143.1 126.569 7.14376 2 1 863.125 39.4497 21.8791 4 3 0.0516066 2.5662e-05 12.6223 2 
1.35023 -3.13277e-05 -1 0.751599 0.226354 0.000652601 1289.57 105655 3 72851.2 59.8489 10.6773 2 1 851.972 58.2602 14.6236 4 3 0.0508997 2.30669e-05 13.0189 2 
1.35088 -3.13702e-05 -1 0.751746 0.226321 0.000652601 1290.22 105652 3 56340.6 136.765 7.44073 2 1 1097.09 25.1906 43.5517 4 3 0.0512716 1.99538e-05 13.6967 2 
1.35153 -3.13641e-05 -1 0.751894 0.226298 0.000652601 1290.89 105649 3 72496.5 138.752 8.05426 2 1 1792.6 35.9166 49.91 4 3 0.0508326 1.67898e-05 14.4666 2 
1.35218 -3.14669e-05 -1 0.752041 0.226249 0.000652601 1291.53 105647 3 111844 203.311 8.19377 2 1 756.087 39.5683 19.1084 4 3 0.0505921 1.65924e-05 14.5008 2 
1.35284 -3.1525e-05 -1 0.752189 0.226222 0.000652601 1292.19 105643 3 47627.3 140.927 6.96553 2 1 714.249 53.5442 13.3394 4 3 0.0503159 1.74236e-05 14.2404 2 
1.35349 -3.15226e-05 -1 0.752336 0.226197 0.000652601 1293.04 105625 3 188214 206.251 9.69956 2 1 1237.68 52.8348 23.4254 4 3 0.0509201 1.74653e-05 14.2858 2 
1.35414 -3.16101e-05 -1 0.752484 0.226153 0.000652601 1293.75 105617 3 122007 135.168 9.66429 2 1 934.676 52.2681 17.8823 4 3 0.050072 1.6706e-05 14.4181 2 
1.35479 -3.17249e-05 -1 0.752631 0.226127 0.000652601 1294.56 105602 4 46789.1 117.226 4.46972 2 1 804.426 46.8852 17.1574 4 3 0.0499211 1.61572e-05 14.5649 2 
1.35545 -3.17395e-05 -1 0.752779 0.226087 0.000652601 1295.28 105594 4 195452 59.2164 7.57966 2 1 703.717 46.3211 15.1921 4 3 0.049533 1.54432e-05 14.7475 2 
1.3561 -3.16371e-05 -1 0.752926 0.226055 0.000652601 1296.19 105570 3 69885.9 200.552 7.037 2 1 630.027 32.9372 19.1281 4 3 0.0494563 1.51831e-05 14.8236 2 
1.35675 -3.17365e-05 -1 0.753074 0.226022 0.000652601 1296.95 105559 3 160885 143.582 10.3866 2 1 708.272 61.3621 11.5425 4 3 0.0493416 1.51127e-05 14.8351 2 
1.3574 -3.18341e-05 -1 0.753221 0.225986 0.000652601 1297.73 105546 4 138990 61.0393 6.90785 2 1 930.132 38.7232 24.02 4 3 0.0489693 1.52728e-05 14.7458 2 
1.35806 -3.17629e-05 -1 0.753369 0.22595 0.000652601 1298.53 105531 3 49027.4 67.4893 8.98948 2 1 949.475 47.0538 20.1785 4 3 0.048143 1.5603e-05 14.5582 2 
1.35871 -3.17613e-05 -1 0.753516 0.225918 0.000652601 1299.17 105530 3 54507.9 115.346 7.78908 2 1 798.262 33.0659 24.1415 4 3 0.0479881 1.54751e-05 14.5825 2 
1.35936 -3.18091e-05 -1 0.753664 0.225886 0.000652601 1299.83 105526 3 30225 28.936 10.1463 2 1 704.658 55.3817 12.7237 4 3 0.0474263 1.54714e-05 14.5266 2 
1.36001 -3.18456e-05 -1 0.753811 0.225867 0.000652601 1300.45 105527 3 47429.1 116.311 7.41551 2 1 682.897 18.135 37.6564 4 3 0.0470256 1.53219e-05 14.5325 2 
1.36067 -3.19541e-05 -1 0.753958 0.22581 0.000652601 1301.08 105526 3 110197 116.543 9.81509 2 1 661.237 44.1319 14.9832 4 3 0.0465053 1.44955e-05 14.7488 2 
1.36132 -3.20492e-05 -1 0.754106 0.225788 0.000652601 1301.69 105527 3 80664.6 142.171 8.2786 2 1 764.571 29.0089 26.3564 4 3 0.046216 1.35915e-05 15.0375 2 
1.36197 -3.20497e-05 -1 0.754253 0.225749 0.000652601 1302.34 105525 3 44930.5 112.9 7.35555 2 1 552.628 29.3502 18.8288 4 3 0.0453636 1.52395e-05 14.3851 2 
1.36263 -3.20835e-05 -1 0.754401 0.225714 0.000652601 1303.02 105520 3 46554.3 107.51 7.5655 2 1 1081.37 43.4086 24.9114 4 3 0.0452629 1.37088e-05 14.8907 2 
1.36328 -3.21039e-05 -1 0.754548 0.225683 0.000652601 1303.7 105515 4 122324 69.18 6.48459 2 1 778.923 21.2234 36.7011 4 3 0.0443969 2.46136e-05 12.1729 2 
1.36393 -3.21686e-05 -1 0.754695 0.225659 0.000652601 1304.37 105511 3 77137.3 118.665 8.66259 2 1 641.168 33.7015 19.0249 4 3 0.0436662 8.7964e-05 7.91796 2 
1.36458 -3.22486e-05 -1 0.754843 0.22561 0.000652601 1305.07 105505 3 43589.1 97.5945 7.64394 2 1 665.064 48.6851 13.6605 4 4 0.0439167 2.63872e-05 6.38718 2 
1.36524 -3.22589e-05 -1 0.75499 0.225575 0.000652601 1305.8 105496 4 185369 42.1713 8.14245 2 1 583.852 35.9222 16.2532 4 4 0.043723 2.40633e-05 6.52888 2 
1.36589 -3.22451e-05 -1 0.755137 0.225553 0.000652601 1306.51 105489 3 126950 131.267 9.88916 2 1 677.46 22.8319 29.6716 4 4 0.0434214 2.16226e-05 6.69421 2 
1.36654 -3.22506e-05 -1 0.755284 0.225506 0.000652601 1307.1 105491 3 70870.9 116.133 8.48212 2 1 687.456 28.6907 23.961 4 3 0.043406 9.06455e-05 7.8235 2 
1.36719 -3.22875e-05 -1 0.755431 0.225477 0.000652601 1307.71 105492 3 65952.4 180.075 7.15471 2 1 718.887 38.3191 18.7606 4 3 0.043131 7.78778e-05 8.21218 2 
1.36785 -3.24242e-05 -1 0.755578 0.225442 0.000652601 1308.31 105494 3 147726 82.092 12.1633 2 1 835.434 33.6183 24.8506 4 3 0.0429807 7.3239e-05 8.37228 2 
1.3685 -3.24822e-05 -1 0.755725 0.225411 0.000652601 1308.93 105494 3 66172.7 118.335 8.23864 2 1 731.653 30.0243 24.3687 4 3 0.0426787 6.94831e-05 8.50049 2 
1.36915 -3.24682e-05 -1 0.755872 0.225381 0.000652601 1309.54 105495 3 46242.4 87.6328 8.08087 2 1 711.135 22.9777 30.949 4 3 0.0426568 5.98324e-05 8.93341 2 
1.3698 -3.24728e-05 -1 0.756019 0.225349 0.000652601 1310.16 105495 3 46674.9 110.432 7.50463 2 1 652.521 30.6151 21.3137 4 3 0.0473386 5.52391e-05 9.49853 2 
1.37046 -3.25361e-05 -1 0.756166 0.225305 0.000652601 1310.85 105489 3 95121.1 100.614 9.81461 2 1 1189.32 35.5256 33.4779 4 3 0.0439017 5.25041e-05 9.42098 2 
1.37111 -3.26488e-05 -1 0.756313 0.225269 0.000652601 1311.44 105492 3 47754.6 138.512 7.01202 2 1 770.196 31.9926 24.0742 4 3 0.0419249 5.27832e-05 9.26102 2 
1.37176 -3.26623e-05 -1 0.75646 0.225231 0.000652601 1312.06 105492 3 55397.6 116.619 7.80262 2 1 747.598 22.7756 32.8245 4 3 0.0417502 5.11554e-05 9.34521 2 
1.37241 -3.27207e-05 -1 0.756607 0.225207 0.000652601 1312.68 105492 3 181982 219.4 9.39572 2 1 806.979 23.9527 33.6905 4 3 0.0414312 4.29653e-05 9.87954 2 
1.37307 -3.27433e-05 -1 0.756754 0.225171 0.000652601 1313.28 105494 3 114075 178.262 8.61741 2 1 1012.51 43.2377 23.4174 4 3 0.0412973 3.96478e-05 10.1368 2 
1.37372 -3.25959e-05 -1 0.756901 0.225134 0.000652601 1313.89 105495 3 64810.6 120.392 8.13485 2 1 877.94 49.13 17.8697 4 3 0.0430812 3.73195e-05 10.4902 2 
1.37437 -3.25871e-05 -1 0.757048 0.225106 0.000652601 1314.48 105498 3 87551.3 137.534 8.60236 2 1 968.244 52.7124 18.3684 4 3 0.0423596 3.81286e-05 10.357 2 
1.37502 -3.25998e-05 -1 0.757195 0.225081 0.000652601 1315.06 105501 3 45707.7 81.5214 8.24592 2 1 643.243 27.904 23.052 4 3 0.0414229 3.80585e-05 10.2864 2 
1.37568 -3.2654e-05 -1 0.757342 0.225039 0.000652601 1315.68 105500 3 44968.3 136.059 6.91394 2 1 594.869 29.622 20.082 4 3 0.0410661 3.86527e-05 10.2039 2 
1.37633 -3.26689e-05 -1 0.757489 0.224997 0.000652601 1316.31 105500 3 53397.5 137.756 7.29128 2 1 600.66 33.608 17.8725 4 3 0.0432992 3.90523e-05 10.3501 2 
1.37698 -3.26411e-05 -1 0.757635 0.224968 0.000652601 1316.9 105502 3 135267 126.144 10.2355 2 1 596.311 21.4517 27.7978 4 3 0.0501083 4.0188e-05 10.7631 2 
1.37763 -3.2691e-05 -1 0.757782 0.224935 0.000652601 1317.55 105500 3 155639 129.196 10.6404 2 1 1263.06 27.2736 46.3107 4 3 0.0457782 4.15495e-05 10.3284 2 
1.37829 -3.2695e-05 -1 0.757929 0.224916 0.000652601 1318.27 105492 3 188924 161.225 10.5427 2 1 802.432 31.2103 25.7105 4 3 0.0435928 4.01956e-05 10.2741 2 
1.37894 -3.27677e-05 -1 0.758076 0.224863 0.000652601 1318.95 105487 3 104503 100.505 10.1309 2 1 1084.13 33.3892 32.4694 4 3 0.0422717 3.81676e-05 10.3463 2 
1.37959 -3.26669e-05 -1 0.758223 0.224828 0.000652601 1319.67 105480 4 188523 32.688 8.71453 2 1 814.892 23.7442 34.3196 4 3 0.0410469 3.64004e-05 10.4086 2 
1.38025 -3.26427e-05 -1 0.758369 0.224804 0.000652601 1320.3 105479 3 62472.4 172.633 7.12615 2 1 759.251 32.9608 23.035 4 3 0.0412191 3.55895e-05 10.5017 2 
1.3809 -3.26807e-05 -1 0.758516 0.224767 0.000652601 1320.97 105475 4 179354 43.4851 8.01387 2 1 771.8 25.3401 30.4577 4 3 0.0423054 3.58525e-05 10.5672 2 
1.38155 -3.27045e-05 -1 0.758663 0.224725 0.000652601 1321.64 105471 3 47555.9 181.529 6.39861 2 1 737.26 27.9944 26.336 4 3 0.0435124 3.73238e-05 10.5247 2 
1.3822 -3.27233e-05 -1 0.758809 0.224696 0.000652601 1322.31 105467 4 194469 26.9528 9.21641 2 1 731.281 26.4533 27.6443 4 3 0.0488809 3.84897e-05 10.8292 2 
1.38286 -3.27556e-05 -1 0.758955 0.224664 0.000652601 1322.91 105469 3 68243.2 116.662 8.36328 2 1 1607.83 28.3576 56.6984 4 3 0.0446085 3.77585e-05 10.5714 2 
1.38351 -3.27761e-05 -1 0.759102 0.224625 0.000652601 1323.52 105470 3 197625 198.339 9.988 2 1 1984.74 35.6485 55.6751 4 3 0.0439386 3.74165e-05 10.5502 2 
1.38416 -3.27228e-05 -1 0.759248 0.22459 0.000652601 1324.14 105470 3 46520.5 124.698 7.19883 2 1 854.055 47.2644 18.0697 4 3 0.0444046 3.56427e-05 10.7602 2 
1.38481 -3.27645e-05 -1 0.759395 0.224561 0.000652601 1324.73 105473 3 121414 111.028 10.3026 2 1 1420.01 51.2185 27.7244 4 3 0.0498715 3.60317e-05 11.1444 2 
1.38547 -3.27828e-05 -1 0.759541 0.224529 0.000652601 1325.32 105475 3 46825.1 116.244 7.38533 2 1 1033.99 27.864 37.1086 4 3 0.0477921 3.63388e-05 10.9562 2 
1.38612 -3.2816e-05 -1 0.759687 0.224488 0.000652601 1325.92 105477 3 58927.2 113.011 8.04881 2 1 815.329 28.5313 28.5767 4 3 0.0478483 3.79565e-05 10.8026 2 
1.38677 -3.29041e-05 -1 0.759834 0.224452 0.000652601 1326.65 105469 3 165834 114.386 11.3179 2 1 652.595 34.4619 18.9367 4 3 0.0474733 3.85626e-05 10.7175 2 
1.38742 -3.30039e-05 -1 0.75998 0.224415 0.000652601 1327.37 105460 3 60942 122.129 7.93169 2 1 764.66 34.5289 22.1455 4 3 0.0469637 3.93985e-05 10.603 2 
1.38808 -3.30936e-05 -1 0.760127 0.224386 0.000652601 1328.13 105449 3 138357 134.346 10.0986 2 1 1005.48 28.8673 34.831 4 3 0.0462723 3.81229e-05 10.6671 2 
1.38873 -3.31213e-05 -1 0.760273 0.224352 0.000652601 1328.84 105442 3 141181 208.568 8.78031 2 1 1727.79 30.4372 56.7656 4 3 0.0455947 3.7221e-05 10.6998 2 
1.38938 -3.33031e-05 -1 0.76042 0.224326 0.000652601 1329.57 105434 3 44107.8 117.878 7.206 2 1 831.858 43.7967 18.9936 4 3 0.0447713 3.43373e-05 10.9247 2 
1.39003 -3.34033e-05 -1 0.760566 0.224289 0.000652601 1330.31 105424 3 46891.2 129.093 7.13505 2 1 692.088 38.3333 18.0545 4 3 0.0452177 3.20992e-05 11.21 2 
1.39069 -3.34312e-05 -1 0.760713 0.224252 0.000652601 1331.01 105418 3 47956.2 121.085 7.34375 2 1 697.264 26.361 26.4506 4 3 0.0447711 3.02876e-05 11.3914 2 
1.39134 -3.34117e-05 -1 0.760859 0.224215 0.000652601 1331.82 105403 3 109447 187.433 8.35832 2 1 796.027 18.5567 42.8969 4 3 0.0444734 2.9853e-05 11.421 2 
1.39199 -3.33534e-05 -1 0.761006 0.224187 0.000652601 1332.73 105381 4 75955.8 36.9104 6.73524 2 1 601.792 27.671 21.7481 4 3 0.0474571 3.03486e-05 11.607 2 
1.39264 -3.33747e-05 -1 0.761152 0.224152 0.000652601 1333.53 105366 3 45644.3 111.967 7.41479 2 1 1172.94 50.753 23.1107 4 3 0.043724 3.12442e-05 11.1854 2 
1.3933 -3.34145e-05 -1 0.761299 0.224121 0.000652601 1334.34 105352 3 87645.4 148.379 8.39046 2 1 1177.19 45.2186 26.0333 4 3 0.0430817 3.1597e-05 11.0887 2 
1.39395 -3.34941e-05 -1 0.761445 0.224086 0.000652601 1335.02 105347 3 103400 203.601 7.97837 2 1 598.733 61.1008 9.7991 4 3 0.0425808 3.17534e-05 11.0274 2 
1.3946 -3.35937e-05 -1 0.761591 0.224049 0.000652601 1335.81 105334 4 182146 79.8118 6.91175 2 1 859.117 25.8843 33.1906 4 3 0.0421428 3.18037e-05 10.9837 2 
1.39526 -3.34466e-05 -1 0.761737 0.224003 0.000652601 1336.63 105318 3 44569.9 88.0268 7.97031 2 1 722.122 33.9366 21.2786 4 3 0.0412388 3.1935e-05 10.8896 2 
1.39591 -3.33727e-05 -1 0.761883 0.223984 0.000652601 1337.39 105307 3 84469.6 168.838 7.93859 2 1 783.439 32.1156 24.3943 4 3 0.0408577 3.09447e-05 10.9706 2 
1.39656 -3.33965e-05 -1 0.762029 0.22395 0.000652601 1338.09 105301 3 126443 127.162 9.98112 2 1 719.532 34.5605 20.8195 4 3 0.0403802 3.16593e-05 10.8448 2 
1.39721 -3.34641e-05 -1 0.762175 0.223911 0.000652601 1338.79 105295 3 70158.5 121.99 8.31608 2 1 753.123 22.7489 33.106 4 3 0.0402214 3.13162e-05 10.87 2 
1.39787 -3.3467e-05 -1 0.762321 0.22388 0.000652601 1339.43 105294 3 152774 150.522 10.0496 2 1 1010.63 34.9889 28.8843 4 3 0.0411579 3.18103e-05 10.8967 2 
1.39852 -3.34839e-05 -1 0.762467 0.223838 0.000652601 1340.03 105295 3 111617 152.378 9.0144 2 1 1176.44 39.1746 30.0307 4 3 0.0460151 3.26151e-05 11.2157 2 
1.39917 -3.35627e-05 -1 0.762613 0.22381 0.000652601 1340.63 105297 3 65593.1 128.546 7.99097 2 1 826.389 43.2233 19.119 4 3 0.0472264 3.37988e-05 11.1796 2 
1.39982 -3.36282e-05 -1 0.762759 0.223775 0.000652601 1341.26 105297 3 42773.1 55.8102 9.15137 2 1 921.041 31.0434 29.6695 4 3 0.0463155 3.35735e-05 11.1321 2 
1.40048 -3.36509e-05 -1 0.762905 0.223745 0.000652601 1341.88 105296 3 62724.4 130.316 7.83693 2 1 799.088 36.0735 22.1517 4 3 0.0475163 3.24865e-05 11.3513 2 
1.40113 -3.36604e-05 -1 0.763051 0.22371 0.000652601 1342.52 105295 3 94811.8 117.025 9.32241 2 1 777.94 35.7389 21.7673 4 3 0.0474542 3.13149e-05 11.4861 2 
1.40178 -3.36655e-05 -1 0.763197 0.223666 0.000652601 1343.12 105297 3 187320 148.317 10.8093 2 1 785.133 40.5518 19.3612 4 3 0.0478783 2.96936e-05 11.7262 2 
1.40243 -3.36017e-05 -1 0.763343 0.223638 0.000652601 1343.76 105296 3 45392.9 133.347 6.98235 2 1 1231.85 42.4532 29.0165 4 3 0.0480156 5.96734e-05 9.30109 2 
1.40309 -3.36352e-05 -1 0.763488 0.223598 0.000652601 1344.42 105293 3 119766 184.882 8.65259 2 1 882.768 42.8616 20.5958 4 4 0.0478557 2.18797e-05 6.83869 2 
1.40374 -3.36766e-05 -1 0.763634 0.223567 0.000652601 1345.13 105286 3 48788.5 127.646 7.25722 2 1 620.329 46.3398 13.3865 4 4 0.0475028 2.04251e-05 6.94447 2 
1.40439 -3.35972e-05 -1 0.76378 0.223532 0.000652601 1345.75 105286 4 191328 32.2329 8.77748 2 1 956.9 31.4671 30.4096 4 3 0.0473468 9.22034e-05 8.00782 2 
1.40504 -3.35314e-05 -1 0.763926 0.223508 0.000652601 1346.38 105286 3 87285 119.325 9.01023 2 1 635.133 24.7328 25.6798 4 3 0.0477908 8.00355e-05 8.42081 2 
1.4057 -3.34631e-05 -1 0.764072 0.223477 0.000652601 1346.99 105287 3 42533.4 97.2544 7.59056 2 1 1071.17 16.5169 64.8532 4 3 0.0503304 6.81203e-05 9.04034 2 
1.40635 -3.34519e-05 -1 0.764218 0.223435 0.000652601 1347.56 105290 2 11519.6 59.0555 13.9665 2 1 1409.03 23.4672 60.0427 4 3 0.0488693 6.47765e-05 9.10346 2 
1.407 -3.34459e-05 -1 0.764364 0.223404 0.000652601 1348.26 105285 3 194692 165.994 10.5459 2 1 617.027 20.3893 30.2623 4 3 0.0493089 6.2366e-05 9.24682 2 
1.40765 -3.33418e-05 -1 0.76451 0.223366 0.000652601 1348.94 105280 4 159446 35.6064 8.18034 2 1 772.124 35.4017 21.8104 4 3 0.0492685 5.31239e-05 9.75199 2 
1.40831 -3.33974e-05 -1 0.764656 0.223337 0.000652601 1349.56 105280 3 80833.6 100.187 9.3095 2 1 872.953 62.7518 13.9112 4 3 0.0500228 4.85016e-05 10.1035 2 
1.40896 -3.34722e-05 -1 0.764802 0.223306 0.000652601 1350.19 105280 3 46783.3 125.547 7.19606 2 1 846.272 22.3484 37.8673 4 3 0.0496152 4.65726e-05 10.2132 2 
1.40961 -3.35545e-05 -1 0.764947 0.223261 0.000652601 1350.83 105279 3 104356 92.9237 10.3943 2 1 814.672 30.819 26.434 4 3 0.0477923 4.70377e-05 10.0532 2 
1.41026 -3.35802e-05 -1 0.765093 0.223228 0.000652601 1351.49 105275 4 201214 50.63 7.93985 2 1 836.023 33.8746 24.6799 4 3 0.0484377 4.56404e-05 10.2003 2 
1.41092 -3.34954e-05 -1 0.765239 0.223196 0.000652601 1352.1 105276 3 75813.8 159.99 7.79624 2 1 804.799 26.0055 30.9473 4 3 0.0490729 3.91288e-05 10.784 2 
1.41157 -3.35642e-05 -1 0.765384 0.223161 0.000652601 1352.74 105275 3 46539 131.563 7.0723 2 1 1245.04 41.0288 30.3455 4 3 0.0478412 3.49601e-05 11.1022 2 
1.41222 -3.35585e-05 -1 0.76553 0.223129 0.000652601 1353.4 105272 3 40071.3 113.746 7.06262 2 1 671.426 24.8502 27.0189 4 3 0.0475573 3.31117e-05 11.2827 2 
1.41288 -3.35678e-05 -1 0.765675 0.22308 0.000652601 1354.04 105271 3 71024.3 142.573 7.92727 2 1 597.956 28.3739 21.0742 4 3 0.0469283 3.42029e-05 11.112 2 
1.41353 -3.35804e-05 -1 0.765821 0.223054 0.000652601 1354.65 105272 3 68243.5 85.7618 9.26664 2 1 1178.97 21.574 54.6476 4 3 0.04723 3.30381e-05 11.2651 2 
1.41418 -3.36339e-05 -1 0.765966 0.22302 0.000652601 1355.25 105274 3 99779 74.8769 11.0043 2 1 918.411 23.0334 39.873 4 3 0.0467144 3.40737e-05 11.1091 2 
1.41483 -3.36293e-05 -1 0.766111 0.223003 0.000652601 1355.87 105274 3 126711 162.057 9.21258 2 1 595.037 34.2256 17.3857 4 3 0.0461899 3.20864e-05 11.2913 2 
1.41549 -3.37316e-05 -1 0.766257 0.222961 0.000652601 1356.47 105275 3 62609.1 107.527 8.35039 2 1 671.934 25.9825 25.861 4 3 0.0451344 2.85547e-05 11.6487 2 
1.41614 -3.37576e-05 -1 0.766402 0.22292 0.000652601 1357.07 105277 3 175782 183.797 9.85248 2 1 795.069 35.6412 22.3076 4 3 0.0443709 2.45088e-05 12.1878 2 
1.41679 -3.38403e-05 -1 0.766548 0.222889 0.000652601 1357.7 105276 4 58974.6 29.7243 6.67403 2 1 1078.96 47.1593 22.879 4 3 0.0514715 2.27459e-05 13.1287 2 
1.41744 -3.38403e-05 -1 0.766693 0.222852 0.000652601 1358.33 105276 3 46253 112.726 7.43085 2 1 1494.02 52.185 28.6293 4 3 0.052633 2.36982e-05 13.0471 2 
1.4181 -3.3913e-05 -1 0.766839 0.222818 0.000652601 1358.96 105276 3 142872 192.91 9.04754 2 1 840.329 34.0353 24.6899 4 3 0.0523267 2.42877e-05 12.9155 2 
1.41875 -3.37963e-05 -1 0.766984 0.222789 0.000652601 1359.54 105279 3 89253.7 113.382 9.23339 2 1 948.2 37.0689 25.5794 4 3 0.0531886 2.34084e-05 13.1467 2 
1.4194 -3.37957e-05 -1 0.767129 0.222765 0.000652601 1360.16 105279 3 46776.4 111.458 7.48695 2 1 2088.48 58.7116 35.5719 4 3 0.0530616 2.39275e-05 13.0405 2 
1.42005 -3.38372e-05 -1 0.767275 0.222731 0.000652601 1360.75 105281 3 55896.1 109.264 7.99776 2 1 721.247 25.5458 28.2335 4 3 0.0534552 2.34208e-05 13.1663 2 
1.42071 -3.39505e-05 -1 0.76742 0.222692 0.000652601 1361.38 105281 3 43520.4 107.748 7.39199 2 1 692.418 32.8054 21.1068 4 3 0.053313 2.1718e-05 13.4898 2 
1.42136 -3.39796e-05 -1 0.767566 0.222648 0.000652601 1361.99 105282 3 115563 131.966 9.56724 2 1 1584.21 42.4906 37.2839 4 3 0.0536619 2.1578e-05 13.5483 2 
1.42201 -3.39677e-05 -1 0.767711 0.222614 0.000652601 1362.6 105283 3 84875.2 100.071 9.4658 2 1 1206.3 35.965 33.541 4 3 0.054413 2.1597e-05 13.6072 2 
1.42266 -3.39271e-05 -1 0.767856 0.222591 0.000652601 1363.29 105278 3 45799.2 126.762 7.12234 2 1 771.023 49.1576 15.6847 4 3 0.0560805 2.27175e-05 13.515 2 
1.42332 -3.40053e-05 -1 0.768002 0.222547 0.000652601 1364.06 105266 3 46298.8 63.7624 8.98811 2 1 798.594 39.6348 20.1488 4 3 0.0558749 2.39966e-05 13.2543 2 
1.42397 -3.40768e-05 -1 0.768147 0.222512 0.000652601 1364.77 105259 3 186669 136.794 11.0918 2 1 643.371 21.2766 30.2384 4 3 0.0574541 2.44249e-05 13.2993 2 
1.42462 -3.4091e-05 -1 0.768292 0.222487 0.000652601 1365.47 105254 3 48995.9 105.455 7.74518 2 1 1010.04 25.5582 39.5192 4 3 0.0569825 2.38393e-05 13.3706 2 
1.42527 -3.41497e-05 -1 0.768437 0.222446 0.000652601 1366.09 105254 3 76974.6 149.324 8.01812 2 1 865.838 20.824 41.5789 4 3 0.0579277 2.31727e-05 13.5718 2 
1.42593 -3.41789e-05 -1 0.768582 0.222416 0.000652601 1366.74 105252 4 199348 48.208 8.01906 2 1 767.368 26.4862 28.9723 4 3 0.0574528 2.3499e-05 13.4716 2 
1.42658 -3.42002e-05 -1 0.768727 0.222382 0.000652601 1367.34 105253 3 131307 140.104 9.78616 2 1 679.975 23.449 28.998 4 3 0.0577975 2.28038e-05 13.6343 2 
1.42723 -3.41772e-05 -1 0.768872 0.222345 0.000652601 1367.96 105253 3 102887 112.429 9.7087 2 1 761.807 26.0031 29.2968 4 3 0.0570951 2.28615e-05 13.5674 2 
1.42789 -3.42196e-05 -1 0.769017 0.222314 0.000652601 1368.56 105256 3 155976 142.815 10.2982 2 1 1270.59 41.13 30.892 4 3 0.0576176 2.30329e-05 13.5749 2 
1.42854 -3.42772e-05 -1 0.769162 0.222289 0.000652601 1369.22 105252 3 53238.2 151.797 7.05213 2 1 980.888 33.2827 29.4714 4 3 0.057002 2.3386e-05 13.4579 2 
1.42919 -3.43304e-05 -1 0.769307 0.222256 0.000652601 1369.83 105254 3 45642.5 120.203 7.24133 2 1 1357.67 25.7739 52.6762 4 3 0.0571543 2.37577e-05 13.3993 2 
1.42984 -3.43335e-05 -1 0.769452 0.222205 0.000652601 1370.46 105253 3 66089.3 76.738 9.51423 2 1 884.495 28.8309 30.6787 4 3 0.0566141 2.33402e-05 13.4361 2 
1.4305 -3.43294e-05 -1 0.769597 0.222173 0.000652601 1371.09 105253 4 193992 24.2443 9.45787 2 1 804.632 27.4926 29.2673 4 3 0.056702 2.2914e-05 13.5259 2 
1.43115 -3.43218e-05 -1 0.769742 0.222143 0.000652601 1371.69 105254 3 63368 95.6645 8.71712 2 1 1120.51 26.5965 42.1299 4 3 0.0561962 2.20157e-05 13.6665 2 
1.4318 -3.43261e-05 -1 0.769887 0.222115 0.000652601 1372.3 105255 3 95084.8 215.03 7.61852 2 1 840.479 22.7606 36.9269 4 3 0.0562202 2.0728e-05 13.9459 2 
1.43245 -3.43549e-05 -1 0.770032 0.222097 0.000652601 1372.92 105255 3 65236.9 171.633 7.24376 2 1 1287.02 70.3103 18.3049 4 3 0.0557689 1.89261e-05 14.3365 2 
1.43311 -3.44062e-05 -1 0.770177 0.222057 0.000652601 1373.55 105255 3 55502.2 207.733 6.44073 2 1 898.684 27.8611 32.2558 4 3 0.0557307 1.7552e-05 14.6979 2 
1.43376 -3.44092e-05 -1 0.770322 0.222017 0.000652601 1374.17 105254 3 119108 209.096 8.28956 2 1 741.567 24.789 29.9152 4 3 0.0550424 1.64726e-05 14.9501 2 
1.43441 -3.43285e-05 -1 0.770467 0.221981 0.000652601 1374.82 105252 3 49463.9 134.727 7.16053 2 1 821.749 47.8712 17.1658 4 3 0.0548972 1.57015e-05 15.1776 2 
1.43506 -3.43949e-05 -1 0.770612 0.221936 0.000652601 1375.43 105254 3 200980 163.649 10.7089 2 1 1447.39 57.0251 25.3817 4 3 0.0543813 1.86155e-05 14.2953 2 
1.43572 -3.44833e-05 -1 0.770756 0.221901 0.000652601 1376.11 105249 3 199699 194.639 10.0859 2 1 777.132 31.1186 24.9732 4 3 0.0539823 2.30182e-05 13.286 2 
1.43637 -3.46133e-05 -1 0.770901 0.221871 0.000652601 1376.74 105249 3 46157.8 104.748 7.60969 2 1 922.29 38.0506 24.2385 4 3 0.0537664 2.3534e-05 13.1706 2 
1.43702 -3.45917e-05 -1 0.771046 0.22184 0.000652601 1377.35 105250 3 166812 155.916 10.2277 2 1 755.832 30.1264 25.0886 4 3 0.0532337 2.21049e-05 13.4039 2 
1.43767 -3.44746e-05 -1 0.771191 0.221805 0.000652601 1378.01 105247 4 207163 34.4794 8.80416 2 1 846.11 33.8781 24.9751 4 3 0.0525559 2.00995e-05 13.7767 2 
1.43833 -3.44631e-05 -1 0.771336 0.221781 0.000652601 1378.6 105249 3 53457.1 108.945 7.88737 2 1 1030.83 45.6532 22.5796 4 3 0.0522666 1.85447e-05 14.1254 2 
1.43898 -3.46673e-05 -1 0.77148 0.221745 0.000652601 1379.24 105248 3 81744.6 124.948 8.68113 2 1 810.08 37.7922 21.4351 4 3 0.0526098 1.85558e-05 14.1534 2 
1.43963 -3.4776e-05 -1 0.771625 0.221695 0.000652601 1379.91 105245 3 109724 124.333 9.59191 2 1 748.391 31.9966 23.3897 4 3 0.0534509 2.07147e-05 13.7159 2 
1.44028 -3.47424e-05 -1 0.77177 0.221665 0.000652601 1380.51 105246 2 8763.91 46.0178 13.8002 2 1 853.98 22.2032 38.462 4 3 0.0528949 2.16788e-05 13.4625 2 
1.44094 -3.47537e-05 -1 0.771914 0.221646 0.000652601 1381.11 105247 3 43312.7 95.2918 7.6887 2 1 760.668 36.1516 21.0411 4 3 0.0520625 4.26488e-05 10.6874 2 
1.44159 -3.47651e-05 -1 0.772059 0.221593 0.000652601 1381.81 105242 3 76882 124.795 8.50895 2 1 757.666 33.131 22.8688 4 4 0.0509894 2.3747e-05 6.80719 2 
1.44224 -3.48107e-05 -1 0.772203 0.221568 0.000652601 1382.46 105240 3 44246.3 130.279 6.97698 2 1 1830.81 43.5658 42.0241 4 4 0.0500249 2.51356e-05 6.6792 2 
1.44289 -3.48321e-05 -1 0.772348 0.221533 0.000652601 1383.1 105238 2 8821.69 38.1137 15.2137 2 1 857.603 28.2481 30.3597 4 4 0.0487743 2.29904e-05 6.78674 2 
1.44355 -3.48366e-05 -1 0.772492 0.221497 0.000652601 1383.72 105239 3 44705.6 110.434 7.39753 2 1 795.597 18.4049 43.2274 4 3 0.0472718 9.68552e-05 7.87335 2 
1.4442 -3.48467e-05 -1 0.772637 0.221465 0.000652601 1384.38 105236 4 195279 31.1703 8.89669 2 1 935.646 21.3984 43.7251 4 3 0.0466141 8.33887e-05 8.23765 2 
1.44485 -3.4913e-05 -1 0.772781 0.221433 0.000652601 1385.01 105235 3 99731.2 148.274 8.76171 2 1 704.382 21.1946 33.234 4 3 0.0464161 7.43564e-05 8.54641 2 
1.44551 -3.48997e-05 -1 0.772925 0.221405 0.000652601 1385.66 105234 3 181894 130.46 11.1715 2 1 633.615 36.0498 17.5761 4 3 0.0462523 7.2358e-05 8.61421 2 
1.44616 -3.49053e-05 -1 0.77307 0.221369 0.000652601 1386.25 105236 3 94290.6 230.199 7.42657 2 1 896.171 51.2579 17.4835 4 3 0.0461712 6.40377e-05 8.96696 2 
1.44681 -3.50432e-05 -1 0.773214 0.221326 0.000652601 1386.89 105235 4 108063 36.1649 7.39345 2 1 909.809 28.7285 31.6692 4 3 0.0456734 5.68489e-05 9.29638 2 
1.44746 -3.50713e-05 -1 0.773359 0.22129 0.000652601 1387.51 105235 3 61422.2 126.314 7.86366 2 1 1278.08 35.724 35.7765 4 3 0.0455665 5.23727e-05 9.54656 2 
1.44812 -3.51625e-05 -1 0.773503 0.221245 0.000652601 1388.13 105235 3 146324 126.009 10.5108 2 1 788.882 24.154 32.6605 4 3 0.0450771 5.21776e-05 9.5241 2 
1.44877 -3.52448e-05 -1 0.773647 0.221223 0.000652601 1388.74 105236 3 91067.4 127.41 8.94101 2 1 788.613 31.544 25.0004 4 3 0.0444252 5.25699e-05 9.45433 2 
1.44942 -3.53054e-05 -1 0.773792 0.22119 0.000652601 1389.35 105237 3 89750.7 137.567 8.67311 2 1 803.42 26.2522 30.6039 4 3 0.0448849 4.71075e-05 9.84019 2 
1.45007 -3.52165e-05 -1 0.773936 0.221158 0.000652601 1389.97 105237 3 116124 152.67 9.1283 2 1 728.652 21.1356 34.4751 4 3 0.0464973 4.05928e-05 10.4631 2 
1.45073 -3.52566e-05 -1 0.774081 0.22113 0.000652601 1390.61 105235 3 38450.9 69.0317 8.22784 2 1 648.211 30.9808 20.923 4 3 0.0516809 3.82975e-05 11.0506 2 
1.45138 -3.54001e-05 -1 0.774225 0.221089 0.000652601 1391.25 105234 4 180841 50.4278 7.7385 2 1 1246.53 35.4907 35.1227 4 3 0.0472355 3.81629e-05 10.7368 2 
1.45203 -3.54008e-05 -1 0.77437 0.221053 0.000652601 1391.87 105235 3 114405 177.193 8.64304 2 1 901.524 18.6698 48.2879 4 3 0.0447016 3.78927e-05 10.5663 2 
1.45268 -3.54417e-05 -1 0.774514 0.221018 0.000652601 1392.64 105223 4 193466 54.4195 7.72169 2 1 786.453 36.2768 21.6792 4 3 0.0420727 3.813e-05 10.3334 2 
1.45334 -3.53498e-05 -1 0.774658 0.220981 0.000652601 1393.34 105218 3 47237.3 134.083 7.06269 2 1 917.201 44.2125 20.7453 4 3 0.042143 3.75949e-05 10.388 2 
1.45399 -3.53286e-05 -1 0.774802 0.220938 0.000652601 1394.04 105212 3 44069.4 107.502 7.4286 2 1 776.858 45.0704 17.2366 4 3 0.0453124 3.39353e-05 11.0117 2 
1.45464 -3.53053e-05 -1 0.774947 0.22092 0.000652601 1394.71 105208 3 45308.5 109.053 7.46186 2 1 746.41 33.9578 21.9805 4 3 0.0444359 2.93998e-05 11.4762 2 
1.45529 -3.53172e-05 -1 0.775091 0.220874 0.000652601 1395.34 105208 3 81219.5 133.07 8.48255 2 1 707.425 26.2222 26.9781 4 3 0.0431522 2.69331e-05 11.7014 2 
1.45595 -3.54345e-05 -1 0.775235 0.220844 0.000652601 1396.07 105200 3 78112.9 98.0133 9.27141 2 1 684.815 30.6708 22.3279 4 3 0.0479245 2.5445e-05 12.3496 2 
1.4566 -3.54229e-05 -1 0.775379 0.220815 0.000652601 1396.69 105200 3 134931 112.228 10.6333 2 1 1163.57 26.0389 44.6859 4 3 0.0487219 2.83225e-05 11.982 2 
1.45725 -3.53393e-05 -1 0.775523 0.220783 0.000652601 1397.31 105200 4 126617 49.6105 7.10771 2 1 693.094 29.6969 23.3389 4 3 0.0539417 2.68588e-05 12.6167 2 
1.4579 -3.53343e-05 -1 0.775667 0.220754 0.000652601 1397.92 105201 3 156361 160.941 9.90423 2 1 1399.82 33.7367 41.4925 4 3 0.0502804 2.7226e-05 12.2689 2 
1.45856 -3.53306e-05 -1 0.775811 0.220706 0.000652601 1398.52 105202 3 201833 124.317 11.7531 2 1 1220.96 40.5567 30.1051 4 3 0.0483668 2.70217e-05 12.1417 2 
1.45921 -3.53557e-05 -1 0.775955 0.220687 0.000652601 1399.15 105203 4 203455 45.9312 8.15812 2 1 1939.1 64.9158 29.871 4 3 0.0483888 2.57331e-05 12.3429 2 
1.45986 -3.53052e-05 -1 0.776098 0.220655 0.000652601 1399.76 105203 3 41409.8 47.2851 9.56738 2 1 1141.34 39.5576 28.8527 4 3 0.0481919 2.24784e-05 12.8945 2 
1.46052 -3.52922e-05 -1 0.776242 0.220616 0.000652601 1400.37 105204 3 79162 212.223 7.19849 2 1 931.249 35.592 26.1646 4 3 0.0496413 1.90091e-05 13.7708 2 
1.46117 -3.53064e-05 -1 0.776386 0.220595 0.000652601 1400.97 105206 3 46248.8 108.801 7.51894 2 1 808.98 37.5657 21.5351 4 3 0.0504593 1.74343e-05 14.251 2 
1.46182 -3.53393e-05 -1 0.77653 0.220542 0.000652601 1401.63 105203 3 45200.1 68.737 8.69594 2 1 809.203 28.5521 28.3413 4 3 0.051428 1.76117e-05 14.2933 2 
1.46247 -3.5337e-05 -1 0.776674 0.220523 0.000652601 1402.25 105203 3 206130 175.918 10.5425 2 1 846.085 28.6608 29.5207 4 3 0.0528386 1.9423e-05 13.9598 2 
1.46313 -3.52181e-05 -1 0.776818 0.220476 0.000652601 1402.86 105205 3 45493.6 123.338 7.17162 2 1 1053.22 51.0714 20.6225 4 3 0.052351 1.9055e-05 14.0057 2 
1.46378 -3.52036e-05 -1 0.776961 0.220444 0.000652601 1403.5 105203 4 210074 24.4807 9.62469 2 1 964.141 47.2469 20.4064 4 3 0.0510367 1.85611e-05 14.0096 2 
1.46443 -3.52246e-05 -1 0.777105 0.220419 0.000652601 1404.12 105204 3 59007.2 143.438 7.43726 2 1 679.88 23.3137 29.1622 4 3 0.0513151 2.05658e-05 13.5633 2 
1.46508 -3.52282e-05 -1 0.777249 0.220376 0.000652601 1404.73 105204 3 51945.8 132.757 7.31416 2 1 592.578 17.2345 34.3833 4 3 0.0562257 2.25262e-05 13.5649 2 
1.46574 -3.51949e-05 -1 0.777393 0.220337 0.000652601 1405.36 105204 3 75471.5 128.729 8.36955 2 1 1091.99 18.2285 59.9058 4 3 0.0537406 2.13361e-05 13.606 2 
1.46639 -3.51462e-05 -1 0.777537 0.22032 0.000652601 1405.99 105203 3 172783 163.054 10.1951 2 1 681.119 21.5011 31.6783 4 3 0.053447 2.03534e-05 13.7963 2 
1.46704 -3.49141e-05 -1 0.777681 0.22027 0.000652601 1406.61 105203 3 145734 115.957 10.7916 2 1 720.491 28.9222 24.9114 4 3 0.0530025 1.93446e-05 13.993 2 
1.46769 -3.48787e-05 -1 0.777825 0.220247 0.000652601 1407.21 105206 3 49506 141.994 7.03822 2 1 827.272 55.4807 14.911 4 3 0.052579 1.81666e-05 14.251 2 
1.46835 -3.49053e-05 -1 0.777969 0.220205 0.000652601 1407.83 105206 3 44252.1 126.681 7.04273 2 1 945.628 26.9029 35.1497 4 3 0.0513035 1.64867e-05 14.5995 2 
1.469 -3.4954e-05 -1 0.778112 0.220177 0.000652601 1408.44 105207 3 36735.7 93.3526 7.32803 2 1 887.114 28.976 30.6155 4 3 0.0504011 1.46138e-05 15.1086 2 
1.46965 -3.49635e-05 -1 0.778256 0.220146 0.000652601 1409.05 105207 3 83139.9 111.1 9.07887 2 1 796.722 25.8361 30.8376 4 3 0.0492262 1.41188e-05 15.1635 2 
1.4703 -3.50283e-05 -1 0.7784 0.220109 0.000652601 1409.68 105207 3 108567 92.2132 10.5593 2 1 789.204 34.3285 22.9898 4 3 0.0485848 1.32873e-05 15.4059 2 
1.47096 -3.50503e-05 -1 0.778543 0.220083 0.000652601 1410.32 105206 3 44952.8 141.733 6.81965 2 1 827.9 27.087 30.5645 4 3 0.048014 1.29556e-05 15.4752 2 
1.47161 -3.51242e-05 -1 0.778687 0.220037 0.000652601 1410.93 105206 3 45314.8 125.829 7.11464 2 1 736.74 49.153 14.9887 4 3 0.0506111 1.35602e-05 15.5117 2 
1.47226 -3.51663e-05 -1 0.77883 0.220002 0.000652601 1411.55 105207 3 74185.3 205.539 7.1199 2 1 1200.56 28.9129 41.5232 4 3 0.0473649 1.28145e-05 15.4615 2 
1.47291 -3.51501e-05 -1 0.778974 0.219971 0.000652601 1412.16 105208 3 74312.4 106.459 8.87074 2 1 881.097 26.4173 33.353 4 3 0.04669 1.27731e-05 15.4043 2 
1.47357 -3.519e-05 -1 0.779117 0.219942 0.000652601 1412.74 105211 3 143373 178.147 9.30171 2 1 728.85 20.0491 36.3533 4 3 0.0475746 1.28931e-05 15.4528 2 
1.47422 -3.52387e-05 -1 0.779261 0.219901 0.000652601 1413.34 105212 3 191050 172.3 10.3503 2 1 778.908 28.3684 27.4569 4 3 0.0537571 1.36412e-05 15.7953 2 
1.47487 -3.51963e-05 -1 0.779404 0.219874 0.000652601 1413.98 105211 4 71331.1 74.8397 5.55631 2 1 972.055 23.6265 41.1425 4 3 0.0556406 1.77531e-05 14.6343 2 
1.47552 -3.52512e-05 -1 0.779547 0.219834 0.000652601 1414.56 105215 3 129063 131.705 9.93269 2 1 925.01 29.0171 31.8781 4 3 0.0552012 1.85083e-05 14.3944 2 
1.47618 -3.52751e-05 -1 0.779691 0.219813 0.000652601 1415.14 105218 3 46443.3 77.7201 8.42293 2 1 917.994 32.4942 28.251 4 3 0.0561474 1.83647e-05 14.5138 2 
1.47683 -3.53255e-05 -1 0.779834 0.219772 0.000652601 1415.69 105223 3 65986 89.6223 9.02981 2 1 881.384 39.5674 22.2755 4 3 0.0558785 1.72416e-05 14.7986 2 
1.47748 -3.54778e-05 -1 0.779977 0.21974 0.000652601 1416.27 105227 4 154034 63.8916 7.00718 2 1 786.029 34.083 23.0622 4 3 0.0563983 1.74411e-05 14.7876 2 
1.47814 -3.54026e-05 -1 0.780121 0.219665 0.000652601 1416.82 105232 3 48378.7 115.662 7.4786 2 1 806.825 31.3606 25.7273 4 3 0.0560231 1.8195e-05 14.5481 2 
1.47879 -3.5415e-05 -1 0.780264 0.219685 0.000652601 1417.41 105234 3 71375.4 118.205 8.45223 2 1 941.1 31.9999 29.4095 4 3 0.0561582 1.97541e-05 14.1662 2 
1.47944 -3.54878e-05 -1 0.780407 0.21964 0.000652601 1417.98 105238 3 95929.5 104.908 9.70616 2 1 961.975 41.9463 22.9335 4 3 0.0556038 2.15733e-05 13.7108 2 
1.48009 -3.5504e-05 -1 0.780551 0.219613 0.000652601 1418.54 105243 3 54471.1 109.203 7.93067 2 1 872.934 38.1043 22.9091 4 3 0.055041 6.18551e-05 9.61842 2 
1.48075 -3.55317e-05 -1 0.780694 0.219564 0.000652601 1419.17 105242 3 205180 214.078 9.85948 2 1 850.181 33.5233 25.3609 4 4 0.0541991 2.15624e-05 7.08066 2 
1.4814 -3.56853e-05 -1 0.780837 0.219531 0.000652601 1419.79 105242 3 194357 192.994 10.0235 2 1 1548.71 52.1207 29.7139 4 4 0.0544182 2.00455e-05 7.21825 2 
1.48205 -3.58332e-05 -1 0.780981 0.219491 0.000652601 1420.41 105243 3 119380 83.1202 11.2826 2 1 1159.65 59.4893 19.4935 4 3 0.0544667 9.0788e-05 8.43401 2 
1.4827 -3.59248e-05 -1 0.781124 0.21947 0.000652601 1420.97 105247 3 45202.2 120.579 7.21046 2 1 1133.74 25.929 43.7246 4 3 0.0550621 7.81863e-05 8.89694 2 
1.48336 -3.59621e-05 -1 0.781267 0.219436 0.000652601 1421.55 105250 3 87119.7 88.3688 9.95266 2 1 773.76 30.9447 25.0046 4 3 0.0594004 6.74492e-05 9.58527 2 
1.48401 -3.59237e-05 -1 0.781411 0.219394 0.000652601 1422.14 105253 3 46724.8 152.547 6.74084 2 1 767.935 23.5449 32.6158 4 3 0.0614572 6.40458e-05 9.86341 2 
1.48466 -3.59567e-05 -1 0.781554 0.219381 0.000652601 1422.91 105242 3 46487.8 75.3362 8.51357 2 1 656.281 24.8741 26.3842 4 3 0.0614001 6.12887e-05 10.0061 2 
1.48531 -3.59636e-05 -1 0.781697 0.219334 0.000652601 1423.6 105237 3 46182 129.35 7.09417 2 1 695.666 26.6721 26.0822 4 3 0.0630545 5.30961e-05 10.5897 2 
1.48597 -3.59785e-05 -1 0.78184 0.219303 0.000652601 1424.31 105230 4 207591 37.2345 8.64104 2 1 1577.54 55.1857 28.5861 4 3 0.0626813 4.76915e-05 10.9538 2 
1.48662 -3.59864e-05 -1 0.781983 0.21926 0.000652601 1424.96 105228 3 166654 124.508 11.0206 2 1 696.171 26.189 26.5825 4 3 0.0632582 4.62178e-05 11.1029 2 
1.48727 -3.5918e-05 -1 0.782126 0.219229 0.000652601 1425.55 105231 3 35340 80.2868 7.60689 2 1 758.807 29.0749 26.0983 4 3 0.0626317 4.62692e-05 11.062 2 
1.48792 -3.58874e-05 -1 0.782269 0.219199 0.000652601 1426.16 105232 4 213089 37.2405 8.69734 2 1 953.066 25.5953 37.2359 4 3 0.0629256 4.56015e-05 11.1331 2 
1.48858 -3.59064e-05 -1 0.782412 0.219165 0.000652601 1426.74 105235 3 41947.1 107.129 7.31586 2 1 883.088 25.3462 34.8411 4 3 0.0622713 3.84643e-05 11.742 2 
1.48923 -3.59111e-05 -1 0.782555 0.219134 0.000652601 1427.32 105238 3 212051 160.058 10.983 2 1 911.43 23.8646 38.1917 4 3 0.0622054 3.47566e-05 12.1413 2 
1.48988 -3.59834e-05 -1 0.782698 0.219089 0.000652601 1427.91 105241 3 45647.6 101.633 7.65821 2 1 1133.65 25.2711 44.8594 4 3 0.0615577 3.28357e-05 12.3304 2 
1.49053 -3.59507e-05 -1 0.782841 0.219102 0.000652601 1428.48 105245 3 44976.5 134.196 6.94622 2 1 1465.39 26.5777 55.1359 4 3 0.0613881 3.40686e-05 12.1687 2 
1.49119 -3.58416e-05 -1 0.782984 0.219062 0.000652601 1429.04 105249 3 44070.5 115.802 7.24675 2 1 766.08 27.6763 27.68 4 3 0.0604749 3.49998e-05 11.9997 2 
1.49184 -3.57852e-05 -1 0.783127 0.219021 0.000652601 1429.61 105253 3 66409.8 129.938 7.99524 2 1 766.61 25.1787 30.4468 4 3 0.0599404 3.35347e-05 12.136 2 
1.49249 -3.57513e-05 -1 0.78327 0.218959 0.000652601 1430.17 105257 3 44887.5 103.882 7.56012 2 1 956.971 32.5017 29.4438 4 3 0.0591423 3.21627e-05 12.2513 2 
1.49315 -3.57264e-05 -1 0.783412 0.218953 0.000652601 1430.73 105262 3 96263.2 103.821 9.75121 2 1 2266.28 68.5292 33.0702 4 3 0.0584455 3.1958e-05 12.229 2 
1.4938 -3.5707e-05 -1 0.783555 0.218912 0.000652601 1431.28 105268 3 126752 167.244 9.11734 2 1 699.549 30.9942 22.5703 4 3 0.0575744 3.10056e-05 12.2913 2 
1.49445 -3.56622e-05 -1 0.783698 0.218873 0.000652601 1431.85 105271 3 45073.2 124.07 7.13538 2 1 852.178 48.7554 17.4786 4 3 0.056713 3.13154e-05 12.1892 2 
1.4951 -3.5615e-05 -1 0.783841 0.218835 0.000652601 1432.42 105275 3 182919 152.497 10.6251 2 1 2140.02 53.1688 40.2495 4 3 0.055868 2.96081e-05 12.3571 2 
1.49576 -3.56367e-05 -1 0.783984 0.218794 0.000652601 1432.99 105279 3 54842.5 106.674 8.01098 2 1 708.44 23.486 30.1643 4 3 0.0548548 2.78025e-05 12.5423 2 
1.49641 -3.56151e-05 -1 0.784127 0.21876 0.000652601 1433.6 105280 3 47247 133.652 7.07076 2 1 970.688 34.9366 27.7842 4 3 0.0538669 2.62228e-05 12.712 2 
1.49706 -3.56282e-05 -1 0.784269 0.218715 0.000652601 1434.18 105283 3 146082 124.609 10.5443 2 1 885.124 23.2674 38.0413 4 3 0.0528249 2.50201e-05 12.8287 2 
1.49771 -3.55871e-05 -1 0.784412 0.218703 0.000652601 1434.76 105286 4 206952 100.104 6.74302 2 1 1752.19 56.8539 30.8192 4 3 0.051638 2.53971e-05 12.6686 2 
1.49837 -3.54357e-05 -1 0.784555 0.21866 0.000652601 1435.34 105290 3 46755 105.132 7.63304 2 1 975.092 41.1849 23.6759 4 3 0.0505268 2.63729e-05 12.42 2 
1.49902 -3.54482e-05 -1 0.784698 0.218641 0.000652601 1435.9 105294 3 43801.6 115.513 7.23802 2 1 865.628 31.2979 27.6577 4 3 0.0503477 2.71784e-05 12.2815 2 
1.49967 -3.54934e-05 -1 0.78484 0.218606 0.000652601 1436.45 105299 3 44321.3 96.1483 7.72486 2 1 767.744 28.6016 26.8427 4 3 0.0500351 2.81211e-05 12.1175 2 
1.50032 -3.55157e-05 -1 0.784983 0.21856 0.000652601 1437.03 105302 3 113071 74.0096 11.5174 2 1 725.346 46.0565 15.7491 4 3 0.0530334 2.81646e-05 12.3485 2 
1.50098 -3.5475e-05 -1 0.785125 0.218526 0.000652601 1437.61 105306 3 63801.1 182.627 7.04294 2 1 1416.37 48.5425 29.1778 4 3 0.049332 2.86392e-05 11.9873 2 
1.50163 -3.54696e-05 -1 0.785268 0.218489 0.000652601 1438.2 105308 3 52792.7 123.285 7.53739 2 1 809.26 26.5177 30.5177 4 3 0.0490084 2.69887e-05 12.2001 2 
1.50228 -3.54651e-05 -1 0.785411 0.218466 0.000652601 1438.79 105310 3 44772.1 67.351 8.72746 2 1 854.537 26.4797 32.2714 4 3 0.0485318 2.69105e-05 12.1722 2 
1.50293 -3.54803e-05 -1 0.785553 0.218428 0.000652601 1439.37 105313 3 191906 228.77 9.43112 2 1 712.526 14.1929 50.2029 4 3 0.0477945 2.70858e-05 12.084 2 
1.50359 -3.5416e-05 -1 0.785696 0.218389 0.000652601 1439.96 105316 3 76715.8 135.752 8.2676 2 1 859.953 24.5667 35.0048 4 3 0.0473998 2.6936e-05 12.073 2 
1.50424 -3.53925e-05 -1 0.785838 0.218345 0.000652601 1440.54 105319 3 99756.6 223.45 7.64283 2 1 995.827 36.0714 27.6071 4 3 0.0463414 2.76884e-05 11.8729 2 
1.50489 -3.53486e-05 -1 0.785981 0.218328 0.000652601 1441.11 105322 2 10929.2 41.8378 16.1626 2 1 804.597 27.3775 29.389 4 3 0.0457015 2.83313e-05 11.7279 2 
1.50554 -3.53616e-05 -1 0.786123 0.2183 0.000652601 1441.72 105324 4 192165 45.9784 8.04045 2 1 784.868 20.1824 38.8888 4 3 0.0458194 2.91686e-05 11.6246 2 
1.5062 -3.53074e-05 -1 0.786265 0.218249 0.000652601 1442.31 105326 3 70077.7 87.8013 9.27597 2 1 767.184 26.0468 29.454 4 3 0.0482246 2.98681e-05 11.7315 2 
1.50685 -3.53228e-05 -1 0.786408 0.218222 0.000652601 1442.91 105327 3 158069 174.369 9.67815 2 1 824.716 29.3482 28.1011 4 3 0.0561965 2.92261e-05 12.435 2 
1.5075 -3.52768e-05 -1 0.78655 0.218194 0.000652601 1443.49 105331 3 44903.4 73.008 8.50425 2 1 1595.89 28.3054 56.3811 4 3 0.052194 2.85625e-05 12.2257 2 
1.50815 -3.53171e-05 -1 0.786692 0.218165 0.000652601 1444.17 105326 3 65370.2 98.8633 8.71194 2 1 1047.1 26.9564 38.8441 4 3 0.0500421 2.72593e-05 12.2445 2 
1.50881 -3.53764e-05 -1 0.786835 0.218137 0.000652601 1444.79 105327 4 203170 72.8009 7.26826 2 1 896.443 26.2859 34.1036 4 3 0.0504732 2.72673e-05 12.2783 2 
1.50946 -3.53334e-05 -1 0.786977 0.218099 0.000652601 1445.38 105329 3 62529.7 120.039 8.04615 2 1 1007.57 28.9982 34.7458 4 3 0.049625 2.63158e-05 12.3546 2 
1.51011 -3.5389e-05 -1 0.787119 0.218057 0.000652601 1446 105329 4 97066.5 100.056 5.58093 2 1 905.225 31.3605 28.8651 4 3 0.0499283 2.33519e-05 12.8827 2 
1.51077 -3.53418e-05 -1 0.787261 0.218015 0.000652601 1446.6 105330 4 211185 50.7535 8.03155 2 1 828.767 33.5463 24.7052 4 3 0.0495112 2.24686e-05 13.013 2 
1.51142 -3.53615e-05 -1 0.787404 0.217995 0.000652601 1447.17 105334 3 54737.4 212.33 6.3644 2 1 1505.92 31.0043 48.5712 4 3 0.0502025 2.24846e-05 13.0701 2 
1.51207 -3.54297e-05 -1 0.787546 0.21795 0.000652601 1447.76 105337 3 123421 112.896 10.3016 2 1 710.11 54.6038 13.0048 4 3 0.0513336 2.27345e-05 13.1191 2 
1.51272 -3.54632e-05 -1 0.787688 0.217953 0.000652601 1448.34 105339 3 211054 176.554 10.613 2 1 1078.74 29.0155 37.1781 4 3 0.057259 2.36567e-05 13.4265 2 
1.51338 -3.55532e-05 -1 0.787831 0.217895 0.000652601 1448.94 105341 4 134070 38.3714 7.68831 2 1 1610.86 44.2437 36.4088 4 3 0.053202 2.41002e-05 13.0207 2 
1.51403 -3.55423e-05 -1 0.787973 0.217905 0.000652601 1449.56 105341 3 220139 199.802 10.3284 2 1 710.282 38.4108 18.4917 4 3 0.0537408 2.41964e-05 13.0472 2 
1.51468 -3.54072e-05 -1 0.788115 0.217822 0.000652601 1450.14 105344 3 44528.5 71.8143 8.52725 2 1 866.678 50.9749 17.002 4 3 0.0524594 2.4206e-05 12.941 2 
1.51533 -3.53504e-05 -1 0.788257 0.217835 0.000652601 1450.77 105344 3 85870.4 152.858 8.25121 2 1 871.756 42.8729 20.3335 4 3 0.058853 2.48842e-05 13.3234 2 
1.51599 -3.53145e-05 -1 0.788399 0.217758 0.000652601 1451.35 105347 3 167944 214.608 9.21523 2 1 690.098 50.3647 13.702 4 3 0.061351 2.45948e-05 13.5621 2 
1.51664 -3.53784e-05 -1 0.788541 0.217722 0.000652601 1451.95 105349 3 45474.1 107.258 7.51239 2 1 1039.23 32.4418 32.0335 4 3 0.0593575 2.41762e-05 13.4905 2 
1.51729 -3.54063e-05 -1 0.788684 0.217731 0.000652601 1452.57 105349 3 82671.2 118.181 8.87705 2 1 1126.36 39.4763 28.5326 4 3 0.05823 2.41166e-05 13.4156 2 
1.51794 -3.53257e-05 -1 0.788826 0.217659 0.000652601 1453.26 105344 3 113408 99.6214 10.4415 2 1 903.986 48.9391 18.4717 4 3 0.0571417 2.3841e-05 13.3827 2 
1.5186 -3.529e-05 -1 0.788968 0.217622 0.000652601 1453.91 105342 3 61667.5 183.471 6.95285 2 1 904.902 31.6098 28.6273 4 3 0.0560687 2.56904e-05 12.9713 2 
1.51925 -3.52523e-05 -1 0.789109 0.217642 0.000652601 1454.6 105337 3 44460.2 89.5211 7.91922 2 1 1007.05 30.9787 32.5079 4 3 0.0544463 9.08615e-05 8.43069 2 
1.5199 -3.52369e-05 -1 0.789251 0.217559 0.000652601 1455.27 105333 3 44494.9 128.924 7.01443 2 1 815.191 55.3127 14.7379 4 4 0.0530027 2.57353e-05 6.73663 2 
1.52055 -3.52319e-05 -1 0.789393 0.217539 0.000652601 1455.94 105330 3 81747 183.774 7.63359 2 1 790.044 26.4393 29.8814 4 4 0.0518356 2.33031e-05 6.86758 2 
1.52121 -3.51908e-05 -1 0.789535 0.217521 0.000652601 1456.57 105329 3 44360.2 120.652 7.16396 2 1 964.881 25.7994 37.3994 4 4 0.0513486 2.10895e-05 7.0245 2 
1.52186 -3.5176e-05 -1 0.789677 0.217464 0.000652601 1457.16 105332 3 46807.9 143.227 6.88808 2 1 789.299 30.9144 25.5317 4 3 0.0506574 8.78256e-05 8.32416 2 
1.52251 -3.52655e-05 -1 0.789819 0.217442 0.000652601 1457.74 105335 3 69875.2 119.136 8.37067 2 1 1014.23 31.508 32.1897 4 3 0.0498409 7.64252e-05 8.67195 2 
1.52316 -3.52925e-05 -1 0.78996 0.217409 0.000652601 1458.33 105337 3 102021 140.325 8.99188 2 1 743.759 27.933 26.6265 4 3 0.0490534 7.24526e-05 8.78089 2 
1.52382 -3.5341e-05 -1 0.790102 0.217392 0.000652601 1458.92 105339 3 187713 148.601 10.81 2 1 694.065 29.5852 23.4599 4 3 0.0495328 6.7725e-05 9.00979 2 
1.52447 -3.5447e-05 -1 0.790244 0.217322 0.000652601 1459.5 105343 3 64333.4 104.972 8.49418 2 1 955.141 38.9537 24.5199 4 3 0.0498652 5.94554e-05 9.43052 2 
1.52512 -3.5399e-05 -1 0.790386 0.21728 0.000652601 1460.11 105344 3 46357.1 131.7 7.06063 2 1 851.284 35.7993 23.7793 4 3 0.0570219 5.32768e-05 10.229 2 
1.52578 -3.54707e-05 -1 0.790528 0.217272 0.000652601 1460.71 105345 3 40924.6 110.026 7.19167 2 1 918.271 35.5778 25.8102 4 3 0.058327 5.17375e-05 10.4077 2 
1.52643 -3.54593e-05 -1 0.790669 0.21721 0.000652601 1461.29 105348 3 151365 110.649 11.1009 2 1 886.237 27.2981 32.4651 4 3 0.0581668 5.2589e-05 10.3417 2 
1.52708 -3.53713e-05 -1 0.790811 0.217208 0.000652601 1461.89 105349 3 79916.2 142.373 8.24902 2 1 1008.06 35.473 28.4177 4 3 0.0591355 4.9947e-05 10.579 2 
1.52773 -3.52807e-05 -1 0.790953 0.217182 0.000652601 1462.48 105352 3 91600.2 103.574 9.59875 2 1 864.396 32.0168 26.9982 4 3 0.0588129 4.22367e-05 11.1668 2 
1.52839 -3.52683e-05 -1 0.791095 0.217114 0.000652601 1463.06 105355 3 49949.7 96.2716 8.03547 2 1 737.504 35.5138 20.7667 4 3 0.0591935 3.89469e-05 11.4974 2 
1.52904 -3.51735e-05 -1 0.791237 0.217078 0.000652601 1463.63 105358 3 46161.6 89.9756 8.00544 2 1 1451.25 26.5253 54.7117 4 3 0.0591268 3.69226e-05 11.6994 2 
1.52969 -3.50555e-05 -1 0.791378 0.216992 0.000652601 1464.23 105361 3 44111.9 158.604 6.5275 2 1 920.787 26.1341 35.2331 4 3 0.0587159 3.80436e-05 11.5565 2 
1.53034 -3.48238e-05 -1 0.79152 0.217015 0.000652601 1464.82 105362 3 201654 227.792 9.60188 2 1 976.221 43.8145 22.2807 4 3 0.0580083 3.71519e-05 11.6012 2 
1.531 -3.49377e-05 -1 0.791662 0.21699 0.000652601 1465.47 105361 4 211888 34.7044 8.83956 2 1 1193.58 83.0878 14.3653 4 3 0.0572343 3.84275e-05 11.4201 2 
1.53165 -3.49892e-05 -1 0.791803 0.216967 0.000652601 1466.14 105357 3 45836.4 98.8449 7.7402 2 1 1075.49 56.4617 19.0482 4 3 0.0573322 3.59392e-05 11.6845 2 
1.5323 -3.5099e-05 -1 0.791945 0.216923 0.000652601 1466.73 105359 3 45347 116.026 7.31136 2 1 779.276 26.6566 29.2339 4 3 0.0569497 3.08009e-05 12.2737 2 
1.53295 -3.52256e-05 -1 0.792086 0.216908 0.000652601 1467.35 105359 4 154143 36.6633 8.05236 2 1 787.98 38.9619 20.2244 4 3 0.0643683 2.74432e-05 13.2866 2 
1.53361 -3.52012e-05 -1 0.792228 0.216846 0.000652601 1467.96 105361 3 76427.5 189.467 7.38876 2 1 829.517 25.8855 32.0456 4 3 0.0660922 2.63061e-05 13.5945 2 
1.53426 -3.51961e-05 -1 0.792369 0.216853 0.000652601 1468.61 105359 3 79660.2 129.56 8.50336 2 1 730.012 34.5174 21.1491 4 3 0.0661941 2.7177e-05 13.4547 2 
1.53491 -3.53228e-05 -1 0.792511 0.216778 0.000652601 1469.22 105359 3 138153 148.581 9.76035 2 1 1495.97 34.8784 42.8908 4 3 0.0672093 2.76129e-05 13.4516 2 
1.53556 -3.53511e-05 -1 0.792652 0.216765 0.000652601 1469.89 105356 4 209370 38.1548 8.60679 2 1 1074.62 39.1807 27.4272 4 3 0.0671626 2.84149e-05 13.3207 2 
1.53622 -3.53324e-05 -1 0.792794 0.216737 0.000652601 1470.55 105353 3 105323 115.587 9.69476 2 1 1017.66 39.436 25.8054 4 3 0.0671936 2.91945e-05 13.2031 2 
1.53687 -3.53461e-05 -1 0.792935 0.21674 0.000652601 1471.18 105352 3 73658.3 171.805 7.54042 2 1 1192.66 27.268 43.7384 4 3 0.0668664 2.67026e-05 13.5795 2 
1.53752 -3.5555e-05 -1 0.793076 0.21665 0.000652601 1471.81 105352 3 221663 224.217 9.96188 2 1 950.002 42.0404 22.5973 4 3 0.0665767 2.35353e-05 14.1428 2 
1.53817 -3.56771e-05 -1 0.793217 0.216647 0.000652601 1472.41 105354 3 45389.4 76.9329 8.38715 2 1 2512.95 38.6413 65.0327 4 3 0.0661219 2.17471e-05 14.4871 2 
1.53883 -3.57744e-05 -1 0.793359 0.216602 0.000652601 1473.03 105354 4 215111 35.572 8.81838 2 1 1399.6 54.3876 25.7338 4 3 0.0658579 2.12105e-05 14.5888 2 
1.53948 -3.58329e-05 -1 0.7935 0.216598 0.000652601 1473.63 105355 3 65520.8 63.7519 10.0916 2 1 1615.49 42.4298 38.0744 4 3 0.0650486 2.02585e-05 14.7529 2 
1.54013 -3.60297e-05 -1 0.793641 0.216537 0.000652601 1474.2 105359 3 45422.1 114.147 7.35532 2 1 803.211 25.2234 31.8439 4 3 0.0643911 1.9187e-05 14.9718 2 
1.54079 -3.6053e-05 -1 0.793782 0.21655 0.000652601 1474.8 105361 3 97973.8 145.511 8.76471 2 1 1181.6 29.4982 40.0565 4 3 0.0636157 1.9551e-05 14.8183 2 
1.54144 -3.62928e-05 -1 0.793923 0.216473 0.000652601 1475.39 105363 3 44067.8 125.806 7.0492 2 1 1337.43 35.94 37.2128 4 3 0.0626572 1.82063e-05 15.0979 2 
1.54209 -3.64078e-05 -1 0.794065 0.216431 0.000652601 1476 105364 3 125543 129.724 9.89139 2 1 1125.7 29.9181 37.6262 4 3 0.0616906 1.91113e-05 14.7789 2 
1.54274 -3.64865e-05 -1 0.794206 0.216443 0.000652601 1476.57 105367 3 55896.9 101.196 8.20492 2 1 729.417 24.0367 30.346 4 3 0.0607918 1.90705e-05 14.7173 2 
1.5434 -3.66666e-05 -1 0.794347 0.216398 0.000652601 1477.18 105368 3 53841.7 98.4155 8.17872 2 1 848.429 32.5182 26.0909 4 3 0.059386 1.92318e-05 14.562 2 
1.54405 -3.68603e-05 -1 0.794489 0.216329 0.000652601 1477.78 105370 3 181035 93.6267 12.4582 2 1 735.488 20.318 36.1989 4 3 0.0585989 1.81646e-05 14.7759 2 
1.5447 -3.70949e-05 -1 0.79463 0.216369 0.000652601 1478.36 105373 3 91157.2 125.925 8.97896 2 1 910.055 34.031 26.7419 4 3 0.0573074 1.53276e-05 15.5207 2 
1.54535 -3.72984e-05 -1 0.794771 0.216367 0.000652601 1478.94 105376 3 147141 148.923 9.95996 2 1 1000.49 23.82 42.0023 4 3 0.0558775 1.6543e-05 15.004 2 
1.54601 -3.77108e-05 -1 0.794913 0.216272 0.000652601 1479.54 105377 3 45688.4 130.23 7.05286 2 1 1051.94 27.6178 38.0893 4 3 0.0546266 1.72151e-05 14.6949 2 
1.54666 -3.7909e-05 -1 0.795054 0.216212 0.000652601 1480.14 105379 4 211618 40.2753 8.5139 2 1 944.296 32.0968 29.4203 4 3 0.053523 1.77581e-05 14.4449 2 
1.54731 -3.79638e-05 -1 0.795195 0.216173 0.000652601 1480.7 105383 3 38314.1 105.955 7.12436 2 1 1065.39 28.1281 37.8763 4 3 0.0526938 1.80631e-05 14.2886 2 
1.54796 -3.7975e-05 -1 0.795336 0.216138 0.000652601 1481.31 105384 3 46628.4 132.244 7.06466 2 1 2609.49 64.8907 40.2136 4 3 0.0522353 1.88099e-05 14.0559 2 
1.54862 -3.79778e-05 -1 0.795477 0.216106 0.000652601 1481.89 105387 3 110577 154.56 8.94381 2 1 939.759 25.326 37.1065 4 3 0.0516951 1.98785e-05 13.7517 2 
1.54927 -3.79616e-05 -1 0.795618 0.216095 0.000652601 1482.49 105389 3 44262.1 150.977 6.64315 2 1 1003.5 47.056 21.3257 4 3 0.0516008 2.0399e-05 13.6254 2 
1.54992 -3.80288e-05 -1 0.795759 0.216031 0.000652601 1483.22 105381 3 44525.7 97.0155 7.71359 2 1 934.55 70.1381 13.3244 4 3 0.0505795 2.0126e-05 13.5958 2 
1.55057 -3.80285e-05 -1 0.7959 0.216015 0.000652601 1483.89 105378 4 193160 35.1489 8.60996 2 1 899.485 36.8372 24.4179 4 3 0.0501138 1.95388e-05 13.6884 2 
1.55123 -3.8054e-05 -1 0.796041 0.215986 0.000652601 1484.53 105376 3 199467 152.547 10.9351 2 1 781.369 36.4142 21.4578 4 3 0.0493559 1.93316e-05 13.6675 2 
1.55188 -3.7892e-05 -1 0.796182 0.215946 0.000652601 1485.11 105379 3 44569 37.8811 10.5569 2 1 804.622 61.8924 13.0003 4 3 0.049088 1.93006e-05 13.6501 2 
1.55253 -3.78816e-05 -1 0.796323 0.215904 0.000652601 1485.69 105382 3 46302.4 94.0586 7.8959 2 1 1017.25 50.2927 20.2266 4 3 0.0484881 1.86307e-05 13.7553 2 
1.55318 -3.79012e-05 -1 0.796463 0.215883 0.000652601 1486.31 105383 4 137449 50.3551 7.22811 2 1 833.525 27.1281 30.7255 4 3 0.0480355 1.87099e-05 13.6929 2 
1.55384 -3.78984e-05 -1 0.796604 0.215867 0.000652601 1486.92 105383 3 102196 115.948 9.58789 2 1 1873.13 57.789 32.4132 4 3 0.0473096 1.89953e-05 13.555 2 
1.55449 -3.79448e-05 -1 0.796745 0.215817 0.000652601 1487.51 105385 3 43957.5 63.3601 8.85263 2 1 920.844 35.4475 25.9777 4 3 0.0494315 1.93956e-05 13.6595 2 
1.55514 -3.80091e-05 -1 0.796886 0.215784 0.000652601 1488.08 105389 3 159492 137.609 10.5042 2 1 912.196 31.7468 28.7335 4 3 0.0519671 1.96002e-05 13.8406 2 
1.55579 -3.80178e-05 -1 0.797026 0.215747 0.000652601 1488.66 105392 3 65193.8 93.6542 8.86257 2 1 1193.92 31.1603 38.3154 4 3 0.0597812 1.9659e-05 14.4877 2 
1.55645 -3.80385e-05 -1 0.797167 0.215707 0.000652601 1489.24 105395 3 68574.8 119.55 8.30879 2 1 1544.33 42.1639 36.6268 4 3 0.0537 1.92003e-05 14.0893 2 
1.5571 -3.80515e-05 -1 0.797308 0.215689 0.000652601 1489.88 105394 3 210271 176.24 10.6062 2 1 952.925 33.9127 28.0994 4 3 0.0540573 1.86542e-05 14.2569 2 
1.55775 -3.81483e-05 -1 0.797448 0.215654 0.000652601 1490.46 105397 3 58838.6 47.2426 10.7591 2 1 1008.57 43.1033 23.3988 4 3 0.0534176 1.97536e-05 13.932 2 
1.55841 -3.81959e-05 -1 0.797589 0.215613 0.000652601 1491.13 105393 3 92999.4 119.595 9.19578 2 1 1138.76 40.6749 27.9966 4 3 0.0532955 7.14593e-05 9.06868 2 
1.55906 -3.82715e-05 -1 0.79773 0.215589 0.000652601 1491.86 105386 4 219286 36.0869 8.82908 2 1 928.19 42.3738 21.9048 4 4 0.0529546 2.11137e-05 7.07676 2 
1.55971 -3.82925e-05 -1 0.79787 0.215555 0.000652601 1492.53 105382 3 52123.7 165.643 6.80176 2 1 981.292 34.7138 28.2681 4 4 0.0534709 1.96262e-05 7.22471 2 
1.56036 -3.83358e-05 -1 0.798011 0.215517 0.000652601 1493.17 105381 3 120837 110.967 10.2881 2 1 791.332 22.847 34.6361 4 3 0.0546988 8.86123e-05 8.51455 2 
1.56102 -3.83737e-05 -1 0.798152 0.215486 0.000652601 1493.76 105383 3 46031.9 103.264 7.639 2 1 1187.23 21.9412 54.1094 4 3 0.059025 7.60255e-05 9.19092 2 
1.56167 -3.84231e-05 -1 0.798293 0.21545 0.000652601 1494.33 105387 3 212270 230.702 9.72626 2 1 1615.17 41.8464 38.5976 4 3 0.0565546 6.66266e-05 9.46833 2 
1.56232 -3.82998e-05 -1 0.798433 0.215417 0.000652601 1494.89 105391 3 85200 137.496 8.52544 2 1 920.376 52.2523 17.6141 4 3 0.0567765 6.34133e-05 9.63821 2 
1.56297 -3.82499e-05 -1 0.798574 0.215391 0.000652601 1495.46 105395 3 222274 201.118 10.339 2 1 1232.97 91.9595 13.4077 4 3 0.055817 5.99832e-05 9.7629 2 
1.56363 -3.83513e-05 -1 0.798714 0.215362 0.000652601 1496.02 105399 3 38847.9 103.229 7.21974 2 1 2105.05 48.0133 43.8431 4 3 0.0562625 5.11955e-05 10.3196 2 
1.56428 -3.83634e-05 -1 0.798855 0.215346 0.000652601 1496.59 105403 3 169268 229.786 9.0313 2 1 652.73 32.2704 20.2269 4 3 0.0653644 4.74086e-05 11.13 2 
1.56493 -3.85864e-05 -1 0.798996 0.215293 0.000652601 1497.2 105404 4 121546 43.9854 7.25034 2 1 1275.43 54.0021 23.6181 4 3 0.0623667 4.59379e-05 11.0729 2 
1.56558 -3.86383e-05 -1 0.799136 0.215254 0.000652601 1497.8 105406 3 78596.7 108.701 8.97547 2 1 952.937 45.9987 20.7166 4 3 0.0615791 4.63306e-05 10.9948 2 
1.56624 -3.86609e-05 -1 0.799277 0.215229 0.000652601 1498.4 105407 4 109210 32.2102 7.63075 2 1 980.765 25.2551 38.8343 4 3 0.0603316 4.43937e-05 11.0766 2 
1.56689 -3.86895e-05 -1 0.799417 0.215203 0.000652601 1499 105409 3 46770.8 100.565 7.74776 2 1 963.048 39.6145 24.3105 4 3 0.0588376 3.75434e-05 11.6156 2 
1.56754 -3.86776e-05 -1 0.799557 0.215172 0.000652601 1499.57 105412 3 54717.4 74.7235 9.01342 2 1 858.348 32.7226 26.2311 4 3 0.0573409 3.43308e-05 11.8648 2 
1.56819 -3.86792e-05 -1 0.799698 0.215116 0.000652601 1500.14 105416 3 130979 202.551 8.64746 2 1 851.446 31.2337 27.2605 4 3 0.0556709 3.2519e-05 11.9627 2 
1.56885 -3.87315e-05 -1 0.799838 0.215086 0.000652601 1500.72 105419 3 99890.7 148.966 8.75279 2 1 829.054 61.6154 13.4553 4 3 0.0539168 3.37163e-05 11.694 2 
1.5695 -3.88744e-05 -1 0.799978 0.215074 0.000652601 1501.27 105423 3 45112.1 130.066 7.02602 2 1 1290.83 57.4199 22.4806 4 3 0.0551608 3.30782e-05 11.8585 2 
1.57015 -3.88933e-05 -1 0.800119 0.215024 0.000652601 1501.85 105427 3 45865.2 110.435 7.46091 2 1 884.76 47.2539 18.7235 4 3 0.0556826 3.36791e-05 11.8246 2 
1.5708 -3.89341e-05 -1 0.800259 0.214994 0.000652601 1502.43 105429 3 66443.8 80.1218 9.3951 2 1 1017.2 31.4066 32.3882 4 3 0.0604834 3.13528e-05 12.4486 2 
1.57146 -3.89948e-05 -1 0.800399 0.214969 0.000652601 1503.01 105433 3 98179.3 104.641 9.78978 2 1 778.608 20.6821 37.6464 4 3 0.0625672 2.74786e-05 13.1558 2 
1.57211 -3.90619e-05 -1 0.800539 0.214927 0.000652601 1503.58 105436 3 188306 202.075 9.7675 2 1 735.953 26.4888 27.7835 4 3 0.0623427 2.40487e-05 13.7372 2 
1.57276 -3.91453e-05 -1 0.800679 0.214896 0.000652601 1504.15 105440 3 61264.4 86.9924 8.89698 2 1 1249.88 54.5798 22.9001 4 3 0.0635382 2.21967e-05 14.1987 2 
1.57342 -3.91862e-05 -1 0.80082 0.214859 0.000652601 1504.69 105445 3 96052.8 222.081 7.56251 2 1 1122.17 55.2052 20.3272 4 3 0.0663332 2.40708e-05 14.02 2 
1.57407 -3.93066e-05 -1 0.80096 0.214829 0.000652601 1505.28 105448 3 156540 147.954 10.1898 2 1 967.854 26.2787 36.8304 4 3 0.0685648 2.40298e-05 14.1835 2 
1.57472 -3.92697e-05 -1 0.8011 0.214798 0.000652601 1505.84 105452 3 44327.5 64.804 8.81097 2 1 1012.65 35.7293 28.3423 4 3 0.0688334 2.35691e-05 14.2939 2 
1.57537 -3.92534e-05 -1 0.80124 0.214783 0.000652601 1506.38 105457 3 92892.2 166.813 8.22716 2 1 1049.5 40.5203 25.9006 4 3 0.070336 2.37845e-05 14.3536 2 
1.57603 -3.93156e-05 -1 0.80138 0.21473 0.000652601 1506.93 105463 3 50570.2 107.909 7.76746 2 1 810.635 30.0378 26.9872 4 3 0.070068 2.31684e-05 14.4613 2 
1.57668 -3.93664e-05 -1 0.80152 0.214712 0.000652601 1507.48 105468 3 43776.6 91.7852 7.81309 2 1 1043.42 44.4038 23.4985 4 3 0.0707008 2.15911e-05 14.8497 2 
1.57733 -3.94318e-05 -1 0.801661 0.214683 0.000652601 1508.1 105468 4 219524 50.0879 8.1365 2 1 965.738 28.6753 33.6784 4 3 0.0702057 2.20186e-05 14.7184 2 
1.57798 -3.93868e-05 -1 0.801801 0.214621 0.000652601 1508.66 105472 3 52634.4 157.313 6.94227 2 1 912.585 34.2231 26.6658 4 3 0.070432 2.21763e-05 14.6992 2 
1.57864 -3.93707e-05 -1 0.801941 0.214612 0.000652601 1509.24 105475 4 201191 79.3764 7.09544 2 1 1493.79 48.1519 31.0225 4 3 0.0698531 2.21616e-05 14.6621 2 
1.57929 -3.94948e-05 -1 0.802081 0.214585 0.000652601 1509.76 105482 3 83606.2 82.9949 10.0245 2 1 1415.84 39.9776 35.4158 4 3 0.0691634 2.02291e-05 15.0649 2 
1.57994 -3.95199e-05 -1 0.802221 0.214545 0.000652601 1510.25 105491 3 45323.6 130.799 7.02382 2 1 1100.79 26.57 41.4298 4 3 0.0691194 1.796e-05 15.671 2 
1.58059 -3.95328e-05 -1 0.802361 0.214519 0.000652601 1510.81 105496 3 32440.5 96.0421 6.96426 2 1 1097.25 27.7404 39.5541 4 3 0.0686671 1.5842e-05 16.3047 2 
1.58125 -3.95424e-05 -1 0.802501 0.214489 0.000652601 1511.44 105495 3 43799.6 126.607 7.02001 2 1 801.691 28.5026 28.127 4 3 0.0677605 1.63962e-05 16.0476 2 
1.5819 -3.96084e-05 -1 0.802641 0.214449 0.000652601 1512.06 105495 3 45414 106.688 7.52242 2 1 743.762 28.1616 26.4105 4 3 0.067216 1.66191e-05 15.9327 2 
1.58255 -3.96183e-05 -1 0.802781 0.214418 0.000652601 1512.8 105486 3 141733 182.755 9.18757 2 1 767.208 31.3289 24.4888 4 3 0.0662496 1.69844e-05 15.7414 2 
1.5832 -3.95885e-05 -1 0.802921 0.214387 0.000652601 1513.56 105477 4 215049 47.6598 8.19589 2 1 1559.36 29.5786 52.7193 4 3 0.0655411 1.75417e-05 15.5172 2 
1.58386 -3.96497e-05 -1 0.803061 0.214353 0.000652601 1514.25 105472 3 107103 135.952 9.23575 2 1 825.797 39.6271 20.8392 4 3 0.0644669 2.12895e-05 14.4674 2 
1.58451 -3.97249e-05 -1 0.803201 0.214328 0.000652601 1514.95 105467 4 228108 37.4937 8.83173 2 1 1100.26 22.0195 49.9673 4 3 0.0634744 2.4544e-05 13.7262 2 
1.58516 -3.97475e-05 -1 0.80334 0.214293 0.000652601 1515.7 105458 4 184643 62.1969 7.38144 2 1 2652.59 50.5977 52.4251 4 3 0.0622704 2.63286e-05 13.3235 2 
1.58581 -3.97896e-05 -1 0.80348 0.21426 0.000652601 1516.36 105455 4 223573 32.6142 9.09919 2 1 1100.72 40.008 27.5124 4 3 0.0614859 2.67323e-05 13.2002 2 
1.58647 -3.98582e-05 -1 0.80362 0.214236 0.000652601 1516.99 105454 3 44679.8 118.997 7.21426 2 1 974.787 27.697 35.1947 4 3 0.0604793 2.55767e-05 13.3225 2 
1.58712 -3.98472e-05 -1 0.803759 0.214204 0.000652601 1517.64 105452 3 66703.2 118.512 8.25648 2 1 1585.64 33.2249 47.7243 4 3 0.0595938 2.53626e-05 13.2944 2 
1.58777 -3.98379e-05 -1 0.803899 0.214192 0.000652601 1518.3 105449 3 44726.4 89.7275 7.9289 2 1 1241.17 29.4325 42.17 4 3 0.058294 2.42274e-05 13.4 2 
1.58842 -3.98573e-05 -1 0.804039 0.214131 0.000652601 1518.99 105445 4 99636.1 86.826 5.82025 2 1 988.134 33.7685 29.262 4 3 0.0572658 2.48578e-05 13.2072 2 
1.58908 -3.98869e-05 -1 0.804178 0.214114 0.000652601 1519.6 105446 3 60908.2 194.864 6.78654 2 1 1098.36 37.7914 29.0638 4 3 0.0567134 2.48415e-05 13.1675 2 
1.58973 -3.99587e-05 -1 0.804318 0.214078 0.000652601 1520.16 105450 3 42959.3 147.066 6.63512 2 1 812.37 40.2924 20.1618 4 3 0.0558658 2.41255e-05 13.2299 2 
1.59038 -4.001e-05 -1 0.804458 0.214039 0.000652601 1520.72 105454 4 213767 67.4015 7.50444 2 1 751.42 24.5462 30.6125 4 3 0.0549234 2.31777e-05 13.332 2 
1.59104 -3.99802e-05 -1 0.804597 0.21402 0.000652601 1521.25 105460 3 84383.6 127.666 8.71086 2 1 796.033 27.1664 29.3021 4 3 0.0539408 2.21416e-05 13.4556 2 
1.59169 -4.00538e-05 -1 0.804737 0.213972 0.000652601 1521.8 105466 4 184649 85.879 6.8095 2 1 783.499 43.8172 17.8811 4 3 0.0535003 2.10167e-05 13.6541 2 
1.59234 -3.99523e-05 -1 0.804877 0.213943 0.000652601 1522.3 105474 3 44043 107.47 7.42785 2 1 736.63 36.4984 20.1825 4 3 0.0532905 1.95725e-05 13.9637 2 
1.59299 -3.99164e-05 -1 0.805016 0.213914 0.000652601 1522.82 105481 3 149595 131.002 10.4523 2 1 968.127 39.8085 24.3196 4 3 0.053809 1.76194e-05 14.5085 2 
1.59365 -3.99981e-05 -1 0.805156 0.213908 0.000652601 1523.36 105487 3 63013.3 117.152 8.13256 2 1 1053.54 38.4408 27.4067 4 3 0.0542545 1.53193e-05 15.2428 2 
1.5943 -4.00926e-05 -1 0.805296 0.213872 0.000652601 1523.94 105489 3 44439.1 128.132 7.02591 2 1 1368.41 40.6704 33.6464 4 3 0.0546551 1.34704e-05 15.9496 2 
1.59495 -4.01646e-05 -1 0.805435 0.213807 0.000652601 1524.48 105495 3 44483.9 91.4171 7.86548 2 1 899.979 23.6361 38.0765 4 3 0.0552503 1.3597e-05 15.9575 2 
1.5956 -4.02023e-05 -1 0.805575 0.21378 0.000652601 1525.03 105500 3 43781 103.96 7.49559 2 1 865.449 25.132 34.4361 4 3 0.0556623 1.57295e-05 15.2387 2 
1.59626 -4.02231e-05 -1 0.805714 0.213742 0.000652601 1525.57 105506 3 112458 167.407 8.75802 2 1 838.605 25.9057 32.3715 4 3 0.056175 1.84358e-05 14.4975 2 
1.59691 -4.02358e-05 -1 0.805854 0.21372 0.000652601 1526.11 105512 3 41160.6 113.741 7.12616 2 1 1038 30.0906 34.4957 4 3 0.0566285 2.21822e-05 13.6671 2 
1.59756 -4.02639e-05 -1 0.805993 0.213698 0.000652601 1526.64 105518 3 45498.2 142.626 6.83279 2 1 884.324 29.5855 29.8904 4 3 0.0573376 5.49884e-05 10.1404 2 
1.59821 -4.03292e-05 -1 0.806133 0.21366 0.000652601 1527.29 105516 3 81043.4 210.541 7.27434 2 1 925.66 32.3374 28.625 4 4 0.0650042 2.48023e-05 7.15504 2 
1.59887 -4.03692e-05 -1 0.806272 0.213627 0.000652601 1527.88 105518 3 200167 127.007 11.6374 2 1 819.368 25.7955 31.764 4 4 0.0664716 2.42129e-05 7.23848 2 
1.59952 -4.0395e-05 -1 0.806412 0.21359 0.000652601 1528.5 105518 3 74000.4 107.195 8.83799 2 1 1202.83 18.446 65.208 4 4 0.0663985 2.18442e-05 7.42515 2 
1.60017 -4.0354e-05 -1 0.806551 0.213572 0.000652601 1529.08 105521 3 44589.9 112.511 7.34537 2 1 992.876 26.3153 37.73 4 3 0.0678782 9.16843e-05 9.04646 2 
1.60082 -4.03627e-05 -1 0.80669 0.213545 0.000652601 1529.62 105526 3 52207.8 157.882 6.91515 2 1 942.509 27.1849 34.6703 4 3 0.0674992 7.94681e-05 9.47041 2 
1.60148 -4.04666e-05 -1 0.806829 0.213492 0.000652601 1530.14 105533 3 131449 128.239 10.0828 2 1 2215.14 52.9194 41.8587 4 3 0.0684739 7.16637e-05 9.84937 2 
1.60213 -4.04843e-05 -1 0.806969 0.213468 0.000652601 1530.68 105539 3 67772.5 70.1257 9.88687 2 1 855.661 25.0873 34.1073 4 3 0.0681283 6.98589e-05 9.91673 2 
1.60278 -4.05027e-05 -1 0.807108 0.213434 0.000652601 1531.2 105546 3 160876 98.5403 11.775 2 1 853.132 29.3093 29.1079 4 3 0.0687549 6.15671e-05 10.3749 2 
1.60343 -4.05577e-05 -1 0.807247 0.213407 0.000652601 1531.75 105551 3 60718.5 212.924 6.58212 2 1 910.068 29.4906 30.8596 4 3 0.0685341 5.42421e-05 10.8108 2 
1.60409 -4.05559e-05 -1 0.807386 0.213354 0.000652601 1532.28 105557 3 63340.4 102.147 8.52744 2 1 1483.38 47.8491 31.0011 4 3 0.0690247 5.13147e-05 11.0388 2 
1.60474 -4.05927e-05 -1 0.807525 0.213345 0.000652601 1532.84 105561 4 222837 31.3876 9.17926 2 1 1063.88 45.9574 23.1493 4 3 0.0688793 5.1657e-05 11.0066 2 
1.60539 -4.05992e-05 -1 0.807664 0.213316 0.000652601 1533.37 105567 3 60770.9 112.113 8.15354 2 1 1019.59 28.1042 36.2788 4 3 0.069305 5.1103e-05 11.0689 2 
1.60605 -4.0602e-05 -1 0.807804 0.213283 0.000652601 1533.93 105572 3 94445.9 135.183 8.87334 2 1 933.543 28.8 32.4146 4 3 0.0691105 4.47103e-05 11.5623 2 
1.6067 -4.06711e-05 -1 0.807943 0.213246 0.000652601 1534.51 105575 3 33644.7 97.7152 7.00892 2 1 951.525 33.1442 28.7087 4 3 0.0694862 3.97076e-05 12.0506 2 
1.60735 -4.06874e-05 -1 0.808082 0.213206 0.000652601 1535.03 105581 3 53593.3 115.428 7.74343 2 1 2302.84 81.693 28.1889 4 3 0.0694163 3.74892e-05 12.2796 2 
1.608 -4.07509e-05 -1 0.808221 0.21318 0.000652601 1535.57 105587 3 221433 134.007 11.8224 2 1 817.72 34.8539 23.4613 4 3 0.0696929 3.79794e-05 12.2428 2 
1.60866 -4.09274e-05 -1 0.80836 0.21315 0.000652601 1536.12 105592 4 231732 82.4057 7.28211 2 1 1793.51 69.666 25.7444 4 3 0.0695437 3.73757e-05 12.2996 2 
1.60931 -4.07953e-05 -1 0.808499 0.213111 0.000652601 1536.65 105598 3 45730.9 106.644 7.54092 2 1 965.776 87.0882 11.0896 4 3 0.0696036 3.78121e-05 12.2556 2 
1.60996 -4.07371e-05 -1 0.808639 0.21309 0.000652601 1537.18 105604 3 86595.1 113.274 9.14369 2 1 897.666 45.0889 19.9088 4 3 0.0693923 3.66869e-05 12.3671 2 
1.61061 -4.07028e-05 -1 0.808778 0.213057 0.000652601 1537.71 105611 3 44041.4 107.418 7.42897 2 1 747.263 24.5228 30.4722 4 3 0.0693242 3.26047e-05 12.8588 2 
1.61127 -4.07215e-05 -1 0.808917 0.213035 0.000652601 1538.25 105616 3 176696 179.3 9.95135 2 1 1283.8 31.4033 40.8811 4 3 0.0690303 2.85955e-05 13.4147 2 
1.61192 -4.07883e-05 -1 0.809056 0.213005 0.000652601 1538.77 105623 3 141678 211.302 8.75251 2 1 1138.96 42.003 27.1161 4 3 0.0688319 2.72103e-05 13.6255 2 
1.61257 -4.07016e-05 -1 0.809195 0.212959 0.000652601 1539.32 105628 3 43876.8 98.9196 7.62636 2 1 1329.07 75.649 17.5689 4 3 0.0682892 2.63588e-05 13.7344 2 
1.61322 -4.07073e-05 -1 0.809334 0.212932 0.000652601 1539.89 105631 3 80339.8 102.574 9.21788 2 1 1215.3 68.4801 17.7468 4 3 0.0682103 2.77539e-05 13.4951 2 
1.61388 -4.06898e-05 -1 0.809473 0.212884 0.000652601 1540.42 105638 3 110289 89.8925 10.7054 2 1 937.31 22.9551 40.8324 4 3 0.0679211 2.6985e-05 13.6028 2 
1.61453 -4.07793e-05 -1 0.809612 0.212866 0.000652601 1540.94 105644 3 76800 205.715 7.20054 2 1 975.494 32.072 30.4157 4 3 0.069146 2.6979e-05 13.6851 2 
1.61518 -4.08686e-05 -1 0.809751 0.21285 0.000652601 1541.45 105652 3 44266.2 112.15 7.33541 2 1 2843.7 32.9405 86.3284 4 3 0.0689907 2.6778e-05 13.7089 2 
1.61583 -4.09227e-05 -1 0.80989 0.21282 0.000652601 1541.98 105658 3 44503.5 96.8153 7.71762 2 1 875.848 25.9201 33.7904 4 3 0.0691667 2.50152e-05 14.0356 2 
1.61649 -4.10169e-05 -1 0.810028 0.212775 0.000652601 1542.59 105659 3 71560.5 78.3516 9.70231 2 1 789.18 27.1744 29.0413 4 3 0.0685396 2.38406e-05 14.2192 2 
1.61714 -4.09799e-05 -1 0.810167 0.212742 0.000652601 1543.29 105653 3 45389.2 106.658 7.52176 2 1 1301.44 28.5797 45.5374 4 3 0.068141 2.35519e-05 14.2493 2 
1.61779 -4.0982e-05 -1 0.810306 0.212705 0.000652601 1543.9 105654 3 44283.9 74.7975 8.39691 2 1 820.58 30.9781 26.4891 4 3 0.067143 2.35531e-05 14.1792 2 
1.61844 -4.09784e-05 -1 0.810444 0.212682 0.000652601 1544.47 105657 3 68716.7 131.193 8.0609 2 1 863.908 34.2259 25.2414 4 3 0.0663253 2.32633e-05 14.1798 2 
1.6191 -4.09993e-05 -1 0.810583 0.212649 0.000652601 1545.03 105661 3 193506 159.818 10.6583 2 1 826.834 25.7591 32.0987 4 3 0.0649818 2.29369e-05 14.1499 2 
1.61975 -4.11176e-05 -1 0.810722 0.212625 0.000652601 1545.57 105667 3 126605 110.518 10.4634 2 1 945.97 41.8022 22.6297 4 3 0.0638475 2.28462e-05 14.0856 2 
1.6204 -4.09943e-05 -1 0.81086 0.212579 0.000652601 1546.13 105671 4 223654 40.4036 8.6256 2 1 1080.16 61.4738 17.571 4 3 0.0625492 2.25657e-05 14.0472 2 
1.62105 -4.09976e-05 -1 0.810999 0.212552 0.000652601 1546.69 105675 3 45428.2 94.705 7.828 2 1 1056.34 45.0659 23.4399 4 3 0.0620092 2.2497e-05 14.0209 2 
1.62171 -4.09922e-05 -1 0.811138 0.212519 0.000652601 1547.22 105681 3 155764 118.836 10.9439 2 1 2038.23 76.4613 26.657 4 3 0.0610853 2.28949e-05 13.8697 2 
1.62236 -4.10308e-05 -1 0.811276 0.212496 0.000652601 1547.76 105687 3 57418.8 108.517 8.08822 2 1 916.295 38.1674 24.0072 4 3 0.0609385 2.32274e-05 13.7921 2 
1.62301 -4.10974e-05 -1 0.811415 0.212442 0.000652601 1548.36 105688 3 73825.5 124.474 8.40186 2 1 923.587 30.1362 30.6471 4 3 0.0603761 2.27379e-05 13.8475 2 
1.62367 -4.12563e-05 -1 0.811553 0.212443 0.000652601 1548.88 105695 3 89200.5 144.79 8.50896 2 1 1076.9 46.1056 23.3571 4 3 0.0599275 2.24079e-05 13.8806 2 
1.62432 -4.13532e-05 -1 0.811692 0.212403 0.000652601 1549.47 105697 3 57726.3 121.846 7.79568 2 1 1006.71 41.5698 24.2173 4 3 0.059139 2.15723e-05 13.9956 2 
1.62497 -4.133e-05 -1 0.811831 0.212363 0.000652601 1550.07 105698 4 210154 33.8412 8.87714 2 1 950.979 24.7899 38.3615 4 3 0.0584237 2.11886e-05 14.0226 2 
1.62562 -4.13506e-05 -1 0.811969 0.212335 0.000652601 1550.66 105701 2 45010.8 170.779 16.2346 2 1 1005.07 33.5769 29.9335 4 3 0.0573715 2.10532e-05 13.9677 2 
1.62628 -4.13461e-05 -1 0.812108 0.21231 0.000652601 1551.21 105705 3 114475 227.912 7.94905 2 1 942.663 27.8382 33.8623 4 3 0.0562532 2.09285e-05 13.9039 2 
1.62693 -4.11608e-05 -1 0.812247 0.212263 0.000652601 1551.76 105710 3 85650.2 90.2121 9.82851 2 1 942.1 44.5217 21.1605 4 3 0.0546306 2.06908e-05 13.8214 2 
1.62758 -4.12072e-05 -1 0.812385 0.212238 0.000652601 1552.3 105716 3 43144.9 116.963 7.17178 2 1 1234.85 67.1058 18.4015 4 3 0.0550336 2.1782e-05 13.62 2 
1.62823 -4.12759e-05 -1 0.812524 0.212205 0.000652601 1552.86 105720 4 211833 42.458 8.40444 2 1 824.348 44.06 18.7097 4 3 0.0536737 2.30853e-05 13.2477 2 
1.62889 -4.13302e-05 -1 0.812663 0.212168 0.000652601 1553.38 105726 3 44184.2 96.3835 7.7106 2 1 863.929 22.2392 38.8472 4 3 0.062826 2.39013e-05 13.8008 2 
1.62954 -4.13774e-05 -1 0.812801 0.212153 0.000652601 1553.95 105730 3 227477 219.757 10.1157 2 1 1732.97 35.5166 48.7932 4 3 0.0570853 2.40072e-05 13.3473 2 
1.63019 -4.13951e-05 -1 0.81294 0.212108 0.000652601 1554.46 105737 3 140254 104.696 11.0237 2 1 2030.45 42.2626 48.0436 4 3 0.0559393 2.70833e-05 12.7352 2 
1.63084 -4.14641e-05 -1 0.813078 0.21209 0.000652601 1554.99 105743 3 166367 140.28 10.585 2 1 2295.44 42.3625 54.1858 4 3 0.0545038 2.60578e-05 12.7888 2 
1.6315 -4.14367e-05 -1 0.813216 0.212053 0.000652601 1555.53 105749 4 229075 44.127 8.48825 2 1 1059.82 27.2696 38.8646 4 3 0.055106 2.32331e-05 13.3362 2 
1.63215 -4.14394e-05 -1 0.813355 0.212029 0.000652601 1556.12 105751 3 71795.6 193.452 7.18635 2 1 1148.47 43.2197 26.5728 4 3 0.0577105 2.25365e-05 13.6812 2 
1.6328 -4.14998e-05 -1 0.813493 0.211982 0.000652601 1556.67 105755 3 125345 231.857 8.14634 2 1 972.761 25.491 38.1609 4 3 0.0608925 2.1816e-05 14.0798 2 
1.63345 -4.1491e-05 -1 0.813631 0.211963 0.000652601 1557.21 105761 3 44125.3 128.83 6.99666 2 1 2744.89 35.3256 77.7025 4 3 0.0633985 2.2953e-05 14.0307 2 
1.63411 -4.15238e-05 -1 0.81377 0.211932 0.000652601 1557.75 105766 4 118405 39.3829 7.40484 2 1 873.246 28.2153 30.9493 4 3 0.063667 2.32056e-05 13.9993 2 
1.63476 -4.1501e-05 -1 0.813908 0.211893 0.000652601 1558.29 105771 3 42614.1 109.978 7.29038 2 1 905.356 29.8976 30.2819 4 3 0.0623988 2.37043e-05 13.8075 2 
1.63541 -4.14816e-05 -1 0.814046 0.211868 0.000652601 1558.85 105776 4 136671 35.9653 7.85141 2 1 893.354 24.3005 36.7627 4 3 0.0608121 2.45697e-05 13.5268 2 
1.63606 -4.14749e-05 -1 0.814184 0.211838 0.000652601 1559.36 105783 3 48532.3 131.741 7.16863 2 1 1061.47 42.9622 24.7071 4 3 0.0589855 2.52356e-05 13.2712 2 
1.63672 -4.15542e-05 -1 0.814322 0.211808 0.000652601 1559.89 105789 3 111013 173.833 8.61155 2 1 1116.07 36.0794 30.9338 4 3 0.0570303 2.56697e-05 13.0485 2 
1.63737 -4.14655e-05 -1 0.81446 0.211769 0.000652601 1560.45 105793 3 127024 126.587 10.0115 2 1 1432.55 36.4936 39.2548 4 3 0.0555722 8.40762e-05 8.71087 2 
1.63802 -4.15051e-05 -1 0.814598 0.211738 0.000652601 1561.08 105793 3 43829.6 83.4937 8.06686 2 1 911.846 50.6029 18.0196 4 4 0.0552171 2.07121e-05 7.18559 2 
1.63868 -4.15251e-05 -1 0.814736 0.211715 0.000652601 1561.68 105794 3 186525 106.668 12.0476 2 1 882.861 26.3179 33.546 4 3 0.0547272 9.82303e-05 8.22847 2 
1.63933 -4.16175e-05 -1 0.814874 0.211678 0.000652601 1562.21 105800 3 43284.1 114.653 7.22737 2 1 995.423 30.7313 32.3912 4 3 0.0538892 8.58348e-05 8.56274 2 
1.63998 -4.16462e-05 -1 0.815012 0.211644 0.000652601 1562.74 105806 3 43912.6 119.93 7.15407 2 1 1141.19 32.6459 34.9567 4 3 0.0528436 7.37561e-05 8.94811 2 
1.64063 -4.16829e-05 -1 0.81515 0.211615 0.000652601 1563.28 105812 3 147105 226.677 8.65778 2 1 1031.76 22.3674 46.128 4 3 0.0535704 6.49436e-05 9.37842 2 
1.64129 -4.17038e-05 -1 0.815289 0.211591 0.000652601 1563.83 105816 3 47727.7 71.7738 8.7284 2 1 1023.88 26.8523 38.1299 4 3 0.0548394 6.29227e-05 9.55202 2 
1.64194 -4.17446e-05 -1 0.815427 0.211561 0.000652601 1564.37 105821 3 70561.7 121.01 8.35441 2 1 960.792 26.3185 36.5064 4 3 0.0627158 5.83543e-05 10.2432 2 
1.64259 -4.18548e-05 -1 0.815565 0.211535 0.000652601 1564.92 105826 3 43787.1 95.2225 7.71854 2 1 938.773 30.5183 30.761 4 3 0.0625155 5.00631e-05 10.7685 2 
1.64324 -4.19335e-05 -1 0.815703 0.211492 0.000652601 1565.45 105832 3 44283.4 90.129 7.89088 2 1 859.844 26.9969 31.8497 4 3 0.0642459 4.65141e-05 11.1366 2 
1.6439 -4.20116e-05 -1 0.815841 0.211464 0.000652601 1565.96 105839 3 112067 95.254 10.5568 2 1 1455.5 22.9225 63.4965 4 3 0.0642146 4.54192e-05 11.2236 2 
1.64455 -4.20546e-05 -1 0.815979 0.211435 0.000652601 1566.56 105841 4 152102 32.7468 8.25546 2 1 940.4 36.0261 26.1033 4 3 0.0647646 4.58746e-05 11.2182 2 
1.6452 -4.20106e-05 -1 0.816117 0.211395 0.000652601 1567.12 105845 3 205069 232.772 9.58641 2 1 985.256 32.2418 30.5584 4 3 0.0643461 4.33937e-05 11.4033 2 
1.64585 -4.17989e-05 -1 0.816255 0.211368 0.000652601 1567.65 105851 3 99222.2 181.008 8.18409 2 1 950.543 77.8685 12.207 4 3 0.0643238 3.66425e-05 12.0632 2 
1.64651 -4.1738e-05 -1 0.816393 0.211327 0.000652601 1568.19 105856 3 55090.3 120.715 7.69906 2 1 1698.07 83.1877 20.4125 4 3 0.0634941 3.38244e-05 12.3358 2 
1.64716 -4.17294e-05 -1 0.816531 0.211308 0.000652601 1568.73 105861 4 226461 65.3484 7.67254 2 1 884.539 50.2865 17.59 4 3 0.0725393 3.22823e-05 13.0979 2 
1.64781 -4.16333e-05 -1 0.816669 0.211285 0.000652601 1569.28 105866 3 45112.1 128.432 7.05569 2 1 965.063 22.3962 43.0905 4 3 0.0725942 3.32848e-05 12.9684 2 
1.64846 -4.16022e-05 -1 0.816807 0.211267 0.000652601 1569.82 105872 3 135902 140.848 9.88155 2 1 932.862 34.1239 27.3375 4 3 0.0753516 3.27034e-05 13.2079 2 
1.64912 -4.15781e-05 -1 0.816945 0.211215 0.000652601 1570.35 105878 3 103991 115.197 9.66461 2 1 847.505 25.9565 32.6509 4 3 0.0751644 3.34977e-05 13.0918 2 
1.64977 -4.16191e-05 -1 0.817083 0.211197 0.000652601 1570.87 105884 3 161911 176.781 9.71136 2 1 1627.52 29.2574 55.6276 4 3 0.0760439 3.06842e-05 13.5327 2 
1.65042 -4.16118e-05 -1 0.817221 0.211155 0.000652601 1571.4 105891 3 214654 109.603 12.5114 2 1 1539.82 51.1787 30.0871 4 3 0.0756076 2.68706e-05 14.1176 2 
1.65107 -4.17656e-05 -1 0.817358 0.211123 0.000652601 1572 105892 3 43264.5 118.43 7.14864 2 1 1085.77 42.5164 25.5377 4 3 0.0756218 2.44009e-05 14.5796 2 
1.65173 -4.18274e-05 -1 0.817496 0.211091 0.000652601 1572.58 105894 3 68334.7 187.266 7.14596 2 1 1198.64 38.1551 31.4151 4 3 0.074835 2.34751e-05 14.7174 2 
1.65238 -4.18587e-05 -1 0.817633 0.211066 0.000652601 1573.26 105890 4 96036.6 31.3653 7.4387 2 1 1026.97 28.8115 35.6443 4 3 0.0743956 2.40411e-05 14.5724 2 
1.65303 -4.18566e-05 -1 0.817771 0.21103 0.000652601 1573.91 105888 4 231467 29.9716 9.37442 2 1 1002.9 24.6297 40.7192 4 3 0.0731169 2.44338e-05 14.4104 2 
1.65368 -4.1756e-05 -1 0.817909 0.211005 0.000652601 1574.53 105888 3 95923.6 81.803 10.5451 2 1 1004.96 22.459 44.7466 4 3 0.0724246 2.438e-05 14.3753 2 
1.65434 -4.17318e-05 -1 0.818046 0.210969 0.000652601 1575.08 105892 3 58090.3 99.7136 8.35186 2 1 1709.65 32.4837 52.6309 4 3 0.0711177 2.39807e-05 14.3672 2 
1.65499 -4.16804e-05 -1 0.818184 0.210937 0.000652601 1575.62 105898 3 44916 84.0232 8.11585 2 1 987.803 24.4666 40.3735 4 3 0.0699573 2.63477e-05 13.8472 2 
1.65564 -4.16904e-05 -1 0.818321 0.21092 0.000652601 1576.16 105903 3 120157 115.622 10.129 2 1 1350.14 35.7887 37.7253 4 3 0.0683894 2.57907e-05 13.8413 2 
1.6563 -4.1664e-05 -1 0.818459 0.210885 0.000652601 1576.69 105909 2 18129.5 93.5846 13.9184 2 1 907.822 24.2677 37.4087 4 3 0.0669777 2.50141e-05 13.8861 2 
1.65695 -4.16136e-05 -1 0.818596 0.210849 0.000652601 1577.27 105912 3 50226.4 98.1535 7.99851 2 1 760.277 30.3882 25.0188 4 3 0.0650752 2.40346e-05 13.9378 2 
1.6576 -4.1562e-05 -1 0.818734 0.210828 0.000652601 1577.83 105916 4 196408 103.902 6.59377 2 1 773.795 39.7503 19.4664 4 3 0.0635456 2.28616e-05 14.0603 2 
1.65825 -4.14305e-05 -1 0.818871 0.21079 0.000652601 1578.38 105920 3 54635.6 83.3112 8.68809 2 1 756.811 35.9374 21.0591 4 3 0.0619605 2.15556e-05 14.2184 2 
1.65891 -4.13235e-05 -1 0.819009 0.210755 0.000652601 1578.91 105926 3 143726 126.151 10.4443 2 1 1019.6 42.6998 23.8782 4 3 0.0607075 2.02169e-05 14.427 2 
1.65956 -4.13139e-05 -1 0.819147 0.21073 0.000652601 1579.48 105930 4 222833 45.8709 8.34854 2 1 1118.28 45.1039 24.7935 4 3 0.0590486 1.89846e-05 14.5972 2 
1.66021 -4.13668e-05 -1 0.819284 0.210692 0.000652601 1580.03 105934 3 44604.9 100.291 7.63321 2 1 1119.3 34.459 32.4822 4 3 0.058474 1.93739e-05 14.4516 2 
1.66086 -4.13754e-05 -1 0.819422 0.21067 0.000652601 1580.58 105938 3 46786.1 106.336 7.60581 2 1 969.937 25.3565 38.252 4 3 0.0579477 1.98705e-05 14.287 2 
1.66152 -4.15396e-05 -1 0.819559 0.210635 0.000652601 1581.1 105945 3 109610 104.284 10.1674 2 1 951.508 34.6243 27.481 4 3 0.0576067 2.10097e-05 13.9964 2 
1.66217 -4.15591e-05 -1 0.819697 0.210614 0.000652601 1581.63 105951 3 67262.1 104.627 8.63062 2 1 1018.96 41.1446 24.7653 4 3 0.0569576 2.17636e-05 13.7808 2 
1.66282 -4.16247e-05 -1 0.819834 0.210575 0.000652601 1582.16 105957 3 44438.6 134.145 6.9193 2 1 1067.95 38.2671 27.9079 4 3 0.05752 2.17951e-05 13.8193 2 
1.66347 -4.16475e-05 -1 0.819972 0.210551 0.000652601 1582.73 105960 3 36659.6 107.308 6.99067 2 1 954.023 35.2027 27.1009 4 3 0.0584116 2.25304e-05 13.7376 2 
1.66413 -4.16472e-05 -1 0.82011 0.210521 0.000652601 1583.28 105965 3 74718.2 82.8217 9.6626 2 1 948.591 28.0665 33.7979 4 3 0.0591888 2.30928e-05 13.6853 2 
1.66478 -4.16262e-05 -1 0.820247 0.21049 0.000652601 1583.86 105968 3 202284 199.141 10.0523 2 1 818.83 19.6486 41.6737 4 3 0.0599907 2.37555e-05 13.6178 2 
1.66543 -4.17017e-05 -1 0.820384 0.210462 0.000652601 1584.37 105975 2 7393.31 31.7864 15.251 2 1 1201.59 46.4091 25.8913 4 3 0.060927 2.44035e-05 13.566 2 
1.66608 -4.17407e-05 -1 0.820522 0.210445 0.000652601 1584.93 105979 3 43336.1 86.1892 7.9518 2 1 1234.84 54.8015 22.5329 4 3 0.0616679 2.50337e-05 13.5055 2 
1.66674 -4.17807e-05 -1 0.820659 0.210416 0.000652601 1585.48 105983 3 129622 191.241 8.78415 2 1 1005.6 25.0009 40.2224 4 3 0.0625828 2.63535e-05 13.3415 2 
1.66739 -4.18196e-05 -1 0.820796 0.210366 0.000652601 1586.05 105986 4 44591.3 59.7886 5.22586 2 1 972.274 32.2323 30.1646 4 3 0.0705915 3.02372e-05 13.2659 2 
1.66804 -4.18303e-05 -1 0.820933 0.210337 0.000652601 1586.6 105991 4 161788 107.819 6.22391 2 1 1473.84 41.1381 35.8267 4 3 0.0727105 3.19267e-05 13.1567 2 
1.66869 -4.17789e-05 -1 0.82107 0.2103 0.000652601 1587.14 105996 3 36280.7 48.6246 9.06999 2 1 933.325 34.6286 26.9525 4 3 0.0727165 3.2042e-05 13.1413 2 
1.66935 -4.17811e-05 -1 0.821207 0.210281 0.000652601 1587.73 105998 3 60990.2 175.196 7.0347 2 1 1092.8 20.5123 53.2757 4 3 0.0744075 3.23348e-05 13.2023 2 
1.67 -4.17956e-05 -1 0.821345 0.210252 0.000652601 1588.33 106000 3 53388 231.516 6.13226 2 1 1552.35 64.305 24.1405 4 3 0.0742899 3.18304e-05 13.2647 2 
1.67065 -4.17975e-05 -1 0.821482 0.210221 0.000652601 1588.91 106002 3 211873 189.034 10.3875 2 1 1044.53 27.9086 37.4269 4 3 0.0751951 3.16672e-05 13.3412 2 
1.67131 -4.18823e-05 -1 0.821619 0.210194 0.000652601 1589.5 106004 4 235922 48.7319 8.3414 2 1 1057.55 60.9944 17.3385 4 3 0.0750627 3.09843e-05 13.4306 2 
1.67196 -4.19042e-05 -1 0.821756 0.21016 0.000652601 1590.05 106008 3 43642.9 91.1696 7.82266 2 1 1231.94 29.3752 41.938 4 3 0.0757053 3.04421e-05 13.5483 2 
1.67261 -4.1908e-05 -1 0.821893 0.210143 0.000652601 1590.6 106013 3 65271 189.016 7.01575 2 1 1049.79 28.5302 36.7958 4 3 0.0755091 2.94419e-05 13.6881 2 
1.67326 -4.19915e-05 -1 0.82203 0.210115 0.000652601 1591.17 106016 3 118358 133.339 9.61051 2 1 950.277 44.4972 21.3559 4 3 0.075899 2.85216e-05 13.8576 2 
1.67392 -4.2051e-05 -1 0.822167 0.210073 0.000652601 1591.72 106021 3 47844.2 125.105 7.25858 2 1 892.181 39.1187 22.807 4 3 0.0757403 2.72874e-05 14.0536 2 
1.67457 -4.2075e-05 -1 0.822304 0.210036 0.000652601 1592.29 106024 4 220324 35.7161 8.86236 2 1 2116.92 85.2029 24.8457 4 3 0.0758909 2.62862e-05 14.2393 2 
1.67522 -4.20214e-05 -1 0.822441 0.210029 0.000652601 1592.82 106030 3 235081 201.173 10.5329 2 1 1152.64 30.0981 38.2961 4 3 0.0756307 2.50267e-05 14.4577 2 
1.67587 -4.1717e-05 -1 0.822578 0.209973 0.000652601 1593.4 106032 3 36428.4 97.3552 7.20599 2 1 1159.04 46.7815 24.7757 4 3 0.0754131 2.40078e-05 14.6453 2 
1.67653 -4.16121e-05 -1 0.822715 0.209956 0.000652601 1593.99 106034 3 43955.1 126.938 7.02219 2 1 1068.31 61.2618 17.4384 4 3 0.0752135 3.41576e-05 13.0098 2 
1.67718 -4.17807e-05 -1 0.822852 0.209909 0.000652601 1594.59 106035 3 169265 108.086 11.6127 2 1 893.475 48.5561 18.4009 4 4 0.0747594 2.07541e-05 7.74712 2 
1.67783 -4.20201e-05 -1 0.822989 0.209897 0.000652601 1595.18 106037 3 36983.5 91.5717 7.39178 2 1 1186.59 47.3795 25.0443 4 4 0.074212 2.42139e-05 7.44051 2 
1.67848 -4.21304e-05 -1 0.823126 0.20986 0.000652601 1595.78 106038 3 77239.6 99.4206 9.19294 2 1 1148.49 29.5881 38.816 4 4 0.0738948 2.26283e-05 7.55945 2 
1.67914 -4.2196e-05 -1 0.823263 0.209841 0.000652601 1596.33 106043 3 106335 126.903 9.42759 2 1 1035.68 26.4683 39.129 4 3 0.0727489 9.65381e-05 9.10003 2 
1.67979 -4.22652e-05 -1 0.8234 0.209815 0.000652601 1596.85 106049 3 44442 101.78 7.58655 2 1 990.721 30.708 32.2627 4 3 0.0722239 8.32444e-05 9.53766 2 
1.68044 -4.22976e-05 -1 0.823537 0.209778 0.000652601 1597.41 106053 3 43978.7 102.119 7.55172 2 1 973.108 35.8318 27.1577 4 3 0.0713166 7.28041e-05 9.93143 2 
1.68109 -4.22866e-05 -1 0.823674 0.209746 0.000652601 1597.99 106056 3 72921.9 87.9231 9.39547 2 1 926.536 31.5288 29.3869 4 3 0.0720208 7.0537e-05 10.0696 2 
1.68175 -4.2296e-05 -1 0.823811 0.20972 0.000652601 1598.57 106058 3 43764.6 84.0795 8.0441 2 1 850.346 28.4737 29.8642 4 3 0.071839 6.41084e-05 10.3868 2 
1.6824 -4.2342e-05 -1 0.823948 0.209668 0.000652601 1599.12 106063 3 53089.8 89.2113 8.41131 2 1 3341.39 88.4191 37.7904 4 3 0.0718168 5.66281e-05 10.8243 2 
1.68305 -4.23827e-05 -1 0.824085 0.209651 0.000652601 1599.65 106069 3 41511.5 112.106 7.18091 2 1 892.723 29.0388 30.7425 4 3 0.0709121 5.18602e-05 11.0993 2 
1.6837 -4.2394e-05 -1 0.824222 0.209623 0.000652601 1600.2 106073 3 82670.6 198.762 7.46459 2 1 883.055 31.839 27.735 4 3 0.0702198 5.10887e-05 11.1185 2 
1.68436 -4.24581e-05 -1 0.824359 0.209598 0.000652601 1600.75 106077 3 194530 224.261 9.53698 2 1 865.292 28.4995 30.3617 4 3 0.0688001 5.13193e-05 11.0265 2 
1.68501 -4.23674e-05 -1 0.824495 0.209561 0.000652601 1601.27 106084 3 34335 66.385 8.02704 2 1 974.437 58.7882 16.5754 4 3 0.0676241 4.73934e-05 11.258 2 
1.68566 -4.2368e-05 -1 0.824632 0.209536 0.000652601 1601.85 106087 4 232857 35.1336 9.0228 2 1 1318.79 71.9042 18.3409 4 3 0.0660695 4.07887e-05 11.7441 2 
1.68631 -4.24217e-05 -1 0.824768 0.209515 0.000652601 1602.4 106091 3 44465.9 98.834 7.66255 2 1 1017.98 24.9123 40.8624 4 3 0.0645003 3.79357e-05 11.9354 2 
1.68697 -4.25178e-05 -1 0.824905 0.209481 0.000652601 1602.94 106096 3 152673 160.189 9.84109 2 1 1039.42 23.3361 44.5412 4 3 0.0638207 3.67732e-05 12.0174 2 
1.68762 -4.25753e-05 -1 0.825041 0.209448 0.000652601 1603.61 106093 3 56523.2 152.293 7.18647 2 1 1286.83 49.6262 25.9305 4 3 0.0636142 3.71971e-05 11.9586 2 
1.68827 -4.26429e-05 -1 0.825178 0.209419 0.000652601 1604.26 106091 3 90766 94.6016 9.86298 2 1 1015.9 45.6585 22.2499 4 3 0.062877 3.69481e-05 11.939 2 
1.68893 -4.26996e-05 -1 0.825315 0.209386 0.000652601 1604.91 106089 3 52914.5 131.283 7.38677 2 1 2505.26 65.7042 38.1293 4 3 0.0624503 3.77282e-05 11.8292 2 
1.68958 -4.27512e-05 -1 0.825451 0.209362 0.000652601 1605.51 106089 3 37764.2 53.2035 8.92031 2 1 1060.77 30.6781 34.5774 4 3 0.0615134 3.40007e-05 12.185 2 
1.69023 -4.27882e-05 -1 0.825588 0.209323 0.000652601 1606.09 106092 3 211566 110.751 12.4079 2 1 989.508 26.9017 36.7823 4 3 0.0606871 3.00188e-05 12.6445 2 
1.69088 -4.2871e-05 -1 0.825724 0.209306 0.000652601 1606.71 106092 3 115675 116.763 9.96883 2 1 1248.93 38.5596 32.3896 4 3 0.0595023 2.69351e-05 13.0238 2 
1.69154 -4.28405e-05 -1 0.825861 0.20927 0.000652601 1607.28 106095 3 44115.9 109.672 7.38187 2 1 1160.57 44.5531 26.0492 4 3 0.0579191 2.54907e-05 13.1466 2 
1.69219 -4.28885e-05 -1 0.825997 0.209237 0.000652601 1607.86 106097 4 216905 32.5592 9.03439 2 1 965.876 26.3359 36.6752 4 3 0.0560863 2.74484e-05 12.6896 2 
1.69284 -4.29328e-05 -1 0.826134 0.209201 0.000652601 1608.41 106102 3 80167.4 118.983 8.76673 2 1 1619.19 25.6107 63.2233 4 3 0.0578429 2.70994e-05 12.8755 2 
1.69349 -4.29154e-05 -1 0.826271 0.209176 0.000652601 1608.98 106106 3 44058.5 78.1108 8.2624 2 1 947.887 34.7737 27.2587 4 3 0.0562312 2.66985e-05 12.8183 2 
1.69415 -4.29505e-05 -1 0.826407 0.209168 0.000652601 1609.55 106109 3 43247.3 110.511 7.31451 2 1 913.831 17.77 51.4255 4 3 0.0650761 2.70601e-05 13.3977 2 
1.6948 -4.3002e-05 -1 0.826544 0.209107 0.000652601 1610.12 106111 4 232809 99.0534 6.96278 2 1 1744.81 32.2724 54.065 4 3 0.0594122 2.54662e-05 13.2629 2 
1.69545 -4.2846e-05 -1 0.82668 0.20908 0.000652601 1610.66 106116 3 169969 171.391 9.97226 2 1 875.887 27.5608 31.7802 4 3 0.0576355 2.62211e-05 13.0021 2 
1.6961 -4.29091e-05 -1 0.826817 0.209061 0.000652601 1611.25 106119 3 43768.7 104.734 7.47639 2 1 1158.59 60.5948 19.1203 4 3 0.056911 2.43448e-05 13.2718 2 
1.69676 -4.29939e-05 -1 0.826953 0.209046 0.000652601 1611.85 106120 3 231105 224.925 10.0908 2 1 1125.41 40.9021 27.5147 4 3 0.0579821 2.09204e-05 14.0467 2 
1.69741 -4.29152e-05 -1 0.82709 0.209001 0.000652601 1612.44 106122 3 31098.5 83.8961 7.18344 2 1 1199.52 57.799 20.7533 4 3 0.0604255 1.96807e-05 14.5343 2 
1.69806 -4.2939e-05 -1 0.827226 0.208973 0.000652601 1613.05 106122 3 71243 114.675 8.53279 2 1 2907.06 67.3154 43.1857 4 3 0.0648904 1.92352e-05 14.9978 2 
1.69871 -4.29882e-05 -1 0.827363 0.208938 0.000652601 1613.64 106124 3 44267.4 80.5907 8.18967 2 1 923.717 32.1623 28.7205 4 3 0.0658876 1.88939e-05 15.1645 2 
1.69937 -4.29972e-05 -1 0.827499 0.208918 0.000652601 1614.24 106125 3 43420.2 131.237 6.91638 2 1 960.398 29.1476 32.9494 4 3 0.0650144 1.86899e-05 15.1519 2 
1.70002 -4.29947e-05 -1 0.827635 0.208897 0.000652601 1614.82 106127 3 44679.7 105.786 7.50288 2 1 952.278 33.1158 28.756 4 3 0.0635325 1.87822e-05 15.0112 2 
1.70067 -4.30848e-05 -1 0.827772 0.20886 0.000652601 1615.39 106130 3 64645.6 45.4386 11.247 2 1 884.719 36.1504 24.4733 4 3 0.0618791 1.90388e-05 14.8127 2 
1.70132 -4.31444e-05 -1 0.827908 0.208827 0.000652601 1615.97 106133 3 96415.8 124.007 9.19532 2 1 1476.41 24.9788 59.1068 4 3 0.06013 1.90477e-05 14.6695 2 
1.70198 -4.31215e-05 -1 0.828044 0.208807 0.000652601 1616.56 106135 3 44156.5 129.397 6.98806 2 1 864.32 30.8956 27.9755 4 3 0.0580079 1.78563e-05 14.8103 2 
1.70263 -4.30808e-05 -1 0.82818 0.208784 0.000652601 1617.13 106138 3 121799 167.12 8.99921 2 1 794.473 23.7405 33.4649 4 3 0.0587088 1.55976e-05 15.5554 2 
1.70328 -4.31737e-05 -1 0.828316 0.208739 0.000652601 1617.7 106141 3 189470 215.268 9.58341 2 1 1036.09 37.4388 27.6742 4 3 0.0598691 1.67636e-05 15.2854 2 
1.70394 -4.3236e-05 -1 0.828452 0.208711 0.000652601 1618.25 106145 3 34939.3 47.3779 9.03468 2 1 1211.44 48.1259 25.1723 4 3 0.0613041 1.73271e-05 15.2378 2 
1.70459 -4.32784e-05 -1 0.828588 0.208682 0.000652601 1618.83 106148 3 54554.7 61.243 9.62185 2 1 2081.59 81.1533 25.65 4 3 0.0623898 1.79971e-05 15.1346 2 
1.70524 -4.33162e-05 -1 0.828724 0.208656 0.000652601 1619.37 106153 3 147637 132.121 10.3771 2 1 1119.13 35.2476 31.7505 4 3 0.0650664 1.91493e-05 15.0338 2 
1.70589 -4.32374e-05 -1 0.828861 0.208616 0.000652601 1619.97 106154 3 85864.4 113.81 9.10355 2 1 1170.34 30.5599 38.2966 4 3 0.0676928 2.03215e-05 14.9347 2 
1.70655 -4.33146e-05 -1 0.828997 0.208596 0.000652601 1620.53 106158 3 43548.7 114.228 7.25104 2 1 1052.08 38.8802 27.0596 4 3 0.0675788 2.08567e-05 14.7975 2 
1.7072 -4.3362e-05 -1 0.829133 0.208576 0.000652601 1621.09 106161 3 50926.1 229.753 6.05192 2 1 963.247 38.5008 25.0189 4 3 0.0754652 2.11909e-05 15.2709 2 
1.70785 -4.34341e-05 -1 0.829269 0.208523 0.000652601 1621.66 106165 3 44630.5 136.914 6.88222 2 1 903.751 49.9248 18.1022 4 3 0.0757226 1.97847e-05 15.6422 2 
1.7085 -4.35053e-05 -1 0.829405 0.208514 0.000652601 1622.21 106169 3 112800 97.8128 10.4867 2 1 1448.51 26.9348 53.7782 4 3 0.0783729 2.04146e-05 15.6582 2 
1.70916 -4.36078e-05 -1 0.829541 0.208475 0.000652601 1622.75 106174 3 81819.5 69.9994 10.5339 2 1 1014.52 27.6517 36.689 4 3 0.0784377 2.06396e-05 15.6054 2 
1.70981 -4.36198e-05 -1 0.829677 0.208448 0.000652601 1623.31 106178 3 205796 132.317 11.5862 2 1 974.914 31.6957 30.7586 4 3 0.0791914 2.06148e-05 15.6615 2 
1.71046 -4.36944e-05 -1 0.829813 0.208423 0.000652601 1623.91 106179 4 234436 55.0868 8.07689 2 1 972.415 39.4909 24.6238 4 3 0.0788819 2.01547e-05 15.7592 2 
1.71111 -4.37484e-05 -1 0.829949 0.208393 0.000652601 1624.48 106182 3 42934 120.445 7.0904 2 1 1316.77 38.5791 34.1317 4 3 0.0789795 1.74008e-05 16.557 2 
1.71177 -4.37654e-05 -1 0.830085 0.208362 0.000652601 1625.07 106184 4 193903 48.8205 7.93863 2 1 1073.68 33.7383 31.8239 4 3 0.0780935 1.71421e-05 16.5774 2 
1.71242 -4.37813e-05 -1 0.830221 0.208328 0.000652601 1625.65 106187 3 75708.4 129.013 8.37216 2 1 895.813 24.3782 36.7465 4 3 0.0778788 1.72697e-05 16.5213 2 
1.71307 -4.36867e-05 -1 0.830357 0.208299 0.000652601 1626.19 106191 3 135933 121.094 10.3928 2 1 2382.41 51.5105 46.2511 4 3 0.0769252 1.76119e-05 16.3463 2 
1.71372 -4.37447e-05 -1 0.830493 0.208274 0.000652601 1626.85 106188 4 109479 47.1634 6.94115 2 1 1005.3 49.9795 20.1143 4 3 0.0763929 1.78644e-05 16.2314 2 
1.71438 -4.37766e-05 -1 0.830629 0.208252 0.000652601 1627.46 106189 4 221620 42.0621 8.5198 2 1 1691.3 31.7377 53.2898 4 3 0.075205 1.81738e-05 16.0546 2 
1.71503 -4.3834e-05 -1 0.830765 0.208227 0.000652601 1628.03 106192 3 42138.8 113.423 7.18887 2 1 1058.94 38.8003 27.2921 4 3 0.0742005 1.92035e-05 15.6919 2 
1.71568 -4.38679e-05 -1 0.830901 0.208191 0.000652601 1628.59 106196 3 66104.3 126.241 8.06016 2 1 1198.56 36.0344 33.2614 4 3 0.0727686 2.01405e-05 15.3447 2 
1.71633 -4.37998e-05 -1 0.831037 0.208157 0.000652601 1629.18 106197 4 241586 42.272 8.6947 2 1 1073.23 37.9183 28.3037 4 3 0.0714975 2.59178e-05 14.0248 2 
1.71699 -4.38363e-05 -1 0.831173 0.208126 0.000652601 1629.77 106200 2 8571.8 58.3783 12.1174 2 1 1060.92 38.5478 27.5221 4 3 0.0698309 9.30106e-05 9.08877 2 
1.71764 -4.38514e-05 -1 0.831309 0.208104 0.000652601 1630.44 106196 4 225714 30.7275 9.2578 2 1 1061.27 42.6691 24.8721 4 4 0.0682978 2.03004e-05 7.61597 2 
1.71829 -4.38437e-05 -1 0.831444 0.208077 0.000652601 1630.99 106200 3 44095.2 123.363 7.0969 2 1 1749.96 31.2814 55.9426 4 3 0.0671821 9.60535e-05 8.8766 2 
1.71894 -4.38333e-05 -1 0.83158 0.208053 0.000652601 1631.58 106202 3 152675 217.963 8.881 2 1 923.36 30.991 29.7945 4 3 0.0674841 8.36839e-05 9.30793 2 
1.7196 -4.39019e-05 -1 0.831715 0.208009 0.000652601 1632.15 106205 3 58553.6 105.715 8.21244 2 1 1475.73 44.6273 33.068 4 3 0.067445 7.19552e-05 9.78654 2 
1.72025 -4.38354e-05 -1 0.831851 0.207987 0.000652601 1632.81 106202 4 227625 74.4099 7.43699 2 1 801.5 29.4805 27.1875 4 3 0.0679821 6.3871e-05 10.2101 2 
1.7209 -4.3712e-05 -1 0.831987 0.207952 0.000652601 1633.49 106198 3 113984 145.204 9.22475 2 1 846.522 25.2468 33.5299 4 3 0.0679734 6.22759e-05 10.2961 2 
1.72156 -4.37021e-05 -1 0.832122 0.207925 0.000652601 1634.13 106197 3 52991.6 106.244 7.93051 2 1 829.266 35.1755 23.5751 4 3 0.068056 5.68275e-05 10.6195 2 
1.72221 -4.37071e-05 -1 0.832258 0.20791 0.000652601 1634.77 106196 3 179997 210.938 9.485 2 1 851.465 29.6647 28.703 4 3 0.0682795 4.92832e-05 11.148 2 
1.72286 -4.36098e-05 -1 0.832393 0.207862 0.000652601 1635.38 106196 3 85629.2 170.121 7.95466 2 1 1100.47 54.6325 20.1431 4 3 0.0682936 4.57986e-05 11.4246 2 
1.72351 -4.35917e-05 -1 0.832529 0.207838 0.000652601 1635.99 106196 3 141820 147.32 9.87399 2 1 1303.91 70.0919 18.6028 4 3 0.0683433 4.49738e-05 11.4969 2 
1.72417 -4.36174e-05 -1 0.832665 0.207813 0.000652601 1636.56 106199 3 44939.1 117.562 7.25748 2 1 1151.51 48.5136 23.7357 4 3 0.0682766 4.53997e-05 11.4571 2 
1.72482 -4.35902e-05 -1 0.8328 0.207786 0.000652601 1637.11 106203 3 42386.3 58.7383 8.9695 2 1 1109.04 40.5121 27.3756 4 3 0.0681559 4.22615e-05 11.727 2 
1.72547 -4.35539e-05 -1 0.832936 0.20775 0.000652601 1637.68 106206 3 42927.6 104.573 7.432 2 1 979.95 26.4831 37.0029 4 3 0.068195 3.62368e-05 12.3462 2 
1.72612 -4.35143e-05 -1 0.833071 0.207722 0.000652601 1638.26 106209 3 109528 106.068 10.1076 2 1 938.99 23.8044 39.446 4 3 0.0680159 3.34407e-05 12.67 2 
1.72678 -4.35293e-05 -1 0.833207 0.207702 0.000652601 1638.83 106212 4 108797 35.729 7.42847 2 1 936.928 41.8385 22.3939 4 3 0.0679407 3.21913e-05 12.8272 2 
1.72743 -4.35363e-05 -1 0.833343 0.207686 0.000652601 1639.38 106216 3 43823.8 128.085 6.99419 2 1 1454.55 31.2577 46.5341 4 3 0.0676872 3.30645e-05 12.6974 2 
1.72808 -4.36363e-05 -1 0.833478 0.207644 0.000652601 1639.94 106220 3 43005.6 32.754 10.9501 2 1 1794.87 39.1588 45.8357 4 3 0.0675104 3.2626e-05 12.7429 2 
1.72873 -4.36392e-05 -1 0.833614 0.207615 0.000652601 1640.51 106223 3 204034 80.1009 13.657 2 1 879.282 17.1653 51.2243 4 3 0.0672269 3.30057e-05 12.6761 2 
1.72939 -4.36816e-05 -1 0.833749 0.20761 0.000652601 1641.09 106226 3 73803 108.753 8.78774 2 1 1196.07 26.0072 45.9898 4 3 0.0669863 3.01673e-05 13.0462 2 
1.73004 -4.37383e-05 -1 0.833885 0.207567 0.000652601 1641.66 106229 3 59063.6 116.463 7.97463 2 1 1098.39 31.0547 35.3696 4 3 0.0665675 2.63714e-05 13.6158 2 
1.73069 -4.37771e-05 -1 0.83402 0.207533 0.000652601 1642.23 106232 3 43075.5 120.496 7.09717 2 1 1158.94 24.6206 47.0721 4 3 0.066015 2.35832e-05 14.0933 2 
1.73134 -4.37806e-05 -1 0.834156 0.207504 0.000652601 1642.79 106235 3 127705 94.1983 11.0677 2 1 1021.56 22.9732 44.4674 4 3 0.065487 2.18278e-05 14.4228 2 
1.732 -4.3785e-05 -1 0.834291 0.207477 0.000652601 1643.35 106239 3 42490.6 75.1116 8.27044 2 1 942.664 25.4457 37.0461 4 3 0.0650642 2.39667e-05 13.9501 2 
1.73265 -4.37725e-05 -1 0.834427 0.207447 0.000652601 1643.91 106243 3 157674 104.461 11.471 2 1 965.6 24.2878 39.7565 4 3 0.0644327 2.35599e-05 13.9844 2 
1.7333 -4.36721e-05 -1 0.834562 0.207413 0.000652601 1644.49 106245 4 239990 39.7564 8.81448 2 1 1662.01 25.8368 64.3271 4 3 0.0639806 2.56611e-05 13.5599 2 
1.73395 -4.37299e-05 -1 0.834697 0.207392 0.000652601 1645.04 106250 3 218454 169.626 10.8798 2 1 1043.49 51.624 20.2132 4 3 0.0637507 2.86648e-05 13.053 2 
1.73461 -4.37667e-05 -1 0.834833 0.207366 0.000652601 1645.59 106254 3 61853.6 102.469 8.45132 2 1 1058.35 45.9535 23.0309 4 3 0.0646334 2.99679e-05 12.9201 2 
1.73526 -4.37894e-05 -1 0.834968 0.207326 0.000652601 1646.19 106255 3 42559 70.5448 8.44972 2 1 1183.18 31.3118 37.7871 4 3 0.0654296 2.65923e-05 13.5002 2 
1.73591 -4.38264e-05 -1 0.835103 0.207302 0.000652601 1646.77 106257 3 92093.9 129.364 8.92906 2 1 1025.37 31.328 32.7301 4 3 0.0660889 2.22749e-05 14.3694 2 
1.73657 -4.38445e-05 -1 0.835238 0.207287 0.000652601 1647.34 106260 3 57153 122.114 7.76411 2 1 1011.8 39.2436 25.7824 4 3 0.0732785 1.76e-05 16.0875 2 
1.73722 -4.38654e-05 -1 0.835373 0.207247 0.000652601 1647.88 106265 3 228016 189.899 10.6287 2 1 1098.87 32.6246 33.6824 4 3 0.0760827 1.82799e-05 16.0856 2 
1.73787 -4.40053e-05 -1 0.835509 0.207219 0.000652601 1648.47 106267 4 237772 58.2976 7.99148 2 1 1194.04 52.4499 22.7654 4 3 0.0764809 1.91358e-05 15.8697 2 
1.73852 -4.39423e-05 -1 0.835644 0.207193 0.000652601 1649.04 106270 3 51649.5 129.502 7.36088 2 1 1266.74 82.1614 15.4176 4 3 0.0776516 1.91427e-05 15.9484 2 
1.73918 -4.39432e-05 -1 0.835779 0.207164 0.000652601 1649.6 106274 3 43514.6 125.191 7.03106 2 1 1040.39 48.7224 21.3533 4 3 0.0779089 1.92242e-05 15.9433 2 
1.73983 -4.39383e-05 -1 0.835914 0.207134 0.000652601 1650.17 106277 3 48029.8 115.042 7.47398 2 1 899.078 28.3788 31.6813 4 3 0.0780611 1.90618e-05 15.9989 2 
1.74048 -4.39649e-05 -1 0.836049 0.207112 0.000652601 1650.72 106281 3 177483 151.9 10.5325 2 1 1255.04 30.6143 40.9952 4 3 0.0772063 1.88278e-05 16.0061 2 
1.74113 -4.39844e-05 -1 0.836184 0.207082 0.000652601 1651.31 106282 4 142414 56.8528 7.07457 2 1 1090.15 31.4882 34.621 4 3 0.0765807 1.82775e-05 16.1213 2 
1.74179 -4.39234e-05 -1 0.836319 0.207045 0.000652601 1651.91 106283 4 102167 31.9086 7.5223 2 1 1292.1 50.0605 25.8108 4 3 0.0751341 1.77973e-05 16.162 2 
1.74244 -4.39121e-05 -1 0.836454 0.207031 0.000652601 1652.45 106289 3 58304.6 163.343 7.09361 2 1 1167.58 35.8897 32.5325 4 3 0.0740949 1.72146e-05 16.2666 2 
1.74309 -4.39646e-05 -1 0.836589 0.206998 0.000652601 1653.04 106290 3 27351.2 29.6349 9.73623 2 1 1085.63 25.9674 41.8076 4 3 0.0722816 1.67132e-05 16.2926 2 
1.74374 -4.40294e-05 -1 0.836724 0.206971 0.000652601 1653.61 106293 3 105811 94.0023 10.4023 2 1 1010.77 23.5547 42.9116 4 3 0.0706571 1.61321e-05 16.3615 2 
1.7444 -4.40765e-05 -1 0.83686 0.206945 0.000652601 1654.2 106295 3 43547.8 167.168 6.38662 2 1 1038.53 33.3638 31.1274 4 3 0.0685368 1.56373e-05 16.3652 2 
1.74505 -4.40734e-05 -1 0.836995 0.206911 0.000652601 1654.75 106299 3 71702.5 146.934 7.87295 2 1 2125.7 55.2323 38.4866 4 3 0.0664518 1.58725e-05 16.1171 2 
1.7457 -4.40962e-05 -1 0.83713 0.206883 0.000652601 1655.33 106302 4 231089 50.6572 8.21835 2 1 1073.23 25.6086 41.9091 4 3 0.0640268 1.65032e-05 15.7132 2 
1.74635 -4.41344e-05 -1 0.837265 0.206857 0.000652601 1655.91 106304 4 209876 53.2041 7.92509 2 1 979.465 33.4184 29.3092 4 3 0.0629776 1.6657e-05 15.5787 2 
1.74701 -4.41557e-05 -1 0.8374 0.206833 0.000652601 1656.48 106307 3 68854.2 207.373 6.92457 2 1 850.381 21.3265 39.8744 4 3 0.062413 1.68476e-05 15.4732 2 
1.74766 -4.41703e-05 -1 0.837535 0.206799 0.000652601 1657.05 106310 3 198516 184.458 10.2478 2 1 1287.23 72.7331 17.698 4 3 0.0622985 1.71518e-05 15.3717 2 
1.74831 -4.42337e-05 -1 0.83767 0.206773 0.000652601 1657.63 106312 3 43681.7 192.592 6.09846 2 1 904.994 49.392 18.3227 4 3 0.0618847 1.70212e-05 15.3767 2 
1.74896 -4.4263e-05 -1 0.837805 0.206742 0.000652601 1658.21 106315 3 125547 144.174 9.54934 2 1 1080.08 40.2218 26.8532 4 3 0.0614254 1.50387e-05 15.985 2 
1.74962 -4.43159e-05 -1 0.83794 0.206716 0.000652601 1658.77 106318 3 96821.2 109.52 9.59751 2 1 1151.61 37.0525 31.0806 4 3 0.0605282 1.26949e-05 16.831 2 
1.75027 -4.44374e-05 -1 0.838075 0.206693 0.000652601 1659.3 106323 3 38568 102.619 7.2166 2 1 1250.24 32.1414 38.8981 4 3 0.0600823 1.23661e-05 16.9371 2 
1.75092 -4.44504e-05 -1 0.83821 0.206666 0.000652601 1659.86 106327 3 152531 98.9266 11.5527 2 1 987.307 28.8182 34.2599 4 3 0.0613236 1.35606e-05 16.5367 2 
1.75158 -4.44716e-05 -1 0.838344 0.206638 0.000652601 1660.42 106331 3 60712.1 123.568 7.89085 2 1 984.527 34.4058 28.6152 4 3 0.0626721 1.49076e-05 16.1395 2 
1.75223 -4.452e-05 -1 0.838479 0.206618 0.000652601 1660.97 106335 3 43718.1 123.998 7.06451 2 1 1209.31 27.3866 44.1572 4 3 0.0640605 1.59154e-05 15.9071 2 
1.75288 -4.45733e-05 -1 0.838614 0.206589 0.000652601 1661.53 106339 3 43553.7 100.622 7.56446 2 1 1053.9 29.379 35.8724 4 3 0.0654284 1.66735e-05 15.773 2 
1.75353 -4.4637e-05 -1 0.838749 0.206551 0.000652601 1662.12 106341 4 208890 36.039 8.72542 2 1 1043.11 32.2351 32.3596 4 3 0.0667846 1.67409e-05 15.8598 2 
1.75419 -4.4654e-05 -1 0.838883 0.206521 0.000652601 1662.71 106342 3 44546.4 118.917 7.2087 2 1 1006.57 30.0242 33.5252 4 3 0.0681473 1.61733e-05 16.1516 2 
1.75484 -4.47064e-05 -1 0.839018 0.206493 0.000652601 1663.4 106337 3 56861.7 92.903 8.49044 2 1 1078.2 40.644 26.5279 4 3 0.0762824 1.67343e-05 16.5808 2 
1.75549 -4.48025e-05 -1 0.839153 0.206462 0.000652601 1664.05 106335 3 240224 217.713 10.3334 2 1 929.03 31.7984 29.2163 4 3 0.0789766 1.70787e-05 16.6602 2 
1.75614 -4.48215e-05 -1 0.839287 0.206435 0.000652601 1664.68 106334 3 69335.3 124.445 8.22858 2 1 2646.8 76.073 34.7929 4 3 0.0794232 2.08606e-05 15.6149 2 
1.7568 -4.48186e-05 -1 0.839422 0.206415 0.000652601 1665.28 106336 3 47050 65.7123 8.94618 2 1 1165.25 42.5457 27.3883 4 3 0.0816094 6.93413e-05 10.558 2 
1.75745 -4.48449e-05 -1 0.839557 0.206392 0.000652601 1665.92 106334 3 220167 174.127 10.8134 2 1 1720.06 33.9603 50.6491 4 4 0.0817068 2.46633e-05 7.58668 2 
1.7581 -4.4837e-05 -1 0.839691 0.206358 0.000652601 1666.55 106333 4 239732 39.5467 8.82377 2 1 966.106 30.3075 31.8768 4 4 0.0827141 2.30765e-05 7.73754 2 
1.75875 -4.48848e-05 -1 0.839826 0.206336 0.000652601 1667.18 106332 4 94305.4 31.8481 7.37672 2 1 935.591 26.8426 34.8547 4 4 0.082492 2.07416e-05 7.94131 2 
1.75941 -4.49149e-05 -1 0.839961 0.20631 0.000652601 1667.73 106336 3 165758 168.912 9.93737 2 1 1587.47 36.5196 43.4689 4 3 0.082907 8.73387e-05 9.82792 2 
1.76006 -4.48767e-05 -1 0.840095 0.206279 0.000652601 1668.3 106339 3 41769.5 114.252 7.15043 2 1 1302.77 44.8128 29.0713 4 3 0.0826573 7.61139e-05 10.2787 2 
1.76071 -4.48717e-05 -1 0.84023 0.206249 0.000652601 1668.84 106344 3 75245.1 83.8237 9.64651 2 1 1266.94 39.0539 32.4408 4 3 0.082254 6.9652e-05 10.57 2 
1.76136 -4.49301e-05 -1 0.840364 0.206224 0.000652601 1669.38 106349 3 101642 69.8504 11.3319 2 1 1004.97 22.1921 45.2849 4 3 0.081537 6.73094e-05 10.6601 2 
1.76202 -4.48648e-05 -1 0.840499 0.206195 0.000652601 1669.91 106354 3 44414.4 85.0253 8.05364 2 1 1042.71 38.6272 26.9942 4 3 0.0810091 5.90042e-05 11.1143 2 
1.76267 -4.48745e-05 -1 0.840634 0.206169 0.000652601 1670.46 106359 3 44180.3 92.9264 7.80483 2 1 989.329 31.9119 31.0019 4 3 0.0799579 5.27735e-05 11.4855 2 
1.76332 -4.48653e-05 -1 0.840768 0.206143 0.000652601 1670.98 106365 3 36494.1 121.934 6.68907 2 1 977.565 17.9007 54.6105 4 3 0.0788643 5.16034e-05 11.5186 2 
1.76397 -4.49278e-05 -1 0.840903 0.206104 0.000652601 1671.52 106370 3 68088.4 108.941 8.5499 2 1 1448.87 28.543 50.7609 4 3 0.0774897 5.09051e-05 11.5034 2 
1.76463 -4.49272e-05 -1 0.841037 0.206087 0.000652601 1672.06 106374 3 38332.1 74.4964 8.01326 2 1 3834.94 77.2545 49.6403 4 3 0.0765628 5.06829e-05 11.4741 2 
1.76528 -4.49178e-05 -1 0.841172 0.206078 0.000652601 1672.61 106379 3 43601.8 107.453 7.40337 2 1 856.806 23.7366 36.0964 4 3 0.075237 4.99145e-05 11.4657 2 
1.76593 -4.49733e-05 -1 0.841306 0.206036 0.000652601 1673.18 106382 3 96969 180.926 8.12289 2 1 882.986 20.691 42.6749 4 3 0.0742211 4.91944e-05 11.4693 2 
1.76658 -4.48865e-05 -1 0.841441 0.205982 0.000652601 1673.73 106386 3 189464 122.054 11.5786 2 1 916.247 39.4903 23.2018 4 3 0.0730006 4.92864e-05 11.399 2 
1.76724 -4.49114e-05 -1 0.841575 0.205975 0.000652601 1674.27 106391 3 44316.5 121.399 7.14689 2 1 1215.79 64.7099 18.7884 4 3 0.0720029 4.83768e-05 11.4175 2 
1.76789 -4.49593e-05 -1 0.84171 0.205944 0.000652601 1674.82 106395 3 68110.9 160.496 7.5148 2 1 1177.57 39.8288 29.5657 4 3 0.0701753 5.25125e-05 11.0147 2 
1.76854 -4.49413e-05 -1 0.841844 0.205929 0.000652601 1675.4 106397 4 238748 108.838 6.84367 2 1 1180.69 29.108 40.5623 4 3 0.0687335 5.61584e-05 10.6967 2 
1.7692 -4.47946e-05 -1 0.841978 0.205893 0.000652601 1676 106398 3 43785.1 108.655 7.38628 2 1 1197.71 42.9925 27.8585 4 3 0.067123 5.63895e-05 10.598 2 
1.76985 -4.47437e-05 -1 0.842112 0.205863 0.000652601 1676.55 106402 3 43459.6 99.5618 7.58573 2 1 1085.08 39.1128 27.7422 4 3 0.066514 5.49394e-05 10.658 2 
1.7705 -4.47481e-05 -1 0.842247 0.205843 0.000652601 1677.11 106406 3 87451.9 109.754 9.27077 2 1 956.869 21.9892 43.5153 4 3 0.0657835 5.43867e-05 10.6547 2 
1.77115 -4.47569e-05 -1 0.842381 0.205811 0.000652601 1677.65 106411 3 42704.9 80.6345 8.09069 2 1 1541.72 28.9013 53.3442 4 3 0.065259 5.32075e-05 10.7042 2 
1.77181 -4.47455e-05 -1 0.842515 0.205796 0.000652601 1678.21 106414 3 44243.7 102.77 7.55084 2 1 3070.25 114.738 26.7589 4 3 0.0643656 5.23948e-05 10.71 2 
1.77246 -4.47503e-05 -1 0.84265 0.205761 0.000652601 1678.82 106415 4 206506 78.0938 7.17099 2 1 1016.02 30.4941 33.3185 4 3 0.0634188 5.12861e-05 10.7335 2 
1.77311 -4.46746e-05 -1 0.842784 0.205737 0.000652601 1679.37 106419 3 109980 97.9626 10.3932 2 1 1157.63 29.6118 39.0935 4 3 0.0619942 5.07616e-05 10.689 2 
1.77376 -4.46528e-05 -1 0.842918 0.205708 0.000652601 1679.95 106421 4 223449 50.5812 8.15262 2 1 1114.48 39.865 27.9564 4 3 0.0603391 4.94892e-05 10.6831 2 
1.77442 -4.47241e-05 -1 0.843052 0.20568 0.000652601 1680.5 106426 3 80107.1 104.09 9.16405 2 1 1021.75 46.9424 21.766 4 3 0.0588116 4.97691e-05 10.5723 2 
1.77507 -4.47047e-05 -1 0.843187 0.205651 0.000652601 1681.04 106430 3 43161.8 74.0209 8.3544 2 1 1048.34 37.7362 27.7808 4 3 0.0608542 4.65147e-05 10.9371 2 
1.77572 -4.47654e-05 -1 0.843321 0.205634 0.000652601 1681.62 106433 3 44109 127.471 7.02056 2 1 933.118 33.7691 27.6323 4 3 0.0644544 4.47491e-05 11.2933 2 
1.77637 -4.48507e-05 -1 0.843455 0.205598 0.000652601 1682.16 106437 3 243491 230.207 10.1888 2 1 1703.02 30.4136 55.9953 4 3 0.0606608 4.38993e-05 11.1382 2 
1.77703 -4.50414e-05 -1 0.843589 0.205573 0.000652601 1682.7 106442 3 169077 203.902 9.39479 2 1 1105.12 54.8599 20.1444 4 3 0.0587372 4.36248e-05 11.0423 2 
1.77768 -4.5138e-05 -1 0.843723 0.205561 0.000652601 1683.25 106446 3 74782.2 98.1939 9.13211 2 1 1225.86 59.6836 20.5393 4 3 0.0579202 4.23339e-05 11.1015 2 
1.77833 -4.51694e-05 -1 0.843857 0.20552 0.000652601 1683.87 106446 4 234403 43.0019 8.59249 2 1 1363.91 49.3299 27.6488 4 3 0.0591812 4.1638e-05 11.2434 2 
1.77898 -4.51242e-05 -1 0.843991 0.205495 0.000652601 1684.4 106451 3 43172.7 125.724 7.00267 2 1 1212.82 33.9493 35.7245 4 3 0.0602167 4.15857e-05 11.3133 2 
1.77964 -4.50923e-05 -1 0.844125 0.205466 0.000652601 1684.95 106456 3 42480.5 71.0029 8.42632 2 1 3481.24 36.3967 95.6472 4 3 0.0643065 4.1792e-05 11.5448 2 
1.78029 -4.5074e-05 -1 0.844259 0.205452 0.000652601 1685.48 106461 3 68225.5 121.373 8.25292 2 1 1001.61 27.9702 35.81 4 3 0.0670899 4.13548e-05 11.7502 2 
1.78094 -4.50643e-05 -1 0.844394 0.205418 0.000652601 1686.03 106465 3 67448.3 113.674 8.40303 2 1 1445.93 35.097 41.1982 4 3 0.067221 4.14395e-05 11.7498 2 
1.78159 -4.5064e-05 -1 0.844528 0.20539 0.000652601 1686.56 106470 3 43197.5 120.477 7.10424 2 1 993.283 29.8537 33.2717 4 3 0.0657139 4.09514e-05 11.7075 2 
1.78225 -4.50533e-05 -1 0.844662 0.205359 0.000652601 1687.09 106475 3 42448 226.782 5.72026 2 1 964.212 32.2672 29.8821 4 3 0.0637764 4.04447e-05 11.6395 2 
1.7829 -4.50409e-05 -1 0.844796 0.205336 0.000652601 1687.63 106480 3 40891.9 119.207 7.00021 2 1 1491.17 35.5249 41.9753 4 3 0.0647309 4.19469e-05 11.5559 2 
1.78355 -4.50309e-05 -1 0.84493 0.20531 0.000652601 1688.19 106484 3 92387.8 101.903 9.67854 2 1 903.839 20.2078 44.7271 4 3 0.0663282 4.16301e-05 11.6797 2 
1.78421 -4.49951e-05 -1 0.845064 0.205273 0.000652601 1688.78 106486 3 120068 93.1023 10.8849 2 1 829.758 18.6917 44.3917 4 3 0.0678467 4.09559e-05 11.8323 2 
1.78486 -4.49957e-05 -1 0.845198 0.205254 0.000652601 1689.43 106483 4 195677 33.8695 8.71832 2 1 948.611 35.9999 26.3504 4 3 0.0695191 4.01285e-05 12.0102 2 
1.78551 -4.501e-05 -1 0.845332 0.205221 0.000652601 1690.03 106485 3 43876.3 75.4341 8.34745 2 1 964.101 25.7343 37.4636 4 3 0.0710081 3.92343e-05 12.1866 2 
1.78616 -4.50624e-05 -1 0.845465 0.205206 0.000652601 1690.59 106488 3 55931.6 86.8503 8.63566 2 1 1176.79 38.737 30.3791 4 3 0.0803612 3.75188e-05 12.8904 2 
1.78682 -4.50431e-05 -1 0.845599 0.205154 0.000652601 1691.15 106491 3 144992 114.27 10.8261 2 1 2654.4 96.189 27.5957 4 3 0.0821212 3.6456e-05 13.1088 2 
1.78747 -4.50194e-05 -1 0.845733 0.205147 0.000652601 1691.71 106495 3 43978.6 124.723 7.06478 2 1 1130.97 40.2908 28.0702 4 3 0.082428 3.56367e-05 13.2249 2 
1.78812 -4.49895e-05 -1 0.845867 0.205127 0.000652601 1692.26 106499 3 82900.5 93.7858 9.5971 2 1 1140.24 41.8675 27.2344 4 3 0.0834235 3.44204e-05 13.4325 2 
1.78877 -4.49227e-05 -1 0.846001 0.205085 0.000652601 1692.85 106500 3 87733.8 98.4664 9.62261 2 1 1021.47 31.3284 32.6052 4 3 0.0834147 3.38231e-05 13.5107 2 
1.78943 -4.49166e-05 -1 0.846134 0.205066 0.000652601 1693.51 106497 3 49207.8 66.9624 9.02404 2 1 1123.04 33.9239 33.1047 4 3 0.0836755 3.2701e-05 13.6777 2 
1.79008 -4.48989e-05 -1 0.846268 0.205039 0.000652601 1694.13 106497 3 42996.2 40.4819 10.2029 2 1 1168 37.2379 31.366 4 3 0.0831356 3.3215e-05 13.5774 2 
1.79073 -4.48868e-05 -1 0.846402 0.205013 0.000652601 1694.86 106490 4 240972 66.7672 7.75088 2 1 1016.53 29.8292 34.0786 4 3 0.0827377 3.10242e-05 13.8676 2 
1.79138 -4.49285e-05 -1 0.846536 0.204991 0.000652601 1695.44 106493 3 43038 114.44 7.21814 2 1 1020.32 37.2203 27.413 4 3 0.0817078 3.0526e-05 13.8845 2 
1.79204 -4.4982e-05 -1 0.84667 0.20497 0.000652601 1696.01 106495 3 75838.1 126.423 8.43375 2 1 1103.56 27.8516 39.6227 4 3 0.0806092 2.98615e-05 13.9238 2 
1.79269 -4.4973e-05 -1 0.846804 0.204928 0.000652601 1696.57 106499 3 67528.6 138.747 7.86602 2 1 1115.49 21.9179 50.8942 4 3 0.0792064 2.96627e-05 13.8734 2 
1.79334 -4.49238e-05 -1 0.846937 0.20491 0.000652601 1697.12 106503 3 44395.3 97.5061 7.6931 2 1 996.987 26.1773 38.086 4 3 0.0778454 2.94231e-05 13.8308 2 
1.79399 -4.48922e-05 -1 0.847071 0.204873 0.000652601 1697.67 106507 3 53746.1 152.608 7.06193 2 1 967.317 28.2823 34.2022 4 3 0.0760937 2.89748e-05 13.7967 2 
1.79465 -4.47818e-05 -1 0.847205 0.204833 0.000652601 1698.21 106512 3 132320 144.337 9.71439 2 1 964.433 30.7414 31.3724 4 3 0.0745144 2.88421e-05 13.7216 2 
1.7953 -4.46215e-05 -1 0.847338 0.204849 0.000652601 1698.79 106514 3 221310 233.212 9.82691 2 1 3107.69 64.4207 48.2405 4 3 0.0725061 2.85176e-05 13.6486 2 
1.79595 -4.44732e-05 -1 0.847472 0.204797 0.000652601 1699.32 106519 3 99360.7 65.1374 11.5114 2 1 1192.03 65.0832 18.3155 4 3 0.0705467 3.10427e-05 13.1474 2 
1.7966 -4.45244e-05 -1 0.847606 0.204778 0.000652601 1699.9 106521 3 247172 186.649 10.9814 2 1 1333.09 54.6641 24.387 4 3 0.0685187 2.82358e-05 13.438 2 
1.79726 -4.46516e-05 -1 0.847739 0.204754 0.000652601 1700.44 106526 3 44030.3 122.417 7.11163 2 1 1233.69 48.7585 25.3019 4 3 0.0661396 9.65389e-05 8.81562 2 
1.79791 -4.46888e-05 -1 0.847873 0.204728 0.000652601 1701.08 106525 4 229937 28.5325 9.47474 2 1 1558.9 38.8919 40.0828 4 4 0.0641686 1.99363e-05 7.53216 2 
1.79856 -4.47193e-05 -1 0.848006 0.204698 0.000652601 1701.65 106527 4 229797 42.7961 8.56022 2 1 1093.71 47.0776 23.232 4 3 0.0647224 9.3936e-05 8.83231 2 
1.79921 -4.47443e-05 -1 0.84814 0.204674 0.000652601 1702.22 106531 4 84650.4 27.5202 7.44723 2 1 1833.31 22.2699 82.3227 4 3 0.0670395 8.19759e-05 9.3515 2 
1.79987 -4.47471e-05 -1 0.848273 0.204645 0.000652601 1702.74 106536 2 4165.84 31.3641 11.5248 2 1 966.63 35.8849 26.937 4 3 0.0689494 7.05343e-05 9.92453 2 
1.80052 -4.47252e-05 -1 0.848407 0.204621 0.000652601 1703.28 106541 3 93033.4 90.4677 10.0937 2 1 1154.48 27.9114 41.3624 4 3 0.0666437 6.28718e-05 10.1961 2 
1.80117 -4.47631e-05 -1 0.848541 0.204589 0.000652601 1703.82 106545 3 45840.9 108.43 7.5053 2 1 885.022 31.0181 28.5324 4 3 0.0660122 6.14714e-05 10.2404 2 
1.80183 -4.47871e-05 -1 0.848674 0.204566 0.000652601 1704.38 106549 3 116605 82.1403 11.2388 2 1 2263.83 79.7481 28.3873 4 3 0.0649172 5.58257e-05 10.5158 2 
1.80248 -4.48482e-05 -1 0.848808 0.204545 0.000652601 1704.92 106554 3 42839.4 88.6974 7.84592 2 1 893.137 31.1676 28.656 4 3 0.0637342 4.86128e-05 10.9448 2 
1.80313 -4.48426e-05 -1 0.848941 0.20453 0.000652601 1705.48 106557 3 178992 111.062 11.7244 2 1 888.571 24.9174 35.6607 4 3 0.062424 4.4924e-05 11.159 2 
1.80378 -4.49151e-05 -1 0.849074 0.204499 0.000652601 1706.02 106562 3 37252.2 108.346 7.00562 2 1 1003.7 30.8434 32.5417 4 3 0.061022 4.46734e-05 11.0955 2 
1.80444 -4.49849e-05 -1 0.849208 0.204473 0.000652601 1706.56 106566 3 142733 116.456 10.7017 2 1 1165.25 29.4027 39.6307 4 3 0.0595709 4.49272e-05 10.986 2 
1.80509 -4.50011e-05 -1 0.849341 0.204438 0.000652601 1707.11 106571 3 83266.2 108.377 9.15892 2 1 1242.65 20.4702 60.7056 4 3 0.0578955 4.15927e-05 11.1654 2 
1.80574 -4.50166e-05 -1 0.849474 0.204414 0.000652601 1707.69 106573 3 44220 103.419 7.53366 2 1 1127.25 33.7375 33.4124 4 3 0.0561903 3.58101e-05 11.6203 2 
1.80639 -4.49738e-05 -1 0.849608 0.204393 0.000652601 1708.23 106577 3 48939.6 128.418 7.25012 2 1 1009.84 26.3933 38.2613 4 3 0.0575561 3.3221e-05 12.0105 2 
1.80705 -4.49874e-05 -1 0.849741 0.204368 0.000652601 1708.85 106577 3 43895.6 107.758 7.41294 2 1 1038.53 32.7886 31.6735 4 3 0.05923 3.18987e-05 12.2911 2 
1.8077 -4.50951e-05 -1 0.849874 0.20436 0.000652601 1709.42 106580 3 107603 117.036 9.72379 2 1 1134.58 29.9681 37.8594 4 3 0.0610673 3.26531e-05 12.3205 2 
1.80835 -4.52301e-05 -1 0.850008 0.204328 0.000652601 1709.97 106584 3 43132.3 94.2799 7.70539 2 1 1115.36 46.3714 24.0528 4 3 0.0671614 3.27506e-05 12.7048 2 
1.809 -4.5312e-05 -1 0.850141 0.204297 0.000652601 1710.57 106585 3 75690.7 84.3751 9.64442 2 1 960.836 30.8376 31.1579 4 3 0.0693285 3.27606e-05 12.8387 2 
1.80966 -4.53598e-05 -1 0.850274 0.204262 0.000652601 1711.13 106589 3 197551 167.193 10.5719 2 1 972.138 49.9986 19.4433 4 3 0.0690396 3.00507e-05 13.1952 2 
1.81031 -4.52318e-05 -1 0.850408 0.204246 0.000652601 1711.68 106593 3 43177.8 85.8816 7.95158 2 1 2740.88 54.7748 50.0391 4 3 0.0693486 2.61967e-05 13.8334 2 
1.81096 -4.52681e-05 -1 0.850541 0.204227 0.000652601 1712.22 106597 3 84433 119.696 8.90179 2 1 1298.6 58.9683 22.022 4 3 0.0685746 2.34814e-05 14.2938 2 
1.81161 -4.5385e-05 -1 0.850675 0.204204 0.000652601 1712.8 106599 3 43263.8 99.0595 7.58711 2 1 1018.58 32.6145 31.2309 4 3 0.0698144 2.17597e-05 14.7491 2 
1.81227 -4.55192e-05 -1 0.850808 0.204151 0.000652601 1713.37 106602 4 239514 61.7849 7.89064 2 1 971.312 44.2365 21.9572 4 3 0.0795927 2.365e-05 14.9858 2 
1.81292 -4.54061e-05 -1 0.850941 0.204126 0.000652601 1714.04 106599 3 43562.8 102.445 7.51984 2 1 952.479 23.0012 41.41 4 3 0.0821446 2.54853e-05 14.7717 2 
1.81357 -4.54062e-05 -1 0.851074 0.204101 0.000652601 1714.63 106600 3 155237 159.564 9.90878 2 1 1246.65 36.5623 34.0967 4 3 0.082182 2.71859e-05 14.4592 2 
1.81422 -4.54593e-05 -1 0.851208 0.204092 0.000652601 1715.28 106598 3 215332 190.201 10.4223 2 1 1493.58 48.9345 30.522 4 3 0.0832501 2.8145e-05 14.3547 2 
1.81488 -4.55552e-05 -1 0.851341 0.204058 0.000652601 1715.95 106595 3 43995.6 69.544 8.58453 2 1 1056.74 34.8508 30.3218 4 3 0.0828307 2.82318e-05 14.3159 2 
1.81553 -4.55673e-05 -1 0.851474 0.204024 0.000652601 1716.57 106594 4 146865 36.7693 7.94984 2 1 1359.4 47.0091 28.9177 4 3 0.082211 2.82019e-05 14.2851 2 
1.81618 -4.55395e-05 -1 0.851607 0.204007 0.000652601 1717.17 106595 3 44322.4 122.344 7.12876 2 1 1113.45 28.6563 38.8553 4 3 0.0810971 2.70829e-05 14.4135 2 
1.81684 -4.55699e-05 -1 0.85174 0.203983 0.000652601 1717.75 106597 4 241947 103.67 6.95051 2 1 1079.34 27.2254 39.6446 4 3 0.0797511 2.62839e-05 14.4771 2 
1.81749 -4.54744e-05 -1 0.851873 0.203952 0.000652601 1718.3 106602 3 43528.9 56.4928 9.16772 2 1 1781.37 59.72 29.8286 4 3 0.0783989 2.55602e-05 14.5294 2 
1.81814 -4.5484e-05 -1 0.852006 0.203923 0.000652601 1718.84 106606 3 88440.5 148.395 8.41545 2 1 1703.78 38.537 44.2116 4 3 0.0772854 2.47119e-05 14.6239 2 
1.81879 -4.5435e-05 -1 0.852139 0.203902 0.000652601 1719.39 106610 3 42053.4 95.2864 7.6136 2 1 1154.36 28.4278 40.6066 4 3 0.0755317 2.69788e-05 14.094 2 
1.81945 -4.54179e-05 -1 0.852272 0.203875 0.000652601 1719.93 106615 3 113384 124.844 9.68415 2 1 1510.31 32.8957 45.9121 4 3 0.0760951 2.63782e-05 14.2354 2 
1.8201 -4.54504e-05 -1 0.852405 0.203854 0.000652601 1720.49 106618 3 55360.8 155.854 7.08208 2 1 874.407 24.8451 35.1944 4 3 0.0760845 2.56263e-05 14.3727 2 
1.82075 -4.5467e-05 -1 0.852538 0.20383 0.000652601 1721.08 106620 4 161000 54.2471 7.38095 2 1 855.494 24.7389 34.5809 4 3 0.076453 2.46722e-05 14.579 2 
1.8214 -4.5442e-05 -1 0.852671 0.2038 0.000652601 1721.71 106619 4 235033 52.6946 8.17223 2 1 876.57 20.9242 41.8926 4 3 0.0763243 2.35021e-05 14.8088 2 
1.82206 -4.54869e-05 -1 0.852804 0.203777 0.000652601 1722.28 106621 4 140478 25.6638 8.60146 2 1 2262.38 52.1133 43.4127 4 3 0.0765883 2.31304e-05 14.9048 2 
1.82271 -4.5496e-05 -1 0.852937 0.203753 0.000652601 1722.84 106625 3 43168.7 57.8971 9.06785 2 1 1106.92 35.5968 31.096 4 3 0.07641 2.34359e-05 14.8282 2 
1.82336 -4.55036e-05 -1 0.853069 0.203724 0.000652601 1723.5 106622 3 38110.8 94.143 7.39753 2 1 1236.54 38.5747 32.0556 4 3 0.0764533 2.39246e-05 14.7294 2 
1.82401 -4.55237e-05 -1 0.853202 0.203695 0.000652601 1724.23 106615 3 46423.6 103.998 7.64255 2 1 1111.49 36.4543 30.49 4 3 0.0761601 2.43666e-05 14.621 2 
1.82467 -4.5554e-05 -1 0.853335 0.203662 0.000652601 1724.91 106611 3 43860.7 91.2287 7.83396 2 1 1026.02 37.5755 27.3055 4 3 0.0760088 2.49211e-05 14.5021 2 
1.82532 -4.55374e-05 -1 0.853468 0.203644 0.000652601 1725.73 106598 3 103347 166.502 8.5302 2 1 2315.3 46.7754 49.4983 4 3 0.0756324 2.53566e-05 14.3948 2 
1.82597 -4.55685e-05 -1 0.853601 0.203611 0.000652601 1726.49 106589 3 75860.2 73.9828 10.0839 2 1 1081.09 29.2121 37.0083 4 3 0.0753131 2.58534e-05 14.2819 2 
1.82662 -4.5654e-05 -1 0.853734 0.203596 0.000652601 1727.12 106588 3 44321.2 86.9276 7.98886 2 1 1040.95 54.8938 18.9629 4 3 0.0748587 2.62258e-05 14.1853 2 
1.82728 -4.56823e-05 -1 0.853867 0.203567 0.000652601 1727.78 106585 3 43641 133.961 6.88079 2 1 1002.56 29.8369 33.6014 4 3 0.0743251 2.66056e-05 14.0838 2 
1.82793 -4.57026e-05 -1 0.854 0.203547 0.000652601 1728.47 106581 4 193990 109.055 6.49431 2 1 920.332 22.0998 41.6443 4 3 0.0737343 2.68431e-05 14.0049 2 
1.82858 -4.57061e-05 -1 0.854133 0.203516 0.000652601 1729.1 106580 4 42813.8 56.6022 5.2443 2 1 1056.14 43.3018 24.3902 4 3 0.0732106 2.7113e-05 13.9251 2 
1.82923 -4.57147e-05 -1 0.854266 0.203492 0.000652601 1729.69 106581 3 70499.1 204.818 7.00818 2 1 1157.9 22.0152 52.5956 4 3 0.0723551 2.71856e-05 13.8583 2 
1.82989 -4.57597e-05 -1 0.854399 0.203463 0.000652601 1730.28 106583 3 125392 128.081 9.92951 2 1 1102.59 55.3185 19.9317 4 3 0.0716662 2.6761e-05 13.8869 2 
1.83054 -4.58129e-05 -1 0.854531 0.203451 0.000652601 1730.88 106584 3 95581.2 135.684 8.89778 2 1 1057.85 35.8169 29.5348 4 3 0.0706015 2.61892e-05 13.9176 2 
1.83119 -4.58272e-05 -1 0.854664 0.203421 0.000652601 1731.44 106587 3 153548 141.723 10.2707 2 1 987.224 49.8675 19.797 4 3 0.0696276 2.74921e-05 13.6309 2 
1.83184 -4.57472e-05 -1 0.854797 0.203407 0.000652601 1732.03 106589 3 43348.3 118.087 7.16016 2 1 1178.68 28.8829 40.8091 4 3 0.0685468 2.78945e-05 13.4945 2 
1.8325 -4.57959e-05 -1 0.85493 0.203369 0.000652601 1732.58 106592 4 245118 42.9812 8.69008 2 1 1292.84 52.1177 24.8061 4 3 0.0675341 2.85996e-05 13.3164 2 
1.83315 -4.5819e-05 -1 0.855063 0.203356 0.000652601 1733.13 106597 3 206264 196.303 10.1664 2 1 1051.03 22.8521 45.9928 4 3 0.0663096 2.90626e-05 13.1648 2 
1.8338 -4.56462e-05 -1 0.855195 0.203311 0.000652601 1733.67 106601 3 79474.1 97.5118 9.34091 2 1 1052.31 43.8756 23.9839 4 3 0.0663381 2.66751e-05 13.5483 2 
1.83446 -4.5619e-05 -1 0.855328 0.203295 0.000652601 1734.26 106603 3 41902.4 97.2445 7.55309 2 1 1088.68 43.4752 25.0414 4 3 0.0669412 2.40331e-05 14.07 2 
1.83511 -4.56274e-05 -1 0.855461 0.203288 0.000652601 1734.79 106608 3 118191 198.841 8.40801 2 1 1009.53 27.2952 36.9855 4 3 0.0682914 2.05881e-05 14.9136 2 
1.83576 -4.55858e-05 -1 0.855593 0.203248 0.000652601 1735.37 106610 4 226778 26.6847 9.6014 2 1 1161.91 49.58 23.435 4 3 0.0774103 2.015e-05 15.6618 2 
1.83641 -4.56112e-05 -1 0.855726 0.203223 0.000652601 1735.96 106611 4 238836 38.8568 8.85438 2 1 1714.49 51.6673 33.1832 4 3 0.0798268 1.98836e-05 15.8934 2 
1.83707 -4.56803e-05 -1 0.855858 0.203184 0.000652601 1736.52 106615 3 55521.1 128.694 7.55614 2 1 1418.03 28.1244 50.4198 4 3 0.0798706 3.96993e-05 12.6241 2 
1.83772 -4.57411e-05 -1 0.855991 0.20317 0.000652601 1737.17 106613 3 42071 120.232 7.04672 2 1 881.385 50.9829 17.2878 4 4 0.0808075 2.18192e-05 7.80105 2 
1.83837 -4.57412e-05 -1 0.856123 0.203149 0.000652601 1737.79 106612 3 43762.9 127.255 7.00611 2 1 2404.59 47.4335 50.6941 4 4 0.0804555 2.34719e-05 7.65159 2 
1.83902 -4.57251e-05 -1 0.856255 0.203122 0.000652601 1738.45 106610 3 171409 97.6794 12.0617 2 1 1212.37 35.9928 33.6837 4 4 0.0801267 2.16711e-05 7.79783 2 
1.83968 -4.58777e-05 -1 0.856388 0.203101 0.000652601 1739.01 106613 3 137486 116.044 10.5815 2 1 990.489 48.804 20.2953 4 3 0.0788176 9.28591e-05 9.46818 2 
1.84033 -4.59789e-05 -1 0.85652 0.20307 0.000652601 1739.58 106616 3 33659.7 43.7196 9.16525 2 1 1820.91 28.2324 64.4971 4 3 0.0773422 8.0094e-05 9.88414 2 
1.84098 -4.60168e-05 -1 0.856653 0.203047 0.000652601 1740.16 106618 3 46679.9 78.0202 8.42638 2 1 1277.4 29.2525 43.6681 4 3 0.0754367 7.03548e-05 10.2352 2 
1.84163 -4.60583e-05 -1 0.856785 0.203028 0.000652601 1740.72 106621 3 42748.7 107.396 7.35606 2 1 1104.51 22.2743 49.5867 4 3 0.0733301 6.87174e-05 10.2189 2 
1.84229 -4.60601e-05 -1 0.856918 0.203004 0.000652601 1741.27 106625 3 105067 109.144 9.87389 2 1 1048.01 23.0103 45.545 4 3 0.0708374 6.19146e-05 10.459 2 
1.84294 -4.61337e-05 -1 0.85705 0.202975 0.000652601 1741.87 106626 4 238216 48.6296 8.36599 2 1 1053.98 30.9386 34.0669 4 3 0.0683101 5.52205e-05 10.7348 2 
1.84359 -4.6161e-05 -1 0.857182 0.202953 0.000652601 1742.6 106619 4 114345 29.1747 7.91231 2 1 948.661 29.1741 32.5172 4 3 0.0664606 5.04379e-05 10.9632 2 
1.84424 -4.61342e-05 -1 0.857315 0.202931 0.000652601 1743.14 106624 3 62688.9 137.336 7.69962 2 1 1383.49 31.5755 43.8152 4 3 0.0662623 4.99294e-05 10.9893 2 
1.8449 -4.608e-05 -1 0.857447 0.202903 0.000652601 1743.8 106621 3 43153.4 113.631 7.24169 2 1 1039.9 33.1352 31.3836 4 3 0.0656534 5.02201e-05 10.9344 2 
1.84555 -4.61926e-05 -1 0.85758 0.202873 0.000652601 1744.4 106622 3 44245.3 103.954 7.52216 2 1 888.272 33.8077 26.2742 4 3 0.066925 4.62139e-05 11.3137 2 
1.8462 -4.62587e-05 -1 0.857712 0.202846 0.000652601 1745.08 106618 4 187917 82.4818 6.90879 2 1 963.199 34.6836 27.7711 4 3 0.0684836 3.97659e-05 11.9865 2 
1.84685 -4.61154e-05 -1 0.857845 0.202825 0.000652601 1745.66 106620 3 66760.5 99.9725 8.7407 2 1 1292.04 39.1218 33.0261 4 3 0.0701459 3.71825e-05 12.3563 2 
1.84751 -4.62277e-05 -1 0.857977 0.202802 0.000652601 1746.3 106618 3 121561 116.254 10.1499 2 1 1170.28 37.3101 31.3663 4 3 0.0783103 3.61841e-05 12.935 2 
1.84816 -4.61703e-05 -1 0.85811 0.202777 0.000652601 1746.87 106621 3 91310.2 153.204 8.41557 2 1 1078.39 23.7819 45.3451 4 3 0.0812469 3.65269e-05 13.0536 2 
1.84881 -4.62725e-05 -1 0.858242 0.20276 0.000652601 1747.42 106625 3 151774 151.012 10.0168 2 1 1047.58 42.3671 24.7264 4 3 0.0821096 3.62945e-05 13.1276 2 
1.84947 -4.63796e-05 -1 0.858374 0.202738 0.000652601 1748.03 106625 3 63499.5 143.005 7.6291 2 1 1432.75 42.3799 33.8072 4 3 0.0839115 3.70001e-05 13.1383 2 
1.85012 -4.63752e-05 -1 0.858507 0.202704 0.000652601 1748.57 106630 3 44202.7 99.7816 7.62312 2 1 1154.37 54.3419 21.2427 4 3 0.0843797 3.34601e-05 13.6114 2 
1.85077 -4.63602e-05 -1 0.858639 0.202683 0.000652601 1749.13 106633 3 43233.8 108.394 7.36105 2 1 1108.24 31.2547 35.4584 4 3 0.0852672 2.96641e-05 14.2184 2 
1.85142 -4.63661e-05 -1 0.858772 0.202663 0.000652601 1749.66 106638 3 203856 168.198 10.6619 2 1 1081.7 36.1991 29.8819 4 3 0.0852653 2.65405e-05 14.7555 2 
1.85208 -4.64064e-05 -1 0.858904 0.20264 0.000652601 1750.21 106642 3 58689.2 105.734 8.21828 2 1 1156.82 19.9988 57.8445 4 3 0.0855582 2.52806e-05 15.0138 2 
1.85273 -4.64271e-05 -1 0.859036 0.202612 0.000652601 1750.78 106645 4 242280 89.6015 7.21108 2 1 1238.76 33.3893 37.1004 4 3 0.0851438 2.68361e-05 14.6942 2 
1.85338 -4.62909e-05 -1 0.859168 0.202589 0.000652601 1751.33 106649 3 112570 196.918 8.29939 2 1 1418.21 71.6775 19.786 4 3 0.0850665 2.68589e-05 14.6855 2 
1.85403 -4.6261e-05 -1 0.859301 0.202559 0.000652601 1751.9 106652 3 110906 70.5033 11.6301 2 1 1181.12 42.0805 28.0681 4 3 0.0846212 2.62768e-05 14.7673 2 
1.85469 -4.63391e-05 -1 0.859433 0.202536 0.000652601 1752.47 106655 3 220128 186.675 10.5648 2 1 1321.65 26.5535 49.7731 4 3 0.0834175 2.6715e-05 14.6162 2 
1.85534 -4.63394e-05 -1 0.859565 0.202513 0.000652601 1753.11 106653 3 239334 223.497 10.2308 2 1 1133.13 42.8185 26.4637 4 3 0.0823172 2.52955e-05 14.8189 2 
1.85599 -4.64856e-05 -1 0.859697 0.20249 0.000652601 1753.82 106647 3 43138.4 124.462 7.02439 2 1 1437.37 89.6914 16.0258 4 3 0.0814188 2.27631e-05 15.2932 2 
1.85664 -4.65225e-05 -1 0.859829 0.202465 0.000652601 1754.47 106645 3 169986 105.591 11.72 2 1 1390.74 67.2297 20.6864 4 3 0.0797038 2.22657e-05 15.2973 2 
1.8573 -4.65325e-05 -1 0.85996 0.202447 0.000652601 1755.1 106644 3 134439 89.3173 11.4603 2 1 913.225 25.6761 35.5671 4 3 0.078431 2.26724e-05 15.1239 2 
1.85795 -4.66539e-05 -1 0.860092 0.202416 0.000652601 1755.68 106646 3 62423 122.28 7.99214 2 1 1283.98 46.2956 27.7344 4 3 0.076717 2.09707e-05 15.4085 2 
1.8586 -4.66641e-05 -1 0.860224 0.202393 0.000652601 1756.25 106649 3 77393.7 223.298 7.02436 2 1 1215.58 36.679 33.1412 4 3 0.0774633 2.02059e-05 15.6509 2 
1.85925 -4.66792e-05 -1 0.860356 0.202365 0.000652601 1756.8 106653 3 44318.4 127.655 7.02828 2 1 1119.78 30.9706 36.1563 4 3 0.0773565 1.98254e-05 15.7431 2 
1.85991 -4.66465e-05 -1 0.860488 0.202343 0.000652601 1757.36 106656 3 100567 124.988 9.30098 2 1 1041.05 29.5918 35.1804 4 3 0.0778311 2.08667e-05 15.5084 2 
1.86056 -4.65931e-05 -1 0.86062 0.202315 0.000652601 1757.93 106658 4 189109 57.4058 7.57598 2 1 1056.19 33.6819 31.3578 4 3 0.0772667 2.01227e-05 15.6592 2 
1.86121 -4.66328e-05 -1 0.860752 0.202299 0.000652601 1758.51 106661 3 38916.7 84.6874 7.71683 2 1 1020.53 45.1141 22.6211 4 3 0.0769549 1.95345e-05 15.7935 2 
1.86186 -4.6638e-05 -1 0.860884 0.20228 0.000652601 1759.06 106665 3 43127.1 122.424 7.06255 2 1 1023.77 27.982 36.5866 4 3 0.0755649 1.87865e-05 15.9035 2 
1.86252 -4.66346e-05 -1 0.861016 0.202252 0.000652601 1759.63 106668 3 43973.1 101.187 7.57451 2 1 1184.05 34.7635 34.0603 4 3 0.074044 1.80331e-05 16.013 2 
1.86317 -4.66331e-05 -1 0.861148 0.202221 0.000652601 1760.2 106670 4 109045 34.3056 7.50862 2 1 889.869 24.611 36.1574 4 3 0.0717971 1.73384e-05 16.0583 2 
1.86382 -4.66504e-05 -1 0.86128 0.202195 0.000652601 1760.77 106673 4 241046 43.0676 8.64942 2 1 928.594 26.2456 35.3809 4 3 0.0695579 1.72404e-05 15.9196 2 
1.86447 -4.67285e-05 -1 0.861412 0.202184 0.000652601 1761.32 106677 3 123685 125.682 9.94677 2 1 1069.53 30.0884 35.5464 4 3 0.0673253 1.76185e-05 15.634 2 
1.86513 -4.67402e-05 -1 0.861544 0.202156 0.000652601 1761.87 106680 3 92086.6 113.155 9.33629 2 1 1292.07 28.3855 45.5187 4 3 0.066593 1.85183e-05 15.3206 2 
1.86578 -4.67682e-05 -1 0.861676 0.202137 0.000652601 1762.41 106685 3 42681.8 83.3517 8.00036 2 1 1209.46 34.4868 35.0701 4 3 0.0655147 1.96923e-05 14.9284 2 
1.86643 -4.683e-05 -1 0.861808 0.202106 0.000652601 1762.99 106687 4 222089 64.4265 7.66241 2 1 1103.14 19.7312 55.9087 4 3 0.0645301 2.10048e-05 14.5372 2 
1.86709 -4.67693e-05 -1 0.86194 0.202081 0.000652601 1763.54 106691 3 60425.4 92.4475 8.67844 2 1 1087.12 27.2599 39.8798 4 3 0.0640184 2.23004e-05 14.2123 2 
1.86774 -4.67421e-05 -1 0.862072 0.202063 0.000652601 1764.12 106693 3 43770.7 128.158 6.99004 2 1 1127.92 23.3904 48.2212 4 3 0.063649 2.35316e-05 13.9331 2 
1.86839 -4.67907e-05 -1 0.862204 0.20203 0.000652601 1764.65 106698 3 43989.1 137.77 6.83487 2 1 1629.26 23.5332 69.2323 4 3 0.0626201 2.51062e-05 13.5616 2 
1.86904 -4.68621e-05 -1 0.862336 0.202012 0.000652601 1765.21 106702 3 209314 171.422 10.6884 2 1 1777.26 67.1399 26.471 4 3 0.0618051 2.58398e-05 13.3735 2 
1.8697 -4.68861e-05 -1 0.862468 0.201987 0.000652601 1765.77 106705 3 85111 110.284 9.17258 2 1 1119.37 40.1026 27.9125 4 3 0.062827 2.68591e-05 13.2745 2 
1.87035 -4.68767e-05 -1 0.8626 0.201972 0.000652601 1766.31 106709 3 43807.4 119.713 7.15268 2 1 1151.45 30.5375 37.706 4 3 0.0660702 2.77348e-05 13.3555 2 
1.871 -4.68893e-05 -1 0.862732 0.201945 0.000652601 1766.85 106714 3 43094.9 37.2248 10.5002 2 1 1233.49 31.8661 38.7087 4 3 0.0665626 2.73573e-05 13.4499 2 
1.87165 -4.69036e-05 -1 0.862864 0.201914 0.000652601 1767.41 106717 3 106555 232.803 7.70658 2 1 982.279 30.7262 31.9687 4 3 0.0685342 2.7196e-05 13.6082 2 
1.87231 -4.70116e-05 -1 0.862996 0.201892 0.000652601 1768 106719 4 240315 40.9551 8.75221 2 1 980.343 41.344 23.7118 4 3 0.0706137 2.86055e-05 13.5149 2 
1.87296 -4.70584e-05 -1 0.863127 0.201871 0.000652601 1768.62 106718 4 219664 27.2227 9.47778 2 1 1657.69 31.0161 53.4461 4 3 0.0725621 2.9059e-05 13.5668 2 
1.87361 -4.70789e-05 -1 0.863259 0.201861 0.000652601 1769.24 106717 3 106278 174.978 8.46877 2 1 856.696 28.8324 29.7129 4 3 0.0808452 2.92804e-05 14.029 2 
1.87426 -4.70739e-05 -1 0.86339 0.201841 0.000652601 1769.79 106722 3 234962 225.372 10.1399 2 1 1173.82 29.8425 39.3337 4 3 0.0844473 2.96962e-05 14.1676 2 
1.87492 -4.71247e-05 -1 0.863522 0.201807 0.000652601 1770.36 106724 3 160178 120.565 10.9933 2 1 1211.03 56.2798 21.518 4 3 0.0849554 3.08009e-05 14.0241 2 
1.87557 -4.71358e-05 -1 0.863653 0.201783 0.000652601 1770.92 106728 3 45497.7 115.329 7.33416 2 1 1727.07 49.9827 34.5535 4 3 0.0870807 2.78173e-05 14.6286 2 
1.87622 -4.71567e-05 -1 0.863785 0.201762 0.000652601 1771.5 106729 3 43599.4 84.1297 8.03237 2 1 1528.23 35.9162 42.55 4 3 0.0875054 2.62315e-05 14.9418 2 
1.87687 -4.71419e-05 -1 0.863916 0.201741 0.000652601 1772.04 106734 3 43215.2 126.046 6.999 2 1 1098.02 37.1447 29.5605 4 3 0.0881372 2.47205e-05 15.2768 2 
1.87753 -4.71535e-05 -1 0.864048 0.201704 0.000652601 1772.59 106738 3 96102.6 113.805 9.45202 2 1 3092.13 75.9609 40.7068 4 3 0.0877171 2.95091e-05 14.3784 2 
1.87818 -4.72362e-05 -1 0.864179 0.201688 0.000652601 1773.15 106741 3 68948.8 144.636 7.81178 2 1 1030.26 42.5384 24.2196 4 3 0.0873006 9.72417e-05 9.64691 2 
1.87883 -4.72591e-05 -1 0.864311 0.201666 0.000652601 1773.77 106741 3 41826.7 67.4912 8.52581 2 1 1030.34 39.4613 26.1101 4 4 0.0860811 1.96812e-05 8.13232 2 
1.87948 -4.73047e-05 -1 0.864442 0.201644 0.000652601 1774.33 106744 3 42896.3 72.9726 8.37696 2 1 1108.6 33.3117 33.2797 4 3 0.0848293 9.22404e-05 9.72467 2 
1.88014 -4.72824e-05 -1 0.864574 0.201622 0.000652601 1774.9 106746 3 43469.5 117.231 7.18425 2 1 990.59 38.1183 25.9873 4 3 0.0832379 8.0749e-05 10.1017 2 
1.88079 -4.72768e-05 -1 0.864705 0.201596 0.000652601 1775.46 106750 3 32656.8 84.6828 7.2788 2 1 1075.3 34.3266 31.3255 4 3 0.0818588 6.91792e-05 10.577 2 
1.88144 -4.72821e-05 -1 0.864837 0.201572 0.000652601 1776.03 106752 3 187866 142.519 10.9646 2 1 947.977 36.0332 26.3084 4 3 0.0800761 6.21981e-05 10.8787 2 
1.8821 -4.73295e-05 -1 0.864968 0.201543 0.000652601 1776.58 106757 3 119472 212.445 8.25417 2 1 844.795 34.0746 24.7925 4 3 0.0785093 6.07493e-05 10.8925 2 
1.88275 -4.71947e-05 -1 0.8651 0.201522 0.000652601 1777.14 106759 3 88239.1 85.4347 10.1082 2 1 1224.08 45.1383 27.1185 4 3 0.0765063 5.50211e-05 11.1615 2 
1.8834 -4.72488e-05 -1 0.865232 0.201507 0.000652601 1777.69 106764 3 43143 83.808 8.01447 2 1 1201.09 73.1979 16.4088 4 3 0.0747353 4.7929e-05 11.596 2 
1.88405 -4.73091e-05 -1 0.865363 0.201479 0.000652601 1778.26 106766 4 243040 51.744 8.27856 2 1 1155.86 28.7976 40.1372 4 3 0.0725156 4.4749e-05 11.7458 2 
1.88471 -4.73294e-05 -1 0.865495 0.201465 0.000652601 1778.82 106769 3 76467.6 82.5139 9.74952 2 1 3265.63 123.55 26.4316 4 3 0.0705379 4.41308e-05 11.6921 2 
1.88536 -4.73742e-05 -1 0.865626 0.201437 0.000652601 1779.37 106773 3 59932.8 117.127 7.99838 2 1 1088.86 20.0636 54.2706 4 3 0.0679773 4.44079e-05 11.5248 2 
1.88601 -4.73462e-05 -1 0.865758 0.201418 0.000652601 1779.97 106774 3 43349.2 103.475 7.48253 2 1 1164.33 24.3177 47.8802 4 3 0.067074 4.13014e-05 11.7543 2 
1.88666 -4.736e-05 -1 0.865889 0.201389 0.000652601 1780.5 106779 3 56738.6 124.541 7.69464 2 1 1094.3 23.7085 46.1565 4 3 0.0660513 3.55042e-05 12.2989 2 
1.88732 -4.73276e-05 -1 0.866021 0.201365 0.000652601 1781.06 106782 3 202128 165.557 10.6879 2 1 1044.33 24.9149 41.9159 4 3 0.0650652 3.28621e-05 12.557 2 
1.88797 -4.74259e-05 -1 0.866152 0.201345 0.000652601 1781.63 106785 4 229888 36.0872 8.9339 2 1 1261.54 34.5719 36.4904 4 3 0.0636338 3.16484e-05 12.6215 2 
1.88862 -4.74844e-05 -1 0.866284 0.201317 0.000652601 1782.21 106787 3 107586 73.7059 11.3436 2 1 1259.88 49.0388 25.6916 4 3 0.0615028 3.24583e-05 12.3744 2 
1.88927 -4.7483e-05 -1 0.866415 0.201291 0.000652601 1782.78 106790 3 51467.6 91.7888 8.24609 2 1 1127.26 23.8503 47.2637 4 3 0.0607196 3.20844e-05 12.3693 2 
1.88993 -4.74163e-05 -1 0.866547 0.201278 0.000652601 1783.42 106788 3 42502.3 96.4735 7.60912 2 1 1175.19 39.1203 30.0404 4 3 0.0637394 3.24046e-05 12.5295 2 
1.89058 -4.73708e-05 -1 0.866678 0.201256 0.000652601 1784.08 106785 3 32336.3 65.1785 7.91642 2 1 993.326 24.4382 40.6465 4 3 0.0646406 2.98154e-05 12.9426 2 
1.89123 -4.73887e-05 -1 0.86681 0.201238 0.000652601 1784.76 106781 4 241099 77.294 7.4733 2 1 1676.2 31.8347 52.6532 4 3 0.0605774 2.61371e-05 13.2338 2 
1.89188 -4.72314e-05 -1 0.866941 0.201194 0.000652601 1785.44 106777 3 43329.5 119.346 7.13387 2 1 1020.02 28.6717 35.576 4 3 0.059615 2.53808e-05 13.2928 2 
1.89254 -4.71673e-05 -1 0.867072 0.201192 0.000652601 1785.99 106781 3 234219 225.025 10.1344 2 1 4231.23 101.828 41.5529 4 3 0.0606155 2.32154e-05 13.7701 2 
1.89319 -4.74036e-05 -1 0.867203 0.201165 0.000652601 1786.58 106782 4 199027 59.1018 7.61777 2 1 1222.16 61.8425 19.7625 4 3 0.0621584 2.3536e-05 13.8226 2 
1.89384 -4.74796e-05 -1 0.867334 0.201144 0.000652601 1787.13 106786 3 42877.5 101.295 7.5084 2 1 1244.6 54.8647 22.685 4 3 0.0642544 2.32502e-05 14.0333 2 
1.89449 -4.75067e-05 -1 0.867465 0.201123 0.000652601 1787.71 106788 3 97477 148.518 8.69043 2 1 1200.32 30.1829 39.7681 4 3 0.0671441 2.30168e-05 14.2885 2 
1.89515 -4.74366e-05 -1 0.867596 0.201096 0.000652601 1788.26 106792 3 69530.1 96.8802 8.95322 2 1 1034.32 35.7995 28.892 4 3 0.0687177 2.32226e-05 14.3566 2 
1.8958 -4.74285e-05 -1 0.867728 0.201076 0.000652601 1788.8 106796 3 101416 176.741 8.30978 2 1 1037.55 57.6697 17.9912 4 3 0.0709844 2.24896e-05 14.6688 2 
1.89645 -4.7413e-05 -1 0.867859 0.201047 0.000652601 1789.37 106799 3 43910.8 120.89 7.13499 2 1 1007.29 33.9548 29.6657 4 3 0.073302 2.02958e-05 15.3428 2 
1.8971 -4.74467e-05 -1 0.86799 0.20102 0.000652601 1789.92 106803 3 43827.6 134.278 6.88516 2 1 1097.72 35.9782 30.5106 4 3 0.0820765 1.83788e-05 16.4677 2 
1.89776 -4.74592e-05 -1 0.868121 0.201001 0.000652601 1790.49 106805 3 74558.7 222.659 6.94416 2 1 969.881 33.1562 29.2519 4 3 0.0856213 1.77533e-05 16.8954 2 
1.89841 -4.7432e-05 -1 0.868252 0.200987 0.000652601 1791.04 106809 3 64926.6 78.6308 9.38159 2 1 1058.32 30.6298 34.5518 4 3 0.0866543 1.61813e-05 17.4955 2 
1.89906 -4.7437e-05 -1 0.868383 0.200962 0.000652601 1791.6 106812 3 36570.6 87.2715 7.48319 2 1 955.893 45.119 21.1861 4 3 0.088085 1.60357e-05 17.6443 2 
1.89972 -4.74278e-05 -1 0.868514 0.200946 0.000652601 1792.19 106814 3 176246 179.25 9.94382 2 1 3327.77 138.235 24.0732 4 3 0.0877011 1.67482e-05 17.3652 2 
1.90037 -4.73814e-05 -1 0.868645 0.200915 0.000652601 1792.78 106815 3 43127.4 84.9216 7.97833 2 1 1279.84 45.9961 27.8249 4 3 0.0877019 1.55607e-05 17.7962 2 
1.90102 -4.73375e-05 -1 0.868776 0.200897 0.000652601 1793.31 106820 3 40518.4 131.111 6.7609 2 1 1351.9 47.3622 28.5438 4 3 0.0868729 1.61608e-05 17.5176 2 
1.90167 -4.73661e-05 -1 0.868907 0.200872 0.000652601 1793.86 106824 3 140523 121.447 10.4983 2 1 1161.6 28.5407 40.6999 4 3 0.086251 1.62322e-05 17.45 2 
1.90233 -4.74102e-05 -1 0.869039 0.200849 0.000652601 1794.4 106829 3 43441.5 130.307 6.93392 2 1 1252.18 26.7191 46.8646 4 3 0.0850112 1.77937e-05 16.8424 2 
1.90298 -4.74245e-05 -1 0.86917 0.200832 0.000652601 1794.94 106833 3 43658.1 106.569 7.42697 2 1 1093.19 29.3217 37.2827 4 3 0.0838267 2.01246e-05 16.0899 2 
1.90363 -4.74427e-05 -1 0.869301 0.200801 0.000652601 1795.5 106836 4 244378 64.5307 7.84466 2 1 1168.09 17.6432 66.2066 4 3 0.0821721 2.17881e-05 15.5657 2 
1.90428 -4.74426e-05 -1 0.869432 0.200774 0.000652601 1796.08 106838 3 82299.6 149.26 8.20008 2 1 1062.6 28.2084 37.6698 4 3 0.0805245 2.22921e-05 15.3436 2 
1.90494 -4.73239e-05 -1 0.869563 0.200766 0.000652601 1796.6 106843 3 202093 175.024 10.491 2 1 1012.99 44.3928 22.8187 4 3 0.0783768 2.24947e-05 15.1601 2 
1.90559 -4.72093e-05 -1 0.869694 0.200734 0.000652601 1797.13 106848 3 42879.9 100.14 7.53729 2 1 1143.37 37.6756 30.3478 4 3 0.0762517 2.18189e-05 15.1754 2 
1.90624 -4.72017e-05 -1 0.869825 0.200711 0.000652601 1797.67 106853 3 103339 87.9191 10.5534 2 1 1135.17 38.4431 29.5285 4 3 0.0736775 1.90053e-05 15.7092 2 
1.90689 -4.7335e-05 -1 0.869956 0.200691 0.000652601 1798.25 106855 3 49822.8 89.1052 8.23838 2 1 1071.85 33.5049 31.991 4 3 0.0713459 2.00914e-05 15.2564 2 
1.90755 -4.73993e-05 -1 0.870087 0.200679 0.000652601 1798.85 106856 3 99306.5 231.574 7.541 2 1 3910.23 91.2274 42.8625 4 3 0.0686768 2.16397e-05 14.6956 2 
1.9082 -4.73769e-05 -1 0.870218 0.200653 0.000652601 1799.45 106857 3 43277 126.377 6.99621 2 1 954.649 35.9656 26.5434 4 3 0.0661627 2.3091e-05 14.2033 2 
1.90885 -4.74142e-05 -1 0.870349 0.200633 0.000652601 1800.09 106855 4 234712 58.6877 7.95238 2 1 1241.14 28.5721 43.4387 4 3 0.0644408 2.44142e-05 13.8199 2 
1.9095 -4.7403e-05 -1 0.87048 0.200598 0.000652601 1800.74 106853 4 247892 83.9012 7.37265 2 1 1180.84 40.9381 28.8445 4 3 0.0618168 2.43553e-05 13.6407 2 
1.91016 -4.7448e-05 -1 0.870611 0.200578 0.000652601 1801.34 106853 3 43547 142.618 6.73381 2 1 1016.52 46.8577 21.6937 4 3 0.0591146 2.42811e-05 13.4527 2 
1.91081 -4.74682e-05 -1 0.870742 0.20056 0.000652601 1801.95 106853 4 230869 37.7967 8.84052 2 1 1417.95 35.0627 40.4404 4 3 0.0597108 2.54447e-05 13.2888 2 
1.91146 -4.75168e-05 -1 0.870873 0.200553 0.000652601 1802.5 106857 3 74399.9 103.359 8.96205 2 1 1193.97 28.8734 41.3519 4 3 0.0607752 2.68455e-05 13.1306 2 
1.91211 -4.767e-05 -1 0.871004 0.200525 0.000652601 1803.05 106861 3 92987.5 88.8251 10.1538 2 1 1202.87 37.3522 32.2036 4 3 0.0647872 2.87885e-05 13.1046 2 
1.91277 -4.77293e-05 -1 0.871134 0.200496 0.000652601 1803.59 106865 3 66857.6 127.7 8.05971 2 1 1314.89 42.8933 30.6548 4 3 0.0680889 2.97223e-05 13.1825 2 
1.91342 -4.77592e-05 -1 0.871265 0.200466 0.000652601 1804.14 106869 3 38341 85.9799 7.63992 2 1 1204.64 36.6303 32.8863 4 3 0.0663895 2.84379e-05 13.2658 2 
1.91407 -4.78306e-05 -1 0.871396 0.200451 0.000652601 1804.66 106875 3 59210.6 96.8758 8.48649 2 1 1022.7 30.121 33.953 4 3 0.0660269 2.75305e-05 13.3855 2 
1.91473 -4.78771e-05 -1 0.871526 0.200431 0.000652601 1805.18 106880 3 43406.1 85.6234 7.97357 2 1 1087.21 27.4432 39.6168 4 3 0.0650169 2.65998e-05 13.4705 2 
1.91538 -4.78937e-05 -1 0.871657 0.200408 0.000652601 1805.75 106883 3 43242.4 117.982 7.15646 2 1 3078.58 113.624 27.0944 4 3 0.0638538 2.54423e-05 13.5897 2 
1.91603 -4.78837e-05 -1 0.871788 0.200388 0.000652601 1806.3 106886 3 62431.2 107.044 8.35499 2 1 915.145 32.7886 27.9104 4 3 0.0647907 2.42962e-05 13.8673 2 
1.91668 -4.78727e-05 -1 0.871919 0.200355 0.000652601 1806.89 106888 3 116484 125.434 9.75627 2 1 919.949 26.0366 35.3329 4 3 0.0668984 2.32081e-05 14.2318 2 
1.91734 -4.78897e-05 -1 0.872049 0.200345 0.000652601 1807.46 106890 4 172869 75.2869 6.92228 2 1 967.042 30.4266 31.7828 4 3 0.0690188 2.19285e-05 14.655 2 
1.91799 -4.78239e-05 -1 0.87218 0.20032 0.000652601 1808.03 106893 3 43484.5 123.843 7.05485 2 1 1295.44 26.3517 49.1596 4 3 0.0710912 2.35858e-05 14.4451 2 
1.91864 -4.78751e-05 -1 0.872311 0.200294 0.000652601 1808.63 106894 4 204915 49.4265 8.02423 2 1 1117.15 32.443 34.4344 4 3 0.0732461 7.88251e-05 9.75828 2 
1.91929 -4.79173e-05 -1 0.872441 0.200277 0.000652601 1809.24 106894 3 38365.6 46.7798 9.36041 2 1 1148.87 33.5061 34.2883 4 4 0.0817401 2.35052e-05 7.67923 2 
1.91995 -4.79628e-05 -1 0.872572 0.200263 0.000652601 1809.85 106894 3 98429.8 159.618 8.51167 2 1 1188.36 21.552 55.139 4 4 0.0849633 2.24873e-05 7.84013 2 
1.9206 -4.80035e-05 -1 0.872703 0.200235 0.000652601 1810.38 106899 3 42705.4 106.955 7.36366 2 1 1087.3 45.9032 23.6869 4 3 0.0858909 9.89921e-05 9.53782 2 
1.92125 -4.80402e-05 -1 0.872833 0.2002 0.000652601 1810.94 106902 3 41980 109.039 7.27478 2 1 1146.61 26.2323 43.7098 4 3 0.0867844 8.37946e-05 10.1175 2 
1.9219 -4.80359e-05 -1 0.872964 0.20019 0.000652601 1811.49 106906 3 78770.1 67.0947 10.5493 2 1 1101.94 27.6019 39.9226 4 3 0.0870578 7.38613e-05 10.5632 2 
1.92256 -4.79998e-05 -1 0.873095 0.20017 0.000652601 1812.07 106908 4 248167 40.7734 8.83266 2 1 1024.12 20.3749 50.2636 4 3 0.0871781 6.80544e-05 10.8605 2 
1.92321 -4.80083e-05 -1 0.873225 0.200152 0.000652601 1812.61 106912 3 104232 83.7819 10.7552 2 1 3630.38 84.6261 42.899 4 3 0.0864383 6.53627e-05 10.9764 2 
1.92386 -4.81412e-05 -1 0.873356 0.200125 0.000652601 1813.19 106914 3 51122.2 113.31 7.66972 2 1 1138.46 27.2609 41.7615 4 3 0.0854565 5.74193e-05 11.4173 2 
1.92451 -4.8092e-05 -1 0.873487 0.200101 0.000652601 1813.87 106910 3 32074.6 41.2946 9.19226 2 1 1175.14 30.9889 37.9213 4 3 0.0838749 5.15093e-05 11.7647 2 
1.92517 -4.8099e-05 -1 0.873617 0.200089 0.000652601 1814.49 106910 3 73421.6 216.202 6.97678 2 1 1088.89 26.7208 40.7505 4 3 0.0822047 4.93798e-05 11.8517 2 
1.92582 -4.81625e-05 -1 0.873748 0.200068 0.000652601 1815.18 106905 3 74276.9 107.423 8.84272 2 1 986.837 23.0586 42.797 4 3 0.080042 4.97304e-05 11.7192 2 
1.92647 -4.82054e-05 -1 0.873879 0.200039 0.000652601 1815.77 106907 3 45751.3 79.2975 8.32494 2 1 1234.29 24.4845 50.4113 4 3 0.0777887 4.81382e-05 11.7348 2 
1.92712 -4.81802e-05 -1 0.874009 0.200016 0.000652601 1816.35 106908 3 209720 168.277 10.7615 2 1 1098.47 25.0433 43.8628 4 3 0.0753099 4.27402e-05 12.0783 2 
1.92778 -4.82188e-05 -1 0.874139 0.199998 0.000652601 1816.89 106913 3 44611 75.2568 8.40038 2 1 1085.63 45.1944 24.0214 4 3 0.0726437 3.77236e-05 12.4412 2 
1.92843 -4.81805e-05 -1 0.87427 0.199978 0.000652601 1817.48 106914 4 238285 78.7945 7.41566 2 1 1190.02 49.4262 24.0767 4 3 0.069958 3.6082e-05 12.4695 2 
1.92908 -4.80365e-05 -1 0.8744 0.199948 0.000652601 1818.06 106916 4 236922 50.5722 8.2732 2 1 1429.54 36.6497 39.0055 4 3 0.0670434 3.65784e-05 12.238 2 
1.92973 -4.80493e-05 -1 0.874531 0.199932 0.000652601 1818.61 106920 3 67838.5 109.434 8.52657 2 1 1194.85 61.5425 19.4151 4 3 0.0642446 3.6143e-05 12.1135 2 
1.93039 -4.80054e-05 -1 0.874661 0.199916 0.000652601 1819.14 106924 3 43416.6 94.6021 7.7135 2 1 2857.8 121.737 23.4753 4 3 0.0694562 3.64886e-05 12.3932 2 
1.93104 -4.79768e-05 -1 0.874792 0.199893 0.000652601 1819.7 106928 3 43055.1 103.541 7.46398 2 1 1526.73 33.6923 45.3139 4 3 0.0669968 3.54445e-05 12.3643 2 
1.93169 -4.79491e-05 -1 0.874922 0.199874 0.000652601 1820.24 106932 3 41960.9 102.199 7.43247 2 1 2398.4 79.9047 30.0157 4 3 0.0671599 3.09189e-05 12.9508 2 
1.93235 -4.7958e-05 -1 0.875053 0.199854 0.000652601 1820.81 106935 3 96627.9 201.887 7.82225 2 1 1053.09 27.5826 38.1794 4 3 0.0666499 2.78187e-05 13.381 2 
1.933 -4.79444e-05 -1 0.875183 0.199834 0.000652601 1821.37 106938 3 63572 98.6753 8.63679 2 1 1119.64 30.6562 36.5225 4 3 0.0688614 2.54616e-05 13.9325 2 
1.93365 -4.7951e-05 -1 0.875313 0.199805 0.000652601 1821.92 106941 3 32134.6 44.0813 8.99994 2 1 916.128 28.1931 32.4948 4 3 0.0688799 2.58054e-05 13.8716 2 
1.9343 -4.7922e-05 -1 0.875444 0.199774 0.000652601 1822.49 106944 3 175731 200.698 9.56684 2 1 909.811 23.2006 39.215 4 3 0.0702362 2.69195e-05 13.7667 2 
1.93496 -4.79687e-05 -1 0.875574 0.199763 0.000652601 1823.04 106948 3 43217.4 112.036 7.27948 2 1 1280.25 55.2208 23.1842 4 3 0.0705267 2.60781e-05 13.9324 2 
1.93561 -4.79557e-05 -1 0.875704 0.199734 0.000652601 1823.58 106952 3 43344.5 169.777 6.34383 2 1 1381.86 61.6601 22.4109 4 3 0.0710636 2.63795e-05 13.9143 2 
1.93626 -4.78907e-05 -1 0.875835 0.199716 0.000652601 1824.12 106956 3 137119 192.929 8.92416 2 1 1218.19 23.4223 52.0099 4 3 0.0712576 2.60705e-05 13.9817 2 
1.93691 -4.77446e-05 -1 0.875965 0.199697 0.000652601 1824.68 106959 3 42724.3 122.396 7.04102 2 1 1266.64 33.1128 38.2523 4 3 0.0716294 2.42875e-05 14.3407 2 
1.93757 -4.77026e-05 -1 0.876095 0.199678 0.000652601 1825.22 106964 3 48350.2 134.698 7.10688 2 1 1266.89 59.9223 21.1423 4 3 0.0716309 2.12909e-05 14.9843 2 
1.93822 -4.77238e-05 -1 0.876225 0.199661 0.000652601 1825.78 106966 3 42952.3 97.3437 7.61307 2 1 1056.31 38.6972 27.2968 4 3 0.071694 1.93598e-05 15.4713 2 
1.93887 -4.77149e-05 -1 0.876356 0.199644 0.000652601 1826.32 106971 3 79797.3 93.2056 9.49545 2 1 3433.96 83.2498 41.2489 4 3 0.0715694 2.0659e-05 15.1312 2 
1.93952 -4.7672e-05 -1 0.876486 0.199611 0.000652601 1826.88 106974 3 74031.1 89.3122 9.39365 2 1 1249.83 31.6839 39.447 4 3 0.0717698 2.09453e-05 15.076 2 
1.94018 -4.76855e-05 -1 0.876616 0.199596 0.000652601 1827.43 106977 3 197028 146.522 11.0376 2 1 1125.65 30.8388 36.501 4 3 0.0805434 2.08194e-05 15.6984 2 
1.94083 -4.77124e-05 -1 0.876746 0.199585 0.000652601 1828.02 106979 3 99875.4 130.529 9.14641 2 1 1652.15 31.6655 52.1751 4 3 0.0838387 2.04119e-05 16.0148 2 
1.94148 -4.77967e-05 -1 0.876877 0.199555 0.000652601 1828.63 106979 4 247408 40.377 8.84748 2 1 1260.83 36.4637 34.5777 4 3 0.0841406 1.84853e-05 16.5727 2 
1.94213 -4.78461e-05 -1 0.877007 0.199533 0.000652601 1829.18 106983 4 207779 56.4638 7.78857 2 1 1156.75 36.5503 31.6482 4 3 0.0852375 1.85577e-05 16.6227 2 
1.94279 -4.78829e-05 -1 0.877137 0.199515 0.000652601 1829.72 106987 3 43021.7 124.509 7.01717 2 1 1044.46 33.5482 31.1332 4 3 0.0852972 1.8637e-05 16.603 2 
1.94344 -4.79143e-05 -1 0.877267 0.199504 0.000652601 1830.29 106989 3 71280 109.519 8.66615 2 1 1097.57 35.8672 30.6011 4 3 0.0855082 1.86505e-05 16.6126 2 
1.94409 -4.78639e-05 -1 0.877398 0.199476 0.000652601 1830.85 106993 3 125437 82.6673 11.4912 2 1 1253.95 29.7478 42.1528 4 3 0.0845168 1.7162e-05 17.0134 2 
1.94474 -4.78702e-05 -1 0.877528 0.19945 0.000652601 1831.43 106994 4 208136 26.7884 9.38858 2 1 1041.53 37.3859 27.8589 4 3 0.0834466 1.85076e-05 16.5204 2 
1.9454 -4.78838e-05 -1 0.877658 0.199422 0.000652601 1831.97 106999 3 95665.7 157.113 8.47582 2 1 1045.59 35.1047 29.785 4 3 0.081759 1.97906e-05 16.0457 2 
1.94605 -4.78528e-05 -1 0.877788 0.19941 0.000652601 1832.5 107004 3 42851.4 78.9015 8.1588 2 1 2610.47 77.8298 33.5407 4 3 0.0799822 2.09106e-05 15.639 2 
1.9467 -4.78859e-05 -1 0.877918 0.199388 0.000652601 1833.06 107007 4 236457 34.8978 9.07274 2 1 1342.52 42.7154 31.4294 4 3 0.0774854 2.20569e-05 15.2017 2 
1.94736 -4.78652e-05 -1 0.878048 0.199391 0.000652601 1833.64 107009 3 219156 187.795 10.5283 2 1 1158.98 31.0653 37.3079 4 3 0.07522 2.383e-05 14.6691 2 
1.94801 -4.78803e-05 -1 0.878178 0.199344 0.000652601 1834.2 107011 3 43419.5 107.155 7.39988 2 1 1750.53 53.5692 32.678 4 3 0.0723265 2.41276e-05 14.4188 2 
1.94866 -4.78857e-05 -1 0.878308 0.199338 0.000652601 1834.79 107013 4 238687 65.7436 7.76236 2 1 1183.45 32.7171 36.1721 4 3 0.0722215 2.55604e-05 14.1373 2 
1.94931 -4.78398e-05 -1 0.878438 0.199311 0.000652601 1835.39 107014 3 41837.5 91.2974 7.70967 2 1 1518.24 29.7963 50.9539 4 3 0.0689278 2.64329e-05 13.7642 2 
1.94997 -4.78312e-05 -1 0.878568 0.199296 0.000652601 1835.94 107017 3 42451 126.838 6.94299 2 1 1486.73 34.6267 42.936 4 3 0.0687104 2.69642e-05 13.6588 2 
1.95062 -4.78714e-05 -1 0.878698 0.199271 0.000652601 1836.48 107021 3 61564.7 96.7772 8.60042 2 1 932.143 45.9214 20.2987 4 3 0.0674798 2.63942e-05 13.6738 2 
1.95127 -4.79047e-05 -1 0.878828 0.199248 0.000652601 1837.03 107025 3 112846 197.001 8.30499 2 1 904.41 30.6348 29.5223 4 3 0.0660629 2.54138e-05 13.7498 2 
1.95192 -4.77849e-05 -1 0.878959 0.199214 0.000652601 1837.62 107026 3 170416 158.399 10.2467 2 1 928.201 37.5735 24.7036 4 3 0.0644407 2.41135e-05 13.8771 2 
1.95258 -4.77183e-05 -1 0.879089 0.199206 0.000652601 1838.18 107030 3 43297 42.3642 10.0729 2 1 1123.85 61.5974 18.245 4 3 0.0627756 2.22255e-05 14.1356 2 
1.95323 -4.77409e-05 -1 0.879219 0.199193 0.000652601 1838.76 107031 3 49076.2 74.7224 8.69241 2 1 1264.55 39.6481 31.8944 4 3 0.0609653 1.9819e-05 14.5434 2 
1.95388 -4.78584e-05 -1 0.879349 0.199167 0.000652601 1839.32 107034 3 132094 224.464 8.38004 2 1 3242.85 78.2567 41.4386 4 3 0.0590393 1.97433e-05 14.407 2 
1.95453 -4.79434e-05 -1 0.879479 0.199155 0.000652601 1839.88 107037 3 41637.5 91.133 7.70199 2 1 1176.32 39.8345 29.5303 4 3 0.0579292 1.92839e-05 14.4289 2 
1.95519 -4.79852e-05 -1 0.879609 0.199134 0.000652601 1840.44 107040 3 42732.1 81.7715 8.05473 2 1 1090.25 32.5126 33.5331 4 3 0.0591432 1.86451e-05 14.6931 2 
1.95584 -4.8024e-05 -1 0.879739 0.199109 0.000652601 1840.99 107044 3 43141.6 126.494 6.98676 2 1 1064.85 26.9194 39.5569 4 3 0.0606272 1.76927e-05 15.0762 2 
1.95649 -4.80108e-05 -1 0.879868 0.199084 0.000652601 1841.59 107044 3 76570.6 99.7577 9.15599 2 1 1470 25.9978 56.5434 4 3 0.0621004 1.67774e-05 15.4688 2 
1.95714 -4.80231e-05 -1 0.879998 0.199064 0.000652601 1842.15 107048 3 43646.2 111.981 7.30467 2 1 1362.12 35.0499 38.8622 4 3 0.068704 1.4721e-05 16.7115 2 
1.9578 -4.79907e-05 -1 0.880128 0.199045 0.000652601 1842.7 107052 3 192744 174.437 10.3383 2 1 1033.13 30.9301 33.4021 4 3 0.0703364 1.50661e-05 16.7132 2 
1.95845 -4.79805e-05 -1 0.880258 0.199012 0.000652601 1843.27 107054 3 93877.1 214.492 7.59247 2 1 1068.18 39.8422 26.8104 4 3 0.0699593 1.54856e-05 16.5313 2 
1.9591 -4.7932e-05 -1 0.880388 0.199002 0.000652601 1844 107047 3 49100.9 117.977 7.46617 2 1 1230.17 37.6022 32.7153 4 3 0.0696875 3.24679e-05 12.8993 2 
1.95975 -4.7943e-05 -1 0.880518 0.198995 0.000652601 1844.64 107045 3 41251 103.644 7.3558 2 1 1157 32.2982 35.8225 4 3 0.0724991 9.92706e-05 9.00542 2 
1.96041 -4.7994e-05 -1 0.880648 0.198958 0.000652601 1845.39 107037 4 241453 43.0035 8.6563 2 1 1044.23 34.9013 29.9196 4 4 0.0817123 1.92972e-05 8.06674 2 
1.96106 -4.80298e-05 -1 0.880777 0.198946 0.000652601 1845.97 107039 3 46699.5 109.396 7.52957 2 1 2588.9 90.0771 28.7409 4 3 0.0823733 9.02528e-05 9.70008 2 
1.96171 -4.80096e-05 -1 0.880907 0.198927 0.000652601 1846.56 107041 3 153565 181.698 9.4547 2 1 1133.79 21.0289 53.9157 4 3 0.0839688 7.8435e-05 10.2299 2 
1.96237 -4.80837e-05 -1 0.881037 0.198904 0.000652601 1847.15 107042 4 205841 48.8579 8.05655 2 1 1094.01 40.7406 26.853 4 3 0.0839944 6.86247e-05 10.6969 2 
1.96302 -4.80388e-05 -1 0.881167 0.19888 0.000652601 1847.69 107046 3 43760.9 62.8027 8.86549 2 1 1206.82 45.5943 26.4687 4 3 0.0839377 6.09933e-05 11.1231 2 
1.96367 -4.80461e-05 -1 0.881297 0.198859 0.000652601 1848.26 107048 4 211111 65.6199 7.53128 2 1 1100.75 46.845 23.4978 4 3 0.0827317 5.99227e-05 11.1351 2 
1.96432 -4.80705e-05 -1 0.881426 0.19885 0.000652601 1848.79 107053 3 240566 226.678 10.2002 2 1 1170.63 44.3141 26.4167 4 3 0.081937 5.40726e-05 11.486 2 
1.96498 -4.79754e-05 -1 0.881556 0.198813 0.000652601 1849.36 107055 3 217585 138.572 11.623 2 1 1232.44 62.6841 19.6611 4 3 0.0806153 4.68466e-05 11.9834 2 
1.96563 -4.7985e-05 -1 0.881685 0.198807 0.000652601 1849.91 107059 3 42247.6 111.36 7.2392 2 1 2014.93 80.5856 25.0036 4 3 0.0789791 4.41265e-05 12.1415 2 
1.96628 -4.80135e-05 -1 0.881815 0.198786 0.000652601 1850.46 107063 3 42622.9 101.883 7.47906 2 1 1128.55 32.7193 34.4919 4 3 0.0781373 4.36808e-05 12.1392 2 
1.96693 -4.80065e-05 -1 0.881945 0.198759 0.000652601 1851.02 107066 3 42793.3 115.101 7.19061 2 1 1642.21 37.1691 44.1822 4 3 0.0780151 4.39686e-05 12.1063 2 
1.96759 -4.80116e-05 -1 0.882074 0.198744 0.000652601 1851.55 107070 3 43770.4 88.1444 7.91885 2 1 1087.96 35.7937 30.3954 4 3 0.077443 4.06673e-05 12.395 2 
1.96824 -4.79982e-05 -1 0.882204 0.198714 0.000652601 1852.15 107071 4 235471 49.1433 8.3199 2 1 927.792 29.9679 30.9595 4 3 0.0768995 3.50702e-05 12.9916 2 
1.96889 -4.80451e-05 -1 0.882334 0.198703 0.000652601 1852.71 107074 3 107664 136.65 9.23605 2 1 3064.04 71.3533 42.9418 4 3 0.0760902 3.25481e-05 13.2719 2 
1.96954 -4.81328e-05 -1 0.882463 0.198678 0.000652601 1853.24 107079 3 164528 203.06 9.32263 2 1 947.457 29.1529 32.4996 4 3 0.0753283 3.13915e-05 13.388 2 
1.9702 -4.81299e-05 -1 0.882593 0.198655 0.000652601 1853.84 107080 3 43270.2 79.7768 8.15525 2 1 1121.53 51.8344 21.6369 4 3 0.0744057 3.20543e-05 13.2406 2 
1.97085 -4.81109e-05 -1 0.882723 0.198641 0.000652601 1854.44 107081 3 132821 114.518 10.5066 2 1 1290.9 42.4983 30.3753 4 3 0.0735478 3.15438e-05 13.2603 2 
1.9715 -4.80928e-05 -1 0.882852 0.198634 0.000652601 1855.06 107080 3 42447.3 96.755 7.59846 2 1 1255.08 24.1513 51.9675 4 3 0.0724142 3.23714e-05 13.0784 2 
1.97215 -4.81278e-05 -1 0.882982 0.198615 0.000652601 1855.68 107080 3 93463.2 140.766 8.72397 2 1 1115.43 33.6764 33.1218 4 3 0.0713205 2.95296e-05 13.4169 2 
1.97281 -4.81059e-05 -1 0.883112 0.198588 0.000652601 1856.26 107081 3 42540.3 95.8601 7.62759 2 1 1022.84 20.108 50.8676 4 3 0.0701684 2.60096e-05 13.921 2 
1.97346 -4.81072e-05 -1 0.883242 0.198564 0.000652601 1856.84 107083 3 77853.2 138.077 8.26137 2 1 1053.37 28.7719 36.6112 4 3 0.0686342 2.29679e-05 14.4037 2 
1.97411 -4.80445e-05 -1 0.883371 0.198551 0.000652601 1857.39 107087 3 52070.2 211.735 6.26515 2 1 1537 37.2846 41.2236 4 3 0.0670603 2.15745e-05 14.594 2 
1.97476 -4.80055e-05 -1 0.883501 0.19853 0.000652601 1857.94 107090 3 35149.8 93.7366 7.21115 2 1 1118.82 41.2162 27.145 4 3 0.0655506 2.31002e-05 14.1575 2 
1.97542 -4.79747e-05 -1 0.883631 0.198542 0.000652601 1858.52 107092 3 187231 207.253 9.66701 2 1 1011.36 30.8641 32.7681 4 3 0.0680962 2.33019e-05 14.297 2 
1.97607 -4.78711e-05 -1 0.88376 0.198483 0.000652601 1859.09 107095 3 42831.6 96.7824 7.6206 2 1 1069.26 43.7467 24.442 4 3 0.0692246 2.27036e-05 14.5007 2 
1.97672 -4.78039e-05 -1 0.88389 0.198468 0.000652601 1859.67 107097 3 48383.7 78.284 8.51808 2 1 2099.36 72.7858 28.843 4 3 0.0688429 2.31375e-05 14.3829 2 
1.97737 -4.78868e-05 -1 0.884019 0.198456 0.000652601 1860.25 107098 3 43322.9 123.969 7.04371 2 1 1094.79 38.1112 28.7262 4 3 0.0684422 2.21043e-05 14.5752 2 
1.97803 -4.79631e-05 -1 0.884149 0.198435 0.000652601 1860.84 107099 3 70022.6 51.3365 11.0901 2 1 1032.57 36.2214 28.5073 4 3 0.0672849 2.0511e-05 14.8586 2 
1.97868 -4.79786e-05 -1 0.884278 0.198415 0.000652601 1861.42 107102 4 240583 43.2339 8.63694 2 1 1065.8 38.439 27.727 4 3 0.0693643 1.75515e-05 15.8103 2 
1.97933 -4.80255e-05 -1 0.884408 0.19839 0.000652601 1861.99 107104 3 147580 92.3871 11.6898 2 1 1734.46 30.5684 56.7403 4 3 0.0781903 1.52482e-05 17.2443 2 
1.97999 -4.8085e-05 -1 0.884537 0.198378 0.000652601 1862.56 107106 4 201242 14.6051 10.8344 2 1 1134.77 47.3945 23.943 4 3 0.0815562 1.49742e-05 17.5943 2 
1.98064 -4.80717e-05 -1 0.884666 0.198351 0.000652601 1863.11 107110 3 92283.5 116.395 9.25542 2 1 1219.38 35.3281 34.5158 4 3 0.0818387 1.621e-05 17.1551 2 
1.98129 -4.80993e-05 -1 0.884796 0.198338 0.000652601 1863.67 107113 3 43643.5 122.19 7.09514 2 1 1154.31 34.1304 33.8206 4 3 0.0829775 1.7466e-05 16.8108 2 
1.98194 -4.81e-05 -1 0.884925 0.198318 0.000652601 1864.22 107116 3 64773.5 87.0108 9.06306 2 1 1099.17 31.6669 34.7104 4 3 0.0826781 1.88471e-05 16.37 2 
1.9826 -4.80401e-05 -1 0.885054 0.198298 0.000652601 1864.79 107118 4 232238 59.6494 7.89917 2 1 1101.44 28.257 38.9793 4 3 0.0822827 1.96325e-05 16.1229 2 
1.98325 -4.8051e-05 -1 0.885184 0.198283 0.000652601 1865.37 107120 3 41921.5 126.383 6.92229 2 1 1819.22 48.7963 37.2819 4 3 0.0803433 2.13768e-05 15.5478 2 
1.9839 -4.80848e-05 -1 0.885313 0.198258 0.000652601 1865.94 107123 4 215456 71.7641 7.40224 2 1 987.452 28.0054 35.2593 4 3 0.0788436 2.46157e-05 14.7407 2 
1.98455 -4.81227e-05 -1 0.885442 0.198236 0.000652601 1866.53 107124 4 158472 71.5821 6.85942 2 1 2873.99 67.6116 42.5073 4 3 0.0796926 2.61047e-05 14.5066 2 
1.98521 -4.8189e-05 -1 0.885571 0.198224 0.000652601 1867.07 107128 3 61370.4 41.2842 11.4128 2 1 908.103 32.6249 27.8347 4 3 0.0811405 2.62921e-05 14.5592 2 
1.98586 -4.81985e-05 -1 0.885701 0.198198 0.000652601 1867.61 107132 3 108902 184.712 8.3852 2 1 913.442 24.8591 36.7447 4 3 0.0821176 2.59504e-05 14.6813 2 
1.98651 -4.81469e-05 -1 0.88583 0.198186 0.000652601 1868.2 107133 4 239182 88.4708 7.21078 2 1 894.129 25.1282 35.5826 4 3 0.0829913 2.51537e-05 14.8871 2 
1.98716 -4.80224e-05 -1 0.885959 0.198159 0.000652601 1868.75 107137 3 41978.2 70.0959 8.42902 2 1 1038.3 28.1339 36.9055 4 3 0.0826213 2.3621e-05 15.1798 2 
1.98782 -4.80003e-05 -1 0.886088 0.198139 0.000652601 1869.28 107142 3 133810 130.667 10.0795 2 1 1159.77 34.5879 33.5311 4 3 0.0830876 2.14558e-05 15.7035 2 
1.98847 -4.80405e-05 -1 0.886218 0.198123 0.000652601 1869.85 107144 4 149629 55.2933 7.2125 2 1 1138.78 35.7363 31.8662 4 3 0.0826289 1.87599e-05 16.3921 2 
1.98912 -4.80735e-05 -1 0.886347 0.198107 0.000652601 1870.41 107147 3 58759.3 136.489 7.55081 2 1 1275.37 43.5315 29.2977 4 3 0.0819267 1.60899e-05 17.2038 2 
1.98977 -4.81494e-05 -1 0.886476 0.198094 0.000652601 1870.97 107150 3 43014.4 132.139 6.87904 2 1 1065.91 24.6778 43.1929 4 3 0.0816653 1.60524e-05 17.1989 2 
1.99043 -4.82079e-05 -1 0.886606 0.198072 0.000652601 1871.59 107150 4 42388.8 58.5083 5.1881 2 1 1014.89 22.4815 45.1434 4 3 0.0806993 1.60649e-05 17.1263 2 
1.99108 -4.82213e-05 -1 0.886735 0.198058 0.000652601 1872.17 107151 3 75011.7 186.782 7.37788 2 1 1090.02 26.261 41.507 4 3 0.0796001 1.60449e-05 17.0553 2 
1.99173 -4.83592e-05 -1 0.886864 0.198033 0.000652601 1872.78 107151 4 51333.6 58.3557 5.44602 2 1 1756.79 58.6724 29.9423 4 3 0.0785041 1.60321e-05 16.9812 2 
1.99238 -4.83786e-05 -1 0.886994 0.19801 0.000652601 1873.51 107145 3 190121 176.583 10.2493 2 1 1494.49 35.627 41.9483 4 3 0.077126 1.56283e-05 17.0254 2 
1.99304 -4.84525e-05 -1 0.887123 0.197997 0.000652601 1874.15 107143 3 41771.9 116.391 7.10648 2 1 983.986 47.5642 20.6875 4 3 0.0760174 1.50805e-05 17.1461 2 
1.99369 -4.8492e-05 -1 0.887252 0.197979 0.000652601 1874.76 107143 3 41959.3 73.0985 8.31074 2 1 1253.3 25.8841 48.4198 4 3 0.0744027 1.50556e-05 17.0332 2 
1.99434 -4.85446e-05 -1 0.887382 0.197956 0.000652601 1875.36 107144 3 47866.5 119.709 7.36719 2 1 1158.99 30.3684 38.1642 4 3 0.072642 1.51355e-05 16.868 2 
1.995 -4.85556e-05 -1 0.887511 0.197946 0.000652601 1875.96 107144 3 71717.1 50.2294 11.2604 2 1 1092.12 50.326 21.701 4 3 0.070791 1.74413e-05 15.9514 2 
1.99565 -4.86068e-05 -1 0.88764 0.197919 0.000652601 1876.52 107147 3 42582.7 105.823 7.38275 2 1 1500.55 30.5222 49.1626 4 3 0.0689924 1.86792e-05 15.4578 2 
1.9963 -4.85805e-05 -1 0.88777 0.197896 0.000652601 1877.09 107150 4 246006 58.0354 8.06888 2 1 1047.83 18.6651 56.1383 4 3 0.067023 2.10561e-05 14.7101 2 
1.99695 -4.86146e-05 -1 0.887899 0.197887 0.000652601 1877.65 107153 3 206053 167.242 10.7204 2 1 1602.4 29.0439 55.1715 4 3 0.0661483 2.74099e-05 13.4133 2 
1.99761 -4.86789e-05 -1 0.888028 0.19786 0.000652601 1878.22 107155 3 71160 115.499 8.50915 2 1 1194.49 43.9665 27.1682 4 3 0.0689059 3.05309e-05 13.1171 2 
1.99826 -4.87696e-05 -1 0.888157 0.197846 0.000652601 1878.78 107158 3 88407.4 108.51 9.33984 2 1 1354 32.7132 41.3899 4 3 0.0707293 2.72932e-05 13.7356 2 
1.99891 -4.87908e-05 -1 0.888286 0.197828 0.000652601 1879.32 107162 3 42426.3 66.1353 8.6245 2 1 1146.8 40.3418 28.427 4 3 0.0792461 2.24304e-05 15.2305 2 
1.99956 -4.87782e-05 -1 0.888415 0.197808 0.000652601 1879.88 107165 3 62930.6 123.936 7.97789 2 1 2694.86 65.0495 41.4278 4 3 0.081465 2.02136e-05 15.9139 2 
2.00022 -4.8806e-05 -1 0.888544 0.197803 0.000652601 1880.45 107167 4 231269 61.1274 7.84279 2 1 1094.65 35.9182 30.476 4 3 0.0814758 4.84278e-05 11.8935 2 
2.00087 -4.87779e-05 -1 0.888673 0.197776 0.000652601 1881.1 107166 3 41329.4 108.15 7.25678 2 1 1450.17 46.2438 31.3591 4 4 0.0816292 2.26402e-05 7.74892 2 
2.00152 -4.87281e-05 -1 0.888802 0.197744 0.000652601 1881.74 107164 3 42899.3 79.4137 8.14426 2 1 1048.28 36.8174 28.4725 4 4 0.0807549 2.29403e-05 7.70269 2 
2.00217 -4.87194e-05 -1 0.888931 0.197733 0.000652601 1882.34 107165 3 41906.9 106.979 7.31693 2 1 1661.49 35.6955 46.5462 4 4 0.0794406 2.07816e-05 7.86304 2 
2.00283 -4.87517e-05 -1 0.889059 0.197717 0.000652601 1882.89 107168 3 60049.2 67.9267 9.59745 2 1 877.225 31.8418 27.5495 4 3 0.0773259 8.83935e-05 9.5639 2 
2.00348 -4.87995e-05 -1 0.889188 0.197694 0.000652601 1883.46 107170 4 217773 53.7439 7.97845 2 1 897.751 24.3634 36.8484 4 3 0.074979 7.66466e-05 9.92694 2 
2.00413 -4.88166e-05 -1 0.889317 0.197677 0.000652601 1884.05 107172 3 159322 151.992 10.1582 2 1 918.87 27.5984 33.2943 4 3 0.0723663 6.85314e-05 10.1832 2 
2.00478 -4.87732e-05 -1 0.889446 0.197658 0.000652601 1884.6 107175 3 42804.2 114.251 7.209 2 1 1163.04 41.4145 28.083 4 3 0.0799668 6.68818e-05 10.6137 2 
2.00544 -4.87907e-05 -1 0.889575 0.197641 0.000652601 1885.18 107177 4 233928 43.6924 8.55399 2 1 1273.15 39.4768 32.2506 4 3 0.0809998 6.02611e-05 11.0361 2 
2.00609 -4.87572e-05 -1 0.889704 0.197625 0.000652601 1885.77 107178 4 140643 54.0631 7.14174 2 1 1241.86 27.3463 45.4122 4 3 0.0831805 5.2052e-05 11.6913 2 
2.00674 -4.88247e-05 -1 0.889833 0.19761 0.000652601 1886.34 107180 3 41785.2 91.8392 7.69127 2 1 1094.14 25.6313 42.6875 4 3 0.0835799 4.96724e-05 11.894 2 
2.00739 -4.88823e-05 -1 0.889962 0.197587 0.000652601 1886.92 107182 3 29475 75.024 7.32405 2 1 1463.24 34.0579 42.9632 4 3 0.0851585 4.88953e-05 12.0315 2 
2.00805 -4.89055e-05 -1 0.890091 0.197573 0.000652601 1887.47 107185 3 76619 111.72 8.81865 2 1 1031.24 22.1542 46.5483 4 3 0.08509 4.90944e-05 12.012 2 
2.0087 -4.88937e-05 -1 0.89022 0.197553 0.000652601 1888.03 107189 3 42297.9 116.71 7.12968 2 1 1362.95 22.7416 59.9318 4 3 0.0852425 4.47435e-05 12.3968 2 
2.00935 -4.88797e-05 -1 0.890348 0.197534 0.000652601 1888.55 107194 3 98413.5 72.5196 11.0713 2 1 1113.43 29.7568 37.4178 4 3 0.0848077 3.8646e-05 12.995 2 
2.01 -4.88939e-05 -1 0.890477 0.197507 0.000652601 1889.08 107198 3 183165 171.837 10.2151 2 1 1394.12 34.0034 40.9996 4 3 0.0843691 3.654e-05 13.2172 2 
2.01066 -4.87814e-05 -1 0.890606 0.197502 0.000652601 1889.79 107193 3 41499 74.3592 8.23318 2 1 1260.56 32.3807 38.9294 4 3 0.0834865 3.56476e-05 13.2799 2 
2.01131 -4.87686e-05 -1 0.890735 0.197478 0.000652601 1890.42 107191 3 41140.6 151.929 6.46959 2 1 1313.54 38.2897 34.3054 4 3 0.0823484 3.61393e-05 13.1591 2 
2.01196 -4.87864e-05 -1 0.890864 0.197464 0.000652601 1891.02 107192 3 47586.2 96.3423 7.90475 2 1 1139.58 44.1469 25.8134 4 3 0.0811385 3.53815e-05 13.1871 2 
2.01262 -4.87815e-05 -1 0.890993 0.197445 0.000652601 1891.62 107193 3 70556.7 209.595 6.95642 2 1 1037.62 37.414 27.7336 4 3 0.0797166 3.64525e-05 12.98 2 
2.01327 -4.8774e-05 -1 0.891122 0.197438 0.000652601 1892.2 107195 3 116592 119.985 9.90483 2 1 1062.28 41.5823 25.5464 4 3 0.077785 3.27296e-05 13.345 2 
2.01392 -4.8724e-05 -1 0.891251 0.197407 0.000652601 1892.75 107198 4 248003 37.3383 9.02767 2 1 1552.4 29.0253 53.4843 4 3 0.0761132 2.90022e-05 13.7936 2 
2.01457 -4.87439e-05 -1 0.89138 0.19739 0.000652601 1893.3 107202 4 198943 23.7535 9.56645 2 1 1020.86 32.7717 31.1505 4 3 0.0742076 2.62387e-05 14.1417 2 
2.01523 -4.87481e-05 -1 0.891509 0.197374 0.000652601 1893.83 107206 3 89813.9 92.8998 9.88802 2 1 2512.49 58.8746 42.6752 4 3 0.0722375 2.49092e-05 14.2605 2 
2.01588 -4.87042e-05 -1 0.891638 0.197355 0.000652601 1894.31 107213 3 48213.3 67.924 8.92034 2 1 1168.47 26.0868 44.7915 4 3 0.0700734 2.6483e-05 13.8313 2 
2.01653 -4.8733e-05 -1 0.891767 0.197335 0.000652601 1894.83 107219 4 136704 42.915 7.51265 2 1 1077.55 31.5063 34.201 4 3 0.0692102 2.63522e-05 13.797 2 
2.01718 -4.8809e-05 -1 0.891896 0.197321 0.000652601 1895.32 107226 3 214236 213.756 10.0075 2 1 1085.45 34.7957 31.195 4 3 0.0777303 2.59361e-05 14.4177 2 
2.01784 -4.89667e-05 -1 0.892025 0.197304 0.000652601 1895.84 107231 4 227738 41.0153 8.63222 2 1 1617.19 56.2942 28.7276 4 3 0.0805028 2.61496e-05 14.5473 2 
2.01849 -4.90101e-05 -1 0.892154 0.197273 0.000652601 1896.34 107237 3 42442.4 87.1173 7.86862 2 1 1555.43 30.6212 50.7959 4 3 0.0804181 2.51007e-05 14.742 2 
2.01914 -4.90404e-05 -1 0.892282 0.197268 0.000652601 1896.82 107245 3 33971.3 87.9363 7.28308 2 1 914.852 34.8574 26.2456 4 3 0.0802943 2.50445e-05 14.7454 2 
2.01979 -4.90658e-05 -1 0.892411 0.19725 0.000652601 1897.34 107250 3 57147.1 123.199 7.74096 2 1 1634.43 37.0482 44.1163 4 3 0.0794342 2.50674e-05 14.6881 2 
2.02045 -4.90479e-05 -1 0.892539 0.197261 0.000652601 1897.84 107256 3 105213 179.158 8.37423 2 1 874.435 29.2997 29.8445 4 3 0.0784285 2.47845e-05 14.6813 2 
2.0211 -4.89677e-05 -1 0.892668 0.197219 0.000652601 1898.34 107262 3 160053 131.216 10.6846 2 1 978.344 36.5965 26.7333 4 3 0.076413 2.40431e-05 14.7025 2 
2.02175 -4.89583e-05 -1 0.892796 0.1972 0.000652601 1898.89 107266 4 183802 83.0772 6.85831 2 1 1132.45 65.5118 17.2862 4 3 0.074229 2.26269e-05 14.8588 2 
2.0224 -4.89211e-05 -1 0.892925 0.197177 0.000652601 1899.41 107271 4 219327 66.5832 7.57586 2 1 1206.65 27.6587 43.6265 4 3 0.0714971 2.02777e-05 15.2203 2 
2.02306 -4.8952e-05 -1 0.893053 0.197167 0.000652601 1899.93 107276 4 237758 71.9237 7.58256 2 1 1201.02 51.7711 23.1987 4 3 0.0684828 1.81808e-05 15.5593 2 
2.02371 -4.88979e-05 -1 0.893182 0.197148 0.000652601 1900.42 107283 3 55135.1 106.705 8.02444 2 1 1309.53 30.2074 43.3514 4 3 0.0703245 1.82859e-05 15.6674 2 
2.02436 -4.88966e-05 -1 0.89331 0.19713 0.000652601 1900.92 107289 3 42963 122.396 7.05412 2 1 1077.14 39.5453 27.2381 4 3 0.072458 1.85918e-05 15.737 2 
2.02501 -4.89146e-05 -1 0.893439 0.197111 0.000652601 1901.42 107295 3 42657.2 80.9812 8.07612 2 1 1015.72 25.3098 40.1313 4 3 0.0805706 1.85207e-05 16.3245 2 
2.02567 -4.89053e-05 -1 0.893567 0.197097 0.000652601 1901.91 107302 3 74280.9 99.117 9.08329 2 1 1401.3 23.956 58.4946 4 3 0.0837336 1.78425e-05 16.7423 2 
2.02632 -4.8917e-05 -1 0.893696 0.197074 0.000652601 1902.44 107307 3 42966.5 87.7906 7.88063 2 1 1096.25 20.0356 54.7151 4 3 0.0848181 1.50644e-05 17.7901 2 
2.02697 -4.898e-05 -1 0.893824 0.19706 0.000652601 1902.99 107310 3 184590 133.202 11.1489 2 1 1074.12 34.4003 31.2241 4 3 0.0862803 1.54159e-05 17.7547 2 
2.02763 -4.902e-05 -1 0.893953 0.197036 0.000652601 1903.66 107307 3 43251.8 106.285 7.41044 2 1 1140.09 47.777 23.8627 4 3 0.0867616 1.58296e-05 17.6313 2 
2.02828 -4.90418e-05 -1 0.894082 0.19702 0.000652601 1904.39 107300 4 134600 47.5299 7.2949 2 1 1306.45 50.4642 25.8887 4 3 0.0870932 1.62588e-05 17.4971 2 
2.02893 -4.90816e-05 -1 0.89421 0.197017 0.000652601 1905.09 107295 3 90863.2 139.865 8.66082 2 1 1188.02 29.2663 40.5934 4 3 0.086652 1.62651e-05 17.4652 2 
2.02958 -4.90562e-05 -1 0.894339 0.196992 0.000652601 1905.74 107293 3 47579.8 93.4719 7.98449 2 1 1073.98 23.3123 46.0693 4 3 0.0867587 1.6062e-05 17.5457 2 
2.03024 -4.90384e-05 -1 0.894467 0.196964 0.000652601 1906.48 107286 3 117728 112.97 10.1385 2 1 2383.6 49.8454 47.8199 4 3 0.0854182 1.86296e-05 16.613 2 
2.03089 -4.90662e-05 -1 0.894596 0.196951 0.000652601 1907.12 107284 3 143129 139.928 10.0757 2 1 1153.58 25.7698 44.7648 4 3 0.0844231 2.34467e-05 15.3271 2 
2.03154 -4.91223e-05 -1 0.894725 0.196946 0.000652601 1907.85 107277 4 247150 66.1919 7.81698 2 1 1150.33 26.6919 43.0965 4 3 0.0829504 2.75102e-05 14.4469 2 
2.03219 -4.91162e-05 -1 0.894853 0.196918 0.000652601 1908.57 107271 3 48844 137.825 7.07664 2 1 1206.7 32.7548 36.8405 4 3 0.0810636 2.94177e-05 14.0197 2 
2.03285 -4.92073e-05 -1 0.894982 0.19692 0.000652601 1909.31 107264 3 86106.4 134.141 8.62629 2 1 1271.12 45.1685 28.1418 4 3 0.0790743 2.61968e-05 14.452 2 
2.0335 -4.9183e-05 -1 0.895111 0.196889 0.000652601 1910.01 107259 3 42859.3 84.7932 7.96577 2 1 1123.57 40.4011 27.8103 4 3 0.0771169 2.14766e-05 15.313 2 
2.03415 -4.91768e-05 -1 0.895239 0.196863 0.000652601 1910.68 107256 3 63523.4 71.0628 9.63305 2 1 1046.71 42.9316 24.381 4 3 0.0750302 1.62738e-05 16.6437 2 
2.0348 -4.92095e-05 -1 0.895368 0.196848 0.000652601 1911.3 107255 3 231064 178.703 10.8943 2 1 1181.2 42.4004 27.8582 4 3 0.0728056 1.52855e-05 16.8252 2 
2.03546 -4.91021e-05 -1 0.895496 0.196839 0.000652601 1911.89 107256 3 42785.6 121.934 7.05327 2 1 1389.2 75.5919 18.3776 4 3 0.0774106 1.78598e-05 16.3045 2 
2.03611 -4.913e-05 -1 0.895625 0.196816 0.000652601 1912.45 107259 3 58857.1 106.976 8.19415 2 1 1519.03 60.7428 25.0075 4 3 0.0795242 1.86267e-05 16.2226 2 
2.03676 -4.91407e-05 -1 0.895753 0.196805 0.000652601 1913.03 107261 3 42894.6 118.223 7.13236 2 1 937.843 35.1235 26.7013 4 3 0.0792529 1.90813e-05 16.0744 2 
2.03741 -4.9143e-05 -1 0.895882 0.196787 0.000652601 1913.61 107263 3 106551 92.8811 10.4683 2 1 1495.45 38.0896 39.2615 4 3 0.0790795 1.90218e-05 16.0794 2 
2.03807 -4.91186e-05 -1 0.896011 0.196788 0.000652601 1914.18 107265 3 160795 186.745 9.51353 2 1 812.757 28.8985 28.1245 4 3 0.0779965 1.86774e-05 16.1035 2 
2.03872 -4.91403e-05 -1 0.896139 0.196748 0.000652601 1914.72 107269 3 42840.7 106.998 7.37044 2 1 1178.19 41.349 28.4938 4 3 0.0769348 1.81838e-05 16.1738 2 
2.03937 -4.91342e-05 -1 0.896267 0.196729 0.000652601 1915.22 107275 1 2108.77 192.302 10.9659 2 1 1325.33 49.6569 26.6898 4 3 0.0746265 1.7651e-05 16.1699 2 
2.04002 -4.91673e-05 -1 0.896395 0.196727 0.000652601 1915.78 107278 3 123526 107.948 10.4596 2 1 1202.11 37.5186 32.0404 4 3 0.0719568 1.69944e-05 16.1779 2 
2.04068 -4.92094e-05 -1 0.896523 0.196704 0.000652601 1916.35 107280 4 222128 63.4328 7.69258 2 1 1298.58 32.4434 40.026 4 3 0.0692109 1.63851e-05 16.165 2 
2.04133 -4.92949e-05 -1 0.896652 0.196688 0.000652601 1916.92 107283 4 233358 46.9424 8.3968 2 1 1096.75 35.7414 30.6858 4 3 0.0658242 4.04015e-05 11.7669 2 
2.04198 -4.93163e-05 -1 0.89678 0.196676 0.000652601 1917.49 107285 1 1535.11 139.969 10.9675 2 1 1021.38 35.1934 29.0219 4 4 0.0676593 1.87301e-05 7.75259 2 
2.04263 -4.93116e-05 -1 0.896908 0.196652 0.000652601 1918.05 107287 3 43380.8 72.5499 8.42469 2 1 1070.52 35.1405 30.4639 4 3 0.0695535 9.8966e-05 8.89087 2 
2.04329 -4.92905e-05 -1 0.897036 0.196657 0.000652601 1918.66 107288 3 72184.3 129.065 8.23907 2 1 1196.58 30.8655 38.7676 4 3 0.0720154 8.6592e-05 9.40407 2 
2.04394 -4.92681e-05 -1 0.897164 0.196613 0.000652601 1919.24 107290 3 95677.7 182.053 8.06995 2 1 1040.41 49.2276 21.1346 4 3 0.0811122 7.62225e-05 10.2094 2 
2.04459 -4.92587e-05 -1 0.897292 0.196611 0.000652601 1919.83 107291 3 176449 147.547 10.6144 2 1 941.278 36.3978 25.8609 4 3 0.0826269 6.63563e-05 10.7584 2 
2.04525 -4.93012e-05 -1 0.897421 0.196583 0.000652601 1920.41 107293 3 42359.9 120.131 7.06479 2 1 1222.68 47.455 25.765 4 3 0.0852513 5.97413e-05 11.2584 2 
2.0459 -4.92963e-05 -1 0.897549 0.196573 0.000652601 1920.96 107296 3 42993.9 109.251 7.32815 2 1 2163.28 52.1366 41.4925 4 3 0.0860927 5.89007e-05 11.3488 2 
2.04655 -4.93649e-05 -1 0.897677 0.196554 0.000652601 1921.55 107297 4 188475 64.4005 7.35514 2 1 1102.15 36.7098 30.0233 4 3 0.0872797 5.26528e-05 11.8349 2 
2.0472 -4.93272e-05 -1 0.897805 0.196531 0.000652601 1922.11 107300 3 47799 55.1663 9.53341 2 1 1034.95 33.5139 30.8812 4 3 0.0874929 4.55419e-05 12.4314 2 
2.04786 -4.93221e-05 -1 0.897934 0.196508 0.000652601 1922.67 107303 3 143696 124.481 10.4901 2 1 1096.25 36.6824 29.8849 4 3 0.0874158 4.34228e-05 12.6267 2 
2.04851 -4.92714e-05 -1 0.898062 0.196505 0.000652601 1923.21 107307 3 49237.2 89.4133 8.19654 2 1 1634.7 44.869 36.4327 4 3 0.0868715 4.3234e-05 12.6188 2 
2.04916 -4.93068e-05 -1 0.89819 0.196486 0.000652601 1923.87 107304 4 243151 40.4074 8.80753 2 1 1250.84 33.0292 37.8707 4 3 0.0862029 4.34751e-05 12.563 2 
2.04981 -4.93229e-05 -1 0.898318 0.196472 0.000652601 1924.43 107307 3 87969.7 123.686 8.9263 2 1 1149.68 30.2522 38.0031 4 3 0.0850139 3.99279e-05 12.8649 2 
2.05047 -4.94086e-05 -1 0.898447 0.196453 0.000652601 1924.98 107310 3 41057.9 71.5669 8.30925 2 1 1181.97 32.8728 35.9559 4 3 0.0833696 3.39482e-05 13.4916 2 
2.05112 -4.94274e-05 -1 0.898575 0.196434 0.000652601 1925.54 107312 3 42039.2 105.2 7.36568 2 1 1070.67 37.8219 28.3081 4 3 0.081462 3.21332e-05 13.6354 2 
2.05177 -4.94566e-05 -1 0.898703 0.196424 0.000652601 1926.12 107315 4 208639 37.587 8.63156 2 1 1118.99 29.6501 37.7399 4 3 0.0794689 3.15226e-05 13.61 2 
2.05242 -4.9481e-05 -1 0.898831 0.196403 0.000652601 1926.71 107316 4 225128 36.9339 8.83591 2 1 1649.13 40.3327 40.888 4 3 0.0773016 3.17888e-05 13.4474 2 
2.05308 -4.94667e-05 -1 0.89896 0.196388 0.000652601 1927.28 107318 4 129906 47.0888 7.24732 2 1 1586.97 26.3553 60.2143 4 3 0.0773427 3.17849e-05 13.4503 2 
2.05373 -4.9486e-05 -1 0.899088 0.196375 0.000652601 1927.82 107322 3 41747.4 81.7198 7.99406 2 1 973.727 34.7657 28.0083 4 3 0.0772778 3.17859e-05 13.4464 2 
2.05438 -4.9512e-05 -1 0.899216 0.19635 0.000652601 1928.39 107324 3 38744.5 93.2607 7.46169 2 1 1568.1 26.4064 59.3833 4 3 0.0787327 2.8641e-05 14.0084 2 
2.05503 -4.95121e-05 -1 0.899345 0.196352 0.000652601 1928.94 107327 3 101964 101.134 10.0273 2 1 849.517 26.0371 32.6271 4 3 0.0779056 2.53091e-05 14.5467 2 
2.05569 -4.95331e-05 -1 0.899473 0.196342 0.000652601 1929.55 107328 4 153443 68.8879 6.86991 2 1 901.026 23.3154 38.6451 4 3 0.0773699 2.32244e-05 14.9351 2 
2.05634 -4.94939e-05 -1 0.899601 0.196304 0.000652601 1930.15 107328 3 42540.5 85.844 7.91342 2 1 1223.71 25.3153 48.3385 4 3 0.0760107 2.14492e-05 15.2459 2 
2.05699 -4.94804e-05 -1 0.899729 0.196277 0.000652601 1930.71 107331 3 123950 125.555 9.9572 2 1 1094.81 29.5373 37.0652 4 3 0.074314 2.31347e-05 14.7549 2 
2.05764 -4.95238e-05 -1 0.899857 0.196277 0.000652601 1931.29 107333 3 42920.3 124.818 7.00586 2 1 1131.56 35.0844 32.2525 4 3 0.0717032 2.29744e-05 14.6139 2 
2.0583 -4.95176e-05 -1 0.899985 0.196263 0.000652601 1931.88 107334 4 239881 64.8287 7.79933 2 1 1155.87 37.9809 30.433 4 3 0.0688345 2.25629e-05 14.5034 2 
2.05895 -4.95007e-05 -1 0.900113 0.19624 0.000652601 1932.46 107336 4 221995 83.1192 7.18887 2 1 1138.58 27.3724 41.596 4 3 0.0655262 2.29308e-05 14.1905 2 
2.0596 -4.95244e-05 -1 0.900241 0.196222 0.000652601 1933.02 107339 3 71909.5 85.0337 9.45653 2 1 1127.71 32.7425 34.4419 4 3 0.0647153 2.20367e-05 14.3204 2 
2.06026 -4.95537e-05 -1 0.900369 0.196216 0.000652601 1933.62 107339 3 74294.3 81.9036 9.6802 2 1 1013.6 31.1576 32.5314 4 3 0.0663323 2.01179e-05 14.8838 2 
2.06091 -4.95281e-05 -1 0.900497 0.196192 0.000652601 1934.29 107336 3 41975.3 99.3538 7.5036 2 1 1997.57 49.069 40.7095 4 3 0.0686808 1.7129e-05 15.8867 2 
2.06156 -4.9536e-05 -1 0.900625 0.196163 0.000652601 1934.99 107331 3 176428 116.208 11.4933 2 1 1016.85 25.2384 40.29 4 3 0.0710256 1.5138e-05 16.741 2 
2.06221 -4.95896e-05 -1 0.900753 0.196175 0.000652601 1935.64 107328 3 50320.6 45.9087 10.3106 2 1 1198.27 32.4327 36.9462 4 3 0.0734556 1.40039e-05 17.375 2 
2.06287 -4.95617e-05 -1 0.900881 0.196149 0.000652601 1936.21 107331 3 42195.8 118.98 7.07834 2 1 1270.05 39.4336 32.2072 4 3 0.0814735 1.60058e-05 17.202 2 
2.06352 -4.95901e-05 -1 0.901009 0.196127 0.000652601 1936.79 107332 3 43157.9 122.916 7.05479 2 1 1112.43 32.9928 33.7173 4 3 0.0850672 1.62036e-05 17.38 2 
2.06417 -4.96033e-05 -1 0.901137 0.196113 0.000652601 1937.31 107337 3 42629.5 106.765 7.36366 2 1 1039.22 20.9932 49.5028 4 3 0.0861286 1.5917e-05 17.5561 2 
2.06482 -4.95507e-05 -1 0.901264 0.196082 0.000652601 1937.87 107340 3 113333 138.592 9.35133 2 1 1091.87 17.7906 61.3736 4 3 0.0876918 1.84885e-05 16.8017 2 
2.06548 -4.95596e-05 -1 0.901392 0.196096 0.000652601 1938.43 107343 3 136980 129.588 10.1866 2 1 1579.54 25.9374 60.8981 4 3 0.0879732 2.50245e-05 15.2053 2 
2.06613 -4.95724e-05 -1 0.90152 0.196067 0.000652601 1938.98 107347 3 192226 167.893 10.4615 2 1 1099.63 28.1903 39.0075 4 3 0.0882503 2.84154e-05 14.59 2 
2.06678 -4.94541e-05 -1 0.901648 0.19605 0.000652601 1939.6 107346 4 236677 40.5326 8.74154 2 1 1193.88 66.2241 18.0279 4 3 0.0876749 2.79275e-05 14.6425 2 
2.06743 -4.94933e-05 -1 0.901776 0.196048 0.000652601 1940.22 107345 4 192359 112.094 6.43624 2 1 1386.66 59.4817 23.3124 4 3 0.087025 2.39178e-05 15.3806 2 
2.06809 -4.94502e-05 -1 0.901904 0.196025 0.000652601 1940.8 107347 3 58783.3 88.8627 8.71321 2 1 1083.4 43.1553 25.1047 4 3 0.085821 1.89737e-05 16.5379 2 
2.06874 -4.94293e-05 -1 0.902032 0.196 0.000652601 1941.35 107351 3 208770 137.118 11.5043 2 1 1169.19 31.9473 36.5976 4 3 0.0838093 1.56228e-05 17.5057 2 
2.06939 -4.9529e-05 -1 0.90216 0.196011 0.000652601 1941.91 107353 4 225198 79.0315 7.3062 2 1 1829.98 52.1573 35.0858 4 3 0.081963 1.53987e-05 17.46 2 
2.07004 -4.93903e-05 -1 0.902288 0.195972 0.000652601 1942.47 107356 3 43645.6 98.4784 7.6243 2 1 990.672 67.2183 14.7381 4 3 0.0799385 1.60158e-05 17.0898 2 
2.0707 -4.93773e-05 -1 0.902416 0.195956 0.000652601 1943.04 107358 3 40803.2 119.053 6.99818 2 1 1753.05 47.9673 36.5468 4 3 0.0776814 1.58429e-05 16.9887 2 
2.07135 -4.93966e-05 -1 0.902544 0.195952 0.000652601 1943.6 107361 3 38271.2 112.709 6.97651 2 1 1497.35 35.6727 41.9746 4 3 0.0778848 1.65518e-05 16.7572 2 
2.072 -4.94497e-05 -1 0.902672 0.195912 0.000652601 1944.17 107363 3 103264 126.738 9.34 2 1 815.779 29.9655 27.224 4 3 0.0776657 1.67157e-05 16.6866 2 
2.07265 -4.95265e-05 -1 0.9028 0.195897 0.000652601 1944.75 107365 3 153498 173.199 9.60549 2 1 901.762 27.2923 33.0408 4 3 0.0776206 1.64604e-05 16.7692 2 
2.07331 -4.95373e-05 -1 0.902928 0.195905 0.000652601 1945.35 107365 4 56933.1 88.7399 5.03282 2 1 1187.29 46.3603 25.6101 4 3 0.0764737 1.617e-05 16.7855 2 
2.07396 -4.95507e-05 -1 0.903055 0.195922 0.000652601 1945.91 107368 3 124150 193.469 8.62538 2 1 1329.88 49.7082 26.7537 4 3 0.0751424 1.59313e-05 16.7704 2 
2.07461 -4.95523e-05 -1 0.903183 0.195869 0.000652601 1946.48 107370 3 91794.9 200.129 7.71205 2 1 1286.53 40.2749 31.9437 4 3 0.0731964 1.62166e-05 16.5263 2 
2.07526 -4.95225e-05 -1 0.903311 0.195859 0.000652601 1947.14 107367 3 71342.2 218.272 6.88836 2 1 1198.95 53.2068 22.5338 4 3 0.0709792 1.63406e-05 16.3163 2 
2.07592 -4.95819e-05 -1 0.903439 0.195839 0.000652601 1947.78 107366 4 237257 40.9217 8.72602 2 1 1028.98 45.3697 22.6799 4 3 0.0676536 1.64443e-05 16.0235 2 
2.07657 -4.95984e-05 -1 0.903567 0.195829 0.000652601 1948.47 107362 4 223814 47.9175 8.267 2 1 1855.18 44.9342 41.2865 4 3 0.0652336 1.74387e-05 15.5233 2 
2.07722 -4.96484e-05 -1 0.903695 0.195827 0.000652601 1949.03 107364 1 2313.24 156.766 14.756 2 1 1346.44 23.5283 57.2262 4 3 0.0636606 1.8229e-05 15.1718 2 
2.07788 -4.97634e-05 -1 0.903823 0.195796 0.000652601 1949.67 107363 3 72517.7 113.943 8.60172 2 1 1212.83 27.326 44.3838 4 3 0.0643821 1.80517e-05 15.2786 2 
2.07853 -4.97617e-05 -1 0.90395 0.195774 0.000652601 1950.24 107365 3 176202 157.105 10.3898 2 1 1021.96 35.3164 28.9372 4 3 0.0667336 1.82599e-05 15.4034 2 
2.07918 -4.97396e-05 -1 0.904078 0.195768 0.000652601 1950.84 107365 3 42180.1 120.534 7.04692 2 1 1194.87 31.5291 37.8974 4 3 0.0691413 1.71917e-05 15.9028 2 
2.07983 -4.97315e-05 -1 0.904205 0.19577 0.000652601 1951.42 107367 3 50669 100.596 7.95646 2 1 1293.13 35.3833 36.5464 4 3 0.0714474 1.48394e-05 16.8859 2 
2.08049 -4.97198e-05 -1 0.904333 0.195733 0.000652601 1951.99 107369 3 127631 228.985 8.22968 2 1 1140.43 38.6293 29.5224 4 3 0.0740144 1.38519e-05 17.4824 2 
2.08114 -4.97996e-05 -1 0.904461 0.195722 0.000652601 1952.57 107371 3 49056.3 107.59 7.69675 2 1 1058.68 59.9667 17.6544 4 3 0.0817838 1.4091e-05 17.9711 2 
2.08179 -4.97833e-05 -1 0.904589 0.195718 0.000652601 1953.12 107374 3 114473 125.103 9.70832 2 1 1024.69 48.3341 21.2001 4 3 0.0861741 1.53335e-05 17.7792 2 
2.08244 -4.98506e-05 -1 0.904716 0.195654 0.000652601 1953.75 107373 3 137378 85.1701 11.7276 2 1 1068.2 35.3206 30.2429 4 3 0.0867876 3.64556e-05 13.3526 2 
2.0831 -4.98576e-05 -1 0.904844 0.195668 0.000652601 1954.4 107371 4 191712 27.0936 9.17161 2 1 1074.22 33.8352 31.7487 4 4 0.0882818 2.03758e-05 8.11314 2 
2.08375 -4.98628e-05 -1 0.904971 0.19566 0.000652601 1955.01 107371 4 238939 31.1872 9.35573 2 1 1113.14 30.0714 37.0165 4 4 0.0883824 2.27817e-05 7.89214 2 
2.0844 -4.99153e-05 -1 0.905099 0.195626 0.000652601 1955.63 107371 3 86898.8 128.72 8.77249 2 1 1150.77 25.7749 44.6469 4 4 0.0886277 2.12102e-05 8.04 2 
2.08505 -4.98435e-05 -1 0.905227 0.195707 0.000652601 1956.19 107373 2 21029.4 165.89 11.2591 2 1 1116.55 29.8718 37.3781 4 3 0.0878994 9.09776e-05 9.88592 2 
2.08571 -4.99508e-05 -1 0.905354 0.19563 0.000652601 1956.77 107375 3 208534 185.386 10.4 2 1 1069.05 44.9906 23.7617 4 3 0.0869176 7.84678e-05 10.3468 2 
2.08636 -4.99789e-05 -1 0.905482 0.195608 0.000652601 1957.36 107376 4 224865 37.3799 8.80685 2 1 1258.41 37.6632 33.4122 4 3 0.0851929 6.91731e-05 10.719 2 
2.08701 -5.00216e-05 -1 0.90561 0.195602 0.000652601 1957.95 107377 4 194884 64.3995 7.41692 2 1 867.733 23.8689 36.3541 4 3 0.083427 6.68833e-05 10.7646 2 
2.08766 -5.00669e-05 -1 0.905737 0.195514 0.000652601 1958.52 107379 3 41361.9 87.4922 7.79011 2 1 1653.52 34.3488 48.1392 4 3 0.0810996 6.13926e-05 10.9724 2 
2.08832 -4.99421e-05 -1 0.905865 0.195511 0.000652601 1959.11 107381 3 41207.1 99.1268 7.46323 2 1 1551.1 33.4839 46.3238 4 3 0.0786304 5.34787e-05 11.3711 2 
2.08897 -4.96999e-05 -1 0.905992 0.195601 0.000652601 1959.68 107383 3 104554 215.346 7.85961 2 1 820.95 32.7321 25.0809 4 3 0.0765251 5.03007e-05 11.5012 2 
2.08962 -4.97818e-05 -1 0.90612 0.195515 0.000652601 1960.23 107386 3 153297 147.415 10.1313 2 1 913.436 52.1922 17.5014 4 3 0.077208 4.83371e-05 11.6894 2 
2.09027 -4.9725e-05 -1 0.906248 0.195497 0.000652601 1960.78 107389 3 92219.9 134.033 8.82817 2 1 1063.8 39.1415 27.1784 4 3 0.0765183 4.89029e-05 11.6094 2 
2.09093 -4.96881e-05 -1 0.906375 0.195515 0.000652601 1961.37 107390 3 124741 143.831 9.53644 2 1 1222.13 41.9912 29.1045 4 3 0.0755247 4.60366e-05 11.794 2 
2.09158 -4.9803e-05 -1 0.906503 0.19548 0.000652601 1961.93 107393 3 72543.1 94.9427 9.14208 2 1 1113.21 57.4231 19.3861 4 3 0.0735318 4.00345e-05 12.2465 2 
2.09223 -4.98517e-05 -1 0.90663 0.195473 0.000652601 1962.49 107396 3 41624.2 115.633 7.11357 2 1 1718.86 40.1633 42.7968 4 3 0.0716827 3.66597e-05 12.5048 2 
2.09289 -4.98626e-05 -1 0.906758 0.195445 0.000652601 1963.04 107399 3 35442 49.7654 8.93024 2 1 1040.57 22.7118 45.816 4 3 0.068873 3.49146e-05 12.5414 2 
2.09354 -4.98377e-05 -1 0.906886 0.195461 0.000652601 1963.75 107394 4 232719 70.8609 7.57018 2 1 990.775 20.5658 48.1757 4 3 0.0658233 3.58106e-05 12.2496 2 
2.09419 -4.98365e-05 -1 0.907013 0.19544 0.000652601 1964.51 107386 4 223356 67.9602 7.57157 2 1 1357.45 35.8559 37.8585 4 3 0.0642103 3.58143e-05 12.1483 2 
2.09484 -4.9938e-05 -1 0.907141 0.195392 0.000652601 1965.23 107380 4 126696 38.4418 7.57687 2 1 1057.6 42.1729 25.0777 4 3 0.0632352 3.58529e-05 12.0822 2 
2.0955 -4.98929e-05 -1 0.907268 0.195378 0.000652601 1965.9 107376 3 175414 129.384 11.0678 2 1 1058.6 22.5941 46.853 4 3 0.0635532 3.3984e-05 12.3203 2 
2.09615 -4.98688e-05 -1 0.907396 0.195376 0.000652601 1966.57 107373 3 90720.6 98.5957 9.72634 2 1 1106.24 31.2347 35.4171 4 3 0.0661359 2.92786e-05 13.1209 2 
2.0968 -4.98511e-05 -1 0.907523 0.195429 0.000652601 1967.16 107374 3 42425.6 112.633 7.22194 2 1 1283.84 38.3822 33.4489 4 3 0.0683484 2.69195e-05 13.6423 2 
2.09745 -5.00859e-05 -1 0.907651 0.195314 0.000652601 1967.76 107375 3 43206.9 99.8786 7.56299 2 1 1114.4 33.1069 33.6606 4 3 0.0709194 2.49156e-05 14.172 2 
2.09811 -4.99309e-05 -1 0.907778 0.195416 0.000652601 1968.34 107377 3 50305.7 137.393 7.15403 2 1 1057.76 70.1023 15.0889 4 3 0.0735991 2.59113e-05 14.1621 2 
2.09876 -5.02985e-05 -1 0.907906 0.195219 0.000652601 1968.89 107380 1 1939.66 161.69 11.9962 2 1 969.076 106.1 9.13365 4 3 0.0827959 2.65903e-05 14.6025 2 
2.09941 -4.99106e-05 -1 0.908033 0.195411 0.000652601 1969.43 107384 3 137488 150.833 9.69593 2 1 1103.3 153.531 7.18617 4 3 0.0845075 2.61944e-05 14.7762 2 
2.10006 -5.0373e-05 -1 0.90816 0.195354 0.000652601 1970.01 107385 4 190557 57.7228 7.58 2 1 1117.12 220.089 5.07575 4 3 0.086878 2.7179e-05 14.7308 2 
2.10072 -5.05381e-05 -1 0.908288 0.195241 0.000652601 1970.59 107387 4 239192 37.6366 8.92861 2 1 1134.22 179.586 6.31578 4 3 0.0879352 2.76382e-05 14.7079 2 
2.10137 -5.04247e-05 -1 0.908415 0.1953 0.000652601 1971.15 107390 3 30655.7 78.1386 7.32063 2 1 1186.09 53.9325 21.9921 4 3 0.0888333 2.40874e-05 15.45 2 
2.10202 -5.05513e-05 -1 0.908542 0.195335 0.000652601 1971.73 107391 3 84147.7 162.41 8.03174 2 1 1083.22 57.2041 18.9361 4 3 0.088421 2.02902e-05 16.3339 2 
2.10267 -5.07853e-05 -1 0.90867 0.195215 0.000652601 1972.3 107393 3 43134.1 65.0843 8.71863 2 1 1055.04 32.3813 32.5818 4 3 0.088208 1.78522e-05 17.0323 2 
2.10333 -5.06752e-05 -1 0.908797 0.195319 0.000652601 1972.86 107396 3 223391 174.081 10.8669 2 1 1182.98 37.2767 31.735 4 3 0.0869814 1.65711e-05 17.379 2 
2.10398 -5.09602e-05 -1 0.908925 0.195217 0.000652601 1973.4 107400 3 42665.7 94.5362 7.67056 2 1 900.366 91.2031 9.87209 4 3 0.0852111 1.76501e-05 16.9012 2 
2.10463 -5.0982e-05 -1 0.909052 0.195215 0.000652601 1973.95 107403 3 60322.2 124.783 7.84826 2 1 1900.89 100.761 18.8653 4 3 0.0832817 1.90285e-05 16.3574 2 
2.10528 -5.10795e-05 -1 0.90918 0.195244 0.000652601 1974.5 107407 3 41951.8 73.9553 8.27803 2 1 1547.33 59.3659 26.0642 4 3 0.0809741 1.78263e-05 16.5613 2 
2.10594 -5.13135e-05 -1 0.909307 0.195131 0.000652601 1975.07 107409 4 195957 84.6543 6.9363 2 1 805.677 29.1416 27.647 4 3 0.0779874 1.82795e-05 16.2189 2 
2.10659 -5.1135e-05 -1 0.909434 0.195309 0.000652601 1975.62 107412 3 152896 149.452 10.0762 2 1 872.523 45.1298 19.3336 4 3 0.0775156 1.8476e-05 16.1285 2 
2.10724 -5.17884e-05 -1 0.909562 0.195117 0.000652601 1976.17 107416 3 70962.2 210.795 6.95647 2 1 1110.17 119.631 9.28 4 3 0.0756113 1.8377e-05 16.024 2 
2.10789 -5.17036e-05 -1 0.909689 0.19486 0.000652601 1976.75 107417 4 75706.2 191.073 4.46152 2 1 1610.27 192.246 8.37609 4 3 0.0752966 1.82273e-05 16.0454 2 
2.10855 -5.06207e-05 -1 0.909816 0.195263 0.000652601 1977.38 107416 3 119276 122.726 9.90542 2 1 1103.33 23.2369 47.4817 4 3 0.073579 1.59186e-05 16.6577 2 
2.1092 -5.1182e-05 -1 0.909944 0.194919 0.000652601 1977.94 107418 3 42619 140.12 6.72513 2 1 1310.23 268.274 4.88394 4 3 0.0713206 1.59967e-05 16.4587 2 
2.10985 -5.0527e-05 -1 0.910071 0.194989 0.000652601 1978.53 107420 4 126720 82.2483 6.26512 2 1 1083.24 416.076 2.60345 4 3 0.069276 1.6034e-05 16.2872 2 
2.11051 -5.0184e-05 -1 0.910198 0.195062 0.000652601 1979.12 107421 4 233591 50.2598 8.25674 2 1 911.751 308.051 2.95974 4 3 0.0657978 1.67868e-05 15.7669 2 
2.11116 -5.01698e-05 -1 0.910326 0.195032 0.000652601 1979.71 107422 3 43183.4 114.701 7.22077 2 1 1426.55 125.065 11.4065 4 3 0.0642694 1.77598e-05 15.3528 2 
2.11181 -5.0091e-05 -1 0.910453 0.195035 0.000652601 1980.26 107425 4 221055 50.5284 8.13282 2 1 990.891 21.9526 45.1378 4 3 0.062984 1.79978e-05 15.1823 2 
2.11246 -5.01064e-05 -1 0.91058 0.195046 0.000652601 1980.82 107428 3 174387 168.553 10.1141 2 1 1064.28 31.69 33.5841 4 3 0.0624075 1.79057e-05 15.1617 2 
2.11312 -5.00086e-05 -1 0.910708 0.195011 0.000652601 1981.36 107432 3 92326.1 120.904 9.14033 2 1 1057.4 39.8721 26.5197 4 3 0.0639177 1.78264e-05 15.3057 2 
2.11377 -5.00158e-05 -1 0.910835 0.195002 0.000652601 1981.92 107435 3 41454.5 89.0793 7.74934 2 1 1159.77 54.1909 21.4016 4 3 0.0663273 1.51177e-05 16.3708 2 
2.11442 -5.00359e-05 -1 0.910962 0.194992 0.000652601 1982.51 107435 3 49477 127.202 7.29967 2 1 1100.57 39.0052 28.2161 4 3 0.0688769 1.42594e-05 16.904 2 
2.11507 -5.01339e-05 -1 0.911089 0.194974 0.000652601 1983.06 107439 3 43640.3 103.78 7.49189 2 1 1056.12 42.0936 25.0898 4 3 0.0714394 1.34836e-05 17.4332 2 
2.11573 -5.01088e-05 -1 0.911217 0.194944 0.000652601 1983.62 107442 3 49250.9 51.6699 9.84144 2 1 969.161 35.3154 27.443 4 3 0.0741014 1.29309e-05 17.895 2 
2.11638 -5.00385e-05 -1 0.911344 0.194947 0.000652601 1984.2 107443 3 137482 102.969 11.0115 2 1 1262.75 44.9087 28.1182 4 3 0.0823473 1.45505e-05 17.8207 2 
2.11703 -5.0144e-05 -1 0.911471 0.194908 0.000652601 1984.73 107447 3 188994 230.498 9.35966 2 1 1018.91 59.6847 17.0715 4 3 0.0858432 1.60315e-05 17.4949 2 
2.11768 -5.00643e-05 -1 0.911598 0.194911 0.000652601 1985.3 107449 4 237916 41.9406 8.67855 2 1 1149.64 59.6632 19.2688 4 3 0.0869795 1.65532e-05 17.3851 2 
2.11834 -5.00576e-05 -1 0.911725 0.194906 0.000652601 1985.87 107452 3 42469.4 115.414 7.16592 2 1 1222.37 31.6966 38.5647 4 3 0.0883977 1.71479e-05 17.2747 2 
2.11899 -5.00229e-05 -1 0.911852 0.194874 0.000652601 1986.43 107454 3 45688.6 122.758 7.19316 2 1 1139.18 27.6665 41.1754 4 3 0.0886434 1.73854e-05 17.2116 2 
2.11964 -4.99544e-05 -1 0.911979 0.194886 0.000652601 1987.01 107456 4 205157 39.372 8.4962 2 1 999.048 26.9105 37.1248 4 3 0.0887192 1.77189e-05 17.1078 2 
2.12029 -5.00023e-05 -1 0.912106 0.194869 0.000652601 1987.57 107459 4 221236 38.267 8.71982 2 1 1158.83 35.5769 32.5726 4 3 0.0877497 1.77774e-05 17.0265 2 
2.12095 -4.99903e-05 -1 0.912233 0.19485 0.000652601 1988.16 107460 3 41713.4 101.296 7.4398 2 1 914.803 25.1757 36.3367 4 3 0.0863692 1.82761e-05 16.7813 2 
2.1216 -4.99736e-05 -1 0.91236 0.194825 0.000652601 1988.71 107463 3 91216.1 143.198 8.60423 2 1 1612.53 34.1404 47.2324 4 3 0.0844021 2.15678e-05 15.7585 2 
2.12225 -4.98937e-05 -1 0.912487 0.194854 0.000652601 1989.29 107465 3 60035 96.6821 8.53138 2 1 1541.66 28.0432 54.9744 4 3 0.0825344 2.13299e-05 15.6994 2 
2.1229 -4.99328e-05 -1 0.912615 0.194805 0.000652601 1989.85 107467 3 42263.9 117.745 7.10683 2 1 1213.69 55.9494 21.6927 4 3 0.0796419 2.13468e-05 15.5097 2 
2.12356 -4.99228e-05 -1 0.912742 0.194787 0.000652601 1990.43 107469 4 152483 80.034 6.60673 2 1 1553.28 38.2685 40.5891 4 3 0.0770492 2.12583e-05 15.3608 2 
2.12421 -4.98066e-05 -1 0.912869 0.194788 0.000652601 1991.01 107471 4 196224 59.9736 7.56306 2 1 937.584 27.0959 34.6024 4 3 0.0758398 6.42585e-05 10.5679 2 
2.12486 -4.97647e-05 -1 0.912996 0.194782 0.000652601 1991.63 107470 4 125870 40.1122 7.48448 2 1 1070.2 35.2572 30.3542 4 4 0.0755065 1.9253e-05 7.91355 2 
2.12552 -4.983e-05 -1 0.913123 0.194758 0.000652601 1992.18 107473 3 119942 120.537 9.98351 2 1 1080.68 33.1045 32.6445 4 3 0.0728792 9.36908e-05 9.19678 2 
2.12617 -4.98922e-05 -1 0.91325 0.194759 0.000652601 1992.73 107476 3 56806.7 117.034 7.85891 2 1 1176.11 38.5892 30.4778 4 3 0.0715825 8.19248e-05 9.56013 2 
2.12682 -4.99526e-05 -1 0.913378 0.194719 0.000652601 1993.38 107475 3 41842.5 112.71 7.18707 2 1 1093.03 40.6468 26.8909 4 3 0.068798 7.10197e-05 9.89461 2 
2.12747 -4.99116e-05 -1 0.913505 0.194725 0.000652601 1994.06 107471 4 232575 62.229 7.81884 2 1 1000.13 18.4957 54.0735 4 3 0.0660291 6.26295e-05 10.1778 2 
2.12813 -4.98834e-05 -1 0.913632 0.194704 0.000652601 1994.7 107469 3 41928.8 68.9614 8.47166 2 1 1357.67 24.3457 55.7662 4 3 0.063999 5.88644e-05 10.2827 2 
2.12878 -4.98923e-05 -1 0.913759 0.194693 0.000652601 1995.38 107465 4 221708 78.9664 7.27922 2 1 1007.95 33.7122 29.8988 4 3 0.0629233 5.72923e-05 10.3174 2 
2.12943 -4.99325e-05 -1 0.913886 0.194646 0.000652601 1995.96 107467 3 173155 126.953 11.09 2 1 1057.3 29.5221 35.8138 4 3 0.0620146 4.87448e-05 10.8357 2 
2.13008 -4.97873e-05 -1 0.914013 0.194677 0.000652601 1996.52 107470 3 72689.9 199.615 7.14103 2 1 1103.57 24.6114 44.8395 4 3 0.0627703 4.4455e-05 11.2187 2 
2.13074 -4.97954e-05 -1 0.91414 0.194663 0.000652601 1997.08 107472 3 89448.5 80.451 10.3597 2 1 1218.68 31.9034 38.1991 4 3 0.065115 4.30978e-05 11.4747 2 
2.13139 -4.98687e-05 -1 0.914267 0.194626 0.000652601 1997.62 107476 3 50175.9 144.176 7.03397 2 1 1108.22 30.0659 36.8597 4 3 0.0677267 4.32736e-05 11.6104 2 
2.13204 -4.988e-05 -1 0.914394 0.194632 0.000652601 1998.19 107478 3 43823.3 122.937 7.09045 2 1 1039.39 31.6346 32.856 4 3 0.0704041 4.17673e-05 11.9011 2 
2.13269 -5.00022e-05 -1 0.914521 0.194609 0.000652601 1998.71 107483 1 2058.7 208.824 9.85852 2 1 1126.42 31.343 35.9385 4 3 0.0730431 3.8107e-05 12.422 2 
2.13335 -5.00073e-05 -1 0.914648 0.194595 0.000652601 1999.25 107487 3 137426 143.905 9.84761 2 1 1087.28 39.1353 27.7827 4 3 0.0812554 3.37003e-05 13.4093 2 
2.134 -5.00445e-05 -1 0.914775 0.194572 0.000652601 1999.79 107491 3 187049 153.09 10.6906 2 1 1007.42 48.9283 20.5897 4 3 0.085121 3.11483e-05 13.9809 2 
2.13465 -5.00416e-05 -1 0.914902 0.194577 0.000652601 2000.39 107491 4 235335 32.2118 9.24523 2 1 1130.69 42.5258 26.5882 4 3 0.0863132 3.17422e-05 13.9577 2 
2.1353 -5.00478e-05 -1 0.915029 0.194549 0.000652601 2000.93 107495 3 65119.6 90.3974 8.96435 2 1 1274.28 39.2977 32.4263 4 3 0.0879993 3.14982e-05 14.0842 2 
2.13596 -4.9995e-05 -1 0.915156 0.194559 0.000652601 2001.48 107498 3 42460.3 28.7701 11.3854 2 1 1148.3 29.9641 38.3224 4 3 0.0883075 3.26314e-05 13.9354 2 
2.13661 -4.99896e-05 -1 0.915283 0.194573 0.000652601 2002.04 107501 3 202214 125.661 11.7185 2 1 1144.16 37.2608 30.7069 4 3 0.0885214 3.09906e-05 14.1886 2 
2.13726 -5.01018e-05 -1 0.91541 0.194541 0.000652601 2002.61 107503 4 218521 73.7376 7.37821 2 1 1795.36 44.8097 40.0664 4 3 0.0877448 2.75203e-05 14.7182 2 
2.13791 -4.99931e-05 -1 0.915537 0.194525 0.000652601 2003.15 107507 3 91941.1 198.923 7.7317 2 1 952.529 60.7121 15.6893 4 3 0.0864083 2.39093e-05 15.346 2 
2.13857 -4.99698e-05 -1 0.915664 0.194491 0.000652601 2003.72 107508 3 43230.5 110.437 7.31519 2 1 1728.63 70.8828 24.3872 4 3 0.0846269 2.22888e-05 15.6006 2 
2.13922 -4.99262e-05 -1 0.91579 0.194504 0.000652601 2004.25 107513 3 42918 97.4439 7.60843 2 1 1518.17 33.3849 45.4747 4 3 0.0825752 2.13309e-05 15.7017 2 
2.13987 -4.99608e-05 -1 0.915917 0.194479 0.000652601 2004.8 107516 3 60037.7 63.5063 9.81452 2 1 808.299 26.3756 30.6457 4 3 0.0798283 2.3664e-05 14.9976 2 
2.14052 -4.99954e-05 -1 0.916044 0.194469 0.000652601 2005.36 107519 4 151965 45.6043 7.59774 2 1 885.232 28.66 30.8874 4 3 0.077204 2.26356e-05 15.0527 2 
2.14118 -5.00535e-05 -1 0.916171 0.194453 0.000652601 2005.93 107521 3 98368.3 100.448 9.9305 2 1 948.163 26.0229 36.4357 4 3 0.0750718 2.24952e-05 14.9438 2 
2.14183 -5.00918e-05 -1 0.916297 0.194445 0.000652601 2006.49 107523 4 196301 126.716 6.27369 2 1 1104.1 24.7777 44.5603 4 3 0.0746635 2.26398e-05 14.8849 2 
2.14248 -5.00343e-05 -1 0.916424 0.194449 0.000652601 2007.04 107527 3 120656 154.592 9.20706 2 1 1141.09 30.697 37.1725 4 3 0.0734106 2.15984e-05 15.0353 2 
2.14314 -4.99793e-05 -1 0.916551 0.194408 0.000652601 2007.59 107530 3 42210.4 113.575 7.18973 2 1 1170.2 39.8337 29.3771 4 3 0.0702999 1.92543e-05 15.3984 2 
2.14379 -4.99782e-05 -1 0.916678 0.194392 0.000652601 2008.14 107533 3 57202.3 95.694 8.42383 2 1 1107.86 46.0691 24.0477 4 3 0.0680706 1.62843e-05 16.1088 2 
2.14444 -4.99257e-05 -1 0.916805 0.194393 0.000652601 2008.75 107533 4 230508 40.2262 8.7005 2 1 969.838 24.993 38.8044 4 3 0.0651011 1.74244e-05 15.5171 2 
2.14509 -4.99379e-05 -1 0.916932 0.194379 0.000652601 2009.32 107535 3 41329.4 98.6744 7.48201 2 1 1371.01 28.8332 47.5496 4 3 0.0635479 1.84922e-05 15.0905 2 
2.14575 -4.99434e-05 -1 0.917058 0.194364 0.000652601 2009.88 107538 4 220902 45.9646 8.32615 2 1 945.094 39.0496 24.2024 4 3 0.0623391 1.87485e-05 14.9256 2 
2.1464 -4.9961e-05 -1 0.917185 0.194356 0.000652601 2010.42 107541 3 171753 142.227 10.649 2 1 950.727 28.297 33.5981 4 3 0.0615439 1.8779e-05 14.8538 2 
2.14705 -4.99699e-05 -1 0.917312 0.194329 0.000652601 2010.99 107544 3 42935.3 79.5724 8.14112 2 1 1178.97 37.441 31.4886 4 3 0.0625157 1.7776e-05 15.2073 2 
2.1477 -4.99286e-05 -1 0.917439 0.194316 0.000652601 2011.53 107547 3 91692.1 128.241 8.94201 2 1 1225.04 26.8368 45.6478 4 3 0.0648554 1.5944e-05 15.9631 2 
2.14836 -4.99272e-05 -1 0.917566 0.194287 0.000652601 2012.05 107552 3 50604.9 62.3082 9.33002 2 1 1142.78 39.6872 28.7947 4 3 0.0675219 1.60435e-05 16.1454 2 
2.14901 -4.99369e-05 -1 0.917693 0.194301 0.000652601 2012.58 107556 3 43761.5 95.4779 7.71015 2 1 1035.33 35.4322 29.2201 4 3 0.0701977 1.61029e-05 16.3358 2 
2.14966 -4.99127e-05 -1 0.91782 0.194294 0.000652601 2013.12 107560 3 42935.6 102.492 7.48243 2 1 986.548 34.0647 28.961 4 3 0.0729083 1.48776e-05 16.9856 2 
2.15031 -4.99218e-05 -1 0.917947 0.194285 0.000652601 2013.66 107563 3 137674 130.719 10.1743 2 1 1059.33 46.5939 22.7354 4 3 0.0811873 1.45874e-05 17.7216 2 
2.15097 -4.99921e-05 -1 0.918074 0.194267 0.000652601 2014.25 107565 4 184807 21.2755 9.65404 2 1 937.456 36.3968 25.7566 4 3 0.0848248 1.60377e-05 17.4232 2 
2.15162 -4.99948e-05 -1 0.918201 0.194243 0.000652601 2014.83 107566 3 231433 232.848 9.97971 2 1 1025.03 29.1484 35.166 4 3 0.0862341 1.65627e-05 17.332 2 
2.15227 -5.0089e-05 -1 0.918328 0.194252 0.000652601 2015.37 107570 3 42228 121.588 7.02915 2 1 1167.93 36.0204 32.4241 4 3 0.0878965 1.72374e-05 17.2121 2 
2.15292 -5.01942e-05 -1 0.918455 0.194231 0.000652601 2015.92 107573 3 64817.2 125.678 8.01944 2 1 1060.43 48.2646 21.9711 4 3 0.0880983 1.75086e-05 17.1359 2 
2.15358 -5.02791e-05 -1 0.918581 0.194226 0.000652601 2016.45 107577 3 199270 198.859 10.0069 2 1 1152.15 28.3451 40.6473 4 3 0.0883196 1.78654e-05 17.0352 2 
2.15423 -5.0335e-05 -1 0.918708 0.1942 0.000652601 2017 107580 4 215132 41.288 8.49612 2 1 1598.23 56.1893 28.4438 4 3 0.0873365 1.78821e-05 16.9665 2 
2.15488 -5.03561e-05 -1 0.918835 0.194189 0.000652601 2017.55 107584 3 45806.9 72.8232 8.56815 2 1 1459.16 62.5353 23.3334 4 3 0.0861062 1.81167e-05 16.8133 2 
2.15553 -5.03759e-05 -1 0.918962 0.194187 0.000652601 2018.12 107586 4 42421.4 59.3808 5.16993 2 1 1349.1 32.3336 41.7245 4 3 0.0839958 2.04506e-05 16.0146 2 
2.15619 -5.03874e-05 -1 0.919088 0.194185 0.000652601 2018.67 107589 3 42466.7 213.543 5.83697 2 1 1511.3 36.8031 41.0644 4 3 0.081937 2.04802e-05 15.8751 2 
2.15684 -5.03562e-05 -1 0.919215 0.194163 0.000652601 2019.29 107588 4 126881 53.873 6.96637 2 1 844.627 53.6909 15.7313 4 3 0.0789801 2.06025e-05 15.6507 2 
2.15749 -5.03948e-05 -1 0.919342 0.194169 0.000652601 2019.94 107586 3 151376 209.92 8.96743 2 1 873.901 29.9138 29.2139 4 3 0.0762772 2.04959e-05 15.4968 2 
2.15815 -5.03947e-05 -1 0.919468 0.194165 0.000652601 2020.56 107585 3 99948.8 188.316 8.09649 2 1 868.682 48.6724 17.8475 4 3 0.074616 1.97676e-05 15.5701 2 
2.1588 -5.02769e-05 -1 0.919594 0.19412 0.000652601 2021.17 107586 4 196664 53.2687 7.79494 2 1 1117.58 36.8411 30.335 4 3 0.0732947 1.8824e-05 15.7321 2 
2.15945 -5.02444e-05 -1 0.919721 0.194118 0.000652601 2021.74 107588 3 121581 118.769 10.0783 2 1 1074.01 62.1157 17.2905 4 3 0.0719945 1.89769e-05 15.5964 2 
2.1601 -5.01744e-05 -1 0.919847 0.194102 0.000652601 2022.3 107590 3 75456 111.32 8.78428 2 1 1009.44 45.9042 21.9902 4 3 0.0691557 1.93095e-05 15.2998 2 
2.16076 -5.01827e-05 -1 0.919974 0.194093 0.000652601 2022.93 107589 4 234818 66.6282 7.70493 2 1 1088.13 33.8788 32.1184 4 3 0.0665075 1.94926e-05 15.0545 2 
2.16141 -5.01207e-05 -1 0.9201 0.194099 0.000652601 2023.49 107591 3 42521 102.028 7.46956 2 1 912.597 27.5714 33.0994 4 3 0.0638551 1.96211e-05 14.8192 2 
2.16206 -5.01277e-05 -1 0.920227 0.194063 0.000652601 2024.14 107589 3 54741.1 70.8107 9.17779 2 1 1359.79 48.2357 28.1905 4 3 0.0626005 1.91136e-05 14.8506 2 
2.16271 -5.01754e-05 -1 0.920353 0.19405 0.000652601 2024.78 107588 4 218752 68.4245 7.51943 2 1 1074.86 47.9888 22.398 4 3 0.0613566 1.81238e-05 15.0154 2 
2.16337 -5.02299e-05 -1 0.92048 0.194071 0.000652601 2025.42 107586 3 170232 138.431 10.7136 2 1 989.953 30.516 32.4404 4 3 0.0610755 1.71535e-05 15.27 2 
2.16402 -5.03218e-05 -1 0.920606 0.194018 0.000652601 2026.02 107586 3 41259.8 122.671 6.95444 2 1 1159.08 47.1041 24.6068 4 3 0.0629793 1.67394e-05 15.5532 2 
2.16467 -5.03367e-05 -1 0.920733 0.194014 0.000652601 2026.57 107590 2 17187.7 118.281 12.0546 2 1 1206.46 42.2627 28.5467 4 3 0.0653881 1.62178e-05 15.9161 2 
2.16532 -5.03113e-05 -1 0.92086 0.194041 0.000652601 2027.14 107592 3 89021 143.854 8.52165 2 1 1116.77 26.8868 41.5361 4 3 0.0680388 3.65423e-05 12.3023 2 
2.16598 -5.04122e-05 -1 0.920986 0.193997 0.000652601 2027.74 107592 3 51345.6 50.8492 10.0324 2 1 1023.86 47.6022 21.5086 4 4 0.070822 2.03361e-05 7.68201 2 
2.16663 -5.04347e-05 -1 0.921113 0.193987 0.000652601 2028.35 107592 3 45208.5 81.847 8.20489 2 1 1057.17 29.7031 35.5912 4 4 0.0735438 2.23955e-05 7.57001 2 
2.16728 -5.04376e-05 -1 0.921239 0.193997 0.000652601 2028.96 107592 3 59646.9 114.855 8.03796 2 1 1496.07 27.8075 53.8009 4 4 0.0817776 2.09595e-05 7.90339 2 
2.16793 -5.05212e-05 -1 0.921366 0.19396 0.000652601 2029.51 107595 4 237396 64.0299 7.8032 2 1 909.769 35.8875 25.3506 4 3 0.0853443 9.12554e-05 9.77924 2 
2.16859 -5.0496e-05 -1 0.921493 0.193934 0.000652601 2030.01 107601 2 32938.1 184.459 13.3629 2 1 1162.33 30.4909 38.1204 4 3 0.0864989 7.7399e-05 10.3775 2 
2.16924 -5.03498e-05 -1 0.92162 0.193943 0.000652601 2030.63 107601 3 49808.9 200.595 6.28534 2 1 1224.46 59.7796 20.4829 4 3 0.0878758 6.87062e-05 10.8549 2 
2.16989 -5.03251e-05 -1 0.921746 0.193927 0.000652601 2031.14 107606 3 43154.2 86.371 7.93509 2 1 1035.22 75.8284 13.6521 4 3 0.0879698 6.64619e-05 10.9796 2 
2.17054 -5.03766e-05 -1 0.921873 0.193905 0.000652601 2031.69 107609 3 195943 132.813 11.384 2 1 1378.3 69.6902 19.7776 4 3 0.0879359 6.18885e-05 11.2422 2 
2.1712 -5.04994e-05 -1 0.922 0.193918 0.000652601 2032.22 107613 3 212248 210.095 10.034 2 1 1573.81 58.4823 26.9108 4 3 0.0865915 5.24312e-05 11.8203 2 
2.17185 -5.03459e-05 -1 0.922127 0.193903 0.000652601 2032.75 107617 3 80676.9 133.935 8.44536 2 1 1444.49 93.802 15.3993 4 3 0.0850914 5.00567e-05 11.9346 2 
2.1725 -5.02994e-05 -1 0.922253 0.193875 0.000652601 2033.29 107621 3 42339.3 76.2257 8.22017 2 1 1124.53 55.5763 20.234 4 3 0.083061 4.80533e-05 12.0012 2 
2.17316 -5.03324e-05 -1 0.92238 0.193873 0.000652601 2033.85 107623 4 127054 49.4236 7.12054 2 1 1445.4 42.8233 33.7527 4 3 0.0806219 4.8607e-05 11.8373 2 
2.17381 -5.04128e-05 -1 0.922507 0.193855 0.000652601 2034.38 107628 3 73387.9 213.487 7.00516 2 1 809.512 29.8141 27.152 4 3 0.077546 4.62346e-05 11.8813 2 
2.17446 -5.04542e-05 -1 0.922633 0.193855 0.000652601 2034.93 107631 3 150796 176.996 9.48001 2 1 869.403 26.382 32.9544 4 3 0.0751921 3.9686e-05 12.374 2 
2.17511 -5.05125e-05 -1 0.92276 0.193838 0.000652601 2035.48 107634 3 60557.5 113.334 8.11464 2 1 1070.54 39.5334 27.0793 4 3 0.0736976 3.64711e-05 12.6426 2 
2.17577 -5.05508e-05 -1 0.922886 0.19383 0.000652601 2036.05 107636 4 195772 87.9368 6.86902 2 1 1209.57 47.4972 25.4662 4 3 0.0722111 3.47354e-05 12.7627 2 
2.17642 -5.05045e-05 -1 0.923013 0.193813 0.000652601 2036.58 107640 3 42814.1 96.5291 7.62623 2 1 1096.87 27.1387 40.4173 4 3 0.0707402 3.57323e-05 12.5565 2 
2.17707 -5.04935e-05 -1 0.923139 0.193785 0.000652601 2037.12 107644 3 116569 217.82 8.11886 2 1 1081.19 35.736 30.2548 4 3 0.0675371 3.54964e-05 12.3914 2 
2.17772 -5.05469e-05 -1 0.923265 0.193795 0.000652601 2037.69 107646 4 230057 44.1215 8.4976 2 1 1090.42 46.0853 23.6609 4 3 0.064704 3.50188e-05 12.2709 2 
2.17838 -5.05492e-05 -1 0.923392 0.193776 0.000652601 2038.25 107649 3 42745.1 137.787 6.76955 2 1 1043.68 38.2767 27.2668 4 3 0.0629113 3.49437e-05 12.1652 2 
2.17903 -5.05789e-05 -1 0.923518 0.193766 0.000652601 2038.82 107650 4 220317 47.5881 8.24874 2 1 1317.57 39.8334 33.077 4 3 0.0614846 2.89364e-05 12.856 2 
2.17968 -5.06415e-05 -1 0.923644 0.193764 0.000652601 2039.38 107653 3 55351.4 120.419 7.71752 2 1 917.757 32.0824 28.6063 4 3 0.0606562 2.70995e-05 13.0809 2 
2.18033 -5.07703e-05 -1 0.92377 0.193738 0.000652601 2039.92 107656 3 168672 145.409 10.5071 2 1 1045.05 26.9986 38.7074 4 3 0.0615955 2.49194e-05 13.5208 2 
2.18099 -5.07115e-05 -1 0.923896 0.193741 0.000652601 2040.47 107660 3 42187.1 71.2535 8.39701 2 1 1037.97 29.9703 34.6335 4 3 0.0641195 2.55281e-05 13.5933 2 
2.18164 -5.07574e-05 -1 0.924023 0.193721 0.000652601 2041.02 107663 3 42095.6 65.1588 8.64479 2 1 1156.89 30.7169 37.6631 4 3 0.0666226 2.66557e-05 13.571 2 
2.18229 -5.07565e-05 -1 0.924149 0.193709 0.000652601 2041.59 107665 3 91632.4 122.536 9.07672 2 1 1062.53 34.8565 30.483 4 3 0.0693774 2.55586e-05 13.9495 2 
2.18294 -5.08047e-05 -1 0.924275 0.193722 0.000652601 2042.14 107668 3 70499.7 142.74 7.9046 2 1 1006.7 32.7291 30.7586 4 3 0.0721523 2.5699e-05 14.1073 2 
2.1836 -5.08602e-05 -1 0.924401 0.193695 0.000652601 2042.69 107671 3 52446.6 116.937 7.65459 2 1 1055.67 34.8244 30.3142 4 3 0.0747256 2.58419e-05 14.2467 2 
2.18425 -5.09367e-05 -1 0.924528 0.193675 0.000652601 2043.23 107675 3 59915.1 140.721 7.52302 2 1 1480.14 50.5453 29.2834 4 3 0.0829349 2.33297e-05 15.2619 2 
2.1849 -5.09237e-05 -1 0.924654 0.193667 0.000652601 2043.83 107675 4 231297 50.0417 8.24536 2 1 884.294 30.6402 28.8606 4 3 0.0858405 2.06697e-05 16.0738 2 
2.18555 -5.0979e-05 -1 0.92478 0.193661 0.000652601 2044.38 107678 3 39543.4 100.671 7.32359 2 1 1088.72 37.5528 28.9918 4 3 0.0868404 1.79744e-05 16.9053 2 
2.18621 -5.09542e-05 -1 0.924907 0.193644 0.000652601 2044.92 107682 3 42768.5 84.5265 7.96851 2 1 1368.99 64.3379 21.2781 4 3 0.0878631 1.75997e-05 17.091 2 
2.18686 -5.09649e-05 -1 0.925033 0.193634 0.000652601 2045.52 107683 3 42764.5 97.5575 7.5964 2 1 1456.63 41.9042 34.761 4 3 0.0876312 1.78387e-05 16.9993 2 
2.18751 -5.09831e-05 -1 0.925159 0.193631 0.000652601 2046.1 107684 4 215710 47.5352 8.20755 2 1 1078.02 22.799 47.2834 4 3 0.0870879 1.91773e-05 16.5599 2 
2.18816 -5.10241e-05 -1 0.925286 0.193595 0.000652601 2046.66 107686 3 94776.7 145.418 8.67017 2 1 1491.81 36.7797 40.5607 4 3 0.0854037 1.81571e-05 16.7549 2 
2.18882 -5.09419e-05 -1 0.925412 0.193589 0.000652601 2047.2 107690 3 83191.3 119.09 8.87295 2 1 1484.6 41.612 35.6771 4 3 0.0837104 1.8678e-05 16.4873 2 
2.18947 -5.0891e-05 -1 0.925539 0.193593 0.000652601 2047.74 107694 3 32034.5 101.321 6.81249 2 1 1595.6 33.807 47.1973 4 3 0.0811756 1.95687e-05 16.0677 2 
2.19012 -5.08884e-05 -1 0.925665 0.193585 0.000652601 2048.33 107695 4 128033 42.489 7.40903 2 1 1605.95 36.6823 43.7799 4 3 0.0785203 2.02196e-05 15.7182 2 
2.19078 -5.09502e-05 -1 0.925792 0.19357 0.000652601 2048.88 107698 3 73954.7 94.3601 9.21989 2 1 848.727 31.3141 27.1036 4 3 0.0754853 2.06797e-05 15.3971 2 
2.19143 -5.10366e-05 -1 0.925918 0.193573 0.000652601 2049.46 107699 4 150393 68.0098 6.85747 2 1 895.25 30.9395 28.9355 4 3 0.0741602 2.06598e-05 15.3114 2 
2.19208 -5.0991e-05 -1 0.926045 0.193559 0.000652601 2050.05 107700 4 195652 55.9491 7.68994 2 1 840.79 27.1445 30.9746 4 3 0.0725135 1.99527e-05 15.3747 2 
2.19273 -5.09253e-05 -1 0.926171 0.193555 0.000652601 2050.59 107704 3 98823.1 109.317 9.66919 2 1 1019.76 30.4801 33.4567 4 3 0.0712996 1.88644e-05 15.5769 2 
2.19339 -5.0853e-05 -1 0.926298 0.193539 0.000652601 2051.12 107708 3 41017.2 89.3071 7.71543 2 1 1036.62 23.6222 43.8832 4 3 0.0682231 1.90196e-05 15.3077 2 
2.19404 -5.08481e-05 -1 0.926424 0.193528 0.000652601 2051.72 107708 4 231979 57.9758 7.95336 2 1 1068.14 27.5073 38.8311 4 3 0.0657329 1.92233e-05 15.0656 2 
2.19469 -5.08615e-05 -1 0.926551 0.193521 0.000652601 2052.28 107711 3 41679.5 67.5213 8.51453 2 1 1116.94 18.4429 60.5618 4 3 0.062874 1.91883e-05 14.8529 2 
2.19534 -5.08915e-05 -1 0.926677 0.193503 0.000652601 2052.83 107714 4 220762 81.6129 7.21177 2 1 1078.16 32.3366 33.3417 4 3 0.0617291 1.86782e-05 14.8954 2 
2.196 -5.09421e-05 -1 0.926804 0.193497 0.000652601 2053.38 107717 3 42244.8 124.051 6.98325 2 1 1383.77 28.9791 47.7504 4 3 0.0602494 1.75486e-05 15.0859 2 
2.19665 -5.10065e-05 -1 0.92693 0.193491 0.000652601 2054.07 107713 3 40488.9 99.5493 7.40911 2 1 1017.38 25.4596 39.9605 4 3 0.0608435 1.67642e-05 15.3677 2 
2.1973 -5.10525e-05 -1 0.927056 0.193476 0.000652601 2054.7 107712 3 167208 137.674 10.6693 2 1 985.497 24.0043 41.055 4 3 0.0632876 1.63591e-05 15.6983 2 
2.19795 -5.11655e-05 -1 0.927182 0.193472 0.000652601 2055.31 107712 3 33613.5 127.449 6.41296 2 1 1081.18 41.3796 26.1283 4 3 0.0659252 1.57837e-05 16.1045 2 
2.19861 -5.12567e-05 -1 0.927309 0.193455 0.000652601 2055.91 107712 3 29559.4 38.4769 9.15866 2 1 1144.58 36.2677 31.5592 4 3 0.0685286 1.50197e-05 16.5858 2 
2.19926 -5.12922e-05 -1 0.927435 0.193441 0.000652601 2056.47 107714 3 42954.1 64.6811 8.72454 2 1 1049.56 27.2697 38.4882 4 3 0.0713729 1.41558e-05 17.1475 2 
2.19991 -5.12834e-05 -1 0.927561 0.193434 0.000652601 2057.06 107715 3 89493.7 144.312 8.52765 2 1 1010.37 29.3376 34.4393 4 3 0.0740465 1.32953e-05 17.7257 2 
2.20056 -5.13473e-05 -1 0.927687 0.19342 0.000652601 2057.61 107718 3 70256.7 124.72 8.25881 2 1 1045.08 29.1603 35.8391 4 3 0.0831844 1.73764e-05 16.8536 2 
2.20122 -5.13827e-05 -1 0.927813 0.193413 0.000652601 2058.19 107720 4 235734 35.6136 9.0199 2 1 1478.55 33.4543 44.1961 4 3 0.08457 2.42803e-05 15.1584 2 
2.20187 -5.13965e-05 -1 0.927939 0.193408 0.000652601 2058.73 107724 3 177223 163.455 10.2732 2 1 865.556 25.444 34.0181 4 3 0.0864898 2.87626e-05 14.4337 2 
2.20252 -5.13216e-05 -1 0.928064 0.1934 0.000652601 2059.3 107726 3 105938 62.1898 11.9429 2 1 1327.47 61.3628 21.6331 4 3 0.0868412 2.7219e-05 14.7215 2 
2.20317 -5.13409e-05 -1 0.92819 0.19339 0.000652601 2059.83 107730 3 42966.5 54.9247 9.21412 2 1 1500.36 58.9824 25.4374 4 3 0.0873866 2.28172e-05 15.6457 2 
2.20383 -5.13908e-05 -1 0.928316 0.193368 0.000652601 2060.37 107733 3 197364 136.224 11.3154 2 1 1101.75 30.1758 36.5111 4 3 0.086443 1.75378e-05 17.0184 2 
2.20448 -5.14847e-05 -1 0.928442 0.193368 0.000652601 2060.94 107735 4 211398 68.0904 7.46455 2 1 1256.87 36.4273 34.5034 4 3 0.0851087 1.59689e-05 17.4676 2 
2.20513 -5.13459e-05 -1 0.928569 0.193357 0.000652601 2061.48 107739 3 95279.4 207.064 7.72025 2 1 1469.86 83.3701 17.6306 4 3 0.0830868 1.56113e-05 17.4595 2 
2.20579 -5.12801e-05 -1 0.928695 0.193335 0.000652601 2062.03 107742 3 65028.7 118.834 8.17941 2 1 981.654 49.6555 19.7693 4 3 0.0812601 1.53516e-05 17.4277 2 
2.20644 -5.12965e-05 -1 0.928821 0.193332 0.000652601 2062.61 107743 3 81918.8 70.386 10.5188 2 1 1525.19 37.951 40.1885 4 3 0.0783023 1.43973e-05 17.5859 2 
2.20709 -5.135e-05 -1 0.928947 0.193327 0.000652601 2063.15 107747 3 128276 233.724 8.18743 2 1 842.207 31.3262 26.8851 4 3 0.0755183 4.15848e-05 12.2004 2 
2.20774 -5.14599e-05 -1 0.929073 0.193316 0.000652601 2063.78 107746 4 196438 118.294 6.3836 2 1 824.96 57.9581 14.2337 4 4 0.0734179 1.85506e-05 7.93161 2 
2.2084 -5.13887e-05 -1 0.929199 0.193308 0.000652601 2064.31 107750 3 150210 211.588 8.92076 2 1 1653.48 61.8476 26.7348 4 3 0.0740429 9.73871e-05 9.12698 2 
2.20905 -5.14576e-05 -1 0.929325 0.1933 0.000652601 2064.87 107753 3 46057.9 112.467 7.42608 2 1 1106.37 46.6906 23.6957 4 3 0.0705669 8.52795e-05 9.38827 2 
2.2097 -5.14527e-05 -1 0.929451 0.193287 0.000652601 2065.4 107756 3 42581.6 81.3875 8.05789 2 1 1176.96 53.0237 22.1968 4 3 0.0687544 7.41418e-05 9.75167 2 
2.21035 -5.14658e-05 -1 0.929578 0.193282 0.000652601 2065.92 107761 3 96120.3 98.5196 9.91815 2 1 1094.3 21.3388 51.282 4 3 0.0661376 6.53322e-05 10.0409 2 
2.21101 -5.15166e-05 -1 0.929704 0.193268 0.000652601 2066.57 107759 4 225447 44.8441 8.42044 2 1 1035.65 25.6716 40.3421 4 3 0.0631303 5.87722e-05 10.2413 2 
2.21166 -5.15111e-05 -1 0.92983 0.193258 0.000652601 2067.12 107762 3 41740.3 95.6631 7.58468 2 1 1075.18 35.2494 30.5021 4 3 0.0615169 5.80686e-05 10.1941 2 
2.21231 -5.15689e-05 -1 0.929956 0.193241 0.000652601 2067.7 107763 4 215593 42.5782 8.43552 2 1 987.956 25.9869 38.0175 4 3 0.0602891 5.14181e-05 10.5449 2 
2.21296 -5.16468e-05 -1 0.930083 0.193247 0.000652601 2068.33 107762 3 72781.5 100.022 8.99446 2 1 1331.65 28.3143 47.0309 4 3 0.0606407 4.52108e-05 11.0283 2 
2.21362 -5.1709e-05 -1 0.930209 0.193229 0.000652601 2068.89 107765 3 40352.9 94.3298 7.53486 2 1 1039.08 26.9825 38.5095 4 3 0.0631964 4.28949e-05 11.3788 2 
2.21427 -5.17104e-05 -1 0.930335 0.193217 0.000652601 2069.44 107768 3 165784 122.167 11.0712 2 1 954.941 28.4546 33.5602 4 3 0.0657023 4.26266e-05 11.5514 2 
2.21492 -5.17196e-05 -1 0.930462 0.193206 0.000652601 2069.99 107771 3 42901.6 125.207 6.99759 2 1 1100.65 32.2134 34.1674 4 3 0.0684744 4.29194e-05 11.6849 2 
2.21557 -5.17322e-05 -1 0.930588 0.193193 0.000652601 2070.53 107774 3 54583.5 72.3358 9.10408 2 1 1144.63 29.2866 39.0837 4 3 0.071115 3.91053e-05 12.2061 2 
2.21623 -5.17502e-05 -1 0.930715 0.193199 0.000652601 2071.09 107777 3 40608.2 101.321 7.3729 2 1 1030.6 29.565 34.8587 4 3 0.0737484 3.40327e-05 12.9405 2 
2.21688 -5.17887e-05 -1 0.930841 0.193176 0.000652601 2071.67 107778 3 42636.9 109.618 7.29963 2 1 997.407 47.0598 21.1945 4 3 0.0818404 3.18162e-05 13.7017 2 
2.21753 -5.18628e-05 -1 0.930967 0.193172 0.000652601 2072.22 107782 3 87478.6 94.4411 9.74796 2 1 973.421 37.5297 25.9374 4 3 0.0848399 3.11175e-05 13.9701 2 
2.21818 -5.20085e-05 -1 0.931093 0.193158 0.000652601 2072.79 107783 4 228398 50.2096 8.21252 2 1 1453.36 33.8999 42.8721 4 3 0.0857734 3.14855e-05 13.9663 2 
2.21884 -5.2044e-05 -1 0.931219 0.193144 0.000652601 2073.36 107785 3 133166 135.89 9.93272 2 1 1262.91 63.2601 19.9637 4 3 0.0867569 3.14242e-05 14.0286 2 
2.21949 -5.20349e-05 -1 0.931345 0.193134 0.000652601 2073.93 107787 3 107723 105.93 10.0561 2 1 1561.18 35.1737 44.3851 4 3 0.0865661 3.1424e-05 14.0183 2 
2.22014 -5.19807e-05 -1 0.931471 0.193134 0.000652601 2074.5 107789 2 3976.85 63.4447 7.91721 2 1 1098.47 29.309 37.479 4 3 0.0861018 2.86559e-05 14.43 2 
2.22079 -5.19696e-05 -1 0.931597 0.193123 0.000652601 2075.11 107789 4 214658 52.9541 7.97925 2 1 1137.8 28.1798 40.3763 4 3 0.0843635 2.52832e-05 14.9431 2 
2.22145 -5.19643e-05 -1 0.931723 0.193113 0.000652601 2075.73 107788 3 42784.8 119.417 7.10245 2 1 1633.48 30.6549 53.286 4 3 0.0827677 2.26881e-05 15.3941 2 
2.2221 -5.19725e-05 -1 0.931848 0.1931 0.000652601 2076.31 107790 3 94912 138.059 8.82576 2 1 1397.91 34.1964 40.8789 4 3 0.0803524 2.11687e-05 15.5992 2 
2.22275 -5.20028e-05 -1 0.931974 0.193095 0.000652601 2076.9 107791 3 42655.8 74.817 8.292 2 1 1182.04 31.7066 37.2806 4 3 0.0779511 2.30123e-05 15.0183 2 
2.22341 -5.20209e-05 -1 0.9321 0.193079 0.000652601 2077.44 107794 3 65537.5 114.282 8.30815 2 1 946.334 25.4151 37.2352 4 3 0.0745921 2.27643e-05 14.8529 2 
2.22406 -5.20339e-05 -1 0.932225 0.193075 0.000652601 2078.07 107793 4 194518 54.5883 7.72619 2 1 850.483 30.1915 28.1696 4 3 0.0739363 2.24522e-05 14.8776 2 
2.22471 -5.20162e-05 -1 0.932351 0.193072 0.000652601 2078.69 107793 4 129282 39.1127 7.58237 2 1 856.921 34.7512 24.6587 4 3 0.0731814 2.27389e-05 14.7642 2 
2.22536 -5.20473e-05 -1 0.932477 0.193058 0.000652601 2079.24 107796 3 150115 138.314 10.2767 2 1 880.442 42.9771 20.4863 4 3 0.0705969 2.19491e-05 14.7612 2 
2.22602 -5.20269e-05 -1 0.932603 0.193052 0.000652601 2079.8 107798 3 41019.8 78.9501 8.03922 2 1 1521.36 34.9045 43.5864 4 3 0.0689681 2.02672e-05 15.0413 2 
2.22667 -5.20114e-05 -1 0.932729 0.193042 0.000652601 2080.35 107801 3 42237.3 103.281 7.42266 2 1 1143.7 38.5932 29.6347 4 3 0.0664368 1.8508e-05 15.3115 2 
2.22732 -5.20215e-05 -1 0.932855 0.193037 0.000652601 2080.92 107803 4 225811 72.8178 7.46237 2 1 1043.65 25.2175 41.3858 4 3 0.063222 1.85193e-05 15.0573 2 
2.22797 -5.19231e-05 -1 0.93298 0.19302 0.000652601 2081.47 107806 3 120241 116.16 10.1158 2 1 1165.51 31.3222 37.2103 4 3 0.0612646 1.82907e-05 14.9621 2 
2.22863 -5.19967e-05 -1 0.933106 0.193009 0.000652601 2082.16 107802 4 214353 66.9423 7.52242 2 1 1076.25 47.1467 22.8277 4 3 0.0599116 1.73204e-05 15.1235 2 
2.22928 -5.20452e-05 -1 0.933232 0.193009 0.000652601 2082.73 107804 3 32785.8 64.5681 7.97791 2 1 1066.42 36.9784 28.8389 4 3 0.061004 1.6664e-05 15.412 2 
2.22993 -5.21112e-05 -1 0.933358 0.192997 0.000652601 2083.39 107801 3 76678.5 122.796 8.54732 2 1 1353.61 26.0845 51.8931 4 3 0.0635563 1.61412e-05 15.7909 2 
2.23058 -5.21524e-05 -1 0.933484 0.192996 0.000652601 2084.16 107793 3 33030.9 56.3326 8.3699 2 1 998.03 30.5343 32.6855 4 3 0.06615 1.57775e-05 16.1249 2 
2.23124 -5.21748e-05 -1 0.93361 0.192976 0.000652601 2084.81 107791 3 164473 149.019 10.3344 2 1 960.828 22.9568 41.8538 4 3 0.0688183 1.5994e-05 16.2648 2 
2.23189 -5.21264e-05 -1 0.933736 0.192969 0.000652601 2085.46 107788 3 41897.9 78.6476 8.10654 2 1 1089.43 26.4867 41.1311 4 3 0.0715613 1.59318e-05 16.4995 2 
2.23254 -5.2182e-05 -1 0.933862 0.192948 0.000652601 2086.11 107786 3 41846.3 102.513 7.4181 2 1 1140.96 34.4049 33.1627 4 3 0.0795084 1.57236e-05 17.1641 2 
2.23319 -5.22646e-05 -1 0.933988 0.192956 0.000652601 2086.72 107786 3 55848.6 40.0661 11.1706 2 1 1043.18 26.4306 39.4687 4 3 0.0831601 1.54241e-05 17.535 2 
2.23385 -5.22859e-05 -1 0.934114 0.192939 0.000652601 2087.31 107787 3 41173.6 109.326 7.22158 2 1 972.4 24.8331 39.1575 4 3 0.0842761 1.82256e-05 16.66 2 
2.2345 -5.23717e-05 -1 0.93424 0.192934 0.000652601 2087.91 107788 4 230924 40.1799 8.70693 2 1 1073.68 25.9234 41.4176 4 3 0.0857384 1.98689e-05 16.2805 2 
2.23515 -5.2416e-05 -1 0.934367 0.192953 0.000652601 2088.5 107789 3 180454 229.966 9.22361 2 1 1170.88 62.5317 18.7245 4 3 0.0858665 2.51896e-05 15.0499 2 
2.2358 -5.23566e-05 -1 0.934493 0.192918 0.000652601 2089.08 107790 3 134386 125.375 10.234 2 1 1628.03 79.3146 20.5263 4 3 0.0856661 2.75994e-05 14.5871 2 
2.23646 -5.23869e-05 -1 0.934619 0.1929 0.000652601 2089.65 107792 3 62954.5 97.7472 8.63589 2 1 1309.23 78.6716 16.6417 4 3 0.0850361 2.47254e-05 15.0945 2 
2.23711 -5.24188e-05 -1 0.934745 0.192901 0.000652601 2090.2 107795 3 104542 105.238 9.9779 2 1 957.55 39.1129 24.4817 4 3 0.0831667 2.04745e-05 15.9556 2 
2.23776 -5.2469e-05 -1 0.934871 0.192877 0.000652601 2090.77 107797 3 210130 175.56 10.6175 2 1 1182.97 39.5959 29.8761 4 3 0.0811425 1.61988e-05 17.1102 2 
2.23842 -5.24522e-05 -1 0.934997 0.192884 0.000652601 2091.32 107800 3 41763.4 91.4385 7.70115 2 1 1333 61.2012 21.7805 4 3 0.0790238 1.46168e-05 17.551 2 
2.23907 -5.24444e-05 -1 0.935123 0.192874 0.000652601 2091.94 107799 4 31731.8 84.0343 4.40818 2 1 1089.87 32.5163 33.5178 4 3 0.0762522 1.47656e-05 17.2849 2 
2.23972 -5.24626e-05 -1 0.935249 0.192868 0.000652601 2092.54 107800 4 193679 85.7596 6.89366 2 1 1520.46 36.903 41.2015 4 3 0.0740431 1.56182e-05 16.7991 2 
2.24037 -5.24321e-05 -1 0.935375 0.192859 0.000652601 2093.1 107802 3 41239.1 138.437 6.67861 2 1 938.007 33.4531 28.0395 4 3 0.0741058 1.57257e-05 16.7654 2 
2.24103 -5.23969e-05 -1 0.935501 0.192855 0.000652601 2093.67 107804 3 40013.2 91.6877 7.58515 2 1 976.402 40.7854 23.94 4 3 0.0723796 1.5481e-05 16.7214 2 
2.24168 -5.23977e-05 -1 0.935627 0.192842 0.000652601 2094.24 107806 3 80074.7 119.375 8.75374 2 1 827.696 29.3668 28.1848 4 3 0.0708411 1.51526e-05 16.7212 2 
2.24233 -5.23758e-05 -1 0.935752 0.192826 0.000652601 2094.85 107806 4 129463 50.1132 7.12932 2 1 836.15 35.1164 23.8108 4 3 0.0689833 1.46569e-05 16.7584 2 
2.24298 -5.24097e-05 -1 0.935878 0.19282 0.000652601 2095.42 107808 3 143302 183.741 9.20483 2 1 876.468 41.7078 21.0145 4 3 0.0662911 1.42317e-05 16.7006 2 
2.24364 -5.23595e-05 -1 0.936003 0.192813 0.000652601 2096.01 107809 4 225315 47.8581 8.2834 2 1 1320.15 37.7672 34.955 4 3 0.0636564 1.43639e-05 16.4257 2 
2.24429 -5.23927e-05 -1 0.936129 0.192806 0.000652601 2096.62 107808 4 217330 52.4016 8.02498 2 1 1170.82 35.489 32.9911 4 3 0.0610366 1.45955e-05 16.1111 2 
2.24494 -5.24568e-05 -1 0.936254 0.192801 0.000652601 2097.19 107810 3 95986.5 99.4574 9.88229 2 1 953.896 23.7577 40.151 4 3 0.0597755 1.48816e-05 15.8961 2 
2.24559 -5.25575e-05 -1 0.93638 0.192784 0.000652601 2097.75 107813 3 116172 101.645 10.4554 2 1 1040.66 26.8876 38.7042 4 3 0.0619269 1.57425e-05 15.7859 2 
2.24625 -5.25458e-05 -1 0.936506 0.192786 0.000652601 2098.33 107815 3 41599.5 100.845 7.44409 2 1 933.24 29.5454 31.5867 4 3 0.0643221 1.80831e-05 15.265 2 
2.2469 -5.25564e-05 -1 0.936631 0.192777 0.000652601 2098.89 107817 3 57577.3 122.818 7.76836 2 1 1371.73 30.642 44.7664 4 3 0.0669956 2.00217e-05 14.9571 2 
2.24755 -5.25828e-05 -1 0.936757 0.192763 0.000652601 2099.46 107819 3 76224 197.35 7.28257 2 1 969.114 29.599 32.7414 4 3 0.0696032 2.08402e-05 14.9478 2 
2.2482 -5.25315e-05 -1 0.936882 0.192765 0.000652601 2100.05 107820 3 163430 169.137 9.88625 2 1 931.12 27.9224 33.3467 4 3 0.0722362 2.11366e-05 15.0628 2 
2.24886 -5.24023e-05 -1 0.937008 0.19275 0.000652601 2100.6 107823 3 41715.7 108.074 7.28102 2 1 976.577 34.7439 28.1079 4 3 0.0812068 5.53725e-05 11.3614 2 
2.24951 -5.24168e-05 -1 0.937134 0.192732 0.000652601 2101.22 107822 3 41875.3 80.6752 8.03661 2 1 1142.65 52.4747 21.7752 4 4 0.0826816 2.23027e-05 7.80302 2 
2.25016 -5.2434e-05 -1 0.937259 0.192724 0.000652601 2101.84 107822 3 32385.9 82.1691 7.33189 2 1 1000.32 28.6529 34.9117 4 4 0.0845697 2.21685e-05 7.85904 2 
2.25081 -5.24173e-05 -1 0.937385 0.192725 0.000652601 2102.4 107824 3 41930.4 104.626 7.37276 2 1 1088.75 24.8023 43.8972 4 3 0.0850475 9.9317e-05 9.49612 2 
2.25147 -5.24452e-05 -1 0.937511 0.192715 0.000652601 2102.99 107825 4 223035 42.7014 8.50125 2 1 1061.91 54.1204 19.6213 4 3 0.0854173 8.40146e-05 10.0553 2 
2.25212 -5.24716e-05 -1 0.937637 0.192704 0.000652601 2103.58 107826 4 177814 22.8594 9.39129 2 1 1716.39 42.3816 40.4985 4 3 0.0847587 7.43863e-05 10.4447 2 
2.25277 -5.25043e-05 -1 0.937762 0.192709 0.000652601 2104.15 107828 3 42131.7 99.3146 7.5139 2 1 1042.27 31.2165 33.3883 4 3 0.0837223 6.65747e-05 10.7939 2 
2.25342 -5.25324e-05 -1 0.937888 0.192683 0.000652601 2104.73 107829 3 128735 113.1 10.4411 2 1 1060.42 27.4666 38.6078 4 3 0.08175 6.49971e-05 10.7944 2 
2.25408 -5.25995e-05 -1 0.938014 0.192683 0.000652601 2105.33 107829 4 213422 33.7123 8.91996 2 1 960.24 43.9994 21.8239 4 3 0.0798113 5.81857e-05 11.1109 2 
2.25473 -5.25687e-05 -1 0.93814 0.192675 0.000652601 2105.94 107830 4 193805 50.6147 7.86633 2 1 1210.17 33.332 36.3066 4 3 0.0773409 5.09118e-05 11.4956 2 
2.25538 -5.25498e-05 -1 0.938266 0.192666 0.000652601 2106.49 107832 3 40603.2 48.6465 9.41535 2 1 1378.45 47.2144 29.1955 4 3 0.0746994 4.84181e-05 11.555 2 
2.25604 -5.25465e-05 -1 0.938392 0.192653 0.000652601 2107.04 107836 3 50436.7 105.141 7.82813 2 1 985.467 33.8016 29.1545 4 3 0.0732938 4.79086e-05 11.5226 2 
2.25669 -5.2617e-05 -1 0.938518 0.192651 0.000652601 2107.6 107838 3 29819.7 79.2569 7.21919 2 1 1472.36 25.0328 58.8174 4 3 0.0735505 4.76454e-05 11.5573 2 
2.25734 -5.26351e-05 -1 0.938644 0.192647 0.000652601 2108.17 107840 3 97625.4 151.428 8.63877 2 1 881.808 22.808 38.6622 4 3 0.0721284 4.43982e-05 11.7557 2 
2.25799 -5.25912e-05 -1 0.93877 0.192632 0.000652601 2108.73 107842 3 40794.9 123.704 6.90887 2 1 1120.52 21.2874 52.6378 4 3 0.0707046 3.76431e-05 12.3383 2 
2.25865 -5.25744e-05 -1 0.938895 0.192627 0.000652601 2109.28 107845 3 42749.8 69.5523 8.50239 2 1 816.51 27.7449 29.4292 4 3 0.0684813 3.58267e-05 12.4105 2 
2.2593 -5.25714e-05 -1 0.939021 0.192621 0.000652601 2109.86 107846 3 79698.8 94.3116 9.45429 2 1 827.042 28.5362 28.9821 4 3 0.0660487 3.51751e-05 12.337 2 
2.25995 -5.26323e-05 -1 0.939147 0.192616 0.000652601 2110.48 107846 4 224493 82.3008 7.22686 2 1 901.651 37.29 24.1794 4 3 0.0628647 3.5405e-05 12.1092 2 
2.2606 -5.25299e-05 -1 0.939273 0.192597 0.000652601 2111.06 107847 4 214877 72.6059 7.37572 2 1 1169.9 34.1572 34.2505 4 3 0.0604396 3.54527e-05 11.946 2 
2.26126 -5.25335e-05 -1 0.939399 0.192595 0.000652601 2111.64 107849 4 131854 41.9583 7.48719 2 1 1229.47 39.7452 30.9337 4 3 0.0605832 3.54032e-05 11.9611 2 
2.26191 -5.25703e-05 -1 0.939525 0.192589 0.000652601 2112.19 107852 3 99164.6 97.5622 10.0544 2 1 1134.74 27.5869 41.1332 4 3 0.0629017 3.22732e-05 12.4913 2 
2.26256 -5.26002e-05 -1 0.939651 0.19257 0.000652601 2112.76 107854 3 118267 121.384 9.91368 2 1 1031.19 29.7091 34.7095 4 3 0.0655579 2.82372e-05 13.2414 2 
2.26321 -5.2708e-05 -1 0.939777 0.192578 0.000652601 2113.31 107856 3 42002.5 97.0526 7.56408 2 1 1135.86 46.9643 24.1856 4 3 0.0680906 2.5855e-05 13.8096 2 
2.26387 -5.27036e-05 -1 0.939902 0.192574 0.000652601 2113.99 107853 3 45416.9 84.2504 8.13858 2 1 931.195 39.9631 23.3014 4 3 0.0706452 2.47378e-05 14.1875 2 
2.26452 -5.27362e-05 -1 0.940027 0.192557 0.000652601 2114.63 107851 3 58916.3 120.384 7.88053 2 1 977.206 28.079 34.8021 4 3 0.0796196 2.63943e-05 14.449 2 
2.26517 -5.26799e-05 -1 0.940153 0.192538 0.000652601 2115.31 107848 3 162523 139.456 10.5235 2 1 942.888 26.8618 35.1014 4 3 0.0811246 2.56858e-05 14.6719 2 
2.26582 -5.25717e-05 -1 0.940278 0.192544 0.000652601 2115.97 107845 3 72358.2 115.119 8.56604 2 1 1048.59 28.2051 37.1774 4 3 0.0835107 2.58194e-05 14.7888 2 
2.26648 -5.25955e-05 -1 0.940403 0.192537 0.000652601 2116.58 107845 3 41579.1 75.4999 8.19677 2 1 1081.91 35.0254 30.8892 4 3 0.0840857 2.58042e-05 14.8255 2 
2.26713 -5.26321e-05 -1 0.940529 0.192531 0.000652601 2117.14 107847 3 41569.8 105.832 7.32353 2 1 1035 30.5324 33.8983 4 3 0.0846644 2.47797e-05 15.0615 2 
2.26778 -5.26398e-05 -1 0.940654 0.19252 0.000652601 2117.73 107848 4 225234 35.1442 8.94737 2 1 944.579 49.8315 18.9555 4 3 0.0841444 2.27326e-05 15.4689 2 
2.26843 -5.26649e-05 -1 0.940779 0.192513 0.000652601 2118.31 107850 3 42614.5 106.902 7.35966 2 1 1824.87 43.1585 42.2829 4 3 0.0834897 2.05762e-05 15.9498 2 
2.26909 -5.27071e-05 -1 0.940905 0.192506 0.000652601 2118.88 107852 3 175418 150.869 10.5154 2 1 980.759 25.4558 38.528 4 3 0.0816874 2.60376e-05 14.6392 2 
2.26974 -5.27079e-05 -1 0.94103 0.192488 0.000652601 2119.43 107854 3 88224.5 160.646 8.18916 2 1 910.63 36.3435 25.0562 4 3 0.0798177 2.65239e-05 14.4374 2 
2.27039 -5.28066e-05 -1 0.941156 0.192489 0.000652601 2119.99 107856 4 191458 123.372 6.27645 2 1 1149.01 43.0237 26.7065 4 3 0.0775339 2.31547e-05 14.9607 2 
2.27105 -5.27532e-05 -1 0.941281 0.192484 0.000652601 2120.56 107858 4 208501 54.4509 7.86639 2 1 969.318 41.0881 23.5912 4 3 0.0752988 1.90385e-05 15.8144 2 
2.2717 -5.26792e-05 -1 0.941407 0.192483 0.000652601 2121.14 107860 3 103997 120.944 9.50925 2 1 1325.1 42.0735 31.4948 4 3 0.0722375 1.80769e-05 15.8689 2 
2.27235 -5.27264e-05 -1 0.941532 0.192468 0.000652601 2121.73 107861 3 34082.8 74.8013 7.695 2 1 1018.29 40.5083 25.1379 4 3 0.0736657 1.82327e-05 15.9272 2 
2.273 -5.27385e-05 -1 0.941658 0.192469 0.000652601 2122.3 107863 3 41002.7 90.2902 7.68642 2 1 1083.95 27.3946 39.5679 4 3 0.0728983 1.83908e-05 15.826 2 
2.27366 -5.27502e-05 -1 0.941784 0.192453 0.000652601 2122.86 107865 3 52430.1 89.7069 8.36087 2 1 932.391 26.8389 34.7404 4 3 0.071978 1.83087e-05 15.7827 2 
2.27431 -5.26632e-05 -1 0.941909 0.192446 0.000652601 2123.41 107868 3 42158.3 102.584 7.43477 2 1 890.214 26.4412 33.6677 4 3 0.0701656 1.78799e-05 15.7732 2 
2.27496 -5.26581e-05 -1 0.942035 0.192431 0.000652601 2123.97 107871 3 98029.6 214.549 7.70212 2 1 1129.2 31.9194 35.3767 4 3 0.0682455 1.53428e-05 16.4458 2 
2.27561 -5.26194e-05 -1 0.942161 0.192426 0.000652601 2124.53 107873 3 29522.9 57.927 7.98778 2 1 942.418 31.9306 29.5146 4 3 0.0656112 1.48577e-05 16.4062 2 
2.27627 -5.26352e-05 -1 0.942286 0.192425 0.000652601 2125.1 107875 4 223095 40.148 8.63389 2 1 823.366 25.5748 32.1945 4 3 0.0624888 1.43335e-05 16.3362 2 
2.27692 -5.2654e-05 -1 0.942412 0.192416 0.000652601 2125.68 107876 4 211807 50.4054 8.05129 2 1 854.769 28.8515 29.6265 4 3 0.0598719 1.4133e-05 16.1807 2 
2.27757 -5.26851e-05 -1 0.942538 0.192411 0.000652601 2126.23 107879 3 76999.6 229.034 6.95339 2 1 952.076 21.819 43.6353 4 3 0.0619699 1.43529e-05 16.2835 2 
2.27822 -5.27958e-05 -1 0.942663 0.192401 0.000652601 2126.84 107879 3 48028 87.0469 8.20189 2 1 1107.25 28.1582 39.3223 4 3 0.0644765 1.43139e-05 16.5151 2 
2.27888 -5.27781e-05 -1 0.942789 0.192394 0.000652601 2127.41 107881 3 40939.5 66.0961 8.52424 2 1 1000.13 24.1513 41.411 4 3 0.0669544 1.40587e-05 16.8246 2 
2.27953 -5.27775e-05 -1 0.942915 0.192393 0.000652601 2127.98 107883 3 97039.4 116.513 9.40858 2 1 1051.57 26.3722 39.8742 4 3 0.0695755 1.55128e-05 16.4913 2 
2.28018 -5.27977e-05 -1 0.943041 0.192382 0.000652601 2128.59 107883 4 133228 45.3659 7.3615 2 1 906.473 48.1172 18.8389 4 3 0.0783702 1.88276e-05 16.0862 2 
2.28083 -5.28049e-05 -1 0.943166 0.192375 0.000652601 2129.15 107885 3 39385.8 125.031 6.80416 2 1 982.835 33.5606 29.2854 4 3 0.0797222 2.11302e-05 15.5677 2 
2.28149 -5.28338e-05 -1 0.943292 0.192368 0.000652601 2129.78 107884 3 41519.6 92.3418 7.66099 2 1 964.286 45.3345 21.2705 4 3 0.0826694 2.22013e-05 15.4996 2 
2.28214 -5.28431e-05 -1 0.943418 0.192367 0.000652601 2130.36 107886 3 161667 138.899 10.519 2 1 920.629 30.5073 30.1773 4 3 0.0832065 2.26184e-05 15.4371 2 
2.28279 -5.28295e-05 -1 0.943544 0.192359 0.000652601 2130.99 107885 3 57370.3 98.8686 8.34084 2 1 1174.9 31.049 37.8401 4 3 0.0839275 2.06916e-05 15.9479 2 
2.28344 -5.28549e-05 -1 0.943669 0.192349 0.000652601 2131.58 107885 3 72679.3 123.836 8.37248 2 1 1100.74 28.7805 38.2462 4 3 0.0833747 1.73362e-05 16.8795 2 
2.2841 -5.28578e-05 -1 0.943795 0.192341 0.000652601 2132.23 107883 4 226962 35.8939 8.91729 2 1 963.872 43.8223 21.995 4 3 0.0828818 1.59277e-05 17.3288 2 
2.28475 -5.28909e-05 -1 0.943921 0.192328 0.000652601 2132.83 107884 3 42341.4 111.948 7.23186 2 1 930.279 27.8927 33.3521 4 3 0.0814724 1.57822e-05 17.2828 2 
2.2854 -5.29009e-05 -1 0.944046 0.192327 0.000652601 2133.41 107885 4 190217 58.9573 7.53664 2 1 1927.66 46.301 41.6333 4 3 0.0795767 1.57836e-05 17.1472 2 
2.28605 -5.28689e-05 -1 0.944171 0.192321 0.000652601 2134.01 107885 3 173201 229.458 9.10505 2 1 973.886 31.1793 31.2351 4 3 0.0774715 1.58023e-05 16.9879 2 
2.28671 -5.28745e-05 -1 0.944297 0.192321 0.000652601 2134.57 107887 3 41538.2 103.974 7.36503 2 1 1013.72 45.3614 22.3477 4 3 0.0750353 1.58315e-05 16.7976 2 
2.28736 -5.28866e-05 -1 0.944422 0.192308 0.000652601 2135.16 107888 4 212012 38.5068 8.61402 2 1 1107.95 33.9642 32.621 4 3 0.0725859 1.54363e-05 16.7534 2 
2.28801 -5.29686e-05 -1 0.944547 0.192296 0.000652601 2135.7 107892 3 187010 182.659 10.0788 2 1 1631.37 38.9653 41.8673 4 3 0.0736006 1.55656e-05 16.7844 2 
2.28867 -5.30893e-05 -1 0.944672 0.192304 0.000652601 2136.24 107895 3 106945 115.186 9.75559 2 1 1018.3 39.2454 25.9469 4 3 0.0730358 1.56765e-05 16.7018 2 
2.28932 -5.30768e-05 -1 0.944797 0.192283 0.000652601 2136.87 107894 3 68220.2 141.563 7.84008 2 1 1263.31 36.0055 35.0865 4 3 0.0729171 1.83372e-05 15.8428 2 
2.28997 -5.30076e-05 -1 0.944923 0.192275 0.000652601 2137.46 107895 3 41123.9 115.698 7.08363 2 1 1457.54 33.3072 43.7605 4 3 0.0714695 1.71306e-05 16.0984 2 
2.29062 -5.29349e-05 -1 0.945048 0.192277 0.000652601 2138 107898 3 42399 52.8433 9.29227 2 1 896.864 25.4648 35.2198 4 3 0.0699311 4.52727e-05 11.5596 2 
2.29128 -5.29673e-05 -1 0.945173 0.192263 0.000652601 2138.67 107895 3 42303.9 65.9153 8.62577 2 1 897.899 35.5854 25.2322 4 4 0.0675786 1.85815e-05 7.76573 2 
2.29193 -5.29484e-05 -1 0.945298 0.192266 0.000652601 2139.2 107899 3 51909.7 89.6255 8.33564 2 1 896.408 24.717 36.2669 4 3 0.0649919 9.58251e-05 8.78604 2 
2.29258 -5.29651e-05 -1 0.945424 0.192255 0.000652601 2139.79 107900 4 221698 70.1845 7.49687 2 1 844.815 29.0326 29.0989 4 3 0.0616839 8.40072e-05 9.02163 2 
2.29323 -5.29302e-05 -1 0.945549 0.192247 0.000652601 2140.33 107903 3 43242.5 90.4961 7.81796 2 1 901.172 19.7312 45.6724 4 3 0.0614 7.33792e-05 9.4232 2 
2.29389 -5.29882e-05 -1 0.945675 0.192249 0.000652601 2140.87 107907 3 145530 110.105 10.9744 2 1 852.328 33.2734 25.6159 4 3 0.063802 6.40489e-05 9.98713 2 
2.29454 -5.30229e-05 -1 0.9458 0.192243 0.000652601 2141.43 107909 3 79236.8 94.2529 9.43794 2 1 970.771 42.687 22.7416 4 3 0.0662092 5.81374e-05 10.4429 2 
2.29519 -5.30715e-05 -1 0.945925 0.192231 0.000652601 2141.99 107912 3 62651.7 81.1895 9.17229 2 1 1081.85 30.716 35.2209 4 3 0.0687485 5.73917e-05 10.6203 2 
2.29584 -5.31553e-05 -1 0.946051 0.192225 0.000652601 2142.56 107913 3 79586.9 92.5104 9.5108 2 1 984.999 24.7413 39.8119 4 3 0.0710793 5.08884e-05 11.1783 2 
2.2965 -5.31623e-05 -1 0.946176 0.19222 0.000652601 2143.1 107917 3 47986 41.4272 10.5021 2 1 998.726 21.706 46.0116 4 3 0.0790008 4.46646e-05 12.0936 2 
2.29715 -5.31516e-05 -1 0.946302 0.192212 0.000652601 2143.68 107918 4 117322 36.9277 7.5077 2 1 894.702 20.6803 43.2634 4 3 0.0814792 4.24879e-05 12.424 2 
2.2978 -5.3126e-05 -1 0.946427 0.192189 0.000652601 2144.25 107920 3 42739.9 112.459 7.24346 2 1 946.342 18.0699 52.3711 4 3 0.0823091 4.24867e-05 12.4661 2 
2.29845 -5.31096e-05 -1 0.946553 0.192195 0.000652601 2144.95 107916 3 40922.6 102.852 7.355 2 1 957.672 25.772 37.1594 4 3 0.0831241 4.21229e-05 12.543 2 
2.29911 -5.31153e-05 -1 0.946678 0.192195 0.000652601 2145.56 107915 3 161058 121.283 10.9916 2 1 944.149 19.922 47.3923 4 3 0.082786 3.94566e-05 12.802 2 
2.29976 -5.31759e-05 -1 0.946804 0.192181 0.000652601 2146.23 107912 4 189964 74.0386 7.11711 2 1 1071.02 31.4693 34.0337 4 3 0.0823441 3.33024e-05 13.5224 2 
2.30041 -5.31491e-05 -1 0.94693 0.192177 0.000652601 2146.84 107912 4 228563 45.1459 8.43523 2 1 1106.87 48.5556 22.796 4 3 0.0809226 3.16014e-05 13.6811 2 
2.30106 -5.3166e-05 -1 0.947055 0.19217 0.000652601 2147.4 107914 3 73442.9 106.051 8.84732 2 1 997.358 28.0167 35.5986 4 3 0.0793284 3.12038e-05 13.6481 2 
2.30172 -5.31951e-05 -1 0.947181 0.192165 0.000652601 2147.99 107915 3 31564.4 73.5495 7.54292 2 1 2037.21 48.7748 41.7678 4 3 0.0771989 3.13157e-05 13.5088 2 
2.30237 -5.31894e-05 -1 0.947306 0.192162 0.000652601 2148.56 107917 3 41354.9 55.1505 9.08502 2 1 1097.08 21.2708 51.5768 4 3 0.0750817 3.08894e-05 13.4454 2 
2.30302 -5.31683e-05 -1 0.947432 0.192145 0.000652601 2149.11 107920 3 171278 217.103 9.24015 2 1 890.628 26.8659 33.1509 4 3 0.0726837 3.16038e-05 13.1998 2 
2.30368 -5.29625e-05 -1 0.947557 0.192148 0.000652601 2149.67 107922 3 39939.2 120.491 6.92067 2 1 901.23 74.9183 12.0295 4 3 0.072315 2.8302e-05 13.6711 2 
2.30433 -5.2944e-05 -1 0.947683 0.192136 0.000652601 2150.27 107923 3 206957 199.895 10.1164 2 1 1203.41 86.0953 13.9776 4 3 0.0728487 2.50347e-05 14.2767 2 
2.30498 -5.27524e-05 -1 0.947809 0.192148 0.000652601 2150.78 107927 3 184539 137.401 11.0332 2 1 1032.65 65.6122 15.7387 4 3 0.0731019 2.2171e-05 14.8838 2 
2.30563 -5.28596e-05 -1 0.947934 0.192132 0.000652601 2151.46 107924 3 56385.5 158.545 7.08497 2 1 1745.05 79.0198 22.0837 4 3 0.0722512 2.15066e-05 14.977 2 
2.30629 -5.29264e-05 -1 0.94806 0.192123 0.000652601 2152.08 107923 3 104784 119.289 9.57704 2 1 1010.84 26.5198 38.1166 4 3 0.0710709 2.29327e-05 14.5796 2 
2.30694 -5.30823e-05 -1 0.948185 0.192108 0.000652601 2152.66 107924 3 69555.1 110.652 8.56623 2 1 1061.41 31.8801 33.2937 4 3 0.0691996 2.27593e-05 14.4871 2 
2.30759 -5.30915e-05 -1 0.948311 0.19211 0.000652601 2153.27 107924 3 29510.1 41.0294 8.95967 2 1 940.98 33.728 27.899 4 3 0.0670799 2.2403e-05 14.4133 2 
2.30824 -5.30945e-05 -1 0.948436 0.192104 0.000652601 2153.8 107928 3 41499 97.4161 7.52435 2 1 893.121 31.5826 28.2789 4 3 0.0641372 2.28088e-05 14.1146 2 
2.3089 -5.31501e-05 -1 0.948561 0.192101 0.000652601 2154.34 107932 4 219726 75.641 7.34144 2 1 930.624 30.6351 30.3777 4 3 0.0610016 2.16248e-05 14.1296 2 
2.30955 -5.3224e-05 -1 0.948686 0.1921 0.000652601 2154.85 107936 3 32121.1 68.7286 7.76041 2 1 855.097 33.2175 25.7424 4 3 0.063242 2.01564e-05 14.6397 2 
2.3102 -5.32467e-05 -1 0.948811 0.192089 0.000652601 2155.34 107943 3 51584.9 61.4271 9.43454 2 1 804.167 22.6621 35.4852 4 3 0.065677 1.69473e-05 15.7074 2 
2.31085 -5.31895e-05 -1 0.948936 0.192081 0.000652601 2155.83 107948 3 146860 195.747 9.08663 2 1 858.527 28.9525 29.6529 4 3 0.0682159 1.51229e-05 16.5228 2 
2.31151 -5.31752e-05 -1 0.949061 0.192075 0.000652601 2156.31 107955 3 42720.9 95.794 7.64013 2 1 971.22 45.0424 21.5623 4 3 0.0768829 1.403e-05 17.6302 2 
2.31216 -5.3163e-05 -1 0.949186 0.192074 0.000652601 2156.81 107960 3 79487.9 120.458 8.70606 2 1 1181.76 45.0639 26.224 4 3 0.0781395 1.59498e-05 16.9839 2 
2.31281 -5.3123e-05 -1 0.949311 0.19206 0.000652601 2157.28 107967 3 64454.3 121.15 8.10294 2 1 1038.57 36.6466 28.3403 4 3 0.0807141 1.61095e-05 17.1115 2 
2.31346 -5.31508e-05 -1 0.949437 0.192068 0.000652601 2157.78 107972 3 79405 232.272 6.99225 2 1 1000.97 42.9683 23.2956 4 3 0.0814292 1.59624e-05 17.2145 2 
2.31412 -5.31406e-05 -1 0.949562 0.192045 0.000652601 2158.28 107978 3 40101.2 83.195 7.84067 2 1 896.532 30.461 29.4321 4 3 0.0820907 1.73058e-05 16.8022 2 
2.31477 -5.31486e-05 -1 0.949687 0.192048 0.000652601 2158.84 107980 4 187468 62.8444 7.39036 2 1 947.09 30.2147 31.3453 4 3 0.0817054 2.07677e-05 15.7866 2 
2.31542 -5.31045e-05 -1 0.949812 0.192049 0.000652601 2159.33 107986 3 42384.9 110.147 7.27354 2 1 941.036 25.8237 36.4408 4 3 0.0812882 2.25214e-05 15.3395 2 
2.31607 -5.31935e-05 -1 0.949937 0.192042 0.000652601 2159.85 107990 3 160830 135.075 10.599 2 1 978.969 31.352 31.2251 4 3 0.0799168 2.33492e-05 15.0703 2 
2.31673 -5.31854e-05 -1 0.950063 0.192036 0.000652601 2160.34 107996 3 42523.9 73.4007 8.33638 2 1 1009.97 28.5172 35.4164 4 3 0.0786453 2.19334e-05 15.3058 2 
2.31738 -5.32145e-05 -1 0.950188 0.192022 0.000652601 2160.9 107998 4 219932 54.315 7.97705 2 1 1009.9 25.3479 39.8416 4 3 0.0764018 1.85629e-05 16.0258 2 
2.31803 -5.32073e-05 -1 0.950313 0.192013 0.000652601 2161.4 108004 3 42187.9 104.528 7.39013 2 1 928.399 24.4352 37.9943 4 3 0.0743283 1.55416e-05 16.8482 2 
2.31868 -5.33034e-05 -1 0.950439 0.192011 0.000652601 2161.89 108009 3 74042.3 89.7904 9.37742 2 1 2158.17 52.6905 40.9593 4 3 0.0720585 1.55239e-05 16.6812 2 
2.31934 -5.3273e-05 -1 0.950564 0.192005 0.000652601 2162.39 108015 4 177905 24.1972 9.25988 2 1 1004.33 23.3954 42.9283 4 3 0.0696764 1.55068e-05 16.5014 2 
2.31999 -5.33047e-05 -1 0.950689 0.191998 0.000652601 2162.91 108019 4 137052 50.0672 7.23324 2 1 921.265 32.6054 28.255 4 3 0.0715053 1.46709e-05 16.9549 2 
2.32064 -5.33508e-05 -1 0.950815 0.191999 0.000652601 2163.43 108024 4 210852 33.167 8.92931 2 1 1058.61 20.456 51.7506 4 3 0.0729325 1.56668e-05 16.6973 2 
2.3213 -5.33331e-05 -1 0.95094 0.191993 0.000652601 2163.96 108027 3 187569 205.263 9.70398 2 1 1501.68 30.1186 49.8587 4 3 0.072893 1.56836e-05 16.6884 2 
2.32195 -5.34325e-05 -1 0.951066 0.191983 0.000652601 2164.46 108032 3 129411 89.7843 11.296 2 1 1090.67 42.2596 25.8087 4 3 0.0719895 1.7196e-05 16.1168 2 
2.3226 -5.34634e-05 -1 0.951191 0.191981 0.000652601 2164.97 108038 4 86755.8 58.3624 6.20928 2 1 1623.09 33.7367 48.1104 4 3 0.0706784 1.95015e-05 15.3605 2 
2.32325 -5.34807e-05 -1 0.951316 0.191978 0.000652601 2165.47 108043 4 56191.4 104.02 4.82101 2 1 1460.69 28.0852 52.0094 4 3 0.0689349 1.77616e-05 15.7152 2 
2.32391 -5.35195e-05 -1 0.951442 0.19197 0.000652601 2165.95 108049 3 103041 90.1893 10.4541 2 1 962.682 29.1014 33.0803 4 3 0.0663882 1.59241e-05 16.0946 2 
2.32456 -5.35962e-05 -1 0.951567 0.191962 0.000652601 2166.45 108054 4 209910 73.8921 7.3006 2 1 935.799 21.5295 43.4659 4 3 0.0635413 1.67974e-05 15.5813 2 
2.32521 -5.36683e-05 -1 0.951693 0.191959 0.000652601 2166.94 108060 4 217806 58.2665 7.81921 2 1 903.792 23.4063 38.6131 4 3 0.0630626 1.78982e-05 15.2167 2 
2.32586 -5.35974e-05 -1 0.951818 0.191946 0.000652601 2167.43 108066 3 42737.8 90.6748 7.78231 2 1 884.726 27.4545 32.2251 4 3 0.0654723 1.83837e-05 15.2713 2 
2.32652 -5.35835e-05 -1 0.951944 0.191942 0.000652601 2167.91 108072 3 41551.2 108.09 7.2711 2 1 1177.75 30.9562 38.0456 4 3 0.0679176 1.89254e-05 15.3101 2 
2.32717 -5.36537e-05 -1 0.952069 0.191942 0.000652601 2168.4 108078 3 39029 85.5255 7.69893 2 1 817.003 55.8055 14.6402 4 3 0.0763736 1.87096e-05 15.9818 2 
2.32782 -5.37021e-05 -1 0.952194 0.191939 0.000652601 2168.9 108084 4 148471 63.3951 6.95659 2 1 845.338 25.299 33.4138 4 3 0.0777293 1.81513e-05 16.239 2 
2.32847 -5.36294e-05 -1 0.95232 0.191936 0.000652601 2169.41 108088 3 51509 75.1309 8.81769 2 1 746.731 24.9952 29.875 4 3 0.0799522 1.7463e-05 16.6049 2 
2.32913 -5.36892e-05 -1 0.952445 0.191922 0.000652601 2169.92 108093 4 185978 110.128 6.41049 2 1 1036.34 41.9405 24.7097 4 3 0.0806061 1.59551e-05 17.1589 2 
2.32978 -5.36274e-05 -1 0.95257 0.191917 0.000652601 2170.41 108099 3 79987.3 120.371 8.72637 2 1 1058.06 30.0978 35.1539 4 3 0.0812822 1.5137e-05 17.5113 2 
2.33043 -5.36019e-05 -1 0.952696 0.191915 0.000652601 2170.9 108105 3 37763.1 76.3106 7.90972 2 1 993.024 34.6851 28.6297 4 3 0.0806321 1.48728e-05 17.5673 2 
2.33108 -5.36008e-05 -1 0.952821 0.191909 0.000652601 2171.41 108110 3 62622.6 121.845 8.01016 2 1 904.815 25.2715 35.8038 4 3 0.080412 1.46099e-05 17.656 2 
2.33174 -5.35786e-05 -1 0.952946 0.191899 0.000652601 2171.9 108115 3 117842 128.42 9.71755 2 1 968.057 23.9955 40.3433 4 3 0.0792131 1.44559e-05 17.6299 2 
2.33239 -5.36923e-05 -1 0.95307 0.191905 0.000652601 2172.39 108121 3 93573.8 76.305 10.7037 2 1 948.801 33.4949 28.3267 4 3 0.0778959 4.4151e-05 12.0835 2 
2.33304 -5.372e-05 -1 0.953195 0.191899 0.000652601 2173 108121 3 161015 122.742 10.9469 2 1 1156.4 46.4586 24.8911 4 4 0.0756525 2.15676e-05 7.69582 2 
2.33369 -5.37593e-05 -1 0.95332 0.19189 0.000652601 2173.71 108116 4 221253 38.3721 8.71401 2 1 1025.5 28.4267 36.0754 4 4 0.0735959 2.19737e-05 7.60742 2 
2.33435 -5.3784e-05 -1 0.953445 0.191888 0.000652601 2174.5 108106 3 41520 106.054 7.31548 2 1 1077.12 36.8349 29.2417 4 4 0.0712468 2.04802e-05 7.67994 2 
2.335 -5.38315e-05 -1 0.95357 0.191888 0.000652601 2175.16 108104 3 40696.9 110.518 7.16764 2 1 957.651 26.7789 35.7614 4 3 0.0689395 8.67597e-05 9.26225 2 
2.33565 -5.38576e-05 -1 0.953696 0.191875 0.000652601 2175.89 108098 3 39695.6 81.7601 7.8596 2 1 2272.52 54.2426 41.8956 4 3 0.070223 7.54776e-05 9.76233 2 
2.33631 -5.38558e-05 -1 0.953821 0.191864 0.000652601 2176.54 108096 3 176520 155.457 10.4326 2 1 1022.37 21.3563 47.8722 4 3 0.0728302 6.70829e-05 10.2778 2 
2.33696 -5.37921e-05 -1 0.953946 0.191866 0.000652601 2177.2 108093 3 41497.7 77.2804 8.12802 2 1 1081.23 55.0251 19.6498 4 3 0.0725624 6.53769e-05 10.3537 2 
2.33761 -5.38145e-05 -1 0.954071 0.191859 0.000652601 2177.95 108086 4 206437 74.0198 7.26708 2 1 1586.73 53.8751 29.452 4 3 0.0727084 5.95614e-05 10.6874 2 
2.33826 -5.36398e-05 -1 0.954196 0.191859 0.000652601 2178.63 108082 3 185884 165.514 10.3945 2 1 1009.44 39.2117 25.7434 4 3 0.0713296 5.15694e-05 11.1419 2 
2.33892 -5.36868e-05 -1 0.954321 0.191854 0.000652601 2179.28 108080 3 132027 82.8983 11.6781 2 1 1286.91 72.0176 17.8694 4 3 0.0701706 4.89446e-05 11.2759 2 
2.33957 -5.37095e-05 -1 0.954446 0.191845 0.000652601 2180.06 108071 3 42259.8 117.421 7.11313 2 1 1433.97 34.5495 41.5048 4 3 0.0678275 4.78102e-05 11.2364 2 
2.34022 -5.36946e-05 -1 0.954572 0.191842 0.000652601 2180.77 108066 4 210267 51.3783 7.9983 2 1 1347.72 34.6019 38.9494 4 3 0.0654627 4.80727e-05 11.084 2 
2.34087 -5.37514e-05 -1 0.954697 0.191835 0.000652601 2181.43 108064 4 138981 46.4299 7.39673 2 1 991.589 29.5196 33.5908 4 3 0.0629984 4.49979e-05 11.187 2 
2.34153 -5.37995e-05 -1 0.954822 0.191831 0.000652601 2182.1 108061 4 216129 36.2791 8.78545 2 1 910.951 25.9748 35.0706 4 3 0.0652417 3.85734e-05 11.9146 2 
2.34218 -5.38301e-05 -1 0.954947 0.191832 0.000652601 2182.68 108062 3 53456.3 113.753 7.77462 2 1 929.117 25.6691 36.196 4 3 0.0678555 3.60221e-05 12.3501 2 
2.34283 -5.38154e-05 -1 0.955072 0.191823 0.000652601 2183.26 108063 4 185530 72.8599 7.10365 2 1 880.565 38.9526 22.606 4 3 0.0760318 3.45355e-05 13.009 2 
2.34348 -5.37984e-05 -1 0.955198 0.191818 0.000652601 2183.87 108063 3 39981 104.288 7.26452 2 1 864.593 27.2381 31.742 4 3 0.0775382 3.53184e-05 12.9969 2 
2.34414 -5.38824e-05 -1 0.955323 0.191814 0.000652601 2184.48 108063 3 32887.6 198.026 5.49671 2 1 912.862 43.0345 21.2123 4 3 0.0790682 3.52196e-05 13.094 2 
2.34479 -5.38869e-05 -1 0.955448 0.191806 0.000652601 2185.09 108063 3 36933.2 95.6095 7.28292 2 1 807.404 33.9336 23.7937 4 3 0.0798842 3.53088e-05 13.1278 2 
2.34544 -5.39169e-05 -1 0.955574 0.191808 0.000652601 2185.7 108062 3 143340 164.206 9.55709 2 1 1009.15 31.3595 32.1801 4 3 0.080408 3.36151e-05 13.3738 2 
2.34609 -5.40796e-05 -1 0.955699 0.191798 0.000652601 2186.3 108062 3 42183 98.4241 7.53955 2 1 991.051 52.4777 18.8852 4 3 0.0800375 2.84392e-05 14.1186 2 
2.34675 -5.40829e-05 -1 0.955824 0.191807 0.000652601 2186.9 108063 3 51627.8 129.27 7.36426 2 1 1182.54 47.8748 24.7006 4 3 0.0794202 2.65397e-05 14.4105 2 
2.3474 -5.411e-05 -1 0.955949 0.191792 0.000652601 2187.47 108065 3 80932.1 114.98 8.89542 2 1 1004.36 26.8971 37.3409 4 3 0.0782451 2.47261e-05 14.6814 2 
2.34805 -5.4227e-05 -1 0.956075 0.191781 0.000652601 2188.06 108065 3 102289 223.818 7.70272 2 1 894.28 33.3168 26.8417 4 3 0.0768365 2.60657e-05 14.3384 2 
2.3487 -5.42245e-05 -1 0.9562 0.191782 0.000652601 2188.66 108066 3 38607 99.8358 7.28551 2 1 905.508 23.814 38.0243 4 3 0.0747434 2.61008e-05 14.2006 2 
2.34936 -5.4198e-05 -1 0.956325 0.191778 0.000652601 2189.26 108066 4 115738 33.4651 7.66868 2 1 1186.31 26.7621 44.328 4 3 0.0724853 2.56886e-05 14.1309 2 
2.35001 -5.41809e-05 -1 0.956451 0.191774 0.000652601 2189.86 108066 4 222626 40.1166 8.63104 2 1 898.201 21.5205 41.737 4 3 0.0702702 2.58536e-05 13.9557 2 
2.35066 -5.42165e-05 -1 0.956576 0.191765 0.000652601 2190.45 108067 3 41573.6 90.7867 7.70782 2 1 981.517 29.8049 32.9314 4 3 0.0679037 2.51916e-05 13.917 2 
2.35131 -5.41968e-05 -1 0.956701 0.191765 0.000652601 2191.02 108069 3 39315.6 72.0654 8.17108 2 1 1001.48 31.1496 32.1507 4 3 0.0652317 2.30995e-05 14.1347 2 
2.35197 -5.41976e-05 -1 0.956826 0.191764 0.000652601 2191.59 108071 3 46411.6 82.3652 8.25963 2 1 1124.25 28.5501 39.3782 4 3 0.0716095 2.00772e-05 15.2788 2 
2.35262 -5.41749e-05 -1 0.956951 0.191759 0.000652601 2192.17 108072 3 40477 92.0044 7.6056 2 1 2379.46 56.6807 41.9801 4 3 0.0719489 1.77299e-05 15.9505 2 
2.35327 -5.41586e-05 -1 0.957077 0.191756 0.000652601 2192.73 108074 3 175533 224.304 9.21526 2 1 1022.38 28.0672 36.4262 4 3 0.0727821 1.65005e-05 16.4 2 
2.35393 -5.41878e-05 -1 0.957201 0.191747 0.000652601 2193.3 108076 4 210477 36.4816 8.71531 2 1 1138.85 37.6028 30.2862 4 3 0.0720337 1.79846e-05 15.881 2 
2.35458 -5.42122e-05 -1 0.957326 0.191741 0.000652601 2193.9 108077 3 72928.2 116.467 8.55522 2 1 1427.4 35.7499 39.9274 4 3 0.0710297 1.89705e-05 15.5282 2 
2.35523 -5.42532e-05 -1 0.957451 0.191736 0.000652601 2194.47 108078 3 184568 159.782 10.4924 2 1 1079.16 31.5935 34.1577 4 3 0.0693639 1.89293e-05 15.417 2 
2.35588 -5.43028e-05 -1 0.957576 0.191735 0.000652601 2195.02 108081 3 45459.4 70.9407 8.62136 2 1 1133.18 33.8905 33.4366 4 3 0.0672666 1.92931e-05 15.1635 2 
2.35654 -5.43728e-05 -1 0.957701 0.191728 0.000652601 2195.57 108084 4 205307 72.615 7.29196 2 1 899.549 30.1883 29.798 4 3 0.06452 1.85738e-05 15.1448 2 
2.35719 -5.44169e-05 -1 0.957826 0.191725 0.000652601 2196.23 108081 3 42264.5 87.3961 7.84925 2 1 854.118 25.8126 33.0892 4 3 0.0655281 1.83337e-05 15.2895 2 
2.35784 -5.44582e-05 -1 0.957951 0.19172 0.000652601 2196.81 108083 4 214171 57.2869 7.81946 2 1 959.153 29.3058 32.7291 4 3 0.0727064 1.819e-05 15.8701 2 
2.35849 -5.438e-05 -1 0.958076 0.191713 0.000652601 2197.36 108085 3 105547 97.9487 10.2522 2 1 922.637 22.5342 40.9439 4 3 0.0761207 1.55399e-05 16.9831 2 
2.35915 -5.44109e-05 -1 0.958201 0.191708 0.000652601 2197.92 108088 3 57238.7 85.6864 8.74163 2 1 965.356 31.5644 30.5837 4 3 0.0773774 1.61172e-05 16.8697 2 
2.3598 -5.44746e-05 -1 0.958326 0.191708 0.000652601 2198.48 108090 3 40525.5 85.2583 7.80424 2 1 865.154 25.6563 33.7209 4 3 0.0788894 1.69743e-05 16.6882 2 
2.36045 -5.44991e-05 -1 0.958451 0.191704 0.000652601 2199.02 108093 3 53352.8 94.4657 8.26598 2 1 1060.77 35.3623 29.9972 4 3 0.0792405 1.73266e-05 16.5989 2 
2.3611 -5.44883e-05 -1 0.958576 0.1917 0.000652601 2199.58 108095 3 68223 152.128 7.65433 2 1 798.927 22.5053 35.4995 4 3 0.0794594 1.71794e-05 16.6614 2 
2.36176 -5.44575e-05 -1 0.958701 0.191701 0.000652601 2200.15 108097 3 30276.8 71.7128 7.50189 2 1 806.536 28.3518 28.4475 4 3 0.0789365 1.68448e-05 16.7342 2 
2.36241 -5.44995e-05 -1 0.958826 0.191692 0.000652601 2200.68 108101 3 145562 126.416 10.4813 2 1 820.376 27.7714 29.5403 4 3 0.0781645 1.72591e-05 16.5449 2 
2.36306 -5.44e-05 -1 0.958951 0.191685 0.000652601 2201.28 108101 4 141783 47.277 7.4002 2 1 934.878 43.5701 21.4569 4 3 0.0767711 1.64643e-05 16.7065 2 
2.36371 -5.44506e-05 -1 0.959076 0.191685 0.000652601 2201.83 108104 3 40756.8 96.1989 7.51064 2 1 1154.48 48.7934 23.6606 4 3 0.0751803 1.58755e-05 16.7929 2 
2.36437 -5.44747e-05 -1 0.959202 0.191683 0.000652601 2202.39 108106 3 39528.4 134.631 6.64642 2 1 944.765 30.8199 30.6544 4 3 0.0733371 1.34224e-05 17.6129 2 
2.36502 -5.44894e-05 -1 0.959327 0.191669 0.000652601 2202.95 108109 3 82110 87.5599 9.78806 2 1 897.718 36.904 24.3257 4 3 0.0710928 1.30499e-05 17.5957 2 
2.36567 -5.45426e-05 -1 0.959452 0.191659 0.000652601 2203.49 108112 3 42535.9 99.1304 7.54252 2 1 903.59 28.0637 32.1978 4 3 0.0687428 1.30209e-05 17.4125 2 
2.36632 -5.45984e-05 -1 0.959577 0.19167 0.000652601 2204.19 108107 4 224224 43.5433 8.47111 2 1 1230.05 23.1208 53.2012 4 3 0.0663855 1.20931e-05 17.6405 2 
2.36698 -5.46541e-05 -1 0.959702 0.191665 0.000652601 2204.95 108100 3 162896 136.948 10.5954 2 1 957.367 23.6386 40.5002 4 3 0.0638011 1.31455e-05 16.931 2 
2.36763 -5.46934e-05 -1 0.959827 0.191662 0.000652601 2205.63 108096 3 93207.1 177.353 8.06993 2 1 935.679 23.3623 40.0509 4 3 0.063012 1.24004e-05 17.1921 2 
2.36828 -5.46183e-05 -1 0.959952 0.191653 0.000652601 2206.33 108091 3 83379.2 116.242 8.95154 2 1 1298.14 50.0611 25.9312 4 3 0.0706917 1.36229e-05 17.3128 2 
2.36894 -5.4641e-05 -1 0.960078 0.191652 0.000652601 2207.02 108087 3 41079.2 87.8661 7.76128 2 1 1025.51 53.7666 19.0734 4 3 0.0725068 1.5407e-05 16.7579 2 
2.36959 -5.45999e-05 -1 0.960203 0.191651 0.000652601 2207.66 108086 3 40265.9 111.154 7.12859 2 1 2500.78 58.6095 42.6684 4 3 0.0722624 1.70324e-05 16.1887 2 
2.37024 -5.46322e-05 -1 0.960328 0.191647 0.000652601 2208.27 108086 4 181984 83.2845 6.83703 2 1 1022.86 24.3761 41.9616 4 3 0.0718668 1.81681e-05 15.8151 2 
2.37089 -5.4522e-05 -1 0.960453 0.191644 0.000652601 2208.84 108087 3 206610 204.487 10.0345 2 1 1483.45 41.2019 36.0044 4 3 0.0709886 1.98936e-05 15.2812 2 
2.37155 -5.43924e-05 -1 0.960578 0.191641 0.000652601 2209.4 108089 3 41925.7 117.417 7.09442 2 1 1165.17 36.6154 31.8219 4 3 0.0686969 1.90638e-05 15.3312 2 
2.3722 -5.4356e-05 -1 0.960703 0.191633 0.000652601 2209.98 108091 4 204903 51.9515 7.92479 2 1 1208.84 70.9322 17.0422 4 3 0.0664745 1.92836e-05 15.1062 2 
2.37285 -5.44254e-05 -1 0.960829 0.191632 0.000652601 2210.53 108093 3 59082.7 117.394 7.95434 2 1 1212.05 37.128 32.6452 4 3 0.0657473 1.93159e-05 15.0425 2 
2.3735 -5.44851e-05 -1 0.960954 0.191621 0.000652601 2211.11 108095 3 132002 117.056 10.4087 2 1 1290.79 37.5921 34.3368 4 3 0.0731899 1.93734e-05 15.5745 2 
2.37416 -5.46144e-05 -1 0.961079 0.191622 0.000652601 2211.72 108095 4 212469 41.8917 8.43902 2 1 757.062 39.2552 19.2857 4 3 0.0762126 2.76942e-05 14.0135 2 
2.37481 -5.46549e-05 -1 0.961204 0.191616 0.000652601 2212.28 108097 3 44133.1 64.3191 8.82012 2 1 916.527 34.797 26.3392 4 3 0.0772497 9.02805e-05 9.49367 2 
2.37546 -5.46213e-05 -1 0.961329 0.191616 0.000652601 2212.83 108100 3 87687.4 66.4436 10.9689 2 1 1004.31 33.3595 30.1058 4 3 0.0783892 9.79855e-05 9.28321 2 
2.37611 -5.46117e-05 -1 0.961454 0.191615 0.000652601 2213.38 108102 3 105171 110.359 9.84077 2 1 898.063 36.6496 24.504 4 3 0.078599 8.8294e-05 9.61971 2 
2.37677 -5.46742e-05 -1 0.961579 0.191605 0.000652601 2213.96 108104 3 39735.9 79.0586 7.95081 2 1 893.816 29.0822 30.7341 4 3 0.0785586 7.69332e-05 10.0699 2 
2.37742 -5.46804e-05 -1 0.961704 0.191618 0.000652601 2214.51 108106 3 58428.2 160.353 7.14247 2 1 1259.44 37.2516 33.8091 4 3 0.0778117 6.71845e-05 10.5017 2 
2.37807 -5.47139e-05 -1 0.961828 0.1916 0.000652601 2215.06 108109 3 42150.2 71.9102 8.36892 2 1 856.386 27.667 30.9534 4 3 0.0768853 5.96972e-05 10.88 2 
2.37872 -5.47748e-05 -1 0.961953 0.191596 0.000652601 2215.61 108112 3 69289.2 110.367 8.56266 2 1 817.694 30.3332 26.957 4 3 0.0753682 5.82664e-05 10.8957 2 
2.37938 -5.48271e-05 -1 0.962078 0.191587 0.000652601 2216.16 108115 3 148758 186.731 9.27017 2 1 807.225 27.0261 29.8684 4 3 0.0737976 5.37005e-05 11.1179 2 
2.38003 -5.48e-05 -1 0.962203 0.191591 0.000652601 2216.72 108117 3 40919.9 69.9864 8.36194 2 1 918.587 35.7146 25.7202 4 3 0.0718291 4.62694e-05 11.5789 2 
2.38068 -5.4816e-05 -1 0.962328 0.191583 0.000652601 2217.31 108118 3 40848.7 105.2 7.29548 2 1 1120.95 46.4311 24.1421 4 3 0.0696474 4.36459e-05 11.6857 2 
2.38133 -5.47902e-05 -1 0.962453 0.191583 0.000652601 2217.84 108122 2 19715.3 61.5036 17.904 2 1 989.317 27.1354 36.4585 4 3 0.0672644 4.22717e-05 11.6747 2 
2.38199 -5.48133e-05 -1 0.962578 0.191583 0.000652601 2218.41 108123 3 42119.9 115.032 7.15412 2 1 950.93 26.0195 36.5468 4 3 0.0648802 4.2877e-05 11.4805 2 
2.38264 -5.48092e-05 -1 0.962703 0.191578 0.000652601 2219.07 108121 3 38628.7 105.401 7.1563 2 1 875.425 22.572 38.7836 4 3 0.0623258 4.0497e-05 11.5456 2 
2.38329 -5.4841e-05 -1 0.962828 0.191581 0.000652601 2219.76 108117 4 216372 99.137 6.83504 2 1 910.27 24.0989 37.7722 4 3 0.0616461 3.54025e-05 12.0307 2 
2.38395 -5.4784e-05 -1 0.962953 0.19157 0.000652601 2220.39 108115 3 118509 108.274 10.3057 2 1 998.376 32.6184 30.6077 4 3 0.070276 3.22009e-05 12.9712 2 
2.3846 -5.47781e-05 -1 0.963078 0.191574 0.000652601 2221.05 108113 3 156563 151.039 10.1205 2 1 874.103 24.697 35.3931 4 3 0.0718463 3.06309e-05 13.2866 2 
2.38525 -5.46268e-05 -1 0.963203 0.191556 0.000652601 2221.66 108113 3 103227 203.221 7.97889 2 1 1013.96 38.5611 26.295 4 3 0.07218 3.1488e-05 13.1853 2 
2.3859 -5.46245e-05 -1 0.963328 0.19156 0.000652601 2222.25 108113 3 32259.2 64.41 7.94145 2 1 953.077 60.3081 15.8035 4 3 0.0722947 3.14203e-05 13.2018 2 
2.38656 -5.46078e-05 -1 0.963453 0.191559 0.000652601 2222.88 108112 4 83932 27.7305 7.41724 2 1 2709.7 60.8667 44.5187 4 3 0.0709836 3.11305e-05 13.1621 2 
2.38721 -5.46076e-05 -1 0.963578 0.191554 0.000652601 2223.52 108110 4 174554 22.6461 9.36989 2 1 948.666 28.2748 33.5517 4 3 0.0700723 3.00704e-05 13.2577 2 
2.38786 -5.46118e-05 -1 0.963703 0.191551 0.000652601 2224.14 108110 4 204735 94.0931 6.82981 2 1 1487.24 32.0331 46.4283 4 3 0.0678256 2.6034e-05 13.76 2 
2.38851 -5.46809e-05 -1 0.963828 0.191546 0.000652601 2224.71 108112 3 186347 201.763 9.73853 2 1 972.294 33.6822 28.8667 4 3 0.0719542 2.32549e-05 14.5718 2 
2.38917 -5.48142e-05 -1 0.963953 0.191544 0.000652601 2225.25 108115 3 41469.2 113.668 7.14544 2 1 1290.73 46.2114 27.931 4 3 0.0737783 2.15706e-05 15.0669 2 
2.38982 -5.49189e-05 -1 0.964078 0.191532 0.000652601 2225.78 108118 3 39453 99.478 7.34713 2 1 1148.21 51.0438 22.4946 4 3 0.0760102 2.25496e-05 14.9938 2 
2.39047 -5.49165e-05 -1 0.964203 0.191539 0.000652601 2226.34 108121 4 211280 53.291 7.93507 2 1 1199.98 21.4888 55.8423 4 3 0.0767629 2.29861e-05 14.9473 2 
2.39112 -5.48693e-05 -1 0.964328 0.191532 0.000652601 2226.92 108122 3 129502 101.675 10.8398 2 1 752.859 21.0735 35.7254 4 3 0.0775004 2.25162e-05 15.0986 2 
2.39178 -5.4955e-05 -1 0.964453 0.191533 0.000652601 2227.48 108124 3 40726.7 59.5318 8.81137 2 1 939.243 44.5548 21.0806 4 3 0.0773929 2.26796e-05 15.0553 2 
2.39243 -5.49844e-05 -1 0.964578 0.191532 0.000652601 2228.08 108125 3 39394.3 63.0362 8.54964 2 1 973.141 26.9684 36.0845 4 3 0.0770383 2.22461e-05 15.1293 2 
2.39308 -5.49865e-05 -1 0.964703 0.191527 0.000652601 2228.83 108118 3 88670.7 74.2627 10.6089 2 1 933.579 21.1091 44.2264 4 3 0.0761113 2.11641e-05 15.3209 2 
2.39373 -5.50267e-05 -1 0.964828 0.191524 0.000652601 2229.5 108115 3 104780 88.8799 10.5639 2 1 882.743 29.5182 29.9051 4 3 0.0750003 1.78102e-05 16.1485 2 
2.39439 -5.50466e-05 -1 0.964954 0.191519 0.000652601 2230.11 108114 3 40620 88.79 7.70534 2 1 840.946 26.6705 31.5309 4 3 0.0733951 1.8039e-05 15.9644 2 
2.39504 -5.50349e-05 -1 0.965079 0.191523 0.000652601 2230.97 108102 3 41841.5 94.0669 7.6335 2 1 1445.89 46.5293 31.0748 4 3 0.0717308 1.80149e-05 15.8498 2 
2.39569 -5.49913e-05 -1 0.965204 0.191512 0.000652601 2231.7 108096 3 59412.2 120.556 7.89883 2 1 831.378 30.4434 27.309 4 3 0.0699268 1.75783e-05 15.8449 2 
2.39634 -5.50669e-05 -1 0.965329 0.191513 0.000652601 2232.44 108090 4 176997 74.4205 6.98342 2 1 771.153 40.9304 18.8406 4 3 0.0676862 1.7735e-05 15.6275 2 
2.397 -5.50566e-05 -1 0.965454 0.191506 0.000652601 2233.04 108090 4 145037 69.4144 6.76094 2 1 811.968 30.5261 26.5991 4 3 0.0654899 1.82923e-05 15.298 2 
2.39765 -5.49349e-05 -1 0.965579 0.191497 0.000652601 2233.67 108089 3 70149.5 168.537 7.46637 2 1 942.448 27.5908 34.1581 4 3 0.0628562 1.71987e-05 15.4034 2 
2.3983 -5.48544e-05 -1 0.965704 0.191495 0.000652601 2234.37 108084 3 40710.8 84.8738 7.8279 2 1 1033.13 35.0916 29.4408 4 3 0.0604363 1.6105e-05 15.5398 2 
2.39895 -5.49176e-05 -1 0.965829 0.191498 0.000652601 2235.01 108083 3 41990.3 104.454 7.38031 2 1 912.225 24.0462 37.9364 4 3 0.0602399 1.61149e-05 15.5198 2 
2.39961 -5.49336e-05 -1 0.965953 0.191496 0.000652601 2235.68 108080 4 218230 41.8424 8.49815 2 1 872.388 29.6037 29.4688 4 3 0.0622734 1.61359e-05 15.6857 2 
2.40026 -5.49617e-05 -1 0.966078 0.191495 0.000652601 2236.26 108081 3 41746.7 41.1494 10.0482 2 1 951.5 26.4637 35.9549 4 3 0.071066 1.39616e-05 17.2019 2 
2.40091 -5.4992e-05 -1 0.966203 0.1915 0.000652601 2236.82 108083 3 81190.5 89.802 9.66955 2 1 1262.91 21.3813 59.0659 4 3 0.0714636 1.4241e-05 17.1204 2 
2.40157 -5.50256e-05 -1 0.966328 0.191495 0.000652601 2237.38 108085 3 158318 197.495 9.28947 2 1 1226.15 36.1464 33.9218 4 3 0.0722452 1.54892e-05 16.7081 2 
2.40222 -5.51394e-05 -1 0.966453 0.191484 0.000652601 2237.96 108087 3 50531.9 58.5559 9.52061 2 1 995.941 36.5045 27.2827 4 3 0.0716234 1.68134e-05 16.2106 2 
2.40287 -5.5194e-05 -1 0.966577 0.191483 0.000652601 2238.55 108087 3 94203.7 79.2334 10.5938 2 1 1183.04 52.9013 22.3631 4 3 0.0707855 1.82691e-05 15.7064 2 
2.40352 -5.51163e-05 -1 0.966702 0.191478 0.000652601 2239.12 108089 4 204054 53.0022 7.87704 2 1 2689.61 66.5003 40.445 4 3 0.0689882 1.94515e-05 15.2501 2 
2.40418 -5.51196e-05 -1 0.966827 0.191474 0.000652601 2239.7 108090 4 207952 72.8291 7.30995 2 1 1458.18 28.9927 50.2946 4 3 0.0726661 2.03712e-05 15.2794 2 
2.40483 -5.49761e-05 -1 0.966952 0.191478 0.000652601 2240.24 108094 3 167391 147.549 10.4295 2 1 1225.69 51.0244 24.0216 4 3 0.0738604 2.04099e-05 15.3529 2 
2.40548 -5.4978e-05 -1 0.967077 0.19147 0.000652601 2240.79 108096 3 185810 185.492 10.0057 2 1 976.228 31.102 31.3879 4 3 0.0753696 2.01713e-05 15.5175 2 
2.40613 -5.50479e-05 -1 0.967202 0.191468 0.000652601 2241.37 108098 4 215409 35.0879 8.8517 2 1 1307.87 71.7348 18.232 4 3 0.0760954 1.95126e-05 15.7404 2 
2.40679 -5.50539e-05 -1 0.967327 0.191468 0.000652601 2241.91 108101 4 31927.1 87.6679 4.36847 2 1 1020.99 35.3144 28.9115 4 3 0.0763727 1.90548e-05 15.8847 2 
2.40744 -5.50578e-05 -1 0.967452 0.191462 0.000652601 2242.45 108104 3 46602.9 185.588 6.30891 2 1 1396.86 37.7471 37.0057 4 3 0.0760406 1.77855e-05 16.2303 2 
2.40809 -5.50776e-05 -1 0.967577 0.191465 0.000652601 2243.03 108105 4 174600 80.8313 6.81736 2 1 720.213 38.2671 18.8207 4 3 0.0755381 1.61489e-05 16.724 2 
2.40874 -5.50553e-05 -1 0.967702 0.191454 0.000652601 2243.58 108108 3 127561 119.19 10.2288 2 1 772.412 25.4624 30.3354 4 3 0.0745487 1.46646e-05 17.1945 2 
2.4094 -5.50839e-05 -1 0.967827 0.191458 0.000652601 2244.16 108109 3 58851.8 91.8383 8.62142 2 1 907.694 26.1279 34.7404 4 3 0.0729637 1.45798e-05 17.1048 2 
2.41005 -5.50524e-05 -1 0.967951 0.191449 0.000652601 2244.71 108112 3 40838.3 85.0238 7.83145 2 1 883.715 32.4792 27.2087 4 3 0.0714254 1.44361e-05 17.0399 2 
2.4107 -5.51057e-05 -1 0.968076 0.191454 0.000652601 2245.26 108114 3 42197.8 101.073 7.47398 2 1 911.555 33.5494 27.1705 4 3 0.0698826 1.42488e-05 16.9901 2 
2.41135 -5.51342e-05 -1 0.968201 0.191448 0.000652601 2245.81 108117 3 105210 89.286 10.5623 2 1 1220.43 34.7712 35.0988 4 3 0.0679754 1.39433e-05 16.9562 2 
2.41201 -5.51991e-05 -1 0.968326 0.191446 0.000652601 2246.35 108120 3 44397.3 64.7387 8.81856 2 1 1634.9 53.4813 30.5696 4 3 0.0657533 1.37109e-05 16.8636 2 
2.41266 -5.52328e-05 -1 0.968451 0.191445 0.000652601 2246.9 108123 3 40455.2 120.076 6.95835 2 1 869.857 26.433 32.9079 4 3 0.0634179 1.34218e-05 16.7803 2 
2.41331 -5.52141e-05 -1 0.968576 0.191436 0.000652601 2247.52 108122 3 33608.6 53.4154 8.56895 2 1 831.197 30.5696 27.1903 4 3 0.0611156 1.31238e-05 16.6993 2 
2.41396 -5.51991e-05 -1 0.968701 0.191448 0.000652601 2248.14 108122 3 148697 172.574 9.51573 2 1 865.921 24.3783 35.5202 4 3 0.0594578 1.29522e-05 16.6196 2 
2.41462 -5.53242e-05 -1 0.968826 0.191439 0.000652601 2248.77 108121 3 42075.7 122.696 6.99951 2 1 928.26 37.0115 25.0804 4 3 0.0598167 1.27171e-05 16.755 2 
2.41527 -5.53245e-05 -1 0.968951 0.191435 0.000652601 2249.39 108120 3 67572.4 106.473 8.59364 2 1 1064.17 45.0477 23.6233 4 3 0.0608004 1.22518e-05 17.057 2 
2.41592 -5.54216e-05 -1 0.969076 0.191435 0.000652601 2249.96 108122 3 70655.3 120.797 8.36302 2 1 929.33 24.2528 38.3185 4 3 0.0696061 2.25843e-05 14.5528 2 
2.41658 -5.54214e-05 -1 0.969201 0.191429 0.000652601 2250.55 108123 4 211633 40.1534 8.52051 2 1 1069.65 45.6494 23.4318 4 3 0.0701471 7.27196e-05 9.88066 2 
2.41723 -5.54379e-05 -1 0.969326 0.191434 0.000652601 2251.17 108122 3 42414.6 85.8323 7.90596 2 1 910.581 25.2977 35.9946 4 4 0.0718695 2.2312e-05 7.53358 2 
2.41788 -5.53745e-05 -1 0.969451 0.19143 0.000652601 2251.8 108120 3 40934.3 105.3 7.29827 2 1 904.255 20.7638 43.5496 4 4 0.071663 2.15113e-05 7.59726 2 
2.41853 -5.53773e-05 -1 0.969576 0.191424 0.000652601 2252.34 108124 3 160663 144.208 10.3667 2 1 828.883 24.3017 34.108 4 3 0.0713389 9.54537e-05 9.07495 2 
2.41919 -5.53849e-05 -1 0.969701 0.191426 0.000652601 2252.92 108125 4 203012 56.5915 7.73914 2 1 920.177 25.8575 35.5864 4 3 0.0702111 8.073e-05 9.54531 2 
2.41984 -5.53341e-05 -1 0.969826 0.191417 0.000652601 2253.64 108120 3 47018.2 131.507 7.09751 2 1 877.905 23.8761 36.7692 4 3 0.0727188 7.15978e-05 10.0519 2 
2.42049 -5.53862e-05 -1 0.969951 0.191413 0.000652601 2254.25 108119 3 95216.4 96.3806 9.95957 2 1 902.834 31.1966 28.9401 4 3 0.0735182 6.52677e-05 10.4048 2 
2.42114 -5.53541e-05 -1 0.970076 0.191409 0.000652601 2254.92 108116 4 204784 36.0616 8.68086 2 1 2759.53 66.975 41.2024 4 3 0.0747575 6.33086e-05 10.5697 2 
2.4218 -5.53811e-05 -1 0.970201 0.191412 0.000652601 2255.55 108115 4 168216 62.7186 7.19644 2 1 946.609 29.076 32.5563 4 3 0.0749398 5.56352e-05 11.0439 2 
2.42245 -5.54336e-05 -1 0.970326 0.191411 0.000652601 2256.18 108114 4 214031 52.1891 8.00247 2 1 911.872 31.1724 29.2526 4 3 0.0745727 5.02513e-05 11.4063 2 
2.4231 -5.54354e-05 -1 0.970451 0.191406 0.000652601 2256.88 108110 3 30804.6 89.7162 7.00242 2 1 976.852 21.9766 44.4497 4 3 0.0747255 4.75605e-05 11.6254 2 
2.42375 -5.54382e-05 -1 0.970575 0.191399 0.000652601 2257.51 108109 3 106068 232.197 7.70153 2 1 1110.9 29.7488 37.3428 4 3 0.0736908 4.80646e-05 11.5309 2 
2.42441 -5.53822e-05 -1 0.9707 0.191403 0.000652601 2258.1 108109 3 29239.8 56.1259 8.04644 2 1 1168.78 27.014 43.2658 4 3 0.0725048 4.68172e-05 11.5697 2 
2.42506 -5.53601e-05 -1 0.970825 0.191406 0.000652601 2258.65 108112 3 40581.9 124.532 6.88152 2 1 1654.39 45.3657 36.4679 4 3 0.0709607 4.23835e-05 11.8743 2 
2.42571 -5.54046e-05 -1 0.97095 0.191405 0.000652601 2259.16 108117 3 132543 83.1996 11.6792 2 1 751.817 28.8488 26.0606 4 3 0.0694319 3.6995e-05 12.335 2 
2.42636 -5.54257e-05 -1 0.971074 0.191399 0.000652601 2259.67 108121 3 73994.1 83.9839 9.58665 2 1 796.491 24.8474 32.0553 4 3 0.0678175 3.53764e-05 12.4225 2 
2.42702 -5.55091e-05 -1 0.971199 0.191396 0.000652601 2260.21 108124 4 157752 62.9358 7.07569 2 1 889.16 25.9381 34.2801 4 3 0.0659026 3.5492e-05 12.2911 2 
2.42767 -5.54933e-05 -1 0.971324 0.191397 0.000652601 2260.71 108129 4 166988 89.7415 6.56785 2 1 875.99 23.2653 37.6521 4 3 0.0639573 3.52787e-05 12.1934 2 
2.42832 -5.54399e-05 -1 0.971449 0.191392 0.000652601 2261.2 108135 3 41365.9 71.7511 8.32283 2 1 924.862 16.3901 56.428 4 3 0.0612874 3.56005e-05 11.985 2 
2.42897 -5.53833e-05 -1 0.971574 0.191386 0.000652601 2261.68 108141 3 105806 103.682 10.0678 2 1 1840.93 66.1858 27.8146 4 3 0.0590162 3.49337e-05 11.9099 2 
2.42963 -5.53655e-05 -1 0.971699 0.191389 0.000652601 2262.32 108139 3 42358.8 61.0597 8.85244 2 1 826.104 23.5727 35.0449 4 3 0.0590535 3.07281e-05 12.4328 2 
2.43028 -5.53666e-05 -1 0.971824 0.191385 0.000652601 2262.87 108142 3 41782.6 124.093 6.95691 2 1 1153.98 26.6227 43.3457 4 3 0.0602998 2.75323e-05 12.9865 2 
2.43093 -5.54399e-05 -1 0.971948 0.191386 0.000652601 2263.44 108144 3 43674.9 73.0058 8.42606 2 1 1467.28 34.3588 42.7046 4 3 0.0597632 2.55068e-05 13.2819 2 
2.43158 -5.54645e-05 -1 0.972073 0.191381 0.000652601 2264.15 108139 3 146337 112.44 10.918 2 1 811.916 24.816 32.7175 4 3 0.0612277 2.49729e-05 13.4842 2 
2.43224 -5.54311e-05 -1 0.972198 0.191383 0.000652601 2264.9 108132 3 60698.3 78.699 9.1707 2 1 856.327 33.6134 25.4758 4 3 0.069062 2.63847e-05 13.7815 2 
2.43289 -5.54663e-05 -1 0.972323 0.191377 0.000652601 2265.77 108119 4 214084 45.6843 8.27379 2 1 1070.37 31.3609 34.1307 4 3 0.0714252 2.58147e-05 14.0387 2 
2.43354 -5.54745e-05 -1 0.972448 0.191374 0.000652601 2266.52 108113 3 67132 112.044 8.43037 2 1 946.012 28.3379 33.3833 4 3 0.0715836 2.59244e-05 14.0293 2 
2.4342 -5.54407e-05 -1 0.972573 0.191373 0.000652601 2267.29 108104 3 70885.6 154.32 7.71575 2 1 867.986 25.1483 34.5147 4 3 0.0713777 2.59147e-05 14.0175 2 
2.43485 -5.54123e-05 -1 0.972698 0.19137 0.000652601 2268.03 108099 4 201840 60.9568 7.58571 2 1 859.932 30.5169 28.1788 4 3 0.0706181 2.42061e-05 14.2888 2 
2.4355 -5.54468e-05 -1 0.972823 0.191374 0.000652601 2268.74 108093 3 41791.1 65.1096 8.62607 2 1 1204.64 28.5186 42.2405 4 3 0.0723245 2.15808e-05 14.9649 2 
2.43615 -5.54355e-05 -1 0.972948 0.191373 0.000652601 2269.5 108086 3 156353 127.857 10.6937 2 1 787.044 19.7362 39.8782 4 3 0.0729714 2.01863e-05 15.3473 2 
2.43681 -5.54658e-05 -1 0.973073 0.191375 0.000652601 2270.18 108082 3 117655 107.59 10.3026 2 1 1010.28 24.1029 41.9153 4 3 0.0736862 2.08128e-05 15.2412 2 
2.43746 -5.56318e-05 -1 0.973198 0.191366 0.000652601 2270.88 108078 3 42305.5 125.667 6.95652 2 1 1468.87 39.3313 37.3462 4 3 0.0734162 2.07223e-05 15.2447 2 
2.43811 -5.56578e-05 -1 0.973323 0.191364 0.000652601 2271.52 108076 4 201780 51.4633 7.91307 2 1 2840.23 68.9307 41.2041 4 3 0.0732467 2.05785e-05 15.2683 2 
2.43876 -5.55495e-05 -1 0.973448 0.191358 0.000652601 2272.16 108075 4 213125 70.7889 7.40742 2 1 1008.02 30.5881 32.9545 4 3 0.0724469 2.01543e-05 15.3185 2 
2.43942 -5.54576e-05 -1 0.973572 0.191354 0.000652601 2272.72 108077 3 185621 196.897 9.80533 2 1 1097.95 32.5303 33.7518 4 3 0.0714662 1.96245e-05 15.3851 2 
2.44007 -5.55158e-05 -1 0.973697 0.191359 0.000652601 2273.3 108078 3 62424.1 33.6036 12.2929 2 1 976.299 59.0566 16.5316 4 3 0.0700783 1.85199e-05 15.5829 2 
2.44072 -5.55473e-05 -1 0.973822 0.19136 0.000652601 2273.88 108080 3 41568.9 84.2288 7.90259 2 1 1034.06 26.2047 39.4609 4 3 0.0687501 1.87213e-05 15.4281 2 
2.44137 -5.55216e-05 -1 0.973947 0.191358 0.000652601 2274.45 108081 3 31921.4 63.3428 7.95784 2 1 1220.25 23.9736 50.8997 4 3 0.0671969 1.86795e-05 15.3224 2 
2.44203 -5.55176e-05 -1 0.974072 0.191354 0.000652601 2275.02 108083 3 85611.2 125.747 8.7972 2 1 750.998 24.1627 31.0809 4 3 0.0654888 1.70637e-05 15.6566 2 
2.44268 -5.56281e-05 -1 0.974197 0.191357 0.000652601 2275.58 108085 3 105854 163.905 8.6438 2 1 792.357 25.4844 31.0919 4 3 0.0634805 1.41737e-05 16.4836 2 
2.44333 -5.56269e-05 -1 0.974322 0.191352 0.000652601 2276.16 108087 3 131340 115.753 10.4301 2 1 1613.23 35.029 46.0542 4 3 0.0615095 1.29867e-05 16.7937 2 
2.44398 -5.56616e-05 -1 0.974447 0.191348 0.000652601 2276.71 108089 3 42928.1 92.7409 7.73553 2 1 742.518 33.5344 22.142 4 3 0.0589586 1.26512e-05 16.7034 2 
2.44464 -5.56619e-05 -1 0.974572 0.191354 0.000652601 2277.28 108091 3 73228 88.3518 9.39335 2 1 841.189 34.8258 24.1542 4 3 0.0568672 1.21414e-05 16.7314 2 
2.44529 -5.57094e-05 -1 0.974697 0.191347 0.000652601 2277.85 108093 3 29728.5 76.606 7.29407 2 1 917.968 33.2739 27.5882 4 3 0.0544821 1.33886e-05 15.9651 2 
2.44594 -5.57214e-05 -1 0.974821 0.191341 0.000652601 2278.43 108094 3 59821 85.7212 8.86996 2 1 852.689 29.0743 29.3279 4 3 0.0565147 1.35764e-05 16.0864 2 
2.44659 -5.57499e-05 -1 0.974946 0.191341 0.000652601 2279 108096 3 107255 110.661 9.89633 2 1 1960.38 66.0653 29.6734 4 3 0.0595418 1.26054e-05 16.7786 2 
2.44725 -5.58129e-05 -1 0.975071 0.191339 0.000652601 2279.56 108098 3 29943.4 74.3109 7.38611 2 1 839.602 37.7765 22.2255 4 3 0.0601434 1.26668e-05 16.8076 2 
2.4479 -5.58259e-05 -1 0.975195 0.191341 0.000652601 2280.15 108099 3 41426.6 89.3151 7.74078 2 1 1170.23 22.6869 51.582 4 3 0.0618773 1.29917e-05 16.825 2 
2.44855 -5.58079e-05 -1 0.97532 0.191342 0.000652601 2280.7 108101 3 40107.2 125.194 6.84246 2 1 872.136 24.2132 36.0191 4 3 0.0703902 1.31395e-05 17.4976 2 
2.44921 -5.5798e-05 -1 0.975445 0.191339 0.000652601 2281.32 108101 4 216881 43.8779 8.38482 2 1 821.349 41.677 19.7075 4 3 0.070538 1.31461e-05 17.5069 2 
2.44986 -5.57912e-05 -1 0.97557 0.191338 0.000652601 2281.87 108103 3 40638.4 118.192 7.00566 2 1 963.607 23.1572 41.6116 4 3 0.071479 1.17055e-05 18.278 2 
2.45051 -5.58014e-05 -1 0.975695 0.191336 0.000652601 2282.45 108105 4 200597 65.6297 7.43543 2 1 943.321 20.9756 44.9722 4 3 0.071082 1.18149e-05 18.1877 2 
2.45116 -5.58434e-05 -1 0.975819 0.191346 0.000652601 2283 108107 3 41538.6 116.81 7.08474 2 1 1970.96 34.4695 57.1799 4 3 0.071677 1.28323e-05 17.7429 2 
2.45182 -5.58726e-05 -1 0.975944 0.191338 0.000652601 2283.58 108108 3 67118.9 89.4934 9.08555 2 1 830.449 20.7834 39.9574 4 3 0.0719704 1.39903e-05 17.2627 2 
2.45247 -5.58958e-05 -1 0.976069 0.191332 0.000652601 2284.16 108110 3 54322.6 112.517 7.84491 2 1 893.098 27.3502 32.6541 4 3 0.0721631 1.93491e-05 15.5078 2 
2.45312 -5.58795e-05 -1 0.976194 0.191336 0.000652601 2284.71 108112 3 160032 131.663 10.672 2 1 847.397 25.1745 33.6609 4 3 0.0717367 2.33283e-05 14.5418 2 
2.45377 -5.58077e-05 -1 0.976319 0.191327 0.000652601 2285.27 108115 3 40661.4 113.066 7.11131 2 1 852.823 23.3043 36.5951 4 3 0.0712266 2.59522e-05 14.0009 2 
2.45443 -5.58213e-05 -1 0.976444 0.191329 0.000652601 2285.81 108118 3 118112 114.559 10.1023 2 1 1441.88 25.6757 56.1573 4 3 0.0701297 2.49403e-05 14.1145 2 
2.45508 -5.58788e-05 -1 0.976568 0.19133 0.000652601 2286.41 108118 4 212111 69.2995 7.43804 2 1 772.419 26.4871 29.1621 4 3 0.069045 2.20262e-05 14.6352 2 
2.45573 -5.57941e-05 -1 0.976693 0.191326 0.000652601 2286.99 108119 4 171399 23.3533 9.25583 2 1 2915.66 73.0346 39.9217 4 3 0.0676684 2.11482e-05 14.7357 2 
2.45638 -5.58196e-05 -1 0.976818 0.191331 0.000652601 2287.55 108121 3 94303.3 138.711 8.79303 2 1 1444.26 34.6695 41.6579 4 3 0.066373 1.801e-05 15.4463 2 
2.45704 -5.58647e-05 -1 0.976943 0.191332 0.000652601 2288.09 108124 3 180914 179.82 10.0203 2 1 863.214 32.5073 26.5544 4 3 0.0646864 1.79903e-05 15.32 2 
2.45769 -5.60382e-05 -1 0.977068 0.191326 0.000652601 2288.67 108125 3 51419.8 49.5839 10.1219 2 1 1097.64 38.0652 28.8357 4 3 0.062924 1.85246e-05 15.0322 2 
2.45834 -5.60538e-05 -1 0.977193 0.191319 0.000652601 2289.23 108128 3 62930.4 71.2943 9.59257 2 1 1237.21 46.5501 26.578 4 3 0.0610652 3.77788e-05 11.7359 2 
2.45899 -5.60992e-05 -1 0.977318 0.191322 0.000652601 2289.8 108130 3 41727.4 108.687 7.26798 2 1 722.307 32.6958 22.0917 4 3 0.058904 9.76913e-05 8.44818 2 
2.45965 -5.61053e-05 -1 0.977443 0.191323 0.000652601 2290.34 108133 3 37770.3 72.5372 8.04507 2 1 742.194 28.5775 25.9713 4 3 0.0566633 9.60112e-05 8.38803 2 
2.4603 -5.61128e-05 -1 0.977568 0.191326 0.000652601 2290.97 108132 3 41431.8 110.053 7.22067 2 1 733.289 22.0081 33.3191 4 3 0.0544978 8.49404e-05 8.62491 2 
2.46095 -5.61495e-05 -1 0.977693 0.191318 0.000652601 2291.57 108132 4 131372 28.0729 8.27091 2 1 772.907 23.8048 32.4685 4 3 0.0537855 7.37425e-05 9.00152 2 
2.4616 -5.61655e-05 -1 0.977818 0.191316 0.000652601 2292.23 108129 3 41338.1 74.2015 8.22835 2 1 1600.62 41.6112 38.4662 4 3 0.0553998 6.4981e-05 9.48216 2 
2.46226 -5.62715e-05 -1 0.977942 0.191318 0.000652601 2292.84 108129 3 107056 214.794 7.9286 2 1 914.926 26.9614 33.9346 4 3 0.0570745 5.87065e-05 9.90646 2 
2.46291 -5.62292e-05 -1 0.978067 0.191313 0.000652601 2293.43 108130 3 72881.2 87.8043 9.39795 2 1 909.37 25.9069 35.1015 4 3 0.060165 5.73291e-05 10.1622 2 
2.46356 -5.62003e-05 -1 0.978192 0.191305 0.000652601 2294.1 108127 3 35017.8 67.6357 8.02979 2 1 2214.91 77.8488 28.4514 4 3 0.0605396 5.14581e-05 10.5567 2 
2.46421 -5.621e-05 -1 0.978317 0.191317 0.000652601 2294.75 108125 3 40499.6 110.53 7.15578 2 1 876.632 30.4763 28.7644 4 3 0.0687012 4.49601e-05 11.5181 2 
2.46487 -5.61868e-05 -1 0.978442 0.191316 0.000652601 2295.37 108124 3 104050 125.907 9.38421 2 1 817.705 15.7319 51.9776 4 3 0.0695117 4.27261e-05 11.7613 2 
2.46552 -5.62391e-05 -1 0.978567 0.191314 0.000652601 2296.01 108123 3 40674.6 110.109 7.17518 2 1 1136.32 30.4085 37.3684 4 3 0.071101 4.23803e-05 11.8824 2 
2.46617 -5.62345e-05 -1 0.978692 0.191312 0.000652601 2296.61 108123 4 211724 44.213 8.31869 2 1 870.636 28.7891 30.2418 4 3 0.0710386 4.22009e-05 11.8957 2 
2.46683 -5.62553e-05 -1 0.978817 0.191307 0.000652601 2297.24 108122 4 195491 63.0039 7.46346 2 1 891.611 22.4098 39.7867 4 3 0.0709487 3.99305e-05 12.1119 2 
2.46748 -5.6203e-05 -1 0.978941 0.191309 0.000652601 2297.81 108123 3 41141.4 68.3388 8.44378 2 1 973.559 23.1045 42.1373 4 3 0.0706372 3.35464e-05 12.8173 2 
2.46813 -5.61984e-05 -1 0.979066 0.191307 0.000652601 2298.35 108127 3 44958.5 55.073 9.34597 2 1 935.74 30.5983 30.5815 4 3 0.0703827 3.17146e-05 13.0437 2 
2.46878 -5.61692e-05 -1 0.979191 0.191305 0.000652601 2298.9 108129 3 41045 44.4086 9.74087 2 1 828.515 29.3809 28.1991 4 3 0.0695147 3.11454e-05 13.0686 2 
2.46944 -5.62027e-05 -1 0.979316 0.191297 0.000652601 2299.43 108133 3 63208.4 124.158 7.98484 2 1 792.251 27.5833 28.7221 4 3 0.0687685 3.15139e-05 12.9707 2 
2.47009 -5.62793e-05 -1 0.97944 0.191295 0.000652601 2299.98 108135 3 67288.4 122.91 8.18058 2 1 898.612 33.3363 26.956 4 3 0.0675525 3.13882e-05 12.911 2 
2.47074 -5.61793e-05 -1 0.979565 0.191301 0.000652601 2300.52 108138 3 156633 133.79 10.5395 2 1 813.891 33.2022 24.5132 4 3 0.0665134 3.1439e-05 12.8375 2 
2.47139 -5.61744e-05 -1 0.97969 0.191295 0.000652601 2301.07 108141 3 72845.1 170.312 7.53445 2 1 1214.61 45.8013 26.5191 4 3 0.065214 2.89633e-05 13.1068 2 
2.47205 -5.61572e-05 -1 0.979814 0.191305 0.000652601 2301.66 108142 4 206301 78.7682 7.15381 2 1 781.52 32.3045 24.1923 4 3 0.0636628 2.47151e-05 13.708 2 
2.4727 -5.60708e-05 -1 0.979939 0.191299 0.000652601 2302.21 108144 3 40358 59.5595 8.78333 2 1 863.553 36.5041 23.6563 4 3 0.0620572 2.30132e-05 13.9189 2 
2.47335 -5.60904e-05 -1 0.980064 0.1913 0.000652601 2302.8 108145 3 166713 142.205 10.5443 2 1 3014.5 71.8608 41.9491 4 3 0.0603209 2.15918e-05 14.084 2 
2.474 -5.60939e-05 -1 0.980189 0.1913 0.000652601 2303.4 108145 3 181705 218.548 9.40315 2 1 994.326 52.0136 19.1167 4 3 0.0583462 2.30307e-05 13.6323 2 
2.47466 -5.60947e-05 -1 0.980314 0.191303 0.000652601 2303.95 108148 3 48073.6 91.3685 8.07304 2 1 1249.94 66.4906 18.7988 4 3 0.0564574 2.29284e-05 13.5036 2 
2.47531 -5.61563e-05 -1 0.980438 0.191298 0.000652601 2304.57 108148 3 42048.4 94.0849 7.64557 2 1 1072.35 22.2191 48.2623 4 3 0.0541566 2.26739e-05 13.3672 2 
2.47596 -5.61661e-05 -1 0.980563 0.191302 0.000652601 2305.11 108150 3 41395 48.0247 9.51687 2 1 762.392 17.8198 42.7834 4 3 0.053055 2.28609e-05 13.2397 2 
2.47661 -5.6165e-05 -1 0.980688 0.191297 0.000652601 2305.68 108152 3 63485.6 68.649 9.74272 2 1 772.675 18.5338 41.6901 4 3 0.0546325 2.19589e-05 13.5502 2 
2.47727 -5.62028e-05 -1 0.980813 0.191299 0.000652601 2306.28 108152 3 41244.6 58.9603 8.87706 2 1 724.187 30.3154 23.8884 4 3 0.0562384 1.99407e-05 14.1286 2 
2.47792 -5.62005e-05 -1 0.980938 0.19131 0.000652601 2306.98 108148 3 40701 114.646 7.08079 2 1 716.445 19.7266 36.3188 4 3 0.0579091 1.72838e-05 14.9636 2 
2.47857 -5.62225e-05 -1 0.981063 0.191296 0.000652601 2307.57 108149 3 131593 111.745 10.5601 2 1 747.004 25.4862 29.3101 4 3 0.0594876 1.53008e-05 15.7243 2 
2.47922 -5.62961e-05 -1 0.981187 0.191296 0.000652601 2308.22 108147 3 42130.7 122.504 7.00621 2 1 738.647 27.2469 27.1094 4 3 0.0658092 1.4245e-05 16.6549 2 
2.47988 -5.63162e-05 -1 0.981312 0.191293 0.000652601 2308.83 108146 3 88029.2 115.763 9.12751 2 1 1587.36 35.6464 44.5308 4 3 0.0681007 1.62244e-05 16.131 2 
2.48053 -5.6312e-05 -1 0.981437 0.1913 0.000652601 2309.41 108148 3 39063.6 88.2831 7.62017 2 1 923.364 29.8042 30.981 4 3 0.0684533 1.64239e-05 16.0931 2 
2.48118 -5.62895e-05 -1 0.981562 0.191294 0.000652601 2309.98 108149 3 72856.8 198.987 7.15399 2 1 2230.12 81.1133 27.4939 4 3 0.0708283 1.6151e-05 16.3683 2 
2.48184 -5.63806e-05 -1 0.981687 0.191291 0.000652601 2310.53 108152 3 107883 173.962 8.52771 2 1 846.564 29.2666 28.926 4 3 0.0708837 1.6082e-05 16.3959 2 
2.48249 -5.63714e-05 -1 0.981812 0.191295 0.000652601 2311.27 108146 4 194259 50.7969 7.86386 2 1 851.237 27.5516 30.8961 4 3 0.0713988 1.64639e-05 16.3074 2 
2.48314 -5.64157e-05 -1 0.981937 0.191295 0.000652601 2311.93 108143 4 207249 38.08 8.58912 2 1 846.241 32.5241 26.0189 4 3 0.0712966 1.62871e-05 16.3584 2 
2.48379 -5.64616e-05 -1 0.982062 0.191292 0.000652601 2312.63 108139 3 41000.6 97.6415 7.48833 2 1 871.292 23.9238 36.4194 4 3 0.0715153 1.55705e-05 16.6226 2 
2.48445 -5.64576e-05 -1 0.982187 0.191284 0.000652601 2313.28 108137 3 142070 169.364 9.43107 2 1 809.87 18.835 42.9982 4 3 0.0703394 1.27564e-05 17.6668 2 
2.4851 -5.64761e-05 -1 0.982312 0.191289 0.000652601 2313.87 108138 3 40537.4 86.0649 7.78054 2 1 952.077 45.785 20.7945 4 3 0.0690105 1.36233e-05 17.1742 2 
2.48575 -5.65303e-05 -1 0.982437 0.191297 0.000652601 2314.46 108138 3 32483.4 80.4484 7.39119 2 1 961.642 41.3822 23.2381 4 3 0.0667834 1.47783e-05 16.5329 2 
2.4864 -5.6522e-05 -1 0.982561 0.191291 0.000652601 2315.04 108140 3 38008.6 85.0958 7.64407 2 1 819.14 18.8819 43.3823 4 3 0.0646854 1.59372e-05 15.9514 2 
2.48706 -5.649e-05 -1 0.982686 0.191288 0.000652601 2315.59 108142 3 44870.6 68.1407 8.69998 2 1 851.258 19.0134 44.7715 4 3 0.062463 1.70464e-05 15.4169 2 
2.48771 -5.65244e-05 -1 0.982811 0.191287 0.000652601 2316.15 108144 3 63143.9 175.037 7.1187 2 1 1157.22 26.2989 44.0026 4 3 0.0609811 2.07955e-05 14.3134 2 
2.48836 -5.65594e-05 -1 0.982936 0.191294 0.000652601 2316.73 108145 4 205780 47.445 8.11528 2 1 880.356 24.2821 36.2554 4 3 0.0592645 2.52468e-05 13.2901 2 
2.48901 -5.6523e-05 -1 0.983061 0.191287 0.000652601 2317.3 108147 4 197825 35.6406 8.63145 2 1 751.519 21.7458 34.5593 4 3 0.0575744 2.55819e-05 13.1049 2 
2.48967 -5.64699e-05 -1 0.983186 0.191279 0.000652601 2317.85 108150 3 121016 153.025 9.24755 2 1 1063.55 27.6017 38.5322 4 3 0.0557424 2.35061e-05 13.3353 2 
2.49032 -5.63415e-05 -1 0.98331 0.191281 0.000652601 2318.43 108151 3 169812 213.944 9.25882 2 1 3068.58 75.4012 40.6967 4 3 0.0537836 2.07563e-05 13.7352 2 
2.49097 -5.62649e-05 -1 0.983435 0.191293 0.000652601 2319.04 108151 4 182440 105.078 6.45508 2 1 1264.34 66.6967 18.9565 4 3 0.0524767 2.03862e-05 13.7049 2 
2.49162 -5.62833e-05 -1 0.98356 0.191291 0.000652601 2319.59 108153 4 79044 56.7137 6.11006 2 1 1166.34 38.2225 30.5145 4 3 0.0538669 2.30327e-05 13.2737 2 
2.49228 -5.63263e-05 -1 0.983684 0.191296 0.000652601 2320.14 108156 3 94911.3 199.495 7.8066 2 1 1367.2 20.4147 66.9713 4 3 0.0554689 2.25519e-05 13.4986 2 
2.49293 -5.63775e-05 -1 0.983809 0.191297 0.000652601 2320.68 108159 3 41745.4 115.185 7.12968 2 1 1263.49 53.1155 23.7876 4 3 0.0570924 2.30689e-05 13.5264 2 
2.49358 -5.64006e-05 -1 0.983934 0.191293 0.000652601 2321.22 108162 3 50136.2 146.923 6.98801 2 1 784.985 27.489 28.5563 4 3 0.0585851 2.31765e-05 13.6222 2 
2.49423 -5.63975e-05 -1 0.984059 0.191298 0.000652601 2321.78 108165 3 40447.6 112.681 7.10691 2 1 831.882 33.3227 24.9644 4 3 0.0656545 2.3179e-05 14.1489 2 
2.49489 -5.64499e-05 -1 0.984183 0.191287 0.000652601 2322.33 108167 3 64660 105.907 8.48341 2 1 728.233 49.1895 14.8046 4 3 0.0662593 2.26142e-05 14.3094 2 
2.49554 -5.64005e-05 -1 0.984308 0.191288 0.000652601 2322.84 108172 2 14535.6 99.8195 12.0673 2 1 727.71 22.2139 32.7592 4 3 0.0674994 2.16378e-05 14.6115 2 
2.49619 -5.63637e-05 -1 0.984433 0.191294 0.000652601 2323.39 108174 3 132897 120.487 10.3322 2 1 774.046 25.936 29.8445 4 3 0.0677727 1.43671e-05 16.7711 2 
2.49684 -5.64471e-05 -1 0.984558 0.191291 0.000652601 2324.04 108172 3 40982.3 94.9611 7.55701 2 1 992.038 43.89 22.6028 4 3 0.0695742 1.53772e-05 16.5396 2 
2.4975 -5.64769e-05 -1 0.984682 0.191295 0.000652601 2324.8 108165 3 38469.7 99.4214 7.28696 2 1 1382.72 34.4411 40.1474 4 3 0.0699705 1.59037e-05 16.386 2 
2.49815 -5.6472e-05 -1 0.984807 0.191287 0.000652601 2325.56 108158 4 193232 58.2598 7.58888 2 1 893.327 20.5233 43.5274 4 3 0.0709887 1.62626e-05 16.3431 2 
2.4988 -5.6534e-05 -1 0.984932 0.19129 0.000652601 2326.29 108152 4 88879 31.2041 7.30545 2 1 2366.18 88.4167 26.7617 4 3 0.0712875 1.64641e-05 16.2989 2 
2.49946 -5.65537e-05 -1 0.985057 0.191284 0.000652601 2326.94 108150 4 211197 42.0773 8.41705 2 1 851.897 19.5737 43.5226 4 3 0.0720218 1.64585e-05 16.3565 2 
2.50011 -5.65773e-05 -1 0.985182 0.191295 0.000652601 2327.63 108146 3 108680 105.053 10.1138 2 1 802.926 25.7773 31.1486 4 3 0.0714632 2.62608e-05 13.9613 2 
2.50076 -5.6645e-05 -1 0.985306 0.191287 0.000652601 2328.26 108145 3 47586.4 92.141 8.02312 2 1 1638.87 44.7166 36.6503 4 3 0.0703596 8.66353e-05 9.32988 2 
2.50141 -5.66127e-05 -1 0.985431 0.191288 0.000652601 2328.99 108139 3 85594.8 80.2915 10.2155 2 1 820.515 30.8721 26.5778 4 4 0.0687088 2.1901e-05 7.48406 2 
2.50207 -5.6702e-05 -1 0.985556 0.19129 0.000652601 2329.72 108133 4 142025 31.1731 8.21573 2 1 867.267 34.4473 25.1766 4 4 0.0667493 2.13178e-05 7.48042 2 
2.50272 -5.66829e-05 -1 0.985681 0.191287 0.000652601 2330.33 108133 3 29936.5 67.9552 7.60898 2 1 898.36 24.4037 36.8124 4 3 0.0643146 9.3279e-05 8.83436 2 
2.50337 -5.67081e-05 -1 0.985806 0.191293 0.000652601 2330.91 108134 3 40818.1 96.0852 7.51736 2 1 891.733 30.5485 29.1907 4 3 0.0618723 7.91839e-05 9.21057 2 
2.50402 -5.66952e-05 -1 0.985931 0.191291 0.000652601 2331.51 108135 2 19263.4 92.2941 14.4471 2 1 802.249 29.0655 27.6014 4 3 0.0589398 7.00875e-05 9.43893 2 
2.50468 -5.6719e-05 -1 0.986056 0.191291 0.000652601 2332.16 108133 4 205547 37.3368 8.61378 2 1 941.296 31.4673 29.9134 4 3 0.0559168 6.54576e-05 9.48842 2 
2.50533 -5.67451e-05 -1 0.986181 0.191292 0.000652601 2332.73 108134 3 36700.6 79.7299 7.72118 2 1 1246.39 31.7103 39.3055 4 3 0.0536763 6.24491e-05 9.50792 2 
2.50598 -5.68424e-05 -1 0.986306 0.191293 0.000652601 2333.27 108137 3 197961 204.905 9.88572 2 1 804.334 30.2236 26.6128 4 3 0.0520999 5.43257e-05 9.86152 2 
2.50663 -5.66326e-05 -1 0.986431 0.191289 0.000652601 2333.84 108139 3 68828 79.3808 9.53564 2 1 975.019 54.2162 17.9839 4 3 0.0533804 4.99752e-05 10.2222 2 
2.50729 -5.66618e-05 -1 0.986556 0.191295 0.000652601 2334.44 108139 3 42179.3 113.66 7.18617 2 1 1105.99 63.7204 17.3569 4 3 0.0547177 4.76561e-05 10.4714 2 
2.50794 -5.67753e-05 -1 0.98668 0.191291 0.000652601 2335.02 108141 4 185224 33.0428 8.65277 2 1 959.437 27.6167 34.7412 4 3 0.0562496 4.82812e-05 10.5224 2 
2.50859 -5.67941e-05 -1 0.986805 0.191289 0.000652601 2335.57 108143 3 73691 160.095 7.7211 2 1 3154.16 74.5128 42.3304 4 3 0.057712 4.67932e-05 10.7241 2 
2.50924 -5.6759e-05 -1 0.98693 0.19129 0.000652601 2336.13 108145 3 40443 100.584 7.38083 2 1 1301.36 22.104 58.8743 4 3 0.0638742 4.08616e-05 11.6057 2 
2.5099 -5.67303e-05 -1 0.987055 0.191296 0.000652601 2336.85 108140 3 98099 154.918 8.58726 2 1 964.169 19.7281 48.8728 4 3 0.0655901 3.66689e-05 12.1389 2 
2.51055 -5.66556e-05 -1 0.98718 0.191293 0.000652601 2337.48 108139 3 40220.2 108.421 7.18527 2 1 902.163 32.1152 28.0915 4 3 0.0660029 3.53319e-05 12.3159 2 
2.5112 -5.66758e-05 -1 0.987305 0.19129 0.000652601 2338.13 108137 3 41514.9 70.5494 8.37986 2 1 886.418 45.2585 19.5856 4 3 0.0666235 3.60787e-05 12.2685 2 
2.51185 -5.66354e-05 -1 0.98743 0.191283 0.000652601 2338.93 108128 3 50028.6 163.409 6.73981 2 1 736.328 18.3978 40.0225 4 3 0.0664098 3.50809e-05 12.3705 2 
2.51251 -5.66947e-05 -1 0.987554 0.191284 0.000652601 2339.67 108122 3 41291.3 113.433 7.14014 2 1 975.859 48.0891 20.2927 4 3 0.0661541 3.5113e-05 12.3508 2 
2.51316 -5.67623e-05 -1 0.987679 0.191292 0.000652601 2340.42 108115 3 40975 131.038 6.78747 2 1 1061.13 24.9271 42.5694 4 3 0.0689463 3.50966e-05 12.5242 2 
2.51381 -5.68294e-05 -1 0.987804 0.191291 0.000652601 2341.11 108111 4 192267 54.906 7.69256 2 1 727.698 26.7339 27.2201 4 3 0.0705854 3.00133e-05 13.2984 2 
2.51447 -5.68786e-05 -1 0.987928 0.191293 0.000652601 2341.7 108112 3 128889 111.91 10.4821 2 1 730.298 25.926 28.1685 4 3 0.0710081 2.75259e-05 13.7148 2 
2.51512 -5.69698e-05 -1 0.988053 0.191294 0.000652601 2342.26 108114 3 38003.7 68.4345 8.21959 2 1 855.523 33.2106 25.7605 4 3 0.0721189 2.52497e-05 14.1883 2 
2.51577 -5.69748e-05 -1 0.988178 0.191291 0.000652601 2342.82 108116 3 41761.6 77.5562 8.13555 2 1 1208.13 27.2688 44.3046 4 3 0.0720742 2.60434e-05 14.0398 2 
2.51642 -5.69186e-05 -1 0.988303 0.191292 0.000652601 2343.4 108117 4 208070 49.6894 8.04427 2 1 2472.17 92.1103 26.8393 4 3 0.0716639 2.61927e-05 13.9864 2 
2.51708 -5.69365e-05 -1 0.988427 0.191292 0.000652601 2344.01 108117 3 41083.6 88.2643 7.74987 2 1 890.713 32.2215 27.6434 4 3 0.0704158 2.62075e-05 13.9021 2 
2.51773 -5.69591e-05 -1 0.988552 0.191292 0.000652601 2344.56 108120 3 89262.3 99.4459 9.64629 2 1 842.857 30.3559 27.7659 4 3 0.068805 2.60535e-05 13.8224 2 
2.51838 -5.70829e-05 -1 0.988677 0.191297 0.000652601 2345.15 108120 3 107210 55.3536 12.4651 2 1 1103.07 29.8094 37.0042 4 3 0.0666595 2.60196e-05 13.6832 2 
2.51903 -5.71552e-05 -1 0.988802 0.191289 0.000652601 2345.69 108123 3 89426 92.4376 9.8902 2 1 791.669 27.9281 28.3467 4 3 0.0643026 2.40781e-05 13.874 2 
2.51969 -5.71784e-05 -1 0.988926 0.191298 0.000652601 2346.26 108125 3 142467 187.704 9.12179 2 1 814.058 34.5353 23.5718 4 3 0.0616923 2.05355e-05 14.4292 2 
2.52034 -5.71017e-05 -1 0.989051 0.191291 0.000652601 2346.8 108128 3 59038.6 77.4124 9.1364 2 1 872.647 35.4419 24.6219 4 3 0.0589357 1.86615e-05 14.6716 2 
2.52099 -5.70601e-05 -1 0.989176 0.191295 0.000652601 2347.36 108130 4 205695 51.0845 7.96588 2 1 953.819 32.9438 28.9529 4 3 0.0558307 1.80846e-05 14.5609 2 
2.52164 -5.70379e-05 -1 0.989301 0.191295 0.000652601 2347.92 108133 3 110195 169.195 8.66812 2 1 785.92 28.3285 27.7431 4 3 0.0538815 1.8668e-05 14.238 2 
2.5223 -5.70054e-05 -1 0.989426 0.191299 0.000652601 2348.48 108135 3 39036.2 52.3548 9.06784 2 1 898.061 31.9868 28.076 4 3 0.054376 2.21907e-05 13.4817 2 
2.52295 -5.70256e-05 -1 0.98955 0.191298 0.000652601 2349.04 108137 4 199187 51.8315 7.87348 2 1 2570.09 67.4599 38.098 4 3 0.0553253 2.40881e-05 13.1939 2 
2.5236 -5.69226e-05 -1 0.989675 0.191293 0.000652601 2349.6 108139 3 41978.5 76.4962 8.18708 2 1 1757.26 64.8859 27.0823 4 3 0.0616337 2.43155e-05 13.6347 2 
2.52425 -5.69057e-05 -1 0.9898 0.191293 0.000652601 2350.29 108135 3 40541.6 77.8099 8.04678 2 1 1011.29 31.6987 31.9031 4 3 0.0636897 2.36009e-05 13.9224 2 
2.52491 -5.69362e-05 -1 0.989925 0.191302 0.000652601 2350.88 108136 3 70147.4 178.461 7.32526 2 1 851.484 23.5408 36.1706 4 3 0.0641223 2.14221e-05 14.4117 2 
2.52556 -5.69275e-05 -1 0.99005 0.191301 0.000652601 2351.48 108136 4 182237 49.8557 7.77554 2 1 1011.7 27.2749 37.0926 4 3 0.0649549 2.40132e-05 13.9333 2 
2.52621 -5.69768e-05 -1 0.990175 0.19131 0.000652601 2352.09 108136 3 56271.8 106.467 8.08523 2 1 3231.99 75.5399 42.7851 4 3 0.0648334 2.35826e-05 14.0088 2 
2.52686 -5.70176e-05 -1 0.9903 0.191303 0.000652601 2352.65 108138 3 54165.5 86.5497 8.55367 2 1 855.835 31.3641 27.2871 4 3 0.0648895 2.33039e-05 14.0685 2 
2.52752 -5.70439e-05 -1 0.990425 0.191303 0.000652601 2353.22 108140 3 74935 116.811 8.62448 2 1 1325.55 27.6565 47.9291 4 3 0.0642548 2.34868e-05 13.986 2 
2.52817 -5.70414e-05 -1 0.99055 0.191303 0.000652601 2353.79 108141 3 97294.2 174.612 8.22883 2 1 771.95 21.0871 36.6077 4 3 0.0636631 2.33308e-05 13.974 2 
2.52882 -5.69836e-05 -1 0.990675 0.1913 0.000652601 2354.45 108139 3 41276.4 56.9978 8.9801 2 1 783.351 32.6504 23.9921 4 3 0.0626015 2.1528e-05 14.2734 2 
2.52947 -5.69432e-05 -1 0.9908 0.191303 0.000652601 2355.1 108137 4 191863 46.8628 7.9991 2 1 1184.13 38.107 31.0739 4 3 0.0700698 1.50687e-05 16.6911 2 
2.53013 -5.69728e-05 -1 0.990924 0.191307 0.000652601 2355.76 108134 3 49816.3 143.915 7.02137 2 1 792.283 23.9026 33.1462 4 3 0.069971 1.56079e-05 16.4889 2 
2.53078 -5.7018e-05 -1 0.991049 0.191307 0.000652601 2356.36 108135 3 38638.9 63.4001 8.47835 2 1 707.981 18.2857 38.7177 4 3 0.0718673 1.58995e-05 16.5342 2 
2.53143 -5.70442e-05 -1 0.991174 0.191309 0.000652601 2356.93 108136 3 39468.4 110.525 7.09463 2 1 730.258 15.1118 48.3238 4 3 0.072112 1.60896e-05 16.4875 2 
2.53209 -5.71011e-05 -1 0.991299 0.191303 0.000652601 2357.48 108139 3 130850 118.27 10.3427 2 1 722.997 27.1713 26.6088 4 3 0.0722454 1.61066e-05 16.4918 2 
2.53274 -5.72455e-05 -1 0.991424 0.191309 0.000652601 2358.04 108141 3 51265.2 126.791 7.39455 2 1 826.936 25.0236 33.0462 4 3 0.07139 1.59601e-05 16.4766 2 
2.53339 -5.72393e-05 -1 0.991549 0.19131 0.000652601 2358.62 108142 4 205747 41.577 8.38726 2 1 919.137 51.7411 17.7641 4 3 0.0703204 1.56543e-05 16.4999 2 
2.53404 -5.72671e-05 -1 0.991674 0.191315 0.000652601 2359.17 108145 3 40489.1 89.6727 7.67171 2 1 2573.52 88.7856 28.9858 4 3 0.0685254 1.55541e-05 16.3934 2 
2.5347 -5.72618e-05 -1 0.991798 0.191325 0.000652601 2359.72 108147 3 40555.8 92.4739 7.59763 2 1 790.873 24.4002 32.4126 4 3 0.0665494 1.57825e-05 16.1556 2 
2.53535 -5.73056e-05 -1 0.991923 0.191312 0.000652601 2360.25 108151 3 41799.1 107.788 7.29231 2 1 756.01 27.7205 27.2726 4 3 0.0640792 1.62548e-05 15.7971 2 
2.536 -5.73566e-05 -1 0.992048 0.19131 0.000652601 2360.79 108154 3 74758 112.115 8.73637 2 1 781.964 23.728 32.9554 4 3 0.0616174 1.71578e-05 15.3137 2 
2.53665 -5.7341e-05 -1 0.992173 0.191317 0.000652601 2361.37 108155 3 106203 115.994 9.71032 2 1 783.517 21.5671 36.3292 4 3 0.0586792 2.0373e-05 14.228 2 
2.53731 -5.74104e-05 -1 0.992297 0.19131 0.000652601 2361.93 108157 4 206105 53.0355 7.89552 2 1 744.982 30.3723 24.5284 4 3 0.0557868 2.2593e-05 13.5161 2 
2.53796 -5.73682e-05 -1 0.992422 0.191311 0.000652601 2362.5 108159 3 40587.6 68.169 8.4127 2 1 941.812 20.6155 45.6848 4 3 0.0548511 2.16948e-05 13.6231 2 
2.53861 -5.73485e-05 -1 0.992547 0.19131 0.000652601 2363.05 108161 3 47563.8 89.0953 8.11224 2 1 965.359 29.6506 32.5579 4 3 0.0615505 1.88166e-05 14.8444 2 
2.53926 -5.73457e-05 -1 0.992671 0.19132 0.000652601 2363.6 108164 3 58136.3 106.336 8.1769 2 1 767.676 25.5849 30.005 4 3 0.0619741 1.83112e-05 15.014 2 
2.53992 -5.74257e-05 -1 0.992796 0.191327 0.000652601 2364.18 108165 4 201071 74.6591 7.20388 2 1 737.081 29.1857 25.2549 4 3 0.0631218 1.76504e-05 15.2924 2 
2.54057 -5.73805e-05 -1 0.992921 0.191319 0.000652601 2364.75 108167 3 40718.6 97.7949 7.46722 2 1 866.313 29.3285 29.5383 4 3 0.0632872 1.6835e-05 15.5489 2 
2.54122 -5.73425e-05 -1 0.993046 0.191315 0.000652601 2365.27 108170 3 151863 134.086 10.4237 2 1 1049.45 39.8477 26.3364 4 3 0.0634976 1.66789e-05 15.6146 2 
2.54187 -5.73296e-05 -1 0.993171 0.191314 0.000652601 2365.82 108173 3 111766 229.322 7.86963 2 1 919.745 32.1687 28.5913 4 3 0.0630148 1.71514e-05 15.4305 2 
2.54253 -5.73347e-05 -1 0.993295 0.191316 0.000652601 2366.39 108175 3 40166 97.6627 7.43664 2 1 807.668 34.7506 23.2418 4 3 0.0629021 3.99089e-05 11.6376 2 
2.54318 -5.74093e-05 -1 0.99342 0.191321 0.000652601 2366.97 108176 4 179643 18.9521 9.86707 2 1 978.28 36.4917 26.8083 4 3 0.0614968 9.88078e-05 8.53795 2 
2.54383 -5.74652e-05 -1 0.993545 0.191322 0.000652601 2367.55 108177 3 118274 171.777 8.83029 2 1 3293.77 77.8195 42.3258 4 3 0.0608746 9.59976e-05 8.59129 2 
2.54448 -5.74811e-05 -1 0.99367 0.191312 0.000652601 2368.1 108180 3 43514.8 116.296 7.20595 2 1 770.999 33.1813 23.236 4 3 0.0597646 8.39174e-05 8.93026 2 
2.54514 -5.75309e-05 -1 0.993795 0.191326 0.000652601 2368.7 108180 4 191588 47.3068 7.9774 2 1 1271.21 34.0713 37.3103 4 3 0.0612793 7.31004e-05 9.42898 2 
2.54579 -5.75612e-05 -1 0.99392 0.191324 0.000652601 2369.25 108182 3 53793.3 65.7979 9.35059 2 1 909.507 20.5203 44.3224 4 3 0.0688368 6.46619e-05 10.2107 2 
2.54644 -5.76345e-05 -1 0.994045 0.191329 0.000652601 2369.8 108185 3 96999.5 179.206 8.14966 2 1 789.301 47.6242 16.5735 4 3 0.0712552 5.80704e-05 10.7058 2 
2.5471 -5.75885e-05 -1 0.99417 0.191329 0.000652601 2370.35 108188 3 41532.2 81.3514 7.99233 2 1 815.343 19.5129 41.7848 4 3 0.0718386 5.73963e-05 10.7768 2 
2.54775 -5.75681e-05 -1 0.994294 0.191329 0.000652601 2370.91 108190 3 40788.5 105.573 7.28331 2 1 726.985 23.0224 31.5773 4 3 0.0726741 5.0786e-05 11.2688 2 
2.5484 -5.75645e-05 -1 0.994419 0.191326 0.000652601 2371.44 108193 2 33418.9 151.619 14.8463 2 1 1003.98 14.2801 70.3063 4 3 0.0723353 4.49684e-05 11.7169 2 
2.54905 -5.75547e-05 -1 0.994544 0.191333 0.000652601 2372.06 108193 3 51456.9 64.8351 9.25858 2 1 720.539 17.9796 40.0753 4 3 0.0717388 4.26174e-05 11.8957 2 
2.54971 -5.75763e-05 -1 0.994669 0.191342 0.000652601 2372.59 108196 3 134216 111.599 10.6345 2 1 701.486 19.5223 35.9325 4 3 0.0704673 4.25821e-05 11.8282 2 
2.55036 -5.76383e-05 -1 0.994794 0.191333 0.000652601 2373.18 108197 4 204129 39.0335 8.50388 2 1 771.533 27.5017 28.054 4 3 0.0688822 4.22617e-05 11.7685 2 
2.55101 -5.76678e-05 -1 0.994919 0.191335 0.000652601 2373.77 108198 3 63420.6 123.127 8.01602 2 1 858.041 31.2222 27.4817 4 3 0.0668396 3.93528e-05 11.9312 2 
2.55166 -5.76984e-05 -1 0.995044 0.191333 0.000652601 2374.32 108200 3 51232.1 116.99 7.5939 2 1 855.912 25.5743 33.4677 4 3 0.0645291 3.33992e-05 12.4549 2 
2.55232 -5.77461e-05 -1 0.995169 0.19134 0.000652601 2374.92 108200 3 38547.5 71.3424 8.14484 2 1 2656.23 109.494 24.2591 4 3 0.0619141 3.18015e-05 12.4867 2 
2.55297 -5.7755e-05 -1 0.995294 0.191343 0.000652601 2375.47 108203 3 41245.1 100.192 7.43897 2 1 754.346 27.5374 27.3935 4 3 0.0594872 3.15481e-05 12.3543 2 
2.55362 -5.77625e-05 -1 0.995419 0.19134 0.000652601 2376.01 108206 3 40843.9 108.134 7.2286 2 1 824.716 22.6901 36.3469 4 3 0.0599168 3.15582e-05 12.3826 2 
2.55427 -5.77493e-05 -1 0.995544 0.191342 0.000652601 2376.57 108208 4 201739 55.3778 7.76898 2 1 787.125 29.0655 27.081 4 3 0.0612797 3.16702e-05 12.4611 2 
2.55493 -5.76923e-05 -1 0.995669 0.191326 0.000652601 2377.15 108209 3 145666 191.112 9.1346 2 1 709.076 26.3982 26.8607 4 3 0.0614958 3.14162e-05 12.5092 2 
2.55558 -5.7753e-05 -1 0.995794 0.191343 0.000652601 2377.73 108210 3 89962.3 86.5442 10.13 2 1 867.682 43.6303 19.8871 4 3 0.061838 2.83251e-05 12.9726 2 
2.55623 -5.77936e-05 -1 0.995918 0.191348 0.000652601 2378.29 108212 3 91612.4 118.243 9.18458 2 1 862.467 33.0946 26.0606 4 3 0.0615162 2.44067e-05 13.609 2 
2.55688 -5.78402e-05 -1 0.996043 0.191349 0.000652601 2378.81 108216 2 7516.58 50.7936 12.1648 2 1 831.088 18.2381 45.5688 4 3 0.0611903 2.27221e-05 13.9127 2 
2.55754 -5.78442e-05 -1 0.996168 0.191347 0.000652601 2379.38 108218 4 195776 35.7336 8.60342 2 1 784.268 19.5083 40.2018 4 3 0.0605364 2.38988e-05 13.6316 2 
2.55819 -5.78279e-05 -1 0.996293 0.191349 0.000652601 2379.93 108220 3 39837.7 130.748 6.72904 2 1 911.167 26.4756 34.4153 4 3 0.0597464 2.3484e-05 13.6515 2 
2.55884 -5.78509e-05 -1 0.996417 0.191353 0.000652601 2380.48 108223 3 152784 156.472 9.92079 2 1 829.265 19.6919 42.1121 4 3 0.0586437 2.29365e-05 13.6741 2 
2.55949 -5.78714e-05 -1 0.996542 0.191349 0.000652601 2381.02 108226 3 41903.2 100.393 7.47334 2 1 1040.74 22.5878 46.0755 4 3 0.0579926 2.30345e-05 13.6039 2 
2.56015 -5.78402e-05 -1 0.996667 0.191349 0.000652601 2381.54 108229 3 184737 152.725 10.6549 2 1 845.481 22.122 38.219 4 3 0.0567545 2.47172e-05 13.1927 2 
2.5608 -5.79035e-05 -1 0.996792 0.19135 0.000652601 2382.06 108234 3 163195 224.977 8.9851 2 1 1352.61 41.4254 32.6516 4 3 0.0587336 2.42653e-05 13.4266 2 
2.56145 -5.79347e-05 -1 0.996916 0.191357 0.000652601 2382.66 108234 4 187951 55.8324 7.6171 2 1 3325.69 80.7907 41.1643 4 3 0.0609657 2.27741e-05 13.8851 2 
2.5621 -5.79634e-05 -1 0.997041 0.191369 0.000652601 2383.21 108236 3 116859 187.751 8.53807 2 1 961.136 33.6402 28.5711 4 3 0.070003 2.16704e-05 14.7826 2 
2.56276 -5.79163e-05 -1 0.997166 0.191362 0.000652601 2383.76 108239 3 46192.2 122.254 7.22939 2 1 1172.5 37.3293 31.4097 4 3 0.0715315 1.79273e-05 15.8609 2 
2.56341 -5.7975e-05 -1 0.997291 0.191356 0.000652601 2384.31 108241 3 57276.1 88.6722 8.64428 2 1 863.331 39.1133 22.0726 4 3 0.0723755 1.58166e-05 16.602 2 
2.56406 -5.79647e-05 -1 0.997416 0.191362 0.000652601 2384.96 108239 3 56358 117.272 7.83286 2 1 751.641 29.2091 25.7331 4 3 0.0725937 1.6827e-05 16.2791 2 
2.56472 -5.79702e-05 -1 0.99754 0.191365 0.000652601 2385.56 108239 3 97418.8 139.154 8.87938 2 1 756.701 37.6824 20.081 4 3 0.0724308 1.63443e-05 16.4255 2 
2.56537 -5.79566e-05 -1 0.997665 0.191366 0.000652601 2386.19 108238 3 76689.4 119.211 8.63257 2 1 716.352 29.455 24.3202 4 3 0.071543 1.64149e-05 16.3347 2 
2.56602 -5.79037e-05 -1 0.99779 0.191363 0.000652601 2386.8 108238 3 39995.8 95.9782 7.46931 2 1 804.406 26.3884 30.4833 4 3 0.0704156 1.64468e-05 16.2379 2 
2.56667 -5.789e-05 -1 0.997915 0.191363 0.000652601 2387.35 108241 3 39508.4 84.6058 7.75824 2 1 740.322 18.9289 39.1107 4 3 0.0687091 1.66331e-05 16.0453 2 
2.56733 -5.78718e-05 -1 0.99804 0.191369 0.000652601 2387.98 108239 4 203448 40.7637 8.40514 2 1 692.477 17.5978 39.3503 4 3 0.06685 1.65575e-05 15.9234 2 
2.56798 -5.79003e-05 -1 0.998165 0.19137 0.000652601 2388.55 108241 3 132079 99.547 10.9884 2 1 703.383 16.7325 42.0368 4 3 0.0644803 1.51381e-05 16.2101 2 
2.56863 -5.78982e-05 -1 0.99829 0.191377 0.000652601 2389.1 108244 3 41501.1 94.5588 7.59952 2 1 767.915 19.2084 39.9782 4 3 0.0620057 1.53993e-05 15.909 2 
2.56928 -5.79819e-05 -1 0.998415 0.191373 0.000652601 2389.64 108247 3 32846.5 86.9759 7.2282 2 1 880.39 25.2686 34.8413 4 3 0.0596732 1.5946e-05 15.5254 2 
2.56994 -5.79602e-05 -1 0.99854 0.191367 0.000652601 2390.2 108249 3 62687.1 72.0905 9.5448 2 1 2756.83 99.4063 27.7329 4 3 0.060092 1.66524e-05 15.3384 2 
2.57059 -5.79961e-05 -1 0.998665 0.191375 0.000652601 2390.75 108251 4 203077 34.3941 8.76585 2 1 793.692 19.795 40.0955 4 3 0.0599544 1.75109e-05 15.072 2 
2.57124 -5.79841e-05 -1 0.99879 0.191378 0.000652601 2391.26 108255 2 10176.7 32.2736 17.7574 2 1 764.403 17.2828 44.229 4 3 0.0597556 1.83257e-05 14.8288 2 
2.57189 -5.79951e-05 -1 0.998915 0.191375 0.000652601 2391.81 108258 3 41301 103.734 7.35665 2 1 795.015 23.0085 34.5531 4 3 0.0591492 1.87859e-05 14.6568 2 
2.57255 -5.79902e-05 -1 0.99904 0.191394 0.000652601 2392.36 108261 3 110495 117.467 9.79811 2 1 799.998 16.4036 48.7696 4 3 0.0585213 2.06279e-05 14.1564 2 
2.5732 -5.79712e-05 -1 0.999165 0.19138 0.000652601 2392.89 108264 3 141853 110.667 10.8628 2 1 777.476 17.7561 43.7865 4 3 0.0575168 2.3136e-05 13.5468 2 
2.57385 -5.80135e-05 -1 0.99929 0.191372 0.000652601 2393.44 108266 3 47745.3 96.1766 7.91809 2 1 826.484 42.7811 19.3189 4 3 0.0568117 2.19527e-05 13.7293 2 
2.5745 -5.80347e-05 -1 0.999415 0.191387 0.000652601 2394 108268 4 199627 47.8577 8.0365 2 1 913.534 28.8457 31.6697 4 3 0.0558102 1.87546e-05 14.3836 2 
2.57516 -5.79894e-05 -1 0.99954 0.191384 0.000652601 2394.56 108271 3 41147.4 139.829 6.65142 2 1 794.724 26.6105 29.865 4 3 0.054799 1.53505e-05 15.2833 2 
2.57581 -5.80489e-05 -1 0.999665 0.191386 0.000652601 2395.12 108273 4 93307 45.8446 6.71671 2 1 918.549 47.3641 19.3934 4 3 0.0538096 1.61723e-05 14.9289 2 
2.57646 -5.80588e-05 -1 0.999789 0.191392 0.000652601 2395.66 108276 3 154367 131.889 10.5386 2 1 1160.02 28.6283 40.52 4 3 0.0559475 1.69982e-05 14.8751 2 
2.57711 -5.81013e-05 -1 0.999914 0.191389 0.000652601 2396.22 108278 4 188379 55.0505 7.64835 2 1 880.458 38.4463 22.9009 4 3 0.0581434 1.74385e-05 14.9393 2 
2.57777 -5.81526e-05 -1 1.00004 0.191392 0.000652601 2396.76 108281 3 183738 228.338 9.30122 2 1 885.301 35.9911 24.5977 4 3 0.0601995 1.77432e-05 15.0264 2 
2.57842 -5.82873e-05 -1 1.00016 0.191401 0.000652601 2397.33 108282 3 163685 204.512 9.28459 2 1 1386.09 49.695 27.892 4 3 0.0686147 1.30604e-05 17.3842 2 
2.57907 -5.81853e-05 -1 1.00029 0.191399 0.000652601 2397.87 108285 3 40205.2 117.664 6.99112 2 1 935.583 92.8132 10.0803 4 3 0.0715345 1.25549e-05 17.8608 2 
2.57973 -5.82012e-05 -1 1.00041 0.19139 0.000652601 2398.45 108286 3 121408 117.985 10.0958 2 1 3375.66 81.823 41.2557 4 3 0.0727356 1.27583e-05 17.8642 2 
2.58038 -5.82021e-05 -1 1.00054 0.191403 0.000652601 2399.02 108288 3 41365.6 91.2428 7.6821 2 1 815.419 28.3918 28.7203 4 3 0.0730603 1.28548e-05 17.8459 2 
2.58103 -5.82054e-05 -1 1.00066 0.191407 0.000652601 2399.57 108290 3 69075.8 97.6914 8.90888 2 1 931.282 32.4216 28.7241 4 3 0.0725662 1.22854e-05 18.0765 2 
2.58168 -5.82199e-05 -1 1.00079 0.1914 0.000652601 2400.12 108293 3 44461 126.287 7.06112 2 1 803.305 27.5812 29.1251 4 3 0.0720522 1.17093e-05 18.3248 2 
2.58234 -5.82003e-05 -1 1.00091 0.19142 0.000652601 2400.66 108296 3 58627.1 130.472 7.65939 2 1 773.541 23.735 32.5907 4 3 0.0706212 1.14953e-05 18.3149 2 
2.58299 -5.82022e-05 -1 1.00104 0.191405 0.000652601 2401.25 108296 4 115841 38.3621 7.41293 2 1 746.774 26.8461 27.8169 4 3 0.0691698 1.21319e-05 17.8647 2 
2.58364 -5.81736e-05 -1 1.00116 0.191404 0.000652601 2401.8 108299 3 41225.1 76.0352 8.15422 2 1 709.119 22.3563 31.719 4 3 0.06724 1.44097e-05 16.7106 2 
2.58429 -5.81789e-05 -1 1.00129 0.191409 0.000652601 2402.36 108301 4 203499 52.9915 7.87207 2 1 790.97 23.9654 33.0046 4 3 0.0651196 2.61431e-05 13.5556 2 
2.58495 -5.8181e-05 -1 1.00141 0.191401 0.000652601 2402.9 108304 3 41411.2 88.9541 7.75028 2 1 760.179 27.3266 27.8183 4 3 0.0626885 8.52321e-05 9.02668 2 
2.5856 -5.8163e-05 -1 1.00154 0.191415 0.000652601 2403.48 108305 3 39418.5 90.6029 7.57739 2 1 703.781 24.896 28.2689 4 4 0.0600801 2.22619e-05 7.20763 2 
2.58625 -5.81772e-05 -1 1.00166 0.191416 0.000652601 2404.16 108302 3 130953 110.036 10.5973 2 1 699.578 17.2579 40.5366 4 4 0.0574071 2.12362e-05 7.21061 2 
2.5869 -5.82745e-05 -1 1.00179 0.19142 0.000652601 2404.7 108305 3 39749.6 37.6599 10.1816 2 1 836.608 32.5182 25.7274 4 3 0.0568522 9.26742e-05 8.49695 2 
2.58756 -5.83064e-05 -1 1.00191 0.191422 0.000652601 2405.28 108306 4 199673 55.3465 7.7501 2 1 847.952 32.0295 26.4741 4 3 0.0560073 7.93906e-05 8.90209 2 
2.58821 -5.82614e-05 -1 1.00204 0.191424 0.000652601 2405.82 108309 3 65211.6 91.2056 8.942 2 1 2826.14 117.276 24.0982 4 3 0.0552995 6.97486e-05 9.2554 2 
2.58886 -5.83152e-05 -1 1.00216 0.191425 0.000652601 2406.36 108311 3 40641.5 88.9868 7.70101 2 1 813.793 25.7211 31.6391 4 3 0.0544258 6.57089e-05 9.39133 2 
2.58951 -5.83982e-05 -1 1.00229 0.191422 0.000652601 2406.9 108315 3 51944.4 97.3022 8.1122 2 1 778.768 27.7756 28.0378 4 3 0.0535061 6.24224e-05 9.49922 2 
2.59017 -5.84685e-05 -1 1.00241 0.191423 0.000652601 2407.4 108319 2 24906.1 152.222 12.7913 2 1 1077.1 24.858 43.3301 4 3 0.0524192 5.40949e-05 9.89566 2 
2.59082 -5.85273e-05 -1 1.00254 0.191427 0.000652601 2407.96 108321 3 145506 169.836 9.49766 2 1 727.734 29.6243 24.5654 4 3 0.051354 5.01147e-05 10.0818 2 
2.59147 -5.85234e-05 -1 1.00266 0.191427 0.000652601 2408.5 108324 3 106338 88.4389 10.6336 2 1 845.507 41.3119 20.4664 4 3 0.0508213 4.78934e-05 10.1998 2 
2.59212 -5.84983e-05 -1 1.00279 0.191435 0.000652601 2409.07 108326 4 196105 38.4808 8.44911 2 1 841.131 39.4636 21.3141 4 3 0.0527469 4.85196e-05 10.2824 2 
2.59278 -5.84994e-05 -1 1.00291 0.191438 0.000652601 2409.62 108328 3 88663.8 122.474 8.97913 2 1 819.076 19.5794 41.8336 4 3 0.0550108 4.66937e-05 10.5616 2 
2.59343 -5.84481e-05 -1 1.00304 0.191437 0.000652601 2410.19 108330 4 185411 44.5464 8.03213 2 1 779.488 24.0616 32.3955 4 3 0.0569684 4.06048e-05 11.1949 2 
2.59408 -5.8456e-05 -1 1.00316 0.191447 0.000652601 2410.73 108333 3 156789 126.626 10.7382 2 1 874.365 28.4887 30.6917 4 3 0.0597046 3.68798e-05 11.7419 2 
2.59474 -5.84452e-05 -1 1.00329 0.191442 0.000652601 2411.29 108335 3 40329.1 112.895 7.09548 2 1 898.915 28.0017 32.1021 4 3 0.068929 3.53446e-05 12.4938 2 
2.59539 -5.84803e-05 -1 1.00341 0.19144 0.000652601 2411.84 108337 3 183526 166.627 10.3272 2 1 861.163 27.5364 31.2736 4 3 0.0705095 3.60625e-05 12.5044 2 
2.59604 -5.86055e-05 -1 1.00354 0.191447 0.000652601 2412.41 108339 4 164689 29.6261 8.6347 2 1 1204.16 33.4492 35.9998 4 3 0.0727493 3.56636e-05 12.6824 2 
2.59669 -5.86641e-05 -1 1.00366 0.191451 0.000652601 2412.96 108341 3 40975.1 129.744 6.80996 2 1 1170.39 25.1028 46.624 4 3 0.0730588 3.61523e-05 12.6429 2 
2.59735 -5.87239e-05 -1 1.00379 0.191446 0.000652601 2413.49 108345 3 40670.7 100.334 7.40079 2 1 3407.6 79.9761 42.6078 4 3 0.0729671 3.42955e-05 12.8616 2 
2.598 -5.87049e-05 -1 1.00391 0.191456 0.000652601 2414.06 108346 3 121181 108.972 10.3603 2 1 1189.51 24.2602 49.0312 4 3 0.0720647 2.95482e-05 13.4606 2 
2.59865 -5.87246e-05 -1 1.00404 0.191456 0.000652601 2414.78 108341 3 41455 102.538 7.3943 2 1 604.715 23.8608 25.3435 4 3 0.0710289 2.69328e-05 13.8161 2 
2.5993 -5.87093e-05 -1 1.00416 0.191456 0.000652601 2415.37 108342 3 38065 82.8944 7.71496 2 1 857.618 24.3233 35.2591 4 3 0.0693909 2.59696e-05 13.8765 2 
2.59996 -5.87116e-05 -1 1.00429 0.191441 0.000652601 2415.99 108341 3 68531.9 188.146 7.14167 2 1 754.411 16.8277 44.8316 4 3 0.0677088 2.63792e-05 13.6918 2 
2.60061 -5.86911e-05 -1 1.00441 0.191457 0.000652601 2416.57 108342 3 37491.3 97.2632 7.27769 2 1 769.979 20.3163 37.8995 4 3 0.0655628 2.65115e-05 13.523 2 
2.60126 -5.86625e-05 -1 1.00454 0.191461 0.000652601 2417.17 108342 3 99960.7 108.137 9.74134 2 1 708.751 18.0749 39.2118 4 3 0.0632911 2.62638e-05 13.4069 2 
2.60191 -5.86527e-05 -1 1.00466 0.191464 0.000652601 2417.75 108343 4 197866 40.0737 8.38258 2 1 691.495 21.2347 32.5644 4 3 0.060725 2.66325e-05 13.1619 2 
2.60257 -5.86513e-05 -1 1.00479 0.191465 0.000652601 2418.32 108345 3 54069.5 71.0808 9.12851 2 1 757.764 31.7788 23.8449 4 3 0.0580568 2.57803e-05 13.1076 2 
2.60322 -5.86284e-05 -1 1.00491 0.191468 0.000652601 2418.87 108347 3 116161 200.667 8.33416 2 1 749.633 17.7315 42.2769 4 3 0.0551194 2.3858e-05 13.2198 2 
2.60387 -5.86214e-05 -1 1.00503 0.191473 0.000652601 2419.42 108350 3 40248.8 87.7931 7.71076 2 1 704.075 21.3006 33.0542 4 3 0.0523994 2.02565e-05 13.7274 2 
2.60452 -5.85807e-05 -1 1.00516 0.19147 0.000652601 2420.07 108348 4 197200 39.7883 8.39051 2 1 711.282 22.0154 32.3084 4 3 0.0509166 1.83539e-05 14.0511 2 
2.60518 -5.86215e-05 -1 1.00528 0.191477 0.000652601 2420.62 108350 3 40992.3 88.2148 7.74557 2 1 894.717 21.8633 40.9232 4 3 0.0499551 1.71886e-05 14.2707 2 
2.60583 -5.86185e-05 -1 1.00541 0.191477 0.000652601 2421.16 108353 3 41006.2 109.635 7.20499 2 1 2878.23 102.19 28.1655 4 3 0.0488695 1.87815e-05 13.7542 2 
2.60648 -5.86384e-05 -1 1.00553 0.191477 0.000652601 2421.7 108356 3 43804.5 93.0475 7.77926 2 1 921.14 27.0798 34.0157 4 3 0.0478521 1.92271e-05 13.5518 2 
2.60713 -5.86737e-05 -1 1.00566 0.191473 0.000652601 2422.24 108359 3 65158.3 80.1137 9.33443 2 1 745.768 28.1923 26.4529 4 3 0.0517757 1.89636e-05 13.9766 2 
2.60779 -5.87111e-05 -1 1.00578 0.191483 0.000652601 2422.85 108359 3 39498.5 80.1586 7.89848 2 1 798.581 19.5121 40.9276 4 3 0.0511773 1.89769e-05 13.9193 2 
2.60844 -5.86943e-05 -1 1.00591 0.191481 0.000652601 2423.4 108361 3 52521.6 81.5417 8.63614 2 1 735.882 19.0641 38.6004 4 3 0.0517006 1.9269e-05 13.8957 2 
2.60909 -5.86612e-05 -1 1.00603 0.191491 0.000652601 2424.05 108359 4 185419 55.6387 7.59791 2 1 699.662 17.0695 40.9891 4 3 0.0537274 2.23422e-05 13.3975 2 
2.60974 -5.86235e-05 -1 1.00616 0.191491 0.000652601 2424.69 108358 4 193935 77.1732 7.08023 2 1 717.887 18.2883 39.2539 4 3 0.0560162 2.24057e-05 13.5722 2 
2.6104 -5.84862e-05 -1 1.00628 0.191494 0.000652601 2425.32 108357 3 75696.2 84.7378 9.63087 2 1 915.477 19.81 46.2128 4 3 0.058914 2.01142e-05 14.3078 2 
2.61105 -5.84565e-05 -1 1.00641 0.191484 0.000652601 2425.88 108359 3 90894.2 89.4275 10.0544 2 1 941.78 47.4354 19.8539 4 3 0.0667399 1.68183e-05 15.8319 2 
2.6117 -5.84446e-05 -1 1.00653 0.191492 0.000652601 2426.43 108361 3 41204.6 44.719 9.73086 2 1 786.735 29.9412 26.276 4 3 0.0702454 1.70428e-05 16.0334 2 
2.61236 -5.84602e-05 -1 1.00666 0.191506 0.000652601 2426.97 108364 3 153415 115.786 10.9834 2 1 1238.07 28.7425 43.0745 4 3 0.0715863 1.74346e-05 16.013 2 
2.61301 -5.85237e-05 -1 1.00678 0.1915 0.000652601 2427.56 108365 4 184515 29.2608 8.9112 2 1 880.13 26.025 33.8187 4 3 0.0731861 1.76638e-05 16.0613 2 
2.61366 -5.85715e-05 -1 1.00691 0.191498 0.000652601 2428.12 108366 3 165603 171.061 9.89249 2 1 1152.23 27.888 41.3161 4 3 0.0728884 1.40639e-05 17.3055 2 
2.61431 -5.85042e-05 -1 1.00703 0.191507 0.000652601 2428.7 108368 4 94669.1 31.0856 7.42869 2 1 908.696 50.3005 18.0653 4 3 0.0724885 1.35334e-05 17.4966 2 
2.61497 -5.84958e-05 -1 1.00716 0.191518 0.000652601 2429.24 108370 3 47782 96.8214 7.9025 2 1 1740.78 55.2386 31.5138 4 3 0.071358 1.31801e-05 17.5593 2 
2.61562 -5.85259e-05 -1 1.00728 0.19151 0.000652601 2429.82 108371 3 39871.5 87.2091 7.70372 2 1 3520.89 82.5377 42.658 4 3 0.0699403 1.33958e-05 17.3481 2 
2.61627 -5.85197e-05 -1 1.00741 0.191502 0.000652601 2430.41 108372 3 121637 154.036 9.24302 2 1 647.619 21.2162 30.5247 4 3 0.0681422 1.37919e-05 17.0319 2 
2.61692 -5.86282e-05 -1 1.00753 0.191517 0.000652601 2431 108373 3 39543.2 119.765 6.91163 2 1 793.708 27.7057 28.6479 4 3 0.0663019 1.36336e-05 16.9423 2 
2.61758 -5.86788e-05 -1 1.00766 0.191517 0.000652601 2431.55 108375 3 40479 110.278 7.16 2 1 935.844 44.8998 20.843 4 3 0.0639327 1.24975e-05 17.2306 2 
2.61823 -5.87044e-05 -1 1.00778 0.19152 0.000652601 2432.32 108368 3 40157.7 48.9533 9.36114 2 1 784.404 20.247 38.7418 4 3 0.0616636 1.20733e-05 17.2213 2 
2.61888 -5.87139e-05 -1 1.00791 0.191517 0.000652601 2432.9 108369 4 199634 36.078 8.62478 2 1 770.789 14.5761 52.8803 4 3 0.0590532 1.24044e-05 16.8225 2 
2.61953 -5.87437e-05 -1 1.00803 0.191531 0.000652601 2433.47 108371 3 58711.1 145.111 7.39617 2 1 717.176 12.2971 58.3209 4 3 0.0564198 1.29287e-05 16.3415 2 
2.62019 -5.8676e-05 -1 1.00816 0.191528 0.000652601 2434.08 108370 3 97493.4 109.943 9.60733 2 1 703.826 19.4014 36.277 4 3 0.0535442 1.43013e-05 15.5279 2 
2.62084 -5.86396e-05 -1 1.00828 0.191526 0.000652601 2434.64 108373 3 79974.7 110.243 8.98533 2 1 724.266 18.5299 39.0864 4 3 0.0508059 1.65695e-05 14.5279 2 
2.62149 -5.86564e-05 -1 1.00841 0.191531 0.000652601 2435.22 108374 4 195279 56.9411 7.65257 2 1 925.612 25.0439 36.9595 4 3 0.0481391 1.75759e-05 13.9914 2 
2.62214 -5.8619e-05 -1 1.00853 0.191533 0.000652601 2435.82 108374 3 40333.5 49.0534 9.3684 2 1 691.609 21.207 32.6123 4 3 0.047273 1.80424e-05 13.786 2 
2.6228 -5.86277e-05 -1 1.00866 0.19154 0.000652601 2436.38 108376 3 130441 186.729 8.87295 2 1 698.97 21.8383 32.0067 4 3 0.0466822 1.83468e-05 13.652 2 
2.62345 -5.86347e-05 -1 1.00878 0.191549 0.000652601 2436.93 108378 3 52625.9 91.8084 8.3069 2 1 882.962 26.3748 33.4774 4 3 0.0463889 1.93398e-05 13.3861 2 
2.6241 -5.86636e-05 -1 1.00891 0.19154 0.000652601 2437.73 108370 4 117792 29.3041 7.96245 2 1 2917.31 135.606 21.5131 4 3 0.0484461 2.0266e-05 13.371 2 
2.62475 -5.86689e-05 -1 1.00903 0.191543 0.000652601 2438.38 108367 3 36598.9 97.5853 7.21154 2 1 750.804 26.4027 28.4366 4 3 0.0523606 2.09432e-05 13.5723 2 
2.62541 -5.8668e-05 -1 1.00916 0.191543 0.000652601 2439.06 108364 4 182914 53.2104 7.65707 2 1 981.493 28.5158 34.4193 4 3 0.0523308 2.06743e-05 13.6283 2 
2.62606 -5.86887e-05 -1 1.00928 0.191555 0.000652601 2439.64 108365 3 65344.9 91.3465 8.94348 2 1 800.264 29.4633 27.1613 4 3 0.0546963 2.07129e-05 13.822 2 
2.62671 -5.86995e-05 -1 1.00941 0.191548 0.000652601 2440.24 108365 4 201120 37.7779 8.5419 2 1 732.265 26.9456 27.1757 4 3 0.0574876 3.91586e-05 11.3653 2 
2.62737 -5.86939e-05 -1 1.00953 0.191553 0.000652601 2440.8 108367 3 142307 164.829 9.52205 2 1 696.784 34.4046 20.2526 4 3 0.059981 9.83302e-05 8.48091 2 
2.62802 -5.87418e-05 -1 1.00966 0.191547 0.000652601 2441.37 108369 3 109094 78.2845 11.1697 2 1 830.266 43.8198 18.9473 4 3 0.067794 9.57261e-05 8.91361 2 
2.62867 -5.87548e-05 -1 1.00978 0.191569 0.000652601 2441.9 108372 3 41376.2 108.691 7.24745 2 1 831.097 36.1087 23.0165 4 3 0.0708712 8.40327e-05 9.44802 2 
2.62932 -5.88684e-05 -1 1.00991 0.191552 0.000652601 2442.43 108376 3 75197 113.664 8.71349 2 1 844.583 33.197 25.4416 4 3 0.0720123 7.39445e-05 9.91213 2 
2.62998 -5.89401e-05 -1 1.01003 0.191555 0.000652601 2442.97 108378 3 89528.7 96.2464 9.76171 2 1 800.642 30.1471 26.5579 4 3 0.0731165 6.38536e-05 10.4619 2 
2.63063 -5.89821e-05 -1 1.01016 0.191569 0.000652601 2443.57 108379 3 186542 229.848 9.32779 2 1 1200.87 32.3272 37.1475 4 3 0.0727286 5.82547e-05 10.7677 2 
2.63128 -5.90419e-05 -1 1.01028 0.191566 0.000652601 2444.21 108377 3 41468.5 109.53 7.23428 2 1 1249.95 36.2605 34.4715 4 3 0.0721449 5.73458e-05 10.7953 2 
2.63193 -5.9037e-05 -1 1.01041 0.191566 0.000652601 2444.86 108375 3 163462 217.439 9.09271 2 1 1038.9 40.175 25.8593 4 3 0.0706025 5.09183e-05 11.151 2 
2.63259 -5.91028e-05 -1 1.01053 0.191575 0.000652601 2445.49 108374 3 36395.6 66.3368 8.1865 2 1 844.083 34.8676 24.2082 4 3 0.0692693 4.49705e-05 11.5488 2 
2.63324 -5.91104e-05 -1 1.01066 0.191583 0.000652601 2446.14 108372 3 61204.9 86.1459 8.92313 2 1 998.276 30.7528 32.4613 4 3 0.0671844 4.26514e-05 11.6353 2 
2.63389 -5.90811e-05 -1 1.01078 0.191577 0.000652601 2446.76 108371 3 95607.6 113.707 9.43849 2 1 3573.32 83.4035 42.8437 4 3 0.0652542 4.28606e-05 11.504 2 
2.63454 -5.90824e-05 -1 1.01091 0.19158 0.000652601 2447.33 108373 3 40687 116.124 7.04982 2 1 628.439 28.6428 21.9406 4 3 0.0628722 4.23807e-05 11.405 2 
2.6352 -5.90969e-05 -1 1.01103 0.191585 0.000652601 2448.09 108366 3 117819 145.857 9.31315 2 1 637.94 25.2507 25.2643 4 3 0.060592 3.90478e-05 11.5773 2 
2.63585 -5.90087e-05 -1 1.01116 0.191587 0.000652601 2448.68 108367 3 34761.3 182.737 5.75118 2 1 881.806 46.2342 19.0726 4 3 0.0579211 3.33686e-05 12.018 2 
2.6365 -5.90426e-05 -1 1.01128 0.191589 0.000652601 2449.3 108366 4 196194 37.8685 8.48403 2 1 901.754 53.4911 16.858 4 3 0.0554149 3.19633e-05 12.0132 2 
2.63715 -5.90564e-05 -1 1.01141 0.191589 0.000652601 2449.9 108366 3 71732.7 124.634 8.31815 2 1 718.175 19.9143 36.0634 4 3 0.052577 3.20172e-05 11.7979 2 
2.63781 -5.91359e-05 -1 1.01153 0.191595 0.000652601 2450.47 108368 3 68432.3 189.017 7.12721 2 1 729.896 31.5868 23.1077 4 3 0.0498442 3.18449e-05 11.6107 2 
2.63846 -5.9201e-05 -1 1.01166 0.191593 0.000652601 2451.07 108368 4 193997 37.1358 8.5016 2 1 699.218 23.1383 30.2191 4 3 0.0482339 3.17952e-05 11.4903 2 
2.63911 -5.92073e-05 -1 1.01178 0.191603 0.000652601 2451.62 108371 3 83004.9 70.3843 10.5652 2 1 738.099 15.6209 47.2508 4 3 0.0491626 3.16942e-05 11.5758 2 
2.63976 -5.92344e-05 -1 1.01191 0.191597 0.000652601 2452.18 108372 3 46184.9 97.7221 7.78937 2 1 734.527 17.6573 41.5991 4 3 0.0493722 2.79783e-05 12.0843 2 
2.64042 -5.92654e-05 -1 1.01203 0.1916 0.000652601 2452.73 108375 3 55769.2 115.184 7.85237 2 1 715.214 24.9707 28.6422 4 3 0.0500687 2.40462e-05 12.7695 2 
2.64107 -5.92843e-05 -1 1.01216 0.191603 0.000652601 2453.31 108376 4 183257 48.0789 7.85736 2 1 732.736 25.9792 28.2047 4 3 0.0500998 2.27711e-05 13.0062 2 
2.64172 -5.93238e-05 -1 1.01228 0.191598 0.000652601 2453.87 108378 3 79953.1 119.7 8.74138 2 1 851.021 19.4816 43.6833 4 3 0.0507741 2.26347e-05 13.0905 2 
2.64237 -5.93222e-05 -1 1.01241 0.19161 0.000652601 2454.42 108380 3 53636.5 158.448 6.96934 2 1 2975.74 109.962 27.0614 4 3 0.0533354 2.34626e-05 13.1486 2 
2.64303 -5.92964e-05 -1 1.01253 0.191611 0.000652601 2454.97 108382 3 39818.8 92.7805 7.543 2 1 746.893 16.8213 44.4016 4 3 0.0557191 2.33399e-05 13.365 2 
2.64368 -5.93047e-05 -1 1.01266 0.19162 0.000652601 2455.52 108385 3 40067.6 47.9832 9.41676 2 1 1102.15 32.1448 34.287 4 3 0.0582371 2.31932e-05 13.5919 2 
2.64433 -5.93595e-05 -1 1.01278 0.191615 0.000652601 2456.08 108387 3 117544 202.572 8.34078 2 1 1045.61 26.8742 38.9076 4 3 0.0606289 2.32785e-05 13.7586 2 
2.64499 -5.93737e-05 -1 1.01291 0.191623 0.000652601 2456.67 108387 4 193091 41.241 8.27196 2 1 767.876 20.3573 37.7199 4 3 0.0683879 2.19491e-05 14.6056 2 
2.64564 -5.93024e-05 -1 1.01303 0.191622 0.000652601 2457.25 108389 3 141936 133.44 10.2079 2 1 803.349 21.382 37.5713 4 3 0.0706638 2.26121e-05 14.6202 2 
2.64629 -5.91721e-05 -1 1.01316 0.191631 0.000652601 2457.83 108390 3 111388 114.841 9.89877 2 1 827.955 37.2993 22.1976 4 3 0.0718759 2.23707e-05 14.756 2 
2.64694 -5.91909e-05 -1 1.01328 0.191625 0.000652601 2458.41 108391 3 52304.4 110.911 7.78374 2 1 891.025 47.7857 18.6463 4 3 0.0727788 1.99658e-05 15.39 2 
2.6476 -5.9192e-05 -1 1.01341 0.191632 0.000652601 2458.98 108392 3 40225.4 112.35 7.10082 2 1 714.229 32.9816 21.6554 4 3 0.0722998 1.67819e-05 16.2717 2 
2.64825 -5.92039e-05 -1 1.01353 0.191631 0.000652601 2459.57 108393 3 156203 128.006 10.6861 2 1 794.973 33.4231 23.7852 4 3 0.0717626 1.70843e-05 16.1349 2 
2.6489 -5.92169e-05 -1 1.01366 0.191631 0.000652601 2460.13 108395 3 182538 232.183 9.22941 2 1 1343.07 58.5531 22.9376 4 3 0.0704135 1.69058e-05 16.0894 2 
2.64955 -5.93361e-05 -1 1.01378 0.191638 0.000652601 2460.67 108398 3 166174 185.194 9.6452 2 1 781.135 45.455 17.1848 4 3 0.0685177 1.65757e-05 16.0488 2 
2.65021 -5.92176e-05 -1 1.01391 0.191647 0.000652601 2461.26 108399 3 41282.2 84.9594 7.86171 2 1 1117.14 87.3952 12.7826 4 3 0.0664238 1.67373e-05 15.8324 2 
2.65086 -5.91861e-05 -1 1.01403 0.191645 0.000652601 2461.83 108400 3 40557.1 33.6769 10.6393 2 1 1419.41 55.7924 25.4409 4 3 0.0646508 1.68858e-05 15.6441 2 
2.65151 -5.91723e-05 -1 1.01416 0.191647 0.000652601 2462.4 108401 3 39559 88.4491 7.64746 2 1 1075.03 28.733 37.4143 4 3 0.0620624 1.66506e-05 15.5048 2 
2.65216 -5.91704e-05 -1 1.01428 0.191644 0.000652601 2462.99 108402 3 40998 98.9043 7.45617 2 1 3569.26 83.4889 42.7513 4 3 0.0598025 1.41211e-05 16.1789 2 
2.65282 -5.92373e-05 -1 1.01441 0.191655 0.000652601 2463.55 108404 3 59096.4 96.5809 8.48965 2 1 626.54 32.61 19.2131 4 3 0.0571854 1.22022e-05 16.7346 2 
2.65347 -5.92686e-05 -1 1.01453 0.191657 0.000652601 2464.17 108404 4 119734 33.7334 7.71861 2 1 634.677 18.6816 33.9734 4 3 0.0546589 1.26122e-05 16.3039 2 
2.65412 -5.92752e-05 -1 1.01466 0.191658 0.000652601 2464.77 108404 4 193568 43.5856 8.16343 2 1 663.622 23.1466 28.6704 4 3 0.0519578 1.3022e-05 15.8608 2 
2.65477 -5.92785e-05 -1 1.01478 0.191662 0.000652601 2465.34 108405 3 40382.4 78.518 8.012 2 1 753.01 15.5783 48.337 4 3 0.0499355 1.38079e-05 15.3495 2 
2.65543 -5.93042e-05 -1 1.01491 0.191666 0.000652601 2465.93 108406 4 193454 58.9848 7.56762 2 1 826.711 17.1906 48.0908 4 3 0.0487408 1.4845e-05 14.8629 2 
2.65608 -5.92765e-05 -1 1.01503 0.191665 0.000652601 2466.48 108408 3 45299.5 123.395 7.1603 2 1 689.928 18.6135 37.0661 4 3 0.0481055 1.59248e-05 14.4557 2 
2.65673 -5.93868e-05 -1 1.01516 0.191679 0.000652601 2467.1 108408 3 68884.4 87.0866 9.24819 2 1 722.501 26.7971 26.9619 4 3 0.047529 1.69231e-05 14.1089 2 
2.65738 -5.94983e-05 -1 1.01529 0.191682 0.000652601 2467.69 108408 4 181463 44.0902 8.00962 2 1 716.327 26.8285 26.7002 4 3 0.0471486 1.78642e-05 13.8196 2 
2.65804 -5.94865e-05 -1 1.01541 0.191669 0.000652601 2468.26 108410 3 82630.6 101.322 9.34285 2 1 985.08 27.0331 36.4398 4 3 0.0489527 1.89069e-05 13.7315 2 
2.65869 -5.95184e-05 -1 1.01554 0.191682 0.000652601 2468.83 108411 3 39608.1 111.053 7.09172 2 1 708.267 29.8036 23.7644 4 3 0.0514873 2.00163e-05 13.7016 2 
2.65934 -5.95545e-05 -1 1.01566 0.191689 0.000652601 2469.42 108412 4 132876 105.431 5.95826 2 1 772.125 21.432 36.0267 4 3 0.0538038 2.10878e-05 13.6645 2 
2.66 -5.95598e-05 -1 1.01579 0.19169 0.000652601 2469.97 108414 3 41214.7 226.661 5.66533 2 1 780.153 40.2928 19.3621 4 3 0.0562014 2.1954e-05 13.6797 2 
2.66065 -5.9569e-05 -1 1.01591 0.191696 0.000652601 2470.53 108416 3 79640 174.691 7.69639 2 1 3015.02 136.322 22.1168 4 3 0.05869 2.19296e-05 13.8839 2 
2.6613 -5.95793e-05 -1 1.01604 0.19169 0.000652601 2471.09 108418 3 54517 100.873 8.14553 2 1 761.166 25.636 29.6913 4 3 0.0668951 2.53436e-05 13.82 2 
2.66195 -5.9596e-05 -1 1.01616 0.191705 0.000652601 2471.66 108420 3 39612.3 116.199 6.98568 2 1 699.563 23.7416 29.4657 4 3 0.0685789 2.55772e-05 13.8925 2 
2.66261 -5.96156e-05 -1 1.01629 0.191704 0.000652601 2472.23 108421 4 194311 43.4393 8.17812 2 1 1205.26 24.6038 48.9865 4 3 0.070846 2.566e-05 14.0288 2 
2.66326 -5.96207e-05 -1 1.01641 0.191703 0.000652601 2472.72 108426 1 2478.25 216.579 11.4427 2 1 1069.55 21.7475 49.1801 4 3 0.0716159 2.47054e-05 14.2585 2 
2.66391 -5.96463e-05 -1 1.01654 0.191705 0.000652601 2473.29 108428 3 142639 177.026 9.30536 2 1 707.235 27.0876 26.1092 4 3 0.0720361 2.35276e-05 14.5208 2 
2.66456 -5.96893e-05 -1 1.01666 0.191707 0.000652601 2473.84 108430 3 63848.6 93.3346 8.81123 2 1 1021.44 30.0566 33.984 4 3 0.0718235 2.19104e-05 14.855 2 
2.66522 -5.97073e-05 -1 1.01679 0.191709 0.000652601 2474.44 108430 4 118622 36.5957 7.54542 2 1 832.429 36.505 22.8031 4 3 0.07101 2.02847e-05 15.1839 2 
2.66587 -5.96862e-05 -1 1.01691 0.191711 0.000652601 2475.13 108427 3 41045 112.84 7.13838 2 1 681.524 21.3372 31.9406 4 3 0.0695398 1.81094e-05 15.6595 2 
2.66652 -5.97374e-05 -1 1.01704 0.191717 0.000652601 2475.77 108425 3 186679 212.371 9.5793 2 1 910.773 36.0232 25.283 4 3 0.0677248 1.67985e-05 15.9157 2 
2.66717 -5.96827e-05 -1 1.01716 0.191716 0.000652601 2476.4 108424 3 75520.9 116.316 8.65916 2 1 1252.24 32.417 38.6291 4 3 0.0656811 1.58126e-05 16.0748 2 
2.66783 -5.97188e-05 -1 1.01729 0.191721 0.000652601 2476.99 108424 4 165638 33.6476 8.37628 2 1 956.322 30.6038 31.2484 4 3 0.0637326 1.46064e-05 16.3408 2 
2.66848 -5.9748e-05 -1 1.01741 0.191732 0.000652601 2477.55 108427 3 41401.2 67.4635 8.49796 2 1 776.679 26.9476 28.8218 4 3 0.0612613 2.61861e-05 13.2751 2 
2.66913 -5.97844e-05 -1 1.01754 0.19173 0.000652601 2478.11 108428 3 39842.4 102.856 7.28963 2 1 944.82 37.3188 25.3175 4 3 0.0590857 8.5938e-05 8.82604 2 
2.66978 -5.97908e-05 -1 1.01766 0.191729 0.000652601 2478.77 108426 3 37051.5 105.269 7.06049 2 1 705.615 21.8 32.3677 4 4 0.0570709 2.21291e-05 7.12628 2 
2.67044 -5.98445e-05 -1 1.01779 0.191739 0.000652601 2479.36 108427 3 40491.7 102.419 7.33942 2 1 3580.02 81.4691 43.9433 4 4 0.0552392 2.12457e-05 7.14076 2 
2.67109 -5.98736e-05 -1 1.01791 0.191736 0.000652601 2479.9 108429 4 198259 39.6344 8.40989 2 1 644.579 25.5613 25.217 4 3 0.052835 9.31052e-05 8.27909 2 
2.67174 -5.99046e-05 -1 1.01804 0.191739 0.000652601 2480.44 108432 3 122390 102.399 10.6125 2 1 619.978 20.8224 29.7745 4 3 0.0503882 7.88952e-05 8.61178 2 
2.67239 -5.98659e-05 -1 1.01816 0.191744 0.000652601 2480.98 108435 3 50021 109.983 7.69027 2 1 654.608 28.4758 22.9882 4 3 0.0490886 6.98008e-05 8.89283 2 
2.67305 -5.98556e-05 -1 1.01829 0.191751 0.000652601 2481.54 108437 4 189580 46.0775 8.00895 2 1 817.472 31.1898 26.2096 4 3 0.0480416 6.60167e-05 8.99473 2 
2.6737 -5.98792e-05 -1 1.01841 0.191752 0.000652601 2482.11 108438 4 180265 44.6702 7.97028 2 1 753.532 22.9473 32.8375 4 3 0.0479383 6.19453e-05 9.18103 2 
2.67435 -5.99165e-05 -1 1.01854 0.191759 0.000652601 2482.66 108441 3 38882 190.884 5.88382 2 1 902.862 20.3019 44.4719 4 3 0.0475477 5.41551e-05 9.57554 2 
2.675 -5.98809e-05 -1 1.01866 0.191756 0.000652601 2483.23 108442 3 46114.1 104.552 7.61203 2 1 685.214 15.5899 43.9525 4 3 0.0493228 5.02157e-05 9.94037 2 
2.67566 -5.99015e-05 -1 1.01879 0.191746 0.000652601 2483.82 108443 3 69600.4 189.761 7.15817 2 1 684.613 21.8726 31.3 4 3 0.0515443 4.82279e-05 10.2242 2 
2.67631 -5.99778e-05 -1 1.01891 0.191754 0.000652601 2484.37 108446 3 98361.3 125.702 9.21498 2 1 704.116 31.7229 22.1959 4 3 0.0539123 4.83445e-05 10.37 2 
2.67696 -5.99886e-05 -1 1.01904 0.191767 0.000652601 2484.92 108448 3 82915.2 126.88 8.67789 2 1 787.712 31.639 24.8969 4 3 0.0561219 4.70426e-05 10.6059 2 
2.67762 -5.99357e-05 -1 1.01916 0.191767 0.000652601 2485.47 108450 3 135032 85.4818 11.6463 2 1 926.388 46.9123 19.7472 4 3 0.0585455 4.00619e-05 11.348 2 
2.67827 -5.99907e-05 -1 1.01929 0.19177 0.000652601 2486.01 108453 3 36881.8 65.825 8.24405 2 1 945.028 47.6278 19.8419 4 3 0.0667377 3.70564e-05 12.1666 2 
2.67892 -5.99959e-05 -1 1.01941 0.191781 0.000652601 2486.56 108455 3 55732.8 111.009 7.94788 2 1 834.912 32.9333 25.3516 4 3 0.0681387 3.54703e-05 12.4311 2 
2.67957 -6.00423e-05 -1 1.01954 0.191784 0.000652601 2487.11 108458 3 39685.9 86.1158 7.72416 2 1 3053.82 115.158 26.5184 4 3 0.0703652 3.64019e-05 12.4569 2 
2.68023 -6.00855e-05 -1 1.01966 0.191777 0.000652601 2487.74 108457 4 196684 79.5505 7.0515 2 1 720.391 22.5928 31.8859 4 3 0.0710741 3.60467e-05 12.5395 2 
2.68088 -5.99521e-05 -1 1.01979 0.19178 0.000652601 2488.31 108458 3 40640.4 98.0502 7.45595 2 1 714.928 27.5949 25.908 4 3 0.0717135 3.62473e-05 12.5538 2 
2.68153 -5.98968e-05 -1 1.01991 0.191778 0.000652601 2488.91 108458 3 40350.1 125.035 6.85917 2 1 1210.89 40.9673 29.5575 4 3 0.0713386 3.37967e-05 12.8277 2 
2.68218 -5.99337e-05 -1 1.02004 0.191792 0.000652601 2489.56 108456 4 144057 54.4081 7.17328 2 1 731.987 27.1013 27.0093 4 3 0.070499 2.92419e-05 13.4089 2 
2.68284 -5.9879e-05 -1 1.02017 0.191792 0.000652601 2490.19 108455 3 41164.2 96.5061 7.52757 2 1 638.35 27.3 23.3828 4 3 0.0691895 2.74918e-05 13.6023 2 
2.68349 -5.98538e-05 -1 1.02029 0.191797 0.000652601 2490.72 108458 2 65235.9 203.179 17.9186 2 1 810.958 55.9877 14.4846 4 3 0.0676953 2.57366e-05 13.8039 2 
2.68414 -6.00307e-05 -1 1.02042 0.191795 0.000652601 2491.28 108460 3 108719 101.024 10.2477 2 1 727.084 48.8298 14.8902 4 3 0.0654639 2.72196e-05 13.398 2 
2.68479 -6.00458e-05 -1 1.02054 0.191804 0.000652601 2491.86 108461 4 184397 31.8112 8.72556 2 1 1171.3 54.5151 21.4859 4 3 0.063497 2.65653e-05 13.3705 2 
2.68545 -6.00851e-05 -1 1.02067 0.191815 0.000652601 2492.43 108463 3 150510 129.153 10.5233 2 1 1187.25 30.5538 38.8577 4 3 0.0611893 2.69501e-05 13.1433 2 
2.6861 -6.0116e-05 -1 1.02079 0.191811 0.000652601 2492.99 108465 3 165446 199.651 9.39278 2 1 768.259 24.2096 31.7336 4 3 0.0598812 2.67257e-05 13.0854 2 
2.68675 -6.01369e-05 -1 1.02092 0.191806 0.000652601 2493.53 108468 3 88451 84.3447 10.1597 2 1 1068.38 38.6708 27.6276 4 3 0.0585569 2.58294e-05 13.1367 2 
2.6874 -6.01494e-05 -1 1.02104 0.191816 0.000652601 2494.1 108469 3 41117.7 112.151 7.15719 2 1 1051.56 43.8753 23.967 4 3 0.0570571 2.32735e-05 13.4839 2 
2.68806 -6.01496e-05 -1 1.02117 0.191816 0.000652601 2494.69 108470 3 40827.4 118.184 7.01667 2 1 561.794 32.6052 17.2302 4 3 0.0550111 1.97149e-05 14.0783 2 
2.68871 -6.01444e-05 -1 1.02129 0.191822 0.000652601 2495.22 108473 2 19022.5 122.773 12.4475 2 1 3426.04 80.0424 42.8028 4 3 0.052826 1.84362e-05 14.2034 2 
2.68936 -6.01486e-05 -1 1.02142 0.191823 0.000652601 2495.79 108474 4 191862 35.3289 8.5845 2 1 617.145 24.0926 25.6155 4 3 0.0501567 1.73394e-05 14.2484 2 
2.69001 -6.01642e-05 -1 1.02154 0.191831 0.000652601 2496.37 108475 4 190635 64.3495 7.37759 2 1 592.885 25.4878 23.2616 4 3 0.0488491 1.95202e-05 13.5766 2 
2.69067 -6.01479e-05 -1 1.02167 0.191832 0.000652601 2496.93 108477 3 121113 151.379 9.28344 2 1 690.537 26.1801 26.3764 4 3 0.0481433 1.97312e-05 13.4625 2 
2.69132 -6.01682e-05 -1 1.02179 0.191831 0.000652601 2497.47 108480 3 59197.9 85.9138 8.83245 2 1 760.316 29.3048 25.9451 4 3 0.048222 1.91513e-05 13.6045 2 
2.69197 -6.01661e-05 -1 1.02192 0.191835 0.000652601 2498.02 108482 3 49363.9 79.99 8.51382 2 1 873.157 30.9287 28.2313 4 3 0.0491351 1.93888e-05 13.6337 2 
2.69263 -6.01542e-05 -1 1.02204 0.191842 0.000652601 2498.6 108483 4 97330.3 31.9675 7.42822 2 1 773.683 15.6684 49.3785 4 3 0.051277 1.96337e-05 13.7713 2 
2.69328 -6.01523e-05 -1 1.02217 0.191845 0.000652601 2499.16 108485 3 39394.8 102.693 7.26608 2 1 715.697 14.9813 47.7728 4 3 0.053525 1.98496e-05 13.9188 2 
2.69393 -6.01644e-05 -1 1.02229 0.191866 0.000652601 2499.74 108487 3 46839.6 125.867 7.19284 2 1 718.087 21.0773 34.0692 4 3 0.0557492 2.09397e-05 13.8598 2 
2.69458 -6.022e-05 -1 1.02242 0.19186 0.000652601 2500.32 108488 3 70907.4 142.111 7.9315 2 1 683.519 35.4567 19.2776 4 3 0.0580317 2.20972e-05 13.7967 2 
2.69524 -6.03703e-05 -1 1.02254 0.19185 0.000652601 2500.87 108490 3 98159.5 147.679 8.72713 2 1 902.318 37.6929 23.9387 4 3 0.0660476 2.63558e-05 13.5829 2 
2.69589 -6.03229e-05 -1 1.02267 0.191851 0.000652601 2501.43 108492 3 83660.7 75.9052 10.3296 2 1 722.656 39.8259 18.1454 4 3 0.0676074 2.71042e-05 13.5619 2 
2.69654 -6.03167e-05 -1 1.02279 0.191855 0.000652601 2501.99 108494 3 132734 101.28 10.9434 2 1 1250.88 35.316 35.4196 4 3 0.0697717 2.76104e-05 13.6208 2 
2.69719 -6.03125e-05 -1 1.02292 0.191864 0.000652601 2502.56 108495 3 40267.9 115.183 7.0446 2 1 781.115 18.1567 43.0207 4 3 0.0704159 2.72259e-05 13.7266 2 
2.69785 -6.03199e-05 -1 1.02304 0.191872 0.000652601 2503.1 108498 3 47362.8 108.039 7.5966 2 1 2918.86 119.009 24.5265 4 3 0.0711893 2.66768e-05 13.8705 2 
2.6985 -6.03731e-05 -1 1.02317 0.191871 0.000652601 2503.68 108499 4 192800 33.9002 8.68413 2 1 720.25 30.3261 23.7502 4 3 0.0708946 2.54978e-05 14.0617 2 
2.69915 -6.038e-05 -1 1.02329 0.191878 0.000652601 2504.26 108500 3 80992.1 187.428 7.56025 2 1 758.88 22.8607 33.1958 4 3 0.0703019 2.40094e-05 14.3063 2 
2.6998 -6.03765e-05 -1 1.02342 0.191879 0.000652601 2504.92 108498 3 40097.3 100.119 7.37111 2 1 703.47 19.2743 36.4979 4 3 0.0689459 2.20989e-05 14.6121 2 
2.70046 -6.03368e-05 -1 1.02354 0.191876 0.000652601 2505.57 108496 3 39890.9 115.955 7.00694 2 1 1267.33 25.0047 50.6837 4 3 0.0677532 2.02664e-05 14.9526 2 
2.70111 -6.03261e-05 -1 1.02367 0.191888 0.000652601 2506.2 108494 3 140526 169.682 9.39089 2 1 642.543 22.6796 28.3314 4 3 0.065804 1.75732e-05 15.5286 2 
2.70176 -6.04135e-05 -1 1.0238 0.19189 0.000652601 2506.81 108494 3 40181.9 97.1318 7.45114 2 1 787.663 53.3386 14.7672 4 3 0.0637566 1.67684e-05 15.6079 2 
2.70241 -6.0464e-05 -1 1.02392 0.191899 0.000652601 2507.38 108496 3 66813.7 82.4597 9.32269 2 1 749.719 29.2883 25.5979 4 3 0.0614412 1.53084e-05 15.8919 2 
2.70307 -6.05046e-05 -1 1.02405 0.191882 0.000652601 2507.95 108497 3 183372 162.006 10.4216 2 1 1176.68 31.1462 37.7791 4 3 0.0608155 1.43479e-05 16.1836 2 
2.70372 -6.05877e-05 -1 1.02417 0.191901 0.000652601 2508.51 108499 3 152078 157.167 9.89089 2 1 962.998 43.4741 22.1511 4 3 0.0596829 1.31327e-05 16.564 2 
2.70437 -6.06123e-05 -1 1.0243 0.191899 0.000652601 2509.09 108500 4 166092 26.0818 8.93311 2 1 915.044 31.6039 28.9535 4 3 0.05896 1.25258e-05 16.7591 2 
2.70502 -6.06186e-05 -1 1.02442 0.191904 0.000652601 2509.65 108502 3 77361.9 115.624 8.74635 2 1 992.172 13.6497 72.6881 4 3 0.0571509 1.24102e-05 16.6372 2 
2.70568 -6.0658e-05 -1 1.02455 0.191904 0.000652601 2510.2 108504 3 89289.9 85.3339 10.1522 2 1 970.67 30.5023 31.8228 4 3 0.0554966 1.2475e-05 16.4466 2 
2.70633 -6.07063e-05 -1 1.02467 0.191915 0.000652601 2510.83 108503 4 179023 44.4911 7.96451 2 1 997.627 16.5399 60.3163 4 3 0.0530586 1.2863e-05 16.0375 2 
2.70698 -6.07634e-05 -1 1.0248 0.191907 0.000652601 2511.44 108503 4 192374 37.3118 8.47374 2 1 3065.24 72.498 42.2804 4 3 0.0507808 1.29097e-05 15.7856 2 
2.70763 -6.07711e-05 -1 1.02492 0.191916 0.000652601 2512.04 108503 4 188329 36.127 8.49711 2 1 860.46 23.7685 36.2017 4 3 0.0487249 1.33978e-05 15.3782 2 
2.70829 -6.07791e-05 -1 1.02505 0.191924 0.000652601 2512.59 108506 3 40647.2 108.571 7.2073 2 1 613.272 27.5864 22.2309 4 3 0.0483908 1.40638e-05 15.0969 2 
2.70894 -6.07643e-05 -1 1.02517 0.191918 0.000652601 2513.2 108505 3 40849.5 62.0441 8.69952 2 1 646.84 24.7601 26.1243 4 3 0.0484805 1.4505e-05 14.9515 2 
2.70959 -6.07781e-05 -1 1.0253 0.191927 0.000652601 2513.78 108506 3 120210 134.119 9.64162 2 1 621.728 31.0417 20.0288 4 3 0.050566 1.47133e-05 15.0909 2 
2.71025 -6.07211e-05 -1 1.02542 0.191937 0.000652601 2514.35 108508 3 61190 93.2933 8.68847 2 1 794.222 40.3756 19.6708 4 3 0.0526655 1.38267e-05 15.6172 2 
2.7109 -6.06704e-05 -1 1.02555 0.191935 0.000652601 2514.92 108509 3 38486.7 66.9306 8.31563 2 1 820.051 46.9753 17.4571 4 3 0.0548651 4.15685e-05 10.9693 2 
2.71155 -6.06871e-05 -1 1.02567 0.191932 0.000652601 2515.54 108509 3 49178.4 66.3179 9.05137 2 1 695.002 37.5631 18.5023 4 3 0.057072 9.97346e-05 8.30218 2 
2.7122 -6.0725e-05 -1 1.0258 0.191935 0.000652601 2516.17 108507 3 97587.4 108.263 9.65986 2 1 695.498 31.4634 22.105 4 3 0.0591552 9.54517e-05 8.52583 2 
2.71286 -6.07646e-05 -1 1.02592 0.191946 0.000652601 2516.75 108508 3 47503.2 191.253 6.28596 2 1 687.111 30.0434 22.8706 4 3 0.0661238 8.32256e-05 9.26191 2 
2.71351 -6.08708e-05 -1 1.02605 0.191952 0.000652601 2517.34 108509 3 41349.7 115.689 7.09676 2 1 712.96 31.5576 22.5923 4 3 0.068845 7.37095e-05 9.77499 2 
2.71416 -6.08256e-05 -1 1.02617 0.19195 0.000652601 2517.92 108510 3 99023.4 186.542 8.09693 2 1 707.018 33.3173 21.2208 4 3 0.069651 6.34663e-05 10.3148 2 
2.71481 -6.08432e-05 -1 1.0263 0.191956 0.000652601 2518.53 108510 3 40676.7 92.9412 7.5924 2 1 1291.23 44.4172 29.0705 4 3 0.0706373 5.82302e-05 10.665 2 
2.71547 -6.08635e-05 -1 1.02642 0.191957 0.000652601 2519.11 108511 3 131247 136.494 9.87019 2 1 2606.72 89.0833 29.2616 4 3 0.0704667 5.72684e-05 10.7158 2 
2.71612 -6.08654e-05 -1 1.02655 0.191959 0.000652601 2519.73 108510 4 197800 44.8094 8.15106 2 1 808.439 19.3107 41.8648 4 3 0.0702829 5.03016e-05 11.1795 2 
2.71677 -6.07931e-05 -1 1.02667 0.191957 0.000652601 2520.3 108512 3 37143.9 103.907 7.0971 2 1 805.685 22.2216 36.2569 4 3 0.0692021 4.51388e-05 11.5307 2 
2.71742 -6.0809e-05 -1 1.0268 0.191964 0.000652601 2520.88 108512 3 57191.4 59.0676 9.89298 2 1 846.184 32.317 26.1839 4 3 0.0680118 4.30049e-05 11.6508 2 
2.71808 -6.08306e-05 -1 1.02693 0.191968 0.000652601 2521.49 108512 3 56400.3 159.911 7.06535 2 1 710.506 22.2977 31.8646 4 3 0.0663253 4.35017e-05 11.5095 2 
2.71873 -6.08609e-05 -1 1.02705 0.191957 0.000652601 2522.07 108514 3 82604.7 127.8 8.64619 2 1 1364.07 45.5607 29.9398 4 3 0.0645965 4.25118e-05 11.4965 2 
2.71938 -6.08576e-05 -1 1.02718 0.191979 0.000652601 2522.63 108515 3 144130 117.401 10.7077 2 1 775.124 21.2076 36.5494 4 3 0.0623068 3.80825e-05 11.7834 2 
2.72003 -6.08452e-05 -1 1.0273 0.191983 0.000652601 2523.21 108516 3 38205.5 105.628 7.12495 2 1 685.929 26.8572 25.5399 4 3 0.0608784 3.35976e-05 12.1913 2 
2.72069 -6.09134e-05 -1 1.02743 0.191988 0.000652601 2523.8 108517 3 39733.7 103.205 7.27476 2 1 1466.38 34.356 42.6818 4 3 0.0604707 3.21244e-05 12.3472 2 
2.72134 -6.09103e-05 -1 1.02755 0.191987 0.000652601 2524.39 108517 4 183674 29.1526 8.90928 2 1 1155.41 31.8515 36.2749 4 3 0.0599752 3.26663e-05 12.245 2 
2.72199 -6.09408e-05 -1 1.02768 0.191988 0.000652601 2524.98 108518 3 154433 170.452 9.67636 2 1 773.026 29.046 26.6139 4 3 0.0588193 3.20323e-05 12.2455 2 
2.72264 -6.0933e-05 -1 1.0278 0.191985 0.000652601 2525.58 108518 3 37273.1 110.123 6.96904 2 1 1192.22 29.3261 40.654 4 3 0.0577386 3.24096e-05 12.1226 2 
2.7233 -6.0913e-05 -1 1.02793 0.191999 0.000652601 2526.17 108519 4 176561 42.6855 8.01962 2 1 820.96 38.3449 21.4099 4 3 0.0558043 3.08876e-05 12.1795 2 
2.72395 -6.08678e-05 -1 1.02805 0.191999 0.000652601 2526.78 108519 3 51446.1 115.133 7.64511 2 1 833.372 21.7803 38.2627 4 3 0.0538759 2.75914e-05 12.499 2 
2.7246 -6.08676e-05 -1 1.02818 0.192001 0.000652601 2527.36 108520 4 194275 44.7041 8.11927 2 1 895.069 33.3465 26.8415 4 3 0.0513526 2.38253e-05 12.9174 2 
2.72526 -6.08924e-05 -1 1.0283 0.192008 0.000652601 2528.04 108516 4 187045 62.3825 7.39981 2 1 721.912 28.9367 24.948 4 3 0.0487917 2.32081e-05 12.8106 2 
2.72591 -6.08742e-05 -1 1.02843 0.192008 0.000652601 2528.65 108516 3 40293.1 81.4655 7.90835 2 1 2528.21 62.824 40.2428 4 3 0.0483822 2.35401e-05 12.7143 2 
2.72656 -6.0873e-05 -1 1.02855 0.192017 0.000652601 2529.29 108515 3 37959.1 95.6779 7.34798 2 1 850.652 21.8186 38.9875 4 3 0.0495793 2.36844e-05 12.7922 2 
2.72721 -6.08775e-05 -1 1.02868 0.192015 0.000652601 2529.94 108512 3 39712.6 95.875 7.45431 2 1 615.07 21.9687 27.9976 4 3 0.0515668 2.37184e-05 12.9547 2 
2.72787 -6.08384e-05 -1 1.02881 0.192018 0.000652601 2530.57 108512 3 120981 213.596 8.27385 2 1 633.956 22.1091 28.674 4 3 0.0536402 2.36991e-05 13.1296 2 
2.72852 -6.08369e-05 -1 1.02893 0.192025 0.000652601 2531.17 108512 3 120325 122.233 9.94769 2 1 618.007 22.7484 27.1671 4 3 0.0559133 2.31871e-05 13.4098 2 
2.72917 -6.08566e-05 -1 1.02906 0.192019 0.000652601 2531.75 108512 3 41322.8 115.231 7.10461 2 1 737.596 29.8154 24.7387 4 3 0.0577325 2.16913e-05 13.8583 2 
2.72982 -6.0873e-05 -1 1.02918 0.192033 0.000652601 2532.35 108513 3 60523.6 48.7857 10.7451 2 1 845.991 29.9705 28.2275 4 3 0.06473 2.41581e-05 13.8893 2 
2.73048 -6.08865e-05 -1 1.02931 0.192035 0.000652601 2532.91 108514 3 33557.8 91.2112 7.16553 2 1 718.298 21.6371 33.1975 4 3 0.0677087 2.62603e-05 13.7124 2 
2.73113 -6.08891e-05 -1 1.02943 0.192039 0.000652601 2533.48 108516 3 49188.3 89.4376 8.19308 2 1 742.338 24.1827 30.6971 4 3 0.0686059 2.72269e-05 13.6078 2 
2.73178 -6.0862e-05 -1 1.02956 0.192047 0.000652601 2534.08 108516 4 97778.9 31.5311 7.46236 2 1 659.784 29.3535 22.4772 4 3 0.0697624 2.76261e-05 13.6176 2 
2.73243 -6.08548e-05 -1 1.02968 0.192042 0.000652601 2534.72 108515 3 41855.8 93.4676 7.65065 2 1 1273.95 38.6203 32.9867 4 3 0.0698604 2.71609e-05 13.7013 2 
2.73309 -6.08534e-05 -1 1.02981 0.192062 0.000652601 2535.38 108513 3 100021 199.545 7.94359 2 1 682.561 37.8279 18.0439 4 3 0.069842 2.66338e-05 13.7899 2 
2.73374 -6.07039e-05 -1 1.02993 0.192043 0.000652601 2536.03 108510 3 136002 128.367 10.1945 2 1 716.272 55.7247 12.8538 4 3 0.0691971 2.56044e-05 13.9291 2 
2.73439 -6.07071e-05 -1 1.03006 0.192055 0.000652601 2536.89 108499 4 196468 42.8265 8.22991 2 1 2237.64 87.9284 25.4484 4 3 0.0681467 2.43237e-05 14.0974 2 
2.73504 -6.06923e-05 -1 1.03018 0.192063 0.000652601 2537.6 108495 3 40107.6 88.6785 7.67602 2 1 743.643 21.0697 35.2943 4 3 0.0666957 2.26316e-05 14.3371 2 
2.7357 -6.0727e-05 -1 1.03031 0.192078 0.000652601 2538.2 108495 3 40453.2 96.5655 7.48244 2 1 752.58 26.2129 28.7103 4 3 0.0651363 2.08423e-05 14.6204 2 
2.73635 -6.07805e-05 -1 1.03043 0.192068 0.000652601 2539.08 108483 3 38177.8 110.519 7.01656 2 1 672.851 31.2842 21.5077 4 3 0.0631793 1.80422e-05 15.1855 2 
2.737 -6.07973e-05 -1 1.03056 0.192067 0.000652601 2539.85 108476 3 56950.9 81.0661 8.8897 2 1 644.646 21.4125 30.1061 4 3 0.0610958 1.65423e-05 15.4575 2 
2.73765 -6.07988e-05 -1 1.03068 0.192082 0.000652601 2540.69 108466 3 81682.3 176.919 7.7289 2 1 1400.43 27.8924 50.2081 4 3 0.060304 1.57229e-05 15.6532 2 
2.73831 -6.07945e-05 -1 1.03081 0.192082 0.000652601 2541.33 108465 3 142371 169.865 9.42841 2 1 780.387 22.898 34.0811 4 3 0.0605765 1.48744e-05 15.9694 2 
2.73896 -6.08074e-05 -1 1.03094 0.192071 0.000652601 2541.92 108465 3 40638.2 92.4053 7.60465 2 1 776.535 42.139 18.428 4 3 0.0601472 1.34362e-05 16.4809 2 
2.73961 -6.07876e-05 -1 1.03106 0.192088 0.000652601 2542.56 108464 4 185334 50.2657 7.79239 2 1 965.55 44.9106 21.4994 4 3 0.0593462 1.23124e-05 16.8921 2 
2.74026 -6.08589e-05 -1 1.03119 0.192098 0.000652601 2543.14 108465 3 36902.1 86.8008 7.51927 2 1 650.513 19.8513 32.7693 4 3 0.0581495 1.19577e-05 16.9421 2 
2.74092 -6.09008e-05 -1 1.03131 0.192098 0.000652601 2543.71 108466 3 152119 143.585 10.1943 2 1 874.174 32.6061 26.8101 4 3 0.0567176 1.18624e-05 16.8467 2 
2.74157 -6.08319e-05 -1 1.03144 0.192095 0.000652601 2544.29 108467 4 165009 27.7252 8.78331 2 1 1057.13 36.5491 28.9235 4 3 0.0547502 1.21407e-05 16.5214 2 
2.74222 -6.08537e-05 -1 1.03156 0.1921 0.000652601 2544.87 108468 3 40235.5 109.476 7.16303 2 1 865.93 19.9438 43.4186 4 3 0.0524443 1.22577e-05 16.2342 2 
2.74288 -6.08707e-05 -1 1.03169 0.192106 0.000652601 2545.44 108470 4 191616 46.4932 8.01236 2 1 1268.51 27.4393 46.2297 4 3 0.049857 1.22845e-05 15.951 2 
2.74353 -6.08854e-05 -1 1.03181 0.192116 0.000652601 2545.99 108472 3 92057.1 138.989 8.71684 2 1 1118.37 21.3759 52.3192 4 3 0.0485808 1.14833e-05 16.1733 2 
2.74418 -6.09329e-05 -1 1.03194 0.192117 0.000652601 2546.56 108474 3 52345.4 187.184 6.53938 2 1 663.897 44.0097 15.0852 4 3 0.0499675 1.22569e-05 15.9748 2 
2.74483 -6.09646e-05 -1 1.03206 0.192114 0.000652601 2547.16 108474 3 40734.7 122.71 6.92408 2 1 2078.51 54.6484 38.0342 4 3 0.0519226 1.288e-05 15.9153 2 
2.74549 -6.0963e-05 -1 1.03219 0.192127 0.000652601 2547.76 108474 3 39749.6 77.4868 8.00513 2 1 886.6 15.78 56.1849 4 3 0.0538916 1.38597e-05 15.7249 2 
2.74614 -6.09734e-05 -1 1.03231 0.19212 0.000652601 2548.33 108475 2 27047 110.223 15.6647 2 1 613.491 22.26 27.5602 4 3 0.0559483 1.4726e-05 15.6039 2 
2.74679 -6.09111e-05 -1 1.03244 0.19213 0.000652601 2548.95 108475 3 39858.1 95.2273 7.48029 2 1 621.88 29.4356 21.1268 4 3 0.0579641 1.52684e-05 15.5999 2 
2.74744 -6.09868e-05 -1 1.03257 0.192128 0.000652601 2549.53 108475 3 121087 107.419 10.4073 2 1 641.117 34.2244 18.7328 4 3 0.0655918 1.55691e-05 16.1508 2 
2.7481 -6.10255e-05 -1 1.03269 0.192141 0.000652601 2550.09 108478 3 39301.3 66.2256 8.4035 2 1 677.737 24.3588 27.8231 4 3 0.0667495 1.66227e-05 15.8946 2 
2.74875 -6.10284e-05 -1 1.03282 0.192134 0.000652601 2550.67 108478 4 121597 38.0963 7.5164 2 1 778.009 27.1584 28.6471 4 3 0.0684473 1.76371e-05 15.7148 2 
2.7494 -6.10271e-05 -1 1.03294 0.192142 0.000652601 2551.21 108481 3 60238 115.527 8.04875 2 1 1251.6 51.7594 24.1811 4 3 0.0689815 1.82833e-05 15.5677 2 
2.75005 -6.09777e-05 -1 1.03307 0.192145 0.000652601 2551.78 108483 3 39810.3 94.1005 7.50703 2 1 731.955 19.9163 36.7515 4 3 0.0693666 1.79019e-05 15.7067 2 
2.75071 -6.09588e-05 -1 1.03319 0.192147 0.000652601 2552.33 108485 3 49520 66.2299 9.0763 2 1 649.023 24.3197 26.6871 4 3 0.0690009 1.74854e-05 15.8025 2 
2.75136 -6.09612e-05 -1 1.03332 0.192158 0.000652601 2552.88 108487 3 97880 192.492 7.98166 2 1 1002.67 26.3295 38.0815 4 3 0.0685197 1.71353e-05 15.8723 2 
2.75201 -6.10714e-05 -1 1.03344 0.192167 0.000652601 2553.48 108488 3 102066 199.681 7.99554 2 1 686.136 30.6844 22.361 4 3 0.0672764 1.66372e-05 15.9317 2 
2.75266 -6.10826e-05 -1 1.03357 0.192145 0.000652601 2554.07 108488 3 136322 85.8946 11.6645 2 1 681.517 28.2783 24.1003 4 3 0.0660357 3.06903e-05 12.91 2 
2.75332 -6.12248e-05 -1 1.03369 0.192161 0.000652601 2554.64 108490 4 189536 71.7235 7.16981 2 1 1940.25 56.5761 34.2945 4 3 0.0642953 9.77272e-05 8.69737 2 
2.75397 -6.11036e-05 -1 1.03382 0.192164 0.000652601 2555.24 108490 3 81677 119.55 8.80746 2 1 911.699 45.3217 20.1162 4 4 0.0625942 2.25674e-05 7.2571 2 
2.75462 -6.09945e-05 -1 1.03394 0.192189 0.000652601 2555.83 108490 3 40608.4 103.631 7.31772 2 1 853.781 58.2569 14.6555 4 4 0.0605977 2.10169e-05 7.32778 2 
2.75527 -6.10611e-05 -1 1.03407 0.19217 0.000652601 2556.38 108492 3 37499 93.7462 7.3681 2 1 771.146 38.1242 20.2272 4 3 0.0605018 9.05394e-05 8.74266 2 
2.75593 -6.10521e-05 -1 1.03419 0.192181 0.000652601 2556.92 108495 3 57016.1 164.394 7.02593 2 1 709.182 20.0623 35.3489 4 3 0.0604272 7.76284e-05 9.19893 2 
2.75658 -6.10476e-05 -1 1.03432 0.19218 0.000652601 2557.48 108497 4 175416 51.6101 7.63543 2 1 1481.51 34.7932 42.5805 4 3 0.0606002 6.86862e-05 9.59109 2 
2.75723 -6.10795e-05 -1 1.03445 0.192184 0.000652601 2558.08 108498 4 142055 52.6751 7.20631 2 1 645.456 13.5724 47.5565 4 3 0.0599048 6.61694e-05 9.6739 2 
2.75789 -6.10038e-05 -1 1.03457 0.192187 0.000652601 2558.67 108498 3 38119.5 108.906 7.04745 2 1 897.593 29.2116 30.7273 4 3 0.0591776 6.05781e-05 9.92233 2 
2.75854 -6.09995e-05 -1 1.0347 0.192191 0.000652601 2559.24 108499 4 180646 27.7338 8.98368 2 1 708.806 30.3118 23.3838 4 3 0.0578176 5.34138e-05 10.2676 2 
2.75919 -6.10244e-05 -1 1.03482 0.19219 0.000652601 2559.79 108502 3 35951.2 86.1642 7.47244 2 1 770.156 15.0839 51.058 4 3 0.0561983 5.00492e-05 10.3938 2 
2.75984 -6.10314e-05 -1 1.03495 0.192215 0.000652601 2560.34 108504 3 151119 139.611 10.2676 2 1 840.598 27.5988 30.4577 4 3 0.0540949 4.87605e-05 10.3521 2 
2.7605 -6.10497e-05 -1 1.03507 0.192199 0.000652601 2560.9 108506 4 187249 79.0087 6.97728 2 1 745.168 19.7265 37.7749 4 3 0.0519351 4.87746e-05 10.2115 2 
2.76115 -6.09853e-05 -1 1.0352 0.192204 0.000652601 2561.51 108506 4 190070 38.1246 8.40286 2 1 901.487 41.6944 21.6213 4 3 0.0494498 4.58345e-05 10.2563 2 
2.7618 -6.10151e-05 -1 1.03532 0.192209 0.000652601 2562.05 108508 3 52226.8 95.3944 8.18069 2 1 1160.56 36.175 32.0817 4 3 0.0498656 3.91309e-05 10.8416 2 
2.76245 -6.1023e-05 -1 1.03545 0.192221 0.000652601 2562.6 108511 3 39086.9 83.0919 7.77721 2 1 622.631 19.8087 31.4322 4 3 0.051754 3.70692e-05 11.1766 2 
2.76311 -6.10559e-05 -1 1.03557 0.192211 0.000652601 2563.13 108514 3 90722.1 102.966 9.5868 2 1 655.816 23.5076 27.898 4 3 0.0536511 3.68255e-05 11.3364 2 
2.76376 -6.10573e-05 -1 1.0357 0.192218 0.000652601 2563.69 108515 3 52678.9 47.7023 10.3363 2 1 646.256 29.6273 21.8129 4 3 0.0556822 3.61833e-05 11.5452 2 
2.76441 -6.1066e-05 -1 1.03583 0.19222 0.000652601 2564.27 108517 3 35158.4 117.039 6.69729 2 1 1714.13 44.9567 38.1284 4 3 0.0575851 3.68876e-05 11.6005 2 
2.76506 -6.10717e-05 -1 1.03595 0.192221 0.000652601 2564.88 108516 3 40550.3 87.8909 7.7271 2 1 1018.26 26.9464 37.7884 4 3 0.0642634 3.60901e-05 12.1206 2 
2.76572 -6.10709e-05 -1 1.03608 0.192234 0.000652601 2565.5 108516 3 40281.4 104.98 7.26662 2 1 615.537 18.5973 33.0982 4 3 0.0668083 3.26105e-05 12.7006 2 
2.76637 -6.10597e-05 -1 1.0362 0.192236 0.000652601 2566.12 108515 3 122785 158.918 9.17609 2 1 608.928 24.1837 25.1793 4 3 0.0676031 2.84204e-05 13.3489 2 
2.76702 -6.10994e-05 -1 1.03633 0.19224 0.000652601 2566.74 108514 3 37631.1 95.4867 7.33164 2 1 750.33 28.8326 26.0236 4 3 0.0686227 2.73641e-05 13.5861 2 
2.76767 -6.11303e-05 -1 1.03645 0.19224 0.000652601 2567.29 108517 3 39449.1 82.6956 7.81361 2 1 849.194 37.5868 22.5929 4 3 0.0686507 2.75515e-05 13.5571 2 
2.76833 -6.11018e-05 -1 1.03658 0.192247 0.000652601 2567.84 108519 3 39069.8 85.7097 7.6961 2 1 725.832 19.1083 37.9851 4 3 0.0686363 2.752e-05 13.5613 2 
2.76898 -6.10807e-05 -1 1.0367 0.192255 0.000652601 2568.38 108522 3 60347.3 64.5934 9.7759 2 1 739.663 17.6985 41.7924 4 3 0.0678957 2.71173e-05 13.5789 2 
2.76963 -6.11172e-05 -1 1.03683 0.192263 0.000652601 2568.92 108524 3 48842 133.156 7.15832 2 1 642.15 29.9442 21.4449 4 3 0.067063 2.73377e-05 13.4867 2 
2.77028 -6.11099e-05 -1 1.03696 0.192243 0.000652601 2569.48 108526 3 123400 208.316 8.39841 2 1 650.96 22.4391 29.01 4 3 0.0654952 2.69936e-05 13.4374 2 
2.77094 -6.10907e-05 -1 1.03708 0.192258 0.000652601 2570.03 108528 3 39421.4 116.178 6.97486 2 1 922.387 22.608 40.7992 4 3 0.0642572 2.52254e-05 13.6572 2 
2.77159 -6.11757e-05 -1 1.03721 0.192259 0.000652601 2570.59 108530 4 191027 32.7611 8.73844 2 1 643.922 25.8043 24.9541 4 3 0.0620344 2.17145e-05 14.1893 2 
2.77224 -6.11867e-05 -1 1.03733 0.192275 0.000652601 2571.15 108532 3 131728 139.463 9.81158 2 1 1698.6 64.6212 26.2855 4 3 0.0604622 2.17832e-05 14.0536 2 
2.77289 -6.11472e-05 -1 1.03746 0.192263 0.000652601 2571.71 108534 3 84197.9 81.4767 10.1101 2 1 802.341 25.8534 31.0342 4 3 0.0583217 2.0183e-05 14.2434 2 
2.77355 -6.11166e-05 -1 1.03758 0.192276 0.000652601 2572.27 108536 4 174514 39.355 8.16033 2 1 1618.92 41.4272 39.0786 4 3 0.0603388 1.8985e-05 14.7027 2 
2.7742 -6.11392e-05 -1 1.03771 0.192287 0.000652601 2572.84 108537 3 39146 79.1064 7.90967 2 1 720.238 27.6366 26.061 4 3 0.060462 2.041e-05 14.3619 2 
2.77485 -6.11676e-05 -1 1.03783 0.192275 0.000652601 2573.36 108541 3 57128.9 90.6748 8.57281 2 1 626.504 31.0443 20.1809 4 3 0.0603214 1.97236e-05 14.5154 2 
2.77551 -6.12678e-05 -1 1.03796 0.192276 0.000652601 2573.9 108544 3 40601.5 82.7263 7.88798 2 1 1494.42 28.0058 53.3612 4 3 0.0597163 1.96842e-05 14.4763 2 
2.77616 -6.12701e-05 -1 1.03808 0.19229 0.000652601 2574.44 108546 3 142215 188.284 9.10704 2 1 747.476 24.7309 30.2244 4 3 0.0589939 1.98654e-05 14.3737 2 
2.77681 -6.13338e-05 -1 1.03821 0.192295 0.000652601 2574.99 108548 3 184859 178.857 10.1106 2 1 793.939 41.8248 18.9825 4 3 0.0575767 1.97953e-05 14.2745 2 
2.77746 -6.13569e-05 -1 1.03833 0.19231 0.000652601 2575.52 108552 3 40242.3 79.0474 7.98482 2 1 1017.74 30.4884 33.3813 4 3 0.0556919 1.93046e-05 14.2356 2 
2.77812 -6.13597e-05 -1 1.03846 0.192308 0.000652601 2576.05 108555 3 40467 96.8359 7.47632 2 1 916.582 29.1032 31.4942 4 3 0.0540526 1.63434e-05 14.899 2 
2.77877 -6.13959e-05 -1 1.03859 0.192305 0.000652601 2576.6 108557 4 184679 38.6457 8.31436 2 1 799.413 18.8109 42.4974 4 3 0.0515868 1.40455e-05 15.4289 2 
2.77942 -6.13998e-05 -1 1.03871 0.192309 0.000652601 2577.17 108558 4 189765 38.0362 8.40436 2 1 1044.19 29.8273 35.0078 4 3 0.0498306 1.27311e-05 15.7595 2 
2.78007 -6.14133e-05 -1 1.03884 0.192309 0.000652601 2577.72 108560 3 37223.8 108.033 7.0106 2 1 1201.5 20.5896 58.355 4 3 0.0510849 1.25916e-05 15.9491 2 
2.78073 -6.14154e-05 -1 1.03896 0.192308 0.000652601 2578.27 108563 3 64867.2 124.217 8.05281 2 1 1195.15 46.0223 25.9688 4 3 0.0529432 1.44974e-05 15.3995 2 
2.78138 -6.13896e-05 -1 1.03909 0.192321 0.000652601 2578.82 108565 3 38804.5 102.909 7.22453 2 1 663.36 13.6703 48.5254 4 3 0.0548781 1.43482e-05 15.6387 2 
2.78203 -6.13736e-05 -1 1.03921 0.192315 0.000652601 2579.35 108568 3 93644.5 99.5807 9.79721 2 1 1348.59 42.2154 31.9454 4 3 0.0568051 1.41199e-05 15.9045 2 
2.78268 -6.13838e-05 -1 1.03934 0.192326 0.000652601 2579.94 108569 3 76432.1 93.1577 9.36165 2 1 620.528 25.8195 24.0333 4 3 0.0641765 1.38471e-05 16.6727 2 
2.78334 -6.13488e-05 -1 1.03946 0.192331 0.000652601 2580.48 108571 3 53313 105.035 7.97689 2 1 1395.43 37.0937 37.619 4 3 0.0652258 1.47538e-05 16.4124 2 
2.78399 -6.13813e-05 -1 1.03959 0.192335 0.000652601 2581.02 108574 3 40696 94.0718 7.56306 2 1 865.463 34.0268 25.4347 4 3 0.0669887 1.56696e-05 16.2298 2 
2.78464 -6.13794e-05 -1 1.03972 0.192345 0.000652601 2581.52 108578 2 34510.5 119.461 16.9967 2 1 621.245 18.6501 33.3105 4 3 0.0675116 1.65026e-05 15.9935 2 
2.78529 -6.14507e-05 -1 1.03984 0.192344 0.000652601 2582.07 108581 3 37691.1 113.499 6.92494 2 1 604.514 24.0149 25.1725 4 3 0.0680684 1.73623e-05 15.7681 2 
2.78595 -6.15e-05 -1 1.03997 0.192346 0.000652601 2582.6 108584 3 120252 136.765 9.58014 2 1 610.397 39.379 15.5006 4 3 0.0678238 1.77329e-05 15.6387 2 
2.7866 -6.14198e-05 -1 1.04009 0.192357 0.000652601 2583.15 108586 3 39893.9 49.7438 9.29086 2 1 847.759 46.8034 18.1132 4 3 0.0674621 1.76324e-05 15.6405 2 
2.78725 -6.14273e-05 -1 1.04022 0.192349 0.000652601 2583.74 108587 3 40657.7 69.953 8.34537 2 1 835.053 56.9395 14.6656 4 3 0.0666042 1.69408e-05 15.783 2 
2.7879 -6.1436e-05 -1 1.04034 0.192365 0.000652601 2584.28 108589 3 40752 107.454 7.2384 2 1 756.466 20.7382 36.477 4 3 0.0654524 1.64196e-05 15.8558 2 
2.78856 -6.14958e-05 -1 1.04047 0.192375 0.000652601 2584.81 108593 3 60724.1 143.654 7.50496 2 1 679.011 19.7534 34.3744 4 3 0.063817 1.58639e-05 15.9041 2 
2.78921 -6.15407e-05 -1 1.04059 0.192362 0.000652601 2585.38 108594 3 42917.4 120.157 7.09514 2 1 637.755 33.0424 19.3011 4 3 0.0622224 1.52761e-05 15.9702 2 
2.78986 -6.15221e-05 -1 1.04072 0.192371 0.000652601 2585.94 108595 4 193798 42.6451 8.21051 2 1 656.75 31.789 20.6596 4 3 0.0604464 1.45187e-05 16.0872 2 
2.79052 -6.14949e-05 -1 1.04085 0.192374 0.000652601 2586.47 108599 3 103396 199.596 8.03126 2 1 635.953 19.1727 33.1696 4 3 0.058582 1.37696e-05 16.2037 2 
2.79117 -6.15668e-05 -1 1.04097 0.192374 0.000652601 2587.01 108601 4 172295 41.467 8.02865 2 1 778.927 52.9805 14.7021 4 3 0.0581443 1.40069e-05 16.0714 2 
2.79182 -6.16037e-05 -1 1.0411 0.19238 0.000652601 2587.53 108605 3 70221.7 102.201 8.82414 2 1 1491.97 36.3473 41.0475 4 3 0.0602907 1.40691e-05 16.2428 2 
2.79247 -6.1679e-05 -1 1.04122 0.192385 0.000652601 2588.09 108607 3 83728.9 89.9148 9.76521 2 1 729.477 20.8891 34.9214 4 3 0.060093 1.47467e-05 15.9726 2 
2.79313 -6.16778e-05 -1 1.04135 0.192374 0.000652601 2588.61 108610 2 12888.1 85.4505 12.2811 2 1 1642.49 35.297 46.5335 4 3 0.0602711 1.509e-05 15.8662 2 
2.79378 -6.1616e-05 -1 1.04147 0.192406 0.000652601 2589.16 108612 3 57131.6 168.422 6.97417 2 1 657.373 29.4404 22.3289 4 3 0.059625 1.49481e-05 15.8592 2 
2.79443 -6.16739e-05 -1 1.0416 0.192402 0.000652601 2589.68 108616 3 40767.8 85.0229 7.82697 2 1 759.969 43.171 17.6037 4 3 0.0590424 1.72059e-05 15.0833 2 
2.79508 -6.16887e-05 -1 1.04172 0.192403 0.000652601 2590.17 108620 3 143999 130.553 10.3322 2 1 674.155 26.0555 25.8739 4 3 0.0576271 5.69816e-05 10.0376 2 
2.79574 -6.16703e-05 -1 1.04185 0.1924 0.000652601 2590.76 108621 4 183157 26.8347 9.08933 2 1 724.21 42.5108 17.0359 4 4 0.0559794 1.88658e-05 7.38054 2 
2.79639 -6.16665e-05 -1 1.04197 0.19241 0.000652601 2591.38 108620 3 47484 105.574 7.66178 2 1 883.241 40.0728 22.0409 4 3 0.0539586 9.21677e-05 8.36554 2 
2.79704 -6.17387e-05 -1 1.0421 0.192411 0.000652601 2592.03 108619 4 183159 63.0787 7.34068 2 1 739.037 20.4509 36.1371 4 3 0.0517994 8.02988e-05 8.64049 2 
2.79769 -6.16934e-05 -1 1.04223 0.19241 0.000652601 2592.66 108618 4 190538 54.7002 7.68243 2 1 769.915 18.9926 40.5376 4 3 0.0503115 7.0921e-05 8.91862 2 
2.79835 -6.16553e-05 -1 1.04235 0.192415 0.000652601 2593.24 108619 3 163223 218.475 9.0739 2 1 990.717 21.1716 46.7947 4 3 0.0518353 6.16618e-05 9.43778 2 
2.799 -6.15343e-05 -1 1.04248 0.192427 0.000652601 2593.74 108623 3 40174.6 48.8845 9.36684 2 1 1143.94 79.952 14.3078 4 3 0.0535201 5.82713e-05 9.72048 2 
2.79965 -6.15295e-05 -1 1.0426 0.192434 0.000652601 2594.31 108624 3 52546 99.4492 8.08437 2 1 1597.16 63.4203 25.1837 4 3 0.0557233 5.63367e-05 9.96357 2 
2.8003 -6.15091e-05 -1 1.04273 0.192436 0.000652601 2594.97 108622 3 65303.2 99.0028 8.70487 2 1 627.498 25.5319 24.577 4 3 0.0618923 4.82053e-05 10.8688 2 
2.80096 -6.15439e-05 -1 1.04285 0.192456 0.000652601 2595.64 108619 3 41415.5 110.463 7.21076 2 1 656.685 23.3989 28.0648 4 3 0.0646276 4.49293e-05 11.2883 2 
2.80161 -6.16262e-05 -1 1.04298 0.192449 0.000652601 2596.33 108615 3 93013.5 115.364 9.30734 2 1 636.781 33.6966 18.8975 4 3 0.0655726 4.36891e-05 11.4494 2 
2.80226 -6.17519e-05 -1 1.0431 0.192445 0.000652601 2596.97 108614 3 76461.3 85.7686 9.62434 2 1 596.105 29.7899 20.0103 4 3 0.0668493 4.32763e-05 11.5598 2 
2.80291 -6.18154e-05 -1 1.04323 0.192467 0.000652601 2597.65 108611 3 53838.9 109.604 7.89023 2 1 1142.17 31.4331 36.3364 4 3 0.0671097 4.22179e-05 11.6707 2 
2.80357 -6.18748e-05 -1 1.04336 0.192469 0.000652601 2598.25 108611 3 37066 108.547 6.98961 2 1 711.289 27.7928 25.5925 4 3 0.0673679 3.62297e-05 12.2969 2 
2.80422 -6.20343e-05 -1 1.04348 0.192451 0.000652601 2598.81 108613 3 39038.9 99.4518 7.32197 2 1 604.917 31.6763 19.0968 4 3 0.0669384 3.31631e-05 12.6379 2 
2.80487 -6.20549e-05 -1 1.04361 0.192461 0.000652601 2599.5 108609 3 122974 128.186 9.8626 2 1 580.373 21.5734 26.9023 4 3 0.0664645 3.1987e-05 12.7606 2 
2.80553 -6.21115e-05 -1 1.04373 0.192462 0.000652601 2600.13 108608 3 33398.6 83.0174 7.38221 2 1 722.141 30.0719 24.0138 4 3 0.06546 3.27748e-05 12.5935 2 
2.80618 -6.21296e-05 -1 1.04386 0.192512 0.000652601 2600.79 108605 3 30298.5 130.151 6.15164 2 1 798.152 33.2279 24.0206 4 3 0.0641673 3.27819e-05 12.5091 2 
2.80683 -6.20675e-05 -1 1.04398 0.192501 0.000652601 2601.44 108604 3 39822.1 91.3428 7.58257 2 1 736.655 19.2078 38.3518 4 3 0.0625419 3.46827e-05 12.1717 2 
2.80748 -6.20462e-05 -1 1.04411 0.192487 0.000652601 2602.01 108605 3 49245.8 132.483 7.19012 2 1 760.491 16.7547 45.3898 4 3 0.0609579 2.92881e-05 12.7677 2 
2.80814 -6.20748e-05 -1 1.04424 0.192476 0.000652601 2602.58 108606 4 172221 49.0314 7.69844 2 1 648.973 25.3332 25.6175 4 3 0.0590692 2.59611e-05 13.1526 2 
2.80879 -6.21161e-05 -1 1.04436 0.19248 0.000652601 2603.16 108607 4 191111 44.2458 8.10687 2 1 659.727 20.1517 32.738 4 3 0.0573469 2.3506e-05 13.462 2 
2.80944 -6.21343e-05 -1 1.04449 0.19248 0.000652601 2603.68 108611 3 71594.7 154.979 7.73041 2 1 925.576 16.6011 55.754 4 3 0.0577411 2.28263e-05 13.6254 2 
2.81009 -6.2205e-05 -1 1.04461 0.192505 0.000652601 2604.2 108614 3 136873 125.74 10.2868 2 1 679.84 31.6711 21.4656 4 3 0.059868 2.45364e-05 13.4626 2 
2.81075 -6.20572e-05 -1 1.04474 0.19249 0.000652601 2604.74 108617 4 99701.3 35.1031 7.30027 2 1 1323.03 51.0356 25.9236 4 3 0.0598515 2.46379e-05 13.4428 2 
2.8114 -6.20465e-05 -1 1.04486 0.192539 0.000652601 2605.26 108620 3 123192 214.557 8.3115 2 1 836.146 42.2054 19.8114 4 3 0.0602243 2.36876e-05 13.6485 2 
2.81205 -6.20439e-05 -1 1.04499 0.192498 0.000652601 2605.79 108624 3 83891 89.9744 9.76935 2 1 1628.79 30.8366 52.8199 4 3 0.0597577 2.4796e-05 13.4072 2 
2.8127 -6.20508e-05 -1 1.04511 0.192506 0.000652601 2606.31 108627 3 57001.8 111.705 7.99108 2 1 986.589 26.63 37.0481 4 3 0.0590387 2.21708e-05 13.8607 2 
2.81336 -6.2073e-05 -1 1.04524 0.192522 0.000652601 2606.92 108627 3 40552.8 96.0384 7.50225 2 1 686.683 21.1283 32.5007 4 3 0.0579855 2.00061e-05 14.2578 2 
2.81401 -6.20932e-05 -1 1.04537 0.192518 0.000652601 2607.44 108630 3 40656.3 107.319 7.23576 2 1 1027.4 23.3362 44.0258 4 3 0.0565252 1.77717e-05 14.7063 2 
2.81466 -6.21055e-05 -1 1.04549 0.192513 0.000652601 2608.01 108632 4 182694 50.0236 7.77387 2 1 575.254 21.1583 27.1881 4 3 0.0544503 1.583e-05 15.0952 2 
2.81531 -6.21266e-05 -1 1.04562 0.192522 0.000652601 2608.57 108633 4 182554 48.1094 7.84857 2 1 709.42 22.923 30.948 4 3 0.0523797 1.64829e-05 14.702 2 
2.81597 -6.21338e-05 -1 1.04574 0.192522 0.000652601 2609.11 108636 3 56368.9 81.0914 8.85839 2 1 763.738 24.931 30.6341 4 3 0.0509539 1.80524e-05 14.1323 2 
2.81662 -6.21862e-05 -1 1.04587 0.192525 0.000652601 2609.69 108637 4 187783 50.5361 7.80753 2 1 670.294 30.4477 22.0146 4 3 0.0519789 1.75142e-05 14.3707 2 
2.81727 -6.21047e-05 -1 1.04599 0.192531 0.000652601 2610.25 108639 4 164045 25.3837 8.96606 2 1 689.291 32.2084 21.401 4 3 0.0537945 1.73934e-05 14.5697 2 
2.81792 -6.20819e-05 -1 1.04612 0.192528 0.000652601 2610.79 108641 3 110926 109.597 10.0403 2 1 1194.89 22.0196 54.2649 4 3 0.0555251 1.77453e-05 14.6263 2 
2.81858 -6.21074e-05 -1 1.04624 0.192554 0.000652601 2611.32 108644 3 52544.8 114.042 7.72365 2 1 648.7 27.1561 23.8878 4 3 0.0619334 1.73454e-05 15.2844 2 
2.81923 -6.215e-05 -1 1.04637 0.192548 0.000652601 2611.89 108646 3 39807.7 81.543 7.87396 2 1 1056.6 26.933 39.2305 4 3 0.0645549 1.74072e-05 15.4787 2 
2.81988 -6.22408e-05 -1 1.0465 0.19255 0.000652601 2612.45 108648 3 66082.8 107.601 8.50011 2 1 672.91 25.8598 26.0215 4 3 0.0653325 1.46996e-05 16.4415 2 
2.82053 -6.22698e-05 -1 1.04662 0.192546 0.000652601 2612.98 108650 3 38824.1 103.835 7.20421 2 1 642.019 17.905 35.857 4 3 0.066447 1.49416e-05 16.4447 2 
2.82119 -6.22921e-05 -1 1.04675 0.192546 0.000652601 2613.51 108654 3 93075.1 64.5558 11.2971 2 1 618.519 15.0243 41.1678 4 3 0.0666249 1.5809e-05 16.1527 2 
2.82184 -6.23218e-05 -1 1.04687 0.192551 0.000652601 2614.08 108655 3 76976.2 68.9234 10.3752 2 1 929.281 26.0959 35.6103 4 3 0.0668039 1.70786e-05 15.7561 2 
2.82249 -6.2351e-05 -1 1.047 0.192564 0.000652601 2614.61 108658 3 44498.5 65.2717 8.80117 2 1 652.667 19.7616 33.027 4 3 0.0662964 1.784e-05 15.4893 2 
2.82315 -6.23342e-05 -1 1.04712 0.192562 0.000652601 2615.14 108661 3 52722.4 109.34 7.84161 2 1 682.847 21.5601 31.6717 4 3 0.0657626 1.84608e-05 15.2725 2 
2.8238 -6.23765e-05 -1 1.04725 0.192567 0.000652601 2615.68 108664 3 37170.6 61.8788 8.43761 2 1 608.256 18.1075 33.5913 4 3 0.0647216 1.83549e-05 15.2206 2 
2.82445 -6.2379e-05 -1 1.04738 0.19257 0.000652601 2616.22 108666 3 122014 97.0138 10.7942 2 1 596.494 19.4021 30.7437 4 3 0.0635209 1.66639e-05 15.6212 2 
2.8251 -6.23787e-05 -1 1.0475 0.192573 0.000652601 2616.84 108666 3 39545.4 105.719 7.20523 2 1 691.257 28.0396 24.6529 4 3 0.0618352 1.58078e-05 15.7563 2 
2.82576 -6.23739e-05 -1 1.04763 0.192585 0.000652601 2617.45 108665 4 170990 52.1181 7.56825 2 1 772.546 27.9784 27.6122 4 3 0.0602753 1.48596e-05 15.9482 2 
2.82641 -6.24162e-05 -1 1.04775 0.192584 0.000652601 2618.01 108667 3 49320.6 77.2168 8.61203 2 1 704.32 23.6079 29.8341 4 3 0.0584093 1.43382e-05 15.9709 2 
2.82706 -6.24461e-05 -1 1.04788 0.19258 0.000652601 2618.58 108669 4 43248.2 85.9075 4.73679 2 1 648.986 20.7278 31.3099 4 3 0.0567456 1.3831e-05 16.0088 2 
2.82771 -6.2446e-05 -1 1.048 0.192582 0.000652601 2619.16 108669 4 189980 79.8246 6.98462 2 1 628.526 26.9998 23.2789 4 3 0.054786 1.33876e-05 15.9952 2 
2.82837 -6.2338e-05 -1 1.04813 0.192614 0.000652601 2619.7 108672 3 63300 200.137 6.81332 2 1 658.925 23.822 27.6604 4 3 0.0592159 1.40994e-05 16.1341 2 
2.82902 -6.22431e-05 -1 1.04826 0.1926 0.000652601 2620.22 108676 3 73032.2 202.558 7.1174 2 1 844.884 49.8232 16.9577 4 3 0.0593974 1.45912e-05 15.9671 2 
2.82967 -6.22619e-05 -1 1.04838 0.192645 0.000652601 2620.74 108679 3 134932 184.551 9.00879 2 1 617.71 28.7406 21.4926 4 3 0.0599405 1.54546e-05 15.7116 2 
2.83032 -6.23895e-05 -1 1.04851 0.192599 0.000652601 2621.27 108682 3 99595.7 110.01 9.67392 2 1 1198.16 40.4243 29.6396 4 3 0.0596573 1.56673e-05 15.6155 2 
2.83098 -6.24508e-05 -1 1.04863 0.192643 0.000652601 2621.84 108684 3 71370.4 118.754 8.43897 2 1 1663.69 51.7468 32.1506 4 3 0.0593671 1.57063e-05 15.5772 2 
2.83163 -6.24667e-05 -1 1.04876 0.19262 0.000652601 2622.47 108682 3 84408.5 164.449 8.00667 2 1 712.725 43.555 16.3638 4 3 0.0584487 1.53186e-05 15.6261 2 
2.83228 -6.2402e-05 -1 1.04888 0.192625 0.000652601 2623.12 108680 4 123792 39.179 7.49739 2 1 1001.71 39.8583 25.1318 4 3 0.0572664 1.4418e-05 15.8367 2 
2.83293 -6.24005e-05 -1 1.04901 0.192611 0.000652601 2623.74 108680 3 40734 114.992 7.0756 2 1 753.423 38.104 19.7728 4 3 0.0554774 1.40941e-05 15.7892 2 
2.83359 -6.24439e-05 -1 1.04914 0.192616 0.000652601 2624.38 108678 4 183808 71.2915 7.12577 2 1 1010.69 27.6721 36.5237 4 3 0.0535207 1.49477e-05 15.2985 2 
2.83424 -6.23962e-05 -1 1.04926 0.192651 0.000652601 2625.05 108675 3 82746.8 129.171 8.62043 2 1 643.658 22.8876 28.1225 4 3 0.0518299 1.87302e-05 14.0393 2 
2.83489 -6.23539e-05 -1 1.04939 0.192632 0.000652601 2625.64 108676 2 7643.95 31.9222 15.4744 2 1 795.104 45.9334 17.3099 4 3 0.0516626 1.82519e-05 14.1456 2 
2.83554 -6.23904e-05 -1 1.04951 0.192634 0.000652601 2626.29 108674 4 186347 38.1012 8.36269 2 1 742.647 14.1334 52.5455 4 3 0.0533755 1.62678e-05 14.8595 2 
2.8362 -6.24255e-05 -1 1.04964 0.192671 0.000652601 2626.89 108674 3 165838 167.024 9.97626 2 1 748.9 19.2308 38.9427 4 3 0.0551135 1.64542e-05 14.9622 2 
2.83685 -6.24104e-05 -1 1.04976 0.192653 0.000652601 2627.42 108677 2 7100.7 27.3619 16.1093 2 1 1004.25 40.1164 25.0333 4 3 0.0614069 4.86882e-05 10.8043 2 
2.8375 -6.24542e-05 -1 1.04989 0.192653 0.000652601 2628.09 108675 3 110598 103.815 10.2132 2 1 1356.15 42.3205 32.0448 4 4 0.0641111 2.16339e-05 7.37819 2 
2.83816 -6.25402e-05 -1 1.05001 0.192683 0.000652601 2628.73 108673 3 39364.3 108.534 7.13146 2 1 1140.75 21.5349 52.9719 4 4 0.0647936 2.24004e-05 7.33363 2 
2.83881 -6.25729e-05 -1 1.05014 0.192656 0.000652601 2629.36 108672 3 41622.6 107.487 7.28884 2 1 713.469 37.6993 18.9252 4 3 0.0658517 9.95705e-05 8.71255 2 
2.83946 -6.25648e-05 -1 1.05027 0.192658 0.000652601 2630.09 108666 3 67237.8 111.455 8.44964 2 1 674.333 26.4412 25.5031 4 3 0.0660651 8.36677e-05 9.24282 2 
2.84011 -6.25646e-05 -1 1.05039 0.192649 0.000652601 2630.69 108667 3 39742 87.7722 7.67888 2 1 638.157 24.0811 26.5004 4 3 0.066222 7.41845e-05 9.62859 2 
2.84077 -6.25676e-05 -1 1.05052 0.192694 0.000652601 2631.34 108665 3 93738.6 118.674 9.24389 2 1 599.528 19.5227 30.7093 4 3 0.065744 6.69129e-05 9.94143 2 
2.84142 -6.26265e-05 -1 1.05064 0.192666 0.000652601 2631.99 108663 3 77828.1 92.0477 9.45601 2 1 752.107 32.564 23.0963 4 3 0.0652414 6.6169e-05 9.95305 2 
2.84207 -6.25975e-05 -1 1.05077 0.192677 0.000652601 2632.65 108661 3 37551.9 103.369 7.13533 2 1 909.454 17.2258 52.796 4 3 0.0642278 5.6413e-05 10.4419 2 
2.84272 -6.25948e-05 -1 1.05089 0.192675 0.000652601 2633.41 108654 3 53934.7 114.884 7.77207 2 1 670.853 18.9438 35.4128 4 3 0.0632198 5.18382e-05 10.684 2 
2.84338 -6.26061e-05 -1 1.05102 0.192691 0.000652601 2634.02 108654 4 170253 40.1233 8.07095 2 1 605.554 18.037 33.5728 4 3 0.061556 4.9138e-05 10.78 2 
2.84403 -6.2644e-05 -1 1.05115 0.192674 0.000652601 2634.58 108655 3 121909 151.133 9.30876 2 1 595.971 19.4985 30.5649 4 3 0.0600577 4.98711e-05 10.6391 2 
2.84468 -6.27057e-05 -1 1.05127 0.19269 0.000652601 2635.09 108659 2 34806.9 220.405 12.5667 2 1 722.41 29.3769 24.5911 4 3 0.0582772 4.82164e-05 10.6521 2 
2.84533 -6.27316e-05 -1 1.0514 0.192707 0.000652601 2635.64 108661 3 49273.5 131.853 7.20291 2 1 854.645 37.8938 22.5537 4 3 0.0566578 4.24137e-05 11.0133 2 
2.84599 -6.27631e-05 -1 1.05152 0.192694 0.000652601 2636.21 108663 3 39620.4 61.9978 8.61352 2 1 697.593 34.7423 20.0791 4 3 0.0548861 3.8368e-05 11.2676 2 
2.84664 -6.27624e-05 -1 1.05165 0.192705 0.000652601 2636.77 108664 4 190138 32.5722 8.74089 2 1 765.652 19.4721 39.3205 4 3 0.0578572 3.66375e-05 11.6451 2 
2.84729 -6.27927e-05 -1 1.05178 0.192703 0.000652601 2637.29 108668 2 20946.3 75.9983 16.6017 2 1 631.956 22.2721 28.3743 4 3 0.0584035 3.7193e-05 11.6232 2 
2.84794 -6.27967e-05 -1 1.0519 0.192688 0.000652601 2637.86 108669 3 72174.9 169.821 7.51851 2 1 644.976 19.23 33.54 4 3 0.0597344 3.71093e-05 11.7196 2 
2.8486 -6.29433e-05 -1 1.05203 0.192678 0.000652601 2638.42 108671 3 41399.3 208.406 5.83482 2 1 640.668 30.4172 21.0626 4 3 0.0595549 3.70917e-05 11.7097 2 
2.84925 -6.31018e-05 -1 1.05215 0.192705 0.000652601 2639.01 108671 3 134077 129.781 10.1092 2 1 594.032 34.6549 17.1414 4 3 0.059559 3.45627e-05 11.9889 2 
2.8499 -6.31271e-05 -1 1.05228 0.19272 0.000652601 2639.59 108673 4 99491.4 32.5895 7.43322 2 1 1076.1 40.4791 26.584 4 3 0.0589409 3.08077e-05 12.4142 2 
2.85055 -6.31497e-05 -1 1.0524 0.192707 0.000652601 2640.13 108675 3 72621.3 131.159 8.21149 2 1 1696.88 37.1305 45.7005 4 3 0.0582422 2.84981e-05 12.6904 2 
2.85121 -6.31086e-05 -1 1.05253 0.192734 0.000652601 2640.68 108677 3 85649.2 74.1557 10.492 2 1 660.667 37.3721 17.6781 4 3 0.0566489 2.64577e-05 12.8888 2 
2.85186 -6.31529e-05 -1 1.05266 0.192728 0.000652601 2641.26 108678 4 184074 35.8336 8.46595 2 1 1067.15 46.1354 23.1308 4 3 0.0549864 2.84527e-05 12.456 2 
2.85251 -6.31886e-05 -1 1.05278 0.192739 0.000652601 2641.79 108681 3 39458.6 87.9017 7.65682 2 1 778.525 17.0989 45.5307 4 3 0.0528494 2.74996e-05 12.4329 2 
2.85316 -6.32216e-05 -1 1.05291 0.192738 0.000652601 2642.37 108682 4 178809 48.3055 7.80006 2 1 622.47 20.3731 30.5536 4 3 0.0518614 2.78194e-05 12.3074 2 
2.85382 -6.32907e-05 -1 1.05303 0.192727 0.000652601 2642.91 108685 3 83580.3 194.307 7.54869 2 1 715.902 24.6945 28.9904 4 3 0.0525014 2.77443e-05 12.3689 2 
2.85447 -6.33159e-05 -1 1.05316 0.192746 0.000652601 2643.48 108686 4 185762 34.6821 8.55486 2 1 737.574 15.635 47.1745 4 3 0.0541855 2.60669e-05 12.7624 2 
2.85512 -6.33635e-05 -1 1.05328 0.192738 0.000652601 2644.09 108686 3 58998.3 65.1842 9.6731 2 1 686.442 25.7936 26.6129 4 3 0.0604739 2.32224e-05 13.7579 2 
2.85578 -6.34331e-05 -1 1.05341 0.192752 0.000652601 2644.67 108687 4 163918 44.8907 7.77352 2 1 791.142 35.9904 21.982 4 3 0.0630482 2.00592e-05 14.6483 2 
2.85643 -6.34487e-05 -1 1.05354 0.192758 0.000652601 2645.22 108689 3 52219.2 119.909 7.57983 2 1 1175.84 28.0871 41.8642 4 3 0.0638769 1.91849e-05 14.9323 2 
2.85708 -6.34981e-05 -1 1.05366 0.192758 0.000652601 2645.76 108692 3 111121 104.088 10.2203 2 1 585.777 25.682 22.8088 4 3 0.0650709 1.88335e-05 15.1177 2 
2.85773 -6.36026e-05 -1 1.05379 0.192762 0.000652601 2646.29 108695 3 37144 97.4565 7.25036 2 1 1126.14 38.3812 29.3409 4 3 0.0653147 2.04325e-05 14.7309 2 
2.85839 -6.3645e-05 -1 1.05391 0.192754 0.000652601 2646.87 108696 3 43090.5 102.543 7.49017 2 1 724.296 21.7579 33.289 4 3 0.0656109 2.06773e-05 14.6947 2 
2.85904 -6.36721e-05 -1 1.05404 0.192757 0.000652601 2647.43 108697 3 39156.5 107.826 7.13444 2 1 658.86 31.9057 20.6502 4 3 0.0652213 2.01255e-05 14.7984 2 
2.85969 -6.37015e-05 -1 1.05416 0.192773 0.000652601 2648 108699 3 65780.2 64.8769 10.0462 2 1 629.421 26.0617 24.1512 4 3 0.064816 2.03844e-05 14.7049 2 
2.86034 -6.37015e-05 -1 1.05429 0.192786 0.000652601 2648.56 108701 3 39273.5 73.4238 8.11747 2 1 585.882 14.4285 40.6058 4 3 0.0639093 2.05818e-05 14.589 2 
2.861 -6.37467e-05 -1 1.05442 0.19282 0.000652601 2649.15 108701 3 91034.1 113.921 9.27968 2 1 577.595 23.4253 24.6569 4 3 0.0630277 1.99145e-05 14.6821 2 
2.86165 -6.38057e-05 -1 1.05454 0.192788 0.000652601 2649.75 108701 4 168644 41.3687 7.99052 2 1 938.922 28.5035 32.9406 4 3 0.0616453 1.80205e-05 15.0676 2 
2.8623 -6.38596e-05 -1 1.05467 0.192793 0.000652601 2650.31 108703 3 45290.6 21.7071 12.7782 2 1 616.605 20.6555 29.8519 4 3 0.0601734 1.55769e-05 15.6907 2 
2.86295 -6.38913e-05 -1 1.05479 0.192797 0.000652601 2650.86 108705 3 53225.1 91.871 8.33642 2 1 630.66 18.3494 34.3694 4 3 0.0585479 1.64649e-05 15.2634 2 
2.86361 -6.38862e-05 -1 1.05492 0.192794 0.000652601 2651.43 108706 3 122378 136.305 9.6471 2 1 607.239 19.3304 31.4136 4 3 0.0570086 1.70482e-05 14.9539 2 
2.86426 -6.38253e-05 -1 1.05504 0.192794 0.000652601 2651.98 108708 3 49142.1 117.034 7.48826 2 1 769.736 39.569 19.453 4 3 0.0552813 1.60547e-05 15.1005 2 
2.86491 -6.38904e-05 -1 1.05517 0.192827 0.000652601 2652.52 108711 3 38695.3 109.465 7.07068 2 1 790.45 43.8334 18.0331 4 3 0.0535873 1.50035e-05 15.2858 2 
2.86556 -6.39973e-05 -1 1.0553 0.192814 0.000652601 2653.1 108712 3 44740.1 123.899 7.12103 2 1 648.693 39.1216 16.5814 4 3 0.0568625 1.45887e-05 15.7375 2 
2.86622 -6.39939e-05 -1 1.05542 0.192813 0.000652601 2653.66 108714 4 185644 47.2783 7.91598 2 1 629.978 22.8993 27.5108 4 3 0.0591867 1.4455e-05 15.9981 2 
2.86687 -6.39168e-05 -1 1.05555 0.192823 0.000652601 2654.2 108716 3 64329.2 147.562 7.58247 2 1 649.879 19.0432 34.1266 4 3 0.0593389 1.52452e-05 15.7302 2 
2.86752 -6.38582e-05 -1 1.05567 0.192808 0.000652601 2654.89 108713 3 73445.8 211.339 7.03065 2 1 708.238 30.3524 23.3338 4 3 0.0597868 1.61044e-05 15.4841 2 
2.86817 -6.38652e-05 -1 1.0558 0.192821 0.000652601 2655.52 108712 3 42994.6 107.622 7.36497 2 1 639.707 19.6197 32.6053 4 3 0.0593175 1.63839e-05 15.3552 2 
2.86883 -6.38831e-05 -1 1.05593 0.192821 0.000652601 2656.17 108710 3 134174 180.497 9.05872 2 1 596.201 30.0284 19.8546 4 3 0.0590804 1.64289e-05 15.3207 2 
2.86948 -6.39135e-05 -1 1.05605 0.192848 0.000652601 2656.8 108709 3 99403.6 121.97 9.34077 2 1 1672.74 38.2168 43.7697 4 3 0.0580583 1.60925e-05 15.3372 2 
2.87013 -6.40476e-05 -1 1.05618 0.192833 0.000652601 2657.39 108709 3 58147.3 163.408 7.08629 2 1 843.513 42.5261 19.8352 4 3 0.0567736 1.56913e-05 15.3519 2 
2.87079 -6.40892e-05 -1 1.0563 0.192843 0.000652601 2657.97 108710 4 182650 64.8734 7.28431 2 1 684.935 20.4667 33.4658 4 3 0.054952 1.48449e-05 15.4692 2 
2.87144 -6.41223e-05 -1 1.05643 0.192847 0.000652601 2658.53 108712 3 83615.2 89.2178 9.78614 2 1 1104.86 24.8096 44.5336 4 3 0.0532648 1.47643e-05 15.3371 2 
2.87209 -6.40997e-05 -1 1.05656 0.192848 0.000652601 2659.12 108712 4 183096 30.1045 8.83103 2 1 755.42 23.906 31.5996 4 3 0.0519641 1.48123e-05 15.1948 2 
2.87274 -6.41324e-05 -1 1.05668 0.192855 0.000652601 2659.68 108714 3 142236 115.537 10.7176 2 1 664.64 26.3274 25.2452 4 3 0.0528817 1.63933e-05 14.7756 2 
2.8734 -6.41566e-05 -1 1.05681 0.192862 0.000652601 2660.29 108714 4 186188 43.3839 8.09387 2 1 615.746 31.6616 19.4477 4 3 0.0544709 1.86041e-05 14.306 2 
2.87405 -6.41372e-05 -1 1.05693 0.192858 0.000652601 2660.83 108716 3 47345.8 120.792 7.31837 2 1 841.24 20.4715 41.0931 4 3 0.0617036 1.8898e-05 14.8354 2 
2.8747 -6.41857e-05 -1 1.05706 0.192854 0.000652601 2661.37 108719 3 167409 168.669 9.97504 2 1 623.129 29.2346 21.3148 4 3 0.0624924 1.98966e-05 14.6448 2 
2.87535 -6.4047e-05 -1 1.05718 0.192861 0.000652601 2661.92 108721 3 58038.1 34.8472 11.8536 2 1 615.358 53.3291 11.5389 4 3 0.0639968 2.10303e-05 14.4912 2 
2.87601 -6.40165e-05 -1 1.05731 0.192871 0.000652601 2662.49 108722 3 53908.9 107.722 7.93937 2 1 1297.27 60.6228 21.399 4 3 0.0645716 2.17499e-05 14.3724 2 
2.87666 -6.40573e-05 -1 1.05744 0.192876 0.000652601 2663.03 108725 3 112345 114.549 9.93545 2 1 562.755 26.302 21.3959 4 3 0.0650674 2.24985e-05 14.2474 2 
2.87731 -6.40603e-05 -1 1.05756 0.192877 0.000652601 2663.57 108728 3 42998.8 82.1205 8.06 2 1 1042.08 33.336 31.26 4 3 0.064814 2.29338e-05 14.1383 2 
2.87796 -6.40514e-05 -1 1.05769 0.192875 0.000652601 2664.12 108730 3 39950.2 81.4512 7.88631 2 1 645.276 31.8645 20.2506 4 3 0.0646978 2.3394e-05 14.0366 2 
2.87862 -6.4036e-05 -1 1.05781 0.192885 0.000652601 2664.65 108733 2 30278.6 169.629 13.3603 2 1 658.873 29.5098 22.3272 4 3 0.0639362 3.32594e-05 12.434 2 
2.87927 -6.40508e-05 -1 1.05794 0.192896 0.000652601 2665.26 108732 4 168963 46.1862 7.77714 2 1 644.995 39.541 16.3121 4 3 0.0631914 9.61596e-05 8.69404 2 
2.87992 -6.41023e-05 -1 1.05806 0.192889 0.000652601 2665.81 108734 3 39097.2 116.819 6.94295 2 1 585.309 33.9016 17.2649 4 3 0.0620697 9.78031e-05 8.59361 2 
2.88057 -6.41395e-05 -1 1.05819 0.192891 0.000652601 2666.37 108736 3 92664.6 107.595 9.51423 2 1 549.36 30.7609 17.8591 4 3 0.0608581 8.55949e-05 8.92531 2 
2.88123 -6.4161e-05 -1 1.05832 0.192894 0.000652601 2666.94 108738 3 77598.6 82.2448 9.80803 2 1 662.998 26.3215 25.1885 4 3 0.059294 7.53643e-05 9.2317 2 
2.88188 -6.41814e-05 -1 1.05844 0.192899 0.000652601 2667.48 108740 3 39772.9 78.0426 7.98764 2 1 624.826 29.458 21.2108 4 3 0.0578149 6.54556e-05 9.59469 2 
2.88253 -6.42157e-05 -1 1.05857 0.192903 0.000652601 2668.03 108742 3 54709.6 89.3773 8.49074 2 1 664.645 17.4973 37.9856 4 3 0.0562097 5.95711e-05 9.80826 2 
2.88318 -6.41848e-05 -1 1.05869 0.19291 0.000652601 2668.59 108744 3 123492 137.8 9.64117 2 1 605.694 22.2418 27.2322 4 3 0.0546003 5.84213e-05 9.77706 2 
2.88384 -6.4226e-05 -1 1.05882 0.192916 0.000652601 2669.13 108747 2 16151.5 75.6381 14.6129 2 1 690.909 31.0304 22.2655 4 3 0.0528194 5.12303e-05 10.1023 2 
2.88449 -6.42967e-05 -1 1.05895 0.192929 0.000652601 2669.66 108749 3 44616.3 117.932 7.23248 2 1 800.732 29.0711 27.5439 4 3 0.0510552 4.6111e-05 10.3453 2 
2.88514 -6.43452e-05 -1 1.05907 0.192923 0.000652601 2670.26 108750 4 188455 40.8193 8.24301 2 1 681.422 18.0033 37.8498 4 3 0.0577186 4.39989e-05 10.9469 2 
2.88579 -6.43229e-05 -1 1.0592 0.19292 0.000652601 2670.86 108750 3 38763.5 58.5457 8.71584 2 1 694.296 15.7373 44.1179 4 3 0.0594134 4.44358e-05 11.0167 2 
2.88645 -6.43583e-05 -1 1.05932 0.192935 0.000652601 2671.44 108751 3 72444.4 158.236 7.70726 2 1 613.745 16.2555 37.756 4 3 0.0594067 4.36536e-05 11.0817 2 
2.8871 -6.44536e-05 -1 1.05945 0.192928 0.000652601 2672.01 108752 3 39454 94.9529 7.4621 2 1 664.608 28.588 23.2478 4 3 0.0595854 3.81092e-05 11.6066 2 
2.88775 -6.44549e-05 -1 1.05958 0.19294 0.000652601 2672.58 108753 3 61736.1 50.043 10.725 2 1 1728.49 39.2265 44.0644 4 3 0.0590878 3.42528e-05 11.9932 2 
2.88841 -6.44627e-05 -1 1.0597 0.192937 0.000652601 2673.29 108749 3 135104 137.238 9.94789 2 1 588.834 19.5791 30.0746 4 3 0.0585588 3.27644e-05 12.1357 2 
2.88906 -6.45913e-05 -1 1.05983 0.192945 0.000652601 2673.9 108749 4 102371 43.9052 6.94889 2 1 911.713 34.2253 26.6386 4 3 0.0571993 3.33054e-05 11.9755 2 
2.88971 -6.4533e-05 -1 1.05995 0.19295 0.000652601 2674.49 108749 4 182214 49.3589 7.79478 2 1 660.645 34.6165 19.0847 4 3 0.0558125 3.33284e-05 11.8751 2 
2.89036 -6.45533e-05 -1 1.06008 0.192933 0.000652601 2675.07 108750 3 73121.9 110.875 8.70437 2 1 656.653 23.9212 27.4507 4 3 0.0537957 3.34824e-05 11.7123 2 
2.89102 -6.45874e-05 -1 1.06021 0.192951 0.000652601 2675.64 108752 3 85572.9 90.3499 9.82056 2 1 631.882 20.5569 30.7382 4 3 0.052924 3.08761e-05 11.9677 2 
2.89167 -6.45773e-05 -1 1.06033 0.192943 0.000652601 2676.27 108750 3 181096 166.906 10.2757 2 1 1145.66 30.0808 38.0859 4 3 0.0526496 2.71178e-05 12.4752 2 
2.89232 -6.46842e-05 -1 1.06046 0.192961 0.000652601 2676.85 108751 4 187433 33.8741 8.62471 2 1 1242.26 41.1477 30.1903 4 3 0.0542346 2.42107e-05 13.0845 2 
2.89297 -6.47044e-05 -1 1.06058 0.192974 0.000652601 2677.41 108753 3 85175.7 179.272 7.80311 2 1 854.473 36.8091 23.2136 4 3 0.060669 2.37e-05 13.6796 2 
2.89363 -6.46886e-05 -1 1.06071 0.192973 0.000652601 2677.98 108754 3 124044 219.503 8.26759 2 1 652.733 23.6819 27.5626 4 3 0.062679 2.49691e-05 13.5906 2 
2.89428 -6.46738e-05 -1 1.06084 0.192977 0.000652601 2678.56 108755 4 167447 46.1732 7.76018 2 1 783.246 19.85 39.4582 4 3 0.0635991 2.43749e-05 13.7669 2 
2.89493 -6.47044e-05 -1 1.06096 0.192965 0.000652601 2679.13 108757 3 53446.1 114.581 7.75534 2 1 848.518 19.45 43.6255 4 3 0.0642212 2.4735e-05 13.7443 2 
2.89558 -6.47666e-05 -1 1.06109 0.192984 0.000652601 2679.69 108758 3 57511.1 111.697 8.015 2 1 1046.36 35.1704 29.7511 4 3 0.0644231 2.44979e-05 13.8029 2 
2.89624 -6.48239e-05 -1 1.06121 0.19298 0.000652601 2680.22 108761 3 114131 111.285 10.0845 2 1 567.822 26.1012 21.7547 4 3 0.0645555 2.3379e-05 14.0293 2 
2.89689 -6.48421e-05 -1 1.06134 0.192981 0.000652601 2680.75 108764 3 39658.9 80.2715 7.90545 2 1 1094.36 22.9096 47.7684 4 3 0.0640548 2.05709e-05 14.6027 2 
2.89754 -6.48231e-05 -1 1.06146 0.192985 0.000652601 2681.33 108765 3 35495.4 93.226 7.24789 2 1 689.493 28.4088 24.2704 4 3 0.0635953 1.77333e-05 15.3066 2 
2.89819 -6.48544e-05 -1 1.06159 0.192999 0.000652601 2681.91 108766 4 167190 50.7274 7.57691 2 1 658.845 22.8294 28.8595 4 3 0.0626205 1.70327e-05 15.434 2 
2.89885 -6.4886e-05 -1 1.06172 0.192995 0.000652601 2682.47 108768 3 40016.5 114.154 7.05097 2 1 631.305 24.023 26.2792 4 3 0.0617029 1.80087e-05 15.0756 2 
2.8995 -6.48969e-05 -1 1.06184 0.193006 0.000652601 2683.03 108769 3 66593 109.569 8.47059 2 1 616.087 27.3169 22.5533 4 3 0.060497 1.84106e-05 14.8669 2 
2.90015 -6.49338e-05 -1 1.06197 0.192998 0.000652601 2683.59 108771 3 94635.3 75.5914 10.7777 2 1 555.629 30.6677 18.1177 4 3 0.0590704 1.87319e-05 14.6643 2 
2.9008 -6.4973e-05 -1 1.06209 0.192998 0.000652601 2684.16 108773 3 79605.9 86.6392 9.72173 2 1 688.079 42.8189 16.0695 4 3 0.05755 1.79233e-05 14.7529 2 
2.90146 -6.49658e-05 -1 1.06222 0.193037 0.000652601 2684.73 108774 3 38051.9 99.314 7.2631 2 1 591.323 20.0741 29.457 4 3 0.056076 1.81727e-05 14.5586 2 
2.90211 -6.4976e-05 -1 1.06235 0.193019 0.000652601 2685.31 108775 3 37249.5 102.467 7.13693 2 1 665.615 30.2376 22.0128 4 3 0.0543777 1.79952e-05 14.4573 2 
2.90276 -6.49752e-05 -1 1.06247 0.193021 0.000652601 2686.04 108770 3 125587 97.4934 10.8807 2 1 594.244 16.6726 35.642 4 3 0.052745 1.74411e-05 14.4611 2 
2.90342 -6.50114e-05 -1 1.0626 0.193019 0.000652601 2686.72 108766 3 44419.9 124.395 7.09455 2 1 595.733 24.6994 24.1193 4 3 0.0509284 1.77651e-05 14.2057 2 
2.90407 -6.50253e-05 -1 1.06272 0.193032 0.000652601 2687.37 108765 3 40181.7 73.3983 8.18052 2 1 782.828 42.0325 18.6243 4 3 0.0577538 1.58021e-05 15.4036 2 
2.90472 -6.50075e-05 -1 1.06285 0.193033 0.000652601 2688.01 108763 4 186557 79.8938 6.95144 2 1 669.702 17.1943 38.9491 4 3 0.05823 1.42284e-05 15.9955 2 
2.90537 -6.48541e-05 -1 1.06298 0.193022 0.000652601 2688.58 108764 3 64937.8 108.352 8.43115 2 1 700.304 27.3525 25.6029 4 3 0.0593233 1.53407e-05 15.6961 2 
2.90603 -6.4838e-05 -1 1.0631 0.193035 0.000652601 2689.15 108766 3 73556 207.121 7.0816 2 1 777.93 36.3189 21.4194 4 3 0.059261 1.61366e-05 15.4283 2 
2.90668 -6.48453e-05 -1 1.06323 0.193041 0.000652601 2689.72 108767 3 38953.2 108.842 7.09984 2 1 1645.09 37.2214 44.1973 4 3 0.0591948 1.66584e-05 15.2598 2 
2.90733 -6.49231e-05 -1 1.06335 0.193043 0.000652601 2690.27 108769 3 64037.5 73.6105 9.54622 2 1 946.809 17.7529 53.3326 4 3 0.0585335 1.66685e-05 15.1997 2 
2.90798 -6.49283e-05 -1 1.06348 0.193061 0.000652601 2690.83 108771 3 137010 113.508 10.6473 2 1 609.649 16.6959 36.5148 4 3 0.0577382 1.6495e-05 15.1835 2 
2.90864 -6.50165e-05 -1 1.06361 0.193057 0.000652601 2691.42 108771 3 104556 168.046 8.53705 2 1 855.596 26.0401 32.8569 4 3 0.0562085 1.60913e-05 15.173 2 
2.90929 -6.50112e-05 -1 1.06373 0.193059 0.000652601 2692 108772 4 179530 62.4576 7.32214 2 1 663.232 25.541 25.9674 4 3 0.0545867 1.56105e-05 15.1783 2 
2.90994 -6.49872e-05 -1 1.06386 0.193067 0.000652601 2692.55 108774 3 50312.7 56.6632 9.61152 2 1 791.794 36.9056 21.4546 4 3 0.0532098 1.51245e-05 15.2091 2 
2.91059 -6.50238e-05 -1 1.06398 0.193066 0.000652601 2693.1 108776 3 72117.9 188.009 7.26588 2 1 640.477 24.6178 26.0168 4 3 0.0520963 1.5278e-05 15.0515 2 
2.91125 -6.50455e-05 -1 1.06411 0.193073 0.000652601 2693.69 108777 4 180809 75.1001 7.00479 2 1 1164.64 64.916 17.9407 4 3 0.0535251 1.59747e-05 14.9638 2 
2.9119 -6.50682e-05 -1 1.06424 0.193069 0.000652601 2694.28 108778 4 186012 70.2503 7.17337 2 1 1061 24.7858 42.8066 4 3 0.0606418 1.84372e-05 14.8717 2 
2.91255 -6.50188e-05 -1 1.06436 0.193077 0.000652601 2694.83 108780 3 40084.4 117.983 6.97781 2 1 712.283 29.3502 24.2684 4 3 0.0614514 1.92346e-05 14.7282 2 
2.9132 -6.50675e-05 -1 1.06449 0.193087 0.000652601 2695.4 108781 3 39183 84.9325 7.72695 2 1 715.347 45.4702 15.7322 4 3 0.0630255 2.027e-05 14.5956 2 
2.91386 -6.51593e-05 -1 1.06461 0.193088 0.000652601 2695.96 108783 4 124163 38.1375 7.5537 2 1 637.222 24.1428 26.3939 4 3 0.0634575 2.09578e-05 14.467 2 
2.91451 -6.51576e-05 -1 1.06474 0.193102 0.000652601 2696.51 108785 3 163120 161.443 10.0345 2 1 801.625 16.2028 49.4744 4 3 0.0640684 2.1728e-05 14.3397 2 
2.91516 -6.51178e-05 -1 1.06487 0.193095 0.000652601 2697.08 108786 3 59673.2 87.401 8.8055 2 1 1023.79 45.9412 22.2847 4 3 0.0638622 2.2149e-05 14.233 2 
2.91581 -6.51557e-05 -1 1.06499 0.1931 0.000652601 2697.64 108788 3 44099.1 97.3998 7.67875 2 1 723.881 47.6419 15.1942 4 3 0.0638202 2.26411e-05 14.126 2 
2.91647 -6.51558e-05 -1 1.06512 0.193098 0.000652601 2698.24 108788 4 167340 36.967 8.2025 2 1 1104.79 23.4459 47.1209 4 3 0.0631266 2.28818e-05 14.0251 2 
2.91712 -6.52032e-05 -1 1.06524 0.193098 0.000652601 2698.83 108788 3 34885.1 88.5121 7.33183 2 1 664.918 16.2371 40.9506 4 3 0.0625115 2.31567e-05 13.9239 2 
2.91777 -6.52168e-05 -1 1.06537 0.19311 0.000652601 2699.42 108789 3 39566.5 95.0644 7.46626 2 1 669.978 21.0069 31.8932 4 3 0.0614634 2.31794e-05 13.8411 2 
2.91842 -6.52352e-05 -1 1.0655 0.193109 0.000652601 2699.97 108791 3 37943.3 105.052 7.12159 2 1 639.597 25.9046 24.6905 4 3 0.0605225 2.32514e-05 13.7559 2 
2.91908 -6.5231e-05 -1 1.06562 0.193108 0.000652601 2700.55 108792 3 69121.1 65.6465 10.1734 2 1 631.067 22.3147 28.2803 4 3 0.0591579 2.30881e-05 13.6838 2 
2.91973 -6.52686e-05 -1 1.06575 0.193123 0.000652601 2701.11 108794 3 39558.4 58.0318 8.80084 2 1 573.137 24.4216 23.4684 4 3 0.0577589 2.28487e-05 13.6224 2 
2.92038 -6.52475e-05 -1 1.06587 0.193119 0.000652601 2701.7 108794 3 93545.5 107.364 9.55114 2 1 540.332 29.5387 18.2924 4 3 0.0562565 3.65588e-05 11.545 2 
2.92104 -6.52582e-05 -1 1.066 0.193131 0.000652601 2702.29 108794 3 78882.8 111.266 8.91676 2 1 638.573 28.142 22.6911 4 4 0.0547441 1.98773e-05 7.24428 2 
2.92169 -6.52378e-05 -1 1.06613 0.193137 0.000652601 2702.92 108793 3 49919.8 138.337 7.11943 2 1 628.511 23.5216 26.7206 4 4 0.053046 2.26966e-05 6.95301 2 
2.92234 -6.52272e-05 -1 1.06625 0.193123 0.000652601 2703.52 108794 3 38630.1 81.6611 7.79179 2 1 614 25.0496 24.5114 4 4 0.0513968 2.08721e-05 7.04437 2 
2.92299 -6.52731e-05 -1 1.06638 0.193134 0.000652601 2704.09 108795 3 123525 161.404 9.14704 2 1 593.538 15.6014 38.044 4 3 0.0504084 8.80168e-05 8.30448 2 
2.92365 -6.53171e-05 -1 1.0665 0.193134 0.000652601 2704.63 108797 3 40024 90.6829 7.61375 2 1 707.736 28.3924 24.9269 4 3 0.0579793 7.67066e-05 9.10919 2 
2.9243 -6.53144e-05 -1 1.06663 0.193143 0.000652601 2705.2 108799 4 186167 31.6984 8.75419 2 1 826.02 34.7512 23.7695 4 3 0.0583092 6.84899e-05 9.47771 2 
2.92495 -6.5326e-05 -1 1.06676 0.19315 0.000652601 2705.76 108800 3 72352.7 132.788 8.16768 2 1 670.473 17.6307 38.0288 4 3 0.059312 6.65412e-05 9.62389 2 
2.9256 -6.54327e-05 -1 1.06688 0.193149 0.000652601 2706.32 108802 3 37149.9 109.834 6.96745 2 1 611.989 37.3916 16.367 4 3 0.0590072 5.8901e-05 10.006 2 
2.92626 -6.549e-05 -1 1.06701 0.193155 0.000652601 2706.88 108804 3 39671 118.487 6.94386 2 1 1651.41 34.221 48.257 4 3 0.0591127 5.26641e-05 10.3926 2 
2.92691 -6.55159e-05 -1 1.06713 0.193164 0.000652601 2707.42 108806 3 39007.5 99.4091 7.32106 2 1 658.285 17.0209 38.675 4 3 0.058348 4.96935e-05 10.5497 2 
2.92756 -6.55508e-05 -1 1.06726 0.193146 0.000652601 2707.99 108807 3 63741 70.3935 9.6745 2 1 591.241 20.8365 28.3752 4 3 0.0574289 5.00048e-05 10.4722 2 
2.92821 -6.56112e-05 -1 1.06739 0.193165 0.000652601 2708.57 108809 4 181071 37.1678 8.3545 2 1 812.389 28.5759 28.4292 4 3 0.0558826 4.95866e-05 10.4065 2 
2.92887 -6.56625e-05 -1 1.06751 0.193167 0.000652601 2709.13 108810 3 103281 79.4361 10.9144 2 1 661.308 17.8837 36.9784 4 3 0.0542538 4.34138e-05 10.7713 2 
2.92952 -6.56637e-05 -1 1.06764 0.193168 0.000652601 2709.63 108814 1 1758.28 167.449 10.5004 2 1 640.492 18.9226 33.848 4 3 0.0531937 3.88937e-05 11.1001 2 
2.93017 -6.56865e-05 -1 1.06776 0.193181 0.000652601 2710.19 108816 3 50140.2 87.6783 8.30038 2 1 887 18.4049 48.1937 4 3 0.0523996 3.78585e-05 11.1444 2 
2.93082 -6.56705e-05 -1 1.06789 0.193171 0.000652601 2710.74 108818 3 182034 181.268 10.0141 2 1 720.032 21.8268 32.9884 4 3 0.0584575 3.7931e-05 11.5509 2 
2.93148 -6.56533e-05 -1 1.06802 0.19318 0.000652601 2711.32 108819 4 185385 35.7059 8.48855 2 1 1183.84 30.7734 38.4697 4 3 0.0609598 3.76585e-05 11.7416 2 
2.93213 -6.56633e-05 -1 1.06814 0.19318 0.000652601 2711.91 108820 3 141925 179.751 9.24263 2 1 897.288 41.6453 21.546 4 3 0.0617997 3.80795e-05 11.7516 2 
2.93278 -6.56957e-05 -1 1.06827 0.193194 0.000652601 2712.47 108821 3 38210.5 99.4193 7.27061 2 1 913.1 44.8305 20.3678 4 3 0.0629906 3.52377e-05 12.1364 2 
2.93343 -6.57172e-05 -1 1.0684 0.193196 0.000652601 2713.01 108824 3 54302.7 127.234 7.52904 2 1 766.207 31.5887 24.2558 4 3 0.0632113 3.05835e-05 12.738 2 
2.93409 -6.57128e-05 -1 1.06852 0.193197 0.000652601 2713.62 108823 4 164726 41.3067 7.94668 2 1 798.348 23.7104 33.6708 4 3 0.0636809 2.85316e-05 13.0686 2 
2.93474 -6.5729e-05 -1 1.06865 0.19319 0.000652601 2714.19 108824 3 43746.6 104.974 7.46944 2 1 1082.6 24.9493 43.392 4 3 0.0633828 2.73885e-05 13.2272 2 
2.93539 -6.5752e-05 -1 1.06877 0.193203 0.000652601 2714.87 108822 4 166833 40.9625 7.98866 2 1 601.683 27.2567 22.0747 4 3 0.0631379 2.86716e-05 13.0101 2 
2.93605 -6.5783e-05 -1 1.0689 0.193204 0.000652601 2715.48 108821 2 7753.53 51.6319 12.2544 2 1 1126.41 22.2433 50.6405 4 3 0.0624225 2.81265e-05 13.0439 2 
2.9367 -6.57858e-05 -1 1.06903 0.193209 0.000652601 2716.12 108820 3 110796 96.9306 10.4557 2 1 562.837 15.7684 35.694 4 3 0.0616781 2.83515e-05 12.9574 2 
2.93735 -6.5866e-05 -1 1.06915 0.193213 0.000652601 2716.75 108819 3 39535.6 117.516 6.955 2 1 692.357 25.2028 27.4714 4 3 0.0607157 2.82679e-05 12.9024 2 
2.938 -6.58633e-05 -1 1.06928 0.193214 0.000652601 2717.33 108819 3 39066.2 75.1257 8.04151 2 1 706.59 22.8605 30.9088 4 3 0.0597259 2.62286e-05 13.1562 2 
2.93866 -6.58747e-05 -1 1.0694 0.193221 0.000652601 2717.92 108820 3 39502.9 62.289 8.59157 2 1 637.257 17.375 36.6767 4 3 0.0583091 2.31599e-05 13.604 2 
2.93931 -6.58683e-05 -1 1.06953 0.193222 0.000652601 2718.53 108820 3 68720.1 48.9066 11.2005 2 1 600.128 19.8161 30.2849 4 3 0.0569572 2.05139e-05 14.0551 2 
2.93996 -6.5833e-05 -1 1.06965 0.193232 0.000652601 2719.08 108822 3 38323.8 102.192 7.21136 2 1 555.341 18.6612 29.7591 4 3 0.0554658 1.92207e-05 14.237 2 
2.94061 -6.58272e-05 -1 1.06978 0.19322 0.000652601 2719.63 108824 3 92969 138.693 8.75174 2 1 571.836 21.1013 27.0995 4 3 0.053962 1.96434e-05 14.0052 2 
2.94127 -6.59161e-05 -1 1.06991 0.193229 0.000652601 2720.17 108826 3 78550.3 86.9333 9.66764 2 1 924.511 34.9954 26.4181 4 3 0.052279 2.15993e-05 13.4265 2 
2.94192 -6.59017e-05 -1 1.07003 0.193236 0.000652601 2720.72 108828 3 45259.7 126.477 7.09959 2 1 600.898 29.0729 20.6687 4 3 0.0506378 2.06529e-05 13.4844 2 
2.94257 -6.59025e-05 -1 1.07016 0.193248 0.000652601 2721.26 108831 3 40951.9 92.8225 7.61273 2 1 650.756 32.7625 19.8628 4 3 0.0502385 2.07089e-05 13.4367 2 
2.94322 -6.58815e-05 -1 1.07029 0.193239 0.000652601 2721.8 108833 3 122082 145.451 9.43288 2 1 642.657 38.132 16.8535 4 3 0.0577704 2.11265e-05 13.9838 2 
2.94388 -6.57626e-05 -1 1.07041 0.193247 0.000652601 2722.41 108833 4 187108 44.41 8.05662 2 1 849.396 51.4724 16.502 4 3 0.0581444 2.07078e-05 14.1078 2 
2.94453 -6.57011e-05 -1 1.07054 0.193242 0.000652601 2722.95 108836 3 73312.4 205.864 7.08814 2 1 821.472 49.0164 16.7591 4 3 0.0591499 1.96732e-05 14.4331 2 
2.94518 -6.57203e-05 -1 1.07066 0.193254 0.000652601 2723.49 108838 3 39273.5 96.3504 7.4145 2 1 1607.58 41.7788 38.4784 4 3 0.0589181 1.66075e-05 15.2516 2 
2.94583 -6.57318e-05 -1 1.07079 0.19326 0.000652601 2724.07 108839 3 34042.9 100.607 6.96839 2 1 600.238 25.4772 23.5598 4 3 0.0589823 1.70203e-05 15.1328 2 
2.94649 -6.57449e-05 -1 1.07092 0.193255 0.000652601 2724.63 108841 3 57410.9 170.262 6.96027 2 1 619.645 23.191 26.7192 4 3 0.0582791 1.71095e-05 15.0461 2 
2.94714 -6.57258e-05 -1 1.07104 0.193263 0.000652601 2725.17 108843 3 37479 49.8152 9.09512 2 1 917.25 24.5666 37.3373 4 3 0.0574035 1.7005e-05 15.001 2 
2.94779 -6.5743e-05 -1 1.07117 0.193266 0.000652601 2725.73 108845 4 180355 64.1473 7.28178 2 1 603.873 17.8318 33.865 4 3 0.0558493 1.66668e-05 14.9643 2 
2.94844 -6.57157e-05 -1 1.07129 0.193265 0.000652601 2726.27 108847 3 132603 104.954 10.8106 2 1 788.53 16.4548 47.9211 4 3 0.0543613 1.62829e-05 14.9458 2 
2.9491 -6.5789e-05 -1 1.07142 0.193272 0.000652601 2726.8 108850 3 102759 118.257 9.54254 2 1 743.161 28.3161 26.2452 4 3 0.0532382 1.592e-05 14.9541 2 
2.94975 -6.58181e-05 -1 1.07155 0.193274 0.000652601 2727.3 108854 1 1874.46 180.831 10.3658 2 1 646.525 20.2872 31.8687 4 3 0.0523207 1.60305e-05 14.8334 2 
2.9504 -6.58377e-05 -1 1.07167 0.193286 0.000652601 2727.85 108856 3 50239.9 122.724 7.42518 2 1 907.737 39.3516 23.0674 4 3 0.0583142 1.71802e-05 15.0285 2 
2.95105 -6.58655e-05 -1 1.0718 0.193286 0.000652601 2728.43 108857 4 185747 39.9563 8.25722 2 1 1167 26.6452 43.7976 4 3 0.0609427 1.8538e-05 14.8692 2 
2.95171 -6.59124e-05 -1 1.07193 0.193288 0.000652601 2729.03 108857 3 145270 129.844 10.3813 2 1 1117.59 29.4193 37.9882 4 3 0.0615228 1.90692e-05 14.7764 2 
2.95236 -6.58187e-05 -1 1.07205 0.193295 0.000652601 2729.61 108858 3 53538.3 99.7346 8.12717 2 1 829.439 46.9601 17.6626 4 3 0.0626778 1.9839e-05 14.6734 2 
2.95301 -6.58089e-05 -1 1.07218 0.193295 0.000652601 2730.17 108860 3 39872.9 118.156 6.9621 2 1 832.529 36.2739 22.9512 4 3 0.0630188 2.03948e-05 14.5652 2 
2.95367 -6.58489e-05 -1 1.0723 0.193304 0.000652601 2730.74 108861 4 167865 38.9049 8.10473 2 1 717.219 27.0263 26.5378 4 3 0.0632903 2.10364e-05 14.4363 2 
2.95432 -6.57754e-05 -1 1.07243 0.193303 0.000652601 2731.3 108863 3 149842 180.747 9.39408 2 1 1095.63 40.9859 26.7319 4 3 0.0630517 2.13943e-05 14.3373 2 
2.95497 -6.57765e-05 -1 1.07256 0.1933 0.000652601 2731.89 108863 4 165808 43.6005 7.85288 2 1 1294.45 55.833 23.1843 4 3 0.0628378 2.18153e-05 14.2283 2 
2.95562 -6.58184e-05 -1 1.07268 0.193304 0.000652601 2732.46 108865 3 59542.2 86.5972 8.8262 2 1 620.874 21.4614 28.9297 4 3 0.0620162 2.19916e-05 14.1281 2 
2.95628 -6.58135e-05 -1 1.07281 0.19331 0.000652601 2733 108867 3 114461 105.093 10.2887 2 1 1055.4 21.4261 49.2574 4 3 0.0613642 2.21769e-05 14.0391 2 
2.95693 -6.58093e-05 -1 1.07293 0.193307 0.000652601 2733.55 108869 3 47971.4 101.55 7.78815 2 1 522.291 22.2616 23.4616 4 3 0.0603962 2.22258e-05 13.9546 2 
2.95758 -6.58218e-05 -1 1.07306 0.193315 0.000652601 2734.16 108869 3 39736.3 86.7761 7.70777 2 1 637.763 26.1757 24.3647 4 3 0.0594371 2.22835e-05 13.8683 2 
2.95823 -6.58136e-05 -1 1.07319 0.19334 0.000652601 2734.76 108869 3 36855.2 85.6691 7.54904 2 1 640.547 24.2999 26.36 4 3 0.0580509 2.21141e-05 13.7947 2 
2.95889 -6.58248e-05 -1 1.07331 0.193323 0.000652601 2735.29 108872 2 24003 161.608 12.1871 2 1 623.413 23.9597 26.0192 4 3 0.0567008 2.19344e-05 13.7242 2 
2.95954 -6.57861e-05 -1 1.07344 0.193322 0.000652601 2735.85 108873 3 68811.2 102.178 8.76531 2 1 605.114 25.7635 23.4872 4 3 0.0552462 2.13256e-05 13.7341 2 
2.96019 -6.58172e-05 -1 1.07356 0.193328 0.000652601 2736.41 108875 3 50543 136.86 7.17455 2 1 531.554 26.0563 20.4002 4 3 0.0537632 2.0464e-05 13.7985 2 
2.96084 -6.58545e-05 -1 1.07369 0.193333 0.000652601 2736.99 108876 3 92526.1 99.0635 9.775 2 1 658.486 34.4286 19.1261 4 3 0.0521029 1.94353e-05 13.8917 2 
2.9615 -6.59654e-05 -1 1.07382 0.193341 0.000652601 2737.53 108878 3 78322.2 112.218 8.87036 2 1 625.079 31.9019 19.5938 4 3 0.0505355 1.8416e-05 14.0002 2 
2.96215 -6.59706e-05 -1 1.07394 0.193348 0.000652601 2738.09 108880 3 38345.9 108.501 7.07015 2 1 606.5 28.2949 21.435 4 3 0.0496949 3.25277e-05 11.5173 2 
2.9628 -6.5996e-05 -1 1.07407 0.193343 0.000652601 2738.65 108882 3 126036 138.865 9.68204 2 1 665.515 33.4954 19.8689 4 3 0.057206 9.58934e-05 8.41817 2 
2.96345 -6.60139e-05 -1 1.0742 0.193325 0.000652601 2739.19 108884 3 54287.8 100.529 8.14335 2 1 694.778 30.7215 22.6154 4 3 0.0576841 9.81963e-05 8.37504 2 
2.96411 -6.59877e-05 -1 1.07432 0.193348 0.000652601 2739.77 108885 4 183726 43.3788 8.06721 2 1 1566.42 37.3632 41.9242 4 3 0.0588255 8.64856e-05 8.79442 2 
2.96476 -6.6036e-05 -1 1.07445 0.193361 0.000652601 2740.33 108887 3 38477 107.915 7.09098 2 1 737.496 28.1794 26.1715 4 3 0.0587611 7.55895e-05 9.19481 2 
2.96541 -6.60328e-05 -1 1.07457 0.193356 0.000652601 2740.87 108889 3 36128.6 43.7312 9.38325 2 1 616.862 16.8036 36.71 4 3 0.058909 6.57874e-05 9.63858 2 
2.96606 -6.60445e-05 -1 1.0747 0.193351 0.000652601 2741.41 108891 3 58627.2 78.7004 9.06513 2 1 608.898 17.1676 35.4678 4 3 0.0583286 5.97391e-05 9.92067 2 
2.96672 -6.61204e-05 -1 1.07483 0.19338 0.000652601 2741.95 108894 3 41938.7 110.095 7.24907 2 1 613.443 21.0989 29.0746 4 3 0.0575569 5.87369e-05 9.93258 2 
2.96737 -6.61761e-05 -1 1.07495 0.193369 0.000652601 2742.54 108894 4 99887.4 34.8617 7.31628 2 1 934.497 20.6742 45.2011 4 3 0.0561682 5.12156e-05 10.3125 2 
2.96802 -6.61814e-05 -1 1.07508 0.193371 0.000652601 2743.12 108895 4 177548 43.6462 7.98624 2 1 1006.99 25.5584 39.3996 4 3 0.0546374 4.63952e-05 10.5602 2 
2.96868 -6.62047e-05 -1 1.07521 0.193369 0.000652601 2743.69 108897 3 39163 104.502 7.2097 2 1 777.009 29.169 26.6382 4 3 0.0534821 4.44353e-05 10.6372 2 
2.96933 -6.61845e-05 -1 1.07533 0.193383 0.000652601 2744.23 108899 3 102355 187.047 8.17937 2 1 661.623 15.7607 41.9794 4 3 0.0524481 4.46441e-05 10.5517 2 
2.96998 -6.60564e-05 -1 1.07546 0.193379 0.000652601 2744.94 108895 3 83352.3 179.444 7.74454 2 1 780.067 50.2689 15.5179 4 3 0.0576558 4.39844e-05 10.9441 2 
2.97063 -6.6069e-05 -1 1.07558 0.193381 0.000652601 2745.62 108892 3 181700 170.284 10.2186 2 1 841.578 51.205 16.4355 4 3 0.0601762 3.76847e-05 11.6883 2 
2.97129 -6.61349e-05 -1 1.07571 0.193385 0.000652601 2746.31 108888 4 183530 37.7395 8.35079 2 1 1203.23 34.7634 34.6119 4 3 0.0609608 3.4556e-05 12.083 2 
2.97194 -6.61891e-05 -1 1.07584 0.193393 0.000652601 2746.95 108887 3 144331 176.068 9.35893 2 1 860.809 39.4931 21.7964 4 3 0.0621649 3.29675e-05 12.3544 2 
2.97259 -6.61915e-05 -1 1.07596 0.193391 0.000652601 2747.52 108888 3 37823.9 79.131 7.81879 2 1 988.704 33.5823 29.4412 4 3 0.0625005 3.36584e-05 12.2913 2 
2.97324 -6.62081e-05 -1 1.07609 0.1934 0.000652601 2748.09 108889 3 123451 217.202 8.28344 2 1 803.454 23.2747 34.5206 4 3 0.0628718 3.40441e-05 12.2689 2 
2.9739 -6.61709e-05 -1 1.07622 0.193409 0.000652601 2748.68 108890 4 166096 35.2253 8.28659 2 1 715.748 15.0741 47.482 4 3 0.0629515 3.34654e-05 12.3444 2 
2.97455 -6.61169e-05 -1 1.07634 0.193399 0.000652601 2749.26 108890 4 165436 51.2158 7.53888 2 1 1021.79 24.172 42.2714 4 3 0.0622839 3.06888e-05 12.6609 2 
2.9752 -6.61244e-05 -1 1.07647 0.193421 0.000652601 2749.82 108892 3 39934 58.0869 8.82582 2 1 1083.64 22.7807 47.568 4 3 0.0618911 2.65254e-05 13.2634 2 
2.97585 -6.61752e-05 -1 1.07659 0.19341 0.000652601 2750.39 108893 3 59875.6 86.9813 8.82961 2 1 802.032 24.8752 32.2422 4 3 0.0612518 2.48454e-05 13.509 2 
2.97651 -6.62462e-05 -1 1.07672 0.193409 0.000652601 2750.97 108894 3 114189 100.023 10.4514 2 1 612.259 24.2839 25.2125 4 3 0.0603265 2.37998e-05 13.6347 2 
2.97716 -6.63303e-05 -1 1.07685 0.193415 0.000652601 2751.53 108896 3 48172.1 98.4496 7.88002 2 1 663.872 16.1586 41.0847 4 3 0.0594462 2.55389e-05 13.2528 2 
2.97781 -6.62965e-05 -1 1.07697 0.193417 0.000652601 2752.06 108899 3 38045.7 63.3164 8.43846 2 1 689.636 22.4977 30.6537 4 3 0.0582011 2.47043e-05 13.3062 2 
2.97846 -6.62866e-05 -1 1.0771 0.193427 0.000652601 2752.59 108901 3 38878.3 110.991 7.04921 2 1 626.414 23.9656 26.138 4 3 0.0568844 2.53234e-05 13.0966 2 
2.97912 -6.62834e-05 -1 1.07722 0.193423 0.000652601 2753.15 108903 3 49841 76.4417 8.67132 2 1 618.561 21.312 29.024 4 3 0.0554792 2.48046e-05 13.0777 2 
2.97977 -6.63914e-05 -1 1.07735 0.193425 0.000652601 2753.71 108905 3 69102.5 61.6462 10.3879 2 1 580.458 21.4042 27.1189 4 3 0.0540714 2.33413e-05 13.2317 2 
2.98042 -6.64223e-05 -1 1.07748 0.193433 0.000652601 2754.26 108907 3 45788 131.104 7.04225 2 1 540.353 18.7206 28.8641 4 3 0.0524797 1.97181e-05 13.8583 2 
2.98107 -6.64261e-05 -1 1.0776 0.193431 0.000652601 2754.81 108909 3 92929.2 108.652 9.49229 2 1 637.104 30.1842 21.1072 4 3 0.0509198 1.7493e-05 14.2782 2 
2.98173 -6.64574e-05 -1 1.07773 0.193431 0.000652601 2755.35 108912 3 78813.6 107.126 9.02752 2 1 646.13 18.6543 34.637 4 3 0.0492131 1.67504e-05 14.3225 2 
2.98238 -6.64835e-05 -1 1.07785 0.193445 0.000652601 2755.93 108912 3 65120.7 102.261 8.60338 2 1 554.08 24.4511 22.6608 4 3 0.0499867 1.79777e-05 14.0618 2 
2.98303 -6.64471e-05 -1 1.07798 0.193446 0.000652601 2756.48 108914 3 126088 201.113 8.55877 2 1 1495.28 38.1302 39.2151 4 3 0.0567341 1.90243e-05 14.3939 2 
2.98368 -6.63941e-05 -1 1.07811 0.193451 0.000652601 2757.06 108915 4 187030 80.8402 6.93539 2 1 615.764 31.2723 19.6904 4 3 0.0584646 1.8274e-05 14.7351 2 
2.98434 -6.62484e-05 -1 1.07823 0.193458 0.000652601 2757.59 108918 3 38981.6 80.2335 7.86142 2 1 718.3 36.7353 19.5534 4 3 0.0585688 1.85299e-05 14.6757 2 
2.98499 -6.62652e-05 -1 1.07836 0.193456 0.000652601 2758.13 108921 3 36595.5 94.2586 7.29517 2 1 772.824 34.9602 22.1058 4 3 0.0590061 1.86488e-05 14.6808 2 
2.98564 -6.62498e-05 -1 1.07849 0.193459 0.000652601 2758.7 108922 3 59765.1 173.936 7.0041 2 1 613.687 20.0982 30.5344 4 3 0.0586056 1.84395e-05 14.7027 2 
2.9863 -6.62811e-05 -1 1.07861 0.193469 0.000652601 2759.36 108919 3 98341.9 109.374 9.6518 2 1 578.608 21.4011 27.0363 4 3 0.0581847 1.72123e-05 15.008 2 
2.98695 -6.63904e-05 -1 1.07874 0.193461 0.000652601 2759.97 108919 3 39501 96.8035 7.41718 2 1 610.764 29.5119 20.6955 4 3 0.0570214 1.70504e-05 14.9544 2 
2.9876 -6.64739e-05 -1 1.07887 0.193465 0.000652601 2760.67 108915 4 178810 65.3802 7.23164 2 1 914.06 21.2578 42.9989 4 3 0.0557612 1.67999e-05 14.9168 2 
2.98825 -6.6462e-05 -1 1.07899 0.193474 0.000652601 2761.33 108913 3 136732 78.122 12.0512 2 1 770.449 18.4332 41.7969 4 3 0.0541613 1.63943e-05 14.8936 2 
2.98891 -6.65232e-05 -1 1.07912 0.193474 0.000652601 2761.91 108914 3 48011.8 110.509 7.57386 2 1 650.464 24.553 26.4922 4 3 0.0533088 1.59921e-05 14.9382 2 
2.98956 -6.65281e-05 -1 1.07924 0.193457 0.000652601 2762.48 108915 3 102911 131.098 9.22476 2 1 663.867 31.2765 21.2258 4 3 0.0520366 1.58414e-05 14.8652 2 
2.99021 -6.64702e-05 -1 1.07937 0.193485 0.000652601 2763.03 108917 3 37567.2 105.729 7.0828 2 1 1006.69 26.1132 38.551 4 3 0.0590901 1.79562e-05 14.8742 2 
2.99086 -6.648e-05 -1 1.0795 0.193484 0.000652601 2763.61 108918 4 185587 53.121 7.68812 2 1 786.137 36.9095 21.299 4 3 0.0597657 1.85653e-05 14.7656 2 
2.99152 -6.65581e-05 -1 1.07962 0.193485 0.000652601 2764.17 108920 3 87463.3 113.246 9.17491 2 1 1172.37 25.2387 46.4513 4 3 0.0613695 1.92802e-05 14.71 2 
2.99217 -6.65593e-05 -1 1.07975 0.193487 0.000652601 2764.82 108918 4 144048 50.6429 7.30293 2 1 960.993 37.1667 25.8563 4 3 0.061851 1.97859e-05 14.6217 2 
2.99282 -6.64549e-05 -1 1.07988 0.193494 0.000652601 2765.42 108918 4 123292 38.8536 7.50543 2 1 647.597 23.6784 27.3497 4 3 0.0625657 2.04611e-05 14.5145 2 
2.99347 -6.64221e-05 -1 1.08 0.193504 0.000652601 2765.99 108919 3 38490.7 87.1882 7.61435 2 1 695.666 22.7578 30.5683 4 3 0.0624935 2.09317e-05 14.3994 2 
2.99413 -6.64224e-05 -1 1.08013 0.193504 0.000652601 2766.62 108918 3 165551 218.611 9.11493 2 1 691.114 22.3754 30.8873 4 3 0.0624344 2.14419e-05 14.2797 2 
2.99478 -6.64486e-05 -1 1.08025 0.193504 0.000652601 2767.26 108916 4 164616 96.629 6.42453 2 1 885.455 72.7627 12.1691 4 3 0.0619163 2.16871e-05 14.1863 2 
2.99543 -6.6516e-05 -1 1.08038 0.193501 0.000652601 2767.83 108918 3 40248.5 164.184 6.25853 2 1 1162.48 41.3623 28.1049 4 3 0.061564 2.20262e-05 14.0863 2 
2.99608 -6.65928e-05 -1 1.08051 0.193509 0.000652601 2768.44 108917 2 24673.5 99.4437 15.7517 2 1 760.193 29.2116 26.0236 4 3 0.0606049 2.2108e-05 13.9954 2 
2.99674 -6.66377e-05 -1 1.08063 0.193514 0.000652601 2768.99 108920 3 114769 100.959 10.4366 2 1 589.865 27.6336 21.3459 4 3 0.05984 2.22621e-05 13.9041 2 
2.99739 -6.66868e-05 -1 1.08076 0.193515 0.000652601 2769.7 108915 3 48668.1 39.2387 10.7443 2 1 574.849 36.1764 15.8901 4 3 0.0587762 2.22503e-05 13.8236 2 
2.99804 -6.66937e-05 -1 1.08089 0.193524 0.000652601 2770.35 108913 3 39377 100.882 7.30818 2 1 693.296 19.2626 35.9918 4 3 0.0576307 2.22114e-05 13.7412 2 
2.99869 -6.672e-05 -1 1.08101 0.193521 0.000652601 2771 108911 3 50812.6 137.546 7.17532 2 1 637.972 42.2806 15.089 4 3 0.0561983 2.19799e-05 13.6741 2 
2.99935 -6.67048e-05 -1 1.08114 0.193532 0.000652601 2771.7 108908 3 45163.4 67.7739 8.73457 2 1 611.98 21.2117 28.8511 4 3 0.0548916 2.17828e-05 13.6081 2 
3 -6.67322e-05 -1 1.08126 0.193523 0.000652601 2772.29 108908 3 69786.6 108.595 8.62954 2 1 583.659 32.9052 17.7376 4 3 0.0534063 2.10218e-05 13.645 2 

# Multigrid, 4607 steps, 2622.97 CPU, 2773 real, 1.09e+05 points.step/s, 23 var
