0 0 0
3.95979e-07 8.91784e-11 1
9.61475e-06 3.96655e-05 4
2.68542e-05 3.13982e-05 3
5.13853e-05 2.90459e-05 3
8.25451e-05 2.72586e-05 3
0.000119731 2.5563e-05 2
0.000162395 2.38853e-05 2
0.000210039 2.22894e-05 2
0.000262211 2.08798e-05 2
0.000318499 1.97413e-05 2
0.000378528 1.8917e-05 2
0.000441959 1.83684e-05 2
0.000508483 1.79872e-05 2
0.000577817 1.76986e-05 2
0.000649707 1.74699e-05 1
0.000723921 1.72948e-05 2
0.000800247 1.71736e-05 3
0.000878492 1.70835e-05 3
0.000958484 1.7001e-05 3
0.00104006 1.69233e-05 3
0.00112308 1.687e-05 3
0.00120741 1.68957e-05 2
0.00129294 1.70855e-05 2
0.00137955 1.75105e-05 1
0.00146714 1.82097e-05 3
0.00155563 1.91502e-05 1
0.00164493 2.02769e-05 1
0.00173498 2.15197e-05 2
0.00182569 2.28127e-05 2
0.00191702 2.41097e-05 2
0.00200891 2.53859e-05 2
0.0021013 2.66527e-05 2
0.00219415 2.79069e-05 2
0.00228742 2.91652e-05 3
0.00238106 3.04389e-05 3
0.00247506 3.17894e-05 2
0.00256937 3.3239e-05 3
0.00266396 3.48105e-05 2
0.00275881 3.65013e-05 2
0.0028539 3.83045e-05 1
0.0029492 4.01749e-05 2
0.0030447 4.20479e-05 2
0.00314037 4.38989e-05 3
0.00323621 4.57342e-05 3
0.00333219 4.75883e-05 3
0.00342831 4.95221e-05 2
0.00352454 5.15899e-05 2
0.00362089 5.37995e-05 2
0.00371733 5.61619e-05 2
0.00381387 5.86379e-05 2
0.00391049 6.11376e-05 2
0.00400719 6.36575e-05 3
0.00410395 6.61726e-05 3
0.00420078 6.86818e-05 2
0.00429766 7.12147e-05 3
0.00439459 7.38103e-05 2
0.00449157 7.65078e-05 2
0.00458859 7.9282e-05 2
0.00468565 8.21588e-05 2
0.00478275 8.51243e-05 3
0.00487988 8.80863e-05 2
0.00497704 9.1054e-05 4
0.00507422 9.40449e-05 2
0.00517143 9.70747e-05 3
0.00526865 0.000100122 3
0.0053659 0.000103257 5
0.00546317 0.000106506 3
0.00556045 0.00010978 4
0.00565775 0.000113109 3
0.00575506 0.000116444 3
0.00585239 0.000119768 3
0.00594972 0.000123104 2
0.00604707 0.000126424 2
0.00614442 0.000129822 5
0.00624178 0.000133218 3
0.00633915 0.000136721 3
0.00643653 0.000140284 3
0.00653392 0.000143937 3
0.0066313 0.000147585 2
0.0067287 0.000151299 2
0.0068261 0.000155048 2
0.0069235 0.000158808 1
0.00702091 0.000162595 2
0.00711832 0.0001664 1
0.00721574 0.000170229 4
0.00731315 0.000174151 3
0.00741057 0.000177909 3
0.007508 0.000181852 3
0.00760542 0.00018571 2
0.00770285 0.000189644 3
0.00780027 0.000193607 1
0.0078977 0.000197602 2
0.00799514 0.000201618 1
0.00809257 0.000205748 2
0.00819 0.00020971 1
0.00828744 0.000213808 2
0.00838488 0.000217863 4
0.00848231 0.000221945 2
0.00857975 0.000226062 2
0.00867719 0.000230211 1
0.00877463 0.000234451 4
0.00887207 0.000238648 1
0.00896951 0.00024293 2
0.00906695 0.000247233 1
0.00916439 0.000251558 2
0.00926184 0.000255936 1
0.00935928 0.000260191 1
0.00945672 0.000264482 2
0.00955417 0.000268769 1
0.00965161 0.000273042 5
0.00974905 0.000277327 1
0.0098465 0.000281586 3
0.00994394 0.000285849 4
0.0100414 0.00029009 3
0.0101388 0.000294315 3
0.0102363 0.00029864 4
0.0103337 0.000302709 3
0.0104312 0.000306885 3
0.0105286 0.000311085 4
0.0106261 0.000315153 2
0.0107235 0.00031928 2
0.0108209 0.00032341 1
0.0109184 0.000327554 1
0.0110158 0.000331723 2
0.0111133 0.000335895 2
0.0112107 0.000340102 1
0.0113082 0.000344333 2
0.0114056 0.00034858 2
0.0115031 0.000352836 1
0.0116005 0.000357094 2
0.011698 0.00036135 3
0.0117954 0.000365598 4
0.0118929 0.000369837 1
0.0119903 0.000374066 2
0.0120877 0.000378278 2
0.0121852 0.000382462 4
0.0122826 0.000386629 1
0.0123801 0.00039089 1
0.0124775 0.000394805 2
0.012575 0.000398836 1
0.0126724 0.000402817 1
0.0127699 0.00040675 2
0.0128673 0.000410639 1
0.0129648 0.000414488 1
0.0130622 0.000418308 1
0.0131597 0.000422106 1
0.0132571 0.000425883 1
0.0133546 0.000429636 1
0.013452 0.000433363 1
0.0135494 0.000437064 1
0.0136469 0.000440755 2
0.0137443 0.000444393 2
0.0138418 0.000448043 1
0.0139392 0.000451626 1
0.0140367 0.000455195 1
0.0141341 0.00045874 1
0.0142316 0.000462261 1
0.014329 0.000465763 1
0.0144265 0.000469238 1
0.0145239 0.000472678 3
0.0146214 0.000476078 3
0.0147188 0.000479433 2
0.0148163 0.000482745 2
0.0149137 0.00048601 2
0.0150111 0.000489228 2
0.0151086 0.000492481 4
0.015206 0.000495602 2
0.0153035 0.000498675 2
0.0154009 0.0005017 2
0.0154984 0.000504677 1
0.0155958 0.000507605 3
0.0156933 0.000510384 1
0.0157907 0.000513229 1
0.0158882 0.0005162 4
0.0159856 0.00051872 2
0.0160831 0.000521395 1
0.0161805 0.00052402 1
0.016278 0.000526591 4
0.0163754 0.000529114 3
0.0164728 0.000531591 1
0.0165703 0.000534022 1
0.0166677 0.000536403 2
0.0167652 0.000538737 4
0.0168626 0.000541024 2
0.0169601 0.00054326 1
0.0170575 0.000545442 1
0.017155 0.000547565 1
0.0172524 0.000549628 1
0.0173499 0.000551631 4
0.0174473 0.000553575 1
0.0175448 0.000555462 3
0.0176422 0.000557288 3
0.0177397 0.000559047 3
0.0178371 0.000560726 1
0.0179345 0.000562344 1
0.018032 0.000563896 1
0.0181294 0.000565384 1
0.0182269 0.000566808 1
0.0183243 0.000568173 4
0.0184218 0.000569478 1
0.0185192 0.000570725 5
0.0186167 0.000571916 1
0.0187141 0.000573042 1
0.0188116 0.000574108 1
0.018909 0.000575118 1
0.0190065 0.000576062 1
0.0191039 0.000576954 4
0.0192014 0.000577781 4
0.0192988 0.000578564 1
0.0193962 0.000579246 1
0.0194937 0.000579871 1
0.0195911 0.00058043 1
0.0196886 0.00058092 4
0.019786 0.000581341 1
0.0198835 0.000581688 1
0.0199809 0.000581963 1
0.0200784 0.000582165 1
0.0201758 0.000582292 4
0.0202733 0.000582348 1
0.0203707 0.000582337 4
0.0204682 0.000582256 1
0.0205656 0.000582109 4
0.0206631 0.000581896 4
0.0207605 0.000581612 1
0.020858 0.000581255 1
0.0209554 0.000580849 1
0.0210528 0.000580385 1
0.0211503 0.000579864 4
0.0212477 0.000579284 1
0.0213452 0.000578652 1
0.0214426 0.000577966 1
0.0215401 0.000577226 4
0.0216375 0.000576426 1
0.021735 0.000575584 1
0.0218324 0.000574689 1
0.0219299 0.000573736 4
0.0220273 0.000572723 1
0.0221248 0.000571645 1
0.0222222 0.000570499 1
0.0223197 0.000569283 1
0.0224171 0.000567993 1
0.0225145 0.000566628 1
0.022612 0.000565184 5
0.0227094 0.000563663 1
0.0228069 0.000562065 1
0.0229043 0.000560391 1
0.0230018 0.000558645 3
0.0230992 0.00055682 3
0.0231967 0.000554926 1
0.0232941 0.000552965 1
0.0233916 0.000551051 4
0.023489 0.000548967 1
0.0235865 0.000546825 1
0.0236839 0.00054463 4
0.0237814 0.000542383 4
0.0238788 0.000540084 4
0.0239762 0.000537741 1
0.0240737 0.000535345 1
0.0241711 0.000532903 4
0.0242686 0.000530413 1
0.024366 0.000527877 1
0.0244635 0.000525293 1
0.0245609 0.000522662 1
0.0246584 0.000519982 1
0.0247558 0.000517144 1
0.0248533 0.000514364 4
0.0249507 0.000509866 1
0.0250482 0.000506995 1
0.0251456 0.000504073 1
0.0252431 0.000501099 1
0.0253405 0.000498074 1
0.0254379 0.000494998 1
0.0255354 0.000491873 1
0.0256328 0.000488699 5
0.0257303 0.000485478 2
0.0258277 0.000482209 1
0.0259252 0.000478897 2
0.0260226 0.000475542 1
0.0261201 0.000472148 4
0.0262175 0.00046871 4
0.026315 0.000465238 1
0.0264124 0.000461733 5
0.0265099 0.000458201 1
0.0266073 0.000454636 1
0.0267048 0.000451043 2
0.0268022 0.000447424 2
0.0268996 0.000443779 1
0.0269971 0.000440107 2
0.0270945 0.000436405 2
0.027192 0.000432672 1
0.0272894 0.000428906 1
0.0273869 0.000425106 1
0.0274843 0.000421273 1
0.0275818 0.000417406 2
0.0276792 0.000413503 1
0.0277767 0.000409567 1
0.0278741 0.000405599 1
0.0279716 0.0004016 1
0.028069 0.000397568 1
0.0281665 0.000393514 1
0.0282639 0.000389434 1
0.0283613 0.000385329 3
0.0284588 0.000381205 2
0.0285562 0.00037706 1
0.0286537 0.000372894 1
0.0287511 0.000368712 1
0.0288486 0.000364514 1
0.028946 0.000360304 1
0.0290435 0.000356081 3
0.0291409 0.000351847 1
0.0292384 0.000347603 1
0.0293358 0.000343346 1
0.0294333 0.000339082 1
0.0295307 0.000334813 1
0.0296282 0.00033054 1
0.0297256 0.000326254 3
0.029823 0.000321961 1
0.0299205 0.000317663 2
0.0300179 0.000313362 2
0.0301154 0.000309055 1
0.0302128 0.000304744 1
0.0303103 0.00030043 1
0.0304077 0.000296112 3
0.0305052 0.000292779 1
0.0306026 0.000288447 2
0.0307001 0.000284116 2
0.0307975 0.000279787 4
0.030895 0.000275461 1
0.0309924 0.00027114 1
0.0310899 0.000266825 1
0.0311873 0.000262513 4
0.0312847 0.000258211 5
0.0313822 0.000253918 4
0.0314796 0.000249642 1
0.0315771 0.000245381 2
0.0316745 0.000241132 2
0.031772 0.000236892 1
0.0318694 0.000232666 1
0.0319669 0.000228457 2
0.0320643 0.000224264 4
0.0321618 0.000220087 1
0.0322592 0.00021593 1
0.0323567 0.00021179 2
0.0324541 0.000207663 2
0.0325516 0.000203549 2
0.032649 0.00019945 1
0.0327464 0.000195367 2
0.0328439 0.000191302 5
0.0329413 0.000187254 2
0.0330388 0.000183225 2
0.0331362 0.000179215 1
0.0332337 0.000175226 2
0.0333311 0.000171259 4
0.0334286 0.000167315 2
0.033526 0.000163398 2
0.0336235 0.000159508 1
0.0337209 0.000155647 1
0.0338184 0.000151818 1
0.0339158 0.000148023 1
0.0340133 0.000144263 1
0.0341107 0.000140541 4
0.0342081 0.000136858 1
0.0343056 0.000133217 1
0.034403 0.000129617 2
0.0345005 0.000126059 1
0.0345979 0.000122545 1
0.0346954 0.000119075 1
0.0347928 0.000115648 1
0.0348903 0.000112264 1
0.0349877 0.000108924 5
0.0350852 0.000105625 1
0.0351826 0.000102369 1
0.0352801 9.91547e-05 1
0.0353775 9.59816e-05 4
0.035475 9.28501e-05 4
0.0355724 8.97597e-05 2
0.0356698 8.67109e-05 1
0.0357673 8.37053e-05 1
0.0358647 8.07431e-05 1
0.0359622 7.78258e-05 4
0.0360596 7.49567e-05 1
0.0361571 7.21365e-05 1
0.0362545 6.93652e-05 2
0.036352 6.66417e-05 1
0.0364494 6.39661e-05 1
0.0365469 6.13403e-05 1
0.0366443 5.87657e-05 2
0.0367418 5.62435e-05 1
0.0368392 5.37747e-05 1
0.0369367 5.13611e-05 1
0.0370341 4.90028e-05 1
0.0371316 4.66985e-05 1
0.037229 4.44469e-05 1
0.0373264 4.22492e-05 1
0.0374239 4.0097e-05 1
0.0375213 3.80116e-05 1
0.0376188 3.59843e-05 1
0.0377162 3.40157e-05 1
0.0378137 3.21041e-05 1
0.0379111 3.02493e-05 1
0.0380086 2.84523e-05 2
0.038106 2.67122e-05 1
0.0382035 2.50355e-05 1
0.0383009 2.34228e-05 1
0.0383984 2.18701e-05 1
0.0384958 2.03766e-05 1
0.0385933 1.89446e-05 1
0.0386907 1.75772e-05 1
0.0387881 1.62755e-05 2
0.0388856 1.50401e-05 1
0.038983 1.3868e-05 1
0.0390805 1.27599e-05 1
0.0391779 1.17161e-05 1
0.0392754 1.07396e-05 1
0.0393728 9.8267e-06 1
0.0394703 8.97415e-06 1
0.0395677 8.18318e-06 2
0.0396652 7.45809e-06 1
0.0397626 6.80165e-06 1
0.0398601 6.21412e-06 1
0.0399575 5.69514e-06 1
0.040055 5.24408e-06 1
0.0401524 4.86056e-06 1
0.0402498 4.5436e-06 1
0.0403473 4.29247e-06 1
0.0404447 4.10646e-06 1
0.0405422 3.98523e-06 1
0.0406396 3.92835e-06 1
0.0407371 3.93575e-06 1
0.0408345 4.00731e-06 1
0.040932 4.1433e-06 1
0.0410294 4.34359e-06 1
0.0411269 4.60826e-06 1
0.0412243 4.93701e-06 1
0.0413218 5.3298e-06 1
0.0414192 5.78652e-06 1
0.0415167 6.30727e-06 1
0.0416141 6.89168e-06 1
0.0417115 7.53996e-06 1
0.041809 8.2517e-06 1
0.0419064 9.02722e-06 1
0.0420039 9.8661e-06 1
0.0421013 1.0769e-05 1
0.0421988 1.17359e-05 1
0.0422962 1.27678e-05 2
0.0423937 1.38635e-05 1
0.0424911 1.50227e-05 1
0.0425886 1.62442e-05 1
0.042686 1.75277e-05 1
0.0427835 1.88727e-05 1
0.0428809 2.02787e-05 1
0.0429784 2.17459e-05 1
0.0430758 2.3272e-05 1
0.0431732 2.48572e-05 1
0.0432707 2.64991e-05 1
0.0433681 2.82037e-05 1
0.0434656 2.98944e-05 1
0.043563 3.17085e-05 1
0.0436605 3.3579e-05 1
0.0437579 3.55079e-05 1
0.0438554 3.74935e-05 1
0.0439528 3.95356e-05 1
0.0440503 4.16367e-05 2
0.0441477 4.37972e-05 1
0.0442452 4.60173e-05 1
0.0443426 4.82962e-05 1
0.0444401 5.06333e-05 1
0.0445375 5.30275e-05 1
0.0446349 5.54777e-05 1
0.0447324 5.79829e-05 1
0.0448298 6.0546e-05 1
0.0449273 6.31474e-05 1
0.0450247 6.58076e-05 1
0.0451222 6.85184e-05 1
0.0452196 7.12793e-05 1
0.0453171 7.40892e-05 1
0.0454145 7.69392e-05 1
0.045512 7.98272e-05 3
0.0456094 8.27683e-05 1
0.0457069 8.57386e-05 1
0.0458043 8.87507e-05 1
0.0459018 9.18035e-05 1
0.0459992 9.48975e-05 4
0.0460966 9.80327e-05 1
0.0461941 0.000101209 1
0.0462915 0.000104426 4
0.046389 0.00010768 1
0.0464864 0.000110973 1
0.0465839 0.000114305 5
0.0466813 0.000117677 1
0.0467788 0.000121088 1
0.0468762 0.000124538 2
0.0469737 0.000128027 1
0.0470711 0.000131553 1
0.0471686 0.000135116 1
0.047266 0.000138714 1
0.0473635 0.000142346 4
0.0474609 0.000146013 1
0.0475583 0.000149711 1
0.0476558 0.000153441 1
0.0477532 0.000157176 1
0.0478507 0.000160966 2
0.0479481 0.000164784 1
0.0480456 0.000168631 4
0.048143 0.000172504 1
0.0482405 0.000176432 2
0.0483379 0.000180327 1
0.0484354 0.000184277 2
0.0485328 0.000188252 1
0.0486303 0.000192251 1
0.0487277 0.000196272 1
0.0488252 0.000200316 4
0.0489226 0.000204378 1
0.04902 0.000208461 1
0.0491175 0.000212563 2
0.0492149 0.000216684 2
0.0493124 0.000220822 1
0.0494098 0.000224975 4
0.0495073 0.000229136 2
0.0496047 0.000233308 2
0.0497022 0.000237492 1
0.0497996 0.000241686 2
0.0498971 0.00024593 2
0.0499945 0.000250099 1
0.050092 0.000254315 1
0.0501894 0.000258542 4
0.0502869 0.000262771 2
0.0503843 0.000267005 2
0.0504817 0.000271258 4
0.0505792 0.000275496 6
0.0506766 0.000279736 5
0.0507741 0.000283977 2
0.0508715 0.00028822 1
0.050969 0.000292464 2
0.0510664 0.000296707 2
0.0511639 0.000300949 4
0.0512613 0.000305185 2
0.0513588 0.000309416 1
0.0514562 0.000313641 1
0.0515537 0.00031786 1
0.0516511 0.000322072 1
0.0517486 0.000326277 2
0.051846 0.000330473 1
0.0519434 0.000334661 1
0.0520409 0.000338841 3
0.0521383 0.00034301 1
0.0522358 0.000347167 1
0.0523332 0.000351319 1
0.0524307 0.000355529 4
0.0525281 0.000359587 1
0.0526256 0.000363705 2
0.052723 0.00036779 1
0.0528205 0.000373036 2
0.0529179 0.000375917 1
0.0530154 0.000380027 2
0.0531128 0.000383974 1
0.0532103 0.000387979 4
0.0533077 0.00039196 2
0.0534051 0.000397259 1
0.0535026 0.000399867 2
0.0536 0.000403763 1
0.0536975 0.000407638 1
0.0537949 0.000412801 1
0.0538924 0.000415316 2
0.0539898 0.000419112 1
0.0540873 0.00042288 2
0.0541847 0.000426618 1
0.0542822 0.000430326 1
0.0543796 0.000434002 1
0.0544771 0.000437646 1
0.0545745 0.000441256 1
0.054672 0.000444834 1
0.0547694 0.000448378 1
0.0548669 0.00045189 1
0.0549643 0.000455359 1
0.0550617 0.000458786 1
0.0551592 0.000462175 3
0.0552566 0.000465525 1
0.0553541 0.000468835 3
0.0554515 0.000472101 1
0.055549 0.000475324 3
0.0556464 0.000478508 1
0.0557439 0.000481647 1
0.0558413 0.00048474 4
0.0559388 0.000487787 1
0.0560362 0.000490787 1
0.0561337 0.000495319 1
0.0562311 0.000496646 1
0.0563286 0.000499503 1
0.056426 0.00050231 1
0.0565234 0.000505068 1
0.0566209 0.000507775 4
0.0567183 0.000510435 1
0.0568158 0.000513044 1
0.0569132 0.000515602 1
0.0570107 0.000518106 4
0.0571081 0.000520553 1
0.0572056 0.000522943 1
0.057303 0.000525282 1
0.0574005 0.000527568 1
0.0574979 0.000531623 4
0.0575954 0.000533593 2
0.0576928 0.000535843 4
0.0577903 0.00053781 1
0.0578877 0.000539835 3
0.0579851 0.000541796 1
0.0580826 0.000543697 1
0.05818 0.000545554 4
0.0582775 0.000547335 1
0.0583749 0.000549061 1
0.0584724 0.00055073 3
0.0585698 0.000552331 2
0.0586673 0.000553872 1
0.0587647 0.00055535 1
0.0588622 0.000556765 1
0.0589596 0.000558119 5
0.0590571 0.000559409 1
0.0591545 0.000560637 1
0.059252 0.000561797 1
0.0593494 0.000562893 1
0.0594468 0.000563928 1
0.0595443 0.000564902 1
0.0596417 0.000565812 1
0.0597392 0.00056666 4
0.0598366 0.000567433 1
0.0599341 0.00056814 1
0.0600315 0.000568786 4
0.060129 0.000569369 1
0.0602264 0.000569887 1
0.0603239 0.000570341 1
0.0604213 0.000570729 1
0.0605188 0.000571051 4
0.0606162 0.000571305 1
0.0607137 0.000571494 1
0.0608111 0.00057162 1
0.0609085 0.00057168 1
0.061006 0.000571674 4
0.0611034 0.000571602 1
0.0612009 0.000571463 1
0.0612983 0.00057126 4
0.0613958 0.000570977 1
0.0614932 0.000570636 1
0.0615907 0.000570228 1
0.0616881 0.000569758 1
0.0617856 0.000569228 1
0.061883 0.000568639 4
0.0619805 0.000567984 1
0.0620779 0.000567265 1
0.0621754 0.000564772 1
0.0622728 0.000563921 4
0.0623702 0.000563013 1
0.0624677 0.000562045 4
0.0625651 0.00056102 1
0.0626626 0.000559936 1
0.06276 0.000558787 1
0.0628575 0.000557584 1
0.0629549 0.000556316 1
0.0630524 0.000554973 1
0.0631498 0.000553573 1
0.0632473 0.000552109 5
0.0633447 0.000550585 4
0.0634422 0.000548999 1
0.0635396 0.000547354 1
0.0636371 0.000545649 1
0.0637345 0.000543885 1
0.0638319 0.000542064 1
0.0639294 0.000540188 3
0.0640268 0.00053825 2
0.0641243 0.000536257 4
0.0642217 0.00053421 1
0.0643192 0.000532108 4
0.0644166 0.000529954 1
0.0645141 0.000527746 2
0.0646115 0.000525489 1
0.064709 0.000523179 1
0.0648064 0.000520817 4
0.0649039 0.000518401 1
0.0650013 0.000515932 1
0.0650988 0.00051341 1
0.0651962 0.000510835 1
0.0652936 0.000508206 1
0.0653911 0.000505525 1
0.0654885 0.000502794 4
0.065586 0.000500015 1
0.0656834 0.000497198 1
0.0657809 0.00049432 1
0.0658783 0.00049139 4
0.0659758 0.000488418 4
0.0660732 0.000486964 1
0.0661707 0.000483894 1
0.0662681 0.000480782 1
0.0663656 0.000477628 1
0.066463 0.000474433 1
0.0665605 0.000471199 4
0.0666579 0.000467921 1
0.0667553 0.000464603 1
0.0668528 0.000461245 1
0.0669502 0.000457851 5
0.0670477 0.000454415 1
0.0671451 0.000450946 4
0.0672426 0.000447445 1
0.06734 0.000443914 2
0.0674375 0.000440352 1
0.0675349 0.000436757 1
0.0676324 0.000433122 2
0.0677298 0.000429458 2
0.0678273 0.000425768 3
0.0679247 0.000422049 2
0.0680222 0.000418301 1
0.0681196 0.000414525 2
0.068217 0.000410722 1
0.0683145 0.000406893 2
0.0684119 0.000403038 1
0.0685094 0.000399157 1
0.0686068 0.000395244 1
0.0687043 0.000391306 2
0.0688017 0.000387345 1
0.0688992 0.000383361 1
0.0689966 0.000379354 2
0.0690941 0.000375326 1
0.0691915 0.000371272 1
0.069289 0.000367196 1
0.0693864 0.000363102 1
0.0694839 0.000358991 3
0.0695813 0.000354869 2
0.0696787 0.000350729 1
0.0697762 0.000346568 1
0.0698736 0.000342393 1
0.0699711 0.000338208 4
0.0700685 0.00033401 4
0.070166 0.0003298 1
0.0702634 0.000325579 3
0.0703609 0.000321352 1
0.0704583 0.000317118 2
0.0705558 0.000312879 1
0.0706532 0.000308634 2
0.0707507 0.000304385 1
0.0708481 0.000300132 2
0.0709456 0.000295874 1
0.071043 0.000291615 1
0.0711405 0.000287354 1
0.0712379 0.000283093 1
0.0713353 0.000278835 4
0.0714328 0.00027458 4
0.0715302 0.000270326 1
0.0716277 0.000266119 5
0.0717251 0.00026187 1
0.0718226 0.000257628 6
0.07192 0.000253389 2
0.0720175 0.000249155 5
0.0721149 0.000244931 3
0.0722124 0.000240714 2
0.0723098 0.000236508 2
0.0724073 0.000232313 1
0.0725047 0.000228129 1
0.0726022 0.000223957 1
0.0726996 0.000219797 1
0.072797 0.000215646 1
0.0728945 0.000211509 1
0.0729919 0.000207388 4
0.0730894 0.000203284 2
0.0731868 0.000199195 1
0.0732843 0.000195125 1
0.0733817 0.000191073 2
0.0734792 0.000187042 1
0.0735766 0.000183033 4
0.0736741 0.000179045 2
0.0737715 0.000175081 1
0.073869 0.000171142 1
0.0739664 0.000167229 1
0.0740639 0.000163344 1
0.0741613 0.000159486 1
0.0742587 0.000155657 4
0.0743562 0.000151857 1
0.0744536 0.000148088 1
0.0745511 0.00014435 1
0.0746485 0.000140643 2
0.074746 0.000136969 1
0.0748434 0.000133327 4
0.0749409 0.00012972 1
0.0750383 0.000126147 1
0.0751358 0.00012261 2
0.0752332 0.000119109 1
0.0753307 0.000115646 1
0.0754281 0.000112224 1
0.0755256 0.000108844 5
0.075623 0.000105508 1
0.0757204 0.000102215 1
0.0758179 9.89638e-05 1
0.0759153 9.57552e-05 2
0.0760128 9.25897e-05 1
0.0761102 8.94682e-05 1
0.0762077 8.63911e-05 2
0.0763051 8.33592e-05 1
0.0764026 8.03724e-05 1
0.0765 7.74318e-05 1
0.0765975 7.45378e-05 5
0.0766949 7.16917e-05 4
0.0767924 6.88933e-05 4
0.0768898 6.61442e-05 1
0.0769873 6.34449e-05 2
0.0770847 6.07962e-05 1
0.0771821 5.81986e-05 1
0.0772796 5.5653e-05 1
0.077377 5.316e-05 1
0.0774745 5.07202e-05 1
0.0775719 4.83345e-05 2
0.0776694 4.60037e-05 1
0.0777668 4.37301e-05 1
0.0778643 4.15136e-05 1
0.0779617 3.93526e-05 1
0.0780592 3.72459e-05 2
0.0781566 3.51958e-05 1
0.0782541 3.32032e-05 1
0.0783515 3.12668e-05 1
0.078449 2.93836e-05 1
0.0785464 2.75614e-05 2
0.0786438 2.58004e-05 1
0.0787413 2.40958e-05 1
0.0788387 2.24472e-05 1
0.0789362 2.08573e-05 1
0.0790336 1.93294e-05 1
0.0791311 1.78646e-05 2
0.0792285 1.64622e-05 2
0.079326 1.51214e-05 1
0.0794234 1.38419e-05 1
0.0795209 1.26238e-05 1
0.0796183 1.14677e-05 1
0.0797158 1.03741e-05 1
0.0798132 9.34348e-06 1
0.0799107 8.37634e-06 1
0.0800081 7.47309e-06 1
0.0801055 6.63394e-06 1
0.080203 5.85912e-06 1
0.0803004 5.14886e-06 1
0.0803979 4.50342e-06 1
0.0804953 3.92304e-06 1
0.0805928 3.40794e-06 1
0.0806902 2.95825e-06 1
0.0807877 2.57401e-06 1
0.0808851 2.25528e-06 1
0.0809826 2.00218e-06 1
0.08108 1.81315e-06 1
0.0811775 1.68772e-06 1
0.0812749 1.63132e-06 1
0.0813724 1.63868e-06 1
0.0814698 1.7093e-06 1
0.0815672 1.84619e-06 1
0.0816647 2.05057e-06 1
0.0817621 2.32138e-06 1
0.0818596 2.6576e-06 1
0.081957 3.05909e-06 1
0.0820545 3.52546e-06 1
0.0821519 4.05602e-06 1
0.0822494 4.65006e-06 1
0.0823468 5.30678e-06 1
0.0824443 6.02576e-06 1
0.0825417 6.80686e-06 1
0.0826392 7.65001e-06 1
0.0827366 8.55493e-06 1
0.0828341 9.5216e-06 1
0.0829315 1.05497e-05 1
0.0830289 1.1639e-05 1
0.0831264 1.27894e-05 1
0.0832238 1.40006e-05 1
0.0833213 1.52722e-05 1
0.0834187 1.66039e-05 1
0.0835162 1.79953e-05 1
0.0836136 1.94461e-05 1
0.0837111 2.09562e-05 1
0.0838085 2.25252e-05 1
0.083906 2.4153e-05 1
0.0840034 2.58395e-05 1
0.0841009 2.75845e-05 1
0.0841983 2.93879e-05 1
0.0842958 3.12474e-05 1
0.0843932 3.31634e-05 1
0.0844906 3.51372e-05 1
0.0845881 3.71686e-05 1
0.0846855 3.92569e-05 1
0.084783 4.1399e-05 1
0.0848804 4.35944e-05 1
0.0849779 4.58447e-05 1
0.0850753 4.81488e-05 1
0.0851728 5.05057e-05 1
0.0852702 5.29147e-05 1
0.0853677 5.53752e-05 1
0.0854651 5.78862e-05 1
0.0855626 6.04467e-05 1
0.08566 6.30554e-05 1
0.0857575 6.57254e-05 1
0.0858549 6.8427e-05 1
0.0859523 7.1177e-05 1
0.0860498 7.39735e-05 1
0.0861472 7.68164e-05 1
0.0862447 7.97051e-05 1
0.0863421 8.26384e-05 4
0.0864396 8.56152e-05 1
0.086537 8.86349e-05 4
0.0866345 9.16971e-05 1
0.0867319 9.47972e-05 1
0.0868294 9.79375e-05 1
0.0869268 0.000101119 1
0.0870243 0.000104342 5
0.0871217 0.000107605 1
0.0872192 0.000110908 1
0.0873166 0.000114251 1
0.087414 0.000117633 1
0.0875115 0.000121053 2
0.0876089 0.00012451 1
0.0877064 0.000128003 4
0.0878038 0.000131532 2
0.0879013 0.000135096 1
0.0879987 0.000138694 1
0.0880962 0.000142325 1
0.0881936 0.000145988 1
0.0882911 0.000149682 4
0.0883885 0.000153406 2
0.088486 0.000157173 1
0.0885834 0.000160951 1
0.0886809 0.000164736 1
0.0887783 0.000168573 2
0.0888758 0.000172434 1
0.0889732 0.00017632 1
0.0890706 0.000180231 1
0.0891681 0.000184165 1
0.0892655 0.000188122 1
0.089363 0.000192097 2
0.0894604 0.000196097 1
0.0895579 0.000200116 4
0.0896553 0.000204156 5
0.0897528 0.000208213 2
0.0898502 0.000212289 1
0.0899477 0.00021638 1
0.0900451 0.000220487 1
0.0901426 0.000224609 2
0.09024 0.000228746 2
0.0903375 0.000232891 2
0.0904349 0.000237047 2
0.0905323 0.000241217 1
0.0906298 0.000245399 1
0.0907272 0.000249591 2
0.0908247 0.000253793 5
0.0909221 0.000258002 1
0.0910196 0.000262217 1
0.091117 0.000266437 4
0.0912145 0.000270661 4
0.0913119 0.000274888 5
0.0914094 0.000279118 1
0.0915068 0.000283349 2
0.0916043 0.000287576 2
0.0917017 0.000291801 1
0.0917992 0.000296027 4
0.0918966 0.000300252 2
0.091994 0.000304475 1
0.0920915 0.000308695 1
0.0921889 0.000312912 1
0.0922864 0.000317125 1
0.0923838 0.000321332 1
0.0924813 0.000325531 1
0.0925787 0.00032972 2
0.0926762 0.000333911 1
0.0927736 0.000338072 1
0.0928711 0.000342155 3
0.0929685 0.000346293 1
0.093066 0.000350419 1
0.0931634 0.000354531 1
0.0932609 0.000358677 1
0.0933583 0.000362753 4
0.0934557 0.000366813 1
0.0935532 0.000370853 1
0.0936506 0.000374867 1
0.0937481 0.00037886 2
0.0938455 0.000382833 1
0.093943 0.000386786 1
0.0940404 0.000390716 2
0.0941379 0.000394623 1
0.0942353 0.000398506 1
0.0943328 0.000402365 1
0.0944302 0.000406199 2
0.0945277 0.000410006 1
0.0946251 0.000413787 1
0.0947226 0.00041754 1
0.09482 0.000421265 2
0.0949174 0.000424961 2
0.0950149 0.000428626 1
0.0951123 0.000432262 1
0.0952098 0.000435866 1
0.0953072 0.000439432 1
0.0954047 0.000442965 1
0.0955021 0.000446465 1
0.0955996 0.000449931 1
0.095697 0.00045336 1
0.0957945 0.000456752 3
0.0958919 0.000460099 3
0.0959894 0.000463409 1
0.0960868 0.000466677 1
0.0961843 0.000469898 1
0.0962817 0.000473085 3
0.0963791 0.000476223 1
0.0964766 0.000479317 1
0.096574 0.000482365 1
0.0966715 0.00048537 1
0.0967689 0.000488322 3
0.0968664 0.000491222 1
0.0969638 0.000494081 1
0.0970613 0.00049689 1
0.0971587 0.000499651 1
0.0972562 0.000502365 1
0.0973536 0.000505032 3
0.0974511 0.000507649 4
0.0975485 0.000510217 1
0.097646 0.00051273 2
0.0977434 0.000515193 1
0.0978408 0.000517596 1
0.0979383 0.00051995 1
0.0980357 0.000522251 4
0.0981332 0.000524498 2
0.0982306 0.000526689 1
0.0983281 0.000528825 2
0.0984255 0.000530902 1
0.098523 0.000532925 1
0.0986204 0.000534886 4
0.0987179 0.000536786 4
0.0988153 0.00053863 1
0.0989128 0.000540413 1
0.0990102 0.000542136 1
0.0991077 0.000543803 3
0.0992051 0.000545402 2
0.0993025 0.000546942 1
0.0994 0.00054842 1
0.0994974 0.000549836 1
0.0995949 0.00055119 1
0.0996923 0.000552483 5
0.0997898 0.000553714 1
0.0998872 0.000554878 1
0.0999847 0.00055598 1
0.100082 0.000557022 1
0.10018 0.000558004 1
0.100277 0.000558924 4
0.100374 0.000559781 1
0.100472 0.000560576 1
0.100569 0.000561304 1
0.100667 0.000561971 1
0.100764 0.000562579 4
0.100862 0.000563125 1
0.100959 0.000563608 1
0.101057 0.000564026 1
0.101154 0.000564381 1
0.101251 0.000564674 4
0.101349 0.0005649 1
0.101446 0.000565062 4
0.101544 0.000565156 4
0.101641 0.000565181 1
0.101739 0.000565143 1
0.101836 0.000565042 1
0.101934 0.000564876 1
0.102031 0.000564648 4
0.102129 0.000564349 4
0.102226 0.000563985 1
0.102323 0.000563558 4
0.102421 0.000563066 1
0.102518 0.000562514 1
0.102616 0.000561902 1
0.102713 0.000561231 4
0.102811 0.000560499 1
0.102908 0.000559704 1
0.103006 0.000558846 1
0.103103 0.000557926 1
0.1032 0.000556944 1
0.103298 0.0005559 1
0.103395 0.000554795 4
0.103493 0.000553627 1
0.10359 0.000552395 1
0.103688 0.000551102 1
0.103785 0.000549748 1
0.103883 0.000548333 5
0.10398 0.00054686 1
0.104077 0.000545325 1
0.104175 0.00054373 1
0.104272 0.000542075 4
0.10437 0.000540358 2
0.104467 0.000538583 1
0.104565 0.00053675 1
0.104662 0.00053486 1
0.10476 0.000532914 4
0.104857 0.000530916 1
0.104954 0.000528862 4
0.105052 0.000526754 1
0.105149 0.000524591 4
0.105247 0.000522372 1
0.105344 0.000520099 1
0.105442 0.000517775 4
0.105539 0.000515395 1
0.105637 0.000512963 1
0.105734 0.000510479 1
0.105831 0.000507944 1
0.105929 0.000505358 1
0.106026 0.000502722 4
0.106124 0.000500037 1
0.106221 0.0004973 4
0.106319 0.000494517 1
0.106416 0.000491687 1
0.106514 0.000488812 1
0.106611 0.000485892 1
0.106708 0.000482927 1
0.106806 0.000479919 1
0.106903 0.000476869 1
0.107001 0.000473775 2
0.107098 0.000470639 5
0.107196 0.000467459 1
0.107293 0.000464238 1
0.107391 0.000460975 1
0.107488 0.000457673 4
0.107586 0.000454331 4
0.107683 0.00045095 1
0.10778 0.000447536 1
0.107878 0.000444085 5
0.107975 0.000440598 1
0.108073 0.000437079 1
0.10817 0.000433527 2
0.108268 0.000429946 1
0.108365 0.000426337 2
0.108463 0.000422698 1
0.10856 0.000419027 2
0.108657 0.000415327 2
0.108755 0.000411598 1
0.108852 0.000407841 1
0.10895 0.000404054 1
0.109047 0.000400237 1
0.109145 0.000396391 1
0.109242 0.000392515 2
0.10934 0.000388611 1
0.109437 0.000384681 1
0.109534 0.000380726 1
0.109632 0.000376747 1
0.109729 0.000372747 1
0.109827 0.000368726 1
0.109924 0.000364685 4
0.110022 0.000360625 1
0.110119 0.000356548 1
0.110217 0.000352454 2
0.110314 0.000348344 1
0.110411 0.000344219 1
0.110509 0.000340081 1
0.110606 0.000335926 4
0.110704 0.000331758 1
0.110801 0.000327581 1
0.110899 0.000323393 2
0.110996 0.000319194 4
0.111094 0.000314986 2
0.111191 0.000310772 2
0.111288 0.000306551 1
0.111386 0.000302325 1
0.111483 0.000298094 2
0.111581 0.000293857 1
0.111678 0.000289618 1
0.111776 0.000285382 1
0.111873 0.000281146 1
0.111971 0.000276908 2
0.112068 0.000272671 4
0.112166 0.000268432 1
0.112263 0.0002642 1
0.11236 0.000259973 1
0.112458 0.00025575 1
0.112555 0.000251537 4
0.112653 0.000247334 5
0.11275 0.000243138 6
0.112848 0.00023895 2
0.112945 0.000234773 3
0.113043 0.000230606 2
0.11314 0.000226452 2
0.113237 0.000222313 1
0.113335 0.000218186 1
0.113432 0.000214072 1
0.11353 0.000209972 1
0.113627 0.000205886 1
0.113725 0.000201816 1
0.113822 0.000197763 1
0.11392 0.000193728 4
0.114017 0.000189713 5
0.114114 0.000185721 2
0.114212 0.000181751 1
0.114309 0.000177804 1
0.114407 0.000173882 2
0.114504 0.000169985 1
0.114602 0.000166111 1
0.114699 0.000162267 1
0.114797 0.000158451 1
0.114894 0.000154665 1
0.114991 0.000150908 1
0.115089 0.000147182 1
0.115186 0.000143487 1
0.115284 0.000139823 4
0.115381 0.000136192 1
0.115479 0.000132594 1
0.115576 0.000129031 2
0.115674 0.000125502 1
0.115771 0.000122009 1
0.115868 0.000118553 1
0.115966 0.000115135 2
0.116063 0.000111757 4
0.116161 0.000108418 1
0.116258 0.000105122 1
0.116356 0.000101868 1
0.116453 9.86569e-05 1
0.116551 9.54899e-05 1
0.116648 9.23675e-05 2
0.116746 8.92899e-05 4
0.116843 8.62577e-05 1
0.11694 8.32715e-05 5
0.117038 8.03318e-05 1
0.117135 7.74393e-05 4
0.117233 7.45937e-05 1
0.11733 7.17962e-05 1
0.117428 6.90474e-05 1
0.117525 6.63477e-05 2
0.117623 6.36975e-05 4
0.11772 6.10982e-05 1
0.117817 5.8552e-05 1
0.117915 5.60576e-05 2
0.118012 5.36126e-05 1
0.11811 5.12166e-05 1
0.118207 4.88721e-05 1
0.118305 4.65842e-05 2
0.118402 4.4355e-05 1
0.1185 4.21825e-05 1
0.118597 4.00657e-05 1
0.118694 3.8004e-05 1
0.118792 3.59976e-05 1
0.118889 3.40469e-05 2
0.118987 3.21517e-05 2
0.119084 3.03115e-05 1
0.119182 2.85264e-05 1
0.119279 2.67972e-05 1
0.119377 2.51247e-05 1
0.119474 2.35093e-05 1
0.119571 2.19523e-05 1
0.119669 2.04535e-05 1
0.119766 1.90125e-05 1
0.119864 1.76297e-05 1
0.119961 1.63066e-05 1
0.120059 1.50441e-05 1
0.120156 1.38425e-05 1
0.120254 1.27068e-05 1
0.120351 1.1636e-05 1
0.120448 1.0625e-05 1
0.120546 9.67222e-06 1
0.120643 8.77955e-06 1
0.120741 7.95026e-06 1
0.120838 7.1796e-06 1
0.120936 6.47141e-06 1
0.121033 5.83282e-06 1
0.121131 5.2595e-06 1
0.121228 4.7494e-06 1
0.121326 4.30139e-06 1
0.121423 3.91336e-06 1
0.12152 3.58525e-06 1
0.121618 3.31832e-06 1
0.121715 3.11382e-06 1
0.121813 2.96989e-06 1
0.12191 2.88855e-06 1
0.122008 2.87187e-06 1
0.122105 2.91907e-06 1
0.122203 3.03049e-06 1
0.1223 3.20692e-06 1
0.122397 3.4477e-06 1
0.122495 3.75101e-06 1
0.122592 4.11564e-06 1
0.12269 4.54248e-06 1
0.122787 5.03243e-06 1
0.122885 5.58608e-06 1
0.122982 6.2029e-06 1
0.12308 6.8825e-06 1
0.123177 7.62384e-06 1
0.123274 8.42638e-06 1
0.123372 9.28755e-06 1
0.123469 1.02092e-05 1
0.123567 1.11905e-05 1
0.123664 1.22331e-05 1
0.123762 1.33356e-05 1
0.123859 1.44994e-05 1
0.123957 1.57226e-05 1
0.124054 1.70066e-05 2
0.124151 1.83491e-05 1
0.124249 1.97475e-05 1
0.124346 2.12044e-05 1
0.124444 2.27209e-05 1
0.124541 2.42962e-05 1
0.124639 2.59298e-05 1
0.124736 2.76167e-05 1
0.124834 2.93584e-05 1
0.124931 3.11576e-05 1
0.125028 3.30138e-05 1
0.125126 3.49265e-05 1
0.125223 3.68956e-05 1
0.125321 3.89208e-05 1
0.125418 4.10014e-05 1
0.125516 4.31363e-05 1
0.125613 4.53246e-05 1
0.125711 4.75661e-05 1
0.125808 4.98604e-05 1
0.125905 5.22063e-05 1
0.126003 5.46032e-05 1
0.1261 5.70507e-05 1
0.126198 5.95475e-05 1
0.126295 6.20935e-05 1
0.126393 6.46977e-05 1
0.12649 6.7332e-05 3
0.126588 7.00247e-05 1
0.126685 7.27653e-05 4
0.126783 7.5554e-05 4
0.12688 7.83894e-05 1
0.126977 8.12714e-05 1
0.127075 8.41948e-05 1
0.127172 8.71666e-05 1
0.12727 9.01774e-05 1
0.127367 9.32271e-05 1
0.127465 9.63185e-05 1
0.127562 9.9452e-05 1
0.12766 0.000102623 1
0.127757 0.000105832 5
0.127854 0.000109079 1
0.127952 0.000112365 1
0.128049 0.00011569 1
0.128147 0.000119051 2
0.128244 0.000122451 1
0.128342 0.000125908 1
0.128439 0.000129354 1
0.128537 0.000132859 1
0.128634 0.000136399 1
0.128731 0.000139972 4
0.128829 0.000143577 1
0.128926 0.000147214 1
0.129024 0.000150883 2
0.129121 0.000154582 1
0.129219 0.00015831 1
0.129316 0.000162067 1
0.129414 0.000165851 4
0.129511 0.000169662 1
0.129608 0.0001735 2
0.129706 0.000177362 4
0.129803 0.00018125 1
0.129901 0.000185161 1
0.129998 0.000189096 1
0.130096 0.000193053 2
0.130193 0.000197032 1
0.130291 0.000201031 1
0.130388 0.000205041 1
0.130485 0.000209071 1
0.130583 0.000213123 1
0.13068 0.000217195 4
0.130778 0.000221285 1
0.130875 0.000225389 1
0.130973 0.000229552 1
0.13107 0.000233632 1
0.131168 0.000237763 4
0.131265 0.000241902 1
0.131363 0.000246054 1
0.13146 0.000250218 2
0.131557 0.000254389 4
0.131655 0.000258567 1
0.131752 0.00026275 1
0.13185 0.000266937 4
0.131947 0.000271128 2
0.132045 0.000275323 2
0.132142 0.00027952 1
0.13224 0.000283714 2
0.132337 0.000287907 4
0.132434 0.000292096 1
0.132532 0.000296281 1
0.132629 0.000300461 1
0.132727 0.000304637 2
0.132824 0.000308806 1
0.132922 0.000312969 1
0.133019 0.000317125 1
0.133117 0.000321273 1
0.133214 0.000325413 4
0.133311 0.000329543 2
0.133409 0.000333663 1
0.133506 0.000337773 1
0.133604 0.00034187 4
0.133701 0.000345952 1
0.133799 0.000350014 1
0.133896 0.000354056 2
0.133994 0.000358089 1
0.134091 0.000362094 1
0.134188 0.000366088 2
0.134286 0.000370065 4
0.134383 0.000374023 1
0.134481 0.000377959 2
0.134578 0.00038187 1
0.134676 0.000385753 2
0.134773 0.000389611 1
0.134871 0.000393443 1
0.134968 0.000397249 1
0.135065 0.000401029 2
0.135163 0.000404783 1
0.13526 0.000408509 2
0.135358 0.000412205 1
0.135455 0.00041587 1
0.135553 0.000419503 1
0.13565 0.000423101 1
0.135748 0.000426666 1
0.135845 0.000430197 1
0.135943 0.000433694 1
0.13604 0.000437155 1
0.136137 0.000440581 1
0.136235 0.000443972 1
0.136332 0.000447322 1
0.13643 0.000450634 3
0.136527 0.000453906 1
0.136625 0.000457204 3
0.136722 0.000460398 3
0.13682 0.000463548 1
0.136917 0.000466659 1
0.137014 0.000469729 1
0.137112 0.000472755 1
0.137209 0.000475736 1
0.137307 0.000478672 1
0.137404 0.000481562 4
0.137502 0.000484407 1
0.137599 0.000487207 1
0.137697 0.000489958 1
0.137794 0.000492658 1
0.137891 0.000495306 1
0.137989 0.000497913 4
0.138086 0.00050046 1
0.138184 0.000502963 1
0.138281 0.000505416 1
0.138379 0.00050781 4
0.138476 0.000510149 2
0.138574 0.000512435 1
0.138671 0.000514671 2
0.138768 0.000516855 4
0.138866 0.000518986 2
0.138963 0.000521063 1
0.139061 0.000523087 2
0.139158 0.000525054 1
0.139256 0.000526966 3
0.139353 0.000528819 4
0.139451 0.000530605 1
0.139548 0.000532339 1
0.139645 0.000534017 3
0.139743 0.000535633 4
0.13984 0.000537191 1
0.139938 0.000538689 1
0.140035 0.000540129 1
0.140133 0.000541509 1
0.14023 0.00054283 5
0.140328 0.000544091 1
0.140425 0.000545294 1
0.140523 0.000546437 1
0.14062 0.000547516 1
0.140717 0.000548534 1
0.140815 0.000549493 1
0.140912 0.000550393 1
0.14101 0.000551231 1
0.141107 0.000552005 4
0.141205 0.000552719 4
0.141302 0.000553368 1
0.1414 0.000553941 1
0.141497 0.000554461 1
0.141594 0.000554923 4
0.141692 0.000555322 1
0.141789 0.000555659 1
0.141887 0.000555935 1
0.141984 0.00055615 1
0.142082 0.000556307 1
0.142179 0.000556402 1
0.142277 0.000556435 4
0.142374 0.000556406 1
0.142471 0.000556316 4
0.142569 0.000556156 4
0.142666 0.000555931 1
0.142764 0.00055564 1
0.142861 0.000555288 1
0.142959 0.000554875 1
0.143056 0.000554401 1
0.143154 0.000553866 1
0.143251 0.000553268 1
0.143348 0.000552606 4
0.143446 0.000551877 1
0.143543 0.000551088 1
0.143641 0.000550234 1
0.143738 0.000549334 4
0.143836 0.000548378 1
0.143933 0.000547357 1
0.144031 0.00054629 1
0.144128 0.000545164 1
0.144225 0.000543974 1
0.144323 0.00054272 4
0.14442 0.000541405 1
0.144518 0.000540031 5
0.144615 0.000538595 1
0.144713 0.000537105 1
0.14481 0.000535559 1
0.144908 0.000533955 1
0.145005 0.000532293 1
0.145102 0.000530575 1
0.1452 0.0005288 1
0.145297 0.000526975 3
0.145395 0.000525087 2
0.145492 0.000523147 4
0.14559 0.000521153 1
0.145687 0.000519105 4
0.145785 0.000517007 1
0.145882 0.000514856 2
0.14598 0.000512655 1
0.146077 0.000510402 2
0.146174 0.000508096 4
0.146272 0.000505738 1
0.146369 0.000503326 1
0.146467 0.000500862 1
0.146564 0.000498346 1
0.146662 0.000495778 1
0.146759 0.000493159 1
0.146857 0.000490492 4
0.146954 0.000487781 4
0.147051 0.000485021 1
0.147149 0.000482213 1
0.147246 0.00047936 1
0.147344 0.000476462 4
0.147441 0.00047352 1
0.147539 0.000470534 1
0.147636 0.000467502 1
0.147734 0.000464429 1
0.147831 0.000461313 1
0.147928 0.000458154 1
0.148026 0.000454954 4
0.148123 0.00045171 1
0.148221 0.000448426 1
0.148318 0.000445104 1
0.148416 0.000441747 3
0.148513 0.00043835 1
0.148611 0.000434918 1
0.148708 0.000431453 1
0.148805 0.000427952 1
0.148903 0.00042441 2
0.149 0.000420837 1
0.149098 0.000417237 2
0.149195 0.000413609 1
0.149293 0.000409951 2
0.14939 0.000406263 2
0.149488 0.000402548 1
0.149585 0.000398801 2
0.149682 0.000395027 1
0.14978 0.000391229 2
0.149877 0.000387408 1
0.149975 0.000383563 1
0.150072 0.000379695 1
0.15017 0.000375812 1
0.150267 0.000371895 1
0.150365 0.000367955 1
0.150462 0.000363993 1
0.15056 0.00036001 1
0.150657 0.000356008 3
0.150754 0.000351988 1
0.150852 0.000347951 1
0.150949 0.000343897 1
0.151047 0.000339828 1
0.151144 0.000335743 1
0.151242 0.000331645 1
0.151339 0.000327531 3
0.151437 0.000323405 1
0.151534 0.000319269 1
0.151631 0.000315122 4
0.151729 0.000310965 1
0.151826 0.0003068 2
0.151924 0.000302629 1
0.152021 0.000298454 2
0.152119 0.000294274 1
0.152216 0.000290089 1
0.152314 0.000285902 1
0.152411 0.000281712 1
0.152508 0.00027752 1
0.152606 0.000273328 1
0.152703 0.000269137 4
0.152801 0.000264948 1
0.152898 0.000260763 1
0.152996 0.000256582 4
0.153093 0.000252409 3
0.153191 0.000248236 4
0.153288 0.000244071 5
0.153385 0.000239917 1
0.153483 0.000235775 1
0.15358 0.00023164 1
0.153678 0.000227514 1
0.153775 0.0002234 4
0.153873 0.0002193 2
0.15397 0.000215213 1
0.154068 0.00021114 1
0.154165 0.000207086 1
0.154262 0.000203051 4
0.15436 0.000199035 2
0.154457 0.000195037 1
0.154555 0.000191058 2
0.154652 0.000187099 2
0.15475 0.000183161 1
0.154847 0.000179244 1
0.154945 0.000175348 1
0.155042 0.000171476 1
0.15514 0.000167628 1
0.155237 0.000163806 1
0.155334 0.00016001 4
0.155432 0.000156241 1
0.155529 0.000152501 4
0.155627 0.00014879 2
0.155724 0.000145109 1
0.155822 0.000141459 2
0.155919 0.000137841 1
0.156017 0.000134254 1
0.156114 0.0001307 1
0.156211 0.000127179 1
0.156309 0.000123693 4
0.156406 0.000120241 1
0.156504 0.000116826 1
0.156601 0.000113447 1
0.156699 0.000110106 1
0.156796 0.000106804 1
0.156894 0.000103542 1
0.156991 0.000100325 1
0.157088 9.71531e-05 1
0.157186 9.40253e-05 5
0.157283 9.09417e-05 1
0.157381 8.79025e-05 1
0.157478 8.49085e-05 2
0.157576 8.19598e-05 2
0.157673 7.90569e-05 1
0.157771 7.62004e-05 1
0.157868 7.33902e-05 1
0.157965 7.0627e-05 1
0.158063 6.79112e-05 1
0.15816 6.52436e-05 1
0.158258 6.26247e-05 1
0.158355 6.00553e-05 4
0.158453 5.75355e-05 1
0.15855 5.50663e-05 4
0.158648 5.26461e-05 4
0.158745 5.02783e-05 1
0.158842 4.79624e-05 2
0.15894 4.5699e-05 1
0.159037 4.34884e-05 1
0.159135 4.13312e-05 1
0.159232 3.92275e-05 2
0.15933 3.71779e-05 1
0.159427 3.51826e-05 1
0.159525 3.32423e-05 1
0.159622 3.13591e-05 1
0.15972 2.95334e-05 1
0.159817 2.7763e-05 1
0.159914 2.60471e-05 1
0.160012 2.4387e-05 1
0.160109 2.27844e-05 1
0.160207 2.12403e-05 1
0.160304 1.97551e-05 1
0.160402 1.83288e-05 1
0.160499 1.69589e-05 1
0.160597 1.56446e-05 1
0.160694 1.43934e-05 1
0.160791 1.3205e-05 1
0.160889 1.2075e-05 1
0.160986 1.10032e-05 1
0.161084 9.99226e-06 1
0.161181 9.04437e-06 1
0.161279 8.15951e-06 1
0.161376 7.33668e-06 1
0.161474 6.57494e-06 1
0.161571 5.8736e-06 1
0.161668 5.23274e-06 1
0.161766 4.65247e-06 1
0.161863 4.13323e-06 1
0.161961 3.67514e-06 1
0.162058 3.27837e-06 1
0.162156 2.94283e-06 1
0.162253 2.66879e-06 1
0.162351 2.45201e-06 1
0.162448 2.29896e-06 1
0.162545 2.20795e-06 1
0.162643 2.18088e-06 1
0.16274 2.21554e-06 1
0.162838 2.30949e-06 1
0.162935 2.46562e-06 1
0.163033 2.68492e-06 1
0.16313 2.96721e-06 1
0.163228 3.31216e-06 1
0.163325 3.71955e-06 1
0.163422 4.18913e-06 1
0.16352 4.72059e-06 1
0.163617 5.31358e-06 1
0.163715 5.96776e-06 1
0.163812 6.68276e-06 1
0.16391 7.45816e-06 1
0.164007 8.29356e-06 1
0.164105 9.18853e-06 1
0.164202 1.01428e-05 1
0.164299 1.11543e-05 2
0.164397 1.22242e-05 1
0.164494 1.33534e-05 1
0.164592 1.45421e-05 1
0.164689 1.57901e-05 1
0.164787 1.70948e-05 1
0.164884 1.84572e-05 1
0.164982 1.98788e-05 1
0.165079 2.1359e-05 1
0.165177 2.28971e-05 1
0.165274 2.44925e-05 1
0.165371 2.61448e-05 1
0.165469 2.78536e-05 1
0.165566 2.96185e-05 1
0.165664 3.14389e-05 1
0.165761 3.33137e-05 1
0.165859 3.52424e-05 1
0.165956 3.72253e-05 1
0.166054 3.92618e-05 1
0.166151 4.1352e-05 2
0.166248 4.34946e-05 1
0.166346 4.56893e-05 1
0.166443 4.79363e-05 1
0.166541 5.02358e-05 1
0.166638 5.25864e-05 1
0.166736 5.49839e-05 1
0.166833 5.74297e-05 1
0.166931 5.99251e-05 1
0.167028 6.24697e-05 1
0.167125 6.50607e-05 3
0.167223 6.77023e-05 1
0.16732 7.03932e-05 1
0.167418 7.31318e-05 4
0.167515 7.59172e-05 1
0.167613 7.87486e-05 1
0.16771 8.16253e-05 1
0.167808 8.45463e-05 4
0.167905 8.75109e-05 5
0.168002 9.05179e-05 1
0.1681 9.35667e-05 1
0.168197 9.66565e-05 2
0.168295 9.97868e-05 1
0.168392 0.000102957 4
0.16849 0.000106166 1
0.168587 0.000109414 1
0.168685 0.000112701 2
0.168782 0.000116025 1
0.168879 0.000119387 1
0.168977 0.000122785 2
0.169074 0.00012622 1
0.169172 0.000129689 4
0.169269 0.000133193 2
0.169367 0.00013673 1
0.169464 0.0001403 1
0.169562 0.000143901 1
0.169659 0.000147534 2
0.169757 0.000151196 1
0.169854 0.000154888 1
0.169951 0.000158607 1
0.170049 0.000162354 1
0.170146 0.000166128 1
0.170244 0.000169927 2
0.170341 0.000173751 1
0.170439 0.000177599 1
0.170536 0.00018147 1
0.170634 0.000185363 4
0.170731 0.000189277 5
0.170828 0.000193212 1
0.170926 0.000197166 2
0.171023 0.000201139 1
0.171121 0.000205128 2
0.171218 0.000209135 1
0.171316 0.000213158 1
0.171413 0.000217192 1
0.171511 0.000221241 2
0.171608 0.000225305 1
0.171705 0.000229381 1
0.171803 0.00023347 2
0.1719 0.00023757 1
0.171998 0.00024168 5
0.172095 0.000245798 1
0.172193 0.000249923 4
0.17229 0.000254056 5
0.172388 0.000258193 1
0.172485 0.000262335 5
0.172582 0.000266479 2
0.17268 0.00027062 2
0.172777 0.000274761 4
0.172875 0.000278905 1
0.172972 0.000283049 1
0.17307 0.000287192 2
0.173167 0.000291336 1
0.173265 0.000295478 1
0.173362 0.000299617 2
0.173459 0.000303753 1
0.173557 0.000307882 1
0.173654 0.000312004 1
0.173752 0.000316117 1
0.173849 0.000320219 1
0.173947 0.000324304 4
0.174044 0.000328375 1
0.174142 0.000332438 5
0.174239 0.000336488 1
0.174337 0.000340526 1
0.174434 0.000344545 1
0.174531 0.000348545 2
0.174629 0.00035253 1
0.174726 0.000356497 5
0.174824 0.000360445 1
0.174921 0.000364374 2
0.175019 0.000368282 1
0.175116 0.000372168 1
0.175214 0.000376032 1
0.175311 0.000379872 1
0.175408 0.000383688 2
0.175506 0.000387479 1
0.175603 0.00039124 1
0.175701 0.00039498 1
0.175798 0.000398692 1
0.175896 0.000402373 1
0.175993 0.000406024 2
0.176091 0.000409645 2
0.176188 0.000413237 1
0.176285 0.000416797 2
0.176383 0.000420326 1
0.17648 0.000423822 2
0.176578 0.000427285 1
0.176675 0.000430713 1
0.176773 0.000434107 1
0.17687 0.000437467 1
0.176968 0.000440793 3
0.177065 0.000444082 1
0.177162 0.000447334 4
0.17726 0.000450549 1
0.177357 0.000453726 4
0.177455 0.00045686 1
0.177552 0.000459951 1
0.17765 0.000463 1
0.177747 0.000466004 5
0.177845 0.000468964 1
0.177942 0.000471896 1
0.178039 0.000474761 1
0.178137 0.000477588 1
0.178234 0.00048037 2
0.178332 0.000483105 1
0.178429 0.000485794 1
0.178527 0.000488434 1
0.178624 0.000491027 4
0.178722 0.000493575 1
0.178819 0.000496074 1
0.178917 0.000498523 1
0.179014 0.000500915 2
0.179111 0.000503253 4
0.179209 0.000505541 1
0.179306 0.000507775 5
0.179404 0.000509956 1
0.179501 0.000512082 2
0.179599 0.000514154 1
0.179696 0.000516173 2
0.179794 0.000518138 4
0.179891 0.000520047 1
0.179988 0.0005219 1
0.180086 0.000523695 4
0.180183 0.000525435 1
0.180281 0.000527117 1
0.180378 0.000528741 1
0.180476 0.000530312 3
0.180573 0.000531816 2
0.180671 0.000533264 1
0.180768 0.000534652 1
0.180865 0.000535983 1
0.180963 0.000537255 5
0.18106 0.00053847 1
0.181158 0.000539622 1
0.181255 0.000540716 1
0.181353 0.000541752 1
0.18145 0.00054273 4
0.181548 0.000543647 1
0.181645 0.000544503 1
0.181742 0.000545294 1
0.18184 0.000546027 1
0.181937 0.000546702 1
0.182035 0.000547318 1
0.182132 0.000547872 4
0.18223 0.000548366 1
0.182327 0.000548793 1
0.182425 0.000549164 1
0.182522 0.000549473 1
0.182619 0.000549721 4
0.182717 0.000549908 4
0.182814 0.000550033 1
0.182912 0.000550089 1
0.183009 0.00055009 1
0.183107 0.000550027 1
0.183204 0.000549902 1
0.183302 0.000549714 1
0.183399 0.000549459 4
0.183497 0.000549141 1
0.183594 0.000548762 4
0.183691 0.000548321 1
0.183789 0.00054782 1
0.183886 0.000547259 1
0.183984 0.00054664 4
0.184081 0.00054596 1
0.184179 0.00054522 1
0.184276 0.000544421 1
0.184374 0.000543562 1
0.184471 0.000542638 1
0.184568 0.00054165 1
0.184666 0.000540603 4
0.184763 0.000539498 1
0.184861 0.000538331 1
0.184958 0.000537107 1
0.185056 0.000535822 1
0.185153 0.000534477 1
0.185251 0.000533073 5
0.185348 0.000531612 1
0.185445 0.000530093 1
0.185543 0.000528515 1
0.18564 0.000526879 1
0.185738 0.000525186 4
0.185835 0.000523432 2
0.185933 0.000521622 1
0.18603 0.000519756 1
0.186128 0.000517833 4
0.186225 0.00051586 1
0.186322 0.000513832 1
0.18642 0.000511753 4
0.186517 0.000509619 2
0.186615 0.000507432 1
0.186712 0.000505194 4
0.18681 0.000502903 4
0.186907 0.000500561 4
0.187005 0.000498166 1
0.187102 0.000495721 1
0.187199 0.000493226 1
0.187297 0.000490681 1
0.187394 0.000488086 1
0.187492 0.000485441 1
0.187589 0.000482746 4
0.187687 0.000480005 1
0.187784 0.000477218 1
0.187882 0.000474385 1
0.187979 0.000471505 1
0.188076 0.000468584 1
0.188174 0.000465621 1
0.188271 0.000462614 4
0.188369 0.000459565 2
0.188466 0.000456473 1
0.188564 0.000453338 2
0.188661 0.000450161 1
0.188759 0.000446944 1
0.188856 0.00044369 4
0.188954 0.000440396 1
0.189051 0.000437064 4
0.189148 0.000433697 5
0.189246 0.000430297 1
0.189343 0.000426863 2
0.189441 0.00042339 2
0.189538 0.000419884 1
0.189636 0.000416344 1
0.189733 0.000412781 1
0.189831 0.000409187 2
0.189928 0.000405564 2
0.190025 0.000401912 1
0.190123 0.000398231 2
0.19022 0.000394524 2
0.190318 0.00039079 2
0.190415 0.000387032 1
0.190513 0.000383247 1
0.19061 0.000379438 2
0.190708 0.000375603 1
0.190805 0.000371743 1
0.190902 0.000367858 2
0.191 0.000363951 1
0.191097 0.000360024 1
0.191195 0.000356077 1
0.191292 0.000352112 1
0.19139 0.00034813 1
0.191487 0.000344132 1
0.191585 0.000340118 3
0.191682 0.000336089 1
0.191779 0.000332045 1
0.191877 0.000327986 1
0.191974 0.000323913 1
0.192072 0.000319831 3
0.192169 0.000315744 1
0.192267 0.000311645 4
0.192364 0.000307535 1
0.192462 0.000303417 2
0.192559 0.000299295 1
0.192656 0.00029517 1
0.192754 0.000291041 1
0.192851 0.00028691 2
0.192949 0.000282778 1
0.193046 0.000278645 1
0.193144 0.000274512 1
0.193241 0.000270382 1
0.193339 0.000266254 4
0.193436 0.000262128 1
0.193534 0.000258006 1
0.193631 0.00025389 1
0.193728 0.000249781 2
0.193826 0.000245679 4
0.193923 0.000241582 4
0.194021 0.000237494 5
0.194118 0.000233418 2
0.194216 0.000229352 2
0.194313 0.000225296 5
0.194411 0.000221251 1
0.194508 0.000217217 1
0.194605 0.000213196 1
0.194703 0.000209189 2
0.1948 0.000205152 2
0.194898 0.000201172 2
0.194995 0.00019721 2
0.195093 0.00019327 1
0.19519 0.00018935 1
0.195288 0.000185451 2
0.195385 0.000181573 1
0.195482 0.000177719 5
0.19558 0.000173887 5
0.195677 0.000170078 2
0.195775 0.000166294 2
0.195872 0.000162536 1
0.19597 0.000158805 1
0.196067 0.000155101 1
0.196165 0.000151426 1
0.196262 0.000147781 1
0.196359 0.000144165 1
0.196457 0.00014058 1
0.196554 0.000137026 1
0.196652 0.000133503 1
0.196749 0.000130012 1
0.196847 0.000126553 1
0.196944 0.000123129 4
0.197042 0.000119738 1
0.197139 0.000116384 1
0.197236 0.000113066 1
0.197334 0.000109786 2
0.197431 0.000106545 1
0.197529 0.000103344 1
0.197626 0.000100183 1
0.197724 9.70638e-05 4
0.197821 9.39862e-05 1
0.197919 9.09511e-05 1
0.198016 8.79589e-05 2
0.198114 8.50099e-05 1
0.198211 8.21047e-05 1
0.198308 7.92436e-05 1
0.198406 7.64271e-05 1
0.198503 7.36558e-05 5
0.198601 7.09298e-05 4
0.198698 6.825e-05 1
0.198796 6.56166e-05 2
0.198893 6.30303e-05 1
0.198991 6.04917e-05 4
0.199088 5.80013e-05 1
0.199185 5.556e-05 1
0.199283 5.31685e-05 1
0.19938 5.08272e-05 1
0.199478 4.8537e-05 4
0.199575 4.63008e-05 1
0.199673 4.41208e-05 1
0.19977 4.19971e-05 2
0.199868 3.99294e-05 2
0.199965 3.79147e-05 1
0.200062 3.59499e-05 1
0.20016 3.40355e-05 1
0.200257 3.21736e-05 1
0.200355 3.03664e-05 2
0.200452 2.86142e-05 2
0.20055 2.69166e-05 1
0.200647 2.52733e-05 1
0.200745 2.3684e-05 1
0.200842 2.21487e-05 1
0.200939 2.06675e-05 1
0.201037 1.92412e-05 2
0.201134 1.78706e-05 1
0.201232 1.65567e-05 1
0.201329 1.53001e-05 1
0.201427 1.41019e-05 1
0.201524 1.29625e-05 1
0.201622 1.18833e-05 2
0.201719 1.08638e-05 1
0.201816 9.9032e-06 1
0.201914 9.00132e-06 2
0.202011 8.15899e-06 1
0.202109 7.37691e-06 1
0.202206 6.65528e-06 1
0.202304 5.99395e-06 1
0.202401 5.39633e-06 1
0.202499 4.85671e-06 1
0.202596 4.37163e-06 2
0.202694 3.94598e-06 1
0.202791 3.58344e-06 1
0.202888 3.28301e-06 2
0.202986 3.04381e-06 1
0.203083 2.86789e-06 1
0.203181 2.75568e-06 1
0.203278 2.69745e-06 1
0.203376 2.69317e-06 2
0.203473 2.7524e-06 1
0.203571 2.87774e-06 1
0.203668 3.06682e-06 2
0.203765 3.32078e-06 1
0.203863 3.6398e-06 1
0.20396 4.01528e-06 2
0.204058 4.44428e-06 1
0.204155 4.93595e-06 1
0.204253 5.49258e-06 1
0.20435 6.1124e-06 2
0.204448 6.79479e-06 1
0.204545 7.53935e-06 1
0.204642 8.34214e-06 1
0.20474 9.20233e-06 2
0.204837 1.01212e-05 1
0.204935 1.11002e-05 1
0.205032 1.21392e-05 1
0.20513 1.32379e-05 1
0.205227 1.4396e-05 1
0.205325 1.5611e-05 2
0.205422 1.68821e-05 1
0.205519 1.82111e-05 1
0.205617 1.95989e-05 1
0.205714 2.10459e-05 2
0.205812 2.25519e-05 1
0.205909 2.41171e-05 1
0.206007 2.57411e-05 1
0.206104 2.74229e-05 2
0.206202 2.91603e-05 1
0.206299 3.09528e-05 1
0.206396 3.28002e-05 1
0.206494 3.47029e-05 1
0.206591 3.66607e-05 1
0.206689 3.86735e-05 1
0.206786 4.07405e-05 1
0.206884 4.28612e-05 1
0.206981 4.50294e-05 1
0.207079 4.72545e-05 1
0.207176 4.95299e-05 1
0.207273 5.18556e-05 4
0.207371 5.42315e-05 4
0.207468 5.66575e-05 4
0.207566 5.91324e-05 1
0.207663 6.16566e-05 1
0.207761 6.42297e-05 1
0.207858 6.68515e-05 2
0.207956 6.95207e-05 1
0.208053 7.22372e-05 1
0.208151 7.49998e-05 1
0.208248 7.78086e-05 1
0.208345 8.06596e-05 2
0.208443 8.35548e-05 1
0.20854 8.64924e-05 1
0.208638 8.94694e-05 1
0.208735 9.24875e-05 5
0.208833 9.55481e-05 1
0.20893 9.86464e-05 1
0.209028 0.000101812 2
0.209125 0.000104964 2
0.209222 0.000108178 1
0.20932 0.000111429 1
0.209417 0.000114719 1
0.209515 0.000118044 1
0.209612 0.000121406 1
0.20971 0.000124802 4
0.209807 0.000128232 1
0.209905 0.000131696 1
0.210002 0.000135193 2
0.210099 0.000138721 1
0.210197 0.000142281 1
0.210294 0.000145871 1
0.210392 0.000149491 4
0.210489 0.00015314 1
0.210587 0.000156817 1
0.210684 0.000160521 1
0.210782 0.000164252 5
0.210879 0.000168008 2
0.210976 0.000171788 1
0.211074 0.000175592 1
0.211171 0.000179418 1
0.211269 0.000183267 1
0.211366 0.000187136 2
0.211464 0.000191026 1
0.211561 0.00019493 1
0.211659 0.000198851 4
0.211756 0.000202791 1
0.211853 0.000206748 1
0.211951 0.00021072 1
0.212048 0.000214707 1
0.212146 0.000218706 1
0.212243 0.000222717 1
0.212341 0.000226738 1
0.212438 0.000230761 4
0.212536 0.000234797 2
0.212633 0.000238847 5
0.212731 0.000242907 4
0.212828 0.000246973 3
0.212925 0.000251042 3
0.213023 0.000255116 2
0.21312 0.000259196 4
0.213218 0.000263282 1
0.213315 0.000267368 1
0.213413 0.000271455 4
0.21351 0.00027554 1
0.213608 0.000279623 1
0.213705 0.000283703 2
0.213802 0.000287778 1
0.2139 0.000291849 1
0.213997 0.000295915 1
0.214095 0.000299976 1
0.214192 0.000304029 1
0.21429 0.000308076 1
0.214387 0.000312114 4
0.214485 0.000316226 1
0.214582 0.000320167 1
0.214679 0.000324175 5
0.214777 0.000328171 1
0.214874 0.000332152 1
0.214972 0.000336113 2
0.215069 0.000340055 1
0.215167 0.000343981 1
0.215264 0.000347931 2
0.215362 0.000351823 3
0.215459 0.000355701 1
0.215556 0.00035956 1
0.215654 0.000363399 2
0.215751 0.000367214 1
0.215849 0.000371049 2
0.215946 0.000374817 1
0.216044 0.000378561 1
0.216141 0.00038228 1
0.216239 0.000385976 1
0.216336 0.000389644 1
0.216433 0.000393287 1
0.216531 0.000396902 1
0.216628 0.000400488 1
0.216726 0.000404044 1
0.216823 0.000407569 1
0.216921 0.000411063 1
0.217018 0.000414526 1
0.217116 0.000417955 1
0.217213 0.000421362 1
0.217311 0.000424724 1
0.217408 0.000428047 1
0.217505 0.000431337 1
0.217603 0.000434596 1
0.2177 0.000437814 3
0.217798 0.000440999 1
0.217895 0.000444145 1
0.217993 0.000447252 1
0.21809 0.000450322 3
0.218188 0.000453351 1
0.218285 0.00045634 1
0.218382 0.000459287 1
0.21848 0.000462203 1
0.218577 0.000465058 1
0.218675 0.000467875 1
0.218772 0.000470648 1
0.21887 0.000473377 4
0.218967 0.000476061 1
0.219065 0.000478701 1
0.219162 0.000481294 3
0.219259 0.000483838 4
0.219357 0.000486337 1
0.219454 0.00048879 1
0.219552 0.000491193 2
0.219649 0.000493546 2
0.219747 0.000495844 1
0.219844 0.000498098 1
0.219942 0.000500301 2
0.220039 0.000502457 4
0.220136 0.000504561 2
0.220234 0.000506611 1
0.220331 0.000508606 1
0.220429 0.000510547 1
0.220526 0.000512433 4
0.220624 0.000514268 3
0.220721 0.000516047 2
0.220819 0.000517773 3
0.220916 0.000519434 3
0.221013 0.000521047 1
0.221111 0.000522603 1
0.221208 0.000524102 1
0.221306 0.000525545 1
0.221403 0.000526931 1
0.221501 0.00052826 4
0.221598 0.000529532 5
0.221696 0.000530747 1
0.221793 0.000531905 1
0.221891 0.000533 1
0.221988 0.000534038 1
0.222085 0.00053502 1
0.222183 0.000535945 1
0.22228 0.00053681 1
0.222378 0.000537613 1
0.222475 0.000538362 4
0.222573 0.000539044 1
0.22267 0.000539666 1
0.222768 0.000540224 1
0.222865 0.000540726 4
0.222962 0.000541169 1
0.22306 0.000541551 1
0.223157 0.000541873 1
0.223255 0.000542136 1
0.223352 0.000542341 1
0.22345 0.000542486 1
0.223547 0.00054257 4
0.223645 0.000542595 1
0.223742 0.000542559 4
0.223839 0.000542458 1
0.223937 0.000542288 4
0.224034 0.000542056 1
0.224132 0.000541764 1
0.224229 0.00054141 1
0.224327 0.000540995 1
0.224424 0.00054052 1
0.224522 0.000539981 1
0.224619 0.000539382 4
0.224716 0.000538721 1
0.224814 0.000537996 1
0.224911 0.000537212 1
0.225009 0.000536373 4
0.225106 0.000535479 4
0.225204 0.000534527 1
0.225301 0.000533517 1
0.225399 0.00053245 1
0.225496 0.000531322 1
0.225593 0.000530132 1
0.225691 0.000528882 1
0.225788 0.000527573 1
0.225886 0.000526205 5
0.225983 0.00052478 1
0.226081 0.000523297 1
0.226178 0.000521756 1
0.226276 0.000520157 1
0.226373 0.000518501 1
0.22647 0.00051679 4
0.226568 0.000515022 1
0.226665 0.000513199 1
0.226763 0.000511324 1
0.22686 0.000509395 1
0.226958 0.000507414 4
0.227055 0.000505382 1
0.227153 0.000503297 2
0.22725 0.000501162 1
0.227348 0.000498975 2
0.227445 0.000496735 4
0.227542 0.000494443 1
0.22764 0.000492097 1
0.227737 0.000489699 4
0.227835 0.00048725 1
0.227932 0.000484752 1
0.22803 0.000482206 1
0.228127 0.000479609 1
0.228225 0.000476962 4
0.228322 0.000474272 1
0.228419 0.000471535 1
0.228517 0.000468752 2
0.228614 0.000465925 1
0.228712 0.000463055 1
0.228809 0.000460141 1
0.228907 0.000457182 4
0.229004 0.00045418 2
0.229102 0.000451134 2
0.229199 0.000448044 1
0.229296 0.000444913 1
0.229394 0.000441741 1
0.229491 0.000438529 1
0.229589 0.000435282 4
0.229686 0.000431991 4
0.229784 0.000428667 2
0.229881 0.000425308 5
0.229979 0.000421916 1
0.230076 0.000418487 1
0.230173 0.000415019 2
0.230271 0.000411522 3
0.230368 0.000407997 1
0.230466 0.000404442 2
0.230563 0.000400858 1
0.230661 0.000397248 2
0.230758 0.000393612 2
0.230856 0.000389949 1
0.230953 0.00038626 1
0.23105 0.000382547 1
0.231148 0.000378809 1
0.231245 0.000375048 1
0.231343 0.000371262 1
0.23144 0.000367452 1
0.231538 0.000363619 1
0.231635 0.000359764 1
0.231733 0.00035589 1
0.23183 0.000351997 1
0.231928 0.000348086 1
0.232025 0.000344158 3
0.232122 0.000340214 1
0.23222 0.000336254 1
0.232317 0.00033228 1
0.232415 0.000328293 1
0.232512 0.000324291 1
0.23261 0.000320278 1
0.232707 0.000316254 1
0.232805 0.000312222 3
0.232902 0.000308177 1
0.232999 0.000304125 1
0.233097 0.000300066 1
0.233194 0.000296 4
0.233292 0.000291928 1
0.233389 0.000287853 1
0.233487 0.000283776 1
0.233584 0.000279696 2
0.233682 0.000275615 1
0.233779 0.000271533 1
0.233876 0.000267452 1
0.233974 0.000263372 4
0.234071 0.000259295 1
0.234169 0.000255223 1
0.234266 0.000251156 1
0.234364 0.000247095 1
0.234461 0.000243042 3
0.234559 0.000238995 5
0.234656 0.000234957 2
0.234753 0.000230929 5
0.234851 0.000226911 1
0.234948 0.000222904 1
0.235046 0.000218907 1
0.235143 0.000214923 1
0.235241 0.000210951 1
0.235338 0.000206991 4
0.235436 0.000203049 2
0.235533 0.000199128 1
0.23563 0.000195221 1
0.235728 0.000191331 2
0.235825 0.00018746 4
0.235923 0.000183612 2
0.23602 0.000179787 1
0.236118 0.000175983 1
0.236215 0.000172202 1
0.236313 0.000168446 1
0.23641 0.000164713 2
0.236508 0.000161002 1
0.236605 0.000157317 1
0.236702 0.000153658 1
0.2368 0.000150026 1
0.236897 0.000146423 5
0.236995 0.000142847 2
0.237092 0.000139301 1
0.23719 0.000135786 4
0.237287 0.000132301 2
0.237385 0.000128848 1
0.237482 0.000125428 2
0.237579 0.000122039 1
0.237677 0.000118684 1
0.237774 0.000115363 1
0.237872 0.000112077 1
0.237969 0.000108826 4
0.238067 0.000105613 1
0.238164 0.000102437 1
0.238262 9.93005e-05 1
0.238359 9.62032e-05 2
0.238456 9.31464e-05 1
0.238554 9.01306e-05 1
0.238651 8.71564e-05 1
0.238749 8.42243e-05 2
0.238846 8.1335e-05 1
0.238944 7.84888e-05 1
0.239041 7.56866e-05 5
0.239139 7.29302e-05 1
0.239236 7.02224e-05 1
0.239333 6.75624e-05 2
0.239431 6.49494e-05 1
0.239528 6.23831e-05 1
0.239626 5.98638e-05 1
0.239723 5.73926e-05 2
0.239821 5.497e-05 1
0.239918 5.2597e-05 1
0.240016 5.0274e-05 4
0.240113 4.80013e-05 4
0.24021 4.57792e-05 1
0.240308 4.36081e-05 1
0.240405 4.14883e-05 1
0.240503 3.94201e-05 1
0.2406 3.74037e-05 1
0.240698 3.54396e-05 1
0.240795 3.35281e-05 1
0.240893 3.16695e-05 1
0.24099 2.9864e-05 1
0.241088 2.81123e-05 1
0.241185 2.64164e-05 2
0.241282 2.4776e-05 1
0.24138 2.31889e-05 1
0.241477 2.16542e-05 2
0.241575 2.01738e-05 1
0.241672 1.87498e-05 1
0.24177 1.73826e-05 1
0.241867 1.60724e-05 1
0.241965 1.48193e-05 1
0.242062 1.36236e-05 1
0.242159 1.24858e-05 1
0.242257 1.14063e-05 1
0.242354 1.03854e-05 1
0.242452 9.42335e-06 2
0.242549 8.52037e-06 1
0.242647 7.67663e-06 1
0.242744 6.89227e-06 1
0.242842 6.16756e-06 1
0.242939 5.50264e-06 2
0.243036 4.89763e-06 1
0.243134 4.35249e-06 1
0.243231 3.86724e-06 1
0.243329 3.44177e-06 2
0.243426 3.0761e-06 1
0.243524 2.77022e-06 1
0.243621 2.52402e-06 1
0.243719 2.33777e-06 2
0.243816 2.21165e-06 1
0.243913 2.14581e-06 1
0.244011 2.14056e-06 1
0.244108 2.19605e-06 2
0.244206 2.31257e-06 1
0.244303 2.49023e-06 1
0.244401 2.72921e-06 1
0.244498 3.02952e-06 2
0.244596 3.3912e-06 1
0.244693 3.81412e-06 1
0.24479 4.29813e-06 1
0.244888 4.84302e-06 1
0.244985 5.44937e-06 1
0.245083 6.11544e-06 1
0.24518 6.84176e-06 1
0.245278 7.62807e-06 1
0.245375 8.47414e-06 1
0.245473 9.37965e-06 1
0.24557 1.03442e-05 1
0.245667 1.13679e-05 1
0.245765 1.24504e-05 1
0.245862 1.35913e-05 1
0.24596 1.47907e-05 1
0.246057 1.60483e-05 1
0.246155 1.73633e-05 1
0.246252 1.8735e-05 1
0.24635 2.01638e-05 1
0.246447 2.16498e-05 1
0.246545 2.31932e-05 1
0.246642 2.47936e-05 1
0.246739 2.64486e-05 1
0.246837 2.81579e-05 1
0.246934 2.99227e-05 1
0.247032 3.1743e-05 1
0.247129 3.36182e-05 1
0.247227 3.55438e-05 1
0.247324 3.75217e-05 1
0.247422 3.95526e-05 1
0.247519 4.16348e-05 1
0.247616 4.37681e-05 1
0.247714 4.59531e-05 1
0.247811 4.81899e-05 3
0.247909 5.04776e-05 1
0.248006 5.28163e-05 1
0.248104 5.52053e-05 1
0.248201 5.76437e-05 1
0.248299 6.0131e-05 4
0.248396 6.26665e-05 1
0.248493 6.52495e-05 1
0.248591 6.78794e-05 1
0.248688 7.05557e-05 4
0.248786 7.32773e-05 5
0.248883 7.60434e-05 1
0.248981 7.88545e-05 1
0.249078 8.17086e-05 1
0.249176 8.46054e-05 2
0.249273 8.75439e-05 1
0.24937 9.05239e-05 4
0.249468 9.35445e-05 1
0.249565 9.66051e-05 1
0.249663 9.97051e-05 1
0.24976 0.000102844 2
0.249858 0.00010602 2
0.249955 0.000109235 1
0.250053 0.000112486 1
0.25015 0.000115772 1
0.250247 0.000119095 4
0.250345 0.000122452 1
0.250442 0.000125843 1
0.25054 0.000129267 1
0.250637 0.000132723 1
0.250735 0.000136211 2
0.250832 0.000139729 1
0.25093 0.000143278 1
0.251027 0.000146855 1
0.251125 0.000150461 1
0.251222 0.000154093 1
0.251319 0.000157752 1
0.251417 0.000161436 1
0.251514 0.000165144 1
0.251612 0.000168876 2
0.251709 0.00017263 5
0.251807 0.000176406 4
0.251904 0.000180202 2
0.252002 0.000184019 1
0.252099 0.000187855 1
0.252196 0.000191708 1
0.252294 0.000195578 2
0.252391 0.00019946 1
0.252489 0.000203356 1
0.252586 0.00020727 1
0.252684 0.000211198 1
0.252781 0.000215141 1
0.252879 0.000219096 1
0.252976 0.000223064 1
0.253073 0.000227042 4
0.253171 0.00023103 5
0.253268 0.000235027 1
0.253366 0.000239033 5
0.253463 0.00024304 1
0.253561 0.00024705 2
0.253658 0.000251067 2
0.253756 0.000255089 4
0.253853 0.000259114 1
0.25395 0.000263143 1
0.254048 0.000267174 1
0.254145 0.000271201 1
0.254243 0.000275227 2
0.25434 0.000279254 1
0.254438 0.00028328 1
0.254535 0.000287303 1
0.254633 0.000291321 1
0.25473 0.000295334 2
0.254827 0.000299339 1
0.254925 0.000303337 1
0.255022 0.000307325 4
0.25512 0.000311303 1
0.255217 0.000315273 1
0.255315 0.000319233 5
0.255412 0.000323183 1
0.25551 0.000327121 1
0.255607 0.000331042 2
0.255705 0.000334945 1
0.255802 0.000338835 2
0.255899 0.000342708 2
0.255997 0.000346564 4
0.256094 0.000350404 1
0.256192 0.000354226 1
0.256289 0.000358027 1
0.256387 0.000361804 2
0.256484 0.000365558 1
0.256582 0.00036929 1
0.256679 0.000372998 1
0.256776 0.000376683 2
0.256874 0.000380344 1
0.256971 0.000383981 1
0.257069 0.000387593 1
0.257166 0.000391177 2
0.257264 0.000394734 1
0.257361 0.000398262 1
0.257459 0.00040176 1
0.257556 0.000405227 1
0.257653 0.000408664 1
0.257751 0.000412072 1
0.257848 0.000415448 1
0.257946 0.000418791 1
0.258043 0.000422097 1
0.258141 0.000425369 3
0.258238 0.000428607 1
0.258336 0.00043181 1
0.258433 0.000434978 1
0.25853 0.000438112 3
0.258628 0.00044121 1
0.258725 0.00044427 1
0.258823 0.00044729 1
0.25892 0.00045027 4
0.259018 0.00045321 1
0.259115 0.000456108 1
0.259213 0.000458965 1
0.25931 0.000461781 1
0.259407 0.000464555 1
0.259505 0.000467284 1
0.259602 0.000469967 1
0.2597 0.000472605 1
0.259797 0.000475196 4
0.259895 0.000477744 1
0.259992 0.000480244 4
0.26009 0.000482698 1
0.260187 0.000485101 1
0.260285 0.000487451 1
0.260382 0.00048975 1
0.260479 0.000492 1
0.260577 0.0004942 4
0.260674 0.00049635 1
0.260772 0.000498448 2
0.260869 0.000500496 4
0.260967 0.000502491 4
0.261064 0.000504432 1
0.261162 0.000506319 1
0.261259 0.00050815 1
0.261356 0.000509925 4
0.261454 0.000511647 1
0.261551 0.000513312 1
0.261649 0.000514923 1
0.261746 0.000516478 4
0.261844 0.000517976 2
0.261941 0.000519417 1
0.262039 0.000520802 1
0.262136 0.00052213 1
0.262233 0.000523401 5
0.262331 0.000524617 1
0.262428 0.00052577 1
0.262526 0.000526866 1
0.262623 0.000527905 1
0.262721 0.000528886 1
0.262818 0.000529809 4
0.262916 0.000530673 1
0.263013 0.000531473 1
0.26311 0.000532215 1
0.263208 0.0005329 1
0.263305 0.000533527 1
0.263403 0.000534094 4
0.2635 0.000534603 1
0.263598 0.000535051 1
0.263695 0.000535437 1
0.263793 0.000535766 4
0.26389 0.000536034 1
0.263987 0.000536242 1
0.264085 0.00053639 4
0.264182 0.000536471 1
0.26428 0.000536491 1
0.264377 0.00053645 1
0.264475 0.000536349 1
0.264572 0.000536185 1
0.26467 0.000535956 4
0.264767 0.000535666 1
0.264864 0.000535317 1
0.264962 0.000534909 4
0.265059 0.000534438 1
0.265157 0.000533907 1
0.265254 0.000533315 1
0.265352 0.000532663 1
0.265449 0.000531955 4
0.265547 0.000531183 1
0.265644 0.000530349 1
0.265742 0.000529457 1
0.265839 0.000528508 1
0.265936 0.000527501 4
0.266034 0.000526433 1
0.266131 0.000525304 1
0.266229 0.000524119 1
0.266326 0.000522873 1
0.266424 0.000521565 1
0.266521 0.000520199 1
0.266619 0.000518775 5
0.266716 0.000517294 1
0.266813 0.000515756 1
0.266911 0.000514161 1
0.267008 0.00051251 1
0.267106 0.000510804 1
0.267203 0.000509037 3
0.267301 0.000507216 2
0.267398 0.000505343 1
0.267496 0.000503419 1
0.267593 0.000501442 5
0.26769 0.000499414 4
0.267788 0.000497333 1
0.267885 0.000495201 1
0.267983 0.000493018 1
0.26808 0.000490784 1
0.268178 0.000488501 4
0.268275 0.000486165 1
0.268373 0.000483779 1
0.26847 0.000481343 1
0.268567 0.000478858 1
0.268665 0.000476326 1
0.268762 0.000473745 3
0.26886 0.000471116 4
0.268957 0.000468444 1
0.269055 0.000465728 1
0.269152 0.000462966 1
0.26925 0.000460162 1
0.269347 0.000457317 1
0.269444 0.00045443 4
0.269542 0.000451502 1
0.269639 0.000448533 1
0.269737 0.000445522 2
0.269834 0.00044247 1
0.269932 0.000439377 1
0.270029 0.000436245 1
0.270127 0.00043307 4
0.270224 0.000429862 1
0.270322 0.000426619 2
0.270419 0.000423339 1
0.270516 0.000420026 3
0.270614 0.000416685 1
0.270711 0.00041331 1
0.270809 0.000409902 1
0.270906 0.000406459 1
0.271004 0.000402985 2
0.271101 0.000399487 2
0.271199 0.000395961 1
0.271296 0.000392409 2
0.271393 0.000388829 1
0.271491 0.000385224 2
0.271588 0.000381594 2
0.271686 0.000377941 1
0.271783 0.000374263 1
0.271881 0.00037056 1
0.271978 0.000366834 1
0.272076 0.000363086 1
0.272173 0.000359317 1
0.27227 0.000355529 2
0.272368 0.00035172 1
0.272465 0.000347893 1
0.272563 0.000344046 2
0.27266 0.000340184 1
0.272758 0.000336305 1
0.272855 0.000332411 1
0.272953 0.000328505 2
0.27305 0.000324587 3
0.273147 0.000320658 2
0.273245 0.000316716 2
0.273342 0.00031276 1
0.27344 0.000308796 1
0.273537 0.000304825 4
0.273635 0.000300845 4
0.273732 0.000296856 2
0.27383 0.00029286 2
0.273927 0.000288861 2
0.274024 0.000284859 1
0.274122 0.000280856 1
0.274219 0.000276851 1
0.274317 0.000272845 1
0.274414 0.000268838 1
0.274512 0.000264838 1
0.274609 0.000260834 1
0.274707 0.000256832 1
0.274804 0.000252834 1
0.274902 0.000248839 4
0.274999 0.00024485 2
0.275096 0.000240867 1
0.275194 0.00023689 1
0.275291 0.000232924 4
0.275389 0.000228967 1
0.275486 0.000225018 5
0.275584 0.000221078 5
0.275681 0.00021715 6
0.275779 0.000213232 2
0.275876 0.000209326 2
0.275973 0.000205431 1
0.276071 0.000201508 3
0.276168 0.000197641 2
0.276266 0.000193789 2
0.276363 0.000189956 1
0.276461 0.00018614 1
0.276558 0.000182341 1
0.276656 0.000178564 1
0.276753 0.00017481 1
0.27685 0.000171079 1
0.276948 0.000167371 1
0.277045 0.000163686 4
0.277143 0.000160026 1
0.27724 0.00015639 5
0.277338 0.000152779 2
0.277435 0.000149194 1
0.277533 0.000145637 1
0.27763 0.000142107 2
0.277727 0.000138606 1
0.277825 0.000135135 1
0.277922 0.000131694 1
0.27802 0.000128283 1
0.278117 0.000124902 1
0.278215 0.000121553 1
0.278312 0.000118236 4
0.27841 0.000114952 1
0.278507 0.000111702 1
0.278604 0.000108487 1
0.278702 0.000105308 1
0.278799 0.000102167 2
0.278897 9.90639e-05 1
0.278994 9.60004e-05 1
0.279092 9.29774e-05 4
0.279189 8.99946e-05 2
0.279287 8.70529e-05 2
0.279384 8.41527e-05 1
0.279482 8.12943e-05 1
0.279579 7.84783e-05 1
0.279676 7.57048e-05 1
0.279774 7.29744e-05 1
0.279871 7.02875e-05 1
0.279969 6.76445e-05 1
0.280066 6.50459e-05 5
0.280164 6.24922e-05 1
0.280261 5.99838e-05 1
0.280359 5.75216e-05 2
0.280456 5.51096e-05 1
0.280553 5.27497e-05 1
0.280651 5.04401e-05 1
0.280748 4.81798e-05 1
0.280846 4.59687e-05 4
0.280943 4.38072e-05 2
0.281041 4.16964e-05 4
0.281138 3.96363e-05 1
0.281236 3.76281e-05 1
0.281333 3.5672e-05 5
0.28143 3.37679e-05 1
0.281528 3.19161e-05 1
0.281625 3.01168e-05 2
0.281723 2.83699e-05 1
0.28182 2.66758e-05 2
0.281918 2.50347e-05 1
0.282015 2.3447e-05 1
0.282113 2.19132e-05 1
0.28221 2.04334e-05 1
0.282307 1.90083e-05 1
0.282405 1.76383e-05 2
0.282502 1.63243e-05 1
0.2826 1.50685e-05 1
0.282697 1.38718e-05 1
0.282795 1.27319e-05 1
0.282892 1.16482e-05 1
0.28299 1.06216e-05 1
0.283087 9.65406e-06 1
0.283184 8.74654e-06 1
0.283282 7.89936e-06 1
0.283379 7.11233e-06 1
0.283477 6.38553e-06 1
0.283574 5.71855e-06 1
0.283672 5.11128e-06 1
0.283769 4.56329e-06 1
0.283867 4.07469e-06 1
0.283964 3.64525e-06 1
0.284061 3.27525e-06 1
0.284159 2.96466e-06 1
0.284256 2.71391e-06 1
0.284354 2.52286e-06 1
0.284451 2.39178e-06 1
0.284549 2.32041e-06 1
0.284646 2.3091e-06 1
0.284744 2.35787e-06 1
0.284841 2.46717e-06 1
0.284939 2.63703e-06 1
0.285036 2.8679e-06 1
0.285133 3.1597e-06 1
0.285231 3.51279e-06 1
0.285328 3.92695e-06 1
0.285426 4.40238e-06 1
0.285523 4.93863e-06 1
0.285621 5.53573e-06 1
0.285718 6.19308e-06 1
0.285816 6.9107e-06 1
0.285913 7.68795e-06 1
0.28601 8.52503e-06 1
0.286108 9.42157e-06 1
0.286205 1.03776e-05 1
0.286303 1.13903e-05 1
0.2864 1.24612e-05 1
0.286498 1.35889e-05 1
0.286595 1.4774e-05 1
0.286693 1.60166e-05 1
0.28679 1.7317e-05 1
0.286887 1.86746e-05 1
0.286985 2.00895e-05 1
0.287082 2.15611e-05 1
0.28718 2.30894e-05 1
0.287277 2.46737e-05 1
0.287375 2.63141e-05 1
0.287472 2.80099e-05 1
0.28757 2.97611e-05 1
0.287667 3.15669e-05 1
0.287764 3.34261e-05 1
0.287862 3.53381e-05 1
0.287959 3.73032e-05 1
0.288057 3.93204e-05 4
0.288154 4.13894e-05 4
0.288252 4.35095e-05 4
0.288349 4.56802e-05 1
0.288447 4.79012e-05 1
0.288544 5.01718e-05 1
0.288641 5.24917e-05 2
0.288739 5.486e-05 1
0.288836 5.72765e-05 1
0.288934 5.97409e-05 1
0.289031 6.22502e-05 2
0.289129 6.48063e-05 1
0.289226 6.74076e-05 1
0.289324 7.00515e-05 1
0.289421 7.27716e-05 1
0.289519 7.55096e-05 5
0.289616 7.82637e-05 1
0.289713 8.10788e-05 1
0.289811 8.3936e-05 1
0.289908 8.6834e-05 2
0.290006 8.9773e-05 1
0.290103 9.27517e-05 1
0.290201 9.57699e-05 1
0.290298 9.88264e-05 1
0.290396 0.000101921 1
0.290493 0.000105052 4
0.29059 0.000108219 2
0.290688 0.000111422 1
0.290785 0.00011466 1
0.290883 0.000117931 1
0.29098 0.000121235 1
0.291078 0.000124572 1
0.291175 0.00012794 4
0.291273 0.00013134 1
0.29137 0.00013477 1
0.291467 0.00013823 1
0.291565 0.00014172 1
0.291662 0.000145238 2
0.29176 0.000148784 1
0.291857 0.000152356 1
0.291955 0.000155955 1
0.292052 0.000159589 4
0.29215 0.000163237 2
0.292247 0.000166908 1
0.292344 0.000170602 1
0.292442 0.000174317 1
0.292539 0.000178052 4
0.292637 0.000181806 1
0.292734 0.000185575 1
0.292832 0.000189359 1
0.292929 0.00019316 1
0.293027 0.000196978 1
0.293124 0.000200812 1
0.293221 0.000204661 2
0.293319 0.000208524 2
0.293416 0.000212399 1
0.293514 0.000216288 2
0.293611 0.000220186 5
0.293709 0.000224095 4
0.293806 0.000228015 1
0.293904 0.00023194 5
0.294001 0.000235874 2
0.294099 0.000239811 1
0.294196 0.000243754 1
0.294293 0.000247702 4
0.294391 0.000251654 4
0.294488 0.000255612 1
0.294586 0.000259573 1
0.294683 0.000263536 2
0.294781 0.0002675 1
0.294878 0.000271463 1
0.294976 0.000275424 1
0.295073 0.000279383 1
0.29517 0.000283338 1
0.295268 0.000287368 1
0.295365 0.00029124 1
0.295463 0.000295169 1
0.29556 0.000299091 1
0.295658 0.000303009 4
0.295755 0.00030692 1
0.295853 0.000310825 4
0.29595 0.000314721 2
0.296047 0.000318606 1
0.296145 0.000322475 1
0.296242 0.000326327 1
0.29634 0.000330166 2
0.296437 0.00033399 5
0.296535 0.000337799 1
0.296632 0.000341593 2
0.29673 0.000345369 2
0.296827 0.000349127 1
0.296924 0.000352866 1
0.297022 0.000356585 1
0.297119 0.000360284 1
0.297217 0.000363958 1
0.297314 0.000367608 2
0.297412 0.000371235 1
0.297509 0.00037484 2
0.297607 0.000378421 1
0.297704 0.000381976 1
0.297801 0.000385507 1
0.297899 0.000389012 2
0.297996 0.000392491 1
0.298094 0.000395942 1
0.298191 0.000399366 1
0.298289 0.000402763 1
0.298386 0.000406126 1
0.298484 0.000409453 1
0.298581 0.000412748 1
0.298679 0.000416011 1
0.298776 0.000419246 1
0.298873 0.000422448 3
0.298971 0.000425617 3
0.299068 0.000428749 1
0.299166 0.000431845 1
0.299263 0.000434903 1
0.299361 0.000437925 4
0.299458 0.000440909 1
0.299556 0.000443852 1
0.299653 0.000446756 1
0.29975 0.000449721 2
0.299848 0.000452446 1
0.299945 0.000455225 1
0.300043 0.000457963 1
0.30014 0.00046066 5
0.300238 0.000463315 1
0.300335 0.000465927 3
0.300433 0.000468493 1
0.30053 0.000471011 4
0.300627 0.000473486 1
0.300725 0.000475912 2
0.300822 0.000478293 1
0.30092 0.000480627 1
0.301017 0.000482913 1
0.301115 0.000485149 1
0.301212 0.000487338 2
0.30131 0.000489595 4
0.301407 0.000491579 1
0.301504 0.000493615 1
0.301602 0.000495596 1
0.301699 0.000497517 1
0.301797 0.000499393 4
0.301894 0.000501219 3
0.301992 0.000502987 2
0.302089 0.000504702 1
0.302187 0.000506366 3
0.302284 0.00050797 2
0.302381 0.000509522 1
0.302479 0.000511017 4
0.302576 0.000512457 1
0.302674 0.000513841 1
0.302771 0.000515169 1
0.302869 0.000516443 5
0.302966 0.00051766 1
0.303064 0.000518821 1
0.303161 0.000519921 1
0.303259 0.000520964 1
0.303356 0.000521951 1
0.303453 0.000522881 1
0.303551 0.000523753 1
0.303648 0.000524564 4
0.303746 0.000525317 1
0.303843 0.000526011 4
0.303941 0.000526642 1
0.304038 0.000527215 1
0.304136 0.000527731 1
0.304233 0.000528187 1
0.30433 0.000528583 4
0.304428 0.000528916 1
0.304525 0.000529189 1
0.304623 0.000529405 1
0.30472 0.000529564 1
0.304818 0.000529664 4
0.304915 0.000529705 4
0.305013 0.000529682 1
0.30511 0.000529598 1
0.305207 0.000529457 3
0.305305 0.000529235 4
0.305402 0.000528955 1
0.3055 0.000528619 1
0.305597 0.000528225 1
0.305695 0.00052777 1
0.305792 0.000527256 4
0.30589 0.000526682 1
0.305987 0.00052605 1
0.306084 0.000525359 1
0.306182 0.000524605 4
0.306279 0.000523787 1
0.306377 0.000522913 1
0.306474 0.000521985 1
0.306572 0.000521 4
0.306669 0.000519955 1
0.306767 0.000518851 1
0.306864 0.000517691 1
0.306961 0.000516472 1
0.307059 0.000515191 1
0.307156 0.000513851 5
0.307254 0.000512454 1
0.307351 0.000511001 1
0.307449 0.000509491 1
0.307546 0.000507925 1
0.307644 0.000506308 3
0.307741 0.000504628 2
0.307838 0.000502895 1
0.307936 0.000501111 1
0.308033 0.000499275 1
0.308131 0.000497386 4
0.308228 0.000495446 1
0.308326 0.000493456 1
0.308423 0.000491416 4
0.308521 0.000489326 1
0.308618 0.000487184 4
0.308716 0.000484993 1
0.308813 0.00048275 4
0.30891 0.000480458 1
0.309008 0.000478115 1
0.309105 0.000475723 1
0.309203 0.000473284 2
0.3093 0.000470799 1
0.309398 0.000468267 1
0.309495 0.000465687 1
0.309593 0.00046306 4
0.30969 0.000460392 1
0.309787 0.000457682 1
0.309885 0.000454929 1
0.309982 0.000452134 1
0.31008 0.000449296 1
0.310177 0.000446417 1
0.310275 0.000443497 1
0.310372 0.000440535 1
0.31047 0.000437531 4
0.310567 0.000434485 2
0.310664 0.000431399 2
0.310762 0.000428273 1
0.310859 0.000425112 1
0.310957 0.000421917 4
0.311054 0.000418688 1
0.311152 0.000415423 2
0.311249 0.000412124 2
0.311347 0.000408796 5
0.311444 0.000405433 1
0.311541 0.00040204 1
0.311639 0.000398616 1
0.311736 0.000395167 1
0.311834 0.000391692 1
0.311931 0.000388191 2
0.312029 0.000384664 1
0.312126 0.00038111 2
0.312224 0.000377531 2
0.312321 0.000373926 1
0.312418 0.000370298 1
0.312516 0.000366645 1
0.312613 0.000362969 1
0.312711 0.00035927 1
0.312808 0.00035555 1
0.312906 0.000351808 1
0.313003 0.000348047 1
0.313101 0.000344268 1
0.313198 0.000340472 1
0.313296 0.000336661 1
0.313393 0.000332835 4
0.31349 0.000328993 1
0.313588 0.000325136 2
0.313685 0.000321267 1
0.313783 0.000317385 1
0.31388 0.000313491 1
0.313978 0.000309585 1
0.314075 0.00030567 1
0.314173 0.000301746 4
0.31427 0.00029781 1
0.314367 0.000293868 1
0.314465 0.000289921 1
0.314562 0.000285965 2
0.31466 0.000282006 4
0.314757 0.000278043 1
0.314855 0.000274079 1
0.314952 0.000270114 2
0.31505 0.000266149 1
0.315147 0.000262184 1
0.315244 0.00025822 1
0.315342 0.000254259 1
0.315439 0.0002503 1
0.315537 0.000246346 4
0.315634 0.000242397 2
0.315732 0.000238454 1
0.315829 0.000234518 1
0.315927 0.000230589 4
0.316024 0.000226668 1
0.316121 0.000222755 2
0.316219 0.000218852 5
0.316316 0.000214959 6
0.316414 0.000211078 1
0.316511 0.000207208 2
0.316609 0.00020335 5
0.316706 0.000199507 1
0.316804 0.00019568 1
0.316901 0.000191868 2
0.316998 0.000188073 2
0.317096 0.000184298 2
0.317193 0.000180544 2
0.317291 0.000176811 1
0.317388 0.0001731 1
0.317486 0.000169408 4
0.317583 0.000165737 2
0.317681 0.000162088 2
0.317778 0.000158463 1
0.317876 0.000154862 2
0.317973 0.000151282 2
0.31807 0.000147728 1
0.318168 0.0001442 5
0.318265 0.000140699 2
0.318363 0.000137225 1
0.31846 0.000133781 2
0.318558 0.000130365 1
0.318655 0.00012698 1
0.318753 0.000123627 1
0.31885 0.000120305 1
0.318947 0.000117016 1
0.319045 0.00011376 4
0.319142 0.000110538 1
0.31924 0.000107352 1
0.319337 0.0001042 1
0.319435 0.000101085 2
0.319532 9.80079e-05 1
0.31963 9.49682e-05 1
0.319727 9.19673e-05 1
0.319824 8.90056e-05 1
0.319922 8.60839e-05 2
0.320019 8.32028e-05 1
0.320117 8.03627e-05 4
0.320214 7.75645e-05 1
0.320312 7.48086e-05 1
0.320409 7.20955e-05 2
0.320507 6.94257e-05 1
0.320604 6.67994e-05 1
0.320701 6.42174e-05 1
0.320799 6.16801e-05 1
0.320896 5.9187e-05 5
0.320994 5.67413e-05 1
0.321091 5.43425e-05 1
0.321189 5.19914e-05 2
0.321286 4.96887e-05 1
0.321384 4.74352e-05 1
0.321481 4.52317e-05 4
0.321578 4.30787e-05 1
0.321676 4.09772e-05 1
0.321773 3.89278e-05 4
0.321871 3.69309e-05 1
0.321968 3.49897e-05 4
0.322066 3.31053e-05 1
0.322163 3.12762e-05 1
0.322261 2.95008e-05 1
0.322358 2.77787e-05 1
0.322456 2.61095e-05 2
0.322553 2.44938e-05 1
0.32265 2.29322e-05 1
0.322748 2.14263e-05 1
0.322845 1.99781e-05 1
0.322943 1.85855e-05 1
0.32304 1.72462e-05 1
0.323138 1.59596e-05 2
0.323235 1.47279e-05 1
0.323333 1.35524e-05 1
0.32343 1.24337e-05 1
0.323527 1.13663e-05 1
0.323625 1.03568e-05 2
0.323722 9.41069e-06 1
0.32382 8.52497e-06 1
0.323917 7.69714e-06 1
0.324015 6.92596e-06 1
0.324112 6.20807e-06 2
0.32421 5.54522e-06 1
0.324307 4.94506e-06 1
0.324404 4.40836e-06 1
0.324502 3.9323e-06 1
0.324599 3.5146e-06 1
0.324697 3.15375e-06 1
0.324794 2.84948e-06 2
0.324892 2.60145e-06 1
0.324989 2.41125e-06 1
0.325087 2.28225e-06 1
0.325184 2.21448e-06 1
0.325281 2.20696e-06 2
0.325379 2.25859e-06 1
0.325476 2.3686e-06 1
0.325574 2.53665e-06 2
0.325671 2.7626e-06 1
0.325769 3.04727e-06 1
0.325866 3.39195e-06 1
0.325964 3.79677e-06 2
0.326061 4.26156e-06 1
0.326158 4.78602e-06 1
0.326256 5.36994e-06 1
0.326353 6.01293e-06 1
0.326451 6.71485e-06 2
0.326548 7.47541e-06 1
0.326646 8.29458e-06 1
0.326743 9.17166e-06 1
0.326841 1.0107e-05 2
0.326938 1.11003e-05 1
0.327035 1.2151e-05 1
0.327133 1.32593e-05 1
0.32723 1.44238e-05 1
0.327328 1.56455e-05 1
0.327425 1.69243e-05 1
0.327523 1.82596e-05 1
0.32762 1.96517e-05 1
0.327718 2.11001e-05 1
0.327815 2.26039e-05 1
0.327913 2.41607e-05 1
0.32801 2.57711e-05 1
0.328107 2.74354e-05 1
0.328205 2.91536e-05 1
0.328302 3.09254e-05 1
0.3284 3.27506e-05 3
0.328497 3.46248e-05 1
0.328595 3.65497e-05 1
0.328692 3.8526e-05 1
0.32879 4.05533e-05 1
0.328887 4.26312e-05 1
0.328984 4.47594e-05 4
0.329082 4.69373e-05 1
0.329179 4.91646e-05 1
0.329277 5.14429e-05 4
0.329374 5.37661e-05 1
0.329472 5.61372e-05 1
0.329569 5.85548e-05 1
0.329667 6.10185e-05 5
0.329764 6.35278e-05 1
0.329861 6.60835e-05 1
0.329959 6.86818e-05 1
0.330056 7.13247e-05 1
0.330154 7.40107e-05 1
0.330251 7.67394e-05 1
0.330349 7.95098e-05 2
0.330446 8.23217e-05 1
0.330544 8.51741e-05 1
0.330641 8.80664e-05 4
0.330738 9.09981e-05 1
0.330836 9.39683e-05 1
0.330933 9.69764e-05 2
0.331031 0.000100022 1
0.331128 0.000103104 1
0.331226 0.000106222 1
0.331323 0.000109375 1
0.331421 0.000112563 1
0.331518 0.000115785 1
0.331615 0.00011904 4
0.331713 0.000122327 1
0.33181 0.000125647 1
0.331908 0.000128998 1
0.332005 0.000132379 1
0.332103 0.000135791 1
0.3322 0.000139231 1
0.332298 0.0001427 1
0.332395 0.000146196 2
0.332493 0.000149718 4
0.33259 0.000153267 1
0.332687 0.00015684 1
0.332785 0.000160437 1
0.332882 0.000164057 2
0.33298 0.0001677 1
0.333077 0.000171364 1
0.333175 0.000175048 4
0.333272 0.000178752 1
0.33337 0.000182471 1
0.333467 0.000186204 1
0.333564 0.000189956 1
0.333662 0.000193726 1
0.333759 0.000197511 1
0.333857 0.000201313 1
0.333954 0.000205128 1
0.334052 0.000208958 4
0.334149 0.000212802 2
0.334247 0.000216657 1
0.334344 0.000220514 5
0.334441 0.00022438 5
0.334539 0.000228258 2
0.334636 0.000232146 5
0.334734 0.00023604 2
0.334831 0.000239943 2
0.334929 0.000243852 2
0.335026 0.000247769 1
0.335124 0.000251689 4
0.335221 0.000255612 2
0.335318 0.000259536 1
0.335416 0.000263459 1
0.335513 0.00026738 1
0.335611 0.0002713 1
0.335708 0.000275217 1
0.335806 0.00027913 1
0.335903 0.00028304 1
0.336001 0.000286945 1
0.336098 0.000290845 4
0.336195 0.000294739 1
0.336293 0.000298626 1
0.33639 0.000302506 1
0.336488 0.000306379 5
0.336585 0.000310241 2
0.336683 0.000314093 1
0.33678 0.000317929 1
0.336878 0.00032175 2
0.336975 0.000325558 1
0.337073 0.000329354 1
0.33717 0.000333138 2
0.337267 0.000336908 4
0.337365 0.000340661 1
0.337462 0.000344397 2
0.33756 0.000348112 1
0.337657 0.000351806 2
0.337755 0.00035548 1
0.337852 0.000359133 1
0.33795 0.000362765 1
0.338047 0.000366375 1
0.338144 0.000369962 1
0.338242 0.000373526 1
0.338339 0.000377065 1
0.338437 0.000380593 1
0.338534 0.000384078 1
0.338632 0.000387535 1
0.338729 0.000390963 1
0.338827 0.000394362 1
0.338924 0.000397731 1
0.339021 0.000401064 2
0.339119 0.000404373 1
0.339216 0.000407649 1
0.339314 0.000410891 1
0.339411 0.000414099 3
0.339509 0.000417286 1
0.339606 0.000420421 1
0.339704 0.000423528 4
0.339801 0.000426601 1
0.339898 0.000429639 1
0.339996 0.00043264 2
0.340093 0.000435602 1
0.340191 0.000438525 5
0.340288 0.000441408 1
0.340386 0.00044425 1
0.340483 0.000447053 1
0.340581 0.000449816 1
0.340678 0.000452538 1
0.340775 0.000455226 1
0.340873 0.00045786 1
0.34097 0.000460449 1
0.341068 0.000462993 4
0.341165 0.000465497 1
0.341263 0.000467971 1
0.34136 0.000470372 1
0.341458 0.000472721 2
0.341555 0.000475025 2
0.341653 0.000477282 4
0.34175 0.000479491 1
0.341847 0.00048165 5
0.341945 0.000483758 2
0.342042 0.000485816 1
0.34214 0.000487822 1
0.342237 0.000489777 1
0.342335 0.000491684 3
0.342432 0.000493529 2
0.34253 0.000495323 4
0.342627 0.00049707 1
0.342724 0.000498751 1
0.342822 0.000500384 1
0.342919 0.000501967 3
0.343017 0.000503488 2
0.343114 0.000504956 1
0.343212 0.000506368 1
0.343309 0.000507724 1
0.343407 0.000509026 1
0.343504 0.000510271 5
0.343601 0.00051146 1
0.343699 0.000512588 1
0.343796 0.00051366 1
0.343894 0.000514677 1
0.343991 0.000515629 1
0.344089 0.000516533 1
0.344186 0.000517379 4
0.344284 0.000518167 1
0.344381 0.000518895 1
0.344478 0.00051956 1
0.344576 0.000520168 4
0.344673 0.00052072 1
0.344771 0.000521214 1
0.344868 0.00052165 1
0.344966 0.000522028 4
0.345063 0.000522347 1
0.345161 0.000522609 1
0.345258 0.000522813 1
0.345355 0.000522958 1
0.345453 0.000523041 4
0.34555 0.000523066 4
0.345648 0.000523028 1
0.345745 0.000522929 1
0.345843 0.000522771 4
0.34594 0.000522548 4
0.346038 0.000522264 1
0.346135 0.000521922 1
0.346232 0.000521524 1
0.34633 0.000521067 1
0.346427 0.000520553 4
0.346525 0.00051998 1
0.346622 0.000519348 1
0.34672 0.000518661 1
0.346817 0.00051791 1
0.346915 0.000517098 4
0.347012 0.00051623 1
0.34711 0.0005153 4
0.347207 0.000514321 1
0.347304 0.000513284 1
0.347402 0.000512193 1
0.347499 0.000511046 1
0.347597 0.000509841 1
0.347694 0.000508575 1
0.347792 0.000507253 1
0.347889 0.000505874 5
0.347987 0.000504439 1
0.348084 0.000502949 1
0.348181 0.000501404 1
0.348279 0.000499804 1
0.348376 0.000498151 4
0.348474 0.000496445 1
0.348571 0.000494688 3
0.348669 0.000492874 2
0.348766 0.000491011 1
0.348864 0.000489099 4
0.348961 0.000487134 4
0.349058 0.000485121 1
0.349156 0.000483059 2
0.349253 0.000480948 1
0.349351 0.000478787 1
0.349448 0.000476578 1
0.349546 0.000474321 4
0.349643 0.000472014 1
0.349741 0.000469659 1
0.349838 0.000467258 1
0.349935 0.000464811 1
0.350033 0.000462318 1
0.35013 0.000459781 1
0.350228 0.000457202 4
0.350325 0.000454581 1
0.350423 0.000451912 3
0.35052 0.000449204 2
0.350618 0.000446457 1
0.350715 0.000443669 1
0.350812 0.000440841 4
0.35091 0.000437973 2
0.351007 0.000435067 1
0.351105 0.00043212 1
0.351202 0.000429134 1
0.3513 0.000426108 2
0.351397 0.000423045 4
0.351495 0.000419943 1
0.351592 0.000416806 1
0.35169 0.000413634 1
0.351787 0.000410429 2
0.351884 0.00040719 3
0.351982 0.000403921 2
0.352079 0.000400624 1
0.352177 0.000397297 1
0.352274 0.00039394 1
0.352372 0.000390548 1
0.352469 0.000387129 1
0.352567 0.000383687 2
0.352664 0.000380221 2
0.352761 0.000376729 1
0.352859 0.000373213 2
0.352956 0.000369673 1
0.353054 0.00036611 2
0.353151 0.000362526 1
0.353249 0.000358916 1
0.353346 0.000355286 1
0.353444 0.000351636 1
0.353541 0.000347966 1
0.353638 0.000344276 2
0.353736 0.000340567 1
0.353833 0.00033684 1
0.353931 0.000333094 1
0.354028 0.000329332 1
0.354126 0.000325555 1
0.354223 0.000321763 1
0.354321 0.000317957 1
0.354418 0.000314138 3
0.354515 0.000310308 1
0.354613 0.000306461 1
0.35471 0.000302608 1
0.354808 0.000298743 1
0.354905 0.000294869 1
0.355003 0.000290986 3
0.3551 0.000287096 1
0.355198 0.000283197 4
0.355295 0.000279292 1
0.355392 0.000275386 2
0.35549 0.000271479 1
0.355587 0.00026757 1
0.355685 0.00026366 1
0.355782 0.000259748 1
0.35588 0.000255836 1
0.355977 0.000251925 1
0.356075 0.000248017 1
0.356172 0.000244122 1
0.35627 0.000240221 1
0.356367 0.000236329 1
0.356464 0.000232442 1
0.356562 0.000228564 4
0.356659 0.000224694 1
0.356757 0.000220832 1
0.356854 0.000216979 2
0.356952 0.000213137 5
0.357049 0.000209307 6
0.357147 0.00020549 3
0.357244 0.00020168 3
0.357341 0.000197884 5
0.357439 0.000194102 2
0.357536 0.000190333 2
0.357634 0.000186583 1
0.357731 0.000182844 1
0.357829 0.000179122 2
0.357926 0.000175421 1
0.358024 0.000171739 1
0.358121 0.000168078 2
0.358218 0.000164436 1
0.358316 0.000160818 4
0.358413 0.000157224 2
0.358511 0.000153655 1
0.358608 0.00015011 1
0.358706 0.000146591 1
0.358803 0.000143097 1
0.358901 0.000139631 1
0.358998 0.000136192 1
0.359095 0.000132781 4
0.359193 0.000129399 1
0.35929 0.000126047 2
0.359388 0.000122726 1
0.359485 0.000119436 1
0.359583 0.000116178 1
0.35968 0.000112953 4
0.359778 0.000109761 1
0.359875 0.000106602 1
0.359972 0.000103479 1
0.36007 0.000100391 1
0.360167 9.73401e-05 2
0.360265 9.4327e-05 1
0.360362 9.13529e-05 1
0.36046 8.84191e-05 4
0.360557 8.55258e-05 1
0.360655 8.2674e-05 1
0.360752 7.98641e-05 1
0.36085 7.70961e-05 1
0.360947 7.43705e-05 1
0.361044 7.16874e-05 1
0.361142 6.90472e-05 1
0.361239 6.64501e-05 1
0.361337 6.38967e-05 2
0.361434 6.13874e-05 1
0.361532 5.89232e-05 5
0.361629 5.65084e-05 2
0.361727 5.41446e-05 1
0.361824 5.18297e-05 1
0.361921 4.95625e-05 1
0.362019 4.7343e-05 1
0.362116 4.51715e-05 1
0.362214 4.30495e-05 2
0.362311 4.09779e-05 1
0.362409 3.89569e-05 1
0.362506 3.69872e-05 1
0.362604 3.50689e-05 1
0.362701 3.32024e-05 1
0.362798 3.13878e-05 1
0.362896 2.96248e-05 2
0.362993 2.79138e-05 1
0.363091 2.6253e-05 1
0.363188 2.46469e-05 4
0.363286 2.30937e-05 4
0.363383 2.15938e-05 1
0.363481 2.01477e-05 1
0.363578 1.87556e-05 1
0.363675 1.7418e-05 2
0.363773 1.61349e-05 1
0.36387 1.49067e-05 1
0.363968 1.37336e-05 1
0.364065 1.26165e-05 1
0.364163 1.1556e-05 1
0.36426 1.05529e-05 1
0.364358 9.60765e-06 2
0.364455 8.72092e-06 1
0.364552 7.89293e-06 1
0.36465 7.12405e-06 1
0.364747 6.41414e-06 2
0.364845 5.7634e-06 1
0.364942 5.17158e-06 1
0.36504 4.63899e-06 1
0.365137 4.1651e-06 1
0.365235 3.7498e-06 1
0.365332 3.39316e-06 2
0.365429 3.09558e-06 1
0.365527 2.85641e-06 1
0.365624 2.67519e-06 1
0.365722 2.55191e-06 1
0.365819 2.4865e-06 1
0.365917 2.47949e-06 1
0.366014 2.53118e-06 1
0.366112 2.64159e-06 1
0.366209 2.81062e-06 1
0.366307 3.03823e-06 1
0.366404 3.32481e-06 1
0.366501 3.67043e-06 1
0.366599 4.07525e-06 1
0.366696 4.53909e-06 1
0.366794 5.06191e-06 1
0.366891 5.64332e-06 1
0.366989 6.28313e-06 1
0.367086 6.98095e-06 1
0.367184 7.73663e-06 1
0.367281 8.54974e-06 1
0.367378 9.42005e-06 1
0.367476 1.0347e-05 1
0.367573 1.13304e-05 1
0.367671 1.23696e-05 1
0.367768 1.34645e-05 1
0.367866 1.46148e-05 1
0.367963 1.58194e-05 1
0.368061 1.70782e-05 1
0.368158 1.83919e-05 1
0.368255 1.97601e-05 1
0.368353 2.11826e-05 1
0.36845 2.26611e-05 1
0.368548 2.41923e-05 1
0.368645 2.5777e-05 1
0.368743 2.74152e-05 1
0.36884 2.91063e-05 1
0.368938 3.08504e-05 3
0.369035 3.2646e-05 4
0.369132 3.44918e-05 1
0.36923 3.63888e-05 1
0.369327 3.83359e-05 1
0.369425 4.03343e-05 1
0.369522 4.23811e-05 1
0.36962 4.44737e-05 2
0.369717 4.66141e-05 1
0.369815 4.88037e-05 1
0.369912 5.10373e-05 1
0.370009 5.33171e-05 2
0.370107 5.56435e-05 1
0.370204 5.80162e-05 1
0.370302 6.04345e-05 5
0.370399 6.28983e-05 1
0.370497 6.54066e-05 1
0.370594 6.79591e-05 1
0.370692 7.05547e-05 2
0.370789 7.31936e-05 1
0.370887 7.58746e-05 1
0.370984 7.85976e-05 1
0.371081 8.13616e-05 4
0.371179 8.41658e-05 1
0.371276 8.70095e-05 2
0.371374 8.98921e-05 1
0.371471 9.28126e-05 1
0.371569 9.57704e-05 1
0.371666 9.87645e-05 1
0.371764 0.000101794 1
0.371861 0.000104859 1
0.371958 0.000107959 4
0.372056 0.000111092 1
0.372153 0.000114258 1
0.372251 0.000117457 2
0.372348 0.000120688 1
0.372446 0.00012395 1
0.372543 0.000127244 1
0.372641 0.000130568 1
0.372738 0.000133921 1
0.372835 0.000137303 1
0.372933 0.000140714 1
0.37303 0.000144151 1
0.373128 0.000147616 1
0.373225 0.000151107 4
0.373323 0.000154622 1
0.37342 0.000158162 4
0.373518 0.000161725 2
0.373615 0.00016531 1
0.373712 0.000168916 1
0.37381 0.000172541 2
0.373907 0.000176185 1
0.374005 0.000179842 1
0.374102 0.000183516 1
0.3742 0.000187208 1
0.374297 0.000190918 1
0.374395 0.000194645 2
0.374492 0.000198387 1
0.374589 0.000202143 1
0.374687 0.000205911 5
0.374784 0.000209691 1
0.374882 0.000213483 4
0.374979 0.000217286 4
0.375077 0.000221101 1
0.375174 0.000224927 1
0.375272 0.000228754 4
0.375369 0.000232586 2
0.375467 0.000236424 2
0.375564 0.000240269 1
0.375661 0.00024412 4
0.375759 0.000247976 2
0.375856 0.000251838 1
0.375954 0.000255771 1
0.376051 0.000259649 2
0.376149 0.000263458 1
0.376246 0.000267325 1
0.376344 0.000271191 2
0.376441 0.000275053 1
0.376538 0.000278932 1
0.376636 0.000282782 1
0.376733 0.000286633 1
0.376831 0.000290476 4
0.376928 0.000294303 4
0.377026 0.000298123 1
0.377123 0.000301938 1
0.377221 0.000305746 2
0.377318 0.000309541 2
0.377415 0.000313322 1
0.377513 0.000317093 4
0.37761 0.000320854 2
0.377708 0.000324601 1
0.377805 0.000328334 2
0.377903 0.00033205 1
0.378 0.000335749 2
0.378098 0.000339455 1
0.378195 0.000343117 1
0.378292 0.000346763 1
0.37839 0.000350389 1
0.378487 0.00035399 1
0.378585 0.00035757 1
0.378682 0.000361127 1
0.37878 0.000364662 1
0.378877 0.000368174 1
0.378975 0.000371661 2
0.379072 0.000375124 1
0.379169 0.000378563 2
0.379267 0.000381977 1
0.379364 0.000385388 1
0.379462 0.000388744 1
0.379559 0.000392073 1
0.379657 0.000395373 1
0.379754 0.000398644 1
0.379852 0.000401885 1
0.379949 0.000405098 1
0.380047 0.000408281 1
0.380144 0.00041143 3
0.380241 0.000414543 1
0.380339 0.00041762 1
0.380436 0.000420661 1
0.380534 0.000423667 3
0.380631 0.000426636 1
0.380729 0.000429566 1
0.380826 0.000432458 1
0.380924 0.000435309 1
0.381021 0.00043812 1
0.381118 0.000440889 1
0.381216 0.000443618 4
0.381313 0.000446401 1
0.381411 0.000448958 1
0.381508 0.000451565 1
0.381606 0.000454127 1
0.381703 0.000456644 4
0.381801 0.000459119 1
0.381898 0.000461548 3
0.381995 0.000463931 2
0.382093 0.000466267 1
0.38219 0.000468553 1
0.382288 0.000470814 1
0.382385 0.000472997 1
0.382483 0.00047514 4
0.38258 0.000477232 2
0.382678 0.000479274 1
0.382775 0.000481264 1
0.382872 0.000483203 1
0.38297 0.000485093 3
0.383067 0.000486926 4
0.383165 0.000488709 4
0.383262 0.000490439 1
0.38336 0.000492116 1
0.383457 0.00049374 1
0.383555 0.000495312 3
0.383652 0.000496826 2
0.383749 0.000498287 1
0.383847 0.000499693 1
0.383944 0.000501044 1
0.384042 0.00050234 1
0.384139 0.000503584 5
0.384237 0.000504765 1
0.384334 0.000505895 1
0.384432 0.00050697 1
0.384529 0.00050799 1
0.384626 0.000508954 1
0.384724 0.000509862 1
0.384821 0.000510713 4
0.384919 0.000511507 1
0.385016 0.000512244 1
0.385114 0.000512918 1
0.385211 0.000513536 1
0.385309 0.000514099 4
0.385406 0.000514603 1
0.385504 0.000515048 1
0.385601 0.000515434 1
0.385698 0.000515764 4
0.385796 0.000516036 1
0.385893 0.000516252 1
0.385991 0.000516412 1
0.386088 0.000516513 4
0.386186 0.00051655 1
0.386283 0.000516524 1
0.386381 0.000516438 1
0.386478 0.000516295 1
0.386575 0.000516094 4
0.386673 0.000515829 1
0.38677 0.000515506 1
0.386868 0.000515126 1
0.386965 0.000514688 4
0.387063 0.000514191 1
0.38716 0.000513635 1
0.387258 0.000513022 1
0.387355 0.000512351 4
0.387452 0.000511624 1
0.38755 0.000510844 1
0.387647 0.000510002 1
0.387745 0.000509101 1
0.387842 0.000508145 1
0.38794 0.000507132 4
0.388037 0.000506061 1
0.388135 0.000504932 1
0.388232 0.000503749 1
0.388329 0.000502509 1
0.388427 0.000501213 1
0.388524 0.000499864 5
0.388622 0.000498459 1
0.388719 0.000497 1
0.388817 0.000495486 1
0.388914 0.000493919 1
0.389012 0.000492302 3
0.389109 0.000490623 2
0.389206 0.000488893 1
0.389304 0.000487113 1
0.389401 0.000485283 1
0.389499 0.000483403 4
0.389596 0.000481475 1
0.389694 0.000479499 1
0.389791 0.000477472 4
0.389889 0.00047539 4
0.389986 0.000473267 1
0.390084 0.000471096 1
0.390181 0.000468876 4
0.390278 0.000466608 4
0.390376 0.000464292 1
0.390473 0.000461929 1
0.390571 0.000459521 1
0.390668 0.00045707 1
0.390766 0.000454574 1
0.390863 0.000452033 1
0.390961 0.000449446 4
0.391058 0.00044682 1
0.391155 0.000444155 1
0.391253 0.000441448 1
0.39135 0.0004387 1
0.391448 0.000435913 1
0.391545 0.000433085 1
0.391643 0.000430217 1
0.39174 0.000427308 1
0.391838 0.000424358 4
0.391935 0.000421368 2
0.392032 0.00041834 1
0.39213 0.000415275 2
0.392227 0.000412176 1
0.392325 0.000409048 4
0.392422 0.000405885 4
0.39252 0.000402688 2
0.392617 0.000399461 5
0.392715 0.000396204 1
0.392812 0.000392915 1
0.392909 0.000389593 1
0.393007 0.000386247 3
0.393104 0.000382875 3
0.393202 0.000379474 1
0.393299 0.000376048 2
0.393397 0.000372598 2
0.393494 0.000369123 1
0.393592 0.000365623 1
0.393689 0.000362099 1
0.393786 0.000358551 2
0.393884 0.000354981 1
0.393981 0.000351389 1
0.394079 0.000347774 1
0.394176 0.000344137 1
0.394274 0.00034048 2
0.394371 0.000336804 1
0.394469 0.000333111 1
0.394566 0.000329401 1
0.394664 0.000325676 1
0.394761 0.000321936 1
0.394858 0.000318181 1
0.394956 0.000314412 3
0.395053 0.000310631 1
0.395151 0.000306837 1
0.395248 0.000303031 1
0.395346 0.000299214 1
0.395443 0.000295387 1
0.395541 0.000291552 1
0.395638 0.000287709 3
0.395735 0.000283857 1
0.395833 0.00028 1
0.39593 0.000276137 1
0.396028 0.00027227 4
0.396125 0.000268399 1
0.396223 0.000264527 1
0.39632 0.000260655 1
0.396418 0.000256784 1
0.396515 0.000252914 2
0.396612 0.000249045 1
0.39671 0.000245179 1
0.396807 0.000241314 2
0.396905 0.000237452 1
0.397002 0.000233599 1
0.3971 0.000229752 1
0.397197 0.000225911 4
0.397295 0.000222078 4
0.397392 0.000218254 1
0.397489 0.000214439 1
0.397587 0.000210634 2
0.397684 0.000206839 5
0.397782 0.000203056 1
0.397879 0.000199287 5
0.397977 0.000195531 6
0.398074 0.000191789 2
0.398172 0.000188061 3
0.398269 0.000184348 2
0.398366 0.000180655 2
0.398464 0.000176981 1
0.398561 0.000173328 1
0.398659 0.000169695 1
0.398756 0.000166082 1
0.398854 0.000162489 1
0.398951 0.000158918 1
0.399049 0.000155369 1
0.399146 0.000151844 1
0.399244 0.000148342 4
0.399341 0.000144864 1
0.399438 0.000141411 2
0.399536 0.000137986 4
0.399633 0.000134587 1
0.399731 0.000131217 1
0.399828 0.000127875 1
0.399926 0.000124564 2
0.400023 0.000121283 1
0.400121 0.000118034 1
0.400218 0.000114817 1
0.400315 0.000111633 1
0.400413 0.000108483 1
0.40051 0.000105368 1
0.400608 0.000102288 1
0.400705 9.92442e-05 1
0.400803 9.62371e-05 2
0.4009 9.32675e-05 4
0.400998 9.0336e-05 1
0.401095 8.74432e-05 1
0.401192 8.45899e-05 1
0.40129 8.17768e-05 1
0.401387 7.90046e-05 1
0.401485 7.62738e-05 1
0.401582 7.35849e-05 1
0.40168 7.0938e-05 2
0.401777 6.83335e-05 1
0.401875 6.57715e-05 1
0.401972 6.32525e-05 1
0.402069 6.07767e-05 4
0.402167 5.8345e-05 1
0.402264 5.59579e-05 1
0.402362 5.36165e-05 2
0.402459 5.13217e-05 1
0.402557 4.90742e-05 1
0.402654 4.68751e-05 1
0.402752 4.47248e-05 5
0.402849 4.2624e-05 1
0.402946 4.05731e-05 1
0.403044 3.85727e-05 2
0.403141 3.6623e-05 4
0.403239 3.47243e-05 1
0.403336 3.28769e-05 1
0.403434 3.10813e-05 1
0.403531 2.93375e-05 1
0.403629 2.76461e-05 4
0.403726 2.6007e-05 1
0.403823 2.4421e-05 1
0.403921 2.28886e-05 4
0.404018 2.141e-05 1
0.404116 1.99853e-05 1
0.404213 1.86175e-05 2
0.404311 1.73078e-05 1
0.404408 1.60544e-05 1
0.404506 1.48564e-05 2
0.404603 1.37127e-05 2
0.404701 1.26232e-05 1
0.404798 1.15809e-05 1
0.404895 1.05962e-05 1
0.404993 9.67386e-06 1
0.40509 8.80923e-06 1
0.405188 8.00184e-06 1
0.405285 7.25208e-06 2
0.405383 6.55431e-06 1
0.40548 5.9134e-06 1
0.405578 5.33282e-06 1
0.405675 4.80938e-06 1
0.405772 4.3422e-06 2
0.40587 3.93148e-06 1
0.405967 3.57396e-06 1
0.406065 3.27076e-06 1
0.406162 3.02934e-06 1
0.40626 2.84935e-06 1
0.406357 2.72799e-06 1
0.406455 2.6628e-06 1
0.406552 2.65247e-06 1
0.406649 2.69683e-06 1
0.406747 2.79701e-06 1
0.406844 2.9539e-06 1
0.406942 3.16752e-06 1
0.407039 3.43842e-06 1
0.407137 3.76794e-06 1
0.407234 4.15529e-06 1
0.407332 4.59969e-06 1
0.407429 5.10048e-06 1
0.407526 5.65754e-06 1
0.407624 6.27032e-06 1
0.407721 6.93917e-06 1
0.407819 7.66467e-06 1
0.407916 8.44699e-06 1
0.408014 9.28577e-06 1
0.408111 1.01812e-05 1
0.408209 1.11334e-05 1
0.408306 1.21413e-05 1
0.408403 1.32034e-05 1
0.408501 1.43202e-05 1
0.408598 1.54922e-05 1
0.408696 1.672e-05 1
0.408793 1.8003e-05 1
0.408891 1.93396e-05 1
0.408988 2.07305e-05 3
0.409086 2.21736e-05 1
0.409183 2.36704e-05 1
0.409281 2.52212e-05 1
0.409378 2.68257e-05 4
0.409475 2.84808e-05 1
0.409573 3.0186e-05 4
0.40967 3.19426e-05 1
0.409768 3.37505e-05 1
0.409865 3.56092e-05 1
0.409963 3.7518e-05 1
0.41006 3.94763e-05 1
0.410158 4.14805e-05 1
0.410255 4.35316e-05 1
0.410352 4.56307e-05 1
0.41045 4.77777e-05 2
0.410547 4.99723e-05 1
0.410645 5.22141e-05 5
0.410742 5.45026e-05 2
0.41084 5.68372e-05 1
0.410937 5.92173e-05 1
0.411035 6.16421e-05 1
0.411132 6.4111e-05 1
0.411229 6.66234e-05 1
0.411327 6.91788e-05 1
0.411424 7.17766e-05 1
0.411522 7.44163e-05 1
0.411619 7.70972e-05 1
0.411717 7.98188e-05 1
0.411814 8.25805e-05 1
0.411912 8.53816e-05 4
0.412009 8.82216e-05 1
0.412106 9.11033e-05 1
0.412204 9.40176e-05 1
0.412301 9.697e-05 2
0.412399 9.99584e-05 1
0.412496 0.000102982 1
0.412594 0.000106041 1
0.412691 0.000109134 1
0.412789 0.00011226 4
0.412886 0.00011542 1
0.412983 0.000118611 1
0.413081 0.000121835 2
0.413178 0.000125089 1
0.413276 0.000128374 1
0.413373 0.000131688 4
0.413471 0.000135032 1
0.413568 0.000138404 1
0.413666 0.000141803 1
0.413763 0.00014523 1
0.413861 0.000148682 2
0.413958 0.00015216 1
0.414055 0.000155663 1
0.414153 0.000159189 1
0.41425 0.000162733 1
0.414348 0.000166297 4
0.414445 0.000169884 1
0.414543 0.000173492 1
0.41464 0.000177119 1
0.414738 0.000180763 1
0.414835 0.000184425 2
0.414932 0.0001881 1
0.41503 0.000191793 4
0.415127 0.000195504 1
0.415225 0.000199226 1
0.415322 0.000202962 2
0.41542 0.000206713 5
0.415517 0.000210472 5
0.415615 0.000214243 2
0.415712 0.000218025 5
0.415809 0.000221817 3
0.415907 0.000225618 2
0.416004 0.000229427 2
0.416102 0.000233242 1
0.416199 0.000237062 4
0.416297 0.000240887 1
0.416394 0.000244714 1
0.416492 0.000248545 2
0.416589 0.000252376 1
0.416686 0.000256208 1
0.416784 0.000260039 1
0.416881 0.000263869 1
0.416979 0.000267698 1
0.417076 0.000271524 1
0.417174 0.000275347 4
0.417271 0.000279166 1
0.417369 0.00028298 1
0.417466 0.000286789 2
0.417563 0.000290592 1
0.417661 0.000294387 4
0.417758 0.000298173 1
0.417856 0.000301948 1
0.417953 0.000305707 2
0.418051 0.000309451 1
0.418148 0.000313184 1
0.418246 0.000316906 2
0.418343 0.000320616 4
0.418441 0.000324314 1
0.418538 0.000327998 2
0.418635 0.000331664 2
0.418733 0.000335311 1
0.41883 0.000338938 1
0.418928 0.000342561 1
0.419025 0.000346151 1
0.419123 0.000349721 1
0.41922 0.00035327 1
0.419318 0.000356798 1
0.419415 0.000360303 1
0.419512 0.000363784 1
0.41961 0.000367242 1
0.419707 0.000370671 1
0.419805 0.000374072 1
0.419902 0.000377447 2
0.42 0.000380797 1
0.420097 0.000384116 2
0.420195 0.000387405 1
0.420292 0.000390663 1
0.420389 0.000393887 1
0.420487 0.00039708 1
0.420584 0.000400243 1
0.420682 0.000403376 3
0.420779 0.000406474 1
0.420877 0.00040954 4
0.420974 0.000412576 4
0.421072 0.000415573 1
0.421169 0.000418535 1
0.421266 0.000421461 1
0.421364 0.00042435 1
0.421461 0.000427199 1
0.421559 0.000430009 1
0.421656 0.00043278 5
0.421754 0.000435511 1
0.421851 0.000438201 1
0.421949 0.000440851 1
0.422046 0.000443457 1
0.422143 0.000446021 1
0.422241 0.000448542 1
0.422338 0.000451019 4
0.422436 0.000453456 1
0.422533 0.000455847 1
0.422631 0.000458188 2
0.422728 0.00046048 4
0.422826 0.000462725 1
0.422923 0.000464923 1
0.423021 0.000467072 1
0.423118 0.000469295 4
0.423215 0.000471245 2
0.423313 0.000473249 1
0.42341 0.000475202 1
0.423508 0.000477104 1
0.423605 0.000478954 4
0.423703 0.000480751 4
0.4238 0.000482497 1
0.423898 0.00048419 4
0.423995 0.000485833 1
0.424092 0.000487427 3
0.42419 0.000488963 2
0.424287 0.000490446 1
0.424385 0.000491876 1
0.424482 0.000493253 1
0.42458 0.000494576 1
0.424677 0.000495845 5
0.424775 0.000497061 1
0.424872 0.000498223 1
0.424969 0.000499326 1
0.425067 0.000500375 1
0.425164 0.00050137 1
0.425262 0.000502311 1
0.425359 0.000503197 1
0.425457 0.000504028 1
0.425554 0.000504801 4
0.425652 0.000505516 1
0.425749 0.000506175 4
0.425846 0.000506774 1
0.425944 0.000507317 1
0.426041 0.000507798 1
0.426139 0.000508232 1
0.426236 0.000508609 4
0.426334 0.000508929 1
0.426431 0.000509187 1
0.426529 0.000509398 1
0.426626 0.000509554 1
0.426723 0.000509653 1
0.426821 0.000509692 4
0.426918 0.000509675 4
0.427016 0.00050959 4
0.427113 0.000509452 4
0.427211 0.000509255 1
0.427308 0.000509 1
0.427406 0.000508688 1
0.427503 0.000508321 1
0.4276 0.000507896 1
0.427698 0.000507411 1
0.427795 0.000506871 4
0.427893 0.000506274 1
0.42799 0.000505622 1
0.428088 0.000504912 1
0.428185 0.000504139 1
0.428283 0.00050332 4
0.42838 0.000502448 4
0.428478 0.000501521 1
0.428575 0.000500541 1
0.428672 0.000499505 1
0.42877 0.000498416 1
0.428867 0.000497269 1
0.428965 0.000496063 1
0.429062 0.000494802 1
0.42916 0.000493487 5
0.429257 0.000492117 1
0.429355 0.000490694 1
0.429452 0.000489216 1
0.429549 0.000487687 4
0.429647 0.000486105 1
0.429744 0.000484471 1
0.429842 0.000482787 1
0.429939 0.000481056 3
0.430037 0.000479268 2
0.430134 0.000477433 1
0.430232 0.000475549 4
0.430329 0.000473614 4
0.430426 0.000471632 1
0.430524 0.000469602 2
0.430621 0.000467525 1
0.430719 0.000465404 2
0.430816 0.000463229 1
0.430914 0.000461007 4
0.431011 0.000458735 1
0.431109 0.000456418 1
0.431206 0.000454056 1
0.431303 0.000451651 1
0.431401 0.000449202 1
0.431498 0.000446711 1
0.431596 0.000444179 4
0.431693 0.000441605 1
0.431791 0.000438989 1
0.431888 0.000436331 1
0.431986 0.000433632 1
0.432083 0.000430963 1
0.43218 0.000428185 1
0.432278 0.000425368 4
0.432375 0.00042251 2
0.432473 0.000419612 1
0.43257 0.000416674 2
0.432668 0.000413697 1
0.432765 0.000410684 1
0.432863 0.000407637 4
0.43296 0.000404554 1
0.433058 0.000401438 1
0.433155 0.000398292 2
0.433252 0.000395111 4
0.43335 0.000391901 2
0.433447 0.000388664 1
0.433545 0.000385396 1
0.433642 0.000382099 2
0.43374 0.000378768 2
0.433837 0.000375408 1
0.433935 0.000372028 2
0.434032 0.000368624 2
0.434129 0.000365196 1
0.434227 0.000361745 2
0.434324 0.000358268 1
0.434422 0.000354769 1
0.434519 0.000351251 1
0.434617 0.000347712 2
0.434714 0.000344153 1
0.434812 0.000340575 1
0.434909 0.000336976 1
0.435006 0.000333357 1
0.435104 0.000329718 1
0.435201 0.000326061 1
0.435299 0.000322387 1
0.435396 0.000318696 1
0.435494 0.000314992 1
0.435591 0.000311273 1
0.435689 0.000307542 3
0.435786 0.000303799 1
0.435883 0.000300043 1
0.435981 0.000296276 1
0.436078 0.000292496 1
0.436176 0.000288709 1
0.436273 0.000284911 1
0.436371 0.000281107 3
0.436468 0.000277296 1
0.436566 0.000273479 1
0.436663 0.000269656 1
0.43676 0.000265829 4
0.436858 0.000262017 1
0.436955 0.000258184 1
0.437053 0.000254354 2
0.43715 0.000250524 1
0.437248 0.000246695 1
0.437345 0.000242868 1
0.437443 0.000239045 1
0.43754 0.00023524 1
0.437638 0.000231423 1
0.437735 0.000227615 2
0.437832 0.000223814 3
0.43793 0.000220021 1
0.438027 0.000216234 1
0.438125 0.000212457 1
0.438222 0.000208692 4
0.43832 0.000204937 2
0.438417 0.000201195 5
0.438515 0.000197465 3
0.438612 0.000193745 2
0.438709 0.000190037 2
0.438807 0.000186344 2
0.438904 0.000182669 2
0.439002 0.000179013 5
0.439099 0.000175374 2
0.439197 0.000171753 2
0.439294 0.000168154 2
0.439392 0.000164578 2
0.439489 0.000161026 2
0.439586 0.000157497 1
0.439684 0.000153992 1
0.439781 0.00015051 4
0.439879 0.000147048 2
0.439976 0.000143611 2
0.440074 0.000140199 1
0.440171 0.000136817 2
0.440269 0.000133456 1
0.440366 0.000130122 2
0.440463 0.000126818 1
0.440561 0.000123543 1
0.440658 0.000120298 1
0.440756 0.000117085 4
0.440853 0.000113903 1
0.440951 0.000110755 2
0.441048 0.00010764 1
0.441146 0.00010456 4
0.441243 0.000101514 1
0.44134 9.85042e-05 1
0.441438 9.55312e-05 1
0.441535 9.25956e-05 2
0.441633 8.9698e-05 2
0.44173 8.68392e-05 1
0.441828 8.40197e-05 1
0.441925 8.12402e-05 1
0.442023 7.8501e-05 1
0.44212 7.58026e-05 4
0.442218 7.31454e-05 1
0.442315 7.05297e-05 1
0.442412 6.7956e-05 1
0.44251 6.54247e-05 2
0.442607 6.2936e-05 1
0.442705 6.04903e-05 1
0.442802 5.8088e-05 1
0.4429 5.57297e-05 1
0.442997 5.3416e-05 1
0.443095 5.11477e-05 1
0.443192 4.89259e-05 1
0.443289 4.67519e-05 5
0.443387 4.46303e-05 1
0.443484 4.25625e-05 1
0.443582 4.05465e-05 2
0.443679 3.8581e-05 1
0.443777 3.6666e-05 1
0.443874 3.48013e-05 1
0.443972 3.29789e-05 1
0.444069 3.12096e-05 1
0.444166 2.94994e-05 1
0.444264 2.78417e-05 2
0.444361 2.62341e-05 1
0.444459 2.46705e-05 1
0.444556 2.3152e-05 1
0.444654 2.16904e-05 1
0.444751 2.02869e-05 1
0.444849 1.89375e-05 1
0.444946 1.7636e-05 2
0.445043 1.6382e-05 4
0.445141 1.51803e-05 1
0.445238 1.40334e-05 4
0.445336 1.29416e-05 1
0.445433 1.19062e-05 4
0.445531 1.0927e-05 1
0.445628 1.00032e-05 1
0.445726 9.13313e-06 1
0.445823 8.31741e-06 1
0.44592 7.55908e-06 2
0.446018 6.85669e-06 1
0.446115 6.21199e-06 1
0.446213 5.62481e-06 1
0.44631 5.09464e-06 1
0.446408 4.62132e-06 1
0.446505 4.20398e-06 2
0.446603 3.84336e-06 1
0.4467 3.53905e-06 1
0.446797 3.29126e-06 1
0.446895 3.09989e-06 2
0.446992 2.96512e-06 1
0.44709 2.88688e-06 1
0.447187 2.86523e-06 1
0.447285 2.90006e-06 1
0.447382 2.99141e-06 1
0.44748 3.13921e-06 1
0.447577 3.34353e-06 1
0.447675 3.60436e-06 1
0.447772 3.92189e-06 1
0.447869 4.29612e-06 1
0.447967 4.72721e-06 1
0.448064 5.21503e-06 1
0.448162 5.75961e-06 1
0.448259 6.36069e-06 1
0.448357 7.01817e-06 1
0.448454 7.73043e-06 1
0.448552 8.49856e-06 1
0.448649 9.32177e-06 1
0.448746 1.02007e-05 1
0.448844 1.1134e-05 1
0.448941 1.21197e-05 1
0.449039 1.31588e-05 3
0.449136 1.4249e-05 1
0.449234 1.53987e-05 1
0.449331 1.65996e-05 1
0.449429 1.78523e-05 1
0.449526 1.91585e-05 1
0.449623 2.05181e-05 2
0.449721 2.19312e-05 4
0.449818 2.33971e-05 1
0.449916 2.49155e-05 1
0.450013 2.64826e-05 1
0.450111 2.80996e-05 4
0.450208 2.9768e-05 1
0.450306 3.14876e-05 1
0.450403 3.32581e-05 1
0.4505 3.5079e-05 1
0.450598 3.69708e-05 1
0.450695 3.88907e-05 1
0.450793 4.08604e-05 1
0.45089 4.28784e-05 5
0.450988 4.49437e-05 2
0.451085 4.70559e-05 1
0.451183 4.92145e-05 1
0.45128 5.14192e-05 1
0.451377 5.36696e-05 1
0.451475 5.59654e-05 1
0.451572 5.83063e-05 1
0.45167 6.06919e-05 4
0.451767 6.31218e-05 1
0.451865 6.55955e-05 1
0.451962 6.81126e-05 1
0.45206 7.06722e-05 2
0.452157 7.3274e-05 1
0.452255 7.59171e-05 1
0.452352 7.86009e-05 1
0.452449 8.13244e-05 1
0.452547 8.40872e-05 1
0.452644 8.68882e-05 1
0.452742 8.97267e-05 4
0.452839 9.2602e-05 1
0.452937 9.55133e-05 1
0.453034 9.84598e-05 2
0.453132 0.000101441 1
0.453229 0.000104456 1
0.453326 0.000107505 1
0.453424 0.000110587 1
0.453521 0.000113701 1
0.453619 0.000116847 1
0.453716 0.000120026 1
0.453814 0.000123235 1
0.453911 0.000126475 1
0.454009 0.000129745 1
0.454106 0.000133044 1
0.454203 0.000136372 1
0.454301 0.000139728 4
0.454398 0.00014311 4
0.454496 0.000146519 2
0.454593 0.000149952 1
0.454691 0.00015341 1
0.454788 0.000156889 1
0.454886 0.000160399 1
0.454983 0.000163898 1
0.45508 0.000167435 2
0.455178 0.000170989 1
0.455275 0.000174563 2
0.455373 0.000178156 1
0.45547 0.000181767 2
0.455568 0.000185395 1
0.455665 0.000189038 1
0.455763 0.000192694 1
0.45586 0.000196365 5
0.455957 0.000200049 4
0.456055 0.000203747 1
0.456152 0.000207459 5
0.45625 0.000211183 2
0.456347 0.000214916 1
0.456445 0.00021865 4
0.456542 0.00022239 1
0.45664 0.000226138 4
0.456737 0.000229894 2
0.456835 0.000233657 1
0.456932 0.000237427 1
0.457029 0.000241203 2
0.457127 0.000244984 1
0.457224 0.000248769 1
0.457322 0.000252555 1
0.457419 0.000256341 1
0.457517 0.000260125 1
0.457614 0.000263898 1
0.457712 0.000267667 1
0.457809 0.000271433 1
0.457906 0.000275195 1
0.458004 0.000278953 4
0.458101 0.000282705 4
0.458199 0.000286453 1
0.458296 0.000290193 1
0.458394 0.000293924 1
0.458491 0.000297643 2
0.458589 0.000301348 1
0.458686 0.000305043 1
0.458783 0.000308727 4
0.458881 0.000312399 1
0.458978 0.000316059 1
0.459076 0.000319706 2
0.459173 0.000323347 2
0.459271 0.000326958 1
0.459368 0.000330554 1
0.459466 0.000334132 2
0.459563 0.000337689 2
0.45966 0.000341226 1
0.459758 0.000344744 1
0.459855 0.00034824 1
0.459953 0.000351715 2
0.46005 0.000355165 1
0.460148 0.000358593 1
0.460245 0.000361999 1
0.460343 0.000365379 1
0.46044 0.000368735 1
0.460537 0.000372069 1
0.460635 0.000375299 1
0.460732 0.000378578 1
0.46083 0.000381826 1
0.460927 0.000385044 1
0.461025 0.000388235 1
0.461122 0.000391398 1
0.46122 0.000394532 3
0.461317 0.000397635 1
0.461415 0.000400703 3
0.461512 0.000403741 1
0.461609 0.000406745 3
0.461707 0.000409711 1
0.461804 0.000412642 1
0.461902 0.000415536 1
0.461999 0.000418479 1
0.462097 0.000421294 1
0.462194 0.000423988 4
0.462292 0.000426729 1
0.462389 0.000429432 1
0.462486 0.000432097 1
0.462584 0.000434723 1
0.462681 0.000437306 1
0.462779 0.000439846 1
0.462876 0.000442345 1
0.462974 0.000444802 4
0.463071 0.000447221 1
0.463169 0.000449596 1
0.463266 0.000451923 1
0.463363 0.000454229 2
0.463461 0.000456456 1
0.463558 0.000458634 4
0.463656 0.000460768 1
0.463753 0.000462854 4
0.463851 0.000464891 4
0.463948 0.000466879 2
0.464046 0.000468818 1
0.464143 0.00047071 4
0.46424 0.000472549 1
0.464338 0.000474336 1
0.464435 0.000476072 4
0.464533 0.000477758 1
0.46463 0.000479392 1
0.464728 0.000480975 1
0.464825 0.000482509 3
0.464923 0.000483987 2
0.46502 0.000485414 1
0.465117 0.000486788 1
0.465215 0.000488109 1
0.465312 0.000489378 1
0.46541 0.000490596 5
0.465507 0.000491749 1
0.465605 0.000492921 1
0.465702 0.000493966 1
0.4658 0.000494963 1
0.465897 0.000495907 1
0.465994 0.000496796 4
0.466092 0.00049763 1
0.466189 0.000498409 1
0.466287 0.000499129 1
0.466384 0.000499795 1
0.466482 0.00050041 1
0.466579 0.00050097 4
0.466677 0.000501474 1
0.466774 0.00050192 1
0.466872 0.00050231 1
0.466969 0.000502646 1
0.467066 0.000502928 4
0.467164 0.000503153 1
0.467261 0.000503321 1
0.467359 0.00050342 4
0.467456 0.000503471 1
0.467554 0.000503467 1
0.467651 0.000503407 1
0.467749 0.000503288 1
0.467846 0.00050311 1
0.467943 0.000502869 4
0.468041 0.00050257 1
0.468138 0.000502216 1
0.468236 0.000501806 4
0.468333 0.000501339 1
0.468431 0.000500808 1
0.468528 0.000500229 1
0.468626 0.000499595 4
0.468723 0.000498906 1
0.46882 0.000498164 1
0.468918 0.000497363 1
0.469015 0.000496505 1
0.469113 0.000495592 1
0.46921 0.000494619 4
0.469308 0.000493595 1
0.469405 0.000492514 1
0.469503 0.00049138 1
0.4696 0.000490192 1
0.469697 0.00048895 1
0.469795 0.000487653 5
0.469892 0.000486304 1
0.46999 0.000484901 1
0.470087 0.000483444 1
0.470185 0.000481934 1
0.470282 0.000480371 1
0.47038 0.000478761 3
0.470477 0.00047709 2
0.470574 0.000475371 1
0.470672 0.000473603 1
0.470769 0.000471787 1
0.470867 0.000469921 4
0.470964 0.000468009 1
0.471062 0.000466049 4
0.471159 0.000464039 1
0.471257 0.000461984 1
0.471354 0.000459875 4
0.471452 0.000457725 1
0.471549 0.000455527 4
0.471646 0.000453282 2
0.471744 0.00045099 1
0.471841 0.000448653 2
0.471939 0.000446272 1
0.472036 0.000443849 1
0.472134 0.000441382 1
0.472231 0.00043887 1
0.472329 0.000436315 4
0.472426 0.000433721 1
0.472523 0.000431087 1
0.472621 0.000428415 1
0.472718 0.000425703 1
0.472816 0.000422953 1
0.472913 0.000420164 1
0.473011 0.000417335 4
0.473108 0.000414467 1
0.473206 0.000411559 1
0.473303 0.000408613 2
0.4734 0.000405631 1
0.473498 0.000402614 1
0.473595 0.000399566 1
0.473693 0.000396488 4
0.47379 0.000393377 1
0.473888 0.000390232 4
0.473985 0.00038706 5
0.474083 0.000383858 1
0.47418 0.000380627 2
0.474277 0.00037736 2
0.474375 0.000374065 1
0.474472 0.000370746 2
0.47457 0.000367403 1
0.474667 0.000364035 2
0.474765 0.000360642 2
0.474862 0.000357226 1
0.47496 0.000353784 1
0.475057 0.000350319 1
0.475154 0.000346835 1
0.475252 0.000343332 1
0.475349 0.000339809 1
0.475447 0.000336268 1
0.475544 0.000332707 1
0.475642 0.000329128 1
0.475739 0.000325531 1
0.475837 0.000321916 1
0.475934 0.000318285 1
0.476032 0.000314639 1
0.476129 0.000310977 1
0.476226 0.000307303 1
0.476324 0.000303615 1
0.476421 0.000299916 2
0.476519 0.000296206 4
0.476616 0.000292486 1
0.476714 0.000288755 1
0.476811 0.000285015 2
0.476909 0.000281268 1
0.477006 0.000277511 2
0.477103 0.000273747 4
0.477201 0.00026998 2
0.477298 0.000266208 2
0.477396 0.000262433 4
0.477493 0.000258653 2
0.477591 0.000254874 2
0.477688 0.000251101 2
0.477786 0.000247332 1
0.477883 0.000243563 1
0.47798 0.000239795 2
0.478078 0.00023603 1
0.478175 0.000232268 1
0.478273 0.000228512 2
0.47837 0.000224763 1
0.478468 0.00022102 1
0.478565 0.000217286 4
0.478663 0.000213559 2
0.47876 0.000209843 1
0.478857 0.000206135 4
0.478955 0.000202438 2
0.479052 0.000198755 2
0.47915 0.000195085 1
0.479247 0.000191427 4
0.479345 0.00018778 5
0.479442 0.000184149 1
0.47954 0.000180532 6
0.479637 0.000176931 2
0.479734 0.000173348 1
0.479832 0.000169785 1
0.479929 0.000166242 3
0.480027 0.000162719 2
0.480124 0.000159218 2
0.480222 0.00015574 1
0.480319 0.000152286 2
0.480417 0.000148854 2
0.480514 0.000145443 1
0.480612 0.000142059 2
0.480709 0.000138701 2
0.480806 0.000135367 1
0.480904 0.000132058 4
0.481001 0.000128775 2
0.481099 0.000125518 5
0.481196 0.000122291 2
0.481294 0.000119094 1
0.481391 0.000115927 2
0.481489 0.000112792 1
0.481586 0.000109689 1
0.481683 0.00010662 1
0.481781 0.000103585 1
0.481878 0.000100585 1
0.481976 9.76209e-05 1
0.482073 9.46921e-05 1
0.482171 9.17998e-05 1
0.482268 8.89445e-05 1
0.482366 8.6127e-05 1
0.482463 8.3348e-05 1
0.48256 8.06082e-05 4
0.482658 7.79085e-05 1
0.482755 7.52532e-05 1
0.482853 7.26346e-05 1
0.48295 7.00568e-05 2
0.483048 6.75201e-05 2
0.483145 6.50244e-05 1
0.483243 6.25701e-05 1
0.48334 6.01574e-05 1
0.483437 5.77868e-05 1
0.483535 5.5459e-05 1
0.483632 5.31746e-05 4
0.48373 5.09346e-05 2
0.483827 4.87397e-05 1
0.483925 4.65908e-05 1
0.484022 4.44889e-05 1
0.48412 4.24345e-05 1
0.484217 4.04285e-05 1
0.484314 3.8471e-05 1
0.484412 3.65626e-05 1
0.484509 3.47034e-05 5
0.484607 3.28938e-05 1
0.484704 3.1134e-05 1
0.484802 2.94244e-05 1
0.484899 2.77653e-05 2
0.484997 2.61569e-05 1
0.485094 2.45996e-05 1
0.485191 2.3094e-05 1
0.485289 2.16405e-05 2
0.485386 2.02397e-05 1
0.485484 1.88914e-05 1
0.485581 1.75988e-05 4
0.485679 1.63625e-05 1
0.485776 1.51809e-05 1
0.485874 1.40525e-05 1
0.485971 1.29765e-05 1
0.486069 1.19526e-05 4
0.486166 1.09816e-05 1
0.486263 1.0064e-05 4
0.486361 9.20047e-06 1
0.486458 8.39127e-06 1
0.486556 7.63658e-06 1
0.486653 6.93677e-06 2
0.486751 6.29185e-06 1
0.486848 5.7022e-06 1
0.486946 5.16781e-06 2
0.487043 4.68872e-06 1
0.48714 4.26498e-06 1
0.487238 3.89678e-06 1
0.487335 3.5842e-06 1
0.487433 3.32732e-06 1
0.48753 3.1259e-06 1
0.487628 2.98011e-06 2
0.487725 2.88968e-06 1
0.487823 2.85473e-06 1
0.48792 2.87527e-06 1
0.488017 2.95154e-06 2
0.488115 3.08349e-06 1
0.488212 3.27126e-06 1
0.48831 3.51474e-06 1
0.488407 3.81396e-06 1
0.488505 4.16876e-06 2
0.488602 4.57919e-06 1
0.4887 5.04502e-06 1
0.488797 5.56623e-06 1
0.488894 6.14259e-06 1
0.488992 6.77423e-06 1
0.489089 7.46097e-06 4
0.489187 8.20286e-06 2
0.489284 8.9999e-06 1
0.489382 9.85208e-06 1
0.489479 1.07593e-05 4
0.489577 1.17221e-05 4
0.489674 1.27388e-05 1
0.489771 1.38099e-05 1
0.489869 1.4935e-05 1
0.489966 1.6114e-05 1
0.490064 1.73468e-05 1
0.490161 1.86336e-05 1
0.490259 1.99739e-05 1
0.490356 2.13668e-05 1
0.490454 2.28118e-05 1
0.490551 2.4309e-05 1
0.490649 2.58583e-05 1
0.490746 2.74593e-05 1
0.490843 2.91114e-05 1
0.490941 3.0814e-05 1
0.491038 3.25666e-05 1
0.491136 3.43687e-05 2
0.491233 3.62196e-05 1
0.491331 3.81189e-05 1
0.491428 4.00659e-05 1
0.491526 4.20606e-05 5
0.491623 4.40988e-05 2
0.49172 4.6182e-05 1
0.491818 4.83115e-05 1
0.491915 5.0487e-05 1
0.492013 5.27084e-05 2
0.49211 5.49753e-05 1
0.492208 5.72873e-05 1
0.492305 5.96439e-05 1
0.492403 6.20445e-05 1
0.4925 6.44882e-05 1
0.492597 6.69748e-05 1
0.492695 6.95034e-05 2
0.492792 7.20736e-05 1
0.49289 7.46847e-05 4
0.492987 7.73365e-05 1
0.493085 8.00278e-05 1
0.493182 8.27581e-05 2
0.49328 8.55299e-05 1
0.493377 8.83347e-05 1
0.493474 9.11777e-05 1
0.493572 9.40567e-05 1
0.493669 9.6971e-05 1
0.493767 9.992e-05 4
0.493864 0.000102903 1
0.493962 0.000105919 1
0.494059 0.000108968 1
0.494157 0.000112049 1
0.494254 0.000115161 2
0.494351 0.000118305 4
0.494449 0.000121479 1
0.494546 0.000124682 1
0.494644 0.000127915 1
0.494741 0.000131176 1
0.494839 0.000134465 2
0.494936 0.000137781 1
0.495034 0.000141123 1
0.495131 0.000144491 1
0.495229 0.000147884 1
0.495326 0.000151296 4
0.495423 0.00015473 1
0.495521 0.000158188 1
0.495618 0.000161668 1
0.495716 0.000165167 1
0.495813 0.000168687 2
0.495911 0.000172226 1
0.496008 0.000175782 1
0.496106 0.000179356 1
0.496203 0.000182945 4
0.4963 0.000186544 2
0.496398 0.000190158 1
0.496495 0.000193783 5
0.496593 0.000197424 4
0.49669 0.000201083 3
0.496788 0.000204747 2
0.496885 0.000208423 2
0.496983 0.000212109 4
0.49708 0.000215807 1
0.497177 0.000219512 1
0.497275 0.000223224 4
0.497372 0.000226941 1
0.49747 0.000230661 1
0.497567 0.000234386 2
0.497665 0.000238112 1
0.497762 0.00024185 1
0.49786 0.000245578 1
0.497957 0.000249311 1
0.498054 0.000253044 1
0.498152 0.000256777 1
0.498249 0.00026051 1
0.498347 0.00026424 1
0.498444 0.000267967 4
0.498542 0.000271689 1
0.498639 0.000275405 1
0.498737 0.000279116 5
0.498834 0.00028282 1
0.498931 0.000286514 1
0.499029 0.000290194 2
0.499126 0.00029386 1
0.499224 0.000297515 1
0.499321 0.00030116 1
0.499419 0.000304799 5
0.499516 0.000308414 1
0.499614 0.000312022 2
0.499711 0.000315617 2
0.499809 0.000319195 1
0.499906 0.000322755 1
0.500003 0.000326296 1
0.500101 0.000329821 1
0.500198 0.000333328 1
0.500296 0.000336818 1
0.500393 0.000340289 1
0.500491 0.00034374 1
0.500588 0.000347169 1
0.500686 0.000350576 1
0.500783 0.00035396 1
0.50088 0.000357322 1
0.500978 0.000360658 1
0.501075 0.000363967 2
0.501173 0.00036725 2
0.50127 0.000370506 1
0.501368 0.000373734 1
0.501465 0.000376932 1
0.501563 0.000380107 1
0.50166 0.00038324 1
0.501757 0.000386352 1
0.501855 0.000389435 1
0.501952 0.000392489 3
0.50205 0.000395507 1
0.502147 0.000398491 1
0.502245 0.000401441 1
0.502342 0.000404361 3
0.50244 0.000407243 1
0.502537 0.000410091 1
0.502634 0.000412919 1
0.502732 0.000415693 1
0.502829 0.000418423 1
0.502927 0.00042112 1
0.503024 0.000423779 4
0.503122 0.0004264 1
0.503219 0.000428981 1
0.503317 0.000431524 1
0.503414 0.000434131 1
0.503511 0.000436494 1
0.503609 0.000438913 4
0.503706 0.000441293 3
0.503804 0.000443628 1
0.503901 0.000445915 2
0.503999 0.000448157 1
0.504096 0.000450354 1
0.504194 0.000452505 1
0.504291 0.000454612 1
0.504388 0.000456672 4
0.504486 0.000458691 2
0.504583 0.000460647 1
0.504681 0.00046256 1
0.504778 0.000464423 1
0.504876 0.000466236 4
0.504973 0.000468004 3
0.505071 0.000469717 2
0.505168 0.000471384 1
0.505266 0.000473005 3
0.505363 0.000474572 2
0.50546 0.000476106 1
0.505558 0.00047757 4
0.505655 0.000478976 1
0.505753 0.000480337 1
0.50585 0.000481645 1
0.505948 0.000482902 5
0.506045 0.000484107 1
0.506143 0.00048526 1
0.50624 0.000486362 1
0.506337 0.000487399 1
0.506435 0.00048839 1
0.506532 0.000489329 1
0.50663 0.000490215 1
0.506727 0.000491048 1
0.506825 0.000491825 4
0.506922 0.000492547 1
0.50702 0.000493215 4
0.507117 0.000493823 1
0.507214 0.000494378 1
0.507312 0.00049488 1
0.507409 0.000495329 1
0.507507 0.000495723 4
0.507604 0.000496061 1
0.507702 0.000496344 1
0.507799 0.000496575 1
0.507897 0.000496754 1
0.507994 0.000496878 1
0.508091 0.000496944 4
0.508189 0.000496953 4
0.508286 0.000496902 1
0.508384 0.000496794 4
0.508481 0.000496629 4
0.508579 0.000496406 1
0.508676 0.000496125 1
0.508774 0.000495788 1
0.508871 0.000495397 1
0.508968 0.000494951 1
0.509066 0.000494451 4
0.509163 0.000493896 1
0.509261 0.000493288 1
0.509358 0.00049262 1
0.509456 0.000491892 1
0.509553 0.000491104 4
0.509651 0.000490271 1
0.509748 0.000489385 4
0.509846 0.000488446 1
0.509943 0.000487452 1
0.51004 0.000486405 1
0.510138 0.000485304 1
0.510235 0.000484147 1
0.510333 0.000482936 1
0.51043 0.000481672 5
0.510528 0.000480354 1
0.510625 0.000478983 1
0.510723 0.000477558 1
0.51082 0.000476082 1
0.510917 0.000474555 1
0.511015 0.000472976 1
0.511112 0.00047135 3
0.51121 0.00046967 2
0.511307 0.000467943 4
0.511405 0.000466167 1
0.511502 0.000464341 1
0.5116 0.000462465 4
0.511697 0.000460543 4
0.511794 0.000458573 1
0.511892 0.000456554 1
0.511989 0.000454489 1
0.512087 0.000452378 1
0.512184 0.000450129 4
0.512282 0.000448033 1
0.512379 0.000445842 1
0.512477 0.000443543 4
0.512574 0.0004412 1
0.512671 0.000438816 1
0.512769 0.000436383 1
0.512866 0.000433914 2
0.512964 0.000431403 4
0.513061 0.000428852 1
0.513159 0.000426261 1
0.513256 0.000423629 1
0.513354 0.000420957 1
0.513451 0.000418247 1
0.513548 0.000415499 1
0.513646 0.000412712 1
0.513743 0.000409886 4
0.513841 0.000407021 2
0.513938 0.000404118 1
0.514036 0.000401178 2
0.514133 0.000398121 1
0.514231 0.000395112 1
0.514328 0.000392072 4
0.514426 0.000388998 2
0.514523 0.000385896 4
0.51462 0.00038276 2
0.514718 0.000379597 5
0.514815 0.000376406 1
0.514913 0.000373187 1
0.51501 0.000369936 2
0.515108 0.000366658 1
0.515205 0.000363359 3
0.515303 0.000360035 2
0.5154 0.000356686 1
0.515497 0.000353315 2
0.515595 0.000349923 2
0.515692 0.00034651 1
0.51579 0.000343076 1
0.515887 0.000339623 1
0.515985 0.00033615 1
0.516082 0.000332659 1
0.51618 0.000329148 1
0.516277 0.000325617 1
0.516374 0.000322068 1
0.516472 0.0003185 1
0.516569 0.000314917 1
0.516667 0.000311318 1
0.516764 0.000307706 1
0.516862 0.00030408 1
0.516959 0.000300441 1
0.517057 0.000296791 4
0.517154 0.00029313 1
0.517251 0.000289459 2
0.517349 0.000285777 1
0.517446 0.000282086 2
0.517544 0.000278387 2
0.517641 0.000274681 1
0.517739 0.000270965 1
0.517836 0.000267245 4
0.517934 0.00026352 1
0.518031 0.000259795 1
0.518128 0.000256067 1
0.518226 0.000252337 4
0.518323 0.000248607 2
0.518421 0.000244879 1
0.518518 0.000241154 1
0.518616 0.000237432 2
0.518713 0.000233713 1
0.518811 0.000229998 1
0.518908 0.000226287 1
0.519006 0.000222583 1
0.519103 0.000218884 1
0.5192 0.000215193 1
0.519298 0.000211509 4
0.519395 0.000207834 2
0.519493 0.000204168 1
0.51959 0.000200513 1
0.519688 0.000196868 2
0.519785 0.000193234 4
0.519883 0.000189615 2
0.51998 0.00018604 4
0.520077 0.000182415 1
0.520175 0.000178839 1
0.520272 0.000175277 1
0.52037 0.000171731 1
0.520467 0.000168205 2
0.520565 0.000164701 4
0.520662 0.000161217 1
0.52076 0.000157754 1
0.520857 0.000154315 1
0.520954 0.000150901 1
0.521052 0.000147513 1
0.521149 0.000144149 1
0.521247 0.000140809 4
0.521344 0.000137492 2
0.521442 0.000134199 1
0.521539 0.000130931 2
0.521637 0.000127688 1
0.521734 0.000124469 2
0.521831 0.000121278 2
0.521929 0.000118116 1
0.522026 0.000114983 1
0.522124 0.000111882 1
0.522221 0.000108813 1
0.522319 0.000105776 4
0.522416 0.000102773 1
0.522514 9.98043e-05 1
0.522611 9.68703e-05 1
0.522708 9.39719e-05 2
0.522806 9.11097e-05 1
0.522903 8.82845e-05 1
0.523001 8.54969e-05 4
0.523098 8.27475e-05 1
0.523196 8.00368e-05 1
0.523293 7.73651e-05 1
0.523391 7.47328e-05 1
0.523488 7.21401e-05 1
0.523585 6.95874e-05 1
0.523683 6.70749e-05 2
0.52378 6.4603e-05 1
0.523878 6.21722e-05 1
0.523975 5.97828e-05 1
0.524073 5.74354e-05 1
0.52417 5.51304e-05 4
0.524268 5.28685e-05 2
0.524365 5.06503e-05 1
0.524463 4.84764e-05 1
0.52456 4.63476e-05 1
0.524657 4.42649e-05 1
0.524755 4.2229e-05 1
0.524852 4.02408e-05 1
0.52495 3.8301e-05 1
0.525047 3.64102e-05 1
0.525145 3.4569e-05 1
0.525242 3.27776e-05 5
0.52534 3.10363e-05 1
0.525437 2.93453e-05 2
0.525534 2.77048e-05 1
0.525632 2.61148e-05 1
0.525729 2.45756e-05 1
0.525827 2.30875e-05 1
0.525924 2.1651e-05 2
0.526022 2.0266e-05 1
0.526119 1.89326e-05 1
0.526217 1.76505e-05 1
0.526314 1.64202e-05 1
0.526411 1.52418e-05 1
0.526509 1.41159e-05 1
0.526606 1.30424e-05 2
0.526704 1.20216e-05 1
0.526801 1.10536e-05 4
0.526899 1.01389e-05 1
0.526996 9.27753e-06 1
0.527094 8.47001e-06 1
0.527191 7.71652e-06 1
0.527288 7.0176e-06 2
0.527386 6.37782e-06 4
0.527483 5.79323e-06 1
0.527581 5.25952e-06 1
0.527678 4.77865e-06 1
0.527776 4.35348e-06 1
0.527873 3.98487e-06 1
0.527971 3.67588e-06 1
0.528068 3.42294e-06 1
0.528165 3.2217e-06 1
0.528263 3.07317e-06 1
0.52836 2.97972e-06 1
0.528458 2.94249e-06 1
0.528555 2.96122e-06 1
0.528653 3.03885e-06 1
0.52875 3.17255e-06 1
0.528848 3.35812e-06 1
0.528945 3.59637e-06 1
0.529043 3.88998e-06 2
0.52914 4.23951e-06 1
0.529237 4.64456e-06 1
0.529335 5.10445e-06 1
0.529432 5.61913e-06 1
0.52953 6.18824e-06 1
0.529627 6.8119e-06 2
0.529725 7.48968e-06 1
0.529822 8.22162e-06 1
0.52992 9.0043e-06 1
0.530017 9.83969e-06 4
0.530114 1.0729e-05 1
0.530212 1.16724e-05 1
0.530309 1.26695e-05 1
0.530407 1.37202e-05 1
0.530504 1.48243e-05 1
0.530602 1.59819e-05 1
0.530699 1.71924e-05 2
0.530797 1.84557e-05 4
0.530894 1.97716e-05 1
0.530991 2.11399e-05 1
0.531089 2.25603e-05 1
0.531186 2.40325e-05 1
0.531284 2.55563e-05 1
0.531381 2.71311e-05 1
0.531479 2.87563e-05 5
0.531576 3.04316e-05 1
0.531674 3.21561e-05 1
0.531771 3.39293e-05 1
0.531868 3.57508e-05 1
0.531966 3.762e-05 1
0.532063 3.95366e-05 1
0.532161 4.15002e-05 2
0.532258 4.35104e-05 1
0.532356 4.55668e-05 1
0.532453 4.76689e-05 1
0.532551 4.98165e-05 4
0.532648 5.20092e-05 1
0.532745 5.42464e-05 2
0.532843 5.65277e-05 2
0.53294 5.88526e-05 1
0.533038 6.12207e-05 1
0.533135 6.36316e-05 1
0.533233 6.60848e-05 1
0.53333 6.85795e-05 1
0.533428 7.11154e-05 1
0.533525 7.36917e-05 1
0.533623 7.63078e-05 4
0.53372 7.8963e-05 1
0.533817 8.16564e-05 1
0.533915 8.43873e-05 1
0.534012 8.7155e-05 1
0.53411 8.99587e-05 1
0.534207 9.27979e-05 1
0.534305 9.56715e-05 2
0.534402 9.85792e-05 1
0.5345 0.00010152 1
0.534597 0.000104495 1
0.534694 0.000107501 1
0.534792 0.000110539 1
0.534889 0.000113608 1
0.534987 0.000116708 1
0.535084 0.000119838 1
0.535182 0.000122997 4
0.535279 0.000126185 1
0.535377 0.000129401 2
0.535474 0.000132644 4
0.535571 0.000135915 1
0.535669 0.000139211 1
0.535766 0.000142532 2
0.535864 0.000145877 1
0.535961 0.000149245 1
0.536059 0.00015263 1
0.536156 0.000156036 2
0.536254 0.000159463 1
0.536351 0.000162913 2
0.536448 0.000166381 1
0.536546 0.000169869 1
0.536643 0.000173373 1
0.536741 0.000176894 1
0.536838 0.00018043 2
0.536936 0.000183983 5
0.537033 0.000187551 2
0.537131 0.000191134 1
0.537228 0.000194729 5
0.537325 0.000198328 2
0.537423 0.000201935 2
0.53752 0.000205554 2
0.537618 0.000209182 4
0.537715 0.000212821 1
0.537813 0.000216468 1
0.53791 0.000220124 1
0.538008 0.000223789 1
0.538105 0.000227453 2
0.538203 0.00023112 1
0.5383 0.000234794 1
0.538397 0.000238471 2
0.538495 0.000242151 1
0.538592 0.000245831 1
0.53869 0.000249511 1
0.538787 0.00025319 1
0.538885 0.000256866 1
0.538982 0.00026054 4
0.53908 0.000264211 1
0.539177 0.000267878 1
0.539274 0.000271543 4
0.539372 0.000275203 2
0.539469 0.000278857 1
0.539567 0.000282502 1
0.539664 0.000286133 2
0.539762 0.000289752 2
0.539859 0.000293383 1
0.539957 0.000296935 1
0.540054 0.00030052 4
0.540151 0.000304095 1
0.540249 0.000307659 1
0.540346 0.000311208 2
0.540444 0.000314741 1
0.540541 0.000318255 1
0.540639 0.000321752 1
0.540736 0.000325231 1
0.540834 0.000328693 1
0.540931 0.000332138 2
0.541028 0.000335565 1
0.541126 0.000338973 1
0.541223 0.00034236 1
0.541321 0.000345727 2
0.541418 0.000349071 2
0.541516 0.000352391 1
0.541613 0.000355687 1
0.541711 0.000358957 1
0.541808 0.000362204 1
0.541905 0.000365426 1
0.542003 0.00036862 1
0.5421 0.000371784 1
0.542198 0.000374921 1
0.542295 0.000378031 1
0.542393 0.000381114 3
0.54249 0.000384164 1
0.542588 0.000387184 1
0.542685 0.000390172 4
0.542782 0.000393132 4
0.54288 0.000396058 1
0.542977 0.00039895 1
0.543075 0.000401809 1
0.543172 0.000404632 1
0.54327 0.000407418 5
0.543367 0.000410168 1
0.543465 0.000412881 1
0.543562 0.000415559 1
0.54366 0.000418201 1
0.543757 0.000420806 1
0.543854 0.00042337 1
0.543952 0.000425894 1
0.544049 0.000428376 1
0.544147 0.000430819 4
0.544244 0.000433226 1
0.544342 0.000435591 1
0.544439 0.00043791 1
0.544537 0.000440181 2
0.544634 0.000442407 1
0.544731 0.000444588 1
0.544829 0.000446725 4
0.544926 0.000448815 4
0.545024 0.000450859 4
0.545121 0.000452855 1
0.545219 0.000454909 1
0.545316 0.000456709 1
0.545414 0.000458564 3
0.545511 0.000460363 2
0.545608 0.000462113 1
0.545706 0.000463815 4
0.545803 0.000465471 1
0.545901 0.000467076 1
0.545998 0.000468632 1
0.546096 0.00047014 3
0.546193 0.000471592 2
0.546291 0.000473013 1
0.546388 0.000474357 1
0.546485 0.000475658 1
0.546583 0.000476908 1
0.54668 0.000478107 5
0.546778 0.000479255 1
0.546875 0.000480345 1
0.546973 0.000481383 1
0.54707 0.000482368 1
0.547168 0.000483301 1
0.547265 0.00048418 4
0.547362 0.000485006 1
0.54746 0.00048577 1
0.547557 0.000486483 1
0.547655 0.000487143 1
0.547752 0.000487753 1
0.54785 0.000488309 4
0.547947 0.00048881 1
0.548045 0.000489256 1
0.548142 0.000489647 1
0.54824 0.000489987 4
0.548337 0.000490272 1
0.548434 0.000490502 1
0.548532 0.000490679 1
0.548629 0.000490801 4
0.548727 0.000490864 1
0.548824 0.000490866 1
0.548922 0.000490808 1
0.549019 0.000490695 1
0.549117 0.00049053 4
0.549214 0.000490305 4
0.549311 0.000490025 1
0.549409 0.000489693 1
0.549506 0.000489305 1
0.549604 0.000488862 4
0.549701 0.000488362 1
0.549799 0.000487807 1
0.549896 0.000487198 1
0.549994 0.000486536 4
0.550091 0.000485821 1
0.550188 0.000485047 1
0.550286 0.000484216 1
0.550383 0.000483333 1
0.550481 0.000482399 4
0.550578 0.000481408 1
0.550676 0.000480361 1
0.550773 0.000479262 1
0.550871 0.00047811 1
0.550968 0.000476904 1
0.551065 0.000475695 1
0.551163 0.000474384 5
0.55126 0.000473022 1
0.551358 0.000471608 1
0.551455 0.000470141 1
0.551553 0.000468625 1
0.55165 0.000467057 1
0.551748 0.000465442 3
0.551845 0.000463772 2
0.551942 0.000462055 1
0.55204 0.00046029 1
0.552137 0.000458477 1
0.552235 0.000456616 5
0.552332 0.000454708 4
0.55243 0.000452752 1
0.552527 0.000450751 1
0.552625 0.000448703 1
0.552722 0.00044661 1
0.55282 0.000444471 1
0.552917 0.000442286 4
0.553014 0.000440055 1
0.553112 0.000437781 2
0.553209 0.000435456 1
0.553307 0.000433096 4
0.553404 0.000430695 1
0.553502 0.000428157 1
0.553599 0.00042567 4
0.553697 0.000423146 1
0.553794 0.000420583 1
0.553891 0.000417979 1
0.553989 0.000415339 1
0.554086 0.000412662 1
0.554184 0.000409949 1
0.554281 0.000407199 4
0.554379 0.000404409 1
0.554476 0.000401582 1
0.554574 0.000398717 2
0.554671 0.000395817 1
0.554768 0.000392882 1
0.554866 0.000389915 1
0.554963 0.000386918 4
0.555061 0.000383888 1
0.555158 0.000380829 1
0.555256 0.000377738 2
0.555353 0.000374619 4
0.555451 0.000371475 1
0.555548 0.000368302 2
0.555645 0.0003651 2
0.555743 0.000361866 1
0.55584 0.000358606 2
0.555938 0.000355326 2
0.556035 0.000352023 1
0.556133 0.000348699 2
0.55623 0.000345354 1
0.556328 0.000341987 2
0.556425 0.0003386 1
0.556522 0.000335194 1
0.55662 0.000331764 1
0.556717 0.000328316 1
0.556815 0.000324852 1
0.556912 0.000321372 2
0.55701 0.000317877 1
0.557107 0.000314365 1
0.557205 0.000310837 1
0.557302 0.000307294 1
0.5574 0.000303737 2
0.557497 0.000300165 1
0.557594 0.000296582 1
0.557692 0.000292987 1
0.557789 0.000289381 1
0.557887 0.000285765 1
0.557984 0.000282141 3
0.558082 0.000278509 1
0.558179 0.000274869 1
0.558277 0.000271221 1
0.558374 0.000267565 1
0.558471 0.000263903 1
0.558569 0.000260239 3
0.558666 0.00025657 1
0.558764 0.000252893 4
0.558861 0.000249224 1
0.558959 0.000245552 1
0.559056 0.000241885 2
0.559154 0.000238222 2
0.559251 0.00023456 1
0.559348 0.0002309 1
0.559446 0.000227243 2
0.559543 0.000223592 1
0.559641 0.000219947 1
0.559738 0.000216308 1
0.559836 0.000212676 1
0.559933 0.000209052 1
0.560031 0.000205437 1
0.560128 0.000201832 4
0.560225 0.000198238 2
0.560323 0.000194653 4
0.56042 0.000191081 1
0.560518 0.00018752 1
0.560615 0.000183971 2
0.560713 0.000180437 4
0.56081 0.000176917 2
0.560908 0.00017341 4
0.561005 0.00016992 1
0.561102 0.000166447 2
0.5612 0.000162992 3
0.561297 0.000159556 3
0.561395 0.000156142 1
0.561492 0.000152751 1
0.56159 0.000149383 1
0.561687 0.000146039 1
0.561785 0.000142719 1
0.561882 0.000139423 2
0.56198 0.000136149 1
0.562077 0.0001329 1
0.562174 0.000129675 1
0.562272 0.000126475 1
0.562369 0.0001233 4
0.562467 0.000120151 1
0.562564 0.00011703 2
0.562662 0.000113938 1
0.562759 0.000110875 1
0.562857 0.000107842 4
0.562954 0.000104842 1
0.563051 0.000101874 1
0.563149 9.89391e-05 1
0.563246 9.60387e-05 1
0.563344 9.31733e-05 1
0.563441 9.03437e-05 1
0.563539 8.75503e-05 1
0.563636 8.47938e-05 2
0.563734 8.20747e-05 2
0.563831 7.93934e-05 1
0.563928 7.67507e-05 1
0.564026 7.41469e-05 4
0.564123 7.15826e-05 1
0.564221 6.9058e-05 1
0.564318 6.65736e-05 2
0.564416 6.41295e-05 1
0.564513 6.17257e-05 1
0.564611 5.93626e-05 1
0.564708 5.70403e-05 1
0.564805 5.47591e-05 1
0.564903 5.25195e-05 1
0.565 5.03222e-05 1
0.565098 4.81678e-05 4
0.565195 4.60574e-05 2
0.565293 4.39919e-05 1
0.56539 4.1972e-05 1
0.565488 3.99987e-05 1
0.565585 3.80728e-05 1
0.565682 3.61947e-05 1
0.56578 3.43649e-05 1
0.565877 3.25838e-05 1
0.565975 3.08518e-05 1
0.566072 2.91691e-05 1
0.56617 2.7536e-05 1
0.566267 2.5953e-05 5
0.566365 2.44202e-05 1
0.566462 2.29382e-05 1
0.566559 2.15077e-05 1
0.566657 2.01286e-05 1
0.566754 1.88012e-05 1
0.566852 1.75251e-05 2
0.566949 1.63036e-05 1
0.567047 1.51375e-05 1
0.567144 1.4025e-05 1
0.567242 1.29645e-05 1
0.567339 1.1955e-05 1
0.567437 1.09885e-05 1
0.567534 1.00684e-05 2
0.567631 9.20907e-06 1
0.567729 8.40888e-06 1
0.567826 7.66309e-06 1
0.567924 6.97149e-06 2
0.568021 6.33276e-06 1
0.568119 5.74656e-06 1
0.568216 5.21337e-06 1
0.568314 4.72907e-06 1
0.568411 4.29593e-06 1
0.568508 3.92323e-06 1
0.568606 3.61061e-06 1
0.568703 3.35469e-06 1
0.568801 3.15308e-06 1
0.568898 3.00456e-06 1
0.568996 2.90848e-06 1
0.569093 2.86544e-06 1
0.569191 2.87448e-06 1
0.569288 2.93723e-06 1
0.569385 3.05599e-06 1
0.569483 3.23184e-06 1
0.56958 3.4642e-06 1
0.569678 3.75229e-06 1
0.569775 4.09461e-06 1
0.569873 4.49006e-06 1
0.56997 4.93766e-06 1
0.570068 5.43826e-06 1
0.570165 5.9934e-06 1
0.570262 6.60337e-06 1
0.57036 7.26778e-06 1
0.570457 7.98637e-06 1
0.570555 8.75883e-06 1
0.570652 9.58495e-06 1
0.57075 1.04645e-05 1
0.570847 1.13973e-05 1
0.570945 1.23833e-05 1
0.571042 1.34224e-05 1
0.571139 1.45145e-05 1
0.571237 1.56595e-05 1
0.571334 1.68572e-05 1
0.571432 1.81074e-05 1
0.571529 1.94097e-05 1
0.571627 2.07641e-05 1
0.571724 2.21701e-05 1
0.571822 2.36274e-05 1
0.571919 2.51357e-05 1
0.572017 2.66946e-05 1
0.572114 2.83035e-05 4
0.572211 2.9962e-05 1
0.572309 3.16661e-05 1
0.572406 3.34168e-05 1
0.572504 3.52155e-05 1
0.572601 3.70615e-05 1
0.572699 3.89547e-05 1
0.572796 4.08943e-05 1
0.572894 4.28802e-05 1
0.572991 4.49117e-05 1
0.573088 4.69885e-05 1
0.573186 4.91097e-05 1
0.573283 5.12752e-05 1
0.573381 5.34843e-05 1
0.573478 5.5737e-05 2
0.573576 5.80325e-05 4
0.573673 6.03709e-05 1
0.573771 6.27514e-05 1
0.573868 6.51736e-05 1
0.573965 6.76369e-05 1
0.574063 7.01408e-05 1
0.57416 7.26845e-05 1
0.574258 7.52675e-05 1
0.574355 7.78891e-05 2
0.574453 8.05488e-05 1
0.57455 8.32456e-05 4
0.574648 8.59792e-05 2
0.574745 8.87486e-05 1
0.574842 9.1553e-05 1
0.57494 9.43918e-05 1
0.575037 9.72641e-05 1
0.575135 0.000100169 2
0.575232 0.000103106 1
0.57533 0.000106075 1
0.575427 0.000109074 4
0.575525 0.000112103 1
0.575622 0.000115162 1
0.575719 0.00011825 1
0.575817 0.000121367 1
0.575914 0.000124511 2
0.576012 0.000127683 1
0.576109 0.000130882 1
0.576207 0.000134107 4
0.576304 0.000137357 1
0.576402 0.000140628 1
0.576499 0.00014392 1
0.576597 0.000147237 1
0.576694 0.000150581 1
0.576791 0.00015394 1
0.576889 0.000157322 1
0.576986 0.000160725 2
0.577084 0.000164146 1
0.577181 0.000167586 1
0.577279 0.000171042 1
0.577376 0.000174515 4
0.577474 0.000178005 5
0.577571 0.000181511 1
0.577668 0.000185025 4
0.577766 0.000188548 2
0.577863 0.000192084 1
0.577961 0.000195632 1
0.578058 0.00019919 2
0.578156 0.000202759 4
0.578253 0.00020634 4
0.578351 0.00020993 1
0.578448 0.000213529 1
0.578545 0.000217129 2
0.578643 0.000220732 1
0.57874 0.000224344 1
0.578838 0.000227961 2
0.578935 0.000231582 1
0.579033 0.000235206 1
0.57913 0.000238833 1
0.579228 0.00024246 1
0.579325 0.000246088 1
0.579422 0.000249715 1
0.57952 0.000253341 1
0.579617 0.000256966 4
0.579715 0.000260589 1
0.579812 0.000264209 5
0.57991 0.000267827 2
0.580007 0.000271438 1
0.580105 0.000275041 1
0.580202 0.000278631 2
0.580299 0.000282208 1
0.580397 0.000285775 1
0.580494 0.000289332 5
0.580592 0.000292879 2
0.580689 0.000296413 1
0.580787 0.000299936 2
0.580884 0.000303446 2
0.580982 0.00030694 1
0.581079 0.00031042 1
0.581177 0.000313884 1
0.581274 0.000317331 1
0.581371 0.000320762 1
0.581469 0.000324177 1
0.581566 0.000327576 1
0.581664 0.000330956 1
0.581761 0.000334317 1
0.581859 0.00033766 1
0.581956 0.000340982 1
0.582054 0.000344281 2
0.582151 0.000347557 2
0.582248 0.000350811 1
0.582346 0.000354041 1
0.582443 0.000357246 1
0.582541 0.000360426 1
0.582638 0.00036358 1
0.582736 0.000366702 1
0.582833 0.000369796 1
0.582931 0.000372865 1
0.583028 0.000375908 1
0.583125 0.000378931 3
0.583223 0.000381907 1
0.58332 0.000384858 1
0.583418 0.000387777 1
0.583515 0.000390667 3
0.583613 0.000393521 1
0.58371 0.000396341 1
0.583808 0.000399126 1
0.583905 0.000401876 1
0.584002 0.000404589 1
0.5841 0.000407266 1
0.584197 0.000409907 1
0.584295 0.000412513 4
0.584392 0.000415082 1
0.58449 0.000417614 1
0.584587 0.000420107 1
0.584685 0.000422561 1
0.584782 0.000424974 4
0.584879 0.000427351 3
0.584977 0.000429685 1
0.585074 0.000431974 2
0.585172 0.000434219 2
0.585269 0.000436423 1
0.585367 0.000438582 1
0.585464 0.000440697 2
0.585562 0.000442768 4
0.585659 0.000444793 2
0.585756 0.000446769 1
0.585854 0.000448698 1
0.585951 0.000450578 1
0.586049 0.000452409 1
0.586146 0.000454192 4
0.586244 0.000455928 1
0.586341 0.000457617 1
0.586439 0.000459258 1
0.586536 0.000460854 3
0.586634 0.000462396 4
0.586731 0.00046389 1
0.586828 0.000465334 1
0.586926 0.000466727 1
0.587023 0.00046807 1
0.587121 0.000469363 1
0.587218 0.000470605 5
0.587316 0.000471805 1
0.587413 0.000472941 1
0.587511 0.000474026 1
0.587608 0.00047506 1
0.587705 0.000476044 1
0.587803 0.000476975 1
0.5879 0.000477855 1
0.587998 0.000478681 1
0.588095 0.000479455 4
0.588193 0.000480173 1
0.58829 0.000480839 1
0.588388 0.000481441 4
0.588485 0.000481996 1
0.588582 0.000482508 1
0.58868 0.000482956 1
0.588777 0.000483344 4
0.588875 0.000483684 1
0.588972 0.000483971 1
0.58907 0.000484208 1
0.589167 0.000484393 1
0.589265 0.000484524 1
0.589362 0.000484597 4
0.589459 0.000484615 4
0.589557 0.000484574 1
0.589654 0.000484477 1
0.589752 0.000484323 4
0.589849 0.000484111 1
0.589947 0.000483846 1
0.590044 0.000483529 1
0.590142 0.000483158 1
0.590239 0.000482733 1
0.590336 0.000482252 4
0.590434 0.000481717 1
0.590531 0.000481128 1
0.590629 0.000480482 1
0.590726 0.000479782 4
0.590824 0.000479025 1
0.590921 0.000478214 1
0.591019 0.000477352 1
0.591116 0.000476438 4
0.591214 0.000475471 1
0.591311 0.000474449 1
0.591408 0.000473369 1
0.591506 0.000472241 1
0.591603 0.000471058 1
0.591701 0.000469823 1
0.591798 0.000468536 5
0.591896 0.000467197 1
0.591993 0.000465807 1
0.592091 0.000464366 1
0.592188 0.000462876 1
0.592285 0.000461337 1
0.592383 0.00045975 3
0.59248 0.000458111 2
0.592578 0.000456426 1
0.592675 0.000454693 1
0.592773 0.000452912 1
0.59287 0.000451082 4
0.592968 0.000449207 1
0.593065 0.000447285 4
0.593162 0.000445317 1
0.59326 0.000443302 4
0.593357 0.000441297 1
0.593455 0.000439189 1
0.593552 0.000437037 4
0.59365 0.000434839 1
0.593747 0.000432597 1
0.593845 0.000430313 1
0.593942 0.000427989 2
0.594039 0.000425624 1
0.594137 0.000423219 1
0.594234 0.000420772 1
0.594332 0.000418285 4
0.594429 0.00041576 1
0.594527 0.000413196 1
0.594624 0.000410594 1
0.594722 0.000407954 1
0.594819 0.000405278 1
0.594916 0.000402564 1
0.595014 0.000399814 1
0.595111 0.000397026 2
0.595209 0.000394202 4
0.595306 0.00039134 2
0.595404 0.000388443 1
0.595501 0.000385514 2
0.595599 0.000382553 1
0.595696 0.000379562 1
0.595794 0.000376543 4
0.595891 0.000373495 4
0.595988 0.000370416 2
0.596086 0.00036731 5
0.596183 0.000364178 1
0.596281 0.000361016 2
0.596378 0.000357828 1
0.596476 0.000354616 2
0.596573 0.000351381 2
0.596671 0.000348121 1
0.596768 0.000344842 2
0.596865 0.000341542 1
0.596963 0.000338222 2
0.59706 0.000334883 1
0.597158 0.000331523 1
0.597255 0.000328146 1
0.597353 0.000324751 2
0.59745 0.000321337 1
0.597548 0.000317906 1
0.597645 0.000314457 1
0.597742 0.000310991 1
0.59784 0.000307509 1
0.597937 0.000304011 1
0.598035 0.0003005 1
0.598132 0.000296975 1
0.59823 0.000293437 1
0.598327 0.000289888 1
0.598425 0.000286327 3
0.598522 0.000282756 1
0.598619 0.000279176 1
0.598717 0.000275587 1
0.598814 0.000271989 1
0.598912 0.000268384 1
0.599009 0.000264773 1
0.599107 0.000261157 1
0.599204 0.000257535 3
0.599302 0.00025391 1
0.599399 0.000250285 1
0.599496 0.000246658 1
0.599594 0.00024303 1
0.599691 0.000239404 4
0.599789 0.00023582 1
0.599886 0.000232158 1
0.599984 0.000228542 2
0.600081 0.000224929 1
0.600179 0.00022132 1
0.600276 0.000217715 1
0.600374 0.000214117 1
0.600471 0.000210524 1
0.600568 0.000206938 1
0.600666 0.00020336 1
0.600763 0.000199791 1
0.600861 0.00019623 4
0.600958 0.000192683 1
0.601056 0.000189147 2
0.601153 0.000185621 4
0.601251 0.000182108 1
0.601348 0.000178607 1
0.601445 0.000175122 5
0.601543 0.000171651 6
0.60164 0.000168195 1
0.601738 0.000164759 1
0.601835 0.000161345 2
0.601933 0.000157914 5
0.60203 0.00015454 2
0.602128 0.000151187 2
0.602225 0.000147856 1
0.602322 0.00014455 2
0.60242 0.000141268 1
0.602517 0.000138011 2
0.602615 0.000134777 1
0.602712 0.000131565 1
0.60281 0.000128376 1
0.602907 0.00012521 1
0.603005 0.000122068 4
0.603102 0.000118952 1
0.603199 0.000115862 2
0.603297 0.0001128 2
0.603394 0.000109768 1
0.603492 0.000106767 1
0.603589 0.000103798 1
0.603687 0.000100862 4
0.603784 9.7959e-05 1
0.603882 9.50898e-05 2
0.603979 9.22555e-05 1
0.604076 8.94566e-05 1
0.604174 8.6694e-05 1
0.604271 8.39683e-05 1
0.604369 8.12801e-05 1
0.604466 7.86296e-05 1
0.604564 7.6017e-05 1
0.604661 7.34425e-05 1
0.604759 7.09062e-05 1
0.604856 6.84083e-05 1
0.604953 6.59493e-05 4
0.605051 6.35297e-05 2
0.605148 6.11518e-05 1
0.605246 5.88124e-05 1
0.605343 5.65139e-05 1
0.605441 5.42569e-05 1
0.605538 5.20418e-05 1
0.605636 4.98691e-05 1
0.605733 4.77392e-05 1
0.605831 4.56528e-05 1
0.605928 4.36107e-05 1
0.606025 4.16138e-05 1
0.606123 3.96628e-05 1
0.60622 3.77588e-05 1
0.606318 3.59026e-05 1
0.606415 3.40948e-05 4
0.606513 3.23358e-05 1
0.60661 3.06261e-05 1
0.606708 2.89657e-05 1
0.606805 2.73547e-05 1
0.606902 2.57932e-05 1
0.607 2.42812e-05 2
0.607097 2.28191e-05 1
0.607195 2.1407e-05 1
0.607292 2.00451e-05 1
0.60739 1.87335e-05 1
0.607487 1.74727e-05 2
0.607585 1.62627e-05 1
0.607682 1.51039e-05 5
0.607779 1.39962e-05 1
0.607877 1.294e-05 1
0.607974 1.19353e-05 2
0.608072 1.09825e-05 1
0.608169 1.00816e-05 1
0.608267 9.233e-06 1
0.608364 8.43687e-06 1
0.608462 7.69358e-06 1
0.608559 7.00332e-06 1
0.608656 6.36659e-06 1
0.608754 5.78345e-06 1
0.608851 5.25439e-06 2
0.608949 4.77949e-06 1
0.609046 4.35894e-06 1
0.609144 3.99274e-06 1
0.609241 3.68111e-06 4
0.609339 3.42395e-06 1
0.609436 3.22129e-06 1
0.609533 3.07304e-06 1
0.609631 2.97927e-06 1
0.609728 2.93982e-06 1
0.609826 2.95483e-06 1
0.609923 3.02409e-06 2
0.610021 3.14769e-06 1
0.610118 3.32544e-06 1
0.610216 3.55736e-06 1
0.610313 3.84309e-06 1
0.610411 4.18272e-06 1
0.610508 4.57582e-06 4
0.610605 5.02242e-06 1
0.610703 5.52228e-06 1
0.6108 6.07545e-06 1
0.610898 6.68158e-06 1
0.610995 7.34086e-06 1
0.611093 8.05285e-06 2
0.61119 8.81775e-06 1
0.611288 9.63524e-06 1
0.611385 1.05054e-05 1
0.611482 1.14278e-05 2
0.61158 1.24025e-05 1
0.611677 1.34292e-05 1
0.611775 1.45078e-05 1
0.611872 1.5638e-05 5
0.61197 1.68197e-05 1
0.612067 1.80526e-05 1
0.612165 1.93367e-05 2
0.612262 2.06715e-05 1
0.612359 2.20568e-05 1
0.612457 2.34922e-05 1
0.612554 2.49773e-05 1
0.612652 2.65116e-05 1
0.612749 2.80947e-05 1
0.612847 2.97259e-05 2
0.612944 3.14049e-05 1
0.613042 3.3131e-05 1
0.613139 3.4904e-05 1
0.613236 3.6723e-05 1
0.613334 3.85879e-05 1
0.613431 4.0498e-05 4
0.613529 4.24532e-05 1
0.613626 4.4453e-05 1
0.613724 4.64972e-05 2
0.613821 4.85853e-05 1
0.613919 5.07171e-05 1
0.614016 5.28922e-05 1
0.614113 5.51104e-05 1
0.614211 5.7371e-05 1
0.614308 5.96739e-05 1
0.614406 6.20183e-05 1
0.614503 6.4404e-05 2
0.614601 6.68302e-05 1
0.614698 6.92963e-05 4
0.614796 7.18017e-05 1
0.614893 7.43456e-05 1
0.614991 7.69273e-05 2
0.615088 7.95462e-05 1
0.615185 8.22015e-05 1
0.615283 8.48926e-05 1
0.61538 8.76187e-05 1
0.615478 9.0379e-05 1
0.615575 9.3173e-05 1
0.615673 9.59999e-05 1
0.61577 9.88592e-05 1
0.615868 0.00010175 1
0.615965 0.000104675 1
0.616062 0.000107627 4
0.61616 0.00011061 1
0.616257 0.000113623 2
0.616355 0.000116665 1
0.616452 0.000119735 1
0.61655 0.000122834 2
0.616647 0.000125959 4
0.616745 0.000129115 2
0.616842 0.000132277 1
0.616939 0.000135477 1
0.617037 0.000138699 1
0.617134 0.000141944 1
0.617232 0.000145214 1
0.617329 0.000148507 1
0.617427 0.00015182 1
0.617524 0.000155155 2
0.617622 0.00015851 1
0.617719 0.000161883 1
0.617816 0.000165274 4
0.617914 0.000168683 1
0.618011 0.00017211 1
0.618109 0.000175548 5
0.618206 0.000178999 5
0.618304 0.000182463 2
0.618401 0.00018594 1
0.618499 0.000189429 1
0.618596 0.000192923 4
0.618693 0.000196428 1
0.618791 0.000199947 1
0.618888 0.000203476 4
0.618986 0.000207015 1
0.619083 0.000210562 1
0.619181 0.000214116 1
0.619278 0.000217676 1
0.619376 0.000221241 1
0.619473 0.00022481 1
0.619571 0.000228383 2
0.619668 0.000231959 1
0.619765 0.000235538 1
0.619863 0.00023912 1
0.61996 0.000242704 1
0.620058 0.000246288 4
0.620155 0.000249872 1
0.620253 0.000253455 1
0.62035 0.000257036 2
0.620448 0.000260613 4
0.620545 0.000264185 1
0.620642 0.000267749 1
0.62074 0.0002713 2
0.620837 0.00027484 1
0.620935 0.000278373 1
0.621032 0.000281898 2
0.62113 0.000285414 1
0.621227 0.000288922 4
0.621325 0.00029242 2
0.621422 0.000295909 1
0.621519 0.000299382 2
0.621617 0.000302838 1
0.621714 0.00030628 1
0.621812 0.000309707 1
0.621909 0.00031312 2
0.622007 0.000316518 1
0.622104 0.0003199 2
0.622202 0.000323266 1
0.622299 0.000326612 1
0.622396 0.00032994 1
0.622494 0.000333246 1
0.622591 0.000336532 1
0.622689 0.000339796 1
0.622786 0.000343038 1
0.622884 0.000346255 1
0.622981 0.000349449 1
0.623079 0.000352619 1
0.623176 0.000355763 1
0.623273 0.00035888 1
0.623371 0.000361969 1
0.623468 0.000365031 1
0.623566 0.000368068 3
0.623663 0.000371076 1
0.623761 0.000374064 1
0.623858 0.000377007 3
0.623956 0.000379929 3
0.624053 0.000382818 1
0.62415 0.000385763 1
0.624248 0.000388499 1
0.624345 0.000391291 1
0.624443 0.000394048 1
0.62454 0.00039677 4
0.624638 0.000399457 1
0.624735 0.00040211 1
0.624833 0.000404729 1
0.62493 0.00040731 1
0.625028 0.000409855 1
0.625125 0.00041236 1
0.625222 0.000414824 1
0.62532 0.00041725 1
0.625417 0.000419636 4
0.625515 0.000421986 1
0.625612 0.000424295 1
0.62571 0.00042656 1
0.625807 0.000428779 2
0.625905 0.000430953 1
0.626002 0.000433083 1
0.626099 0.00043517 4
0.626197 0.00043721 4
0.626294 0.000439204 2
0.626392 0.000441153 4
0.626489 0.000443055 1
0.626587 0.000444911 1
0.626684 0.000446723 3
0.626782 0.000448482 2
0.626879 0.000450194 4
0.626976 0.00045186 1
0.627074 0.000453477 1
0.627171 0.000455046 1
0.627269 0.00045657 3
0.627366 0.000458036 2
0.627464 0.000459457 1
0.627561 0.000460829 1
0.627659 0.000462151 1
0.627756 0.000463423 1
0.627853 0.000464646 1
0.627951 0.000465819 5
0.628048 0.000466941 1
0.628146 0.000468007 1
0.628243 0.00046902 1
0.628341 0.000469983 1
0.628438 0.000470894 1
0.628536 0.000471753 1
0.628633 0.00047256 4
0.62873 0.000473315 1
0.628828 0.000474016 1
0.628925 0.00047466 1
0.629023 0.000475252 4
0.62912 0.000475794 1
0.629218 0.000476284 1
0.629315 0.00047672 1
0.629413 0.000477103 1
0.62951 0.000477428 4
0.629608 0.000477708 1
0.629705 0.000477934 1
0.629802 0.000478107 1
0.6299 0.000478225 1
0.629997 0.000478288 4
0.630095 0.000478293 1
0.630192 0.000478288 1
0.63029 0.000478185 1
0.630387 0.000478028 4
0.630485 0.000477808 4
0.630582 0.000477535 1
0.630679 0.000477211 1
0.630777 0.000476834 1
0.630874 0.000476402 1
0.630972 0.000475917 4
0.631069 0.000475379 1
0.631167 0.000474788 1
0.631264 0.000474143 1
0.631362 0.000473445 1
0.631459 0.00047269 4
0.631556 0.000471883 1
0.631654 0.000471025 1
0.631751 0.000470117 4
0.631849 0.000469158 1
0.631946 0.000468147 1
0.632044 0.000467085 1
0.632141 0.00046597 1
0.632239 0.000464803 1
0.632336 0.000463583 1
0.632433 0.000462312 5
0.632531 0.000460991 1
0.632628 0.00045962 1
0.632726 0.000458199 1
0.632823 0.00045673 1
0.632921 0.000455211 1
0.633018 0.000453645 1
0.633116 0.000452031 1
0.633213 0.00045037 4
0.63331 0.000448661 1
0.633408 0.000446904 1
0.633505 0.0004451 1
0.633603 0.000443249 4
0.6337 0.000441352 1
0.633798 0.00043941 1
0.633895 0.000437424 1
0.633993 0.000435395 1
0.63409 0.000433321 1
0.634188 0.000431203 4
0.634285 0.00042904 1
0.634382 0.000426835 1
0.63448 0.000424587 1
0.634577 0.000422299 1
0.634675 0.000419971 1
0.634772 0.000417603 1
0.63487 0.000415195 4
0.634967 0.00041275 4
0.635065 0.000410267 1
0.635162 0.000407745 1
0.635259 0.000405185 1
0.635357 0.000402587 1
0.635454 0.000399954 1
0.635552 0.000397286 4
0.635649 0.000394577 1
0.635747 0.000391835 1
0.635844 0.000389058 2
0.635942 0.000386245 1
0.636039 0.000383397 1
0.636136 0.000380517 1
0.636234 0.000377606 1
0.636331 0.000374665 4
0.636429 0.000371693 1
0.636526 0.000368693 1
0.636624 0.000365675 1
0.636721 0.000362618 4
0.636819 0.000359535 2
0.636916 0.000356428 1
0.637013 0.000353295 1
0.637111 0.000350131 1
0.637208 0.000346941 1
0.637306 0.000343731 1
0.637403 0.000340502 1
0.637501 0.000337253 2
0.637598 0.000333984 1
0.637696 0.000330695 2
0.637793 0.000327387 1
0.63789 0.000324056 1
0.637988 0.000320706 1
0.638085 0.000317341 2
0.638183 0.000313961 1
0.63828 0.000310565 1
0.638378 0.000307152 1
0.638475 0.000303723 1
0.638573 0.000300278 1
0.63867 0.000296819 1
0.638768 0.000293344 1
0.638865 0.000289857 1
0.638962 0.000286358 1
0.63906 0.000282849 1
0.639157 0.000279331 1
0.639255 0.000275804 1
0.639352 0.000272268 3
0.63945 0.000268725 1
0.639547 0.000265175 1
0.639645 0.000261619 1
0.639742 0.000258057 1
0.639839 0.000254488 1
0.639937 0.000250915 1
0.640034 0.000247342 3
0.640132 0.000243765 1
0.640229 0.000240187 1
0.640327 0.00023661 4
0.640424 0.000233035 1
0.640522 0.000229465 1
0.640619 0.000225898 2
0.640716 0.000222289 1
0.640814 0.000218729 1
0.640911 0.000215175 1
0.641009 0.000211622 1
0.641106 0.000208075 1
0.641204 0.000204538 1
0.641301 0.00020101 2
0.641399 0.000197489 1
0.641496 0.000193976 1
0.641593 0.000190471 1
0.641691 0.000186978 4
0.641788 0.000183497 4
0.641886 0.000180029 1
0.641983 0.000176575 2
0.642081 0.000173136 2
0.642178 0.000169711 3
0.642276 0.000166303 2
0.642373 0.000162913 5
0.64247 0.000159545 1
0.642568 0.000156195 1
0.642665 0.000152864 4
0.642763 0.000149551 1
0.64286 0.000146261 1
0.642958 0.000142996 1
0.643055 0.000139755 1
0.643153 0.000136537 1
0.64325 0.000133343 2
0.643347 0.000130172 1
0.643445 0.000127024 2
0.643542 0.000123899 1
0.64364 0.000120794 1
0.643737 0.000117715 4
0.643835 0.000114663 1
0.643932 0.000111638 2
0.64403 0.000108642 2
0.644127 0.000105675 1
0.644225 0.000102739 2
0.644322 9.98343e-05 1
0.644419 9.69625e-05 1
0.644517 9.4124e-05 1
0.644614 9.13198e-05 4
0.644712 8.85509e-05 1
0.644809 8.58182e-05 1
0.644907 8.31222e-05 1
0.645004 8.04638e-05 2
0.645102 7.78431e-05 1
0.645199 7.52604e-05 1
0.645296 7.27155e-05 1
0.645394 7.02085e-05 1
0.645491 6.77395e-05 4
0.645589 6.5309e-05 2
0.645686 6.29173e-05 1
0.645784 6.05648e-05 1
0.645881 5.82521e-05 1
0.645979 5.59796e-05 1
0.646076 5.37478e-05 1
0.646173 5.1557e-05 1
0.646271 4.94077e-05 1
0.646368 4.73003e-05 1
0.646466 4.52354e-05 1
0.646563 4.32138e-05 1
0.646661 4.12364e-05 1
0.646758 3.93042e-05 4
0.646856 3.74183e-05 2
0.646953 3.55797e-05 1
0.64705 3.37889e-05 1
0.647148 3.20468e-05 1
0.647245 3.03536e-05 1
0.647343 2.87097e-05 1
0.64744 2.7115e-05 1
0.647538 2.55697e-05 1
0.647635 2.40739e-05 1
0.647733 2.26277e-05 1
0.64783 2.12311e-05 1
0.647927 1.98844e-05 1
0.648025 1.85875e-05 1
0.648122 1.73411e-05 1
0.64822 1.61454e-05 1
0.648317 1.50005e-05 1
0.648415 1.39061e-05 5
0.648512 1.28622e-05 2
0.64861 1.18689e-05 1
0.648707 1.09266e-05 1
0.648805 1.00354e-05 1
0.648902 9.19588e-06 1
0.648999 8.40815e-06 1
0.649097 7.67583e-06 1
0.649194 7.00011e-06 1
0.649292 6.37929e-06 1
0.649389 5.80433e-06 1
0.649487 5.2755e-06 1
0.649584 4.80125e-06 1
0.649682 4.38438e-06 1
0.649779 4.02576e-06 1
0.649876 3.72467e-06 2
0.649974 3.47963e-06 1
0.650071 3.2825e-06 1
0.650169 3.13172e-06 1
0.650266 3.03458e-06 1
0.650364 2.99382e-06 2
0.650461 3.00818e-06 1
0.650559 3.07617e-06 1
0.650656 3.19979e-06 1
0.650753 3.38032e-06 1
0.650851 3.61165e-06 2
0.650948 3.89007e-06 1
0.651046 4.21997e-06 1
0.651143 4.60438e-06 1
0.651241 5.04299e-06 1
0.651338 5.53433e-06 1
0.651436 6.07815e-06 1
0.651533 6.67421e-06 2
0.65163 7.3224e-06 1
0.651728 8.0224e-06 1
0.651825 8.77421e-06 1
0.651923 9.57761e-06 1
0.65202 1.04328e-05 2
0.652118 1.13397e-05 1
0.652215 1.22983e-05 1
0.652313 1.33084e-05 1
0.65241 1.43666e-05 1
0.652507 1.54744e-05 5
0.652605 1.66334e-05 2
0.652702 1.78437e-05 1
0.6528 1.91049e-05 1
0.652897 2.04168e-05 1
0.652995 2.17791e-05 1
0.653092 2.31915e-05 1
0.65319 2.46534e-05 1
0.653287 2.61643e-05 1
0.653385 2.77234e-05 1
0.653482 2.93304e-05 1
0.653579 3.09845e-05 1
0.653677 3.26853e-05 1
0.653774 3.44321e-05 1
0.653872 3.62247e-05 1
0.653969 3.80622e-05 1
0.654067 3.99445e-05 4
0.654164 4.18709e-05 2
0.654262 4.38411e-05 1
0.654359 4.58549e-05 1
0.654456 4.79118e-05 1
0.654554 5.00117e-05 1
0.654651 5.21542e-05 1
0.654749 5.43391e-05 1
0.654846 5.6566e-05 1
0.654944 5.88346e-05 1
0.655041 6.11444e-05 1
0.655139 6.34949e-05 1
0.655236 6.58854e-05 4
0.655333 6.83157e-05 1
0.655431 7.07848e-05 1
0.655528 7.32922e-05 1
0.655626 7.58369e-05 2
0.655723 7.84184e-05 1
0.655821 8.1036e-05 1
0.655918 8.36889e-05 1
0.656016 8.63764e-05 1
0.656113 8.90978e-05 1
0.65621 9.18524e-05 1
0.656308 9.46396e-05 1
0.656405 9.74586e-05 1
0.656503 0.000100309 4
0.6566 0.00010319 1
0.656698 0.000106101 1
0.656795 0.000109042 2
0.656893 0.000112012 1
0.65699 0.00011501 1
0.657087 0.000118036 4
0.657185 0.00012109 1
0.657282 0.000124171 1
0.65738 0.000127278 1
0.657477 0.000130407 1
0.657575 0.000133542 1
0.657672 0.000136717 2
0.65777 0.000139917 1
0.657867 0.000143141 1
0.657965 0.000146386 1
0.658062 0.000149654 2
0.658159 0.000152942 1
0.658257 0.000156248 1
0.658354 0.000159573 2
0.658452 0.000162915 2
0.658549 0.000166274 4
0.658647 0.000169652 1
0.658744 0.000173046 4
0.658842 0.000176449 2
0.658939 0.000179863 2
0.659036 0.000183289 2
0.659134 0.000186727 1
0.659231 0.000190175 4
0.659329 0.000193635 4
0.659426 0.000197107 1
0.659524 0.000200589 1
0.659621 0.000204082 2
0.659719 0.000207584 1
0.659816 0.000211094 1
0.659913 0.00021461 1
0.660011 0.000218132 1
0.660108 0.000221659 1
0.660206 0.000225181 1
0.660303 0.000228705 1
0.660401 0.000232233 1
0.660498 0.000235765 1
0.660596 0.000239298 1
0.660693 0.000242832 1
0.66079 0.000246367 4
0.660888 0.0002499 2
0.660985 0.000253433 4
0.661083 0.000256962 1
0.66118 0.000260487 1
0.661278 0.000264004 2
0.661375 0.000267509 1
0.661473 0.000271003 1
0.66157 0.000274491 1
0.661667 0.00027797 4
0.661765 0.000281441 1
0.661862 0.000284901 1
0.66196 0.000288349 1
0.662057 0.000291785 2
0.662155 0.000295209 2
0.662252 0.00029862 1
0.66235 0.000302015 1
0.662447 0.000305396 1
0.662544 0.000308762 2
0.662642 0.000312112 1
0.662739 0.000315446 1
0.662837 0.000318764 1
0.662934 0.000322067 1
0.663032 0.000325351 1
0.663129 0.000328615 1
0.663227 0.000331858 1
0.663324 0.000335081 1
0.663422 0.000338283 1
0.663519 0.000341463 1
0.663616 0.00034462 1
0.663714 0.000347754 1
0.663811 0.000350859 1
0.663909 0.000353938 1
0.664006 0.000356993 1
0.664104 0.000360022 1
0.664201 0.000363027 1
0.664299 0.000366005 3
0.664396 0.00036895 3
0.664493 0.000371864 1
0.664591 0.000374747 1
0.664688 0.000377603 3
0.664786 0.000380424 1
0.664883 0.000383214 1
0.664981 0.000385971 1
0.665078 0.000388694 1
0.665176 0.000391381 1
0.665273 0.000394033 1
0.66537 0.00039665 4
0.665468 0.000399233 1
0.665565 0.000401782 1
0.665663 0.000404296 1
0.66576 0.000406772 1
0.665858 0.000409211 1
0.665955 0.000411611 1
0.666053 0.000413973 4
0.66615 0.000416298 1
0.666247 0.000418582 4
0.666345 0.000420822 1
0.666442 0.000423015 2
0.66654 0.000425168 1
0.666637 0.000427277 1
0.666735 0.000429352 2
0.666832 0.000431368 4
0.66693 0.000433345 2
0.667027 0.000435275 1
0.667124 0.000437159 1
0.667222 0.000438997 1
0.667319 0.00044079 3
0.667417 0.00044253 4
0.667514 0.000444224 4
0.667612 0.000445874 1
0.667709 0.000447476 1
0.667807 0.000449031 1
0.667904 0.00045054 3
0.668002 0.000451997 2
0.668099 0.000453406 1
0.668196 0.000454766 1
0.668294 0.000456078 1
0.668391 0.000457341 1
0.668489 0.000458556 5
0.668586 0.000459721 1
0.668684 0.000460836 1
0.668781 0.000461896 1
0.668879 0.000462905 1
0.668976 0.000463864 1
0.669073 0.000464773 1
0.669171 0.00046563 1
0.669268 0.000466437 4
0.669366 0.000467192 1
0.669463 0.000467894 1
0.669561 0.00046854 1
0.669658 0.000469136 4
0.669756 0.000469681 1
0.669853 0.000470172 1
0.66995 0.00047061 1
0.670048 0.000470995 1
0.670145 0.00047133 4
0.670243 0.000471615 1
0.67034 0.000471848 1
0.670438 0.000472031 1
0.670535 0.000472158 4
0.670633 0.000472231 4
0.67073 0.000472244 1
0.670827 0.000472202 1
0.670925 0.000472108 1
0.671022 0.000471963 1
0.67112 0.000471761 4
0.671217 0.000471507 1
0.671315 0.000471202 1
0.671412 0.000470843 1
0.67151 0.00047043 4
0.671607 0.000469962 1
0.671704 0.000469441 1
0.671802 0.000468867 1
0.671899 0.000468242 1
0.671997 0.000467566 4
0.672094 0.000466834 1
0.672192 0.000466046 1
0.672289 0.000465207 1
0.672387 0.000464318 1
0.672484 0.00046337 4
0.672582 0.000462367 1
0.672679 0.000461319 1
0.672776 0.000460221 1
0.672874 0.000459073 1
0.672971 0.000457866 1
0.673069 0.000456616 5
0.673166 0.000455317 1
0.673264 0.000453968 1
0.673361 0.00045257 1
0.673459 0.000451124 1
0.673556 0.000449629 1
0.673653 0.000448141 3
0.673751 0.000446547 2
0.673848 0.000444907 1
0.673946 0.00044322 1
0.674043 0.000441488 1
0.674141 0.000439709 4
0.674238 0.000437885 1
0.674336 0.000436016 2
0.674433 0.000434103 4
0.67453 0.000432226 1
0.674628 0.000430224 1
0.674725 0.000428177 4
0.674823 0.000426086 4
0.67492 0.000423951 4
0.675018 0.000421773 1
0.675115 0.000419553 2
0.675213 0.000417293 1
0.67531 0.000414995 1
0.675407 0.000412659 1
0.675505 0.000410284 1
0.675602 0.000407868 1
0.6757 0.000405414 4
0.675797 0.000402923 1
0.675895 0.000400395 1
0.675992 0.000397831 1
0.67609 0.000395231 1
0.676187 0.000392596 1
0.676284 0.000389925 1
0.676382 0.000387218 1
0.676479 0.000384475 1
0.676577 0.000381696 4
0.676674 0.000378882 2
0.676772 0.000376035 1
0.676869 0.000373159 2
0.676967 0.000370252 1
0.677064 0.000367318 1
0.677162 0.000364358 4
0.677259 0.000361368 4
0.677356 0.000358349 2
0.677454 0.000355303 5
0.677551 0.000352233 1
0.677649 0.000349137 1
0.677746 0.000346011 1
0.677844 0.00034286 2
0.677941 0.000339689 2
0.678039 0.000336498 1
0.678136 0.000333284 1
0.678233 0.000330052 1
0.678331 0.000326802 2
0.678428 0.000323535 1
0.678526 0.00032025 1
0.678623 0.000316948 1
0.678721 0.00031363 1
0.678818 0.000310297 2
0.678916 0.000306946 1
0.679013 0.000303579 1
0.67911 0.000300194 1
0.679208 0.000296793 1
0.679305 0.000293377 1
0.679403 0.000289947 1
0.6795 0.000286504 1
0.679598 0.000283048 1
0.679695 0.000279581 1
0.679793 0.000276104 1
0.67989 0.000272618 1
0.679987 0.000269123 3
0.680085 0.000265621 1
0.680182 0.000262111 1
0.68028 0.000258594 1
0.680377 0.000255072 1
0.680475 0.000251546 1
0.680572 0.000248017 1
0.68067 0.000244482 1
0.680767 0.000240947 3
0.680864 0.000237413 1
0.680962 0.00023388 1
0.681059 0.000230347 4
0.681157 0.000226817 1
0.681254 0.000223291 1
0.681352 0.000219771 2
0.681449 0.000216254 1
0.681547 0.000212741 1
0.681644 0.000209233 2
0.681742 0.00020573 1
0.681839 0.000202235 1
0.681936 0.000198748 1
0.682034 0.000195268 1
0.682131 0.000191795 2
0.682229 0.000188332 1
0.682326 0.000184881 1
0.682424 0.000181441 4
0.682521 0.000178014 4
0.682619 0.000174601 1
0.682716 0.000171202 2
0.682813 0.000167817 2
0.682911 0.000164449 1
0.683008 0.000161098 4
0.683106 0.000157763 5
0.683203 0.00015445 3
0.683301 0.000151159 5
0.683398 0.000147886 1
0.683496 0.000144633 1
0.683593 0.000141403 2
0.68369 0.000138197 1
0.683788 0.000135014 2
0.683885 0.000131857 1
0.683983 0.000128724 1
0.68408 0.00012562 1
0.684178 0.000122533 1
0.684275 0.000119469 1
0.684373 0.000116428 1
0.68447 0.000113413 1
0.684567 0.000110424 1
0.684665 0.000107462 1
0.684762 0.00010453 4
0.68486 0.000101629 1
0.684957 9.87597e-05 2
0.685055 9.59237e-05 1
0.685152 9.31217e-05 1
0.68525 9.03543e-05 4
0.685347 8.76222e-05 1
0.685444 8.49259e-05 1
0.685542 8.2266e-05 1
0.685639 7.96429e-05 1
0.685737 7.70571e-05 1
0.685834 7.45087e-05 1
0.685932 7.19978e-05 1
0.686029 6.95245e-05 2
0.686127 6.70889e-05 1
0.686224 6.46912e-05 1
0.686321 6.23317e-05 1
0.686419 6.0011e-05 1
0.686516 5.77295e-05 1
0.686614 5.54878e-05 1
0.686711 5.32865e-05 1
0.686809 5.11259e-05 1
0.686906 4.90066e-05 4
0.687004 4.6929e-05 2
0.687101 4.48935e-05 1
0.687199 4.29006e-05 1
0.687296 4.09513e-05 1
0.687393 3.90463e-05 1
0.687491 3.71866e-05 1
0.687588 3.53732e-05 1
0.687686 3.36069e-05 1
0.687783 3.18883e-05 1
0.687881 3.02181e-05 1
0.687978 2.85963e-05 1
0.688076 2.70233e-05 1
0.688173 2.5499e-05 1
0.68827 2.40235e-05 1
0.688368 2.25967e-05 1
0.688465 2.12118e-05 4
0.688563 1.98831e-05 2
0.68866 1.8604e-05 1
0.688758 1.73745e-05 1
0.688855 1.61947e-05 1
0.688953 1.50648e-05 1
0.68905 1.39849e-05 1
0.689147 1.29551e-05 1
0.689245 1.19754e-05 1
0.689342 1.10459e-05 1
0.68944 1.01669e-05 1
0.689537 9.33829e-06 1
0.689635 8.56053e-06 1
0.689732 7.83369e-06 1
0.68983 7.15831e-06 2
0.689927 6.53451e-06 1
0.690024 5.9628e-06 1
0.690122 5.44334e-06 1
0.690219 4.97662e-06 2
0.690317 4.56277e-06 1
0.690414 4.20204e-06 1
0.690512 3.89439e-06 1
0.690609 3.64007e-06 1
0.690707 3.43882e-06 2
0.690804 3.29085e-06 1
0.690901 3.19596e-06 1
0.690999 3.15421e-06 1
0.691096 3.16533e-06 1
0.691194 3.22945e-06 1
0.691291 3.34623e-06 2
0.691389 3.5157e-06 1
0.691486 3.73765e-06 1
0.691584 4.01206e-06 1
0.691681 4.33852e-06 1
0.691779 4.71711e-06 1
0.691876 5.14736e-06 2
0.691973 5.62932e-06 1
0.692071 6.16273e-06 1
0.692168 6.74766e-06 1
0.692266 7.38373e-06 1
0.692363 8.07121e-06 2
0.692461 8.80974e-06 1
0.692558 9.59945e-06 1
0.692656 1.04401e-05 1
0.692753 1.13318e-05 1
0.69285 1.22742e-05 1
0.692948 1.32676e-05 2
0.693045 1.43113e-05 1
0.693143 1.54055e-05 1
0.69324 1.65498e-05 1
0.693338 1.77442e-05 1
0.693435 1.89881e-05 2
0.693533 2.02815e-05 1
0.69363 2.16241e-05 1
0.693727 2.30155e-05 1
0.693825 2.44552e-05 1
0.693922 2.5943e-05 1
0.69402 2.7478e-05 1
0.694117 2.90602e-05 1
0.694215 3.06886e-05 1
0.694312 3.23631e-05 4
0.69441 3.40829e-05 2
0.694507 3.58476e-05 1
0.694604 3.76567e-05 1
0.694702 3.95098e-05 1
0.694799 4.14066e-05 1
0.694897 4.33466e-05 1
0.694994 4.53297e-05 1
0.695092 4.73555e-05 1
0.695189 4.94239e-05 1
0.695287 5.15344e-05 1
0.695384 5.3687e-05 1
0.695481 5.58811e-05 1
0.695579 5.81166e-05 2
0.695676 6.03928e-05 1
0.695774 6.27094e-05 4
0.695871 6.50659e-05 1
0.695969 6.74615e-05 1
0.696066 6.98955e-05 2
0.696164 7.23677e-05 1
0.696261 7.48769e-05 1
0.696359 7.74226e-05 1
0.696456 8.00025e-05 1
0.696553 8.26192e-05 1
0.696651 8.52699e-05 1
0.696748 8.79542e-05 1
0.696846 9.06714e-05 4
0.696943 9.34208e-05 1
0.697041 9.62019e-05 1
0.697138 9.9014e-05 1
0.697236 0.000101856 1
0.697333 0.000104729 2
0.69743 0.000107631 1
0.697528 0.000110562 1
0.697625 0.000113521 1
0.697723 0.000116508 4
0.69782 0.000119523 1
0.697918 0.00012256 1
0.698015 0.000125622 1
0.698113 0.00012871 1
0.69821 0.000131823 1
0.698307 0.000134961 2
0.698405 0.000138123 1
0.698502 0.000141309 1
0.6986 0.000144516 1
0.698697 0.000147745 1
0.698795 0.000150976 4
0.698892 0.000154246 1
0.69899 0.00015753 1
0.699087 0.000160832 1
0.699184 0.000164151 5
0.699282 0.00016748 4
0.699379 0.000170821 2
0.699477 0.000174178 3
0.699574 0.000177557 1
0.699672 0.000180938 5
0.699769 0.000184337 2
0.699867 0.000187748 1
0.699964 0.000191169 4
0.700061 0.0001946 2
0.700159 0.000198039 1
0.700256 0.000201485 1
0.700354 0.000204939 1
0.700451 0.000208399 1
0.700549 0.000211866 1
0.700646 0.000215339 1
0.700744 0.000218819 1
0.700841 0.000222304 1
0.700939 0.000225794 1
0.701036 0.000229287 1
0.701133 0.000232782 1
0.701231 0.000236278 4
0.701328 0.000239774 2
0.701426 0.000243269 1
0.701523 0.000246764 1
0.701621 0.000250256 4
0.701718 0.000253742 1
0.701816 0.000257221 1
0.701913 0.000260689 2
0.70201 0.000264147 1
0.702108 0.0002676 1
0.702205 0.000271045 1
0.702303 0.000274482 1
0.7024 0.000277912 5
0.702498 0.000281333 1
0.702595 0.000284745 2
0.702693 0.000288143 2
0.70279 0.000291526 1
0.702887 0.000294896 1
0.702985 0.000298253 1
0.703082 0.000301596 1
0.70318 0.000304926 2
0.703277 0.00030824 1
0.703375 0.000311538 1
0.703472 0.000314818 1
0.70357 0.00031808 1
0.703667 0.000321323 1
0.703764 0.000324549 1
0.703862 0.000327752 1
0.703959 0.000330931 1
0.704057 0.000334089 1
0.704154 0.000337226 1
0.704252 0.000340337 1
0.704349 0.000343425 1
0.704447 0.000346487 1
0.704544 0.000349524 1
0.704641 0.000352537 1
0.704739 0.000355525 1
0.704836 0.000358485 3
0.704934 0.000361416 1
0.705031 0.000364319 3
0.705129 0.000367193 1
0.705226 0.000370039 3
0.705324 0.000372851 1
0.705421 0.000375633 1
0.705518 0.000378384 1
0.705616 0.000381102 1
0.705713 0.000383786 1
0.705811 0.000386436 1
0.705908 0.000389052 4
0.706006 0.000391636 1
0.706103 0.000394186 1
0.706201 0.000396701 1
0.706298 0.000399248 1
0.706396 0.000401613 1
0.706493 0.000404014 1
0.70659 0.000406376 4
0.706688 0.000408701 1
0.706785 0.000411001 1
0.706883 0.000413242 1
0.70698 0.000415448 4
0.707078 0.000417607 1
0.707175 0.000419722 1
0.707273 0.000421796 1
0.70737 0.000423826 2
0.707467 0.000425812 4
0.707565 0.000427754 1
0.707662 0.000429651 1
0.70776 0.000431505 1
0.707857 0.000433313 1
0.707955 0.000435077 3
0.708052 0.00043679 4
0.70815 0.000438459 4
0.708247 0.000440083 1
0.708344 0.00044166 1
0.708442 0.00044319 1
0.708539 0.000444675 3
0.708637 0.000446107 2
0.708734 0.000447492 1
0.708832 0.000448828 1
0.708929 0.000450117 1
0.709027 0.000451358 1
0.709124 0.000452551 5
0.709221 0.000453695 1
0.709319 0.00045479 1
0.709416 0.000455831 1
0.709514 0.00045682 1
0.709611 0.000457762 1
0.709709 0.000458647 1
0.709806 0.000459487 1
0.709904 0.000460278 1
0.710001 0.000461018 4
0.710098 0.000461705 1
0.710196 0.000462341 4
0.710293 0.000462921 1
0.710391 0.000463451 1
0.710488 0.000463932 1
0.710586 0.000464362 1
0.710683 0.000464741 4
0.710781 0.000465067 1
0.710878 0.000465342 1
0.710976 0.000465566 1
0.711073 0.000465742 1
0.71117 0.000465866 1
0.711268 0.000465973 4
0.711365 0.000465989 4
0.711463 0.000465952 1
0.71156 0.000465862 4
0.711658 0.000465719 4
0.711755 0.000465521 1
0.711853 0.000465269 1
0.71195 0.000464961 1
0.712047 0.0004646 1
0.712145 0.000464187 1
0.712242 0.000463723 1
0.71234 0.000463208 4
0.712437 0.000462651 1
0.712535 0.000462032 1
0.712632 0.000461361 1
0.71273 0.000460636 4
0.712827 0.00045986 1
0.712924 0.000459035 1
0.713022 0.000458162 4
0.713119 0.000457239 1
0.713217 0.000456267 1
0.713314 0.000455246 1
0.713412 0.000454176 1
0.713509 0.000453054 1
0.713607 0.000451879 1
0.713704 0.000450655 1
0.713801 0.000449381 5
0.713899 0.000448058 1
0.713996 0.000446687 1
0.714094 0.000445268 1
0.714191 0.000443802 1
0.714289 0.000442289 1
0.714386 0.00044073 1
0.714484 0.000439125 4
0.714581 0.000437473 1
0.714678 0.000435774 1
0.714776 0.000434028 1
0.714873 0.000432237 1
0.714971 0.0004304 4
0.715068 0.00042852 1
0.715166 0.000426597 2
0.715263 0.000424632 1
0.715361 0.000422623 1
0.715458 0.000420571 1
0.715556 0.000418477 4
0.715653 0.00041634 1
0.71575 0.000414162 1
0.715848 0.000411944 1
0.715945 0.000409689 1
0.716043 0.000407396 3
0.71614 0.000405061 2
0.716238 0.000402688 1
0.716335 0.000400278 4
0.716433 0.000397831 1
0.71653 0.000395346 1
0.716627 0.000392824 1
0.716725 0.000390266 1
0.716822 0.000387675 1
0.71692 0.000384962 1
0.717017 0.0003823 4
0.717115 0.000379602 2
0.717212 0.000376868 1
0.71731 0.000374099 2
0.717407 0.000371297 1
0.717504 0.000368464 1
0.717602 0.000365601 1
0.717699 0.000362711 4
0.717797 0.000359792 1
0.717894 0.000356847 1
0.717992 0.000353875 4
0.718089 0.000350876 5
0.718187 0.000347851 2
0.718284 0.000344803 1
0.718381 0.000341729 1
0.718479 0.000338625 2
0.718576 0.000335498 1
0.718674 0.000332352 2
0.718771 0.000329185 2
0.718869 0.000325999 1
0.718966 0.000322793 1
0.719064 0.000319569 1
0.719161 0.000316323 1
0.719258 0.00031306 1
0.719356 0.000309781 2
0.719453 0.000306487 1
0.719551 0.000303178 1
0.719648 0.000299853 1
0.719746 0.000296513 1
0.719843 0.000293157 2
0.719941 0.000289786 1
0.720038 0.000286396 1
0.720136 0.000282996 1
0.720233 0.000279585 1
0.72033 0.000276163 1
0.720428 0.000272731 1
0.720525 0.000269292 1
0.720623 0.000265844 1
0.72072 0.00026239 3
0.720818 0.000258928 1
0.720915 0.000255461 1
0.721013 0.000251988 1
0.72111 0.000248511 1
0.721207 0.000245029 1
0.721305 0.000241542 1
0.721402 0.000238052 3
0.7215 0.000234563 1
0.721597 0.000231074 1
0.721695 0.000227586 1
0.721792 0.0002241 4
0.72189 0.000220619 2
0.721987 0.000217142 1
0.722084 0.000213669 1
0.722182 0.000210202 2
0.722279 0.000206739 1
0.722377 0.000203282 1
0.722474 0.00019983 1
0.722572 0.000196386 1
0.722669 0.000192949 2
0.722767 0.000189521 1
0.722864 0.000186103 1
0.722961 0.000182695 1
0.723059 0.000179297 4
0.723156 0.00017591 2
0.723254 0.00017254 2
0.723351 0.000169186 1
0.723449 0.000165845 4
0.723546 0.000162556 3
0.723644 0.000159243 1
0.723741 0.000155912 4
0.723838 0.000152637 5
0.723936 0.000149384 1
0.724033 0.000146153 2
0.724131 0.000142949 1
0.724228 0.000139767 4
0.724326 0.000136575 1
0.724423 0.000133435 2
0.724521 0.000130318 1
0.724618 0.000127227 2
0.724715 0.00012416 1
0.724813 0.000121118 1
0.72491 0.000118101 1
0.725008 0.000115107 2
0.725105 0.000112137 2
0.725203 0.000109191 1
0.7253 0.000106269 4
0.725398 0.000103375 1
0.725495 0.000100511 2
0.725593 9.7677e-05 2
0.72569 9.48746e-05 1
0.725787 9.21054e-05 2
0.725885 8.9371e-05 1
0.725982 8.66718e-05 1
0.72608 8.40081e-05 1
0.726177 8.13804e-05 1
0.726275 7.87891e-05 1
0.726372 7.62348e-05 4
0.72647 7.3718e-05 1
0.726567 7.1239e-05 2
0.726664 6.87981e-05 1
0.726762 6.63951e-05 1
0.726859 6.40302e-05 1
0.726957 6.17028e-05 1
0.727054 5.94133e-05 1
0.727152 5.71615e-05 1
0.727249 5.4948e-05 4
0.727347 5.27734e-05 2
0.727444 5.06383e-05 1
0.727541 4.85434e-05 1
0.727639 4.64895e-05 1
0.727736 4.44772e-05 1
0.727834 4.25073e-05 1
0.727931 4.05806e-05 1
0.728029 3.86978e-05 1
0.728126 3.68596e-05 1
0.728224 3.5067e-05 1
0.728321 3.33206e-05 1
0.728418 3.16214e-05 1
0.728516 2.99699e-05 1
0.728613 2.83667e-05 1
0.728711 2.68121e-05 1
0.728808 2.53062e-05 4
0.728906 2.38492e-05 1
0.729003 2.24409e-05 1
0.729101 2.10811e-05 1
0.729198 1.97698e-05 1
0.729295 1.85069e-05 1
0.729393 1.72923e-05 1
0.72949 1.6126e-05 1
0.729588 1.50081e-05 2
0.729685 1.39387e-05 1
0.729783 1.29182e-05 1
0.72988 1.19466e-05 1
0.729978 1.10243e-05 1
0.730075 1.01515e-05 1
0.730173 9.32863e-06 1
0.73027 8.55595e-06 1
0.730367 7.83389e-06 1
0.730465 7.16273e-06 1
0.730562 6.54295e-06 1
0.73066 5.97481e-06 1
0.730757 5.45881e-06 1
0.730855 4.99507e-06 2
0.730952 4.58401e-06 1
0.73105 4.22564e-06 1
0.731147 3.92012e-06 1
0.731244 3.66726e-06 1
0.731342 3.46717e-06 1
0.731439 3.3195e-06 2
0.731537 3.22425e-06 1
0.731634 3.1811e-06 1
0.731732 3.19008e-06 1
0.731829 3.25086e-06 1
0.731927 3.36353e-06 1
0.732024 3.52786e-06 2
0.732121 3.74385e-06 1
0.732219 4.0114e-06 1
0.732316 4.33053e-06 1
0.732414 4.70092e-06 1
0.732511 5.12265e-06 1
0.732609 5.59532e-06 2
0.732706 6.11894e-06 1
0.732804 6.69329e-06 1
0.732901 7.31838e-06 1
0.732998 7.9939e-06 1
0.733096 8.72003e-06 2
0.733193 9.49649e-06 1
0.733291 1.03233e-05 1
0.733388 1.12003e-05 1
0.733486 1.21274e-05 1
0.733583 1.31045e-05 1
0.733681 1.41315e-05 1
0.733778 1.52081e-05 2
0.733875 1.63343e-05 1
0.733973 1.75098e-05 1
0.73407 1.87345e-05 1
0.734168 2.00079e-05 1
0.734265 2.13299e-05 1
0.734363 2.27e-05 2
0.73446 2.4118e-05 4
0.734558 2.55835e-05 1
0.734655 2.70958e-05 1
0.734753 2.86546e-05 1
0.73485 3.02592e-05 1
0.734947 3.19091e-05 1
0.735045 3.36038e-05 1
0.735142 3.53426e-05 1
0.73524 3.71253e-05 1
0.735337 3.89512e-05 1
0.735435 4.08201e-05 1
0.735532 4.27316e-05 1
0.73563 4.46855e-05 1
0.735727 4.66815e-05 1
0.735824 4.87193e-05 1
0.735922 5.07987e-05 4
0.736019 5.29195e-05 1
0.736117 5.50814e-05 2
0.736214 5.7284e-05 1
0.736312 5.9527e-05 2
0.736409 6.18099e-05 1
0.736507 6.41323e-05 1
0.736604 6.64934e-05 1
0.736701 6.88929e-05 1
0.736799 7.13298e-05 1
0.736896 7.38036e-05 1
0.736994 7.63134e-05 1
0.737091 7.88587e-05 1
0.737189 8.14383e-05 2
0.737286 8.4052e-05 1
0.737384 8.66986e-05 1
0.737481 8.93776e-05 1
0.737578 9.20874e-05 4
0.737676 9.48199e-05 1
0.737773 9.75922e-05 1
0.737871 0.000100394 2
0.737968 0.000103225 4
0.738066 0.000106086 1
0.738163 0.000108974 1
0.738261 0.000111891 1
0.738358 0.000114834 1
0.738455 0.000117803 1
0.738553 0.000120794 1
0.73865 0.00012381 1
0.738748 0.000126853 2
0.738845 0.000129921 1
0.738943 0.000133015 1
0.73904 0.000136133 1
0.739138 0.000139282 1
0.739235 0.000142427 1
0.739333 0.00014561 2
0.73943 0.000148813 2
0.739527 0.000152035 4
0.739625 0.000155278 4
0.739722 0.00015854 2
0.73982 0.000161818 4
0.739917 0.000165105 1
0.740015 0.000168403 1
0.740112 0.000171715 2
0.74021 0.00017504 1
0.740307 0.000178377 4
0.740404 0.000181727 4
0.740502 0.00018509 2
0.740599 0.000188465 1
0.740697 0.000191851 1
0.740794 0.000195247 2
0.740892 0.000198652 1
0.740989 0.000202066 1
0.741087 0.000205478 1
0.741184 0.000208894 1
0.741281 0.000212319 1
0.741379 0.000215749 1
0.741476 0.000219189 1
0.741574 0.000222627 1
0.741671 0.00022607 1
0.741769 0.000229516 1
0.741866 0.000232964 4
0.741964 0.000236413 1
0.742061 0.000239861 5
0.742158 0.000243309 2
0.742256 0.000246754 2
0.742353 0.000250195 1
0.742451 0.000253625 1
0.742548 0.000257047 1
0.742646 0.000260463 1
0.742743 0.000263872 1
0.742841 0.000267273 4
0.742938 0.000270665 1
0.743035 0.00027405 1
0.743133 0.000277424 1
0.74323 0.000280787 2
0.743328 0.000284137 1
0.743425 0.000287474 1
0.743523 0.000290798 1
0.74362 0.000294108 2
0.743718 0.000297406 1
0.743815 0.000300689 1
0.743912 0.000303958 1
0.74401 0.000307211 1
0.744107 0.000310447 1
0.744205 0.000313726 1
0.744302 0.000316946 1
0.7444 0.000320056 1
0.744497 0.00032322 1
0.744595 0.000326362 1
0.744692 0.000329483 1
0.74479 0.000332583 1
0.744887 0.00033566 1
0.744984 0.000338713 1
0.745082 0.000341737 1
0.745179 0.000344737 1
0.745277 0.000347715 1
0.745374 0.000350669 3
0.745472 0.000353594 1
0.745569 0.000356491 3
0.745667 0.00035936 1
0.745764 0.000362202 1
0.745861 0.000365018 3
0.745959 0.0003678 1
0.746056 0.00037055 1
0.746154 0.000373268 1
0.746251 0.000375953 1
0.746349 0.000378603 1
0.746446 0.000381221 4
0.746544 0.000383806 1
0.746641 0.000386358 1
0.746738 0.000388879 1
0.746836 0.000391365 1
0.746933 0.000393815 1
0.747031 0.000396228 1
0.747128 0.000398604 1
0.747226 0.000400944 4
0.747323 0.00040325 1
0.747421 0.000405516 1
0.747518 0.000407836 1
0.747615 0.000409923 2
0.747713 0.00041206 1
0.74781 0.000414157 4
0.747908 0.000416212 1
0.748005 0.000418223 4
0.748103 0.00042019 2
0.7482 0.000422113 1
0.748298 0.000423992 4
0.748395 0.000425827 1
0.748492 0.00042762 3
0.74859 0.000429361 2
0.748687 0.000431066 1
0.748785 0.000432711 4
0.748882 0.00043432 1
0.74898 0.000435882 1
0.749077 0.000437398 1
0.749175 0.000438867 4
0.749272 0.000440289 2
0.74937 0.000441665 1
0.749467 0.000442992 1
0.749564 0.000444273 1
0.749662 0.000445507 1
0.749759 0.000446694 5
0.749857 0.000447834 1
0.749954 0.000448923 1
0.750052 0.000449958 1
0.750149 0.000450943 1
0.750247 0.000451879 1
0.750344 0.000452765 1
0.750441 0.000453603 4
0.750539 0.00045439 1
0.750636 0.000455128 1
0.750734 0.000455816 1
0.750831 0.000456448 1
0.750929 0.000457031 1
0.751026 0.000457564 4
0.751124 0.000458046 1
0.751221 0.000458475 1
0.751318 0.000458854 1
0.751416 0.000459184 1
0.751513 0.00045956 4
0.751611 0.000459708 1
0.751708 0.000459891 1
0.751806 0.000460019 4
0.751903 0.000460097 4
0.752001 0.000460113 1
0.752098 0.000460075 1
0.752195 0.000459986 1
0.752293 0.000459848 1
0.75239 0.000459656 4
0.752488 0.000459412 1
0.752585 0.000459117 1
0.752683 0.000458771 1
0.75278 0.000458374 4
0.752878 0.000457922 1
0.752975 0.000457417 1
0.753072 0.000456862 1
0.75317 0.000456255 1
0.753267 0.000455599 4
0.753365 0.00045489 1
0.753462 0.000454126 1
0.75356 0.000453312 1
0.753657 0.00045245 1
0.753755 0.000451537 4
0.753852 0.000450571 1
0.75395 0.000449555 1
0.754047 0.000448491 1
0.754144 0.000447378 1
0.754242 0.000446215 1
0.754339 0.000445054 1
0.754437 0.000443795 5
0.754534 0.000442487 1
0.754632 0.000441132 1
0.754729 0.000439729 1
0.754827 0.000438272 1
0.754924 0.000436775 1
0.755021 0.000435233 3
0.755119 0.000433639 3
0.755216 0.000432002 1
0.755314 0.000430319 1
0.755411 0.00042859 1
0.755509 0.000426817 4
0.755606 0.000425 1
0.755704 0.00042314 4
0.755801 0.000421236 1
0.755898 0.000419289 4
0.755996 0.0004173 1
0.756093 0.000415267 1
0.756191 0.000413192 4
0.756288 0.000411076 1
0.756386 0.00040892 4
0.756483 0.000406723 1
0.756581 0.000404489 1
0.756678 0.000402218 1
0.756775 0.000399909 2
0.756873 0.000397561 1
0.75697 0.000395175 1
0.757068 0.000392752 4
0.757165 0.000390294 1
0.757263 0.0003878 1
0.75736 0.000385271 1
0.757458 0.000382708 1
0.757555 0.000380111 2
0.757652 0.000377552 1
0.75775 0.000374884 1
0.757847 0.000372189 5
0.757945 0.000369451 1
0.758042 0.000366681 1
0.75814 0.00036388 1
0.758237 0.00036105 2
0.758335 0.000358193 1
0.758432 0.000355309 4
0.75853 0.000352398 1
0.758627 0.000349459 4
0.758724 0.000346493 2
0.758822 0.000343501 5
0.758919 0.000340487 1
0.759017 0.000337447 1
0.759114 0.000334381 1
0.759212 0.000331289 2
0.759309 0.000328177 1
0.759407 0.000325047 2
0.759504 0.000321898 1
0.759601 0.000318732 2
0.759699 0.000315548 1
0.759796 0.000312346 1
0.759894 0.000309127 1
0.759991 0.000305893 2
0.760089 0.000302644 1
0.760186 0.000299381 1
0.760284 0.000296103 1
0.760381 0.000292811 1
0.760478 0.000289503 2
0.760576 0.000286179 1
0.760673 0.00028284 1
0.760771 0.000279487 1
0.760868 0.000276122 1
0.760966 0.000272745 1
0.761063 0.000269358 1
0.761161 0.000265963 1
0.761258 0.00026256 1
0.761355 0.00025915 1
0.761453 0.000255734 3
0.76155 0.000252311 1
0.761648 0.000248884 1
0.761745 0.000245451 1
0.761843 0.000242015 1
0.76194 0.000238576 1
0.762038 0.000235133 1
0.762135 0.000231698 1
0.762232 0.000228257 3
0.76233 0.000224818 1
0.762427 0.00022138 4
0.762525 0.000217946 2
0.762622 0.000214517 2
0.76272 0.000211092 1
0.762817 0.000207673 1
0.762915 0.000204258 2
0.763012 0.000200849 1
0.763109 0.000197447 1
0.763207 0.000194052 1
0.763304 0.000190663 1
0.763402 0.00018728 2
0.763499 0.000183908 1
0.763597 0.000180546 1
0.763694 0.000177195 1
0.763792 0.000173857 1
0.763889 0.000170531 4
0.763987 0.00016722 4
0.764084 0.000163924 1
0.764181 0.000160645 1
0.764279 0.000157381 2
0.764376 0.000154134 1
0.764474 0.000150908 4
0.764571 0.000147702 2
0.764669 0.000144516 6
0.764766 0.000141351 5
0.764864 0.000138242 3
0.764961 0.000135086 2
0.765058 0.000131986 1
0.765156 0.000128912 2
0.765253 0.000125861 2
0.765351 0.000122835 1
0.765448 0.000119831 1
0.765546 0.00011685 1
0.765643 0.000113893 1
0.765741 0.000110961 1
0.765838 0.000108054 1
0.765935 0.00010517 1
0.766033 0.000102313 1
0.76613 9.94864e-05 1
0.766228 9.66903e-05 1
0.766325 9.39248e-05 4
0.766423 9.11918e-05 1
0.76652 8.84928e-05 1
0.766618 8.5827e-05 1
0.766715 8.31985e-05 1
0.766812 8.06058e-05 1
0.76691 7.80494e-05 5
0.767007 7.55297e-05 1
0.767105 7.30472e-05 1
0.767202 7.06019e-05 2
0.7673 6.8194e-05 1
0.767397 6.58234e-05 2
0.767495 6.349e-05 2
0.767592 6.11938e-05 1
0.767689 5.8935e-05 1
0.767787 5.67137e-05 1
0.767884 5.45305e-05 1
0.767982 5.23859e-05 1
0.768079 5.02803e-05 1
0.768177 4.82144e-05 1
0.768274 4.61885e-05 1
0.768372 4.42034e-05 1
0.768469 4.22596e-05 1
0.768567 4.03576e-05 4
0.768664 3.84985e-05 2
0.768761 3.66829e-05 1
0.768859 3.49118e-05 1
0.768956 3.31862e-05 1
0.769054 3.15067e-05 1
0.769151 2.98742e-05 1
0.769249 2.8289e-05 1
0.769346 2.67515e-05 1
0.769444 2.52619e-05 1
0.769541 2.38202e-05 1
0.769638 2.24263e-05 1
0.769736 2.10805e-05 1
0.769833 1.97826e-05 1
0.769931 1.85327e-05 1
0.770028 1.73309e-05 1
0.770126 1.61773e-05 2
0.770223 1.5072e-05 1
0.770321 1.40151e-05 4
0.770418 1.30065e-05 2
0.770515 1.20466e-05 1
0.770613 1.11352e-05 1
0.77071 1.02726e-05 1
0.770808 9.4588e-06 1
0.770905 8.69412e-06 1
0.771003 7.9788e-06 1
0.7711 7.31316e-06 1
0.771198 6.69759e-06 1
0.771295 6.1325e-06 1
0.771392 5.61831e-06 1
0.77149 5.15541e-06 1
0.771587 4.74412e-06 1
0.771685 4.38469e-06 1
0.771782 4.07723e-06 1
0.77188 3.8218e-06 1
0.771977 3.6184e-06 1
0.772075 3.46696e-06 1
0.772172 3.36743e-06 1
0.772269 3.31965e-06 1
0.772367 3.32357e-06 1
0.772464 3.37898e-06 1
0.772562 3.48587e-06 1
0.772659 3.644e-06 1
0.772757 3.85335e-06 1
0.772854 4.11363e-06 1
0.772952 4.42485e-06 1
0.773049 4.78663e-06 2
0.773147 5.19891e-06 1
0.773244 5.66145e-06 1
0.773341 6.17422e-06 1
0.773439 6.73687e-06 1
0.773536 7.34952e-06 1
0.773634 8.01185e-06 1
0.773731 8.7241e-06 2
0.773829 9.48594e-06 1
0.773926 1.02975e-05 1
0.774024 1.11586e-05 1
0.774121 1.20694e-05 1
0.774218 1.30295e-05 1
0.774316 1.40392e-05 1
0.774413 1.50981e-05 2
0.774511 1.62063e-05 1
0.774608 1.73634e-05 1
0.774706 1.85694e-05 1
0.774803 1.98238e-05 1
0.774901 2.11266e-05 1
0.774998 2.24772e-05 1
0.775095 2.38753e-05 4
0.775193 2.53203e-05 2
0.77529 2.68119e-05 1
0.775388 2.83494e-05 1
0.775485 2.99322e-05 1
0.775583 3.15599e-05 1
0.77568 3.32319e-05 1
0.775778 3.49477e-05 1
0.775875 3.67044e-05 1
0.775972 3.85065e-05 1
0.77607 4.03509e-05 1
0.776167 4.22375e-05 1
0.776265 4.41659e-05 1
0.776362 4.61359e-05 1
0.77646 4.81473e-05 1
0.776557 5.01999e-05 1
0.776655 5.22934e-05 4
0.776752 5.44277e-05 1
0.776849 5.66023e-05 1
0.776947 5.8817e-05 2
0.777044 6.10714e-05 1
0.777142 6.3365e-05 1
0.777239 6.56972e-05 1
0.777337 6.80674e-05 1
0.777434 7.04748e-05 1
0.777532 7.29189e-05 1
0.777629 7.53988e-05 4
0.777727 7.79139e-05 1
0.777824 8.04632e-05 1
0.777921 8.30461e-05 1
0.778019 8.56618e-05 1
0.778116 8.83096e-05 1
0.778214 9.09888e-05 1
0.778311 9.36989e-05 2
0.778409 9.64391e-05 1
0.778506 9.9209e-05 1
0.778604 0.000102008 1
0.778701 0.000104835 4
0.778798 0.000107687 1
0.778896 0.000110564 1
0.778993 0.00011347 1
0.779091 0.000116403 1
0.779188 0.000119356 1
0.779286 0.00012234 1
0.779383 0.00012535 1
0.779481 0.000128383 1
0.779578 0.000131441 1
0.779675 0.000134522 1
0.779773 0.000137625 2
0.77987 0.000140751 4
0.779968 0.000143899 1
0.780065 0.000147064 1
0.780163 0.000150246 5
0.78026 0.000153447 4
0.780358 0.000156664 2
0.780455 0.000159897 3
0.780552 0.000163137 3
0.78065 0.000166391 2
0.780747 0.000169662 4
0.780845 0.000172948 2
0.780942 0.000176247 4
0.78104 0.000179561 1
0.781137 0.000182881 1
0.781235 0.000186212 1
0.781332 0.000189549 1
0.781429 0.000192896 2
0.781527 0.00019625 1
0.781624 0.000199611 1
0.781722 0.00020298 1
0.781819 0.000206356 1
0.781917 0.000209739 1
0.782014 0.000213129 1
0.782112 0.000216524 1
0.782209 0.000219923 1
0.782306 0.000223325 4
0.782404 0.000226729 1
0.782501 0.000230132 1
0.782599 0.000233537 2
0.782696 0.00023694 4
0.782794 0.00024034 1
0.782891 0.000243735 1
0.782989 0.000247121 2
0.783086 0.000250499 1
0.783184 0.000253873 1
0.783281 0.000257241 1
0.783378 0.000260602 1
0.783476 0.000263955 5
0.783573 0.0002673 3
0.783671 0.000270638 1
0.783768 0.000273965 1
0.783866 0.00027728 1
0.783963 0.000280584 2
0.784061 0.000283875 1
0.784158 0.000287154 1
0.784255 0.000290421 1
0.784353 0.000293674 1
0.78445 0.000296916 2
0.784548 0.000300139 1
0.784645 0.000303346 2
0.784743 0.000306536 2
0.78484 0.000309708 1
0.784938 0.000312862 1
0.785035 0.000316 1
0.785132 0.000319117 1
0.78523 0.000322213 1
0.785327 0.000325287 1
0.785425 0.000328338 1
0.785522 0.000331367 1
0.78562 0.000334373 1
0.785717 0.000337352 1
0.785815 0.000340308 1
0.785912 0.000343242 1
0.786009 0.000346153 3
0.786107 0.000349034 1
0.786204 0.000351886 3
0.786302 0.00035471 1
0.786399 0.000357508 1
0.786497 0.000360278 3
0.786594 0.000363018 1
0.786692 0.000365727 1
0.786789 0.000368405 1
0.786886 0.00037105 1
0.786984 0.000373673 1
0.787081 0.000376314 1
0.787179 0.000378794 4
0.787276 0.000381311 1
0.787374 0.000383794 1
0.787471 0.000386242 1
0.787569 0.000388654 1
0.787666 0.00039103 1
0.787764 0.000393369 1
0.787861 0.000395672 4
0.787958 0.000397941 1
0.788056 0.000400171 3
0.788153 0.000402359 2
0.788251 0.000404505 1
0.788348 0.000406611 1
0.788446 0.000408675 1
0.788543 0.000410697 1
0.788641 0.000412678 4
0.788738 0.000414616 2
0.788835 0.000416511 1
0.788933 0.000418363 1
0.78903 0.000420172 2
0.789128 0.000421936 1
0.789225 0.000423657 3
0.789323 0.000425331 4
0.78942 0.000426961 1
0.789518 0.000428547 1
0.789615 0.000430087 4
0.789712 0.000431581 4
0.78981 0.000433029 2
0.789907 0.000434431 1
0.790005 0.000435785 1
0.790102 0.000437094 1
0.7902 0.000438356 1
0.790297 0.000439572 1
0.790395 0.000440741 5
0.790492 0.000441863 1
0.790589 0.000442936 1
0.790687 0.000443957 1
0.790784 0.000444928 1
0.790882 0.000445852 1
0.790979 0.000446728 1
0.791077 0.000447555 1
0.791174 0.000448328 1
0.791272 0.000449057 4
0.791369 0.000449736 1
0.791466 0.000450365 4
0.791564 0.00045094 1
0.791661 0.000451475 1
0.791759 0.000451952 1
0.791856 0.000452378 1
0.791954 0.000452755 4
0.792051 0.000453081 1
0.792149 0.000453356 1
0.792246 0.000453583 1
0.792344 0.000453762 1
0.792441 0.000453892 1
0.792538 0.000453968 4
0.792636 0.000453992 4
0.792733 0.000453965 1
0.792831 0.000453887 1
0.792928 0.000453758 4
0.793026 0.000453574 4
0.793123 0.000453338 1
0.793221 0.000453047 1
0.793318 0.000452705 1
0.793415 0.000452311 1
0.793513 0.000451868 4
0.79361 0.000451375 1
0.793708 0.000450832 1
0.793805 0.000450237 1
0.793903 0.000449594 1
0.794 0.000448896 4
0.794098 0.000448144 1
0.794195 0.000447346 1
0.794292 0.000446503 4
0.79439 0.000445611 1
0.794487 0.000444669 1
0.794585 0.00044368 1
0.794682 0.000442643 1
0.79478 0.000441558 1
0.794877 0.000440421 1
0.794975 0.000439236 1
0.795072 0.000438003 5
0.795169 0.000436722 1
0.795267 0.000435393 1
0.795364 0.000434017 1
0.795462 0.000432594 1
0.795559 0.000431125 1
0.795657 0.000429611 1
0.795754 0.000428053 3
0.795852 0.000426445 2
0.795949 0.000424793 1
0.796046 0.000423096 1
0.796144 0.000421354 1
0.796241 0.000419567 5
0.796339 0.000417816 4
0.796436 0.000415868 1
0.796534 0.000413955 1
0.796631 0.000412 1
0.796729 0.000410003 1
0.796826 0.000407964 1
0.796924 0.000405885 4
0.797021 0.000403765 1
0.797118 0.000401606 2
0.797216 0.000399408 4
0.797313 0.000397173 1
0.797411 0.000394901 1
0.797508 0.000392592 1
0.797606 0.000390243 1
0.797703 0.000387857 4
0.797801 0.000385435 1
0.797898 0.000382978 1
0.797995 0.000380484 1
0.798093 0.000377957 1
0.79819 0.000375396 1
0.798288 0.000372801 1
0.798385 0.000370171 1
0.798483 0.000367506 4
0.79858 0.000364806 2
0.798678 0.000362074 1
0.798775 0.000359311 2
0.798872 0.000356519 1
0.79897 0.000353699 1
0.799067 0.000350853 1
0.799165 0.000347982 4
0.799262 0.000345086 1
0.79936 0.000342164 4
0.799457 0.000339215 2
0.799555 0.000336242 5
0.799652 0.000333246 1
0.799749 0.000330226 1
0.799847 0.000327177 1
0.799944 0.000324105 2
0.800042 0.000321016 2
0.800139 0.000317907 1
0.800237 0.000314781 2
0.800334 0.000311633 1
0.800432 0.000308469 1
0.800529 0.00030522 1
0.800626 0.000302026 2
0.800724 0.000298817 1
0.800821 0.000295593 1
0.800919 0.000292356 2
0.801016 0.000289104 1
0.801114 0.000285837 1
0.801211 0.000282554 1
0.801309 0.000279256 1
0.801406 0.000275945 1
0.801504 0.000272622 2
0.801601 0.000269288 1
0.801698 0.000265945 1
0.801796 0.000262593 1
0.801893 0.000259231 1
0.801991 0.000255865 1
0.802088 0.000252493 3
0.802186 0.000249116 1
0.802283 0.000245734 1
0.802381 0.000242348 1
0.802478 0.000238957 1
0.802575 0.000235564 1
0.802673 0.000232168 1
0.80277 0.000228769 1
0.802868 0.000225411 3
0.802965 0.000221977 1
0.803063 0.000218584 1
0.80316 0.000215194 1
0.803258 0.000211807 4
0.803355 0.000208426 2
0.803452 0.000205051 1
0.80355 0.000201682 1
0.803647 0.000198362 2
0.803745 0.000195002 1
0.803842 0.000191648 1
0.80394 0.000188258 1
0.804037 0.00018492 1
0.804135 0.000181592 1
0.804232 0.000178275 1
0.804329 0.000174968 2
0.804427 0.000171674 1
0.804524 0.000168391 3
0.804622 0.000165122 1
0.804719 0.000161869 1
0.804817 0.000158631 1
0.804914 0.000155412 4
0.805012 0.00015221 2
0.805109 0.000149025 1
0.805206 0.000145857 1
0.805304 0.000142709 5
0.805401 0.000139583 1
0.805499 0.000136481 1
0.805596 0.000133401 2
0.805694 0.000130348 1
0.805791 0.00012732 4
0.805889 0.000124313 1
0.805986 0.000121326 1
0.806083 0.000118361 2
0.806181 0.000115421 1
0.806278 0.000112506 2
0.806376 0.000109617 1
0.806473 0.000106753 2
0.806571 0.000103914 2
0.806668 0.0001011 1
0.806766 9.83119e-05 1
0.806863 9.55521e-05 1
0.806961 9.28449e-05 4
0.807058 9.01455e-05 1
0.807155 8.7433e-05 2
0.807253 8.48012e-05 2
0.80735 8.22055e-05 1
0.807448 7.9646e-05 1
0.807545 7.71225e-05 1
0.807643 7.46351e-05 1
0.80774 7.2184e-05 1
0.807838 6.97694e-05 1
0.807935 6.73914e-05 4
0.808032 6.50504e-05 2
0.80813 6.27466e-05 1
0.808227 6.048e-05 1
0.808325 5.82507e-05 1
0.808422 5.60585e-05 1
0.80852 5.39035e-05 1
0.808617 5.17858e-05 1
0.808715 4.97059e-05 1
0.808812 4.76644e-05 1
0.808909 4.5662e-05 1
0.809007 4.36997e-05 1
0.809104 4.17784e-05 1
0.809202 3.98989e-05 1
0.809299 3.8062e-05 4
0.809397 3.62684e-05 2
0.809494 3.45189e-05 1
0.809592 3.28141e-05 1
0.809689 3.11548e-05 1
0.809786 2.95415e-05 1
0.809884 2.7975e-05 1
0.809981 2.64555e-05 1
0.810079 2.49836e-05 1
0.810176 2.35593e-05 1
0.810274 2.21827e-05 1
0.810371 2.08538e-05 1
0.810469 1.95726e-05 1
0.810566 1.83387e-05 2
0.810663 1.71522e-05 1
0.810761 1.60129e-05 1
0.810858 1.49208e-05 1
0.810956 1.38759e-05 1
0.811053 1.28783e-05 2
0.811151 1.19281e-05 1
0.811248 1.10257e-05 1
0.811346 1.01712e-05 3
0.811443 9.36495e-06 1
0.811541 8.60736e-06 1
0.811638 7.89869e-06 1
0.811735 7.23933e-06 1
0.811833 6.62966e-06 1
0.81193 6.07006e-06 1
0.812028 5.56089e-06 1
0.812125 5.10252e-06 1
0.812223 4.69524e-06 1
0.81232 4.33931e-06 1
0.812418 4.03488e-06 1
0.812515 3.78203e-06 1
0.812612 3.58076e-06 1
0.81271 3.431e-06 1
0.812807 3.33261e-06 1
0.812905 3.28539e-06 1
0.813002 3.28921e-06 1
0.8131 3.34388e-06 1
0.813197 3.44927e-06 1
0.813295 3.60525e-06 1
0.813392 3.8117e-06 1
0.813489 4.06848e-06 1
0.813587 4.37548e-06 1
0.813684 4.73253e-06 1
0.813782 5.1395e-06 1
0.813879 5.59622e-06 1
0.813977 6.10251e-06 1
0.814074 6.65821e-06 1
0.814172 7.26317e-06 1
0.814269 7.91727e-06 1
0.814366 8.62045e-06 1
0.814464 9.37272e-06 3
0.814561 1.01739e-05 1
0.814659 1.10239e-05 1
0.814756 1.19229e-05 1
0.814854 1.28707e-05 1
0.814951 1.38674e-05 1
0.815049 1.49128e-05 1
0.815146 1.60066e-05 1
0.815243 1.71488e-05 1
0.815341 1.8339e-05 1
0.815438 1.9577e-05 1
0.815536 2.08625e-05 1
0.815633 2.21951e-05 1
0.815731 2.35745e-05 1
0.815828 2.50001e-05 1
0.815926 2.64715e-05 1
0.816023 2.79883e-05 1
0.816121 2.95498e-05 1
0.816218 3.11595e-05 1
0.816315 3.2808e-05 1
0.816413 3.45008e-05 1
0.81651 3.62364e-05 3
0.816608 3.80142e-05 1
0.816705 3.98337e-05 1
0.816803 4.16948e-05 1
0.8169 4.3597e-05 1
0.816998 4.55403e-05 1
0.817095 4.75244e-05 1
0.817192 4.9549e-05 1
0.81729 5.1614e-05 1
0.817387 5.3719e-05 1
0.817485 5.5864e-05 1
0.817582 5.80485e-05 1
0.81768 6.02721e-05 1
0.817777 6.25343e-05 1
0.817875 6.48347e-05 1
0.817972 6.71725e-05 1
0.818069 6.95472e-05 1
0.818167 7.19579e-05 1
0.818264 7.4404e-05 1
0.818362 7.68847e-05 4
0.818459 7.93991e-05 1
0.818557 8.19466e-05 1
0.818654 8.45262e-05 1
0.818752 8.71373e-05 1
0.818849 8.97792e-05 1
0.818946 9.24514e-05 4
0.819044 9.51531e-05 1
0.819141 9.78838e-05 1
0.819239 0.000100643 1
0.819336 0.000103429 1
0.819434 0.000106241 1
0.819531 0.000109075 1
0.819629 0.000111937 1
0.819726 0.000114827 1
0.819823 0.000117744 2
0.819921 0.000120686 1
0.820018 0.000123653 1
0.820116 0.000126644 1
0.820213 0.000129659 1
0.820311 0.000132695 1
0.820408 0.000135754 2
0.820506 0.000138835 4
0.820603 0.000141939 5
0.820701 0.000145065 1
0.820798 0.000148204 4
0.820895 0.000151358 2
0.820993 0.00015453 2
0.82109 0.000157717 2
0.821188 0.000160919 2
0.821285 0.000164134 2
0.821383 0.000167364 5
0.82148 0.000170608 2
0.821578 0.000173865 1
0.821675 0.000177134 1
0.821772 0.000180408 2
0.82187 0.000183689 1
0.821967 0.000186981 1
0.822065 0.000190283 2
0.822162 0.000193593 1
0.82226 0.00019691 1
0.822357 0.000200234 1
0.822455 0.000203564 1
0.822552 0.000206905 1
0.822649 0.000210246 1
0.822747 0.000213593 2
0.822844 0.000216946 1
0.822942 0.000220303 4
0.823039 0.000223663 2
0.823137 0.000227024 1
0.823234 0.000230386 4
0.823332 0.000233747 2
0.823429 0.000237104 1
0.823526 0.000240453 1
0.823624 0.000243794 1
0.823721 0.00024713 1
0.823819 0.000250462 1
0.823916 0.000253787 1
0.824014 0.000257105 3
0.824111 0.000260418 1
0.824209 0.000263723 1
0.824306 0.000267017 1
0.824403 0.00027036 1
0.824501 0.000273631 1
0.824598 0.000276891 1
0.824696 0.00028014 1
0.824793 0.000283437 1
0.824891 0.000286614 2
0.824988 0.000289826 1
0.825086 0.000293025 1
0.825183 0.000296208 1
0.82528 0.000299375 1
0.825378 0.000302526 1
0.825475 0.000305661 1
0.825573 0.000308777 1
0.82567 0.000311877 1
0.825768 0.000314958 1
0.825865 0.000318018 1
0.825963 0.000321057 1
0.82606 0.000324072 1
0.826158 0.000327065 1
0.826255 0.000330035 1
0.826352 0.000332981 1
0.82645 0.000335905 1
0.826547 0.000338807 3
0.826645 0.000341683 1
0.826742 0.000344531 1
0.82684 0.000347351 3
0.826937 0.000350146 3
0.827035 0.000352913 1
0.827132 0.000355652 1
0.827229 0.000358361 1
0.827327 0.000361039 1
0.827424 0.000363686 1
0.827522 0.0003663 1
0.827619 0.000368882 4
0.827717 0.000371434 1
0.827814 0.000373954 1
0.827912 0.000376443 1
0.828009 0.0003789 1
0.828106 0.000381322 1
0.828204 0.000383708 1
0.828301 0.000386059 1
0.828399 0.000388376 4
0.828496 0.00039066 1
0.828594 0.000392989 1
0.828691 0.000395125 1
0.828789 0.000397289 2
0.828886 0.000399413 1
0.828983 0.000401496 1
0.829081 0.000403538 4
0.829178 0.000405539 2
0.829276 0.000407497 4
0.829373 0.000409412 4
0.829471 0.000411285 1
0.829568 0.000413115 1
0.829666 0.000414902 1
0.829763 0.000416648 3
0.82986 0.000418347 1
0.829958 0.000420001 4
0.830055 0.000421613 1
0.830153 0.00042318 1
0.83025 0.000424703 1
0.830348 0.000426181 1
0.830445 0.000427613 4
0.830543 0.000429 2
0.83064 0.000430341 1
0.830738 0.000431636 1
0.830835 0.000432885 1
0.830932 0.000434089 1
0.83103 0.000435247 5
0.831127 0.000436358 1
0.831225 0.00043742 1
0.831322 0.000438429 1
0.83142 0.000439389 1
0.831517 0.000440301 1
0.831615 0.000441167 1
0.831712 0.000441984 4
0.831809 0.000442753 1
0.831907 0.000443474 1
0.832004 0.000444146 1
0.832102 0.000444763 1
0.832199 0.000445331 4
0.832297 0.000445852 1
0.832394 0.000446323 1
0.832492 0.000446741 1
0.832589 0.000447112 1
0.832686 0.000447437 4
0.832784 0.000447713 1
0.832881 0.00044794 1
0.832979 0.00044812 1
0.833076 0.000448248 1
0.833174 0.000448321 4
0.833271 0.000448339 1
0.833369 0.000448305 1
0.833466 0.000448221 1
0.833563 0.000448089 1
0.833661 0.000447905 4
0.833758 0.00044767 1
0.833856 0.000447386 1
0.833953 0.000447052 1
0.834051 0.000446665 1
0.834148 0.000446226 4
0.834246 0.000445735 1
0.834343 0.000445195 1
0.83444 0.000444606 1
0.834538 0.000443968 4
0.834635 0.000443278 1
0.834733 0.000442533 1
0.83483 0.000441738 1
0.834928 0.000440897 1
0.835025 0.000440009 4
0.835123 0.000439069 1
0.83522 0.00043808 1
0.835318 0.000437045 1
0.835415 0.000435962 1
0.835512 0.000434831 1
0.83561 0.000433652 1
0.835707 0.000432517 5
0.835805 0.000431246 1
0.835902 0.000429927 1
0.836 0.00042856 1
0.836097 0.000427148 1
0.836195 0.00042569 1
0.836292 0.000424186 1
0.836389 0.00042264 3
0.836487 0.000421043 2
0.836584 0.000419404 1
0.836682 0.000417721 1
0.836779 0.000415994 1
0.836877 0.000414222 5
0.836974 0.000412408 4
0.837072 0.000410552 1
0.837169 0.000408654 1
0.837266 0.000406716 1
0.837364 0.000404737 1
0.837461 0.000402717 1
0.837559 0.000400657 4
0.837656 0.000398557 1
0.837754 0.000396419 2
0.837851 0.000394243 1
0.837949 0.000392031 4
0.838046 0.000389781 1
0.838143 0.000387496 1
0.838241 0.000385173 1
0.838338 0.000382814 4
0.838436 0.000380421 1
0.838533 0.000377992 1
0.838631 0.000375529 1
0.838728 0.000373031 1
0.838826 0.000370501 1
0.838923 0.000367937 1
0.83902 0.000365352 4
0.839118 0.00036272 1
0.839215 0.000360054 1
0.839313 0.000357357 2
0.83941 0.000354628 1
0.839508 0.000351872 1
0.839605 0.000349089 1
0.839703 0.000346274 1
0.8398 0.000343439 4
0.839898 0.000340578 1
0.839995 0.000337692 1
0.840092 0.000334779 4
0.84019 0.000331844 5
0.840287 0.000328889 2
0.840385 0.000325909 1
0.840482 0.000322905 1
0.84058 0.000319876 1
0.840677 0.000316826 2
0.840775 0.00031376 1
0.840872 0.000310678 2
0.840969 0.000307579 1
0.841067 0.000304463 2
0.841164 0.000301331 1
0.841262 0.000298184 1
0.841359 0.000295018 1
0.841457 0.000291837 1
0.841554 0.000288644 1
0.841652 0.000285439 1
0.841749 0.00028222 1
0.841846 0.000278988 1
0.841944 0.000275742 1
0.842041 0.000272482 2
0.842139 0.000269209 1
0.842236 0.000265924 2
0.842334 0.000262629 2
0.842431 0.000259325 1
0.842529 0.000256013 1
0.842626 0.000252696 1
0.842723 0.000249373 1
0.842821 0.000246045 1
0.842918 0.000242712 3
0.843016 0.000239374 1
0.843113 0.000236034 1
0.843211 0.000232689 1
0.843308 0.000229342 1
0.843406 0.000225993 1
0.843503 0.000222641 1
0.8436 0.000219291 3
0.843698 0.000215946 1
0.843795 0.000212604 1
0.843893 0.000209265 3
0.84399 0.000205932 1
0.844088 0.000202604 1
0.844185 0.000199281 1
0.844283 0.000195964 1
0.84438 0.000192653 2
0.844477 0.000189347 1
0.844575 0.000186049 1
0.844672 0.00018276 2
0.84477 0.000179478 1
0.844867 0.000176204 1
0.844965 0.000172941 1
0.845062 0.00016969 1
0.84516 0.000166451 1
0.845257 0.000163226 1
0.845355 0.000160016 1
0.845452 0.000156821 4
0.845549 0.000153643 1
0.845647 0.000150482 1
0.845744 0.00014734 1
0.845842 0.000144217 1
0.845939 0.000141114 1
0.846037 0.000138031 4
0.846134 0.000134969 1
0.846232 0.00013193 5
0.846329 0.000128913 1
0.846426 0.000125917 4
0.846524 0.000122943 1
0.846621 0.000119991 1
0.846719 0.000117065 2
0.846816 0.000114163 1
0.846914 0.000111285 2
0.847011 0.000108431 1
0.847109 0.0001056 2
0.847206 0.000102795 2
0.847303 0.000100015 1
0.847401 9.72606e-05 1
0.847498 9.45341e-05 1
0.847596 9.18374e-05 1
0.847693 8.91722e-05 1
0.847791 8.65392e-05 1
0.847888 8.3938e-05 3
0.847986 8.13731e-05 1
0.848083 7.88435e-05 1
0.84818 7.63498e-05 1
0.848278 7.38921e-05 1
0.848375 7.14707e-05 1
0.848473 6.90856e-05 1
0.84857 6.6737e-05 1
0.848668 6.44251e-05 4
0.848765 6.21499e-05 1
0.848863 5.99114e-05 1
0.84896 5.77096e-05 1
0.849057 5.55445e-05 1
0.849155 5.34162e-05 1
0.849252 5.1325e-05 1
0.84935 4.92715e-05 1
0.849447 4.72562e-05 1
0.849545 4.52797e-05 1
0.849642 4.33427e-05 1
0.84974 4.14459e-05 1
0.849837 3.95898e-05 1
0.849935 3.77753e-05 1
0.850032 3.60029e-05 1
0.850129 3.42735e-05 1
0.850227 3.25879e-05 4
0.850324 3.09471e-05 1
0.850422 2.93518e-05 1
0.850519 2.78029e-05 2
0.850617 2.63009e-05 1
0.850714 2.48461e-05 1
0.850812 2.34387e-05 1
0.850909 2.20787e-05 1
0.851006 2.07658e-05 1
0.851104 1.95e-05 2
0.851201 1.82811e-05 1
0.851299 1.71091e-05 1
0.851396 1.59837e-05 2
0.851494 1.49051e-05 1
0.851591 1.38734e-05 1
0.851689 1.28886e-05 2
0.851786 1.19509e-05 1
0.851883 1.10604e-05 1
0.851981 1.02172e-05 1
0.852078 9.42162e-06 4
0.852176 8.67383e-06 2
0.852273 7.97416e-06 1
0.852371 7.32296e-06 1
0.852468 6.72055e-06 1
0.852566 6.16736e-06 1
0.852663 5.66379e-06 1
0.85276 5.21027e-06 1
0.852858 4.8071e-06 1
0.852955 4.45464e-06 1
0.853053 4.15306e-06 1
0.85315 3.90253e-06 1
0.853248 3.703e-06 1
0.853345 3.55449e-06 1
0.853443 3.45682e-06 1
0.85354 3.40994e-06 1
0.853637 3.41353e-06 1
0.853735 3.46764e-06 1
0.853832 3.57189e-06 1
0.85393 3.72633e-06 1
0.854027 3.93061e-06 2
0.854125 4.18467e-06 1
0.854222 4.4883e-06 1
0.85432 4.84145e-06 1
0.854417 5.24372e-06 1
0.854515 5.69514e-06 1
0.854612 6.19533e-06 2
0.854709 6.74425e-06 1
0.854807 7.34174e-06 1
0.854904 7.98782e-06 1
0.855002 8.68226e-06 1
0.855099 9.42521e-06 1
0.855197 1.02165e-05 1
0.855294 1.10562e-05 1
0.855392 1.19441e-05 1
0.855489 1.28805e-05 4
0.855586 1.3865e-05 2
0.855684 1.48976e-05 1
0.855781 1.59782e-05 1
0.855879 1.71066e-05 1
0.855976 1.82827e-05 1
0.856074 1.95062e-05 1
0.856171 2.07768e-05 1
0.856269 2.20941e-05 1
0.856366 2.34578e-05 1
0.856463 2.48674e-05 1
0.856561 2.63223e-05 1
0.856658 2.7822e-05 1
0.856756 2.9366e-05 1
0.856853 3.09536e-05 1
0.856951 3.25843e-05 1
0.857048 3.42555e-05 1
0.857146 3.5971e-05 1
0.857243 3.7728e-05 1
0.85734 3.95262e-05 4
0.857438 4.13654e-05 1
0.857535 4.32452e-05 1
0.857633 4.51654e-05 1
0.85773 4.71257e-05 2
0.857828 4.9126e-05 1
0.857925 5.11661e-05 1
0.858023 5.32455e-05 1
0.85812 5.53644e-05 1
0.858217 5.75221e-05 1
0.858315 5.97184e-05 1
0.858412 6.19529e-05 1
0.85851 6.42251e-05 1
0.858607 6.65343e-05 4
0.858705 6.888e-05 1
0.858802 7.12614e-05 1
0.8589 7.36778e-05 1
0.858997 7.61283e-05 1
0.859095 7.86123e-05 1
0.859192 8.11288e-05 2
0.859289 8.36772e-05 2
0.859387 8.62569e-05 1
0.859484 8.8867e-05 1
0.859582 9.15069e-05 4
0.859679 9.41761e-05 1
0.859777 9.68739e-05 1
0.859874 9.95958e-05 1
0.859972 0.000102342 1
0.860069 0.000105112 1
0.860166 0.000107914 1
0.860264 0.000110742 1
0.860361 0.000113597 1
0.860459 0.000116476 1
0.860556 0.000119381 1
0.860654 0.000122311 2
0.860751 0.000125263 1
0.860849 0.000128238 1
0.860946 0.000131236 4
0.861043 0.000134258 1
0.861141 0.000137303 5
0.861238 0.000140362 3
0.861336 0.00014344 4
0.861433 0.000146533 1
0.861531 0.000149644 1
0.861628 0.000152771 2
0.861726 0.000155916 1
0.861823 0.000159075 4
0.86192 0.000162251 4
0.862018 0.000165441 1
0.862115 0.000168644 1
0.862213 0.00017185 1
0.86231 0.000175064 1
0.862408 0.00017829 2
0.862505 0.000181526 1
0.862603 0.000184772 1
0.8627 0.000188025 2
0.862797 0.000191287 1
0.862895 0.000194556 1
0.862992 0.000197832 1
0.86309 0.000201114 1
0.863187 0.000204405 2
0.863285 0.000207699 1
0.863382 0.000210999 1
0.86348 0.000214303 4
0.863577 0.000217611 1
0.863674 0.000220921 1
0.863772 0.000224233 5
0.863869 0.000227543 1
0.863967 0.00023086 2
0.864064 0.000234164 2
0.864162 0.00023746 1
0.864259 0.000240751 1
0.864357 0.000244038 1
0.864454 0.00024732 1
0.864552 0.000250596 4
0.864649 0.000253865 1
0.864746 0.000257127 2
0.864844 0.000260381 2
0.864941 0.000263625 1
0.865039 0.000266859 1
0.865136 0.000270082 1
0.865234 0.000273294 2
0.865331 0.000276496 2
0.865429 0.000279686 1
0.865526 0.000282864 2
0.865623 0.000286029 1
0.865721 0.000289179 1
0.865818 0.000292315 1
0.865916 0.000295434 1
0.866013 0.000298535 1
0.866111 0.000301624 1
0.866208 0.000304696 1
0.866306 0.000307751 2
0.866403 0.000310786 1
0.8665 0.000313802 2
0.866598 0.000316798 1
0.866695 0.000319773 1
0.866793 0.000322721 1
0.86689 0.000325646 1
0.866988 0.000328552 1
0.867085 0.000331447 1
0.867183 0.000334303 3
0.86728 0.00033714 4
0.867377 0.000339948 2
0.867475 0.00034273 1
0.867572 0.000345486 1
0.86767 0.000348216 4
0.867767 0.000350914 1
0.867865 0.000353583 1
0.867962 0.000356221 1
0.86806 0.000358828 1
0.868157 0.000361405 1
0.868254 0.000363951 1
0.868352 0.000366466 5
0.868449 0.000368951 1
0.868547 0.000371405 1
0.868644 0.000373827 1
0.868742 0.000376215 1
0.868839 0.000378568 1
0.868937 0.000380886 1
0.869034 0.000383169 4
0.869132 0.000385417 1
0.869229 0.00038763 4
0.869326 0.000389804 2
0.869424 0.000391938 1
0.869521 0.000394033 1
0.869619 0.000396088 1
0.869716 0.000398104 2
0.869814 0.000400078 1
0.869911 0.000402012 4
0.870009 0.000403903 1
0.870106 0.000405753 1
0.870203 0.000407561 1
0.870301 0.000409326 1
0.870398 0.000411048 1
0.870496 0.000412727 4
0.870593 0.000414364 1
0.870691 0.000415956 1
0.870788 0.000417504 4
0.870886 0.000419009 1
0.870983 0.000420481 4
0.87108 0.000421895 2
0.871178 0.000423265 1
0.871275 0.000424589 1
0.871373 0.000425868 1
0.87147 0.000427103 1
0.871568 0.000428292 1
0.871665 0.000429436 5
0.871763 0.000430533 1
0.87186 0.000431582 1
0.871957 0.00043258 1
0.872055 0.000433529 1
0.872152 0.000434433 1
0.87225 0.000435291 1
0.872347 0.000436101 1
0.872445 0.000436864 4
0.872542 0.000437578 1
0.87264 0.000438242 1
0.872737 0.000438854 1
0.872834 0.000439418 4
0.872932 0.000439935 1
0.873029 0.000440403 1
0.873127 0.000440821 1
0.873224 0.00044119 1
0.873322 0.000441513 4
0.873419 0.000441788 1
0.873517 0.000442014 1
0.873614 0.00044219 1
0.873712 0.000442315 1
0.873809 0.000442387 4
0.873906 0.00044241 4
0.874004 0.000442382 1
0.874101 0.000442304 1
0.874199 0.000442175 4
0.874296 0.00044199 4
0.874394 0.000441759 1
0.874491 0.00044148 1
0.874589 0.00044115 1
0.874686 0.000440769 1
0.874783 0.000440338 4
0.874881 0.000439857 1
0.874978 0.000439327 1
0.875076 0.000438749 1
0.875173 0.000438122 1
0.875271 0.000437444 4
0.875368 0.000436711 1
0.875466 0.000435931 1
0.875563 0.000435106 1
0.87566 0.000434236 4
0.875758 0.000433316 1
0.875855 0.000432348 1
0.875953 0.000431333 1
0.87605 0.000430272 1
0.876148 0.000429162 1
0.876245 0.000428006 1
0.876343 0.000426802 5
0.87644 0.000425552 1
0.876537 0.000424256 1
0.876635 0.000422912 1
0.876732 0.000421524 1
0.87683 0.00042009 1
0.876927 0.000418612 1
0.877025 0.000417091 3
0.877122 0.000415521 2
0.87722 0.000413909 1
0.877317 0.000412252 1
0.877414 0.000410552 1
0.877512 0.000408807 4
0.877609 0.000407022 1
0.877707 0.000405196 4
0.877804 0.000403328 1
0.877902 0.000401421 4
0.877999 0.000399472 1
0.878097 0.000397483 1
0.878194 0.000395455 4
0.878292 0.000393386 4
0.878389 0.00039128 1
0.878486 0.000389137 1
0.878584 0.000386957 1
0.878681 0.000384741 1
0.878779 0.000382489 1
0.878876 0.000380201 1
0.878974 0.000377874 1
0.879071 0.00037551 4
0.879169 0.000373114 1
0.879266 0.000370684 1
0.879363 0.00036822 1
0.879461 0.000365722 1
0.879558 0.000363192 1
0.879656 0.000360629 1
0.879753 0.000358033 1
0.879851 0.000355403 1
0.879948 0.000352742 4
0.880046 0.00035005 2
0.880143 0.00034733 1
0.88024 0.000344582 2
0.880338 0.000341804 1
0.880435 0.000339007 1
0.880533 0.000336185 4
0.88063 0.000333338 4
0.880728 0.000330469 2
0.880825 0.000327573 2
0.880923 0.000324653 5
0.88102 0.000321712 1
0.881117 0.000318749 2
0.881215 0.000315758 1
0.881312 0.000312747 2
0.88141 0.000309718 2
0.881507 0.000306672 2
0.881605 0.000303607 1
0.881702 0.000300527 1
0.8818 0.000297433 1
0.881897 0.000294325 1
0.881994 0.000291201 1
0.882092 0.000288064 1
0.882189 0.000284913 1
0.882287 0.000281749 1
0.882384 0.000278571 1
0.882482 0.000275378 2
0.882579 0.000272171 1
0.882677 0.000268951 2
0.882774 0.000265717 1
0.882871 0.000262473 1
0.882969 0.000259219 1
0.883066 0.000255957 1
0.883164 0.000252687 1
0.883261 0.00024941 1
0.883359 0.000246128 1
0.883456 0.00024284 3
0.883554 0.000239549 1
0.883651 0.000236249 1
0.883749 0.000232949 1
0.883846 0.000229646 1
0.883943 0.000226342 1
0.884041 0.000223036 1
0.884138 0.000219731 1
0.884236 0.000216425 1
0.884333 0.000213122 3
0.884431 0.000209824 1
0.884528 0.000206529 1
0.884626 0.000203238 2
0.884723 0.000199952 4
0.88482 0.000196672 1
0.884918 0.000193399 1
0.885015 0.000190131 2
0.885113 0.000186869 1
0.88521 0.000183613 1
0.885308 0.000180365 1
0.885405 0.000177125 1
0.885503 0.000173895 2
0.8856 0.000170674 1
0.885697 0.000167465 1
0.885795 0.000164269 1
0.885892 0.000161087 1
0.88599 0.000157922 1
0.886087 0.000154771 3
0.886185 0.000151636 1
0.886282 0.000148517 1
0.88638 0.000145414 4
0.886477 0.000142331 1
0.886574 0.000139268 1
0.886672 0.000136227 1
0.886769 0.000133205 4
0.886867 0.000130206 1
0.886964 0.000127228 5
0.887062 0.000124274 1
0.887159 0.000121345 2
0.887257 0.000118438 4
0.887354 0.000115552 1
0.887451 0.000112687 2
0.887549 0.000109846 2
0.887646 0.00010703 1
0.887744 0.000104238 2
0.887841 0.000101472 1
0.887939 9.87312e-05 2
0.888036 9.60164e-05 2
0.888134 9.33282e-05 1
0.888231 9.06678e-05 1
0.888329 8.80365e-05 1
0.888426 8.54372e-05 1
0.888523 8.28712e-05 1
0.888621 8.03391e-05 1
0.888718 7.78417e-05 4
0.888816 7.53798e-05 1
0.888913 7.29536e-05 1
0.889011 7.05632e-05 1
0.889108 6.82084e-05 2
0.889206 6.58895e-05 1
0.889303 6.36065e-05 1
0.8894 6.13598e-05 1
0.889498 5.91495e-05 4
0.889595 5.69758e-05 2
0.889693 5.48387e-05 1
0.88979 5.27383e-05 1
0.889888 5.06745e-05 1
0.889985 4.86475e-05 1
0.890083 4.6658e-05 1
0.89018 4.47065e-05 1
0.890277 4.27939e-05 1
0.890375 4.0921e-05 1
0.890472 3.90887e-05 1
0.89057 3.72978e-05 1
0.890667 3.5549e-05 1
0.890765 3.38428e-05 1
0.890862 3.218e-05 1
0.89096 3.05609e-05 1
0.891057 2.89864e-05 1
0.891154 2.74569e-05 1
0.891252 2.59732e-05 1
0.891349 2.45358e-05 1
0.891447 2.3145e-05 2
0.891544 2.18013e-05 3
0.891642 2.05045e-05 1
0.891739 1.92547e-05 1
0.891837 1.80516e-05 1
0.891934 1.68951e-05 1
0.892031 1.57848e-05 1
0.892129 1.47209e-05 1
0.892226 1.37032e-05 1
0.892324 1.27318e-05 1
0.892421 1.18068e-05 1
0.892519 1.09284e-05 1
0.892616 1.00969e-05 1
0.892714 9.3123e-06 1
0.892811 8.57499e-06 1
0.892909 7.8852e-06 1
0.893006 7.24321e-06 1
0.893103 6.64934e-06 1
0.893201 6.10391e-06 1
0.893298 5.60732e-06 1
0.893396 5.15995e-06 1
0.893493 4.76219e-06 1
0.893591 4.41431e-06 1
0.893688 4.11659e-06 1
0.893786 3.8692e-06 1
0.893883 3.67227e-06 1
0.89398 3.5258e-06 1
0.894078 3.42974e-06 1
0.894175 3.38396e-06 1
0.894273 3.38834e-06 1
0.89437 3.44274e-06 1
0.894468 3.54694e-06 1
0.894565 3.70077e-06 1
0.894663 3.90403e-06 1
0.89476 4.15655e-06 1
0.894857 4.45813e-06 1
0.894955 4.80857e-06 1
0.895052 5.20765e-06 1
0.89515 5.65514e-06 1
0.895247 6.15083e-06 1
0.895345 6.69449e-06 1
0.895442 7.28595e-06 1
0.89554 7.92511e-06 1
0.895637 8.61188e-06 1
0.895734 9.34622e-06 1
0.895832 1.01282e-05 1
0.895929 1.09577e-05 1
0.896027 1.18348e-05 1
0.896124 1.27595e-05 1
0.896222 1.37317e-05 1
0.896319 1.47514e-05 1
0.896417 1.58185e-05 1
0.896514 1.69327e-05 1
0.896611 1.80939e-05 1
0.896709 1.93018e-05 1
0.896806 2.05559e-05 1
0.896904 2.18561e-05 1
0.897001 2.32018e-05 1
0.897099 2.45927e-05 1
0.897196 2.60282e-05 3
0.897294 2.75079e-05 1
0.897391 2.9031e-05 1
0.897489 3.05973e-05 1
0.897586 3.2206e-05 1
0.897683 3.38568e-05 1
0.897781 3.5549e-05 1
0.897878 3.72845e-05 1
0.897976 3.90582e-05 1
0.898073 4.08723e-05 1
0.898171 4.27238e-05 1
0.898268 4.46177e-05 1
0.898366 4.65511e-05 1
0.898463 4.85239e-05 1
0.89856 5.05358e-05 1
0.898658 5.25867e-05 1
0.898755 5.46764e-05 1
0.898853 5.68046e-05 1
0.89895 5.89709e-05 1
0.899048 6.11749e-05 1
0.899145 6.34161e-05 4
0.899243 6.56939e-05 1
0.89934 6.80076e-05 1
0.899437 7.03565e-05 1
0.899535 7.27399e-05 1
0.899632 7.5157e-05 1
0.89973 7.7607e-05 1
0.899827 8.00891e-05 1
0.899925 8.26027e-05 4
0.900022 8.5147e-05 1
0.90012 8.77212e-05 1
0.900217 9.03247e-05 1
0.900314 9.29529e-05 1
0.900412 9.56065e-05 1
0.900509 9.82881e-05 1
0.900607 0.000100998 1
0.900704 0.000103736 1
0.900802 0.0001065 2
0.900899 0.000109289 1
0.900997 0.000112105 1
0.901094 0.000114945 1
0.901191 0.00011781 1
0.901289 0.000120698 1
0.901386 0.00012361 2
0.901484 0.000126547 4
0.901581 0.000129508 1
0.901679 0.000132482 5
0.901776 0.000135479 1
0.901874 0.000138498 5
0.901971 0.000141534 2
0.902068 0.000144589 1
0.902166 0.00014766 1
0.902263 0.000150749 1
0.902361 0.000153855 4
0.902458 0.000156969 1
0.902556 0.000160096 4
0.902653 0.000163239 2
0.902751 0.000166396 1
0.902848 0.000169564 1
0.902946 0.000172742 1
0.903043 0.000175931 1
0.90314 0.000179128 1
0.903238 0.000182333 1
0.903335 0.000185547 1
0.903433 0.000188769 1
0.90353 0.000191999 1
0.903628 0.000195242 1
0.903725 0.000198486 1
0.903823 0.000201738 1
0.90392 0.000204997 4
0.904017 0.000208261 2
0.904115 0.000211528 1
0.904212 0.000214797 1
0.90431 0.000218068 4
0.904407 0.000221339 1
0.904505 0.000224609 1
0.904602 0.000227878 2
0.9047 0.000231139 1
0.904797 0.000234394 1
0.904894 0.000237646 1
0.904992 0.000240895 1
0.905089 0.000244138 1
0.905187 0.000247377 4
0.905284 0.000250611 1
0.905382 0.000253839 2
0.905479 0.000257057 1
0.905577 0.000260264 2
0.905674 0.00026346 1
0.905771 0.000266646 1
0.905869 0.000269822 1
0.905966 0.000272987 1
0.906064 0.000276141 1
0.906161 0.000279281 1
0.906259 0.000282409 1
0.906356 0.000285522 1
0.906454 0.000288621 1
0.906551 0.000291706 1
0.906648 0.000294775 1
0.906746 0.000297826 2
0.906843 0.000300862 2
0.906941 0.00030388 1
0.907038 0.000306878 1
0.907136 0.000309856 1
0.907233 0.000312813 1
0.907331 0.000315749 1
0.907428 0.000318663 1
0.907526 0.000321557 1
0.907623 0.000324431 1
0.90772 0.000327281 3
0.907818 0.000330104 1
0.907915 0.000332902 1
0.908013 0.000335675 4
0.90811 0.000338423 4
0.908208 0.000341145 1
0.908305 0.00034384 1
0.908403 0.000346506 1
0.9085 0.000349142 1
0.908597 0.000351748 1
0.908695 0.000354328 1
0.908792 0.000356871 5
0.90889 0.000359385 1
0.908987 0.000361871 1
0.909085 0.000364326 1
0.909182 0.000366747 1
0.90928 0.000369137 1
0.909377 0.000371493 1
0.909474 0.000373815 1
0.909572 0.000376103 4
0.909669 0.000378358 1
0.909767 0.000380579 1
0.909864 0.000382763 1
0.909962 0.000384909 1
0.910059 0.000387013 1
0.910157 0.000389076 1
0.910254 0.0003911 4
0.910351 0.000393084 1
0.910449 0.000395028 4
0.910546 0.000396931 2
0.910644 0.000398794 1
0.910741 0.000400618 4
0.910839 0.0004024 1
0.910936 0.000404142 3
0.911034 0.000405837 2
0.911131 0.000407489 1
0.911228 0.000409097 4
0.911326 0.000410665 1
0.911423 0.000412188 1
0.911521 0.000413667 1
0.911618 0.000415102 4
0.911716 0.000416493 2
0.911813 0.00041784 1
0.911911 0.000419142 1
0.912008 0.000420399 1
0.912106 0.000421612 1
0.912203 0.000422781 1
0.9123 0.000423904 5
0.912398 0.000424982 1
0.912495 0.000426008 1
0.912593 0.000426987 1
0.91269 0.00042792 1
0.912788 0.000428807 1
0.912885 0.000429647 1
0.912983 0.00043044 4
0.91308 0.000431188 1
0.913177 0.000431886 1
0.913275 0.000432536 1
0.913372 0.000433133 1
0.91347 0.000433683 4
0.913567 0.000434186 1
0.913665 0.00043464 1
0.913762 0.000435046 1
0.91386 0.000435405 1
0.913957 0.000435718 4
0.914054 0.000435984 1
0.914152 0.000436202 1
0.914249 0.000436371 1
0.914347 0.000436489 1
0.914444 0.000436557 4
0.914542 0.000436574 1
0.914639 0.000436541 1
0.914737 0.00043646 1
0.914834 0.000436331 4
0.914931 0.000436144 4
0.915029 0.000435908 1
0.915126 0.000435625 1
0.915224 0.000435293 1
0.915321 0.000434912 1
0.915419 0.000434482 4
0.915516 0.000434003 1
0.915614 0.000433476 1
0.915711 0.000432901 1
0.915808 0.000432278 1
0.915906 0.000431602 4
0.916003 0.000430873 1
0.916101 0.000430097 1
0.916198 0.000429277 1
0.916296 0.000428411 4
0.916393 0.000427498 1
0.916491 0.000426537 1
0.916588 0.000425532 1
0.916686 0.000424479 1
0.916783 0.000423379 1
0.91688 0.000422233 1
0.916978 0.00042104 1
0.917075 0.000419802 5
0.917173 0.000418517 1
0.91727 0.000417188 1
0.917368 0.000415813 1
0.917465 0.000414394 1
0.917563 0.000412931 1
0.91766 0.000411425 1
0.917757 0.000409878 3
0.917855 0.000408282 2
0.917952 0.000406645 4
0.91805 0.000404965 1
0.918147 0.000403242 1
0.918245 0.000401477 4
0.918342 0.000399671 1
0.91844 0.000397836 2
0.918537 0.000395952 1
0.918634 0.000394029 1
0.918732 0.000392066 1
0.918829 0.000390064 1
0.918927 0.000388024 4
0.919024 0.000385945 1
0.919122 0.00038383 2
0.919219 0.000381678 1
0.919317 0.000379491 1
0.919414 0.000377269 3
0.919511 0.000375009 1
0.919609 0.000372714 1
0.919706 0.000370386 4
0.919804 0.000368025 1
0.919901 0.000365629 1
0.919999 0.000363199 1
0.920096 0.000360737 1
0.920194 0.000358243 1
0.920291 0.000355718 1
0.920388 0.000353159 4
0.920486 0.000350567 1
0.920583 0.000347944 1
0.920681 0.000345291 2
0.920778 0.00034261 1
0.920876 0.000339904 1
0.920973 0.000337172 1
0.921071 0.000334416 1
0.921168 0.000331635 4
0.921266 0.000328829 1
0.921363 0.000326 1
0.92146 0.000323147 4
0.921558 0.000320271 5
0.921655 0.000317373 2
0.921753 0.000314455 1
0.92185 0.000311514 1
0.921948 0.000308548 1
0.922045 0.000305561 1
0.922143 0.000302559 1
0.92224 0.000299542 2
0.922337 0.000296509 2
0.922435 0.000293461 2
0.922532 0.000290397 2
0.92263 0.000287319 1
0.922727 0.000284223 1
0.922825 0.000281114 2
0.922922 0.000277995 1
0.92302 0.000274863 1
0.923117 0.00027172 1
0.923214 0.000268564 1
0.923312 0.000265391 2
0.923409 0.000262209 1
0.923507 0.000259015 2
0.923604 0.00025581 1
0.923702 0.000252596 1
0.923799 0.000249374 1
0.923897 0.000246146 2
0.923994 0.000242912 1
0.924091 0.000239674 1
0.924189 0.000236431 1
0.924286 0.000233184 3
0.924384 0.000229933 1
0.924481 0.000226679 1
0.924579 0.000223422 1
0.924676 0.000220163 1
0.924774 0.000216904 1
0.924871 0.000213642 1
0.924968 0.000210382 1
0.925066 0.000207128 3
0.925163 0.000203877 1
0.925261 0.000200631 1
0.925358 0.000197389 2
0.925456 0.000194154 4
0.925553 0.000190925 1
0.925651 0.000187701 1
0.925748 0.000184484 2
0.925845 0.000181273 1
0.925943 0.000178068 1
0.92604 0.00017487 1
0.926138 0.000171682 1
0.926235 0.000168506 2
0.926333 0.000165343 1
0.92643 0.000162191 1
0.926528 0.000159051 1
0.926625 0.000155924 1
0.926723 0.00015281 1
0.92682 0.000149712 1
0.926917 0.000146631 3
0.927015 0.000143568 1
0.927112 0.000140524 4
0.92721 0.0001375 1
0.927307 0.000134497 1
0.927405 0.000131514 1
0.927502 0.000128555 2
0.9276 0.00012562 4
0.927697 0.000122703 6
0.927794 0.000119808 3
0.927892 0.000116937 1
0.927989 0.000114089 2
0.928087 0.000111263 4
0.928184 0.000108457 1
0.928282 0.000105675 1
0.928379 0.00010292 1
0.928477 0.000100189 1
0.928574 9.7484e-05 2
0.928671 9.48057e-05 1
0.928769 9.21548e-05 1
0.928866 8.95322e-05 1
0.928964 8.69384e-05 1
0.929061 8.43739e-05 1
0.929159 8.18405e-05 1
0.929256 7.93404e-05 1
0.929354 7.68748e-05 4
0.929451 7.44434e-05 1
0.929548 7.20435e-05 1
0.929646 6.96813e-05 1
0.929743 6.73567e-05 1
0.929841 6.50679e-05 2
0.929938 6.28152e-05 2
0.930036 6.05973e-05 1
0.930133 5.84171e-05 1
0.930231 5.62736e-05 1
0.930328 5.41667e-05 1
0.930425 5.20966e-05 1
0.930523 5.00633e-05 4
0.93062 4.80668e-05 2
0.930718 4.61072e-05 1
0.930815 4.41851e-05 1
0.930913 4.2301e-05 1
0.93101 4.04556e-05 1
0.931108 3.865e-05 1
0.931205 3.68848e-05 1
0.931303 3.51611e-05 1
0.9314 3.34795e-05 1
0.931497 3.18408e-05 1
0.931595 3.02455e-05 1
0.931692 2.86944e-05 1
0.93179 2.71879e-05 1
0.931887 2.57267e-05 1
0.931985 2.43113e-05 1
0.932082 2.29421e-05 4
0.93218 2.16195e-05 1
0.932277 2.03434e-05 1
0.932374 1.91138e-05 1
0.932472 1.79305e-05 2
0.932569 1.67933e-05 1
0.932667 1.57018e-05 1
0.932764 1.4656e-05 1
0.932862 1.36557e-05 1
0.932959 1.2701e-05 1
0.933057 1.1792e-05 1
0.933154 1.09288e-05 1
0.933251 1.01116e-05 1
0.933349 9.34069e-06 1
0.933446 8.61628e-06 1
0.933544 7.93882e-06 2
0.933641 7.30846e-06 1
0.933739 6.72565e-06 1
0.933836 6.19057e-06 1
0.933934 5.70383e-06 1
0.934031 5.26554e-06 1
0.934128 4.87632e-06 1
0.934226 4.53619e-06 2
0.934323 4.24568e-06 1
0.934421 4.00486e-06 1
0.934518 3.81392e-06 1
0.934616 3.67276e-06 1
0.934713 3.58145e-06 1
0.934811 3.5397e-06 1
0.934908 3.54752e-06 1
0.935005 3.60447e-06 1
0.935103 3.71065e-06 2
0.9352 3.86555e-06 1
0.935298 4.06914e-06 1
0.935395 4.32113e-06 1
0.935493 4.62148e-06 1
0.93559 4.96981e-06 1
0.935688 5.36613e-06 1
0.935785 5.81e-06 1
0.935883 6.30145e-06 1
0.93598 6.84003e-06 2
0.936077 7.42571e-06 1
0.936175 8.05832e-06 1
0.936272 8.73791e-06 1
0.93637 9.46423e-06 1
0.936467 1.02375e-05 1
0.936565 1.10575e-05 2
0.936662 1.19244e-05 1
0.93676 1.28381e-05 1
0.936857 1.37987e-05 1
0.936954 1.48059e-05 1
0.937052 1.58597e-05 1
0.937149 1.69599e-05 1
0.937247 1.81065e-05 1
0.937344 1.92989e-05 1
0.937442 2.05372e-05 2
0.937539 2.18208e-05 1
0.937637 2.31496e-05 1
0.937734 2.45229e-05 1
0.937831 2.59405e-05 4
0.937929 2.74017e-05 1
0.938026 2.8906e-05 1
0.938124 3.04527e-05 2
0.938221 3.20415e-05 1
0.938319 3.36716e-05 1
0.938416 3.53427e-05 1
0.938514 3.7054e-05 1
0.938611 3.88054e-05 2
0.938708 4.05964e-05 1
0.938806 4.24267e-05 1
0.938903 4.4296e-05 1
0.939001 4.62043e-05 1
0.939098 4.81511e-05 1
0.939196 5.01366e-05 1
0.939293 5.21592e-05 1
0.939391 5.4221e-05 1
0.939488 5.63204e-05 4
0.939585 5.84574e-05 1
0.939683 6.06314e-05 1
0.93978 6.2842e-05 1
0.939878 6.50886e-05 1
0.939975 6.73708e-05 2
0.940073 6.96843e-05 1
0.94017 7.20356e-05 1
0.940268 7.442e-05 1
0.940365 7.6837e-05 4
0.940463 7.92858e-05 1
0.94056 8.17657e-05 1
0.940657 8.4276e-05 1
0.940755 8.68144e-05 1
0.940852 8.93772e-05 1
0.94095 9.19666e-05 1
0.941047 9.45854e-05 2
0.941145 9.72325e-05 1
0.941242 9.99069e-05 1
0.94134 0.000102608 1
0.941437 0.000105335 1
0.941534 0.000108089 1
0.941632 0.000110865 1
0.941729 0.000113665 1
0.941827 0.000116488 1
0.941924 0.000119335 1
0.942022 0.000122207 4
0.942119 0.000125104 5
0.942217 0.000128024 1
0.942314 0.000130958 4
0.942411 0.000133911 2
0.942509 0.000136883 1
0.942606 0.000139874 1
0.942704 0.000142883 2
0.942801 0.00014591 1
0.942899 0.000148953 4
0.942996 0.000152014 4
0.943094 0.00015509 2
0.943191 0.000158183 1
0.943288 0.000161286 1
0.943386 0.000164402 1
0.943483 0.000167529 1
0.943581 0.000170665 1
0.943678 0.000173802 1
0.943776 0.000176945 1
0.943873 0.0001801 1
0.943971 0.000183264 1
0.944068 0.000186437 1
0.944165 0.000189617 1
0.944263 0.000192805 1
0.94436 0.000196 1
0.944458 0.000199201 1
0.944555 0.000202407 4
0.944653 0.000205618 2
0.94475 0.000208832 1
0.944848 0.00021205 4
0.944945 0.000215271 2
0.945042 0.000218498 1
0.94514 0.000221719 1
0.945237 0.000224933 1
0.945335 0.000228144 1
0.945432 0.000231353 2
0.94553 0.000234558 1
0.945627 0.000237759 3
0.945725 0.000240955 1
0.945822 0.000244146 1
0.94592 0.000247331 1
0.946017 0.000250507 1
0.946114 0.000253675 1
0.946212 0.000256834 1
0.946309 0.000259982 1
0.946407 0.000263121 1
0.946504 0.00026625 1
0.946602 0.000269368 1
0.946699 0.000272474 1
0.946797 0.000275567 1
0.946894 0.000278647 1
0.946991 0.000281712 1
0.947089 0.000284763 1
0.947186 0.000287805 1
0.947284 0.000290829 1
0.947381 0.000293837 1
0.947479 0.000296828 1
0.947576 0.000299802 1
0.947674 0.000302758 1
0.947771 0.000305695 1
0.947868 0.000308611 1
0.947966 0.000311505 1
0.948063 0.000314379 1
0.948161 0.000317234 1
0.948258 0.00032007 1
0.948356 0.000322885 3
0.948453 0.000325672 3
0.948551 0.000328434 1
0.948648 0.00033117 1
0.948745 0.000333881 1
0.948843 0.000336566 3
0.94894 0.000339223 1
0.949038 0.000341851 1
0.949135 0.000344456 1
0.949233 0.000347019 1
0.94933 0.000349557 1
0.949428 0.000352066 1
0.949525 0.000354546 4
0.949622 0.000356998 1
0.94972 0.000359421 1
0.949817 0.000361812 1
0.949915 0.000364171 1
0.950012 0.000366496 1
0.95011 0.000368788 1
0.950207 0.000371046 4
0.950305 0.000373272 1
0.950402 0.000375464 1
0.9505 0.000377619 1
0.950597 0.000379735 4
0.950694 0.00038181 2
0.950792 0.000383848 1
0.950889 0.000385848 1
0.950987 0.000387808 2
0.951084 0.000389728 4
0.951182 0.000391609 1
0.951279 0.00039345 1
0.951377 0.000395251 1
0.951474 0.000397011 1
0.951571 0.000398728 1
0.951669 0.000400401 4
0.951766 0.000402032 4
0.951864 0.000403623 1
0.951961 0.00040517 1
0.952059 0.000406675 1
0.952156 0.000408136 1
0.952254 0.000409554 4
0.952351 0.000410927 2
0.952448 0.000412257 1
0.952546 0.000413543 1
0.952643 0.000414785 1
0.952741 0.000415983 1
0.952838 0.000417138 5
0.952936 0.000418249 1
0.953033 0.000419314 1
0.953131 0.000420328 1
0.953228 0.000421295 1
0.953325 0.000422217 1
0.953423 0.000423095 1
0.95352 0.000423927 1
0.953618 0.000424713 4
0.953715 0.000425454 1
0.953813 0.000426146 1
0.95391 0.000426785 1
0.954008 0.000427377 1
0.954105 0.000427925 4
0.954202 0.000428424 1
0.9543 0.000428875 1
0.954397 0.000429277 1
0.954495 0.000429634 1
0.954592 0.000429946 4
0.95469 0.00043021 1
0.954787 0.000430427 1
0.954885 0.000430597 1
0.954982 0.000430715 1
0.95508 0.00043078 4
0.955177 0.000430793 1
0.955274 0.000430755 1
0.955372 0.000430669 1
0.955469 0.000430539 1
0.955567 0.000430359 4
0.955664 0.00043013 1
0.955762 0.000429854 1
0.955859 0.000429529 1
0.955957 0.000429154 1
0.956054 0.00042873 4
0.956151 0.000428257 1
0.956249 0.000427737 1
0.956346 0.000427169 1
0.956444 0.000426555 4
0.956541 0.000425891 1
0.956639 0.000425176 1
0.956736 0.000424414 1
0.956834 0.000423608 1
0.956931 0.000422755 1
0.957028 0.000421849 4
0.957126 0.000420901 1
0.957223 0.000419907 1
0.957321 0.000418868 1
0.957418 0.000417783 1
0.957516 0.000416653 1
0.957613 0.000415478 1
0.957711 0.000414257 5
0.957808 0.000412992 1
0.957905 0.000411682 1
0.958003 0.000410327 1
0.9581 0.000408929 1
0.958198 0.000407487 1
0.958295 0.000406003 3
0.958393 0.000404472 2
0.95849 0.0004029 1
0.958588 0.000401285 1
0.958685 0.000399627 1
0.958782 0.000397927 4
0.95888 0.000396186 1
0.958977 0.000394406 1
0.959075 0.000392587 4
0.959172 0.000390728 1
0.95927 0.000388829 4
0.959367 0.000386892 1
0.959465 0.000384916 1
0.959562 0.000382902 4
0.95966 0.00038085 4
0.959757 0.000378761 1
0.959854 0.000376637 1
0.959952 0.000374478 1
0.960049 0.000372284 1
0.960147 0.000370055 2
0.960244 0.00036779 1
0.960342 0.000365489 1
0.960439 0.000363155 4
0.960537 0.000360788 1
0.960634 0.000358388 1
0.960731 0.000355955 1
0.960829 0.000353492 1
0.960926 0.000350996 1
0.961024 0.000348468 1
0.961121 0.000345909 1
0.961219 0.00034332 4
0.961316 0.0003407 2
0.961414 0.000338053 1
0.961511 0.00033538 2
0.961608 0.000332681 1
0.961706 0.000329958 1
0.961803 0.00032721 1
0.961901 0.00032444 4
0.961998 0.000321646 4
0.962096 0.00031883 2
0.962193 0.000315987 2
0.962291 0.000313123 5
0.962388 0.000310238 1
0.962485 0.000307333 1
0.962583 0.000304401 1
0.96268 0.00030145 2
0.962778 0.000298483 1
0.962875 0.000295501 2
0.962973 0.000292504 1
0.96307 0.000289492 2
0.963168 0.000286463 1
0.963265 0.000283421 1
0.963362 0.000280366 1
0.96346 0.000277298 2
0.963557 0.000274219 1
0.963655 0.000271128 1
0.963752 0.000268024 1
0.96385 0.000264907 2
0.963947 0.000261777 1
0.964045 0.000258633 2
0.964142 0.000255477 1
0.964239 0.000252312 1
0.964337 0.000249137 1
0.964434 0.000245955 1
0.964532 0.000242767 1
0.964629 0.000239573 1
0.964727 0.000236374 1
0.964824 0.000233172 1
0.964922 0.000229965 1
0.965019 0.000226755 3
0.965117 0.000223542 1
0.965214 0.000220327 1
0.965311 0.000217111 1
0.965409 0.000213894 1
0.965506 0.000210678 1
0.965604 0.000207461 1
0.965701 0.000204247 1
0.965799 0.000201039 3
0.965896 0.000197838 2
0.965994 0.000194642 1
0.966091 0.00019145 1
0.966188 0.000188263 4
0.966286 0.000185083 2
0.966383 0.000181911 1
0.966481 0.000178744 1
0.966578 0.000175585 2
0.966676 0.000172431 1
0.966773 0.000169287 1
0.966871 0.000166152 1
0.966968 0.000163029 1
0.967065 0.000159919 1
0.967163 0.000156822 1
0.96726 0.000153739 2
0.967358 0.000150671 1
0.967455 0.000147618 1
0.967553 0.000144582 1
0.96765 0.000141564 1
0.967748 0.000138565 4
0.967845 0.000135585 4
0.967942 0.000132625 1
0.96804 0.000129685 1
0.968137 0.000126767 1
0.968235 0.000123871 2
0.968332 0.000120995 4
0.96843 0.000118144 1
0.968527 0.000115316 5
0.968625 0.000112509 1
0.968722 0.000109725 4
0.968819 0.000106963 2
0.968917 0.000104222 1
0.969014 0.000101506 1
0.969112 9.88141e-05 1
0.969209 9.61477e-05 1
0.969307 9.3507e-05 1
0.969404 9.08928e-05 1
0.969502 8.83064e-05 1
0.969599 8.57486e-05 1
0.969697 8.32215e-05 1
0.969794 8.07261e-05 1
0.969891 7.8261e-05 1
0.969989 7.58299e-05 1
0.970086 7.3434e-05 1
0.970184 7.10727e-05 1
0.970281 6.87455e-05 1
0.970379 6.6453e-05 1
0.970476 6.41959e-05 4
0.970574 6.19746e-05 2
0.970671 5.97893e-05 1
0.970768 5.76397e-05 1
0.970866 5.5526e-05 1
0.970963 5.34483e-05 1
0.971061 5.14069e-05 1
0.971158 4.9402e-05 4
0.971256 4.74332e-05 2
0.971353 4.55019e-05 1
0.971451 4.36078e-05 1
0.971548 4.17516e-05 1
0.971645 3.99337e-05 1
0.971743 3.81549e-05 1
0.97184 3.64158e-05 1
0.971938 3.47172e-05 1
0.972035 3.30598e-05 1
0.972133 3.14443e-05 1
0.97223 2.98712e-05 1
0.972328 2.83412e-05 1
0.972425 2.6855e-05 1
0.972522 2.5413e-05 1
0.97262 2.4016e-05 1
0.972717 2.26643e-05 1
0.972815 2.13584e-05 1
0.972912 2.00986e-05 1
0.97301 1.88849e-05 1
0.973107 1.77173e-05 1
0.973205 1.65955e-05 1
0.973302 1.55194e-05 1
0.973399 1.44887e-05 2
0.973497 1.35033e-05 1
0.973594 1.25632e-05 1
0.973692 1.16683e-05 4
0.973789 1.08188e-05 1
0.973887 1.00147e-05 1
0.973984 9.25632e-06 2
0.974082 8.54374e-06 1
0.974179 7.87719e-06 1
0.974277 7.25681e-06 1
0.974374 6.68302e-06 1
0.974471 6.15595e-06 1
0.974569 5.6761e-06 1
0.974666 5.24366e-06 1
0.974764 4.85918e-06 1
0.974861 4.5228e-06 1
0.974959 4.23507e-06 1
0.975056 3.99603e-06 1
0.975154 3.8061e-06 2
0.975251 3.66528e-06 1
0.975348 3.57372e-06 1
0.975446 3.53125e-06 1
0.975543 3.53799e-06 1
0.975641 3.59362e-06 1
0.975738 3.69815e-06 1
0.975836 3.85108e-06 1
0.975933 4.05248e-06 2
0.976031 4.30181e-06 1
0.976128 4.59901e-06 1
0.976225 4.94373e-06 1
0.976323 5.33585e-06 1
0.97642 5.77496e-06 1
0.976518 6.26096e-06 1
0.976615 6.79344e-06 2
0.976713 7.37225e-06 1
0.97681 7.9972e-06 1
0.976908 8.66829e-06 1
0.977005 9.38527e-06 1
0.977102 1.01483e-05 1
0.9772 1.09573e-05 1
0.977297 1.18125e-05 1
0.977395 1.27136e-05 1
0.977492 1.36609e-05 2
0.97759 1.46542e-05 1
0.977687 1.56936e-05 1
0.977785 1.67787e-05 4
0.977882 1.79095e-05 1
0.977979 1.90857e-05 1
0.978077 2.03072e-05 1
0.978174 2.15735e-05 2
0.978272 2.28844e-05 1
0.978369 2.42394e-05 1
0.978467 2.5638e-05 2
0.978564 2.70799e-05 1
0.978662 2.85644e-05 1
0.978759 3.00909e-05 1
0.978857 3.16589e-05 1
0.978954 3.32678e-05 1
0.979051 3.49171e-05 1
0.979149 3.66061e-05 1
0.979246 3.83346e-05 1
0.979344 4.01019e-05 1
0.979441 4.19081e-05 1
0.979539 4.37525e-05 1
0.979636 4.56353e-05 1
0.979734 4.75559e-05 1
0.979831 4.95146e-05 4
0.979928 5.15109e-05 2
0.980026 5.35447e-05 1
0.980123 5.56158e-05 1
0.980221 5.7724e-05 1
0.980318 5.98688e-05 1
0.980416 6.20498e-05 1
0.980513 6.42666e-05 1
0.980611 6.65185e-05 1
0.980708 6.88049e-05 1
0.980805 7.11251e-05 1
0.980903 7.34782e-05 4
0.981 7.58638e-05 1
0.981098 7.82808e-05 1
0.981195 8.07245e-05 1
0.981293 8.31967e-05 1
0.98139 8.56983e-05 1
0.981488 8.8229e-05 2
0.981585 9.07884e-05 1
0.981682 9.33755e-05 1
0.98178 9.59895e-05 1
0.981877 9.86299e-05 1
0.981975 0.000101296 1
0.982072 0.000103984 2
0.98217 0.0001067 1
0.982267 0.000109442 1
0.982365 0.000112209 4
0.982462 0.000115002 1
0.982559 0.000117814 1
0.982657 0.000120648 2
0.982754 0.000123505 5
0.982852 0.000126382 4
0.982949 0.000129281 3
0.983047 0.000132199 2
0.983144 0.000135131 2
0.983242 0.00013808 4
0.983339 0.000141051 1
0.983436 0.000144041 1
0.983534 0.000147048 4
0.983631 0.00015007 1
0.983729 0.000153107 1
0.983826 0.000156156 1
0.983924 0.000159217 1
0.984021 0.000162289 1
0.984119 0.000165371 1
0.984216 0.000168463 1
0.984314 0.000171567 1
0.984411 0.000174681 1
0.984508 0.000177805 2
0.984606 0.000180939 1
0.984703 0.000184081 1
0.984801 0.000187231 1
0.984898 0.000190387 1
0.984996 0.000193549 4
0.985093 0.000196716 1
0.985191 0.000199886 1
0.985288 0.000203061 2
0.985385 0.000206243 4
0.985483 0.000209421 1
0.98558 0.000212602 1
0.985678 0.000215783 2
0.985775 0.000218959 1
0.985873 0.000222132 1
0.98597 0.000225303 1
0.986068 0.000228473 1
0.986165 0.000231639 1
0.986262 0.000234802 4
0.98636 0.000237964 1
0.986457 0.000241121 1
0.986555 0.000244271 1
0.986652 0.00024741 2
0.98675 0.000250541 1
0.986847 0.000253662 1
0.986945 0.000256774 1
0.987042 0.000259876 1
0.987139 0.000262967 1
0.987237 0.000266047 1
0.987334 0.000269116 1
0.987432 0.000272172 1
0.987529 0.000275214 1
0.987627 0.000278244 1
0.987724 0.000281259 1
0.987822 0.000284258 1
0.987919 0.000287243 2
0.988016 0.000290213 1
0.988114 0.000293165 2
0.988211 0.000296099 1
0.988309 0.000299014 2
0.988406 0.00030191 1
0.988504 0.000304786 1
0.988601 0.000307641 1
0.988699 0.000310477 1
0.988796 0.000313293 1
0.988894 0.000316094 3
0.988991 0.000318863 1
0.989088 0.000321608 1
0.989186 0.000324332 4
0.989283 0.000327031 2
0.989381 0.000329711 4
0.989478 0.000332358 1
0.989576 0.000334976 1
0.989673 0.000337564 1
0.989771 0.000340124 1
0.989868 0.000342654 1
0.989965 0.000345156 4
0.990063 0.000347629 1
0.99016 0.000350074 1
0.990258 0.00035249 2
0.990355 0.000354875 1
0.990453 0.000357228 1
0.99055 0.000359548 1
0.990648 0.000361835 1
0.990745 0.00036409 1
0.990842 0.000366312 4
0.99094 0.000368502 1
0.991037 0.000370657 1
0.991135 0.000372772 2
0.991232 0.00037485 1
0.99133 0.000376889 4
0.991427 0.000378892 1
0.991525 0.000380857 1
0.991622 0.000382784 1
0.991719 0.000384673 4
0.991817 0.000386524 1
0.991914 0.000388335 1
0.992012 0.000390105 1
0.992109 0.000391835 1
0.992207 0.000393524 3
0.992304 0.000395167 4
0.992402 0.000396769 4
0.992499 0.00039833 1
0.992596 0.000399849 1
0.992694 0.000401326 1
0.992791 0.000402761 3
0.992889 0.000404151 2
0.992986 0.00040551 1
0.993084 0.000406811 1
0.993181 0.000408073 1
0.993279 0.000409292 1
0.993376 0.000410468 1
0.993474 0.000411601 5
0.993571 0.000412689 1
0.993668 0.000413733 1
0.993766 0.000414727 1
0.993863 0.000415674 1
0.993961 0.000416579 1
0.994058 0.000417438 1
0.994156 0.000418252 1
0.994253 0.000419021 1
0.994351 0.000419744 4
0.994448 0.00042042 1
0.994545 0.000421048 1
0.994643 0.000421626 4
0.99474 0.000422156 1
0.994838 0.000422641 1
0.994935 0.000423079 1
0.995033 0.00042347 1
0.99513 0.000423817 4
0.995228 0.000424117 1
0.995325 0.000424371 1
0.995422 0.000424579 1
0.99552 0.00042474 1
0.995617 0.000424854 1
0.995715 0.000424918 4
0.995812 0.000424933 4
0.99591 0.0004249 1
0.996007 0.00042482 1
0.996105 0.000424692 4
0.996202 0.000424511 4
0.996299 0.000424282 1
0.996397 0.000424002 1
0.996494 0.000423673 1
0.996592 0.000423298 1
0.996689 0.000422876 1
0.996787 0.000422408 4
0.996884 0.000421894 1
0.996982 0.000421334 1
0.997079 0.000420728 1
0.997176 0.000420071 4
0.997274 0.000419362 1
0.997371 0.000418608 1
0.997469 0.000417812 1
0.997566 0.000416974 4
0.997664 0.000416086 1
0.997761 0.000415152 1
0.997859 0.000414175 1
0.997956 0.000413152 1
0.998054 0.000412083 1
0.998151 0.000410969 1
0.998248 0.00040981 1
0.998346 0.000408605 5
0.998443 0.000407356 1
0.998541 0.000406062 1
0.998638 0.000404725 1
0.998736 0.000403345 1
0.998833 0.000401922 1
0.998931 0.000400457 1
0.999028 0.00039895 4
0.999125 0.0003974 1
0.999223 0.000395809 1
0.99932 0.000394175 4
0.999418 0.0003925 1
0.999515 0.000390783 4
0.999613 0.000389028 4
0.99971 0.000387233 1
0.999808 0.0003854 1
0.999905 0.00038353 1
