method,time,kinetic_energy
clsvof,0.0,0.0
clsvof,3.95979e-07,8.93203e-11
clsvof,9.61475e-06,3.96786e-05
clsvof,2.68542e-05,3.15649e-05
clsvof,5.13853e-05,2.94678e-05
clsvof,8.25451e-05,2.80399e-05
clsvof,0.000119731,2.68141e-05
clsvof,0.000162395,2.56744e-05
clsvof,0.000210039,2.46131e-05
clsvof,0.000262211,2.36689e-05
clsvof,0.000318499,2.29035e-05
clsvof,0.000378528,2.23519e-05
clsvof,0.000441959,2.20109e-05
clsvof,0.000508483,2.18496e-05
clsvof,0.000577817,2.18329e-05
clsvof,0.000649707,2.19039e-05
clsvof,0.000723921,2.20592e-05
clsvof,0.000800247,2.22417e-05
clsvof,0.000878492,2.23742e-05
clsvof,0.000958484,2.2396e-05
clsvof,0.00104006,2.22999e-05
clsvof,0.00112308,2.21219e-05
clsvof,0.00120741,2.19437e-05
clsvof,0.00129294,2.18596e-05
clsvof,0.00137955,2.19536e-05
clsvof,0.00146714,2.22835e-05
clsvof,0.00155563,2.28511e-05
clsvof,0.00164493,2.36408e-05
clsvof,0.00173498,2.46077e-05
clsvof,0.00182569,2.56938e-05
clsvof,0.00191702,2.6846e-05
clsvof,0.00200891,2.80243e-05
clsvof,0.0021013,2.9204e-05
clsvof,0.00219415,3.03598e-05
clsvof,0.00228742,3.15194e-05
clsvof,0.00238106,3.27154e-05
clsvof,0.00247506,3.39801e-05
clsvof,0.00256937,3.5341e-05
clsvof,0.00266396,3.68389e-05
clsvof,0.00275881,3.84689e-05
clsvof,0.0028539,4.02118e-05
clsvof,0.0029492,4.20138e-05
clsvof,0.0030447,4.38416e-05
clsvof,0.00314037,4.56561e-05
clsvof,0.00323621,4.74622e-05
clsvof,0.00333219,4.9269e-05
clsvof,0.00342831,5.11395e-05
clsvof,0.00352454,5.31306e-05
clsvof,0.00362089,5.52687e-05
clsvof,0.00371733,5.75685e-05
clsvof,0.00381387,6.00022e-05
clsvof,0.00391049,6.24688e-05
clsvof,0.00400719,6.49747e-05
clsvof,0.00410395,6.74826e-05
clsvof,0.00420078,6.99659e-05
clsvof,0.00429766,7.24902e-05
clsvof,0.00439459,7.50979e-05
clsvof,0.00449157,7.77848e-05
clsvof,0.00458859,8.05709e-05
clsvof,0.00468565,8.34477e-05
clsvof,0.00478275,8.6393e-05
clsvof,0.00487988,8.93894e-05
clsvof,0.00497704,9.23797e-05
clsvof,0.00507422,9.5378e-05
clsvof,0.00517143,9.84266e-05
clsvof,0.00526865,0.000101523
clsvof,0.0053659,0.000104596
clsvof,0.00546317,0.000107784
clsvof,0.00556045,0.000111044
clsvof,0.00565775,0.000114369
clsvof,0.00575506,0.000117766
clsvof,0.00585239,0.000121134
clsvof,0.00594972,0.000124496
clsvof,0.00604707,0.000127873
clsvof,0.00614442,0.00013127
clsvof,0.00624178,0.000134688
clsvof,0.00633915,0.00013816
clsvof,0.00643653,0.000141697
clsvof,0.00653392,0.000145308
clsvof,0.0066313,0.000149057
clsvof,0.0067287,0.000152752
clsvof,0.0068261,0.00015657
clsvof,0.0069235,0.00016044
clsvof,0.00702091,0.000164327
clsvof,0.00711832,0.000168226
clsvof,0.00721574,0.000172168
clsvof,0.00731315,0.000176037
clsvof,0.00741057,0.000180044
clsvof,0.007508,0.00018387
clsvof,0.00760542,0.000187813
clsvof,0.00770285,0.000191788
clsvof,0.00780027,0.00019579
clsvof,0.0078977,0.000199816
clsvof,0.00799514,0.000203894
clsvof,0.00809257,0.000207908
clsvof,0.00819,0.000211974
clsvof,0.00828744,0.000216038
clsvof,0.00838488,0.000220089
clsvof,0.00848231,0.000224162
clsvof,0.00857975,0.000228263
clsvof,0.00867719,0.000232401
clsvof,0.00877463,0.000236704
clsvof,0.00887207,0.000240791
clsvof,0.00896951,0.000245051
clsvof,0.00906695,0.000249347
clsvof,0.00916439,0.000253672
clsvof,0.00926184,0.000258017
clsvof,0.00935928,0.000262483
clsvof,0.00945672,0.000266891
clsvof,0.00955417,0.00027112
clsvof,0.00965161,0.000275462
clsvof,0.00974905,0.000279788
clsvof,0.0098465,0.000284101
clsvof,0.00994394,0.000288405
clsvof,0.0100414,0.000292697
clsvof,0.0101388,0.000296985
clsvof,0.0102363,0.000301247
clsvof,0.0103337,0.000305514
clsvof,0.0104312,0.000309737
clsvof,0.0105286,0.000313942
clsvof,0.0106261,0.000318129
clsvof,0.0107235,0.000322299
clsvof,0.0108209,0.000326452
clsvof,0.0109184,0.000330593
clsvof,0.0110158,0.00033478
clsvof,0.0111133,0.00033884
clsvof,0.0112107,0.000342979
clsvof,0.0113082,0.000347131
clsvof,0.0114056,0.000351315
clsvof,0.0115031,0.000355643
clsvof,0.0116005,0.000359699
clsvof,0.011698,0.000363912
clsvof,0.0117954,0.000368135
clsvof,0.0118929,0.00037236
clsvof,0.0119903,0.000376582
clsvof,0.0120877,0.000380791
clsvof,0.0121852,0.000385066
clsvof,0.0122826,0.000389161
clsvof,0.0123801,0.000393324
clsvof,0.0124775,0.000397461
clsvof,0.012575,0.000401581
clsvof,0.0126724,0.000405637
clsvof,0.0127699,0.000409651
clsvof,0.0128673,0.000413611
clsvof,0.0129648,0.000417521
clsvof,0.0130622,0.000421369
clsvof,0.0131597,0.00042516
clsvof,0.0132571,0.000428908
clsvof,0.0133546,0.000432617
clsvof,0.013452,0.000436292
clsvof,0.0135494,0.000439936
clsvof,0.0136469,0.000443576
clsvof,0.0137443,0.000447167
clsvof,0.0138418,0.000450744
clsvof,0.0139392,0.0004543
clsvof,0.0140367,0.000457836
clsvof,0.0141341,0.000461342
clsvof,0.0142316,0.000464824
clsvof,0.014329,0.000468288
clsvof,0.0144265,0.000471734
clsvof,0.0145239,0.000475154
clsvof,0.0146214,0.000478536
clsvof,0.0147188,0.00048188
clsvof,0.0148163,0.000485186
clsvof,0.0149137,0.00048845
clsvof,0.0150111,0.000491685
clsvof,0.0151086,0.00049484
clsvof,0.015206,0.000497948
clsvof,0.0153035,0.000501001
clsvof,0.0154009,0.000504001
clsvof,0.0154984,0.00050695
clsvof,0.0155958,0.00051004
clsvof,0.0156933,0.000512684
clsvof,0.0157907,0.000515486
clsvof,0.0158882,0.00051824
clsvof,0.0159856,0.000520945
clsvof,0.0160831,0.000523596
clsvof,0.0161805,0.000526196
clsvof,0.016278,0.00052874
clsvof,0.0163754,0.00053123
clsvof,0.0164728,0.000533668
clsvof,0.0165703,0.000536057
clsvof,0.0166677,0.000538399
clsvof,0.0167652,0.000540696
clsvof,0.0168626,0.000542948
clsvof,0.0169601,0.000545154
clsvof,0.0170575,0.000547313
clsvof,0.017155,0.00054944
clsvof,0.0172524,0.000551487
clsvof,0.0173499,0.00055349
clsvof,0.0174473,0.000555439
clsvof,0.0175448,0.000557328
clsvof,0.0176422,0.000559168
clsvof,0.0177397,0.000560924
clsvof,0.0178371,0.000562611
clsvof,0.0179345,0.000564224
clsvof,0.018032,0.000565763
clsvof,0.0181294,0.000567227
clsvof,0.0182269,0.00056862
clsvof,0.0183243,0.000569962
clsvof,0.0184218,0.000571204
clsvof,0.0185192,0.000572393
clsvof,0.0186167,0.000573521
clsvof,0.0187141,0.000574591
clsvof,0.0188116,0.000575601
clsvof,0.018909,0.000576556
clsvof,0.0190065,0.00057746
clsvof,0.0191039,0.000578309
clsvof,0.0192014,0.000579093
clsvof,0.0192988,0.000579816
clsvof,0.0193962,0.000580486
clsvof,0.0194937,0.000581106
clsvof,0.0195911,0.000581673
clsvof,0.0196886,0.000582182
clsvof,0.019786,0.000582628
clsvof,0.0198835,0.000583007
clsvof,0.0199809,0.000583315
clsvof,0.0200784,0.00058355
clsvof,0.0201758,0.000583705
clsvof,0.0202733,0.000583783
clsvof,0.0203707,0.000583784
clsvof,0.0204682,0.000583707
clsvof,0.0205656,0.000583554
clsvof,0.0206631,0.000583327
clsvof,0.0207605,0.000583024
clsvof,0.020858,0.00058265
clsvof,0.0209554,0.000582206
clsvof,0.0210528,0.000581695
clsvof,0.0211503,0.000581116
clsvof,0.0212477,0.000580487
clsvof,0.0213452,0.000579801
clsvof,0.0214426,0.00057906
clsvof,0.0215401,0.000578258
clsvof,0.0216375,0.000577396
clsvof,0.021735,0.000576486
clsvof,0.0218324,0.000575527
clsvof,0.0219299,0.000574519
clsvof,0.0220273,0.00057346
clsvof,0.0221248,0.000572343
clsvof,0.0222222,0.000571164
clsvof,0.0223197,0.000569917
clsvof,0.0224171,0.000568602
clsvof,0.0225145,0.00056722
clsvof,0.022612,0.000565768
clsvof,0.0227094,0.000564245
clsvof,0.0228069,0.000562649
clsvof,0.0229043,0.00056098
clsvof,0.0230018,0.000559229
clsvof,0.0230992,0.000557406
clsvof,0.0231967,0.000555498
clsvof,0.0232941,0.0005534
clsvof,0.0233916,0.000551343
clsvof,0.023489,0.000549217
clsvof,0.0235865,0.000547026
clsvof,0.0236839,0.000544775
clsvof,0.0237814,0.000542467
clsvof,0.0238788,0.000540105
clsvof,0.0239762,0.000537693
clsvof,0.0240737,0.000535236
clsvof,0.0241711,0.000532734
clsvof,0.0242686,0.00053019
clsvof,0.024366,0.000527608
clsvof,0.0244635,0.000524989
clsvof,0.0245609,0.000522333
clsvof,0.0246584,0.00051965
clsvof,0.0247558,0.000516923
clsvof,0.0248533,0.000514139
clsvof,0.0249507,0.000511216
clsvof,0.0250482,0.000508355
clsvof,0.0251456,0.000505449
clsvof,0.0252431,0.000502497
clsvof,0.0253405,0.000499498
clsvof,0.0254379,0.00049645
clsvof,0.0255354,0.000493352
clsvof,0.0256328,0.000490202
clsvof,0.0257303,0.000486999
clsvof,0.0258277,0.000483744
clsvof,0.0259252,0.000480435
clsvof,0.0260226,0.000477074
clsvof,0.0261201,0.000473659
clsvof,0.0262175,0.000470195
clsvof,0.026315,0.000466685
clsvof,0.0264124,0.000463128
clsvof,0.0265099,0.000459532
clsvof,0.0266073,0.000455908
clsvof,0.0267048,0.000452257
clsvof,0.0268022,0.000448582
clsvof,0.0268996,0.000444881
clsvof,0.0269971,0.000441154
clsvof,0.0270945,0.000437396
clsvof,0.027192,0.000433604
clsvof,0.0272894,0.000429783
clsvof,0.0273869,0.00042593
clsvof,0.0274843,0.000422048
clsvof,0.0275818,0.000418138
clsvof,0.0276792,0.0004142
clsvof,0.0277767,0.000410236
clsvof,0.0278741,0.000406245
clsvof,0.0279716,0.000402229
clsvof,0.028069,0.000398185
clsvof,0.0281665,0.000394111
clsvof,0.0282639,0.000390014
clsvof,0.0283613,0.000385889
clsvof,0.0284588,0.00038174
clsvof,0.0285562,0.000377567
clsvof,0.0286537,0.00037337
clsvof,0.0287511,0.000369152
clsvof,0.0288486,0.000364914
clsvof,0.028946,0.00036066
clsvof,0.0290435,0.000356396
clsvof,0.0291409,0.000352122
clsvof,0.0292384,0.000347835
clsvof,0.0293358,0.000343546
clsvof,0.0294333,0.000339256
clsvof,0.0295307,0.000334962
clsvof,0.0296282,0.000330662
clsvof,0.0297256,0.000326357
clsvof,0.029823,0.000322048
clsvof,0.0299205,0.000317736
clsvof,0.0300179,0.000313433
clsvof,0.0301154,0.000309117
clsvof,0.0302128,0.000304798
clsvof,0.0303103,0.000300471
clsvof,0.0304077,0.000296146
clsvof,0.0305052,0.000291816
clsvof,0.0306026,0.000287482
clsvof,0.0307001,0.000283144
clsvof,0.0307975,0.000278802
clsvof,0.030895,0.000274457
clsvof,0.0309924,0.000270112
clsvof,0.0310899,0.000265764
clsvof,0.0311873,0.000261418
clsvof,0.0312847,0.000257068
clsvof,0.0313822,0.000252724
clsvof,0.0314796,0.00024839
clsvof,0.0315771,0.000244067
clsvof,0.0316745,0.000239754
clsvof,0.031772,0.000235454
clsvof,0.0318694,0.000231171
clsvof,0.0319669,0.000226912
clsvof,0.0320643,0.000222673
clsvof,0.0321618,0.00021846
clsvof,0.0322592,0.000214269
clsvof,0.0323567,0.0002101
clsvof,0.0324541,0.000205958
clsvof,0.0325516,0.000201844
clsvof,0.032649,0.000197754
clsvof,0.0327464,0.000193686
clsvof,0.0328439,0.000189642
clsvof,0.0329413,0.00018562
clsvof,0.0330388,0.000181621
clsvof,0.0331362,0.000177645
clsvof,0.0332337,0.00017369
clsvof,0.0333311,0.000169758
clsvof,0.0334286,0.000165849
clsvof,0.033526,0.000161965
clsvof,0.0336235,0.000158105
clsvof,0.0337209,0.000154272
clsvof,0.0338184,0.000150464
clsvof,0.0339158,0.000146687
clsvof,0.0340133,0.000142941
clsvof,0.0341107,0.000139228
clsvof,0.0342081,0.00013555
clsvof,0.0343056,0.000131912
clsvof,0.034403,0.000128314
clsvof,0.0345005,0.000124759
clsvof,0.0345979,0.000121249
clsvof,0.0346954,0.000117786
clsvof,0.0347928,0.000114371
clsvof,0.0348903,0.000111006
clsvof,0.0349877,0.00010769
clsvof,0.0350852,0.000104425
clsvof,0.0351826,0.000101209
clsvof,0.0352801,9.80418e-05
clsvof,0.0353775,9.49221e-05
clsvof,0.035475,9.18503e-05
clsvof,0.0355724,8.88152e-05
clsvof,0.0356698,8.58197e-05
clsvof,0.0357673,8.28663e-05
clsvof,0.0358647,7.99548e-05
clsvof,0.0359622,7.70836e-05
clsvof,0.0360596,7.42516e-05
clsvof,0.0361571,7.14583e-05
clsvof,0.0362545,6.87057e-05
clsvof,0.036352,6.59942e-05
clsvof,0.0364494,6.33221e-05
clsvof,0.0365469,6.06907e-05
clsvof,0.0366443,5.81029e-05
clsvof,0.0367418,5.55622e-05
clsvof,0.0368392,5.30715e-05
clsvof,0.0369367,5.06331e-05
clsvof,0.0370341,4.82498e-05
clsvof,0.0371316,4.59235e-05
clsvof,0.037229,4.36561e-05
clsvof,0.0373264,4.14492e-05
clsvof,0.0374239,3.93043e-05
clsvof,0.0375213,3.72219e-05
clsvof,0.0376188,3.52037e-05
clsvof,0.0377162,3.32491e-05
clsvof,0.0378137,3.13575e-05
clsvof,0.0379111,2.95342e-05
clsvof,0.0380086,2.77797e-05
clsvof,0.038106,2.60909e-05
clsvof,0.0382035,2.44653e-05
clsvof,0.0383009,2.28991e-05
clsvof,0.0383984,2.13917e-05
clsvof,0.0384958,1.99443e-05
clsvof,0.0385933,1.85579e-05
clsvof,0.0386907,1.72324e-05
clsvof,0.0387881,1.59721e-05
clsvof,0.0388856,1.4777e-05
clsvof,0.038983,1.36443e-05
clsvof,0.0390805,1.25701e-05
clsvof,0.0391779,1.15521e-05
clsvof,0.0392754,1.05925e-05
clsvof,0.0393728,9.69489e-06
clsvof,0.0394703,8.86242e-06
clsvof,0.0395677,8.09702e-06
clsvof,0.0396652,7.39948e-06
clsvof,0.0397626,6.7701e-06
clsvof,0.0398601,6.20837e-06
clsvof,0.0399575,5.71416e-06
clsvof,0.040055,5.28766e-06
clsvof,0.0401524,4.92933e-06
clsvof,0.0402498,4.63945e-06
clsvof,0.0403473,4.41762e-06
clsvof,0.0404447,4.26267e-06
clsvof,0.0405422,4.17272e-06
clsvof,0.0406396,4.14641e-06
clsvof,0.0407371,4.18263e-06
clsvof,0.0408345,4.282e-06
clsvof,0.040932,4.44529e-06
clsvof,0.0410294,4.67403e-06
clsvof,0.0411269,4.96891e-06
clsvof,0.0412243,5.32945e-06
clsvof,0.0413218,5.75415e-06
clsvof,0.0414192,6.24136e-06
clsvof,0.0415167,6.78957e-06
clsvof,0.0416141,7.39816e-06
clsvof,0.0417115,8.06744e-06
clsvof,0.041809,8.80024e-06
clsvof,0.0419064,9.59875e-06
clsvof,0.0420039,1.04633e-05
clsvof,0.0421013,1.13928e-05
clsvof,0.0421988,1.23861e-05
clsvof,0.0422962,1.34431e-05
clsvof,0.0423937,1.45648e-05
clsvof,0.0424911,1.57522e-05
clsvof,0.0425886,1.70045e-05
clsvof,0.042686,1.83256e-05
clsvof,0.0427835,1.97132e-05
clsvof,0.0428809,2.11674e-05
clsvof,0.0429784,2.26863e-05
clsvof,0.0430758,2.42684e-05
clsvof,0.0431732,2.59116e-05
clsvof,0.0432707,2.76144e-05
clsvof,0.0433681,2.93736e-05
clsvof,0.0434656,3.11901e-05
clsvof,0.043563,3.30644e-05
clsvof,0.0436605,3.49931e-05
clsvof,0.0437579,3.69764e-05
clsvof,0.0438554,3.90146e-05
clsvof,0.0439528,4.1105e-05
clsvof,0.0440503,4.32456e-05
clsvof,0.0441477,4.54372e-05
clsvof,0.0442452,4.76839e-05
clsvof,0.0443426,4.99858e-05
clsvof,0.0444401,5.23419e-05
clsvof,0.0445375,5.47512e-05
clsvof,0.0446349,5.7214e-05
clsvof,0.0447324,5.97305e-05
clsvof,0.0448298,6.23009e-05
clsvof,0.0449273,6.49315e-05
clsvof,0.0450247,6.75998e-05
clsvof,0.0451222,7.03312e-05
clsvof,0.0452196,7.31136e-05
clsvof,0.0453171,7.59474e-05
clsvof,0.0454145,7.88328e-05
clsvof,0.045512,8.17701e-05
clsvof,0.0456094,8.47462e-05
clsvof,0.0457069,8.77686e-05
clsvof,0.0458043,9.08366e-05
clsvof,0.0459018,9.39488e-05
clsvof,0.0459992,9.71031e-05
clsvof,0.0460966,0.000100298
clsvof,0.0461941,0.000103531
clsvof,0.0462915,0.000106801
clsvof,0.046389,0.000110107
clsvof,0.0464864,0.000113447
clsvof,0.0465839,0.000116822
clsvof,0.0466813,0.000120231
clsvof,0.0467788,0.000123674
clsvof,0.0468762,0.000127153
clsvof,0.0469737,0.000130667
clsvof,0.0470711,0.000134218
clsvof,0.0471686,0.000137808
clsvof,0.047266,0.000141435
clsvof,0.0473635,0.000145101
clsvof,0.0474609,0.000148806
clsvof,0.0475583,0.000152549
clsvof,0.0476558,0.000156329
clsvof,0.0477532,0.000160145
clsvof,0.0478507,0.000163998
clsvof,0.0479481,0.000167886
clsvof,0.0480456,0.000171806
clsvof,0.048143,0.000175759
clsvof,0.0482405,0.00017974
clsvof,0.0483379,0.00018375
clsvof,0.0484354,0.000187785
clsvof,0.0485328,0.000191846
clsvof,0.0486303,0.000195929
clsvof,0.0487277,0.000200034
clsvof,0.0488252,0.00020416
clsvof,0.0489226,0.000208303
clsvof,0.04902,0.000212465
clsvof,0.0491175,0.000216641
clsvof,0.0492149,0.000220865
clsvof,0.0493124,0.000225024
clsvof,0.0494098,0.000229236
clsvof,0.0495073,0.000233461
clsvof,0.0496047,0.000237698
clsvof,0.0497022,0.000241944
clsvof,0.0497996,0.000246196
clsvof,0.0498971,0.000250458
clsvof,0.0499945,0.000254726
clsvof,0.050092,0.000259003
clsvof,0.0501894,0.000263279
clsvof,0.0502869,0.000267557
clsvof,0.0503843,0.000271843
clsvof,0.0504817,0.000276125
clsvof,0.0505792,0.000280413
clsvof,0.0506766,0.000284701
clsvof,0.0507741,0.000288986
clsvof,0.0508715,0.000293273
clsvof,0.050969,0.000297559
clsvof,0.0510664,0.000301843
clsvof,0.0511639,0.000306124
clsvof,0.0512613,0.000310401
clsvof,0.0513588,0.000314672
clsvof,0.0514562,0.000318936
clsvof,0.0515537,0.00032319
clsvof,0.0516511,0.000327436
clsvof,0.0517486,0.000331678
clsvof,0.051846,0.000335902
clsvof,0.0519434,0.000340117
clsvof,0.0520409,0.000344326
clsvof,0.0521383,0.000348525
clsvof,0.0522358,0.000352718
clsvof,0.0523332,0.000356904
clsvof,0.0524307,0.000361078
clsvof,0.0525281,0.00036408
clsvof,0.0526256,0.000368139
clsvof,0.052723,0.000372246
clsvof,0.0528205,0.00037634
clsvof,0.0529179,0.000380415
clsvof,0.0530154,0.000384472
clsvof,0.0531128,0.000388507
clsvof,0.0532103,0.000392519
clsvof,0.0533077,0.000396507
clsvof,0.0534051,0.000400469
clsvof,0.0535026,0.000404406
clsvof,0.0536,0.000408315
clsvof,0.0536975,0.000412197
clsvof,0.0537949,0.00041605
clsvof,0.0538924,0.000419873
clsvof,0.0539898,0.000423665
clsvof,0.0540873,0.000427425
clsvof,0.0541847,0.000431152
clsvof,0.0542822,0.000434846
clsvof,0.0543796,0.000438507
clsvof,0.0544771,0.000442133
clsvof,0.0545745,0.000445726
clsvof,0.054672,0.000449287
clsvof,0.0547694,0.000452815
clsvof,0.0548669,0.000457751
clsvof,0.0549643,0.000461225
clsvof,0.0550617,0.000464659
clsvof,0.0551592,0.000466562
clsvof,0.0552566,0.000469899
clsvof,0.0553541,0.000473193
clsvof,0.0554515,0.000476448
clsvof,0.055549,0.000479669
clsvof,0.0556464,0.000482853
clsvof,0.0557439,0.000485997
clsvof,0.0558413,0.000489098
clsvof,0.0559388,0.000492155
clsvof,0.0560362,0.000495167
clsvof,0.0561337,0.000498133
clsvof,0.0562311,0.000501049
clsvof,0.0563286,0.000505518
clsvof,0.056426,0.000506725
clsvof,0.0565234,0.000509487
clsvof,0.0566209,0.000512197
clsvof,0.0567183,0.000514855
clsvof,0.0568158,0.000517457
clsvof,0.0569132,0.000520003
clsvof,0.0570107,0.000522494
clsvof,0.0571081,0.000524927
clsvof,0.0572056,0.000529119
clsvof,0.057303,0.000529645
clsvof,0.0574005,0.000531919
clsvof,0.0574979,0.000534139
clsvof,0.0575954,0.000536305
clsvof,0.0576928,0.000538419
clsvof,0.0577903,0.000542201
clsvof,0.0578877,0.000544214
clsvof,0.0579851,0.000546175
clsvof,0.0580826,0.000548084
clsvof,0.05818,0.00054994
clsvof,0.0582775,0.000551741
clsvof,0.0583749,0.000553498
clsvof,0.0584724,0.000555172
clsvof,0.0585698,0.000556783
clsvof,0.0586673,0.000558336
clsvof,0.0587647,0.000559826
clsvof,0.0588622,0.000561252
clsvof,0.0589596,0.000562613
clsvof,0.0590571,0.00056391
clsvof,0.0591545,0.000565137
clsvof,0.059252,0.000566299
clsvof,0.0593494,0.000567396
clsvof,0.0594468,0.000568426
clsvof,0.0595443,0.000569386
clsvof,0.0596417,0.000570275
clsvof,0.0597392,0.000571085
clsvof,0.0598366,0.000571819
clsvof,0.0599341,0.000572482
clsvof,0.0600315,0.000573077
clsvof,0.060129,0.000573605
clsvof,0.0602264,0.000574068
clsvof,0.0603239,0.000574467
clsvof,0.0604213,0.000574802
clsvof,0.0605188,0.00057508
clsvof,0.0606162,0.000575294
clsvof,0.0607137,0.000575449
clsvof,0.0608111,0.00057554
clsvof,0.0609085,0.000575566
clsvof,0.061006,0.000575525
clsvof,0.0611034,0.000575422
clsvof,0.0612009,0.000575245
clsvof,0.0612983,0.000574997
clsvof,0.0613958,0.000574686
clsvof,0.0614932,0.000574315
clsvof,0.0615907,0.000573884
clsvof,0.0616881,0.000573395
clsvof,0.0617856,0.000572843
clsvof,0.061883,0.000572234
clsvof,0.0619805,0.000571558
clsvof,0.0620779,0.000570811
clsvof,0.0621754,0.000569999
clsvof,0.0622728,0.000569119
clsvof,0.0623702,0.000568178
clsvof,0.0624677,0.000567175
clsvof,0.0625651,0.000566108
clsvof,0.0626626,0.000564985
clsvof,0.06276,0.000563801
clsvof,0.0628575,0.000562553
clsvof,0.0629549,0.000561239
clsvof,0.0630524,0.00055986
clsvof,0.0631498,0.000558421
clsvof,0.0632473,0.000556924
clsvof,0.0633447,0.00055537
clsvof,0.0634422,0.000553753
clsvof,0.0635396,0.000552086
clsvof,0.0636371,0.00055036
clsvof,0.0637345,0.000548574
clsvof,0.0638319,0.000546731
clsvof,0.0639294,0.000544818
clsvof,0.0640268,0.000542847
clsvof,0.0641243,0.00054082
clsvof,0.0642217,0.000538737
clsvof,0.0643192,0.000536598
clsvof,0.0644166,0.000534405
clsvof,0.0645141,0.000532161
clsvof,0.0646115,0.000529853
clsvof,0.064709,0.000527496
clsvof,0.0648064,0.000525083
clsvof,0.0649039,0.000522617
clsvof,0.0650013,0.0005201
clsvof,0.0650988,0.000517532
clsvof,0.0651962,0.000514907
clsvof,0.0652936,0.000512226
clsvof,0.0653911,0.000509495
clsvof,0.0654885,0.000506712
clsvof,0.065586,0.000503882
clsvof,0.0656834,0.000501001
clsvof,0.0657809,0.000498071
clsvof,0.0658783,0.000495093
clsvof,0.0659758,0.000492068
clsvof,0.0660732,0.000488996
clsvof,0.0661707,0.000485878
clsvof,0.0662681,0.000482717
clsvof,0.0663656,0.000479515
clsvof,0.066463,0.000476271
clsvof,0.0665605,0.000472985
clsvof,0.0666579,0.000469652
clsvof,0.0667553,0.000466275
clsvof,0.0668528,0.000462858
clsvof,0.0669502,0.000459401
clsvof,0.0670477,0.000455907
clsvof,0.0671451,0.000452384
clsvof,0.0672426,0.000448834
clsvof,0.06734,0.000445254
clsvof,0.0674375,0.00044164
clsvof,0.0675349,0.000437993
clsvof,0.0676324,0.000434311
clsvof,0.0677298,0.000430598
clsvof,0.0678273,0.00042686
clsvof,0.0679247,0.000423096
clsvof,0.0680222,0.000419307
clsvof,0.0681196,0.000415491
clsvof,0.068217,0.000411648
clsvof,0.0683145,0.000407781
clsvof,0.0684119,0.000403889
clsvof,0.0685094,0.000399972
clsvof,0.0686068,0.000396023
clsvof,0.0687043,0.000392042
clsvof,0.0688017,0.000388037
clsvof,0.0688992,0.00038401
clsvof,0.0689966,0.000379964
clsvof,0.0690941,0.000375897
clsvof,0.0691915,0.000371811
clsvof,0.069289,0.000367705
clsvof,0.0693864,0.000363585
clsvof,0.0694839,0.000359449
clsvof,0.0695813,0.000355285
clsvof,0.0696787,0.000351102
clsvof,0.0697762,0.0003469
clsvof,0.0698736,0.000342684
clsvof,0.0699711,0.000338451
clsvof,0.0700685,0.000334201
clsvof,0.070166,0.000329938
clsvof,0.0702634,0.000325663
clsvof,0.0703609,0.000321385
clsvof,0.0704583,0.000317102
clsvof,0.0705558,0.000312814
clsvof,0.0706532,0.000308581
clsvof,0.0707507,0.000304286
clsvof,0.0708481,0.000299989
clsvof,0.0709456,0.000295691
clsvof,0.071043,0.000291394
clsvof,0.0711405,0.0002871
clsvof,0.0712379,0.000282811
clsvof,0.0713353,0.000278528
clsvof,0.0714328,0.000274254
clsvof,0.0715302,0.000269982
clsvof,0.0716277,0.000265715
clsvof,0.0717251,0.000261455
clsvof,0.0718226,0.000257206
clsvof,0.07192,0.000252964
clsvof,0.0720175,0.000248728
clsvof,0.0721149,0.000244495
clsvof,0.0722124,0.000240272
clsvof,0.0723098,0.000236059
clsvof,0.0724073,0.000231858
clsvof,0.0725047,0.000227669
clsvof,0.0726022,0.00022349
clsvof,0.0726996,0.000219321
clsvof,0.072797,0.000215163
clsvof,0.0728945,0.000211017
clsvof,0.0729919,0.000206884
clsvof,0.0730894,0.000202766
clsvof,0.0731868,0.00019866
clsvof,0.0732843,0.00019457
clsvof,0.0733817,0.000190498
clsvof,0.0734792,0.000186444
clsvof,0.0735766,0.000182412
clsvof,0.0736741,0.000178402
clsvof,0.0737715,0.000174415
clsvof,0.073869,0.000170455
clsvof,0.0739664,0.00016652
clsvof,0.0740639,0.000162614
clsvof,0.0741613,0.000158736
clsvof,0.0742587,0.000154888
clsvof,0.0743562,0.00015107
clsvof,0.0744536,0.000147285
clsvof,0.0745511,0.000143532
clsvof,0.0746485,0.000139813
clsvof,0.074746,0.000136128
clsvof,0.0748434,0.000132479
clsvof,0.0749409,0.000128866
clsvof,0.0750383,0.00012529
clsvof,0.0751358,0.00012175
clsvof,0.0752332,0.000118244
clsvof,0.0753307,0.000114776
clsvof,0.0754281,0.000111349
clsvof,0.0755256,0.000107965
clsvof,0.075623,0.000104625
clsvof,0.0757204,0.000101328
clsvof,0.0758179,9.80762e-05
clsvof,0.0759153,9.48746e-05
clsvof,0.0760128,9.17131e-05
clsvof,0.0761102,8.85991e-05
clsvof,0.0762077,8.55319e-05
clsvof,0.0763051,8.25166e-05
clsvof,0.0764026,7.95432e-05
clsvof,0.0765,7.66191e-05
clsvof,0.0765975,7.37442e-05
clsvof,0.0766949,7.09191e-05
clsvof,0.0767924,6.81442e-05
clsvof,0.0768898,6.54205e-05
clsvof,0.0769873,6.27491e-05
clsvof,0.0770847,6.01307e-05
clsvof,0.0771821,5.75663e-05
clsvof,0.0772796,5.50561e-05
clsvof,0.077377,5.25999e-05
clsvof,0.0774745,5.01985e-05
clsvof,0.0775719,4.78514e-05
clsvof,0.0776694,4.55573e-05
clsvof,0.0777668,4.33161e-05
clsvof,0.0778643,4.11293e-05
clsvof,0.0779617,3.90011e-05
clsvof,0.0780592,3.69336e-05
clsvof,0.0781566,3.49262e-05
clsvof,0.0782541,3.2973e-05
clsvof,0.0783515,3.10709e-05
clsvof,0.078449,2.92191e-05
clsvof,0.0785464,2.74217e-05
clsvof,0.0786438,2.56816e-05
clsvof,0.0787413,2.40057e-05
clsvof,0.0788387,2.23941e-05
clsvof,0.0789362,2.08434e-05
clsvof,0.0790336,1.93499e-05
clsvof,0.0791311,1.79132e-05
clsvof,0.0792285,1.65337e-05
clsvof,0.079326,1.52163e-05
clsvof,0.0794234,1.39602e-05
clsvof,0.0795209,1.27653e-05
clsvof,0.0796183,1.16377e-05
clsvof,0.0797158,1.05762e-05
clsvof,0.0798132,9.57684e-06
clsvof,0.0799107,8.63573e-06
clsvof,0.0800081,7.75382e-06
clsvof,0.0801055,6.93386e-06
clsvof,0.080203,6.17857e-06
clsvof,0.0803004,5.48887e-06
clsvof,0.0803979,4.86591e-06
clsvof,0.0804953,4.31008e-06
clsvof,0.0805928,3.82196e-06
clsvof,0.0806902,3.4016e-06
clsvof,0.0807877,3.04945e-06
clsvof,0.0808851,2.76505e-06
clsvof,0.0809826,2.549e-06
clsvof,0.08108,2.40067e-06
clsvof,0.0811775,2.32093e-06
clsvof,0.0812749,2.30392e-06
clsvof,0.0813724,2.35929e-06
clsvof,0.0814698,2.48013e-06
clsvof,0.0815672,2.67377e-06
clsvof,0.0816647,2.93182e-06
clsvof,0.0817621,3.26257e-06
clsvof,0.0818596,3.65562e-06
clsvof,0.081957,4.1127e-06
clsvof,0.0820545,4.63469e-06
clsvof,0.0821519,5.22733e-06
clsvof,0.0822494,5.87887e-06
clsvof,0.0823468,6.5894e-06
clsvof,0.0824443,7.35936e-06
clsvof,0.0825417,8.18877e-06
clsvof,0.0826392,9.07761e-06
clsvof,0.0827366,1.00256e-05
clsvof,0.0828341,1.10327e-05
clsvof,0.0829315,1.20971e-05
clsvof,0.0830289,1.32204e-05
clsvof,0.0831264,1.44047e-05
clsvof,0.0832238,1.56489e-05
clsvof,0.0833213,1.69524e-05
clsvof,0.0834187,1.83158e-05
clsvof,0.0835162,1.97401e-05
clsvof,0.0836136,2.12254e-05
clsvof,0.0837111,2.27715e-05
clsvof,0.0838085,2.43781e-05
clsvof,0.083906,2.60445e-05
clsvof,0.0840034,2.77715e-05
clsvof,0.0841009,2.95588e-05
clsvof,0.0841983,3.14056e-05
clsvof,0.0842958,3.33156e-05
clsvof,0.0843932,3.52834e-05
clsvof,0.0844906,3.73134e-05
clsvof,0.0845881,3.94035e-05
clsvof,0.0846855,4.15526e-05
clsvof,0.084783,4.37597e-05
clsvof,0.0848804,4.60232e-05
clsvof,0.0849779,4.83423e-05
clsvof,0.0850753,5.07178e-05
clsvof,0.0851728,5.31472e-05
clsvof,0.0852702,5.5627e-05
clsvof,0.0853677,5.81563e-05
clsvof,0.0854651,6.0736e-05
clsvof,0.0855626,6.33655e-05
clsvof,0.08566,6.60454e-05
clsvof,0.0857575,6.87759e-05
clsvof,0.0858549,7.15557e-05
clsvof,0.0859523,7.43842e-05
clsvof,0.0860498,7.72605e-05
clsvof,0.0861472,8.01835e-05
clsvof,0.0862447,8.31517e-05
clsvof,0.0863421,8.6164e-05
clsvof,0.0864396,8.92155e-05
clsvof,0.086537,9.23112e-05
clsvof,0.0866345,9.54448e-05
clsvof,0.0867319,9.86187e-05
clsvof,0.0868294,0.000101833
clsvof,0.0869268,0.000105087
clsvof,0.0870243,0.000108379
clsvof,0.0871217,0.000111707
clsvof,0.0872192,0.000115073
clsvof,0.0873166,0.000118475
clsvof,0.087414,0.000121916
clsvof,0.0875115,0.000125394
clsvof,0.0876089,0.00012891
clsvof,0.0877064,0.000132464
clsvof,0.0878038,0.000136056
clsvof,0.0879013,0.000139683
clsvof,0.0879987,0.000143346
clsvof,0.0880962,0.000147043
clsvof,0.0881936,0.000150774
clsvof,0.0882911,0.000154537
clsvof,0.0883885,0.00015833
clsvof,0.088486,0.000162152
clsvof,0.0885834,0.000166002
clsvof,0.0886809,0.000169876
clsvof,0.0887783,0.000173775
clsvof,0.0888758,0.000177698
clsvof,0.0889732,0.000181644
clsvof,0.0890706,0.000185612
clsvof,0.0891681,0.000189601
clsvof,0.0892655,0.000193611
clsvof,0.089363,0.000197642
clsvof,0.0894604,0.000201692
clsvof,0.0895579,0.000205762
clsvof,0.0896553,0.000209851
clsvof,0.0897528,0.000213959
clsvof,0.0898502,0.000218085
clsvof,0.0899477,0.000222229
clsvof,0.0900451,0.00022639
clsvof,0.0901426,0.000230567
clsvof,0.09024,0.000234758
clsvof,0.0903375,0.000238963
clsvof,0.0904349,0.000243183
clsvof,0.0905323,0.000247416
clsvof,0.0906298,0.000251661
clsvof,0.0907272,0.000255916
clsvof,0.0908247,0.00026018
clsvof,0.0909221,0.000264452
clsvof,0.0910196,0.000268732
clsvof,0.091117,0.000273018
clsvof,0.0912145,0.000277309
clsvof,0.0913119,0.000281604
clsvof,0.0914094,0.000285902
clsvof,0.0915068,0.000290198
clsvof,0.0916043,0.000294491
clsvof,0.0917017,0.000298781
clsvof,0.0917992,0.000303069
clsvof,0.0918966,0.000307353
clsvof,0.091994,0.000311632
clsvof,0.0920915,0.000315905
clsvof,0.0921889,0.000320172
clsvof,0.0922864,0.000324429
clsvof,0.0923838,0.000328677
clsvof,0.0924813,0.000332912
clsvof,0.0925787,0.000337132
clsvof,0.0926762,0.000341335
clsvof,0.0927736,0.000345525
clsvof,0.0928711,0.000349702
clsvof,0.0929685,0.000353862
clsvof,0.093066,0.000358002
clsvof,0.0931634,0.000362121
clsvof,0.0932609,0.000366209
clsvof,0.0933583,0.000370279
clsvof,0.0934557,0.000374332
clsvof,0.0935532,0.000378365
clsvof,0.0936506,0.000382379
clsvof,0.0937481,0.000386372
clsvof,0.0938455,0.000390346
clsvof,0.093943,0.000394298
clsvof,0.0940404,0.000398229
clsvof,0.0941379,0.000402133
clsvof,0.0942353,0.000406015
clsvof,0.0943328,0.000409874
clsvof,0.0944302,0.00041371
clsvof,0.0945277,0.000417523
clsvof,0.0946251,0.000421313
clsvof,0.0947226,0.000425075
clsvof,0.09482,0.00042882
clsvof,0.0949174,0.000432521
clsvof,0.0950149,0.00043619
clsvof,0.0951123,0.000439826
clsvof,0.0952098,0.000443431
clsvof,0.0953072,0.000447006
clsvof,0.0954047,0.000450542
clsvof,0.0955021,0.000454046
clsvof,0.0955996,0.000457517
clsvof,0.095697,0.000460935
clsvof,0.0957945,0.000464319
clsvof,0.0958919,0.000467666
clsvof,0.0959894,0.000470975
clsvof,0.0960868,0.000474242
clsvof,0.0961843,0.000477466
clsvof,0.0962817,0.000480641
clsvof,0.0963791,0.000483769
clsvof,0.0964766,0.000486863
clsvof,0.096574,0.0004899
clsvof,0.0966715,0.000492886
clsvof,0.0967689,0.000495831
clsvof,0.0968664,0.000498733
clsvof,0.0969638,0.000501574
clsvof,0.0970613,0.000504369
clsvof,0.0971587,0.000507126
clsvof,0.0972562,0.000509826
clsvof,0.0973536,0.000512479
clsvof,0.0974511,0.00051508
clsvof,0.0975485,0.000517636
clsvof,0.097646,0.000520138
clsvof,0.0977434,0.00052259
clsvof,0.0978408,0.000524995
clsvof,0.0979383,0.00052735
clsvof,0.0980357,0.000529639
clsvof,0.0981332,0.000531879
clsvof,0.0982306,0.000534063
clsvof,0.0983281,0.00053619
clsvof,0.0984255,0.000538259
clsvof,0.098523,0.000540265
clsvof,0.0986204,0.000542216
clsvof,0.0987179,0.000544108
clsvof,0.0988153,0.00054594
clsvof,0.0989128,0.000547712
clsvof,0.0990102,0.000549433
clsvof,0.0991077,0.000551077
clsvof,0.0992051,0.000552652
clsvof,0.0993025,0.000554173
clsvof,0.0994,0.000555633
clsvof,0.0994974,0.000557035
clsvof,0.0995949,0.000558377
clsvof,0.0996923,0.000559658
clsvof,0.0997898,0.000560873
clsvof,0.0998872,0.000562021
clsvof,0.0999847,0.000563114
clsvof,0.100082,0.000564141
clsvof,0.10018,0.0005651
clsvof,0.100277,0.000565986
clsvof,0.100374,0.000566801
clsvof,0.100472,0.000567543
clsvof,0.100569,0.000568216
clsvof,0.100667,0.000568824
clsvof,0.100764,0.000569373
clsvof,0.100862,0.000569864
clsvof,0.100959,0.000570294
clsvof,0.101057,0.000570662
clsvof,0.101154,0.00057097
clsvof,0.101251,0.000571215
clsvof,0.101349,0.0005714
clsvof,0.101446,0.000571522
clsvof,0.101544,0.000571576
clsvof,0.101641,0.00057156
clsvof,0.101739,0.000571474
clsvof,0.101836,0.00057132
clsvof,0.101934,0.000571099
clsvof,0.102031,0.000570805
clsvof,0.102129,0.000570448
clsvof,0.102226,0.000570029
clsvof,0.102323,0.000569547
clsvof,0.102421,0.000569004
clsvof,0.102518,0.000568401
clsvof,0.102616,0.000567739
clsvof,0.102713,0.000567014
clsvof,0.102811,0.00056623
clsvof,0.102908,0.000565377
clsvof,0.103006,0.000564459
clsvof,0.103103,0.000563477
clsvof,0.1032,0.000562323
clsvof,0.103298,0.000561212
clsvof,0.103395,0.000560038
clsvof,0.103493,0.000558802
clsvof,0.10359,0.000557503
clsvof,0.103688,0.00055614
clsvof,0.103785,0.000554715
clsvof,0.103883,0.000553234
clsvof,0.10398,0.0005517
clsvof,0.104077,0.000550112
clsvof,0.104175,0.000548466
clsvof,0.104272,0.000546763
clsvof,0.10437,0.000545005
clsvof,0.104467,0.000543176
clsvof,0.104565,0.000541287
clsvof,0.104662,0.000539339
clsvof,0.10476,0.000537335
clsvof,0.104857,0.000535276
clsvof,0.104954,0.00053316
clsvof,0.105052,0.00053099
clsvof,0.105149,0.000528764
clsvof,0.105247,0.000526485
clsvof,0.105344,0.000524153
clsvof,0.105442,0.000521766
clsvof,0.105539,0.000519327
clsvof,0.105637,0.000516836
clsvof,0.105734,0.000514294
clsvof,0.105831,0.000511698
clsvof,0.105929,0.000509047
clsvof,0.106026,0.000506341
clsvof,0.106124,0.000503583
clsvof,0.106221,0.00050078
clsvof,0.106319,0.000497928
clsvof,0.106416,0.000495029
clsvof,0.106514,0.000492085
clsvof,0.106611,0.000489097
clsvof,0.106708,0.000486067
clsvof,0.106806,0.000482994
clsvof,0.106903,0.000479879
clsvof,0.107001,0.000476723
clsvof,0.107098,0.000473525
clsvof,0.107196,0.000470286
clsvof,0.107293,0.000467005
clsvof,0.107391,0.000463681
clsvof,0.107488,0.00046032
clsvof,0.107586,0.000456921
clsvof,0.107683,0.000453481
clsvof,0.10778,0.00045
clsvof,0.107878,0.00044648
clsvof,0.107975,0.000442923
clsvof,0.108073,0.000439331
clsvof,0.10817,0.000435707
clsvof,0.108268,0.000432057
clsvof,0.108365,0.00042838
clsvof,0.108463,0.000424675
clsvof,0.10856,0.000420941
clsvof,0.108657,0.000417177
clsvof,0.108755,0.000413382
clsvof,0.108852,0.000409554
clsvof,0.10895,0.000405693
clsvof,0.109047,0.0004018
clsvof,0.109145,0.000397877
clsvof,0.109242,0.000393924
clsvof,0.10934,0.000389944
clsvof,0.109437,0.00038594
clsvof,0.109534,0.000381912
clsvof,0.109632,0.000377865
clsvof,0.109729,0.000373797
clsvof,0.109827,0.000369711
clsvof,0.109924,0.000365612
clsvof,0.110022,0.000361496
clsvof,0.110119,0.00035736
clsvof,0.110217,0.000353207
clsvof,0.110314,0.00034904
clsvof,0.110411,0.000344861
clsvof,0.110509,0.000340668
clsvof,0.110606,0.000336465
clsvof,0.110704,0.000332254
clsvof,0.110801,0.000328032
clsvof,0.110899,0.000323799
clsvof,0.110996,0.000319556
clsvof,0.111094,0.000315309
clsvof,0.111191,0.00031106
clsvof,0.111288,0.000306807
clsvof,0.111386,0.000302549
clsvof,0.111483,0.000298288
clsvof,0.111581,0.000294024
clsvof,0.111678,0.000289758
clsvof,0.111776,0.000285489
clsvof,0.111873,0.000281219
clsvof,0.111971,0.000276946
clsvof,0.112068,0.000272675
clsvof,0.112166,0.000268404
clsvof,0.112263,0.00026413
clsvof,0.11236,0.000259866
clsvof,0.112458,0.000255607
clsvof,0.112555,0.000251356
clsvof,0.112653,0.000247111
clsvof,0.11275,0.000242875
clsvof,0.112848,0.000238644
clsvof,0.112945,0.000234426
clsvof,0.113043,0.000230219
clsvof,0.11314,0.000226027
clsvof,0.113237,0.000221849
clsvof,0.113335,0.000217685
clsvof,0.113432,0.000213537
clsvof,0.11353,0.000209405
clsvof,0.113627,0.000205292
clsvof,0.113725,0.000201201
clsvof,0.113822,0.000197124
clsvof,0.11392,0.000193066
clsvof,0.114017,0.000189031
clsvof,0.114114,0.000185018
clsvof,0.114212,0.00018103
clsvof,0.114309,0.000177067
clsvof,0.114407,0.000173129
clsvof,0.114504,0.000169217
clsvof,0.114602,0.000165331
clsvof,0.114699,0.000161472
clsvof,0.114797,0.000157641
clsvof,0.114894,0.000153838
clsvof,0.114991,0.000150065
clsvof,0.115089,0.000146324
clsvof,0.115186,0.000142614
clsvof,0.115284,0.000138938
clsvof,0.115381,0.000135296
clsvof,0.115479,0.000131689
clsvof,0.115576,0.000128117
clsvof,0.115674,0.000124581
clsvof,0.115771,0.000121082
clsvof,0.115868,0.000117619
clsvof,0.115966,0.000114195
clsvof,0.116063,0.000110809
clsvof,0.116161,0.000107464
clsvof,0.116258,0.00010416
clsvof,0.116356,0.000100899
clsvof,0.116453,9.76819e-05
clsvof,0.116551,9.45105e-05
clsvof,0.116648,9.13855e-05
clsvof,0.116746,8.83078e-05
clsvof,0.116843,8.52782e-05
clsvof,0.11694,8.22976e-05
clsvof,0.117038,7.9367e-05
clsvof,0.117135,7.6486e-05
clsvof,0.117233,7.36557e-05
clsvof,0.11733,7.08767e-05
clsvof,0.117428,6.81492e-05
clsvof,0.117525,6.54747e-05
clsvof,0.117623,6.28547e-05
clsvof,0.11772,6.02877e-05
clsvof,0.117817,5.77687e-05
clsvof,0.117915,5.52975e-05
clsvof,0.118012,5.28758e-05
clsvof,0.11811,5.05105e-05
clsvof,0.118207,4.81993e-05
clsvof,0.118305,4.59445e-05
clsvof,0.118402,4.37458e-05
clsvof,0.1185,4.16026e-05
clsvof,0.118597,3.95152e-05
clsvof,0.118694,3.74837e-05
clsvof,0.118792,3.55084e-05
clsvof,0.118889,3.3589e-05
clsvof,0.118987,3.17251e-05
clsvof,0.119084,2.99157e-05
clsvof,0.119182,2.81606e-05
clsvof,0.119279,2.64614e-05
clsvof,0.119377,2.48235e-05
clsvof,0.119474,2.32493e-05
clsvof,0.119571,2.17369e-05
clsvof,0.119669,2.0278e-05
clsvof,0.119766,1.88764e-05
clsvof,0.119864,1.75321e-05
clsvof,0.119961,1.6248e-05
clsvof,0.120059,1.50246e-05
clsvof,0.120156,1.38612e-05
clsvof,0.120254,1.27567e-05
clsvof,0.120351,1.17133e-05
clsvof,0.120448,1.07391e-05
clsvof,0.120546,9.83479e-06
clsvof,0.120643,8.99767e-06
clsvof,0.120741,8.2228e-06
clsvof,0.120838,7.50618e-06
clsvof,0.120936,6.83978e-06
clsvof,0.121033,6.24074e-06
clsvof,0.121131,5.71126e-06
clsvof,0.121228,5.2481e-06
clsvof,0.121326,4.8502e-06
clsvof,0.121423,4.51649e-06
clsvof,0.12152,4.24064e-06
clsvof,0.121618,4.03336e-06
clsvof,0.121715,3.89342e-06
clsvof,0.121813,3.81831e-06
clsvof,0.12191,3.79919e-06
clsvof,0.122008,3.83873e-06
clsvof,0.122105,3.93727e-06
clsvof,0.122203,4.10136e-06
clsvof,0.1223,4.32274e-06
clsvof,0.122397,4.60433e-06
clsvof,0.122495,4.94846e-06
clsvof,0.122592,5.35725e-06
clsvof,0.12269,5.83211e-06
clsvof,0.122787,6.37339e-06
clsvof,0.122885,6.98068e-06
clsvof,0.122982,7.65292e-06
clsvof,0.12308,8.38877e-06
clsvof,0.123177,9.18587e-06
clsvof,0.123274,1.00444e-05
clsvof,0.123372,1.09653e-05
clsvof,0.123469,1.19478e-05
clsvof,0.123567,1.29915e-05
clsvof,0.123664,1.40985e-05
clsvof,0.123762,1.52631e-05
clsvof,0.123859,1.64928e-05
clsvof,0.123957,1.77855e-05
clsvof,0.124054,1.9141e-05
clsvof,0.124151,2.05594e-05
clsvof,0.124249,2.20396e-05
clsvof,0.124346,2.35808e-05
clsvof,0.124444,2.5179e-05
clsvof,0.124541,2.68423e-05
clsvof,0.124639,2.85605e-05
clsvof,0.124736,3.03361e-05
clsvof,0.124834,3.21683e-05
clsvof,0.124931,3.40495e-05
clsvof,0.125028,3.59954e-05
clsvof,0.125126,3.79999e-05
clsvof,0.125223,4.00588e-05
clsvof,0.125321,4.21702e-05
clsvof,0.125418,4.43329e-05
clsvof,0.125516,4.65498e-05
clsvof,0.125613,4.88259e-05
clsvof,0.125711,5.11606e-05
clsvof,0.125808,5.35496e-05
clsvof,0.125905,5.59899e-05
clsvof,0.126003,5.84806e-05
clsvof,0.1261,6.10212e-05
clsvof,0.126198,6.36121e-05
clsvof,0.126295,6.62535e-05
clsvof,0.126393,6.89447e-05
clsvof,0.12649,7.16848e-05
clsvof,0.126588,7.4473e-05
clsvof,0.126685,7.73086e-05
clsvof,0.126783,8.01923e-05
clsvof,0.12688,8.31224e-05
clsvof,0.126977,8.60988e-05
clsvof,0.127075,8.91209e-05
clsvof,0.127172,9.21881e-05
clsvof,0.12727,9.52904e-05
clsvof,0.127367,9.84331e-05
clsvof,0.127465,0.000101619
clsvof,0.127562,0.000104845
clsvof,0.12766,0.00010811
clsvof,0.127757,0.000111413
clsvof,0.127854,0.000114751
clsvof,0.127952,0.000118125
clsvof,0.128049,0.000121533
clsvof,0.128147,0.000124975
clsvof,0.128244,0.00012845
clsvof,0.128342,0.000131958
clsvof,0.128439,0.0001355
clsvof,0.128537,0.000139075
clsvof,0.128634,0.000142683
clsvof,0.128731,0.000146323
clsvof,0.128829,0.000149995
clsvof,0.128926,0.000153699
clsvof,0.129024,0.000157433
clsvof,0.129121,0.000161198
clsvof,0.129219,0.000164991
clsvof,0.129316,0.000168814
clsvof,0.129414,0.000172663
clsvof,0.129511,0.000176537
clsvof,0.129608,0.000180436
clsvof,0.129706,0.000184359
clsvof,0.129803,0.000188305
clsvof,0.129901,0.000192275
clsvof,0.129998,0.000196267
clsvof,0.130096,0.000200282
clsvof,0.130193,0.000204318
clsvof,0.130291,0.000208376
clsvof,0.130388,0.00021245
clsvof,0.130485,0.000216544
clsvof,0.130583,0.000220649
clsvof,0.13068,0.000224772
clsvof,0.130778,0.000228912
clsvof,0.130875,0.00023307
clsvof,0.130973,0.000237244
clsvof,0.13107,0.000241431
clsvof,0.131168,0.000245627
clsvof,0.131265,0.000249832
clsvof,0.131363,0.000254049
clsvof,0.13146,0.000258274
clsvof,0.131557,0.000262506
clsvof,0.131655,0.000266744
clsvof,0.131752,0.000270989
clsvof,0.13185,0.000275237
clsvof,0.131947,0.00027949
clsvof,0.132045,0.000283744
clsvof,0.132142,0.000287997
clsvof,0.13224,0.000292249
clsvof,0.132337,0.000296499
clsvof,0.132434,0.000300745
clsvof,0.132532,0.000304986
clsvof,0.132629,0.00030922
clsvof,0.132727,0.000313447
clsvof,0.132824,0.000317665
clsvof,0.132922,0.000321875
clsvof,0.133019,0.000326075
clsvof,0.133117,0.000330266
clsvof,0.133214,0.000334449
clsvof,0.133311,0.000338626
clsvof,0.133409,0.000342793
clsvof,0.133506,0.000346946
clsvof,0.133604,0.000351083
clsvof,0.133701,0.000355201
clsvof,0.133799,0.0003593
clsvof,0.133896,0.000363385
clsvof,0.133994,0.000367454
clsvof,0.134091,0.000371504
clsvof,0.134188,0.000375534
clsvof,0.134286,0.000379541
clsvof,0.134383,0.000383528
clsvof,0.134481,0.000387489
clsvof,0.134578,0.000391425
clsvof,0.134676,0.000395337
clsvof,0.134773,0.000399223
clsvof,0.134871,0.000403079
clsvof,0.134968,0.000406906
clsvof,0.135065,0.000410708
clsvof,0.135163,0.000414481
clsvof,0.13526,0.000418225
clsvof,0.135358,0.000421939
clsvof,0.135455,0.000425621
clsvof,0.135553,0.000429271
clsvof,0.13565,0.00043289
clsvof,0.135748,0.000436471
clsvof,0.135845,0.000440013
clsvof,0.135943,0.000443518
clsvof,0.13604,0.000446987
clsvof,0.136137,0.000450428
clsvof,0.136235,0.000453822
clsvof,0.136332,0.000457165
clsvof,0.13643,0.000460469
clsvof,0.136527,0.000463726
clsvof,0.136625,0.000466962
clsvof,0.136722,0.000470135
clsvof,0.13682,0.000473275
clsvof,0.136917,0.000476375
clsvof,0.137014,0.000479431
clsvof,0.137112,0.000482446
clsvof,0.137209,0.000485415
clsvof,0.137307,0.000488348
clsvof,0.137404,0.000491239
clsvof,0.137502,0.000494083
clsvof,0.137599,0.000496878
clsvof,0.137697,0.00049962
clsvof,0.137794,0.000502313
clsvof,0.137891,0.000504956
clsvof,0.137989,0.000507567
clsvof,0.138086,0.000510105
clsvof,0.138184,0.000512597
clsvof,0.138281,0.000515032
clsvof,0.138379,0.000517415
clsvof,0.138476,0.000519748
clsvof,0.138574,0.000522027
clsvof,0.138671,0.000524249
clsvof,0.138768,0.000526418
clsvof,0.138866,0.000528531
clsvof,0.138963,0.000530589
clsvof,0.139061,0.000532592
clsvof,0.139158,0.000534544
clsvof,0.139256,0.000536431
clsvof,0.139353,0.000538349
clsvof,0.139451,0.000540132
clsvof,0.139548,0.00054175
clsvof,0.139645,0.000543416
clsvof,0.139743,0.000545018
clsvof,0.13984,0.000546562
clsvof,0.139938,0.000548045
clsvof,0.140035,0.000549472
clsvof,0.140133,0.000550843
clsvof,0.14023,0.000552159
clsvof,0.140328,0.000553414
clsvof,0.140425,0.000554611
clsvof,0.140523,0.000555748
clsvof,0.14062,0.000556823
clsvof,0.140717,0.000557923
clsvof,0.140815,0.00055878
clsvof,0.140912,0.000559672
clsvof,0.14101,0.000560495
clsvof,0.141107,0.000561248
clsvof,0.141205,0.000561932
clsvof,0.141302,0.000562542
clsvof,0.1414,0.000563082
clsvof,0.141497,0.000563557
clsvof,0.141594,0.000563968
clsvof,0.141692,0.000564315
clsvof,0.141789,0.000564603
clsvof,0.141887,0.000564831
clsvof,0.141984,0.000564998
clsvof,0.142082,0.000565097
clsvof,0.142179,0.00056513
clsvof,0.142277,0.000565098
clsvof,0.142374,0.000564999
clsvof,0.142471,0.00056483
clsvof,0.142569,0.00056459
clsvof,0.142666,0.00056428
clsvof,0.142764,0.000563905
clsvof,0.142861,0.000563466
clsvof,0.142959,0.000562967
clsvof,0.143056,0.000562491
clsvof,0.143154,0.000561765
clsvof,0.143251,0.000561067
clsvof,0.143348,0.000560294
clsvof,0.143446,0.000559454
clsvof,0.143543,0.000558556
clsvof,0.143641,0.0005576
clsvof,0.143738,0.00055659
clsvof,0.143836,0.000555527
clsvof,0.143933,0.000554407
clsvof,0.144031,0.000553229
clsvof,0.144128,0.000551987
clsvof,0.144225,0.00055068
clsvof,0.144323,0.000549314
clsvof,0.14442,0.000547895
clsvof,0.144518,0.000546426
clsvof,0.144615,0.000544909
clsvof,0.144713,0.000543342
clsvof,0.14481,0.000541723
clsvof,0.144908,0.000540048
clsvof,0.145005,0.000538406
clsvof,0.145102,0.000536607
clsvof,0.1452,0.00053475
clsvof,0.145297,0.000532838
clsvof,0.145395,0.000530876
clsvof,0.145492,0.000528856
clsvof,0.14559,0.000526785
clsvof,0.145687,0.000524662
clsvof,0.145785,0.000522485
clsvof,0.145882,0.000520256
clsvof,0.14598,0.000517974
clsvof,0.146077,0.000515638
clsvof,0.146174,0.000513247
clsvof,0.146272,0.000510803
clsvof,0.146369,0.000508308
clsvof,0.146467,0.000505763
clsvof,0.146564,0.000503167
clsvof,0.146662,0.000500521
clsvof,0.146759,0.000497826
clsvof,0.146857,0.000495086
clsvof,0.146954,0.000492291
clsvof,0.147051,0.000489455
clsvof,0.147149,0.000486574
clsvof,0.147246,0.000483649
clsvof,0.147344,0.000480679
clsvof,0.147441,0.000477665
clsvof,0.147539,0.000474606
clsvof,0.147636,0.000471503
clsvof,0.147734,0.000468355
clsvof,0.147831,0.000465163
clsvof,0.147928,0.000461926
clsvof,0.148026,0.000458641
clsvof,0.148123,0.000455312
clsvof,0.148221,0.000451938
clsvof,0.148318,0.000448524
clsvof,0.148416,0.000445077
clsvof,0.148513,0.000441595
clsvof,0.148611,0.000438078
clsvof,0.148708,0.000434521
clsvof,0.148805,0.000430925
clsvof,0.148903,0.000427296
clsvof,0.149,0.000423636
clsvof,0.149098,0.000419945
clsvof,0.149195,0.000416225
clsvof,0.149293,0.000412477
clsvof,0.14939,0.000408703
clsvof,0.149488,0.000404896
clsvof,0.149585,0.000401061
clsvof,0.149682,0.000397202
clsvof,0.14978,0.000393323
clsvof,0.149877,0.000389423
clsvof,0.149975,0.000385503
clsvof,0.150072,0.000381563
clsvof,0.15017,0.000377604
clsvof,0.150267,0.000373623
clsvof,0.150365,0.000369621
clsvof,0.150462,0.0003656
clsvof,0.15056,0.000361562
clsvof,0.150657,0.000357506
clsvof,0.150754,0.000353431
clsvof,0.150852,0.000349335
clsvof,0.150949,0.000345218
clsvof,0.151047,0.000341082
clsvof,0.151144,0.000336928
clsvof,0.151242,0.000332763
clsvof,0.151339,0.000328588
clsvof,0.151437,0.000324398
clsvof,0.151534,0.000320191
clsvof,0.151631,0.000315973
clsvof,0.151729,0.000311745
clsvof,0.151826,0.000307512
clsvof,0.151924,0.000303274
clsvof,0.152021,0.000299032
clsvof,0.152119,0.000294786
clsvof,0.152216,0.000290535
clsvof,0.152314,0.000286281
clsvof,0.152411,0.000282022
clsvof,0.152508,0.000277764
clsvof,0.152606,0.000273511
clsvof,0.152703,0.000269262
clsvof,0.152801,0.000265018
clsvof,0.152898,0.000260781
clsvof,0.152996,0.000256552
clsvof,0.153093,0.00025233
clsvof,0.153191,0.000248111
clsvof,0.153288,0.000243903
clsvof,0.153385,0.000239701
clsvof,0.153483,0.000235511
clsvof,0.15358,0.000231332
clsvof,0.153678,0.000227168
clsvof,0.153775,0.000223022
clsvof,0.153873,0.000218894
clsvof,0.15397,0.000214785
clsvof,0.154068,0.000210697
clsvof,0.154165,0.000206628
clsvof,0.154262,0.000202578
clsvof,0.15436,0.000198542
clsvof,0.154457,0.000194533
clsvof,0.154555,0.000190536
clsvof,0.154652,0.00018656
clsvof,0.15475,0.000182609
clsvof,0.154847,0.000178681
clsvof,0.154945,0.000174777
clsvof,0.155042,0.000170898
clsvof,0.15514,0.000167044
clsvof,0.155237,0.000163215
clsvof,0.155334,0.000159413
clsvof,0.155432,0.000155636
clsvof,0.155529,0.000151885
clsvof,0.155627,0.000148162
clsvof,0.155724,0.000144466
clsvof,0.155822,0.000140798
clsvof,0.155919,0.00013716
clsvof,0.156017,0.000133551
clsvof,0.156114,0.000129975
clsvof,0.156211,0.00012643
clsvof,0.156309,0.000122918
clsvof,0.156406,0.000119441
clsvof,0.156504,0.000116
clsvof,0.156601,0.000112595
clsvof,0.156699,0.000109229
clsvof,0.156796,0.000105902
clsvof,0.156894,0.000102613
clsvof,0.156991,9.93639e-05
clsvof,0.157088,9.61607e-05
clsvof,0.157186,9.3004e-05
clsvof,0.157283,8.98943e-05
clsvof,0.157381,8.68326e-05
clsvof,0.157478,8.38193e-05
clsvof,0.157576,8.08545e-05
clsvof,0.157673,7.79384e-05
clsvof,0.157771,7.50709e-05
clsvof,0.157868,7.22523e-05
clsvof,0.157965,6.9483e-05
clsvof,0.158063,6.67641e-05
clsvof,0.15816,6.40966e-05
clsvof,0.158258,6.14828e-05
clsvof,0.158355,5.89195e-05
clsvof,0.158453,5.64094e-05
clsvof,0.15855,5.39526e-05
clsvof,0.158648,5.1551e-05
clsvof,0.158745,4.92056e-05
clsvof,0.158842,4.69156e-05
clsvof,0.15894,4.46797e-05
clsvof,0.159037,4.24976e-05
clsvof,0.159135,4.03706e-05
clsvof,0.159232,3.83015e-05
clsvof,0.15933,3.62925e-05
clsvof,0.159427,3.43442e-05
clsvof,0.159525,3.24522e-05
clsvof,0.159622,3.06159e-05
clsvof,0.15972,2.88428e-05
clsvof,0.159817,2.71272e-05
clsvof,0.159914,2.54654e-05
clsvof,0.160012,2.3857e-05
clsvof,0.160109,2.23036e-05
clsvof,0.160207,2.08086e-05
clsvof,0.160304,1.93749e-05
clsvof,0.160402,1.80034e-05
clsvof,0.160499,1.66946e-05
clsvof,0.160597,1.54469e-05
clsvof,0.160694,1.42584e-05
clsvof,0.160791,1.31278e-05
clsvof,0.160889,1.20552e-05
clsvof,0.160986,1.10412e-05
clsvof,0.161084,1.00872e-05
clsvof,0.161181,9.19392e-06
clsvof,0.161279,8.36312e-06
clsvof,0.161376,7.59713e-06
clsvof,0.161474,6.89986e-06
clsvof,0.161571,6.268e-06
clsvof,0.161668,5.69341e-06
clsvof,0.161766,5.17205e-06
clsvof,0.161863,4.70727e-06
clsvof,0.161961,4.3045e-06
clsvof,0.162058,3.96707e-06
clsvof,0.162156,3.6952e-06
clsvof,0.162253,3.48883e-06
clsvof,0.162351,3.3475e-06
clsvof,0.162448,3.27145e-06
clsvof,0.162545,3.26054e-06
clsvof,0.162643,3.31546e-06
clsvof,0.16274,3.43536e-06
clsvof,0.162838,3.62025e-06
clsvof,0.162935,3.86308e-06
clsvof,0.163033,4.17369e-06
clsvof,0.16313,4.54394e-06
clsvof,0.163228,4.98138e-06
clsvof,0.163325,5.47812e-06
clsvof,0.163422,6.03773e-06
clsvof,0.16352,6.66057e-06
clsvof,0.163617,7.34562e-06
clsvof,0.163715,8.09175e-06
clsvof,0.163812,8.8979e-06
clsvof,0.16391,9.76493e-06
clsvof,0.164007,1.06928e-05
clsvof,0.164105,1.168e-05
clsvof,0.164202,1.27257e-05
clsvof,0.164299,1.38305e-05
clsvof,0.164397,1.49948e-05
clsvof,0.164494,1.62184e-05
clsvof,0.164592,1.75008e-05
clsvof,0.164689,1.88416e-05
clsvof,0.164787,2.02404e-05
clsvof,0.164884,2.16973e-05
clsvof,0.164982,2.32109e-05
clsvof,0.165079,2.4782e-05
clsvof,0.165177,2.6413e-05
clsvof,0.165274,2.8103e-05
clsvof,0.165371,2.98512e-05
clsvof,0.165469,3.16535e-05
clsvof,0.165566,3.35081e-05
clsvof,0.165664,3.54165e-05
clsvof,0.165761,3.73796e-05
clsvof,0.165859,3.93974e-05
clsvof,0.165956,4.14698e-05
clsvof,0.166054,4.35963e-05
clsvof,0.166151,4.57766e-05
clsvof,0.166248,4.8011e-05
clsvof,0.166346,5.02945e-05
clsvof,0.166443,5.26328e-05
clsvof,0.166541,5.50186e-05
clsvof,0.166638,5.74556e-05
clsvof,0.166736,5.99452e-05
clsvof,0.166833,6.24867e-05
clsvof,0.166931,6.50806e-05
clsvof,0.167028,6.7727e-05
clsvof,0.167125,7.04253e-05
clsvof,0.167223,7.31753e-05
clsvof,0.16732,7.59756e-05
clsvof,0.167418,7.88253e-05
clsvof,0.167515,8.17236e-05
clsvof,0.167613,8.46698e-05
clsvof,0.16771,8.76634e-05
clsvof,0.167808,9.07037e-05
clsvof,0.167905,9.37901e-05
clsvof,0.168002,9.69211e-05
clsvof,0.1681,0.000100095
clsvof,0.168197,0.00010331
clsvof,0.168295,0.000106565
clsvof,0.168392,0.000109859
clsvof,0.16849,0.000113191
clsvof,0.168587,0.00011656
clsvof,0.168685,0.000119966
clsvof,0.168782,0.000123407
clsvof,0.168879,0.000126884
clsvof,0.168977,0.000130394
clsvof,0.169074,0.000133938
clsvof,0.169172,0.000137513
clsvof,0.169269,0.000141121
clsvof,0.169367,0.00014476
clsvof,0.169464,0.000148429
clsvof,0.169562,0.000152128
clsvof,0.169659,0.000155856
clsvof,0.169757,0.000159612
clsvof,0.169854,0.000163395
clsvof,0.169951,0.000167204
clsvof,0.170049,0.000171038
clsvof,0.170146,0.000174896
clsvof,0.170244,0.000178778
clsvof,0.170341,0.000182682
clsvof,0.170439,0.000186607
clsvof,0.170536,0.000190553
clsvof,0.170634,0.000194518
clsvof,0.170731,0.000198502
clsvof,0.170828,0.000202505
clsvof,0.170926,0.000206526
clsvof,0.171023,0.000210564
clsvof,0.171121,0.000214618
clsvof,0.171218,0.000218689
clsvof,0.171316,0.000222773
clsvof,0.171413,0.000226871
clsvof,0.171511,0.000230987
clsvof,0.171608,0.000235117
clsvof,0.171705,0.00023926
clsvof,0.171803,0.000243415
clsvof,0.1719,0.000247582
clsvof,0.171998,0.000251759
clsvof,0.172095,0.000255946
clsvof,0.172193,0.000260143
clsvof,0.17229,0.000264349
clsvof,0.172388,0.000268564
clsvof,0.172485,0.000272784
clsvof,0.172582,0.000277009
clsvof,0.17268,0.000281238
clsvof,0.172777,0.000285467
clsvof,0.172875,0.000289693
clsvof,0.172972,0.000293919
clsvof,0.17307,0.000298144
clsvof,0.173167,0.000302367
clsvof,0.173265,0.000306588
clsvof,0.173362,0.000310806
clsvof,0.173459,0.000315019
clsvof,0.173557,0.000319226
clsvof,0.173654,0.000323423
clsvof,0.173752,0.000327609
clsvof,0.173849,0.000331781
clsvof,0.173947,0.000335941
clsvof,0.174044,0.000340091
clsvof,0.174142,0.000344221
clsvof,0.174239,0.000348335
clsvof,0.174337,0.00035242
clsvof,0.174434,0.000356482
clsvof,0.174531,0.000360525
clsvof,0.174629,0.000364554
clsvof,0.174726,0.000368563
clsvof,0.174824,0.000372551
clsvof,0.174921,0.000376518
clsvof,0.175019,0.000380462
clsvof,0.175116,0.000384388
clsvof,0.175214,0.000388283
clsvof,0.175311,0.000392149
clsvof,0.175408,0.000395993
clsvof,0.175506,0.000399813
clsvof,0.175603,0.000403607
clsvof,0.175701,0.000407374
clsvof,0.175798,0.00041111
clsvof,0.175896,0.000414817
clsvof,0.175993,0.000418497
clsvof,0.176091,0.00042215
clsvof,0.176188,0.000425773
clsvof,0.176285,0.000429363
clsvof,0.176383,0.000432919
clsvof,0.17648,0.000436444
clsvof,0.176578,0.000439935
clsvof,0.176675,0.000443386
clsvof,0.176773,0.000446795
clsvof,0.17687,0.000450165
clsvof,0.176968,0.000453494
clsvof,0.177065,0.000456787
clsvof,0.177162,0.00046004
clsvof,0.17726,0.000463257
clsvof,0.177357,0.000466433
clsvof,0.177455,0.000469565
clsvof,0.177552,0.000472652
clsvof,0.17765,0.000475695
clsvof,0.177747,0.000478695
clsvof,0.177845,0.000481652
clsvof,0.177942,0.000484568
clsvof,0.178039,0.000487438
clsvof,0.178137,0.000490262
clsvof,0.178234,0.000493038
clsvof,0.178332,0.000495766
clsvof,0.178429,0.000498447
clsvof,0.178527,0.000501085
clsvof,0.178624,0.000503676
clsvof,0.178722,0.000506217
clsvof,0.178819,0.000508702
clsvof,0.178917,0.000511134
clsvof,0.179014,0.000513515
clsvof,0.179111,0.00051584
clsvof,0.179209,0.000518109
clsvof,0.179306,0.000520327
clsvof,0.179404,0.000522482
clsvof,0.179501,0.000524577
clsvof,0.179599,0.000526616
clsvof,0.179696,0.000528603
clsvof,0.179794,0.000530525
clsvof,0.179891,0.000532384
clsvof,0.179988,0.000534192
clsvof,0.180086,0.000535939
clsvof,0.180183,0.000537627
clsvof,0.180281,0.000539257
clsvof,0.180378,0.000540824
clsvof,0.180476,0.000542336
clsvof,0.180573,0.00054379
clsvof,0.180671,0.00054519
clsvof,0.180768,0.000546539
clsvof,0.180865,0.000547831
clsvof,0.180963,0.000549074
clsvof,0.18106,0.000550257
clsvof,0.181158,0.000551385
clsvof,0.181255,0.000552453
clsvof,0.181353,0.000553459
clsvof,0.18145,0.000554394
clsvof,0.181548,0.000555261
clsvof,0.181645,0.000556061
clsvof,0.181742,0.000556798
clsvof,0.18184,0.00055747
clsvof,0.181937,0.00055808
clsvof,0.182035,0.000558629
clsvof,0.182132,0.000559118
clsvof,0.18223,0.000559544
clsvof,0.182327,0.000559908
clsvof,0.182425,0.00056021
clsvof,0.182522,0.000560446
clsvof,0.182619,0.000560612
clsvof,0.182717,0.000560711
clsvof,0.182814,0.000560746
clsvof,0.182912,0.000560718
clsvof,0.183009,0.000560627
clsvof,0.183107,0.000560473
clsvof,0.183204,0.000560255
clsvof,0.183302,0.000559971
clsvof,0.183399,0.000559627
clsvof,0.183497,0.000559221
clsvof,0.183594,0.000558754
clsvof,0.183691,0.000558224
clsvof,0.183789,0.000557636
clsvof,0.183886,0.000556987
clsvof,0.183984,0.000556279
clsvof,0.184081,0.000555508
clsvof,0.184179,0.000554677
clsvof,0.184276,0.000553778
clsvof,0.184374,0.000552812
clsvof,0.184471,0.000551778
clsvof,0.184568,0.000550681
clsvof,0.184666,0.000549522
clsvof,0.184763,0.000548299
clsvof,0.184861,0.000547014
clsvof,0.184958,0.000545664
clsvof,0.185056,0.000544256
clsvof,0.185153,0.000542793
clsvof,0.185251,0.000541277
clsvof,0.185348,0.000539708
clsvof,0.185445,0.000538083
clsvof,0.185543,0.000536404
clsvof,0.18564,0.000534669
clsvof,0.185738,0.000532873
clsvof,0.185835,0.000531016
clsvof,0.185933,0.000529102
clsvof,0.18603,0.000527131
clsvof,0.186128,0.000525105
clsvof,0.186225,0.000523026
clsvof,0.186322,0.000520896
clsvof,0.18642,0.000518713
clsvof,0.186517,0.000516478
clsvof,0.186615,0.000514193
clsvof,0.186712,0.000511856
clsvof,0.18681,0.000509467
clsvof,0.186907,0.000507028
clsvof,0.187005,0.000504539
clsvof,0.187102,0.000501997
clsvof,0.187199,0.000499402
clsvof,0.187297,0.000496753
clsvof,0.187394,0.000494054
clsvof,0.187492,0.000491308
clsvof,0.187589,0.000488516
clsvof,0.187687,0.000485676
clsvof,0.187784,0.000482792
clsvof,0.187882,0.000479865
clsvof,0.187979,0.000476897
clsvof,0.188076,0.000473889
clsvof,0.188174,0.000470841
clsvof,0.188271,0.00046775
clsvof,0.188369,0.000464617
clsvof,0.188466,0.00046144
clsvof,0.188564,0.000458219
clsvof,0.188661,0.000454955
clsvof,0.188759,0.000451645
clsvof,0.188856,0.000448294
clsvof,0.188954,0.000444903
clsvof,0.189051,0.000441477
clsvof,0.189148,0.000438013
clsvof,0.189246,0.000434509
clsvof,0.189343,0.000430967
clsvof,0.189441,0.000427393
clsvof,0.189538,0.000423789
clsvof,0.189636,0.000420157
clsvof,0.189733,0.000416496
clsvof,0.189831,0.000412808
clsvof,0.189928,0.000409088
clsvof,0.190025,0.000405335
clsvof,0.190123,0.000401555
clsvof,0.19022,0.000397748
clsvof,0.190318,0.000393916
clsvof,0.190415,0.000390057
clsvof,0.190513,0.000386174
clsvof,0.19061,0.000382265
clsvof,0.190708,0.000378332
clsvof,0.190805,0.000374379
clsvof,0.190902,0.000370407
clsvof,0.191,0.000366418
clsvof,0.191097,0.000362412
clsvof,0.191195,0.00035839
clsvof,0.191292,0.00035435
clsvof,0.19139,0.000350296
clsvof,0.191487,0.000346224
clsvof,0.191585,0.000342129
clsvof,0.191682,0.000338013
clsvof,0.191779,0.000333883
clsvof,0.191877,0.000329743
clsvof,0.191974,0.000325584
clsvof,0.192072,0.000321412
clsvof,0.192169,0.000317227
clsvof,0.192267,0.000313033
clsvof,0.192364,0.000308835
clsvof,0.192462,0.000304632
clsvof,0.192559,0.000300427
clsvof,0.192656,0.000296218
clsvof,0.192754,0.000292008
clsvof,0.192851,0.000287793
clsvof,0.192949,0.000283581
clsvof,0.193046,0.000279366
clsvof,0.193144,0.000275154
clsvof,0.193241,0.000270943
clsvof,0.193339,0.000266733
clsvof,0.193436,0.000262529
clsvof,0.193534,0.000258332
clsvof,0.193631,0.000254144
clsvof,0.193728,0.000249963
clsvof,0.193826,0.000245792
clsvof,0.193923,0.000241631
clsvof,0.194021,0.00023748
clsvof,0.194118,0.00023334
clsvof,0.194216,0.000229209
clsvof,0.194313,0.000225088
clsvof,0.194411,0.000220979
clsvof,0.194508,0.000216881
clsvof,0.194605,0.000212798
clsvof,0.194703,0.000208732
clsvof,0.1948,0.000204646
clsvof,0.194898,0.000200621
clsvof,0.194995,0.000196615
clsvof,0.195093,0.000192627
clsvof,0.19519,0.000188658
clsvof,0.195288,0.00018471
clsvof,0.195385,0.000180784
clsvof,0.195482,0.000176882
clsvof,0.19558,0.000173005
clsvof,0.195677,0.000169156
clsvof,0.195775,0.000165333
clsvof,0.195872,0.000161539
clsvof,0.19597,0.000157773
clsvof,0.196067,0.000154037
clsvof,0.196165,0.000150329
clsvof,0.196262,0.000146653
clsvof,0.196359,0.000143007
clsvof,0.196457,0.000139393
clsvof,0.196554,0.000135814
clsvof,0.196652,0.000132269
clsvof,0.196749,0.00012876
clsvof,0.196847,0.000125286
clsvof,0.196944,0.000121848
clsvof,0.197042,0.000118447
clsvof,0.197139,0.000115081
clsvof,0.197236,0.000111753
clsvof,0.197334,0.000108462
clsvof,0.197431,0.000105211
clsvof,0.197529,0.000101998
clsvof,0.197626,9.88271e-05
clsvof,0.197724,9.56978e-05
clsvof,0.197821,9.26115e-05
clsvof,0.197919,8.95797e-05
clsvof,0.198016,8.65613e-05
clsvof,0.198114,8.36089e-05
clsvof,0.198211,8.07024e-05
clsvof,0.198308,7.78422e-05
clsvof,0.198406,7.50286e-05
clsvof,0.198503,7.22622e-05
clsvof,0.198601,6.95429e-05
clsvof,0.198698,6.68708e-05
clsvof,0.198796,6.42464e-05
clsvof,0.198893,6.16702e-05
clsvof,0.198991,5.91428e-05
clsvof,0.199088,5.66667e-05
clsvof,0.199185,5.42444e-05
clsvof,0.199283,5.18728e-05
clsvof,0.19938,4.95493e-05
clsvof,0.199478,4.72736e-05
clsvof,0.199575,4.50506e-05
clsvof,0.199673,4.28886e-05
clsvof,0.19977,4.07847e-05
clsvof,0.199868,3.87402e-05
clsvof,0.199965,3.6755e-05
clsvof,0.200062,3.48284e-05
clsvof,0.20016,3.29604e-05
clsvof,0.200257,3.11508e-05
clsvof,0.200355,2.93992e-05
clsvof,0.200452,2.77042e-05
clsvof,0.20055,2.60656e-05
clsvof,0.200647,2.44825e-05
clsvof,0.200745,2.2959e-05
clsvof,0.200842,2.14935e-05
clsvof,0.200939,2.00836e-05
clsvof,0.201037,1.87267e-05
clsvof,0.201134,1.74248e-05
clsvof,0.201232,1.61804e-05
clsvof,0.201329,1.49953e-05
clsvof,0.201427,1.38699e-05
clsvof,0.201524,1.282e-05
clsvof,0.201622,1.18453e-05
clsvof,0.201719,1.09304e-05
clsvof,0.201816,1.00634e-05
clsvof,0.201914,9.23032e-06
clsvof,0.202011,8.44796e-06
clsvof,0.202109,7.73378e-06
clsvof,0.202206,7.07366e-06
clsvof,0.202304,6.48336e-06
clsvof,0.202401,5.94855e-06
clsvof,0.202499,5.48371e-06
clsvof,0.202596,5.07443e-06
clsvof,0.202694,4.73446e-06
clsvof,0.202791,4.45094e-06
clsvof,0.202888,4.2366e-06
clsvof,0.202986,4.07861e-06
clsvof,0.203083,3.9911e-06
clsvof,0.203181,3.96095e-06
clsvof,0.203278,4.00294e-06
clsvof,0.203376,4.10391e-06
clsvof,0.203473,4.26921e-06
clsvof,0.203571,4.5006e-06
clsvof,0.203668,4.80257e-06
clsvof,0.203765,5.16355e-06
clsvof,0.203863,5.58652e-06
clsvof,0.20396,6.06644e-06
clsvof,0.204058,6.6013e-06
clsvof,0.204155,7.1943e-06
clsvof,0.204253,7.84871e-06
clsvof,0.20435,8.566e-06
clsvof,0.204448,9.34544e-06
clsvof,0.204545,1.01853e-05
clsvof,0.204642,1.10842e-05
clsvof,0.20474,1.20404e-05
clsvof,0.204837,1.30538e-05
clsvof,0.204935,1.41262e-05
clsvof,0.205032,1.52585e-05
clsvof,0.20513,1.64518e-05
clsvof,0.205227,1.77051e-05
clsvof,0.205325,1.90175e-05
clsvof,0.205422,2.03871e-05
clsvof,0.205519,2.18135e-05
clsvof,0.205617,2.32968e-05
clsvof,0.205714,2.48383e-05
clsvof,0.205812,2.64421e-05
clsvof,0.205909,2.81112e-05
clsvof,0.206007,2.98428e-05
clsvof,0.206104,3.16324e-05
clsvof,0.206202,3.34752e-05
clsvof,0.206299,3.53692e-05
clsvof,0.206396,3.73151e-05
clsvof,0.206494,3.93143e-05
clsvof,0.206591,4.1369e-05
clsvof,0.206689,4.34818e-05
clsvof,0.206786,4.56537e-05
clsvof,0.206884,4.78835e-05
clsvof,0.206981,5.01686e-05
clsvof,0.207079,5.25068e-05
clsvof,0.207176,5.48966e-05
clsvof,0.207273,5.73384e-05
clsvof,0.207371,5.98328e-05
clsvof,0.207468,6.23792e-05
clsvof,0.207566,6.49776e-05
clsvof,0.207663,6.76263e-05
clsvof,0.207761,7.03231e-05
clsvof,0.207858,7.30662e-05
clsvof,0.207956,7.58544e-05
clsvof,0.208053,7.86881e-05
clsvof,0.208151,8.15684e-05
clsvof,0.208248,8.44951e-05
clsvof,0.208345,8.74675e-05
clsvof,0.208443,9.04847e-05
clsvof,0.20854,9.35445e-05
clsvof,0.208638,9.66463e-05
clsvof,0.208735,9.97887e-05
clsvof,0.208833,0.000102973
clsvof,0.20893,0.000106198
clsvof,0.209028,0.000109465
clsvof,0.209125,0.000112762
clsvof,0.209222,0.000116097
clsvof,0.20932,0.000119467
clsvof,0.209417,0.00012288
clsvof,0.209515,0.00012633
clsvof,0.209612,0.000129814
clsvof,0.20971,0.000133333
clsvof,0.209807,0.000136886
clsvof,0.209905,0.000140471
clsvof,0.210002,0.000144088
clsvof,0.210099,0.000147736
clsvof,0.210197,0.000151414
clsvof,0.210294,0.000155122
clsvof,0.210392,0.000158857
clsvof,0.210489,0.000162621
clsvof,0.210587,0.000166412
clsvof,0.210684,0.00017023
clsvof,0.210782,0.000174073
clsvof,0.210879,0.00017794
clsvof,0.210976,0.00018183
clsvof,0.211074,0.000185742
clsvof,0.211171,0.000189674
clsvof,0.211269,0.000193625
clsvof,0.211366,0.000197593
clsvof,0.211464,0.000201579
clsvof,0.211561,0.000205577
clsvof,0.211659,0.00020959
clsvof,0.211756,0.000213619
clsvof,0.211853,0.000217664
clsvof,0.211951,0.000221723
clsvof,0.212048,0.000225784
clsvof,0.212146,0.000229857
clsvof,0.212243,0.00023394
clsvof,0.212341,0.000238035
clsvof,0.212438,0.000242144
clsvof,0.212536,0.000246266
clsvof,0.212633,0.000250396
clsvof,0.212731,0.000254532
clsvof,0.212828,0.000258676
clsvof,0.212925,0.000262826
clsvof,0.213023,0.000266981
clsvof,0.21312,0.000271141
clsvof,0.213218,0.000275302
clsvof,0.213315,0.000279463
clsvof,0.213413,0.000283624
clsvof,0.21351,0.000287785
clsvof,0.213608,0.000291946
clsvof,0.213705,0.000296107
clsvof,0.213802,0.000300265
clsvof,0.2139,0.000304419
clsvof,0.213997,0.000308568
clsvof,0.214095,0.00031271
clsvof,0.214192,0.000316845
clsvof,0.21429,0.000320971
clsvof,0.214387,0.00032509
clsvof,0.214485,0.000329202
clsvof,0.214582,0.000333302
clsvof,0.214679,0.000337386
clsvof,0.214777,0.00034145
clsvof,0.214874,0.000345491
clsvof,0.214972,0.000349515
clsvof,0.215069,0.000353522
clsvof,0.215167,0.000357511
clsvof,0.215264,0.000361481
clsvof,0.215362,0.000365432
clsvof,0.215459,0.000369362
clsvof,0.215556,0.000373267
clsvof,0.215654,0.00037715
clsvof,0.215751,0.000381009
clsvof,0.215849,0.000384844
clsvof,0.215946,0.000388653
clsvof,0.216044,0.000392436
clsvof,0.216141,0.000396194
clsvof,0.216239,0.000399927
clsvof,0.216336,0.000403627
clsvof,0.216433,0.000407301
clsvof,0.216531,0.000410954
clsvof,0.216628,0.000414585
clsvof,0.216726,0.00041819
clsvof,0.216823,0.000421764
clsvof,0.216921,0.000425309
clsvof,0.217018,0.000428818
clsvof,0.217116,0.000432294
clsvof,0.217213,0.000435736
clsvof,0.217311,0.000439138
clsvof,0.217408,0.000442498
clsvof,0.217505,0.000445817
clsvof,0.217603,0.000449096
clsvof,0.2177,0.000452328
clsvof,0.217798,0.000455518
clsvof,0.217895,0.000458669
clsvof,0.217993,0.000461779
clsvof,0.21809,0.000464847
clsvof,0.218188,0.00046787
clsvof,0.218285,0.000470851
clsvof,0.218382,0.000473789
clsvof,0.21848,0.000476685
clsvof,0.218577,0.000479538
clsvof,0.218675,0.000482346
clsvof,0.218772,0.000485106
clsvof,0.21887,0.000487829
clsvof,0.218967,0.000490482
clsvof,0.219065,0.000493092
clsvof,0.219162,0.000495663
clsvof,0.219259,0.000498182
clsvof,0.219357,0.000500654
clsvof,0.219454,0.000503071
clsvof,0.219552,0.000505439
clsvof,0.219649,0.00050776
clsvof,0.219747,0.000510034
clsvof,0.219844,0.000512256
clsvof,0.219942,0.00051443
clsvof,0.220039,0.000516551
clsvof,0.220136,0.000518618
clsvof,0.220234,0.000520629
clsvof,0.220331,0.000522583
clsvof,0.220429,0.00052448
clsvof,0.220526,0.000526317
clsvof,0.220624,0.000528095
clsvof,0.220721,0.000529815
clsvof,0.220819,0.00053148
clsvof,0.220916,0.000533081
clsvof,0.221013,0.000534624
clsvof,0.221111,0.000536109
clsvof,0.221208,0.000537537
clsvof,0.221306,0.00053891
clsvof,0.221403,0.00054023
clsvof,0.221501,0.000541496
clsvof,0.221598,0.00054279
clsvof,0.221696,0.000543946
clsvof,0.221793,0.000545045
clsvof,0.221891,0.000546086
clsvof,0.221988,0.000547072
clsvof,0.222085,0.000547999
clsvof,0.222183,0.000548863
clsvof,0.22228,0.000549661
clsvof,0.222378,0.000550393
clsvof,0.222475,0.000551061
clsvof,0.222573,0.000551669
clsvof,0.22267,0.00055222
clsvof,0.222768,0.000552708
clsvof,0.222865,0.000553135
clsvof,0.222962,0.000553505
clsvof,0.22306,0.000553821
clsvof,0.223157,0.00055408
clsvof,0.223255,0.00055428
clsvof,0.223352,0.000554418
clsvof,0.22345,0.000554496
clsvof,0.223547,0.000554516
clsvof,0.223645,0.00055447
clsvof,0.223742,0.000554359
clsvof,0.223839,0.000554177
clsvof,0.223937,0.000553926
clsvof,0.224034,0.00055361
clsvof,0.224132,0.00055323
clsvof,0.224229,0.00055279
clsvof,0.224327,0.000552289
clsvof,0.224424,0.000551729
clsvof,0.224522,0.000551093
clsvof,0.224619,0.000550382
clsvof,0.224716,0.0005496
clsvof,0.224814,0.000548753
clsvof,0.224911,0.000547845
clsvof,0.225009,0.000546874
clsvof,0.225106,0.000545844
clsvof,0.225204,0.000544754
clsvof,0.225301,0.000543602
clsvof,0.225399,0.000542382
clsvof,0.225496,0.000541094
clsvof,0.225593,0.000539742
clsvof,0.225691,0.000538334
clsvof,0.225788,0.000536875
clsvof,0.225886,0.000535367
clsvof,0.225983,0.000533807
clsvof,0.226081,0.000532195
clsvof,0.226178,0.000530527
clsvof,0.226276,0.000528805
clsvof,0.226373,0.000526912
clsvof,0.22647,0.000525071
clsvof,0.226568,0.000523176
clsvof,0.226665,0.000521229
clsvof,0.226763,0.000519231
clsvof,0.22686,0.000517189
clsvof,0.226958,0.000515094
clsvof,0.227055,0.000513038
clsvof,0.227153,0.000510841
clsvof,0.22725,0.000508595
clsvof,0.227348,0.000506297
clsvof,0.227445,0.000503945
clsvof,0.227542,0.000501543
clsvof,0.22764,0.00049909
clsvof,0.227737,0.000496586
clsvof,0.227835,0.000494027
clsvof,0.227932,0.000491416
clsvof,0.22803,0.000488756
clsvof,0.228127,0.000486052
clsvof,0.228225,0.000483301
clsvof,0.228322,0.000480501
clsvof,0.228419,0.000477655
clsvof,0.228517,0.000474764
clsvof,0.228614,0.000471827
clsvof,0.228712,0.000468748
clsvof,0.228809,0.000465727
clsvof,0.228907,0.000462665
clsvof,0.229004,0.00045956
clsvof,0.229102,0.000456412
clsvof,0.229199,0.000453219
clsvof,0.229296,0.000449984
clsvof,0.229394,0.0004467
clsvof,0.229491,0.000443372
clsvof,0.229589,0.000440011
clsvof,0.229686,0.000436614
clsvof,0.229784,0.00043318
clsvof,0.229881,0.000429708
clsvof,0.229979,0.000426201
clsvof,0.230076,0.000422662
clsvof,0.230173,0.000419086
clsvof,0.230271,0.000415476
clsvof,0.230368,0.000411835
clsvof,0.230466,0.000408166
clsvof,0.230563,0.000404467
clsvof,0.230661,0.000400742
clsvof,0.230758,0.000396991
clsvof,0.230856,0.000393214
clsvof,0.230953,0.000389414
clsvof,0.23105,0.00038559
clsvof,0.231148,0.000381812
clsvof,0.231245,0.000377941
clsvof,0.231343,0.000374048
clsvof,0.23144,0.000370137
clsvof,0.231538,0.000366208
clsvof,0.231635,0.000362262
clsvof,0.231733,0.000358301
clsvof,0.23183,0.000354325
clsvof,0.231928,0.000350339
clsvof,0.232025,0.000346331
clsvof,0.232122,0.000342303
clsvof,0.23222,0.000338255
clsvof,0.232317,0.000334189
clsvof,0.232415,0.00033011
clsvof,0.232512,0.000326018
clsvof,0.23261,0.000321914
clsvof,0.232707,0.000317801
clsvof,0.232805,0.000313679
clsvof,0.232902,0.000309542
clsvof,0.232999,0.000305392
clsvof,0.233097,0.000301233
clsvof,0.233194,0.00029707
clsvof,0.233292,0.000292903
clsvof,0.233389,0.000288733
clsvof,0.233487,0.000284558
clsvof,0.233584,0.000280376
clsvof,0.233682,0.000276194
clsvof,0.233779,0.000272012
clsvof,0.233876,0.00026783
clsvof,0.233974,0.000263655
clsvof,0.234071,0.000259479
clsvof,0.234169,0.00025531
clsvof,0.234266,0.000251147
clsvof,0.234364,0.000246942
clsvof,0.234461,0.000242794
clsvof,0.234559,0.000238654
clsvof,0.234656,0.000234522
clsvof,0.234753,0.000230399
clsvof,0.234851,0.000226285
clsvof,0.234948,0.000222188
clsvof,0.235046,0.000218102
clsvof,0.235143,0.000214031
clsvof,0.235241,0.000209981
clsvof,0.235338,0.00020595
clsvof,0.235436,0.000201939
clsvof,0.235533,0.000197949
clsvof,0.23563,0.000193981
clsvof,0.235728,0.000190037
clsvof,0.235825,0.000186119
clsvof,0.235923,0.000182225
clsvof,0.23602,0.000178357
clsvof,0.236118,0.000174515
clsvof,0.236215,0.000170699
clsvof,0.236313,0.000166913
clsvof,0.23641,0.000163158
clsvof,0.236508,0.000159434
clsvof,0.236605,0.000155739
clsvof,0.236702,0.000152074
clsvof,0.2368,0.000148439
clsvof,0.236897,0.000144833
clsvof,0.236995,0.000141257
clsvof,0.237092,0.000137712
clsvof,0.23719,0.000134198
clsvof,0.237287,0.000130713
clsvof,0.237385,0.000127259
clsvof,0.237482,0.000123838
clsvof,0.237579,0.000120448
clsvof,0.237677,0.00011709
clsvof,0.237774,0.000113765
clsvof,0.237872,0.000110474
clsvof,0.237969,0.000107218
clsvof,0.238067,0.000103997
clsvof,0.238164,0.000100814
clsvof,0.238262,9.76702e-05
clsvof,0.238359,9.45659e-05
clsvof,0.238456,9.1503e-05
clsvof,0.238554,8.84826e-05
clsvof,0.238651,8.5506e-05
clsvof,0.238749,8.25725e-05
clsvof,0.238846,7.96834e-05
clsvof,0.238944,7.68422e-05
clsvof,0.239041,7.40489e-05
clsvof,0.239139,7.1304e-05
clsvof,0.239236,6.86075e-05
clsvof,0.239333,6.59598e-05
clsvof,0.239431,6.33614e-05
clsvof,0.239528,6.08123e-05
clsvof,0.239626,5.83129e-05
clsvof,0.239723,5.58585e-05
clsvof,0.239821,5.34538e-05
clsvof,0.239918,5.11076e-05
clsvof,0.240016,4.88129e-05
clsvof,0.240113,4.6571e-05
clsvof,0.24021,4.4382e-05
clsvof,0.240308,4.22461e-05
clsvof,0.240405,4.01642e-05
clsvof,0.240503,3.81367e-05
clsvof,0.2406,3.61661e-05
clsvof,0.240698,3.4255e-05
clsvof,0.240795,3.24012e-05
clsvof,0.240893,3.05988e-05
clsvof,0.24099,2.8845e-05
clsvof,0.241088,2.71435e-05
clsvof,0.241185,2.54982e-05
clsvof,0.241282,2.39063e-05
clsvof,0.24138,2.23762e-05
clsvof,0.241477,2.09072e-05
clsvof,0.241575,1.95017e-05
clsvof,0.241672,1.81599e-05
clsvof,0.24177,1.68755e-05
clsvof,0.241867,1.56438e-05
clsvof,0.241965,1.44653e-05
clsvof,0.242062,1.33437e-05
clsvof,0.242159,1.22796e-05
clsvof,0.242257,1.12815e-05
clsvof,0.242354,1.03454e-05
clsvof,0.242452,9.46975e-06
clsvof,0.242549,8.6537e-06
clsvof,0.242647,7.8962e-06
clsvof,0.242744,7.1977e-06
clsvof,0.242842,6.55849e-06
clsvof,0.242939,5.97995e-06
clsvof,0.243036,5.46271e-06
clsvof,0.243134,5.00835e-06
clsvof,0.243231,4.61903e-06
clsvof,0.243329,4.29417e-06
clsvof,0.243426,4.02951e-06
clsvof,0.243524,3.82373e-06
clsvof,0.243621,3.67714e-06
clsvof,0.243719,3.59768e-06
clsvof,0.243816,3.5773e-06
clsvof,0.243913,3.61542e-06
clsvof,0.244011,3.71499e-06
clsvof,0.244108,3.87877e-06
clsvof,0.244206,4.1007e-06
clsvof,0.244303,4.39242e-06
clsvof,0.244401,4.74376e-06
clsvof,0.244498,5.16435e-06
clsvof,0.244596,5.64348e-06
clsvof,0.244693,6.18283e-06
clsvof,0.24479,6.78654e-06
clsvof,0.244888,7.45583e-06
clsvof,0.244985,8.18785e-06
clsvof,0.245083,8.97788e-06
clsvof,0.24518,9.83269e-06
clsvof,0.245278,1.07507e-05
clsvof,0.245375,1.17282e-05
clsvof,0.245473,1.2763e-05
clsvof,0.24557,1.38557e-05
clsvof,0.245667,1.50077e-05
clsvof,0.245765,1.6219e-05
clsvof,0.245862,1.74895e-05
clsvof,0.24596,1.88168e-05
clsvof,0.246057,2.02018e-05
clsvof,0.246155,2.16458e-05
clsvof,0.246252,2.31481e-05
clsvof,0.24635,2.47079e-05
clsvof,0.246447,2.63248e-05
clsvof,0.246545,2.79989e-05
clsvof,0.246642,2.97294e-05
clsvof,0.246739,3.15157e-05
clsvof,0.246837,3.33568e-05
clsvof,0.246934,3.52527e-05
clsvof,0.247032,3.72009e-05
clsvof,0.247129,3.92077e-05
clsvof,0.247227,4.12665e-05
clsvof,0.247324,4.33666e-05
clsvof,0.247422,4.55197e-05
clsvof,0.247519,4.77221e-05
clsvof,0.247616,4.99745e-05
clsvof,0.247714,5.22765e-05
clsvof,0.247811,5.46279e-05
clsvof,0.247909,5.70284e-05
clsvof,0.248006,5.94776e-05
clsvof,0.248104,6.19751e-05
clsvof,0.248201,6.45211e-05
clsvof,0.248299,6.7115e-05
clsvof,0.248396,6.97569e-05
clsvof,0.248493,7.24479e-05
clsvof,0.248591,7.51882e-05
clsvof,0.248688,7.79776e-05
clsvof,0.248786,8.08171e-05
clsvof,0.248883,8.37024e-05
clsvof,0.248981,8.66357e-05
clsvof,0.249078,8.9615e-05
clsvof,0.249176,9.26396e-05
clsvof,0.249273,9.57089e-05
clsvof,0.24937,9.88216e-05
clsvof,0.249468,0.000101977
clsvof,0.249565,0.000105174
clsvof,0.249663,0.000108412
clsvof,0.24976,0.000111689
clsvof,0.249858,0.000115005
clsvof,0.249955,0.000118396
clsvof,0.250053,0.000121762
clsvof,0.25015,0.00012519
clsvof,0.250247,0.000128653
clsvof,0.250345,0.000132151
clsvof,0.250442,0.000135684
clsvof,0.25054,0.000139248
clsvof,0.250637,0.000142844
clsvof,0.250735,0.000146472
clsvof,0.250832,0.000150129
clsvof,0.25093,0.000153815
clsvof,0.251027,0.00015753
clsvof,0.251125,0.000161271
clsvof,0.251222,0.000165038
clsvof,0.251319,0.00016883
clsvof,0.251417,0.000172645
clsvof,0.251514,0.000176483
clsvof,0.251612,0.000180342
clsvof,0.251709,0.000184222
clsvof,0.251807,0.000188121
clsvof,0.251904,0.000192039
clsvof,0.252002,0.000195976
clsvof,0.252099,0.000199929
clsvof,0.252196,0.000203896
clsvof,0.252294,0.000207877
clsvof,0.252391,0.000211877
clsvof,0.252489,0.000215893
clsvof,0.252586,0.000219922
clsvof,0.252684,0.000223963
clsvof,0.252781,0.000228016
clsvof,0.252879,0.000232079
clsvof,0.252976,0.000236152
clsvof,0.253073,0.000240236
clsvof,0.253171,0.00024433
clsvof,0.253268,0.000248432
clsvof,0.253366,0.000252542
clsvof,0.253463,0.000256653
clsvof,0.253561,0.000260765
clsvof,0.253658,0.000264886
clsvof,0.253756,0.000269
clsvof,0.253853,0.000273123
clsvof,0.25395,0.000277246
clsvof,0.254048,0.00028137
clsvof,0.254145,0.000285496
clsvof,0.254243,0.000289622
clsvof,0.25434,0.000293749
clsvof,0.254438,0.000297873
clsvof,0.254535,0.000301995
clsvof,0.254633,0.000306104
clsvof,0.25473,0.000310209
clsvof,0.254827,0.000314301
clsvof,0.254925,0.000318386
clsvof,0.255022,0.000322461
clsvof,0.25512,0.000326528
clsvof,0.255217,0.000330588
clsvof,0.255315,0.000334636
clsvof,0.255412,0.000338668
clsvof,0.25551,0.00034268
clsvof,0.255607,0.000346671
clsvof,0.255705,0.000350646
clsvof,0.255802,0.000354604
clsvof,0.255899,0.000358545
clsvof,0.255997,0.000362466
clsvof,0.256094,0.000366365
clsvof,0.256192,0.000370242
clsvof,0.256289,0.000374095
clsvof,0.256387,0.000378014
clsvof,0.256484,0.000381742
clsvof,0.256582,0.000385521
clsvof,0.256679,0.000389273
clsvof,0.256776,0.000392999
clsvof,0.256874,0.000396693
clsvof,0.256971,0.000400362
clsvof,0.257069,0.000404002
clsvof,0.257166,0.000407614
clsvof,0.257264,0.000411196
clsvof,0.257361,0.000414751
clsvof,0.257459,0.000418281
clsvof,0.257556,0.00042178
clsvof,0.257653,0.000425246
clsvof,0.257751,0.000428675
clsvof,0.257848,0.000432072
clsvof,0.257946,0.000435431
clsvof,0.258043,0.000438746
clsvof,0.258141,0.000442021
clsvof,0.258238,0.000445258
clsvof,0.258336,0.000448458
clsvof,0.258433,0.000451616
clsvof,0.25853,0.000454742
clsvof,0.258628,0.000457828
clsvof,0.258725,0.000460873
clsvof,0.258823,0.000463876
clsvof,0.25892,0.00046684
clsvof,0.259018,0.000469765
clsvof,0.259115,0.000472652
clsvof,0.259213,0.000475498
clsvof,0.25931,0.000478302
clsvof,0.259407,0.000481062
clsvof,0.259505,0.00048378
clsvof,0.259602,0.000486456
clsvof,0.2597,0.00048909
clsvof,0.259797,0.000491679
clsvof,0.259895,0.000494219
clsvof,0.259992,0.000496709
clsvof,0.26009,0.000499146
clsvof,0.260187,0.000501532
clsvof,0.260285,0.000503864
clsvof,0.260382,0.000506141
clsvof,0.260479,0.000508363
clsvof,0.260577,0.000510529
clsvof,0.260674,0.000512638
clsvof,0.260772,0.00051469
clsvof,0.260869,0.000516689
clsvof,0.260967,0.00051863
clsvof,0.261064,0.000520517
clsvof,0.261162,0.000522358
clsvof,0.261259,0.000524129
clsvof,0.261356,0.000525838
clsvof,0.261454,0.000527492
clsvof,0.261551,0.000529088
clsvof,0.261649,0.00053062
clsvof,0.261746,0.000532095
clsvof,0.261844,0.000533511
clsvof,0.261941,0.000534872
clsvof,0.262039,0.00053618
clsvof,0.262136,0.000537431
clsvof,0.262233,0.000538626
clsvof,0.262331,0.000539766
clsvof,0.262428,0.000540849
clsvof,0.262526,0.000541876
clsvof,0.262623,0.000542839
clsvof,0.262721,0.000543738
clsvof,0.262818,0.000544574
clsvof,0.262916,0.000545349
clsvof,0.263013,0.000546064
clsvof,0.26311,0.000546717
clsvof,0.263208,0.000547303
clsvof,0.263305,0.000547835
clsvof,0.263403,0.000548307
clsvof,0.2635,0.000548718
clsvof,0.263598,0.000549068
clsvof,0.263695,0.000549358
clsvof,0.263793,0.000549584
clsvof,0.26389,0.00054974
clsvof,0.263987,0.00054983
clsvof,0.264085,0.000549858
clsvof,0.264182,0.000549823
clsvof,0.26428,0.000549729
clsvof,0.264377,0.000549575
clsvof,0.264475,0.000549355
clsvof,0.264572,0.000549079
clsvof,0.26467,0.000548742
clsvof,0.264767,0.000548345
clsvof,0.264864,0.000547885
clsvof,0.264962,0.000547365
clsvof,0.265059,0.000546786
clsvof,0.265157,0.000546144
clsvof,0.265254,0.000545443
clsvof,0.265352,0.000544674
clsvof,0.265449,0.000543836
clsvof,0.265547,0.000542934
clsvof,0.265644,0.000541975
clsvof,0.265742,0.000540957
clsvof,0.265839,0.000539876
clsvof,0.265936,0.000538735
clsvof,0.266034,0.000537529
clsvof,0.266131,0.000536261
clsvof,0.266229,0.000534931
clsvof,0.266326,0.000533546
clsvof,0.266424,0.000532107
clsvof,0.266521,0.000530615
clsvof,0.266619,0.000529068
clsvof,0.266716,0.000527467
clsvof,0.266813,0.000525811
clsvof,0.266911,0.000524098
clsvof,0.267008,0.000522329
clsvof,0.267106,0.000520492
clsvof,0.267203,0.000518598
clsvof,0.267301,0.000516649
clsvof,0.267398,0.000514646
clsvof,0.267496,0.000512593
clsvof,0.267593,0.000510487
clsvof,0.26769,0.000508329
clsvof,0.267788,0.000506119
clsvof,0.267885,0.00050386
clsvof,0.267983,0.000501547
clsvof,0.26808,0.00049918
clsvof,0.268178,0.000496762
clsvof,0.268275,0.000494292
clsvof,0.268373,0.000491773
clsvof,0.26847,0.000489203
clsvof,0.268567,0.000486576
clsvof,0.268665,0.000483902
clsvof,0.268762,0.00048118
clsvof,0.26886,0.000478415
clsvof,0.268957,0.000475603
clsvof,0.269055,0.000472746
clsvof,0.269152,0.000469846
clsvof,0.26925,0.000466904
clsvof,0.269347,0.000463923
clsvof,0.269444,0.000460902
clsvof,0.269542,0.000457841
clsvof,0.269639,0.000454739
clsvof,0.269737,0.000451597
clsvof,0.269834,0.000448416
clsvof,0.269932,0.000445189
clsvof,0.270029,0.000441921
clsvof,0.270127,0.000438615
clsvof,0.270224,0.000435271
clsvof,0.270322,0.000431892
clsvof,0.270419,0.000428485
clsvof,0.270516,0.000425047
clsvof,0.270614,0.000421575
clsvof,0.270711,0.000418066
clsvof,0.270809,0.000414521
clsvof,0.270906,0.000410943
clsvof,0.271004,0.000407333
clsvof,0.271101,0.000403693
clsvof,0.271199,0.000400022
clsvof,0.271296,0.000396321
clsvof,0.271393,0.000392592
clsvof,0.271491,0.000388838
clsvof,0.271588,0.00038506
clsvof,0.271686,0.000381259
clsvof,0.271783,0.000377438
clsvof,0.271881,0.000373595
clsvof,0.271978,0.000369729
clsvof,0.272076,0.000365843
clsvof,0.272173,0.000361941
clsvof,0.27227,0.000358027
clsvof,0.272368,0.000354101
clsvof,0.272465,0.000350159
clsvof,0.272563,0.000346201
clsvof,0.27266,0.000342229
clsvof,0.272758,0.000338247
clsvof,0.272855,0.000334249
clsvof,0.272953,0.000330231
clsvof,0.27305,0.000326197
clsvof,0.273147,0.000322156
clsvof,0.273245,0.000318107
clsvof,0.273342,0.000314048
clsvof,0.27344,0.000309979
clsvof,0.273537,0.000305903
clsvof,0.273635,0.000301824
clsvof,0.273732,0.000297741
clsvof,0.27383,0.000293655
clsvof,0.273927,0.000289565
clsvof,0.274024,0.000285473
clsvof,0.274122,0.000281377
clsvof,0.274219,0.00027728
clsvof,0.274317,0.000273181
clsvof,0.274414,0.000269083
clsvof,0.274512,0.000264983
clsvof,0.274609,0.000260889
clsvof,0.274707,0.000256796
clsvof,0.274804,0.000252704
clsvof,0.274902,0.000248621
clsvof,0.274999,0.000244546
clsvof,0.275096,0.000240478
clsvof,0.275194,0.000236417
clsvof,0.275291,0.000232363
clsvof,0.275389,0.000228315
clsvof,0.275486,0.000224277
clsvof,0.275584,0.000220247
clsvof,0.275681,0.000216229
clsvof,0.275779,0.000212222
clsvof,0.275876,0.000208225
clsvof,0.275973,0.000204244
clsvof,0.276071,0.000200278
clsvof,0.276168,0.000196334
clsvof,0.276266,0.000192412
clsvof,0.276363,0.000188512
clsvof,0.276461,0.000184633
clsvof,0.276558,0.000180774
clsvof,0.276656,0.000176936
clsvof,0.276753,0.000173123
clsvof,0.27685,0.000169334
clsvof,0.276948,0.000165571
clsvof,0.277045,0.000161836
clsvof,0.277143,0.000158128
clsvof,0.27724,0.00015445
clsvof,0.277338,0.000150801
clsvof,0.277435,0.000147182
clsvof,0.277533,0.000143593
clsvof,0.27763,0.000140035
clsvof,0.277727,0.000136508
clsvof,0.277825,0.000133012
clsvof,0.277922,0.000129569
clsvof,0.27802,0.00012611
clsvof,0.278117,0.000122716
clsvof,0.278215,0.000119355
clsvof,0.278312,0.00011603
clsvof,0.27841,0.00011274
clsvof,0.278507,0.000109485
clsvof,0.278604,0.000106268
clsvof,0.278702,0.000103089
clsvof,0.278799,9.99482e-05
clsvof,0.278897,9.68484e-05
clsvof,0.278994,9.37896e-05
clsvof,0.279092,9.07882e-05
clsvof,0.279189,8.77926e-05
clsvof,0.279287,8.4864e-05
clsvof,0.279384,8.198e-05
clsvof,0.279482,7.91411e-05
clsvof,0.279579,7.6347e-05
clsvof,0.279676,7.35982e-05
clsvof,0.279774,7.08947e-05
clsvof,0.279871,6.82367e-05
clsvof,0.279969,6.56246e-05
clsvof,0.280066,6.3059e-05
clsvof,0.280164,6.0542e-05
clsvof,0.280261,5.80834e-05
clsvof,0.280359,5.56474e-05
clsvof,0.280456,5.32758e-05
clsvof,0.280553,5.09535e-05
clsvof,0.280651,4.86815e-05
clsvof,0.280748,4.64602e-05
clsvof,0.280846,4.42919e-05
clsvof,0.280943,4.21754e-05
clsvof,0.281041,4.01121e-05
clsvof,0.281138,3.81012e-05
clsvof,0.281236,3.61437e-05
clsvof,0.281333,3.42435e-05
clsvof,0.28143,3.24017e-05
clsvof,0.281528,3.06129e-05
clsvof,0.281625,2.88728e-05
clsvof,0.281723,2.71823e-05
clsvof,0.28182,2.55452e-05
clsvof,0.281918,2.39636e-05
clsvof,0.282015,2.24391e-05
clsvof,0.282113,2.09719e-05
clsvof,0.28221,1.95639e-05
clsvof,0.282307,1.82165e-05
clsvof,0.282405,1.69274e-05
clsvof,0.282502,1.56992e-05
clsvof,0.2826,1.45291e-05
clsvof,0.282697,1.34155e-05
clsvof,0.282795,1.23586e-05
clsvof,0.282892,1.13599e-05
clsvof,0.28299,1.04278e-05
clsvof,0.283087,9.55288e-06
clsvof,0.283184,8.74429e-06
clsvof,0.283282,7.98785e-06
clsvof,0.283379,7.29787e-06
clsvof,0.283477,6.66042e-06
clsvof,0.283574,6.09142e-06
clsvof,0.283672,5.57611e-06
clsvof,0.283769,5.13041e-06
clsvof,0.283867,4.74018e-06
clsvof,0.283964,4.41032e-06
clsvof,0.284061,4.1431e-06
clsvof,0.284159,3.94619e-06
clsvof,0.284256,3.80555e-06
clsvof,0.284354,3.72438e-06
clsvof,0.284451,3.70473e-06
clsvof,0.284549,3.74784e-06
clsvof,0.284646,3.85387e-06
clsvof,0.284744,4.02218e-06
clsvof,0.284841,4.25197e-06
clsvof,0.284939,4.54267e-06
clsvof,0.285036,4.8941e-06
clsvof,0.285133,5.30629e-06
clsvof,0.285231,5.77852e-06
clsvof,0.285328,6.31132e-06
clsvof,0.285426,6.90466e-06
clsvof,0.285523,7.55852e-06
clsvof,0.285621,8.27243e-06
clsvof,0.285718,9.04616e-06
clsvof,0.285816,9.88042e-06
clsvof,0.285913,1.07728e-05
clsvof,0.28601,1.1725e-05
clsvof,0.286108,1.27393e-05
clsvof,0.286205,1.38178e-05
clsvof,0.286303,1.49611e-05
clsvof,0.2864,1.61669e-05
clsvof,0.286498,1.74315e-05
clsvof,0.286595,1.87523e-05
clsvof,0.286693,2.01304e-05
clsvof,0.28679,2.15656e-05
clsvof,0.286887,2.30581e-05
clsvof,0.286985,2.46087e-05
clsvof,0.287082,2.62191e-05
clsvof,0.28718,2.78886e-05
clsvof,0.287277,2.96168e-05
clsvof,0.287375,3.14026e-05
clsvof,0.287472,3.32446e-05
clsvof,0.28757,3.51415e-05
clsvof,0.287667,3.70926e-05
clsvof,0.287764,3.90969e-05
clsvof,0.287862,4.11541e-05
clsvof,0.287959,4.32642e-05
clsvof,0.288057,4.54268e-05
clsvof,0.288154,4.76418e-05
clsvof,0.288252,4.99083e-05
clsvof,0.288349,5.22258e-05
clsvof,0.288447,5.45938e-05
clsvof,0.288544,5.70121e-05
clsvof,0.288641,5.94794e-05
clsvof,0.288739,6.19946e-05
clsvof,0.288836,6.45578e-05
clsvof,0.288934,6.71685e-05
clsvof,0.289031,6.98263e-05
clsvof,0.289129,7.2531e-05
clsvof,0.289226,7.5282e-05
clsvof,0.289324,7.80793e-05
clsvof,0.289421,8.09217e-05
clsvof,0.289519,8.38094e-05
clsvof,0.289616,8.67339e-05
clsvof,0.289713,8.97073e-05
clsvof,0.289811,9.27178e-05
clsvof,0.289908,9.57772e-05
clsvof,0.290006,9.88716e-05
clsvof,0.290103,0.000102005
clsvof,0.290201,0.000105178
clsvof,0.290298,0.000108389
clsvof,0.290396,0.00011164
clsvof,0.290493,0.000114927
clsvof,0.29059,0.000118251
clsvof,0.290688,0.000121612
clsvof,0.290785,0.000125007
clsvof,0.290883,0.000128436
clsvof,0.29098,0.000131898
clsvof,0.291078,0.000135393
clsvof,0.291175,0.000138919
clsvof,0.291273,0.000142476
clsvof,0.29137,0.000146061
clsvof,0.291467,0.000149677
clsvof,0.291565,0.000153319
clsvof,0.291662,0.00015699
clsvof,0.29176,0.000160688
clsvof,0.291857,0.000164412
clsvof,0.291955,0.000168161
clsvof,0.292052,0.000171934
clsvof,0.29215,0.000175729
clsvof,0.292247,0.000179547
clsvof,0.292344,0.000183386
clsvof,0.292442,0.000187245
clsvof,0.292539,0.000191124
clsvof,0.292637,0.000195021
clsvof,0.292734,0.000198936
clsvof,0.292832,0.000202863
clsvof,0.292929,0.000206806
clsvof,0.293027,0.000210767
clsvof,0.293124,0.000214743
clsvof,0.293221,0.000218732
clsvof,0.293319,0.000222733
clsvof,0.293416,0.000226746
clsvof,0.293514,0.000230771
clsvof,0.293611,0.000234807
clsvof,0.293709,0.000238853
clsvof,0.293806,0.000242905
clsvof,0.293904,0.000246961
clsvof,0.294001,0.000251017
clsvof,0.294099,0.00025508
clsvof,0.294196,0.000259148
clsvof,0.294293,0.00026322
clsvof,0.294391,0.000267294
clsvof,0.294488,0.000271368
clsvof,0.294586,0.000275442
clsvof,0.294683,0.000279516
clsvof,0.294781,0.000283588
clsvof,0.294878,0.000287649
clsvof,0.294976,0.000291702
clsvof,0.295073,0.000295751
clsvof,0.29517,0.000299795
clsvof,0.295268,0.000303834
clsvof,0.295365,0.000307865
clsvof,0.295463,0.000311887
clsvof,0.29556,0.000315902
clsvof,0.295658,0.000319911
clsvof,0.295755,0.000323908
clsvof,0.295853,0.000327889
clsvof,0.29595,0.000331853
clsvof,0.296047,0.000335797
clsvof,0.296145,0.000339727
clsvof,0.296242,0.000343644
clsvof,0.29634,0.000347545
clsvof,0.296437,0.00035143
clsvof,0.296535,0.000355288
clsvof,0.296632,0.000359135
clsvof,0.29673,0.000362963
clsvof,0.296827,0.00036677
clsvof,0.296924,0.000370558
clsvof,0.297022,0.000374324
clsvof,0.297119,0.000378069
clsvof,0.297217,0.000381783
clsvof,0.297314,0.000385472
clsvof,0.297412,0.000389136
clsvof,0.297509,0.000392776
clsvof,0.297607,0.000396394
clsvof,0.297704,0.000399992
clsvof,0.297801,0.000403566
clsvof,0.297899,0.000407042
clsvof,0.297996,0.000410559
clsvof,0.298094,0.000414045
clsvof,0.298191,0.0004175
clsvof,0.298289,0.000420924
clsvof,0.298386,0.00042431
clsvof,0.298484,0.000427658
clsvof,0.298581,0.000430969
clsvof,0.298679,0.000434245
clsvof,0.298776,0.000437482
clsvof,0.298873,0.000440681
clsvof,0.298971,0.000443845
clsvof,0.299068,0.00044697
clsvof,0.299166,0.000450056
clsvof,0.299263,0.000453102
clsvof,0.299361,0.000456107
clsvof,0.299458,0.000459072
clsvof,0.299556,0.000461999
clsvof,0.299653,0.000464887
clsvof,0.29975,0.000467741
clsvof,0.299848,0.000470547
clsvof,0.299945,0.00047331
clsvof,0.300043,0.000476028
clsvof,0.30014,0.000478709
clsvof,0.300238,0.000481339
clsvof,0.300335,0.000483927
clsvof,0.300433,0.00048647
clsvof,0.30053,0.000489043
clsvof,0.300627,0.000491405
clsvof,0.300725,0.000493809
clsvof,0.300822,0.000496167
clsvof,0.30092,0.000498472
clsvof,0.301017,0.000500727
clsvof,0.301115,0.000502933
clsvof,0.301212,0.000505083
clsvof,0.30131,0.000507176
clsvof,0.301407,0.00050921
clsvof,0.301504,0.000511188
clsvof,0.301602,0.000513109
clsvof,0.301699,0.000514978
clsvof,0.301797,0.000516781
clsvof,0.301894,0.000518528
clsvof,0.301992,0.000520221
clsvof,0.302089,0.000521851
clsvof,0.302187,0.000523425
clsvof,0.302284,0.000524941
clsvof,0.302381,0.000526401
clsvof,0.302479,0.000527807
clsvof,0.302576,0.000529159
clsvof,0.302674,0.000530456
clsvof,0.302771,0.000531695
clsvof,0.302869,0.000532877
clsvof,0.302966,0.000534082
clsvof,0.303064,0.000535044
clsvof,0.303161,0.000536057
clsvof,0.303259,0.00053701
clsvof,0.303356,0.000537899
clsvof,0.303453,0.000538722
clsvof,0.303551,0.000539483
clsvof,0.303648,0.000540185
clsvof,0.303746,0.000540828
clsvof,0.303843,0.000541414
clsvof,0.303941,0.00054194
clsvof,0.304038,0.00054241
clsvof,0.304136,0.000542821
clsvof,0.304233,0.000543169
clsvof,0.30433,0.000543464
clsvof,0.304428,0.000543784
clsvof,0.304525,0.000543952
clsvof,0.304623,0.000544065
clsvof,0.30472,0.00054412
clsvof,0.304818,0.000544114
clsvof,0.304915,0.000544048
clsvof,0.305013,0.000543917
clsvof,0.30511,0.000543722
clsvof,0.305207,0.000543461
clsvof,0.305305,0.00054314
clsvof,0.305402,0.000542752
clsvof,0.3055,0.000542305
clsvof,0.305597,0.000541796
clsvof,0.305695,0.000541231
clsvof,0.305792,0.000540596
clsvof,0.30589,0.000539907
clsvof,0.305987,0.000539147
clsvof,0.306084,0.000538319
clsvof,0.306182,0.000537426
clsvof,0.306279,0.000536475
clsvof,0.306377,0.00053546
clsvof,0.306474,0.000534385
clsvof,0.306572,0.000533248
clsvof,0.306669,0.000532052
clsvof,0.306767,0.000530794
clsvof,0.306864,0.000529474
clsvof,0.306961,0.000528094
clsvof,0.307059,0.000526662
clsvof,0.307156,0.000525176
clsvof,0.307254,0.000523637
clsvof,0.307351,0.000522041
clsvof,0.307449,0.000520387
clsvof,0.307546,0.000518679
clsvof,0.307644,0.000516901
clsvof,0.307741,0.000515065
clsvof,0.307838,0.000513176
clsvof,0.307936,0.000511234
clsvof,0.308033,0.000509243
clsvof,0.308131,0.000507201
clsvof,0.308228,0.000505108
clsvof,0.308326,0.000502964
clsvof,0.308423,0.000500768
clsvof,0.308521,0.000498521
clsvof,0.308618,0.000496225
clsvof,0.308716,0.000493876
clsvof,0.308813,0.000491475
clsvof,0.30891,0.000489025
clsvof,0.309008,0.000486525
clsvof,0.309105,0.000483976
clsvof,0.309203,0.000481375
clsvof,0.3093,0.000478727
clsvof,0.309398,0.000476041
clsvof,0.309495,0.000473312
clsvof,0.309593,0.000470539
clsvof,0.30969,0.000467724
clsvof,0.309787,0.000464868
clsvof,0.309885,0.000461971
clsvof,0.309982,0.000459032
clsvof,0.31008,0.000456054
clsvof,0.310177,0.000453032
clsvof,0.310275,0.000449969
clsvof,0.310372,0.000446864
clsvof,0.31047,0.000443715
clsvof,0.310567,0.000440524
clsvof,0.310664,0.000437291
clsvof,0.310762,0.000434019
clsvof,0.310859,0.000430707
clsvof,0.310957,0.000427363
clsvof,0.311054,0.000423982
clsvof,0.311152,0.000420562
clsvof,0.311249,0.000417102
clsvof,0.311347,0.000413606
clsvof,0.311444,0.00041008
clsvof,0.311541,0.000406525
clsvof,0.311639,0.000402942
clsvof,0.311736,0.00039933
clsvof,0.311834,0.00039569
clsvof,0.311931,0.000392022
clsvof,0.312029,0.000388325
clsvof,0.312126,0.000384603
clsvof,0.312224,0.000380855
clsvof,0.312321,0.000377083
clsvof,0.312418,0.00037329
clsvof,0.312516,0.000369477
clsvof,0.312613,0.000365648
clsvof,0.312711,0.000361804
clsvof,0.312808,0.000357948
clsvof,0.312906,0.000354076
clsvof,0.313003,0.000350191
clsvof,0.313101,0.00034629
clsvof,0.313198,0.000342376
clsvof,0.313296,0.000338449
clsvof,0.313393,0.000334507
clsvof,0.31349,0.000330546
clsvof,0.313588,0.000326569
clsvof,0.313685,0.00032258
clsvof,0.313783,0.000318583
clsvof,0.31388,0.000314574
clsvof,0.313978,0.000310559
clsvof,0.314075,0.00030654
clsvof,0.314173,0.000302512
clsvof,0.31427,0.000298473
clsvof,0.314367,0.000294426
clsvof,0.314465,0.000290373
clsvof,0.314562,0.000286315
clsvof,0.31466,0.000282254
clsvof,0.314757,0.000278188
clsvof,0.314855,0.000274119
clsvof,0.314952,0.000270046
clsvof,0.31505,0.000265972
clsvof,0.315147,0.000261898
clsvof,0.315244,0.000257826
clsvof,0.315342,0.000253757
clsvof,0.315439,0.000249694
clsvof,0.315537,0.000245638
clsvof,0.315634,0.000241589
clsvof,0.315732,0.000237547
clsvof,0.315829,0.000233513
clsvof,0.315927,0.000229482
clsvof,0.316024,0.000225463
clsvof,0.316121,0.000221447
clsvof,0.316219,0.000217447
clsvof,0.316316,0.000213458
clsvof,0.316414,0.000209481
clsvof,0.316511,0.00020552
clsvof,0.316609,0.000201577
clsvof,0.316706,0.000197652
clsvof,0.316804,0.000193748
clsvof,0.316901,0.000189864
clsvof,0.316998,0.000186003
clsvof,0.317096,0.000182163
clsvof,0.317193,0.000178345
clsvof,0.317291,0.00017455
clsvof,0.317388,0.000170778
clsvof,0.317486,0.000167031
clsvof,0.317583,0.000163312
clsvof,0.317681,0.000159619
clsvof,0.317778,0.000155952
clsvof,0.317876,0.000152312
clsvof,0.317973,0.0001487
clsvof,0.31807,0.000145117
clsvof,0.318168,0.000141563
clsvof,0.318265,0.00013804
clsvof,0.318363,0.000134548
clsvof,0.31846,0.000131088
clsvof,0.318558,0.00012766
clsvof,0.318655,0.000124247
clsvof,0.318753,0.000120887
clsvof,0.31885,0.00011756
clsvof,0.318947,0.000114266
clsvof,0.319045,0.000111007
clsvof,0.319142,0.000107784
clsvof,0.31924,0.000104596
clsvof,0.319337,0.000101446
clsvof,0.319435,9.83347e-05
clsvof,0.319532,9.52633e-05
clsvof,0.31963,9.22335e-05
clsvof,0.319727,8.92463e-05
clsvof,0.319824,8.63033e-05
clsvof,0.319922,8.34052e-05
clsvof,0.320019,8.05529e-05
clsvof,0.320117,7.77467e-05
clsvof,0.320214,7.49869e-05
clsvof,0.320312,7.22729e-05
clsvof,0.320409,6.96045e-05
clsvof,0.320507,6.69812e-05
clsvof,0.320604,6.4403e-05
clsvof,0.320701,6.18699e-05
clsvof,0.320799,5.9382e-05
clsvof,0.320896,5.69399e-05
clsvof,0.320994,5.4544e-05
clsvof,0.321091,5.21951e-05
clsvof,0.321189,4.9894e-05
clsvof,0.321286,4.76422e-05
clsvof,0.321384,4.54381e-05
clsvof,0.321481,4.3284e-05
clsvof,0.321578,4.11832e-05
clsvof,0.321676,3.91362e-05
clsvof,0.321773,3.71438e-05
clsvof,0.321871,3.52083e-05
clsvof,0.321968,3.33329e-05
clsvof,0.322066,3.15161e-05
clsvof,0.322163,2.97521e-05
clsvof,0.322261,2.80367e-05
clsvof,0.322358,2.6373e-05
clsvof,0.322456,2.47655e-05
clsvof,0.322553,2.32164e-05
clsvof,0.32265,2.17261e-05
clsvof,0.322748,2.02942e-05
clsvof,0.322845,1.89167e-05
clsvof,0.322943,1.76005e-05
clsvof,0.32304,1.63436e-05
clsvof,0.323138,1.51446e-05
clsvof,0.323235,1.40044e-05
clsvof,0.323333,1.29209e-05
clsvof,0.32343,1.18983e-05
clsvof,0.323527,1.09339e-05
clsvof,0.323625,1.00277e-05
clsvof,0.323722,9.17929e-06
clsvof,0.32382,8.38937e-06
clsvof,0.323917,7.65754e-06
clsvof,0.324015,6.98422e-06
clsvof,0.324112,6.3691e-06
clsvof,0.32421,5.81663e-06
clsvof,0.324307,5.32485e-06
clsvof,0.324404,4.89144e-06
clsvof,0.324502,4.51478e-06
clsvof,0.324599,4.20089e-06
clsvof,0.324697,3.94952e-06
clsvof,0.324794,3.7585e-06
clsvof,0.324892,3.61575e-06
clsvof,0.324989,3.53761e-06
clsvof,0.325087,3.51573e-06
clsvof,0.325184,3.5632e-06
clsvof,0.325281,3.66836e-06
clsvof,0.325379,3.84177e-06
clsvof,0.325476,4.07152e-06
clsvof,0.325574,4.36861e-06
clsvof,0.325671,4.72212e-06
clsvof,0.325769,5.14514e-06
clsvof,0.325866,5.62416e-06
clsvof,0.325964,6.16463e-06
clsvof,0.326061,6.76847e-06
clsvof,0.326158,7.43556e-06
clsvof,0.326256,8.16478e-06
clsvof,0.326353,8.95553e-06
clsvof,0.326451,9.80709e-06
clsvof,0.326548,1.07192e-05
clsvof,0.326646,1.16915e-05
clsvof,0.326743,1.27241e-05
clsvof,0.326841,1.38167e-05
clsvof,0.326938,1.49676e-05
clsvof,0.327035,1.61777e-05
clsvof,0.327133,1.74493e-05
clsvof,0.32723,1.87809e-05
clsvof,0.327328,2.01711e-05
clsvof,0.327425,2.16223e-05
clsvof,0.327523,2.31368e-05
clsvof,0.32762,2.47118e-05
clsvof,0.327718,2.63411e-05
clsvof,0.327815,2.80202e-05
clsvof,0.327913,2.97519e-05
clsvof,0.32801,3.15371e-05
clsvof,0.328107,3.33783e-05
clsvof,0.328205,3.52751e-05
clsvof,0.328302,3.72217e-05
clsvof,0.3284,3.92249e-05
clsvof,0.328497,4.12756e-05
clsvof,0.328595,4.33819e-05
clsvof,0.328692,4.55344e-05
clsvof,0.32879,4.77356e-05
clsvof,0.328887,4.99858e-05
clsvof,0.328984,5.22854e-05
clsvof,0.329082,5.46341e-05
clsvof,0.329179,5.70318e-05
clsvof,0.329277,5.94769e-05
clsvof,0.329374,6.197e-05
clsvof,0.329472,6.45107e-05
clsvof,0.329569,6.70984e-05
clsvof,0.329667,6.97324e-05
clsvof,0.329764,7.24116e-05
clsvof,0.329861,7.51354e-05
clsvof,0.329959,7.79122e-05
clsvof,0.330056,8.07088e-05
clsvof,0.330154,8.35638e-05
clsvof,0.330251,8.64612e-05
clsvof,0.330349,8.93999e-05
clsvof,0.330446,9.23793e-05
clsvof,0.330544,9.53984e-05
clsvof,0.330641,9.8481e-05
clsvof,0.330738,0.000101578
clsvof,0.330836,0.000104713
clsvof,0.330933,0.000107886
clsvof,0.331031,0.000111094
clsvof,0.331128,0.000114338
clsvof,0.331226,0.000117617
clsvof,0.331323,0.000120929
clsvof,0.331421,0.000124275
clsvof,0.331518,0.000127654
clsvof,0.331615,0.000131069
clsvof,0.331713,0.000134511
clsvof,0.33181,0.000137985
clsvof,0.331908,0.000141491
clsvof,0.332005,0.000145028
clsvof,0.332103,0.000148595
clsvof,0.3322,0.000152192
clsvof,0.332298,0.000155818
clsvof,0.332395,0.000159472
clsvof,0.332493,0.000163153
clsvof,0.33259,0.00016686
clsvof,0.332687,0.000170592
clsvof,0.332785,0.000174349
clsvof,0.332882,0.000178128
clsvof,0.33298,0.000181928
clsvof,0.333077,0.00018575
clsvof,0.333175,0.000189587
clsvof,0.333272,0.000193443
clsvof,0.33337,0.000197318
clsvof,0.333467,0.000201211
clsvof,0.333564,0.000205119
clsvof,0.333662,0.00020904
clsvof,0.333759,0.000212975
clsvof,0.333857,0.00021692
clsvof,0.333954,0.000220877
clsvof,0.334052,0.000224847
clsvof,0.334149,0.000228781
clsvof,0.334247,0.000232765
clsvof,0.334344,0.000236759
clsvof,0.334441,0.000240761
clsvof,0.334539,0.000244762
clsvof,0.334636,0.000248767
clsvof,0.334734,0.000252777
clsvof,0.334831,0.000256794
clsvof,0.334929,0.000260817
clsvof,0.335026,0.000264843
clsvof,0.335124,0.000268873
clsvof,0.335221,0.000272905
clsvof,0.335318,0.000276939
clsvof,0.335416,0.000280972
clsvof,0.335513,0.000285005
clsvof,0.335611,0.000289035
clsvof,0.335708,0.000293063
clsvof,0.335806,0.000297086
clsvof,0.335903,0.000301105
clsvof,0.336001,0.000305118
clsvof,0.336098,0.000309123
clsvof,0.336195,0.000313124
clsvof,0.336293,0.000317121
clsvof,0.33639,0.000321109
clsvof,0.336488,0.000325083
clsvof,0.336585,0.000329037
clsvof,0.336683,0.000332975
clsvof,0.33678,0.0003369
clsvof,0.336878,0.00034081
clsvof,0.336975,0.000344705
clsvof,0.337073,0.000348582
clsvof,0.33717,0.000352441
clsvof,0.337267,0.000356279
clsvof,0.337365,0.000360096
clsvof,0.337462,0.00036389
clsvof,0.33756,0.000367661
clsvof,0.337657,0.000371409
clsvof,0.337755,0.000375131
clsvof,0.337852,0.000378827
clsvof,0.33795,0.000382497
clsvof,0.338047,0.000386141
clsvof,0.338144,0.000389759
clsvof,0.338242,0.00039335
clsvof,0.338339,0.000396915
clsvof,0.338437,0.000400453
clsvof,0.338534,0.000403961
clsvof,0.338632,0.000407442
clsvof,0.338729,0.000410895
clsvof,0.338827,0.000414317
clsvof,0.338924,0.000417711
clsvof,0.339021,0.00042107
clsvof,0.339119,0.000424392
clsvof,0.339216,0.000427669
clsvof,0.339314,0.000430899
clsvof,0.339411,0.00043409
clsvof,0.339509,0.000437246
clsvof,0.339606,0.000440365
clsvof,0.339704,0.000443452
clsvof,0.339801,0.000446505
clsvof,0.339898,0.000449521
clsvof,0.339996,0.000452502
clsvof,0.340093,0.000455444
clsvof,0.340191,0.00045835
clsvof,0.340288,0.000461217
clsvof,0.340386,0.000464045
clsvof,0.340483,0.000466829
clsvof,0.340581,0.000469569
clsvof,0.340678,0.000472264
clsvof,0.340775,0.000474917
clsvof,0.340873,0.000477529
clsvof,0.34097,0.000480101
clsvof,0.341068,0.000482628
clsvof,0.341165,0.000485106
clsvof,0.341263,0.000487535
clsvof,0.34136,0.000489911
clsvof,0.341458,0.000492237
clsvof,0.341555,0.000494514
clsvof,0.341653,0.000496738
clsvof,0.34175,0.000498905
clsvof,0.341847,0.000501027
clsvof,0.341945,0.000503094
clsvof,0.342042,0.00050511
clsvof,0.34214,0.000507068
clsvof,0.342237,0.000508972
clsvof,0.342335,0.000510822
clsvof,0.342432,0.000512617
clsvof,0.34253,0.000514357
clsvof,0.342627,0.00051604
clsvof,0.342724,0.000517665
clsvof,0.342822,0.000519238
clsvof,0.342919,0.000520747
clsvof,0.343017,0.0005222
clsvof,0.343114,0.000523596
clsvof,0.343212,0.000524939
clsvof,0.343309,0.000526229
clsvof,0.343407,0.000527464
clsvof,0.343504,0.00052864
clsvof,0.343601,0.000529758
clsvof,0.343699,0.00053082
clsvof,0.343796,0.000531822
clsvof,0.343894,0.000532764
clsvof,0.343991,0.000533641
clsvof,0.344089,0.000534453
clsvof,0.344186,0.000535195
clsvof,0.344284,0.00053587
clsvof,0.344381,0.000536485
clsvof,0.344478,0.000537037
clsvof,0.344576,0.000537528
clsvof,0.344673,0.00053795
clsvof,0.344771,0.000538318
clsvof,0.344868,0.000538627
clsvof,0.344966,0.000538874
clsvof,0.345063,0.000539063
clsvof,0.345161,0.000539191
clsvof,0.345258,0.000539255
clsvof,0.345355,0.000539252
clsvof,0.345453,0.000539188
clsvof,0.34555,0.000539062
clsvof,0.345648,0.000538865
clsvof,0.345745,0.00053861
clsvof,0.345843,0.000538301
clsvof,0.34594,0.000537922
clsvof,0.346038,0.000537491
clsvof,0.346135,0.000537006
clsvof,0.346232,0.00053646
clsvof,0.34633,0.000535855
clsvof,0.346427,0.000535185
clsvof,0.346525,0.000534449
clsvof,0.346622,0.000533646
clsvof,0.34672,0.00053278
clsvof,0.346817,0.000531858
clsvof,0.346915,0.000530882
clsvof,0.347012,0.000529848
clsvof,0.34711,0.000528756
clsvof,0.347207,0.000527603
clsvof,0.347304,0.00052639
clsvof,0.347402,0.000525115
clsvof,0.347499,0.000523785
clsvof,0.347597,0.000522402
clsvof,0.347694,0.000520967
clsvof,0.347792,0.000519477
clsvof,0.347889,0.000517939
clsvof,0.347987,0.000516349
clsvof,0.348084,0.000514702
clsvof,0.348181,0.000513004
clsvof,0.348279,0.000511238
clsvof,0.348376,0.000509418
clsvof,0.348474,0.000507545
clsvof,0.348571,0.00050562
clsvof,0.348669,0.000503644
clsvof,0.348766,0.000501618
clsvof,0.348864,0.000499542
clsvof,0.348961,0.000497417
clsvof,0.349058,0.000495242
clsvof,0.349156,0.000493016
clsvof,0.349253,0.000490736
clsvof,0.349351,0.000488403
clsvof,0.349448,0.000486018
clsvof,0.349546,0.000483583
clsvof,0.349643,0.000481102
clsvof,0.349741,0.000478572
clsvof,0.349838,0.000475996
clsvof,0.349935,0.000473376
clsvof,0.350033,0.00047071
clsvof,0.35013,0.000468004
clsvof,0.350228,0.000465253
clsvof,0.350325,0.00046246
clsvof,0.350423,0.000459625
clsvof,0.35052,0.000456751
clsvof,0.350618,0.000453838
clsvof,0.350715,0.000450887
clsvof,0.350812,0.000447897
clsvof,0.35091,0.000444868
clsvof,0.351007,0.000441799
clsvof,0.351105,0.000438691
clsvof,0.351202,0.000435536
clsvof,0.3513,0.000432342
clsvof,0.351397,0.000429108
clsvof,0.351495,0.000425836
clsvof,0.351592,0.000422527
clsvof,0.35169,0.00041919
clsvof,0.351787,0.000415823
clsvof,0.351884,0.00041242
clsvof,0.351982,0.000408979
clsvof,0.352079,0.000405502
clsvof,0.352177,0.000401989
clsvof,0.352274,0.000398449
clsvof,0.352372,0.000394879
clsvof,0.352469,0.000391281
clsvof,0.352567,0.000387655
clsvof,0.352664,0.000384004
clsvof,0.352761,0.00038033
clsvof,0.352859,0.000376636
clsvof,0.352956,0.000372922
clsvof,0.353054,0.00036919
clsvof,0.353151,0.000365438
clsvof,0.353249,0.000361665
clsvof,0.353346,0.000357871
clsvof,0.353444,0.000354064
clsvof,0.353541,0.000350242
clsvof,0.353638,0.000346408
clsvof,0.353736,0.00034256
clsvof,0.353833,0.000338696
clsvof,0.353931,0.000334815
clsvof,0.354028,0.00033092
clsvof,0.354126,0.00032701
clsvof,0.354223,0.000323085
clsvof,0.354321,0.000319144
clsvof,0.354418,0.000315186
clsvof,0.354515,0.000311221
clsvof,0.354613,0.000307251
clsvof,0.35471,0.000303271
clsvof,0.354808,0.00029928
clsvof,0.354905,0.000295281
clsvof,0.355003,0.00029128
clsvof,0.3551,0.000287278
clsvof,0.355198,0.000283286
clsvof,0.355295,0.000279282
clsvof,0.355392,0.000275278
clsvof,0.35549,0.000271273
clsvof,0.355587,0.000267268
clsvof,0.355685,0.000263265
clsvof,0.355782,0.000259264
clsvof,0.35588,0.000255268
clsvof,0.355977,0.000251278
clsvof,0.356075,0.000247296
clsvof,0.356172,0.000243317
clsvof,0.35627,0.000239348
clsvof,0.356367,0.000235384
clsvof,0.356464,0.000231425
clsvof,0.356562,0.000227471
clsvof,0.356659,0.000223526
clsvof,0.356757,0.000219588
clsvof,0.356854,0.000215656
clsvof,0.356952,0.000211729
clsvof,0.357049,0.000207812
clsvof,0.357147,0.000203905
clsvof,0.357244,0.000200055
clsvof,0.357341,0.000196181
clsvof,0.357439,0.000192328
clsvof,0.357536,0.000188492
clsvof,0.357634,0.000184675
clsvof,0.357731,0.000180877
clsvof,0.357829,0.000177097
clsvof,0.357926,0.000173338
clsvof,0.358024,0.000169602
clsvof,0.358121,0.000165888
clsvof,0.358218,0.000162197
clsvof,0.358316,0.00015853
clsvof,0.358413,0.000154888
clsvof,0.358511,0.000151272
clsvof,0.358608,0.000147683
clsvof,0.358706,0.000144122
clsvof,0.358803,0.000140588
clsvof,0.358901,0.000137084
clsvof,0.358998,0.000133608
clsvof,0.359095,0.000130163
clsvof,0.359193,0.000126747
clsvof,0.35929,0.000123363
clsvof,0.359388,0.00012001
clsvof,0.359485,0.00011669
clsvof,0.359583,0.000113404
clsvof,0.35968,0.000110153
clsvof,0.359778,0.000106938
clsvof,0.359875,0.000103761
clsvof,0.359972,0.000100622
clsvof,0.36007,9.75285e-05
clsvof,0.360167,9.44709e-05
clsvof,0.360265,9.14556e-05
clsvof,0.360362,8.84835e-05
clsvof,0.36046,8.55556e-05
clsvof,0.360557,8.26726e-05
clsvof,0.360655,7.98347e-05
clsvof,0.360752,7.70422e-05
clsvof,0.36085,7.43007e-05
clsvof,0.360947,7.16004e-05
clsvof,0.361044,6.89456e-05
clsvof,0.361142,6.63376e-05
clsvof,0.361239,6.3776e-05
clsvof,0.361337,6.12604e-05
clsvof,0.361434,5.87911e-05
clsvof,0.361532,5.63682e-05
clsvof,0.361629,5.39933e-05
clsvof,0.361727,5.16663e-05
clsvof,0.361824,4.93868e-05
clsvof,0.361921,4.71571e-05
clsvof,0.362019,4.49772e-05
clsvof,0.362116,4.28476e-05
clsvof,0.362214,4.07699e-05
clsvof,0.362311,3.87442e-05
clsvof,0.362409,3.67711e-05
clsvof,0.362506,3.4852e-05
clsvof,0.362604,3.29862e-05
clsvof,0.362701,3.11747e-05
clsvof,0.362798,2.94181e-05
clsvof,0.362896,2.77164e-05
clsvof,0.362993,2.60694e-05
clsvof,0.363091,2.448e-05
clsvof,0.363188,2.29465e-05
clsvof,0.363286,2.14696e-05
clsvof,0.363383,2.00496e-05
clsvof,0.363481,1.86868e-05
clsvof,0.363578,1.73827e-05
clsvof,0.363675,1.61402e-05
clsvof,0.363773,1.49587e-05
clsvof,0.36387,1.3837e-05
clsvof,0.363968,1.2774e-05
clsvof,0.364065,1.17667e-05
clsvof,0.364163,1.08145e-05
clsvof,0.36426,9.91829e-06
clsvof,0.364358,9.07904e-06
clsvof,0.364455,8.3043e-06
clsvof,0.364552,7.58439e-06
clsvof,0.36465,6.92922e-06
clsvof,0.364747,6.32758e-06
clsvof,0.364845,5.79296e-06
clsvof,0.364942,5.31233e-06
clsvof,0.36504,4.89912e-06
clsvof,0.365137,4.54124e-06
clsvof,0.365235,4.24341e-06
clsvof,0.365332,4.0079e-06
clsvof,0.365429,3.83474e-06
clsvof,0.365527,3.72478e-06
clsvof,0.365624,3.67661e-06
clsvof,0.365722,3.68917e-06
clsvof,0.365819,3.76337e-06
clsvof,0.365917,3.89766e-06
clsvof,0.366014,4.09277e-06
clsvof,0.366112,4.34856e-06
clsvof,0.366209,4.66512e-06
clsvof,0.366307,5.04254e-06
clsvof,0.366404,5.48093e-06
clsvof,0.366501,5.97955e-06
clsvof,0.366599,6.53837e-06
clsvof,0.366696,7.15346e-06
clsvof,0.366794,7.82643e-06
clsvof,0.366891,8.55839e-06
clsvof,0.366989,9.35015e-06
clsvof,0.367086,1.02002e-05
clsvof,0.367184,1.11092e-05
clsvof,0.367281,1.2076e-05
clsvof,0.367378,1.31004e-05
clsvof,0.367476,1.41816e-05
clsvof,0.367573,1.53205e-05
clsvof,0.367671,1.65173e-05
clsvof,0.367768,1.77717e-05
clsvof,0.367866,1.90836e-05
clsvof,0.367963,2.04534e-05
clsvof,0.368061,2.18811e-05
clsvof,0.368158,2.3367e-05
clsvof,0.368255,2.49107e-05
clsvof,0.368353,2.65122e-05
clsvof,0.36845,2.81703e-05
clsvof,0.368548,2.98847e-05
clsvof,0.368645,3.16505e-05
clsvof,0.368743,3.34742e-05
clsvof,0.36884,3.53512e-05
clsvof,0.368938,3.7281e-05
clsvof,0.369035,3.92633e-05
clsvof,0.369132,4.12974e-05
clsvof,0.36923,4.33834e-05
clsvof,0.369327,4.55205e-05
clsvof,0.369425,4.77077e-05
clsvof,0.369522,4.99387e-05
clsvof,0.36962,5.22261e-05
clsvof,0.369717,5.45576e-05
clsvof,0.369815,5.69452e-05
clsvof,0.369912,5.93752e-05
clsvof,0.370009,6.18521e-05
clsvof,0.370107,6.43776e-05
clsvof,0.370204,6.6948e-05
clsvof,0.370302,6.95642e-05
clsvof,0.370399,7.22257e-05
clsvof,0.370497,7.49321e-05
clsvof,0.370594,7.76828e-05
clsvof,0.370692,8.04779e-05
clsvof,0.370789,8.33163e-05
clsvof,0.370887,8.61976e-05
clsvof,0.370984,8.91205e-05
clsvof,0.371081,9.20843e-05
clsvof,0.371179,9.50875e-05
clsvof,0.371276,9.81297e-05
clsvof,0.371374,0.000101209
clsvof,0.371471,0.000104325
clsvof,0.371569,0.000107477
clsvof,0.371666,0.000110664
clsvof,0.371764,0.000113884
clsvof,0.371861,0.000117137
clsvof,0.371958,0.000120423
clsvof,0.372056,0.00012374
clsvof,0.372153,0.000127089
clsvof,0.372251,0.000130468
clsvof,0.372348,0.000133892
clsvof,0.372446,0.000137311
clsvof,0.372543,0.00014078
clsvof,0.372641,0.000144276
clsvof,0.372738,0.0001478
clsvof,0.372835,0.000151352
clsvof,0.372933,0.00015493
clsvof,0.37303,0.000158531
clsvof,0.373128,0.000162161
clsvof,0.373225,0.000165816
clsvof,0.373323,0.000169496
clsvof,0.37342,0.000173198
clsvof,0.373518,0.000176924
clsvof,0.373615,0.000180671
clsvof,0.373712,0.000184439
clsvof,0.37381,0.000188226
clsvof,0.373907,0.00019203
clsvof,0.374005,0.000195848
clsvof,0.374102,0.000199682
clsvof,0.3742,0.000203535
clsvof,0.374297,0.000207403
clsvof,0.374395,0.000211287
clsvof,0.374492,0.000215183
clsvof,0.374589,0.000219092
clsvof,0.374687,0.000223015
clsvof,0.374784,0.000226951
clsvof,0.374882,0.000230898
clsvof,0.374979,0.000234855
clsvof,0.375077,0.000238818
clsvof,0.375174,0.000242785
clsvof,0.375272,0.000246758
clsvof,0.375369,0.000250737
clsvof,0.375467,0.000254716
clsvof,0.375564,0.000258696
clsvof,0.375661,0.00026268
clsvof,0.375759,0.00026667
clsvof,0.375856,0.000270663
clsvof,0.375954,0.000274658
clsvof,0.376051,0.000278654
clsvof,0.376149,0.000282651
clsvof,0.376246,0.000286645
clsvof,0.376344,0.000290638
clsvof,0.376441,0.000294663
clsvof,0.376538,0.000298591
clsvof,0.376636,0.000302559
clsvof,0.376733,0.000306517
clsvof,0.376831,0.000310467
clsvof,0.376928,0.000314406
clsvof,0.377026,0.000318337
clsvof,0.377123,0.000322252
clsvof,0.377221,0.00032615
clsvof,0.377318,0.000330021
clsvof,0.377415,0.000333876
clsvof,0.377513,0.00033772
clsvof,0.37761,0.000341552
clsvof,0.377708,0.000345368
clsvof,0.377805,0.000349168
clsvof,0.377903,0.000352949
clsvof,0.378,0.000356713
clsvof,0.378098,0.000360456
clsvof,0.378195,0.000364178
clsvof,0.378292,0.000367874
clsvof,0.37839,0.000371548
clsvof,0.378487,0.000375201
clsvof,0.378585,0.000378829
clsvof,0.378682,0.000382433
clsvof,0.37878,0.000386016
clsvof,0.378877,0.00038958
clsvof,0.378975,0.000393122
clsvof,0.379072,0.000396637
clsvof,0.379169,0.000400125
clsvof,0.379267,0.000403583
clsvof,0.379364,0.000407014
clsvof,0.379462,0.000410414
clsvof,0.379559,0.000413778
clsvof,0.379657,0.000417105
clsvof,0.379754,0.000420395
clsvof,0.379852,0.000423651
clsvof,0.379949,0.00042687
clsvof,0.380047,0.000430054
clsvof,0.380144,0.000433202
clsvof,0.380241,0.000436312
clsvof,0.380339,0.000439383
clsvof,0.380436,0.000442413
clsvof,0.380534,0.000445401
clsvof,0.380631,0.000448263
clsvof,0.380729,0.000451174
clsvof,0.380826,0.000454046
clsvof,0.380924,0.000456879
clsvof,0.381021,0.000459674
clsvof,0.381118,0.000462426
clsvof,0.381216,0.000465137
clsvof,0.381313,0.000467805
clsvof,0.381411,0.000470429
clsvof,0.381508,0.000473014
clsvof,0.381606,0.000475559
clsvof,0.381703,0.000478062
clsvof,0.381801,0.000480513
clsvof,0.381898,0.000482917
clsvof,0.381995,0.000485273
clsvof,0.382093,0.000487577
clsvof,0.38219,0.000489832
clsvof,0.382288,0.000492037
clsvof,0.382385,0.000494188
clsvof,0.382483,0.000496282
clsvof,0.38258,0.000498322
clsvof,0.382678,0.000500306
clsvof,0.382775,0.000502235
clsvof,0.382872,0.000504108
clsvof,0.38297,0.000505926
clsvof,0.383067,0.000507687
clsvof,0.383165,0.000509395
clsvof,0.383262,0.000511043
clsvof,0.38336,0.000512637
clsvof,0.383457,0.000514174
clsvof,0.383555,0.000515656
clsvof,0.383652,0.000517084
clsvof,0.383749,0.000518458
clsvof,0.383847,0.00051978
clsvof,0.383944,0.000521046
clsvof,0.384042,0.000522254
clsvof,0.384139,0.000523407
clsvof,0.384237,0.000524507
clsvof,0.384334,0.000525548
clsvof,0.384432,0.000526528
clsvof,0.384529,0.000527444
clsvof,0.384626,0.000528293
clsvof,0.384724,0.000529081
clsvof,0.384821,0.000529802
clsvof,0.384919,0.000530455
clsvof,0.385016,0.000531062
clsvof,0.385114,0.000531611
clsvof,0.385211,0.000532101
clsvof,0.385309,0.000532529
clsvof,0.385406,0.000532897
clsvof,0.385504,0.000533203
clsvof,0.385601,0.000533452
clsvof,0.385698,0.000533643
clsvof,0.385796,0.000533773
clsvof,0.385893,0.000533838
clsvof,0.385991,0.000533839
clsvof,0.386088,0.000533771
clsvof,0.386186,0.000533636
clsvof,0.386283,0.000533445
clsvof,0.386381,0.000533191
clsvof,0.386478,0.000532884
clsvof,0.386575,0.000532525
clsvof,0.386673,0.000532113
clsvof,0.38677,0.000531642
clsvof,0.386868,0.000531114
clsvof,0.386965,0.000530527
clsvof,0.387063,0.000529881
clsvof,0.38716,0.000529172
clsvof,0.387258,0.000528396
clsvof,0.387355,0.000527561
clsvof,0.387452,0.000526657
clsvof,0.38755,0.00052569
clsvof,0.387647,0.000524666
clsvof,0.387745,0.000523582
clsvof,0.387842,0.000522438
clsvof,0.38794,0.000521235
clsvof,0.388037,0.000519972
clsvof,0.388135,0.000518733
clsvof,0.388232,0.000517357
clsvof,0.388329,0.00051593
clsvof,0.388427,0.000514451
clsvof,0.388524,0.00051292
clsvof,0.388622,0.000511334
clsvof,0.388719,0.000509693
clsvof,0.388817,0.000508002
clsvof,0.388914,0.000506242
clsvof,0.389012,0.000504428
clsvof,0.389109,0.000502562
clsvof,0.389206,0.000500646
clsvof,0.389304,0.000498679
clsvof,0.389401,0.000496663
clsvof,0.389499,0.000494599
clsvof,0.389596,0.000492484
clsvof,0.389694,0.000490318
clsvof,0.389791,0.000488102
clsvof,0.389889,0.000485837
clsvof,0.389986,0.00048352
clsvof,0.390084,0.000481153
clsvof,0.390181,0.000478738
clsvof,0.390278,0.000476267
clsvof,0.390376,0.000473755
clsvof,0.390473,0.000471194
clsvof,0.390571,0.000468586
clsvof,0.390668,0.000465936
clsvof,0.390766,0.000463252
clsvof,0.390863,0.000460524
clsvof,0.390961,0.000457756
clsvof,0.391058,0.000454948
clsvof,0.391155,0.000452101
clsvof,0.391253,0.000449217
clsvof,0.39135,0.00044629
clsvof,0.391448,0.000443328
clsvof,0.391545,0.000440326
clsvof,0.391643,0.000437282
clsvof,0.39174,0.000434196
clsvof,0.391838,0.000431068
clsvof,0.391935,0.0004279
clsvof,0.392032,0.000424696
clsvof,0.39213,0.00042145
clsvof,0.392227,0.000418171
clsvof,0.392325,0.000414863
clsvof,0.392422,0.000411521
clsvof,0.39252,0.000408144
clsvof,0.392617,0.000404733
clsvof,0.392715,0.000401286
clsvof,0.392812,0.000397806
clsvof,0.392909,0.0003943
clsvof,0.393007,0.00039077
clsvof,0.393104,0.000387213
clsvof,0.393202,0.00038363
clsvof,0.393299,0.00038002
clsvof,0.393397,0.000376385
clsvof,0.393494,0.000372724
clsvof,0.393592,0.000369041
clsvof,0.393689,0.000365335
clsvof,0.393786,0.000361602
clsvof,0.393884,0.000357854
clsvof,0.393981,0.000354089
clsvof,0.394079,0.000350308
clsvof,0.394176,0.000346513
clsvof,0.394274,0.000342703
clsvof,0.394371,0.000338878
clsvof,0.394469,0.000335038
clsvof,0.394566,0.000331182
clsvof,0.394664,0.000327311
clsvof,0.394761,0.000323423
clsvof,0.394858,0.000319517
clsvof,0.394956,0.000315594
clsvof,0.395053,0.00031166
clsvof,0.395151,0.000307714
clsvof,0.395248,0.000303763
clsvof,0.395346,0.000299807
clsvof,0.395443,0.000295842
clsvof,0.395541,0.000291868
clsvof,0.395638,0.000287888
clsvof,0.395735,0.000283904
clsvof,0.395833,0.00027992
clsvof,0.39593,0.000275934
clsvof,0.396028,0.000271947
clsvof,0.396125,0.000267958
clsvof,0.396223,0.000263968
clsvof,0.39632,0.000259979
clsvof,0.396418,0.000255991
clsvof,0.396515,0.000252006
clsvof,0.396612,0.000248023
clsvof,0.39671,0.000244047
clsvof,0.396807,0.00024008
clsvof,0.396905,0.000236122
clsvof,0.397002,0.000232169
clsvof,0.3971,0.000228226
clsvof,0.397197,0.000224289
clsvof,0.397295,0.000220359
clsvof,0.397392,0.000216437
clsvof,0.397489,0.000212531
clsvof,0.397587,0.000208633
clsvof,0.397684,0.000204745
clsvof,0.397782,0.000200869
clsvof,0.397879,0.000197008
clsvof,0.397977,0.000193165
clsvof,0.398074,0.000189341
clsvof,0.398172,0.000185536
clsvof,0.398269,0.000181749
clsvof,0.398366,0.000177982
clsvof,0.398464,0.000174234
clsvof,0.398561,0.000170509
clsvof,0.398659,0.000166808
clsvof,0.398756,0.000163131
clsvof,0.398854,0.000159477
clsvof,0.398951,0.000155848
clsvof,0.399049,0.000152245
clsvof,0.399146,0.000148669
clsvof,0.399244,0.00014512
clsvof,0.399341,0.0001416
clsvof,0.399438,0.000138108
clsvof,0.399536,0.00013465
clsvof,0.399633,0.000131218
clsvof,0.399731,0.000127817
clsvof,0.399828,0.000124448
clsvof,0.399926,0.000121113
clsvof,0.400023,0.00011781
clsvof,0.400121,0.000114542
clsvof,0.400218,0.000111307
clsvof,0.400315,0.000108107
clsvof,0.400413,0.000104943
clsvof,0.40051,0.000101814
clsvof,0.400608,9.87225e-05
clsvof,0.400705,9.56691e-05
clsvof,0.400803,9.26554e-05
clsvof,0.4009,8.96828e-05
clsvof,0.400998,8.67532e-05
clsvof,0.401095,8.38676e-05
clsvof,0.401192,8.1027e-05
clsvof,0.40129,7.82322e-05
clsvof,0.401387,7.5484e-05
clsvof,0.401485,7.2782e-05
clsvof,0.401582,7.01259e-05
clsvof,0.40168,6.75154e-05
clsvof,0.401777,6.49501e-05
clsvof,0.401875,6.24298e-05
clsvof,0.401972,5.99544e-05
clsvof,0.402069,5.75239e-05
clsvof,0.402167,5.51384e-05
clsvof,0.402264,5.27986e-05
clsvof,0.402362,5.05052e-05
clsvof,0.402459,4.82593e-05
clsvof,0.402557,4.60615e-05
clsvof,0.402654,4.39138e-05
clsvof,0.402752,4.18171e-05
clsvof,0.402849,3.97722e-05
clsvof,0.402946,3.77803e-05
clsvof,0.403044,3.58426e-05
clsvof,0.403141,3.39599e-05
clsvof,0.403239,3.21327e-05
clsvof,0.403336,3.03615e-05
clsvof,0.403434,2.86502e-05
clsvof,0.403531,2.7001e-05
clsvof,0.403629,2.54089e-05
clsvof,0.403726,2.38687e-05
clsvof,0.403823,2.23786e-05
clsvof,0.403921,2.09434e-05
clsvof,0.404018,1.95661e-05
clsvof,0.404116,1.82475e-05
clsvof,0.404213,1.69884e-05
clsvof,0.404311,1.57875e-05
clsvof,0.404408,1.46443e-05
clsvof,0.404506,1.35581e-05
clsvof,0.404603,1.25288e-05
clsvof,0.404701,1.15561e-05
clsvof,0.404798,1.064e-05
clsvof,0.404895,9.78018e-06
clsvof,0.404993,8.97716e-06
clsvof,0.40509,8.23161e-06
clsvof,0.405188,7.54448e-06
clsvof,0.405285,6.91601e-06
clsvof,0.405383,6.34622e-06
clsvof,0.40548,5.83473e-06
clsvof,0.405578,5.38157e-06
clsvof,0.405675,4.98691e-06
clsvof,0.405772,4.65144e-06
clsvof,0.40587,4.37557e-06
clsvof,0.405967,4.15977e-06
clsvof,0.406065,4.004e-06
clsvof,0.406162,3.90851e-06
clsvof,0.40626,3.87292e-06
clsvof,0.406357,3.89736e-06
clsvof,0.406455,3.98155e-06
clsvof,0.406552,4.12583e-06
clsvof,0.406649,4.33004e-06
clsvof,0.406747,4.59447e-06
clsvof,0.406844,4.91881e-06
clsvof,0.406942,5.30314e-06
clsvof,0.407039,5.74703e-06
clsvof,0.407137,6.25057e-06
clsvof,0.407234,6.81321e-06
clsvof,0.407332,7.43497e-06
clsvof,0.407429,8.11522e-06
clsvof,0.407526,8.85368e-06
clsvof,0.407624,9.64976e-06
clsvof,0.407721,1.05034e-05
clsvof,0.407819,1.14137e-05
clsvof,0.407916,1.23836e-05
clsvof,0.408014,1.34138e-05
clsvof,0.408111,1.45029e-05
clsvof,0.408209,1.56471e-05
clsvof,0.408306,1.68449e-05
clsvof,0.408403,1.80963e-05
clsvof,0.408501,1.94034e-05
clsvof,0.408598,2.07668e-05
clsvof,0.408696,2.21874e-05
clsvof,0.408793,2.36622e-05
clsvof,0.408891,2.51925e-05
clsvof,0.408988,2.67787e-05
clsvof,0.409086,2.84209e-05
clsvof,0.409183,3.01185e-05
clsvof,0.409281,3.18716e-05
clsvof,0.409378,3.36789e-05
clsvof,0.409475,3.55408e-05
clsvof,0.409573,3.7452e-05
clsvof,0.40967,3.94202e-05
clsvof,0.409768,4.14368e-05
clsvof,0.409865,4.35098e-05
clsvof,0.409963,4.56295e-05
clsvof,0.41006,4.7804e-05
clsvof,0.410158,5.0023e-05
clsvof,0.410255,5.22956e-05
clsvof,0.410352,5.46115e-05
clsvof,0.41045,5.6974e-05
clsvof,0.410547,5.93852e-05
clsvof,0.410645,6.18437e-05
clsvof,0.410742,6.43471e-05
clsvof,0.41084,6.68951e-05
clsvof,0.410937,6.94875e-05
clsvof,0.411035,7.21233e-05
clsvof,0.411132,7.48023e-05
clsvof,0.411229,7.75238e-05
clsvof,0.411327,8.029e-05
clsvof,0.411424,8.30945e-05
clsvof,0.411522,8.59406e-05
clsvof,0.411619,8.8827e-05
clsvof,0.411717,9.17533e-05
clsvof,0.411814,9.47187e-05
clsvof,0.411912,9.77227e-05
clsvof,0.412009,0.000100765
clsvof,0.412106,0.000103844
clsvof,0.412204,0.000106959
clsvof,0.412301,0.00011011
clsvof,0.412399,0.000113294
clsvof,0.412496,0.000116512
clsvof,0.412594,0.000119762
clsvof,0.412691,0.000123044
clsvof,0.412789,0.000126358
clsvof,0.412886,0.000129704
clsvof,0.412983,0.00013308
clsvof,0.413081,0.000136486
clsvof,0.413178,0.000139923
clsvof,0.413276,0.000143389
clsvof,0.413373,0.000146884
clsvof,0.413471,0.000150408
clsvof,0.413568,0.00015396
clsvof,0.413666,0.000157539
clsvof,0.413763,0.000161143
clsvof,0.413861,0.000164775
clsvof,0.413958,0.000168432
clsvof,0.414055,0.000172113
clsvof,0.414153,0.000175816
clsvof,0.41425,0.000179537
clsvof,0.414348,0.000183283
clsvof,0.414445,0.000187043
clsvof,0.414543,0.000190823
clsvof,0.41464,0.000194618
clsvof,0.414738,0.000198429
clsvof,0.414835,0.000202247
clsvof,0.414932,0.000206076
clsvof,0.41503,0.000209917
clsvof,0.415127,0.000213772
clsvof,0.415225,0.000217643
clsvof,0.415322,0.000221528
clsvof,0.41542,0.000225422
clsvof,0.415517,0.000229324
clsvof,0.415615,0.000233234
clsvof,0.415712,0.000237153
clsvof,0.415809,0.000241081
clsvof,0.415907,0.000245017
clsvof,0.416004,0.000248955
clsvof,0.416102,0.000252901
clsvof,0.416199,0.000256851
clsvof,0.416297,0.000260804
clsvof,0.416394,0.000264705
clsvof,0.416492,0.000268662
clsvof,0.416589,0.000272621
clsvof,0.416686,0.000276581
clsvof,0.416784,0.00028054
clsvof,0.416881,0.000284498
clsvof,0.416979,0.000288454
clsvof,0.417076,0.000292406
clsvof,0.417174,0.000296353
clsvof,0.417271,0.000300296
clsvof,0.417369,0.000304237
clsvof,0.417466,0.00030817
clsvof,0.417563,0.00031209
clsvof,0.417661,0.000315996
clsvof,0.417758,0.000319884
clsvof,0.417856,0.000323759
clsvof,0.417953,0.000327623
clsvof,0.418051,0.000331473
clsvof,0.418148,0.000335307
clsvof,0.418246,0.000339124
clsvof,0.418343,0.000342923
clsvof,0.418441,0.000346704
clsvof,0.418538,0.000350464
clsvof,0.418635,0.000354203
clsvof,0.418733,0.000357923
clsvof,0.41883,0.000361621
clsvof,0.418928,0.000365295
clsvof,0.419025,0.000368946
clsvof,0.419123,0.000372574
clsvof,0.41922,0.000376179
clsvof,0.419318,0.000379761
clsvof,0.419415,0.00038332
clsvof,0.419512,0.000386855
clsvof,0.41961,0.000390365
clsvof,0.419707,0.00039385
clsvof,0.419805,0.000397312
clsvof,0.419902,0.000400739
clsvof,0.42,0.000404133
clsvof,0.420097,0.000407497
clsvof,0.420195,0.000410831
clsvof,0.420292,0.000414127
clsvof,0.420389,0.000417379
clsvof,0.420487,0.000420592
clsvof,0.420584,0.000423763
clsvof,0.420682,0.000426897
clsvof,0.420779,0.00043
clsvof,0.420877,0.000433065
clsvof,0.420974,0.000436092
clsvof,0.421072,0.000439079
clsvof,0.421169,0.000442028
clsvof,0.421266,0.000444936
clsvof,0.421364,0.000447808
clsvof,0.421461,0.000450642
clsvof,0.421559,0.000453435
clsvof,0.421656,0.000456185
clsvof,0.421754,0.000458888
clsvof,0.421851,0.000461545
clsvof,0.421949,0.000464158
clsvof,0.422046,0.00046673
clsvof,0.422143,0.000469259
clsvof,0.422241,0.000471748
clsvof,0.422338,0.00047419
clsvof,0.422436,0.000476583
clsvof,0.422533,0.000478923
clsvof,0.422631,0.000481216
clsvof,0.422728,0.000483462
clsvof,0.422826,0.000485658
clsvof,0.422923,0.000487803
clsvof,0.423021,0.0004899
clsvof,0.423118,0.000491945
clsvof,0.423215,0.000493939
clsvof,0.423313,0.000495881
clsvof,0.42341,0.000497767
clsvof,0.423508,0.000499597
clsvof,0.423605,0.000501372
clsvof,0.423703,0.000503092
clsvof,0.4238,0.000504756
clsvof,0.423898,0.000506365
clsvof,0.423995,0.00050792
clsvof,0.424092,0.000509415
clsvof,0.42419,0.000510978
clsvof,0.424287,0.000512364
clsvof,0.424385,0.000513701
clsvof,0.424482,0.000514989
clsvof,0.42458,0.000516227
clsvof,0.424677,0.000517412
clsvof,0.424775,0.000518544
clsvof,0.424872,0.000519619
clsvof,0.424969,0.000520639
clsvof,0.425067,0.000521602
clsvof,0.425164,0.000522504
clsvof,0.425262,0.000523341
clsvof,0.425359,0.000524114
clsvof,0.425457,0.000524821
clsvof,0.425554,0.000525469
clsvof,0.425652,0.000526051
clsvof,0.425749,0.000526569
clsvof,0.425846,0.000527029
clsvof,0.425944,0.000527431
clsvof,0.426041,0.000527773
clsvof,0.426139,0.000528056
clsvof,0.426236,0.000528284
clsvof,0.426334,0.000528457
clsvof,0.426431,0.000528569
clsvof,0.426529,0.000528621
clsvof,0.426626,0.000528613
clsvof,0.426723,0.000528543
clsvof,0.426821,0.000528414
clsvof,0.426918,0.000528216
clsvof,0.427016,0.000527959
clsvof,0.427113,0.000527643
clsvof,0.427211,0.000527268
clsvof,0.427308,0.000526836
clsvof,0.427406,0.000526349
clsvof,0.427503,0.000525798
clsvof,0.4276,0.000525185
clsvof,0.427698,0.000524506
clsvof,0.427795,0.000523758
clsvof,0.427893,0.000522949
clsvof,0.42799,0.000522084
clsvof,0.428088,0.000521165
clsvof,0.428185,0.000520189
clsvof,0.428283,0.000519159
clsvof,0.42838,0.000518073
clsvof,0.428478,0.000516927
clsvof,0.428575,0.00051572
clsvof,0.428672,0.000514452
clsvof,0.42877,0.000513126
clsvof,0.428867,0.00051175
clsvof,0.428965,0.000510326
clsvof,0.429062,0.000508854
clsvof,0.42916,0.000507332
clsvof,0.429257,0.000505758
clsvof,0.429355,0.000504128
clsvof,0.429452,0.000502444
clsvof,0.429549,0.000500707
clsvof,0.429647,0.000498912
clsvof,0.429744,0.000497068
clsvof,0.429842,0.000495176
clsvof,0.429939,0.000493237
clsvof,0.430037,0.000491251
clsvof,0.430134,0.000489218
clsvof,0.430232,0.000487136
clsvof,0.430329,0.000485007
clsvof,0.430426,0.000482829
clsvof,0.430524,0.0004806
clsvof,0.430621,0.000478318
clsvof,0.430719,0.000475986
clsvof,0.430816,0.000473603
clsvof,0.430914,0.000471175
clsvof,0.431011,0.000468698
clsvof,0.431109,0.000466176
clsvof,0.431206,0.00046361
clsvof,0.431303,0.000461006
clsvof,0.431401,0.000458359
clsvof,0.431498,0.000455671
clsvof,0.431596,0.000452943
clsvof,0.431693,0.000450174
clsvof,0.431791,0.000447367
clsvof,0.431888,0.000444521
clsvof,0.431986,0.000441639
clsvof,0.432083,0.000438719
clsvof,0.43218,0.000435759
clsvof,0.432278,0.000432759
clsvof,0.432375,0.000429718
clsvof,0.432473,0.000426635
clsvof,0.43257,0.00042351
clsvof,0.432668,0.000420345
clsvof,0.432765,0.000417143
clsvof,0.432863,0.00041391
clsvof,0.43296,0.000410649
clsvof,0.433058,0.000407358
clsvof,0.433155,0.000404031
clsvof,0.433252,0.000400667
clsvof,0.43335,0.000397266
clsvof,0.433447,0.000393838
clsvof,0.433545,0.000390395
clsvof,0.433642,0.000386905
clsvof,0.43374,0.000383389
clsvof,0.433837,0.000379845
clsvof,0.433935,0.000376276
clsvof,0.434032,0.000372683
clsvof,0.434129,0.000369066
clsvof,0.434227,0.000365422
clsvof,0.434324,0.000361763
clsvof,0.434422,0.000358086
clsvof,0.434519,0.000354391
clsvof,0.434617,0.000350678
clsvof,0.434714,0.00034695
clsvof,0.434812,0.000343207
clsvof,0.434909,0.00033945
clsvof,0.435006,0.000335677
clsvof,0.435104,0.000331888
clsvof,0.435201,0.00032808
clsvof,0.435299,0.000324257
clsvof,0.435396,0.000320415
clsvof,0.435494,0.000316556
clsvof,0.435591,0.00031268
clsvof,0.435689,0.000308787
clsvof,0.435786,0.000304952
clsvof,0.435883,0.000301039
clsvof,0.435981,0.00029712
clsvof,0.436078,0.000293191
clsvof,0.436176,0.000289251
clsvof,0.436273,0.000285303
clsvof,0.436371,0.000281351
clsvof,0.436468,0.000277397
clsvof,0.436566,0.000273442
clsvof,0.436663,0.000269493
clsvof,0.43676,0.000265537
clsvof,0.436858,0.000261582
clsvof,0.436955,0.000257628
clsvof,0.437053,0.000253675
clsvof,0.43715,0.000249725
clsvof,0.437248,0.000245783
clsvof,0.437345,0.000241849
clsvof,0.437443,0.000237923
clsvof,0.43754,0.000234005
clsvof,0.437638,0.000230094
clsvof,0.437735,0.000226203
clsvof,0.437832,0.000222304
clsvof,0.43793,0.000218414
clsvof,0.438027,0.000214528
clsvof,0.438125,0.000210652
clsvof,0.438222,0.000206785
clsvof,0.43832,0.000202929
clsvof,0.438417,0.000199086
clsvof,0.438515,0.000195258
clsvof,0.438612,0.000191446
clsvof,0.438709,0.000187654
clsvof,0.438807,0.000183882
clsvof,0.438904,0.000180133
clsvof,0.439002,0.000176406
clsvof,0.439099,0.0001727
clsvof,0.439197,0.000169015
clsvof,0.439294,0.000165351
clsvof,0.439392,0.00016171
clsvof,0.439489,0.000158093
clsvof,0.439586,0.000154501
clsvof,0.439684,0.000150937
clsvof,0.439781,0.000147403
clsvof,0.439879,0.000143896
clsvof,0.439976,0.000140418
clsvof,0.440074,0.000136968
clsvof,0.440171,0.000133546
clsvof,0.440269,0.000130153
clsvof,0.440366,0.000126789
clsvof,0.440463,0.000123454
clsvof,0.440561,0.000120149
clsvof,0.440658,0.000116874
clsvof,0.440756,0.00011363
clsvof,0.440853,0.000110418
clsvof,0.440951,0.000107238
clsvof,0.441048,0.000104093
clsvof,0.441146,0.000100983
clsvof,0.441243,9.79108e-05
clsvof,0.44134,9.48764e-05
clsvof,0.441438,9.18822e-05
clsvof,0.441535,8.89298e-05
clsvof,0.441633,8.60278e-05
clsvof,0.44173,8.3162e-05
clsvof,0.441828,8.03447e-05
clsvof,0.441925,7.75712e-05
clsvof,0.442023,7.48439e-05
clsvof,0.44212,7.21627e-05
clsvof,0.442218,6.95275e-05
clsvof,0.442315,6.69384e-05
clsvof,0.442412,6.43946e-05
clsvof,0.44251,6.18977e-05
clsvof,0.442607,5.94472e-05
clsvof,0.442705,5.7043e-05
clsvof,0.442802,5.46855e-05
clsvof,0.4429,5.23754e-05
clsvof,0.442997,5.01134e-05
clsvof,0.443095,4.79003e-05
clsvof,0.443192,4.57365e-05
clsvof,0.443289,4.36231e-05
clsvof,0.443387,4.15599e-05
clsvof,0.443484,3.9548e-05
clsvof,0.443582,3.75874e-05
clsvof,0.443679,3.5679e-05
clsvof,0.443777,3.38235e-05
clsvof,0.443874,3.20217e-05
clsvof,0.443972,3.02747e-05
clsvof,0.444069,2.85828e-05
clsvof,0.444166,2.69456e-05
clsvof,0.444264,2.53628e-05
clsvof,0.444361,2.3835e-05
clsvof,0.444459,2.2364e-05
clsvof,0.444556,2.09463e-05
clsvof,0.444654,1.9584e-05
clsvof,0.444751,1.82772e-05
clsvof,0.444849,1.7026e-05
clsvof,0.444946,1.58309e-05
clsvof,0.445043,1.46921e-05
clsvof,0.445141,1.36101e-05
clsvof,0.445238,1.25853e-05
clsvof,0.445336,1.16187e-05
clsvof,0.445433,1.07115e-05
clsvof,0.445531,9.86426e-06
clsvof,0.445628,9.07469e-06
clsvof,0.445726,8.34479e-06
clsvof,0.445823,7.67359e-06
clsvof,0.44592,7.05693e-06
clsvof,0.446018,6.49735e-06
clsvof,0.446115,5.99478e-06
clsvof,0.446213,5.55079e-06
clsvof,0.44631,5.16687e-06
clsvof,0.446408,4.84376e-06
clsvof,0.446505,4.58161e-06
clsvof,0.446603,4.38013e-06
clsvof,0.4467,4.23954e-06
clsvof,0.446797,4.15904e-06
clsvof,0.446895,4.13819e-06
clsvof,0.446992,4.1766e-06
clsvof,0.44709,4.27432e-06
clsvof,0.447187,4.4318e-06
clsvof,0.447285,4.64939e-06
clsvof,0.447382,4.92741e-06
clsvof,0.44748,5.26531e-06
clsvof,0.447577,5.6628e-06
clsvof,0.447675,6.11899e-06
clsvof,0.447772,6.63418e-06
clsvof,0.447869,7.20826e-06
clsvof,0.447967,7.84101e-06
clsvof,0.448064,8.53187e-06
clsvof,0.448162,9.28008e-06
clsvof,0.448259,1.00846e-05
clsvof,0.448357,1.09447e-05
clsvof,0.448454,1.18597e-05
clsvof,0.448552,1.28297e-05
clsvof,0.448649,1.38538e-05
clsvof,0.448746,1.49329e-05
clsvof,0.448844,1.60667e-05
clsvof,0.448941,1.72554e-05
clsvof,0.449039,1.84987e-05
clsvof,0.449136,1.97971e-05
clsvof,0.449234,2.11507e-05
clsvof,0.449331,2.25607e-05
clsvof,0.449429,2.40258e-05
clsvof,0.449526,2.55458e-05
clsvof,0.449623,2.71156e-05
clsvof,0.449721,2.87437e-05
clsvof,0.449818,3.04209e-05
clsvof,0.449916,3.21568e-05
clsvof,0.450013,3.39404e-05
clsvof,0.450111,3.57827e-05
clsvof,0.450208,3.76691e-05
clsvof,0.450306,3.96055e-05
clsvof,0.450403,4.15929e-05
clsvof,0.4505,4.36302e-05
clsvof,0.450598,4.57148e-05
clsvof,0.450695,4.78475e-05
clsvof,0.450793,5.00286e-05
clsvof,0.45089,5.22561e-05
clsvof,0.450988,5.45316e-05
clsvof,0.451085,5.68537e-05
clsvof,0.451183,5.92222e-05
clsvof,0.45128,6.16368e-05
clsvof,0.451377,6.40972e-05
clsvof,0.451475,6.66028e-05
clsvof,0.451572,6.91536e-05
clsvof,0.45167,7.17493e-05
clsvof,0.451767,7.43897e-05
clsvof,0.451865,7.70747e-05
clsvof,0.451962,7.98041e-05
clsvof,0.45206,8.25774e-05
clsvof,0.452157,8.53942e-05
clsvof,0.452255,8.82537e-05
clsvof,0.452352,9.11553e-05
clsvof,0.452449,9.40979e-05
clsvof,0.452547,9.70806e-05
clsvof,0.452644,0.000100102
clsvof,0.452742,0.000103162
clsvof,0.452839,0.000106258
clsvof,0.452937,0.00010939
clsvof,0.453034,0.000112556
clsvof,0.453132,0.000115756
clsvof,0.453229,0.000118988
clsvof,0.453326,0.000122252
clsvof,0.453424,0.000125546
clsvof,0.453521,0.000128871
clsvof,0.453619,0.000132225
clsvof,0.453716,0.000135608
clsvof,0.453814,0.00013902
clsvof,0.453911,0.000142459
clsvof,0.454009,0.000145926
clsvof,0.454106,0.00014942
clsvof,0.454203,0.00015294
clsvof,0.454301,0.000156486
clsvof,0.454398,0.000160057
clsvof,0.454496,0.000163652
clsvof,0.454593,0.00016727
clsvof,0.454691,0.000170912
clsvof,0.454788,0.000174574
clsvof,0.454886,0.000178257
clsvof,0.454983,0.000181956
clsvof,0.45508,0.000185674
clsvof,0.455178,0.000189412
clsvof,0.455275,0.000193169
clsvof,0.455373,0.000196942
clsvof,0.45547,0.00020073
clsvof,0.455568,0.000204568
clsvof,0.455665,0.000208386
clsvof,0.455763,0.000212218
clsvof,0.45586,0.000216064
clsvof,0.455957,0.000219923
clsvof,0.456055,0.000223794
clsvof,0.456152,0.000227674
clsvof,0.45625,0.000231561
clsvof,0.456347,0.000235454
clsvof,0.456445,0.000239351
clsvof,0.456542,0.000243252
clsvof,0.45664,0.000247157
clsvof,0.456737,0.000251069
clsvof,0.456835,0.000254989
clsvof,0.456932,0.000258914
clsvof,0.457029,0.000262845
clsvof,0.457127,0.000266735
clsvof,0.457224,0.000270673
clsvof,0.457322,0.000274612
clsvof,0.457419,0.000278549
clsvof,0.457517,0.000282482
clsvof,0.457614,0.000286409
clsvof,0.457712,0.000290328
clsvof,0.457809,0.000294239
clsvof,0.457906,0.000298145
clsvof,0.458004,0.000302039
clsvof,0.458101,0.000305928
clsvof,0.458199,0.000309797
clsvof,0.458296,0.000313651
clsvof,0.458394,0.000317486
clsvof,0.458491,0.00032131
clsvof,0.458589,0.000325125
clsvof,0.458686,0.000328927
clsvof,0.458783,0.000332713
clsvof,0.458881,0.000336485
clsvof,0.458978,0.000340239
clsvof,0.459076,0.000343974
clsvof,0.459173,0.000347689
clsvof,0.459271,0.000351383
clsvof,0.459368,0.000355056
clsvof,0.459466,0.000358709
clsvof,0.459563,0.000362341
clsvof,0.45966,0.000365952
clsvof,0.459758,0.000369536
clsvof,0.459855,0.000373098
clsvof,0.459953,0.000376637
clsvof,0.46005,0.000380151
clsvof,0.460148,0.000383644
clsvof,0.460245,0.000387115
clsvof,0.460343,0.000390561
clsvof,0.46044,0.00039398
clsvof,0.460537,0.000397368
clsvof,0.460635,0.000400728
clsvof,0.460732,0.000404057
clsvof,0.46083,0.00040735
clsvof,0.460927,0.000410607
clsvof,0.461025,0.00041383
clsvof,0.461122,0.000417017
clsvof,0.46122,0.000420167
clsvof,0.461317,0.000423283
clsvof,0.461415,0.000426365
clsvof,0.461512,0.000429405
clsvof,0.461609,0.000432403
clsvof,0.461707,0.000435361
clsvof,0.461804,0.000438279
clsvof,0.461902,0.000441153
clsvof,0.461999,0.000443995
clsvof,0.462097,0.0004468
clsvof,0.462194,0.000449566
clsvof,0.462292,0.00045229
clsvof,0.462389,0.000454972
clsvof,0.462486,0.00045761
clsvof,0.462584,0.000460208
clsvof,0.462681,0.000462768
clsvof,0.462779,0.00046529
clsvof,0.462876,0.00046777
clsvof,0.462974,0.000470201
clsvof,0.463071,0.000472585
clsvof,0.463169,0.00047492
clsvof,0.463266,0.000477209
clsvof,0.463363,0.000479447
clsvof,0.463461,0.000481634
clsvof,0.463558,0.000483767
clsvof,0.463656,0.000485846
clsvof,0.463753,0.00048787
clsvof,0.463851,0.000489839
clsvof,0.463948,0.000491755
clsvof,0.464046,0.000493614
clsvof,0.464143,0.000495418
clsvof,0.46424,0.000497167
clsvof,0.464338,0.000498861
clsvof,0.464435,0.000500498
clsvof,0.464533,0.000502076
clsvof,0.46463,0.000503598
clsvof,0.464728,0.000505068
clsvof,0.464825,0.000506482
clsvof,0.464923,0.000507847
clsvof,0.46502,0.000509163
clsvof,0.465117,0.000510429
clsvof,0.465215,0.000511641
clsvof,0.465312,0.000512802
clsvof,0.46541,0.000513911
clsvof,0.465507,0.000514964
clsvof,0.465605,0.000515958
clsvof,0.465702,0.000516891
clsvof,0.4658,0.00051776
clsvof,0.465897,0.000518564
clsvof,0.465994,0.000519306
clsvof,0.466092,0.000519991
clsvof,0.466189,0.000520621
clsvof,0.466287,0.000521194
clsvof,0.466384,0.00052171
clsvof,0.466482,0.000522166
clsvof,0.466579,0.000522563
clsvof,0.466677,0.000522899
clsvof,0.466774,0.000523177
clsvof,0.466872,0.000523392
clsvof,0.466969,0.000523538
clsvof,0.467066,0.00052362
clsvof,0.467164,0.000523644
clsvof,0.467261,0.000523609
clsvof,0.467359,0.000523518
clsvof,0.467456,0.000523371
clsvof,0.467554,0.000523066
clsvof,0.467651,0.000522807
clsvof,0.467749,0.000522493
clsvof,0.467846,0.000522125
clsvof,0.467943,0.000521699
clsvof,0.468041,0.000521215
clsvof,0.468138,0.000520672
clsvof,0.468236,0.000520073
clsvof,0.468333,0.000519413
clsvof,0.468431,0.000518696
clsvof,0.468528,0.000517913
clsvof,0.468626,0.000517067
clsvof,0.468723,0.000516159
clsvof,0.46882,0.000515191
clsvof,0.468918,0.000514168
clsvof,0.469015,0.000513087
clsvof,0.469113,0.000511949
clsvof,0.46921,0.000510755
clsvof,0.469308,0.000509504
clsvof,0.469405,0.000508199
clsvof,0.469503,0.000506843
clsvof,0.4696,0.000505516
clsvof,0.469697,0.00050406
clsvof,0.469795,0.000502551
clsvof,0.469892,0.000500989
clsvof,0.46999,0.000499376
clsvof,0.470087,0.000497704
clsvof,0.470185,0.000495975
clsvof,0.470282,0.000494194
clsvof,0.47038,0.00049236
clsvof,0.470477,0.000490479
clsvof,0.470574,0.00048855
clsvof,0.470672,0.000486574
clsvof,0.470769,0.000484551
clsvof,0.470867,0.000482478
clsvof,0.470964,0.000480354
clsvof,0.471062,0.000478181
clsvof,0.471159,0.000475957
clsvof,0.471257,0.000473681
clsvof,0.471354,0.000471354
clsvof,0.471452,0.000468978
clsvof,0.471549,0.000466553
clsvof,0.471646,0.000464081
clsvof,0.471744,0.000461562
clsvof,0.471841,0.000458995
clsvof,0.471939,0.000456386
clsvof,0.472036,0.000453737
clsvof,0.472134,0.000451051
clsvof,0.472231,0.000448324
clsvof,0.472329,0.000445558
clsvof,0.472426,0.000442754
clsvof,0.472523,0.000439913
clsvof,0.472621,0.000437033
clsvof,0.472718,0.000434115
clsvof,0.472816,0.000431154
clsvof,0.472913,0.000428151
clsvof,0.473011,0.000425107
clsvof,0.473108,0.000422022
clsvof,0.473206,0.000418899
clsvof,0.473303,0.000415742
clsvof,0.4734,0.000412549
clsvof,0.473498,0.000409321
clsvof,0.473595,0.000406065
clsvof,0.473693,0.000402785
clsvof,0.47379,0.000399474
clsvof,0.473888,0.000396132
clsvof,0.473985,0.000392754
clsvof,0.474083,0.000389347
clsvof,0.47418,0.00038591
clsvof,0.474277,0.000382445
clsvof,0.474375,0.000378952
clsvof,0.474472,0.000375432
clsvof,0.47457,0.00037188
clsvof,0.474667,0.000368299
clsvof,0.474765,0.000364694
clsvof,0.474862,0.000361069
clsvof,0.47496,0.000357423
clsvof,0.475057,0.000353762
clsvof,0.475154,0.000350077
clsvof,0.475252,0.000346379
clsvof,0.475349,0.000342667
clsvof,0.475447,0.000338938
clsvof,0.475544,0.000335195
clsvof,0.475642,0.000331438
clsvof,0.475739,0.000327663
clsvof,0.475837,0.000323873
clsvof,0.475934,0.000320067
clsvof,0.476032,0.000316245
clsvof,0.476129,0.000312407
clsvof,0.476226,0.000308556
clsvof,0.476324,0.00030469
clsvof,0.476421,0.000300811
clsvof,0.476519,0.000296927
clsvof,0.476616,0.00029304
clsvof,0.476714,0.000289147
clsvof,0.476811,0.000285245
clsvof,0.476909,0.000281335
clsvof,0.477006,0.000277423
clsvof,0.477103,0.000273508
clsvof,0.477201,0.000269591
clsvof,0.477298,0.000265675
clsvof,0.477396,0.000261757
clsvof,0.477493,0.000257848
clsvof,0.477591,0.000253929
clsvof,0.477688,0.000250012
clsvof,0.477786,0.000246099
clsvof,0.477883,0.000242192
clsvof,0.47798,0.000238292
clsvof,0.478078,0.000234398
clsvof,0.478175,0.000230514
clsvof,0.478273,0.000226637
clsvof,0.47837,0.000222767
clsvof,0.478468,0.000218907
clsvof,0.478565,0.000215056
clsvof,0.478663,0.000211214
clsvof,0.47876,0.000207382
clsvof,0.478857,0.000203559
clsvof,0.478955,0.000199745
clsvof,0.479052,0.000195941
clsvof,0.47915,0.000192152
clsvof,0.479247,0.000188378
clsvof,0.479345,0.000184622
clsvof,0.479442,0.000180882
clsvof,0.47954,0.000177164
clsvof,0.479637,0.000173471
clsvof,0.479734,0.0001698
clsvof,0.479832,0.000166156
clsvof,0.479929,0.000162539
clsvof,0.480027,0.000158947
clsvof,0.480124,0.00015538
clsvof,0.480222,0.000151839
clsvof,0.480319,0.000148325
clsvof,0.480417,0.000144837
clsvof,0.480514,0.000141377
clsvof,0.480612,0.000137943
clsvof,0.480709,0.000134539
clsvof,0.480806,0.000131164
clsvof,0.480904,0.000127819
clsvof,0.481001,0.000124505
clsvof,0.481099,0.000121222
clsvof,0.481196,0.000117972
clsvof,0.481294,0.000114753
clsvof,0.481391,0.000111567
clsvof,0.481489,0.000108415
clsvof,0.481586,0.000105298
clsvof,0.481683,0.000102215
clsvof,0.481781,9.91676e-05
clsvof,0.481878,9.6158e-05
clsvof,0.481976,9.31865e-05
clsvof,0.482073,9.02568e-05
clsvof,0.482171,8.73659e-05
clsvof,0.482268,8.45175e-05
clsvof,0.482366,8.17127e-05
clsvof,0.482463,7.89523e-05
clsvof,0.48256,7.62373e-05
clsvof,0.482658,7.35678e-05
clsvof,0.482755,7.09443e-05
clsvof,0.482853,6.83662e-05
clsvof,0.48295,6.58331e-05
clsvof,0.483048,6.33445e-05
clsvof,0.483145,6.08999e-05
clsvof,0.483243,5.84992e-05
clsvof,0.48334,5.61421e-05
clsvof,0.483437,5.3829e-05
clsvof,0.483535,5.156e-05
clsvof,0.483632,4.93362e-05
clsvof,0.48373,4.71583e-05
clsvof,0.483827,4.50278e-05
clsvof,0.483925,4.2946e-05
clsvof,0.484022,4.09142e-05
clsvof,0.48412,3.89341e-05
clsvof,0.484217,3.70065e-05
clsvof,0.484314,3.51324e-05
clsvof,0.484412,3.33125e-05
clsvof,0.484509,3.15473e-05
clsvof,0.484607,2.98367e-05
clsvof,0.484704,2.81809e-05
clsvof,0.484802,2.65802e-05
clsvof,0.484899,2.50336e-05
clsvof,0.484997,2.35414e-05
clsvof,0.485094,2.21039e-05
clsvof,0.485191,2.07203e-05
clsvof,0.485289,1.93917e-05
clsvof,0.485386,1.81188e-05
clsvof,0.485484,1.69026e-05
clsvof,0.485581,1.57434e-05
clsvof,0.485679,1.46392e-05
clsvof,0.485776,1.35924e-05
clsvof,0.485874,1.26027e-05
clsvof,0.485971,1.16671e-05
clsvof,0.486069,1.07839e-05
clsvof,0.486166,9.95437e-06
clsvof,0.486263,9.17977e-06
clsvof,0.486361,8.4623e-06
clsvof,0.486458,7.80236e-06
clsvof,0.486556,7.20076e-06
clsvof,0.486653,6.65753e-06
clsvof,0.486751,6.17285e-06
clsvof,0.486848,5.74635e-06
clsvof,0.486946,5.37775e-06
clsvof,0.487043,5.06691e-06
clsvof,0.48714,4.81263e-06
clsvof,0.487238,4.61966e-06
clsvof,0.487335,4.48585e-06
clsvof,0.487433,4.41182e-06
clsvof,0.48753,4.39736e-06
clsvof,0.487628,4.44174e-06
clsvof,0.487725,4.54438e-06
clsvof,0.487823,4.70502e-06
clsvof,0.48792,4.92368e-06
clsvof,0.488017,5.20058e-06
clsvof,0.488115,5.53602e-06
clsvof,0.488212,5.92977e-06
clsvof,0.48831,6.38148e-06
clsvof,0.488407,6.89101e-06
clsvof,0.488505,7.45802e-06
clsvof,0.488602,8.08243e-06
clsvof,0.4887,8.76397e-06
clsvof,0.488797,9.50236e-06
clsvof,0.488894,1.02966e-05
clsvof,0.488992,1.11464e-05
clsvof,0.489089,1.20513e-05
clsvof,0.489187,1.30109e-05
clsvof,0.489284,1.40247e-05
clsvof,0.489382,1.50928e-05
clsvof,0.489479,1.62149e-05
clsvof,0.489577,1.73914e-05
clsvof,0.489674,1.86224e-05
clsvof,0.489771,1.99086e-05
clsvof,0.489869,2.12493e-05
clsvof,0.489966,2.2644e-05
clsvof,0.490064,2.4093e-05
clsvof,0.490161,2.55973e-05
clsvof,0.490259,2.71569e-05
clsvof,0.490356,2.87722e-05
clsvof,0.490454,3.0443e-05
clsvof,0.490551,3.21672e-05
clsvof,0.490649,3.39448e-05
clsvof,0.490746,3.57757e-05
clsvof,0.490843,3.76589e-05
clsvof,0.490941,3.95941e-05
clsvof,0.491038,4.158e-05
clsvof,0.491136,4.36166e-05
clsvof,0.491233,4.56968e-05
clsvof,0.491331,4.78309e-05
clsvof,0.491428,5.00075e-05
clsvof,0.491526,5.22364e-05
clsvof,0.491623,5.45066e-05
clsvof,0.49172,5.68283e-05
clsvof,0.491818,5.91897e-05
clsvof,0.491915,6.16021e-05
clsvof,0.492013,6.4053e-05
clsvof,0.49211,6.65467e-05
clsvof,0.492208,6.90852e-05
clsvof,0.492305,7.16678e-05
clsvof,0.492403,7.42917e-05
clsvof,0.4925,7.6958e-05
clsvof,0.492597,7.96664e-05
clsvof,0.492695,8.24173e-05
clsvof,0.492792,8.52102e-05
clsvof,0.49289,8.80448e-05
clsvof,0.492987,9.09207e-05
clsvof,0.493085,9.38358e-05
clsvof,0.493182,9.67925e-05
clsvof,0.49328,9.97882e-05
clsvof,0.493377,0.000102822
clsvof,0.493474,0.000105896
clsvof,0.493572,0.000109001
clsvof,0.493669,0.000112143
clsvof,0.493767,0.000115318
clsvof,0.493864,0.000118526
clsvof,0.493962,0.000121766
clsvof,0.494059,0.000125037
clsvof,0.494157,0.000128338
clsvof,0.494254,0.00013167
clsvof,0.494351,0.00013503
clsvof,0.494449,0.000138419
clsvof,0.494546,0.000141837
clsvof,0.494644,0.000145283
clsvof,0.494741,0.000148757
clsvof,0.494839,0.000152258
clsvof,0.494936,0.000155786
clsvof,0.495034,0.000159341
clsvof,0.495131,0.000162921
clsvof,0.495229,0.000166526
clsvof,0.495326,0.000170151
clsvof,0.495423,0.000173798
clsvof,0.495521,0.000177469
clsvof,0.495618,0.000181161
clsvof,0.495716,0.00018487
clsvof,0.495813,0.000188597
clsvof,0.495911,0.00019234
clsvof,0.496008,0.0001961
clsvof,0.496106,0.000199868
clsvof,0.496203,0.000203646
clsvof,0.4963,0.000207434
clsvof,0.496398,0.000211235
clsvof,0.496495,0.000215047
clsvof,0.496593,0.00021887
clsvof,0.49669,0.000222703
clsvof,0.496788,0.000226545
clsvof,0.496885,0.000230397
clsvof,0.496983,0.000234258
clsvof,0.49708,0.000238126
clsvof,0.497177,0.000242
clsvof,0.497275,0.000245878
clsvof,0.497372,0.000249758
clsvof,0.49747,0.000253642
clsvof,0.497567,0.000257529
clsvof,0.497665,0.000261417
clsvof,0.497762,0.000265306
clsvof,0.49786,0.000269196
clsvof,0.497957,0.000273084
clsvof,0.498054,0.000276972
clsvof,0.498152,0.000280856
clsvof,0.498249,0.000284735
clsvof,0.498347,0.00028861
clsvof,0.498444,0.000292482
clsvof,0.498542,0.000296347
clsvof,0.498639,0.000300199
clsvof,0.498737,0.000304037
clsvof,0.498834,0.000307864
clsvof,0.498931,0.000311674
clsvof,0.499029,0.000315471
clsvof,0.499126,0.000319256
clsvof,0.499224,0.000323028
clsvof,0.499321,0.000326783
clsvof,0.499419,0.000330522
clsvof,0.499516,0.000334244
clsvof,0.499614,0.000337944
clsvof,0.499711,0.000341629
clsvof,0.499809,0.000345295
clsvof,0.499906,0.000348942
clsvof,0.500003,0.000352567
clsvof,0.500101,0.00035617
clsvof,0.500198,0.000359751
clsvof,0.500296,0.000363311
clsvof,0.500393,0.00036685
clsvof,0.500491,0.000370368
clsvof,0.500588,0.000373859
clsvof,0.500686,0.000377329
clsvof,0.500783,0.00038078
clsvof,0.50088,0.000384206
clsvof,0.500978,0.000387605
clsvof,0.501075,0.000390975
clsvof,0.501173,0.000394318
clsvof,0.50127,0.000397635
clsvof,0.501368,0.000400918
clsvof,0.501465,0.00040416
clsvof,0.501563,0.000407364
clsvof,0.50166,0.000410536
clsvof,0.501757,0.000413668
clsvof,0.501855,0.000416763
clsvof,0.501952,0.000419822
clsvof,0.50205,0.000422846
clsvof,0.502147,0.000425831
clsvof,0.502245,0.000428776
clsvof,0.502342,0.000431683
clsvof,0.50244,0.000434552
clsvof,0.502537,0.000437384
clsvof,0.502634,0.000440178
clsvof,0.502732,0.000442931
clsvof,0.502829,0.000445644
clsvof,0.502927,0.000448315
clsvof,0.503024,0.000450942
clsvof,0.503122,0.000453529
clsvof,0.503219,0.000456075
clsvof,0.503317,0.000458582
clsvof,0.503414,0.000461052
clsvof,0.503511,0.000463478
clsvof,0.503609,0.000465854
clsvof,0.503706,0.000468181
clsvof,0.503804,0.000470463
clsvof,0.503901,0.000472698
clsvof,0.503999,0.000474886
clsvof,0.504096,0.000477025
clsvof,0.504194,0.000479115
clsvof,0.504291,0.00048115
clsvof,0.504388,0.000483202
clsvof,0.504486,0.000485038
clsvof,0.504583,0.000486905
clsvof,0.504681,0.000488719
clsvof,0.504778,0.000490476
clsvof,0.504876,0.000492179
clsvof,0.504973,0.000493829
clsvof,0.505071,0.000495428
clsvof,0.505168,0.000496966
clsvof,0.505266,0.000498452
clsvof,0.505363,0.000499882
clsvof,0.50546,0.000501262
clsvof,0.505558,0.000502591
clsvof,0.505655,0.000503873
clsvof,0.505753,0.000505106
clsvof,0.50585,0.000506289
clsvof,0.505948,0.000507423
clsvof,0.506045,0.000508502
clsvof,0.506143,0.000509529
clsvof,0.50624,0.000510503
clsvof,0.506337,0.000511419
clsvof,0.506435,0.000512273
clsvof,0.506532,0.000513065
clsvof,0.50663,0.000513797
clsvof,0.506727,0.000514473
clsvof,0.506825,0.000515091
clsvof,0.506922,0.000515653
clsvof,0.50702,0.000516154
clsvof,0.507117,0.000516595
clsvof,0.507214,0.000517062
clsvof,0.507312,0.000517388
clsvof,0.507409,0.000517658
clsvof,0.507507,0.000517876
clsvof,0.507604,0.000518041
clsvof,0.507702,0.000518149
clsvof,0.507799,0.000518199
clsvof,0.507897,0.000518193
clsvof,0.507994,0.00051813
clsvof,0.508091,0.000518008
clsvof,0.508189,0.000517823
clsvof,0.508286,0.00051758
clsvof,0.508384,0.000517282
clsvof,0.508481,0.000516928
clsvof,0.508579,0.000516518
clsvof,0.508676,0.000516054
clsvof,0.508774,0.00051553
clsvof,0.508871,0.000514942
clsvof,0.508968,0.000514284
clsvof,0.509066,0.000513557
clsvof,0.509163,0.000512771
clsvof,0.509261,0.000511931
clsvof,0.509358,0.000511038
clsvof,0.509456,0.00051009
clsvof,0.509553,0.000509086
clsvof,0.509651,0.000508026
clsvof,0.509748,0.000506908
clsvof,0.509846,0.00050573
clsvof,0.509943,0.000504492
clsvof,0.51004,0.000503199
clsvof,0.510138,0.000501857
clsvof,0.510235,0.000500467
clsvof,0.510333,0.000499024
clsvof,0.51043,0.000497529
clsvof,0.510528,0.000495979
clsvof,0.510625,0.000494375
clsvof,0.510723,0.000492718
clsvof,0.51082,0.000491013
clsvof,0.510917,0.000489248
clsvof,0.511015,0.000487438
clsvof,0.511112,0.000485581
clsvof,0.51121,0.000483677
clsvof,0.511307,0.000481727
clsvof,0.511405,0.000479728
clsvof,0.511502,0.000477679
clsvof,0.5116,0.000475585
clsvof,0.511697,0.000473439
clsvof,0.511794,0.000471243
clsvof,0.511892,0.000468996
clsvof,0.511989,0.000466698
clsvof,0.512087,0.00046435
clsvof,0.512184,0.000461955
clsvof,0.512282,0.00045951
clsvof,0.512379,0.000457023
clsvof,0.512477,0.000454493
clsvof,0.512574,0.000451924
clsvof,0.512671,0.000449315
clsvof,0.512769,0.000446665
clsvof,0.512866,0.000443974
clsvof,0.512964,0.000441242
clsvof,0.513061,0.000438472
clsvof,0.513159,0.000435661
clsvof,0.513256,0.000432812
clsvof,0.513354,0.000429925
clsvof,0.513451,0.000426999
clsvof,0.513548,0.000424033
clsvof,0.513646,0.000421025
clsvof,0.513743,0.000417977
clsvof,0.513841,0.000414891
clsvof,0.513938,0.000411767
clsvof,0.514036,0.000408608
clsvof,0.514133,0.000405421
clsvof,0.514231,0.000402207
clsvof,0.514328,0.000398961
clsvof,0.514426,0.000395678
clsvof,0.514523,0.000392359
clsvof,0.51462,0.000389008
clsvof,0.514718,0.000385626
clsvof,0.514815,0.000382213
clsvof,0.514913,0.000378769
clsvof,0.51501,0.000375299
clsvof,0.515108,0.000371791
clsvof,0.515205,0.000368258
clsvof,0.515303,0.000364705
clsvof,0.5154,0.000361132
clsvof,0.515497,0.000357542
clsvof,0.515595,0.000353934
clsvof,0.515692,0.000350309
clsvof,0.51579,0.000346667
clsvof,0.515887,0.000343008
clsvof,0.515985,0.000339334
clsvof,0.516082,0.000335646
clsvof,0.51618,0.000331946
clsvof,0.516277,0.000328233
clsvof,0.516374,0.000324505
clsvof,0.516472,0.000320761
clsvof,0.516569,0.000317
clsvof,0.516667,0.000313226
clsvof,0.516764,0.000309435
clsvof,0.516862,0.000305628
clsvof,0.516959,0.000301806
clsvof,0.517057,0.000297972
clsvof,0.517154,0.000294129
clsvof,0.517251,0.000290277
clsvof,0.517349,0.000286419
clsvof,0.517446,0.000282557
clsvof,0.517544,0.000278684
clsvof,0.517641,0.000274801
clsvof,0.517739,0.000270911
clsvof,0.517836,0.000267018
clsvof,0.517934,0.000263141
clsvof,0.518031,0.000259246
clsvof,0.518128,0.000255355
clsvof,0.518226,0.000251467
clsvof,0.518323,0.000247582
clsvof,0.518421,0.000243702
clsvof,0.518518,0.000239827
clsvof,0.518616,0.000235959
clsvof,0.518713,0.000232101
clsvof,0.518811,0.000228251
clsvof,0.518908,0.000224409
clsvof,0.519006,0.000220575
clsvof,0.519103,0.000216748
clsvof,0.5192,0.000212928
clsvof,0.519298,0.000209113
clsvof,0.519395,0.000205306
clsvof,0.519493,0.000201505
clsvof,0.51959,0.000197716
clsvof,0.519688,0.000193938
clsvof,0.519785,0.00019018
clsvof,0.519883,0.000186437
clsvof,0.51998,0.000182713
clsvof,0.520077,0.000179009
clsvof,0.520175,0.00017533
clsvof,0.520272,0.000171675
clsvof,0.52037,0.000168043
clsvof,0.520467,0.000164436
clsvof,0.520565,0.000160855
clsvof,0.520662,0.0001573
clsvof,0.52076,0.000153771
clsvof,0.520857,0.000150268
clsvof,0.520954,0.00014679
clsvof,0.521052,0.000143341
clsvof,0.521149,0.00013992
clsvof,0.521247,0.000136528
clsvof,0.521344,0.000133168
clsvof,0.521442,0.000129837
clsvof,0.521539,0.000126558
clsvof,0.521637,0.000123262
clsvof,0.521734,0.000120019
clsvof,0.521831,0.000116805
clsvof,0.521929,0.00011362
clsvof,0.522026,0.000110466
clsvof,0.522124,0.000107344
clsvof,0.522221,0.000104253
clsvof,0.522319,0.000101205
clsvof,0.522416,9.81803e-05
clsvof,0.522514,9.51934e-05
clsvof,0.522611,9.22449e-05
clsvof,0.522708,8.93364e-05
clsvof,0.522806,8.647e-05
clsvof,0.522903,8.36473e-05
clsvof,0.523001,8.08695e-05
clsvof,0.523098,7.81374e-05
clsvof,0.523196,7.54515e-05
clsvof,0.523293,7.28115e-05
clsvof,0.523391,7.02172e-05
clsvof,0.523488,6.7668e-05
clsvof,0.523585,6.51635e-05
clsvof,0.523683,6.27032e-05
clsvof,0.52378,6.02868e-05
clsvof,0.523878,5.79142e-05
clsvof,0.523975,5.55852e-05
clsvof,0.524073,5.33003e-05
clsvof,0.52417,5.10603e-05
clsvof,0.524268,4.88669e-05
clsvof,0.524365,4.67204e-05
clsvof,0.524463,4.46237e-05
clsvof,0.52456,4.25766e-05
clsvof,0.524657,4.05799e-05
clsvof,0.524755,3.86336e-05
clsvof,0.524852,3.67389e-05
clsvof,0.52495,3.48963e-05
clsvof,0.525047,3.31059e-05
clsvof,0.525145,3.13675e-05
clsvof,0.525242,2.96813e-05
clsvof,0.52534,2.80472e-05
clsvof,0.525437,2.64657e-05
clsvof,0.525534,2.49365e-05
clsvof,0.525632,2.34607e-05
clsvof,0.525729,2.20382e-05
clsvof,0.525827,2.06697e-05
clsvof,0.525924,1.93551e-05
clsvof,0.526022,1.80951e-05
clsvof,0.526119,1.68899e-05
clsvof,0.526217,1.57394e-05
clsvof,0.526314,1.46441e-05
clsvof,0.526411,1.36039e-05
clsvof,0.526509,1.26178e-05
clsvof,0.526606,1.16862e-05
clsvof,0.526704,1.08088e-05
clsvof,0.526801,9.98643e-06
clsvof,0.526899,9.21899e-06
clsvof,0.526996,8.50798e-06
clsvof,0.527094,7.85482e-06
clsvof,0.527191,7.26043e-06
clsvof,0.527288,6.7228e-06
clsvof,0.527386,6.23942e-06
clsvof,0.527483,5.81444e-06
clsvof,0.527581,5.44838e-06
clsvof,0.527678,5.13956e-06
clsvof,0.527776,4.88624e-06
clsvof,0.527873,4.68859e-06
clsvof,0.527971,4.54775e-06
clsvof,0.528068,4.46557e-06
clsvof,0.528165,4.44217e-06
clsvof,0.528263,4.47841e-06
clsvof,0.52836,4.57295e-06
clsvof,0.528458,4.72598e-06
clsvof,0.528555,4.93644e-06
clsvof,0.528653,5.20451e-06
clsvof,0.52875,5.53086e-06
clsvof,0.528848,5.91646e-06
clsvof,0.528945,6.36209e-06
clsvof,0.529043,6.86856e-06
clsvof,0.52914,7.43505e-06
clsvof,0.529237,8.0611e-06
clsvof,0.529335,8.74405e-06
clsvof,0.529432,9.48611e-06
clsvof,0.52953,1.02827e-05
clsvof,0.529627,1.11373e-05
clsvof,0.529725,1.2046e-05
clsvof,0.529822,1.30128e-05
clsvof,0.52992,1.40318e-05
clsvof,0.530017,1.51084e-05
clsvof,0.530114,1.62356e-05
clsvof,0.530212,1.74198e-05
clsvof,0.530309,1.86534e-05
clsvof,0.530407,1.99394e-05
clsvof,0.530504,2.12795e-05
clsvof,0.530602,2.26798e-05
clsvof,0.530699,2.41294e-05
clsvof,0.530797,2.56323e-05
clsvof,0.530894,2.71895e-05
clsvof,0.530991,2.88005e-05
clsvof,0.531089,3.04646e-05
clsvof,0.531186,3.21816e-05
clsvof,0.531284,3.39486e-05
clsvof,0.531381,3.57634e-05
clsvof,0.531479,3.76324e-05
clsvof,0.531576,3.95524e-05
clsvof,0.531674,4.15211e-05
clsvof,0.531771,4.35382e-05
clsvof,0.531868,4.56029e-05
clsvof,0.531966,4.77148e-05
clsvof,0.532063,4.98732e-05
clsvof,0.532161,5.20777e-05
clsvof,0.532258,5.43275e-05
clsvof,0.532356,5.66216e-05
clsvof,0.532453,5.89593e-05
clsvof,0.532551,6.13401e-05
clsvof,0.532648,6.37642e-05
clsvof,0.532745,6.62313e-05
clsvof,0.532843,6.87411e-05
clsvof,0.53294,7.12947e-05
clsvof,0.533038,7.38915e-05
clsvof,0.533135,7.65323e-05
clsvof,0.533233,7.92168e-05
clsvof,0.53333,8.19452e-05
clsvof,0.533428,8.47173e-05
clsvof,0.533525,8.75328e-05
clsvof,0.533623,9.03909e-05
clsvof,0.53372,9.32909e-05
clsvof,0.533817,9.62315e-05
clsvof,0.533915,9.92118e-05
clsvof,0.534012,0.00010223
clsvof,0.53411,0.000105285
clsvof,0.534207,0.000108374
clsvof,0.534305,0.000111498
clsvof,0.534402,0.000114653
clsvof,0.5345,0.00011784
clsvof,0.534597,0.000121058
clsvof,0.534694,0.000124305
clsvof,0.534792,0.000127581
clsvof,0.534889,0.000130886
clsvof,0.534987,0.000134219
clsvof,0.535084,0.00013758
clsvof,0.535182,0.000140969
clsvof,0.535279,0.000144385
clsvof,0.535377,0.000147828
clsvof,0.535474,0.000151298
clsvof,0.535571,0.000154793
clsvof,0.535669,0.000158314
clsvof,0.535766,0.000161858
clsvof,0.535864,0.000165426
clsvof,0.535961,0.000169012
clsvof,0.536059,0.00017262
clsvof,0.536156,0.000176251
clsvof,0.536254,0.000179932
clsvof,0.536351,0.000183602
clsvof,0.536448,0.00018729
clsvof,0.536546,0.000190994
clsvof,0.536643,0.000194716
clsvof,0.536741,0.000198452
clsvof,0.536838,0.000202202
clsvof,0.536936,0.000205967
clsvof,0.537033,0.000209745
clsvof,0.537131,0.000213536
clsvof,0.537228,0.000217335
clsvof,0.537325,0.000221135
clsvof,0.537423,0.000224938
clsvof,0.53752,0.00022875
clsvof,0.537618,0.00023257
clsvof,0.537715,0.000236397
clsvof,0.537813,0.000240231
clsvof,0.53791,0.000244072
clsvof,0.538008,0.000247925
clsvof,0.538105,0.000251781
clsvof,0.538203,0.000255642
clsvof,0.5383,0.000259506
clsvof,0.538397,0.000263372
clsvof,0.538495,0.000267238
clsvof,0.538592,0.000271102
clsvof,0.53869,0.000274954
clsvof,0.538787,0.000278799
clsvof,0.538885,0.000282639
clsvof,0.538982,0.000286473
clsvof,0.53908,0.000290304
clsvof,0.539177,0.000294131
clsvof,0.539274,0.000297951
clsvof,0.539372,0.000301757
clsvof,0.539469,0.000305546
clsvof,0.539567,0.000309323
clsvof,0.539664,0.000313089
clsvof,0.539762,0.000316843
clsvof,0.539859,0.000320583
clsvof,0.539957,0.00032431
clsvof,0.540054,0.000328021
clsvof,0.540151,0.000331715
clsvof,0.540249,0.000335389
clsvof,0.540346,0.000339043
clsvof,0.540444,0.000342675
clsvof,0.540541,0.000346287
clsvof,0.540639,0.000349876
clsvof,0.540736,0.000353438
clsvof,0.540834,0.000356982
clsvof,0.540931,0.000360503
clsvof,0.541028,0.000364
clsvof,0.541126,0.000367474
clsvof,0.541223,0.000370925
clsvof,0.541321,0.000374353
clsvof,0.541418,0.000377758
clsvof,0.541516,0.000381136
clsvof,0.541613,0.000384487
clsvof,0.541711,0.00038781
clsvof,0.541808,0.000391107
clsvof,0.541905,0.000394379
clsvof,0.542003,0.000397615
clsvof,0.5421,0.000400812
clsvof,0.542198,0.000403973
clsvof,0.542295,0.000407102
clsvof,0.542393,0.000410193
clsvof,0.54249,0.00041325
clsvof,0.542588,0.000416271
clsvof,0.542685,0.000419256
clsvof,0.542782,0.000422203
clsvof,0.54288,0.000425111
clsvof,0.542977,0.000427983
clsvof,0.543075,0.000430818
clsvof,0.543172,0.000433619
clsvof,0.54327,0.000436383
clsvof,0.543367,0.00043911
clsvof,0.543465,0.000441796
clsvof,0.543562,0.000444441
clsvof,0.54366,0.000447045
clsvof,0.543757,0.000449613
clsvof,0.543854,0.000452146
clsvof,0.543952,0.000454644
clsvof,0.544049,0.000457102
clsvof,0.544147,0.000459517
clsvof,0.544244,0.000461883
clsvof,0.544342,0.000464204
clsvof,0.544439,0.000466482
clsvof,0.544537,0.000468712
clsvof,0.544634,0.000470892
clsvof,0.544731,0.00047302
clsvof,0.544829,0.000475095
clsvof,0.544926,0.000477116
clsvof,0.545024,0.000479084
clsvof,0.545121,0.000480994
clsvof,0.545219,0.000482852
clsvof,0.545316,0.000484656
clsvof,0.545414,0.000486407
clsvof,0.545511,0.000488107
clsvof,0.545608,0.000489752
clsvof,0.545706,0.000491343
clsvof,0.545803,0.000492879
clsvof,0.545901,0.000494463
clsvof,0.545998,0.000495792
clsvof,0.546096,0.00049717
clsvof,0.546193,0.000498498
clsvof,0.546291,0.000499778
clsvof,0.546388,0.000501011
clsvof,0.546485,0.000502191
clsvof,0.546583,0.000503321
clsvof,0.54668,0.000504398
clsvof,0.546778,0.000505421
clsvof,0.546875,0.000506385
clsvof,0.546973,0.00050729
clsvof,0.54707,0.000508132
clsvof,0.547168,0.000508913
clsvof,0.547265,0.000509637
clsvof,0.547362,0.000510304
clsvof,0.54746,0.000510915
clsvof,0.547557,0.000511468
clsvof,0.547655,0.000511963
clsvof,0.547752,0.000512398
clsvof,0.54785,0.000512786
clsvof,0.547947,0.000513099
clsvof,0.548045,0.000513347
clsvof,0.548142,0.000513531
clsvof,0.54824,0.000513657
clsvof,0.548337,0.000513722
clsvof,0.548434,0.000513728
clsvof,0.548532,0.00051368
clsvof,0.548629,0.000513577
clsvof,0.548727,0.000513413
clsvof,0.548824,0.000513198
clsvof,0.548922,0.000512932
clsvof,0.549019,0.000512611
clsvof,0.549117,0.000512233
clsvof,0.549214,0.000511796
clsvof,0.549311,0.0005113
clsvof,0.549409,0.000510747
clsvof,0.549506,0.000510137
clsvof,0.549604,0.000509464
clsvof,0.549701,0.000508734
clsvof,0.549799,0.00050794
clsvof,0.549896,0.000507082
clsvof,0.549994,0.000506167
clsvof,0.550091,0.000505201
clsvof,0.550188,0.000504178
clsvof,0.550286,0.000503101
clsvof,0.550383,0.000501967
clsvof,0.550481,0.000500779
clsvof,0.550578,0.000499534
clsvof,0.550676,0.000498237
clsvof,0.550773,0.000496892
clsvof,0.550871,0.000495497
clsvof,0.550968,0.000494051
clsvof,0.551065,0.000492554
clsvof,0.551163,0.000491003
clsvof,0.55126,0.0004894
clsvof,0.551358,0.000487741
clsvof,0.551455,0.000486028
clsvof,0.551553,0.000484264
clsvof,0.55165,0.000482452
clsvof,0.551748,0.000480593
clsvof,0.551845,0.00047869
clsvof,0.551942,0.000476741
clsvof,0.55204,0.000474745
clsvof,0.552137,0.0004727
clsvof,0.552235,0.000470605
clsvof,0.552332,0.000468455
clsvof,0.55243,0.00046626
clsvof,0.552527,0.000464012
clsvof,0.552625,0.000461714
clsvof,0.552722,0.000459366
clsvof,0.55282,0.000456971
clsvof,0.552917,0.000454529
clsvof,0.553014,0.000452042
clsvof,0.553112,0.00044951
clsvof,0.553209,0.000446936
clsvof,0.553307,0.000444324
clsvof,0.553404,0.000441672
clsvof,0.553502,0.00043898
clsvof,0.553599,0.000436248
clsvof,0.553697,0.000433479
clsvof,0.553794,0.000430673
clsvof,0.553891,0.000427828
clsvof,0.553989,0.000424944
clsvof,0.554086,0.00042202
clsvof,0.554184,0.000419055
clsvof,0.554281,0.000416049
clsvof,0.554379,0.000413004
clsvof,0.554476,0.000409924
clsvof,0.554574,0.000406808
clsvof,0.554671,0.000403661
clsvof,0.554768,0.000400483
clsvof,0.554866,0.000397277
clsvof,0.554963,0.000393961
clsvof,0.555061,0.0003907
clsvof,0.555158,0.000387407
clsvof,0.555256,0.000384078
clsvof,0.555353,0.000380713
clsvof,0.555451,0.000377316
clsvof,0.555548,0.000373889
clsvof,0.555645,0.000370432
clsvof,0.555743,0.000366947
clsvof,0.55584,0.000363436
clsvof,0.555938,0.000359898
clsvof,0.556035,0.000356344
clsvof,0.556133,0.000352771
clsvof,0.55623,0.000349182
clsvof,0.556328,0.000345576
clsvof,0.556425,0.00034195
clsvof,0.556522,0.000338306
clsvof,0.55662,0.000334649
clsvof,0.556717,0.000330981
clsvof,0.556815,0.000327303
clsvof,0.556912,0.000323613
clsvof,0.55701,0.000319911
clsvof,0.557107,0.000316197
clsvof,0.557205,0.000312466
clsvof,0.557302,0.00030872
clsvof,0.5574,0.000304959
clsvof,0.557497,0.000301188
clsvof,0.557594,0.000297407
clsvof,0.557692,0.000293615
clsvof,0.557789,0.000289812
clsvof,0.557887,0.000286007
clsvof,0.557984,0.000282199
clsvof,0.558082,0.000278385
clsvof,0.558179,0.000274563
clsvof,0.558277,0.000270735
clsvof,0.558374,0.000266904
clsvof,0.558471,0.000263074
clsvof,0.558569,0.000259243
clsvof,0.558666,0.000255415
clsvof,0.558764,0.000251587
clsvof,0.558861,0.000247763
clsvof,0.558959,0.000243943
clsvof,0.559056,0.000240128
clsvof,0.559154,0.000236321
clsvof,0.559251,0.000232522
clsvof,0.559348,0.000228729
clsvof,0.559446,0.000224948
clsvof,0.559543,0.000221173
clsvof,0.559641,0.00021741
clsvof,0.559738,0.000213652
clsvof,0.559836,0.000209898
clsvof,0.559933,0.000206152
clsvof,0.560031,0.000202416
clsvof,0.560128,0.000198688
clsvof,0.560225,0.000194969
clsvof,0.560323,0.000191258
clsvof,0.56042,0.000187559
clsvof,0.560518,0.000183874
clsvof,0.560615,0.000180209
clsvof,0.560713,0.000176566
clsvof,0.56081,0.000172942
clsvof,0.560908,0.000169341
clsvof,0.561005,0.000165764
clsvof,0.561102,0.000162214
clsvof,0.5612,0.000158688
clsvof,0.561297,0.000155188
clsvof,0.561395,0.000151715
clsvof,0.561492,0.000148267
clsvof,0.56159,0.000144844
clsvof,0.561687,0.000141445
clsvof,0.561785,0.000138072
clsvof,0.561882,0.000134725
clsvof,0.56198,0.000131405
clsvof,0.562077,0.000128116
clsvof,0.562174,0.000124855
clsvof,0.562272,0.000121623
clsvof,0.562369,0.00011842
clsvof,0.562467,0.000115248
clsvof,0.562564,0.000112106
clsvof,0.562662,0.000108994
clsvof,0.562759,0.000105914
clsvof,0.562857,0.000102867
clsvof,0.562954,9.98536e-05
clsvof,0.563051,9.68754e-05
clsvof,0.563149,9.39355e-05
clsvof,0.563246,9.10323e-05
clsvof,0.563344,8.81693e-05
clsvof,0.563441,8.53478e-05
clsvof,0.563539,8.2569e-05
clsvof,0.563636,7.98342e-05
clsvof,0.563734,7.71442e-05
clsvof,0.563831,7.44993e-05
clsvof,0.563928,7.18995e-05
clsvof,0.564026,6.93446e-05
clsvof,0.564123,6.68339e-05
clsvof,0.564221,6.43673e-05
clsvof,0.564318,6.19436e-05
clsvof,0.564416,5.95625e-05
clsvof,0.564513,5.72235e-05
clsvof,0.564611,5.49266e-05
clsvof,0.564708,5.26722e-05
clsvof,0.564805,5.04607e-05
clsvof,0.564903,4.82929e-05
clsvof,0.565,4.61701e-05
clsvof,0.565098,4.40932e-05
clsvof,0.565195,4.20636e-05
clsvof,0.565293,4.00825e-05
clsvof,0.56539,3.81513e-05
clsvof,0.565488,3.62711e-05
clsvof,0.565585,3.44425e-05
clsvof,0.565682,3.26655e-05
clsvof,0.56578,3.0943e-05
clsvof,0.565877,2.92745e-05
clsvof,0.565975,2.76593e-05
clsvof,0.566072,2.60972e-05
clsvof,0.56617,2.45883e-05
clsvof,0.566267,2.31327e-05
clsvof,0.566365,2.17306e-05
clsvof,0.566462,2.03819e-05
clsvof,0.566559,1.90868e-05
clsvof,0.566657,1.78455e-05
clsvof,0.566754,1.66586e-05
clsvof,0.566852,1.55258e-05
clsvof,0.566949,1.44476e-05
clsvof,0.567047,1.34241e-05
clsvof,0.567144,1.24553e-05
clsvof,0.567242,1.15411e-05
clsvof,0.567339,1.06814e-05
clsvof,0.567437,9.87639e-06
clsvof,0.567534,9.12612e-06
clsvof,0.567631,8.43077e-06
clsvof,0.567729,7.78988e-06
clsvof,0.567826,7.20377e-06
clsvof,0.567924,6.6729e-06
clsvof,0.568021,6.19841e-06
clsvof,0.568119,5.78078e-06
clsvof,0.568216,5.42065e-06
clsvof,0.568314,5.11811e-06
clsvof,0.568411,4.8736e-06
clsvof,0.568508,4.68726e-06
clsvof,0.568606,4.55918e-06
clsvof,0.568703,4.48917e-06
clsvof,0.568801,4.47726e-06
clsvof,0.568898,4.52317e-06
clsvof,0.568996,4.62688e-06
clsvof,0.569093,4.78815e-06
clsvof,0.569191,5.00702e-06
clsvof,0.569288,5.28335e-06
clsvof,0.569385,5.61738e-06
clsvof,0.569483,6.00911e-06
clsvof,0.56958,6.45867e-06
clsvof,0.569678,6.96601e-06
clsvof,0.569775,7.53119e-06
clsvof,0.569873,8.15372e-06
clsvof,0.56997,8.83335e-06
clsvof,0.570068,9.56928e-06
clsvof,0.570165,1.0361e-05
clsvof,0.570262,1.12077e-05
clsvof,0.57036,1.21088e-05
clsvof,0.570457,1.3064e-05
clsvof,0.570555,1.4073e-05
clsvof,0.570652,1.5136e-05
clsvof,0.57075,1.62522e-05
clsvof,0.570847,1.7421e-05
clsvof,0.570945,1.86431e-05
clsvof,0.571042,1.99189e-05
clsvof,0.571139,2.12495e-05
clsvof,0.571237,2.26353e-05
clsvof,0.571334,2.40766e-05
clsvof,0.571432,2.55734e-05
clsvof,0.571529,2.7126e-05
clsvof,0.571627,2.8735e-05
clsvof,0.571724,3.03985e-05
clsvof,0.571822,3.21169e-05
clsvof,0.571919,3.3885e-05
clsvof,0.572017,3.57098e-05
clsvof,0.572114,3.7583e-05
clsvof,0.572211,3.95112e-05
clsvof,0.572309,4.14848e-05
clsvof,0.572406,4.35114e-05
clsvof,0.572504,4.55808e-05
clsvof,0.572601,4.77013e-05
clsvof,0.572699,4.98619e-05
clsvof,0.572796,5.20658e-05
clsvof,0.572894,5.43154e-05
clsvof,0.572991,5.66091e-05
clsvof,0.573088,5.89439e-05
clsvof,0.573186,6.13223e-05
clsvof,0.573283,6.37438e-05
clsvof,0.573381,6.62086e-05
clsvof,0.573478,6.87165e-05
clsvof,0.573576,7.12678e-05
clsvof,0.573673,7.38621e-05
clsvof,0.573771,7.64998e-05
clsvof,0.573868,7.91802e-05
clsvof,0.573965,8.19034e-05
clsvof,0.574063,8.46686e-05
clsvof,0.57416,8.74756e-05
clsvof,0.574258,9.03235e-05
clsvof,0.574355,9.32118e-05
clsvof,0.574453,9.61391e-05
clsvof,0.57455,9.91044e-05
clsvof,0.574648,0.000102107
clsvof,0.574745,0.000105144
clsvof,0.574842,0.000108216
clsvof,0.57494,0.00011132
clsvof,0.575037,0.000114455
clsvof,0.575135,0.00011762
clsvof,0.575232,0.000120815
clsvof,0.57533,0.000124038
clsvof,0.575427,0.000127289
clsvof,0.575525,0.000130567
clsvof,0.575622,0.000133873
clsvof,0.575719,0.000137206
clsvof,0.575817,0.000140566
clsvof,0.575914,0.000143953
clsvof,0.576012,0.000147366
clsvof,0.576109,0.000150807
clsvof,0.576207,0.000154273
clsvof,0.576304,0.000157766
clsvof,0.576402,0.000161279
clsvof,0.576499,0.000164816
clsvof,0.576597,0.000168378
clsvof,0.576694,0.000171962
clsvof,0.576791,0.000175566
clsvof,0.576889,0.00017919
clsvof,0.576986,0.000182832
clsvof,0.577084,0.000186492
clsvof,0.577181,0.000190168
clsvof,0.577279,0.000193862
clsvof,0.577376,0.00019757
clsvof,0.577474,0.000201291
clsvof,0.577571,0.000205016
clsvof,0.577668,0.000208748
clsvof,0.577766,0.00021249
clsvof,0.577863,0.000216243
clsvof,0.577961,0.000220001
clsvof,0.578058,0.000223771
clsvof,0.578156,0.000227548
clsvof,0.578253,0.000231333
clsvof,0.578351,0.000235116
clsvof,0.578448,0.000238905
clsvof,0.578545,0.000242696
clsvof,0.578643,0.000246489
clsvof,0.57874,0.000250286
clsvof,0.578838,0.000254087
clsvof,0.578935,0.00025789
clsvof,0.579033,0.000261694
clsvof,0.57913,0.000265498
clsvof,0.579228,0.000269301
clsvof,0.579325,0.000273102
clsvof,0.579422,0.000276897
clsvof,0.57952,0.000280689
clsvof,0.579617,0.000284478
clsvof,0.579715,0.000288259
clsvof,0.579812,0.00029203
clsvof,0.57991,0.000295786
clsvof,0.580007,0.00029953
clsvof,0.580105,0.000303258
clsvof,0.580202,0.000306974
clsvof,0.580299,0.00031068
clsvof,0.580397,0.000314373
clsvof,0.580494,0.00031805
clsvof,0.580592,0.000321712
clsvof,0.580689,0.000325356
clsvof,0.580787,0.000328984
clsvof,0.580884,0.000332595
clsvof,0.580982,0.000336187
clsvof,0.581079,0.000339758
clsvof,0.581177,0.000343309
clsvof,0.581274,0.000346838
clsvof,0.581371,0.000350347
clsvof,0.581469,0.000353829
clsvof,0.581566,0.000357289
clsvof,0.581664,0.000360729
clsvof,0.581761,0.00036415
clsvof,0.581859,0.000367554
clsvof,0.581956,0.000370938
clsvof,0.582054,0.000374298
clsvof,0.582151,0.000377633
clsvof,0.582248,0.000380942
clsvof,0.582346,0.000384227
clsvof,0.582443,0.000387486
clsvof,0.582541,0.000390713
clsvof,0.582638,0.000393905
clsvof,0.582736,0.000397066
clsvof,0.582833,0.000400194
clsvof,0.582931,0.000403277
clsvof,0.583028,0.000406328
clsvof,0.583125,0.000409343
clsvof,0.583223,0.000412322
clsvof,0.58332,0.000415265
clsvof,0.583418,0.000418167
clsvof,0.583515,0.000421032
clsvof,0.583613,0.000423861
clsvof,0.58371,0.000426655
clsvof,0.583808,0.000429411
clsvof,0.583905,0.000432131
clsvof,0.584002,0.000434812
clsvof,0.5841,0.000437454
clsvof,0.584197,0.000440061
clsvof,0.584295,0.000442699
clsvof,0.584392,0.00044523
clsvof,0.58449,0.000447724
clsvof,0.584587,0.000450183
clsvof,0.584685,0.000452606
clsvof,0.584782,0.000454984
clsvof,0.584879,0.000457319
clsvof,0.584977,0.000459608
clsvof,0.585074,0.000461853
clsvof,0.585172,0.000464052
clsvof,0.585269,0.000466205
clsvof,0.585367,0.000468307
clsvof,0.585464,0.000470356
clsvof,0.585562,0.000472349
clsvof,0.585659,0.000474286
clsvof,0.585756,0.000476168
clsvof,0.585854,0.000477994
clsvof,0.585951,0.000479768
clsvof,0.586049,0.000481485
clsvof,0.586146,0.000483151
clsvof,0.586244,0.000484759
clsvof,0.586341,0.000486315
clsvof,0.586439,0.000487816
clsvof,0.586536,0.000489266
clsvof,0.586634,0.000490667
clsvof,0.586731,0.000492019
clsvof,0.586828,0.000493324
clsvof,0.586926,0.000494582
clsvof,0.587023,0.000495791
clsvof,0.587121,0.000496951
clsvof,0.587218,0.000498058
clsvof,0.587316,0.000499116
clsvof,0.587413,0.000500122
clsvof,0.587511,0.00050107
clsvof,0.587608,0.000501957
clsvof,0.587705,0.000502783
clsvof,0.587803,0.00050355
clsvof,0.5879,0.000504262
clsvof,0.587998,0.000504915
clsvof,0.588095,0.00050551
clsvof,0.588193,0.000506046
clsvof,0.58829,0.000506525
clsvof,0.588388,0.000506947
clsvof,0.588485,0.000507309
clsvof,0.588582,0.000507615
clsvof,0.58868,0.000507868
clsvof,0.588777,0.000508076
clsvof,0.588875,0.000508218
clsvof,0.588972,0.000508302
clsvof,0.58907,0.00050833
clsvof,0.589167,0.000508302
clsvof,0.589265,0.000508219
clsvof,0.589362,0.00050808
clsvof,0.589459,0.000507882
clsvof,0.589557,0.000507632
clsvof,0.589654,0.000507327
clsvof,0.589752,0.000506965
clsvof,0.589849,0.000506548
clsvof,0.589947,0.000506077
clsvof,0.590044,0.000505547
clsvof,0.590142,0.00050496
clsvof,0.590239,0.000504313
clsvof,0.590336,0.000503597
clsvof,0.590434,0.00050282
clsvof,0.590531,0.000501987
clsvof,0.590629,0.000501099
clsvof,0.590726,0.000500154
clsvof,0.590824,0.000499153
clsvof,0.590921,0.000498095
clsvof,0.591019,0.000496981
clsvof,0.591116,0.00049581
clsvof,0.591214,0.000494582
clsvof,0.591311,0.0004933
clsvof,0.591408,0.000491969
clsvof,0.591506,0.000490587
clsvof,0.591603,0.000489153
clsvof,0.591701,0.000487664
clsvof,0.591798,0.00048612
clsvof,0.591896,0.000484522
clsvof,0.591993,0.000482878
clsvof,0.592091,0.000481174
clsvof,0.592188,0.000479423
clsvof,0.592285,0.000477626
clsvof,0.592383,0.000475782
clsvof,0.59248,0.000473892
clsvof,0.592578,0.000471953
clsvof,0.592675,0.000469967
clsvof,0.592773,0.000467932
clsvof,0.59287,0.00046585
clsvof,0.592968,0.000463718
clsvof,0.593065,0.000461537
clsvof,0.593162,0.000459305
clsvof,0.59326,0.000457022
clsvof,0.593357,0.00045469
clsvof,0.593455,0.000452311
clsvof,0.593552,0.000449889
clsvof,0.59365,0.000447421
clsvof,0.593747,0.000444915
clsvof,0.593845,0.00044237
clsvof,0.593942,0.000439788
clsvof,0.594039,0.000437166
clsvof,0.594137,0.000434503
clsvof,0.594234,0.0004318
clsvof,0.594332,0.000429057
clsvof,0.594429,0.000426276
clsvof,0.594527,0.000423455
clsvof,0.594624,0.000420596
clsvof,0.594722,0.000417697
clsvof,0.594819,0.000414759
clsvof,0.594916,0.00041178
clsvof,0.595014,0.000408765
clsvof,0.595111,0.000405715
clsvof,0.595209,0.000402633
clsvof,0.595306,0.00039952
clsvof,0.595404,0.000396375
clsvof,0.595501,0.000393203
clsvof,0.595599,0.000390004
clsvof,0.595696,0.000386771
clsvof,0.595794,0.000383503
clsvof,0.595891,0.0003802
clsvof,0.595988,0.000376864
clsvof,0.596086,0.000373494
clsvof,0.596183,0.000370091
clsvof,0.596281,0.00036666
clsvof,0.596378,0.000363203
clsvof,0.596476,0.000359722
clsvof,0.596573,0.000356218
clsvof,0.596671,0.000352694
clsvof,0.596768,0.000349152
clsvof,0.596865,0.000345595
clsvof,0.596963,0.000342022
clsvof,0.59706,0.000338429
clsvof,0.597158,0.000334827
clsvof,0.597255,0.000331214
clsvof,0.597353,0.000327588
clsvof,0.59745,0.000323951
clsvof,0.597548,0.000320302
clsvof,0.597645,0.000316639
clsvof,0.597742,0.000312961
clsvof,0.59784,0.000309268
clsvof,0.597937,0.000305562
clsvof,0.598035,0.000301843
clsvof,0.598132,0.000298111
clsvof,0.59823,0.000294366
clsvof,0.598327,0.000290608
clsvof,0.598425,0.000286842
clsvof,0.598522,0.000283071
clsvof,0.598619,0.00027929
clsvof,0.598717,0.000275506
clsvof,0.598814,0.000271718
clsvof,0.598912,0.000267923
clsvof,0.599009,0.000264119
clsvof,0.599107,0.000260311
clsvof,0.599204,0.000256502
clsvof,0.599302,0.000252696
clsvof,0.599399,0.000248893
clsvof,0.599496,0.000245093
clsvof,0.599594,0.000241299
clsvof,0.599691,0.00023751
clsvof,0.599789,0.000233728
clsvof,0.599886,0.000229955
clsvof,0.599984,0.00022619
clsvof,0.600081,0.000222435
clsvof,0.600179,0.000218689
clsvof,0.600276,0.00021495
clsvof,0.600374,0.000211233
clsvof,0.600471,0.000207506
clsvof,0.600568,0.000203784
clsvof,0.600666,0.000200072
clsvof,0.600763,0.000196363
clsvof,0.600861,0.000192666
clsvof,0.600958,0.000188978
clsvof,0.601056,0.000185303
clsvof,0.601153,0.000181647
clsvof,0.601251,0.00017801
clsvof,0.601348,0.000174394
clsvof,0.601445,0.000170799
clsvof,0.601543,0.000167227
clsvof,0.60164,0.000163678
clsvof,0.601738,0.000160156
clsvof,0.601835,0.000156661
clsvof,0.601933,0.000153191
clsvof,0.60203,0.000149747
clsvof,0.602128,0.000146327
clsvof,0.602225,0.000142962
clsvof,0.602322,0.000139592
clsvof,0.60242,0.000136248
clsvof,0.602517,0.000132933
clsvof,0.602615,0.000129649
clsvof,0.602712,0.000126393
clsvof,0.60281,0.000123166
clsvof,0.602907,0.000119967
clsvof,0.603005,0.000116797
clsvof,0.603102,0.000113657
clsvof,0.603199,0.000110547
clsvof,0.603297,0.000107467
clsvof,0.603394,0.000104418
clsvof,0.603492,0.000101401
clsvof,0.603589,9.84155e-05
clsvof,0.603687,9.54641e-05
clsvof,0.603784,9.25483e-05
clsvof,0.603882,8.96699e-05
clsvof,0.603979,8.68308e-05
clsvof,0.604076,8.40328e-05
clsvof,0.604174,8.12773e-05
clsvof,0.604271,7.85662e-05
clsvof,0.604369,7.58966e-05
clsvof,0.604466,7.32834e-05
clsvof,0.604564,7.07069e-05
clsvof,0.604661,6.81759e-05
clsvof,0.604759,6.56891e-05
clsvof,0.604856,6.32459e-05
clsvof,0.604953,6.0846e-05
clsvof,0.605051,5.84888e-05
clsvof,0.605148,5.61734e-05
clsvof,0.605246,5.39002e-05
clsvof,0.605343,5.16692e-05
clsvof,0.605441,4.94817e-05
clsvof,0.605538,4.73378e-05
clsvof,0.605636,4.52399e-05
clsvof,0.605733,4.31883e-05
clsvof,0.605831,4.11848e-05
clsvof,0.605928,3.923e-05
clsvof,0.606025,3.73248e-05
clsvof,0.606123,3.54698e-05
clsvof,0.60622,3.36656e-05
clsvof,0.606318,3.19124e-05
clsvof,0.606415,3.02107e-05
clsvof,0.606513,2.85606e-05
clsvof,0.60661,2.69625e-05
clsvof,0.606708,2.54167e-05
clsvof,0.606805,2.39237e-05
clsvof,0.606902,2.24841e-05
clsvof,0.607,2.10978e-05
clsvof,0.607097,1.97666e-05
clsvof,0.607195,1.84885e-05
clsvof,0.607292,1.72667e-05
clsvof,0.60739,1.61003e-05
clsvof,0.607487,1.49894e-05
clsvof,0.607585,1.39342e-05
clsvof,0.607682,1.29331e-05
clsvof,0.607779,1.19866e-05
clsvof,0.607877,1.10945e-05
clsvof,0.607974,1.02597e-05
clsvof,0.608072,9.47787e-06
clsvof,0.608169,8.74719e-06
clsvof,0.608267,8.07096e-06
clsvof,0.608364,7.44841e-06
clsvof,0.608462,6.88016e-06
clsvof,0.608559,6.36656e-06
clsvof,0.608656,5.90766e-06
clsvof,0.608754,5.50388e-06
clsvof,0.608851,5.16011e-06
clsvof,0.608949,4.87553e-06
clsvof,0.609046,4.64647e-06
clsvof,0.609144,4.47348e-06
clsvof,0.609241,4.35525e-06
clsvof,0.609339,4.29666e-06
clsvof,0.609436,4.29358e-06
clsvof,0.609533,4.34283e-06
clsvof,0.609631,4.44973e-06
clsvof,0.609728,4.62008e-06
clsvof,0.609826,4.84317e-06
clsvof,0.609923,5.12927e-06
clsvof,0.610021,5.46743e-06
clsvof,0.610118,5.86912e-06
clsvof,0.610216,6.32296e-06
clsvof,0.610313,6.83988e-06
clsvof,0.610411,7.40925e-06
clsvof,0.610508,8.04358e-06
clsvof,0.610605,8.72981e-06
clsvof,0.610703,9.47983e-06
clsvof,0.6108,1.02805e-05
clsvof,0.610898,1.11447e-05
clsvof,0.610995,1.20576e-05
clsvof,0.611093,1.30323e-05
clsvof,0.61119,1.40535e-05
clsvof,0.611288,1.5136e-05
clsvof,0.611385,1.62631e-05
clsvof,0.611482,1.74417e-05
clsvof,0.61158,1.86732e-05
clsvof,0.611677,1.99571e-05
clsvof,0.611775,2.12939e-05
clsvof,0.611872,2.26837e-05
clsvof,0.61197,2.41271e-05
clsvof,0.612067,2.56244e-05
clsvof,0.612165,2.71733e-05
clsvof,0.612262,2.87755e-05
clsvof,0.612359,3.04312e-05
clsvof,0.612457,3.21396e-05
clsvof,0.612554,3.39001e-05
clsvof,0.612652,3.57121e-05
clsvof,0.612749,3.75754e-05
clsvof,0.612847,3.94855e-05
clsvof,0.612944,4.14487e-05
clsvof,0.613042,4.34616e-05
clsvof,0.613139,4.55219e-05
clsvof,0.613236,4.76292e-05
clsvof,0.613334,4.97827e-05
clsvof,0.613431,5.19815e-05
clsvof,0.613529,5.42248e-05
clsvof,0.613626,5.65119e-05
clsvof,0.613724,5.88422e-05
clsvof,0.613821,6.12149e-05
clsvof,0.613919,6.36294e-05
clsvof,0.614016,6.60853e-05
clsvof,0.614113,6.85824e-05
clsvof,0.614211,7.11203e-05
clsvof,0.614308,7.3699e-05
clsvof,0.614406,7.6319e-05
clsvof,0.614503,7.89799e-05
clsvof,0.614601,8.16823e-05
clsvof,0.614698,8.44258e-05
clsvof,0.614796,8.72107e-05
clsvof,0.614893,9.00358e-05
clsvof,0.614991,9.29011e-05
clsvof,0.615088,9.58052e-05
clsvof,0.615185,9.87475e-05
clsvof,0.615283,0.000101726
clsvof,0.61538,0.000104741
clsvof,0.615478,0.000107789
clsvof,0.615575,0.00011087
clsvof,0.615673,0.000113983
clsvof,0.61577,0.000117103
clsvof,0.615868,0.000120274
clsvof,0.615965,0.000123474
clsvof,0.616062,0.000126701
clsvof,0.61616,0.000129956
clsvof,0.616257,0.000133237
clsvof,0.616355,0.000136544
clsvof,0.616452,0.000139876
clsvof,0.61655,0.000143234
clsvof,0.616647,0.000146618
clsvof,0.616745,0.000150026
clsvof,0.616842,0.000153457
clsvof,0.616939,0.000156914
clsvof,0.617037,0.00016039
clsvof,0.617134,0.000163888
clsvof,0.617232,0.00016741
clsvof,0.617329,0.000170955
clsvof,0.617427,0.000174516
clsvof,0.617524,0.000178098
clsvof,0.617622,0.000181698
clsvof,0.617719,0.000185314
clsvof,0.617816,0.000188949
clsvof,0.617914,0.000192601
clsvof,0.618011,0.000196266
clsvof,0.618109,0.000199938
clsvof,0.618206,0.000203621
clsvof,0.618304,0.000207315
clsvof,0.618401,0.000211017
clsvof,0.618499,0.000214728
clsvof,0.618596,0.000218447
clsvof,0.618693,0.000222174
clsvof,0.618791,0.000225907
clsvof,0.618888,0.000229646
clsvof,0.618986,0.000233381
clsvof,0.619083,0.000237119
clsvof,0.619181,0.000240865
clsvof,0.619278,0.000244616
clsvof,0.619376,0.000248374
clsvof,0.619473,0.000252135
clsvof,0.619571,0.000255899
clsvof,0.619668,0.000259664
clsvof,0.619765,0.000263429
clsvof,0.619863,0.000267192
clsvof,0.61996,0.000270953
clsvof,0.620058,0.000274709
clsvof,0.620155,0.000278464
clsvof,0.620253,0.000282218
clsvof,0.62035,0.000285967
clsvof,0.620448,0.000289705
clsvof,0.620545,0.000293428
clsvof,0.620642,0.000297142
clsvof,0.62074,0.000300848
clsvof,0.620837,0.000304544
clsvof,0.620935,0.000308229
clsvof,0.621032,0.000311904
clsvof,0.62113,0.000315565
clsvof,0.621227,0.000319213
clsvof,0.621325,0.000322845
clsvof,0.621422,0.000326459
clsvof,0.621519,0.000330054
clsvof,0.621617,0.000333628
clsvof,0.621714,0.000337181
clsvof,0.621812,0.000340712
clsvof,0.621909,0.000344219
clsvof,0.622007,0.000347705
clsvof,0.622104,0.000351168
clsvof,0.622202,0.000354609
clsvof,0.622299,0.000358028
clsvof,0.622396,0.000361424
clsvof,0.622494,0.000364796
clsvof,0.622591,0.000368148
clsvof,0.622689,0.00037148
clsvof,0.622786,0.000374789
clsvof,0.622884,0.000378063
clsvof,0.622981,0.000381313
clsvof,0.623079,0.000384539
clsvof,0.623176,0.000387736
clsvof,0.623273,0.000390895
clsvof,0.623371,0.000394012
clsvof,0.623468,0.000397093
clsvof,0.623566,0.000400141
clsvof,0.623663,0.00040316
clsvof,0.623761,0.000406146
clsvof,0.623858,0.000409098
clsvof,0.623956,0.000412013
clsvof,0.624053,0.000414891
clsvof,0.62415,0.000417733
clsvof,0.624248,0.000420539
clsvof,0.624345,0.000423308
clsvof,0.624443,0.00042604
clsvof,0.62454,0.000428732
clsvof,0.624638,0.000431398
clsvof,0.624735,0.000434009
clsvof,0.624833,0.000436582
clsvof,0.62493,0.000439119
clsvof,0.625028,0.000441622
clsvof,0.625125,0.00044409
clsvof,0.625222,0.000446518
clsvof,0.62532,0.000448904
clsvof,0.625417,0.000451247
clsvof,0.625515,0.000453544
clsvof,0.625612,0.000455799
clsvof,0.62571,0.00045801
clsvof,0.625807,0.000460175
clsvof,0.625905,0.000462291
clsvof,0.626002,0.000464358
clsvof,0.626099,0.000466472
clsvof,0.626197,0.00046834
clsvof,0.626294,0.000470254
clsvof,0.626392,0.000472113
clsvof,0.626489,0.00047392
clsvof,0.626587,0.000475676
clsvof,0.626684,0.000477379
clsvof,0.626782,0.000479032
clsvof,0.626879,0.000480631
clsvof,0.626976,0.000482178
clsvof,0.627074,0.000483675
clsvof,0.627171,0.000485116
clsvof,0.627269,0.000486509
clsvof,0.627366,0.00048785
clsvof,0.627464,0.000489145
clsvof,0.627561,0.000490394
clsvof,0.627659,0.000491597
clsvof,0.627756,0.000492747
clsvof,0.627853,0.000493846
clsvof,0.627951,0.000494893
clsvof,0.628048,0.000495884
clsvof,0.628146,0.000496818
clsvof,0.628243,0.000497693
clsvof,0.628341,0.00049851
clsvof,0.628438,0.00049927
clsvof,0.628536,0.000499967
clsvof,0.628633,0.000500605
clsvof,0.62873,0.000501188
clsvof,0.628828,0.000501714
clsvof,0.628925,0.000502181
clsvof,0.629023,0.000502589
clsvof,0.62912,0.000502937
clsvof,0.629218,0.000503228
clsvof,0.629315,0.000503462
clsvof,0.629413,0.00050364
clsvof,0.62951,0.000503757
clsvof,0.629608,0.000503811
clsvof,0.629705,0.000503805
clsvof,0.629802,0.000503742
clsvof,0.6299,0.000503615
clsvof,0.629997,0.000503428
clsvof,0.630095,0.000503184
clsvof,0.630192,0.00050289
clsvof,0.63029,0.000502544
clsvof,0.630387,0.000502145
clsvof,0.630485,0.00050169
clsvof,0.630582,0.000501178
clsvof,0.630679,0.000500606
clsvof,0.630777,0.000499977
clsvof,0.630874,0.000499284
clsvof,0.630972,0.000498528
clsvof,0.631069,0.000497712
clsvof,0.631167,0.00049684
clsvof,0.631264,0.000495915
clsvof,0.631362,0.000494937
clsvof,0.631459,0.000493906
clsvof,0.631556,0.000492819
clsvof,0.631654,0.000491676
clsvof,0.631751,0.000490475
clsvof,0.631849,0.000489219
clsvof,0.631946,0.000487913
clsvof,0.632044,0.000486557
clsvof,0.632141,0.000485151
clsvof,0.632239,0.000483694
clsvof,0.632336,0.000482187
clsvof,0.632433,0.000480628
clsvof,0.632531,0.000479018
clsvof,0.632628,0.000477358
clsvof,0.632726,0.000475645
clsvof,0.632823,0.000473884
clsvof,0.632921,0.000472079
clsvof,0.633018,0.000470229
clsvof,0.633116,0.000468336
clsvof,0.633213,0.0004664
clsvof,0.63331,0.000464417
clsvof,0.633408,0.000462388
clsvof,0.633505,0.000460309
clsvof,0.633603,0.000458183
clsvof,0.6337,0.000456005
clsvof,0.633798,0.000453777
clsvof,0.633895,0.000451499
clsvof,0.633993,0.000449175
clsvof,0.63409,0.000446808
clsvof,0.634188,0.000444401
clsvof,0.634285,0.00044195
clsvof,0.634382,0.000439457
clsvof,0.63448,0.000436926
clsvof,0.634577,0.000434358
clsvof,0.634675,0.000431749
clsvof,0.634772,0.0004291
clsvof,0.63487,0.000426414
clsvof,0.634967,0.000423688
clsvof,0.635065,0.000420925
clsvof,0.635162,0.000418122
clsvof,0.635259,0.000415287
clsvof,0.635357,0.000412416
clsvof,0.635454,0.000409508
clsvof,0.635552,0.000406562
clsvof,0.635649,0.00040358
clsvof,0.635747,0.000400565
clsvof,0.635844,0.000397516
clsvof,0.635942,0.000394436
clsvof,0.636039,0.000391326
clsvof,0.636136,0.000388185
clsvof,0.636234,0.00038502
clsvof,0.636331,0.000381827
clsvof,0.636429,0.000378599
clsvof,0.636526,0.000375334
clsvof,0.636624,0.000372033
clsvof,0.636721,0.000368698
clsvof,0.636819,0.000365335
clsvof,0.636916,0.000361945
clsvof,0.637013,0.000358528
clsvof,0.637111,0.000355085
clsvof,0.637208,0.000351622
clsvof,0.637306,0.000348139
clsvof,0.637403,0.000344641
clsvof,0.637501,0.000341128
clsvof,0.637598,0.0003376
clsvof,0.637696,0.000334053
clsvof,0.637793,0.00033049
clsvof,0.63789,0.000326912
clsvof,0.637988,0.000323321
clsvof,0.638085,0.000319721
clsvof,0.638183,0.000316109
clsvof,0.63828,0.000312487
clsvof,0.638378,0.000308852
clsvof,0.638475,0.000305203
clsvof,0.638573,0.000301538
clsvof,0.63867,0.000297861
clsvof,0.638768,0.000294167
clsvof,0.638865,0.000290468
clsvof,0.638962,0.00028676
clsvof,0.63906,0.000283043
clsvof,0.639157,0.000279314
clsvof,0.639255,0.000275582
clsvof,0.639352,0.000271849
clsvof,0.63945,0.000268106
clsvof,0.639547,0.000264355
clsvof,0.639645,0.0002606
clsvof,0.639742,0.000256846
clsvof,0.639839,0.000253094
clsvof,0.639937,0.000249344
clsvof,0.640034,0.000245644
clsvof,0.640132,0.000241902
clsvof,0.640229,0.000238165
clsvof,0.640327,0.000234436
clsvof,0.640424,0.000230715
clsvof,0.640522,0.000227003
clsvof,0.640619,0.0002233
clsvof,0.640716,0.000219607
clsvof,0.640814,0.000215922
clsvof,0.640911,0.000212246
clsvof,0.641009,0.000208575
clsvof,0.641106,0.000204914
clsvof,0.641204,0.000201255
clsvof,0.641301,0.000197608
clsvof,0.641399,0.000193966
clsvof,0.641496,0.000190332
clsvof,0.641593,0.000186712
clsvof,0.641691,0.000183106
clsvof,0.641788,0.000179513
clsvof,0.641886,0.000175935
clsvof,0.641983,0.000172374
clsvof,0.642081,0.000168834
clsvof,0.642178,0.000165317
clsvof,0.642276,0.000161825
clsvof,0.642373,0.000158358
clsvof,0.64247,0.000154913
clsvof,0.642568,0.000151491
clsvof,0.642665,0.000148091
clsvof,0.642763,0.000144715
clsvof,0.64286,0.000141364
clsvof,0.642958,0.000138037
clsvof,0.643055,0.000134735
clsvof,0.643153,0.000131461
clsvof,0.64325,0.000128215
clsvof,0.643347,0.000124997
clsvof,0.643445,0.000121806
clsvof,0.643542,0.000118643
clsvof,0.64364,0.000115508
clsvof,0.643737,0.000112402
clsvof,0.643835,0.000109324
clsvof,0.643932,0.000106275
clsvof,0.64403,0.000103255
clsvof,0.644127,0.000100267
clsvof,0.644225,9.73093e-05
clsvof,0.644322,9.43851e-05
clsvof,0.644419,9.15107e-05
clsvof,0.644517,8.86574e-05
clsvof,0.644614,8.58451e-05
clsvof,0.644712,8.30741e-05
clsvof,0.644809,8.03461e-05
clsvof,0.644907,7.76617e-05
clsvof,0.645004,7.50219e-05
clsvof,0.645102,7.24265e-05
clsvof,0.645199,6.98755e-05
clsvof,0.645296,6.73681e-05
clsvof,0.645394,6.49042e-05
clsvof,0.645491,6.24829e-05
clsvof,0.645589,6.01036e-05
clsvof,0.645686,5.77659e-05
clsvof,0.645784,5.54704e-05
clsvof,0.645881,5.32168e-05
clsvof,0.645979,5.10059e-05
clsvof,0.646076,4.88381e-05
clsvof,0.646173,4.67148e-05
clsvof,0.646271,4.4636e-05
clsvof,0.646368,4.26038e-05
clsvof,0.646466,4.06174e-05
clsvof,0.646563,3.86774e-05
clsvof,0.646661,3.67878e-05
clsvof,0.646758,3.49489e-05
clsvof,0.646856,3.31609e-05
clsvof,0.646953,3.14246e-05
clsvof,0.64705,2.97405e-05
clsvof,0.647148,2.81084e-05
clsvof,0.647245,2.65288e-05
clsvof,0.647343,2.50016e-05
clsvof,0.64744,2.35275e-05
clsvof,0.647538,2.21067e-05
clsvof,0.647635,2.07395e-05
clsvof,0.647733,1.94265e-05
clsvof,0.64783,1.81682e-05
clsvof,0.647927,1.69645e-05
clsvof,0.648025,1.5816e-05
clsvof,0.648122,1.47221e-05
clsvof,0.64822,1.36831e-05
clsvof,0.648317,1.26986e-05
clsvof,0.648415,1.17687e-05
clsvof,0.648512,1.08927e-05
clsvof,0.64861,1.00707e-05
clsvof,0.648707,9.3024e-06
clsvof,0.648805,8.58793e-06
clsvof,0.648902,7.92725e-06
clsvof,0.648999,7.32068e-06
clsvof,0.649097,6.76851e-06
clsvof,0.649194,6.27116e-06
clsvof,0.649292,5.82941e-06
clsvof,0.649389,5.44393e-06
clsvof,0.649487,5.11489e-06
clsvof,0.649584,4.84332e-06
clsvof,0.649682,4.62927e-06
clsvof,0.649779,4.47303e-06
clsvof,0.649876,4.37424e-06
clsvof,0.649974,4.33346e-06
clsvof,0.650071,4.35022e-06
clsvof,0.650169,4.42509e-06
clsvof,0.650266,4.55743e-06
clsvof,0.650364,4.74789e-06
clsvof,0.650461,4.99606e-06
clsvof,0.650559,5.30151e-06
clsvof,0.650656,5.66335e-06
clsvof,0.650753,6.08137e-06
clsvof,0.650851,6.55592e-06
clsvof,0.650948,7.08772e-06
clsvof,0.651046,7.67543e-06
clsvof,0.651143,8.31899e-06
clsvof,0.651241,9.01802e-06
clsvof,0.651338,9.77192e-06
clsvof,0.651436,1.05796e-05
clsvof,0.651533,1.14403e-05
clsvof,0.65163,1.23535e-05
clsvof,0.651728,1.33189e-05
clsvof,0.651825,1.43364e-05
clsvof,0.651923,1.54058e-05
clsvof,0.65202,1.65271e-05
clsvof,0.652118,1.7701e-05
clsvof,0.652215,1.89246e-05
clsvof,0.652313,2.02041e-05
clsvof,0.65241,2.15338e-05
clsvof,0.652507,2.29206e-05
clsvof,0.652605,2.43576e-05
clsvof,0.652702,2.58524e-05
clsvof,0.6528,2.73972e-05
clsvof,0.652897,2.89998e-05
clsvof,0.652995,3.06509e-05
clsvof,0.653092,3.23533e-05
clsvof,0.65319,3.41084e-05
clsvof,0.653287,3.59148e-05
clsvof,0.653385,3.77713e-05
clsvof,0.653482,3.96735e-05
clsvof,0.653579,4.16246e-05
clsvof,0.653677,4.36236e-05
clsvof,0.653774,4.5669e-05
clsvof,0.653872,4.776e-05
clsvof,0.653969,4.98964e-05
clsvof,0.654067,5.2077e-05
clsvof,0.654164,5.43016e-05
clsvof,0.654262,5.65691e-05
clsvof,0.654359,5.88796e-05
clsvof,0.654456,6.12321e-05
clsvof,0.654554,6.36268e-05
clsvof,0.654651,6.60629e-05
clsvof,0.654749,6.85406e-05
clsvof,0.654846,7.10596e-05
clsvof,0.654944,7.36205e-05
clsvof,0.655041,7.62228e-05
clsvof,0.655139,7.88667e-05
clsvof,0.655236,8.15521e-05
clsvof,0.655333,8.42783e-05
clsvof,0.655431,8.70452e-05
clsvof,0.655528,8.98518e-05
clsvof,0.655626,9.26974e-05
clsvof,0.655723,9.55808e-05
clsvof,0.655821,9.85013e-05
clsvof,0.655918,0.000101457
clsvof,0.656016,0.000104447
clsvof,0.656113,0.00010747
clsvof,0.65621,0.000110524
clsvof,0.656308,0.000113608
clsvof,0.656405,0.000116721
clsvof,0.656503,0.000119862
clsvof,0.6566,0.00012303
clsvof,0.656698,0.000126225
clsvof,0.656795,0.000129446
clsvof,0.656893,0.000132692
clsvof,0.65699,0.000135965
clsvof,0.657087,0.000139262
clsvof,0.657185,0.000142584
clsvof,0.657282,0.00014593
clsvof,0.65738,0.000149301
clsvof,0.657477,0.000152692
clsvof,0.657575,0.000156107
clsvof,0.657672,0.000159545
clsvof,0.65777,0.000163007
clsvof,0.657867,0.00016649
clsvof,0.657965,0.000169994
clsvof,0.658062,0.000173517
clsvof,0.658159,0.000177059
clsvof,0.658257,0.00018062
clsvof,0.658354,0.000184199
clsvof,0.658452,0.000187796
clsvof,0.658549,0.00019141
clsvof,0.658647,0.000195036
clsvof,0.658744,0.000198672
clsvof,0.658842,0.000202317
clsvof,0.658939,0.000205969
clsvof,0.659036,0.000209631
clsvof,0.659134,0.000213302
clsvof,0.659231,0.00021698
clsvof,0.659329,0.000220665
clsvof,0.659426,0.000224355
clsvof,0.659524,0.000228051
clsvof,0.659621,0.000231752
clsvof,0.659719,0.00023546
clsvof,0.659816,0.000239172
clsvof,0.659913,0.000242889
clsvof,0.660011,0.000246609
clsvof,0.660108,0.000250329
clsvof,0.660206,0.000254051
clsvof,0.660303,0.000257774
clsvof,0.660401,0.000261496
clsvof,0.660498,0.000265216
clsvof,0.660596,0.000268926
clsvof,0.660693,0.000272631
clsvof,0.66079,0.000276333
clsvof,0.660888,0.000280035
clsvof,0.660985,0.000283732
clsvof,0.661083,0.000287419
clsvof,0.66118,0.000291097
clsvof,0.661278,0.00029476
clsvof,0.661375,0.000298414
clsvof,0.661473,0.000302058
clsvof,0.66157,0.00030569
clsvof,0.661667,0.000309308
clsvof,0.661765,0.000312911
clsvof,0.661862,0.000316497
clsvof,0.66196,0.000320066
clsvof,0.662057,0.000323618
clsvof,0.662155,0.000327151
clsvof,0.662252,0.000330665
clsvof,0.66235,0.00033416
clsvof,0.662447,0.000337636
clsvof,0.662544,0.000341088
clsvof,0.662642,0.00034452
clsvof,0.662739,0.000347933
clsvof,0.662837,0.000351325
clsvof,0.662934,0.000354701
clsvof,0.663032,0.00035806
clsvof,0.663129,0.0003614
clsvof,0.663227,0.000364719
clsvof,0.663324,0.000368014
clsvof,0.663422,0.000371285
clsvof,0.663519,0.000374532
clsvof,0.663616,0.000377754
clsvof,0.663714,0.000380945
clsvof,0.663811,0.000384106
clsvof,0.663909,0.000387232
clsvof,0.664006,0.000390331
clsvof,0.664104,0.000393396
clsvof,0.664201,0.000396424
clsvof,0.664299,0.000399418
clsvof,0.664396,0.000402378
clsvof,0.664493,0.000405301
clsvof,0.664591,0.000408186
clsvof,0.664688,0.000411034
clsvof,0.664786,0.000413846
clsvof,0.664883,0.00041662
clsvof,0.664981,0.000419359
clsvof,0.665078,0.00042206
clsvof,0.665176,0.000424723
clsvof,0.665273,0.000427349
clsvof,0.66537,0.000429937
clsvof,0.665468,0.000432488
clsvof,0.665565,0.000435003
clsvof,0.665663,0.000437481
clsvof,0.66576,0.000439931
clsvof,0.665858,0.000442338
clsvof,0.665955,0.000444703
clsvof,0.666053,0.000447026
clsvof,0.66615,0.000449308
clsvof,0.666247,0.000451547
clsvof,0.666345,0.000453741
clsvof,0.666442,0.000455891
clsvof,0.66654,0.000457992
clsvof,0.666637,0.000460041
clsvof,0.666735,0.000462037
clsvof,0.666832,0.000463978
clsvof,0.66693,0.000465865
clsvof,0.667027,0.0004677
clsvof,0.667124,0.000469479
clsvof,0.667222,0.000471207
clsvof,0.667319,0.000472881
clsvof,0.667417,0.000474505
clsvof,0.667514,0.000476071
clsvof,0.667612,0.000477591
clsvof,0.667709,0.000479052
clsvof,0.667807,0.000480463
clsvof,0.667904,0.000481827
clsvof,0.668002,0.000483144
clsvof,0.668099,0.000484415
clsvof,0.668196,0.000485638
clsvof,0.668294,0.00048681
clsvof,0.668391,0.000487926
clsvof,0.668489,0.000488999
clsvof,0.668586,0.000490018
clsvof,0.668684,0.00049098
clsvof,0.668781,0.000491884
clsvof,0.668879,0.000492728
clsvof,0.668976,0.000493517
clsvof,0.669073,0.000494246
clsvof,0.669171,0.000494919
clsvof,0.669268,0.00049554
clsvof,0.669366,0.000496107
clsvof,0.669463,0.000496615
clsvof,0.669561,0.000497063
clsvof,0.669658,0.000497451
clsvof,0.669756,0.000497782
clsvof,0.669853,0.000498056
clsvof,0.66995,0.000498276
clsvof,0.670048,0.00049844
clsvof,0.670145,0.000498544
clsvof,0.670243,0.00049859
clsvof,0.67034,0.000498572
clsvof,0.670438,0.000498498
clsvof,0.670535,0.00049837
clsvof,0.670633,0.000498193
clsvof,0.67073,0.000497962
clsvof,0.670827,0.000497682
clsvof,0.670925,0.000497353
clsvof,0.671022,0.000496971
clsvof,0.67112,0.000496436
clsvof,0.671217,0.000495942
clsvof,0.671315,0.000495391
clsvof,0.671412,0.000494783
clsvof,0.67151,0.000494111
clsvof,0.671607,0.000493384
clsvof,0.671704,0.000492591
clsvof,0.671802,0.00049174
clsvof,0.671899,0.000490837
clsvof,0.671997,0.000489879
clsvof,0.672094,0.000488867
clsvof,0.672192,0.000487798
clsvof,0.672289,0.000486676
clsvof,0.672387,0.000485499
clsvof,0.672484,0.000484267
clsvof,0.672582,0.000482982
clsvof,0.672679,0.000481648
clsvof,0.672776,0.000480262
clsvof,0.672874,0.000478825
clsvof,0.672971,0.000477334
clsvof,0.673069,0.000475793
clsvof,0.673166,0.000474205
clsvof,0.673264,0.000472557
clsvof,0.673361,0.000470862
clsvof,0.673459,0.000469121
clsvof,0.673556,0.000467333
clsvof,0.673653,0.000465502
clsvof,0.673751,0.000463624
clsvof,0.673848,0.0004617
clsvof,0.673946,0.000459728
clsvof,0.674043,0.000457709
clsvof,0.674141,0.000455641
clsvof,0.674238,0.000453525
clsvof,0.674336,0.000451361
clsvof,0.674433,0.000449148
clsvof,0.67453,0.000446886
clsvof,0.674628,0.000444578
clsvof,0.674725,0.000442225
clsvof,0.674823,0.000439829
clsvof,0.67492,0.000437391
clsvof,0.675018,0.00043491
clsvof,0.675115,0.000432394
clsvof,0.675213,0.000429842
clsvof,0.67531,0.000427253
clsvof,0.675407,0.000424626
clsvof,0.675505,0.00042196
clsvof,0.675602,0.000419257
clsvof,0.6757,0.000416516
clsvof,0.675797,0.000413738
clsvof,0.675895,0.000410922
clsvof,0.675992,0.000408067
clsvof,0.67609,0.000405173
clsvof,0.676187,0.000402241
clsvof,0.676284,0.000399272
clsvof,0.676382,0.000396271
clsvof,0.676479,0.000393239
clsvof,0.676577,0.00039018
clsvof,0.676674,0.00038709
clsvof,0.676772,0.000383972
clsvof,0.676869,0.000380832
clsvof,0.676967,0.000377665
clsvof,0.677064,0.000374464
clsvof,0.677162,0.000371228
clsvof,0.677259,0.00036796
clsvof,0.677356,0.000364661
clsvof,0.677454,0.000361334
clsvof,0.677551,0.000357976
clsvof,0.677649,0.00035459
clsvof,0.677746,0.000351182
clsvof,0.677844,0.000347753
clsvof,0.677941,0.000344305
clsvof,0.678039,0.00034084
clsvof,0.678136,0.00033736
clsvof,0.678233,0.000333865
clsvof,0.678331,0.000330355
clsvof,0.678428,0.000326831
clsvof,0.678526,0.000323293
clsvof,0.678623,0.000319742
clsvof,0.678721,0.000316179
clsvof,0.678818,0.000312603
clsvof,0.678916,0.000309013
clsvof,0.679013,0.000305407
clsvof,0.67911,0.000301787
clsvof,0.679208,0.000298151
clsvof,0.679305,0.000294503
clsvof,0.679403,0.000290843
clsvof,0.6795,0.000287171
clsvof,0.679598,0.00028349
clsvof,0.679695,0.000279798
clsvof,0.679793,0.000276099
clsvof,0.67989,0.000272394
clsvof,0.679987,0.000268687
clsvof,0.680085,0.000264979
clsvof,0.680182,0.000261264
clsvof,0.68028,0.000257542
clsvof,0.680377,0.000253817
clsvof,0.680475,0.000250091
clsvof,0.680572,0.000246367
clsvof,0.68067,0.000242646
clsvof,0.680767,0.000238928
clsvof,0.680864,0.000235215
clsvof,0.680962,0.000231507
clsvof,0.681059,0.000227805
clsvof,0.681157,0.000224111
clsvof,0.681254,0.000220424
clsvof,0.681352,0.000216747
clsvof,0.681449,0.000213079
clsvof,0.681547,0.00020942
clsvof,0.681644,0.00020577
clsvof,0.681742,0.000202127
clsvof,0.681839,0.000198488
clsvof,0.681936,0.000194859
clsvof,0.682034,0.000191234
clsvof,0.682131,0.000187617
clsvof,0.682229,0.000184046
clsvof,0.682326,0.000180452
clsvof,0.682424,0.000176876
clsvof,0.682521,0.000173318
clsvof,0.682619,0.000169778
clsvof,0.682716,0.000166257
clsvof,0.682813,0.000162758
clsvof,0.682911,0.000159285
clsvof,0.683008,0.000155839
clsvof,0.683106,0.000152419
clsvof,0.683203,0.000149024
clsvof,0.683301,0.000145653
clsvof,0.683398,0.000142307
clsvof,0.683496,0.000138985
clsvof,0.683593,0.000135687
clsvof,0.68369,0.000132416
clsvof,0.683788,0.000129172
clsvof,0.683885,0.000125956
clsvof,0.683983,0.000122767
clsvof,0.68408,0.000119606
clsvof,0.684178,0.000116475
clsvof,0.684275,0.000113374
clsvof,0.684373,0.000110304
clsvof,0.68447,0.000107263
clsvof,0.684567,0.000104254
clsvof,0.684665,0.000101276
clsvof,0.684762,9.83301e-05
clsvof,0.68486,9.54163e-05
clsvof,0.684957,9.25364e-05
clsvof,0.685055,8.96915e-05
clsvof,0.685152,8.68833e-05
clsvof,0.68525,8.41132e-05
clsvof,0.685347,8.1383e-05
clsvof,0.685444,7.86942e-05
clsvof,0.685542,7.60478e-05
clsvof,0.685639,7.34551e-05
clsvof,0.685737,7.08954e-05
clsvof,0.685834,6.83813e-05
clsvof,0.685932,6.59118e-05
clsvof,0.686029,6.34862e-05
clsvof,0.686127,6.11041e-05
clsvof,0.686224,5.87645e-05
clsvof,0.686321,5.64667e-05
clsvof,0.686419,5.42103e-05
clsvof,0.686516,5.19948e-05
clsvof,0.686614,4.98209e-05
clsvof,0.686711,4.76892e-05
clsvof,0.686809,4.55999e-05
clsvof,0.686906,4.3555e-05
clsvof,0.687004,4.15552e-05
clsvof,0.687101,3.96021e-05
clsvof,0.687199,3.76972e-05
clsvof,0.687296,3.58412e-05
clsvof,0.687393,3.40351e-05
clsvof,0.687491,3.22797e-05
clsvof,0.687588,3.05751e-05
clsvof,0.687686,2.89223e-05
clsvof,0.687783,2.73212e-05
clsvof,0.687881,2.57725e-05
clsvof,0.687978,2.42762e-05
clsvof,0.688076,2.28327e-05
clsvof,0.688173,2.14425e-05
clsvof,0.68827,2.01055e-05
clsvof,0.688368,1.88228e-05
clsvof,0.688465,1.7594e-05
clsvof,0.688563,1.64195e-05
clsvof,0.68866,1.52996e-05
clsvof,0.688758,1.42341e-05
clsvof,0.688855,1.32262e-05
clsvof,0.688953,1.22691e-05
clsvof,0.68905,1.13667e-05
clsvof,0.689147,1.05175e-05
clsvof,0.689245,9.72222e-06
clsvof,0.689342,8.9797e-06
clsvof,0.68944,8.29021e-06
clsvof,0.689537,7.65364e-06
clsvof,0.689635,7.0698e-06
clsvof,0.689732,6.5396e-06
clsvof,0.68983,6.06322e-06
clsvof,0.689927,5.64108e-06
clsvof,0.690024,5.27511e-06
clsvof,0.690122,4.9646e-06
clsvof,0.690219,4.71089e-06
clsvof,0.690317,4.5141e-06
clsvof,0.690414,4.37471e-06
clsvof,0.690512,4.29265e-06
clsvof,0.690609,4.2684e-06
clsvof,0.690707,4.30154e-06
clsvof,0.690804,4.3918e-06
clsvof,0.690901,4.53909e-06
clsvof,0.690999,4.74268e-06
clsvof,0.691096,5.00294e-06
clsvof,0.691194,5.31892e-06
clsvof,0.691291,5.69102e-06
clsvof,0.691389,6.11898e-06
clsvof,0.691486,6.60302e-06
clsvof,0.691584,7.14295e-06
clsvof,0.691681,7.7387e-06
clsvof,0.691779,8.38966e-06
clsvof,0.691876,9.09551e-06
clsvof,0.691973,9.85933e-06
clsvof,0.692071,1.06724e-05
clsvof,0.692168,1.15382e-05
clsvof,0.692266,1.24567e-05
clsvof,0.692363,1.34268e-05
clsvof,0.692461,1.44487e-05
clsvof,0.692558,1.55216e-05
clsvof,0.692656,1.66457e-05
clsvof,0.692753,1.78211e-05
clsvof,0.69285,1.90481e-05
clsvof,0.692948,2.03269e-05
clsvof,0.693045,2.16579e-05
clsvof,0.693143,2.30414e-05
clsvof,0.69324,2.44767e-05
clsvof,0.693338,2.59611e-05
clsvof,0.693435,2.75013e-05
clsvof,0.693533,2.90942e-05
clsvof,0.69363,3.0739e-05
clsvof,0.693727,3.24351e-05
clsvof,0.693825,3.41822e-05
clsvof,0.693922,3.59796e-05
clsvof,0.69402,3.78261e-05
clsvof,0.694117,3.97209e-05
clsvof,0.694215,4.16628e-05
clsvof,0.694312,4.36509e-05
clsvof,0.69441,4.56842e-05
clsvof,0.694507,4.77622e-05
clsvof,0.694604,4.9884e-05
clsvof,0.694702,5.20491e-05
clsvof,0.694799,5.42568e-05
clsvof,0.694897,5.65071e-05
clsvof,0.694994,5.87991e-05
clsvof,0.695092,6.11326e-05
clsvof,0.695189,6.35075e-05
clsvof,0.695287,6.59236e-05
clsvof,0.695384,6.83809e-05
clsvof,0.695481,7.08793e-05
clsvof,0.695579,7.3419e-05
clsvof,0.695676,7.59997e-05
clsvof,0.695774,7.86217e-05
clsvof,0.695871,8.12845e-05
clsvof,0.695969,8.3988e-05
clsvof,0.696066,8.67312e-05
clsvof,0.696164,8.95142e-05
clsvof,0.696261,9.23354e-05
clsvof,0.696359,9.51929e-05
clsvof,0.696456,9.80879e-05
clsvof,0.696553,0.000101018
clsvof,0.696651,0.000103982
clsvof,0.696748,0.000106979
clsvof,0.696846,0.000110007
clsvof,0.696943,0.000113066
clsvof,0.697041,0.000116153
clsvof,0.697138,0.000119269
clsvof,0.697236,0.000122412
clsvof,0.697333,0.000125581
clsvof,0.69743,0.000128777
clsvof,0.697528,0.000131999
clsvof,0.697625,0.000135246
clsvof,0.697723,0.000138518
clsvof,0.69782,0.000141816
clsvof,0.697918,0.000145138
clsvof,0.698015,0.000148482
clsvof,0.698113,0.000151848
clsvof,0.69821,0.00015524
clsvof,0.698307,0.000158655
clsvof,0.698405,0.000162093
clsvof,0.698502,0.000165553
clsvof,0.6986,0.000169032
clsvof,0.698697,0.000172533
clsvof,0.698795,0.000176055
clsvof,0.698892,0.000179597
clsvof,0.69899,0.000183152
clsvof,0.699087,0.000186717
clsvof,0.699184,0.000190296
clsvof,0.699282,0.000193888
clsvof,0.699379,0.000197492
clsvof,0.699477,0.000201098
clsvof,0.699574,0.000204713
clsvof,0.699672,0.000208339
clsvof,0.699769,0.000211974
clsvof,0.699867,0.000215618
clsvof,0.699964,0.000219269
clsvof,0.700061,0.000222926
clsvof,0.700159,0.000226587
clsvof,0.700256,0.000230252
clsvof,0.700354,0.00023392
clsvof,0.700451,0.00023759
clsvof,0.700549,0.000241262
clsvof,0.700646,0.000244938
clsvof,0.700744,0.000248616
clsvof,0.700841,0.000252296
clsvof,0.700939,0.000255979
clsvof,0.701036,0.000259662
clsvof,0.701133,0.000263348
clsvof,0.701231,0.000267037
clsvof,0.701328,0.000270725
clsvof,0.701426,0.000274408
clsvof,0.701523,0.000278082
clsvof,0.701621,0.000281744
clsvof,0.701718,0.000285397
clsvof,0.701816,0.000289045
clsvof,0.701913,0.000292685
clsvof,0.70201,0.000296315
clsvof,0.702108,0.000299933
clsvof,0.702205,0.00030354
clsvof,0.702303,0.000307133
clsvof,0.7024,0.000310712
clsvof,0.702498,0.000314277
clsvof,0.702595,0.000317823
clsvof,0.702693,0.000321351
clsvof,0.70279,0.000324861
clsvof,0.702887,0.000328351
clsvof,0.702985,0.000331822
clsvof,0.703082,0.000335273
clsvof,0.70318,0.000338705
clsvof,0.703277,0.000342119
clsvof,0.703375,0.000345513
clsvof,0.703472,0.000348888
clsvof,0.70357,0.000352242
clsvof,0.703667,0.000355578
clsvof,0.703764,0.000358897
clsvof,0.703862,0.000362189
clsvof,0.703959,0.000365456
clsvof,0.704057,0.000368701
clsvof,0.704154,0.000371924
clsvof,0.704252,0.000375119
clsvof,0.704349,0.000378278
clsvof,0.704447,0.0003814
clsvof,0.704544,0.000384489
clsvof,0.704641,0.000387544
clsvof,0.704739,0.000390568
clsvof,0.704836,0.000393561
clsvof,0.704934,0.000396521
clsvof,0.705031,0.000399446
clsvof,0.705129,0.000402334
clsvof,0.705226,0.000405186
clsvof,0.705324,0.000408002
clsvof,0.705421,0.000410782
clsvof,0.705518,0.000413524
clsvof,0.705616,0.000416228
clsvof,0.705713,0.000418894
clsvof,0.705811,0.00042152
clsvof,0.705908,0.000424108
clsvof,0.706006,0.000426659
clsvof,0.706103,0.000429173
clsvof,0.706201,0.000431653
clsvof,0.706298,0.000434098
clsvof,0.706396,0.000436504
clsvof,0.706493,0.000438868
clsvof,0.70659,0.000441188
clsvof,0.706688,0.000443461
clsvof,0.706785,0.00044569
clsvof,0.706883,0.000447877
clsvof,0.70698,0.000450018
clsvof,0.707078,0.000452111
clsvof,0.707175,0.000454154
clsvof,0.707273,0.000456148
clsvof,0.70737,0.00045809
clsvof,0.707467,0.000459984
clsvof,0.707565,0.000461826
clsvof,0.707662,0.000463614
clsvof,0.70776,0.000465351
clsvof,0.707857,0.000467038
clsvof,0.707955,0.000468672
clsvof,0.708052,0.000470253
clsvof,0.70815,0.000471781
clsvof,0.708247,0.000473258
clsvof,0.708344,0.000474682
clsvof,0.708442,0.000476057
clsvof,0.708539,0.000477383
clsvof,0.708637,0.000478665
clsvof,0.708734,0.000479902
clsvof,0.708832,0.000481096
clsvof,0.708929,0.000482242
clsvof,0.709027,0.000483334
clsvof,0.709124,0.000484375
clsvof,0.709221,0.000485365
clsvof,0.709319,0.000486301
clsvof,0.709416,0.00048718
clsvof,0.709514,0.000488004
clsvof,0.709611,0.000488771
clsvof,0.709709,0.000489483
clsvof,0.709806,0.00049014
clsvof,0.709904,0.000490737
clsvof,0.710001,0.000491275
clsvof,0.710098,0.000491756
clsvof,0.710196,0.000492181
clsvof,0.710293,0.000492549
clsvof,0.710391,0.000492859
clsvof,0.710488,0.000493115
clsvof,0.710586,0.000493318
clsvof,0.710683,0.000493468
clsvof,0.710781,0.00049356
clsvof,0.710878,0.000493594
clsvof,0.710976,0.000493569
clsvof,0.711073,0.000493489
clsvof,0.71117,0.000493357
clsvof,0.711268,0.000493164
clsvof,0.711365,0.000492919
clsvof,0.711463,0.000492623
clsvof,0.71156,0.000492276
clsvof,0.711658,0.000491874
clsvof,0.711755,0.000491409
clsvof,0.711853,0.000490885
clsvof,0.71195,0.000490302
clsvof,0.712047,0.000489665
clsvof,0.712145,0.000488967
clsvof,0.712242,0.00048821
clsvof,0.71234,0.000487396
clsvof,0.712437,0.000486531
clsvof,0.712535,0.00048561
clsvof,0.712632,0.000484635
clsvof,0.71273,0.000483602
clsvof,0.712827,0.000482516
clsvof,0.712924,0.000481371
clsvof,0.713022,0.000480071
clsvof,0.713119,0.000478817
clsvof,0.713217,0.000477514
clsvof,0.713314,0.000476165
clsvof,0.713412,0.000474769
clsvof,0.713509,0.000473322
clsvof,0.713607,0.000471827
clsvof,0.713704,0.000470374
clsvof,0.713801,0.00046878
clsvof,0.713899,0.00046714
clsvof,0.713996,0.000465453
clsvof,0.714094,0.00046372
clsvof,0.714191,0.000461943
clsvof,0.714289,0.000460122
clsvof,0.714386,0.000458255
clsvof,0.714484,0.000456346
clsvof,0.714581,0.000454388
clsvof,0.714678,0.000452384
clsvof,0.714776,0.000450332
clsvof,0.714873,0.000448231
clsvof,0.714971,0.000446081
clsvof,0.715068,0.000443881
clsvof,0.715166,0.000441633
clsvof,0.715263,0.00043934
clsvof,0.715361,0.000437006
clsvof,0.715458,0.000434632
clsvof,0.715556,0.000432216
clsvof,0.715653,0.000429762
clsvof,0.71575,0.000427272
clsvof,0.715848,0.000424747
clsvof,0.715945,0.000422183
clsvof,0.716043,0.000419582
clsvof,0.71614,0.000416944
clsvof,0.716238,0.000414271
clsvof,0.716335,0.000411565
clsvof,0.716433,0.000408825
clsvof,0.71653,0.00040605
clsvof,0.716627,0.00040324
clsvof,0.716725,0.000400394
clsvof,0.716822,0.000397511
clsvof,0.71692,0.000394592
clsvof,0.717017,0.000391639
clsvof,0.717115,0.000388653
clsvof,0.717212,0.000385638
clsvof,0.71731,0.000382592
clsvof,0.717407,0.000379517
clsvof,0.717504,0.000376417
clsvof,0.717602,0.000373283
clsvof,0.717699,0.00037012
clsvof,0.717797,0.000366919
clsvof,0.717894,0.000363683
clsvof,0.717992,0.000360416
clsvof,0.718089,0.00035712
clsvof,0.718187,0.000353797
clsvof,0.718284,0.00035045
clsvof,0.718381,0.000347081
clsvof,0.718479,0.000343694
clsvof,0.718576,0.00034029
clsvof,0.718674,0.000336871
clsvof,0.718771,0.000333433
clsvof,0.718869,0.000329978
clsvof,0.718966,0.000326511
clsvof,0.719064,0.000323031
clsvof,0.719161,0.00031954
clsvof,0.719258,0.000316036
clsvof,0.719356,0.000312521
clsvof,0.719453,0.000308992
clsvof,0.719551,0.00030545
clsvof,0.719648,0.000301892
clsvof,0.719746,0.00029832
clsvof,0.719843,0.000294731
clsvof,0.719941,0.000291125
clsvof,0.720038,0.000287504
clsvof,0.720136,0.000283872
clsvof,0.720233,0.000280229
clsvof,0.72033,0.000276577
clsvof,0.720428,0.000272916
clsvof,0.720525,0.000269245
clsvof,0.720623,0.000265571
clsvof,0.72072,0.000261895
clsvof,0.720818,0.000258212
clsvof,0.720915,0.000254522
clsvof,0.721013,0.000250829
clsvof,0.72111,0.000247138
clsvof,0.721207,0.000243451
clsvof,0.721305,0.000239769
clsvof,0.721402,0.000236092
clsvof,0.7215,0.000232421
clsvof,0.721597,0.000228756
clsvof,0.721695,0.000225095
clsvof,0.721792,0.000221442
clsvof,0.72189,0.0002178
clsvof,0.721987,0.00021417
clsvof,0.722084,0.000210547
clsvof,0.722182,0.00020693
clsvof,0.722279,0.00020332
clsvof,0.722377,0.000199717
clsvof,0.722474,0.000196119
clsvof,0.722572,0.000192529
clsvof,0.722669,0.000188944
clsvof,0.722767,0.000185371
clsvof,0.722864,0.000181805
clsvof,0.722961,0.000178256
clsvof,0.723059,0.000174721
clsvof,0.723156,0.000171212
clsvof,0.723254,0.000167736
clsvof,0.723351,0.000164256
clsvof,0.723449,0.000160802
clsvof,0.723546,0.000157374
clsvof,0.723644,0.000153972
clsvof,0.723741,0.000150593
clsvof,0.723838,0.000147238
clsvof,0.723936,0.000143908
clsvof,0.724033,0.000140603
clsvof,0.724131,0.000137323
clsvof,0.724228,0.000134066
clsvof,0.724326,0.000130835
clsvof,0.724423,0.000127631
clsvof,0.724521,0.000124454
clsvof,0.724618,0.000121306
clsvof,0.724715,0.000118187
clsvof,0.724813,0.000115098
clsvof,0.72491,0.000112037
clsvof,0.725008,0.000109004
clsvof,0.725105,0.000105999
clsvof,0.725203,0.000103021
clsvof,0.7253,0.000100071
clsvof,0.725398,9.71515e-05
clsvof,0.725495,9.42623e-05
clsvof,0.725593,9.14055e-05
clsvof,0.72569,8.85822e-05
clsvof,0.725787,8.57968e-05
clsvof,0.725885,8.30505e-05
clsvof,0.725982,8.03455e-05
clsvof,0.72608,7.76954e-05
clsvof,0.726177,7.50753e-05
clsvof,0.726275,7.25014e-05
clsvof,0.726372,6.99728e-05
clsvof,0.72647,6.74894e-05
clsvof,0.726567,6.50508e-05
clsvof,0.726664,6.26565e-05
clsvof,0.726762,6.03056e-05
clsvof,0.726859,5.79969e-05
clsvof,0.726957,5.573e-05
clsvof,0.727054,5.35041e-05
clsvof,0.727152,5.13196e-05
clsvof,0.727249,4.91766e-05
clsvof,0.727347,4.70759e-05
clsvof,0.727444,4.50182e-05
clsvof,0.727541,4.30044e-05
clsvof,0.727639,4.10361e-05
clsvof,0.727736,3.91135e-05
clsvof,0.727834,3.7238e-05
clsvof,0.727931,3.54079e-05
clsvof,0.728029,3.36255e-05
clsvof,0.728126,3.18936e-05
clsvof,0.728224,3.0212e-05
clsvof,0.728321,2.85811e-05
clsvof,0.728418,2.70018e-05
clsvof,0.728516,2.54745e-05
clsvof,0.728613,2.39996e-05
clsvof,0.728711,2.25777e-05
clsvof,0.728808,2.12091e-05
clsvof,0.728906,1.98943e-05
clsvof,0.729003,1.86339e-05
clsvof,0.729101,1.74282e-05
clsvof,0.729198,1.62775e-05
clsvof,0.729295,1.51818e-05
clsvof,0.729393,1.41409e-05
clsvof,0.72949,1.31544e-05
clsvof,0.729588,1.22216e-05
clsvof,0.729685,1.13415e-05
clsvof,0.729783,1.0514e-05
clsvof,0.72988,9.73834e-06
clsvof,0.729978,9.01407e-06
clsvof,0.730075,8.34096e-06
clsvof,0.730173,7.7192e-06
clsvof,0.73027,7.14898e-06
clsvof,0.730367,6.63112e-06
clsvof,0.730465,6.1661e-06
clsvof,0.730562,5.75645e-06
clsvof,0.73066,5.39964e-06
clsvof,0.730757,5.09791e-06
clsvof,0.730855,4.85297e-06
clsvof,0.730952,4.6656e-06
clsvof,0.73105,4.53555e-06
clsvof,0.731147,4.46397e-06
clsvof,0.731244,4.45046e-06
clsvof,0.731342,4.49517e-06
clsvof,0.731439,4.59792e-06
clsvof,0.731537,4.75847e-06
clsvof,0.731634,4.97666e-06
clsvof,0.731732,5.25219e-06
clsvof,0.731829,5.58315e-06
clsvof,0.731927,5.97054e-06
clsvof,0.732024,6.41527e-06
clsvof,0.732121,6.915e-06
clsvof,0.732219,7.46999e-06
clsvof,0.732316,8.0771e-06
clsvof,0.732414,8.74069e-06
clsvof,0.732511,9.45478e-06
clsvof,0.732609,1.02244e-05
clsvof,0.732706,1.10429e-05
clsvof,0.732804,1.19159e-05
clsvof,0.732901,1.28361e-05
clsvof,0.732998,1.38104e-05
clsvof,0.733096,1.48307e-05
clsvof,0.733193,1.59052e-05
clsvof,0.733291,1.70252e-05
clsvof,0.733388,1.8195e-05
clsvof,0.733486,1.94162e-05
clsvof,0.733583,2.06934e-05
clsvof,0.733681,2.20175e-05
clsvof,0.733778,2.33933e-05
clsvof,0.733875,2.48218e-05
clsvof,0.733973,2.63028e-05
clsvof,0.73407,2.7835e-05
clsvof,0.734168,2.9419e-05
clsvof,0.734265,3.10523e-05
clsvof,0.734363,3.27357e-05
clsvof,0.73446,3.44686e-05
clsvof,0.734558,3.62504e-05
clsvof,0.734655,3.80798e-05
clsvof,0.734753,3.99564e-05
clsvof,0.73485,4.18794e-05
clsvof,0.734947,4.38486e-05
clsvof,0.735045,4.58618e-05
clsvof,0.735142,4.79196e-05
clsvof,0.73524,5.00207e-05
clsvof,0.735337,5.21645e-05
clsvof,0.735435,5.43498e-05
clsvof,0.735532,5.65764e-05
clsvof,0.73563,5.88435e-05
clsvof,0.735727,6.11509e-05
clsvof,0.735824,6.34981e-05
clsvof,0.735922,6.58854e-05
clsvof,0.736019,6.83129e-05
clsvof,0.736117,7.07806e-05
clsvof,0.736214,7.3288e-05
clsvof,0.736312,7.58363e-05
clsvof,0.736409,7.84257e-05
clsvof,0.736507,8.10561e-05
clsvof,0.736604,8.37275e-05
clsvof,0.736701,8.64394e-05
clsvof,0.736799,8.91914e-05
clsvof,0.736896,9.19827e-05
clsvof,0.736994,9.48123e-05
clsvof,0.737091,9.76789e-05
clsvof,0.737189,0.000100581
clsvof,0.737286,0.000103517
clsvof,0.737384,0.000106486
clsvof,0.737481,0.000109485
clsvof,0.737578,0.000112514
clsvof,0.737676,0.000115572
clsvof,0.737773,0.000118657
clsvof,0.737871,0.000121768
clsvof,0.737968,0.000124905
clsvof,0.738066,0.000128067
clsvof,0.738163,0.000131253
clsvof,0.738261,0.000134464
clsvof,0.738358,0.000137699
clsvof,0.738455,0.000140957
clsvof,0.738553,0.000144236
clsvof,0.73865,0.000147537
clsvof,0.738748,0.000150865
clsvof,0.738845,0.000154216
clsvof,0.738943,0.000157589
clsvof,0.73904,0.000160984
clsvof,0.739138,0.000164401
clsvof,0.739235,0.000167838
clsvof,0.739333,0.000171295
clsvof,0.73943,0.000174772
clsvof,0.739527,0.000178269
clsvof,0.739625,0.000181786
clsvof,0.739722,0.000185321
clsvof,0.73982,0.000188872
clsvof,0.739917,0.000192431
clsvof,0.740015,0.000195998
clsvof,0.740112,0.000199575
clsvof,0.74021,0.000203163
clsvof,0.740307,0.000206759
clsvof,0.740404,0.000210363
clsvof,0.740502,0.000213974
clsvof,0.740599,0.000217591
clsvof,0.740697,0.000221216
clsvof,0.740794,0.000224847
clsvof,0.740892,0.000228484
clsvof,0.740989,0.000232127
clsvof,0.741087,0.000235774
clsvof,0.741184,0.000239423
clsvof,0.741281,0.000243075
clsvof,0.741379,0.000246729
clsvof,0.741476,0.000250389
clsvof,0.741574,0.000254042
clsvof,0.741671,0.0002577
clsvof,0.741769,0.000261357
clsvof,0.741866,0.000265008
clsvof,0.741964,0.000268657
clsvof,0.742061,0.000272303
clsvof,0.742158,0.000275941
clsvof,0.742256,0.000279568
clsvof,0.742353,0.000283187
clsvof,0.742451,0.000286801
clsvof,0.742548,0.000290406
clsvof,0.742646,0.000294
clsvof,0.742743,0.000297581
clsvof,0.742841,0.000301148
clsvof,0.742938,0.000304698
clsvof,0.743035,0.000308232
clsvof,0.743133,0.000311745
clsvof,0.74323,0.000315244
clsvof,0.743328,0.000318725
clsvof,0.743425,0.000322187
clsvof,0.743523,0.000325632
clsvof,0.74362,0.000329057
clsvof,0.743718,0.000332464
clsvof,0.743815,0.000335846
clsvof,0.743912,0.000339208
clsvof,0.74401,0.000342551
clsvof,0.744107,0.000345875
clsvof,0.744205,0.000349183
clsvof,0.744302,0.000352475
clsvof,0.7444,0.000355747
clsvof,0.744497,0.000358998
clsvof,0.744595,0.000362225
clsvof,0.744692,0.000365427
clsvof,0.74479,0.000368605
clsvof,0.744887,0.000371759
clsvof,0.744984,0.000374883
clsvof,0.745082,0.000377976
clsvof,0.745179,0.000381039
clsvof,0.745277,0.000384066
clsvof,0.745374,0.000387057
clsvof,0.745472,0.000390016
clsvof,0.745569,0.000392942
clsvof,0.745667,0.000395832
clsvof,0.745764,0.000398686
clsvof,0.745861,0.000401505
clsvof,0.745959,0.000404288
clsvof,0.746056,0.000407036
clsvof,0.746154,0.000409748
clsvof,0.746251,0.000412422
clsvof,0.746349,0.000415059
clsvof,0.746446,0.000417657
clsvof,0.746544,0.000420216
clsvof,0.746641,0.000422737
clsvof,0.746738,0.000425222
clsvof,0.746836,0.000427674
clsvof,0.746933,0.000430094
clsvof,0.747031,0.000432477
clsvof,0.747128,0.00043482
clsvof,0.747226,0.00043712
clsvof,0.747323,0.000439381
clsvof,0.747421,0.0004416
clsvof,0.747518,0.000443775
clsvof,0.747615,0.000445905
clsvof,0.747713,0.000447988
clsvof,0.74781,0.00045002
clsvof,0.747908,0.000452002
clsvof,0.748005,0.000453932
clsvof,0.748103,0.00045581
clsvof,0.7482,0.000457638
clsvof,0.748298,0.000459412
clsvof,0.748395,0.000461135
clsvof,0.748492,0.000462806
clsvof,0.74859,0.000464423
clsvof,0.748687,0.000465987
clsvof,0.748785,0.000467501
clsvof,0.748882,0.000468957
clsvof,0.74898,0.000470365
clsvof,0.749077,0.000471723
clsvof,0.749175,0.000473035
clsvof,0.749272,0.000474302
clsvof,0.74937,0.000475524
clsvof,0.749467,0.000476696
clsvof,0.749564,0.000477821
clsvof,0.749662,0.000478897
clsvof,0.749759,0.000479915
clsvof,0.749857,0.000480884
clsvof,0.749954,0.000481802
clsvof,0.750052,0.000482659
clsvof,0.750149,0.00048346
clsvof,0.750247,0.000484203
clsvof,0.750344,0.000484891
clsvof,0.750441,0.000485527
clsvof,0.750539,0.00048611
clsvof,0.750636,0.000486635
clsvof,0.750734,0.000487102
clsvof,0.750831,0.00048751
clsvof,0.750929,0.00048786
clsvof,0.751026,0.000488153
clsvof,0.751124,0.000488392
clsvof,0.751221,0.000488567
clsvof,0.751318,0.000488679
clsvof,0.751416,0.000488733
clsvof,0.751513,0.000488732
clsvof,0.751611,0.000488678
clsvof,0.751708,0.000488574
clsvof,0.751806,0.000488422
clsvof,0.751903,0.000488217
clsvof,0.752001,0.000487962
clsvof,0.752098,0.00048766
clsvof,0.752195,0.000487306
clsvof,0.752293,0.000486898
clsvof,0.75239,0.000486435
clsvof,0.752488,0.000485918
clsvof,0.752585,0.000485347
clsvof,0.752683,0.000484721
clsvof,0.75278,0.000484035
clsvof,0.752878,0.000483297
clsvof,0.752975,0.000482494
clsvof,0.753072,0.000481635
clsvof,0.75317,0.000480725
clsvof,0.753267,0.000479761
clsvof,0.753365,0.000478742
clsvof,0.753462,0.000477671
clsvof,0.75356,0.000476545
clsvof,0.753657,0.000475364
clsvof,0.753755,0.000474132
clsvof,0.753852,0.000472852
clsvof,0.75395,0.000471523
clsvof,0.754047,0.000470144
clsvof,0.754144,0.000468716
clsvof,0.754242,0.000467232
clsvof,0.754339,0.000465711
clsvof,0.754437,0.000464134
clsvof,0.754534,0.000462511
clsvof,0.754632,0.000460842
clsvof,0.754729,0.000459129
clsvof,0.754827,0.000457372
clsvof,0.754924,0.000455573
clsvof,0.755021,0.000453728
clsvof,0.755119,0.000451838
clsvof,0.755216,0.0004499
clsvof,0.755314,0.000447914
clsvof,0.755411,0.000445879
clsvof,0.755509,0.000443797
clsvof,0.755606,0.000441665
clsvof,0.755704,0.000439397
clsvof,0.755801,0.000437168
clsvof,0.755898,0.000434894
clsvof,0.755996,0.000432576
clsvof,0.756093,0.000430217
clsvof,0.756191,0.000427815
clsvof,0.756288,0.000425373
clsvof,0.756386,0.000422893
clsvof,0.756483,0.000420376
clsvof,0.756581,0.000417824
clsvof,0.756678,0.000415235
clsvof,0.756775,0.000412608
clsvof,0.756873,0.000409946
clsvof,0.75697,0.000407247
clsvof,0.757068,0.000404512
clsvof,0.757165,0.00040174
clsvof,0.757263,0.00039893
clsvof,0.75736,0.00039608
clsvof,0.757458,0.000393192
clsvof,0.757555,0.00039027
clsvof,0.757652,0.000387315
clsvof,0.75775,0.000384331
clsvof,0.757847,0.00038132
clsvof,0.757945,0.00037828
clsvof,0.758042,0.000375212
clsvof,0.75814,0.000372115
clsvof,0.758237,0.000368994
clsvof,0.758335,0.000365845
clsvof,0.758432,0.000362663
clsvof,0.75853,0.000359448
clsvof,0.758627,0.0003562
clsvof,0.758724,0.000352925
clsvof,0.758822,0.000349623
clsvof,0.758919,0.000346299
clsvof,0.759017,0.000343021
clsvof,0.759114,0.000339651
clsvof,0.759212,0.00033626
clsvof,0.759309,0.000332853
clsvof,0.759407,0.000329432
clsvof,0.759504,0.000325999
clsvof,0.759601,0.000322554
clsvof,0.759699,0.000319098
clsvof,0.759796,0.000315628
clsvof,0.759894,0.000312146
clsvof,0.759991,0.00030865
clsvof,0.760089,0.00030514
clsvof,0.760186,0.000301615
clsvof,0.760284,0.000298077
clsvof,0.760381,0.000294523
clsvof,0.760478,0.000290954
clsvof,0.760576,0.000287372
clsvof,0.760673,0.000283777
clsvof,0.760771,0.000280169
clsvof,0.760868,0.000276554
clsvof,0.760966,0.000272932
clsvof,0.761063,0.000269303
clsvof,0.761161,0.000265665
clsvof,0.761258,0.000262027
clsvof,0.761355,0.000258388
clsvof,0.761453,0.000254745
clsvof,0.76155,0.000251095
clsvof,0.761648,0.000247443
clsvof,0.761745,0.000243792
clsvof,0.761843,0.000240145
clsvof,0.76194,0.000236501
clsvof,0.762038,0.000232862
clsvof,0.762135,0.000229225
clsvof,0.762232,0.000225593
clsvof,0.76233,0.000221968
clsvof,0.762427,0.00021835
clsvof,0.762525,0.00021474
clsvof,0.762622,0.000211138
clsvof,0.76272,0.000207545
clsvof,0.762817,0.000203962
clsvof,0.762915,0.000200386
clsvof,0.763012,0.000196819
clsvof,0.763109,0.000193256
clsvof,0.763207,0.000189702
clsvof,0.763304,0.000186153
clsvof,0.763402,0.000182611
clsvof,0.763499,0.000179079
clsvof,0.763597,0.000175561
clsvof,0.763694,0.00017206
clsvof,0.763792,0.000168576
clsvof,0.763889,0.000165107
clsvof,0.763987,0.000161656
clsvof,0.764084,0.000158225
clsvof,0.764181,0.00015482
clsvof,0.764279,0.000151443
clsvof,0.764376,0.000148092
clsvof,0.764474,0.000144768
clsvof,0.764571,0.00014147
clsvof,0.764669,0.000138199
clsvof,0.764766,0.000134954
clsvof,0.764864,0.000131734
clsvof,0.764961,0.00012854
clsvof,0.765058,0.000125374
clsvof,0.765156,0.000122235
clsvof,0.765253,0.000119123
clsvof,0.765351,0.000116039
clsvof,0.765448,0.000112983
clsvof,0.765546,0.000109956
clsvof,0.765643,0.00010696
clsvof,0.765741,0.000103993
clsvof,0.765838,0.000101058
clsvof,0.765935,9.81644e-05
clsvof,0.766033,9.52895e-05
clsvof,0.76613,9.24484e-05
clsvof,0.766228,8.96411e-05
clsvof,0.766325,8.68691e-05
clsvof,0.766423,8.41342e-05
clsvof,0.76652,8.1438e-05
clsvof,0.766618,7.87822e-05
clsvof,0.766715,7.61682e-05
clsvof,0.766812,7.35973e-05
clsvof,0.76691,7.10704e-05
clsvof,0.767007,6.85882e-05
clsvof,0.767105,6.61507e-05
clsvof,0.767202,6.37579e-05
clsvof,0.7673,6.14092e-05
clsvof,0.767397,5.91036e-05
clsvof,0.767495,5.68404e-05
clsvof,0.767592,5.46187e-05
clsvof,0.767689,5.24379e-05
clsvof,0.767787,5.02979e-05
clsvof,0.767884,4.81986e-05
clsvof,0.767982,4.61404e-05
clsvof,0.768079,4.41239e-05
clsvof,0.768177,4.21501e-05
clsvof,0.768274,4.02201e-05
clsvof,0.768372,3.83347e-05
clsvof,0.768469,3.64956e-05
clsvof,0.768567,3.47037e-05
clsvof,0.768664,3.296e-05
clsvof,0.768761,3.12653e-05
clsvof,0.768859,2.96202e-05
clsvof,0.768956,2.80257e-05
clsvof,0.769054,2.64818e-05
clsvof,0.769151,2.4994e-05
clsvof,0.769249,2.35529e-05
clsvof,0.769346,2.21646e-05
clsvof,0.769444,2.0829e-05
clsvof,0.769541,1.9546e-05
clsvof,0.769638,1.83163e-05
clsvof,0.769736,1.71397e-05
clsvof,0.769833,1.60174e-05
clsvof,0.769931,1.49473e-05
clsvof,0.770028,1.39305e-05
clsvof,0.770126,1.29663e-05
clsvof,0.770223,1.20547e-05
clsvof,0.770321,1.11949e-05
clsvof,0.770418,1.03868e-05
clsvof,0.770515,9.62965e-06
clsvof,0.770613,8.92366e-06
clsvof,0.77071,8.26822e-06
clsvof,0.770808,7.66395e-06
clsvof,0.770905,7.11074e-06
clsvof,0.771003,6.60937e-06
clsvof,0.7711,6.16118e-06
clsvof,0.771198,5.76622e-06
clsvof,0.771295,5.42549e-06
clsvof,0.771392,5.13958e-06
clsvof,0.77149,4.90884e-06
clsvof,0.771587,4.73438e-06
clsvof,0.771685,4.61643e-06
clsvof,0.771782,4.55583e-06
clsvof,0.77188,4.55232e-06
clsvof,0.771977,4.6064e-06
clsvof,0.772075,4.71675e-06
clsvof,0.772172,4.88374e-06
clsvof,0.772269,5.10661e-06
clsvof,0.772367,5.38507e-06
clsvof,0.772464,5.71866e-06
clsvof,0.772562,6.10724e-06
clsvof,0.772659,6.55026e-06
clsvof,0.772757,7.04772e-06
clsvof,0.772854,7.59898e-06
clsvof,0.772952,8.20406e-06
clsvof,0.773049,8.86211e-06
clsvof,0.773147,9.57288e-06
clsvof,0.773244,1.03356e-05
clsvof,0.773341,1.11499e-05
clsvof,0.773439,1.20148e-05
clsvof,0.773536,1.293e-05
clsvof,0.773634,1.38945e-05
clsvof,0.773731,1.49088e-05
clsvof,0.773829,1.59727e-05
clsvof,0.773926,1.70866e-05
clsvof,0.774024,1.82503e-05
clsvof,0.774121,1.94646e-05
clsvof,0.774218,2.07298e-05
clsvof,0.774316,2.20466e-05
clsvof,0.774413,2.34149e-05
clsvof,0.774511,2.48336e-05
clsvof,0.774608,2.63048e-05
clsvof,0.774706,2.78286e-05
clsvof,0.774803,2.9404e-05
clsvof,0.774901,3.10301e-05
clsvof,0.774998,3.27066e-05
clsvof,0.775095,3.4433e-05
clsvof,0.775193,3.62082e-05
clsvof,0.77529,3.80318e-05
clsvof,0.775388,3.99021e-05
clsvof,0.775485,4.18186e-05
clsvof,0.775583,4.37796e-05
clsvof,0.77568,4.57849e-05
clsvof,0.775778,4.78327e-05
clsvof,0.775875,4.99201e-05
clsvof,0.775972,5.20514e-05
clsvof,0.77607,5.42244e-05
clsvof,0.776167,5.64381e-05
clsvof,0.776265,5.8692e-05
clsvof,0.776362,6.0986e-05
clsvof,0.77646,6.33199e-05
clsvof,0.776557,6.5694e-05
clsvof,0.776655,6.8108e-05
clsvof,0.776752,7.05623e-05
clsvof,0.776849,7.30571e-05
clsvof,0.776947,7.55925e-05
clsvof,0.777044,7.81684e-05
clsvof,0.777142,8.07848e-05
clsvof,0.777239,8.34414e-05
clsvof,0.777337,8.61377e-05
clsvof,0.777434,8.88731e-05
clsvof,0.777532,9.16463e-05
clsvof,0.777629,9.44567e-05
clsvof,0.777727,9.73031e-05
clsvof,0.777824,0.000100184
clsvof,0.777921,0.000103098
clsvof,0.778019,0.000106044
clsvof,0.778116,0.000109021
clsvof,0.778214,0.000112028
clsvof,0.778311,0.000115063
clsvof,0.778409,0.000118125
clsvof,0.778506,0.000121215
clsvof,0.778604,0.00012433
clsvof,0.778701,0.000127471
clsvof,0.778798,0.000130638
clsvof,0.778896,0.00013383
clsvof,0.778993,0.000137043
clsvof,0.779091,0.000140281
clsvof,0.779188,0.000143544
clsvof,0.779286,0.000146833
clsvof,0.779383,0.000150146
clsvof,0.779481,0.000153482
clsvof,0.779578,0.000156842
clsvof,0.779675,0.000160223
clsvof,0.779773,0.000163631
clsvof,0.77987,0.000167062
clsvof,0.779968,0.000170513
clsvof,0.780065,0.000173978
clsvof,0.780163,0.000177455
clsvof,0.78026,0.00018095
clsvof,0.780358,0.000184453
clsvof,0.780455,0.00018797
clsvof,0.780552,0.000191501
clsvof,0.78065,0.000195046
clsvof,0.780747,0.000198603
clsvof,0.780845,0.000202167
clsvof,0.780942,0.000205743
clsvof,0.78104,0.000209327
clsvof,0.781137,0.000212916
clsvof,0.781235,0.000216508
clsvof,0.781332,0.000220102
clsvof,0.781429,0.000223699
clsvof,0.781527,0.0002273
clsvof,0.781624,0.000230903
clsvof,0.781722,0.00023451
clsvof,0.781819,0.000238121
clsvof,0.781917,0.000241735
clsvof,0.782014,0.000245353
clsvof,0.782112,0.000248973
clsvof,0.782209,0.000252593
clsvof,0.782306,0.000256217
clsvof,0.782404,0.000259843
clsvof,0.782501,0.000263468
clsvof,0.782599,0.000267088
clsvof,0.782696,0.0002707
clsvof,0.782794,0.000274305
clsvof,0.782891,0.000277898
clsvof,0.782989,0.000281483
clsvof,0.783086,0.000285059
clsvof,0.783184,0.000288626
clsvof,0.783281,0.000292181
clsvof,0.783378,0.000295722
clsvof,0.783476,0.00029925
clsvof,0.783573,0.000302764
clsvof,0.783671,0.000306261
clsvof,0.783768,0.000309739
clsvof,0.783866,0.000313199
clsvof,0.783963,0.00031664
clsvof,0.784061,0.000320062
clsvof,0.784158,0.000323466
clsvof,0.784255,0.00032685
clsvof,0.784353,0.000330216
clsvof,0.78445,0.000333563
clsvof,0.784548,0.000336892
clsvof,0.784645,0.000340202
clsvof,0.784743,0.000343495
clsvof,0.78484,0.000346767
clsvof,0.784938,0.000350017
clsvof,0.785035,0.000353247
clsvof,0.785132,0.000356452
clsvof,0.78523,0.000359636
clsvof,0.785327,0.000362802
clsvof,0.785425,0.00036594
clsvof,0.785522,0.000369045
clsvof,0.78562,0.000372119
clsvof,0.785717,0.000375164
clsvof,0.785815,0.000378176
clsvof,0.785912,0.000381155
clsvof,0.786009,0.000384103
clsvof,0.786107,0.000387019
clsvof,0.786204,0.000389901
clsvof,0.786302,0.000392747
clsvof,0.786399,0.000395557
clsvof,0.786497,0.000398331
clsvof,0.786594,0.00040107
clsvof,0.786692,0.000403771
clsvof,0.786789,0.000406435
clsvof,0.786886,0.000409061
clsvof,0.786984,0.00041165
clsvof,0.787081,0.000414203
clsvof,0.787179,0.000416719
clsvof,0.787276,0.000419199
clsvof,0.787374,0.000421647
clsvof,0.787471,0.000424059
clsvof,0.787569,0.000426438
clsvof,0.787666,0.000428775
clsvof,0.787764,0.000431068
clsvof,0.787861,0.000433319
clsvof,0.787958,0.000435529
clsvof,0.788056,0.000437699
clsvof,0.788153,0.000439826
clsvof,0.788251,0.000441908
clsvof,0.788348,0.000443942
clsvof,0.788446,0.000445925
clsvof,0.788543,0.000447952
clsvof,0.788641,0.000449834
clsvof,0.788738,0.000451664
clsvof,0.788835,0.000453444
clsvof,0.788933,0.000455172
clsvof,0.78903,0.00045685
clsvof,0.789128,0.000458475
clsvof,0.789225,0.000460049
clsvof,0.789323,0.000461567
clsvof,0.78942,0.000463033
clsvof,0.789518,0.000464446
clsvof,0.789615,0.000465811
clsvof,0.789712,0.000467129
clsvof,0.78981,0.000468404
clsvof,0.789907,0.000469635
clsvof,0.790005,0.000470823
clsvof,0.790102,0.000471963
clsvof,0.7902,0.000473055
clsvof,0.790297,0.000474093
clsvof,0.790395,0.00047508
clsvof,0.790492,0.000476015
clsvof,0.790589,0.000476898
clsvof,0.790687,0.000477727
clsvof,0.790784,0.0004785
clsvof,0.790882,0.000479223
clsvof,0.790979,0.000479893
clsvof,0.791077,0.000480511
clsvof,0.791174,0.000481069
clsvof,0.791272,0.000481568
clsvof,0.791369,0.000482012
clsvof,0.791466,0.000482401
clsvof,0.791564,0.000482733
clsvof,0.791661,0.000483012
clsvof,0.791759,0.00048324
clsvof,0.791856,0.000483419
clsvof,0.791954,0.000483547
clsvof,0.792051,0.000483625
clsvof,0.792149,0.000483641
clsvof,0.792246,0.0004836
clsvof,0.792344,0.000483509
clsvof,0.792441,0.000483364
clsvof,0.792538,0.000483166
clsvof,0.792636,0.000482917
clsvof,0.792733,0.00048262
clsvof,0.792831,0.000482272
clsvof,0.792928,0.000481873
clsvof,0.793026,0.000481412
clsvof,0.793123,0.000480893
clsvof,0.793221,0.000480316
clsvof,0.793318,0.000479686
clsvof,0.793415,0.000478994
clsvof,0.793513,0.000478246
clsvof,0.79361,0.000477447
clsvof,0.793708,0.000476597
clsvof,0.793805,0.000475694
clsvof,0.793903,0.000474736
clsvof,0.794,0.000473723
clsvof,0.794098,0.000472656
clsvof,0.794195,0.000471533
clsvof,0.794292,0.000470357
clsvof,0.79439,0.000469128
clsvof,0.794487,0.00046785
clsvof,0.794585,0.000466527
clsvof,0.794682,0.000465154
clsvof,0.79478,0.000463734
clsvof,0.794877,0.000462262
clsvof,0.794975,0.000460742
clsvof,0.795072,0.000459176
clsvof,0.795169,0.000457567
clsvof,0.795267,0.000455915
clsvof,0.795364,0.000454218
clsvof,0.795462,0.000452477
clsvof,0.795559,0.000450692
clsvof,0.795657,0.000448859
clsvof,0.795754,0.000446984
clsvof,0.795852,0.00044506
clsvof,0.795949,0.00044309
clsvof,0.796046,0.000441072
clsvof,0.796144,0.000439006
clsvof,0.796241,0.000436803
clsvof,0.796339,0.000434639
clsvof,0.796436,0.000432427
clsvof,0.796534,0.000430171
clsvof,0.796631,0.000427874
clsvof,0.796729,0.000425539
clsvof,0.796826,0.000423163
clsvof,0.796924,0.000420749
clsvof,0.797021,0.0004183
clsvof,0.797118,0.000415817
clsvof,0.797216,0.000413294
clsvof,0.797313,0.000410734
clsvof,0.797411,0.000408137
clsvof,0.797508,0.000405503
clsvof,0.797606,0.000402835
clsvof,0.797703,0.000400131
clsvof,0.797801,0.000397393
clsvof,0.797898,0.000394618
clsvof,0.797995,0.000391806
clsvof,0.798093,0.000388958
clsvof,0.79819,0.000386075
clsvof,0.798288,0.000383159
clsvof,0.798385,0.000380214
clsvof,0.798483,0.000377239
clsvof,0.79858,0.000374236
clsvof,0.798678,0.000371204
clsvof,0.798775,0.000368147
clsvof,0.798872,0.000365065
clsvof,0.79897,0.000361943
clsvof,0.799067,0.000358783
clsvof,0.799165,0.000355591
clsvof,0.799262,0.000352368
clsvof,0.79936,0.000349118
clsvof,0.799457,0.000345841
clsvof,0.799555,0.00034254
clsvof,0.799652,0.000339215
clsvof,0.799749,0.000335868
clsvof,0.799847,0.000332506
clsvof,0.799944,0.000329133
clsvof,0.800042,0.00032575
clsvof,0.800139,0.000322355
clsvof,0.800237,0.00031895
clsvof,0.800334,0.00031553
clsvof,0.800432,0.000312097
clsvof,0.800529,0.000308649
clsvof,0.800626,0.000305189
clsvof,0.800724,0.000301715
clsvof,0.800821,0.00029823
clsvof,0.800919,0.000294729
clsvof,0.801016,0.000291213
clsvof,0.801114,0.000287681
clsvof,0.801211,0.000284138
clsvof,0.801309,0.000280581
clsvof,0.801406,0.000277015
clsvof,0.801504,0.000273437
clsvof,0.801601,0.000269851
clsvof,0.801698,0.000266256
clsvof,0.801796,0.000262654
clsvof,0.801893,0.000259044
clsvof,0.801991,0.000255432
clsvof,0.802088,0.000251817
clsvof,0.802186,0.000248197
clsvof,0.802283,0.00024457
clsvof,0.802381,0.000240943
clsvof,0.802478,0.000237319
clsvof,0.802575,0.000233701
clsvof,0.802673,0.000230089
clsvof,0.80277,0.000226483
clsvof,0.802868,0.000222885
clsvof,0.802965,0.000219294
clsvof,0.803063,0.000215711
clsvof,0.80316,0.000212134
clsvof,0.803258,0.000208568
clsvof,0.803355,0.00020501
clsvof,0.803452,0.00020146
clsvof,0.80355,0.000197918
clsvof,0.803647,0.000194382
clsvof,0.803745,0.000190852
clsvof,0.803842,0.000187328
clsvof,0.80394,0.000183811
clsvof,0.804037,0.000180303
clsvof,0.804135,0.000176804
clsvof,0.804232,0.000173321
clsvof,0.804329,0.000169854
clsvof,0.804427,0.000166407
clsvof,0.804524,0.000162975
clsvof,0.804622,0.00015957
clsvof,0.804719,0.000156188
clsvof,0.804817,0.000152829
clsvof,0.804914,0.000149495
clsvof,0.805012,0.000146187
clsvof,0.805109,0.000142906
clsvof,0.805206,0.000139652
clsvof,0.805304,0.000136423
clsvof,0.805401,0.000133219
clsvof,0.805499,0.000130042
clsvof,0.805596,0.000126891
clsvof,0.805694,0.000123765
clsvof,0.805791,0.000120668
clsvof,0.805889,0.000117599
clsvof,0.805986,0.000114557
clsvof,0.806083,0.000111544
clsvof,0.806181,0.00010856
clsvof,0.806278,0.000105606
clsvof,0.806376,0.00010268
clsvof,0.806473,9.97811e-05
clsvof,0.806571,9.69095e-05
clsvof,0.806668,9.40668e-05
clsvof,0.806766,9.12547e-05
clsvof,0.806863,8.84746e-05
clsvof,0.806961,8.57282e-05
clsvof,0.807058,8.30178e-05
clsvof,0.807155,8.03458e-05
clsvof,0.807253,7.77146e-05
clsvof,0.80735,7.51265e-05
clsvof,0.807448,7.25829e-05
clsvof,0.807545,7.00849e-05
clsvof,0.807643,6.76328e-05
clsvof,0.80774,6.52264e-05
clsvof,0.807838,6.28651e-05
clsvof,0.807935,6.05479e-05
clsvof,0.808032,5.82737e-05
clsvof,0.80813,5.60416e-05
clsvof,0.808227,5.38505e-05
clsvof,0.808325,5.17001e-05
clsvof,0.808422,4.95901e-05
clsvof,0.80852,4.75211e-05
clsvof,0.808617,4.54934e-05
clsvof,0.808715,4.35081e-05
clsvof,0.808812,4.15666e-05
clsvof,0.808909,3.96694e-05
clsvof,0.809007,3.78177e-05
clsvof,0.809104,3.6012e-05
clsvof,0.809202,3.42535e-05
clsvof,0.809299,3.25423e-05
clsvof,0.809397,3.08792e-05
clsvof,0.809494,2.92642e-05
clsvof,0.809592,2.7698e-05
clsvof,0.809689,2.61806e-05
clsvof,0.809786,2.47129e-05
clsvof,0.809884,2.32952e-05
clsvof,0.809981,2.19282e-05
clsvof,0.810079,2.06127e-05
clsvof,0.810176,1.93493e-05
clsvof,0.810274,1.81391e-05
clsvof,0.810371,1.69817e-05
clsvof,0.810469,1.58772e-05
clsvof,0.810566,1.48259e-05
clsvof,0.810663,1.38295e-05
clsvof,0.810761,1.28866e-05
clsvof,0.810858,1.19965e-05
clsvof,0.810956,1.1158e-05
clsvof,0.811053,1.03679e-05
clsvof,0.811151,9.6298e-06
clsvof,0.811248,8.94282e-06
clsvof,0.811346,8.30405e-06
clsvof,0.811443,7.71337e-06
clsvof,0.811541,7.17185e-06
clsvof,0.811638,6.67966e-06
clsvof,0.811735,6.24085e-06
clsvof,0.811833,5.85202e-06
clsvof,0.81193,5.51683e-06
clsvof,0.812028,5.23668e-06
clsvof,0.812125,5.01115e-06
clsvof,0.812223,4.84094e-06
clsvof,0.81232,4.72618e-06
clsvof,0.812418,4.66909e-06
clsvof,0.812515,4.66737e-06
clsvof,0.812612,4.71962e-06
clsvof,0.81271,4.82924e-06
clsvof,0.812807,4.9962e-06
clsvof,0.812905,5.22155e-06
clsvof,0.813002,5.49887e-06
clsvof,0.8131,5.83228e-06
clsvof,0.813197,6.2215e-06
clsvof,0.813295,6.66776e-06
clsvof,0.813392,7.16415e-06
clsvof,0.813489,7.71495e-06
clsvof,0.813587,8.3197e-06
clsvof,0.813684,8.97709e-06
clsvof,0.813782,9.68679e-06
clsvof,0.813879,1.04482e-05
clsvof,0.813977,1.12612e-05
clsvof,0.814074,1.2125e-05
clsvof,0.814172,1.30396e-05
clsvof,0.814269,1.40045e-05
clsvof,0.814366,1.50192e-05
clsvof,0.814464,1.60836e-05
clsvof,0.814561,1.71975e-05
clsvof,0.814659,1.83612e-05
clsvof,0.814756,1.9573e-05
clsvof,0.814854,2.08352e-05
clsvof,0.814951,2.21482e-05
clsvof,0.815049,2.3512e-05
clsvof,0.815146,2.49266e-05
clsvof,0.815243,2.6392e-05
clsvof,0.815341,2.79086e-05
clsvof,0.815438,2.94766e-05
clsvof,0.815536,3.10957e-05
clsvof,0.815633,3.27653e-05
clsvof,0.815731,3.44845e-05
clsvof,0.815828,3.62524e-05
clsvof,0.815926,3.80678e-05
clsvof,0.816023,3.99295e-05
clsvof,0.816121,4.18362e-05
clsvof,0.816218,4.37871e-05
clsvof,0.816315,4.57811e-05
clsvof,0.816413,4.78172e-05
clsvof,0.81651,4.98946e-05
clsvof,0.816608,5.20128e-05
clsvof,0.816705,5.41712e-05
clsvof,0.816803,5.63697e-05
clsvof,0.8169,5.86077e-05
clsvof,0.816998,6.08855e-05
clsvof,0.817095,6.32027e-05
clsvof,0.817192,6.55596e-05
clsvof,0.81729,6.79561e-05
clsvof,0.817387,7.03925e-05
clsvof,0.817485,7.28691e-05
clsvof,0.817582,7.53857e-05
clsvof,0.81768,7.79427e-05
clsvof,0.817777,8.05398e-05
clsvof,0.817875,8.3177e-05
clsvof,0.817972,8.58536e-05
clsvof,0.818069,8.85694e-05
clsvof,0.818167,9.13234e-05
clsvof,0.818264,9.41169e-05
clsvof,0.818362,9.69433e-05
clsvof,0.818459,9.9806e-05
clsvof,0.818557,0.000102702
clsvof,0.818654,0.000105631
clsvof,0.818752,0.00010859
clsvof,0.818849,0.000111578
clsvof,0.818946,0.000114594
clsvof,0.819044,0.000117638
clsvof,0.819141,0.000120706
clsvof,0.819239,0.0001238
clsvof,0.819336,0.000126918
clsvof,0.819434,0.00013006
clsvof,0.819531,0.000133225
clsvof,0.819629,0.000136408
clsvof,0.819726,0.000139615
clsvof,0.819823,0.000142846
clsvof,0.819921,0.0001461
clsvof,0.820018,0.000149376
clsvof,0.820116,0.000152674
clsvof,0.820213,0.000155993
clsvof,0.820311,0.000159333
clsvof,0.820408,0.000162695
clsvof,0.820506,0.000166076
clsvof,0.820603,0.000169478
clsvof,0.820701,0.000172902
clsvof,0.820798,0.000176346
clsvof,0.820895,0.000179804
clsvof,0.820993,0.000183271
clsvof,0.82109,0.000186753
clsvof,0.821188,0.000190248
clsvof,0.821285,0.000193758
clsvof,0.821383,0.000197272
clsvof,0.82148,0.000200799
clsvof,0.821578,0.000204334
clsvof,0.821675,0.000207878
clsvof,0.821772,0.000211429
clsvof,0.82187,0.000214988
clsvof,0.821967,0.000218552
clsvof,0.822065,0.000222121
clsvof,0.822162,0.000225693
clsvof,0.82226,0.000229269
clsvof,0.822357,0.000232848
clsvof,0.822455,0.00023643
clsvof,0.822552,0.000240007
clsvof,0.822649,0.000243584
clsvof,0.822747,0.000247165
clsvof,0.822844,0.00025075
clsvof,0.822942,0.000254339
clsvof,0.823039,0.000257932
clsvof,0.823137,0.000261526
clsvof,0.823234,0.000265113
clsvof,0.823332,0.000268689
clsvof,0.823429,0.000272259
clsvof,0.823526,0.000275823
clsvof,0.823624,0.000279384
clsvof,0.823721,0.000282927
clsvof,0.823819,0.000286462
clsvof,0.823916,0.000289986
clsvof,0.824014,0.000293498
clsvof,0.824111,0.000296994
clsvof,0.824209,0.000300474
clsvof,0.824306,0.000303937
clsvof,0.824403,0.000307384
clsvof,0.824501,0.000310812
clsvof,0.824598,0.000314222
clsvof,0.824696,0.000317614
clsvof,0.824793,0.000320987
clsvof,0.824891,0.00032434
clsvof,0.824988,0.000327673
clsvof,0.825086,0.000330987
clsvof,0.825183,0.000334281
clsvof,0.82528,0.00033755
clsvof,0.825378,0.0003408
clsvof,0.825475,0.000344032
clsvof,0.825573,0.000347245
clsvof,0.82567,0.000350436
clsvof,0.825768,0.000353604
clsvof,0.825865,0.000356749
clsvof,0.825963,0.000359874
clsvof,0.82606,0.000362971
clsvof,0.826158,0.000366034
clsvof,0.826255,0.000369067
clsvof,0.826352,0.000372072
clsvof,0.82645,0.000375043
clsvof,0.826547,0.000377982
clsvof,0.826645,0.00038089
clsvof,0.826742,0.000383764
clsvof,0.82684,0.000386604
clsvof,0.826937,0.00038941
clsvof,0.827035,0.00039218
clsvof,0.827132,0.000394916
clsvof,0.827229,0.000397616
clsvof,0.827327,0.000400281
clsvof,0.827424,0.000402909
clsvof,0.827522,0.0004055
clsvof,0.827619,0.000408053
clsvof,0.827717,0.00041057
clsvof,0.827814,0.00041305
clsvof,0.827912,0.000415498
clsvof,0.828009,0.000417915
clsvof,0.828106,0.000420298
clsvof,0.828204,0.000422646
clsvof,0.828301,0.000424953
clsvof,0.828399,0.000427219
clsvof,0.828496,0.000429445
clsvof,0.828594,0.000431633
clsvof,0.828691,0.000433774
clsvof,0.828789,0.000435877
clsvof,0.828886,0.000437934
clsvof,0.828983,0.000439944
clsvof,0.829081,0.000441906
clsvof,0.829178,0.00044382
clsvof,0.829276,0.000445686
clsvof,0.829373,0.000447502
clsvof,0.829471,0.000449269
clsvof,0.829568,0.000450987
clsvof,0.829666,0.000452657
clsvof,0.829763,0.000454276
clsvof,0.82986,0.000455841
clsvof,0.829958,0.000457353
clsvof,0.830055,0.000458815
clsvof,0.830153,0.000460226
clsvof,0.83025,0.000461589
clsvof,0.830348,0.000462904
clsvof,0.830445,0.000464175
clsvof,0.830543,0.000465403
clsvof,0.83064,0.000466591
clsvof,0.830738,0.000467726
clsvof,0.830835,0.000468815
clsvof,0.830932,0.000469856
clsvof,0.83103,0.000470845
clsvof,0.831127,0.000471779
clsvof,0.831225,0.00047266
clsvof,0.831322,0.000473487
clsvof,0.83142,0.000474257
clsvof,0.831517,0.000474973
clsvof,0.831615,0.000475636
clsvof,0.831712,0.000476247
clsvof,0.831809,0.000476803
clsvof,0.831907,0.000477304
clsvof,0.832004,0.000477739
clsvof,0.832102,0.000478123
clsvof,0.832199,0.00047845
clsvof,0.832297,0.000478723
clsvof,0.832394,0.000478939
clsvof,0.832492,0.000479096
clsvof,0.832589,0.000479188
clsvof,0.832686,0.000479223
clsvof,0.832784,0.000479207
clsvof,0.832881,0.00047914
clsvof,0.832979,0.000479121
clsvof,0.833076,0.000478955
clsvof,0.833174,0.000478736
clsvof,0.833271,0.000478469
clsvof,0.833369,0.000478151
clsvof,0.833466,0.000477778
clsvof,0.833563,0.000477349
clsvof,0.833661,0.000476864
clsvof,0.833758,0.000476326
clsvof,0.833856,0.000475732
clsvof,0.833953,0.000475087
clsvof,0.834051,0.000474384
clsvof,0.834148,0.000473624
clsvof,0.834246,0.000472809
clsvof,0.834343,0.000471942
clsvof,0.83444,0.000471023
clsvof,0.834538,0.000470051
clsvof,0.834635,0.000469018
clsvof,0.834733,0.000467939
clsvof,0.83483,0.000466806
clsvof,0.834928,0.00046562
clsvof,0.835025,0.000464383
clsvof,0.835123,0.000463099
clsvof,0.83522,0.000461767
clsvof,0.835318,0.000460389
clsvof,0.835415,0.000458963
clsvof,0.835512,0.000457491
clsvof,0.83561,0.000455975
clsvof,0.835707,0.000454411
clsvof,0.835805,0.000452803
clsvof,0.835902,0.00045115
clsvof,0.836,0.000449455
clsvof,0.836097,0.000447718
clsvof,0.836195,0.000445939
clsvof,0.836292,0.000444116
clsvof,0.836389,0.000442249
clsvof,0.836487,0.000440334
clsvof,0.836584,0.000438371
clsvof,0.836682,0.000436359
clsvof,0.836779,0.0004343
clsvof,0.836877,0.000432191
clsvof,0.836974,0.000430034
clsvof,0.837072,0.000427831
clsvof,0.837169,0.000425585
clsvof,0.837266,0.000423297
clsvof,0.837364,0.000420968
clsvof,0.837461,0.000418599
clsvof,0.837559,0.00041619
clsvof,0.837656,0.000413743
clsvof,0.837754,0.000411261
clsvof,0.837851,0.000408743
clsvof,0.837949,0.000406189
clsvof,0.838046,0.000403598
clsvof,0.838143,0.000400972
clsvof,0.838241,0.000398312
clsvof,0.838338,0.000395615
clsvof,0.838436,0.000392882
clsvof,0.838533,0.000390113
clsvof,0.838631,0.000387306
clsvof,0.838728,0.000384464
clsvof,0.838826,0.000381587
clsvof,0.838923,0.000378679
clsvof,0.83902,0.000375742
clsvof,0.839118,0.000372776
clsvof,0.839215,0.000369782
clsvof,0.839313,0.000366759
clsvof,0.83941,0.000363707
clsvof,0.839508,0.000360629
clsvof,0.839605,0.00035752
clsvof,0.839703,0.000354379
clsvof,0.8398,0.000351204
clsvof,0.839898,0.000347995
clsvof,0.839995,0.00034476
clsvof,0.840092,0.000341499
clsvof,0.84019,0.000338215
clsvof,0.840287,0.000334911
clsvof,0.840385,0.000331589
clsvof,0.840482,0.000328251
clsvof,0.84058,0.000324897
clsvof,0.840677,0.000321531
clsvof,0.840775,0.00031815
clsvof,0.840872,0.000314753
clsvof,0.840969,0.000311342
clsvof,0.841067,0.000307919
clsvof,0.841164,0.000304486
clsvof,0.841262,0.000301042
clsvof,0.841359,0.000297586
clsvof,0.841457,0.000294117
clsvof,0.841554,0.000290636
clsvof,0.841652,0.000287142
clsvof,0.841749,0.000283636
clsvof,0.841846,0.000280117
clsvof,0.841944,0.000276581
clsvof,0.842041,0.000273039
clsvof,0.842139,0.000269489
clsvof,0.842236,0.000265934
clsvof,0.842334,0.000262376
clsvof,0.842431,0.000258812
clsvof,0.842529,0.000255242
clsvof,0.842626,0.000251672
clsvof,0.842723,0.000248103
clsvof,0.842821,0.000244532
clsvof,0.842918,0.000240959
clsvof,0.843016,0.000237383
clsvof,0.843113,0.000233812
clsvof,0.843211,0.000230249
clsvof,0.843308,0.000226694
clsvof,0.843406,0.000223146
clsvof,0.843503,0.000219604
clsvof,0.8436,0.000216067
clsvof,0.843698,0.000212538
clsvof,0.843795,0.000209017
clsvof,0.843893,0.000205504
clsvof,0.84399,0.000201999
clsvof,0.844088,0.000198503
clsvof,0.844185,0.000195014
clsvof,0.844283,0.000191534
clsvof,0.84438,0.000188059
clsvof,0.844477,0.000184594
clsvof,0.844575,0.000181135
clsvof,0.844672,0.000177687
clsvof,0.84477,0.000174248
clsvof,0.844867,0.000170819
clsvof,0.844965,0.000167406
clsvof,0.845062,0.000164014
clsvof,0.84516,0.00016064
clsvof,0.845257,0.000157282
clsvof,0.845355,0.000153941
clsvof,0.845452,0.000150623
clsvof,0.845549,0.00014733
clsvof,0.845647,0.000144063
clsvof,0.845744,0.000140825
clsvof,0.845842,0.000137614
clsvof,0.845939,0.000134429
clsvof,0.846037,0.000131269
clsvof,0.846134,0.000128135
clsvof,0.846232,0.000125027
clsvof,0.846329,0.000121944
clsvof,0.846426,0.000118888
clsvof,0.846524,0.00011586
clsvof,0.846621,0.000112859
clsvof,0.846719,0.000109885
clsvof,0.846816,0.000106938
clsvof,0.846914,0.000104018
clsvof,0.847011,0.000101126
clsvof,0.847109,9.82636e-05
clsvof,0.847206,9.543e-05
clsvof,0.847303,9.26263e-05
clsvof,0.847401,8.98537e-05
clsvof,0.847498,8.71135e-05
clsvof,0.847596,8.44076e-05
clsvof,0.847693,8.17381e-05
clsvof,0.847791,7.9107e-05
clsvof,0.847888,7.65164e-05
clsvof,0.847986,7.39681e-05
clsvof,0.848083,7.14633e-05
clsvof,0.84818,6.90039e-05
clsvof,0.848278,6.65882e-05
clsvof,0.848375,6.42259e-05
clsvof,0.848473,6.18998e-05
clsvof,0.84857,5.96156e-05
clsvof,0.848668,5.73742e-05
clsvof,0.848765,5.51745e-05
clsvof,0.848863,5.30157e-05
clsvof,0.84896,5.08972e-05
clsvof,0.849057,4.88187e-05
clsvof,0.849155,4.67803e-05
clsvof,0.849252,4.47825e-05
clsvof,0.84935,4.28259e-05
clsvof,0.849447,4.09113e-05
clsvof,0.849545,3.90397e-05
clsvof,0.849642,3.72118e-05
clsvof,0.84974,3.54286e-05
clsvof,0.849837,3.36907e-05
clsvof,0.849935,3.19988e-05
clsvof,0.850032,3.0354e-05
clsvof,0.850129,2.8757e-05
clsvof,0.850227,2.72084e-05
clsvof,0.850324,2.57092e-05
clsvof,0.850422,2.426e-05
clsvof,0.850519,2.2862e-05
clsvof,0.850617,2.15154e-05
clsvof,0.850714,2.02212e-05
clsvof,0.850812,1.89795e-05
clsvof,0.850909,1.7791e-05
clsvof,0.851006,1.66556e-05
clsvof,0.851104,1.55733e-05
clsvof,0.851201,1.45438e-05
clsvof,0.851299,1.35694e-05
clsvof,0.851396,1.26434e-05
clsvof,0.851494,1.17697e-05
clsvof,0.851591,1.09456e-05
clsvof,0.851689,1.01727e-05
clsvof,0.851786,9.44947e-06
clsvof,0.851883,8.77573e-06
clsvof,0.851981,8.15118e-06
clsvof,0.852078,7.57616e-06
clsvof,0.852176,7.05074e-06
clsvof,0.852273,6.57574e-06
clsvof,0.852371,6.15178e-06
clsvof,0.852468,5.77967e-06
clsvof,0.852566,5.4603e-06
clsvof,0.852663,5.19437e-06
clsvof,0.85276,4.98244e-06
clsvof,0.852858,4.82562e-06
clsvof,0.852955,4.72396e-06
clsvof,0.853053,4.6781e-06
clsvof,0.85315,4.68789e-06
clsvof,0.853248,4.75383e-06
clsvof,0.853345,4.87535e-06
clsvof,0.853443,5.05258e-06
clsvof,0.85354,5.28481e-06
clsvof,0.853637,5.57242e-06
clsvof,0.853735,5.91405e-06
clsvof,0.853832,6.30977e-06
clsvof,0.85393,6.75873e-06
clsvof,0.854027,7.26085e-06
clsvof,0.854125,7.81513e-06
clsvof,0.854222,8.42134e-06
clsvof,0.85432,9.07889e-06
clsvof,0.854417,9.7876e-06
clsvof,0.854515,1.05467e-05
clsvof,0.854612,1.13563e-05
clsvof,0.854709,1.22156e-05
clsvof,0.854807,1.31248e-05
clsvof,0.854904,1.40834e-05
clsvof,0.855002,1.50917e-05
clsvof,0.855099,1.61495e-05
clsvof,0.855197,1.72571e-05
clsvof,0.855294,1.84145e-05
clsvof,0.855392,1.96221e-05
clsvof,0.855489,2.08802e-05
clsvof,0.855586,2.2187e-05
clsvof,0.855684,2.35452e-05
clsvof,0.855781,2.49549e-05
clsvof,0.855879,2.64158e-05
clsvof,0.855976,2.79277e-05
clsvof,0.856074,2.94903e-05
clsvof,0.856171,3.11039e-05
clsvof,0.856269,3.27679e-05
clsvof,0.856366,3.4482e-05
clsvof,0.856463,3.6245e-05
clsvof,0.856561,3.80533e-05
clsvof,0.856658,3.99104e-05
clsvof,0.856756,4.18138e-05
clsvof,0.856853,4.37613e-05
clsvof,0.856951,4.57524e-05
clsvof,0.857048,4.77856e-05
clsvof,0.857146,4.98604e-05
clsvof,0.857243,5.19757e-05
clsvof,0.85734,5.4131e-05
clsvof,0.857438,5.63258e-05
clsvof,0.857535,5.85598e-05
clsvof,0.857633,6.08329e-05
clsvof,0.85773,6.31451e-05
clsvof,0.857828,6.54964e-05
clsvof,0.857925,6.78872e-05
clsvof,0.858023,7.03177e-05
clsvof,0.85812,7.27881e-05
clsvof,0.858217,7.52983e-05
clsvof,0.858315,7.78487e-05
clsvof,0.858412,8.04387e-05
clsvof,0.85851,8.30684e-05
clsvof,0.858607,8.5737e-05
clsvof,0.858705,8.84439e-05
clsvof,0.858802,9.11881e-05
clsvof,0.8589,9.39686e-05
clsvof,0.858997,9.67837e-05
clsvof,0.859095,9.96325e-05
clsvof,0.859192,0.000102513
clsvof,0.859289,0.000105425
clsvof,0.859387,0.000108367
clsvof,0.859484,0.000111336
clsvof,0.859582,0.000114333
clsvof,0.859679,0.000117355
clsvof,0.859777,0.000120404
clsvof,0.859874,0.000123477
clsvof,0.859972,0.000126571
clsvof,0.860069,0.000129687
clsvof,0.860166,0.000132829
clsvof,0.860264,0.000135995
clsvof,0.860361,0.000139185
clsvof,0.860459,0.000142397
clsvof,0.860556,0.000145631
clsvof,0.860654,0.000148887
clsvof,0.860751,0.000152168
clsvof,0.860849,0.000155473
clsvof,0.860946,0.000158803
clsvof,0.861043,0.000162152
clsvof,0.861141,0.000165517
clsvof,0.861238,0.000168896
clsvof,0.861336,0.000172295
clsvof,0.861433,0.000175713
clsvof,0.861531,0.000179147
clsvof,0.861628,0.000182597
clsvof,0.861726,0.000186061
clsvof,0.861823,0.000189529
clsvof,0.86192,0.000193007
clsvof,0.862018,0.000196494
clsvof,0.862115,0.000199991
clsvof,0.862213,0.000203494
clsvof,0.86231,0.000207003
clsvof,0.862408,0.000210518
clsvof,0.862505,0.000214036
clsvof,0.862603,0.00021756
clsvof,0.8627,0.000221087
clsvof,0.862797,0.000224617
clsvof,0.862895,0.000228151
clsvof,0.862992,0.000231688
clsvof,0.86309,0.000235227
clsvof,0.863187,0.000238769
clsvof,0.863285,0.000242313
clsvof,0.863382,0.000245858
clsvof,0.86348,0.000249406
clsvof,0.863577,0.000252957
clsvof,0.863674,0.000256509
clsvof,0.863772,0.000260055
clsvof,0.863869,0.000263594
clsvof,0.863967,0.000267123
clsvof,0.864064,0.000270645
clsvof,0.864162,0.00027416
clsvof,0.864259,0.000277668
clsvof,0.864357,0.000281166
clsvof,0.864454,0.000284652
clsvof,0.864552,0.000288125
clsvof,0.864649,0.000291586
clsvof,0.864746,0.00029503
clsvof,0.864844,0.000298458
clsvof,0.864941,0.000301869
clsvof,0.865039,0.000305263
clsvof,0.865136,0.000308639
clsvof,0.865234,0.000311998
clsvof,0.865331,0.000315338
clsvof,0.865429,0.00031866
clsvof,0.865526,0.000321963
clsvof,0.865623,0.000325248
clsvof,0.865721,0.000328509
clsvof,0.865818,0.000331752
clsvof,0.865916,0.000334979
clsvof,0.866013,0.000338191
clsvof,0.866111,0.000341383
clsvof,0.866208,0.000344553
clsvof,0.866306,0.0003477
clsvof,0.866403,0.000350827
clsvof,0.8665,0.000353935
clsvof,0.866598,0.000357016
clsvof,0.866695,0.000360067
clsvof,0.866793,0.000363088
clsvof,0.86689,0.000366084
clsvof,0.866988,0.000369041
clsvof,0.867085,0.000371972
clsvof,0.867183,0.000374872
clsvof,0.86728,0.000377742
clsvof,0.867377,0.00038058
clsvof,0.867475,0.000383384
clsvof,0.867572,0.000386154
clsvof,0.86767,0.000388889
clsvof,0.867767,0.000391588
clsvof,0.867865,0.00039425
clsvof,0.867962,0.000396874
clsvof,0.86806,0.000399462
clsvof,0.868157,0.000402014
clsvof,0.868254,0.000404531
clsvof,0.868352,0.000407012
clsvof,0.868449,0.00040946
clsvof,0.868547,0.000411875
clsvof,0.868644,0.000414254
clsvof,0.868742,0.000416603
clsvof,0.868839,0.000418917
clsvof,0.868937,0.00042119
clsvof,0.869034,0.000423425
clsvof,0.869132,0.000425623
clsvof,0.869229,0.000427781
clsvof,0.869326,0.000429899
clsvof,0.869424,0.000431973
clsvof,0.869521,0.000434002
clsvof,0.869619,0.000435981
clsvof,0.869716,0.000437912
clsvof,0.869814,0.000439794
clsvof,0.869911,0.000441627
clsvof,0.870009,0.000443413
clsvof,0.870106,0.00044515
clsvof,0.870203,0.000446846
clsvof,0.870301,0.000448481
clsvof,0.870398,0.000450065
clsvof,0.870496,0.000451593
clsvof,0.870593,0.000453071
clsvof,0.870691,0.000454496
clsvof,0.870788,0.000455873
clsvof,0.870886,0.000457204
clsvof,0.870983,0.00045849
clsvof,0.87108,0.000459732
clsvof,0.871178,0.000460929
clsvof,0.871275,0.000462081
clsvof,0.871373,0.000463182
clsvof,0.87147,0.000464237
clsvof,0.871568,0.000465243
clsvof,0.871665,0.0004662
clsvof,0.871763,0.000467103
clsvof,0.87186,0.000467953
clsvof,0.871957,0.00046875
clsvof,0.872055,0.000469502
clsvof,0.872152,0.000470198
clsvof,0.87225,0.00047084
clsvof,0.872347,0.000471428
clsvof,0.872445,0.000471962
clsvof,0.872542,0.000472442
clsvof,0.87264,0.000472866
clsvof,0.872737,0.000473235
clsvof,0.872834,0.000473549
clsvof,0.872932,0.000473812
clsvof,0.873029,0.000474026
clsvof,0.873127,0.000474189
clsvof,0.873224,0.000474294
clsvof,0.873322,0.000474343
clsvof,0.873419,0.000474337
clsvof,0.873517,0.000474278
clsvof,0.873614,0.000474171
clsvof,0.873712,0.000474012
clsvof,0.873809,0.000473802
clsvof,0.873906,0.000473536
clsvof,0.874004,0.000473219
clsvof,0.874101,0.000472853
clsvof,0.874199,0.000472435
clsvof,0.874296,0.000471965
clsvof,0.874394,0.000471444
clsvof,0.874491,0.000470863
clsvof,0.874589,0.000470234
clsvof,0.874686,0.000469545
clsvof,0.874783,0.000468798
clsvof,0.874881,0.000467999
clsvof,0.874978,0.000467149
clsvof,0.875076,0.000466245
clsvof,0.875173,0.000465288
clsvof,0.875271,0.000464278
clsvof,0.875368,0.000463216
clsvof,0.875466,0.000462101
clsvof,0.875563,0.000460933
clsvof,0.87566,0.000459713
clsvof,0.875758,0.000458444
clsvof,0.875855,0.000457128
clsvof,0.875953,0.000455763
clsvof,0.87605,0.00045435
clsvof,0.876148,0.000452888
clsvof,0.876245,0.000451381
clsvof,0.876343,0.000449828
clsvof,0.87644,0.000448236
clsvof,0.876537,0.000446593
clsvof,0.876635,0.00044491
clsvof,0.876732,0.000443182
clsvof,0.87683,0.000441409
clsvof,0.876927,0.000439592
clsvof,0.877025,0.000437727
clsvof,0.877122,0.000435817
clsvof,0.87722,0.000433859
clsvof,0.877317,0.000431856
clsvof,0.877414,0.000429807
clsvof,0.877512,0.000427709
clsvof,0.877609,0.000425564
clsvof,0.877707,0.000423372
clsvof,0.877804,0.000421138
clsvof,0.877902,0.000418866
clsvof,0.877999,0.000416555
clsvof,0.878097,0.000414207
clsvof,0.878194,0.000411819
clsvof,0.878292,0.000409396
clsvof,0.878389,0.00040694
clsvof,0.878486,0.000404447
clsvof,0.878584,0.000401915
clsvof,0.878681,0.000399346
clsvof,0.878779,0.000396741
clsvof,0.878876,0.0003941
clsvof,0.878974,0.000391423
clsvof,0.879071,0.000388712
clsvof,0.879169,0.000385964
clsvof,0.879266,0.000383179
clsvof,0.879363,0.000380361
clsvof,0.879461,0.000377508
clsvof,0.879558,0.000374626
clsvof,0.879656,0.000371715
clsvof,0.879753,0.000368779
clsvof,0.879851,0.000365814
clsvof,0.879948,0.000362821
clsvof,0.880046,0.000359797
clsvof,0.880143,0.000356748
clsvof,0.88024,0.000353667
clsvof,0.880338,0.000350552
clsvof,0.880435,0.000347404
clsvof,0.880533,0.000344227
clsvof,0.88063,0.000341022
clsvof,0.880728,0.000337787
clsvof,0.880825,0.000334528
clsvof,0.880923,0.00033125
clsvof,0.88102,0.000327958
clsvof,0.881117,0.000324652
clsvof,0.881215,0.000321333
clsvof,0.881312,0.000318003
clsvof,0.88141,0.00031466
clsvof,0.881507,0.000311306
clsvof,0.881605,0.000307939
clsvof,0.881702,0.000304558
clsvof,0.8818,0.000301163
clsvof,0.881897,0.000297755
clsvof,0.881994,0.000294335
clsvof,0.882092,0.000290903
clsvof,0.882189,0.000287458
clsvof,0.882287,0.000284001
clsvof,0.882384,0.00028053
clsvof,0.882482,0.000277047
clsvof,0.882579,0.000273553
clsvof,0.882677,0.000270051
clsvof,0.882774,0.000266541
clsvof,0.882871,0.000263024
clsvof,0.882969,0.000259499
clsvof,0.883066,0.000255967
clsvof,0.883164,0.000252431
clsvof,0.883261,0.00024889
clsvof,0.883359,0.000245347
clsvof,0.883456,0.000241803
clsvof,0.883554,0.000238257
clsvof,0.883651,0.000234708
clsvof,0.883749,0.00023116
clsvof,0.883846,0.000227616
clsvof,0.883943,0.00022408
clsvof,0.884041,0.000220552
clsvof,0.884138,0.000217031
clsvof,0.884236,0.000213518
clsvof,0.884333,0.000209969
clsvof,0.884431,0.000206473
clsvof,0.884528,0.000202985
clsvof,0.884626,0.000199506
clsvof,0.884723,0.000196034
clsvof,0.88482,0.000192571
clsvof,0.884918,0.000189114
clsvof,0.885015,0.000185665
clsvof,0.885113,0.000182223
clsvof,0.88521,0.000178788
clsvof,0.885308,0.000175362
clsvof,0.885405,0.000171949
clsvof,0.885503,0.000168552
clsvof,0.8856,0.000165167
clsvof,0.885697,0.000161802
clsvof,0.885795,0.000158456
clsvof,0.885892,0.000155133
clsvof,0.88599,0.000151833
clsvof,0.886087,0.00014856
clsvof,0.886185,0.000145312
clsvof,0.886282,0.000142088
clsvof,0.88638,0.000138891
clsvof,0.886477,0.00013572
clsvof,0.886574,0.000132574
clsvof,0.886672,0.000129454
clsvof,0.886769,0.000126359
clsvof,0.886867,0.000123291
clsvof,0.886964,0.000120248
clsvof,0.887062,0.000117229
clsvof,0.887159,0.000114236
clsvof,0.887257,0.00011127
clsvof,0.887354,0.00010833
clsvof,0.887451,0.00010542
clsvof,0.887549,0.000102538
clsvof,0.887646,9.96847e-05
clsvof,0.887744,9.68581e-05
clsvof,0.887841,9.40591e-05
clsvof,0.887939,9.12891e-05
clsvof,0.888036,8.85497e-05
clsvof,0.888134,8.5842e-05
clsvof,0.888231,8.31676e-05
clsvof,0.888329,8.05285e-05
clsvof,0.888426,7.7927e-05
clsvof,0.888523,7.53654e-05
clsvof,0.888621,7.28456e-05
clsvof,0.888718,7.03693e-05
clsvof,0.888816,6.79374e-05
clsvof,0.888913,6.55502e-05
clsvof,0.889011,6.32074e-05
clsvof,0.889108,6.09084e-05
clsvof,0.889206,5.86522e-05
clsvof,0.889303,5.64379e-05
clsvof,0.8894,5.42643e-05
clsvof,0.889498,5.21308e-05
clsvof,0.889595,5.00369e-05
clsvof,0.889693,4.79824e-05
clsvof,0.88979,4.59677e-05
clsvof,0.889888,4.39933e-05
clsvof,0.889985,4.20602e-05
clsvof,0.890083,4.01693e-05
clsvof,0.89018,3.83219e-05
clsvof,0.890277,3.65189e-05
clsvof,0.890375,3.47611e-05
clsvof,0.890472,3.30497e-05
clsvof,0.89057,3.13853e-05
clsvof,0.890667,2.97681e-05
clsvof,0.890765,2.81991e-05
clsvof,0.890862,2.66786e-05
clsvof,0.89096,2.52072e-05
clsvof,0.891057,2.37851e-05
clsvof,0.891154,2.24131e-05
clsvof,0.891252,2.10913e-05
clsvof,0.891349,1.9821e-05
clsvof,0.891447,1.86025e-05
clsvof,0.891544,1.74363e-05
clsvof,0.891642,1.63227e-05
clsvof,0.891739,1.5262e-05
clsvof,0.891837,1.42539e-05
clsvof,0.891934,1.32982e-05
clsvof,0.892031,1.2394e-05
clsvof,0.892129,1.15413e-05
clsvof,0.892226,1.07387e-05
clsvof,0.892324,9.98588e-06
clsvof,0.892421,9.2819e-06
clsvof,0.892519,8.62651e-06
clsvof,0.892616,8.01949e-06
clsvof,0.892714,7.4609e-06
clsvof,0.892811,6.95121e-06
clsvof,0.892909,6.49111e-06
clsvof,0.893006,6.08132e-06
clsvof,0.893103,5.72281e-06
clsvof,0.893201,5.41632e-06
clsvof,0.893298,5.16281e-06
clsvof,0.893396,4.96293e-06
clsvof,0.893493,4.8173e-06
clsvof,0.893591,4.72613e-06
clsvof,0.893688,4.68976e-06
clsvof,0.893786,4.70812e-06
clsvof,0.893883,4.78132e-06
clsvof,0.89398,4.90834e-06
clsvof,0.894078,5.09054e-06
clsvof,0.894175,5.32705e-06
clsvof,0.894273,5.61777e-06
clsvof,0.89437,5.96207e-06
clsvof,0.894468,6.36014e-06
clsvof,0.894565,6.81116e-06
clsvof,0.894663,7.31534e-06
clsvof,0.89476,7.87206e-06
clsvof,0.894857,8.48131e-06
clsvof,0.894955,9.14229e-06
clsvof,0.895052,9.85509e-06
clsvof,0.89515,1.06189e-05
clsvof,0.895247,1.14337e-05
clsvof,0.895345,1.22986e-05
clsvof,0.895442,1.32137e-05
clsvof,0.89554,1.41782e-05
clsvof,0.895637,1.51921e-05
clsvof,0.895734,1.6255e-05
clsvof,0.895832,1.73671e-05
clsvof,0.895929,1.85283e-05
clsvof,0.896027,1.9739e-05
clsvof,0.896124,2.09993e-05
clsvof,0.896222,2.23097e-05
clsvof,0.896319,2.36703e-05
clsvof,0.896417,2.50815e-05
clsvof,0.896514,2.65434e-05
clsvof,0.896611,2.80556e-05
clsvof,0.896709,2.96178e-05
clsvof,0.896806,3.12297e-05
clsvof,0.896904,3.28905e-05
clsvof,0.897001,3.45991e-05
clsvof,0.897099,3.63547e-05
clsvof,0.897196,3.81564e-05
clsvof,0.897294,4.0003e-05
clsvof,0.897391,4.18937e-05
clsvof,0.897489,4.38277e-05
clsvof,0.897586,4.58041e-05
clsvof,0.897683,4.78223e-05
clsvof,0.897781,4.98817e-05
clsvof,0.897878,5.1982e-05
clsvof,0.897976,5.41224e-05
clsvof,0.898073,5.63026e-05
clsvof,0.898171,5.85225e-05
clsvof,0.898268,6.07818e-05
clsvof,0.898366,6.30805e-05
clsvof,0.898463,6.54184e-05
clsvof,0.89856,6.77954e-05
clsvof,0.898658,7.02115e-05
clsvof,0.898755,7.26669e-05
clsvof,0.898853,7.51615e-05
clsvof,0.89895,7.76968e-05
clsvof,0.899048,8.02641e-05
clsvof,0.899145,8.28752e-05
clsvof,0.899243,8.5526e-05
clsvof,0.89934,8.82147e-05
clsvof,0.899437,9.09406e-05
clsvof,0.899535,9.37026e-05
clsvof,0.899632,9.64983e-05
clsvof,0.89973,9.93291e-05
clsvof,0.899827,0.000102192
clsvof,0.899925,0.000105086
clsvof,0.900022,0.000108008
clsvof,0.90012,0.000110959
clsvof,0.900217,0.000113937
clsvof,0.900314,0.00011694
clsvof,0.900412,0.000119968
clsvof,0.900509,0.000123019
clsvof,0.900607,0.000126094
clsvof,0.900704,0.000129189
clsvof,0.900802,0.000132305
clsvof,0.900899,0.000135445
clsvof,0.900997,0.000138608
clsvof,0.901094,0.000141793
clsvof,0.901191,0.000144999
clsvof,0.901289,0.000148227
clsvof,0.901386,0.000151475
clsvof,0.901484,0.000154746
clsvof,0.901581,0.00015804
clsvof,0.901679,0.000161352
clsvof,0.901776,0.000164684
clsvof,0.901874,0.000168029
clsvof,0.901971,0.000171387
clsvof,0.902068,0.000174763
clsvof,0.902166,0.000178153
clsvof,0.902263,0.000181559
clsvof,0.902361,0.000184977
clsvof,0.902458,0.000188407
clsvof,0.902556,0.000191848
clsvof,0.902653,0.000195298
clsvof,0.902751,0.000198755
clsvof,0.902848,0.000202213
clsvof,0.902946,0.000205674
clsvof,0.903043,0.000209142
clsvof,0.90314,0.000212616
clsvof,0.903238,0.000216094
clsvof,0.903335,0.000219576
clsvof,0.903433,0.000223063
clsvof,0.90353,0.000226554
clsvof,0.903628,0.000230049
clsvof,0.903725,0.000233547
clsvof,0.903823,0.000237051
clsvof,0.90392,0.000240551
clsvof,0.904017,0.000244058
clsvof,0.904115,0.000247569
clsvof,0.904212,0.000251082
clsvof,0.90431,0.000254589
clsvof,0.904407,0.000258087
clsvof,0.904505,0.000261581
clsvof,0.904602,0.000265073
clsvof,0.9047,0.00026856
clsvof,0.904797,0.000272039
clsvof,0.904894,0.000275511
clsvof,0.904992,0.000278975
clsvof,0.905089,0.000282429
clsvof,0.905187,0.000285872
clsvof,0.905284,0.000289301
clsvof,0.905382,0.000292715
clsvof,0.905479,0.000296115
clsvof,0.905577,0.000299499
clsvof,0.905674,0.000302866
clsvof,0.905771,0.000306218
clsvof,0.905869,0.000309553
clsvof,0.905966,0.00031287
clsvof,0.906064,0.000316169
clsvof,0.906161,0.00031945
clsvof,0.906259,0.000322712
clsvof,0.906356,0.000325955
clsvof,0.906454,0.000329181
clsvof,0.906551,0.000332382
clsvof,0.906648,0.000335566
clsvof,0.906746,0.00033873
clsvof,0.906843,0.000341871
clsvof,0.906941,0.000344989
clsvof,0.907038,0.000348086
clsvof,0.907136,0.000351164
clsvof,0.907233,0.000354214
clsvof,0.907331,0.000357233
clsvof,0.907428,0.000360221
clsvof,0.907526,0.000363178
clsvof,0.907623,0.000366104
clsvof,0.90772,0.000369003
clsvof,0.907818,0.000371871
clsvof,0.907915,0.000374708
clsvof,0.908013,0.000377512
clsvof,0.90811,0.000380283
clsvof,0.908208,0.000383021
clsvof,0.908305,0.000385725
clsvof,0.908403,0.000388394
clsvof,0.9085,0.000391027
clsvof,0.908597,0.000393623
clsvof,0.908695,0.000396183
clsvof,0.908792,0.000398705
clsvof,0.90889,0.000401191
clsvof,0.908987,0.000403644
clsvof,0.909085,0.000406064
clsvof,0.909182,0.000408452
clsvof,0.90928,0.000410808
clsvof,0.909377,0.000413127
clsvof,0.909474,0.000415407
clsvof,0.909572,0.000417648
clsvof,0.909669,0.000419847
clsvof,0.909767,0.000422007
clsvof,0.909864,0.000424127
clsvof,0.909962,0.000426204
clsvof,0.910059,0.000428238
clsvof,0.910157,0.000430227
clsvof,0.910254,0.00043217
clsvof,0.910351,0.000434066
clsvof,0.910449,0.000435918
clsvof,0.910546,0.000437721
clsvof,0.910644,0.000439477
clsvof,0.910741,0.000441185
clsvof,0.910839,0.000442844
clsvof,0.910936,0.000444455
clsvof,0.911034,0.000446014
clsvof,0.911131,0.000447521
clsvof,0.911228,0.000448979
clsvof,0.911326,0.00045039
clsvof,0.911423,0.000451752
clsvof,0.911521,0.000453071
clsvof,0.911618,0.000454344
clsvof,0.911716,0.000455576
clsvof,0.911813,0.000456766
clsvof,0.911911,0.000457913
clsvof,0.912008,0.000459009
clsvof,0.912106,0.000460057
clsvof,0.912203,0.000461055
clsvof,0.9123,0.000462002
clsvof,0.912398,0.000462995
clsvof,0.912495,0.000463838
clsvof,0.912593,0.000464625
clsvof,0.91269,0.000465367
clsvof,0.912788,0.000466052
clsvof,0.912885,0.000466683
clsvof,0.912983,0.000467261
clsvof,0.91308,0.000467787
clsvof,0.913177,0.000468257
clsvof,0.913275,0.00046867
clsvof,0.913372,0.000469029
clsvof,0.91347,0.000469334
clsvof,0.913567,0.000469585
clsvof,0.913665,0.000469784
clsvof,0.913762,0.000469932
clsvof,0.91386,0.000470018
clsvof,0.913957,0.000470049
clsvof,0.914054,0.000470023
clsvof,0.914152,0.00046994
clsvof,0.914249,0.000469803
clsvof,0.914347,0.000469615
clsvof,0.914444,0.000469378
clsvof,0.914542,0.000469094
clsvof,0.914639,0.00046876
clsvof,0.914737,0.000468372
clsvof,0.914834,0.000467928
clsvof,0.914931,0.000467429
clsvof,0.915029,0.000466876
clsvof,0.915126,0.000466267
clsvof,0.915224,0.000465606
clsvof,0.915321,0.000464886
clsvof,0.915419,0.000464109
clsvof,0.915516,0.000463279
clsvof,0.915614,0.000462399
clsvof,0.915711,0.000461465
clsvof,0.915808,0.000460478
clsvof,0.915906,0.000459437
clsvof,0.916003,0.000458346
clsvof,0.916101,0.000457203
clsvof,0.916198,0.000456007
clsvof,0.916296,0.000454762
clsvof,0.916393,0.000453472
clsvof,0.916491,0.000452136
clsvof,0.916588,0.000450754
clsvof,0.916686,0.000449327
clsvof,0.916783,0.000447854
clsvof,0.91688,0.000446337
clsvof,0.916978,0.000444779
clsvof,0.917075,0.000443171
clsvof,0.917173,0.000441522
clsvof,0.91727,0.00043983
clsvof,0.917368,0.000438095
clsvof,0.917465,0.000436316
clsvof,0.917563,0.000434494
clsvof,0.91766,0.000432627
clsvof,0.917757,0.000430714
clsvof,0.917855,0.000428753
clsvof,0.917952,0.000426746
clsvof,0.91805,0.000424691
clsvof,0.918147,0.000422582
clsvof,0.918245,0.000420434
clsvof,0.918342,0.000418242
clsvof,0.91844,0.000416011
clsvof,0.918537,0.000413744
clsvof,0.918634,0.00041144
clsvof,0.918732,0.000409098
clsvof,0.918829,0.000406719
clsvof,0.918927,0.000404307
clsvof,0.919024,0.000401861
clsvof,0.919122,0.000399379
clsvof,0.919219,0.000396861
clsvof,0.919317,0.000394308
clsvof,0.919414,0.000391722
clsvof,0.919511,0.000389102
clsvof,0.919609,0.000386445
clsvof,0.919706,0.000383758
clsvof,0.919804,0.000381038
clsvof,0.919901,0.000378282
clsvof,0.919999,0.000375494
clsvof,0.920096,0.000372673
clsvof,0.920194,0.000369821
clsvof,0.920291,0.000366942
clsvof,0.920388,0.000364033
clsvof,0.920486,0.000361096
clsvof,0.920583,0.000358129
clsvof,0.920681,0.000355132
clsvof,0.920778,0.000352109
clsvof,0.920876,0.000349057
clsvof,0.920973,0.000345967
clsvof,0.921071,0.000342848
clsvof,0.921168,0.000339699
clsvof,0.921266,0.000336521
clsvof,0.921363,0.000333321
clsvof,0.92146,0.000330102
clsvof,0.921558,0.000326864
clsvof,0.921655,0.00032361
clsvof,0.921753,0.000320342
clsvof,0.92185,0.00031706
clsvof,0.921948,0.000313765
clsvof,0.922045,0.000310459
clsvof,0.922143,0.000307138
clsvof,0.92224,0.000303805
clsvof,0.922337,0.000300453
clsvof,0.922435,0.000297085
clsvof,0.922532,0.000293706
clsvof,0.92263,0.000290316
clsvof,0.922727,0.000286915
clsvof,0.922825,0.000283504
clsvof,0.922922,0.000280081
clsvof,0.92302,0.000276648
clsvof,0.923117,0.000273203
clsvof,0.923214,0.000269747
clsvof,0.923312,0.000266279
clsvof,0.923409,0.000262802
clsvof,0.923507,0.000259319
clsvof,0.923604,0.000255832
clsvof,0.923702,0.000252341
clsvof,0.923799,0.000248843
clsvof,0.923897,0.000245344
clsvof,0.923994,0.000241847
clsvof,0.924091,0.00023835
clsvof,0.924189,0.00023485
clsvof,0.924286,0.000231354
clsvof,0.924384,0.000227862
clsvof,0.924481,0.000224375
clsvof,0.924579,0.000220897
clsvof,0.924676,0.000217427
clsvof,0.924774,0.000213965
clsvof,0.924871,0.00021051
clsvof,0.924968,0.000207062
clsvof,0.925066,0.000203621
clsvof,0.925163,0.000200187
clsvof,0.925261,0.00019676
clsvof,0.925358,0.000193341
clsvof,0.925456,0.000189929
clsvof,0.925553,0.000186526
clsvof,0.925651,0.00018313
clsvof,0.925748,0.000179744
clsvof,0.925845,0.000176367
clsvof,0.925943,0.000173001
clsvof,0.92604,0.000169642
clsvof,0.926138,0.000166299
clsvof,0.926235,0.000162969
clsvof,0.926333,0.00015966
clsvof,0.92643,0.000156366
clsvof,0.926528,0.000153094
clsvof,0.926625,0.000149846
clsvof,0.926723,0.000146619
clsvof,0.92682,0.000143413
clsvof,0.926917,0.000140227
clsvof,0.927015,0.000137067
clsvof,0.927112,0.000133932
clsvof,0.92721,0.000130825
clsvof,0.927307,0.000127761
clsvof,0.927405,0.000124703
clsvof,0.927502,0.000121673
clsvof,0.9276,0.000118667
clsvof,0.927697,0.000115686
clsvof,0.927794,0.00011273
clsvof,0.927892,0.0001098
clsvof,0.927989,0.000106894
clsvof,0.928087,0.000104014
clsvof,0.928184,0.000101162
clsvof,0.928282,9.83368e-05
clsvof,0.928379,9.55384e-05
clsvof,0.928477,9.27675e-05
clsvof,0.928574,9.00253e-05
clsvof,0.928671,8.73137e-05
clsvof,0.928769,8.46341e-05
clsvof,0.928866,8.19886e-05
clsvof,0.928964,7.93794e-05
clsvof,0.929061,7.68087e-05
clsvof,0.929159,7.42782e-05
clsvof,0.929256,7.17899e-05
clsvof,0.929354,6.93445e-05
clsvof,0.929451,6.69429e-05
clsvof,0.929548,6.45854e-05
clsvof,0.929646,6.22715e-05
clsvof,0.929743,6.00007e-05
clsvof,0.929841,5.77719e-05
clsvof,0.929938,5.55842e-05
clsvof,0.930036,5.34367e-05
clsvof,0.930133,5.13289e-05
clsvof,0.930231,4.92603e-05
clsvof,0.930328,4.72304e-05
clsvof,0.930425,4.52396e-05
clsvof,0.930523,4.32949e-05
clsvof,0.93062,4.13823e-05
clsvof,0.930718,3.95114e-05
clsvof,0.930815,3.76827e-05
clsvof,0.930913,3.5897e-05
clsvof,0.93101,3.41552e-05
clsvof,0.931108,3.2458e-05
clsvof,0.931205,3.0806e-05
clsvof,0.931303,2.92003e-05
clsvof,0.9314,2.76417e-05
clsvof,0.931497,2.61305e-05
clsvof,0.931595,2.46682e-05
clsvof,0.931692,2.32553e-05
clsvof,0.93179,2.18932e-05
clsvof,0.931887,2.05827e-05
clsvof,0.931985,1.93248e-05
clsvof,0.932082,1.812e-05
clsvof,0.93218,1.69695e-05
clsvof,0.932277,1.58721e-05
clsvof,0.932374,1.48285e-05
clsvof,0.932472,1.38378e-05
clsvof,0.932569,1.28995e-05
clsvof,0.932667,1.20126e-05
clsvof,0.932764,1.11764e-05
clsvof,0.932862,1.03899e-05
clsvof,0.932959,9.65286e-06
clsvof,0.933057,8.96418e-06
clsvof,0.933154,8.32396e-06
clsvof,0.933251,7.73198e-06
clsvof,0.933349,7.18858e-06
clsvof,0.933446,6.69419e-06
clsvof,0.933544,6.24985e-06
clsvof,0.933641,5.85617e-06
clsvof,0.933739,5.5143e-06
clsvof,0.933836,5.22485e-06
clsvof,0.933934,4.98898e-06
clsvof,0.934031,4.80706e-06
clsvof,0.934128,4.68005e-06
clsvof,0.934226,4.6081e-06
clsvof,0.934323,4.59164e-06
clsvof,0.934421,4.63056e-06
clsvof,0.934518,4.72525e-06
clsvof,0.934616,4.8752e-06
clsvof,0.934713,5.08023e-06
clsvof,0.934811,5.33993e-06
clsvof,0.934908,5.65381e-06
clsvof,0.935005,6.0211e-06
clsvof,0.935103,6.44143e-06
clsvof,0.9352,6.91383e-06
clsvof,0.935298,7.43797e-06
clsvof,0.935395,8.01281e-06
clsvof,0.935493,8.63824e-06
clsvof,0.93559,9.31331e-06
clsvof,0.935688,1.0038e-05
clsvof,0.935785,1.08117e-05
clsvof,0.935883,1.16347e-05
clsvof,0.93598,1.2506e-05
clsvof,0.936077,1.34263e-05
clsvof,0.936175,1.43949e-05
clsvof,0.936272,1.54124e-05
clsvof,0.93637,1.64781e-05
clsvof,0.936467,1.75928e-05
clsvof,0.936565,1.87563e-05
clsvof,0.936662,1.99668e-05
clsvof,0.93676,2.12267e-05
clsvof,0.936857,2.25368e-05
clsvof,0.936954,2.38964e-05
clsvof,0.937052,2.53057e-05
clsvof,0.937149,2.67645e-05
clsvof,0.937247,2.82732e-05
clsvof,0.937344,2.98295e-05
clsvof,0.937442,3.14377e-05
clsvof,0.937539,3.30954e-05
clsvof,0.937637,3.48013e-05
clsvof,0.937734,3.65544e-05
clsvof,0.937831,3.83536e-05
clsvof,0.937929,4.01978e-05
clsvof,0.938026,4.20856e-05
clsvof,0.938124,4.40161e-05
clsvof,0.938221,4.59882e-05
clsvof,0.938319,4.80009e-05
clsvof,0.938416,5.00537e-05
clsvof,0.938514,5.21457e-05
clsvof,0.938611,5.42767e-05
clsvof,0.938708,5.64463e-05
clsvof,0.938806,5.86545e-05
clsvof,0.938903,6.09014e-05
clsvof,0.939001,6.31872e-05
clsvof,0.939098,6.55117e-05
clsvof,0.939196,6.78755e-05
clsvof,0.939293,7.02785e-05
clsvof,0.939391,7.27207e-05
clsvof,0.939488,7.52022e-05
clsvof,0.939585,7.77229e-05
clsvof,0.939683,8.02826e-05
clsvof,0.93978,8.28808e-05
clsvof,0.939878,8.55166e-05
clsvof,0.939975,8.81894e-05
clsvof,0.940073,9.08981e-05
clsvof,0.94017,9.36417e-05
clsvof,0.940268,9.64187e-05
clsvof,0.940365,9.92279e-05
clsvof,0.940463,0.000102068
clsvof,0.94056,0.000104937
clsvof,0.940657,0.000107835
clsvof,0.940755,0.000110759
clsvof,0.940852,0.000113709
clsvof,0.94095,0.00011668
clsvof,0.941047,0.000119674
clsvof,0.941145,0.000122693
clsvof,0.941242,0.000125736
clsvof,0.94134,0.000128801
clsvof,0.941437,0.000131888
clsvof,0.941534,0.000134996
clsvof,0.941632,0.000138126
clsvof,0.941729,0.000141278
clsvof,0.941827,0.000144451
clsvof,0.941924,0.000147646
clsvof,0.942022,0.000150864
clsvof,0.942119,0.000154106
clsvof,0.942217,0.000157371
clsvof,0.942314,0.000160654
clsvof,0.942411,0.00016395
clsvof,0.942509,0.000167265
clsvof,0.942606,0.000170599
clsvof,0.942704,0.00017395
clsvof,0.942801,0.000177315
clsvof,0.942899,0.000180694
clsvof,0.942996,0.000184086
clsvof,0.943094,0.000187488
clsvof,0.943191,0.000190898
clsvof,0.943288,0.000194316
clsvof,0.943386,0.000197741
clsvof,0.943483,0.000201173
clsvof,0.943581,0.00020461
clsvof,0.943678,0.000208051
clsvof,0.943776,0.000211497
clsvof,0.943873,0.000214937
clsvof,0.943971,0.000218379
clsvof,0.944068,0.000221825
clsvof,0.944165,0.000225275
clsvof,0.944263,0.00022873
clsvof,0.94436,0.00023219
clsvof,0.944458,0.000235653
clsvof,0.944555,0.000239119
clsvof,0.944653,0.000242589
clsvof,0.94475,0.000246064
clsvof,0.944848,0.000249537
clsvof,0.944945,0.000253005
clsvof,0.945042,0.000256466
clsvof,0.94514,0.000259918
clsvof,0.945237,0.000263365
clsvof,0.945335,0.000266809
clsvof,0.945432,0.000270247
clsvof,0.94553,0.000273674
clsvof,0.945627,0.000277091
clsvof,0.945725,0.000280496
clsvof,0.945822,0.000283887
clsvof,0.94592,0.000287264
clsvof,0.946017,0.000290626
clsvof,0.946114,0.000293973
clsvof,0.946212,0.000297305
clsvof,0.946309,0.000300621
clsvof,0.946407,0.000303921
clsvof,0.946504,0.000307205
clsvof,0.946602,0.000310466
clsvof,0.946699,0.00031371
clsvof,0.946797,0.000316937
clsvof,0.946894,0.000320147
clsvof,0.946991,0.000323342
clsvof,0.947089,0.000326523
clsvof,0.947186,0.000329687
clsvof,0.947284,0.000332831
clsvof,0.947381,0.000335953
clsvof,0.947479,0.000339054
clsvof,0.947576,0.000342135
clsvof,0.947674,0.0003452
clsvof,0.947771,0.00034824
clsvof,0.947868,0.000351252
clsvof,0.947966,0.000354236
clsvof,0.948063,0.000357193
clsvof,0.948161,0.000360122
clsvof,0.948258,0.000363019
clsvof,0.948356,0.000365887
clsvof,0.948453,0.000368727
clsvof,0.948551,0.000371535
clsvof,0.948648,0.000374311
clsvof,0.948745,0.000377054
clsvof,0.948843,0.000379762
clsvof,0.94894,0.000382435
clsvof,0.949038,0.000385072
clsvof,0.949135,0.000387674
clsvof,0.949233,0.00039024
clsvof,0.94933,0.000392772
clsvof,0.949428,0.000395269
clsvof,0.949525,0.000397733
clsvof,0.949622,0.000400162
clsvof,0.94972,0.000402559
clsvof,0.949817,0.000404923
clsvof,0.949915,0.000407255
clsvof,0.950012,0.000409554
clsvof,0.95011,0.000411813
clsvof,0.950207,0.000414035
clsvof,0.950305,0.000416221
clsvof,0.950402,0.000418369
clsvof,0.9505,0.000420477
clsvof,0.950597,0.000422544
clsvof,0.950694,0.000424565
clsvof,0.950792,0.000426539
clsvof,0.950889,0.000428466
clsvof,0.950987,0.000430345
clsvof,0.951084,0.000432178
clsvof,0.951182,0.000433965
clsvof,0.951279,0.000435703
clsvof,0.951377,0.000437393
clsvof,0.951474,0.000439032
clsvof,0.951571,0.00044062
clsvof,0.951669,0.000442162
clsvof,0.951766,0.000443646
clsvof,0.951864,0.000445081
clsvof,0.951961,0.000446467
clsvof,0.952059,0.000447806
clsvof,0.952156,0.000449096
clsvof,0.952254,0.000450349
clsvof,0.952351,0.000451558
clsvof,0.952448,0.00045272
clsvof,0.952546,0.000453834
clsvof,0.952643,0.0004549
clsvof,0.952741,0.000455919
clsvof,0.952838,0.000456888
clsvof,0.952936,0.000457805
clsvof,0.953033,0.000458671
clsvof,0.953131,0.000459486
clsvof,0.953228,0.000460251
clsvof,0.953325,0.000460962
clsvof,0.953423,0.000461621
clsvof,0.95352,0.00046223
clsvof,0.953618,0.000462787
clsvof,0.953715,0.000463288
clsvof,0.953813,0.000463732
clsvof,0.95391,0.000464121
clsvof,0.954008,0.000464456
clsvof,0.954105,0.00046474
clsvof,0.954202,0.000464974
clsvof,0.9543,0.000465156
clsvof,0.954397,0.00046528
clsvof,0.954495,0.000465348
clsvof,0.954592,0.00046536
clsvof,0.95469,0.00046532
clsvof,0.954787,0.000465224
clsvof,0.954885,0.000465076
clsvof,0.954982,0.000464879
clsvof,0.95508,0.000464638
clsvof,0.955177,0.000464353
clsvof,0.955274,0.000464018
clsvof,0.955372,0.000463632
clsvof,0.955469,0.000463194
clsvof,0.955567,0.000462706
clsvof,0.955664,0.000462166
clsvof,0.955762,0.00046157
clsvof,0.955859,0.000460922
clsvof,0.955957,0.000460217
clsvof,0.956054,0.000459454
clsvof,0.956151,0.000458639
clsvof,0.956249,0.000457776
clsvof,0.956346,0.00045686
clsvof,0.956444,0.000455892
clsvof,0.956541,0.000454871
clsvof,0.956639,0.000453802
clsvof,0.956736,0.00045268
clsvof,0.956834,0.000451506
clsvof,0.956931,0.000450282
clsvof,0.957028,0.000449011
clsvof,0.957126,0.000447693
clsvof,0.957223,0.000446329
clsvof,0.957321,0.000444917
clsvof,0.957418,0.000443455
clsvof,0.957516,0.000441957
clsvof,0.957613,0.000440414
clsvof,0.957711,0.000438825
clsvof,0.957808,0.000437193
clsvof,0.957905,0.000435517
clsvof,0.958003,0.000433797
clsvof,0.9581,0.000432042
clsvof,0.958198,0.000430232
clsvof,0.958295,0.000428377
clsvof,0.958393,0.000426475
clsvof,0.95849,0.000424527
clsvof,0.958588,0.000422532
clsvof,0.958685,0.000420491
clsvof,0.958782,0.000418405
clsvof,0.95888,0.000416273
clsvof,0.958977,0.000414098
clsvof,0.959075,0.000411883
clsvof,0.959172,0.000409631
clsvof,0.95927,0.000407339
clsvof,0.959367,0.000405012
clsvof,0.959465,0.000402646
clsvof,0.959562,0.000400247
clsvof,0.95966,0.000397815
clsvof,0.959757,0.000395351
clsvof,0.959854,0.00039285
clsvof,0.959952,0.000390314
clsvof,0.960049,0.000387743
clsvof,0.960147,0.000385137
clsvof,0.960244,0.000382496
clsvof,0.960342,0.000379821
clsvof,0.960439,0.000377111
clsvof,0.960537,0.000374366
clsvof,0.960634,0.000371585
clsvof,0.960731,0.000368773
clsvof,0.960829,0.000365929
clsvof,0.960926,0.000363059
clsvof,0.961024,0.000360163
clsvof,0.961121,0.000357241
clsvof,0.961219,0.000354292
clsvof,0.961316,0.000351311
clsvof,0.961414,0.000348305
clsvof,0.961511,0.000345274
clsvof,0.961608,0.000342213
clsvof,0.961706,0.000339121
clsvof,0.961803,0.000335998
clsvof,0.961901,0.000332851
clsvof,0.961998,0.000329681
clsvof,0.962096,0.000326489
clsvof,0.962193,0.000323277
clsvof,0.962291,0.000320051
clsvof,0.962388,0.000316811
clsvof,0.962485,0.00031356
clsvof,0.962583,0.000310297
clsvof,0.96268,0.000307023
clsvof,0.962778,0.000303739
clsvof,0.962875,0.000300443
clsvof,0.962973,0.000297133
clsvof,0.96307,0.00029381
clsvof,0.963168,0.000290473
clsvof,0.963265,0.000287122
clsvof,0.963362,0.000283759
clsvof,0.96346,0.000280382
clsvof,0.963557,0.000276992
clsvof,0.963655,0.000273588
clsvof,0.963752,0.000270173
clsvof,0.96385,0.000266746
clsvof,0.963947,0.000263311
clsvof,0.964045,0.00025987
clsvof,0.964142,0.000256422
clsvof,0.964239,0.000252969
clsvof,0.964337,0.000249509
clsvof,0.964434,0.000246045
clsvof,0.964532,0.000242579
clsvof,0.964629,0.000239109
clsvof,0.964727,0.00023564
clsvof,0.964824,0.000232174
clsvof,0.964922,0.000228708
clsvof,0.965019,0.000225242
clsvof,0.965117,0.000221778
clsvof,0.965214,0.000218321
clsvof,0.965311,0.00021487
clsvof,0.965409,0.000211427
clsvof,0.965506,0.000207991
clsvof,0.965604,0.000204562
clsvof,0.965701,0.000201139
clsvof,0.965799,0.000197723
clsvof,0.965896,0.000194315
clsvof,0.965994,0.000190914
clsvof,0.966091,0.000187518
clsvof,0.966188,0.000184132
clsvof,0.966286,0.000180754
clsvof,0.966383,0.000177384
clsvof,0.966481,0.000174023
clsvof,0.966578,0.000170672
clsvof,0.966676,0.00016733
clsvof,0.966773,0.000164005
clsvof,0.966871,0.000160693
clsvof,0.966968,0.000157401
clsvof,0.967065,0.000154127
clsvof,0.967163,0.000150874
clsvof,0.96726,0.000147643
clsvof,0.967358,0.000144441
clsvof,0.967455,0.000141267
clsvof,0.967553,0.000138117
clsvof,0.96765,0.00013499
clsvof,0.967748,0.000131886
clsvof,0.967845,0.000128807
clsvof,0.967942,0.000125757
clsvof,0.96804,0.000122734
clsvof,0.968137,0.000119736
clsvof,0.968235,0.000116762
clsvof,0.968332,0.000113812
clsvof,0.96843,0.000110886
clsvof,0.968527,0.000107983
clsvof,0.968625,0.000105105
clsvof,0.968722,0.000102255
clsvof,0.968819,9.94335e-05
clsvof,0.968917,9.66412e-05
clsvof,0.969014,9.38777e-05
clsvof,0.969112,9.11435e-05
clsvof,0.969209,8.84395e-05
clsvof,0.969307,8.57661e-05
clsvof,0.969404,8.31265e-05
clsvof,0.969502,8.05211e-05
clsvof,0.969599,7.79515e-05
clsvof,0.969697,7.54195e-05
clsvof,0.969794,7.29271e-05
clsvof,0.969891,7.04761e-05
clsvof,0.969989,6.80677e-05
clsvof,0.970086,6.57027e-05
clsvof,0.970184,6.33811e-05
clsvof,0.970281,6.11027e-05
clsvof,0.970379,5.88668e-05
clsvof,0.970476,5.66727e-05
clsvof,0.970574,5.45194e-05
clsvof,0.970671,5.24061e-05
clsvof,0.970768,5.0332e-05
clsvof,0.970866,4.82963e-05
clsvof,0.970963,4.6299e-05
clsvof,0.971061,4.434e-05
clsvof,0.971158,4.24194e-05
clsvof,0.971256,4.05383e-05
clsvof,0.971353,3.86973e-05
clsvof,0.971451,3.68978e-05
clsvof,0.971548,3.5141e-05
clsvof,0.971645,3.34282e-05
clsvof,0.971743,3.17604e-05
clsvof,0.97184,3.0139e-05
clsvof,0.971938,2.85646e-05
clsvof,0.972035,2.70382e-05
clsvof,0.972133,2.55603e-05
clsvof,0.97223,2.41319e-05
clsvof,0.972328,2.27537e-05
clsvof,0.972425,2.14258e-05
clsvof,0.972522,2.01493e-05
clsvof,0.97262,1.89243e-05
clsvof,0.972717,1.77515e-05
clsvof,0.972815,1.66312e-05
clsvof,0.972912,1.55633e-05
clsvof,0.97301,1.45478e-05
clsvof,0.973107,1.35842e-05
clsvof,0.973205,1.26722e-05
clsvof,0.973302,1.18107e-05
clsvof,0.973399,1.09993e-05
clsvof,0.973497,1.02369e-05
clsvof,0.973594,9.52325e-06
clsvof,0.973692,8.85731e-06
clsvof,0.973789,8.23912e-06
clsvof,0.973887,7.66815e-06
clsvof,0.973984,7.14466e-06
clsvof,0.974082,6.66958e-06
clsvof,0.974179,6.2433e-06
clsvof,0.974277,5.86663e-06
clsvof,0.974374,5.54062e-06
clsvof,0.974471,5.26632e-06
clsvof,0.974569,5.04463e-06
clsvof,0.974666,4.8764e-06
clsvof,0.974764,4.76237e-06
clsvof,0.974861,4.70296e-06
clsvof,0.974959,4.69848e-06
clsvof,0.975056,4.749e-06
clsvof,0.975154,4.85452e-06
clsvof,0.975251,5.01468e-06
clsvof,0.975348,5.22917e-06
clsvof,0.975446,5.49754e-06
clsvof,0.975543,5.81934e-06
clsvof,0.975641,6.19405e-06
clsvof,0.975738,6.62115e-06
clsvof,0.975836,7.10005e-06
clsvof,0.975933,7.6303e-06
clsvof,0.976031,8.21136e-06
clsvof,0.976128,8.84284e-06
clsvof,0.976225,9.52426e-06
clsvof,0.976323,1.02553e-05
clsvof,0.97642,1.10358e-05
clsvof,0.976518,1.1865e-05
clsvof,0.976615,1.27429e-05
clsvof,0.976713,1.36692e-05
clsvof,0.97681,1.46437e-05
clsvof,0.976908,1.56661e-05
clsvof,0.977005,1.67366e-05
clsvof,0.977102,1.78549e-05
clsvof,0.9772,1.90213e-05
clsvof,0.977297,2.0236e-05
clsvof,0.977395,2.14993e-05
clsvof,0.977492,2.28112e-05
clsvof,0.97759,2.41721e-05
clsvof,0.977687,2.55822e-05
clsvof,0.977785,2.70416e-05
clsvof,0.977882,2.855e-05
clsvof,0.977979,3.0107e-05
clsvof,0.978077,3.1709e-05
clsvof,0.978174,3.33607e-05
clsvof,0.978272,3.50596e-05
clsvof,0.978369,3.68038e-05
clsvof,0.978467,3.85922e-05
clsvof,0.978564,4.04238e-05
clsvof,0.978662,4.22977e-05
clsvof,0.978759,4.42129e-05
clsvof,0.978857,4.61687e-05
clsvof,0.978954,4.81642e-05
clsvof,0.979051,5.01994e-05
clsvof,0.979149,5.22732e-05
clsvof,0.979246,5.43856e-05
clsvof,0.979344,5.65366e-05
clsvof,0.979441,5.87261e-05
clsvof,0.979539,6.09541e-05
clsvof,0.979636,6.32207e-05
clsvof,0.979734,6.55257e-05
clsvof,0.979831,6.78694e-05
clsvof,0.979928,7.02518e-05
clsvof,0.980026,7.26727e-05
clsvof,0.980123,7.51323e-05
clsvof,0.980221,7.76302e-05
clsvof,0.980318,8.01662e-05
clsvof,0.980416,8.27399e-05
clsvof,0.980513,8.53509e-05
clsvof,0.980611,8.79983e-05
clsvof,0.980708,9.06812e-05
clsvof,0.980805,9.33988e-05
clsvof,0.980903,9.61507e-05
clsvof,0.981,9.89326e-05
clsvof,0.981098,0.000101747
clsvof,0.981195,0.00010459
clsvof,0.981293,0.000107462
clsvof,0.98139,0.000110361
clsvof,0.981488,0.000113285
clsvof,0.981585,0.000116235
clsvof,0.981682,0.000119205
clsvof,0.98178,0.000122198
clsvof,0.981877,0.000125215
clsvof,0.981975,0.000128255
clsvof,0.982072,0.000131319
clsvof,0.98217,0.000134403
clsvof,0.982267,0.000137509
clsvof,0.982365,0.000140638
clsvof,0.982462,0.000143792
clsvof,0.982559,0.00014697
clsvof,0.982657,0.000150168
clsvof,0.982754,0.000153385
clsvof,0.982852,0.000156619
clsvof,0.982949,0.000159869
clsvof,0.983047,0.000163139
clsvof,0.983144,0.000166427
clsvof,0.983242,0.000169733
clsvof,0.983339,0.000173055
clsvof,0.983436,0.000176392
clsvof,0.983534,0.000179738
clsvof,0.983631,0.000183089
clsvof,0.983729,0.000186453
clsvof,0.983826,0.000189827
clsvof,0.983924,0.000193209
clsvof,0.984021,0.000196598
clsvof,0.984119,0.000199993
clsvof,0.984216,0.000203393
clsvof,0.984314,0.000206798
clsvof,0.984411,0.000210206
clsvof,0.984508,0.000213617
clsvof,0.984606,0.000217032
clsvof,0.984703,0.000220449
clsvof,0.984801,0.000223869
clsvof,0.984898,0.000227293
clsvof,0.984996,0.000230719
clsvof,0.985093,0.00023415
clsvof,0.985191,0.000237587
clsvof,0.985288,0.000241026
clsvof,0.985385,0.000244463
clsvof,0.985483,0.000247897
clsvof,0.98558,0.000251326
clsvof,0.985678,0.000254747
clsvof,0.985775,0.000258169
clsvof,0.985873,0.000261587
clsvof,0.98597,0.000264998
clsvof,0.986068,0.000268403
clsvof,0.986165,0.0002718
clsvof,0.986262,0.000275188
clsvof,0.98636,0.000278566
clsvof,0.986457,0.00028193
clsvof,0.986555,0.00028528
clsvof,0.986652,0.000288616
clsvof,0.98675,0.000291937
clsvof,0.986847,0.000295243
clsvof,0.986945,0.000298533
clsvof,0.987042,0.000301808
clsvof,0.987139,0.000305066
clsvof,0.987237,0.000308302
clsvof,0.987334,0.000311526
clsvof,0.987432,0.000314733
clsvof,0.987529,0.000317922
clsvof,0.987627,0.000321094
clsvof,0.987724,0.000324253
clsvof,0.987822,0.000327388
clsvof,0.987919,0.000330503
clsvof,0.988016,0.000333596
clsvof,0.988114,0.000336669
clsvof,0.988211,0.000339726
clsvof,0.988309,0.00034276
clsvof,0.988406,0.000345766
clsvof,0.988504,0.00034874
clsvof,0.988601,0.000351687
clsvof,0.988699,0.000354606
clsvof,0.988796,0.000357498
clsvof,0.988894,0.000360364
clsvof,0.988991,0.000363203
clsvof,0.989088,0.000366011
clsvof,0.989186,0.000368788
clsvof,0.989283,0.000371532
clsvof,0.989381,0.000374243
clsvof,0.989478,0.00037692
clsvof,0.989576,0.000379561
clsvof,0.989673,0.000382167
clsvof,0.989771,0.000384737
clsvof,0.989868,0.000387272
clsvof,0.989965,0.000389773
clsvof,0.990063,0.000392239
clsvof,0.99016,0.000394671
clsvof,0.990258,0.000397071
clsvof,0.990355,0.000399438
clsvof,0.990453,0.000401773
clsvof,0.99055,0.000404071
clsvof,0.990648,0.000406331
clsvof,0.990745,0.000408549
clsvof,0.990842,0.000410729
clsvof,0.99094,0.00041287
clsvof,0.991037,0.000414972
clsvof,0.991135,0.000417033
clsvof,0.991232,0.000419048
clsvof,0.99133,0.000421021
clsvof,0.991427,0.000422948
clsvof,0.991525,0.000424831
clsvof,0.991622,0.000426669
clsvof,0.991719,0.000428461
clsvof,0.991817,0.000430203
clsvof,0.991914,0.000431897
clsvof,0.992012,0.000433542
clsvof,0.992109,0.000435138
clsvof,0.992207,0.000436682
clsvof,0.992304,0.000438174
clsvof,0.992402,0.000439617
clsvof,0.992499,0.000441012
clsvof,0.992596,0.00044236
clsvof,0.992694,0.000443663
clsvof,0.992791,0.000444927
clsvof,0.992889,0.000446147
clsvof,0.992986,0.000447327
clsvof,0.993084,0.000448463
clsvof,0.993181,0.000449553
clsvof,0.993279,0.000450591
clsvof,0.993376,0.000451579
clsvof,0.993474,0.00045252
clsvof,0.993571,0.000453411
clsvof,0.993668,0.000454251
clsvof,0.993766,0.000455043
clsvof,0.993863,0.000455784
clsvof,0.993961,0.000456474
clsvof,0.994058,0.00045711
clsvof,0.994156,0.000457691
clsvof,0.994253,0.00045822
clsvof,0.994351,0.000458695
clsvof,0.994448,0.000459117
clsvof,0.994545,0.000459486
clsvof,0.994643,0.000459802
clsvof,0.99474,0.000460066
clsvof,0.994838,0.00046028
clsvof,0.994935,0.000460444
clsvof,0.995033,0.000460553
clsvof,0.99513,0.000460605
clsvof,0.995228,0.000460604
clsvof,0.995325,0.000460554
clsvof,0.995422,0.000460454
clsvof,0.99552,0.000460307
clsvof,0.995617,0.000460107
clsvof,0.995715,0.000459858
clsvof,0.995812,0.000459555
clsvof,0.99591,0.000459196
clsvof,0.996007,0.000458784
clsvof,0.996105,0.00045832
clsvof,0.996202,0.000457806
clsvof,0.996299,0.000457242
clsvof,0.996397,0.000456624
clsvof,0.996494,0.000455956
clsvof,0.996592,0.000455232
clsvof,0.996689,0.000454453
clsvof,0.996787,0.000453621
clsvof,0.996884,0.000452737
clsvof,0.996982,0.000451799
clsvof,0.997079,0.000450808
clsvof,0.997176,0.000449766
clsvof,0.997274,0.000448675
clsvof,0.997371,0.000447534
clsvof,0.997469,0.000446344
clsvof,0.997566,0.000445107
clsvof,0.997664,0.000443826
clsvof,0.997761,0.000442501
clsvof,0.997859,0.00044113
clsvof,0.997956,0.000439714
clsvof,0.998054,0.000438254
clsvof,0.998151,0.000436748
clsvof,0.998248,0.000435202
clsvof,0.998346,0.000433615
clsvof,0.998443,0.000431981
clsvof,0.998541,0.000430306
clsvof,0.998638,0.000428587
clsvof,0.998736,0.000426825
clsvof,0.998833,0.000425017
clsvof,0.998931,0.000423166
clsvof,0.999028,0.000421266
clsvof,0.999125,0.000419327
clsvof,0.999223,0.000417331
clsvof,0.99932,0.000415294
clsvof,0.999418,0.000413209
clsvof,0.999515,0.000411083
clsvof,0.999613,0.000408916
clsvof,0.99971,0.000406712
clsvof,0.999808,0.000404472
clsvof,0.999905,0.000402199
nn,0.0,0.0
nn,3.95979e-07,8.92936e-11
nn,9.61475e-06,3.96726e-05
nn,2.68542e-05,3.14566e-05
nn,5.13853e-05,2.93648e-05
nn,8.25451e-05,2.79196e-05
nn,0.000119731,2.66728e-05
nn,0.000162395,2.55118e-05
nn,0.000210039,2.44321e-05
nn,0.000262211,2.3476e-05
nn,0.000318499,2.27051e-05
nn,0.000378528,2.21524e-05
nn,0.000441959,2.18129e-05
nn,0.000508483,2.16571e-05
nn,0.000577817,2.16375e-05
nn,0.000649707,2.17041e-05
nn,0.000723921,2.18631e-05
nn,0.000800247,2.20536e-05
nn,0.000878492,2.22063e-05
nn,0.000958484,2.22639e-05
nn,0.00104006,2.2217e-05
nn,0.00112308,2.20965e-05
nn,0.00120741,2.19749e-05
nn,0.00129294,2.19405e-05
nn,0.00137955,2.20748e-05
nn,0.00146714,2.24263e-05
nn,0.00155563,2.30156e-05
nn,0.00164493,2.38222e-05
nn,0.00173498,2.48064e-05
nn,0.00182569,2.59147e-05
nn,0.00191702,2.70947e-05
nn,0.00200891,2.83147e-05
nn,0.0021013,2.95506e-05
nn,0.00219415,3.07821e-05
nn,0.00228742,3.20344e-05
nn,0.00238106,3.33232e-05
nn,0.00247506,3.47e-05
nn,0.00256937,3.61808e-05
nn,0.00266396,3.78115e-05
nn,0.00275881,3.95699e-05
nn,0.0028539,4.14406e-05
nn,0.0029492,4.33724e-05
nn,0.0030447,4.53024e-05
nn,0.00314037,4.72065e-05
nn,0.00323621,4.90712e-05
nn,0.00333219,5.09246e-05
nn,0.00342831,5.28353e-05
nn,0.00352454,5.48489e-05
nn,0.00362089,5.70156e-05
nn,0.00371733,5.93466e-05
nn,0.00381387,6.18505e-05
nn,0.00391049,6.44687e-05
nn,0.00400719,6.71279e-05
nn,0.00410395,6.9777e-05
nn,0.00420078,7.24754e-05
nn,0.00429766,7.52248e-05
nn,0.00439459,7.80675e-05
nn,0.00449157,8.10371e-05
nn,0.00458859,8.41313e-05
nn,0.00468565,8.73414e-05
nn,0.00478275,9.06187e-05
nn,0.00487988,9.39009e-05
nn,0.00497704,9.71864e-05
nn,0.00507422,0.000100447
nn,0.00517143,0.000103654
nn,0.00526865,0.000106827
nn,0.0053659,0.000110053
nn,0.00546317,0.000113266
nn,0.00556045,0.000116536
nn,0.00565775,0.000119924
nn,0.00575506,0.000123368
nn,0.00585239,0.000126896
nn,0.00594972,0.000130431
nn,0.00604707,0.000134058
nn,0.00614442,0.000137715
nn,0.00624178,0.000141395
nn,0.00633915,0.000145222
nn,0.00643653,0.000149015
nn,0.00653392,0.000152935
nn,0.0066313,0.000156955
nn,0.0067287,0.000161023
nn,0.0068261,0.000165169
nn,0.0069235,0.00016933
nn,0.00702091,0.000173464
nn,0.00711832,0.000177282
nn,0.00721574,0.000181017
nn,0.00731315,0.000184743
nn,0.00741057,0.00018825
nn,0.007508,0.000191862
nn,0.00760542,0.000195522
nn,0.00770285,0.000199322
nn,0.00780027,0.00020304
nn,0.0078977,0.000206798
nn,0.00799514,0.000210668
nn,0.00809257,0.00021458
nn,0.00819,0.000218408
nn,0.00828744,0.000222334
nn,0.00838488,0.000226293
nn,0.00848231,0.00023033
nn,0.00857975,0.000234304
nn,0.00867719,0.00023838
nn,0.00877463,0.000242591
nn,0.00887207,0.000246665
nn,0.00896951,0.000250901
nn,0.00906695,0.000255249
nn,0.00916439,0.000259532
nn,0.00926184,0.000263918
nn,0.00935928,0.000268312
nn,0.00945672,0.000272834
nn,0.00955417,0.000277176
nn,0.00965161,0.000281542
nn,0.00974905,0.000285969
nn,0.0098465,0.000290393
nn,0.00994394,0.000294929
nn,0.0100414,0.000299232
nn,0.0101388,0.00030359
nn,0.0102363,0.000307959
nn,0.0103337,0.000311969
nn,0.0104312,0.000315692
nn,0.0105286,0.000319408
nn,0.0106261,0.000323157
nn,0.0107235,0.000326788
nn,0.0108209,0.000330608
nn,0.0109184,0.000334329
nn,0.0110158,0.000338086
nn,0.0111133,0.000341959
nn,0.0112107,0.000345757
nn,0.0113082,0.000349672
nn,0.0114056,0.000353631
nn,0.0115031,0.000357642
nn,0.0116005,0.000361691
nn,0.011698,0.000365778
nn,0.0117954,0.000369949
nn,0.0118929,0.00037401
nn,0.0119903,0.00037811
nn,0.0120877,0.000382226
nn,0.0121852,0.000386344
nn,0.0122826,0.00039046
nn,0.0123801,0.000394568
nn,0.0124775,0.000398672
nn,0.012575,0.000402755
nn,0.0126724,0.000406775
nn,0.0127699,0.000410742
nn,0.0128673,0.000414657
nn,0.0129648,0.000418543
nn,0.0130622,0.00042237
nn,0.0131597,0.000426148
nn,0.0132571,0.000429889
nn,0.0133546,0.000433614
nn,0.013452,0.000437324
nn,0.0135494,0.000441035
nn,0.0136469,0.00044471
nn,0.0137443,0.00044837
nn,0.0138418,0.000452007
nn,0.0139392,0.00045563
nn,0.0140367,0.000459218
nn,0.0141341,0.000462763
nn,0.0142316,0.000466293
nn,0.014329,0.000469802
nn,0.0144265,0.00047329
nn,0.0145239,0.00047675
nn,0.0146214,0.000480176
nn,0.0147188,0.000483582
nn,0.0148163,0.000486957
nn,0.0149137,0.000490223
nn,0.0150111,0.000493436
nn,0.0151086,0.000496583
nn,0.015206,0.000499665
nn,0.0153035,0.000502689
nn,0.0154009,0.00050566
nn,0.0154984,0.000508581
nn,0.0155958,0.000511486
nn,0.0156933,0.000514295
nn,0.0157907,0.000517067
nn,0.0158882,0.000519792
nn,0.0159856,0.000522473
nn,0.0160831,0.00052512
nn,0.0161805,0.000527717
nn,0.016278,0.000530265
nn,0.0163754,0.000532774
nn,0.0164728,0.000535264
nn,0.0165703,0.000537711
nn,0.0166677,0.000540101
nn,0.0167652,0.000542452
nn,0.0168626,0.000544782
nn,0.0169601,0.000547012
nn,0.0170575,0.000549202
nn,0.017155,0.000551339
nn,0.0172524,0.000553424
nn,0.0173499,0.000555455
nn,0.0174473,0.000557531
nn,0.0175448,0.000559333
nn,0.0176422,0.000561221
nn,0.0177397,0.000563022
nn,0.0178371,0.000564774
nn,0.0179345,0.000566482
nn,0.018032,0.000568122
nn,0.0181294,0.000569684
nn,0.0182269,0.00057119
nn,0.0183243,0.000572638
nn,0.0184218,0.000574032
nn,0.0185192,0.000575375
nn,0.0186167,0.000576672
nn,0.0187141,0.000577931
nn,0.0188116,0.000579157
nn,0.018909,0.00058035
nn,0.0190065,0.000581525
nn,0.0191039,0.000582212
nn,0.0192014,0.000582764
nn,0.0192988,0.000583228
nn,0.0193962,0.000583684
nn,0.0194937,0.000584125
nn,0.0195911,0.00058454
nn,0.0196886,0.000584918
nn,0.019786,0.000585242
nn,0.0198835,0.000585501
nn,0.0199809,0.000585691
nn,0.0200784,0.000585814
nn,0.0201758,0.000585868
nn,0.0202733,0.000585858
nn,0.0203707,0.000585777
nn,0.0204682,0.000585632
nn,0.0205656,0.000585424
nn,0.0206631,0.000585161
nn,0.0207605,0.000584843
nn,0.020858,0.000584475
nn,0.0209554,0.000584059
nn,0.0210528,0.000583598
nn,0.0211503,0.000583095
nn,0.0212477,0.000582517
nn,0.0213452,0.000581821
nn,0.0214426,0.000580922
nn,0.0215401,0.000579982
nn,0.0216375,0.000579
nn,0.021735,0.000577981
nn,0.0218324,0.000576932
nn,0.0219299,0.000575859
nn,0.0220273,0.000574755
nn,0.0221248,0.000573615
nn,0.0222222,0.000572428
nn,0.0223197,0.000571185
nn,0.0224171,0.000569877
nn,0.0225145,0.000568507
nn,0.022612,0.00056707
nn,0.0227094,0.000565564
nn,0.0228069,0.000563986
nn,0.0229043,0.000562335
nn,0.0230018,0.000560609
nn,0.0230992,0.000558816
nn,0.0231967,0.000556927
nn,0.0232941,0.000554969
nn,0.0233916,0.000552935
nn,0.023489,0.000550834
nn,0.0235865,0.000548667
nn,0.0236839,0.000546439
nn,0.0237814,0.000544158
nn,0.0238788,0.000541828
nn,0.0239762,0.000539451
nn,0.0240737,0.000537033
nn,0.0241711,0.00053457
nn,0.0242686,0.000532065
nn,0.024366,0.000529519
nn,0.0244635,0.000526933
nn,0.0245609,0.000524312
nn,0.0246584,0.000521651
nn,0.0247558,0.000518944
nn,0.0248533,0.000516188
nn,0.0249507,0.000513381
nn,0.0250482,0.000510513
nn,0.0251456,0.000507584
nn,0.0252431,0.000504589
nn,0.0253405,0.000501531
nn,0.0254379,0.000498413
nn,0.0255354,0.000495236
nn,0.0256328,0.000492004
nn,0.0257303,0.000488723
nn,0.0258277,0.000485393
nn,0.0259252,0.000482014
nn,0.0260226,0.00047859
nn,0.0261201,0.000475119
nn,0.0262175,0.000471611
nn,0.026315,0.000468075
nn,0.0264124,0.00046451
nn,0.0265099,0.00046092
nn,0.0266073,0.000457315
nn,0.0267048,0.000453699
nn,0.0268022,0.000450074
nn,0.0268996,0.000446434
nn,0.0269971,0.000442774
nn,0.0270945,0.000439087
nn,0.027192,0.000435381
nn,0.0272894,0.000431618
nn,0.0273869,0.000427823
nn,0.0274843,0.000423994
nn,0.0275818,0.000420132
nn,0.0276792,0.00041624
nn,0.0277767,0.000412319
nn,0.0278741,0.000408371
nn,0.0279716,0.000404398
nn,0.028069,0.000400401
nn,0.0281665,0.000396382
nn,0.0282639,0.000392342
nn,0.0283613,0.000388284
nn,0.0284588,0.000384211
nn,0.0285562,0.00038012
nn,0.0286537,0.000376015
nn,0.0287511,0.000371901
nn,0.0288486,0.000367779
nn,0.028946,0.000363654
nn,0.0290435,0.00035953
nn,0.0291409,0.000355412
nn,0.0292384,0.000351304
nn,0.0293358,0.000347211
nn,0.0294333,0.00034313
nn,0.0295307,0.000339057
nn,0.0296282,0.000334988
nn,0.0297256,0.000330921
nn,0.029823,0.000326859
nn,0.0299205,0.000322801
nn,0.0300179,0.00031875
nn,0.0301154,0.000314704
nn,0.0302128,0.000310662
nn,0.0303103,0.000306623
nn,0.0304077,0.000302583
nn,0.0305052,0.000298541
nn,0.0306026,0.000294492
nn,0.0307001,0.000289874
nn,0.0307975,0.000285171
nn,0.030895,0.000280401
nn,0.0309924,0.000275622
nn,0.0310899,0.000270881
nn,0.0311873,0.000266177
nn,0.0312847,0.000261509
nn,0.0313822,0.000256872
nn,0.0314796,0.000252269
nn,0.0315771,0.000247715
nn,0.0316745,0.000243188
nn,0.031772,0.000238699
nn,0.0318694,0.000234252
nn,0.0319669,0.000229852
nn,0.0320643,0.000225498
nn,0.0321618,0.000221193
nn,0.0322592,0.000216934
nn,0.0323567,0.000212715
nn,0.0324541,0.000208541
nn,0.0325516,0.00020441
nn,0.032649,0.000200316
nn,0.0327464,0.000196257
nn,0.0328439,0.000192234
nn,0.0329413,0.000188246
nn,0.0330388,0.000184295
nn,0.0331362,0.000180376
nn,0.0332337,0.000176488
nn,0.0333311,0.000172617
nn,0.0334286,0.000168736
nn,0.033526,0.000164844
nn,0.0336235,0.000160943
nn,0.0337209,0.000156904
nn,0.0338184,0.000152903
nn,0.0339158,0.000148937
nn,0.0340133,0.000145013
nn,0.0341107,0.000141138
nn,0.0342081,0.00013732
nn,0.0343056,0.000133563
nn,0.034403,0.000129869
nn,0.0345005,0.000126241
nn,0.0345979,0.000122677
nn,0.0346954,0.000119175
nn,0.0347928,0.000115733
nn,0.0348903,0.000112355
nn,0.0349877,0.000109041
nn,0.0350852,0.000105792
nn,0.0351826,0.000102611
nn,0.0352801,9.949e-05
nn,0.0353775,9.64312e-05
nn,0.035475,9.34309e-05
nn,0.0355724,9.04854e-05
nn,0.0356698,8.75905e-05
nn,0.0357673,8.47372e-05
nn,0.0358647,8.19276e-05
nn,0.0359622,7.91566e-05
nn,0.0360596,7.64277e-05
nn,0.0361571,7.37396e-05
nn,0.0362545,7.10902e-05
nn,0.036352,6.84772e-05
nn,0.0364494,6.5902e-05
nn,0.0365469,6.33681e-05
nn,0.0366443,6.08808e-05
nn,0.0367418,5.84454e-05
nn,0.0368392,5.60664e-05
nn,0.0369367,5.37451e-05
nn,0.0370341,5.14858e-05
nn,0.0371316,4.92811e-05
nn,0.037229,4.71363e-05
nn,0.0373264,4.50503e-05
nn,0.0374239,4.30244e-05
nn,0.0375213,4.10581e-05
nn,0.0376188,3.91542e-05
nn,0.0377162,3.73051e-05
nn,0.0378137,3.55182e-05
nn,0.0379111,3.37965e-05
nn,0.0380086,3.21365e-05
nn,0.038106,3.05356e-05
nn,0.0382035,2.89921e-05
nn,0.0383009,2.75092e-05
nn,0.0383984,2.6092e-05
nn,0.0384958,2.47405e-05
nn,0.0385933,2.34547e-05
nn,0.0386907,2.22328e-05
nn,0.0387881,2.10768e-05
nn,0.0388856,1.9987e-05
nn,0.038983,1.89625e-05
nn,0.0390805,1.79976e-05
nn,0.0391779,1.7088e-05
nn,0.0392754,1.62351e-05
nn,0.0393728,1.54413e-05
nn,0.0394703,1.47094e-05
nn,0.0395677,1.40424e-05
nn,0.0396652,1.34432e-05
nn,0.0397626,1.29153e-05
nn,0.0398601,1.24609e-05
nn,0.0399575,1.2082e-05
nn,0.040055,1.17787e-05
nn,0.0401524,1.15507e-05
nn,0.0402498,1.13953e-05
nn,0.0403473,1.13099e-05
nn,0.0404447,1.12908e-05
nn,0.0405422,1.13364e-05
nn,0.0406396,1.14448e-05
nn,0.0407371,1.16163e-05
nn,0.0408345,1.18521e-05
nn,0.040932,1.21538e-05
nn,0.0410294,1.25217e-05
nn,0.0411269,1.29563e-05
nn,0.0412243,1.34563e-05
nn,0.0413218,1.40206e-05
nn,0.0414192,1.46469e-05
nn,0.0415167,1.53343e-05
nn,0.0416141,1.60809e-05
nn,0.0417115,1.68864e-05
nn,0.041809,1.77498e-05
nn,0.0419064,1.86706e-05
nn,0.0420039,1.96488e-05
nn,0.0421013,2.06853e-05
nn,0.0421988,2.17816e-05
nn,0.0422962,2.294e-05
nn,0.0423937,2.41625e-05
nn,0.0424911,2.54484e-05
nn,0.0425886,2.68018e-05
nn,0.042686,2.82258e-05
nn,0.0427835,2.97204e-05
nn,0.0428809,3.12859e-05
nn,0.0429784,3.2921e-05
nn,0.0430758,3.46268e-05
nn,0.0431732,3.63976e-05
nn,0.0432707,3.82304e-05
nn,0.0433681,4.0124e-05
nn,0.0434656,4.20748e-05
nn,0.043563,4.40826e-05
nn,0.0436605,4.6147e-05
nn,0.0437579,4.8268e-05
nn,0.0438554,5.04331e-05
nn,0.0439528,5.26569e-05
nn,0.0440503,5.49339e-05
nn,0.0441477,5.72631e-05
nn,0.0442452,5.96456e-05
nn,0.0443426,6.20827e-05
nn,0.0444401,6.45773e-05
nn,0.0445375,6.71328e-05
nn,0.0446349,6.97409e-05
nn,0.0447324,7.2401e-05
nn,0.0448298,7.51171e-05
nn,0.0449273,7.78903e-05
nn,0.0450247,8.07208e-05
nn,0.0451222,8.36105e-05
nn,0.0452196,8.65548e-05
nn,0.0453171,8.95649e-05
nn,0.0454145,9.2604e-05
nn,0.045512,9.57088e-05
nn,0.0456094,9.88588e-05
nn,0.0457069,0.000102066
nn,0.0458043,0.000105335
nn,0.0459018,0.000108656
nn,0.0459992,0.000112026
nn,0.0460966,0.000115441
nn,0.0461941,0.000118895
nn,0.0462915,0.000122381
nn,0.046389,0.000125904
nn,0.0464864,0.00012945
nn,0.0465839,0.000133031
nn,0.0466813,0.000136648
nn,0.0467788,0.000140309
nn,0.0468762,0.000144017
nn,0.0469737,0.000147787
nn,0.0470711,0.00015163
nn,0.0471686,0.000155481
nn,0.047266,0.000159412
nn,0.0473635,0.000163394
nn,0.0474609,0.000167424
nn,0.0475583,0.000170897
nn,0.0476558,0.000174316
nn,0.0477532,0.000177699
nn,0.0478507,0.000181076
nn,0.0479481,0.000184518
nn,0.0480456,0.000188039
nn,0.048143,0.000191631
nn,0.0482405,0.000195279
nn,0.0483379,0.000198977
nn,0.0484354,0.00020275
nn,0.0485328,0.000206505
nn,0.0486303,0.00021035
nn,0.0487277,0.000214234
nn,0.0488252,0.000218184
nn,0.0489226,0.000222169
nn,0.04902,0.000226194
nn,0.0491175,0.00023026
nn,0.0492149,0.000234358
nn,0.0493124,0.000238497
nn,0.0494098,0.000242659
nn,0.0495073,0.000246859
nn,0.0496047,0.000251074
nn,0.0497022,0.000255322
nn,0.0497996,0.000259619
nn,0.0498971,0.000263855
nn,0.0499945,0.000268153
nn,0.050092,0.000272581
nn,0.0501894,0.000276817
nn,0.0502869,0.000281063
nn,0.0503843,0.000285439
nn,0.0504817,0.000289699
nn,0.0505792,0.000293848
nn,0.0506766,0.000297927
nn,0.0507741,0.000301532
nn,0.0508715,0.000305211
nn,0.050969,0.000308897
nn,0.0510664,0.000312594
nn,0.0511639,0.000316298
nn,0.0512613,0.000320049
nn,0.0513588,0.00032384
nn,0.0514562,0.00032766
nn,0.0515537,0.000331533
nn,0.0516511,0.000335488
nn,0.0517486,0.000339353
nn,0.051846,0.000343311
nn,0.0519434,0.000347304
nn,0.0520409,0.000351328
nn,0.0521383,0.000355339
nn,0.0522358,0.000359373
nn,0.0523332,0.00036342
nn,0.0524307,0.000367477
nn,0.0525281,0.00037155
nn,0.0526256,0.000375635
nn,0.052723,0.000378505
nn,0.0528205,0.000382561
nn,0.0529179,0.000386578
nn,0.0530154,0.000390582
nn,0.0531128,0.000394563
nn,0.0532103,0.000398522
nn,0.0533077,0.000402468
nn,0.0534051,0.000406393
nn,0.0535026,0.000410278
nn,0.0536,0.000415438
nn,0.0536975,0.000419291
nn,0.0537949,0.000423131
nn,0.0538924,0.000426946
nn,0.0539898,0.000430732
nn,0.0540873,0.000434486
nn,0.0541847,0.000438206
nn,0.0542822,0.000441905
nn,0.0543796,0.000445551
nn,0.0544771,0.000449171
nn,0.0545745,0.000452742
nn,0.054672,0.000456286
nn,0.0547694,0.000459796
nn,0.0548669,0.000463276
nn,0.0549643,0.000466719
nn,0.0550617,0.000470124
nn,0.0551592,0.000473492
nn,0.0552566,0.000476822
nn,0.0553541,0.000480114
nn,0.0554515,0.000483366
nn,0.055549,0.000486588
nn,0.0556464,0.000489766
nn,0.0557439,0.000493101
nn,0.0558413,0.000495985
nn,0.0559388,0.000499035
nn,0.0560362,0.000502034
nn,0.0561337,0.000504975
nn,0.0562311,0.000507865
nn,0.0563286,0.000510721
nn,0.056426,0.000513541
nn,0.0565234,0.000516316
nn,0.0566209,0.000519059
nn,0.0567183,0.000521771
nn,0.0568158,0.00052444
nn,0.0569132,0.000527074
nn,0.0570107,0.000529639
nn,0.0571081,0.00053217
nn,0.0572056,0.000534627
nn,0.057303,0.000537021
nn,0.0574005,0.000539361
nn,0.0574979,0.000541644
nn,0.0575954,0.000543871
nn,0.0576928,0.00054604
nn,0.0577903,0.000548158
nn,0.0578877,0.000550222
nn,0.0579851,0.000552246
nn,0.0580826,0.000554223
nn,0.05818,0.000556138
nn,0.0582775,0.000558007
nn,0.0583749,0.000559831
nn,0.0584724,0.000561593
nn,0.0585698,0.000563307
nn,0.0586673,0.000564971
nn,0.0587647,0.000566586
nn,0.0588622,0.00056815
nn,0.0589596,0.000569658
nn,0.0590571,0.00057112
nn,0.0591545,0.000572502
nn,0.059252,0.000573838
nn,0.0593494,0.000575092
nn,0.0594468,0.000576293
nn,0.0595443,0.000577437
nn,0.0596417,0.000578523
nn,0.0597392,0.000579565
nn,0.0598366,0.000580557
nn,0.0599341,0.000581502
nn,0.0600315,0.000582015
nn,0.060129,0.000582339
nn,0.0602264,0.000582509
nn,0.0603239,0.000582648
nn,0.0604213,0.000582773
nn,0.0605188,0.000582837
nn,0.0606162,0.000582864
nn,0.0607137,0.000582821
nn,0.0608111,0.000582723
nn,0.0609085,0.000582574
nn,0.061006,0.00058237
nn,0.0611034,0.000582127
nn,0.0612009,0.000581839
nn,0.0612983,0.000581504
nn,0.0613958,0.00058113
nn,0.0614932,0.000580713
nn,0.0615907,0.000580265
nn,0.0616881,0.000579779
nn,0.0617856,0.000579246
nn,0.061883,0.000578663
nn,0.0619805,0.00057794
nn,0.0620779,0.000576929
nn,0.0621754,0.000575874
nn,0.0622728,0.00057475
nn,0.0623702,0.000573588
nn,0.0624677,0.000572392
nn,0.0625651,0.00057119
nn,0.0626626,0.000569937
nn,0.06276,0.000568655
nn,0.0628575,0.000567328
nn,0.0629549,0.000565951
nn,0.0630524,0.000564524
nn,0.0631498,0.000563046
nn,0.0632473,0.000561518
nn,0.0633447,0.000559941
nn,0.0634422,0.000558313
nn,0.0635396,0.00055663
nn,0.0636371,0.000554889
nn,0.0637345,0.000553087
nn,0.0638319,0.000551227
nn,0.0639294,0.000549304
nn,0.0640268,0.00054731
nn,0.0641243,0.000545267
nn,0.0642217,0.000543159
nn,0.0643192,0.000541002
nn,0.0644166,0.000538795
nn,0.0645141,0.000536538
nn,0.0646115,0.00053423
nn,0.064709,0.000531871
nn,0.0648064,0.000529458
nn,0.0649039,0.00052699
nn,0.0650013,0.000524468
nn,0.0650988,0.000521891
nn,0.0651962,0.000519259
nn,0.0652936,0.000516572
nn,0.0653911,0.000513832
nn,0.0654885,0.000511039
nn,0.065586,0.000508195
nn,0.0656834,0.000505304
nn,0.0657809,0.00050237
nn,0.0658783,0.000499393
nn,0.0659758,0.000496368
nn,0.0660732,0.000493286
nn,0.0661707,0.000490151
nn,0.0662681,0.000486964
nn,0.0663656,0.000483733
nn,0.066463,0.000480453
nn,0.0665605,0.000477124
nn,0.0666579,0.000473751
nn,0.0667553,0.000470334
nn,0.0668528,0.000466878
nn,0.0669502,0.000463389
nn,0.0670477,0.000459875
nn,0.0671451,0.00045634
nn,0.0672426,0.00045279
nn,0.06734,0.000449205
nn,0.0674375,0.000445592
nn,0.0675349,0.00044196
nn,0.0676324,0.000438309
nn,0.0677298,0.000434642
nn,0.0678273,0.000430962
nn,0.0679247,0.000427265
nn,0.0680222,0.000423547
nn,0.0681196,0.000419807
nn,0.068217,0.000416047
nn,0.0683145,0.000412268
nn,0.0684119,0.000408462
nn,0.0685094,0.000404632
nn,0.0686068,0.000400782
nn,0.0687043,0.00039691
nn,0.0688017,0.000393021
nn,0.0688992,0.000389117
nn,0.0689966,0.000385203
nn,0.0690941,0.000381289
nn,0.0691915,0.000377364
nn,0.069289,0.000373433
nn,0.0693864,0.000369496
nn,0.0694839,0.000365546
nn,0.0695813,0.000361578
nn,0.0696787,0.000357585
nn,0.0697762,0.000353573
nn,0.0698736,0.000349547
nn,0.0699711,0.000345506
nn,0.0700685,0.000341454
nn,0.070166,0.0003374
nn,0.0702634,0.000333353
nn,0.0703609,0.000329319
nn,0.0704583,0.000325299
nn,0.0705558,0.000321293
nn,0.0706532,0.000317298
nn,0.0707507,0.000313311
nn,0.0708481,0.000309328
nn,0.0709456,0.000305348
nn,0.071043,0.000301371
nn,0.0711405,0.000296829
nn,0.0712379,0.000292202
nn,0.0713353,0.000287503
nn,0.0714328,0.000282753
nn,0.0715302,0.000278027
nn,0.0716277,0.000273348
nn,0.0717251,0.000268709
nn,0.0718226,0.000264103
nn,0.07192,0.000259523
nn,0.0720175,0.000254965
nn,0.0721149,0.000250437
nn,0.0722124,0.000245938
nn,0.0723098,0.000241473
nn,0.0724073,0.000237041
nn,0.0725047,0.000232648
nn,0.0726022,0.000228288
nn,0.0726996,0.00022396
nn,0.072797,0.000219664
nn,0.0728945,0.000215398
nn,0.0729919,0.00021116
nn,0.0730894,0.000206951
nn,0.0731868,0.00020277
nn,0.0732843,0.000198622
nn,0.0733817,0.000194507
nn,0.0734792,0.000190424
nn,0.0735766,0.000186373
nn,0.0736741,0.000182352
nn,0.0737715,0.000178363
nn,0.073869,0.000174406
nn,0.0739664,0.000170485
nn,0.0740639,0.0001666
nn,0.0741613,0.000162754
nn,0.0742587,0.000158949
nn,0.0743562,0.000155156
nn,0.0744536,0.000151357
nn,0.0745511,0.000147554
nn,0.0746485,0.00014361
nn,0.074746,0.000139712
nn,0.0748434,0.000135857
nn,0.0749409,0.000132049
nn,0.0750383,0.000128296
nn,0.0751358,0.000124605
nn,0.0752332,0.000120972
nn,0.0753307,0.000117398
nn,0.0754281,0.000113885
nn,0.0755256,0.000110432
nn,0.075623,0.000107028
nn,0.0757204,0.000103683
nn,0.0758179,0.000100396
nn,0.0759153,9.71678e-05
nn,0.0760128,9.39979e-05
nn,0.0761102,9.08903e-05
nn,0.0762077,8.78329e-05
nn,0.0763051,8.48339e-05
nn,0.0764026,8.189e-05
nn,0.0765,7.90002e-05
nn,0.0765975,7.61626e-05
nn,0.0766949,7.33765e-05
nn,0.0767924,7.06432e-05
nn,0.0768898,6.79636e-05
nn,0.0769873,6.53446e-05
nn,0.0770847,6.27792e-05
nn,0.0771821,6.02749e-05
nn,0.0772796,5.78323e-05
nn,0.077377,5.54502e-05
nn,0.0774745,5.31252e-05
nn,0.0775719,5.08583e-05
nn,0.0776694,4.86489e-05
nn,0.0777668,4.65009e-05
nn,0.0778643,4.44199e-05
nn,0.0779617,4.24e-05
nn,0.0780592,4.04335e-05
nn,0.0781566,3.85167e-05
nn,0.0782541,3.66669e-05
nn,0.0783515,3.48396e-05
nn,0.078449,3.3079e-05
nn,0.0785464,3.13813e-05
nn,0.0786438,2.97457e-05
nn,0.0787413,2.81706e-05
nn,0.0788387,2.6654e-05
nn,0.0789362,2.51987e-05
nn,0.0790336,2.38032e-05
nn,0.0791311,2.2468e-05
nn,0.0792285,2.11965e-05
nn,0.079326,1.9988e-05
nn,0.0794234,1.88393e-05
nn,0.0795209,1.77491e-05
nn,0.0796183,1.67136e-05
nn,0.0797158,1.57358e-05
nn,0.0798132,1.48174e-05
nn,0.0799107,1.39585e-05
nn,0.0800081,1.31601e-05
nn,0.0801055,1.24222e-05
nn,0.080203,1.17463e-05
nn,0.0803004,1.11328e-05
nn,0.0803979,1.05826e-05
nn,0.0804953,1.00961e-05
nn,0.0805928,9.67371e-06
nn,0.0806902,9.31596e-06
nn,0.0807877,9.02385e-06
nn,0.0808851,8.79819e-06
nn,0.0809826,8.64093e-06
nn,0.08108,8.55041e-06
nn,0.0811775,8.5355e-06
nn,0.0812749,8.59158e-06
nn,0.0813724,8.72647e-06
nn,0.0814698,8.93466e-06
nn,0.0815672,9.22349e-06
nn,0.0816647,9.58315e-06
nn,0.0817621,1.00164e-05
nn,0.0818596,1.05202e-05
nn,0.081957,1.10946e-05
nn,0.0820545,1.17297e-05
nn,0.0821519,1.2426e-05
nn,0.0822494,1.31816e-05
nn,0.0823468,1.3994e-05
nn,0.0824443,1.48619e-05
nn,0.0825417,1.57814e-05
nn,0.0826392,1.67565e-05
nn,0.0827366,1.77881e-05
nn,0.0828341,1.88751e-05
nn,0.0829315,2.00188e-05
nn,0.0830289,2.12202e-05
nn,0.0831264,2.24819e-05
nn,0.0832238,2.38055e-05
nn,0.0833213,2.51926e-05
nn,0.0834187,2.6647e-05
nn,0.0835162,2.81699e-05
nn,0.0836136,2.97579e-05
nn,0.0837111,3.14099e-05
nn,0.0838085,3.31255e-05
nn,0.083906,3.49068e-05
nn,0.0840034,3.67536e-05
nn,0.0841009,3.86669e-05
nn,0.0841983,4.06455e-05
nn,0.0842958,4.26902e-05
nn,0.0843932,4.48023e-05
nn,0.0844906,4.69828e-05
nn,0.0845881,4.92292e-05
nn,0.0846855,5.15406e-05
nn,0.084783,5.39161e-05
nn,0.0848804,5.63557e-05
nn,0.0849779,5.88578e-05
nn,0.0850753,6.14211e-05
nn,0.0851728,6.40498e-05
nn,0.0852702,6.67335e-05
nn,0.0853677,6.94711e-05
nn,0.0854651,7.22629e-05
nn,0.0855626,7.51076e-05
nn,0.08566,7.80041e-05
nn,0.0857575,8.09507e-05
nn,0.0858549,8.39441e-05
nn,0.0859523,8.69881e-05
nn,0.0860498,9.0082e-05
nn,0.0861472,9.32216e-05
nn,0.0862447,9.64054e-05
nn,0.0863421,9.96333e-05
nn,0.0864396,0.000102901
nn,0.086537,0.000106217
nn,0.0866345,0.000109577
nn,0.0867319,0.000112985
nn,0.0868294,0.000116439
nn,0.0869268,0.000119943
nn,0.0870243,0.000123477
nn,0.0871217,0.000127046
nn,0.0872192,0.000130649
nn,0.0873166,0.000134282
nn,0.087414,0.000137947
nn,0.0875115,0.00014165
nn,0.0876089,0.000145394
nn,0.0877064,0.000149186
nn,0.0878038,0.00015265
nn,0.0879013,0.000156056
nn,0.0879987,0.000159414
nn,0.0880962,0.000162736
nn,0.0881936,0.000166086
nn,0.0882911,0.000169506
nn,0.0883885,0.000172989
nn,0.088486,0.000176573
nn,0.0885834,0.000180126
nn,0.0886809,0.00018376
nn,0.0887783,0.000187502
nn,0.0888758,0.000191148
nn,0.0889732,0.00019491
nn,0.0890706,0.000198713
nn,0.0891681,0.000202561
nn,0.0892655,0.000206441
nn,0.089363,0.0002104
nn,0.0894604,0.000214361
nn,0.0895579,0.000218312
nn,0.0896553,0.000222346
nn,0.0897528,0.000226419
nn,0.0898502,0.00023061
nn,0.0899477,0.000234704
nn,0.0900451,0.000238886
nn,0.0901426,0.00024304
nn,0.09024,0.000247272
nn,0.0903375,0.00025153
nn,0.0904349,0.000255825
nn,0.0905323,0.000260133
nn,0.0906298,0.000264457
nn,0.0907272,0.000268804
nn,0.0908247,0.000273218
nn,0.0909221,0.000277549
nn,0.0910196,0.000281954
nn,0.091117,0.000286459
nn,0.0912145,0.000290664
nn,0.0913119,0.000294945
nn,0.0914094,0.000299026
nn,0.0915068,0.000302803
nn,0.0916043,0.000306583
nn,0.0917017,0.000310385
nn,0.0917992,0.000314181
nn,0.0918966,0.000318
nn,0.091994,0.000321851
nn,0.0920915,0.000325748
nn,0.0921889,0.000329667
nn,0.0922864,0.000333626
nn,0.0923838,0.000337615
nn,0.0924813,0.000341706
nn,0.0925787,0.000345668
nn,0.0926762,0.000349712
nn,0.0927736,0.000353762
nn,0.0928711,0.000357952
nn,0.0929685,0.000361859
nn,0.093066,0.000365905
nn,0.0931634,0.000369948
nn,0.0932609,0.000373976
nn,0.0933583,0.000378
nn,0.0934557,0.000382017
nn,0.0935532,0.000386019
nn,0.0936506,0.00039
nn,0.0937481,0.000393959
nn,0.0938455,0.00039797
nn,0.093943,0.00040181
nn,0.0940404,0.000405709
nn,0.0941379,0.000409595
nn,0.0942353,0.000413616
nn,0.0943328,0.000417473
nn,0.0944302,0.000421314
nn,0.0945277,0.000425136
nn,0.0946251,0.000428938
nn,0.0947226,0.000432715
nn,0.09482,0.000436462
nn,0.0949174,0.000440176
nn,0.0950149,0.000443852
nn,0.0951123,0.000447495
nn,0.0952098,0.000450908
nn,0.0953072,0.000454461
nn,0.0954047,0.00045798
nn,0.0955021,0.000461465
nn,0.0955996,0.000464914
nn,0.095697,0.00046833
nn,0.0957945,0.000471712
nn,0.0958919,0.000475056
nn,0.0959894,0.000478358
nn,0.0960868,0.000481614
nn,0.0961843,0.000484814
nn,0.0962817,0.000487958
nn,0.0963791,0.000491048
nn,0.0964766,0.000494089
nn,0.096574,0.000497083
nn,0.0966715,0.000500029
nn,0.0967689,0.000502919
nn,0.0968664,0.000505767
nn,0.0969638,0.000508562
nn,0.0970613,0.000511308
nn,0.0971587,0.000514017
nn,0.0972562,0.000516695
nn,0.0973536,0.000519341
nn,0.0974511,0.000521943
nn,0.0975485,0.000524506
nn,0.097646,0.000527031
nn,0.0977434,0.000529513
nn,0.0978408,0.000531946
nn,0.0979383,0.000534325
nn,0.0980357,0.000536673
nn,0.0981332,0.00053893
nn,0.0982306,0.00054114
nn,0.0983281,0.0005433
nn,0.0984255,0.000545411
nn,0.098523,0.000547473
nn,0.0986204,0.000549476
nn,0.0987179,0.000551429
nn,0.0988153,0.000553327
nn,0.0989128,0.000555166
nn,0.0990102,0.000556954
nn,0.0991077,0.000558687
nn,0.0992051,0.000560366
nn,0.0993025,0.000561988
nn,0.0994,0.000563551
nn,0.0994974,0.00056505
nn,0.0995949,0.000566485
nn,0.0996923,0.000567851
nn,0.0997898,0.000569156
nn,0.0998872,0.000570401
nn,0.0999847,0.000571589
nn,0.100082,0.000572722
nn,0.10018,0.000573797
nn,0.100277,0.00057483
nn,0.100374,0.000575816
nn,0.100472,0.000576759
nn,0.100569,0.000577662
nn,0.100667,0.00057809
nn,0.100764,0.000578363
nn,0.100862,0.000578549
nn,0.100959,0.00057872
nn,0.101057,0.000578858
nn,0.101154,0.000578954
nn,0.101251,0.000579004
nn,0.101349,0.000578998
nn,0.101446,0.000578938
nn,0.101544,0.00057883
nn,0.101641,0.000578669
nn,0.101739,0.000578458
nn,0.101836,0.000578199
nn,0.101934,0.000577889
nn,0.102031,0.000577531
nn,0.102129,0.000577131
nn,0.102226,0.000576691
nn,0.102323,0.00057618
nn,0.102421,0.000575549
nn,0.102518,0.000574705
nn,0.102616,0.000573814
nn,0.102713,0.000572865
nn,0.102811,0.00057186
nn,0.102908,0.000570813
nn,0.103006,0.000569732
nn,0.103103,0.00056862
nn,0.1032,0.00056747
nn,0.103298,0.000566275
nn,0.103395,0.000565029
nn,0.103493,0.000563717
nn,0.10359,0.000562356
nn,0.103688,0.000560941
nn,0.103785,0.000559477
nn,0.103883,0.000557969
nn,0.10398,0.000556414
nn,0.104077,0.00055481
nn,0.104175,0.000553149
nn,0.104272,0.00055143
nn,0.10437,0.000549654
nn,0.104467,0.00054781
nn,0.104565,0.000545913
nn,0.104662,0.000543962
nn,0.10476,0.000541958
nn,0.104857,0.000539899
nn,0.104954,0.000537786
nn,0.105052,0.000535613
nn,0.105149,0.000533383
nn,0.105247,0.000531095
nn,0.105344,0.000528748
nn,0.105442,0.000526342
nn,0.105539,0.000523877
nn,0.105637,0.000521354
nn,0.105734,0.000518775
nn,0.105831,0.000516144
nn,0.105929,0.000513441
nn,0.106026,0.000510686
nn,0.106124,0.000507881
nn,0.106221,0.000505033
nn,0.106319,0.000502134
nn,0.106416,0.000499182
nn,0.106514,0.000496181
nn,0.106611,0.000493137
nn,0.106708,0.000490051
nn,0.106806,0.000486926
nn,0.106903,0.000483763
nn,0.107001,0.000480561
nn,0.107098,0.000477316
nn,0.107196,0.000474027
nn,0.107293,0.000470695
nn,0.107391,0.000467322
nn,0.107488,0.000463913
nn,0.107586,0.000460473
nn,0.107683,0.000456999
nn,0.10778,0.000453485
nn,0.107878,0.00044994
nn,0.107975,0.000446366
nn,0.108073,0.000442761
nn,0.10817,0.000439128
nn,0.108268,0.000435465
nn,0.108365,0.000431782
nn,0.108463,0.000428073
nn,0.10856,0.000424338
nn,0.108657,0.000420577
nn,0.108755,0.000416787
nn,0.108852,0.000412967
nn,0.10895,0.000409118
nn,0.109047,0.000405251
nn,0.109145,0.000401348
nn,0.109242,0.000397422
nn,0.10934,0.000393474
nn,0.109437,0.000389509
nn,0.109534,0.000385529
nn,0.109632,0.000381537
nn,0.109729,0.000377535
nn,0.109827,0.000373526
nn,0.109924,0.000369506
nn,0.110022,0.000365482
nn,0.110119,0.00036145
nn,0.110217,0.000357414
nn,0.110314,0.000353376
nn,0.110411,0.000349331
nn,0.110509,0.000345281
nn,0.110606,0.000341227
nn,0.110704,0.000337163
nn,0.110801,0.00033309
nn,0.110899,0.000329011
nn,0.110996,0.000324934
nn,0.111094,0.000320864
nn,0.111191,0.000316803
nn,0.111288,0.000312753
nn,0.111386,0.000308716
nn,0.111483,0.000304691
nn,0.111581,0.000300678
nn,0.111678,0.000296665
nn,0.111776,0.000292672
nn,0.111873,0.000288687
nn,0.111971,0.00028415
nn,0.112068,0.000279529
nn,0.112166,0.000274838
nn,0.112263,0.00027016
nn,0.11236,0.000265527
nn,0.112458,0.000260934
nn,0.112555,0.000256375
nn,0.112653,0.000251846
nn,0.11275,0.000247343
nn,0.112848,0.000242873
nn,0.112945,0.000238435
nn,0.113043,0.000234031
nn,0.11314,0.00022966
nn,0.113237,0.000225323
nn,0.113335,0.000221021
nn,0.113432,0.000216757
nn,0.11353,0.000212528
nn,0.113627,0.000208334
nn,0.113725,0.000204174
nn,0.113822,0.00020005
nn,0.11392,0.000195962
nn,0.114017,0.000191909
nn,0.114114,0.000187894
nn,0.114212,0.000183914
nn,0.114309,0.00017997
nn,0.114407,0.000176061
nn,0.114504,0.000172185
nn,0.114602,0.000168344
nn,0.114699,0.000164537
nn,0.114797,0.000160768
nn,0.114894,0.000157029
nn,0.114991,0.00015333
nn,0.115089,0.000149665
nn,0.115186,0.000145988
nn,0.115284,0.0001423
nn,0.115381,0.000138604
nn,0.115479,0.000134783
nn,0.115576,0.000131009
nn,0.115674,0.00012728
nn,0.115771,0.000123599
nn,0.115868,0.000119974
nn,0.115966,0.000116409
nn,0.116063,0.000112906
nn,0.116161,0.000109462
nn,0.116258,0.000106078
nn,0.116356,0.000102752
nn,0.116453,9.94839e-05
nn,0.116551,9.6275e-05
nn,0.116648,9.31267e-05
nn,0.116746,9.00439e-05
nn,0.116843,8.70174e-05
nn,0.11694,8.4053e-05
nn,0.117038,8.11482e-05
nn,0.117135,7.83015e-05
nn,0.117233,7.55126e-05
nn,0.11733,7.27823e-05
nn,0.117428,7.01123e-05
nn,0.117525,6.75e-05
nn,0.117623,6.49408e-05
nn,0.11772,6.24335e-05
nn,0.117817,5.99832e-05
nn,0.117915,5.75888e-05
nn,0.118012,5.52591e-05
nn,0.11811,5.29914e-05
nn,0.118207,5.07879e-05
nn,0.118305,4.86488e-05
nn,0.118402,4.65737e-05
nn,0.1185,4.45626e-05
nn,0.118597,4.2613e-05
nn,0.118694,4.07231e-05
nn,0.118792,3.88895e-05
nn,0.118889,3.71106e-05
nn,0.118987,3.53896e-05
nn,0.119084,3.37134e-05
nn,0.119182,3.20918e-05
nn,0.119279,3.05258e-05
nn,0.119377,2.90148e-05
nn,0.119474,2.75619e-05
nn,0.119571,2.61704e-05
nn,0.119669,2.48389e-05
nn,0.119766,2.35672e-05
nn,0.119864,2.2355e-05
nn,0.119961,2.12035e-05
nn,0.120059,2.01129e-05
nn,0.120156,1.90845e-05
nn,0.120254,1.81211e-05
nn,0.120351,1.72243e-05
nn,0.120448,1.63939e-05
nn,0.120546,1.56269e-05
nn,0.120643,1.49186e-05
nn,0.120741,1.42698e-05
nn,0.120838,1.36798e-05
nn,0.120936,1.315e-05
nn,0.121033,1.26808e-05
nn,0.121131,1.22735e-05
nn,0.121228,1.19288e-05
nn,0.121326,1.16485e-05
nn,0.121423,1.14344e-05
nn,0.12152,1.12874e-05
nn,0.121618,1.12083e-05
nn,0.121715,1.11962e-05
nn,0.121813,1.12499e-05
nn,0.12191,1.13649e-05
nn,0.122008,1.1542e-05
nn,0.122105,1.17794e-05
nn,0.122203,1.20796e-05
nn,0.1223,1.24421e-05
nn,0.122397,1.28714e-05
nn,0.122495,1.3369e-05
nn,0.122592,1.39359e-05
nn,0.12269,1.45714e-05
nn,0.122787,1.5274e-05
nn,0.122885,1.60417e-05
nn,0.122982,1.6873e-05
nn,0.12308,1.77664e-05
nn,0.123177,1.87211e-05
nn,0.123274,1.97371e-05
nn,0.123372,2.08137e-05
nn,0.123469,2.19496e-05
nn,0.123567,2.31441e-05
nn,0.123664,2.4396e-05
nn,0.123762,2.57064e-05
nn,0.123859,2.70762e-05
nn,0.123957,2.85077e-05
nn,0.124054,3.00009e-05
nn,0.124151,3.15593e-05
nn,0.124249,3.31846e-05
nn,0.124346,3.48772e-05
nn,0.124444,3.6636e-05
nn,0.124541,3.84607e-05
nn,0.124639,4.03487e-05
nn,0.124736,4.22985e-05
nn,0.124834,4.43072e-05
nn,0.124931,4.63742e-05
nn,0.125028,4.8498e-05
nn,0.125126,5.0678e-05
nn,0.125223,5.29168e-05
nn,0.125321,5.5217e-05
nn,0.125418,5.75753e-05
nn,0.125516,5.99918e-05
nn,0.125613,6.2469e-05
nn,0.125711,6.4997e-05
nn,0.125808,6.75974e-05
nn,0.125905,7.02554e-05
nn,0.126003,7.29685e-05
nn,0.1261,7.5735e-05
nn,0.126198,7.85545e-05
nn,0.126295,8.14291e-05
nn,0.126393,8.43575e-05
nn,0.12649,8.73384e-05
nn,0.126588,9.03659e-05
nn,0.126685,9.34471e-05
nn,0.126783,9.65559e-05
nn,0.12688,9.97299e-05
nn,0.126977,0.000102961
nn,0.127075,0.000106245
nn,0.127172,0.000109578
nn,0.12727,0.000112952
nn,0.127367,0.000116375
nn,0.127465,0.00011983
nn,0.127562,0.000123314
nn,0.12766,0.000126826
nn,0.127757,0.000130365
nn,0.127854,0.00013394
nn,0.127952,0.000137554
nn,0.128049,0.000141214
nn,0.128147,0.000144926
nn,0.128244,0.000148695
nn,0.128342,0.000152542
nn,0.128439,0.000156398
nn,0.128537,0.000160331
nn,0.128634,0.000164311
nn,0.128731,0.000167827
nn,0.128829,0.00017129
nn,0.128926,0.000174705
nn,0.129024,0.000178081
nn,0.129121,0.000181457
nn,0.129219,0.000184894
nn,0.129316,0.000188398
nn,0.129414,0.000191954
nn,0.129511,0.000195556
nn,0.129608,0.00019921
nn,0.129706,0.000202926
nn,0.129803,0.000206619
nn,0.129901,0.000210389
nn,0.129998,0.000214203
nn,0.130096,0.000218062
nn,0.130193,0.000221974
nn,0.130291,0.000225916
nn,0.130388,0.000229905
nn,0.130485,0.000233936
nn,0.130583,0.000237997
nn,0.13068,0.000242091
nn,0.130778,0.000246251
nn,0.130875,0.00025037
nn,0.130973,0.000254562
nn,0.13107,0.000258786
nn,0.131168,0.000263046
nn,0.131265,0.000267316
nn,0.131363,0.000271613
nn,0.13146,0.000275928
nn,0.131557,0.000280197
nn,0.131655,0.000284362
nn,0.131752,0.000288423
nn,0.13185,0.000292103
nn,0.131947,0.000295706
nn,0.132045,0.000299375
nn,0.132142,0.000303058
nn,0.13224,0.000306787
nn,0.132337,0.000310523
nn,0.132434,0.000314311
nn,0.132532,0.000318138
nn,0.132629,0.000321997
nn,0.132727,0.000325884
nn,0.132824,0.000329803
nn,0.132922,0.000333743
nn,0.133019,0.000337702
nn,0.133117,0.000341741
nn,0.133214,0.000345651
nn,0.133311,0.000349651
nn,0.133409,0.000353665
nn,0.133506,0.000357692
nn,0.133604,0.000361742
nn,0.133701,0.000365775
nn,0.133799,0.000369819
nn,0.133896,0.000373861
nn,0.133994,0.000377906
nn,0.134091,0.000381911
nn,0.134188,0.000385915
nn,0.134286,0.000389879
nn,0.134383,0.000393838
nn,0.134481,0.000397776
nn,0.134578,0.000401694
nn,0.134676,0.000405594
nn,0.134773,0.000409473
nn,0.134871,0.000413327
nn,0.134968,0.000417156
nn,0.135065,0.000420957
nn,0.135163,0.000424739
nn,0.13526,0.00042847
nn,0.135358,0.000432172
nn,0.135455,0.000435853
nn,0.135553,0.000439471
nn,0.13565,0.000443072
nn,0.135748,0.000446614
nn,0.135845,0.00045012
nn,0.135943,0.000453664
nn,0.13604,0.000456998
nn,0.136137,0.000460395
nn,0.136235,0.000463744
nn,0.136332,0.000467258
nn,0.13643,0.00047034
nn,0.136527,0.000473586
nn,0.136625,0.000476778
nn,0.136722,0.000479938
nn,0.13682,0.00048307
nn,0.136917,0.000486138
nn,0.137014,0.00048915
nn,0.137112,0.00049212
nn,0.137209,0.000495049
nn,0.137307,0.000497934
nn,0.137404,0.000500787
nn,0.137502,0.000503582
nn,0.137599,0.000506329
nn,0.137697,0.000509023
nn,0.137794,0.000511679
nn,0.137891,0.000514327
nn,0.137989,0.000516932
nn,0.138086,0.000519496
nn,0.138184,0.000522023
nn,0.138281,0.0005245
nn,0.138379,0.000526936
nn,0.138476,0.000529304
nn,0.138574,0.000531624
nn,0.138671,0.000533876
nn,0.138768,0.000536076
nn,0.138866,0.000538219
nn,0.138963,0.000540332
nn,0.139061,0.000542391
nn,0.139158,0.000544394
nn,0.139256,0.000546359
nn,0.139353,0.00054828
nn,0.139451,0.000550158
nn,0.139548,0.000551999
nn,0.139645,0.000553789
nn,0.139743,0.000555525
nn,0.13984,0.000557209
nn,0.139938,0.000558848
nn,0.140035,0.000560438
nn,0.140133,0.000561978
nn,0.14023,0.000563462
nn,0.140328,0.000564895
nn,0.140425,0.000566259
nn,0.140523,0.000567559
nn,0.14062,0.000568806
nn,0.140717,0.000569997
nn,0.140815,0.000571143
nn,0.140912,0.000572239
nn,0.14101,0.0005729
nn,0.141107,0.000573385
nn,0.141205,0.000573723
nn,0.141302,0.000574022
nn,0.1414,0.000574295
nn,0.141497,0.000574531
nn,0.141594,0.000574725
nn,0.141692,0.000574869
nn,0.141789,0.000574957
nn,0.141887,0.000574993
nn,0.141984,0.000574983
nn,0.142082,0.000574927
nn,0.142179,0.000574819
nn,0.142277,0.00057467
nn,0.142374,0.000574475
nn,0.142471,0.000574221
nn,0.142569,0.000573915
nn,0.142666,0.00057356
nn,0.142764,0.000573156
nn,0.142861,0.000572703
nn,0.142959,0.0005722
nn,0.143056,0.000571631
nn,0.143154,0.000571004
nn,0.143251,0.000570275
nn,0.143348,0.000569411
nn,0.143446,0.000568261
nn,0.143543,0.000567066
nn,0.143641,0.000565821
nn,0.143738,0.000564535
nn,0.143836,0.000563215
nn,0.143933,0.000561874
nn,0.144031,0.000560505
nn,0.144128,0.000559101
nn,0.144225,0.000557663
nn,0.144323,0.00055619
nn,0.14442,0.000554681
nn,0.144518,0.000553135
nn,0.144615,0.000551547
nn,0.144713,0.000549912
nn,0.14481,0.000548228
nn,0.144908,0.000546497
nn,0.145005,0.000544704
nn,0.145102,0.00054288
nn,0.1452,0.000540991
nn,0.145297,0.000539052
nn,0.145395,0.000537061
nn,0.145492,0.000535018
nn,0.14559,0.000532918
nn,0.145687,0.000530767
nn,0.145785,0.000528565
nn,0.145882,0.000526309
nn,0.14598,0.000523998
nn,0.146077,0.000521628
nn,0.146174,0.000519196
nn,0.146272,0.000516702
nn,0.146369,0.000514141
nn,0.146467,0.000511522
nn,0.146564,0.000508849
nn,0.146662,0.000506127
nn,0.146759,0.000503355
nn,0.146857,0.000500526
nn,0.146954,0.000497652
nn,0.147051,0.000494736
nn,0.147149,0.000491781
nn,0.147246,0.00048879
nn,0.147344,0.000485757
nn,0.147441,0.000482678
nn,0.147539,0.000479549
nn,0.147636,0.000476372
nn,0.147734,0.00047315
nn,0.147831,0.000469887
nn,0.147928,0.000466582
nn,0.148026,0.000463238
nn,0.148123,0.000459855
nn,0.148221,0.000456441
nn,0.148318,0.000452998
nn,0.148416,0.000449517
nn,0.148513,0.000446012
nn,0.148611,0.000442473
nn,0.148708,0.000438894
nn,0.148805,0.000435292
nn,0.148903,0.000431671
nn,0.149,0.000428026
nn,0.149098,0.000424357
nn,0.149195,0.00042066
nn,0.149293,0.000416929
nn,0.14939,0.00041317
nn,0.149488,0.000409394
nn,0.149585,0.000405606
nn,0.149682,0.000401804
nn,0.14978,0.000397989
nn,0.149877,0.00039416
nn,0.149975,0.000390316
nn,0.150072,0.000386459
nn,0.15017,0.000382589
nn,0.150267,0.000378708
nn,0.150365,0.000374818
nn,0.150462,0.000370916
nn,0.15056,0.000367001
nn,0.150657,0.000363072
nn,0.150754,0.000359127
nn,0.150852,0.000355168
nn,0.150949,0.000351191
nn,0.151047,0.000347195
nn,0.151144,0.000343182
nn,0.151242,0.000339156
nn,0.151339,0.000335117
nn,0.151437,0.000331067
nn,0.151534,0.000327019
nn,0.151631,0.000322976
nn,0.151729,0.000318945
nn,0.151826,0.00031492
nn,0.151924,0.000310908
nn,0.152021,0.000306903
nn,0.152119,0.000302901
nn,0.152216,0.000298901
nn,0.152314,0.000294905
nn,0.152411,0.000290913
nn,0.152508,0.000286935
nn,0.152606,0.000282367
nn,0.152703,0.000277728
nn,0.152801,0.000273029
nn,0.152898,0.000268314
nn,0.152996,0.00026365
nn,0.153093,0.000259032
nn,0.153191,0.000254452
nn,0.153288,0.000249905
nn,0.153385,0.00024538
nn,0.153483,0.000240881
nn,0.15358,0.000236417
nn,0.153678,0.000231996
nn,0.153775,0.000227618
nn,0.153873,0.000223281
nn,0.15397,0.000218987
nn,0.154068,0.000214732
nn,0.154165,0.00021052
nn,0.154262,0.000206356
nn,0.15436,0.000202227
nn,0.154457,0.000198137
nn,0.154555,0.000194087
nn,0.154652,0.000190085
nn,0.15475,0.000186118
nn,0.154847,0.000182188
nn,0.154945,0.000178292
nn,0.155042,0.000174431
nn,0.15514,0.000170605
nn,0.155237,0.000166815
nn,0.155334,0.000163048
nn,0.155432,0.000159271
nn,0.155529,0.000155488
nn,0.155627,0.000151702
nn,0.155724,0.000147794
nn,0.155822,0.000143928
nn,0.155919,0.000140098
nn,0.156017,0.000136309
nn,0.156114,0.000132568
nn,0.156211,0.000128879
nn,0.156309,0.000125246
nn,0.156406,0.000121668
nn,0.156504,0.000118144
nn,0.156601,0.000114673
nn,0.156699,0.000111258
nn,0.156796,0.000107892
nn,0.156894,0.00010458
nn,0.156991,0.000101323
nn,0.157088,9.81223e-05
nn,0.157186,9.49788e-05
nn,0.157283,9.1892e-05
nn,0.157381,8.88645e-05
nn,0.157478,8.58912e-05
nn,0.157576,8.2973e-05
nn,0.157673,8.01094e-05
nn,0.157771,7.72983e-05
nn,0.157868,7.45683e-05
nn,0.157965,7.18366e-05
nn,0.158063,6.91797e-05
nn,0.15816,6.65779e-05
nn,0.158258,6.40314e-05
nn,0.158355,6.15467e-05
nn,0.158453,5.91185e-05
nn,0.15855,5.67537e-05
nn,0.158648,5.44511e-05
nn,0.158745,5.22103e-05
nn,0.158842,5.00311e-05
nn,0.15894,4.7916e-05
nn,0.159037,4.58657e-05
nn,0.159135,4.38747e-05
nn,0.159232,4.19387e-05
nn,0.15933,4.00587e-05
nn,0.159427,3.82321e-05
nn,0.159525,3.64572e-05
nn,0.159622,3.47352e-05
nn,0.15972,3.30691e-05
nn,0.159817,3.14621e-05
nn,0.159914,2.99204e-05
nn,0.160012,2.84405e-05
nn,0.160109,2.70234e-05
nn,0.160207,2.5671e-05
nn,0.160304,2.43811e-05
nn,0.160402,2.31511e-05
nn,0.160499,2.1979e-05
nn,0.160597,2.08638e-05
nn,0.160694,1.98049e-05
nn,0.160791,1.88051e-05
nn,0.160889,1.78633e-05
nn,0.160986,1.69812e-05
nn,0.161084,1.61602e-05
nn,0.161181,1.54009e-05
nn,0.161279,1.47007e-05
nn,0.161376,1.40594e-05
nn,0.161474,1.34794e-05
nn,0.161571,1.29639e-05
nn,0.161668,1.25146e-05
nn,0.161766,1.21289e-05
nn,0.161863,1.18074e-05
nn,0.161961,1.15495e-05
nn,0.162058,1.13558e-05
nn,0.162156,1.12264e-05
nn,0.162253,1.11629e-05
nn,0.162351,1.11654e-05
nn,0.162448,1.12342e-05
nn,0.162545,1.13694e-05
nn,0.162643,1.15711e-05
nn,0.16274,1.18396e-05
nn,0.162838,1.21751e-05
nn,0.162935,1.25781e-05
nn,0.163033,1.30475e-05
nn,0.16313,1.35792e-05
nn,0.163228,1.41776e-05
nn,0.163325,1.48369e-05
nn,0.163422,1.55591e-05
nn,0.16352,1.63378e-05
nn,0.163617,1.71772e-05
nn,0.163715,1.80759e-05
nn,0.163812,1.90322e-05
nn,0.16391,2.00451e-05
nn,0.164007,2.11141e-05
nn,0.164105,2.22393e-05
nn,0.164202,2.34212e-05
nn,0.164299,2.46607e-05
nn,0.164397,2.59613e-05
nn,0.164494,2.73241e-05
nn,0.164592,2.87476e-05
nn,0.164689,3.02306e-05
nn,0.164787,3.17738e-05
nn,0.164884,3.33782e-05
nn,0.164982,3.50428e-05
nn,0.165079,3.67732e-05
nn,0.165177,3.85651e-05
nn,0.165274,4.04191e-05
nn,0.165371,4.23331e-05
nn,0.165469,4.43075e-05
nn,0.165566,4.63409e-05
nn,0.165664,4.84299e-05
nn,0.165761,5.05739e-05
nn,0.165859,5.27738e-05
nn,0.165956,5.50311e-05
nn,0.166054,5.73539e-05
nn,0.166151,5.97138e-05
nn,0.166248,6.21394e-05
nn,0.166346,6.46173e-05
nn,0.166443,6.71536e-05
nn,0.166541,6.9745e-05
nn,0.166638,7.23943e-05
nn,0.166736,7.51027e-05
nn,0.166833,7.78641e-05
nn,0.166931,8.06771e-05
nn,0.167028,8.35434e-05
nn,0.167125,8.64681e-05
nn,0.167223,8.94544e-05
nn,0.16732,9.25029e-05
nn,0.167418,9.56122e-05
nn,0.167515,9.87789e-05
nn,0.167613,0.000102008
nn,0.16771,0.000105249
nn,0.167808,0.000108545
nn,0.167905,0.000111881
nn,0.168002,0.000115243
nn,0.1681,0.000118645
nn,0.168197,0.000122089
nn,0.168295,0.000125583
nn,0.168392,0.000129132
nn,0.16849,0.000132742
nn,0.168587,0.000136411
nn,0.168685,0.000140143
nn,0.168782,0.000143404
nn,0.168879,0.00014657
nn,0.168977,0.000149722
nn,0.169074,0.000152875
nn,0.169172,0.000156094
nn,0.169269,0.00015939
nn,0.169367,0.000162739
nn,0.169464,0.000166147
nn,0.169562,0.000169613
nn,0.169659,0.000173128
nn,0.169757,0.000176691
nn,0.169854,0.000180303
nn,0.169951,0.000183988
nn,0.170049,0.000187655
nn,0.170146,0.000191399
nn,0.170244,0.00019518
nn,0.170341,0.000198999
nn,0.170439,0.000202864
nn,0.170536,0.000206749
nn,0.170634,0.000210672
nn,0.170731,0.000214628
nn,0.170828,0.000218617
nn,0.170926,0.000222669
nn,0.171023,0.000226677
nn,0.171121,0.000230758
nn,0.171218,0.00023487
nn,0.171316,0.000239009
nn,0.171413,0.000243186
nn,0.171511,0.000247374
nn,0.171608,0.000251589
nn,0.171705,0.000255822
nn,0.171803,0.000260076
nn,0.1719,0.00026435
nn,0.171998,0.000268683
nn,0.172095,0.000272949
nn,0.172193,0.000277259
nn,0.17229,0.000281474
nn,0.172388,0.000285595
nn,0.172485,0.000289325
nn,0.172582,0.000293059
nn,0.17268,0.000296807
nn,0.172777,0.000300567
nn,0.172875,0.000304351
nn,0.172972,0.000308169
nn,0.17307,0.000312028
nn,0.173167,0.000315968
nn,0.173265,0.000319839
nn,0.173362,0.000323801
nn,0.173459,0.000327792
nn,0.173557,0.000331806
nn,0.173654,0.000335839
nn,0.173752,0.000339883
nn,0.173849,0.000343934
nn,0.173947,0.000347987
nn,0.174044,0.000352108
nn,0.174142,0.000356212
nn,0.174239,0.000360135
nn,0.174337,0.000364193
nn,0.174434,0.000368248
nn,0.174531,0.000372292
nn,0.174629,0.000376324
nn,0.174726,0.000380339
nn,0.174824,0.000384332
nn,0.174921,0.000388301
nn,0.175019,0.000392252
nn,0.175116,0.000396184
nn,0.175214,0.0004001
nn,0.175311,0.000403998
nn,0.175408,0.000407878
nn,0.175506,0.000411739
nn,0.175603,0.000415576
nn,0.175701,0.000419385
nn,0.175798,0.000423161
nn,0.175896,0.000426895
nn,0.175993,0.000430589
nn,0.176091,0.000434385
nn,0.176188,0.000437848
nn,0.176285,0.000441402
nn,0.176383,0.000444925
nn,0.17648,0.000448411
nn,0.176578,0.000451856
nn,0.176675,0.000455262
nn,0.176773,0.00045863
nn,0.17687,0.000461966
nn,0.176968,0.000465269
nn,0.177065,0.000468539
nn,0.177162,0.000471768
nn,0.17726,0.000474952
nn,0.177357,0.000478087
nn,0.177455,0.000481176
nn,0.177552,0.000484221
nn,0.17765,0.000487225
nn,0.177747,0.000490186
nn,0.177845,0.000493104
nn,0.177942,0.000495975
nn,0.178039,0.000498799
nn,0.178137,0.000501575
nn,0.178234,0.000504311
nn,0.178332,0.000507014
nn,0.178429,0.000509674
nn,0.178527,0.000512297
nn,0.178624,0.000514888
nn,0.178722,0.000517442
nn,0.178819,0.000519948
nn,0.178917,0.000522406
nn,0.179014,0.000524806
nn,0.179111,0.000527138
nn,0.179209,0.0005294
nn,0.179306,0.000531594
nn,0.179404,0.000533728
nn,0.179501,0.000535809
nn,0.179599,0.00053784
nn,0.179696,0.000539816
nn,0.179794,0.000541739
nn,0.179891,0.000543612
nn,0.179988,0.000545435
nn,0.180086,0.000547212
nn,0.180183,0.000548925
nn,0.180281,0.000550597
nn,0.180378,0.00055222
nn,0.180476,0.000553797
nn,0.180573,0.000555327
nn,0.180671,0.000556806
nn,0.180768,0.000558234
nn,0.180865,0.000559607
nn,0.180963,0.000560919
nn,0.18106,0.000562171
nn,0.181158,0.000563375
nn,0.181255,0.000564513
nn,0.181353,0.0005656
nn,0.18145,0.000566642
nn,0.181548,0.000567645
nn,0.181645,0.000568601
nn,0.181742,0.000569524
nn,0.18184,0.0005704
nn,0.181937,0.00057124
nn,0.182035,0.000571633
nn,0.182132,0.000571859
nn,0.18223,0.00057196
nn,0.182327,0.000572039
nn,0.182425,0.000572071
nn,0.182522,0.000572052
nn,0.182619,0.000571981
nn,0.182717,0.000571856
nn,0.182814,0.00057168
nn,0.182912,0.000571463
nn,0.183009,0.000571209
nn,0.183107,0.000570915
nn,0.183204,0.000570581
nn,0.183302,0.000570209
nn,0.183399,0.000569792
nn,0.183497,0.000569304
nn,0.183594,0.000568699
nn,0.183691,0.000567882
nn,0.183789,0.00056702
nn,0.183886,0.000566103
nn,0.183984,0.000565136
nn,0.184081,0.000564123
nn,0.184179,0.00056308
nn,0.184276,0.000562003
nn,0.184374,0.000560887
nn,0.184471,0.000559725
nn,0.184568,0.000558506
nn,0.184666,0.000557227
nn,0.184763,0.000555891
nn,0.184861,0.000554496
nn,0.184958,0.00055305
nn,0.185056,0.000551558
nn,0.185153,0.000550022
nn,0.185251,0.000548441
nn,0.185348,0.00054681
nn,0.185445,0.000545128
nn,0.185543,0.000543391
nn,0.18564,0.000541595
nn,0.185738,0.00053974
nn,0.185835,0.000537831
nn,0.185933,0.000535869
nn,0.18603,0.000533852
nn,0.186128,0.000531782
nn,0.186225,0.000529657
nn,0.186322,0.000527475
nn,0.18642,0.000525237
nn,0.186517,0.000522943
nn,0.186615,0.000520588
nn,0.186712,0.000518175
nn,0.18681,0.000515703
nn,0.186907,0.000513174
nn,0.187005,0.000510592
nn,0.187102,0.000507953
nn,0.187199,0.000505262
nn,0.187297,0.000502529
nn,0.187394,0.000499748
nn,0.187492,0.000496919
nn,0.187589,0.000494042
nn,0.187687,0.000491122
nn,0.187784,0.000488161
nn,0.187882,0.000485162
nn,0.187979,0.000482125
nn,0.188076,0.000479048
nn,0.188174,0.000475923
nn,0.188271,0.000472761
nn,0.188369,0.000469556
nn,0.188466,0.000466311
nn,0.188564,0.000463026
nn,0.188661,0.000459696
nn,0.188759,0.000456326
nn,0.188856,0.000452925
nn,0.188954,0.000449494
nn,0.189051,0.000446023
nn,0.189148,0.00044252
nn,0.189246,0.000438984
nn,0.189343,0.000435418
nn,0.189441,0.00043182
nn,0.189538,0.000428193
nn,0.189636,0.000424539
nn,0.189733,0.000420862
nn,0.189831,0.00041715
nn,0.189928,0.000413415
nn,0.190025,0.00040966
nn,0.190123,0.000405889
nn,0.19022,0.000402101
nn,0.190318,0.000398295
nn,0.190415,0.000394469
nn,0.190513,0.00039062
nn,0.19061,0.000386749
nn,0.190708,0.00038286
nn,0.190805,0.000378957
nn,0.190902,0.000375046
nn,0.191,0.000371129
nn,0.191097,0.000367204
nn,0.191195,0.000363272
nn,0.191292,0.00035933
nn,0.19139,0.00035538
nn,0.191487,0.000351421
nn,0.191585,0.000347448
nn,0.191682,0.000343464
nn,0.191779,0.000339463
nn,0.191877,0.000335441
nn,0.191974,0.000331398
nn,0.192072,0.000327343
nn,0.192169,0.000323286
nn,0.192267,0.000319236
nn,0.192364,0.000315196
nn,0.192462,0.000311168
nn,0.192559,0.000307152
nn,0.192656,0.000303147
nn,0.192754,0.000299151
nn,0.192851,0.00029516
nn,0.192949,0.000291176
nn,0.193046,0.000287198
nn,0.193144,0.000282746
nn,0.193241,0.000278199
nn,0.193339,0.000273573
nn,0.193436,0.000268889
nn,0.193534,0.000264254
nn,0.193631,0.000259666
nn,0.193728,0.000255121
nn,0.193826,0.000250611
nn,0.193923,0.000246128
nn,0.194021,0.000241676
nn,0.194118,0.000237257
nn,0.194216,0.000232869
nn,0.194313,0.000228518
nn,0.194411,0.000224205
nn,0.194508,0.000219934
nn,0.194605,0.000215711
nn,0.194703,0.00021152
nn,0.1948,0.000207364
nn,0.194898,0.000203241
nn,0.194995,0.000199156
nn,0.195093,0.000195105
nn,0.19519,0.000191093
nn,0.195288,0.000187127
nn,0.195385,0.000183188
nn,0.195482,0.000179292
nn,0.19558,0.000175431
nn,0.195677,0.000171606
nn,0.195775,0.000167815
nn,0.195872,0.000164059
nn,0.19597,0.000160336
nn,0.196067,0.000156648
nn,0.196165,0.000152997
nn,0.196262,0.000149393
nn,0.196359,0.000145822
nn,0.196457,0.000142296
nn,0.196554,0.000138818
nn,0.196652,0.00013538
nn,0.196749,0.000131946
nn,0.196847,0.000128501
nn,0.196944,0.000125044
nn,0.197042,0.000121436
nn,0.197139,0.000117875
nn,0.197236,0.000114358
nn,0.197334,0.000110896
nn,0.197431,0.000107482
nn,0.197529,0.000104129
nn,0.197626,0.000100836
nn,0.197724,9.76072e-05
nn,0.197821,9.44407e-05
nn,0.197919,9.13362e-05
nn,0.198016,8.82939e-05
nn,0.198114,8.53127e-05
nn,0.198211,8.23922e-05
nn,0.198308,7.953e-05
nn,0.198406,7.67276e-05
nn,0.198503,7.39764e-05
nn,0.198601,7.12827e-05
nn,0.198698,6.8636e-05
nn,0.198796,6.60449e-05
nn,0.198893,6.35102e-05
nn,0.198991,6.10295e-05
nn,0.199088,5.86005e-05
nn,0.199185,5.62254e-05
nn,0.199283,5.39082e-05
nn,0.19938,5.16559e-05
nn,0.199478,4.94749e-05
nn,0.199575,4.73612e-05
nn,0.199673,4.53166e-05
nn,0.19977,4.33393e-05
nn,0.199868,4.14285e-05
nn,0.199965,3.95822e-05
nn,0.200062,3.77988e-05
nn,0.20016,3.60762e-05
nn,0.200257,3.44186e-05
nn,0.200355,3.2808e-05
nn,0.200452,3.12538e-05
nn,0.20055,2.97574e-05
nn,0.200647,2.83154e-05
nn,0.200745,2.69282e-05
nn,0.200842,2.55989e-05
nn,0.200939,2.43315e-05
nn,0.201037,2.31276e-05
nn,0.201134,2.19866e-05
nn,0.201232,2.0907e-05
nn,0.201329,1.98861e-05
nn,0.201427,1.89267e-05
nn,0.201524,1.80282e-05
nn,0.201622,1.71805e-05
nn,0.201719,1.63936e-05
nn,0.201816,1.56635e-05
nn,0.201914,1.49901e-05
nn,0.202011,1.4374e-05
nn,0.202109,1.38088e-05
nn,0.202206,1.33014e-05
nn,0.202304,1.28614e-05
nn,0.202401,1.24829e-05
nn,0.202499,1.21638e-05
nn,0.202596,1.18971e-05
nn,0.202694,1.16902e-05
nn,0.202791,1.15473e-05
nn,0.202888,1.14755e-05
nn,0.202986,1.14739e-05
nn,0.203083,1.15376e-05
nn,0.203181,1.16695e-05
nn,0.203278,1.18725e-05
nn,0.203376,1.21455e-05
nn,0.203473,1.24886e-05
nn,0.203571,1.29021e-05
nn,0.203668,1.33885e-05
nn,0.203765,1.39347e-05
nn,0.203863,1.45391e-05
nn,0.20396,1.52027e-05
nn,0.204058,1.59279e-05
nn,0.204155,1.67121e-05
nn,0.204253,1.75591e-05
nn,0.20435,1.8464e-05
nn,0.204448,1.94281e-05
nn,0.204545,2.04501e-05
nn,0.204642,2.15325e-05
nn,0.20474,2.26745e-05
nn,0.204837,2.38775e-05
nn,0.204935,2.51401e-05
nn,0.205032,2.64625e-05
nn,0.20513,2.78431e-05
nn,0.205227,2.92829e-05
nn,0.205325,3.07823e-05
nn,0.205422,3.23425e-05
nn,0.205519,3.39651e-05
nn,0.205617,3.56512e-05
nn,0.205714,3.74017e-05
nn,0.205812,3.92167e-05
nn,0.205909,4.10959e-05
nn,0.206007,4.30386e-05
nn,0.206104,4.50516e-05
nn,0.206202,4.71167e-05
nn,0.206299,4.92482e-05
nn,0.206396,5.14358e-05
nn,0.206494,5.36794e-05
nn,0.206591,5.59779e-05
nn,0.206689,5.83332e-05
nn,0.206786,6.07454e-05
nn,0.206884,6.32141e-05
nn,0.206981,6.57403e-05
nn,0.207079,6.83245e-05
nn,0.207176,7.09673e-05
nn,0.207273,7.36698e-05
nn,0.207371,7.643e-05
nn,0.207468,7.92478e-05
nn,0.207566,8.21222e-05
nn,0.207663,8.505e-05
nn,0.207761,8.80287e-05
nn,0.207858,9.10556e-05
nn,0.207956,9.41329e-05
nn,0.208053,9.72621e-05
nn,0.208151,0.000100445
nn,0.208248,0.000103682
nn,0.208345,0.000106972
nn,0.208443,0.00011031
nn,0.20854,0.000113691
nn,0.208638,0.000117107
nn,0.208735,0.00012057
nn,0.208833,0.000124026
nn,0.20893,0.000127532
nn,0.209028,0.000131072
nn,0.209125,0.000134645
nn,0.209222,0.000138273
nn,0.20932,0.000141949
nn,0.209417,0.000145683
nn,0.209515,0.000149477
nn,0.209612,0.00015333
nn,0.20971,0.000157238
nn,0.209807,0.000160705
nn,0.209905,0.000164109
nn,0.210002,0.00016746
nn,0.210099,0.000170773
nn,0.210197,0.000174139
nn,0.210294,0.000177573
nn,0.210392,0.000181068
nn,0.210489,0.000184617
nn,0.210587,0.000188208
nn,0.210684,0.00019185
nn,0.210782,0.000195534
nn,0.210879,0.00019926
nn,0.210976,0.000203028
nn,0.211074,0.000206844
nn,0.211171,0.000210689
nn,0.211269,0.000214574
nn,0.211366,0.000218495
nn,0.211464,0.000222449
nn,0.211561,0.000226433
nn,0.211659,0.000230532
nn,0.211756,0.000234496
nn,0.211853,0.000238569
nn,0.211951,0.00024267
nn,0.212048,0.000246788
nn,0.212146,0.000250932
nn,0.212243,0.000255105
nn,0.212341,0.000259304
nn,0.212438,0.000263525
nn,0.212536,0.00026777
nn,0.212633,0.000271983
nn,0.212731,0.000276097
nn,0.212828,0.000280214
nn,0.212925,0.000284033
nn,0.213023,0.000287588
nn,0.21312,0.000291166
nn,0.213218,0.00029476
nn,0.213315,0.000298375
nn,0.213413,0.000302024
nn,0.21351,0.000305714
nn,0.213608,0.00030945
nn,0.213705,0.000313227
nn,0.213802,0.000317098
nn,0.2139,0.000321018
nn,0.213997,0.000324898
nn,0.214095,0.000328798
nn,0.214192,0.000332715
nn,0.21429,0.000336642
nn,0.214387,0.000340589
nn,0.214485,0.000344529
nn,0.214582,0.000348484
nn,0.214679,0.000352444
nn,0.214777,0.000356438
nn,0.214874,0.000360392
nn,0.214972,0.000364355
nn,0.215069,0.000368324
nn,0.215167,0.000372266
nn,0.215264,0.000376197
nn,0.215362,0.000380114
nn,0.215459,0.000384016
nn,0.215556,0.000387901
nn,0.215654,0.000391773
nn,0.215751,0.00039563
nn,0.215849,0.000399485
nn,0.215946,0.000403303
nn,0.216044,0.000407108
nn,0.216141,0.000410893
nn,0.216239,0.000414655
nn,0.216336,0.000418386
nn,0.216433,0.000422087
nn,0.216531,0.000425761
nn,0.216628,0.000429405
nn,0.216726,0.000433056
nn,0.216823,0.00043662
nn,0.216921,0.000440168
nn,0.217018,0.000443653
nn,0.217116,0.000447105
nn,0.217213,0.000450519
nn,0.217311,0.000453894
nn,0.217408,0.000457228
nn,0.217505,0.000460521
nn,0.217603,0.00046377
nn,0.2177,0.000466983
nn,0.217798,0.000470153
nn,0.217895,0.000473274
nn,0.217993,0.000476355
nn,0.21809,0.000479366
nn,0.218188,0.000482336
nn,0.218285,0.000485263
nn,0.218382,0.00048815
nn,0.21848,0.000490999
nn,0.218577,0.000493804
nn,0.218675,0.00049656
nn,0.218772,0.000499262
nn,0.21887,0.000501926
nn,0.218967,0.000504551
nn,0.219065,0.000507135
nn,0.219162,0.000509682
nn,0.219259,0.000512195
nn,0.219357,0.000514668
nn,0.219454,0.000517097
nn,0.219552,0.000519481
nn,0.219649,0.000521814
nn,0.219747,0.000524092
nn,0.219844,0.000526316
nn,0.219942,0.00052849
nn,0.220039,0.000530615
nn,0.220136,0.000532692
nn,0.220234,0.00053472
nn,0.220331,0.000536701
nn,0.220429,0.000538628
nn,0.220526,0.000540508
nn,0.220624,0.000542344
nn,0.220721,0.00054414
nn,0.220819,0.000545886
nn,0.220916,0.000547588
nn,0.221013,0.00054924
nn,0.221111,0.000550844
nn,0.221208,0.000552399
nn,0.221306,0.000553903
nn,0.221403,0.000555353
nn,0.221501,0.00055675
nn,0.221598,0.000558093
nn,0.221696,0.000559385
nn,0.221793,0.000560629
nn,0.221891,0.000561828
nn,0.221988,0.000562982
nn,0.222085,0.000563729
nn,0.222183,0.000564301
nn,0.22228,0.000564728
nn,0.222378,0.000565103
nn,0.222475,0.000565458
nn,0.222573,0.000565784
nn,0.22267,0.000566075
nn,0.222768,0.00056632
nn,0.222865,0.000566513
nn,0.222962,0.000566659
nn,0.22306,0.000566764
nn,0.223157,0.000566831
nn,0.223255,0.000566858
nn,0.223352,0.000566847
nn,0.22345,0.000566795
nn,0.223547,0.000566698
nn,0.223645,0.000566557
nn,0.223742,0.00056636
nn,0.223839,0.000566112
nn,0.223937,0.000565814
nn,0.224034,0.000565469
nn,0.224132,0.000565074
nn,0.224229,0.000564628
nn,0.224327,0.000564121
nn,0.224424,0.000563504
nn,0.224522,0.000562723
nn,0.224619,0.000561685
nn,0.224716,0.000560595
nn,0.224814,0.00055945
nn,0.224911,0.00055826
nn,0.225009,0.00055703
nn,0.225106,0.000555768
nn,0.225204,0.000554473
nn,0.225301,0.000553138
nn,0.225399,0.000551762
nn,0.225496,0.000550336
nn,0.225593,0.000548862
nn,0.225691,0.000547353
nn,0.225788,0.000545801
nn,0.225886,0.000544202
nn,0.225983,0.000542554
nn,0.226081,0.000540655
nn,0.226178,0.000538901
nn,0.226276,0.000537099
nn,0.226373,0.000535244
nn,0.22647,0.000533341
nn,0.226568,0.000531388
nn,0.226665,0.000529396
nn,0.226763,0.000527344
nn,0.22686,0.000525239
nn,0.226958,0.000523083
nn,0.227055,0.000520874
nn,0.227153,0.00051861
nn,0.22725,0.000516288
nn,0.227348,0.000513904
nn,0.227445,0.000511457
nn,0.227542,0.000508947
nn,0.22764,0.000506369
nn,0.227737,0.000503729
nn,0.227835,0.000501036
nn,0.227932,0.000498294
nn,0.22803,0.000495503
nn,0.228127,0.000492664
nn,0.228225,0.000489778
nn,0.228322,0.00048685
nn,0.228419,0.000483879
nn,0.228517,0.000480872
nn,0.228614,0.000477829
nn,0.228712,0.000474746
nn,0.228809,0.000471618
nn,0.228907,0.000468443
nn,0.229004,0.000465225
nn,0.229102,0.000461968
nn,0.229199,0.000458674
nn,0.229296,0.000455342
nn,0.229394,0.00045198
nn,0.229491,0.000448582
nn,0.229589,0.000445145
nn,0.229686,0.000441671
nn,0.229784,0.000438165
nn,0.229881,0.000434621
nn,0.229979,0.000431041
nn,0.230076,0.000427436
nn,0.230173,0.00042381
nn,0.230271,0.00042016
nn,0.230368,0.000416486
nn,0.230466,0.000412785
nn,0.230563,0.000409056
nn,0.230661,0.0004053
nn,0.230758,0.000401524
nn,0.230856,0.000397733
nn,0.230953,0.00039393
nn,0.23105,0.000390117
nn,0.231148,0.000386293
nn,0.231245,0.000382461
nn,0.231343,0.00037862
nn,0.23144,0.000374773
nn,0.231538,0.000370921
nn,0.231635,0.000367063
nn,0.231733,0.000363193
nn,0.23183,0.000359316
nn,0.231928,0.00035542
nn,0.232025,0.000351512
nn,0.232122,0.000347592
nn,0.23222,0.000343662
nn,0.232317,0.000339722
nn,0.232415,0.000335772
nn,0.232512,0.000331811
nn,0.23261,0.000327836
nn,0.232707,0.000323847
nn,0.232805,0.000319844
nn,0.232902,0.000315834
nn,0.232999,0.000311824
nn,0.233097,0.000307816
nn,0.233194,0.000303812
nn,0.233292,0.000299817
nn,0.233389,0.000295826
nn,0.233487,0.000291845
nn,0.233584,0.000287874
nn,0.233682,0.000283917
nn,0.233779,0.000279975
nn,0.233876,0.000276057
nn,0.233974,0.000271667
nn,0.234071,0.000267197
nn,0.234169,0.000262654
nn,0.234266,0.000258054
nn,0.234364,0.000253448
nn,0.234461,0.000248883
nn,0.234559,0.000244364
nn,0.234656,0.000239873
nn,0.234753,0.000235413
nn,0.234851,0.000230983
nn,0.234948,0.000226594
nn,0.235046,0.000222241
nn,0.235143,0.000217928
nn,0.235241,0.000213659
nn,0.235338,0.000209431
nn,0.235436,0.000205249
nn,0.235533,0.00020111
nn,0.23563,0.000197016
nn,0.235728,0.000192968
nn,0.235825,0.000188967
nn,0.235923,0.000185011
nn,0.23602,0.000181101
nn,0.236118,0.000177234
nn,0.236215,0.000173412
nn,0.236313,0.000169635
nn,0.23641,0.000165901
nn,0.236508,0.000162209
nn,0.236605,0.000158532
nn,0.236702,0.000154853
nn,0.2368,0.000151168
nn,0.236897,0.000147339
nn,0.236995,0.000143554
nn,0.237092,0.000139807
nn,0.23719,0.0001361
nn,0.237287,0.000132442
nn,0.237385,0.000128838
nn,0.237482,0.000125289
nn,0.237579,0.000121795
nn,0.237677,0.000118355
nn,0.237774,0.000114968
nn,0.237872,0.000111632
nn,0.237969,0.000108351
nn,0.238067,0.000105123
nn,0.238164,0.00010195
nn,0.238262,9.88327e-05
nn,0.238359,9.57696e-05
nn,0.238456,9.27608e-05
nn,0.238554,8.98056e-05
nn,0.238651,8.69004e-05
nn,0.238749,8.40454e-05
nn,0.238846,8.12425e-05
nn,0.238944,7.84896e-05
nn,0.239041,7.57877e-05
nn,0.239139,7.31364e-05
nn,0.239236,7.05352e-05
nn,0.239333,6.79826e-05
nn,0.239431,6.54805e-05
nn,0.239528,6.30278e-05
nn,0.239626,6.0628e-05
nn,0.239723,5.8283e-05
nn,0.239821,5.59952e-05
nn,0.239918,5.37673e-05
nn,0.240016,5.1601e-05
nn,0.240113,4.9497e-05
nn,0.24021,4.74577e-05
nn,0.240308,4.54829e-05
nn,0.240405,4.35648e-05
nn,0.240503,4.1696e-05
nn,0.2406,3.98738e-05
nn,0.240698,3.81014e-05
nn,0.240795,3.63825e-05
nn,0.240893,3.47195e-05
nn,0.24099,3.3113e-05
nn,0.241088,3.1569e-05
nn,0.241185,3.00918e-05
nn,0.241282,2.86779e-05
nn,0.24138,2.73239e-05
nn,0.241477,2.6029e-05
nn,0.241575,2.47969e-05
nn,0.241672,2.36287e-05
nn,0.24177,2.25249e-05
nn,0.241867,2.14857e-05
nn,0.241965,2.05039e-05
nn,0.242062,1.95798e-05
nn,0.242159,1.87127e-05
nn,0.242257,1.79001e-05
nn,0.242354,1.7142e-05
nn,0.242452,1.64405e-05
nn,0.242549,1.57995e-05
nn,0.242647,1.52172e-05
nn,0.242744,1.46888e-05
nn,0.242842,1.42116e-05
nn,0.242939,1.37911e-05
nn,0.243036,1.34327e-05
nn,0.243134,1.31413e-05
nn,0.243231,1.29178e-05
nn,0.243329,1.27641e-05
nn,0.243426,1.26794e-05
nn,0.243524,1.26649e-05
nn,0.243621,1.27189e-05
nn,0.243719,1.28406e-05
nn,0.243816,1.30279e-05
nn,0.243913,1.32802e-05
nn,0.244011,1.3597e-05
nn,0.244108,1.39787e-05
nn,0.244206,1.44247e-05
nn,0.244303,1.49365e-05
nn,0.244401,1.55103e-05
nn,0.244498,1.61534e-05
nn,0.244596,1.68588e-05
nn,0.244693,1.76328e-05
nn,0.24479,1.84675e-05
nn,0.244888,1.93653e-05
nn,0.244985,2.03248e-05
nn,0.245083,2.13433e-05
nn,0.24518,2.24185e-05
nn,0.245278,2.355e-05
nn,0.245375,2.47384e-05
nn,0.245473,2.59822e-05
nn,0.24557,2.72798e-05
nn,0.245667,2.86316e-05
nn,0.245765,3.00401e-05
nn,0.245862,3.15079e-05
nn,0.24596,3.30362e-05
nn,0.246057,3.46292e-05
nn,0.246155,3.6287e-05
nn,0.246252,3.80032e-05
nn,0.24635,3.97814e-05
nn,0.246447,4.16182e-05
nn,0.246545,4.35151e-05
nn,0.246642,4.54731e-05
nn,0.246739,4.74881e-05
nn,0.246837,4.95619e-05
nn,0.246934,5.16806e-05
nn,0.247032,5.38614e-05
nn,0.247129,5.6099e-05
nn,0.247227,5.83896e-05
nn,0.247324,6.07381e-05
nn,0.247422,6.3139e-05
nn,0.247519,6.55928e-05
nn,0.247616,6.81014e-05
nn,0.247714,7.06658e-05
nn,0.247811,7.32893e-05
nn,0.247909,7.59728e-05
nn,0.248006,7.87125e-05
nn,0.248104,8.15059e-05
nn,0.248201,8.43453e-05
nn,0.248299,8.72239e-05
nn,0.248396,9.01371e-05
nn,0.248493,9.30826e-05
nn,0.248591,9.60625e-05
nn,0.248688,9.90827e-05
nn,0.248786,0.00010215
nn,0.248883,0.000105274
nn,0.248981,0.00010846
nn,0.249078,0.000111714
nn,0.249176,0.000115036
nn,0.249273,0.000118424
nn,0.24937,0.000121873
nn,0.249468,0.000125377
nn,0.249565,0.000128928
nn,0.249663,0.00013252
nn,0.24976,0.000135675
nn,0.249858,0.000138786
nn,0.249955,0.000141856
nn,0.250053,0.000144898
nn,0.25015,0.000147925
nn,0.250247,0.000151023
nn,0.250345,0.000154194
nn,0.250442,0.000157433
nn,0.25054,0.000160736
nn,0.250637,0.00016409
nn,0.250735,0.000167501
nn,0.250832,0.00017097
nn,0.25093,0.000174503
nn,0.251027,0.000178087
nn,0.251125,0.000181721
nn,0.251222,0.0001854
nn,0.251319,0.000189121
nn,0.251417,0.00019288
nn,0.251514,0.000196677
nn,0.251612,0.00020051
nn,0.251709,0.000204379
nn,0.251807,0.000208284
nn,0.251904,0.000212222
nn,0.252002,0.000216193
nn,0.252099,0.000220194
nn,0.252196,0.000224226
nn,0.252294,0.000228289
nn,0.252391,0.00023238
nn,0.252489,0.000236492
nn,0.252586,0.000240624
nn,0.252684,0.000244774
nn,0.252781,0.00024894
nn,0.252879,0.000253124
nn,0.252976,0.000257326
nn,0.253073,0.000261545
nn,0.253171,0.000265794
nn,0.253268,0.000270087
nn,0.253366,0.000274185
nn,0.253463,0.00027822
nn,0.253561,0.000281825
nn,0.253658,0.000285452
nn,0.253756,0.000289087
nn,0.253853,0.000292735
nn,0.25395,0.000296412
nn,0.254048,0.000300139
nn,0.254145,0.000303998
nn,0.254243,0.000307696
nn,0.25434,0.000311543
nn,0.254438,0.000315422
nn,0.254535,0.000319329
nn,0.254633,0.000323258
nn,0.25473,0.000327204
nn,0.254827,0.000331156
nn,0.254925,0.000335114
nn,0.255022,0.00033908
nn,0.25512,0.000343053
nn,0.255217,0.000347042
nn,0.255315,0.000351022
nn,0.255412,0.000355027
nn,0.25551,0.000359013
nn,0.255607,0.000362999
nn,0.255705,0.000366977
nn,0.255802,0.000370936
nn,0.255899,0.000374873
nn,0.255997,0.000378796
nn,0.256094,0.000382681
nn,0.256192,0.000386563
nn,0.256289,0.000390459
nn,0.256387,0.000394225
nn,0.256484,0.000398043
nn,0.256582,0.000401841
nn,0.256679,0.000405637
nn,0.256776,0.000409383
nn,0.256874,0.00041312
nn,0.256971,0.00041696
nn,0.257069,0.000420451
nn,0.257166,0.000424065
nn,0.257264,0.00042764
nn,0.257361,0.000431179
nn,0.257459,0.000434681
nn,0.257556,0.000438148
nn,0.257653,0.000441583
nn,0.257751,0.000444978
nn,0.257848,0.000448334
nn,0.257946,0.000451648
nn,0.258043,0.00045494
nn,0.258141,0.000458177
nn,0.258238,0.000461386
nn,0.258336,0.000464556
nn,0.258433,0.00046769
nn,0.25853,0.000470785
nn,0.258628,0.000473838
nn,0.258725,0.000476848
nn,0.258823,0.000479815
nn,0.25892,0.000482742
nn,0.259018,0.000485625
nn,0.259115,0.000488464
nn,0.259213,0.000491263
nn,0.25931,0.000494028
nn,0.259407,0.000496761
nn,0.259505,0.000499455
nn,0.259602,0.000502127
nn,0.2597,0.000504798
nn,0.259797,0.000507396
nn,0.259895,0.000509956
nn,0.259992,0.000512464
nn,0.26009,0.000514915
nn,0.260187,0.000517306
nn,0.260285,0.000519633
nn,0.260382,0.000521897
nn,0.260479,0.0005241
nn,0.260577,0.000526244
nn,0.260674,0.000528334
nn,0.260772,0.000530369
nn,0.260869,0.000532346
nn,0.260967,0.00053429
nn,0.261064,0.000536177
nn,0.261162,0.000538009
nn,0.261259,0.000539795
nn,0.261356,0.000541529
nn,0.261454,0.000543214
nn,0.261551,0.000544847
nn,0.261649,0.00054643
nn,0.261746,0.000547962
nn,0.261844,0.000549444
nn,0.261941,0.000550872
nn,0.262039,0.000552245
nn,0.262136,0.000553561
nn,0.262233,0.000554816
nn,0.262331,0.000556012
nn,0.262428,0.000557153
nn,0.262526,0.000558244
nn,0.262623,0.000559287
nn,0.262721,0.000560289
nn,0.262818,0.00056125
nn,0.262916,0.000562169
nn,0.263013,0.000563045
nn,0.26311,0.000563876
nn,0.263208,0.000564292
nn,0.263305,0.000564538
nn,0.263403,0.00056464
nn,0.2635,0.000564705
nn,0.263598,0.000564732
nn,0.263695,0.00056471
nn,0.263793,0.000564642
nn,0.26389,0.000564523
nn,0.263987,0.000564359
nn,0.264085,0.000564156
nn,0.264182,0.000563921
nn,0.26428,0.000563651
nn,0.264377,0.000563344
nn,0.264475,0.000563002
nn,0.264572,0.000562617
nn,0.26467,0.000562188
nn,0.264767,0.000561711
nn,0.264864,0.00056112
nn,0.264962,0.000560409
nn,0.265059,0.000559492
nn,0.265157,0.000558512
nn,0.265254,0.000557476
nn,0.265352,0.000556394
nn,0.265449,0.000555282
nn,0.265547,0.000554142
nn,0.265644,0.000552969
nn,0.265742,0.000551757
nn,0.265839,0.000550496
nn,0.265936,0.000549181
nn,0.266034,0.000547812
nn,0.266131,0.000546391
nn,0.266229,0.000544921
nn,0.266326,0.000543403
nn,0.266424,0.00054184
nn,0.266521,0.000540234
nn,0.266619,0.00053858
nn,0.266716,0.000536876
nn,0.266813,0.000535122
nn,0.266911,0.000533304
nn,0.267008,0.000531434
nn,0.267106,0.000529511
nn,0.267203,0.000527534
nn,0.267301,0.000525506
nn,0.267398,0.000523425
nn,0.267496,0.000521291
nn,0.267593,0.000519104
nn,0.26769,0.000516861
nn,0.267788,0.000514561
nn,0.267885,0.0005122
nn,0.267983,0.000509777
nn,0.26808,0.000507295
nn,0.268178,0.000504751
nn,0.268275,0.000502153
nn,0.268373,0.0004995
nn,0.26847,0.0004968
nn,0.268567,0.00049405
nn,0.268665,0.000491253
nn,0.268762,0.000488409
nn,0.26886,0.000485522
nn,0.268957,0.000482594
nn,0.269055,0.000479629
nn,0.269152,0.000476623
nn,0.26925,0.000473569
nn,0.269347,0.000470469
nn,0.269444,0.000467319
nn,0.269542,0.000464135
nn,0.269639,0.000460914
nn,0.269737,0.000457653
nn,0.269834,0.000454356
nn,0.269932,0.000451023
nn,0.270029,0.000447659
nn,0.270127,0.000444262
nn,0.270224,0.000440847
nn,0.270322,0.000437412
nn,0.270419,0.000433943
nn,0.270516,0.000430443
nn,0.270614,0.000426911
nn,0.270711,0.000423357
nn,0.270809,0.00041977
nn,0.270906,0.000416155
nn,0.271004,0.000412514
nn,0.271101,0.000408846
nn,0.271199,0.000405155
nn,0.271296,0.000401444
nn,0.271393,0.000397717
nn,0.271491,0.000393975
nn,0.271588,0.000390214
nn,0.271686,0.000386432
nn,0.271783,0.000382633
nn,0.271881,0.000378817
nn,0.271978,0.000374989
nn,0.272076,0.000371153
nn,0.272173,0.000367311
nn,0.27227,0.000363463
nn,0.272368,0.000359607
nn,0.272465,0.000355744
nn,0.272563,0.000351876
nn,0.27266,0.000348002
nn,0.272758,0.000344114
nn,0.272855,0.000340215
nn,0.272953,0.000336303
nn,0.27305,0.000332374
nn,0.273147,0.000328431
nn,0.273245,0.000324479
nn,0.273342,0.00032053
nn,0.27344,0.00031659
nn,0.273537,0.000312664
nn,0.273635,0.000308752
nn,0.273732,0.000304856
nn,0.27383,0.000300971
nn,0.273927,0.000297096
nn,0.274024,0.000293227
nn,0.274122,0.000289362
nn,0.274219,0.000285501
nn,0.274317,0.000281124
nn,0.274414,0.000276657
nn,0.274512,0.000272107
nn,0.274609,0.000267498
nn,0.274707,0.000262928
nn,0.274804,0.000258405
nn,0.274902,0.000253923
nn,0.274999,0.000249474
nn,0.275096,0.000245049
nn,0.275194,0.000240648
nn,0.275291,0.000236275
nn,0.275389,0.000231939
nn,0.275486,0.000227631
nn,0.275584,0.00022335
nn,0.275681,0.000219109
nn,0.275779,0.000214904
nn,0.275876,0.000210741
nn,0.275973,0.000206618
nn,0.276071,0.000202533
nn,0.276168,0.000198483
nn,0.276266,0.000194469
nn,0.276363,0.000190489
nn,0.276461,0.000186546
nn,0.276558,0.000182642
nn,0.276656,0.000178774
nn,0.276753,0.000174946
nn,0.27685,0.000171155
nn,0.276948,0.000167411
nn,0.277045,0.000163693
nn,0.277143,0.000160013
nn,0.27724,0.000156369
nn,0.277338,0.000152765
nn,0.277435,0.0001492
nn,0.277533,0.000145676
nn,0.27763,0.000142195
nn,0.277727,0.000138757
nn,0.277825,0.000135361
nn,0.277922,0.000132009
nn,0.27802,0.0001287
nn,0.278117,0.000125387
nn,0.278215,0.000122065
nn,0.278312,0.000118732
nn,0.27841,0.000115238
nn,0.278507,0.000111793
nn,0.278604,0.000108392
nn,0.278702,0.000105041
nn,0.278799,0.000101747
nn,0.278897,9.85138e-05
nn,0.278994,9.53445e-05
nn,0.279092,9.22385e-05
nn,0.279189,8.91956e-05
nn,0.279287,8.62141e-05
nn,0.279384,8.32928e-05
nn,0.279482,8.04308e-05
nn,0.279579,7.76304e-05
nn,0.279676,7.48852e-05
nn,0.279774,7.21959e-05
nn,0.279871,6.95611e-05
nn,0.279969,6.69789e-05
nn,0.280066,6.44501e-05
nn,0.280164,6.19767e-05
nn,0.280261,5.95593e-05
nn,0.280359,5.72017e-05
nn,0.280456,5.49041e-05
nn,0.280553,5.26684e-05
nn,0.280651,5.0499e-05
nn,0.280748,4.83977e-05
nn,0.280846,4.63607e-05
nn,0.280943,4.43825e-05
nn,0.281041,4.24617e-05
nn,0.281138,4.05993e-05
nn,0.281236,3.87969e-05
nn,0.281333,3.70521e-05
nn,0.28143,3.53633e-05
nn,0.281528,3.373e-05
nn,0.281625,3.21488e-05
nn,0.281723,3.06199e-05
nn,0.28182,2.91514e-05
nn,0.281918,2.77269e-05
nn,0.282015,2.63603e-05
nn,0.282113,2.50491e-05
nn,0.28221,2.37972e-05
nn,0.282307,2.26096e-05
nn,0.282405,2.14898e-05
nn,0.282502,2.04364e-05
nn,0.2826,1.94483e-05
nn,0.282697,1.8522e-05
nn,0.282795,1.7656e-05
nn,0.282892,1.68404e-05
nn,0.28299,1.60884e-05
nn,0.283087,1.53942e-05
nn,0.283184,1.47572e-05
nn,0.283282,1.41694e-05
nn,0.283379,1.36386e-05
nn,0.283477,1.31668e-05
nn,0.283574,1.27619e-05
nn,0.283672,1.24145e-05
nn,0.283769,1.21305e-05
nn,0.283867,1.19116e-05
nn,0.283964,1.17596e-05
nn,0.284061,1.16743e-05
nn,0.284159,1.16576e-05
nn,0.284256,1.1709e-05
nn,0.284354,1.18293e-05
nn,0.284451,1.20179e-05
nn,0.284549,1.22743e-05
nn,0.284646,1.25976e-05
nn,0.284744,1.2987e-05
nn,0.284841,1.34419e-05
nn,0.284939,1.39613e-05
nn,0.285036,1.45441e-05
nn,0.285133,1.51899e-05
nn,0.285231,1.58967e-05
nn,0.285328,1.66638e-05
nn,0.285426,1.74888e-05
nn,0.285523,1.83715e-05
nn,0.285621,1.93107e-05
nn,0.285718,2.03064e-05
nn,0.285816,2.13588e-05
nn,0.285913,2.24688e-05
nn,0.28601,2.3637e-05
nn,0.286108,2.48648e-05
nn,0.286205,2.61532e-05
nn,0.286303,2.75038e-05
nn,0.2864,2.89176e-05
nn,0.286498,3.03961e-05
nn,0.286595,3.19417e-05
nn,0.286693,3.35563e-05
nn,0.28679,3.52373e-05
nn,0.286887,3.69803e-05
nn,0.286985,3.87858e-05
nn,0.287082,4.06551e-05
nn,0.28718,4.25874e-05
nn,0.287277,4.45837e-05
nn,0.287375,4.66409e-05
nn,0.287472,4.87559e-05
nn,0.28757,5.09278e-05
nn,0.287667,5.31574e-05
nn,0.287764,5.54429e-05
nn,0.287862,5.7784e-05
nn,0.287959,6.0179e-05
nn,0.288057,6.26285e-05
nn,0.288154,6.51322e-05
nn,0.288252,6.76911e-05
nn,0.288349,7.03053e-05
nn,0.288447,7.29759e-05
nn,0.288544,7.57027e-05
nn,0.288641,7.84859e-05
nn,0.288739,8.13203e-05
nn,0.288836,8.42052e-05
nn,0.288934,8.71402e-05
nn,0.289031,9.01293e-05
nn,0.289129,9.3173e-05
nn,0.289226,9.62707e-05
nn,0.289324,9.9414e-05
nn,0.289421,0.000102606
nn,0.289519,0.000105838
nn,0.289616,0.000109103
nn,0.289713,0.000112398
nn,0.289811,0.000115715
nn,0.289908,0.000119069
nn,0.290006,0.000122457
nn,0.290103,0.000125888
nn,0.290201,0.000129373
nn,0.290298,0.000132914
nn,0.290396,0.000136517
nn,0.290493,0.000140181
nn,0.29059,0.000143906
nn,0.290688,0.00014725
nn,0.290785,0.000150529
nn,0.290883,0.000153751
nn,0.29098,0.00015692
nn,0.291078,0.000160128
nn,0.291175,0.000163406
nn,0.291273,0.000166753
nn,0.29137,0.000170167
nn,0.291467,0.000173633
nn,0.291565,0.000177146
nn,0.291662,0.0001807
nn,0.29176,0.0001843
nn,0.291857,0.000187946
nn,0.291955,0.000191638
nn,0.292052,0.000195371
nn,0.29215,0.000199143
nn,0.292247,0.000202953
nn,0.292344,0.000206797
nn,0.292442,0.000210676
nn,0.292539,0.000214588
nn,0.292637,0.000218532
nn,0.292734,0.000222468
nn,0.292832,0.00022647
nn,0.292929,0.000230504
nn,0.293027,0.000234569
nn,0.293124,0.00023866
nn,0.293221,0.000242775
nn,0.293319,0.000246913
nn,0.293416,0.000251075
nn,0.293514,0.00025526
nn,0.293611,0.000259465
nn,0.293709,0.000263684
nn,0.293806,0.000267813
nn,0.293904,0.00027185
nn,0.294001,0.000275799
nn,0.294099,0.000279317
nn,0.294196,0.000282856
nn,0.294293,0.000286413
nn,0.294391,0.000290086
nn,0.294488,0.000293547
nn,0.294586,0.000297159
nn,0.294683,0.000300816
nn,0.294781,0.000304517
nn,0.294878,0.000308257
nn,0.294976,0.000312033
nn,0.295073,0.00031584
nn,0.29517,0.000319679
nn,0.295268,0.000323521
nn,0.295365,0.000327377
nn,0.295463,0.00033124
nn,0.29556,0.00033512
nn,0.295658,0.000339117
nn,0.295755,0.000342868
nn,0.295853,0.000346759
nn,0.29595,0.000350654
nn,0.296047,0.000354552
nn,0.296145,0.000358448
nn,0.296242,0.000362339
nn,0.29634,0.000366229
nn,0.296437,0.000370089
nn,0.296535,0.000373937
nn,0.296632,0.00037777
nn,0.29673,0.000381591
nn,0.296827,0.000385398
nn,0.296924,0.000389193
nn,0.297022,0.000392987
nn,0.297119,0.000396813
nn,0.297217,0.000400476
nn,0.297314,0.000404199
nn,0.297412,0.000407919
nn,0.297509,0.000411593
nn,0.297607,0.000415236
nn,0.297704,0.000418854
nn,0.297801,0.000422439
nn,0.297899,0.000426145
nn,0.297996,0.00042949
nn,0.298094,0.000432958
nn,0.298191,0.000436388
nn,0.298289,0.000439784
nn,0.298386,0.000443145
nn,0.298484,0.000446484
nn,0.298581,0.000449769
nn,0.298679,0.000453019
nn,0.298776,0.000456231
nn,0.298873,0.000459404
nn,0.298971,0.000462532
nn,0.299068,0.000465611
nn,0.299166,0.000468641
nn,0.299263,0.000471622
nn,0.299361,0.000474562
nn,0.299458,0.000477463
nn,0.299556,0.000480327
nn,0.299653,0.000483153
nn,0.29975,0.00048594
nn,0.299848,0.000488684
nn,0.299945,0.000491383
nn,0.300043,0.00049404
nn,0.30014,0.000496665
nn,0.300238,0.000499258
nn,0.300335,0.000501804
nn,0.300433,0.000504315
nn,0.30053,0.000506796
nn,0.300627,0.000509235
nn,0.300725,0.00051163
nn,0.300822,0.000513975
nn,0.30092,0.000516265
nn,0.301017,0.000518499
nn,0.301115,0.000520678
nn,0.301212,0.000522802
nn,0.30131,0.000524877
nn,0.301407,0.000526902
nn,0.301504,0.000528879
nn,0.301602,0.000530805
nn,0.301699,0.000532679
nn,0.301797,0.000534509
nn,0.301894,0.000536289
nn,0.301992,0.000538024
nn,0.302089,0.000539712
nn,0.302187,0.000541351
nn,0.302284,0.000542941
nn,0.302381,0.000544477
nn,0.302479,0.000545959
nn,0.302576,0.000547382
nn,0.302674,0.000548747
nn,0.302771,0.000550057
nn,0.302869,0.000551316
nn,0.302966,0.00055253
nn,0.303064,0.0005537
nn,0.303161,0.000554823
nn,0.303259,0.000555897
nn,0.303356,0.000556929
nn,0.303453,0.00055741
nn,0.303551,0.000557749
nn,0.303648,0.000558041
nn,0.303746,0.000558317
nn,0.303843,0.000558563
nn,0.303941,0.000558775
nn,0.304038,0.000558942
nn,0.304136,0.000559057
nn,0.304233,0.000559122
nn,0.30433,0.000559147
nn,0.304428,0.000559137
nn,0.304525,0.000559095
nn,0.304623,0.000559015
nn,0.30472,0.000558896
nn,0.304818,0.000558731
nn,0.304915,0.00055852
nn,0.305013,0.000558258
nn,0.30511,0.000557953
nn,0.305207,0.000557597
nn,0.305305,0.000557194
nn,0.305402,0.000556745
nn,0.3055,0.000556202
nn,0.305597,0.000555515
nn,0.305695,0.000554607
nn,0.305792,0.000553641
nn,0.30589,0.000552622
nn,0.305987,0.000551553
nn,0.306084,0.000550446
nn,0.306182,0.000549308
nn,0.306279,0.000548132
nn,0.306377,0.000546914
nn,0.306474,0.000545647
nn,0.306572,0.000544334
nn,0.306669,0.000542975
nn,0.306767,0.000541572
nn,0.306864,0.000540128
nn,0.306961,0.00053864
nn,0.307059,0.000537106
nn,0.307156,0.000535518
nn,0.307254,0.000533874
nn,0.307351,0.000532172
nn,0.307449,0.000530409
nn,0.307546,0.000528593
nn,0.307644,0.000526726
nn,0.307741,0.000524808
nn,0.307838,0.000522843
nn,0.307936,0.000520822
nn,0.308033,0.000518748
nn,0.308131,0.000516622
nn,0.308228,0.00051444
nn,0.308326,0.0005122
nn,0.308423,0.000509901
nn,0.308521,0.00050754
nn,0.308618,0.000505113
nn,0.308716,0.000502621
nn,0.308813,0.000500071
nn,0.30891,0.000497464
nn,0.309008,0.0004948
nn,0.309105,0.000492085
nn,0.309203,0.000489329
nn,0.3093,0.000486534
nn,0.309398,0.000483693
nn,0.309495,0.0004808
nn,0.309593,0.000477866
nn,0.30969,0.000474892
nn,0.309787,0.000471876
nn,0.309885,0.000468822
nn,0.309982,0.000465731
nn,0.31008,0.000462601
nn,0.310177,0.00045943
nn,0.310275,0.000456219
nn,0.310372,0.000452966
nn,0.31047,0.000449682
nn,0.310567,0.000446363
nn,0.310664,0.000443003
nn,0.310762,0.000439615
nn,0.310859,0.000436188
nn,0.310957,0.000432721
nn,0.311054,0.000429212
nn,0.311152,0.000425678
nn,0.311249,0.000422122
nn,0.311347,0.000418544
nn,0.311444,0.000414942
nn,0.311541,0.000411313
nn,0.311639,0.000407657
nn,0.311736,0.000403969
nn,0.311834,0.000400252
nn,0.311931,0.000396511
nn,0.312029,0.000392753
nn,0.312126,0.000388981
nn,0.312224,0.0003852
nn,0.312321,0.000381409
nn,0.312418,0.00037761
nn,0.312516,0.000373804
nn,0.312613,0.000369992
nn,0.312711,0.000366179
nn,0.312808,0.000362357
nn,0.312906,0.000358529
nn,0.313003,0.000354694
nn,0.313101,0.000350854
nn,0.313198,0.000346996
nn,0.313296,0.000343126
nn,0.313393,0.000339247
nn,0.31349,0.000335363
nn,0.313588,0.000331474
nn,0.313685,0.000327575
nn,0.313783,0.000323675
nn,0.31388,0.000319771
nn,0.313978,0.000315859
nn,0.314075,0.000311937
nn,0.314173,0.000308008
nn,0.31427,0.000304079
nn,0.314367,0.000300153
nn,0.314465,0.000296233
nn,0.314562,0.000292324
nn,0.31466,0.000288427
nn,0.314757,0.000284544
nn,0.314855,0.000280675
nn,0.314952,0.000276822
nn,0.31505,0.000272982
nn,0.315147,0.000269157
nn,0.315244,0.000265348
nn,0.315342,0.000261067
nn,0.315439,0.000256697
nn,0.315537,0.000252249
nn,0.315634,0.000247739
nn,0.315732,0.00024324
nn,0.315829,0.000238781
nn,0.315927,0.000234359
nn,0.316024,0.000229969
nn,0.316121,0.000225612
nn,0.316219,0.000221289
nn,0.316316,0.000217004
nn,0.316414,0.000212755
nn,0.316511,0.000208549
nn,0.316609,0.000204387
nn,0.316706,0.000200268
nn,0.316804,0.000196197
nn,0.316901,0.000192171
nn,0.316998,0.000188185
nn,0.317096,0.00018424
nn,0.317193,0.000180339
nn,0.317291,0.000176482
nn,0.317388,0.000172667
nn,0.317486,0.000168892
nn,0.317583,0.000165155
nn,0.317681,0.000161457
nn,0.317778,0.0001578
nn,0.317876,0.000154183
nn,0.317973,0.000150608
nn,0.31807,0.000147074
nn,0.318168,0.00014354
nn,0.318265,0.00014
nn,0.318363,0.000136454
nn,0.31846,0.000132767
nn,0.318558,0.000129122
nn,0.318655,0.000125518
nn,0.318753,0.000121958
nn,0.31885,0.00011845
nn,0.318947,0.000114999
nn,0.319045,0.000111611
nn,0.319142,0.000108284
nn,0.31924,0.000105019
nn,0.319337,0.000101816
nn,0.319435,9.86733e-05
nn,0.319532,9.55922e-05
nn,0.31963,9.25727e-05
nn,0.319727,8.9614e-05
nn,0.319824,8.67162e-05
nn,0.319922,8.3878e-05
nn,0.320019,8.10979e-05
nn,0.320117,7.83731e-05
nn,0.320214,7.57006e-05
nn,0.320312,7.30772e-05
nn,0.320409,7.05017e-05
nn,0.320507,6.79739e-05
nn,0.320604,6.54948e-05
nn,0.320701,6.30652e-05
nn,0.320799,6.06876e-05
nn,0.320896,5.83623e-05
nn,0.320994,5.609e-05
nn,0.321091,5.38733e-05
nn,0.321189,5.17146e-05
nn,0.321286,4.96206e-05
nn,0.321384,4.75839e-05
nn,0.321481,4.5613e-05
nn,0.321578,4.37036e-05
nn,0.321676,4.18501e-05
nn,0.321773,4.00515e-05
nn,0.321871,3.83097e-05
nn,0.321968,3.66267e-05
nn,0.322066,3.50016e-05
nn,0.322163,3.34333e-05
nn,0.322261,3.19203e-05
nn,0.322358,3.04607e-05
nn,0.322456,2.90558e-05
nn,0.322553,2.7706e-05
nn,0.32265,2.64144e-05
nn,0.322748,2.51832e-05
nn,0.322845,2.40148e-05
nn,0.322943,2.29094e-05
nn,0.32304,2.18667e-05
nn,0.323138,2.0887e-05
nn,0.323235,1.99725e-05
nn,0.323333,1.91189e-05
nn,0.32343,1.83211e-05
nn,0.323527,1.75737e-05
nn,0.323625,1.68779e-05
nn,0.323722,1.62349e-05
nn,0.32382,1.56461e-05
nn,0.323917,1.51156e-05
nn,0.324015,1.46445e-05
nn,0.324112,1.42332e-05
nn,0.32421,1.38826e-05
nn,0.324307,1.35916e-05
nn,0.324404,1.33614e-05
nn,0.324502,1.31908e-05
nn,0.324599,1.30805e-05
nn,0.324697,1.30327e-05
nn,0.324794,1.30484e-05
nn,0.324892,1.31285e-05
nn,0.324989,1.32744e-05
nn,0.325087,1.34879e-05
nn,0.325184,1.37704e-05
nn,0.325281,1.41219e-05
nn,0.325379,1.45443e-05
nn,0.325476,1.50365e-05
nn,0.325574,1.55996e-05
nn,0.325671,1.62329e-05
nn,0.325769,1.69323e-05
nn,0.325866,1.76918e-05
nn,0.325964,1.85098e-05
nn,0.326061,1.93816e-05
nn,0.326158,2.03169e-05
nn,0.326256,2.13086e-05
nn,0.326353,2.23597e-05
nn,0.326451,2.34701e-05
nn,0.326548,2.46413e-05
nn,0.326646,2.58709e-05
nn,0.326743,2.71642e-05
nn,0.326841,2.85192e-05
nn,0.326938,2.99343e-05
nn,0.327035,3.14076e-05
nn,0.327133,3.2942e-05
nn,0.32723,3.45373e-05
nn,0.327328,3.6195e-05
nn,0.327425,3.79128e-05
nn,0.327523,3.96918e-05
nn,0.32762,4.15312e-05
nn,0.327718,4.34297e-05
nn,0.327815,4.53954e-05
nn,0.327913,4.74267e-05
nn,0.32801,4.95203e-05
nn,0.328107,5.16744e-05
nn,0.328205,5.38834e-05
nn,0.328302,5.6149e-05
nn,0.3284,5.84732e-05
nn,0.328497,6.086e-05
nn,0.328595,6.33086e-05
nn,0.328692,6.58102e-05
nn,0.32879,6.83627e-05
nn,0.328887,7.09543e-05
nn,0.328984,7.358e-05
nn,0.329082,7.62406e-05
nn,0.329179,7.89339e-05
nn,0.329277,8.1667e-05
nn,0.329374,8.44448e-05
nn,0.329472,8.72758e-05
nn,0.329569,9.01651e-05
nn,0.329667,9.31174e-05
nn,0.329764,9.61335e-05
nn,0.329861,9.92114e-05
nn,0.329959,0.000102347
nn,0.330056,0.000105534
nn,0.330154,0.000108766
nn,0.330251,0.000112037
nn,0.330349,0.000115341
nn,0.330446,0.000118676
nn,0.330544,0.000122043
nn,0.330641,0.000125442
nn,0.330738,0.000128877
nn,0.330836,0.000132352
nn,0.330933,0.00013537
nn,0.331031,0.000138358
nn,0.331128,0.000141315
nn,0.331226,0.000144255
nn,0.331323,0.000147188
nn,0.331421,0.000150192
nn,0.331518,0.000153269
nn,0.331615,0.000156416
nn,0.331713,0.00015962
nn,0.33181,0.000162881
nn,0.331908,0.0001662
nn,0.332005,0.000169568
nn,0.332103,0.000172992
nn,0.3322,0.000176469
nn,0.332298,0.00018
nn,0.332395,0.000183587
nn,0.332493,0.000187222
nn,0.33259,0.000190901
nn,0.332687,0.000194621
nn,0.332785,0.00019838
nn,0.332882,0.000202177
nn,0.33298,0.000206011
nn,0.333077,0.000209878
nn,0.333175,0.000213781
nn,0.333272,0.000217717
nn,0.33337,0.000221684
nn,0.333467,0.000225681
nn,0.333564,0.000229704
nn,0.333662,0.000233751
nn,0.333759,0.000237855
nn,0.333857,0.000241901
nn,0.333954,0.000246009
nn,0.334052,0.000250138
nn,0.334149,0.000254289
nn,0.334247,0.000258463
nn,0.334344,0.000262598
nn,0.334441,0.000266617
nn,0.334539,0.000270512
nn,0.334636,0.000274004
nn,0.334734,0.000277519
nn,0.334831,0.00028105
nn,0.334929,0.000284604
nn,0.335026,0.000288195
nn,0.335124,0.000291835
nn,0.335221,0.000295533
nn,0.335318,0.000299261
nn,0.335416,0.000303031
nn,0.335513,0.000306831
nn,0.335611,0.000310761
nn,0.335708,0.000314497
nn,0.335806,0.000318365
nn,0.335903,0.000322247
nn,0.336001,0.000326141
nn,0.336098,0.000330046
nn,0.336195,0.000333962
nn,0.336293,0.000337896
nn,0.33639,0.00034182
nn,0.336488,0.000345751
nn,0.336585,0.000349694
nn,0.336683,0.000353621
nn,0.33678,0.000357601
nn,0.336878,0.000361437
nn,0.336975,0.000365325
nn,0.337073,0.000369197
nn,0.33717,0.000373054
nn,0.337267,0.000376896
nn,0.337365,0.000380741
nn,0.337462,0.000384681
nn,0.33756,0.000388269
nn,0.337657,0.000392038
nn,0.337755,0.000395786
nn,0.337852,0.000399509
nn,0.33795,0.000403201
nn,0.338047,0.000406861
nn,0.338144,0.000410486
nn,0.338242,0.000414076
nn,0.338339,0.00041763
nn,0.338437,0.000421148
nn,0.338534,0.000424633
nn,0.338632,0.000428086
nn,0.338729,0.000431516
nn,0.338827,0.000434892
nn,0.338924,0.000438242
nn,0.339021,0.000441551
nn,0.339119,0.000444837
nn,0.339216,0.000448049
nn,0.339314,0.000451227
nn,0.339411,0.000454368
nn,0.339509,0.000457474
nn,0.339606,0.000460544
nn,0.339704,0.000463577
nn,0.339801,0.000466572
nn,0.339898,0.000469527
nn,0.339996,0.000472445
nn,0.340093,0.000475323
nn,0.340191,0.00047816
nn,0.340288,0.000480957
nn,0.340386,0.000483722
nn,0.340483,0.000486453
nn,0.340581,0.000489145
nn,0.340678,0.000491813
nn,0.340775,0.000494461
nn,0.340873,0.000497078
nn,0.34097,0.000499663
nn,0.341068,0.000502199
nn,0.341165,0.000504685
nn,0.341263,0.000507115
nn,0.34136,0.000509488
nn,0.341458,0.000511807
nn,0.341555,0.000514069
nn,0.341653,0.000516269
nn,0.34175,0.000518423
nn,0.341847,0.000520528
nn,0.341945,0.000522579
nn,0.342042,0.000524583
nn,0.34214,0.000526542
nn,0.342237,0.000528456
nn,0.342335,0.00053032
nn,0.342432,0.000532139
nn,0.34253,0.00053391
nn,0.342627,0.00053564
nn,0.342724,0.00053732
nn,0.342822,0.000538953
nn,0.342919,0.000540534
nn,0.343017,0.000542062
nn,0.343114,0.000543535
nn,0.343212,0.00054495
nn,0.343309,0.000546301
nn,0.343407,0.000547594
nn,0.343504,0.000548829
nn,0.343601,0.000550009
nn,0.343699,0.000551137
nn,0.343796,0.000552215
nn,0.343894,0.000553245
nn,0.343991,0.000554225
nn,0.344089,0.000555159
nn,0.344186,0.00055604
nn,0.344284,0.000556438
nn,0.344381,0.00055668
nn,0.344478,0.000556812
nn,0.344576,0.000556925
nn,0.344673,0.000557005
nn,0.344771,0.000557044
nn,0.344868,0.000557037
nn,0.344966,0.000556976
nn,0.345063,0.000556866
nn,0.345161,0.000556714
nn,0.345258,0.000556527
nn,0.345355,0.000556302
nn,0.345453,0.000556028
nn,0.34555,0.000555713
nn,0.345648,0.000555357
nn,0.345745,0.000554962
nn,0.345843,0.000554525
nn,0.34594,0.000554047
nn,0.346038,0.000553524
nn,0.346135,0.000552918
nn,0.346232,0.000552177
nn,0.34633,0.00055116
nn,0.346427,0.000550089
nn,0.346525,0.000548966
nn,0.346622,0.000547801
nn,0.34672,0.000546604
nn,0.346817,0.00054538
nn,0.346915,0.00054413
nn,0.347012,0.000542845
nn,0.34711,0.000541522
nn,0.347207,0.000540154
nn,0.347304,0.000538745
nn,0.347402,0.000537293
nn,0.347499,0.0005358
nn,0.347597,0.000534266
nn,0.347694,0.000532682
nn,0.347792,0.000531051
nn,0.347889,0.000529377
nn,0.347987,0.000527659
nn,0.348084,0.000525879
nn,0.348181,0.000524053
nn,0.348279,0.000522178
nn,0.348376,0.000520268
nn,0.348474,0.000518291
nn,0.348571,0.000516261
nn,0.348669,0.000514177
nn,0.348766,0.000512042
nn,0.348864,0.000509852
nn,0.348961,0.000507607
nn,0.349058,0.000505304
nn,0.349156,0.000502941
nn,0.349253,0.000500519
nn,0.349351,0.000498037
nn,0.349448,0.000495496
nn,0.349546,0.000492901
nn,0.349643,0.000490258
nn,0.349741,0.000487562
nn,0.349838,0.000484819
nn,0.349935,0.00048203
nn,0.350033,0.0004792
nn,0.35013,0.000476334
nn,0.350228,0.000473432
nn,0.350325,0.000470494
nn,0.350423,0.000467514
nn,0.35052,0.000464492
nn,0.350618,0.000461428
nn,0.350715,0.000458326
nn,0.350812,0.000455189
nn,0.35091,0.000452017
nn,0.351007,0.000448807
nn,0.351105,0.000445562
nn,0.351202,0.000442283
nn,0.3513,0.00043897
nn,0.351397,0.000435628
nn,0.351495,0.000432257
nn,0.351592,0.000428857
nn,0.35169,0.000425419
nn,0.351787,0.000421933
nn,0.351884,0.000418412
nn,0.351982,0.000414871
nn,0.352079,0.000411312
nn,0.352177,0.000407733
nn,0.352274,0.000404134
nn,0.352372,0.000400513
nn,0.352469,0.000396871
nn,0.352567,0.00039321
nn,0.352664,0.000389532
nn,0.352761,0.000385839
nn,0.352859,0.000382127
nn,0.352956,0.000378395
nn,0.353054,0.000374648
nn,0.353151,0.000370889
nn,0.353249,0.00036712
nn,0.353346,0.000363345
nn,0.353444,0.000359562
nn,0.353541,0.000355778
nn,0.353638,0.000351989
nn,0.353736,0.000348195
nn,0.353833,0.000344397
nn,0.353931,0.000340587
nn,0.354028,0.000336769
nn,0.354126,0.00033293
nn,0.354223,0.000329073
nn,0.354321,0.000325204
nn,0.354418,0.000321324
nn,0.354515,0.000317438
nn,0.354613,0.000313555
nn,0.35471,0.000309685
nn,0.354808,0.000305833
nn,0.354905,0.000301999
nn,0.355003,0.000298183
nn,0.3551,0.00029438
nn,0.355198,0.000290585
nn,0.355295,0.000286796
nn,0.355392,0.000283009
nn,0.35549,0.000279227
nn,0.355587,0.000274953
nn,0.355685,0.000270594
nn,0.355782,0.000266161
nn,0.35588,0.000261674
nn,0.355977,0.000257181
nn,0.356075,0.000252738
nn,0.356172,0.000248331
nn,0.35627,0.000243959
nn,0.356367,0.000239616
nn,0.356464,0.000235298
nn,0.356562,0.000231007
nn,0.356659,0.00022674
nn,0.356757,0.000222504
nn,0.356854,0.000218305
nn,0.356952,0.000214144
nn,0.357049,0.000210025
nn,0.357147,0.000205943
nn,0.357244,0.000201902
nn,0.357341,0.000197898
nn,0.357439,0.00019393
nn,0.357536,0.00019
nn,0.357634,0.000186109
nn,0.357731,0.000182255
nn,0.357829,0.000178436
nn,0.357926,0.000174652
nn,0.358024,0.000170905
nn,0.358121,0.000167191
nn,0.358218,0.000163512
nn,0.358316,0.000159867
nn,0.358413,0.000156255
nn,0.358511,0.000152678
nn,0.358608,0.000149137
nn,0.358706,0.000145635
nn,0.358803,0.000142171
nn,0.358901,0.000138747
nn,0.358998,0.000135362
nn,0.359095,0.000132016
nn,0.359193,0.00012868
nn,0.35929,0.000125338
nn,0.359388,0.000121988
nn,0.359485,0.000118635
nn,0.359583,0.000115149
nn,0.35968,0.000111711
nn,0.359778,0.000108321
nn,0.359875,0.000104984
nn,0.359972,0.000101708
nn,0.36007,9.84976e-05
nn,0.360167,9.53544e-05
nn,0.360265,9.22772e-05
nn,0.360362,8.92634e-05
nn,0.36046,8.63125e-05
nn,0.360557,8.34213e-05
nn,0.360655,8.05902e-05
nn,0.360752,7.78174e-05
nn,0.36085,7.51006e-05
nn,0.360947,7.24384e-05
nn,0.361044,6.98286e-05
nn,0.361142,6.72714e-05
nn,0.361239,6.47673e-05
nn,0.361337,6.23174e-05
nn,0.361434,5.99232e-05
nn,0.361532,5.7587e-05
nn,0.361629,5.53092e-05
nn,0.361727,5.30913e-05
nn,0.361824,5.09351e-05
nn,0.361921,4.88401e-05
nn,0.362019,4.68076e-05
nn,0.362116,4.48373e-05
nn,0.362214,4.29282e-05
nn,0.362311,4.10798e-05
nn,0.362409,3.92905e-05
nn,0.362506,3.7559e-05
nn,0.362604,3.58826e-05
nn,0.362701,3.42601e-05
nn,0.362798,3.2694e-05
nn,0.362896,3.11871e-05
nn,0.362993,2.97389e-05
nn,0.363091,2.83434e-05
nn,0.363188,2.69957e-05
nn,0.363286,2.57015e-05
nn,0.363383,2.44668e-05
nn,0.363481,2.32982e-05
nn,0.363578,2.21964e-05
nn,0.363675,2.11638e-05
nn,0.363773,2.01975e-05
nn,0.36387,1.92931e-05
nn,0.363968,1.84513e-05
nn,0.364065,1.76673e-05
nn,0.364163,1.69389e-05
nn,0.36426,1.6266e-05
nn,0.364358,1.56492e-05
nn,0.364455,1.50908e-05
nn,0.364552,1.45919e-05
nn,0.36465,1.41481e-05
nn,0.364747,1.37651e-05
nn,0.364845,1.34499e-05
nn,0.364942,1.31914e-05
nn,0.36504,1.29946e-05
nn,0.365137,1.28612e-05
nn,0.365235,1.27932e-05
nn,0.365332,1.27905e-05
nn,0.365429,1.28545e-05
nn,0.365527,1.29843e-05
nn,0.365624,1.31802e-05
nn,0.365722,1.3441e-05
nn,0.365819,1.37677e-05
nn,0.365917,1.41594e-05
nn,0.366014,1.46178e-05
nn,0.366112,1.51417e-05
nn,0.366209,1.57321e-05
nn,0.366307,1.63858e-05
nn,0.366404,1.71025e-05
nn,0.366501,1.78783e-05
nn,0.366599,1.87118e-05
nn,0.366696,1.95995e-05
nn,0.366794,2.05403e-05
nn,0.366891,2.15313e-05
nn,0.366989,2.25746e-05
nn,0.367086,2.36688e-05
nn,0.367184,2.48167e-05
nn,0.367281,2.60181e-05
nn,0.367378,2.72769e-05
nn,0.367476,2.85975e-05
nn,0.367573,2.99854e-05
nn,0.367671,3.14398e-05
nn,0.367768,3.29582e-05
nn,0.367866,3.45371e-05
nn,0.367963,3.61792e-05
nn,0.368061,3.7886e-05
nn,0.368158,3.966e-05
nn,0.368255,4.14984e-05
nn,0.368353,4.34002e-05
nn,0.36845,4.53612e-05
nn,0.368548,4.73805e-05
nn,0.368645,4.94551e-05
nn,0.368743,5.15853e-05
nn,0.36884,5.37695e-05
nn,0.368938,5.60088e-05
nn,0.369035,5.83035e-05
nn,0.369132,6.06611e-05
nn,0.36923,6.30614e-05
nn,0.369327,6.5527e-05
nn,0.369425,6.80495e-05
nn,0.369522,7.06257e-05
nn,0.36962,7.32556e-05
nn,0.369717,7.59338e-05
nn,0.369815,7.86737e-05
nn,0.369912,8.14643e-05
nn,0.370009,8.43062e-05
nn,0.370107,8.71997e-05
nn,0.370204,9.01367e-05
nn,0.370302,9.3116e-05
nn,0.370399,9.61354e-05
nn,0.370497,9.91945e-05
nn,0.370594,0.000102294
nn,0.370692,0.000105438
nn,0.370789,0.000108629
nn,0.370887,0.00011187
nn,0.370984,0.000115164
nn,0.371081,0.000118512
nn,0.371179,0.000121912
nn,0.371276,0.000125363
nn,0.371374,0.000128861
nn,0.371471,0.000132401
nn,0.371569,0.000135538
nn,0.371666,0.000138612
nn,0.371764,0.000141633
nn,0.371861,0.000144606
nn,0.371958,0.00014761
nn,0.372056,0.000150682
nn,0.372153,0.000153823
nn,0.372251,0.000157023
nn,0.372348,0.00016028
nn,0.372446,0.000163588
nn,0.372543,0.000166946
nn,0.372641,0.000170356
nn,0.372738,0.000173814
nn,0.372835,0.000177324
nn,0.372933,0.000180882
nn,0.37303,0.000184486
nn,0.373128,0.000188132
nn,0.373225,0.000191818
nn,0.373323,0.00019554
nn,0.37342,0.000199297
nn,0.373518,0.000203087
nn,0.373615,0.00020691
nn,0.373712,0.000210765
nn,0.37381,0.000214649
nn,0.373907,0.000218565
nn,0.374005,0.000222512
nn,0.374102,0.000226488
nn,0.3742,0.00023049
nn,0.374297,0.000234515
nn,0.374395,0.000238564
nn,0.374492,0.000242636
nn,0.374589,0.000246731
nn,0.374687,0.000250848
nn,0.374784,0.000254986
nn,0.374882,0.000259144
nn,0.374979,0.000263205
nn,0.375077,0.000267168
nn,0.375174,0.000271081
nn,0.375272,0.000274481
nn,0.375369,0.000277953
nn,0.375467,0.000281435
nn,0.375564,0.000284944
nn,0.375661,0.000288472
nn,0.375759,0.000292046
nn,0.375856,0.000295666
nn,0.375954,0.000299328
nn,0.376051,0.000303031
nn,0.376149,0.000306769
nn,0.376246,0.000310535
nn,0.376344,0.000314324
nn,0.376441,0.000318126
nn,0.376538,0.000321943
nn,0.376636,0.00032577
nn,0.376733,0.000329617
nn,0.376831,0.00033358
nn,0.376928,0.000337306
nn,0.377026,0.000341167
nn,0.377123,0.000345039
nn,0.377221,0.000348917
nn,0.377318,0.000352771
nn,0.377415,0.000356622
nn,0.377513,0.00036046
nn,0.37761,0.000364284
nn,0.377708,0.000368094
nn,0.377805,0.000371893
nn,0.377903,0.000375682
nn,0.378,0.000379461
nn,0.378098,0.000383227
nn,0.378195,0.000387057
nn,0.378292,0.000390728
nn,0.37839,0.000394439
nn,0.378487,0.00039813
nn,0.378585,0.000401796
nn,0.378682,0.000405433
nn,0.37878,0.00040904
nn,0.378877,0.000412616
nn,0.378975,0.000416159
nn,0.379072,0.000419664
nn,0.379169,0.000423134
nn,0.379267,0.000426582
nn,0.379364,0.000429973
nn,0.379462,0.000433331
nn,0.379559,0.000436653
nn,0.379657,0.000439943
nn,0.379754,0.000443197
nn,0.379852,0.000446415
nn,0.379949,0.000449593
nn,0.380047,0.000452886
nn,0.380144,0.000455802
nn,0.380241,0.000458841
nn,0.380339,0.000461835
nn,0.380436,0.000464788
nn,0.380534,0.000467704
nn,0.380631,0.000470584
nn,0.380729,0.000473428
nn,0.380826,0.000476233
nn,0.380924,0.000479002
nn,0.381021,0.00048173
nn,0.381118,0.000484413
nn,0.381216,0.000487059
nn,0.381313,0.000489674
nn,0.381411,0.000492255
nn,0.381508,0.000494789
nn,0.381606,0.000497288
nn,0.381703,0.000499751
nn,0.381801,0.000502171
nn,0.381898,0.000504542
nn,0.381995,0.000506856
nn,0.382093,0.000509114
nn,0.38219,0.000511313
nn,0.382288,0.000513456
nn,0.382385,0.000515546
nn,0.382483,0.000517586
nn,0.38258,0.000519577
nn,0.382678,0.000521522
nn,0.382775,0.000523413
nn,0.382872,0.000525258
nn,0.38297,0.000527061
nn,0.383067,0.000528815
nn,0.383165,0.00053053
nn,0.383262,0.000532201
nn,0.38336,0.000533829
nn,0.383457,0.00053541
nn,0.383555,0.00053694
nn,0.383652,0.000538408
nn,0.383749,0.000539826
nn,0.383847,0.000541183
nn,0.383944,0.000542489
nn,0.384042,0.000543742
nn,0.384139,0.000544945
nn,0.384237,0.000546098
nn,0.384334,0.000547205
nn,0.384432,0.000548265
nn,0.384529,0.000549284
nn,0.384626,0.000550258
nn,0.384724,0.000551189
nn,0.384821,0.000551584
nn,0.384919,0.000551833
nn,0.385016,0.000552003
nn,0.385114,0.000552151
nn,0.385211,0.000552261
nn,0.385309,0.00055233
nn,0.385406,0.000552348
nn,0.385504,0.000552324
nn,0.385601,0.000552252
nn,0.385698,0.000552144
nn,0.385796,0.000552003
nn,0.385893,0.000551814
nn,0.385991,0.000551578
nn,0.386088,0.000551303
nn,0.386186,0.000550983
nn,0.386283,0.000550626
nn,0.386381,0.000550236
nn,0.386478,0.000549807
nn,0.386575,0.000549324
nn,0.386673,0.00054872
nn,0.38677,0.000547869
nn,0.386868,0.00054697
nn,0.386965,0.000546013
nn,0.387063,0.000544999
nn,0.38716,0.000543943
nn,0.387258,0.000542857
nn,0.387355,0.000541741
nn,0.387452,0.000540587
nn,0.38755,0.000539385
nn,0.387647,0.000538134
nn,0.387745,0.000536834
nn,0.387842,0.000535487
nn,0.38794,0.000534098
nn,0.388037,0.000532663
nn,0.388135,0.000531192
nn,0.388232,0.00052968
nn,0.388329,0.000528118
nn,0.388427,0.000526503
nn,0.388524,0.00052483
nn,0.388622,0.000523105
nn,0.388719,0.000521315
nn,0.388817,0.000519476
nn,0.388914,0.000517589
nn,0.389012,0.000515652
nn,0.389109,0.000513664
nn,0.389206,0.000511625
nn,0.389304,0.000509532
nn,0.389401,0.000507382
nn,0.389499,0.000505177
nn,0.389596,0.000502915
nn,0.389694,0.000500593
nn,0.389791,0.00049821
nn,0.389889,0.000495766
nn,0.389986,0.000493264
nn,0.390084,0.000490707
nn,0.390181,0.000488098
nn,0.390278,0.000485433
nn,0.390376,0.00048272
nn,0.390473,0.000479975
nn,0.390571,0.00047719
nn,0.390668,0.00047436
nn,0.390766,0.000471487
nn,0.390863,0.000468574
nn,0.390961,0.000465622
nn,0.391058,0.000462639
nn,0.391155,0.000459613
nn,0.391253,0.000456551
nn,0.39135,0.000453451
nn,0.391448,0.00045031
nn,0.391545,0.000447136
nn,0.391643,0.000443927
nn,0.39174,0.000440683
nn,0.391838,0.000437402
nn,0.391935,0.000434091
nn,0.392032,0.000430742
nn,0.39213,0.000427358
nn,0.392227,0.000423949
nn,0.392325,0.000420512
nn,0.392422,0.000417048
nn,0.39252,0.000413551
nn,0.392617,0.000410024
nn,0.392715,0.000406471
nn,0.392812,0.00040289
nn,0.392909,0.000399283
nn,0.393007,0.000395651
nn,0.393104,0.000391999
nn,0.393202,0.000388328
nn,0.393299,0.000384643
nn,0.393397,0.000380946
nn,0.393494,0.000377227
nn,0.393592,0.000373497
nn,0.393689,0.000369755
nn,0.393786,0.000366002
nn,0.393884,0.000362238
nn,0.393981,0.000358472
nn,0.394079,0.000354698
nn,0.394176,0.000350916
nn,0.394274,0.000347127
nn,0.394371,0.000343326
nn,0.394469,0.000339512
nn,0.394566,0.000335684
nn,0.394664,0.000331842
nn,0.394761,0.000327998
nn,0.394858,0.000324142
nn,0.394956,0.00032028
nn,0.395053,0.000316411
nn,0.395151,0.000312531
nn,0.395248,0.000308642
nn,0.395346,0.00030475
nn,0.395443,0.000300861
nn,0.395541,0.000296981
nn,0.395638,0.000293112
nn,0.395735,0.000289257
nn,0.395833,0.000285415
nn,0.39593,0.000281588
nn,0.396028,0.000277777
nn,0.396125,0.00027398
nn,0.396223,0.000270196
nn,0.39632,0.000266426
nn,0.396418,0.000262674
nn,0.396515,0.000258939
nn,0.396612,0.000254649
nn,0.39671,0.000250283
nn,0.396807,0.000245837
nn,0.396905,0.000241374
nn,0.397002,0.00023696
nn,0.3971,0.000232592
nn,0.397197,0.000228262
nn,0.397295,0.000223963
nn,0.397392,0.000219695
nn,0.397489,0.000215462
nn,0.397587,0.000211266
nn,0.397684,0.000207115
nn,0.397782,0.000203007
nn,0.397879,0.00019894
nn,0.397977,0.000194916
nn,0.398074,0.000190935
nn,0.398172,0.000186994
nn,0.398269,0.000183095
nn,0.398366,0.000179237
nn,0.398464,0.000175418
nn,0.398561,0.000171638
nn,0.398659,0.000167898
nn,0.398756,0.000164196
nn,0.398854,0.000160531
nn,0.398951,0.000156903
nn,0.399049,0.000153313
nn,0.399146,0.000149762
nn,0.399244,0.00014625
nn,0.399341,0.000142777
nn,0.399438,0.000139342
nn,0.399536,0.000135947
nn,0.399633,0.00013259
nn,0.399731,0.000129274
nn,0.399828,0.000125984
nn,0.399926,0.000122687
nn,0.400023,0.000119383
nn,0.400121,0.000116077
nn,0.400218,0.00011262
nn,0.400315,0.000109214
nn,0.400413,0.000105856
nn,0.40051,0.000102552
nn,0.400608,9.93087e-05
nn,0.400705,9.61313e-05
nn,0.400803,9.30218e-05
nn,0.4009,8.99797e-05
nn,0.400998,8.70034e-05
nn,0.401095,8.40918e-05
nn,0.401192,8.12438e-05
nn,0.40129,7.84584e-05
nn,0.401387,7.57347e-05
nn,0.401485,7.30708e-05
nn,0.401582,7.04637e-05
nn,0.40168,6.79116e-05
nn,0.401777,6.54113e-05
nn,0.401875,6.29622e-05
nn,0.401972,6.05632e-05
nn,0.402069,5.82163e-05
nn,0.402167,5.59224e-05
nn,0.402264,5.36845e-05
nn,0.402362,5.1505e-05
nn,0.402459,4.93863e-05
nn,0.402557,4.73294e-05
nn,0.402654,4.53355e-05
nn,0.402752,4.34085e-05
nn,0.402849,4.15499e-05
nn,0.402946,3.97558e-05
nn,0.403044,3.80206e-05
nn,0.403141,3.6343e-05
nn,0.403239,3.47255e-05
nn,0.403336,3.31771e-05
nn,0.403434,3.16886e-05
nn,0.403531,3.02634e-05
nn,0.403629,2.88983e-05
nn,0.403726,2.75906e-05
nn,0.403823,2.6339e-05
nn,0.403921,2.51416e-05
nn,0.404018,2.39985e-05
nn,0.404116,2.29086e-05
nn,0.404213,2.18739e-05
nn,0.404311,2.08944e-05
nn,0.404408,1.9976e-05
nn,0.404506,1.91174e-05
nn,0.404603,1.83202e-05
nn,0.404701,1.75831e-05
nn,0.404798,1.69057e-05
nn,0.404895,1.62853e-05
nn,0.404993,1.57218e-05
nn,0.40509,1.52138e-05
nn,0.405188,1.47618e-05
nn,0.405285,1.43661e-05
nn,0.405383,1.40283e-05
nn,0.40548,1.37495e-05
nn,0.405578,1.35323e-05
nn,0.405675,1.33778e-05
nn,0.405772,1.32881e-05
nn,0.40587,1.32628e-05
nn,0.405967,1.33052e-05
nn,0.406065,1.34137e-05
nn,0.406162,1.35864e-05
nn,0.40626,1.38192e-05
nn,0.406357,1.41143e-05
nn,0.406455,1.44713e-05
nn,0.406552,1.48907e-05
nn,0.406649,1.53716e-05
nn,0.406747,1.59157e-05
nn,0.406844,1.6527e-05
nn,0.406942,1.72036e-05
nn,0.407039,1.79443e-05
nn,0.407137,1.87407e-05
nn,0.407234,1.95987e-05
nn,0.407332,2.05213e-05
nn,0.407429,2.15092e-05
nn,0.407526,2.25517e-05
nn,0.407624,2.36514e-05
nn,0.407721,2.48083e-05
nn,0.407819,2.60212e-05
nn,0.407916,2.72897e-05
nn,0.408014,2.86128e-05
nn,0.408111,2.99909e-05
nn,0.408209,3.14243e-05
nn,0.408306,3.29163e-05
nn,0.408403,3.44681e-05
nn,0.408501,3.60836e-05
nn,0.408598,3.77603e-05
nn,0.408696,3.94997e-05
nn,0.408793,4.12974e-05
nn,0.408891,4.31573e-05
nn,0.408988,4.50799e-05
nn,0.409086,4.70716e-05
nn,0.409183,4.91282e-05
nn,0.409281,5.125e-05
nn,0.409378,5.34342e-05
nn,0.409475,5.56777e-05
nn,0.409573,5.79765e-05
nn,0.40967,6.03264e-05
nn,0.409768,6.27236e-05
nn,0.409865,6.51641e-05
nn,0.409963,6.76446e-05
nn,0.41006,7.01679e-05
nn,0.410158,7.27356e-05
nn,0.410255,7.53533e-05
nn,0.410352,7.80186e-05
nn,0.41045,8.07462e-05
nn,0.410547,8.35414e-05
nn,0.410645,8.63789e-05
nn,0.410742,8.92862e-05
nn,0.41084,9.22481e-05
nn,0.410937,9.52614e-05
nn,0.411035,9.83205e-05
nn,0.411132,0.000101421
nn,0.411229,0.00010456
nn,0.411327,0.000107736
nn,0.411424,0.000110948
nn,0.411522,0.000114199
nn,0.411619,0.000117489
nn,0.411717,0.00012082
nn,0.411814,0.000124193
nn,0.411912,0.000127609
nn,0.412009,0.000131067
nn,0.412106,0.000134069
nn,0.412204,0.000137035
nn,0.412301,0.000139969
nn,0.412399,0.000142878
nn,0.412496,0.000145785
nn,0.412594,0.000148762
nn,0.412691,0.000151809
nn,0.412789,0.00015492
nn,0.412886,0.00015809
nn,0.412983,0.000161316
nn,0.413081,0.00016459
nn,0.413178,0.00016792
nn,0.413276,0.000171299
nn,0.413373,0.000174733
nn,0.413471,0.000178227
nn,0.413568,0.000181771
nn,0.413666,0.00018536
nn,0.413763,0.00018899
nn,0.413861,0.000192661
nn,0.413958,0.00019637
nn,0.414055,0.000200117
nn,0.414153,0.000203899
nn,0.41425,0.000207716
nn,0.414348,0.000211567
nn,0.414445,0.000215446
nn,0.414543,0.000219352
nn,0.41464,0.000223286
nn,0.414738,0.000227245
nn,0.414835,0.000231221
nn,0.414932,0.000235216
nn,0.41503,0.000239231
nn,0.415127,0.000243272
nn,0.415225,0.000247338
nn,0.415322,0.00025136
nn,0.41542,0.000255277
nn,0.415517,0.000259092
nn,0.415615,0.000262476
nn,0.415712,0.000265886
nn,0.415809,0.000269313
nn,0.415907,0.000272758
nn,0.416004,0.00027624
nn,0.416102,0.000279768
nn,0.416199,0.000283347
nn,0.416297,0.000286975
nn,0.416394,0.000290651
nn,0.416492,0.000294413
nn,0.416589,0.000298109
nn,0.416686,0.000301892
nn,0.416784,0.000305698
nn,0.416881,0.000309523
nn,0.416979,0.000313371
nn,0.417076,0.000317217
nn,0.417174,0.000321085
nn,0.417271,0.000324955
nn,0.417369,0.000328833
nn,0.417466,0.000332719
nn,0.417563,0.000336733
nn,0.417661,0.000340512
nn,0.417758,0.000344386
nn,0.417856,0.00034826
nn,0.417953,0.00035212
nn,0.418051,0.000355967
nn,0.418148,0.000359802
nn,0.418246,0.000363628
nn,0.418343,0.000367445
nn,0.418441,0.000371251
nn,0.418538,0.000375053
nn,0.418635,0.000378829
nn,0.418733,0.000382594
nn,0.41883,0.000386337
nn,0.418928,0.000390056
nn,0.419025,0.000393748
nn,0.419123,0.000397411
nn,0.41922,0.000401042
nn,0.419318,0.00040464
nn,0.419415,0.000408219
nn,0.419512,0.000411762
nn,0.41961,0.00041526
nn,0.419707,0.000418732
nn,0.419805,0.000422164
nn,0.419902,0.00042558
nn,0.42,0.000428935
nn,0.420097,0.000432253
nn,0.420195,0.000435528
nn,0.420292,0.000438762
nn,0.420389,0.000441952
nn,0.420487,0.000445099
nn,0.420584,0.000448218
nn,0.420682,0.000451277
nn,0.420779,0.000454302
nn,0.420877,0.000457287
nn,0.420974,0.00046023
nn,0.421072,0.000463133
nn,0.421169,0.000465997
nn,0.421266,0.000468826
nn,0.421364,0.000471618
nn,0.421461,0.000474363
nn,0.421559,0.000477076
nn,0.421656,0.000479753
nn,0.421754,0.000482383
nn,0.421851,0.000484981
nn,0.421949,0.000487561
nn,0.422046,0.000490112
nn,0.422143,0.000492624
nn,0.422241,0.000495096
nn,0.422338,0.000497519
nn,0.422436,0.000499889
nn,0.422533,0.000502199
nn,0.422631,0.000504448
nn,0.422728,0.000506641
nn,0.422826,0.000508781
nn,0.422923,0.000510875
nn,0.423021,0.000512923
nn,0.423118,0.000514927
nn,0.423215,0.000516882
nn,0.423313,0.000518793
nn,0.42341,0.000520661
nn,0.423508,0.000522488
nn,0.423605,0.000524273
nn,0.423703,0.00052602
nn,0.4238,0.000527728
nn,0.423898,0.00052939
nn,0.423995,0.000531007
nn,0.424092,0.000532575
nn,0.42419,0.000534094
nn,0.424287,0.000535561
nn,0.424385,0.000536973
nn,0.424482,0.000538328
nn,0.42458,0.000539625
nn,0.424677,0.000540872
nn,0.424775,0.000542069
nn,0.424872,0.000543217
nn,0.424969,0.000544315
nn,0.425067,0.000545364
nn,0.425164,0.000546367
nn,0.425262,0.000546882
nn,0.425359,0.00054724
nn,0.425457,0.000547485
nn,0.425554,0.000547711
nn,0.425652,0.000547911
nn,0.425749,0.000548073
nn,0.425846,0.000548193
nn,0.425944,0.000548263
nn,0.426041,0.000548285
nn,0.426139,0.000548269
nn,0.426236,0.000548219
nn,0.426334,0.000548139
nn,0.426431,0.00054802
nn,0.426529,0.000547861
nn,0.426626,0.000547656
nn,0.426723,0.000547401
nn,0.426821,0.000547099
nn,0.426918,0.000546753
nn,0.427016,0.000546363
nn,0.427113,0.000545927
nn,0.427211,0.000545444
nn,0.427308,0.000544898
nn,0.427406,0.000544248
nn,0.427503,0.000543456
nn,0.4276,0.000542399
nn,0.427698,0.000541297
nn,0.427795,0.00054015
nn,0.427893,0.000538961
nn,0.42799,0.00053774
nn,0.428088,0.000536487
nn,0.428185,0.000535206
nn,0.428283,0.000533889
nn,0.42838,0.000532532
nn,0.428478,0.000531139
nn,0.428575,0.000529708
nn,0.428672,0.00052824
nn,0.42877,0.000526732
nn,0.428867,0.000525181
nn,0.428965,0.000523583
nn,0.429062,0.000521937
nn,0.42916,0.000520244
nn,0.429257,0.000518501
nn,0.429355,0.000516715
nn,0.429452,0.000514884
nn,0.429549,0.000513007
nn,0.429647,0.000511081
nn,0.429744,0.000509104
nn,0.429842,0.000507076
nn,0.429939,0.000504995
nn,0.430037,0.000502864
nn,0.430134,0.00050068
nn,0.430232,0.000498442
nn,0.430329,0.000496144
nn,0.430426,0.000493784
nn,0.430524,0.000491362
nn,0.430621,0.000488879
nn,0.430719,0.000486332
nn,0.430816,0.000483736
nn,0.430914,0.000481095
nn,0.431011,0.000478407
nn,0.431109,0.000475672
nn,0.431206,0.000472896
nn,0.431303,0.000470082
nn,0.431401,0.000467236
nn,0.431498,0.000464356
nn,0.431596,0.000461446
nn,0.431693,0.000458502
nn,0.431791,0.000455521
nn,0.431888,0.000452495
nn,0.431986,0.000449435
nn,0.432083,0.000446337
nn,0.43218,0.000443204
nn,0.432278,0.000440033
nn,0.432375,0.000436826
nn,0.432473,0.000433587
nn,0.43257,0.000430321
nn,0.432668,0.000427023
nn,0.432765,0.000423686
nn,0.432863,0.000420313
nn,0.43296,0.000416906
nn,0.433058,0.000413454
nn,0.433155,0.000409984
nn,0.433252,0.000406486
nn,0.43335,0.00040297
nn,0.433447,0.000399432
nn,0.433545,0.000395873
nn,0.433642,0.000392296
nn,0.43374,0.000388695
nn,0.433837,0.000385076
nn,0.433935,0.000381445
nn,0.434032,0.000377805
nn,0.434129,0.000374154
nn,0.434227,0.000370489
nn,0.434324,0.000366812
nn,0.434422,0.000363119
nn,0.434519,0.000359422
nn,0.434617,0.000355719
nn,0.434714,0.000352011
nn,0.434812,0.000348298
nn,0.434909,0.000344571
nn,0.435006,0.00034083
nn,0.435104,0.000337077
nn,0.435201,0.00033331
nn,0.435299,0.000329526
nn,0.435396,0.000325729
nn,0.435494,0.000321914
nn,0.435591,0.000318086
nn,0.435689,0.000314245
nn,0.435786,0.000310393
nn,0.435883,0.000306534
nn,0.435981,0.000302677
nn,0.436078,0.000298833
nn,0.436176,0.000295003
nn,0.436273,0.000291188
nn,0.436371,0.000287388
nn,0.436468,0.000283598
nn,0.436566,0.000279815
nn,0.436663,0.000276038
nn,0.43676,0.000272269
nn,0.436858,0.000268515
nn,0.436955,0.00026478
nn,0.437053,0.000260552
nn,0.43715,0.000256245
nn,0.437248,0.000251873
nn,0.437345,0.000247445
nn,0.437443,0.000243017
nn,0.43754,0.00023863
nn,0.437638,0.000234282
nn,0.437735,0.000229967
nn,0.437832,0.000225675
nn,0.43793,0.000221412
nn,0.438027,0.000217184
nn,0.438125,0.000212996
nn,0.438222,0.000208851
nn,0.43832,0.000204748
nn,0.438417,0.000200688
nn,0.438515,0.000196671
nn,0.438612,0.000192697
nn,0.438709,0.000188767
nn,0.438807,0.000184879
nn,0.438904,0.000181036
nn,0.439002,0.000177234
nn,0.439099,0.000173474
nn,0.439197,0.000169754
nn,0.439294,0.000166075
nn,0.439392,0.000162436
nn,0.439489,0.000158835
nn,0.439586,0.00015527
nn,0.439684,0.000151742
nn,0.439781,0.000148252
nn,0.439879,0.000144801
nn,0.439976,0.000141389
nn,0.440074,0.000138016
nn,0.440171,0.000134675
nn,0.440269,0.000131326
nn,0.440366,0.000127973
nn,0.440463,0.000124611
nn,0.440561,0.000121101
nn,0.440658,0.000117633
nn,0.440756,0.000114206
nn,0.440853,0.000110825
nn,0.440951,0.000107501
nn,0.441048,0.000104238
nn,0.441146,0.000101041
nn,0.441243,9.79113e-05
nn,0.44134,9.48478e-05
nn,0.441438,9.18552e-05
nn,0.441535,8.89189e-05
nn,0.441633,8.60467e-05
nn,0.44173,8.32344e-05
nn,0.441828,8.04815e-05
nn,0.441925,7.77831e-05
nn,0.442023,7.51393e-05
nn,0.44212,7.25474e-05
nn,0.442218,7.0005e-05
nn,0.442315,6.75114e-05
nn,0.442412,6.50666e-05
nn,0.44251,6.26723e-05
nn,0.442607,6.03298e-05
nn,0.442705,5.80419e-05
nn,0.442802,5.58103e-05
nn,0.4429,5.3637e-05
nn,0.442997,5.15223e-05
nn,0.443095,4.9468e-05
nn,0.443192,4.74741e-05
nn,0.443289,4.55408e-05
nn,0.443387,4.36669e-05
nn,0.443484,4.18535e-05
nn,0.443582,4.00988e-05
nn,0.443679,3.8404e-05
nn,0.443777,3.67665e-05
nn,0.443874,3.51862e-05
nn,0.443972,3.36597e-05
nn,0.444069,3.21913e-05
nn,0.444166,3.07669e-05
nn,0.444264,2.94e-05
nn,0.444361,2.80869e-05
nn,0.444459,2.68342e-05
nn,0.444556,2.56443e-05
nn,0.444654,2.45218e-05
nn,0.444751,2.34671e-05
nn,0.444849,2.2477e-05
nn,0.444946,2.15442e-05
nn,0.445043,2.06654e-05
nn,0.445141,1.98408e-05
nn,0.445238,1.90734e-05
nn,0.445336,1.83628e-05
nn,0.445433,1.77112e-05
nn,0.445531,1.7118e-05
nn,0.445628,1.65834e-05
nn,0.445726,1.61071e-05
nn,0.445823,1.56908e-05
nn,0.44592,1.53345e-05
nn,0.446018,1.50394e-05
nn,0.446115,1.48063e-05
nn,0.446213,1.46288e-05
nn,0.44631,1.45209e-05
nn,0.446408,1.4471e-05
nn,0.446505,1.44903e-05
nn,0.446603,1.45675e-05
nn,0.4467,1.4707e-05
nn,0.446797,1.49107e-05
nn,0.446895,1.51864e-05
nn,0.446992,1.55258e-05
nn,0.44709,1.59323e-05
nn,0.447187,1.64033e-05
nn,0.447285,1.6937e-05
nn,0.447382,1.75336e-05
nn,0.44748,1.8193e-05
nn,0.447577,1.89147e-05
nn,0.447675,1.9697e-05
nn,0.447772,2.05392e-05
nn,0.447869,2.14395e-05
nn,0.447967,2.2397e-05
nn,0.448064,2.34095e-05
nn,0.448162,2.44758e-05
nn,0.448259,2.55943e-05
nn,0.448357,2.67645e-05
nn,0.448454,2.79864e-05
nn,0.448552,2.92594e-05
nn,0.448649,3.05856e-05
nn,0.448746,3.19677e-05
nn,0.448844,3.34058e-05
nn,0.448941,3.49016e-05
nn,0.449039,3.64557e-05
nn,0.449136,3.80704e-05
nn,0.449234,3.97463e-05
nn,0.449331,4.14836e-05
nn,0.449429,4.32807e-05
nn,0.449526,4.51395e-05
nn,0.449623,4.70581e-05
nn,0.449721,4.90364e-05
nn,0.449818,5.1071e-05
nn,0.449916,5.31598e-05
nn,0.450013,5.5302e-05
nn,0.450111,5.75019e-05
nn,0.450208,5.97545e-05
nn,0.450306,6.20741e-05
nn,0.450403,6.44471e-05
nn,0.4505,6.68741e-05
nn,0.450598,6.93513e-05
nn,0.450695,7.18724e-05
nn,0.450793,7.44318e-05
nn,0.45089,7.70267e-05
nn,0.450988,7.96569e-05
nn,0.451085,8.23264e-05
nn,0.451183,8.50415e-05
nn,0.45128,8.78074e-05
nn,0.451377,9.06322e-05
nn,0.451475,9.35179e-05
nn,0.451572,9.64689e-05
nn,0.45167,9.94825e-05
nn,0.451767,0.000102557
nn,0.451865,0.000105686
nn,0.451962,0.000108866
nn,0.45206,0.000112102
nn,0.452157,0.000115366
nn,0.452255,0.000118666
nn,0.452352,0.000122003
nn,0.452449,0.00012487
nn,0.452547,0.000127699
nn,0.452644,0.000130489
nn,0.452742,0.00013326
nn,0.452839,0.000136076
nn,0.452937,0.000138965
nn,0.453034,0.00014192
nn,0.453132,0.00014493
nn,0.453229,0.000147995
nn,0.453326,0.000151087
nn,0.453424,0.000154257
nn,0.453521,0.000157488
nn,0.453619,0.000160774
nn,0.453716,0.000164114
nn,0.453814,0.000167507
nn,0.453911,0.000170951
nn,0.454009,0.000174439
nn,0.454106,0.000177973
nn,0.454203,0.00018155
nn,0.454301,0.000185171
nn,0.454398,0.000188828
nn,0.454496,0.000192522
nn,0.454593,0.00019625
nn,0.454691,0.000200011
nn,0.454788,0.000203802
nn,0.454886,0.000207626
nn,0.454983,0.000211484
nn,0.45508,0.00021537
nn,0.455178,0.000219282
nn,0.455275,0.000223213
nn,0.455373,0.000227169
nn,0.45547,0.000231146
nn,0.455568,0.000235146
nn,0.455665,0.000239169
nn,0.455763,0.000243215
nn,0.45586,0.000247283
nn,0.455957,0.000251374
nn,0.456055,0.000255482
nn,0.456152,0.000259479
nn,0.45625,0.000263365
nn,0.456347,0.000267142
nn,0.456445,0.000270535
nn,0.456542,0.000273953
nn,0.45664,0.000277382
nn,0.456737,0.000280834
nn,0.456835,0.000284322
nn,0.456932,0.000287853
nn,0.457029,0.00029143
nn,0.457127,0.000295053
nn,0.457224,0.000298718
nn,0.457322,0.000302463
nn,0.457419,0.000306132
nn,0.457517,0.000309882
nn,0.457614,0.000313648
nn,0.457712,0.000317427
nn,0.457809,0.000321215
nn,0.457906,0.000325012
nn,0.458004,0.000328818
nn,0.458101,0.00033263
nn,0.458199,0.000336441
nn,0.458296,0.000340251
nn,0.458394,0.000344066
nn,0.458491,0.000347881
nn,0.458589,0.000351689
nn,0.458686,0.000355483
nn,0.458783,0.000359262
nn,0.458881,0.000363028
nn,0.458978,0.000366783
nn,0.459076,0.000370527
nn,0.459173,0.000374259
nn,0.459271,0.000377979
nn,0.459368,0.000381685
nn,0.459466,0.000385374
nn,0.459563,0.000389043
nn,0.45966,0.000392688
nn,0.459758,0.000396304
nn,0.459855,0.00039989
nn,0.459953,0.000403438
nn,0.46005,0.000406955
nn,0.460148,0.00041044
nn,0.460245,0.000413895
nn,0.460343,0.000417318
nn,0.46044,0.000420707
nn,0.460537,0.000424062
nn,0.460635,0.00042738
nn,0.460732,0.000430662
nn,0.46083,0.000433911
nn,0.460927,0.000437122
nn,0.461025,0.000440297
nn,0.461122,0.000443435
nn,0.46122,0.000446527
nn,0.461317,0.000449572
nn,0.461415,0.000452571
nn,0.461512,0.000455526
nn,0.461609,0.000458443
nn,0.461707,0.000461323
nn,0.461804,0.000464166
nn,0.461902,0.000466978
nn,0.461999,0.000469842
nn,0.462097,0.000472579
nn,0.462194,0.000475272
nn,0.462292,0.00047793
nn,0.462389,0.000480559
nn,0.462486,0.000483149
nn,0.462584,0.000485704
nn,0.462681,0.000488236
nn,0.462779,0.00049073
nn,0.462876,0.000493186
nn,0.462974,0.000495592
nn,0.463071,0.000497947
nn,0.463169,0.000500238
nn,0.463266,0.000502462
nn,0.463363,0.000504622
nn,0.463461,0.000506723
nn,0.463558,0.000508763
nn,0.463656,0.000510759
nn,0.463753,0.000512704
nn,0.463851,0.000514597
nn,0.463948,0.000516441
nn,0.464046,0.000518238
nn,0.464143,0.000519992
nn,0.46424,0.000521611
nn,0.464338,0.000523281
nn,0.464435,0.000524911
nn,0.464533,0.000526496
nn,0.46463,0.000528038
nn,0.464728,0.000529532
nn,0.464825,0.000530975
nn,0.464923,0.000532363
nn,0.46502,0.000533697
nn,0.465117,0.000534978
nn,0.465215,0.000536205
nn,0.465312,0.000537381
nn,0.46541,0.000538508
nn,0.465507,0.00053959
nn,0.465605,0.000540628
nn,0.465702,0.000541622
nn,0.4658,0.000542568
nn,0.465897,0.000543475
nn,0.465994,0.000544333
nn,0.466092,0.000544762
nn,0.466189,0.000545023
nn,0.466287,0.000545141
nn,0.466384,0.000545206
nn,0.466482,0.000545242
nn,0.466579,0.000545232
nn,0.466677,0.000545176
nn,0.466774,0.000545072
nn,0.466872,0.000544926
nn,0.466969,0.000544746
nn,0.467066,0.000544534
nn,0.467164,0.000544291
nn,0.467261,0.00054401
nn,0.467359,0.000543693
nn,0.467456,0.00054334
nn,0.467554,0.000542952
nn,0.467651,0.00054252
nn,0.467749,0.00054203
nn,0.467846,0.000541421
nn,0.467943,0.000540559
nn,0.468041,0.000539656
nn,0.468138,0.000538695
nn,0.468236,0.000537688
nn,0.468333,0.000536641
nn,0.468431,0.000535564
nn,0.468528,0.000534458
nn,0.468626,0.000533316
nn,0.468723,0.000532129
nn,0.46882,0.000530891
nn,0.468918,0.000529605
nn,0.469015,0.000528271
nn,0.469113,0.000526893
nn,0.46921,0.000525471
nn,0.469308,0.000524016
nn,0.469405,0.000522522
nn,0.469503,0.000520984
nn,0.4696,0.000519399
nn,0.469697,0.000517765
nn,0.469795,0.000516076
nn,0.469892,0.000514334
nn,0.46999,0.000512542
nn,0.470087,0.0005107
nn,0.470185,0.000508808
nn,0.470282,0.000506865
nn,0.47038,0.000504871
nn,0.470477,0.000502824
nn,0.470574,0.000500721
nn,0.470672,0.000498563
nn,0.470769,0.000496349
nn,0.470867,0.000494076
nn,0.470964,0.000491743
nn,0.471062,0.00048935
nn,0.471159,0.000486899
nn,0.471257,0.000484396
nn,0.471354,0.000481831
nn,0.471452,0.000479215
nn,0.471549,0.000476556
nn,0.471646,0.000473859
nn,0.471744,0.000471119
nn,0.471841,0.000468333
nn,0.471939,0.000465506
nn,0.472036,0.00046264
nn,0.472134,0.000459739
nn,0.472231,0.000456803
nn,0.472329,0.000453833
nn,0.472426,0.000450825
nn,0.472523,0.000447776
nn,0.472621,0.000444688
nn,0.472718,0.00044156
nn,0.472816,0.000438401
nn,0.472913,0.000435208
nn,0.473011,0.000431977
nn,0.473108,0.000428717
nn,0.473206,0.00042543
nn,0.473303,0.000422108
nn,0.4734,0.000418755
nn,0.473498,0.000415381
nn,0.473595,0.000411982
nn,0.473693,0.000408557
nn,0.47379,0.000405107
nn,0.473888,0.000401632
nn,0.473985,0.00039813
nn,0.474083,0.000394596
nn,0.47418,0.00039103
nn,0.474277,0.00038744
nn,0.474375,0.000383834
nn,0.474472,0.000380216
nn,0.47457,0.000376589
nn,0.474667,0.000372952
nn,0.474765,0.000369302
nn,0.474862,0.000365638
nn,0.47496,0.000361959
nn,0.475057,0.00035827
nn,0.475154,0.000354565
nn,0.475252,0.000350859
nn,0.475349,0.000347149
nn,0.475447,0.000343431
nn,0.475544,0.000339701
nn,0.475642,0.000335956
nn,0.475739,0.0003322
nn,0.475837,0.000328433
nn,0.475934,0.000324659
nn,0.476032,0.000320871
nn,0.476129,0.000317072
nn,0.476226,0.000313263
nn,0.476324,0.000309441
nn,0.476421,0.000305608
nn,0.476519,0.000301775
nn,0.476616,0.000297949
nn,0.476714,0.000294136
nn,0.476811,0.000290339
nn,0.476909,0.000286554
nn,0.477006,0.000282784
nn,0.477103,0.000279028
nn,0.477201,0.000275283
nn,0.477298,0.000271547
nn,0.477396,0.000267819
nn,0.477493,0.000264104
nn,0.477591,0.000260403
nn,0.477688,0.000256203
nn,0.477786,0.000251916
nn,0.477883,0.000247557
nn,0.47798,0.000243136
nn,0.478078,0.000238747
nn,0.478175,0.000234402
nn,0.478273,0.000230098
nn,0.47837,0.000225828
nn,0.478468,0.000221588
nn,0.478565,0.000217377
nn,0.478663,0.000213203
nn,0.47876,0.000209069
nn,0.478857,0.000204972
nn,0.478955,0.000200918
nn,0.479052,0.000196909
nn,0.47915,0.000192941
nn,0.479247,0.000189019
nn,0.479345,0.000185139
nn,0.479442,0.000181301
nn,0.47954,0.000177503
nn,0.479637,0.000173745
nn,0.479734,0.000170026
nn,0.479832,0.000166347
nn,0.479929,0.000162708
nn,0.480027,0.000159106
nn,0.480124,0.000155543
nn,0.480222,0.000152018
nn,0.480319,0.00014853
nn,0.480417,0.000145081
nn,0.480514,0.000141669
nn,0.480612,0.000138296
nn,0.480709,0.00013496
nn,0.480806,0.000131664
nn,0.480904,0.000128406
nn,0.481001,0.000125188
nn,0.481099,0.000122009
nn,0.481196,0.000118872
nn,0.481294,0.000115779
nn,0.481391,0.000112729
nn,0.481489,0.000109698
nn,0.481586,0.000106664
nn,0.481683,0.000103627
nn,0.481781,0.000100594
nn,0.481878,9.74051e-05
nn,0.481976,9.42708e-05
nn,0.482073,9.11888e-05
nn,0.482171,8.8163e-05
nn,0.482268,8.51991e-05
nn,0.482366,8.2301e-05
nn,0.482463,7.94697e-05
nn,0.48256,7.67036e-05
nn,0.482658,7.40004e-05
nn,0.482755,7.13577e-05
nn,0.482853,6.87732e-05
nn,0.48295,6.62458e-05
nn,0.483048,6.37732e-05
nn,0.483145,6.13559e-05
nn,0.483243,5.89934e-05
nn,0.48334,5.66853e-05
nn,0.483437,5.44337e-05
nn,0.483535,5.22401e-05
nn,0.483632,5.01064e-05
nn,0.48373,4.80358e-05
nn,0.483827,4.60296e-05
nn,0.483925,4.409e-05
nn,0.484022,4.2217e-05
nn,0.48412,4.04136e-05
nn,0.484217,3.86659e-05
nn,0.484314,3.69896e-05
nn,0.484412,3.53802e-05
nn,0.484509,3.38386e-05
nn,0.484607,3.23608e-05
nn,0.484704,3.09391e-05
nn,0.484802,2.95689e-05
nn,0.484899,2.82521e-05
nn,0.484997,2.69938e-05
nn,0.485094,2.5794e-05
nn,0.485191,2.46537e-05
nn,0.485289,2.35717e-05
nn,0.485386,2.25461e-05
nn,0.485484,2.15768e-05
nn,0.485581,2.06623e-05
nn,0.485679,1.98036e-05
nn,0.485776,1.9001e-05
nn,0.485874,1.82551e-05
nn,0.485971,1.75666e-05
nn,0.486069,1.69358e-05
nn,0.486166,1.63627e-05
nn,0.486263,1.5848e-05
nn,0.486361,1.53921e-05
nn,0.486458,1.49944e-05
nn,0.486556,1.46541e-05
nn,0.486653,1.43724e-05
nn,0.486751,1.41489e-05
nn,0.486848,1.39864e-05
nn,0.486946,1.38851e-05
nn,0.487043,1.38475e-05
nn,0.48714,1.38738e-05
nn,0.487238,1.39668e-05
nn,0.487335,1.41263e-05
nn,0.487433,1.43533e-05
nn,0.48753,1.46468e-05
nn,0.487628,1.50065e-05
nn,0.487725,1.5431e-05
nn,0.487823,1.59197e-05
nn,0.48792,1.64701e-05
nn,0.488017,1.70814e-05
nn,0.488115,1.77516e-05
nn,0.488212,1.848e-05
nn,0.48831,1.92652e-05
nn,0.488407,2.01071e-05
nn,0.488505,2.10049e-05
nn,0.488602,2.19591e-05
nn,0.4887,2.29689e-05
nn,0.488797,2.40362e-05
nn,0.488894,2.51603e-05
nn,0.488992,2.63412e-05
nn,0.489089,2.75768e-05
nn,0.489187,2.88674e-05
nn,0.489284,3.02126e-05
nn,0.489382,3.16144e-05
nn,0.489479,3.30724e-05
nn,0.489577,3.45885e-05
nn,0.489674,3.61636e-05
nn,0.489771,3.78009e-05
nn,0.489869,3.94987e-05
nn,0.489966,4.12593e-05
nn,0.490064,4.30795e-05
nn,0.490161,4.49599e-05
nn,0.490259,4.69015e-05
nn,0.490356,4.89048e-05
nn,0.490454,5.09689e-05
nn,0.490551,5.30936e-05
nn,0.490649,5.52781e-05
nn,0.490746,5.75228e-05
nn,0.490843,5.98256e-05
nn,0.490941,6.21797e-05
nn,0.491038,6.45825e-05
nn,0.491136,6.70288e-05
nn,0.491233,6.95156e-05
nn,0.491331,7.20433e-05
nn,0.491428,7.46114e-05
nn,0.491526,7.72239e-05
nn,0.491623,7.98832e-05
nn,0.49172,8.25949e-05
nn,0.491818,8.53553e-05
nn,0.491915,8.81788e-05
nn,0.492013,9.10557e-05
nn,0.49211,9.39902e-05
nn,0.492208,9.6981e-05
nn,0.492305,0.000100024
nn,0.492403,0.000103115
nn,0.4925,0.000106248
nn,0.492597,0.000109424
nn,0.492695,0.00011264
nn,0.492792,0.000115898
nn,0.49289,0.000119195
nn,0.492987,0.000122534
nn,0.493085,0.000125916
nn,0.493182,0.00012934
nn,0.49328,0.000132296
nn,0.493377,0.000135214
nn,0.493474,0.0001381
nn,0.493572,0.000140963
nn,0.493669,0.000143879
nn,0.493767,0.000146863
nn,0.493864,0.000149914
nn,0.493962,0.000153015
nn,0.494059,0.000156176
nn,0.494157,0.000159385
nn,0.494254,0.000162648
nn,0.494351,0.000165972
nn,0.494449,0.000169352
nn,0.494546,0.000172786
nn,0.494644,0.000176272
nn,0.494741,0.000179807
nn,0.494839,0.000183381
nn,0.494936,0.000186997
nn,0.495034,0.000190654
nn,0.495131,0.000194349
nn,0.495229,0.00019808
nn,0.495326,0.000201847
nn,0.495423,0.000205647
nn,0.495521,0.000209479
nn,0.495618,0.000213337
nn,0.495716,0.00021722
nn,0.495813,0.000221129
nn,0.495911,0.000225062
nn,0.496008,0.000229016
nn,0.496106,0.000232984
nn,0.496203,0.000236973
nn,0.4963,0.000240931
nn,0.496398,0.000244795
nn,0.496495,0.000248563
nn,0.496593,0.000251864
nn,0.49669,0.000255193
nn,0.496788,0.000258537
nn,0.496885,0.000261902
nn,0.496983,0.0002653
nn,0.49708,0.000268742
nn,0.497177,0.000272235
nn,0.497275,0.000275782
nn,0.497372,0.000279371
nn,0.49747,0.000283004
nn,0.497567,0.000286677
nn,0.497665,0.000290386
nn,0.497762,0.000294131
nn,0.49786,0.000297889
nn,0.497957,0.000301706
nn,0.498054,0.000305445
nn,0.498152,0.000309252
nn,0.498249,0.000313069
nn,0.498347,0.000316904
nn,0.498444,0.000320731
nn,0.498542,0.000324569
nn,0.498639,0.000328419
nn,0.498737,0.000332251
nn,0.498834,0.000336082
nn,0.498931,0.000339902
nn,0.499029,0.000343709
nn,0.499126,0.000347501
nn,0.499224,0.000351281
nn,0.499321,0.000355111
nn,0.499419,0.000358808
nn,0.499516,0.000362565
nn,0.499614,0.0003663
nn,0.499711,0.000370029
nn,0.499809,0.000373745
nn,0.499906,0.000377444
nn,0.500003,0.000381124
nn,0.500101,0.00038478
nn,0.500198,0.00038841
nn,0.500296,0.000392022
nn,0.500393,0.000395586
nn,0.500491,0.000399127
nn,0.500588,0.000402635
nn,0.500686,0.000406111
nn,0.500783,0.000409556
nn,0.50088,0.000412968
nn,0.500978,0.000416346
nn,0.501075,0.000419692
nn,0.501173,0.000423006
nn,0.50127,0.000426283
nn,0.501368,0.000429705
nn,0.501465,0.000432726
nn,0.501563,0.000435876
nn,0.50166,0.000438982
nn,0.501757,0.000442044
nn,0.501855,0.000445063
nn,0.501952,0.000448037
nn,0.50205,0.000450968
nn,0.502147,0.000453859
nn,0.502245,0.000456714
nn,0.502342,0.000459532
nn,0.50244,0.000462314
nn,0.502537,0.000465063
nn,0.502634,0.000467774
nn,0.502732,0.000470443
nn,0.502829,0.000473068
nn,0.502927,0.000475669
nn,0.503024,0.000478224
nn,0.503122,0.000480742
nn,0.503219,0.000483238
nn,0.503317,0.0004857
nn,0.503414,0.00048812
nn,0.503511,0.000490496
nn,0.503609,0.000492827
nn,0.503706,0.000495103
nn,0.503804,0.000497318
nn,0.503901,0.000499472
nn,0.503999,0.000501573
nn,0.504096,0.000503628
nn,0.504194,0.000505635
nn,0.504291,0.000507596
nn,0.504388,0.000509512
nn,0.504486,0.000511376
nn,0.504583,0.000513196
nn,0.504681,0.000514976
nn,0.504778,0.00051672
nn,0.504876,0.000518421
nn,0.504973,0.000520082
nn,0.505071,0.000521699
nn,0.505168,0.000523271
nn,0.505266,0.000524798
nn,0.505363,0.000526276
nn,0.50546,0.000527704
nn,0.505558,0.000529081
nn,0.505655,0.000530407
nn,0.505753,0.000531683
nn,0.50585,0.000532915
nn,0.505948,0.000534102
nn,0.506045,0.000535242
nn,0.506143,0.000536332
nn,0.50624,0.000537374
nn,0.506337,0.000537938
nn,0.506435,0.000538345
nn,0.506532,0.000538637
nn,0.50663,0.000538912
nn,0.506727,0.000539157
nn,0.506825,0.000539366
nn,0.506922,0.000539536
nn,0.50702,0.00053966
nn,0.507117,0.000539737
nn,0.507214,0.000539779
nn,0.507312,0.000539795
nn,0.507409,0.000539782
nn,0.507507,0.000539739
nn,0.507604,0.00053966
nn,0.507702,0.000539538
nn,0.507799,0.000539374
nn,0.507897,0.000539158
nn,0.507994,0.000538898
nn,0.508091,0.000538595
nn,0.508189,0.000538249
nn,0.508286,0.000537861
nn,0.508384,0.000537425
nn,0.508481,0.000536938
nn,0.508579,0.000536346
nn,0.508676,0.000535612
nn,0.508774,0.000534629
nn,0.508871,0.000533602
nn,0.508968,0.000532531
nn,0.509066,0.00053142
nn,0.509163,0.000530272
nn,0.509261,0.000529093
nn,0.509358,0.000527876
nn,0.509456,0.000526625
nn,0.509553,0.000525333
nn,0.509651,0.000524
nn,0.509748,0.000522628
nn,0.509846,0.000521219
nn,0.509943,0.000519768
nn,0.51004,0.000518267
nn,0.510138,0.000516718
nn,0.510235,0.000515117
nn,0.510333,0.000513467
nn,0.51043,0.000511776
nn,0.510528,0.000510031
nn,0.510625,0.000508245
nn,0.510723,0.000506417
nn,0.51082,0.000504538
nn,0.510917,0.000502611
nn,0.511015,0.000500631
nn,0.511112,0.000498598
nn,0.51121,0.000496514
nn,0.511307,0.000494378
nn,0.511405,0.000492188
nn,0.511502,0.000489942
nn,0.5116,0.000487637
nn,0.511697,0.000485269
nn,0.511794,0.00048284
nn,0.511892,0.000480351
nn,0.511989,0.000477805
nn,0.512087,0.000475218
nn,0.512184,0.000472581
nn,0.512282,0.000469898
nn,0.512379,0.000467167
nn,0.512477,0.000464395
nn,0.512574,0.000461583
nn,0.512671,0.000458734
nn,0.512769,0.00045585
nn,0.512866,0.000452931
nn,0.512964,0.000449975
nn,0.513061,0.000446979
nn,0.513159,0.000443944
nn,0.513256,0.000440871
nn,0.513354,0.000437765
nn,0.513451,0.000434626
nn,0.513548,0.000431451
nn,0.513646,0.000428247
nn,0.513743,0.000425013
nn,0.513841,0.000421749
nn,0.513938,0.000418447
nn,0.514036,0.000415108
nn,0.514133,0.000411733
nn,0.514231,0.00040832
nn,0.514328,0.000404881
nn,0.514426,0.000401423
nn,0.514523,0.000397938
nn,0.51462,0.000394427
nn,0.514718,0.000390894
nn,0.514815,0.000387337
nn,0.514913,0.000383758
nn,0.51501,0.000380164
nn,0.515108,0.000376559
nn,0.515205,0.000372944
nn,0.515303,0.000369321
nn,0.5154,0.000365689
nn,0.515497,0.000362048
nn,0.515595,0.000358399
nn,0.515692,0.000354742
nn,0.51579,0.000351078
nn,0.515887,0.000347408
nn,0.515985,0.000343731
nn,0.516082,0.000340046
nn,0.51618,0.00033635
nn,0.516277,0.000332641
nn,0.516374,0.000328917
nn,0.516472,0.000325182
nn,0.516569,0.00032144
nn,0.516667,0.000317695
nn,0.516764,0.000313939
nn,0.516862,0.000310171
nn,0.516959,0.000306392
nn,0.517057,0.000302597
nn,0.517154,0.000298788
nn,0.517251,0.000294971
nn,0.517349,0.00029117
nn,0.517446,0.000287361
nn,0.517544,0.000283567
nn,0.517641,0.000279787
nn,0.517739,0.000276024
nn,0.517836,0.000272278
nn,0.517934,0.000268549
nn,0.518031,0.000264837
nn,0.518128,0.000261144
nn,0.518226,0.000257469
nn,0.518323,0.000253814
nn,0.518421,0.000250177
nn,0.518518,0.000246064
nn,0.518616,0.000241864
nn,0.518713,0.000237584
nn,0.518811,0.000233237
nn,0.518908,0.000228865
nn,0.519006,0.000224532
nn,0.519103,0.000220242
nn,0.5192,0.000215995
nn,0.519298,0.00021178
nn,0.519395,0.000207602
nn,0.519493,0.000203468
nn,0.51959,0.000199379
nn,0.519688,0.000195336
nn,0.519785,0.000191339
nn,0.519883,0.000187388
nn,0.51998,0.000183485
nn,0.520077,0.000179627
nn,0.520175,0.000175818
nn,0.520272,0.000172056
nn,0.52037,0.00016834
nn,0.520467,0.000164669
nn,0.520565,0.000161043
nn,0.520662,0.000157458
nn,0.52076,0.000153916
nn,0.520857,0.000150416
nn,0.520954,0.000146957
nn,0.521052,0.00014354
nn,0.521149,0.000140164
nn,0.521247,0.000136827
nn,0.521344,0.000133532
nn,0.521442,0.000130246
nn,0.521539,0.000126957
nn,0.521637,0.000123661
nn,0.521734,0.000120362
nn,0.521831,0.00011694
nn,0.521929,0.000113562
nn,0.522026,0.000110227
nn,0.522124,0.000106942
nn,0.522221,0.000103715
nn,0.522319,0.000100553
nn,0.522416,9.74582e-05
nn,0.522514,9.44377e-05
nn,0.522611,9.14766e-05
nn,0.522708,8.85831e-05
nn,0.522806,8.57546e-05
nn,0.522903,8.29905e-05
nn,0.523001,8.02876e-05
nn,0.523098,7.76435e-05
nn,0.523196,7.50551e-05
nn,0.523293,7.25199e-05
nn,0.523391,7.00348e-05
nn,0.523488,6.75982e-05
nn,0.523585,6.52087e-05
nn,0.523683,6.28665e-05
nn,0.52378,6.05718e-05
nn,0.523878,5.83286e-05
nn,0.523975,5.61387e-05
nn,0.524073,5.40046e-05
nn,0.52417,5.19282e-05
nn,0.524268,4.99112e-05
nn,0.524365,4.79546e-05
nn,0.524463,4.6059e-05
nn,0.52456,4.42239e-05
nn,0.524657,4.24493e-05
nn,0.524755,4.07334e-05
nn,0.524852,3.90768e-05
nn,0.52495,3.74785e-05
nn,0.525047,3.59387e-05
nn,0.525145,3.44556e-05
nn,0.525242,3.30286e-05
nn,0.52534,3.16569e-05
nn,0.525437,3.03402e-05
nn,0.525534,2.90767e-05
nn,0.525632,2.78675e-05
nn,0.525729,2.67124e-05
nn,0.525827,2.56123e-05
nn,0.525924,2.45671e-05
nn,0.526022,2.35794e-05
nn,0.526119,2.2651e-05
nn,0.526217,2.17843e-05
nn,0.526314,2.09734e-05
nn,0.526411,2.02141e-05
nn,0.526509,1.95057e-05
nn,0.526606,1.88524e-05
nn,0.526704,1.82576e-05
nn,0.526801,1.77233e-05
nn,0.526899,1.72474e-05
nn,0.526996,1.68302e-05
nn,0.527094,1.64726e-05
nn,0.527191,1.61749e-05
nn,0.527288,1.59342e-05
nn,0.527386,1.5749e-05
nn,0.527483,1.56214e-05
nn,0.527581,1.55518e-05
nn,0.527678,1.55452e-05
nn,0.527776,1.56015e-05
nn,0.527873,1.57226e-05
nn,0.527971,1.59089e-05
nn,0.528068,1.6161e-05
nn,0.528165,1.64783e-05
nn,0.528263,1.68603e-05
nn,0.52836,1.73076e-05
nn,0.528458,1.78206e-05
nn,0.528555,1.83996e-05
nn,0.528653,1.90438e-05
nn,0.52875,1.97527e-05
nn,0.528848,2.05239e-05
nn,0.528945,2.13563e-05
nn,0.529043,2.22488e-05
nn,0.52914,2.31993e-05
nn,0.529237,2.42062e-05
nn,0.529335,2.52676e-05
nn,0.529432,2.63818e-05
nn,0.52953,2.75494e-05
nn,0.529627,2.87731e-05
nn,0.529725,3.00494e-05
nn,0.529822,3.13802e-05
nn,0.52992,3.27671e-05
nn,0.530017,3.42127e-05
nn,0.530114,3.5716e-05
nn,0.530212,3.72808e-05
nn,0.530309,3.89096e-05
nn,0.530407,4.06043e-05
nn,0.530504,4.23649e-05
nn,0.530602,4.41907e-05
nn,0.530699,4.6078e-05
nn,0.530797,4.80215e-05
nn,0.530894,5.00159e-05
nn,0.530991,5.20582e-05
nn,0.531089,5.41377e-05
nn,0.531186,5.62665e-05
nn,0.531284,5.8435e-05
nn,0.531381,6.06505e-05
nn,0.531479,6.292e-05
nn,0.531576,6.52442e-05
nn,0.531674,6.76267e-05
nn,0.531771,7.00683e-05
nn,0.531868,7.25671e-05
nn,0.531966,7.51211e-05
nn,0.532063,7.77274e-05
nn,0.532161,8.03811e-05
nn,0.532258,8.30804e-05
nn,0.532356,8.58217e-05
nn,0.532453,8.86044e-05
nn,0.532551,9.14299e-05
nn,0.532648,9.42994e-05
nn,0.532745,9.72157e-05
nn,0.532843,0.00010018
nn,0.53294,0.000103193
nn,0.533038,0.000106258
nn,0.533135,0.000109371
nn,0.533233,0.000112002
nn,0.53333,0.000114617
nn,0.533428,0.000117213
nn,0.533525,0.000119799
nn,0.533623,0.000122385
nn,0.53372,0.000125038
nn,0.533817,0.000127764
nn,0.533915,0.000130555
nn,0.534012,0.000133406
nn,0.53411,0.000136312
nn,0.534207,0.000139267
nn,0.534305,0.000142277
nn,0.534402,0.000145343
nn,0.5345,0.000148464
nn,0.534597,0.000151641
nn,0.534694,0.000154877
nn,0.534792,0.000158167
nn,0.534889,0.000161507
nn,0.534987,0.000164897
nn,0.535084,0.000168335
nn,0.535182,0.00017182
nn,0.535279,0.000175346
nn,0.535377,0.000178914
nn,0.535474,0.000182524
nn,0.535571,0.000186172
nn,0.535669,0.000189858
nn,0.535766,0.000193577
nn,0.535864,0.00019733
nn,0.535961,0.000201118
nn,0.536059,0.000204937
nn,0.536156,0.00020878
nn,0.536254,0.000212646
nn,0.536351,0.000216534
nn,0.536448,0.000220445
nn,0.536546,0.00022438
nn,0.536643,0.000228337
nn,0.536741,0.000232317
nn,0.536838,0.00023632
nn,0.536936,0.000240347
nn,0.537033,0.000244397
nn,0.537131,0.000248467
nn,0.537228,0.000252438
nn,0.537325,0.000256291
nn,0.537423,0.000260064
nn,0.53752,0.00026336
nn,0.537618,0.000266722
nn,0.537715,0.000270097
nn,0.537813,0.000273495
nn,0.53791,0.000276928
nn,0.538008,0.000280407
nn,0.538105,0.000283934
nn,0.538203,0.000287508
nn,0.5383,0.000291124
nn,0.538397,0.000294775
nn,0.538495,0.000298448
nn,0.538592,0.000302144
nn,0.53869,0.00030586
nn,0.538787,0.000309591
nn,0.538885,0.000313332
nn,0.538982,0.000317084
nn,0.53908,0.000320845
nn,0.539177,0.000324611
nn,0.539274,0.000328381
nn,0.539372,0.000332155
nn,0.539469,0.000335933
nn,0.539567,0.000339708
nn,0.539664,0.000343474
nn,0.539762,0.00034723
nn,0.539859,0.000350975
nn,0.539957,0.000354708
nn,0.540054,0.000358428
nn,0.540151,0.000362136
nn,0.540249,0.000365831
nn,0.540346,0.000369511
nn,0.540444,0.000373171
nn,0.540541,0.00037681
nn,0.540639,0.000380425
nn,0.540736,0.000384013
nn,0.540834,0.000387571
nn,0.540931,0.000391099
nn,0.541028,0.000394595
nn,0.541126,0.000398062
nn,0.541223,0.000401554
nn,0.541321,0.000404891
nn,0.541418,0.000408273
nn,0.541516,0.00041162
nn,0.541613,0.000414934
nn,0.541711,0.000418215
nn,0.541808,0.00042146
nn,0.541905,0.000424665
nn,0.542003,0.000427834
nn,0.5421,0.000430967
nn,0.542198,0.000434063
nn,0.542295,0.000437122
nn,0.542393,0.000440138
nn,0.54249,0.000443111
nn,0.542588,0.000446041
nn,0.542685,0.00044893
nn,0.542782,0.000451781
nn,0.54288,0.000454597
nn,0.542977,0.000457383
nn,0.543075,0.000460136
nn,0.543172,0.000462855
nn,0.54327,0.000465543
nn,0.543367,0.000468201
nn,0.543465,0.000470818
nn,0.543562,0.00047341
nn,0.54366,0.000475991
nn,0.543757,0.000478546
nn,0.543854,0.000481067
nn,0.543952,0.00048355
nn,0.544049,0.000485985
nn,0.544147,0.000488362
nn,0.544244,0.000490673
nn,0.544342,0.000492928
nn,0.544439,0.00049512
nn,0.544537,0.000497255
nn,0.544634,0.000499339
nn,0.544731,0.000501374
nn,0.544829,0.000503357
nn,0.544926,0.000505292
nn,0.545024,0.000507181
nn,0.545121,0.000509029
nn,0.545219,0.000510831
nn,0.545316,0.000512589
nn,0.545414,0.000514304
nn,0.545511,0.000515978
nn,0.545608,0.000517612
nn,0.545706,0.000519197
nn,0.545803,0.000520738
nn,0.545901,0.00052223
nn,0.545998,0.000523674
nn,0.546096,0.000525066
nn,0.546193,0.000526406
nn,0.546291,0.000527692
nn,0.546388,0.000528923
nn,0.546485,0.000530102
nn,0.546583,0.000531231
nn,0.54668,0.000532314
nn,0.546778,0.000533353
nn,0.546875,0.000534344
nn,0.546973,0.00053529
nn,0.54707,0.000536189
nn,0.547168,0.000537036
nn,0.547265,0.000537829
nn,0.547362,0.000538079
nn,0.54746,0.000538188
nn,0.547557,0.000538232
nn,0.547655,0.000538254
nn,0.547752,0.000538239
nn,0.54785,0.000538175
nn,0.547947,0.000538063
nn,0.548045,0.000537907
nn,0.548142,0.000537716
nn,0.54824,0.000537494
nn,0.548337,0.000537245
nn,0.548434,0.000536963
nn,0.548532,0.000536647
nn,0.548629,0.000536297
nn,0.548727,0.000535907
nn,0.548824,0.000535476
nn,0.548922,0.000535004
nn,0.549019,0.00053443
nn,0.549117,0.000533731
nn,0.549214,0.000532803
nn,0.549311,0.000531829
nn,0.549409,0.000530799
nn,0.549506,0.000529722
nn,0.549604,0.000528616
nn,0.549701,0.000527486
nn,0.549799,0.000526329
nn,0.549896,0.000525135
nn,0.549994,0.000523902
nn,0.550091,0.000522623
nn,0.550188,0.000521298
nn,0.550286,0.000519931
nn,0.550383,0.000518526
nn,0.550481,0.000517083
nn,0.550578,0.000515604
nn,0.550676,0.000514084
nn,0.550773,0.000512522
nn,0.550871,0.000510915
nn,0.550968,0.000509256
nn,0.551065,0.000507547
nn,0.551163,0.000505791
nn,0.55126,0.000503984
nn,0.551358,0.00050213
nn,0.551455,0.000500226
nn,0.551553,0.000498271
nn,0.55165,0.000496265
nn,0.551748,0.000494208
nn,0.551845,0.000492098
nn,0.551942,0.000489936
nn,0.55204,0.000487716
nn,0.552137,0.000485439
nn,0.552235,0.000483103
nn,0.552332,0.000480707
nn,0.55243,0.000478256
nn,0.552527,0.000475754
nn,0.552625,0.000473184
nn,0.552722,0.000470575
nn,0.55282,0.000467926
nn,0.552917,0.000465233
nn,0.553014,0.000462493
nn,0.553112,0.000459711
nn,0.553209,0.000456892
nn,0.553307,0.000454039
nn,0.553404,0.000451153
nn,0.553502,0.000448234
nn,0.553599,0.000445275
nn,0.553697,0.000442274
nn,0.553794,0.000439232
nn,0.553891,0.000436153
nn,0.553989,0.000433039
nn,0.554086,0.000429891
nn,0.554184,0.00042671
nn,0.554281,0.000423499
nn,0.554379,0.000420257
nn,0.554476,0.000416986
nn,0.554574,0.000413691
nn,0.554671,0.00041037
nn,0.554768,0.000407006
nn,0.554866,0.000403607
nn,0.554963,0.000400183
nn,0.555061,0.000396732
nn,0.555158,0.000393258
nn,0.555256,0.000389762
nn,0.555353,0.000386244
nn,0.555451,0.000382705
nn,0.555548,0.000379148
nn,0.555645,0.000375574
nn,0.555743,0.000371988
nn,0.55584,0.000368397
nn,0.555938,0.000364798
nn,0.556035,0.000361188
nn,0.556133,0.000357567
nn,0.55623,0.000353934
nn,0.556328,0.000350293
nn,0.556425,0.000346638
nn,0.556522,0.000342984
nn,0.55662,0.000339324
nn,0.556717,0.000335655
nn,0.556815,0.000331974
nn,0.556912,0.000328283
nn,0.55701,0.000324585
nn,0.557107,0.00032088
nn,0.557205,0.000317168
nn,0.557302,0.000313443
nn,0.5574,0.000309708
nn,0.557497,0.000305968
nn,0.557594,0.000302221
nn,0.557692,0.000298473
nn,0.557789,0.000294732
nn,0.557887,0.000291005
nn,0.557984,0.000287298
nn,0.558082,0.000283608
nn,0.558179,0.000279936
nn,0.558277,0.000276277
nn,0.558374,0.000272629
nn,0.558471,0.000268988
nn,0.558569,0.000265354
nn,0.558666,0.000261727
nn,0.558764,0.000258112
nn,0.558861,0.000253945
nn,0.558959,0.0002497
nn,0.559056,0.000245389
nn,0.559154,0.000241025
nn,0.559251,0.00023671
nn,0.559348,0.000232434
nn,0.559446,0.000228194
nn,0.559543,0.000223991
nn,0.559641,0.000219817
nn,0.559738,0.00021567
nn,0.559836,0.000211553
nn,0.559933,0.000207475
nn,0.560031,0.000203439
nn,0.560128,0.000199447
nn,0.560225,0.000195497
nn,0.560323,0.000191592
nn,0.56042,0.000187728
nn,0.560518,0.000183907
nn,0.560615,0.000180127
nn,0.560713,0.00017639
nn,0.56081,0.000172694
nn,0.560908,0.000169037
nn,0.561005,0.000165416
nn,0.561102,0.000161833
nn,0.5612,0.000158291
nn,0.561297,0.000154783
nn,0.561395,0.000151311
nn,0.561492,0.000147877
nn,0.56159,0.000144477
nn,0.561687,0.000141113
nn,0.561785,0.000137786
nn,0.561882,0.000134496
nn,0.56198,0.000131245
nn,0.562077,0.000128034
nn,0.562174,0.000124862
nn,0.562272,0.00012173
nn,0.562369,0.000118639
nn,0.562467,0.000115589
nn,0.562564,0.000112581
nn,0.562662,0.000109617
nn,0.562759,0.0001067
nn,0.562857,0.000103802
nn,0.562954,0.000100905
nn,0.563051,9.80109e-05
nn,0.563149,9.51241e-05
nn,0.563246,9.20693e-05
nn,0.563344,8.90712e-05
nn,0.563441,8.61249e-05
nn,0.563539,8.32329e-05
nn,0.563636,8.03995e-05
nn,0.563734,7.76284e-05
nn,0.563831,7.49199e-05
nn,0.563928,7.22727e-05
nn,0.564026,6.96847e-05
nn,0.564123,6.71545e-05
nn,0.564221,6.46813e-05
nn,0.564318,6.22642e-05
nn,0.564416,5.99032e-05
nn,0.564513,5.75995e-05
nn,0.564611,5.53542e-05
nn,0.564708,5.31675e-05
nn,0.564805,5.10475e-05
nn,0.564903,4.89761e-05
nn,0.565,4.69786e-05
nn,0.565098,4.50467e-05
nn,0.565195,4.31807e-05
nn,0.565293,4.13807e-05
nn,0.56539,3.96456e-05
nn,0.565488,3.79745e-05
nn,0.565585,3.63666e-05
nn,0.565682,3.48205e-05
nn,0.56578,3.33348e-05
nn,0.565877,3.19087e-05
nn,0.565975,3.05407e-05
nn,0.566072,2.92307e-05
nn,0.56617,2.79776e-05
nn,0.566267,2.67811e-05
nn,0.566365,2.56396e-05
nn,0.566462,2.45557e-05
nn,0.566559,2.35289e-05
nn,0.566657,2.25612e-05
nn,0.566754,2.16486e-05
nn,0.566852,2.07991e-05
nn,0.566949,2.00075e-05
nn,0.567047,1.92697e-05
nn,0.567144,1.85819e-05
nn,0.567242,1.79454e-05
nn,0.567339,1.73639e-05
nn,0.567437,1.68387e-05
nn,0.567534,1.63723e-05
nn,0.567631,1.59653e-05
nn,0.567729,1.56176e-05
nn,0.567826,1.53289e-05
nn,0.567924,1.51e-05
nn,0.568021,1.49306e-05
nn,0.568119,1.48222e-05
nn,0.568216,1.47745e-05
nn,0.568314,1.47902e-05
nn,0.568411,1.487e-05
nn,0.568508,1.50154e-05
nn,0.568606,1.52271e-05
nn,0.568703,1.5506e-05
nn,0.568801,1.58512e-05
nn,0.568898,1.62622e-05
nn,0.568996,1.67377e-05
nn,0.569093,1.72761e-05
nn,0.569191,1.78753e-05
nn,0.569288,1.85334e-05
nn,0.569385,1.92481e-05
nn,0.569483,2.00178e-05
nn,0.56958,2.08412e-05
nn,0.569678,2.17175e-05
nn,0.569775,2.26461e-05
nn,0.569873,2.36278e-05
nn,0.56997,2.4664e-05
nn,0.570068,2.57555e-05
nn,0.570165,2.69027e-05
nn,0.570262,2.81064e-05
nn,0.57036,2.93667e-05
nn,0.570457,3.06842e-05
nn,0.570555,3.2059e-05
nn,0.570652,3.34913e-05
nn,0.57075,3.49821e-05
nn,0.570847,3.65335e-05
nn,0.570945,3.81452e-05
nn,0.571042,3.9818e-05
nn,0.571139,4.15533e-05
nn,0.571237,4.33504e-05
nn,0.571334,4.5209e-05
nn,0.571432,4.71267e-05
nn,0.571529,4.91062e-05
nn,0.571627,5.11479e-05
nn,0.571724,5.32531e-05
nn,0.571822,5.5419e-05
nn,0.571919,5.76447e-05
nn,0.572017,5.9923e-05
nn,0.572114,6.225e-05
nn,0.572211,6.46192e-05
nn,0.572309,6.70224e-05
nn,0.572406,6.94665e-05
nn,0.572504,7.19445e-05
nn,0.572601,7.44686e-05
nn,0.572699,7.70351e-05
nn,0.572796,7.96534e-05
nn,0.572894,8.23282e-05
nn,0.572991,8.50622e-05
nn,0.573088,8.78543e-05
nn,0.573186,9.07037e-05
nn,0.573283,9.36085e-05
nn,0.573381,9.6565e-05
nn,0.573478,9.95687e-05
nn,0.573576,0.000102617
nn,0.573673,0.000105707
nn,0.573771,0.000108838
nn,0.573868,0.000112011
nn,0.573965,0.000115227
nn,0.574063,0.000118487
nn,0.57416,0.000121794
nn,0.574258,0.00012472
nn,0.574355,0.000127607
nn,0.574453,0.000130451
nn,0.57455,0.000133267
nn,0.574648,0.000136085
nn,0.574745,0.000138958
nn,0.574842,0.000141902
nn,0.57494,0.000144903
nn,0.575037,0.000147956
nn,0.575135,0.000151059
nn,0.575232,0.000154215
nn,0.57533,0.000157424
nn,0.575427,0.000160686
nn,0.575525,0.000164001
nn,0.575622,0.000167369
nn,0.575719,0.000170789
nn,0.575817,0.000174256
nn,0.575914,0.00017777
nn,0.576012,0.000181329
nn,0.576109,0.000184932
nn,0.576207,0.000188567
nn,0.576304,0.000192239
nn,0.576402,0.000195947
nn,0.576499,0.000199688
nn,0.576597,0.00020346
nn,0.576694,0.000207261
nn,0.576791,0.000211088
nn,0.576889,0.00021494
nn,0.576986,0.000218814
nn,0.577084,0.00022271
nn,0.577181,0.000226629
nn,0.577279,0.000230572
nn,0.577376,0.000234521
nn,0.577474,0.000238372
nn,0.577571,0.000242125
nn,0.577668,0.000245782
nn,0.577766,0.000249028
nn,0.577863,0.0002523
nn,0.577961,0.00025559
nn,0.578058,0.000258904
nn,0.578156,0.000262246
nn,0.578253,0.000265634
nn,0.578351,0.000269072
nn,0.578448,0.000272561
nn,0.578545,0.000276097
nn,0.578643,0.000279677
nn,0.57874,0.000283296
nn,0.578838,0.000286948
nn,0.578935,0.000290673
nn,0.579033,0.000294313
nn,0.57913,0.000298028
nn,0.579228,0.000301754
nn,0.579325,0.000305492
nn,0.579422,0.000309239
nn,0.57952,0.000312997
nn,0.579617,0.000316763
nn,0.579715,0.000320533
nn,0.579812,0.000324306
nn,0.57991,0.000328077
nn,0.580007,0.000331841
nn,0.580105,0.000335597
nn,0.580202,0.000339339
nn,0.580299,0.000343068
nn,0.580397,0.000346784
nn,0.580494,0.000350491
nn,0.580592,0.000354188
nn,0.580689,0.000357875
nn,0.580787,0.000361551
nn,0.580884,0.000365214
nn,0.580982,0.000368862
nn,0.581079,0.000372493
nn,0.581177,0.000376102
nn,0.581274,0.000379688
nn,0.581371,0.000383248
nn,0.581469,0.000386774
nn,0.581566,0.000390271
nn,0.581664,0.000393743
nn,0.581761,0.000397237
nn,0.581859,0.000400578
nn,0.581956,0.000403962
nn,0.582054,0.000407318
nn,0.582151,0.000410643
nn,0.582248,0.000413936
nn,0.582346,0.000417195
nn,0.582443,0.00042042
nn,0.582541,0.000423607
nn,0.582638,0.000426752
nn,0.582736,0.000429853
nn,0.582833,0.00043291
nn,0.582931,0.00043592
nn,0.583028,0.000438882
nn,0.583125,0.000441798
nn,0.583223,0.000444672
nn,0.58332,0.000447511
nn,0.583418,0.000450316
nn,0.583515,0.000453088
nn,0.583613,0.000455826
nn,0.58371,0.000458533
nn,0.583808,0.000461205
nn,0.583905,0.000463842
nn,0.584002,0.000466439
nn,0.5841,0.000469007
nn,0.584197,0.000471545
nn,0.584295,0.000474038
nn,0.584392,0.000476493
nn,0.58449,0.00047892
nn,0.584587,0.000481311
nn,0.584685,0.000483665
nn,0.584782,0.000485971
nn,0.584879,0.000488226
nn,0.584977,0.000490431
nn,0.585074,0.000492576
nn,0.585172,0.000494666
nn,0.585269,0.000496698
nn,0.585367,0.000498686
nn,0.585464,0.000500629
nn,0.585562,0.000502524
nn,0.585659,0.000504372
nn,0.585756,0.000506173
nn,0.585854,0.000507937
nn,0.585951,0.000509659
nn,0.586049,0.000511345
nn,0.586146,0.000512993
nn,0.586244,0.0005146
nn,0.586341,0.000516164
nn,0.586439,0.000517683
nn,0.586536,0.000519152
nn,0.586634,0.00052057
nn,0.586731,0.000521938
nn,0.586828,0.000523256
nn,0.586926,0.000524531
nn,0.587023,0.000525763
nn,0.587121,0.00052695
nn,0.587218,0.000528089
nn,0.587316,0.000529179
nn,0.587413,0.000530219
nn,0.587511,0.000531213
nn,0.587608,0.000531662
nn,0.587705,0.000531967
nn,0.587803,0.0005322
nn,0.5879,0.000532413
nn,0.587998,0.000532591
nn,0.588095,0.000532732
nn,0.588193,0.000532834
nn,0.58829,0.000532892
nn,0.588388,0.000532912
nn,0.588485,0.000532902
nn,0.588582,0.000532865
nn,0.58868,0.000532802
nn,0.588777,0.000532701
nn,0.588875,0.000532562
nn,0.588972,0.00053238
nn,0.58907,0.000532153
nn,0.589167,0.000531886
nn,0.589265,0.00053158
nn,0.589362,0.000531236
nn,0.589459,0.000530845
nn,0.589557,0.000530405
nn,0.589654,0.000529916
nn,0.589752,0.000529307
nn,0.589849,0.000528563
nn,0.589947,0.000527612
nn,0.590044,0.000526616
nn,0.590142,0.000525575
nn,0.590239,0.000524497
nn,0.590336,0.000523384
nn,0.590434,0.000522234
nn,0.590531,0.000521045
nn,0.590629,0.000519818
nn,0.590726,0.00051855
nn,0.590824,0.000517243
nn,0.590921,0.000515897
nn,0.591019,0.000514514
nn,0.591116,0.000513088
nn,0.591214,0.000511618
nn,0.591311,0.000510096
nn,0.591408,0.000508523
nn,0.591506,0.000506898
nn,0.591603,0.000505226
nn,0.591701,0.000503505
nn,0.591798,0.00050174
nn,0.591896,0.000499939
nn,0.591993,0.00049808
nn,0.592091,0.000496169
nn,0.592188,0.000494211
nn,0.592285,0.000492204
nn,0.592383,0.000490145
nn,0.59248,0.000488037
nn,0.592578,0.000485876
nn,0.592675,0.00048366
nn,0.592773,0.000481386
nn,0.59287,0.00047905
nn,0.592968,0.000476656
nn,0.593065,0.000474205
nn,0.593162,0.000471698
nn,0.59326,0.00046914
nn,0.593357,0.00046654
nn,0.593455,0.000463901
nn,0.593552,0.000461218
nn,0.59365,0.000458486
nn,0.593747,0.00045571
nn,0.593845,0.000452893
nn,0.593942,0.000450038
nn,0.594039,0.000447145
nn,0.594137,0.000444215
nn,0.594234,0.000441247
nn,0.594332,0.000438241
nn,0.594429,0.000435195
nn,0.594527,0.000432114
nn,0.594624,0.000429001
nn,0.594722,0.000425862
nn,0.594819,0.000422694
nn,0.594916,0.000419497
nn,0.595014,0.000416274
nn,0.595111,0.000413022
nn,0.595209,0.000409736
nn,0.595306,0.000406404
nn,0.595404,0.000403044
nn,0.595501,0.000399661
nn,0.595599,0.000396247
nn,0.595696,0.000392803
nn,0.595794,0.000389334
nn,0.595891,0.000385839
nn,0.595988,0.000382319
nn,0.596086,0.000378775
nn,0.596183,0.000375212
nn,0.596281,0.000371635
nn,0.596378,0.000368049
nn,0.596476,0.000364456
nn,0.596573,0.000360855
nn,0.596671,0.000357244
nn,0.596768,0.000353625
nn,0.596865,0.000349999
nn,0.596963,0.000346366
nn,0.59706,0.000342728
nn,0.597158,0.000339083
nn,0.597255,0.000335429
nn,0.597353,0.000331766
nn,0.59745,0.000328095
nn,0.597548,0.000324412
nn,0.597645,0.000320717
nn,0.597742,0.000317012
nn,0.59784,0.000313304
nn,0.597937,0.000309594
nn,0.598035,0.000305875
nn,0.598132,0.000302151
nn,0.59823,0.00029842
nn,0.598327,0.000294677
nn,0.598425,0.000290924
nn,0.598522,0.000287168
nn,0.598619,0.000283416
nn,0.598717,0.000279674
nn,0.598814,0.000275948
nn,0.598912,0.00027224
nn,0.599009,0.000268554
nn,0.599107,0.00026489
nn,0.599204,0.000261247
nn,0.599302,0.000257636
nn,0.599399,0.000254029
nn,0.599496,0.00025044
nn,0.599594,0.000246869
nn,0.599691,0.000243311
nn,0.599789,0.000239766
nn,0.599886,0.000235741
nn,0.599984,0.000231626
nn,0.600081,0.000227424
nn,0.600179,0.000223153
nn,0.600276,0.000218871
nn,0.600374,0.000214631
nn,0.600471,0.000210438
nn,0.600568,0.000206294
nn,0.600666,0.000202191
nn,0.600763,0.000198128
nn,0.600861,0.000194108
nn,0.600958,0.000190132
nn,0.601056,0.000186201
nn,0.601153,0.00018232
nn,0.601251,0.000178488
nn,0.601348,0.000174707
nn,0.601445,0.000170972
nn,0.601543,0.000167283
nn,0.60164,0.000163637
nn,0.601738,0.000160034
nn,0.601835,0.000156477
nn,0.601933,0.000152962
nn,0.60203,0.000149491
nn,0.602128,0.000146056
nn,0.602225,0.000142662
nn,0.602322,0.000139307
nn,0.60242,0.000135993
nn,0.602517,0.00013272
nn,0.602615,0.000129488
nn,0.602712,0.000126295
nn,0.60281,0.000123141
nn,0.602907,0.000120023
nn,0.603005,0.0001169
nn,0.603102,0.000113776
nn,0.603199,0.00011065
nn,0.603297,0.00010753
nn,0.603394,0.000104277
nn,0.603492,0.000101077
nn,0.603589,9.79296e-05
nn,0.603687,9.48404e-05
nn,0.603784,9.18162e-05
nn,0.603882,8.88619e-05
nn,0.603979,8.59784e-05
nn,0.604076,8.31649e-05
nn,0.604174,8.04191e-05
nn,0.604271,7.77384e-05
nn,0.604369,7.51252e-05
nn,0.604466,7.25647e-05
nn,0.604564,7.00617e-05
nn,0.604661,6.76129e-05
nn,0.604759,6.52161e-05
nn,0.604856,6.28702e-05
nn,0.604953,6.05735e-05
nn,0.605051,5.83265e-05
nn,0.605148,5.61292e-05
nn,0.605246,5.39845e-05
nn,0.605343,5.18994e-05
nn,0.605441,4.98597e-05
nn,0.605538,4.78882e-05
nn,0.605636,4.59795e-05
nn,0.605733,4.41341e-05
nn,0.605831,4.23522e-05
nn,0.605928,4.0634e-05
nn,0.606025,3.89779e-05
nn,0.606123,3.73836e-05
nn,0.60622,3.58501e-05
nn,0.606318,3.43763e-05
nn,0.606415,3.29617e-05
nn,0.606513,3.16063e-05
nn,0.60661,3.03096e-05
nn,0.606708,2.90715e-05
nn,0.606805,2.78907e-05
nn,0.606902,2.67666e-05
nn,0.607,2.56975e-05
nn,0.607097,2.46837e-05
nn,0.607195,2.37239e-05
nn,0.607292,2.28204e-05
nn,0.60739,2.19722e-05
nn,0.607487,2.11827e-05
nn,0.607585,2.04496e-05
nn,0.607682,1.97667e-05
nn,0.607779,1.91312e-05
nn,0.607877,1.85462e-05
nn,0.607974,1.80156e-05
nn,0.608072,1.75413e-05
nn,0.608169,1.71251e-05
nn,0.608267,1.6768e-05
nn,0.608364,1.64695e-05
nn,0.608462,1.62281e-05
nn,0.608559,1.60466e-05
nn,0.608656,1.59248e-05
nn,0.608754,1.58653e-05
nn,0.608851,1.58678e-05
nn,0.608949,1.59332e-05
nn,0.609046,1.6061e-05
nn,0.609144,1.62529e-05
nn,0.609241,1.65078e-05
nn,0.609339,1.68274e-05
nn,0.609436,1.72084e-05
nn,0.609533,1.76528e-05
nn,0.609631,1.81585e-05
nn,0.609728,1.8728e-05
nn,0.609826,1.93607e-05
nn,0.609923,2.00575e-05
nn,0.610021,2.08159e-05
nn,0.610118,2.1637e-05
nn,0.610216,2.25175e-05
nn,0.610313,2.34582e-05
nn,0.610411,2.44558e-05
nn,0.610508,2.55105e-05
nn,0.610605,2.66189e-05
nn,0.610703,2.77813e-05
nn,0.6108,2.89958e-05
nn,0.610898,3.02635e-05
nn,0.610995,3.15842e-05
nn,0.611093,3.29614e-05
nn,0.61119,3.43954e-05
nn,0.611288,3.58896e-05
nn,0.611385,3.74433e-05
nn,0.611482,3.90591e-05
nn,0.61158,4.07351e-05
nn,0.611677,4.24731e-05
nn,0.611775,4.42641e-05
nn,0.611872,4.6122e-05
nn,0.61197,4.80331e-05
nn,0.612067,5.00105e-05
nn,0.612165,5.20389e-05
nn,0.612262,5.41322e-05
nn,0.612359,5.62749e-05
nn,0.612457,5.84713e-05
nn,0.612554,6.07209e-05
nn,0.612652,6.30227e-05
nn,0.612749,6.53726e-05
nn,0.612847,6.77725e-05
nn,0.612944,7.02207e-05
nn,0.613042,7.27178e-05
nn,0.613139,7.52623e-05
nn,0.613236,7.78541e-05
nn,0.613334,8.04928e-05
nn,0.613431,8.31784e-05
nn,0.613529,8.59115e-05
nn,0.613626,8.86918e-05
nn,0.613724,9.15197e-05
nn,0.613821,9.43954e-05
nn,0.613919,9.73188e-05
nn,0.614016,9.982e-05
nn,0.614113,0.000102316
nn,0.614211,0.000104801
nn,0.614308,0.000107283
nn,0.614406,0.000109771
nn,0.614503,0.000112271
nn,0.614601,0.000114806
nn,0.614698,0.00011741
nn,0.614796,0.000120081
nn,0.614893,0.000122813
nn,0.614991,0.000125603
nn,0.615088,0.000128449
nn,0.615185,0.000131347
nn,0.615283,0.000134298
nn,0.61538,0.0001373
nn,0.615478,0.000140352
nn,0.615575,0.000143454
nn,0.615673,0.000146609
nn,0.61577,0.000149811
nn,0.615868,0.000153061
nn,0.615965,0.000156356
nn,0.616062,0.000159699
nn,0.61616,0.000163087
nn,0.616257,0.000166521
nn,0.616355,0.000169999
nn,0.616452,0.00017352
nn,0.61655,0.000177076
nn,0.616647,0.000180672
nn,0.616745,0.000184305
nn,0.616842,0.000187974
nn,0.616939,0.000191678
nn,0.617037,0.000195417
nn,0.617134,0.000199185
nn,0.617232,0.00020298
nn,0.617329,0.000206796
nn,0.617427,0.000210634
nn,0.617524,0.000214493
nn,0.617622,0.000218375
nn,0.617719,0.000222279
nn,0.617816,0.000226205
nn,0.617914,0.000230154
nn,0.618011,0.000234126
nn,0.618109,0.000238119
nn,0.618206,0.000242017
nn,0.618304,0.000245797
nn,0.618401,0.000249463
nn,0.618499,0.000252717
nn,0.618596,0.000255988
nn,0.618693,0.000259273
nn,0.618791,0.000262585
nn,0.618888,0.000265935
nn,0.618986,0.000269369
nn,0.619083,0.000272769
nn,0.619181,0.000276265
nn,0.619278,0.000279804
nn,0.619376,0.000283381
nn,0.619473,0.000286992
nn,0.619571,0.00029063
nn,0.619668,0.000294291
nn,0.619765,0.00029797
nn,0.619863,0.000301664
nn,0.61996,0.000305372
nn,0.620058,0.000309092
nn,0.620155,0.000312823
nn,0.620253,0.00031656
nn,0.62035,0.000320303
nn,0.620448,0.000324051
nn,0.620545,0.000327804
nn,0.620642,0.000331554
nn,0.62074,0.000335297
nn,0.620837,0.000339031
nn,0.620935,0.000342755
nn,0.621032,0.000346469
nn,0.62113,0.000350171
nn,0.621227,0.000353858
nn,0.621325,0.000357529
nn,0.621422,0.000361179
nn,0.621519,0.000364808
nn,0.621617,0.000368412
nn,0.621714,0.000371991
nn,0.621812,0.000375544
nn,0.621909,0.000379068
nn,0.622007,0.000382564
nn,0.622104,0.000386033
nn,0.622202,0.000389476
nn,0.622299,0.000392895
nn,0.622396,0.000396292
nn,0.622494,0.000399663
nn,0.622591,0.000403009
nn,0.622689,0.000406317
nn,0.622786,0.000409593
nn,0.622884,0.000412839
nn,0.622981,0.000416045
nn,0.623079,0.000419208
nn,0.623176,0.000422328
nn,0.623273,0.000425407
nn,0.623371,0.000428446
nn,0.623468,0.00043144
nn,0.623566,0.000434393
nn,0.623663,0.000437304
nn,0.623761,0.000440172
nn,0.623858,0.000443
nn,0.623956,0.000445789
nn,0.624053,0.000448548
nn,0.62415,0.000451274
nn,0.624248,0.000453964
nn,0.624345,0.000456622
nn,0.624443,0.000459253
nn,0.62454,0.000461841
nn,0.624638,0.000464404
nn,0.624735,0.000466962
nn,0.624833,0.000469501
nn,0.62493,0.000472011
nn,0.625028,0.000474485
nn,0.625125,0.000476918
nn,0.625222,0.000479299
nn,0.62532,0.000481622
nn,0.625417,0.000483886
nn,0.625515,0.000486092
nn,0.625612,0.000488244
nn,0.62571,0.000490347
nn,0.625807,0.000492403
nn,0.625905,0.000494414
nn,0.626002,0.000496375
nn,0.626099,0.00049829
nn,0.626197,0.000500163
nn,0.626294,0.000501995
nn,0.626392,0.000503784
nn,0.626489,0.000505528
nn,0.626587,0.000507232
nn,0.626684,0.000508896
nn,0.626782,0.000510521
nn,0.626879,0.000512105
nn,0.626976,0.000513646
nn,0.627074,0.000515141
nn,0.627171,0.000516591
nn,0.627269,0.000517991
nn,0.627366,0.000519341
nn,0.627464,0.000520641
nn,0.627561,0.000521891
nn,0.627659,0.00052309
nn,0.627756,0.00052424
nn,0.627853,0.000525343
nn,0.627951,0.000526402
nn,0.628048,0.000527413
nn,0.628146,0.000528374
nn,0.628243,0.000529284
nn,0.628341,0.000529745
nn,0.628438,0.000530053
nn,0.628536,0.000530224
nn,0.628633,0.000530363
nn,0.62873,0.000530469
nn,0.628828,0.000530542
nn,0.628925,0.000530574
nn,0.629023,0.000530563
nn,0.62912,0.000530508
nn,0.629218,0.000530417
nn,0.629315,0.000530294
nn,0.629413,0.000530137
nn,0.62951,0.000529935
nn,0.629608,0.000529686
nn,0.629705,0.000529398
nn,0.629802,0.000529076
nn,0.6299,0.000528718
nn,0.629997,0.00052832
nn,0.630095,0.000527879
nn,0.630192,0.000527388
nn,0.63029,0.000526772
nn,0.630387,0.000526029
nn,0.630485,0.000525054
nn,0.630582,0.000524026
nn,0.630679,0.000522948
nn,0.630777,0.000521834
nn,0.630874,0.00052069
nn,0.630972,0.000519517
nn,0.631069,0.000518315
nn,0.631167,0.000517078
nn,0.631264,0.000515802
nn,0.631362,0.000514484
nn,0.631459,0.000513125
nn,0.631556,0.000511727
nn,0.631654,0.000510289
nn,0.631751,0.00050881
nn,0.631849,0.000507289
nn,0.631946,0.000505723
nn,0.632044,0.000504113
nn,0.632141,0.000502454
nn,0.632239,0.000500748
nn,0.632336,0.000498997
nn,0.632433,0.000497203
nn,0.632531,0.000495364
nn,0.632628,0.000493483
nn,0.632726,0.000491557
nn,0.632823,0.000489585
nn,0.632921,0.000487565
nn,0.633018,0.0004855
nn,0.633116,0.000483384
nn,0.633213,0.000481215
nn,0.63331,0.000478989
nn,0.633408,0.000476703
nn,0.633505,0.000474359
nn,0.633603,0.000471958
nn,0.6337,0.000469503
nn,0.633798,0.000466977
nn,0.633895,0.00046441
nn,0.633993,0.000461798
nn,0.63409,0.000459142
nn,0.634188,0.000456441
nn,0.634285,0.000453698
nn,0.634382,0.00045092
nn,0.63448,0.000448108
nn,0.634577,0.000445265
nn,0.634675,0.000442392
nn,0.634772,0.000439495
nn,0.63487,0.00043655
nn,0.634967,0.000433569
nn,0.635065,0.000430553
nn,0.635162,0.000427505
nn,0.635259,0.000424426
nn,0.635357,0.000421314
nn,0.635454,0.000418171
nn,0.635552,0.000415001
nn,0.635649,0.000411805
nn,0.635747,0.00040858
nn,0.635844,0.000405318
nn,0.635942,0.000402024
nn,0.636039,0.000398693
nn,0.636136,0.000395317
nn,0.636234,0.000391903
nn,0.636331,0.000388478
nn,0.636429,0.000385035
nn,0.636526,0.000381572
nn,0.636624,0.000378094
nn,0.636721,0.000374601
nn,0.636819,0.000371092
nn,0.636916,0.000367566
nn,0.637013,0.000364027
nn,0.637111,0.000360478
nn,0.637208,0.000356922
nn,0.637306,0.000353356
nn,0.637403,0.000349779
nn,0.637501,0.000346192
nn,0.637598,0.000342597
nn,0.637696,0.000338997
nn,0.637793,0.000335397
nn,0.63789,0.000331784
nn,0.637988,0.000328168
nn,0.638085,0.000324544
nn,0.638183,0.000320914
nn,0.63828,0.000317277
nn,0.638378,0.000313631
nn,0.638475,0.000309976
nn,0.638573,0.000306303
nn,0.63867,0.000302623
nn,0.638768,0.000298938
nn,0.638865,0.000295248
nn,0.638962,0.000291556
nn,0.63906,0.000287873
nn,0.639157,0.000284205
nn,0.639255,0.000280558
nn,0.639352,0.000276927
nn,0.63945,0.000273313
nn,0.639547,0.000269709
nn,0.639645,0.000266116
nn,0.639742,0.00026253
nn,0.639839,0.000258954
nn,0.639937,0.00025539
nn,0.640034,0.000251844
nn,0.640132,0.000247764
nn,0.640229,0.000243611
nn,0.640327,0.000239394
nn,0.640424,0.000235129
nn,0.640522,0.000230882
nn,0.640619,0.000226671
nn,0.640716,0.000222502
nn,0.640814,0.000218366
nn,0.640911,0.000214262
nn,0.641009,0.000210191
nn,0.641106,0.000206154
nn,0.641204,0.000202155
nn,0.641301,0.000198196
nn,0.641399,0.00019428
nn,0.641496,0.000190409
nn,0.641593,0.000186584
nn,0.641691,0.000182805
nn,0.641788,0.000179072
nn,0.641886,0.00017538
nn,0.641983,0.00017173
nn,0.642081,0.000168121
nn,0.642178,0.000164551
nn,0.642276,0.000161019
nn,0.642373,0.000157525
nn,0.64247,0.00015407
nn,0.642568,0.000150651
nn,0.642665,0.000147268
nn,0.642763,0.000143921
nn,0.64286,0.000140608
nn,0.642958,0.000137331
nn,0.643055,0.00013409
nn,0.643153,0.000130885
nn,0.64325,0.000127719
nn,0.643347,0.00012459
nn,0.643445,0.000121501
nn,0.643542,0.000118449
nn,0.64364,0.000115436
nn,0.643737,0.000112465
nn,0.643835,0.000109536
nn,0.643932,0.000106646
nn,0.64403,0.000103757
nn,0.644127,0.000100874
nn,0.644225,9.79966e-05
nn,0.644322,9.51287e-05
nn,0.644419,9.211e-05
nn,0.644517,8.91447e-05
nn,0.644614,8.62292e-05
nn,0.644712,8.3368e-05
nn,0.644809,8.05665e-05
nn,0.644907,7.78281e-05
nn,0.645004,7.51544e-05
nn,0.645102,7.25439e-05
nn,0.645199,6.99937e-05
nn,0.645296,6.75009e-05
nn,0.645394,6.50637e-05
nn,0.645491,6.26812e-05
nn,0.645589,6.03531e-05
nn,0.645686,5.80808e-05
nn,0.645784,5.58666e-05
nn,0.645881,5.37201e-05
nn,0.645979,5.16172e-05
nn,0.646076,4.95847e-05
nn,0.646173,4.76148e-05
nn,0.646271,4.57077e-05
nn,0.646368,4.38646e-05
nn,0.646466,4.20832e-05
nn,0.646563,4.03641e-05
nn,0.646661,3.87058e-05
nn,0.646758,3.71076e-05
nn,0.646856,3.55687e-05
nn,0.646953,3.40893e-05
nn,0.64705,3.26687e-05
nn,0.647148,3.13066e-05
nn,0.647245,3.00025e-05
nn,0.647343,2.87569e-05
nn,0.64744,2.75704e-05
nn,0.647538,2.64433e-05
nn,0.647635,2.53765e-05
nn,0.647733,2.43648e-05
nn,0.64783,2.34139e-05
nn,0.647927,2.25212e-05
nn,0.648025,2.16864e-05
nn,0.648122,2.09101e-05
nn,0.64822,2.01916e-05
nn,0.648317,1.95307e-05
nn,0.648415,1.89266e-05
nn,0.648512,1.83785e-05
nn,0.64861,1.78855e-05
nn,0.648707,1.74478e-05
nn,0.648805,1.70649e-05
nn,0.648902,1.67384e-05
nn,0.648999,1.64688e-05
nn,0.649097,1.62584e-05
nn,0.649194,1.61077e-05
nn,0.649292,1.60195e-05
nn,0.649389,1.59942e-05
nn,0.649487,1.60328e-05
nn,0.649584,1.61357e-05
nn,0.649682,1.6304e-05
nn,0.649779,1.65385e-05
nn,0.649876,1.68382e-05
nn,0.649974,1.71992e-05
nn,0.650071,1.76202e-05
nn,0.650169,1.81045e-05
nn,0.650266,1.8653e-05
nn,0.650364,1.92642e-05
nn,0.650461,1.99372e-05
nn,0.650559,2.06701e-05
nn,0.650656,2.14617e-05
nn,0.650753,2.23095e-05
nn,0.650851,2.32117e-05
nn,0.650948,2.4167e-05
nn,0.651046,2.51741e-05
nn,0.651143,2.62322e-05
nn,0.651241,2.73411e-05
nn,0.651338,2.85029e-05
nn,0.651436,2.97155e-05
nn,0.651533,3.09813e-05
nn,0.65163,3.22986e-05
nn,0.651728,3.36678e-05
nn,0.651825,3.50928e-05
nn,0.651923,3.65747e-05
nn,0.65202,3.81148e-05
nn,0.652118,3.97134e-05
nn,0.652215,4.13741e-05
nn,0.652313,4.30982e-05
nn,0.65241,4.48868e-05
nn,0.652507,4.67388e-05
nn,0.652605,4.86499e-05
nn,0.652702,5.06201e-05
nn,0.6528,5.26405e-05
nn,0.652897,5.47139e-05
nn,0.652995,5.68319e-05
nn,0.653092,5.90013e-05
nn,0.65319,6.12162e-05
nn,0.653287,6.34853e-05
nn,0.653385,6.58022e-05
nn,0.653482,6.81717e-05
nn,0.653579,7.0594e-05
nn,0.653677,7.30699e-05
nn,0.653774,7.55971e-05
nn,0.653872,7.81739e-05
nn,0.653969,8.07969e-05
nn,0.654067,8.34635e-05
nn,0.654164,8.61743e-05
nn,0.654262,8.89275e-05
nn,0.654359,9.17255e-05
nn,0.654456,9.45677e-05
nn,0.654554,9.74588e-05
nn,0.654651,0.000100398
nn,0.654749,0.00010339
nn,0.654846,0.000106434
nn,0.654944,0.000109529
nn,0.655041,0.000112674
nn,0.655139,0.000115427
nn,0.655236,0.000118153
nn,0.655333,0.000120847
nn,0.655431,0.000123523
nn,0.655528,0.000126188
nn,0.655626,0.00012892
nn,0.655723,0.000131716
nn,0.655821,0.00013457
nn,0.655918,0.000137475
nn,0.656016,0.000140428
nn,0.656113,0.000143429
nn,0.65621,0.000146484
nn,0.656308,0.000149589
nn,0.656405,0.000152745
nn,0.656503,0.000155953
nn,0.6566,0.000159209
nn,0.656698,0.000162512
nn,0.656795,0.000165862
nn,0.656893,0.000169256
nn,0.65699,0.000172694
nn,0.657087,0.000176177
nn,0.657185,0.000179703
nn,0.657282,0.000183271
nn,0.65738,0.000186878
nn,0.657477,0.000190513
nn,0.657575,0.000194183
nn,0.657672,0.000197887
nn,0.65777,0.000201617
nn,0.657867,0.000205369
nn,0.657965,0.000209149
nn,0.658062,0.000212952
nn,0.658159,0.000216778
nn,0.658257,0.000220625
nn,0.658354,0.000224492
nn,0.658452,0.000228381
nn,0.658549,0.000232292
nn,0.658647,0.000236159
nn,0.658744,0.000239919
nn,0.658842,0.000243574
nn,0.658939,0.000246738
nn,0.659036,0.000249931
nn,0.659134,0.00025314
nn,0.659231,0.000256369
nn,0.659329,0.000259629
nn,0.659426,0.000262933
nn,0.659524,0.000266291
nn,0.659621,0.000269702
nn,0.659719,0.000273193
nn,0.659816,0.000276645
nn,0.659913,0.000280185
nn,0.660011,0.000283758
nn,0.660108,0.000287355
nn,0.660206,0.000290965
nn,0.660303,0.000294591
nn,0.660401,0.000298229
nn,0.660498,0.000301877
nn,0.660596,0.000305539
nn,0.660693,0.000309213
nn,0.66079,0.000312898
nn,0.660888,0.000316592
nn,0.660985,0.000320294
nn,0.661083,0.000323996
nn,0.66118,0.000327698
nn,0.661278,0.000331395
nn,0.661375,0.000335125
nn,0.661473,0.000338742
nn,0.66157,0.000342411
nn,0.661667,0.000346071
nn,0.661765,0.00034972
nn,0.661862,0.000353356
nn,0.66196,0.000356976
nn,0.662057,0.00036058
nn,0.662155,0.000364166
nn,0.662252,0.000367731
nn,0.66235,0.000371274
nn,0.662447,0.000374792
nn,0.662544,0.00037828
nn,0.662642,0.000381743
nn,0.662739,0.000385184
nn,0.662837,0.000388601
nn,0.662934,0.000391993
nn,0.663032,0.000395362
nn,0.663129,0.000398707
nn,0.663227,0.000402024
nn,0.663324,0.000405313
nn,0.663422,0.000408571
nn,0.663519,0.000411798
nn,0.663616,0.000414991
nn,0.663714,0.000418147
nn,0.663811,0.000421261
nn,0.663909,0.000424331
nn,0.664006,0.000427355
nn,0.664104,0.000430332
nn,0.664201,0.00043326
nn,0.664299,0.000436144
nn,0.664396,0.000438987
nn,0.664493,0.000441793
nn,0.664591,0.000444563
nn,0.664688,0.000447299
nn,0.664786,0.000450001
nn,0.664883,0.000452674
nn,0.664981,0.000455314
nn,0.665078,0.000457921
nn,0.665176,0.0004605
nn,0.665273,0.000463049
nn,0.66537,0.000465571
nn,0.665468,0.00046805
nn,0.665565,0.000470499
nn,0.665663,0.000472921
nn,0.66576,0.000475302
nn,0.665858,0.000477632
nn,0.665955,0.000479911
nn,0.666053,0.000482142
nn,0.66615,0.000484318
nn,0.666247,0.000486438
nn,0.666345,0.000488506
nn,0.666442,0.000490523
nn,0.66654,0.00049249
nn,0.666637,0.000494409
nn,0.666735,0.000496281
nn,0.666832,0.000498107
nn,0.66693,0.000499886
nn,0.667027,0.000501626
nn,0.667124,0.000503321
nn,0.667222,0.000504979
nn,0.667319,0.000506596
nn,0.667417,0.000508172
nn,0.667514,0.000509705
nn,0.667612,0.000511195
nn,0.667709,0.000512638
nn,0.667807,0.000514034
nn,0.667904,0.000515385
nn,0.668002,0.000516694
nn,0.668099,0.000517962
nn,0.668196,0.000519185
nn,0.668294,0.000520363
nn,0.668391,0.000521493
nn,0.668489,0.000522574
nn,0.668586,0.000523605
nn,0.668684,0.000524585
nn,0.668781,0.000525512
nn,0.668879,0.000525944
nn,0.668976,0.000526222
nn,0.669073,0.000526373
nn,0.669171,0.000526506
nn,0.669268,0.000526609
nn,0.669366,0.000526679
nn,0.669463,0.000526711
nn,0.669561,0.000526707
nn,0.669658,0.000526665
nn,0.669756,0.00052659
nn,0.669853,0.000526488
nn,0.66995,0.000526347
nn,0.670048,0.000526166
nn,0.670145,0.000525946
nn,0.670243,0.000525689
nn,0.67034,0.000525396
nn,0.670438,0.000525069
nn,0.670535,0.000524703
nn,0.670633,0.000524297
nn,0.67073,0.000523849
nn,0.670827,0.00052332
nn,0.670925,0.000522662
nn,0.671022,0.000521756
nn,0.67112,0.000520803
nn,0.671217,0.000519815
nn,0.671315,0.000518772
nn,0.671412,0.000517702
nn,0.67151,0.000516605
nn,0.671607,0.000515476
nn,0.671704,0.000514306
nn,0.671802,0.000513095
nn,0.671899,0.000511841
nn,0.671997,0.000510544
nn,0.672094,0.000509209
nn,0.672192,0.000507837
nn,0.672289,0.000506423
nn,0.672387,0.000504965
nn,0.672484,0.000503458
nn,0.672582,0.000501899
nn,0.672679,0.000500288
nn,0.672776,0.000498627
nn,0.672874,0.000496915
nn,0.672971,0.000495157
nn,0.673069,0.000493351
nn,0.673166,0.000491501
nn,0.673264,0.000489604
nn,0.673361,0.000487658
nn,0.673459,0.000485666
nn,0.673556,0.000483625
nn,0.673653,0.000481538
nn,0.673751,0.000479402
nn,0.673848,0.000477214
nn,0.673946,0.000474969
nn,0.674043,0.000472664
nn,0.674141,0.0004703
nn,0.674238,0.00046788
nn,0.674336,0.000465407
nn,0.674433,0.000462879
nn,0.67453,0.000460302
nn,0.674628,0.000457685
nn,0.674725,0.000455029
nn,0.674823,0.00045233
nn,0.67492,0.000449584
nn,0.675018,0.000446794
nn,0.675115,0.000443964
nn,0.675213,0.000441098
nn,0.67531,0.000438198
nn,0.675407,0.000435264
nn,0.675505,0.000432297
nn,0.675602,0.000429293
nn,0.6757,0.000426255
nn,0.675797,0.000423188
nn,0.675895,0.000420094
nn,0.675992,0.00041697
nn,0.67609,0.000413816
nn,0.676187,0.000410636
nn,0.676284,0.000407434
nn,0.676382,0.000404202
nn,0.676479,0.00040094
nn,0.676577,0.000397654
nn,0.676674,0.000394342
nn,0.676772,0.000391005
nn,0.676869,0.000387639
nn,0.676967,0.000384242
nn,0.677064,0.000380818
nn,0.677162,0.000377366
nn,0.677259,0.000373886
nn,0.677356,0.000370385
nn,0.677454,0.000366869
nn,0.677551,0.000363343
nn,0.677649,0.000359811
nn,0.677746,0.000356272
nn,0.677844,0.000352726
nn,0.677941,0.00034917
nn,0.678039,0.000345607
nn,0.678136,0.000342036
nn,0.678233,0.00033846
nn,0.678331,0.000334872
nn,0.678428,0.00033128
nn,0.678526,0.000327679
nn,0.678623,0.000324068
nn,0.678721,0.000320446
nn,0.678818,0.00031681
nn,0.678916,0.000313163
nn,0.679013,0.000309507
nn,0.67911,0.000305848
nn,0.679208,0.000302188
nn,0.679305,0.000298519
nn,0.679403,0.000294845
nn,0.6795,0.000291165
nn,0.679598,0.000287478
nn,0.679695,0.000283785
nn,0.679793,0.000280095
nn,0.67989,0.000276414
nn,0.679987,0.000272749
nn,0.680085,0.000269103
nn,0.680182,0.000265476
nn,0.68028,0.000261869
nn,0.680377,0.00025828
nn,0.680475,0.000254709
nn,0.680572,0.000251154
nn,0.68067,0.000247615
nn,0.680767,0.000244091
nn,0.680864,0.000240581
nn,0.680962,0.000237086
nn,0.681059,0.000233607
nn,0.681157,0.000229552
nn,0.681254,0.000225417
nn,0.681352,0.00022121
nn,0.681449,0.00021696
nn,0.681547,0.000212752
nn,0.681644,0.000208597
nn,0.681742,0.000204493
nn,0.681839,0.000200432
nn,0.681936,0.00019641
nn,0.682034,0.000192429
nn,0.682131,0.000188495
nn,0.682229,0.000184607
nn,0.682326,0.000180767
nn,0.682424,0.000176977
nn,0.682521,0.000173233
nn,0.682619,0.000169537
nn,0.682716,0.000165888
nn,0.682813,0.000162283
nn,0.682911,0.000158722
nn,0.683008,0.000155204
nn,0.683106,0.000151729
nn,0.683203,0.000148292
nn,0.683301,0.000144892
nn,0.683398,0.000141531
nn,0.683496,0.00013821
nn,0.683593,0.000134927
nn,0.68369,0.000131686
nn,0.683788,0.000128483
nn,0.683885,0.000125321
nn,0.683983,0.000122198
nn,0.68408,0.000119115
nn,0.684178,0.000116072
nn,0.684275,0.000113069
nn,0.684373,0.000110108
nn,0.68447,0.000107191
nn,0.684567,0.000104319
nn,0.684665,0.000101472
nn,0.684762,9.8632e-05
nn,0.68486,9.58017e-05
nn,0.684957,9.29847e-05
nn,0.685055,9.01817e-05
nn,0.685152,8.72308e-05
nn,0.68525,8.43342e-05
nn,0.685347,8.14896e-05
nn,0.685444,7.86993e-05
nn,0.685542,7.59692e-05
nn,0.685639,7.33031e-05
nn,0.685737,7.07012e-05
nn,0.685834,6.81631e-05
nn,0.685932,6.56866e-05
nn,0.686029,6.32695e-05
nn,0.686127,6.09113e-05
nn,0.686224,5.86096e-05
nn,0.686321,5.63647e-05
nn,0.686419,5.41771e-05
nn,0.686516,5.20473e-05
nn,0.686614,4.99771e-05
nn,0.686711,4.79733e-05
nn,0.686809,4.60174e-05
nn,0.686906,4.41316e-05
nn,0.687004,4.23099e-05
nn,0.687101,4.05525e-05
nn,0.687199,3.88601e-05
nn,0.687296,3.72325e-05
nn,0.687393,3.56694e-05
nn,0.687491,3.41695e-05
nn,0.687588,3.27325e-05
nn,0.687686,3.13582e-05
nn,0.687783,3.00435e-05
nn,0.687881,2.87891e-05
nn,0.687978,2.75947e-05
nn,0.688076,2.64596e-05
nn,0.688173,2.53896e-05
nn,0.68827,2.43705e-05
nn,0.688368,2.34161e-05
nn,0.688465,2.25196e-05
nn,0.688563,2.16742e-05
nn,0.68866,2.08843e-05
nn,0.688758,2.01533e-05
nn,0.688855,1.94752e-05
nn,0.688953,1.88554e-05
nn,0.68905,1.8295e-05
nn,0.689147,1.77925e-05
nn,0.689245,1.73478e-05
nn,0.689342,1.69504e-05
nn,0.68944,1.66035e-05
nn,0.689537,1.63115e-05
nn,0.689635,1.60822e-05
nn,0.689732,1.59125e-05
nn,0.68983,1.58048e-05
nn,0.689927,1.5753e-05
nn,0.690024,1.57686e-05
nn,0.690122,1.58411e-05
nn,0.690219,1.59802e-05
nn,0.690317,1.61822e-05
nn,0.690414,1.64476e-05
nn,0.690512,1.67766e-05
nn,0.690609,1.71707e-05
nn,0.690707,1.76298e-05
nn,0.690804,1.8155e-05
nn,0.690901,1.87431e-05
nn,0.690999,1.93944e-05
nn,0.691096,2.01064e-05
nn,0.691194,2.08774e-05
nn,0.691291,2.17051e-05
nn,0.691389,2.25884e-05
nn,0.691486,2.35253e-05
nn,0.691584,2.45164e-05
nn,0.691681,2.55606e-05
nn,0.691779,2.66592e-05
nn,0.691876,2.78111e-05
nn,0.691973,2.90169e-05
nn,0.692071,3.0277e-05
nn,0.692168,3.15917e-05
nn,0.692266,3.2957e-05
nn,0.692363,3.43814e-05
nn,0.692461,3.58577e-05
nn,0.692558,3.73936e-05
nn,0.692656,3.89813e-05
nn,0.692753,4.06298e-05
nn,0.69285,4.23313e-05
nn,0.692948,4.40968e-05
nn,0.693045,4.59151e-05
nn,0.693143,4.78006e-05
nn,0.69324,4.97388e-05
nn,0.693338,5.1744e-05
nn,0.693435,5.38005e-05
nn,0.693533,5.59127e-05
nn,0.69363,5.80832e-05
nn,0.693727,6.03085e-05
nn,0.693825,6.2584e-05
nn,0.693922,6.49108e-05
nn,0.69402,6.72876e-05
nn,0.694117,6.97123e-05
nn,0.694215,7.21844e-05
nn,0.694312,7.47016e-05
nn,0.69441,7.72651e-05
nn,0.694507,7.98753e-05
nn,0.694604,8.25309e-05
nn,0.694702,8.52336e-05
nn,0.694799,8.79834e-05
nn,0.694897,9.07797e-05
nn,0.694994,9.36243e-05
nn,0.695092,9.65158e-05
nn,0.695189,9.89554e-05
nn,0.695287,0.000101396
nn,0.695384,0.000103834
nn,0.695481,0.000106276
nn,0.695579,0.00010873
nn,0.695676,0.000111206
nn,0.695774,0.000113746
nn,0.695871,0.000116356
nn,0.695969,0.000119031
nn,0.696066,0.000121766
nn,0.696164,0.000124551
nn,0.696261,0.000127394
nn,0.696359,0.00013029
nn,0.696456,0.000133238
nn,0.696553,0.000136238
nn,0.696651,0.000139287
nn,0.696748,0.000142386
nn,0.696846,0.000145553
nn,0.696943,0.000148719
nn,0.697041,0.000151956
nn,0.697138,0.000155237
nn,0.697236,0.000158562
nn,0.697333,0.00016193
nn,0.69743,0.00016534
nn,0.697528,0.000168794
nn,0.697625,0.00017229
nn,0.697723,0.000175827
nn,0.69782,0.000179395
nn,0.697918,0.000183
nn,0.698015,0.000186641
nn,0.698113,0.000190316
nn,0.69821,0.000194021
nn,0.698307,0.000197755
nn,0.698405,0.000201512
nn,0.698502,0.000205293
nn,0.6986,0.000209097
nn,0.698697,0.000212926
nn,0.698795,0.000216781
nn,0.698892,0.000220657
nn,0.69899,0.000224553
nn,0.699087,0.000228395
nn,0.699184,0.00023213
nn,0.699282,0.000235747
nn,0.699379,0.000238885
nn,0.699477,0.00024205
nn,0.699574,0.000245234
nn,0.699672,0.000248441
nn,0.699769,0.000251691
nn,0.699867,0.000254988
nn,0.699964,0.000258341
nn,0.700061,0.000261777
nn,0.700159,0.000265178
nn,0.700256,0.000268668
nn,0.700354,0.000272196
nn,0.700451,0.000275757
nn,0.700549,0.000279345
nn,0.700646,0.000282955
nn,0.700744,0.000286585
nn,0.700841,0.00029023
nn,0.700939,0.000293889
nn,0.701036,0.000297562
nn,0.701133,0.000301248
nn,0.701231,0.000304947
nn,0.701328,0.000308656
nn,0.701426,0.00031237
nn,0.701523,0.00031609
nn,0.701621,0.00031981
nn,0.701718,0.000323527
nn,0.701816,0.000327237
nn,0.701913,0.00033094
nn,0.70201,0.000334636
nn,0.702108,0.000338325
nn,0.702205,0.000342005
nn,0.702303,0.000345668
nn,0.7024,0.000349315
nn,0.702498,0.000352942
nn,0.702595,0.000356547
nn,0.702693,0.000360127
nn,0.70279,0.00036368
nn,0.702887,0.000367208
nn,0.702985,0.000370709
nn,0.703082,0.000374184
nn,0.70318,0.000377635
nn,0.703277,0.000381062
nn,0.703375,0.000384469
nn,0.703472,0.000387857
nn,0.70357,0.000391223
nn,0.703667,0.000394561
nn,0.703764,0.000397871
nn,0.703862,0.000401151
nn,0.703959,0.000404401
nn,0.704057,0.000407614
nn,0.704154,0.000410792
nn,0.704252,0.000413929
nn,0.704349,0.000417082
nn,0.704447,0.000420051
nn,0.704544,0.00042314
nn,0.704641,0.000426101
nn,0.704739,0.000429019
nn,0.704836,0.000431893
nn,0.704934,0.000434726
nn,0.705031,0.000437518
nn,0.705129,0.000440272
nn,0.705226,0.000442994
nn,0.705324,0.000445684
nn,0.705421,0.000448337
nn,0.705518,0.000450956
nn,0.705616,0.000453547
nn,0.705713,0.00045611
nn,0.705811,0.000458636
nn,0.705908,0.000461143
nn,0.706006,0.000463632
nn,0.706103,0.000466087
nn,0.706201,0.0004685
nn,0.706298,0.000470866
nn,0.706396,0.000473182
nn,0.706493,0.000475442
nn,0.70659,0.000477647
nn,0.706688,0.000479795
nn,0.706785,0.000481894
nn,0.706883,0.000483946
nn,0.70698,0.000485956
nn,0.707078,0.000487925
nn,0.707175,0.000489849
nn,0.707273,0.00049173
nn,0.70737,0.000493571
nn,0.707467,0.000495368
nn,0.707565,0.00049712
nn,0.707662,0.000498827
nn,0.70776,0.000500492
nn,0.707857,0.000502119
nn,0.707955,0.000503699
nn,0.708052,0.000505238
nn,0.70815,0.000506732
nn,0.708247,0.000508185
nn,0.708344,0.000509594
nn,0.708442,0.000510958
nn,0.708539,0.000512275
nn,0.708637,0.000513545
nn,0.708734,0.000514772
nn,0.708832,0.000515956
nn,0.708929,0.000517096
nn,0.709027,0.000518189
nn,0.709124,0.000519235
nn,0.709221,0.00052023
nn,0.709319,0.00052083
nn,0.709416,0.00052127
nn,0.709514,0.00052157
nn,0.709611,0.000521803
nn,0.709709,0.000522011
nn,0.709806,0.000522186
nn,0.709904,0.000522324
nn,0.710001,0.000522423
nn,0.710098,0.000522481
nn,0.710196,0.000522503
nn,0.710293,0.000522495
nn,0.710391,0.00052246
nn,0.710488,0.000522389
nn,0.710586,0.000522171
nn,0.710683,0.000522018
nn,0.710781,0.00052182
nn,0.710878,0.000521576
nn,0.710976,0.00052129
nn,0.711073,0.000520968
nn,0.71117,0.000520597
nn,0.711268,0.000520179
nn,0.711365,0.000519715
nn,0.711463,0.000519178
nn,0.71156,0.000518508
nn,0.711658,0.000517564
nn,0.711755,0.000516576
nn,0.711853,0.00051554
nn,0.71195,0.000514467
nn,0.712047,0.00051336
nn,0.712145,0.000512224
nn,0.712242,0.000511056
nn,0.71234,0.000509853
nn,0.712437,0.000508613
nn,0.712535,0.000507332
nn,0.712632,0.00050601
nn,0.71273,0.000504651
nn,0.712827,0.000503249
nn,0.712924,0.000501804
nn,0.713022,0.000500311
nn,0.713119,0.000498766
nn,0.713217,0.00049719
nn,0.713314,0.000495549
nn,0.713412,0.000493865
nn,0.713509,0.000492138
nn,0.713607,0.000490371
nn,0.713704,0.000488562
nn,0.713801,0.000486708
nn,0.713899,0.000484812
nn,0.713996,0.000482873
nn,0.714094,0.000480887
nn,0.714191,0.000478858
nn,0.714289,0.000476783
nn,0.714386,0.000474659
nn,0.714484,0.00047248
nn,0.714581,0.000470242
nn,0.714678,0.000467941
nn,0.714776,0.000465585
nn,0.714873,0.000463171
nn,0.714971,0.000460697
nn,0.715068,0.000458173
nn,0.715166,0.000455605
nn,0.715263,0.000452991
nn,0.715361,0.00045033
nn,0.715458,0.000447626
nn,0.715556,0.000444886
nn,0.715653,0.000442113
nn,0.71575,0.000439309
nn,0.715848,0.000436478
nn,0.715945,0.000433616
nn,0.716043,0.000430723
nn,0.71614,0.000427795
nn,0.716238,0.000424832
nn,0.716335,0.000421837
nn,0.716433,0.000418809
nn,0.71653,0.000415748
nn,0.716627,0.000412656
nn,0.716725,0.000409533
nn,0.716822,0.000406387
nn,0.71692,0.000403218
nn,0.717017,0.000400014
nn,0.717115,0.000396775
nn,0.717212,0.000393505
nn,0.71731,0.000390201
nn,0.717407,0.000386857
nn,0.717504,0.000383485
nn,0.717602,0.000380098
nn,0.717699,0.000376692
nn,0.717797,0.000373267
nn,0.717894,0.000369829
nn,0.717992,0.000366374
nn,0.718089,0.000362905
nn,0.718187,0.000359427
nn,0.718284,0.00035594
nn,0.718381,0.000352445
nn,0.718479,0.000348939
nn,0.718576,0.000345422
nn,0.718674,0.000341895
nn,0.718771,0.000338355
nn,0.718869,0.000334812
nn,0.718966,0.000331264
nn,0.719064,0.000327714
nn,0.719161,0.00032416
nn,0.719258,0.000320595
nn,0.719356,0.000317019
nn,0.719453,0.000313433
nn,0.719551,0.000309841
nn,0.719648,0.000306244
nn,0.719746,0.00030264
nn,0.719843,0.000299027
nn,0.719941,0.000295405
nn,0.720038,0.000291774
nn,0.720136,0.000288133
nn,0.720233,0.000284486
nn,0.72033,0.00028084
nn,0.720428,0.000277203
nn,0.720525,0.000273582
nn,0.720623,0.000269976
nn,0.72072,0.000266386
nn,0.720818,0.00026281
nn,0.720915,0.000259247
nn,0.721013,0.000255693
nn,0.72111,0.000252154
nn,0.721207,0.000248629
nn,0.721305,0.000245122
nn,0.721402,0.000241634
nn,0.7215,0.000238167
nn,0.721597,0.000234114
nn,0.721695,0.000229994
nn,0.721792,0.000225806
nn,0.72189,0.000221571
nn,0.721987,0.000217374
nn,0.722084,0.000213219
nn,0.722182,0.000209112
nn,0.722279,0.000205043
nn,0.722377,0.000201016
nn,0.722474,0.000197026
nn,0.722572,0.000193078
nn,0.722669,0.000189177
nn,0.722767,0.000185325
nn,0.722864,0.000181522
nn,0.722961,0.000177765
nn,0.723059,0.000174055
nn,0.723156,0.000170429
nn,0.723254,0.000166809
nn,0.723351,0.000163233
nn,0.723449,0.0001597
nn,0.723546,0.00015621
nn,0.723644,0.00015276
nn,0.723741,0.000149349
nn,0.723838,0.000145975
nn,0.723936,0.000142642
nn,0.724033,0.000139351
nn,0.724131,0.0001361
nn,0.724228,0.000132887
nn,0.724326,0.000129715
nn,0.724423,0.000126582
nn,0.724521,0.000123488
nn,0.724618,0.000120434
nn,0.724715,0.000117419
nn,0.724813,0.000114444
nn,0.72491,0.00011151
nn,0.725008,0.000108611
nn,0.725105,0.000105725
nn,0.725203,0.000102834
nn,0.7253,9.99521e-05
nn,0.725398,9.7083e-05
nn,0.725495,9.40689e-05
nn,0.725593,9.1109e-05
nn,0.72569,8.82001e-05
nn,0.725787,8.5345e-05
nn,0.725885,8.25491e-05
nn,0.725982,7.98159e-05
nn,0.72608,7.71476e-05
nn,0.726177,7.45439e-05
nn,0.726275,7.20029e-05
nn,0.726372,6.95229e-05
nn,0.72647,6.71011e-05
nn,0.726567,6.47351e-05
nn,0.726664,6.24235e-05
nn,0.726762,6.01648e-05
nn,0.726859,5.79595e-05
nn,0.726957,5.58069e-05
nn,0.727054,5.37082e-05
nn,0.727152,5.16668e-05
nn,0.727249,4.96837e-05
nn,0.727347,4.7764e-05
nn,0.727444,4.5893e-05
nn,0.727541,4.40899e-05
nn,0.727639,4.23487e-05
nn,0.727736,4.06684e-05
nn,0.727834,3.90496e-05
nn,0.727931,3.74899e-05
nn,0.728029,3.59895e-05
nn,0.728126,3.45471e-05
nn,0.728224,3.31633e-05
nn,0.728321,3.18368e-05
nn,0.728418,3.05684e-05
nn,0.728516,2.93571e-05
nn,0.728613,2.82042e-05
nn,0.728711,2.71093e-05
nn,0.728808,2.60729e-05
nn,0.728906,2.50942e-05
nn,0.729003,2.41739e-05
nn,0.729101,2.33098e-05
nn,0.729198,2.25027e-05
nn,0.729295,2.1751e-05
nn,0.729393,2.10583e-05
nn,0.72949,2.04223e-05
nn,0.729588,1.9843e-05
nn,0.729685,1.93197e-05
nn,0.729783,1.88513e-05
nn,0.72988,1.84402e-05
nn,0.729978,1.80854e-05
nn,0.730075,1.77872e-05
nn,0.730173,1.75465e-05
nn,0.73027,1.73631e-05
nn,0.730367,1.72384e-05
nn,0.730465,1.71727e-05
nn,0.730562,1.71679e-05
nn,0.73066,1.72238e-05
nn,0.730757,1.73433e-05
nn,0.730855,1.75263e-05
nn,0.730952,1.77745e-05
nn,0.73105,1.80892e-05
nn,0.731147,1.84696e-05
nn,0.731244,1.89143e-05
nn,0.731342,1.94229e-05
nn,0.731439,1.99961e-05
nn,0.731537,2.06304e-05
nn,0.731634,2.13253e-05
nn,0.731732,2.20779e-05
nn,0.731829,2.2887e-05
nn,0.731927,2.37517e-05
nn,0.732024,2.46719e-05
nn,0.732121,2.56474e-05
nn,0.732219,2.66777e-05
nn,0.732316,2.77623e-05
nn,0.732414,2.88996e-05
nn,0.732511,3.00893e-05
nn,0.732609,3.13302e-05
nn,0.732706,3.26221e-05
nn,0.732804,3.39652e-05
nn,0.732901,3.536e-05
nn,0.732998,3.68073e-05
nn,0.733096,3.83083e-05
nn,0.733193,3.98654e-05
nn,0.733291,4.14778e-05
nn,0.733388,4.31487e-05
nn,0.733486,4.48746e-05
nn,0.733583,4.66606e-05
nn,0.733681,4.85019e-05
nn,0.733778,5.04034e-05
nn,0.733875,5.23581e-05
nn,0.733973,5.43668e-05
nn,0.73407,5.64298e-05
nn,0.734168,5.85461e-05
nn,0.734265,6.07138e-05
nn,0.734363,6.29332e-05
nn,0.73446,6.51936e-05
nn,0.734558,6.7504e-05
nn,0.734655,6.9861e-05
nn,0.734753,7.22632e-05
nn,0.73485,7.47087e-05
nn,0.734947,7.71976e-05
nn,0.735045,7.97302e-05
nn,0.735142,8.23062e-05
nn,0.73524,8.49273e-05
nn,0.735337,8.75933e-05
nn,0.735435,9.03064e-05
nn,0.735532,9.30663e-05
nn,0.73563,9.58752e-05
nn,0.735727,9.87325e-05
nn,0.735824,0.000101171
nn,0.735922,0.000103598
nn,0.736019,0.000106011
nn,0.736117,0.00010842
nn,0.736214,0.000110835
nn,0.736312,0.000113285
nn,0.736409,0.000115809
nn,0.736507,0.000118403
nn,0.736604,0.000121061
nn,0.736701,0.000123772
nn,0.736799,0.000126538
nn,0.736896,0.000129358
nn,0.736994,0.000132232
nn,0.737091,0.000135158
nn,0.737189,0.00013814
nn,0.737286,0.000141172
nn,0.737384,0.000144251
nn,0.737481,0.000147377
nn,0.737578,0.000150548
nn,0.737676,0.000153763
nn,0.737773,0.000157022
nn,0.737871,0.000160325
nn,0.737968,0.000163672
nn,0.738066,0.000167061
nn,0.738163,0.000170493
nn,0.738261,0.000173965
nn,0.738358,0.000177477
nn,0.738455,0.000181029
nn,0.738553,0.000184622
nn,0.73865,0.000188251
nn,0.738748,0.000191901
nn,0.738845,0.000195577
nn,0.738943,0.000199277
nn,0.73904,0.000203004
nn,0.739138,0.000206755
nn,0.739235,0.00021053
nn,0.739333,0.000214329
nn,0.73943,0.000218151
nn,0.739527,0.000221996
nn,0.739625,0.000225863
nn,0.739722,0.000229749
nn,0.73982,0.000233634
nn,0.739917,0.000237406
nn,0.740015,0.000241064
nn,0.740112,0.000244611
nn,0.74021,0.000247742
nn,0.740307,0.000250897
nn,0.740404,0.000254072
nn,0.740502,0.000257271
nn,0.740599,0.000260509
nn,0.740697,0.000263793
nn,0.740794,0.000267126
nn,0.740892,0.000270505
nn,0.740989,0.000273928
nn,0.741087,0.000277389
nn,0.741184,0.000280883
nn,0.741281,0.000284437
nn,0.741379,0.000287932
nn,0.741476,0.000291486
nn,0.741574,0.000295054
nn,0.741671,0.000298637
nn,0.741769,0.000302235
nn,0.741866,0.000305848
nn,0.741964,0.000309472
nn,0.742061,0.000313105
nn,0.742158,0.000316747
nn,0.742256,0.000320398
nn,0.742353,0.000324046
nn,0.742451,0.000327689
nn,0.742548,0.000331323
nn,0.742646,0.000334947
nn,0.742743,0.000338562
nn,0.742841,0.000342167
nn,0.742938,0.000345758
nn,0.743035,0.000349334
nn,0.743133,0.000352893
nn,0.74323,0.000356434
nn,0.743328,0.000359953
nn,0.743425,0.00036345
nn,0.743523,0.000366922
nn,0.74362,0.000370368
nn,0.743718,0.000373789
nn,0.743815,0.000377181
nn,0.743912,0.000380551
nn,0.74401,0.000383902
nn,0.744107,0.000387307
nn,0.744205,0.000390618
nn,0.744302,0.000393907
nn,0.7444,0.000397171
nn,0.744497,0.000400409
nn,0.744595,0.000403618
nn,0.744692,0.000406794
nn,0.74479,0.000409937
nn,0.744887,0.000413042
nn,0.744984,0.000416108
nn,0.745082,0.00041913
nn,0.745179,0.000422105
nn,0.745277,0.000425027
nn,0.745374,0.000427908
nn,0.745472,0.000430748
nn,0.745569,0.000433551
nn,0.745667,0.000436318
nn,0.745764,0.000439049
nn,0.745861,0.000441751
nn,0.745959,0.000444422
nn,0.746056,0.000447058
nn,0.746154,0.00044966
nn,0.746251,0.000452237
nn,0.746349,0.000454789
nn,0.746446,0.000457304
nn,0.746544,0.00045979
nn,0.746641,0.000462261
nn,0.746738,0.000464703
nn,0.746836,0.000467104
nn,0.746933,0.000469468
nn,0.747031,0.000471789
nn,0.747128,0.000474054
nn,0.747226,0.000476258
nn,0.747323,0.000478404
nn,0.747421,0.000480495
nn,0.747518,0.000482536
nn,0.747615,0.000484529
nn,0.747713,0.000486471
nn,0.74781,0.000488361
nn,0.747908,0.000490203
nn,0.748005,0.000491997
nn,0.748103,0.000493748
nn,0.7482,0.000495457
nn,0.748298,0.00049713
nn,0.748395,0.000498759
nn,0.748492,0.000500349
nn,0.74859,0.000501896
nn,0.748687,0.000503402
nn,0.748785,0.000504865
nn,0.748882,0.000506282
nn,0.74898,0.00050765
nn,0.749077,0.000508975
nn,0.749175,0.000510255
nn,0.749272,0.000511489
nn,0.74937,0.000512675
nn,0.749467,0.000513817
nn,0.749564,0.000514914
nn,0.749662,0.000515965
nn,0.749759,0.000516968
nn,0.749857,0.00051792
nn,0.749954,0.000518823
nn,0.750052,0.000519673
nn,0.750149,0.000520035
nn,0.750247,0.000520244
nn,0.750344,0.000520321
nn,0.750441,0.000520382
nn,0.750539,0.000520416
nn,0.750636,0.000520418
nn,0.750734,0.000520284
nn,0.750831,0.000520203
nn,0.750929,0.00052008
nn,0.751026,0.000519927
nn,0.751124,0.000519748
nn,0.751221,0.00051954
nn,0.751318,0.0005193
nn,0.751416,0.000519022
nn,0.751513,0.000518712
nn,0.751611,0.000518364
nn,0.751708,0.00051798
nn,0.751806,0.000517555
nn,0.751903,0.000517092
nn,0.752001,0.000516521
nn,0.752098,0.000515826
nn,0.752195,0.000514898
nn,0.752293,0.00051393
nn,0.75239,0.000512913
nn,0.752488,0.000511859
nn,0.752585,0.000510781
nn,0.752683,0.000509679
nn,0.75278,0.000508545
nn,0.752878,0.000507375
nn,0.752975,0.000506164
nn,0.753072,0.000504914
nn,0.75317,0.000503621
nn,0.753267,0.000502292
nn,0.753365,0.000500926
nn,0.753462,0.000499522
nn,0.75356,0.000498075
nn,0.753657,0.000496583
nn,0.753755,0.000495044
nn,0.753852,0.000493456
nn,0.75395,0.000491816
nn,0.754047,0.00049013
nn,0.754144,0.000488396
nn,0.754242,0.000486618
nn,0.754339,0.000484797
nn,0.754437,0.000482931
nn,0.754534,0.00048102
nn,0.754632,0.00047906
nn,0.754729,0.000477054
nn,0.754827,0.000475006
nn,0.754924,0.000472911
nn,0.755021,0.000470762
nn,0.755119,0.000468559
nn,0.755216,0.000466296
nn,0.755314,0.000463974
nn,0.755411,0.000461596
nn,0.755509,0.000459164
nn,0.755606,0.00045668
nn,0.755704,0.00045414
nn,0.755801,0.000451556
nn,0.755898,0.000448937
nn,0.755996,0.000446273
nn,0.756093,0.000443565
nn,0.756191,0.000440815
nn,0.756288,0.000438029
nn,0.756386,0.000435207
nn,0.756483,0.000432354
nn,0.756581,0.000429467
nn,0.756678,0.000426545
nn,0.756775,0.000423586
nn,0.756873,0.000420591
nn,0.75697,0.00041756
nn,0.757068,0.000414504
nn,0.757165,0.000411421
nn,0.757263,0.000408308
nn,0.75736,0.000405165
nn,0.757458,0.000401998
nn,0.757555,0.000398813
nn,0.757652,0.000395594
nn,0.75775,0.000392351
nn,0.757847,0.000389088
nn,0.757945,0.000385796
nn,0.758042,0.000382475
nn,0.75814,0.000379127
nn,0.758237,0.000375755
nn,0.758335,0.000372355
nn,0.758432,0.00036893
nn,0.75853,0.000365488
nn,0.758627,0.000362033
nn,0.758724,0.000358571
nn,0.758822,0.000355107
nn,0.758919,0.000351637
nn,0.759017,0.000348161
nn,0.759114,0.000344675
nn,0.759212,0.000341176
nn,0.759309,0.000337668
nn,0.759407,0.00033415
nn,0.759504,0.000330625
nn,0.759601,0.000327094
nn,0.759699,0.000323554
nn,0.759796,0.000320007
nn,0.759894,0.00031645
nn,0.759991,0.000312877
nn,0.760089,0.000309296
nn,0.760186,0.000305709
nn,0.760284,0.000302119
nn,0.760381,0.000298527
nn,0.760478,0.000294925
nn,0.760576,0.000291317
nn,0.760673,0.000287703
nn,0.760771,0.000284084
nn,0.760868,0.000280461
nn,0.760966,0.000276843
nn,0.761063,0.000273238
nn,0.761161,0.000269652
nn,0.761258,0.000266084
nn,0.761355,0.000262535
nn,0.761453,0.000259002
nn,0.76155,0.000255482
nn,0.761648,0.000251973
nn,0.761745,0.000248476
nn,0.761843,0.000244991
nn,0.76194,0.00024152
nn,0.762038,0.000238065
nn,0.762135,0.00023463
nn,0.762232,0.000230653
nn,0.76233,0.000226595
nn,0.762427,0.000222471
nn,0.762525,0.000218286
nn,0.762622,0.000214124
nn,0.76272,0.000210005
nn,0.762817,0.000205935
nn,0.762915,0.000201909
nn,0.763012,0.00019792
nn,0.763109,0.000193969
nn,0.763207,0.000190055
nn,0.763304,0.000186187
nn,0.763402,0.000182366
nn,0.763499,0.000178596
nn,0.763597,0.000174872
nn,0.763694,0.000171197
nn,0.763792,0.000167568
nn,0.763889,0.000163982
nn,0.763987,0.000160438
nn,0.764084,0.000156937
nn,0.764181,0.000153478
nn,0.764279,0.00015006
nn,0.764376,0.00014671
nn,0.764474,0.000143366
nn,0.764571,0.00014006
nn,0.764669,0.000136792
nn,0.764766,0.000133564
nn,0.764864,0.000130376
nn,0.764961,0.000127228
nn,0.765058,0.000124121
nn,0.765156,0.000121054
nn,0.765253,0.000118025
nn,0.765351,0.000115037
nn,0.765448,0.000112088
nn,0.765546,0.000109182
nn,0.765643,0.000106318
nn,0.765741,0.000103499
nn,0.765838,0.000100726
nn,0.765935,9.79997e-05
nn,0.766033,9.53225e-05
nn,0.76613,9.26941e-05
nn,0.766228,9.01154e-05
nn,0.766325,8.75678e-05
nn,0.766423,8.50305e-05
nn,0.76652,8.25044e-05
nn,0.766618,7.99938e-05
nn,0.766715,7.74956e-05
nn,0.766812,7.50123e-05
nn,0.76691,7.23675e-05
nn,0.767007,6.97742e-05
nn,0.767105,6.72287e-05
nn,0.767202,6.47346e-05
nn,0.7673,6.22957e-05
nn,0.767397,5.99136e-05
nn,0.767495,5.7594e-05
nn,0.767592,5.53385e-05
nn,0.767689,5.31469e-05
nn,0.767787,5.102e-05
nn,0.767884,4.89583e-05
nn,0.767982,4.69618e-05
nn,0.768079,4.50315e-05
nn,0.768177,4.31673e-05
nn,0.768274,4.13707e-05
nn,0.768372,3.96404e-05
nn,0.768469,3.79768e-05
nn,0.768567,3.63815e-05
nn,0.768664,3.48495e-05
nn,0.768761,3.33826e-05
nn,0.768859,3.19816e-05
nn,0.768956,3.06452e-05
nn,0.769054,2.93731e-05
nn,0.769151,2.81672e-05
nn,0.769249,2.70245e-05
nn,0.769346,2.59449e-05
nn,0.769444,2.4927e-05
nn,0.769541,2.39685e-05
nn,0.769638,2.30697e-05
nn,0.769736,2.22259e-05
nn,0.769833,2.1432e-05
nn,0.769931,2.06952e-05
nn,0.770028,2.00151e-05
nn,0.770126,1.9395e-05
nn,0.770223,1.88295e-05
nn,0.770321,1.83209e-05
nn,0.770418,1.78617e-05
nn,0.770515,1.74585e-05
nn,0.770613,1.71178e-05
nn,0.77071,1.68334e-05
nn,0.770808,1.66059e-05
nn,0.770905,1.64307e-05
nn,0.771003,1.63133e-05
nn,0.7711,1.62626e-05
nn,0.771198,1.62727e-05
nn,0.771295,1.63436e-05
nn,0.771392,1.64709e-05
nn,0.77149,1.66652e-05
nn,0.771587,1.69231e-05
nn,0.771685,1.72433e-05
nn,0.771782,1.76206e-05
nn,0.77188,1.80667e-05
nn,0.771977,1.85769e-05
nn,0.772075,1.91508e-05
nn,0.772172,1.97878e-05
nn,0.772269,2.04882e-05
nn,0.772367,2.12506e-05
nn,0.772464,2.20734e-05
nn,0.772562,2.29547e-05
nn,0.772659,2.38933e-05
nn,0.772757,2.48872e-05
nn,0.772854,2.59334e-05
nn,0.772952,2.7031e-05
nn,0.773049,2.81785e-05
nn,0.773147,2.93748e-05
nn,0.773244,3.06205e-05
nn,0.773341,3.19158e-05
nn,0.773439,3.32616e-05
nn,0.773536,3.46534e-05
nn,0.773634,3.61046e-05
nn,0.773731,3.76057e-05
nn,0.773829,3.91697e-05
nn,0.773926,4.07858e-05
nn,0.774024,4.2467e-05
nn,0.774121,4.42011e-05
nn,0.774218,4.60013e-05
nn,0.774316,4.78534e-05
nn,0.774413,4.97713e-05
nn,0.774511,5.17386e-05
nn,0.774608,5.37602e-05
nn,0.774706,5.5835e-05
nn,0.774803,5.79667e-05
nn,0.774901,6.01529e-05
nn,0.774998,6.23905e-05
nn,0.775095,6.46772e-05
nn,0.775193,6.70128e-05
nn,0.77529,6.93978e-05
nn,0.775388,7.18302e-05
nn,0.775485,7.43101e-05
nn,0.775583,7.68347e-05
nn,0.77568,7.94059e-05
nn,0.775778,8.2022e-05
nn,0.775875,8.46841e-05
nn,0.775972,8.7391e-05
nn,0.77607,9.01443e-05
nn,0.776167,9.29436e-05
nn,0.776265,9.57904e-05
nn,0.776362,9.82578e-05
nn,0.77646,0.000100722
nn,0.776557,0.000103178
nn,0.776655,0.000105634
nn,0.776752,0.000108097
nn,0.776849,0.000110575
nn,0.776947,0.000113101
nn,0.777044,0.000115697
nn,0.777142,0.000118353
nn,0.777239,0.000121069
nn,0.777337,0.000123842
nn,0.777434,0.000126671
nn,0.777532,0.000129553
nn,0.777629,0.000132489
nn,0.777727,0.000135477
nn,0.777824,0.000138517
nn,0.777921,0.000141602
nn,0.778019,0.000144736
nn,0.778116,0.000147913
nn,0.778214,0.000151132
nn,0.778311,0.000154396
nn,0.778409,0.000157701
nn,0.778506,0.00016105
nn,0.778604,0.000164439
nn,0.778701,0.00016787
nn,0.778798,0.000171342
nn,0.778896,0.000174854
nn,0.778993,0.000178402
nn,0.779091,0.000181989
nn,0.779188,0.000185614
nn,0.779286,0.000189275
nn,0.779383,0.000192956
nn,0.779481,0.000196664
nn,0.779578,0.000200399
nn,0.779675,0.00020416
nn,0.779773,0.000207948
nn,0.77987,0.000211763
nn,0.779968,0.000215601
nn,0.780065,0.000219354
nn,0.780163,0.000223
nn,0.78026,0.000226546
nn,0.780358,0.000229609
nn,0.780455,0.000232696
nn,0.780552,0.000235801
nn,0.78065,0.000238932
nn,0.780747,0.000242103
nn,0.780845,0.000245326
nn,0.780942,0.000248602
nn,0.78104,0.000251931
nn,0.781137,0.000255318
nn,0.781235,0.000258646
nn,0.781332,0.00026211
nn,0.781429,0.000265612
nn,0.781527,0.000269146
nn,0.781624,0.000272705
nn,0.781722,0.000276286
nn,0.781819,0.000279884
nn,0.781917,0.000283497
nn,0.782014,0.000287122
nn,0.782112,0.000290757
nn,0.782209,0.000294403
nn,0.782306,0.000298061
nn,0.782404,0.000301728
nn,0.782501,0.000305403
nn,0.782599,0.000309078
nn,0.782696,0.000312751
nn,0.782794,0.000316422
nn,0.782891,0.00032009
nn,0.782989,0.000323751
nn,0.783086,0.000327405
nn,0.783184,0.000331056
nn,0.783281,0.000334698
nn,0.783378,0.000338327
nn,0.783476,0.000341942
nn,0.783573,0.000345537
nn,0.783671,0.000349111
nn,0.783768,0.000352658
nn,0.783866,0.000356179
nn,0.783963,0.000359672
nn,0.784061,0.000363138
nn,0.784158,0.000366578
nn,0.784255,0.000369992
nn,0.784353,0.000373385
nn,0.78445,0.00037676
nn,0.784548,0.000380109
nn,0.784645,0.000383432
nn,0.784743,0.000386733
nn,0.78484,0.000390077
nn,0.784938,0.000393255
nn,0.785035,0.000396481
nn,0.785132,0.000399674
nn,0.78523,0.000402832
nn,0.785327,0.000405953
nn,0.785425,0.000409032
nn,0.785522,0.000412069
nn,0.78562,0.000415065
nn,0.785717,0.000418018
nn,0.785815,0.000420928
nn,0.785912,0.000423862
nn,0.786009,0.000426685
nn,0.786107,0.000429469
nn,0.786204,0.000432216
nn,0.786302,0.000434927
nn,0.786399,0.00043761
nn,0.786497,0.00044026
nn,0.786594,0.000442874
nn,0.786692,0.000445453
nn,0.786789,0.000447998
nn,0.786886,0.000450517
nn,0.786984,0.000452996
nn,0.787081,0.000455443
nn,0.787179,0.000457873
nn,0.787276,0.000460274
nn,0.787374,0.000462632
nn,0.787471,0.000464954
nn,0.787569,0.000467233
nn,0.787666,0.000469461
nn,0.787764,0.000471632
nn,0.787861,0.000473748
nn,0.787958,0.000475814
nn,0.788056,0.000477836
nn,0.788153,0.000479815
nn,0.788251,0.00048175
nn,0.788348,0.000483642
nn,0.788446,0.000485486
nn,0.788543,0.000487285
nn,0.788641,0.00048904
nn,0.788738,0.000490753
nn,0.788835,0.000492426
nn,0.788933,0.000494053
nn,0.78903,0.000495639
nn,0.789128,0.000497181
nn,0.789225,0.000498679
nn,0.789323,0.000500134
nn,0.78942,0.000501544
nn,0.789518,0.00050291
nn,0.789615,0.000504231
nn,0.789712,0.000505507
nn,0.78981,0.000506744
nn,0.789907,0.000507942
nn,0.790005,0.000509097
nn,0.790102,0.000510211
nn,0.7902,0.000511279
nn,0.790297,0.000512303
nn,0.790395,0.000513281
nn,0.790492,0.000513728
nn,0.790589,0.00051404
nn,0.790687,0.000514289
nn,0.790784,0.000514515
nn,0.790882,0.00051471
nn,0.790979,0.000514872
nn,0.791077,0.000514996
nn,0.791174,0.000515078
nn,0.791272,0.000515123
nn,0.791369,0.000515142
nn,0.791466,0.000515135
nn,0.791564,0.000515102
nn,0.791661,0.000514927
nn,0.791759,0.000514816
nn,0.791856,0.000514662
nn,0.791954,0.000514468
nn,0.792051,0.00051423
nn,0.792149,0.000513954
nn,0.792246,0.000513643
nn,0.792344,0.000513295
nn,0.792441,0.000512897
nn,0.792538,0.00051245
nn,0.792636,0.00051195
nn,0.792733,0.000511321
nn,0.792831,0.000510561
nn,0.792928,0.00050959
nn,0.793026,0.000508586
nn,0.793123,0.000507543
nn,0.793221,0.000506464
nn,0.793318,0.00050535
nn,0.793415,0.000504204
nn,0.793513,0.000503023
nn,0.79361,0.000501809
nn,0.793708,0.000500559
nn,0.793805,0.00049927
nn,0.793903,0.000497943
nn,0.794,0.000496578
nn,0.794098,0.000495167
nn,0.794195,0.000493707
nn,0.794292,0.000492198
nn,0.79439,0.000490635
nn,0.794487,0.000489027
nn,0.794585,0.000487375
nn,0.794682,0.000485684
nn,0.79478,0.000483951
nn,0.794877,0.000482177
nn,0.794975,0.000480358
nn,0.795072,0.000478495
nn,0.795169,0.000476587
nn,0.795267,0.000474633
nn,0.795364,0.000472636
nn,0.795462,0.000470594
nn,0.795559,0.000468505
nn,0.795657,0.000466365
nn,0.795754,0.00046417
nn,0.795852,0.000461919
nn,0.795949,0.00045961
nn,0.796046,0.000457248
nn,0.796144,0.000454827
nn,0.796241,0.000452357
nn,0.796339,0.000449841
nn,0.796436,0.000447282
nn,0.796534,0.000444678
nn,0.796631,0.000442029
nn,0.796729,0.000439339
nn,0.796826,0.000436609
nn,0.796924,0.000433843
nn,0.797021,0.000431043
nn,0.797118,0.00042821
nn,0.797216,0.000425343
nn,0.797313,0.000422438
nn,0.797411,0.000419496
nn,0.797508,0.00041652
nn,0.797606,0.000413516
nn,0.797703,0.000410485
nn,0.797801,0.000407426
nn,0.797898,0.000404343
nn,0.797995,0.000401235
nn,0.798093,0.000398102
nn,0.79819,0.000394936
nn,0.798288,0.000391734
nn,0.798385,0.000388501
nn,0.798483,0.00038523
nn,0.79858,0.000381929
nn,0.798678,0.000378611
nn,0.798775,0.000375271
nn,0.798872,0.000371906
nn,0.79897,0.000368518
nn,0.799067,0.00036511
nn,0.799165,0.000361685
nn,0.799262,0.000358243
nn,0.79936,0.000354792
nn,0.799457,0.00035133
nn,0.799555,0.000347865
nn,0.799652,0.000344393
nn,0.799749,0.000340909
nn,0.799847,0.000337415
nn,0.799944,0.000333913
nn,0.800042,0.000330405
nn,0.800139,0.000326894
nn,0.800237,0.000323379
nn,0.800334,0.000319861
nn,0.800432,0.000316338
nn,0.800529,0.000312808
nn,0.800626,0.000309266
nn,0.800724,0.000305713
nn,0.800821,0.000302151
nn,0.800919,0.000298587
nn,0.801016,0.000295025
nn,0.801114,0.000291455
nn,0.801211,0.000287879
nn,0.801309,0.000284296
nn,0.801406,0.000280702
nn,0.801504,0.000277099
nn,0.801601,0.000273495
nn,0.801698,0.000269957
nn,0.801796,0.000266372
nn,0.801893,0.000262803
nn,0.801991,0.000259251
nn,0.802088,0.000255716
nn,0.802186,0.0002522
nn,0.802283,0.000248701
nn,0.802381,0.000245219
nn,0.802478,0.000241753
nn,0.802575,0.000238305
nn,0.802673,0.000234871
nn,0.80277,0.000231453
nn,0.802868,0.000228049
nn,0.802965,0.000224654
nn,0.803063,0.000220676
nn,0.80316,0.000216625
nn,0.803258,0.000212506
nn,0.803355,0.000208334
nn,0.803452,0.000204203
nn,0.80355,0.000200121
nn,0.803647,0.000196097
nn,0.803745,0.000192121
nn,0.803842,0.00018819
nn,0.80394,0.000184305
nn,0.804037,0.000180471
nn,0.804135,0.000176682
nn,0.804232,0.000172942
nn,0.804329,0.000169252
nn,0.804427,0.00016561
nn,0.804524,0.000162019
nn,0.804622,0.000158477
nn,0.804719,0.000154981
nn,0.804817,0.00015153
nn,0.804914,0.000148121
nn,0.805012,0.000144755
nn,0.805109,0.000141431
nn,0.805206,0.000138148
nn,0.805304,0.000134909
nn,0.805401,0.000131714
nn,0.805499,0.000128562
nn,0.805596,0.000125453
nn,0.805694,0.000122385
nn,0.805791,0.000119359
nn,0.805889,0.000116374
nn,0.805986,0.000113429
nn,0.806083,0.000110526
nn,0.806181,0.000107665
nn,0.806278,0.000104836
nn,0.806376,0.000102013
nn,0.806473,9.92097e-05
nn,0.806571,9.64065e-05
nn,0.806668,9.36181e-05
nn,0.806766,9.068e-05
nn,0.806863,8.7797e-05
nn,0.806961,8.4967e-05
nn,0.807058,8.21928e-05
nn,0.807155,7.94792e-05
nn,0.807253,7.68295e-05
nn,0.80735,7.42456e-05
nn,0.807448,7.17273e-05
nn,0.807545,6.92731e-05
nn,0.807643,6.68819e-05
nn,0.80774,6.45511e-05
nn,0.807838,6.22773e-05
nn,0.807935,6.00654e-05
nn,0.808032,5.78915e-05
nn,0.80813,5.57805e-05
nn,0.808227,5.37227e-05
nn,0.808325,5.17198e-05
nn,0.808422,4.97721e-05
nn,0.80852,4.78815e-05
nn,0.808617,4.60488e-05
nn,0.808715,4.42741e-05
nn,0.808812,4.25586e-05
nn,0.808909,4.09061e-05
nn,0.809007,3.93164e-05
nn,0.809104,3.77895e-05
nn,0.809202,3.63244e-05
nn,0.809299,3.49209e-05
nn,0.809397,3.3577e-05
nn,0.809494,3.22933e-05
nn,0.809592,3.1062e-05
nn,0.809689,2.98911e-05
nn,0.809786,2.87763e-05
nn,0.809884,2.77185e-05
nn,0.809981,2.67166e-05
nn,0.810079,2.57715e-05
nn,0.810176,2.48822e-05
nn,0.810274,2.4049e-05
nn,0.810371,2.32711e-05
nn,0.810469,2.25484e-05
nn,0.810566,2.18801e-05
nn,0.810663,2.12665e-05
nn,0.810761,2.0707e-05
nn,0.810858,2.02014e-05
nn,0.810956,1.97497e-05
nn,0.811053,1.93511e-05
nn,0.811151,1.90067e-05
nn,0.811248,1.87171e-05
nn,0.811346,1.84828e-05
nn,0.811443,1.83043e-05
nn,0.811541,1.81829e-05
nn,0.811638,1.81199e-05
nn,0.811735,1.81169e-05
nn,0.811833,1.81744e-05
nn,0.81193,1.82943e-05
nn,0.812028,1.84756e-05
nn,0.812125,1.87201e-05
nn,0.812223,1.90264e-05
nn,0.81232,1.93961e-05
nn,0.812418,1.98275e-05
nn,0.812515,2.03203e-05
nn,0.812612,2.08743e-05
nn,0.81271,2.14892e-05
nn,0.812807,2.21652e-05
nn,0.812905,2.28998e-05
nn,0.813002,2.36942e-05
nn,0.8131,2.45475e-05
nn,0.813197,2.54589e-05
nn,0.813295,2.64279e-05
nn,0.813392,2.74539e-05
nn,0.813489,2.85357e-05
nn,0.813587,2.96725e-05
nn,0.813684,3.08637e-05
nn,0.813782,3.21085e-05
nn,0.813879,3.34062e-05
nn,0.813977,3.47561e-05
nn,0.814074,3.61606e-05
nn,0.814172,3.7616e-05
nn,0.814269,3.91238e-05
nn,0.814366,4.06855e-05
nn,0.814464,4.23013e-05
nn,0.814561,4.39722e-05
nn,0.814659,4.56988e-05
nn,0.814756,4.74823e-05
nn,0.814854,4.93232e-05
nn,0.814951,5.12222e-05
nn,0.815049,5.31788e-05
nn,0.815146,5.51919e-05
nn,0.815243,5.7259e-05
nn,0.815341,5.93797e-05
nn,0.815438,6.15535e-05
nn,0.815536,6.37777e-05
nn,0.815633,6.60503e-05
nn,0.815731,6.83704e-05
nn,0.815828,7.07362e-05
nn,0.815926,7.31481e-05
nn,0.816023,7.56028e-05
nn,0.816121,7.81019e-05
nn,0.816218,8.06423e-05
nn,0.816315,8.27974e-05
nn,0.816413,8.49465e-05
nn,0.81651,8.70849e-05
nn,0.816608,8.92223e-05
nn,0.816705,9.13663e-05
nn,0.816803,9.35262e-05
nn,0.8169,9.57096e-05
nn,0.816998,9.79457e-05
nn,0.817095,0.000100254
nn,0.817192,0.00010263
nn,0.81729,0.000105074
nn,0.817387,0.000107582
nn,0.817485,0.000110148
nn,0.817582,0.000112778
nn,0.81768,0.000115468
nn,0.817777,0.000118215
nn,0.817875,0.000121018
nn,0.817972,0.000123874
nn,0.818069,0.000126783
nn,0.818167,0.000129741
nn,0.818264,0.000132745
nn,0.818362,0.000135794
nn,0.818459,0.000138886
nn,0.818557,0.00014202
nn,0.818654,0.000145195
nn,0.818752,0.000148409
nn,0.818849,0.000151642
nn,0.818946,0.000154937
nn,0.819044,0.000158272
nn,0.819141,0.000161646
nn,0.819239,0.00016506
nn,0.819336,0.000168511
nn,0.819434,0.000171998
nn,0.819531,0.000175524
nn,0.819629,0.000179087
nn,0.819726,0.000182682
nn,0.819823,0.000186306
nn,0.819921,0.000189947
nn,0.820018,0.000193616
nn,0.820116,0.000197313
nn,0.820213,0.000201036
nn,0.820311,0.000204785
nn,0.820408,0.000208557
nn,0.820506,0.000212353
nn,0.820603,0.000216169
nn,0.820701,0.000220005
nn,0.820798,0.000223864
nn,0.820895,0.000227741
nn,0.820993,0.0002315
nn,0.82109,0.000235141
nn,0.821188,0.00023867
nn,0.821285,0.000241759
nn,0.821383,0.000244874
nn,0.82148,0.000248006
nn,0.821578,0.00025116
nn,0.821675,0.000254351
nn,0.821772,0.000257588
nn,0.82187,0.000260875
nn,0.821967,0.000264201
nn,0.822065,0.00026757
nn,0.822162,0.000271007
nn,0.82226,0.00027441
nn,0.822357,0.000277887
nn,0.822455,0.000281388
nn,0.822552,0.000284912
nn,0.822649,0.000288453
nn,0.822747,0.000292012
nn,0.822844,0.000295586
nn,0.822942,0.000299173
nn,0.823039,0.000302769
nn,0.823137,0.000306379
nn,0.823234,0.000310001
nn,0.823332,0.00031363
nn,0.823429,0.000317259
nn,0.823526,0.000320882
nn,0.823624,0.000324499
nn,0.823721,0.000328107
nn,0.823819,0.000331702
nn,0.823916,0.000335281
nn,0.824014,0.000338844
nn,0.824111,0.000342387
nn,0.824209,0.00034591
nn,0.824306,0.000349411
nn,0.824403,0.000352889
nn,0.824501,0.000356343
nn,0.824598,0.000359773
nn,0.824696,0.000363177
nn,0.824793,0.000366557
nn,0.824891,0.000369913
nn,0.824988,0.000373248
nn,0.825086,0.000376625
nn,0.825183,0.000379923
nn,0.82528,0.000383191
nn,0.825378,0.000386437
nn,0.825475,0.000389659
nn,0.825573,0.000392858
nn,0.82567,0.000396025
nn,0.825768,0.000399157
nn,0.825865,0.000402255
nn,0.825963,0.000405316
nn,0.82606,0.000408339
nn,0.826158,0.000411321
nn,0.826255,0.000414265
nn,0.826352,0.000417164
nn,0.82645,0.000420019
nn,0.826547,0.00042283
nn,0.826645,0.000425602
nn,0.826742,0.000428336
nn,0.82684,0.000431034
nn,0.826937,0.000433701
nn,0.827035,0.000436337
nn,0.827132,0.00043894
nn,0.827229,0.000441512
nn,0.827327,0.000444057
nn,0.827424,0.000446565
nn,0.827522,0.00044905
nn,0.827619,0.00045153
nn,0.827717,0.000453985
nn,0.827814,0.000456414
nn,0.827912,0.000458811
nn,0.828009,0.000461167
nn,0.828106,0.000463477
nn,0.828204,0.000465734
nn,0.828301,0.000467935
nn,0.828399,0.000470082
nn,0.828496,0.000472182
nn,0.828594,0.000474238
nn,0.828691,0.00047625
nn,0.828789,0.000478217
nn,0.828886,0.000480134
nn,0.828983,0.000482006
nn,0.829081,0.000483833
nn,0.829178,0.000485614
nn,0.829276,0.000487349
nn,0.829373,0.000489041
nn,0.829471,0.000490691
nn,0.829568,0.000492305
nn,0.829666,0.000493875
nn,0.829763,0.000495405
nn,0.82986,0.000496892
nn,0.829958,0.000498338
nn,0.830055,0.000499741
nn,0.830153,0.000501099
nn,0.83025,0.000502409
nn,0.830348,0.000503676
nn,0.830445,0.000504897
nn,0.830543,0.000506074
nn,0.83064,0.000507204
nn,0.830738,0.000508288
nn,0.830835,0.000509329
nn,0.830932,0.000510321
nn,0.83103,0.000511263
nn,0.831127,0.000512157
nn,0.831225,0.000512999
nn,0.831322,0.000513364
nn,0.83142,0.00051358
nn,0.831517,0.000513671
nn,0.831615,0.000513745
nn,0.831712,0.000513792
nn,0.831809,0.000513805
nn,0.831907,0.000513781
nn,0.832004,0.000513711
nn,0.832102,0.000513597
nn,0.832199,0.000513451
nn,0.832297,0.000513177
nn,0.832394,0.000512974
nn,0.832492,0.000512738
nn,0.832589,0.000512464
nn,0.832686,0.000512155
nn,0.832784,0.00051181
nn,0.832881,0.000511427
nn,0.832979,0.000511005
nn,0.833076,0.000510542
nn,0.833174,0.000509963
nn,0.833271,0.000509262
nn,0.833369,0.000508333
nn,0.833466,0.00050736
nn,0.833563,0.000506338
nn,0.833661,0.000505283
nn,0.833758,0.000504206
nn,0.833856,0.000503105
nn,0.833953,0.000501975
nn,0.834051,0.000500811
nn,0.834148,0.000499608
nn,0.834246,0.000498364
nn,0.834343,0.000497079
nn,0.83444,0.000495755
nn,0.834538,0.000494394
nn,0.834635,0.000492994
nn,0.834733,0.000491554
nn,0.83483,0.000490069
nn,0.834928,0.00048854
nn,0.835025,0.000486965
nn,0.835123,0.000485341
nn,0.83522,0.000483674
nn,0.835318,0.000481965
nn,0.835415,0.000480212
nn,0.835512,0.000478418
nn,0.83561,0.000476585
nn,0.835707,0.000474711
nn,0.835805,0.000472796
nn,0.835902,0.000470838
nn,0.836,0.000468834
nn,0.836097,0.000466783
nn,0.836195,0.000464679
nn,0.836292,0.000462519
nn,0.836389,0.000460301
nn,0.836487,0.000458024
nn,0.836584,0.00045569
nn,0.836682,0.000453302
nn,0.836779,0.00045086
nn,0.836877,0.000448363
nn,0.836974,0.000445823
nn,0.837072,0.000443246
nn,0.837169,0.000440627
nn,0.837266,0.000437962
nn,0.837364,0.000435258
nn,0.837461,0.000432519
nn,0.837559,0.000429746
nn,0.837656,0.000426942
nn,0.837754,0.000424107
nn,0.837851,0.000421237
nn,0.837949,0.000418328
nn,0.838046,0.000415382
nn,0.838143,0.0004124
nn,0.838241,0.000409386
nn,0.838338,0.000406342
nn,0.838436,0.00040327
nn,0.838533,0.000400173
nn,0.838631,0.000397048
nn,0.838728,0.000393898
nn,0.838826,0.000390722
nn,0.838923,0.000387518
nn,0.83902,0.000384274
nn,0.839118,0.000381
nn,0.839215,0.000377704
nn,0.839313,0.000374385
nn,0.83941,0.000371045
nn,0.839508,0.000367688
nn,0.839605,0.000364312
nn,0.839703,0.000360916
nn,0.8398,0.000357505
nn,0.839898,0.000354077
nn,0.839995,0.000350645
nn,0.840092,0.000347212
nn,0.84019,0.000343775
nn,0.840287,0.000340332
nn,0.840385,0.000336878
nn,0.840482,0.000333413
nn,0.84058,0.000329937
nn,0.840677,0.000326452
nn,0.840775,0.000322961
nn,0.840872,0.000319466
nn,0.840969,0.000315967
nn,0.841067,0.000312459
nn,0.841164,0.000308942
nn,0.841262,0.000305417
nn,0.841359,0.000301889
nn,0.841457,0.000298361
nn,0.841554,0.000294831
nn,0.841652,0.000291295
nn,0.841749,0.000287748
nn,0.841846,0.000284195
nn,0.841944,0.00028064
nn,0.842041,0.000277085
nn,0.842139,0.000273535
nn,0.842236,0.000269997
nn,0.842334,0.000266476
nn,0.842431,0.000262974
nn,0.842529,0.000259491
nn,0.842626,0.000256024
nn,0.842723,0.00025257
nn,0.842821,0.000249125
nn,0.842918,0.000245689
nn,0.843016,0.000242263
nn,0.843113,0.00023885
nn,0.843211,0.000235455
nn,0.843308,0.000232083
nn,0.843406,0.000228121
nn,0.843503,0.000224093
nn,0.8436,0.000220008
nn,0.843698,0.000215883
nn,0.843795,0.000211796
nn,0.843893,0.000207757
nn,0.84399,0.000203839
nn,0.844088,0.000199881
nn,0.844185,0.000195962
nn,0.844283,0.000192089
nn,0.84438,0.000188247
nn,0.844477,0.000184448
nn,0.844575,0.000180694
nn,0.844672,0.000176986
nn,0.84477,0.000173324
nn,0.844867,0.00016971
nn,0.844965,0.000166141
nn,0.845062,0.000162616
nn,0.84516,0.000159133
nn,0.845257,0.000155691
nn,0.845355,0.000152288
nn,0.845452,0.000148926
nn,0.845549,0.000145603
nn,0.845647,0.000142319
nn,0.845744,0.000139071
nn,0.845842,0.000135864
nn,0.845939,0.000132694
nn,0.846037,0.000129564
nn,0.846134,0.000126474
nn,0.846232,0.000123422
nn,0.846329,0.000120409
nn,0.846426,0.000117435
nn,0.846524,0.000114501
nn,0.846621,0.000111606
nn,0.846719,0.000108751
nn,0.846816,0.000105935
nn,0.846914,0.000103162
nn,0.847011,0.000100431
nn,0.847109,9.77463e-05
nn,0.847206,9.51077e-05
nn,0.847303,9.25187e-05
nn,0.847401,8.99784e-05
nn,0.847498,8.74903e-05
nn,0.847596,8.5048e-05
nn,0.847693,8.26507e-05
nn,0.847791,8.02633e-05
nn,0.847888,7.78889e-05
nn,0.847986,7.55256e-05
nn,0.848083,7.31726e-05
nn,0.84818,7.08314e-05
nn,0.848278,6.83053e-05
nn,0.848375,6.5829e-05
nn,0.848473,6.34002e-05
nn,0.84857,6.10202e-05
nn,0.848668,5.86979e-05
nn,0.848765,5.64377e-05
nn,0.848863,5.424e-05
nn,0.84896,5.21087e-05
nn,0.849057,5.00441e-05
nn,0.849155,4.80458e-05
nn,0.849252,4.61131e-05
nn,0.84935,4.42458e-05
nn,0.849447,4.24436e-05
nn,0.849545,4.0708e-05
nn,0.849642,3.9041e-05
nn,0.84974,3.74389e-05
nn,0.849837,3.59025e-05
nn,0.849935,3.44339e-05
nn,0.850032,3.3031e-05
nn,0.850129,3.16958e-05
nn,0.850227,3.04257e-05
nn,0.850324,2.92216e-05
nn,0.850422,2.80831e-05
nn,0.850519,2.70096e-05
nn,0.850617,2.59994e-05
nn,0.850714,2.5051e-05
nn,0.850812,2.41624e-05
nn,0.850909,2.33284e-05
nn,0.851006,2.25523e-05
nn,0.851104,2.18311e-05
nn,0.851201,2.11647e-05
nn,0.851299,2.05532e-05
nn,0.851396,1.99955e-05
nn,0.851494,1.94952e-05
nn,0.851591,1.90497e-05
nn,0.851689,1.86595e-05
nn,0.851786,1.83245e-05
nn,0.851883,1.80425e-05
nn,0.851981,1.7816e-05
nn,0.852078,1.76486e-05
nn,0.852176,1.75381e-05
nn,0.852273,1.74864e-05
nn,0.852371,1.74933e-05
nn,0.852468,1.75611e-05
nn,0.852566,1.76894e-05
nn,0.852663,1.78793e-05
nn,0.85276,1.81306e-05
nn,0.852858,1.84435e-05
nn,0.852955,1.88176e-05
nn,0.853053,1.92539e-05
nn,0.85315,1.97522e-05
nn,0.853248,2.03125e-05
nn,0.853345,2.09346e-05
nn,0.853443,2.16189e-05
nn,0.85354,2.23651e-05
nn,0.853637,2.31724e-05
nn,0.853735,2.40399e-05
nn,0.853832,2.49646e-05
nn,0.85393,2.59466e-05
nn,0.854027,2.69825e-05
nn,0.854125,2.8071e-05
nn,0.854222,2.92099e-05
nn,0.85432,3.03977e-05
nn,0.854417,3.1629e-05
nn,0.854515,3.29127e-05
nn,0.854612,3.42458e-05
nn,0.854709,3.56281e-05
nn,0.854807,3.70564e-05
nn,0.854904,3.85419e-05
nn,0.855002,4.0078e-05
nn,0.855099,4.16735e-05
nn,0.855197,4.3323e-05
nn,0.855294,4.50383e-05
nn,0.855392,4.68069e-05
nn,0.855489,4.86327e-05
nn,0.855586,5.05188e-05
nn,0.855684,5.24698e-05
nn,0.855781,5.44705e-05
nn,0.855879,5.6525e-05
nn,0.855976,5.86339e-05
nn,0.856074,6.07951e-05
nn,0.856171,6.30061e-05
nn,0.856269,6.52669e-05
nn,0.856366,6.75773e-05
nn,0.856463,6.99364e-05
nn,0.856561,7.23432e-05
nn,0.856658,7.47973e-05
nn,0.856756,7.72964e-05
nn,0.856853,7.98428e-05
nn,0.856951,8.24314e-05
nn,0.857048,8.50673e-05
nn,0.857146,8.77485e-05
nn,0.857243,9.04746e-05
nn,0.85734,9.32454e-05
nn,0.857438,9.60619e-05
nn,0.857535,9.84718e-05
nn,0.857633,0.000100878
nn,0.85773,0.000103278
nn,0.857828,0.000105679
nn,0.857925,0.000108091
nn,0.858023,0.000110539
nn,0.85812,0.000113052
nn,0.858217,0.000115633
nn,0.858315,0.000118275
nn,0.858412,0.000120975
nn,0.85851,0.00012373
nn,0.858607,0.000126541
nn,0.858705,0.000129407
nn,0.858802,0.000132327
nn,0.8589,0.000135299
nn,0.858997,0.00013832
nn,0.859095,0.000141388
nn,0.859192,0.000144501
nn,0.859289,0.000147657
nn,0.859387,0.000150855
nn,0.859484,0.000154095
nn,0.859582,0.000157376
nn,0.859679,0.000160697
nn,0.859777,0.000164057
nn,0.859874,0.000167454
nn,0.859972,0.000170891
nn,0.860069,0.000174366
nn,0.860166,0.000177876
nn,0.860264,0.000181421
nn,0.860361,0.000185001
nn,0.860459,0.000188612
nn,0.860556,0.000192254
nn,0.860654,0.000195927
nn,0.860751,0.000199629
nn,0.860849,0.000203349
nn,0.860946,0.000207096
nn,0.861043,0.000210869
nn,0.861141,0.000214586
nn,0.861238,0.000218204
nn,0.861336,0.000221722
nn,0.861433,0.000225137
nn,0.861531,0.000228136
nn,0.861628,0.000231163
nn,0.861726,0.00023421
nn,0.861823,0.000237278
nn,0.86192,0.000240383
nn,0.862018,0.000243538
nn,0.862115,0.000246745
nn,0.862213,0.00025001
nn,0.86231,0.00025332
nn,0.862408,0.000256676
nn,0.862505,0.000260075
nn,0.862603,0.000263511
nn,0.8627,0.000266979
nn,0.862797,0.00027048
nn,0.862895,0.000273994
nn,0.862992,0.000277526
nn,0.86309,0.00028107
nn,0.863187,0.000284631
nn,0.863285,0.000288205
nn,0.863382,0.000291792
nn,0.86348,0.000295389
nn,0.863577,0.000298995
nn,0.863674,0.000302607
nn,0.863772,0.000306217
nn,0.863869,0.000309821
nn,0.863967,0.000313426
nn,0.864064,0.000317027
nn,0.864162,0.000320624
nn,0.864259,0.000324215
nn,0.864357,0.000327799
nn,0.864454,0.000331376
nn,0.864552,0.000334949
nn,0.864649,0.000338497
nn,0.864746,0.000342023
nn,0.864844,0.000345529
nn,0.864941,0.000349012
nn,0.865039,0.000352468
nn,0.865136,0.000355898
nn,0.865234,0.000359301
nn,0.865331,0.000362678
nn,0.865429,0.000366035
nn,0.865526,0.000369365
nn,0.865623,0.000372674
nn,0.865721,0.00037596
nn,0.865818,0.000379223
nn,0.865916,0.000382462
nn,0.866013,0.000385681
nn,0.866111,0.000388874
nn,0.866208,0.000392039
nn,0.866306,0.000395172
nn,0.866403,0.000398271
nn,0.8665,0.000401334
nn,0.866598,0.000404356
nn,0.866695,0.00040734
nn,0.866793,0.000410282
nn,0.86689,0.000413182
nn,0.866988,0.000416037
nn,0.867085,0.000418849
nn,0.867183,0.000421622
nn,0.86728,0.000424358
nn,0.867377,0.000427059
nn,0.867475,0.000429724
nn,0.867572,0.000432353
nn,0.86767,0.000434955
nn,0.867767,0.000437524
nn,0.867865,0.00044006
nn,0.867962,0.000442563
nn,0.86806,0.000445042
nn,0.868157,0.000447492
nn,0.868254,0.000449899
nn,0.868352,0.000452277
nn,0.868449,0.000454629
nn,0.868547,0.000456946
nn,0.868644,0.000459222
nn,0.868742,0.000461458
nn,0.868839,0.000463648
nn,0.868937,0.000465787
nn,0.869034,0.000467878
nn,0.869132,0.000469924
nn,0.869229,0.000471927
nn,0.869326,0.000473887
nn,0.869424,0.000475804
nn,0.869521,0.000477679
nn,0.869619,0.000479508
nn,0.869716,0.000481292
nn,0.869814,0.000483035
nn,0.869911,0.000484731
nn,0.870009,0.000486387
nn,0.870106,0.000487998
nn,0.870203,0.000489566
nn,0.870301,0.000491088
nn,0.870398,0.000492565
nn,0.870496,0.000493995
nn,0.870593,0.00049538
nn,0.870691,0.00049672
nn,0.870788,0.00049802
nn,0.870886,0.00049928
nn,0.870983,0.000500508
nn,0.87108,0.000501699
nn,0.871178,0.000502851
nn,0.871275,0.00050396
nn,0.871373,0.000505025
nn,0.87147,0.000506042
nn,0.871568,0.000507015
nn,0.871665,0.000507462
nn,0.871763,0.000507772
nn,0.87186,0.000508004
nn,0.871957,0.000508217
nn,0.872055,0.000508398
nn,0.872152,0.000508546
nn,0.87225,0.000508658
nn,0.872347,0.000508733
nn,0.872445,0.000508773
nn,0.872542,0.000508787
nn,0.87264,0.000508772
nn,0.872737,0.000508726
nn,0.872834,0.000508645
nn,0.872932,0.000508521
nn,0.873029,0.000508358
nn,0.873127,0.000508154
nn,0.873224,0.00050791
nn,0.873322,0.000507617
nn,0.873419,0.000507293
nn,0.873517,0.000506936
nn,0.873614,0.000506539
nn,0.873712,0.0005061
nn,0.873809,0.000505604
nn,0.873906,0.00050497
nn,0.874004,0.000504061
nn,0.874101,0.000503116
nn,0.874199,0.000502129
nn,0.874296,0.000501105
nn,0.874394,0.00050005
nn,0.874491,0.000498964
nn,0.874589,0.000497845
nn,0.874686,0.000496692
nn,0.874783,0.000495504
nn,0.874881,0.000494279
nn,0.874978,0.000493016
nn,0.875076,0.000491714
nn,0.875173,0.000490374
nn,0.875271,0.000488986
nn,0.875368,0.000487551
nn,0.875466,0.000486064
nn,0.875563,0.000484527
nn,0.87566,0.000482943
nn,0.875758,0.000481314
nn,0.875855,0.000479645
nn,0.875953,0.000477933
nn,0.87605,0.000476179
nn,0.876148,0.000474376
nn,0.876245,0.000472531
nn,0.876343,0.000470469
nn,0.87644,0.000468536
nn,0.876537,0.000466559
nn,0.876635,0.000464537
nn,0.876732,0.000462468
nn,0.87683,0.00046035
nn,0.876927,0.000458177
nn,0.877025,0.000455946
nn,0.877122,0.000453661
nn,0.87722,0.000451321
nn,0.877317,0.000448931
nn,0.877414,0.000446487
nn,0.877512,0.000444001
nn,0.877609,0.000441475
nn,0.877707,0.000438908
nn,0.877804,0.000436295
nn,0.877902,0.000433636
nn,0.877999,0.000430936
nn,0.878097,0.000428198
nn,0.878194,0.000425423
nn,0.878292,0.000422613
nn,0.878389,0.00041977
nn,0.878486,0.000416893
nn,0.878584,0.00041398
nn,0.878681,0.000411031
nn,0.878779,0.000408052
nn,0.878876,0.000405046
nn,0.878974,0.00040202
nn,0.879071,0.000398969
nn,0.879169,0.00039589
nn,0.879266,0.000392783
nn,0.879363,0.000389651
nn,0.879461,0.000386488
nn,0.879558,0.000383283
nn,0.879656,0.00038005
nn,0.879753,0.000376802
nn,0.879851,0.000373531
nn,0.879948,0.000370231
nn,0.880046,0.000366905
nn,0.880143,0.000363559
nn,0.88024,0.000360193
nn,0.880338,0.000356803
nn,0.880435,0.000353395
nn,0.880533,0.000349975
nn,0.88063,0.000346551
nn,0.880728,0.000343116
nn,0.880825,0.000339677
nn,0.880923,0.000336228
nn,0.88102,0.000332769
nn,0.881117,0.0003293
nn,0.881215,0.000325825
nn,0.881312,0.000322419
nn,0.88141,0.000318933
nn,0.881507,0.000315443
nn,0.881605,0.000311946
nn,0.881702,0.000308443
nn,0.8818,0.000304933
nn,0.881897,0.000301415
nn,0.881994,0.000297889
nn,0.882092,0.000294362
nn,0.882189,0.000290837
nn,0.882287,0.000287317
nn,0.882384,0.000283791
nn,0.882482,0.000280261
nn,0.882579,0.000276725
nn,0.882677,0.000273182
nn,0.882774,0.000269632
nn,0.882871,0.000266085
nn,0.882969,0.000262547
nn,0.883066,0.000259023
nn,0.883164,0.000255517
nn,0.883261,0.00025203
nn,0.883359,0.000248561
nn,0.883456,0.000245112
nn,0.883554,0.00024168
nn,0.883651,0.000238265
nn,0.883749,0.000234864
nn,0.883846,0.000231479
nn,0.883943,0.000228106
nn,0.884041,0.000224746
nn,0.884138,0.000221399
nn,0.884236,0.00021806
nn,0.884333,0.000214734
nn,0.884431,0.000210835
nn,0.884528,0.000206861
nn,0.884626,0.000202822
nn,0.884723,0.000198736
nn,0.88482,0.000194697
nn,0.884918,0.000190717
nn,0.885015,0.000186801
nn,0.885113,0.00018294
nn,0.88521,0.000179126
nn,0.885308,0.000175357
nn,0.885405,0.000171632
nn,0.885503,0.000167956
nn,0.8856,0.000164331
nn,0.885697,0.000160758
nn,0.885795,0.000157235
nn,0.885892,0.000153762
nn,0.88599,0.000150334
nn,0.886087,0.000146948
nn,0.886185,0.000143606
nn,0.886282,0.000140307
nn,0.88638,0.000137049
nn,0.886477,0.000133837
nn,0.886574,0.000130668
nn,0.886672,0.000127543
nn,0.886769,0.00012446
nn,0.886867,0.000121421
nn,0.886964,0.000118424
nn,0.887062,0.00011547
nn,0.887159,0.000112557
nn,0.887257,0.000109686
nn,0.887354,0.000106856
nn,0.887451,0.000104069
nn,0.887549,0.000101326
nn,0.887646,9.86284e-05
nn,0.887744,9.59773e-05
nn,0.887841,9.33683e-05
nn,0.887939,9.07804e-05
nn,0.888036,8.81976e-05
nn,0.888134,8.56342e-05
nn,0.888231,8.3089e-05
nn,0.888329,8.05611e-05
nn,0.888426,7.78661e-05
nn,0.888523,7.52231e-05
nn,0.888621,7.26293e-05
nn,0.888718,7.00873e-05
nn,0.888816,6.76049e-05
nn,0.888913,6.51853e-05
nn,0.889011,6.28333e-05
nn,0.889108,6.05484e-05
nn,0.889206,5.83354e-05
nn,0.889303,5.61687e-05
nn,0.8894,5.40699e-05
nn,0.889498,5.2029e-05
nn,0.889595,5.00454e-05
nn,0.889693,4.81203e-05
nn,0.88979,4.62549e-05
nn,0.889888,4.44505e-05
nn,0.889985,4.27066e-05
nn,0.890083,4.10254e-05
nn,0.89018,3.9406e-05
nn,0.890277,3.785e-05
nn,0.890375,3.63605e-05
nn,0.890472,3.49318e-05
nn,0.89057,3.35643e-05
nn,0.890667,3.22606e-05
nn,0.890765,3.10191e-05
nn,0.890862,2.98388e-05
nn,0.89096,2.87184e-05
nn,0.891057,2.76585e-05
nn,0.891154,2.66576e-05
nn,0.891252,2.57152e-05
nn,0.891349,2.48312e-05
nn,0.891447,2.40064e-05
nn,0.891544,2.32376e-05
nn,0.891642,2.25261e-05
nn,0.891739,2.18698e-05
nn,0.891837,2.12683e-05
nn,0.891934,2.07205e-05
nn,0.892031,2.0224e-05
nn,0.892129,1.97804e-05
nn,0.892226,1.93947e-05
nn,0.892324,1.90614e-05
nn,0.892421,1.8783e-05
nn,0.892519,1.85553e-05
nn,0.892616,1.8384e-05
nn,0.892714,1.82692e-05
nn,0.892811,1.82124e-05
nn,0.892909,1.82131e-05
nn,0.893006,1.82724e-05
nn,0.893103,1.83915e-05
nn,0.893201,1.85711e-05
nn,0.893298,1.88124e-05
nn,0.893396,1.91153e-05
nn,0.893493,1.94823e-05
nn,0.893591,1.99083e-05
nn,0.893688,2.03963e-05
nn,0.893786,2.09452e-05
nn,0.893883,2.15549e-05
nn,0.89398,2.22262e-05
nn,0.894078,2.29563e-05
nn,0.894175,2.37413e-05
nn,0.894273,2.45831e-05
nn,0.89437,2.54844e-05
nn,0.894468,2.64375e-05
nn,0.894565,2.74455e-05
nn,0.894663,2.85083e-05
nn,0.89476,2.96279e-05
nn,0.894857,3.08021e-05
nn,0.894955,3.20278e-05
nn,0.895052,3.33079e-05
nn,0.89515,3.46442e-05
nn,0.895247,3.6036e-05
nn,0.895345,3.74875e-05
nn,0.895442,3.89902e-05
nn,0.89554,4.05489e-05
nn,0.895637,4.21627e-05
nn,0.895734,4.38322e-05
nn,0.895832,4.55567e-05
nn,0.895929,4.73366e-05
nn,0.896027,4.9171e-05
nn,0.896124,5.10599e-05
nn,0.896222,5.30037e-05
nn,0.896319,5.5003e-05
nn,0.896417,5.70564e-05
nn,0.896514,5.91651e-05
nn,0.896611,6.13241e-05
nn,0.896709,6.35386e-05
nn,0.896806,6.58052e-05
nn,0.896904,6.81235e-05
nn,0.897001,7.00842e-05
nn,0.897099,7.20524e-05
nn,0.897196,7.40231e-05
nn,0.897294,7.59997e-05
nn,0.897391,7.79873e-05
nn,0.897489,7.99933e-05
nn,0.897586,8.20232e-05
nn,0.897683,8.40815e-05
nn,0.897781,8.61895e-05
nn,0.897878,8.83632e-05
nn,0.897976,9.0601e-05
nn,0.898073,9.28978e-05
nn,0.898171,9.52594e-05
nn,0.898268,9.76826e-05
nn,0.898366,0.000100167
nn,0.898463,0.000102712
nn,0.89856,0.000105316
nn,0.898658,0.000107979
nn,0.898755,0.000110699
nn,0.898853,0.000113475
nn,0.89895,0.000116306
nn,0.899048,0.000119189
nn,0.899145,0.000122122
nn,0.899243,0.000125103
nn,0.89934,0.000128129
nn,0.899437,0.000131198
nn,0.899535,0.000134309
nn,0.899632,0.000137461
nn,0.89973,0.000140652
nn,0.899827,0.00014388
nn,0.899925,0.000147145
nn,0.900022,0.000150446
nn,0.90012,0.000153781
nn,0.900217,0.000157152
nn,0.900314,0.000160556
nn,0.900412,0.000163993
nn,0.900509,0.000167461
nn,0.900607,0.000170962
nn,0.900704,0.000174496
nn,0.900802,0.000178059
nn,0.900899,0.000181649
nn,0.900997,0.000185267
nn,0.901094,0.000188915
nn,0.901191,0.000192581
nn,0.901289,0.000196271
nn,0.901386,0.000199985
nn,0.901484,0.000203722
nn,0.901581,0.000207479
nn,0.901679,0.000211261
nn,0.901776,0.000215066
nn,0.901874,0.000218858
nn,0.901971,0.000222537
nn,0.902068,0.000226104
nn,0.902166,0.000229564
nn,0.902263,0.000232588
nn,0.902361,0.000235636
nn,0.902458,0.000238694
nn,0.902556,0.000241771
nn,0.902653,0.000244884
nn,0.902751,0.000248044
nn,0.902848,0.000251255
nn,0.902946,0.000254515
nn,0.903043,0.00025782
nn,0.90314,0.00026117
nn,0.903238,0.000264558
nn,0.903335,0.000267981
nn,0.903433,0.000271431
nn,0.90353,0.000274904
nn,0.903628,0.000278399
nn,0.903725,0.000281912
nn,0.903823,0.000285444
nn,0.90392,0.00028899
nn,0.904017,0.000292553
nn,0.904115,0.000296128
nn,0.904212,0.000299716
nn,0.90431,0.000303316
nn,0.904407,0.000306921
nn,0.904505,0.000310523
nn,0.904602,0.000314118
nn,0.9047,0.000317705
nn,0.904797,0.000321283
nn,0.904894,0.000324846
nn,0.904992,0.000328392
nn,0.905089,0.000331922
nn,0.905187,0.000335433
nn,0.905284,0.000338926
nn,0.905382,0.0003424
nn,0.905479,0.000345854
nn,0.905577,0.000349287
nn,0.905674,0.000352699
nn,0.905771,0.000356087
nn,0.905869,0.000359451
nn,0.905966,0.000362791
nn,0.906064,0.000366109
nn,0.906161,0.000369407
nn,0.906259,0.000372686
nn,0.906356,0.000375937
nn,0.906454,0.000379165
nn,0.906551,0.000382364
nn,0.906648,0.000385539
nn,0.906746,0.000388687
nn,0.906843,0.0003918
nn,0.906941,0.000394875
nn,0.907038,0.000397912
nn,0.907136,0.000400911
nn,0.907233,0.000403872
nn,0.907331,0.000406792
nn,0.907428,0.000409673
nn,0.907526,0.000412515
nn,0.907623,0.000415483
nn,0.90772,0.000418243
nn,0.907818,0.000420803
nn,0.907915,0.000423485
nn,0.908013,0.000426134
nn,0.90811,0.00042875
nn,0.908208,0.000431329
nn,0.908305,0.000433875
nn,0.908403,0.000436393
nn,0.9085,0.000438869
nn,0.908597,0.000441318
nn,0.908695,0.000443765
nn,0.908792,0.000446194
nn,0.90889,0.000448593
nn,0.908987,0.000450962
nn,0.909085,0.000453296
nn,0.909182,0.000455584
nn,0.90928,0.000457821
nn,0.909377,0.000460007
nn,0.909474,0.000462145
nn,0.909572,0.000464237
nn,0.909669,0.000466289
nn,0.909767,0.0004683
nn,0.909864,0.000470269
nn,0.909962,0.000472192
nn,0.910059,0.00047407
nn,0.910157,0.000475907
nn,0.910254,0.000477703
nn,0.910351,0.000479454
nn,0.910449,0.000481158
nn,0.910546,0.00048282
nn,0.910644,0.000484442
nn,0.910741,0.000486026
nn,0.910839,0.00048757
nn,0.910936,0.000489072
nn,0.911034,0.000490532
nn,0.911131,0.00049195
nn,0.911228,0.000493326
nn,0.911326,0.000494659
nn,0.911423,0.000495947
nn,0.911521,0.000497193
nn,0.911618,0.000498397
nn,0.911716,0.000499557
nn,0.911813,0.000500674
nn,0.911911,0.000501751
nn,0.912008,0.000502786
nn,0.912106,0.000503778
nn,0.912203,0.000504723
nn,0.9123,0.00050562
nn,0.912398,0.000506026
nn,0.912495,0.000506295
nn,0.912593,0.000506467
nn,0.91269,0.000506619
nn,0.912788,0.000506743
nn,0.912885,0.000506833
nn,0.912983,0.000506881
nn,0.91308,0.000506896
nn,0.913177,0.000506869
nn,0.913275,0.00050681
nn,0.913372,0.00050672
nn,0.91347,0.000506495
nn,0.913567,0.000506325
nn,0.913665,0.000506114
nn,0.913762,0.000505865
nn,0.91386,0.00050558
nn,0.913957,0.000505262
nn,0.914054,0.000504907
nn,0.914152,0.000504513
nn,0.914249,0.000504078
nn,0.914347,0.000503457
nn,0.914444,0.000502802
nn,0.914542,0.00050189
nn,0.914639,0.000500934
nn,0.914737,0.000499929
nn,0.914834,0.000498889
nn,0.914931,0.000497824
nn,0.915029,0.000496734
nn,0.915126,0.000495613
nn,0.915224,0.000494457
nn,0.915321,0.00049326
nn,0.915419,0.000492023
nn,0.915516,0.000490743
nn,0.915614,0.000489424
nn,0.915711,0.000488066
nn,0.915808,0.000486666
nn,0.915906,0.000485224
nn,0.916003,0.000483738
nn,0.916101,0.000482208
nn,0.916198,0.000480637
nn,0.916296,0.000479021
nn,0.916393,0.000477365
nn,0.916491,0.00047567
nn,0.916588,0.000473937
nn,0.916686,0.00047232
nn,0.916783,0.000470335
nn,0.91688,0.000468483
nn,0.916978,0.000466588
nn,0.917075,0.000464652
nn,0.917173,0.000462664
nn,0.91727,0.000460634
nn,0.917368,0.000458551
nn,0.917465,0.000456413
nn,0.917563,0.000454217
nn,0.91766,0.000451967
nn,0.917757,0.000449663
nn,0.917855,0.000447308
nn,0.917952,0.0004449
nn,0.91805,0.000442438
nn,0.918147,0.000439934
nn,0.918245,0.000437393
nn,0.918342,0.000434811
nn,0.91844,0.000432184
nn,0.918537,0.000429517
nn,0.918634,0.000426817
nn,0.918732,0.000424084
nn,0.918829,0.000421321
nn,0.918927,0.00041853
nn,0.919024,0.000415708
nn,0.919122,0.000412853
nn,0.919219,0.000409961
nn,0.919317,0.000407036
nn,0.919414,0.000404077
nn,0.919511,0.000401089
nn,0.919609,0.000398234
nn,0.919706,0.000395183
nn,0.919804,0.000392108
nn,0.919901,0.00038901
nn,0.919999,0.000385884
nn,0.920096,0.000382725
nn,0.920194,0.000379535
nn,0.920291,0.000376312
nn,0.920388,0.00037305
nn,0.920486,0.000369765
nn,0.920583,0.000366472
nn,0.920681,0.000363164
nn,0.920778,0.000359842
nn,0.920876,0.000356506
nn,0.920973,0.000353157
nn,0.921071,0.000349797
nn,0.921168,0.000346424
nn,0.921266,0.00034304
nn,0.921363,0.000339652
nn,0.92146,0.000336252
nn,0.921558,0.000332842
nn,0.921655,0.000329419
nn,0.921753,0.000325991
nn,0.92185,0.00032255
nn,0.921948,0.000319105
nn,0.922045,0.000315655
nn,0.922143,0.000312205
nn,0.92224,0.000308753
nn,0.922337,0.000305293
nn,0.922435,0.000301826
nn,0.922532,0.000298356
nn,0.92263,0.000294885
nn,0.922727,0.000291411
nn,0.922825,0.00028793
nn,0.922922,0.000284436
nn,0.92302,0.000280933
nn,0.923117,0.000277424
nn,0.923214,0.000273907
nn,0.923312,0.000270391
nn,0.923409,0.000266883
nn,0.923507,0.000263392
nn,0.923604,0.000259922
nn,0.923702,0.000256473
nn,0.923799,0.000253042
nn,0.923897,0.00024963
nn,0.923994,0.000246231
nn,0.924091,0.000242842
nn,0.924189,0.000239464
nn,0.924286,0.000236099
nn,0.924384,0.00023275
nn,0.924481,0.00022942
nn,0.924579,0.000226117
nn,0.924676,0.000222216
nn,0.924774,0.000218254
nn,0.924871,0.000214233
nn,0.924968,0.000210166
nn,0.925066,0.000206139
nn,0.925163,0.000202161
nn,0.925261,0.000198225
nn,0.925358,0.000194344
nn,0.925456,0.000190505
nn,0.925553,0.000186704
nn,0.925651,0.000182945
nn,0.925748,0.000179229
nn,0.925845,0.000175555
nn,0.925943,0.000171927
nn,0.92604,0.000168343
nn,0.926138,0.000164807
nn,0.926235,0.000161317
nn,0.926333,0.000157873
nn,0.92643,0.000154473
nn,0.926528,0.000151113
nn,0.926625,0.000147796
nn,0.926723,0.000144519
nn,0.92682,0.000141281
nn,0.926917,0.000138085
nn,0.927015,0.00013493
nn,0.927112,0.000131818
nn,0.92721,0.000128748
nn,0.927307,0.000125717
nn,0.927405,0.000122725
nn,0.927502,0.000119769
nn,0.9276,0.000116849
nn,0.927697,0.000113964
nn,0.927794,0.000111115
nn,0.927892,0.000108303
nn,0.927989,0.000105529
nn,0.928087,0.000102795
nn,0.928184,0.000100102
nn,0.928282,9.74534e-05
nn,0.928379,9.48504e-05
nn,0.928477,9.22976e-05
nn,0.928574,8.97902e-05
nn,0.928671,8.73346e-05
nn,0.928769,8.49291e-05
nn,0.928866,8.25562e-05
nn,0.928964,8.01946e-05
nn,0.929061,7.78465e-05
nn,0.929159,7.55104e-05
nn,0.929256,7.31847e-05
nn,0.929354,7.08721e-05
nn,0.929451,6.83874e-05
nn,0.929548,6.59539e-05
nn,0.929646,6.35698e-05
nn,0.929743,6.12377e-05
nn,0.929841,5.89648e-05
nn,0.929938,5.67545e-05
nn,0.930036,5.46054e-05
nn,0.930133,5.25198e-05
nn,0.930231,5.04966e-05
nn,0.930328,4.85349e-05
nn,0.930425,4.66338e-05
nn,0.930523,4.47954e-05
nn,0.93062,4.30182e-05
nn,0.930718,4.13049e-05
nn,0.930815,3.96577e-05
nn,0.930913,3.80756e-05
nn,0.93101,3.65586e-05
nn,0.931108,3.51078e-05
nn,0.931205,3.37229e-05
nn,0.931303,3.24046e-05
nn,0.9314,3.11525e-05
nn,0.931497,2.99667e-05
nn,0.931595,2.88465e-05
nn,0.931692,2.77936e-05
nn,0.93179,2.6802e-05
nn,0.931887,2.58745e-05
nn,0.931985,2.50076e-05
nn,0.932082,2.4201e-05
nn,0.93218,2.34513e-05
nn,0.932277,2.27585e-05
nn,0.932374,2.21225e-05
nn,0.932472,2.15391e-05
nn,0.932569,2.1009e-05
nn,0.932667,2.05334e-05
nn,0.932764,2.01105e-05
nn,0.932862,1.97415e-05
nn,0.932959,1.94265e-05
nn,0.933057,1.91663e-05
nn,0.933154,1.89614e-05
nn,0.933251,1.88131e-05
nn,0.933349,1.87221e-05
nn,0.933446,1.86898e-05
nn,0.933544,1.87162e-05
nn,0.933641,1.8803e-05
nn,0.933739,1.89505e-05
nn,0.933836,1.916e-05
nn,0.933934,1.94307e-05
nn,0.934031,1.97641e-05
nn,0.934128,2.0159e-05
nn,0.934226,2.0616e-05
nn,0.934323,2.11345e-05
nn,0.934421,2.1714e-05
nn,0.934518,2.23552e-05
nn,0.934616,2.30576e-05
nn,0.934713,2.38207e-05
nn,0.934811,2.4644e-05
nn,0.934908,2.55263e-05
nn,0.935005,2.64659e-05
nn,0.935103,2.74617e-05
nn,0.9352,2.85114e-05
nn,0.935298,2.96136e-05
nn,0.935395,3.07664e-05
nn,0.935493,3.19687e-05
nn,0.93559,3.32197e-05
nn,0.935688,3.45148e-05
nn,0.935785,3.58627e-05
nn,0.935883,3.72556e-05
nn,0.93598,3.8703e-05
nn,0.936077,4.01969e-05
nn,0.936175,4.17486e-05
nn,0.936272,4.33482e-05
nn,0.93637,4.50086e-05
nn,0.936467,4.67178e-05
nn,0.936565,4.84817e-05
nn,0.936662,5.03024e-05
nn,0.93676,5.21793e-05
nn,0.936857,5.41122e-05
nn,0.936954,5.60999e-05
nn,0.937052,5.81409e-05
nn,0.937149,6.0235e-05
nn,0.937247,6.23823e-05
nn,0.937344,6.45806e-05
nn,0.937442,6.68298e-05
nn,0.937539,6.91274e-05
nn,0.937637,7.14736e-05
nn,0.937734,7.38661e-05
nn,0.937831,7.6305e-05
nn,0.937929,7.87876e-05
nn,0.938026,8.13111e-05
nn,0.938124,8.38794e-05
nn,0.938221,8.64921e-05
nn,0.938319,8.91462e-05
nn,0.938416,9.1383e-05
nn,0.938514,9.36171e-05
nn,0.938611,9.58463e-05
nn,0.938708,9.80787e-05
nn,0.938806,0.000100323
nn,0.938903,0.0001026
nn,0.939001,0.000104943
nn,0.939098,0.000107355
nn,0.939196,0.000109834
nn,0.939293,0.000112373
nn,0.939391,0.000114972
nn,0.939488,0.000117631
nn,0.939585,0.000120348
nn,0.939683,0.000123123
nn,0.93978,0.000125955
nn,0.939878,0.00012884
nn,0.939975,0.000131776
nn,0.940073,0.000134759
nn,0.94017,0.000137789
nn,0.940268,0.000140862
nn,0.940365,0.000143977
nn,0.940463,0.000147133
nn,0.94056,0.000150329
nn,0.940657,0.000153563
nn,0.940755,0.000156835
nn,0.940852,0.000160143
nn,0.94095,0.000163488
nn,0.941047,0.000166871
nn,0.941145,0.000170288
nn,0.941242,0.000173739
nn,0.94134,0.000177221
nn,0.941437,0.000180733
nn,0.941534,0.000184274
nn,0.941632,0.000187845
nn,0.941729,0.000191447
nn,0.941827,0.000195079
nn,0.941924,0.000198742
nn,0.942022,0.000202435
nn,0.942119,0.000206157
nn,0.942217,0.00020989
nn,0.942314,0.000213625
nn,0.942411,0.000217253
nn,0.942509,0.000220771
nn,0.942606,0.000224182
nn,0.942704,0.000227106
nn,0.942801,0.000230058
nn,0.942899,0.000233027
nn,0.942996,0.00023602
nn,0.943094,0.000239048
nn,0.943191,0.00024212
nn,0.943288,0.000245244
nn,0.943386,0.00024842
nn,0.943483,0.000251647
nn,0.943581,0.000254923
nn,0.943678,0.000258233
nn,0.943776,0.000261578
nn,0.943873,0.000264958
nn,0.943971,0.000268368
nn,0.944068,0.000271808
nn,0.944165,0.000275263
nn,0.944263,0.000278736
nn,0.94436,0.000282225
nn,0.944458,0.000285728
nn,0.944555,0.000289241
nn,0.944653,0.000292765
nn,0.94475,0.000296296
nn,0.944848,0.000299831
nn,0.944945,0.000303368
nn,0.945042,0.000306909
nn,0.94514,0.000310447
nn,0.945237,0.000313981
nn,0.945335,0.000317511
nn,0.945432,0.000321034
nn,0.94553,0.00032455
nn,0.945627,0.000328054
nn,0.945725,0.000331546
nn,0.945822,0.00033502
nn,0.94592,0.000338478
nn,0.946017,0.000341914
nn,0.946114,0.000345329
nn,0.946212,0.00034872
nn,0.946309,0.000352086
nn,0.946407,0.000355428
nn,0.946504,0.000358741
nn,0.946602,0.000362033
nn,0.946699,0.000365306
nn,0.946797,0.000368558
nn,0.946894,0.000371788
nn,0.946991,0.000374998
nn,0.947089,0.000378186
nn,0.947186,0.000381349
nn,0.947284,0.000384485
nn,0.947381,0.000387596
nn,0.947479,0.000390678
nn,0.947576,0.000393729
nn,0.947674,0.000396746
nn,0.947771,0.000399727
nn,0.947868,0.000402669
nn,0.947966,0.00040557
nn,0.948063,0.000408428
nn,0.948161,0.000411244
nn,0.948258,0.000414021
nn,0.948356,0.00041676
nn,0.948453,0.000419462
nn,0.948551,0.000422127
nn,0.948648,0.000424756
nn,0.948745,0.000427356
nn,0.948843,0.000429923
nn,0.94894,0.000432456
nn,0.949038,0.000434956
nn,0.949135,0.000437427
nn,0.949233,0.000439869
nn,0.94933,0.000442269
nn,0.949428,0.000444637
nn,0.949525,0.000446987
nn,0.949622,0.000449309
nn,0.94972,0.000451594
nn,0.949817,0.000453851
nn,0.949915,0.00045607
nn,0.950012,0.000458243
nn,0.95011,0.000460365
nn,0.950207,0.000462435
nn,0.950305,0.000464459
nn,0.950402,0.00046644
nn,0.9505,0.000468377
nn,0.950597,0.000470272
nn,0.950694,0.000472122
nn,0.950792,0.000473925
nn,0.950889,0.000475681
nn,0.950987,0.000477398
nn,0.951084,0.000479069
nn,0.951182,0.000480698
nn,0.951279,0.000482284
nn,0.951377,0.000483827
nn,0.951474,0.000485325
nn,0.951571,0.000486779
nn,0.951669,0.000488188
nn,0.951766,0.000489553
nn,0.951864,0.000490875
nn,0.951961,0.000492155
nn,0.952059,0.0004934
nn,0.952156,0.000494609
nn,0.952254,0.00049578
nn,0.952351,0.000496911
nn,0.952448,0.000498001
nn,0.952546,0.000499047
nn,0.952643,0.000500048
nn,0.952741,0.000501002
nn,0.952838,0.00050154
nn,0.952936,0.000501926
nn,0.953033,0.000502174
nn,0.953131,0.000502348
nn,0.953228,0.000502504
nn,0.953325,0.000502629
nn,0.953423,0.000502723
nn,0.95352,0.000502781
nn,0.953618,0.000502801
nn,0.953715,0.00050279
nn,0.953813,0.000502748
nn,0.95391,0.000502678
nn,0.954008,0.000502571
nn,0.954105,0.000502419
nn,0.954202,0.000502223
nn,0.9543,0.000501993
nn,0.954397,0.000501727
nn,0.954495,0.000501428
nn,0.954592,0.000501098
nn,0.95469,0.000500733
nn,0.954787,0.000500329
nn,0.954885,0.000499884
nn,0.954982,0.000499346
nn,0.95508,0.000498672
nn,0.955177,0.000497751
nn,0.955274,0.000496791
nn,0.955372,0.000495788
nn,0.955469,0.000494758
nn,0.955567,0.000493701
nn,0.955664,0.000492615
nn,0.955762,0.000491499
nn,0.955859,0.000490347
nn,0.955957,0.00048916
nn,0.956054,0.000487933
nn,0.956151,0.000486668
nn,0.956249,0.000485366
nn,0.956346,0.000484023
nn,0.956444,0.000482638
nn,0.956541,0.000481206
nn,0.956639,0.000479726
nn,0.956736,0.000478198
nn,0.956834,0.000476623
nn,0.956931,0.000475007
nn,0.957028,0.000473342
nn,0.957126,0.000471637
nn,0.957223,0.00046989
nn,0.957321,0.000468102
nn,0.957418,0.000466267
nn,0.957516,0.00046439
nn,0.957613,0.00046247
nn,0.957711,0.000460506
nn,0.957808,0.000458496
nn,0.957905,0.00045644
nn,0.958003,0.000454334
nn,0.9581,0.000452174
nn,0.958198,0.000449958
nn,0.958295,0.000447685
nn,0.958393,0.000445362
nn,0.95849,0.000442991
nn,0.958588,0.000440572
nn,0.958685,0.000438105
nn,0.958782,0.000435599
nn,0.95888,0.000433058
nn,0.958977,0.000430474
nn,0.959075,0.000427844
nn,0.959172,0.000425171
nn,0.95927,0.000422458
nn,0.959367,0.000419709
nn,0.959465,0.000416926
nn,0.959562,0.000414109
nn,0.95966,0.000411259
nn,0.959757,0.000408374
nn,0.959854,0.000405454
nn,0.959952,0.000402501
nn,0.960049,0.00039952
nn,0.960147,0.000396518
nn,0.960244,0.000393496
nn,0.960342,0.000390449
nn,0.960439,0.000387377
nn,0.960537,0.000384285
nn,0.960634,0.00038116
nn,0.960731,0.000378005
nn,0.960829,0.000374833
nn,0.960926,0.00037164
nn,0.961024,0.000368423
nn,0.961121,0.000365183
nn,0.961219,0.000361916
nn,0.961316,0.000358702
nn,0.961414,0.000355386
nn,0.961511,0.00035205
nn,0.961608,0.000348691
nn,0.961706,0.000345327
nn,0.961803,0.000341958
nn,0.961901,0.000338584
nn,0.961998,0.000335205
nn,0.962096,0.000331816
nn,0.962193,0.000328417
nn,0.962291,0.000325006
nn,0.962388,0.000321587
nn,0.962485,0.000318161
nn,0.962583,0.00031473
nn,0.96268,0.000311298
nn,0.962778,0.000307855
nn,0.962875,0.000304405
nn,0.962973,0.000300951
nn,0.96307,0.00029749
nn,0.963168,0.000294023
nn,0.963265,0.000290552
nn,0.963362,0.000287081
nn,0.96346,0.000283672
nn,0.963557,0.000280204
nn,0.963655,0.000276728
nn,0.963752,0.000273261
nn,0.96385,0.000269771
nn,0.963947,0.000266279
nn,0.964045,0.000262785
nn,0.964142,0.000259297
nn,0.964239,0.000255823
nn,0.964337,0.000252367
nn,0.964434,0.000248932
nn,0.964532,0.000245519
nn,0.964629,0.000242125
nn,0.964727,0.00023875
nn,0.964824,0.00023539
nn,0.964922,0.000232045
nn,0.965019,0.000228713
nn,0.965117,0.000225394
nn,0.965214,0.000222085
nn,0.965311,0.000218791
nn,0.965409,0.000215511
nn,0.965506,0.000212246
nn,0.965604,0.000208458
nn,0.965701,0.000204591
nn,0.965799,0.000200651
nn,0.965896,0.000196658
nn,0.965994,0.000192669
nn,0.966091,0.000188737
nn,0.966188,0.000184869
nn,0.966286,0.000181058
nn,0.966383,0.000177294
nn,0.966481,0.000173574
nn,0.966578,0.000169898
nn,0.966676,0.000166269
nn,0.966773,0.000162691
nn,0.966871,0.000159164
nn,0.966968,0.000155689
nn,0.967065,0.000152261
nn,0.967163,0.000148879
nn,0.96726,0.000145541
nn,0.967358,0.000142244
nn,0.967455,0.000138991
nn,0.967553,0.000135782
nn,0.96765,0.000132621
nn,0.967748,0.000129501
nn,0.967845,0.000126422
nn,0.967942,0.000123384
nn,0.96804,0.000120388
nn,0.968137,0.000117435
nn,0.968235,0.000114524
nn,0.968332,0.000111656
nn,0.96843,0.000108825
nn,0.968527,0.000106037
nn,0.968625,0.000103288
nn,0.968722,0.000100582
nn,0.968819,9.79196e-05
nn,0.968917,9.53099e-05
nn,0.969014,9.27384e-05
nn,0.969112,9.02159e-05
nn,0.969209,8.77436e-05
nn,0.969307,8.53238e-05
nn,0.969404,8.29553e-05
nn,0.969502,8.06378e-05
nn,0.969599,7.83703e-05
nn,0.969697,7.61185e-05
nn,0.969794,7.38786e-05
nn,0.969891,7.16513e-05
nn,0.969989,6.94367e-05
nn,0.970086,6.72361e-05
nn,0.970184,6.505e-05
nn,0.970281,6.26683e-05
nn,0.970379,6.03417e-05
nn,0.970476,5.80636e-05
nn,0.970574,5.58383e-05
nn,0.970671,5.36716e-05
nn,0.970768,5.15676e-05
nn,0.970866,4.95284e-05
nn,0.970963,4.75549e-05
nn,0.971061,4.5647e-05
nn,0.971158,4.38027e-05
nn,0.971256,4.20242e-05
nn,0.971353,4.0312e-05
nn,0.971451,3.86675e-05
nn,0.971548,3.70884e-05
nn,0.971645,3.55777e-05
nn,0.971743,3.41344e-05
nn,0.97184,3.27596e-05
nn,0.971938,3.14515e-05
nn,0.972035,3.02106e-05
nn,0.972133,2.90359e-05
nn,0.97223,2.79263e-05
nn,0.972328,2.68811e-05
nn,0.972425,2.59018e-05
nn,0.972522,2.49858e-05
nn,0.97262,2.41354e-05
nn,0.972717,2.33436e-05
nn,0.972815,2.26131e-05
nn,0.972912,2.19397e-05
nn,0.97301,2.13234e-05
nn,0.973107,2.07629e-05
nn,0.973205,2.0257e-05
nn,0.973302,1.98047e-05
nn,0.973399,1.94073e-05
nn,0.973497,1.9064e-05
nn,0.973594,1.87765e-05
nn,0.973692,1.85445e-05
nn,0.973789,1.83695e-05
nn,0.973887,1.82512e-05
nn,0.973984,1.81914e-05
nn,0.974082,1.819e-05
nn,0.974179,1.82489e-05
nn,0.974277,1.83666e-05
nn,0.974374,1.85452e-05
nn,0.974471,1.8784e-05
nn,0.974569,1.9083e-05
nn,0.974666,1.94416e-05
nn,0.974764,1.98601e-05
nn,0.974861,2.03382e-05
nn,0.974959,2.08761e-05
nn,0.975056,2.14737e-05
nn,0.975154,2.21316e-05
nn,0.975251,2.28493e-05
nn,0.975348,2.36267e-05
nn,0.975446,2.44636e-05
nn,0.975543,2.53596e-05
nn,0.975641,2.63132e-05
nn,0.975738,2.7324e-05
nn,0.975836,2.83895e-05
nn,0.975933,2.95121e-05
nn,0.976031,3.06857e-05
nn,0.976128,3.19115e-05
nn,0.976225,3.31879e-05
nn,0.976323,3.45157e-05
nn,0.97642,3.58943e-05
nn,0.976518,3.73247e-05
nn,0.976615,3.88068e-05
nn,0.976713,4.03422e-05
nn,0.97681,4.19311e-05
nn,0.976908,4.35735e-05
nn,0.977005,4.52704e-05
nn,0.977102,4.70239e-05
nn,0.9772,4.8833e-05
nn,0.977297,5.06987e-05
nn,0.977395,5.26196e-05
nn,0.977492,5.45955e-05
nn,0.97759,5.66256e-05
nn,0.977687,5.87101e-05
nn,0.977785,6.08473e-05
nn,0.977882,6.30372e-05
nn,0.977979,6.52776e-05
nn,0.978077,6.71653e-05
nn,0.978174,6.90684e-05
nn,0.978272,7.09832e-05
nn,0.978369,7.29119e-05
nn,0.978467,7.48595e-05
nn,0.978564,7.68331e-05
nn,0.978662,7.88372e-05
nn,0.978759,8.08691e-05
nn,0.978857,8.29659e-05
nn,0.978954,8.51262e-05
nn,0.979051,8.73472e-05
nn,0.979149,8.96276e-05
nn,0.979246,9.19679e-05
nn,0.979344,9.43672e-05
nn,0.979441,9.68213e-05
nn,0.979539,9.93363e-05
nn,0.979636,0.00010191
nn,0.979734,0.000104541
nn,0.979831,0.000107229
nn,0.979928,0.000109972
nn,0.980026,0.000112769
nn,0.980123,0.000115619
nn,0.980221,0.00011852
nn,0.980318,0.00012147
nn,0.980416,0.000124467
nn,0.980513,0.000127509
nn,0.980611,0.000130594
nn,0.980708,0.000133721
nn,0.980805,0.000136889
nn,0.980903,0.000140096
nn,0.981,0.000143342
nn,0.981098,0.000146623
nn,0.981195,0.000149939
nn,0.981293,0.000153288
nn,0.98139,0.000156669
nn,0.981488,0.00016008
nn,0.981585,0.000163519
nn,0.981682,0.00016699
nn,0.98178,0.000170491
nn,0.981877,0.000174019
nn,0.981975,0.000177573
nn,0.982072,0.000181152
nn,0.98217,0.000184757
nn,0.982267,0.000188394
nn,0.982365,0.000192052
nn,0.982462,0.000195739
nn,0.982559,0.00019945
nn,0.982657,0.000203174
nn,0.982754,0.000206878
nn,0.982852,0.000210484
nn,0.982949,0.00021399
nn,0.983047,0.0002174
nn,0.983144,0.000220346
nn,0.983242,0.000223317
nn,0.983339,0.000226306
nn,0.983436,0.000229316
nn,0.983534,0.00023236
nn,0.983631,0.000235448
nn,0.983729,0.000238584
nn,0.983826,0.000241769
nn,0.983924,0.000245001
nn,0.984021,0.000248278
nn,0.984119,0.000251596
nn,0.984216,0.000254951
nn,0.984314,0.000258338
nn,0.984411,0.000261749
nn,0.984508,0.000265185
nn,0.984606,0.000268642
nn,0.984703,0.000272116
nn,0.984801,0.000275607
nn,0.984898,0.000279115
nn,0.984996,0.000282638
nn,0.985093,0.000286176
nn,0.985191,0.000289723
nn,0.985288,0.000293279
nn,0.985385,0.000296843
nn,0.985483,0.000300405
nn,0.98558,0.000303964
nn,0.985678,0.000307519
nn,0.985775,0.000311069
nn,0.985873,0.000314613
nn,0.98597,0.000318147
nn,0.986068,0.000321668
nn,0.986165,0.000325174
nn,0.986262,0.000328665
nn,0.98636,0.000332137
nn,0.986457,0.00033559
nn,0.986555,0.000339022
nn,0.986652,0.000342433
nn,0.98675,0.000345822
nn,0.986847,0.000349186
nn,0.986945,0.000352527
nn,0.987042,0.000355845
nn,0.987139,0.000359141
nn,0.987237,0.000362418
nn,0.987334,0.000365677
nn,0.987432,0.000368909
nn,0.987529,0.000372119
nn,0.987627,0.000375304
nn,0.987724,0.00037846
nn,0.987822,0.000381591
nn,0.987919,0.000384689
nn,0.988016,0.000387751
nn,0.988114,0.000390777
nn,0.988211,0.000393765
nn,0.988309,0.000396715
nn,0.988406,0.000399628
nn,0.988504,0.000402505
nn,0.988601,0.000405345
nn,0.988699,0.000408147
nn,0.988796,0.000410912
nn,0.988894,0.000413639
nn,0.988991,0.000416328
nn,0.989088,0.00041898
nn,0.989186,0.000421601
nn,0.989283,0.000424187
nn,0.989381,0.000426735
nn,0.989478,0.000429248
nn,0.989576,0.00043173
nn,0.989673,0.000434166
nn,0.989771,0.000436574
nn,0.989868,0.000438973
nn,0.989965,0.000441348
nn,0.990063,0.000443691
nn,0.99016,0.000446003
nn,0.990258,0.000448275
nn,0.990355,0.000450504
nn,0.990453,0.000452685
nn,0.99055,0.000454814
nn,0.990648,0.000456898
nn,0.990745,0.000458942
nn,0.990842,0.000460949
nn,0.99094,0.000462919
nn,0.991037,0.000464849
nn,0.991135,0.000466736
nn,0.991232,0.000468587
nn,0.99133,0.000470382
nn,0.991427,0.000472137
nn,0.991525,0.000473847
nn,0.991622,0.000475509
nn,0.991719,0.00047713
nn,0.991817,0.000478711
nn,0.991914,0.000480246
nn,0.992012,0.000481738
nn,0.992109,0.000483186
nn,0.992207,0.00048459
nn,0.992304,0.000485951
nn,0.992402,0.000487271
nn,0.992499,0.000488549
nn,0.992596,0.000489785
nn,0.992694,0.000490981
nn,0.992791,0.00049214
nn,0.992889,0.000493263
nn,0.992986,0.000494348
nn,0.993084,0.000495395
nn,0.993181,0.000496403
nn,0.993279,0.000497368
nn,0.993376,0.000497918
nn,0.993474,0.000498325
nn,0.993571,0.000498607
nn,0.993668,0.000498856
nn,0.993766,0.00049908
nn,0.993863,0.000499273
nn,0.993961,0.000499435
nn,0.994058,0.000499559
nn,0.994156,0.000499644
nn,0.994253,0.000499696
nn,0.994351,0.000499718
nn,0.994448,0.000499709
nn,0.994545,0.000499661
nn,0.994643,0.000499572
nn,0.99474,0.000499443
nn,0.994838,0.000499273
nn,0.994935,0.000499063
nn,0.995033,0.000498809
nn,0.99513,0.000498516
nn,0.995228,0.000498186
nn,0.995325,0.000497817
nn,0.995422,0.000497407
nn,0.99552,0.00049694
nn,0.995617,0.000496348
nn,0.995715,0.000495635
nn,0.995812,0.000494699
nn,0.99591,0.000493725
nn,0.996007,0.000492711
nn,0.996105,0.000491656
nn,0.996202,0.000490575
nn,0.996299,0.000489461
nn,0.996397,0.000488314
nn,0.996494,0.000487133
nn,0.996592,0.000485914
nn,0.996689,0.000484656
nn,0.996787,0.000483358
nn,0.996884,0.000482022
nn,0.996982,0.000480641
nn,0.997079,0.000479214
nn,0.997176,0.00047774
nn,0.997274,0.000476221
nn,0.997371,0.000474657
nn,0.997469,0.000473055
nn,0.997566,0.000471414
nn,0.997664,0.000469736
nn,0.997761,0.000468022
nn,0.997859,0.000466268
nn,0.997956,0.000464471
nn,0.998054,0.000462634
nn,0.998151,0.000460755
nn,0.998248,0.000458831
nn,0.998346,0.000456863
nn,0.998443,0.000454849
nn,0.998541,0.000452786
nn,0.998638,0.00045067
nn,0.998736,0.000448501
nn,0.998833,0.000446278
nn,0.998931,0.000444003
nn,0.999028,0.000441678
nn,0.999125,0.000439301
nn,0.999223,0.000436877
nn,0.99932,0.000434411
nn,0.999418,0.000431901
nn,0.999515,0.000429356
nn,0.999613,0.000426769
nn,0.99971,0.000424142
nn,0.999808,0.00042148
nn,0.999905,0.000418784
vof_hf,0.0,0.0
vof_hf,3.95979e-07,7.38582e-11
vof_hf,9.61475e-06,1.28933e-09
vof_hf,2.68542e-05,4.22043e-09
vof_hf,5.13853e-05,1.51997e-08
vof_hf,8.25451e-05,3.35639e-08
vof_hf,0.000119731,7.00278e-08
vof_hf,0.000162395,1.28108e-07
vof_hf,0.000210039,2.12993e-07
vof_hf,0.000262211,3.1707e-07
vof_hf,0.000318499,4.47737e-07
vof_hf,0.000378528,5.99791e-07
vof_hf,0.000441959,7.76352e-07
vof_hf,0.000508483,9.9209e-07
vof_hf,0.000577817,1.25567e-06
vof_hf,0.000649707,1.57466e-06
vof_hf,0.000723921,1.94907e-06
vof_hf,0.000800247,2.37722e-06
vof_hf,0.000878492,2.85328e-06
vof_hf,0.000958484,3.37659e-06
vof_hf,0.00104006,3.96214e-06
vof_hf,0.00112308,4.60556e-06
vof_hf,0.00120741,5.3121e-06
vof_hf,0.00129294,6.07912e-06
vof_hf,0.00137955,6.90581e-06
vof_hf,0.00146714,7.79345e-06
vof_hf,0.00155563,8.74416e-06
vof_hf,0.00164493,9.75896e-06
vof_hf,0.00173498,1.08389e-05
vof_hf,0.00182569,1.1983e-05
vof_hf,0.00191702,1.3192e-05
vof_hf,0.00200891,1.44668e-05
vof_hf,0.0021013,1.58074e-05
vof_hf,0.00219415,1.72162e-05
vof_hf,0.00228742,1.86847e-05
vof_hf,0.00238106,2.02157e-05
vof_hf,0.00247506,2.18095e-05
vof_hf,0.00256937,2.34693e-05
vof_hf,0.00266396,2.51946e-05
vof_hf,0.00275881,2.6979e-05
vof_hf,0.0028539,2.88243e-05
vof_hf,0.0029492,3.07313e-05
vof_hf,0.0030447,3.27032e-05
vof_hf,0.00314037,3.47337e-05
vof_hf,0.00323621,3.68249e-05
vof_hf,0.00333219,3.89771e-05
vof_hf,0.00342831,4.11898e-05
vof_hf,0.00352454,4.347e-05
vof_hf,0.00362089,4.58101e-05
vof_hf,0.00371733,4.8199e-05
vof_hf,0.00381387,5.06437e-05
vof_hf,0.00391049,5.31425e-05
vof_hf,0.00400719,5.56951e-05
vof_hf,0.00410395,5.83032e-05
vof_hf,0.00420078,6.09539e-05
vof_hf,0.00429766,6.36797e-05
vof_hf,0.00439459,6.64473e-05
vof_hf,0.00449157,6.9267e-05
vof_hf,0.00458859,7.21389e-05
vof_hf,0.00468565,7.50624e-05
vof_hf,0.00478275,7.80367e-05
vof_hf,0.00487988,8.10609e-05
vof_hf,0.00497704,8.41336e-05
vof_hf,0.00507422,8.72533e-05
vof_hf,0.00517143,9.04189e-05
vof_hf,0.00526865,9.3629e-05
vof_hf,0.0053659,9.68868e-05
vof_hf,0.00546317,0.000100184
vof_hf,0.00556045,0.000103525
vof_hf,0.00565775,0.000106908
vof_hf,0.00575506,0.000110334
vof_hf,0.00585239,0.000113801
vof_hf,0.00594972,0.000117289
vof_hf,0.00604707,0.000120853
vof_hf,0.00614442,0.000124439
vof_hf,0.00624178,0.000128062
vof_hf,0.00633915,0.000131721
vof_hf,0.00643653,0.000135415
vof_hf,0.00653392,0.000139143
vof_hf,0.0066313,0.000142904
vof_hf,0.0067287,0.000146696
vof_hf,0.0068261,0.000150523
vof_hf,0.0069235,0.000154383
vof_hf,0.00702091,0.000158273
vof_hf,0.00711832,0.000162199
vof_hf,0.00721574,0.000166149
vof_hf,0.00731315,0.000170127
vof_hf,0.00741057,0.000174131
vof_hf,0.007508,0.000178161
vof_hf,0.00760542,0.000182216
vof_hf,0.00770285,0.000186295
vof_hf,0.00780027,0.000190396
vof_hf,0.0078977,0.00019452
vof_hf,0.00799514,0.000198654
vof_hf,0.00809257,0.000202835
vof_hf,0.00819,0.000207022
vof_hf,0.00828744,0.000211228
vof_hf,0.00838488,0.000215451
vof_hf,0.00848231,0.000219691
vof_hf,0.00857975,0.000223946
vof_hf,0.00867719,0.000228216
vof_hf,0.00877463,0.000232499
vof_hf,0.00887207,0.000236771
vof_hf,0.00896951,0.0002411
vof_hf,0.00906695,0.00024542
vof_hf,0.00916439,0.00024975
vof_hf,0.00926184,0.000254089
vof_hf,0.00935928,0.000258437
vof_hf,0.00945672,0.000262791
vof_hf,0.00955417,0.000267151
vof_hf,0.00965161,0.000271556
vof_hf,0.00974905,0.000275925
vof_hf,0.0098465,0.000280296
vof_hf,0.00994394,0.000284669
vof_hf,0.0100414,0.000289042
vof_hf,0.0101388,0.000293425
vof_hf,0.0102363,0.000297793
vof_hf,0.0103337,0.000302147
vof_hf,0.0104312,0.000306535
vof_hf,0.0105286,0.000310901
vof_hf,0.0106261,0.000315264
vof_hf,0.0107235,0.000319621
vof_hf,0.0108209,0.000323967
vof_hf,0.0109184,0.000328312
vof_hf,0.0110158,0.000332649
vof_hf,0.0111133,0.000336979
vof_hf,0.0112107,0.000341301
vof_hf,0.0113082,0.000345625
vof_hf,0.0114056,0.000349926
vof_hf,0.0115031,0.000354212
vof_hf,0.0116005,0.000358479
vof_hf,0.011698,0.000362738
vof_hf,0.0117954,0.000366985
vof_hf,0.0118929,0.000371212
vof_hf,0.0119903,0.000375414
vof_hf,0.0120877,0.000379613
vof_hf,0.0121852,0.000383788
vof_hf,0.0122826,0.000388005
vof_hf,0.0123801,0.000392146
vof_hf,0.0124775,0.000396257
vof_hf,0.012575,0.000400345
vof_hf,0.0126724,0.000404406
vof_hf,0.0127699,0.000408444
vof_hf,0.0128673,0.000412458
vof_hf,0.0129648,0.000416442
vof_hf,0.0130622,0.000420403
vof_hf,0.0131597,0.000424337
vof_hf,0.0132571,0.000428239
vof_hf,0.0133546,0.00043211
vof_hf,0.013452,0.000435952
vof_hf,0.0135494,0.000439773
vof_hf,0.0136469,0.000443553
vof_hf,0.0137443,0.000447301
vof_hf,0.0138418,0.000451021
vof_hf,0.0139392,0.000454703
vof_hf,0.0140367,0.00045835
vof_hf,0.0141341,0.000461961
vof_hf,0.0142316,0.000465535
vof_hf,0.014329,0.000469073
vof_hf,0.0144265,0.000472571
vof_hf,0.0145239,0.000476033
vof_hf,0.0146214,0.000479454
vof_hf,0.0147188,0.000482845
vof_hf,0.0148163,0.000486185
vof_hf,0.0149137,0.000489485
vof_hf,0.0150111,0.000492742
vof_hf,0.0151086,0.000495956
vof_hf,0.015206,0.000499126
vof_hf,0.0153035,0.000502252
vof_hf,0.0154009,0.000505332
vof_hf,0.0154984,0.000508365
vof_hf,0.0155958,0.000511351
vof_hf,0.0156933,0.000514299
vof_hf,0.0157907,0.000517187
vof_hf,0.0158882,0.000520026
vof_hf,0.0159856,0.000522812
vof_hf,0.0160831,0.000525549
vof_hf,0.0161805,0.000528232
vof_hf,0.016278,0.000530863
vof_hf,0.0163754,0.000533439
vof_hf,0.0164728,0.000535961
vof_hf,0.0165703,0.000538427
vof_hf,0.0166677,0.000540839
vof_hf,0.0167652,0.000543188
vof_hf,0.0168626,0.000545485
vof_hf,0.0169601,0.000547723
vof_hf,0.0170575,0.000549904
vof_hf,0.017155,0.000552024
vof_hf,0.0172524,0.000554086
vof_hf,0.0173499,0.000556086
vof_hf,0.0174473,0.000558026
vof_hf,0.0175448,0.000559903
vof_hf,0.0176422,0.000561719
vof_hf,0.0177397,0.000563472
vof_hf,0.0178371,0.000565162
vof_hf,0.0179345,0.000566788
vof_hf,0.018032,0.000568351
vof_hf,0.0181294,0.000569845
vof_hf,0.0182269,0.00057128
vof_hf,0.0183243,0.00057265
vof_hf,0.0184218,0.000573955
vof_hf,0.0185192,0.000575194
vof_hf,0.0186167,0.000576367
vof_hf,0.0187141,0.000577474
vof_hf,0.0188116,0.000578509
vof_hf,0.018909,0.000579481
vof_hf,0.0190065,0.000580387
vof_hf,0.0191039,0.000581225
vof_hf,0.0192014,0.000581996
vof_hf,0.0192988,0.000582698
vof_hf,0.0193962,0.000583332
vof_hf,0.0194937,0.000583897
vof_hf,0.0195911,0.000584394
vof_hf,0.0196886,0.000584822
vof_hf,0.019786,0.000585183
vof_hf,0.0198835,0.000585476
vof_hf,0.0199809,0.000585701
vof_hf,0.0200784,0.000585858
vof_hf,0.0201758,0.00058595
vof_hf,0.0202733,0.000585973
vof_hf,0.0203707,0.000585927
vof_hf,0.0204682,0.000585802
vof_hf,0.0205656,0.00058562
vof_hf,0.0206631,0.000585368
vof_hf,0.0207605,0.000585063
vof_hf,0.020858,0.000584692
vof_hf,0.0209554,0.000584257
vof_hf,0.0210528,0.000583753
vof_hf,0.0211503,0.000583182
vof_hf,0.0212477,0.000582541
vof_hf,0.0213452,0.000581843
vof_hf,0.0214426,0.000581064
vof_hf,0.0215401,0.000580219
vof_hf,0.0216375,0.000579306
vof_hf,0.021735,0.000578328
vof_hf,0.0218324,0.000577287
vof_hf,0.0219299,0.000576181
vof_hf,0.0220273,0.00057501
vof_hf,0.0221248,0.000573775
vof_hf,0.0222222,0.000572477
vof_hf,0.0223197,0.000571108
vof_hf,0.0224171,0.000569684
vof_hf,0.0225145,0.000568197
vof_hf,0.022612,0.000566646
vof_hf,0.0227094,0.000565033
vof_hf,0.0228069,0.000563348
vof_hf,0.0229043,0.000561602
vof_hf,0.0230018,0.000559787
vof_hf,0.0230992,0.000557917
vof_hf,0.0231967,0.000555983
vof_hf,0.0232941,0.000553985
vof_hf,0.0233916,0.00055193
vof_hf,0.023489,0.000549802
vof_hf,0.0235865,0.000547622
vof_hf,0.0236839,0.000545383
vof_hf,0.0237814,0.000543094
vof_hf,0.0238788,0.000540739
vof_hf,0.0239762,0.000538325
vof_hf,0.0240737,0.000535854
vof_hf,0.0241711,0.000533326
vof_hf,0.0242686,0.000530743
vof_hf,0.024366,0.000528104
vof_hf,0.0244635,0.000525411
vof_hf,0.0245609,0.000522662
vof_hf,0.0246584,0.000519861
vof_hf,0.0247558,0.000517007
vof_hf,0.0248533,0.000514102
vof_hf,0.0249507,0.000511147
vof_hf,0.0250482,0.000508144
vof_hf,0.0251456,0.000505106
vof_hf,0.0252431,0.00050201
vof_hf,0.0253405,0.000498868
vof_hf,0.0254379,0.000495683
vof_hf,0.0255354,0.000492453
vof_hf,0.0256328,0.000489182
vof_hf,0.0257303,0.000485869
vof_hf,0.0258277,0.000482516
vof_hf,0.0259252,0.000479121
vof_hf,0.0260226,0.000475688
vof_hf,0.0261201,0.000472215
vof_hf,0.0262175,0.000468705
vof_hf,0.026315,0.000465156
vof_hf,0.0264124,0.000461572
vof_hf,0.0265099,0.000457952
vof_hf,0.0266073,0.000454298
vof_hf,0.0267048,0.00045061
vof_hf,0.0268022,0.000446889
vof_hf,0.0268996,0.000443133
vof_hf,0.0269971,0.000439345
vof_hf,0.0270945,0.000435524
vof_hf,0.027192,0.000431671
vof_hf,0.0272894,0.000427786
vof_hf,0.0273869,0.000423871
vof_hf,0.0274843,0.000419926
vof_hf,0.0275818,0.000415954
vof_hf,0.0276792,0.000411953
vof_hf,0.0277767,0.000407928
vof_hf,0.0278741,0.000403877
vof_hf,0.0279716,0.000399802
vof_hf,0.028069,0.000395704
vof_hf,0.0281665,0.000391584
vof_hf,0.0282639,0.000387441
vof_hf,0.0283613,0.00038328
vof_hf,0.0284588,0.000379101
vof_hf,0.0285562,0.000374899
vof_hf,0.0286537,0.00037068
vof_hf,0.0287511,0.000366448
vof_hf,0.0288486,0.000362201
vof_hf,0.028946,0.000357935
vof_hf,0.0290435,0.000353657
vof_hf,0.0291409,0.000349364
vof_hf,0.0292384,0.00034506
vof_hf,0.0293358,0.000340745
vof_hf,0.0294333,0.000336422
vof_hf,0.0295307,0.000332091
vof_hf,0.0296282,0.000327754
vof_hf,0.0297256,0.000323412
vof_hf,0.029823,0.000319066
vof_hf,0.0299205,0.000314717
vof_hf,0.0300179,0.000310367
vof_hf,0.0301154,0.000306016
vof_hf,0.0302128,0.000301669
vof_hf,0.0303103,0.000297317
vof_hf,0.0304077,0.000292964
vof_hf,0.0305052,0.000288614
vof_hf,0.0306026,0.000284267
vof_hf,0.0307001,0.00027992
vof_hf,0.0307975,0.000275576
vof_hf,0.030895,0.000271233
vof_hf,0.0309924,0.000266892
vof_hf,0.0310899,0.000262553
vof_hf,0.0311873,0.000258216
vof_hf,0.0312847,0.000253888
vof_hf,0.0313822,0.000249568
vof_hf,0.0314796,0.000245255
vof_hf,0.0315771,0.000240951
vof_hf,0.0316745,0.000236656
vof_hf,0.031772,0.000232374
vof_hf,0.0318694,0.000228103
vof_hf,0.0319669,0.000223847
vof_hf,0.0320643,0.000219604
vof_hf,0.0321618,0.000215375
vof_hf,0.0322592,0.000211161
vof_hf,0.0323567,0.000206963
vof_hf,0.0324541,0.00020278
vof_hf,0.0325516,0.000198615
vof_hf,0.032649,0.000194468
vof_hf,0.0327464,0.000190341
vof_hf,0.0328439,0.000186233
vof_hf,0.0329413,0.000182149
vof_hf,0.0330388,0.000178088
vof_hf,0.0331362,0.000174053
vof_hf,0.0332337,0.000170043
vof_hf,0.0333311,0.000166061
vof_hf,0.0334286,0.000162106
vof_hf,0.033526,0.000158181
vof_hf,0.0336235,0.000154285
vof_hf,0.0337209,0.000150421
vof_hf,0.0338184,0.000146589
vof_hf,0.0339158,0.00014279
vof_hf,0.0340133,0.000139026
vof_hf,0.0341107,0.000135298
vof_hf,0.0342081,0.000131609
vof_hf,0.0343056,0.000127959
vof_hf,0.034403,0.000124346
vof_hf,0.0345005,0.000120776
vof_hf,0.0345979,0.000117247
vof_hf,0.0346954,0.000113759
vof_hf,0.0347928,0.000110317
vof_hf,0.0348903,0.000106913
vof_hf,0.0349877,0.000103552
vof_hf,0.0350852,0.000100235
vof_hf,0.0351826,9.69627e-05
vof_hf,0.0352801,9.37344e-05
vof_hf,0.0353775,9.05526e-05
vof_hf,0.035475,8.7418e-05
vof_hf,0.0355724,8.4331e-05
vof_hf,0.0356698,8.1291e-05
vof_hf,0.0357673,7.83e-05
vof_hf,0.0358647,7.53568e-05
vof_hf,0.0359622,7.24613e-05
vof_hf,0.0360596,6.96135e-05
vof_hf,0.0361571,6.68134e-05
vof_hf,0.0362545,6.40615e-05
vof_hf,0.036352,6.13573e-05
vof_hf,0.0364494,5.87043e-05
vof_hf,0.0365469,5.61023e-05
vof_hf,0.0366443,5.35523e-05
vof_hf,0.0367418,5.10449e-05
vof_hf,0.0368392,4.86029e-05
vof_hf,0.0369367,4.62161e-05
vof_hf,0.0370341,4.38849e-05
vof_hf,0.0371316,4.16094e-05
vof_hf,0.037229,3.93901e-05
vof_hf,0.0373264,3.72273e-05
vof_hf,0.0374239,3.51212e-05
vof_hf,0.0375213,3.30722e-05
vof_hf,0.0376188,3.10812e-05
vof_hf,0.0377162,2.91488e-05
vof_hf,0.0378137,2.72763e-05
vof_hf,0.0379111,2.54647e-05
vof_hf,0.0380086,2.37151e-05
vof_hf,0.038106,2.20287e-05
vof_hf,0.0382035,2.04064e-05
vof_hf,0.0383009,1.8849e-05
vof_hf,0.0383984,1.7357e-05
vof_hf,0.0384958,1.59309e-05
vof_hf,0.0385933,1.45706e-05
vof_hf,0.0386907,1.3277e-05
vof_hf,0.0387881,1.205e-05
vof_hf,0.0388856,1.089e-05
vof_hf,0.038983,9.79715e-06
vof_hf,0.0390805,8.77195e-06
vof_hf,0.0391779,7.8147e-06
vof_hf,0.0392754,6.92564e-06
vof_hf,0.0393728,6.10487e-06
vof_hf,0.0394703,5.3523e-06
vof_hf,0.0395677,4.66766e-06
vof_hf,0.0396652,4.05051e-06
vof_hf,0.0397626,3.50033e-06
vof_hf,0.0398601,3.0166e-06
vof_hf,0.0399575,2.59888e-06
vof_hf,0.040055,2.24686e-06
vof_hf,0.0401524,1.9604e-06
vof_hf,0.0402498,1.73958e-06
vof_hf,0.0403473,1.58454e-06
vof_hf,0.0404447,1.49553e-06
vof_hf,0.0405422,1.47265e-06
vof_hf,0.0406396,1.51597e-06
vof_hf,0.0407371,1.62537e-06
vof_hf,0.0408345,1.8005e-06
vof_hf,0.040932,2.04083e-06
vof_hf,0.0410294,2.3457e-06
vof_hf,0.0411269,2.71428e-06
vof_hf,0.0412243,3.14588e-06
vof_hf,0.0413218,3.63995e-06
vof_hf,0.0414192,4.19605e-06
vof_hf,0.0415167,4.81404e-06
vof_hf,0.0416141,5.49401e-06
vof_hf,0.0417115,6.23625e-06
vof_hf,0.041809,7.04117e-06
vof_hf,0.0419064,7.90924e-06
vof_hf,0.0420039,8.84094e-06
vof_hf,0.0421013,9.83649e-06
vof_hf,0.0421988,1.08962e-05
vof_hf,0.0422962,1.20198e-05
vof_hf,0.0423937,1.32071e-05
vof_hf,0.0424911,1.44576e-05
vof_hf,0.0425886,1.5771e-05
vof_hf,0.042686,1.71467e-05
vof_hf,0.0427835,1.85843e-05
vof_hf,0.0428809,2.00835e-05
vof_hf,0.0429784,2.16434e-05
vof_hf,0.0430758,2.32643e-05
vof_hf,0.0431732,2.49459e-05
vof_hf,0.0432707,2.6688e-05
vof_hf,0.0433681,2.84904e-05
vof_hf,0.0434656,3.03529e-05
vof_hf,0.043563,3.22751e-05
vof_hf,0.0436605,3.42567e-05
vof_hf,0.0437579,3.62971e-05
vof_hf,0.0438554,3.83959e-05
vof_hf,0.0439528,4.05525e-05
vof_hf,0.0440503,4.27659e-05
vof_hf,0.0441477,4.50358e-05
vof_hf,0.0442452,4.73616e-05
vof_hf,0.0443426,4.97427e-05
vof_hf,0.0444401,5.21786e-05
vof_hf,0.0445375,5.46683e-05
vof_hf,0.0446349,5.72112e-05
vof_hf,0.0447324,5.98052e-05
vof_hf,0.0448298,6.24516e-05
vof_hf,0.0449273,6.51482e-05
vof_hf,0.0450247,6.7894e-05
vof_hf,0.0451222,7.0688e-05
vof_hf,0.0452196,7.35294e-05
vof_hf,0.0453171,7.64175e-05
vof_hf,0.0454145,7.93514e-05
vof_hf,0.045512,8.23307e-05
vof_hf,0.0456094,8.53553e-05
vof_hf,0.0457069,8.84243e-05
vof_hf,0.0458043,9.15376e-05
vof_hf,0.0459018,9.46945e-05
vof_hf,0.0459992,9.78947e-05
vof_hf,0.0460966,0.000101137
vof_hf,0.0461941,0.000104421
vof_hf,0.0462915,0.000107747
vof_hf,0.046389,0.000111112
vof_hf,0.0464864,0.000114517
vof_hf,0.0465839,0.00011796
vof_hf,0.0466813,0.000121443
vof_hf,0.0467788,0.000124963
vof_hf,0.0468762,0.000128548
vof_hf,0.0469737,0.000132145
vof_hf,0.0470711,0.000135778
vof_hf,0.0471686,0.000139449
vof_hf,0.047266,0.000143156
vof_hf,0.0473635,0.000146901
vof_hf,0.0474609,0.000150682
vof_hf,0.0475583,0.000154498
vof_hf,0.0476558,0.000158349
vof_hf,0.0477532,0.000162232
vof_hf,0.0478507,0.00016615
vof_hf,0.0479481,0.0001701
vof_hf,0.0480456,0.000174078
vof_hf,0.048143,0.000178089
vof_hf,0.0482405,0.00018213
vof_hf,0.0483379,0.000186199
vof_hf,0.0484354,0.000190296
vof_hf,0.0485328,0.00019442
vof_hf,0.0486303,0.00019857
vof_hf,0.0487277,0.000202747
vof_hf,0.0488252,0.000206948
vof_hf,0.0489226,0.000211172
vof_hf,0.04902,0.000215419
vof_hf,0.0491175,0.000219689
vof_hf,0.0492149,0.000223979
vof_hf,0.0493124,0.000228288
vof_hf,0.0494098,0.000232611
vof_hf,0.0495073,0.000236951
vof_hf,0.0496047,0.000241303
vof_hf,0.0497022,0.000245713
vof_hf,0.0497996,0.000250088
vof_hf,0.0498971,0.000254475
vof_hf,0.0499945,0.000258872
vof_hf,0.050092,0.000263275
vof_hf,0.0501894,0.000267684
vof_hf,0.0502869,0.000272097
vof_hf,0.0503843,0.000276514
vof_hf,0.0504817,0.000280934
vof_hf,0.0505792,0.000285355
vof_hf,0.0506766,0.000289778
vof_hf,0.0507741,0.000294201
vof_hf,0.0508715,0.000298623
vof_hf,0.050969,0.000303044
vof_hf,0.0510664,0.000307463
vof_hf,0.0511639,0.000311878
vof_hf,0.0512613,0.000316289
vof_hf,0.0513588,0.000320697
vof_hf,0.0514562,0.000325095
vof_hf,0.0515537,0.000329483
vof_hf,0.0516511,0.000333868
vof_hf,0.0517486,0.000338244
vof_hf,0.051846,0.00034261
vof_hf,0.0519434,0.000346965
vof_hf,0.0520409,0.000351309
vof_hf,0.0521383,0.00035564
vof_hf,0.0522358,0.000359957
vof_hf,0.0523332,0.00036426
vof_hf,0.0524307,0.000368469
vof_hf,0.0525281,0.00037274
vof_hf,0.0526256,0.000376993
vof_hf,0.052723,0.000381228
vof_hf,0.0528205,0.000385443
vof_hf,0.0529179,0.000389637
vof_hf,0.0530154,0.000393809
vof_hf,0.0531128,0.000397952
vof_hf,0.0532103,0.000402086
vof_hf,0.0533077,0.000406182
vof_hf,0.0534051,0.000410249
vof_hf,0.0535026,0.00041429
vof_hf,0.0536,0.000418304
vof_hf,0.0536975,0.000422286
vof_hf,0.0537949,0.000426238
vof_hf,0.0538924,0.000430157
vof_hf,0.0539898,0.000434052
vof_hf,0.0540873,0.000437905
vof_hf,0.0541847,0.000441719
vof_hf,0.0542822,0.000445502
vof_hf,0.0543796,0.000449248
vof_hf,0.0544771,0.000452958
vof_hf,0.0545745,0.000456631
vof_hf,0.054672,0.000460273
vof_hf,0.0547694,0.000463868
vof_hf,0.0548669,0.000467422
vof_hf,0.0549643,0.000470932
vof_hf,0.0550617,0.000474428
vof_hf,0.0551592,0.000477846
vof_hf,0.0552566,0.000481225
vof_hf,0.0553541,0.000484567
vof_hf,0.0554515,0.000487855
vof_hf,0.055549,0.000491097
vof_hf,0.0556464,0.000494285
vof_hf,0.0557439,0.00049743
vof_hf,0.0558413,0.000500525
vof_hf,0.0559388,0.000503572
vof_hf,0.0560362,0.000506573
vof_hf,0.0561337,0.000509523
vof_hf,0.0562311,0.000512412
vof_hf,0.0563286,0.00051525
vof_hf,0.056426,0.00051804
vof_hf,0.0565234,0.00052078
vof_hf,0.0566209,0.000523466
vof_hf,0.0567183,0.000526107
vof_hf,0.0568158,0.000528692
vof_hf,0.0569132,0.000531221
vof_hf,0.0570107,0.000533689
vof_hf,0.0571081,0.000536109
vof_hf,0.0572056,0.000538475
vof_hf,0.057303,0.000540786
vof_hf,0.0574005,0.000543041
vof_hf,0.0574979,0.000545243
vof_hf,0.0575954,0.000547379
vof_hf,0.0576928,0.000549466
vof_hf,0.0577903,0.000551495
vof_hf,0.0578877,0.000553468
vof_hf,0.0579851,0.000555382
vof_hf,0.0580826,0.000557237
vof_hf,0.05818,0.000559032
vof_hf,0.0582775,0.000560767
vof_hf,0.0583749,0.00056244
vof_hf,0.0584724,0.000564052
vof_hf,0.0585698,0.0005656
vof_hf,0.0586673,0.000567086
vof_hf,0.0587647,0.000568508
vof_hf,0.0588622,0.000569866
vof_hf,0.0589596,0.00057116
vof_hf,0.0590571,0.00057239
vof_hf,0.0591545,0.000573554
vof_hf,0.059252,0.000574654
vof_hf,0.0593494,0.00057569
vof_hf,0.0594468,0.000576661
vof_hf,0.0595443,0.000577572
vof_hf,0.0596417,0.000578413
vof_hf,0.0597392,0.000579187
vof_hf,0.0598366,0.000579897
vof_hf,0.0599341,0.000580539
vof_hf,0.0600315,0.000581114
vof_hf,0.060129,0.000581621
vof_hf,0.0602264,0.000582062
vof_hf,0.0603239,0.000582437
vof_hf,0.0604213,0.000582746
vof_hf,0.0605188,0.00058299
vof_hf,0.0606162,0.000583169
vof_hf,0.0607137,0.000583283
vof_hf,0.0608111,0.000583334
vof_hf,0.0609085,0.000583319
vof_hf,0.061006,0.000583242
vof_hf,0.0611034,0.000583103
vof_hf,0.0612009,0.000582903
vof_hf,0.0612983,0.000582639
vof_hf,0.0613958,0.000582307
vof_hf,0.0614932,0.000581918
vof_hf,0.0615907,0.000581456
vof_hf,0.0616881,0.00058092
vof_hf,0.0617856,0.000580335
vof_hf,0.061883,0.000579689
vof_hf,0.0619805,0.00057898
vof_hf,0.0620779,0.000578205
vof_hf,0.0621754,0.000577363
vof_hf,0.0622728,0.000576461
vof_hf,0.0623702,0.00057548
vof_hf,0.0624677,0.000574446
vof_hf,0.0625651,0.000573359
vof_hf,0.0626626,0.000572211
vof_hf,0.06276,0.000571006
vof_hf,0.0628575,0.000569731
vof_hf,0.0629549,0.000568389
vof_hf,0.0630524,0.000567002
vof_hf,0.0631498,0.000565557
vof_hf,0.0632473,0.000564053
vof_hf,0.0633447,0.000562486
vof_hf,0.0634422,0.000560847
vof_hf,0.0635396,0.000559168
vof_hf,0.0636371,0.000557428
vof_hf,0.0637345,0.000555631
vof_hf,0.0638319,0.000553774
vof_hf,0.0639294,0.000551858
vof_hf,0.0640268,0.000549867
vof_hf,0.0641243,0.00054783
vof_hf,0.0642217,0.000545739
vof_hf,0.0643192,0.000543593
vof_hf,0.0644166,0.00054139
vof_hf,0.0645141,0.000539134
vof_hf,0.0646115,0.00053681
vof_hf,0.064709,0.00053444
vof_hf,0.0648064,0.000532012
vof_hf,0.0649039,0.00052953
vof_hf,0.0650013,0.000526991
vof_hf,0.0650988,0.000524396
vof_hf,0.0651962,0.000521743
vof_hf,0.0652936,0.000519064
vof_hf,0.0653911,0.000516311
vof_hf,0.0654885,0.000513505
vof_hf,0.065586,0.000510647
vof_hf,0.0656834,0.000507739
vof_hf,0.0657809,0.000504779
vof_hf,0.0658783,0.000501769
vof_hf,0.0659758,0.00049871
vof_hf,0.0660732,0.000495602
vof_hf,0.0661707,0.000492445
vof_hf,0.0662681,0.000489241
vof_hf,0.0663656,0.000485989
vof_hf,0.066463,0.000482691
vof_hf,0.0665605,0.000479348
vof_hf,0.0666579,0.00047596
vof_hf,0.0667553,0.000472528
vof_hf,0.0668528,0.000469053
vof_hf,0.0669502,0.000465537
vof_hf,0.0670477,0.000461979
vof_hf,0.0671451,0.000458382
vof_hf,0.0672426,0.000454744
vof_hf,0.06734,0.00045107
vof_hf,0.0674375,0.000447358
vof_hf,0.0675349,0.00044361
vof_hf,0.0676324,0.000439826
vof_hf,0.0677298,0.000435999
vof_hf,0.0678273,0.000432144
vof_hf,0.0679247,0.000428254
vof_hf,0.0680222,0.00042433
vof_hf,0.0681196,0.000420376
vof_hf,0.068217,0.000416388
vof_hf,0.0683145,0.000412371
vof_hf,0.0684119,0.000408323
vof_hf,0.0685094,0.000404245
vof_hf,0.0686068,0.000400141
vof_hf,0.0687043,0.000396007
vof_hf,0.0688017,0.00039185
vof_hf,0.0688992,0.000387666
vof_hf,0.0689966,0.000383461
vof_hf,0.0690941,0.000379257
vof_hf,0.0691915,0.000375038
vof_hf,0.069289,0.000370803
vof_hf,0.0693864,0.000366555
vof_hf,0.0694839,0.000362291
vof_hf,0.0695813,0.000358016
vof_hf,0.0696787,0.000353724
vof_hf,0.0697762,0.000349421
vof_hf,0.0698736,0.000345103
vof_hf,0.0699711,0.000340776
vof_hf,0.0700685,0.000336436
vof_hf,0.070166,0.000332088
vof_hf,0.0702634,0.000327741
vof_hf,0.0703609,0.000323371
vof_hf,0.0704583,0.000319
vof_hf,0.0705558,0.000314624
vof_hf,0.0706532,0.000310241
vof_hf,0.0707507,0.000305855
vof_hf,0.0708481,0.000301473
vof_hf,0.0709456,0.000297074
vof_hf,0.071043,0.000292676
vof_hf,0.0711405,0.000288277
vof_hf,0.0712379,0.000283874
vof_hf,0.0713353,0.000279473
vof_hf,0.0714328,0.000275074
vof_hf,0.0715302,0.000270669
vof_hf,0.0716277,0.00026627
vof_hf,0.0717251,0.000261873
vof_hf,0.0718226,0.000257484
vof_hf,0.07192,0.00025311
vof_hf,0.0720175,0.000248739
vof_hf,0.0721149,0.000244374
vof_hf,0.0722124,0.000240024
vof_hf,0.0723098,0.000235688
vof_hf,0.0724073,0.000231364
vof_hf,0.0725047,0.000227057
vof_hf,0.0726022,0.000222774
vof_hf,0.0726996,0.000218499
vof_hf,0.072797,0.000214247
vof_hf,0.0728945,0.000210015
vof_hf,0.0729919,0.000205803
vof_hf,0.0730894,0.00020161
vof_hf,0.0731868,0.000197439
vof_hf,0.0732843,0.000193291
vof_hf,0.0733817,0.000189165
vof_hf,0.0734792,0.000185064
vof_hf,0.0735766,0.000180987
vof_hf,0.0736741,0.000176944
vof_hf,0.0737715,0.000172921
vof_hf,0.073869,0.000168923
vof_hf,0.0739664,0.000164952
vof_hf,0.0740639,0.000161013
vof_hf,0.0741613,0.000157108
vof_hf,0.0742587,0.000153237
vof_hf,0.0743562,0.0001494
vof_hf,0.0744536,0.0001456
vof_hf,0.0745511,0.000141831
vof_hf,0.0746485,0.000138098
vof_hf,0.074746,0.000134399
vof_hf,0.0748434,0.00013074
vof_hf,0.0749409,0.000127117
vof_hf,0.0750383,0.000123532
vof_hf,0.0751358,0.000119984
vof_hf,0.0752332,0.000116475
vof_hf,0.0753307,0.000113005
vof_hf,0.0754281,0.000109575
vof_hf,0.0755256,0.000106186
vof_hf,0.075623,0.000102838
vof_hf,0.0757204,9.95337e-05
vof_hf,0.0758179,9.62732e-05
vof_hf,0.0759153,9.3058e-05
vof_hf,0.0760128,8.98893e-05
vof_hf,0.0761102,8.67682e-05
vof_hf,0.0762077,8.36799e-05
vof_hf,0.0763051,8.0658e-05
vof_hf,0.0764026,7.76863e-05
vof_hf,0.0765,7.47632e-05
vof_hf,0.0765975,7.18932e-05
vof_hf,0.0766949,6.90744e-05
vof_hf,0.0767924,6.63071e-05
vof_hf,0.0768898,6.35914e-05
vof_hf,0.0769873,6.09273e-05
vof_hf,0.0770847,5.83147e-05
vof_hf,0.0771821,5.57539e-05
vof_hf,0.0772796,5.32461e-05
vof_hf,0.077377,5.07922e-05
vof_hf,0.0774745,4.83931e-05
vof_hf,0.0775719,4.60498e-05
vof_hf,0.0776694,4.37756e-05
vof_hf,0.0777668,4.15462e-05
vof_hf,0.0778643,3.93746e-05
vof_hf,0.0779617,3.72612e-05
vof_hf,0.0780592,3.52064e-05
vof_hf,0.0781566,3.32103e-05
vof_hf,0.0782541,3.1273e-05
vof_hf,0.0783515,2.93969e-05
vof_hf,0.078449,2.75778e-05
vof_hf,0.0785464,2.58186e-05
vof_hf,0.0786438,2.41196e-05
vof_hf,0.0787413,2.24814e-05
vof_hf,0.0788387,2.09044e-05
vof_hf,0.0789362,1.93888e-05
vof_hf,0.0790336,1.79349e-05
vof_hf,0.0791311,1.65422e-05
vof_hf,0.0792285,1.52111e-05
vof_hf,0.079326,1.39414e-05
vof_hf,0.0794234,1.27333e-05
vof_hf,0.0795209,1.1587e-05
vof_hf,0.0796183,1.05029e-05
vof_hf,0.0797158,9.48149e-06
vof_hf,0.0798132,8.52357e-06
vof_hf,0.0799107,7.62978e-06
vof_hf,0.0800081,6.80074e-06
vof_hf,0.0801055,6.03683e-06
vof_hf,0.080203,5.33823e-06
vof_hf,0.0803004,4.7048e-06
vof_hf,0.0803979,4.13619e-06
vof_hf,0.0804953,3.63189e-06
vof_hf,0.0805928,3.19133e-06
vof_hf,0.0806902,2.81405e-06
vof_hf,0.0807877,2.49981e-06
vof_hf,0.0808851,2.24859e-06
vof_hf,0.0809826,2.06072e-06
vof_hf,0.08108,1.93673e-06
vof_hf,0.0811775,1.87739e-06
vof_hf,0.0812749,1.88343e-06
vof_hf,0.0813724,1.95558e-06
vof_hf,0.0814698,2.09431e-06
vof_hf,0.0815672,2.29993e-06
vof_hf,0.0816647,2.57238e-06
vof_hf,0.0817621,2.91136e-06
vof_hf,0.0818596,3.31633e-06
vof_hf,0.081957,3.78654e-06
vof_hf,0.0820545,4.32123e-06
vof_hf,0.0821519,4.91965e-06
vof_hf,0.0822494,5.58115e-06
vof_hf,0.0823468,6.30528e-06
vof_hf,0.0824443,7.09173e-06
vof_hf,0.0825417,7.94042e-06
vof_hf,0.0826392,8.85141e-06
vof_hf,0.0827366,9.82458e-06
vof_hf,0.0828341,1.08608e-05
vof_hf,0.0829315,1.19604e-05
vof_hf,0.0830289,1.3123e-05
vof_hf,0.0831264,1.43487e-05
vof_hf,0.0832238,1.56374e-05
vof_hf,0.0833213,1.69889e-05
vof_hf,0.0834187,1.84027e-05
vof_hf,0.0835162,1.98785e-05
vof_hf,0.0836136,2.14156e-05
vof_hf,0.0837111,2.30134e-05
vof_hf,0.0838085,2.4671e-05
vof_hf,0.083906,2.63878e-05
vof_hf,0.0840034,2.81631e-05
vof_hf,0.0841009,2.99967e-05
vof_hf,0.0841983,3.18879e-05
vof_hf,0.0842958,3.38356e-05
vof_hf,0.0843932,3.58398e-05
vof_hf,0.0844906,3.79002e-05
vof_hf,0.0845881,4.00167e-05
vof_hf,0.0846855,4.21893e-05
vof_hf,0.084783,4.44181e-05
vof_hf,0.0848804,4.67025e-05
vof_hf,0.0849779,4.90423e-05
vof_hf,0.0850753,5.14376e-05
vof_hf,0.0851728,5.38856e-05
vof_hf,0.0852702,5.65765e-05
vof_hf,0.0853677,5.91284e-05
vof_hf,0.0854651,6.15619e-05
vof_hf,0.0855626,6.42217e-05
vof_hf,0.08566,6.69321e-05
vof_hf,0.0857575,6.9692e-05
vof_hf,0.0858549,7.25011e-05
vof_hf,0.0859523,7.53593e-05
vof_hf,0.0860498,7.82658e-05
vof_hf,0.0861472,8.12203e-05
vof_hf,0.0862447,8.42227e-05
vof_hf,0.0863421,8.72729e-05
vof_hf,0.0864396,9.03707e-05
vof_hf,0.086537,9.35156e-05
vof_hf,0.0866345,9.67073e-05
vof_hf,0.0867319,9.99433e-05
vof_hf,0.0868294,0.000103253
vof_hf,0.0869268,0.00010655
vof_hf,0.0870243,0.000109918
vof_hf,0.0871217,0.000113326
vof_hf,0.0872192,0.000116775
vof_hf,0.0873166,0.00012028
vof_hf,0.087414,0.000123805
vof_hf,0.0875115,0.000127367
vof_hf,0.0876089,0.000130967
vof_hf,0.0877064,0.000134599
vof_hf,0.0878038,0.000138267
vof_hf,0.0879013,0.00014197
vof_hf,0.0879987,0.000145707
vof_hf,0.0880962,0.000149477
vof_hf,0.0881936,0.00015328
vof_hf,0.0882911,0.000157118
vof_hf,0.0883885,0.000160985
vof_hf,0.088486,0.000164883
vof_hf,0.0885834,0.00016881
vof_hf,0.0886809,0.000172766
vof_hf,0.0887783,0.00017675
vof_hf,0.0888758,0.000180761
vof_hf,0.0889732,0.000184798
vof_hf,0.0890706,0.00018886
vof_hf,0.0891681,0.000192947
vof_hf,0.0892655,0.000197056
vof_hf,0.089363,0.000201189
vof_hf,0.0894604,0.000205344
vof_hf,0.0895579,0.000209519
vof_hf,0.0896553,0.000213715
vof_hf,0.0897528,0.000217929
vof_hf,0.0898502,0.000222161
vof_hf,0.0899477,0.000226409
vof_hf,0.0900451,0.000230674
vof_hf,0.0901426,0.000234953
vof_hf,0.09024,0.000239247
vof_hf,0.0903375,0.000243553
vof_hf,0.0904349,0.000247872
vof_hf,0.0905323,0.000252203
vof_hf,0.0906298,0.000256544
vof_hf,0.0907272,0.000260894
vof_hf,0.0908247,0.000265252
vof_hf,0.0909221,0.000269618
vof_hf,0.0910196,0.000273989
vof_hf,0.091117,0.000278365
vof_hf,0.0912145,0.000282743
vof_hf,0.0913119,0.000287128
vof_hf,0.0914094,0.000291524
vof_hf,0.0915068,0.00029591
vof_hf,0.0916043,0.000300295
vof_hf,0.0917017,0.00030468
vof_hf,0.0917992,0.000309063
vof_hf,0.0918966,0.000313443
vof_hf,0.091994,0.000317821
vof_hf,0.0920915,0.000322196
vof_hf,0.0921889,0.000326566
vof_hf,0.0922864,0.000330931
vof_hf,0.0923838,0.000335289
vof_hf,0.0924813,0.000339639
vof_hf,0.0925787,0.00034398
vof_hf,0.0926762,0.000348311
vof_hf,0.0927736,0.000352625
vof_hf,0.0928711,0.000356932
vof_hf,0.0929685,0.000361224
vof_hf,0.093066,0.000365517
vof_hf,0.0931634,0.000369775
vof_hf,0.0932609,0.00037402
vof_hf,0.0933583,0.000378248
vof_hf,0.0934557,0.000382457
vof_hf,0.0935532,0.000386647
vof_hf,0.0936506,0.000390817
vof_hf,0.0937481,0.000394966
vof_hf,0.0938455,0.000399093
vof_hf,0.093943,0.000403193
vof_hf,0.0940404,0.000407267
vof_hf,0.0941379,0.000411311
vof_hf,0.0942353,0.000415335
vof_hf,0.0943328,0.00041933
vof_hf,0.0944302,0.000423296
vof_hf,0.0945277,0.000427231
vof_hf,0.0946251,0.000431136
vof_hf,0.0947226,0.000435008
vof_hf,0.09482,0.000438849
vof_hf,0.0949174,0.000442656
vof_hf,0.0950149,0.000446431
vof_hf,0.0951123,0.000450172
vof_hf,0.0952098,0.000453879
vof_hf,0.0953072,0.000457551
vof_hf,0.0954047,0.000461187
vof_hf,0.0955021,0.000464785
vof_hf,0.0955996,0.000468346
vof_hf,0.095697,0.000471866
vof_hf,0.0957945,0.000475347
vof_hf,0.0958919,0.000478787
vof_hf,0.0959894,0.000482201
vof_hf,0.0960868,0.000485549
vof_hf,0.0961843,0.00048886
vof_hf,0.0962817,0.000492124
vof_hf,0.0963791,0.000495343
vof_hf,0.0964766,0.000498514
vof_hf,0.096574,0.000501637
vof_hf,0.0966715,0.000504709
vof_hf,0.0967689,0.000507733
vof_hf,0.0968664,0.000510706
vof_hf,0.0969638,0.000513647
vof_hf,0.0970613,0.000516513
vof_hf,0.0971587,0.000519327
vof_hf,0.0972562,0.000522095
vof_hf,0.0973536,0.000524812
vof_hf,0.0974511,0.000527475
vof_hf,0.0975485,0.0005301
vof_hf,0.097646,0.000532647
vof_hf,0.0977434,0.00053516
vof_hf,0.0978408,0.000537602
vof_hf,0.0979383,0.000539987
vof_hf,0.0980357,0.000542313
vof_hf,0.0981332,0.000544581
vof_hf,0.0982306,0.00054679
vof_hf,0.0983281,0.00054894
vof_hf,0.0984255,0.000551029
vof_hf,0.098523,0.00055306
vof_hf,0.0986204,0.000555046
vof_hf,0.0987179,0.000556951
vof_hf,0.0988153,0.000558792
vof_hf,0.0989128,0.000560581
vof_hf,0.0990102,0.000562297
vof_hf,0.0991077,0.000563962
vof_hf,0.0992051,0.000565564
vof_hf,0.0993025,0.000567104
vof_hf,0.0994,0.00056858
vof_hf,0.0994974,0.000569993
vof_hf,0.0995949,0.000571341
vof_hf,0.0996923,0.000572626
vof_hf,0.0997898,0.000573859
vof_hf,0.0998872,0.000575014
vof_hf,0.0999847,0.000576103
vof_hf,0.100082,0.000577127
vof_hf,0.10018,0.000578086
vof_hf,0.100277,0.00057898
vof_hf,0.100374,0.000579807
vof_hf,0.100472,0.000580569
vof_hf,0.100569,0.000581265
vof_hf,0.100667,0.000581895
vof_hf,0.100764,0.000582457
vof_hf,0.100862,0.000582954
vof_hf,0.100959,0.000583383
vof_hf,0.101057,0.000583746
vof_hf,0.101154,0.000584041
vof_hf,0.101251,0.000584262
vof_hf,0.101349,0.000584422
vof_hf,0.101446,0.000584516
vof_hf,0.101544,0.000584542
vof_hf,0.101641,0.000584501
vof_hf,0.101739,0.000584392
vof_hf,0.101836,0.000584217
vof_hf,0.101934,0.000583975
vof_hf,0.102031,0.000583668
vof_hf,0.102129,0.000583302
vof_hf,0.102226,0.00058288
vof_hf,0.102323,0.000582396
vof_hf,0.102421,0.000581847
vof_hf,0.102518,0.000581228
vof_hf,0.102616,0.000580541
vof_hf,0.102713,0.000579783
vof_hf,0.102811,0.000578956
vof_hf,0.102908,0.000578062
vof_hf,0.103006,0.000577103
vof_hf,0.103103,0.000576079
vof_hf,0.1032,0.000574989
vof_hf,0.103298,0.000573843
vof_hf,0.103395,0.000572631
vof_hf,0.103493,0.000571365
vof_hf,0.10359,0.00057004
vof_hf,0.103688,0.000568657
vof_hf,0.103785,0.000567217
vof_hf,0.103883,0.000565715
vof_hf,0.10398,0.000564154
vof_hf,0.104077,0.00056253
vof_hf,0.104175,0.000560844
vof_hf,0.104272,0.000559094
vof_hf,0.10437,0.00055728
vof_hf,0.104467,0.000555401
vof_hf,0.104565,0.000553457
vof_hf,0.104662,0.000551448
vof_hf,0.10476,0.000549378
vof_hf,0.104857,0.000547247
vof_hf,0.104954,0.000545057
vof_hf,0.105052,0.000542808
vof_hf,0.105149,0.000540503
vof_hf,0.105247,0.00053814
vof_hf,0.105344,0.000535721
vof_hf,0.105442,0.000533244
vof_hf,0.105539,0.000530712
vof_hf,0.105637,0.000528234
vof_hf,0.105734,0.000525483
vof_hf,0.105831,0.000522784
vof_hf,0.105929,0.000520032
vof_hf,0.106026,0.000517226
vof_hf,0.106124,0.000514368
vof_hf,0.106221,0.000511459
vof_hf,0.106319,0.000508501
vof_hf,0.106416,0.000505494
vof_hf,0.106514,0.000502441
vof_hf,0.106611,0.000499343
vof_hf,0.106708,0.0004962
vof_hf,0.106806,0.00049302
vof_hf,0.106903,0.000489792
vof_hf,0.107001,0.000486519
vof_hf,0.107098,0.000483204
vof_hf,0.107196,0.000479848
vof_hf,0.107293,0.000476452
vof_hf,0.107391,0.000473013
vof_hf,0.107488,0.000469537
vof_hf,0.107586,0.000466024
vof_hf,0.107683,0.000462478
vof_hf,0.10778,0.000458898
vof_hf,0.107878,0.000455285
vof_hf,0.107975,0.000451628
vof_hf,0.108073,0.000447951
vof_hf,0.10817,0.000444241
vof_hf,0.108268,0.000440498
vof_hf,0.108365,0.000436721
vof_hf,0.108463,0.000432922
vof_hf,0.10856,0.000429078
vof_hf,0.108657,0.000425201
vof_hf,0.108755,0.00042129
vof_hf,0.108852,0.000417348
vof_hf,0.10895,0.000413375
vof_hf,0.109047,0.000409372
vof_hf,0.109145,0.000405348
vof_hf,0.109242,0.0004013
vof_hf,0.10934,0.000397215
vof_hf,0.109437,0.000393103
vof_hf,0.109534,0.000388958
vof_hf,0.109632,0.000384795
vof_hf,0.109729,0.000380607
vof_hf,0.109827,0.000376384
vof_hf,0.109924,0.00037215
vof_hf,0.110022,0.000367908
vof_hf,0.110119,0.000363652
vof_hf,0.110217,0.000359384
vof_hf,0.110314,0.000355099
vof_hf,0.110411,0.000350798
vof_hf,0.110509,0.00034648
vof_hf,0.110606,0.000342147
vof_hf,0.110704,0.000337793
vof_hf,0.110801,0.00033343
vof_hf,0.110899,0.000329058
vof_hf,0.110996,0.000324679
vof_hf,0.111094,0.000320297
vof_hf,0.111191,0.000315915
vof_hf,0.111288,0.000311533
vof_hf,0.111386,0.000307161
vof_hf,0.111483,0.000302797
vof_hf,0.111581,0.000298442
vof_hf,0.111678,0.000294116
vof_hf,0.111776,0.000289786
vof_hf,0.111873,0.000285464
vof_hf,0.111971,0.00028115
vof_hf,0.112068,0.000276839
vof_hf,0.112166,0.000272531
vof_hf,0.112263,0.000268222
vof_hf,0.11236,0.000263912
vof_hf,0.112458,0.000259603
vof_hf,0.112555,0.000255301
vof_hf,0.112653,0.000250949
vof_hf,0.11275,0.000246647
vof_hf,0.112848,0.000242348
vof_hf,0.112945,0.000238054
vof_hf,0.113043,0.000233765
vof_hf,0.11314,0.000229485
vof_hf,0.113237,0.000225215
vof_hf,0.113335,0.000220956
vof_hf,0.113432,0.000216708
vof_hf,0.11353,0.000212472
vof_hf,0.113627,0.000208247
vof_hf,0.113725,0.000204037
vof_hf,0.113822,0.000199836
vof_hf,0.11392,0.00019565
vof_hf,0.114017,0.000191481
vof_hf,0.114114,0.000187333
vof_hf,0.114212,0.000183206
vof_hf,0.114309,0.000179105
vof_hf,0.114407,0.000175031
vof_hf,0.114504,0.000170989
vof_hf,0.114602,0.000166978
vof_hf,0.114699,0.000163002
vof_hf,0.114797,0.000159059
vof_hf,0.114894,0.000155152
vof_hf,0.114991,0.00015128
vof_hf,0.115089,0.000147444
vof_hf,0.115186,0.000143645
vof_hf,0.115284,0.000139885
vof_hf,0.115381,0.000136163
vof_hf,0.115479,0.000132484
vof_hf,0.115576,0.00012885
vof_hf,0.115674,0.000125261
vof_hf,0.115771,0.00012172
vof_hf,0.115868,0.000118228
vof_hf,0.115966,0.000114794
vof_hf,0.116063,0.000111398
vof_hf,0.116161,0.000108056
vof_hf,0.116258,0.000104748
vof_hf,0.116356,0.000101484
vof_hf,0.116453,9.82623e-05
vof_hf,0.116551,9.50794e-05
vof_hf,0.116648,9.19379e-05
vof_hf,0.116746,8.88391e-05
vof_hf,0.116843,8.57849e-05
vof_hf,0.11694,8.27775e-05
vof_hf,0.117038,7.9819e-05
vof_hf,0.117135,7.69163e-05
vof_hf,0.117233,7.40589e-05
vof_hf,0.11733,7.12516e-05
vof_hf,0.117428,6.84919e-05
vof_hf,0.117525,6.57794e-05
vof_hf,0.117623,6.31114e-05
vof_hf,0.11772,6.04858e-05
vof_hf,0.117817,5.79049e-05
vof_hf,0.117915,5.53619e-05
vof_hf,0.118012,5.28617e-05
vof_hf,0.11811,5.04062e-05
vof_hf,0.118207,4.79981e-05
vof_hf,0.118305,4.56379e-05
vof_hf,0.118402,4.33315e-05
vof_hf,0.1185,4.10796e-05
vof_hf,0.118597,3.88834e-05
vof_hf,0.118694,3.67431e-05
vof_hf,0.118792,3.4659e-05
vof_hf,0.118889,3.26313e-05
vof_hf,0.118987,3.06604e-05
vof_hf,0.119084,2.8747e-05
vof_hf,0.119182,2.68926e-05
vof_hf,0.119279,2.50991e-05
vof_hf,0.119377,2.33683e-05
vof_hf,0.119474,2.17022e-05
vof_hf,0.119571,2.01021e-05
vof_hf,0.119669,1.85692e-05
vof_hf,0.119766,1.71039e-05
vof_hf,0.119864,1.57066e-05
vof_hf,0.119961,1.4377e-05
vof_hf,0.120059,1.31151e-05
vof_hf,0.120156,1.19211e-05
vof_hf,0.120254,1.07954e-05
vof_hf,0.120351,9.7389e-06
vof_hf,0.120448,8.75226e-06
vof_hf,0.120546,7.83727e-06
vof_hf,0.120643,6.9947e-06
vof_hf,0.120741,6.22518e-06
vof_hf,0.120838,5.52871e-06
vof_hf,0.120936,4.90453e-06
vof_hf,0.121033,4.35124e-06
vof_hf,0.121131,3.86678e-06
vof_hf,0.121228,3.44879e-06
vof_hf,0.121326,3.09503e-06
vof_hf,0.121423,2.80275e-06
vof_hf,0.12152,2.57078e-06
vof_hf,0.121618,2.39808e-06
vof_hf,0.121715,2.28319e-06
vof_hf,0.121813,2.22692e-06
vof_hf,0.12191,2.22984e-06
vof_hf,0.122008,2.29279e-06
vof_hf,0.122105,2.4166e-06
vof_hf,0.122203,2.60195e-06
vof_hf,0.1223,2.84915e-06
vof_hf,0.122397,3.15814e-06
vof_hf,0.122495,3.52846e-06
vof_hf,0.122592,3.95971e-06
vof_hf,0.12269,4.45127e-06
vof_hf,0.122787,5.00262e-06
vof_hf,0.122885,5.61365e-06
vof_hf,0.122982,6.28445e-06
vof_hf,0.12308,7.0155e-06
vof_hf,0.123177,7.80758e-06
vof_hf,0.123274,8.66214e-06
vof_hf,0.123372,9.57976e-06
vof_hf,0.123469,1.05598e-05
vof_hf,0.123567,1.16078e-05
vof_hf,0.123664,1.27225e-05
vof_hf,0.123762,1.3905e-05
vof_hf,0.123859,1.51561e-05
vof_hf,0.123957,1.64766e-05
vof_hf,0.124054,1.78669e-05
vof_hf,0.124151,1.93247e-05
vof_hf,0.124249,2.08545e-05
vof_hf,0.124346,2.2454e-05
vof_hf,0.124444,2.41227e-05
vof_hf,0.124541,2.586e-05
vof_hf,0.124639,2.76656e-05
vof_hf,0.124736,2.95386e-05
vof_hf,0.124834,3.1478e-05
vof_hf,0.124931,3.34831e-05
vof_hf,0.125028,3.5553e-05
vof_hf,0.125126,3.76866e-05
vof_hf,0.125223,3.98829e-05
vof_hf,0.125321,4.2141e-05
vof_hf,0.125418,4.44594e-05
vof_hf,0.125516,4.67838e-05
vof_hf,0.125613,4.92732e-05
vof_hf,0.125711,5.18319e-05
vof_hf,0.125808,5.43991e-05
vof_hf,0.125905,5.69723e-05
vof_hf,0.126003,5.93487e-05
vof_hf,0.1261,6.20698e-05
vof_hf,0.126198,6.49722e-05
vof_hf,0.126295,6.78457e-05
vof_hf,0.126393,7.05937e-05
vof_hf,0.12649,7.32633e-05
vof_hf,0.126588,7.59904e-05
vof_hf,0.126685,7.88743e-05
vof_hf,0.126783,8.19208e-05
vof_hf,0.12688,8.50532e-05
vof_hf,0.126977,8.8183e-05
vof_hf,0.127075,9.12683e-05
vof_hf,0.127172,9.43308e-05
vof_hf,0.12727,9.74256e-05
vof_hf,0.127367,0.000100598
vof_hf,0.127465,0.000103861
vof_hf,0.127562,0.000107199
vof_hf,0.12766,0.00011058
vof_hf,0.127757,0.000113996
vof_hf,0.127854,0.00011746
vof_hf,0.127952,0.000120975
vof_hf,0.128049,0.000124552
vof_hf,0.128147,0.000128179
vof_hf,0.128244,0.00013184
vof_hf,0.128342,0.000135533
vof_hf,0.128439,0.000139223
vof_hf,0.128537,0.000142933
vof_hf,0.128634,0.000146678
vof_hf,0.128731,0.00015049
vof_hf,0.128829,0.00015432
vof_hf,0.128926,0.000158188
vof_hf,0.129024,0.00016209
vof_hf,0.129121,0.000166023
vof_hf,0.129219,0.00016999
vof_hf,0.129316,0.000173991
vof_hf,0.129414,0.000178026
vof_hf,0.129511,0.000182096
vof_hf,0.129608,0.000186195
vof_hf,0.129706,0.000190327
vof_hf,0.129803,0.000194487
vof_hf,0.129901,0.00019867
vof_hf,0.129998,0.000202872
vof_hf,0.130096,0.000207085
vof_hf,0.130193,0.000211307
vof_hf,0.130291,0.000215535
vof_hf,0.130388,0.000219777
vof_hf,0.130485,0.000224038
vof_hf,0.130583,0.000228325
vof_hf,0.13068,0.00023264
vof_hf,0.130778,0.000236964
vof_hf,0.130875,0.000241295
vof_hf,0.130973,0.000245629
vof_hf,0.13107,0.000249965
vof_hf,0.131168,0.000254308
vof_hf,0.131265,0.000258667
vof_hf,0.131363,0.00026305
vof_hf,0.13146,0.000267453
vof_hf,0.131557,0.000271876
vof_hf,0.131655,0.000276306
vof_hf,0.131752,0.000280727
vof_hf,0.13185,0.000285122
vof_hf,0.131947,0.000289487
vof_hf,0.132045,0.000293814
vof_hf,0.132142,0.000298112
vof_hf,0.13224,0.000302389
vof_hf,0.132337,0.000306667
vof_hf,0.132434,0.000310949
vof_hf,0.132532,0.000315243
vof_hf,0.132629,0.000319553
vof_hf,0.132727,0.000323878
vof_hf,0.132824,0.000328149
vof_hf,0.132922,0.000332489
vof_hf,0.133019,0.000336829
vof_hf,0.133117,0.000341166
vof_hf,0.133214,0.000345499
vof_hf,0.133311,0.000349824
vof_hf,0.133409,0.000354137
vof_hf,0.133506,0.000358441
vof_hf,0.133604,0.000362727
vof_hf,0.133701,0.000366994
vof_hf,0.133799,0.000371243
vof_hf,0.133896,0.000375479
vof_hf,0.133994,0.000379702
vof_hf,0.134091,0.000383913
vof_hf,0.134188,0.000388116
vof_hf,0.134286,0.000392308
vof_hf,0.134383,0.000396479
vof_hf,0.134481,0.000400633
vof_hf,0.134578,0.00040476
vof_hf,0.134676,0.000408859
vof_hf,0.134773,0.000412929
vof_hf,0.134871,0.000416975
vof_hf,0.134968,0.000421013
vof_hf,0.135065,0.000425013
vof_hf,0.135163,0.000428979
vof_hf,0.13526,0.0004329
vof_hf,0.135358,0.000436787
vof_hf,0.135455,0.00044064
vof_hf,0.135553,0.000444451
vof_hf,0.13565,0.000448219
vof_hf,0.135748,0.000451941
vof_hf,0.135845,0.000455618
vof_hf,0.135943,0.000459245
vof_hf,0.13604,0.000462833
vof_hf,0.136137,0.000466348
vof_hf,0.136235,0.000469805
vof_hf,0.136332,0.000473201
vof_hf,0.13643,0.000476539
vof_hf,0.136527,0.000479824
vof_hf,0.136625,0.000483063
vof_hf,0.136722,0.000486262
vof_hf,0.13682,0.000489427
vof_hf,0.136917,0.000492558
vof_hf,0.137014,0.000495657
vof_hf,0.137112,0.000498721
vof_hf,0.137209,0.00050175
vof_hf,0.137307,0.00050474
vof_hf,0.137404,0.000507693
vof_hf,0.137502,0.000510618
vof_hf,0.137599,0.000513495
vof_hf,0.137697,0.000516346
vof_hf,0.137794,0.000519144
vof_hf,0.137891,0.000521898
vof_hf,0.137989,0.000524605
vof_hf,0.138086,0.000527261
vof_hf,0.138184,0.000529866
vof_hf,0.138281,0.000532418
vof_hf,0.138379,0.000534921
vof_hf,0.138476,0.000537373
vof_hf,0.138574,0.000539777
vof_hf,0.138671,0.000542131
vof_hf,0.138768,0.000544436
vof_hf,0.138866,0.000546687
vof_hf,0.138963,0.000548883
vof_hf,0.139061,0.000551018
vof_hf,0.139158,0.000553091
vof_hf,0.139256,0.000555099
vof_hf,0.139353,0.00055704
vof_hf,0.139451,0.000558907
vof_hf,0.139548,0.00056071
vof_hf,0.139645,0.000562442
vof_hf,0.139743,0.000564105
vof_hf,0.13984,0.000565695
vof_hf,0.139938,0.000567216
vof_hf,0.140035,0.000568667
vof_hf,0.140133,0.00057005
vof_hf,0.14023,0.00057137
vof_hf,0.140328,0.000572616
vof_hf,0.140425,0.000573786
vof_hf,0.140523,0.000574894
vof_hf,0.14062,0.000575928
vof_hf,0.140717,0.000576905
vof_hf,0.140815,0.000577816
vof_hf,0.140912,0.000578665
vof_hf,0.14101,0.000579454
vof_hf,0.141107,0.000580177
vof_hf,0.141205,0.000580851
vof_hf,0.141302,0.000581468
vof_hf,0.1414,0.000582026
vof_hf,0.141497,0.000582526
vof_hf,0.141594,0.000582965
vof_hf,0.141692,0.000583357
vof_hf,0.141789,0.000583669
vof_hf,0.141887,0.000583915
vof_hf,0.141984,0.000584094
vof_hf,0.142082,0.000584208
vof_hf,0.142179,0.000584249
vof_hf,0.142277,0.000584221
vof_hf,0.142374,0.00058413
vof_hf,0.142471,0.000583956
vof_hf,0.142569,0.000583714
vof_hf,0.142666,0.000583407
vof_hf,0.142764,0.000583035
vof_hf,0.142861,0.000582601
vof_hf,0.142959,0.000582105
vof_hf,0.143056,0.000581551
vof_hf,0.143154,0.000580938
vof_hf,0.143251,0.000580267
vof_hf,0.143348,0.00057954
vof_hf,0.143446,0.000578753
vof_hf,0.143543,0.000577903
vof_hf,0.143641,0.00057699
vof_hf,0.143738,0.00057601
vof_hf,0.143836,0.000574964
vof_hf,0.143933,0.000573848
vof_hf,0.144031,0.000572665
vof_hf,0.144128,0.000571414
vof_hf,0.144225,0.000570095
vof_hf,0.144323,0.000568705
vof_hf,0.14442,0.000567248
vof_hf,0.144518,0.00056572
vof_hf,0.144615,0.000564126
vof_hf,0.144713,0.000562464
vof_hf,0.14481,0.000560737
vof_hf,0.144908,0.000558937
vof_hf,0.145005,0.000557084
vof_hf,0.145102,0.000555167
vof_hf,0.1452,0.00055319
vof_hf,0.145297,0.000551151
vof_hf,0.145395,0.000549054
vof_hf,0.145492,0.000546898
vof_hf,0.14559,0.000544685
vof_hf,0.145687,0.000542415
vof_hf,0.145785,0.000540089
vof_hf,0.145882,0.000537707
vof_hf,0.14598,0.000535271
vof_hf,0.146077,0.000532773
vof_hf,0.146174,0.000530227
vof_hf,0.146272,0.000527628
vof_hf,0.146369,0.000524977
vof_hf,0.146467,0.000522273
vof_hf,0.146564,0.000519518
vof_hf,0.146662,0.000516712
vof_hf,0.146759,0.000513855
vof_hf,0.146857,0.000510948
vof_hf,0.146954,0.000507993
vof_hf,0.147051,0.000504992
vof_hf,0.147149,0.000501948
vof_hf,0.147246,0.000498861
vof_hf,0.147344,0.000495735
vof_hf,0.147441,0.00049257
vof_hf,0.147539,0.000489367
vof_hf,0.147636,0.000486125
vof_hf,0.147734,0.000482845
vof_hf,0.147831,0.000479523
vof_hf,0.147928,0.000476158
vof_hf,0.148026,0.000472748
vof_hf,0.148123,0.000469292
vof_hf,0.148221,0.000465788
vof_hf,0.148318,0.000462236
vof_hf,0.148416,0.000458634
vof_hf,0.148513,0.000454982
vof_hf,0.148611,0.000451281
vof_hf,0.148708,0.000447531
vof_hf,0.148805,0.000443744
vof_hf,0.148903,0.000439916
vof_hf,0.149,0.000436053
vof_hf,0.149098,0.00043215
vof_hf,0.149195,0.000428222
vof_hf,0.149293,0.000424267
vof_hf,0.14939,0.000420285
vof_hf,0.149488,0.000416294
vof_hf,0.149585,0.000412264
vof_hf,0.149682,0.000408212
vof_hf,0.14978,0.000404139
vof_hf,0.149877,0.000400044
vof_hf,0.149975,0.000395929
vof_hf,0.150072,0.000391793
vof_hf,0.15017,0.000387639
vof_hf,0.150267,0.000383465
vof_hf,0.150365,0.000379272
vof_hf,0.150462,0.000375067
vof_hf,0.15056,0.000370853
vof_hf,0.150657,0.000366632
vof_hf,0.150754,0.000362401
vof_hf,0.150852,0.00035816
vof_hf,0.150949,0.000353904
vof_hf,0.151047,0.000349636
vof_hf,0.151144,0.000345353
vof_hf,0.151242,0.000341056
vof_hf,0.151339,0.000336746
vof_hf,0.151437,0.000332424
vof_hf,0.151534,0.000328091
vof_hf,0.151631,0.000323752
vof_hf,0.151729,0.000319405
vof_hf,0.151826,0.000315055
vof_hf,0.151924,0.000310699
vof_hf,0.152021,0.000306345
vof_hf,0.152119,0.00030199
vof_hf,0.152216,0.000297634
vof_hf,0.152314,0.000293277
vof_hf,0.152411,0.00028892
vof_hf,0.152508,0.00028456
vof_hf,0.152606,0.000280198
vof_hf,0.152703,0.000275834
vof_hf,0.152801,0.000271466
vof_hf,0.152898,0.000267101
vof_hf,0.152996,0.000262736
vof_hf,0.153093,0.000258377
vof_hf,0.153191,0.000254024
vof_hf,0.153288,0.000249688
vof_hf,0.153385,0.000245368
vof_hf,0.153483,0.000241063
vof_hf,0.15358,0.000236782
vof_hf,0.153678,0.00023252
vof_hf,0.153775,0.000228278
vof_hf,0.153873,0.000224055
vof_hf,0.15397,0.000219851
vof_hf,0.154068,0.000215665
vof_hf,0.154165,0.000211496
vof_hf,0.154262,0.00020734
vof_hf,0.15436,0.000203197
vof_hf,0.154457,0.000199066
vof_hf,0.154555,0.000194947
vof_hf,0.154652,0.000190842
vof_hf,0.15475,0.000186753
vof_hf,0.154847,0.000182681
vof_hf,0.154945,0.000178631
vof_hf,0.155042,0.000174604
vof_hf,0.15514,0.000170605
vof_hf,0.155237,0.000166636
vof_hf,0.155334,0.0001627
vof_hf,0.155432,0.000158798
vof_hf,0.155529,0.000154932
vof_hf,0.155627,0.000151104
vof_hf,0.155724,0.00014731
vof_hf,0.155822,0.000143552
vof_hf,0.155919,0.000139829
vof_hf,0.156017,0.000136142
vof_hf,0.156114,0.000132486
vof_hf,0.156211,0.000128867
vof_hf,0.156309,0.000125285
vof_hf,0.156406,0.00012174
vof_hf,0.156504,0.000118234
vof_hf,0.156601,0.000114766
vof_hf,0.156699,0.00011136
vof_hf,0.156796,0.000107944
vof_hf,0.156894,0.00010459
vof_hf,0.156991,0.000101276
vof_hf,0.157088,9.80006e-05
vof_hf,0.157186,9.47616e-05
vof_hf,0.157283,9.15679e-05
vof_hf,0.157381,8.84184e-05
vof_hf,0.157478,8.53162e-05
vof_hf,0.157576,8.22642e-05
vof_hf,0.157673,7.92656e-05
vof_hf,0.157771,7.63221e-05
vof_hf,0.157868,7.34372e-05
vof_hf,0.157965,7.06102e-05
vof_hf,0.158063,6.78415e-05
vof_hf,0.15816,6.51268e-05
vof_hf,0.158258,6.2465e-05
vof_hf,0.158355,5.98532e-05
vof_hf,0.158453,5.72889e-05
vof_hf,0.15855,5.47612e-05
vof_hf,0.158648,5.22875e-05
vof_hf,0.158745,4.98587e-05
vof_hf,0.158842,4.74746e-05
vof_hf,0.15894,4.51394e-05
vof_hf,0.159037,4.2856e-05
vof_hf,0.159135,4.06273e-05
vof_hf,0.159232,3.84558e-05
vof_hf,0.15933,3.63439e-05
vof_hf,0.159427,3.42932e-05
vof_hf,0.159525,3.23045e-05
vof_hf,0.159622,3.03792e-05
vof_hf,0.15972,2.85177e-05
vof_hf,0.159817,2.67204e-05
vof_hf,0.159914,2.49874e-05
vof_hf,0.160012,2.33164e-05
vof_hf,0.160109,2.17115e-05
vof_hf,0.160207,2.01702e-05
vof_hf,0.160304,1.86912e-05
vof_hf,0.160402,1.72744e-05
vof_hf,0.160499,1.59169e-05
vof_hf,0.160597,1.4619e-05
vof_hf,0.160694,1.33804e-05
vof_hf,0.160791,1.22013e-05
vof_hf,0.160889,1.10822e-05
vof_hf,0.160986,1.00241e-05
vof_hf,0.161084,9.02849e-06
vof_hf,0.161181,8.09682e-06
vof_hf,0.161279,7.23059e-06
vof_hf,0.161376,6.43099e-06
vof_hf,0.161474,5.69886e-06
vof_hf,0.161571,5.03455e-06
vof_hf,0.161668,4.4379e-06
vof_hf,0.161766,3.90845e-06
vof_hf,0.161863,3.44543e-06
vof_hf,0.161961,3.04802e-06
vof_hf,0.162058,2.71553e-06
vof_hf,0.162156,2.44755e-06
vof_hf,0.162253,2.24394e-06
vof_hf,0.162351,2.10483e-06
vof_hf,0.162448,2.03053e-06
vof_hf,0.162545,2.02138e-06
vof_hf,0.162643,2.07769e-06
vof_hf,0.16274,2.1996e-06
vof_hf,0.162838,2.38702e-06
vof_hf,0.162935,2.63963e-06
vof_hf,0.163033,2.95708e-06
vof_hf,0.16313,3.33894e-06
vof_hf,0.163228,3.78494e-06
vof_hf,0.163325,4.29444e-06
vof_hf,0.163422,4.86888e-06
vof_hf,0.16352,5.50844e-06
vof_hf,0.163617,6.21403e-06
vof_hf,0.163715,6.98672e-06
vof_hf,0.163812,7.82756e-06
vof_hf,0.16391,8.73732e-06
vof_hf,0.164007,9.71627e-06
vof_hf,0.164105,1.07643e-05
vof_hf,0.164202,1.18805e-05
vof_hf,0.164299,1.30637e-05
vof_hf,0.164397,1.43122e-05
vof_hf,0.164494,1.56243e-05
vof_hf,0.164592,1.69978e-05
vof_hf,0.164689,1.84325e-05
vof_hf,0.164787,1.99232e-05
vof_hf,0.164884,2.14704e-05
vof_hf,0.164982,2.30732e-05
vof_hf,0.165079,2.47309e-05
vof_hf,0.165177,2.64437e-05
vof_hf,0.165274,2.82118e-05
vof_hf,0.165371,3.00383e-05
vof_hf,0.165469,3.19208e-05
vof_hf,0.165566,3.38629e-05
vof_hf,0.165664,3.5866e-05
vof_hf,0.165761,3.79314e-05
vof_hf,0.165859,4.00606e-05
vof_hf,0.165956,4.22563e-05
vof_hf,0.166054,4.45167e-05
vof_hf,0.166151,4.6841e-05
vof_hf,0.166248,4.92273e-05
vof_hf,0.166346,5.16752e-05
vof_hf,0.166443,5.41817e-05
vof_hf,0.166541,5.67446e-05
vof_hf,0.166638,5.93612e-05
vof_hf,0.166736,6.20293e-05
vof_hf,0.166833,6.47469e-05
vof_hf,0.166931,6.75121e-05
vof_hf,0.167028,7.03232e-05
vof_hf,0.167125,7.31797e-05
vof_hf,0.167223,7.60809e-05
vof_hf,0.16732,7.90267e-05
vof_hf,0.167418,8.20172e-05
vof_hf,0.167515,8.49566e-05
vof_hf,0.167613,8.80347e-05
vof_hf,0.16771,9.11841e-05
vof_hf,0.167808,9.43616e-05
vof_hf,0.167905,9.75715e-05
vof_hf,0.168002,0.000100642
vof_hf,0.1681,0.000104023
vof_hf,0.168197,0.000107577
vof_hf,0.168295,0.000111114
vof_hf,0.168392,0.000114542
vof_hf,0.16849,0.000117897
vof_hf,0.168587,0.000121314
vof_hf,0.168685,0.000124822
vof_hf,0.168782,0.000128449
vof_hf,0.168879,0.000132128
vof_hf,0.168977,0.000135785
vof_hf,0.169074,0.000139389
vof_hf,0.169172,0.000142969
vof_hf,0.169269,0.000146582
vof_hf,0.169367,0.000150272
vof_hf,0.169464,0.00015405
vof_hf,0.169562,0.000157898
vof_hf,0.169659,0.000161788
vof_hf,0.169757,0.000165707
vof_hf,0.169854,0.000169662
vof_hf,0.169951,0.000173666
vof_hf,0.170049,0.000177727
vof_hf,0.170146,0.000181834
vof_hf,0.170244,0.000185967
vof_hf,0.170341,0.000190105
vof_hf,0.170439,0.000194239
vof_hf,0.170536,0.000198372
vof_hf,0.170634,0.000202511
vof_hf,0.170731,0.000206659
vof_hf,0.170828,0.000210818
vof_hf,0.170926,0.000214984
vof_hf,0.171023,0.000219157
vof_hf,0.171121,0.000223339
vof_hf,0.171218,0.000227536
vof_hf,0.171316,0.000231754
vof_hf,0.171413,0.000235996
vof_hf,0.171511,0.000240265
vof_hf,0.171608,0.000244565
vof_hf,0.171705,0.000248891
vof_hf,0.171803,0.000253236
vof_hf,0.1719,0.000257603
vof_hf,0.171998,0.000261979
vof_hf,0.172095,0.000266359
vof_hf,0.172193,0.00027073
vof_hf,0.17229,0.00027509
vof_hf,0.172388,0.000279443
vof_hf,0.172485,0.000283791
vof_hf,0.172582,0.000288138
vof_hf,0.17268,0.000292482
vof_hf,0.172777,0.000296823
vof_hf,0.172875,0.00030117
vof_hf,0.172972,0.000305497
vof_hf,0.17307,0.000309819
vof_hf,0.173167,0.000314143
vof_hf,0.173265,0.000318477
vof_hf,0.173362,0.000322829
vof_hf,0.173459,0.0003272
vof_hf,0.173557,0.000331587
vof_hf,0.173654,0.000335976
vof_hf,0.173752,0.00034036
vof_hf,0.173849,0.000344727
vof_hf,0.173947,0.00034907
vof_hf,0.174044,0.000353394
vof_hf,0.174142,0.000357687
vof_hf,0.174239,0.00036196
vof_hf,0.174337,0.000366218
vof_hf,0.174434,0.000370465
vof_hf,0.174531,0.000374703
vof_hf,0.174629,0.000378926
vof_hf,0.174726,0.000383131
vof_hf,0.174824,0.000387311
vof_hf,0.174921,0.00039146
vof_hf,0.175019,0.000395578
vof_hf,0.175116,0.000399667
vof_hf,0.175214,0.000403729
vof_hf,0.175311,0.000407766
vof_hf,0.175408,0.000411778
vof_hf,0.175506,0.000415763
vof_hf,0.175603,0.000419716
vof_hf,0.175701,0.000423633
vof_hf,0.175798,0.000427518
vof_hf,0.175896,0.000431373
vof_hf,0.175993,0.0004352
vof_hf,0.176091,0.000439004
vof_hf,0.176188,0.000442781
vof_hf,0.176285,0.000446535
vof_hf,0.176383,0.000450258
vof_hf,0.17648,0.000453952
vof_hf,0.176578,0.000457609
vof_hf,0.176675,0.000461232
vof_hf,0.176773,0.000464828
vof_hf,0.17687,0.000468373
vof_hf,0.176968,0.000471877
vof_hf,0.177065,0.000475339
vof_hf,0.177162,0.000478748
vof_hf,0.17726,0.000482121
vof_hf,0.177357,0.000485442
vof_hf,0.177455,0.000488728
vof_hf,0.177552,0.000491971
vof_hf,0.17765,0.000495177
vof_hf,0.177747,0.000498344
vof_hf,0.177845,0.000501473
vof_hf,0.177942,0.000504558
vof_hf,0.178039,0.000507596
vof_hf,0.178137,0.000510578
vof_hf,0.178234,0.000513503
vof_hf,0.178332,0.000516371
vof_hf,0.178429,0.000519157
vof_hf,0.178527,0.000521885
vof_hf,0.178624,0.000524553
vof_hf,0.178722,0.000527176
vof_hf,0.178819,0.000529732
vof_hf,0.178917,0.000532231
vof_hf,0.179014,0.000534677
vof_hf,0.179111,0.000537096
vof_hf,0.179209,0.000539433
vof_hf,0.179306,0.000541716
vof_hf,0.179404,0.000543945
vof_hf,0.179501,0.000546119
vof_hf,0.179599,0.000548254
vof_hf,0.179696,0.000550317
vof_hf,0.179794,0.000552337
vof_hf,0.179891,0.000554304
vof_hf,0.179988,0.000556217
vof_hf,0.180086,0.000558073
vof_hf,0.180183,0.000559872
vof_hf,0.180281,0.000561613
vof_hf,0.180378,0.000563296
vof_hf,0.180476,0.00056493
vof_hf,0.180573,0.000566493
vof_hf,0.180671,0.000567994
vof_hf,0.180768,0.000569431
vof_hf,0.180865,0.000570801
vof_hf,0.180963,0.000572091
vof_hf,0.18106,0.000573317
vof_hf,0.181158,0.000574471
vof_hf,0.181255,0.000575551
vof_hf,0.181353,0.000576578
vof_hf,0.18145,0.000577515
vof_hf,0.181548,0.000578384
vof_hf,0.181645,0.000579183
vof_hf,0.181742,0.000579919
vof_hf,0.18184,0.000580593
vof_hf,0.181937,0.000581209
vof_hf,0.182035,0.000581767
vof_hf,0.182132,0.000582269
vof_hf,0.18223,0.000582713
vof_hf,0.182327,0.000583088
vof_hf,0.182425,0.000583414
vof_hf,0.182522,0.000583694
vof_hf,0.182619,0.000583883
vof_hf,0.182717,0.000584013
vof_hf,0.182814,0.000584068
vof_hf,0.182912,0.00058405
vof_hf,0.183009,0.000583957
vof_hf,0.183107,0.00058379
vof_hf,0.183204,0.000583549
vof_hf,0.183302,0.00058324
vof_hf,0.183399,0.000582861
vof_hf,0.183497,0.000582428
vof_hf,0.183594,0.00058194
vof_hf,0.183691,0.000581394
vof_hf,0.183789,0.000580775
vof_hf,0.183886,0.000580105
vof_hf,0.183984,0.000579393
vof_hf,0.184081,0.000578589
vof_hf,0.184179,0.000577725
vof_hf,0.184276,0.000576794
vof_hf,0.184374,0.000575793
vof_hf,0.184471,0.000574721
vof_hf,0.184568,0.000573578
vof_hf,0.184666,0.000572365
vof_hf,0.184763,0.000571082
vof_hf,0.184861,0.000569734
vof_hf,0.184958,0.000568323
vof_hf,0.185056,0.000566852
vof_hf,0.185153,0.00056532
vof_hf,0.185251,0.000563731
vof_hf,0.185348,0.000562068
vof_hf,0.185445,0.000560378
vof_hf,0.185543,0.000558613
vof_hf,0.18564,0.000556915
vof_hf,0.185738,0.00055491
vof_hf,0.185835,0.000552966
vof_hf,0.185933,0.000550961
vof_hf,0.18603,0.000548897
vof_hf,0.186128,0.000546778
vof_hf,0.186225,0.000544606
vof_hf,0.186322,0.000542381
vof_hf,0.18642,0.000540233
vof_hf,0.186517,0.000537908
vof_hf,0.186615,0.000535532
vof_hf,0.186712,0.000533101
vof_hf,0.18681,0.000530613
vof_hf,0.186907,0.000528064
vof_hf,0.187005,0.000525452
vof_hf,0.187102,0.000522768
vof_hf,0.187199,0.000520021
vof_hf,0.187297,0.000517206
vof_hf,0.187394,0.000514326
vof_hf,0.187492,0.000511384
vof_hf,0.187589,0.000508386
vof_hf,0.187687,0.000505338
vof_hf,0.187784,0.000502246
vof_hf,0.187882,0.000499114
vof_hf,0.187979,0.000495947
vof_hf,0.188076,0.000492747
vof_hf,0.188174,0.000489514
vof_hf,0.188271,0.000486247
vof_hf,0.188369,0.000482944
vof_hf,0.188466,0.000479603
vof_hf,0.188564,0.000476119
vof_hf,0.188661,0.000472696
vof_hf,0.188759,0.000469229
vof_hf,0.188856,0.000465718
vof_hf,0.188954,0.000462166
vof_hf,0.189051,0.000458573
vof_hf,0.189148,0.000454959
vof_hf,0.189246,0.000451286
vof_hf,0.189343,0.00044759
vof_hf,0.189441,0.000443865
vof_hf,0.189538,0.000440111
vof_hf,0.189636,0.000436329
vof_hf,0.189733,0.00043252
vof_hf,0.189831,0.000428683
vof_hf,0.189928,0.000424818
vof_hf,0.190025,0.000420926
vof_hf,0.190123,0.000417007
vof_hf,0.19022,0.000413061
vof_hf,0.190318,0.000409087
vof_hf,0.190415,0.000405087
vof_hf,0.190513,0.000401067
vof_hf,0.19061,0.000397023
vof_hf,0.190708,0.00039294
vof_hf,0.190805,0.000388824
vof_hf,0.190902,0.000384679
vof_hf,0.191,0.0003805
vof_hf,0.191097,0.000376298
vof_hf,0.191195,0.000372066
vof_hf,0.191292,0.00036781
vof_hf,0.19139,0.000363525
vof_hf,0.191487,0.000359216
vof_hf,0.191585,0.000354883
vof_hf,0.191682,0.00035054
vof_hf,0.191779,0.000346172
vof_hf,0.191877,0.000341794
vof_hf,0.191974,0.000337408
vof_hf,0.192072,0.000333019
vof_hf,0.192169,0.000328631
vof_hf,0.192267,0.000324243
vof_hf,0.192364,0.000319863
vof_hf,0.192462,0.000315492
vof_hf,0.192559,0.000311129
vof_hf,0.192656,0.000306775
vof_hf,0.192754,0.000302429
vof_hf,0.192851,0.000298093
vof_hf,0.192949,0.000293763
vof_hf,0.193046,0.000289439
vof_hf,0.193144,0.000285116
vof_hf,0.193241,0.000280797
vof_hf,0.193339,0.000276477
vof_hf,0.193436,0.000272158
vof_hf,0.193534,0.000267838
vof_hf,0.193631,0.000263521
vof_hf,0.193728,0.000259206
vof_hf,0.193826,0.000254906
vof_hf,0.193923,0.000250615
vof_hf,0.194021,0.00024639
vof_hf,0.194118,0.000242122
vof_hf,0.194216,0.000237868
vof_hf,0.194313,0.000233625
vof_hf,0.194411,0.000229398
vof_hf,0.194508,0.000225189
vof_hf,0.194605,0.000220987
vof_hf,0.194703,0.000216795
vof_hf,0.1948,0.000212614
vof_hf,0.194898,0.00020844
vof_hf,0.194995,0.000204278
vof_hf,0.195093,0.000200124
vof_hf,0.19519,0.000195984
vof_hf,0.195288,0.000191856
vof_hf,0.195385,0.000187745
vof_hf,0.195482,0.000183651
vof_hf,0.19558,0.000179577
vof_hf,0.195677,0.000175525
vof_hf,0.195775,0.000171504
vof_hf,0.195872,0.000167502
vof_hf,0.19597,0.000163526
vof_hf,0.196067,0.000159583
vof_hf,0.196165,0.000155679
vof_hf,0.196262,0.000151801
vof_hf,0.196359,0.000147959
vof_hf,0.196457,0.000144129
vof_hf,0.196554,0.000140368
vof_hf,0.196652,0.00013665
vof_hf,0.196749,0.000132949
vof_hf,0.196847,0.00012932
vof_hf,0.196944,0.000125744
vof_hf,0.197042,0.000122216
vof_hf,0.197139,0.000118736
vof_hf,0.197236,0.000115301
vof_hf,0.197334,0.000111912
vof_hf,0.197431,0.000108564
vof_hf,0.197529,0.000105258
vof_hf,0.197626,0.00010199
vof_hf,0.197724,9.87608e-05
vof_hf,0.197821,9.55712e-05
vof_hf,0.197919,9.24229e-05
vof_hf,0.198016,8.93176e-05
vof_hf,0.198114,8.62593e-05
vof_hf,0.198211,8.325e-05
vof_hf,0.198308,8.0292e-05
vof_hf,0.198406,7.73864e-05
vof_hf,0.198503,7.45334e-05
vof_hf,0.198601,7.17321e-05
vof_hf,0.198698,6.89826e-05
vof_hf,0.198796,6.62845e-05
vof_hf,0.198893,6.36319e-05
vof_hf,0.198991,6.10261e-05
vof_hf,0.199088,5.84667e-05
vof_hf,0.199185,5.5954e-05
vof_hf,0.199283,5.34889e-05
vof_hf,0.19938,5.10729e-05
vof_hf,0.199478,4.87074e-05
vof_hf,0.199575,4.63936e-05
vof_hf,0.199673,4.41323e-05
vof_hf,0.19977,4.19226e-05
vof_hf,0.199868,3.97647e-05
vof_hf,0.199965,3.76593e-05
vof_hf,0.200062,3.5606e-05
vof_hf,0.20016,3.36061e-05
vof_hf,0.200257,3.16603e-05
vof_hf,0.200355,2.97704e-05
vof_hf,0.200452,2.79386e-05
vof_hf,0.20055,2.61665e-05
vof_hf,0.200647,2.44572e-05
vof_hf,0.200745,2.28124e-05
vof_hf,0.200842,2.12332e-05
vof_hf,0.200939,1.97198e-05
vof_hf,0.201037,1.82715e-05
vof_hf,0.201134,1.68872e-05
vof_hf,0.201232,1.55653e-05
vof_hf,0.201329,1.43045e-05
vof_hf,0.201427,1.31039e-05
vof_hf,0.201524,1.19634e-05
vof_hf,0.201622,1.08837e-05
vof_hf,0.201719,9.86645e-06
vof_hf,0.201816,8.91779e-06
vof_hf,0.201914,8.03215e-06
vof_hf,0.202011,7.21632e-06
vof_hf,0.202109,6.47259e-06
vof_hf,0.202206,5.80214e-06
vof_hf,0.202304,5.2059e-06
vof_hf,0.202401,4.6838e-06
vof_hf,0.202499,4.23506e-06
vof_hf,0.202596,3.85836e-06
vof_hf,0.202694,3.55225e-06
vof_hf,0.202791,3.3155e-06
vof_hf,0.202888,3.14581e-06
vof_hf,0.202986,3.04226e-06
vof_hf,0.203083,3.00379e-06
vof_hf,0.203181,3.02943e-06
vof_hf,0.203278,3.11816e-06
vof_hf,0.203376,3.26893e-06
vof_hf,0.203473,3.48132e-06
vof_hf,0.203571,3.75258e-06
vof_hf,0.203668,4.08211e-06
vof_hf,0.203765,4.4688e-06
vof_hf,0.203863,4.91158e-06
vof_hf,0.20396,5.41033e-06
vof_hf,0.204058,5.96515e-06
vof_hf,0.204155,6.57695e-06
vof_hf,0.204253,7.24712e-06
vof_hf,0.20435,7.97839e-06
vof_hf,0.204448,8.77195e-06
vof_hf,0.204545,9.62967e-06
vof_hf,0.204642,1.05531e-05
vof_hf,0.20474,1.15404e-05
vof_hf,0.204837,1.25968e-05
vof_hf,0.204935,1.37196e-05
vof_hf,0.205032,1.49079e-05
vof_hf,0.20513,1.61605e-05
vof_hf,0.205227,1.74759e-05
vof_hf,0.205325,1.88528e-05
vof_hf,0.205422,2.02905e-05
vof_hf,0.205519,2.17886e-05
vof_hf,0.205617,2.33474e-05
vof_hf,0.205714,2.49678e-05
vof_hf,0.205812,2.66509e-05
vof_hf,0.205909,2.83983e-05
vof_hf,0.206007,3.02112e-05
vof_hf,0.206104,3.20909e-05
vof_hf,0.206202,3.4038e-05
vof_hf,0.206299,3.60526e-05
vof_hf,0.206396,3.81342e-05
vof_hf,0.206494,4.02821e-05
vof_hf,0.206591,4.24947e-05
vof_hf,0.206689,4.47706e-05
vof_hf,0.206786,4.71084e-05
vof_hf,0.206884,4.95068e-05
vof_hf,0.206981,5.19644e-05
vof_hf,0.207079,5.44801e-05
vof_hf,0.207176,5.70531e-05
vof_hf,0.207273,5.96825e-05
vof_hf,0.207371,6.23669e-05
vof_hf,0.207468,6.51049e-05
vof_hf,0.207566,6.78944e-05
vof_hf,0.207663,7.07333e-05
vof_hf,0.207761,7.3619e-05
vof_hf,0.207858,7.65375e-05
vof_hf,0.207956,7.95092e-05
vof_hf,0.208053,8.2521e-05
vof_hf,0.208151,8.55717e-05
vof_hf,0.208248,8.86605e-05
vof_hf,0.208345,9.17878e-05
vof_hf,0.208443,9.49539e-05
vof_hf,0.20854,9.81602e-05
vof_hf,0.208638,0.000101408
vof_hf,0.208735,0.000104697
vof_hf,0.208833,0.00010803
vof_hf,0.20893,0.000111407
vof_hf,0.209028,0.000114827
vof_hf,0.209125,0.000118289
vof_hf,0.209222,0.000121793
vof_hf,0.20932,0.000125337
vof_hf,0.209417,0.00012892
vof_hf,0.209515,0.000132539
vof_hf,0.209612,0.000136193
vof_hf,0.20971,0.000139882
vof_hf,0.209807,0.000143605
vof_hf,0.209905,0.00014736
vof_hf,0.210002,0.000151149
vof_hf,0.210099,0.000154971
vof_hf,0.210197,0.000158826
vof_hf,0.210294,0.000162716
vof_hf,0.210392,0.000166662
vof_hf,0.210489,0.000170619
vof_hf,0.210587,0.000174609
vof_hf,0.210684,0.000178661
vof_hf,0.210782,0.000182718
vof_hf,0.210879,0.000186808
vof_hf,0.210976,0.000190929
vof_hf,0.211074,0.00019508
vof_hf,0.211171,0.000199261
vof_hf,0.211269,0.000203469
vof_hf,0.211366,0.000207703
vof_hf,0.211464,0.000211962
vof_hf,0.211561,0.000216242
vof_hf,0.211659,0.000220542
vof_hf,0.211756,0.000224861
vof_hf,0.211853,0.000229196
vof_hf,0.211951,0.000233546
vof_hf,0.212048,0.000237909
vof_hf,0.212146,0.000242284
vof_hf,0.212243,0.000246668
vof_hf,0.212341,0.000251062
vof_hf,0.212438,0.000255463
vof_hf,0.212536,0.00025987
vof_hf,0.212633,0.000264282
vof_hf,0.212731,0.000268696
vof_hf,0.212828,0.000273112
vof_hf,0.212925,0.000277531
vof_hf,0.213023,0.000281946
vof_hf,0.21312,0.000286358
vof_hf,0.213218,0.000290766
vof_hf,0.213315,0.000295168
vof_hf,0.213413,0.000299562
vof_hf,0.21351,0.000303956
vof_hf,0.213608,0.000308341
vof_hf,0.213705,0.000312713
vof_hf,0.213802,0.000317072
vof_hf,0.2139,0.000321415
vof_hf,0.213997,0.000325743
vof_hf,0.214095,0.000330056
vof_hf,0.214192,0.000334358
vof_hf,0.21429,0.000338644
vof_hf,0.214387,0.000342921
vof_hf,0.214485,0.000347183
vof_hf,0.214582,0.000351432
vof_hf,0.214679,0.000355664
vof_hf,0.214777,0.000359886
vof_hf,0.214874,0.000364094
vof_hf,0.214972,0.000368292
vof_hf,0.215069,0.000372478
vof_hf,0.215167,0.000376655
vof_hf,0.215264,0.000380818
vof_hf,0.215362,0.000384971
vof_hf,0.215459,0.000389109
vof_hf,0.215556,0.000393231
vof_hf,0.215654,0.000397335
vof_hf,0.215751,0.000401418
vof_hf,0.215849,0.000405467
vof_hf,0.215946,0.000409491
vof_hf,0.216044,0.000413406
vof_hf,0.216141,0.000417376
vof_hf,0.216239,0.000421314
vof_hf,0.216336,0.000425213
vof_hf,0.216433,0.000429093
vof_hf,0.216531,0.000434309
vof_hf,0.216628,0.000438138
vof_hf,0.216726,0.000441938
vof_hf,0.216823,0.0004457
vof_hf,0.216921,0.000449456
vof_hf,0.217018,0.000453152
vof_hf,0.217116,0.000456816
vof_hf,0.217213,0.000460441
vof_hf,0.217311,0.000464029
vof_hf,0.217408,0.000466093
vof_hf,0.217505,0.000469589
vof_hf,0.217603,0.000473042
vof_hf,0.2177,0.000476453
vof_hf,0.217798,0.000479821
vof_hf,0.217895,0.000483162
vof_hf,0.217993,0.000486433
vof_hf,0.21809,0.000489663
vof_hf,0.218188,0.000492845
vof_hf,0.218285,0.00049598
vof_hf,0.218382,0.000499063
vof_hf,0.21848,0.000502099
vof_hf,0.218577,0.000505083
vof_hf,0.218675,0.000508021
vof_hf,0.218772,0.000510903
vof_hf,0.21887,0.000513744
vof_hf,0.218967,0.000516537
vof_hf,0.219065,0.000519285
vof_hf,0.219162,0.000521989
vof_hf,0.219259,0.00052465
vof_hf,0.219357,0.000527267
vof_hf,0.219454,0.000529841
vof_hf,0.219552,0.000532377
vof_hf,0.219649,0.000534882
vof_hf,0.219747,0.000537313
vof_hf,0.219844,0.000539702
vof_hf,0.219942,0.000542041
vof_hf,0.220039,0.000544328
vof_hf,0.220136,0.00054656
vof_hf,0.220234,0.000548737
vof_hf,0.220331,0.000550855
vof_hf,0.220429,0.000552921
vof_hf,0.220526,0.000554913
vof_hf,0.220624,0.000556853
vof_hf,0.220721,0.00055873
vof_hf,0.220819,0.000560547
vof_hf,0.220916,0.000562301
vof_hf,0.221013,0.000563995
vof_hf,0.221111,0.000565626
vof_hf,0.221208,0.000567198
vof_hf,0.221306,0.000568707
vof_hf,0.221403,0.000570155
vof_hf,0.221501,0.000571539
vof_hf,0.221598,0.000572862
vof_hf,0.221696,0.000574119
vof_hf,0.221793,0.000575312
vof_hf,0.221891,0.000576438
vof_hf,0.221988,0.000577498
vof_hf,0.222085,0.00057849
vof_hf,0.222183,0.000579414
vof_hf,0.22228,0.000580269
vof_hf,0.222378,0.000581054
vof_hf,0.222475,0.000581767
vof_hf,0.222573,0.000582418
vof_hf,0.22267,0.000583001
vof_hf,0.222768,0.000583518
vof_hf,0.222865,0.000583968
vof_hf,0.222962,0.000584353
vof_hf,0.22306,0.00058467
vof_hf,0.223157,0.000584923
vof_hf,0.223255,0.000585109
vof_hf,0.223352,0.000585231
vof_hf,0.22345,0.000585286
vof_hf,0.223547,0.000585277
vof_hf,0.223645,0.000585216
vof_hf,0.223742,0.000585092
vof_hf,0.223839,0.000584901
vof_hf,0.223937,0.000584644
vof_hf,0.224034,0.00058432
vof_hf,0.224132,0.000583921
vof_hf,0.224229,0.000583459
vof_hf,0.224327,0.000582928
vof_hf,0.224424,0.000582327
vof_hf,0.224522,0.000581658
vof_hf,0.224619,0.000580923
vof_hf,0.224716,0.000580122
vof_hf,0.224814,0.000579252
vof_hf,0.224911,0.000578316
vof_hf,0.225009,0.000577314
vof_hf,0.225106,0.000576249
vof_hf,0.225204,0.000575121
vof_hf,0.225301,0.000573936
vof_hf,0.225399,0.00057269
vof_hf,0.225496,0.000571386
vof_hf,0.225593,0.000570021
vof_hf,0.225691,0.000568735
vof_hf,0.225788,0.000567111
vof_hf,0.225886,0.000565564
vof_hf,0.225983,0.000563954
vof_hf,0.226081,0.000562287
vof_hf,0.226178,0.000560575
vof_hf,0.226276,0.000558763
vof_hf,0.226373,0.000556896
vof_hf,0.22647,0.000554963
vof_hf,0.226568,0.000552964
vof_hf,0.226665,0.000552681
vof_hf,0.226763,0.000550441
vof_hf,0.22686,0.000548238
vof_hf,0.226958,0.000545976
vof_hf,0.227055,0.000543657
vof_hf,0.227153,0.000541274
vof_hf,0.22725,0.000538845
vof_hf,0.227348,0.000536339
vof_hf,0.227445,0.000533774
vof_hf,0.227542,0.000531149
vof_hf,0.22764,0.000528466
vof_hf,0.227737,0.000525721
vof_hf,0.227835,0.000522923
vof_hf,0.227932,0.000520069
vof_hf,0.22803,0.00051716
vof_hf,0.228127,0.000514197
vof_hf,0.228225,0.000511183
vof_hf,0.228322,0.000508117
vof_hf,0.228419,0.000505003
vof_hf,0.228517,0.000501841
vof_hf,0.228614,0.000498633
vof_hf,0.228712,0.000495379
vof_hf,0.228809,0.000492081
vof_hf,0.228907,0.00048874
vof_hf,0.229004,0.000485357
vof_hf,0.229102,0.000481932
vof_hf,0.229199,0.000478466
vof_hf,0.229296,0.000474956
vof_hf,0.229394,0.000471419
vof_hf,0.229491,0.000467835
vof_hf,0.229589,0.000464217
vof_hf,0.229686,0.000460564
vof_hf,0.229784,0.000456878
vof_hf,0.229881,0.000453158
vof_hf,0.229979,0.000449405
vof_hf,0.230076,0.000445619
vof_hf,0.230173,0.000441799
vof_hf,0.230271,0.000437945
vof_hf,0.230368,0.000434055
vof_hf,0.230466,0.000430135
vof_hf,0.230563,0.000426182
vof_hf,0.230661,0.000422198
vof_hf,0.230758,0.000418181
vof_hf,0.230856,0.000414136
vof_hf,0.230953,0.000410061
vof_hf,0.23105,0.00040596
vof_hf,0.231148,0.000400622
vof_hf,0.231245,0.000396486
vof_hf,0.231343,0.000392328
vof_hf,0.23144,0.000388153
vof_hf,0.231538,0.000383959
vof_hf,0.231635,0.000379751
vof_hf,0.231733,0.000375527
vof_hf,0.23183,0.000371291
vof_hf,0.231928,0.000367043
vof_hf,0.232025,0.000362785
vof_hf,0.232122,0.000358524
vof_hf,0.23222,0.000354265
vof_hf,0.232317,0.000350004
vof_hf,0.232415,0.00034574
vof_hf,0.232512,0.000341469
vof_hf,0.23261,0.000337191
vof_hf,0.232707,0.000332902
vof_hf,0.232805,0.000328605
vof_hf,0.232902,0.000324297
vof_hf,0.232999,0.000319984
vof_hf,0.233097,0.000315665
vof_hf,0.233194,0.000311344
vof_hf,0.233292,0.00030702
vof_hf,0.233389,0.000302696
vof_hf,0.233487,0.000298369
vof_hf,0.233584,0.000294043
vof_hf,0.233682,0.000289713
vof_hf,0.233779,0.000285382
vof_hf,0.233876,0.000281047
vof_hf,0.233974,0.000276709
vof_hf,0.234071,0.000272362
vof_hf,0.234169,0.000268018
vof_hf,0.234266,0.00026367
vof_hf,0.234364,0.000259323
vof_hf,0.234461,0.000254978
vof_hf,0.234559,0.000250639
vof_hf,0.234656,0.000246308
vof_hf,0.234753,0.000241998
vof_hf,0.234851,0.000237703
vof_hf,0.234948,0.000233422
vof_hf,0.235046,0.000229156
vof_hf,0.235143,0.000224906
vof_hf,0.235241,0.000220721
vof_hf,0.235338,0.000216467
vof_hf,0.235436,0.000212285
vof_hf,0.235533,0.000208131
vof_hf,0.23563,0.000204002
vof_hf,0.235728,0.000199902
vof_hf,0.235825,0.000195826
vof_hf,0.235923,0.000191777
vof_hf,0.23602,0.000187753
vof_hf,0.236118,0.000183795
vof_hf,0.236215,0.000179824
vof_hf,0.236313,0.000175878
vof_hf,0.23641,0.000171955
vof_hf,0.236508,0.000168057
vof_hf,0.236605,0.000164182
vof_hf,0.236702,0.000160333
vof_hf,0.2368,0.000156507
vof_hf,0.236897,0.000152707
vof_hf,0.236995,0.000148932
vof_hf,0.237092,0.000145186
vof_hf,0.23719,0.000141466
vof_hf,0.237287,0.000137778
vof_hf,0.237385,0.00013412
vof_hf,0.237482,0.000130493
vof_hf,0.237579,0.000126901
vof_hf,0.237677,0.000123356
vof_hf,0.237774,0.000119838
vof_hf,0.237872,0.000116359
vof_hf,0.237969,0.000112919
vof_hf,0.238067,0.000109518
vof_hf,0.238164,0.000106163
vof_hf,0.238262,0.000102849
vof_hf,0.238359,9.95772e-05
vof_hf,0.238456,9.63465e-05
vof_hf,0.238554,9.31606e-05
vof_hf,0.238651,9.00025e-05
vof_hf,0.238749,8.69043e-05
vof_hf,0.238846,8.3851e-05
vof_hf,0.238944,8.0844e-05
vof_hf,0.239041,7.78852e-05
vof_hf,0.239139,7.49776e-05
vof_hf,0.239236,7.21235e-05
vof_hf,0.239333,6.93246e-05
vof_hf,0.239431,6.65809e-05
vof_hf,0.239528,6.38938e-05
vof_hf,0.239626,6.12626e-05
vof_hf,0.239723,5.86863e-05
vof_hf,0.239821,5.61635e-05
vof_hf,0.239918,5.36932e-05
vof_hf,0.240016,5.12751e-05
vof_hf,0.240113,4.89069e-05
vof_hf,0.24021,4.65907e-05
vof_hf,0.240308,4.43295e-05
vof_hf,0.240405,4.21249e-05
vof_hf,0.240503,3.99778e-05
vof_hf,0.2406,3.78882e-05
vof_hf,0.240698,3.58554e-05
vof_hf,0.240795,3.38787e-05
vof_hf,0.240893,3.19566e-05
vof_hf,0.24099,3.00896e-05
vof_hf,0.241088,2.82769e-05
vof_hf,0.241185,2.65197e-05
vof_hf,0.241282,2.48197e-05
vof_hf,0.24138,2.31794e-05
vof_hf,0.241477,2.16011e-05
vof_hf,0.241575,2.00921e-05
vof_hf,0.241672,1.86447e-05
vof_hf,0.24177,1.72646e-05
vof_hf,0.241867,1.5952e-05
vof_hf,0.241965,1.47063e-05
vof_hf,0.242062,1.35265e-05
vof_hf,0.242159,1.24124e-05
vof_hf,0.242257,1.13628e-05
vof_hf,0.242354,1.03777e-05
vof_hf,0.242452,9.4571e-06
vof_hf,0.242549,8.60182e-06
vof_hf,0.242647,7.81276e-06
vof_hf,0.242744,7.09099e-06
vof_hf,0.242842,6.43735e-06
vof_hf,0.242939,5.85241e-06
vof_hf,0.243036,5.33619e-06
vof_hf,0.243134,4.88815e-06
vof_hf,0.243231,4.50726e-06
vof_hf,0.243329,4.19213e-06
vof_hf,0.243426,3.94117e-06
vof_hf,0.243524,3.75287e-06
vof_hf,0.243621,3.62599e-06
vof_hf,0.243719,3.5598e-06
vof_hf,0.243816,3.55407e-06
vof_hf,0.243913,3.60911e-06
vof_hf,0.244011,3.72567e-06
vof_hf,0.244108,3.90477e-06
vof_hf,0.244206,4.14751e-06
vof_hf,0.244303,4.45487e-06
vof_hf,0.244401,4.82763e-06
vof_hf,0.244498,5.26629e-06
vof_hf,0.244596,5.77113e-06
vof_hf,0.244693,6.34236e-06
vof_hf,0.24479,6.98024e-06
vof_hf,0.244888,7.68519e-06
vof_hf,0.244985,8.45781e-06
vof_hf,0.245083,9.29877e-06
vof_hf,0.24518,1.02093e-05
vof_hf,0.245278,1.11894e-05
vof_hf,0.245375,1.22392e-05
vof_hf,0.245473,1.33587e-05
vof_hf,0.24557,1.45472e-05
vof_hf,0.245667,1.58041e-05
vof_hf,0.245765,1.71266e-05
vof_hf,0.245862,1.85169e-05
vof_hf,0.24596,1.99724e-05
vof_hf,0.246057,2.14921e-05
vof_hf,0.246155,2.30757e-05
vof_hf,0.246252,2.47215e-05
vof_hf,0.24635,2.6429e-05
vof_hf,0.246447,2.81805e-05
vof_hf,0.246545,3.00608e-05
vof_hf,0.246642,3.2016e-05
vof_hf,0.246739,3.40107e-05
vof_hf,0.246837,3.60427e-05
vof_hf,0.246934,3.79586e-05
vof_hf,0.247032,4.00826e-05
vof_hf,0.247129,4.23221e-05
vof_hf,0.247227,4.45593e-05
vof_hf,0.247324,4.67467e-05
vof_hf,0.247422,4.89255e-05
vof_hf,0.247519,5.11773e-05
vof_hf,0.247616,5.3557e-05
vof_hf,0.247714,5.60605e-05
vof_hf,0.247811,5.86398e-05
vof_hf,0.247909,6.12442e-05
vof_hf,0.248006,6.38537e-05
vof_hf,0.248104,6.64851e-05
vof_hf,0.248201,6.91714e-05
vof_hf,0.248299,7.1937e-05
vof_hf,0.248396,7.47854e-05
vof_hf,0.248493,7.77032e-05
vof_hf,0.248591,8.06763e-05
vof_hf,0.248688,8.36992e-05
vof_hf,0.248786,8.67784e-05
vof_hf,0.248883,8.99162e-05
vof_hf,0.248981,9.31128e-05
vof_hf,0.249078,9.63694e-05
vof_hf,0.249176,9.96551e-05
vof_hf,0.249273,0.00010297
vof_hf,0.24937,0.000106312
vof_hf,0.249468,0.000109686
vof_hf,0.249565,0.000113101
vof_hf,0.249663,0.00011656
vof_hf,0.24976,0.000120065
vof_hf,0.249858,0.000123614
vof_hf,0.249955,0.000127206
vof_hf,0.250053,0.00013084
vof_hf,0.25015,0.000134516
vof_hf,0.250247,0.000138233
vof_hf,0.250345,0.000141992
vof_hf,0.250442,0.000145787
vof_hf,0.25054,0.000149616
vof_hf,0.250637,0.000153475
vof_hf,0.250735,0.000157361
vof_hf,0.250832,0.000161266
vof_hf,0.25093,0.000165183
vof_hf,0.251027,0.000169112
vof_hf,0.251125,0.000173048
vof_hf,0.251222,0.000176993
vof_hf,0.251319,0.000180954
vof_hf,0.251417,0.000184936
vof_hf,0.251514,0.000188957
vof_hf,0.251612,0.000193001
vof_hf,0.251709,0.000197079
vof_hf,0.251807,0.00020119
vof_hf,0.251904,0.000205336
vof_hf,0.252002,0.000209518
vof_hf,0.252099,0.00021374
vof_hf,0.252196,0.000218003
vof_hf,0.252294,0.000222309
vof_hf,0.252391,0.000226653
vof_hf,0.252489,0.000231029
vof_hf,0.252586,0.000235426
vof_hf,0.252684,0.000239832
vof_hf,0.252781,0.000244199
vof_hf,0.252879,0.000248594
vof_hf,0.252976,0.000252976
vof_hf,0.253073,0.000257347
vof_hf,0.253171,0.00026171
vof_hf,0.253268,0.000266072
vof_hf,0.253366,0.000270437
vof_hf,0.253463,0.000274807
vof_hf,0.253561,0.000279183
vof_hf,0.253658,0.000283562
vof_hf,0.253756,0.000287943
vof_hf,0.253853,0.000292328
vof_hf,0.25395,0.000296712
vof_hf,0.254048,0.000301146
vof_hf,0.254145,0.000305481
vof_hf,0.254243,0.000309868
vof_hf,0.25434,0.000314256
vof_hf,0.254438,0.000318647
vof_hf,0.254535,0.000323039
vof_hf,0.254633,0.000327426
vof_hf,0.25473,0.000331807
vof_hf,0.254827,0.00033618
vof_hf,0.254925,0.000340544
vof_hf,0.255022,0.000344899
vof_hf,0.25512,0.000349244
vof_hf,0.255217,0.000353575
vof_hf,0.255315,0.000357892
vof_hf,0.255412,0.000362193
vof_hf,0.25551,0.000366476
vof_hf,0.255607,0.000370742
vof_hf,0.255705,0.000374993
vof_hf,0.255802,0.000379232
vof_hf,0.255899,0.000383459
vof_hf,0.255997,0.000387676
vof_hf,0.256094,0.000391881
vof_hf,0.256192,0.000396074
vof_hf,0.256289,0.00040025
vof_hf,0.256387,0.00040441
vof_hf,0.256484,0.000408549
vof_hf,0.256582,0.000412666
vof_hf,0.256679,0.000416754
vof_hf,0.256776,0.00042081
vof_hf,0.256874,0.000424825
vof_hf,0.256971,0.000428772
vof_hf,0.257069,0.000432671
vof_hf,0.257166,0.000436527
vof_hf,0.257264,0.000440316
vof_hf,0.257361,0.000444051
vof_hf,0.257459,0.000447728
vof_hf,0.257556,0.000451361
vof_hf,0.257653,0.00045496
vof_hf,0.257751,0.000458517
vof_hf,0.257848,0.000462042
vof_hf,0.257946,0.00046554
vof_hf,0.258043,0.000469011
vof_hf,0.258141,0.000472457
vof_hf,0.258238,0.000475877
vof_hf,0.258336,0.000479272
vof_hf,0.258433,0.00048264
vof_hf,0.25853,0.000485983
vof_hf,0.258628,0.000489296
vof_hf,0.258725,0.000492577
vof_hf,0.258823,0.00049582
vof_hf,0.25892,0.000499023
vof_hf,0.259018,0.000502178
vof_hf,0.259115,0.000505284
vof_hf,0.259213,0.000508337
vof_hf,0.25931,0.000511343
vof_hf,0.259407,0.000514286
vof_hf,0.259505,0.000517174
vof_hf,0.259602,0.000520003
vof_hf,0.2597,0.000522775
vof_hf,0.259797,0.000525486
vof_hf,0.259895,0.000528139
vof_hf,0.259992,0.000530731
vof_hf,0.26009,0.000533267
vof_hf,0.260187,0.000535776
vof_hf,0.260285,0.000538198
vof_hf,0.260382,0.000540686
vof_hf,0.260479,0.000542995
vof_hf,0.260577,0.000545257
vof_hf,0.260674,0.000547467
vof_hf,0.260772,0.000549621
vof_hf,0.260869,0.00055172
vof_hf,0.260967,0.00055376
vof_hf,0.261064,0.000555738
vof_hf,0.261162,0.000557661
vof_hf,0.261259,0.0005595
vof_hf,0.261356,0.000561278
vof_hf,0.261454,0.000562988
vof_hf,0.261551,0.000564628
vof_hf,0.261649,0.000566203
vof_hf,0.261746,0.000567713
vof_hf,0.261844,0.000569165
vof_hf,0.261941,0.00057056
vof_hf,0.262039,0.000571903
vof_hf,0.262136,0.000573084
vof_hf,0.262233,0.000574329
vof_hf,0.262331,0.00057553
vof_hf,0.262428,0.000576686
vof_hf,0.262526,0.000577795
vof_hf,0.262623,0.000578856
vof_hf,0.262721,0.000579863
vof_hf,0.262818,0.000580811
vof_hf,0.262916,0.000581693
vof_hf,0.263013,0.000582504
vof_hf,0.26311,0.000583237
vof_hf,0.263208,0.000583889
vof_hf,0.263305,0.000584456
vof_hf,0.263403,0.000584938
vof_hf,0.2635,0.000585335
vof_hf,0.263598,0.000585649
vof_hf,0.263695,0.000585884
vof_hf,0.263793,0.000586045
vof_hf,0.26389,0.000586121
vof_hf,0.263987,0.000586141
vof_hf,0.264085,0.000586096
vof_hf,0.264182,0.000586007
vof_hf,0.26428,0.000585862
vof_hf,0.264377,0.000585637
vof_hf,0.264475,0.000585343
vof_hf,0.264572,0.000584995
vof_hf,0.26467,0.000584589
vof_hf,0.264767,0.000584124
vof_hf,0.264864,0.000583594
vof_hf,0.264962,0.000582999
vof_hf,0.265059,0.000582338
vof_hf,0.265157,0.000581609
vof_hf,0.265254,0.000580811
vof_hf,0.265352,0.000580064
vof_hf,0.265449,0.000579124
vof_hf,0.265547,0.000578115
vof_hf,0.265644,0.000577034
vof_hf,0.265742,0.000575885
vof_hf,0.265839,0.000574669
vof_hf,0.265936,0.000573391
vof_hf,0.266034,0.000572053
vof_hf,0.266131,0.000570659
vof_hf,0.266229,0.000569211
vof_hf,0.266326,0.000567712
vof_hf,0.266424,0.00056616
vof_hf,0.266521,0.000564556
vof_hf,0.266619,0.000562895
vof_hf,0.266716,0.000561178
vof_hf,0.266813,0.000559399
vof_hf,0.266911,0.000557554
vof_hf,0.267008,0.000555635
vof_hf,0.267106,0.000553644
vof_hf,0.267203,0.000551585
vof_hf,0.267301,0.000549453
vof_hf,0.267398,0.000547249
vof_hf,0.267496,0.000544977
vof_hf,0.267593,0.00054264
vof_hf,0.26769,0.00054014
vof_hf,0.267788,0.000537688
vof_hf,0.267885,0.000535188
vof_hf,0.267983,0.000532639
vof_hf,0.26808,0.000530048
vof_hf,0.268178,0.000527416
vof_hf,0.268275,0.000524743
vof_hf,0.268373,0.00052203
vof_hf,0.26847,0.000519276
vof_hf,0.268567,0.000516481
vof_hf,0.268665,0.000513643
vof_hf,0.268762,0.00051076
vof_hf,0.26886,0.000507831
vof_hf,0.268957,0.000504853
vof_hf,0.269055,0.000501825
vof_hf,0.269152,0.000498745
vof_hf,0.26925,0.000495612
vof_hf,0.269347,0.000492423
vof_hf,0.269444,0.000489179
vof_hf,0.269542,0.000485879
vof_hf,0.269639,0.000482526
vof_hf,0.269737,0.000479119
vof_hf,0.269834,0.000475662
vof_hf,0.269932,0.000472157
vof_hf,0.270029,0.000468603
vof_hf,0.270127,0.000465008
vof_hf,0.270224,0.000461375
vof_hf,0.270322,0.000457707
vof_hf,0.270419,0.000454007
vof_hf,0.270516,0.000450277
vof_hf,0.270614,0.000446518
vof_hf,0.270711,0.000442731
vof_hf,0.270809,0.000438911
vof_hf,0.270906,0.000435071
vof_hf,0.271004,0.000431206
vof_hf,0.271101,0.000427318
vof_hf,0.271199,0.000423406
vof_hf,0.271296,0.000419469
vof_hf,0.271393,0.000415509
vof_hf,0.271491,0.000411524
vof_hf,0.271588,0.000407511
vof_hf,0.271686,0.000403475
vof_hf,0.271783,0.000399408
vof_hf,0.271881,0.000395315
vof_hf,0.271978,0.000391183
vof_hf,0.272076,0.000387025
vof_hf,0.272173,0.000382857
vof_hf,0.27227,0.000378668
vof_hf,0.272368,0.000374467
vof_hf,0.272465,0.000370249
vof_hf,0.272563,0.000366022
vof_hf,0.27266,0.000361778
vof_hf,0.272758,0.000357527
vof_hf,0.272855,0.000353263
vof_hf,0.272953,0.00034899
vof_hf,0.27305,0.000344703
vof_hf,0.273147,0.000340496
vof_hf,0.273245,0.000336176
vof_hf,0.273342,0.000331844
vof_hf,0.27344,0.000327494
vof_hf,0.273537,0.00032313
vof_hf,0.273635,0.00031875
vof_hf,0.273732,0.000314362
vof_hf,0.27383,0.000309964
vof_hf,0.273927,0.000305565
vof_hf,0.274024,0.000301164
vof_hf,0.274122,0.000296767
vof_hf,0.274219,0.000292377
vof_hf,0.274317,0.000287998
vof_hf,0.274414,0.000283627
vof_hf,0.274512,0.000279271
vof_hf,0.274609,0.000274926
vof_hf,0.274707,0.000270596
vof_hf,0.274804,0.00026628
vof_hf,0.274902,0.000261982
vof_hf,0.274999,0.000257711
vof_hf,0.275096,0.000253464
vof_hf,0.275194,0.000249237
vof_hf,0.275291,0.000245023
vof_hf,0.275389,0.00024082
vof_hf,0.275486,0.00023666
vof_hf,0.275584,0.000232474
vof_hf,0.275681,0.000228296
vof_hf,0.275779,0.000224121
vof_hf,0.275876,0.000219952
vof_hf,0.275973,0.000215783
vof_hf,0.276071,0.000211621
vof_hf,0.276168,0.000207463
vof_hf,0.276266,0.000203317
vof_hf,0.276363,0.000199182
vof_hf,0.276461,0.000195064
vof_hf,0.276558,0.000190964
vof_hf,0.276656,0.000186888
vof_hf,0.276753,0.000182835
vof_hf,0.27685,0.000178809
vof_hf,0.276948,0.00017481
vof_hf,0.277045,0.000170841
vof_hf,0.277143,0.0001669
vof_hf,0.27724,0.000162989
vof_hf,0.277338,0.000159107
vof_hf,0.277435,0.000155256
vof_hf,0.277533,0.000151418
vof_hf,0.27763,0.000147625
vof_hf,0.277727,0.000143865
vof_hf,0.277825,0.000140139
vof_hf,0.277922,0.000136447
vof_hf,0.27802,0.000132792
vof_hf,0.278117,0.000129177
vof_hf,0.278215,0.000125605
vof_hf,0.278312,0.000122077
vof_hf,0.27841,0.000118597
vof_hf,0.278507,0.000115165
vof_hf,0.278604,0.000111782
vof_hf,0.278702,0.000108449
vof_hf,0.278799,0.000105165
vof_hf,0.278897,0.00010193
vof_hf,0.278994,9.87437e-05
vof_hf,0.279092,9.56053e-05
vof_hf,0.279189,9.25143e-05
vof_hf,0.279287,8.94702e-05
vof_hf,0.279384,8.64721e-05
vof_hf,0.279482,8.35186e-05
vof_hf,0.279579,8.0608e-05
vof_hf,0.279676,7.77384e-05
vof_hf,0.279774,7.49067e-05
vof_hf,0.279871,7.21135e-05
vof_hf,0.279969,6.93556e-05
vof_hf,0.280066,6.6634e-05
vof_hf,0.280164,6.39499e-05
vof_hf,0.280261,6.13056e-05
vof_hf,0.280359,5.87047e-05
vof_hf,0.280456,5.61513e-05
vof_hf,0.280553,5.36502e-05
vof_hf,0.280651,5.1205e-05
vof_hf,0.280748,4.88197e-05
vof_hf,0.280846,4.64983e-05
vof_hf,0.280943,4.42423e-05
vof_hf,0.281041,4.20519e-05
vof_hf,0.281138,3.99261e-05
vof_hf,0.281236,3.78632e-05
vof_hf,0.281333,3.5861e-05
vof_hf,0.28143,3.39173e-05
vof_hf,0.281528,3.20305e-05
vof_hf,0.281625,3.01996e-05
vof_hf,0.281723,2.84237e-05
vof_hf,0.28182,2.67032e-05
vof_hf,0.281918,2.50423e-05
vof_hf,0.282015,2.34342e-05
vof_hf,0.282113,2.18833e-05
vof_hf,0.28221,2.03905e-05
vof_hf,0.282307,1.89564e-05
vof_hf,0.282405,1.75815e-05
vof_hf,0.282502,1.62666e-05
vof_hf,0.2826,1.50126e-05
vof_hf,0.282697,1.3821e-05
vof_hf,0.282795,1.26936e-05
vof_hf,0.282892,1.16324e-05
vof_hf,0.28299,1.06397e-05
vof_hf,0.283087,9.71785e-06
vof_hf,0.283184,8.86833e-06
vof_hf,0.283282,8.09261e-06
vof_hf,0.283379,7.39064e-06
vof_hf,0.283477,6.76153e-06
vof_hf,0.283574,6.20351e-06
vof_hf,0.283672,5.71409e-06
vof_hf,0.283769,5.2906e-06
vof_hf,0.283867,4.93029e-06
vof_hf,0.283964,4.63103e-06
vof_hf,0.284061,4.39159e-06
vof_hf,0.284159,4.21168e-06
vof_hf,0.284256,4.09218e-06
vof_hf,0.284354,4.03485e-06
vof_hf,0.284451,4.04225e-06
vof_hf,0.284549,4.1173e-06
vof_hf,0.284646,4.26291e-06
vof_hf,0.284744,4.48157e-06
vof_hf,0.284841,4.77515e-06
vof_hf,0.284939,5.14472e-06
vof_hf,0.285036,5.5904e-06
vof_hf,0.285133,6.11157e-06
vof_hf,0.285231,6.70685e-06
vof_hf,0.285328,7.37428e-06
vof_hf,0.285426,8.11172e-06
vof_hf,0.285523,8.91674e-06
vof_hf,0.285621,9.78689e-06
vof_hf,0.285718,1.07198e-05
vof_hf,0.285816,1.17133e-05
vof_hf,0.285913,1.27651e-05
vof_hf,0.28601,1.38736e-05
vof_hf,0.286108,1.50373e-05
vof_hf,0.286205,1.62553e-05
vof_hf,0.286303,1.75271e-05
vof_hf,0.2864,1.88531e-05
vof_hf,0.286498,2.0234e-05
vof_hf,0.286595,2.16715e-05
vof_hf,0.286693,2.31677e-05
vof_hf,0.28679,2.47249e-05
vof_hf,0.286887,2.63461e-05
vof_hf,0.286985,2.80337e-05
vof_hf,0.287082,2.97899e-05
vof_hf,0.28718,3.16169e-05
vof_hf,0.287277,3.35161e-05
vof_hf,0.287375,3.5488e-05
vof_hf,0.287472,3.75324e-05
vof_hf,0.28757,3.96483e-05
vof_hf,0.287667,4.18338e-05
vof_hf,0.287764,4.40866e-05
vof_hf,0.287862,4.64041e-05
vof_hf,0.287959,4.87832e-05
vof_hf,0.288057,5.12213e-05
vof_hf,0.288154,5.37157e-05
vof_hf,0.288252,5.62643e-05
vof_hf,0.288349,5.86995e-05
vof_hf,0.288447,6.12905e-05
vof_hf,0.288544,6.39563e-05
vof_hf,0.288641,6.66486e-05
vof_hf,0.288739,6.9373e-05
vof_hf,0.288836,7.20264e-05
vof_hf,0.288934,7.50068e-05
vof_hf,0.289031,7.81678e-05
vof_hf,0.289129,8.13065e-05
vof_hf,0.289226,8.43192e-05
vof_hf,0.289324,8.7247e-05
vof_hf,0.289421,9.02071e-05
vof_hf,0.289519,9.32911e-05
vof_hf,0.289616,9.65031e-05
vof_hf,0.289713,9.97744e-05
vof_hf,0.289811,0.000103025
vof_hf,0.289908,0.00010622
vof_hf,0.290006,0.000109385
vof_hf,0.290103,0.000112577
vof_hf,0.290201,0.000115845
vof_hf,0.290298,0.000119199
vof_hf,0.290396,0.000122629
vof_hf,0.290493,0.000126111
vof_hf,0.29059,0.000129635
vof_hf,0.290688,0.000133208
vof_hf,0.290785,0.000136845
vof_hf,0.290883,0.000140554
vof_hf,0.29098,0.000144325
vof_hf,0.291078,0.00014814
vof_hf,0.291175,0.000151979
vof_hf,0.291273,0.000155831
vof_hf,0.29137,0.000159701
vof_hf,0.291467,0.000163592
vof_hf,0.291565,0.000167511
vof_hf,0.291662,0.000171453
vof_hf,0.29176,0.000175413
vof_hf,0.291857,0.000179386
vof_hf,0.291955,0.000183371
vof_hf,0.292052,0.000187372
vof_hf,0.29215,0.000191393
vof_hf,0.292247,0.000195438
vof_hf,0.292344,0.000199509
vof_hf,0.292442,0.000203607
vof_hf,0.292539,0.000207732
vof_hf,0.292637,0.000211883
vof_hf,0.292734,0.000216057
vof_hf,0.292832,0.00022025
vof_hf,0.292929,0.000224454
vof_hf,0.293027,0.00022866
vof_hf,0.293124,0.000232873
vof_hf,0.293221,0.000237089
vof_hf,0.293319,0.000241318
vof_hf,0.293416,0.000245569
vof_hf,0.293514,0.000249819
vof_hf,0.293611,0.000254071
vof_hf,0.293709,0.000258319
vof_hf,0.293806,0.000262563
vof_hf,0.293904,0.000266804
vof_hf,0.294001,0.000271055
vof_hf,0.294099,0.00027533
vof_hf,0.294196,0.000279635
vof_hf,0.294293,0.000283975
vof_hf,0.294391,0.000288342
vof_hf,0.294488,0.000292727
vof_hf,0.294586,0.000297114
vof_hf,0.294683,0.000301489
vof_hf,0.294781,0.000305846
vof_hf,0.294878,0.00031018
vof_hf,0.294976,0.000314495
vof_hf,0.295073,0.000318798
vof_hf,0.29517,0.000323098
vof_hf,0.295268,0.000327401
vof_hf,0.295365,0.000331712
vof_hf,0.295463,0.000336029
vof_hf,0.29556,0.000340349
vof_hf,0.295658,0.000344666
vof_hf,0.295755,0.000348973
vof_hf,0.295853,0.000353265
vof_hf,0.29595,0.00035754
vof_hf,0.296047,0.000361797
vof_hf,0.296145,0.000366034
vof_hf,0.296242,0.00037025
vof_hf,0.29634,0.000374442
vof_hf,0.296437,0.000378607
vof_hf,0.296535,0.000382744
vof_hf,0.296632,0.00038686
vof_hf,0.29673,0.00039096
vof_hf,0.296827,0.000395047
vof_hf,0.296924,0.000399123
vof_hf,0.297022,0.000403187
vof_hf,0.297119,0.000407227
vof_hf,0.297217,0.000411247
vof_hf,0.297314,0.000415245
vof_hf,0.297412,0.00041922
vof_hf,0.297509,0.000423173
vof_hf,0.297607,0.000427098
vof_hf,0.297704,0.000431001
vof_hf,0.297801,0.000434885
vof_hf,0.297899,0.000438741
vof_hf,0.297996,0.000442572
vof_hf,0.298094,0.000446378
vof_hf,0.298191,0.000450145
vof_hf,0.298289,0.000453876
vof_hf,0.298386,0.000457579
vof_hf,0.298484,0.000461249
vof_hf,0.298581,0.000464888
vof_hf,0.298679,0.000468495
vof_hf,0.298776,0.000472066
vof_hf,0.298873,0.000475595
vof_hf,0.298971,0.000479078
vof_hf,0.299068,0.000482509
vof_hf,0.299166,0.000485885
vof_hf,0.299263,0.000489203
vof_hf,0.299361,0.000492465
vof_hf,0.299458,0.00049567
vof_hf,0.299556,0.000498821
vof_hf,0.299653,0.000501917
vof_hf,0.29975,0.000504959
vof_hf,0.299848,0.000507946
vof_hf,0.299945,0.000510877
vof_hf,0.300043,0.000513752
vof_hf,0.30014,0.000516573
vof_hf,0.300238,0.000519343
vof_hf,0.300335,0.000522069
vof_hf,0.300433,0.00052475
vof_hf,0.30053,0.000527396
vof_hf,0.300627,0.000530003
vof_hf,0.300725,0.000532572
vof_hf,0.300822,0.000535101
vof_hf,0.30092,0.00053773
vof_hf,0.301017,0.000540162
vof_hf,0.301115,0.000542558
vof_hf,0.301212,0.000544907
vof_hf,0.30131,0.000547211
vof_hf,0.301407,0.000549466
vof_hf,0.301504,0.00055167
vof_hf,0.301602,0.000553817
vof_hf,0.301699,0.000555904
vof_hf,0.301797,0.000557922
vof_hf,0.301894,0.000559869
vof_hf,0.301992,0.00056174
vof_hf,0.302089,0.000563585
vof_hf,0.302187,0.000565297
vof_hf,0.302284,0.000566932
vof_hf,0.302381,0.000568488
vof_hf,0.302479,0.00056997
vof_hf,0.302576,0.000571379
vof_hf,0.302674,0.00057272
vof_hf,0.302771,0.000573994
vof_hf,0.302869,0.000575205
vof_hf,0.302966,0.000576356
vof_hf,0.303064,0.000577447
vof_hf,0.303161,0.000578479
vof_hf,0.303259,0.000579451
vof_hf,0.303356,0.000580361
vof_hf,0.303453,0.000581207
vof_hf,0.303551,0.000581987
vof_hf,0.303648,0.000582701
vof_hf,0.303746,0.000583347
vof_hf,0.303843,0.000583927
vof_hf,0.303941,0.00058444
vof_hf,0.304038,0.000584883
vof_hf,0.304136,0.000585263
vof_hf,0.304233,0.000585439
vof_hf,0.30433,0.000585688
vof_hf,0.304428,0.000585874
vof_hf,0.304525,0.000585998
vof_hf,0.304623,0.000586062
vof_hf,0.30472,0.000586065
vof_hf,0.304818,0.000586009
vof_hf,0.304915,0.000585888
vof_hf,0.305013,0.000585703
vof_hf,0.30511,0.000585448
vof_hf,0.305207,0.000585152
vof_hf,0.305305,0.000584773
vof_hf,0.305402,0.000584327
vof_hf,0.3055,0.000583806
vof_hf,0.305597,0.00058321
vof_hf,0.305695,0.000582537
vof_hf,0.305792,0.00058179
vof_hf,0.30589,0.000580969
vof_hf,0.305987,0.000580078
vof_hf,0.306084,0.000579116
vof_hf,0.306182,0.000578089
vof_hf,0.306279,0.000576993
vof_hf,0.306377,0.000575831
vof_hf,0.306474,0.000574602
vof_hf,0.306572,0.000573309
vof_hf,0.306669,0.000571951
vof_hf,0.306767,0.000570533
vof_hf,0.306864,0.000569052
vof_hf,0.306961,0.000567514
vof_hf,0.307059,0.000565917
vof_hf,0.307156,0.000564174
vof_hf,0.307254,0.000562467
vof_hf,0.307351,0.000560702
vof_hf,0.307449,0.000559025
vof_hf,0.307546,0.000557158
vof_hf,0.307644,0.000555239
vof_hf,0.307741,0.000553266
vof_hf,0.307838,0.00055124
vof_hf,0.307936,0.000549159
vof_hf,0.308033,0.000547021
vof_hf,0.308131,0.000544824
vof_hf,0.308228,0.000542564
vof_hf,0.308326,0.00054024
vof_hf,0.308423,0.00053785
vof_hf,0.308521,0.000535393
vof_hf,0.308618,0.000532869
vof_hf,0.308716,0.000530283
vof_hf,0.308813,0.000527637
vof_hf,0.30891,0.000524934
vof_hf,0.309008,0.000522177
vof_hf,0.309105,0.000519371
vof_hf,0.309203,0.000516515
vof_hf,0.3093,0.000513613
vof_hf,0.309398,0.000510663
vof_hf,0.309495,0.000507666
vof_hf,0.309593,0.00050462
vof_hf,0.30969,0.000501527
vof_hf,0.309787,0.000498386
vof_hf,0.309885,0.000495197
vof_hf,0.309982,0.000491962
vof_hf,0.31008,0.000488579
vof_hf,0.310177,0.000485257
vof_hf,0.310275,0.000481896
vof_hf,0.310372,0.000478496
vof_hf,0.31047,0.000475057
vof_hf,0.310567,0.000471579
vof_hf,0.310664,0.000468068
vof_hf,0.310762,0.000464529
vof_hf,0.310859,0.00046096
vof_hf,0.310957,0.000457367
vof_hf,0.311054,0.000453744
vof_hf,0.311152,0.000450097
vof_hf,0.311249,0.00044642
vof_hf,0.311347,0.000442717
vof_hf,0.311444,0.000438983
vof_hf,0.311541,0.000435214
vof_hf,0.311639,0.000431417
vof_hf,0.311736,0.000427583
vof_hf,0.311834,0.000423719
vof_hf,0.311931,0.000419818
vof_hf,0.312029,0.000415987
vof_hf,0.312126,0.000412021
vof_hf,0.312224,0.000408018
vof_hf,0.312321,0.0004039
vof_hf,0.312418,0.000399835
vof_hf,0.312516,0.000395745
vof_hf,0.312613,0.000391625
vof_hf,0.312711,0.000387483
vof_hf,0.312808,0.00038332
vof_hf,0.312906,0.000379145
vof_hf,0.313003,0.000374951
vof_hf,0.313101,0.000370747
vof_hf,0.313198,0.000366526
vof_hf,0.313296,0.000362294
vof_hf,0.313393,0.000358046
vof_hf,0.31349,0.000353785
vof_hf,0.313588,0.000349509
vof_hf,0.313685,0.000345223
vof_hf,0.313783,0.000340924
vof_hf,0.31388,0.000336615
vof_hf,0.313978,0.000332294
vof_hf,0.314075,0.000327963
vof_hf,0.314173,0.000323628
vof_hf,0.31427,0.00031929
vof_hf,0.314367,0.000314947
vof_hf,0.314465,0.000310607
vof_hf,0.314562,0.000306265
vof_hf,0.31466,0.000301927
vof_hf,0.314757,0.000297591
vof_hf,0.314855,0.000293335
vof_hf,0.314952,0.000289006
vof_hf,0.31505,0.000284683
vof_hf,0.315147,0.000280359
vof_hf,0.315244,0.000276038
vof_hf,0.315342,0.000271716
vof_hf,0.315439,0.000267397
vof_hf,0.315537,0.000263074
vof_hf,0.315634,0.000258749
vof_hf,0.315732,0.000254423
vof_hf,0.315829,0.000250099
vof_hf,0.315927,0.000245778
vof_hf,0.316024,0.000241465
vof_hf,0.316121,0.000237173
vof_hf,0.316219,0.000232885
vof_hf,0.316316,0.000228616
vof_hf,0.316414,0.000224366
vof_hf,0.316511,0.000220136
vof_hf,0.316609,0.000215926
vof_hf,0.316706,0.000211733
vof_hf,0.316804,0.00020756
vof_hf,0.316901,0.000203404
vof_hf,0.316998,0.000199263
vof_hf,0.317096,0.000195139
vof_hf,0.317193,0.000191031
vof_hf,0.317291,0.000186943
vof_hf,0.317388,0.000182876
vof_hf,0.317486,0.000178836
vof_hf,0.317583,0.000174826
vof_hf,0.317681,0.000170868
vof_hf,0.317778,0.000166927
vof_hf,0.317876,0.000163025
vof_hf,0.317973,0.000159162
vof_hf,0.31807,0.000155339
vof_hf,0.318168,0.000151556
vof_hf,0.318265,0.000147809
vof_hf,0.318363,0.000144098
vof_hf,0.31846,0.00014042
vof_hf,0.318558,0.000136774
vof_hf,0.318655,0.000133157
vof_hf,0.318753,0.000129568
vof_hf,0.31885,0.000126008
vof_hf,0.318947,0.000122476
vof_hf,0.319045,0.000118974
vof_hf,0.319142,0.000115506
vof_hf,0.31924,0.000112069
vof_hf,0.319337,0.00010867
vof_hf,0.319435,0.000105309
vof_hf,0.319532,0.000101991
vof_hf,0.31963,9.87132e-05
vof_hf,0.319727,9.54828e-05
vof_hf,0.319824,9.23016e-05
vof_hf,0.319922,8.91709e-05
vof_hf,0.320019,8.60917e-05
vof_hf,0.320117,8.30633e-05
vof_hf,0.320214,8.00872e-05
vof_hf,0.320312,7.71635e-05
vof_hf,0.320409,7.42923e-05
vof_hf,0.320507,7.14736e-05
vof_hf,0.320604,6.8708e-05
vof_hf,0.320701,6.59961e-05
vof_hf,0.320799,6.33338e-05
vof_hf,0.320896,6.07323e-05
vof_hf,0.320994,5.81869e-05
vof_hf,0.321091,5.56989e-05
vof_hf,0.321189,5.32689e-05
vof_hf,0.321286,5.08977e-05
vof_hf,0.321384,4.85854e-05
vof_hf,0.321481,4.63319e-05
vof_hf,0.321578,4.41368e-05
vof_hf,0.321676,4.19995e-05
vof_hf,0.321773,3.99194e-05
vof_hf,0.321871,3.78943e-05
vof_hf,0.321968,3.59252e-05
vof_hf,0.322066,3.40116e-05
vof_hf,0.322163,3.21529e-05
vof_hf,0.322261,3.03481e-05
vof_hf,0.322358,2.85982e-05
vof_hf,0.322456,2.69017e-05
vof_hf,0.322553,2.52592e-05
vof_hf,0.32265,2.36711e-05
vof_hf,0.322748,2.21379e-05
vof_hf,0.322845,2.06608e-05
vof_hf,0.322943,1.92413e-05
vof_hf,0.32304,1.78816e-05
vof_hf,0.323138,1.65844e-05
vof_hf,0.323235,1.53524e-05
vof_hf,0.323333,1.41887e-05
vof_hf,0.32343,1.30958e-05
vof_hf,0.323527,1.20758e-05
vof_hf,0.323625,1.11301e-05
vof_hf,0.323722,1.0259e-05
vof_hf,0.32382,9.46207e-06
vof_hf,0.323917,8.73781e-06
vof_hf,0.324015,8.08426e-06
vof_hf,0.324112,7.4991e-06
vof_hf,0.32421,6.98002e-06
vof_hf,0.324307,6.52497e-06
vof_hf,0.324404,6.13247e-06
vof_hf,0.324502,5.80169e-06
vof_hf,0.324599,5.53253e-06
vof_hf,0.324697,5.3254e-06
vof_hf,0.324794,5.18117e-06
vof_hf,0.324892,5.10086e-06
vof_hf,0.324989,5.08551e-06
vof_hf,0.325087,5.13588e-06
vof_hf,0.325184,5.25236e-06
vof_hf,0.325281,5.43487e-06
vof_hf,0.325379,5.68297e-06
vof_hf,0.325476,5.99532e-06
vof_hf,0.325574,6.37083e-06
vof_hf,0.325671,6.80812e-06
vof_hf,0.325769,7.30587e-06
vof_hf,0.325866,7.86311e-06
vof_hf,0.325964,8.47918e-06
vof_hf,0.326061,9.15397e-06
vof_hf,0.326158,9.88782e-06
vof_hf,0.326256,1.06826e-05
vof_hf,0.326353,1.15385e-05
vof_hf,0.326451,1.24571e-05
vof_hf,0.326548,1.34398e-05
vof_hf,0.326646,1.44881e-05
vof_hf,0.326743,1.56029e-05
vof_hf,0.326841,1.67848e-05
vof_hf,0.326938,1.80339e-05
vof_hf,0.327035,1.93495e-05
vof_hf,0.327133,2.07306e-05
vof_hf,0.32723,2.21757e-05
vof_hf,0.327328,2.36831e-05
vof_hf,0.327425,2.5251e-05
vof_hf,0.327523,2.6878e-05
vof_hf,0.32762,2.8563e-05
vof_hf,0.327718,3.03052e-05
vof_hf,0.327815,3.21045e-05
vof_hf,0.327913,3.39609e-05
vof_hf,0.32801,3.58749e-05
vof_hf,0.328107,3.78472e-05
vof_hf,0.328205,3.98784e-05
vof_hf,0.328302,4.1969e-05
vof_hf,0.3284,4.41191e-05
vof_hf,0.328497,4.63297e-05
vof_hf,0.328595,4.85984e-05
vof_hf,0.328692,5.09239e-05
vof_hf,0.32879,5.33039e-05
vof_hf,0.328887,5.57365e-05
vof_hf,0.328984,5.82189e-05
vof_hf,0.329082,6.07489e-05
vof_hf,0.329179,6.33245e-05
vof_hf,0.329277,6.59442e-05
vof_hf,0.329374,6.86071e-05
vof_hf,0.329472,7.13132e-05
vof_hf,0.329569,7.40632e-05
vof_hf,0.329667,7.68583e-05
vof_hf,0.329764,7.97003e-05
vof_hf,0.329861,8.25909e-05
vof_hf,0.329959,8.55321e-05
vof_hf,0.330056,8.85257e-05
vof_hf,0.330154,9.15724e-05
vof_hf,0.330251,9.4673e-05
vof_hf,0.330349,9.78268e-05
vof_hf,0.330446,0.000101033
vof_hf,0.330544,0.00010429
vof_hf,0.330641,0.000107596
vof_hf,0.330738,0.000110949
vof_hf,0.330836,0.000114346
vof_hf,0.330933,0.000117786
vof_hf,0.331031,0.000121267
vof_hf,0.331128,0.000124786
vof_hf,0.331226,0.000128343
vof_hf,0.331323,0.000131938
vof_hf,0.331421,0.000135571
vof_hf,0.331518,0.00013924
vof_hf,0.331615,0.000142945
vof_hf,0.331713,0.000146685
vof_hf,0.33181,0.00015046
vof_hf,0.331908,0.000154269
vof_hf,0.332005,0.000158111
vof_hf,0.332103,0.000161984
vof_hf,0.3322,0.000165887
vof_hf,0.332298,0.000169818
vof_hf,0.332395,0.000173777
vof_hf,0.332493,0.000177762
vof_hf,0.33259,0.000181784
vof_hf,0.332687,0.000185819
vof_hf,0.332785,0.000189878
vof_hf,0.332882,0.000193961
vof_hf,0.33298,0.000198068
vof_hf,0.333077,0.000202199
vof_hf,0.333175,0.000206352
vof_hf,0.333272,0.000210529
vof_hf,0.33337,0.00021473
vof_hf,0.333467,0.000218956
vof_hf,0.333564,0.000223205
vof_hf,0.333662,0.000227477
vof_hf,0.333759,0.000231771
vof_hf,0.333857,0.000236087
vof_hf,0.333954,0.000240425
vof_hf,0.334052,0.000244782
vof_hf,0.334149,0.000249158
vof_hf,0.334247,0.000253549
vof_hf,0.334344,0.000257953
vof_hf,0.334441,0.000262371
vof_hf,0.334539,0.000266797
vof_hf,0.334636,0.000271228
vof_hf,0.334734,0.000275665
vof_hf,0.334831,0.000280104
vof_hf,0.334929,0.000284543
vof_hf,0.335026,0.000288979
vof_hf,0.335124,0.000293417
vof_hf,0.335221,0.000297848
vof_hf,0.335318,0.000302274
vof_hf,0.335416,0.000306692
vof_hf,0.335513,0.000311103
vof_hf,0.335611,0.000315506
vof_hf,0.335708,0.000319901
vof_hf,0.335806,0.000324287
vof_hf,0.335903,0.000328664
vof_hf,0.336001,0.00033303
vof_hf,0.336098,0.000337385
vof_hf,0.336195,0.000341728
vof_hf,0.336293,0.000346059
vof_hf,0.33639,0.000350376
vof_hf,0.336488,0.00035468
vof_hf,0.336585,0.000358968
vof_hf,0.336683,0.000363242
vof_hf,0.33678,0.000367501
vof_hf,0.336878,0.000371745
vof_hf,0.336975,0.000375974
vof_hf,0.337073,0.000380188
vof_hf,0.33717,0.000384385
vof_hf,0.337267,0.000388567
vof_hf,0.337365,0.000392728
vof_hf,0.337462,0.000396873
vof_hf,0.33756,0.000400996
vof_hf,0.337657,0.000405094
vof_hf,0.337755,0.000409159
vof_hf,0.337852,0.000413199
vof_hf,0.33795,0.000417212
vof_hf,0.338047,0.000421195
vof_hf,0.338144,0.000425143
vof_hf,0.338242,0.000429058
vof_hf,0.338339,0.000432935
vof_hf,0.338437,0.000436772
vof_hf,0.338534,0.00044057
vof_hf,0.338632,0.000444328
vof_hf,0.338729,0.000448049
vof_hf,0.338827,0.00045173
vof_hf,0.338924,0.000455372
vof_hf,0.339021,0.000458974
vof_hf,0.339119,0.000462536
vof_hf,0.339216,0.000466056
vof_hf,0.339314,0.000469533
vof_hf,0.339411,0.000472968
vof_hf,0.339509,0.000476358
vof_hf,0.339606,0.000479703
vof_hf,0.339704,0.000483002
vof_hf,0.339801,0.000486256
vof_hf,0.339898,0.000489462
vof_hf,0.339996,0.000492622
vof_hf,0.340093,0.000495736
vof_hf,0.340191,0.000498806
vof_hf,0.340288,0.000501832
vof_hf,0.340386,0.000504816
vof_hf,0.340483,0.000507875
vof_hf,0.340581,0.000510682
vof_hf,0.340678,0.000513544
vof_hf,0.340775,0.000516367
vof_hf,0.340873,0.000519147
vof_hf,0.34097,0.000521886
vof_hf,0.341068,0.00052458
vof_hf,0.341165,0.000527219
vof_hf,0.341263,0.000529815
vof_hf,0.34136,0.000532353
vof_hf,0.341458,0.00053484
vof_hf,0.341555,0.00053727
vof_hf,0.341653,0.00053964
vof_hf,0.34175,0.000541952
vof_hf,0.341847,0.000544199
vof_hf,0.341945,0.000546511
vof_hf,0.342042,0.000548522
vof_hf,0.34214,0.00055058
vof_hf,0.342237,0.000552568
vof_hf,0.342335,0.000554499
vof_hf,0.342432,0.000556366
vof_hf,0.34253,0.000558171
vof_hf,0.342627,0.000559912
vof_hf,0.342724,0.000561593
vof_hf,0.342822,0.000563212
vof_hf,0.342919,0.00056477
vof_hf,0.343017,0.000566268
vof_hf,0.343114,0.000567706
vof_hf,0.343212,0.000569084
vof_hf,0.343309,0.000570403
vof_hf,0.343407,0.000571663
vof_hf,0.343504,0.000572865
vof_hf,0.343601,0.000574004
vof_hf,0.343699,0.000575086
vof_hf,0.343796,0.00057611
vof_hf,0.343894,0.000577077
vof_hf,0.343991,0.000577987
vof_hf,0.344089,0.00057884
vof_hf,0.344186,0.000579635
vof_hf,0.344284,0.000580371
vof_hf,0.344381,0.000581048
vof_hf,0.344478,0.000581666
vof_hf,0.344576,0.000582366
vof_hf,0.344673,0.000582727
vof_hf,0.344771,0.00058315
vof_hf,0.344868,0.000583507
vof_hf,0.344966,0.000583795
vof_hf,0.345063,0.000584014
vof_hf,0.345161,0.000584163
vof_hf,0.345258,0.000584244
vof_hf,0.345355,0.000584253
vof_hf,0.345453,0.000584195
vof_hf,0.34555,0.00058407
vof_hf,0.345648,0.000583881
vof_hf,0.345745,0.000583625
vof_hf,0.345843,0.000583305
vof_hf,0.34594,0.00058292
vof_hf,0.346038,0.00058247
vof_hf,0.346135,0.000581956
vof_hf,0.346232,0.000581383
vof_hf,0.34633,0.000580747
vof_hf,0.346427,0.000580049
vof_hf,0.346525,0.00057929
vof_hf,0.346622,0.00057847
vof_hf,0.34672,0.000577588
vof_hf,0.346817,0.000576647
vof_hf,0.346915,0.000575646
vof_hf,0.347012,0.000574585
vof_hf,0.34711,0.000573465
vof_hf,0.347207,0.000572288
vof_hf,0.347304,0.000571051
vof_hf,0.347402,0.000569755
vof_hf,0.347499,0.000568398
vof_hf,0.347597,0.000566982
vof_hf,0.347694,0.000565505
vof_hf,0.347792,0.000563968
vof_hf,0.347889,0.000562368
vof_hf,0.347987,0.000560706
vof_hf,0.348084,0.000558981
vof_hf,0.348181,0.000558847
vof_hf,0.348279,0.000556989
vof_hf,0.348376,0.000555065
vof_hf,0.348474,0.000553069
vof_hf,0.348571,0.000551013
vof_hf,0.348669,0.00054889
vof_hf,0.348766,0.000546706
vof_hf,0.348864,0.00054446
vof_hf,0.348961,0.000542142
vof_hf,0.349058,0.000539771
vof_hf,0.349156,0.000537348
vof_hf,0.349253,0.000534867
vof_hf,0.349351,0.000532329
vof_hf,0.349448,0.000529736
vof_hf,0.349546,0.000527014
vof_hf,0.349643,0.000524314
vof_hf,0.349741,0.000521723
vof_hf,0.349838,0.000518778
vof_hf,0.349935,0.000515924
vof_hf,0.350033,0.00051302
vof_hf,0.35013,0.000510068
vof_hf,0.350228,0.000507067
vof_hf,0.350325,0.00050402
vof_hf,0.350423,0.000500926
vof_hf,0.35052,0.000497788
vof_hf,0.350618,0.000494604
vof_hf,0.350715,0.000491376
vof_hf,0.350812,0.000488103
vof_hf,0.35091,0.000484788
vof_hf,0.351007,0.000481429
vof_hf,0.351105,0.000478027
vof_hf,0.351202,0.00047458
vof_hf,0.3513,0.00047109
vof_hf,0.351397,0.000467555
vof_hf,0.351495,0.000464
vof_hf,0.351592,0.000460376
vof_hf,0.35169,0.000456709
vof_hf,0.351787,0.000453144
vof_hf,0.351884,0.000449388
vof_hf,0.351982,0.000445466
vof_hf,0.352079,0.000441628
vof_hf,0.352177,0.000437748
vof_hf,0.352274,0.000433829
vof_hf,0.352372,0.000429874
vof_hf,0.352469,0.000425881
vof_hf,0.352567,0.000421857
vof_hf,0.352664,0.0004178
vof_hf,0.352761,0.000413715
vof_hf,0.352859,0.000409602
vof_hf,0.352956,0.000405464
vof_hf,0.353054,0.000401303
vof_hf,0.353151,0.000397121
vof_hf,0.353249,0.000392918
vof_hf,0.353346,0.000388699
vof_hf,0.353444,0.000384461
vof_hf,0.353541,0.000380208
vof_hf,0.353638,0.000375939
vof_hf,0.353736,0.000371659
vof_hf,0.353833,0.000367365
vof_hf,0.353931,0.000363079
vof_hf,0.354028,0.000358794
vof_hf,0.354126,0.000354513
vof_hf,0.354223,0.000350233
vof_hf,0.354321,0.000345952
vof_hf,0.354418,0.000341666
vof_hf,0.354515,0.000337376
vof_hf,0.354613,0.000333077
vof_hf,0.35471,0.000328771
vof_hf,0.354808,0.000324451
vof_hf,0.354905,0.000320127
vof_hf,0.355003,0.000315791
vof_hf,0.3551,0.000311448
vof_hf,0.355198,0.000307096
vof_hf,0.355295,0.000302904
vof_hf,0.355392,0.000298535
vof_hf,0.35549,0.000294193
vof_hf,0.355587,0.000289811
vof_hf,0.355685,0.000285426
vof_hf,0.355782,0.000281035
vof_hf,0.35588,0.000276643
vof_hf,0.355977,0.000272197
vof_hf,0.356075,0.000267806
vof_hf,0.356172,0.000263416
vof_hf,0.35627,0.000259033
vof_hf,0.356367,0.000254658
vof_hf,0.356464,0.000250309
vof_hf,0.356562,0.000245979
vof_hf,0.356659,0.000241662
vof_hf,0.356757,0.000237362
vof_hf,0.356854,0.000233073
vof_hf,0.356952,0.000228807
vof_hf,0.357049,0.000223886
vof_hf,0.357147,0.000219672
vof_hf,0.357244,0.000215479
vof_hf,0.357341,0.000211306
vof_hf,0.357439,0.000207154
vof_hf,0.357536,0.000203021
vof_hf,0.357634,0.000198906
vof_hf,0.357731,0.000194814
vof_hf,0.357829,0.000190744
vof_hf,0.357926,0.000186697
vof_hf,0.358024,0.000182673
vof_hf,0.358121,0.000178648
vof_hf,0.358218,0.000174684
vof_hf,0.358316,0.000170743
vof_hf,0.358413,0.000166828
vof_hf,0.358511,0.000162942
vof_hf,0.358608,0.000159085
vof_hf,0.358706,0.000155256
vof_hf,0.358803,0.000151458
vof_hf,0.358901,0.000147692
vof_hf,0.358998,0.000143959
vof_hf,0.359095,0.000140262
vof_hf,0.359193,0.000136602
vof_hf,0.35929,0.000132981
vof_hf,0.359388,0.000129402
vof_hf,0.359485,0.000125866
vof_hf,0.359583,0.000122376
vof_hf,0.35968,0.000118931
vof_hf,0.359778,0.000115533
vof_hf,0.359875,0.000112183
vof_hf,0.359972,0.00010888
vof_hf,0.36007,0.000105622
vof_hf,0.360167,0.000102412
vof_hf,0.360265,9.92453e-05
vof_hf,0.360362,9.61222e-05
vof_hf,0.36046,9.30428e-05
vof_hf,0.360557,9.00071e-05
vof_hf,0.360655,8.70163e-05
vof_hf,0.360752,8.40714e-05
vof_hf,0.36085,8.11744e-05
vof_hf,0.360947,7.83269e-05
vof_hf,0.361044,7.55296e-05
vof_hf,0.361142,7.27849e-05
vof_hf,0.361239,7.0093e-05
vof_hf,0.361337,6.74534e-05
vof_hf,0.361434,6.4865e-05
vof_hf,0.361532,6.2326e-05
vof_hf,0.361629,5.98345e-05
vof_hf,0.361727,5.73889e-05
vof_hf,0.361824,5.49859e-05
vof_hf,0.361921,5.26277e-05
vof_hf,0.362019,5.03151e-05
vof_hf,0.362116,4.80494e-05
vof_hf,0.362214,4.58325e-05
vof_hf,0.362311,4.36664e-05
vof_hf,0.362409,4.15527e-05
vof_hf,0.362506,3.94928e-05
vof_hf,0.362604,3.74879e-05
vof_hf,0.362701,3.55391e-05
vof_hf,0.362798,3.36472e-05
vof_hf,0.362896,3.18138e-05
vof_hf,0.362993,3.00408e-05
vof_hf,0.363091,2.83304e-05
vof_hf,0.363188,2.66867e-05
vof_hf,0.363286,2.51105e-05
vof_hf,0.363383,2.36041e-05
vof_hf,0.363481,2.21689e-05
vof_hf,0.363578,2.08057e-05
vof_hf,0.363675,1.95145e-05
vof_hf,0.363773,1.82944e-05
vof_hf,0.36387,1.71443e-05
vof_hf,0.363968,1.60627e-05
vof_hf,0.364065,1.50483e-05
vof_hf,0.364163,1.41001e-05
vof_hf,0.36426,1.32178e-05
vof_hf,0.364358,1.24011e-05
vof_hf,0.364455,1.16504e-05
vof_hf,0.364552,1.09658e-05
vof_hf,0.36465,1.03475e-05
vof_hf,0.364747,9.79496e-06
vof_hf,0.364845,9.30698e-06
vof_hf,0.364942,8.88188e-06
vof_hf,0.36504,8.51733e-06
vof_hf,0.365137,8.21082e-06
vof_hf,0.365235,7.95965e-06
vof_hf,0.365332,7.76154e-06
vof_hf,0.365429,7.61481e-06
vof_hf,0.365527,7.51856e-06
vof_hf,0.365624,7.47297e-06
vof_hf,0.365722,7.47915e-06
vof_hf,0.365819,7.53904e-06
vof_hf,0.365917,7.65538e-06
vof_hf,0.366014,7.83117e-06
vof_hf,0.366112,8.06951e-06
vof_hf,0.366209,8.37332e-06
vof_hf,0.366307,8.74516e-06
vof_hf,0.366404,9.1871e-06
vof_hf,0.366501,9.70073e-06
vof_hf,0.366599,1.02871e-05
vof_hf,0.366696,1.09469e-05
vof_hf,0.366794,1.16805e-05
vof_hf,0.366891,1.24876e-05
vof_hf,0.366989,1.33679e-05
vof_hf,0.367086,1.42754e-05
vof_hf,0.367184,1.533e-05
vof_hf,0.367281,1.64692e-05
vof_hf,0.367378,1.76525e-05
vof_hf,0.367476,1.88799e-05
vof_hf,0.367573,2.00151e-05
vof_hf,0.367671,2.14085e-05
vof_hf,0.367768,2.2945e-05
vof_hf,0.367866,2.44834e-05
vof_hf,0.367963,2.59596e-05
vof_hf,0.368061,2.74134e-05
vof_hf,0.368158,2.89324e-05
vof_hf,0.368255,3.05796e-05
vof_hf,0.368353,3.2361e-05
vof_hf,0.36845,3.42122e-05
vof_hf,0.368548,3.60853e-05
vof_hf,0.368645,3.7959e-05
vof_hf,0.368743,3.99508e-05
vof_hf,0.36884,4.17896e-05
vof_hf,0.368938,4.38104e-05
vof_hf,0.369035,4.59089e-05
vof_hf,0.369132,4.80723e-05
vof_hf,0.36923,5.0288e-05
vof_hf,0.369327,5.25558e-05
vof_hf,0.369425,5.48866e-05
vof_hf,0.369522,5.72915e-05
vof_hf,0.36962,5.97751e-05
vof_hf,0.369717,6.23293e-05
vof_hf,0.369815,6.4941e-05
vof_hf,0.369912,6.76008e-05
vof_hf,0.370009,7.03056e-05
vof_hf,0.370107,7.30616e-05
vof_hf,0.370204,7.58741e-05
vof_hf,0.370302,7.87441e-05
vof_hf,0.370399,8.16673e-05
vof_hf,0.370497,8.4638e-05
vof_hf,0.370594,8.76499e-05
vof_hf,0.370692,9.07017e-05
vof_hf,0.370789,9.37942e-05
vof_hf,0.370887,9.69293e-05
vof_hf,0.370984,0.000100108
vof_hf,0.371081,0.000103333
vof_hf,0.371179,0.000106605
vof_hf,0.371276,0.000109924
vof_hf,0.371374,0.000113291
vof_hf,0.371471,0.000116702
vof_hf,0.371569,0.00012015
vof_hf,0.371666,0.000123637
vof_hf,0.371764,0.000127154
vof_hf,0.371861,0.000130676
vof_hf,0.371958,0.000134253
vof_hf,0.372056,0.000137862
vof_hf,0.372153,0.000141503
vof_hf,0.372251,0.000145174
vof_hf,0.372348,0.000148872
vof_hf,0.372446,0.000152597
vof_hf,0.372543,0.000156345
vof_hf,0.372641,0.000160131
vof_hf,0.372738,0.000163957
vof_hf,0.372835,0.000167837
vof_hf,0.372933,0.000171776
vof_hf,0.37303,0.000175777
vof_hf,0.373128,0.000179837
vof_hf,0.373225,0.000183949
vof_hf,0.373323,0.000188114
vof_hf,0.37342,0.000192295
vof_hf,0.373518,0.000196496
vof_hf,0.373615,0.000200762
vof_hf,0.373712,0.000204991
vof_hf,0.37381,0.000209234
vof_hf,0.373907,0.000213492
vof_hf,0.374005,0.000217769
vof_hf,0.374102,0.000222065
vof_hf,0.3742,0.000226381
vof_hf,0.374297,0.000230713
vof_hf,0.374395,0.00023506
vof_hf,0.374492,0.000239418
vof_hf,0.374589,0.000243786
vof_hf,0.374687,0.000248162
vof_hf,0.374784,0.000252551
vof_hf,0.374882,0.000256945
vof_hf,0.374979,0.000261345
vof_hf,0.375077,0.000265745
vof_hf,0.375174,0.000270144
vof_hf,0.375272,0.00027454
vof_hf,0.375369,0.000278934
vof_hf,0.375467,0.000283327
vof_hf,0.375564,0.00028772
vof_hf,0.375661,0.000292115
vof_hf,0.375759,0.000296512
vof_hf,0.375856,0.000300909
vof_hf,0.375954,0.000305303
vof_hf,0.376051,0.000309624
vof_hf,0.376149,0.000314004
vof_hf,0.376246,0.00031838
vof_hf,0.376344,0.000322747
vof_hf,0.376441,0.000327108
vof_hf,0.376538,0.000331465
vof_hf,0.376636,0.000335835
vof_hf,0.376733,0.000340191
vof_hf,0.376831,0.00034455
vof_hf,0.376928,0.000348913
vof_hf,0.377026,0.000353278
vof_hf,0.377123,0.000357647
vof_hf,0.377221,0.000362015
vof_hf,0.377318,0.000366387
vof_hf,0.377415,0.00037077
vof_hf,0.377513,0.000375136
vof_hf,0.37761,0.000379478
vof_hf,0.377708,0.00038379
vof_hf,0.377805,0.000388065
vof_hf,0.377903,0.0003923
vof_hf,0.378,0.000396494
vof_hf,0.378098,0.000400647
vof_hf,0.378195,0.00040476
vof_hf,0.378292,0.000408835
vof_hf,0.37839,0.000412873
vof_hf,0.378487,0.000416875
vof_hf,0.378585,0.000420822
vof_hf,0.378682,0.000424742
vof_hf,0.37878,0.000428631
vof_hf,0.378877,0.000432479
vof_hf,0.378975,0.000436291
vof_hf,0.379072,0.000440069
vof_hf,0.379169,0.000443816
vof_hf,0.379267,0.000447534
vof_hf,0.379364,0.000451225
vof_hf,0.379462,0.000454892
vof_hf,0.379559,0.00045853
vof_hf,0.379657,0.00046214
vof_hf,0.379754,0.000465716
vof_hf,0.379852,0.000469256
vof_hf,0.379949,0.000472758
vof_hf,0.380047,0.000476223
vof_hf,0.380144,0.000479647
vof_hf,0.380241,0.000483033
vof_hf,0.380339,0.000486379
vof_hf,0.380436,0.000489687
vof_hf,0.380534,0.000492955
vof_hf,0.380631,0.000496182
vof_hf,0.380729,0.000499365
vof_hf,0.380826,0.000502503
vof_hf,0.380924,0.000505591
vof_hf,0.381021,0.000508627
vof_hf,0.381118,0.000511605
vof_hf,0.381216,0.000514526
vof_hf,0.381313,0.000517383
vof_hf,0.381411,0.000520324
vof_hf,0.381508,0.000523057
vof_hf,0.381606,0.000525731
vof_hf,0.381703,0.000528345
vof_hf,0.381801,0.000530902
vof_hf,0.381898,0.000533404
vof_hf,0.381995,0.000535853
vof_hf,0.382093,0.00053825
vof_hf,0.38219,0.000540594
vof_hf,0.382288,0.000542885
vof_hf,0.382385,0.000545122
vof_hf,0.382483,0.000547302
vof_hf,0.38258,0.000549425
vof_hf,0.382678,0.00055149
vof_hf,0.382775,0.000553496
vof_hf,0.382872,0.000555444
vof_hf,0.38297,0.000557336
vof_hf,0.383067,0.000559172
vof_hf,0.383165,0.000560955
vof_hf,0.383262,0.000562684
vof_hf,0.38336,0.000564363
vof_hf,0.383457,0.000565998
vof_hf,0.383555,0.000567574
vof_hf,0.383652,0.000569096
vof_hf,0.383749,0.000570433
vof_hf,0.383847,0.000571839
vof_hf,0.383944,0.00057318
vof_hf,0.384042,0.000574452
vof_hf,0.384139,0.000575654
vof_hf,0.384237,0.000576782
vof_hf,0.384334,0.000577837
vof_hf,0.384432,0.000578818
vof_hf,0.384529,0.000579725
vof_hf,0.384626,0.000580562
vof_hf,0.384724,0.000581333
vof_hf,0.384821,0.000582038
vof_hf,0.384919,0.000582676
vof_hf,0.385016,0.000583251
vof_hf,0.385114,0.000583766
vof_hf,0.385211,0.00058422
vof_hf,0.385309,0.000584615
vof_hf,0.385406,0.000584951
vof_hf,0.385504,0.000585231
vof_hf,0.385601,0.000585448
vof_hf,0.385698,0.000585611
vof_hf,0.385796,0.000585715
vof_hf,0.385893,0.000585758
vof_hf,0.385991,0.000585739
vof_hf,0.386088,0.000585658
vof_hf,0.386186,0.000585513
vof_hf,0.386283,0.000585304
vof_hf,0.386381,0.000585026
vof_hf,0.386478,0.000584694
vof_hf,0.386575,0.000584302
vof_hf,0.386673,0.000583849
vof_hf,0.38677,0.000583331
vof_hf,0.386868,0.000582742
vof_hf,0.386965,0.000582081
vof_hf,0.387063,0.000581348
vof_hf,0.38716,0.000580544
vof_hf,0.387258,0.000579673
vof_hf,0.387355,0.000578629
vof_hf,0.387452,0.000577631
vof_hf,0.38755,0.000576569
vof_hf,0.387647,0.000575448
vof_hf,0.387745,0.000574264
vof_hf,0.387842,0.00057302
vof_hf,0.38794,0.000571711
vof_hf,0.388037,0.000570338
vof_hf,0.388135,0.000568893
vof_hf,0.388232,0.000567377
vof_hf,0.388329,0.000565785
vof_hf,0.388427,0.000564118
vof_hf,0.388524,0.000562375
vof_hf,0.388622,0.000560561
vof_hf,0.388719,0.000558679
vof_hf,0.388817,0.000556736
vof_hf,0.388914,0.000554735
vof_hf,0.389012,0.000552683
vof_hf,0.389109,0.000550577
vof_hf,0.389206,0.000548433
vof_hf,0.389304,0.000546246
vof_hf,0.389401,0.00054402
vof_hf,0.389499,0.000541752
vof_hf,0.389596,0.000539441
vof_hf,0.389694,0.000537085
vof_hf,0.389791,0.000534683
vof_hf,0.389889,0.00053223
vof_hf,0.389986,0.000529725
vof_hf,0.390084,0.000527164
vof_hf,0.390181,0.000524547
vof_hf,0.390278,0.00052187
vof_hf,0.390376,0.000519127
vof_hf,0.390473,0.000516328
vof_hf,0.390571,0.000513468
vof_hf,0.390668,0.000510548
vof_hf,0.390766,0.00050757
vof_hf,0.390863,0.000504535
vof_hf,0.390961,0.000501447
vof_hf,0.391058,0.000498305
vof_hf,0.391155,0.000495113
vof_hf,0.391253,0.00049187
vof_hf,0.39135,0.000488578
vof_hf,0.391448,0.000485237
vof_hf,0.391545,0.000481848
vof_hf,0.391643,0.000478412
vof_hf,0.39174,0.000474932
vof_hf,0.391838,0.000471406
vof_hf,0.391935,0.00046784
vof_hf,0.392032,0.000464235
vof_hf,0.39213,0.000460597
vof_hf,0.392227,0.000456923
vof_hf,0.392325,0.000453208
vof_hf,0.392422,0.00044946
vof_hf,0.39252,0.000445677
vof_hf,0.392617,0.000441864
vof_hf,0.392715,0.000438019
vof_hf,0.392812,0.00043415
vof_hf,0.392909,0.000430254
vof_hf,0.393007,0.000426332
vof_hf,0.393104,0.000422393
vof_hf,0.393202,0.000418431
vof_hf,0.393299,0.000414454
vof_hf,0.393397,0.000410567
vof_hf,0.393494,0.000406542
vof_hf,0.393592,0.000402506
vof_hf,0.393689,0.000398445
vof_hf,0.393786,0.000394378
vof_hf,0.393884,0.000390258
vof_hf,0.393981,0.000386122
vof_hf,0.394079,0.000381963
vof_hf,0.394176,0.00037778
vof_hf,0.394274,0.000373566
vof_hf,0.394371,0.000369322
vof_hf,0.394469,0.000365044
vof_hf,0.394566,0.000360735
vof_hf,0.394664,0.000356396
vof_hf,0.394761,0.000352031
vof_hf,0.394858,0.000347642
vof_hf,0.394956,0.000343236
vof_hf,0.395053,0.000338814
vof_hf,0.395151,0.000334386
vof_hf,0.395248,0.000329952
vof_hf,0.395346,0.000325522
vof_hf,0.395443,0.000321095
vof_hf,0.395541,0.000316679
vof_hf,0.395638,0.000312266
vof_hf,0.395735,0.000307872
vof_hf,0.395833,0.000303486
vof_hf,0.39593,0.000299115
vof_hf,0.396028,0.000294751
vof_hf,0.396125,0.000290401
vof_hf,0.396223,0.000286056
vof_hf,0.39632,0.000281721
vof_hf,0.396418,0.00027739
vof_hf,0.396515,0.000273066
vof_hf,0.396612,0.000268745
vof_hf,0.39671,0.000264432
vof_hf,0.396807,0.000260122
vof_hf,0.396905,0.000255821
vof_hf,0.397002,0.000251533
vof_hf,0.3971,0.000247259
vof_hf,0.397197,0.000242994
vof_hf,0.397295,0.000238741
vof_hf,0.397392,0.000234496
vof_hf,0.397489,0.000230266
vof_hf,0.397587,0.000226046
vof_hf,0.397684,0.000221843
vof_hf,0.397782,0.000217653
vof_hf,0.397879,0.00021348
vof_hf,0.397977,0.000209322
vof_hf,0.398074,0.000205182
vof_hf,0.398172,0.000201058
vof_hf,0.398269,0.000196963
vof_hf,0.398366,0.000192872
vof_hf,0.398464,0.000188805
vof_hf,0.398561,0.000184758
vof_hf,0.398659,0.000180735
vof_hf,0.398756,0.000176735
vof_hf,0.398854,0.000172763
vof_hf,0.398951,0.000168824
vof_hf,0.399049,0.000164916
vof_hf,0.399146,0.000161043
vof_hf,0.399244,0.000157212
vof_hf,0.399341,0.000153422
vof_hf,0.399438,0.000149678
vof_hf,0.399536,0.00014598
vof_hf,0.399633,0.000142329
vof_hf,0.399731,0.000138733
vof_hf,0.399828,0.000135173
vof_hf,0.399926,0.000131663
vof_hf,0.400023,0.000128196
vof_hf,0.400121,0.000124773
vof_hf,0.400218,0.000121391
vof_hf,0.400315,0.000118048
vof_hf,0.400413,0.000114743
vof_hf,0.40051,0.000111474
vof_hf,0.400608,0.00010824
vof_hf,0.400705,0.00010504
vof_hf,0.400803,0.000101871
vof_hf,0.4009,9.87349e-05
vof_hf,0.400998,9.56307e-05
vof_hf,0.401095,9.25592e-05
vof_hf,0.401192,8.95213e-05
vof_hf,0.40129,8.65195e-05
vof_hf,0.401387,8.35562e-05
vof_hf,0.401485,8.0633e-05
vof_hf,0.401582,7.77531e-05
vof_hf,0.40168,7.49209e-05
vof_hf,0.401777,7.21396e-05
vof_hf,0.401875,6.94119e-05
vof_hf,0.401972,6.67404e-05
vof_hf,0.402069,6.41272e-05
vof_hf,0.402167,6.15735e-05
vof_hf,0.402264,5.90854e-05
vof_hf,0.402362,5.66532e-05
vof_hf,0.402459,5.42821e-05
vof_hf,0.402557,5.19718e-05
vof_hf,0.402654,4.97216e-05
vof_hf,0.402752,4.75299e-05
vof_hf,0.402849,4.53953e-05
vof_hf,0.402946,4.3318e-05
vof_hf,0.403044,4.12969e-05
vof_hf,0.403141,3.93308e-05
vof_hf,0.403239,3.74189e-05
vof_hf,0.403336,3.55607e-05
vof_hf,0.403434,3.37541e-05
vof_hf,0.403531,3.20023e-05
vof_hf,0.403629,3.03036e-05
vof_hf,0.403726,2.86585e-05
vof_hf,0.403823,2.70671e-05
vof_hf,0.403921,2.55296e-05
vof_hf,0.404018,2.40464e-05
vof_hf,0.404116,2.26177e-05
vof_hf,0.404213,2.12439e-05
vof_hf,0.404311,1.99256e-05
vof_hf,0.404408,1.86634e-05
vof_hf,0.404506,1.74582e-05
vof_hf,0.404603,1.63106e-05
vof_hf,0.404701,1.52218e-05
vof_hf,0.404798,1.41925e-05
vof_hf,0.404895,1.32237e-05
vof_hf,0.404993,1.23164e-05
vof_hf,0.40509,1.14718e-05
vof_hf,0.405188,1.0691e-05
vof_hf,0.405285,9.97524e-06
vof_hf,0.405383,9.326e-06
vof_hf,0.40548,8.74475e-06
vof_hf,0.405578,8.2329e-06
vof_hf,0.405675,7.79179e-06
vof_hf,0.405772,7.42255e-06
vof_hf,0.40587,7.12603e-06
vof_hf,0.405967,6.90261e-06
vof_hf,0.406065,6.75229e-06
vof_hf,0.406162,6.67462e-06
vof_hf,0.40626,6.66882e-06
vof_hf,0.406357,6.73365e-06
vof_hf,0.406455,6.86774e-06
vof_hf,0.406552,7.06991e-06
vof_hf,0.406649,7.33752e-06
vof_hf,0.406747,7.66736e-06
vof_hf,0.406844,8.06207e-06
vof_hf,0.406942,8.5183e-06
vof_hf,0.407039,9.03503e-06
vof_hf,0.407137,9.61153e-06
vof_hf,0.407234,1.02473e-05
vof_hf,0.407332,1.09424e-05
vof_hf,0.407429,1.16969e-05
vof_hf,0.407526,1.25113e-05
vof_hf,0.407624,1.3386e-05
vof_hf,0.407721,1.43217e-05
vof_hf,0.407819,1.5319e-05
vof_hf,0.407916,1.63786e-05
vof_hf,0.408014,1.75016e-05
vof_hf,0.408111,1.86879e-05
vof_hf,0.408209,1.99424e-05
vof_hf,0.408306,2.12575e-05
vof_hf,0.408403,2.26381e-05
vof_hf,0.408501,2.4085e-05
vof_hf,0.408598,2.55989e-05
vof_hf,0.408696,2.71806e-05
vof_hf,0.408793,2.88305e-05
vof_hf,0.408891,3.05489e-05
vof_hf,0.408988,3.23363e-05
vof_hf,0.409086,3.41926e-05
vof_hf,0.409183,3.61174e-05
vof_hf,0.409281,3.81106e-05
vof_hf,0.409378,4.01066e-05
vof_hf,0.409475,4.23016e-05
vof_hf,0.409573,4.46065e-05
vof_hf,0.40967,4.69596e-05
vof_hf,0.409768,4.93586e-05
vof_hf,0.409865,5.15314e-05
vof_hf,0.409963,5.40677e-05
vof_hf,0.41006,5.67957e-05
vof_hf,0.410158,5.94934e-05
vof_hf,0.410255,6.20571e-05
vof_hf,0.410352,6.45404e-05
vof_hf,0.41045,6.70789e-05
vof_hf,0.410547,6.97721e-05
vof_hf,0.410645,7.2621e-05
vof_hf,0.410742,7.55454e-05
vof_hf,0.41084,7.84544e-05
vof_hf,0.410937,8.13066e-05
vof_hf,0.411035,8.41262e-05
vof_hf,0.411132,8.6972e-05
vof_hf,0.411229,8.98918e-05
vof_hf,0.411327,9.28987e-05
vof_hf,0.411424,9.59758e-05
vof_hf,0.411522,9.91015e-05
vof_hf,0.411619,0.000102269
vof_hf,0.411717,0.000105493
vof_hf,0.411814,0.00010879
vof_hf,0.411912,0.000112171
vof_hf,0.412009,0.000115627
vof_hf,0.412106,0.000119137
vof_hf,0.412204,0.000122683
vof_hf,0.412301,0.000126255
vof_hf,0.412399,0.000129856
vof_hf,0.412496,0.000133494
vof_hf,0.412594,0.000137172
vof_hf,0.412691,0.000140889
vof_hf,0.412789,0.000144638
vof_hf,0.412886,0.000148418
vof_hf,0.412983,0.000152227
vof_hf,0.413081,0.000156068
vof_hf,0.413178,0.000159945
vof_hf,0.413276,0.000163858
vof_hf,0.413373,0.000167806
vof_hf,0.413471,0.000171784
vof_hf,0.413568,0.000175788
vof_hf,0.413666,0.000179818
vof_hf,0.413763,0.000183864
vof_hf,0.413861,0.000187927
vof_hf,0.413958,0.000191996
vof_hf,0.414055,0.000196067
vof_hf,0.414153,0.000200126
vof_hf,0.41425,0.000204188
vof_hf,0.414348,0.000208258
vof_hf,0.414445,0.000212341
vof_hf,0.414543,0.000216437
vof_hf,0.41464,0.000220544
vof_hf,0.414738,0.00022466
vof_hf,0.414835,0.000228787
vof_hf,0.414932,0.000232929
vof_hf,0.41503,0.000237104
vof_hf,0.415127,0.000241311
vof_hf,0.415225,0.000245566
vof_hf,0.415322,0.000249869
vof_hf,0.41542,0.000254218
vof_hf,0.415517,0.000258595
vof_hf,0.415615,0.000262985
vof_hf,0.415712,0.000267372
vof_hf,0.415809,0.000271746
vof_hf,0.415907,0.000276102
vof_hf,0.416004,0.000280442
vof_hf,0.416102,0.000284772
vof_hf,0.416199,0.0002891
vof_hf,0.416297,0.000293434
vof_hf,0.416394,0.000297781
vof_hf,0.416492,0.000302141
vof_hf,0.416589,0.00030651
vof_hf,0.416686,0.00031088
vof_hf,0.416784,0.000315239
vof_hf,0.416881,0.000319588
vof_hf,0.416979,0.000323919
vof_hf,0.417076,0.000328229
vof_hf,0.417174,0.000332518
vof_hf,0.417271,0.000336782
vof_hf,0.417369,0.000341024
vof_hf,0.417466,0.000345242
vof_hf,0.417563,0.000349438
vof_hf,0.417661,0.000353618
vof_hf,0.417758,0.000357786
vof_hf,0.417856,0.000361946
vof_hf,0.417953,0.000366103
vof_hf,0.418051,0.000370255
vof_hf,0.418148,0.000374395
vof_hf,0.418246,0.000378516
vof_hf,0.418343,0.000382619
vof_hf,0.418441,0.000386702
vof_hf,0.418538,0.000390765
vof_hf,0.418635,0.000394805
vof_hf,0.418733,0.000398827
vof_hf,0.41883,0.000402829
vof_hf,0.418928,0.000406815
vof_hf,0.419025,0.000410784
vof_hf,0.419123,0.000414734
vof_hf,0.41922,0.000418669
vof_hf,0.419318,0.000422586
vof_hf,0.419415,0.000426485
vof_hf,0.419512,0.000430364
vof_hf,0.41961,0.000434222
vof_hf,0.419707,0.000438039
vof_hf,0.419805,0.000441829
vof_hf,0.419902,0.000445596
vof_hf,0.42,0.000449327
vof_hf,0.420097,0.000453007
vof_hf,0.420195,0.000456626
vof_hf,0.420292,0.000460187
vof_hf,0.420389,0.000463689
vof_hf,0.420487,0.000467139
vof_hf,0.420584,0.000470542
vof_hf,0.420682,0.000473902
vof_hf,0.420779,0.00047722
vof_hf,0.420877,0.000480497
vof_hf,0.420974,0.000483729
vof_hf,0.421072,0.000486915
vof_hf,0.421169,0.000490052
vof_hf,0.421266,0.000493142
vof_hf,0.421364,0.000496186
vof_hf,0.421461,0.000499188
vof_hf,0.421559,0.000502151
vof_hf,0.421656,0.000505078
vof_hf,0.421754,0.000507969
vof_hf,0.421851,0.000510827
vof_hf,0.421949,0.000513652
vof_hf,0.422046,0.000516446
vof_hf,0.422143,0.000519208
vof_hf,0.422241,0.00052194
vof_hf,0.422338,0.00052464
vof_hf,0.422436,0.000527306
vof_hf,0.422533,0.000529933
vof_hf,0.422631,0.000532517
vof_hf,0.422728,0.000535051
vof_hf,0.422826,0.000537529
vof_hf,0.422923,0.000539944
vof_hf,0.423021,0.000542294
vof_hf,0.423118,0.000544574
vof_hf,0.423215,0.000546787
vof_hf,0.423313,0.000549075
vof_hf,0.42341,0.000551033
vof_hf,0.423508,0.00055304
vof_hf,0.423605,0.000554991
vof_hf,0.423703,0.000556878
vof_hf,0.4238,0.000558704
vof_hf,0.423898,0.000560468
vof_hf,0.423995,0.00056217
vof_hf,0.424092,0.000563808
vof_hf,0.42419,0.000565534
vof_hf,0.424287,0.00056704
vof_hf,0.424385,0.000568479
vof_hf,0.424482,0.00056985
vof_hf,0.42458,0.000571163
vof_hf,0.424677,0.000572399
vof_hf,0.424775,0.000573571
vof_hf,0.424872,0.000574541
vof_hf,0.424969,0.000575592
vof_hf,0.425067,0.000576589
vof_hf,0.425164,0.000577535
vof_hf,0.425262,0.000578433
vof_hf,0.425359,0.000579286
vof_hf,0.425457,0.000580091
vof_hf,0.425554,0.000580852
vof_hf,0.425652,0.000581563
vof_hf,0.425749,0.00058222
vof_hf,0.425846,0.00058282
vof_hf,0.425944,0.000583358
vof_hf,0.426041,0.000583824
vof_hf,0.426139,0.000584217
vof_hf,0.426236,0.000584527
vof_hf,0.426334,0.000584755
vof_hf,0.426431,0.000584897
vof_hf,0.426529,0.000584955
vof_hf,0.426626,0.000584933
vof_hf,0.426723,0.000584834
vof_hf,0.426821,0.00058466
vof_hf,0.426918,0.000584428
vof_hf,0.427016,0.00058413
vof_hf,0.427113,0.000583766
vof_hf,0.427211,0.000583331
vof_hf,0.427308,0.000582827
vof_hf,0.427406,0.00058225
vof_hf,0.427503,0.0005816
vof_hf,0.4276,0.000580879
vof_hf,0.427698,0.000580087
vof_hf,0.427795,0.000579225
vof_hf,0.427893,0.000578299
vof_hf,0.42799,0.000577307
vof_hf,0.428088,0.000576256
vof_hf,0.428185,0.000575147
vof_hf,0.428283,0.000573983
vof_hf,0.42838,0.000572763
vof_hf,0.428478,0.00057149
vof_hf,0.428575,0.000570158
vof_hf,0.428672,0.00056877
vof_hf,0.42877,0.000567324
vof_hf,0.428867,0.00056582
vof_hf,0.428965,0.000565938
vof_hf,0.429062,0.000564314
vof_hf,0.42916,0.000562655
vof_hf,0.429257,0.000560913
vof_hf,0.429355,0.000559111
vof_hf,0.429452,0.000557249
vof_hf,0.429549,0.000555327
vof_hf,0.429647,0.000553344
vof_hf,0.429744,0.000551295
vof_hf,0.429842,0.000549181
vof_hf,0.429939,0.000546999
vof_hf,0.430037,0.000544748
vof_hf,0.430134,0.000542427
vof_hf,0.430232,0.000540039
vof_hf,0.430329,0.000537582
vof_hf,0.430426,0.00053506
vof_hf,0.430524,0.000532474
vof_hf,0.430621,0.000529827
vof_hf,0.430719,0.00052712
vof_hf,0.430816,0.000524358
vof_hf,0.430914,0.00052154
vof_hf,0.431011,0.000518673
vof_hf,0.431109,0.000515755
vof_hf,0.431206,0.000512789
vof_hf,0.431303,0.000509775
vof_hf,0.431401,0.000506716
vof_hf,0.431498,0.000503612
vof_hf,0.431596,0.000500465
vof_hf,0.431693,0.0004972
vof_hf,0.431791,0.000493972
vof_hf,0.431888,0.000490704
vof_hf,0.431986,0.0004874
vof_hf,0.432083,0.00048406
vof_hf,0.43218,0.000480687
vof_hf,0.432278,0.000477278
vof_hf,0.432375,0.000473835
vof_hf,0.432473,0.000470359
vof_hf,0.43257,0.000466843
vof_hf,0.432668,0.000463291
vof_hf,0.432765,0.000459704
vof_hf,0.432863,0.000456076
vof_hf,0.43296,0.00045241
vof_hf,0.433058,0.000448702
vof_hf,0.433155,0.000444954
vof_hf,0.433252,0.000441163
vof_hf,0.43335,0.000437329
vof_hf,0.433447,0.000433455
vof_hf,0.433545,0.000429541
vof_hf,0.433642,0.00042559
vof_hf,0.43374,0.000421604
vof_hf,0.433837,0.000417584
vof_hf,0.433935,0.000412302
vof_hf,0.434032,0.00040824
vof_hf,0.434129,0.000404158
vof_hf,0.434227,0.000400053
vof_hf,0.434324,0.000395927
vof_hf,0.434422,0.000391788
vof_hf,0.434519,0.00038763
vof_hf,0.434617,0.000383458
vof_hf,0.434714,0.000379268
vof_hf,0.434812,0.000375065
vof_hf,0.434909,0.000370957
vof_hf,0.435006,0.000366723
vof_hf,0.435104,0.000362475
vof_hf,0.435201,0.00035822
vof_hf,0.435299,0.000353955
vof_hf,0.435396,0.000349688
vof_hf,0.435494,0.000345417
vof_hf,0.435591,0.000341149
vof_hf,0.435689,0.00033688
vof_hf,0.435786,0.000332616
vof_hf,0.435883,0.000328352
vof_hf,0.435981,0.000324092
vof_hf,0.436078,0.000319829
vof_hf,0.436176,0.000315566
vof_hf,0.436273,0.00031131
vof_hf,0.436371,0.000307035
vof_hf,0.436468,0.000302749
vof_hf,0.436566,0.000298454
vof_hf,0.436663,0.000294147
vof_hf,0.43676,0.000289831
vof_hf,0.436858,0.000285505
vof_hf,0.436955,0.000281173
vof_hf,0.437053,0.000276835
vof_hf,0.43715,0.000272497
vof_hf,0.437248,0.00026816
vof_hf,0.437345,0.000263829
vof_hf,0.437443,0.000259505
vof_hf,0.43754,0.000255193
vof_hf,0.437638,0.000250894
vof_hf,0.437735,0.00024661
vof_hf,0.437832,0.000242343
vof_hf,0.43793,0.000238097
vof_hf,0.438027,0.000233871
vof_hf,0.438125,0.000229668
vof_hf,0.438222,0.000225486
vof_hf,0.43832,0.000221326
vof_hf,0.438417,0.000217189
vof_hf,0.438515,0.000213095
vof_hf,0.438612,0.000209001
vof_hf,0.438709,0.000204927
vof_hf,0.438807,0.000200876
vof_hf,0.438904,0.000196844
vof_hf,0.439002,0.000192838
vof_hf,0.439099,0.00018886
vof_hf,0.439197,0.000184903
vof_hf,0.439294,0.000180971
vof_hf,0.439392,0.000177066
vof_hf,0.439489,0.000173187
vof_hf,0.439586,0.000169335
vof_hf,0.439684,0.000165508
vof_hf,0.439781,0.000161706
vof_hf,0.439879,0.000157927
vof_hf,0.439976,0.000154171
vof_hf,0.440074,0.000150438
vof_hf,0.440171,0.00014719
vof_hf,0.440269,0.000143054
vof_hf,0.440366,0.000139388
vof_hf,0.440463,0.000135748
vof_hf,0.440561,0.000132136
vof_hf,0.440658,0.000128555
vof_hf,0.440756,0.000125007
vof_hf,0.440853,0.000121495
vof_hf,0.440951,0.00011802
vof_hf,0.441048,0.000114584
vof_hf,0.441146,0.000111191
vof_hf,0.441243,0.00010784
vof_hf,0.44134,0.000104535
vof_hf,0.441438,0.000101277
vof_hf,0.441535,9.80521e-05
vof_hf,0.441633,9.48943e-05
vof_hf,0.44173,9.17888e-05
vof_hf,0.441828,8.8737e-05
vof_hf,0.441925,8.57404e-05
vof_hf,0.442023,8.27997e-05
vof_hf,0.44212,7.99153e-05
vof_hf,0.442218,7.70871e-05
vof_hf,0.442315,7.43136e-05
vof_hf,0.442412,7.15948e-05
vof_hf,0.44251,6.89297e-05
vof_hf,0.442607,6.63164e-05
vof_hf,0.442705,6.37531e-05
vof_hf,0.442802,6.12395e-05
vof_hf,0.4429,5.87746e-05
vof_hf,0.442997,5.63575e-05
vof_hf,0.443095,5.39879e-05
vof_hf,0.443192,5.16655e-05
vof_hf,0.443289,4.93903e-05
vof_hf,0.443387,4.71624e-05
vof_hf,0.443484,4.49819e-05
vof_hf,0.443582,4.28491e-05
vof_hf,0.443679,4.07619e-05
vof_hf,0.443777,3.87234e-05
vof_hf,0.443874,3.67343e-05
vof_hf,0.443972,3.4796e-05
vof_hf,0.444069,3.291e-05
vof_hf,0.444166,3.10785e-05
vof_hf,0.444264,2.93038e-05
vof_hf,0.444361,2.75881e-05
vof_hf,0.444459,2.59348e-05
vof_hf,0.444556,2.43468e-05
vof_hf,0.444654,2.28263e-05
vof_hf,0.444751,2.13754e-05
vof_hf,0.444849,1.99953e-05
vof_hf,0.444946,1.86866e-05
vof_hf,0.445043,1.74491e-05
vof_hf,0.445141,1.62822e-05
vof_hf,0.445238,1.51851e-05
vof_hf,0.445336,1.41567e-05
vof_hf,0.445433,1.31959e-05
vof_hf,0.445531,1.2302e-05
vof_hf,0.445628,1.14745e-05
vof_hf,0.445726,1.07286e-05
vof_hf,0.445823,1.00188e-05
vof_hf,0.44592,9.39036e-06
vof_hf,0.446018,8.82849e-06
vof_hf,0.446115,8.33327e-06
vof_hf,0.446213,7.90444e-06
vof_hf,0.44631,7.5415e-06
vof_hf,0.446408,7.24347e-06
vof_hf,0.446505,7.00903e-06
vof_hf,0.446603,6.83668e-06
vof_hf,0.4467,6.72472e-06
vof_hf,0.446797,6.67168e-06
vof_hf,0.446895,6.67618e-06
vof_hf,0.446992,6.7374e-06
vof_hf,0.44709,6.855e-06
vof_hf,0.447187,7.02937e-06
vof_hf,0.447285,7.26151e-06
vof_hf,0.447382,7.55303e-06
vof_hf,0.44748,7.90597e-06
vof_hf,0.447577,8.32275e-06
vof_hf,0.447675,8.80596e-06
vof_hf,0.447772,9.35806e-06
vof_hf,0.447869,9.98147e-06
vof_hf,0.447967,1.06779e-05
vof_hf,0.448064,1.14485e-05
vof_hf,0.448162,1.2294e-05
vof_hf,0.448259,1.32145e-05
vof_hf,0.448357,1.42094e-05
vof_hf,0.448454,1.52774e-05
vof_hf,0.448552,1.64169e-05
vof_hf,0.448649,1.76259e-05
vof_hf,0.448746,1.89023e-05
vof_hf,0.448844,2.02437e-05
vof_hf,0.448941,2.16477e-05
vof_hf,0.449039,2.31123e-05
vof_hf,0.449136,2.46358e-05
vof_hf,0.449234,2.62167e-05
vof_hf,0.449331,2.78539e-05
vof_hf,0.449429,2.95468e-05
vof_hf,0.449526,3.1295e-05
vof_hf,0.449623,3.30986e-05
vof_hf,0.449721,3.4957e-05
vof_hf,0.449818,3.68703e-05
vof_hf,0.449916,3.88382e-05
vof_hf,0.450013,4.08605e-05
vof_hf,0.450111,4.29369e-05
vof_hf,0.450208,4.5067e-05
vof_hf,0.450306,4.7253e-05
vof_hf,0.450403,4.94916e-05
vof_hf,0.4505,5.17825e-05
vof_hf,0.450598,5.41253e-05
vof_hf,0.450695,5.65197e-05
vof_hf,0.450793,5.89658e-05
vof_hf,0.45089,6.14636e-05
vof_hf,0.450988,6.40137e-05
vof_hf,0.451085,6.66155e-05
vof_hf,0.451183,6.92705e-05
vof_hf,0.45128,7.19791e-05
vof_hf,0.451377,7.47418e-05
vof_hf,0.451475,7.75588e-05
vof_hf,0.451572,8.04305e-05
vof_hf,0.45167,8.33566e-05
vof_hf,0.451767,8.63371e-05
vof_hf,0.451865,8.93712e-05
vof_hf,0.451962,9.24561e-05
vof_hf,0.45206,9.55922e-05
vof_hf,0.452157,9.8778e-05
vof_hf,0.452255,0.000102012
vof_hf,0.452352,0.000105291
vof_hf,0.452449,0.000108615
vof_hf,0.452547,0.000111981
vof_hf,0.452644,0.000115386
vof_hf,0.452742,0.000118829
vof_hf,0.452839,0.000122308
vof_hf,0.452937,0.000125821
vof_hf,0.453034,0.000129366
vof_hf,0.453132,0.000132943
vof_hf,0.453229,0.00013655
vof_hf,0.453326,0.000140187
vof_hf,0.453424,0.000143852
vof_hf,0.453521,0.000147546
vof_hf,0.453619,0.000151269
vof_hf,0.453716,0.00015502
vof_hf,0.453814,0.000158799
vof_hf,0.453911,0.000162606
vof_hf,0.454009,0.000166441
vof_hf,0.454106,0.000170304
vof_hf,0.454203,0.000174194
vof_hf,0.454301,0.000178113
vof_hf,0.454398,0.000182058
vof_hf,0.454496,0.000186032
vof_hf,0.454593,0.000190034
vof_hf,0.454691,0.000194066
vof_hf,0.454788,0.000198125
vof_hf,0.454886,0.000202215
vof_hf,0.454983,0.000206333
vof_hf,0.45508,0.000210481
vof_hf,0.455178,0.000214657
vof_hf,0.455275,0.00021886
vof_hf,0.455373,0.000223089
vof_hf,0.45547,0.000227341
vof_hf,0.455568,0.000231614
vof_hf,0.455665,0.000235907
vof_hf,0.455763,0.000240215
vof_hf,0.45586,0.000244536
vof_hf,0.455957,0.000248868
vof_hf,0.456055,0.000253208
vof_hf,0.456152,0.000257553
vof_hf,0.45625,0.000261905
vof_hf,0.456347,0.000266258
vof_hf,0.456445,0.000270613
vof_hf,0.456542,0.000274966
vof_hf,0.45664,0.000279321
vof_hf,0.456737,0.000283673
vof_hf,0.456835,0.000288027
vof_hf,0.456932,0.000292376
vof_hf,0.457029,0.000296722
vof_hf,0.457127,0.000301063
vof_hf,0.457224,0.000305397
vof_hf,0.457322,0.000309725
vof_hf,0.457419,0.000314047
vof_hf,0.457517,0.000318361
vof_hf,0.457614,0.000322668
vof_hf,0.457712,0.000326968
vof_hf,0.457809,0.000331262
vof_hf,0.457906,0.00033555
vof_hf,0.458004,0.000339834
vof_hf,0.458101,0.000344114
vof_hf,0.458199,0.00034839
vof_hf,0.458296,0.000352662
vof_hf,0.458394,0.000356931
vof_hf,0.458491,0.000361195
vof_hf,0.458589,0.000365454
vof_hf,0.458686,0.000369705
vof_hf,0.458783,0.000373947
vof_hf,0.458881,0.000378178
vof_hf,0.458978,0.000382397
vof_hf,0.459076,0.000386696
vof_hf,0.459173,0.000390879
vof_hf,0.459271,0.000395038
vof_hf,0.459368,0.000399172
vof_hf,0.459466,0.000403276
vof_hf,0.459563,0.000407348
vof_hf,0.45966,0.000411381
vof_hf,0.459758,0.00041538
vof_hf,0.459855,0.000419344
vof_hf,0.459953,0.000423271
vof_hf,0.46005,0.000427158
vof_hf,0.460148,0.000431009
vof_hf,0.460245,0.000434818
vof_hf,0.460343,0.000438592
vof_hf,0.46044,0.000442326
vof_hf,0.460537,0.000445937
vof_hf,0.460635,0.000449597
vof_hf,0.460732,0.000453222
vof_hf,0.46083,0.000456813
vof_hf,0.460927,0.000460369
vof_hf,0.461025,0.000463891
vof_hf,0.461122,0.00046738
vof_hf,0.46122,0.000470952
vof_hf,0.461317,0.000474273
vof_hf,0.461415,0.000477653
vof_hf,0.461512,0.000480998
vof_hf,0.461609,0.000484305
vof_hf,0.461707,0.000487576
vof_hf,0.461804,0.000490808
vof_hf,0.461902,0.000494003
vof_hf,0.461999,0.000497159
vof_hf,0.462097,0.000500275
vof_hf,0.462194,0.00050335
vof_hf,0.462292,0.000506384
vof_hf,0.462389,0.000509373
vof_hf,0.462486,0.000512318
vof_hf,0.462584,0.00051534
vof_hf,0.462681,0.000518079
vof_hf,0.462779,0.000520871
vof_hf,0.462876,0.000523608
vof_hf,0.462974,0.000526286
vof_hf,0.463071,0.000528904
vof_hf,0.463169,0.000531459
vof_hf,0.463266,0.00053395
vof_hf,0.463363,0.000536373
vof_hf,0.463461,0.000538732
vof_hf,0.463558,0.000541024
vof_hf,0.463656,0.000543252
vof_hf,0.463753,0.000545543
vof_hf,0.463851,0.000547526
vof_hf,0.463948,0.000549557
vof_hf,0.464046,0.000551659
vof_hf,0.464143,0.000553566
vof_hf,0.46424,0.000555414
vof_hf,0.464338,0.000557202
vof_hf,0.464435,0.000558934
vof_hf,0.464533,0.00056061
vof_hf,0.46463,0.000562232
vof_hf,0.464728,0.000563799
vof_hf,0.464825,0.000565314
vof_hf,0.464923,0.000566776
vof_hf,0.46502,0.000568186
vof_hf,0.465117,0.000569542
vof_hf,0.465215,0.000570845
vof_hf,0.465312,0.000572092
vof_hf,0.46541,0.000573298
vof_hf,0.465507,0.000574433
vof_hf,0.465605,0.00057551
vof_hf,0.465702,0.000576526
vof_hf,0.4658,0.000577479
vof_hf,0.465897,0.000578366
vof_hf,0.465994,0.000579186
vof_hf,0.466092,0.000581761
vof_hf,0.466189,0.000580603
vof_hf,0.466287,0.000581213
vof_hf,0.466384,0.000581751
vof_hf,0.466482,0.000582214
vof_hf,0.466579,0.000582599
vof_hf,0.466677,0.000582917
vof_hf,0.466774,0.000583163
vof_hf,0.466872,0.000583336
vof_hf,0.466969,0.000583438
vof_hf,0.467066,0.00058347
vof_hf,0.467164,0.000583433
vof_hf,0.467261,0.000583328
vof_hf,0.467359,0.000583154
vof_hf,0.467456,0.000582914
vof_hf,0.467554,0.00058261
vof_hf,0.467651,0.000582243
vof_hf,0.467749,0.000581813
vof_hf,0.467846,0.00058132
vof_hf,0.467943,0.000580773
vof_hf,0.468041,0.000580169
vof_hf,0.468138,0.000579505
vof_hf,0.468236,0.00057878
vof_hf,0.468333,0.000577996
vof_hf,0.468431,0.000577151
vof_hf,0.468528,0.000576244
vof_hf,0.468626,0.000575275
vof_hf,0.468723,0.000574247
vof_hf,0.46882,0.000573156
vof_hf,0.468918,0.000572004
vof_hf,0.469015,0.00057079
vof_hf,0.469113,0.000569515
vof_hf,0.46921,0.000568174
vof_hf,0.469308,0.000566769
vof_hf,0.469405,0.00056521
vof_hf,0.469503,0.000563672
vof_hf,0.4696,0.000562143
vof_hf,0.469697,0.000560473
vof_hf,0.469795,0.000558736
vof_hf,0.469892,0.000556935
vof_hf,0.46999,0.000555068
vof_hf,0.470087,0.00055314
vof_hf,0.470185,0.000551149
vof_hf,0.470282,0.000549098
vof_hf,0.47038,0.000546987
vof_hf,0.470477,0.000544819
vof_hf,0.470574,0.000542592
vof_hf,0.470672,0.000540311
vof_hf,0.470769,0.000537978
vof_hf,0.470867,0.000535594
vof_hf,0.470964,0.000533161
vof_hf,0.471062,0.000530681
vof_hf,0.471159,0.000528152
vof_hf,0.471257,0.000525577
vof_hf,0.471354,0.000522953
vof_hf,0.471452,0.00052028
vof_hf,0.471549,0.000517561
vof_hf,0.471646,0.000514797
vof_hf,0.471744,0.000511985
vof_hf,0.471841,0.000509133
vof_hf,0.471939,0.000506234
vof_hf,0.472036,0.000503291
vof_hf,0.472134,0.000500302
vof_hf,0.472231,0.000497268
vof_hf,0.472329,0.000494188
vof_hf,0.472426,0.000491062
vof_hf,0.472523,0.000487891
vof_hf,0.472621,0.000484673
vof_hf,0.472718,0.000481408
vof_hf,0.472816,0.000478097
vof_hf,0.472913,0.00047474
vof_hf,0.473011,0.000471336
vof_hf,0.473108,0.000467883
vof_hf,0.473206,0.000464386
vof_hf,0.473303,0.000460845
vof_hf,0.4734,0.00045726
vof_hf,0.473498,0.00045363
vof_hf,0.473595,0.000449961
vof_hf,0.473693,0.00044625
vof_hf,0.47379,0.000442504
vof_hf,0.473888,0.000438717
vof_hf,0.473985,0.000434899
vof_hf,0.474083,0.000431045
vof_hf,0.47418,0.000427162
vof_hf,0.474277,0.000423244
vof_hf,0.474375,0.000419296
vof_hf,0.474472,0.000415328
vof_hf,0.47457,0.000411332
vof_hf,0.474667,0.000407318
vof_hf,0.474765,0.000403283
vof_hf,0.474862,0.000399227
vof_hf,0.47496,0.000395099
vof_hf,0.475057,0.000391011
vof_hf,0.475154,0.000386911
vof_hf,0.475252,0.00038279
vof_hf,0.475349,0.000378659
vof_hf,0.475447,0.000374527
vof_hf,0.475544,0.000370394
vof_hf,0.475642,0.000366248
vof_hf,0.475739,0.000362095
vof_hf,0.475837,0.000357925
vof_hf,0.475934,0.000353743
vof_hf,0.476032,0.000349539
vof_hf,0.476129,0.00034532
vof_hf,0.476226,0.000341076
vof_hf,0.476324,0.000336816
vof_hf,0.476421,0.000332533
vof_hf,0.476519,0.000328237
vof_hf,0.476616,0.000323923
vof_hf,0.476714,0.000319604
vof_hf,0.476811,0.000315274
vof_hf,0.476909,0.000310942
vof_hf,0.477006,0.000306604
vof_hf,0.477103,0.000302268
vof_hf,0.477201,0.000297931
vof_hf,0.477298,0.0002936
vof_hf,0.477396,0.00028927
vof_hf,0.477493,0.000284947
vof_hf,0.477591,0.000280625
vof_hf,0.477688,0.00027631
vof_hf,0.477786,0.000271996
vof_hf,0.477883,0.000267689
vof_hf,0.47798,0.000263385
vof_hf,0.478078,0.000259088
vof_hf,0.478175,0.00025481
vof_hf,0.478273,0.000250546
vof_hf,0.47837,0.000246291
vof_hf,0.478468,0.000242048
vof_hf,0.478565,0.000237815
vof_hf,0.478663,0.000233595
vof_hf,0.47876,0.000229389
vof_hf,0.478857,0.0002252
vof_hf,0.478955,0.000221028
vof_hf,0.479052,0.000216873
vof_hf,0.47915,0.000212736
vof_hf,0.479247,0.000208616
vof_hf,0.479345,0.000204512
vof_hf,0.479442,0.000200425
vof_hf,0.47954,0.000196354
vof_hf,0.479637,0.000192299
vof_hf,0.479734,0.000188267
vof_hf,0.479832,0.000184255
vof_hf,0.479929,0.000180249
vof_hf,0.480027,0.000176262
vof_hf,0.480124,0.000172295
vof_hf,0.480222,0.00016835
vof_hf,0.480319,0.000164431
vof_hf,0.480417,0.00016054
vof_hf,0.480514,0.000156682
vof_hf,0.480612,0.000152855
vof_hf,0.480709,0.000149069
vof_hf,0.480806,0.000145323
vof_hf,0.480904,0.00014162
vof_hf,0.481001,0.000137957
vof_hf,0.481099,0.000134342
vof_hf,0.481196,0.000130772
vof_hf,0.481294,0.000127248
vof_hf,0.481391,0.000123771
vof_hf,0.481489,0.000120339
vof_hf,0.481586,0.000116952
vof_hf,0.481683,0.000113611
vof_hf,0.481781,0.000110313
vof_hf,0.481878,0.000107057
vof_hf,0.481976,0.000103844
vof_hf,0.482073,0.000100672
vof_hf,0.482171,9.75411e-05
vof_hf,0.482268,9.44512e-05
vof_hf,0.482366,9.14028e-05
vof_hf,0.482463,8.83964e-05
vof_hf,0.48256,8.54329e-05
vof_hf,0.482658,8.2513e-05
vof_hf,0.482755,7.96372e-05
vof_hf,0.482853,7.68056e-05
vof_hf,0.48295,7.40181e-05
vof_hf,0.483048,7.12742e-05
vof_hf,0.483145,6.8573e-05
vof_hf,0.483243,6.59143e-05
vof_hf,0.48334,6.32976e-05
vof_hf,0.483437,6.07235e-05
vof_hf,0.483535,5.81933e-05
vof_hf,0.483632,5.57082e-05
vof_hf,0.48373,5.3271e-05
vof_hf,0.483827,5.08855e-05
vof_hf,0.483925,4.85551e-05
vof_hf,0.484022,4.62829e-05
vof_hf,0.48412,4.40712e-05
vof_hf,0.484217,4.19218e-05
vof_hf,0.484314,3.9836e-05
vof_hf,0.484412,3.78143e-05
vof_hf,0.484509,3.5857e-05
vof_hf,0.484607,3.39646e-05
vof_hf,0.484704,3.21376e-05
vof_hf,0.484802,3.03763e-05
vof_hf,0.484899,2.8682e-05
vof_hf,0.484997,2.70561e-05
vof_hf,0.485094,2.55029e-05
vof_hf,0.485191,2.40162e-05
vof_hf,0.485289,2.26002e-05
vof_hf,0.485386,2.12546e-05
vof_hf,0.485484,1.99787e-05
vof_hf,0.485581,1.87716e-05
vof_hf,0.485679,1.76325e-05
vof_hf,0.485776,1.65602e-05
vof_hf,0.485874,1.55535e-05
vof_hf,0.485971,1.46109e-05
vof_hf,0.486069,1.37313e-05
vof_hf,0.486166,1.29134e-05
vof_hf,0.486263,1.2156e-05
vof_hf,0.486361,1.14579e-05
vof_hf,0.486458,1.08179e-05
vof_hf,0.486556,1.02348e-05
vof_hf,0.486653,9.70737e-06
vof_hf,0.486751,9.23474e-06
vof_hf,0.486848,8.81637e-06
vof_hf,0.486946,8.45229e-06
vof_hf,0.487043,8.14321e-06
vof_hf,0.48714,7.89045e-06
vof_hf,0.487238,7.69614e-06
vof_hf,0.487335,7.56277e-06
vof_hf,0.487433,7.49329e-06
vof_hf,0.48753,7.49069e-06
vof_hf,0.487628,7.55782e-06
vof_hf,0.487725,7.69702e-06
vof_hf,0.487823,7.91012e-06
vof_hf,0.48792,8.19816e-06
vof_hf,0.488017,8.56142e-06
vof_hf,0.488115,8.99946e-06
vof_hf,0.488212,9.51136e-06
vof_hf,0.48831,1.00958e-05
vof_hf,0.488407,1.07514e-05
vof_hf,0.488505,1.14766e-05
vof_hf,0.488602,1.22703e-05
vof_hf,0.4887,1.31313e-05
vof_hf,0.488797,1.40597e-05
vof_hf,0.488894,1.50538e-05
vof_hf,0.488992,1.6113e-05
vof_hf,0.489089,1.72367e-05
vof_hf,0.489187,1.84243e-05
vof_hf,0.489284,1.96762e-05
vof_hf,0.489382,2.09904e-05
vof_hf,0.489479,2.2366e-05
vof_hf,0.489577,2.3802e-05
vof_hf,0.489674,2.52977e-05
vof_hf,0.489771,2.68521e-05
vof_hf,0.489869,2.84642e-05
vof_hf,0.489966,3.01332e-05
vof_hf,0.490064,3.18583e-05
vof_hf,0.490161,3.36389e-05
vof_hf,0.490259,3.54748e-05
vof_hf,0.490356,3.73659e-05
vof_hf,0.490454,3.93127e-05
vof_hf,0.490551,4.13159e-05
vof_hf,0.490649,4.33778e-05
vof_hf,0.490746,4.5498e-05
vof_hf,0.490843,4.76772e-05
vof_hf,0.490941,4.99159e-05
vof_hf,0.491038,5.22145e-05
vof_hf,0.491136,5.4573e-05
vof_hf,0.491233,5.6991e-05
vof_hf,0.491331,5.93269e-05
vof_hf,0.491428,6.17809e-05
vof_hf,0.491526,6.42928e-05
vof_hf,0.491623,6.68234e-05
vof_hf,0.49172,6.93759e-05
vof_hf,0.491818,7.19333e-05
vof_hf,0.491915,7.47403e-05
vof_hf,0.492013,7.76816e-05
vof_hf,0.49211,8.06213e-05
vof_hf,0.492208,8.34912e-05
vof_hf,0.492305,8.63265e-05
vof_hf,0.492403,8.92108e-05
vof_hf,0.4925,9.2207e-05
vof_hf,0.492597,9.53134e-05
vof_hf,0.492695,9.84811e-05
vof_hf,0.492792,0.000101664
vof_hf,0.49289,0.000104835
vof_hf,0.492987,0.000108011
vof_hf,0.493085,0.000111224
vof_hf,0.493182,0.000114502
vof_hf,0.49328,0.000117849
vof_hf,0.493377,0.000121252
vof_hf,0.493474,0.000124692
vof_hf,0.493572,0.000128162
vof_hf,0.493669,0.000131667
vof_hf,0.493767,0.000135216
vof_hf,0.493864,0.000138812
vof_hf,0.493962,0.000142447
vof_hf,0.494059,0.000146108
vof_hf,0.494157,0.000149785
vof_hf,0.494254,0.000153476
vof_hf,0.494351,0.000157188
vof_hf,0.494449,0.00016093
vof_hf,0.494546,0.000164709
vof_hf,0.494644,0.000168524
vof_hf,0.494741,0.000172375
vof_hf,0.494839,0.000176258
vof_hf,0.494936,0.000180172
vof_hf,0.495034,0.000184118
vof_hf,0.495131,0.000188097
vof_hf,0.495229,0.00019211
vof_hf,0.495326,0.000196158
vof_hf,0.495423,0.000200241
vof_hf,0.495521,0.00020436
vof_hf,0.495618,0.00020851
vof_hf,0.495716,0.000212689
vof_hf,0.495813,0.000216888
vof_hf,0.495911,0.000221095
vof_hf,0.496008,0.000225312
vof_hf,0.496106,0.000229538
vof_hf,0.496203,0.000233775
vof_hf,0.4963,0.000238025
vof_hf,0.496398,0.000242287
vof_hf,0.496495,0.000246559
vof_hf,0.496593,0.000250837
vof_hf,0.49669,0.000255109
vof_hf,0.496788,0.000259373
vof_hf,0.496885,0.000263631
vof_hf,0.496983,0.000267886
vof_hf,0.49708,0.000272147
vof_hf,0.497177,0.000276423
vof_hf,0.497275,0.000280717
vof_hf,0.497372,0.000285029
vof_hf,0.49747,0.000289352
vof_hf,0.497567,0.000293676
vof_hf,0.497665,0.000297989
vof_hf,0.497762,0.000302295
vof_hf,0.49786,0.000306587
vof_hf,0.497957,0.000310871
vof_hf,0.498054,0.000315152
vof_hf,0.498152,0.000319439
vof_hf,0.498249,0.000323736
vof_hf,0.498347,0.000328044
vof_hf,0.498444,0.000332368
vof_hf,0.498542,0.000336702
vof_hf,0.498639,0.000341042
vof_hf,0.498737,0.000345385
vof_hf,0.498834,0.000349728
vof_hf,0.498931,0.000354068
vof_hf,0.499029,0.000358406
vof_hf,0.499126,0.000362736
vof_hf,0.499224,0.000367057
vof_hf,0.499321,0.000371362
vof_hf,0.499419,0.000375647
vof_hf,0.499516,0.000379907
vof_hf,0.499614,0.000384143
vof_hf,0.499711,0.000388355
vof_hf,0.499809,0.000392545
vof_hf,0.499906,0.000396712
vof_hf,0.500003,0.000400854
vof_hf,0.500101,0.00040496
vof_hf,0.500198,0.000409032
vof_hf,0.500296,0.000413066
vof_hf,0.500393,0.000417056
vof_hf,0.500491,0.000421
vof_hf,0.500588,0.000424909
vof_hf,0.500686,0.000428783
vof_hf,0.500783,0.000432623
vof_hf,0.50088,0.00043643
vof_hf,0.500978,0.000440204
vof_hf,0.501075,0.000443948
vof_hf,0.501173,0.000447661
vof_hf,0.50127,0.000451346
vof_hf,0.501368,0.000455008
vof_hf,0.501465,0.000458647
vof_hf,0.501563,0.000462266
vof_hf,0.50166,0.00046586
vof_hf,0.501757,0.000469428
vof_hf,0.501855,0.000472962
vof_hf,0.501952,0.00047646
vof_hf,0.50205,0.000479914
vof_hf,0.502147,0.000483324
vof_hf,0.502245,0.000486684
vof_hf,0.502342,0.000489998
vof_hf,0.50244,0.000493264
vof_hf,0.502537,0.000496483
vof_hf,0.502634,0.000499654
vof_hf,0.502732,0.000502915
vof_hf,0.502829,0.000505998
vof_hf,0.502927,0.000509005
vof_hf,0.503024,0.000511962
vof_hf,0.503122,0.000514863
vof_hf,0.503219,0.000517707
vof_hf,0.503317,0.000520498
vof_hf,0.503414,0.000523238
vof_hf,0.503511,0.000525929
vof_hf,0.503609,0.000528571
vof_hf,0.503706,0.000531164
vof_hf,0.503804,0.000533704
vof_hf,0.503901,0.000536188
vof_hf,0.503999,0.000538627
vof_hf,0.504096,0.000540983
vof_hf,0.504194,0.000543287
vof_hf,0.504291,0.00054553
vof_hf,0.504388,0.000547712
vof_hf,0.504486,0.000549834
vof_hf,0.504583,0.000551894
vof_hf,0.504681,0.000553893
vof_hf,0.504778,0.00055583
vof_hf,0.504876,0.000557708
vof_hf,0.504973,0.000559525
vof_hf,0.505071,0.000561284
vof_hf,0.505168,0.000562982
vof_hf,0.505266,0.000564621
vof_hf,0.505363,0.000566197
vof_hf,0.50546,0.000567713
vof_hf,0.505558,0.000569164
vof_hf,0.505655,0.000570552
vof_hf,0.505753,0.000571874
vof_hf,0.50585,0.000573132
vof_hf,0.505948,0.000574324
vof_hf,0.506045,0.000575451
vof_hf,0.506143,0.000576511
vof_hf,0.50624,0.000577504
vof_hf,0.506337,0.000578429
vof_hf,0.506435,0.000579286
vof_hf,0.506532,0.000580074
vof_hf,0.50663,0.000580793
vof_hf,0.506727,0.000581442
vof_hf,0.506825,0.000582023
vof_hf,0.506922,0.000582533
vof_hf,0.50702,0.000582975
vof_hf,0.507117,0.00058335
vof_hf,0.507214,0.000583658
vof_hf,0.507312,0.000583898
vof_hf,0.507409,0.000584073
vof_hf,0.507507,0.000584183
vof_hf,0.507604,0.000584231
vof_hf,0.507702,0.000584245
vof_hf,0.507799,0.000584172
vof_hf,0.507897,0.000584038
vof_hf,0.507994,0.000583857
vof_hf,0.508091,0.00058362
vof_hf,0.508189,0.000583324
vof_hf,0.508286,0.000582964
vof_hf,0.508384,0.000582541
vof_hf,0.508481,0.000582049
vof_hf,0.508579,0.00058149
vof_hf,0.508676,0.000580863
vof_hf,0.508774,0.00058017
vof_hf,0.508871,0.000579411
vof_hf,0.508968,0.000578589
vof_hf,0.509066,0.000577703
vof_hf,0.509163,0.000576756
vof_hf,0.509261,0.000575747
vof_hf,0.509358,0.000574678
vof_hf,0.509456,0.000573547
vof_hf,0.509553,0.000572355
vof_hf,0.509651,0.000571101
vof_hf,0.509748,0.000569786
vof_hf,0.509846,0.000568407
vof_hf,0.509943,0.000566965
vof_hf,0.51004,0.000565456
vof_hf,0.510138,0.000563881
vof_hf,0.510235,0.000562237
vof_hf,0.510333,0.000560527
vof_hf,0.51043,0.00055875
vof_hf,0.510528,0.00055691
vof_hf,0.510625,0.000555007
vof_hf,0.510723,0.000553045
vof_hf,0.51082,0.000551027
vof_hf,0.510917,0.000548955
vof_hf,0.511015,0.00054683
vof_hf,0.511112,0.000544652
vof_hf,0.51121,0.000542421
vof_hf,0.511307,0.00054014
vof_hf,0.511405,0.000537807
vof_hf,0.511502,0.000535424
vof_hf,0.5116,0.000532993
vof_hf,0.511697,0.000530518
vof_hf,0.511794,0.000527997
vof_hf,0.511892,0.000525434
vof_hf,0.511989,0.000522826
vof_hf,0.512087,0.000520175
vof_hf,0.512184,0.000517478
vof_hf,0.512282,0.000514737
vof_hf,0.512379,0.000511946
vof_hf,0.512477,0.000509102
vof_hf,0.512574,0.000506203
vof_hf,0.512671,0.000503247
vof_hf,0.512769,0.000500233
vof_hf,0.512866,0.000497163
vof_hf,0.512964,0.000494038
vof_hf,0.513061,0.00049086
vof_hf,0.513159,0.00048763
vof_hf,0.513256,0.000484353
vof_hf,0.513354,0.00048103
vof_hf,0.513451,0.000477659
vof_hf,0.513548,0.000474247
vof_hf,0.513646,0.000470797
vof_hf,0.513743,0.000467327
vof_hf,0.513841,0.000463806
vof_hf,0.513938,0.000460255
vof_hf,0.514036,0.000456666
vof_hf,0.514133,0.000453048
vof_hf,0.514231,0.000449394
vof_hf,0.514328,0.000445708
vof_hf,0.514426,0.000441993
vof_hf,0.514523,0.000438246
vof_hf,0.51462,0.000434475
vof_hf,0.514718,0.000430673
vof_hf,0.514815,0.000426849
vof_hf,0.514913,0.000422997
vof_hf,0.51501,0.000419127
vof_hf,0.515108,0.000415231
vof_hf,0.515205,0.000411318
vof_hf,0.515303,0.000407379
vof_hf,0.5154,0.000403422
vof_hf,0.515497,0.000399439
vof_hf,0.515595,0.000395436
vof_hf,0.515692,0.00039139
vof_hf,0.51579,0.000387327
vof_hf,0.515887,0.00038324
vof_hf,0.515985,0.000379133
vof_hf,0.516082,0.000375001
vof_hf,0.51618,0.000370848
vof_hf,0.516277,0.000366667
vof_hf,0.516374,0.000362465
vof_hf,0.516472,0.000358233
vof_hf,0.516569,0.000353982
vof_hf,0.516667,0.000349705
vof_hf,0.516764,0.000345411
vof_hf,0.516862,0.000341095
vof_hf,0.516959,0.000336766
vof_hf,0.517057,0.000332421
vof_hf,0.517154,0.000328069
vof_hf,0.517251,0.000323707
vof_hf,0.517349,0.000319345
vof_hf,0.517446,0.000314978
vof_hf,0.517544,0.000310617
vof_hf,0.517641,0.000306256
vof_hf,0.517739,0.000301906
vof_hf,0.517836,0.000297559
vof_hf,0.517934,0.000293223
vof_hf,0.518031,0.000288891
vof_hf,0.518128,0.000284568
vof_hf,0.518226,0.000280248
vof_hf,0.518323,0.000275938
vof_hf,0.518421,0.00027163
vof_hf,0.518518,0.000267328
vof_hf,0.518616,0.000263028
vof_hf,0.518713,0.000258734
vof_hf,0.518811,0.000254443
vof_hf,0.518908,0.000250159
vof_hf,0.519006,0.00024666
vof_hf,0.519103,0.000241628
vof_hf,0.5192,0.00023737
vof_hf,0.519298,0.000233123
vof_hf,0.519395,0.000228884
vof_hf,0.519493,0.000224656
vof_hf,0.51959,0.000220438
vof_hf,0.519688,0.000216234
vof_hf,0.519785,0.000212043
vof_hf,0.519883,0.000207867
vof_hf,0.51998,0.000203705
vof_hf,0.520077,0.000199561
vof_hf,0.520175,0.000195433
vof_hf,0.520272,0.000191338
vof_hf,0.52037,0.000187249
vof_hf,0.520467,0.000183187
vof_hf,0.520565,0.000179149
vof_hf,0.520662,0.000175141
vof_hf,0.52076,0.000171163
vof_hf,0.520857,0.000167218
vof_hf,0.520954,0.000163308
vof_hf,0.521052,0.000159436
vof_hf,0.521149,0.000155602
vof_hf,0.521247,0.00015181
vof_hf,0.521344,0.000148058
vof_hf,0.521442,0.000144349
vof_hf,0.521539,0.000140682
vof_hf,0.521637,0.000137058
vof_hf,0.521734,0.000133476
vof_hf,0.521831,0.000129936
vof_hf,0.521929,0.000126438
vof_hf,0.522026,0.000122982
vof_hf,0.522124,0.000119567
vof_hf,0.522221,0.000116555
vof_hf,0.522319,0.000112862
vof_hf,0.522416,0.000109566
vof_hf,0.522514,0.000106307
vof_hf,0.522611,0.000103086
vof_hf,0.522708,9.99023e-05
vof_hf,0.522806,9.67555e-05
vof_hf,0.522903,9.36463e-05
vof_hf,0.523001,9.05748e-05
vof_hf,0.523098,8.75438e-05
vof_hf,0.523196,8.45555e-05
vof_hf,0.523293,8.16122e-05
vof_hf,0.523391,7.87167e-05
vof_hf,0.523488,7.58719e-05
vof_hf,0.523585,7.30806e-05
vof_hf,0.523683,7.03447e-05
vof_hf,0.52378,6.7667e-05
vof_hf,0.523878,6.50503e-05
vof_hf,0.523975,6.24939e-05
vof_hf,0.524073,5.99984e-05
vof_hf,0.52417,5.7567e-05
vof_hf,0.524268,5.51924e-05
vof_hf,0.524365,5.28778e-05
vof_hf,0.524463,5.06226e-05
vof_hf,0.52456,4.84264e-05
vof_hf,0.524657,4.62889e-05
vof_hf,0.524755,4.42097e-05
vof_hf,0.524852,4.21888e-05
vof_hf,0.52495,4.02261e-05
vof_hf,0.525047,3.832e-05
vof_hf,0.525145,3.64719e-05
vof_hf,0.525242,3.46815e-05
vof_hf,0.52534,3.29483e-05
vof_hf,0.525437,3.12716e-05
vof_hf,0.525534,2.96507e-05
vof_hf,0.525632,2.80848e-05
vof_hf,0.525729,2.65731e-05
vof_hf,0.525827,2.51153e-05
vof_hf,0.525924,2.37112e-05
vof_hf,0.526022,2.23613e-05
vof_hf,0.526119,2.10667e-05
vof_hf,0.526217,1.9829e-05
vof_hf,0.526314,1.86498e-05
vof_hf,0.526411,1.75315e-05
vof_hf,0.526509,1.64758e-05
vof_hf,0.526606,1.55175e-05
vof_hf,0.526704,1.45885e-05
vof_hf,0.526801,1.37266e-05
vof_hf,0.526899,1.2932e-05
vof_hf,0.526996,1.22045e-05
vof_hf,0.527094,1.15435e-05
vof_hf,0.527191,1.09487e-05
vof_hf,0.527288,1.04194e-05
vof_hf,0.527386,9.9554e-06
vof_hf,0.527483,9.55652e-06
vof_hf,0.527581,9.22303e-06
vof_hf,0.527678,8.95545e-06
vof_hf,0.527776,8.75452e-06
vof_hf,0.527873,8.62098e-06
vof_hf,0.527971,8.55559e-06
vof_hf,0.528068,8.55889e-06
vof_hf,0.528165,8.63033e-06
vof_hf,0.528263,8.77156e-06
vof_hf,0.52836,8.98127e-06
vof_hf,0.528458,9.25867e-06
vof_hf,0.528555,9.60271e-06
vof_hf,0.528653,1.0012e-05
vof_hf,0.52875,1.0485e-05
vof_hf,0.528848,1.10199e-05
vof_hf,0.528945,1.1615e-05
vof_hf,0.529043,1.22688e-05
vof_hf,0.52914,1.29798e-05
vof_hf,0.529237,1.3747e-05
vof_hf,0.529335,1.45695e-05
vof_hf,0.529432,1.54469e-05
vof_hf,0.52953,1.63793e-05
vof_hf,0.529627,1.73671e-05
vof_hf,0.529725,1.84107e-05
vof_hf,0.529822,1.95106e-05
vof_hf,0.52992,2.06679e-05
vof_hf,0.530017,2.18837e-05
vof_hf,0.530114,2.31589e-05
vof_hf,0.530212,2.44948e-05
vof_hf,0.530309,2.5892e-05
vof_hf,0.530407,2.73514e-05
vof_hf,0.530504,2.88733e-05
vof_hf,0.530602,3.04583e-05
vof_hf,0.530699,3.21062e-05
vof_hf,0.530797,3.3817e-05
vof_hf,0.530894,3.55907e-05
vof_hf,0.530991,3.74273e-05
vof_hf,0.531089,3.93265e-05
vof_hf,0.531186,4.12888e-05
vof_hf,0.531284,4.33142e-05
vof_hf,0.531381,4.5403e-05
vof_hf,0.531479,4.75554e-05
vof_hf,0.531576,4.97711e-05
vof_hf,0.531674,5.1927e-05
vof_hf,0.531771,5.42631e-05
vof_hf,0.531868,5.66604e-05
vof_hf,0.531966,5.91171e-05
vof_hf,0.532063,6.16315e-05
vof_hf,0.532161,6.42013e-05
vof_hf,0.532258,6.68241e-05
vof_hf,0.532356,6.94974e-05
vof_hf,0.532453,7.22189e-05
vof_hf,0.532551,7.49865e-05
vof_hf,0.532648,7.77985e-05
vof_hf,0.532745,8.06534e-05
vof_hf,0.532843,8.35504e-05
vof_hf,0.53294,8.64889e-05
vof_hf,0.533038,8.94689e-05
vof_hf,0.533135,9.24905e-05
vof_hf,0.533233,9.55542e-05
vof_hf,0.53333,9.86606e-05
vof_hf,0.533428,0.00010181
vof_hf,0.533525,0.000105005
vof_hf,0.533623,0.000108244
vof_hf,0.53372,0.000111529
vof_hf,0.533817,0.000114862
vof_hf,0.533915,0.000118242
vof_hf,0.534012,0.000121669
vof_hf,0.53411,0.000125145
vof_hf,0.534207,0.000128668
vof_hf,0.534305,0.000132239
vof_hf,0.534402,0.000135856
vof_hf,0.5345,0.000139517
vof_hf,0.534597,0.000143223
vof_hf,0.534694,0.000146969
vof_hf,0.534792,0.000150755
vof_hf,0.534889,0.000154577
vof_hf,0.534987,0.000158434
vof_hf,0.535084,0.000162323
vof_hf,0.535182,0.000166244
vof_hf,0.535279,0.000170193
vof_hf,0.535377,0.00017417
vof_hf,0.535474,0.000178173
vof_hf,0.535571,0.000182202
vof_hf,0.535669,0.000186254
vof_hf,0.535766,0.000190329
vof_hf,0.535864,0.000194427
vof_hf,0.535961,0.000198546
vof_hf,0.536059,0.000202685
vof_hf,0.536156,0.000206844
vof_hf,0.536254,0.000211022
vof_hf,0.536351,0.000215222
vof_hf,0.536448,0.00021944
vof_hf,0.536546,0.00022347
vof_hf,0.536643,0.000227605
vof_hf,0.536741,0.000231754
vof_hf,0.536838,0.000235865
vof_hf,0.536936,0.000239892
vof_hf,0.537033,0.000244202
vof_hf,0.537131,0.000248706
vof_hf,0.537228,0.000253216
vof_hf,0.537325,0.000257617
vof_hf,0.537423,0.000261922
vof_hf,0.53752,0.000266227
vof_hf,0.537618,0.000270612
vof_hf,0.537715,0.000275078
vof_hf,0.537813,0.000279561
vof_hf,0.53791,0.000283993
vof_hf,0.538008,0.000288348
vof_hf,0.538105,0.000292665
vof_hf,0.538203,0.000296954
vof_hf,0.5383,0.000301283
vof_hf,0.538397,0.000305637
vof_hf,0.538495,0.000309996
vof_hf,0.538592,0.000314335
vof_hf,0.53869,0.000318639
vof_hf,0.538787,0.000322914
vof_hf,0.538885,0.000327176
vof_hf,0.538982,0.000331437
vof_hf,0.53908,0.000335705
vof_hf,0.539177,0.000339974
vof_hf,0.539274,0.000344239
vof_hf,0.539372,0.000348494
vof_hf,0.539469,0.000352733
vof_hf,0.539567,0.000356961
vof_hf,0.539664,0.00036118
vof_hf,0.539762,0.000365388
vof_hf,0.539859,0.000369583
vof_hf,0.539957,0.000373762
vof_hf,0.540054,0.000377919
vof_hf,0.540151,0.000382048
vof_hf,0.540249,0.000386159
vof_hf,0.540346,0.000390247
vof_hf,0.540444,0.000394319
vof_hf,0.540541,0.000398372
vof_hf,0.540639,0.00040241
vof_hf,0.540736,0.000406433
vof_hf,0.540834,0.000410432
vof_hf,0.540931,0.000414403
vof_hf,0.541028,0.000418348
vof_hf,0.541126,0.000422259
vof_hf,0.541223,0.000426144
vof_hf,0.541321,0.000429991
vof_hf,0.541418,0.000433799
vof_hf,0.541516,0.000437586
vof_hf,0.541613,0.000441347
vof_hf,0.541711,0.000445076
vof_hf,0.541808,0.000448763
vof_hf,0.541905,0.000452432
vof_hf,0.542003,0.000456032
vof_hf,0.5421,0.00045959
vof_hf,0.542198,0.00046311
vof_hf,0.542295,0.000466592
vof_hf,0.542393,0.000470036
vof_hf,0.54249,0.000473435
vof_hf,0.542588,0.000476786
vof_hf,0.542685,0.000480082
vof_hf,0.542782,0.000483323
vof_hf,0.54288,0.000486508
vof_hf,0.542977,0.000489641
vof_hf,0.543075,0.000492725
vof_hf,0.543172,0.000495767
vof_hf,0.54327,0.000498771
vof_hf,0.543367,0.00050174
vof_hf,0.543465,0.000504671
vof_hf,0.543562,0.000507564
vof_hf,0.54366,0.000510412
vof_hf,0.543757,0.000513211
vof_hf,0.543854,0.000515956
vof_hf,0.543952,0.00051865
vof_hf,0.544049,0.000521292
vof_hf,0.544147,0.000523886
vof_hf,0.544244,0.000526432
vof_hf,0.544342,0.000528936
vof_hf,0.544439,0.000531399
vof_hf,0.544537,0.00053382
vof_hf,0.544634,0.000536195
vof_hf,0.544731,0.000538525
vof_hf,0.544829,0.000540805
vof_hf,0.544926,0.000543037
vof_hf,0.545024,0.000545214
vof_hf,0.545121,0.000547337
vof_hf,0.545219,0.000549401
vof_hf,0.545316,0.000551403
vof_hf,0.545414,0.000553341
vof_hf,0.545511,0.000555215
vof_hf,0.545608,0.000557022
vof_hf,0.545706,0.000558765
vof_hf,0.545803,0.000560441
vof_hf,0.545901,0.000562055
vof_hf,0.545998,0.000563605
vof_hf,0.546096,0.000565097
vof_hf,0.546193,0.000566531
vof_hf,0.546291,0.000567911
vof_hf,0.546388,0.000569237
vof_hf,0.546485,0.000570512
vof_hf,0.546583,0.000571736
vof_hf,0.54668,0.000572907
vof_hf,0.546778,0.00057402
vof_hf,0.546875,0.000575074
vof_hf,0.546973,0.000576065
vof_hf,0.54707,0.000576984
vof_hf,0.547168,0.000577833
vof_hf,0.547265,0.000578613
vof_hf,0.547362,0.000579324
vof_hf,0.54746,0.000579971
vof_hf,0.547557,0.000580553
vof_hf,0.547655,0.000581073
vof_hf,0.547752,0.000581532
vof_hf,0.54785,0.00058193
vof_hf,0.547947,0.000582264
vof_hf,0.548045,0.000582532
vof_hf,0.548142,0.000582732
vof_hf,0.54824,0.000582862
vof_hf,0.548337,0.00058292
vof_hf,0.548434,0.000582908
vof_hf,0.548532,0.000582825
vof_hf,0.548629,0.00058269
vof_hf,0.548727,0.000582485
vof_hf,0.548824,0.000582215
vof_hf,0.548922,0.000581878
vof_hf,0.549019,0.000581476
vof_hf,0.549117,0.000581007
vof_hf,0.549214,0.000580463
vof_hf,0.549311,0.000579859
vof_hf,0.549409,0.000579192
vof_hf,0.549506,0.000578462
vof_hf,0.549604,0.000577672
vof_hf,0.549701,0.000576822
vof_hf,0.549799,0.000575914
vof_hf,0.549896,0.000574945
vof_hf,0.549994,0.00057392
vof_hf,0.550091,0.000572836
vof_hf,0.550188,0.000571695
vof_hf,0.550286,0.000570495
vof_hf,0.550383,0.000569237
vof_hf,0.550481,0.000567918
vof_hf,0.550578,0.000566537
vof_hf,0.550676,0.000565093
vof_hf,0.550773,0.000563585
vof_hf,0.550871,0.00056201
vof_hf,0.550968,0.00056203
vof_hf,0.551065,0.000560317
vof_hf,0.551163,0.000558539
vof_hf,0.55126,0.000556693
vof_hf,0.551358,0.000554784
vof_hf,0.551455,0.000552812
vof_hf,0.551553,0.000550778
vof_hf,0.55165,0.000548684
vof_hf,0.551748,0.000546531
vof_hf,0.551845,0.000544319
vof_hf,0.551942,0.000542049
vof_hf,0.55204,0.00053972
vof_hf,0.552137,0.000537336
vof_hf,0.552235,0.000534892
vof_hf,0.552332,0.000532392
vof_hf,0.55243,0.000529832
vof_hf,0.552527,0.000527222
vof_hf,0.552625,0.000524556
vof_hf,0.552722,0.000521837
vof_hf,0.55282,0.000519062
vof_hf,0.552917,0.000516233
vof_hf,0.553014,0.00051335
vof_hf,0.553112,0.000510416
vof_hf,0.553209,0.000507429
vof_hf,0.553307,0.000504394
vof_hf,0.553404,0.00050131
vof_hf,0.553502,0.000498181
vof_hf,0.553599,0.000495008
vof_hf,0.553697,0.000491793
vof_hf,0.553794,0.000488535
vof_hf,0.553891,0.000485235
vof_hf,0.553989,0.000481891
vof_hf,0.554086,0.000478501
vof_hf,0.554184,0.000475064
vof_hf,0.554281,0.000471582
vof_hf,0.554379,0.000468054
vof_hf,0.554476,0.000464484
vof_hf,0.554574,0.000460867
vof_hf,0.554671,0.000457213
vof_hf,0.554768,0.00045352
vof_hf,0.554866,0.000449798
vof_hf,0.554963,0.000446041
vof_hf,0.555061,0.000442256
vof_hf,0.555158,0.000438438
vof_hf,0.555256,0.00043459
vof_hf,0.555353,0.000430707
vof_hf,0.555451,0.000426792
vof_hf,0.555548,0.000422839
vof_hf,0.555645,0.000418854
vof_hf,0.555743,0.000414832
vof_hf,0.55584,0.000410779
vof_hf,0.555938,0.000406694
vof_hf,0.556035,0.000402581
vof_hf,0.556133,0.000398441
vof_hf,0.55623,0.000394281
vof_hf,0.556328,0.000390099
vof_hf,0.556425,0.000385903
vof_hf,0.556522,0.000381705
vof_hf,0.55662,0.000377502
vof_hf,0.556717,0.000373291
vof_hf,0.556815,0.000369076
vof_hf,0.556912,0.000364852
vof_hf,0.55701,0.000360622
vof_hf,0.557107,0.000356382
vof_hf,0.557205,0.000352137
vof_hf,0.557302,0.000347882
vof_hf,0.5574,0.000343635
vof_hf,0.557497,0.000339369
vof_hf,0.557594,0.000335111
vof_hf,0.557692,0.000330836
vof_hf,0.557789,0.000326559
vof_hf,0.557887,0.000322278
vof_hf,0.557984,0.000317987
vof_hf,0.558082,0.000313694
vof_hf,0.558179,0.000308475
vof_hf,0.558277,0.000304176
vof_hf,0.558374,0.000299867
vof_hf,0.558471,0.000295547
vof_hf,0.558569,0.000291217
vof_hf,0.558666,0.00028688
vof_hf,0.558764,0.000282539
vof_hf,0.558861,0.000278195
vof_hf,0.558959,0.000273852
vof_hf,0.559056,0.000269515
vof_hf,0.559154,0.000265185
vof_hf,0.559251,0.000260871
vof_hf,0.559348,0.000256565
vof_hf,0.559446,0.000252275
vof_hf,0.559543,0.000248003
vof_hf,0.559641,0.000243752
vof_hf,0.559738,0.000239521
vof_hf,0.559836,0.000235312
vof_hf,0.559933,0.000231125
vof_hf,0.560031,0.00022696
vof_hf,0.560128,0.000222815
vof_hf,0.560225,0.00021869
vof_hf,0.560323,0.000214599
vof_hf,0.56042,0.000210511
vof_hf,0.560518,0.000206441
vof_hf,0.560615,0.000202388
vof_hf,0.560713,0.000198354
vof_hf,0.56081,0.000194339
vof_hf,0.560908,0.000190345
vof_hf,0.561005,0.000186376
vof_hf,0.561102,0.000182424
vof_hf,0.5612,0.000178497
vof_hf,0.561297,0.000174596
vof_hf,0.561395,0.00017072
vof_hf,0.561492,0.00016687
vof_hf,0.56159,0.000163046
vof_hf,0.561687,0.000159251
vof_hf,0.561785,0.000155483
vof_hf,0.561882,0.000151747
vof_hf,0.56198,0.000148044
vof_hf,0.562077,0.000144376
vof_hf,0.562174,0.000140746
vof_hf,0.562272,0.000137154
vof_hf,0.562369,0.000133601
vof_hf,0.562467,0.000130088
vof_hf,0.562564,0.000126615
vof_hf,0.562662,0.000123181
vof_hf,0.562759,0.000119786
vof_hf,0.562857,0.000116429
vof_hf,0.562954,0.00011311
vof_hf,0.563051,0.000109826
vof_hf,0.563149,0.000106582
vof_hf,0.563246,0.000103375
vof_hf,0.563344,0.000100207
vof_hf,0.563441,9.70657e-05
vof_hf,0.563539,9.39816e-05
vof_hf,0.563636,9.09414e-05
vof_hf,0.563734,8.79468e-05
vof_hf,0.563831,8.49995e-05
vof_hf,0.563928,8.21005e-05
vof_hf,0.564026,7.92508e-05
vof_hf,0.564123,7.64504e-05
vof_hf,0.564221,7.36999e-05
vof_hf,0.564318,7.09995e-05
vof_hf,0.564416,6.83498e-05
vof_hf,0.564513,6.57514e-05
vof_hf,0.564611,6.32054e-05
vof_hf,0.564708,6.0713e-05
vof_hf,0.564805,5.82754e-05
vof_hf,0.564903,5.58937e-05
vof_hf,0.565,5.35686e-05
vof_hf,0.565098,5.13004e-05
vof_hf,0.565195,4.90891e-05
vof_hf,0.565293,4.69301e-05
vof_hf,0.56539,4.48265e-05
vof_hf,0.565488,4.27772e-05
vof_hf,0.565585,4.07809e-05
vof_hf,0.565682,3.88368e-05
vof_hf,0.56578,3.69446e-05
vof_hf,0.565877,3.51044e-05
vof_hf,0.565975,3.33172e-05
vof_hf,0.566072,3.15843e-05
vof_hf,0.56617,2.99074e-05
vof_hf,0.566267,2.82883e-05
vof_hf,0.566365,2.6729e-05
vof_hf,0.566462,2.52312e-05
vof_hf,0.566559,2.37961e-05
vof_hf,0.566657,2.24248e-05
vof_hf,0.566754,2.11181e-05
vof_hf,0.566852,1.98767e-05
vof_hf,0.566949,1.87011e-05
vof_hf,0.567047,1.75919e-05
vof_hf,0.567144,1.65496e-05
vof_hf,0.567242,1.55744e-05
vof_hf,0.567339,1.46667e-05
vof_hf,0.567437,1.38435e-05
vof_hf,0.567534,1.30536e-05
vof_hf,0.567631,1.23473e-05
vof_hf,0.567729,1.17066e-05
vof_hf,0.567826,1.11305e-05
vof_hf,0.567924,1.06175e-05
vof_hf,0.568021,1.01661e-05
vof_hf,0.568119,9.77481e-06
vof_hf,0.568216,9.4426e-06
vof_hf,0.568314,9.16856e-06
vof_hf,0.568411,8.95221e-06
vof_hf,0.568508,8.79362e-06
vof_hf,0.568606,8.69323e-06
vof_hf,0.568703,8.6519e-06
vof_hf,0.568801,8.67082e-06
vof_hf,0.568898,8.75126e-06
vof_hf,0.568996,8.89462e-06
vof_hf,0.569093,9.10229e-06
vof_hf,0.569191,9.37551e-06
vof_hf,0.569288,9.71548e-06
vof_hf,0.569385,1.01233e-05
vof_hf,0.569483,1.05998e-05
vof_hf,0.56958,1.11458e-05
vof_hf,0.569678,1.17622e-05
vof_hf,0.569775,1.24495e-05
vof_hf,0.569873,1.3208e-05
vof_hf,0.56997,1.40378e-05
vof_hf,0.570068,1.49385e-05
vof_hf,0.570165,1.59095e-05
vof_hf,0.570262,1.69495e-05
vof_hf,0.57036,1.80578e-05
vof_hf,0.570457,1.92315e-05
vof_hf,0.570555,2.04687e-05
vof_hf,0.570652,2.17668e-05
vof_hf,0.57075,2.31237e-05
vof_hf,0.570847,2.45376e-05
vof_hf,0.570945,2.60071e-05
vof_hf,0.571042,2.75314e-05
vof_hf,0.571139,2.91103e-05
vof_hf,0.571237,3.07438e-05
vof_hf,0.571334,3.24323e-05
vof_hf,0.571432,3.41769e-05
vof_hf,0.571529,3.59779e-05
vof_hf,0.571627,3.7836e-05
vof_hf,0.571724,3.97524e-05
vof_hf,0.571822,4.17278e-05
vof_hf,0.571919,4.37612e-05
vof_hf,0.572017,4.58526e-05
vof_hf,0.572114,4.80018e-05
vof_hf,0.572211,5.02085e-05
vof_hf,0.572309,5.24726e-05
vof_hf,0.572406,5.4794e-05
vof_hf,0.572504,5.71724e-05
vof_hf,0.572601,5.96075e-05
vof_hf,0.572699,6.20992e-05
vof_hf,0.572796,6.46468e-05
vof_hf,0.572894,6.72496e-05
vof_hf,0.572991,6.99064e-05
vof_hf,0.573088,7.26158e-05
vof_hf,0.573186,7.53746e-05
vof_hf,0.573283,7.81827e-05
vof_hf,0.573381,8.10383e-05
vof_hf,0.573478,8.39401e-05
vof_hf,0.573576,8.6887e-05
vof_hf,0.573673,8.98784e-05
vof_hf,0.573771,9.29139e-05
vof_hf,0.573868,9.59937e-05
vof_hf,0.573965,9.91178e-05
vof_hf,0.574063,0.000102287
vof_hf,0.57416,0.000105501
vof_hf,0.574258,0.00010876
vof_hf,0.574355,0.000112064
vof_hf,0.574453,0.000115413
vof_hf,0.57455,0.000118806
vof_hf,0.574648,0.000122242
vof_hf,0.574745,0.000125721
vof_hf,0.574842,0.000129241
vof_hf,0.57494,0.000132802
vof_hf,0.575037,0.000136403
vof_hf,0.575135,0.000140042
vof_hf,0.575232,0.000143718
vof_hf,0.57533,0.000147431
vof_hf,0.575427,0.000151178
vof_hf,0.575525,0.00015496
vof_hf,0.575622,0.000158774
vof_hf,0.575719,0.000162619
vof_hf,0.575817,0.000166493
vof_hf,0.575914,0.000170394
vof_hf,0.576012,0.000174322
vof_hf,0.576109,0.000178275
vof_hf,0.576207,0.000182251
vof_hf,0.576304,0.00018625
vof_hf,0.576402,0.000190273
vof_hf,0.576499,0.000194318
vof_hf,0.576597,0.000198386
vof_hf,0.576694,0.000202477
vof_hf,0.576791,0.00020659
vof_hf,0.576889,0.000210727
vof_hf,0.576986,0.000214887
vof_hf,0.577084,0.000219069
vof_hf,0.577181,0.000223273
vof_hf,0.577279,0.000227498
vof_hf,0.577376,0.000231742
vof_hf,0.577474,0.000236007
vof_hf,0.577571,0.000240289
vof_hf,0.577668,0.000244588
vof_hf,0.577766,0.0002489
vof_hf,0.577863,0.000253225
vof_hf,0.577961,0.000257561
vof_hf,0.578058,0.000261904
vof_hf,0.578156,0.000266255
vof_hf,0.578253,0.000270608
vof_hf,0.578351,0.000274964
vof_hf,0.578448,0.000279322
vof_hf,0.578545,0.000283677
vof_hf,0.578643,0.000288029
vof_hf,0.57874,0.000292377
vof_hf,0.578838,0.000296723
vof_hf,0.578935,0.000301063
vof_hf,0.579033,0.000305398
vof_hf,0.57913,0.000309727
vof_hf,0.579228,0.000314052
vof_hf,0.579325,0.000318372
vof_hf,0.579422,0.000322689
vof_hf,0.57952,0.000327002
vof_hf,0.579617,0.00033131
vof_hf,0.579715,0.000335616
vof_hf,0.579812,0.000339917
vof_hf,0.57991,0.000344213
vof_hf,0.580007,0.000348504
vof_hf,0.580105,0.00035279
vof_hf,0.580202,0.000357071
vof_hf,0.580299,0.000361344
vof_hf,0.580397,0.000365721
vof_hf,0.580494,0.000369971
vof_hf,0.580592,0.000374206
vof_hf,0.580689,0.000378426
vof_hf,0.580787,0.000382626
vof_hf,0.580884,0.000386807
vof_hf,0.580982,0.000390964
vof_hf,0.581079,0.000395097
vof_hf,0.581177,0.000399202
vof_hf,0.581274,0.000403279
vof_hf,0.581371,0.000407325
vof_hf,0.581469,0.000411339
vof_hf,0.581566,0.000415331
vof_hf,0.581664,0.000419265
vof_hf,0.581761,0.000423173
vof_hf,0.581859,0.000427052
vof_hf,0.581956,0.0004309
vof_hf,0.582054,0.000434717
vof_hf,0.582151,0.000438502
vof_hf,0.582248,0.000442257
vof_hf,0.582346,0.000445981
vof_hf,0.582443,0.000449676
vof_hf,0.582541,0.000453342
vof_hf,0.582638,0.000456976
vof_hf,0.582736,0.000460579
vof_hf,0.582833,0.00046415
vof_hf,0.582931,0.000467685
vof_hf,0.583028,0.000471185
vof_hf,0.583125,0.000474646
vof_hf,0.583223,0.000478069
vof_hf,0.58332,0.00048145
vof_hf,0.583418,0.000484789
vof_hf,0.583515,0.000488084
vof_hf,0.583613,0.000491346
vof_hf,0.58371,0.000494542
vof_hf,0.583808,0.000497698
vof_hf,0.583905,0.000500806
vof_hf,0.584002,0.000503865
vof_hf,0.5841,0.000506874
vof_hf,0.584197,0.000509833
vof_hf,0.584295,0.000512741
vof_hf,0.584392,0.000515599
vof_hf,0.58449,0.000518403
vof_hf,0.584587,0.000521157
vof_hf,0.584685,0.000523859
vof_hf,0.584782,0.000526509
vof_hf,0.584879,0.000529106
vof_hf,0.584977,0.000531652
vof_hf,0.585074,0.000534154
vof_hf,0.585172,0.00053658
vof_hf,0.585269,0.000538957
vof_hf,0.585367,0.00054128
vof_hf,0.585464,0.000543544
vof_hf,0.585562,0.000545749
vof_hf,0.585659,0.000547895
vof_hf,0.585756,0.000549979
vof_hf,0.585854,0.000552001
vof_hf,0.585951,0.000553961
vof_hf,0.586049,0.000555856
vof_hf,0.586146,0.000557689
vof_hf,0.586244,0.000559457
vof_hf,0.586341,0.000561163
vof_hf,0.586439,0.000562806
vof_hf,0.586536,0.000564388
vof_hf,0.586634,0.000565909
vof_hf,0.586731,0.000567372
vof_hf,0.586828,0.000568776
vof_hf,0.586926,0.000570124
vof_hf,0.587023,0.000571414
vof_hf,0.587121,0.000572649
vof_hf,0.587218,0.000573827
vof_hf,0.587316,0.00057495
vof_hf,0.587413,0.000576014
vof_hf,0.587511,0.000577022
vof_hf,0.587608,0.000577969
vof_hf,0.587705,0.000578856
vof_hf,0.587803,0.000579679
vof_hf,0.5879,0.000580439
vof_hf,0.587998,0.000581134
vof_hf,0.588095,0.000581762
vof_hf,0.588193,0.000582322
vof_hf,0.58829,0.000582812
vof_hf,0.588388,0.000583232
vof_hf,0.588485,0.000583579
vof_hf,0.588582,0.000583853
vof_hf,0.58868,0.000584054
vof_hf,0.588777,0.00058418
vof_hf,0.588875,0.000584235
vof_hf,0.588972,0.000584216
vof_hf,0.58907,0.000584127
vof_hf,0.589167,0.000583969
vof_hf,0.589265,0.000583742
vof_hf,0.589362,0.000583464
vof_hf,0.589459,0.000583109
vof_hf,0.589557,0.000582692
vof_hf,0.589654,0.000582252
vof_hf,0.589752,0.000581768
vof_hf,0.589849,0.000581226
vof_hf,0.589947,0.000580605
vof_hf,0.590044,0.000579836
vof_hf,0.590142,0.000579036
vof_hf,0.590239,0.000578197
vof_hf,0.590336,0.000577297
vof_hf,0.590434,0.000576325
vof_hf,0.590531,0.000575277
vof_hf,0.590629,0.000574167
vof_hf,0.590726,0.000573
vof_hf,0.590824,0.000571777
vof_hf,0.590921,0.000570499
vof_hf,0.591019,0.000569157
vof_hf,0.591116,0.00056775
vof_hf,0.591214,0.000566283
vof_hf,0.591311,0.00056476
vof_hf,0.591408,0.000563183
vof_hf,0.591506,0.000561546
vof_hf,0.591603,0.000559846
vof_hf,0.591701,0.000558075
vof_hf,0.591798,0.000556235
vof_hf,0.591896,0.000554327
vof_hf,0.591993,0.000552355
vof_hf,0.592091,0.000550321
vof_hf,0.592188,0.000548226
vof_hf,0.592285,0.000546068
vof_hf,0.592383,0.000543856
vof_hf,0.59248,0.000541589
vof_hf,0.592578,0.000539266
vof_hf,0.592675,0.000536896
vof_hf,0.592773,0.000534472
vof_hf,0.59287,0.000531994
vof_hf,0.592968,0.000529462
vof_hf,0.593065,0.000526876
vof_hf,0.593162,0.000524235
vof_hf,0.59326,0.000521548
vof_hf,0.593357,0.00051881
vof_hf,0.593455,0.00051602
vof_hf,0.593552,0.00051318
vof_hf,0.59365,0.000510287
vof_hf,0.593747,0.000507344
vof_hf,0.593845,0.00050435
vof_hf,0.593942,0.000501307
vof_hf,0.594039,0.000498215
vof_hf,0.594137,0.000495079
vof_hf,0.594234,0.000491899
vof_hf,0.594332,0.000488678
vof_hf,0.594429,0.000485416
vof_hf,0.594527,0.000482118
vof_hf,0.594624,0.000478782
vof_hf,0.594722,0.00047541
vof_hf,0.594819,0.000472002
vof_hf,0.594916,0.000468556
vof_hf,0.595014,0.000465075
vof_hf,0.595111,0.000461562
vof_hf,0.595209,0.000458013
vof_hf,0.595306,0.000454433
vof_hf,0.595404,0.000450821
vof_hf,0.595501,0.000447174
vof_hf,0.595599,0.000443488
vof_hf,0.595696,0.000439773
vof_hf,0.595794,0.000436019
vof_hf,0.595891,0.000432236
vof_hf,0.595988,0.000428415
vof_hf,0.596086,0.000424565
vof_hf,0.596183,0.00042068
vof_hf,0.596281,0.000416768
vof_hf,0.596378,0.000412823
vof_hf,0.596476,0.000408855
vof_hf,0.596573,0.000404856
vof_hf,0.596671,0.000400836
vof_hf,0.596768,0.000396789
vof_hf,0.596865,0.000392736
vof_hf,0.596963,0.000388662
vof_hf,0.59706,0.000384596
vof_hf,0.597158,0.000380505
vof_hf,0.597255,0.000376394
vof_hf,0.597353,0.000372254
vof_hf,0.59745,0.00036809
vof_hf,0.597548,0.000363918
vof_hf,0.597645,0.00035974
vof_hf,0.597742,0.000355513
vof_hf,0.59784,0.000351283
vof_hf,0.597937,0.000346996
vof_hf,0.598035,0.000342662
vof_hf,0.598132,0.000338296
vof_hf,0.59823,0.000333934
vof_hf,0.598327,0.000329583
vof_hf,0.598425,0.000325245
vof_hf,0.598522,0.0003209
vof_hf,0.598619,0.000316553
vof_hf,0.598717,0.000312202
vof_hf,0.598814,0.000307866
vof_hf,0.598912,0.000303551
vof_hf,0.599009,0.000299251
vof_hf,0.599107,0.000294954
vof_hf,0.599204,0.000290645
vof_hf,0.599302,0.00028632
vof_hf,0.599399,0.000281989
vof_hf,0.599496,0.000277646
vof_hf,0.599594,0.000273305
vof_hf,0.599691,0.000268973
vof_hf,0.599789,0.000264655
vof_hf,0.599886,0.00026035
vof_hf,0.599984,0.000256058
vof_hf,0.600081,0.00025178
vof_hf,0.600179,0.000247518
vof_hf,0.600276,0.000243273
vof_hf,0.600374,0.000239046
vof_hf,0.600471,0.00023484
vof_hf,0.600568,0.000230653
vof_hf,0.600666,0.000226483
vof_hf,0.600763,0.000222328
vof_hf,0.600861,0.000218185
vof_hf,0.600958,0.000214052
vof_hf,0.601056,0.000209925
vof_hf,0.601153,0.000205802
vof_hf,0.601251,0.000201684
vof_hf,0.601348,0.000197573
vof_hf,0.601445,0.00019347
vof_hf,0.601543,0.000189381
vof_hf,0.60164,0.000185307
vof_hf,0.601738,0.00018125
vof_hf,0.601835,0.000177212
vof_hf,0.601933,0.000173195
vof_hf,0.60203,0.000169203
vof_hf,0.602128,0.000165242
vof_hf,0.602225,0.000161823
vof_hf,0.602322,0.000157442
vof_hf,0.60242,0.000153607
vof_hf,0.602517,0.000149824
vof_hf,0.602615,0.000146096
vof_hf,0.602712,0.000142416
vof_hf,0.60281,0.000138784
vof_hf,0.602907,0.0001352
vof_hf,0.603005,0.000131659
vof_hf,0.603102,0.000128164
vof_hf,0.603199,0.000124713
vof_hf,0.603297,0.000121307
vof_hf,0.603394,0.000117944
vof_hf,0.603492,0.000114979
vof_hf,0.603589,0.000111355
vof_hf,0.603687,0.000108116
vof_hf,0.603784,0.000104916
vof_hf,0.603882,0.000101754
vof_hf,0.603979,9.86287e-05
vof_hf,0.604076,9.55418e-05
vof_hf,0.604174,9.24945e-05
vof_hf,0.604271,8.94882e-05
vof_hf,0.604369,8.6524e-05
vof_hf,0.604466,8.36628e-05
vof_hf,0.604564,8.09341e-05
vof_hf,0.604661,7.8286e-05
vof_hf,0.604759,7.56821e-05
vof_hf,0.604856,7.31223e-05
vof_hf,0.604953,7.08413e-05
vof_hf,0.605051,6.84211e-05
vof_hf,0.605148,6.58775e-05
vof_hf,0.605246,6.35333e-05
vof_hf,0.605343,6.11709e-05
vof_hf,0.605441,5.86612e-05
vof_hf,0.605538,5.60412e-05
vof_hf,0.605636,5.34504e-05
vof_hf,0.605733,5.10094e-05
vof_hf,0.605831,4.87446e-05
vof_hf,0.605928,4.65961e-05
vof_hf,0.606025,4.4485e-05
vof_hf,0.606123,4.23706e-05
vof_hf,0.60622,4.02684e-05
vof_hf,0.606318,3.82227e-05
vof_hf,0.606415,3.61819e-05
vof_hf,0.606513,3.43405e-05
vof_hf,0.60661,3.25889e-05
vof_hf,0.606708,3.09124e-05
vof_hf,0.606805,2.93076e-05
vof_hf,0.606902,2.77808e-05
vof_hf,0.607,2.63366e-05
vof_hf,0.607097,2.4972e-05
vof_hf,0.607195,2.36676e-05
vof_hf,0.607292,2.24062e-05
vof_hf,0.60739,2.11796e-05
vof_hf,0.607487,1.99973e-05
vof_hf,0.607585,1.88749e-05
vof_hf,0.607682,1.78246e-05
vof_hf,0.607779,1.68488e-05
vof_hf,0.607877,1.5941e-05
vof_hf,0.607974,1.50923e-05
vof_hf,0.608072,1.42993e-05
vof_hf,0.608169,1.35659e-05
vof_hf,0.608267,1.29005e-05
vof_hf,0.608364,1.23109e-05
vof_hf,0.608462,1.17998e-05
vof_hf,0.608559,1.13647e-05
vof_hf,0.608656,1.09991e-05
vof_hf,0.608754,1.06957e-05
vof_hf,0.608851,1.04469e-05
vof_hf,0.608949,1.02461e-05
vof_hf,0.609046,1.00882e-05
vof_hf,0.609144,9.97028e-06
vof_hf,0.609241,9.89414e-06
vof_hf,0.609339,9.86637e-06
vof_hf,0.609436,9.89684e-06
vof_hf,0.609533,9.99526e-06
vof_hf,0.609631,1.01676e-05
vof_hf,0.609728,1.04145e-05
vof_hf,0.609826,1.07324e-05
vof_hf,0.609923,1.11178e-05
vof_hf,0.610021,1.157e-05
vof_hf,0.610118,1.20941e-05
vof_hf,0.610216,1.2701e-05
vof_hf,0.610313,1.33991e-05
vof_hf,0.610411,1.41957e-05
vof_hf,0.610508,1.50951e-05
vof_hf,0.610605,1.609e-05
vof_hf,0.610703,1.71697e-05
vof_hf,0.6108,1.83205e-05
vof_hf,0.610898,1.95285e-05
vof_hf,0.610995,2.07818e-05
vof_hf,0.611093,2.20725e-05
vof_hf,0.61119,2.33975e-05
vof_hf,0.611288,2.47575e-05
vof_hf,0.611385,2.61567e-05
vof_hf,0.611482,2.76007e-05
vof_hf,0.61158,2.90941e-05
vof_hf,0.611677,3.06398e-05
vof_hf,0.611775,3.22393e-05
vof_hf,0.611872,3.38944e-05
vof_hf,0.61197,3.56082e-05
vof_hf,0.612067,3.73862e-05
vof_hf,0.612165,3.92348e-05
vof_hf,0.612262,4.116e-05
vof_hf,0.612359,4.31643e-05
vof_hf,0.612457,4.52454e-05
vof_hf,0.612554,4.73973e-05
vof_hf,0.612652,4.97285e-05
vof_hf,0.612749,5.20087e-05
vof_hf,0.612847,5.43452e-05
vof_hf,0.612944,5.67383e-05
vof_hf,0.613042,5.91913e-05
vof_hf,0.613139,6.17085e-05
vof_hf,0.613236,6.42913e-05
vof_hf,0.613334,6.6941e-05
vof_hf,0.613431,6.96537e-05
vof_hf,0.613529,7.2425e-05
vof_hf,0.613626,7.52499e-05
vof_hf,0.613724,7.79143e-05
vof_hf,0.613821,8.08236e-05
vof_hf,0.613919,8.37738e-05
vof_hf,0.614016,8.67616e-05
vof_hf,0.614113,8.97842e-05
vof_hf,0.614211,9.28394e-05
vof_hf,0.614308,9.59262e-05
vof_hf,0.614406,9.90454e-05
vof_hf,0.614503,0.000102205
vof_hf,0.614601,0.000105406
vof_hf,0.614698,0.000108653
vof_hf,0.614796,0.000111945
vof_hf,0.614893,0.000115283
vof_hf,0.614991,0.000118662
vof_hf,0.615088,0.000122078
vof_hf,0.615185,0.000125525
vof_hf,0.615283,0.000128999
vof_hf,0.61538,0.000132496
vof_hf,0.615478,0.000136018
vof_hf,0.615575,0.000139568
vof_hf,0.615673,0.000143154
vof_hf,0.61577,0.000146782
vof_hf,0.615868,0.000150454
vof_hf,0.615965,0.000154173
vof_hf,0.616062,0.000157935
vof_hf,0.61616,0.000161739
vof_hf,0.616257,0.000165582
vof_hf,0.616355,0.000169462
vof_hf,0.616452,0.00017338
vof_hf,0.61655,0.000177861
vof_hf,0.616647,0.000181875
vof_hf,0.616745,0.000185933
vof_hf,0.616842,0.000190032
vof_hf,0.616939,0.000194168
vof_hf,0.617037,0.000198337
vof_hf,0.617134,0.000202532
vof_hf,0.617232,0.000206749
vof_hf,0.617329,0.000210984
vof_hf,0.617427,0.000215235
vof_hf,0.617524,0.000219499
vof_hf,0.617622,0.000223774
vof_hf,0.617719,0.000228059
vof_hf,0.617816,0.000232353
vof_hf,0.617914,0.000236657
vof_hf,0.618011,0.000240961
vof_hf,0.618109,0.000245275
vof_hf,0.618206,0.000249598
vof_hf,0.618304,0.000253928
vof_hf,0.618401,0.000258265
vof_hf,0.618499,0.00026261
vof_hf,0.618596,0.000266961
vof_hf,0.618693,0.000271317
vof_hf,0.618791,0.000275676
vof_hf,0.618888,0.000280036
vof_hf,0.618986,0.000284398
vof_hf,0.619083,0.00028876
vof_hf,0.619181,0.000293121
vof_hf,0.619278,0.000297478
vof_hf,0.619376,0.00030183
vof_hf,0.619473,0.000306175
vof_hf,0.619571,0.000310515
vof_hf,0.619668,0.000314849
vof_hf,0.619765,0.000319184
vof_hf,0.619863,0.000323518
vof_hf,0.61996,0.000327865
vof_hf,0.620058,0.000332216
vof_hf,0.620155,0.00033657
vof_hf,0.620253,0.000340926
vof_hf,0.62035,0.000345284
vof_hf,0.620448,0.000349642
vof_hf,0.620545,0.000353998
vof_hf,0.620642,0.000358352
vof_hf,0.62074,0.000362704
vof_hf,0.620837,0.000367052
vof_hf,0.620935,0.000371393
vof_hf,0.621032,0.000375704
vof_hf,0.62113,0.000380015
vof_hf,0.621227,0.000384293
vof_hf,0.621325,0.000388524
vof_hf,0.621422,0.000392704
vof_hf,0.621519,0.000396843
vof_hf,0.621617,0.000400949
vof_hf,0.621714,0.000405028
vof_hf,0.621812,0.000409098
vof_hf,0.621909,0.000413105
vof_hf,0.622007,0.000417018
vof_hf,0.622104,0.000420862
vof_hf,0.622202,0.000424677
vof_hf,0.622299,0.000428501
vof_hf,0.622396,0.000432346
vof_hf,0.622494,0.000436151
vof_hf,0.622591,0.00043996
vof_hf,0.622689,0.000443762
vof_hf,0.622786,0.000447554
vof_hf,0.622884,0.000451335
vof_hf,0.622981,0.000455096
vof_hf,0.623079,0.000458824
vof_hf,0.623176,0.000462505
vof_hf,0.623273,0.000466134
vof_hf,0.623371,0.000469714
vof_hf,0.623468,0.000473252
vof_hf,0.623566,0.000476756
vof_hf,0.623663,0.000480301
vof_hf,0.623761,0.000483732
vof_hf,0.623858,0.000487119
vof_hf,0.623956,0.000490455
vof_hf,0.624053,0.000493738
vof_hf,0.62415,0.000496961
vof_hf,0.624248,0.000500123
vof_hf,0.624345,0.000503219
vof_hf,0.624443,0.000506249
vof_hf,0.62454,0.000509213
vof_hf,0.624638,0.000512118
vof_hf,0.624735,0.000514971
vof_hf,0.624833,0.000517779
vof_hf,0.62493,0.000520543
vof_hf,0.625028,0.000523266
vof_hf,0.625125,0.000525945
vof_hf,0.625222,0.000528597
vof_hf,0.62532,0.000531192
vof_hf,0.625417,0.000533743
vof_hf,0.625515,0.000536244
vof_hf,0.625612,0.000538694
vof_hf,0.62571,0.000541089
vof_hf,0.625807,0.000543433
vof_hf,0.625905,0.000545724
vof_hf,0.626002,0.000547868
vof_hf,0.626099,0.000550061
vof_hf,0.626197,0.000552208
vof_hf,0.626294,0.000554308
vof_hf,0.626392,0.000556356
vof_hf,0.626489,0.000558347
vof_hf,0.626587,0.000560279
vof_hf,0.626684,0.00056215
vof_hf,0.626782,0.000563961
vof_hf,0.626879,0.000565714
vof_hf,0.626976,0.000567434
vof_hf,0.627074,0.000569064
vof_hf,0.627171,0.000570648
vof_hf,0.627269,0.00057217
vof_hf,0.627366,0.000573626
vof_hf,0.627464,0.000575009
vof_hf,0.627561,0.000576314
vof_hf,0.627659,0.000577539
vof_hf,0.627756,0.000578683
vof_hf,0.627853,0.000579828
vof_hf,0.627951,0.000580927
vof_hf,0.628048,0.000581956
vof_hf,0.628146,0.000582903
vof_hf,0.628243,0.000583775
vof_hf,0.628341,0.000584589
vof_hf,0.628438,0.000585229
vof_hf,0.628536,0.000585864
vof_hf,0.628633,0.000586393
vof_hf,0.62873,0.000586783
vof_hf,0.628828,0.00058704
vof_hf,0.628925,0.000587222
vof_hf,0.629023,0.000587384
vof_hf,0.62912,0.000587564
vof_hf,0.629218,0.000587723
vof_hf,0.629315,0.000587842
vof_hf,0.629413,0.000587905
vof_hf,0.62951,0.000587916
vof_hf,0.629608,0.00058787
vof_hf,0.629705,0.000587781
vof_hf,0.629802,0.000587628
vof_hf,0.6299,0.000587396
vof_hf,0.629997,0.000587066
vof_hf,0.630095,0.000584787
vof_hf,0.630192,0.000584267
vof_hf,0.63029,0.000583674
vof_hf,0.630387,0.000583017
vof_hf,0.630485,0.000582309
vof_hf,0.630582,0.000581561
vof_hf,0.630679,0.000580757
vof_hf,0.630777,0.000579889
vof_hf,0.630874,0.000578955
vof_hf,0.630972,0.000577953
vof_hf,0.631069,0.000576883
vof_hf,0.631167,0.000575739
vof_hf,0.631264,0.000574529
vof_hf,0.631362,0.000573238
vof_hf,0.631459,0.000571889
vof_hf,0.631556,0.000570472
vof_hf,0.631654,0.000568993
vof_hf,0.631751,0.000567465
vof_hf,0.631849,0.000565852
vof_hf,0.631946,0.00056416
vof_hf,0.632044,0.00056241
vof_hf,0.632141,0.000560593
vof_hf,0.632239,0.000558714
vof_hf,0.632336,0.000556777
vof_hf,0.632433,0.000554787
vof_hf,0.632531,0.000552746
vof_hf,0.632628,0.000550657
vof_hf,0.632726,0.000548523
vof_hf,0.632823,0.000546346
vof_hf,0.632921,0.000544126
vof_hf,0.633018,0.000541865
vof_hf,0.633116,0.000539563
vof_hf,0.633213,0.00053722
vof_hf,0.63331,0.000534831
vof_hf,0.633408,0.000532399
vof_hf,0.633505,0.000529907
vof_hf,0.633603,0.000527368
vof_hf,0.6337,0.00052477
vof_hf,0.633798,0.000522109
vof_hf,0.633895,0.000519377
vof_hf,0.633993,0.000516576
vof_hf,0.63409,0.000513706
vof_hf,0.634188,0.000510771
vof_hf,0.634285,0.000507774
vof_hf,0.634382,0.000504717
vof_hf,0.63448,0.000501604
vof_hf,0.634577,0.000498438
vof_hf,0.634675,0.000495223
vof_hf,0.634772,0.000491963
vof_hf,0.63487,0.00048866
vof_hf,0.634967,0.000485317
vof_hf,0.635065,0.000481935
vof_hf,0.635162,0.000478516
vof_hf,0.635259,0.000475058
vof_hf,0.635357,0.000471565
vof_hf,0.635454,0.000468039
vof_hf,0.635552,0.000464479
vof_hf,0.635649,0.000460894
vof_hf,0.635747,0.000457281
vof_hf,0.635844,0.000453646
vof_hf,0.635942,0.000449977
vof_hf,0.636039,0.000446287
vof_hf,0.636136,0.000442566
vof_hf,0.636234,0.000438819
vof_hf,0.636331,0.000435035
vof_hf,0.636429,0.00043122
vof_hf,0.636526,0.000427436
vof_hf,0.636624,0.000423636
vof_hf,0.636721,0.000419788
vof_hf,0.636819,0.00041589
vof_hf,0.636916,0.000411945
vof_hf,0.637013,0.000407963
vof_hf,0.637111,0.000403873
vof_hf,0.637208,0.000399841
vof_hf,0.637306,0.000395801
vof_hf,0.637403,0.000391717
vof_hf,0.637501,0.00038758
vof_hf,0.637598,0.000383426
vof_hf,0.637696,0.000379232
vof_hf,0.637793,0.00037507
vof_hf,0.63789,0.000370932
vof_hf,0.637988,0.000366773
vof_hf,0.638085,0.000362577
vof_hf,0.638183,0.000358343
vof_hf,0.63828,0.000354084
vof_hf,0.638378,0.000349812
vof_hf,0.638475,0.000345529
vof_hf,0.638573,0.000341232
vof_hf,0.63867,0.000336916
vof_hf,0.638768,0.000332581
vof_hf,0.638865,0.000328232
vof_hf,0.638962,0.000323885
vof_hf,0.63906,0.000319534
vof_hf,0.639157,0.000315188
vof_hf,0.639255,0.000310853
vof_hf,0.639352,0.000306529
vof_hf,0.63945,0.000302218
vof_hf,0.639547,0.000297917
vof_hf,0.639645,0.000293625
vof_hf,0.639742,0.000290253
vof_hf,0.639839,0.000285947
vof_hf,0.639937,0.000280749
vof_hf,0.640034,0.000276435
vof_hf,0.640132,0.000272112
vof_hf,0.640229,0.000267784
vof_hf,0.640327,0.000263455
vof_hf,0.640424,0.00025913
vof_hf,0.640522,0.00025481
vof_hf,0.640619,0.000250506
vof_hf,0.640716,0.000246208
vof_hf,0.640814,0.000241923
vof_hf,0.640911,0.000237655
vof_hf,0.641009,0.000233404
vof_hf,0.641106,0.000229169
vof_hf,0.641204,0.000224948
vof_hf,0.641301,0.000220741
vof_hf,0.641399,0.000216548
vof_hf,0.641496,0.000212369
vof_hf,0.641593,0.000208209
vof_hf,0.641691,0.000204073
vof_hf,0.641788,0.000199968
vof_hf,0.641886,0.000195897
vof_hf,0.641983,0.000191863
vof_hf,0.642081,0.000187866
vof_hf,0.642178,0.000183904
vof_hf,0.642276,0.000179973
vof_hf,0.642373,0.000176069
vof_hf,0.64247,0.000172189
vof_hf,0.642568,0.000168333
vof_hf,0.642665,0.000164501
vof_hf,0.642763,0.000160697
vof_hf,0.64286,0.000156923
vof_hf,0.642958,0.000153183
vof_hf,0.643055,0.00014948
vof_hf,0.643153,0.000145815
vof_hf,0.64325,0.00014219
vof_hf,0.643347,0.000138604
vof_hf,0.643445,0.000135056
vof_hf,0.643542,0.000131941
vof_hf,0.64364,0.00012806
vof_hf,0.643737,0.000124601
vof_hf,0.643835,0.000121166
vof_hf,0.643932,0.000117753
vof_hf,0.64403,0.000114361
vof_hf,0.644127,0.000110994
vof_hf,0.644225,0.000107654
vof_hf,0.644322,0.000104345
vof_hf,0.644419,0.000101071
vof_hf,0.644517,9.81248e-05
vof_hf,0.644614,9.46427e-05
vof_hf,0.644712,9.14948e-05
vof_hf,0.644809,8.8397e-05
vof_hf,0.644907,8.53531e-05
vof_hf,0.645004,8.23648e-05
vof_hf,0.645102,7.94354e-05
vof_hf,0.645199,7.65658e-05
vof_hf,0.645296,7.37573e-05
vof_hf,0.645394,7.10116e-05
vof_hf,0.645491,6.83301e-05
vof_hf,0.645589,6.57147e-05
vof_hf,0.645686,6.31669e-05
vof_hf,0.645784,6.06859e-05
vof_hf,0.645881,5.82746e-05
vof_hf,0.645979,5.5929e-05
vof_hf,0.646076,5.37132e-05
vof_hf,0.646173,5.16268e-05
vof_hf,0.646271,4.96119e-05
vof_hf,0.646368,4.76336e-05
vof_hf,0.646466,4.5697e-05
vof_hf,0.646563,4.35957e-05
vof_hf,0.646661,4.17557e-05
vof_hf,0.646758,4.00498e-05
vof_hf,0.646856,3.83296e-05
vof_hf,0.646953,3.6533e-05
vof_hf,0.64705,3.47049e-05
vof_hf,0.647148,3.29357e-05
vof_hf,0.647245,3.12856e-05
vof_hf,0.647343,2.97476e-05
vof_hf,0.64744,2.8329e-05
vof_hf,0.647538,2.68476e-05
vof_hf,0.647635,2.53551e-05
vof_hf,0.647733,2.38791e-05
vof_hf,0.64783,2.24643e-05
vof_hf,0.647927,2.12863e-05
vof_hf,0.648025,2.02482e-05
vof_hf,0.648122,1.93343e-05
vof_hf,0.64822,1.85223e-05
vof_hf,0.648317,1.74897e-05
vof_hf,0.648415,1.66171e-05
vof_hf,0.648512,1.58308e-05
vof_hf,0.64861,1.5056e-05
vof_hf,0.648707,1.42631e-05
vof_hf,0.648805,1.34756e-05
vof_hf,0.648902,1.27459e-05
vof_hf,0.648999,1.21146e-05
vof_hf,0.649097,1.15916e-05
vof_hf,0.649194,1.11641e-05
vof_hf,0.649292,1.08168e-05
vof_hf,0.649389,1.05463e-05
vof_hf,0.649487,1.03596e-05
vof_hf,0.649584,1.02634e-05
vof_hf,0.649682,1.02545e-05
vof_hf,0.649779,1.03207e-05
vof_hf,0.649876,1.04477e-05
vof_hf,0.649974,1.0629e-05
vof_hf,0.650071,1.08671e-05
vof_hf,0.650169,1.11694e-05
vof_hf,0.650266,1.15416e-05
vof_hf,0.650364,1.19829e-05
vof_hf,0.650461,1.24861e-05
vof_hf,0.650559,1.3042e-05
vof_hf,0.650656,1.36441e-05
vof_hf,0.650753,1.42914e-05
vof_hf,0.650851,1.49888e-05
vof_hf,0.650948,1.57438e-05
vof_hf,0.651046,1.65635e-05
vof_hf,0.651143,1.74523e-05
vof_hf,0.651241,1.84104e-05
vof_hf,0.651338,1.9435e-05
vof_hf,0.651436,2.05225e-05
vof_hf,0.651533,2.16707e-05
vof_hf,0.65163,2.28811e-05
vof_hf,0.651728,2.41589e-05
vof_hf,0.651825,2.55114e-05
vof_hf,0.651923,2.69446e-05
vof_hf,0.65202,2.84596e-05
vof_hf,0.652118,3.00513e-05
vof_hf,0.652215,3.17096e-05
vof_hf,0.652313,3.34231e-05
vof_hf,0.65241,3.51853e-05
vof_hf,0.652507,3.69957e-05
vof_hf,0.652605,3.88597e-05
vof_hf,0.652702,4.0787e-05
vof_hf,0.6528,4.27869e-05
vof_hf,0.652897,4.48654e-05
vof_hf,0.652995,4.70177e-05
vof_hf,0.653092,4.92323e-05
vof_hf,0.65319,5.14966e-05
vof_hf,0.653287,5.37986e-05
vof_hf,0.653385,5.61306e-05
vof_hf,0.653482,5.84902e-05
vof_hf,0.653579,6.08847e-05
vof_hf,0.653677,6.33215e-05
vof_hf,0.653774,6.58101e-05
vof_hf,0.653872,6.8361e-05
vof_hf,0.653969,7.09725e-05
vof_hf,0.654067,7.36399e-05
vof_hf,0.654164,7.63492e-05
vof_hf,0.654262,7.91e-05
vof_hf,0.654359,8.1882e-05
vof_hf,0.654456,8.4694e-05
vof_hf,0.654554,8.75407e-05
vof_hf,0.654651,9.04079e-05
vof_hf,0.654749,9.33691e-05
vof_hf,0.654846,9.63545e-05
vof_hf,0.654944,9.93411e-05
vof_hf,0.655041,0.000102221
vof_hf,0.655139,0.000105449
vof_hf,0.655236,0.000108855
vof_hf,0.655333,0.000112245
vof_hf,0.655431,0.000115567
vof_hf,0.655528,0.000118895
vof_hf,0.655626,0.000122314
vof_hf,0.655723,0.000125838
vof_hf,0.655821,0.000129426
vof_hf,0.655918,0.000133038
vof_hf,0.656016,0.000136678
vof_hf,0.656113,0.000140379
vof_hf,0.65621,0.000144168
vof_hf,0.656308,0.000148022
vof_hf,0.656405,0.00015189
vof_hf,0.656503,0.000155731
vof_hf,0.6566,0.000159543
vof_hf,0.656698,0.000163353
vof_hf,0.656795,0.000167191
vof_hf,0.656893,0.000171071
vof_hf,0.65699,0.000174983
vof_hf,0.657087,0.000178913
vof_hf,0.657185,0.000182859
vof_hf,0.657282,0.000186829
vof_hf,0.65738,0.000190837
vof_hf,0.657477,0.000194883
vof_hf,0.657575,0.000198952
vof_hf,0.657672,0.000203019
vof_hf,0.65777,0.000207062
vof_hf,0.657867,0.000211072
vof_hf,0.657965,0.000215055
vof_hf,0.658062,0.000219032
vof_hf,0.658159,0.00022303
vof_hf,0.658257,0.000227074
vof_hf,0.658354,0.000231178
vof_hf,0.658452,0.000235343
vof_hf,0.658549,0.000239575
vof_hf,0.658647,0.000243839
vof_hf,0.658744,0.000248123
vof_hf,0.658842,0.000252419
vof_hf,0.658939,0.000256731
vof_hf,0.659036,0.000261059
vof_hf,0.659134,0.000265402
vof_hf,0.659231,0.000269777
vof_hf,0.659329,0.000274179
vof_hf,0.659426,0.000278601
vof_hf,0.659524,0.000283035
vof_hf,0.659621,0.000287462
vof_hf,0.659719,0.000291882
vof_hf,0.659816,0.000296302
vof_hf,0.659913,0.000300731
vof_hf,0.660011,0.000305176
vof_hf,0.660108,0.000309634
vof_hf,0.660206,0.000314097
vof_hf,0.660303,0.000318553
vof_hf,0.660401,0.000322989
vof_hf,0.660498,0.000327399
vof_hf,0.660596,0.00033178
vof_hf,0.660693,0.000337165
vof_hf,0.66079,0.000341504
vof_hf,0.660888,0.000345815
vof_hf,0.660985,0.000350096
vof_hf,0.661083,0.000354352
vof_hf,0.66118,0.000358582
vof_hf,0.661278,0.000362788
vof_hf,0.661375,0.000366976
vof_hf,0.661473,0.000371148
vof_hf,0.66157,0.000375305
vof_hf,0.661667,0.000379451
vof_hf,0.661765,0.000383585
vof_hf,0.661862,0.000387705
vof_hf,0.66196,0.000391807
vof_hf,0.662057,0.000395891
vof_hf,0.662155,0.000399957
vof_hf,0.662252,0.000404008
vof_hf,0.66235,0.000408051
vof_hf,0.662447,0.00041209
vof_hf,0.662544,0.000416126
vof_hf,0.662642,0.000420157
vof_hf,0.662739,0.000424178
vof_hf,0.662837,0.00042818
vof_hf,0.662934,0.000432157
vof_hf,0.663032,0.000436103
vof_hf,0.663129,0.000440019
vof_hf,0.663227,0.000443892
vof_hf,0.663324,0.000447741
vof_hf,0.663422,0.000451552
vof_hf,0.663519,0.00045532
vof_hf,0.663616,0.000457616
vof_hf,0.663714,0.000461256
vof_hf,0.663811,0.000464828
vof_hf,0.663909,0.000468335
vof_hf,0.664006,0.00047178
vof_hf,0.664104,0.000475171
vof_hf,0.664201,0.000478515
vof_hf,0.664299,0.000481819
vof_hf,0.664396,0.000485087
vof_hf,0.664493,0.00048832
vof_hf,0.664591,0.000491516
vof_hf,0.664688,0.000494674
vof_hf,0.664786,0.000497791
vof_hf,0.664883,0.000500866
vof_hf,0.664981,0.000503893
vof_hf,0.665078,0.000506876
vof_hf,0.665176,0.000509812
vof_hf,0.665273,0.000512706
vof_hf,0.66537,0.00051556
vof_hf,0.665468,0.00051838
vof_hf,0.665565,0.000521168
vof_hf,0.665663,0.000523925
vof_hf,0.66576,0.000526649
vof_hf,0.665858,0.000529336
vof_hf,0.665955,0.000531976
vof_hf,0.666053,0.000534561
vof_hf,0.66615,0.000537083
vof_hf,0.666247,0.000539538
vof_hf,0.666345,0.000541922
vof_hf,0.666442,0.000544236
vof_hf,0.66654,0.000546479
vof_hf,0.666637,0.000548654
vof_hf,0.666735,0.000550758
vof_hf,0.666832,0.000552803
vof_hf,0.66693,0.000554753
vof_hf,0.667027,0.000556633
vof_hf,0.667124,0.000558436
vof_hf,0.667222,0.000560165
vof_hf,0.667319,0.000561823
vof_hf,0.667417,0.000563418
vof_hf,0.667514,0.000564954
vof_hf,0.667612,0.000566437
vof_hf,0.667709,0.000567869
vof_hf,0.667807,0.000569253
vof_hf,0.667904,0.000570587
vof_hf,0.668002,0.000571882
vof_hf,0.668099,0.000573114
vof_hf,0.668196,0.000574294
vof_hf,0.668294,0.000575418
vof_hf,0.668391,0.000576493
vof_hf,0.668489,0.00057754
vof_hf,0.668586,0.00057852
vof_hf,0.668684,0.000579458
vof_hf,0.668781,0.000580354
vof_hf,0.668879,0.000581207
vof_hf,0.668976,0.000582015
vof_hf,0.669073,0.000582773
vof_hf,0.669171,0.000583479
vof_hf,0.669268,0.000584129
vof_hf,0.669366,0.000584717
vof_hf,0.669463,0.000585237
vof_hf,0.669561,0.000585685
vof_hf,0.669658,0.000586057
vof_hf,0.669756,0.000586349
vof_hf,0.669853,0.000586558
vof_hf,0.66995,0.000586682
vof_hf,0.670048,0.000586721
vof_hf,0.670145,0.000586672
vof_hf,0.670243,0.000586532
vof_hf,0.67034,0.000586318
vof_hf,0.670438,0.000585996
vof_hf,0.670535,0.000585587
vof_hf,0.670633,0.000585071
vof_hf,0.67073,0.000584477
vof_hf,0.670827,0.000583802
vof_hf,0.670925,0.000583048
vof_hf,0.671022,0.000582214
vof_hf,0.67112,0.000581305
vof_hf,0.671217,0.000580323
vof_hf,0.671315,0.000579274
vof_hf,0.671412,0.00057816
vof_hf,0.67151,0.00057699
vof_hf,0.671607,0.000575766
vof_hf,0.671704,0.000574495
vof_hf,0.671802,0.00057318
vof_hf,0.671899,0.000571827
vof_hf,0.671997,0.000570436
vof_hf,0.672094,0.000569012
vof_hf,0.672192,0.000567554
vof_hf,0.672289,0.000566067
vof_hf,0.672387,0.000564545
vof_hf,0.672484,0.000562995
vof_hf,0.672582,0.000561388
vof_hf,0.672679,0.000559747
vof_hf,0.672776,0.000558057
vof_hf,0.672874,0.000556313
vof_hf,0.672971,0.00055451
vof_hf,0.673069,0.000552647
vof_hf,0.673166,0.00055072
vof_hf,0.673264,0.000548728
vof_hf,0.673361,0.000546666
vof_hf,0.673459,0.000544539
vof_hf,0.673556,0.000542345
vof_hf,0.673653,0.000540084
vof_hf,0.673751,0.000537756
vof_hf,0.673848,0.000535359
vof_hf,0.673946,0.000532892
vof_hf,0.674043,0.000530354
vof_hf,0.674141,0.000527746
vof_hf,0.674238,0.000525069
vof_hf,0.674336,0.000522323
vof_hf,0.674433,0.000519512
vof_hf,0.67453,0.000516641
vof_hf,0.674628,0.000513716
vof_hf,0.674725,0.000510742
vof_hf,0.674823,0.000507723
vof_hf,0.67492,0.000504663
vof_hf,0.675018,0.000501565
vof_hf,0.675115,0.000498429
vof_hf,0.675213,0.000495254
vof_hf,0.67531,0.00049204
vof_hf,0.675407,0.000488787
vof_hf,0.675505,0.000485492
vof_hf,0.675602,0.000482157
vof_hf,0.6757,0.000478783
vof_hf,0.675797,0.000475373
vof_hf,0.675895,0.00047193
vof_hf,0.675992,0.000468453
vof_hf,0.67609,0.000464948
vof_hf,0.676187,0.000461432
vof_hf,0.676284,0.000457873
vof_hf,0.676382,0.000454288
vof_hf,0.676479,0.000450675
vof_hf,0.676577,0.000447033
vof_hf,0.676674,0.000443352
vof_hf,0.676772,0.000439635
vof_hf,0.676869,0.000435873
vof_hf,0.676967,0.000432077
vof_hf,0.677064,0.000428235
vof_hf,0.677162,0.000424363
vof_hf,0.677259,0.00042045
vof_hf,0.677356,0.000416511
vof_hf,0.677454,0.000412537
vof_hf,0.677551,0.000408545
vof_hf,0.677649,0.000404524
vof_hf,0.677746,0.00040049
vof_hf,0.677844,0.000396433
vof_hf,0.677941,0.000392368
vof_hf,0.678039,0.000388284
vof_hf,0.678136,0.000384194
vof_hf,0.678233,0.000380086
vof_hf,0.678331,0.00037597
vof_hf,0.678428,0.000371834
vof_hf,0.678526,0.00036769
vof_hf,0.678623,0.000363526
vof_hf,0.678721,0.000359352
vof_hf,0.678818,0.000355158
vof_hf,0.678916,0.000350954
vof_hf,0.679013,0.000346731
vof_hf,0.67911,0.000342497
vof_hf,0.679208,0.000338242
vof_hf,0.679305,0.000333975
vof_hf,0.679403,0.000329686
vof_hf,0.6795,0.000325383
vof_hf,0.679598,0.000321058
vof_hf,0.679695,0.00031672
vof_hf,0.679793,0.000312363
vof_hf,0.67989,0.000307994
vof_hf,0.679987,0.000303614
vof_hf,0.680085,0.000299227
vof_hf,0.680182,0.000294835
vof_hf,0.68028,0.000291365
vof_hf,0.680377,0.000286908
vof_hf,0.680475,0.00028251
vof_hf,0.680572,0.000278121
vof_hf,0.68067,0.000273743
vof_hf,0.680767,0.00026938
vof_hf,0.680864,0.000265034
vof_hf,0.680962,0.000260708
vof_hf,0.681059,0.000256407
vof_hf,0.681157,0.000252131
vof_hf,0.681254,0.000247883
vof_hf,0.681352,0.000243662
vof_hf,0.681449,0.000239471
vof_hf,0.681547,0.000235354
vof_hf,0.681644,0.000231173
vof_hf,0.681742,0.000227064
vof_hf,0.681839,0.000222983
vof_hf,0.681936,0.000218928
vof_hf,0.682034,0.000214899
vof_hf,0.682131,0.000210942
vof_hf,0.682229,0.000206965
vof_hf,0.682326,0.000203013
vof_hf,0.682424,0.000199086
vof_hf,0.682521,0.000195181
vof_hf,0.682619,0.000191287
vof_hf,0.682716,0.00018741
vof_hf,0.682813,0.00018355
vof_hf,0.682911,0.000179703
vof_hf,0.683008,0.000175869
vof_hf,0.683106,0.000172045
vof_hf,0.683203,0.000168238
vof_hf,0.683301,0.000164431
vof_hf,0.683398,0.000160636
vof_hf,0.683496,0.000156854
vof_hf,0.683593,0.000153085
vof_hf,0.68369,0.000149333
vof_hf,0.683788,0.000145601
vof_hf,0.683885,0.00014189
vof_hf,0.683983,0.000138206
vof_hf,0.68408,0.000134551
vof_hf,0.684178,0.000130926
vof_hf,0.684275,0.000127334
vof_hf,0.684373,0.000123778
vof_hf,0.68447,0.00012026
vof_hf,0.684567,0.000116784
vof_hf,0.684665,0.000113353
vof_hf,0.684762,0.000109971
vof_hf,0.68486,0.000106642
vof_hf,0.684957,0.000103371
vof_hf,0.685055,0.00010016
vof_hf,0.685152,9.70123e-05
vof_hf,0.68525,9.39308e-05
vof_hf,0.685347,9.09165e-05
vof_hf,0.685444,8.79698e-05
vof_hf,0.685542,8.509e-05
vof_hf,0.685639,8.22761e-05
vof_hf,0.685737,7.95259e-05
vof_hf,0.685834,7.68378e-05
vof_hf,0.685932,7.42097e-05
vof_hf,0.686029,7.16399e-05
vof_hf,0.686127,6.91267e-05
vof_hf,0.686224,6.66685e-05
vof_hf,0.686321,6.42638e-05
vof_hf,0.686419,6.19108e-05
vof_hf,0.686516,5.96079e-05
vof_hf,0.686614,5.73528e-05
vof_hf,0.686711,5.51429e-05
vof_hf,0.686809,5.29759e-05
vof_hf,0.686906,5.08494e-05
vof_hf,0.687004,4.87614e-05
vof_hf,0.687101,4.67104e-05
vof_hf,0.687199,4.46941e-05
vof_hf,0.687296,4.27148e-05
vof_hf,0.687393,4.07739e-05
vof_hf,0.687491,3.88738e-05
vof_hf,0.687588,3.70173e-05
vof_hf,0.687686,3.52082e-05
vof_hf,0.687783,3.34504e-05
vof_hf,0.687881,3.1748e-05
vof_hf,0.687978,3.01048e-05
vof_hf,0.688076,2.85241e-05
vof_hf,0.688173,2.70087e-05
vof_hf,0.68827,2.55605e-05
vof_hf,0.688368,2.41816e-05
vof_hf,0.688465,2.28727e-05
vof_hf,0.688563,2.16344e-05
vof_hf,0.68866,2.04666e-05
vof_hf,0.688758,1.93689e-05
vof_hf,0.688855,1.83407e-05
vof_hf,0.688953,1.73812e-05
vof_hf,0.68905,1.64894e-05
vof_hf,0.689147,1.56642e-05
vof_hf,0.689245,1.49043e-05
vof_hf,0.689342,1.42083e-05
vof_hf,0.68944,1.35749e-05
vof_hf,0.689537,1.30027e-05
vof_hf,0.689635,1.24904e-05
vof_hf,0.689732,1.20369e-05
vof_hf,0.68983,1.16419e-05
vof_hf,0.689927,1.13053e-05
vof_hf,0.690024,1.10276e-05
vof_hf,0.690122,1.08102e-05
vof_hf,0.690219,1.06547e-05
vof_hf,0.690317,1.05634e-05
vof_hf,0.690414,1.05386e-05
vof_hf,0.690512,1.05828e-05
vof_hf,0.690609,1.06982e-05
vof_hf,0.690707,1.08866e-05
vof_hf,0.690804,1.11495e-05
vof_hf,0.690901,1.14876e-05
vof_hf,0.690999,1.19012e-05
vof_hf,0.691096,1.23902e-05
vof_hf,0.691194,1.29538e-05
vof_hf,0.691291,1.35913e-05
vof_hf,0.691389,1.43016e-05
vof_hf,0.691486,1.50838e-05
vof_hf,0.691584,1.59364e-05
vof_hf,0.691681,1.68579e-05
vof_hf,0.691779,1.78467e-05
vof_hf,0.691876,1.88767e-05
vof_hf,0.691973,1.99909e-05
vof_hf,0.692071,2.11657e-05
vof_hf,0.692168,2.23985e-05
vof_hf,0.692266,2.36868e-05
vof_hf,0.692363,2.50286e-05
vof_hf,0.692461,2.6422e-05
vof_hf,0.692558,2.78659e-05
vof_hf,0.692656,2.93596e-05
vof_hf,0.692753,3.09027e-05
vof_hf,0.69285,3.24954e-05
vof_hf,0.692948,3.41378e-05
vof_hf,0.693045,3.58298e-05
vof_hf,0.693143,3.75716e-05
vof_hf,0.69324,3.93627e-05
vof_hf,0.693338,4.12027e-05
vof_hf,0.693435,4.30916e-05
vof_hf,0.693533,4.50289e-05
vof_hf,0.69363,4.70147e-05
vof_hf,0.693727,4.90499e-05
vof_hf,0.693825,5.11362e-05
vof_hf,0.693922,5.3276e-05
vof_hf,0.69402,5.54722e-05
vof_hf,0.694117,5.77289e-05
vof_hf,0.694215,6.00486e-05
vof_hf,0.694312,6.24341e-05
vof_hf,0.69441,6.48883e-05
vof_hf,0.694507,6.74127e-05
vof_hf,0.694604,7.00079e-05
vof_hf,0.694702,7.26739e-05
vof_hf,0.694799,7.541e-05
vof_hf,0.694897,7.8215e-05
vof_hf,0.694994,8.10874e-05
vof_hf,0.695092,8.40251e-05
vof_hf,0.695189,8.70263e-05
vof_hf,0.695287,9.00877e-05
vof_hf,0.695384,9.34637e-05
vof_hf,0.695481,9.66657e-05
vof_hf,0.695579,9.9909e-05
vof_hf,0.695676,0.000103204
vof_hf,0.695774,0.000106548
vof_hf,0.695871,0.000109936
vof_hf,0.695969,0.000113365
vof_hf,0.696066,0.000116831
vof_hf,0.696164,0.000120328
vof_hf,0.696261,0.000123854
vof_hf,0.696359,0.000127403
vof_hf,0.696456,0.000130973
vof_hf,0.696553,0.000134562
vof_hf,0.696651,0.000138167
vof_hf,0.696748,0.000141788
vof_hf,0.696846,0.000145425
vof_hf,0.696943,0.000149077
vof_hf,0.697041,0.000152744
vof_hf,0.697138,0.000156428
vof_hf,0.697236,0.000160127
vof_hf,0.697333,0.000163843
vof_hf,0.69743,0.000167577
vof_hf,0.697528,0.000171329
vof_hf,0.697625,0.000175102
vof_hf,0.697723,0.000178896
vof_hf,0.69782,0.000182715
vof_hf,0.697918,0.000186561
vof_hf,0.698015,0.000190436
vof_hf,0.698113,0.000194344
vof_hf,0.69821,0.000198287
vof_hf,0.698307,0.000202267
vof_hf,0.698405,0.000206287
vof_hf,0.698502,0.000210347
vof_hf,0.6986,0.000214446
vof_hf,0.698697,0.000218544
vof_hf,0.698795,0.000222719
vof_hf,0.698892,0.000226239
vof_hf,0.69899,0.00023047
vof_hf,0.699087,0.000234731
vof_hf,0.699184,0.000239018
vof_hf,0.699282,0.000243325
vof_hf,0.699379,0.000247649
vof_hf,0.699477,0.000251985
vof_hf,0.699574,0.000256329
vof_hf,0.699672,0.000260678
vof_hf,0.699769,0.000265028
vof_hf,0.699867,0.000269376
vof_hf,0.699964,0.00027372
vof_hf,0.700061,0.000278058
vof_hf,0.700159,0.00028239
vof_hf,0.700256,0.000286717
vof_hf,0.700354,0.000291033
vof_hf,0.700451,0.000295336
vof_hf,0.700549,0.000299626
vof_hf,0.700646,0.000303904
vof_hf,0.700744,0.000308172
vof_hf,0.700841,0.00031243
vof_hf,0.700939,0.000316681
vof_hf,0.701036,0.000320925
vof_hf,0.701133,0.000325164
vof_hf,0.701231,0.000329397
vof_hf,0.701328,0.000333626
vof_hf,0.701426,0.00033785
vof_hf,0.701523,0.00034207
vof_hf,0.701621,0.000346283
vof_hf,0.701718,0.000350487
vof_hf,0.701816,0.000354682
vof_hf,0.701913,0.000358865
vof_hf,0.70201,0.000363034
vof_hf,0.702108,0.000367187
vof_hf,0.702205,0.000371322
vof_hf,0.702303,0.000375437
vof_hf,0.7024,0.000379531
vof_hf,0.702498,0.0003836
vof_hf,0.702595,0.000387647
vof_hf,0.702693,0.000391667
vof_hf,0.70279,0.000395661
vof_hf,0.702887,0.000399625
vof_hf,0.702985,0.000403561
vof_hf,0.703082,0.000407469
vof_hf,0.70318,0.00041135
vof_hf,0.703277,0.000415203
vof_hf,0.703375,0.000419028
vof_hf,0.703472,0.000422826
vof_hf,0.70357,0.000426598
vof_hf,0.703667,0.000430343
vof_hf,0.703764,0.000434063
vof_hf,0.703862,0.00043776
vof_hf,0.703959,0.000441436
vof_hf,0.704057,0.000445087
vof_hf,0.704154,0.000448716
vof_hf,0.704252,0.000452322
vof_hf,0.704349,0.000455906
vof_hf,0.704447,0.000459467
vof_hf,0.704544,0.000463005
vof_hf,0.704641,0.00046652
vof_hf,0.704739,0.00047001
vof_hf,0.704836,0.000473474
vof_hf,0.704934,0.000476911
vof_hf,0.705031,0.000480316
vof_hf,0.705129,0.000483691
vof_hf,0.705226,0.000487029
vof_hf,0.705324,0.000490329
vof_hf,0.705421,0.000493586
vof_hf,0.705518,0.000496799
vof_hf,0.705616,0.000499962
vof_hf,0.705713,0.000503074
vof_hf,0.705811,0.00050613
vof_hf,0.705908,0.000509129
vof_hf,0.706006,0.000512066
vof_hf,0.706103,0.000514941
vof_hf,0.706201,0.000519363
vof_hf,0.706298,0.000522114
vof_hf,0.706396,0.000524796
vof_hf,0.706493,0.000527409
vof_hf,0.70659,0.000529952
vof_hf,0.706688,0.000532426
vof_hf,0.706785,0.00053483
vof_hf,0.706883,0.000537168
vof_hf,0.70698,0.000539455
vof_hf,0.707078,0.00054166
vof_hf,0.707175,0.000543801
vof_hf,0.707273,0.000545886
vof_hf,0.70737,0.000547916
vof_hf,0.707467,0.000548176
vof_hf,0.707565,0.000550098
vof_hf,0.707662,0.000551974
vof_hf,0.70776,0.000553806
vof_hf,0.707857,0.000555595
vof_hf,0.707955,0.000557343
vof_hf,0.708052,0.000559051
vof_hf,0.70815,0.000560719
vof_hf,0.708247,0.000562348
vof_hf,0.708344,0.000563937
vof_hf,0.708442,0.000567249
vof_hf,0.708539,0.000566977
vof_hf,0.708637,0.000570214
vof_hf,0.708734,0.000569848
vof_hf,0.708832,0.000571225
vof_hf,0.708929,0.000572552
vof_hf,0.709027,0.000573825
vof_hf,0.709124,0.000575042
vof_hf,0.709221,0.0005762
vof_hf,0.709319,0.000577295
vof_hf,0.709416,0.000578325
vof_hf,0.709514,0.000579285
vof_hf,0.709611,0.000580173
vof_hf,0.709709,0.000580984
vof_hf,0.709806,0.000581712
vof_hf,0.709904,0.00058236
vof_hf,0.710001,0.000582927
vof_hf,0.710098,0.000583411
vof_hf,0.710196,0.000583814
vof_hf,0.710293,0.000584132
vof_hf,0.710391,0.00058437
vof_hf,0.710488,0.000584526
vof_hf,0.710586,0.000584605
vof_hf,0.710683,0.000584608
vof_hf,0.710781,0.000584538
vof_hf,0.710878,0.000584396
vof_hf,0.710976,0.000584183
vof_hf,0.711073,0.000583904
vof_hf,0.71117,0.000583562
vof_hf,0.711268,0.000583158
vof_hf,0.711365,0.000582745
vof_hf,0.711463,0.000582248
vof_hf,0.71156,0.000581698
vof_hf,0.711658,0.000582803
vof_hf,0.711755,0.000582134
vof_hf,0.711853,0.000581409
vof_hf,0.71195,0.000580624
vof_hf,0.712047,0.000579777
vof_hf,0.712145,0.000578869
vof_hf,0.712242,0.000577898
vof_hf,0.71234,0.000576866
vof_hf,0.712437,0.000575771
vof_hf,0.712535,0.000574624
vof_hf,0.712632,0.000573404
vof_hf,0.71273,0.000572121
vof_hf,0.712827,0.000570772
vof_hf,0.712924,0.00056936
vof_hf,0.713022,0.000567878
vof_hf,0.713119,0.000566341
vof_hf,0.713217,0.000564739
vof_hf,0.713314,0.000563077
vof_hf,0.713412,0.000561353
vof_hf,0.713509,0.000559569
vof_hf,0.713607,0.000557725
vof_hf,0.713704,0.000555823
vof_hf,0.713801,0.000553861
vof_hf,0.713899,0.000551841
vof_hf,0.713996,0.000549759
vof_hf,0.714094,0.00054762
vof_hf,0.714191,0.000545423
vof_hf,0.714289,0.00054317
vof_hf,0.714386,0.000540861
vof_hf,0.714484,0.000538496
vof_hf,0.714581,0.000536076
vof_hf,0.714678,0.000533601
vof_hf,0.714776,0.000531072
vof_hf,0.714873,0.000528493
vof_hf,0.714971,0.000525861
vof_hf,0.715068,0.00052317
vof_hf,0.715166,0.000520433
vof_hf,0.715263,0.000517644
vof_hf,0.715361,0.0005148
vof_hf,0.715458,0.000511902
vof_hf,0.715556,0.000508948
vof_hf,0.715653,0.000505938
vof_hf,0.71575,0.000502871
vof_hf,0.715848,0.000499748
vof_hf,0.715945,0.000496567
vof_hf,0.716043,0.000493331
vof_hf,0.71614,0.000490038
vof_hf,0.716238,0.00048669
vof_hf,0.716335,0.000483286
vof_hf,0.716433,0.000479829
vof_hf,0.71653,0.000476318
vof_hf,0.716627,0.000472755
vof_hf,0.716725,0.000469141
vof_hf,0.716822,0.000465482
vof_hf,0.71692,0.000461774
vof_hf,0.717017,0.000458025
vof_hf,0.717115,0.000454243
vof_hf,0.717212,0.000450428
vof_hf,0.71731,0.000446589
vof_hf,0.717407,0.000442722
vof_hf,0.717504,0.000438837
vof_hf,0.717602,0.000434931
vof_hf,0.717699,0.000431011
vof_hf,0.717797,0.000427074
vof_hf,0.717894,0.000423127
vof_hf,0.717992,0.000419167
vof_hf,0.718089,0.000415198
vof_hf,0.718187,0.000411218
vof_hf,0.718284,0.000407231
vof_hf,0.718381,0.000403232
vof_hf,0.718479,0.000399225
vof_hf,0.718576,0.000395204
vof_hf,0.718674,0.000391172
vof_hf,0.718771,0.000387123
vof_hf,0.718869,0.000383057
vof_hf,0.718966,0.00037897
vof_hf,0.719064,0.000374863
vof_hf,0.719161,0.000370731
vof_hf,0.719258,0.000366617
vof_hf,0.719356,0.000362487
vof_hf,0.719453,0.000357286
vof_hf,0.719551,0.000353135
vof_hf,0.719648,0.000348967
vof_hf,0.719746,0.000344772
vof_hf,0.719843,0.000340558
vof_hf,0.719941,0.000336315
vof_hf,0.720038,0.000332052
vof_hf,0.720136,0.000327763
vof_hf,0.720233,0.000323454
vof_hf,0.72033,0.000319128
vof_hf,0.720428,0.000314787
vof_hf,0.720525,0.000310433
vof_hf,0.720623,0.000306071
vof_hf,0.72072,0.000301702
vof_hf,0.720818,0.00029733
vof_hf,0.720915,0.000292959
vof_hf,0.721013,0.000288591
vof_hf,0.72111,0.00028423
vof_hf,0.721207,0.000279877
vof_hf,0.721305,0.000275537
vof_hf,0.721402,0.00027121
vof_hf,0.7215,0.000266899
vof_hf,0.721597,0.000262604
vof_hf,0.721695,0.000258327
vof_hf,0.721792,0.00025407
vof_hf,0.72189,0.000249834
vof_hf,0.721987,0.000245623
vof_hf,0.722084,0.000241435
vof_hf,0.722182,0.000237267
vof_hf,0.722279,0.00023312
vof_hf,0.722377,0.000228995
vof_hf,0.722474,0.000224892
vof_hf,0.722572,0.000220812
vof_hf,0.722669,0.00021675
vof_hf,0.722767,0.000212714
vof_hf,0.722864,0.000208696
vof_hf,0.722961,0.000204693
vof_hf,0.723059,0.000200703
vof_hf,0.723156,0.000196727
vof_hf,0.723254,0.000192765
vof_hf,0.723351,0.00018882
vof_hf,0.723449,0.000184893
vof_hf,0.723546,0.000180987
vof_hf,0.723644,0.000177107
vof_hf,0.723741,0.000173254
vof_hf,0.723838,0.000169431
vof_hf,0.723936,0.00016564
vof_hf,0.724033,0.000161885
vof_hf,0.724131,0.000158174
vof_hf,0.724228,0.000154485
vof_hf,0.724326,0.000150837
vof_hf,0.724423,0.000147225
vof_hf,0.724521,0.000143647
vof_hf,0.724618,0.000140105
vof_hf,0.724715,0.000136597
vof_hf,0.724813,0.000133124
vof_hf,0.72491,0.000129686
vof_hf,0.725008,0.000126283
vof_hf,0.725105,0.000122912
vof_hf,0.725203,0.000119578
vof_hf,0.7253,0.000116285
vof_hf,0.725398,0.000113348
vof_hf,0.725495,0.000110126
vof_hf,0.725593,0.000106914
vof_hf,0.72569,0.000103735
vof_hf,0.725787,0.000100584
vof_hf,0.725885,9.74699e-05
vof_hf,0.725982,9.43884e-05
vof_hf,0.72608,9.13419e-05
vof_hf,0.726177,8.83329e-05
vof_hf,0.726275,8.53645e-05
vof_hf,0.726372,8.24398e-05
vof_hf,0.72647,7.95618e-05
vof_hf,0.726567,7.67328e-05
vof_hf,0.726664,7.39543e-05
vof_hf,0.726762,7.12268e-05
vof_hf,0.726859,6.85507e-05
vof_hf,0.726957,6.5926e-05
vof_hf,0.727054,6.33535e-05
vof_hf,0.727152,6.08261e-05
vof_hf,0.727249,5.8365e-05
vof_hf,0.727347,5.59613e-05
vof_hf,0.727444,5.34861e-05
vof_hf,0.727541,5.12219e-05
vof_hf,0.727639,4.90291e-05
vof_hf,0.727736,4.69098e-05
vof_hf,0.727834,4.48643e-05
vof_hf,0.727931,4.28918e-05
vof_hf,0.728029,4.09902e-05
vof_hf,0.728126,3.91571e-05
vof_hf,0.728224,3.739e-05
vof_hf,0.728321,3.56872e-05
vof_hf,0.728418,3.40473e-05
vof_hf,0.728516,3.24699e-05
vof_hf,0.728613,3.09548e-05
vof_hf,0.728711,2.9501e-05
vof_hf,0.728808,2.81089e-05
vof_hf,0.728906,2.67776e-05
vof_hf,0.729003,2.55057e-05
vof_hf,0.729101,2.42906e-05
vof_hf,0.729198,2.31298e-05
vof_hf,0.729295,2.20211e-05
vof_hf,0.729393,2.09916e-05
vof_hf,0.72949,1.99512e-05
vof_hf,0.729588,1.89872e-05
vof_hf,0.729685,1.80698e-05
vof_hf,0.729783,1.71995e-05
vof_hf,0.72988,1.63778e-05
vof_hf,0.729978,1.56063e-05
vof_hf,0.730075,1.48869e-05
vof_hf,0.730173,1.42217e-05
vof_hf,0.73027,1.36125e-05
vof_hf,0.730367,1.30609e-05
vof_hf,0.730465,1.25686e-05
vof_hf,0.730562,1.21372e-05
vof_hf,0.73066,1.17685e-05
vof_hf,0.730757,1.14644e-05
vof_hf,0.730855,1.12276e-05
vof_hf,0.730952,1.10611e-05
vof_hf,0.73105,1.09681e-05
vof_hf,0.731147,1.09521e-05
vof_hf,0.731244,1.10165e-05
vof_hf,0.731342,1.1165e-05
vof_hf,0.731439,1.13987e-05
vof_hf,0.731537,1.17185e-05
vof_hf,0.731634,1.21243e-05
vof_hf,0.731732,1.26149e-05
vof_hf,0.731829,1.3188e-05
vof_hf,0.731927,1.38408e-05
vof_hf,0.732024,1.457e-05
vof_hf,0.732121,1.53722e-05
vof_hf,0.732219,1.62454e-05
vof_hf,0.732316,1.71853e-05
vof_hf,0.732414,1.81892e-05
vof_hf,0.732511,1.92772e-05
vof_hf,0.732609,2.04047e-05
vof_hf,0.732706,2.15889e-05
vof_hf,0.732804,2.28273e-05
vof_hf,0.732901,2.41179e-05
vof_hf,0.732998,2.54586e-05
vof_hf,0.733096,2.68479e-05
vof_hf,0.733193,2.82849e-05
vof_hf,0.733291,2.97707e-05
vof_hf,0.733388,3.13012e-05
vof_hf,0.733486,3.28784e-05
vof_hf,0.733583,3.45035e-05
vof_hf,0.733681,3.61784e-05
vof_hf,0.733778,3.79039e-05
vof_hf,0.733875,3.9682e-05
vof_hf,0.733973,4.15145e-05
vof_hf,0.73407,4.34036e-05
vof_hf,0.734168,4.53511e-05
vof_hf,0.734265,4.73589e-05
vof_hf,0.734363,4.94284e-05
vof_hf,0.73446,5.15605e-05
vof_hf,0.734558,5.3756e-05
vof_hf,0.734655,5.60151e-05
vof_hf,0.734753,5.82646e-05
vof_hf,0.73485,6.06219e-05
vof_hf,0.734947,6.30397e-05
vof_hf,0.735045,6.54891e-05
vof_hf,0.735142,6.79748e-05
vof_hf,0.73524,7.05128e-05
vof_hf,0.735337,7.31078e-05
vof_hf,0.735435,7.57196e-05
vof_hf,0.735532,7.86212e-05
vof_hf,0.73563,8.14908e-05
vof_hf,0.735727,8.43028e-05
vof_hf,0.735824,8.71185e-05
vof_hf,0.735922,9.00211e-05
vof_hf,0.736019,9.30494e-05
vof_hf,0.736117,9.61799e-05
vof_hf,0.736214,9.93567e-05
vof_hf,0.736312,0.000102536
vof_hf,0.736409,0.000105712
vof_hf,0.736507,0.000108914
vof_hf,0.736604,0.000112173
vof_hf,0.736701,0.000115505
vof_hf,0.736799,0.000118902
vof_hf,0.736896,0.000122342
vof_hf,0.736994,0.000125813
vof_hf,0.737091,0.000129313
vof_hf,0.737189,0.000132851
vof_hf,0.737286,0.000136434
vof_hf,0.737384,0.00014006
vof_hf,0.737481,0.000143709
vof_hf,0.737578,0.000147384
vof_hf,0.737676,0.000151083
vof_hf,0.737773,0.000154806
vof_hf,0.737871,0.000158556
vof_hf,0.737968,0.000162337
vof_hf,0.738066,0.000166153
vof_hf,0.738163,0.000170005
vof_hf,0.738261,0.000173892
vof_hf,0.738358,0.000177813
vof_hf,0.738455,0.000181762
vof_hf,0.738553,0.000185736
vof_hf,0.73865,0.000189733
vof_hf,0.738748,0.000193751
vof_hf,0.738845,0.000197793
vof_hf,0.738943,0.00020186
vof_hf,0.73904,0.00020595
vof_hf,0.739138,0.000210062
vof_hf,0.739235,0.000214187
vof_hf,0.739333,0.00021832
vof_hf,0.73943,0.000222457
vof_hf,0.739527,0.000226597
vof_hf,0.739625,0.000230745
vof_hf,0.739722,0.000234901
vof_hf,0.73982,0.000239075
vof_hf,0.739917,0.00024327
vof_hf,0.740015,0.000247484
vof_hf,0.740112,0.000251717
vof_hf,0.74021,0.000255961
vof_hf,0.740307,0.000260214
vof_hf,0.740404,0.000264479
vof_hf,0.740502,0.00026876
vof_hf,0.740599,0.000273063
vof_hf,0.740697,0.00027739
vof_hf,0.740794,0.000281739
vof_hf,0.740892,0.000286102
vof_hf,0.740989,0.000290469
vof_hf,0.741087,0.000294828
vof_hf,0.741184,0.00029917
vof_hf,0.741281,0.000303496
vof_hf,0.741379,0.00030781
vof_hf,0.741476,0.00031212
vof_hf,0.741574,0.000316436
vof_hf,0.741671,0.000320773
vof_hf,0.741769,0.00032514
vof_hf,0.741866,0.000329524
vof_hf,0.741964,0.000333918
vof_hf,0.742061,0.000338315
vof_hf,0.742158,0.000342709
vof_hf,0.742256,0.000347092
vof_hf,0.742353,0.000351459
vof_hf,0.742451,0.000355808
vof_hf,0.742548,0.000360133
vof_hf,0.742646,0.00036443
vof_hf,0.742743,0.000368695
vof_hf,0.742841,0.000372925
vof_hf,0.742938,0.000377116
vof_hf,0.743035,0.000381267
vof_hf,0.743133,0.000385382
vof_hf,0.74323,0.000389464
vof_hf,0.743328,0.000393514
vof_hf,0.743425,0.000397536
vof_hf,0.743523,0.000401525
vof_hf,0.74362,0.000405481
vof_hf,0.743718,0.000409399
vof_hf,0.743815,0.000413281
vof_hf,0.743912,0.000417126
vof_hf,0.74401,0.000420937
vof_hf,0.744107,0.000424706
vof_hf,0.744205,0.000428454
vof_hf,0.744302,0.000432182
vof_hf,0.7444,0.00043589
vof_hf,0.744497,0.000439578
vof_hf,0.744595,0.000443247
vof_hf,0.744692,0.000446896
vof_hf,0.74479,0.000450528
vof_hf,0.744887,0.000454142
vof_hf,0.744984,0.000457743
vof_hf,0.745082,0.00046133
vof_hf,0.745179,0.000464899
vof_hf,0.745277,0.000468444
vof_hf,0.745374,0.000471964
vof_hf,0.745472,0.000475442
vof_hf,0.745569,0.000478878
vof_hf,0.745667,0.000482269
vof_hf,0.745764,0.000485614
vof_hf,0.745861,0.000488906
vof_hf,0.745959,0.000492157
vof_hf,0.746056,0.000495362
vof_hf,0.746154,0.000498519
vof_hf,0.746251,0.000501624
vof_hf,0.746349,0.000504675
vof_hf,0.746446,0.000507667
vof_hf,0.746544,0.000510599
vof_hf,0.746641,0.000513467
vof_hf,0.746738,0.000516276
vof_hf,0.746836,0.000519028
vof_hf,0.746933,0.000521726
vof_hf,0.747031,0.00052437
vof_hf,0.747128,0.00052696
vof_hf,0.747226,0.000529493
vof_hf,0.747323,0.000531968
vof_hf,0.747421,0.00053439
vof_hf,0.747518,0.000536742
vof_hf,0.747615,0.000539042
vof_hf,0.747713,0.000541284
vof_hf,0.74781,0.000543467
vof_hf,0.747908,0.000545594
vof_hf,0.748005,0.000547662
vof_hf,0.748103,0.000549675
vof_hf,0.7482,0.000551629
vof_hf,0.748298,0.000553527
vof_hf,0.748395,0.000555369
vof_hf,0.748492,0.000557157
vof_hf,0.74859,0.00055889
vof_hf,0.748687,0.000560571
vof_hf,0.748785,0.000562198
vof_hf,0.748882,0.000563772
vof_hf,0.74898,0.000565292
vof_hf,0.749077,0.000566758
vof_hf,0.749175,0.000568168
vof_hf,0.749272,0.000569523
vof_hf,0.74937,0.000570822
vof_hf,0.749467,0.000572064
vof_hf,0.749564,0.000573249
vof_hf,0.749662,0.000574376
vof_hf,0.749759,0.000575445
vof_hf,0.749857,0.000576455
vof_hf,0.749954,0.000577407
vof_hf,0.750052,0.000578305
vof_hf,0.750149,0.00057914
vof_hf,0.750247,0.000579914
vof_hf,0.750344,0.000580628
vof_hf,0.750441,0.000581277
vof_hf,0.750539,0.000581863
vof_hf,0.750636,0.000582385
vof_hf,0.750734,0.000582839
vof_hf,0.750831,0.000583226
vof_hf,0.750929,0.000583541
vof_hf,0.751026,0.000583784
vof_hf,0.751124,0.000583954
vof_hf,0.751221,0.00058405
vof_hf,0.751318,0.000584072
vof_hf,0.751416,0.000584021
vof_hf,0.751513,0.000583885
vof_hf,0.751611,0.000583669
vof_hf,0.751708,0.00058339
vof_hf,0.751806,0.000583039
vof_hf,0.751903,0.000582611
vof_hf,0.752001,0.000582111
vof_hf,0.752098,0.000581538
vof_hf,0.752195,0.000580895
vof_hf,0.752293,0.000580184
vof_hf,0.75239,0.000579406
vof_hf,0.752488,0.000578564
vof_hf,0.752585,0.000577658
vof_hf,0.752683,0.000576687
vof_hf,0.75278,0.000575653
vof_hf,0.752878,0.000574555
vof_hf,0.752975,0.000573397
vof_hf,0.753072,0.000572176
vof_hf,0.75317,0.000570897
vof_hf,0.753267,0.000569559
vof_hf,0.753365,0.000568165
vof_hf,0.753462,0.000566713
vof_hf,0.75356,0.000565207
vof_hf,0.753657,0.000563642
vof_hf,0.753755,0.000562021
vof_hf,0.753852,0.000560344
vof_hf,0.75395,0.000558611
vof_hf,0.754047,0.000556822
vof_hf,0.754144,0.00055498
vof_hf,0.754242,0.000553085
vof_hf,0.754339,0.000551138
vof_hf,0.754437,0.00054914
vof_hf,0.754534,0.000547093
vof_hf,0.754632,0.000544997
vof_hf,0.754729,0.000542855
vof_hf,0.754827,0.000540664
vof_hf,0.754924,0.000538426
vof_hf,0.755021,0.000536137
vof_hf,0.755119,0.000533798
vof_hf,0.755216,0.000531406
vof_hf,0.755314,0.000528961
vof_hf,0.755411,0.000526463
vof_hf,0.755509,0.000523914
vof_hf,0.755606,0.000521307
vof_hf,0.755704,0.000518639
vof_hf,0.755801,0.000515907
vof_hf,0.755898,0.000513111
vof_hf,0.755996,0.000510247
vof_hf,0.756093,0.000507317
vof_hf,0.756191,0.000504318
vof_hf,0.756288,0.000501255
vof_hf,0.756386,0.000498128
vof_hf,0.756483,0.000494942
vof_hf,0.756581,0.000491699
vof_hf,0.756678,0.000488407
vof_hf,0.756775,0.000485066
vof_hf,0.756873,0.00048168
vof_hf,0.75697,0.000478259
vof_hf,0.757068,0.000474801
vof_hf,0.757165,0.000471309
vof_hf,0.757263,0.000467786
vof_hf,0.75736,0.000464232
vof_hf,0.757458,0.000460649
vof_hf,0.757555,0.000457038
vof_hf,0.757652,0.000453403
vof_hf,0.75775,0.000449744
vof_hf,0.757847,0.000446065
vof_hf,0.757945,0.000442369
vof_hf,0.758042,0.00043865
vof_hf,0.75814,0.000434913
vof_hf,0.758237,0.000431155
vof_hf,0.758335,0.000427382
vof_hf,0.758432,0.000423588
vof_hf,0.75853,0.000419778
vof_hf,0.758627,0.000415945
vof_hf,0.758724,0.000412094
vof_hf,0.758822,0.000408216
vof_hf,0.758919,0.000404317
vof_hf,0.759017,0.000400388
vof_hf,0.759114,0.000396434
vof_hf,0.759212,0.000392449
vof_hf,0.759309,0.000388438
vof_hf,0.759407,0.000384371
vof_hf,0.759504,0.000380283
vof_hf,0.759601,0.000376168
vof_hf,0.759699,0.000372029
vof_hf,0.759796,0.000367862
vof_hf,0.759894,0.000363672
vof_hf,0.759991,0.000359447
vof_hf,0.760089,0.0003552
vof_hf,0.760186,0.000350927
vof_hf,0.760284,0.000346638
vof_hf,0.760381,0.000342327
vof_hf,0.760478,0.000338006
vof_hf,0.760576,0.00033367
vof_hf,0.760673,0.000329331
vof_hf,0.760771,0.000324984
vof_hf,0.760868,0.000320639
vof_hf,0.760966,0.00031731
vof_hf,0.761063,0.000312958
vof_hf,0.761161,0.000308611
vof_hf,0.761258,0.000304273
vof_hf,0.761355,0.000299942
vof_hf,0.761453,0.000295621
vof_hf,0.76155,0.000291307
vof_hf,0.761648,0.000287003
vof_hf,0.761745,0.000282707
vof_hf,0.761843,0.000278421
vof_hf,0.76194,0.000274143
vof_hf,0.762038,0.000269874
vof_hf,0.762135,0.000265616
vof_hf,0.762232,0.000261368
vof_hf,0.76233,0.000257132
vof_hf,0.762427,0.00025292
vof_hf,0.762525,0.000248732
vof_hf,0.762622,0.000244551
vof_hf,0.76272,0.00024039
vof_hf,0.762817,0.000236244
vof_hf,0.762915,0.000232114
vof_hf,0.763012,0.000227997
vof_hf,0.763109,0.000223895
vof_hf,0.763207,0.000219805
vof_hf,0.763304,0.000215727
vof_hf,0.763402,0.000211661
vof_hf,0.763499,0.000207608
vof_hf,0.763597,0.000203567
vof_hf,0.763694,0.000199541
vof_hf,0.763792,0.00019553
vof_hf,0.763889,0.000191536
vof_hf,0.763987,0.000187561
vof_hf,0.764084,0.000183608
vof_hf,0.764181,0.000179679
vof_hf,0.764279,0.000175775
vof_hf,0.764376,0.0001719
vof_hf,0.764474,0.000168054
vof_hf,0.764571,0.00016424
vof_hf,0.764669,0.000160457
vof_hf,0.764766,0.000156708
vof_hf,0.764864,0.000152994
vof_hf,0.764961,0.000149314
vof_hf,0.765058,0.000145669
vof_hf,0.765156,0.000142061
vof_hf,0.765253,0.000138495
vof_hf,0.765351,0.000134959
vof_hf,0.765448,0.000131462
vof_hf,0.765546,0.000128001
vof_hf,0.765643,0.000124576
vof_hf,0.765741,0.000121188
vof_hf,0.765838,0.000117834
vof_hf,0.765935,0.000114514
vof_hf,0.766033,0.000111227
vof_hf,0.76613,0.000107979
vof_hf,0.766228,0.000104757
vof_hf,0.766325,0.000101573
vof_hf,0.766423,9.84263e-05
vof_hf,0.76652,9.53212e-05
vof_hf,0.766618,9.22611e-05
vof_hf,0.766715,8.92503e-05
vof_hf,0.766812,8.6293e-05
vof_hf,0.76691,8.33932e-05
vof_hf,0.767007,8.05534e-05
vof_hf,0.767105,7.77773e-05
vof_hf,0.767202,7.50662e-05
vof_hf,0.7673,7.24209e-05
vof_hf,0.767397,6.98412e-05
vof_hf,0.767495,6.73262e-05
vof_hf,0.767592,6.4874e-05
vof_hf,0.767689,6.24829e-05
vof_hf,0.767787,6.01811e-05
vof_hf,0.767884,5.79047e-05
vof_hf,0.767982,5.56841e-05
vof_hf,0.768079,5.35175e-05
vof_hf,0.768177,5.14035e-05
vof_hf,0.768274,4.93408e-05
vof_hf,0.768372,4.73282e-05
vof_hf,0.768469,4.53645e-05
vof_hf,0.768567,4.34486e-05
vof_hf,0.768664,4.15785e-05
vof_hf,0.768761,3.97541e-05
vof_hf,0.768859,3.79747e-05
vof_hf,0.768956,3.62394e-05
vof_hf,0.769054,3.45481e-05
vof_hf,0.769151,3.29006e-05
vof_hf,0.769249,3.12972e-05
vof_hf,0.769346,2.97386e-05
vof_hf,0.769444,2.82261e-05
vof_hf,0.769541,2.67614e-05
vof_hf,0.769638,2.53466e-05
vof_hf,0.769736,2.39843e-05
vof_hf,0.769833,2.26775e-05
vof_hf,0.769931,2.14296e-05
vof_hf,0.770028,2.02438e-05
vof_hf,0.770126,1.91233e-05
vof_hf,0.770223,1.80715e-05
vof_hf,0.770321,1.7096e-05
vof_hf,0.770418,1.61891e-05
vof_hf,0.770515,1.53579e-05
vof_hf,0.770613,1.46039e-05
vof_hf,0.77071,1.39278e-05
vof_hf,0.770808,1.33298e-05
vof_hf,0.770905,1.28101e-05
vof_hf,0.771003,1.2368e-05
vof_hf,0.7711,1.20033e-05
vof_hf,0.771198,1.17151e-05
vof_hf,0.771295,1.15029e-05
vof_hf,0.771392,1.13658e-05
vof_hf,0.77149,1.13031e-05
vof_hf,0.771587,1.13136e-05
vof_hf,0.771685,1.13964e-05
vof_hf,0.771782,1.15502e-05
vof_hf,0.77188,1.17726e-05
vof_hf,0.771977,1.20637e-05
vof_hf,0.772075,1.24209e-05
vof_hf,0.772172,1.28426e-05
vof_hf,0.772269,1.33272e-05
vof_hf,0.772367,1.38734e-05
vof_hf,0.772464,1.44799e-05
vof_hf,0.772562,1.51456e-05
vof_hf,0.772659,1.58697e-05
vof_hf,0.772757,1.66517e-05
vof_hf,0.772854,1.74909e-05
vof_hf,0.772952,1.83873e-05
vof_hf,0.773049,1.93405e-05
vof_hf,0.773147,2.03504e-05
vof_hf,0.773244,2.1417e-05
vof_hf,0.773341,2.25404e-05
vof_hf,0.773439,2.37207e-05
vof_hf,0.773536,2.49582e-05
vof_hf,0.773634,2.62533e-05
vof_hf,0.773731,2.7607e-05
vof_hf,0.773829,2.90199e-05
vof_hf,0.773926,3.0493e-05
vof_hf,0.774024,3.20272e-05
vof_hf,0.774121,3.36239e-05
vof_hf,0.774218,3.52822e-05
vof_hf,0.774316,3.71174e-05
vof_hf,0.774413,3.90538e-05
vof_hf,0.774511,4.10391e-05
vof_hf,0.774608,4.307e-05
vof_hf,0.774706,4.48618e-05
vof_hf,0.774803,4.69756e-05
vof_hf,0.774901,4.92571e-05
vof_hf,0.774998,5.15172e-05
vof_hf,0.775095,5.36707e-05
vof_hf,0.775193,5.57749e-05
vof_hf,0.77529,5.79559e-05
vof_hf,0.775388,6.03056e-05
vof_hf,0.775485,6.28346e-05
vof_hf,0.775583,6.54508e-05
vof_hf,0.77568,6.80843e-05
vof_hf,0.775778,7.06981e-05
vof_hf,0.775875,7.33093e-05
vof_hf,0.775972,7.59612e-05
vof_hf,0.77607,7.8688e-05
vof_hf,0.776167,8.1493e-05
vof_hf,0.776265,8.43558e-05
vof_hf,0.776362,8.72532e-05
vof_hf,0.77646,9.01774e-05
vof_hf,0.776557,9.3138e-05
vof_hf,0.776655,9.61505e-05
vof_hf,0.776752,9.92229e-05
vof_hf,0.776849,0.00010235
vof_hf,0.776947,0.000105519
vof_hf,0.777044,0.000108721
vof_hf,0.777142,0.000111955
vof_hf,0.777239,0.000115231
vof_hf,0.777337,0.000118559
vof_hf,0.777434,0.000121944
vof_hf,0.777532,0.000125388
vof_hf,0.777629,0.000128885
vof_hf,0.777727,0.000132429
vof_hf,0.777824,0.000136018
vof_hf,0.777921,0.00013965
vof_hf,0.778019,0.000143324
vof_hf,0.778116,0.000147035
vof_hf,0.778214,0.000150778
vof_hf,0.778311,0.000154546
vof_hf,0.778409,0.000158332
vof_hf,0.778506,0.000162132
vof_hf,0.778604,0.00016594
vof_hf,0.778701,0.000169751
vof_hf,0.778798,0.00017356
vof_hf,0.778896,0.000177365
vof_hf,0.778993,0.000181169
vof_hf,0.779091,0.000184982
vof_hf,0.779188,0.000188812
vof_hf,0.779286,0.000192666
vof_hf,0.779383,0.000196546
vof_hf,0.779481,0.000200453
vof_hf,0.779578,0.000204386
vof_hf,0.779675,0.000208305
vof_hf,0.779773,0.000212288
vof_hf,0.77987,0.000216315
vof_hf,0.779968,0.000220395
vof_hf,0.780065,0.000224532
vof_hf,0.780163,0.000228722
vof_hf,0.78026,0.000232961
vof_hf,0.780358,0.000237232
vof_hf,0.780455,0.000241518
vof_hf,0.780552,0.000245804
vof_hf,0.78065,0.000250077
vof_hf,0.780747,0.000254334
vof_hf,0.780845,0.000258575
vof_hf,0.780942,0.000262807
vof_hf,0.78104,0.000267042
vof_hf,0.781137,0.000271291
vof_hf,0.781235,0.000275563
vof_hf,0.781332,0.000279862
vof_hf,0.781429,0.000284188
vof_hf,0.781527,0.000288583
vof_hf,0.781624,0.000292953
vof_hf,0.781722,0.000297333
vof_hf,0.781819,0.000301716
vof_hf,0.781917,0.000306094
vof_hf,0.782014,0.000310462
vof_hf,0.782112,0.000314811
vof_hf,0.782209,0.000319135
vof_hf,0.782306,0.000323429
vof_hf,0.782404,0.00032769
vof_hf,0.782501,0.00033192
vof_hf,0.782599,0.000336122
vof_hf,0.782696,0.0003403
vof_hf,0.782794,0.00034446
vof_hf,0.782891,0.000348607
vof_hf,0.782989,0.000352741
vof_hf,0.783086,0.000356864
vof_hf,0.783184,0.000360974
vof_hf,0.783281,0.000365071
vof_hf,0.783378,0.000369155
vof_hf,0.783476,0.000373229
vof_hf,0.783573,0.000377295
vof_hf,0.783671,0.000381281
vof_hf,0.783768,0.000385341
vof_hf,0.783866,0.000389394
vof_hf,0.783963,0.000393442
vof_hf,0.784061,0.000397485
vof_hf,0.784158,0.000401521
vof_hf,0.784255,0.00040555
vof_hf,0.784353,0.000409569
vof_hf,0.78445,0.000413585
vof_hf,0.784548,0.0004176
vof_hf,0.784645,0.00042159
vof_hf,0.784743,0.000425527
vof_hf,0.78484,0.000429425
vof_hf,0.784938,0.000433274
vof_hf,0.785035,0.000437075
vof_hf,0.785132,0.000440828
vof_hf,0.78523,0.000444537
vof_hf,0.785327,0.000448205
vof_hf,0.785425,0.000451842
vof_hf,0.785522,0.000455451
vof_hf,0.78562,0.000459037
vof_hf,0.785717,0.000462599
vof_hf,0.785815,0.000466136
vof_hf,0.785912,0.000469643
vof_hf,0.786009,0.00047312
vof_hf,0.786107,0.000476561
vof_hf,0.786204,0.000479964
vof_hf,0.786302,0.000483326
vof_hf,0.786399,0.000486644
vof_hf,0.786497,0.000489913
vof_hf,0.786594,0.000493131
vof_hf,0.786692,0.000496293
vof_hf,0.786789,0.0004994
vof_hf,0.786886,0.000502451
vof_hf,0.786984,0.000505448
vof_hf,0.787081,0.000508394
vof_hf,0.787179,0.000511293
vof_hf,0.787276,0.000514148
vof_hf,0.787374,0.000516961
vof_hf,0.787471,0.000519733
vof_hf,0.787569,0.000522464
vof_hf,0.787666,0.000525154
vof_hf,0.787764,0.000527804
vof_hf,0.787861,0.000530408
vof_hf,0.787958,0.000532966
vof_hf,0.788056,0.000535473
vof_hf,0.788153,0.000537928
vof_hf,0.788251,0.000540326
vof_hf,0.788348,0.000542666
vof_hf,0.788446,0.000544943
vof_hf,0.788543,0.000547154
vof_hf,0.788641,0.000549296
vof_hf,0.788738,0.000551368
vof_hf,0.788835,0.000553366
vof_hf,0.788933,0.000555291
vof_hf,0.78903,0.000557141
vof_hf,0.789128,0.000558918
vof_hf,0.789225,0.000560621
vof_hf,0.789323,0.000562256
vof_hf,0.78942,0.000563823
vof_hf,0.789518,0.000565329
vof_hf,0.789615,0.000566775
vof_hf,0.789712,0.000568169
vof_hf,0.78981,0.000569515
vof_hf,0.789907,0.000570818
vof_hf,0.790005,0.000572079
vof_hf,0.790102,0.000573304
vof_hf,0.7902,0.000574494
vof_hf,0.790297,0.000575551
vof_hf,0.790395,0.00057667
vof_hf,0.790492,0.000577747
vof_hf,0.790589,0.000578777
vof_hf,0.790687,0.000579751
vof_hf,0.790784,0.000580657
vof_hf,0.790882,0.000581483
vof_hf,0.790979,0.000582225
vof_hf,0.791077,0.000582878
vof_hf,0.791174,0.000583439
vof_hf,0.791272,0.000583907
vof_hf,0.791369,0.000584283
vof_hf,0.791466,0.000584574
vof_hf,0.791564,0.000584774
vof_hf,0.791661,0.000584915
vof_hf,0.791759,0.000584987
vof_hf,0.791856,0.000584996
vof_hf,0.791954,0.000584941
vof_hf,0.792051,0.000584827
vof_hf,0.792149,0.000584647
vof_hf,0.792246,0.000584403
vof_hf,0.792344,0.000584092
vof_hf,0.792441,0.000583737
vof_hf,0.792538,0.000583311
vof_hf,0.792636,0.000582811
vof_hf,0.792733,0.000582233
vof_hf,0.792831,0.000581578
vof_hf,0.792928,0.000580846
vof_hf,0.793026,0.000580042
vof_hf,0.793123,0.000579168
vof_hf,0.793221,0.000578228
vof_hf,0.793318,0.000577223
vof_hf,0.793415,0.00057616
vof_hf,0.793513,0.000575039
vof_hf,0.79361,0.000573865
vof_hf,0.793708,0.000572638
vof_hf,0.793805,0.000571362
vof_hf,0.793903,0.000570037
vof_hf,0.794,0.000568668
vof_hf,0.794098,0.000567252
vof_hf,0.794195,0.000565792
vof_hf,0.794292,0.000564285
vof_hf,0.79439,0.000562731
vof_hf,0.794487,0.000561125
vof_hf,0.794585,0.000559464
vof_hf,0.794682,0.00055774
vof_hf,0.79478,0.000555948
vof_hf,0.794877,0.000554078
vof_hf,0.794975,0.000552132
vof_hf,0.795072,0.000550104
vof_hf,0.795169,0.000547998
vof_hf,0.795267,0.000545814
vof_hf,0.795364,0.000543559
vof_hf,0.795462,0.000541237
vof_hf,0.795559,0.000538858
vof_hf,0.795657,0.000536423
vof_hf,0.795754,0.000533941
vof_hf,0.795852,0.000531412
vof_hf,0.795949,0.000528849
vof_hf,0.796046,0.000526228
vof_hf,0.796144,0.000523571
vof_hf,0.796241,0.00052087
vof_hf,0.796339,0.000518127
vof_hf,0.796436,0.000515339
vof_hf,0.796534,0.000510988
vof_hf,0.796631,0.000508116
vof_hf,0.796729,0.000505197
vof_hf,0.796826,0.000502229
vof_hf,0.796924,0.000499213
vof_hf,0.797021,0.000496147
vof_hf,0.797118,0.000493033
vof_hf,0.797216,0.00048987
vof_hf,0.797313,0.000486659
vof_hf,0.797411,0.000483401
vof_hf,0.797508,0.000480098
vof_hf,0.797606,0.000476751
vof_hf,0.797703,0.00047336
vof_hf,0.797801,0.000469938
vof_hf,0.797898,0.000466479
vof_hf,0.797995,0.000462988
vof_hf,0.798093,0.000459472
vof_hf,0.79819,0.000455921
vof_hf,0.798288,0.000452334
vof_hf,0.798385,0.00044872
vof_hf,0.798483,0.000445064
vof_hf,0.79858,0.000441377
vof_hf,0.798678,0.000437646
vof_hf,0.798775,0.00043388
vof_hf,0.798872,0.000430069
vof_hf,0.79897,0.000426226
vof_hf,0.799067,0.000422341
vof_hf,0.799165,0.000418428
vof_hf,0.799262,0.000414479
vof_hf,0.79936,0.000410507
vof_hf,0.799457,0.000406505
vof_hf,0.799555,0.000402486
vof_hf,0.799652,0.000398441
vof_hf,0.799749,0.000394383
vof_hf,0.799847,0.000390303
vof_hf,0.799944,0.000386223
vof_hf,0.800042,0.000382134
vof_hf,0.800139,0.000378046
vof_hf,0.800237,0.000373953
vof_hf,0.800334,0.000369865
vof_hf,0.800432,0.000365773
vof_hf,0.800529,0.000361684
vof_hf,0.800626,0.00035759
vof_hf,0.800724,0.000353497
vof_hf,0.800821,0.000349393
vof_hf,0.800919,0.000345279
vof_hf,0.801016,0.000341148
vof_hf,0.801114,0.000336997
vof_hf,0.801211,0.000332821
vof_hf,0.801309,0.000328618
vof_hf,0.801406,0.000324388
vof_hf,0.801504,0.000320132
vof_hf,0.801601,0.000315853
vof_hf,0.801698,0.000311554
vof_hf,0.801796,0.000307242
vof_hf,0.801893,0.00030292
vof_hf,0.801991,0.000298594
vof_hf,0.802088,0.000294266
vof_hf,0.802186,0.00028994
vof_hf,0.802283,0.000285617
vof_hf,0.802381,0.000281299
vof_hf,0.802478,0.000276985
vof_hf,0.802575,0.000272678
vof_hf,0.802673,0.000268377
vof_hf,0.80277,0.000264084
vof_hf,0.802868,0.000259801
vof_hf,0.802965,0.000255533
vof_hf,0.803063,0.000251279
vof_hf,0.80316,0.000247042
vof_hf,0.803258,0.000242823
vof_hf,0.803355,0.000238621
vof_hf,0.803452,0.000234437
vof_hf,0.80355,0.000230271
vof_hf,0.803647,0.000226828
vof_hf,0.803745,0.000222004
vof_hf,0.803842,0.000217889
vof_hf,0.80394,0.000213793
vof_hf,0.804037,0.000209719
vof_hf,0.804135,0.000205671
vof_hf,0.804232,0.000201652
vof_hf,0.804329,0.000197666
vof_hf,0.804427,0.000193715
vof_hf,0.804524,0.0001898
vof_hf,0.804622,0.000185922
vof_hf,0.804719,0.000182078
vof_hf,0.804817,0.000178817
vof_hf,0.804914,0.000175015
vof_hf,0.805012,0.000171231
vof_hf,0.805109,0.000167464
vof_hf,0.805206,0.00016371
vof_hf,0.805304,0.000159966
vof_hf,0.805401,0.000156232
vof_hf,0.805499,0.000152511
vof_hf,0.805596,0.000148808
vof_hf,0.805694,0.000145125
vof_hf,0.805791,0.00014147
vof_hf,0.805889,0.000137846
vof_hf,0.805986,0.000134259
vof_hf,0.806083,0.000130712
vof_hf,0.806181,0.000127213
vof_hf,0.806278,0.000123755
vof_hf,0.806376,0.00012034
vof_hf,0.806473,0.000116972
vof_hf,0.806571,0.00011365
vof_hf,0.806668,0.000110386
vof_hf,0.806766,0.000107157
vof_hf,0.806863,0.000103976
vof_hf,0.806961,0.000100844
vof_hf,0.807058,9.74809e-05
vof_hf,0.807155,9.44572e-05
vof_hf,0.807253,9.14822e-05
vof_hf,0.80735,8.85547e-05
vof_hf,0.807448,8.56728e-05
vof_hf,0.807545,8.28342e-05
vof_hf,0.807643,8.00366e-05
vof_hf,0.80774,7.72794e-05
vof_hf,0.807838,7.45625e-05
vof_hf,0.807935,7.18868e-05
vof_hf,0.808032,6.92551e-05
vof_hf,0.80813,6.66709e-05
vof_hf,0.808227,6.41387e-05
vof_hf,0.808325,6.1663e-05
vof_hf,0.808422,5.92469e-05
vof_hf,0.80852,5.68949e-05
vof_hf,0.808617,5.46078e-05
vof_hf,0.808715,5.2385e-05
vof_hf,0.808812,5.02222e-05
vof_hf,0.808909,4.812e-05
vof_hf,0.809007,4.60753e-05
vof_hf,0.809104,4.40845e-05
vof_hf,0.809202,4.21448e-05
vof_hf,0.809299,4.02545e-05
vof_hf,0.809397,3.84128e-05
vof_hf,0.809494,3.66207e-05
vof_hf,0.809592,3.48803e-05
vof_hf,0.809689,3.31946e-05
vof_hf,0.809786,3.15671e-05
vof_hf,0.809884,3.00686e-05
vof_hf,0.809981,2.85639e-05
vof_hf,0.810079,2.7128e-05
vof_hf,0.810176,2.57631e-05
vof_hf,0.810274,2.44706e-05
vof_hf,0.810371,2.32514e-05
vof_hf,0.810469,2.21059e-05
vof_hf,0.810566,2.1034e-05
vof_hf,0.810663,2.00352e-05
vof_hf,0.810761,1.91088e-05
vof_hf,0.810858,1.82534e-05
vof_hf,0.810956,1.74673e-05
vof_hf,0.811053,1.67481e-05
vof_hf,0.811151,1.60927e-05
vof_hf,0.811248,1.54976e-05
vof_hf,0.811346,1.49591e-05
vof_hf,0.811443,1.44733e-05
vof_hf,0.811541,1.40368e-05
vof_hf,0.811638,1.36471e-05
vof_hf,0.811735,1.33027e-05
vof_hf,0.811833,1.30037e-05
vof_hf,0.81193,1.27516e-05
vof_hf,0.812028,1.25494e-05
vof_hf,0.812125,1.24013e-05
vof_hf,0.812223,1.23121e-05
vof_hf,0.81232,1.22872e-05
vof_hf,0.812418,1.23316e-05
vof_hf,0.812515,1.24494e-05
vof_hf,0.812612,1.2644e-05
vof_hf,0.81271,1.2917e-05
vof_hf,0.812807,1.32698e-05
vof_hf,0.812905,1.37009e-05
vof_hf,0.813002,1.42113e-05
vof_hf,0.8131,1.47983e-05
vof_hf,0.813197,1.54597e-05
vof_hf,0.813295,1.61935e-05
vof_hf,0.813392,1.69975e-05
vof_hf,0.813489,1.78714e-05
vof_hf,0.813587,1.88099e-05
vof_hf,0.813684,1.98136e-05
vof_hf,0.813782,2.08802e-05
vof_hf,0.813879,2.20081e-05
vof_hf,0.813977,2.31955e-05
vof_hf,0.814074,2.44415e-05
vof_hf,0.814172,2.57447e-05
vof_hf,0.814269,2.71043e-05
vof_hf,0.814366,2.852e-05
vof_hf,0.814464,2.99918e-05
vof_hf,0.814561,3.152e-05
vof_hf,0.814659,3.31049e-05
vof_hf,0.814756,3.47473e-05
vof_hf,0.814854,3.64474e-05
vof_hf,0.814951,3.82053e-05
vof_hf,0.815049,4.00202e-05
vof_hf,0.815146,4.1891e-05
vof_hf,0.815243,4.38188e-05
vof_hf,0.815341,4.57981e-05
vof_hf,0.815438,4.78262e-05
vof_hf,0.815536,4.99005e-05
vof_hf,0.815633,5.2017e-05
vof_hf,0.815731,5.4178e-05
vof_hf,0.815828,5.63808e-05
vof_hf,0.815926,5.86251e-05
vof_hf,0.816023,6.09128e-05
vof_hf,0.816121,6.32463e-05
vof_hf,0.816218,6.56283e-05
vof_hf,0.816315,6.80622e-05
vof_hf,0.816413,7.05512e-05
vof_hf,0.81651,7.30983e-05
vof_hf,0.816608,7.57066e-05
vof_hf,0.816705,7.81894e-05
vof_hf,0.816803,8.09146e-05
vof_hf,0.8169,8.37027e-05
vof_hf,0.816998,8.65528e-05
vof_hf,0.817095,8.94634e-05
vof_hf,0.817192,9.24322e-05
vof_hf,0.81729,9.54567e-05
vof_hf,0.817387,9.85336e-05
vof_hf,0.817485,0.000101655
vof_hf,0.817582,0.000104823
vof_hf,0.81768,0.000108032
vof_hf,0.817777,0.000111281
vof_hf,0.817875,0.000114568
vof_hf,0.817972,0.00011789
vof_hf,0.818069,0.000121248
vof_hf,0.818167,0.00012464
vof_hf,0.818264,0.000128068
vof_hf,0.818362,0.000131532
vof_hf,0.818459,0.000135035
vof_hf,0.818557,0.000138577
vof_hf,0.818654,0.00014216
vof_hf,0.818752,0.000145785
vof_hf,0.818849,0.000149452
vof_hf,0.818946,0.000153161
vof_hf,0.819044,0.00015691
vof_hf,0.819141,0.000160698
vof_hf,0.819239,0.000164521
vof_hf,0.819336,0.000168376
vof_hf,0.819434,0.00017226
vof_hf,0.819531,0.000176169
vof_hf,0.819629,0.0001801
vof_hf,0.819726,0.000184051
vof_hf,0.819823,0.000188021
vof_hf,0.819921,0.000192009
vof_hf,0.820018,0.000196015
vof_hf,0.820116,0.00020004
vof_hf,0.820213,0.000204085
vof_hf,0.820311,0.000208152
vof_hf,0.820408,0.000212241
vof_hf,0.820506,0.000216354
vof_hf,0.820603,0.000220491
vof_hf,0.820701,0.000224652
vof_hf,0.820798,0.00022884
vof_hf,0.820895,0.000233051
vof_hf,0.820993,0.000237284
vof_hf,0.82109,0.000241535
vof_hf,0.821188,0.000245804
vof_hf,0.821285,0.000250086
vof_hf,0.821383,0.000254381
vof_hf,0.82148,0.000258683
vof_hf,0.821578,0.00026299
vof_hf,0.821675,0.0002673
vof_hf,0.821772,0.000271616
vof_hf,0.82187,0.000275929
vof_hf,0.821967,0.000280236
vof_hf,0.822065,0.000284537
vof_hf,0.822162,0.000288831
vof_hf,0.82226,0.000293119
vof_hf,0.822357,0.000297401
vof_hf,0.822455,0.000301679
vof_hf,0.822552,0.000305957
vof_hf,0.822649,0.000310234
vof_hf,0.822747,0.000314515
vof_hf,0.822844,0.000318801
vof_hf,0.822942,0.000323093
vof_hf,0.823039,0.000327391
vof_hf,0.823137,0.000331695
vof_hf,0.823234,0.000336004
vof_hf,0.823332,0.000340315
vof_hf,0.823429,0.000344625
vof_hf,0.823526,0.000348933
vof_hf,0.823624,0.000353232
vof_hf,0.823721,0.000357521
vof_hf,0.823819,0.000361795
vof_hf,0.823916,0.000366052
vof_hf,0.824014,0.000370287
vof_hf,0.824111,0.000374499
vof_hf,0.824209,0.000378683
vof_hf,0.824306,0.000382839
vof_hf,0.824403,0.000386965
vof_hf,0.824501,0.00039106
vof_hf,0.824598,0.000395121
vof_hf,0.824696,0.000399149
vof_hf,0.824793,0.000403144
vof_hf,0.824891,0.000407106
vof_hf,0.824988,0.000411035
vof_hf,0.825086,0.000414934
vof_hf,0.825183,0.000418789
vof_hf,0.82528,0.000422618
vof_hf,0.825378,0.000426419
vof_hf,0.825475,0.000430185
vof_hf,0.825573,0.00043392
vof_hf,0.82567,0.000437624
vof_hf,0.825768,0.000441296
vof_hf,0.825865,0.000444936
vof_hf,0.825963,0.000448545
vof_hf,0.82606,0.000452124
vof_hf,0.826158,0.00045567
vof_hf,0.826255,0.00045918
vof_hf,0.826352,0.000462656
vof_hf,0.82645,0.0004661
vof_hf,0.826547,0.000469509
vof_hf,0.826645,0.000472886
vof_hf,0.826742,0.00047623
vof_hf,0.82684,0.000479543
vof_hf,0.826937,0.000482823
vof_hf,0.827035,0.000486072
vof_hf,0.827132,0.000489289
vof_hf,0.827229,0.000492474
vof_hf,0.827327,0.000495622
vof_hf,0.827424,0.000498733
vof_hf,0.827522,0.000501802
vof_hf,0.827619,0.000504828
vof_hf,0.827717,0.000507804
vof_hf,0.827814,0.000510729
vof_hf,0.827912,0.000513595
vof_hf,0.828009,0.000516401
vof_hf,0.828106,0.000519144
vof_hf,0.828204,0.000521821
vof_hf,0.828301,0.00052443
vof_hf,0.828399,0.000526971
vof_hf,0.828496,0.00052945
vof_hf,0.828594,0.000531852
vof_hf,0.828691,0.000534192
vof_hf,0.828789,0.000536468
vof_hf,0.828886,0.000538682
vof_hf,0.828983,0.000540854
vof_hf,0.829081,0.000542953
vof_hf,0.829178,0.000545001
vof_hf,0.829276,0.000546997
vof_hf,0.829373,0.000548944
vof_hf,0.829471,0.000550842
vof_hf,0.829568,0.000552691
vof_hf,0.829666,0.000554491
vof_hf,0.829763,0.000556241
vof_hf,0.82986,0.000557939
vof_hf,0.829958,0.000559586
vof_hf,0.830055,0.000561179
vof_hf,0.830153,0.000562719
vof_hf,0.83025,0.000564205
vof_hf,0.830348,0.000565637
vof_hf,0.830445,0.000567014
vof_hf,0.830543,0.000568337
vof_hf,0.83064,0.000569604
vof_hf,0.830738,0.000570817
vof_hf,0.830835,0.000571975
vof_hf,0.830932,0.000573077
vof_hf,0.83103,0.000574121
vof_hf,0.831127,0.000575105
vof_hf,0.831225,0.00057603
vof_hf,0.831322,0.000576893
vof_hf,0.83142,0.000577694
vof_hf,0.831517,0.000578427
vof_hf,0.831615,0.000579092
vof_hf,0.831712,0.000579689
vof_hf,0.831809,0.000582033
vof_hf,0.831907,0.000582491
vof_hf,0.832004,0.000582872
vof_hf,0.832102,0.000583178
vof_hf,0.832199,0.000583405
vof_hf,0.832297,0.000583556
vof_hf,0.832394,0.00058363
vof_hf,0.832492,0.00058363
vof_hf,0.832589,0.000583556
vof_hf,0.832686,0.000583411
vof_hf,0.832784,0.000583195
vof_hf,0.832881,0.000582915
vof_hf,0.832979,0.000582573
vof_hf,0.833076,0.000582176
vof_hf,0.833174,0.000581725
vof_hf,0.833271,0.000581222
vof_hf,0.833369,0.000580665
vof_hf,0.833466,0.000580053
vof_hf,0.833563,0.000579379
vof_hf,0.833661,0.000578651
vof_hf,0.833758,0.000577865
vof_hf,0.833856,0.000577021
vof_hf,0.833953,0.000576114
vof_hf,0.834051,0.000575145
vof_hf,0.834148,0.000574109
vof_hf,0.834246,0.000573008
vof_hf,0.834343,0.000571839
vof_hf,0.83444,0.000570603
vof_hf,0.834538,0.0005693
vof_hf,0.834635,0.000567931
vof_hf,0.834733,0.000566496
vof_hf,0.83483,0.000564998
vof_hf,0.834928,0.000563437
vof_hf,0.835025,0.000561817
vof_hf,0.835123,0.000560138
vof_hf,0.83522,0.000558398
vof_hf,0.835318,0.00055661
vof_hf,0.835415,0.000554769
vof_hf,0.835512,0.000552874
vof_hf,0.83561,0.000550927
vof_hf,0.835707,0.000548925
vof_hf,0.835805,0.000546869
vof_hf,0.835902,0.000544753
vof_hf,0.836,0.000542583
vof_hf,0.836097,0.000540357
vof_hf,0.836195,0.000538079
vof_hf,0.836292,0.000535731
vof_hf,0.836389,0.000533332
vof_hf,0.836487,0.000530873
vof_hf,0.836584,0.00052836
vof_hf,0.836682,0.000525785
vof_hf,0.836779,0.000523152
vof_hf,0.836877,0.000520459
vof_hf,0.836974,0.000517711
vof_hf,0.837072,0.000514909
vof_hf,0.837169,0.000512055
vof_hf,0.837266,0.000509151
vof_hf,0.837364,0.000506198
vof_hf,0.837461,0.000503197
vof_hf,0.837559,0.000500148
vof_hf,0.837656,0.000497054
vof_hf,0.837754,0.000493916
vof_hf,0.837851,0.000490734
vof_hf,0.837949,0.000487507
vof_hf,0.838046,0.000484236
vof_hf,0.838143,0.00048092
vof_hf,0.838241,0.000477559
vof_hf,0.838338,0.000474153
vof_hf,0.838436,0.000470706
vof_hf,0.838533,0.000467203
vof_hf,0.838631,0.00046366
vof_hf,0.838728,0.000460074
vof_hf,0.838826,0.000456448
vof_hf,0.838923,0.000452782
vof_hf,0.83902,0.00044908
vof_hf,0.839118,0.000445343
vof_hf,0.839215,0.000441579
vof_hf,0.839313,0.000437788
vof_hf,0.83941,0.000433978
vof_hf,0.839508,0.000430145
vof_hf,0.839605,0.000426298
vof_hf,0.839703,0.000422431
vof_hf,0.8398,0.000418552
vof_hf,0.839898,0.000414654
vof_hf,0.839995,0.000410743
vof_hf,0.840092,0.000406811
vof_hf,0.84019,0.000402863
vof_hf,0.840287,0.000398891
vof_hf,0.840385,0.000394898
vof_hf,0.840482,0.00039096
vof_hf,0.84058,0.000386914
vof_hf,0.840677,0.000382839
vof_hf,0.840775,0.000378738
vof_hf,0.840872,0.000374608
vof_hf,0.840969,0.000370561
vof_hf,0.841067,0.000366391
vof_hf,0.841164,0.000362205
vof_hf,0.841262,0.000357997
vof_hf,0.841359,0.000353769
vof_hf,0.841457,0.000349518
vof_hf,0.841554,0.000345249
vof_hf,0.841652,0.000340958
vof_hf,0.841749,0.00033665
vof_hf,0.841846,0.000332326
vof_hf,0.841944,0.000327992
vof_hf,0.842041,0.000323648
vof_hf,0.842139,0.000319299
vof_hf,0.842236,0.000314946
vof_hf,0.842334,0.000310595
vof_hf,0.842431,0.000306243
vof_hf,0.842529,0.000301894
vof_hf,0.842626,0.000297549
vof_hf,0.842723,0.000293209
vof_hf,0.842821,0.000288874
vof_hf,0.842918,0.000284546
vof_hf,0.843016,0.000280177
vof_hf,0.843113,0.000275867
vof_hf,0.843211,0.000271627
vof_hf,0.843308,0.000267297
vof_hf,0.843406,0.000263029
vof_hf,0.843503,0.000258784
vof_hf,0.8436,0.000254568
vof_hf,0.843698,0.000250378
vof_hf,0.843795,0.000246213
vof_hf,0.843893,0.000242072
vof_hf,0.84399,0.000237955
vof_hf,0.844088,0.000233858
vof_hf,0.844185,0.000229781
vof_hf,0.844283,0.000225721
vof_hf,0.84438,0.000221678
vof_hf,0.844477,0.000217647
vof_hf,0.844575,0.000213671
vof_hf,0.844672,0.000209657
vof_hf,0.84477,0.000205649
vof_hf,0.844867,0.000201645
vof_hf,0.844965,0.000197646
vof_hf,0.845062,0.000193653
vof_hf,0.84516,0.000189667
vof_hf,0.845257,0.00018569
vof_hf,0.845355,0.000181725
vof_hf,0.845452,0.000177774
vof_hf,0.845549,0.000173843
vof_hf,0.845647,0.000169906
vof_hf,0.845744,0.000166026
vof_hf,0.845842,0.000162178
vof_hf,0.845939,0.000158364
vof_hf,0.846037,0.000154588
vof_hf,0.846134,0.000150851
vof_hf,0.846232,0.000147155
vof_hf,0.846329,0.0001435
vof_hf,0.846426,0.000139888
vof_hf,0.846524,0.000136317
vof_hf,0.846621,0.000132788
vof_hf,0.846719,0.000129302
vof_hf,0.846816,0.000125864
vof_hf,0.846914,0.000122464
vof_hf,0.847011,0.000119132
vof_hf,0.847109,0.00011582
vof_hf,0.847206,0.000112553
vof_hf,0.847303,0.000109333
vof_hf,0.847401,0.000106158
vof_hf,0.847498,0.000103029
vof_hf,0.847596,9.99472e-05
vof_hf,0.847693,9.69129e-05
vof_hf,0.847791,9.39271e-05
vof_hf,0.847888,9.09908e-05
vof_hf,0.847986,8.81053e-05
vof_hf,0.848083,8.52719e-05
vof_hf,0.84818,8.24916e-05
vof_hf,0.848278,7.97646e-05
vof_hf,0.848375,7.7091e-05
vof_hf,0.848473,7.44699e-05
vof_hf,0.84857,7.18997e-05
vof_hf,0.848668,6.93781e-05
vof_hf,0.848765,6.69037e-05
vof_hf,0.848863,6.44756e-05
vof_hf,0.84896,6.20933e-05
vof_hf,0.849057,5.97574e-05
vof_hf,0.849155,5.74691e-05
vof_hf,0.849252,5.52303e-05
vof_hf,0.84935,5.30432e-05
vof_hf,0.849447,5.09097e-05
vof_hf,0.849545,4.88313e-05
vof_hf,0.849642,4.6809e-05
vof_hf,0.84974,4.48429e-05
vof_hf,0.849837,4.2933e-05
vof_hf,0.849935,4.10778e-05
vof_hf,0.850032,3.92775e-05
vof_hf,0.850129,3.75325e-05
vof_hf,0.850227,3.58428e-05
vof_hf,0.850324,3.42089e-05
vof_hf,0.850422,3.26305e-05
vof_hf,0.850519,3.1109e-05
vof_hf,0.850617,2.96447e-05
vof_hf,0.850714,2.8238e-05
vof_hf,0.850812,2.68891e-05
vof_hf,0.850909,2.55979e-05
vof_hf,0.851006,2.43642e-05
vof_hf,0.851104,2.31878e-05
vof_hf,0.851201,2.2069e-05
vof_hf,0.851299,2.10085e-05
vof_hf,0.851396,2.00073e-05
vof_hf,0.851494,1.90667e-05
vof_hf,0.851591,1.81883e-05
vof_hf,0.851689,1.73735e-05
vof_hf,0.851786,1.66249e-05
vof_hf,0.851883,1.59433e-05
vof_hf,0.851981,1.53299e-05
vof_hf,0.852078,1.47854e-05
vof_hf,0.852176,1.43101e-05
vof_hf,0.852273,1.39039e-05
vof_hf,0.852371,1.35667e-05
vof_hf,0.852468,1.32978e-05
vof_hf,0.852566,1.30973e-05
vof_hf,0.852663,1.29649e-05
vof_hf,0.85276,1.29005e-05
vof_hf,0.852858,1.29044e-05
vof_hf,0.852955,1.29768e-05
vof_hf,0.853053,1.31181e-05
vof_hf,0.85315,1.33283e-05
vof_hf,0.853248,1.36075e-05
vof_hf,0.853345,1.39555e-05
vof_hf,0.853443,1.43719e-05
vof_hf,0.85354,1.48562e-05
vof_hf,0.853637,1.54078e-05
vof_hf,0.853735,1.60259e-05
vof_hf,0.853832,1.67099e-05
vof_hf,0.85393,1.7459e-05
vof_hf,0.854027,1.82724e-05
vof_hf,0.854125,1.91506e-05
vof_hf,0.854222,2.00927e-05
vof_hf,0.85432,2.10957e-05
vof_hf,0.854417,2.21582e-05
vof_hf,0.854515,2.32787e-05
vof_hf,0.854612,2.44563e-05
vof_hf,0.854709,2.56885e-05
vof_hf,0.854807,2.69738e-05
vof_hf,0.854904,2.83109e-05
vof_hf,0.855002,2.9699e-05
vof_hf,0.855099,3.11376e-05
vof_hf,0.855197,3.26266e-05
vof_hf,0.855294,3.41663e-05
vof_hf,0.855392,3.57576e-05
vof_hf,0.855489,3.74018e-05
vof_hf,0.855586,3.91005e-05
vof_hf,0.855684,4.08568e-05
vof_hf,0.855781,4.26721e-05
vof_hf,0.855879,4.45491e-05
vof_hf,0.855976,4.64904e-05
vof_hf,0.856074,4.84979e-05
vof_hf,0.856171,5.05751e-05
vof_hf,0.856269,5.27227e-05
vof_hf,0.856366,5.49417e-05
vof_hf,0.856463,5.72319e-05
vof_hf,0.856561,5.95926e-05
vof_hf,0.856658,6.20221e-05
vof_hf,0.856756,6.45185e-05
vof_hf,0.856853,6.7014e-05
vof_hf,0.856951,6.96317e-05
vof_hf,0.857048,7.23106e-05
vof_hf,0.857146,7.50108e-05
vof_hf,0.857243,7.7733e-05
vof_hf,0.85734,8.03816e-05
vof_hf,0.857438,8.32781e-05
vof_hf,0.857535,8.6309e-05
vof_hf,0.857633,8.93317e-05
vof_hf,0.85773,9.22777e-05
vof_hf,0.857828,9.51825e-05
vof_hf,0.857925,9.81335e-05
vof_hf,0.858023,0.000101197
vof_hf,0.85812,0.000104378
vof_hf,0.858217,0.000107627
vof_hf,0.858315,0.00011089
vof_hf,0.858412,0.000114142
vof_hf,0.85851,0.000117398
vof_hf,0.858607,0.000120692
vof_hf,0.858705,0.00012405
vof_hf,0.858802,0.000127474
vof_hf,0.8589,0.000130948
vof_hf,0.858997,0.000134452
vof_hf,0.859095,0.000137979
vof_hf,0.859192,0.000141533
vof_hf,0.859289,0.000145123
vof_hf,0.859387,0.000148752
vof_hf,0.859484,0.000152411
vof_hf,0.859582,0.000156087
vof_hf,0.859679,0.000159772
vof_hf,0.859777,0.000163466
vof_hf,0.859874,0.000167179
vof_hf,0.859972,0.000170923
vof_hf,0.860069,0.000174707
vof_hf,0.860166,0.000178534
vof_hf,0.860264,0.000182403
vof_hf,0.860361,0.000186312
vof_hf,0.860459,0.000190258
vof_hf,0.860556,0.000194242
vof_hf,0.860654,0.000198263
vof_hf,0.860751,0.00020232
vof_hf,0.860849,0.000206412
vof_hf,0.860946,0.000210537
vof_hf,0.861043,0.000214694
vof_hf,0.861141,0.000218875
vof_hf,0.861238,0.000223078
vof_hf,0.861336,0.000227293
vof_hf,0.861433,0.000231517
vof_hf,0.861531,0.000235745
vof_hf,0.861628,0.000239981
vof_hf,0.861726,0.000244229
vof_hf,0.861823,0.000248492
vof_hf,0.86192,0.000252772
vof_hf,0.862018,0.00025707
vof_hf,0.862115,0.000261379
vof_hf,0.862213,0.000265696
vof_hf,0.86231,0.000270016
vof_hf,0.862408,0.000274341
vof_hf,0.862505,0.000278677
vof_hf,0.862603,0.000283029
vof_hf,0.8627,0.000287345
vof_hf,0.862797,0.000291734
vof_hf,0.862895,0.000296136
vof_hf,0.862992,0.000300543
vof_hf,0.86309,0.00030494
vof_hf,0.863187,0.000309317
vof_hf,0.863285,0.000313664
vof_hf,0.863382,0.000317979
vof_hf,0.86348,0.000322265
vof_hf,0.863577,0.000326527
vof_hf,0.863674,0.000330773
vof_hf,0.863772,0.000335007
vof_hf,0.863869,0.000339236
vof_hf,0.863967,0.00034346
vof_hf,0.864064,0.00034768
vof_hf,0.864162,0.000351897
vof_hf,0.864259,0.000356108
vof_hf,0.864357,0.000360324
vof_hf,0.864454,0.000364539
vof_hf,0.864552,0.000368754
vof_hf,0.864649,0.000372965
vof_hf,0.864746,0.000377166
vof_hf,0.864844,0.000381351
vof_hf,0.864941,0.000385514
vof_hf,0.865039,0.00038965
vof_hf,0.865136,0.000393754
vof_hf,0.865234,0.000397828
vof_hf,0.865331,0.00040187
vof_hf,0.865429,0.000405881
vof_hf,0.865526,0.000409855
vof_hf,0.865623,0.000413798
vof_hf,0.865721,0.00041771
vof_hf,0.865818,0.00042159
vof_hf,0.865916,0.000425439
vof_hf,0.866013,0.000429259
vof_hf,0.866111,0.000433055
vof_hf,0.866208,0.000436827
vof_hf,0.866306,0.000440578
vof_hf,0.866403,0.000444311
vof_hf,0.8665,0.000448025
vof_hf,0.866598,0.00045172
vof_hf,0.866695,0.000455397
vof_hf,0.866793,0.000459052
vof_hf,0.86689,0.000462688
vof_hf,0.866988,0.000466298
vof_hf,0.867085,0.000469882
vof_hf,0.867183,0.000473431
vof_hf,0.86728,0.00047694
vof_hf,0.867377,0.000480399
vof_hf,0.867475,0.000483802
vof_hf,0.867572,0.000487141
vof_hf,0.86767,0.000490413
vof_hf,0.867767,0.000493614
vof_hf,0.867865,0.00049675
vof_hf,0.867962,0.000499821
vof_hf,0.86806,0.000502833
vof_hf,0.868157,0.000505788
vof_hf,0.868254,0.000508691
vof_hf,0.868352,0.000511541
vof_hf,0.868449,0.000514343
vof_hf,0.868547,0.000517097
vof_hf,0.868644,0.000519804
vof_hf,0.868742,0.000522465
vof_hf,0.868839,0.000525103
vof_hf,0.868937,0.000527677
vof_hf,0.869034,0.000530208
vof_hf,0.869132,0.000532693
vof_hf,0.869229,0.000535131
vof_hf,0.869326,0.000537518
vof_hf,0.869424,0.000539851
vof_hf,0.869521,0.000542125
vof_hf,0.869619,0.000544338
vof_hf,0.869716,0.000546488
vof_hf,0.869814,0.000548574
vof_hf,0.869911,0.000550598
vof_hf,0.870009,0.000552562
vof_hf,0.870106,0.000554467
vof_hf,0.870203,0.000556317
vof_hf,0.870301,0.000558114
vof_hf,0.870398,0.000559861
vof_hf,0.870496,0.000561558
vof_hf,0.870593,0.000563208
vof_hf,0.870691,0.000564809
vof_hf,0.870788,0.00056636
vof_hf,0.870886,0.000567857
vof_hf,0.870983,0.000569298
vof_hf,0.87108,0.000570677
vof_hf,0.871178,0.000571994
vof_hf,0.871275,0.000573242
vof_hf,0.871373,0.000574422
vof_hf,0.87147,0.00057553
vof_hf,0.871568,0.000576564
vof_hf,0.871665,0.000577524
vof_hf,0.871763,0.00057841
vof_hf,0.87186,0.000579223
vof_hf,0.871957,0.000579964
vof_hf,0.872055,0.000580636
vof_hf,0.872152,0.000581241
vof_hf,0.87225,0.00058178
vof_hf,0.872347,0.000582254
vof_hf,0.872445,0.000582663
vof_hf,0.872542,0.00058301
vof_hf,0.87264,0.000583294
vof_hf,0.872737,0.000583517
vof_hf,0.872834,0.000583679
vof_hf,0.872932,0.000583781
vof_hf,0.873029,0.000583823
vof_hf,0.873127,0.000583807
vof_hf,0.873224,0.000583731
vof_hf,0.873322,0.000583597
vof_hf,0.873419,0.000583402
vof_hf,0.873517,0.00058316
vof_hf,0.873614,0.000582855
vof_hf,0.873712,0.000582487
vof_hf,0.873809,0.000582053
vof_hf,0.873906,0.000581545
vof_hf,0.874004,0.000580958
vof_hf,0.874101,0.000580293
vof_hf,0.874199,0.000579551
vof_hf,0.874296,0.000578737
vof_hf,0.874394,0.000577855
vof_hf,0.874491,0.000576911
vof_hf,0.874589,0.000575909
vof_hf,0.874686,0.000574854
vof_hf,0.874783,0.000573744
vof_hf,0.874881,0.000572583
vof_hf,0.874978,0.00057137
vof_hf,0.875076,0.000570108
vof_hf,0.875173,0.00056879
vof_hf,0.875271,0.000567418
vof_hf,0.875368,0.000565986
vof_hf,0.875466,0.000564492
vof_hf,0.875563,0.000562931
vof_hf,0.87566,0.000561303
vof_hf,0.875758,0.000559603
vof_hf,0.875855,0.000557833
vof_hf,0.875953,0.000555994
vof_hf,0.87605,0.000554088
vof_hf,0.876148,0.000552117
vof_hf,0.876245,0.000550089
vof_hf,0.876343,0.000548004
vof_hf,0.87644,0.000545868
vof_hf,0.876537,0.000543681
vof_hf,0.876635,0.000541454
vof_hf,0.876732,0.00053917
vof_hf,0.87683,0.000536839
vof_hf,0.876927,0.000534457
vof_hf,0.877025,0.000532029
vof_hf,0.877122,0.000529553
vof_hf,0.87722,0.000527032
vof_hf,0.877317,0.000524465
vof_hf,0.877414,0.000521856
vof_hf,0.877512,0.000519201
vof_hf,0.877609,0.000516499
vof_hf,0.877707,0.000513745
vof_hf,0.877804,0.000510936
vof_hf,0.877902,0.000508073
vof_hf,0.877999,0.000505151
vof_hf,0.878097,0.000502167
vof_hf,0.878194,0.000499121
vof_hf,0.878292,0.000496013
vof_hf,0.878389,0.000492846
vof_hf,0.878486,0.000489622
vof_hf,0.878584,0.000486348
vof_hf,0.878681,0.000483028
vof_hf,0.878779,0.000479668
vof_hf,0.878876,0.000476271
vof_hf,0.878974,0.000472836
vof_hf,0.879071,0.000469377
vof_hf,0.879169,0.000465889
vof_hf,0.879266,0.000462553
vof_hf,0.879363,0.00045901
vof_hf,0.879461,0.000455435
vof_hf,0.879558,0.000451821
vof_hf,0.879656,0.000448166
vof_hf,0.879753,0.000444466
vof_hf,0.879851,0.000440737
vof_hf,0.879948,0.000436966
vof_hf,0.880046,0.000433158
vof_hf,0.880143,0.00042931
vof_hf,0.88024,0.000425427
vof_hf,0.880338,0.000421508
vof_hf,0.880435,0.00041756
vof_hf,0.880533,0.000413584
vof_hf,0.88063,0.000409585
vof_hf,0.880728,0.000405566
vof_hf,0.880825,0.000401526
vof_hf,0.880923,0.00039741
vof_hf,0.88102,0.000393351
vof_hf,0.881117,0.000389279
vof_hf,0.881215,0.000385196
vof_hf,0.881312,0.000381098
vof_hf,0.88141,0.000376987
vof_hf,0.881507,0.000372863
vof_hf,0.881605,0.000368727
vof_hf,0.881702,0.000364571
vof_hf,0.8818,0.000360404
vof_hf,0.881897,0.000356226
vof_hf,0.881994,0.000352039
vof_hf,0.882092,0.00034784
vof_hf,0.882189,0.0003437
vof_hf,0.882287,0.000339479
vof_hf,0.882384,0.000335248
vof_hf,0.882482,0.000331007
vof_hf,0.882579,0.000326701
vof_hf,0.882677,0.000322446
vof_hf,0.882774,0.000318186
vof_hf,0.882871,0.00031392
vof_hf,0.882969,0.000309651
vof_hf,0.883066,0.000305377
vof_hf,0.883164,0.000301101
vof_hf,0.883261,0.000296821
vof_hf,0.883359,0.000292539
vof_hf,0.883456,0.000288256
vof_hf,0.883554,0.000283981
vof_hf,0.883651,0.000279695
vof_hf,0.883749,0.000275409
vof_hf,0.883846,0.000271123
vof_hf,0.883943,0.000266836
vof_hf,0.884041,0.000262551
vof_hf,0.884138,0.000258266
vof_hf,0.884236,0.000253983
vof_hf,0.884333,0.000249718
vof_hf,0.884431,0.000245458
vof_hf,0.884528,0.000241203
vof_hf,0.884626,0.000236957
vof_hf,0.884723,0.000232723
vof_hf,0.88482,0.000228505
vof_hf,0.884918,0.000224309
vof_hf,0.885015,0.000220138
vof_hf,0.885113,0.000215996
vof_hf,0.88521,0.000211888
vof_hf,0.885308,0.000207803
vof_hf,0.885405,0.00020375
vof_hf,0.885503,0.000199728
vof_hf,0.8856,0.000195737
vof_hf,0.885697,0.000191777
vof_hf,0.885795,0.000187847
vof_hf,0.885892,0.000183947
vof_hf,0.88599,0.000180076
vof_hf,0.886087,0.000176237
vof_hf,0.886185,0.000172431
vof_hf,0.886282,0.000168657
vof_hf,0.88638,0.000164919
vof_hf,0.886477,0.000161216
vof_hf,0.886574,0.000157551
vof_hf,0.886672,0.000153925
vof_hf,0.886769,0.000150336
vof_hf,0.886867,0.000146786
vof_hf,0.886964,0.000143274
vof_hf,0.887062,0.000139798
vof_hf,0.887159,0.000136357
vof_hf,0.887257,0.00013295
vof_hf,0.887354,0.000129574
vof_hf,0.887451,0.000126228
vof_hf,0.887549,0.000122911
vof_hf,0.887646,0.000119623
vof_hf,0.887744,0.000116363
vof_hf,0.887841,0.000113132
vof_hf,0.887939,0.000109932
vof_hf,0.888036,0.000106762
vof_hf,0.888134,0.000103625
vof_hf,0.888231,0.000100523
vof_hf,0.888329,9.74555e-05
vof_hf,0.888426,9.44255e-05
vof_hf,0.888523,9.14312e-05
vof_hf,0.888621,8.84783e-05
vof_hf,0.888718,8.55694e-05
vof_hf,0.888816,8.27071e-05
vof_hf,0.888913,7.98943e-05
vof_hf,0.889011,7.71345e-05
vof_hf,0.889108,7.44309e-05
vof_hf,0.889206,7.17867e-05
vof_hf,0.889303,6.92037e-05
vof_hf,0.8894,6.6684e-05
vof_hf,0.889498,6.42281e-05
vof_hf,0.889595,6.18362e-05
vof_hf,0.889693,5.95069e-05
vof_hf,0.88979,5.72396e-05
vof_hf,0.889888,5.50327e-05
vof_hf,0.889985,5.28847e-05
vof_hf,0.890083,5.07916e-05
vof_hf,0.89018,4.87548e-05
vof_hf,0.890277,4.67733e-05
vof_hf,0.890375,4.48462e-05
vof_hf,0.890472,4.29735e-05
vof_hf,0.89057,4.1155e-05
vof_hf,0.890667,3.93911e-05
vof_hf,0.890765,3.76824e-05
vof_hf,0.890862,3.60287e-05
vof_hf,0.89096,3.4431e-05
vof_hf,0.891057,3.28899e-05
vof_hf,0.891154,3.1406e-05
vof_hf,0.891252,2.99801e-05
vof_hf,0.891349,2.86133e-05
vof_hf,0.891447,2.73067e-05
vof_hf,0.891544,2.60619e-05
vof_hf,0.891642,2.488e-05
vof_hf,0.891739,2.37622e-05
vof_hf,0.891837,2.27092e-05
vof_hf,0.891934,2.17212e-05
vof_hf,0.892031,2.07976e-05
vof_hf,0.892129,1.9937e-05
vof_hf,0.892226,1.91378e-05
vof_hf,0.892324,1.83984e-05
vof_hf,0.892421,1.77148e-05
vof_hf,0.892519,1.70858e-05
vof_hf,0.892616,1.65106e-05
vof_hf,0.892714,1.59866e-05
vof_hf,0.892811,1.55147e-05
vof_hf,0.892909,1.50958e-05
vof_hf,0.893006,1.47319e-05
vof_hf,0.893103,1.44253e-05
vof_hf,0.893201,1.4179e-05
vof_hf,0.893298,1.3996e-05
vof_hf,0.893396,1.38791e-05
vof_hf,0.893493,1.38307e-05
vof_hf,0.893591,1.38528e-05
vof_hf,0.893688,1.39464e-05
vof_hf,0.893786,1.41123e-05
vof_hf,0.893883,1.43503e-05
vof_hf,0.89398,1.46598e-05
vof_hf,0.894078,1.50397e-05
vof_hf,0.894175,1.54886e-05
vof_hf,0.894273,1.6005e-05
vof_hf,0.89437,1.65874e-05
vof_hf,0.894468,1.72349e-05
vof_hf,0.894565,1.79464e-05
vof_hf,0.894663,1.87215e-05
vof_hf,0.89476,1.95602e-05
vof_hf,0.894857,2.04626e-05
vof_hf,0.894955,2.14293e-05
vof_hf,0.895052,2.24611e-05
vof_hf,0.89515,2.35588e-05
vof_hf,0.895247,2.47233e-05
vof_hf,0.895345,2.59554e-05
vof_hf,0.895442,2.72556e-05
vof_hf,0.89554,2.86242e-05
vof_hf,0.895637,3.00609e-05
vof_hf,0.895734,3.15651e-05
vof_hf,0.895832,3.31354e-05
vof_hf,0.895929,3.47704e-05
vof_hf,0.896027,3.64678e-05
vof_hf,0.896124,3.82311e-05
vof_hf,0.896222,4.00467e-05
vof_hf,0.896319,4.19181e-05
vof_hf,0.896417,4.38433e-05
vof_hf,0.896514,4.58208e-05
vof_hf,0.896611,4.78498e-05
vof_hf,0.896709,4.993e-05
vof_hf,0.896806,5.20635e-05
vof_hf,0.896904,5.42494e-05
vof_hf,0.897001,5.64882e-05
vof_hf,0.897099,5.87804e-05
vof_hf,0.897196,6.11263e-05
vof_hf,0.897294,6.35257e-05
vof_hf,0.897391,6.5978e-05
vof_hf,0.897489,6.8482e-05
vof_hf,0.897586,7.10362e-05
vof_hf,0.897683,7.3639e-05
vof_hf,0.897781,7.62887e-05
vof_hf,0.897878,7.8984e-05
vof_hf,0.897976,8.1724e-05
vof_hf,0.898073,8.45084e-05
vof_hf,0.898171,8.73383e-05
vof_hf,0.898268,9.02137e-05
vof_hf,0.898366,9.31361e-05
vof_hf,0.898463,9.61067e-05
vof_hf,0.89856,9.91272e-05
vof_hf,0.898658,0.000102199
vof_hf,0.898755,0.000105323
vof_hf,0.898853,0.0001085
vof_hf,0.89895,0.000111731
vof_hf,0.899048,0.000115015
vof_hf,0.899145,0.000118353
vof_hf,0.899243,0.000121743
vof_hf,0.89934,0.000125185
vof_hf,0.899437,0.000128678
vof_hf,0.899535,0.000132222
vof_hf,0.899632,0.000135814
vof_hf,0.89973,0.000139453
vof_hf,0.899827,0.000143138
vof_hf,0.899925,0.000146867
vof_hf,0.900022,0.000150636
vof_hf,0.90012,0.000154444
vof_hf,0.900217,0.000158287
vof_hf,0.900314,0.000162163
vof_hf,0.900412,0.000166066
vof_hf,0.900509,0.000169995
vof_hf,0.900607,0.000173947
vof_hf,0.900704,0.000177919
vof_hf,0.900802,0.000181908
vof_hf,0.900899,0.000185914
vof_hf,0.900997,0.000189936
vof_hf,0.901094,0.000193973
vof_hf,0.901191,0.000198025
vof_hf,0.901289,0.000201949
vof_hf,0.901386,0.000205973
vof_hf,0.901484,0.00021
vof_hf,0.901581,0.000213976
vof_hf,0.901679,0.000217784
vof_hf,0.901776,0.000221871
vof_hf,0.901874,0.000226157
vof_hf,0.901971,0.000230456
vof_hf,0.902068,0.00023465
vof_hf,0.902166,0.000238752
vof_hf,0.902263,0.00024286
vof_hf,0.902361,0.00024706
vof_hf,0.902458,0.000251358
vof_hf,0.902556,0.000255691
vof_hf,0.902653,0.000259987
vof_hf,0.902751,0.000264211
vof_hf,0.902848,0.000268383
vof_hf,0.902946,0.000272543
vof_hf,0.903043,0.000276721
vof_hf,0.90314,0.000280918
vof_hf,0.903238,0.000285118
vof_hf,0.903335,0.000289304
vof_hf,0.903433,0.000293469
vof_hf,0.90353,0.00029762
vof_hf,0.903628,0.000301772
vof_hf,0.903725,0.000305944
vof_hf,0.903823,0.000310134
vof_hf,0.90392,0.000314345
vof_hf,0.904017,0.000318565
vof_hf,0.904115,0.000322789
vof_hf,0.904212,0.000327013
vof_hf,0.90431,0.000331236
vof_hf,0.904407,0.000335459
vof_hf,0.904505,0.000339682
vof_hf,0.904602,0.000343906
vof_hf,0.9047,0.000348131
vof_hf,0.904797,0.000352357
vof_hf,0.904894,0.000356583
vof_hf,0.904992,0.000360803
vof_hf,0.905089,0.000365016
vof_hf,0.905187,0.000369217
vof_hf,0.905284,0.000373402
vof_hf,0.905382,0.000377568
vof_hf,0.905479,0.000381711
vof_hf,0.905577,0.000385821
vof_hf,0.905674,0.000389889
vof_hf,0.905771,0.000393914
vof_hf,0.905869,0.000397898
vof_hf,0.905966,0.000401848
vof_hf,0.906064,0.000405769
vof_hf,0.906161,0.000409671
vof_hf,0.906259,0.000413553
vof_hf,0.906356,0.00041742
vof_hf,0.906454,0.000421269
vof_hf,0.906551,0.000425093
vof_hf,0.906648,0.000428885
vof_hf,0.906746,0.000432636
vof_hf,0.906843,0.000436356
vof_hf,0.906941,0.000440046
vof_hf,0.907038,0.0004437
vof_hf,0.907136,0.000447319
vof_hf,0.907233,0.000450895
vof_hf,0.907331,0.000454426
vof_hf,0.907428,0.000457906
vof_hf,0.907526,0.000461337
vof_hf,0.907623,0.000464721
vof_hf,0.90772,0.000468067
vof_hf,0.907818,0.000471381
vof_hf,0.907915,0.00047467
vof_hf,0.908013,0.000477931
vof_hf,0.90811,0.000481174
vof_hf,0.908208,0.000484396
vof_hf,0.908305,0.000487496
vof_hf,0.908403,0.000490661
vof_hf,0.9085,0.00049379
vof_hf,0.908597,0.000496878
vof_hf,0.908695,0.000499925
vof_hf,0.908792,0.000502928
vof_hf,0.90889,0.000505891
vof_hf,0.908987,0.000508813
vof_hf,0.909085,0.000511696
vof_hf,0.909182,0.000514539
vof_hf,0.90928,0.000517342
vof_hf,0.909377,0.000520103
vof_hf,0.909474,0.000522924
vof_hf,0.909572,0.000525601
vof_hf,0.909669,0.000528132
vof_hf,0.909767,0.000530722
vof_hf,0.909864,0.000533266
vof_hf,0.909962,0.00053576
vof_hf,0.910059,0.000538204
vof_hf,0.910157,0.000540593
vof_hf,0.910254,0.000542927
vof_hf,0.910351,0.000545204
vof_hf,0.910449,0.000547423
vof_hf,0.910546,0.000549577
vof_hf,0.910644,0.000551665
vof_hf,0.910741,0.000553685
vof_hf,0.910839,0.000555634
vof_hf,0.910936,0.000557514
vof_hf,0.911034,0.000559325
vof_hf,0.911131,0.000561068
vof_hf,0.911228,0.000562746
vof_hf,0.911326,0.000564357
vof_hf,0.911423,0.000565904
vof_hf,0.911521,0.000567385
vof_hf,0.911618,0.000568957
vof_hf,0.911716,0.000570315
vof_hf,0.911813,0.000571595
vof_hf,0.911911,0.000572808
vof_hf,0.912008,0.000573959
vof_hf,0.912106,0.00057505
vof_hf,0.912203,0.000576085
vof_hf,0.9123,0.00057707
vof_hf,0.912398,0.000578013
vof_hf,0.912495,0.000578914
vof_hf,0.912593,0.000579773
vof_hf,0.91269,0.000580586
vof_hf,0.912788,0.000581346
vof_hf,0.912885,0.000582041
vof_hf,0.912983,0.000582681
vof_hf,0.91308,0.000583253
vof_hf,0.913177,0.000583758
vof_hf,0.913275,0.000584193
vof_hf,0.913372,0.000584558
vof_hf,0.91347,0.000584852
vof_hf,0.913567,0.000585078
vof_hf,0.913665,0.000585233
vof_hf,0.913762,0.000585319
vof_hf,0.91386,0.000585337
vof_hf,0.913957,0.000585288
vof_hf,0.914054,0.000585172
vof_hf,0.914152,0.000584992
vof_hf,0.914249,0.000584753
vof_hf,0.914347,0.000584452
vof_hf,0.914444,0.000584198
vof_hf,0.914542,0.00058376
vof_hf,0.914639,0.000583249
vof_hf,0.914737,0.000582667
vof_hf,0.914834,0.000582011
vof_hf,0.914931,0.000581284
vof_hf,0.915029,0.000580484
vof_hf,0.915126,0.000579617
vof_hf,0.915224,0.00057868
vof_hf,0.915321,0.000577673
vof_hf,0.915419,0.000576596
vof_hf,0.915516,0.000575448
vof_hf,0.915614,0.000574227
vof_hf,0.915711,0.000572933
vof_hf,0.915808,0.000571567
vof_hf,0.915906,0.000570128
vof_hf,0.916003,0.000568616
vof_hf,0.916101,0.000567034
vof_hf,0.916198,0.000565386
vof_hf,0.916296,0.000563675
vof_hf,0.916393,0.000561904
vof_hf,0.916491,0.000560079
vof_hf,0.916588,0.000558199
vof_hf,0.916686,0.000556268
vof_hf,0.916783,0.000554285
vof_hf,0.91688,0.000552252
vof_hf,0.916978,0.000550068
vof_hf,0.917075,0.000547933
vof_hf,0.917173,0.000545745
vof_hf,0.91727,0.000543506
vof_hf,0.917368,0.000541214
vof_hf,0.917465,0.000538872
vof_hf,0.917563,0.000536476
vof_hf,0.91766,0.000534028
vof_hf,0.917757,0.000531526
vof_hf,0.917855,0.000528971
vof_hf,0.917952,0.000526361
vof_hf,0.91805,0.000523697
vof_hf,0.918147,0.000520983
vof_hf,0.918245,0.00051822
vof_hf,0.918342,0.000515407
vof_hf,0.91844,0.000512545
vof_hf,0.918537,0.000509633
vof_hf,0.918634,0.000506674
vof_hf,0.918732,0.000503665
vof_hf,0.918829,0.000500607
vof_hf,0.918927,0.000497497
vof_hf,0.919024,0.000494335
vof_hf,0.919122,0.00049112
vof_hf,0.919219,0.00048785
vof_hf,0.919317,0.000484527
vof_hf,0.919414,0.000481151
vof_hf,0.919511,0.000477723
vof_hf,0.919609,0.000474248
vof_hf,0.919706,0.000470728
vof_hf,0.919804,0.000467168
vof_hf,0.919901,0.000463569
vof_hf,0.919999,0.000459935
vof_hf,0.920096,0.000456263
vof_hf,0.920194,0.000452561
vof_hf,0.920291,0.000448823
vof_hf,0.920388,0.000444974
vof_hf,0.920486,0.000441174
vof_hf,0.920583,0.000437344
vof_hf,0.920681,0.00043348
vof_hf,0.920778,0.000429589
vof_hf,0.920876,0.000425666
vof_hf,0.920973,0.000421721
vof_hf,0.921071,0.000417752
vof_hf,0.921168,0.000413766
vof_hf,0.921266,0.000409763
vof_hf,0.921363,0.000405751
vof_hf,0.92146,0.000401726
vof_hf,0.921558,0.000397696
vof_hf,0.921655,0.000393656
vof_hf,0.921753,0.000389608
vof_hf,0.92185,0.000385548
vof_hf,0.921948,0.000381479
vof_hf,0.922045,0.000377396
vof_hf,0.922143,0.0003733
vof_hf,0.92224,0.000369187
vof_hf,0.922337,0.000365054
vof_hf,0.922435,0.000360912
vof_hf,0.922532,0.000356769
vof_hf,0.92263,0.000352624
vof_hf,0.922727,0.000348482
vof_hf,0.922825,0.000344334
vof_hf,0.922922,0.000340193
vof_hf,0.92302,0.000336047
vof_hf,0.923117,0.000331896
vof_hf,0.923214,0.000327732
vof_hf,0.923312,0.00032355
vof_hf,0.923409,0.000319403
vof_hf,0.923507,0.000315178
vof_hf,0.923604,0.000310929
vof_hf,0.923702,0.000306657
vof_hf,0.923799,0.000302366
vof_hf,0.923897,0.000298061
vof_hf,0.923994,0.000293748
vof_hf,0.924091,0.000289432
vof_hf,0.924189,0.00028512
vof_hf,0.924286,0.000280818
vof_hf,0.924384,0.000276528
vof_hf,0.924481,0.000272253
vof_hf,0.924579,0.000267994
vof_hf,0.924676,0.000263753
vof_hf,0.924774,0.000259532
vof_hf,0.924871,0.000255327
vof_hf,0.924968,0.000251139
vof_hf,0.925066,0.000246968
vof_hf,0.925163,0.000242813
vof_hf,0.925261,0.000238675
vof_hf,0.925358,0.000234554
vof_hf,0.925456,0.000230451
vof_hf,0.925553,0.000226366
vof_hf,0.925651,0.000222308
vof_hf,0.925748,0.000218255
vof_hf,0.925845,0.000214222
vof_hf,0.925943,0.000210204
vof_hf,0.92604,0.000206169
vof_hf,0.926138,0.000202183
vof_hf,0.926235,0.000198214
vof_hf,0.926333,0.000194258
vof_hf,0.92643,0.000190324
vof_hf,0.926528,0.000186419
vof_hf,0.926625,0.000182532
vof_hf,0.926723,0.000178671
vof_hf,0.92682,0.000174842
vof_hf,0.926917,0.000171045
vof_hf,0.927015,0.000167283
vof_hf,0.927112,0.000163557
vof_hf,0.92721,0.000159868
vof_hf,0.927307,0.000156216
vof_hf,0.927405,0.000152598
vof_hf,0.927502,0.000149014
vof_hf,0.9276,0.000145463
vof_hf,0.927697,0.000141943
vof_hf,0.927794,0.000138451
vof_hf,0.927892,0.000134987
vof_hf,0.927989,0.000131552
vof_hf,0.928087,0.000128142
vof_hf,0.928184,0.000124761
vof_hf,0.928282,0.000121408
vof_hf,0.928379,0.000118086
vof_hf,0.928477,0.000114796
vof_hf,0.928574,0.00011154
vof_hf,0.928671,0.00010832
vof_hf,0.928769,0.000105138
vof_hf,0.928866,0.000101997
vof_hf,0.928964,9.88983e-05
vof_hf,0.929061,9.58434e-05
vof_hf,0.929159,9.28333e-05
vof_hf,0.929256,8.98698e-05
vof_hf,0.929354,8.69515e-05
vof_hf,0.929451,8.40794e-05
vof_hf,0.929548,8.12555e-05
vof_hf,0.929646,7.84794e-05
vof_hf,0.929743,7.57536e-05
vof_hf,0.929841,7.30804e-05
vof_hf,0.929938,7.04618e-05
vof_hf,0.930036,6.78996e-05
vof_hf,0.930133,6.53957e-05
vof_hf,0.930231,6.29513e-05
vof_hf,0.930328,6.05677e-05
vof_hf,0.930425,5.82454e-05
vof_hf,0.930523,5.59847e-05
vof_hf,0.93062,5.37863e-05
vof_hf,0.930718,5.16492e-05
vof_hf,0.930815,4.95727e-05
vof_hf,0.930913,4.75561e-05
vof_hf,0.93101,4.5599e-05
vof_hf,0.931108,4.37006e-05
vof_hf,0.931205,4.18606e-05
vof_hf,0.931303,4.00786e-05
vof_hf,0.9314,3.83548e-05
vof_hf,0.931497,3.66891e-05
vof_hf,0.931595,3.50819e-05
vof_hf,0.931692,3.35335e-05
vof_hf,0.93179,3.20451e-05
vof_hf,0.931887,3.06167e-05
vof_hf,0.931985,2.92484e-05
vof_hf,0.932082,2.79398e-05
vof_hf,0.93218,2.66901e-05
vof_hf,0.932277,2.5498e-05
vof_hf,0.932374,2.43626e-05
vof_hf,0.932472,2.32829e-05
vof_hf,0.932569,2.22584e-05
vof_hf,0.932667,2.12883e-05
vof_hf,0.932764,2.03738e-05
vof_hf,0.932862,1.9518e-05
vof_hf,0.932959,1.87237e-05
vof_hf,0.933057,1.79934e-05
vof_hf,0.933154,1.73296e-05
vof_hf,0.933251,1.67338e-05
vof_hf,0.933349,1.62064e-05
vof_hf,0.933446,1.5747e-05
vof_hf,0.933544,1.53529e-05
vof_hf,0.933641,1.50216e-05
vof_hf,0.933739,1.47498e-05
vof_hf,0.933836,1.45346e-05
vof_hf,0.933934,1.43737e-05
vof_hf,0.934031,1.42662e-05
vof_hf,0.934128,1.42127e-05
vof_hf,0.934226,1.42154e-05
vof_hf,0.934323,1.42777e-05
vof_hf,0.934421,1.44042e-05
vof_hf,0.934518,1.45996e-05
vof_hf,0.934616,1.48686e-05
vof_hf,0.934713,1.52151e-05
vof_hf,0.934811,1.56418e-05
vof_hf,0.934908,1.61505e-05
vof_hf,0.935005,1.67413e-05
vof_hf,0.935103,1.74151e-05
vof_hf,0.9352,1.8168e-05
vof_hf,0.935298,1.89975e-05
vof_hf,0.935395,1.99008e-05
vof_hf,0.935493,2.08751e-05
vof_hf,0.93559,2.19174e-05
vof_hf,0.935688,2.30247e-05
vof_hf,0.935785,2.41947e-05
vof_hf,0.935883,2.54246e-05
vof_hf,0.93598,2.6712e-05
vof_hf,0.936077,2.80549e-05
vof_hf,0.936175,2.94534e-05
vof_hf,0.936272,3.09045e-05
vof_hf,0.93637,3.24079e-05
vof_hf,0.936467,3.39635e-05
vof_hf,0.936565,3.55717e-05
vof_hf,0.936662,3.72335e-05
vof_hf,0.93676,3.89501e-05
vof_hf,0.936857,4.07233e-05
vof_hf,0.936954,4.25543e-05
vof_hf,0.937052,4.44443e-05
vof_hf,0.937149,4.63942e-05
vof_hf,0.937247,4.84041e-05
vof_hf,0.937344,5.04737e-05
vof_hf,0.937442,5.26021e-05
vof_hf,0.937539,5.47882e-05
vof_hf,0.937637,5.70305e-05
vof_hf,0.937734,5.93276e-05
vof_hf,0.937831,6.16779e-05
vof_hf,0.937929,6.40797e-05
vof_hf,0.938026,6.65327e-05
vof_hf,0.938124,6.90354e-05
vof_hf,0.938221,7.15868e-05
vof_hf,0.938319,7.41861e-05
vof_hf,0.938416,7.68325e-05
vof_hf,0.938514,7.95254e-05
vof_hf,0.938611,8.22629e-05
vof_hf,0.938708,8.50459e-05
vof_hf,0.938806,8.7874e-05
vof_hf,0.938903,9.07473e-05
vof_hf,0.939001,9.36662e-05
vof_hf,0.939098,9.66313e-05
vof_hf,0.939196,9.96437e-05
vof_hf,0.939293,0.000102704
vof_hf,0.939391,0.000105814
vof_hf,0.939488,0.000108973
vof_hf,0.939585,0.000112182
vof_hf,0.939683,0.000115441
vof_hf,0.93978,0.000118749
vof_hf,0.939878,0.000122105
vof_hf,0.939975,0.000125507
vof_hf,0.940073,0.000128954
vof_hf,0.94017,0.000132443
vof_hf,0.940268,0.000135972
vof_hf,0.940365,0.00013954
vof_hf,0.940463,0.000143143
vof_hf,0.94056,0.000146782
vof_hf,0.940657,0.000150453
vof_hf,0.940755,0.000154155
vof_hf,0.940852,0.000157888
vof_hf,0.94095,0.00016165
vof_hf,0.941047,0.000165441
vof_hf,0.941145,0.000169258
vof_hf,0.941242,0.000173101
vof_hf,0.94134,0.00017697
vof_hf,0.941437,0.000180862
vof_hf,0.941534,0.000184776
vof_hf,0.941632,0.000188711
vof_hf,0.941729,0.000192667
vof_hf,0.941827,0.000196642
vof_hf,0.941924,0.000200635
vof_hf,0.942022,0.000204646
vof_hf,0.942119,0.000208673
vof_hf,0.942217,0.000212716
vof_hf,0.942314,0.000216775
vof_hf,0.942411,0.000220848
vof_hf,0.942509,0.000224937
vof_hf,0.942606,0.000229039
vof_hf,0.942704,0.000233155
vof_hf,0.942801,0.000237284
vof_hf,0.942899,0.000241425
vof_hf,0.942996,0.000245579
vof_hf,0.943094,0.000249746
vof_hf,0.943191,0.000253926
vof_hf,0.943288,0.000258122
vof_hf,0.943386,0.000262336
vof_hf,0.943483,0.000266565
vof_hf,0.943581,0.000270808
vof_hf,0.943678,0.000275066
vof_hf,0.943776,0.000279337
vof_hf,0.943873,0.000283618
vof_hf,0.943971,0.000287906
vof_hf,0.944068,0.000292202
vof_hf,0.944165,0.000296502
vof_hf,0.944263,0.000300805
vof_hf,0.94436,0.000305108
vof_hf,0.944458,0.00030941
vof_hf,0.944555,0.000313709
vof_hf,0.944653,0.000318005
vof_hf,0.94475,0.000322298
vof_hf,0.944848,0.000326589
vof_hf,0.944945,0.000330877
vof_hf,0.945042,0.000335165
vof_hf,0.94514,0.000339451
vof_hf,0.945237,0.000343736
vof_hf,0.945335,0.000348019
vof_hf,0.945432,0.000352298
vof_hf,0.94553,0.000356571
vof_hf,0.945627,0.000360836
vof_hf,0.945725,0.000365089
vof_hf,0.945822,0.00036933
vof_hf,0.94592,0.000373554
vof_hf,0.946017,0.000377757
vof_hf,0.946114,0.000381937
vof_hf,0.946212,0.000386089
vof_hf,0.946309,0.000390211
vof_hf,0.946407,0.000394301
vof_hf,0.946504,0.000398356
vof_hf,0.946602,0.000402375
vof_hf,0.946699,0.000406358
vof_hf,0.946797,0.000410306
vof_hf,0.946894,0.000414211
vof_hf,0.946991,0.000418085
vof_hf,0.947089,0.000421927
vof_hf,0.947186,0.00042574
vof_hf,0.947284,0.000429524
vof_hf,0.947381,0.000433281
vof_hf,0.947479,0.000437193
vof_hf,0.947576,0.000440898
vof_hf,0.947674,0.000444575
vof_hf,0.947771,0.000448226
vof_hf,0.947868,0.000451846
vof_hf,0.947966,0.000455438
vof_hf,0.948063,0.000459001
vof_hf,0.948161,0.000462534
vof_hf,0.948258,0.000466031
vof_hf,0.948356,0.000469493
vof_hf,0.948453,0.000472917
vof_hf,0.948551,0.000476304
vof_hf,0.948648,0.000479651
vof_hf,0.948745,0.000482964
vof_hf,0.948843,0.000486233
vof_hf,0.94894,0.000489465
vof_hf,0.949038,0.000492666
vof_hf,0.949135,0.000495817
vof_hf,0.949233,0.000498927
vof_hf,0.94933,0.000501996
vof_hf,0.949428,0.000505022
vof_hf,0.949525,0.000508005
vof_hf,0.949622,0.000510944
vof_hf,0.94972,0.000513839
vof_hf,0.949817,0.000516688
vof_hf,0.949915,0.000519491
vof_hf,0.950012,0.000522242
vof_hf,0.95011,0.000524945
vof_hf,0.950207,0.000527596
vof_hf,0.950305,0.000530194
vof_hf,0.950402,0.000532733
vof_hf,0.9505,0.000535216
vof_hf,0.950597,0.00053764
vof_hf,0.950694,0.000540003
vof_hf,0.950792,0.000542303
vof_hf,0.950889,0.000544539
vof_hf,0.950987,0.000546709
vof_hf,0.951084,0.000548811
vof_hf,0.951182,0.000550846
vof_hf,0.951279,0.000552814
vof_hf,0.951377,0.000554713
vof_hf,0.951474,0.000556547
vof_hf,0.951571,0.000558314
vof_hf,0.951669,0.000560017
vof_hf,0.951766,0.000561655
vof_hf,0.951864,0.000563233
vof_hf,0.951961,0.000564748
vof_hf,0.952059,0.000566204
vof_hf,0.952156,0.0005676
vof_hf,0.952254,0.000568938
vof_hf,0.952351,0.000570217
vof_hf,0.952448,0.000571436
vof_hf,0.952546,0.000572596
vof_hf,0.952643,0.0005737
vof_hf,0.952741,0.000574745
vof_hf,0.952838,0.000575732
vof_hf,0.952936,0.00057666
vof_hf,0.953033,0.000577529
vof_hf,0.953131,0.000578336
vof_hf,0.953228,0.000579077
vof_hf,0.953325,0.000579759
vof_hf,0.953423,0.000580382
vof_hf,0.95352,0.000580937
vof_hf,0.953618,0.000581435
vof_hf,0.953715,0.000581871
vof_hf,0.953813,0.000582247
vof_hf,0.95391,0.000582563
vof_hf,0.954008,0.000582818
vof_hf,0.954105,0.000583011
vof_hf,0.954202,0.000583144
vof_hf,0.9543,0.000583212
vof_hf,0.954397,0.000583217
vof_hf,0.954495,0.000583155
vof_hf,0.954592,0.000583024
vof_hf,0.95469,0.000582825
vof_hf,0.954787,0.00058256
vof_hf,0.954885,0.000582233
vof_hf,0.954982,0.000581843
vof_hf,0.95508,0.000581386
vof_hf,0.955177,0.000580861
vof_hf,0.955274,0.000580267
vof_hf,0.955372,0.000579622
vof_hf,0.955469,0.000578876
vof_hf,0.955567,0.000578071
vof_hf,0.955664,0.000577197
vof_hf,0.955762,0.000576257
vof_hf,0.955859,0.000575248
vof_hf,0.955957,0.000574173
vof_hf,0.956054,0.000573032
vof_hf,0.956151,0.000571714
vof_hf,0.956249,0.000570441
vof_hf,0.956346,0.000569103
vof_hf,0.956444,0.000567697
vof_hf,0.956541,0.000566226
vof_hf,0.956639,0.000564687
vof_hf,0.956736,0.000563084
vof_hf,0.956834,0.000561415
vof_hf,0.956931,0.000559684
vof_hf,0.957028,0.000557892
vof_hf,0.957126,0.000556043
vof_hf,0.957223,0.000554137
vof_hf,0.957321,0.000552178
vof_hf,0.957418,0.000550167
vof_hf,0.957516,0.000548109
vof_hf,0.957613,0.000546003
vof_hf,0.957711,0.000543854
vof_hf,0.957808,0.000541661
vof_hf,0.957905,0.000539426
vof_hf,0.958003,0.000537151
vof_hf,0.9581,0.000534838
vof_hf,0.958198,0.000532485
vof_hf,0.958295,0.00053009
vof_hf,0.958393,0.000527651
vof_hf,0.95849,0.000525166
vof_hf,0.958588,0.000522634
vof_hf,0.958685,0.000520051
vof_hf,0.958782,0.000517419
vof_hf,0.95888,0.000514738
vof_hf,0.958977,0.000512007
vof_hf,0.959075,0.000509227
vof_hf,0.959172,0.000506397
vof_hf,0.95927,0.000503519
vof_hf,0.959367,0.000500593
vof_hf,0.959465,0.000497622
vof_hf,0.959562,0.000494605
vof_hf,0.95966,0.000491544
vof_hf,0.959757,0.00048844
vof_hf,0.959854,0.000485293
vof_hf,0.959952,0.000482103
vof_hf,0.960049,0.000478871
vof_hf,0.960147,0.000475595
vof_hf,0.960244,0.000472276
vof_hf,0.960342,0.000468909
vof_hf,0.960439,0.000465497
vof_hf,0.960537,0.000462038
vof_hf,0.960634,0.000458533
vof_hf,0.960731,0.000454979
vof_hf,0.960829,0.000451377
vof_hf,0.960926,0.000447729
vof_hf,0.961024,0.000444033
vof_hf,0.961121,0.000440293
vof_hf,0.961219,0.000436507
vof_hf,0.961316,0.000432684
vof_hf,0.961414,0.000428821
vof_hf,0.961511,0.000424928
vof_hf,0.961608,0.000421001
vof_hf,0.961706,0.000417039
vof_hf,0.961803,0.000413051
vof_hf,0.961901,0.000409044
vof_hf,0.961998,0.000405016
vof_hf,0.962096,0.000400973
vof_hf,0.962193,0.000396913
vof_hf,0.962291,0.00039284
vof_hf,0.962388,0.000388768
vof_hf,0.962485,0.000384692
vof_hf,0.962583,0.000380606
vof_hf,0.96268,0.000376515
vof_hf,0.962778,0.000372414
vof_hf,0.962875,0.000368307
vof_hf,0.962973,0.000364192
vof_hf,0.96307,0.000360071
vof_hf,0.963168,0.000355942
vof_hf,0.963265,0.00035181
vof_hf,0.963362,0.000347673
vof_hf,0.96346,0.000343533
vof_hf,0.963557,0.00033939
vof_hf,0.963655,0.000335257
vof_hf,0.963752,0.000331184
vof_hf,0.96385,0.000327036
vof_hf,0.963947,0.000322885
vof_hf,0.964045,0.000318732
vof_hf,0.964142,0.000314574
vof_hf,0.964239,0.000310411
vof_hf,0.964337,0.000306243
vof_hf,0.964434,0.000302066
vof_hf,0.964532,0.000297881
vof_hf,0.964629,0.000293686
vof_hf,0.964727,0.000289481
vof_hf,0.964824,0.000285265
vof_hf,0.964922,0.00028104
vof_hf,0.965019,0.000276804
vof_hf,0.965117,0.00027256
vof_hf,0.965214,0.000268309
vof_hf,0.965311,0.000264054
vof_hf,0.965409,0.000259797
vof_hf,0.965506,0.00025554
vof_hf,0.965604,0.000251287
vof_hf,0.965701,0.000247037
vof_hf,0.965799,0.000242797
vof_hf,0.965896,0.000238564
vof_hf,0.965994,0.000234344
vof_hf,0.966091,0.000230137
vof_hf,0.966188,0.000225944
vof_hf,0.966286,0.000221769
vof_hf,0.966383,0.000217612
vof_hf,0.966481,0.000213474
vof_hf,0.966578,0.000209357
vof_hf,0.966676,0.000205261
vof_hf,0.966773,0.000201191
vof_hf,0.966871,0.000197145
vof_hf,0.966968,0.000193126
vof_hf,0.967065,0.000189134
vof_hf,0.967163,0.000185164
vof_hf,0.96726,0.00018123
vof_hf,0.967358,0.000177333
vof_hf,0.967455,0.000173475
vof_hf,0.967553,0.000169658
vof_hf,0.96765,0.000165886
vof_hf,0.967748,0.000162158
vof_hf,0.967845,0.000158476
vof_hf,0.967942,0.00015484
vof_hf,0.96804,0.000151255
vof_hf,0.968137,0.00014771
vof_hf,0.968235,0.000144212
vof_hf,0.968332,0.000140758
vof_hf,0.96843,0.000137346
vof_hf,0.968527,0.000133974
vof_hf,0.968625,0.00013064
vof_hf,0.968722,0.00012734
vof_hf,0.968819,0.000124072
vof_hf,0.968917,0.000120834
vof_hf,0.969014,0.000117624
vof_hf,0.969112,0.000114439
vof_hf,0.969209,0.000111278
vof_hf,0.969307,0.000108142
vof_hf,0.969404,0.000105029
vof_hf,0.969502,0.000101942
vof_hf,0.969599,9.88827e-05
vof_hf,0.969697,9.58527e-05
vof_hf,0.969794,9.28557e-05
vof_hf,0.969891,8.98951e-05
vof_hf,0.969989,8.69745e-05
vof_hf,0.970086,8.40969e-05
vof_hf,0.970184,8.12649e-05
vof_hf,0.970281,7.84812e-05
vof_hf,0.970379,7.57478e-05
vof_hf,0.970476,7.30663e-05
vof_hf,0.970574,7.04376e-05
vof_hf,0.970671,6.78624e-05
vof_hf,0.970768,6.53414e-05
vof_hf,0.970866,6.28748e-05
vof_hf,0.970963,6.04628e-05
vof_hf,0.971061,5.81042e-05
vof_hf,0.971158,5.58004e-05
vof_hf,0.971256,5.35519e-05
vof_hf,0.971353,5.13589e-05
vof_hf,0.971451,4.92222e-05
vof_hf,0.971548,4.71429e-05
vof_hf,0.971645,4.51221e-05
vof_hf,0.971743,4.31621e-05
vof_hf,0.97184,4.12649e-05
vof_hf,0.971938,3.94332e-05
vof_hf,0.972035,3.76698e-05
vof_hf,0.972133,3.59774e-05
vof_hf,0.97223,3.43589e-05
vof_hf,0.972328,3.28153e-05
vof_hf,0.972425,3.13491e-05
vof_hf,0.972522,2.9961e-05
vof_hf,0.97262,2.86509e-05
vof_hf,0.972717,2.74175e-05
vof_hf,0.972815,2.62587e-05
vof_hf,0.972912,2.5172e-05
vof_hf,0.97301,2.41541e-05
vof_hf,0.973107,2.32018e-05
vof_hf,0.973205,2.23117e-05
vof_hf,0.973302,2.14811e-05
vof_hf,0.973399,2.07077e-05
vof_hf,0.973497,1.99895e-05
vof_hf,0.973594,1.93251e-05
vof_hf,0.973692,1.87131e-05
vof_hf,0.973789,1.81528e-05
vof_hf,0.973887,1.76439e-05
vof_hf,0.973984,1.71859e-05
vof_hf,0.974082,1.67792e-05
vof_hf,0.974179,1.64243e-05
vof_hf,0.974277,1.6122e-05
vof_hf,0.974374,1.58737e-05
vof_hf,0.974471,1.56811e-05
vof_hf,0.974569,1.5546e-05
vof_hf,0.974666,1.54705e-05
vof_hf,0.974764,1.54567e-05
vof_hf,0.974861,1.55064e-05
vof_hf,0.974959,1.56208e-05
vof_hf,0.975056,1.5801e-05
vof_hf,0.975154,1.60476e-05
vof_hf,0.975251,1.63608e-05
vof_hf,0.975348,1.67408e-05
vof_hf,0.975446,1.71876e-05
vof_hf,0.975543,1.77015e-05
vof_hf,0.975641,1.82834e-05
vof_hf,0.975738,1.89333e-05
vof_hf,0.975836,1.96519e-05
vof_hf,0.975933,2.04402e-05
vof_hf,0.976031,2.12992e-05
vof_hf,0.976128,2.22299e-05
vof_hf,0.976225,2.32334e-05
vof_hf,0.976323,2.43101e-05
vof_hf,0.97642,2.54605e-05
vof_hf,0.976518,2.66846e-05
vof_hf,0.976615,2.79819e-05
vof_hf,0.976713,2.93516e-05
vof_hf,0.97681,3.07926e-05
vof_hf,0.976908,3.23034e-05
vof_hf,0.977005,3.38827e-05
vof_hf,0.977102,3.55287e-05
vof_hf,0.9772,3.72399e-05
vof_hf,0.977297,3.90145e-05
vof_hf,0.977395,4.08507e-05
vof_hf,0.977492,4.27469e-05
vof_hf,0.97759,4.47014e-05
vof_hf,0.977687,4.67125e-05
vof_hf,0.977785,4.87788e-05
vof_hf,0.977882,5.08985e-05
vof_hf,0.977979,5.30717e-05
vof_hf,0.978077,5.52967e-05
vof_hf,0.978174,5.75707e-05
vof_hf,0.978272,5.98926e-05
vof_hf,0.978369,6.22611e-05
vof_hf,0.978467,6.46749e-05
vof_hf,0.978564,6.71327e-05
vof_hf,0.978662,6.96331e-05
vof_hf,0.978759,7.21744e-05
vof_hf,0.978857,7.47561e-05
vof_hf,0.978954,7.73756e-05
vof_hf,0.979051,8.00316e-05
vof_hf,0.979149,8.27225e-05
vof_hf,0.979246,8.54474e-05
vof_hf,0.979344,8.82055e-05
vof_hf,0.979441,9.09967e-05
vof_hf,0.979539,9.38212e-05
vof_hf,0.979636,9.668e-05
vof_hf,0.979734,9.95744e-05
vof_hf,0.979831,0.000102506
vof_hf,0.979928,0.000105477
vof_hf,0.980026,0.000108489
vof_hf,0.980123,0.000111545
vof_hf,0.980221,0.000114648
vof_hf,0.980318,0.000117799
vof_hf,0.980416,0.000121001
vof_hf,0.980513,0.000124254
vof_hf,0.980611,0.000127561
vof_hf,0.980708,0.00013092
vof_hf,0.980805,0.000134331
vof_hf,0.980903,0.000137795
vof_hf,0.981,0.000141308
vof_hf,0.981098,0.00014487
vof_hf,0.981195,0.000148477
vof_hf,0.981293,0.000152127
vof_hf,0.98139,0.000155817
vof_hf,0.981488,0.000159545
vof_hf,0.981585,0.000163307
vof_hf,0.981682,0.000167101
vof_hf,0.98178,0.000170924
vof_hf,0.981877,0.000174775
vof_hf,0.981975,0.000178505
vof_hf,0.982072,0.000182324
vof_hf,0.98217,0.000186186
vof_hf,0.982267,0.000190026
vof_hf,0.982365,0.000193837
vof_hf,0.982462,0.000197831
vof_hf,0.982559,0.00020195
vof_hf,0.982657,0.00020608
vof_hf,0.982754,0.000210151
vof_hf,0.982852,0.000214173
vof_hf,0.982949,0.000218208
vof_hf,0.983047,0.0002223
vof_hf,0.983144,0.000226446
vof_hf,0.983242,0.000230603
vof_hf,0.983339,0.000234728
vof_hf,0.983436,0.000238806
vof_hf,0.983534,0.000242859
vof_hf,0.983631,0.000246911
vof_hf,0.983729,0.000250979
vof_hf,0.983826,0.000255062
vof_hf,0.983924,0.000259152
vof_hf,0.984021,0.000263238
vof_hf,0.984119,0.000267322
vof_hf,0.984216,0.000271407
vof_hf,0.984314,0.000275498
vof_hf,0.984411,0.000279598
vof_hf,0.984508,0.000283707
vof_hf,0.984606,0.000287822
vof_hf,0.984703,0.000291943
vof_hf,0.984801,0.000296067
vof_hf,0.984898,0.000300197
vof_hf,0.984996,0.000304333
vof_hf,0.985093,0.000308478
vof_hf,0.985191,0.000312632
vof_hf,0.985288,0.000316797
vof_hf,0.985385,0.000320974
vof_hf,0.985483,0.00032516
vof_hf,0.98558,0.000329357
vof_hf,0.985678,0.000333565
vof_hf,0.985775,0.000337784
vof_hf,0.985873,0.000342014
vof_hf,0.98597,0.000346255
vof_hf,0.986068,0.000350506
vof_hf,0.986165,0.000354762
vof_hf,0.986262,0.000359019
vof_hf,0.98636,0.00036327
vof_hf,0.986457,0.000367509
vof_hf,0.986555,0.00037173
vof_hf,0.986652,0.000375933
vof_hf,0.98675,0.000380112
vof_hf,0.986847,0.000384269
vof_hf,0.986945,0.000388407
vof_hf,0.987042,0.000392527
vof_hf,0.987139,0.000396626
vof_hf,0.987237,0.000400703
vof_hf,0.987334,0.000404749
vof_hf,0.987432,0.000408771
vof_hf,0.987529,0.000412767
vof_hf,0.987627,0.000416738
vof_hf,0.987724,0.000420679
vof_hf,0.987822,0.000424596
vof_hf,0.987919,0.000428479
vof_hf,0.988016,0.000432326
vof_hf,0.988114,0.000436131
vof_hf,0.988211,0.000439892
vof_hf,0.988309,0.000443608
vof_hf,0.988406,0.000447282
vof_hf,0.988504,0.000450919
vof_hf,0.988601,0.000454522
vof_hf,0.988699,0.000458094
vof_hf,0.988796,0.000461637
vof_hf,0.988894,0.000465147
vof_hf,0.988991,0.000468623
vof_hf,0.989088,0.000472059
vof_hf,0.989186,0.000475452
vof_hf,0.989283,0.0004788
vof_hf,0.989381,0.000482105
vof_hf,0.989478,0.000485367
vof_hf,0.989576,0.000488589
vof_hf,0.989673,0.00049177
vof_hf,0.989771,0.000494915
vof_hf,0.989868,0.000498021
vof_hf,0.989965,0.000501117
vof_hf,0.990063,0.000504144
vof_hf,0.99016,0.000507149
vof_hf,0.990258,0.000510122
vof_hf,0.990355,0.000513066
vof_hf,0.990453,0.000515979
vof_hf,0.99055,0.000518861
vof_hf,0.990648,0.000521709
vof_hf,0.990745,0.000524521
vof_hf,0.990842,0.000527292
vof_hf,0.99094,0.00053002
vof_hf,0.991037,0.0005327
vof_hf,0.991135,0.000535328
vof_hf,0.991232,0.000537897
vof_hf,0.99133,0.000540409
vof_hf,0.991427,0.000542851
vof_hf,0.991525,0.000545232
vof_hf,0.991622,0.000547542
vof_hf,0.991719,0.000549782
vof_hf,0.991817,0.000551948
vof_hf,0.991914,0.000554042
vof_hf,0.992012,0.000556062
vof_hf,0.992109,0.00055801
vof_hf,0.992207,0.000559883
vof_hf,0.992304,0.000561683
vof_hf,0.992402,0.000563399
vof_hf,0.992499,0.000565046
vof_hf,0.992596,0.000566615
vof_hf,0.992694,0.000568108
vof_hf,0.992791,0.000569525
vof_hf,0.992889,0.000570869
vof_hf,0.992986,0.000572144
vof_hf,0.993084,0.000573353
vof_hf,0.993181,0.000574498
vof_hf,0.993279,0.000575581
vof_hf,0.993376,0.000576603
vof_hf,0.993474,0.000577564
vof_hf,0.993571,0.000578462
vof_hf,0.993668,0.000579297
vof_hf,0.993766,0.000580067
vof_hf,0.993863,0.000580779
vof_hf,0.993961,0.000581427
vof_hf,0.994058,0.000582016
vof_hf,0.994156,0.000582544
vof_hf,0.994253,0.000583013
vof_hf,0.994351,0.000583416
vof_hf,0.994448,0.000583768
vof_hf,0.994545,0.000584062
vof_hf,0.994643,0.000584299
vof_hf,0.99474,0.00058448
vof_hf,0.994838,0.000584606
vof_hf,0.994935,0.000584695
vof_hf,0.995033,0.000584698
vof_hf,0.99513,0.000584651
vof_hf,0.995228,0.000584544
vof_hf,0.995325,0.000584375
vof_hf,0.995422,0.000584148
vof_hf,0.99552,0.000583857
vof_hf,0.995617,0.000583502
vof_hf,0.995715,0.000583079
vof_hf,0.995812,0.000582587
vof_hf,0.99591,0.00058202
vof_hf,0.996007,0.000581377
vof_hf,0.996105,0.000580655
vof_hf,0.996202,0.000579858
vof_hf,0.996299,0.000578985
vof_hf,0.996397,0.000578039
vof_hf,0.996494,0.00057702
vof_hf,0.996592,0.000575932
vof_hf,0.996689,0.000574772
vof_hf,0.996787,0.000573542
vof_hf,0.996884,0.000572244
vof_hf,0.996982,0.00057088
vof_hf,0.997079,0.000569451
vof_hf,0.997176,0.000567962
vof_hf,0.997274,0.000566411
vof_hf,0.997371,0.000564802
vof_hf,0.997469,0.000563134
vof_hf,0.997566,0.00056141
vof_hf,0.997664,0.000559645
vof_hf,0.997761,0.00055781
vof_hf,0.997859,0.00055592
vof_hf,0.997956,0.000553976
vof_hf,0.998054,0.000551977
vof_hf,0.998151,0.000549926
vof_hf,0.998248,0.000547823
vof_hf,0.998346,0.000545669
vof_hf,0.998443,0.000543464
vof_hf,0.998541,0.000541207
vof_hf,0.998638,0.000538898
vof_hf,0.998736,0.000536538
vof_hf,0.998833,0.000534124
vof_hf,0.998931,0.00053166
vof_hf,0.999028,0.000529144
vof_hf,0.999125,0.000526586
vof_hf,0.999223,0.000523972
vof_hf,0.99932,0.000521312
vof_hf,0.999418,0.000518606
vof_hf,0.999515,0.000515855
vof_hf,0.999613,0.00051306
vof_hf,0.99971,0.000510223
vof_hf,0.999808,0.000507345
vof_hf,0.999905,0.000504425
