N,t,i,imax,stage,returned_steps,band_cells,count,Egrad_mean,Egrad_rms,Egrad_linf,grad_min,grad_max,phi_change_mean,phi_change_linf,sign_mismatch,f_interface_l1,f_interface_count,volume_phi,volume_vof,volume_rel_diff
512,0,0,4,pre,-1,1.5,1536,0.000986283848693,0.00120728949231,0.00201703910448,0.999981022165,1.0020170391,0,0,0,1.73444665766e-05,528,2,2,0
512,0,0,4,pre,-1,3.0,3072,0.000986299784757,0.00120760397383,0.00201703910448,0.999981022165,1.0020170391,0,0,0,1.73444665766e-05,528,2,2,0
512,0,0,4,post,4,1.5,1536,0.000207587346887,0.000263914723221,0.000666502075126,0.999992573063,1.00066650208,2.4495752055e-06,9.41850846617e-06,0,2.3954294979e-05,528,2,2,5.89528426076e-13
512,0,0,4,post,4,3.0,3072,0.000381095111479,0.000526460884635,0.00148046320507,0.999988782325,1.00148046321,4.34091179938e-06,1.39810219775e-05,0,2.3954294979e-05,528,2,2,5.89528426076e-13
512,0,0,4,pre,-1,1.5,1536,0.000208959308962,0.000264343152925,0.000669626713995,0.999975126738,1.00066962671,0,0,0,3.4163751915e-05,528,2,2,5.89750470681e-13
512,0,0,4,pre,-1,3.0,3080,0.000383411645747,0.000528411412886,0.00148046320507,0.999975126738,1.00148046321,0,0,0,3.4163751915e-05,528,2,2,5.89750470681e-13
512,0,0,4,post,4,1.5,1536,3.20462558372e-05,4.12908947911e-05,0.000118339237429,0.999992337635,1.00011833924,3.85984878859e-07,1.78274655479e-06,0,4.24020832196e-05,528,2,2,9.93427562435e-13
512,0,0,4,post,4,3.0,3080,8.32837419284e-05,0.000126418642486,0.00044488554218,0.999984664038,1.00044488554,1.2066773034e-06,6.59567842225e-06,0,4.24020832196e-05,528,2,2,9.93427562435e-13
512,0.011907020311708696,100,4,pre,-1,1.5,1544,1.6357753698e-06,2.09607049776e-06,5.04734330631e-06,0.999994952657,1.00000387503,0,0,0,0.000232554179774,536,2.00000000073,2.00000000071,6.69841959438e-12
512,0.011907020311708696,100,4,pre,-1,3.0,3072,2.88187179355e-06,3.81733857004e-06,1.08759886563e-05,0.999989124011,1.00000834423,0,0,0,0.000232554179774,536,2.00000000073,2.00000000071,6.69841959438e-12
512,0.011907020311708696,100,4,post,4,1.5,1544,3.57665747549e-07,4.79650970714e-07,1.40016265449e-06,0.999998620195,1.00000140016,5.04047707447e-09,2.23284608593e-08,0,0.000233001005419,536,2.00000000073,2.00000000071,6.31961149851e-12
512,0.011907020311708696,100,4,post,4,3.0,3072,6.94940491138e-07,9.86077576046e-07,3.66172495525e-06,0.999996338275,1.00000232663,1.1804688088e-08,5.21358234952e-08,0,0.000233001005419,536,2.00000000073,2.00000000071,6.31961149851e-12
512,0.025137042880273911,200,4,pre,-1,1.5,1544,2.47899251775e-06,3.21284585708e-06,8.02451772364e-06,0.999991975482,1.00000466868,0,0,0,0.000225784275732,536,2.00000000353,2.00000000348,2.3426149868e-11
512,0.025137042880273911,200,4,pre,-1,3.0,3072,4.36027333386e-06,5.6677455657e-06,1.22670927307e-05,0.999988276969,1.00001226709,0,0,0,0.000225784275732,536,2.00000000353,2.00000000348,2.3426149868e-11
512,0.025137042880273911,200,4,post,4,1.5,1544,4.40920544119e-07,5.75045590255e-07,1.46144522306e-06,0.999998538555,1.00000121461,6.8780162822e-09,2.58359674496e-08,0,0.000226303964295,536,2.00000000353,2.00000000348,2.48092657097e-11
512,0.025137042880273911,200,4,post,4,3.0,3072,9.4407765646e-07,1.31774018712e-06,3.43909004896e-06,0.99999656091,1.00000313642,1.63895984929e-08,5.27449562446e-08,0,0.000226303964295,536,2.00000000353,2.00000000348,2.48092657097e-11
512,0.038367065448839131,300,4,pre,-1,1.5,1536,3.17375563743e-06,4.14618481716e-06,1.0426106966e-05,0.999989573893,1.00000464648,0,0,0,0.000213574964039,536,2.00000000606,2.000000006,3.08406632639e-11
512,0.038367065448839131,300,4,pre,-1,3.0,3072,5.44986472388e-06,7.04160005359e-06,1.51467088894e-05,0.999984853291,1.00001387695,0,0,0,0.000213574964039,536,2.00000000606,2.000000006,3.08406632639e-11
512,0.038367065448839131,300,4,post,4,1.5,1536,5.26969579251e-07,7.39602149685e-07,3.40829079437e-06,0.999996591709,1.00000141309,8.36077416157e-09,4.18323970906e-08,0,0.000214110669411,536,2.00000000607,2.000000006,3.22026848664e-11
512,0.038367065448839131,300,4,post,4,3.0,3072,1.15008596014e-06,1.63600906653e-06,4.65923660553e-06,0.999995340763,1.00000322953,1.96258381926e-08,6.84743625724e-08,0,0.000214110669411,536,2.00000000607,2.000000006,3.22026848664e-11
512,0.051597088017404355,400,4,pre,-1,1.5,1536,3.46819317409e-06,4.62313380272e-06,1.20327785865e-05,0.999987967221,1.00000651502,0,0,0,0.000198874068601,536,2.00000001015,2.0000000101,2.45667929203e-11
512,0.051597088017404355,400,4,pre,-1,3.0,3072,6.17266131619e-06,8.01527556803e-06,1.81343323785e-05,0.999981865668,1.00001430192,0,0,0,0.000198874068601,536,2.00000001015,2.0000000101,2.45667929203e-11
512,0.051597088017404355,400,4,post,4,1.5,1536,5.16160825386e-07,6.76746283167e-07,1.99932693334e-06,0.999998000673,1.00000146069,8.72223528915e-09,3.73798188999e-08,0,0.000199308946266,536,2.00000001015,2.0000000101,2.65079068467e-11
512,0.051597088017404355,400,4,post,4,3.0,3072,1.28165528691e-06,1.85964392807e-06,5.32764407291e-06,0.999994672356,1.0000030734,2.17716574621e-08,8.00203370961e-08,0,0.000199308946266,536,2.00000001015,2.0000000101,2.65079068467e-11
512,0.064827110585969586,500,4,pre,-1,1.5,1536,3.36333072903e-06,4.38268510095e-06,1.36132246016e-05,0.999986386775,1.00000794728,0,0,0,0.000180002489929,536,2.00000001522,2.00000001518,2.02642345808e-11
512,0.064827110585969586,500,4,pre,-1,3.0,3080,6.68946858973e-06,8.7964384596e-06,2.14671208e-05,0.999978532879,1.00001444991,0,0,0,0.000180002489929,536,2.00000001522,2.00000001518,2.02642345808e-11
512,0.064827110585969586,500,4,post,4,1.5,1536,5.02594672998e-07,6.26934282195e-07,2.34646030151e-06,0.99999765354,1.00000139843,8.69941234772e-09,4.41405531163e-08,0,0.000180434330454,536,2.00000001523,2.00000001518,2.15649718666e-11
512,0.064827110585969586,500,4,post,4,3.0,3080,1.43227147647e-06,2.13708312064e-06,6.20928827455e-06,0.999993790712,1.00000334315,2.39991142806e-08,9.36972378608e-08,0,0.000180434330454,536,2.00000001523,2.00000001518,2.15649718666e-11
512,0.078057133154534789,600,4,pre,-1,1.5,1536,3.4126353639e-06,4.38023784586e-06,1.03138394497e-05,0.999989686161,1.0000059152,0,0,0,0.000162452231605,528,2.00000002167,2.00000002165,9.86810622524e-12
512,0.078057133154534789,600,4,pre,-1,3.0,3072,6.90050289471e-06,9.15396700122e-06,2.37666724389e-05,0.999976233328,1.0000154598,0,0,0,0.000162452231605,528,2.00000002167,2.00000002165,9.86810622524e-12
512,0.078057133154534789,600,4,post,4,1.5,1536,4.63464627476e-07,5.86021169168e-07,2.55609852351e-06,0.999997443901,1.00000125425,8.40156566647e-09,3.48527340989e-08,0,0.000163094818816,528,2.00000002168,2.00000002165,1.25046638356e-11
512,0.078057133154534789,600,4,post,4,3.0,3072,1.45205692905e-06,2.27450703675e-06,7.22967114819e-06,0.999992770329,1.00000368453,2.45693330532e-08,1.0509031699e-07,0,0.000163094818816,528,2.00000002168,2.00000002165,1.25046638356e-11
512,0.091287155723099978,700,4,pre,-1,1.5,1536,3.49789258842e-06,4.47728737361e-06,1.01490143593e-05,0.999989850986,1.00000666853,0,0,0,0.000139276357055,528,2.00000003009,2.00000003003,2.86002328633e-11
512,0.091287155723099978,700,4,pre,-1,3.0,3072,6.78298709922e-06,8.85274207237e-06,2.57863445702e-05,0.999974213655,1.00001840262,0,0,0,0.000139276357055,528,2.00000003009,2.00000003003,2.86002328633e-11
512,0.091287155723099978,700,4,post,4,1.5,1536,4.07221924219e-07,5.41889586255e-07,2.23423383883e-06,0.999997765766,1.0000010492,7.70132837526e-09,3.91322123698e-08,0,0.000139932534221,528,2.00000003011,2.00000003003,3.91493498403e-11
512,0.091287155723099978,700,4,post,4,3.0,3072,1.33516684438e-06,2.08347771411e-06,8.256463773e-06,0.999991743536,1.00000451537,2.31711943915e-08,1.1833500832e-07,0,0.000139932534221,528,2.00000003011,2.00000003003,3.91493498403e-11
512,0.10451717829166518,800,4,pre,-1,1.5,1536,3.51865625485e-06,4.54730040284e-06,1.61165522806e-05,0.999983883448,1.00000693722,0,0,0,0.000111614621121,528,2.00000004338,2.00000004331,3.50395260768e-11
512,0.10451717829166518,800,4,pre,-1,3.0,3072,6.52249393625e-06,8.31053083329e-06,1.74418416824e-05,0.999982558158,1.00001690986,0,0,0,0.000111614621121,528,2.00000004338,2.00000004331,3.50395260768e-11
512,0.10451717829166518,800,4,post,4,1.5,1536,3.71904127921e-07,5.3910478933e-07,5.27352276825e-06,0.999994726477,1.00000095506,7.07274584364e-09,4.86126695383e-08,0,0.000112030128464,528,2.00000004339,2.00000004331,4.19393399809e-11
512,0.10451717829166518,800,4,post,4,3.0,3072,1.23204560492e-06,1.80359234398e-06,5.83459361581e-06,0.999994165406,1.00000467914,2.1270218205e-08,7.03010486006e-08,0,0.000112030128464,528,2.00000004339,2.00000004331,4.19393399809e-11
512,0.11774720086023038,900,4,pre,-1,1.5,1536,3.04284701488e-06,3.77081107862e-06,1.30633046429e-05,0.999986936695,1.00000798847,0,0,0,8.47159974215e-05,520,2.00000005754,2.00000005616,6.92597959521e-10
512,0.11774720086023038,900,4,pre,-1,3.0,3072,6.26099318097e-06,8.08224907987e-06,1.90009138624e-05,0.999980999086,1.00001443845,0,0,0,8.47159974215e-05,520,2.00000005754,2.00000005616,6.92597959521e-10
512,0.11774720086023038,900,4,post,4,1.5,1536,3.23637208892e-07,4.19138534484e-07,4.10977998355e-06,0.99999589022,1.00000069754,6.52617336266e-09,4.43176056538e-08,0,8.51345647337e-05,520,2.0000000575,2.00000005616,6.72752945558e-10
512,0.11774720086023038,900,4,post,4,3.0,3072,1.24685664252e-06,1.85276368748e-06,5.15894996755e-06,0.99999484105,1.0000028898,2.11199331956e-08,7.75915166111e-08,0,8.51345647337e-05,520,2.0000000575,2.00000005616,6.72752945558e-10
512,0.13097722342879556,1000,4,pre,-1,1.5,1536,2.7533596106e-06,3.35060377098e-06,1.11425828021e-05,0.999988857417,1.00000552522,0,0,0,5.89834423223e-05,520,2.00000006305,2.0000000639,-4.26545674031e-10
512,0.13097722342879556,1000,4,pre,-1,3.0,3072,5.80934337108e-06,7.58627452614e-06,1.87756576243e-05,0.999981224342,1.00001292158,0,0,0,5.89834423223e-05,520,2.00000006305,2.0000000639,-4.26545674031e-10
512,0.13097722342879556,1000,4,post,4,1.5,1536,2.69775864399e-07,3.82087553384e-07,3.37198269185e-06,0.999996628017,1.00000047144,5.85098256723e-09,4.12147859899e-08,0,5.96619089226e-05,520,2.000000063,2.0000000639,-4.51433986868e-10
512,0.13097722342879556,1000,4,post,4,3.0,3072,1.16314391089e-06,1.79212738494e-06,5.26637840814e-06,0.999994733622,1.00000337878,1.97919271922e-08,7.95395695193e-08,0,5.96619089226e-05,520,2.000000063,2.0000000639,-4.51433986868e-10
512,0.14420724599736076,1100,4,pre,-1,1.5,1536,2.69491598525e-06,3.23457168298e-06,9.48585146843e-06,0.999990514149,1.00000423524,0,0,0,3.02850858565e-05,520,2.00000005845,2.00000005826,9.379896586e-11
512,0.14420724599736076,1100,4,pre,-1,3.0,3072,5.24699489471e-06,6.70089203339e-06,1.65545169282e-05,0.999988701251,1.00001655452,0,0,0,3.02850858565e-05,520,2.00000005845,2.00000005826,9.379896586e-11
512,0.14420724599736076,1100,4,post,4,1.5,1536,2.45773405879e-07,3.7350086528e-07,3.17230328484e-06,0.999996827697,1.00000029116,5.63461323475e-09,4.21492935294e-08,0,3.08185882997e-05,520,2.00000005846,2.00000005826,9.942002487e-11
512,0.14420724599736076,1100,4,post,4,3.0,3072,1.00791232834e-06,1.5031130687e-06,4.49860663676e-06,0.999996827697,1.00000449861,1.74338240944e-08,6.97833521923e-08,0,3.08185882997e-05,520,2.00000005846,2.00000005826,9.942002487e-11
512,0.15743726856592596,1200,4,pre,-1,1.5,1536,2.5341954611e-06,3.08568157585e-06,5.96473789305e-06,0.999994035262,1.00000363016,0,0,0,3.43862596188e-06,520,2.00000005837,2.00000005828,4.34996470602e-11
512,0.15743726856592596,1200,4,pre,-1,3.0,3072,4.58995828068e-06,5.8086853608e-06,1.35267584216e-05,0.99998917408,1.00001352676,0,0,0,3.43862596188e-06,520,2.00000005837,2.00000005828,4.34996470602e-11
512,0.15743726856592596,1200,4,post,4,1.5,1536,2.53573044821e-07,3.26053945239e-07,1.68484494167e-06,0.999998315155,1.00000040673,5.36484659669e-09,2.21105138976e-08,0,3.27817029979e-06,520,2.00000005837,2.00000005828,4.39670509399e-11
512,0.15743726856592596,1200,4,post,4,3.0,3072,8.801932802e-07,1.27696434298e-06,3.54893854815e-06,0.99999774181,1.00000354894,1.49246440854e-08,5.47495953383e-08,0,3.27817029979e-06,520,2.00000005837,2.00000005828,4.39670509399e-11
512,0.17066729113449114,1300,4,pre,-1,1.5,1536,2.05258343699e-06,2.59644598282e-06,5.93825900053e-06,0.999998167179,1.00000593826,0,0,0,2.81959202285e-05,516,2.0000000584,2.00000005831,4.50441892865e-11
512,0.17066729113449114,1300,4,pre,-1,3.0,3072,3.79605814351e-06,4.78079346807e-06,1.03355783856e-05,0.999990285977,1.00001033558,0,0,0,2.81959202285e-05,516,2.0000000584,2.00000005831,4.50441892865e-11
512,0.17066729113449114,1300,4,post,4,1.5,1536,2.07079116072e-07,2.76894653843e-07,6.97139348693e-07,0.999999744342,1.00000069714,4.13708767526e-09,1.5531655146e-08,0,2.78828737961e-05,516,2.00000005839,2.00000005831,4.20266031935e-11
512,0.17066729113449114,1300,4,post,4,3.0,3072,7.25138849892e-07,1.033270534e-06,2.43354879959e-06,0.999997781598,1.00000243355,1.22488023008e-08,4.07176515317e-08,0,2.78828737961e-05,516,2.00000005839,2.00000005831,4.20266031935e-11
512,0.18389731370305634,1400,4,pre,-1,1.5,1536,1.49841677788e-06,1.86417020162e-06,4.20436623605e-06,0.99999868594,1.00000420437,0,0,0,5.16167205255e-05,516,2.00000005854,2.00000005834,1.03659522384e-10
512,0.18389731370305634,1400,4,pre,-1,3.0,3072,2.94972035652e-06,3.79210314101e-06,1.24052651458e-05,0.999992430333,1.00001240527,0,0,0,5.16167205255e-05,516,2.00000005854,2.00000005834,1.03659522384e-10
512,0.18389731370305634,1400,4,post,4,1.5,1536,1.8193351577e-07,2.30189264267e-07,5.34599145174e-07,0.999999711995,1.0000005346,2.72384018865e-09,9.7733033411e-09,0,5.12433538521e-05,516,2.00000005853,2.00000005834,9.57613960175e-11
512,0.18389731370305634,1400,4,post,4,3.0,3072,5.77060363551e-07,8.52511523083e-07,4.04183772762e-06,0.999998431366,1.00000404184,9.36488013122e-09,5.6448997459e-08,0,5.12433538521e-05,516,2.00000005853,2.00000005834,9.57613960175e-11
512,0.19712733627162154,1500,4,pre,-1,1.5,1536,1.01075455436e-06,1.30577100844e-06,3.0436217846e-06,0.999998991303,1.00000304362,0,0,0,7.53697245024e-05,516,2.00000006263,2.00000006229,1.67841291189e-10
512,0.19712733627162154,1500,4,pre,-1,3.0,3072,2.21697193954e-06,3.08691174849e-06,8.78774508672e-06,0.999996210438,1.00000878775,0,0,0,7.53697245024e-05,516,2.00000006263,2.00000006229,1.67841291189e-10
512,0.19712733627162154,1500,4,post,4,1.5,1536,1.86754362471e-07,2.21671385846e-07,4.64204032324e-07,0.999999714842,1.0000004642,2.15433257748e-09,5.86167220665e-09,0,7.51811161136e-05,516,2.00000006267,2.00000006229,1.89663390193e-10
512,0.19712733627162154,1500,4,post,4,3.0,3072,5.16864410138e-07,8.2982892689e-07,2.71065499735e-06,0.999999128442,1.00000271065,7.30956690378e-09,3.81066930961e-08,0,7.51811161136e-05,516,2.00000006267,2.00000006229,1.89663390193e-10
512,0.21035735884018675,1600,4,pre,-1,1.5,1536,8.92003778903e-07,1.19281359953e-06,3.72459179165e-06,0.999999399835,1.00000372459,0,0,0,9.60004919366e-05,524,2.00000005431,2.00000005412,9.2720495437e-11
512,0.21035735884018675,1600,4,pre,-1,3.0,3072,1.42119472848e-06,2.02502396783e-06,5.74505744422e-06,0.999998380412,1.00000574506,0,0,0,9.60004919366e-05,524,2.00000005431,2.00000005412,9.2720495437e-11
512,0.21035735884018675,1600,4,post,4,1.5,1536,2.01528692213e-07,2.5734029062e-07,8.37688662436e-07,0.999999764599,1.00000083769,2.29741906184e-09,1.28924520504e-08,0,9.59644100779e-05,524,2.00000005433,2.00000005412,1.04272365696e-10
512,0.21035735884018675,1600,4,post,4,3.0,3072,4.14121274926e-07,5.92403569815e-07,1.84950740323e-06,0.999999532614,1.00000184951,5.12108842362e-09,2.56294159888e-08,0,9.59644100779e-05,524,2.00000005433,2.00000005412,1.04272365696e-10
512,0.22358738140875195,1700,4,pre,-1,1.5,1536,9.24450047455e-07,1.18406407437e-06,2.68358966382e-06,0.999999838271,1.00000268359,0,0,0,0.000114290220822,524,2.00000004413,2.0000000441,1.64295240454e-11
512,0.22358738140875195,1700,4,pre,-1,3.0,3072,1.10907676006e-06,1.41090418186e-06,3.12366204391e-06,0.999999706436,1.00000312366,0,0,0,0.000114290220822,524,2.00000004413,2.0000000441,1.64295240454e-11
512,0.22358738140875195,1700,4,post,4,1.5,1536,2.00382947335e-07,2.50561804684e-07,6.11158789576e-07,0.999999795646,1.00000061116,2.41906720361e-09,7.23281338641e-09,0,0.000114329714805,524,2.00000004412,2.0000000441,1.3314238307e-11
512,0.22358738140875195,1700,4,post,4,3.0,3072,3.72969688277e-07,5.18545668657e-07,1.50416929334e-06,0.999999795646,1.00000150417,4.62509718994e-09,1.57666133812e-08,0,0.000114329714805,524,2.00000004412,2.0000000441,1.3314238307e-11
512,0.23681740397731715,1800,4,pre,-1,1.5,1536,9.12644591346e-07,1.29058099759e-06,7.70821718454e-06,0.999999494739,1.00000770822,0,0,0,0.000130711116272,524,2.00000003402,2.00000003415,-6.78834754585e-11
512,0.23681740397731715,1800,4,pre,-1,3.0,3072,1.18623293569e-06,1.75669129784e-06,7.70821718454e-06,0.99999728681,1.00000770822,0,0,0,0.000130711116272,524,2.00000003402,2.00000003415,-6.78834754585e-11
512,0.23681740397731715,1800,4,post,4,1.5,1536,2.12255764169e-07,3.30771277867e-07,2.23640581543e-06,0.999999698927,1.00000223641,2.73680102615e-09,3.12281891787e-08,0,0.000130857680016,524,2.000000034,2.00000003415,-7.75841599928e-11
512,0.23681740397731715,1800,4,post,4,3.0,3072,3.93500578688e-07,6.29678813614e-07,2.23640581543e-06,0.999999698927,1.00000223641,5.444845317e-09,3.12281891787e-08,0,0.000130857680016,524,2.000000034,2.00000003415,-7.75841599928e-11
512,0.25004742654588236,1900,4,pre,-1,1.5,1536,1.08179729204e-06,1.58949034963e-06,9.7352733659e-06,0.99999764343,1.00000973527,0,0,0,0.000145207963015,524,2.00000002646,2.00000002651,-2.6460611129e-11
512,0.25004742654588236,1900,4,pre,-1,3.0,3072,1.65741349222e-06,2.31753708617e-06,9.7352733659e-06,0.999996613259,1.00000973527,0,0,0,0.000145207963015,524,2.00000002646,2.00000002651,-2.6460611129e-11
512,0.25004742654588236,1900,4,post,4,1.5,1536,2.22379996775e-07,4.0307852133e-07,3.06064684108e-06,0.999999612283,1.00000306065,3.14817289851e-09,4.422648613e-08,0,0.000145458717009,524,2.00000002645,2.00000002651,-3.08104648818e-11
512,0.25004742654588236,1900,4,post,4,3.0,3072,3.99540373369e-07,6.7330540647e-07,3.06064684108e-06,0.999999612283,1.00000306065,6.5565595549e-09,4.422648613e-08,0,0.000145458717009,524,2.00000002645,2.00000002651,-3.08104648818e-11
512,0.26327744911444773,2000,4,pre,-1,1.5,1536,1.37918719945e-06,1.77612543559e-06,5.30031939139e-06,0.999997098584,1.00000530032,0,0,0,0.000157015534905,524,2.00000002139,2.0000000214,-4.76663148293e-12
512,0.26327744911444773,2000,4,pre,-1,3.0,3072,2.3796425643e-06,3.05200283361e-06,7.99141640995e-06,0.999994836828,1.00000799142,0,0,0,0.000157015534905,524,2.00000002139,2.0000000214,-4.76663148293e-12
512,0.26327744911444773,2000,4,post,4,1.5,1536,2.02470756826e-07,2.920754989e-07,1.65335020008e-06,0.999999531986,1.00000165335,3.72299473197e-09,2.39750879859e-08,0,0.000157350907479,524,2.00000002138,2.0000000214,-6.47215607512e-12
512,0.26327744911444773,2000,4,post,4,3.0,3072,4.93670117297e-07,7.45551414144e-07,2.69467963165e-06,0.999998685463,1.00000269468,8.9905262378e-09,3.94656401639e-08,0,0.000157350907479,524,2.00000002138,2.0000000214,-6.47215607512e-12
512,0.27650747168301282,2100,4,pre,-1,1.5,1536,1.7844386207e-06,2.55910872639e-06,1.50338381544e-05,0.999993428701,1.00001503384,0,0,0,0.000164751084439,524,2.00000001785,2.00000001785,4.72066825857e-13
512,0.27650747168301282,2100,4,pre,-1,3.0,3080,3.12376860385e-06,4.04662096086e-06,1.50338381544e-05,0.999992167925,1.00001503384,0,0,0,0.000164751084439,524,2.00000001785,2.00000001785,4.72066825857e-13
512,0.27650747168301282,2100,4,post,4,1.5,1536,2.59014910366e-07,6.33677226209e-07,5.24289174986e-06,0.999999448047,1.00000524289,4.91670376019e-09,7.64496364131e-08,0,0.000165119347759,524,2.00000001785,2.00000001785,-8.53539453713e-13
512,0.27650747168301282,2100,4,post,4,3.0,3080,6.42598107074e-07,9.99417515684e-07,5.24289174986e-06,0.999997922667,1.00000524289,1.1537172456e-08,7.64496364131e-08,0,0.000165119347759,524,2.00000001785,2.00000001785,-8.53539453713e-13
512,0.28973749425157802,2200,4,pre,-1,1.5,1536,2.10489574099e-06,3.0103623746e-06,1.65625973516e-05,0.999991407795,1.0000165626,0,0,0,0.000171625501975,523,2.00000001606,2.00000001606,-4.86721770087e-13
512,0.28973749425157802,2200,4,pre,-1,3.0,3072,3.8109582317e-06,4.9354183201e-06,1.65625973516e-05,0.999989711626,1.0000165626,0,0,0,0.000171625501975,523,2.00000001606,2.00000001606,-4.86721770087e-13
512,0.28973749425157802,2200,4,post,4,1.5,1536,2.96337629077e-07,7.26463504026e-07,6.07296504307e-06,0.999999372525,1.00000607297,5.84742929131e-09,8.72362835697e-08,0,0.000172039051913,523,2.00000001606,2.00000001606,-1.23900888553e-12
512,0.28973749425157802,2200,4,post,4,3.0,3072,7.86178931244e-07,1.20821731247e-06,6.07296504307e-06,0.999997199907,1.00000607297,1.39979031562e-08,8.72362835697e-08,0,0.000172039051913,523,2.00000001606,2.00000001606,-1.23900888553e-12
512,0.30296751682014328,2300,4,pre,-1,1.5,1536,2.33355136016e-06,3.10636653608e-06,1.46726156369e-05,0.999989937605,1.00001467262,0,0,0,0.00017257382477,524,2.00000001519,2.00000001519,-1.14952491096e-12
512,0.30296751682014328,2300,4,pre,-1,3.0,3072,4.42959405114e-06,5.69551525064e-06,1.46726156369e-05,0.999987397778,1.00001467262,0,0,0,0.00017257382477,524,2.00000001519,2.00000001519,-1.14952491096e-12
512,0.30296751682014328,2300,4,post,4,1.5,1536,2.95032901503e-07,4.99082192326e-07,4.15216654304e-06,0.999999286249,1.00000415217,6.43588388025e-09,5.19334530844e-08,0,0.000173026591372,524,2.00000001519,2.00000001519,-1.56163969458e-12
512,0.30296751682014328,2300,4,post,4,3.0,3072,9.23616427373e-07,1.37729903767e-06,4.67350425115e-06,0.999996554362,1.0000046735,1.65045145255e-08,5.27925174704e-08,0,0.000173026591372,524,2.00000001519,2.00000001519,-1.56163969458e-12
512,0.31619753938870837,2400,4,pre,-1,1.5,1536,2.40569374527e-06,3.08529868302e-06,6.19018596648e-06,0.999993975656,1.00000619019,0,0,0,0.000171995253522,522,2.00000001551,2.00000001552,-5.12589966492e-12
512,0.31619753938870837,2400,4,pre,-1,3.0,3072,4.84628323962e-06,6.29097565562e-06,1.47524568451e-05,0.999985247543,1.00001208331,0,0,0,0.000171995253522,522,2.00000001551,2.00000001552,-5.12589966492e-12
512,0.31619753938870837,2400,4,post,4,1.5,1536,2.96338634312e-07,3.66656719417e-07,1.36474778523e-06,0.999999312033,1.00000136475,6.46273642814e-09,2.20530756117e-08,0,0.000172472443729,522,2.00000001551,2.00000001552,-5.32240913876e-12
512,0.31619753938870837,2400,4,post,4,3.0,3072,9.92754778519e-07,1.4783547409e-06,4.1291813071e-06,0.999995870819,1.00000331375,1.77065625795e-08,6.24749644015e-08,0,0.000172472443729,522,2.00000001551,2.00000001552,-5.32240913876e-12
512,0.32942756195727363,2500,4,pre,-1,1.5,1536,2.54352306983e-06,3.28279186714e-06,6.74521343713e-06,0.999993254787,1.00000608018,0,0,0,0.000166484009525,528,2.00000001712,2.00000001712,-2.0337065191e-12
512,0.32942756195727363,2500,4,pre,-1,3.0,3072,5.2620235724e-06,6.88315526825e-06,1.67511952023e-05,0.999983248805,1.0000133412,0,0,0,0.000166484009525,528,2.00000001712,2.00000001712,-2.0337065191e-12
512,0.32942756195727363,2500,4,post,4,1.5,1536,3.16181589678e-07,3.7818753853e-07,1.09676362414e-06,0.999999334516,1.00000109676,6.78330680864e-09,2.19334149142e-08,0,0.000167010392048,528,2.00000001712,2.00000001712,-1.76525459404e-12
512,0.32942756195727363,2500,4,post,4,3.0,3072,1.0799805349e-06,1.63157085645e-06,4.7929834045e-06,0.999995207017,1.00000359221,1.91516317019e-08,7.18951462357e-08,0,0.000167010392048,528,2.00000001712,2.00000001712,-1.76525459404e-12
512,0.34265758452583883,2600,4,pre,-1,1.5,1536,2.69308126037e-06,3.4791350864e-06,7.36902290277e-06,0.999992630977,1.00000564665,0,0,0,0.000159121346055,528,2.00000001951,2.00000001951,5.11590764757e-13
512,0.34265758452583883,2600,4,pre,-1,3.0,3072,5.59012333516e-06,7.36157578523e-06,1.85505516155e-05,0.999981449448,1.0000142687,0,0,0,0.000159121346055,528,2.00000001951,2.00000001951,5.11590764757e-13
512,0.34265758452583883,2600,4,post,4,1.5,1536,3.35302999901e-07,4.13811843968e-07,1.53318145812e-06,0.999998466819,1.00000109864,6.9745931789e-09,2.37588480036e-08,0,0.00015970845319,528,2.00000001951,2.00000001951,1.17195141336e-12
512,0.34265758452583883,2600,4,post,4,3.0,3072,1.14876923167e-06,1.77011593265e-06,5.43526752128e-06,0.999994564732,1.00000376453,2.01932128831e-08,8.08577140209e-08,0,0.00015970845319,528,2.00000001951,2.00000001951,1.17195141336e-12
512,0.35588760709440392,2700,4,pre,-1,1.5,1536,2.83979521284e-06,3.6391773028e-06,7.94587464126e-06,0.999992054125,1.00000532271,0,0,0,0.000149948949555,528,2.00000002335,2.00000002333,6.87982995873e-12
512,0.35588760709440392,2700,4,pre,-1,3.0,3072,5.82657648853e-06,7.66857126012e-06,2.02291332734e-05,0.999979770867,1.0000156724,0,0,0,0.000149948949555,528,2.00000002335,2.00000002333,6.87982995873e-12
512,0.35588760709440392,2700,4,post,4,1.5,1536,3.38276327077e-07,4.34198423435e-07,1.75588610196e-06,0.999998244114,1.00000105368,7.00047737129e-09,2.51817183303e-08,0,0.000150576159464,528,2.00000002335,2.00000002333,9.074074719e-12
512,0.35588760709440392,2700,4,post,4,3.0,3072,1.18020783134e-06,1.84792677448e-06,6.10286805847e-06,0.999993897132,1.00000411389,2.07538061842e-08,8.987123018e-08,0,0.000150576159464,528,2.00000002335,2.00000002333,9.074074719e-12
512,0.36911762966296924,2800,4,pre,-1,1.5,1544,2.97883869258e-06,3.78429575285e-06,8.64769981512e-06,0.9999913523,1.00000622225,0,0,0,0.000137970823464,528,2.00000002889,2.00000002883,3.00888198905e-11
512,0.36911762966296924,2800,4,pre,-1,3.0,3072,5.88480757471e-06,7.6159512764e-06,2.17512435748e-05,0.999978248756,1.0000173904,0,0,0,0.000137970823464,528,2.00000002889,2.00000002883,3.00888198905e-11
512,0.36911762966296924,2800,4,post,4,1.5,1544,3.3070473626e-07,4.38948910831e-07,1.92573983326e-06,0.99999807426,1.00000096908,6.84202517027e-09,2.66509983266e-08,0,0.00013855509351,528,2.0000000289,2.00000002883,3.66870972754e-11
512,0.36911762966296924,2800,4,post,4,3.0,3072,1.14830003563e-06,1.74166230716e-06,6.79444055274e-06,0.999993205559,1.00000458889,2.03231903858e-08,9.87140001286e-08,0,0.00013855509351,528,2.0000000289,2.00000002883,3.66870972754e-11
512,0.38234765223153444,2900,4,pre,-1,1.5,1536,3.07108083723e-06,3.90274419358e-06,9.01722280122e-06,0.999990982777,1.0000061614,0,0,0,0.000122640624149,528,2.00000003724,2.00000003714,4.94697607017e-11
512,0.38234765223153444,2900,4,pre,-1,3.0,3072,5.8525554506e-06,7.45171814042e-06,1.65523468167e-05,0.999985560453,1.00001655235,0,0,0,0.000122640624149,528,2.00000003724,2.00000003714,4.94697607017e-11
512,0.38234765223153444,2900,4,post,4,1.5,1536,3.12987009645e-07,4.28860989566e-07,1.35201933038e-06,0.999998647981,1.00000085298,6.61115290931e-09,2.70668359444e-08,0,0.000123121543911,528,2.00000003725,2.00000003714,5.56086277801e-11
512,0.38234765223153444,2900,4,post,4,3.0,3072,1.10896437555e-06,1.61444929513e-06,4.08762813509e-06,0.9999963384,1.00000408763,1.95755612849e-08,6.66483458336e-08,0,0.000123121543911,528,2.00000003725,2.00000003714,5.56086277801e-11
512,0.39557767480009953,3000,4,pre,-1,1.5,1536,3.07527549658e-06,3.93385608099e-06,9.37605117179e-06,0.999990623949,1.00000658887,0,0,0,0.000105528503886,528,2.00000004547,2.0000000455,-1.84967592586e-11
512,0.39557767480009953,3000,4,pre,-1,3.0,3072,5.79200458014e-06,7.37146835948e-06,1.53408989907e-05,0.999984659101,1.00001529456,0,0,0,0.000105528503886,528,2.00000004547,2.0000000455,-1.84967592586e-11
512,0.39557767480009953,3000,4,post,4,1.5,1536,2.98637168412e-07,4.09365733723e-07,1.02295846116e-06,0.999998977042,1.00000071185,6.36088966649e-09,2.75609220576e-08,0,0.000105893877897,528,2.00000004546,2.0000000455,-1.90918387863e-11
512,0.39557767480009953,3000,4,post,4,3.0,3072,1.09708619053e-06,1.59673630965e-06,3.9226357641e-06,0.999996077364,1.00000360526,1.91203841932e-08,6.20458647828e-08,0,0.000105893877897,528,2.00000004546,2.0000000455,-1.90918387863e-11
512,0.40880769736866485,3100,4,pre,-1,1.5,1536,2.81734387405e-06,3.51822503224e-06,9.81625807683e-06,0.999990183742,1.00000817348,0,0,0,8.74572014852e-05,528,2.00000005447,2.00000005438,4.59055003741e-11
512,0.40880769736866485,3100,4,pre,-1,3.0,3072,5.63687116417e-06,7.22313593068e-06,1.64181038226e-05,0.999983581896,1.00001425941,0,0,0,8.74572014852e-05,528,2.00000005447,2.00000005438,4.59055003741e-11
512,0.40880769736866485,3100,4,post,4,1.5,1536,2.7753823102e-07,3.35080025119e-07,1.39104274888e-06,0.999998608957,1.00000056158,5.96298749484e-09,2.99618399258e-08,0,8.77813697438e-05,528,2.00000005445,2.00000005438,3.69864129259e-11
512,0.40880769736866485,3100,4,post,4,3.0,3072,1.09903765147e-06,1.61216285149e-06,4.3340028415e-06,0.999995665997,1.00000358395,1.89129969403e-08,6.7534321576e-08,0,8.77813697438e-05,528,2.00000005445,2.00000005438,3.69864129259e-11
512,0.42203771993723005,3200,4,pre,-1,1.5,1536,2.55394321023e-06,3.1246208212e-06,1.21958022837e-05,0.999987804198,1.00000616865,0,0,0,7.11140287418e-05,520,2.000000062,2.00000006176,1.18650419156e-10
512,0.42203771993723005,3200,4,pre,-1,3.0,3072,5.3631239257e-06,6.9446937611e-06,1.64719849904e-05,0.999983528015,1.00001180028,0,0,0,7.11140287418e-05,520,2.000000062,2.00000006176,1.18650419156e-10
512,0.42203771993723005,3200,4,post,4,1.5,1536,2.39860873181e-07,3.07026049331e-07,3.82051893189e-06,0.999996179481,1.00000051143,5.45168412384e-09,3.93674378313e-08,0,7.1667209167e-05,520,2.00000006196,2.00000006176,1.03131278108e-10
512,0.42203771993723005,3200,4,post,4,3.0,3072,1.06051915707e-06,1.60115034667e-06,4.48879994108e-06,0.9999955112,1.00000250897,1.8250860666e-08,6.82655619897e-08,0,7.1667209167e-05,520,2.00000006196,2.00000006176,1.03131278108e-10
512,0.43526774250579514,3300,4,pre,-1,1.5,1536,2.35792348778e-06,2.86314055036e-06,1.07356274607e-05,0.999989264373,1.00000476336,0,0,0,5.26298839132e-05,520,2.00000006525,2.00000006473,2.59389834543e-10
512,0.43526774250579514,3300,4,pre,-1,3.0,3072,4.99655423971e-06,6.51271681688e-06,1.6340309719e-05,0.99998365969,1.00001313207,0,0,0,5.26298839132e-05,520,2.00000006525,2.00000006473,2.59389834543e-10
512,0.43526774250579514,3300,4,post,4,1.5,1536,2.15913432677e-07,2.80622734545e-07,3.36415665436e-06,0.999996635843,1.00000034201,4.96699069532e-09,3.31178907158e-08,0,5.32456913422e-05,520,2.00000006522,2.00000006473,2.44302570261e-10
512,0.43526774250579514,3300,4,post,4,3.0,3072,9.88206861452e-07,1.5189938746e-06,4.56924531178e-06,0.999995430755,1.0000035826,1.70080240365e-08,6.9453047355e-08,0,5.32456913422e-05,520,2.00000006522,2.00000006473,2.44302570261e-10
512,0.44849776507436045,3400,4,pre,-1,1.5,1536,2.29883761017e-06,2.76425147808e-06,8.35833990587e-06,0.99999164166,1.00000392567,0,0,0,3.19236960677e-05,520,2.00000005891,2.00000005872,9.51514394873e-11
512,0.44849776507436045,3400,4,pre,-1,3.0,3072,4.58561456434e-06,5.89419565191e-06,1.48208548409e-05,0.999990425762,1.00001482085,0,0,0,3.19236960677e-05,520,2.00000005891,2.00000005872,9.51514394873e-11
512,0.44849776507436045,3400,4,post,4,1.5,1536,1.98465927532e-07,2.6519133676e-07,2.49302781297e-06,0.999997506972,1.00000029251,4.77882188089e-09,3.1247097086e-08,0,3.24144493623e-05,520,2.00000005892,2.00000005872,1.0004885515e-10
512,0.44849776507436045,3400,4,post,4,3.0,3072,8.82116051264e-07,1.33376481913e-06,4.11755663654e-06,0.999997506972,1.00000411756,1.53293362839e-08,6.2978766726e-08,0,3.24144493623e-05,520,2.00000005892,2.00000005872,1.0004885515e-10
512,0.4617277876429256,3500,4,pre,-1,1.5,1536,2.19477379429e-06,2.65793198349e-06,6.73867620127e-06,0.999993261324,1.00000335371,0,0,0,1.12308198013e-05,520,2.00000006043,2.0000000587,8.63315615858e-10
512,0.4617277876429256,3500,4,pre,-1,3.0,3072,4.10459956058e-06,5.22064375764e-06,1.25543181297e-05,0.999990871999,1.00001255432,0,0,0,1.12308198013e-05,520,2.00000006043,2.0000000587,8.63315615858e-10
512,0.4617277876429256,3500,4,post,4,1.5,1536,2.07262902131e-07,2.85196643422e-07,2.35255455905e-06,0.999997647445,1.00000031988,4.63562755883e-09,3.12551106441e-08,0,1.14868981002e-05,520,2.00000006043,2.0000000587,8.65040902387e-10
512,0.4617277876429256,3500,4,post,4,3.0,3072,7.87417089509e-07,1.16298139797e-06,3.37914112558e-06,0.999997647445,1.00000337914,1.34875537777e-08,5.17739113647e-08,0,1.14868981002e-05,520,2.00000006043,2.0000000587,8.65040902387e-10
512,0.47495781021149075,3600,4,pre,-1,1.5,1536,2.02825507094e-06,2.62562605782e-06,6.22386532734e-06,0.999998204799,1.00000622387,0,0,0,1.11275973208e-05,516,2.00000005873,2.00000005869,2.25530698604e-11
512,0.47495781021149075,3600,4,pre,-1,3.0,3072,3.57118713591e-06,4.50255056697e-06,1.02222046334e-05,0.999991437993,1.0000102222,0,0,0,1.11275973208e-05,516,2.00000005873,2.00000005869,2.25530698604e-11
512,0.47495781021149075,3600,4,post,4,1.5,1536,2.07265732719e-07,2.70627095542e-07,6.91309408607e-07,0.999999774233,1.00000069131,4.26451599922e-09,1.75302053429e-08,0,1.10490050138e-05,516,2.00000005874,2.00000005869,2.3087975298e-11
512,0.47495781021149075,3600,4,post,4,3.0,3072,6.87086444489e-07,9.84326281772e-07,2.57483186283e-06,0.999998044132,1.00000257483,1.15534821644e-08,4.20898733002e-08,0,1.10490050138e-05,516,2.00000005874,2.00000005869,2.3087975298e-11
512,0.48818783278005606,3700,4,pre,-1,1.5,1536,1.59190174445e-06,2.01241336914e-06,4.67473476284e-06,0.999998553354,1.00000467473,0,0,0,2.72093137674e-05,516,2.00000005874,2.00000005868,3.07709404477e-11
512,0.48818783278005606,3700,4,pre,-1,3.0,3072,2.92780479894e-06,3.67344204036e-06,8.1173131341e-06,0.999992814991,1.00000811731,0,0,0,2.72093137674e-05,516,2.00000005874,2.00000005868,3.07709404477e-11
512,0.48818783278005606,3700,4,post,4,1.5,1536,1.72722519147e-07,2.29061787192e-07,5.79040271953e-07,0.999999746837,1.00000057904,3.1505456066e-09,1.23678778165e-08,0,2.69683405097e-05,516,2.00000005873,2.00000005868,2.84683379622e-11
512,0.48818783278005606,3700,4,post,4,3.0,3072,5.63363794677e-07,7.93532054849e-07,1.94176677781e-06,0.99999845555,1.00000194177,9.38134968442e-09,3.19906182829e-08,0,2.69683405097e-05,516,2.00000005873,2.00000005868,2.84683379622e-11
512,0.50141785534862127,3800,4,pre,-1,1.5,1536,1.19914910145e-06,1.50456613154e-06,3.49615597539e-06,0.999998795588,1.00000349616,0,0,0,4.32644113736e-05,516,2.00000005878,2.00000005867,5.92048614976e-11
512,0.50141785534862127,3800,4,pre,-1,3.0,3072,2.26502793843e-06,2.83755473375e-06,6.24631404378e-06,0.999994452814,1.00000624631,0,0,0,4.32644113736e-05,516,2.00000005878,2.00000005867,5.92048614976e-11
512,0.50141785534862127,3800,4,post,4,1.5,1536,1.5700402619e-07,1.95530442331e-07,4.65352294698e-07,0.99999975366,1.00000046535,2.24224758092e-09,8.60827545617e-09,0,4.30058370475e-05,516,2.00000005877,2.00000005867,5.47921691933e-11
512,0.50141785534862127,3800,4,post,4,3.0,3072,4.39550228148e-07,6.0333650109e-07,1.44845675565e-06,0.999998861164,1.00000144846,7.0969451111e-09,2.3756539267e-08,0,4.30058370475e-05,516,2.00000005877,2.00000005867,5.47921691933e-11
512,0.51464787791718636,3900,4,pre,-1,1.5,1536,8.30405603972e-07,1.07438747159e-06,2.49272738828e-06,0.999999005137,1.00000249273,0,0,0,5.8682276789e-05,516,2.00000006332,2.00000006313,9.36128922585e-11
512,0.51464787791718636,3900,4,pre,-1,3.0,3072,1.76625214216e-06,2.43604335649e-06,7.22942337772e-06,0.999996587643,1.00000722942,0,0,0,5.8682276789e-05,516,2.00000006332,2.00000006313,9.36128922585e-11
512,0.51464787791718636,3900,4,post,4,1.5,1536,1.45172798713e-07,1.71111487412e-07,3.65424692728e-07,0.999999760053,1.00000036542,1.71224969264e-09,5.65928298798e-09,0,5.85088742236e-05,516,2.00000006334,2.00000006313,1.05387251152e-10
512,0.51464787791718636,3900,4,post,4,3.0,3072,4.12958821806e-07,6.62882449917e-07,2.32531457933e-06,0.999999191789,1.00000232531,5.88165236769e-09,3.22769608124e-08,0,5.85088742236e-05,516,2.00000006334,2.00000006313,1.05387251152e-10
512,0.52787790048575167,4000,4,pre,-1,1.5,1536,6.50173041762e-07,8.22164100254e-07,1.92266208399e-06,0.999999251267,1.00000192266,0,0,0,7.3136766159e-05,516,2.0000000614,2.00000006117,1.16788131147e-10
512,0.52787790048575167,4000,4,pre,-1,3.0,3072,1.18891037249e-06,1.6663537736e-06,4.86941277633e-06,0.999997851171,1.00000486941,0,0,0,7.3136766159e-05,516,2.0000000614,2.00000006117,1.16788131147e-10
512,0.52787790048575167,4000,4,post,4,1.5,1536,1.41021503823e-07,1.64995751722e-07,3.19978198604e-07,0.999999794072,1.00000031998,1.49717379163e-09,3.82944588756e-09,0,7.30637705809e-05,516,2.0000000614,2.00000006117,1.16273431768e-10
512,0.52787790048575167,4000,4,post,4,3.0,3072,3.34500995267e-07,4.95656382351e-07,1.63398098763e-06,0.999999442841,1.00000163398,4.21680986121e-09,2.18996086768e-08,0,7.30637705809e-05,516,2.0000000614,2.00000006117,1.16273431768e-10
512,0.54110792305431687,4100,4,pre,-1,1.5,1536,6.26220478088e-07,7.55848107957e-07,1.39146842848e-06,0.999999476575,1.00000139147,0,0,0,8.56985579729e-05,516,2.00000005651,2.00000005636,7.82973663824e-11
512,0.54110792305431687,4100,4,pre,-1,3.0,3072,8.24425163382e-07,1.02912494056e-06,2.72931219913e-06,0.999999213987,1.00000272931,0,0,0,8.56985579729e-05,516,2.00000005651,2.00000005636,7.82973663824e-11
512,0.54110792305431687,4100,4,post,4,1.5,1536,1.39442243167e-07,1.71118871349e-07,4.30757496117e-07,0.999999840558,1.00000043076,1.56342860844e-09,6.25807661941e-09,0,8.57116443203e-05,516,2.00000005653,2.00000005636,8.72850656027e-11
512,0.54110792305431687,4100,4,post,4,3.0,3072,2.65828408732e-07,3.53414483624e-07,9.91403734441e-07,0.999999626032,1.0000009914,3.12598682807e-09,1.23983981484e-08,0,8.57116443203e-05,516,2.00000005653,2.00000005636,8.72850656027e-11
512,0.55433794562288197,4200,4,pre,-1,1.5,1536,6.34159566397e-07,8.22121930808e-07,2.12582468184e-06,0.999999264311,1.00000212582,0,0,0,9.46254796532e-05,524,2.00000005157,2.00000005152,2.44471103725e-11
512,0.55433794562288197,4200,4,pre,-1,3.0,3072,6.91528336695e-07,9.57323191392e-07,2.79689236504e-06,0.999999251564,1.00000279689,0,0,0,9.46254796532e-05,524,2.00000005157,2.00000005152,2.44471103725e-11
512,0.55433794562288197,4200,4,post,4,1.5,1536,1.3594393277e-07,1.67688164196e-07,4.57419068844e-07,0.999999841237,1.00000045742,1.70024626597e-09,8.11241151165e-09,0,9.46825162419e-05,524,2.00000005157,2.00000005152,2.87490024375e-11
512,0.55433794562288197,4200,4,post,4,3.0,3072,2.20488009318e-07,3.16264421112e-07,1.17509824449e-06,0.999999640669,1.0000011751,2.77879287023e-09,1.51936651593e-08,0,9.46825162419e-05,524,2.00000005157,2.00000005152,2.87490024375e-11
512,0.56756796819144728,4300,4,pre,-1,1.5,1536,6.7635182371e-07,8.94396707943e-07,2.21774029363e-06,0.999999022274,1.00000221774,0,0,0,0.000102820483212,524,2.00000004691,2.00000004687,2.10356171992e-11
512,0.56756796819144728,4300,4,pre,-1,3.0,3072,1.07662200649e-06,1.46954873945e-06,4.31516366639e-06,0.999998545679,1.00000431516,0,0,0,0.000102820483212,524,2.00000004691,2.00000004687,2.10356171992e-11
512,0.56756796819144728,4300,4,post,4,1.5,1536,1.34316351766e-07,1.66619370089e-07,6.44294881669e-07,0.999999815822,1.00000064429,1.71555810807e-09,8.41823666114e-09,0,0.000102923355038,524,2.00000004691,2.00000004687,2.23674407084e-11
512,0.56756796819144728,4300,4,post,4,3.0,3072,2.51485757896e-07,4.12654567716e-07,1.55476806696e-06,0.999999514271,1.00000155477,4.0180419837e-09,2.1280924566e-08,0,0.000102923355038,524,2.00000004691,2.00000004687,2.23674407084e-11
512,0.58079799076001248,4400,4,pre,-1,1.5,1536,8.63713108846e-07,1.10932694348e-06,2.60390247653e-06,0.999998069659,1.0000026039,0,0,0,0.000109405126564,524,2.00000004301,2.00000004299,1.00337513917e-11
512,0.58079799076001248,4400,4,pre,-1,3.0,3072,1.60264994585e-06,2.10471926852e-06,5.74123024233e-06,0.999997250351,1.00000574123,0,0,0,0.000109405126564,524,2.00000004301,2.00000004299,1.00337513917e-11
512,0.58079799076001248,4400,4,post,4,1.5,1536,1.22484751165e-07,1.58017321806e-07,6.45242302477e-07,0.999999797142,1.00000064524,2.22383454831e-09,9.08490679994e-09,0,0.000109556634713,524,2.00000004301,2.00000004299,9.8010486507e-12
512,0.58079799076001248,4400,4,post,4,3.0,3072,3.35339404393e-07,5.37244559705e-07,1.88769664566e-06,0.999999294072,1.0000018877,5.96245817581e-09,2.68503519453e-08,0,0.000109556634713,524,2.00000004301,2.00000004299,9.8010486507e-12
512,0.59402801332857758,4500,4,pre,-1,1.5,1536,1.06788057984e-06,1.38840861028e-06,3.70565738395e-06,0.999996294343,1.0000034536,0,0,0,0.000113612814771,524,2.0000000404,2.0000000404,3.03379537581e-12
512,0.59402801332857758,4500,4,pre,-1,3.0,3072,2.09190897971e-06,2.72457995556e-06,7.0375100405e-06,0.999995529779,1.00000703751,0,0,0,0.000113612814771,524,2.0000000404,2.0000000404,3.03379537581e-12
512,0.59402801332857758,4500,4,post,4,1.5,1536,1.30004551407e-07,1.57630573522e-07,7.06709386789e-07,0.999999787205,1.00000070671,2.75256408298e-09,1.11420690408e-08,0,0.000113816455811,524,2.0000000404,2.0000000404,2.44360082784e-12
512,0.59402801332857758,4500,4,post,4,3.0,3072,4.27427960065e-07,6.62905806964e-07,2.17418024273e-06,0.999998673964,1.00000217418,7.70494556889e-09,3.18118688527e-08,0,0.000113816455811,524,2.0000000404,2.0000000404,2.44360082784e-12
512,0.60725803589714289,4600,4,pre,-1,1.5,1536,1.29598104644e-06,1.64860809455e-06,3.53831589572e-06,0.999996461684,1.0000027774,0,0,0,0.000116337034958,524,2.00000003935,2.00000003934,2.11541890951e-12
512,0.60725803589714289,4600,4,pre,-1,3.0,3072,2.54171853566e-06,3.27289273889e-06,8.14999273047e-06,0.999994679799,1.00000814999,0,0,0,0.000116337034958,524,2.00000003935,2.00000003934,2.11541890951e-12
512,0.60725803589714289,4600,4,post,4,1.5,1536,1.50007561697e-07,1.82237087336e-07,7.96353492039e-07,0.999999772783,1.00000079635,3.24802592647e-09,1.0050514942e-08,0,0.000116574546447,524,2.00000003935,2.00000003934,1.78124178567e-12
512,0.60725803589714289,4600,4,post,4,3.0,3072,5.09642033218e-07,7.6818565556e-07,2.39812551772e-06,0.999998659885,1.00000239813,9.17582524332e-09,3.58874116934e-08,0,0.000116574546447,524,2.00000003935,2.00000003934,1.78124178567e-12
512,0.62048805846570798,4700,4,pre,-1,1.5,1536,1.53525225822e-06,1.95967101209e-06,6.7545654121e-06,0.999995913878,1.00000675457,0,0,0,0.000116732955429,524,2.0000000391,2.00000003908,6.1395332062e-12
512,0.62048805846570798,4700,4,pre,-1,3.0,3072,2.94943490061e-06,3.77064611561e-06,9.05514245741e-06,0.99999356172,1.00000905514,0,0,0,0.000116732955429,524,2.0000000391,2.00000003908,6.1395332062e-12
512,0.62048805846570798,4700,4,post,4,1.5,1536,1.80447155053e-07,2.99709073538e-07,2.04153558592e-06,0.999999693848,1.00000204154,3.80570641016e-09,2.8448795743e-08,0,0.000117000222945,524,2.0000000391,2.00000003908,6.34381423874e-12
512,0.62048805846570798,4700,4,post,4,3.0,3072,5.87301533319e-07,8.7378235544e-07,2.55706312124e-06,0.999998411573,1.00000255706,1.04672424595e-08,3.89950612512e-08,0,0.000117000222945,524,2.0000000391,2.00000003908,6.34381423874e-12
512,0.63371808103427318,4800,4,pre,-1,1.5,1536,1.68766492943e-06,2.12229629392e-06,4.77455031722e-06,0.99999522545,1.00000333005,0,0,0,0.000113739444964,528,2.00000003985,2.00000003985,-8.75299815172e-13
512,0.63371808103427318,4800,4,pre,-1,3.0,3072,3.25102910266e-06,4.1429547616e-06,9.69245526639e-06,0.999992475452,1.00000969246,0,0,0,0.000113739444964,528,2.00000003985,2.00000003985,-8.75299815172e-13
512,0.63371808103427318,4800,4,post,4,1.5,1536,1.65121740204e-07,2.08292695764e-07,6.82541126396e-07,0.999999317459,1.00000042208,3.82229015076e-09,1.37392281996e-08,0,0.000114006644547,528,2.00000003985,2.00000003985,-2.55129245975e-13
512,0.63371808103427318,4800,4,post,4,3.0,3072,6.24261952189e-07,9.25440451087e-07,2.63129571532e-06,0.999998113591,1.0000026313,1.12661993941e-08,4.07978236264e-08,0,0.000114006644547,528,2.00000003985,2.00000003985,-2.55129245975e-13
512,0.6469481036028385,4900,4,pre,-1,1.5,1536,1.85769269097e-06,2.33731389838e-06,5.44913872325e-06,0.999994550861,1.00000412144,0,0,0,0.000109457806726,528,2.00000004214,2.00000004213,3.02424745537e-12
512,0.6469481036028385,4900,4,pre,-1,3.0,3072,3.52694680209e-06,4.47684702862e-06,1.00871720894e-05,0.99999146387,1.00001008717,0,0,0,0.000109457806726,528,2.00000004214,2.00000004213,3.02424745537e-12
512,0.6469481036028385,4900,4,post,4,1.5,1536,1.78231682974e-07,2.32728673705e-07,9.06074679841e-07,0.999999093925,1.00000044141,4.05642917312e-09,1.59207752233e-08,0,0.000109724579014,528,2.00000004214,2.00000004213,3.39706033919e-12
512,0.6469481036028385,4900,4,post,4,3.0,3072,6.74917452543e-07,9.9104786728e-07,2.6387077523e-06,0.999997714481,1.00000263871,1.20488295237e-08,4.14946206995e-08,0,0.000109724579014,528,2.00000004214,2.00000004213,3.39706033919e-12
512,0.66017812617140348,5000,4,pre,-1,1.5,1536,1.96962411894e-06,2.48733319482e-06,5.87382239492e-06,0.999994126178,1.00000484635,0,0,0,0.000103380693511,528,2.00000004519,2.00000004522,-1.00817130141e-11
512,0.66017812617140348,5000,4,pre,-1,3.0,3072,3.71808488491e-06,4.71512863718e-06,1.02337632828e-05,0.999990542952,1.00001023376,0,0,0,0.000103380693511,528,2.00000004519,2.00000004522,-1.00817130141e-11
512,0.66017812617140348,5000,4,post,4,1.5,1536,1.86650338319e-07,2.41694050815e-07,5.5866355797e-07,0.999999441336,1.00000043901,4.20513194789e-09,1.67216984981e-08,0,0.00010363316557,528,2.00000004519,2.00000004522,-1.07529538396e-11
512,0.66017812617140348,5000,4,post,4,3.0,3072,7.1044692243e-07,1.03553277008e-06,2.58854654245e-06,0.999997484353,1.00000258855,1.25574496977e-08,4.1104291356e-08,0,0.00010363316557,528,2.00000004519,2.00000004522,-1.07529538396e-11
512,0.67340814873996879,5100,4,pre,-1,1.5,1536,2.02763278657e-06,2.56140856069e-06,6.3575617415e-06,0.999993642438,1.00000521735,0,0,0,9.5530914277e-05,528,2.00000004886,2.0000000489,-2.00515155129e-11
512,0.67340814873996879,5100,4,pre,-1,3.0,3072,3.84252689841e-06,4.87739876197e-06,1.02619133736e-05,0.999989738087,1.0000101418,0,0,0,9.5530914277e-05,528,2.00000004886,2.0000000489,-2.00515155129e-11
512,0.67340814873996879,5100,4,post,4,1.5,1536,1.92123289374e-07,2.44337540936e-07,6.10975944171e-07,0.999999389024,1.00000041603,4.29837600978e-09,1.8093453142e-08,0,9.57682942394e-05,528,2.00000004886,2.0000000489,-2.27839963543e-11
512,0.67340814873996879,5100,4,post,4,3.0,3072,7.3547780183e-07,1.07025544555e-06,2.68952933791e-06,0.999997310471,1.00000249605,1.29242244972e-08,4.22671604227e-08,0,9.57682942394e-05,528,2.00000004886,2.0000000489,-2.27839963543e-11
512,0.68663817130853411,5200,4,pre,-1,1.5,1536,1.95534856158e-06,2.41950388276e-06,5.53381914936e-06,0.999996776707,1.00000553382,0,0,0,8.76480344617e-05,520,2.00000005333,2.00000005338,-2.3514523034e-11
512,0.68663817130853411,5200,4,pre,-1,3.0,3072,3.89243231937e-06,4.96826832884e-06,1.11647138455e-05,0.999988835286,1.000009491,0,0,0,8.76480344617e-05,520,2.00000005333,2.00000005338,-2.3514523034e-11
512,0.68663817130853411,5200,4,post,4,1.5,1536,1.88755437768e-07,2.18279964173e-07,4.29376641797e-07,0.999999570623,1.0000003751,4.21445311823e-09,1.37386998601e-08,0,8.79212243345e-05,520,2.00000005332,2.00000005338,-2.84596782983e-11
512,0.68663817130853411,5200,4,post,4,3.0,3072,7.60179008446e-07,1.1114347417e-06,2.98917324848e-06,0.999997010827,1.00000209022,1.32244921338e-08,4.53192684144e-08,0,8.79212243345e-05,520,2.00000005332,2.00000005338,-2.84596782983e-11
512,0.69986819387709909,5300,4,pre,-1,1.5,1536,1.8781498922e-06,2.29969354114e-06,4.90894053096e-06,0.999996798791,1.00000490894,0,0,0,7.7710881024e-05,520,2.00000005788,2.00000005801,-6.63997726416e-11
512,0.69986819387709909,5300,4,pre,-1,3.0,3072,3.8640991902e-06,4.96833704787e-06,1.15689043161e-05,0.999988431096,1.00000896075,0,0,0,7.7710881024e-05,520,2.00000005788,2.00000005801,-6.63997726416e-11
512,0.69986819387709909,5300,4,post,4,1.5,1536,1.72551725442e-07,2.00222257753e-07,3.50225274781e-07,0.999999649775,1.0000003363,4.03258465543e-09,1.14158807693e-08,0,7.80835548364e-05,520,2.00000005786,2.00000005801,-7.49091877893e-11
512,0.69986819387709909,5300,4,post,4,3.0,3072,7.58360193812e-07,1.1304741232e-06,3.1352203812e-06,0.99999686478,1.00000184785,1.32028583619e-08,4.77215331071e-08,0,7.80835548364e-05,520,2.00000005786,2.00000005801,-7.49091877893e-11
512,0.7130982164456644,5400,4,pre,-1,1.5,1536,1.79578454648e-06,2.19735502924e-06,1.12059180447e-05,0.999988794082,1.00000418504,0,0,0,6.65052697922e-05,520,2.00000006224,2.00000006203,1.0457501207e-10
512,0.7130982164456644,5400,4,pre,-1,3.0,3072,3.77838991395e-06,4.8932803631e-06,1.17641446599e-05,0.999988235855,1.00000878296,0,0,0,6.65052697922e-05,520,2.00000006224,2.00000006203,1.0457501207e-10
512,0.7130982164456644,5400,4,post,4,1.5,1536,1.65461681758e-07,2.26790919054e-07,3.5387137638e-06,0.999996461286,1.00000032303,3.87147140741e-09,3.51642864809e-08,0,6.69429225684e-05,520,2.00000006222,2.00000006203,9.28030956609e-11
512,0.7130982164456644,5400,4,post,4,3.0,3072,7.49333716581e-07,1.1374529118e-06,3.77961810549e-06,0.999996220382,1.00000297485,1.29883328321e-08,4.93397028858e-08,0,6.69429225684e-05,520,2.00000006222,2.00000006203,9.28030956609e-11
512,0.72632823901422972,5500,4,pre,-1,1.5,1536,1.69671294043e-06,2.06372518138e-06,3.486883279e-06,0.999996818228,1.00000348688,0,0,0,5.42720101843e-05,520,2.00000006495,2.00000006416,3.96582309816e-10
512,0.72632823901422972,5500,4,pre,-1,3.0,3072,3.61102110483e-06,4.70834424765e-06,1.17721242497e-05,0.999988227876,1.00000926922,0,0,0,5.42720101843e-05,520,2.00000006495,2.00000006416,3.96582309816e-10
512,0.72632823901422972,5500,4,post,4,1.5,1536,1.51303913625e-07,1.79435605522e-07,3.62070629589e-07,0.999999637929,1.00000026895,3.58540708732e-09,7.56967859141e-09,0,5.47336501243e-05,520,2.00000006493,2.00000006416,3.86530350873e-10
512,0.72632823901422972,5500,4,post,4,3.0,3072,7.15575855508e-07,1.10138909508e-06,3.30963602935e-06,0.999996690364,1.00000254581,1.23766812215e-08,5.02626274126e-08,0,5.47336501243e-05,520,2.00000006493,2.00000006416,3.86530350873e-10
512,0.7395582615827947,5600,4,pre,-1,1.5,1536,1.67649933825e-06,2.02591712157e-06,8.66661997057e-06,0.99999133338,1.00000297355,0,0,0,4.08729743404e-05,520,2.00000006124,2.00000006004,6.01261689039e-10
512,0.7395582615827947,5600,4,pre,-1,3.0,3072,3.4189870201e-06,4.40720279171e-06,1.11550504374e-05,0.99999133338,1.00001115505,0,0,0,4.08729743404e-05,520,2.00000006124,2.00000006004,6.01261689039e-10
512,0.7395582615827947,5600,4,post,4,1.5,1536,1.48710873794e-07,2.06282252432e-07,2.61783222699e-06,0.999997382168,1.00000021941,3.51742625961e-09,3.03603250582e-08,0,4.12919840745e-05,520,2.00000006125,2.00000006004,6.03851395189e-10
512,0.7395582615827947,5600,4,post,4,3.0,3072,6.68825848382e-07,1.01362917235e-06,3.14722493733e-06,0.999997363348,1.00000314722,1.16065530083e-08,4.80857052891e-08,0,4.12919840745e-05,520,2.00000006125,2.00000006004,6.03851395189e-10
512,0.75278828415136001,5700,4,pre,-1,1.5,1536,1.61499194623e-06,1.94470458511e-06,7.75779434992e-06,0.999992242206,1.00000255932,0,0,0,2.66348842291e-05,520,2.00000006071,2.00000006005,3.30147677054e-10
512,0.75278828415136001,5700,4,pre,-1,3.0,3072,3.1473941054e-06,4.01920637336e-06,9.84155895045e-06,0.999992242206,1.00000984156,0,0,0,2.66348842291e-05,520,2.00000006071,2.00000006005,3.30147677054e-10
512,0.75278828415136001,5700,4,post,4,1.5,1536,1.39467753723e-07,1.95097548404e-07,2.34628680773e-06,0.999997653713,1.00000019264,3.38555439385e-09,2.64096094507e-08,0,2.69483185289e-05,520,2.00000006072,2.00000006005,3.32786455059e-10
512,0.75278828415136001,5700,4,post,4,3.0,3072,6.04034332561e-07,9.03862728736e-07,2.68148190674e-06,0.999997649176,1.00000268148,1.05075920003e-08,4.14040658061e-08,0,2.69483185289e-05,520,2.00000006072,2.00000006005,3.32786455059e-10
512,0.76601830671992532,5800,4,pre,-1,1.5,1536,1.539502399e-06,1.87460442469e-06,6.85704393022e-06,0.999993142956,1.00000223442,0,0,0,1.27650839841e-05,520,2.00000005976,2.00000006006,-1.52339247749e-10
512,0.76601830671992532,5800,4,pre,-1,3.0,3072,2.84714071182e-06,3.60472326057e-06,8.52068452839e-06,0.999993142956,1.00000852068,0,0,0,1.27650839841e-05,520,2.00000005976,2.00000006006,-1.52339247749e-10
512,0.76601830671992532,5800,4,post,4,1.5,1536,1.51352810681e-07,2.42746610143e-07,2.36890569716e-06,0.999997631094,1.00000020661,3.31401185015e-09,3.08421525663e-08,0,1.29535274089e-05,520,2.00000005976,2.00000006006,-1.50970120756e-10
512,0.76601830671992532,5800,4,post,4,3.0,3072,5.50339042136e-07,8.07648739241e-07,2.36890569716e-06,0.999997631094,1.00000227038,9.38840364018e-09,3.50661264591e-08,0,1.29535274089e-05,520,2.00000005976,2.00000006006,-1.50970120756e-10
512,0.7792483292884903,5900,4,pre,-1,1.5,1536,1.38061557505e-06,1.69052676411e-06,3.26652335514e-06,0.999996733477,1.00000201944,0,0,0,2.61062030371e-06,520,2.00000006069,2.00000006007,3.08964400332e-10
512,0.7792483292884903,5900,4,pre,-1,3.0,3072,2.47431643357e-06,3.13091232494e-06,7.21048580488e-06,0.999994177839,1.00000721049,0,0,0,2.61062030371e-06,520,2.00000006069,2.00000006007,3.08964400332e-10
512,0.7792483292884903,5900,4,post,4,1.5,1536,1.43806451759e-07,1.81127674872e-07,1.10228976535e-06,0.99999889771,1.00000025154,2.96399687694e-09,1.42920948149e-08,0,2.55414392165e-06,520,2.00000006069,2.00000006007,3.08809413202e-10
512,0.7792483292884903,5900,4,post,4,3.0,3072,4.78848938162e-07,6.91946258291e-07,1.90602460171e-06,0.999998773639,1.00000190602,8.05781721465e-09,2.90900076128e-08,0,2.55414392165e-06,520,2.00000006069,2.00000006007,3.08809413202e-10
512,0.79247835185705562,6000,4,pre,-1,1.5,1536,1.1429513255e-06,1.46246371729e-06,3.39314544795e-06,0.999998974843,1.00000339315,0,0,0,1.45087242172e-05,516,2.00000006011,2.00000006009,1.24442674646e-11
512,0.79247835185705562,6000,4,pre,-1,3.0,3072,2.06348307524e-06,2.59894776012e-06,5.74337168757e-06,0.999994895682,1.00000574337,0,0,0,1.45087242172e-05,516,2.00000006011,2.00000006009,1.24442674646e-11
512,0.79247835185705562,6000,4,post,4,1.5,1536,1.15015362746e-07,1.51406668059e-07,3.83200054133e-07,0.999999869754,1.0000003832,2.36151617931e-09,9.23962219061e-09,0,1.44071293272e-05,516,2.00000006011,2.00000006009,1.22502004857e-11
512,0.79247835185705562,6000,4,post,4,3.0,3072,3.95125283185e-07,5.64491913499e-07,1.39624981621e-06,0.999998828066,1.00000139625,6.66087132658e-09,2.31552831752e-08,0,1.44071293272e-05,516,2.00000006011,2.00000006009,1.22502004857e-11
512,0.80570837442562082,6100,4,pre,-1,1.5,1536,8.70358827708e-07,1.10231454687e-06,2.54813555389e-06,0.999999231699,1.00000254814,0,0,0,2.58326821636e-05,516,2.00000006014,2.0000000601,2.32334144936e-11
512,0.80570837442562082,6100,4,pre,-1,3.0,3072,1.61443516884e-06,2.03156620308e-06,4.46730166814e-06,0.999995989047,1.0000044673,0,0,0,2.58326821636e-05,516,2.00000006014,2.0000000601,2.32334144936e-11
512,0.80570837442562082,6100,4,post,4,1.5,1536,9.37229877279e-08,1.25035735179e-07,3.13457432455e-07,0.999999874924,1.00000031346,1.70012724671e-09,6.62318834499e-09,0,2.56982618738e-05,516,2.00000006014,2.0000000601,2.16615607826e-11
512,0.80570837442562082,6100,4,post,4,3.0,3072,3.07156584112e-07,4.33631067318e-07,1.0515626292e-06,0.999999141554,1.00000105156,5.1242858929e-09,1.74735181654e-08,0,2.56982618738e-05,516,2.00000006014,2.0000000601,2.16615607826e-11
512,0.81893839699418591,6200,4,pre,-1,1.5,1536,6.20104413809e-07,7.92557662518e-07,1.86350351905e-06,0.999999433063,1.0000018635,0,0,0,3.67634853792e-05,516,2.00000006018,2.00000006011,3.50335305783e-11
512,0.81893839699418591,6200,4,pre,-1,3.0,3072,1.15862789046e-06,1.46139197293e-06,3.29875705996e-06,0.99999720406,1.00000329876,0,0,0,3.67634853792e-05,516,2.00000006018,2.00000006011,3.50335305783e-11
512,0.81893839699418591,6200,4,post,4,1.5,1536,8.17647320032e-08,1.03330910805e-07,2.52384509736e-07,0.999999882528,1.00000025238,1.17435503095e-09,4.68447184689e-09,0,3.66442715658e-05,516,2.00000006017,2.00000006011,3.25446326765e-11
512,0.81893839699418591,6200,4,post,4,3.0,3072,2.2163808689e-07,3.06147060393e-07,7.75991037205e-07,0.999999444142,1.00000077599,3.57424661621e-09,1.26712157052e-08,0,3.66442715658e-05,516,2.00000006017,2.00000006011,3.25446326765e-11
512,0.83216841956275123,6300,4,pre,-1,1.5,1536,3.99254826702e-07,5.34603174771e-07,1.29399384341e-06,0.999999607104,1.00000129399,0,0,0,4.69366010975e-05,516,2.0000000602,2.00000006012,4.23889799398e-11
512,0.83216841956275123,6300,4,pre,-1,3.0,3072,7.05925184055e-07,9.00878227622e-07,2.22975468644e-06,0.999998527278,1.00000222975,0,0,0,4.69366010975e-05,516,2.0000000602,2.00000006012,4.23889799398e-11
512,0.83216841956275123,6300,4,post,4,1.5,1536,6.94897346395e-08,8.34586304749e-08,1.95448156548e-07,0.999999899586,1.00000019545,8.30972815631e-10,3.2376441389e-09,0,4.68614630682e-05,516,2.0000000602,2.00000006012,3.92670328884e-11
512,0.83216841956275123,6300,4,post,4,3.0,3072,1.39092445414e-07,1.88564967712e-07,5.46307400873e-07,0.999999669874,1.00000054631,2.0611088967e-09,8.60004343434e-09,0,4.68614630682e-05,516,2.0000000602,2.00000006012,3.92670328884e-11
512,0.84539844213131643,6400,4,pre,-1,1.5,1536,3.06987743325e-07,3.75454118378e-07,7.78610090624e-07,0.999999772057,1.00000077861,0,0,0,5.61252647481e-05,516,2.0000000653,2.00000006517,6.51652044408e-11
512,0.84539844213131643,6400,4,pre,-1,3.0,3072,4.41190354218e-07,6.11158998857e-07,2.38730863189e-06,0.999999327634,1.00000238731,0,0,0,5.61252647481e-05,516,2.0000000653,2.00000006517,6.51652044408e-11
512,0.84539844213131643,6400,4,post,4,1.5,1536,6.12790032028e-08,7.35713421076e-08,1.648218797e-07,0.999999926816,1.00000016482,6.84744074351e-10,2.68703627317e-09,0,5.61200443983e-05,516,2.0000000653,2.00000006517,6.58455490882e-11
512,0.84539844213131643,6400,4,post,4,3.0,3072,1.3000554589e-07,1.94519091139e-07,7.42424435707e-07,0.999999820284,1.00000074242,1.57207283269e-09,1.02865369625e-08,0,5.61200443983e-05,516,2.0000000653,2.00000006517,6.58455490882e-11
512,0.85862846469988152,6500,4,pre,-1,1.5,1536,3.0257957426e-07,4.00899886374e-07,9.83721066161e-07,0.999999654639,1.00000098372,0,0,0,6.40886415856e-05,516,2.0000000644,2.00000006427,6.35753651499e-11
512,0.85862846469988152,6500,4,pre,-1,3.0,3072,3.26298314465e-07,4.42857097476e-07,1.25640151905e-06,0.99999964523,1.0000012564,0,0,0,6.40886415856e-05,516,2.0000000644,2.00000006427,6.35753651499e-11
512,0.85862846469988152,6500,4,post,4,1.5,1536,5.35841399315e-08,6.76761827543e-08,1.87018689202e-07,0.999999934233,1.00000018702,7.6213718745e-10,3.25302838399e-09,0,6.41443282295e-05,516,2.00000006441,2.00000006427,6.94102530906e-11
512,0.85862846469988152,6500,4,post,4,3.0,3072,9.51665421266e-08,1.33744583694e-07,4.52993231148e-07,0.999999833069,1.00000045299,1.30848852023e-09,6.48584287666e-09,0,6.41443282295e-05,516,2.00000006441,2.00000006427,6.94102530906e-11
512,0.87185848726844684,6600,4,pre,-1,1.5,1536,4.24712495403e-07,5.66679329977e-07,1.45038217059e-06,0.999999490366,1.00000145038,0,0,0,7.06744273457e-05,516,2.00000006238,2.00000006228,4.78932434341e-11
512,0.87185848726844684,6600,4,pre,-1,3.0,3072,6.37573012539e-07,8.10701407066e-07,2.15357966815e-06,0.999998951917,1.00000215358,0,0,0,7.06744273457e-05,516,2.00000006238,2.00000006228,4.78932434341e-11
512,0.87185848726844684,6600,4,post,4,1.5,1536,5.20741354125e-08,7.39567104248e-08,2.25487285954e-07,0.999999926093,1.00000022549,9.94026847456e-10,4.33811989716e-09,0,7.07784416519e-05,516,2.00000006239,2.00000006228,5.2743585633e-11
512,0.87185848726844684,6600,4,post,4,3.0,3072,1.22473585226e-07,1.87621653316e-07,6.30521047373e-07,0.999999694569,1.00000063052,2.32949296159e-09,9.77574738693e-09,0,7.07784416519e-05,516,2.00000006239,2.00000006228,5.2743585633e-11
512,0.88508850983701204,6700,4,pre,-1,1.5,1536,6.06884838284e-07,7.66515587048e-07,1.92037154556e-06,0.999999324043,1.00000192037,0,0,0,7.58207778621e-05,516,2.00000006075,2.00000006068,3.26236805441e-11
512,0.88508850983701204,6700,4,pre,-1,3.0,3072,1.03482130833e-06,1.28828584782e-06,3.03208980679e-06,0.99999770899,1.00000303209,0,0,0,7.58207778621e-05,516,2.00000006075,2.00000006068,3.26236805441e-11
512,0.88508850983701204,6700,4,post,4,1.5,1536,5.34589818909e-08,8.23908540858e-08,2.56359239392e-07,0.999999914016,1.00000025636,1.29648944724e-09,5.44734636738e-09,0,7.59632551301e-05,516,2.00000006076,2.00000006068,3.64197549948e-11
512,0.88508850983701204,6700,4,post,4,3.0,3072,1.93972143338e-07,2.86425003998e-07,8.09330858775e-07,0.999999439208,1.00000080933,3.65721731483e-09,1.30384049477e-08,0,7.59632551301e-05,516,2.00000006076,2.00000006068,3.64197549948e-11
512,0.89831853240557713,6800,4,pre,-1,1.5,1536,7.75562151753e-07,9.64424424277e-07,2.36508665785e-06,0.999999166188,1.00000236509,0,0,0,7.94662063395e-05,516,2.00000005918,2.00000005914,1.85957910234e-11
512,0.89831853240557713,6800,4,pre,-1,3.0,3072,1.40371336161e-06,1.75383153609e-06,3.85033746397e-06,0.99999651597,1.00000385034,0,0,0,7.94662063395e-05,516,2.00000005918,2.00000005914,1.85957910234e-11
512,0.89831853240557713,6800,4,post,4,1.5,1536,6.36465229826e-08,9.20270092498e-08,2.76890804285e-07,0.999999900399,1.00000027689,1.66647864773e-09,6.48184069092e-09,0,7.96352046041e-05,516,2.00000005918,2.00000005914,2.11117783674e-11
512,0.89831853240557713,6800,4,post,4,3.0,3072,2.65187903461e-07,3.88897225482e-07,9.7316533898e-07,0.999999116303,1.00000097317,4.92294382232e-09,1.60810642198e-08,0,7.96352046041e-05,516,2.00000005918,2.00000005914,2.11117783674e-11
512,0.91154855497414244,6900,4,pre,-1,1.5,1536,9.26220933973e-07,1.14531646842e-06,2.75441210507e-06,0.999998859917,1.00000275441,0,0,0,8.15887870391e-05,516,2.0000000578,2.00000005778,9.66515728397e-12
512,0.91154855497414244,6900,4,pre,-1,3.0,3080,1.74159623393e-06,2.18521054116e-06,4.57422725209e-06,0.999995426407,1.00000457423,0,0,0,8.15887870391e-05,516,2.0000000578,2.00000005778,9.66515728397e-12
512,0.91154855497414244,6900,4,post,4,1.5,1536,7.42100755211e-08,1.02368829683e-07,2.87296512358e-07,0.999999886549,1.0000002873,2.00091714078e-09,7.33928301033e-09,0,8.1781455857e-05,516,2.0000000578,2.00000005778,1.08113515015e-11
512,0.91154855497414244,6900,4,post,4,3.0,3080,3.31912812884e-07,4.86667308528e-07,1.19021716116e-06,0.999998809783,1.00000111075,6.08648933365e-09,1.87559944572e-08,0,8.1781455857e-05,516,2.0000000578,2.00000005778,1.08113515015e-11
512,0.92477857754270754,7000,4,pre,-1,1.5,1536,1.05463186954e-06,1.30030684621e-06,3.06158916952e-06,0.999998549578,1.00000306159,0,0,0,8.22357013481e-05,516,2.00000005752,2.00000005751,1.19171336036e-12
512,0.92477857754270754,7000,4,pre,-1,3.0,3072,2.03225396233e-06,2.56337601764e-06,5.55829505144e-06,0.999994441705,1.00000517783,0,0,0,8.22357013481e-05,516,2.00000005752,2.00000005751,1.19171336036e-12
512,0.92477857754270754,7000,4,post,4,1.5,1536,8.67240519633e-08,1.12248307389e-07,2.8876045266e-07,0.999999858703,1.00000028876,2.28585315592e-09,7.93903866605e-09,0,8.24470031127e-05,516,2.00000005752,2.00000005751,1.25277562496e-12
512,0.92477857754270754,7000,4,post,4,3.0,3072,3.90077943577e-07,5.72339804278e-07,1.46945094015e-06,0.999998530549,1.0000012133,7.06835045267e-09,2.28343690796e-08,0,8.24470031127e-05,516,2.00000005752,2.00000005751,1.25277562496e-12
512,0.93800860011127274,7100,4,pre,-1,1.5,1536,1.1574431217e-06,1.42383428309e-06,3.26778680559e-06,0.999998280111,1.00000326779,0,0,0,8.11169142008e-05,518,2.0000000578,2.00000005782,-7.65898433626e-12
512,0.93800860011127274,7100,4,pre,-1,3.0,3072,2.2823182408e-06,2.89170308275e-06,6.43084880436e-06,0.999993569151,1.00000563805,0,0,0,8.11169142008e-05,518,2.0000000578,2.00000005782,-7.65898433626e-12
512,0.93800860011127274,7100,4,post,4,1.5,1536,9.76544472738e-08,1.20522808272e-07,2.82515035366e-07,0.999999826008,1.00000028252,2.51313540952e-09,8.2242301554e-09,0,8.13521425189e-05,518,2.0000000578,2.00000005782,-8.65352209296e-12
512,0.93800860011127274,7100,4,post,4,3.0,3072,4.41918762684e-07,6.49517789158e-07,1.71942439686e-06,0.999998280576,1.00000127514,7.92346521474e-09,2.65213154979e-08,0,8.13521425189e-05,518,2.0000000578,2.00000005782,-8.65352209296e-12
512,0.95123862267983805,7200,4,pre,-1,1.5,1536,1.23308736252e-06,1.51393731737e-06,3.36053724426e-06,0.999998054503,1.00000336054,0,0,0,7.86243322347e-05,520,2.0000000586,2.00000005863,-1.67681419385e-11
512,0.95123862267983805,7200,4,pre,-1,3.0,3072,2.48456154669e-06,3.16305452566e-06,7.18853919679e-06,0.999992811461,1.00000594377,0,0,0,7.86243322347e-05,520,2.0000000586,2.00000005863,-1.67681419385e-11
512,0.95123862267983805,7200,4,post,4,1.5,1536,1.05436828301e-07,1.26641792715e-07,2.70317954243e-07,0.999999804841,1.00000027032,2.6804575095e-09,8.16129624298e-09,0,7.88870756494e-05,520,2.0000000586,2.00000005863,-1.8892220567e-11
512,0.95123862267983805,7200,4,post,4,3.0,3072,4.84516730679e-07,7.15618748462e-07,1.94026047307e-06,0.99999805974,1.00000129418,8.62129238317e-09,2.97990390523e-08,0,7.88870756494e-05,520,2.0000000586,2.00000005863,-1.8892220567e-11
512,0.96446864524840303,7300,4,pre,-1,1.5,1536,1.2817801236e-06,1.57161371487e-06,3.34304572935e-06,0.999997872758,1.00000334305,0,0,0,7.51498247621e-05,520,2.00000006008,2.00000006014,-3.01412219445e-11
512,0.96446864524840303,7300,4,pre,-1,3.0,3072,2.63786207851e-06,3.37653437062e-06,7.83077186106e-06,0.999992169228,1.00000609637,0,0,0,7.51498247621e-05,520,2.00000006008,2.00000006014,-3.01412219445e-11
512,0.96446864524840303,7300,4,post,4,1.5,1536,1.10498483104e-07,1.3049632427e-07,2.53502236758e-07,0.999999795803,1.0000002535,2.78750927246e-09,7.77428837539e-09,0,7.54376921336e-05,520,2.00000006008,2.00000006014,-3.345990051e-11
512,0.96446864524840303,7300,4,post,4,3.0,3072,5.18197775563e-07,7.71286158679e-07,2.13325848653e-06,0.999997866742,1.00000131126,9.15836514911e-09,3.26741495266e-08,0,7.54376921336e-05,520,2.00000006008,2.00000006014,-3.345990051e-11
512,0.97769866781696835,7400,4,pre,-1,1.5,1536,1.30575828264e-06,1.60057426528e-06,3.22679192455e-06,0.999997724268,1.00000322679,0,0,0,7.04711373766e-05,520,2.00000006184,2.00000006193,-4.59758883382e-11
512,0.97769866781696835,7400,4,pre,-1,3.0,3072,2.74076790905e-06,3.52942101997e-06,8.35436704194e-06,0.999991645633,1.00000610105,0,0,0,7.04711373766e-05,520,2.00000006184,2.00000006193,-4.59758883382e-11
512,0.97769866781696835,7400,4,post,4,1.5,1536,1.13968384094e-07,1.32743307406e-07,2.3142794503e-07,0.999999791611,1.00000023143,2.83957254452e-09,7.1200675503e-09,0,7.07897419184e-05,520,2.00000006183,2.00000006193,-5.04418713388e-11
512,0.97769866781696835,7400,4,post,4,3.0,3072,5.42652743229e-07,8.15025294456e-07,2.29964018694e-06,0.99999770036,1.00000145667,9.52619442293e-09,3.51371370454e-08,0,7.07897419184e-05,520,2.00000006183,2.00000006193,-5.04418713388e-11
512,0.99092869038553366,7500,4,pre,-1,1.5,1536,1.30864184026e-06,1.60535652418e-06,3.02906261274e-06,0.999997604244,1.00000302906,0,0,0,6.46777092095e-05,520,2.00000006371,2.00000006383,-6.03606034764e-11
512,0.99092869038553366,7500,4,pre,-1,3.0,3072,2.79326223307e-06,3.6199838526e-06,8.75535011946e-06,0.99999124465,1.00000597091,0,0,0,6.46777092095e-05,520,2.00000006371,2.00000006383,-6.03606034764e-11
512,0.99092869038553366,7500,4,post,4,1.5,1536,1.1543261705e-07,1.33755454033e-07,2.11050045329e-07,0.99999978895,1.00000020599,2.84184463322e-09,6.28547213149e-09,0,6.50226002549e-05,520,2.0000000637,2.00000006383,-6.58180156021e-11
512,0.99092869038553366,7500,4,post,4,3.0,3072,5.57084429568e-07,8.45661893238e-07,2.44072408184e-06,0.999997559276,1.00000162726,9.71834373042e-09,3.71648551344e-08,0,6.50226002549e-05,520,2.0000000637,2.00000006383,-6.58180156021e-11
512,1.0041587129540988,7600,4,pre,-1,1.5,1536,1.29805204782e-06,1.59243647178e-06,2.77123029635e-06,0.999997513862,1.00000277123,0,0,0,5.78749992622e-05,520,2.00000006503,2.00000006518,-7.36615189264e-11
512,1.0041587129540988,7600,4,pre,-1,3.0,3072,2.79636410598e-06,3.64336062083e-06,9.02504599709e-06,0.999990974954,1.00000673879,0,0,0,5.78749992622e-05,520,2.00000006503,2.00000006518,-7.36615189264e-11
512,1.0041587129540988,7600,4,post,4,1.5,1536,1.15382145052e-07,1.34188164038e-07,2.12495314678e-07,0.999999787505,1.00000018517,2.80550979099e-09,5.3635016966e-09,0,5.82370666147e-05,520,2.00000006502,2.00000006518,-7.93844963872e-11
512,1.0041587129540988,7600,4,post,4,3.0,3072,5.60276293406e-07,8.58980473823e-07,2.55440273622e-06,0.999997445597,1.00000186166,9.72302929057e-09,3.87133615581e-08,0,5.82370666147e-05,520,2.00000006502,2.00000006518,-7.93844963872e-11
512,1.0173887355226645,7700,4,pre,-1,1.5,1536,1.29080506982e-06,1.57054045409e-06,2.54979352876e-06,0.999997450206,1.00000247971,0,0,0,5.0157898213e-05,520,2.0000000648,2.00000006496,-8.00877116368e-11
512,1.0173887355226645,7700,4,pre,-1,3.0,3072,2.75458379696e-06,3.58936554876e-06,9.16310031596e-06,0.9999908369,1.00000785689,0,0,0,5.0157898213e-05,520,2.0000000648,2.00000006496,-8.00877116368e-11
512,1.0173887355226645,7700,4,post,4,1.5,1536,1.14275545593e-07,1.34508953582e-07,2.18954938624e-07,0.999999781045,1.00000016355,2.74647824515e-09,5.26500473861e-09,0,5.05219039864e-05,520,2.0000000648,2.00000006496,-8.43598496968e-11
512,1.0173887355226645,7700,4,post,4,3.0,3072,5.50417878365e-07,8.47335896478e-07,2.63864840289e-06,0.999997361352,1.00000218734,9.5226744439e-09,3.9712824456e-08,0,5.05219039864e-05,520,2.0000000648,2.00000006496,-8.43598496968e-11
512,1.0306187580912303,7800,4,pre,-1,1.5,1536,1.29546664846e-06,1.56392113039e-06,2.68007070536e-06,0.999997319929,1.00000226273,0,0,0,4.14887607892e-05,520,2.00000006092,2.00000006014,3.89624765171e-10
512,1.0306187580912303,7800,4,pre,-1,3.0,3072,2.66479268666e-06,3.42718334854e-06,8.56425159967e-06,0.999994442186,1.00000856425,0,0,0,4.14887607892e-05,520,2.00000006092,2.00000006014,3.89624765171e-10
512,1.0306187580912303,7800,4,post,4,1.5,1536,1.12650853001e-07,1.35646493099e-07,4.40510062094e-07,0.99999955949,1.00000020691,2.71891903683e-09,6.89319098503e-09,0,4.18262670876e-05,520,2.00000006092,2.00000006014,3.91725085026e-10
512,1.0306187580912303,7800,4,post,4,3.0,3072,5.21897665673e-07,7.84795809972e-07,2.40810015972e-06,0.999998475461,1.0000024081,9.08751524076e-09,3.68382861507e-08,0,4.18262670876e-05,520,2.00000006092,2.00000006014,3.91725085026e-10
512,1.0438487806597958,7900,4,pre,-1,1.5,1536,1.26871433343e-06,1.52912931274e-06,2.75473513689e-06,0.999997245265,1.00000202548,0,0,0,3.20869328055e-05,520,2.00000006079,2.00000006013,3.30304884616e-10
512,1.0438487806597958,7900,4,pre,-1,3.0,3072,2.52685466919e-06,3.23041013813e-06,7.87664121105e-06,0.999994519107,1.00000787664,0,0,0,3.20869328055e-05,520,2.00000006079,2.00000006013,3.30304884616e-10
512,1.0438487806597958,7900,4,post,4,1.5,1536,1.07339815396e-07,1.32392573625e-07,4.38889790066e-07,0.99999956111,1.0000001417,2.64601370528e-09,5.76345403781e-09,0,3.23676581277e-05,520,2.00000006079,2.00000006013,3.32202477753e-10
512,1.0438487806597958,7900,4,post,4,3.0,3072,4.86979479323e-07,7.26768437508e-07,2.15432543982e-06,0.999998921797,1.00000215433,8.50083063148e-09,3.32709177778e-08,0,3.23676581277e-05,520,2.00000006079,2.00000006013,3.32202477753e-10
512,1.0570788032283616,8000,4,pre,-1,1.5,1536,1.21887110748e-06,1.47340586027e-06,2.76549847988e-06,0.999997234502,1.00000181067,0,0,0,2.24675342547e-05,520,2.00000006092,2.00000006012,4.00240717416e-10
512,1.0570788032283616,8000,4,pre,-1,3.0,3072,2.35256434161e-06,2.993150917e-06,7.12495251332e-06,0.999994701564,1.00000712495,0,0,0,2.24675342547e-05,520,2.00000006092,2.00000006012,4.00240717416e-10
512,1.0570788032283616,8000,4,post,4,1.5,1536,1.03002981946e-07,1.2879105671e-07,4.91082650877e-07,0.999999508917,1.00000013488,2.53850951883e-09,6.10635143578e-09,0,2.26831938048e-05,520,2.00000006092,2.00000006012,4.01618726193e-10
512,1.0570788032283616,8000,4,post,4,3.0,3072,4.4869446934e-07,6.64936540426e-07,1.90742320694e-06,0.999998942276,1.00000190742,7.81939360039e-09,2.95726317271e-08,0,2.26831938048e-05,520,2.00000006092,2.00000006012,4.01618726193e-10
512,1.0703088257969273,8100,4,pre,-1,1.5,1536,1.16199690466e-06,1.41997299617e-06,5.66001977009e-06,0.99999433998,1.00000196927,0,0,0,1.30484344259e-05,520,2.00000006132,2.00000006011,6.01949139094e-10
512,1.0703088257969273,8100,4,pre,-1,3.0,3072,2.15819876413e-06,2.72814169974e-06,6.31969345499e-06,0.99999433998,1.00000631969,0,0,0,1.30484344259e-05,520,2.00000006132,2.00000006011,6.01949139094e-10
512,1.0703088257969273,8100,4,post,4,1.5,1536,1.09418965932e-07,1.64717717157e-07,1.97502162436e-06,0.999998024978,1.0000001428,2.48011350411e-09,2.60304601151e-08,0,1.31925818462e-05,520,2.00000006132,2.00000006011,6.02565978988e-10
512,1.0703088257969273,8100,4,post,4,3.0,3072,4.15386483127e-07,6.07346899455e-07,1.97502162436e-06,0.999998024978,1.00000166674,7.12672436174e-09,2.60304601151e-08,0,1.31925818462e-05,520,2.00000006132,2.00000006011,6.02565978988e-10
512,1.0835388483654929,8200,4,pre,-1,1.5,1536,1.05969844082e-06,1.30584756342e-06,3.79940619577e-06,0.999996200594,1.00000145955,0,0,0,3.47782251695e-06,520,2.00000006134,2.00000006011,6.1891756525e-10
512,1.0835388483654929,8200,4,pre,-1,3.0,3072,1.91316504435e-06,2.41713639883e-06,5.48327614802e-06,0.999995432082,1.00000548328,0,0,0,3.47782251695e-06,520,2.00000006134,2.00000006011,6.1891756525e-10
512,1.0835388483654929,8200,4,post,4,1.5,1536,1.07440526631e-07,1.54700390623e-07,1.33498739907e-06,0.999998665013,1.00000016427,2.27667430789e-09,1.76531777568e-08,0,3.5467168495e-06,520,2.00000006134,2.00000006011,6.18941546066e-10
512,1.0835388483654929,8200,4,post,4,3.0,3072,3.68786341386e-07,5.34642652225e-07,1.43623656812e-06,0.999998665013,1.00000143624,6.24258937445e-09,2.20523974706e-08,0,3.5467168495e-06,520,2.00000006134,2.00000006011,6.18941546066e-10
512,1.0967688709340586,8300,4,pre,-1,1.5,1536,9.14949533962e-07,1.1810782733e-06,2.72506952292e-06,0.99999905463,1.00000272507,0,0,0,6.30017388203e-06,516,2.00000006015,2.0000000601,2.7553070108e-11
512,1.0967688709340586,8300,4,pre,-1,3.0,3072,1.63510996727e-06,2.06792648109e-06,4.52456716715e-06,0.999995877571,1.00000452457,0,0,0,6.30017388203e-06,516,2.00000006015,2.0000000601,2.7553070108e-11
512,1.0967688709340586,8300,4,post,4,1.5,1536,9.08355811216e-08,1.14643411179e-07,2.76407027267e-07,0.999999891246,1.00000027641,1.93599595603e-09,7.498944481e-09,0,6.2662793211e-06,516,2.00000006015,2.0000000601,2.78239645179e-11
512,1.0967688709340586,8300,4,post,4,3.0,3072,3.12603683935e-07,4.50019038288e-07,1.10772979434e-06,0.99999901605,1.00000110773,5.29502001154e-09,1.83940684524e-08,0,6.2662793211e-06,516,2.00000006015,2.0000000601,2.78239645179e-11
512,1.1099988935026244,8400,4,pre,-1,1.5,1536,7.25250145125e-07,9.25342260196e-07,2.12172259162e-06,0.999999329153,1.00000212172,0,0,0,1.42949888869e-05,516,2.00000006011,2.00000006009,7.87037078509e-12
512,1.1099988935026244,8400,4,pre,-1,3.0,3072,1.33015962904e-06,1.68058437129e-06,3.65113934042e-06,0.99999660967,1.00000365114,0,0,0,1.42949888869e-05,516,2.00000006011,2.00000006009,7.87037078509e-12
512,1.1099988935026244,8400,4,post,4,1.5,1536,7.07530275718e-08,9.34600715155e-08,2.3636496338e-07,0.999999919356,1.00000023636,1.48537244576e-09,5.68885120348e-09,0,1.42241063703e-05,516,2.00000006011,2.00000006009,7.55284700959e-12
512,1.1099988935026244,8400,4,post,4,3.0,3072,2.52010729654e-07,3.61643287016e-07,8.71849600736e-07,0.999999221149,1.00000087185,4.27342052024e-09,1.44809738697e-08,0,1.42241063703e-05,516,2.00000006011,2.00000006009,7.55284700959e-12
512,1.1232289160711899,8500,4,pre,-1,1.5,1536,5.43043495959e-07,6.90390991254e-07,1.59486093487e-06,0.999999533769,1.00000159486,0,0,0,2.20256198714e-05,516,2.00000006011,2.00000006009,1.36248785935e-11
512,1.1232289160711899,8500,4,pre,-1,3.0,3072,1.01425060813e-06,1.2825764478e-06,2.80962059085e-06,0.99999742049,1.00000280962,0,0,0,2.20256198714e-05,516,2.00000006011,2.00000006009,1.36248785935e-11
512,1.1232289160711899,8500,4,post,4,1.5,1536,5.58371367569e-08,7.53430133058e-08,1.93436291207e-07,0.999999928518,1.00000019344,1.06460877675e-09,4.1748462647e-09,0,2.19491565206e-05,516,2.00000006011,2.00000006009,1.27180484542e-11
512,1.1232289160711899,8500,4,post,4,3.0,3072,1.90670482953e-07,2.7143259867e-07,6.60877215175e-07,0.999999444884,1.00000066088,3.2028206313e-09,1.09251010235e-08,0,2.19491565206e-05,516,2.00000006011,2.00000006009,1.27180484542e-11
512,1.1364589386397557,8600,4,pre,-1,1.5,1536,3.71287667603e-07,4.79093647582e-07,1.1385367682e-06,0.999999685531,1.00000113854,0,0,0,2.92965826397e-05,516,2.00000006012,2.00000006008,1.88560272838e-11
512,1.1364589386397557,8600,4,pre,-1,3.0,3072,6.95109859427e-07,8.82769753819e-07,2.01543986456e-06,0.999998291985,1.00000201544,0,0,0,2.92965826397e-05,516,2.00000006012,2.00000006008,1.88560272838e-11
512,1.1364589386397557,8600,4,post,4,1.5,1536,4.64073348668e-08,6.02144707474e-08,1.54636522698e-07,0.999999937307,1.00000015464,7.01652703142e-10,2.95345127348e-09,0,2.92354340016e-05,516,2.00000006012,2.00000006008,1.75881526278e-11
512,1.1364589386397557,8600,4,post,4,3.0,3072,1.31012806026e-07,1.83081881553e-07,4.79977956935e-07,0.999999671313,1.00000047998,2.12377018826e-09,7.75221558301e-09,0,2.92354340016e-05,516,2.00000006012,2.00000006008,1.75881526278e-11
512,1.1496889612083214,8700,4,pre,-1,1.5,1536,2.20009797667e-07,2.97713666816e-07,7.36169022186e-07,0.999999804507,1.00000073617,0,0,0,3.59326575304e-05,516,2.00000006012,2.00000006008,2.4058532221e-11
512,1.1496889612083214,8700,4,pre,-1,3.0,3072,3.82742728879e-07,4.93844675134e-07,1.26814991441e-06,0.999999208947,1.00000126815,0,0,0,3.59326575304e-05,516,2.00000006012,2.00000006008,2.4058532221e-11
512,1.1496889612083214,8700,4,post,4,1.5,1536,3.78874431998e-08,4.64000866423e-08,1.16595525235e-07,0.99999995001,1.0000001166,4.66924662965e-10,1.96479349197e-09,0,3.59008340572e-05,516,2.00000006012,2.00000006008,2.2680079355e-11
512,1.1496889612083214,8700,4,post,4,3.0,3072,7.46354041977e-08,1.03141128289e-07,3.21055888541e-07,0.999999830896,1.00000032106,1.09636826954e-09,4.92228976676e-09,0,3.59008340572e-05,516,2.00000006012,2.00000006008,2.2680079355e-11
512,1.162918983776887,8800,4,pre,-1,1.5,1536,1.57598136237e-07,1.89451940689e-07,3.80416898649e-07,0.999999844602,1.00000038042,0,0,0,4.18083610211e-05,516,2.00000006012,2.00000006007,2.3122836284e-11
512,1.162918983776887,8800,4,pre,-1,3.0,3072,1.70866359887e-07,2.10651566418e-07,5.66604176688e-07,0.999999805417,1.0000005666,0,0,0,4.18083610211e-05,516,2.00000006012,2.00000006007,2.3122836284e-11
512,1.162918983776887,8800,4,post,4,1.5,1536,3.12658149873e-08,3.71553755328e-08,8.38035212336e-08,0.999999959589,1.0000000838,3.54374622029e-10,1.15169202213e-09,0,4.18143017501e-05,516,2.00000006011,2.00000006007,2.15440991904e-11
512,1.162918983776887,8800,4,post,4,3.0,3072,5.96618463866e-08,7.95119417008e-08,2.34143979094e-07,0.999999908626,1.00000023414,6.74684241668e-10,2.37797497665e-09,0,4.18143017501e-05,516,2.00000006011,2.00000006007,2.15440991904e-11
512,1.1761490063454527,8900,4,pre,-1,1.5,1536,1.78369631395e-07,2.32618663549e-07,5.64503409572e-07,0.999999739444,1.0000005645,0,0,0,4.68154704027e-05,516,2.00000006011,2.00000006007,2.11708422207e-11
512,1.1761490063454527,8900,4,pre,-1,3.0,3072,2.9609476394e-07,4.05200506816e-07,1.12948084663e-06,0.999999687331,1.00000112948,0,0,0,4.68154704027e-05,516,2.00000006011,2.00000006007,2.11708422207e-11
512,1.1761490063454527,8900,4,post,4,1.5,1536,2.57606500342e-08,3.25246955006e-08,8.49306998063e-08,0.999999957025,1.00000008493,4.24182554936e-10,1.47155811538e-09,0,4.68627904018e-05,516,2.00000006011,2.00000006007,1.96282983967e-11
512,1.1761490063454527,8900,4,post,4,3.0,3072,7.8936610589e-08,1.3534571509e-07,4.88671425547e-07,0.999999880127,1.00000048867,1.21527424481e-09,6.27113799258e-09,0,4.68627904018e-05,516,2.00000006011,2.00000006007,1.96282983967e-11
512,1.1893790289140185,9000,4,pre,-1,1.5,1536,3.03192743794e-07,3.67914232175e-07,8.50828167698e-07,0.999999596072,1.00000085083,0,0,0,5.08659639754e-05,516,2.00000006327,2.00000006321,2.83217884631e-11
512,1.1893790289140185,9000,4,pre,-1,3.0,3072,5.47771590304e-07,6.89489829498e-07,1.82284243477e-06,0.999998782451,1.00000182284,0,0,0,5.08659639754e-05,516,2.00000006327,2.00000006321,2.83217884631e-11
512,1.1893790289140185,9000,4,post,4,1.5,1536,2.5138488004e-08,3.67542364766e-08,1.06118221099e-07,0.999999950691,1.00000010612,6.51439793697e-10,2.13155370438e-09,0,5.0956771648e-05,516,2.00000006327,2.00000006321,2.98157045178e-11
512,1.1893790289140185,9000,4,post,4,3.0,3072,1.10283855715e-07,1.72719748708e-07,6.4922347276e-07,0.999999663894,1.00000064922,2.02164419358e-09,9.13058165707e-09,0,5.0956771648e-05,516,2.00000006327,2.00000006321,2.98157045178e-11
512,1.202609051482584,9100,4,pre,-1,1.5,1536,4.19868234588e-07,5.07100137283e-07,1.0866928386e-06,0.999999429203,1.00000108669,0,0,0,5.39081462087e-05,516,2.00000006367,2.00000006362,2.2134959827e-11
512,1.202609051482584,9100,4,pre,-1,3.0,3080,8.11838318562e-07,1.02304924669e-06,2.39743054675e-06,0.999997853118,1.00000239743,0,0,0,5.39081462087e-05,516,2.00000006367,2.00000006362,2.2134959827e-11
512,1.202609051482584,9100,4,post,4,1.5,1536,3.30892305898e-08,4.39835667183e-08,1.19401483811e-07,0.999999940941,1.0000001194,9.18030513415e-10,2.5520135831e-09,0,5.40349448323e-05,516,2.00000006367,2.00000006362,2.37658773983e-11
512,1.202609051482584,9100,4,post,4,3.0,3080,1.61142152451e-07,2.43777384622e-07,7.77770807536e-07,0.9999994047,1.00000077777,2.94512052514e-09,1.14310427842e-08,0,5.40349448323e-05,516,2.00000006367,2.00000006362,2.37658773983e-11
512,1.2158390740511498,9200,4,pre,-1,1.5,1536,5.25875788847e-07,6.37640142087e-07,1.29871816257e-06,0.999999214555,1.00000129872,0,0,0,5.58995308483e-05,516,2.00000006368,2.00000006364,1.64048769344e-11
512,1.2158390740511498,9200,4,pre,-1,3.0,3072,1.05135471893e-06,1.33492804632e-06,2.99992693786e-06,0.999997000073,1.0000028848,0,0,0,5.58995308483e-05,516,2.00000006368,2.00000006364,1.64048769344e-11
512,1.2158390740511498,9200,4,post,4,1.5,1536,4.18984372371e-08,5.2365772898e-08,1.28784337416e-07,0.999999929577,1.00000012878,1.15631239961e-09,2.91267308796e-09,0,5.60581068697e-05,516,2.00000006368,2.00000006364,1.74928954639e-11
512,1.2158390740511498,9200,4,post,4,3.0,3072,2.08316904741e-07,3.13999087738e-07,8.90632311235e-07,0.999999159576,1.00000089063,3.77232995826e-09,1.33838385565e-08,0,5.60581068697e-05,516,2.00000006368,2.00000006364,1.74928954639e-11
512,1.2290690966197155,9300,4,pre,-1,1.5,1536,6.19628491301e-07,7.5451389515e-07,1.47528419392e-06,0.999998991841,1.00000147528,0,0,0,5.68471893522e-05,516,2.00000006351,2.00000006349,6.8260950279e-12
512,1.2290690966197155,9300,4,pre,-1,3.0,3072,1.26977437969e-06,1.62299449102e-06,3.77097833382e-06,0.999996229022,1.00000337139,0,0,0,5.68471893522e-05,516,2.00000006351,2.00000006349,6.8260950279e-12
512,1.2290690966197155,9300,4,post,4,1.5,1536,4.9905446659e-08,6.08444924909e-08,1.34171598276e-07,0.999999916149,1.00000013417,1.36488180233e-09,3.18325365373e-09,0,5.70320093745e-05,516,2.00000006351,2.00000006349,7.26041426135e-12
512,1.2290690966197155,9300,4,post,4,3.0,3072,2.52348037036e-07,3.81697399767e-07,1.0631417483e-06,0.999998936858,1.00000101032,4.52962434132e-09,1.64026335726e-08,0,5.70320093745e-05,516,2.00000006351,2.00000006349,7.26041426135e-12
512,1.2422991191882811,9400,4,pre,-1,1.5,1536,6.99592013462e-07,8.55185593978e-07,1.608388015e-06,0.999998790339,1.00000160839,0,0,0,5.67545341e-05,516,2.00000006345,2.00000006346,-1.72706288231e-12
512,1.2422991191882811,9400,4,pre,-1,3.0,3072,1.45922722663e-06,1.87562280156e-06,4.45635697366e-06,0.999995543643,1.00000383804,0,0,0,5.67545341e-05,516,2.00000006345,2.00000006346,-1.72706288231e-12
512,1.2422991191882811,9400,4,post,4,1.5,1536,5.71315182299e-08,6.88489285304e-08,1.35954176583e-07,0.999999903146,1.00000013595,1.54119308459e-09,3.3598052734e-09,0,5.69630571246e-05,516,2.00000006345,2.00000006346,-2.03637100716e-12
512,1.2422991191882811,9400,4,post,4,3.0,3072,2.91006698265e-07,4.42196934893e-07,1.26401445366e-06,0.999998735986,1.00000112933,5.18382027949e-09,1.93615547987e-08,0,5.69630571246e-05,516,2.00000006345,2.00000006346,-2.03637100716e-12
512,1.2555291417568468,9500,4,pre,-1,1.5,1536,7.65404241813e-07,9.38530873775e-07,1.69453097776e-06,0.999998611547,1.00000169453,0,0,0,5.56468230825e-05,516,2.00000006351,2.00000006352,-6.33293397593e-12
512,1.2555291417568468,9500,4,pre,-1,3.0,3072,1.6172298103e-06,2.08851368357e-06,5.05339763679e-06,0.999994946602,1.00000430688,0,0,0,5.56468230825e-05,516,2.00000006351,2.00000006352,-6.33293397593e-12
512,1.2555291417568468,9500,4,post,4,1.5,1536,6.38670471639e-08,7.60778566838e-08,1.34609717595e-07,0.999999890469,1.00000013461,1.68403784784e-09,3.41886576688e-09,0,5.58754179271e-05,516,2.00000006351,2.00000006352,-7.51998439615e-12
512,1.2555291417568468,9500,4,post,4,3.0,3072,3.23814094791e-07,4.94036797593e-07,1.44287824155e-06,0.999998557122,1.00000125217,5.72566113456e-09,2.19786438251e-08,0,5.58754179271e-05,516,2.00000006351,2.00000006352,-7.51998439615e-12
512,1.2687591643254126,9600,4,pre,-1,1.5,1536,8.17549868509e-07,1.00445765288e-06,1.73009340898e-06,0.999998454732,1.00000173009,0,0,0,5.35836975602e-05,516,2.00000006363,2.00000006366,-1.68118846822e-11
512,1.2687591643254126,9600,4,pre,-1,3.0,3072,1.74197906562e-06,2.25822083271e-06,5.55938093894e-06,0.999994440619,1.00000476659,0,0,0,5.35836975602e-05,516,2.00000006363,2.00000006366,-1.68118846822e-11
512,1.2687591643254126,9600,4,post,4,1.5,1536,6.97909348728e-08,8.2389458993e-08,1.30062462134e-07,0.99999987829,1.00000013006,1.79329365389e-09,3.35820395103e-09,0,5.38263525464e-05,516,2.00000006362,2.00000006366,-1.84257048194e-11
512,1.2687591643254126,9600,4,post,4,3.0,3072,3.50050812275e-07,5.35980054703e-07,1.60017998052e-06,0.99999839982,1.00000137469,6.14674416618e-09,2.42431651837e-08,0,5.38263525464e-05,516,2.00000006362,2.00000006366,-1.84257048194e-11
512,1.2819891868939781,9700,4,pre,-1,1.5,1536,8.59080044719e-07,1.0542134217e-06,1.71696543516e-06,0.999998322076,1.00000171697,0,0,0,5.0608632264e-05,516,2.00000006339,2.00000006344,-2.41040513231e-11
512,1.2819891868939781,9700,4,pre,-1,3.0,3072,1.83271164773e-06,2.38045374724e-06,5.97106343891e-06,0.999994028937,1.00000528655,0,0,0,5.0608632264e-05,516,2.00000006339,2.00000006344,-2.41040513231e-11
512,1.2819891868939781,9700,4,post,4,1.5,1536,7.43572005923e-08,8.76910074245e-08,1.35217345765e-07,0.999999864783,1.00000012341,1.87143788982e-09,3.42225110229e-09,0,5.08622074473e-05,516,2.00000006338,2.00000006344,-2.58479895949e-11
512,1.2819891868939781,9700,4,post,4,3.0,3072,3.68549944176e-07,5.65635572276e-07,1.73535208225e-06,0.999998264648,1.00000151788,6.43763840008e-09,2.61451978522e-08,0,5.08622074473e-05,516,2.00000006338,2.00000006344,-2.58479895949e-11
512,1.2952192094625439,9800,4,pre,-1,1.5,1536,8.96616769559e-07,1.091291778e-06,1.78523842986e-06,0.999998214762,1.00000166081,0,0,0,4.65868723105e-05,518,2.0000000624,2.00000006245,-2.64468438883e-11
512,1.2952192094625439,9800,4,pre,-1,3.0,3072,1.88936326256e-06,2.4475582607e-06,6.28497929689e-06,0.999993715021,1.00000586527,0,0,0,4.65868723105e-05,518,2.0000000624,2.00000006245,-2.64468438883e-11
512,1.2952192094625439,9800,4,post,4,1.5,1536,7.7586002071e-08,9.19853740542e-08,1.50036330249e-07,0.999999849964,1.00000011535,1.92544925198e-09,3.62853648603e-09,0,4.68433813262e-05,518,2.0000000624,2.00000006245,-2.73656644348e-11
512,1.2952192094625439,9800,4,post,4,3.0,3072,3.77676648272e-07,5.77799328489e-07,1.84760627575e-06,0.999998152394,1.00000168033,6.58321361819e-09,2.76626963662e-08,0,4.68433813262e-05,518,2.0000000624,2.00000006245,-2.73656644348e-11
512,1.3084492320311094,9900,4,pre,-1,1.5,1536,9.25399996669e-07,1.12127933811e-06,1.92280790112e-06,0.999998077192,1.00000162355,0,0,0,4.18231571996e-05,519,2.00000006027,2.00000006034,-3.34858797246e-11
512,1.3084492320311094,9900,4,pre,-1,3.0,3072,1.90600764784e-06,2.45055375141e-06,6.0766196206e-06,0.999996034779,1.00000607662,0,0,0,4.18231571996e-05,519,2.00000006027,2.00000006034,-3.34858797246e-11
512,1.3084492320311094,9900,4,post,4,1.5,1536,7.94904602684e-08,9.51731043253e-08,1.6259621527e-07,0.999999837404,1.00000010949,1.96896959661e-09,3.85692804864e-09,0,4.20709448829e-05,519,2.00000006028,2.00000006034,-3.20776728827e-11
512,1.3084492320311094,9900,4,post,4,3.0,3072,3.75536046195e-07,5.65501785424e-07,1.72047172087e-06,0.999999263943,1.00000172047,6.56651142128e-09,2.63182270178e-08,0,4.20709448829e-05,519,2.00000006028,2.00000006034,-3.20776728827e-11
512,1.3216792545996752,10000,4,pre,-1,1.5,1536,9.36491741784e-07,1.13159187898e-06,2.01502722896e-06,0.999997984973,1.00000154066,0,0,0,3.64880312439e-05,519,2.00000006026,2.00000006034,-4.27911027024e-11
512,1.3216792545996752,10000,4,pre,-1,3.0,3072,1.88995114769e-06,2.41873128584e-06,5.90826001101e-06,0.999995956507,1.00000590826,0,0,0,3.64880312439e-05,519,2.00000006026,2.00000006034,-4.27911027024e-11
512,1.3216792545996752,10000,4,post,4,1.5,1536,7.96587817988e-08,9.66368884603e-08,1.71960148454e-07,0.99999982804,1.0000001006,1.97731324446e-09,4.16010540513e-09,0,3.67169291979e-05,519,2.00000006026,2.00000006034,-4.14233079774e-11
512,1.3216792545996752,10000,4,post,4,3.0,3072,3.68391790286e-07,5.50709550601e-07,1.63772191653e-06,0.999999229022,1.00000163772,6.44424797221e-09,2.52632399167e-08,0,3.67169291979e-05,519,2.00000006026,2.00000006034,-4.14233079774e-11
512,1.3349092771682409,10100,4,pre,-1,1.5,1536,9.33526928181e-07,1.12709318526e-06,2.07432699351e-06,0.999997925673,1.00000144197,0,0,0,3.06211382061e-05,520,2.00000006087,2.00000006035,2.62097891031e-10
512,1.3349092771682409,10100,4,pre,-1,3.0,3072,1.84354062219e-06,2.34767857631e-06,5.64034983119e-06,0.999995946355,1.00000564035,0,0,0,3.06211382061e-05,520,2.00000006087,2.00000006035,2.62097891031e-10
512,1.3349092771682409,10100,4,post,4,1.5,1536,7.90552400441e-08,9.76357382137e-08,3.30141388449e-07,0.999999669859,1.00000012017,1.96201379101e-09,4.8214295334e-09,0,3.08233909354e-05,520,2.00000006088,2.00000006035,2.63222102832e-10
512,1.3349092771682409,10100,4,post,4,3.0,3072,3.56300897132e-07,5.28688355546e-07,1.53334372888e-06,0.999999193626,1.00000153334,6.22553369802e-09,2.38011646139e-08,0,3.08233909354e-05,520,2.00000006088,2.00000006035,2.63222102832e-10
512,1.3481392997368065,10200,4,pre,-1,1.5,1536,9.11775147484e-07,1.1043562512e-06,2.09546972729e-06,0.99999790453,1.00000161822,0,0,0,2.43995277382e-05,520,2.00000006089,2.00000006035,2.69062319854e-10
512,1.3481392997368065,10200,4,pre,-1,3.0,3072,1.76326265071e-06,2.23899443928e-06,5.28696498803e-06,0.99999601059,1.00000528696,0,0,0,2.43995277382e-05,520,2.00000006089,2.00000006035,2.69062319854e-10
512,1.3481392997368065,10200,4,post,4,1.5,1536,7.67461005523e-08,9.67146451037e-08,4.6965436229e-07,0.999999530346,1.00000010521,1.91008985361e-09,5.43387119155e-09,0,2.45694492728e-05,520,2.00000006089,2.00000006035,2.70013114824e-10
512,1.3481392997368065,10200,4,post,4,3.0,3072,3.37930900436e-07,4.99478671423e-07,1.41277592958e-06,0.999999067703,1.00000141278,5.89951097692e-09,2.20188137515e-08,0,2.45694492728e-05,520,2.00000006089,2.00000006035,2.70013114824e-10
512,1.3613693223053722,10300,4,pre,-1,1.5,1536,8.73279401275e-07,1.06185559811e-06,2.07316238476e-06,0.999997926838,1.00000122039,0,0,0,1.79757582584e-05,520,2.00000006116,2.00000006036,4.02336818376e-10
512,1.3613693223053722,10300,4,pre,-1,3.0,3072,1.65344057495e-06,2.09560028982e-06,4.8625557405e-06,0.999996152582,1.00000486256,0,0,0,1.79757582584e-05,520,2.00000006116,2.00000006036,4.02336818376e-10
512,1.3613693223053722,10300,4,post,4,1.5,1536,7.60090276266e-08,9.40899767245e-08,3.51694464107e-07,0.999999648306,1.00000009552,1.83004787399e-09,4.82051304949e-09,0,1.81087008354e-05,520,2.00000006116,2.00000006036,4.030284873e-10
512,1.3613693223053722,10300,4,post,4,3.0,3072,3.15967622205e-07,4.63795927441e-07,1.28104498409e-06,0.999999198999,1.00000128104,5.48361908637e-09,1.99930965256e-08,0,1.81087008354e-05,520,2.00000006116,2.00000006036,4.030284873e-10
512,1.374599344873938,10400,4,pre,-1,1.5,1536,8.19778419294e-07,1.00245385363e-06,2.00120451732e-06,0.999997998795,1.00000110995,0,0,0,1.145440264e-05,520,2.00000006143,2.00000006036,5.35123929005e-10
512,1.374599344873938,10400,4,pre,-1,3.0,3072,1.51977050987e-06,1.92230803196e-06,4.38354471766e-06,0.999996375948,1.00000438354,0,0,0,1.145440264e-05,520,2.00000006143,2.00000006036,5.35123929005e-10
512,1.374599344873938,10400,4,post,4,1.5,1536,7.46682350286e-08,9.12604418728e-08,3.97326080925e-07,0.999999602674,1.00000010133,1.7255532755e-09,4.83310931836e-09,0,1.15479808099e-05,520,2.00000006143,2.00000006036,5.35463879285e-10
512,1.374599344873938,10400,4,post,4,3.0,3072,2.90701195582e-07,4.2351615892e-07,1.1426203439e-06,0.999999223928,1.00000114262,5.00496139377e-09,1.78014217637e-08,0,1.15479808099e-05,520,2.00000006143,2.00000006036,5.35463879285e-10
512,1.3878293674425035,10500,4,pre,-1,1.5,1536,7.61540533758e-07,9.45068086454e-07,3.58573648584e-06,0.999996414264,1.00000100628,0,0,0,4.9402995786e-06,520,2.00000006145,2.00000006037,5.39584582937e-10
512,1.3878293674425035,10500,4,pre,-1,3.0,3072,1.37178693897e-06,1.72863459442e-06,3.8625802592e-06,0.999996414264,1.00000386258,0,0,0,4.9402995786e-06,520,2.00000006145,2.00000006037,5.39584582937e-10
512,1.3878293674425035,10500,4,post,4,1.5,1536,7.7978012747e-08,1.23228785249e-07,1.14824142294e-06,0.999998851759,1.00000011004,1.65267748366e-09,1.48874934559e-08,0,4.99421724963e-06,520,2.00000006145,2.00000006037,5.39654304941e-10
512,1.3878293674425035,10500,4,post,4,3.0,3072,2.65778384735e-07,3.84454911331e-07,1.14824142294e-06,0.999998851759,1.00000100101,4.50227740313e-09,1.55018461227e-08,0,4.99421724963e-06,520,2.00000006145,2.00000006037,5.39654304941e-10
512,1.4010593900110693,10600,4,pre,-1,1.5,1536,6.63817258558e-07,8.25239544804e-07,1.70107531738e-06,0.999998298925,1.00000090708,0,0,0,1.95287784831e-06,520,2.00000006094,2.00000006037,2.81402004308e-10
512,1.4010593900110693,10600,4,pre,-1,3.0,3072,1.18254469153e-06,1.49597596803e-06,3.31243656948e-06,0.99999706578,1.00000331244,0,0,0,1.95287784831e-06,520,2.00000006094,2.00000006037,2.81402004308e-10
512,1.4010593900110693,10600,4,post,4,1.5,1536,6.82265147506e-08,8.49908639631e-08,4.89972262763e-07,0.999999510028,1.00000011683,1.42861404272e-09,6.3632018708e-09,0,1.93600528576e-06,520,2.00000006094,2.00000006037,2.81293202455e-10
512,1.4010593900110693,10600,4,post,4,3.0,3072,2.27516852092e-07,3.28095433771e-07,8.57410151101e-07,0.99999934703,1.00000085741,3.8392406591e-09,1.31477504977e-08,0,1.93600528576e-06,520,2.00000006094,2.00000006037,2.81293202455e-10
512,1.414289412579635,10700,4,pre,-1,1.5,1536,5.3932438907e-07,6.92079507768e-07,1.57166700943e-06,0.999999428093,1.00000157167,0,0,0,7.6290894772e-06,516,2.00000006039,2.00000006038,4.77817770913e-12
512,1.414289412579635,10700,4,pre,-1,3.0,3072,9.78435480344e-07,1.23948825744e-06,2.66475805821e-06,0.99999746737,1.00000266476,0,0,0,7.6290894772e-06,516,2.00000006039,2.00000006038,4.77817770913e-12
512,1.414289412579635,10700,4,post,4,1.5,1536,5.21894707442e-08,6.6421706351e-08,1.57978751192e-07,0.999999938949,1.00000015798,1.13134743801e-09,4.21699766426e-09,0,7.59734867585e-06,516,2.00000006039,2.00000006038,4.86455305784e-12
512,1.414289412579635,10700,4,post,4,3.0,3072,1.85776549318e-07,2.68124769709e-07,6.34206974492e-07,0.999999391015,1.00000063421,3.15941401729e-09,1.06830711066e-08,0,7.59734867585e-06,516,2.00000006039,2.00000006038,4.86455305784e-12
512,1.4275194351482006,10800,4,pre,-1,1.5,1536,4.12769248732e-07,5.27067844232e-07,1.20023024519e-06,0.999999604281,1.00000120023,0,0,0,1.31203837895e-05,516,2.0000000604,2.00000006038,5.62438967294e-12
512,1.4275194351482006,10800,4,pre,-1,3.0,3072,7.63550785019e-07,9.68345931184e-07,2.08900043264e-06,0.99999801257,1.000002089,0,0,0,1.31203837895e-05,516,2.0000000604,2.00000006038,5.62438967294e-12
512,1.4275194351482006,10800,4,post,4,1.5,1536,3.93053217856e-08,5.22577961742e-08,1.30037341339e-07,0.999999955896,1.00000013004,8.40676853305e-10,3.15812041969e-09,0,1.3080313886e-05,516,2.0000000604,2.00000006038,5.4170000182e-12
512,1.4275194351482006,10800,4,post,4,3.0,3072,1.43164523076e-07,2.06496740052e-07,4.87858337062e-07,0.999999540003,1.00000048786,2.43738390757e-09,8.22171637195e-09,0,1.3080313886e-05,516,2.0000000604,2.00000006038,5.4170000182e-12
512,1.4407494577167663,10900,4,pre,-1,1.5,1536,2.89947975375e-07,3.71700057607e-07,8.61459209744e-07,0.999999759467,1.00000086146,0,0,0,1.83160624e-05,516,2.00000006041,2.00000006039,8.80140378426e-12
512,1.4407494577167663,10900,4,pre,-1,3.0,3072,5.43611211484e-07,6.91688718374e-07,1.524996184e-06,0.999998597867,1.000001525,0,0,0,1.83160624e-05,516,2.00000006041,2.00000006039,8.80140378426e-12
512,1.4407494577167663,10900,4,post,4,1.5,1536,2.91171321695e-08,3.96723484509e-08,1.01433088373e-07,0.999999965074,1.00000010143,5.6656569022e-10,2.24500874835e-09,0,1.82800470504e-05,516,2.00000006041,2.00000006039,8.35576027563e-12
512,1.4407494577167663,10900,4,post,4,3.0,3072,1.00679532904e-07,1.44414134507e-07,3.54083744103e-07,0.999999697773,1.00000035408,1.69560601987e-09,5.91900959496e-09,0,1.82800470504e-05,516,2.00000006041,2.00000006039,8.35576027563e-12
512,1.4539794802853321,11000,4,pre,-1,1.5,1536,1.7231954732e-07,2.28569893861e-07,5.54869704406e-07,0.999999869365,1.00000055487,0,0,0,2.31001846767e-05,516,2.00000006042,2.00000006039,1.16633366107e-11
512,1.4539794802853321,11000,4,pre,-1,3.0,3072,3.22728607664e-07,4.15540635979e-07,9.83860830805e-07,0.99999920992,1.00000098386,0,0,0,2.31001846767e-05,516,2.00000006042,2.00000006039,1.16633366107e-11
512,1.4539794802853321,11000,4,post,4,1.5,1536,2.16690563431e-08,2.88498913074e-08,7.618646225e-08,0.999999973388,1.00000007619,3.28462919512e-10,1.45907770501e-09,0,2.307730605e-05,516,2.00000006042,2.00000006039,1.11721739594e-11
512,1.4539794802853321,11000,4,post,4,3.0,3072,5.92325915889e-08,8.40794513789e-08,2.34863263282e-07,0.999999858207,1.00000023486,9.57309316642e-10,3.79061828107e-09,0,2.307730605e-05,516,2.00000006042,2.00000006039,1.11721739594e-11
512,1.4672095028538976,11100,4,pre,-1,1.5,1536,8.63844923318e-08,1.11454090266e-07,2.73900621739e-07,0.999999938295,1.0000002739,0,0,0,2.7384053932e-05,516,2.00000006042,2.0000000604,1.27731155126e-11
512,1.4672095028538976,11100,4,pre,-1,3.0,3072,1.1866649255e-07,1.58628749219e-07,4.65957707974e-07,0.999999812765,1.00000046596,0,0,0,2.7384053932e-05,516,2.00000006042,2.0000000604,1.27731155126e-11
512,1.4672095028538976,11100,4,post,4,1.5,1536,1.62022329956e-08,1.99466839151e-08,5.08403448229e-08,0.999999980701,1.00000005084,1.91657155324e-10,7.83786574705e-10,0,2.73808155343e-05,516,2.00000006042,2.0000000604,1.21269657318e-11
512,1.4672095028538976,11100,4,post,4,3.0,3072,2.71838362723e-08,3.7254288322e-08,1.25638362825e-07,0.999999950968,1.00000012564,3.33523031494e-10,1.82873513555e-09,0,2.73808155343e-05,516,2.00000006042,2.0000000604,1.21269657318e-11
512,1.4804395254224634,11200,4,pre,-1,1.5,1536,8.42317779977e-08,1.08843502563e-07,2.60655979023e-07,0.999999877145,1.00000026066,0,0,0,3.10732612307e-05,516,2.00000006042,2.0000000604,1.0054401452e-11
512,1.4804395254224634,11200,4,pre,-1,3.0,3072,1.33396052248e-07,1.79452199071e-07,4.80435785155e-07,0.999999859386,1.00000048044,0,0,0,3.10732612307e-05,516,2.00000006042,2.0000000604,1.0054401452e-11
512,1.4804395254224634,11200,4,post,4,1.5,1536,1.27561833086e-08,1.58500688399e-08,3.76249795764e-08,0.999999980256,1.00000003762,2.02676214555e-10,5.73454304008e-10,0,3.10927447291e-05,516,2.00000006042,2.0000000604,9.31210636011e-12
512,1.4804395254224634,11200,4,post,4,3.0,3072,3.68100225815e-08,6.09271771017e-08,2.13910090308e-07,0.999999944689,1.00000021391,5.59490686992e-10,2.74059800201e-09,0,3.10927447291e-05,516,2.00000006042,2.0000000604,9.31210636011e-12
512,1.4936695479910291,11300,4,pre,-1,1.5,1536,1.7207904142e-07,2.08318085661e-07,4.13435592206e-07,0.999999738286,1.00000041344,0,0,0,3.41340407309e-05,516,2.00000006042,2.00000006041,9.62097039622e-12
512,1.4936695479910291,11300,4,pre,-1,3.0,3072,3.29126376485e-07,4.22851864682e-07,1.09457161179e-06,0.999999498617,1.00000109457,0,0,0,3.41340407309e-05,516,2.00000006042,2.00000006041,9.62097039622e-12
512,1.4936695479910291,11300,4,post,4,1.5,1536,1.41676085567e-08,1.87088754092e-08,4.70447243384e-08,0.999999974948,1.00000004704,3.91309204465e-10,8.19210800758e-10,0,3.41782075224e-05,516,2.00000006042,2.00000006041,8.95417046777e-12
512,1.4936695479910291,11300,4,post,4,3.0,3072,7.03836242511e-08,1.13672976179e-07,3.7758027327e-07,0.999999898782,1.00000037758,1.24406888319e-09,5.34966137014e-09,0,3.41782075224e-05,516,2.00000006042,2.00000006041,8.95417046777e-12
512,1.5068995705595947,11400,4,pre,-1,1.5,1536,2.57244753231e-07,3.16066426565e-07,5.57940022405e-07,0.999999553113,1.00000055794,0,0,0,3.65190287302e-05,516,2.00000006042,2.00000006041,7.93431962814e-12
512,1.5068995705595947,11400,4,pre,-1,3.0,3072,5.17359790523e-07,6.65959133461e-07,1.68623808672e-06,0.999999068019,1.00000168624,0,0,0,3.65190287302e-05,516,2.00000006042,2.00000006041,7.93431962814e-12
512,1.5068995705595947,11400,4,post,4,1.5,1536,2.14431280787e-08,2.53983584939e-08,5.48780854093e-08,0.999999965102,1.00000005488,5.88817195304e-10,1.06354715833e-09,0,3.6588059242e-05,516,2.00000006042,2.00000006041,7.38187266777e-12
512,1.5068995705595947,11400,4,post,4,3.0,3072,1.07499155645e-07,1.67921023896e-07,5.37885426644e-07,0.99999983647,1.00000053789,1.90163747132e-09,7.84502094536e-09,0,3.6588059242e-05,516,2.00000006042,2.00000006041,7.38187266777e-12
512,1.5201295931281604,11500,4,pre,-1,1.5,1536,3.37965793244e-07,4.17550712826e-07,6.8985905588e-07,0.999999358217,1.00000068986,0,0,0,3.81960740358e-05,516,2.00000006042,2.00000006041,5.7698288847e-12
512,1.5201295931281604,11500,4,pre,-1,3.0,3072,6.92522955278e-07,8.92293460406e-07,2.23524443466e-06,0.999998671987,1.00000223524,0,0,0,3.81960740358e-05,516,2.00000006042,2.00000006041,5.7698288847e-12
512,1.5201295931281604,11500,4,post,4,1.5,1536,2.80715752614e-08,3.31075511275e-08,6.17236211031e-08,0.999999952139,1.00000006172,7.67943167234e-10,1.38560067413e-09,0,3.82883067684e-05,516,2.00000006042,2.00000006041,5.37436745527e-12
512,1.5201295931281604,11500,4,post,4,3.0,3072,1.41677460672e-07,2.18445921048e-07,6.85482649754e-07,0.99999976474,1.00000068548,2.50542149625e-09,1.01521012482e-08,0,3.82883067684e-05,516,2.00000006042,2.00000006041,5.37436745527e-12
512,1.5333596156967262,11600,4,pre,-1,1.5,1536,4.14216370652e-07,5.09925563641e-07,8.20277820446e-07,0.999999179722,1.00000080491,0,0,0,3.91505661485e-05,516,2.00000006042,2.00000006041,3.26405559381e-12
512,1.5333596156967262,11600,4,pre,-1,3.0,3072,8.52058937275e-07,1.09661556099e-06,2.72806281165e-06,0.999998311647,1.00000272806,0,0,0,3.91505661485e-05,516,2.00000006042,2.00000006041,3.26405559381e-12
512,1.5333596156967262,11600,4,post,4,1.5,1536,3.41971669923e-08,4.0755267039e-08,6.68854709396e-08,0.999999939146,1.00000006689,9.27968774286e-10,1.69171711448e-09,0,3.9263785318e-05,516,2.00000006042,2.00000006041,3.05377935929e-12
512,1.5333596156967262,11600,4,post,4,3.0,3072,1.72337529829e-07,2.63693009132e-07,8.15843347102e-07,0.999999694712,1.00000081584,3.0449333523e-09,1.22054547337e-08,0,3.9263785318e-05,516,2.00000006042,2.00000006041,3.05377935929e-12
512,1.5465896382652917,11700,4,pre,-1,1.5,1536,4.83566559066e-07,5.92036845515e-07,9.83013836664e-07,0.999999016986,1.00000090154,0,0,0,3.93676432897e-05,516,2.00000006041,2.00000006041,5.87752051483e-13
512,1.5465896382652917,11700,4,pre,-1,3.0,3072,9.92787118882e-07,1.27531106673e-06,3.15370177995e-06,0.999997989435,1.0000031537,0,0,0,3.93676432897e-05,516,2.00000006041,2.00000006041,5.87752051483e-13
512,1.5465896382652917,11700,4,post,4,1.5,1536,3.98341564246e-08,4.79215562608e-08,7.38504232212e-08,0.99999992615,1.00000007046,1.06820438302e-09,1.9819812588e-09,0,3.94984616937e-05,516,2.00000006041,2.00000006041,5.70654617421e-13
512,1.5465896382652917,11700,4,post,4,3.0,3072,1.99006997821e-07,3.02644838792e-07,9.25674436214e-07,0.999999630772,1.00000092567,3.51168959664e-09,1.39533952934e-08,0,3.94984616937e-05,516,2.00000006041,2.00000006041,5.70654617421e-13
512,1.5598196608338575,11800,4,pre,-1,1.5,1536,5.43926011211e-07,6.63204773973e-07,1.13002708135e-06,0.999998869973,1.00000097697,0,0,0,3.88622522619e-05,516,2.00000006041,2.00000006041,-2.26085809906e-12
512,1.5598196608338575,11800,4,pre,-1,3.0,3072,1.11197145792e-06,1.42569311594e-06,3.50461677012e-06,0.999997707146,1.00000350462,0,0,0,3.88622522619e-05,516,2.00000006041,2.00000006041,-2.26085809906e-12
512,1.5598196608338575,11800,4,post,4,1.5,1536,4.50566598423e-08,5.43777190392e-08,8.89864910647e-08,0.999999911014,1.00000007249,1.18799315579e-09,2.26705385107e-09,0,3.90059638023e-05,516,2.00000006041,2.00000006041,-2.08988375843e-12
512,1.5598196608338575,11800,4,post,4,3.0,3072,2.21347815592e-07,3.34613047566e-07,1.01292288579e-06,0.999999572744,1.00000101292,3.89905761818e-09,1.53624010683e-08,0,3.90059638023e-05,516,2.00000006041,2.00000006041,-2.08988375843e-12
512,1.5730496834024232,11900,4,pre,-1,1.5,1536,5.94760700196e-07,7.2296681979e-07,1.26089127239e-06,0.999998739109,1.00000102911,0,0,0,3.76626391829e-05,516,2.0000000604,2.00000006041,-5.95035114305e-12
512,1.5730496834024232,11900,4,pre,-1,3.0,3072,1.20814422181e-06,1.54590280484e-06,3.77439338317e-06,0.999997466428,1.00000377439,0,0,0,3.76626391829e-05,516,2.0000000604,2.00000006041,-5.95035114305e-12
512,1.5730496834024232,11900,4,post,4,1.5,1536,4.96773943863e-08,5.99910325638e-08,1.02746532726e-07,0.999999897253,1.00000007304,1.28676598157e-09,2.55634895023e-09,0,3.78152563927e-05,516,2.0000000604,2.00000006041,-5.61195517537e-12
512,1.5730496834024232,11900,4,post,4,3.0,3072,2.39020820271e-07,3.59211222982e-07,1.07524396253e-06,0.999999520969,1.00000107524,4.20246852138e-09,1.64007435688e-08,0,3.78152563927e-05,516,2.0000000604,2.00000006041,-5.61195517537e-12
512,1.5862797059709888,12000,4,pre,-1,1.5,1536,6.35554683514e-07,7.70972944373e-07,1.37477380191e-06,0.999998625226,1.00000105813,0,0,0,3.58001497646e-05,516,2.00000006039,2.00000006041,-1.06137317948e-11
512,1.5862797059709888,12000,4,pre,-1,3.0,3072,1.28031309599e-06,1.6348689386e-06,3.96069060526e-06,0.999997268937,1.00000396069,0,0,0,3.58001497646e-05,516,2.00000006039,2.00000006041,-1.06137317948e-11
512,1.5862797059709888,12000,4,post,4,1.5,1536,5.33355899231e-08,6.4679386049e-08,1.14790231764e-07,0.99999988521,1.00000007234,1.36402522249e-09,2.8439712061e-09,0,3.5956766814e-05,516,2.00000006039,2.00000006041,-1.01412208898e-11
512,1.5862797059709888,12000,4,post,4,3.0,3072,2.51737375373e-07,3.76335153469e-07,1.1125274102e-06,0.99999947572,1.00000111253,4.4194777169e-09,1.7060981454e-08,0,3.5956766814e-05,516,2.00000006039,2.00000006041,-1.01412208898e-11
512,1.5995097285395545,12100,4,pre,-1,1.5,1536,6.65826771424e-07,8.06897642215e-07,1.47004515627e-06,0.999998529955,1.00000106614,0,0,0,3.33281958269e-05,516,2.00000006037,2.00000006041,-1.63720143605e-11
512,1.5995097285395545,12100,4,pre,-1,3.0,3072,1.32794934672e-06,1.69221991524e-06,4.06394402019e-06,0.999997116797,1.00000406394,0,0,0,3.33281958269e-05,516,2.00000006037,2.00000006041,-1.63720143605e-11
512,1.5995097285395545,12100,4,post,4,1.5,1536,5.59960279213e-08,6.83697868145e-08,1.24684739533e-07,0.999999875315,1.0000000718,1.41931223785e-09,3.10985596736e-09,0,3.34837670972e-05,516,2.00000006037,2.00000006041,-1.58055785904e-11
512,1.5995097285395545,12100,4,post,4,3.0,3072,2.5948226416e-07,3.8610009647e-07,1.12591275592e-06,0.999999437567,1.00000112591,4.54966836068e-09,1.73499845081e-08,0,3.34837670972e-05,516,2.00000006037,2.00000006041,-1.58055785904e-11
512,1.6127397511081201,12200,4,pre,-1,1.5,1536,6.85056089048e-07,8.30403487968e-07,1.54483809844e-06,0.999998455162,1.00000105472,0,0,0,3.03120148535e-05,516,2.00000006036,2.0000000604,-2.35651491198e-11
512,1.6127397511081201,12200,4,pre,-1,3.0,3072,1.35091916002e-06,1.71819292606e-06,4.08638986693e-06,0.999997012364,1.00000408639,0,0,0,3.03120148535e-05,516,2.00000006036,2.0000000604,-2.35651491198e-11
512,1.6127397511081201,12200,4,post,4,1.5,1536,5.76696377555e-08,7.10036034067e-08,1.32372071859e-07,0.999999867628,1.00000007109,1.45220452299e-09,3.34873389088e-09,0,3.04615651315e-05,516,2.00000006036,2.0000000604,-2.29483092259e-11
512,1.6127397511081201,12200,4,post,4,3.0,3072,2.62350477557e-07,3.88779640812e-07,1.11699160654e-06,0.999999407167,1.00000111699,4.59445287175e-09,1.72863003235e-08,0,3.04615651315e-05,516,2.00000006036,2.0000000604,-2.29483092259e-11
512,1.6259697736766858,12300,4,pre,-1,1.5,1536,6.9288967956e-07,8.41183765188e-07,1.59747857309e-06,0.999998402521,1.00000102626,0,0,0,2.68266620835e-05,516,2.00000006033,2.0000000604,-3.27009520689e-11
512,1.6259697736766858,12300,4,pre,-1,3.0,3072,1.34960773024e-06,1.71362901031e-06,4.03223142009e-06,0.999996957596,1.00000403223,0,0,0,2.68266620835e-05,516,2.00000006033,2.0000000604,-3.27009520689e-11
512,1.6259697736766858,12300,4,post,4,1.5,1536,5.83928901107e-08,7.25774733873e-08,1.38372806768e-07,0.999999861627,1.0000000705,1.46234266884e-09,3.55234824716e-09,0,2.6965520817e-05,516,2.00000006034,2.0000000604,-3.20761185696e-11
512,1.6259697736766858,12300,4,post,4,3.0,3072,2.60554507097e-07,3.84816741144e-07,1.08801052723e-06,0.999999384606,1.00000108801,4.55686615085e-09,1.68976897526e-08,0,2.6965520817e-05,516,2.00000006034,2.0000000604,-3.20761185696e-11
512,1.6391997962452516,12400,4,pre,-1,1.5,1536,6.9028691737e-07,8.39183190436e-07,1.62624696054e-06,0.999998373753,1.00000098344,0,0,0,2.28103133862e-05,520,2.00000006081,2.0000000604,2.06946675764e-10
512,1.6391997962452516,12400,4,pre,-1,3.0,3072,1.32561794199e-06,1.67991724597e-06,3.90739059553e-06,0.999996953573,1.00000390739,0,0,0,2.28103133862e-05,520,2.00000006081,2.0000000604,2.06946675764e-10
512,1.6391997962452516,12400,4,post,4,1.5,1536,5.87871376625e-08,7.3400398018e-08,1.42077368648e-07,0.999999857923,1.00000007017,1.45328941403e-09,3.709491549e-09,0,2.29332754517e-05,520,2.00000006081,2.0000000604,2.07452049269e-10
512,1.6391997962452516,12400,4,post,4,3.0,3072,2.54901081749e-07,3.74788139108e-07,1.04165203285e-06,0.999999371241,1.00000104165,4.44475323509e-09,1.62193897323e-08,0,2.29332754517e-05,520,2.00000006081,2.0000000604,2.07452049269e-10
512,1.6524298188138171,12500,4,pre,-1,1.5,1536,6.76677094143e-07,8.24516743946e-07,1.626898948e-06,0.999998373101,1.00000092979,0,0,0,1.87077748542e-05,520,2.00000006103,2.00000006039,3.20249150853e-10
512,1.6524298188138171,12500,4,pre,-1,3.0,3072,1.28002322464e-06,1.61877421239e-06,3.7191393647e-06,0.999997002638,1.00000371914,0,0,0,1.87077748542e-05,520,2.00000006103,2.00000006039,3.20249150853e-10
512,1.6524298188138171,12500,4,post,4,1.5,1536,5.90003780613e-08,7.36696702033e-08,3.35222864023e-07,0.999999664777,1.00000007269,1.42593265404e-09,4.07143408029e-09,0,1.88127386678e-05,520,2.00000006103,2.00000006039,3.20656824736e-10
512,1.6524298188138171,12500,4,post,4,3.0,3072,2.45699075588e-07,3.59325659868e-07,9.80791784677e-07,0.999999368869,1.00000098079,4.2658325685e-09,1.52913117585e-08,0,1.88127386678e-05,520,2.00000006103,2.00000006039,3.20656824736e-10
512,1.6656598413823829,12600,4,pre,-1,1.5,1536,6.54071343671e-07,8.03388625808e-07,3.21374451928e-06,0.999996786255,1.00000185747,0,0,0,1.44048818172e-05,520,2.0000000613,2.00000006039,4.53724155647e-10
512,1.6656598413823829,12600,4,pre,-1,3.0,3072,1.21660944303e-06,1.53478009653e-06,3.47582782134e-06,0.999996786255,1.00000347583,0,0,0,1.44048818172e-05,520,2.0000000613,2.00000006039,4.53724155647e-10
512,1.6656598413823829,12600,4,post,4,1.5,1536,5.89640697271e-08,7.56637725751e-08,6.5178358355e-07,0.999999348216,1.0000001003,1.3845344416e-09,7.30226027736e-09,0,1.44892927178e-05,520,2.0000000613,2.00000006039,4.53987056451e-10
512,1.6656598413823829,12600,4,post,4,3.0,3072,2.34378199413e-07,3.41830852832e-07,1.442163446e-06,0.999998557837,1.00000090839,4.03994655126e-09,1.41554141898e-08,0,1.44892927178e-05,520,2.0000000613,2.00000006039,4.53987056451e-10
512,1.6788898639509486,12700,4,pre,-1,1.5,1536,6.17473041618e-07,7.65763970671e-07,4.08637506522e-06,0.999995913625,1.00000151289,0,0,0,9.96413853926e-06,520,2.00000006156,2.00000006039,5.84448471958e-10
512,1.6788898639509486,12700,4,pre,-1,3.0,3072,1.12950932284e-06,1.42520849685e-06,4.08637506522e-06,0.999995913625,1.00000318541,0,0,0,9.96413853926e-06,520,2.00000006156,2.00000006039,5.84448471958e-10
512,1.6788898639509486,12700,4,post,4,1.5,1536,5.9041530195e-08,8.97651683893e-08,1.39400767485e-06,0.999998605992,1.00000007629,1.32090161033e-09,1.79908250381e-08,0,1.00266036401e-05,520,2.00000006156,2.00000006039,5.84702268934e-10
512,1.6788898639509486,12700,4,post,4,3.0,3072,2.17785183357e-07,3.164990675e-07,1.39400767485e-06,0.999998605992,1.00000082673,3.72625860235e-09,1.79908250381e-08,0,1.00266036401e-05,520,2.00000006156,2.00000006039,5.84702268934e-10
512,1.6921198865195142,12800,4,pre,-1,1.5,1536,5.62899283981e-07,6.96642490247e-07,1.54439206623e-06,0.999998455608,1.00000096284,0,0,0,5.43928989396e-06,520,2.00000006144,2.00000006038,5.30265593191e-10
512,1.6921198865195142,12800,4,pre,-1,3.0,3072,1.02077851034e-06,1.28928341908e-06,2.85710029724e-06,0.999997479458,1.0000028571,0,0,0,5.43928989396e-06,520,2.00000006144,2.00000006038,5.30265593191e-10
512,1.6921198865195142,12800,4,post,4,1.5,1536,5.39494447354e-08,6.60200689239e-08,4.28044132916e-07,0.999999571956,1.00000007958,1.19785193629e-09,5.16330845267e-09,0,5.47975930038e-06,520,2.00000006144,2.00000006038,5.30161232229e-10
512,1.6921198865195142,12800,4,post,4,3.0,3072,1.95984452723e-07,2.83348678522e-07,7.38165203407e-07,0.999999441279,1.00000073817,3.34498572847e-09,1.14204321069e-08,0,5.47975930038e-06,520,2.00000006144,2.00000006038,5.30161232229e-10
512,1.7053499090880799,12900,4,pre,-1,1.5,1536,5.06159306763e-07,6.31736825686e-07,2.44914045722e-06,0.99999755086,1.00000066394,0,0,0,9.86130087407e-07,520,2.00000006132,2.00000006038,4.71818792003e-10
512,1.7053499090880799,12900,4,pre,-1,3.0,3072,9.03856239488e-07,1.14089131763e-06,2.49913237194e-06,0.99999755086,1.00000249913,0,0,0,9.86130087407e-07,520,2.00000006132,2.00000006038,4.71818792003e-10
512,1.7053499090880799,12900,4,post,4,1.5,1536,5.16198237283e-08,7.09957316695e-08,7.70826824814e-07,0.999999229173,1.00000008129,1.09648152993e-09,8.11762392635e-09,0,1.00568583618e-06,520,2.00000006132,2.00000006038,4.71583202684e-10
512,1.7053499090880799,12900,4,post,4,3.0,3072,1.74482886016e-07,2.51668190753e-07,7.81197481148e-07,0.999999218803,1.00000066784,2.95403104186e-09,9.90018017219e-09,0,1.00568583618e-06,520,2.00000006132,2.00000006038,4.71583202684e-10
512,1.7185799316566457,13000,4,pre,-1,1.5,1536,4.24865255692e-07,5.46722022575e-07,1.23427540499e-06,0.999999511524,1.00000123428,0,0,0,3.47576343196e-06,516,2.00000006037,2.00000006038,-4.96669357303e-12
512,1.7185799316566457,13000,4,pre,-1,3.0,3072,7.64268298193e-07,9.69567500662e-07,2.06693157034e-06,0.999998001638,1.00000206693,0,0,0,3.47576343196e-06,516,2.00000006037,2.00000006038,-4.96669357303e-12
512,1.7185799316566457,13000,4,post,4,1.5,1536,4.15697227459e-08,5.13405964267e-08,1.15325125893e-07,0.999999940477,1.00000011533,9.02762634295e-10,3.33033747541e-09,0,3.46236697159e-06,516,2.00000006037,2.00000006038,-4.8077096407e-12
512,1.7185799316566457,13000,4,post,4,3.0,3072,1.45526390669e-07,2.10553812032e-07,4.94332939249e-07,0.999999510359,1.00000049433,2.47472525065e-09,8.31785793021e-09,0,3.46236697159e-06,516,2.00000006037,2.00000006038,-4.8077096407e-12
512,1.7318099542252112,13100,4,pre,-1,1.5,1536,3.37721630659e-07,4.32462195709e-07,9.75920060542e-07,0.999999633493,1.00000097592,0,0,0,7.38102128802e-06,516,2.00000006038,2.00000006037,1.59650066122e-12
512,1.7318099542252112,13100,4,pre,-1,3.0,3072,6.18199729891e-07,7.84969785161e-07,1.6733248478e-06,0.999998371127,1.00000167332,0,0,0,7.38102128802e-06,516,2.00000006038,2.00000006037,1.59650066122e-12
512,1.7318099542252112,13100,4,post,4,1.5,1536,3.21714931334e-08,4.09222524624e-08,9.71239590974e-08,0.999999961808,1.00000009712,7.04395560254e-10,2.60040450631e-09,0,7.35982016135e-06,516,2.00000006038,2.00000006037,1.58784092189e-12
512,1.7318099542252112,13100,4,post,4,3.0,3072,1.16557148809e-07,1.68715864127e-07,3.9426025511e-07,0.999999610291,1.00000039426,1.98761604603e-09,6.62804925701e-09,0,7.35982016135e-06,516,2.00000006038,2.00000006037,1.58784092189e-12
512,1.745039976793777,13200,4,pre,-1,1.5,1536,2.50711353816e-07,3.20837059889e-07,7.29851494796e-07,0.999999751282,1.00000072985,0,0,0,1.10893656823e-05,516,2.00000006037,2.00000006037,2.97739601757e-12
512,1.745039976793777,13200,4,pre,-1,3.0,3072,4.66575243183e-07,5.93845317955e-07,1.27770060021e-06,0.999998768339,1.0000012777,0,0,0,1.10893656823e-05,516,2.00000006037,2.00000006037,2.97739601757e-12
512,1.745039976793777,13200,4,post,4,1.5,1536,2.33987719784e-08,3.11303096209e-08,7.79004092344e-08,0.999999974058,1.0000000779,5.09993987465e-10,1.92516025517e-09,0,1.10673678549e-05,516,2.00000006037,2.00000006037,2.86259896029e-12
512,1.745039976793777,13200,4,post,4,3.0,3072,8.66793893329e-08,1.25636769806e-07,2.97862823295e-07,0.999999716265,1.00000029786,1.47999734781e-09,4.98423847854e-09,0,1.10673678549e-05,516,2.00000006037,2.00000006037,2.86259896029e-12
512,1.7582699993623427,13300,4,pre,-1,1.5,1536,1.6543788137e-07,2.13649031363e-07,4.99676128696e-07,0.999999862957,1.00000049968,0,0,0,1.4530788601e-05,516,2.00000006038,2.00000006037,4.75353075876e-12
512,1.7582699993623427,13300,4,pre,-1,3.0,3072,3.12507993727e-07,4.00026155002e-07,8.89232856238e-07,0.999999182147,1.00000088923,0,0,0,1.4530788601e-05,516,2.00000006038,2.00000006037,4.75353075876e-12
512,1.7582699993623427,13300,4,post,4,1.5,1536,1.62170401369e-08,2.21472223919e-08,5.86763371224e-08,0.999999981605,1.00000005868,3.22904819419e-10,1.31750896564e-09,0,1.4513476578e-05,516,2.00000006038,2.00000006037,4.56834556384e-12
512,1.7582699993623427,13300,4,post,4,3.0,3072,5.70473986316e-08,8.23976152304e-08,2.07341676273e-07,0.999999826927,1.00000020734,9.63372555784e-10,3.42191839274e-09,0,1.4513476578e-05,516,2.00000006038,2.00000006037,4.56834556384e-12
512,1.7715000219309083,13400,4,pre,-1,1.5,1536,8.35342227168e-08,1.13800167008e-07,2.83720424488e-07,0.999999941429,1.00000028372,0,0,0,1.76414491359e-05,516,2.00000006038,2.00000006036,6.85051994439e-12
512,1.7715000219309083,13400,4,pre,-1,3.0,3072,1.59197625044e-07,2.08269513704e-07,5.10396887199e-07,0.999999607689,1.0000005104,0,0,0,1.76414491359e-05,516,2.00000006038,2.00000006036,6.85051994439e-12
512,1.7715000219309083,13400,4,post,4,1.5,1536,1.05651625949e-08,1.43632785539e-08,3.99898367753e-08,0.999999987731,1.00000003999,1.59954945685e-10,7.67926365726e-10,0,1.76330639769e-05,516,2.00000006038,2.00000006036,6.68043378215e-12
512,1.7715000219309083,13400,4,post,4,3.0,3072,2.82761850308e-08,4.08293666627e-08,1.22715210438e-07,0.999999934709,1.00000012272,4.55492268758e-10,1.93714430954e-09,0,1.76330639769e-05,516,2.00000006038,2.00000006036,6.68043378215e-12
512,1.784730044499474,13500,4,pre,-1,1.5,1536,3.78653854203e-08,4.52818769878e-08,9.11575523954e-08,0.999999957849,1.00000009116,0,0,0,2.03650402689e-05,516,2.00000006037,2.00000006036,5.2993163812e-12
512,1.784730044499474,13500,4,pre,-1,3.0,3072,4.25945605544e-08,5.29164469884e-08,1.46320787486e-07,0.999999953894,1.00000014632,0,0,0,2.03650402689e-05,516,2.00000006037,2.00000006036,5.2993163812e-12
512,1.784730044499474,13500,4,post,4,1.5,1536,7.83206808638e-09,9.36096512526e-09,2.28738159525e-08,0.999999989716,1.00000002287,8.92941364881e-11,2.75082475895e-10,0,2.03682338012e-05,516,2.00000006037,2.00000006036,4.98201465034e-12
512,1.784730044499474,13500,4,post,4,3.0,3072,1.50533628329e-08,2.03869116285e-08,6.24621028233e-08,0.999999976789,1.00000006246,1.73680448379e-10,6.02081452403e-10,0,2.03682338012e-05,516,2.00000006037,2.00000006036,4.98201465034e-12
512,1.7979600670680398,13600,4,pre,-1,1.5,1536,8.13985540729e-08,9.90899479191e-08,1.93712743179e-07,0.999999870259,1.00000019371,0,0,0,2.26538582346e-05,516,2.00000006037,2.00000006036,4.44444467805e-12
512,1.7979600670680398,13600,4,pre,-1,3.0,3072,1.44658072972e-07,1.83192905183e-07,4.62440744808e-07,0.999999790399,1.00000046244,0,0,0,2.26538582346e-05,516,2.00000006037,2.00000006036,4.44444467805e-12
512,1.7979600670680398,13600,4,post,4,1.5,1536,7.61265557319e-09,9.88171836725e-09,2.38562871679e-08,0.999999986794,1.00000002386,1.92138010522e-10,3.75235171927e-10,0,2.26703255747e-05,516,2.00000006037,2.00000006036,4.125588635e-12
512,1.7979600670680398,13600,4,post,4,3.0,3072,3.24530457509e-08,5.11081184932e-08,1.66991262152e-07,0.999999949203,1.00000016699,5.61965503793e-10,2.33543502592e-09,0,2.26703255747e-05,516,2.00000006037,2.00000006036,4.125588635e-12
512,1.8111900896366053,13700,4,pre,-1,1.5,1536,1.4716999482e-07,1.81292476454e-07,2.90972164585e-07,0.999999712388,1.00000029097,0,0,0,2.44846426129e-05,516,2.00000006037,2.00000006036,4.11803911866e-12
512,1.8111900896366053,13700,4,pre,-1,3.0,3072,2.80311741469e-07,3.55752345468e-07,8.65822493035e-07,0.999999464455,1.00000086582,0,0,0,2.44846426129e-05,516,2.00000006037,2.00000006036,4.11803911866e-12
512,1.8111900896366053,13700,4,post,4,1.5,1536,1.31983852541e-08,1.51442779411e-08,2.99886475652e-08,0.999999979281,1.00000002999,3.41896188311e-10,6.63033205596e-10,0,2.45150305731e-05,516,2.00000006037,2.00000006036,3.84203768307e-12
512,1.8111900896366053,13700,4,post,4,3.0,3072,5.8559551252e-08,8.87104593929e-08,2.72581270444e-07,0.999999895873,1.00000027258,1.02807548802e-09,4.00400896293e-09,0,2.45150305731e-05,516,2.00000006037,2.00000006036,3.84203768307e-12
512,1.8244201122051711,13800,4,pre,-1,1.5,1536,2.12711328072e-07,2.59919495657e-07,4.46142363608e-07,0.999999553858,1.00000038063,0,0,0,2.58323140255e-05,516,2.00000006036,2.00000006036,3.32822648278e-12
512,1.8244201122051711,13800,4,pre,-1,3.0,3072,4.09407256296e-07,5.18974823323e-07,1.24580173932e-06,0.999999161593,1.0000012458,0,0,0,2.58323140255e-05,516,2.00000006036,2.00000006036,3.32822648278e-12
512,1.8244201122051711,13800,4,post,4,1.5,1536,1.85469404003e-08,2.13247162168e-08,3.50978672792e-08,0.999999968148,1.0000000351,4.79190169053e-10,9.71770950167e-10,0,2.58763796016e-05,516,2.00000006036,2.00000006036,3.11684002527e-12
512,1.8244201122051711,13800,4,post,4,3.0,3072,8.32187055119e-08,1.2465729669e-07,3.71765741081e-07,0.999999834363,1.00000037177,1.46113157208e-09,5.56627467382e-09,0,2.58763796016e-05,516,2.00000006036,2.00000006036,3.11684002527e-12
512,1.8376501347737368,13900,4,pre,-1,1.5,1536,2.72409605955e-07,3.31986206945e-07,5.90463062222e-07,0.999999409537,1.00000046068,0,0,0,2.6678601151e-05,516,2.00000006036,2.00000006036,2.26973988305e-12
512,1.8376501347737368,13900,4,pre,-1,3.0,3072,5.27142602666e-07,6.68212976131e-07,1.59240911213e-06,0.999998885004,1.00000159241,0,0,0,2.6678601151e-05,516,2.00000006036,2.00000006036,2.26973988305e-12
512,1.8376501347737368,13900,4,post,4,1.5,1536,2.33722978069e-08,2.737567411e-08,4.38538647618e-08,0.999999956146,1.00000003928,6.03087723115e-10,1.27961871394e-09,0,2.67352869593e-05,516,2.00000006036,2.00000006036,2.13695721331e-12
512,1.8376501347737368,13900,4,post,4,3.0,3072,1.05596201104e-07,1.57411132933e-07,4.61291663978e-07,0.999999778058,1.00000046129,1.85396018753e-09,6.98341752134e-09,0,2.67352869593e-05,516,2.00000006036,2.00000006036,2.13695721331e-12
512,1.8508801573423024,14000,4,pre,-1,1.5,1536,3.25773272898e-07,3.96504383238e-07,7.20575666247e-07,0.999999279424,1.00000052953,0,0,0,2.70198345415e-05,516,2.00000006036,2.00000006036,1.06803451746e-12
512,1.8508801573423024,14000,4,pre,-1,3.0,3072,6.31826827483e-07,8.00882094958e-07,1.89850323795e-06,0.999998636724,1.0000018985,0,0,0,2.70198345415e-05,516,2.00000006036,2.00000006036,1.06803451746e-12
512,1.8508801573423024,14000,4,post,4,1.5,1536,2.7681245352e-08,3.29965172938e-08,5.60678532491e-08,0.999999943932,1.00000004262,7.12739522684e-10,1.57247480401e-09,0,2.70872766959e-05,516,2.00000006036,2.00000006036,1.02406968701e-12
512,1.8508801573423024,14000,4,post,4,3.0,3072,1.25351600678e-07,1.86301545328e-07,5.39102197106e-07,0.999999727181,1.0000005391,2.20026625439e-09,8.22355626477e-09,0,2.70872766959e-05,516,2.00000006036,2.00000006036,1.02406968701e-12
512,1.8641101799108681,14100,4,pre,-1,1.5,1536,3.72329696988e-07,4.52874251141e-07,8.36902299572e-07,0.999999163098,1.00000058639,0,0,0,2.68668880262e-05,516,2.00000006036,2.00000006036,-2.11608502108e-13
512,1.8641101799108681,14100,4,pre,-1,3.0,3072,7.22043825281e-07,9.15017923777e-07,2.15872424048e-06,0.999998418594,1.00000215872,0,0,0,2.68668880262e-05,516,2.00000006036,2.00000006036,-2.11608502108e-13
512,1.8641101799108681,14100,4,post,4,1.5,1536,3.14741489069e-08,3.80546091648e-08,6.75756400836e-08,0.999999932424,1.00000004521,8.07370834653e-10,1.84510526042e-09,0,2.69430240493e-05,516,2.00000006036,2.00000006036,-1.68531850052e-13
512,1.8641101799108681,14100,4,post,4,3.0,3072,1.42222785682e-07,2.1085783637e-07,6.040053111e-07,0.999999681302,1.00000060401,2.49508304069e-09,9.26414539526e-09,0,2.69430240493e-05,516,2.00000006036,2.00000006036,-1.68531850052e-13
512,1.8773402024794339,14200,4,pre,-1,1.5,1536,4.11631548067e-07,5.00633553222e-07,9.38470026579e-07,0.99999906153,1.00000063058,0,0,0,2.62278728596e-05,516,2.00000006035,2.00000006036,-2.38187240515e-12
512,1.8773402024794339,14200,4,pre,-1,3.0,3072,7.96619378631e-07,1.00913616786e-06,2.36903476925e-06,0.999998232367,1.00000236903,0,0,0,2.62278728596e-05,516,2.00000006035,2.00000006036,-2.38187240515e-12
512,1.8773402024794339,14200,4,post,4,1.5,1536,3.4738283191e-08,4.24640952052e-08,7.7889843797e-08,0.99999992211,1.00000004713,8.86298076016e-10,2.09300599508e-09,0,2.63101237663e-05,516,2.00000006035,2.00000006036,-2.25908174233e-12
512,1.8773402024794339,14200,4,post,4,3.0,3072,1.56004191611e-07,2.30755552015e-07,6.54592087423e-07,0.999999640893,1.00000065459,2.73461555244e-09,1.00882809415e-08,0,2.63101237663e-05,516,2.00000006035,2.00000006036,-2.25908174233e-12
512,1.8905702250479994,14300,4,pre,-1,1.5,1536,4.43292072627e-07,5.3939988686e-07,1.02474102559e-06,0.999998975259,1.00000066125,0,0,0,2.51272111056e-05,516,2.00000006034,2.00000006036,-5.87818664879e-12
512,1.8905702250479994,14300,4,pre,-1,3.0,3072,8.54709408081e-07,1.08221109986e-06,2.52650202781e-06,0.999998079508,1.0000025265,0,0,0,2.51272111056e-05,516,2.00000006034,2.00000006036,-5.87818664879e-12
512,1.8905702250479994,14300,4,post,4,1.5,1536,3.7460579371e-08,4.6158898767e-08,8.68459083536e-08,0.999999913154,1.00000004851,9.48979407803e-10,2.31447321204e-09,0,2.5212764716e-05,516,2.00000006035,2.00000006036,-5.68611807132e-12
512,1.8905702250479994,14300,4,post,4,3.0,3072,1.66560291666e-07,2.45804960698e-07,6.90302478512e-07,0.999999606233,1.0000006903,2.91636272243e-09,1.06813030729e-08,0,2.5212764716e-05,516,2.00000006035,2.00000006036,-5.68611807132e-12
512,1.9038002476165652,14400,4,pre,-1,1.5,1536,4.6697574423e-07,5.68849690138e-07,1.0949465854e-06,0.999998905053,1.00000067866,0,0,0,2.35979641927e-05,516,2.00000006034,2.00000006036,-1.08233418958e-11
512,1.9038002476165652,14400,4,pre,-1,3.0,3072,8.95783961106e-07,1.13365930025e-06,2.63022771474e-06,0.999997961221,1.00000263023,0,0,0,2.35979641927e-05,516,2.00000006034,2.00000006036,-1.08233418958e-11
512,1.9038002476165652,14400,4,post,4,1.5,1536,3.96340387547e-08,4.90860927328e-08,9.43176160506e-08,0.999999905682,1.00000004953,9.9498147646e-10,2.50787560423e-09,0,2.36839136521e-05,516,2.00000006034,2.00000006036,-1.05764283026e-11
512,1.9038002476165652,14400,4,post,4,3.0,3072,1.7382901036e-07,2.55939420142e-07,7.11182352342e-07,0.999999577626,1.00000071118,3.03909825335e-09,1.10416447669e-08,0,2.36839136521e-05,516,2.00000006034,2.00000006036,-1.05764283026e-11
512,1.9170302701851307,14500,4,pre,-1,1.5,1536,4.8242194448e-07,5.88706907481e-07,1.14880316104e-06,0.999998851197,1.00000068351,0,0,0,2.16810106465e-05,516,2.00000006032,2.00000006036,-1.74724673896e-11
512,1.9170302701851307,14500,4,pre,-1,3.0,3072,9.19630146334e-07,1.16331693764e-06,2.68060257191e-06,0.999997878562,1.0000026806,0,0,0,2.16810106465e-05,516,2.00000006032,2.00000006036,-1.74724673896e-11
512,1.9170302701851307,14500,4,post,4,1.5,1536,4.12414819024e-08,5.11983698538e-08,1.00133931147e-07,0.999999899866,1.00000005047,1.02399825786e-09,2.67001232408e-09,0,2.17644932531e-05,516,2.00000006032,2.00000006036,-1.71951336865e-11
512,1.9170302701851307,14500,4,post,4,3.0,3072,1.7780621486e-07,2.61199253931e-07,7.17721354127e-07,0.999999555504,1.00000071772,3.10282760738e-09,1.11741789537e-08,0,2.17644932531e-05,516,2.00000006032,2.00000006036,-1.71951336865e-11
512,1.9302602927536965,14600,4,pre,-1,1.5,1536,4.8945443907e-07,5.98745868772e-07,1.18457729514e-06,0.999998815423,1.00000067681,0,0,0,1.94238784721e-05,516,2.00000006031,2.00000006036,-2.62867497607e-11
512,1.9302602927536965,14600,4,pre,-1,3.0,3072,9.26348624386e-07,1.1714123732e-06,2.67919709485e-06,0.999997832649,1.0000026792,0,0,0,1.94238784721e-05,516,2.00000006031,2.00000006036,-2.62867497607e-11
512,1.9302602927536965,14600,4,post,4,1.5,1536,4.22673906068e-08,5.24547161602e-08,1.04086124053e-07,0.999999895914,1.00000005131,1.03586397548e-09,2.79625939504e-09,0,1.95022120085e-05,516,2.00000006031,2.00000006036,-2.60031988088e-11
512,1.9302602927536965,14600,4,post,4,3.0,3072,1.78550738784e-07,2.61716545247e-07,7.10767201095e-07,0.999999540411,1.00000071077,3.10870057382e-09,1.10894054356e-08,0,1.95022120085e-05,516,2.00000006031,2.00000006036,-2.60031988088e-11
512,1.9434903153222622,14700,4,pre,-1,1.5,1536,4.92676296367e-07,6.11342935642e-07,4.66752561867e-06,0.999995332474,1.00000065983,0,0,0,1.69243106994e-05,516,2.00000006075,2.00000006036,1.91537890874e-10
512,1.9434903153222622,14700,4,pre,-1,3.0,3072,9.20822650941e-07,1.16489615417e-06,4.66752561867e-06,0.999995332474,1.0000046132,0,0,0,1.69243106994e-05,516,2.00000006075,2.00000006036,1.91537890874e-10
512,1.9434903153222622,14700,4,post,4,1.5,1536,4.55903426093e-08,7.73007542485e-08,1.46584416771e-06,0.999998534156,1.00000005534,1.06346843614e-09,1.59610540449e-08,0,1.69950893771e-05,516,2.00000006075,2.00000006036,1.91648469083e-10
512,1.9434903153222622,14700,4,post,4,3.0,3072,1.79108352405e-07,2.63746699189e-07,1.72384356945e-06,0.999998534156,1.00000172384,3.09338113743e-09,2.22206566333e-08,0,1.69950893771e-05,516,2.00000006075,2.00000006036,1.91648469083e-10
512,1.9567203378908278,14800,4,pre,-1,1.5,1536,4.8581019957e-07,5.96543481164e-07,2.58920750373e-06,0.999997410792,1.00000111171,0,0,0,1.41348642542e-05,518,2.00000006103,2.00000006036,3.3076518303e-10
512,1.9567203378908278,14800,4,pre,-1,3.0,3072,8.9776754308e-07,1.12897828685e-06,2.58920750373e-06,0.999997410792,1.00000253275,0,0,0,1.41348642542e-05,518,2.00000006103,2.00000006036,3.3076518303e-10
512,1.9567203378908278,14800,4,post,4,1.5,1536,4.43063387171e-08,5.62413266645e-08,4.95081564411e-07,0.999999504918,1.00000013752,1.03285092031e-09,5.12184889119e-09,0,1.4195885786e-05,518,2.00000006103,2.00000006036,3.30985451271e-10
512,1.9567203378908278,14800,4,post,4,3.0,3072,1.74013504047e-07,2.52631944401e-07,1.15307738968e-06,0.999998846923,1.00000066127,2.99333737992e-09,1.17726434009e-08,0,1.4195885786e-05,518,2.00000006103,2.00000006036,3.30985451271e-10
512,1.9699503604593935,14900,4,pre,-1,1.5,1536,4.63052063468e-07,5.70338081857e-07,1.16945766204e-06,0.999998830542,1.00000060261,0,0,0,1.11575937656e-05,519,2.00000006093,2.00000006037,2.79620318453e-10
512,1.9699503604593935,14900,4,pre,-1,3.0,3072,8.51358858991e-07,1.07429704071e-06,2.39544848224e-06,0.99999792656,1.00000239545,0,0,0,1.11575937656e-05,519,2.00000006093,2.00000006037,2.79620318453e-10
512,1.9699503604593935,14900,4,post,4,1.5,1536,4.26787750822e-08,5.24234163873e-08,3.04310488808e-07,0.99999969569,1.00000005552,9.8231237173e-10,3.7181773938e-09,0,1.12076875553e-05,519,2.00000006093,2.00000006037,2.79672276889e-10
512,1.9699503604593935,14900,4,post,4,3.0,3072,1.63814253164e-07,2.3752170969e-07,6.2143498103e-07,0.999999542369,1.00000062143,2.81699636339e-09,9.70130633292e-09,0,1.12076875553e-05,519,2.00000006093,2.00000006037,2.79672276889e-10
512,1.9831803830279593,15000,4,pre,-1,1.5,1536,4.43882365598e-07,5.51001181964e-07,3.23460038054e-06,0.9999967654,1.00000111046,0,0,0,8.22698085881e-06,520,2.00000006167,2.00000006037,6.51271239486e-10
512,1.9831803830279593,15000,4,pre,-1,3.0,3072,8.01614409914e-07,1.00838956803e-06,3.23460038054e-06,0.9999967654,1.00000222249,0,0,0,8.22698085881e-06,520,2.00000006167,2.00000006037,6.51271239486e-10
512,1.9831803830279593,15000,4,post,4,1.5,1536,4.28636101137e-08,5.80951797655e-08,7.63814391624e-07,0.999999236186,1.0000000697,9.53962602904e-10,8.04120148419e-09,0,8.2653929932e-06,520,2.00000006167,2.00000006037,6.51085388157e-10
512,1.9831803830279593,15000,4,post,4,3.0,3072,1.55691727667e-07,2.25247688284e-07,1.30375663199e-06,0.999998696243,1.0000005733,2.65197608046e-09,1.1414560035e-08,0,8.2653929932e-06,520,2.00000006167,2.00000006037,6.51085388157e-10
512,1.9964104055965248,15100,4,pre,-1,1.5,1536,4.06683318688e-07,5.10008118167e-07,2.91678083797e-06,0.999997083219,1.0000007478,0,0,0,5.036970262e-06,520,2.00000006114,2.00000006037,3.81749953449e-10
512,1.9964104055965248,15100,4,pre,-1,3.0,3072,7.30940993439e-07,9.22660505466e-07,2.91678083797e-06,0.999997083219,1.00000201802,0,0,0,5.036970262e-06,520,2.00000006114,2.00000006037,3.81749953449e-10
512,1.9964104055965248,15100,4,post,4,1.5,1536,4.03699457473e-08,6.18307440454e-08,1.01031062716e-06,0.999998989689,1.00000005742,8.74943653887e-10,1.30573809595e-08,0,5.06363073741e-06,520,2.00000006114,2.00000006037,3.81729303302e-10
512,1.9964104055965248,15100,4,post,4,3.0,3072,1.41154192802e-07,2.04575677842e-07,1.01031062716e-06,0.999998989689,1.00000051844,2.39869137003e-09,1.30573809595e-08,0,5.06363073741e-06,520,2.00000006114,2.00000006037,3.81729303302e-10
512,2.0096404281650901,15200,4,pre,-1,1.5,1536,3.6952713646e-07,4.69864824333e-07,2.22293297536e-06,0.999997777067,1.00000069306,0,0,0,2.00777541456e-06,520,2.00000006144,2.00000006037,5.3335112493e-10
512,2.0096404281650901,15200,4,pre,-1,3.0,3072,6.54108398833e-07,8.26096618332e-07,2.22293297536e-06,0.999997777067,1.00000178796,0,0,0,2.00777541456e-06,520,2.00000006144,2.00000006037,5.3335112493e-10
512,2.0096404281650901,15200,4,post,4,1.5,1536,3.89978991066e-08,6.81030231967e-08,7.96790353252e-07,0.99999920321,1.00000005666,8.07751405455e-10,1.04379058691e-08,0,2.02341114132e-06,520,2.00000006144,2.00000006037,5.3335356742e-10
512,2.0096404281650901,15200,4,post,4,3.0,3072,1.26982737955e-07,1.84425927579e-07,7.96790353252e-07,0.99999920321,1.000000458,2.13681801794e-09,1.04379058691e-08,0,2.02341114132e-06,520,2.00000006144,2.00000006037,5.3335356742e-10
512,2.0228704507336559,15300,4,pre,-1,1.5,1536,3.14642037111e-07,3.95296534889e-07,8.42476515439e-07,0.999999157523,1.00000041407,0,0,0,1.2354732917e-06,520,2.00000006089,2.00000006038,2.54575908218e-10
512,2.0228704507336559,15300,4,pre,-1,3.0,3072,5.60266623043e-07,7.09437881548e-07,1.53769090838e-06,0.999998568498,1.00000153769,0,0,0,1.2354732917e-06,520,2.00000006089,2.00000006038,2.54575908218e-10
512,2.0228704507336559,15300,4,post,4,1.5,1536,3.16377278578e-08,3.85178526366e-08,1.88344853713e-07,0.999999811655,1.00000005399,6.76815988288e-10,2.33965575733e-09,0,1.22932162708e-06,520,2.00000006089,2.00000006038,2.54398050495e-10
512,2.0228704507336559,15300,4,post,4,3.0,3072,1.07372738783e-07,1.55034373821e-07,3.93031276413e-07,0.999999672829,1.00000039303,1.81938014934e-09,6.04716176439e-09,0,1.22932162708e-06,520,2.00000006089,2.00000006038,2.54398050495e-10
512,2.0361004733022217,15400,4,pre,-1,1.5,1536,2.54207664145e-07,3.25950436799e-07,7.28786033077e-07,0.99999970432,1.00000072879,0,0,0,3.98317472076e-06,516,2.00000006039,2.00000006038,2.921884868e-12
512,2.0361004733022217,15400,4,pre,-1,3.0,3072,4.61085395e-07,5.85688445445e-07,1.23729254442e-06,0.999998777292,1.00000123729,0,0,0,3.98317472076e-06,516,2.00000006039,2.00000006038,2.921884868e-12
512,2.0361004733022217,15400,4,post,4,1.5,1536,2.45930511952e-08,3.03801014265e-08,6.7293970174e-08,0.999999965153,1.00000006729,5.36822992823e-10,1.93201874204e-09,0,3.97275790874e-06,516,2.00000006039,2.00000006038,3.00981452889e-12
512,2.0361004733022217,15400,4,post,4,3.0,3072,8.73688206525e-08,1.26563322369e-07,3.00612162607e-07,0.999999699388,1.00000029001,1.48790921397e-09,4.93758862095e-09,0,3.97275790874e-06,516,2.00000006039,2.00000006038,3.00981452889e-12
512,2.0493304958707874,15500,4,pre,-1,1.5,1536,1.94201590348e-07,2.48712177865e-07,5.58409808393e-07,0.999999785382,1.00000055841,0,0,0,6.63119375498e-06,516,2.00000006038,2.00000006038,1.10200734097e-12
512,2.0493304958707874,15500,4,pre,-1,3.0,3072,3.57761738584e-07,4.55451901756e-07,9.67168605648e-07,0.99999904552,1.00000096717,0,0,0,6.63119375498e-06,516,2.00000006038,2.00000006038,1.10200734097e-12
512,2.0493304958707874,15500,4,post,4,1.5,1536,1.83404410694e-08,2.32918817447e-08,5.4187113685e-08,0.999999977633,1.00000005419,4.03077062972e-10,1.46435488128e-09,0,6.61932043412e-06,516,2.00000006038,2.00000006038,1.08735239749e-12
512,2.0493304958707874,15500,4,post,4,3.0,3072,6.69538524937e-08,9.71604069336e-08,2.2897502272e-07,0.999999771025,1.00000022353,1.1432424162e-09,3.80693774768e-09,0,6.61932043412e-06,516,2.00000006038,2.00000006038,1.08735239749e-12
512,2.0625605184393532,15600,4,pre,-1,1.5,1536,1.34245030549e-07,1.72603991185e-07,3.9348279901e-07,0.999999864748,1.00000039348,0,0,0,9.1054041811e-06,516,2.00000006039,2.00000006038,1.75015552318e-12
512,2.0625605184393532,15600,4,pre,-1,3.0,3072,2.51639132975e-07,3.21818336558e-07,6.95419752228e-07,0.999999327301,1.00000069542,0,0,0,9.1054041811e-06,516,2.00000006039,2.00000006038,1.75015552318e-12
512,2.0625605184393532,15600,4,post,4,1.5,1536,1.2378015605e-08,1.65114952962e-08,4.06005886688e-08,0.999999986394,1.0000000406,2.71404446911e-10,1.02323913231e-09,0,9.09508599973e-06,516,2.00000006039,2.00000006038,1.69664277501e-12
512,2.0625605184393532,15600,4,post,4,3.0,3072,4.6143576084e-08,6.7198134866e-08,1.58730978361e-07,0.999999845646,1.00000015873,7.89075137727e-10,2.69704107485e-09,0,9.09508599973e-06,516,2.00000006039,2.00000006038,1.69664277501e-12
512,2.0757905410079189,15700,4,pre,-1,1.5,1536,7.53255293402e-08,9.89178907425e-08,2.35230230183e-07,0.999999941603,1.00000023523,0,0,0,1.13614296996e-05,516,2.00000006039,2.00000006039,2.93010051812e-12
512,2.0757905410079189,15700,4,pre,-1,3.0,3072,1.44745926248e-07,1.87411061866e-07,4.26224680661e-07,0.999999617449,1.00000042622,0,0,0,1.13614296996e-05,516,2.00000006039,2.00000006039,2.93010051812e-12
512,2.0757905410079189,15700,4,post,4,1.5,1536,7.31773742882e-09,1.02019410347e-08,2.69517110851e-08,0.999999992102,1.00000002695,1.43619558544e-10,6.12599780798e-10,0,1.13550943135e-05,516,2.00000006039,2.00000006039,2.88524750928e-12
512,2.0757905410079189,15700,4,post,4,3.0,3072,2.56085712736e-08,3.73560465954e-08,9.67427240539e-08,0.999999922056,1.00000009674,4.3205201517e-10,1.62023236321e-09,0,1.13550943135e-05,516,2.00000006039,2.00000006039,2.88524750928e-12
512,2.0890205635764847,15800,4,pre,-1,1.5,1536,2.40562728325e-08,3.28602458735e-08,8.59037250223e-08,0.999999985023,1.0000000859,0,0,0,1.33626352528e-05,516,2.0000000604,2.00000006039,3.49986695715e-12
512,2.0890205635764847,15800,4,pre,-1,3.0,3072,4.21151152618e-08,5.78301065826e-08,1.65100758842e-07,0.999999909186,1.0000001651,0,0,0,1.33626352528e-05,516,2.0000000604,2.00000006039,3.49986695715e-12
512,2.0890205635764847,15800,4,post,4,1.5,1536,4.13968720335e-09,5.35524846878e-09,1.46871561579e-08,0.999999995313,1.00000001469,5.05794614553e-11,2.31554473512e-10,0,1.3362182793e-05,516,2.0000000604,2.00000006039,3.40349960153e-12
512,2.0890205635764847,15800,4,post,4,3.0,3072,7.22344825451e-09,1.08554162177e-08,3.90722512122e-08,0.999999986757,1.00000003907,1.0439087535e-10,5.90980552689e-10,0,1.3362182793e-05,516,2.0000000604,2.00000006039,3.40349960153e-12
512,2.1022505861450504,15900,4,pre,-1,1.5,1536,4.00851860346e-08,4.93109253887e-08,9.4390282257e-08,0.999999933533,1.00000009439,0,0,0,1.50711826896e-05,516,2.00000006039,2.00000006039,1.81410436746e-12
512,2.1022505861450504,15900,4,pre,-1,3.0,3072,6.66715372284e-08,8.3267063323e-08,2.01993053173e-07,0.999999906377,1.00000020199,0,0,0,1.50711826896e-05,516,2.00000006039,2.00000006039,1.81410436746e-12
512,2.1022505861450504,15900,4,post,4,1.5,1536,4.16004115863e-09,5.22616057633e-09,1.19192660186e-08,0.999999993413,1.00000001192,9.9211082079e-11,1.93163969195e-10,0,1.50775732244e-05,516,2.00000006039,2.00000006039,1.66355812987e-12
512,2.1022505861450504,15900,4,post,4,3.0,3072,1.59315390237e-08,2.43419951747e-08,7.77610431602e-08,0.999999974211,1.00000007776,2.69795764481e-10,1.07014557459e-09,0,1.50775732244e-05,516,2.00000006039,2.00000006039,1.66355812987e-12
512,2.1154806087136158,16000,4,pre,-1,1.5,1536,9.09428856906e-08,1.1119868379e-07,1.94870611536e-07,0.999999805129,1.00000016197,0,0,0,1.64678382555e-05,516,2.0000000604,2.00000006039,2.13473676729e-12
512,2.1154806087136158,16000,4,pre,-1,3.0,3072,1.64415739311e-07,2.05747539733e-07,4.80163674599e-07,0.999999666915,1.00000048016,0,0,0,1.64678382555e-05,516,2.0000000604,2.00000006039,2.13473676729e-12
512,2.1154806087136158,16000,4,post,4,1.5,1536,8.54900373453e-09,9.6846753611e-09,1.72215082195e-08,0.999999986727,1.00000001722,2.09939014921e-10,4.6006440671e-10,0,1.64818260477e-05,516,2.0000000604,2.00000006039,2.00661703412e-12
512,2.1154806087136158,16000,4,post,4,3.0,3072,3.45079343405e-08,5.09613779283e-08,1.49254512749e-07,0.999999927577,1.00000014925,5.99315375715e-10,2.20490112626e-09,0,1.64818260477e-05,516,2.0000000604,2.00000006039,2.00661703412e-12
512,2.1287106312821815,16100,4,pre,-1,1.5,1536,1.39656233467e-07,1.70656833382e-07,3.17613228051e-07,0.999999682387,1.00000022473,0,0,0,1.75340731748e-05,516,2.0000000604,2.00000006039,1.78679288188e-12
512,2.1287106312821815,16100,4,pre,-1,3.0,3072,2.57242227324e-07,3.22864213486e-07,7.44639536698e-07,0.999999441919,1.00000074464,0,0,0,1.75340731748e-05,516,2.0000000604,2.00000006039,1.78679288188e-12
512,2.1287106312821815,16100,4,post,4,1.5,1536,1.27347167157e-08,1.46275099495e-08,2.38040670508e-08,0.999999976196,1.0000000216,3.12444772629e-10,7.51293647953e-10,0,1.75557312272e-05,516,2.0000000604,2.00000006039,1.67710285036e-12
512,2.1287106312821815,16100,4,post,4,3.0,3072,5.2241149829e-08,7.67031833224e-08,2.17374770184e-07,0.999999879526,1.00000021737,9.08430043722e-10,3.27749482242e-09,0,1.75557312272e-05,516,2.0000000604,2.00000006039,1.67710285036e-12
512,2.1419406538507473,16200,4,pre,-1,1.5,1536,1.84355620853e-07,2.25427875927e-07,4.29912964117e-07,0.999999570087,1.00000028164,0,0,0,1.82592131583e-05,516,2.0000000604,2.00000006039,1.32316376079e-12
512,2.1419406538507473,16200,4,pre,-1,3.0,3072,3.42717239809e-07,4.30996973487e-07,9.88775896937e-07,0.999999234747,1.00000098878,0,0,0,1.82592131583e-05,516,2.0000000604,2.00000006039,1.32316376079e-12
512,2.1419406538507473,16200,4,post,4,1.5,1536,1.65329777301e-08,1.93520179972e-08,3.42318493551e-08,0.999999965768,1.0000000254,4.05851988559e-10,1.01602903261e-09,0,1.82881674129e-05,516,2.0000000604,2.00000006039,1.24455997302e-12
512,2.1419406538507473,16200,4,post,4,3.0,3072,6.85047750104e-08,1.00409929604e-07,2.79785238533e-07,0.999999835526,1.00000027979,1.19196501671e-09,4.26412033287e-09,0,1.82881674129e-05,516,2.0000000604,2.00000006039,1.24455997302e-12
512,2.1551706764193126,16300,4,pre,-1,1.5,1536,2.24572919299e-07,2.747751805e-07,5.31294303885e-07,0.999999468706,1.00000033172,0,0,0,1.863579243e-05,516,2.0000000604,2.00000006039,7.90256725065e-13
512,2.1551706764193126,16300,4,pre,-1,3.0,3072,4.19591527755e-07,5.28315590256e-07,1.20797238945e-06,0.999999047566,1.00000120797,0,0,0,1.863579243e-05,516,2.0000000604,2.00000006039,7.90256725065e-13
512,2.1551706764193126,16300,4,post,4,1.5,1536,1.9940495828e-08,2.36968837197e-08,4.37385214713e-08,0.999999956261,1.00000002861,4.89332605021e-10,1.25523440947e-09,0,1.867124594e-05,516,2.00000006039,2.00000006039,7.45625760823e-13
512,2.1551706764193126,16300,4,post,4,3.0,3072,8.30570800285e-08,1.21637574656e-07,3.3521654963e-07,0.999999795742,1.00000033522,1.44549029103e-09,5.1440274141e-09,0,1.867124594e-05,516,2.00000006039,2.00000006039,7.45625760823e-13
512,2.1684006989878784,16400,4,pre,-1,1.5,1536,2.59900379331e-07,3.18198592555e-07,6.21439814052e-07,0.99999937856,1.00000037468,0,0,0,1.86655163668e-05,516,2.00000006039,2.00000006039,2.22488687416e-13
512,2.1684006989878784,16400,4,pre,-1,3.0,3072,4.86785348737e-07,6.13382784805e-07,1.39832426993e-06,0.999998882115,1.00000139832,0,0,0,1.86655163668e-05,516,2.00000006039,2.00000006039,2.22488687416e-13
512,2.1684006989878784,16400,4,post,4,1.5,1536,2.29483149542e-08,2.75868780262e-08,5.23271622699e-08,0.999999947673,1.00000003132,5.62149668028e-10,1.4700062374e-09,0,1.87063402664e-05,516,2.00000006039,2.00000006039,2.16271438666e-13
512,2.1684006989878784,16400,4,post,4,3.0,3072,9.57032817108e-08,1.40059777665e-07,3.8281064807e-07,0.999999760224,1.00000038281,1.6653293727e-09,5.90165818819e-09,0,1.87063402664e-05,516,2.00000006039,2.00000006039,2.16271438666e-13
512,2.1816307215564441,16500,4,pre,-1,1.5,1536,2.89961715716e-07,3.55296366792e-07,6.99869706078e-07,0.99999930013,1.00000041006,0,0,0,1.83567268142e-05,516,2.00000006039,2.00000006039,-8.8196114413e-13
512,2.1816307215564441,16500,4,pre,-1,3.0,3072,5.4339916941e-07,6.85058070189e-07,1.55718576567e-06,0.999998739999,1.00000155719,0,0,0,1.83567268142e-05,516,2.00000006039,2.00000006039,-8.8196114413e-13
512,2.1816307215564441,16500,4,post,4,1.5,1536,2.55426336533e-08,3.09703514481e-08,6.00381152571e-08,0.999999939962,1.00000003365,6.23652300767e-10,1.66338294874e-09,0,1.84015410768e-05,516,2.00000006039,2.00000006039,-8.50874900379e-13
512,2.1816307215564441,16500,4,post,4,3.0,3072,1.06283363484e-07,1.55429097079e-07,4.22033968883e-07,0.999999729014,1.00000042203,1.84851884826e-09,6.52708943491e-09,0,1.84015410768e-05,516,2.00000006039,2.00000006039,-8.50874900379e-13
512,2.1948607441250099,16600,4,pre,-1,1.5,1536,3.14451480447e-07,3.85737848562e-07,7.65849907158e-07,0.99999923415,1.00000043697,0,0,0,1.77245029432e-05,516,2.00000006039,2.00000006039,-3.5433876984e-12
512,2.1948607441250099,16600,4,pre,-1,3.0,3072,5.88753852701e-07,7.42490690936e-07,1.68205410023e-06,0.999998622563,1.00000168205,0,0,0,1.77245029432e-05,516,2.00000006039,2.00000006039,-3.5433876984e-12
512,2.1948607441250099,16600,4,post,4,1.5,1536,2.77141279875e-08,3.38061114634e-08,6.66002846206e-08,0.9999999334,1.0000000356,6.73335366386e-10,1.83112570159e-09,0,1.7771760173e-05,516,2.00000006039,2.00000006039,-3.48165930009e-12
512,2.1948607441250099,16600,4,post,4,3.0,3072,1.14682491941e-07,1.67572689109e-07,4.52005713747e-07,0.999999702578,1.00000045201,1.99291248222e-09,7.00744702715e-09,0,1.7771760173e-05,516,2.00000006039,2.00000006039,-3.48165930009e-12
512,2.2080907666935756,16700,4,pre,-1,1.5,1536,3.33124862263e-07,4.09257472054e-07,8.18839701267e-07,0.99999918116,1.00000045538,0,0,0,1.67898493427e-05,516,2.00000006038,2.00000006039,-7.9345416728e-12
512,2.2080907666935756,16700,4,pre,-1,3.0,3072,6.22385756497e-07,7.85117000267e-07,1.7717478149e-06,0.999998530761,1.00000177175,0,0,0,1.67898493427e-05,516,2.00000006038,2.00000006039,-7.9345416728e-12
512,2.2080907666935756,16700,4,post,4,1.5,1536,2.94580705072e-08,3.60611387186e-08,7.189181217e-08,0.999999928108,1.00000003728,7.10820695235e-10,1.97204606377e-09,0,1.68378482189e-05,516,2.00000006038,2.00000006039,-7.85083085927e-12
512,2.2080907666935756,16700,4,post,4,3.0,3072,1.20830632275e-07,1.7638784097e-07,4.72525987449e-07,0.999999681151,1.00000047253,2.09718850331e-09,7.3386772128e-09,0,1.68378482189e-05,516,2.00000006038,2.00000006039,-7.85083085927e-12
512,2.2213207892621414,16800,4,pre,-1,1.5,1536,3.45809357737e-07,4.2564772721e-07,8.58333028209e-07,0.999999141667,1.00000046583,0,0,0,1.55784917732e-05,516,2.00000006036,2.00000006039,-1.41318064091e-11
512,2.2213207892621414,16800,4,pre,-1,3.0,3072,6.44053441706e-07,8.12656298664e-07,1.82588500208e-06,0.999998465563,1.00000182589,0,0,0,1.55784917732e-05,516,2.00000006036,2.00000006039,-1.41318064091e-11
512,2.2213207892621414,16800,4,post,4,1.5,1536,3.07618288827e-08,3.77058523912e-08,7.57902017812e-08,0.99999992421,1.00000003894,7.35858403913e-10,2.08452807619e-09,0,1.5625677977e-05,516,2.00000006036,2.00000006039,-1.40327745183e-11
512,2.2213207892621414,16800,4,post,4,3.0,3072,1.24695944181e-07,1.81840745351e-07,4.83614642555e-07,0.999999664982,1.00000048361,2.16085456281e-09,7.52058893286e-09,0,1.5625677977e-05,516,2.00000006036,2.00000006039,-1.40327745183e-11
512,2.2345508118307071,16900,4,pre,-1,1.5,1536,3.52398870952e-07,4.3475416991e-07,8.84221519448e-07,0.999999115778,1.00000046837,0,0,0,1.41199669687e-05,516,2.00000006035,2.00000006039,-2.25015554945e-11
512,2.2345508118307071,16900,4,pre,-1,3.0,3072,6.53727763974e-07,8.25095716621e-07,1.84491114164e-06,0.999998427421,1.00000184491,0,0,0,1.41199669687e-05,516,2.00000006035,2.00000006039,-2.25015554945e-11
512,2.2345508118307071,16900,4,post,4,1.5,1536,3.15994681284e-08,3.87138395191e-08,7.82502688201e-08,0.99999992175,1.00000004042,7.48304578186e-10,2.16616096414e-09,0,1.41648066684e-05,516,2.00000006035,2.00000006039,-2.23958622657e-11
512,2.2345508118307071,16900,4,post,4,3.0,3072,1.26278359984e-07,1.83957126859e-07,4.85574952913e-07,0.999999654337,1.00000048557,2.18418061377e-09,7.55669381583e-09,0,1.41648066684e-05,516,2.00000006035,2.00000006039,-2.23958622657e-11
512,2.2426211255975321,16961,4,pre,-1,1.5,1536,2.16050146423e-07,2.93544864348e-07,4.53638156805e-06,0.999995463618,1.0000003347,0,0,0,1.74926262527e-05,516,2.00000006045,2.00000006039,2.86888282239e-11
512,2.2426211255975321,16961,4,pre,-1,3.0,3072,6.02666989622e-07,8.19683711956e-07,4.53638156805e-06,0.999995463618,1.0000036733,0,0,0,1.74926262527e-05,516,2.00000006045,2.00000006039,2.86888282239e-11
512,2.2426211255975321,16961,4,post,4,1.5,1536,4.17631970629e-08,6.98656120055e-08,1.39846866853e-06,0.999998601531,1.00000002845,4.38619535318e-10,1.51333033323e-08,0,1.74757938982e-05,516,2.00000006045,2.00000006039,2.88469239778e-11
512,2.2426211255975321,16961,4,post,4,3.0,3072,9.09218347111e-08,1.38506355433e-07,1.39846866853e-06,0.999998601531,1.00000120304,1.74298000219e-09,1.51333033323e-08,0,1.74757938982e-05,516,2.00000006045,2.00000006039,2.88469239778e-11
