N,t,i,imax,stage,returned_steps,band_cells,count,Egrad_mean,Egrad_rms,Egrad_linf,grad_min,grad_max,phi_change_mean,phi_change_linf,sign_mismatch,f_interface_l1,f_interface_count,volume_phi,volume_vof,volume_rel_diff
256,0,0,4,pre,-1,1.5,768,0.000986408055809,0.00120673343687,0.00201416790908,0.999962667255,1.00201416791,0,0,0,2.94775067699e-05,264,2,2,1.11022302463e-16
256,0,0,4,pre,-1,3.0,1536,0.000986182793541,0.00120693878898,0.00201416790908,0.999962667255,1.00201416791,0,0,0,2.94775067699e-05,264,2,2,1.11022302463e-16
256,0,0,4,post,4,1.5,768,0.000208288554062,0.000262656328783,0.000665200602269,0.999989986644,1.0006652006,4.93029030307e-06,1.88217560348e-05,0,3.85381295838e-05,264,2.00000000001,2,7.40640881958e-12
256,0,0,4,post,4,3.0,1536,0.000381055969257,0.000525565323886,0.00135204418263,0.999980111376,1.00135204418,8.69616665655e-06,2.72000657161e-05,0,3.85381295838e-05,264,2.00000000001,2,7.40640881958e-12
256,0,0,4,pre,-1,1.5,768,0.000211075289675,0.000263917340426,0.00066758339145,0.999954575001,1.00066758339,0,0,0,6.03597651649e-05,264,2.00000000001,2,6.72717437311e-12
256,0,0,4,pre,-1,3.0,1536,0.000382605059973,0.000525965315396,0.00135204418263,0.999954575001,1.00135204418,0,0,0,6.03597651649e-05,264,2.00000000001,2,6.72717437311e-12
256,0,0,4,post,4,1.5,768,3.20060171743e-05,4.01968093807e-05,0.000116564528728,0.999990689449,1.00011656453,8.02228791808e-07,3.55932557795e-06,0,7.10358739704e-05,264,2.00000000005,2,2.35097497026e-11
256,0,0,4,post,4,3.0,1536,8.29292127747e-05,0.000124617204725,0.000407400305235,0.999976900762,1.00040740031,2.42329687498e-06,1.2026023188e-05,0,7.10358739704e-05,264,2.00000000005,2,2.35097497026e-11
256,0.014073436507311247,50,4,pre,-1,1.5,768,6.848817082e-06,9.44500976981e-06,2.25695307094e-05,0.999977430469,1.00001367227,0,0,0,0.000469367738008,272,1.99999999843,1.99999999821,1.09994125018e-10
256,0.014073436507311247,50,4,pre,-1,3.0,1536,1.29358660308e-05,1.7042346119e-05,3.60446532149e-05,0.999963955347,1.00003567971,0,0,0,0.000469367738008,272,1.99999999843,1.99999999821,1.09994125018e-10
256,0.014073436507311247,50,4,post,4,1.5,768,1.48770293348e-06,1.88805450358e-06,4.75944250788e-06,0.999995240557,1.00000155859,3.29288132213e-08,1.34018577897e-07,0,0.000470500830702,272,1.99999999844,1.99999999821,1.19326326705e-10
256,0.014073436507311247,50,4,post,4,3.0,1536,2.7456383955e-06,3.88485082215e-06,9.48069563034e-06,0.999990519304,1.00000926544,9.80124714358e-08,3.1861959204e-07,0,0.000470500830702,272,1.99999999844,1.99999999821,1.19326326705e-10
256,0.033091593949623743,100,4,pre,-1,1.5,768,1.38755022784e-05,1.80529237872e-05,4.19988195581e-05,0.99995800118,1.00002645398,0,0,0,0.000416232193941,272,2.00000001639,2.000000016,1.97571735168e-10
256,0.033091593949623743,100,4,pre,-1,3.0,1536,2.44881686263e-05,3.11003401849e-05,6.59145718506e-05,0.999934085428,1.00006306389,0,0,0,0.000416232193941,272,2.00000001639,2.000000016,1.97571735168e-10
256,0.033091593949623743,100,4,post,4,1.5,768,1.62517037469e-06,2.2047939488e-06,6.6692465569e-06,0.999993330753,1.00000341959,6.2997833164e-08,2.84651874074e-07,0,0.000417947431668,272,2.00000001641,2.000000016,2.08279392066e-10
256,0.033091593949623743,100,4,post,4,3.0,1536,4.82570535682e-06,7.17880783507e-06,1.90135569089e-05,0.999980986443,1.00001648033,1.78143348363e-07,5.60226974283e-07,0,0.000417947431668,272,2.00000001641,2.000000016,2.08279392066e-10
256,0.052109751391936257,150,4,pre,-1,1.5,768,1.70248913131e-05,2.1956857688e-05,5.59525397565e-05,0.99994404746,1.00003943957,0,0,0,0.000372747801813,272,2.00000006061,2.0000000596,5.05969695497e-10
256,0.052109751391936257,150,4,pre,-1,3.0,1536,3.0777969458e-05,3.90472935164e-05,8.58374112693e-05,0.999914162589,1.00007474309,0,0,0,0.000372747801813,272,2.00000006061,2.0000000596,5.05969695497e-10
256,0.052109751391936257,150,4,post,4,1.5,768,1.78555420456e-06,2.36374551139e-06,6.6596565782e-06,0.999993340343,1.00000397677,7.38274669331e-08,3.36558189235e-07,0,0.000374456417224,272,2.00000006049,2.0000000596,4.4663849065e-10
256,0.052109751391936257,150,4,post,4,3.0,1536,6.06333751556e-06,8.92711836868e-06,2.38487140373e-05,0.999976151286,1.00001837165,2.17063810116e-07,7.43194662124e-07,0,0.000374456417224,272,2.00000006049,2.0000000596,4.4663849065e-10
256,0.071127908834248757,200,4,pre,-1,1.5,768,1.71190443775e-05,2.13254510668e-05,4.41030826217e-05,0.999966128047,1.00004410308,0,0,0,0.000321720259167,264,2.00000008813,2.00000010134,-6.60710852523e-09
256,0.071127908834248757,200,4,pre,-1,3.0,1536,3.42880766147e-05,4.38841639628e-05,0.000101676085879,0.999898323914,1.00007493343,0,0,0,0.000321720259167,264,2.00000008813,2.00000010134,-6.60710852523e-09
256,0.071127908834248757,200,4,post,4,1.5,768,1.81236638725e-06,2.09049689887e-06,7.0580050181e-06,0.999992941995,1.00000304378,7.75686566529e-08,2.09984518874e-07,0,0.000324065673448,264,2.00000008787,2.00000010134,-6.73719112999e-09
256,0.071127908834248757,200,4,post,4,3.0,1536,7.04377816672e-06,1.04517755661e-05,2.97819281069e-05,0.999970218072,1.00001594978,2.45265489378e-07,8.81129703471e-07,0,0.000324065673448,264,2.00000008787,2.00000010134,-6.73719112999e-09
256,0.090146066276561229,250,4,pre,-1,1.5,768,1.70513999042e-05,2.10744237571e-05,3.84334139958e-05,0.999965056199,1.00003843341,0,0,0,0.000262378878253,264,2.00000012435,2.00000013702,-6.33669118174e-09
256,0.090146066276561229,250,4,pre,-1,3.0,1536,3.5384260469e-05,4.57782712425e-05,0.000111068387375,0.999888931613,1.00007262837,0,0,0,0.000262378878253,264,2.00000012435,2.00000013702,-6.33669118174e-09
256,0.090146066276561229,250,4,post,4,1.5,768,1.64340897897e-06,1.96234156883e-06,6.81329948748e-06,0.999993186701,1.00000318185,7.6567153958e-08,1.63784829468e-07,0,0.000266177500225,264,2.00000012383,2.00000013702,-6.59431508629e-09
256,0.090146066276561229,250,4,post,4,3.0,1536,7.30588001264e-06,1.11780806005e-05,3.31550604952e-05,0.99996684494,1.00001688342,2.53469321115e-07,9.8094013256e-07,0,0.000266177500225,264,2.00000012383,2.00000013702,-6.59431508629e-09
256,0.1091642237188737,300,4,pre,-1,1.5,768,1.69404399105e-05,2.04200168205e-05,3.56639343841e-05,0.999964336066,1.00003054229,0,0,0,0.000195615195925,264,2.0000001819,2.00000016409,8.90487921394e-09
256,0.1091642237188737,300,4,pre,-1,3.0,1536,3.45880082653e-05,4.47705607723e-05,0.000114779079435,0.999885220921,1.0000865412,0,0,0,0.000195615195925,264,2.0000001819,2.00000016409,8.90487921394e-09
256,0.1091642237188737,300,4,post,4,1.5,768,1.58250841398e-06,1.93092523716e-06,6.11206431844e-06,0.999993887936,1.00000252413,7.3228346054e-08,1.44002646293e-07,0,0.000199851409311,264,2.00000018193,2.00000016409,8.92203504484e-09
256,0.1091642237188737,300,4,post,4,3.0,1536,7.11258250817e-06,1.1035298439e-05,3.53512866259e-05,0.999964648713,1.00002411773,2.44979328522e-07,1.03903906406e-06,0,0.000199851409311,264,2.00000018193,2.00000016409,8.92203504484e-09
256,0.12818238116118619,350,4,pre,-1,1.5,768,1.6732364611e-05,2.00160648116e-05,3.76432694466e-05,0.999962356731,1.00002445679,0,0,0,0.000111998227066,264,2.00000014873,2.0000001569,-4.08397950061e-09
256,0.12818238116118619,350,4,pre,-1,3.0,1536,3.19106307708e-05,4.03197553933e-05,9.55001661811e-05,0.999928121666,1.00009550017,0,0,0,0.000111998227066,264,2.00000014873,2.0000001569,-4.08397950061e-09
256,0.12818238116118619,350,4,post,4,1.5,768,1.51202718094e-06,1.88305809968e-06,5.20518567315e-06,0.999994794814,1.0000018262,7.01881954174e-08,1.64194107932e-07,0,0.000115044327541,264,2.00000014889,2.0000001569,-4.00543078369e-09
256,0.12818238116118619,350,4,post,4,3.0,1536,6.22932223734e-06,9.10562099872e-06,2.61446391954e-05,0.999985512671,1.00002614464,2.16974190449e-07,8.19446417489e-07,0,0.000115044327541,264,2.00000014889,2.0000001569,-4.00543078369e-09
256,0.14720053860349863,400,4,pre,-1,1.5,768,1.55456376716e-05,1.88318661506e-05,3.79324875964e-05,0.999962067512,1.00002023228,0,0,0,2.90132256219e-05,264,2.00000015397,2.00000015699,-1.50997091857e-09
256,0.14720053860349863,400,4,pre,-1,3.0,1536,2.81856290319e-05,3.54357075896e-05,8.02391203887e-05,0.99993222813,1.00008023912,0,0,0,2.90132256219e-05,264,2.00000015397,2.00000015699,-1.50997091857e-09
256,0.14720053860349863,400,4,post,4,1.5,768,1.46283809568e-06,1.7836411496e-06,3.92294736318e-06,0.999996077053,1.00000169894,6.6088946605e-08,1.83869982615e-07,0,3.00980422949e-05,264,2.00000015402,2.00000015699,-1.48661182796e-09
256,0.14720053860349863,400,4,post,4,3.0,1536,5.44710863963e-06,7.8502823258e-06,2.10092488366e-05,0.999985221311,1.00002100925,1.87178535301e-07,6.60638632816e-07,0,3.00980422949e-05,264,2.00000015402,2.00000015699,-1.48661182796e-09
256,0.16621869604581113,450,4,pre,-1,1.5,768,1.29451625882e-05,1.65481874447e-05,3.73177368529e-05,0.999985446446,1.00003731774,0,0,0,7.77260539805e-05,260,2.00000015797,2.00000015712,4.21115331718e-10
256,0.16621869604581113,450,4,pre,-1,3.0,1536,2.31752372227e-05,2.92464796187e-05,6.21117877313e-05,0.999939671123,1.00006211179,0,0,0,7.77260539805e-05,260,2.00000015797,2.00000015712,4.21115331718e-10
256,0.16621869604581113,450,4,post,4,1.5,768,1.25751935448e-06,1.58633288447e-06,3.67522483002e-06,0.999998405572,1.00000367522,5.53270866816e-08,2.01008343121e-07,0,7.69062695189e-05,260,2.00000015797,2.00000015712,4.24501511677e-10
256,0.16621869604581113,450,4,post,4,3.0,1536,4.47262807984e-06,6.44752820444e-06,1.50235553731e-05,0.999984976445,1.00001496377,1.52101166997e-07,5.05851330088e-07,0,7.69062695189e-05,260,2.00000015797,2.00000015712,4.24501511677e-10
256,0.18523685348812358,500,4,pre,-1,1.5,768,8.98537283709e-06,1.12761690924e-05,2.48236183225e-05,0.999991299202,1.00002482362,0,0,0,0.000131454401508,260,2.00000015843,2.00000015728,5.77419844273e-10
256,0.18523685348812358,500,4,pre,-1,3.0,1536,1.69689237774e-05,2.14540517498e-05,4.53766115768e-05,0.999954623388,1.00004425392,0,0,0,0.000131454401508,260,2.00000015843,2.00000015728,5.77419844273e-10
256,0.18523685348812358,500,4,post,4,1.5,768,8.7318465057e-07,1.16071067136e-06,2.80471863801e-06,0.999998921633,1.00000280472,3.64189064008e-08,1.25545278527e-07,0,0.000129899298779,260,2.00000015835,2.00000015728,5.36741497894e-10
256,0.18523685348812358,500,4,post,4,3.0,1536,3.21767984785e-06,4.60278215769e-06,1.05907209426e-05,0.999989409279,1.00001006597,1.08974607791e-07,3.47652505187e-07,0,0.000129899298779,260,2.00000015835,2.00000015728,5.36741497894e-10
256,0.20425501093043608,550,4,pre,-1,1.5,768,5.19844757912e-06,6.64721937827e-06,1.5097278703e-05,0.999996285797,1.00001509728,0,0,0,0.000183425927558,260,2.00000015932,2.00000015744,9.41881387571e-10
256,0.20425501093043608,550,4,pre,-1,3.0,1536,1.02364432095e-05,1.31252592037e-05,2.78708046879e-05,0.999972502826,1.0000278708,0,0,0,0.000183425927558,260,2.00000015932,2.00000015744,9.41881387571e-10
256,0.20425501093043608,550,4,post,4,1.5,768,6.60057547441e-07,8.42952202135e-07,2.05322392044e-06,0.999999060064,1.00000205322,1.86865784328e-08,7.17014722578e-08,0,0.000182332709032,260,2.00000015918,2.00000015744,8.70978553996e-10
256,0.20425501093043608,550,4,post,4,3.0,1536,1.87773315268e-06,2.60916437345e-06,6.27869866032e-06,0.99999489456,1.0000062787,6.01171501216e-08,2.04259173388e-07,0,0.000182332709032,260,2.00000015918,2.00000015744,8.70978553996e-10
256,0.22327316837274852,600,4,pre,-1,1.5,768,2.61951667011e-06,3.38497382276e-06,6.8949488512e-06,0.999999528689,1.00000689495,0,0,0,0.000231802555802,260,2.00000015959,2.00000015679,1.39972511489e-09
256,0.22327316837274852,600,4,pre,-1,3.0,1536,4.5359606326e-06,6.92023233375e-06,2.25708711401e-05,0.999992879088,1.00002257087,0,0,0,0.000231802555802,260,2.00000015959,2.00000015679,1.39972511489e-09
256,0.22327316837274852,600,4,post,4,1.5,768,5.26682564387e-07,6.58066612475e-07,1.5177163708e-06,0.999999340084,1.00000151772,1.260634112e-08,4.12918579346e-08,0,0.000231815773272,260,2.00000015993,2.00000015679,1.5717976798e-09
256,0.22327316837274852,600,4,post,4,3.0,1536,1.14717878928e-06,1.83389159237e-06,6.60448685386e-06,0.999999018926,1.00000660449,2.94029502089e-08,1.77552542946e-07,0,0.000231815773272,260,2.00000015993,2.00000015679,1.5717976798e-09
256,0.24229132581506102,650,4,pre,-1,1.5,768,3.21588682004e-06,4.43861481572e-06,1.10718268818e-05,0.999997452854,1.00001107183,0,0,0,0.000272505910939,260,2.00000012896,2.00000012648,1.24168956147e-09
256,0.24229132581506102,650,4,pre,-1,3.0,1536,3.45565403553e-06,4.94589749873e-06,1.35164385933e-05,0.999997452854,1.00001351644,0,0,0,0.000272505910939,260,2.00000012896,2.00000012648,1.24168956147e-09
256,0.24229132581506102,650,4,post,4,1.5,768,4.74639655471e-07,6.47214592212e-07,2.01525016097e-06,0.999999440774,1.00000201525,1.80063290826e-08,7.33886860883e-08,0,0.000273431137855,260,2.00000012924,2.00000012648,1.38134650531e-09
256,0.24229132581506102,650,4,post,4,3.0,1536,8.54485492351e-07,1.41790502308e-06,5.13048809125e-06,0.999998935277,1.00000513049,3.25778973764e-08,1.46323097906e-07,0,0.000273431137855,260,2.00000012924,2.00000012648,1.38134650531e-09
256,0.26130948325737346,700,4,pre,-1,1.5,768,6.10753636311e-06,7.62003651616e-06,1.86923374452e-05,0.99999440078,1.00001869234,0,0,0,0.000303729749641,260,2.00000009396,2.00000009238,7.90584894339e-10
256,0.26130948325737346,700,4,pre,-1,3.0,1536,9.61954655548e-06,1.16992852747e-05,2.6957564947e-05,0.999980499741,1.00002695756,0,0,0,0.000303729749641,260,2.00000009396,2.00000009238,7.90584894339e-10
256,0.26130948325737346,700,4,post,4,1.5,768,5.06621728952e-07,7.86552930637e-07,2.53553970397e-06,0.999999304448,1.00000253554,2.81902736012e-08,1.1091168289e-07,0,0.000305149591505,260,2.00000009414,2.00000009238,8.8227687744e-10
256,0.26130948325737346,700,4,post,4,3.0,1536,1.91804170977e-06,2.8222000414e-06,7.91574970282e-06,0.999994216901,1.00000791575,7.54165933737e-08,2.51990213241e-07,0,0.000305149591505,260,2.00000009414,2.00000009238,8.8227687744e-10
256,0.28032764069968596,750,4,pre,-1,1.5,768,8.80607378046e-06,1.08726518308e-05,2.61858696424e-05,0.999988684286,1.00002618587,0,0,0,0.000323621689864,260,2.00000006809,2.00000006728,4.05274244964e-10
256,0.28032764069968596,750,4,pre,-1,3.0,1536,1.53227636868e-05,1.88928716682e-05,3.98445689578e-05,0.999962088492,1.00003984457,0,0,0,0.000323621689864,260,2.00000006809,2.00000006728,4.05274244964e-10
256,0.28032764069968596,750,4,post,4,1.5,768,7.15578171347e-07,9.84692065469e-07,2.86911905945e-06,0.999998923327,1.00000286912,4.01344855596e-08,1.47489269192e-07,0,0.000325387190964,260,2.00000006817,2.00000006728,4.45536925686e-10
256,0.28032764069968596,750,4,post,4,3.0,1536,3.02455518792e-06,4.42483144696e-06,1.09731029558e-05,0.999989026897,1.00001064761,1.15027986067e-07,3.52735328862e-07,0,0.000325387190964,260,2.00000006817,2.00000006728,4.45536925686e-10
256,0.29934579814199846,800,4,pre,-1,1.5,768,1.11126870931e-05,1.37296434964e-05,3.24497756989e-05,0.999983093991,1.00003244978,0,0,0,0.000330977917922,260,2.00000005468,2.00000005458,5.06559225175e-11
256,0.29934579814199846,800,4,pre,-1,3.0,1544,2.04028351461e-05,2.54206350256e-05,5.44579835005e-05,0.999945542016,1.000050861,0,0,0,0.000330977917922,260,2.00000005468,2.00000005458,5.06559225175e-11
256,0.29934579814199846,800,4,post,4,1.5,768,9.74377906775e-07,1.1961984891e-06,2.97532543159e-06,0.99999807342,1.00000297533,5.04878769811e-08,1.75889003881e-07,0,0.000332837340677,260,2.00000005469,2.00000005458,5.37208041156e-11
256,0.29934579814199846,800,4,post,4,3.0,1544,4.08475583575e-06,5.94280248682e-06,1.57487991528e-05,0.999984251201,1.000012803,1.50397898981e-07,4.78047408305e-07,0,0.000332837340677,260,2.00000005469,2.00000005458,5.37208041156e-11
256,0.31836395558431096,850,4,pre,-1,1.5,768,1.29139695353e-05,1.59498880999e-05,3.65461987486e-05,0.999978364273,1.0000365462,0,0,0,0.000321738682923,264,2.00000005634,2.00000005675,-2.05267574886e-10
256,0.31836395558431096,850,4,pre,-1,3.0,1536,2.45125322587e-05,3.08396492869e-05,6.8709310465e-05,0.99993129069,1.00005906716,0,0,0,0.000321738682923,264,2.00000005634,2.00000005675,-2.05267574886e-10
256,0.31836395558431096,850,4,post,4,1.5,768,1.16931167151e-06,1.37322249491e-06,2.90455741725e-06,0.999997425009,1.00000290456,5.86645896388e-08,1.90388020935e-07,0,0.000323907407297,264,2.00000005628,2.00000005675,-2.3333778691e-10
256,0.31836395558431096,850,4,post,4,3.0,1536,4.92268553406e-06,7.20479324125e-06,1.99260610569e-05,0.999980073939,1.00001407935,1.78303685594e-07,5.98881087305e-07,0,0.000323907407297,264,2.00000005628,2.00000005675,-2.3333778691e-10
256,0.33738211302662335,900,4,pre,-1,1.5,768,1.41161702508e-05,1.74090506532e-05,3.78868589772e-05,0.999974895913,1.00003788686,0,0,0,0.000306749117188,264,2.00000007204,2.00000007305,-5.03695955422e-10
256,0.33738211302662335,900,4,pre,-1,3.0,1536,2.7716825672e-05,3.51374972253e-05,8.03747211722e-05,0.999919625279,1.00006395132,0,0,0,0.000306749117188,264,2.00000007204,2.00000007305,-5.03695955422e-10
256,0.33738211302662335,900,4,post,4,1.5,768,1.28130003461e-06,1.4847565616e-06,3.07634606922e-06,0.99999712558,1.00000307635,6.41058915187e-08,1.87424888953e-07,0,0.000309413854621,264,2.00000007191,2.00000007305,-5.70420356765e-10
256,0.33738211302662335,900,4,post,4,3.0,1536,5.61174354891e-06,8.29038086776e-06,2.33874320824e-05,0.999976612568,1.00001434828,2.00538642651e-07,7.0099742262e-07,0,0.000309413854621,264,2.00000007191,2.00000007305,-5.70420356765e-10
256,0.35640027046893585,950,4,pre,-1,1.5,768,1.47345713115e-05,1.81523899246e-05,3.66828958471e-05,0.99997258745,1.0000366829,0,0,0,0.000282587841373,264,2.00000009752,2.00000009918,-8.3333691367e-10
256,0.35640027046893585,950,4,pre,-1,3.0,1536,2.98547142536e-05,3.81640151356e-05,8.94821739542e-05,0.999910517826,1.00006556087,0,0,0,0.000282587841373,264,2.00000009752,2.00000009918,-8.3333691367e-10
256,0.35640027046893585,950,4,post,4,1.5,768,1.32204712127e-06,1.53611128524e-06,3.00554223198e-06,0.999997143613,1.00000300554,6.67688590279e-08,1.69073412819e-07,0,0.000285630131665,264,2.00000009729,2.00000009918,-9.48307163507e-10
256,0.35640027046893585,950,4,post,4,3.0,1536,6.09243046661e-06,9.13045489314e-06,2.61893184922e-05,0.999973810682,1.00001435675,2.15558409221e-07,7.84777617415e-07,0,0.000285630131665,264,2.00000009729,2.00000009918,-9.48307163507e-10
256,0.37541842791124835,1000,4,pre,-1,1.5,768,1.49108175214e-05,1.84422619661e-05,3.3817818397e-05,0.999970715511,1.00003381782,0,0,0,0.000247585709385,264,2.00000012978,2.000000126,1.88634007631e-09
256,0.37541842791124835,1000,4,pre,-1,3.0,1536,3.0914777816e-05,3.98590330235e-05,9.61182015701e-05,0.999903881798,1.0000643912,0,0,0,0.000247585709385,264,2.00000012978,2.000000126,1.88634007631e-09
256,0.37541842791124835,1000,4,post,4,1.5,768,1.34079048836e-06,1.5686308031e-06,5.77601165352e-06,0.999994223988,1.0000024535,6.71773005468e-08,1.43811644258e-07,0,0.000251228715102,264,2.00000012982,2.000000126,1.91038262053e-09
256,0.37541842791124835,1000,4,post,4,3.0,1536,6.3582393025e-06,9.68816156082e-06,2.86036944339e-05,0.999971396306,1.00001809359,2.23102358692e-07,8.53776683414e-07,0,0.000251228715102,264,2.00000012982,2.000000126,1.91038262053e-09
256,0.39443658535356085,1050,4,pre,-1,1.5,768,1.48058009574e-05,1.81021885487e-05,3.00400014304e-05,0.999969959999,1.00002908459,0,0,0,0.000204957207049,264,2.00000015475,2.00000015115,1.79969692203e-09
256,0.39443658535356085,1050,4,pre,-1,3.0,1536,3.08665355417e-05,3.994993256e-05,9.98524218074e-05,0.999900147578,1.00007655768,0,0,0,0.000204957207049,264,2.00000015475,2.00000015115,1.79969692203e-09
256,0.39443658535356085,1050,4,post,4,1.5,768,1.32854628554e-06,1.57579446311e-06,6.19204228103e-06,0.999993807958,1.00000238646,6.47865758794e-08,1.4257682864e-07,0,0.000208718950341,264,2.00000015447,2.00000015115,1.65917866896e-09
256,0.39443658535356085,1050,4,post,4,3.0,1536,6.34004675029e-06,9.75992811003e-06,3.00637650996e-05,0.999969936235,1.00002180543,2.20299319677e-07,8.94796075592e-07,0,0.000208718950341,264,2.00000015447,2.00000015115,1.65917866896e-09
256,0.41345474279587324,1100,4,pre,-1,1.5,768,1.49194021025e-05,1.79500384116e-05,3.15747696971e-05,0.99996842523,1.00002507794,0,0,0,0.000153181982505,264,2.00000015807,2.00000015253,2.7671209878e-09
256,0.41345474279587324,1100,4,pre,-1,3.0,1536,2.96675581457e-05,3.77724019979e-05,9.19057229087e-05,0.999936878617,1.00009190572,0,0,0,0.000153181982505,264,2.00000015807,2.00000015253,2.7671209878e-09
256,0.41345474279587324,1100,4,post,4,1.5,768,1.33411632359e-06,1.61996700671e-06,4.91852429363e-06,0.999995081476,1.00000196421,6.35433935167e-08,1.28587427123e-07,0,0.000156710431747,264,2.00000015816,2.00000015253,2.81326696021e-09
256,0.41345474279587324,1100,4,post,4,3.0,1536,5.90803048956e-06,8.77257691705e-06,2.64377147543e-05,0.999987864004,1.00002643771,2.06391585453e-07,8.09480851762e-07,0,0.000156710431747,264,2.00000015816,2.00000015253,2.81326696021e-09
256,0.43247290023818574,1150,4,pre,-1,1.5,768,1.45665013803e-05,1.74603540155e-05,3.25802459241e-05,0.999967419754,1.00002144253,0,0,0,9.28280171812e-05,264,2.00000015848,2.00000015245,3.01590196476e-09
256,0.43247290023818574,1150,4,pre,-1,3.0,1536,2.76830875265e-05,3.49313147664e-05,8.22763362509e-05,0.999938225657,1.00008227634,0,0,0,9.28280171812e-05,264,2.00000015848,2.00000015245,3.01590196476e-09
256,0.43247290023818574,1150,4,post,4,1.5,768,1.29810711816e-06,1.62734450194e-06,4.47169023732e-06,0.99999552831,1.00000140901,6.19962288781e-08,1.4310669335e-07,0,9.53466047837e-05,264,2.00000015857,2.00000015245,3.06108848251e-09
256,0.43247290023818574,1150,4,post,4,3.0,1536,5.41436570771e-06,7.92009284356e-06,2.26100440284e-05,0.999987508147,1.00002261004,1.88405803129e-07,7.02260526585e-07,0,9.53466047837e-05,264,2.00000015857,2.00000015245,3.06108848251e-09
256,0.45149105768049824,1200,4,pre,-1,1.5,768,1.35444726715e-05,1.63691149882e-05,3.2093716545e-05,0.999967906283,1.00001833636,0,0,0,3.4946589127e-05,264,2.00000015098,2.00000015238,-7.00668802884e-10
256,0.45149105768049824,1200,4,pre,-1,3.0,1536,2.47631801894e-05,3.11308151937e-05,7.10030644933e-05,0.999942054537,1.00007100306,0,0,0,3.4946589127e-05,264,2.00000015098,2.00000015238,-7.00668802884e-10
256,0.45149105768049824,1200,4,post,4,1.5,768,1.27054211549e-06,1.53986063032e-06,3.63259544245e-06,0.999996367405,1.00000154504,5.78719978731e-08,1.51894850194e-07,0,3.62467549822e-05,264,2.00000015102,2.00000015238,-6.813438183e-10
256,0.45149105768049824,1200,4,post,4,3.0,1536,4.812181932e-06,6.94852807626e-06,1.89167002393e-05,0.999987630281,1.0000189167,1.6525964998e-07,5.88392496996e-07,0,3.62467549822e-05,264,2.00000015102,2.00000015238,-6.813438183e-10
256,0.47050921512281074,1250,4,pre,-1,1.5,768,1.18626410225e-05,1.45890223528e-05,2.95972528465e-05,0.999970402747,1.00001596466,0,0,0,4.20057183604e-05,264,2.00000015283,2.00000015233,2.48677504078e-10
256,0.47050921512281074,1250,4,pre,-1,3.0,1536,2.10272707131e-05,2.64657307364e-05,5.85606331733e-05,0.999948835313,1.00005856063,0,0,0,4.20057183604e-05,264,2.00000015283,2.00000015233,2.48677504078e-10
256,0.47050921512281074,1250,4,post,4,1.5,768,1.19818705573e-06,1.37890710364e-06,2.16391108976e-06,0.999997836089,1.00000194807,5.10663379949e-08,1.47384238973e-07,0,4.16322483202e-05,264,2.00000015282,2.00000015233,2.43574475356e-10
256,0.47050921512281074,1250,4,post,4,3.0,1536,4.07449696124e-06,5.83676695793e-06,1.53329209418e-05,0.999988680884,1.00001533292,1.37973381944e-07,4.71218914794e-07,0,4.16322483202e-05,264,2.00000015282,2.00000015233,2.43574475356e-10
256,0.48952737256512313,1300,4,pre,-1,1.5,768,9.11954611299e-06,1.15945875134e-05,2.61114729734e-05,0.999990650234,1.00002611147,0,0,0,8.38123442936e-05,260,2.00000015259,2.00000015229,1.49100276318e-10
256,0.48952737256512313,1300,4,pre,-1,3.0,1536,1.66232273793e-05,2.09452590581e-05,4.43978817348e-05,0.999957238061,1.00004439788,0,0,0,8.38123442936e-05,260,2.00000015259,2.00000015229,1.49100276318e-10
256,0.48952737256512313,1300,4,post,4,1.5,768,8.83981333051e-07,1.14515340756e-06,2.78714296598e-06,0.999998962112,1.00000278714,3.85912883186e-08,1.40561478491e-07,0,8.28767559272e-05,260,2.00000015258,2.00000015229,1.41421086286e-10
256,0.48952737256512313,1300,4,post,4,3.0,1536,3.19981061399e-06,4.58756172042e-06,1.06551431311e-05,0.999989720985,1.00001065514,1.084193254e-07,3.54951743785e-07,0,8.28767559272e-05,260,2.00000015258,2.00000015229,1.41421086286e-10
256,0.50854553000743563,1350,4,pre,-1,1.5,768,6.10641563997e-06,7.72775289094e-06,1.75962943127e-05,0.999994634153,1.00001759629,0,0,0,0.000118274811051,260,2.000000153,2.00000015227,3.65575097894e-10
256,0.50854553000743563,1350,4,pre,-1,3.0,1536,1.16423544436e-05,1.4757748544e-05,3.14780759754e-05,0.999969515886,1.00003147808,0,0,0,0.000118274811051,260,2.000000153,2.00000015227,3.65575097894e-10
256,0.50854553000743563,1350,4,post,4,1.5,768,6.30815062723e-07,8.41398371363e-07,2.12662035848e-06,0.999999142247,1.00000212662,2.39667207607e-08,9.01692013e-08,0,0.000117281858886,260,2.00000015295,2.00000015227,3.39206858977e-10
256,0.50854553000743563,1350,4,post,4,3.0,1536,2.19081914243e-06,3.11149273074e-06,7.26664520667e-06,0.999993408329,1.00000726665,7.31973086973e-08,2.40879199764e-07,0,0.000117281858886,260,2.00000015295,2.00000015227,3.39206858977e-10
256,0.52756368744974813,1400,4,pre,-1,1.5,768,3.34390741097e-06,4.4182333451e-06,1.0695962001e-05,0.999997280904,1.00001069596,0,0,0,0.000151078593288,260,2.00000015327,2.00000015226,5.06268322025e-10
256,0.52756368744974813,1400,4,pre,-1,3.0,1536,6.60974110954e-06,8.54328339951e-06,1.95348056264e-05,0.999982877926,1.00001953481,0,0,0,0.000151078593288,260,2.00000015327,2.00000015226,5.06268322025e-10
256,0.52756368744974813,1400,4,post,4,1.5,768,4.85721081301e-07,6.06806297293e-07,1.54739183222e-06,0.999999289452,1.00000154739,1.24431653843e-08,5.34500177434e-08,0,0.000150500786467,260,2.0000001532,2.00000015226,4.68604008782e-10
256,0.52756368744974813,1400,4,post,4,3.0,1536,1.219823975e-06,1.68911416811e-06,4.56076072175e-06,0.999997029589,1.00000456076,3.79418771557e-08,1.44200133143e-07,0,0.000150500786467,260,2.0000001532,2.00000015226,4.68604008782e-10
256,0.54658184489206063,1450,4,pre,-1,1.5,768,1.75420220075e-06,2.18031338224e-06,4.9132330191e-06,0.999998530308,1.00000491323,0,0,0,0.000179624329707,260,2.00000015339,2.00000015226,5.68008485859e-10
256,0.54658184489206063,1450,4,pre,-1,3.0,1536,2.26889322355e-06,2.93203001241e-06,8.51981364014e-06,0.999996486596,1.00000851981,0,0,0,0.000179624329707,260,2.00000015339,2.00000015226,5.68008485859e-10
256,0.54658184489206063,1450,4,post,4,1.5,768,3.58995406806e-07,4.25542473463e-07,9.98592094792e-07,0.999999513401,1.00000099859,7.95547125747e-09,2.63403645995e-08,0,0.000179698995334,260,2.00000015331,2.00000015226,5.27282843881e-10
256,0.54658184489206063,1450,4,post,4,3.0,1536,6.16985160609e-07,7.88486687707e-07,2.29611310854e-06,0.999998907123,1.00000229611,1.33056933704e-08,6.16904941055e-08,0,0.000179698995334,260,2.00000015331,2.00000015226,5.27282843881e-10
256,0.56560000233437302,1500,4,pre,-1,1.5,768,2.43649381879e-06,3.07402432741e-06,7.56374329036e-06,0.999996559457,1.00000756374,0,0,0,0.000202308755217,260,2.00000015623,2.00000015513,5.50682123819e-10
256,0.56560000233437302,1500,4,pre,-1,3.0,1536,3.29868985025e-06,4.15747080173e-06,1.03587550091e-05,0.999996155185,1.00001035876,0,0,0,0.000202308755217,260,2.00000015623,2.00000015513,5.50682123819e-10
256,0.56560000233437302,1500,4,post,4,1.5,768,2.91101542044e-07,3.81452579054e-07,1.12699125121e-06,0.999999486408,1.00000112699,1.17934513847e-08,4.3127922093e-08,0,0.000203114206802,260,2.00000015636,2.00000015513,6.13513636712e-10
256,0.56560000233437302,1500,4,post,4,3.0,1536,8.33561904815e-07,1.29612329625e-06,5.14882253189e-06,0.999998411059,1.00000514882,2.87715295594e-08,1.26033715745e-07,0,0.000203114206802,260,2.00000015636,2.00000015513,6.13513636712e-10
256,0.58461815977668552,1550,4,pre,-1,1.5,768,4.35124867045e-06,5.23884909439e-06,1.1450876942e-05,0.999994186476,1.00001145088,0,0,0,0.000218296001673,260,2.00000014774,2.0000001466,5.69030558706e-10
256,0.58461815977668552,1550,4,pre,-1,3.0,1536,7.43630494759e-06,9.10232571637e-06,1.90939921867e-05,0.999983049114,1.00001909399,0,0,0,0.000218296001673,260,2.00000014774,2.0000001466,5.69030558706e-10
256,0.58461815977668552,1550,4,post,4,1.5,768,3.38857125882e-07,4.642255408e-07,1.33803646341e-06,0.999999310169,1.00000133804,2.04317402681e-08,5.73500710394e-08,0,0.000219676033049,260,2.00000014783,2.0000001466,6.12462258201e-10
256,0.58461815977668552,1550,4,post,4,3.0,1536,1.54637046787e-06,2.31109380996e-06,6.94531978085e-06,0.999994534589,1.00000694532,5.87242985762e-08,2.03723037186e-07,0,0.000219676033049,260,2.00000014783,2.0000001466,6.12462258201e-10
256,0.60363631721899802,1600,4,pre,-1,1.5,768,6.0298563515e-06,7.29599996659e-06,1.47308408951e-05,0.999990801565,1.00001473084,0,0,0,0.000226566051484,260,2.00000014116,2.0000001406,2.82463810247e-10
256,0.60363631721899802,1600,4,pre,-1,3.0,1544,1.13108707165e-05,1.41082507251e-05,3.02678582299e-05,0.999969732142,1.00002734143,0,0,0,0.000226566051484,260,2.00000014116,2.0000001406,2.82463810247e-10
256,0.60363631721899802,1600,4,post,4,1.5,768,4.67137487776e-07,5.9175707341e-07,1.44437446226e-06,0.999999128993,1.00000144437,2.80754763672e-08,6.80237558035e-08,0,0.000228377231712,260,2.00000014116,2.0000001406,2.80202508149e-10
256,0.60363631721899802,1600,4,post,4,3.0,1544,2.33615866517e-06,3.50046842909e-06,9.30156392576e-06,0.999990698436,1.00000897278,8.6536259897e-08,2.84190569237e-07,0,0.000228377231712,260,2.00000014116,2.0000001406,2.80202508149e-10
256,0.62265447466131052,1650,4,pre,-1,1.5,768,7.44338149916e-06,9.06558620787e-06,1.72618819287e-05,0.999987251182,1.00001726188,0,0,0,0.000226444378073,260,2.00000013945,2.00000013944,5.28688167466e-12
256,0.62265447466131052,1650,4,pre,-1,3.0,1536,1.4489001712e-05,1.83208694323e-05,4.18270791769e-05,0.999958172921,1.00003324371,0,0,0,0.000226444378073,260,2.00000013945,2.00000013944,5.28688167466e-12
256,0.62265447466131052,1650,4,post,4,1.5,768,5.92784906465e-07,7.29707790746e-07,1.49596820442e-06,0.999998926239,1.00000149597,3.44004877157e-08,7.58375079419e-08,0,0.000228581152717,260,2.00000013943,2.00000013944,-5.80246921135e-12
256,0.62265447466131052,1650,4,post,4,3.0,1536,2.97639819857e-06,4.50422733761e-06,1.27643679111e-05,0.999987235632,1.00001028107,1.08520314504e-07,3.85816612897e-07,0,0.000228581152717,260,2.00000013943,2.00000013944,-5.80246921135e-12
256,0.64167263210362302,1700,4,pre,-1,1.5,768,8.53322341719e-06,1.04405412376e-05,1.86183608348e-05,0.999984298899,1.00001861836,0,0,0,0.000215089650725,264,2.00000014327,2.00000014379,-2.60746960817e-10
256,0.64167263210362302,1700,4,pre,-1,3.0,1536,1.70856076057e-05,2.17961755262e-05,5.1446029209e-05,0.999948553971,1.00004090398,0,0,0,0.000215089650725,264,2.00000014327,2.00000014379,-2.60746960817e-10
256,0.64167263210362302,1700,4,post,4,1.5,768,7.13367517129e-07,8.51733516162e-07,1.45003097063e-06,0.999998711951,1.00000145003,3.91399358044e-08,7.73109833114e-08,0,0.000217513945923,264,2.00000014319,2.00000014379,-2.99014125278e-10
256,0.64167263210362302,1700,4,post,4,3.0,1536,3.52739008541e-06,5.3665720503e-06,1.56911351508e-05,0.999984308865,1.00001237348,1.26430323859e-07,4.70998639368e-07,0,0.000217513945923,264,2.00000014319,2.00000014379,-2.99014125278e-10
256,0.66069078954593541,1750,4,pre,-1,1.5,768,9.33424122892e-06,1.14274282599e-05,1.88309985163e-05,0.999981919319,1.000018831,0,0,0,0.000199161867085,264,2.00000015086,2.00000015186,-4.98796965828e-10
256,0.66069078954593541,1750,4,pre,-1,3.0,1536,1.89572816572e-05,2.4317662467e-05,5.90495742581e-05,0.999940950426,1.00004876327,0,0,0,0.000199161867085,264,2.00000015086,2.00000015186,-4.98796965828e-10
256,0.66069078954593541,1750,4,post,4,1.5,768,8.05910132703e-07,9.53832827211e-07,1.49863664489e-06,0.999998501363,1.00000135437,4.23134284638e-08,7.75305302857e-08,0,0.000201824198951,264,2.00000015075,2.00000015186,-5.5327516142e-10
256,0.66069078954593541,1750,4,post,4,3.0,1536,3.92261617022e-06,5.99581723744e-06,1.81133442702e-05,0.999981886656,1.00001456219,1.38769399039e-07,5.40089605865e-07,0,0.000201824198951,264,2.00000015075,2.00000015186,-5.5327516142e-10
256,0.67970894698824791,1800,4,pre,-1,1.5,768,9.95461356844e-06,1.20724968131e-05,2.01029923136e-05,0.999979897008,1.00001824117,0,0,0,0.000175467467033,264,2.00000016172,2.00000015564,3.03640045014e-09
256,0.67970894698824791,1800,4,pre,-1,3.0,1536,2.00367368939e-05,2.56227461043e-05,6.48566370164e-05,0.999935143363,1.00005937391,0,0,0,0.000175467467033,264,2.00000016172,2.00000015564,3.03640045014e-09
256,0.67970894698824791,1800,4,post,4,1.5,768,8.71711895708e-07,1.04963142203e-06,4.86775249819e-06,0.999995132248,1.00000128719,4.40398989902e-08,1.01279636214e-07,0,0.000178139454363,264,2.00000016174,2.00000015564,3.04821055767e-09
256,0.67970894698824791,1800,4,post,4,3.0,1536,4.10296209446e-06,6.23567569405e-06,2.01774556058e-05,0.999979822544,1.00001778246,1.44216183575e-07,5.96287194118e-07,0,0.000178139454363,264,2.00000016174,2.00000015564,3.04821055767e-09
256,0.69872710443056041,1850,4,pre,-1,1.5,768,1.03825141346e-05,1.25267872378e-05,2.19306307114e-05,0.999978069369,1.0000172462,0,0,0,0.000143256891775,264,2.00000015918,2.00000015241,3.38514301883e-09
256,0.69872710443056041,1850,4,pre,-1,3.0,1536,2.03298601036e-05,2.5800617978e-05,6.18712588836e-05,0.999956925932,1.00006187126,0,0,0,0.000143256891775,264,2.00000015918,2.00000015241,3.38514301883e-09
256,0.69872710443056041,1850,4,post,4,1.5,768,8.91445190153e-07,1.0814909605e-06,1.91453117071e-06,0.999998085469,1.00000121918,4.4743168321e-08,9.1194582998e-08,0,0.00014576625045,264,2.00000015925,2.00000015241,3.41938096203e-09
256,0.69872710443056041,1850,4,post,4,3.0,1536,4.06461176176e-06,6.0545877198e-06,1.79804826188e-05,0.999991610245,1.00001798048,1.43016706594e-07,5.50487225966e-07,0,0.00014576625045,264,2.00000015925,2.00000015241,3.41938096203e-09
256,0.7177452618728728,1900,4,pre,-1,1.5,768,1.04694697086e-05,1.25813747223e-05,2.31110389891e-05,0.999976888961,1.00001582282,0,0,0,0.000106327903442,264,2.00000014676,2.00000015244,-2.84078650045e-09
256,0.7177452618728728,1900,4,pre,-1,3.0,1536,1.99334469645e-05,2.5123739868e-05,5.90136749925e-05,0.999956243141,1.00005901367,0,0,0,0.000106327903442,264,2.00000014676,2.00000015244,-2.84078650045e-09
256,0.7177452618728728,1900,4,post,4,1.5,768,9.08469014795e-07,1.1303409416e-06,3.76850685879e-06,0.999996231493,1.00000105744,4.48386594421e-08,1.01746406344e-07,0,0.000108408158062,264,2.00000014682,2.00000015244,-2.80771695587e-09
256,0.7177452618728728,1900,4,post,4,3.0,1536,3.94047521275e-06,5.7882014914e-06,1.65570799127e-05,0.999991142972,1.00001655708,1.37898169592e-07,5.12702516203e-07,0,0.000108408158062,264,2.00000014682,2.00000015244,-2.80771695587e-09
256,0.7367634193151853,1950,4,pre,-1,1.5,768,1.01545960987e-05,1.22265271534e-05,2.34460808415e-05,0.999976553919,1.00001416042,0,0,0,6.79122676547e-05,264,2.00000016197,2.00000015247,4.75212655192e-09
256,0.7367634193151853,1950,4,pre,-1,3.0,1536,1.87855670737e-05,2.35859304779e-05,5.41925306177e-05,0.999957177874,1.00005419253,0,0,0,6.79122676547e-05,264,2.00000016197,2.00000015247,4.75212655192e-09
256,0.7367634193151853,1950,4,post,4,1.5,768,9.09320419293e-07,1.15501094016e-06,3.5610392618e-06,0.999996438961,1.00000102732,4.36456767618e-08,1.09145755309e-07,0,6.94662260159e-05,264,2.00000016201,2.00000015247,4.77140734963e-09
256,0.7367634193151853,1950,4,post,4,3.0,1536,3.6805060613e-06,5.35467534073e-06,1.47512092288e-05,0.999990952849,1.00001475121,1.2778012077e-07,4.59819966228e-07,0,6.94662260159e-05,264,2.00000016201,2.00000015247,4.77140734963e-09
256,0.7557815767574978,2000,4,pre,-1,1.5,768,9.39551282748e-06,1.14014464019e-05,2.26762165323e-05,0.999977323783,1.00001246876,0,0,0,2.92317253484e-05,264,2.00000016497,2.00000015251,6.23137804912e-09
256,0.7557815767574978,2000,4,pre,-1,3.0,1536,1.69627311442e-05,2.12692885756e-05,4.78059712272e-05,0.99995991682,1.00004780597,0,0,0,2.92317253484e-05,264,2.00000016497,2.00000015251,6.23137804912e-09
256,0.7557815767574978,2000,4,post,4,1.5,768,8.98609343326e-07,1.09206720925e-06,3.0736634502e-06,0.999996926337,1.00000112382,4.05053558756e-08,1.11007832581e-07,0,3.01404323331e-05,264,2.000000165,2.00000015251,6.24291593e-09
256,0.7557815767574978,2000,4,post,4,3.0,1536,3.31824590602e-06,4.77382639517e-06,1.27121380309e-05,0.999991185735,1.00001271214,1.1363050426e-07,3.96357630168e-07,0,3.01404323331e-05,264,2.000000165,2.00000015251,6.24291593e-09
256,0.7747997341998103,2050,4,pre,-1,1.5,768,8.22223837708e-06,1.01032757075e-05,2.06318563731e-05,0.999979368144,1.00001091278,0,0,0,1.87771708975e-05,264,2.00000015715,2.00000015256,2.2968105664e-09
256,0.7747997341998103,2050,4,pre,-1,3.0,1536,1.45482094829e-05,1.82702907607e-05,4.02036468512e-05,0.999964575204,1.00004020365,0,0,0,1.87771708975e-05,264,2.00000015715,2.00000015256,2.2968105664e-09
256,0.7747997341998103,2050,4,post,4,1.5,768,8.38291917614e-07,9.74992022225e-07,2.05802864173e-06,0.999997941971,1.000001286,3.57663321556e-08,1.04451149204e-07,0,1.83934933165e-05,264,2.00000015715,2.00000015256,2.29554935314e-09
256,0.7747997341998103,2050,4,post,4,3.0,1536,2.8409672035e-06,4.05886340458e-06,1.05615669583e-05,0.999992016265,1.00001056157,9.60793236567e-08,3.25416324394e-07,0,1.83934933165e-05,264,2.00000015715,2.00000015256,2.29554935314e-09
256,0.7938178916421228,2100,4,pre,-1,1.5,768,6.48968588366e-06,8.30274088842e-06,1.86359527032e-05,0.999992831596,1.00001863595,0,0,0,5.03060446731e-05,260,2.00000015301,2.00000015262,1.94383827523e-10
256,0.7938178916421228,2100,4,pre,-1,3.0,1536,1.16333971726e-05,1.46751498069e-05,3.10896016751e-05,0.999970064773,1.0000310896,0,0,0,5.03060446731e-05,260,2.00000015301,2.00000015262,1.94383827523e-10
256,0.7938178916421228,2100,4,post,4,1.5,768,6.41964319195e-07,7.9860721618e-07,1.83754779881e-06,0.999999187661,1.00000183755,2.7918517792e-08,1.01151567318e-07,0,4.99082624231e-05,260,2.00000015301,2.00000015262,1.96319834285e-10
256,0.7938178916421228,2100,4,post,4,3.0,1536,2.24981537649e-06,3.22986204875e-06,7.51468713145e-06,0.999992608711,1.00000751469,7.61866601729e-08,2.52346596528e-07,0,4.99082624231e-05,260,2.00000015301,2.00000015262,1.96319834285e-10
256,0.81283604908443519,2150,4,pre,-1,1.5,768,4.45459406814e-06,5.67341755718e-06,1.28117669946e-05,0.999995717701,1.00001281177,0,0,0,7.55535194468e-05,260,2.00000015302,2.00000015268,1.71252332565e-10
256,0.81283604908443519,2150,4,pre,-1,3.0,1536,8.3102955659e-06,1.05402177763e-05,2.24481235513e-05,0.999978214565,1.00002244812,0,0,0,7.55535194468e-05,260,2.00000015302,2.00000015268,1.71252332565e-10
256,0.81283604908443519,2150,4,post,4,1.5,768,4.30986120204e-07,5.67067991938e-07,1.3933811509e-06,0.999999490594,1.00000139338,1.82866207058e-08,6.70139610123e-08,0,7.5036161286e-05,260,2.000000153,2.00000015268,1.63826273364e-10
256,0.81283604908443519,2150,4,post,4,3.0,1536,1.56621580548e-06,2.24946688835e-06,5.2057774651e-06,0.999994965555,1.00000520578,5.30047542882e-08,1.75474669493e-07,0,7.5036161286e-05,260,2.000000153,2.00000015268,1.63826273364e-10
256,0.83185420652674769,2200,4,pre,-1,1.5,768,2.48244486709e-06,3.23708222584e-06,7.66648878714e-06,0.999998101849,1.00000766649,0,0,0,9.88056256219e-05,260,2.0000001532,2.00000015273,2.35287327195e-10
256,0.83185420652674769,2200,4,pre,-1,3.0,1536,4.85386991515e-06,6.26322316805e-06,1.40133285218e-05,0.999987171608,1.00001401333,0,0,0,9.88056256219e-05,260,2.0000001532,2.00000015273,2.35287327195e-10
256,0.83185420652674769,2200,4,post,4,1.5,768,2.77239054145e-07,3.73640930288e-07,9.76527898766e-07,0.999999634414,1.00000097653,9.19620419367e-09,3.89150517695e-08,0,9.84584601129e-05,260,2.00000015317,2.00000015273,2.20108581206e-10
256,0.83185420652674769,2200,4,post,4,3.0,1536,8.78587634239e-07,1.25187725697e-06,3.19521202363e-06,0.999997537757,1.00000319521,2.87092664414e-08,1.04987730554e-07,0,9.84584601129e-05,260,2.00000015317,2.00000015273,2.20108581206e-10
256,0.85087236396906019,2250,4,pre,-1,1.5,768,9.55478014299e-07,1.26509227444e-06,3.18424518464e-06,0.999999404199,1.00000318425,0,0,0,0.000119155441854,260,2.00000015342,2.00000015279,3.15146551428e-10
256,0.85087236396906019,2250,4,pre,-1,3.0,1536,1.586986338e-06,2.15404640126e-06,6.03570243318e-06,0.999996516447,1.0000060357,0,0,0,0.000119155441854,260,2.00000015342,2.00000015279,3.15146551428e-10
256,0.85087236396906019,2250,4,post,4,1.5,768,1.81842667493e-07,2.23850624742e-07,5.86292871141e-07,0.999999769464,1.00000058629,4.11812359448e-09,1.66808396054e-08,0,0.000119148931365,260,2.00000015338,2.00000015279,2.97382540301e-10
256,0.85087236396906019,2250,4,post,4,3.0,1536,3.00589238808e-07,4.20015215343e-07,1.46554546787e-06,0.999999463912,1.00000146555,7.69299393895e-09,4.23237949895e-08,0,0.000119148931365,260,2.00000015338,2.00000015279,2.97382540301e-10
256,0.86989052141137257,2300,4,pre,-1,1.5,768,1.3803313391e-06,1.67652817955e-06,3.67836493775e-06,0.99999801321,1.00000367836,0,0,0,0.000135409919072,260,2.00000015332,2.00000015283,2.46627810424e-10
256,0.86989052141137257,2300,4,pre,-1,3.0,1536,2.12101913446e-06,2.65682018717e-06,6.41760354925e-06,0.9999976863,1.0000064176,0,0,0,0.000135409919072,260,2.00000015332,2.00000015283,2.46627810424e-10
256,0.86989052141137257,2300,4,post,4,1.5,768,1.32779397996e-07,1.79182632304e-07,4.81016955378e-07,0.999999742554,1.00000048102,6.87737749876e-09,1.62762048856e-08,0,0.000135810261683,260,2.00000015329,2.00000015283,2.28701484705e-10
256,0.86989052141137257,2300,4,post,4,3.0,1536,5.82653121284e-07,9.64152923088e-07,3.27742091577e-06,0.999999094373,1.00000327742,1.90764574953e-08,7.78045360118e-08,0,0.000135810261683,260,2.00000015329,2.00000015283,2.28701484705e-10
256,0.88890867885368507,2350,4,pre,-1,1.5,768,2.77107479636e-06,3.38741261101e-06,6.05751247051e-06,0.999995402436,1.00000605751,0,0,0,0.00014718571188,260,2.00000015325,2.00000015286,1.9289324218e-10
256,0.88890867885368507,2350,4,pre,-1,3.0,1536,5.06658260703e-06,6.3670500267e-06,1.53460342112e-05,0.999991306531,1.00001534603,0,0,0,0.00014718571188,260,2.00000015325,2.00000015286,1.9289324218e-10
256,0.88890867885368507,2350,4,post,4,1.5,768,2.21535600197e-07,2.72500638439e-07,6.13986371967e-07,0.999999598599,1.00000061399,1.35822563624e-08,2.43238180023e-08,0,0.000147997969272,260,2.00000015322,2.00000015286,1.78829382068e-10
256,0.88890867885368507,2350,4,post,4,3.0,1536,1.12436300855e-06,1.75348114627e-06,5.58937148099e-06,0.999998277998,1.00000558937,4.06221007239e-08,1.57910661058e-07,0,0.000147997969272,260,2.00000015322,2.00000015286,1.78829382068e-10
256,0.90792683629599757,2400,4,pre,-1,1.5,768,4.06429724683e-06,5.00110284815e-06,8.14477879763e-06,0.999992290576,1.00000814478,0,0,0,0.000153863005962,260,2.0000001531,2.00000015288,1.13216094505e-10
256,0.90792683629599757,2400,4,pre,-1,3.0,1536,7.78568554804e-06,9.85580476858e-06,2.37080002539e-05,0.999985061862,1.000023708,0,0,0,0.000153863005962,260,2.0000001531,2.00000015288,1.13216094505e-10
256,0.90792683629599757,2400,4,post,4,1.5,768,3.30953927905e-07,3.99303309492e-07,7.12796839775e-07,0.999999386447,1.0000007128,1.93847120686e-08,3.45623290127e-08,0,0.000155042696676,260,2.00000015309,2.00000015288,1.05260458963e-10
256,0.90792683629599757,2400,4,post,4,3.0,1536,1.66024874451e-06,2.53979127005e-06,7.88105752725e-06,0.999997146478,1.00000788106,5.97248825746e-08,2.30116432364e-07,0,0.000155042696676,260,2.00000015309,2.00000015288,1.05260458963e-10
256,0.92694499373831007,2450,4,pre,-1,1.5,768,5.24636440306e-06,6.40363079426e-06,1.04544917777e-05,0.999989545508,1.00000983118,0,0,0,0.000155043627018,260,2.00000015292,2.00000015288,2.06017409593e-11
256,0.92694499373831007,2450,4,pre,-1,3.0,1536,1.0161235324e-05,1.28640358018e-05,3.08382971144e-05,0.999979636779,1.0000308383,0,0,0,0.000155043627018,260,2.00000015292,2.00000015288,2.06017409593e-11
256,0.92694499373831007,2450,4,post,4,1.5,768,4.31391278599e-07,5.21590041654e-07,8.2901369769e-07,0.999999170986,1.00000077933,2.42725587907e-08,4.40927009782e-08,0,0.000156522406315,260,2.00000015292,2.00000015288,1.96833645436e-11
256,0.92694499373831007,2450,4,post,4,3.0,1536,2.11871165253e-06,3.20639285235e-06,9.7675855395e-06,0.999996079104,1.00000976759,7.5797551383e-08,2.90098528085e-07,0,0.000156522406315,260,2.00000015292,2.00000015288,1.96833645436e-11
256,0.94596315118062257,2500,4,pre,-1,1.5,768,6.23908596757e-06,7.56597832798e-06,1.28474030731e-05,0.999987152597,1.00001102896,0,0,0,0.000147795071552,264,2.00000015273,2.00000015288,-7.27184923315e-11
256,0.94596315118062257,2500,4,pre,-1,3.0,1536,1.20924428031e-05,1.5287040071e-05,3.64291436603e-05,0.999975092289,1.00003642914,0,0,0,0.000147795071552,264,2.00000015273,2.00000015288,-7.27184923315e-11
256,0.94596315118062257,2500,4,post,4,1.5,768,5.22254702635e-07,6.29821270011e-07,1.05827101871e-06,0.999998941729,1.00000080667,2.82115413097e-08,5.32474297224e-08,0,0.000149423534028,264,2.00000015274,2.00000015288,-6.68851589614e-11
256,0.94596315118062257,2500,4,post,4,3.0,1536,2.48493262111e-06,3.72355301382e-06,1.11537301617e-05,0.999995135673,1.00001115373,8.8375184675e-08,3.35182151111e-07,0,0.000149423534028,264,2.00000015274,2.00000015288,-6.68851589614e-11
256,0.96498130862293496,2550,4,pre,-1,1.5,768,7.01384949853e-06,8.47018207493e-06,1.48654952807e-05,0.999985134505,1.00001169392,0,0,0,0.00013724918345,264,2.00000015253,2.00000015286,-1.65085488208e-10
256,0.96498130862293496,2550,4,pre,-1,3.0,1536,1.35210445207e-05,1.70593769147e-05,4.02974489597e-05,0.999971486168,1.00004029745,0,0,0,0.00013724918345,264,2.00000015253,2.00000015286,-1.65085488208e-10
256,0.96498130862293496,2550,4,post,4,1.5,768,5.93770980412e-07,7.19062947977e-07,1.26963233682e-06,0.999998730368,1.00000080365,3.11577734861e-08,6.27229892192e-08,0,0.000138978562418,264,2.00000015255,2.00000015286,-1.53834933025e-10
256,0.96498130862293496,2550,4,post,4,3.0,1536,2.74454006922e-06,4.07772715379e-06,1.19810396519e-05,0.999994336941,1.00001198104,9.71338606986e-08,3.63798694784e-07,0,0.000138978562418,264,2.00000015255,2.00000015286,-1.53834933025e-10
256,0.98399946606524746,2600,4,pre,-1,1.5,768,7.54882970232e-06,9.101788065e-06,1.64856215942e-05,0.999983514378,1.00001187451,0,0,0,0.0001212518015,264,2.00000015233,2.00000015283,-2.51594725812e-10
256,0.98399946606524746,2600,4,pre,-1,3.0,1536,1.44121605884e-05,1.81485780732e-05,4.24216752271e-05,0.999968860161,1.00004242168,0,0,0,0.0001212518015,264,2.00000015233,2.00000015283,-2.51594725812e-10
256,0.98399946606524746,2600,4,post,4,1.5,768,6.43122216681e-07,7.85952587991e-07,1.43832591426e-06,0.999998561674,1.0000007918,3.3072360489e-08,7.16648775496e-08,0,0.000122969112121,264,2.00000015236,2.00000015283,-2.36886270261e-10
256,0.98399946606524746,2600,4,post,4,3.0,1536,2.89259657089e-06,4.26740475295e-06,1.2275901083e-05,0.999993688434,1.0000122759,1.01940106428e-07,3.76126068971e-07,0,0.000122969112121,264,2.00000015236,2.00000015283,-2.36886270261e-10
256,1.0030176235075601,2650,4,pre,-1,1.5,768,7.83398218997e-06,9.4532621143e-06,1.76610954525e-05,0.999982338905,1.00001162741,0,0,0,0.00010062607547,264,2.0000001564,2.0000001528,1.80086287668e-09
256,1.0030176235075601,2650,4,pre,-1,3.0,1536,1.47634722659e-05,1.85538543784e-05,4.28481485271e-05,0.999967267414,1.00004284815,0,0,0,0.00010062607547,264,2.0000001564,2.0000001528,1.80086287668e-09
256,1.0030176235075601,2650,4,post,4,1.5,768,6.76310176121e-07,8.41188315616e-07,3.11561385846e-06,0.999996884386,1.00000077776,3.40153279539e-08,7.94172789129e-08,0,0.00010218478404,264,2.00000015642,2.0000001528,1.81333112439e-09
256,1.0030176235075601,2650,4,post,4,3.0,1536,2.93737800047e-06,4.30284965031e-06,1.20895140374e-05,0.999993195558,1.00001208951,1.02992081558e-07,3.73199927753e-07,0,0.00010218478404,264,2.00000015642,2.0000001528,1.81333112439e-09
256,1.022035780949873,2700,4,pre,-1,1.5,768,7.84074609721e-06,9.50035028702e-06,1.82946124284e-05,0.999981705388,1.00001103518,0,0,0,7.64801965735e-05,264,2.00000015656,2.00000015276,1.90064616183e-09
256,1.022035780949873,2700,4,pre,-1,3.0,1536,1.45719221811e-05,1.82894266562e-05,4.16770322071e-05,0.999966798414,1.00004167703,0,0,0,7.64801965735e-05,264,2.00000015656,2.00000015276,1.90064616183e-09
256,1.022035780949873,2700,4,post,4,1.5,768,6.79372389651e-07,8.56671549891e-07,2.9009209338e-06,0.999997099079,1.00000077587,3.3704085911e-08,8.52888139505e-08,0,7.78225966091e-05,264,2.00000015659,2.00000015276,1.91216161621e-09
256,1.022035780949873,2700,4,post,4,3.0,1536,2.86788266688e-06,4.18852958141e-06,1.14903000092e-05,0.999992908167,1.0000114903,1.00151773964e-07,3.56576624057e-07,0,7.78225966091e-05,264,2.00000015659,2.00000015276,1.91216161621e-09
256,1.0410539383921864,2750,4,pre,-1,1.5,768,7.59354859144e-06,9.23760515451e-06,1.8290560274e-05,0.99998170944,1.00001019509,0,0,0,5.13727432146e-05,264,2.00000015547,2.00000015272,1.37152101417e-09
256,1.0410539383921864,2750,4,pre,-1,3.0,1536,1.38677850547e-05,1.73961105991e-05,3.90677841553e-05,0.99996752378,1.00003906778,0,0,0,5.13727432146e-05,264,2.00000015547,2.00000015272,1.37152101417e-09
256,1.0410539383921864,2750,4,post,4,1.5,768,6.83094884084e-07,8.48280028644e-07,2.93055967759e-06,0.99999706944,1.00000079775,3.25598773918e-08,8.83484827033e-08,0,5.23965610513e-05,264,2.00000015549,2.00000015272,1.38165512916e-09
256,1.0410539383921864,2750,4,post,4,3.0,1536,2.71896836795e-06,3.94361258619e-06,1.05569138114e-05,0.999992875236,1.00001055691,9.40829915767e-08,3.28321606825e-07,0,5.23965610513e-05,264,2.00000015549,2.00000015272,1.38165512916e-09
256,1.0600720958344994,2800,4,pre,-1,1.5,768,7.11206671532e-06,8.67128063047e-06,1.75408131101e-05,0.999982459187,1.00000922881,0,0,0,2.56993631447e-05,264,2.00000015805,2.00000015269,2.67855228643e-09
256,1.0600720958344994,2800,4,pre,-1,3.0,1536,1.2731125836e-05,1.5936683003e-05,3.52538555461e-05,0.999969486156,1.00003525386,0,0,0,2.56993631447e-05,264,2.00000015805,2.00000015269,2.67855228643e-09
256,1.0600720958344994,2800,4,post,4,1.5,768,6.95425671015e-07,8.4449858507e-07,2.69690152266e-06,0.999997303098,1.00000086868,3.09266978298e-08,8.74313201005e-08,0,2.63592373295e-05,264,2.00000015806,2.00000015269,2.6838582639e-09
256,1.0600720958344994,2800,4,post,4,3.0,1536,2.50374506983e-06,3.58543839421e-06,9.37329330952e-06,0.999993155795,1.00000937329,8.54725298506e-08,2.90893720542e-07,0,2.63592373295e-05,264,2.00000015806,2.00000015269,2.6838582639e-09
256,1.0790902532768127,2850,4,pre,-1,1.5,768,6.29321118835e-06,7.75179213407e-06,1.60107034343e-05,0.999983989297,1.00000816652,0,0,0,6.31782953179e-06,264,2.00000015719,2.00000015266,2.26756418542e-09
256,1.0790902532768127,2850,4,pre,-1,3.0,1536,1.11254510037e-05,1.39586778881e-05,3.04650470924e-05,0.999972681087,1.00003046505,0,0,0,6.31782953179e-06,264,2.00000015719,2.00000015266,2.26756418542e-09
256,1.0790902532768127,2850,4,post,4,1.5,768,6.39898671453e-07,7.54204868055e-07,1.97615440634e-06,0.999998023846,1.00000093621,2.74280926979e-08,8.17191602442e-08,0,6.01074755389e-06,264,2.00000015719,2.00000015266,2.26690204846e-09
256,1.0790902532768127,2850,4,post,4,3.0,1536,2.17933607679e-06,3.11209340297e-06,8.00419940505e-06,0.999993773643,1.0000080042,7.37341186314e-08,2.46746495156e-07,0,6.01074755389e-06,264,2.00000015719,2.00000015266,2.26690204846e-09
256,1.0981084107191257,2900,4,pre,-1,1.5,768,5.15295843329e-06,6.6077121163e-06,1.48264989173e-05,0.99999400122,1.0000148265,0,0,0,2.94633778186e-05,260,2.00000015294,2.00000015263,1.56292744587e-10
256,1.0981084107191257,2900,4,pre,-1,3.0,1536,9.14948293086e-06,1.15529506656e-05,2.44248208765e-05,0.999976287228,1.00002442482,0,0,0,2.94633778186e-05,260,2.00000015294,2.00000015263,1.56292744587e-10
256,1.0981084107191257,2900,4,post,4,1.5,768,5.13304937268e-07,6.25697875025e-07,1.38057085897e-06,0.999999255008,1.00000138057,2.23382501497e-08,8.06406146529e-08,0,2.93024181007e-05,260,2.00000015295,2.00000015263,1.60202949781e-10
256,1.0981084107191257,2900,4,post,4,3.0,1536,1.76969754504e-06,2.54631627428e-06,5.93124331805e-06,0.999994082021,1.00000593124,6.00423481561e-08,1.99355537168e-07,0,2.93024181007e-05,260,2.00000015295,2.00000015263,1.60202949781e-10
256,1.1171265681614391,2950,4,pre,-1,1.5,768,3.77147259341e-06,4.81706805137e-06,1.08103144367e-05,0.999995859761,1.00001081031,0,0,0,4.78106206491e-05,260,2.00000015269,2.00000015261,4.23070435266e-11
256,1.1171265681614391,2950,4,pre,-1,3.0,1536,6.90889384013e-06,8.75783034191e-06,1.85037631253e-05,0.999981781431,1.00001850376,0,0,0,4.78106206491e-05,260,2.00000015269,2.00000015261,4.23070435266e-11
256,1.1171265681614391,2950,4,post,4,1.5,768,3.64601564607e-07,4.58871976871e-07,1.08004749055e-06,0.999999562176,1.00000108005,1.59675107373e-08,5.76256783593e-08,0,4.75196299142e-05,260,2.00000015269,2.00000015261,4.04058977643e-11
256,1.1171265681614391,2950,4,post,4,3.0,1536,1.31552463675e-06,1.89551838983e-06,4.39443884026e-06,0.999995605561,1.00000436807,4.46624160483e-08,1.46710412739e-07,0,4.75196299142e-05,260,2.00000015269,2.00000015261,4.04058977643e-11
256,1.136144725603752,3000,4,pre,-1,1.5,768,2.3566827878e-06,3.02917232289e-06,6.95763972969e-06,0.999997838087,1.00000695764,0,0,0,6.42562578352e-05,260,2.00000015278,2.00000015259,9.66768813408e-11
256,1.136144725603752,3000,4,pre,-1,3.0,1536,4.50837090801e-06,5.77498736426e-06,1.24909697536e-05,0.9999879171,1.00001249097,0,0,0,6.42562578352e-05,260,2.00000015278,2.00000015259,9.66768813408e-11
256,1.136144725603752,3000,4,post,4,1.5,768,2.27136680962e-07,3.01381013509e-07,7.72378831337e-07,0.9999997325,1.00000077238,9.42263333656e-09,3.61177320534e-08,0,6.40036493404e-05,260,2.00000015277,2.00000015259,9.21778138991e-11
256,1.136144725603752,3000,4,post,4,3.0,1536,8.27205446562e-07,1.19387433166e-06,2.8568684789e-06,0.999997359822,1.00000285687,2.79436532402e-08,9.52149528353e-08,0,6.40036493404e-05,260,2.00000015277,2.00000015259,9.21778138991e-11
256,1.1551628830460654,3050,4,pre,-1,1.5,768,1.00562993394e-06,1.38475986286e-06,3.47673044021e-06,0.999999334162,1.00000347673,0,0,0,7.86641214207e-05,260,2.00000015288,2.00000015258,1.50123235714e-10
256,1.1551628830460654,3050,4,pre,-1,3.0,1536,2.09062032397e-06,2.7830511268e-06,6.64784911453e-06,0.99999432876,1.00000664785,0,0,0,7.86641214207e-05,260,2.00000015288,2.00000015258,1.50123235714e-10
256,1.1551628830460654,3050,4,post,4,1.5,768,1.27502205805e-07,1.71203688834e-07,4.79157112432e-07,0.999999838064,1.00000047916,3.62379271947e-09,1.77693608282e-08,0,7.85634489314e-05,260,2.00000015287,2.00000015258,1.45271339422e-10
256,1.1551628830460654,3050,4,post,4,3.0,1536,3.55715518863e-07,5.12634802195e-07,1.49796120241e-06,0.999999133191,1.00000149796,1.12660578092e-08,4.7510678558e-08,0,7.85634489314e-05,260,2.00000015287,2.00000015258,1.45271339422e-10
256,1.1741810404883783,3100,4,pre,-1,1.5,768,4.85554883427e-07,6.24321183565e-07,1.48723596927e-06,0.999999249491,1.00000148724,0,0,0,9.02850119149e-05,260,2.00000015282,2.00000015256,1.28141487638e-10
256,1.1741810404883783,3100,4,pre,-1,3.0,1536,5.58661726726e-07,7.04720659577e-07,1.72113397134e-06,0.999999249491,1.00000172113,0,0,0,9.02850119149e-05,260,2.00000015282,2.00000015256,1.28141487638e-10
256,1.1741810404883783,3100,4,post,4,1.5,768,7.62413881455e-08,9.34377062771e-08,2.30727833728e-07,0.999999852723,1.00000023073,2.62999459947e-09,6.20865952313e-09,0,9.0400514886e-05,260,2.0000001528,2.00000015256,1.1970068467e-10
256,1.1741810404883783,3100,4,post,4,3.0,1536,2.15158376631e-07,3.38024863394e-07,1.1394324495e-06,0.99999962427,1.00000113943,5.78313179368e-09,2.30007628707e-08,0,9.0400514886e-05,260,2.0000001528,2.00000015256,1.1970068467e-10
256,1.1931991979306917,3150,4,pre,-1,1.5,768,1.50481188922e-06,1.84475959149e-06,3.09640670926e-06,0.99999730074,1.00000309641,0,0,0,9.86395377021e-05,260,2.00000015276,2.00000015256,1.00893063979e-10
256,1.1931991979306917,3150,4,pre,-1,3.0,1536,2.54588914194e-06,3.1445927734e-06,7.24256675122e-06,0.999995661166,1.00000724257,0,0,0,9.86395377021e-05,260,2.00000015276,2.00000015256,1.00893063979e-10
256,1.1931991979306917,3150,4,post,4,1.5,768,1.33480275261e-07,1.59321635904e-07,3.3139437039e-07,0.999999764375,1.00000033139,7.58542712374e-09,1.4467602831e-08,0,9.89902951737e-05,260,2.00000015274,2.00000015256,9.39914740952e-11
256,1.1931991979306917,3150,4,post,4,3.0,1536,5.89202370245e-07,8.92729270251e-07,2.74084924334e-06,0.999998983446,1.00000274085,2.08415869619e-08,7.66892324401e-08,0,9.89902951737e-05,260,2.00000015274,2.00000015256,9.39914740952e-11
256,1.2122173553730047,3200,4,pre,-1,1.5,768,2.55887428593e-06,3.10187151953e-06,5.24794196655e-06,0.999994752058,1.00000453298,0,0,0,0.000103429386357,260,2.0000001527,2.00000015255,7.21165294652e-11
256,1.2122173553730047,3200,4,pre,-1,3.0,1536,4.56239648208e-06,5.67026361008e-06,1.30502995082e-05,0.999990895953,1.0000130503,0,0,0,0.000103429386357,260,2.0000001527,2.00000015255,7.21165294652e-11
256,1.2122173553730047,3200,4,post,4,1.5,768,2.18989266831e-07,2.59830618354e-07,4.10817732721e-07,0.999999589855,1.00000041082,1.2094251934e-08,2.41920430667e-08,0,0.000104003640054,260,2.00000015269,2.00000015255,6.77915449804e-11
256,1.2122173553730047,3200,4,post,4,3.0,1536,9.76248936897e-07,1.45270294603e-06,4.27361673716e-06,0.999998034017,1.00000427362,3.4698911298e-08,1.25978460632e-07,0,0.000104003640054,260,2.00000015269,2.00000015255,6.77915449804e-11
256,1.2312355128153181,3250,4,pre,-1,1.5,768,3.47744667261e-06,4.20665616512e-06,7.47405119794e-06,0.999992525949,1.00000572754,0,0,0,0.000104495608515,260,2.00000015261,2.00000015255,3.19757529379e-11
256,1.2312355128153181,3250,4,pre,-1,3.0,1536,6.32886033114e-06,7.89562504578e-06,1.81486070403e-05,0.999986710743,1.00001814861,0,0,0,0.000104495608515,260,2.00000015261,2.00000015255,3.19757529379e-11
256,1.2312355128153181,3250,4,post,4,1.5,768,2.93376552116e-07,3.5633057889e-07,6.06684817384e-07,0.999999393315,1.00000046847,1.59414572895e-08,3.38742092553e-08,0,0.00010526341811,260,2.00000015261,2.00000015255,3.08120172522e-11
256,1.2312355128153181,3250,4,post,4,3.0,1536,1.31458755507e-06,1.94578296251e-06,5.60229780655e-06,0.999997166468,1.0000056023,4.66164909468e-08,1.68284350444e-07,0,0.00010526341811,260,2.00000015261,2.00000015255,3.08120172522e-11
256,1.250253670257631,3300,4,pre,-1,1.5,768,4.24423720561e-06,5.13047210208e-06,9.37695381453e-06,0.999990623046,1.00000664499,0,0,0,0.000101632260823,260,2.00000015253,2.00000015255,-1.18107736797e-11
256,1.250253670257631,3300,4,pre,-1,3.0,1536,7.79181582812e-06,9.73607499596e-06,2.23072602774e-05,0.999983185659,1.00002230726,0,0,0,0.000101632260823,260,2.00000015253,2.00000015255,-1.18107736797e-11
256,1.250253670257631,3300,4,post,4,1.5,768,3.56926270893e-07,4.41017311979e-07,7.97204117831e-07,0.999999202796,1.00000050774,1.90839024568e-08,4.28952707607e-08,0,0.000102529613797,260,2.00000015253,2.00000015255,-9.78439476972e-12
256,1.250253670257631,3300,4,post,4,3.0,1536,1.59101852357e-06,2.34552328425e-06,6.64581518106e-06,0.999996415717,1.00000664582,5.62518104517e-08,2.01897887943e-07,0,0.000102529613797,260,2.00000015253,2.00000015255,-9.78439476972e-12
256,1.2692718276999444,3350,4,pre,-1,1.5,768,4.84347740437e-06,5.85622555237e-06,1.09373327619e-05,0.999989062667,1.00000726206,0,0,0,9.35176311544e-05,264,2.00000015243,2.00000015255,-6.05939696608e-11
256,1.2692718276999444,3350,4,pre,-1,3.0,1536,8.90977373333e-06,1.11395506717e-05,2.53860749064e-05,0.999980377795,1.00002538607,0,0,0,9.35176311544e-05,264,2.00000015243,2.00000015255,-6.05939696608e-11
256,1.2692718276999444,3350,4,post,4,1.5,768,4.10167557585e-07,5.10496555661e-07,9.58261937356e-07,0.999999041738,1.00000053248,2.14753520261e-08,5.07075672753e-08,0,9.44766782113e-05,264,2.00000015244,2.00000015255,-5.58140158151e-11
256,1.2692718276999444,3350,4,post,4,3.0,1536,1.79847477237e-06,2.64018659579e-06,7.362742662e-06,0.999995792075,1.00000736274,6.33463365342e-08,2.25623038839e-07,0,9.44766782113e-05,264,2.00000015244,2.00000015255,-5.58140158151e-11
256,1.2882899851422573,3400,4,pre,-1,1.5,768,5.26075231467e-06,6.37053552835e-06,1.21399365293e-05,0.999987860063,1.00000757719,0,0,0,8.33877659891e-05,264,2.00000015232,2.00000015256,-1.18735900936e-10
256,1.2882899851422573,3400,4,pre,-1,3.0,1536,9.65496164657e-06,1.20750204612e-05,2.73286021037e-05,0.999978325123,1.0000273286,0,0,0,8.33877659891e-05,264,2.00000015232,2.00000015256,-1.18735900936e-10
256,1.2882899851422573,3400,4,post,4,1.5,768,4.50395753853e-07,5.62317425304e-07,1.08552279421e-06,0.999998914477,1.00000054838,2.30784692715e-08,5.72710365382e-08,0,8.43544848119e-05,264,2.00000015233,2.00000015256,-1.12075451475e-10
256,1.2882899851422573,3400,4,post,4,3.0,1536,1.93159478078e-06,2.82468588266e-06,7.74940505943e-06,0.999995302724,1.00000774941,6.77532920159e-08,2.39070091949e-07,0,8.43544848119e-05,264,2.00000015233,2.00000015256,-1.12075451475e-10
256,1.3073081425845707,3450,4,pre,-1,1.5,768,5.50521930221e-06,6.67539440642e-06,1.29634822491e-05,0.999987036518,1.00000761518,0,0,0,7.02616806976e-05,264,2.00000015736,2.00000015257,2.3946869326e-09
256,1.3073081425845707,3450,4,pre,-1,3.0,1536,1.00382060691e-05,1.25369429921e-05,2.8138299961e-05,0.999977064065,1.0000281383,0,0,0,7.02616806976e-05,264,2.00000015736,2.00000015257,2.3946869326e-09
256,1.3073081425845707,3450,4,post,4,1.5,768,4.85881981237e-07,6.13100811875e-07,2.87051629222e-06,0.999997129484,1.00000056372,2.40386387562e-08,6.23960785123e-08,0,7.11577748014e-05,264,2.00000015736,2.00000015257,2.39808488093e-09
256,1.3073081425845707,3450,4,post,4,3.0,1536,1.99976698011e-06,2.90456650192e-06,7.82215371964e-06,0.999994960278,1.00000782215,6.96964429655e-08,2.42526294675e-07,0,7.11577748014e-05,264,2.00000015736,2.00000015257,2.39808488093e-09
256,1.3263263000268837,3500,4,pre,-1,1.5,768,5.50907246344e-06,6.72521842491e-06,1.33655472287e-05,0.999986634453,1.00000740979,0,0,0,5.48858496355e-05,264,2.00000015712,2.00000015258,2.27319212764e-09
256,1.3263263000268837,3500,4,pre,-1,3.0,1536,9.99103563574e-06,1.25109180504e-05,2.78553036712e-05,0.999976624269,1.0000278553,0,0,0,5.48858496355e-05,264,2.00000015712,2.00000015258,2.27319212764e-09
256,1.3263263000268837,3500,4,post,4,1.5,768,4.89606802626e-07,6.06069458834e-07,1.21300950162e-06,0.99999878699,1.00000058292,2.38049629331e-08,6.57144045048e-08,0,5.56670588558e-05,264,2.00000015714,2.00000015258,2.27840751092e-09
256,1.3263263000268837,3500,4,post,4,3.0,1536,1.97345533154e-06,2.86714445915e-06,7.60845713743e-06,0.999994786604,1.00000760846,6.8488258916e-08,2.36613097337e-07,0,5.56670588558e-05,264,2.00000015714,2.00000015258,2.27840751092e-09
256,1.3453444574691971,3550,4,pre,-1,1.5,768,5.39574761495e-06,6.58229376799e-06,1.32892863609e-05,0.999986710714,1.00000702105,0,0,0,3.8262283595e-05,264,2.00000015536,2.00000015259,1.38471290527e-09
256,1.3453444574691971,3550,4,pre,-1,3.0,1536,9.64845003148e-06,1.20489678982e-05,2.65572797133e-05,0.999977047851,1.00002655728,0,0,0,3.8262283595e-05,264,2.00000015536,2.00000015259,1.38471290527e-09
256,1.3453444574691971,3550,4,post,4,1.5,768,5.15526947558e-07,6.40729655178e-07,2.38508772499e-06,0.999997614912,1.00000062052,2.3557050829e-08,6.67646822688e-08,0,3.88773413821e-05,264,2.00000015537,2.00000015259,1.38900236262e-09
256,1.3453444574691971,3550,4,post,4,3.0,1536,1.91236677325e-06,2.74464625032e-06,7.14368812482e-06,0.999994795501,1.00000714369,6.56042502119e-08,2.22335729556e-07,0,3.88773413821e-05,264,2.00000015537,2.00000015259,1.38900236262e-09
256,1.36436261491151,3600,4,pre,-1,1.5,768,5.03916126178e-06,6.1789471955e-06,1.26959472453e-05,0.999987304053,1.00000645884,0,0,0,2.1234715084e-05,264,2.00000015777,2.00000015261,2.57921087013e-09
256,1.36436261491151,3600,4,pre,-1,3.0,1536,8.92261368303e-06,1.1155487809e-05,2.43558210953e-05,0.999978346578,1.00002435582,0,0,0,2.1234715084e-05,264,2.00000015777,2.00000015261,2.57921087013e-09
256,1.36436261491151,3600,4,post,4,1.5,768,4.97352545851e-07,6.04530593084e-07,2.23505883179e-06,0.999997764941,1.00000065162,2.2018812458e-08,6.50273768669e-08,0,2.16558613385e-05,264,2.00000015778,2.00000015261,2.58125101581e-09
256,1.36436261491151,3600,4,post,4,3.0,1536,1.76430885609e-06,2.52183698234e-06,6.46423879336e-06,0.999995017107,1.00000646424,6.00531939398e-08,2.00856238679e-07,0,2.16558613385e-05,264,2.00000015778,2.00000015261,2.58125101581e-09
256,1.3833807723538234,3650,4,pre,-1,1.5,768,4.4915832103e-06,5.54648645797e-06,1.15891415813e-05,0.999988410858,1.00000576974,0,0,0,5.01552228042e-06,264,2.00000015832,2.00000015264,2.83966894976e-09
256,1.3833807723538234,3650,4,pre,-1,3.0,1536,7.88908970928e-06,9.88720510263e-06,2.14099285529e-05,0.999980473447,1.00002140993,0,0,0,5.01552228042e-06,264,2.00000015832,2.00000015264,2.83966894976e-09
256,1.3833807723538234,3650,4,post,4,1.5,768,4.59312384518e-07,5.48232949654e-07,1.78087656877e-06,0.999998219123,1.00000066796,1.96757576103e-08,6.02216531677e-08,0,5.18669234339e-06,264,2.00000015831,2.00000015264,2.8392179772e-09
256,1.3833807723538234,3650,4,post,4,3.0,1536,1.55374207089e-06,2.21625351693e-06,5.62162184026e-06,0.99999546149,1.00000562162,5.24972481647e-08,1.73860721975e-07,0,5.18669234339e-06,264,2.00000015831,2.00000015264,2.8392179772e-09
256,1.4023989297961363,3700,4,pre,-1,1.5,768,3.75105648126e-06,4.68876060753e-06,9.95520668501e-06,0.999990044793,1.00000494465,0,0,0,1.61461945293e-05,264,2.00000015264,2.00000015266,-1.12823075597e-11
256,1.4023989297961363,3700,4,pre,-1,3.0,1536,6.58862775354e-06,8.29813129674e-06,1.78611730004e-05,0.999983371934,1.00001786117,0,0,0,1.61461945293e-05,264,2.00000015264,2.00000015266,-1.12823075597e-11
256,1.4023989297961363,3700,4,post,4,1.5,768,3.85517060925e-07,4.45601532081e-07,7.79518016913e-07,0.999999220482,1.00000064599,1.64007384208e-08,5.20249502593e-08,0,1.60732124871e-05,264,2.00000015263,2.00000015266,-1.41695533371e-11
256,1.4023989297961363,3700,4,post,4,3.0,1536,1.28476281474e-06,1.83862619388e-06,4.64875778161e-06,0.999996133023,1.00000464876,4.33525875679e-08,1.42565572864e-07,0,1.60732124871e-05,264,2.00000015263,2.00000015266,-1.41695533371e-11
256,1.4214170872384497,3750,4,pre,-1,1.5,768,2.81250724829e-06,3.59929917817e-06,8.02520856391e-06,0.999996677445,1.00000802521,0,0,0,2.9491736303e-05,260,2.00000015252,2.00000015268,-8.09297012017e-11
256,1.4214170872384497,3750,4,pre,-1,3.0,1536,5.08261199226e-06,6.44205706991e-06,1.35306066376e-05,0.999986533679,1.00001353061,0,0,0,2.9491736303e-05,260,2.00000015252,2.00000015268,-8.09297012017e-11
256,1.4214170872384497,3750,4,post,4,1.5,768,2.76588206346e-07,3.38079107346e-07,7.39742440858e-07,0.999999604842,1.00000073974,1.20850492105e-08,4.26738147874e-08,0,2.93468658786e-05,260,2.00000015253,2.00000015268,-7.93669513915e-11
256,1.4214170872384497,3750,4,post,4,3.0,1536,9.74838436742e-07,1.40554202411e-06,3.35296531673e-06,0.999996647035,1.00000318893,3.30684990769e-08,1.08604525668e-07,0,2.93468658786e-05,260,2.00000015253,2.00000015268,-7.93669513915e-11
256,1.4404352446807627,3800,4,pre,-1,1.5,768,1.83682220095e-06,2.35829174891e-06,5.31906903345e-06,0.999998037833,1.00000531907,0,0,0,4.14411558227e-05,260,2.00000015276,2.00000015271,2.42450485606e-11
256,1.4404352446807627,3800,4,pre,-1,3.0,1536,3.44974363202e-06,4.41005475258e-06,9.39128328459e-06,0.999990705766,1.00000939128,0,0,0,4.14411558227e-05,260,2.00000015276,2.00000015271,2.42450485606e-11
256,1.4404352446807627,3800,4,post,4,1.5,768,1.74117512915e-07,2.2240901238e-07,5.24854906425e-07,0.999999795159,1.00000052485,7.60724002425e-09,2.75810925765e-08,0,4.12984595476e-05,260,2.00000015275,2.00000015271,2.29061196951e-11
256,1.4404352446807627,3800,4,post,4,3.0,1536,6.4009784461e-07,9.27085238909e-07,2.17008116021e-06,0.999997829919,1.00000213312,2.17656982463e-08,7.27205246819e-08,0,4.12984595476e-05,260,2.00000015275,2.00000015271,2.29061196951e-11
256,1.4594534021230761,3850,4,pre,-1,1.5,768,8.71911167797e-07,1.15739214057e-06,2.77448587105e-06,0.999999330442,1.00000277449,0,0,0,5.18439301666e-05,260,2.00000015285,2.00000015273,5.79880543709e-11
256,1.4594534021230761,3850,4,pre,-1,3.0,1536,1.77172118453e-06,2.32658978337e-06,5.26600876882e-06,0.999995090211,1.00000526601,0,0,0,5.18439301666e-05,260,2.00000015285,2.00000015273,5.79880543709e-11
256,1.4594534021230761,3850,4,post,4,1.5,768,8.5330305634e-08,1.16766766417e-07,3.11254189977e-07,0.999999899981,1.00000031125,3.25136460173e-09,1.38307942234e-08,0,5.17684735923e-05,260,2.00000015284,2.00000015273,5.62874148717e-11
256,1.4594534021230761,3850,4,post,4,3.0,1536,3.03797368066e-07,4.43491592883e-07,1.13776896571e-06,0.999999051584,1.00000113777,1.01562747937e-08,3.82681939262e-08,0,5.17684735923e-05,260,2.00000015284,2.00000015273,5.62874148717e-11
256,1.478471559565389,3900,4,pre,-1,1.5,768,2.18170108084e-07,2.69286849308e-07,6.25424638079e-07,0.999999741423,1.00000062542,0,0,0,6.03294945797e-05,260,2.00000015288,2.00000015275,6.33582027304e-11
256,1.478471559565389,3900,4,pre,-1,3.0,1536,3.15465314938e-07,4.10142053989e-07,1.25646706373e-06,0.999999560374,1.00000125647,0,0,0,6.03294945797e-05,260,2.00000015288,2.00000015275,6.33582027304e-11
256,1.478471559565389,3900,4,post,4,1.5,768,4.09745478677e-08,4.90870034566e-08,1.06659613808e-07,0.99999993398,1.00000010666,1.11071207821e-09,2.42502306083e-09,0,6.0363799918e-05,260,2.00000015287,2.00000015275,5.87876369317e-11
256,1.478471559565389,3900,4,post,4,3.0,1536,8.49117443828e-08,1.16737449344e-07,3.48754778834e-07,0.999999867113,1.00000034875,2.09680344383e-09,6.93030965254e-09,0,6.0363799918e-05,260,2.00000015287,2.00000015275,5.87876369317e-11
256,1.4974897170077024,3950,4,pre,-1,1.5,768,9.37423530233e-07,1.13333387413e-06,1.85467767866e-06,0.999998145322,1.00000174192,0,0,0,6.65069619089e-05,260,2.00000015286,2.00000015276,4.72277736372e-11
256,1.4974897170077024,3950,4,pre,-1,3.0,1536,1.49015986189e-06,1.80727165165e-06,3.95722172786e-06,0.999997353604,1.00000395722,0,0,0,6.65069619089e-05,260,2.00000015286,2.00000015276,4.72277736372e-11
256,1.4974897170077024,3950,4,post,4,1.5,768,8.9990053199e-08,1.04054923657e-07,1.90308916181e-07,0.999999851774,1.00000019031,4.67396623013e-09,9.8074621098e-09,0,6.66696568773e-05,260,2.00000015285,2.00000015276,4.38271607725e-11
256,1.4974897170077024,3950,4,post,4,3.0,1536,3.53106912532e-07,5.18564370837e-07,1.51244748281e-06,0.999999298358,1.00000151245,1.21878930323e-08,4.22914981923e-08,0,6.66696568773e-05,260,2.00000015285,2.00000015276,4.38271607725e-11
256,1.5165078744500153,4000,4,pre,-1,1.5,768,1.72281890884e-06,2.08590159211e-06,3.82340090022e-06,0.999996176599,1.00000275353,0,0,0,7.02620343069e-05,260,2.00000015285,2.00000015277,3.63951063685e-11
256,1.5165078744500153,4000,4,pre,-1,3.0,1536,2.94220826945e-06,3.61963421391e-06,7.99938367946e-06,0.999993840042,1.00000799938,0,0,0,7.02620343069e-05,260,2.00000015285,2.00000015277,3.63951063685e-11
256,1.5165078744500153,4000,4,post,4,1.5,768,1.5742349813e-07,1.84526884378e-07,3.15172274057e-07,0.999999684828,1.00000026021,8.05636322551e-09,1.91718415379e-08,0,7.05551979721e-05,260,2.00000015284,2.00000015277,3.3899769289e-11
256,1.5165078744500153,4000,4,post,4,3.0,1536,6.32879004485e-07,9.21693097225e-07,2.5682989504e-06,0.999998533757,1.0000025683,2.21134976982e-08,7.62295121227e-08,0,7.05551979721e-05,260,2.00000015284,2.00000015277,3.3899769289e-11
256,1.5355260318923287,4050,4,pre,-1,1.5,768,2.41240878023e-06,2.92823070264e-06,5.55193335283e-06,0.999994448067,1.00000361721,0,0,0,7.13539703274e-05,260,2.00000015281,2.00000015278,1.68580692073e-11
256,1.5355260318923287,4050,4,pre,-1,3.0,1536,4.23061888021e-06,5.239085993e-06,1.16142411632e-05,0.999990714711,1.00001161424,0,0,0,7.13539703274e-05,260,2.00000015281,2.00000015278,1.68580692073e-11
256,1.5355260318923287,4050,4,post,4,1.5,768,2.163701319e-07,2.59265349849e-07,4.79512297757e-07,0.999999520488,1.00000031476,1.09808526165e-08,2.74155322662e-08,0,7.17598108684e-05,260,2.00000015281,2.00000015278,1.55602185907e-11
256,1.5355260318923287,4050,4,post,4,3.0,1536,8.80818606427e-07,1.28161279455e-06,3.50542190053e-06,0.999997857116,1.00000350542,3.078870823e-08,1.06007303127e-07,0,7.17598108684e-05,260,2.00000015281,2.00000015278,1.55602185907e-11
256,1.5545441893346417,4100,4,pre,-1,1.5,768,2.99235623405e-06,3.63842835283e-06,7.02410499287e-06,0.999992975895,1.0000043178,0,0,0,6.98562707378e-05,260,2.00000015277,2.00000015278,-4.42068570176e-12
256,1.5545441893346417,4100,4,pre,-1,3.0,1536,5.31485246099e-06,6.60434998785e-06,1.46442867184e-05,0.999988054567,1.00001464429,0,0,0,6.98562707378e-05,260,2.00000015277,2.00000015278,-4.42068570176e-12
256,1.5545441893346417,4100,4,post,4,1.5,768,2.66536003685e-07,3.24002117974e-07,6.22334161648e-07,0.999999377666,1.00000035832,1.34035939275e-08,3.4514036738e-08,0,7.03501248104e-05,260,2.00000015277,2.00000015278,-4.34474645267e-12
256,1.5545441893346417,4100,4,post,4,3.0,1536,1.08762161119e-06,1.58127097203e-06,4.27424483385e-06,0.999997276373,1.00000427424,3.79656704777e-08,1.3047467055e-07,0,7.03501248104e-05,260,2.00000015277,2.00000015278,-4.34474645267e-12
256,1.5735623467769551,4150,4,pre,-1,1.5,768,3.45003321864e-06,4.20227771773e-06,8.22136380274e-06,0.999991778636,1.00000483308,0,0,0,6.57197611677e-05,260,2.00000015271,2.00000015278,-3.10937918309e-11
256,1.5735623467769551,4150,4,pre,-1,3.0,1536,6.16438116617e-06,7.67542184937e-06,1.69883823962e-05,0.999985915602,1.00001698838,0,0,0,6.57197611677e-05,260,2.00000015271,2.00000015278,-3.10937918309e-11
256,1.5735623467769551,4150,4,post,4,1.5,768,3.07421618665e-07,3.76747844736e-07,7.41363155199e-07,0.999999258637,1.00000039314,1.52822025062e-08,4.05243433792e-08,0,6.62664559896e-05,260,2.00000015272,2.00000015278,-2.98094859341e-11
256,1.5735623467769551,4150,4,post,4,3.0,1536,1.2473285195e-06,1.81122589146e-06,4.84714001492e-06,0.999996798273,1.00000484714,4.3446984366e-08,1.48830414392e-07,0,6.62664559896e-05,260,2.00000015272,2.00000015278,-2.98094859341e-11
256,1.592580504219268,4200,4,pre,-1,1.5,768,3.7750153539e-06,4.60902142823e-06,9.12671463627e-06,0.999990873285,1.00000515569,0,0,0,5.83191416467e-05,264,2.00000015262,2.00000015277,-7.2317257765e-11
256,1.592580504219268,4200,4,pre,-1,3.0,1536,6.75757984708e-06,8.42640377647e-06,1.85859417103e-05,0.999984335392,1.00001858594,0,0,0,5.83191416467e-05,264,2.00000015262,2.00000015277,-7.2317257765e-11
256,1.592580504219268,4200,4,post,4,1.5,768,3.3861565443e-07,4.16072750947e-07,8.30568332777e-07,0.999999169432,1.00000042346,1.65844365601e-08,4.53092828204e-08,0,5.88661125138e-05,264,2.00000015263,2.00000015277,-7.01909587906e-11
256,1.592580504219268,4200,4,post,4,3.0,1536,1.35628625896e-06,1.96642028356e-06,5.20826069295e-06,0.999996432866,1.00000520826,4.71047429724e-08,1.60566949514e-07,0,5.88661125138e-05,264,2.00000015263,2.00000015277,-7.01909587906e-11
256,1.6115986616615814,4250,4,pre,-1,1.5,768,3.96003169805e-06,4.85070101492e-06,9.72604531868e-06,0.999990273955,1.00000529489,0,0,0,4.98727966371e-05,264,2.00000015249,2.00000015276,-1.32011724794e-10
256,1.6115986616615814,4250,4,pre,-1,3.0,1536,7.08288455486e-06,8.84414154425e-06,1.9422201309e-05,0.999983340205,1.0000194222,0,0,0,4.98727966371e-05,264,2.00000015249,2.00000015276,-1.32011724794e-10
256,1.6115986616615814,4250,4,post,4,1.5,768,3.59491019465e-07,4.40796160537e-07,8.87613777145e-07,0.999999112386,1.00000045141,1.72906958666e-08,4.87717688336e-08,0,5.03953301785e-05,264,2.0000001525,2.00000015276,-1.29449774338e-10
256,1.6115986616615814,4250,4,post,4,3.0,1536,1.41278664722e-06,2.04500824075e-06,5.36021482334e-06,0.99999618717,1.00000536021,4.88895059618e-08,1.65680714138e-07,0,5.03953301785e-05,264,2.0000001525,2.00000015276,-1.29449774338e-10
256,1.6306168191038943,4300,4,pre,-1,1.5,768,4.02092781159e-06,4.93287819248e-06,1.00070930138e-05,0.999989992907,1.0000052599,0,0,0,3.98570314059e-05,264,2.00000015695,2.00000015274,2.10435341957e-09
256,1.6306168191038943,4300,4,pre,-1,3.0,1536,7.15587771019e-06,8.93321472945e-06,1.95074506439e-05,0.999982948794,1.00001950745,0,0,0,3.98570314059e-05,264,2.00000015695,2.00000015274,2.10435341957e-09
256,1.6306168191038943,4300,4,post,4,1.5,768,3.82514288779e-07,4.72259704515e-07,1.90132094702e-06,0.999998098679,1.00000047565,1.76683574168e-08,5.0732296579e-08,0,4.03212805843e-05,264,2.00000015695,2.00000015274,2.10516143982e-09
256,1.6306168191038943,4300,4,post,4,3.0,1536,1.4295911302e-06,2.05334017103e-06,5.31234714929e-06,0.999996071097,1.00000531235,4.9103837838e-08,1.64398728224e-07,0,4.03212805843e-05,264,2.00000015695,2.00000015274,2.10516143982e-09
256,1.6496349765462077,4350,4,pre,-1,1.5,768,3.91632091713e-06,4.83063233994e-06,9.94389408082e-06,0.999990056106,1.00000506885,0,0,0,2.86406548367e-05,264,2.00000015735,2.00000015273,2.31433254873e-09
256,1.6496349765462077,4350,4,pre,-1,3.0,1536,6.9487478109e-06,8.69106739419e-06,1.88857637318e-05,0.999983165268,1.00001888576,0,0,0,2.86406548367e-05,264,2.00000015735,2.00000015273,2.31433254873e-09
256,1.6496349765462077,4350,4,post,4,1.5,768,3.74403566086e-07,4.55832375741e-07,1.73855089003e-06,0.999998261449,1.00000049473,1.70553108812e-08,5.09342171322e-08,0,2.90172212222e-05,264,2.00000015736,2.00000015273,2.31477308519e-09
256,1.6496349765462077,4350,4,post,4,3.0,1536,1.37684745821e-06,1.98071076332e-06,5.0836251444e-06,0.999996097433,1.00000508363,4.7138912574e-08,1.57263326382e-07,0,2.90172212222e-05,264,2.00000015736,2.00000015273,2.31477308519e-09
256,1.6686531339885207,4400,4,pre,-1,1.5,768,3.69873526875e-06,4.57130729071e-06,9.5107980459e-06,0.999990489202,1.00000473278,0,0,0,1.69995953585e-05,264,2.00000015568,2.00000015271,1.48463896498e-09
256,1.6686531339885207,4400,4,pre,-1,3.0,1536,6.51864182164e-06,8.15210098113e-06,1.7602011859e-05,0.999984005541,1.00001760201,0,0,0,1.69995953585e-05,264,2.00000015568,2.00000015271,1.48463896498e-09
256,1.6686531339885207,4400,4,post,4,1.5,768,3.66545634968e-07,4.4286886588e-07,1.65415530473e-06,0.999998345845,1.00000050617,1.62120367908e-08,4.92809546539e-08,0,1.7273834524e-05,264,2.00000015568,2.00000015271,1.483911991e-09
256,1.6686531339885207,4400,4,post,4,3.0,1536,1.29312532676e-06,1.8476689486e-06,4.68766658224e-06,0.999996266816,1.00000468767,4.39619741627e-08,1.44736914148e-07,0,1.7273834524e-05,264,2.00000015568,2.00000015271,1.483911991e-09
256,1.6876712914308341,4450,4,pre,-1,1.5,768,3.36986760106e-06,4.16207348602e-06,8.72471643099e-06,0.999991275284,1.00000427332,0,0,0,6.03016754532e-06,264,2.00000015407,2.00000015269,6.85593085474e-10
256,1.6876712914308341,4450,4,pre,-1,3.0,1536,5.87290679814e-06,7.34297459551e-06,1.57612452707e-05,0.999985420196,1.00001576125,0,0,0,6.03016754532e-06,264,2.00000015407,2.00000015269,6.85593085474e-10
256,1.6876712914308341,4450,4,post,4,1.5,768,3.55834125717e-07,4.35930688877e-07,1.67468490098e-06,0.999998325315,1.00000050139,1.49886190063e-08,4.55559995179e-08,0,6.18941821363e-06,264,2.00000015406,2.00000015269,6.84430460011e-10
256,1.6876712914308341,4450,4,post,4,3.0,1536,1.16505849345e-06,1.65412620477e-06,4.15701464562e-06,0.999996585937,1.00000415701,3.92669288524e-08,1.279129869e-07,0,6.18941821363e-06,264,2.00000015406,2.00000015269,6.84430460011e-10
256,1.706689448873147,4500,4,pre,-1,1.5,768,2.87887884643e-06,3.5770061011e-06,7.57910578397e-06,0.999992420894,1.00000369026,0,0,0,8.36117148666e-06,264,2.00000015402,2.00000015268,6.68604009964e-10
256,1.706689448873147,4500,4,pre,-1,3.0,1536,5.01540812865e-06,6.29142202358e-06,1.34462040413e-05,0.999987374881,1.0000134462,0,0,0,8.36117148666e-06,264,2.00000015402,2.00000015268,6.68604009964e-10
256,1.706689448873147,4500,4,post,4,1.5,768,3.05221228051e-07,3.61853203576e-07,1.05337459977e-06,0.999998946625,1.00000047219,1.27455219685e-08,3.97891080466e-08,0,8.28307996557e-06,264,2.00000015401,2.00000015268,6.66023629807e-10
256,1.706689448873147,4500,4,post,4,3.0,1536,9.86462539035e-07,1.40226918527e-06,3.50902025481e-06,0.999997044374,1.00000350902,3.31355664656e-08,1.07476584136e-07,0,8.28307996557e-06,264,2.00000015401,2.00000015268,6.66023629807e-10
256,1.7257076063154604,4550,4,pre,-1,1.5,768,2.22761391672e-06,2.85222399792e-06,6.30547906599e-06,0.999997262447,1.00000630548,0,0,0,1.78208757948e-05,260,2.00000015262,2.00000015267,-2.45354828821e-11
256,1.7257076063154604,4550,4,pre,-1,3.0,1536,3.9847664562e-06,5.04689259316e-06,1.05416192734e-05,0.999989458381,1.00001051707,0,0,0,1.78208757948e-05,260,2.00000015262,2.00000015267,-2.45354828821e-11
256,1.7257076063154604,4550,4,post,4,1.5,768,2.21033586739e-07,2.66986032377e-07,5.57901887799e-07,0.999999651553,1.0000005579,9.64981474866e-09,3.38056532021e-08,0,1.7745381699e-05,260,2.00000015262,2.00000015267,-2.26734169674e-11
256,1.7257076063154604,4550,4,post,4,3.0,1536,7.67894710715e-07,1.1084104515e-06,2.66283806438e-06,0.999997337162,1.00000250117,2.60441632235e-08,8.47347465978e-08,0,1.7745381699e-05,260,2.00000015262,2.00000015267,-2.26734169674e-11
256,1.7447257637577733,4600,4,pre,-1,1.5,768,1.55665556705e-06,1.99604757154e-06,4.45343538913e-06,0.999998183209,1.00000445344,0,0,0,2.64776964507e-05,260,2.00000015266,2.00000015265,1.99040768663e-12
256,1.7447257637577733,4600,4,pre,-1,3.0,1536,2.87127913696e-06,3.66045454889e-06,7.72741661226e-06,0.999992272583,1.00000770161,0,0,0,2.64776964507e-05,260,2.00000015266,2.00000015265,1.99040768663e-12
256,1.7447257637577733,4600,4,post,4,1.5,768,1.509878335e-07,1.85076528028e-07,4.13135955002e-07,0.999999789449,1.00000041314,6.59367052345e-09,2.34165412633e-08,0,2.6391820203e-05,260,2.00000015266,2.00000015265,1.92601475611e-12
256,1.7447257637577733,4600,4,post,4,3.0,1536,5.40890713711e-07,7.8238299369e-07,1.87104235672e-06,0.999998128958,1.0000017794,1.83775469223e-08,6.03220427532e-08,0,2.6391820203e-05,260,2.00000015266,2.00000015265,1.92601475611e-12
256,1.7637439212000867,4650,4,pre,-1,1.5,768,8.74554796808e-07,1.13699439664e-06,2.62221317904e-06,0.999999112331,1.00000262221,0,0,0,3.40038886068e-05,260,2.00000015267,2.00000015264,1.18745004759e-11
256,1.7637439212000867,4650,4,pre,-1,3.0,1536,1.70722678106e-06,2.21195517912e-06,4.81120987472e-06,0.999995276517,1.00000481121,0,0,0,3.40038886068e-05,260,2.00000015267,2.00000015264,1.18745004759e-11
256,1.7637439212000867,4650,4,post,4,1.5,768,8.16688741491e-08,1.05230492493e-07,2.61663238632e-07,0.999999905183,1.00000026166,3.51014563141e-09,1.33817354177e-08,0,3.39439543536e-05,260,2.00000015267,2.00000015264,1.11821654506e-11
256,1.7637439212000867,4650,4,post,4,3.0,1536,3.04554764596e-07,4.44126106131e-07,1.06158037139e-06,0.999998973813,1.00000106158,1.03602720374e-08,3.5853852564e-08,0,3.39439543536e-05,260,2.00000015267,2.00000015264,1.11821654506e-11
256,1.7827620786423997,4700,4,pre,-1,1.5,768,2.17380149966e-07,3.2860946929e-07,8.75481545926e-07,0.999999894564,1.00000087548,0,0,0,4.02052611088e-05,260,2.00000015271,2.00000015263,3.66882052272e-11
256,1.7827620786423997,4700,4,pre,-1,3.0,1536,5.47078155911e-07,7.75843303875e-07,1.94654759045e-06,0.999998355335,1.00000194655,0,0,0,4.02052611088e-05,260,2.00000015271,2.00000015263,3.66882052272e-11
256,1.7827620786423997,4700,4,post,4,1.5,768,2.74682394119e-08,3.83908964097e-08,1.16547094864e-07,0.999999968037,1.00000011655,7.19520483752e-10,4.02499799983e-09,0,4.01977229783e-05,260,2.00000015271,2.00000015263,3.66198154941e-11
256,1.7827620786423997,4700,4,post,4,3.0,1536,7.79582339011e-08,1.17986061372e-07,3.81785675518e-07,0.999999814102,1.00000038179,2.45388300103e-09,1.21250326654e-08,0,4.01977229783e-05,260,2.00000015271,2.00000015263,3.66198154941e-11
256,1.801780236084713,4750,4,pre,-1,1.5,768,4.33493100494e-07,5.1985411812e-07,8.36954034744e-07,0.999999170436,1.00000083695,0,0,0,4.48416961582e-05,260,2.00000015268,2.00000015263,2.44009238623e-11
256,1.801780236084713,4750,4,pre,-1,3.0,1536,6.12819462558e-07,7.28322809975e-07,1.50384227515e-06,0.999999059356,1.00000150384,0,0,0,4.48416961582e-05,260,2.00000015268,2.00000015263,2.44009238623e-11
256,1.801780236084713,4750,4,post,4,1.5,768,4.65923214777e-08,5.47028668239e-08,1.02346457975e-07,0.99999992104,1.00000010235,2.2453167339e-09,4.96985179226e-09,0,4.49006853364e-05,260,2.00000015267,2.00000015263,2.30677681561e-11
256,1.801780236084713,4750,4,post,4,3.0,1536,1.74677372293e-07,2.56001384014e-07,7.38197091454e-07,0.999999619034,1.0000007382,5.36608884946e-09,1.79261584604e-08,0,4.49006853364e-05,260,2.00000015267,2.00000015263,2.30677681561e-11
256,1.820798393527026,4800,4,pre,-1,1.5,768,1.01209268403e-06,1.22667994935e-06,2.31585018928e-06,0.99999768415,1.0000015741,0,0,0,4.77419057972e-05,260,2.00000015266,2.00000015262,1.98239187703e-11
256,1.820798393527026,4800,4,pre,-1,3.0,1536,1.64409121504e-06,2.00347052349e-06,4.28484663462e-06,0.999996543654,1.00000428485,0,0,0,4.77419057972e-05,260,2.00000015266,2.00000015262,1.98239187703e-11
256,1.820798393527026,4800,4,post,4,1.5,768,9.82182647832e-08,1.1463309393e-07,1.97120193057e-07,0.99999980288,1.00000016779,4.76947105294e-09,1.24741913327e-08,0,4.78716303806e-05,260,2.00000015266,2.00000015262,1.88224976785e-11
256,1.820798393527026,4800,4,post,4,3.0,1536,3.63179135415e-07,5.22765851181e-07,1.41348622162e-06,0.999999098021,1.00000141349,1.24899423109e-08,4.16164636016e-08,0,4.78716303806e-05,260,2.00000015266,2.00000015262,1.88224976785e-11
256,1.8398165509693394,4850,4,pre,-1,1.5,768,1.5277096092e-06,1.86292414303e-06,3.64249341633e-06,0.999996357507,1.00000221418,0,0,0,4.88762973983e-05,260,2.00000015265,2.00000015262,1.39301892716e-11
256,1.8398165509693394,4850,4,pre,-1,3.0,1536,2.58484378501e-06,3.18339763585e-06,6.86813752937e-06,0.999994223004,1.00000686814,0,0,0,4.88762973983e-05,260,2.00000015265,2.00000015262,1.39301892716e-11
256,1.8398165509693394,4850,4,post,4,1.5,768,1.44682032976e-07,1.71600247472e-07,3.19624038791e-07,0.999999680376,1.00000022027,6.98082236751e-09,1.90718892103e-08,0,4.90721488021e-05,260,2.00000015265,2.00000015262,1.3401279063e-11
256,1.8398165509693394,4850,4,post,4,3.0,1536,5.45317674154e-07,7.85911693781e-07,2.08419308434e-06,0.999998579229,1.00000208419,1.88214656143e-08,6.28093920103e-08,0,4.90721488021e-05,260,2.00000015265,2.00000015262,1.3401279063e-11
256,1.8588347084116523,4900,4,pre,-1,1.5,768,1.96631918384e-06,2.40563147773e-06,4.77846500002e-06,0.999995221535,1.00000274216,0,0,0,4.81633732697e-05,260,2.00000015263,2.00000015262,5.51914027885e-12
256,1.8588347084116523,4900,4,pre,-1,3.0,1536,3.3900645003e-06,4.19686084068e-06,9.08469790395e-06,0.999992220216,1.0000090847,0,0,0,4.81633732697e-05,260,2.00000015263,2.00000015262,5.51914027885e-12
256,1.8588347084116523,4900,4,post,4,1.5,768,1.84270857969e-07,2.20943726783e-07,4.25667970982e-07,0.999999574332,1.00000026274,8.83971937318e-09,2.47319921695e-08,0,4.84126821791e-05,260,2.00000015263,2.00000015262,5.5404565593e-12
256,1.8588347084116523,4900,4,post,4,3.0,1536,7.0016721851e-07,1.00991314358e-06,2.64931843863e-06,0.999998132133,1.00000264932,2.41683630516e-08,8.06656322641e-08,0,4.84126821791e-05,260,2.00000015263,2.00000015262,5.5404565593e-12
256,1.8778528658539657,4950,4,pre,-1,1.5,768,2.31783956834e-06,2.84268879305e-06,5.70740239003e-06,0.999994292598,1.00000315485,0,0,0,4.56792584084e-05,260,2.00000015261,2.00000015262,-6.97997162318e-12
256,1.8778528658539657,4950,4,pre,-1,3.0,1536,4.03655265275e-06,5.01266682777e-06,1.08603823346e-05,0.999990584173,1.00001086038,0,0,0,4.56792584084e-05,260,2.00000015261,2.00000015262,-6.97997162318e-12
256,1.8778528658539657,4950,4,post,4,1.5,768,2.16526981943e-07,2.61259654129e-07,5.14542610075e-07,0.999999485457,1.00000029713,1.0310398902e-08,2.95017882172e-08,0,4.59625268448e-05,260,2.00000015261,2.00000015262,-6.44040327438e-12
256,1.8778528658539657,4950,4,post,4,3.0,1536,8.23068568001e-07,1.18733310568e-06,3.09034570978e-06,0.999997762266,1.00000309035,2.83820450535e-08,9.47061294283e-08,0,4.59625268448e-05,260,2.00000015261,2.00000015262,-6.44040327438e-12
256,1.8968710232962787,5000,4,pre,-1,1.5,768,2.57425278335e-06,3.16519210406e-06,6.41242434707e-06,0.999993587576,1.00000343804,0,0,0,4.1580083885e-05,260,2.00000015255,2.00000015262,-3.39908075726e-11
256,1.8968710232962787,5000,4,pre,-1,3.0,1536,4.5074365314e-06,5.60977332986e-06,1.21417228773e-05,0.99998935021,1.00001214172,0,0,0,4.1580083885e-05,260,2.00000015255,2.00000015262,-3.39908075726e-11
256,1.8968710232962787,5000,4,post,4,1.5,768,2.40993173423e-07,2.91571668166e-07,5.81252059817e-07,0.999999418748,1.00000032483,1.13651829897e-08,3.32090996195e-08,0,4.1877724182e-05,260,2.00000015256,2.00000015262,-3.30937474372e-11
256,1.8968710232962787,5000,4,post,4,3.0,1536,9.1095309658e-07,1.31374067232e-06,3.393215112e-06,0.99999748052,1.00000339322,3.13580831977e-08,1.0442556455e-07,0,4.1877724182e-05,260,2.00000015256,2.00000015262,-3.30937474372e-11
256,1.915889180738592,5050,4,pre,-1,1.5,768,2.73015463364e-06,3.3669827143e-06,6.88859787912e-06,0.999993111402,1.00000359269,0,0,0,3.6029014532e-05,260,2.00000015246,2.00000015263,-8.14588334572e-11
256,1.915889180738592,5050,4,pre,-1,3.0,1536,4.79275795071e-06,5.97612571558e-06,1.29088797445e-05,0.999988536779,1.00001290888,0,0,0,3.6029014532e-05,260,2.00000015246,2.00000015263,-8.14588334572e-11
256,1.915889180738592,5050,4,post,4,1.5,768,2.57170502085e-07,3.11114562576e-07,6.24133831284e-07,0.999999375866,1.00000034764,1.19871868424e-08,3.57972665069e-08,0,3.63195700242e-05,260,2.00000015247,2.00000015263,-8.04365401741e-11
256,1.915889180738592,5050,4,post,4,3.0,1536,9.62122487591e-07,1.38694917931e-06,3.55593832024e-06,0.999997291551,1.00000355594,3.30435732508e-08,1.09715124132e-07,0,3.63195700242e-05,260,2.00000015247,2.00000015263,-8.04365401741e-11
256,1.934907338180905,5100,4,pre,-1,1.5,768,2.7840294336e-06,3.44525852459e-06,7.11843273693e-06,0.999992881567,1.00000362258,0,0,0,2.89268122509e-05,264,2.00000015507,2.00000015263,1.21678169358e-09
256,1.934907338180905,5100,4,pre,-1,3.0,1536,4.89099367455e-06,6.10862481437e-06,1.31605491609e-05,0.999988158648,1.00001316055,0,0,0,2.89268122509e-05,264,2.00000015507,2.00000015263,1.21678169358e-09
256,1.934907338180905,5100,4,post,4,1.5,768,2.65517594584e-07,3.19685315095e-07,6.41477734376e-07,0.999999358522,1.00000036519,1.21739137911e-08,3.71785574549e-08,0,2.91866968827e-05,264,2.00000015507,2.00000015263,1.2165776346e-09
256,1.934907338180905,5100,4,post,4,3.0,1536,9.7670991886e-07,1.40681560437e-06,3.5811080783e-06,0.999997198022,1.00000358111,3.34373796348e-08,1.10634005124e-07,0,2.91866968827e-05,264,2.00000015507,2.00000015263,1.2165776346e-09
256,1.9539254956232184,5150,4,pre,-1,1.5,768,2.74438963244e-06,3.40370344757e-06,7.09511662866e-06,0.999992904883,1.00000353619,0,0,0,2.15312169468e-05,264,2.00000015631,2.00000015264,1.83430123746e-09
256,1.9539254956232184,5150,4,pre,-1,3.0,1536,4.81197109217e-06,6.0141096679e-06,1.29145054806e-05,0.999988221845,1.00001291451,0,0,0,2.15312169468e-05,264,2.00000015631,2.00000015264,1.83430123746e-09
256,1.9539254956232184,5150,4,post,4,1.5,768,2.69468821362e-07,3.26045132291e-07,1.41665474773e-06,0.999998583345,1.00000037645,1.20620327677e-08,3.72702950845e-08,0,2.17482255083e-05,264,2.00000015631,2.00000015264,1.83327872213e-09
256,1.9539254956232184,5150,4,post,4,3.0,1536,9.60052561539e-07,1.37694772806e-06,3.4758612506e-06,0.999997204654,1.00000347586,3.27155139603e-08,1.07418465362e-07,0,2.17482255083e-05,264,2.00000015631,2.00000015264,1.83327872213e-09
256,1.9729436530655313,5200,4,pre,-1,1.5,768,2.6156788072e-06,3.24636183081e-06,6.82063624902e-06,0.999993179364,1.00000333656,0,0,0,1.36364676929e-05,264,2.00000015732,2.00000015265,2.33236989683e-09
256,1.9729436530655313,5200,4,pre,-1,3.0,1536,4.56556324945e-06,5.7042355365e-06,1.22128043893e-05,0.999988710471,1.0000122128,0,0,0,1.36364676929e-05,264,2.00000015732,2.00000015265,2.33236989683e-09
256,1.9729436530655313,5200,4,post,4,1.5,768,2.66470773277e-07,3.28528600132e-07,1.42753889332e-06,0.999998572461,1.00000037728,1.15787924307e-08,3.68477500482e-08,0,1.38018481125e-05,264,2.00000015731,2.00000015265,2.33201151687e-09
256,1.9729436530655313,5200,4,post,4,3.0,1536,9.10014718222e-07,1.29894893813e-06,3.25411441526e-06,0.999997313121,1.00000325411,3.08481149543e-08,1.00512669531e-07,0,1.38018481125e-05,264,2.00000015731,2.00000015265,2.33201151687e-09
256,1.9919618105078447,5250,4,pre,-1,1.5,768,2.39293184182e-06,2.9715319936e-06,6.27430353728e-06,0.999993725696,1.00000303764,0,0,0,5.86242427969e-06,264,2.00000015905,2.00000015266,3.19634183592e-09
256,1.9919618105078447,5250,4,pre,-1,3.0,1536,4.1539474244e-06,5.19477443315e-06,1.10743985817e-05,0.99998963143,1.0000110744,0,0,0,5.86242427969e-06,264,2.00000015905,2.00000015266,3.19634183592e-09
256,1.9919618105078447,5250,4,post,4,1.5,768,2.49880937526e-07,3.10596702513e-07,1.33173174444e-06,0.999998668268,1.00000036515,1.06080888486e-08,3.54261721659e-08,0,5.97152280502e-06,264,2.00000015905,2.00000015266,3.19552782047e-09
256,1.9919618105078447,5250,4,post,4,3.0,1536,8.24788162292e-07,1.17489291874e-06,2.92309797256e-06,0.999997532543,1.0000029231,2.78007438995e-08,9.00595313012e-08,0,5.97152280502e-06,264,2.00000015905,2.00000015266,3.19552782047e-09
256,2.0109799679501581,5300,4,pre,-1,1.5,768,2.08190838578e-06,2.58785244667e-06,5.5039097161e-06,0.99999449609,1.00000264594,0,0,0,3.70394258179e-06,264,2.00000015191,2.00000015267,-3.81879387826e-10
256,2.0109799679501581,5300,4,pre,-1,3.0,1536,3.60522987547e-06,4.51394608681e-06,9.6023820304e-06,0.999990907237,1.00000960238,0,0,0,3.70394258179e-06,264,2.00000015191,2.00000015267,-3.81879387826e-10
256,2.0109799679501581,5300,4,post,4,1.5,768,2.23432508611e-07,2.75644958416e-07,1.25973842802e-06,0.999998740262,1.00000033751,9.27528702406e-09,3.34783392666e-08,0,3.64279129818e-06,264,2.0000001519,2.00000015267,-3.83414160018e-10
256,2.0109799679501581,5300,4,post,4,3.0,1536,7.13280547787e-07,1.01248153727e-06,2.50940859448e-06,0.999997843094,1.00000250941,2.39125324739e-08,7.71033541007e-08,0,3.64279129818e-06,264,2.0000001519,2.00000015267,-3.83414160018e-10
256,2.029998125392471,5350,4,pre,-1,1.5,768,1.64251119891e-06,2.09903636097e-06,4.625346959e-06,0.999997945548,1.00000462535,0,0,0,1.0384529259e-05,260,2.00000015277,2.00000015268,4.42517100265e-11
256,2.029998125392471,5350,4,pre,-1,3.0,1536,2.91364296626e-06,3.68551492032e-06,7.71549583067e-06,0.999992284504,1.00000764697,0,0,0,1.0384529259e-05,260,2.00000015277,2.00000015268,4.42517100265e-11
256,2.029998125392471,5350,4,post,4,1.5,768,1.64580662339e-07,1.96670385953e-07,3.95915290108e-07,0.999999731786,1.00000039592,7.15804674244e-09,2.46987861205e-08,0,1.03449357489e-05,260,2.00000015277,2.00000015268,4.58975045125e-11
256,2.029998125392471,5350,4,post,4,3.0,1536,5.63782935915e-07,8.13379346231e-07,1.97186173767e-06,0.999998028138,1.00000181872,1.91123224805e-08,6.21620581953e-08,0,1.03449357489e-05,260,2.00000015277,2.00000015268,4.58975045125e-11
256,2.0490162828347844,5400,4,pre,-1,1.5,768,1.18850994038e-06,1.52244789283e-06,3.36409791668e-06,0.999998550591,1.0000033641,0,0,0,1.66300435257e-05,260,2.00000015272,2.00000015269,1.23407941103e-11
256,2.0490162828347844,5400,4,pre,-1,3.0,1536,2.16325257807e-06,2.75235404835e-06,5.81933911636e-06,0.999994180661,1.00000574364,0,0,0,1.66300435257e-05,260,2.00000015272,2.00000015269,1.23407941103e-11
256,2.0490162828347844,5400,4,post,4,1.5,768,1.16788895512e-07,1.40923637903e-07,2.95253592464e-07,0.999999819215,1.00000029525,5.09211568288e-09,1.77194048566e-08,0,1.65823023569e-05,260,2.00000015272,2.00000015269,1.33417711129e-11
256,2.0490162828347844,5400,4,post,4,3.0,1536,4.11012785775e-07,5.94395222883e-07,1.44074275166e-06,0.999998559257,1.00000133127,1.39550786236e-08,4.55117968e-08,0,1.65823023569e-05,260,2.00000015272,2.00000015269,1.33417711129e-11
256,2.0680344402770974,5450,4,pre,-1,1.5,768,7.15960801133e-07,9.25443262691e-07,2.08934600376e-06,0.999999187163,1.00000208935,0,0,0,2.21200662946e-05,260,2.00000015272,2.0000001527,5.75317527434e-12
256,2.0680344402770974,5450,4,pre,-1,3.0,1536,1.36525973826e-06,1.75918502523e-06,3.76647097089e-06,0.999996233529,1.00000375493,0,0,0,2.21200662946e-05,260,2.00000015272,2.0000001527,5.75317527434e-12
256,2.0680344402770974,5450,4,post,4,1.5,768,6.82942141522e-08,8.40728605092e-08,1.87893087089e-07,0.999999906747,1.00000018789,2.96119740357e-09,1.05870881541e-08,0,2.20829285533e-05,260,2.00000015272,2.0000001527,5.78981263136e-12
256,2.0680344402770974,5450,4,post,4,3.0,1536,2.48842640568e-07,3.61884222677e-07,8.72502645022e-07,0.999999127497,1.00000082465,8.46943158396e-09,2.85451811494e-08,0,2.20829285533e-05,260,2.00000015272,2.0000001527,5.78981263136e-12
256,2.0870525977194108,5500,4,pre,-1,1.5,768,2.47323747733e-07,3.40109227604e-07,8.39523846219e-07,0.999999806994,1.00000083952,0,0,0,2.66853064017e-05,260,2.00000015274,2.00000015271,1.32356337997e-11
256,2.0870525977194108,5500,4,pre,-1,3.0,1536,5.5565812212e-07,7.53773163585e-07,1.74814491016e-06,0.999998351659,1.00000174814,0,0,0,2.66853064017e-05,260,2.00000015274,2.00000015271,1.32356337997e-11
256,2.0870525977194108,5500,4,post,4,1.5,768,2.24886111469e-08,3.09551314318e-08,8.35494682327e-08,0.999999974924,1.00000008355,8.66910548646e-10,3.81666743696e-09,0,2.66733459127e-05,260,2.00000015274,2.00000015271,1.35231815412e-11
256,2.0870525977194108,5500,4,post,4,3.0,1536,8.6535575998e-08,1.29321894459e-07,3.38511237929e-07,0.99999970931,1.00000033851,2.92150996937e-09,1.16792231511e-08,0,2.66733459127e-05,260,2.00000015274,2.00000015271,1.35231815412e-11
256,2.1060707551617237,5550,4,pre,-1,1.5,768,2.13564494345e-07,2.5422667803e-07,4.18718847595e-07,0.9999995921,1.00000041872,0,0,0,3.01833732143e-05,260,2.00000015275,2.00000015272,1.61866063738e-11
256,2.1060707551617237,5550,4,pre,-1,3.0,1536,2.55869519028e-07,2.99880502922e-07,5.90310783366e-07,0.9999995921,1.00000059031,0,0,0,3.01833732143e-05,260,2.00000015275,2.00000015272,1.61866063738e-11
256,2.1060707551617237,5550,4,post,4,1.5,768,2.75806830148e-08,3.32264715558e-08,5.56990712441e-08,0.999999944301,1.00000005339,1.13507339614e-09,2.74704925994e-09,0,3.02061911924e-05,260,2.00000015275,2.00000015272,1.61746159661e-11
256,2.1060707551617237,5550,4,post,4,3.0,1536,8.85637349796e-08,1.25995566082e-07,3.54458068674e-07,0.99999980499,1.00000035446,2.49457316815e-09,7.9191233085e-09,0,3.02061911924e-05,260,2.00000015275,2.00000015272,1.61746159661e-11
256,2.1250889126040371,5600,4,pre,-1,1.5,768,6.30481073036e-07,7.66891978774e-07,1.49270298944e-06,0.999998507297,1.00000095327,0,0,0,3.24764201629e-05,260,2.00000015275,2.00000015273,1.14368505925e-11
256,2.1250889126040371,5600,4,pre,-1,3.0,1536,9.91662573019e-07,1.20161021086e-06,2.49862123947e-06,0.99999788625,1.00000249862,0,0,0,3.24764201629e-05,260,2.00000015275,2.00000015273,1.14368505925e-11
256,2.1250889126040371,5600,4,post,4,1.5,768,6.36970551537e-08,7.46906627104e-08,1.33050657158e-07,0.999999866949,1.0000001093,2.97791746589e-09,8.46508762045e-09,0,3.25373934197e-05,260,2.00000015275,2.00000015273,1.10604850159e-11
256,2.1250889126040371,5600,4,post,4,3.0,1536,2.23772656451e-07,3.1993921821e-07,8.39977860156e-07,0.999999406905,1.00000083998,7.5642965527e-09,2.44649532612e-08,0,3.25373934197e-05,260,2.00000015275,2.00000015273,1.10604850159e-11
256,2.14410707004635,5650,4,pre,-1,1.5,768,1.00912454269e-06,1.23791117456e-06,2.48543616987e-06,0.999997514564,1.00000142521,0,0,0,3.35298943905e-05,260,2.00000015274,2.00000015273,7.79776184028e-12
256,2.14410707004635,5650,4,pre,-1,3.0,1536,1.66961851544e-06,2.05069287206e-06,4.32946068551e-06,0.999996198822,1.00000432946,0,0,0,3.35298943905e-05,260,2.00000015274,2.00000015273,7.79776184028e-12
256,2.14410707004635,5650,4,post,4,1.5,768,9.9205053112e-08,1.17580091375e-07,2.22214545764e-07,0.999999777785,1.00000015584,4.61649959559e-09,1.35406519036e-08,0,3.36278612666e-05,260,2.00000015274,2.00000015273,7.49222848724e-12
256,2.14410707004635,5650,4,post,4,3.0,1536,3.5513752132e-07,5.08903078099e-07,1.31382255475e-06,0.9999990214,1.00000131382,1.2133839211e-08,3.94902483214e-08,0,3.36278612666e-05,260,2.00000015274,2.00000015273,7.49222848724e-12
256,2.1631252274886634,5700,4,pre,-1,1.5,768,1.33542058782e-06,1.64465609599e-06,3.3424249275e-06,0.999996657575,1.00000182333,0,0,0,3.33387401477e-05,260,2.00000015274,2.00000015273,2.85194068787e-12
256,2.1631252274886634,5700,4,pre,-1,3.0,1536,2.25955415169e-06,2.79282242179e-06,5.93362380852e-06,0.999994718833,1.00000593362,0,0,0,3.33387401477e-05,260,2.00000015274,2.00000015273,2.85194068787e-12
256,2.1631252274886634,5700,4,post,4,1.5,768,1.29692036518e-07,1.54816025401e-07,2.9948748892e-07,0.999999700513,1.00000019407,6.01443296952e-09,1.78935758034e-08,0,3.34681676973e-05,260,2.00000015274,2.00000015273,2.65099033576e-12
256,2.1631252274886634,5700,4,post,4,3.0,1536,4.69402599908e-07,6.73926144285e-07,1.72644967167e-06,0.999998686015,1.00000172645,1.60602905381e-08,5.24267393318e-08,0,3.34681676973e-05,260,2.00000015274,2.00000015273,2.65099033576e-12
256,2.1821433849309764,5750,4,pre,-1,1.5,768,1.60127973451e-06,1.97723639474e-06,4.05090964817e-06,0.99999594909,1.00000214465,0,0,0,3.19115409944e-05,260,2.00000015272,2.00000015273,-4.17865710098e-12
256,2.1821433849309764,5750,4,pre,-1,3.0,1536,2.7430580781e-06,3.40292481517e-06,7.25104282195e-06,0.999993491038,1.00000725104,0,0,0,3.19115409944e-05,260,2.00000015272,2.00000015273,-4.17865710098e-12
256,2.1821433849309764,5750,4,post,4,1.5,768,1.54681597446e-07,1.85432210397e-07,3.6483287702e-07,0.999999635167,1.00000022565,7.14183705853e-09,2.15305527417e-08,0,3.20633725217e-05,260,2.00000015272,2.00000015273,-4.25970337559e-12
256,2.1821433849309764,5750,4,post,4,3.0,1536,5.62092327391e-07,8.07783843544e-07,2.05977174894e-06,0.999998404831,1.00000205977,1.92318172775e-08,6.28702568374e-08,0,3.20633725217e-05,260,2.00000015272,2.00000015273,-4.25970337559e-12
256,2.2011615423732898,5800,4,pre,-1,1.5,768,1.80034508014e-06,2.22831439598e-06,4.59419832477e-06,0.999995405802,1.00000237887,0,0,0,2.93372209438e-05,260,2.00000015268,2.00000015273,-2.40349943801e-11
256,2.2011615423732898,5800,4,pre,-1,3.0,1536,3.10706411281e-06,3.86442641078e-06,8.24347593453e-06,0.999992543865,1.00000824348,0,0,0,2.93372209438e-05,260,2.00000015268,2.00000015273,-2.40349943801e-11
256,2.2011615423732898,5800,4,post,4,1.5,768,1.73746672151e-07,2.08718621569e-07,4.14430746498e-07,0.999999585569,1.00000025108,7.97532501559e-09,2.43518339556e-08,0,2.95003611835e-05,260,2.00000015268,2.00000015273,-2.40152324118e-11
256,2.2011615423732898,5800,4,post,4,3.0,1536,6.30748541766e-07,9.06883157992e-07,2.30309380211e-06,0.999998188763,1.00000230309,2.15657925771e-08,7.05189900883e-08,0,2.95003611835e-05,260,2.00000015268,2.00000015273,-2.40152324118e-11
256,2.2201796998156027,5850,4,pre,-1,1.5,768,1.92836449182e-06,2.39289084244e-06,4.96670319039e-06,0.999995033297,1.00000252273,0,0,0,2.57518075064e-05,260,2.0000001526,2.00000015272,-6.30639936521e-11
256,2.2201796998156027,5850,4,pre,-1,3.0,1536,3.34328221927e-06,4.16699758307e-06,8.88835049162e-06,0.999991897842,1.00000888835,0,0,0,2.57518075064e-05,260,2.0000001526,2.00000015272,-6.30639936521e-11
256,2.2201796998156027,5850,4,post,4,1.5,768,1.86519834532e-07,2.24144635802e-07,4.46786563746e-07,0.999999553213,1.00000027029,8.50007964243e-09,2.6301151897e-08,0,2.59145420448e-05,260,2.0000001526,2.00000015272,-6.30033754796e-11
256,2.2201796998156027,5850,4,post,4,3.0,1536,6.73897453422e-07,9.69180001449e-07,2.45118264286e-06,0.999998041727,1.00000245118,2.30139863782e-08,7.51942998492e-08,0,2.59145420448e-05,260,2.0000001526,2.00000015272,-6.30033754796e-11
256,2.2391978572579161,5900,4,pre,-1,1.5,768,2.01071627236e-06,2.48664792043e-06,5.15959766301e-06,0.999994840402,1.00000257671,0,0,0,2.152521226e-05,262,2.00000015792,2.00000015272,2.60085888506e-09
256,2.2391978572579161,5900,4,pre,-1,3.0,1536,3.46682299967e-06,4.31302867034e-06,9.17924904931e-06,0.999991560027,1.00000917925,0,0,0,2.152521226e-05,262,2.00000015792,2.00000015272,2.60085888506e-09
256,2.2391978572579161,5900,4,post,4,1.5,768,2.05160780469e-07,2.63244119975e-07,1.58738635581e-06,0.999998412614,1.00000028299,8.9701167784e-09,4.08109941605e-08,0,2.16750512277e-05,262,2.00000015792,2.00000015272,2.6008078148e-09
256,2.2391978572579161,5900,4,post,4,3.0,1536,7.00069282484e-07,9.99094631725e-07,2.50398405699e-06,0.999997966508,1.00000250398,2.37332810293e-08,7.6882615066e-08,0,2.16750512277e-05,262,2.00000015792,2.00000015272,2.6008078148e-09
256,2.2426211255975321,5909,4,pre,-1,1.5,768,1.8989977182e-06,2.35729268244e-06,4.96885665646e-06,0.999995031143,1.00000231226,0,0,0,2.39492908434e-05,264,2.00000015621,2.00000015272,1.74873124839e-09
256,2.2426211255975321,5909,4,pre,-1,3.0,1536,3.45682451292e-06,4.34880923225e-06,9.35653859879e-06,0.999991376548,1.00000935654,0,0,0,2.39492908434e-05,264,2.00000015621,2.00000015272,1.74873124839e-09
256,2.2426211255975321,5909,4,post,4,1.5,768,1.59707007499e-07,2.09713766236e-07,4.60129616298e-07,0.99999953987,1.00000018146,7.30492269729e-09,2.45407975521e-08,0,2.40770630462e-05,264,2.00000015621,2.00000015272,1.74806689099e-09
256,2.2426211255975321,5909,4,post,4,3.0,1536,6.47427096644e-07,9.55036802156e-07,2.43866158778e-06,0.999998049648,1.00000243866,2.2779258411e-08,7.80881184437e-08,0,2.40770630462e-05,264,2.00000015621,2.00000015272,1.74806689099e-09
