0 0 0
6.2129e-07 0.0027307 0
1.24258e-06 0.00235332 8.18471e-05
1.86387e-06 0.00195399 6.43778e-05
2.48516e-06 0.00164192 0.266145
3.10645e-06 0.00144793 0.266146
3.72774e-06 0.00134106 3.59462e-05
4.34903e-06 0.00124017 0.217645
4.97032e-06 0.00112746 3.10415e-05
5.59161e-06 0.000963519 0.266147
6.2129e-06 0.000954545 2.49635e-05
6.83419e-06 0.000909381 2.45908e-05
7.45548e-06 0.000839492 2.34484e-05
8.07677e-06 0.000749305 2.16459e-05
8.69806e-06 0.000707057 1.93339e-05
9.31935e-06 0.000668722 1.78963e-05
9.94064e-06 0.000624698 1.63464e-05
1.05619e-05 0.000575981 1.47135e-05
1.11832e-05 0.000523627 1.31909e-05
1.18045e-05 0.000468753 1.21857e-05
1.24258e-05 0.000412421 1.10718e-05
1.30471e-05 0.000364554 9.8785e-06
1.36684e-05 0.000357934 9.62566e-06
1.42897e-05 0.000347003 9.455e-06
1.4911e-05 0.000332037 9.17314e-06
1.55323e-05 0.000326828 8.78725e-06
1.61535e-05 0.000320746 8.63811e-06
1.67748e-05 0.00031116 8.48237e-06
1.73961e-05 0.00029826 8.2363e-06
1.80174e-05 0.000282321 7.90481e-06
1.86387e-05 0.000276207 7.49494e-06
1.926e-05 0.000267772 7.32258e-06
1.98813e-05 0.000257521 7.09897e-06
2.05026e-05 0.000249789 6.80319e-06
2.11239e-05 0.000239562 6.45339e-06
2.17452e-05 0.000227474 6.22669e-06
2.23664e-05 0.000214096 5.94929e-06
2.29877e-05 0.000204246 5.63511e-06
2.3609e-05 0.00019527 5.29634e-06
2.42303e-05 0.000184981 4.94337e-06
2.48516e-05 0.000173705 4.64728e-06
2.54729e-05 0.000161751 4.42946e-06
2.60942e-05 0.000149413 4.17575e-06
2.67155e-05 0.000136961 3.88634e-06
2.73368e-05 0.000124755 3.56203e-06
2.79581e-05 0.00012199 3.29679e-06
2.85794e-05 0.000121053 3.19016e-06
2.92006e-05 0.000118703 3.17285e-06
2.98219e-05 0.000116994 3.14332e-06
3.04432e-05 0.00012123 3.07837e-06
3.10645e-05 0.000123414 3.16115e-06
3.16858e-05 0.000123685 3.22077e-06
3.23071e-05 0.000122207 3.23037e-06
3.29284e-05 0.000119164 3.19418e-06
3.35497e-05 0.000115505 3.11682e-06
3.4171e-05 0.000116269 3.1077e-06
3.47923e-05 0.000116479 3.12976e-06
3.54135e-05 0.000116548 3.1331e-06
3.60348e-05 0.000118204 3.11794e-06
3.66561e-05 0.000131281 3.16193e-06
3.72774e-05 0.000142906 3.51094e-06
3.78987e-05 0.00015297 3.82079e-06
3.852e-05 0.000161395 4.08872e-06
3.91413e-05 0.000168129 4.31268e-06
3.97626e-05 0.000173149 4.49139e-06
4.03839e-05 0.00017646 4.6243e-06
4.10052e-05 0.000178093 4.71162e-06
4.16264e-05 0.000178104 4.75425e-06
4.22477e-05 0.000176575 4.75377e-06
4.2869e-05 0.000173605 4.71237e-06
4.34903e-05 0.000169312 4.63277e-06
4.41116e-05 0.00016383 4.51817e-06
4.47329e-05 0.000157301 4.37212e-06
4.53542e-05 0.00014988 4.1985e-06
4.59755e-05 0.000141722 4.00136e-06
4.65968e-05 0.000132985 3.78489e-06
4.72181e-05 0.000123827 3.55327e-06
4.78393e-05 0.0001144 3.31068e-06
4.84606e-05 0.000104848 3.06113e-06
4.90819e-05 9.53088e-05 2.80846e-06
4.97032e-05 8.80566e-05 2.55626e-06
5.03245e-05 8.15668e-05 2.30782e-06
5.09458e-05 7.51611e-05 2.06608e-06
5.15671e-05 6.89114e-05 1.8406e-06
5.21884e-05 6.67633e-05 1.82412e-06
5.28097e-05 6.54499e-05 1.79948e-06
5.3431e-05 6.39016e-05 1.76749e-06
5.40522e-05 6.2148e-05 1.72897e-06
5.46735e-05 6.04278e-05 1.6847e-06
5.52948e-05 5.96217e-05 1.63544e-06
5.59161e-05 5.86251e-05 1.60756e-06
5.65374e-05 5.88322e-05 1.58222e-06
5.71587e-05 5.85593e-05 1.56162e-06
5.778e-05 5.80979e-05 1.55444e-06
5.84013e-05 5.80968e-05 1.53586e-06
5.90226e-05 5.7664e-05 1.53562e-06
5.96439e-05 5.6847e-05 1.5251e-06
6.02652e-05 5.59588e-05 1.50459e-06
6.08864e-05 5.47229e-05 1.48123e-06
6.15077e-05 5.31917e-05 1.44909e-06
6.2129e-05 5.20902e-05 1.40944e-06
6.27503e-05 5.21549e-05 1.36356e-06
6.33716e-05 5.20165e-05 1.34753e-06
6.39929e-05 5.16855e-05 1.36409e-06
6.46142e-05 5.1174e-05 1.37436e-06
6.52355e-05 5.04945e-05 1.3787e-06
6.58568e-05 4.98036e-05 1.37749e-06
6.64781e-05 4.973e-05 1.37108e-06
6.70993e-05 4.9435e-05 1.35982e-06
6.77206e-05 4.88823e-05 1.34407e-06
6.83419e-05 4.80823e-05 1.32416e-06
6.89632e-05 4.75279e-05 1.30042e-06
6.95845e-05 4.70361e-05 1.2906e-06
7.02058e-05 4.64784e-05 1.28037e-06
7.08271e-05 4.58312e-05 1.26593e-06
7.14484e-05 4.49856e-05 1.24754e-06
7.20697e-05 4.45124e-05 1.22545e-06
7.2691e-05 4.40606e-05 1.19992e-06
7.33122e-05 4.34323e-05 1.18331e-06
7.39335e-05 4.26325e-05 1.16974e-06
7.45548e-05 4.1668e-05 1.15235e-06
7.51761e-05 4.05465e-05 1.13139e-06
7.57974e-05 3.92774e-05 1.10715e-06
7.64187e-05 3.86397e-05 1.07988e-06
7.704e-05 3.80629e-05 1.04987e-06
7.76613e-05 3.7381e-05 1.03331e-06
7.82826e-05 3.6739e-05 1.01521e-06
7.89039e-05 3.62912e-05 9.94454e-07
7.95251e-05 3.57574e-05 9.71279e-07
8.01464e-05 3.51442e-05 9.45932e-07
8.07677e-05 3.49348e-05 9.29677e-07
8.1389e-05 3.47068e-05 9.18252e-07
8.20103e-05 3.43884e-05 9.04576e-07
8.26316e-05 3.3984e-05 8.88805e-07
8.32529e-05 3.34984e-05 8.71091e-07
8.38742e-05 3.29359e-05 8.51574e-07
8.44955e-05 3.23008e-05 8.30387e-07
8.51168e-05 3.15973e-05 8.3836e-07
8.57381e-05 3.09883e-05 8.44499e-07
8.63593e-05 3.06729e-05 8.47629e-07
8.69806e-05 3.05541e-05 8.4784e-07
8.76019e-05 3.03368e-05 8.45228e-07
8.82232e-05 3.00252e-05 8.39897e-07
8.88445e-05 2.9947e-05 8.31953e-07
8.94658e-05 2.98896e-05 8.21512e-07
9.00871e-05 2.97305e-05 8.16858e-07
9.07084e-05 2.94747e-05 8.13697e-07
9.13297e-05 2.91274e-05 8.07856e-07
9.1951e-05 2.86937e-05 7.99469e-07
9.25722e-05 2.81787e-05 7.88672e-07
9.31935e-05 2.78672e-05 7.75603e-07
9.38148e-05 2.76345e-05 7.60402e-07
9.44361e-05 2.73223e-05 7.53766e-07
9.50574e-05 2.69352e-05 7.45696e-07
9.56787e-05 2.64775e-05 7.35533e-07
9.63e-05 2.62682e-05 7.23404e-07
9.69213e-05 2.63157e-05 7.09431e-07
9.75426e-05 2.6301e-05 6.93736e-07
9.81639e-05 2.62256e-05 6.8277e-07
9.87851e-05 2.60916e-05 6.75125e-07
9.94064e-05 2.5901e-05 6.68573e-07
0.000100028 2.5656e-05 6.59467e-07
0.000100649 2.5359e-05 6.47962e-07
0.00010127 2.50123e-05 6.4244e-07
0.000101892 2.46183e-05 6.37434e-07
0.000102513 2.41797e-05 6.30017e-07
0.000103134 2.36989e-05 6.20333e-07
0.000103755 2.31788e-05 6.1375e-07
0.000104377 2.2622e-05 6.143e-07
0.000104998 2.20313e-05 6.13117e-07
0.000105619 2.19048e-05 6.10261e-07
0.000106241 2.20394e-05 6.05794e-07
0.000106862 2.21082e-05 6.0325e-07
0.000107483 2.21129e-05 6.05926e-07
0.000108104 2.20553e-05 6.06817e-07
0.000108726 2.20977e-05 6.05972e-07
0.000109347 2.21339e-05 6.03441e-07
0.000109968 2.21095e-05 5.99278e-07
0.00011059 2.20259e-05 5.97195e-07
0.000111211 2.18848e-05 5.98369e-07
0.000111832 2.18302e-05 5.97759e-07
0.000112454 2.18099e-05 5.95417e-07
0.000113075 2.17274e-05 5.91394e-07
0.000113696 2.15847e-05 5.85749e-07
0.000114317 2.13839e-05 5.78543e-07
0.000114939 2.11275e-05 5.69842e-07
0.00011556 2.08178e-05 5.59715e-07
0.000116181 2.04575e-05 5.48235e-07
0.000116803 2.01329e-05 5.41279e-07
0.000117424 1.98323e-05 5.40714e-07
0.000118045 1.94835e-05 5.38594e-07
0.000118666 1.90892e-05 5.3498e-07
0.000119288 1.86525e-05 5.29934e-07
0.000119909 1.8351e-05 5.23525e-07
0.00012053 1.80194e-05 5.15823e-07
0.000121152 1.76481e-05 5.06898e-07
0.000121773 1.72995e-05 4.96827e-07
0.000122394 1.71062e-05 4.85686e-07
0.000123015 1.68741e-05 4.79208e-07
0.000123637 1.66054e-05 4.7317e-07
0.000124258 1.6302e-05 4.6608e-07
0.000124879 1.63949e-05 4.57999e-07
0.000125501 1.65284e-05 4.48988e-07
0.000126122 1.66208e-05 4.41806e-07
0.000126743 1.66729e-05 4.38294e-07
0.000127364 1.66855e-05 4.33791e-07
0.000127986 1.66598e-05 4.28338e-07
0.000128607 1.65994e-05 4.21981e-07
0.000129228 1.65045e-05 4.14763e-07
0.00012985 1.63759e-05 4.06734e-07
0.000130471 1.62153e-05 4.09364e-07
0.000131092 1.60246e-05 4.15131e-07
0.000131714 1.6133e-05 4.19552e-07
0.000132335 1.62448e-05 4.22643e-07
0.000132956 1.63209e-05 4.24426e-07
0.000133577 1.63621e-05 4.24928e-07
0.000134199 1.63693e-05 4.24181e-07
0.00013482 1.63438e-05 4.22222e-07
0.000135441 1.62866e-05 4.25357e-07
0.000136063 1.61992e-05 4.27515e-07
0.000136684 1.6083e-05 4.28489e-07
0.000137305 1.59393e-05 4.28302e-07
0.000137926 1.582e-05 4.26986e-07
0.000138548 1.57603e-05 4.24572e-07
0.000139169 1.56691e-05 4.21097e-07
0.00013979 1.55474e-05 4.166e-07
0.000140412 1.55024e-05 4.17923e-07
0.000141033 1.54468e-05 4.22718e-07
0.000141654 1.53575e-05 4.26402e-07
0.000142275 1.54024e-05 4.28979e-07
0.000142897 1.55882e-05 4.30458e-07
0.000143518 1.57411e-05 4.30854e-07
0.000144139 1.58614e-05 4.30182e-07
0.000144761 1.59491e-05 4.28465e-07
0.000145382 1.60047e-05 4.25727e-07
0.000146003 1.60284e-05 4.21995e-07
0.000146624 1.6021e-05 4.18032e-07
0.000147246 1.59831e-05 4.17228e-07
0.000147867 1.59156e-05 4.15422e-07
0.000148488 1.58192e-05 4.12639e-07
0.00014911 1.5695e-05 4.08903e-07
0.000149731 1.55442e-05 4.04244e-07
0.000150352 1.53678e-05 3.98696e-07
0.000150974 1.51673e-05 3.92294e-07
0.000151595 1.49438e-05 3.85075e-07
0.000152216 1.4699e-05 3.77079e-07
0.000152837 1.44341e-05 3.69759e-07
0.000153459 1.41508e-05 3.6864e-07
0.00015408 1.38507e-05 3.66704e-07
0.000154701 1.35354e-05 3.65394e-07
0.000155323 1.33522e-05 3.6372e-07
0.000155944 1.32333e-05 3.6214e-07
0.000156565 1.30971e-05 3.62441e-07
0.000157186 1.30678e-05 3.62338e-07
0.000157808 1.31657e-05 3.61856e-07
0.000158429 1.32475e-05 3.61018e-07
0.00015905 1.33137e-05 3.59845e-07
0.000159672 1.33647e-05 3.58562e-07
0.000160293 1.34012e-05 3.5906e-07
0.000160914 1.34236e-05 3.59179e-07
0.000161535 1.34325e-05 3.58937e-07
0.000162157 1.34285e-05 3.58354e-07
0.000162778 1.34123e-05 3.5745e-07
0.000163399 1.33844e-05 3.56244e-07
0.000164021 1.33454e-05 3.54754e-07
0.000164642 1.3296e-05 3.52999e-07
0.000165263 1.32368e-05 3.50998e-07
0.000165884 1.31685e-05 3.52142e-07
0.000166506 1.30915e-05 3.52988e-07
0.000167127 1.30065e-05 3.53452e-07
0.000167748 1.29141e-05 3.53552e-07
0.00016837 1.28148e-05 3.53306e-07
0.000168991 1.27091e-05 3.5273e-07
0.000169612 1.25976e-05 3.51842e-07
0.000170234 1.24808e-05 3.50659e-07
0.000170855 1.23591e-05 3.49198e-07
0.000171476 1.22863e-05 3.47475e-07
0.000172097 1.22475e-05 3.45508e-07
0.000172719 1.21985e-05 3.43311e-07
0.00017334 1.21562e-05 3.41963e-07
0.000173961 1.21207e-05 3.40475e-07
0.000174583 1.20758e-05 3.38732e-07
0.000175204 1.20219e-05 3.36747e-07
0.000175825 1.19596e-05 3.34536e-07
0.000176446 1.18895e-05 3.32113e-07
0.000177068 1.18119e-05 3.29491e-07
0.000177689 1.17274e-05 3.26683e-07
0.00017831 1.16363e-05 3.23702e-07
0.000178932 1.15392e-05 3.20561e-07
0.000179553 1.14365e-05 3.1727e-07
0.000180174 1.13286e-05 3.14542e-07
0.000180795 1.12158e-05 3.11752e-07
0.000181417 1.10987e-05 3.08794e-07
0.000182038 1.10047e-05 3.05681e-07
0.000182659 1.10092e-05 3.02424e-07
0.000183281 1.10126e-05 2.99033e-07
0.000183902 1.10151e-05 2.95519e-07
0.000184523 1.10164e-05 2.91891e-07
0.000185144 1.10166e-05 2.8816e-07
0.000185766 1.10157e-05 2.84333e-07
0.000186387 1.10136e-05 2.8042e-07
0.000187008 1.10102e-05 2.76487e-07
0.00018763 1.10056e-05 2.72495e-07
0.000188251 1.09996e-05 2.68442e-07
0.000188872 1.09923e-05 2.64333e-07
0.000189494 1.09835e-05 2.60747e-07
0.000190115 1.09733e-05 2.57829e-07
0.000190736 1.09615e-05 2.5483e-07
0.000191357 1.09481e-05 2.51758e-07
0.000191979 1.09331e-05 2.48623e-07
0.0001926 1.09163e-05 2.45432e-07
0.000193221 1.08978e-05 2.42192e-07
0.000193843 1.08775e-05 2.38912e-07
0.000194464 1.08553e-05 2.35598e-07
0.000195085 1.08312e-05 2.32255e-07
0.000195706 1.08052e-05 2.28926e-07
0.000196328 1.07772e-05 2.26337e-07
0.000196949 1.07471e-05 2.23717e-07
0.00019757 1.07277e-05 2.21071e-07
0.000198192 1.07099e-05 2.18405e-07
0.000198813 1.06905e-05 2.15962e-07
0.000199434 1.06693e-05 2.14146e-07
0.000200055 1.06465e-05 2.12297e-07
0.000200677 1.06219e-05 2.1042e-07
0.000201298 1.05954e-05 2.08518e-07
0.000201919 1.05672e-05 2.06595e-07
0.000202541 1.05371e-05 2.06178e-07
0.000203162 1.05051e-05 2.06004e-07
0.000203783 1.04713e-05 2.05757e-07
0.000204404 1.04356e-05 2.05438e-07
0.000205026 1.0398e-05 2.05053e-07
0.000205647 1.03584e-05 2.04603e-07
0.000206268 1.0317e-05 2.04358e-07
0.00020689 1.02737e-05 2.0461e-07
0.000207511 1.02285e-05 2.04773e-07
0.000208132 1.01815e-05 2.04851e-07
0.000208754 1.01326e-05 2.04844e-07
0.000209375 1.0082e-05 2.04758e-07
0.000209996 1.00296e-05 2.04592e-07
0.000210617 9.9755e-06 2.0435e-07
0.000211239 9.91978e-06 2.04034e-07
0.00021186 9.89311e-06 2.04192e-07
0.000212481 9.86799e-06 2.04998e-07
0.000213103 9.90356e-06 2.05691e-07
0.000213724 9.95836e-06 2.06275e-07
0.000214345 1.00057e-05 2.06752e-07
0.000214966 1.00457e-05 2.07126e-07
0.000215588 1.00785e-05 2.074e-07
0.000216209 1.01044e-05 2.07576e-07
0.00021683 1.01234e-05 2.07659e-07
0.000217452 1.01358e-05 2.07651e-07
0.000218073 1.01419e-05 2.07555e-07
0.000218694 1.01417e-05 2.07373e-07
0.000219315 1.01695e-05 2.07271e-07
0.000219937 1.02152e-05 2.07441e-07
0.000220558 1.0253e-05 2.07524e-07
0.000221179 1.02831e-05 2.07521e-07
0.000221801 1.03056e-05 2.07438e-07
0.000222422 1.03208e-05 2.07276e-07
0.000223043 1.03289e-05 2.07039e-07
0.000223664 1.03301e-05 2.06729e-07
0.000224286 1.03248e-05 2.0635e-07
0.000224907 1.03165e-05 2.06236e-07
0.000225528 1.0361e-05 2.06233e-07
0.00022615 1.04015e-05 2.06162e-07
0.000226771 1.04381e-05 2.06027e-07
0.000227392 1.04707e-05 2.0583e-07
0.000228014 1.04994e-05 2.05573e-07
0.000228635 1.05243e-05 2.05259e-07
0.000229256 1.05453e-05 2.04891e-07
0.000229877 1.05626e-05 2.0447e-07
0.000230499 1.05762e-05 2.04e-07
0.00023112 1.05861e-05 2.05087e-07
0.000231741 1.05925e-05 2.06156e-07
0.000232363 1.05954e-05 2.07007e-07
0.000232984 1.0595e-05 2.07647e-07
0.000233605 1.05912e-05 2.08083e-07
0.000234226 1.05842e-05 2.08322e-07
0.000234848 1.0574e-05 2.08372e-07
0.000235469 1.05608e-05 2.08242e-07
0.00023609 1.05447e-05 2.07941e-07
0.000236712 1.05257e-05 2.07477e-07
0.000237333 1.0504e-05 2.06906e-07
0.000237954 1.05093e-05 2.07505e-07
0.000238575 1.05231e-05 2.08056e-07
0.000239197 1.05335e-05 2.0856e-07
0.000239818 1.05407e-05 2.09019e-07
0.000240439 1.05447e-05 2.09433e-07
0.000241061 1.05454e-05 2.09803e-07
0.000241682 1.05429e-05 2.1013e-07
0.000242303 1.05374e-05 2.1063e-07
0.000242924 1.05288e-05 2.11875e-07
0.000243546 1.05172e-05 2.13061e-07
0.000244167 1.05028e-05 2.14188e-07
0.000244788 1.04855e-05 2.15258e-07
0.00024541 1.04655e-05 2.1627e-07
0.000246031 1.04429e-05 2.17225e-07
0.000246652 1.04178e-05 2.18123e-07
0.000247274 1.03902e-05 2.18964e-07
0.000247895 1.03603e-05 2.19748e-07
0.000248516 1.03282e-05 2.20475e-07
0.000249137 1.02939e-05 2.21146e-07
0.000249759 1.0262e-05 2.22155e-07
0.00025038 1.02295e-05 2.23108e-07
0.000251001 1.01951e-05 2.23996e-07
0.000251623 1.01591e-05 2.24819e-07
0.000252244 1.01215e-05 2.25577e-07
0.000252865 1.00824e-05 2.2627e-07
0.000253486 1.00478e-05 2.26898e-07
0.000254108 1.00354e-05 2.27462e-07
0.000254729 1.00211e-05 2.27961e-07
0.00025535 1.00048e-05 2.28397e-07
0.000255972 9.98669e-06 2.28768e-07
0.000256593 9.96874e-06 2.29075e-07
0.000257214 9.95982e-06 2.29318e-07
0.000257835 9.94915e-06 2.29497e-07
0.000258457 9.93681e-06 2.29613e-07
0.000259078 9.92287e-06 2.29666e-07
0.000259699 9.90738e-06 2.29656e-07
0.000260321 9.89043e-06 2.29822e-07
0.000260942 9.87208e-06 2.30194e-07
0.000261563 9.8524e-06 2.30493e-07
0.000262184 9.83148e-06 2.30721e-07
0.000262806 9.80937e-06 2.30878e-07
0.000263427 9.78615e-06 2.30965e-07
0.000264048 9.76189e-06 2.30982e-07
0.00026467 9.74393e-06 2.3093e-07
0.000265291 9.75258e-06 2.3081e-07
0.000265912 9.75936e-06 2.30622e-07
0.000266534 9.76429e-06 2.30368e-07
0.000267155 9.76739e-06 2.30047e-07
0.000267776 9.76869e-06 2.29661e-07
0.000268397 9.7682e-06 2.29211e-07
0.000269019 9.76597e-06 2.28697e-07
0.00026964 9.76202e-06 2.28125e-07
0.000270261 9.7564e-06 2.2751e-07
0.000270883 9.74914e-06 2.26834e-07
0.000271504 9.74028e-06 2.26098e-07
0.000272125 9.72999e-06 2.25301e-07
0.000272746 9.719e-06 2.24446e-07
0.000273368 9.70654e-06 2.23534e-07
0.000273989 9.69264e-06 2.22564e-07
0.00027461 9.67737e-06 2.21539e-07
0.000275232 9.66078e-06 2.20459e-07
0.000275853 9.64292e-06 2.19325e-07
0.000276474 9.62385e-06 2.18139e-07
0.000277095 9.60363e-06 2.16901e-07
0.000277717 9.58232e-06 2.15776e-07
0.000278338 9.55998e-06 2.14631e-07
0.000278959 9.53667e-06 2.13435e-07
0.000279581 9.51245e-06 2.12189e-07
0.000280202 9.48737e-06 2.10894e-07
0.000280823 9.4615e-06 2.09553e-07
0.000281444 9.43491e-06 2.08164e-07
0.000282066 9.42046e-06 2.0673e-07
0.000282687 9.41415e-06 2.05252e-07
0.000283308 9.40643e-06 2.03731e-07
0.00028393 9.39734e-06 2.02168e-07
0.000284551 9.38692e-06 2.00564e-07
0.000285172 9.37521e-06 1.9892e-07
0.000285794 9.36226e-06 1.97237e-07
0.000286415 9.3481e-06 1.95518e-07
0.000287036 9.33278e-06 1.93762e-07
0.000287657 9.31635e-06 1.91971e-07
0.000288279 9.29886e-06 1.90146e-07
0.0002889 9.28034e-06 1.88289e-07
0.000289521 9.26084e-06 1.864e-07
0.000290143 9.24042e-06 1.8448e-07
0.000290764 9.21912e-06 1.82532e-07
0.000291385 9.19699e-06 1.80556e-07
0.000292006 9.17407e-06 1.78553e-07
0.000292628 9.15041e-06 1.76525e-07
0.000293249 9.12607e-06 1.74853e-07
0.00029387 9.10107e-06 1.73161e-07
0.000294492 9.07547e-06 1.71441e-07
0.000295113 9.04932e-06 1.69694e-07
0.000295734 9.02266e-06 1.67922e-07
0.000296355 8.99553e-06 1.66125e-07
0.000296977 8.96797e-06 1.64304e-07
0.000297598 8.94003e-06 1.6246e-07
0.000298219 8.91174e-06 1.60596e-07
0.000298841 8.88314e-06 1.58711e-07
0.000299462 8.85427e-06 1.56807e-07
0.000300083 8.82517e-06 1.55004e-07
0.000300704 8.79587e-06 1.55316e-07
0.000301326 8.7664e-06 1.55594e-07
0.000301947 8.73679e-06 1.55838e-07
0.000302568 8.70708e-06 1.56045e-07
0.00030319 8.67729e-06 1.56215e-07
0.000303811 8.64994e-06 1.56346e-07
0.000304432 8.62503e-06 1.56437e-07
0.000305053 8.59966e-06 1.56487e-07
0.000305675 8.57387e-06 1.56496e-07
0.000306296 8.54767e-06 1.56461e-07
0.000306917 8.52112e-06 1.56382e-07
0.000307539 8.49423e-06 1.56332e-07
0.00030816 8.46704e-06 1.56539e-07
0.000308781 8.43957e-06 1.56708e-07
0.000309403 8.41186e-06 1.5684e-07
0.000310024 8.3843e-06 1.56932e-07
0.000310645 8.35686e-06 1.56985e-07
0.000311266 8.32924e-06 1.56996e-07
0.000311888 8.30148e-06 1.56965e-07
0.000312509 8.2736e-06 1.56892e-07
0.00031313 8.26379e-06 1.56776e-07
0.000313752 8.25331e-06 1.56616e-07
0.000314373 8.24194e-06 1.56411e-07
0.000314994 8.22956e-06 1.56163e-07
0.000315615 8.21608e-06 1.55869e-07
0.000316237 8.20151e-06 1.55529e-07
0.000316858 8.18585e-06 1.55145e-07
0.000317479 8.1691e-06 1.54714e-07
0.000318101 8.15128e-06 1.54253e-07
0.000318722 8.1324e-06 1.53746e-07
0.000319343 8.11247e-06 1.53193e-07
0.000319964 8.09149e-06 1.52596e-07
0.000320586 8.06949e-06 1.51953e-07
0.000321207 8.04649e-06 1.52042e-07
0.000321828 8.0225e-06 1.5241e-07
0.00032245 7.99753e-06 1.52722e-07
0.000323071 7.97161e-06 1.52978e-07
0.000323692 7.94476e-06 1.53178e-07
0.000324313 7.91699e-06 1.53323e-07
0.000324935 7.88834e-06 1.5355e-07
0.000325556 7.85883e-06 1.5398e-07
0.000326177 7.839e-06 1.54359e-07
0.000326799 7.82181e-06 1.54685e-07
0.00032742 7.8038e-06 1.5497e-07
0.000328041 7.785e-06 1.55209e-07
0.000328663 7.76541e-06 1.55396e-07
0.000329284 7.74504e-06 1.55531e-07
0.000329905 7.72391e-06 1.55614e-07
0.000330526 7.70203e-06 1.55646e-07
0.000331148 7.6794e-06 1.55628e-07
0.000331769 7.65606e-06 1.55561e-07
0.00033239 7.632e-06 1.55444e-07
0.000333012 7.61233e-06 1.5528e-07
0.000333633 7.59705e-06 1.55069e-07
0.000334254 7.58108e-06 1.54812e-07
0.000334875 7.56442e-06 1.54511e-07
0.000335497 7.54709e-06 1.54166e-07
0.000336118 7.5291e-06 1.5378e-07
0.000336739 7.51046e-06 1.53352e-07
0.000337361 7.49117e-06 1.52886e-07
0.000337982 7.47126e-06 1.52381e-07
0.000338603 7.45074e-06 1.5259e-07
0.000339224 7.42963e-06 1.53309e-07
0.000339846 7.40794e-06 1.53989e-07
0.000340467 7.38568e-06 1.54627e-07
0.000341088 7.36288e-06 1.55224e-07
0.00034171 7.33955e-06 1.55778e-07
0.000342331 7.31571e-06 1.56288e-07
0.000342952 7.29139e-06 1.56755e-07
0.000343573 7.26659e-06 1.57178e-07
0.000344195 7.24134e-06 1.57556e-07
0.000344816 7.21567e-06 1.57889e-07
0.000345437 7.18958e-06 1.58178e-07
0.000346059 7.16311e-06 1.58422e-07
0.00034668 7.13627e-06 1.58622e-07
0.000347301 7.10909e-06 1.58777e-07
0.000347923 7.08158e-06 1.58889e-07
0.000348544 7.05378e-06 1.58957e-07
0.000349165 7.0257e-06 1.58983e-07
0.000349786 6.99736e-06 1.58966e-07
0.000350408 6.97362e-06 1.58909e-07
0.000351029 6.95953e-06 1.5881e-07
0.00035165 6.94502e-06 1.58673e-07
0.000352272 6.93666e-06 1.58496e-07
0.000352893 6.93341e-06 1.58282e-07
0.000353514 6.9297e-06 1.58032e-07
0.000354135 6.92553e-06 1.57747e-07
0.000354757 6.9209e-06 1.57427e-07
0.000355378 6.91583e-06 1.57075e-07
0.000355999 6.91031e-06 1.56691e-07
0.000356621 6.90436e-06 1.56278e-07
0.000357242 6.89797e-06 1.55836e-07
0.000357863 6.89116e-06 1.55366e-07
0.000358484 6.88392e-06 1.54872e-07
0.000359106 6.87628e-06 1.54352e-07
0.000359727 6.86824e-06 1.53811e-07
0.000360348 6.8598e-06 1.53247e-07
0.00036097 6.85098e-06 1.52665e-07
0.000361591 6.84178e-06 1.53486e-07
0.000362212 6.83221e-06 1.5465e-07
0.000362833 6.82229e-06 1.55805e-07
0.000363455 6.81202e-06 1.5695e-07
0.000364076 6.80142e-06 1.58084e-07
0.000364697 6.79049e-06 1.59205e-07
0.000365319 6.77969e-06 1.60312e-07
0.00036594 6.76884e-06 1.61404e-07
0.000366561 6.7577e-06 1.62479e-07
0.000367183 6.7463e-06 1.63536e-07
0.000367804 6.73462e-06 1.64574e-07
0.000368425 6.7227e-06 1.65592e-07
0.000369046 6.71054e-06 1.6659e-07
0.000369668 6.69815e-06 1.67565e-07
0.000370289 6.68554e-06 1.68517e-07
0.00037091 6.67422e-06 1.69445e-07
0.000371532 6.68428e-06 1.70348e-07
0.000372153 6.69407e-06 1.71226e-07
0.000372774 6.7036e-06 1.72077e-07
0.000373395 6.71287e-06 1.72902e-07
0.000374017 6.72188e-06 1.73699e-07
0.000374638 6.73064e-06 1.7451e-07
0.000375259 6.73915e-06 1.7544e-07
0.000375881 6.74741e-06 1.76337e-07
0.000376502 6.75544e-06 1.772e-07
0.000377123 6.76322e-06 1.78029e-07
0.000377744 6.77077e-06 1.78823e-07
0.000378366 6.78393e-06 1.79581e-07
0.000378987 6.80803e-06 1.80303e-07
0.000379608 6.83164e-06 1.80988e-07
0.00038023 6.85477e-06 1.81637e-07
0.000380851 6.87742e-06 1.82248e-07
0.000381472 6.89958e-06 1.82822e-07
0.000382093 6.92126e-06 1.83358e-07
0.000382715 6.94246e-06 1.83857e-07
0.000383336 6.96318e-06 1.84318e-07
0.000383957 6.98343e-06 1.84742e-07
0.000384579 7.0032e-06 1.85129e-07
0.0003852 7.02251e-06 1.85478e-07
0.000385821 7.04135e-06 1.8579e-07
0.000386443 7.05972e-06 1.86066e-07
0.000387064 7.07763e-06 1.86306e-07
0.000387685 7.09507e-06 1.86511e-07
0.000388306 7.11206e-06 1.8668e-07
0.000388928 7.1286e-06 1.86815e-07
0.000389549 7.14468e-06 1.86916e-07
0.00039017 7.16031e-06 1.86984e-07
0.000390792 7.1755e-06 1.8702e-07
0.000391413 7.19024e-06 1.87023e-07
0.000392034 7.20454e-06 1.86996e-07
0.000392655 7.2184e-06 1.86939e-07
0.000393277 7.23183e-06 1.86853e-07
0.000393898 7.24482e-06 1.86739e-07
0.000394519 7.25739e-06 1.86597e-07
0.000395141 7.26953e-06 1.8643e-07
0.000395762 7.28125e-06 1.86237e-07
0.000396383 7.29255e-06 1.86019e-07
0.000397004 7.30343e-06 1.85779e-07
0.000397626 7.3139e-06 1.85516e-07
0.000398247 7.32397e-06 1.85232e-07
0.000398868 7.33362e-06 1.84929e-07
0.00039949 7.34287e-06 1.84606e-07
0.000400111 7.35173e-06 1.84266e-07
0.000400732 7.36018e-06 1.83909e-07
0.000401353 7.36825e-06 1.83536e-07
0.000401975 7.37593e-06 1.83149e-07
0.000402596 7.38322e-06 1.82748e-07
0.000403217 7.39012e-06 1.82335e-07
0.000403839 7.39665e-06 1.81911e-07
0.00040446 7.40281e-06 1.81476e-07
0.000405081 7.41461e-06 1.81032e-07
0.000405703 7.43014e-06 1.8058e-07
0.000406324 7.44519e-06 1.80121e-07
0.000406945 7.45976e-06 1.79655e-07
0.000407566 7.47384e-06 1.79184e-07
0.000408188 7.48744e-06 1.78709e-07
0.000408809 7.50057e-06 1.78231e-07
0.00040943 7.51323e-06 1.77749e-07
0.000410052 7.52542e-06 1.77266e-07
0.000410673 7.53715e-06 1.76782e-07
0.000411294 7.54841e-06 1.76298e-07
0.000411915 7.55923e-06 1.75814e-07
0.000412537 7.56959e-06 1.75332e-07
0.000413158 7.5795e-06 1.74851e-07
0.000413779 7.58898e-06 1.74374e-07
0.000414401 7.59801e-06 1.73899e-07
0.000415022 7.60661e-06 1.73428e-07
0.000415643 7.61478e-06 1.72961e-07
0.000416264 7.62252e-06 1.72499e-07
0.000416886 7.62984e-06 1.72042e-07
0.000417507 7.63674e-06 1.71591e-07
0.000418128 7.64323e-06 1.71146e-07
0.00041875 7.64931e-06 1.70706e-07
0.000419371 7.65499e-06 1.70274e-07
0.000419992 7.66027e-06 1.69848e-07
0.000420613 7.66515e-06 1.69429e-07
0.000421235 7.66965e-06 1.69018e-07
0.000421856 7.67376e-06 1.68614e-07
0.000422477 7.67748e-06 1.68217e-07
0.000423099 7.68083e-06 1.67827e-07
0.00042372 7.68381e-06 1.67446e-07
0.000424341 7.68643e-06 1.67071e-07
0.000424963 7.68868e-06 1.66704e-07
0.000425584 7.69057e-06 1.66345e-07
0.000426205 7.69211e-06 1.65993e-07
0.000426826 7.6933e-06 1.65648e-07
0.000427448 7.69414e-06 1.6531e-07
0.000428069 7.69465e-06 1.64978e-07
0.00042869 7.69483e-06 1.64654e-07
0.000429312 7.69467e-06 1.64335e-07
0.000429933 7.69419e-06 1.64023e-07
0.000430554 7.69339e-06 1.63716e-07
0.000431175 7.69227e-06 1.63415e-07
0.000431797 7.69085e-06 1.63119e-07
0.000432418 7.68911e-06 1.62828e-07
0.000433039 7.68708e-06 1.62542e-07
0.000433661 7.68475e-06 1.62259e-07
0.000434282 7.68212e-06 1.6198e-07
0.000434903 7.67921e-06 1.61705e-07
0.000435524 7.67602e-06 1.61432e-07
0.000436146 7.67254e-06 1.61162e-07
0.000436767 7.6688e-06 1.60894e-07
0.000437388 7.66478e-06 1.60627e-07
0.00043801 7.6605e-06 1.60361e-07
0.000438631 7.65595e-06 1.60097e-07
0.000439252 7.65115e-06 1.59832e-07
0.000439873 7.64978e-06 1.59567e-07
0.000440495 7.65366e-06 1.59302e-07
0.000441116 7.65724e-06 1.59036e-07
0.000441737 7.6605e-06 1.58768e-07
0.000442359 7.66346e-06 1.58498e-07
0.00044298 7.66612e-06 1.58225e-07
0.000443601 7.66848e-06 1.5795e-07
0.000444223 7.67055e-06 1.58077e-07
0.000444844 7.67232e-06 1.58256e-07
0.000445465 7.67381e-06 1.58425e-07
0.000446086 7.67501e-06 1.58584e-07
0.000446708 7.67593e-06 1.58734e-07
0.000447329 7.67657e-06 1.58875e-07
0.00044795 7.67694e-06 1.59006e-07
0.000448572 7.67703e-06 1.59128e-07
0.000449193 7.67685e-06 1.59242e-07
0.000449814 7.67641e-06 1.59346e-07
0.000450435 7.6757e-06 1.59442e-07
0.000451057 7.67884e-06 1.59529e-07
0.000451678 7.68228e-06 1.59607e-07
0.000452299 7.68545e-06 1.59677e-07
0.000452921 7.68836e-06 1.59738e-07
0.000453542 7.691e-06 1.5979e-07
0.000454163 7.69339e-06 1.59834e-07
0.000454784 7.69553e-06 1.5987e-07
0.000455406 7.69742e-06 1.59896e-07
0.000456027 7.69905e-06 1.59914e-07
0.000456648 7.70044e-06 1.59924e-07
0.00045727 7.70158e-06 1.59925e-07
0.000457891 7.70248e-06 1.59917e-07
0.000458512 7.70315e-06 1.59901e-07
0.000459133 7.70358e-06 1.59875e-07
0.000459755 7.70377e-06 1.59841e-07
0.000460376 7.70373e-06 1.59798e-07
0.000460997 7.70347e-06 1.59746e-07
0.000461619 7.70298e-06 1.59685e-07
0.00046224 7.70227e-06 1.59614e-07
0.000462861 7.70133e-06 1.59534e-07
0.000463483 7.70018e-06 1.59445e-07
0.000464104 7.69882e-06 1.59346e-07
0.000464725 7.69724e-06 1.59237e-07
0.000465346 7.69545e-06 1.59119e-07
0.000465968 7.69345e-06 1.5899e-07
0.000466589 7.69125e-06 1.58852e-07
0.00046721 7.68885e-06 1.58703e-07
0.000467832 7.68625e-06 1.58544e-07
0.000468453 7.68345e-06 1.58374e-07
0.000469074 7.68046e-06 1.58194e-07
0.000469695 7.67727e-06 1.58002e-07
0.000470317 7.6739e-06 1.578e-07
0.000470938 7.67034e-06 1.57587e-07
0.000471559 7.6666e-06 1.57362e-07
0.000472181 7.66267e-06 1.57125e-07
0.000472802 7.65857e-06 1.56877e-07
0.000473423 7.65429e-06 1.56618e-07
0.000474044 7.64984e-06 1.56346e-07
0.000474666 7.64522e-06 1.56062e-07
0.000475287 7.64043e-06 1.55766e-07
0.000475908 7.63547e-06 1.55458e-07
0.00047653 7.63035e-06 1.55137e-07
0.000477151 7.62507e-06 1.54803e-07
0.000477772 7.61963e-06 1.54456e-07
0.000478393 7.61404e-06 1.54097e-07
0.000479015 7.6083e-06 1.53724e-07
0.000479636 7.6024e-06 1.53338e-07
0.000480257 7.59636e-06 1.52938e-07
0.000480879 7.59018e-06 1.52525e-07
0.0004815 7.58385e-06 1.52099e-07
0.000482121 7.57739e-06 1.51658e-07
0.000482743 7.57078e-06 1.51204e-07
0.000483364 7.56405e-06 1.50736e-07
0.000483985 7.55718e-06 1.50254e-07
0.000484606 7.55019e-06 1.49757e-07
0.000485228 7.54307e-06 1.49246e-07
0.000485849 7.53583e-06 1.48721e-07
0.00048647 7.52847e-06 1.48182e-07
0.000487092 7.52099e-06 1.47628e-07
0.000487713 7.5134e-06 1.47059e-07
0.000488334 7.50569e-06 1.46476e-07
0.000488955 7.49788e-06 1.45878e-07
0.000489577 7.48996e-06 1.45266e-07
0.000490198 7.48194e-06 1.44639e-07
0.000490819 7.47382e-06 1.43997e-07
0.000491441 7.4656e-06 1.4334e-07
0.000492062 7.45728e-06 1.42669e-07
0.000492683 7.44888e-06 1.41983e-07
0.000493304 7.44038e-06 1.41282e-07
0.000493926 7.4318e-06 1.40567e-07
0.000494547 7.42313e-06 1.39837e-07
0.000495168 7.41439e-06 1.39092e-07
0.00049579 7.40556e-06 1.38332e-07
0.000496411 7.39666e-06 1.37559e-07
0.000497032 7.38769e-06 1.37783e-07
0.000497653 7.37865e-06 1.38052e-07
0.000498275 7.36954e-06 1.3831e-07
0.000498896 7.36037e-06 1.38555e-07
0.000499517 7.35113e-06 1.38788e-07
0.000500139 7.34184e-06 1.39009e-07
0.00050076 7.33249e-06 1.39218e-07
0.000501381 7.32308e-06 1.39416e-07
0.000502002 7.31363e-06 1.39601e-07
0.000502624 7.30413e-06 1.39774e-07
0.000503245 7.29458e-06 1.39935e-07
0.000503866 7.28499e-06 1.40085e-07
0.000504488 7.27537e-06 1.40222e-07
0.000505109 7.2657e-06 1.40348e-07
0.00050573 7.256e-06 1.40462e-07
0.000506352 7.24626e-06 1.40564e-07
0.000506973 7.2365e-06 1.40654e-07
0.000507594 7.2346e-06 1.40733e-07
0.000508215 7.23442e-06 1.408e-07
0.000508837 7.23412e-06 1.40856e-07
0.000509458 7.23371e-06 1.409e-07
0.000510079 7.23317e-06 1.41107e-07
0.000510701 7.23251e-06 1.41352e-07
0.000511322 7.23174e-06 1.41586e-07
0.000511943 7.23085e-06 1.41808e-07
0.000512564 7.22984e-06 1.4202e-07
0.000513186 7.22872e-06 1.42221e-07
0.000513807 7.22749e-06 1.42412e-07
0.000514428 7.22613e-06 1.42593e-07
0.00051505 7.22467e-06 1.42764e-07
0.000515671 7.22309e-06 1.42925e-07
0.000516292 7.2214e-06 1.43076e-07
0.000516913 7.2196e-06 1.43219e-07
0.000517535 7.21769e-06 1.43352e-07
0.000518156 7.21567e-06 1.43477e-07
0.000518777 7.21354e-06 1.43593e-07
0.000519399 7.2113e-06 1.43702e-07
0.00052002 7.20895e-06 1.43802e-07
0.000520641 7.2065e-06 1.43894e-07
0.000521262 7.20394e-06 1.43979e-07
0.000521884 7.20127e-06 1.44056e-07
0.000522505 7.1985e-06 1.44127e-07
0.000523126 7.19562e-06 1.4419e-07
0.000523748 7.19264e-06 1.44247e-07
0.000524369 7.18956e-06 1.44298e-07
0.00052499 7.18638e-06 1.44342e-07
0.000525612 7.18309e-06 1.44381e-07
0.000526233 7.17971e-06 1.44414e-07
0.000526854 7.17622e-06 1.44441e-07
0.000527475 7.17264e-06 1.44463e-07
0.000528097 7.16896e-06 1.44479e-07
0.000528718 7.16519e-06 1.44559e-07
0.000529339 7.16132e-06 1.44913e-07
0.000529961 7.15736e-06 1.45264e-07
0.000530582 7.1533e-06 1.4561e-07
0.000531203 7.14916e-06 1.45952e-07
0.000531824 7.14492e-06 1.46289e-07
0.000532446 7.14059e-06 1.46623e-07
0.000533067 7.13618e-06 1.46953e-07
0.000533688 7.13168e-06 1.47279e-07
0.00053431 7.12709e-06 1.47601e-07
0.000534931 7.12243e-06 1.47919e-07
0.000535552 7.11767e-06 1.48233e-07
0.000536173 7.11284e-06 1.48544e-07
0.000536795 7.10793e-06 1.48851e-07
0.000537416 7.10294e-06 1.49155e-07
0.000538037 7.09788e-06 1.49455e-07
0.000538659 7.09274e-06 1.50009e-07
0.00053928 7.08753e-06 1.50682e-07
0.000539901 7.08225e-06 1.51351e-07
0.000540522 7.07689e-06 1.52014e-07
0.000541144 7.07147e-06 1.52672e-07
0.000541765 7.06599e-06 1.53325e-07
0.000542386 7.06044e-06 1.53972e-07
0.000543008 7.05483e-06 1.54614e-07
0.000543629 7.04915e-06 1.55251e-07
0.00054425 7.04342e-06 1.55882e-07
0.000544872 7.03764e-06 1.56508e-07
0.000545493 7.03179e-06 1.57128e-07
0.000546114 7.0259e-06 1.57743e-07
0.000546735 7.01995e-06 1.58353e-07
0.000547357 7.01396e-06 1.58957e-07
0.000547978 7.00792e-06 1.59556e-07
0.000548599 7.00183e-06 1.6015e-07
0.000549221 6.9957e-06 1.60739e-07
0.000549842 6.98953e-06 1.61568e-07
0.000550463 6.98332e-06 1.6257e-07
0.000551084 6.97708e-06 1.63564e-07
0.000551706 6.9708e-06 1.64551e-07
0.000552327 6.96448e-06 1.65531e-07
0.000552948 6.95814e-06 1.66503e-07
0.00055357 6.95177e-06 1.67467e-07
0.000554191 6.94537e-06 1.68424e-07
0.000554812 6.93895e-06 1.69373e-07
0.000555433 6.93251e-06 1.70314e-07
0.000556055 6.92604e-06 1.71248e-07
0.000556676 6.91956e-06 1.72174e-07
0.000557297 6.91306e-06 1.73092e-07
0.000557919 6.90655e-06 1.74003e-07
0.00055854 6.90003e-06 1.74905e-07
0.000559161 6.8935e-06 1.758e-07
0.000559782 6.88695e-06 1.76686e-07
0.000560404 6.88041e-06 1.77565e-07
0.000561025 6.87385e-06 1.78436e-07
0.000561646 6.8673e-06 1.79298e-07
0.000562268 6.86075e-06 1.80153e-07
0.000562889 6.8547e-06 1.80999e-07
0.00056351 6.85588e-06 1.81838e-07
0.000564132 6.857e-06 1.82667e-07
0.000564753 6.85806e-06 1.83489e-07
0.000565374 6.85906e-06 1.84303e-07
0.000565995 6.86001e-06 1.85108e-07
0.000566617 6.8609e-06 1.85904e-07
0.000567238 6.86174e-06 1.86693e-07
0.000567859 6.86252e-06 1.87473e-07
0.000568481 6.86325e-06 1.88244e-07
0.000569102 6.86392e-06 1.89007e-07
0.000569723 6.86455e-06 1.89761e-07
0.000570344 6.86512e-06 1.90506e-07
0.000570966 6.86564e-06 1.91243e-07
0.000571587 6.86611e-06 1.91971e-07
0.000572208 6.86653e-06 1.9269e-07
0.00057283 6.8669e-06 1.93401e-07
0.000573451 6.86722e-06 1.94102e-07
0.000574072 6.8675e-06 1.94795e-07
0.000574693 6.86772e-06 1.95478e-07
0.000575315 6.8679e-06 1.96153e-07
0.000575936 6.86803e-06 1.96818e-07
0.000576557 6.86812e-06 1.97474e-07
0.000577179 6.86816e-06 1.98121e-07
0.0005778 6.86815e-06 1.98759e-07
0.000578421 6.8681e-06 1.99387e-07
0.000579042 6.868e-06 2.00035e-07
0.000579664 6.86786e-06 2.00752e-07
0.000580285 6.86767e-06 2.01457e-07
0.000580906 6.86744e-06 2.02148e-07
0.000581528 6.86717e-06 2.02826e-07
0.000582149 6.86685e-06 2.0349e-07
0.00058277 6.8665e-06 2.04141e-07
0.000583392 6.86609e-06 2.04779e-07
0.000584013 6.86565e-06 2.05403e-07
0.000584634 6.86516e-06 2.06013e-07
0.000585255 6.86464e-06 2.06609e-07
0.000585877 6.86407e-06 2.07192e-07
0.000586498 6.86346e-06 2.07761e-07
0.000587119 6.86281e-06 2.08315e-07
0.000587741 6.86211e-06 2.08856e-07
0.000588362 6.86138e-06 2.09382e-07
0.000588983 6.86061e-06 2.09895e-07
0.000589604 6.85979e-06 2.10393e-07
0.000590226 6.85894e-06 2.10876e-07
0.000590847 6.85805e-06 2.11346e-07
0.000591468 6.85711e-06 2.11801e-07
0.00059209 6.85614e-06 2.12241e-07
0.000592711 6.85513e-06 2.12667e-07
0.000593332 6.85407e-06 2.13079e-07
0.000593953 6.85298e-06 2.13476e-07
0.000594575 6.85185e-06 2.13858e-07
0.000595196 6.85068e-06 2.14226e-07
0.000595817 6.84947e-06 2.14579e-07
0.000596439 6.84822e-06 2.14918e-07
0.00059706 6.84693e-06 2.15241e-07
0.000597681 6.8456e-06 2.1555e-07
0.000598302 6.84424e-06 2.15845e-07
0.000598924 6.84283e-06 2.16124e-07
0.000599545 6.84139e-06 2.16389e-07
0.000600166 6.8399e-06 2.16639e-07
0.000600788 6.83838e-06 2.16874e-07
0.000601409 6.83681e-06 2.17094e-07
0.00060203 6.83521e-06 2.173e-07
0.000602652 6.83357e-06 2.17491e-07
0.000603273 6.83189e-06 2.17667e-07
0.000603894 6.83016e-06 2.17829e-07
0.000604515 6.8284e-06 2.17975e-07
0.000605137 6.82856e-06 2.18107e-07
0.000605758 6.83145e-06 2.18225e-07
0.000606379 6.83398e-06 2.18327e-07
0.000607001 6.83617e-06 2.18416e-07
0.000607622 6.83801e-06 2.18489e-07
0.000608243 6.8395e-06 2.18548e-07
0.000608864 6.84064e-06 2.18593e-07
0.000609486 6.84143e-06 2.18623e-07
0.000610107 6.84187e-06 2.18639e-07
0.000610728 6.84197e-06 2.1864e-07
0.00061135 6.84172e-06 2.18627e-07
0.000611971 6.84112e-06 2.186e-07
0.000612592 6.84018e-06 2.18559e-07
0.000613213 6.83915e-06 2.18503e-07
0.000613835 6.83848e-06 2.18434e-07
0.000614456 6.83749e-06 2.1835e-07
0.000615077 6.83617e-06 2.18253e-07
0.000615699 6.83453e-06 2.18142e-07
0.00061632 6.83257e-06 2.18054e-07
0.000616941 6.83028e-06 2.18014e-07
0.000617562 6.82768e-06 2.17962e-07
0.000618184 6.82475e-06 2.17899e-07
0.000618805 6.82151e-06 2.17825e-07
0.000619426 6.81794e-06 2.17739e-07
0.000620048 6.81406e-06 2.17642e-07
0.000620669 6.80986e-06 2.17533e-07
0.00062129 6.80535e-06 2.17413e-07
0.000621912 6.80052e-06 2.17283e-07
0.000622533 6.79538e-06 2.1714e-07
0.000623154 6.78993e-06 2.16987e-07
0.000623775 6.78416e-06 2.16823e-07
0.000624397 6.77809e-06 2.16648e-07
0.000625018 6.77171e-06 2.16461e-07
0.000625639 6.76503e-06 2.16264e-07
0.000626261 6.75804e-06 2.16056e-07
0.000626882 6.75075e-06 2.15837e-07
0.000627503 6.74316e-06 2.15607e-07
0.000628124 6.73528e-06 2.15367e-07
0.000628746 6.7271e-06 2.15115e-07
0.000629367 6.72164e-06 2.14854e-07
0.000629988 6.71791e-06 2.14581e-07
0.00063061 6.71412e-06 2.14299e-07
0.000631231 6.71026e-06 2.14006e-07
0.000631852 6.70634e-06 2.13702e-07
0.000632473 6.70234e-06 2.13389e-07
0.000633095 6.69828e-06 2.13065e-07
0.000633716 6.69415e-06 2.12731e-07
0.000634337 6.68995e-06 2.12387e-07
0.000634959 6.68568e-06 2.12033e-07
0.00063558 6.68134e-06 2.1167e-07
0.000636201 6.67693e-06 2.11297e-07
0.000636822 6.67244e-06 2.10914e-07
0.000637444 6.66787e-06 2.10521e-07
0.000638065 6.66323e-06 2.10119e-07
0.000638686 6.65852e-06 2.09708e-07
0.000639308 6.65372e-06 2.09287e-07
0.000639929 6.64885e-06 2.08858e-07
0.00064055 6.64389e-06 2.08419e-07
0.000641172 6.63886e-06 2.07971e-07
0.000641793 6.63374e-06 2.07515e-07
0.000642414 6.62854e-06 2.07049e-07
0.000643035 6.62326e-06 2.06575e-07
0.000643657 6.61789e-06 2.06093e-07
0.000644278 6.61244e-06 2.05602e-07
0.000644899 6.60689e-06 2.05102e-07
0.000645521 6.60127e-06 2.04595e-07
0.000646142 6.59555e-06 2.04079e-07
0.000646763 6.58974e-06 2.03555e-07
0.000647384 6.58384e-06 2.03024e-07
0.000648006 6.57785e-06 2.02484e-07
0.000648627 6.57177e-06 2.01938e-07
0.000649248 6.5656e-06 2.01383e-07
0.00064987 6.55933e-06 2.00821e-07
0.000650491 6.55296e-06 2.00252e-07
0.000651112 6.5465e-06 1.99676e-07
0.000651733 6.53994e-06 1.99092e-07
0.000652355 6.53329e-06 1.98502e-07
0.000652976 6.52653e-06 1.97905e-07
0.000653597 6.51968e-06 1.97301e-07
0.000654219 6.51272e-06 1.96691e-07
0.00065484 6.50567e-06 1.96074e-07
0.000655461 6.49851e-06 1.95451e-07
0.000656082 6.49125e-06 1.94822e-07
0.000656704 6.48388e-06 1.94187e-07
0.000657325 6.47641e-06 1.93545e-07
0.000657946 6.46884e-06 1.92898e-07
0.000658568 6.46116e-06 1.92246e-07
0.000659189 6.45338e-06 1.91587e-07
0.00065981 6.44548e-06 1.90924e-07
0.000660432 6.43748e-06 1.90255e-07
0.000661053 6.42937e-06 1.8958e-07
0.000661674 6.42116e-06 1.88901e-07
0.000662295 6.41283e-06 1.88217e-07
0.000662917 6.40439e-06 1.87528e-07
0.000663538 6.39585e-06 1.86835e-07
0.000664159 6.38719e-06 1.86136e-07
0.000664781 6.37842e-06 1.85434e-07
0.000665402 6.36953e-06 1.84727e-07
0.000666023 6.36054e-06 1.84016e-07
0.000666644 6.35143e-06 1.83301e-07
0.000667266 6.34221e-06 1.82582e-07
0.000667887 6.33288e-06 1.81859e-07
0.000668508 6.32343e-06 1.81133e-07
0.00066913 6.31387e-06 1.80403e-07
0.000669751 6.30419e-06 1.7967e-07
0.000670372 6.2944e-06 1.78933e-07
0.000670993 6.28449e-06 1.78194e-07
0.000671615 6.27447e-06 1.77451e-07
0.000672236 6.26433e-06 1.76705e-07
0.000672857 6.25408e-06 1.75957e-07
0.000673479 6.24371e-06 1.75329e-07
0.0006741 6.23323e-06 1.74772e-07
0.000674721 6.22263e-06 1.74208e-07
0.000675342 6.21191e-06 1.73638e-07
0.000675964 6.20108e-06 1.73063e-07
0.000676585 6.19013e-06 1.72481e-07
0.000677206 6.17907e-06 1.71894e-07
0.000677828 6.16789e-06 1.71302e-07
0.000678449 6.1566e-06 1.70703e-07
0.00067907 6.14519e-06 1.701e-07
0.000679692 6.13366e-06 1.69491e-07
0.000680313 6.12386e-06 1.68876e-07
0.000680934 6.11476e-06 1.68256e-07
0.000681555 6.10555e-06 1.67632e-07
0.000682177 6.09623e-06 1.67001e-07
0.000682798 6.08681e-06 1.66366e-07
0.000683419 6.07727e-06 1.65726e-07
0.000684041 6.06763e-06 1.65081e-07
0.000684662 6.05788e-06 1.64432e-07
0.000685283 6.04802e-06 1.63777e-07
0.000685904 6.03806e-06 1.63118e-07
0.000686526 6.02799e-06 1.62454e-07
0.000687147 6.01781e-06 1.61786e-07
0.000687768 6.00753e-06 1.61113e-07
0.00068839 5.99713e-06 1.60436e-07
0.000689011 5.98663e-06 1.59755e-07
0.000689632 5.97603e-06 1.5907e-07
0.000690253 5.96532e-06 1.5838e-07
0.000690875 5.9545e-06 1.57687e-07
0.000691496 5.94358e-06 1.5699e-07
0.000692117 5.93256e-06 1.56288e-07
0.000692739 5.92142e-06 1.55584e-07
0.00069336 5.91019e-06 1.54875e-07
0.000693981 5.89885e-06 1.54163e-07
0.000694602 5.88741e-06 1.53448e-07
0.000695224 5.87589e-06 1.52729e-07
0.000695845 5.86427e-06 1.52006e-07
0.000696466 5.85255e-06 1.51281e-07
0.000697088 5.84073e-06 1.50553e-07
0.000697709 5.82881e-06 1.49821e-07
0.00069833 5.81679e-06 1.49087e-07
0.000698951 5.80467e-06 1.4835e-07
0.000699573 5.79244e-06 1.4761e-07
0.000700194 5.78012e-06 1.46867e-07
0.000700815 5.76771e-06 1.46122e-07
0.000701437 5.75519e-06 1.45374e-07
0.000702058 5.74258e-06 1.44624e-07
0.000702679 5.72988e-06 1.43872e-07
0.000703301 5.71708e-06 1.43117e-07
0.000703922 5.70418e-06 1.42361e-07
0.000704543 5.69119e-06 1.41602e-07
0.000705164 5.67811e-06 1.40841e-07
0.000705786 5.66494e-06 1.40079e-07
0.000706407 5.65168e-06 1.39315e-07
0.000707028 5.63833e-06 1.38549e-07
0.00070765 5.6249e-06 1.37782e-07
0.000708271 5.61137e-06 1.37013e-07
0.000708892 5.59776e-06 1.36243e-07
0.000709513 5.58406e-06 1.35472e-07
0.000710135 5.57028e-06 1.34699e-07
0.000710756 5.55642e-06 1.34017e-07
0.000711377 5.54247e-06 1.345e-07
0.000711999 5.52844e-06 1.34984e-07
0.00071262 5.51434e-06 1.35469e-07
0.000713241 5.50015e-06 1.35954e-07
0.000713862 5.4884e-06 1.36439e-07
0.000714484 5.47689e-06 1.36924e-07
0.000715105 5.46532e-06 1.3741e-07
0.000715726 5.45367e-06 1.37896e-07
0.000716348 5.44195e-06 1.38382e-07
0.000716969 5.43016e-06 1.38869e-07
0.00071759 5.4183e-06 1.39355e-07
0.000718211 5.40638e-06 1.39842e-07
0.000718833 5.39439e-06 1.40328e-07
0.000719454 5.38233e-06 1.40815e-07
0.000720075 5.37021e-06 1.41302e-07
0.000720697 5.35803e-06 1.41788e-07
0.000721318 5.34578e-06 1.42275e-07
0.000721939 5.33347e-06 1.42761e-07
0.000722561 5.3211e-06 1.43247e-07
0.000723182 5.30867e-06 1.43733e-07
0.000723803 5.29618e-06 1.44219e-07
0.000724424 5.28363e-06 1.44704e-07
0.000725046 5.27103e-06 1.4519e-07
0.000725667 5.25836e-06 1.45674e-07
0.000726288 5.24565e-06 1.46159e-07
0.00072691 5.23288e-06 1.46643e-07
0.000727531 5.22005e-06 1.47126e-07
0.000728152 5.20717e-06 1.47609e-07
0.000728773 5.19424e-06 1.48091e-07
0.000729395 5.18127e-06 1.48573e-07
0.000730016 5.16824e-06 1.49054e-07
0.000730637 5.15516e-06 1.49535e-07
0.000731259 5.14204e-06 1.50015e-07
0.00073188 5.12887e-06 1.50494e-07
0.000732501 5.11566e-06 1.50972e-07
0.000733122 5.1024e-06 1.51449e-07
0.000733744 5.0891e-06 1.51926e-07
0.000734365 5.07576e-06 1.52402e-07
0.000734986 5.06238e-06 1.52877e-07
0.000735608 5.04896e-06 1.5335e-07
0.000736229 5.0355e-06 1.53823e-07
0.00073685 5.02236e-06 1.54295e-07
0.000737471 5.0401e-06 1.54766e-07
0.000738093 5.05765e-06 1.55235e-07
0.000738714 5.07503e-06 1.55704e-07
0.000739335 5.09223e-06 1.56171e-07
0.000739957 5.10926e-06 1.56637e-07
0.000740578 5.12611e-06 1.57102e-07
0.000741199 5.14278e-06 1.57566e-07
0.000741821 5.15927e-06 1.58028e-07
0.000742442 5.1756e-06 1.58489e-07
0.000743063 5.19175e-06 1.58948e-07
0.000743684 5.20772e-06 1.59406e-07
0.000744306 5.22353e-06 1.59862e-07
0.000744927 5.23916e-06 1.60317e-07
0.000745548 5.25463e-06 1.60771e-07
0.00074617 5.26992e-06 1.61223e-07
0.000746791 5.28505e-06 1.61673e-07
0.000747412 5.30001e-06 1.62121e-07
0.000748033 5.31481e-06 1.62568e-07
0.000748655 5.32944e-06 1.63014e-07
0.000749276 5.34391e-06 1.63457e-07
0.000749897 5.35821e-06 1.63899e-07
0.000750519 5.37235e-06 1.64338e-07
0.00075114 5.38634e-06 1.64776e-07
0.000751761 5.40016e-06 1.65212e-07
0.000752382 5.41382e-06 1.65646e-07
0.000753004 5.42733e-06 1.66079e-07
0.000753625 5.44068e-06 1.66509e-07
0.000754246 5.45388e-06 1.66937e-07
0.000754868 5.46692e-06 1.67363e-07
0.000755489 5.47981e-06 1.67787e-07
0.00075611 5.49255e-06 1.68209e-07
0.000756731 5.50514e-06 1.68628e-07
0.000757353 5.51758e-06 1.69046e-07
0.000757974 5.52987e-06 1.69461e-07
0.000758595 5.54202e-06 1.69874e-07
0.000759217 5.55402e-06 1.70285e-07
0.000759838 5.56587e-06 1.70694e-07
0.000760459 5.57759e-06 1.711e-07
0.000761081 5.58916e-06 1.71504e-07
0.000761702 5.60059e-06 1.71905e-07
0.000762323 5.61188e-06 1.72304e-07
0.000762944 5.62303e-06 1.72701e-07
0.000763566 5.63404e-06 1.73095e-07
0.000764187 5.64492e-06 1.73486e-07
0.000764808 5.65567e-06 1.73875e-07
0.00076543 5.66628e-06 1.74262e-07
0.000766051 5.67676e-06 1.74646e-07
0.000766672 5.68711e-06 1.75027e-07
0.000767293 5.69732e-06 1.75406e-07
0.000767915 5.70741e-06 1.75782e-07
0.000768536 5.71738e-06 1.76155e-07
0.000769157 5.72721e-06 1.76526e-07
0.000769779 5.73692e-06 1.76894e-07
0.0007704 5.74651e-06 1.77259e-07
0.000771021 5.75597e-06 1.77621e-07
0.000771642 5.76532e-06 1.77981e-07
0.000772264 5.77454e-06 1.78338e-07
0.000772885 5.78364e-06 1.78692e-07
0.000773506 5.79263e-06 1.79043e-07
0.000774128 5.8015e-06 1.79391e-07
0.000774749 5.81025e-06 1.79737e-07
0.00077537 5.81889e-06 1.80079e-07
0.000775991 5.82741e-06 1.80418e-07
0.000776613 5.83583e-06 1.80755e-07
0.000777234 5.84413e-06 1.81088e-07
0.000777855 5.85232e-06 1.81419e-07
0.000778477 5.8604e-06 1.81747e-07
0.000779098 5.86838e-06 1.82071e-07
0.000779719 5.87624e-06 1.82393e-07
0.000780341 5.884e-06 1.82711e-07
0.000780962 5.89166e-06 1.83027e-07
0.000781583 5.89921e-06 1.83339e-07
0.000782204 5.90666e-06 1.83648e-07
0.000782826 5.91401e-06 1.83954e-07
0.000783447 5.92125e-06 1.84257e-07
0.000784068 5.9284e-06 1.84557e-07
0.00078469 5.93545e-06 1.84854e-07
0.000785311 5.94239e-06 1.85147e-07
0.000785932 5.94925e-06 1.85437e-07
0.000786553 5.956e-06 1.85725e-07
0.000787175 5.96266e-06 1.86008e-07
0.000787796 5.96923e-06 1.86289e-07
0.000788417 5.9757e-06 1.86567e-07
0.000789039 5.98208e-06 1.86841e-07
0.00078966 5.98837e-06 1.87112e-07
0.000790281 5.99456e-06 1.8738e-07
0.000790902 6.00067e-06 1.87645e-07
0.000791524 6.00668e-06 1.87906e-07
0.000792145 6.01261e-06 1.88164e-07
0.000792766 6.01845e-06 1.88419e-07
0.000793388 6.0242e-06 1.8867e-07
0.000794009 6.02987e-06 1.88919e-07
0.00079463 6.03545e-06 1.89164e-07
0.000795251 6.04094e-06 1.89405e-07
0.000795873 6.04635e-06 1.89644e-07
0.000796494 6.05168e-06 1.89879e-07
0.000797115 6.05692e-06 1.9011e-07
0.000797737 6.06209e-06 1.90339e-07
0.000798358 6.06717e-06 1.90564e-07
0.000798979 6.07216e-06 1.90786e-07
0.000799601 6.07708e-06 1.91004e-07
0.000800222 6.08192e-06 1.9122e-07
0.000800843 6.08668e-06 1.91432e-07
0.000801464 6.09136e-06 1.9164e-07
0.000802086 6.09596e-06 1.91845e-07
0.000802707 6.10048e-06 1.92047e-07
0.000803328 6.10493e-06 1.92246e-07
0.00080395 6.1093e-06 1.92441e-07
0.000804571 6.11359e-06 1.92633e-07
0.000805192 6.11781e-06 1.92822e-07
0.000805813 6.12195e-06 1.93007e-07
0.000806435 6.12601e-06 1.93189e-07
0.000807056 6.13e-06 1.93368e-07
0.000807677 6.13392e-06 1.93544e-07
0.000808299 6.13776e-06 1.93716e-07
0.00080892 6.14153e-06 1.93885e-07
0.000809541 6.14523e-06 1.9405e-07
0.000810162 6.14885e-06 1.94213e-07
0.000810784 6.15241e-06 1.94372e-07
0.000811405 6.15588e-06 1.94527e-07
0.000812026 6.15929e-06 1.9468e-07
0.000812648 6.16263e-06 1.94829e-07
0.000813269 6.16589e-06 1.94975e-07
0.00081389 6.16908e-06 1.95118e-07
0.000814511 6.17221e-06 1.95257e-07
0.000815133 6.17526e-06 1.95393e-07
0.000815754 6.17824e-06 1.95526e-07
0.000816375 6.18115e-06 1.95656e-07
0.000816997 6.18399e-06 1.95782e-07
0.000817618 6.18676e-06 1.95906e-07
0.000818239 6.18946e-06 1.96026e-07
0.000818861 6.1921e-06 1.96142e-07
0.000819482 6.19466e-06 1.96256e-07
0.000820103 6.19715e-06 1.96367e-07
0.000820724 6.19958e-06 1.96474e-07
0.000821346 6.20193e-06 1.96578e-07
0.000821967 6.20422e-06 1.96679e-07
0.000822588 6.20644e-06 1.96777e-07
0.00082321 6.20858e-06 1.96872e-07
0.000823831 6.21066e-06 1.96963e-07
0.000824452 6.21268e-06 1.97052e-07
0.000825073 6.21462e-06 1.97137e-07
0.000825695 6.21649e-06 1.97219e-07
0.000826316 6.2183e-06 1.97298e-07
0.000826937 6.22003e-06 1.97374e-07
0.000827559 6.2217e-06 1.97447e-07
0.00082818 6.2233e-06 1.97517e-07
0.000828801 6.22484e-06 1.97584e-07
0.000829422 6.2263e-06 1.97648e-07
0.000830044 6.22769e-06 1.97709e-07
0.000830665 6.22902e-06 1.97767e-07
0.000831286 6.23028e-06 1.97822e-07
0.000831908 6.23146e-06 1.97874e-07
0.000832529 6.23258e-06 1.97923e-07
0.00083315 6.23363e-06 1.97969e-07
0.000833771 6.23462e-06 1.98012e-07
0.000834393 6.23553e-06 1.98052e-07
0.000835014 6.23637e-06 1.98089e-07
0.000835635 6.23715e-06 1.98123e-07
0.000836257 6.23785e-06 1.98155e-07
0.000836878 6.23849e-06 1.98183e-07
0.000837499 6.23905e-06 1.98209e-07
0.000838121 6.23955e-06 1.98232e-07
0.000838742 6.23997e-06 1.98252e-07
0.000839363 6.24033e-06 1.98269e-07
0.000839984 6.24062e-06 1.98283e-07
0.000840606 6.24083e-06 1.98295e-07
0.000841227 6.24098e-06 1.98304e-07
0.000841848 6.24105e-06 1.9831e-07
0.00084247 6.24106e-06 1.98313e-07
0.000843091 6.24099e-06 1.98314e-07
0.000843712 6.24085e-06 1.98312e-07
0.000844333 6.24064e-06 1.98307e-07
0.000844955 6.24036e-06 1.98299e-07
0.000845576 6.24001e-06 1.98289e-07
0.000846197 6.23958e-06 1.98276e-07
0.000846819 6.23909e-06 1.98261e-07
0.00084744 6.23852e-06 1.98242e-07
0.000848061 6.23788e-06 1.98222e-07
0.000848682 6.23717e-06 1.98198e-07
0.000849304 6.23638e-06 1.98172e-07
0.000849925 6.23552e-06 1.98144e-07
0.000850546 6.23459e-06 1.98113e-07
0.000851168 6.23359e-06 1.98079e-07
0.000851789 6.23251e-06 1.98043e-07
0.00085241 6.23136e-06 1.98005e-07
0.000853031 6.23013e-06 1.97964e-07
0.000853653 6.22883e-06 1.9792e-07
0.000854274 6.22749e-06 1.97874e-07
0.000854895 6.22611e-06 1.97826e-07
0.000855517 6.22465e-06 1.97775e-07
0.000856138 6.22312e-06 1.97722e-07
0.000856759 6.22151e-06 1.97666e-07
0.000857381 6.21984e-06 1.97608e-07
0.000858002 6.21808e-06 1.97548e-07
0.000858623 6.21625e-06 1.97485e-07
0.000859244 6.21435e-06 1.9742e-07
0.000859866 6.21237e-06 1.97353e-07
0.000860487 6.21032e-06 1.97284e-07
0.000861108 6.20819e-06 1.97212e-07
0.00086173 6.20598e-06 1.97138e-07
0.000862351 6.2037e-06 1.97062e-07
0.000862972 6.20135e-06 1.96983e-07
0.000863593 6.19891e-06 1.96903e-07
0.000864215 6.19641e-06 1.9682e-07
0.000864836 6.19382e-06 1.96735e-07
0.000865457 6.19116e-06 1.96648e-07
0.000866079 6.18842e-06 1.96559e-07
0.0008667 6.1856e-06 1.96467e-07
0.000867321 6.18271e-06 1.96374e-07
0.000867942 6.17974e-06 1.96278e-07
0.000868564 6.1767e-06 1.96181e-07
0.000869185 6.17357e-06 1.96081e-07
0.000869806 6.17037e-06 1.9598e-07
0.000870428 6.16709e-06 1.95876e-07
0.000871049 6.16374e-06 1.95771e-07
0.00087167 6.1603e-06 1.95663e-07
0.000872291 6.15679e-06 1.95554e-07
0.000872913 6.1532e-06 1.95442e-07
0.000873534 6.14954e-06 1.95329e-07
0.000874155 6.1458e-06 1.95214e-07
0.000874777 6.14198e-06 1.95097e-07
0.000875398 6.13808e-06 1.94978e-07
0.000876019 6.13411e-06 1.94857e-07
0.000876641 6.13005e-06 1.94735e-07
0.000877262 6.12592e-06 1.9461e-07
0.000877883 6.12171e-06 1.94484e-07
0.000878504 6.11742e-06 1.94356e-07
0.000879126 6.11305e-06 1.94226e-07
0.000879747 6.10861e-06 1.94095e-07
0.000880368 6.10408e-06 1.93962e-07
0.00088099 6.09948e-06 1.93827e-07
0.000881611 6.0948e-06 1.93691e-07
0.000882232 6.09004e-06 1.93553e-07
0.000882853 6.0852e-06 1.93413e-07
0.000883475 6.08029e-06 1.93271e-07
0.000884096 6.07529e-06 1.93128e-07
0.000884717 6.07022e-06 1.92984e-07
0.000885339 6.06507e-06 1.92837e-07
0.00088596 6.05984e-06 1.9269e-07
0.000886581 6.05454e-06 1.9254e-07
0.000887202 6.04915e-06 1.9239e-07
0.000887824 6.04369e-06 1.92237e-07
0.000888445 6.03815e-06 1.92083e-07
0.000889066 6.03253e-06 1.91928e-07
0.000889688 6.02684e-06 1.91771e-07
0.000890309 6.02106e-06 1.91613e-07
0.00089093 6.01522e-06 1.91453e-07
0.000891551 6.00929e-06 1.91292e-07
0.000892173 6.00329e-06 1.9113e-07
0.000892794 5.99721e-06 1.90966e-07
0.000893415 5.99105e-06 1.90801e-07
0.000894037 5.98482e-06 1.90634e-07
0.000894658 5.97851e-06 1.90466e-07
0.000895279 5.97212e-06 1.90297e-07
0.000895901 5.96566e-06 1.90127e-07
0.000896522 5.95913e-06 1.89955e-07
0.000897143 5.95252e-06 1.89782e-07
0.000897764 5.94583e-06 1.89608e-07
0.000898386 5.93907e-06 1.89432e-07
0.000899007 5.93224e-06 1.89256e-07
0.000899628 5.92533e-06 1.89078e-07
0.00090025 5.91834e-06 1.88898e-07
0.000900871 5.91129e-06 1.88718e-07
0.000901492 5.90416e-06 1.88537e-07
0.000902113 5.89696e-06 1.88354e-07
0.000902735 5.88968e-06 1.8817e-07
0.000903356 5.88234e-06 1.87985e-07
0.000903977 5.87492e-06 1.87799e-07
0.000904599 5.86743e-06 1.87612e-07
0.00090522 5.85987e-06 1.87424e-07
0.000905841 5.85224e-06 1.87235e-07
0.000906462 5.84454e-06 1.87045e-07
0.000907084 5.83676e-06 1.86853e-07
0.000907705 5.82892e-06 1.86661e-07
0.000908326 5.82101e-06 1.86468e-07
0.000908948 5.81304e-06 1.86273e-07
0.000909569 5.80499e-06 1.86078e-07
0.00091019 5.79688e-06 1.85882e-07
0.000910811 5.7887e-06 1.85684e-07
0.000911433 5.78045e-06 1.85486e-07
0.000912054 5.77214e-06 1.85287e-07
0.000912675 5.76377e-06 1.85087e-07
0.000913297 5.7559e-06 1.84886e-07
0.000913918 5.74797e-06 1.84684e-07
0.000914539 5.73998e-06 1.84481e-07
0.00091516 5.73192e-06 1.84278e-07
0.000915782 5.72381e-06 1.84073e-07
0.000916403 5.71563e-06 1.83868e-07
0.000917024 5.7074e-06 1.83662e-07
0.000917646 5.69911e-06 1.83454e-07
0.000918267 5.69076e-06 1.83247e-07
0.000918888 5.68235e-06 1.83038e-07
0.00091951 5.67388e-06 1.82828e-07
0.000920131 5.66535e-06 1.82618e-07
0.000920752 5.65677e-06 1.82407e-07
0.000921373 5.64813e-06 1.82195e-07
0.000921995 5.63944e-06 1.81982e-07
0.000922616 5.63069e-06 1.81769e-07
0.000923237 5.62189e-06 1.81555e-07
0.000923859 5.61304e-06 1.8134e-07
0.00092448 5.60413e-06 1.81124e-07
0.000925101 5.59517e-06 1.80908e-07
0.000925722 5.58616e-06 1.80691e-07
0.000926344 5.5771e-06 1.80473e-07
0.000926965 5.56798e-06 1.80255e-07
0.000927586 5.55882e-06 1.80036e-07
0.000928208 5.54961e-06 1.79816e-07
0.000928829 5.54035e-06 1.79596e-07
0.00092945 5.53104e-06 1.79374e-07
0.000930071 5.52168e-06 1.79153e-07
0.000930693 5.51262e-06 1.7893e-07
0.000931314 5.50389e-06 1.78707e-07
0.000931935 5.49512e-06 1.78483e-07
0.000932557 5.48631e-06 1.78259e-07
0.000933178 5.47745e-06 1.78034e-07
0.000933799 5.46856e-06 1.77808e-07
0.00093442 5.45962e-06 1.77582e-07
0.000935042 5.45064e-06 1.77356e-07
0.000935663 5.44162e-06 1.77128e-07
0.000936284 5.43256e-06 1.769e-07
0.000936906 5.42346e-06 1.76672e-07
0.000937527 5.41432e-06 1.76442e-07
0.000938148 5.40515e-06 1.76213e-07
0.00093877 5.39594e-06 1.75983e-07
0.000939391 5.38669e-06 1.75752e-07
0.000940012 5.3774e-06 1.7552e-07
0.000940633 5.36809e-06 1.75288e-07
0.000941255 5.35874e-06 1.75056e-07
0.000941876 5.34935e-06 1.74823e-07
0.000942497 5.33993e-06 1.74589e-07
0.000943119 5.33048e-06 1.74355e-07
0.00094374 5.321e-06 1.74121e-07
0.000944361 5.31149e-06 1.73886e-07
0.000944982 5.30194e-06 1.7365e-07
0.000945604 5.29237e-06 1.73414e-07
0.000946225 5.28277e-06 1.73177e-07
0.000946846 5.27314e-06 1.7294e-07
0.000947468 5.26349e-06 1.72702e-07
0.000948089 5.2538e-06 1.72464e-07
0.00094871 5.24409e-06 1.72225e-07
0.000949331 5.23436e-06 1.71986e-07
0.000949953 5.2246e-06 1.71747e-07
0.000950574 5.21482e-06 1.71507e-07
0.000951195 5.20501e-06 1.71266e-07
0.000951817 5.19557e-06 1.71025e-07
0.000952438 5.18715e-06 1.70783e-07
0.000953059 5.1787e-06 1.70541e-07
0.00095368 5.17023e-06 1.70299e-07
0.000954302 5.16173e-06 1.70056e-07
0.000954923 5.15321e-06 1.69813e-07
0.000955544 5.14467e-06 1.69569e-07
0.000956166 5.13611e-06 1.69325e-07
0.000956787 5.12753e-06 1.6908e-07
0.000957408 5.11893e-06 1.68835e-07
0.00095803 5.11031e-06 1.68589e-07
0.000958651 5.10167e-06 1.68343e-07
0.000959272 5.09302e-06 1.68097e-07
0.000959893 5.08434e-06 1.6785e-07
0.000960515 5.07565e-06 1.67603e-07
0.000961136 5.06694e-06 1.67355e-07
0.000961757 5.05822e-06 1.67107e-07
0.000962379 5.04948e-06 1.66858e-07
0.000963 5.04072e-06 1.66609e-07
0.000963621 5.03195e-06 1.6636e-07
0.000964242 5.02317e-06 1.6611e-07
0.000964864 5.01437e-06 1.6586e-07
0.000965485 5.00556e-06 1.65609e-07
0.000966106 4.99674e-06 1.65358e-07
0.000966728 4.9879e-06 1.65106e-07
0.000967349 4.97906e-06 1.64855e-07
0.00096797 4.9702e-06 1.64602e-07
0.000968591 4.96134e-06 1.6435e-07
0.000969213 4.95246e-06 1.64097e-07
0.000969834 4.94357e-06 1.63843e-07
0.000970455 4.93468e-06 1.6359e-07
0.000971077 4.92578e-06 1.63335e-07
0.000971698 4.91687e-06 1.63081e-07
0.000972319 4.90795e-06 1.62826e-07
0.00097294 4.89903e-06 1.62571e-07
0.000973562 4.8901e-06 1.62315e-07
0.000974183 4.88117e-06 1.62059e-07
0.000974804 4.87223e-06 1.61803e-07
0.000975426 4.86328e-06 1.61546e-07
0.000976047 4.85433e-06 1.61289e-07
0.000976668 4.84538e-06 1.61031e-07
0.00097729 4.83643e-06 1.60773e-07
0.000977911 4.82747e-06 1.60515e-07
0.000978532 4.81851e-06 1.60257e-07
0.000979153 4.80955e-06 1.59998e-07
0.000979775 4.80059e-06 1.59739e-07
0.000980396 4.79162e-06 1.59479e-07
0.000981017 4.78266e-06 1.59219e-07
0.000981639 4.77984e-06 1.58959e-07
0.00098226 4.78141e-06 1.58699e-07
0.000982881 4.783e-06 1.58438e-07
0.000983502 4.78463e-06 1.58177e-07
0.000984124 4.78628e-06 1.57915e-07
0.000984745 4.78796e-06 1.57653e-07
0.000985366 4.78968e-06 1.57391e-07
0.000985988 4.79142e-06 1.57129e-07
0.000986609 4.79319e-06 1.56866e-07
0.00098723 4.79499e-06 1.56603e-07
0.000987851 4.79683e-06 1.5634e-07
0.000988473 4.79869e-06 1.56076e-07
0.000989094 4.80059e-06 1.55813e-07
0.000989715 4.80252e-06 1.55548e-07
0.000990337 4.80449e-06 1.55284e-07
0.000990958 4.80648e-06 1.55019e-07
0.000991579 4.80851e-06 1.54754e-07
0.0009922 4.81058e-06 1.54489e-07
0.000992822 4.81268e-06 1.54223e-07
0.000993443 4.81481e-06 1.53958e-07
0.000994064 4.81698e-06 1.53692e-07
0.000994686 4.81918e-06 1.53425e-07
0.000995307 4.82142e-06 1.53159e-07
0.000995928 4.82369e-06 1.52892e-07
0.00099655 4.826e-06 1.52625e-07
0.000997171 4.82835e-06 1.52358e-07
0.000997792 4.83073e-06 1.5209e-07
0.000998413 4.83315e-06 1.51823e-07
0.000999035 4.8356e-06 1.51555e-07
0.000999656 4.83809e-06 1.51287e-07
0.00100028 4.84062e-06 1.51018e-07
0.0010009 4.84319e-06 1.5075e-07
0.00100152 4.84579e-06 1.50481e-07
0.00100214 4.84843e-06 1.50212e-07
0.00100276 4.85111e-06 1.49943e-07
0.00100338 4.85382e-06 1.49673e-07
0.001004 4.85657e-06 1.49404e-07
0.00100463 4.85936e-06 1.49134e-07
0.00100525 4.86219e-06 1.48864e-07
0.00100587 4.86505e-06 1.48594e-07
0.00100649 4.86796e-06 1.48324e-07
0.00100711 4.87108e-06 1.48053e-07
0.00100773 4.87442e-06 1.47783e-07
0.00100835 4.87781e-06 1.47512e-07
0.00100898 4.88125e-06 1.47241e-07
0.0010096 4.88474e-06 1.4697e-07
0.00101022 4.88827e-06 1.46699e-07
0.00101084 4.89185e-06 1.46428e-07
0.00101146 4.89548e-06 1.46157e-07
0.00101208 4.89915e-06 1.45885e-07
0.0010127 4.90287e-06 1.45613e-07
0.00101332 4.90663e-06 1.45342e-07
0.00101395 4.91044e-06 1.4507e-07
0.00101457 4.9143e-06 1.44798e-07
0.00101519 4.91819e-06 1.44526e-07
0.00101581 4.92214e-06 1.44254e-07
0.00101643 4.92613e-06 1.43981e-07
0.00101705 4.93016e-06 1.43709e-07
0.00101767 4.93423e-06 1.43437e-07
0.00101829 4.93835e-06 1.43164e-07
0.00101892 4.94251e-06 1.42892e-07
0.00101954 4.94672e-06 1.42619e-07
0.00102016 4.95096e-06 1.42346e-07
0.00102078 4.95525e-06 1.42074e-07
0.0010214 4.95957e-06 1.41801e-07
0.00102202 4.96394e-06 1.41528e-07
0.00102264 4.96835e-06 1.41255e-07
0.00102326 4.97279e-06 1.40982e-07
0.00102389 4.97727e-06 1.40709e-07
0.00102451 4.98179e-06 1.40437e-07
0.00102513 4.98635e-06 1.40164e-07
0.00102575 4.99095e-06 1.39891e-07
0.00102637 4.99558e-06 1.39618e-07
0.00102699 5.00024e-06 1.39345e-07
0.00102761 5.00494e-06 1.39072e-07
0.00102824 5.00967e-06 1.38799e-07
0.00102886 5.01444e-06 1.38825e-07
0.00102948 5.01924e-06 1.38963e-07
0.0010301 5.02407e-06 1.39101e-07
0.00103072 5.02893e-06 1.39241e-07
0.00103134 5.03382e-06 1.39381e-07
0.00103196 5.03874e-06 1.39522e-07
0.00103258 5.04369e-06 1.39664e-07
0.00103321 5.04867e-06 1.39807e-07
0.00103383 5.05367e-06 1.3995e-07
0.00103445 5.0587e-06 1.40095e-07
0.00103507 5.06376e-06 1.4024e-07
0.00103569 5.06883e-06 1.40386e-07
0.00103631 5.07394e-06 1.40532e-07
0.00103693 5.07906e-06 1.40679e-07
0.00103755 5.08421e-06 1.40827e-07
0.00103818 5.08937e-06 1.40975e-07
0.0010388 5.09456e-06 1.41124e-07
0.00103942 5.09976e-06 1.41274e-07
0.00104004 5.10498e-06 1.41424e-07
0.00104066 5.11022e-06 1.41574e-07
0.00104128 5.11547e-06 1.41725e-07
0.0010419 5.12074e-06 1.41876e-07
0.00104252 5.12602e-06 1.42028e-07
0.00104315 5.13132e-06 1.4218e-07
0.00104377 5.13662e-06 1.42333e-07
0.00104439 5.14194e-06 1.42486e-07
0.00104501 5.14727e-06 1.42639e-07
0.00104563 5.1526e-06 1.42792e-07
0.00104625 5.15794e-06 1.42945e-07
0.00104687 5.16329e-06 1.43099e-07
0.0010475 5.16864e-06 1.43253e-07
0.00104812 5.17399e-06 1.43407e-07
0.00104874 5.17935e-06 1.43561e-07
0.00104936 5.18471e-06 1.43715e-07
0.00104998 5.19007e-06 1.43869e-07
0.0010506 5.19543e-06 1.44023e-07
0.00105122 5.20079e-06 1.44177e-07
0.00105184 5.20614e-06 1.44331e-07
0.00105247 5.21149e-06 1.44485e-07
0.00105309 5.21684e-06 1.44639e-07
0.00105371 5.22218e-06 1.44792e-07
0.00105433 5.22751e-06 1.44946e-07
0.00105495 5.23283e-06 1.45099e-07
0.00105557 5.23814e-06 1.45251e-07
0.00105619 5.24344e-06 1.45404e-07
0.00105681 5.24873e-06 1.45556e-07
0.00105744 5.254e-06 1.45708e-07
0.00105806 5.25926e-06 1.45859e-07
0.00105868 5.2645e-06 1.4601e-07
0.0010593 5.26973e-06 1.4616e-07
0.00105992 5.27493e-06 1.4631e-07
0.00106054 5.28012e-06 1.46459e-07
0.00106116 5.28528e-06 1.46608e-07
0.00106178 5.29043e-06 1.46756e-07
0.00106241 5.29554e-06 1.46903e-07
0.00106303 5.30064e-06 1.4705e-07
0.00106365 5.30571e-06 1.47196e-07
0.00106427 5.31075e-06 1.47341e-07
0.00106489 5.31576e-06 1.47485e-07
0.00106551 5.32074e-06 1.47628e-07
0.00106613 5.32569e-06 1.47771e-07
0.00106676 5.33061e-06 1.47912e-07
0.00106738 5.3355e-06 1.48053e-07
0.001068 5.34035e-06 1.48193e-07
0.00106862 5.34516e-06 1.48331e-07
0.00106924 5.34994e-06 1.48469e-07
0.00106986 5.35468e-06 1.48606e-07
0.00107048 5.35938e-06 1.48741e-07
0.0010711 5.36403e-06 1.48875e-07
0.00107173 5.36865e-06 1.49008e-07
0.00107235 5.37322e-06 1.4914e-07
0.00107297 5.37775e-06 1.4927e-07
0.00107359 5.38223e-06 1.49399e-07
0.00107421 5.38667e-06 1.49527e-07
0.00107483 5.39105e-06 1.49654e-07
0.00107545 5.39539e-06 1.49779e-07
0.00107607 5.39968e-06 1.49902e-07
0.0010767 5.40391e-06 1.50024e-07
0.00107732 5.40809e-06 1.50145e-07
0.00107794 5.41222e-06 1.50264e-07
0.00107856 5.41629e-06 1.50381e-07
0.00107918 5.42031e-06 1.50497e-07
0.0010798 5.42426e-06 1.50611e-07
0.00108042 5.42816e-06 1.50724e-07
0.00108104 5.432e-06 1.50835e-07
0.00108167 5.43578e-06 1.50944e-07
0.00108229 5.43949e-06 1.51051e-07
0.00108291 5.44314e-06 1.51156e-07
0.00108353 5.44673e-06 1.5126e-07
0.00108415 5.45025e-06 1.51362e-07
0.00108477 5.45371e-06 1.51461e-07
0.00108539 5.45709e-06 1.51559e-07
0.00108602 5.46041e-06 1.51655e-07
0.00108664 5.46366e-06 1.51749e-07
0.00108726 5.46684e-06 1.51841e-07
0.00108788 5.46994e-06 1.51931e-07
0.0010885 5.47298e-06 1.52019e-07
0.00108912 5.47593e-06 1.52104e-07
0.00108974 5.47882e-06 1.52188e-07
0.00109036 5.48162e-06 1.52269e-07
0.00109099 5.48435e-06 1.52348e-07
0.00109161 5.487e-06 1.52425e-07
0.00109223 5.48957e-06 1.525e-07
0.00109285 5.49207e-06 1.52572e-07
0.00109347 5.49448e-06 1.52642e-07
0.00109409 5.49681e-06 1.5271e-07
0.00109471 5.49905e-06 1.52775e-07
0.00109533 5.50121e-06 1.52838e-07
0.00109596 5.50329e-06 1.52898e-07
0.00109658 5.50528e-06 1.52956e-07
0.0010972 5.50719e-06 1.53012e-07
0.00109782 5.50901e-06 1.53065e-07
0.00109844 5.51074e-06 1.53116e-07
0.00109906 5.51238e-06 1.53164e-07
0.00109968 5.51393e-06 1.53209e-07
0.0011003 5.51539e-06 1.53252e-07
0.00110093 5.51676e-06 1.53292e-07
0.00110155 5.51804e-06 1.5333e-07
0.00110217 5.51922e-06 1.53365e-07
0.00110279 5.52031e-06 1.53397e-07
0.00110341 5.52131e-06 1.53427e-07
0.00110403 5.52221e-06 1.53454e-07
0.00110465 5.52302e-06 1.53478e-07
0.00110528 5.52373e-06 1.535e-07
0.0011059 5.52434e-06 1.53518e-07
0.00110652 5.52485e-06 1.53534e-07
0.00110714 5.52527e-06 1.53547e-07
0.00110776 5.52559e-06 1.53558e-07
0.00110838 5.5258e-06 1.53565e-07
0.001109 5.52592e-06 1.5357e-07
0.00110962 5.52594e-06 1.53572e-07
0.00111025 5.52585e-06 1.5357e-07
0.00111087 5.52566e-06 1.53566e-07
0.00111149 5.52537e-06 1.53559e-07
0.00111211 5.52498e-06 1.53549e-07
0.00111273 5.52449e-06 1.53537e-07
0.00111335 5.52389e-06 1.53521e-07
0.00111397 5.52318e-06 1.53502e-07
0.00111459 5.52237e-06 1.5348e-07
0.00111522 5.52146e-06 1.53455e-07
0.00111584 5.52044e-06 1.53428e-07
0.00111646 5.51931e-06 1.53397e-07
0.00111708 5.51808e-06 1.53363e-07
0.0011177 5.51674e-06 1.53326e-07
0.00111832 5.5153e-06 1.53286e-07
0.00111894 5.51374e-06 1.53243e-07
0.00111956 5.51208e-06 1.53197e-07
0.00112019 5.51031e-06 1.53148e-07
0.00112081 5.50844e-06 1.53096e-07
0.00112143 5.50645e-06 1.53041e-07
0.00112205 5.50435e-06 1.52982e-07
0.00112267 5.50215e-06 1.52921e-07
0.00112329 5.49984e-06 1.52856e-07
0.00112391 5.49742e-06 1.52789e-07
0.00112454 5.49488e-06 1.52718e-07
0.00112516 5.49224e-06 1.52644e-07
0.00112578 5.48949e-06 1.52567e-07
0.0011264 5.48663e-06 1.52487e-07
0.00112702 5.48366e-06 1.52404e-07
0.00112764 5.48058e-06 1.52317e-07
0.00112826 5.47739e-06 1.52228e-07
0.00112888 5.47408e-06 1.52135e-07
0.00112951 5.47067e-06 1.52039e-07
0.00113013 5.46715e-06 1.5194e-07
0.00113075 5.46352e-06 1.51838e-07
0.00113137 5.45977e-06 1.51733e-07
0.00113199 5.45592e-06 1.51625e-07
0.00113261 5.45196e-06 1.51514e-07
0.00113323 5.44789e-06 1.51399e-07
0.00113385 5.4437e-06 1.51281e-07
0.00113448 5.43941e-06 1.5116e-07
0.0011351 5.43501e-06 1.51037e-07
0.00113572 5.43049e-06 1.5091e-07
0.00113634 5.42587e-06 1.50779e-07
0.00113696 5.42114e-06 1.50646e-07
0.00113758 5.4163e-06 1.5051e-07
0.0011382 5.41135e-06 1.5037e-07
0.00113882 5.40629e-06 1.50228e-07
0.00113945 5.40113e-06 1.50082e-07
0.00114007 5.39585e-06 1.49934e-07
0.00114069 5.39047e-06 1.49782e-07
0.00114131 5.38498e-06 1.49627e-07
0.00114193 5.37938e-06 1.4947e-07
0.00114255 5.37367e-06 1.49309e-07
0.00114317 5.36786e-06 1.49145e-07
0.0011438 5.36195e-06 1.48978e-07
0.00114442 5.35592e-06 1.48808e-07
0.00114504 5.34979e-06 1.48635e-07
0.00114566 5.34356e-06 1.4846e-07
0.00114628 5.33722e-06 1.48281e-07
0.0011469 5.33077e-06 1.48099e-07
0.00114752 5.32422e-06 1.47914e-07
0.00114814 5.31757e-06 1.47727e-07
0.00114877 5.31082e-06 1.47536e-07
0.00114939 5.30396e-06 1.47343e-07
0.00115001 5.297e-06 1.47146e-07
0.00115063 5.28994e-06 1.46947e-07
0.00115125 5.28278e-06 1.46745e-07
0.00115187 5.27552e-06 1.4654e-07
0.00115249 5.26815e-06 1.46333e-07
0.00115311 5.26069e-06 1.46122e-07
0.00115374 5.25313e-06 1.45909e-07
0.00115436 5.24547e-06 1.45693e-07
0.00115498 5.23771e-06 1.45474e-07
0.0011556 5.22986e-06 1.45252e-07
0.00115622 5.22191e-06 1.45028e-07
0.00115684 5.21386e-06 1.44801e-07
0.00115746 5.20572e-06 1.44571e-07
0.00115808 5.19749e-06 1.44339e-07
0.00115871 5.18916e-06 1.44104e-07
0.00115933 5.18073e-06 1.43866e-07
0.00115995 5.17222e-06 1.43626e-07
0.00116057 5.16361e-06 1.43383e-07
0.00116119 5.15492e-06 1.43138e-07
0.00116181 5.14613e-06 1.4289e-07
0.00116243 5.13725e-06 1.42639e-07
0.00116306 5.12828e-06 1.42386e-07
0.00116368 5.11923e-06 1.42131e-07
0.0011643 5.11009e-06 1.41873e-07
0.00116492 5.10086e-06 1.41613e-07
0.00116554 5.09155e-06 1.4135e-07
0.00116616 5.08215e-06 1.41085e-07
0.00116678 5.07267e-06 1.40817e-07
0.0011674 5.0631e-06 1.40547e-07
0.00116803 5.05345e-06 1.40275e-07
0.00116865 5.04372e-06 1.40001e-07
0.00116927 5.03392e-06 1.39724e-07
0.00116989 5.02403e-06 1.39445e-07
0.00117051 5.01406e-06 1.39164e-07
0.00117113 5.00401e-06 1.38881e-07
0.00117175 4.99389e-06 1.38595e-07
0.00117237 4.98369e-06 1.38307e-07
0.001173 4.97341e-06 1.38018e-07
0.00117362 4.96306e-06 1.37726e-07
0.00117424 4.95264e-06 1.37432e-07
0.00117486 4.94215e-06 1.37136e-07
0.00117548 4.93158e-06 1.36838e-07
0.0011761 4.92094e-06 1.36538e-07
0.00117672 4.91024e-06 1.36236e-07
0.00117734 4.90017e-06 1.35932e-07
0.00117797 4.89042e-06 1.35627e-07
0.00117859 4.8806e-06 1.35319e-07
0.00117921 4.87071e-06 1.3501e-07
0.00117983 4.86076e-06 1.34698e-07
0.00118045 4.85075e-06 1.34385e-07
0.00118107 4.84067e-06 1.34071e-07
0.00118169 4.83053e-06 1.33754e-07
0.00118232 4.82034e-06 1.33436e-07
0.00118294 4.81008e-06 1.33116e-07
0.00118356 4.79976e-06 1.32794e-07
0.00118418 4.78939e-06 1.32471e-07
0.0011848 4.77895e-06 1.32147e-07
0.00118542 4.76847e-06 1.3182e-07
0.00118604 4.75792e-06 1.31492e-07
0.00118666 4.74732e-06 1.31163e-07
0.00118729 4.73667e-06 1.30832e-07
0.00118791 4.72596e-06 1.305e-07
0.00118853 4.71521e-06 1.30167e-07
0.00118915 4.7044e-06 1.29832e-07
0.00118977 4.69354e-06 1.29495e-07
0.00119039 4.68263e-06 1.29158e-07
0.00119101 4.67167e-06 1.28819e-07
0.00119163 4.66067e-06 1.28479e-07
0.00119226 4.64962e-06 1.28137e-07
0.00119288 4.63852e-06 1.27795e-07
0.0011935 4.62738e-06 1.27451e-07
0.00119412 4.6162e-06 1.27106e-07
0.00119474 4.60497e-06 1.2676e-07
0.00119536 4.5937e-06 1.26413e-07
0.00119598 4.58239e-06 1.26065e-07
0.0011966 4.57104e-06 1.25716e-07
0.00119723 4.55965e-06 1.25366e-07
0.00119785 4.54822e-06 1.25014e-07
0.00119847 4.53676e-06 1.24663e-07
0.00119909 4.52526e-06 1.2431e-07
0.00119971 4.51372e-06 1.23956e-07
0.00120033 4.50215e-06 1.23601e-07
0.00120095 4.49055e-06 1.23246e-07
0.00120158 4.47891e-06 1.2289e-07
0.0012022 4.46724e-06 1.22533e-07
0.00120282 4.45555e-06 1.22175e-07
0.00120344 4.44382e-06 1.21817e-07
0.00120406 4.43206e-06 1.21458e-07
0.00120468 4.42028e-06 1.21099e-07
0.0012053 4.41007e-06 1.20739e-07
0.00120592 4.40011e-06 1.20378e-07
0.00120655 4.39013e-06 1.20017e-07
0.00120717 4.38013e-06 1.19655e-07
0.00120779 4.37009e-06 1.19293e-07
0.00120841 4.36003e-06 1.18931e-07
0.00120903 4.34995e-06 1.18568e-07
0.00120965 4.33984e-06 1.18204e-07
0.00121027 4.32971e-06 1.17841e-07
0.00121089 4.31955e-06 1.17477e-07
0.00121152 4.30938e-06 1.17112e-07
0.00121214 4.29918e-06 1.16748e-07
0.00121276 4.28896e-06 1.16383e-07
0.00121338 4.27873e-06 1.16018e-07
0.001214 4.26847e-06 1.15653e-07
0.00121462 4.2582e-06 1.15287e-07
0.00121524 4.24791e-06 1.14922e-07
0.00121586 4.2376e-06 1.14557e-07
0.00121649 4.22728e-06 1.14191e-07
0.00121711 4.21694e-06 1.13825e-07
0.00121773 4.20659e-06 1.1346e-07
0.00121835 4.19622e-06 1.13094e-07
0.00121897 4.18584e-06 1.12729e-07
0.00121959 4.17545e-06 1.12364e-07
0.00122021 4.16505e-06 1.11998e-07
0.00122084 4.15463e-06 1.11633e-07
0.00122146 4.14421e-06 1.11268e-07
0.00122208 4.13378e-06 1.10903e-07
0.0012227 4.12334e-06 1.10539e-07
0.00122332 4.11289e-06 1.10175e-07
0.00122394 4.10243e-06 1.09811e-07
0.00122456 4.09197e-06 1.09447e-07
0.00122518 4.08151e-06 1.09084e-07
0.00122581 4.07103e-06 1.08721e-07
0.00122643 4.06056e-06 1.08358e-07
0.00122705 4.05008e-06 1.07996e-07
0.00122767 4.03959e-06 1.07634e-07
0.00122829 4.02911e-06 1.07273e-07
0.00122891 4.01862e-06 1.06912e-07
0.00122953 4.00814e-06 1.06551e-07
0.00123015 3.99765e-06 1.06192e-07
0.00123078 3.98716e-06 1.05832e-07
0.0012314 3.97668e-06 1.05474e-07
0.00123202 3.9662e-06 1.05116e-07
0.00123264 3.95572e-06 1.04758e-07
0.00123326 3.94524e-06 1.04402e-07
0.00123388 3.93477e-06 1.04046e-07
0.0012345 3.9243e-06 1.0369e-07
0.00123512 3.91384e-06 1.03336e-07
0.00123575 3.90369e-06 1.02982e-07
0.00123637 3.89594e-06 1.02629e-07
0.00123699 3.88818e-06 1.02277e-07
0.00123761 3.88043e-06 1.01925e-07
0.00123823 3.87268e-06 1.01575e-07
0.00123885 3.86492e-06 1.01225e-07
0.00123947 3.85717e-06 1.00876e-07
0.0012401 3.84942e-06 1.00528e-07
0.00124072 3.84167e-06 1.00181e-07
0.00124134 3.83392e-06 9.98351e-08
0.00124196 3.82617e-06 9.94901e-08
0.00124258 3.81842e-06 9.9146e-08
0.0012432 3.81068e-06 9.88034e-08
0.00124382 3.80294e-06 9.84805e-08
0.00124444 3.79521e-06 9.81847e-08
0.00124507 3.78748e-06 9.79131e-08
0.00124569 3.77975e-06 9.76647e-08
0.00124631 3.77203e-06 9.74357e-08
0.00124693 3.76431e-06 9.72266e-08
0.00124755 3.7566e-06 9.70337e-08
0.00124817 3.7489e-06 9.68561e-08
0.00124879 3.7412e-06 9.66987e-08
0.00124941 3.73351e-06 9.65519e-08
0.00125004 3.72583e-06 9.64155e-08
0.00125066 3.71815e-06 9.62979e-08
0.00125128 3.71048e-06 9.61824e-08
0.0012519 3.70282e-06 9.60854e-08
0.00125252 3.69686e-06 9.59907e-08
0.00125314 3.69663e-06 9.58957e-08
0.00125376 3.69637e-06 9.58395e-08
0.00125438 3.69609e-06 9.57854e-08
0.00125501 3.69579e-06 9.57308e-08
0.00125563 3.69547e-06 9.56757e-08
0.00125625 3.69513e-06 9.56399e-08
0.00125687 3.69477e-06 9.56039e-08
0.00125749 3.69438e-06 9.55674e-08
0.00125811 3.69398e-06 9.55435e-08
0.00125873 3.69356e-06 9.55251e-08
0.00125936 3.69311e-06 9.5506e-08
0.00125998 3.69265e-06 9.54891e-08
0.0012606 3.69216e-06 9.54873e-08
0.00126122 3.69166e-06 9.54846e-08
0.00126184 3.69113e-06 9.54812e-08
0.00126246 3.69059e-06 9.54769e-08
0.00126308 3.69002e-06 9.54888e-08
0.0012637 3.68944e-06 9.55006e-08
0.00126433 3.68884e-06 9.55114e-08
0.00126495 3.68821e-06 9.55213e-08
0.00126557 3.68757e-06 9.55324e-08
0.00126619 3.6869e-06 9.55572e-08
0.00126681 3.68622e-06 9.5581e-08
0.00126743 3.68552e-06 9.56038e-08
0.00126805 3.6848e-06 9.56255e-08
0.00126867 3.68406e-06 9.56462e-08
0.0012693 3.6833e-06 9.56717e-08
0.00126992 3.68252e-06 9.5706e-08
0.00127054 3.68172e-06 9.57391e-08
0.00127116 3.68091e-06 9.5771e-08
0.00127178 3.68007e-06 9.58019e-08
0.0012724 3.67922e-06 9.58316e-08
0.00127302 3.67834e-06 9.58601e-08
0.00127364 3.67745e-06 9.58958e-08
0.00127427 3.67654e-06 9.59364e-08
0.00127489 3.67561e-06 9.59758e-08
0.00127551 3.67467e-06 9.6014e-08
0.00127613 3.6737e-06 9.6051e-08
0.00127675 3.67272e-06 9.60866e-08
0.00127737 3.67172e-06 9.61211e-08
0.00127799 3.6707e-06 9.61542e-08
0.00127862 3.66966e-06 9.61861e-08
0.00127924 3.6686e-06 9.62168e-08
0.00127986 3.66753e-06 9.62461e-08
0.00128048 3.66644e-06 9.62742e-08
0.0012811 3.66533e-06 9.63011e-08
0.00128172 3.6642e-06 9.63457e-08
0.00128234 3.66305e-06 9.6395e-08
0.00128296 3.66189e-06 9.64428e-08
0.00128359 3.66071e-06 9.64892e-08
0.00128421 3.65951e-06 9.65342e-08
0.00128483 3.6583e-06 9.65778e-08
0.00128545 3.65706e-06 9.66199e-08
0.00128607 3.65581e-06 9.66606e-08
0.00128669 3.65454e-06 9.66998e-08
0.00128731 3.65326e-06 9.67376e-08
0.00128793 3.65196e-06 9.67739e-08
0.00128856 3.65064e-06 9.68088e-08
0.00128918 3.6493e-06 9.68422e-08
0.0012898 3.64795e-06 9.68742e-08
0.00129042 3.64658e-06 9.69047e-08
0.00129104 3.64519e-06 9.69338e-08
0.00129166 3.64379e-06 9.69614e-08
0.00129228 3.64237e-06 9.69931e-08
0.0012929 3.64093e-06 9.70282e-08
0.00129353 3.63948e-06 9.70619e-08
0.00129415 3.63801e-06 9.7094e-08
0.00129477 3.63652e-06 9.71245e-08
0.00129539 3.63501e-06 9.71536e-08
0.00129601 3.63349e-06 9.7181e-08
0.00129663 3.63196e-06 9.7207e-08
0.00129725 3.6304e-06 9.72314e-08
0.00129788 3.62884e-06 9.72542e-08
0.0012985 3.62725e-06 9.72755e-08
0.00129912 3.62565e-06 9.72953e-08
0.00129974 3.62403e-06 9.73135e-08
0.00130036 3.6224e-06 9.73301e-08
0.00130098 3.62075e-06 9.73452e-08
0.0013016 3.61908e-06 9.73621e-08
0.00130222 3.6174e-06 9.73831e-08
0.00130285 3.6157e-06 9.74025e-08
0.00130347 3.61399e-06 9.74203e-08
0.00130409 3.61226e-06 9.74365e-08
0.00130471 3.61051e-06 9.7451e-08
0.00130533 3.60875e-06 9.74639e-08
0.00130595 3.60697e-06 9.74752e-08
0.00130657 3.60518e-06 9.74849e-08
0.00130719 3.60337e-06 9.7493e-08
0.00130782 3.60155e-06 9.74994e-08
0.00130844 3.59971e-06 9.75043e-08
0.00130906 3.59786e-06 9.75075e-08
0.00130968 3.59599e-06 9.75091e-08
0.0013103 3.5941e-06 9.7509e-08
0.00131092 3.5922e-06 9.75074e-08
0.00131154 3.59029e-06 9.75041e-08
0.00131216 3.58836e-06 9.74993e-08
0.00131279 3.58641e-06 9.74928e-08
0.00131341 3.58445e-06 9.74847e-08
0.00131403 3.58247e-06 9.74792e-08
0.00131465 3.58048e-06 9.74752e-08
0.00131527 3.57847e-06 9.74696e-08
0.00131589 3.57645e-06 9.74622e-08
0.00131651 3.57442e-06 9.74532e-08
0.00131714 3.57237e-06 9.74425e-08
0.00131776 3.5703e-06 9.74301e-08
0.00131838 3.56822e-06 9.74161e-08
0.001319 3.56612e-06 9.74004e-08
0.00131962 3.56401e-06 9.7383e-08
0.00132024 3.56189e-06 9.7364e-08
0.00132086 3.55975e-06 9.73433e-08
0.00132148 3.5576e-06 9.7321e-08
0.00132211 3.55543e-06 9.7297e-08
0.00132273 3.55325e-06 9.72714e-08
0.00132335 3.55105e-06 9.72441e-08
0.00132397 3.54884e-06 9.72151e-08
0.00132459 3.54661e-06 9.71846e-08
0.00132521 3.54437e-06 9.71523e-08
0.00132583 3.54212e-06 9.71185e-08
0.00132645 3.53985e-06 9.7083e-08
0.00132708 3.53757e-06 9.70459e-08
0.0013277 3.53527e-06 9.70072e-08
0.00132832 3.53296e-06 9.69668e-08
0.00132894 3.53063e-06 9.69249e-08
0.00132956 3.52829e-06 9.68813e-08
0.00133018 3.52594e-06 9.68361e-08
0.0013308 3.52357e-06 9.67907e-08
0.00133142 3.52119e-06 9.67475e-08
0.00133205 3.5188e-06 9.67027e-08
0.00133267 3.51639e-06 9.66562e-08
0.00133329 3.51397e-06 9.6608e-08
0.00133391 3.51153e-06 9.65581e-08
0.00133453 3.50908e-06 9.65067e-08
0.00133515 3.50662e-06 9.64535e-08
0.00133577 3.50414e-06 9.63987e-08
0.0013364 3.50165e-06 9.63423e-08
0.00133702 3.49915e-06 9.62842e-08
0.00133764 3.49663e-06 9.62246e-08
0.00133826 3.4941e-06 9.61633e-08
0.00133888 3.49156e-06 9.61003e-08
0.0013395 3.489e-06 9.60358e-08
0.00134012 3.48643e-06 9.59696e-08
0.00134074 3.48385e-06 9.59019e-08
0.00134137 3.48125e-06 9.58326e-08
0.00134199 3.47864e-06 9.57616e-08
0.00134261 3.47602e-06 9.56891e-08
0.00134323 3.47338e-06 9.5615e-08
0.00134385 3.47073e-06 9.55393e-08
0.00134447 3.46807e-06 9.54621e-08
0.00134509 3.4654e-06 9.53833e-08
0.00134571 3.46271e-06 9.5303e-08
0.00134634 3.46001e-06 9.52211e-08
0.00134696 3.45729e-06 9.51377e-08
0.00134758 3.45457e-06 9.50527e-08
0.0013482 3.45183e-06 9.49663e-08
0.00134882 3.44908e-06 9.48783e-08
0.00134944 3.44631e-06 9.47888e-08
0.00135006 3.44354e-06 9.46978e-08
0.00135068 3.44075e-06 9.46053e-08
0.00135131 3.43795e-06 9.45113e-08
0.00135193 3.43513e-06 9.44158e-08
0.00135255 3.43231e-06 9.43188e-08
0.00135317 3.42947e-06 9.42204e-08
0.00135379 3.42662e-06 9.41205e-08
0.00135441 3.42375e-06 9.40192e-08
0.00135503 3.42088e-06 9.39165e-08
0.00135566 3.41799e-06 9.38123e-08
0.00135628 3.41509e-06 9.37066e-08
0.0013569 3.41218e-06 9.35996e-08
0.00135752 3.40926e-06 9.34911e-08
0.00135814 3.40632e-06 9.33812e-08
0.00135876 3.40337e-06 9.327e-08
0.00135938 3.40042e-06 9.31574e-08
0.00136 3.39744e-06 9.30433e-08
0.00136063 3.39446e-06 9.29279e-08
0.00136125 3.39147e-06 9.28112e-08
0.00136187 3.38846e-06 9.26931e-08
0.00136249 3.38544e-06 9.25736e-08
0.00136311 3.38241e-06 9.24529e-08
0.00136373 3.37937e-06 9.23307e-08
0.00136435 3.37632e-06 9.22073e-08
0.00136497 3.37326e-06 9.20826e-08
0.0013656 3.37018e-06 9.19566e-08
0.00136622 3.36709e-06 9.18292e-08
0.00136684 3.364e-06 9.17006e-08
0.00136746 3.36089e-06 9.15708e-08
0.00136808 3.35777e-06 9.14396e-08
0.0013687 3.35464e-06 9.13072e-08
0.00136932 3.35149e-06 9.11736e-08
0.00136994 3.34834e-06 9.10387e-08
0.00137057 3.34517e-06 9.09026e-08
0.00137119 3.342e-06 9.07653e-08
0.00137181 3.33881e-06 9.06268e-08
0.00137243 3.33561e-06 9.04871e-08
0.00137305 3.33241e-06 9.03462e-08
0.00137367 3.32919e-06 9.02041e-08
0.00137429 3.32596e-06 9.00609e-08
0.00137492 3.32272e-06 8.99165e-08
0.00137554 3.31947e-06 8.97709e-08
0.00137616 3.3162e-06 8.96242e-08
0.00137678 3.31293e-06 8.94764e-08
0.0013774 3.30965e-06 8.93275e-08
0.00137802 3.30635e-06 8.91774e-08
0.00137864 3.30305e-06 8.90263e-08
0.00137926 3.29974e-06 8.8874e-08
0.00137989 3.29641e-06 8.87207e-08
0.00138051 3.29308e-06 8.85663e-08
0.00138113 3.28973e-06 8.84109e-08
0.00138175 3.28638e-06 8.82544e-08
0.00138237 3.28301e-06 8.80969e-08
0.00138299 3.27964e-06 8.79383e-08
0.00138361 3.27625e-06 8.77787e-08
0.00138423 3.27286e-06 8.76181e-08
0.00138486 3.26945e-06 8.74565e-08
0.00138548 3.26604e-06 8.7294e-08
0.0013861 3.26261e-06 8.71304e-08
0.00138672 3.25918e-06 8.69659e-08
0.00138734 3.25573e-06 8.68004e-08
0.00138796 3.25228e-06 8.6634e-08
0.00138858 3.24881e-06 8.64667e-08
0.0013892 3.24534e-06 8.62984e-08
0.00138983 3.24185e-06 8.61292e-08
0.00139045 3.23836e-06 8.59591e-08
0.00139107 3.23486e-06 8.57881e-08
0.00139169 3.23135e-06 8.56162e-08
0.00139231 3.22782e-06 8.54435e-08
0.00139293 3.22429e-06 8.52698e-08
0.00139355 3.22075e-06 8.50954e-08
0.00139418 3.2172e-06 8.49201e-08
0.0013948 3.21364e-06 8.47439e-08
0.00139542 3.21008e-06 8.4567e-08
0.00139604 3.2065e-06 8.43892e-08
0.00139666 3.20291e-06 8.42106e-08
0.00139728 3.19932e-06 8.40312e-08
0.0013979 3.19571e-06 8.38511e-08
0.00139852 3.1921e-06 8.36702e-08
0.00139915 3.18848e-06 8.34885e-08
0.00139977 3.18484e-06 8.33061e-08
0.00140039 3.1812e-06 8.31229e-08
0.00140101 3.17755e-06 8.29391e-08
0.00140163 3.17389e-06 8.27545e-08
0.00140225 3.17023e-06 8.25692e-08
0.00140287 3.16655e-06 8.23832e-08
0.00140349 3.16287e-06 8.21965e-08
0.00140412 3.15917e-06 8.20091e-08
0.00140474 3.15547e-06 8.18211e-08
0.00140536 3.15176e-06 8.16324e-08
0.00140598 3.14804e-06 8.14431e-08
0.0014066 3.14431e-06 8.12532e-08
0.00140722 3.14057e-06 8.10626e-08
0.00140784 3.13683e-06 8.08714e-08
0.00140846 3.13307e-06 8.06796e-08
0.00140909 3.12931e-06 8.04916e-08
0.00140971 3.12554e-06 8.03034e-08
0.00141033 3.12176e-06 8.01148e-08
0.00141095 3.11797e-06 7.99256e-08
0.00141157 3.11418e-06 7.97359e-08
0.00141219 3.11037e-06 7.95458e-08
0.00141281 3.10656e-06 7.93551e-08
0.00141344 3.10274e-06 7.9164e-08
0.00141406 3.09891e-06 7.89725e-08
0.00141468 3.09507e-06 7.87805e-08
0.0014153 3.09123e-06 7.8588e-08
0.00141592 3.08737e-06 7.83952e-08
0.00141654 3.08351e-06 7.82019e-08
0.00141716 3.07964e-06 7.80082e-08
0.00141778 3.07576e-06 7.78141e-08
0.00141841 3.07188e-06 7.76196e-08
0.00141903 3.06798e-06 7.74247e-08
0.00141965 3.06408e-06 7.72341e-08
0.00142027 3.06017e-06 7.7045e-08
0.00142089 3.05625e-06 7.68555e-08
0.00142151 3.05232e-06 7.66658e-08
0.00142213 3.04839e-06 7.64757e-08
0.00142275 3.04445e-06 7.62854e-08
0.00142338 3.0405e-06 7.60948e-08
0.001424 3.03654e-06 7.59039e-08
0.00142462 3.03257e-06 7.5757e-08
0.00142524 3.0286e-06 7.562e-08
0.00142586 3.02462e-06 7.54828e-08
0.00142648 3.02063e-06 7.53453e-08
0.0014271 3.01663e-06 7.52076e-08
0.00142772 3.01262e-06 7.50697e-08
0.00142835 3.00861e-06 7.49315e-08
0.00142897 3.00459e-06 7.47931e-08
0.00142959 3.00056e-06 7.46544e-08
0.00143021 2.99652e-06 7.45156e-08
0.00143083 2.99248e-06 7.43764e-08
0.00143145 2.98843e-06 7.42371e-08
0.00143207 2.98437e-06 7.40975e-08
0.0014327 2.9803e-06 7.39577e-08
0.00143332 2.97622e-06 7.38177e-08
0.00143394 2.97214e-06 7.36775e-08
0.00143456 2.96805e-06 7.3537e-08
0.00143518 2.96395e-06 7.33963e-08
0.0014358 2.95985e-06 7.32554e-08
0.00143642 2.95573e-06 7.31143e-08
0.00143704 2.95161e-06 7.2973e-08
0.00143767 2.94748e-06 7.28314e-08
0.00143829 2.94334e-06 7.26896e-08
0.00143891 2.9392e-06 7.25477e-08
0.00143953 2.93505e-06 7.24055e-08
0.00144015 2.93089e-06 7.22631e-08
0.00144077 2.92672e-06 7.21238e-08
0.00144139 2.92254e-06 7.19856e-08
0.00144201 2.91836e-06 7.18472e-08
0.00144264 2.91417e-06 7.17085e-08
0.00144326 2.90997e-06 7.15695e-08
0.00144388 2.90577e-06 7.14303e-08
0.0014445 2.90155e-06 7.12908e-08
0.00144512 2.89733e-06 7.11511e-08
0.00144574 2.8931e-06 7.10111e-08
0.00144636 2.88887e-06 7.08708e-08
0.00144698 2.88462e-06 7.07302e-08
0.00144761 2.88037e-06 7.05894e-08
0.00144823 2.87611e-06 7.04483e-08
0.00144885 2.87184e-06 7.03069e-08
0.00144947 2.86757e-06 7.01652e-08
0.00145009 2.86329e-06 7.00233e-08
0.00145071 2.859e-06 6.98811e-08
0.00145133 2.8547e-06 6.97386e-08
0.00145196 2.85039e-06 6.95958e-08
0.00145258 2.84608e-06 6.94527e-08
0.0014532 2.84176e-06 6.93094e-08
0.00145382 2.83743e-06 6.91657e-08
0.00145444 2.83309e-06 6.90695e-08
0.00145506 2.82875e-06 6.90968e-08
0.00145568 2.8244e-06 6.91466e-08
0.0014563 2.82004e-06 6.92125e-08
0.00145693 2.81567e-06 6.92788e-08
0.00145755 2.8113e-06 6.9345e-08
0.00145817 2.80691e-06 6.9411e-08
0.00145879 2.80252e-06 6.9477e-08
0.00145941 2.79812e-06 6.95427e-08
0.00146003 2.79372e-06 6.96083e-08
0.00146065 2.7893e-06 6.96737e-08
0.00146127 2.78488e-06 6.9739e-08
0.0014619 2.78045e-06 6.9804e-08
0.00146252 2.77601e-06 6.98689e-08
0.00146314 2.77157e-06 6.99336e-08
0.00146376 2.76712e-06 6.9998e-08
0.00146438 2.76265e-06 7.00623e-08
0.001465 2.75819e-06 7.01263e-08
0.00146562 2.75371e-06 7.019e-08
0.00146624 2.74922e-06 7.02536e-08
0.00146687 2.74473e-06 7.03168e-08
0.00146749 2.74023e-06 7.03798e-08
0.00146811 2.73572e-06 7.04426e-08
0.00146873 2.73121e-06 7.0505e-08
0.00146935 2.72668e-06 7.05672e-08
0.00146997 2.72215e-06 7.06291e-08
0.00147059 2.71761e-06 7.06907e-08
0.00147122 2.71306e-06 7.07519e-08
0.00147184 2.70851e-06 7.08128e-08
0.00147246 2.70394e-06 7.08735e-08
0.00147308 2.69937e-06 7.09337e-08
0.0014737 2.69479e-06 7.09936e-08
0.00147432 2.6902e-06 7.10532e-08
0.00147494 2.68561e-06 7.11124e-08
0.00147556 2.6815e-06 7.11713e-08
0.00147619 2.67738e-06 7.12297e-08
0.00147681 2.67324e-06 7.12878e-08
0.00147743 2.66909e-06 7.13455e-08
0.00147805 2.66492e-06 7.14028e-08
0.00147867 2.66074e-06 7.14596e-08
0.00147929 2.65654e-06 7.15161e-08
0.00147991 2.65233e-06 7.15721e-08
0.00148053 2.64811e-06 7.16277e-08
0.00148116 2.64387e-06 7.16829e-08
0.00148178 2.63962e-06 7.17376e-08
0.0014824 2.63535e-06 7.17918e-08
0.00148302 2.63107e-06 7.18456e-08
0.00148364 2.62678e-06 7.18989e-08
0.00148426 2.62247e-06 7.19518e-08
0.00148488 2.61814e-06 7.20041e-08
0.0014855 2.6138e-06 7.2056e-08
0.00148613 2.60945e-06 7.21073e-08
0.00148675 2.60508e-06 7.21582e-08
0.00148737 2.6007e-06 7.22085e-08
0.00148799 2.59759e-06 7.22583e-08
0.00148861 2.59935e-06 7.23076e-08
0.00148923 2.60109e-06 7.23564e-08
0.00148985 2.60281e-06 7.24046e-08
0.00149048 2.60451e-06 7.24522e-08
0.0014911 2.60618e-06 7.24993e-08
0.00149172 2.60784e-06 7.25459e-08
0.00149234 2.60948e-06 7.25918e-08
0.00149296 2.6111e-06 7.26372e-08
0.00149358 2.61269e-06 7.2682e-08
0.0014942 2.61426e-06 7.27262e-08
0.00149482 2.61581e-06 7.27698e-08
0.00149545 2.61734e-06 7.28128e-08
0.00149607 2.61885e-06 7.28552e-08
0.00149669 2.62033e-06 7.2897e-08
0.00149731 2.62179e-06 7.29382e-08
0.00149793 2.62323e-06 7.29787e-08
0.00149855 2.62465e-06 7.30186e-08
0.00149917 2.62604e-06 7.30578e-08
0.00149979 2.62741e-06 7.30964e-08
0.00150042 2.62875e-06 7.31343e-08
0.00150104 2.63007e-06 7.31716e-08
0.00150166 2.63137e-06 7.32082e-08
0.00150228 2.63264e-06 7.32441e-08
0.0015029 2.63388e-06 7.32794e-08
0.00150352 2.6351e-06 7.3314e-08
0.00150414 2.6363e-06 7.33478e-08
0.00150476 2.63747e-06 7.3381e-08
0.00150539 2.63861e-06 7.34135e-08
0.00150601 2.63973e-06 7.34452e-08
0.00150663 2.64082e-06 7.34763e-08
0.00150725 2.64189e-06 7.35066e-08
0.00150787 2.64293e-06 7.35362e-08
0.00150849 2.64395e-06 7.35651e-08
0.00150911 2.64493e-06 7.35932e-08
0.00150974 2.64589e-06 7.36206e-08
0.00151036 2.64682e-06 7.36473e-08
0.00151098 2.64773e-06 7.36732e-08
0.0015116 2.64861e-06 7.36983e-08
0.00151222 2.64946e-06 7.37227e-08
0.00151284 2.65028e-06 7.37463e-08
0.00151346 2.65107e-06 7.37691e-08
0.00151408 2.65184e-06 7.37912e-08
0.00151471 2.65258e-06 7.38125e-08
0.00151533 2.65329e-06 7.3833e-08
0.00151595 2.65397e-06 7.38527e-08
0.00151657 2.65462e-06 7.38716e-08
0.00151719 2.65524e-06 7.38897e-08
0.00151781 2.65583e-06 7.3907e-08
0.00151843 2.6564e-06 7.39235e-08
0.00151905 2.65693e-06 7.39391e-08
0.00151968 2.65743e-06 7.3954e-08
0.0015203 2.65791e-06 7.3968e-08
0.00152092 2.65835e-06 7.39812e-08
0.00152154 2.65877e-06 7.39936e-08
0.00152216 2.65915e-06 7.40052e-08
0.00152278 2.65951e-06 7.40159e-08
0.0015234 2.65983e-06 7.40257e-08
0.00152402 2.66012e-06 7.40347e-08
0.00152465 2.66038e-06 7.40429e-08
0.00152527 2.66061e-06 7.40502e-08
0.00152589 2.66081e-06 7.40567e-08
0.00152651 2.66098e-06 7.40623e-08
0.00152713 2.66112e-06 7.4067e-08
0.00152775 2.66122e-06 7.40709e-08
0.00152837 2.6613e-06 7.40739e-08
0.001529 2.66134e-06 7.4076e-08
0.00152962 2.66135e-06 7.40772e-08
0.00153024 2.66133e-06 7.40776e-08
0.00153086 2.66128e-06 7.4077e-08
0.00153148 2.66119e-06 7.40756e-08
0.0015321 2.66107e-06 7.40733e-08
0.00153272 2.66092e-06 7.40701e-08
0.00153334 2.66074e-06 7.4066e-08
0.00153397 2.66053e-06 7.40611e-08
0.00153459 2.66028e-06 7.40552e-08
0.00153521 2.66e-06 7.40484e-08
0.00153583 2.65968e-06 7.40407e-08
0.00153645 2.65934e-06 7.4032e-08
0.00153707 2.65896e-06 7.40225e-08
0.00153769 2.65855e-06 7.40121e-08
0.00153831 2.6581e-06 7.40007e-08
0.00153894 2.65762e-06 7.39885e-08
0.00153956 2.65711e-06 7.39753e-08
0.00154018 2.65657e-06 7.39612e-08
0.0015408 2.65599e-06 7.39461e-08
0.00154142 2.65538e-06 7.39301e-08
0.00154204 2.65473e-06 7.39132e-08
0.00154266 2.65405e-06 7.38954e-08
0.00154328 2.65334e-06 7.38767e-08
0.00154391 2.65259e-06 7.3857e-08
0.00154453 2.65181e-06 7.38363e-08
0.00154515 2.651e-06 7.38148e-08
0.00154577 2.65015e-06 7.37923e-08
0.00154639 2.64927e-06 7.37688e-08
0.00154701 2.64835e-06 7.37445e-08
0.00154763 2.6474e-06 7.37191e-08
0.00154826 2.64642e-06 7.36929e-08
0.00154888 2.6454e-06 7.36656e-08
0.0015495 2.64435e-06 7.36375e-08
0.00155012 2.64326e-06 7.36084e-08
0.00155074 2.64214e-06 7.35783e-08
0.00155136 2.64099e-06 7.35473e-08
0.00155198 2.6398e-06 7.35153e-08
0.0015526 2.63857e-06 7.34824e-08
0.00155323 2.63732e-06 7.34486e-08
0.00155385 2.63602e-06 7.34138e-08
0.00155447 2.6347e-06 7.3378e-08
0.00155509 2.63334e-06 7.33413e-08
0.00155571 2.63194e-06 7.33036e-08
0.00155633 2.63051e-06 7.3265e-08
0.00155695 2.62905e-06 7.32254e-08
0.00155757 2.62755e-06 7.31849e-08
0.0015582 2.62602e-06 7.31434e-08
0.00155882 2.62445e-06 7.3101e-08
0.00155944 2.62285e-06 7.30576e-08
0.00156006 2.62121e-06 7.30132e-08
0.00156068 2.61954e-06 7.29679e-08
0.0015613 2.61783e-06 7.29216e-08
0.00156192 2.6161e-06 7.28744e-08
0.00156254 2.61432e-06 7.28262e-08
0.00156317 2.61251e-06 7.27771e-08
0.00156379 2.61067e-06 7.2727e-08
0.00156441 2.60879e-06 7.2676e-08
0.00156503 2.60688e-06 7.2624e-08
0.00156565 2.60494e-06 7.25711e-08
0.00156627 2.60296e-06 7.25172e-08
0.00156689 2.60094e-06 7.24624e-08
0.00156752 2.5989e-06 7.24066e-08
0.00156814 2.59681e-06 7.23498e-08
0.00156876 2.5947e-06 7.22921e-08
0.00156938 2.59255e-06 7.22335e-08
0.00157 2.59036e-06 7.21739e-08
0.00157062 2.58814e-06 7.21134e-08
0.00157124 2.58589e-06 7.20519e-08
0.00157186 2.5836e-06 7.19895e-08
0.00157249 2.58128e-06 7.19261e-08
0.00157311 2.57893e-06 7.18618e-08
0.00157373 2.57654e-06 7.17966e-08
0.00157435 2.57412e-06 7.17304e-08
0.00157497 2.57166e-06 7.16633e-08
0.00157559 2.56917e-06 7.15952e-08
0.00157621 2.56665e-06 7.15262e-08
0.00157683 2.56409e-06 7.14563e-08
0.00157746 2.5615e-06 7.13854e-08
0.00157808 2.55888e-06 7.13137e-08
0.0015787 2.55622e-06 7.1241e-08
0.00157932 2.55353e-06 7.11673e-08
0.00157994 2.55081e-06 7.10927e-08
0.00158056 2.54805e-06 7.10173e-08
0.00158118 2.54526e-06 7.09409e-08
0.0015818 2.54244e-06 7.08635e-08
0.00158243 2.53958e-06 7.07853e-08
0.00158305 2.53669e-06 7.07061e-08
0.00158367 2.53377e-06 7.06261e-08
0.00158429 2.53082e-06 7.05451e-08
0.00158491 2.52783e-06 7.04632e-08
0.00158553 2.52481e-06 7.03804e-08
0.00158615 2.52176e-06 7.02967e-08
0.00158678 2.51868e-06 7.02121e-08
0.0015874 2.51556e-06 7.01266e-08
0.00158802 2.51241e-06 7.00402e-08
0.00158864 2.50923e-06 6.99529e-08
0.00158926 2.50602e-06 6.98647e-08
0.00158988 2.50278e-06 6.97757e-08
0.0015905 2.4995e-06 6.96857e-08
0.00159112 2.49619e-06 6.95949e-08
0.00159175 2.49285e-06 6.95031e-08
0.00159237 2.48948e-06 6.94105e-08
0.00159299 2.48608e-06 6.93171e-08
0.00159361 2.48264e-06 6.92227e-08
0.00159423 2.47918e-06 6.91275e-08
0.00159485 2.47568e-06 6.90314e-08
0.00159547 2.47216e-06 6.89344e-08
0.00159609 2.4686e-06 6.88366e-08
0.00159672 2.46501e-06 6.8738e-08
0.00159734 2.46139e-06 6.86384e-08
0.00159796 2.45778e-06 6.8538e-08
0.00159858 2.45414e-06 6.84368e-08
0.0015992 2.45047e-06 6.83347e-08
0.00159982 2.44677e-06 6.82318e-08
0.00160044 2.44304e-06 6.81281e-08
0.00160106 2.43929e-06 6.80235e-08
0.00160169 2.4355e-06 6.7918e-08
0.00160231 2.43168e-06 6.78118e-08
0.00160293 2.42783e-06 6.77047e-08
0.00160355 2.42395e-06 6.75968e-08
0.00160417 2.42004e-06 6.74881e-08
0.00160479 2.41611e-06 6.73785e-08
0.00160541 2.41214e-06 6.72682e-08
0.00160604 2.40814e-06 6.7157e-08
0.00160666 2.40412e-06 6.7045e-08
0.00160728 2.40007e-06 6.69323e-08
0.0016079 2.39599e-06 6.68187e-08
0.00160852 2.39188e-06 6.67043e-08
0.00160914 2.38774e-06 6.65892e-08
0.00160976 2.38357e-06 6.64732e-08
0.00161038 2.37938e-06 6.63565e-08
0.00161101 2.37516e-06 6.6239e-08
0.00161163 2.3709e-06 6.61207e-08
0.00161225 2.36663e-06 6.60017e-08
0.00161287 2.36232e-06 6.58818e-08
0.00161349 2.35799e-06 6.57613e-08
0.00161411 2.35363e-06 6.56399e-08
0.00161473 2.34924e-06 6.55178e-08
0.00161535 2.34483e-06 6.53949e-08
0.00161598 2.34038e-06 6.52713e-08
0.0016166 2.33592e-06 6.5147e-08
0.00161722 2.33142e-06 6.50219e-08
0.00161784 2.3269e-06 6.4896e-08
0.00161846 2.32235e-06 6.47695e-08
0.00161908 2.31778e-06 6.46422e-08
0.0016197 2.31318e-06 6.45142e-08
0.00162032 2.30855e-06 6.43854e-08
0.00162095 2.3039e-06 6.42559e-08
0.00162157 2.29922e-06 6.41258e-08
0.00162219 2.29452e-06 6.39949e-08
0.00162281 2.28979e-06 6.38633e-08
0.00162343 2.28504e-06 6.3731e-08
0.00162405 2.28026e-06 6.3598e-08
0.00162467 2.27546e-06 6.34644e-08
0.0016253 2.27063e-06 6.333e-08
0.00162592 2.26578e-06 6.31949e-08
0.00162654 2.2609e-06 6.30592e-08
0.00162716 2.256e-06 6.29228e-08
0.00162778 2.25108e-06 6.27857e-08
0.0016284 2.24613e-06 6.2648e-08
0.00162902 2.24115e-06 6.25244e-08
0.00162964 2.23616e-06 6.25709e-08
0.00163027 2.23136e-06 6.26171e-08
0.00163089 2.23403e-06 6.2663e-08
0.00163151 2.23669e-06 6.27086e-08
0.00163213 2.23933e-06 6.27539e-08
0.00163275 2.24194e-06 6.27989e-08
0.00163337 2.24454e-06 6.28437e-08
0.00163399 2.24712e-06 6.28881e-08
0.00163461 2.24968e-06 6.29322e-08
0.00163524 2.25222e-06 6.29761e-08
0.00163586 2.25474e-06 6.30196e-08
0.00163648 2.25724e-06 6.30628e-08
0.0016371 2.25972e-06 6.31058e-08
0.00163772 2.26218e-06 6.31484e-08
0.00163834 2.26462e-06 6.31907e-08
0.00163896 2.26704e-06 6.32327e-08
0.00163958 2.26943e-06 6.32744e-08
0.00164021 2.27181e-06 6.33157e-08
0.00164083 2.27417e-06 6.33568e-08
0.00164145 2.27651e-06 6.33975e-08
0.00164207 2.27882e-06 6.3438e-08
0.00164269 2.28112e-06 6.34781e-08
0.00164331 2.28339e-06 6.35178e-08
0.00164393 2.28565e-06 6.35573e-08
0.00164456 2.28788e-06 6.35964e-08
0.00164518 2.29009e-06 6.36352e-08
0.0016458 2.29228e-06 6.36737e-08
0.00164642 2.29445e-06 6.37118e-08
0.00164704 2.2966e-06 6.37497e-08
0.00164766 2.29873e-06 6.37871e-08
0.00164828 2.30083e-06 6.38243e-08
0.0016489 2.30292e-06 6.38611e-08
0.00164953 2.30498e-06 6.38975e-08
0.00165015 2.30702e-06 6.39337e-08
0.00165077 2.30904e-06 6.39694e-08
0.00165139 2.31104e-06 6.40049e-08
0.00165201 2.31301e-06 6.404e-08
0.00165263 2.31497e-06 6.40747e-08
0.00165325 2.3169e-06 6.41091e-08
0.00165387 2.31881e-06 6.41431e-08
0.0016545 2.3207e-06 6.41768e-08
0.00165512 2.32257e-06 6.42101e-08
0.00165574 2.32441e-06 6.42431e-08
0.00165636 2.32624e-06 6.42757e-08
0.00165698 2.32804e-06 6.43079e-08
0.0016576 2.32982e-06 6.43398e-08
0.00165822 2.33157e-06 6.43713e-08
0.00165884 2.33331e-06 6.44025e-08
0.00165947 2.33502e-06 6.44332e-08
0.00166009 2.33671e-06 6.44637e-08
0.00166071 2.33838e-06 6.44937e-08
0.00166133 2.34003e-06 6.45234e-08
0.00166195 2.34165e-06 6.45526e-08
0.00166257 2.34325e-06 6.45815e-08
0.00166319 2.34483e-06 6.46101e-08
0.00166382 2.34639e-06 6.46382e-08
0.00166444 2.34792e-06 6.4666e-08
0.00166506 2.34943e-06 6.46933e-08
0.00166568 2.35092e-06 6.47203e-08
0.0016663 2.35239e-06 6.47469e-08
0.00166692 2.35384e-06 6.47731e-08
0.00166754 2.35526e-06 6.47989e-08
0.00166816 2.35666e-06 6.48243e-08
0.00166879 2.35804e-06 6.48493e-08
0.00166941 2.35939e-06 6.4874e-08
0.00167003 2.36073e-06 6.48982e-08
0.00167065 2.36204e-06 6.4922e-08
0.00167127 2.36333e-06 6.49454e-08
0.00167189 2.36459e-06 6.49684e-08
0.00167251 2.36584e-06 6.49909e-08
0.00167313 2.36706e-06 6.50131e-08
0.00167376 2.36826e-06 6.50349e-08
0.00167438 2.36943e-06 6.50562e-08
0.001675 2.37059e-06 6.50771e-08
0.00167562 2.37172e-06 6.50977e-08
0.00167624 2.37283e-06 6.51177e-08
0.00167686 2.37392e-06 6.51374e-08
0.00167748 2.37498e-06 6.51566e-08
0.0016781 2.37602e-06 6.51754e-08
0.00167873 2.37704e-06 6.51938e-08
0.00167935 2.37804e-06 6.52118e-08
0.00167997 2.37902e-06 6.52293e-08
0.00168059 2.37997e-06 6.52464e-08
0.00168121 2.3809e-06 6.5263e-08
0.00168183 2.38181e-06 6.52792e-08
0.00168245 2.3827e-06 6.5295e-08
0.00168308 2.38356e-06 6.53103e-08
0.0016837 2.38441e-06 6.53251e-08
0.00168432 2.38523e-06 6.53396e-08
0.00168494 2.38603e-06 6.53535e-08
0.00168556 2.3868e-06 6.5367e-08
0.00168618 2.38756e-06 6.53801e-08
0.0016868 2.38829e-06 6.53927e-08
0.00168742 2.389e-06 6.54049e-08
0.00168805 2.38969e-06 6.54166e-08
0.00168867 2.39036e-06 6.54278e-08
0.00168929 2.391e-06 6.54386e-08
0.00168991 2.39163e-06 6.54489e-08
0.00169053 2.39223e-06 6.54587e-08
0.00169115 2.39281e-06 6.54681e-08
0.00169177 2.39337e-06 6.54769e-08
0.00169239 2.39391e-06 6.54854e-08
0.00169302 2.39442e-06 6.54933e-08
0.00169364 2.39492e-06 6.55008e-08
0.00169426 2.39539e-06 6.55078e-08
0.00169488 2.39584e-06 6.55143e-08
0.0016955 2.39627e-06 6.55203e-08
0.00169612 2.39668e-06 6.55258e-08
0.00169674 2.39707e-06 6.55308e-08
0.00169736 2.39744e-06 6.55354e-08
0.00169799 2.39778e-06 6.55394e-08
0.00169861 2.39811e-06 6.5543e-08
0.00169923 2.39841e-06 6.55461e-08
0.00169985 2.3987e-06 6.55487e-08
0.00170047 2.39896e-06 6.55507e-08
0.00170109 2.3992e-06 6.55523e-08
0.00170171 2.39942e-06 6.55534e-08
0.00170234 2.39962e-06 6.55539e-08
0.00170296 2.3998e-06 6.5554e-08
0.00170358 2.39996e-06 6.55535e-08
0.0017042 2.4001e-06 6.55525e-08
0.00170482 2.40022e-06 6.5551e-08
0.00170544 2.40031e-06 6.5549e-08
0.00170606 2.40039e-06 6.55465e-08
0.00170668 2.40045e-06 6.55435e-08
0.00170731 2.40049e-06 6.55399e-08
0.00170793 2.40051e-06 6.55358e-08
0.00170855 2.4005e-06 6.55312e-08
0.00170917 2.40048e-06 6.5526e-08
0.00170979 2.40044e-06 6.55204e-08
0.00171041 2.40038e-06 6.55142e-08
0.00171103 2.4003e-06 6.55074e-08
0.00171165 2.4002e-06 6.55001e-08
0.00171228 2.40008e-06 6.54923e-08
0.0017129 2.39994e-06 6.5484e-08
0.00171352 2.39978e-06 6.54751e-08
0.00171414 2.3996e-06 6.54656e-08
0.00171476 2.39941e-06 6.54556e-08
0.00171538 2.39919e-06 6.54451e-08
0.001716 2.39896e-06 6.5434e-08
0.00171662 2.3987e-06 6.54224e-08
0.00171725 2.39843e-06 6.54102e-08
0.00171787 2.39814e-06 6.53974e-08
0.00171849 2.39783e-06 6.53841e-08
0.00171911 2.39751e-06 6.53703e-08
0.00171973 2.39716e-06 6.53558e-08
0.00172035 2.39679e-06 6.53408e-08
0.00172097 2.39641e-06 6.53253e-08
0.0017216 2.39601e-06 6.53092e-08
0.00172222 2.39559e-06 6.52925e-08
0.00172284 2.39516e-06 6.52752e-08
0.00172346 2.3947e-06 6.52574e-08
0.00172408 2.39423e-06 6.5239e-08
0.0017247 2.39374e-06 6.522e-08
0.00172532 2.39324e-06 6.52004e-08
0.00172594 2.39271e-06 6.51803e-08
0.00172657 2.39217e-06 6.51596e-08
0.00172719 2.39161e-06 6.51383e-08
0.00172781 2.39104e-06 6.51164e-08
0.00172843 2.39059e-06 6.50939e-08
0.00172905 2.39072e-06 6.50708e-08
0.00172967 2.39082e-06 6.50472e-08
0.00173029 2.39091e-06 6.50229e-08
0.00173091 2.39097e-06 6.49981e-08
0.00173154 2.39102e-06 6.49726e-08
0.00173216 2.39105e-06 6.49466e-08
0.00173278 2.39107e-06 6.49199e-08
0.0017334 2.39106e-06 6.48927e-08
0.00173402 2.39103e-06 6.48648e-08
0.00173464 2.39099e-06 6.48364e-08
0.00173526 2.39093e-06 6.48073e-08
0.00173588 2.39085e-06 6.47777e-08
0.00173651 2.39076e-06 6.47474e-08
0.00173713 2.39064e-06 6.47165e-08
0.00173775 2.39051e-06 6.4685e-08
0.00173837 2.39036e-06 6.46529e-08
0.00173899 2.39019e-06 6.46202e-08
0.00173961 2.39e-06 6.45868e-08
0.00174023 2.3898e-06 6.45528e-08
0.00174086 2.38958e-06 6.45182e-08
0.00174148 2.38934e-06 6.4483e-08
0.0017421 2.38909e-06 6.44472e-08
0.00174272 2.38882e-06 6.44107e-08
0.00174334 2.38853e-06 6.43736e-08
0.00174396 2.38822e-06 6.43359e-08
0.00174458 2.3879e-06 6.42976e-08
0.0017452 2.38756e-06 6.42586e-08
0.00174583 2.38721e-06 6.42189e-08
0.00174645 2.38684e-06 6.41787e-08
0.00174707 2.38645e-06 6.41378e-08
0.00174769 2.38604e-06 6.40963e-08
0.00174831 2.38562e-06 6.40541e-08
0.00174893 2.38519e-06 6.40113e-08
0.00174955 2.38473e-06 6.39678e-08
0.00175017 2.38426e-06 6.39237e-08
0.0017508 2.38378e-06 6.3879e-08
0.00175142 2.38328e-06 6.38336e-08
0.00175204 2.38277e-06 6.37875e-08
0.00175266 2.38224e-06 6.37408e-08
0.00175328 2.38169e-06 6.36935e-08
0.0017539 2.38113e-06 6.36455e-08
0.00175452 2.38055e-06 6.35969e-08
0.00175514 2.37996e-06 6.35476e-08
0.00175577 2.37935e-06 6.34976e-08
0.00175639 2.37873e-06 6.3447e-08
0.00175701 2.3781e-06 6.33957e-08
0.00175763 2.37745e-06 6.33437e-08
0.00175825 2.37678e-06 6.32911e-08
0.00175887 2.37611e-06 6.32379e-08
0.00175949 2.37541e-06 6.31839e-08
0.00176012 2.37472e-06 6.31293e-08
0.00176074 2.37404e-06 6.30741e-08
0.00176136 2.37336e-06 6.30182e-08
0.00176198 2.37266e-06 6.29616e-08
0.0017626 2.37194e-06 6.29043e-08
0.00176322 2.37121e-06 6.28463e-08
0.00176384 2.37047e-06 6.27877e-08
0.00176446 2.36972e-06 6.27284e-08
0.00176509 2.36895e-06 6.26685e-08
0.00176571 2.36817e-06 6.26078e-08
0.00176633 2.36738e-06 6.25465e-08
0.00176695 2.36657e-06 6.24845e-08
0.00176757 2.36575e-06 6.24219e-08
0.00176819 2.36544e-06 6.23585e-08
0.00176881 2.36514e-06 6.22945e-08
0.00176943 2.36484e-06 6.22298e-08
0.00177006 2.36452e-06 6.21644e-08
0.00177068 2.36418e-06 6.20983e-08
0.0017713 2.36384e-06 6.20315e-08
0.00177192 2.36348e-06 6.19641e-08
0.00177254 2.36311e-06 6.1896e-08
0.00177316 2.36273e-06 6.18271e-08
0.00177378 2.36234e-06 6.17576e-08
0.0017744 2.36194e-06 6.16874e-08
0.00177503 2.36152e-06 6.16165e-08
0.00177565 2.3611e-06 6.1545e-08
0.00177627 2.36066e-06 6.14727e-08
0.00177689 2.36021e-06 6.13997e-08
0.00177751 2.35975e-06 6.13261e-08
0.00177813 2.35928e-06 6.12517e-08
0.00177875 2.3588e-06 6.11767e-08
0.00177938 2.3583e-06 6.1101e-08
0.00178 2.3578e-06 6.10245e-08
0.00178062 2.35729e-06 6.09474e-08
0.00178124 2.35676e-06 6.08696e-08
0.00178186 2.35623e-06 6.07911e-08
0.00178248 2.35569e-06 6.07118e-08
0.0017831 2.35513e-06 6.06319e-08
0.00178372 2.35457e-06 6.05513e-08
0.00178435 2.35399e-06 6.047e-08
0.00178497 2.35341e-06 6.0388e-08
0.00178559 2.35282e-06 6.03053e-08
0.00178621 2.35221e-06 6.02219e-08
0.00178683 2.3516e-06 6.01378e-08
0.00178745 2.35098e-06 6.0053e-08
0.00178807 2.35035e-06 5.99674e-08
0.00178869 2.34971e-06 5.98812e-08
0.00178932 2.34907e-06 5.97943e-08
0.00178994 2.34841e-06 5.97067e-08
0.00179056 2.34774e-06 5.96184e-08
0.00179118 2.34707e-06 5.95293e-08
0.0017918 2.34639e-06 5.94396e-08
0.00179242 2.3457e-06 5.93507e-08
0.00179304 2.345e-06 5.92622e-08
0.00179366 2.3443e-06 5.9173e-08
0.00179429 2.34358e-06 5.90831e-08
0.00179491 2.34286e-06 5.89925e-08
0.00179553 2.34213e-06 5.89011e-08
0.00179615 2.34139e-06 5.88091e-08
0.00179677 2.34065e-06 5.87164e-08
0.00179739 2.3399e-06 5.86229e-08
0.00179801 2.33914e-06 5.85288e-08
0.00179864 2.33838e-06 5.84339e-08
0.00179926 2.3376e-06 5.83384e-08
0.00179988 2.33682e-06 5.82421e-08
0.0018005 2.33604e-06 5.81451e-08
0.00180112 2.33525e-06 5.80474e-08
0.00180174 2.33445e-06 5.7949e-08
0.00180236 2.33364e-06 5.78499e-08
0.00180298 2.33283e-06 5.77501e-08
0.00180361 2.33202e-06 5.76495e-08
0.00180423 2.33119e-06 5.75483e-08
0.00180485 2.33036e-06 5.74464e-08
0.00180547 2.32953e-06 5.73437e-08
0.00180609 2.32869e-06 5.72403e-08
0.00180671 2.32784e-06 5.71363e-08
0.00180733 2.32699e-06 5.70315e-08
0.00180795 2.32614e-06 5.6926e-08
0.00180858 2.32528e-06 5.68199e-08
0.0018092 2.32441e-06 5.6713e-08
0.00180982 2.32354e-06 5.66054e-08
0.00181044 2.32266e-06 5.64971e-08
0.00181106 2.32178e-06 5.63881e-08
0.00181168 2.3209e-06 5.62784e-08
0.0018123 2.32001e-06 5.6168e-08
0.00181292 2.31912e-06 5.60569e-08
0.00181355 2.31822e-06 5.59451e-08
0.00181417 2.31732e-06 5.58326e-08
0.00181479 2.31641e-06 5.57194e-08
0.00181541 2.3155e-06 5.56055e-08
0.00181603 2.31459e-06 5.54909e-08
0.00181665 2.31367e-06 5.53756e-08
0.00181727 2.31275e-06 5.52595e-08
0.0018179 2.31183e-06 5.51429e-08
0.00181852 2.3109e-06 5.50255e-08
0.00181914 2.30997e-06 5.49074e-08
0.00181976 2.30904e-06 5.47886e-08
0.00182038 2.3081e-06 5.46691e-08
0.001821 2.30716e-06 5.4549e-08
0.00182162 2.30622e-06 5.44281e-08
0.00182224 2.30528e-06 5.43065e-08
0.00182287 2.30433e-06 5.41843e-08
0.00182349 2.30338e-06 5.40614e-08
0.00182411 2.30243e-06 5.39378e-08
0.00182473 2.30148e-06 5.38135e-08
0.00182535 2.30052e-06 5.36885e-08
0.00182597 2.29957e-06 5.35628e-08
0.00182659 2.29861e-06 5.34365e-08
0.00182721 2.29765e-06 5.33095e-08
0.00182784 2.29669e-06 5.31817e-08
0.00182846 2.29572e-06 5.30534e-08
0.00182908 2.29476e-06 5.29243e-08
0.0018297 2.29379e-06 5.27945e-08
0.00183032 2.29282e-06 5.26641e-08
0.00183094 2.29185e-06 5.2533e-08
0.00183156 2.29088e-06 5.24013e-08
0.00183218 2.28991e-06 5.22688e-08
0.00183281 2.28894e-06 5.21357e-08
0.00183343 2.28797e-06 5.2002e-08
0.00183405 2.287e-06 5.18675e-08
0.00183467 2.28706e-06 5.17324e-08
0.00183529 2.28752e-06 5.15966e-08
0.00183591 2.28799e-06 5.14602e-08
0.00183653 2.28844e-06 5.13231e-08
0.00183716 2.2889e-06 5.11854e-08
0.00183778 2.28935e-06 5.1047e-08
0.0018384 2.2898e-06 5.09079e-08
0.00183902 2.29024e-06 5.07682e-08
0.00183964 2.29069e-06 5.06278e-08
0.00184026 2.29113e-06 5.04868e-08
0.00184088 2.29156e-06 5.03451e-08
0.0018415 2.292e-06 5.02028e-08
0.00184213 2.29243e-06 5.00599e-08
0.00184275 2.29286e-06 4.99163e-08
0.00184337 2.29328e-06 4.9772e-08
0.00184399 2.2937e-06 4.96271e-08
0.00184461 2.29412e-06 4.94816e-08
0.00184523 2.29454e-06 4.93355e-08
0.00184585 2.29496e-06 4.91887e-08
0.00184647 2.29537e-06 4.90413e-08
0.0018471 2.29578e-06 4.88932e-08
0.00184772 2.29619e-06 4.87445e-08
0.00184834 2.2966e-06 4.85952e-08
0.00184896 2.297e-06 4.84453e-08
0.00184958 2.2974e-06 4.82948e-08
0.0018502 2.2978e-06 4.81436e-08
0.00185082 2.2982e-06 4.79918e-08
0.00185144 2.2986e-06 4.78394e-08
0.00185207 2.29899e-06 4.76864e-08
0.00185269 2.29938e-06 4.75328e-08
0.00185331 2.29977e-06 4.73786e-08
0.00185393 2.30016e-06 4.72238e-08
0.00185455 2.30055e-06 4.70683e-08
0.00185517 2.30094e-06 4.69123e-08
0.00185579 2.30132e-06 4.67557e-08
0.00185642 2.3017e-06 4.65984e-08
0.00185704 2.30208e-06 4.64406e-08
0.00185766 2.30246e-06 4.62822e-08
0.00185828 2.30284e-06 4.61232e-08
0.0018589 2.30322e-06 4.59636e-08
0.00185952 2.3036e-06 4.58035e-08
0.00186014 2.30397e-06 4.56427e-08
0.00186076 2.30434e-06 4.54814e-08
0.00186139 2.30472e-06 4.53195e-08
0.00186201 2.30509e-06 4.5157e-08
0.00186263 2.30546e-06 4.4994e-08
0.00186325 2.30583e-06 4.48304e-08
0.00186387 2.3062e-06 4.46662e-08
0.00186449 2.30656e-06 4.45014e-08
0.00186511 2.30693e-06 4.43361e-08
0.00186573 2.3073e-06 4.41703e-08
0.00186636 2.30766e-06 4.40039e-08
0.00186698 2.30803e-06 4.38369e-08
0.0018676 2.30839e-06 4.36694e-08
0.00186822 2.30876e-06 4.35014e-08
0.00186884 2.30912e-06 4.33328e-08
0.00186946 2.30948e-06 4.31636e-08
0.00187008 2.30984e-06 4.2994e-08
0.0018707 2.31021e-06 4.28238e-08
0.00187133 2.31057e-06 4.2653e-08
0.00187195 2.31093e-06 4.24818e-08
0.00187257 2.31129e-06 4.231e-08
0.00187319 2.31165e-06 4.21377e-08
0.00187381 2.31201e-06 4.19649e-08
0.00187443 2.31237e-06 4.17915e-08
0.00187505 2.31273e-06 4.16177e-08
0.00187568 2.31309e-06 4.14433e-08
0.0018763 2.31345e-06 4.12685e-08
0.00187692 2.31381e-06 4.10931e-08
0.00187754 2.31417e-06 4.09172e-08
0.00187816 2.31453e-06 4.07409e-08
0.00187878 2.31489e-06 4.0564e-08
0.0018794 2.31525e-06 4.03867e-08
0.00188002 2.31561e-06 4.02088e-08
0.00188065 2.31597e-06 4.00305e-08
0.00188127 2.31633e-06 3.98517e-08
0.00188189 2.31669e-06 3.96724e-08
0.00188251 2.31706e-06 3.94927e-08
0.00188313 2.31742e-06 3.93125e-08
0.00188375 2.31778e-06 3.91318e-08
0.00188437 2.31814e-06 3.89507e-08
0.00188499 2.31851e-06 3.87691e-08
0.00188562 2.31887e-06 3.8587e-08
0.00188624 2.31923e-06 3.84045e-08
0.00188686 2.3196e-06 3.82215e-08
0.00188748 2.31996e-06 3.80381e-08
0.0018881 2.32033e-06 3.78543e-08
0.00188872 2.32069e-06 3.767e-08
0.00188934 2.32106e-06 3.74853e-08
0.00188996 2.32143e-06 3.73001e-08
0.00189059 2.3218e-06 3.71145e-08
0.00189121 2.32217e-06 3.69285e-08
0.00189183 2.32254e-06 3.67421e-08
0.00189245 2.32291e-06 3.65553e-08
0.00189307 2.32328e-06 3.6368e-08
0.00189369 2.32365e-06 3.61803e-08
0.00189431 2.32402e-06 3.59923e-08
0.00189494 2.3244e-06 3.58038e-08
0.00189556 2.32477e-06 3.56149e-08
0.00189618 2.32515e-06 3.54256e-08
0.0018968 2.32553e-06 3.5236e-08
0.00189742 2.3259e-06 3.50459e-08
0.00189804 2.32628e-06 3.48555e-08
0.00189866 2.32666e-06 3.46647e-08
0.00189928 2.32704e-06 3.44735e-08
0.00189991 2.32743e-06 3.42819e-08
0.00190053 2.32781e-06 3.409e-08
0.00190115 2.32819e-06 3.38977e-08
0.00190177 2.32858e-06 3.37051e-08
0.00190239 2.32897e-06 3.35121e-08
0.00190301 2.32935e-06 3.33187e-08
0.00190363 2.32974e-06 3.3125e-08
0.00190425 2.33013e-06 3.29309e-08
0.00190488 2.33053e-06 3.27365e-08
0.0019055 2.33092e-06 3.25418e-08
0.00190612 2.33131e-06 3.23467e-08
0.00190674 2.33171e-06 3.21513e-08
0.00190736 2.3321e-06 3.19556e-08
0.00190798 2.3325e-06 3.17595e-08
0.0019086 2.3329e-06 3.15631e-08
0.00190922 2.3333e-06 3.13665e-08
0.00190985 2.3337e-06 3.11695e-08
0.00191047 2.33411e-06 3.09722e-08
0.00191109 2.33451e-06 3.07746e-08
0.00191171 2.33492e-06 3.05767e-08
0.00191233 2.33533e-06 3.03785e-08
0.00191295 2.33573e-06 3.018e-08
0.00191357 2.33614e-06 2.99812e-08
0.0019142 2.33656e-06 2.97822e-08
0.00191482 2.33697e-06 2.95828e-08
0.00191544 2.33738e-06 2.93832e-08
0.00191606 2.3378e-06 2.91834e-08
0.00191668 2.33822e-06 2.89832e-08
0.0019173 2.33864e-06 2.87828e-08
0.00191792 2.33906e-06 2.85822e-08
0.00191854 2.33948e-06 2.83812e-08
0.00191917 2.33991e-06 2.81801e-08
0.00191979 2.34033e-06 2.79787e-08
0.00192041 2.34076e-06 2.7777e-08
0.00192103 2.34119e-06 2.75751e-08
0.00192165 2.34162e-06 2.7373e-08
0.00192227 2.34205e-06 2.71707e-08
0.00192289 2.34248e-06 2.69681e-08
0.00192351 2.34292e-06 2.67653e-08
0.00192414 2.34335e-06 2.65623e-08
0.00192476 2.34379e-06 2.6359e-08
0.00192538 2.34423e-06 2.61556e-08
0.001926 2.34467e-06 2.59794e-08
0.00192662 2.34511e-06 2.6155e-08
0.00192724 2.34556e-06 2.63303e-08
0.00192786 2.34601e-06 2.65053e-08
0.00192848 2.34645e-06 2.66801e-08
0.00192911 2.3469e-06 2.68546e-08
0.00192973 2.34735e-06 2.70289e-08
0.00193035 2.34781e-06 2.72029e-08
0.00193097 2.34826e-06 2.73766e-08
0.00193159 2.34872e-06 2.75501e-08
0.00193221 2.34917e-06 2.77233e-08
0.00193283 2.34963e-06 2.78962e-08
0.00193346 2.35009e-06 2.80689e-08
0.00193408 2.35056e-06 2.82412e-08
0.0019347 2.35102e-06 2.84133e-08
0.00193532 2.35149e-06 2.85851e-08
0.00193594 2.35195e-06 2.87567e-08
0.00193656 2.35242e-06 2.89279e-08
0.00193718 2.35289e-06 2.90989e-08
0.0019378 2.35337e-06 2.92695e-08
0.00193843 2.35384e-06 2.94399e-08
0.00193905 2.35432e-06 2.961e-08
0.00193967 2.35479e-06 2.97797e-08
0.00194029 2.35527e-06 2.99492e-08
0.00194091 2.35575e-06 3.01184e-08
0.00194153 2.35623e-06 3.02873e-08
0.00194215 2.35672e-06 3.04559e-08
0.00194277 2.3572e-06 3.06241e-08
0.0019434 2.35769e-06 3.07921e-08
0.00194402 2.35818e-06 3.09597e-08
0.00194464 2.35867e-06 3.1127e-08
0.00194526 2.35916e-06 3.12941e-08
0.00194588 2.35965e-06 3.14607e-08
0.0019465 2.36015e-06 3.16271e-08
0.00194712 2.36065e-06 3.17932e-08
0.00194774 2.36114e-06 3.19589e-08
0.00194837 2.36164e-06 3.21243e-08
0.00194899 2.36215e-06 3.22894e-08
0.00194961 2.36265e-06 3.24541e-08
0.00195023 2.36315e-06 3.26185e-08
0.00195085 2.36366e-06 3.27826e-08
0.00195147 2.36417e-06 3.29463e-08
0.00195209 2.36468e-06 3.31097e-08
0.00195272 2.36519e-06 3.32727e-08
0.00195334 2.3657e-06 3.34354e-08
0.00195396 2.36621e-06 3.35978e-08
0.00195458 2.36673e-06 3.37598e-08
0.0019552 2.36724e-06 3.39214e-08
0.00195582 2.36776e-06 3.40827e-08
0.00195644 2.36828e-06 3.42436e-08
0.00195706 2.3688e-06 3.44042e-08
0.00195769 2.36932e-06 3.45644e-08
0.00195831 2.36985e-06 3.47243e-08
0.00195893 2.37037e-06 3.48838e-08
0.00195955 2.3709e-06 3.50429e-08
0.00196017 2.37143e-06 3.52016e-08
0.00196079 2.37196e-06 3.536e-08
0.00196141 2.37249e-06 3.5518e-08
0.00196203 2.37302e-06 3.56757e-08
0.00196266 2.37356e-06 3.58329e-08
0.00196328 2.37409e-06 3.59898e-08
0.0019639 2.37463e-06 3.61463e-08
0.00196452 2.37517e-06 3.63024e-08
0.00196514 2.37571e-06 3.64581e-08
0.00196576 2.37625e-06 3.66134e-08
0.00196638 2.37679e-06 3.67684e-08
0.001967 2.37733e-06 3.69229e-08
0.00196763 2.37788e-06 3.70771e-08
0.00196825 2.37842e-06 3.72308e-08
0.00196887 2.37897e-06 3.73842e-08
0.00196949 2.37952e-06 3.75371e-08
0.00197011 2.38007e-06 3.76897e-08
0.00197073 2.38062e-06 3.78418e-08
0.00197135 2.38117e-06 3.79935e-08
0.00197198 2.38172e-06 3.81448e-08
0.0019726 2.38228e-06 3.82958e-08
0.00197322 2.38283e-06 3.84462e-08
0.00197384 2.38339e-06 3.85963e-08
0.00197446 2.38395e-06 3.8746e-08
0.00197508 2.3845e-06 3.88952e-08
0.0019757 2.38506e-06 3.9044e-08
0.00197632 2.38563e-06 3.91924e-08
0.00197695 2.38619e-06 3.93404e-08
0.00197757 2.38675e-06 3.94879e-08
0.00197819 2.38732e-06 3.9635e-08
0.00197881 2.38788e-06 3.97816e-08
0.00197943 2.38845e-06 3.99279e-08
0.00198005 2.38902e-06 4.00737e-08
0.00198067 2.38958e-06 4.0219e-08
0.00198129 2.39015e-06 4.03639e-08
0.00198192 2.39072e-06 4.05084e-08
0.00198254 2.3913e-06 4.06524e-08
0.00198316 2.39187e-06 4.0796e-08
0.00198378 2.39244e-06 4.09391e-08
0.0019844 2.39302e-06 4.10818e-08
0.00198502 2.39359e-06 4.1224e-08
0.00198564 2.39417e-06 4.13657e-08
0.00198626 2.39474e-06 4.1507e-08
0.00198689 2.39532e-06 4.16479e-08
0.00198751 2.3959e-06 4.17883e-08
0.00198813 2.39648e-06 4.19282e-08
0.00198875 2.39706e-06 4.20676e-08
0.00198937 2.39764e-06 4.22066e-08
0.00198999 2.39823e-06 4.23451e-08
0.00199061 2.39881e-06 4.24832e-08
0.00199124 2.39939e-06 4.26207e-08
0.00199186 2.39998e-06 4.27578e-08
0.00199248 2.40056e-06 4.28945e-08
0.0019931 2.40115e-06 4.30306e-08
0.00199372 2.40173e-06 4.31663e-08
0.00199434 2.40232e-06 4.33014e-08
0.00199496 2.40291e-06 4.34361e-08
0.00199558 2.4035e-06 4.35703e-08
0.00199621 2.40409e-06 4.37041e-08
0.00199683 2.40468e-06 4.38373e-08
0.00199745 2.40527e-06 4.397e-08
0.00199807 2.40586e-06 4.41023e-08
0.00199869 2.40645e-06 4.4234e-08
0.00199931 2.40704e-06 4.43653e-08
0.00199993 2.40764e-06 4.4496e-08
0.00200055 2.40823e-06 4.46263e-08
0.00200118 2.40882e-06 4.4756e-08
0.0020018 2.40942e-06 4.48853e-08
0.00200242 2.41001e-06 4.5014e-08
0.00200304 2.41061e-06 4.51423e-08
0.00200366 2.41121e-06 4.527e-08
0.00200428 2.4118e-06 4.53972e-08
0.0020049 2.4124e-06 4.55239e-08
0.00200552 2.413e-06 4.56501e-08
0.00200615 2.4136e-06 4.57758e-08
0.00200677 2.41419e-06 4.5901e-08
0.00200739 2.41479e-06 4.60256e-08
0.00200801 2.41539e-06 4.61497e-08
0.00200863 2.41599e-06 4.62734e-08
0.00200925 2.41659e-06 4.63964e-08
0.00200987 2.41719e-06 4.6519e-08
0.0020105 2.41779e-06 4.6641e-08
0.00201112 2.41839e-06 4.67625e-08
0.00201174 2.41899e-06 4.68835e-08
0.00201236 2.4196e-06 4.7004e-08
0.00201298 2.4202e-06 4.71239e-08
0.0020136 2.4208e-06 4.72433e-08
0.00201422 2.4214e-06 4.73621e-08
0.00201484 2.422e-06 4.74805e-08
0.00201547 2.42261e-06 4.75982e-08
0.00201609 2.42321e-06 4.77155e-08
0.00201671 2.42381e-06 4.78322e-08
0.00201733 2.42442e-06 4.79483e-08
0.00201795 2.42502e-06 4.8064e-08
0.00201857 2.42562e-06 4.8179e-08
0.00201919 2.42623e-06 4.82936e-08
0.00201981 2.42683e-06 4.84076e-08
0.00202044 2.42744e-06 4.8521e-08
0.00202106 2.42804e-06 4.86339e-08
0.00202168 2.42865e-06 4.87462e-08
0.0020223 2.42925e-06 4.8858e-08
0.00202292 2.42985e-06 4.89693e-08
0.00202354 2.43046e-06 4.908e-08
0.00202416 2.43106e-06 4.91901e-08
0.00202478 2.43167e-06 4.92997e-08
0.00202541 2.43227e-06 4.94087e-08
0.00202603 2.43288e-06 4.95172e-08
0.00202665 2.43348e-06 4.96251e-08
0.00202727 2.43409e-06 4.97324e-08
0.00202789 2.43469e-06 4.98392e-08
0.00202851 2.4353e-06 4.99454e-08
0.00202913 2.4359e-06 5.00511e-08
0.00202976 2.43651e-06 5.01562e-08
0.00203038 2.43711e-06 5.02608e-08
0.002031 2.43772e-06 5.03647e-08
0.00203162 2.43832e-06 5.04681e-08
0.00203224 2.43893e-06 5.0571e-08
0.00203286 2.43953e-06 5.06733e-08
0.00203348 2.44014e-06 5.0775e-08
0.0020341 2.44074e-06 5.08761e-08
0.00203473 2.44135e-06 5.09767e-08
0.00203535 2.44195e-06 5.10767e-08
0.00203597 2.44256e-06 5.11761e-08
0.00203659 2.44316e-06 5.1275e-08
0.00203721 2.44377e-06 5.13732e-08
0.00203783 2.44437e-06 5.1471e-08
0.00203845 2.44497e-06 5.15681e-08
0.00203907 2.44558e-06 5.16646e-08
0.0020397 2.44618e-06 5.17606e-08
0.00204032 2.44679e-06 5.1856e-08
0.00204094 2.44739e-06 5.19509e-08
0.00204156 2.44799e-06 5.20451e-08
0.00204218 2.4486e-06 5.21388e-08
0.0020428 2.4492e-06 5.22319e-08
0.00204342 2.4498e-06 5.23244e-08
0.00204404 2.4504e-06 5.24164e-08
0.00204467 2.45101e-06 5.25077e-08
0.00204529 2.45161e-06 5.25985e-08
0.00204591 2.45221e-06 5.26887e-08
0.00204653 2.45281e-06 5.27784e-08
0.00204715 2.45341e-06 5.28674e-08
0.00204777 2.45402e-06 5.29559e-08
0.00204839 2.45462e-06 5.30437e-08
0.00204902 2.45522e-06 5.3131e-08
0.00204964 2.45582e-06 5.32177e-08
0.00205026 2.45642e-06 5.33039e-08
0.00205088 2.45702e-06 5.33894e-08
0.0020515 2.45762e-06 5.34744e-08
0.00205212 2.45822e-06 5.35588e-08
0.00205274 2.45882e-06 5.36426e-08
0.00205336 2.45942e-06 5.37258e-08
0.00205399 2.46002e-06 5.38084e-08
0.00205461 2.46062e-06 5.38905e-08
0.00205523 2.46122e-06 5.39719e-08
0.00205585 2.46181e-06 5.40528e-08
0.00205647 2.46241e-06 5.41331e-08
0.00205709 2.46301e-06 5.42128e-08
0.00205771 2.46361e-06 5.4292e-08
0.00205833 2.46421e-06 5.43705e-08
0.00205896 2.4648e-06 5.44485e-08
0.00205958 2.4654e-06 5.45259e-08
0.0020602 2.466e-06 5.46027e-08
0.00206082 2.46659e-06 5.46789e-08
0.00206144 2.46719e-06 5.47545e-08
0.00206206 2.46779e-06 5.48295e-08
0.00206268 2.46838e-06 5.4904e-08
0.0020633 2.46898e-06 5.49779e-08
0.00206393 2.46957e-06 5.50512e-08
0.00206455 2.47017e-06 5.51239e-08
0.00206517 2.47076e-06 5.5196e-08
0.00206579 2.47136e-06 5.52676e-08
0.00206641 2.47195e-06 5.53386e-08
0.00206703 2.47255e-06 5.5409e-08
0.00206765 2.47314e-06 5.54788e-08
0.00206828 2.47374e-06 5.5548e-08
0.0020689 2.47433e-06 5.56166e-08
0.00206952 2.47492e-06 5.56847e-08
0.00207014 2.47552e-06 5.57522e-08
0.00207076 2.47611e-06 5.58191e-08
0.00207138 2.4767e-06 5.58855e-08
0.002072 2.47729e-06 5.59512e-08
0.00207262 2.47789e-06 5.60164e-08
0.00207325 2.47848e-06 5.6081e-08
0.00207387 2.47907e-06 5.6145e-08
0.00207449 2.47966e-06 5.62085e-08
0.00207511 2.48026e-06 5.62714e-08
0.00207573 2.48085e-06 5.63337e-08
0.00207635 2.48144e-06 5.63954e-08
0.00207697 2.48203e-06 5.64566e-08
0.00207759 2.48262e-06 5.65172e-08
0.00207822 2.48321e-06 5.65772e-08
0.00207884 2.48381e-06 5.66366e-08
0.00207946 2.4844e-06 5.66955e-08
0.00208008 2.48499e-06 5.67538e-08
0.0020807 2.48558e-06 5.68116e-08
0.00208132 2.48617e-06 5.68687e-08
0.00208194 2.48676e-06 5.69253e-08
0.00208256 2.48735e-06 5.69814e-08
0.00208319 2.48794e-06 5.70369e-08
0.00208381 2.48853e-06 5.70918e-08
0.00208443 2.48912e-06 5.71461e-08
0.00208505 2.48971e-06 5.71999e-08
0.00208567 2.4903e-06 5.72532e-08
0.00208629 2.49089e-06 5.73058e-08
0.00208691 2.49148e-06 5.73579e-08
0.00208754 2.49208e-06 5.74095e-08
0.00208816 2.49267e-06 5.74605e-08
0.00208878 2.49326e-06 5.75109e-08
0.0020894 2.49385e-06 5.75608e-08
0.00209002 2.49444e-06 5.76102e-08
0.00209064 2.49503e-06 5.76589e-08
0.00209126 2.49562e-06 5.77072e-08
0.00209188 2.49621e-06 5.77549e-08
0.00209251 2.4968e-06 5.7802e-08
0.00209313 2.49739e-06 5.78486e-08
0.00209375 2.49798e-06 5.78946e-08
0.00209437 2.49858e-06 5.79401e-08
0.00209499 2.49917e-06 5.79851e-08
0.00209561 2.49976e-06 5.80295e-08
0.00209623 2.50035e-06 5.80734e-08
0.00209685 2.50094e-06 5.81167e-08
0.00209748 2.50154e-06 5.81595e-08
0.0020981 2.50213e-06 5.82018e-08
0.00209872 2.50272e-06 5.82435e-08
0.00209934 2.50331e-06 5.82847e-08
0.00209996 2.50391e-06 5.83253e-08
0.00210058 2.5045e-06 5.83655e-08
0.0021012 2.5051e-06 5.8405e-08
0.00210182 2.50569e-06 5.84441e-08
0.00210245 2.50628e-06 5.84827e-08
0.00210307 2.50688e-06 5.85207e-08
0.00210369 2.50747e-06 5.85582e-08
0.00210431 2.50807e-06 5.85951e-08
0.00210493 2.50867e-06 5.86316e-08
0.00210555 2.50926e-06 5.86675e-08
0.00210617 2.50986e-06 5.87029e-08
0.0021068 2.51046e-06 5.87378e-08
0.00210742 2.51105e-06 5.87722e-08
0.00210804 2.51165e-06 5.88061e-08
0.00210866 2.51225e-06 5.88394e-08
0.00210928 2.51285e-06 5.88723e-08
0.0021099 2.51345e-06 5.89046e-08
0.00211052 2.51405e-06 5.89365e-08
0.00211114 2.51465e-06 5.89678e-08
0.00211177 2.51525e-06 5.89986e-08
0.00211239 2.51586e-06 5.9029e-08
0.00211301 2.51646e-06 5.90588e-08
0.00211363 2.51706e-06 5.90881e-08
0.00211425 2.51767e-06 5.9117e-08
0.00211487 2.51827e-06 5.91453e-08
0.00211549 2.51888e-06 5.91732e-08
0.00211611 2.51948e-06 5.92005e-08
0.00211674 2.52009e-06 5.92274e-08
0.00211736 2.5207e-06 5.92538e-08
0.00211798 2.52131e-06 5.92797e-08
0.0021186 2.52192e-06 5.93051e-08
0.00211922 2.52253e-06 5.93301e-08
0.00211984 2.52314e-06 5.93545e-08
0.00212046 2.52375e-06 5.93785e-08
0.00212108 2.52436e-06 5.9402e-08
0.00212171 2.52497e-06 5.94251e-08
0.00212233 2.52559e-06 5.94476e-08
0.00212295 2.5262e-06 5.94697e-08
0.00212357 2.52682e-06 5.94913e-08
0.00212419 2.52744e-06 5.95125e-08
0.00212481 2.52806e-06 5.95332e-08
0.00212543 2.52867e-06 5.95535e-08
0.00212606 2.52929e-06 5.95732e-08
0.00212668 2.52992e-06 5.95926e-08
0.0021273 2.53054e-06 5.96114e-08
0.00212792 2.53116e-06 5.96298e-08
0.00212854 2.53179e-06 5.96478e-08
0.00212916 2.53241e-06 5.96653e-08
0.00212978 2.53304e-06 5.96824e-08
0.0021304 2.53367e-06 5.9699e-08
0.00213103 2.5343e-06 5.97152e-08
0.00213165 2.53493e-06 5.97309e-08
0.00213227 2.53556e-06 5.97462e-08
0.00213289 2.53619e-06 5.97611e-08
0.00213351 2.53683e-06 5.97755e-08
0.00213413 2.53746e-06 5.97895e-08
0.00213475 2.5381e-06 5.98031e-08
0.00213537 2.53874e-06 5.98162e-08
0.002136 2.53938e-06 5.98289e-08
0.00213662 2.54002e-06 5.98412e-08
0.00213724 2.54066e-06 5.98531e-08
0.00213786 2.5413e-06 5.98645e-08
0.00213848 2.54195e-06 5.98755e-08
0.0021391 2.5426e-06 5.98862e-08
0.00213972 2.54324e-06 5.98963e-08
0.00214034 2.54389e-06 5.99061e-08
0.00214097 2.54455e-06 5.99155e-08
0.00214159 2.5452e-06 5.99245e-08
0.00214221 2.54585e-06 5.99331e-08
0.00214283 2.54651e-06 5.99412e-08
0.00214345 2.54717e-06 5.9949e-08
0.00214407 2.54783e-06 5.99563e-08
0.00214469 2.54849e-06 5.99633e-08
0.00214532 2.54915e-06 5.99699e-08
0.00214594 2.54982e-06 5.99761e-08
0.00214656 2.55048e-06 5.99819e-08
0.00214718 2.55115e-06 5.99873e-08
0.0021478 2.55182e-06 5.99923e-08
0.00214842 2.55249e-06 5.99969e-08
0.00214904 2.55317e-06 6.00012e-08
0.00214966 2.55384e-06 6.00051e-08
0.00215029 2.55452e-06 6.00086e-08
0.00215091 2.5552e-06 6.00117e-08
0.00215153 2.55588e-06 6.00145e-08
0.00215215 2.55657e-06 6.00169e-08
0.00215277 2.55725e-06 6.00189e-08
0.00215339 2.55794e-06 6.00206e-08
0.00215401 2.55863e-06 6.00219e-08
0.00215463 2.55932e-06 6.00228e-08
0.00215526 2.56001e-06 6.00234e-08
0.00215588 2.56071e-06 6.00236e-08
0.0021565 2.56141e-06 6.00235e-08
0.00215712 2.56211e-06 6.0023e-08
0.00215774 2.56281e-06 6.00222e-08
0.00215836 2.56351e-06 6.0021e-08
0.00215898 2.56422e-06 6.00194e-08
0.0021596 2.56493e-06 6.00176e-08
0.00216023 2.56564e-06 6.00154e-08
0.00216085 2.56635e-06 6.00128e-08
0.00216147 2.56707e-06 6.00099e-08
0.00216209 2.56778e-06 6.00067e-08
0.00216271 2.56851e-06 6.00032e-08
0.00216333 2.56923e-06 5.99993e-08
0.00216395 2.56995e-06 5.99951e-08
0.00216458 2.57068e-06 5.99906e-08
0.0021652 2.57141e-06 5.99857e-08
0.00216582 2.57214e-06 5.99805e-08
0.00216644 2.57288e-06 5.99751e-08
0.00216706 2.57361e-06 5.99692e-08
0.00216768 2.57435e-06 5.99631e-08
0.0021683 2.5751e-06 5.99567e-08
0.00216892 2.57584e-06 5.995e-08
0.00216955 2.57659e-06 5.99429e-08
0.00217017 2.57734e-06 5.99355e-08
0.00217079 2.57809e-06 5.99279e-08
0.00217141 2.57884e-06 5.99199e-08
0.00217203 2.5796e-06 5.99117e-08
0.00217265 2.58036e-06 5.99031e-08
0.00217327 2.58113e-06 5.98943e-08
0.00217389 2.58189e-06 5.98851e-08
0.00217452 2.58266e-06 5.98757e-08
0.00217514 2.58343e-06 5.98669e-08
0.00217576 2.58421e-06 5.98582e-08
0.00217638 2.58498e-06 5.98493e-08
0.002177 2.58576e-06 5.984e-08
0.00217762 2.58654e-06 5.98305e-08
0.00217824 2.58733e-06 5.98207e-08
0.00217886 2.58812e-06 5.98107e-08
0.00217949 2.58891e-06 5.98004e-08
0.00218011 2.5897e-06 5.97898e-08
0.00218073 2.5905e-06 5.97789e-08
0.00218135 2.5913e-06 5.97678e-08
0.00218197 2.5921e-06 5.97564e-08
0.00218259 2.59291e-06 5.97448e-08
0.00218321 2.59372e-06 5.97329e-08
0.00218384 2.59453e-06 5.97207e-08
0.00218446 2.59534e-06 5.97083e-08
0.00218508 2.59616e-06 5.96957e-08
0.0021857 2.59698e-06 5.96828e-08
0.00218632 2.5978e-06 5.96696e-08
0.00218694 2.59863e-06 5.96563e-08
0.00218756 2.59946e-06 5.96426e-08
0.00218818 2.60029e-06 5.96288e-08
0.00218881 2.60113e-06 5.96146e-08
0.00218943 2.60197e-06 5.96003e-08
0.00219005 2.60281e-06 5.95857e-08
0.00219067 2.60366e-06 5.95709e-08
0.00219129 2.60451e-06 5.95559e-08
0.00219191 2.60536e-06 5.95406e-08
0.00219253 2.60621e-06 5.95251e-08
0.00219315 2.60707e-06 5.95094e-08
0.00219378 2.60794e-06 5.94934e-08
0.0021944 2.6088e-06 5.94772e-08
0.00219502 2.60967e-06 5.94608e-08
0.00219564 2.61054e-06 5.94442e-08
0.00219626 2.61141e-06 5.94274e-08
0.00219688 2.61229e-06 5.94104e-08
0.0021975 2.61317e-06 5.93931e-08
0.00219812 2.61406e-06 5.93757e-08
0.00219875 2.61495e-06 5.9358e-08
0.00219937 2.61584e-06 5.93401e-08
0.00219999 2.61673e-06 5.9322e-08
0.00220061 2.61763e-06 5.93037e-08
0.00220123 2.61853e-06 5.92852e-08
0.00220185 2.61944e-06 5.92666e-08
0.00220247 2.62035e-06 5.92477e-08
0.0022031 2.62126e-06 5.92286e-08
0.00220372 2.62217e-06 5.92093e-08
0.00220434 2.62309e-06 5.91898e-08
0.00220496 2.62401e-06 5.91702e-08
0.00220558 2.62494e-06 5.91503e-08
0.0022062 2.62587e-06 5.91303e-08
0.00220682 2.6268e-06 5.911e-08
0.00220744 2.62774e-06 5.90896e-08
0.00220807 2.62868e-06 5.9069e-08
0.00220869 2.62962e-06 5.90482e-08
0.00220931 2.63057e-06 5.90273e-08
0.00220993 2.63152e-06 5.90061e-08
0.00221055 2.63247e-06 5.89848e-08
0.00221117 2.63343e-06 5.89633e-08
0.00221179 2.63439e-06 5.89417e-08
0.00221241 2.63535e-06 5.89198e-08
0.00221304 2.63632e-06 5.88978e-08
0.00221366 2.63729e-06 5.88756e-08
0.00221428 2.63826e-06 5.88533e-08
0.0022149 2.63924e-06 5.88308e-08
0.00221552 2.64022e-06 5.88081e-08
0.00221614 2.64121e-06 5.87853e-08
0.00221676 2.6422e-06 5.87622e-08
0.00221738 2.64319e-06 5.87391e-08
0.00221801 2.64419e-06 5.87158e-08
0.00221863 2.64519e-06 5.86923e-08
0.00221925 2.64619e-06 5.86686e-08
0.00221987 2.64719e-06 5.86448e-08
0.00222049 2.6482e-06 5.86209e-08
0.00222111 2.64922e-06 5.85968e-08
0.00222173 2.65024e-06 5.85725e-08
0.00222236 2.65126e-06 5.85481e-08
0.00222298 2.65228e-06 5.85236e-08
0.0022236 2.65331e-06 5.84989e-08
0.00222422 2.65434e-06 5.84741e-08
0.00222484 2.65538e-06 5.84491e-08
0.00222546 2.65641e-06 5.84239e-08
0.00222608 2.65746e-06 5.83987e-08
0.0022267 2.6585e-06 5.83733e-08
0.00222733 2.65955e-06 5.83477e-08
0.00222795 2.6606e-06 5.8322e-08
0.00222857 2.66166e-06 5.82962e-08
0.00222919 2.66272e-06 5.82702e-08
0.00222981 2.66378e-06 5.82441e-08
0.00223043 2.66485e-06 5.82179e-08
0.00223105 2.66592e-06 5.81916e-08
0.00223167 2.667e-06 5.81651e-08
0.0022323 2.66807e-06 5.81385e-08
0.00223292 2.66915e-06 5.81117e-08
0.00223354 2.67024e-06 5.80848e-08
0.00223416 2.67133e-06 5.80578e-08
0.00223478 2.67242e-06 5.80307e-08
0.0022354 2.67351e-06 5.80035e-08
0.00223602 2.67461e-06 5.79761e-08
0.00223664 2.67572e-06 5.79486e-08
0.00223727 2.67682e-06 5.7921e-08
0.00223789 2.67793e-06 5.78932e-08
0.00223851 2.67904e-06 5.78654e-08
0.00223913 2.68016e-06 5.78374e-08
0.00223975 2.68128e-06 5.78093e-08
0.00224037 2.6824e-06 5.77811e-08
0.00224099 2.68353e-06 5.77528e-08
0.00224162 2.68466e-06 5.77244e-08
0.00224224 2.68579e-06 5.76958e-08
0.00224286 2.68693e-06 5.76672e-08
0.00224348 2.68807e-06 5.76384e-08
0.0022441 2.68921e-06 5.76096e-08
0.00224472 2.69036e-06 5.75806e-08
0.00224534 2.69151e-06 5.75515e-08
0.00224596 2.69266e-06 5.75223e-08
0.00224659 2.69382e-06 5.7493e-08
0.00224721 2.69498e-06 5.74636e-08
0.00224783 2.69614e-06 5.74341e-08
0.00224845 2.6973e-06 5.74045e-08
0.00224907 2.69847e-06 5.73748e-08
0.00224969 2.69965e-06 5.73449e-08
0.00225031 2.70082e-06 5.7315e-08
0.00225093 2.702e-06 5.7285e-08
0.00225156 2.70319e-06 5.72549e-08
0.00225218 2.70437e-06 5.72247e-08
0.0022528 2.70556e-06 5.71944e-08
0.00225342 2.70675e-06 5.7164e-08
0.00225404 2.70795e-06 5.71335e-08
0.00225466 2.70915e-06 5.71029e-08
0.00225528 2.71035e-06 5.70722e-08
0.0022559 2.71155e-06 5.70414e-08
0.00225653 2.71276e-06 5.70106e-08
0.00225715 2.71397e-06 5.69796e-08
0.00225777 2.71518e-06 5.69486e-08
0.00225839 2.7164e-06 5.69174e-08
0.00225901 2.71762e-06 5.68862e-08
0.00225963 2.71884e-06 5.68549e-08
0.00226025 2.72007e-06 5.68235e-08
0.00226088 2.7213e-06 5.6792e-08
0.0022615 2.72253e-06 5.67604e-08
0.00226212 2.72376e-06 5.67287e-08
0.00226274 2.725e-06 5.6697e-08
0.00226336 2.72624e-06 5.66652e-08
0.00226398 2.72748e-06 5.66333e-08
0.0022646 2.72873e-06 5.66013e-08
0.00226522 2.72997e-06 5.65692e-08
0.00226585 2.73123e-06 5.6537e-08
0.00226647 2.73324e-06 5.65048e-08
0.00226709 2.736e-06 5.64725e-08
0.00226771 2.73876e-06 5.64401e-08
0.00226833 2.74152e-06 5.64076e-08
0.00226895 2.74428e-06 5.63751e-08
0.00226957 2.74704e-06 5.63424e-08
0.00227019 2.74979e-06 5.63097e-08
0.00227082 2.75254e-06 5.6277e-08
0.00227144 2.75529e-06 5.62441e-08
0.00227206 2.75804e-06 5.62112e-08
0.00227268 2.76079e-06 5.61782e-08
0.0022733 2.76354e-06 5.61451e-08
0.00227392 2.76628e-06 5.6112e-08
0.00227454 2.76902e-06 5.60788e-08
0.00227516 2.77176e-06 5.60455e-08
0.00227579 2.7745e-06 5.60121e-08
0.00227641 2.77723e-06 5.59787e-08
0.00227703 2.77996e-06 5.59452e-08
0.00227765 2.78269e-06 5.59987e-08
0.00227827 2.78542e-06 5.6086e-08
0.00227889 2.78815e-06 5.61733e-08
0.00227951 2.79087e-06 5.62607e-08
0.00228014 2.79359e-06 5.63481e-08
0.00228076 2.79631e-06 5.64356e-08
0.00228138 2.79902e-06 5.65231e-08
0.002282 2.80174e-06 5.66106e-08
0.00228262 2.80445e-06 5.66982e-08
0.00228324 2.80715e-06 5.67859e-08
0.00228386 2.80986e-06 5.68736e-08
0.00228448 2.81256e-06 5.69613e-08
0.00228511 2.81526e-06 5.70491e-08
0.00228573 2.81796e-06 5.7137e-08
0.00228635 2.82065e-06 5.72249e-08
0.00228697 2.82334e-06 5.73129e-08
0.00228759 2.82603e-06 5.74009e-08
0.00228821 2.82872e-06 5.74889e-08
0.00228883 2.8314e-06 5.75771e-08
0.00228945 2.83408e-06 5.76653e-08
0.00229008 2.83676e-06 5.77535e-08
0.0022907 2.83943e-06 5.78418e-08
0.00229132 2.8421e-06 5.79302e-08
0.00229194 2.84477e-06 5.80186e-08
0.00229256 2.84743e-06 5.81071e-08
0.00229318 2.85009e-06 5.81956e-08
0.0022938 2.85275e-06 5.82842e-08
0.00229442 2.8554e-06 5.83729e-08
0.00229505 2.85805e-06 5.84616e-08
0.00229567 2.8607e-06 5.85504e-08
0.00229629 2.86334e-06 5.86393e-08
0.00229691 2.86598e-06 5.87282e-08
0.00229753 2.86862e-06 5.88172e-08
0.00229815 2.87125e-06 5.89062e-08
0.00229877 2.87388e-06 5.89954e-08
0.0022994 2.87651e-06 5.90846e-08
0.00230002 2.87913e-06 5.91738e-08
0.00230064 2.88175e-06 5.92632e-08
0.00230126 2.88436e-06 5.93526e-08
0.00230188 2.88697e-06 5.94425e-08
0.0023025 2.88958e-06 5.95339e-08
0.00230312 2.89218e-06 5.96253e-08
0.00230374 2.89478e-06 5.97168e-08
0.00230437 2.89738e-06 5.98083e-08
0.00230499 2.89997e-06 5.98999e-08
0.00230561 2.90255e-06 5.99915e-08
0.00230623 2.90514e-06 6.00832e-08
0.00230685 2.90772e-06 6.0175e-08
0.00230747 2.91029e-06 6.02668e-08
0.00230809 2.91286e-06 6.03586e-08
0.00230871 2.91543e-06 6.04505e-08
0.00230934 2.91799e-06 6.05425e-08
0.00230996 2.92055e-06 6.06345e-08
0.00231058 2.92311e-06 6.07266e-08
0.0023112 2.92565e-06 6.08188e-08
0.00231182 2.9282e-06 6.0911e-08
0.00231244 2.93074e-06 6.10032e-08
0.00231306 2.93328e-06 6.10956e-08
0.00231368 2.93581e-06 6.1188e-08
0.00231431 2.93834e-06 6.12804e-08
0.00231493 2.94086e-06 6.13729e-08
0.00231555 2.94338e-06 6.14655e-08
0.00231617 2.94589e-06 6.15582e-08
0.00231679 2.9484e-06 6.16509e-08
0.00231741 2.95091e-06 6.17437e-08
0.00231803 2.95341e-06 6.18365e-08
0.00231866 2.9559e-06 6.19294e-08
0.00231928 2.95839e-06 6.20224e-08
0.0023199 2.96088e-06 6.21154e-08
0.00232052 2.96336e-06 6.22086e-08
0.00232114 2.96584e-06 6.23017e-08
0.00232176 2.96831e-06 6.2395e-08
0.00232238 2.97077e-06 6.24883e-08
0.002323 2.97324e-06 6.25817e-08
0.00232363 2.97569e-06 6.26751e-08
0.00232425 2.97814e-06 6.27687e-08
0.00232487 2.98059e-06 6.28623e-08
0.00232549 2.98303e-06 6.29559e-08
0.00232611 2.98547e-06 6.30497e-08
0.00232673 2.9879e-06 6.31435e-08
0.00232735 2.99032e-06 6.32374e-08
0.00232797 2.99275e-06 6.33313e-08
0.0023286 2.99516e-06 6.34254e-08
0.00232922 2.99757e-06 6.35195e-08
0.00232984 2.99998e-06 6.36136e-08
0.00233046 3.00238e-06 6.37079e-08
0.00233108 3.00477e-06 6.38022e-08
0.0023317 3.00716e-06 6.38966e-08
0.00233232 3.00954e-06 6.39911e-08
0.00233294 3.01192e-06 6.40857e-08
0.00233357 3.01429e-06 6.41803e-08
0.00233419 3.01666e-06 6.4275e-08
0.00233481 3.01902e-06 6.43698e-08
0.00233543 3.02138e-06 6.44646e-08
0.00233605 3.02373e-06 6.45596e-08
0.00233667 3.02608e-06 6.46546e-08
0.00233729 3.02841e-06 6.47497e-08
0.00233792 3.03075e-06 6.48448e-08
0.00233854 3.03308e-06 6.49401e-08
0.00233916 3.0354e-06 6.50354e-08
0.00233978 3.03772e-06 6.51308e-08
0.0023404 3.04003e-06 6.52263e-08
0.00234102 3.04233e-06 6.53219e-08
0.00234164 3.04463e-06 6.54175e-08
0.00234226 3.04692e-06 6.55132e-08
0.00234289 3.04921e-06 6.5609e-08
0.00234351 3.05149e-06 6.57049e-08
0.00234413 3.05377e-06 6.58009e-08
0.00234475 3.05604e-06 6.58969e-08
0.00234537 3.0583e-06 6.5993e-08
0.00234599 3.06056e-06 6.60893e-08
0.00234661 3.06281e-06 6.61855e-08
0.00234723 3.06506e-06 6.62819e-08
0.00234786 3.0673e-06 6.63784e-08
0.00234848 3.06953e-06 6.64749e-08
0.0023491 3.07176e-06 6.65715e-08
0.00234972 3.07398e-06 6.66682e-08
0.00235034 3.07619e-06 6.6765e-08
0.00235096 3.0784e-06 6.68618e-08
0.00235158 3.08061e-06 6.69588e-08
0.0023522 3.0828e-06 6.70558e-08
0.00235283 3.08499e-06 6.71529e-08
0.00235345 3.08718e-06 6.72501e-08
0.00235407 3.08935e-06 6.73474e-08
0.00235469 3.09152e-06 6.74447e-08
0.00235531 3.09369e-06 6.75422e-08
0.00235593 3.09585e-06 6.76397e-08
0.00235655 3.098e-06 6.77373e-08
0.00235718 3.10014e-06 6.7835e-08
0.0023578 3.10228e-06 6.79328e-08
0.00235842 3.10442e-06 6.80306e-08
0.00235904 3.10654e-06 6.81285e-08
0.00235966 3.10866e-06 6.82266e-08
0.00236028 3.11077e-06 6.83247e-08
0.0023609 3.11288e-06 6.84229e-08
0.00236152 3.11498e-06 6.85211e-08
0.00236215 3.11707e-06 6.86195e-08
0.00236277 3.11916e-06 6.87179e-08
0.00236339 3.12124e-06 6.88165e-08
0.00236401 3.12331e-06 6.89151e-08
0.00236463 3.12538e-06 6.90138e-08
0.00236525 3.12744e-06 6.91125e-08
0.00236587 3.12949e-06 6.92114e-08
0.00236649 3.13154e-06 6.93103e-08
0.00236712 3.13358e-06 6.94094e-08
0.00236774 3.13561e-06 6.95085e-08
0.00236836 3.13764e-06 6.96077e-08
0.00236898 3.13966e-06 6.97069e-08
0.0023696 3.14167e-06 6.98063e-08
0.00237022 3.14367e-06 6.99058e-08
0.00237084 3.14567e-06 7.00053e-08
0.00237146 3.14766e-06 7.01049e-08
0.00237209 3.14965e-06 7.02046e-08
0.00237271 3.15163e-06 7.03044e-08
0.00237333 3.1536e-06 7.04042e-08
0.00237395 3.15556e-06 7.05042e-08
0.00237457 3.15752e-06 7.06042e-08
0.00237519 3.15947e-06 7.07043e-08
0.00237581 3.16141e-06 7.08045e-08
0.00237644 3.16334e-06 7.09048e-08
0.00237706 3.16527e-06 7.10051e-08
0.00237768 3.16719e-06 7.11056e-08
0.0023783 3.16911e-06 7.12061e-08
0.00237892 3.17102e-06 7.13067e-08
0.00237954 3.17292e-06 7.14074e-08
0.00238016 3.17481e-06 7.15081e-08
0.00238078 3.17669e-06 7.1609e-08
0.00238141 3.17857e-06 7.17099e-08
0.00238203 3.18044e-06 7.18109e-08
0.00238265 3.18231e-06 7.1912e-08
0.00238327 3.18416e-06 7.20132e-08
0.00238389 3.18601e-06 7.21144e-08
0.00238451 3.18786e-06 7.22158e-08
0.00238513 3.18969e-06 7.23172e-08
0.00238575 3.19152e-06 7.24187e-08
0.00238638 3.19334e-06 7.25203e-08
0.002387 3.19515e-06 7.26219e-08
0.00238762 3.19696e-06 7.27236e-08
0.00238824 3.19876e-06 7.28255e-08
0.00238886 3.20055e-06 7.29273e-08
0.00238948 3.20233e-06 7.30293e-08
0.0023901 3.20411e-06 7.31314e-08
0.00239072 3.20588e-06 7.32335e-08
0.00239135 3.20764e-06 7.33357e-08
0.00239197 3.20939e-06 7.3438e-08
0.00239259 3.21114e-06 7.35403e-08
0.00239321 3.21288e-06 7.36428e-08
0.00239383 3.21461e-06 7.37453e-08
0.00239445 3.21633e-06 7.38479e-08
0.00239507 3.21805e-06 7.39505e-08
0.0023957 3.21976e-06 7.40533e-08
0.00239632 3.22146e-06 7.41561e-08
0.00239694 3.22315e-06 7.4259e-08
0.00239756 3.22484e-06 7.43619e-08
0.00239818 3.22652e-06 7.4465e-08
0.0023988 3.22819e-06 7.45681e-08
0.00239942 3.22985e-06 7.46713e-08
0.00240004 3.23151e-06 7.47745e-08
0.00240067 3.23316e-06 7.48778e-08
0.00240129 3.2348e-06 7.49813e-08
0.00240191 3.23643e-06 7.50847e-08
0.00240253 3.23808e-06 7.51883e-08
0.00240315 3.23973e-06 7.52919e-08
0.00240377 3.24137e-06 7.53956e-08
0.00240439 3.24301e-06 7.54994e-08
0.00240501 3.24464e-06 7.56032e-08
0.00240564 3.24626e-06 7.57071e-08
0.00240626 3.24787e-06 7.58111e-08
0.00240688 3.24947e-06 7.59151e-08
0.0024075 3.25107e-06 7.60193e-08
0.00240812 3.25266e-06 7.61234e-08
0.00240874 3.25424e-06 7.62277e-08
0.00240936 3.25581e-06 7.6332e-08
0.00240998 3.25738e-06 7.64364e-08
0.00241061 3.25893e-06 7.65409e-08
0.00241123 3.26048e-06 7.66454e-08
0.00241185 3.26203e-06 7.675e-08
0.00241247 3.26356e-06 7.68546e-08
0.00241309 3.26509e-06 7.69594e-08
0.00241371 3.26661e-06 7.70642e-08
0.00241433 3.26812e-06 7.7169e-08
0.00241496 3.26962e-06 7.72739e-08
0.00241558 3.27111e-06 7.73789e-08
0.0024162 3.2726e-06 7.7484e-08
0.00241682 3.27408e-06 7.75891e-08
0.00241744 3.27555e-06 7.76942e-08
0.00241806 3.27701e-06 7.77997e-08
0.00241868 3.27847e-06 7.79065e-08
0.0024193 3.27992e-06 7.80133e-08
0.00241993 3.28136e-06 7.81202e-08
0.00242055 3.28279e-06 7.82271e-08
0.00242117 3.28421e-06 7.83341e-08
0.00242179 3.28563e-06 7.84412e-08
0.00242241 3.28704e-06 7.85484e-08
0.00242303 3.28844e-06 7.86556e-08
0.00242365 3.28983e-06 7.87629e-08
0.00242427 3.29122e-06 7.88703e-08
0.0024249 3.29259e-06 7.89777e-08
0.00242552 3.29396e-06 7.90852e-08
0.00242614 3.29532e-06 7.91928e-08
0.00242676 3.29667e-06 7.93004e-08
0.00242738 3.29802e-06 7.94081e-08
0.002428 3.29935e-06 7.95159e-08
0.00242862 3.30068e-06 7.96237e-08
0.00242924 3.302e-06 7.97316e-08
0.00242987 3.30332e-06 7.98395e-08
0.00243049 3.30462e-06 7.99475e-08
0.00243111 3.30592e-06 8.00556e-08
0.00243173 3.30721e-06 8.01637e-08
0.00243235 3.30849e-06 8.02719e-08
0.00243297 3.30976e-06 8.03802e-08
0.00243359 3.31103e-06 8.04885e-08
0.00243422 3.31228e-06 8.05969e-08
0.00243484 3.31353e-06 8.07053e-08
0.00243546 3.31477e-06 8.08138e-08
0.00243608 3.31601e-06 8.09223e-08
0.0024367 3.31723e-06 8.10309e-08
0.00243732 3.31845e-06 8.11396e-08
0.00243794 3.31966e-06 8.12483e-08
0.00243856 3.32086e-06 8.13571e-08
0.00243919 3.32205e-06 8.14659e-08
0.00243981 3.32324e-06 8.15748e-08
0.00244043 3.32442e-06 8.16837e-08
0.00244105 3.32558e-06 8.17927e-08
0.00244167 3.32675e-06 8.19017e-08
0.00244229 3.3279e-06 8.20108e-08
0.00244291 3.32904e-06 8.21199e-08
0.00244353 3.33018e-06 8.22291e-08
0.00244416 3.33131e-06 8.23383e-08
0.00244478 3.33243e-06 8.24476e-08
0.0024454 3.33355e-06 8.25569e-08
0.00244602 3.33465e-06 8.26662e-08
0.00244664 3.33575e-06 8.27757e-08
0.00244726 3.33684e-06 8.28851e-08
0.00244788 3.33792e-06 8.29946e-08
0.0024485 3.33899e-06 8.31042e-08
0.00244913 3.34006e-06 8.32137e-08
0.00244975 3.34112e-06 8.33234e-08
0.00245037 3.34217e-06 8.3433e-08
0.00245099 3.34321e-06 8.35428e-08
0.00245161 3.34424e-06 8.36525e-08
0.00245223 3.34527e-06 8.37623e-08
0.00245285 3.34628e-06 8.38721e-08
0.00245348 3.34729e-06 8.3982e-08
0.0024541 3.34829e-06 8.40919e-08
0.00245472 3.34929e-06 8.42018e-08
0.00245534 3.35027e-06 8.43118e-08
0.00245596 3.35125e-06 8.44218e-08
0.00245658 3.35222e-06 8.45319e-08
0.0024572 3.35318e-06 8.4642e-08
0.00245782 3.35414e-06 8.47521e-08
0.00245845 3.35509e-06 8.48622e-08
0.00245907 3.35602e-06 8.49724e-08
0.00245969 3.35695e-06 8.50826e-08
0.00246031 3.35788e-06 8.51929e-08
0.00246093 3.35879e-06 8.53031e-08
0.00246155 3.3597e-06 8.54134e-08
0.00246217 3.3606e-06 8.55238e-08
0.00246279 3.36149e-06 8.56341e-08
0.00246342 3.36237e-06 8.57445e-08
0.00246404 3.36325e-06 8.58549e-08
0.00246466 3.36411e-06 8.59653e-08
0.00246528 3.36497e-06 8.60758e-08
0.0024659 3.36582e-06 8.61863e-08
0.00246652 3.36667e-06 8.62968e-08
0.00246714 3.3675e-06 8.64073e-08
0.00246776 3.36833e-06 8.65178e-08
0.00246839 3.36915e-06 8.66284e-08
0.00246901 3.36996e-06 8.6739e-08
0.00246963 3.37077e-06 8.68496e-08
0.00247025 3.37156e-06 8.69602e-08
0.00247087 3.37235e-06 8.70709e-08
0.00247149 3.37313e-06 8.71815e-08
0.00247211 3.37391e-06 8.72922e-08
0.00247274 3.37467e-06 8.74029e-08
0.00247336 3.37543e-06 8.75136e-08
0.00247398 3.37618e-06 8.76243e-08
0.0024746 3.37692e-06 8.7735e-08
0.00247522 3.37766e-06 8.78458e-08
0.00247584 3.37838e-06 8.79565e-08
0.00247646 3.3791e-06 8.80673e-08
0.00247708 3.37981e-06 8.81781e-08
0.00247771 3.38052e-06 8.82888e-08
0.00247833 3.38121e-06 8.83996e-08
0.00247895 3.3819e-06 8.85104e-08
0.00247957 3.38258e-06 8.86212e-08
0.00248019 3.38325e-06 8.8732e-08
0.00248081 3.38392e-06 8.88428e-08
0.00248143 3.38457e-06 8.89537e-08
0.00248205 3.38522e-06 8.90645e-08
0.00248268 3.38586e-06 8.91753e-08
0.0024833 3.3865e-06 8.92861e-08
0.00248392 3.38712e-06 8.93969e-08
0.00248454 3.38774e-06 8.95078e-08
0.00248516 3.38835e-06 8.96186e-08
0.00248578 3.38896e-06 8.97294e-08
0.0024864 3.38955e-06 8.98402e-08
0.00248702 3.39014e-06 8.9951e-08
0.00248765 3.39072e-06 9.00618e-08
0.00248827 3.3913e-06 9.01726e-08
0.00248889 3.39186e-06 9.02834e-08
0.00248951 3.39242e-06 9.03942e-08
0.00249013 3.39297e-06 9.0505e-08
0.00249075 3.39351e-06 9.06158e-08
0.00249137 3.39405e-06 9.07265e-08
0.002492 3.39458e-06 9.08373e-08
0.00249262 3.3951e-06 9.0948e-08
0.00249324 3.39561e-06 9.10588e-08
0.00249386 3.39612e-06 9.11695e-08
0.00249448 3.39662e-06 9.12802e-08
0.0024951 3.39711e-06 9.13909e-08
0.00249572 3.39759e-06 9.15015e-08
0.00249634 3.39806e-06 9.16122e-08
0.00249697 3.39853e-06 9.17228e-08
0.00249759 3.39899e-06 9.18334e-08
0.00249821 3.39945e-06 9.1944e-08
0.00249883 3.39989e-06 9.20546e-08
0.00249945 3.40033e-06 9.21652e-08
0.00250007 3.40076e-06 9.22757e-08
0.00250069 3.40119e-06 9.23862e-08
0.00250131 3.4016e-06 9.24967e-08
0.00250194 3.40201e-06 9.26072e-08
0.00250256 3.40242e-06 9.27176e-08
0.00250318 3.40281e-06 9.2828e-08
0.0025038 3.4032e-06 9.29384e-08
0.00250442 3.40358e-06 9.30488e-08
0.00250504 3.40395e-06 9.31591e-08
0.00250566 3.40432e-06 9.32694e-08
0.00250628 3.40468e-06 9.33797e-08
0.00250691 3.40503e-06 9.34899e-08
0.00250753 3.40537e-06 9.36001e-08
0.00250815 3.40571e-06 9.37103e-08
0.00250877 3.40604e-06 9.38204e-08
0.00250939 3.40636e-06 9.39305e-08
0.00251001 3.40667e-06 9.40406e-08
0.00251063 3.40698e-06 9.41506e-08
0.00251126 3.40728e-06 9.42606e-08
0.00251188 3.40758e-06 9.43705e-08
0.0025125 3.40786e-06 9.44804e-08
0.00251312 3.40814e-06 9.45903e-08
0.00251374 3.40842e-06 9.47001e-08
0.00251436 3.40868e-06 9.48099e-08
0.00251498 3.40894e-06 9.49197e-08
0.0025156 3.40919e-06 9.50293e-08
0.00251623 3.40944e-06 9.5139e-08
0.00251685 3.40967e-06 9.52486e-08
0.00251747 3.40991e-06 9.53581e-08
0.00251809 3.41013e-06 9.54676e-08
0.00251871 3.41035e-06 9.55771e-08
0.00251933 3.41055e-06 9.56865e-08
0.00251995 3.41076e-06 9.57959e-08
0.00252057 3.41095e-06 9.59052e-08
0.0025212 3.41114e-06 9.60144e-08
0.00252182 3.41132e-06 9.61236e-08
0.00252244 3.4115e-06 9.62327e-08
0.00252306 3.41167e-06 9.63418e-08
0.00252368 3.41183e-06 9.64508e-08
0.0025243 3.41198e-06 9.65598e-08
0.00252492 3.41213e-06 9.66687e-08
0.00252554 3.41227e-06 9.67776e-08
0.00252617 3.41241e-06 9.68863e-08
0.00252679 3.41253e-06 9.69951e-08
0.00252741 3.41265e-06 9.71037e-08
0.00252803 3.41277e-06 9.72123e-08
0.00252865 3.41287e-06 9.73208e-08
0.00252927 3.41298e-06 9.74293e-08
0.00252989 3.41307e-06 9.75377e-08
0.00253052 3.41316e-06 9.7646e-08
0.00253114 3.41324e-06 9.77543e-08
0.00253176 3.41331e-06 9.78625e-08
0.00253238 3.41338e-06 9.79706e-08
0.002533 3.41344e-06 9.80787e-08
0.00253362 3.41349e-06 9.81866e-08
0.00253424 3.41354e-06 9.82945e-08
0.00253486 3.41358e-06 9.84023e-08
0.00253549 3.41361e-06 9.85101e-08
0.00253611 3.41364e-06 9.86178e-08
0.00253673 3.41366e-06 9.87254e-08
0.00253735 3.41368e-06 9.88329e-08
0.00253797 3.41369e-06 9.89403e-08
0.00253859 3.41369e-06 9.90477e-08
0.00253921 3.41368e-06 9.91549e-08
0.00253983 3.41367e-06 9.92621e-08
0.00254046 3.41365e-06 9.93692e-08
0.00254108 3.41363e-06 9.94763e-08
0.0025417 3.4136e-06 9.95832e-08
0.00254232 3.41356e-06 9.969e-08
0.00254294 3.41352e-06 9.97968e-08
0.00254356 3.41347e-06 9.99035e-08
0.00254418 3.41341e-06 1.0001e-07
0.0025448 3.41335e-06 1.00117e-07
0.00254543 3.41328e-06 1.00223e-07
0.00254605 3.41321e-06 1.00329e-07
0.00254667 3.41313e-06 1.00435e-07
0.00254729 3.41304e-06 1.00542e-07
0.00254791 3.41295e-06 1.00648e-07
0.00254853 3.41285e-06 1.00754e-07
0.00254915 3.41274e-06 1.00859e-07
0.00254978 3.41263e-06 1.00965e-07
0.0025504 3.41251e-06 1.01071e-07
0.00255102 3.41239e-06 1.01176e-07
0.00255164 3.41226e-06 1.01282e-07
0.00255226 3.41212e-06 1.01387e-07
0.00255288 3.41198e-06 1.01492e-07
0.0025535 3.41183e-06 1.01597e-07
0.00255412 3.41167e-06 1.01702e-07
0.00255475 3.41151e-06 1.01807e-07
0.00255537 3.41135e-06 1.01912e-07
0.00255599 3.41117e-06 1.02017e-07
0.00255661 3.411e-06 1.02121e-07
0.00255723 3.41081e-06 1.02226e-07
0.00255785 3.41062e-06 1.0233e-07
0.00255847 3.41042e-06 1.02434e-07
0.00255909 3.41022e-06 1.02538e-07
0.00255972 3.41001e-06 1.02642e-07
0.00256034 3.4098e-06 1.02746e-07
0.00256096 3.40958e-06 1.0285e-07
0.00256158 3.40935e-06 1.02954e-07
0.0025622 3.40912e-06 1.03057e-07
0.00256282 3.40888e-06 1.03161e-07
0.00256344 3.40864e-06 1.03265e-07
0.00256406 3.40839e-06 1.03369e-07
0.00256469 3.40813e-06 1.03473e-07
0.00256531 3.40787e-06 1.03577e-07
0.00256593 3.40761e-06 1.0368e-07
0.00256655 3.40733e-06 1.03783e-07
0.00256717 3.40706e-06 1.03887e-07
0.00256779 3.40677e-06 1.0399e-07
0.00256841 3.40648e-06 1.04093e-07
0.00256904 3.40619e-06 1.04196e-07
0.00256966 3.40589e-06 1.04298e-07
0.00257028 3.40558e-06 1.04401e-07
0.0025709 3.40527e-06 1.04503e-07
0.00257152 3.40495e-06 1.04605e-07
0.00257214 3.40463e-06 1.04708e-07
0.00257276 3.4043e-06 1.0481e-07
0.00257338 3.40397e-06 1.04911e-07
0.00257401 3.40363e-06 1.05013e-07
0.00257463 3.40328e-06 1.05115e-07
0.00257525 3.40293e-06 1.05216e-07
0.00257587 3.40258e-06 1.05317e-07
0.00257649 3.40221e-06 1.05419e-07
0.00257711 3.40185e-06 1.05519e-07
0.00257773 3.40148e-06 1.0562e-07
0.00257835 3.4011e-06 1.05721e-07
0.00257898 3.40072e-06 1.05822e-07
0.0025796 3.40033e-06 1.05922e-07
0.00258022 3.39993e-06 1.06022e-07
0.00258084 3.39953e-06 1.06122e-07
0.00258146 3.39913e-06 1.06222e-07
0.00258208 3.39872e-06 1.06322e-07
0.0025827 3.39831e-06 1.06421e-07
0.00258332 3.39789e-06 1.06521e-07
0.00258395 3.39746e-06 1.0662e-07
0.00258457 3.39703e-06 1.06719e-07
0.00258519 3.39659e-06 1.06818e-07
0.00258581 3.39615e-06 1.06917e-07
0.00258643 3.39571e-06 1.07016e-07
0.00258705 3.39526e-06 1.07114e-07
0.00258767 3.3948e-06 1.07212e-07
0.0025883 3.39434e-06 1.0731e-07
0.00258892 3.39387e-06 1.07408e-07
0.00258954 3.3934e-06 1.07506e-07
0.00259016 3.39292e-06 1.07604e-07
0.00259078 3.39244e-06 1.07701e-07
0.0025914 3.39195e-06 1.07798e-07
0.00259202 3.39146e-06 1.07895e-07
0.00259264 3.39097e-06 1.07992e-07
0.00259327 3.39046e-06 1.08089e-07
0.00259389 3.38996e-06 1.08186e-07
0.00259451 3.38945e-06 1.08282e-07
0.00259513 3.38893e-06 1.08378e-07
0.00259575 3.38841e-06 1.08474e-07
0.00259637 3.38788e-06 1.0857e-07
0.00259699 3.38735e-06 1.08666e-07
0.00259761 3.38681e-06 1.08761e-07
0.00259824 3.38627e-06 1.08856e-07
0.00259886 3.38573e-06 1.08952e-07
0.00259948 3.38518e-06 1.09046e-07
0.0026001 3.38462e-06 1.09141e-07
0.00260072 3.38406e-06 1.09236e-07
0.00260134 3.3835e-06 1.0933e-07
0.00260196 3.38293e-06 1.09424e-07
0.00260258 3.38235e-06 1.09518e-07
0.00260321 3.38177e-06 1.09612e-07
0.00260383 3.38119e-06 1.09705e-07
0.00260445 3.3806e-06 1.09799e-07
0.00260507 3.38001e-06 1.09892e-07
0.00260569 3.37941e-06 1.09985e-07
0.00260631 3.37881e-06 1.10078e-07
0.00260693 3.3782e-06 1.1017e-07
0.00260756 3.37759e-06 1.10262e-07
0.00260818 3.37697e-06 1.10355e-07
0.0026088 3.37635e-06 1.10447e-07
0.00260942 3.37573e-06 1.10538e-07
0.00261004 3.3751e-06 1.1063e-07
0.00261066 3.37446e-06 1.10721e-07
0.00261128 3.37383e-06 1.10812e-07
0.0026119 3.37318e-06 1.10903e-07
0.00261253 3.37253e-06 1.10994e-07
0.00261315 3.37188e-06 1.11084e-07
0.00261377 3.37123e-06 1.11175e-07
0.00261439 3.37056e-06 1.11265e-07
0.00261501 3.3699e-06 1.11355e-07
0.00261563 3.36923e-06 1.11444e-07
0.00261625 3.36856e-06 1.11534e-07
0.00261687 3.36788e-06 1.11623e-07
0.0026175 3.36719e-06 1.11712e-07
0.00261812 3.36651e-06 1.11801e-07
0.00261874 3.36582e-06 1.11889e-07
0.00261936 3.36512e-06 1.11978e-07
0.00261998 3.36442e-06 1.12066e-07
0.0026206 3.36372e-06 1.12154e-07
0.00262122 3.36301e-06 1.12241e-07
0.00262184 3.36229e-06 1.12329e-07
0.00262247 3.36158e-06 1.12416e-07
0.00262309 3.36086e-06 1.12503e-07
0.00262371 3.36013e-06 1.1259e-07
0.00262433 3.3594e-06 1.12676e-07
0.00262495 3.35867e-06 1.12762e-07
0.00262557 3.35793e-06 1.12848e-07
0.00262619 3.35719e-06 1.12934e-07
0.00262682 3.35644e-06 1.1302e-07
0.00262744 3.35569e-06 1.13105e-07
0.00262806 3.35494e-06 1.1319e-07
0.00262868 3.35418e-06 1.13275e-07
0.0026293 3.35342e-06 1.1336e-07
0.00262992 3.35265e-06 1.13444e-07
0.00263054 3.35188e-06 1.13528e-07
0.00263116 3.35111e-06 1.13612e-07
0.00263179 3.35033e-06 1.13696e-07
0.00263241 3.34955e-06 1.13779e-07
0.00263303 3.34876e-06 1.13863e-07
0.00263365 3.34797e-06 1.13946e-07
0.00263427 3.34718e-06 1.14028e-07
0.00263489 3.34638e-06 1.14111e-07
0.00263551 3.34558e-06 1.14193e-07
0.00263613 3.34477e-06 1.14275e-07
0.00263676 3.34396e-06 1.14357e-07
0.00263738 3.34315e-06 1.14438e-07
0.002638 3.34233e-06 1.14519e-07
0.00263862 3.34151e-06 1.146e-07
0.00263924 3.34069e-06 1.14681e-07
0.00263986 3.33986e-06 1.14761e-07
0.00264048 3.33902e-06 1.14841e-07
0.0026411 3.33819e-06 1.14921e-07
0.00264173 3.33972e-06 1.15001e-07
0.00264235 3.34223e-06 1.1508e-07
0.00264297 3.34473e-06 1.1516e-07
0.00264359 3.34722e-06 1.15238e-07
0.00264421 3.3497e-06 1.15317e-07
0.00264483 3.35218e-06 1.15395e-07
0.00264545 3.35465e-06 1.15474e-07
0.00264608 3.35711e-06 1.15551e-07
0.0026467 3.35957e-06 1.15629e-07
0.00264732 3.36202e-06 1.15706e-07
0.00264794 3.36446e-06 1.15783e-07
0.00264856 3.36689e-06 1.1586e-07
0.00264918 3.36932e-06 1.15936e-07
0.0026498 3.37174e-06 1.16013e-07
0.00265042 3.37415e-06 1.16089e-07
0.00265105 3.37656e-06 1.16164e-07
0.00265167 3.37896e-06 1.1624e-07
0.00265229 3.38135e-06 1.16315e-07
0.00265291 3.38373e-06 1.1639e-07
0.00265353 3.38611e-06 1.16464e-07
0.00265415 3.38847e-06 1.16539e-07
0.00265477 3.39084e-06 1.16613e-07
0.00265539 3.39319e-06 1.16686e-07
0.00265602 3.39553e-06 1.1676e-07
0.00265664 3.39787e-06 1.16833e-07
0.00265726 3.4002e-06 1.16906e-07
0.00265788 3.40252e-06 1.16979e-07
0.0026585 3.40484e-06 1.17051e-07
0.00265912 3.40715e-06 1.17123e-07
0.00265974 3.40944e-06 1.17195e-07
0.00266036 3.41174e-06 1.17266e-07
0.00266099 3.41402e-06 1.17337e-07
0.00266161 3.41629e-06 1.17408e-07
0.00266223 3.41856e-06 1.17479e-07
0.00266285 3.42082e-06 1.17549e-07
0.00266347 3.42307e-06 1.17619e-07
0.00266409 3.42532e-06 1.17689e-07
0.00266471 3.42755e-06 1.17759e-07
0.00266534 3.42978e-06 1.17828e-07
0.00266596 3.432e-06 1.17897e-07
0.00266658 3.43421e-06 1.17965e-07
0.0026672 3.43641e-06 1.18034e-07
0.00266782 3.43861e-06 1.18101e-07
0.00266844 3.44079e-06 1.18169e-07
0.00266906 3.44297e-06 1.18237e-07
0.00266968 3.44514e-06 1.18304e-07
0.00267031 3.4473e-06 1.1837e-07
0.00267093 3.44945e-06 1.18437e-07
0.00267155 3.4516e-06 1.18503e-07
0.00267217 3.45373e-06 1.18569e-07
0.00267279 3.45586e-06 1.18635e-07
0.00267341 3.45798e-06 1.187e-07
0.00267403 3.46009e-06 1.18765e-07
0.00267465 3.46219e-06 1.1883e-07
0.00267528 3.46428e-06 1.18894e-07
0.0026759 3.46637e-06 1.18958e-07
0.00267652 3.46844e-06 1.19022e-07
0.00267714 3.47051e-06 1.19085e-07
0.00267776 3.47257e-06 1.19148e-07
0.00267838 3.47462e-06 1.19211e-07
0.002679 3.47666e-06 1.19274e-07
0.00267962 3.47869e-06 1.19336e-07
0.00268025 3.48071e-06 1.19398e-07
0.00268087 3.48273e-06 1.19459e-07
0.00268149 3.48473e-06 1.19521e-07
0.00268211 3.48673e-06 1.19582e-07
0.00268273 3.48872e-06 1.19642e-07
0.00268335 3.49069e-06 1.19703e-07
0.00268397 3.49266e-06 1.19763e-07
0.0026846 3.49462e-06 1.19822e-07
0.00268522 3.49657e-06 1.19882e-07
0.00268584 3.49851e-06 1.19941e-07
0.00268646 3.50045e-06 1.2e-07
0.00268708 3.50237e-06 1.20058e-07
0.0026877 3.50428e-06 1.20116e-07
0.00268832 3.50619e-06 1.20174e-07
0.00268894 3.50808e-06 1.20231e-07
0.00268957 3.50997e-06 1.20288e-07
0.00269019 3.51184e-06 1.20345e-07
0.00269081 3.51371e-06 1.20402e-07
0.00269143 3.51557e-06 1.20458e-07
0.00269205 3.51742e-06 1.20514e-07
0.00269267 3.51926e-06 1.20569e-07
0.00269329 3.52109e-06 1.20624e-07
0.00269391 3.5229e-06 1.20679e-07
0.00269454 3.52472e-06 1.20734e-07
0.00269516 3.52652e-06 1.20788e-07
0.00269578 3.52831e-06 1.20842e-07
0.0026964 3.53009e-06 1.20895e-07
0.00269702 3.53186e-06 1.20949e-07
0.00269764 3.53362e-06 1.21001e-07
0.00269826 3.53537e-06 1.21054e-07
0.00269888 3.53712e-06 1.21106e-07
0.00269951 3.53885e-06 1.21158e-07
0.00270013 3.54057e-06 1.2121e-07
0.00270075 3.54228e-06 1.21261e-07
0.00270137 3.54399e-06 1.21312e-07
0.00270199 3.54568e-06 1.21362e-07
0.00270261 3.54736e-06 1.21412e-07
0.00270323 3.54904e-06 1.21462e-07
0.00270386 3.5507e-06 1.21512e-07
0.00270448 3.55235e-06 1.21561e-07
0.0027051 3.554e-06 1.2161e-07
0.00270572 3.55563e-06 1.21658e-07
0.00270634 3.55725e-06 1.21706e-07
0.00270696 3.55887e-06 1.21754e-07
0.00270758 3.56047e-06 1.21802e-07
0.0027082 3.56206e-06 1.21849e-07
0.00270883 3.56365e-06 1.21896e-07
0.00270945 3.56522e-06 1.21942e-07
0.00271007 3.56678e-06 1.21988e-07
0.00271069 3.56833e-06 1.22034e-07
0.00271131 3.56988e-06 1.22079e-07
0.00271193 3.57141e-06 1.22125e-07
0.00271255 3.57293e-06 1.22169e-07
0.00271317 3.57444e-06 1.22214e-07
0.0027138 3.57594e-06 1.22258e-07
0.00271442 3.57743e-06 1.22301e-07
0.00271504 3.57891e-06 1.22345e-07
0.00271566 3.58038e-06 1.22388e-07
0.00271628 3.58184e-06 1.2243e-07
0.0027169 3.58329e-06 1.22473e-07
0.00271752 3.58473e-06 1.22515e-07
0.00271814 3.58615e-06 1.22556e-07
0.00271877 3.58757e-06 1.22598e-07
0.00271939 3.58898e-06 1.22638e-07
0.00272001 3.59037e-06 1.22679e-07
0.00272063 3.59176e-06 1.22719e-07
0.00272125 3.59313e-06 1.22759e-07
0.00272187 3.5945e-06 1.22799e-07
0.00272249 3.59585e-06 1.22838e-07
0.00272312 3.5972e-06 1.22876e-07
0.00272374 3.59853e-06 1.22915e-07
0.00272436 3.59985e-06 1.22953e-07
0.00272498 3.60116e-06 1.22991e-07
0.0027256 3.60246e-06 1.23028e-07
0.00272622 3.60375e-06 1.23065e-07
0.00272684 3.60503e-06 1.23102e-07
0.00272746 3.60629e-06 1.23138e-07
0.00272809 3.60755e-06 1.23174e-07
0.00272871 3.6088e-06 1.2321e-07
0.00272933 3.61003e-06 1.23245e-07
0.00272995 3.61126e-06 1.2328e-07
0.00273057 3.61247e-06 1.23314e-07
0.00273119 3.61367e-06 1.23348e-07
0.00273181 3.61486e-06 1.23382e-07
0.00273243 3.61604e-06 1.23416e-07
0.00273306 3.61721e-06 1.23449e-07
0.00273368 3.61837e-06 1.23481e-07
0.0027343 3.61952e-06 1.23514e-07
0.00273492 3.62066e-06 1.23546e-07
0.00273554 3.62178e-06 1.23577e-07
0.00273616 3.6229e-06 1.23609e-07
0.00273678 3.624e-06 1.2364e-07
0.0027374 3.62509e-06 1.2367e-07
0.00273803 3.62617e-06 1.237e-07
0.00273865 3.62724e-06 1.2373e-07
0.00273927 3.6283e-06 1.2376e-07
0.00273989 3.62935e-06 1.23789e-07
0.00274051 3.63039e-06 1.23817e-07
0.00274113 3.63141e-06 1.23846e-07
0.00274175 3.63243e-06 1.23874e-07
0.00274238 3.63343e-06 1.23902e-07
0.002743 3.63442e-06 1.23929e-07
0.00274362 3.6354e-06 1.23956e-07
0.00274424 3.63637e-06 1.23982e-07
0.00274486 3.63733e-06 1.24008e-07
0.00274548 3.63828e-06 1.24034e-07
0.0027461 3.63921e-06 1.2406e-07
0.00274672 3.64014e-06 1.24085e-07
0.00274735 3.64105e-06 1.2411e-07
0.00274797 3.64195e-06 1.24134e-07
0.00274859 3.64284e-06 1.24158e-07
0.00274921 3.64372e-06 1.24181e-07
0.00274983 3.64459e-06 1.24205e-07
0.00275045 3.64545e-06 1.24228e-07
0.00275107 3.64629e-06 1.2425e-07
0.00275169 3.64713e-06 1.24272e-07
0.00275232 3.64795e-06 1.24294e-07
0.00275294 3.64876e-06 1.24315e-07
0.00275356 3.64956e-06 1.24336e-07
0.00275418 3.65035e-06 1.24357e-07
0.0027548 3.65112e-06 1.24377e-07
0.00275542 3.65189e-06 1.24397e-07
0.00275604 3.65264e-06 1.24417e-07
0.00275666 3.65338e-06 1.24436e-07
0.00275729 3.65412e-06 1.24455e-07
0.00275791 3.65484e-06 1.24473e-07
0.00275853 3.65554e-06 1.24492e-07
0.00275915 3.65624e-06 1.24509e-07
0.00275977 3.65693e-06 1.24527e-07
0.00276039 3.6576e-06 1.24544e-07
0.00276101 3.65826e-06 1.2456e-07
0.00276164 3.65891e-06 1.24576e-07
0.00276226 3.65955e-06 1.24592e-07
0.00276288 3.66018e-06 1.24608e-07
0.0027635 3.66079e-06 1.24623e-07
0.00276412 3.6614e-06 1.24638e-07
0.00276474 3.66199e-06 1.24652e-07
0.00276536 3.66257e-06 1.24666e-07
0.00276598 3.66314e-06 1.2468e-07
0.00276661 3.6637e-06 1.24693e-07
0.00276723 3.66425e-06 1.24706e-07
0.00276785 3.66478e-06 1.24718e-07
0.00276847 3.66531e-06 1.24731e-07
0.00276909 3.66582e-06 1.24742e-07
0.00276971 3.66632e-06 1.24754e-07
0.00277033 3.66681e-06 1.24765e-07
0.00277095 3.66728e-06 1.24776e-07
0.00277158 3.66775e-06 1.24786e-07
0.0027722 3.6682e-06 1.24796e-07
0.00277282 3.66865e-06 1.24805e-07
0.00277344 3.66908e-06 1.24815e-07
0.00277406 3.6695e-06 1.24823e-07
0.00277468 3.6699e-06 1.24832e-07
0.0027753 3.6703e-06 1.2484e-07
0.00277592 3.67068e-06 1.24848e-07
0.00277655 3.67106e-06 1.24855e-07
0.00277717 3.67142e-06 1.24862e-07
0.00277779 3.67177e-06 1.24868e-07
0.00277841 3.67211e-06 1.24875e-07
0.00277903 3.67243e-06 1.24881e-07
0.00277965 3.67275e-06 1.24886e-07
0.00278027 3.67305e-06 1.24891e-07
0.0027809 3.67334e-06 1.24896e-07
0.00278152 3.67362e-06 1.249e-07
0.00278214 3.67389e-06 1.24904e-07
0.00278276 3.67415e-06 1.24908e-07
0.00278338 3.67439e-06 1.24911e-07
0.002784 3.67462e-06 1.24914e-07
0.00278462 3.67485e-06 1.24916e-07
0.00278524 3.67506e-06 1.24919e-07
0.00278587 3.67525e-06 1.2492e-07
0.00278649 3.67544e-06 1.24922e-07
0.00278711 3.67562e-06 1.24923e-07
0.00278773 3.67578e-06 1.24923e-07
0.00278835 3.67593e-06 1.24924e-07
0.00278897 3.67607e-06 1.24924e-07
0.00278959 3.6762e-06 1.24923e-07
0.00279021 3.67632e-06 1.24922e-07
0.00279084 3.67642e-06 1.24921e-07
0.00279146 3.67652e-06 1.2492e-07
0.00279208 3.6766e-06 1.24918e-07
0.0027927 3.67667e-06 1.24915e-07
0.00279332 3.67673e-06 1.24913e-07
0.00279394 3.67678e-06 1.2491e-07
0.00279456 3.67681e-06 1.24906e-07
0.00279518 3.67684e-06 1.24903e-07
0.00279581 3.67685e-06 1.24898e-07
0.00279643 3.67685e-06 1.24894e-07
0.00279705 3.67684e-06 1.24889e-07
0.00279767 3.67682e-06 1.24884e-07
0.00279829 3.67679e-06 1.24878e-07
0.00279891 3.67674e-06 1.24872e-07
0.00279953 3.67669e-06 1.24866e-07
0.00280016 3.67662e-06 1.24859e-07
0.00280078 3.67654e-06 1.24852e-07
0.0028014 3.67645e-06 1.24845e-07
0.00280202 3.67635e-06 1.24837e-07
0.00280264 3.67623e-06 1.24829e-07
0.00280326 3.67611e-06 1.2482e-07
0.00280388 3.67597e-06 1.24811e-07
0.0028045 3.67582e-06 1.24802e-07
0.00280513 3.67566e-06 1.24792e-07
0.00280575 3.67549e-06 1.24782e-07
0.00280637 3.67531e-06 1.24772e-07
0.00280699 3.67512e-06 1.24761e-07
0.00280761 3.67491e-06 1.2475e-07
0.00280823 3.67469e-06 1.24738e-07
0.00280885 3.67446e-06 1.24727e-07
0.00280947 3.67423e-06 1.24714e-07
0.0028101 3.67397e-06 1.24702e-07
0.00281072 3.67371e-06 1.24689e-07
0.00281134 3.67344e-06 1.24676e-07
0.00281196 3.67315e-06 1.24662e-07
0.00281258 3.67286e-06 1.24648e-07
0.0028132 3.67255e-06 1.24634e-07
0.00281382 3.67223e-06 1.24619e-07
0.00281444 3.6719e-06 1.24604e-07
0.00281507 3.67155e-06 1.24588e-07
0.00281569 3.6712e-06 1.24572e-07
0.00281631 3.67084e-06 1.24556e-07
0.00281693 3.67046e-06 1.2454e-07
0.00281755 3.67007e-06 1.24523e-07
0.00281817 3.66967e-06 1.24506e-07
0.00281879 3.66927e-06 1.24488e-07
0.00281942 3.66884e-06 1.2447e-07
0.00282004 3.66841e-06 1.24452e-07
0.00282066 3.66797e-06 1.24433e-07
0.00282128 3.66751e-06 1.24414e-07
0.0028219 3.66705e-06 1.24394e-07
0.00282252 3.66657e-06 1.24375e-07
0.00282314 3.66608e-06 1.24355e-07
0.00282376 3.66558e-06 1.24334e-07
0.00282439 3.66507e-06 1.24313e-07
0.00282501 3.66455e-06 1.24292e-07
0.00282563 3.66402e-06 1.2427e-07
0.00282625 3.66347e-06 1.24249e-07
0.00282687 3.66292e-06 1.24226e-07
0.00282749 3.66235e-06 1.24204e-07
0.00282811 3.66177e-06 1.24181e-07
0.00282873 3.66119e-06 1.24157e-07
0.00282936 3.66059e-06 1.24134e-07
0.00282998 3.65998e-06 1.2411e-07
0.0028306 3.65936e-06 1.24085e-07
0.00283122 3.65872e-06 1.24061e-07
0.00283184 3.65808e-06 1.24036e-07
0.00283246 3.65743e-06 1.2401e-07
0.00283308 3.65676e-06 1.23984e-07
0.0028337 3.65608e-06 1.23958e-07
0.00283433 3.6554e-06 1.23932e-07
0.00283495 3.6547e-06 1.23905e-07
0.00283557 3.65399e-06 1.23878e-07
0.00283619 3.65327e-06 1.2385e-07
0.00283681 3.65254e-06 1.23822e-07
0.00283743 3.6518e-06 1.23794e-07
0.00283805 3.65104e-06 1.23765e-07
0.00283868 3.65028e-06 1.23737e-07
0.0028393 3.64951e-06 1.23707e-07
0.00283992 3.64872e-06 1.23678e-07
0.00284054 3.64793e-06 1.23648e-07
0.00284116 3.64712e-06 1.23617e-07
0.00284178 3.6463e-06 1.23587e-07
0.0028424 3.64548e-06 1.23556e-07
0.00284302 3.64464e-06 1.23525e-07
0.00284365 3.64379e-06 1.23493e-07
0.00284427 3.64293e-06 1.23461e-07
0.00284489 3.64206e-06 1.23428e-07
0.00284551 3.64118e-06 1.23396e-07
0.00284613 3.64028e-06 1.23363e-07
0.00284675 3.63938e-06 1.23329e-07
0.00284737 3.63847e-06 1.23296e-07
0.00284799 3.63755e-06 1.23262e-07
0.00284862 3.63661e-06 1.23227e-07
0.00284924 3.63567e-06 1.23192e-07
0.00284986 3.63471e-06 1.23157e-07
0.00285048 3.63375e-06 1.23122e-07
0.0028511 3.63277e-06 1.23086e-07
0.00285172 3.63178e-06 1.2305e-07
0.00285234 3.63079e-06 1.23014e-07
0.00285296 3.62978e-06 1.22977e-07
0.00285359 3.62876e-06 1.2294e-07
0.00285421 3.62773e-06 1.22903e-07
0.00285483 3.62669e-06 1.22865e-07
0.00285545 3.62565e-06 1.22827e-07
0.00285607 3.62459e-06 1.22788e-07
0.00285669 3.62352e-06 1.2275e-07
0.00285731 3.62244e-06 1.2271e-07
0.00285794 3.62135e-06 1.22671e-07
0.00285856 3.62025e-06 1.22631e-07
0.00285918 3.61914e-06 1.22591e-07
0.0028598 3.61802e-06 1.22551e-07
0.00286042 3.61689e-06 1.2251e-07
0.00286104 3.61574e-06 1.22469e-07
0.00286166 3.61459e-06 1.22428e-07
0.00286228 3.61343e-06 1.22387e-07
0.00286291 3.61226e-06 1.22346e-07
0.00286353 3.61108e-06 1.22304e-07
0.00286415 3.60989e-06 1.22261e-07
0.00286477 3.60869e-06 1.22219e-07
0.00286539 3.60747e-06 1.22176e-07
0.00286601 3.60625e-06 1.22133e-07
0.00286663 3.60502e-06 1.22089e-07
0.00286725 3.60378e-06 1.22045e-07
0.00286788 3.60253e-06 1.22001e-07
0.0028685 3.60127e-06 1.21957e-07
0.00286912 3.59999e-06 1.21912e-07
0.00286974 3.59871e-06 1.21867e-07
0.00287036 3.59742e-06 1.21822e-07
0.00287098 3.59612e-06 1.21776e-07
0.0028716 3.59481e-06 1.2173e-07
0.00287222 3.59349e-06 1.21683e-07
0.00287285 3.59216e-06 1.21637e-07
0.00287347 3.59082e-06 1.2159e-07
0.00287409 3.58947e-06 1.21542e-07
0.00287471 3.58811e-06 1.21495e-07
0.00287533 3.58674e-06 1.21447e-07
0.00287595 3.58536e-06 1.21398e-07
0.00287657 3.58397e-06 1.2135e-07
0.0028772 3.58258e-06 1.21301e-07
0.00287782 3.58117e-06 1.21252e-07
0.00287844 3.57975e-06 1.21202e-07
0.00287906 3.57832e-06 1.21152e-07
0.00287968 3.57689e-06 1.21102e-07
0.0028803 3.57544e-06 1.21052e-07
0.00288092 3.57399e-06 1.21001e-07
0.00288154 3.57252e-06 1.2095e-07
0.00288217 3.57105e-06 1.20899e-07
0.00288279 3.56956e-06 1.20847e-07
0.00288341 3.56807e-06 1.20795e-07
0.00288403 3.56657e-06 1.20743e-07
0.00288465 3.56506e-06 1.2069e-07
0.00288527 3.56354e-06 1.20637e-07
0.00288589 3.56201e-06 1.20584e-07
0.00288651 3.56047e-06 1.2053e-07
0.00288714 3.55892e-06 1.20477e-07
0.00288776 3.55736e-06 1.20423e-07
0.00288838 3.55579e-06 1.20368e-07
0.002889 3.55421e-06 1.20313e-07
0.00288962 3.55263e-06 1.20258e-07
0.00289024 3.55103e-06 1.20203e-07
0.00289086 3.54943e-06 1.20148e-07
0.00289148 3.54782e-06 1.20092e-07
0.00289211 3.54619e-06 1.20036e-07
0.00289273 3.54456e-06 1.19979e-07
0.00289335 3.54292e-06 1.19922e-07
0.00289397 3.54127e-06 1.19865e-07
0.00289459 3.53962e-06 1.19808e-07
0.00289521 3.53795e-06 1.1975e-07
0.00289583 3.53627e-06 1.19692e-07
0.00289646 3.53459e-06 1.19634e-07
0.00289708 3.53289e-06 1.19576e-07
0.0028977 3.53119e-06 1.19517e-07
0.00289832 3.52948e-06 1.19458e-07
0.00289894 3.52776e-06 1.19398e-07
0.00289956 3.52603e-06 1.19339e-07
0.00290018 3.52429e-06 1.19279e-07
0.0029008 3.52254e-06 1.19218e-07
0.00290143 3.52079e-06 1.19158e-07
0.00290205 3.51902e-06 1.19097e-07
0.00290267 3.51725e-06 1.19036e-07
0.00290329 3.51547e-06 1.18975e-07
0.00290391 3.51368e-06 1.18913e-07
0.00290453 3.51188e-06 1.18851e-07
0.00290515 3.51007e-06 1.18789e-07
0.00290577 3.50828e-06 1.18726e-07
0.0029064 3.50656e-06 1.18663e-07
0.00290702 3.50484e-06 1.186e-07
0.00290764 3.5031e-06 1.18537e-07
0.00290826 3.50135e-06 1.18473e-07
0.00290888 3.4996e-06 1.1841e-07
0.0029095 3.49784e-06 1.18345e-07
0.00291012 3.49607e-06 1.18281e-07
0.00291074 3.49429e-06 1.18216e-07
0.00291137 3.49251e-06 1.18151e-07
0.00291199 3.49071e-06 1.18086e-07
0.00291261 3.48891e-06 1.18021e-07
0.00291323 3.4871e-06 1.17955e-07
0.00291385 3.48528e-06 1.17889e-07
0.00291447 3.48345e-06 1.17822e-07
0.00291509 3.48162e-06 1.17756e-07
0.00291572 3.47978e-06 1.17689e-07
0.00291634 3.47793e-06 1.17622e-07
0.00291696 3.47607e-06 1.17554e-07
0.00291758 3.4742e-06 1.17487e-07
0.0029182 3.47233e-06 1.17419e-07
0.00291882 3.47044e-06 1.17351e-07
0.00291944 3.46855e-06 1.17282e-07
0.00292006 3.46665e-06 1.17213e-07
0.00292069 3.46475e-06 1.17144e-07
0.00292131 3.46283e-06 1.17075e-07
0.00292193 3.46091e-06 1.17006e-07
0.00292255 3.45898e-06 1.16936e-07
0.00292317 3.45704e-06 1.16866e-07
0.00292379 3.4551e-06 1.16796e-07
0.00292441 3.45315e-06 1.16725e-07
0.00292503 3.45118e-06 1.16654e-07
0.00292566 3.44922e-06 1.16583e-07
0.00292628 3.44724e-06 1.16512e-07
0.0029269 3.44526e-06 1.16441e-07
0.00292752 3.44327e-06 1.16369e-07
0.00292814 3.44127e-06 1.16297e-07
0.00292876 3.43926e-06 1.16224e-07
0.00292938 3.43725e-06 1.16152e-07
0.00293 3.43523e-06 1.16079e-07
0.00293063 3.4332e-06 1.16006e-07
0.00293125 3.43116e-06 1.15933e-07
0.00293187 3.42912e-06 1.15859e-07
0.00293249 3.42707e-06 1.15786e-07
0.00293311 3.42501e-06 1.15712e-07
0.00293373 3.42294e-06 1.15637e-07
0.00293435 3.42087e-06 1.15563e-07
0.00293498 3.41879e-06 1.15488e-07
0.0029356 3.4167e-06 1.15413e-07
0.00293622 3.41461e-06 1.15338e-07
0.00293684 3.4125e-06 1.15262e-07
0.00293746 3.41039e-06 1.15187e-07
0.00293808 3.40828e-06 1.15111e-07
0.0029387 3.40615e-06 1.15035e-07
0.00293932 3.40402e-06 1.14958e-07
0.00293995 3.40188e-06 1.14882e-07
0.00294057 3.39974e-06 1.14805e-07
0.00294119 3.39759e-06 1.14728e-07
0.00294181 3.39543e-06 1.1465e-07
0.00294243 3.39326e-06 1.14573e-07
0.00294305 3.39109e-06 1.14495e-07
0.00294367 3.38891e-06 1.14417e-07
0.00294429 3.38672e-06 1.14339e-07
0.00294492 3.38453e-06 1.1426e-07
0.00294554 3.38233e-06 1.14181e-07
0.00294616 3.38012e-06 1.14102e-07
0.00294678 3.3779e-06 1.14023e-07
0.0029474 3.37568e-06 1.13944e-07
0.00294802 3.37345e-06 1.13864e-07
0.00294864 3.37122e-06 1.13784e-07
0.00294926 3.36898e-06 1.13704e-07
0.00294989 3.36673e-06 1.13624e-07
0.00295051 3.36447e-06 1.13544e-07
0.00295113 3.36221e-06 1.13463e-07
0.00295175 3.35994e-06 1.13382e-07
0.00295237 3.35767e-06 1.13301e-07
0.00295299 3.35539e-06 1.13219e-07
0.00295361 3.3531e-06 1.13138e-07
0.00295424 3.3508e-06 1.13056e-07
0.00295486 3.3485e-06 1.12974e-07
0.00295548 3.34619e-06 1.12892e-07
0.0029561 3.34388e-06 1.12809e-07
0.00295672 3.34156e-06 1.12727e-07
0.00295734 3.33923e-06 1.12644e-07
0.00295796 3.3369e-06 1.12561e-07
0.00295858 3.33456e-06 1.12478e-07
0.00295921 3.33221e-06 1.12394e-07
0.00295983 3.32986e-06 1.1231e-07
0.00296045 3.3275e-06 1.12227e-07
0.00296107 3.32514e-06 1.12143e-07
0.00296169 3.32276e-06 1.12058e-07
0.00296231 3.32039e-06 1.11974e-07
0.00296293 3.318e-06 1.11889e-07
0.00296355 3.31561e-06 1.11804e-07
0.00296418 3.31322e-06 1.11719e-07
0.0029648 3.31081e-06 1.11634e-07
0.00296542 3.30841e-06 1.11548e-07
0.00296604 3.30599e-06 1.11463e-07
0.00296666 3.30357e-06 1.11377e-07
0.00296728 3.30114e-06 1.11291e-07
0.0029679 3.29871e-06 1.11204e-07
0.00296852 3.29627e-06 1.11118e-07
0.00296915 3.29383e-06 1.11031e-07
0.00296977 3.29138e-06 1.10944e-07
0.00297039 3.28892e-06 1.10857e-07
0.00297101 3.28646e-06 1.1077e-07
0.00297163 3.28399e-06 1.10683e-07
0.00297225 3.28152e-06 1.10595e-07
0.00297287 3.27904e-06 1.10507e-07
0.0029735 3.27655e-06 1.10419e-07
0.00297412 3.27406e-06 1.10331e-07
0.00297474 3.27156e-06 1.10243e-07
0.00297536 3.26906e-06 1.10154e-07
0.00297598 3.26655e-06 1.10065e-07
0.0029766 3.26404e-06 1.09977e-07
0.00297722 3.26152e-06 1.09887e-07
0.00297784 3.259e-06 1.09798e-07
0.00297847 3.25647e-06 1.09709e-07
0.00297909 3.25393e-06 1.09619e-07
0.00297971 3.25139e-06 1.09529e-07
0.00298033 3.24884e-06 1.09439e-07
0.00298095 3.24629e-06 1.09349e-07
0.00298157 3.24373e-06 1.09259e-07
0.00298219 3.24117e-06 1.09169e-07
0.00298281 3.2386e-06 1.09078e-07
0.00298344 3.23602e-06 1.08987e-07
0.00298406 3.23344e-06 1.08896e-07
0.00298468 3.23086e-06 1.08805e-07
0.0029853 3.22827e-06 1.08714e-07
0.00298592 3.22567e-06 1.08622e-07
0.00298654 3.22307e-06 1.0853e-07
0.00298716 3.22047e-06 1.08439e-07
0.00298778 3.2179e-06 1.08347e-07
0.00298841 3.21553e-06 1.08254e-07
0.00298903 3.21315e-06 1.08162e-07
0.00298965 3.21076e-06 1.0807e-07
0.00299027 3.20837e-06 1.07977e-07
0.00299089 3.20598e-06 1.07884e-07
0.00299151 3.20358e-06 1.07791e-07
0.00299213 3.20118e-06 1.07698e-07
0.00299275 3.19877e-06 1.07605e-07
0.00299338 3.19635e-06 1.07511e-07
0.002994 3.19394e-06 1.07418e-07
0.00299462 3.19151e-06 1.07324e-07
0.00299524 3.18908e-06 1.0723e-07
0.00299586 3.18665e-06 1.07136e-07
0.00299648 3.18421e-06 1.07042e-07
0.0029971 3.18177e-06 1.06948e-07
0.00299773 3.17932e-06 1.06853e-07
0.00299835 3.1769e-06 1.06759e-07
0.00299897 3.17469e-06 1.06664e-07
0.00299959 3.17247e-06 1.06569e-07
0.00300021 3.17025e-06 1.06474e-07
0.00300083 3.16803e-06 1.06379e-07
0.00300145 3.1658e-06 1.06283e-07
0.00300207 3.16357e-06 1.06188e-07
0.0030027 3.16133e-06 1.06092e-07
0.00300332 3.15908e-06 1.05996e-07
0.00300394 3.15684e-06 1.05901e-07
0.00300456 3.15459e-06 1.05805e-07
0.00300518 3.15233e-06 1.05708e-07
0.0030058 3.15007e-06 1.05612e-07
0.00300642 3.1478e-06 1.05516e-07
0.00300704 3.14553e-06 1.05419e-07
0.00300767 3.14326e-06 1.05322e-07
0.00300829 3.14098e-06 1.05225e-07
0.00300891 3.1387e-06 1.05128e-07
0.00300953 3.13641e-06 1.05031e-07
0.00301015 3.13412e-06 1.04934e-07
0.00301077 3.13183e-06 1.04837e-07
0.00301139 3.12953e-06 1.04739e-07
0.00301201 3.12723e-06 1.04642e-07
0.00301264 3.12492e-06 1.04544e-07
0.00301326 3.12261e-06 1.04446e-07
0.00301388 3.12029e-06 1.04348e-07
0.0030145 3.11797e-06 1.0425e-07
0.00301512 3.11565e-06 1.04152e-07
0.00301574 3.11332e-06 1.04053e-07
0.00301636 3.11098e-06 1.03955e-07
0.00301699 3.10865e-06 1.03856e-07
0.00301761 3.10631e-06 1.03758e-07
0.00301823 3.10396e-06 1.03659e-07
0.00301885 3.10162e-06 1.0356e-07
0.00301947 3.09926e-06 1.03461e-07
0.00302009 3.09691e-06 1.03362e-07
0.00302071 3.09455e-06 1.03263e-07
0.00302133 3.09218e-06 1.03163e-07
0.00302196 3.08982e-06 1.03064e-07
0.00302258 3.08744e-06 1.02964e-07
0.0030232 3.08507e-06 1.02864e-07
0.00302382 3.08269e-06 1.02765e-07
0.00302444 3.08031e-06 1.02665e-07
0.00302506 3.07792e-06 1.02565e-07
0.00302568 3.07553e-06 1.02465e-07
0.0030263 3.07314e-06 1.02364e-07
0.00302693 3.07074e-06 1.02264e-07
0.00302755 3.06834e-06 1.02164e-07
0.00302817 3.06593e-06 1.02063e-07
0.00302879 3.06353e-06 1.01963e-07
0.00302941 3.06111e-06 1.01862e-07
0.00303003 3.0587e-06 1.01761e-07
0.00303065 3.05628e-06 1.0166e-07
0.00303127 3.05386e-06 1.01559e-07
0.0030319 3.05143e-06 1.01458e-07
0.00303252 3.049e-06 1.01357e-07
0.00303314 3.04657e-06 1.01256e-07
0.00303376 3.04413e-06 1.01154e-07
0.00303438 3.04169e-06 1.01053e-07
0.003035 3.03925e-06 1.00951e-07
0.00303562 3.0368e-06 1.0085e-07
0.00303625 3.03436e-06 1.00748e-07
0.00303687 3.0319e-06 1.00646e-07
0.00303749 3.02945e-06 1.00544e-07
0.00303811 3.02699e-06 1.00442e-07
0.00303873 3.02453e-06 1.0034e-07
0.00303935 3.02206e-06 1.00238e-07
0.00303997 3.01959e-06 1.00136e-07
0.00304059 3.01712e-06 1.00034e-07
0.00304122 3.01464e-06 9.99315e-08
0.00304184 3.01217e-06 9.9829e-08
0.00304246 3.00968e-06 9.97265e-08
0.00304308 3.0072e-06 9.9624e-08
0.0030437 3.00471e-06 9.95213e-08
0.00304432 3.00222e-06 9.94186e-08
0.00304494 2.99973e-06 9.93158e-08
0.00304556 2.99723e-06 9.92129e-08
0.00304619 2.99474e-06 9.911e-08
0.00304681 2.99223e-06 9.9007e-08
0.00304743 2.98973e-06 9.89039e-08
0.00304805 2.98722e-06 9.88008e-08
0.00304867 2.98471e-06 9.86976e-08
0.00304929 2.9822e-06 9.85943e-08
0.00304991 2.97968e-06 9.8491e-08
0.00305053 2.97716e-06 9.83876e-08
0.00305116 2.97464e-06 9.82842e-08
0.00305178 2.97212e-06 9.81807e-08
0.0030524 2.96959e-06 9.80771e-08
0.00305302 2.96706e-06 9.79735e-08
0.00305364 2.96453e-06 9.78698e-08
0.00305426 2.96199e-06 9.77661e-08
0.00305488 2.95946e-06 9.76623e-08
0.00305551 2.95692e-06 9.75584e-08
0.00305613 2.95437e-06 9.74545e-08
0.00305675 2.95183e-06 9.73506e-08
0.00305737 2.94928e-06 9.72466e-08
0.00305799 2.94673e-06 9.71425e-08
0.00305861 2.94418e-06 9.70384e-08
0.00305923 2.94162e-06 9.69343e-08
0.00305985 2.93907e-06 9.68301e-08
0.00306048 2.93651e-06 9.67259e-08
0.0030611 2.93395e-06 9.66216e-08
0.00306172 2.93138e-06 9.65173e-08
0.00306234 2.92882e-06 9.64129e-08
0.00306296 2.92625e-06 9.63085e-08
0.00306358 2.92368e-06 9.6204e-08
0.0030642 2.9211e-06 9.60995e-08
0.00306482 2.91853e-06 9.5995e-08
0.00306545 2.91595e-06 9.58905e-08
0.00306607 2.91337e-06 9.57859e-08
0.00306669 2.91079e-06 9.56812e-08
0.00306731 2.9082e-06 9.55766e-08
0.00306793 2.90562e-06 9.54719e-08
0.00306855 2.90303e-06 9.53671e-08
0.00306917 2.90044e-06 9.52624e-08
0.00306979 2.89785e-06 9.51576e-08
0.00307042 2.89525e-06 9.50527e-08
0.00307104 2.89266e-06 9.49479e-08
0.00307166 2.89006e-06 9.4843e-08
0.00307228 2.88746e-06 9.47381e-08
0.0030729 2.88486e-06 9.46332e-08
0.00307352 2.88225e-06 9.45282e-08
0.00307414 2.87965e-06 9.44233e-08
0.00307477 2.87704e-06 9.43183e-08
0.00307539 2.87443e-06 9.42132e-08
0.00307601 2.87182e-06 9.41082e-08
0.00307663 2.86921e-06 9.40031e-08
0.00307725 2.8666e-06 9.38981e-08
0.00307787 2.86398e-06 9.3793e-08
0.00307849 2.86136e-06 9.36879e-08
0.00307911 2.85935e-06 9.35828e-08
0.00307974 2.85886e-06 9.34776e-08
0.00308036 2.85836e-06 9.33725e-08
0.00308098 2.85786e-06 9.32673e-08
0.0030816 2.85736e-06 9.31621e-08
0.00308222 2.85686e-06 9.3057e-08
0.00308284 2.85635e-06 9.29518e-08
0.00308346 2.85585e-06 9.28466e-08
0.00308408 2.85534e-06 9.27414e-08
0.00308471 2.85483e-06 9.26362e-08
0.00308533 2.85432e-06 9.2531e-08
0.00308595 2.8538e-06 9.24257e-08
0.00308657 2.85329e-06 9.23205e-08
0.00308719 2.85277e-06 9.22153e-08
0.00308781 2.85225e-06 9.21101e-08
0.00308843 2.85173e-06 9.20049e-08
0.00308905 2.8512e-06 9.18996e-08
0.00308968 2.85068e-06 9.17944e-08
0.0030903 2.85015e-06 9.16892e-08
0.00309092 2.84962e-06 9.1584e-08
0.00309154 2.84909e-06 9.14788e-08
0.00309216 2.84856e-06 9.13736e-08
0.00309278 2.84803e-06 9.12684e-08
0.0030934 2.84749e-06 9.11632e-08
0.00309403 2.84696e-06 9.10581e-08
0.00309465 2.84642e-06 9.09529e-08
0.00309527 2.84588e-06 9.08478e-08
0.00309589 2.84534e-06 9.07426e-08
0.00309651 2.84479e-06 9.06375e-08
0.00309713 2.84425e-06 9.05324e-08
0.00309775 2.8437e-06 9.04273e-08
0.00309837 2.84315e-06 9.03222e-08
0.003099 2.8426e-06 9.02172e-08
0.00309962 2.84205e-06 9.01121e-08
0.00310024 2.84149e-06 9.00071e-08
0.00310086 2.84094e-06 8.99021e-08
0.00310148 2.84038e-06 8.97971e-08
0.0031021 2.83982e-06 8.96922e-08
0.00310272 2.83926e-06 8.95872e-08
0.00310334 2.8387e-06 8.94823e-08
0.00310397 2.83814e-06 8.93775e-08
0.00310459 2.83758e-06 8.92726e-08
0.00310521 2.83701e-06 8.91678e-08
0.00310583 2.83644e-06 8.9063e-08
0.00310645 2.83587e-06 8.89582e-08
0.00310707 2.8353e-06 8.88535e-08
0.00310769 2.83473e-06 8.87487e-08
0.00310831 2.83415e-06 8.86441e-08
0.00310894 2.83358e-06 8.85394e-08
0.00310956 2.833e-06 8.84348e-08
0.00311018 2.83242e-06 8.83302e-08
0.0031108 2.83184e-06 8.82257e-08
0.00311142 2.83126e-06 8.81212e-08
0.00311204 2.83068e-06 8.80167e-08
0.00311266 2.83009e-06 8.79123e-08
0.00311329 2.82951e-06 8.78079e-08
0.00311391 2.82892e-06 8.77035e-08
0.00311453 2.82833e-06 8.75992e-08
0.00311515 2.82774e-06 8.7495e-08
0.00311577 2.82715e-06 8.73908e-08
0.00311639 2.82656e-06 8.72866e-08
0.00311701 2.82596e-06 8.71824e-08
0.00311763 2.82537e-06 8.70784e-08
0.00311826 2.82477e-06 8.69743e-08
0.00311888 2.82417e-06 8.68703e-08
0.0031195 2.82357e-06 8.67664e-08
0.00312012 2.82297e-06 8.66625e-08
0.00312074 2.82237e-06 8.65587e-08
0.00312136 2.82176e-06 8.64549e-08
0.00312198 2.82116e-06 8.63511e-08
0.0031226 2.82055e-06 8.62475e-08
0.00312323 2.81994e-06 8.61438e-08
0.00312385 2.81933e-06 8.60403e-08
0.00312447 2.81872e-06 8.59368e-08
0.00312509 2.81811e-06 8.58333e-08
0.00312571 2.81749e-06 8.57299e-08
0.00312633 2.81688e-06 8.56266e-08
0.00312695 2.81626e-06 8.55233e-08
0.00312757 2.81564e-06 8.54201e-08
0.0031282 2.81502e-06 8.53169e-08
0.00312882 2.8144e-06 8.52138e-08
0.00312944 2.81378e-06 8.51108e-08
0.00313006 2.81316e-06 8.50078e-08
0.00313068 2.81253e-06 8.49049e-08
0.0031313 2.81191e-06 8.48021e-08
0.00313192 2.81128e-06 8.46993e-08
0.00313255 2.81065e-06 8.45966e-08
0.00313317 2.81002e-06 8.4494e-08
0.00313379 2.80939e-06 8.43914e-08
0.00313441 2.80876e-06 8.4289e-08
0.00313503 2.80813e-06 8.41866e-08
0.00313565 2.80749e-06 8.40842e-08
0.00313627 2.80686e-06 8.39819e-08
0.00313689 2.80622e-06 8.38797e-08
0.00313752 2.80558e-06 8.37776e-08
0.00313814 2.80494e-06 8.36756e-08
0.00313876 2.8043e-06 8.35736e-08
0.00313938 2.80366e-06 8.34717e-08
0.00314 2.80301e-06 8.33699e-08
0.00314062 2.80237e-06 8.32682e-08
0.00314124 2.80172e-06 8.31665e-08
0.00314186 2.80107e-06 8.3065e-08
0.00314249 2.80043e-06 8.29635e-08
0.00314311 2.79978e-06 8.28621e-08
0.00314373 2.79913e-06 8.27608e-08
0.00314435 2.79847e-06 8.26595e-08
0.00314497 2.79782e-06 8.25584e-08
0.00314559 2.79717e-06 8.24573e-08
0.00314621 2.79651e-06 8.23563e-08
0.00314683 2.79585e-06 8.22555e-08
0.00314746 2.79519e-06 8.21547e-08
0.00314808 2.79453e-06 8.20539e-08
0.0031487 2.79387e-06 8.19533e-08
0.00314932 2.79321e-06 8.18528e-08
0.00314994 2.79255e-06 8.17524e-08
0.00315056 2.79188e-06 8.16524e-08
0.00315118 2.79122e-06 8.15528e-08
0.00315181 2.79055e-06 8.14533e-08
0.00315243 2.78988e-06 8.13538e-08
0.00315305 2.78922e-06 8.12545e-08
0.00315367 2.78854e-06 8.11552e-08
0.00315429 2.78787e-06 8.10561e-08
0.00315491 2.7872e-06 8.0957e-08
0.00315553 2.78653e-06 8.08581e-08
0.00315615 2.78585e-06 8.07593e-08
0.00315678 2.78518e-06 8.06605e-08
0.0031574 2.7845e-06 8.05619e-08
0.00315802 2.78382e-06 8.04634e-08
0.00315864 2.78314e-06 8.03649e-08
0.00315926 2.78246e-06 8.02666e-08
0.00315988 2.78178e-06 8.01684e-08
0.0031605 2.78109e-06 8.00703e-08
0.00316112 2.78041e-06 7.99723e-08
0.00316175 2.77972e-06 7.98744e-08
0.00316237 2.77904e-06 7.97766e-08
0.00316299 2.77835e-06 7.96789e-08
0.00316361 2.77766e-06 7.95814e-08
0.00316423 2.77697e-06 7.94839e-08
0.00316485 2.77628e-06 7.93866e-08
0.00316547 2.77559e-06 7.92894e-08
0.00316609 2.77489e-06 7.91923e-08
0.00316672 2.7742e-06 7.90953e-08
0.00316734 2.7735e-06 7.89984e-08
0.00316796 2.77281e-06 7.89016e-08
0.00316858 2.77211e-06 7.8805e-08
0.0031692 2.77141e-06 7.87084e-08
0.00316982 2.77071e-06 7.8612e-08
0.00317044 2.77001e-06 7.85157e-08
0.00317107 2.7693e-06 7.84196e-08
0.00317169 2.7686e-06 7.83235e-08
0.00317231 2.76789e-06 7.82289e-08
0.00317293 2.76719e-06 7.81358e-08
0.00317355 2.76648e-06 7.80428e-08
0.00317417 2.76577e-06 7.79499e-08
0.00317479 2.76506e-06 7.78571e-08
0.00317541 2.76435e-06 7.77644e-08
0.00317604 2.76364e-06 7.76719e-08
0.00317666 2.76293e-06 7.75794e-08
0.00317728 2.76221e-06 7.74871e-08
0.0031779 2.7615e-06 7.73949e-08
0.00317852 2.76078e-06 7.73028e-08
0.00317914 2.76006e-06 7.72108e-08
0.00317976 2.75934e-06 7.7119e-08
0.00318038 2.75862e-06 7.70273e-08
0.00318101 2.7579e-06 7.69356e-08
0.00318163 2.75718e-06 7.68442e-08
0.00318225 2.75646e-06 7.67528e-08
0.00318287 2.75573e-06 7.66615e-08
0.00318349 2.75501e-06 7.65704e-08
0.00318411 2.75428e-06 7.64794e-08
0.00318473 2.75355e-06 7.63886e-08
0.00318535 2.75282e-06 7.62978e-08
0.00318598 2.75209e-06 7.62072e-08
0.0031866 2.75136e-06 7.61167e-08
0.00318722 2.75063e-06 7.60263e-08
0.00318784 2.74989e-06 7.59361e-08
0.00318846 2.74916e-06 7.58459e-08
0.00318908 2.74842e-06 7.57559e-08
0.0031897 2.74768e-06 7.56661e-08
0.00319033 2.74694e-06 7.55763e-08
0.00319095 2.7462e-06 7.54867e-08
0.00319157 2.74546e-06 7.53973e-08
0.00319219 2.74472e-06 7.53079e-08
0.00319281 2.74398e-06 7.52187e-08
0.00319343 2.74323e-06 7.51296e-08
0.00319405 2.74249e-06 7.50407e-08
0.00319467 2.74174e-06 7.49518e-08
0.0031953 2.74099e-06 7.48631e-08
0.00319592 2.74024e-06 7.47746e-08
0.00319654 2.73949e-06 7.46862e-08
0.00319716 2.73874e-06 7.45979e-08
0.00319778 2.73799e-06 7.45097e-08
0.0031984 2.73723e-06 7.44217e-08
0.00319902 2.73648e-06 7.43338e-08
0.00319964 2.73572e-06 7.42461e-08
0.00320027 2.73496e-06 7.41585e-08
0.00320089 2.7342e-06 7.4071e-08
0.00320151 2.73344e-06 7.3987e-08
0.00320213 2.73268e-06 7.39663e-08
0.00320275 2.73192e-06 7.39456e-08
0.00320337 2.73116e-06 7.39249e-08
0.00320399 2.73039e-06 7.39041e-08
0.00320461 2.72963e-06 7.38833e-08
0.00320524 2.72886e-06 7.38625e-08
0.00320586 2.72809e-06 7.38416e-08
0.00320648 2.72732e-06 7.38207e-08
0.0032071 2.72655e-06 7.37998e-08
0.00320772 2.72577e-06 7.37789e-08
0.00320834 2.725e-06 7.3758e-08
0.00320896 2.72423e-06 7.3737e-08
0.00320959 2.72345e-06 7.3716e-08
0.00321021 2.72267e-06 7.36949e-08
0.00321083 2.72189e-06 7.36739e-08
0.00321145 2.72111e-06 7.36528e-08
0.00321207 2.72033e-06 7.36317e-08
0.00321269 2.71955e-06 7.36105e-08
0.00321331 2.71876e-06 7.35894e-08
0.00321393 2.71798e-06 7.35682e-08
0.00321456 2.71719e-06 7.35469e-08
0.00321518 2.7164e-06 7.35257e-08
0.0032158 2.71562e-06 7.35044e-08
0.00321642 2.71483e-06 7.34831e-08
0.00321704 2.71403e-06 7.34618e-08
0.00321766 2.71324e-06 7.34404e-08
0.00321828 2.71245e-06 7.3419e-08
0.0032189 2.71165e-06 7.33976e-08
0.00321953 2.71085e-06 7.33761e-08
0.00322015 2.71005e-06 7.33546e-08
0.00322077 2.70925e-06 7.33331e-08
0.00322139 2.70845e-06 7.33116e-08
0.00322201 2.70765e-06 7.329e-08
0.00322263 2.70685e-06 7.32684e-08
0.00322325 2.70604e-06 7.32468e-08
0.00322387 2.70524e-06 7.32251e-08
0.0032245 2.70443e-06 7.32034e-08
0.00322512 2.70362e-06 7.31817e-08
0.00322574 2.70281e-06 7.31599e-08
0.00322636 2.702e-06 7.31381e-08
0.00322698 2.70118e-06 7.31163e-08
0.0032276 2.70037e-06 7.30945e-08
0.00322822 2.69955e-06 7.30726e-08
0.00322885 2.69873e-06 7.30507e-08
0.00322947 2.69791e-06 7.30287e-08
0.00323009 2.69709e-06 7.30068e-08
0.00323071 2.69627e-06 7.29847e-08
0.00323133 2.69545e-06 7.29627e-08
0.00323195 2.69462e-06 7.29406e-08
0.00323257 2.6938e-06 7.29185e-08
0.00323319 2.69297e-06 7.28963e-08
0.00323382 2.69214e-06 7.28742e-08
0.00323444 2.69131e-06 7.2852e-08
0.00323506 2.69048e-06 7.28297e-08
0.00323568 2.68965e-06 7.28074e-08
0.0032363 2.68881e-06 7.27851e-08
0.00323692 2.68797e-06 7.27627e-08
0.00323754 2.68714e-06 7.27404e-08
0.00323816 2.6863e-06 7.27179e-08
0.00323879 2.68546e-06 7.26955e-08
0.00323941 2.68461e-06 7.2673e-08
0.00324003 2.68377e-06 7.26504e-08
0.00324065 2.68292e-06 7.26279e-08
0.00324127 2.68208e-06 7.26053e-08
0.00324189 2.68123e-06 7.25826e-08
0.00324251 2.68038e-06 7.25599e-08
0.00324313 2.67953e-06 7.25372e-08
0.00324376 2.67867e-06 7.25145e-08
0.00324438 2.67782e-06 7.24917e-08
0.003245 2.67696e-06 7.24688e-08
0.00324562 2.6761e-06 7.2446e-08
0.00324624 2.67525e-06 7.2423e-08
0.00324686 2.67438e-06 7.24001e-08
0.00324748 2.67352e-06 7.23771e-08
0.00324811 2.67266e-06 7.23541e-08
0.00324873 2.67179e-06 7.2331e-08
0.00324935 2.67092e-06 7.23079e-08
0.00324997 2.67005e-06 7.22847e-08
0.00325059 2.66918e-06 7.22615e-08
0.00325121 2.66831e-06 7.22383e-08
0.00325183 2.66744e-06 7.2215e-08
0.00325245 2.66656e-06 7.21917e-08
0.00325308 2.66568e-06 7.21684e-08
0.0032537 2.6648e-06 7.2145e-08
0.00325432 2.66392e-06 7.21215e-08
0.00325494 2.66304e-06 7.2098e-08
0.00325556 2.66216e-06 7.20745e-08
0.00325618 2.66127e-06 7.20509e-08
0.0032568 2.66038e-06 7.20273e-08
0.00325742 2.65949e-06 7.20037e-08
0.00325805 2.6586e-06 7.198e-08
0.00325867 2.65771e-06 7.19562e-08
0.00325929 2.65682e-06 7.19324e-08
0.00325991 2.65592e-06 7.19086e-08
0.00326053 2.65502e-06 7.18847e-08
0.00326115 2.65412e-06 7.18608e-08
0.00326177 2.65322e-06 7.18368e-08
0.00326239 2.65232e-06 7.18128e-08
0.00326302 2.65141e-06 7.17887e-08
0.00326364 2.6505e-06 7.17646e-08
0.00326426 2.64959e-06 7.17404e-08
0.00326488 2.64868e-06 7.17162e-08
0.0032655 2.64777e-06 7.1692e-08
0.00326612 2.64686e-06 7.16677e-08
0.00326674 2.64594e-06 7.16433e-08
0.00326737 2.64502e-06 7.16189e-08
0.00326799 2.6441e-06 7.15944e-08
0.00326861 2.64318e-06 7.15699e-08
0.00326923 2.64226e-06 7.15454e-08
0.00326985 2.64133e-06 7.15208e-08
0.00327047 2.6404e-06 7.14961e-08
0.00327109 2.63947e-06 7.14714e-08
0.00327171 2.63854e-06 7.14467e-08
0.00327234 2.63761e-06 7.14219e-08
0.00327296 2.63667e-06 7.1397e-08
0.00327358 2.63574e-06 7.13721e-08
0.0032742 2.6348e-06 7.13471e-08
0.00327482 2.63386e-06 7.13221e-08
0.00327544 2.63291e-06 7.12971e-08
0.00327606 2.63197e-06 7.12719e-08
0.00327668 2.63102e-06 7.12468e-08
0.00327731 2.63007e-06 7.12215e-08
0.00327793 2.62912e-06 7.11962e-08
0.00327855 2.62817e-06 7.11709e-08
0.00327917 2.62721e-06 7.11455e-08
0.00327979 2.62625e-06 7.11201e-08
0.00328041 2.6253e-06 7.10946e-08
0.00328103 2.62433e-06 7.1069e-08
0.00328165 2.62337e-06 7.10434e-08
0.00328228 2.6224e-06 7.10177e-08
0.0032829 2.62144e-06 7.0992e-08
0.00328352 2.62047e-06 7.09662e-08
0.00328414 2.61949e-06 7.09403e-08
0.00328476 2.61852e-06 7.09144e-08
0.00328538 2.61754e-06 7.08885e-08
0.003286 2.61657e-06 7.08624e-08
0.00328663 2.61559e-06 7.08363e-08
0.00328725 2.6146e-06 7.08102e-08
0.00328787 2.61362e-06 7.0784e-08
0.00328849 2.61263e-06 7.07577e-08
0.00328911 2.61164e-06 7.07314e-08
0.00328973 2.61065e-06 7.0705e-08
0.00329035 2.60966e-06 7.06786e-08
0.00329097 2.60866e-06 7.06521e-08
0.0032916 2.60766e-06 7.06255e-08
0.00329222 2.60666e-06 7.05988e-08
0.00329284 2.60566e-06 7.05721e-08
0.00329346 2.60465e-06 7.05454e-08
0.00329408 2.60364e-06 7.05186e-08
0.0032947 2.60264e-06 7.04917e-08
0.00329532 2.60162e-06 7.04647e-08
0.00329594 2.60061e-06 7.04377e-08
0.00329657 2.59959e-06 7.04106e-08
0.00329719 2.59857e-06 7.03835e-08
0.00329781 2.59755e-06 7.03562e-08
0.00329843 2.59653e-06 7.0329e-08
0.00329905 2.5955e-06 7.03016e-08
0.00329967 2.59447e-06 7.02742e-08
0.00330029 2.59344e-06 7.02467e-08
0.00330091 2.59241e-06 7.02191e-08
0.00330154 2.59137e-06 7.01915e-08
0.00330216 2.59033e-06 7.01638e-08
0.00330278 2.58929e-06 7.01361e-08
0.0033034 2.58825e-06 7.01082e-08
0.00330402 2.58721e-06 7.00803e-08
0.00330464 2.58616e-06 7.00524e-08
0.00330526 2.58511e-06 7.00243e-08
0.00330589 2.58405e-06 6.99962e-08
0.00330651 2.583e-06 6.9968e-08
0.00330713 2.58194e-06 6.99398e-08
0.00330775 2.58088e-06 6.99114e-08
0.00330837 2.57982e-06 6.9883e-08
0.00330899 2.57875e-06 6.98546e-08
0.00330961 2.57768e-06 6.9826e-08
0.00331023 2.57661e-06 6.97974e-08
0.00331086 2.57554e-06 6.97687e-08
0.00331148 2.57446e-06 6.97399e-08
0.0033121 2.57338e-06 6.97111e-08
0.00331272 2.5723e-06 6.96821e-08
0.00331334 2.57122e-06 6.96531e-08
0.00331396 2.57013e-06 6.96241e-08
0.00331458 2.56904e-06 6.95949e-08
0.0033152 2.56795e-06 6.95657e-08
0.00331583 2.56685e-06 6.95364e-08
0.00331645 2.56576e-06 6.9507e-08
0.00331707 2.56466e-06 6.94775e-08
0.00331769 2.56355e-06 6.9448e-08
0.00331831 2.56245e-06 6.94184e-08
0.00331893 2.56134e-06 6.93887e-08
0.00331955 2.56023e-06 6.93589e-08
0.00332017 2.55911e-06 6.9329e-08
0.0033208 2.558e-06 6.92991e-08
0.00332142 2.55688e-06 6.92691e-08
0.00332204 2.55576e-06 6.92389e-08
0.00332266 2.55463e-06 6.92088e-08
0.00332328 2.5535e-06 6.91785e-08
0.0033239 2.55237e-06 6.91481e-08
0.00332452 2.55124e-06 6.91177e-08
0.00332515 2.5501e-06 6.90872e-08
0.00332577 2.54896e-06 6.90566e-08
0.00332639 2.54782e-06 6.90259e-08
0.00332701 2.54667e-06 6.89951e-08
0.00332763 2.54553e-06 6.89642e-08
0.00332825 2.54438e-06 6.89333e-08
0.00332887 2.54322e-06 6.89023e-08
0.00332949 2.54206e-06 6.88712e-08
0.00333012 2.5409e-06 6.88399e-08
0.00333074 2.53974e-06 6.88087e-08
0.00333136 2.53858e-06 6.87773e-08
0.00333198 2.53741e-06 6.87458e-08
0.0033326 2.53623e-06 6.87142e-08
0.00333322 2.53506e-06 6.86826e-08
0.00333384 2.53388e-06 6.86509e-08
0.00333446 2.5327e-06 6.8619e-08
0.00333509 2.53152e-06 6.85871e-08
0.00333571 2.53033e-06 6.85551e-08
0.00333633 2.52914e-06 6.8523e-08
0.00333695 2.52795e-06 6.84908e-08
0.00333757 2.52675e-06 6.84585e-08
0.00333819 2.52555e-06 6.84262e-08
0.00333881 2.52435e-06 6.83937e-08
0.00333943 2.52314e-06 6.83611e-08
0.00334006 2.52193e-06 6.83285e-08
0.00334068 2.52072e-06 6.82957e-08
0.0033413 2.5195e-06 6.82629e-08
0.00334192 2.51828e-06 6.82299e-08
0.00334254 2.51706e-06 6.81969e-08
0.00334316 2.51584e-06 6.81638e-08
0.00334378 2.51461e-06 6.81305e-08
0.00334441 2.51338e-06 6.80972e-08
0.00334503 2.51214e-06 6.80638e-08
0.00334565 2.5109e-06 6.80303e-08
0.00334627 2.50966e-06 6.79967e-08
0.00334689 2.50842e-06 6.7963e-08
0.00334751 2.50717e-06 6.79291e-08
0.00334813 2.50592e-06 6.78952e-08
0.00334875 2.50466e-06 6.78612e-08
0.00334938 2.5034e-06 6.78271e-08
0.00335 2.50214e-06 6.77929e-08
0.00335062 2.50088e-06 6.77586e-08
0.00335124 2.49961e-06 6.77242e-08
0.00335186 2.49834e-06 6.76896e-08
0.00335248 2.49706e-06 6.7655e-08
0.0033531 2.49578e-06 6.76203e-08
0.00335372 2.4945e-06 6.75855e-08
0.00335435 2.49322e-06 6.75506e-08
0.00335497 2.49193e-06 6.75155e-08
0.00335559 2.49064e-06 6.74804e-08
0.00335621 2.48934e-06 6.74452e-08
0.00335683 2.48804e-06 6.74098e-08
0.00335745 2.48674e-06 6.73744e-08
0.00335807 2.48543e-06 6.73388e-08
0.00335869 2.48412e-06 6.73031e-08
0.00335932 2.48281e-06 6.72674e-08
0.00335994 2.48149e-06 6.72315e-08
0.00336056 2.48017e-06 6.71955e-08
0.00336118 2.47884e-06 6.71594e-08
0.0033618 2.47752e-06 6.71232e-08
0.00336242 2.47619e-06 6.70869e-08
0.00336304 2.47485e-06 6.70505e-08
0.00336367 2.47351e-06 6.7014e-08
0.00336429 2.47217e-06 6.69774e-08
0.00336491 2.47082e-06 6.69406e-08
0.00336553 2.46947e-06 6.69038e-08
0.00336615 2.46812e-06 6.68668e-08
0.00336677 2.46676e-06 6.68297e-08
0.00336739 2.4654e-06 6.67925e-08
0.00336801 2.46404e-06 6.67552e-08
0.00336864 2.46267e-06 6.67178e-08
0.00336926 2.4613e-06 6.66803e-08
0.00336988 2.45992e-06 6.66426e-08
0.0033705 2.45854e-06 6.66049e-08
0.00337112 2.45716e-06 6.6567e-08
0.00337174 2.45577e-06 6.6529e-08
0.00337236 2.45438e-06 6.64909e-08
0.00337298 2.45298e-06 6.64527e-08
0.00337361 2.45159e-06 6.64144e-08
0.00337423 2.45018e-06 6.63759e-08
0.00337485 2.44878e-06 6.63374e-08
0.00337547 2.44737e-06 6.62987e-08
0.00337609 2.44595e-06 6.62599e-08
0.00337671 2.44453e-06 6.6221e-08
0.00337733 2.44311e-06 6.61819e-08
0.00337795 2.44169e-06 6.61428e-08
0.00337858 2.44026e-06 6.61035e-08
0.0033792 2.43882e-06 6.60641e-08
0.00337982 2.43739e-06 6.60246e-08
0.00338044 2.43594e-06 6.5985e-08
0.00338106 2.4345e-06 6.59452e-08
0.00338168 2.43305e-06 6.59054e-08
0.0033823 2.43159e-06 6.58654e-08
0.00338293 2.43014e-06 6.58253e-08
0.00338355 2.42868e-06 6.5785e-08
0.00338417 2.42721e-06 6.57447e-08
0.00338479 2.42574e-06 6.57042e-08
0.00338541 2.42427e-06 6.56636e-08
0.00338603 2.42279e-06 6.56229e-08
0.00338665 2.42131e-06 6.5582e-08
0.00338727 2.41982e-06 6.5541e-08
0.0033879 2.41833e-06 6.54999e-08
0.00338852 2.41684e-06 6.54587e-08
0.00338914 2.41534e-06 6.54174e-08
0.00338976 2.41383e-06 6.53759e-08
0.00339038 2.41233e-06 6.53343e-08
0.003391 2.41082e-06 6.52926e-08
0.00339162 2.4093e-06 6.52507e-08
0.00339224 2.40778e-06 6.52087e-08
0.00339287 2.40626e-06 6.51666e-08
0.00339349 2.40473e-06 6.51244e-08
0.00339411 2.4032e-06 6.5082e-08
0.00339473 2.40166e-06 6.50395e-08
0.00339535 2.40012e-06 6.49969e-08
0.00339597 2.39858e-06 6.49541e-08
0.00339659 2.39703e-06 6.49113e-08
0.00339721 2.39548e-06 6.48683e-08
0.00339784 2.39392e-06 6.48251e-08
0.00339846 2.39236e-06 6.47818e-08
0.00339908 2.39079e-06 6.47384e-08
0.0033997 2.38922e-06 6.46949e-08
0.00340032 2.38765e-06 6.46512e-08
0.00340094 2.38607e-06 6.46074e-08
0.00340156 2.38449e-06 6.45635e-08
0.00340219 2.3829e-06 6.45195e-08
0.00340281 2.38131e-06 6.44753e-08
0.00340343 2.37971e-06 6.44309e-08
0.00340405 2.37811e-06 6.43865e-08
0.00340467 2.3765e-06 6.43419e-08
0.00340529 2.37489e-06 6.42972e-08
0.00340591 2.37328e-06 6.42523e-08
0.00340653 2.37166e-06 6.42073e-08
0.00340716 2.37004e-06 6.41622e-08
0.00340778 2.36841e-06 6.41169e-08
0.0034084 2.36678e-06 6.40715e-08
0.00340902 2.36514e-06 6.40259e-08
0.00340964 2.3635e-06 6.39803e-08
0.00341026 2.36186e-06 6.39344e-08
0.00341088 2.36021e-06 6.38885e-08
0.0034115 2.35855e-06 6.38424e-08
0.00341213 2.3569e-06 6.37962e-08
0.00341275 2.35523e-06 6.37498e-08
0.00341337 2.35356e-06 6.37033e-08
0.00341399 2.35189e-06 6.36567e-08
0.00341461 2.35021e-06 6.36099e-08
0.00341523 2.34853e-06 6.3563e-08
0.00341585 2.34685e-06 6.35159e-08
0.00341647 2.34516e-06 6.34687e-08
0.0034171 2.34346e-06 6.34214e-08
0.00341772 2.34176e-06 6.33739e-08
0.00341834 2.34006e-06 6.33263e-08
0.00341896 2.33835e-06 6.32785e-08
0.00341958 2.33663e-06 6.32306e-08
0.0034202 2.33492e-06 6.31826e-08
0.00342082 2.33319e-06 6.31344e-08
0.00342145 2.33146e-06 6.30861e-08
0.00342207 2.32973e-06 6.30376e-08
0.00342269 2.328e-06 6.2989e-08
0.00342331 2.32625e-06 6.29402e-08
0.00342393 2.32451e-06 6.28913e-08
0.00342455 2.32276e-06 6.28423e-08
0.00342517 2.321e-06 6.27931e-08
0.00342579 2.31924e-06 6.27438e-08
0.00342642 2.31747e-06 6.26943e-08
0.00342704 2.3157e-06 6.26447e-08
0.00342766 2.31393e-06 6.25949e-08
0.00342828 2.31215e-06 6.2545e-08
0.0034289 2.31037e-06 6.2495e-08
0.00342952 2.30858e-06 6.24448e-08
0.00343014 2.30678e-06 6.23944e-08
0.00343076 2.30498e-06 6.23439e-08
0.00343139 2.30318e-06 6.22933e-08
0.00343201 2.30137e-06 6.22425e-08
0.00343263 2.29956e-06 6.21916e-08
0.00343325 2.29774e-06 6.21405e-08
0.00343387 2.29592e-06 6.20893e-08
0.00343449 2.29409e-06 6.20379e-08
0.00343511 2.29226e-06 6.19864e-08
0.00343573 2.29042e-06 6.19347e-08
0.00343636 2.28858e-06 6.18829e-08
0.00343698 2.28673e-06 6.1831e-08
0.0034376 2.28488e-06 6.17788e-08
0.00343822 2.28302e-06 6.17266e-08
0.00343884 2.28116e-06 6.16742e-08
0.00343946 2.27929e-06 6.16216e-08
0.00344008 2.27742e-06 6.15689e-08
0.00344071 2.27555e-06 6.15161e-08
0.00344133 2.27367e-06 6.1463e-08
0.00344195 2.27178e-06 6.14099e-08
0.00344257 2.26989e-06 6.13566e-08
0.00344319 2.26799e-06 6.13031e-08
0.00344381 2.26609e-06 6.12495e-08
0.00344443 2.26418e-06 6.11958e-08
0.00344505 2.26227e-06 6.11418e-08
0.00344568 2.26036e-06 6.10878e-08
0.0034463 2.25844e-06 6.10336e-08
0.00344692 2.25651e-06 6.09792e-08
0.00344754 2.25458e-06 6.09247e-08
0.00344816 2.25264e-06 6.087e-08
0.00344878 2.2507e-06 6.08152e-08
0.0034494 2.24876e-06 6.07602e-08
0.00345002 2.24681e-06 6.07051e-08
0.00345065 2.24485e-06 6.06498e-08
0.00345127 2.24289e-06 6.05944e-08
0.00345189 2.24092e-06 6.05388e-08
0.00345251 2.23895e-06 6.04831e-08
0.00345313 2.23698e-06 6.04272e-08
0.00345375 2.23499e-06 6.03711e-08
0.00345437 2.23301e-06 6.03149e-08
0.00345499 2.23102e-06 6.02586e-08
0.00345562 2.22902e-06 6.02021e-08
0.00345624 2.22702e-06 6.01454e-08
0.00345686 2.22501e-06 6.00886e-08
0.00345748 2.223e-06 6.00316e-08
0.0034581 2.22098e-06 5.99745e-08
0.00345872 2.21896e-06 5.99172e-08
0.00345934 2.21693e-06 5.98598e-08
0.00345997 2.2149e-06 5.98022e-08
0.00346059 2.21287e-06 5.97444e-08
0.00346121 2.21082e-06 5.96865e-08
0.00346183 2.20878e-06 5.96285e-08
0.00346245 2.20672e-06 5.95703e-08
0.00346307 2.20466e-06 5.95119e-08
0.00346369 2.2026e-06 5.94534e-08
0.00346431 2.20053e-06 5.93947e-08
0.00346494 2.19846e-06 5.93359e-08
0.00346556 2.19638e-06 5.92769e-08
0.00346618 2.1943e-06 5.92177e-08
0.0034668 2.19221e-06 5.91584e-08
0.00346742 2.19012e-06 5.9099e-08
0.00346804 2.18802e-06 5.90393e-08
0.00346866 2.18591e-06 5.89796e-08
0.00346928 2.1838e-06 5.89196e-08
0.00346991 2.18169e-06 5.88595e-08
0.00347053 2.17957e-06 5.87993e-08
0.00347115 2.17745e-06 5.87389e-08
0.00347177 2.17532e-06 5.86783e-08
0.00347239 2.17318e-06 5.86176e-08
0.00347301 2.17104e-06 5.85567e-08
0.00347363 2.16889e-06 5.84957e-08
0.00347425 2.16674e-06 5.84345e-08
0.00347488 2.16459e-06 5.83732e-08
0.0034755 2.16243e-06 5.83116e-08
0.00347612 2.16026e-06 5.825e-08
0.00347674 2.15809e-06 5.81882e-08
0.00347736 2.15591e-06 5.81262e-08
0.00347798 2.15373e-06 5.8064e-08
0.0034786 2.15154e-06 5.80017e-08
0.00347923 2.14935e-06 5.79393e-08
0.00347985 2.14715e-06 5.78767e-08
0.00348047 2.14495e-06 5.78139e-08
0.00348109 2.14274e-06 5.7751e-08
0.00348171 2.14052e-06 5.76879e-08
0.00348233 2.13831e-06 5.76246e-08
0.00348295 2.13608e-06 5.75612e-08
0.00348357 2.13385e-06 5.74976e-08
0.0034842 2.13165e-06 5.74339e-08
0.00348482 2.12952e-06 5.737e-08
0.00348544 2.12739e-06 5.7306e-08
0.00348606 2.12525e-06 5.72418e-08
0.00348668 2.12311e-06 5.71774e-08
0.0034873 2.12097e-06 5.71129e-08
0.00348792 2.11882e-06 5.70482e-08
0.00348854 2.11666e-06 5.69834e-08
0.00348917 2.1145e-06 5.69184e-08
0.00348979 2.11234e-06 5.68532e-08
0.00349041 2.11017e-06 5.67879e-08
0.00349103 2.108e-06 5.67224e-08
0.00349165 2.10582e-06 5.66568e-08
0.00349227 2.10364e-06 5.6591e-08
0.00349289 2.10145e-06 5.65251e-08
0.00349351 2.09926e-06 5.6459e-08
0.00349414 2.09706e-06 5.63927e-08
0.00349476 2.09486e-06 5.63262e-08
0.00349538 2.09265e-06 5.62597e-08
0.003496 2.09044e-06 5.61929e-08
0.00349662 2.08822e-06 5.6126e-08
0.00349724 2.086e-06 5.60589e-08
0.00349786 2.08378e-06 5.59917e-08
0.00349849 2.08155e-06 5.59243e-08
0.00349911 2.07931e-06 5.58568e-08
0.00349973 2.07708e-06 5.57891e-08
0.00350035 2.07483e-06 5.57212e-08
0.00350097 2.07258e-06 5.56532e-08
0.00350159 2.07033e-06 5.5585e-08
0.00350221 2.06807e-06 5.55167e-08
0.00350283 2.06581e-06 5.54482e-08
0.00350346 2.06354e-06 5.53795e-08
0.00350408 2.06127e-06 5.53107e-08
0.0035047 2.05899e-06 5.52417e-08
0.00350532 2.05671e-06 5.51726e-08
0.00350594 2.05443e-06 5.51033e-08
0.00350656 2.05214e-06 5.50338e-08
0.00350718 2.04984e-06 5.49642e-08
0.0035078 2.04754e-06 5.48944e-08
0.00350843 2.04524e-06 5.48245e-08
0.00350905 2.04293e-06 5.47544e-08
0.00350967 2.04061e-06 5.46842e-08
0.00351029 2.03829e-06 5.46138e-08
0.00351091 2.03597e-06 5.45432e-08
0.00351153 2.03364e-06 5.44725e-08
0.00351215 2.03131e-06 5.44016e-08
0.00351277 2.02897e-06 5.43305e-08
0.0035134 2.02663e-06 5.42593e-08
0.00351402 2.02428e-06 5.4188e-08
0.00351464 2.02193e-06 5.41165e-08
0.00351526 2.01958e-06 5.40448e-08
0.00351588 2.01721e-06 5.39729e-08
0.0035165 2.01485e-06 5.3901e-08
0.00351712 2.01248e-06 5.38288e-08
0.00351775 2.0101e-06 5.37565e-08
0.00351837 2.00772e-06 5.3684e-08
0.00351899 2.00534e-06 5.36114e-08
0.00351961 2.00295e-06 5.35386e-08
0.00352023 2.00056e-06 5.34657e-08
0.00352085 1.99816e-06 5.33926e-08
0.00352147 1.99576e-06 5.33194e-08
0.00352209 1.99335e-06 5.32459e-08
0.00352272 1.99094e-06 5.31724e-08
0.00352334 1.98852e-06 5.30987e-08
0.00352396 1.9861e-06 5.30248e-08
0.00352458 1.98367e-06 5.29507e-08
0.0035252 1.98124e-06 5.28765e-08
0.00352582 1.9788e-06 5.28022e-08
0.00352644 1.97636e-06 5.27277e-08
0.00352706 1.97392e-06 5.2653e-08
0.00352769 1.97147e-06 5.25782e-08
0.00352831 1.96901e-06 5.25032e-08
0.00352893 1.96655e-06 5.24281e-08
0.00352955 1.96409e-06 5.23528e-08
0.00353017 1.96162e-06 5.22773e-08
0.00353079 1.95915e-06 5.22017e-08
0.00353141 1.95667e-06 5.2126e-08
0.00353203 1.95419e-06 5.20501e-08
0.00353266 1.9517e-06 5.1974e-08
0.00353328 1.94921e-06 5.18978e-08
0.0035339 1.94671e-06 5.18214e-08
0.00353452 1.94421e-06 5.17449e-08
0.00353514 1.94171e-06 5.16682e-08
0.00353576 1.9392e-06 5.15914e-08
0.00353638 1.93668e-06 5.15144e-08
0.00353701 1.93416e-06 5.14372e-08
0.00353763 1.93164e-06 5.13599e-08
0.00353825 1.92911e-06 5.12824e-08
0.00353887 1.92657e-06 5.12048e-08
0.00353949 1.92404e-06 5.11271e-08
0.00354011 1.92149e-06 5.10491e-08
0.00354073 1.91895e-06 5.09711e-08
0.00354135 1.91639e-06 5.08928e-08
0.00354198 1.91384e-06 5.08145e-08
0.0035426 1.91128e-06 5.07359e-08
0.00354322 1.90871e-06 5.06573e-08
0.00354384 1.90614e-06 5.05784e-08
0.00354446 1.90357e-06 5.04994e-08
0.00354508 1.90099e-06 5.04203e-08
0.0035457 1.8984e-06 5.0341e-08
0.00354632 1.89581e-06 5.02615e-08
0.00354695 1.89322e-06 5.01819e-08
0.00354757 1.89062e-06 5.01022e-08
0.00354819 1.88802e-06 5.00223e-08
0.00354881 1.88541e-06 4.99422e-08
0.00354943 1.8828e-06 4.9862e-08
0.00355005 1.88019e-06 4.97817e-08
0.00355067 1.87756e-06 4.97012e-08
0.00355129 1.87494e-06 4.96205e-08
0.00355192 1.87231e-06 4.95397e-08
0.00355254 1.86968e-06 4.94588e-08
0.00355316 1.86704e-06 4.93777e-08
0.00355378 1.86439e-06 4.92964e-08
0.0035544 1.86175e-06 4.9215e-08
0.00355502 1.85909e-06 4.91334e-08
0.00355564 1.85644e-06 4.90517e-08
0.00355627 1.85377e-06 4.89699e-08
0.00355689 1.85111e-06 4.88879e-08
0.00355751 1.84844e-06 4.88057e-08
0.00355813 1.84576e-06 4.87234e-08
0.00355875 1.84308e-06 4.8641e-08
0.00355937 1.8404e-06 4.85584e-08
0.00355999 1.83771e-06 4.84757e-08
0.00356061 1.83502e-06 4.83928e-08
0.00356124 1.83232e-06 4.83097e-08
0.00356186 1.82962e-06 4.82266e-08
0.00356248 1.82691e-06 4.81432e-08
0.0035631 1.8242e-06 4.80598e-08
0.00356372 1.82148e-06 4.79761e-08
0.00356434 1.81876e-06 4.78924e-08
0.00356496 1.81604e-06 4.78085e-08
0.00356558 1.81331e-06 4.77244e-08
0.00356621 1.81058e-06 4.76402e-08
0.00356683 1.80784e-06 4.75558e-08
0.00356745 1.8051e-06 4.74714e-08
0.00356807 1.80235e-06 4.73867e-08
0.00356869 1.7996e-06 4.73019e-08
0.00356931 1.79685e-06 4.7217e-08
0.00356993 1.79409e-06 4.71319e-08
0.00357055 1.79132e-06 4.70467e-08
0.00357118 1.78855e-06 4.69614e-08
0.0035718 1.78578e-06 4.68759e-08
0.00357242 1.783e-06 4.67902e-08
0.00357304 1.78039e-06 4.67044e-08
0.00357366 1.77789e-06 4.66185e-08
0.00357428 1.77539e-06 4.65324e-08
0.0035749 1.77288e-06 4.64462e-08
0.00357553 1.77037e-06 4.63599e-08
0.00357615 1.76786e-06 4.62734e-08
0.00357677 1.76534e-06 4.61868e-08
0.00357739 1.76282e-06 4.61e-08
0.00357801 1.7603e-06 4.60131e-08
0.00357863 1.75777e-06 4.5926e-08
0.00357925 1.75524e-06 4.58388e-08
0.00357987 1.75271e-06 4.57515e-08
0.0035805 1.75017e-06 4.5664e-08
0.00358112 1.74762e-06 4.55764e-08
0.00358174 1.74508e-06 4.54886e-08
0.00358236 1.74253e-06 4.54008e-08
0.00358298 1.73998e-06 4.53127e-08
0.0035836 1.73742e-06 4.52246e-08
0.00358422 1.73486e-06 4.51363e-08
0.00358484 1.7323e-06 4.50478e-08
0.00358547 1.72973e-06 4.49592e-08
0.00358609 1.72716e-06 4.48705e-08
0.00358671 1.72458e-06 4.47817e-08
0.00358733 1.72201e-06 4.46927e-08
0.00358795 1.71942e-06 4.46036e-08
0.00358857 1.71684e-06 4.45143e-08
0.00358919 1.71425e-06 4.44249e-08
0.00358981 1.71166e-06 4.43354e-08
0.00359044 1.70906e-06 4.42457e-08
0.00359106 1.70646e-06 4.41559e-08
0.00359168 1.70386e-06 4.4066e-08
0.0035923 1.70125e-06 4.39759e-08
0.00359292 1.69865e-06 4.38857e-08
0.00359354 1.69603e-06 4.37954e-08
0.00359416 1.69342e-06 4.37049e-08
0.00359479 1.69079e-06 4.36143e-08
0.00359541 1.68817e-06 4.35236e-08
0.00359603 1.68554e-06 4.34327e-08
0.00359665 1.68291e-06 4.33417e-08
0.00359727 1.68028e-06 4.32506e-08
0.00359789 1.67764e-06 4.31594e-08
0.00359851 1.675e-06 4.3068e-08
0.00359913 1.67236e-06 4.29765e-08
0.00359976 1.66971e-06 4.28848e-08
0.00360038 1.66706e-06 4.2793e-08
0.003601 1.6644e-06 4.27011e-08
0.00360162 1.66174e-06 4.26091e-08
0.00360224 1.65908e-06 4.25169e-08
0.00360286 1.65642e-06 4.24247e-08
0.00360348 1.65375e-06 4.23322e-08
0.0036041 1.65108e-06 4.22397e-08
0.00360473 1.6484e-06 4.2147e-08
0.00360535 1.64572e-06 4.20542e-08
0.00360597 1.64304e-06 4.19613e-08
0.00360659 1.64035e-06 4.18682e-08
0.00360721 1.63767e-06 4.17751e-08
0.00360783 1.63497e-06 4.16818e-08
0.00360845 1.63228e-06 4.15883e-08
0.00360907 1.62958e-06 4.14948e-08
0.0036097 1.62688e-06 4.14011e-08
0.00361032 1.62417e-06 4.13073e-08
0.00361094 1.62146e-06 4.12134e-08
0.00361156 1.61875e-06 4.11193e-08
0.00361218 1.61603e-06 4.10252e-08
0.0036128 1.61332e-06 4.09309e-08
0.00361342 1.61059e-06 4.08364e-08
0.00361405 1.60787e-06 4.07419e-08
0.00361467 1.60514e-06 4.06472e-08
0.00361529 1.60241e-06 4.05525e-08
0.00361591 1.59967e-06 4.04576e-08
0.00361653 1.59693e-06 4.03625e-08
0.00361715 1.59419e-06 4.02674e-08
0.00361777 1.59145e-06 4.01721e-08
0.00361839 1.5887e-06 4.00767e-08
0.00361902 1.58595e-06 3.99812e-08
0.00361964 1.58319e-06 3.98856e-08
0.00362026 1.58043e-06 3.97899e-08
0.00362088 1.57767e-06 3.9694e-08
0.0036215 1.57491e-06 3.9598e-08
0.00362212 1.57214e-06 3.9502e-08
0.00362274 1.56937e-06 3.94057e-08
0.00362336 1.5666e-06 3.93094e-08
0.00362399 1.56382e-06 3.9213e-08
0.00362461 1.56104e-06 3.91164e-08
0.00362523 1.55826e-06 3.90197e-08
0.00362585 1.55547e-06 3.8923e-08
0.00362647 1.55268e-06 3.88261e-08
0.00362709 1.54989e-06 3.8729e-08
0.00362771 1.54709e-06 3.86319e-08
0.00362833 1.54429e-06 3.85347e-08
0.00362896 1.54149e-06 3.84373e-08
0.00362958 1.53868e-06 3.83398e-08
0.0036302 1.53588e-06 3.82423e-08
0.00363082 1.53306e-06 3.81446e-08
0.00363144 1.53025e-06 3.80468e-08
0.00363206 1.52743e-06 3.79489e-08
0.00363268 1.52461e-06 3.78508e-08
0.00363331 1.52179e-06 3.77527e-08
0.00363393 1.51896e-06 3.76544e-08
0.00363455 1.51613e-06 3.75561e-08
0.00363517 1.5133e-06 3.74576e-08
0.00363579 1.51046e-06 3.73591e-08
0.00363641 1.50762e-06 3.72604e-08
0.00363703 1.50478e-06 3.71616e-08
0.00363765 1.50194e-06 3.70627e-08
0.00363828 1.49909e-06 3.69637e-08
0.0036389 1.49624e-06 3.68646e-08
0.00363952 1.49339e-06 3.67654e-08
0.00364014 1.49053e-06 3.6666e-08
0.00364076 1.48767e-06 3.65666e-08
0.00364138 1.48481e-06 3.64671e-08
0.003642 1.48194e-06 3.63674e-08
0.00364262 1.47907e-06 3.62677e-08
0.00364325 1.4762e-06 3.61679e-08
0.00364387 1.47333e-06 3.60679e-08
0.00364449 1.47045e-06 3.59757e-08
0.00364511 1.46757e-06 3.59187e-08
0.00364573 1.46469e-06 3.58617e-08
0.00364635 1.4618e-06 3.58045e-08
0.00364697 1.45891e-06 3.57473e-08
0.00364759 1.45602e-06 3.569e-08
0.00364822 1.45313e-06 3.56325e-08
0.00364884 1.45023e-06 3.5575e-08
0.00364946 1.44733e-06 3.55175e-08
0.00365008 1.44443e-06 3.54598e-08
0.0036507 1.44152e-06 3.5402e-08
0.00365132 1.43861e-06 3.53442e-08
0.00365194 1.4357e-06 3.52862e-08
0.00365257 1.43279e-06 3.52282e-08
0.00365319 1.42987e-06 3.517e-08
0.00365381 1.42695e-06 3.51118e-08
0.00365443 1.42403e-06 3.50535e-08
0.00365505 1.42111e-06 3.49951e-08
0.00365567 1.41818e-06 3.49367e-08
0.00365629 1.41525e-06 3.48781e-08
0.00365691 1.41231e-06 3.48194e-08
0.00365754 1.40938e-06 3.47607e-08
0.00365816 1.40644e-06 3.47019e-08
0.00365878 1.4035e-06 3.46429e-08
0.0036594 1.40055e-06 3.45839e-08
0.00366002 1.39761e-06 3.45248e-08
0.00366064 1.39466e-06 3.44657e-08
0.00366126 1.39171e-06 3.44064e-08
0.00366188 1.38875e-06 3.4347e-08
0.00366251 1.3858e-06 3.42876e-08
0.00366313 1.38284e-06 3.42281e-08
0.00366375 1.37987e-06 3.41684e-08
0.00366437 1.37691e-06 3.41087e-08
0.00366499 1.37394e-06 3.40489e-08
0.00366561 1.37097e-06 3.39891e-08
0.00366623 1.368e-06 3.39291e-08
0.00366685 1.36502e-06 3.3869e-08
0.00366748 1.36205e-06 3.38089e-08
0.0036681 1.35907e-06 3.37487e-08
0.00366872 1.35608e-06 3.36883e-08
0.00366934 1.3531e-06 3.3628e-08
0.00366996 1.35011e-06 3.35675e-08
0.00367058 1.34712e-06 3.35069e-08
0.0036712 1.34413e-06 3.34462e-08
0.00367183 1.34113e-06 3.33855e-08
0.00367245 1.33814e-06 3.33247e-08
0.00367307 1.33514e-06 3.32638e-08
0.00367369 1.33213e-06 3.32028e-08
0.00367431 1.32913e-06 3.31417e-08
0.00367493 1.32612e-06 3.30805e-08
0.00367555 1.32311e-06 3.30192e-08
0.00367617 1.3201e-06 3.29579e-08
0.0036768 1.31709e-06 3.28965e-08
0.00367742 1.31407e-06 3.2835e-08
0.00367804 1.31105e-06 3.27734e-08
0.00367866 1.30803e-06 3.27117e-08
0.00367928 1.305e-06 3.26499e-08
0.0036799 1.30198e-06 3.25881e-08
0.00368052 1.29895e-06 3.25262e-08
0.00368114 1.29592e-06 3.24642e-08
0.00368177 1.29289e-06 3.24021e-08
0.00368239 1.28985e-06 3.23399e-08
0.00368301 1.28681e-06 3.22776e-08
0.00368363 1.28377e-06 3.22153e-08
0.00368425 1.28073e-06 3.21529e-08
0.00368487 1.27769e-06 3.20904e-08
0.00368549 1.27464e-06 3.20278e-08
0.00368611 1.27159e-06 3.19651e-08
0.00368674 1.26854e-06 3.19023e-08
0.00368736 1.26549e-06 3.18395e-08
0.00368798 1.26243e-06 3.17766e-08
0.0036886 1.25938e-06 3.17136e-08
0.00368922 1.25632e-06 3.16505e-08
0.00368984 1.25325e-06 3.15873e-08
0.00369046 1.25019e-06 3.15241e-08
0.00369109 1.24712e-06 3.14608e-08
0.00369171 1.24406e-06 3.13974e-08
0.00369233 1.24099e-06 3.13339e-08
0.00369295 1.23791e-06 3.12703e-08
0.00369357 1.23484e-06 3.12067e-08
0.00369419 1.23176e-06 3.11429e-08
0.00369481 1.22868e-06 3.10791e-08
0.00369543 1.2256e-06 3.10152e-08
0.00369606 1.22252e-06 3.09513e-08
0.00369668 1.21944e-06 3.08872e-08
0.0036973 1.21635e-06 3.08231e-08
0.00369792 1.21326e-06 3.07589e-08
0.00369854 1.21017e-06 3.06946e-08
0.00369916 1.20708e-06 3.06303e-08
0.00369978 1.20398e-06 3.05658e-08
0.0037004 1.20089e-06 3.05013e-08
0.00370103 1.19779e-06 3.04367e-08
0.00370165 1.19469e-06 3.0372e-08
0.00370227 1.19159e-06 3.03073e-08
0.00370289 1.18848e-06 3.02425e-08
0.00370351 1.18538e-06 3.01776e-08
0.00370413 1.18227e-06 3.01126e-08
0.00370475 1.17916e-06 3.00475e-08
0.00370537 1.17605e-06 2.99824e-08
0.003706 1.17293e-06 2.99172e-08
0.00370662 1.16982e-06 2.98519e-08
0.00370724 1.1667e-06 2.97865e-08
0.00370786 1.16358e-06 2.97211e-08
0.00370848 1.16046e-06 2.96556e-08
0.0037091 1.15734e-06 2.959e-08
0.00370972 1.15422e-06 2.95243e-08
0.00371035 1.15109e-06 2.94586e-08
0.00371097 1.14796e-06 2.93927e-08
0.00371159 1.14483e-06 2.93269e-08
0.00371221 1.1417e-06 2.92609e-08
0.00371283 1.13964e-06 2.91949e-08
0.00371345 1.1381e-06 2.91287e-08
0.00371407 1.13656e-06 2.90626e-08
0.00371469 1.13502e-06 2.89963e-08
0.00371532 1.13347e-06 2.893e-08
0.00371594 1.13193e-06 2.88636e-08
0.00371656 1.13038e-06 2.87971e-08
0.00371718 1.12884e-06 2.87305e-08
0.0037178 1.12729e-06 2.86639e-08
0.00371842 1.12575e-06 2.85972e-08
0.00371904 1.1242e-06 2.85304e-08
0.00371966 1.12265e-06 2.84636e-08
0.00372029 1.1211e-06 2.83967e-08
0.00372091 1.11955e-06 2.83297e-08
0.00372153 1.118e-06 2.82627e-08
0.00372215 1.11645e-06 2.81955e-08
0.00372277 1.1149e-06 2.81283e-08
0.00372339 1.11334e-06 2.80611e-08
0.00372401 1.11179e-06 2.79937e-08
0.00372463 1.11024e-06 2.79263e-08
0.00372526 1.10868e-06 2.78589e-08
0.00372588 1.10713e-06 2.77913e-08
0.0037265 1.10557e-06 2.77237e-08
0.00372712 1.10401e-06 2.7656e-08
0.00372774 1.10245e-06 2.75883e-08
0.00372836 1.1009e-06 2.75205e-08
0.00372898 1.09934e-06 2.74526e-08
0.00372961 1.09778e-06 2.73846e-08
0.00373023 1.09622e-06 2.73166e-08
0.00373085 1.09466e-06 2.72485e-08
0.00373147 1.09309e-06 2.71803e-08
0.00373209 1.09153e-06 2.71121e-08
0.00373271 1.08997e-06 2.70438e-08
0.00373333 1.0884e-06 2.69755e-08
0.00373395 1.08684e-06 2.6907e-08
0.00373458 1.08527e-06 2.68386e-08
0.0037352 1.08371e-06 2.677e-08
0.00373582 1.08214e-06 2.67014e-08
0.00373644 1.08057e-06 2.66327e-08
0.00373706 1.079e-06 2.65639e-08
0.00373768 1.07743e-06 2.64951e-08
0.0037383 1.07587e-06 2.64262e-08
0.00373892 1.07429e-06 2.63573e-08
0.00373955 1.07272e-06 2.62883e-08
0.00374017 1.07115e-06 2.62192e-08
0.00374079 1.06958e-06 2.61501e-08
0.00374141 1.06801e-06 2.60809e-08
0.00374203 1.06643e-06 2.60116e-08
0.00374265 1.06486e-06 2.59423e-08
0.00374327 1.06328e-06 2.58729e-08
0.00374389 1.06171e-06 2.58034e-08
0.00374452 1.06013e-06 2.57339e-08
0.00374514 1.05855e-06 2.56643e-08
0.00374576 1.05697e-06 2.55947e-08
0.00374638 1.0554e-06 2.5525e-08
0.003747 1.05382e-06 2.54552e-08
0.00374762 1.05224e-06 2.53854e-08
0.00374824 1.05066e-06 2.53155e-08
0.00374887 1.04907e-06 2.52455e-08
0.00374949 1.04749e-06 2.51755e-08
0.00375011 1.04591e-06 2.51055e-08
0.00375073 1.04433e-06 2.50353e-08
0.00375135 1.04274e-06 2.49652e-08
0.00375197 1.04116e-06 2.48949e-08
0.00375259 1.03957e-06 2.48246e-08
0.00375321 1.03798e-06 2.47542e-08
0.00375384 1.0364e-06 2.46838e-08
0.00375446 1.03481e-06 2.46134e-08
0.00375508 1.03322e-06 2.45428e-08
0.0037557 1.03163e-06 2.44722e-08
0.00375632 1.03004e-06 2.44016e-08
0.00375694 1.02845e-06 2.43309e-08
0.00375756 1.02686e-06 2.42601e-08
0.00375818 1.02527e-06 2.41893e-08
0.00375881 1.02368e-06 2.41184e-08
0.00375943 1.02209e-06 2.40474e-08
0.00376005 1.02049e-06 2.39765e-08
0.00376067 1.0189e-06 2.39054e-08
0.00376129 1.0173e-06 2.38343e-08
0.00376191 1.01571e-06 2.37631e-08
0.00376253 1.01411e-06 2.36919e-08
0.00376315 1.01252e-06 2.36207e-08
0.00376378 1.01092e-06 2.35493e-08
0.0037644 1.00932e-06 2.3478e-08
0.00376502 1.00772e-06 2.34065e-08
0.00376564 1.00612e-06 2.33351e-08
0.00376626 1.00452e-06 2.32635e-08
0.00376688 1.00292e-06 2.31919e-08
0.0037675 1.00132e-06 2.31203e-08
0.00376813 9.99717e-07 2.30486e-08
0.00376875 9.98114e-07 2.29768e-08
0.00376937 9.96511e-07 2.2905e-08
0.00376999 9.94907e-07 2.28332e-08
0.00377061 9.93302e-07 2.27613e-08
0.00377123 9.91697e-07 2.26893e-08
0.00377185 9.90091e-07 2.26173e-08
0.00377247 9.88485e-07 2.25453e-08
0.0037731 9.86877e-07 2.24731e-08
0.00377372 9.8527e-07 2.2401e-08
0.00377434 9.83661e-07 2.23288e-08
0.00377496 9.82052e-07 2.22565e-08
0.00377558 9.80442e-07 2.21842e-08
0.0037762 9.78832e-07 2.21119e-08
0.00377682 9.77221e-07 2.20395e-08
0.00377744 9.7561e-07 2.1967e-08
0.00377807 9.73997e-07 2.18945e-08
0.00377869 9.74708e-07 2.18219e-08
0.00377931 9.75544e-07 2.17493e-08
0.00377993 9.76381e-07 2.16767e-08
0.00378055 9.77217e-07 2.1604e-08
0.00378117 9.78053e-07 2.15313e-08
0.00378179 9.78888e-07 2.14585e-08
0.00378241 9.79723e-07 2.13856e-08
0.00378304 9.80558e-07 2.13127e-08
0.00378366 9.81392e-07 2.12398e-08
0.00378428 9.82226e-07 2.11668e-08
0.0037849 9.8306e-07 2.10938e-08
0.00378552 9.83902e-07 2.10208e-08
0.00378614 9.85261e-07 2.09477e-08
0.00378676 9.86619e-07 2.08745e-08
0.00378739 9.87975e-07 2.08013e-08
0.00378801 9.8933e-07 2.07281e-08
0.00378863 9.90683e-07 2.06548e-08
0.00378925 9.92034e-07 2.05814e-08
0.00378987 9.93384e-07 2.05081e-08
0.00379049 9.94732e-07 2.04346e-08
0.00379111 9.96078e-07 2.03612e-08
0.00379173 9.97423e-07 2.02877e-08
0.00379236 9.98766e-07 2.02141e-08
0.00379298 1.00011e-06 2.01405e-08
0.0037936 1.00145e-06 2.00669e-08
0.00379422 1.00279e-06 1.99932e-08
0.00379484 1.00412e-06 1.99195e-08
0.00379546 1.00546e-06 1.98458e-08
0.00379608 1.00679e-06 1.9772e-08
0.0037967 1.00812e-06 1.96981e-08
0.00379733 1.00945e-06 1.96243e-08
0.00379795 1.01078e-06 1.95503e-08
0.00379857 1.01211e-06 1.94764e-08
0.00379919 1.01343e-06 1.94024e-08
0.00379981 1.01476e-06 1.93283e-08
0.00380043 1.01608e-06 1.92543e-08
0.00380105 1.0174e-06 1.91802e-08
0.00380167 1.01872e-06 1.9106e-08
0.0038023 1.02004e-06 1.90318e-08
0.00380292 1.02135e-06 1.89576e-08
0.00380354 1.02267e-06 1.88833e-08
0.00380416 1.02398e-06 1.8809e-08
0.00380478 1.02529e-06 1.87346e-08
0.0038054 1.0266e-06 1.86602e-08
0.00380602 1.02791e-06 1.85858e-08
0.00380665 1.02921e-06 1.85114e-08
0.00380727 1.03052e-06 1.84369e-08
0.00380789 1.03182e-06 1.83623e-08
0.00380851 1.03312e-06 1.82878e-08
0.00380913 1.03442e-06 1.82132e-08
0.00380975 1.03572e-06 1.81385e-08
0.00381037 1.03701e-06 1.80638e-08
0.00381099 1.03831e-06 1.79891e-08
0.00381162 1.0396e-06 1.79144e-08
0.00381224 1.04089e-06 1.78396e-08
0.00381286 1.04218e-06 1.77648e-08
0.00381348 1.04347e-06 1.76899e-08
0.0038141 1.04476e-06 1.76151e-08
0.00381472 1.04604e-06 1.75401e-08
0.00381534 1.04733e-06 1.74652e-08
0.00381596 1.04861e-06 1.73902e-08
0.00381659 1.04989e-06 1.73152e-08
0.00381721 1.05117e-06 1.72401e-08
0.00381783 1.05244e-06 1.71651e-08
0.00381845 1.05372e-06 1.70899e-08
0.00381907 1.05499e-06 1.70148e-08
0.00381969 1.05626e-06 1.69396e-08
0.00382031 1.05754e-06 1.68644e-08
0.00382093 1.0588e-06 1.67892e-08
0.00382156 1.06007e-06 1.67139e-08
0.00382218 1.06134e-06 1.66386e-08
0.0038228 1.0626e-06 1.65632e-08
0.00382342 1.06386e-06 1.64879e-08
0.00382404 1.06512e-06 1.64125e-08
0.00382466 1.06638e-06 1.6337e-08
0.00382528 1.06764e-06 1.62616e-08
0.00382591 1.0689e-06 1.61861e-08
0.00382653 1.07015e-06 1.61106e-08
0.00382715 1.0714e-06 1.6035e-08
0.00382777 1.07266e-06 1.59595e-08
0.00382839 1.07391e-06 1.58839e-08
0.00382901 1.07515e-06 1.58082e-08
0.00382963 1.0764e-06 1.57326e-08
0.00383025 1.07764e-06 1.56569e-08
0.00383088 1.07889e-06 1.55812e-08
0.0038315 1.08013e-06 1.55054e-08
0.00383212 1.08137e-06 1.54296e-08
0.00383274 1.08261e-06 1.53538e-08
0.00383336 1.08384e-06 1.5278e-08
0.00383398 1.08508e-06 1.52022e-08
0.0038346 1.08631e-06 1.51263e-08
0.00383522 1.08754e-06 1.50504e-08
0.00383585 1.08878e-06 1.49745e-08
0.00383647 1.09e-06 1.48985e-08
0.00383709 1.09123e-06 1.48225e-08
0.00383771 1.09246e-06 1.47465e-08
0.00383833 1.09368e-06 1.46705e-08
0.00383895 1.0949e-06 1.45944e-08
0.00383957 1.09612e-06 1.45184e-08
0.00384019 1.09734e-06 1.44423e-08
0.00384082 1.09856e-06 1.43661e-08
0.00384144 1.09978e-06 1.429e-08
0.00384206 1.10099e-06 1.42138e-08
0.00384268 1.10221e-06 1.41376e-08
0.0038433 1.10342e-06 1.40614e-08
0.00384392 1.10463e-06 1.39852e-08
0.00384454 1.10583e-06 1.39089e-08
0.00384517 1.10704e-06 1.38326e-08
0.00384579 1.10825e-06 1.37563e-08
0.00384641 1.10945e-06 1.368e-08
0.00384703 1.11065e-06 1.36036e-08
0.00384765 1.11185e-06 1.35272e-08
0.00384827 1.11305e-06 1.34508e-08
0.00384889 1.11425e-06 1.33744e-08
0.00384951 1.11544e-06 1.3298e-08
0.00385014 1.11664e-06 1.32215e-08
0.00385076 1.11783e-06 1.3145e-08
0.00385138 1.11902e-06 1.30685e-08
0.003852 1.12021e-06 1.2992e-08
0.00385262 1.1214e-06 1.29155e-08
0.00385324 1.12258e-06 1.28389e-08
0.00385386 1.12377e-06 1.27623e-08
0.00385448 1.12495e-06 1.26857e-08
0.00385511 1.12613e-06 1.26091e-08
0.00385573 1.12731e-06 1.25324e-08
0.00385635 1.12849e-06 1.24558e-08
0.00385697 1.12967e-06 1.23791e-08
0.00385759 1.13084e-06 1.23024e-08
0.00385821 1.13202e-06 1.22257e-08
0.00385883 1.13319e-06 1.21489e-08
0.00385945 1.13436e-06 1.20721e-08
0.00386008 1.13553e-06 1.19954e-08
0.0038607 1.1367e-06 1.19186e-08
0.00386132 1.13786e-06 1.18418e-08
0.00386194 1.13903e-06 1.17649e-08
0.00386256 1.14019e-06 1.16881e-08
0.00386318 1.14135e-06 1.16112e-08
0.0038638 1.14251e-06 1.15343e-08
0.00386443 1.14367e-06 1.14574e-08
0.00386505 1.14483e-06 1.13805e-08
0.00386567 1.14598e-06 1.13036e-08
0.00386629 1.14713e-06 1.12266e-08
0.00386691 1.14829e-06 1.11497e-08
0.00386753 1.14944e-06 1.10727e-08
0.00386815 1.15059e-06 1.09957e-08
0.00386877 1.15173e-06 1.09187e-08
0.0038694 1.15288e-06 1.08416e-08
0.00387002 1.15402e-06 1.07646e-08
0.00387064 1.15517e-06 1.06875e-08
0.00387126 1.15631e-06 1.06105e-08
0.00387188 1.15745e-06 1.05334e-08
0.0038725 1.15859e-06 1.04563e-08
0.00387312 1.15972e-06 1.03792e-08
0.00387374 1.16086e-06 1.03021e-08
0.00387437 1.16199e-06 1.02249e-08
0.00387499 1.16312e-06 1.01478e-08
0.00387561 1.16425e-06 1.00706e-08
0.00387623 1.16538e-06 9.99342e-09
0.00387685 1.16651e-06 9.91624e-09
0.00387747 1.16764e-06 9.83903e-09
0.00387809 1.16876e-06 9.76182e-09
0.00387871 1.16988e-06 9.68459e-09
0.00387934 1.17101e-06 9.60735e-09
0.00387996 1.17213e-06 9.5301e-09
0.00388058 1.17324e-06 9.45284e-09
0.0038812 1.17436e-06 9.37557e-09
0.00388182 1.17548e-06 9.29828e-09
0.00388244 1.17659e-06 9.22098e-09
0.00388306 1.1777e-06 9.14368e-09
0.00388369 1.17881e-06 9.06637e-09
0.00388431 1.17992e-06 8.98904e-09
0.00388493 1.18103e-06 8.91171e-09
0.00388555 1.18214e-06 8.83436e-09
0.00388617 1.18324e-06 8.75701e-09
0.00388679 1.18435e-06 8.68011e-09
0.00388741 1.18545e-06 8.60333e-09
0.00388803 1.18655e-06 8.52655e-09
0.00388866 1.18765e-06 8.44976e-09
0.00388928 1.18875e-06 8.37295e-09
0.0038899 1.18984e-06 8.29613e-09
0.00389052 1.19094e-06 8.21931e-09
0.00389114 1.19203e-06 8.14246e-09
0.00389176 1.19312e-06 8.0656e-09
0.00389238 1.19421e-06 7.98873e-09
0.003893 1.1953e-06 7.91185e-09
0.00389363 1.19639e-06 7.84e-09
0.00389425 1.19747e-06 7.85086e-09
0.00389487 1.19856e-06 7.86164e-09
0.00389549 1.19964e-06 7.87232e-09
0.00389611 1.20072e-06 7.88291e-09
0.00389673 1.2018e-06 7.89398e-09
0.00389735 1.20288e-06 7.90662e-09
0.00389797 1.20396e-06 7.91917e-09
0.0038986 1.20503e-06 7.93163e-09
0.00389922 1.20611e-06 7.944e-09
0.00389984 1.20718e-06 7.95627e-09
0.00390046 1.20825e-06 8.00036e-09
0.00390108 1.20932e-06 8.09747e-09
0.0039017 1.21039e-06 8.19445e-09
0.00390232 1.21146e-06 8.29132e-09
0.00390295 1.21252e-06 8.38806e-09
0.00390357 1.21358e-06 8.48468e-09
0.00390419 1.21465e-06 8.58117e-09
0.00390481 1.21571e-06 8.67755e-09
0.00390543 1.21677e-06 8.7738e-09
0.00390605 1.21783e-06 8.86992e-09
0.00390667 1.21888e-06 8.96593e-09
0.00390729 1.21994e-06 9.0618e-09
0.00390792 1.22099e-06 9.15756e-09
0.00390854 1.22204e-06 9.25318e-09
0.00390916 1.22309e-06 9.34868e-09
0.00390978 1.22414e-06 9.44406e-09
0.0039104 1.22519e-06 9.5393e-09
0.00391102 1.22624e-06 9.63442e-09
0.00391164 1.22728e-06 9.72941e-09
0.00391226 1.22833e-06 9.82428e-09
0.00391289 1.22937e-06 9.91901e-09
0.00391351 1.23041e-06 1.00136e-08
0.00391413 1.23145e-06 1.01081e-08
0.00391475 1.23249e-06 1.02024e-08
0.00391537 1.23353e-06 1.02967e-08
0.00391599 1.23456e-06 1.03907e-08
0.00391661 1.2356e-06 1.04847e-08
0.00391723 1.23663e-06 1.05785e-08
0.00391786 1.23766e-06 1.06722e-08
0.00391848 1.23869e-06 1.07658e-08
0.0039191 1.23972e-06 1.08592e-08
0.00391972 1.24074e-06 1.09525e-08
0.00392034 1.24177e-06 1.10456e-08
0.00392096 1.24279e-06 1.11387e-08
0.00392158 1.24382e-06 1.12316e-08
0.00392221 1.24484e-06 1.13243e-08
0.00392283 1.24586e-06 1.14169e-08
0.00392345 1.24688e-06 1.15094e-08
0.00392407 1.2479e-06 1.16018e-08
0.00392469 1.24891e-06 1.1694e-08
0.00392531 1.24993e-06 1.17861e-08
0.00392593 1.25094e-06 1.1878e-08
0.00392655 1.25195e-06 1.19698e-08
0.00392718 1.25296e-06 1.20615e-08
0.0039278 1.25397e-06 1.2153e-08
0.00392842 1.25498e-06 1.22444e-08
0.00392904 1.25598e-06 1.23357e-08
0.00392966 1.25699e-06 1.24268e-08
0.00393028 1.25799e-06 1.25177e-08
0.0039309 1.25899e-06 1.26086e-08
0.00393152 1.26e-06 1.26993e-08
0.00393215 1.261e-06 1.27898e-08
0.00393277 1.26199e-06 1.28803e-08
0.00393339 1.26299e-06 1.29705e-08
0.00393401 1.26399e-06 1.30607e-08
0.00393463 1.26498e-06 1.31506e-08
0.00393525 1.26597e-06 1.32405e-08
0.00393587 1.26696e-06 1.33302e-08
0.00393649 1.26795e-06 1.34198e-08
0.00393712 1.26894e-06 1.35092e-08
0.00393774 1.26993e-06 1.35986e-08
0.00393836 1.27092e-06 1.36881e-08
0.00393898 1.2719e-06 1.37774e-08
0.0039396 1.27289e-06 1.38666e-08
0.00394022 1.27387e-06 1.39556e-08
0.00394084 1.27485e-06 1.40445e-08
0.00394147 1.27583e-06 1.41333e-08
0.00394209 1.27681e-06 1.42219e-08
0.00394271 1.27778e-06 1.43103e-08
0.00394333 1.27876e-06 1.43987e-08
0.00394395 1.27973e-06 1.44868e-08
0.00394457 1.28071e-06 1.45749e-08
0.00394519 1.28168e-06 1.46628e-08
0.00394581 1.28265e-06 1.47505e-08
0.00394644 1.28362e-06 1.48381e-08
0.00394706 1.28458e-06 1.49255e-08
0.00394768 1.28555e-06 1.50128e-08
0.0039483 1.28652e-06 1.51e-08
0.00394892 1.28748e-06 1.5187e-08
0.00394954 1.28844e-06 1.52738e-08
0.00395016 1.2894e-06 1.53606e-08
0.00395078 1.29036e-06 1.54471e-08
0.00395141 1.29132e-06 1.55335e-08
0.00395203 1.29228e-06 1.56198e-08
0.00395265 1.29324e-06 1.57059e-08
0.00395327 1.29419e-06 1.57919e-08
0.00395389 1.29514e-06 1.58777e-08
0.00395451 1.2961e-06 1.59634e-08
0.00395513 1.29705e-06 1.60489e-08
0.00395575 1.298e-06 1.61343e-08
0.00395638 1.29894e-06 1.62195e-08
0.003957 1.29989e-06 1.63045e-08
0.00395762 1.30084e-06 1.63895e-08
0.00395824 1.30178e-06 1.64742e-08
0.00395886 1.30273e-06 1.65588e-08
0.00395948 1.30367e-06 1.66433e-08
0.0039601 1.30461e-06 1.67276e-08
0.00396073 1.30555e-06 1.68118e-08
0.00396135 1.30649e-06 1.68958e-08
0.00396197 1.30742e-06 1.69796e-08
0.00396259 1.30836e-06 1.70633e-08
0.00396321 1.30929e-06 1.71469e-08
0.00396383 1.31023e-06 1.72303e-08
0.00396445 1.31116e-06 1.73135e-08
0.00396507 1.31209e-06 1.73966e-08
0.0039657 1.31332e-06 1.74796e-08
0.00396632 1.31458e-06 1.75623e-08
0.00396694 1.31583e-06 1.7645e-08
0.00396756 1.31708e-06 1.77274e-08
0.00396818 1.31833e-06 1.78098e-08
0.0039688 1.31958e-06 1.78919e-08
0.00396942 1.32082e-06 1.79739e-08
0.00397004 1.32207e-06 1.80558e-08
0.00397067 1.32332e-06 1.81375e-08
0.00397129 1.32456e-06 1.8219e-08
0.00397191 1.32581e-06 1.83004e-08
0.00397253 1.32705e-06 1.83817e-08
0.00397315 1.32829e-06 1.84627e-08
0.00397377 1.32953e-06 1.85437e-08
0.00397439 1.33078e-06 1.86244e-08
0.00397501 1.33202e-06 1.8705e-08
0.00397564 1.33326e-06 1.87855e-08
0.00397626 1.33449e-06 1.88658e-08
0.00397688 1.33573e-06 1.89459e-08
0.0039775 1.33697e-06 1.90259e-08
0.00397812 1.3382e-06 1.91057e-08
0.00397874 1.33944e-06 1.91854e-08
0.00397936 1.34067e-06 1.92649e-08
0.00397999 1.34191e-06 1.93443e-08
0.00398061 1.34314e-06 1.94234e-08
0.00398123 1.34437e-06 1.95025e-08
0.00398185 1.3456e-06 1.95814e-08
0.00398247 1.34683e-06 1.96601e-08
0.00398309 1.34806e-06 1.97386e-08
0.00398371 1.34929e-06 1.9817e-08
0.00398433 1.35052e-06 1.98953e-08
0.00398496 1.35175e-06 1.99734e-08
0.00398558 1.35297e-06 2.00513e-08
0.0039862 1.3542e-06 2.01291e-08
0.00398682 1.35542e-06 2.02067e-08
0.00398744 1.35665e-06 2.02841e-08
0.00398806 1.35787e-06 2.03614e-08
0.00398868 1.35909e-06 2.04385e-08
0.0039893 1.36031e-06 2.05155e-08
0.00398993 1.36153e-06 2.05923e-08
0.00399055 1.36275e-06 2.0669e-08
0.00399117 1.36397e-06 2.07455e-08
0.00399179 1.36519e-06 2.08218e-08
0.00399241 1.36641e-06 2.0898e-08
0.00399303 1.36762e-06 2.0974e-08
0.00399365 1.36884e-06 2.10498e-08
0.00399427 1.37005e-06 2.11255e-08
0.0039949 1.37127e-06 2.12011e-08
0.00399552 1.37248e-06 2.12764e-08
0.00399614 1.37369e-06 2.13517e-08
0.00399676 1.3749e-06 2.14267e-08
0.00399738 1.37611e-06 2.15016e-08
0.003998 1.37732e-06 2.15763e-08
0.00399862 1.37853e-06 2.16509e-08
0.00399925 1.37994e-06 2.17253e-08
0.00399987 1.38144e-06 2.17995e-08
0.00400049 1.38293e-06 2.18736e-08
0.00400111 1.38442e-06 2.19476e-08
0.00400173 1.38592e-06 2.20213e-08
0.00400235 1.38741e-06 2.20949e-08
0.00400297 1.3889e-06 2.21684e-08
0.00400359 1.39039e-06 2.22416e-08
0.00400422 1.39187e-06 2.23148e-08
0.00400484 1.39336e-06 2.23877e-08
0.00400546 1.39484e-06 2.24605e-08
0.00400608 1.39633e-06 2.25332e-08
0.0040067 1.39781e-06 2.26056e-08
0.00400732 1.39929e-06 2.26779e-08
0.00400794 1.40077e-06 2.27501e-08
0.00400856 1.40224e-06 2.28221e-08
0.00400919 1.40372e-06 2.28939e-08
0.00400981 1.4052e-06 2.29656e-08
0.00401043 1.40667e-06 2.30371e-08
0.00401105 1.40814e-06 2.31084e-08
0.00401167 1.40961e-06 2.31796e-08
0.00401229 1.41108e-06 2.32506e-08
0.00401291 1.41255e-06 2.33215e-08
0.00401353 1.41401e-06 2.33922e-08
0.00401416 1.41548e-06 2.34627e-08
0.00401478 1.41694e-06 2.35331e-08
0.0040154 1.4184e-06 2.36033e-08
0.00401602 1.41986e-06 2.36734e-08
0.00401664 1.42132e-06 2.37433e-08
0.00401726 1.42278e-06 2.3813e-08
0.00401788 1.42424e-06 2.38826e-08
0.00401851 1.42569e-06 2.3952e-08
0.00401913 1.42715e-06 2.40212e-08
0.00401975 1.4286e-06 2.40903e-08
0.00402037 1.43005e-06 2.41592e-08
0.00402099 1.4315e-06 2.4228e-08
0.00402161 1.43295e-06 2.42966e-08
0.00402223 1.4344e-06 2.4365e-08
0.00402285 1.43584e-06 2.44333e-08
0.00402348 1.43729e-06 2.45014e-08
0.0040241 1.43873e-06 2.45694e-08
0.00402472 1.44017e-06 2.46372e-08
0.00402534 1.44161e-06 2.47048e-08
0.00402596 1.44305e-06 2.47723e-08
0.00402658 1.44449e-06 2.48396e-08
0.0040272 1.44592e-06 2.49067e-08
0.00402782 1.44736e-06 2.49737e-08
0.00402845 1.44879e-06 2.50406e-08
0.00402907 1.45022e-06 2.51072e-08
0.00402969 1.45165e-06 2.51737e-08
0.00403031 1.45308e-06 2.52401e-08
0.00403093 1.45451e-06 2.53063e-08
0.00403155 1.45594e-06 2.53723e-08
0.00403217 1.45736e-06 2.54382e-08
0.00403279 1.45878e-06 2.55039e-08
0.00403342 1.46021e-06 2.55694e-08
0.00403404 1.46163e-06 2.56348e-08
0.00403466 1.46305e-06 2.57e-08
0.00403528 1.46446e-06 2.57651e-08
0.0040359 1.46588e-06 2.583e-08
0.00403652 1.4673e-06 2.58948e-08
0.00403714 1.46871e-06 2.59594e-08
0.00403777 1.47012e-06 2.60238e-08
0.00403839 1.47153e-06 2.60881e-08
0.00403901 1.47294e-06 2.61522e-08
0.00403963 1.47435e-06 2.62161e-08
0.00404025 1.47576e-06 2.62799e-08
0.00404087 1.47717e-06 2.63435e-08
0.00404149 1.47857e-06 2.6407e-08
0.00404211 1.47997e-06 2.64703e-08
0.00404274 1.48137e-06 2.65335e-08
0.00404336 1.48278e-06 2.65965e-08
0.00404398 1.48417e-06 2.66593e-08
0.0040446 1.48557e-06 2.6722e-08
0.00404522 1.48697e-06 2.67845e-08
0.00404584 1.48836e-06 2.68469e-08
0.00404646 1.48976e-06 2.69091e-08
0.00404708 1.49115e-06 2.69712e-08
0.00404771 1.49254e-06 2.70331e-08
0.00404833 1.49393e-06 2.70948e-08
0.00404895 1.49532e-06 2.71564e-08
0.00404957 1.4967e-06 2.72178e-08
0.00405019 1.49809e-06 2.72791e-08
0.00405081 1.49947e-06 2.73402e-08
0.00405143 1.50085e-06 2.74011e-08
0.00405205 1.50224e-06 2.74619e-08
0.00405268 1.50361e-06 2.75225e-08
0.0040533 1.50499e-06 2.7583e-08
0.00405392 1.50637e-06 2.76434e-08
0.00405454 1.50775e-06 2.77035e-08
0.00405516 1.50912e-06 2.77635e-08
0.00405578 1.51049e-06 2.78234e-08
0.0040564 1.51186e-06 2.78831e-08
0.00405703 1.51323e-06 2.79426e-08
0.00405765 1.5146e-06 2.8002e-08
0.00405827 1.51597e-06 2.80613e-08
0.00405889 1.51734e-06 2.81204e-08
0.00405951 1.5187e-06 2.81793e-08
0.00406013 1.52006e-06 2.82381e-08
0.00406075 1.52143e-06 2.82967e-08
0.00406137 1.52279e-06 2.83551e-08
0.004062 1.52414e-06 2.84135e-08
0.00406262 1.5255e-06 2.84716e-08
0.00406324 1.52686e-06 2.85296e-08
0.00406386 1.52821e-06 2.85875e-08
0.00406448 1.52957e-06 2.86452e-08
0.0040651 1.53092e-06 2.87027e-08
0.00406572 1.53227e-06 2.87601e-08
0.00406634 1.53362e-06 2.88173e-08
0.00406697 1.53497e-06 2.88744e-08
0.00406759 1.53631e-06 2.89314e-08
0.00406821 1.53766e-06 2.89882e-08
0.00406883 1.539e-06 2.90448e-08
0.00406945 1.54035e-06 2.91013e-08
0.00407007 1.54169e-06 2.91576e-08
0.00407069 1.54303e-06 2.92138e-08
0.00407131 1.54436e-06 2.92698e-08
0.00407194 1.5457e-06 2.93257e-08
0.00407256 1.54704e-06 2.93814e-08
0.00407318 1.54837e-06 2.9437e-08
0.0040738 1.5497e-06 2.94924e-08
0.00407442 1.55103e-06 2.95477e-08
0.00407504 1.55236e-06 2.96028e-08
0.00407566 1.55369e-06 2.96578e-08
0.00407629 1.55502e-06 2.97126e-08
0.00407691 1.55635e-06 2.97673e-08
0.00407753 1.55767e-06 2.98219e-08
0.00407815 1.55899e-06 2.98762e-08
0.00407877 1.56032e-06 2.99305e-08
0.00407939 1.56164e-06 2.99846e-08
0.00408001 1.56295e-06 3.00385e-08
0.00408063 1.56427e-06 3.00923e-08
0.00408126 1.56559e-06 3.0146e-08
0.00408188 1.5669e-06 3.01995e-08
0.0040825 1.56822e-06 3.02528e-08
0.00408312 1.56953e-06 3.0306e-08
0.00408374 1.57084e-06 3.03591e-08
0.00408436 1.57215e-06 3.0412e-08
0.00408498 1.57345e-06 3.04648e-08
0.0040856 1.57476e-06 3.05174e-08
0.00408623 1.57606e-06 3.05699e-08
0.00408685 1.57737e-06 3.06222e-08
0.00408747 1.57867e-06 3.06744e-08
0.00408809 1.57997e-06 3.07265e-08
0.00408871 1.58127e-06 3.07784e-08
0.00408933 1.58257e-06 3.08301e-08
0.00408995 1.58386e-06 3.08818e-08
0.00409057 1.58516e-06 3.09332e-08
0.0040912 1.58645e-06 3.09846e-08
0.00409182 1.58774e-06 3.10358e-08
0.00409244 1.58903e-06 3.10868e-08
0.00409306 1.59032e-06 3.11377e-08
0.00409368 1.59161e-06 3.11885e-08
0.0040943 1.5929e-06 3.12391e-08
0.00409492 1.59418e-06 3.12896e-08
0.00409555 1.59547e-06 3.13399e-08
0.00409617 1.59675e-06 3.13901e-08
0.00409679 1.59803e-06 3.14402e-08
0.00409741 1.59931e-06 3.14901e-08
0.00409803 1.60059e-06 3.15399e-08
0.00409865 1.60186e-06 3.15895e-08
0.00409927 1.60314e-06 3.1639e-08
0.00409989 1.60441e-06 3.16884e-08
0.00410052 1.60568e-06 3.17376e-08
0.00410114 1.60695e-06 3.17867e-08
0.00410176 1.60822e-06 3.18357e-08
0.00410238 1.60949e-06 3.18845e-08
0.004103 1.61076e-06 3.19331e-08
0.00410362 1.61202e-06 3.19817e-08
0.00410424 1.61329e-06 3.20301e-08
0.00410486 1.61455e-06 3.20783e-08
0.00410549 1.61581e-06 3.21265e-08
0.00410611 1.61707e-06 3.21745e-08
0.00410673 1.61832e-06 3.22223e-08
0.00410735 1.61958e-06 3.22701e-08
0.00410797 1.62084e-06 3.23176e-08
0.00410859 1.62209e-06 3.23651e-08
0.00410921 1.62334e-06 3.24124e-08
0.00410983 1.62459e-06 3.24596e-08
0.00411046 1.62584e-06 3.25067e-08
0.00411108 1.62709e-06 3.25536e-08
0.0041117 1.62833e-06 3.26004e-08
0.00411232 1.62958e-06 3.2647e-08
0.00411294 1.63082e-06 3.26935e-08
0.00411356 1.63206e-06 3.27399e-08
0.00411418 1.6333e-06 3.27862e-08
0.00411481 1.63454e-06 3.28323e-08
0.00411543 1.63578e-06 3.28783e-08
0.00411605 1.63701e-06 3.29242e-08
0.00411667 1.63825e-06 3.29699e-08
0.00411729 1.63948e-06 3.30155e-08
0.00411791 1.64071e-06 3.3061e-08
0.00411853 1.64194e-06 3.31064e-08
0.00411915 1.64317e-06 3.31516e-08
0.00411978 1.6444e-06 3.31967e-08
0.0041204 1.64562e-06 3.32416e-08
0.00412102 1.64685e-06 3.32865e-08
0.00412164 1.64807e-06 3.33312e-08
0.00412226 1.64929e-06 3.33758e-08
0.00412288 1.65051e-06 3.34202e-08
0.0041235 1.65173e-06 3.34646e-08
0.00412412 1.65295e-06 3.35088e-08
0.00412475 1.65416e-06 3.35528e-08
0.00412537 1.65537e-06 3.35968e-08
0.00412599 1.65659e-06 3.36406e-08
0.00412661 1.6578e-06 3.36843e-08
0.00412723 1.65901e-06 3.37279e-08
0.00412785 1.66021e-06 3.37714e-08
0.00412847 1.66142e-06 3.38147e-08
0.00412909 1.66262e-06 3.38579e-08
0.00412972 1.66383e-06 3.3901e-08
0.00413034 1.66503e-06 3.3944e-08
0.00413096 1.66623e-06 3.39868e-08
0.00413158 1.66743e-06 3.40295e-08
0.0041322 1.66862e-06 3.40721e-08
0.00413282 1.66982e-06 3.41146e-08
0.00413344 1.67101e-06 3.41569e-08
0.00413407 1.67221e-06 3.41992e-08
0.00413469 1.6734e-06 3.42413e-08
0.00413531 1.67459e-06 3.42833e-08
0.00413593 1.67577e-06 3.43252e-08
0.00413655 1.67696e-06 3.43669e-08
0.00413717 1.67815e-06 3.44086e-08
0.00413779 1.67933e-06 3.44501e-08
0.00413841 1.68051e-06 3.44915e-08
0.00413904 1.68169e-06 3.45328e-08
0.00413966 1.68287e-06 3.4574e-08
0.00414028 1.68405e-06 3.4615e-08
0.0041409 1.68522e-06 3.4656e-08
0.00414152 1.6864e-06 3.46968e-08
0.00414214 1.68757e-06 3.47375e-08
0.00414276 1.68874e-06 3.47781e-08
0.00414338 1.68991e-06 3.48185e-08
0.00414401 1.69108e-06 3.48589e-08
0.00414463 1.69224e-06 3.48992e-08
0.00414525 1.69341e-06 3.49393e-08
0.00414587 1.69457e-06 3.49793e-08
0.00414649 1.69573e-06 3.50192e-08
0.00414711 1.69689e-06 3.5059e-08
0.00414773 1.69805e-06 3.50987e-08
0.00414835 1.69921e-06 3.51383e-08
0.00414898 1.70037e-06 3.51777e-08
0.0041496 1.70152e-06 3.52171e-08
0.00415022 1.70267e-06 3.52563e-08
0.00415084 1.70382e-06 3.52955e-08
0.00415146 1.70497e-06 3.53345e-08
0.00415208 1.70612e-06 3.53734e-08
0.0041527 1.70727e-06 3.54122e-08
0.00415333 1.70841e-06 3.54509e-08
0.00415395 1.70955e-06 3.54895e-08
0.00415457 1.71069e-06 3.55279e-08
0.00415519 1.71183e-06 3.55663e-08
0.00415581 1.71297e-06 3.56046e-08
0.00415643 1.71411e-06 3.56427e-08
0.00415705 1.71524e-06 3.56808e-08
0.00415767 1.71638e-06 3.57187e-08
0.0041583 1.71751e-06 3.57566e-08
0.00415892 1.71864e-06 3.57943e-08
0.00415954 1.71977e-06 3.58319e-08
0.00416016 1.72089e-06 3.58695e-08
0.00416078 1.72202e-06 3.59069e-08
0.0041614 1.72314e-06 3.59442e-08
0.00416202 1.72426e-06 3.59814e-08
0.00416264 1.72538e-06 3.60185e-08
0.00416327 1.7265e-06 3.60555e-08
0.00416389 1.72762e-06 3.60924e-08
0.00416451 1.72874e-06 3.61292e-08
0.00416513 1.72985e-06 3.61659e-08
0.00416575 1.73096e-06 3.62025e-08
0.00416637 1.73207e-06 3.6239e-08
0.00416699 1.73318e-06 3.62754e-08
0.00416761 1.73429e-06 3.63117e-08
0.00416824 1.7354e-06 3.63479e-08
0.00416886 1.7365e-06 3.6384e-08
0.00416948 1.7376e-06 3.642e-08
0.0041701 1.7387e-06 3.6456e-08
0.00417072 1.7398e-06 3.64918e-08
0.00417134 1.7409e-06 3.65275e-08
0.00417196 1.742e-06 3.65631e-08
0.00417259 1.74309e-06 3.65986e-08
0.00417321 1.74418e-06 3.6634e-08
0.00417383 1.74527e-06 3.66694e-08
0.00417445 1.74636e-06 3.67046e-08
0.00417507 1.74745e-06 3.67397e-08
0.00417569 1.74854e-06 3.67748e-08
0.00417631 1.74962e-06 3.68097e-08
0.00417693 1.7507e-06 3.68446e-08
0.00417756 1.75179e-06 3.68793e-08
0.00417818 1.75287e-06 3.6914e-08
0.0041788 1.75394e-06 3.69486e-08
0.00417942 1.75502e-06 3.6983e-08
0.00418004 1.75609e-06 3.70174e-08
0.00418066 1.75717e-06 3.70517e-08
0.00418128 1.75824e-06 3.70859e-08
0.0041819 1.75931e-06 3.71201e-08
0.00418253 1.76037e-06 3.71541e-08
0.00418315 1.76144e-06 3.7188e-08
0.00418377 1.7625e-06 3.72219e-08
0.00418439 1.76357e-06 3.72556e-08
0.00418501 1.76463e-06 3.72893e-08
0.00418563 1.76569e-06 3.73229e-08
0.00418625 1.76674e-06 3.73564e-08
0.00418687 1.7678e-06 3.73898e-08
0.0041875 1.76885e-06 3.74231e-08
0.00418812 1.76991e-06 3.74563e-08
0.00418874 1.77096e-06 3.74895e-08
0.00418936 1.77201e-06 3.75225e-08
0.00418998 1.77305e-06 3.75555e-08
0.0041906 1.7741e-06 3.75884e-08
0.00419122 1.77514e-06 3.76212e-08
0.00419185 1.77619e-06 3.76539e-08
0.00419247 1.77723e-06 3.76866e-08
0.00419309 1.77826e-06 3.77191e-08
0.00419371 1.7793e-06 3.77516e-08
0.00419433 1.78034e-06 3.7784e-08
0.00419495 1.78137e-06 3.78163e-08
0.00419557 1.7824e-06 3.78485e-08
0.00419619 1.78343e-06 3.78806e-08
0.00419682 1.78446e-06 3.79127e-08
0.00419744 1.78549e-06 3.79447e-08
0.00419806 1.78651e-06 3.79766e-08
0.00419868 1.78753e-06 3.80084e-08
0.0041993 1.78855e-06 3.80401e-08
0.00419992 1.78957e-06 3.80718e-08
0.00420054 1.79059e-06 3.81034e-08
0.00420116 1.79161e-06 3.81349e-08
0.00420179 1.79262e-06 3.81663e-08
0.00420241 1.79363e-06 3.81976e-08
0.00420303 1.79465e-06 3.82289e-08
0.00420365 1.79565e-06 3.82601e-08
0.00420427 1.79666e-06 3.82912e-08
0.00420489 1.79767e-06 3.83223e-08
0.00420551 1.79867e-06 3.83532e-08
0.00420613 1.79967e-06 3.83841e-08
0.00420676 1.80067e-06 3.84149e-08
0.00420738 1.80167e-06 3.84457e-08
0.004208 1.80267e-06 3.84763e-08
0.00420862 1.80366e-06 3.85069e-08
0.00420924 1.80465e-06 3.85374e-08
0.00420986 1.80565e-06 3.85679e-08
0.00421048 1.80664e-06 3.85982e-08
0.00421111 1.80762e-06 3.86285e-08
0.00421173 1.80861e-06 3.86588e-08
0.00421235 1.80959e-06 3.86889e-08
0.00421297 1.81057e-06 3.8719e-08
0.00421359 1.81156e-06 3.8749e-08
0.00421421 1.81253e-06 3.8779e-08
0.00421483 1.81351e-06 3.88088e-08
0.00421545 1.81449e-06 3.88386e-08
0.00421608 1.81546e-06 3.88684e-08
0.0042167 1.81643e-06 3.8898e-08
0.00421732 1.8174e-06 3.89276e-08
0.00421794 1.81837e-06 3.89571e-08
0.00421856 1.81933e-06 3.89866e-08
0.00421918 1.8203e-06 3.9016e-08
0.0042198 1.82126e-06 3.90453e-08
0.00422042 1.82222e-06 3.90746e-08
0.00422105 1.82318e-06 3.91038e-08
0.00422167 1.82413e-06 3.91329e-08
0.00422229 1.82509e-06 3.91619e-08
0.00422291 1.82604e-06 3.91909e-08
0.00422353 1.82699e-06 3.92199e-08
0.00422415 1.82794e-06 3.92487e-08
0.00422477 1.82889e-06 3.92775e-08
0.00422539 1.82984e-06 3.93063e-08
0.00422602 1.83078e-06 3.93349e-08
0.00422664 1.83172e-06 3.93635e-08
0.00422726 1.83266e-06 3.93921e-08
0.00422788 1.8336e-06 3.94206e-08
0.0042285 1.83454e-06 3.9449e-08
0.00422912 1.83547e-06 3.94773e-08
0.00422974 1.8364e-06 3.95056e-08
0.00423037 1.83733e-06 3.95339e-08
0.00423099 1.83826e-06 3.95621e-08
0.00423161 1.83919e-06 3.95902e-08
0.00423223 1.84012e-06 3.96182e-08
0.00423285 1.84104e-06 3.96462e-08
0.00423347 1.84196e-06 3.96742e-08
0.00423409 1.84288e-06 3.9702e-08
0.00423471 1.8438e-06 3.97299e-08
0.00423534 1.84471e-06 3.97576e-08
0.00423596 1.84563e-06 3.97853e-08
0.00423658 1.84654e-06 3.9813e-08
0.0042372 1.84745e-06 3.98406e-08
0.00423782 1.84836e-06 3.98681e-08
0.00423844 1.84926e-06 3.98956e-08
0.00423906 1.85017e-06 3.9923e-08
0.00423968 1.85107e-06 3.99504e-08
0.00424031 1.85197e-06 3.99777e-08
0.00424093 1.85287e-06 4.00049e-08
0.00424155 1.85377e-06 4.00321e-08
0.00424217 1.85466e-06 4.00593e-08
0.00424279 1.85556e-06 4.00864e-08
0.00424341 1.85645e-06 4.01134e-08
0.00424403 1.85734e-06 4.01404e-08
0.00424465 1.85822e-06 4.01673e-08
0.00424528 1.85911e-06 4.01942e-08
0.0042459 1.85999e-06 4.0221e-08
0.00424652 1.86087e-06 4.02478e-08
0.00424714 1.86175e-06 4.02745e-08
0.00424776 1.86263e-06 4.03012e-08
0.00424838 1.86351e-06 4.03278e-08
0.004249 1.86438e-06 4.03544e-08
0.00424963 1.86525e-06 4.03809e-08
0.00425025 1.86612e-06 4.04074e-08
0.00425087 1.86699e-06 4.04338e-08
0.00425149 1.86786e-06 4.04602e-08
0.00425211 1.86872e-06 4.04865e-08
0.00425273 1.86958e-06 4.05128e-08
0.00425335 1.87044e-06 4.0539e-08
0.00425397 1.8713e-06 4.05652e-08
0.0042546 1.87216e-06 4.05913e-08
0.00425522 1.87301e-06 4.06174e-08
0.00425584 1.87387e-06 4.06434e-08
0.00425646 1.87472e-06 4.06694e-08
0.00425708 1.87556e-06 4.06954e-08
0.0042577 1.87641e-06 4.07213e-08
0.00425832 1.87726e-06 4.07471e-08
0.00425894 1.8781e-06 4.07729e-08
0.00425957 1.87894e-06 4.07987e-08
0.00426019 1.87978e-06 4.08244e-08
0.00426081 1.88062e-06 4.08501e-08
0.00426143 1.88145e-06 4.08757e-08
0.00426205 1.88228e-06 4.09013e-08
0.00426267 1.88311e-06 4.09268e-08
0.00426329 1.88394e-06 4.09523e-08
0.00426391 1.88477e-06 4.09778e-08
0.00426454 1.8856e-06 4.10032e-08
0.00426516 1.88642e-06 4.10286e-08
0.00426578 1.88724e-06 4.10539e-08
0.0042664 1.88806e-06 4.10792e-08
0.00426702 1.88888e-06 4.11044e-08
0.00426764 1.88969e-06 4.11296e-08
0.00426826 1.8905e-06 4.11548e-08
0.00426889 1.89132e-06 4.11799e-08
0.00426951 1.89212e-06 4.1205e-08
0.00427013 1.89293e-06 4.123e-08
0.00427075 1.89374e-06 4.1255e-08
0.00427137 1.89454e-06 4.128e-08
0.00427199 1.89534e-06 4.13049e-08
0.00427261 1.89614e-06 4.13298e-08
0.00427323 1.89694e-06 4.13547e-08
0.00427386 1.89773e-06 4.13795e-08
0.00427448 1.89853e-06 4.14043e-08
0.0042751 1.89932e-06 4.1429e-08
0.00427572 1.90011e-06 4.14537e-08
0.00427634 1.90089e-06 4.14783e-08
0.00427696 1.90168e-06 4.1503e-08
0.00427758 1.90246e-06 4.15275e-08
0.0042782 1.90324e-06 4.15521e-08
0.00427883 1.90402e-06 4.15766e-08
0.00427945 1.9048e-06 4.16011e-08
0.00428007 1.90558e-06 4.16255e-08
0.00428069 1.90635e-06 4.16499e-08
0.00428131 1.90712e-06 4.16743e-08
0.00428193 1.90789e-06 4.16987e-08
0.00428255 1.90866e-06 4.1723e-08
0.00428317 1.90942e-06 4.17472e-08
0.0042838 1.91019e-06 4.17914e-08
0.00428442 1.91095e-06 4.18735e-08
0.00428504 1.91171e-06 4.19555e-08
0.00428566 1.91246e-06 4.20376e-08
0.00428628 1.91322e-06 4.21196e-08
0.0042869 1.91397e-06 4.22017e-08
0.00428752 1.91472e-06 4.22837e-08
0.00428815 1.91547e-06 4.23658e-08
0.00428877 1.91622e-06 4.24479e-08
0.00428939 1.91696e-06 4.253e-08
0.00429001 1.9177e-06 4.2612e-08
0.00429063 1.91845e-06 4.26941e-08
0.00429125 1.91918e-06 4.27762e-08
0.00429187 1.91992e-06 4.28583e-08
0.00429249 1.92066e-06 4.29404e-08
0.00429312 1.92139e-06 4.30225e-08
0.00429374 1.92212e-06 4.31046e-08
0.00429436 1.92285e-06 4.31867e-08
0.00429498 1.92357e-06 4.32688e-08
0.0042956 1.9243e-06 4.33509e-08
0.00429622 1.92502e-06 4.34331e-08
0.00429684 1.92574e-06 4.35152e-08
0.00429746 1.92646e-06 4.35973e-08
0.00429809 1.92718e-06 4.36794e-08
0.00429871 1.92789e-06 4.37615e-08
0.00429933 1.9286e-06 4.38437e-08
0.00429995 1.92931e-06 4.39258e-08
0.00430057 1.93002e-06 4.40079e-08
0.00430119 1.93073e-06 4.40901e-08
0.00430181 1.93143e-06 4.41722e-08
0.00430243 1.93213e-06 4.42543e-08
0.00430306 1.93283e-06 4.43365e-08
0.00430368 1.93353e-06 4.44186e-08
0.0043043 1.93423e-06 4.45007e-08
0.00430492 1.93492e-06 4.45829e-08
0.00430554 1.93561e-06 4.4665e-08
0.00430616 1.9363e-06 4.47471e-08
0.00430678 1.93699e-06 4.48293e-08
0.00430741 1.93767e-06 4.49114e-08
0.00430803 1.93836e-06 4.49935e-08
0.00430865 1.93904e-06 4.50757e-08
0.00430927 1.93972e-06 4.51578e-08
0.00430989 1.9404e-06 4.524e-08
0.00431051 1.94107e-06 4.53221e-08
0.00431113 1.94174e-06 4.54042e-08
0.00431175 1.94242e-06 4.54863e-08
0.00431238 1.94308e-06 4.55685e-08
0.004313 1.94375e-06 4.56506e-08
0.00431362 1.94442e-06 4.57327e-08
0.00431424 1.94547e-06 4.58148e-08
0.00431486 1.9466e-06 4.5897e-08
0.00431548 1.94773e-06 4.59791e-08
0.0043161 1.94886e-06 4.60612e-08
0.00431672 1.94999e-06 4.61433e-08
0.00431735 1.95111e-06 4.62254e-08
0.00431797 1.95224e-06 4.63075e-08
0.00431859 1.95336e-06 4.63896e-08
0.00431921 1.95447e-06 4.64717e-08
0.00431983 1.95559e-06 4.65538e-08
0.00432045 1.9567e-06 4.66359e-08
0.00432107 1.95781e-06 4.6718e-08
0.00432169 1.95892e-06 4.68001e-08
0.00432232 1.96003e-06 4.68822e-08
0.00432294 1.96113e-06 4.69642e-08
0.00432356 1.96223e-06 4.70463e-08
0.00432418 1.96333e-06 4.71284e-08
0.0043248 1.96443e-06 4.72104e-08
0.00432542 1.96552e-06 4.72925e-08
0.00432604 1.96661e-06 4.73745e-08
0.00432667 1.9677e-06 4.74566e-08
0.00432729 1.96879e-06 4.75386e-08
0.00432791 1.96987e-06 4.76206e-08
0.00432853 1.97095e-06 4.77026e-08
0.00432915 1.97203e-06 4.77847e-08
0.00432977 1.97311e-06 4.78667e-08
0.00433039 1.97418e-06 4.79487e-08
0.00433101 1.97525e-06 4.80307e-08
0.00433164 1.97632e-06 4.81126e-08
0.00433226 1.97739e-06 4.81946e-08
0.00433288 1.97846e-06 4.82766e-08
0.0043335 1.97952e-06 4.83586e-08
0.00433412 1.98058e-06 4.84405e-08
0.00433474 1.98163e-06 4.85225e-08
0.00433536 1.98269e-06 4.86044e-08
0.00433598 1.98374e-06 4.86863e-08
0.00433661 1.98479e-06 4.87682e-08
0.00433723 1.98584e-06 4.88501e-08
0.00433785 1.98688e-06 4.8932e-08
0.00433847 1.98793e-06 4.90139e-08
0.00433909 1.98897e-06 4.90958e-08
0.00433971 1.99e-06 4.91777e-08
0.00434033 1.99104e-06 4.92595e-08
0.00434095 1.99207e-06 4.93414e-08
0.00434158 1.9931e-06 4.94232e-08
0.0043422 1.99413e-06 4.95051e-08
0.00434282 1.99515e-06 4.95869e-08
0.00434344 1.99618e-06 4.96687e-08
0.00434406 1.9972e-06 4.97505e-08
0.00434468 1.99821e-06 4.98322e-08
0.0043453 1.99923e-06 4.9914e-08
0.00434593 2.00024e-06 4.99958e-08
0.00434655 2.00125e-06 5.00775e-08
0.00434717 2.00226e-06 5.01592e-08
0.00434779 2.00326e-06 5.0241e-08
0.00434841 2.00427e-06 5.03227e-08
0.00434903 2.00527e-06 5.04043e-08
0.00434965 2.00627e-06 5.0486e-08
0.00435027 2.00726e-06 5.05677e-08
0.0043509 2.00825e-06 5.06493e-08
0.00435152 2.00924e-06 5.0731e-08
0.00435214 2.01023e-06 5.08126e-08
0.00435276 2.01122e-06 5.08942e-08
0.00435338 2.0122e-06 5.09758e-08
0.004354 2.01318e-06 5.10573e-08
0.00435462 2.01416e-06 5.11389e-08
0.00435524 2.01513e-06 5.12204e-08
0.00435587 2.0161e-06 5.1302e-08
0.00435649 2.01707e-06 5.13835e-08
0.00435711 2.01804e-06 5.1465e-08
0.00435773 2.01901e-06 5.15464e-08
0.00435835 2.01997e-06 5.16279e-08
0.00435897 2.02093e-06 5.17093e-08
0.00435959 2.02189e-06 5.17908e-08
0.00436021 2.02284e-06 5.18722e-08
0.00436084 2.02379e-06 5.19535e-08
0.00436146 2.02474e-06 5.20349e-08
0.00436208 2.02569e-06 5.21163e-08
0.0043627 2.02663e-06 5.21976e-08
0.00436332 2.02758e-06 5.22789e-08
0.00436394 2.02852e-06 5.23602e-08
0.00436456 2.02945e-06 5.24415e-08
0.00436519 2.03039e-06 5.25227e-08
0.00436581 2.03132e-06 5.2604e-08
0.00436643 2.03225e-06 5.26852e-08
0.00436705 2.03318e-06 5.27664e-08
0.00436767 2.0341e-06 5.28475e-08
0.00436829 2.03502e-06 5.29287e-08
0.00436891 2.03594e-06 5.30098e-08
0.00436953 2.03686e-06 5.30909e-08
0.00437016 2.03777e-06 5.3172e-08
0.00437078 2.03868e-06 5.32531e-08
0.0043714 2.03959e-06 5.33341e-08
0.00437202 2.0405e-06 5.34151e-08
0.00437264 2.0414e-06 5.34961e-08
0.00437326 2.0423e-06 5.35771e-08
0.00437388 2.0432e-06 5.3658e-08
0.0043745 2.0441e-06 5.3739e-08
0.00437513 2.04499e-06 5.38199e-08
0.00437575 2.04588e-06 5.39007e-08
0.00437637 2.04677e-06 5.39816e-08
0.00437699 2.04766e-06 5.40624e-08
0.00437761 2.04854e-06 5.41432e-08
0.00437823 2.04942e-06 5.4224e-08
0.00437885 2.0503e-06 5.43048e-08
0.00437947 2.05117e-06 5.43855e-08
0.0043801 2.05205e-06 5.44662e-08
0.00438072 2.05292e-06 5.45468e-08
0.00438134 2.05379e-06 5.46275e-08
0.00438196 2.05465e-06 5.47081e-08
0.00438258 2.05551e-06 5.47887e-08
0.0043832 2.05637e-06 5.48693e-08
0.00438382 2.05723e-06 5.49498e-08
0.00438445 2.05809e-06 5.50303e-08
0.00438507 2.05894e-06 5.51108e-08
0.00438569 2.05979e-06 5.51913e-08
0.00438631 2.06064e-06 5.52717e-08
0.00438693 2.06148e-06 5.53521e-08
0.00438755 2.06232e-06 5.54324e-08
0.00438817 2.06316e-06 5.55128e-08
0.00438879 2.064e-06 5.55931e-08
0.00438942 2.06483e-06 5.56734e-08
0.00439004 2.06567e-06 5.57536e-08
0.00439066 2.06649e-06 5.58338e-08
0.00439128 2.06732e-06 5.5914e-08
0.0043919 2.06815e-06 5.59942e-08
0.00439252 2.06897e-06 5.60743e-08
0.00439314 2.06979e-06 5.61544e-08
0.00439376 2.0706e-06 5.62344e-08
0.00439439 2.07142e-06 5.63144e-08
0.00439501 2.07223e-06 5.63944e-08
0.00439563 2.07303e-06 5.64744e-08
0.00439625 2.07384e-06 5.65543e-08
0.00439687 2.07464e-06 5.66342e-08
0.00439749 2.07544e-06 5.67141e-08
0.00439811 2.07624e-06 5.67939e-08
0.00439873 2.07704e-06 5.68737e-08
0.00439936 2.07783e-06 5.69534e-08
0.00439998 2.07862e-06 5.70332e-08
0.0044006 2.07941e-06 5.71128e-08
0.00440122 2.08019e-06 5.71925e-08
0.00440184 2.08098e-06 5.72721e-08
0.00440246 2.08176e-06 5.73517e-08
0.00440308 2.08253e-06 5.74312e-08
0.00440371 2.08331e-06 5.75107e-08
0.00440433 2.08408e-06 5.75902e-08
0.00440495 2.08485e-06 5.76696e-08
0.00440557 2.08562e-06 5.7749e-08
0.00440619 2.08638e-06 5.78283e-08
0.00440681 2.08714e-06 5.79077e-08
0.00440743 2.0879e-06 5.79869e-08
0.00440805 2.08866e-06 5.80662e-08
0.00440868 2.08941e-06 5.81454e-08
0.0044093 2.09017e-06 5.82245e-08
0.00440992 2.09091e-06 5.83036e-08
0.00441054 2.09166e-06 5.83827e-08
0.00441116 2.0924e-06 5.84618e-08
0.00441178 2.09315e-06 5.85408e-08
0.0044124 2.09388e-06 5.86197e-08
0.00441302 2.09462e-06 5.86986e-08
0.00441365 2.09535e-06 5.87775e-08
0.00441427 2.09608e-06 5.88563e-08
0.00441489 2.09681e-06 5.89351e-08
0.00441551 2.09754e-06 5.90139e-08
0.00441613 2.09826e-06 5.90926e-08
0.00441675 2.09898e-06 5.91712e-08
0.00441737 2.0997e-06 5.92498e-08
0.00441799 2.10041e-06 5.93284e-08
0.00441862 2.10113e-06 5.94069e-08
0.00441924 2.10184e-06 5.94854e-08
0.00441986 2.10254e-06 5.95639e-08
0.00442048 2.10325e-06 5.96423e-08
0.0044211 2.10395e-06 5.97206e-08
0.00442172 2.10465e-06 5.97989e-08
0.00442234 2.10535e-06 5.98772e-08
0.00442297 2.10604e-06 5.99554e-08
0.00442359 2.10674e-06 6.00335e-08
0.00442421 2.10743e-06 6.01117e-08
0.00442483 2.10811e-06 6.01897e-08
0.00442545 2.1088e-06 6.02677e-08
0.00442607 2.10948e-06 6.03457e-08
0.00442669 2.11016e-06 6.04236e-08
0.00442731 2.11083e-06 6.05015e-08
0.00442794 2.11151e-06 6.05794e-08
0.00442856 2.11218e-06 6.06571e-08
0.00442918 2.11285e-06 6.07349e-08
0.0044298 2.11351e-06 6.08125e-08
0.00443042 2.11418e-06 6.08902e-08
0.00443104 2.11484e-06 6.09678e-08
0.00443166 2.1155e-06 6.10453e-08
0.00443228 2.11615e-06 6.11228e-08
0.00443291 2.11681e-06 6.12002e-08
0.00443353 2.11746e-06 6.12776e-08
0.00443415 2.11811e-06 6.13549e-08
0.00443477 2.11875e-06 6.14322e-08
0.00443539 2.11939e-06 6.15094e-08
0.00443601 2.12003e-06 6.15865e-08
0.00443663 2.12067e-06 6.16637e-08
0.00443725 2.12131e-06 6.17407e-08
0.00443788 2.12194e-06 6.18177e-08
0.0044385 2.12257e-06 6.18947e-08
0.00443912 2.1232e-06 6.19716e-08
0.00443974 2.12382e-06 6.20484e-08
0.00444036 2.12445e-06 6.21252e-08
0.00444098 2.12507e-06 6.22019e-08
0.0044416 2.12568e-06 6.22786e-08
0.00444223 2.1263e-06 6.23552e-08
0.00444285 2.12691e-06 6.24318e-08
0.00444347 2.12752e-06 6.25083e-08
0.00444409 2.12813e-06 6.25847e-08
0.00444471 2.12873e-06 6.26611e-08
0.00444533 2.12934e-06 6.27374e-08
0.00444595 2.12994e-06 6.28137e-08
0.00444657 2.13053e-06 6.28899e-08
0.0044472 2.13113e-06 6.29661e-08
0.00444782 2.13172e-06 6.30422e-08
0.00444844 2.13231e-06 6.31182e-08
0.00444906 2.13289e-06 6.31942e-08
0.00444968 2.13348e-06 6.32701e-08
0.0044503 2.13406e-06 6.3346e-08
0.00445092 2.13464e-06 6.34217e-08
0.00445154 2.13522e-06 6.34975e-08
0.00445217 2.13579e-06 6.35732e-08
0.00445279 2.13636e-06 6.36488e-08
0.00445341 2.13693e-06 6.37243e-08
0.00445403 2.1375e-06 6.37998e-08
0.00445465 2.13806e-06 6.38752e-08
0.00445527 2.13862e-06 6.39506e-08
0.00445589 2.13918e-06 6.40259e-08
0.00445651 2.13974e-06 6.41011e-08
0.00445714 2.14029e-06 6.41763e-08
0.00445776 2.14085e-06 6.42514e-08
0.00445838 2.14139e-06 6.43264e-08
0.004459 2.14194e-06 6.44014e-08
0.00445962 2.14248e-06 6.44763e-08
0.00446024 2.14303e-06 6.45511e-08
0.00446086 2.14357e-06 6.46259e-08
0.00446149 2.1441e-06 6.47006e-08
0.00446211 2.14464e-06 6.47752e-08
0.00446273 2.14517e-06 6.48498e-08
0.00446335 2.1457e-06 6.49243e-08
0.00446397 2.14622e-06 6.49988e-08
0.00446459 2.14675e-06 6.50731e-08
0.00446521 2.14727e-06 6.51474e-08
0.00446583 2.14779e-06 6.52217e-08
0.00446646 2.1483e-06 6.52958e-08
0.00446708 2.14882e-06 6.53699e-08
0.0044677 2.14933e-06 6.54439e-08
0.00446832 2.14984e-06 6.55179e-08
0.00446894 2.15034e-06 6.55918e-08
0.00446956 2.15085e-06 6.56656e-08
0.00447018 2.15135e-06 6.57393e-08
0.0044708 2.15185e-06 6.5813e-08
0.00447143 2.15234e-06 6.58866e-08
0.00447205 2.15284e-06 6.59601e-08
0.00447267 2.15333e-06 6.60336e-08
0.00447329 2.15382e-06 6.61069e-08
0.00447391 2.1543e-06 6.61802e-08
0.00447453 2.15479e-06 6.62535e-08
0.00447515 2.15527e-06 6.63266e-08
0.00447577 2.15575e-06 6.63997e-08
0.0044764 2.15623e-06 6.64727e-08
0.00447702 2.1567e-06 6.65456e-08
0.00447764 2.15717e-06 6.66185e-08
0.00447826 2.15764e-06 6.66913e-08
0.00447888 2.15811e-06 6.6764e-08
0.0044795 2.15857e-06 6.68366e-08
0.00448012 2.15903e-06 6.69092e-08
0.00448075 2.15949e-06 6.69816e-08
0.00448137 2.15995e-06 6.7054e-08
0.00448199 2.1604e-06 6.71263e-08
0.00448261 2.16086e-06 6.71986e-08
0.00448323 2.16131e-06 6.72707e-08
0.00448385 2.16175e-06 6.73428e-08
0.00448447 2.1622e-06 6.74148e-08
0.00448509 2.16264e-06 6.74867e-08
0.00448572 2.16308e-06 6.75586e-08
0.00448634 2.16352e-06 6.76303e-08
0.00448696 2.16395e-06 6.7702e-08
0.00448758 2.16439e-06 6.77736e-08
0.0044882 2.16482e-06 6.78451e-08
0.00448882 2.16524e-06 6.79166e-08
0.00448944 2.16567e-06 6.79879e-08
0.00449006 2.16609e-06 6.80592e-08
0.00449069 2.16651e-06 6.81304e-08
0.00449131 2.16693e-06 6.82015e-08
0.00449193 2.16735e-06 6.82725e-08
0.00449255 2.16776e-06 6.83435e-08
0.00449317 2.16817e-06 6.84143e-08
0.00449379 2.16858e-06 6.84851e-08
0.00449441 2.16898e-06 6.85558e-08
0.00449503 2.16939e-06 6.86264e-08
0.00449566 2.16979e-06 6.86969e-08
0.00449628 2.17019e-06 6.87673e-08
0.0044969 2.17058e-06 6.88377e-08
0.00449752 2.17098e-06 6.89079e-08
0.00449814 2.17137e-06 6.89781e-08
0.00449876 2.17176e-06 6.90482e-08
0.00449938 2.17214e-06 6.91181e-08
0.00450001 2.17253e-06 6.91881e-08
0.00450063 2.17291e-06 6.92579e-08
0.00450125 2.17329e-06 6.93276e-08
0.00450187 2.17367e-06 6.93972e-08
0.00450249 2.17404e-06 6.94668e-08
0.00450311 2.17442e-06 6.95362e-08
0.00450373 2.17479e-06 6.96056e-08
0.00450435 2.17515e-06 6.96749e-08
0.00450498 2.17552e-06 6.97441e-08
0.0045056 2.17588e-06 6.98132e-08
0.00450622 2.17624e-06 6.98822e-08
0.00450684 2.1766e-06 6.99511e-08
0.00450746 2.17696e-06 7.00199e-08
0.00450808 2.17731e-06 7.00887e-08
0.0045087 2.17766e-06 7.01573e-08
0.00450932 2.17801e-06 7.02258e-08
0.00450995 2.17836e-06 7.02943e-08
0.00451057 2.1787e-06 7.03626e-08
0.00451119 2.17904e-06 7.04309e-08
0.00451181 2.17938e-06 7.04991e-08
0.00451243 2.17972e-06 7.05671e-08
0.00451305 2.18006e-06 7.06351e-08
0.00451367 2.18039e-06 7.0703e-08
0.00451429 2.18072e-06 7.07708e-08
0.00451492 2.18105e-06 7.08385e-08
0.00451554 2.18137e-06 7.09061e-08
0.00451616 2.1817e-06 7.09736e-08
0.00451678 2.18202e-06 7.1041e-08
0.0045174 2.18234e-06 7.11083e-08
0.00451802 2.18265e-06 7.11755e-08
0.00451864 2.18297e-06 7.12426e-08
0.00451927 2.18328e-06 7.13096e-08
0.00451989 2.18359e-06 7.13765e-08
0.00452051 2.18389e-06 7.14433e-08
0.00452113 2.1842e-06 7.151e-08
0.00452175 2.1845e-06 7.15766e-08
0.00452237 2.1848e-06 7.16431e-08
0.00452299 2.1851e-06 7.17095e-08
0.00452361 2.1854e-06 7.17758e-08
0.00452424 2.18569e-06 7.1842e-08
0.00452486 2.18598e-06 7.19081e-08
0.00452548 2.18627e-06 7.19741e-08
0.0045261 2.18656e-06 7.204e-08
0.00452672 2.18684e-06 7.21058e-08
0.00452734 2.18712e-06 7.21715e-08
0.00452796 2.1874e-06 7.22371e-08
0.00452858 2.18768e-06 7.23026e-08
0.00452921 2.18796e-06 7.23679e-08
0.00452983 2.18823e-06 7.24332e-08
0.00453045 2.1885e-06 7.24984e-08
0.00453107 2.18877e-06 7.25634e-08
0.00453169 2.18903e-06 7.26284e-08
0.00453231 2.1893e-06 7.26933e-08
0.00453293 2.18956e-06 7.2758e-08
0.00453355 2.18982e-06 7.28226e-08
0.00453418 2.19008e-06 7.28872e-08
0.0045348 2.19033e-06 7.29516e-08
0.00453542 2.19058e-06 7.30159e-08
0.00453604 2.19083e-06 7.30801e-08
0.00453666 2.19108e-06 7.31442e-08
0.00453728 2.19133e-06 7.32082e-08
0.0045379 2.19157e-06 7.32721e-08
0.00453853 2.19181e-06 7.33359e-08
0.00453915 2.19205e-06 7.33995e-08
0.00453977 2.19229e-06 7.34631e-08
0.00454039 2.19253e-06 7.35265e-08
0.00454101 2.19276e-06 7.35899e-08
0.00454163 2.19299e-06 7.36531e-08
0.00454225 2.19322e-06 7.37162e-08
0.00454287 2.19345e-06 7.37792e-08
0.0045435 2.19367e-06 7.38421e-08
0.00454412 2.19389e-06 7.39049e-08
0.00454474 2.19411e-06 7.39676e-08
0.00454536 2.19433e-06 7.40301e-08
0.00454598 2.19454e-06 7.40925e-08
0.0045466 2.19476e-06 7.41549e-08
0.00454722 2.19497e-06 7.42171e-08
0.00454784 2.19518e-06 7.42792e-08
0.00454847 2.19538e-06 7.43412e-08
0.00454909 2.19559e-06 7.4403e-08
0.00454971 2.19579e-06 7.44648e-08
0.00455033 2.19599e-06 7.45264e-08
0.00455095 2.19619e-06 7.45879e-08
0.00455157 2.19638e-06 7.46493e-08
0.00455219 2.19658e-06 7.47106e-08
0.00455281 2.19677e-06 7.47718e-08
0.00455344 2.19696e-06 7.48329e-08
0.00455406 2.19715e-06 7.48938e-08
0.00455468 2.19733e-06 7.49546e-08
0.0045553 2.19751e-06 7.50153e-08
0.00455592 2.19769e-06 7.50759e-08
0.00455654 2.19787e-06 7.51364e-08
0.00455716 2.19805e-06 7.51967e-08
0.00455779 2.19822e-06 7.52569e-08
0.00455841 2.1984e-06 7.5317e-08
0.00455903 2.19857e-06 7.5377e-08
0.00455965 2.19873e-06 7.54369e-08
0.00456027 2.1989e-06 7.54966e-08
0.00456089 2.19906e-06 7.55563e-08
0.00456151 2.19923e-06 7.56158e-08
0.00456213 2.19939e-06 7.56751e-08
0.00456276 2.19954e-06 7.57344e-08
0.00456338 2.1997e-06 7.57935e-08
0.004564 2.19985e-06 7.58526e-08
0.00456462 2.2e-06 7.59114e-08
0.00456524 2.20015e-06 7.59702e-08
0.00456586 2.2003e-06 7.60289e-08
0.00456648 2.20044e-06 7.60874e-08
0.0045671 2.20059e-06 7.61458e-08
0.00456773 2.20073e-06 7.6204e-08
0.00456835 2.20087e-06 7.62622e-08
0.00456897 2.201e-06 7.63202e-08
0.00456959 2.20114e-06 7.63781e-08
0.00457021 2.20127e-06 7.64359e-08
0.00457083 2.2014e-06 7.64935e-08
0.00457145 2.20153e-06 7.6551e-08
0.00457207 2.20166e-06 7.66084e-08
0.0045727 2.20178e-06 7.66657e-08
0.00457332 2.2019e-06 7.67228e-08
0.00457394 2.20202e-06 7.67799e-08
0.00457456 2.20214e-06 7.68367e-08
0.00457518 2.20226e-06 7.68935e-08
0.0045758 2.20237e-06 7.69501e-08
0.00457642 2.20248e-06 7.70066e-08
0.00457705 2.20259e-06 7.7063e-08
0.00457767 2.2027e-06 7.71192e-08
0.00457829 2.20281e-06 7.71753e-08
0.00457891 2.20291e-06 7.72313e-08
0.00457953 2.20301e-06 7.72872e-08
0.00458015 2.20311e-06 7.73429e-08
0.00458077 2.20321e-06 7.73985e-08
0.00458139 2.20331e-06 7.74539e-08
0.00458202 2.2034e-06 7.75093e-08
0.00458264 2.20349e-06 7.75644e-08
0.00458326 2.20358e-06 7.76195e-08
0.00458388 2.20367e-06 7.76744e-08
0.0045845 2.20375e-06 7.77292e-08
0.00458512 2.20384e-06 7.77839e-08
0.00458574 2.20392e-06 7.78384e-08
0.00458636 2.204e-06 7.78928e-08
0.00458699 2.20408e-06 7.79471e-08
0.00458761 2.2042e-06 7.80012e-08
0.00458823 2.20463e-06 7.80552e-08
0.00458885 2.20506e-06 7.81091e-08
0.00458947 2.20549e-06 7.81628e-08
0.00459009 2.20591e-06 7.82164e-08
0.00459071 2.20634e-06 7.82699e-08
0.00459133 2.20701e-06 7.83232e-08
0.00459196 2.20861e-06 7.83764e-08
0.00459258 2.2102e-06 7.84294e-08
0.0045932 2.21178e-06 7.84823e-08
0.00459382 2.21336e-06 7.85351e-08
0.00459444 2.21494e-06 7.85877e-08
0.00459506 2.21652e-06 7.86402e-08
0.00459568 2.21809e-06 7.86926e-08
0.00459631 2.21965e-06 7.87448e-08
0.00459693 2.22122e-06 7.87969e-08
0.00459755 2.22277e-06 7.88489e-08
0.00459817 2.22433e-06 7.89007e-08
0.00459879 2.22588e-06 7.89523e-08
0.00459941 2.22742e-06 7.90039e-08
0.00460003 2.22896e-06 7.90553e-08
0.00460065 2.2305e-06 7.91065e-08
0.00460128 2.23204e-06 7.91576e-08
0.0046019 2.23356e-06 7.92086e-08
0.00460252 2.23509e-06 7.92594e-08
0.00460314 2.23661e-06 7.93101e-08
0.00460376 2.23813e-06 7.93607e-08
0.00460438 2.23964e-06 7.94111e-08
0.004605 2.24115e-06 7.94613e-08
0.00460562 2.24265e-06 7.95115e-08
0.00460625 2.24415e-06 7.95614e-08
0.00460687 2.24565e-06 7.96113e-08
0.00460749 2.24714e-06 7.9661e-08
0.00460811 2.24862e-06 7.97105e-08
0.00460873 2.25011e-06 7.97599e-08
0.00460935 2.25158e-06 7.98092e-08
0.00460997 2.25306e-06 7.98583e-08
0.00461059 2.25453e-06 7.99073e-08
0.00461122 2.25599e-06 7.99561e-08
0.00461184 2.25746e-06 8.00048e-08
0.00461246 2.25891e-06 8.00534e-08
0.00461308 2.26037e-06 8.01018e-08
0.0046137 2.26181e-06 8.015e-08
0.00461432 2.26326e-06 8.01981e-08
0.00461494 2.2647e-06 8.02461e-08
0.00461557 2.26613e-06 8.02939e-08
0.00461619 2.26756e-06 8.03416e-08
0.00461681 2.26899e-06 8.03891e-08
0.00461743 2.27041e-06 8.04365e-08
0.00461805 2.27183e-06 8.04837e-08
0.00461867 2.27324e-06 8.05308e-08
0.00461929 2.27465e-06 8.05777e-08
0.00461991 2.27606e-06 8.06245e-08
0.00462054 2.27746e-06 8.06711e-08
0.00462116 2.27885e-06 8.07176e-08
0.00462178 2.28024e-06 8.0764e-08
0.0046224 2.28163e-06 8.08102e-08
0.00462302 2.28301e-06 8.08562e-08
0.00462364 2.28439e-06 8.09021e-08
0.00462426 2.28576e-06 8.09479e-08
0.00462488 2.28713e-06 8.09935e-08
0.00462551 2.2885e-06 8.10389e-08
0.00462613 2.28985e-06 8.10842e-08
0.00462675 2.29121e-06 8.11293e-08
0.00462737 2.29256e-06 8.11743e-08
0.00462799 2.29391e-06 8.12192e-08
0.00462861 2.29525e-06 8.12639e-08
0.00462923 2.29659e-06 8.13084e-08
0.00462985 2.29792e-06 8.13528e-08
0.00463048 2.29925e-06 8.13971e-08
0.0046311 2.30057e-06 8.14411e-08
0.00463172 2.30189e-06 8.14851e-08
0.00463234 2.3032e-06 8.15289e-08
0.00463296 2.30451e-06 8.15725e-08
0.00463358 2.30582e-06 8.1616e-08
0.0046342 2.30712e-06 8.16593e-08
0.00463483 2.30841e-06 8.17025e-08
0.00463545 2.30971e-06 8.17455e-08
0.00463607 2.31099e-06 8.17884e-08
0.00463669 2.31227e-06 8.18311e-08
0.00463731 2.31355e-06 8.18736e-08
0.00463793 2.31482e-06 8.1916e-08
0.00463855 2.31609e-06 8.19583e-08
0.00463917 2.31736e-06 8.20004e-08
0.0046398 2.31861e-06 8.20423e-08
0.00464042 2.31987e-06 8.20841e-08
0.00464104 2.32112e-06 8.21257e-08
0.00464166 2.32236e-06 8.21672e-08
0.00464228 2.3236e-06 8.22085e-08
0.0046429 2.32484e-06 8.22497e-08
0.00464352 2.32607e-06 8.22907e-08
0.00464414 2.32729e-06 8.23316e-08
0.00464477 2.32852e-06 8.23723e-08
0.00464539 2.32973e-06 8.24128e-08
0.00464601 2.33094e-06 8.24532e-08
0.00464663 2.33215e-06 8.24934e-08
0.00464725 2.33335e-06 8.25335e-08
0.00464787 2.33455e-06 8.25734e-08
0.00464849 2.33574e-06 8.26131e-08
0.00464911 2.33693e-06 8.26527e-08
0.00464974 2.33811e-06 8.26922e-08
0.00465036 2.33929e-06 8.27314e-08
0.00465098 2.34047e-06 8.27706e-08
0.0046516 2.34163e-06 8.28095e-08
0.00465222 2.3428e-06 8.28483e-08
0.00465284 2.34396e-06 8.2887e-08
0.00465346 2.34511e-06 8.29255e-08
0.00465409 2.34626e-06 8.29638e-08
0.00465471 2.34741e-06 8.3002e-08
0.00465533 2.34855e-06 8.304e-08
0.00465595 2.34968e-06 8.30778e-08
0.00465657 2.35081e-06 8.31155e-08
0.00465719 2.35194e-06 8.3153e-08
0.00465781 2.35306e-06 8.31904e-08
0.00465843 2.35417e-06 8.32276e-08
0.00465906 2.35528e-06 8.32647e-08
0.00465968 2.35639e-06 8.33016e-08
0.0046603 2.35749e-06 8.33383e-08
0.00466092 2.35858e-06 8.33748e-08
0.00466154 2.35968e-06 8.34112e-08
0.00466216 2.36076e-06 8.34475e-08
0.00466278 2.36184e-06 8.34836e-08
0.0046634 2.36292e-06 8.35195e-08
0.00466403 2.36399e-06 8.35553e-08
0.00466465 2.36506e-06 8.35909e-08
0.00466527 2.36612e-06 8.36263e-08
0.00466589 2.36718e-06 8.36616e-08
0.00466651 2.36823e-06 8.36967e-08
0.00466713 2.36927e-06 8.37316e-08
0.00466775 2.37032e-06 8.37664e-08
0.00466837 2.37135e-06 8.3801e-08
0.004669 2.37238e-06 8.38355e-08
0.00466962 2.37341e-06 8.38698e-08
0.00467024 2.37443e-06 8.39039e-08
0.00467086 2.37545e-06 8.39379e-08
0.00467148 2.37646e-06 8.39717e-08
0.0046721 2.37747e-06 8.40053e-08
0.00467272 2.37847e-06 8.40388e-08
0.00467335 2.37947e-06 8.40721e-08
0.00467397 2.38046e-06 8.41053e-08
0.00467459 2.38145e-06 8.41383e-08
0.00467521 2.38243e-06 8.41711e-08
0.00467583 2.38341e-06 8.42037e-08
0.00467645 2.38438e-06 8.42362e-08
0.00467707 2.38534e-06 8.42686e-08
0.00467769 2.38631e-06 8.43007e-08
0.00467832 2.38726e-06 8.43327e-08
0.00467894 2.38822e-06 8.43646e-08
0.00467956 2.38916e-06 8.43962e-08
0.00468018 2.3901e-06 8.44277e-08
0.0046808 2.39104e-06 8.44591e-08
0.00468142 2.39197e-06 8.44902e-08
0.00468204 2.3929e-06 8.45213e-08
0.00468266 2.39382e-06 8.45521e-08
0.00468329 2.39474e-06 8.45828e-08
0.00468391 2.39565e-06 8.46133e-08
0.00468453 2.39655e-06 8.46436e-08
0.00468515 2.39745e-06 8.46738e-08
0.00468577 2.39835e-06 8.47038e-08
0.00468639 2.39924e-06 8.47337e-08
0.00468701 2.40013e-06 8.47633e-08
0.00468763 2.40101e-06 8.47929e-08
0.00468826 2.40188e-06 8.48222e-08
0.00468888 2.40275e-06 8.48514e-08
0.0046895 2.40362e-06 8.48804e-08
0.00469012 2.40448e-06 8.49092e-08
0.00469074 2.40534e-06 8.49379e-08
0.00469136 2.40619e-06 8.49664e-08
0.00469198 2.40703e-06 8.49948e-08
0.00469261 2.40787e-06 8.50229e-08
0.00469323 2.4087e-06 8.50509e-08
0.00469385 2.40953e-06 8.50788e-08
0.00469447 2.41036e-06 8.51065e-08
0.00469509 2.41118e-06 8.5134e-08
0.00469571 2.41199e-06 8.51613e-08
0.00469633 2.4128e-06 8.51885e-08
0.00469695 2.41361e-06 8.52155e-08
0.00469758 2.4144e-06 8.52423e-08
0.0046982 2.4152e-06 8.5269e-08
0.00469882 2.41599e-06 8.52955e-08
0.00469944 2.41677e-06 8.53218e-08
0.00470006 2.41755e-06 8.5348e-08
0.00470068 2.41832e-06 8.5374e-08
0.0047013 2.41909e-06 8.53998e-08
0.00470192 2.41985e-06 8.54254e-08
0.00470255 2.42061e-06 8.54509e-08
0.00470317 2.42136e-06 8.54762e-08
0.00470379 2.42211e-06 8.55014e-08
0.00470441 2.42285e-06 8.55264e-08
0.00470503 2.42359e-06 8.55512e-08
0.00470565 2.42432e-06 8.55758e-08
0.00470627 2.42504e-06 8.56003e-08
0.00470689 2.42576e-06 8.56246e-08
0.00470752 2.42648e-06 8.56487e-08
0.00470814 2.42719e-06 8.56727e-08
0.00470876 2.4279e-06 8.56965e-08
0.00470938 2.4286e-06 8.57201e-08
0.00471 2.42929e-06 8.57436e-08
0.00471062 2.42998e-06 8.57669e-08
0.00471124 2.43067e-06 8.579e-08
0.00471187 2.43135e-06 8.58129e-08
0.00471249 2.43202e-06 8.58357e-08
0.00471311 2.43269e-06 8.58583e-08
0.00471373 2.43335e-06 8.58808e-08
0.00471435 2.43401e-06 8.5903e-08
0.00471497 2.43467e-06 8.59251e-08
0.00471559 2.43531e-06 8.59471e-08
0.00471621 2.43596e-06 8.59688e-08
0.00471684 2.43659e-06 8.59904e-08
0.00471746 2.43723e-06 8.60119e-08
0.00471808 2.43785e-06 8.60331e-08
0.0047187 2.43848e-06 8.60542e-08
0.00471932 2.43909e-06 8.60751e-08
0.00471994 2.4397e-06 8.60958e-08
0.00472056 2.44031e-06 8.61164e-08
0.00472118 2.44091e-06 8.61368e-08
0.00472181 2.44151e-06 8.61571e-08
0.00472243 2.4421e-06 8.61771e-08
0.00472305 2.44268e-06 8.6197e-08
0.00472367 2.44326e-06 8.62167e-08
0.00472429 2.44384e-06 8.62363e-08
0.00472491 2.44441e-06 8.62557e-08
0.00472553 2.44497e-06 8.62749e-08
0.00472615 2.44553e-06 8.62939e-08
0.00472678 2.44609e-06 8.63128e-08
0.0047274 2.44664e-06 8.63315e-08
0.00472802 2.44718e-06 8.635e-08
0.00472864 2.44772e-06 8.63684e-08
0.00472926 2.44825e-06 8.63866e-08
0.00472988 2.44878e-06 8.64046e-08
0.0047305 2.4493e-06 8.64225e-08
0.00473113 2.44982e-06 8.64401e-08
0.00473175 2.45033e-06 8.64576e-08
0.00473237 2.45084e-06 8.6475e-08
0.00473299 2.45134e-06 8.64922e-08
0.00473361 2.45184e-06 8.65092e-08
0.00473423 2.45233e-06 8.6526e-08
0.00473485 2.45281e-06 8.65426e-08
0.00473547 2.45329e-06 8.65591e-08
0.0047361 2.45377e-06 8.65755e-08
0.00473672 2.45424e-06 8.65916e-08
0.00473734 2.4547e-06 8.66076e-08
0.00473796 2.45516e-06 8.66234e-08
0.00473858 2.45562e-06 8.6639e-08
0.0047392 2.45607e-06 8.66545e-08
0.00473982 2.45651e-06 8.66698e-08
0.00474044 2.45695e-06 8.66849e-08
0.00474107 2.45738e-06 8.66999e-08
0.00474169 2.45781e-06 8.67147e-08
0.00474231 2.45824e-06 8.67293e-08
0.00474293 2.45865e-06 8.67437e-08
0.00474355 2.45907e-06 8.6758e-08
0.00474417 2.45947e-06 8.67721e-08
0.00474479 2.45988e-06 8.67861e-08
0.00474541 2.46027e-06 8.67998e-08
0.00474604 2.46066e-06 8.68134e-08
0.00474666 2.46105e-06 8.68268e-08
0.00474728 2.46143e-06 8.68401e-08
0.0047479 2.46181e-06 8.68532e-08
0.00474852 2.46218e-06 8.68661e-08
0.00474914 2.46254e-06 8.68789e-08
0.00474976 2.46291e-06 8.68914e-08
0.00475039 2.46326e-06 8.69039e-08
0.00475101 2.46361e-06 8.69161e-08
0.00475163 2.46395e-06 8.69282e-08
0.00475225 2.46429e-06 8.69401e-08
0.00475287 2.46463e-06 8.69518e-08
0.00475349 2.46496e-06 8.69634e-08
0.00475411 2.46528e-06 8.69748e-08
0.00475473 2.4656e-06 8.6986e-08
0.00475536 2.46591e-06 8.6997e-08
0.00475598 2.46622e-06 8.70079e-08
0.0047566 2.46652e-06 8.70186e-08
0.00475722 2.46682e-06 8.70292e-08
0.00475784 2.46711e-06 8.70396e-08
0.00475846 2.4674e-06 8.70498e-08
0.00475908 2.46768e-06 8.70598e-08
0.0047597 2.46796e-06 8.70697e-08
0.00476033 2.46823e-06 8.70794e-08
0.00476095 2.4685e-06 8.70889e-08
0.00476157 2.46876e-06 8.70983e-08
0.00476219 2.46902e-06 8.71075e-08
0.00476281 2.46927e-06 8.71165e-08
0.00476343 2.46951e-06 8.71254e-08
0.00476405 2.46975e-06 8.71341e-08
0.00476467 2.46999e-06 8.71426e-08
0.0047653 2.47022e-06 8.71509e-08
0.00476592 2.47045e-06 8.71591e-08
0.00476654 2.47066e-06 8.71671e-08
0.00476716 2.47088e-06 8.7175e-08
0.00476778 2.47109e-06 8.71827e-08
0.0047684 2.47129e-06 8.71902e-08
0.00476902 2.47149e-06 8.71975e-08
0.00476965 2.47169e-06 8.72047e-08
0.00477027 2.47188e-06 8.72117e-08
0.00477089 2.47206e-06 8.72186e-08
0.00477151 2.47224e-06 8.72253e-08
0.00477213 2.47241e-06 8.72318e-08
0.00477275 2.47258e-06 8.72381e-08
0.00477337 2.47274e-06 8.72443e-08
0.00477399 2.4729e-06 8.72503e-08
0.00477462 2.47305e-06 8.72561e-08
0.00477524 2.4732e-06 8.72618e-08
0.00477586 2.47334e-06 8.72673e-08
0.00477648 2.47348e-06 8.72727e-08
0.0047771 2.47361e-06 8.72779e-08
0.00477772 2.47374e-06 8.72829e-08
0.00477834 2.47386e-06 8.72877e-08
0.00477896 2.47398e-06 8.72924e-08
0.00477959 2.47409e-06 8.72969e-08
0.00478021 2.4742e-06 8.73012e-08
0.00478083 2.4743e-06 8.73054e-08
0.00478145 2.4744e-06 8.73094e-08
0.00478207 2.47449e-06 8.73133e-08
0.00478269 2.47458e-06 8.7317e-08
0.00478331 2.47466e-06 8.73205e-08
0.00478393 2.47473e-06 8.73238e-08
0.00478456 2.47481e-06 8.7327e-08
0.00478518 2.47487e-06 8.733e-08
0.0047858 2.47493e-06 8.73329e-08
0.00478642 2.47499e-06 8.73356e-08
0.00478704 2.47504e-06 8.73381e-08
0.00478766 2.47509e-06 8.73405e-08
0.00478828 2.47513e-06 8.73427e-08
0.00478891 2.47516e-06 8.73447e-08
0.00478953 2.47519e-06 8.73466e-08
0.00479015 2.47522e-06 8.73483e-08
0.00479077 2.47524e-06 8.73498e-08
0.00479139 2.47525e-06 8.73512e-08
0.00479201 2.47527e-06 8.73524e-08
0.00479263 2.47527e-06 8.73534e-08
0.00479325 2.47527e-06 8.73543e-08
0.00479388 2.47527e-06 8.73551e-08
0.0047945 2.47526e-06 8.73556e-08
0.00479512 2.47524e-06 8.7356e-08
0.00479574 2.47522e-06 8.73562e-08
0.00479636 2.4752e-06 8.73563e-08
0.00479698 2.47517e-06 8.73562e-08
0.0047976 2.47514e-06 8.7356e-08
0.00479822 2.4751e-06 8.73556e-08
0.00479885 2.47505e-06 8.7355e-08
0.00479947 2.475e-06 8.73542e-08
0.00480009 2.47495e-06 8.73533e-08
0.00480071 2.47489e-06 8.73523e-08
0.00480133 2.47482e-06 8.7351e-08
0.00480195 2.47476e-06 8.73496e-08
0.00480257 2.47468e-06 8.73481e-08
0.00480319 2.4746e-06 8.73464e-08
0.00480382 2.47452e-06 8.73445e-08
0.00480444 2.47443e-06 8.73425e-08
0.00480506 2.47434e-06 8.73403e-08
0.00480568 2.47424e-06 8.73379e-08
0.0048063 2.47413e-06 8.73354e-08
0.00480692 2.47402e-06 8.73327e-08
0.00480754 2.47391e-06 8.73299e-08
0.00480817 2.47379e-06 8.73269e-08
0.00480879 2.47367e-06 8.73238e-08
0.00480941 2.47354e-06 8.73205e-08
0.00481003 2.47341e-06 8.7317e-08
0.00481065 2.47327e-06 8.73133e-08
0.00481127 2.47313e-06 8.73096e-08
0.00481189 2.47298e-06 8.73056e-08
0.00481251 2.47283e-06 8.73015e-08
0.00481314 2.47267e-06 8.72972e-08
0.00481376 2.47251e-06 8.72928e-08
0.00481438 2.47234e-06 8.72882e-08
0.004815 2.47217e-06 8.72835e-08
0.00481562 2.47199e-06 8.72786e-08
0.00481624 2.47181e-06 8.72735e-08
0.00481686 2.47162e-06 8.72683e-08
0.00481748 2.47143e-06 8.72629e-08
0.00481811 2.47124e-06 8.72574e-08
0.00481873 2.47104e-06 8.72517e-08
0.00481935 2.47083e-06 8.72459e-08
0.00481997 2.47062e-06 8.72399e-08
0.00482059 2.47041e-06 8.72337e-08
0.00482121 2.47019e-06 8.72274e-08
0.00482183 2.46996e-06 8.72209e-08
0.00482245 2.46973e-06 8.72143e-08
0.00482308 2.4695e-06 8.72075e-08
0.0048237 2.46926e-06 8.72006e-08
0.00482432 2.46902e-06 8.71935e-08
0.00482494 2.46877e-06 8.71862e-08
0.00482556 2.46851e-06 8.71788e-08
0.00482618 2.46826e-06 8.71713e-08
0.0048268 2.46799e-06 8.71636e-08
0.00482743 2.46773e-06 8.71557e-08
0.00482805 2.46745e-06 8.71477e-08
0.00482867 2.46718e-06 8.71395e-08
0.00482929 2.4669e-06 8.71312e-08
0.00482991 2.46661e-06 8.71227e-08
0.00483053 2.46632e-06 8.71141e-08
0.00483115 2.46603e-06 8.71053e-08
0.00483177 2.46573e-06 8.70963e-08
0.0048324 2.46542e-06 8.70872e-08
0.00483302 2.46511e-06 8.7078e-08
0.00483364 2.4648e-06 8.70686e-08
0.00483426 2.46448e-06 8.70591e-08
0.00483488 2.46416e-06 8.70494e-08
0.0048355 2.46383e-06 8.70395e-08
0.00483612 2.4635e-06 8.70295e-08
0.00483674 2.46316e-06 8.70193e-08
0.00483737 2.46282e-06 8.7009e-08
0.00483799 2.46247e-06 8.69986e-08
0.00483861 2.46212e-06 8.6988e-08
0.00483923 2.46177e-06 8.69772e-08
0.00483985 2.46141e-06 8.69663e-08
0.00484047 2.46104e-06 8.69552e-08
0.00484109 2.46067e-06 8.6944e-08
0.00484171 2.4603e-06 8.69327e-08
0.00484234 2.45992e-06 8.69211e-08
0.00484296 2.45954e-06 8.69095e-08
0.00484358 2.45915e-06 8.68977e-08
0.0048442 2.45876e-06 8.68857e-08
0.00484482 2.45836e-06 8.68736e-08
0.00484544 2.45796e-06 8.68614e-08
0.00484606 2.45756e-06 8.6849e-08
0.00484669 2.45715e-06 8.68364e-08
0.00484731 2.45673e-06 8.68237e-08
0.00484793 2.45632e-06 8.68109e-08
0.00484855 2.45589e-06 8.67979e-08
0.00484917 2.45547e-06 8.67848e-08
0.00484979 2.45503e-06 8.67715e-08
0.00485041 2.4546e-06 8.6758e-08
0.00485103 2.45416e-06 8.67445e-08
0.00485166 2.45371e-06 8.67307e-08
0.00485228 2.45326e-06 8.67169e-08
0.0048529 2.45281e-06 8.67029e-08
0.00485352 2.45235e-06 8.66887e-08
0.00485414 2.45189e-06 8.66744e-08
0.00485476 2.45142e-06 8.66599e-08
0.00485538 2.45095e-06 8.66453e-08
0.004856 2.45047e-06 8.66306e-08
0.00485663 2.44999e-06 8.66157e-08
0.00485725 2.44951e-06 8.66007e-08
0.00485787 2.44902e-06 8.65855e-08
0.00485849 2.44853e-06 8.65702e-08
0.00485911 2.44803e-06 8.65548e-08
0.00485973 2.44753e-06 8.65392e-08
0.00486035 2.44702e-06 8.65234e-08
0.00486097 2.44651e-06 8.65075e-08
0.0048616 2.446e-06 8.64915e-08
0.00486222 2.44548e-06 8.64753e-08
0.00486284 2.44496e-06 8.6459e-08
0.00486346 2.44443e-06 8.64426e-08
0.00486408 2.4439e-06 8.6426e-08
0.0048647 2.44336e-06 8.64092e-08
0.00486532 2.44282e-06 8.63924e-08
0.00486595 2.44228e-06 8.63754e-08
0.00486657 2.44173e-06 8.63582e-08
0.00486719 2.44117e-06 8.63409e-08
0.00486781 2.44062e-06 8.63235e-08
0.00486843 2.44006e-06 8.63059e-08
0.00486905 2.43949e-06 8.62882e-08
0.00486967 2.43892e-06 8.62703e-08
0.00487029 2.43835e-06 8.62523e-08
0.00487092 2.43777e-06 8.62342e-08
0.00487154 2.43719e-06 8.62159e-08
0.00487216 2.4366e-06 8.61975e-08
0.00487278 2.43601e-06 8.6179e-08
0.0048734 2.43542e-06 8.61603e-08
0.00487402 2.43482e-06 8.61415e-08
0.00487464 2.43422e-06 8.61225e-08
0.00487526 2.43361e-06 8.61034e-08
0.00487589 2.433e-06 8.60842e-08
0.00487651 2.43238e-06 8.60648e-08
0.00487713 2.43177e-06 8.60453e-08
0.00487775 2.43114e-06 8.60257e-08
0.00487837 2.43052e-06 8.60059e-08
0.00487899 2.42988e-06 8.5986e-08
0.00487961 2.42925e-06 8.5966e-08
0.00488023 2.42861e-06 8.59458e-08
0.00488086 2.42797e-06 8.59255e-08
0.00488148 2.42732e-06 8.59051e-08
0.0048821 2.42667e-06 8.58845e-08
0.00488272 2.42601e-06 8.58638e-08
0.00488334 2.42535e-06 8.58429e-08
0.00488396 2.42469e-06 8.58219e-08
0.00488458 2.42402e-06 8.58008e-08
0.00488521 2.42335e-06 8.57796e-08
0.00488583 2.42268e-06 8.57582e-08
0.00488645 2.422e-06 8.57367e-08
0.00488707 2.42132e-06 8.57151e-08
0.00488769 2.42063e-06 8.56933e-08
0.00488831 2.41994e-06 8.56714e-08
0.00488893 2.41925e-06 8.56494e-08
0.00488955 2.41855e-06 8.56272e-08
0.00489018 2.41785e-06 8.56049e-08
0.0048908 2.41714e-06 8.55825e-08
0.00489142 2.41643e-06 8.55599e-08
0.00489204 2.41572e-06 8.55373e-08
0.00489266 2.415e-06 8.55145e-08
0.00489328 2.41428e-06 8.54915e-08
0.0048939 2.41355e-06 8.54684e-08
0.00489452 2.41282e-06 8.54453e-08
0.00489515 2.41209e-06 8.54219e-08
0.00489577 2.41135e-06 8.53985e-08
0.00489639 2.41061e-06 8.53749e-08
0.00489701 2.40987e-06 8.53512e-08
0.00489763 2.40912e-06 8.53274e-08
0.00489825 2.40837e-06 8.53034e-08
0.00489887 2.40761e-06 8.52793e-08
0.00489949 2.40685e-06 8.52551e-08
0.00490012 2.40609e-06 8.52308e-08
0.00490074 2.40532e-06 8.52063e-08
0.00490136 2.40455e-06 8.51817e-08
0.00490198 2.40378e-06 8.5157e-08
0.0049026 2.403e-06 8.51321e-08
0.00490322 2.40222e-06 8.51072e-08
0.00490384 2.40144e-06 8.50821e-08
0.00490447 2.40065e-06 8.50569e-08
0.00490509 2.39986e-06 8.50316e-08
0.00490571 2.39906e-06 8.50061e-08
0.00490633 2.39826e-06 8.49805e-08
0.00490695 2.39746e-06 8.49548e-08
0.00490757 2.39665e-06 8.4929e-08
0.00490819 2.39584e-06 8.4903e-08
0.00490881 2.39503e-06 8.4877e-08
0.00490944 2.39421e-06 8.48508e-08
0.00491006 2.39339e-06 8.48245e-08
0.00491068 2.39256e-06 8.4798e-08
0.0049113 2.39174e-06 8.47715e-08
0.00491192 2.3909e-06 8.47448e-08
0.00491254 2.39007e-06 8.4718e-08
0.00491316 2.38923e-06 8.46911e-08
0.00491378 2.38839e-06 8.4664e-08
0.00491441 2.38754e-06 8.46369e-08
0.00491503 2.38669e-06 8.46096e-08
0.00491565 2.38584e-06 8.45822e-08
0.00491627 2.38498e-06 8.45547e-08
0.00491689 2.38412e-06 8.45271e-08
0.00491751 2.38326e-06 8.44993e-08
0.00491813 2.38239e-06 8.44715e-08
0.00491875 2.38152e-06 8.44435e-08
0.00491938 2.38065e-06 8.44154e-08
0.00492 2.37977e-06 8.43872e-08
0.00492062 2.37889e-06 8.43589e-08
0.00492124 2.37801e-06 8.43304e-08
0.00492186 2.37712e-06 8.43019e-08
0.00492248 2.37623e-06 8.42732e-08
0.0049231 2.37534e-06 8.42444e-08
0.00492373 2.37444e-06 8.42155e-08
0.00492435 2.37354e-06 8.41865e-08
0.00492497 2.37264e-06 8.41573e-08
0.00492559 2.37173e-06 8.41281e-08
0.00492621 2.37082e-06 8.40987e-08
0.00492683 2.36991e-06 8.40692e-08
0.00492745 2.36899e-06 8.40396e-08
0.00492807 2.36807e-06 8.40099e-08
0.0049287 2.36715e-06 8.39801e-08
0.00492932 2.36622e-06 8.39502e-08
0.00492994 2.36529e-06 8.39201e-08
0.00493056 2.36436e-06 8.389e-08
0.00493118 2.36342e-06 8.38597e-08
0.0049318 2.36248e-06 8.38294e-08
0.00493242 2.36154e-06 8.37989e-08
0.00493304 2.36059e-06 8.37683e-08
0.00493367 2.35964e-06 8.37376e-08
0.00493429 2.35869e-06 8.37068e-08
0.00493491 2.35774e-06 8.36758e-08
0.00493553 2.35678e-06 8.36448e-08
0.00493615 2.35581e-06 8.36137e-08
0.00493677 2.35485e-06 8.35824e-08
0.00493739 2.35388e-06 8.3551e-08
0.00493801 2.35291e-06 8.35196e-08
0.00493864 2.35194e-06 8.3488e-08
0.00493926 2.35096e-06 8.34563e-08
0.00493988 2.34998e-06 8.34245e-08
0.0049405 2.34899e-06 8.33926e-08
0.00494112 2.34801e-06 8.33606e-08
0.00494174 2.34702e-06 8.33285e-08
0.00494236 2.34603e-06 8.32963e-08
0.00494299 2.34503e-06 8.3264e-08
0.00494361 2.34403e-06 8.32315e-08
0.00494423 2.34303e-06 8.3199e-08
0.00494485 2.34202e-06 8.31664e-08
0.00494547 2.34102e-06 8.31336e-08
0.00494609 2.34001e-06 8.31008e-08
0.00494671 2.33899e-06 8.30678e-08
0.00494733 2.33798e-06 8.30348e-08
0.00494796 2.33696e-06 8.30016e-08
0.00494858 2.33593e-06 8.29684e-08
0.0049492 2.33491e-06 8.2935e-08
0.00494982 2.33388e-06 8.29015e-08
0.00495044 2.33285e-06 8.2868e-08
0.00495106 2.33181e-06 8.28343e-08
0.00495168 2.33078e-06 8.28005e-08
0.0049523 2.32974e-06 8.27666e-08
0.00495293 2.32869e-06 8.27327e-08
0.00495355 2.32765e-06 8.26986e-08
0.00495417 2.3266e-06 8.26644e-08
0.00495479 2.32555e-06 8.26302e-08
0.00495541 2.32449e-06 8.25958e-08
0.00495603 2.32344e-06 8.25613e-08
0.00495665 2.32238e-06 8.25267e-08
0.00495727 2.32131e-06 8.24921e-08
0.0049579 2.32025e-06 8.24573e-08
0.00495852 2.31918e-06 8.24224e-08
0.00495914 2.31811e-06 8.23875e-08
0.00495976 2.31703e-06 8.23524e-08
0.00496038 2.31596e-06 8.23172e-08
0.004961 2.31488e-06 8.2282e-08
0.00496162 2.31379e-06 8.22466e-08
0.00496225 2.31271e-06 8.22112e-08
0.00496287 2.31162e-06 8.21756e-08
0.00496349 2.31053e-06 8.214e-08
0.00496411 2.30944e-06 8.21042e-08
0.00496473 2.30834e-06 8.20684e-08
0.00496535 2.30725e-06 8.20325e-08
0.00496597 2.30614e-06 8.19965e-08
0.00496659 2.30504e-06 8.19603e-08
0.00496722 2.30393e-06 8.19241e-08
0.00496784 2.30283e-06 8.18878e-08
0.00496846 2.30171e-06 8.18514e-08
0.00496908 2.3006e-06 8.18149e-08
0.0049697 2.29948e-06 8.17783e-08
0.00497032 2.29836e-06 8.17417e-08
0.00497094 2.29724e-06 8.17049e-08
0.00497156 2.29612e-06 8.1668e-08
0.00497219 2.29499e-06 8.16311e-08
0.00497281 2.29386e-06 8.1594e-08
0.00497343 2.29273e-06 8.15569e-08
0.00497405 2.29159e-06 8.15197e-08
0.00497467 2.29046e-06 8.14824e-08
0.00497529 2.28932e-06 8.14449e-08
0.00497591 2.28817e-06 8.14074e-08
0.00497653 2.28703e-06 8.13699e-08
0.00497716 2.28588e-06 8.13322e-08
0.00497778 2.28473e-06 8.12944e-08
0.0049784 2.28358e-06 8.12566e-08
0.00497902 2.28242e-06 8.12186e-08
0.00497964 2.28127e-06 8.11806e-08
0.00498026 2.28011e-06 8.11425e-08
0.00498088 2.27895e-06 8.11043e-08
0.00498151 2.27778e-06 8.1066e-08
0.00498213 2.27661e-06 8.10276e-08
0.00498275 2.27545e-06 8.09891e-08
0.00498337 2.27427e-06 8.09506e-08
0.00498399 2.2731e-06 8.09119e-08
0.00498461 2.27192e-06 8.08732e-08
0.00498523 2.27074e-06 8.08344e-08
0.00498585 2.26956e-06 8.07955e-08
0.00498648 2.26838e-06 8.07565e-08
0.0049871 2.26719e-06 8.07174e-08
0.00498772 2.26601e-06 8.06783e-08
0.00498834 2.26482e-06 8.0639e-08
0.00498896 2.26362e-06 8.05997e-08
0.00498958 2.26243e-06 8.05603e-08
0.0049902 2.26123e-06 8.05208e-08
0.00499082 2.26003e-06 8.04813e-08
0.00499145 2.25883e-06 8.04416e-08
0.00499207 2.25763e-06 8.04019e-08
0.00499269 2.25642e-06 8.03621e-08
0.00499331 2.25521e-06 8.03222e-08
0.00499393 2.254e-06 8.02822e-08
0.00499455 2.25279e-06 8.02421e-08
0.00499517 2.25157e-06 8.0202e-08
0.00499579 2.25035e-06 8.01618e-08
0.00499642 2.24914e-06 8.01215e-08
0.00499704 2.24791e-06 8.00811e-08
0.00499766 2.24669e-06 8.00406e-08
0.00499828 2.24546e-06 8.00001e-08
0.0049989 2.24424e-06 7.99595e-08
0.00499952 2.243e-06 7.99188e-08
0.00500014 2.24177e-06 7.9878e-08
0.00500076 2.24054e-06 7.98371e-08
0.00500139 2.2393e-06 7.97962e-08
0.00500201 2.23806e-06 7.97552e-08
0.00500263 2.23682e-06 7.97141e-08
0.00500325 2.23558e-06 7.96729e-08
0.00500387 2.23433e-06 7.96317e-08
0.00500449 2.23309e-06 7.95904e-08
0.00500511 2.23184e-06 7.9549e-08
0.00500574 2.23059e-06 7.95075e-08
0.00500636 2.22933e-06 7.94659e-08
0.00500698 2.22808e-06 7.94243e-08
0.0050076 2.22682e-06 7.93826e-08
0.00500822 2.22556e-06 7.93408e-08
0.00500884 2.2243e-06 7.9299e-08
0.00500946 2.22304e-06 7.92571e-08
0.00501008 2.22177e-06 7.92151e-08
0.00501071 2.2205e-06 7.9173e-08
0.00501133 2.21923e-06 7.91309e-08
0.00501195 2.21796e-06 7.90886e-08
0.00501257 2.21669e-06 7.90464e-08
0.00501319 2.21541e-06 7.9004e-08
0.00501381 2.21414e-06 7.89616e-08
0.00501443 2.21286e-06 7.8919e-08
0.00501505 2.21158e-06 7.88765e-08
0.00501568 2.2103e-06 7.88338e-08
0.0050163 2.20901e-06 7.87911e-08
0.00501692 2.20772e-06 7.87483e-08
0.00501754 2.20644e-06 7.87054e-08
0.00501816 2.20515e-06 7.86625e-08
0.00501878 2.20385e-06 7.86195e-08
0.0050194 2.20256e-06 7.85764e-08
0.00502002 2.20126e-06 7.85333e-08
0.00502065 2.19997e-06 7.84901e-08
0.00502127 2.19867e-06 7.84468e-08
0.00502189 2.19737e-06 7.84034e-08
0.00502251 2.19606e-06 7.836e-08
0.00502313 2.19476e-06 7.83165e-08
0.00502375 2.19345e-06 7.8273e-08
0.00502437 2.19214e-06 7.82293e-08
0.005025 2.19083e-06 7.81856e-08
0.00502562 2.18952e-06 7.81419e-08
0.00502624 2.18821e-06 7.80981e-08
0.00502686 2.18689e-06 7.80542e-08
0.00502748 2.18557e-06 7.80102e-08
0.0050281 2.18426e-06 7.79662e-08
0.00502872 2.18294e-06 7.79221e-08
0.00502934 2.18161e-06 7.78779e-08
0.00502997 2.18029e-06 7.78337e-08
0.00503059 2.17896e-06 7.77894e-08
0.00503121 2.17764e-06 7.77451e-08
0.00503183 2.17631e-06 7.77006e-08
0.00503245 2.17498e-06 7.76562e-08
0.00503307 2.17364e-06 7.76116e-08
0.00503369 2.17231e-06 7.7567e-08
0.00503431 2.17097e-06 7.75226e-08
0.00503494 2.16964e-06 7.74781e-08
0.00503556 2.1683e-06 7.74335e-08
0.00503618 2.16696e-06 7.73888e-08
0.0050368 2.16562e-06 7.73441e-08
0.00503742 2.16427e-06 7.72993e-08
0.00503804 2.16293e-06 7.72545e-08
0.00503866 2.16158e-06 7.72096e-08
0.00503928 2.16023e-06 7.71647e-08
0.00503991 2.15888e-06 7.71197e-08
0.00504053 2.15753e-06 7.70746e-08
0.00504115 2.15618e-06 7.70294e-08
0.00504177 2.15482e-06 7.69842e-08
0.00504239 2.15347e-06 7.6939e-08
0.00504301 2.15211e-06 7.68937e-08
0.00504363 2.15075e-06 7.68483e-08
0.00504426 2.14939e-06 7.68029e-08
0.00504488 2.14803e-06 7.67574e-08
0.0050455 2.14666e-06 7.67118e-08
0.00504612 2.1453e-06 7.66662e-08
0.00504674 2.14393e-06 7.66206e-08
0.00504736 2.14256e-06 7.65748e-08
0.00504798 2.14119e-06 7.65291e-08
0.0050486 2.13982e-06 7.64832e-08
0.00504923 2.13845e-06 7.64373e-08
0.00504985 2.13708e-06 7.63914e-08
0.00505047 2.1357e-06 7.63454e-08
0.00505109 2.13432e-06 7.62993e-08
0.00505171 2.13295e-06 7.62532e-08
0.00505233 2.13157e-06 7.6207e-08
0.00505295 2.13019e-06 7.61608e-08
0.00505357 2.1288e-06 7.61145e-08
0.0050542 2.12742e-06 7.60681e-08
0.00505482 2.12603e-06 7.60218e-08
0.00505544 2.12465e-06 7.59753e-08
0.00505606 2.12326e-06 7.59288e-08
0.00505668 2.12187e-06 7.58822e-08
0.0050573 2.12048e-06 7.58356e-08
0.00505792 2.11909e-06 7.5789e-08
0.00505854 2.1177e-06 7.57422e-08
0.00505917 2.1163e-06 7.56955e-08
0.00505979 2.11491e-06 7.56486e-08
0.00506041 2.11351e-06 7.56018e-08
0.00506103 2.11211e-06 7.55548e-08
0.00506165 2.11071e-06 7.55079e-08
0.00506227 2.10931e-06 7.54608e-08
0.00506289 2.10791e-06 7.54137e-08
0.00506352 2.1065e-06 7.53666e-08
0.00506414 2.1051e-06 7.53194e-08
0.00506476 2.10369e-06 7.52722e-08
0.00506538 2.10229e-06 7.52249e-08
0.005066 2.10088e-06 7.51776e-08
0.00506662 2.09947e-06 7.51302e-08
0.00506724 2.09806e-06 7.50827e-08
0.00506786 2.09665e-06 7.50352e-08
0.00506849 2.09523e-06 7.49877e-08
0.00506911 2.09382e-06 7.49401e-08
0.00506973 2.0924e-06 7.48925e-08
0.00507035 2.09098e-06 7.48448e-08
0.00507097 2.08957e-06 7.47971e-08
0.00507159 2.08815e-06 7.47493e-08
0.00507221 2.08673e-06 7.47015e-08
0.00507283 2.08531e-06 7.46536e-08
0.00507346 2.08388e-06 7.46056e-08
0.00507408 2.08246e-06 7.45577e-08
0.0050747 2.08103e-06 7.45097e-08
0.00507532 2.07961e-06 7.44616e-08
0.00507594 2.07818e-06 7.44135e-08
0.00507656 2.07675e-06 7.43653e-08
0.00507718 2.07532e-06 7.43171e-08
0.0050778 2.07389e-06 7.42688e-08
0.00507843 2.07246e-06 7.42205e-08
0.00507905 2.07103e-06 7.41722e-08
0.00507967 2.06959e-06 7.41238e-08
0.00508029 2.06816e-06 7.40754e-08
0.00508091 2.06672e-06 7.40269e-08
0.00508153 2.06529e-06 7.39784e-08
0.00508215 2.06385e-06 7.39298e-08
0.00508278 2.06241e-06 7.38812e-08
0.0050834 2.06097e-06 7.38325e-08
0.00508402 2.05953e-06 7.37838e-08
0.00508464 2.05809e-06 7.37351e-08
0.00508526 2.05664e-06 7.36863e-08
0.00508588 2.0552e-06 7.36375e-08
0.0050865 2.05375e-06 7.35886e-08
0.00508712 2.05231e-06 7.35397e-08
0.00508775 2.05086e-06 7.34907e-08
0.00508837 2.04941e-06 7.34417e-08
0.00508899 2.04796e-06 7.33926e-08
0.00508961 2.04651e-06 7.33436e-08
0.00509023 2.04506e-06 7.32944e-08
0.00509085 2.04361e-06 7.32453e-08
0.00509147 2.04216e-06 7.3196e-08
0.00509209 2.0407e-06 7.31468e-08
0.00509272 2.03925e-06 7.30975e-08
0.00509334 2.03779e-06 7.30482e-08
0.00509396 2.03633e-06 7.29988e-08
0.00509458 2.03488e-06 7.29494e-08
0.0050952 2.03342e-06 7.28999e-08
0.00509582 2.03196e-06 7.28504e-08
0.00509644 2.0305e-06 7.28009e-08
0.00509706 2.02904e-06 7.27513e-08
0.00509769 2.02757e-06 7.27017e-08
0.00509831 2.02611e-06 7.2652e-08
0.00509893 2.02465e-06 7.26023e-08
0.00509955 2.02318e-06 7.25526e-08
0.00510017 2.02172e-06 7.25028e-08
0.00510079 2.02025e-06 7.2453e-08
0.00510141 2.01878e-06 7.24032e-08
0.00510204 2.01732e-06 7.23533e-08
0.00510266 2.01585e-06 7.23033e-08
0.00510328 2.01438e-06 7.22534e-08
0.0051039 2.01291e-06 7.22034e-08
0.00510452 2.01143e-06 7.21533e-08
0.00510514 2.00996e-06 7.21033e-08
0.00510576 2.00849e-06 7.20532e-08
0.00510638 2.00701e-06 7.2003e-08
0.00510701 2.00554e-06 7.19528e-08
0.00510763 2.00406e-06 7.19026e-08
0.00510825 2.00259e-06 7.18524e-08
0.00510887 2.00111e-06 7.18021e-08
0.00510949 1.99963e-06 7.17517e-08
0.00511011 1.99815e-06 7.17014e-08
0.00511073 1.99667e-06 7.1651e-08
0.00511135 1.99519e-06 7.16005e-08
0.00511198 1.99371e-06 7.15501e-08
0.0051126 1.99223e-06 7.14996e-08
0.00511322 1.99075e-06 7.1449e-08
0.00511384 1.98926e-06 7.13984e-08
0.00511446 1.98778e-06 7.13478e-08
0.00511508 1.98629e-06 7.12972e-08
0.0051157 1.98481e-06 7.12465e-08
0.00511632 1.98332e-06 7.11958e-08
0.00511695 1.98184e-06 7.11451e-08
0.00511757 1.98094e-06 7.10943e-08
0.00511819 1.98057e-06 7.10435e-08
0.00511881 1.9802e-06 7.09926e-08
0.00511943 1.97984e-06 7.09418e-08
0.00512005 1.97947e-06 7.08909e-08
0.00512067 1.97909e-06 7.08399e-08
0.0051213 1.97872e-06 7.07889e-08
0.00512192 1.97835e-06 7.07379e-08
0.00512254 1.97797e-06 7.06869e-08
0.00512316 1.97759e-06 7.06358e-08
0.00512378 1.97721e-06 7.05847e-08
0.0051244 1.97683e-06 7.05336e-08
0.00512502 1.97645e-06 7.04824e-08
0.00512564 1.97607e-06 7.04312e-08
0.00512627 1.97568e-06 7.038e-08
0.00512689 1.9753e-06 7.03288e-08
0.00512751 1.97491e-06 7.02775e-08
0.00512813 1.97452e-06 7.02262e-08
0.00512875 1.97413e-06 7.01748e-08
0.00512937 1.97374e-06 7.01234e-08
0.00512999 1.97334e-06 7.0072e-08
0.00513061 1.97295e-06 7.00206e-08
0.00513124 1.97255e-06 6.99691e-08
0.00513186 1.97215e-06 6.99176e-08
0.00513248 1.97176e-06 6.98661e-08
0.0051331 1.97135e-06 6.98145e-08
0.00513372 1.97095e-06 6.97629e-08
0.00513434 1.97055e-06 6.97113e-08
0.00513496 1.97014e-06 6.96597e-08
0.00513558 1.96974e-06 6.9608e-08
0.00513621 1.96933e-06 6.95563e-08
0.00513683 1.96892e-06 6.95046e-08
0.00513745 1.96851e-06 6.94528e-08
0.00513807 1.96809e-06 6.94011e-08
0.00513869 1.96768e-06 6.93492e-08
0.00513931 1.96726e-06 6.92974e-08
0.00513993 1.96684e-06 6.92455e-08
0.00514056 1.96642e-06 6.91936e-08
0.00514118 1.966e-06 6.91417e-08
0.0051418 1.96558e-06 6.90898e-08
0.00514242 1.96516e-06 6.90378e-08
0.00514304 1.96473e-06 6.89858e-08
0.00514366 1.96431e-06 6.89338e-08
0.00514428 1.96388e-06 6.88817e-08
0.0051449 1.96345e-06 6.88296e-08
0.00514553 1.96302e-06 6.87775e-08
0.00514615 1.96258e-06 6.87254e-08
0.00514677 1.96215e-06 6.86732e-08
0.00514739 1.96171e-06 6.86211e-08
0.00514801 1.96127e-06 6.85689e-08
0.00514863 1.96083e-06 6.85166e-08
0.00514925 1.96039e-06 6.84644e-08
0.00514987 1.95995e-06 6.84121e-08
0.0051505 1.95951e-06 6.83598e-08
0.00515112 1.95906e-06 6.83074e-08
0.00515174 1.95861e-06 6.82551e-08
0.00515236 1.95816e-06 6.82027e-08
0.00515298 1.95771e-06 6.81503e-08
0.0051536 1.95726e-06 6.80978e-08
0.00515422 1.95681e-06 6.80454e-08
0.00515484 1.95635e-06 6.79929e-08
0.00515547 1.95589e-06 6.79404e-08
0.00515609 1.95544e-06 6.78879e-08
0.00515671 1.95498e-06 6.78353e-08
0.00515733 1.95451e-06 6.77827e-08
0.00515795 1.95405e-06 6.77301e-08
0.00515857 1.95359e-06 6.76775e-08
0.00515919 1.95312e-06 6.76249e-08
0.00515982 1.95265e-06 6.75722e-08
0.00516044 1.95218e-06 6.75195e-08
0.00516106 1.95171e-06 6.74668e-08
0.00516168 1.95124e-06 6.74141e-08
0.0051623 1.95076e-06 6.73613e-08
0.00516292 1.95028e-06 6.73085e-08
0.00516354 1.94981e-06 6.72557e-08
0.00516416 1.94933e-06 6.72029e-08
0.00516479 1.94884e-06 6.71501e-08
0.00516541 1.94836e-06 6.70972e-08
0.00516603 1.94788e-06 6.70443e-08
0.00516665 1.94739e-06 6.69914e-08
0.00516727 1.9469e-06 6.69384e-08
0.00516789 1.94641e-06 6.68855e-08
0.00516851 1.94592e-06 6.68325e-08
0.00516913 1.94542e-06 6.67795e-08
0.00516976 1.94493e-06 6.67265e-08
0.00517038 1.94443e-06 6.66735e-08
0.005171 1.94393e-06 6.66204e-08
0.00517162 1.94343e-06 6.65673e-08
0.00517224 1.94293e-06 6.65142e-08
0.00517286 1.94243e-06 6.64611e-08
0.00517348 1.94192e-06 6.6408e-08
0.0051741 1.94142e-06 6.63548e-08
0.00517473 1.94091e-06 6.63016e-08
0.00517535 1.9404e-06 6.62484e-08
0.00517597 1.93988e-06 6.61952e-08
0.00517659 1.93937e-06 6.6142e-08
0.00517721 1.93885e-06 6.60887e-08
0.00517783 1.93834e-06 6.60354e-08
0.00517845 1.93782e-06 6.59821e-08
0.00517908 1.9373e-06 6.59288e-08
0.0051797 1.93677e-06 6.58755e-08
0.00518032 1.93625e-06 6.58221e-08
0.00518094 1.93572e-06 6.57687e-08
0.00518156 1.93519e-06 6.57154e-08
0.00518218 1.93466e-06 6.56619e-08
0.0051828 1.93413e-06 6.56085e-08
0.00518342 1.9336e-06 6.55551e-08
0.00518405 1.93306e-06 6.55016e-08
0.00518467 1.93253e-06 6.54481e-08
0.00518529 1.93199e-06 6.53946e-08
0.00518591 1.93145e-06 6.53411e-08
0.00518653 1.9309e-06 6.52876e-08
0.00518715 1.93036e-06 6.5234e-08
0.00518777 1.92981e-06 6.51804e-08
0.00518839 1.92927e-06 6.51268e-08
0.00518902 1.92872e-06 6.50732e-08
0.00518964 1.92817e-06 6.50196e-08
0.00519026 1.92761e-06 6.4966e-08
0.00519088 1.92706e-06 6.49123e-08
0.0051915 1.9265e-06 6.48586e-08
0.00519212 1.92594e-06 6.48049e-08
0.00519274 1.92538e-06 6.47512e-08
0.00519336 1.92482e-06 6.46975e-08
0.00519399 1.92425e-06 6.46437e-08
0.00519461 1.92369e-06 6.459e-08
0.00519523 1.92312e-06 6.45362e-08
0.00519585 1.92255e-06 6.44824e-08
0.00519647 1.92198e-06 6.44286e-08
0.00519709 1.9214e-06 6.43748e-08
0.00519771 1.92083e-06 6.43209e-08
0.00519834 1.92025e-06 6.42671e-08
0.00519896 1.91967e-06 6.42132e-08
0.00519958 1.91909e-06 6.41593e-08
0.0052002 1.91851e-06 6.41054e-08
0.00520082 1.91792e-06 6.40515e-08
0.00520144 1.91734e-06 6.39975e-08
0.00520206 1.91675e-06 6.39436e-08
0.00520268 1.91616e-06 6.38896e-08
0.00520331 1.91556e-06 6.38356e-08
0.00520393 1.91497e-06 6.37816e-08
0.00520455 1.91437e-06 6.37276e-08
0.00520517 1.91378e-06 6.36736e-08
0.00520579 1.91318e-06 6.36195e-08
0.00520641 1.91257e-06 6.35655e-08
0.00520703 1.91197e-06 6.35114e-08
0.00520765 1.91136e-06 6.34573e-08
0.00520828 1.91076e-06 6.34032e-08
0.0052089 1.91015e-06 6.33491e-08
0.00520952 1.90953e-06 6.3295e-08
0.00521014 1.90892e-06 6.32408e-08
0.00521076 1.9083e-06 6.31867e-08
0.00521138 1.90769e-06 6.31325e-08
0.005212 1.90707e-06 6.30783e-08
0.00521262 1.90645e-06 6.30241e-08
0.00521325 1.90582e-06 6.29699e-08
0.00521387 1.9052e-06 6.29157e-08
0.00521449 1.90457e-06 6.28614e-08
0.00521511 1.90394e-06 6.28072e-08
0.00521573 1.90331e-06 6.27529e-08
0.00521635 1.90267e-06 6.26986e-08
0.00521697 1.90204e-06 6.26443e-08
0.0052176 1.9014e-06 6.259e-08
0.00521822 1.90076e-06 6.25357e-08
0.00521884 1.90012e-06 6.24813e-08
0.00521946 1.89948e-06 6.2427e-08
0.00522008 1.89883e-06 6.23726e-08
0.0052207 1.89818e-06 6.23182e-08
0.00522132 1.89753e-06 6.22638e-08
0.00522194 1.89688e-06 6.22094e-08
0.00522257 1.89623e-06 6.2155e-08
0.00522319 1.89557e-06 6.21006e-08
0.00522381 1.89492e-06 6.20462e-08
0.00522443 1.89426e-06 6.19917e-08
0.00522505 1.89359e-06 6.19372e-08
0.00522567 1.89293e-06 6.18828e-08
0.00522629 1.89226e-06 6.18283e-08
0.00522691 1.8916e-06 6.17738e-08
0.00522754 1.89093e-06 6.17192e-08
0.00522816 1.89025e-06 6.16647e-08
0.00522878 1.88958e-06 6.16102e-08
0.0052294 1.8889e-06 6.15556e-08
0.00523002 1.88823e-06 6.15011e-08
0.00523064 1.88755e-06 6.14465e-08
0.00523126 1.88686e-06 6.13919e-08
0.00523188 1.88618e-06 6.13373e-08
0.00523251 1.88549e-06 6.12827e-08
0.00523313 1.8848e-06 6.12281e-08
0.00523375 1.88411e-06 6.11734e-08
0.00523437 1.88342e-06 6.11188e-08
0.00523499 1.88272e-06 6.10641e-08
0.00523561 1.88203e-06 6.10095e-08
0.00523623 1.88133e-06 6.09548e-08
0.00523686 1.88063e-06 6.09001e-08
0.00523748 1.87992e-06 6.08454e-08
0.0052381 1.87922e-06 6.07907e-08
0.00523872 1.87851e-06 6.07359e-08
0.00523934 1.8778e-06 6.06812e-08
0.00523996 1.87709e-06 6.06265e-08
0.00524058 1.87637e-06 6.05717e-08
0.0052412 1.87566e-06 6.05169e-08
0.00524183 1.87494e-06 6.04621e-08
0.00524245 1.87422e-06 6.04074e-08
0.00524307 1.87349e-06 6.03526e-08
0.00524369 1.87277e-06 6.02977e-08
0.00524431 1.87204e-06 6.02429e-08
0.00524493 1.87131e-06 6.01881e-08
0.00524555 1.87058e-06 6.01332e-08
0.00524617 1.86985e-06 6.00784e-08
0.0052468 1.86911e-06 6.00235e-08
0.00524742 1.86837e-06 5.99686e-08
0.00524804 1.86763e-06 5.99138e-08
0.00524866 1.86689e-06 5.98589e-08
0.00524928 1.86614e-06 5.9804e-08
0.0052499 1.8654e-06 5.9749e-08
0.00525052 1.86465e-06 5.96941e-08
0.00525114 1.8639e-06 5.96392e-08
0.00525177 1.86314e-06 5.95842e-08
0.00525239 1.86239e-06 5.95293e-08
0.00525301 1.86163e-06 5.94743e-08
0.00525363 1.86087e-06 5.94193e-08
0.00525425 1.86011e-06 5.93644e-08
0.00525487 1.85934e-06 5.93094e-08
0.00525549 1.85857e-06 5.92544e-08
0.00525612 1.8578e-06 5.91993e-08
0.00525674 1.85703e-06 5.91443e-08
0.00525736 1.85626e-06 5.90893e-08
0.00525798 1.85548e-06 5.90342e-08
0.0052586 1.8547e-06 5.89792e-08
0.00525922 1.85392e-06 5.89241e-08
0.00525984 1.85314e-06 5.88691e-08
0.00526046 1.85236e-06 5.8814e-08
0.00526109 1.85157e-06 5.87589e-08
0.00526171 1.85078e-06 5.87038e-08
0.00526233 1.84999e-06 5.86487e-08
0.00526295 1.84919e-06 5.85936e-08
0.00526357 1.84839e-06 5.85384e-08
0.00526419 1.8476e-06 5.84833e-08
0.00526481 1.84679e-06 5.84282e-08
0.00526543 1.84599e-06 5.8373e-08
0.00526606 1.84518e-06 5.83178e-08
0.00526668 1.84438e-06 5.82627e-08
0.0052673 1.84357e-06 5.82075e-08
0.00526792 1.84275e-06 5.81523e-08
0.00526854 1.84194e-06 5.80971e-08
0.00526916 1.84112e-06 5.80419e-08
0.00526978 1.8403e-06 5.79867e-08
0.0052704 1.83948e-06 5.79315e-08
0.00527103 1.83865e-06 5.78762e-08
0.00527165 1.83783e-06 5.7821e-08
0.00527227 1.837e-06 5.77657e-08
0.00527289 1.83617e-06 5.77105e-08
0.00527351 1.83533e-06 5.76552e-08
0.00527413 1.8345e-06 5.75999e-08
0.00527475 1.83366e-06 5.75446e-08
0.00527538 1.83282e-06 5.74894e-08
0.005276 1.83197e-06 5.74341e-08
0.00527662 1.83113e-06 5.73787e-08
0.00527724 1.83028e-06 5.73234e-08
0.00527786 1.82943e-06 5.72681e-08
0.00527848 1.82857e-06 5.72128e-08
0.0052791 1.82772e-06 5.71574e-08
0.00527972 1.82686e-06 5.71021e-08
0.00528035 1.826e-06 5.70467e-08
0.00528097 1.82514e-06 5.69914e-08
0.00528159 1.82427e-06 5.6936e-08
0.00528221 1.82341e-06 5.68806e-08
0.00528283 1.82254e-06 5.68252e-08
0.00528345 1.82166e-06 5.67698e-08
0.00528407 1.82079e-06 5.67144e-08
0.00528469 1.81991e-06 5.6659e-08
0.00528532 1.81903e-06 5.66036e-08
0.00528594 1.81815e-06 5.65481e-08
0.00528656 1.81727e-06 5.64927e-08
0.00528718 1.81638e-06 5.64373e-08
0.0052878 1.81549e-06 5.63818e-08
0.00528842 1.8146e-06 5.63264e-08
0.00528904 1.8137e-06 5.62709e-08
0.00528966 1.81281e-06 5.62154e-08
0.00529029 1.81191e-06 5.61599e-08
0.00529091 1.81101e-06 5.61044e-08
0.00529153 1.8101e-06 5.60489e-08
0.00529215 1.8092e-06 5.59934e-08
0.00529277 1.80829e-06 5.59379e-08
0.00529339 1.80737e-06 5.58824e-08
0.00529401 1.80646e-06 5.58269e-08
0.00529464 1.80554e-06 5.57713e-08
0.00529526 1.80463e-06 5.57158e-08
0.00529588 1.8037e-06 5.56602e-08
0.0052965 1.80278e-06 5.56047e-08
0.00529712 1.80185e-06 5.55491e-08
0.00529774 1.80092e-06 5.54936e-08
0.00529836 1.79999e-06 5.5438e-08
0.00529898 1.79906e-06 5.53824e-08
0.00529961 1.79812e-06 5.53268e-08
0.00530023 1.79718e-06 5.52712e-08
0.00530085 1.79624e-06 5.52156e-08
0.00530147 1.7953e-06 5.516e-08
0.00530209 1.79435e-06 5.51043e-08
0.00530271 1.7934e-06 5.50487e-08
0.00530333 1.79245e-06 5.49931e-08
0.00530395 1.7915e-06 5.49374e-08
0.00530458 1.79054e-06 5.48818e-08
0.0053052 1.78958e-06 5.48261e-08
0.00530582 1.78862e-06 5.47705e-08
0.00530644 1.78765e-06 5.47148e-08
0.00530706 1.78669e-06 5.46591e-08
0.00530768 1.78572e-06 5.46034e-08
0.0053083 1.78474e-06 5.45477e-08
0.00530892 1.78377e-06 5.4492e-08
0.00530955 1.78279e-06 5.44363e-08
0.00531017 1.78181e-06 5.43806e-08
0.00531079 1.78083e-06 5.43249e-08
0.00531141 1.77985e-06 5.42692e-08
0.00531203 1.77886e-06 5.42134e-08
0.00531265 1.77787e-06 5.41577e-08
0.00531327 1.77687e-06 5.41019e-08
0.0053139 1.77588e-06 5.40462e-08
0.00531452 1.77488e-06 5.39904e-08
0.00531514 1.77388e-06 5.39347e-08
0.00531576 1.77288e-06 5.38789e-08
0.00531638 1.77187e-06 5.38231e-08
0.005317 1.77086e-06 5.37673e-08
0.00531762 1.76985e-06 5.37115e-08
0.00531824 1.76884e-06 5.36557e-08
0.00531887 1.76782e-06 5.35999e-08
0.00531949 1.7668e-06 5.35441e-08
0.00532011 1.76578e-06 5.34883e-08
0.00532073 1.76476e-06 5.34324e-08
0.00532135 1.76373e-06 5.33766e-08
0.00532197 1.7627e-06 5.33208e-08
0.00532259 1.76167e-06 5.32649e-08
0.00532321 1.76063e-06 5.32091e-08
0.00532384 1.7596e-06 5.31532e-08
0.00532446 1.75856e-06 5.30973e-08
0.00532508 1.75752e-06 5.30415e-08
0.0053257 1.75647e-06 5.29856e-08
0.00532632 1.75542e-06 5.29297e-08
0.00532694 1.75437e-06 5.28738e-08
0.00532756 1.75332e-06 5.28179e-08
0.00532818 1.75226e-06 5.2762e-08
0.00532881 1.7512e-06 5.27061e-08
0.00532943 1.75014e-06 5.26502e-08
0.00533005 1.74908e-06 5.25942e-08
0.00533067 1.74801e-06 5.25383e-08
0.00533129 1.74694e-06 5.24824e-08
0.00533191 1.74587e-06 5.24264e-08
0.00533253 1.7448e-06 5.23705e-08
0.00533316 1.74372e-06 5.23145e-08
0.00533378 1.74264e-06 5.22586e-08
0.0053344 1.74156e-06 5.22026e-08
0.00533502 1.74047e-06 5.21466e-08
0.00533564 1.73938e-06 5.20906e-08
0.00533626 1.73829e-06 5.20347e-08
0.00533688 1.7372e-06 5.19787e-08
0.0053375 1.7361e-06 5.19227e-08
0.00533813 1.735e-06 5.18667e-08
0.00533875 1.7339e-06 5.18107e-08
0.00533937 1.7328e-06 5.17546e-08
0.00533999 1.73169e-06 5.16986e-08
0.00534061 1.73058e-06 5.16426e-08
0.00534123 1.72947e-06 5.15865e-08
0.00534185 1.72835e-06 5.15305e-08
0.00534247 1.72723e-06 5.14744e-08
0.0053431 1.72611e-06 5.14184e-08
0.00534372 1.72499e-06 5.13623e-08
0.00534434 1.72386e-06 5.13063e-08
0.00534496 1.72273e-06 5.12502e-08
0.00534558 1.7216e-06 5.11941e-08
0.0053462 1.72047e-06 5.1138e-08
0.00534682 1.71933e-06 5.10819e-08
0.00534744 1.71819e-06 5.10258e-08
0.00534807 1.71705e-06 5.09697e-08
0.00534869 1.7159e-06 5.09136e-08
0.00534931 1.71475e-06 5.08575e-08
0.00534993 1.7136e-06 5.08014e-08
0.00535055 1.71245e-06 5.07453e-08
0.00535117 1.71129e-06 5.06891e-08
0.00535179 1.71013e-06 5.0633e-08
0.00535242 1.70897e-06 5.05768e-08
0.00535304 1.70781e-06 5.05207e-08
0.00535366 1.70664e-06 5.04645e-08
0.00535428 1.70547e-06 5.04084e-08
0.0053549 1.7043e-06 5.03522e-08
0.00535552 1.70312e-06 5.0296e-08
0.00535614 1.70194e-06 5.02398e-08
0.00535676 1.70076e-06 5.01837e-08
0.00535739 1.69958e-06 5.01275e-08
0.00535801 1.69839e-06 5.00713e-08
0.00535863 1.6972e-06 5.00151e-08
0.00535925 1.69601e-06 4.99588e-08
0.00535987 1.69481e-06 4.99026e-08
0.00536049 1.69361e-06 4.98464e-08
0.00536111 1.69241e-06 4.97902e-08
0.00536173 1.69121e-06 4.97339e-08
0.00536236 1.69e-06 4.96777e-08
0.00536298 1.68879e-06 4.96215e-08
0.0053636 1.68758e-06 4.95652e-08
0.00536422 1.68637e-06 4.9509e-08
0.00536484 1.68515e-06 4.94527e-08
0.00536546 1.68393e-06 4.93964e-08
0.00536608 1.6827e-06 4.93401e-08
0.0053667 1.68148e-06 4.92839e-08
0.00536733 1.68025e-06 4.92276e-08
0.00536795 1.67902e-06 4.91713e-08
0.00536857 1.67778e-06 4.9115e-08
0.00536919 1.67654e-06 4.90587e-08
0.00536981 1.6753e-06 4.90024e-08
0.00537043 1.67406e-06 4.89461e-08
0.00537105 1.67281e-06 4.88897e-08
0.00537168 1.67157e-06 4.88334e-08
0.0053723 1.67031e-06 4.87771e-08
0.00537292 1.66906e-06 4.87207e-08
0.00537354 1.6678e-06 4.86644e-08
0.00537416 1.66654e-06 4.8608e-08
0.00537478 1.66528e-06 4.85517e-08
0.0053754 1.66401e-06 4.84953e-08
0.00537602 1.66274e-06 4.8439e-08
0.00537665 1.66147e-06 4.83826e-08
0.00537727 1.6602e-06 4.83262e-08
0.00537789 1.65892e-06 4.82698e-08
0.00537851 1.65764e-06 4.82134e-08
0.00537913 1.65636e-06 4.8157e-08
0.00537975 1.65507e-06 4.81006e-08
0.00538037 1.65378e-06 4.80442e-08
0.00538099 1.65249e-06 4.79878e-08
0.00538162 1.6512e-06 4.79314e-08
0.00538224 1.6499e-06 4.7875e-08
0.00538286 1.6486e-06 4.78185e-08
0.00538348 1.6473e-06 4.77621e-08
0.0053841 1.64599e-06 4.77057e-08
0.00538472 1.64468e-06 4.76492e-08
0.00538534 1.64337e-06 4.75928e-08
0.00538596 1.64206e-06 4.75363e-08
0.00538659 1.64074e-06 4.74798e-08
0.00538721 1.63942e-06 4.74234e-08
0.00538783 1.6381e-06 4.73669e-08
0.00538845 1.63677e-06 4.73104e-08
0.00538907 1.63544e-06 4.72539e-08
0.00538969 1.63411e-06 4.71974e-08
0.00539031 1.63278e-06 4.7141e-08
0.00539094 1.63144e-06 4.70845e-08
0.00539156 1.6301e-06 4.70279e-08
0.00539218 1.62876e-06 4.69714e-08
0.0053928 1.62741e-06 4.69149e-08
0.00539342 1.62606e-06 4.68584e-08
0.00539404 1.62471e-06 4.68019e-08
0.00539466 1.62336e-06 4.67453e-08
0.00539528 1.622e-06 4.66888e-08
0.00539591 1.62064e-06 4.66322e-08
0.00539653 1.61927e-06 4.65757e-08
0.00539715 1.61791e-06 4.65191e-08
0.00539777 1.61654e-06 4.64626e-08
0.00539839 1.61517e-06 4.6406e-08
0.00539901 1.61379e-06 4.63494e-08
0.00539963 1.61242e-06 4.62928e-08
0.00540025 1.61103e-06 4.62362e-08
0.00540088 1.60965e-06 4.61797e-08
0.0054015 1.60827e-06 4.61231e-08
0.00540212 1.60688e-06 4.60665e-08
0.00540274 1.60548e-06 4.60098e-08
0.00540336 1.60409e-06 4.59532e-08
0.00540398 1.60269e-06 4.58966e-08
0.0054046 1.60129e-06 4.584e-08
0.00540522 1.59989e-06 4.57834e-08
0.00540585 1.59848e-06 4.57267e-08
0.00540647 1.59707e-06 4.56701e-08
0.00540709 1.59566e-06 4.56134e-08
0.00540771 1.59424e-06 4.55568e-08
0.00540833 1.59283e-06 4.55001e-08
0.00540895 1.5914e-06 4.54435e-08
0.00540957 1.58998e-06 4.53868e-08
0.0054102 1.58855e-06 4.53301e-08
0.00541082 1.58712e-06 4.52734e-08
0.00541144 1.58569e-06 4.52168e-08
0.00541206 1.58426e-06 4.51601e-08
0.00541268 1.58282e-06 4.51034e-08
0.0054133 1.58138e-06 4.50467e-08
0.00541392 1.57993e-06 4.499e-08
0.00541454 1.57849e-06 4.49333e-08
0.00541517 1.57704e-06 4.48765e-08
0.00541579 1.57558e-06 4.48198e-08
0.00541641 1.57413e-06 4.47631e-08
0.00541703 1.57267e-06 4.47064e-08
0.00541765 1.57121e-06 4.46496e-08
0.00541827 1.56974e-06 4.45929e-08
0.00541889 1.56828e-06 4.45361e-08
0.00541951 1.56681e-06 4.44794e-08
0.00542014 1.56533e-06 4.44226e-08
0.00542076 1.56386e-06 4.43659e-08
0.00542138 1.56238e-06 4.43091e-08
0.005422 1.5609e-06 4.42523e-08
0.00542262 1.55941e-06 4.41955e-08
0.00542324 1.55792e-06 4.41387e-08
0.00542386 1.55643e-06 4.40819e-08
0.00542448 1.55494e-06 4.40252e-08
0.00542511 1.55344e-06 4.39683e-08
0.00542573 1.55194e-06 4.39115e-08
0.00542635 1.55044e-06 4.38547e-08
0.00542697 1.54894e-06 4.37979e-08
0.00542759 1.54743e-06 4.37411e-08
0.00542821 1.54592e-06 4.36843e-08
0.00542883 1.54441e-06 4.36274e-08
0.00542946 1.54289e-06 4.35706e-08
0.00543008 1.54137e-06 4.35137e-08
0.0054307 1.53985e-06 4.34569e-08
0.00543132 1.53832e-06 4.34e-08
0.00543194 1.53679e-06 4.33432e-08
0.00543256 1.53526e-06 4.32863e-08
0.00543318 1.53373e-06 4.32294e-08
0.0054338 1.53219e-06 4.31726e-08
0.00543443 1.53065e-06 4.31157e-08
0.00543505 1.52911e-06 4.30588e-08
0.00543567 1.52757e-06 4.30019e-08
0.00543629 1.52602e-06 4.2945e-08
0.00543691 1.52447e-06 4.28881e-08
0.00543753 1.52291e-06 4.28312e-08
0.00543815 1.52136e-06 4.27743e-08
0.00543877 1.5198e-06 4.27174e-08
0.0054394 1.51823e-06 4.26604e-08
0.00544002 1.51667e-06 4.26035e-08
0.00544064 1.5151e-06 4.25466e-08
0.00544126 1.51353e-06 4.24897e-08
0.00544188 1.51195e-06 4.24327e-08
0.0054425 1.51038e-06 4.23758e-08
0.00544312 1.5088e-06 4.23188e-08
0.00544374 1.50721e-06 4.22618e-08
0.00544437 1.50563e-06 4.22049e-08
0.00544499 1.50404e-06 4.21479e-08
0.00544561 1.50245e-06 4.20909e-08
0.00544623 1.50086e-06 4.2034e-08
0.00544685 1.49926e-06 4.1977e-08
0.00544747 1.49766e-06 4.192e-08
0.00544809 1.49606e-06 4.1863e-08
0.00544872 1.49445e-06 4.1806e-08
0.00544934 1.49284e-06 4.1749e-08
0.00544996 1.49123e-06 4.1692e-08
0.00545058 1.48962e-06 4.1635e-08
0.0054512 1.488e-06 4.1578e-08
0.00545182 1.48638e-06 4.15209e-08
0.00545244 1.48476e-06 4.14639e-08
0.00545306 1.48313e-06 4.14069e-08
0.00545369 1.4815e-06 4.13498e-08
0.00545431 1.47987e-06 4.12928e-08
0.00545493 1.47824e-06 4.12357e-08
0.00545555 1.4766e-06 4.11787e-08
0.00545617 1.47496e-06 4.11216e-08
0.00545679 1.47332e-06 4.10646e-08
0.00545741 1.47167e-06 4.10075e-08
0.00545803 1.47002e-06 4.09567e-08
0.00545866 1.46837e-06 4.0911e-08
0.00545928 1.46672e-06 4.08653e-08
0.0054599 1.46506e-06 4.08195e-08
0.00546052 1.4634e-06 4.07736e-08
0.00546114 1.46174e-06 4.07276e-08
0.00546176 1.46007e-06 4.06816e-08
0.00546238 1.4584e-06 4.06354e-08
0.005463 1.45673e-06 4.05892e-08
0.00546363 1.45506e-06 4.0543e-08
0.00546425 1.45338e-06 4.04966e-08
0.00546487 1.4517e-06 4.04501e-08
0.00546549 1.45002e-06 4.04036e-08
0.00546611 1.44833e-06 4.0357e-08
0.00546673 1.44664e-06 4.03104e-08
0.00546735 1.44495e-06 4.02636e-08
0.00546798 1.44326e-06 4.02168e-08
0.0054686 1.44156e-06 4.01699e-08
0.00546922 1.43986e-06 4.01229e-08
0.00546984 1.43816e-06 4.00758e-08
0.00547046 1.43646e-06 4.00287e-08
0.00547108 1.43475e-06 3.99814e-08
0.0054717 1.43304e-06 3.99341e-08
0.00547232 1.43132e-06 3.98868e-08
0.00547295 1.42961e-06 3.98393e-08
0.00547357 1.42789e-06 3.97918e-08
0.00547419 1.42617e-06 3.97442e-08
0.00547481 1.42444e-06 3.96965e-08
0.00547543 1.42272e-06 3.96487e-08
0.00547605 1.42099e-06 3.96009e-08
0.00547667 1.41925e-06 3.95529e-08
0.00547729 1.41752e-06 3.95049e-08
0.00547792 1.41578e-06 3.94569e-08
0.00547854 1.41404e-06 3.94087e-08
0.00547916 1.41229e-06 3.93605e-08
0.00547978 1.41055e-06 3.93122e-08
0.0054804 1.4088e-06 3.92638e-08
0.00548102 1.40704e-06 3.92153e-08
0.00548164 1.40529e-06 3.91668e-08
0.00548226 1.40353e-06 3.91182e-08
0.00548289 1.40177e-06 3.90695e-08
0.00548351 1.40001e-06 3.90208e-08
0.00548413 1.39824e-06 3.89719e-08
0.00548475 1.39647e-06 3.8923e-08
0.00548537 1.3947e-06 3.8874e-08
0.00548599 1.39293e-06 3.88249e-08
0.00548661 1.39115e-06 3.87758e-08
0.00548724 1.38937e-06 3.87266e-08
0.00548786 1.38759e-06 3.86773e-08
0.00548848 1.3858e-06 3.86279e-08
0.0054891 1.38401e-06 3.85784e-08
0.00548972 1.38222e-06 3.85289e-08
0.00549034 1.38046e-06 3.84793e-08
0.00549096 1.3787e-06 3.84296e-08
0.00549158 1.37694e-06 3.83799e-08
0.00549221 1.37517e-06 3.83301e-08
0.00549283 1.37341e-06 3.82802e-08
0.00549345 1.37164e-06 3.82302e-08
0.00549407 1.36987e-06 3.81801e-08
0.00549469 1.36809e-06 3.813e-08
0.00549531 1.36631e-06 3.80798e-08
0.00549593 1.36454e-06 3.80295e-08
0.00549655 1.36275e-06 3.79792e-08
0.00549718 1.36097e-06 3.79288e-08
0.0054978 1.35918e-06 3.78783e-08
0.00549842 1.35739e-06 3.78277e-08
0.00549904 1.3556e-06 3.7777e-08
0.00549966 1.3538e-06 3.77263e-08
0.00550028 1.352e-06 3.76755e-08
0.0055009 1.3502e-06 3.76246e-08
0.00550152 1.3484e-06 3.75737e-08
0.00550215 1.3466e-06 3.75227e-08
0.00550277 1.34479e-06 3.74716e-08
0.00550339 1.34298e-06 3.74204e-08
0.00550401 1.34116e-06 3.73692e-08
0.00550463 1.33935e-06 3.73179e-08
0.00550525 1.33753e-06 3.72665e-08
0.00550587 1.33571e-06 3.7215e-08
0.0055065 1.33388e-06 3.71635e-08
0.00550712 1.33206e-06 3.71119e-08
0.00550774 1.33023e-06 3.70602e-08
0.00550836 1.32839e-06 3.70085e-08
0.00550898 1.32656e-06 3.69566e-08
0.0055096 1.32472e-06 3.69047e-08
0.00551022 1.32288e-06 3.68528e-08
0.00551084 1.32104e-06 3.68007e-08
0.00551147 1.3192e-06 3.67486e-08
0.00551209 1.31735e-06 3.66964e-08
0.00551271 1.3155e-06 3.66442e-08
0.00551333 1.31365e-06 3.65918e-08
0.00551395 1.31186e-06 3.65394e-08
0.00551457 1.31009e-06 3.64869e-08
0.00551519 1.30831e-06 3.64344e-08
0.00551581 1.30653e-06 3.63818e-08
0.00551644 1.30475e-06 3.63291e-08
0.00551706 1.30296e-06 3.62763e-08
0.00551768 1.30117e-06 3.62235e-08
0.0055183 1.29938e-06 3.61706e-08
0.00551892 1.29759e-06 3.61176e-08
0.00551954 1.2958e-06 3.60646e-08
0.00552016 1.294e-06 3.60115e-08
0.00552078 1.2922e-06 3.59583e-08
0.00552141 1.2904e-06 3.5905e-08
0.00552203 1.28859e-06 3.58517e-08
0.00552265 1.28679e-06 3.57983e-08
0.00552327 1.28498e-06 3.57448e-08
0.00552389 1.28317e-06 3.56913e-08
0.00552451 1.28135e-06 3.56377e-08
0.00552513 1.27953e-06 3.5584e-08
0.00552576 1.27772e-06 3.55302e-08
0.00552638 1.27589e-06 3.54764e-08
0.005527 1.27407e-06 3.54225e-08
0.00552762 1.27224e-06 3.53686e-08
0.00552824 1.27042e-06 3.53146e-08
0.00552886 1.26859e-06 3.52605e-08
0.00552948 1.26675e-06 3.52063e-08
0.0055301 1.26492e-06 3.51521e-08
0.00553073 1.26308e-06 3.50978e-08
0.00553135 1.26124e-06 3.50434e-08
0.00553197 1.2594e-06 3.4989e-08
0.00553259 1.25755e-06 3.49345e-08
0.00553321 1.2557e-06 3.48799e-08
0.00553383 1.25385e-06 3.48252e-08
0.00553445 1.252e-06 3.47705e-08
0.00553507 1.25015e-06 3.47157e-08
0.0055357 1.24829e-06 3.46609e-08
0.00553632 1.24643e-06 3.4606e-08
0.00553694 1.24457e-06 3.4551e-08
0.00553756 1.24271e-06 3.4496e-08
0.00553818 1.24084e-06 3.44408e-08
0.0055388 1.23898e-06 3.43857e-08
0.00553942 1.23711e-06 3.43304e-08
0.00554004 1.23523e-06 3.42751e-08
0.00554067 1.23336e-06 3.42197e-08
0.00554129 1.23148e-06 3.41643e-08
0.00554191 1.2296e-06 3.41087e-08
0.00554253 1.22772e-06 3.40532e-08
0.00554315 1.22584e-06 3.39975e-08
0.00554377 1.22395e-06 3.39418e-08
0.00554439 1.22206e-06 3.3886e-08
0.00554502 1.22017e-06 3.38302e-08
0.00554564 1.21828e-06 3.37743e-08
0.00554626 1.21638e-06 3.37183e-08
0.00554688 1.21448e-06 3.36622e-08
0.0055475 1.21258e-06 3.36061e-08
0.00554812 1.21068e-06 3.355e-08
0.00554874 1.20878e-06 3.34937e-08
0.00554936 1.20687e-06 3.34374e-08
0.00554999 1.20496e-06 3.33811e-08
0.00555061 1.20305e-06 3.33246e-08
0.00555123 1.20114e-06 3.32681e-08
0.00555185 1.19922e-06 3.32116e-08
0.00555247 1.19731e-06 3.31549e-08
0.00555309 1.19539e-06 3.30983e-08
0.00555371 1.19347e-06 3.30415e-08
0.00555433 1.19154e-06 3.29847e-08
0.00555496 1.18962e-06 3.29278e-08
0.00555558 1.18769e-06 3.28709e-08
0.0055562 1.18576e-06 3.28139e-08
0.00555682 1.18382e-06 3.27568e-08
0.00555744 1.18189e-06 3.26997e-08
0.00555806 1.17995e-06 3.26425e-08
0.00555868 1.17801e-06 3.25852e-08
0.0055593 1.17607e-06 3.25279e-08
0.00555993 1.17413e-06 3.24705e-08
0.00556055 1.17218e-06 3.24131e-08
0.00556117 1.17024e-06 3.23556e-08
0.00556179 1.16829e-06 3.2298e-08
0.00556241 1.16633e-06 3.22404e-08
0.00556303 1.16438e-06 3.21827e-08
0.00556365 1.16242e-06 3.2125e-08
0.00556428 1.16047e-06 3.20672e-08
0.0055649 1.15851e-06 3.20093e-08
0.00556552 1.15654e-06 3.19514e-08
0.00556614 1.15458e-06 3.18934e-08
0.00556676 1.15261e-06 3.18353e-08
0.00556738 1.15064e-06 3.17772e-08
0.005568 1.14867e-06 3.1719e-08
0.00556862 1.1467e-06 3.16608e-08
0.00556925 1.14472e-06 3.16025e-08
0.00556987 1.14275e-06 3.15442e-08
0.00557049 1.14077e-06 3.14858e-08
0.00557111 1.13879e-06 3.14273e-08
0.00557173 1.1368e-06 3.13688e-08
0.00557235 1.13482e-06 3.13102e-08
0.00557297 1.13283e-06 3.12515e-08
0.00557359 1.13084e-06 3.11928e-08
0.00557422 1.12885e-06 3.1134e-08
0.00557484 1.12686e-06 3.10752e-08
0.00557546 1.12486e-06 3.10163e-08
0.00557608 1.123e-06 3.09574e-08
0.0055767 1.12117e-06 3.08984e-08
0.00557732 1.11934e-06 3.08394e-08
0.00557794 1.1175e-06 3.07803e-08
0.00557856 1.11567e-06 3.07211e-08
0.00557919 1.11383e-06 3.06619e-08
0.00557981 1.11199e-06 3.06026e-08
0.00558043 1.11015e-06 3.05432e-08
0.00558105 1.1083e-06 3.04838e-08
0.00558167 1.10646e-06 3.04244e-08
0.00558229 1.10461e-06 3.03649e-08
0.00558291 1.10276e-06 3.03053e-08
0.00558354 1.10091e-06 3.02457e-08
0.00558416 1.09906e-06 3.0186e-08
0.00558478 1.09721e-06 3.01263e-08
0.0055854 1.09535e-06 3.00665e-08
0.00558602 1.09349e-06 3.00067e-08
0.00558664 1.09163e-06 2.99468e-08
0.00558726 1.08977e-06 2.98868e-08
0.00558788 1.08791e-06 2.98268e-08
0.00558851 1.08604e-06 2.97668e-08
0.00558913 1.08417e-06 2.97066e-08
0.00558975 1.08231e-06 2.96465e-08
0.00559037 1.08043e-06 2.95862e-08
0.00559099 1.07856e-06 2.9526e-08
0.00559161 1.07669e-06 2.94656e-08
0.00559223 1.07481e-06 2.94053e-08
0.00559285 1.07294e-06 2.93448e-08
0.00559348 1.07106e-06 2.92843e-08
0.0055941 1.06917e-06 2.92238e-08
0.00559472 1.06729e-06 2.91632e-08
0.00559534 1.06541e-06 2.91025e-08
0.00559596 1.06352e-06 2.90418e-08
0.00559658 1.06163e-06 2.89811e-08
0.0055972 1.05974e-06 2.89203e-08
0.00559782 1.05785e-06 2.88594e-08
0.00559845 1.05596e-06 2.87985e-08
0.00559907 1.05406e-06 2.87376e-08
0.00559969 1.05217e-06 2.86765e-08
0.00560031 1.05027e-06 2.86155e-08
0.00560093 1.04837e-06 2.85544e-08
0.00560155 1.04647e-06 2.84932e-08
0.00560217 1.04457e-06 2.8432e-08
0.0056028 1.0429e-06 2.83707e-08
0.00560342 1.04123e-06 2.83094e-08
0.00560404 1.03957e-06 2.82481e-08
0.00560466 1.0379e-06 2.81866e-08
0.00560528 1.03623e-06 2.81252e-08
0.0056059 1.03456e-06 2.80637e-08
0.00560652 1.03289e-06 2.80021e-08
0.00560714 1.03122e-06 2.79405e-08
0.00560777 1.02954e-06 2.78788e-08
0.00560839 1.02787e-06 2.78171e-08
0.00560901 1.02619e-06 2.77554e-08
0.00560963 1.02451e-06 2.76936e-08
0.00561025 1.02283e-06 2.76317e-08
0.00561087 1.02115e-06 2.75698e-08
0.00561149 1.01946e-06 2.75079e-08
0.00561211 1.01778e-06 2.74459e-08
0.00561274 1.01609e-06 2.73838e-08
0.00561336 1.0144e-06 2.73217e-08
0.00561398 1.01271e-06 2.72596e-08
0.0056146 1.01102e-06 2.71974e-08
0.00561522 1.00933e-06 2.71352e-08
0.00561584 1.00764e-06 2.70729e-08
0.00561646 1.00594e-06 2.70106e-08
0.00561708 1.00425e-06 2.69482e-08
0.00561771 1.00255e-06 2.68858e-08
0.00561833 1.00085e-06 2.68233e-08
0.00561895 9.99151e-07 2.67608e-08
0.00561957 9.97449e-07 2.66983e-08
0.00562019 9.95745e-07 2.66357e-08
0.00562081 9.94041e-07 2.6573e-08
0.00562143 9.92335e-07 2.65104e-08
0.00562206 9.90627e-07 2.64476e-08
0.00562268 9.88919e-07 2.63849e-08
0.0056233 9.87209e-07 2.6322e-08
0.00562392 9.85497e-07 2.62592e-08
0.00562454 9.83784e-07 2.61963e-08
0.00562516 9.8207e-07 2.61333e-08
0.00562578 9.80356e-07 2.60703e-08
0.0056264 9.78643e-07 2.60073e-08
0.00562703 9.76928e-07 2.59442e-08
0.00562765 9.75212e-07 2.58811e-08
0.00562827 9.73495e-07 2.58179e-08
0.00562889 9.71777e-07 2.57547e-08
0.00562951 9.70057e-07 2.56915e-08
0.00563013 9.68335e-07 2.56282e-08
0.00563075 9.66613e-07 2.55649e-08
0.00563137 9.64889e-07 2.55015e-08
0.005632 9.63164e-07 2.54381e-08
0.00563262 9.61438e-07 2.53746e-08
0.00563324 9.5971e-07 2.53111e-08
0.00563386 9.57981e-07 2.52476e-08
0.00563448 9.56251e-07 2.5184e-08
0.0056351 9.54519e-07 2.51204e-08
0.00563572 9.52786e-07 2.50568e-08
0.00563634 9.51052e-07 2.49931e-08
0.00563697 9.49317e-07 2.49293e-08
0.00563759 9.4758e-07 2.48656e-08
0.00563821 9.45842e-07 2.48018e-08
0.00563883 9.44103e-07 2.47379e-08
0.00563945 9.42363e-07 2.4674e-08
0.00564007 9.40622e-07 2.46101e-08
0.00564069 9.38879e-07 2.45461e-08
0.00564132 9.37135e-07 2.44821e-08
0.00564194 9.35389e-07 2.44181e-08
0.00564256 9.33643e-07 2.4354e-08
0.00564318 9.31895e-07 2.42899e-08
0.0056438 9.30147e-07 2.42257e-08
0.00564442 9.28396e-07 2.41615e-08
0.00564504 9.26645e-07 2.40973e-08
0.00564566 9.24893e-07 2.4033e-08
0.00564629 9.23139e-07 2.39687e-08
0.00564691 9.21384e-07 2.39044e-08
0.00564753 9.19628e-07 2.384e-08
0.00564815 9.17871e-07 2.37756e-08
0.00564877 9.16113e-07 2.37112e-08
0.00564939 9.14353e-07 2.36467e-08
0.00565001 9.12592e-07 2.35822e-08
0.00565063 9.10831e-07 2.35176e-08
0.00565126 9.09068e-07 2.3453e-08
0.00565188 9.07303e-07 2.33884e-08
0.0056525 9.05538e-07 2.33237e-08
0.00565312 9.03772e-07 2.3259e-08
0.00565374 9.02004e-07 2.31943e-08
0.00565436 9.00235e-07 2.31296e-08
0.00565498 8.98466e-07 2.30648e-08
0.0056556 8.96695e-07 2.29999e-08
0.00565623 8.94923e-07 2.29351e-08
0.00565685 8.93149e-07 2.28702e-08
0.00565747 8.91375e-07 2.28053e-08
0.00565809 8.896e-07 2.27403e-08
0.00565871 8.87823e-07 2.26753e-08
0.00565933 8.86046e-07 2.26103e-08
0.00565995 8.84267e-07 2.25453e-08
0.00566058 8.82487e-07 2.24802e-08
0.0056612 8.80706e-07 2.24151e-08
0.00566182 8.78925e-07 2.23499e-08
0.00566244 8.77142e-07 2.22847e-08
0.00566306 8.75358e-07 2.22195e-08
0.00566368 8.73573e-07 2.21543e-08
0.0056643 8.71786e-07 2.2089e-08
0.00566492 8.69999e-07 2.20237e-08
0.00566555 8.68211e-07 2.19584e-08
0.00566617 8.66422e-07 2.1893e-08
0.00566679 8.64632e-07 2.18276e-08
0.00566741 8.6284e-07 2.17622e-08
0.00566803 8.61048e-07 2.16968e-08
0.00566865 8.59255e-07 2.16313e-08
0.00566927 8.5746e-07 2.15658e-08
0.00566989 8.55665e-07 2.15002e-08
0.00567052 8.53869e-07 2.14347e-08
0.00567114 8.52071e-07 2.13691e-08
0.00567176 8.50273e-07 2.13035e-08
0.00567238 8.48473e-07 2.12378e-08
0.005673 8.46673e-07 2.11722e-08
0.00567362 8.44872e-07 2.11065e-08
0.00567424 8.4307e-07 2.10407e-08
0.00567486 8.41266e-07 2.0975e-08
0.00567549 8.39462e-07 2.09092e-08
0.00567611 8.37657e-07 2.08434e-08
0.00567673 8.35851e-07 2.07775e-08
0.00567735 8.34044e-07 2.07117e-08
0.00567797 8.32236e-07 2.06458e-08
0.00567859 8.30427e-07 2.05799e-08
0.00567921 8.28617e-07 2.0514e-08
0.00567984 8.26806e-07 2.0448e-08
0.00568046 8.24994e-07 2.0382e-08
0.00568108 8.23182e-07 2.0316e-08
0.0056817 8.21368e-07 2.025e-08
0.00568232 8.19554e-07 2.01839e-08
0.00568294 8.17738e-07 2.01178e-08
0.00568356 8.15922e-07 2.00517e-08
0.00568418 8.14105e-07 1.99856e-08
0.00568481 8.12287e-07 1.99216e-08
0.00568543 8.10468e-07 1.98639e-08
0.00568605 8.08648e-07 1.98062e-08
0.00568667 8.06827e-07 1.97485e-08
0.00568729 8.05006e-07 1.96909e-08
0.00568791 8.03184e-07 1.96332e-08
0.00568853 8.0136e-07 1.95755e-08
0.00568915 7.99536e-07 1.95179e-08
0.00568978 7.97711e-07 1.94602e-08
0.0056904 7.95885e-07 1.94025e-08
0.00569102 7.94059e-07 1.93449e-08
0.00569164 7.92231e-07 1.92872e-08
0.00569226 7.90403e-07 1.92296e-08
0.00569288 7.88574e-07 1.91719e-08
0.0056935 7.86744e-07 1.91143e-08
0.00569412 7.84913e-07 1.90566e-08
0.00569475 7.83082e-07 1.8999e-08
0.00569537 7.81249e-07 1.89413e-08
0.00569599 7.79416e-07 1.88837e-08
0.00569661 7.77582e-07 1.88261e-08
0.00569723 7.75748e-07 1.87684e-08
0.00569785 7.73912e-07 1.87108e-08
0.00569847 7.72076e-07 1.86532e-08
0.0056991 7.70239e-07 1.85955e-08
0.00569972 7.68401e-07 1.85379e-08
0.00570034 7.66562e-07 1.84803e-08
0.00570096 7.64723e-07 1.84227e-08
0.00570158 7.62883e-07 1.83651e-08
0.0057022 7.61042e-07 1.83074e-08
0.00570282 7.59201e-07 1.82498e-08
0.00570344 7.57359e-07 1.81922e-08
0.00570407 7.55516e-07 1.81346e-08
0.00570469 7.53672e-07 1.8077e-08
0.00570531 7.51827e-07 1.80194e-08
0.00570593 7.49982e-07 1.79618e-08
0.00570655 7.48137e-07 1.79043e-08
0.00570717 7.4629e-07 1.78467e-08
0.00570779 7.44443e-07 1.77891e-08
0.00570841 7.42595e-07 1.77315e-08
0.00570904 7.40746e-07 1.76739e-08
0.00570966 7.38897e-07 1.76163e-08
0.00571028 7.39015e-07 1.75588e-08
0.0057109 7.39391e-07 1.75012e-08
0.00571152 7.39767e-07 1.74436e-08
0.00571214 7.40143e-07 1.73861e-08
0.00571276 7.4053e-07 1.73285e-08
0.00571338 7.40923e-07 1.7271e-08
0.00571401 7.41317e-07 1.72134e-08
0.00571463 7.41711e-07 1.71559e-08
0.00571525 7.42106e-07 1.70983e-08
0.00571587 7.42502e-07 1.70408e-08
0.00571649 7.42899e-07 1.69832e-08
0.00571711 7.43297e-07 1.69257e-08
0.00571773 7.43695e-07 1.68682e-08
0.00571836 7.44095e-07 1.68106e-08
0.00571898 7.44495e-07 1.67531e-08
0.0057196 7.44896e-07 1.66956e-08
0.00572022 7.45298e-07 1.66381e-08
0.00572084 7.45701e-07 1.65805e-08
0.00572146 7.46105e-07 1.6523e-08
0.00572208 7.46509e-07 1.64655e-08
0.0057227 7.46914e-07 1.6408e-08
0.00572333 7.47321e-07 1.63505e-08
0.00572395 7.47728e-07 1.6293e-08
0.00572457 7.48135e-07 1.62355e-08
0.00572519 7.48544e-07 1.6178e-08
0.00572581 7.48954e-07 1.61205e-08
0.00572643 7.49364e-07 1.6063e-08
0.00572705 7.49775e-07 1.60056e-08
0.00572767 7.50187e-07 1.59481e-08
0.0057283 7.506e-07 1.58906e-08
0.00572892 7.51014e-07 1.58331e-08
0.00572954 7.51428e-07 1.57757e-08
0.00573016 7.51844e-07 1.57182e-08
0.00573078 7.5226e-07 1.56607e-08
0.0057314 7.52677e-07 1.56033e-08
0.00573202 7.53095e-07 1.55458e-08
0.00573264 7.53514e-07 1.54884e-08
0.00573327 7.53934e-07 1.54309e-08
0.00573389 7.54354e-07 1.53735e-08
0.00573451 7.54776e-07 1.5316e-08
0.00573513 7.55198e-07 1.52586e-08
0.00573575 7.55621e-07 1.52012e-08
0.00573637 7.56045e-07 1.51438e-08
0.00573699 7.5647e-07 1.50863e-08
0.00573762 7.56896e-07 1.50289e-08
0.00573824 7.57322e-07 1.49715e-08
0.00573886 7.57749e-07 1.49141e-08
0.00573948 7.58178e-07 1.48567e-08
0.0057401 7.58607e-07 1.47993e-08
0.00574072 7.59037e-07 1.47419e-08
0.00574134 7.59467e-07 1.46845e-08
0.00574196 7.60045e-07 1.46271e-08
0.00574259 7.60736e-07 1.45697e-08
0.00574321 7.61428e-07 1.45123e-08
0.00574383 7.6212e-07 1.44549e-08
0.00574445 7.62813e-07 1.43975e-08
0.00574507 7.63505e-07 1.43401e-08
0.00574569 7.64198e-07 1.42828e-08
0.00574631 7.64891e-07 1.42254e-08
0.00574693 7.65585e-07 1.4168e-08
0.00574756 7.66279e-07 1.41107e-08
0.00574818 7.66973e-07 1.40533e-08
0.0057488 7.67667e-07 1.3996e-08
0.00574942 7.68362e-07 1.39386e-08
0.00575004 7.69056e-07 1.38813e-08
0.00575066 7.69752e-07 1.38239e-08
0.00575128 7.70447e-07 1.37666e-08
0.0057519 7.71143e-07 1.37093e-08
0.00575253 7.71839e-07 1.36519e-08
0.00575315 7.72535e-07 1.35946e-08
0.00575377 7.73232e-07 1.35373e-08
0.00575439 7.73929e-07 1.348e-08
0.00575501 7.74626e-07 1.34227e-08
0.00575563 7.75323e-07 1.33654e-08
0.00575625 7.76021e-07 1.3308e-08
0.00575688 7.76719e-07 1.32507e-08
0.0057575 7.77417e-07 1.31935e-08
0.00575812 7.78116e-07 1.31362e-08
0.00575874 7.78815e-07 1.30789e-08
0.00575936 7.79514e-07 1.30216e-08
0.00575998 7.80213e-07 1.29643e-08
0.0057606 7.80913e-07 1.2907e-08
0.00576122 7.81613e-07 1.28498e-08
0.00576185 7.82313e-07 1.27925e-08
0.00576247 7.83014e-07 1.27352e-08
0.00576309 7.83715e-07 1.2678e-08
0.00576371 7.84416e-07 1.26207e-08
0.00576433 7.85117e-07 1.25635e-08
0.00576495 7.85819e-07 1.25062e-08
0.00576557 7.86521e-07 1.2449e-08
0.00576619 7.87223e-07 1.23917e-08
0.00576682 7.87926e-07 1.23345e-08
0.00576744 7.88629e-07 1.22772e-08
0.00576806 7.89332e-07 1.222e-08
0.00576868 7.90035e-07 1.21628e-08
0.0057693 7.90739e-07 1.21056e-08
0.00576992 7.91443e-07 1.20484e-08
0.00577054 7.92147e-07 1.19911e-08
0.00577116 7.92852e-07 1.19339e-08
0.00577179 7.93557e-07 1.18767e-08
0.00577241 7.94262e-07 1.18195e-08
0.00577303 7.94967e-07 1.17623e-08
0.00577365 7.95673e-07 1.17052e-08
0.00577427 7.96379e-07 1.1648e-08
0.00577489 7.97144e-07 1.15908e-08
0.00577551 7.9799e-07 1.15336e-08
0.00577614 7.98836e-07 1.14764e-08
0.00577676 7.99682e-07 1.14193e-08
0.00577738 8.00527e-07 1.13621e-08
0.005778 8.01372e-07 1.13049e-08
0.00577862 8.02216e-07 1.12478e-08
0.00577924 8.03061e-07 1.11906e-08
0.00577986 8.03905e-07 1.11335e-08
0.00578048 8.04749e-07 1.10763e-08
0.00578111 8.05592e-07 1.10192e-08
0.00578173 8.06435e-07 1.09621e-08
0.00578235 8.07278e-07 1.09049e-08
0.00578297 8.08121e-07 1.08478e-08
0.00578359 8.08963e-07 1.07907e-08
0.00578421 8.09805e-07 1.07335e-08
0.00578483 8.10646e-07 1.06764e-08
0.00578545 8.11488e-07 1.06193e-08
0.00578608 8.12329e-07 1.05622e-08
0.0057867 8.13169e-07 1.05051e-08
0.00578732 8.1401e-07 1.0448e-08
0.00578794 8.1485e-07 1.03909e-08
0.00578856 8.1569e-07 1.03338e-08
0.00578918 8.16529e-07 1.02767e-08
0.0057898 8.17369e-07 1.02197e-08
0.00579042 8.18208e-07 1.01626e-08
0.00579105 8.19046e-07 1.01055e-08
0.00579167 8.19884e-07 1.00484e-08
0.00579229 8.20722e-07 9.99137e-09
0.00579291 8.2156e-07 9.93431e-09
0.00579353 8.22397e-07 9.87726e-09
0.00579415 8.23235e-07 9.8202e-09
0.00579477 8.24071e-07 9.76315e-09
0.0057954 8.24908e-07 9.70611e-09
0.00579602 8.25744e-07 9.64907e-09
0.00579664 8.2658e-07 9.59203e-09
0.00579726 8.27415e-07 9.535e-09
0.00579788 8.2825e-07 9.47797e-09
0.0057985 8.29085e-07 9.42095e-09
0.00579912 8.2992e-07 9.36393e-09
0.00579974 8.30754e-07 9.30692e-09
0.00580037 8.31588e-07 9.24991e-09
0.00580099 8.32422e-07 9.1929e-09
0.00580161 8.33255e-07 9.1359e-09
0.00580223 8.34088e-07 9.0789e-09
0.00580285 8.34921e-07 9.02191e-09
0.00580347 8.35753e-07 8.96492e-09
0.00580409 8.36585e-07 8.90793e-09
0.00580471 8.37417e-07 8.85095e-09
0.00580534 8.38248e-07 8.79397e-09
0.00580596 8.39079e-07 8.737e-09
0.00580658 8.3991e-07 8.68003e-09
0.0058072 8.4074e-07 8.62306e-09
0.00580782 8.4157e-07 8.5661e-09
0.00580844 8.42448e-07 8.50915e-09
0.00580906 8.43354e-07 8.45219e-09
0.00580968 8.44259e-07 8.39525e-09
0.00581031 8.45165e-07 8.3383e-09
0.00581093 8.4607e-07 8.28136e-09
0.00581155 8.46975e-07 8.22442e-09
0.00581217 8.47879e-07 8.16749e-09
0.00581279 8.48784e-07 8.11057e-09
0.00581341 8.49688e-07 8.05364e-09
0.00581403 8.50592e-07 7.99672e-09
0.00581466 8.51496e-07 7.93981e-09
0.00581528 8.52399e-07 7.88289e-09
0.0058159 8.53302e-07 7.82599e-09
0.00581652 8.54205e-07 7.76908e-09
0.00581714 8.55108e-07 7.71218e-09
0.00581776 8.56011e-07 7.65529e-09
0.00581838 8.56913e-07 7.5984e-09
0.005819 8.57815e-07 7.54151e-09
0.00581963 8.58717e-07 7.48463e-09
0.00582025 8.59618e-07 7.42775e-09
0.00582087 8.6052e-07 7.37088e-09
0.00582149 8.61421e-07 7.314e-09
0.00582211 8.62322e-07 7.25714e-09
0.00582273 8.63222e-07 7.20028e-09
0.00582335 8.64123e-07 7.14342e-09
0.00582397 8.65023e-07 7.08656e-09
0.0058246 8.65923e-07 7.02971e-09
0.00582522 8.66822e-07 6.97286e-09
0.00582584 8.67721e-07 6.91602e-09
0.00582646 8.68621e-07 6.85918e-09
0.00582708 8.69519e-07 6.80234e-09
0.0058277 8.70418e-07 6.74551e-09
0.00582832 8.71316e-07 6.68869e-09
0.00582894 8.72214e-07 6.63187e-09
0.00582957 8.73112e-07 6.57505e-09
0.00583019 8.7401e-07 6.51823e-09
0.00583081 8.74907e-07 6.46142e-09
0.00583143 8.75804e-07 6.40461e-09
0.00583205 8.76701e-07 6.34781e-09
0.00583267 8.77597e-07 6.29101e-09
0.00583329 8.78493e-07 6.23421e-09
0.00583392 8.79389e-07 6.17742e-09
0.00583454 8.80285e-07 6.12063e-09
0.00583516 8.81181e-07 6.06385e-09
0.00583578 8.82076e-07 6.00707e-09
0.0058364 8.82971e-07 5.95029e-09
0.00583702 8.83865e-07 5.89352e-09
0.00583764 8.8476e-07 5.83675e-09
0.00583826 8.85654e-07 5.77998e-09
0.00583889 8.86547e-07 5.72322e-09
0.00583951 8.87441e-07 5.66647e-09
0.00584013 8.88334e-07 5.60971e-09
0.00584075 8.89227e-07 5.55296e-09
0.00584137 8.9012e-07 5.49621e-09
0.00584199 8.91012e-07 5.43947e-09
0.00584261 8.91904e-07 5.38273e-09
0.00584323 8.92796e-07 5.326e-09
0.00584386 8.93688e-07 5.26927e-09
0.00584448 8.94579e-07 5.21254e-09
0.0058451 8.9547e-07 5.15581e-09
0.00584572 8.96361e-07 5.09909e-09
0.00584634 8.97251e-07 5.04237e-09
0.00584696 8.98141e-07 4.98566e-09
0.00584758 8.99031e-07 4.92895e-09
0.0058482 8.9992e-07 4.87225e-09
0.00584883 9.0081e-07 4.81555e-09
0.00584945 9.01699e-07 4.75885e-09
0.00585007 9.02587e-07 4.70215e-09
0.00585069 9.03476e-07 4.64546e-09
0.00585131 9.04364e-07 4.58877e-09
0.00585193 9.05523e-07 4.53209e-09
0.00585255 9.06726e-07 4.4754e-09
0.00585318 9.07928e-07 4.41872e-09
0.0058538 9.0913e-07 4.36205e-09
0.00585442 9.10331e-07 4.30538e-09
0.00585504 9.11532e-07 4.24871e-09
0.00585566 9.12732e-07 4.19204e-09
0.00585628 9.13931e-07 4.13538e-09
0.0058569 9.1513e-07 4.07872e-09
0.00585752 9.16328e-07 4.02206e-09
0.00585815 9.17525e-07 3.96541e-09
0.00585877 9.18722e-07 3.90876e-09
0.00585939 9.19918e-07 3.85212e-09
0.00586001 9.21114e-07 3.79548e-09
0.00586063 9.22309e-07 3.73884e-09
0.00586125 9.23503e-07 3.68219e-09
0.00586187 9.24697e-07 3.62555e-09
0.00586249 9.2589e-07 3.56892e-09
0.00586312 9.27082e-07 3.51229e-09
0.00586374 9.28274e-07 3.45566e-09
0.00586436 9.29465e-07 3.39903e-09
0.00586498 9.30655e-07 3.34241e-09
0.0058656 9.31845e-07 3.28579e-09
0.00586622 9.33034e-07 3.22918e-09
0.00586684 9.34222e-07 3.17257e-09
0.00586746 9.3541e-07 3.11596e-09
0.00586809 9.36597e-07 3.05936e-09
0.00586871 9.37784e-07 3.00275e-09
0.00586933 9.3897e-07 2.94615e-09
0.00586995 9.40155e-07 2.88956e-09
0.00587057 9.41339e-07 2.83296e-09
0.00587119 9.42523e-07 2.77637e-09
0.00587181 9.43706e-07 2.71979e-09
0.00587244 9.44889e-07 2.6632e-09
0.00587306 9.46071e-07 2.60662e-09
0.00587368 9.47252e-07 2.55005e-09
0.0058743 9.48432e-07 2.49347e-09
0.00587492 9.49612e-07 2.4369e-09
0.00587554 9.50791e-07 2.38033e-09
0.00587616 9.5197e-07 2.32377e-09
0.00587678 9.53148e-07 2.2672e-09
0.00587741 9.54325e-07 2.21064e-09
0.00587803 9.55501e-07 2.15409e-09
0.00587865 9.56677e-07 2.09753e-09
0.00587927 9.57852e-07 2.04098e-09
0.00587989 9.59026e-07 1.98443e-09
0.00588051 9.602e-07 1.92789e-09
0.00588113 9.61373e-07 1.87135e-09
0.00588175 9.62545e-07 1.81481e-09
0.00588238 9.63717e-07 1.75827e-09
0.005883 9.64888e-07 1.70174e-09
0.00588362 9.66058e-07 1.67283e-09
0.00588424 9.67228e-07 1.67019e-09
0.00588486 9.68397e-07 1.66791e-09
0.00588548 9.69565e-07 1.66782e-09
0.0058861 9.70732e-07 1.66772e-09
0.00588672 9.71899e-07 1.66759e-09
0.00588735 9.73065e-07 1.71821e-09
0.00588797 9.7423e-07 1.78158e-09
0.00588859 9.75395e-07 1.84491e-09
0.00588921 9.76559e-07 1.90821e-09
0.00588983 9.77722e-07 1.97147e-09
0.00589045 9.78885e-07 2.03469e-09
0.00589107 9.80046e-07 2.09788e-09
0.0058917 9.81207e-07 2.16104e-09
0.00589232 9.82368e-07 2.22416e-09
0.00589294 9.83527e-07 2.28724e-09
0.00589356 9.84686e-07 2.35029e-09
0.00589418 9.85845e-07 2.4133e-09
0.0058948 9.87002e-07 2.47628e-09
0.00589542 9.88159e-07 2.53922e-09
0.00589604 9.89315e-07 2.60212e-09
0.00589667 9.9047e-07 2.66499e-09
0.00589729 9.91625e-07 2.72782e-09
0.00589791 9.92778e-07 2.79062e-09
0.00589853 9.93931e-07 2.85337e-09
0.00589915 9.95084e-07 2.91609e-09
0.00589977 9.96235e-07 2.97878e-09
0.00590039 9.97386e-07 3.04143e-09
0.00590101 9.98536e-07 3.10404e-09
0.00590164 9.99686e-07 3.16661e-09
0.00590226 1.00083e-06 3.22915e-09
0.00590288 1.00198e-06 3.29164e-09
0.0059035 1.00313e-06 3.35411e-09
0.00590412 1.00428e-06 3.41653e-09
0.00590474 1.00542e-06 3.47892e-09
0.00590536 1.00657e-06 3.54126e-09
0.00590598 1.00771e-06 3.60357e-09
0.00590661 1.00885e-06 3.66584e-09
0.00590723 1.01e-06 3.72808e-09
0.00590785 1.01114e-06 3.79027e-09
0.00590847 1.01228e-06 3.85243e-09
0.00590909 1.01342e-06 3.91455e-09
0.00590971 1.01456e-06 3.97663e-09
0.00591033 1.0157e-06 4.03867e-09
0.00591096 1.01685e-06 4.10067e-09
0.00591158 1.018e-06 4.16263e-09
0.0059122 1.01915e-06 4.22456e-09
0.00591282 1.02029e-06 4.28644e-09
0.00591344 1.02144e-06 4.34829e-09
0.00591406 1.02258e-06 4.4101e-09
0.00591468 1.02373e-06 4.47187e-09
0.0059153 1.02487e-06 4.53359e-09
0.00591593 1.02601e-06 4.59528e-09
0.00591655 1.02715e-06 4.65693e-09
0.00591717 1.02829e-06 4.71854e-09
0.00591779 1.02943e-06 4.78011e-09
0.00591841 1.03057e-06 4.84164e-09
0.00591903 1.03171e-06 4.90313e-09
0.00591965 1.03285e-06 4.96458e-09
0.00592027 1.03398e-06 5.02599e-09
0.0059209 1.03512e-06 5.08736e-09
0.00592152 1.03626e-06 5.14869e-09
0.00592214 1.03739e-06 5.20998e-09
0.00592276 1.03852e-06 5.27123e-09
0.00592338 1.03966e-06 5.33243e-09
0.005924 1.04079e-06 5.3936e-09
0.00592462 1.04192e-06 5.45472e-09
0.00592524 1.04305e-06 5.51581e-09
0.00592587 1.04418e-06 5.57685e-09
0.00592649 1.04531e-06 5.63786e-09
0.00592711 1.04643e-06 5.69882e-09
0.00592773 1.04756e-06 5.75974e-09
0.00592835 1.04869e-06 5.82062e-09
0.00592897 1.04981e-06 5.88146e-09
0.00592959 1.05094e-06 5.94225e-09
0.00593022 1.05206e-06 6.00301e-09
0.00593084 1.05318e-06 6.06372e-09
0.00593146 1.0543e-06 6.12439e-09
0.00593208 1.05542e-06 6.18502e-09
0.0059327 1.05654e-06 6.2456e-09
0.00593332 1.05766e-06 6.30615e-09
0.00593394 1.05878e-06 6.36665e-09
0.00593456 1.0599e-06 6.42711e-09
0.00593519 1.06102e-06 6.48753e-09
0.00593581 1.06213e-06 6.54791e-09
0.00593643 1.06325e-06 6.60824e-09
0.00593705 1.06436e-06 6.66853e-09
0.00593767 1.06548e-06 6.72878e-09
0.00593829 1.06659e-06 6.78898e-09
0.00593891 1.0677e-06 6.84915e-09
0.00593953 1.06881e-06 6.90927e-09
0.00594016 1.06992e-06 6.96934e-09
0.00594078 1.07103e-06 7.02938e-09
0.0059414 1.07214e-06 7.08937e-09
0.00594202 1.07325e-06 7.14931e-09
0.00594264 1.07435e-06 7.20922e-09
0.00594326 1.07546e-06 7.26908e-09
0.00594388 1.07656e-06 7.3289e-09
0.0059445 1.07767e-06 7.38867e-09
0.00594513 1.07877e-06 7.4484e-09
0.00594575 1.07987e-06 7.50809e-09
0.00594637 1.08097e-06 7.56773e-09
0.00594699 1.08207e-06 7.62733e-09
0.00594761 1.08317e-06 7.68689e-09
0.00594823 1.08427e-06 7.7464e-09
0.00594885 1.08537e-06 7.80587e-09
0.00594948 1.08647e-06 7.86529e-09
0.0059501 1.08756e-06 7.92467e-09
0.00595072 1.08866e-06 7.98401e-09
0.00595134 1.08975e-06 8.0433e-09
0.00595196 1.09085e-06 8.10254e-09
0.00595258 1.09194e-06 8.16175e-09
0.0059532 1.09303e-06 8.2209e-09
0.00595382 1.09412e-06 8.28002e-09
0.00595445 1.09521e-06 8.33909e-09
0.00595507 1.0963e-06 8.39811e-09
0.00595569 1.09739e-06 8.45709e-09
0.00595631 1.09847e-06 8.51602e-09
0.00595693 1.09956e-06 8.57491e-09
0.00595755 1.10065e-06 8.63376e-09
0.00595817 1.10173e-06 8.69256e-09
0.00595879 1.10281e-06 8.75131e-09
0.00595942 1.1039e-06 8.81002e-09
0.00596004 1.10498e-06 8.86868e-09
0.00596066 1.10606e-06 8.9273e-09
0.00596128 1.10714e-06 8.98587e-09
0.0059619 1.10822e-06 9.0444e-09
0.00596252 1.10929e-06 9.10288e-09
0.00596314 1.11037e-06 9.16132e-09
0.00596376 1.11145e-06 9.21971e-09
0.00596439 1.11252e-06 9.27805e-09
0.00596501 1.1136e-06 9.33635e-09
0.00596563 1.11467e-06 9.39461e-09
0.00596625 1.11574e-06 9.45281e-09
0.00596687 1.11681e-06 9.51098e-09
0.00596749 1.11788e-06 9.56909e-09
0.00596811 1.11895e-06 9.62716e-09
0.00596874 1.12002e-06 9.68518e-09
0.00596936 1.12109e-06 9.74316e-09
0.00596998 1.12216e-06 9.80109e-09
0.0059706 1.12322e-06 9.85898e-09
0.00597122 1.12429e-06 9.91681e-09
0.00597184 1.12535e-06 9.97461e-09
0.00597246 1.12641e-06 1.00324e-08
0.00597308 1.12747e-06 1.00901e-08
0.00597371 1.12853e-06 1.01477e-08
0.00597433 1.12959e-06 1.02053e-08
0.00597495 1.13065e-06 1.02629e-08
0.00597557 1.13171e-06 1.03204e-08
0.00597619 1.13277e-06 1.03778e-08
0.00597681 1.13382e-06 1.04353e-08
0.00597743 1.13488e-06 1.04926e-08
0.00597805 1.13593e-06 1.055e-08
0.00597868 1.13699e-06 1.06072e-08
0.0059793 1.13804e-06 1.06645e-08
0.00597992 1.13909e-06 1.07216e-08
0.00598054 1.14014e-06 1.07788e-08
0.00598116 1.14119e-06 1.08359e-08
0.00598178 1.14224e-06 1.08929e-08
0.0059824 1.14328e-06 1.09499e-08
0.00598302 1.14433e-06 1.10069e-08
0.00598365 1.14538e-06 1.10638e-08
0.00598427 1.14642e-06 1.11206e-08
0.00598489 1.14746e-06 1.11774e-08
0.00598551 1.14851e-06 1.12342e-08
0.00598613 1.14955e-06 1.12909e-08
0.00598675 1.15059e-06 1.13475e-08
0.00598737 1.15163e-06 1.14041e-08
0.005988 1.15267e-06 1.14607e-08
0.00598862 1.1537e-06 1.15172e-08
0.00598924 1.15474e-06 1.15737e-08
0.00598986 1.15577e-06 1.16301e-08
0.00599048 1.15681e-06 1.16865e-08
0.0059911 1.15784e-06 1.17428e-08
0.00599172 1.15887e-06 1.17991e-08
0.00599234 1.1599e-06 1.18553e-08
0.00599297 1.16093e-06 1.19115e-08
0.00599359 1.16196e-06 1.19676e-08
0.00599421 1.16299e-06 1.20237e-08
0.00599483 1.16402e-06 1.20798e-08
0.00599545 1.16505e-06 1.21358e-08
0.00599607 1.16607e-06 1.21917e-08
0.00599669 1.16709e-06 1.22476e-08
0.00599731 1.16812e-06 1.23034e-08
0.00599794 1.16914e-06 1.23592e-08
0.00599856 1.17016e-06 1.2415e-08
0.00599918 1.17118e-06 1.24707e-08
0.0059998 1.1722e-06 1.25263e-08
0.00600042 1.17322e-06 1.25819e-08
0.00600104 1.17423e-06 1.26375e-08
0.00600166 1.17525e-06 1.2693e-08
0.00600228 1.17626e-06 1.27484e-08
0.00600291 1.17728e-06 1.28038e-08
0.00600353 1.17829e-06 1.28592e-08
0.00600415 1.1793e-06 1.29145e-08
0.00600477 1.18031e-06 1.29697e-08
0.00600539 1.18132e-06 1.30249e-08
0.00600601 1.18233e-06 1.30801e-08
0.00600663 1.18334e-06 1.31352e-08
0.00600726 1.18434e-06 1.31903e-08
0.00600788 1.18535e-06 1.32453e-08
0.0060085 1.18635e-06 1.33003e-08
0.00600912 1.18736e-06 1.33552e-08
0.00600974 1.18836e-06 1.341e-08
0.00601036 1.18936e-06 1.34648e-08
0.00601098 1.19036e-06 1.35196e-08
0.0060116 1.19136e-06 1.35743e-08
0.00601223 1.19235e-06 1.3629e-08
0.00601285 1.19335e-06 1.36836e-08
0.00601347 1.19435e-06 1.37382e-08
0.00601409 1.19534e-06 1.37927e-08
0.00601471 1.19633e-06 1.38472e-08
0.00601533 1.19733e-06 1.39016e-08
0.00601595 1.19832e-06 1.3956e-08
0.00601657 1.19931e-06 1.40103e-08
0.0060172 1.2003e-06 1.40645e-08
0.00601782 1.20128e-06 1.41188e-08
0.00601844 1.20227e-06 1.41729e-08
0.00601906 1.20326e-06 1.42271e-08
0.00601968 1.20424e-06 1.42811e-08
0.0060203 1.20523e-06 1.43351e-08
0.00602092 1.20621e-06 1.43891e-08
0.00602154 1.20719e-06 1.4443e-08
0.00602217 1.20817e-06 1.44969e-08
0.00602279 1.20915e-06 1.45507e-08
0.00602341 1.21013e-06 1.46045e-08
0.00602403 1.2111e-06 1.46582e-08
0.00602465 1.21208e-06 1.47119e-08
0.00602527 1.21305e-06 1.47655e-08
0.00602589 1.21403e-06 1.48191e-08
0.00602652 1.215e-06 1.48726e-08
0.00602714 1.21597e-06 1.49261e-08
0.00602776 1.21694e-06 1.49795e-08
0.00602838 1.21791e-06 1.50329e-08
0.006029 1.21888e-06 1.50862e-08
0.00602962 1.21985e-06 1.51395e-08
0.00603024 1.22081e-06 1.51927e-08
0.00603086 1.22178e-06 1.52458e-08
0.00603149 1.22274e-06 1.5299e-08
0.00603211 1.2237e-06 1.5352e-08
0.00603273 1.22466e-06 1.5405e-08
0.00603335 1.22562e-06 1.5458e-08
0.00603397 1.22658e-06 1.55109e-08
0.00603459 1.22754e-06 1.55638e-08
0.00603521 1.2285e-06 1.56166e-08
0.00603583 1.22945e-06 1.56694e-08
0.00603646 1.23041e-06 1.57221e-08
0.00603708 1.23136e-06 1.57748e-08
0.0060377 1.23231e-06 1.58274e-08
0.00603832 1.23326e-06 1.58799e-08
0.00603894 1.23421e-06 1.59324e-08
0.00603956 1.23516e-06 1.59849e-08
0.00604018 1.23611e-06 1.60373e-08
0.0060408 1.23705e-06 1.60897e-08
0.00604143 1.238e-06 1.6142e-08
0.00604205 1.23894e-06 1.61942e-08
0.00604267 1.23988e-06 1.62465e-08
0.00604329 1.24083e-06 1.62986e-08
0.00604391 1.24177e-06 1.63507e-08
0.00604453 1.24271e-06 1.64028e-08
0.00604515 1.24364e-06 1.64548e-08
0.00604578 1.24458e-06 1.65067e-08
0.0060464 1.24552e-06 1.65586e-08
0.00604702 1.24645e-06 1.66105e-08
0.00604764 1.24738e-06 1.66623e-08
0.00604826 1.24832e-06 1.6714e-08
0.00604888 1.24925e-06 1.67657e-08
0.0060495 1.25018e-06 1.68174e-08
0.00605012 1.25111e-06 1.6869e-08
0.00605075 1.25203e-06 1.69205e-08
0.00605137 1.25296e-06 1.6972e-08
0.00605199 1.25389e-06 1.70235e-08
0.00605261 1.25481e-06 1.70749e-08
0.00605323 1.25573e-06 1.71262e-08
0.00605385 1.25665e-06 1.71775e-08
0.00605447 1.25757e-06 1.72287e-08
0.00605509 1.25849e-06 1.72799e-08
0.00605572 1.25941e-06 1.7331e-08
0.00605634 1.26033e-06 1.73821e-08
0.00605696 1.26124e-06 1.74332e-08
0.00605758 1.26216e-06 1.74841e-08
0.0060582 1.26307e-06 1.75351e-08
0.00605882 1.26398e-06 1.7586e-08
0.00605944 1.26489e-06 1.76368e-08
0.00606006 1.2658e-06 1.76876e-08
0.00606069 1.26671e-06 1.77383e-08
0.00606131 1.26762e-06 1.7789e-08
0.00606193 1.26852e-06 1.78396e-08
0.00606255 1.26943e-06 1.78902e-08
0.00606317 1.27033e-06 1.79407e-08
0.00606379 1.27124e-06 1.79912e-08
0.00606441 1.27214e-06 1.80416e-08
0.00606504 1.27304e-06 1.80919e-08
0.00606566 1.27393e-06 1.81423e-08
0.00606628 1.27483e-06 1.81925e-08
0.0060669 1.27573e-06 1.82427e-08
0.00606752 1.27662e-06 1.82929e-08
0.00606814 1.27752e-06 1.8343e-08
0.00606876 1.27841e-06 1.83931e-08
0.00606938 1.2793e-06 1.84431e-08
0.00607001 1.28019e-06 1.8493e-08
0.00607063 1.28108e-06 1.85429e-08
0.00607125 1.28197e-06 1.85928e-08
0.00607187 1.28285e-06 1.86426e-08
0.00607249 1.28374e-06 1.86923e-08
0.00607311 1.28462e-06 1.87421e-08
0.00607373 1.2855e-06 1.87917e-08
0.00607435 1.28639e-06 1.88413e-08
0.00607498 1.28727e-06 1.88908e-08
0.0060756 1.28814e-06 1.89403e-08
0.00607622 1.28902e-06 1.89898e-08
0.00607684 1.2899e-06 1.90392e-08
0.00607746 1.29077e-06 1.90885e-08
0.00607808 1.29165e-06 1.91378e-08
0.0060787 1.29252e-06 1.9187e-08
0.00607932 1.29339e-06 1.92362e-08
0.00607995 1.29426e-06 1.92853e-08
0.00608057 1.29513e-06 1.93344e-08
0.00608119 1.296e-06 1.93834e-08
0.00608181 1.29686e-06 1.94324e-08
0.00608243 1.29773e-06 1.94814e-08
0.00608305 1.29859e-06 1.95302e-08
0.00608367 1.29946e-06 1.9579e-08
0.0060843 1.30032e-06 1.96278e-08
0.00608492 1.30118e-06 1.96765e-08
0.00608554 1.30204e-06 1.97252e-08
0.00608616 1.30289e-06 1.97738e-08
0.00608678 1.30375e-06 1.98224e-08
0.0060874 1.3046e-06 1.98709e-08
0.00608802 1.30546e-06 1.99194e-08
0.00608864 1.30631e-06 1.99678e-08
0.00608927 1.30716e-06 2.00161e-08
0.00608989 1.30801e-06 2.00644e-08
0.00609051 1.30886e-06 2.01127e-08
0.00609113 1.30971e-06 2.01609e-08
0.00609175 1.31055e-06 2.0209e-08
0.00609237 1.3114e-06 2.02571e-08
0.00609299 1.31224e-06 2.03052e-08
0.00609361 1.31308e-06 2.03532e-08
0.00609424 1.31392e-06 2.04011e-08
0.00609486 1.31476e-06 2.0449e-08
0.00609548 1.3156e-06 2.04969e-08
0.0060961 1.31644e-06 2.05446e-08
0.00609672 1.31727e-06 2.05924e-08
0.00609734 1.31811e-06 2.06401e-08
0.00609796 1.31894e-06 2.06877e-08
0.00609858 1.31977e-06 2.07353e-08
0.00609921 1.3206e-06 2.07828e-08
0.00609983 1.32143e-06 2.08303e-08
0.00610045 1.32226e-06 2.08777e-08
0.00610107 1.32308e-06 2.09251e-08
0.00610169 1.32391e-06 2.09724e-08
0.00610231 1.32473e-06 2.10197e-08
0.00610293 1.32556e-06 2.10669e-08
0.00610356 1.32638e-06 2.11141e-08
0.00610418 1.3272e-06 2.11612e-08
0.0061048 1.32802e-06 2.12083e-08
0.00610542 1.32883e-06 2.12553e-08
0.00610604 1.32965e-06 2.13022e-08
0.00610666 1.33046e-06 2.13492e-08
0.00610728 1.33128e-06 2.1396e-08
0.0061079 1.33209e-06 2.14428e-08
0.00610853 1.3329e-06 2.14896e-08
0.00610915 1.33371e-06 2.15363e-08
0.00610977 1.33452e-06 2.15829e-08
0.00611039 1.33532e-06 2.16295e-08
0.00611101 1.33613e-06 2.16761e-08
0.00611163 1.33693e-06 2.17226e-08
0.00611225 1.33774e-06 2.1769e-08
0.00611287 1.33854e-06 2.18154e-08
0.0061135 1.33934e-06 2.18618e-08
0.00611412 1.34014e-06 2.19081e-08
0.00611474 1.34093e-06 2.19543e-08
0.00611536 1.34173e-06 2.20005e-08
0.00611598 1.34253e-06 2.20466e-08
0.0061166 1.34332e-06 2.20927e-08
0.00611722 1.34411e-06 2.21387e-08
0.00611784 1.3449e-06 2.21847e-08
0.00611847 1.34569e-06 2.22306e-08
0.00611909 1.34648e-06 2.22765e-08
0.00611971 1.34727e-06 2.23223e-08
0.00612033 1.34805e-06 2.23681e-08
0.00612095 1.34884e-06 2.24138e-08
0.00612157 1.34962e-06 2.24595e-08
0.00612219 1.3504e-06 2.25051e-08
0.00612282 1.35118e-06 2.25507e-08
0.00612344 1.35196e-06 2.25962e-08
0.00612406 1.35274e-06 2.26417e-08
0.00612468 1.35351e-06 2.26871e-08
0.0061253 1.35429e-06 2.27324e-08
0.00612592 1.35506e-06 2.27778e-08
0.00612654 1.35583e-06 2.2823e-08
0.00612716 1.3566e-06 2.28682e-08
0.00612779 1.35737e-06 2.29134e-08
0.00612841 1.35814e-06 2.29585e-08
0.00612903 1.35891e-06 2.30035e-08
0.00612965 1.35967e-06 2.30485e-08
0.00613027 1.36043e-06 2.30935e-08
0.00613089 1.3612e-06 2.31384e-08
0.00613151 1.36196e-06 2.31832e-08
0.00613213 1.36272e-06 2.3228e-08
0.00613276 1.36348e-06 2.32728e-08
0.00613338 1.36423e-06 2.33175e-08
0.006134 1.36499e-06 2.33621e-08
0.00613462 1.36574e-06 2.34067e-08
0.00613524 1.3665e-06 2.34512e-08
0.00613586 1.36725e-06 2.34957e-08
0.00613648 1.368e-06 2.35401e-08
0.0061371 1.36875e-06 2.35845e-08
0.00613773 1.36949e-06 2.36288e-08
0.00613835 1.37024e-06 2.36731e-08
0.00613897 1.37098e-06 2.37174e-08
0.00613959 1.37173e-06 2.37615e-08
0.00614021 1.37247e-06 2.38057e-08
0.00614083 1.37321e-06 2.38497e-08
0.00614145 1.37395e-06 2.38937e-08
0.00614208 1.37469e-06 2.39377e-08
0.0061427 1.37542e-06 2.39816e-08
0.00614332 1.37616e-06 2.40255e-08
0.00614394 1.37689e-06 2.40693e-08
0.00614456 1.37762e-06 2.41131e-08
0.00614518 1.37835e-06 2.41568e-08
0.0061458 1.37908e-06 2.42005e-08
0.00614642 1.37981e-06 2.42441e-08
0.00614705 1.38054e-06 2.42876e-08
0.00614767 1.38126e-06 2.43311e-08
0.00614829 1.38199e-06 2.43746e-08
0.00614891 1.38271e-06 2.4418e-08
0.00614953 1.38343e-06 2.44614e-08
0.00615015 1.38415e-06 2.45047e-08
0.00615077 1.38487e-06 2.45479e-08
0.00615139 1.38559e-06 2.45911e-08
0.00615202 1.3863e-06 2.46343e-08
0.00615264 1.38702e-06 2.46774e-08
0.00615326 1.38773e-06 2.47204e-08
0.00615388 1.38844e-06 2.47634e-08
0.0061545 1.38915e-06 2.48063e-08
0.00615512 1.38986e-06 2.48492e-08
0.00615574 1.39057e-06 2.48921e-08
0.00615636 1.39127e-06 2.49349e-08
0.00615699 1.39198e-06 2.49776e-08
0.00615761 1.39268e-06 2.50203e-08
0.00615823 1.39338e-06 2.50629e-08
0.00615885 1.39408e-06 2.51055e-08
0.00615947 1.39478e-06 2.51481e-08
0.00616009 1.39548e-06 2.51905e-08
0.00616071 1.39617e-06 2.5233e-08
0.00616134 1.39687e-06 2.52754e-08
0.00616196 1.39756e-06 2.53177e-08
0.00616258 1.39825e-06 2.536e-08
0.0061632 1.39894e-06 2.54022e-08
0.00616382 1.39963e-06 2.54444e-08
0.00616444 1.40032e-06 2.54865e-08
0.00616506 1.401e-06 2.55286e-08
0.00616568 1.40169e-06 2.55706e-08
0.00616631 1.40237e-06 2.56126e-08
0.00616693 1.40305e-06 2.56545e-08
0.00616755 1.40373e-06 2.56964e-08
0.00616817 1.40441e-06 2.57382e-08
0.00616879 1.40509e-06 2.57799e-08
0.00616941 1.40577e-06 2.58217e-08
0.00617003 1.40644e-06 2.58633e-08
0.00617065 1.40712e-06 2.59049e-08
0.00617128 1.40779e-06 2.59465e-08
0.0061719 1.40846e-06 2.5988e-08
0.00617252 1.40913e-06 2.60295e-08
0.00617314 1.4098e-06 2.60709e-08
0.00617376 1.41046e-06 2.61123e-08
0.00617438 1.41113e-06 2.61536e-08
0.006175 1.41179e-06 2.61948e-08
0.00617562 1.41245e-06 2.6236e-08
0.00617625 1.41311e-06 2.62772e-08
0.00617687 1.41377e-06 2.63183e-08
0.00617749 1.41443e-06 2.63594e-08
0.00617811 1.41509e-06 2.64004e-08
0.00617873 1.41574e-06 2.64413e-08
0.00617935 1.41639e-06 2.64822e-08
0.00617997 1.41705e-06 2.65231e-08
0.0061806 1.4177e-06 2.65639e-08
0.00618122 1.41835e-06 2.66046e-08
0.00618184 1.41899e-06 2.66453e-08
0.00618246 1.41964e-06 2.6686e-08
0.00618308 1.42029e-06 2.67266e-08
0.0061837 1.42093e-06 2.67671e-08
0.00618432 1.42157e-06 2.68076e-08
0.00618494 1.42221e-06 2.68481e-08
0.00618557 1.42285e-06 2.68885e-08
0.00618619 1.42349e-06 2.69288e-08
0.00618681 1.42413e-06 2.69691e-08
0.00618743 1.42476e-06 2.70094e-08
0.00618805 1.42539e-06 2.70496e-08
0.00618867 1.42603e-06 2.70897e-08
0.00618929 1.42666e-06 2.71298e-08
0.00618991 1.42729e-06 2.71699e-08
0.00619054 1.42791e-06 2.72099e-08
0.00619116 1.42854e-06 2.72498e-08
0.00619178 1.42917e-06 2.72897e-08
0.0061924 1.42979e-06 2.73295e-08
0.00619302 1.43041e-06 2.73693e-08
0.00619364 1.43103e-06 2.74091e-08
0.00619426 1.43165e-06 2.74488e-08
0.00619488 1.43227e-06 2.74884e-08
0.00619551 1.43289e-06 2.7528e-08
0.00619613 1.4335e-06 2.75675e-08
0.00619675 1.43411e-06 2.7607e-08
0.00619737 1.43473e-06 2.76464e-08
0.00619799 1.43534e-06 2.76858e-08
0.00619861 1.43595e-06 2.77252e-08
0.00619923 1.43655e-06 2.77645e-08
0.00619986 1.43716e-06 2.78037e-08
0.00620048 1.43776e-06 2.78429e-08
0.0062011 1.43837e-06 2.7882e-08
0.00620172 1.43897e-06 2.79211e-08
0.00620234 1.43957e-06 2.79601e-08
0.00620296 1.44017e-06 2.79991e-08
0.00620358 1.44077e-06 2.80381e-08
0.0062042 1.44136e-06 2.8077e-08
0.00620483 1.44196e-06 2.81158e-08
0.00620545 1.44255e-06 2.81546e-08
0.00620607 1.44314e-06 2.81933e-08
0.00620669 1.44373e-06 2.8232e-08
0.00620731 1.44432e-06 2.82706e-08
0.00620793 1.44491e-06 2.83092e-08
0.00620855 1.4455e-06 2.83478e-08
0.00620917 1.44608e-06 2.83862e-08
0.0062098 1.44666e-06 2.84247e-08
0.00621042 1.44725e-06 2.84631e-08
0.00621104 1.44783e-06 2.85014e-08
0.00621166 1.44841e-06 2.85397e-08
0.00621228 1.44898e-06 2.85779e-08
0.0062129 1.44956e-06 2.86161e-08
0.00621352 1.45013e-06 2.86542e-08
0.00621414 1.45071e-06 2.86923e-08
0.00621477 1.45128e-06 2.87303e-08
0.00621539 1.45185e-06 2.87683e-08
0.00621601 1.45242e-06 2.88063e-08
0.00621663 1.45299e-06 2.88441e-08
0.00621725 1.45355e-06 2.8882e-08
0.00621787 1.45412e-06 2.89198e-08
0.00621849 1.45468e-06 2.89575e-08
0.00621912 1.45524e-06 2.89952e-08
0.00621974 1.4558e-06 2.90328e-08
0.00622036 1.45636e-06 2.90704e-08
0.00622098 1.45692e-06 2.91079e-08
0.0062216 1.45747e-06 2.9155e-08
0.00622222 1.45803e-06 2.92116e-08
0.00622284 1.45858e-06 2.92681e-08
0.00622346 1.45913e-06 2.93247e-08
0.00622409 1.45968e-06 2.93813e-08
0.00622471 1.46023e-06 2.94378e-08
0.00622533 1.46078e-06 2.94944e-08
0.00622595 1.46132e-06 2.95509e-08
0.00622657 1.46187e-06 2.96074e-08
0.00622719 1.46241e-06 2.96639e-08
0.00622781 1.46295e-06 2.97204e-08
0.00622843 1.46349e-06 2.9777e-08
0.00622906 1.46403e-06 2.98335e-08
0.00622968 1.46457e-06 2.98899e-08
0.0062303 1.4651e-06 2.99464e-08
0.00623092 1.46564e-06 3.00029e-08
0.00623154 1.46617e-06 3.00594e-08
0.00623216 1.4667e-06 3.01158e-08
0.00623278 1.46723e-06 3.01723e-08
0.0062334 1.46776e-06 3.02287e-08
0.00623403 1.46829e-06 3.02852e-08
0.00623465 1.46881e-06 3.03416e-08
0.00623527 1.46933e-06 3.0398e-08
0.00623589 1.46986e-06 3.04544e-08
0.00623651 1.47038e-06 3.05108e-08
0.00623713 1.4709e-06 3.05672e-08
0.00623775 1.47142e-06 3.06236e-08
0.00623838 1.47193e-06 3.068e-08
0.006239 1.47245e-06 3.07363e-08
0.00623962 1.47296e-06 3.07927e-08
0.00624024 1.47347e-06 3.0849e-08
0.00624086 1.47399e-06 3.09054e-08
0.00624148 1.4745e-06 3.09617e-08
0.0062421 1.475e-06 3.1018e-08
0.00624272 1.47551e-06 3.10743e-08
0.00624335 1.47602e-06 3.11306e-08
0.00624397 1.47652e-06 3.11869e-08
0.00624459 1.47702e-06 3.12432e-08
0.00624521 1.47752e-06 3.12995e-08
0.00624583 1.47802e-06 3.13557e-08
0.00624645 1.47852e-06 3.1412e-08
0.00624707 1.47902e-06 3.14682e-08
0.00624769 1.47951e-06 3.15245e-08
0.00624832 1.48e-06 3.15807e-08
0.00624894 1.4805e-06 3.16369e-08
0.00624956 1.48099e-06 3.16931e-08
0.00625018 1.48148e-06 3.17493e-08
0.0062508 1.48196e-06 3.18055e-08
0.00625142 1.48245e-06 3.18616e-08
0.00625204 1.48294e-06 3.19178e-08
0.00625266 1.48342e-06 3.19739e-08
0.00625329 1.4839e-06 3.20301e-08
0.00625391 1.48438e-06 3.20862e-08
0.00625453 1.48486e-06 3.21423e-08
0.00625515 1.48534e-06 3.21984e-08
0.00625577 1.48582e-06 3.22545e-08
0.00625639 1.48629e-06 3.23106e-08
0.00625701 1.48676e-06 3.23667e-08
0.00625764 1.48724e-06 3.24227e-08
0.00625826 1.48771e-06 3.24788e-08
0.00625888 1.48818e-06 3.25348e-08
0.0062595 1.48864e-06 3.25908e-08
0.00626012 1.48911e-06 3.26468e-08
0.00626074 1.48957e-06 3.27028e-08
0.00626136 1.49004e-06 3.27588e-08
0.00626198 1.4905e-06 3.28148e-08
0.00626261 1.49096e-06 3.28707e-08
0.00626323 1.49142e-06 3.29267e-08
0.00626385 1.49188e-06 3.29826e-08
0.00626447 1.49233e-06 3.30385e-08
0.00626509 1.49279e-06 3.30944e-08
0.00626571 1.49324e-06 3.31503e-08
0.00626633 1.49369e-06 3.32062e-08
0.00626695 1.49414e-06 3.32621e-08
0.00626758 1.49459e-06 3.33179e-08
0.0062682 1.49504e-06 3.33738e-08
0.00626882 1.49549e-06 3.34296e-08
0.00626944 1.49593e-06 3.34854e-08
0.00627006 1.49637e-06 3.35412e-08
0.00627068 1.49682e-06 3.3597e-08
0.0062713 1.49726e-06 3.36528e-08
0.00627192 1.49769e-06 3.37086e-08
0.00627255 1.49813e-06 3.37643e-08
0.00627317 1.49857e-06 3.382e-08
0.00627379 1.499e-06 3.38758e-08
0.00627441 1.49944e-06 3.39315e-08
0.00627503 1.49987e-06 3.39872e-08
0.00627565 1.5003e-06 3.40428e-08
0.00627627 1.50073e-06 3.40985e-08
0.0062769 1.50115e-06 3.41541e-08
0.00627752 1.50158e-06 3.42098e-08
0.00627814 1.502e-06 3.42654e-08
0.00627876 1.50243e-06 3.4321e-08
0.00627938 1.50285e-06 3.43766e-08
0.00628 1.50327e-06 3.44321e-08
0.00628062 1.50369e-06 3.44877e-08
0.00628124 1.50411e-06 3.45432e-08
0.00628187 1.50452e-06 3.45987e-08
0.00628249 1.50494e-06 3.46542e-08
0.00628311 1.50535e-06 3.47097e-08
0.00628373 1.50576e-06 3.47652e-08
0.00628435 1.50617e-06 3.48207e-08
0.00628497 1.50658e-06 3.48761e-08
0.00628559 1.50699e-06 3.49315e-08
0.00628621 1.50739e-06 3.49869e-08
0.00628684 1.5078e-06 3.50423e-08
0.00628746 1.5082e-06 3.50977e-08
0.00628808 1.5086e-06 3.51531e-08
0.0062887 1.509e-06 3.52084e-08
0.00628932 1.5094e-06 3.52637e-08
0.00628994 1.5098e-06 3.5319e-08
0.00629056 1.5102e-06 3.53743e-08
0.00629118 1.51059e-06 3.54296e-08
0.00629181 1.51098e-06 3.54849e-08
0.00629243 1.51138e-06 3.55401e-08
0.00629305 1.51177e-06 3.55953e-08
0.00629367 1.51216e-06 3.56505e-08
0.00629429 1.51254e-06 3.57057e-08
0.00629491 1.51293e-06 3.57609e-08
0.00629553 1.51331e-06 3.5816e-08
0.00629616 1.5137e-06 3.58711e-08
0.00629678 1.51408e-06 3.59263e-08
0.0062974 1.51446e-06 3.59814e-08
0.00629802 1.51484e-06 3.60364e-08
0.00629864 1.51522e-06 3.60915e-08
0.00629926 1.51559e-06 3.61465e-08
0.00629988 1.51597e-06 3.62015e-08
0.0063005 1.51634e-06 3.62565e-08
0.00630113 1.51671e-06 3.63115e-08
0.00630175 1.51708e-06 3.63665e-08
0.00630237 1.51745e-06 3.64214e-08
0.00630299 1.51782e-06 3.64763e-08
0.00630361 1.51819e-06 3.65312e-08
0.00630423 1.51855e-06 3.65861e-08
0.00630485 1.51891e-06 3.6641e-08
0.00630547 1.51928e-06 3.66958e-08
0.0063061 1.51964e-06 3.67506e-08
0.00630672 1.52e-06 3.68054e-08
0.00630734 1.52035e-06 3.68602e-08
0.00630796 1.52071e-06 3.6915e-08
0.00630858 1.52107e-06 3.69697e-08
0.0063092 1.52142e-06 3.70244e-08
0.00630982 1.52177e-06 3.70791e-08
0.00631044 1.52212e-06 3.71338e-08
0.00631107 1.52247e-06 3.71885e-08
0.00631169 1.52282e-06 3.72431e-08
0.00631231 1.52317e-06 3.72977e-08
0.00631293 1.52351e-06 3.73523e-08
0.00631355 1.52386e-06 3.74069e-08
0.00631417 1.5242e-06 3.74614e-08
0.00631479 1.52454e-06 3.75159e-08
0.00631542 1.52488e-06 3.75704e-08
0.00631604 1.52522e-06 3.76249e-08
0.00631666 1.52556e-06 3.76794e-08
0.00631728 1.52589e-06 3.77338e-08
0.0063179 1.52623e-06 3.77882e-08
0.00631852 1.52656e-06 3.78426e-08
0.00631914 1.52689e-06 3.7897e-08
0.00631976 1.52722e-06 3.79513e-08
0.00632039 1.52755e-06 3.80057e-08
0.00632101 1.52787e-06 3.806e-08
0.00632163 1.5282e-06 3.81142e-08
0.00632225 1.52852e-06 3.81685e-08
0.00632287 1.52885e-06 3.82227e-08
0.00632349 1.52917e-06 3.82769e-08
0.00632411 1.52949e-06 3.83311e-08
0.00632473 1.52981e-06 3.83853e-08
0.00632536 1.53013e-06 3.84394e-08
0.00632598 1.53044e-06 3.84935e-08
0.0063266 1.53076e-06 3.85476e-08
0.00632722 1.53107e-06 3.86017e-08
0.00632784 1.53138e-06 3.86557e-08
0.00632846 1.53169e-06 3.87097e-08
0.00632908 1.532e-06 3.87637e-08
0.0063297 1.53231e-06 3.88177e-08
0.00633033 1.53262e-06 3.88716e-08
0.00633095 1.53292e-06 3.89255e-08
0.00633157 1.53322e-06 3.89794e-08
0.00633219 1.53353e-06 3.90333e-08
0.00633281 1.53383e-06 3.90871e-08
0.00633343 1.53413e-06 3.91409e-08
0.00633405 1.53443e-06 3.91947e-08
0.00633468 1.53472e-06 3.92485e-08
0.0063353 1.53502e-06 3.93022e-08
0.00633592 1.53531e-06 3.93559e-08
0.00633654 1.5356e-06 3.94096e-08
0.00633716 1.5359e-06 3.94632e-08
0.00633778 1.53619e-06 3.95169e-08
0.0063384 1.53647e-06 3.95705e-08
0.00633902 1.53676e-06 3.96241e-08
0.00633965 1.53705e-06 3.96776e-08
0.00634027 1.53733e-06 3.97311e-08
0.00634089 1.53762e-06 3.97846e-08
0.00634151 1.5379e-06 3.98381e-08
0.00634213 1.53818e-06 3.98915e-08
0.00634275 1.53846e-06 3.99449e-08
0.00634337 1.53873e-06 3.99983e-08
0.00634399 1.53901e-06 4.00517e-08
0.00634462 1.53929e-06 4.0105e-08
0.00634524 1.53956e-06 4.01583e-08
0.00634586 1.53983e-06 4.02116e-08
0.00634648 1.5401e-06 4.02648e-08
0.0063471 1.54037e-06 4.0318e-08
0.00634772 1.54064e-06 4.03712e-08
0.00634834 1.54091e-06 4.04244e-08
0.00634896 1.54117e-06 4.04775e-08
0.00634959 1.54144e-06 4.05306e-08
0.00635021 1.5417e-06 4.05837e-08
0.00635083 1.54196e-06 4.06367e-08
0.00635145 1.54222e-06 4.06897e-08
0.00635207 1.54248e-06 4.07427e-08
0.00635269 1.54274e-06 4.07957e-08
0.00635331 1.54299e-06 4.08486e-08
0.00635394 1.54325e-06 4.09015e-08
0.00635456 1.5435e-06 4.09543e-08
0.00635518 1.54375e-06 4.10072e-08
0.0063558 1.544e-06 4.106e-08
0.00635642 1.54425e-06 4.11127e-08
0.00635704 1.5445e-06 4.11655e-08
0.00635766 1.54475e-06 4.12182e-08
0.00635828 1.54499e-06 4.12709e-08
0.00635891 1.54524e-06 4.13235e-08
0.00635953 1.54548e-06 4.13761e-08
0.00636015 1.54572e-06 4.14287e-08
0.00636077 1.54596e-06 4.14813e-08
0.00636139 1.5462e-06 4.15338e-08
0.00636201 1.54644e-06 4.15863e-08
0.00636263 1.54667e-06 4.16387e-08
0.00636325 1.54691e-06 4.16912e-08
0.00636388 1.54714e-06 4.17435e-08
0.0063645 1.54737e-06 4.17959e-08
0.00636512 1.5476e-06 4.18482e-08
0.00636574 1.54783e-06 4.19005e-08
0.00636636 1.54806e-06 4.19528e-08
0.00636698 1.54829e-06 4.2005e-08
0.0063676 1.54851e-06 4.20572e-08
0.00636822 1.54874e-06 4.21094e-08
0.00636885 1.54896e-06 4.21615e-08
0.00636947 1.54918e-06 4.22136e-08
0.00637009 1.5494e-06 4.22657e-08
0.00637071 1.54962e-06 4.23177e-08
0.00637133 1.54984e-06 4.23697e-08
0.00637195 1.55006e-06 4.24217e-08
0.00637257 1.55027e-06 4.24736e-08
0.0063732 1.55048e-06 4.25255e-08
0.00637382 1.5507e-06 4.25774e-08
0.00637444 1.55091e-06 4.26292e-08
0.00637506 1.55112e-06 4.2681e-08
0.00637568 1.55133e-06 4.27327e-08
0.0063763 1.55153e-06 4.27845e-08
0.00637692 1.55174e-06 4.28362e-08
0.00637754 1.55194e-06 4.28878e-08
0.00637817 1.55215e-06 4.29394e-08
0.00637879 1.55235e-06 4.2991e-08
0.00637941 1.55255e-06 4.30426e-08
0.00638003 1.55275e-06 4.30941e-08
0.00638065 1.55294e-06 4.31455e-08
0.00638127 1.55314e-06 4.3197e-08
0.00638189 1.55334e-06 4.32484e-08
0.00638251 1.55353e-06 4.32997e-08
0.00638314 1.55372e-06 4.33511e-08
0.00638376 1.55392e-06 4.34024e-08
0.00638438 1.55411e-06 4.34536e-08
0.006385 1.55429e-06 4.35048e-08
0.00638562 1.55448e-06 4.3556e-08
0.00638624 1.55467e-06 4.36072e-08
0.00638686 1.55485e-06 4.36583e-08
0.00638748 1.55504e-06 4.37094e-08
0.00638811 1.55522e-06 4.37604e-08
0.00638873 1.5554e-06 4.38114e-08
0.00638935 1.55558e-06 4.38623e-08
0.00638997 1.55576e-06 4.39133e-08
0.00639059 1.55594e-06 4.39641e-08
0.00639121 1.55611e-06 4.4015e-08
0.00639183 1.55629e-06 4.40658e-08
0.00639246 1.55646e-06 4.41166e-08
0.00639308 1.55663e-06 4.41673e-08
0.0063937 1.5568e-06 4.4218e-08
0.00639432 1.55697e-06 4.42686e-08
0.00639494 1.55714e-06 4.43192e-08
0.00639556 1.55731e-06 4.43698e-08
0.00639618 1.55747e-06 4.44204e-08
0.0063968 1.55764e-06 4.44708e-08
0.00639743 1.5578e-06 4.45213e-08
0.00639805 1.55796e-06 4.45717e-08
0.00639867 1.55812e-06 4.46221e-08
0.00639929 1.55828e-06 4.46724e-08
0.00639991 1.55844e-06 4.47227e-08
0.00640053 1.5586e-06 4.4773e-08
0.00640115 1.55875e-06 4.48232e-08
0.00640177 1.55891e-06 4.48734e-08
0.0064024 1.55906e-06 4.49235e-08
0.00640302 1.55921e-06 4.49736e-08
0.00640364 1.55936e-06 4.50236e-08
0.00640426 1.55951e-06 4.50737e-08
0.00640488 1.55966e-06 4.51236e-08
0.0064055 1.55981e-06 4.51736e-08
0.00640612 1.55995e-06 4.52234e-08
0.00640674 1.5601e-06 4.52733e-08
0.00640737 1.56024e-06 4.53231e-08
0.00640799 1.56038e-06 4.53728e-08
0.00640861 1.56052e-06 4.54226e-08
0.00640923 1.56066e-06 4.54722e-08
0.00640985 1.5608e-06 4.55219e-08
0.00641047 1.56094e-06 4.55715e-08
0.00641109 1.56107e-06 4.5621e-08
0.00641172 1.56121e-06 4.56705e-08
0.00641234 1.56134e-06 4.572e-08
0.00641296 1.56147e-06 4.57694e-08
0.00641358 1.5616e-06 4.58188e-08
0.0064142 1.56173e-06 4.58681e-08
0.00641482 1.56186e-06 4.59174e-08
0.00641544 1.56199e-06 4.59666e-08
0.00641606 1.56212e-06 4.60159e-08
0.00641669 1.56224e-06 4.6065e-08
0.00641731 1.56236e-06 4.61141e-08
0.00641793 1.56249e-06 4.61632e-08
0.00641855 1.56261e-06 4.62122e-08
0.00641917 1.56273e-06 4.62612e-08
0.00641979 1.56284e-06 4.63101e-08
0.00642041 1.56296e-06 4.6359e-08
0.00642103 1.56308e-06 4.64079e-08
0.00642166 1.56319e-06 4.64567e-08
0.00642228 1.5633e-06 4.65054e-08
0.0064229 1.56342e-06 4.65542e-08
0.00642352 1.56353e-06 4.66028e-08
0.00642414 1.56364e-06 4.66514e-08
0.00642476 1.56375e-06 4.67e-08
0.00642538 1.56385e-06 4.67485e-08
0.006426 1.56396e-06 4.6797e-08
0.00642663 1.56406e-06 4.68455e-08
0.00642725 1.56417e-06 4.68939e-08
0.00642787 1.56427e-06 4.69422e-08
0.00642849 1.56437e-06 4.69905e-08
0.00642911 1.56447e-06 4.70387e-08
0.00642973 1.56457e-06 4.70869e-08
0.00643035 1.56467e-06 4.71351e-08
0.00643098 1.56477e-06 4.71832e-08
0.0064316 1.56486e-06 4.72313e-08
0.00643222 1.56495e-06 4.72793e-08
0.00643284 1.56505e-06 4.73273e-08
0.00643346 1.56514e-06 4.73752e-08
0.00643408 1.56523e-06 4.74231e-08
0.0064347 1.56532e-06 4.74709e-08
0.00643532 1.56541e-06 4.75187e-08
0.00643595 1.56549e-06 4.75664e-08
0.00643657 1.56558e-06 4.76141e-08
0.00643719 1.56566e-06 4.76617e-08
0.00643781 1.56575e-06 4.77093e-08
0.00643843 1.56583e-06 4.77568e-08
0.00643905 1.56591e-06 4.78043e-08
0.00643967 1.56599e-06 4.78517e-08
0.00644029 1.56607e-06 4.78991e-08
0.00644092 1.56615e-06 4.79465e-08
0.00644154 1.56622e-06 4.79938e-08
0.00644216 1.5663e-06 4.8041e-08
0.00644278 1.56637e-06 4.80882e-08
0.0064434 1.56644e-06 4.81353e-08
0.00644402 1.56651e-06 4.81824e-08
0.00644464 1.56658e-06 4.82294e-08
0.00644526 1.56675e-06 4.82764e-08
0.00644589 1.56712e-06 4.83234e-08
0.00644651 1.5675e-06 4.83703e-08
0.00644713 1.56787e-06 4.84171e-08
0.00644775 1.56824e-06 4.84639e-08
0.00644837 1.5686e-06 4.85106e-08
0.00644899 1.56897e-06 4.85573e-08
0.00644961 1.56934e-06 4.86039e-08
0.00645024 1.5697e-06 4.86505e-08
0.00645086 1.57006e-06 4.86971e-08
0.00645148 1.57043e-06 4.87435e-08
0.0064521 1.57079e-06 4.879e-08
0.00645272 1.57115e-06 4.88363e-08
0.00645334 1.5715e-06 4.88827e-08
0.00645396 1.57186e-06 4.89289e-08
0.00645458 1.57221e-06 4.89751e-08
0.00645521 1.57257e-06 4.90213e-08
0.00645583 1.57292e-06 4.90674e-08
0.00645645 1.57327e-06 4.91135e-08
0.00645707 1.57362e-06 4.91595e-08
0.00645769 1.57397e-06 4.92054e-08
0.00645831 1.57432e-06 4.92513e-08
0.00645893 1.57466e-06 4.92972e-08
0.00645955 1.57501e-06 4.9343e-08
0.00646018 1.57535e-06 4.93887e-08
0.0064608 1.57569e-06 4.94344e-08
0.00646142 1.57603e-06 4.948e-08
0.00646204 1.57637e-06 4.95256e-08
0.00646266 1.57671e-06 4.95712e-08
0.00646328 1.57705e-06 4.96166e-08
0.0064639 1.57738e-06 4.9662e-08
0.00646452 1.57772e-06 4.97074e-08
0.00646515 1.57805e-06 4.97527e-08
0.00646577 1.57838e-06 4.9798e-08
0.00646639 1.57871e-06 4.98432e-08
0.00646701 1.57904e-06 4.98883e-08
0.00646763 1.57937e-06 4.99334e-08
0.00646825 1.57969e-06 4.99784e-08
0.00646887 1.58002e-06 5.00234e-08
0.0064695 1.58034e-06 5.00683e-08
0.00647012 1.58066e-06 5.01132e-08
0.00647074 1.58098e-06 5.0158e-08
0.00647136 1.5813e-06 5.02028e-08
0.00647198 1.58162e-06 5.02475e-08
0.0064726 1.58194e-06 5.02921e-08
0.00647322 1.58225e-06 5.03367e-08
0.00647384 1.58257e-06 5.03812e-08
0.00647447 1.58288e-06 5.04257e-08
0.00647509 1.58319e-06 5.04701e-08
0.00647571 1.5835e-06 5.05145e-08
0.00647633 1.58381e-06 5.05588e-08
0.00647695 1.58412e-06 5.0603e-08
0.00647757 1.58443e-06 5.06472e-08
0.00647819 1.58473e-06 5.06913e-08
0.00647881 1.58503e-06 5.07354e-08
0.00647944 1.58534e-06 5.07794e-08
0.00648006 1.58564e-06 5.08234e-08
0.00648068 1.58594e-06 5.08673e-08
0.0064813 1.58624e-06 5.09111e-08
0.00648192 1.58653e-06 5.09549e-08
0.00648254 1.58683e-06 5.09986e-08
0.00648316 1.58712e-06 5.10423e-08
0.00648378 1.58741e-06 5.10859e-08
0.00648441 1.58771e-06 5.11295e-08
0.00648503 1.588e-06 5.11729e-08
0.00648565 1.58829e-06 5.12164e-08
0.00648627 1.58857e-06 5.12597e-08
0.00648689 1.58886e-06 5.13031e-08
0.00648751 1.58914e-06 5.13463e-08
0.00648813 1.58943e-06 5.13895e-08
0.00648876 1.58971e-06 5.14326e-08
0.00648938 1.58999e-06 5.14757e-08
0.00649 1.59027e-06 5.15187e-08
0.00649062 1.59055e-06 5.15617e-08
0.00649124 1.59083e-06 5.16046e-08
0.00649186 1.5911e-06 5.16474e-08
0.00649248 1.59138e-06 5.16902e-08
0.0064931 1.59165e-06 5.17329e-08
0.00649373 1.59192e-06 5.17756e-08
0.00649435 1.59219e-06 5.18182e-08
0.00649497 1.59248e-06 5.18607e-08
0.00649559 1.59279e-06 5.19032e-08
0.00649621 1.59309e-06 5.19456e-08
0.00649683 1.59339e-06 5.19879e-08
0.00649745 1.59369e-06 5.20302e-08
0.00649807 1.59399e-06 5.20724e-08
0.0064987 1.59429e-06 5.21146e-08
0.00649932 1.59458e-06 5.21567e-08
0.00649994 1.59488e-06 5.21988e-08
0.00650056 1.59517e-06 5.22407e-08
0.00650118 1.59546e-06 5.22827e-08
0.0065018 1.59575e-06 5.23245e-08
0.00650242 1.59604e-06 5.23663e-08
0.00650304 1.59633e-06 5.2408e-08
0.00650367 1.59662e-06 5.24497e-08
0.00650429 1.5969e-06 5.24913e-08
0.00650491 1.59719e-06 5.25328e-08
0.00650553 1.59747e-06 5.25743e-08
0.00650615 1.59775e-06 5.26157e-08
0.00650677 1.59803e-06 5.26571e-08
0.00650739 1.59831e-06 5.26984e-08
0.00650802 1.59859e-06 5.27396e-08
0.00650864 1.59886e-06 5.27808e-08
0.00650926 1.59914e-06 5.28219e-08
0.00650988 1.59941e-06 5.28629e-08
0.0065105 1.59969e-06 5.29039e-08
0.00651112 1.59996e-06 5.29448e-08
0.00651174 1.60023e-06 5.29856e-08
0.00651236 1.6005e-06 5.30264e-08
0.00651299 1.60076e-06 5.30671e-08
0.00651361 1.60103e-06 5.31078e-08
0.00651423 1.6013e-06 5.31484e-08
0.00651485 1.60156e-06 5.31889e-08
0.00651547 1.60182e-06 5.32293e-08
0.00651609 1.60208e-06 5.32697e-08
0.00651671 1.60234e-06 5.33101e-08
0.00651733 1.6026e-06 5.33503e-08
0.00651796 1.60286e-06 5.33905e-08
0.00651858 1.60312e-06 5.34307e-08
0.0065192 1.60337e-06 5.34707e-08
0.00651982 1.60362e-06 5.35107e-08
0.00652044 1.60388e-06 5.35507e-08
0.00652106 1.60413e-06 5.35905e-08
0.00652168 1.60438e-06 5.36303e-08
0.0065223 1.60463e-06 5.36701e-08
0.00652293 1.60487e-06 5.37097e-08
0.00652355 1.60512e-06 5.37493e-08
0.00652417 1.60536e-06 5.37889e-08
0.00652479 1.60561e-06 5.38283e-08
0.00652541 1.60585e-06 5.38677e-08
0.00652603 1.60609e-06 5.39071e-08
0.00652665 1.60633e-06 5.39463e-08
0.00652728 1.60657e-06 5.39856e-08
0.0065279 1.60681e-06 5.40247e-08
0.00652852 1.60704e-06 5.40638e-08
0.00652914 1.60728e-06 5.41028e-08
0.00652976 1.60751e-06 5.41417e-08
0.00653038 1.60774e-06 5.41806e-08
0.006531 1.60797e-06 5.42193e-08
0.00653162 1.6082e-06 5.42581e-08
0.00653225 1.60843e-06 5.42967e-08
0.00653287 1.60866e-06 5.43353e-08
0.00653349 1.60888e-06 5.43739e-08
0.00653411 1.60911e-06 5.44123e-08
0.00653473 1.60933e-06 5.44507e-08
0.00653535 1.60955e-06 5.4489e-08
0.00653597 1.60977e-06 5.45273e-08
0.00653659 1.60999e-06 5.45655e-08
0.00653722 1.61021e-06 5.46036e-08
0.00653784 1.61043e-06 5.46416e-08
0.00653846 1.61064e-06 5.46796e-08
0.00653908 1.61086e-06 5.47175e-08
0.0065397 1.61107e-06 5.47553e-08
0.00654032 1.61128e-06 5.47931e-08
0.00654094 1.61149e-06 5.48308e-08
0.00654156 1.6117e-06 5.48684e-08
0.00654219 1.61191e-06 5.4906e-08
0.00654281 1.61212e-06 5.49435e-08
0.00654343 1.61232e-06 5.49809e-08
0.00654405 1.61252e-06 5.50183e-08
0.00654467 1.61273e-06 5.50555e-08
0.00654529 1.61293e-06 5.50928e-08
0.00654591 1.61313e-06 5.51299e-08
0.00654654 1.61333e-06 5.5167e-08
0.00654716 1.61353e-06 5.5204e-08
0.00654778 1.61372e-06 5.52409e-08
0.0065484 1.61392e-06 5.52777e-08
0.00654902 1.61411e-06 5.53145e-08
0.00654964 1.6143e-06 5.53513e-08
0.00655026 1.6145e-06 5.53879e-08
0.00655088 1.61469e-06 5.54245e-08
0.00655151 1.61488e-06 5.5461e-08
0.00655213 1.61506e-06 5.54974e-08
0.00655275 1.61525e-06 5.55338e-08
0.00655337 1.61543e-06 5.55701e-08
0.00655399 1.61562e-06 5.56063e-08
0.00655461 1.6158e-06 5.56424e-08
0.00655523 1.61598e-06 5.56785e-08
0.00655585 1.61616e-06 5.57145e-08
0.00655648 1.61634e-06 5.57504e-08
0.0065571 1.61652e-06 5.57863e-08
0.00655772 1.6167e-06 5.5822e-08
0.00655834 1.61687e-06 5.58578e-08
0.00655896 1.61704e-06 5.58934e-08
0.00655958 1.61722e-06 5.5929e-08
0.0065602 1.61739e-06 5.59645e-08
0.00656082 1.61756e-06 5.59999e-08
0.00656145 1.61773e-06 5.60352e-08
0.00656207 1.61789e-06 5.60705e-08
0.00656269 1.61806e-06 5.61057e-08
0.00656331 1.61823e-06 5.61408e-08
0.00656393 1.61839e-06 5.61759e-08
0.00656455 1.61855e-06 5.62109e-08
0.00656517 1.61871e-06 5.62458e-08
0.0065658 1.61887e-06 5.62806e-08
0.00656642 1.61903e-06 5.63154e-08
0.00656704 1.61919e-06 5.63501e-08
0.00656766 1.61934e-06 5.63847e-08
0.00656828 1.6195e-06 5.64192e-08
0.0065689 1.61965e-06 5.64537e-08
0.00656952 1.61981e-06 5.64881e-08
0.00657014 1.61996e-06 5.65224e-08
0.00657077 1.62011e-06 5.65566e-08
0.00657139 1.62025e-06 5.65908e-08
0.00657201 1.6204e-06 5.66249e-08
0.00657263 1.62055e-06 5.66589e-08
0.00657325 1.62069e-06 5.66929e-08
0.00657387 1.62084e-06 5.67267e-08
0.00657449 1.62098e-06 5.67605e-08
0.00657511 1.62195e-06 5.67943e-08
0.00657574 1.62293e-06 5.68279e-08
0.00657636 1.62391e-06 5.68615e-08
0.00657698 1.62489e-06 5.6895e-08
0.0065776 1.62587e-06 5.69284e-08
0.00657822 1.62685e-06 5.69617e-08
0.00657884 1.62782e-06 5.6995e-08
0.00657946 1.62879e-06 5.70282e-08
0.00658008 1.62976e-06 5.70613e-08
0.00658071 1.63073e-06 5.70944e-08
0.00658133 1.63169e-06 5.71273e-08
0.00658195 1.63265e-06 5.71602e-08
0.00658257 1.63361e-06 5.7193e-08
0.00658319 1.63457e-06 5.72258e-08
0.00658381 1.63553e-06 5.72584e-08
0.00658443 1.63648e-06 5.7291e-08
0.00658506 1.63743e-06 5.73235e-08
0.00658568 1.63838e-06 5.7356e-08
0.0065863 1.63933e-06 5.73883e-08
0.00658692 1.64028e-06 5.74206e-08
0.00658754 1.64122e-06 5.74528e-08
0.00658816 1.64216e-06 5.74849e-08
0.00658878 1.6431e-06 5.7517e-08
0.0065894 1.64404e-06 5.7549e-08
0.00659003 1.64497e-06 5.75809e-08
0.00659065 1.6459e-06 5.76127e-08
0.00659127 1.64683e-06 5.76444e-08
0.00659189 1.64776e-06 5.76761e-08
0.00659251 1.64869e-06 5.77077e-08
0.00659313 1.64961e-06 5.77392e-08
0.00659375 1.65053e-06 5.77706e-08
0.00659437 1.65145e-06 5.7802e-08
0.006595 1.65237e-06 5.78332e-08
0.00659562 1.65328e-06 5.78644e-08
0.00659624 1.6542e-06 5.78956e-08
0.00659686 1.65511e-06 5.79266e-08
0.00659748 1.65602e-06 5.79576e-08
0.0065981 1.65692e-06 5.79885e-08
0.00659872 1.65783e-06 5.80193e-08
0.00659934 1.65873e-06 5.805e-08
0.00659997 1.65963e-06 5.80807e-08
0.00660059 1.66052e-06 5.81112e-08
0.00660121 1.66142e-06 5.81417e-08
0.00660183 1.66231e-06 5.81721e-08
0.00660245 1.6632e-06 5.82025e-08
0.00660307 1.66409e-06 5.82327e-08
0.00660369 1.66498e-06 5.82629e-08
0.00660432 1.66586e-06 5.8293e-08
0.00660494 1.66674e-06 5.83231e-08
0.00660556 1.66762e-06 5.8353e-08
0.00660618 1.6685e-06 5.83829e-08
0.0066068 1.66937e-06 5.84127e-08
0.00660742 1.67024e-06 5.84424e-08
0.00660804 1.67111e-06 5.8472e-08
0.00660866 1.67198e-06 5.85015e-08
0.00660929 1.67285e-06 5.8531e-08
0.00660991 1.67371e-06 5.85604e-08
0.00661053 1.67457e-06 5.85897e-08
0.00661115 1.67543e-06 5.86189e-08
0.00661177 1.67629e-06 5.86481e-08
0.00661239 1.67714e-06 5.86772e-08
0.00661301 1.67799e-06 5.87062e-08
0.00661363 1.67884e-06 5.87351e-08
0.00661426 1.67969e-06 5.87639e-08
0.00661488 1.68054e-06 5.87926e-08
0.0066155 1.68138e-06 5.88213e-08
0.00661612 1.68222e-06 5.88499e-08
0.00661674 1.68306e-06 5.88784e-08
0.00661736 1.6839e-06 5.89069e-08
0.00661798 1.68473e-06 5.89352e-08
0.0066186 1.68556e-06 5.89635e-08
0.00661923 1.68639e-06 5.89917e-08
0.00661985 1.68722e-06 5.90198e-08
0.00662047 1.68804e-06 5.90478e-08
0.00662109 1.68887e-06 5.90757e-08
0.00662171 1.68969e-06 5.91036e-08
0.00662233 1.6905e-06 5.91314e-08
0.00662295 1.69132e-06 5.91591e-08
0.00662358 1.69213e-06 5.91867e-08
0.0066242 1.69294e-06 5.92143e-08
0.00662482 1.69375e-06 5.92417e-08
0.00662544 1.69456e-06 5.92691e-08
0.00662606 1.69536e-06 5.92964e-08
0.00662668 1.69616e-06 5.93236e-08
0.0066273 1.69696e-06 5.93508e-08
0.00662792 1.69776e-06 5.93778e-08
0.00662855 1.69855e-06 5.94048e-08
0.00662917 1.69935e-06 5.94317e-08
0.00662979 1.70014e-06 5.94585e-08
0.00663041 1.70092e-06 5.94852e-08
0.00663103 1.70171e-06 5.95119e-08
0.00663165 1.70249e-06 5.95384e-08
0.00663227 1.70327e-06 5.95649e-08
0.00663289 1.70405e-06 5.95913e-08
0.00663352 1.70483e-06 5.96176e-08
0.00663414 1.7056e-06 5.96439e-08
0.00663476 1.70637e-06 5.967e-08
0.00663538 1.70714e-06 5.96961e-08
0.006636 1.70791e-06 5.97221e-08
0.00663662 1.70867e-06 5.9748e-08
0.00663724 1.70944e-06 5.97738e-08
0.00663786 1.7102e-06 5.97996e-08
0.00663849 1.71095e-06 5.98252e-08
0.00663911 1.71171e-06 5.98508e-08
0.00663973 1.71246e-06 5.98763e-08
0.00664035 1.71321e-06 5.99017e-08
0.00664097 1.71396e-06 5.99271e-08
0.00664159 1.7147e-06 5.99523e-08
0.00664221 1.71545e-06 5.99775e-08
0.00664284 1.71619e-06 6.00026e-08
0.00664346 1.71693e-06 6.00276e-08
0.00664408 1.71766e-06 6.00525e-08
0.0066447 1.7184e-06 6.00773e-08
0.00664532 1.71913e-06 6.01021e-08
0.00664594 1.71986e-06 6.01267e-08
0.00664656 1.72058e-06 6.01513e-08
0.00664718 1.72131e-06 6.01758e-08
0.00664781 1.72203e-06 6.02002e-08
0.00664843 1.72275e-06 6.02246e-08
0.00664905 1.72347e-06 6.02488e-08
0.00664967 1.72418e-06 6.0273e-08
0.00665029 1.72489e-06 6.02971e-08
0.00665091 1.7256e-06 6.03211e-08
0.00665153 1.72631e-06 6.0345e-08
0.00665215 1.72702e-06 6.03688e-08
0.00665278 1.72772e-06 6.03926e-08
0.0066534 1.72842e-06 6.04163e-08
0.00665402 1.72912e-06 6.04398e-08
0.00665464 1.72981e-06 6.04633e-08
0.00665526 1.73051e-06 6.04868e-08
0.00665588 1.7312e-06 6.05101e-08
0.0066565 1.73188e-06 6.05333e-08
0.00665712 1.73257e-06 6.05565e-08
0.00665775 1.73325e-06 6.05796e-08
0.00665837 1.73394e-06 6.06026e-08
0.00665899 1.73461e-06 6.06255e-08
0.00665961 1.73529e-06 6.06483e-08
0.00666023 1.73596e-06 6.06711e-08
0.00666085 1.73664e-06 6.06937e-08
0.00666147 1.73731e-06 6.07163e-08
0.0066621 1.73797e-06 6.07388e-08
0.00666272 1.73864e-06 6.07612e-08
0.00666334 1.7393e-06 6.07835e-08
0.00666396 1.73996e-06 6.08058e-08
0.00666458 1.74061e-06 6.08279e-08
0.0066652 1.74127e-06 6.085e-08
0.00666582 1.74192e-06 6.0872e-08
0.00666644 1.74257e-06 6.08939e-08
0.00666707 1.74322e-06 6.09157e-08
0.00666769 1.74386e-06 6.09374e-08
0.00666831 1.74451e-06 6.09591e-08
0.00666893 1.74515e-06 6.09807e-08
0.00666955 1.74578e-06 6.10021e-08
0.00667017 1.74642e-06 6.10235e-08
0.00667079 1.74705e-06 6.10448e-08
0.00667141 1.74768e-06 6.10661e-08
0.00667204 1.74831e-06 6.10872e-08
0.00667266 1.74894e-06 6.11083e-08
0.00667328 1.74956e-06 6.11292e-08
0.0066739 1.75018e-06 6.11501e-08
0.00667452 1.7508e-06 6.11709e-08
0.00667514 1.75141e-06 6.11916e-08
0.00667576 1.75203e-06 6.12122e-08
0.00667638 1.75264e-06 6.12328e-08
0.00667701 1.75325e-06 6.12532e-08
0.00667763 1.75385e-06 6.12736e-08
0.00667825 1.75446e-06 6.12939e-08
0.00667887 1.75506e-06 6.13141e-08
0.00667949 1.75566e-06 6.13342e-08
0.00668011 1.75625e-06 6.13543e-08
0.00668073 1.75685e-06 6.13742e-08
0.00668136 1.75744e-06 6.13941e-08
0.00668198 1.75803e-06 6.14138e-08
0.0066826 1.75861e-06 6.14335e-08
0.00668322 1.7592e-06 6.14531e-08
0.00668384 1.75978e-06 6.14727e-08
0.00668446 1.76036e-06 6.14921e-08
0.00668508 1.76094e-06 6.15114e-08
0.0066857 1.76151e-06 6.15307e-08
0.00668633 1.76208e-06 6.15499e-08
0.00668695 1.76265e-06 6.1569e-08
0.00668757 1.76322e-06 6.1588e-08
0.00668819 1.76378e-06 6.16069e-08
0.00668881 1.76435e-06 6.16257e-08
0.00668943 1.76491e-06 6.16445e-08
0.00669005 1.76546e-06 6.16632e-08
0.00669067 1.76602e-06 6.16817e-08
0.0066913 1.76657e-06 6.17002e-08
0.00669192 1.76712e-06 6.17186e-08
0.00669254 1.76767e-06 6.1737e-08
0.00669316 1.76821e-06 6.17552e-08
0.00669378 1.76875e-06 6.17733e-08
0.0066944 1.76929e-06 6.17914e-08
0.00669502 1.76983e-06 6.18094e-08
0.00669564 1.77037e-06 6.18273e-08
0.00669627 1.7709e-06 6.18451e-08
0.00669689 1.77143e-06 6.18628e-08
0.00669751 1.77196e-06 6.18804e-08
0.00669813 1.77248e-06 6.1898e-08
0.00669875 1.773e-06 6.19154e-08
0.00669937 1.77352e-06 6.19328e-08
0.00669999 1.77404e-06 6.19501e-08
0.00670062 1.77456e-06 6.19673e-08
0.00670124 1.77507e-06 6.19844e-08
0.00670186 1.77558e-06 6.20014e-08
0.00670248 1.77609e-06 6.20184e-08
0.0067031 1.77659e-06 6.20352e-08
0.00670372 1.77709e-06 6.2052e-08
0.00670434 1.77759e-06 6.20687e-08
0.00670496 1.77809e-06 6.20853e-08
0.00670559 1.77859e-06 6.21018e-08
0.00670621 1.77908e-06 6.21182e-08
0.00670683 1.77957e-06 6.21346e-08
0.00670745 1.78006e-06 6.21508e-08
0.00670807 1.78054e-06 6.2167e-08
0.00670869 1.78103e-06 6.21831e-08
0.00670931 1.78151e-06 6.21991e-08
0.00670993 1.78199e-06 6.2215e-08
0.00671056 1.78246e-06 6.22308e-08
0.00671118 1.78294e-06 6.22465e-08
0.0067118 1.78341e-06 6.22622e-08
0.00671242 1.78387e-06 6.22777e-08
0.00671304 1.78434e-06 6.22932e-08
0.00671366 1.7848e-06 6.23086e-08
0.00671428 1.78526e-06 6.23239e-08
0.0067149 1.78572e-06 6.23391e-08
0.00671553 1.78618e-06 6.23543e-08
0.00671615 1.78663e-06 6.23693e-08
0.00671677 1.78708e-06 6.23843e-08
0.00671739 1.78753e-06 6.23991e-08
0.00671801 1.78797e-06 6.24139e-08
0.00671863 1.78842e-06 6.24286e-08
0.00671925 1.78886e-06 6.24432e-08
0.00671988 1.7893e-06 6.24577e-08
0.0067205 1.78973e-06 6.24722e-08
0.00672112 1.79017e-06 6.24865e-08
0.00672174 1.7906e-06 6.25008e-08
0.00672236 1.79103e-06 6.2515e-08
0.00672298 1.79145e-06 6.25291e-08
0.0067236 1.79187e-06 6.25431e-08
0.00672422 1.7923e-06 6.2557e-08
0.00672485 1.79271e-06 6.25708e-08
0.00672547 1.79313e-06 6.25846e-08
0.00672609 1.79354e-06 6.25982e-08
0.00672671 1.79395e-06 6.26118e-08
0.00672733 1.79436e-06 6.26253e-08
0.00672795 1.79477e-06 6.26387e-08
0.00672857 1.79517e-06 6.2652e-08
0.00672919 1.79557e-06 6.26652e-08
0.00672982 1.79597e-06 6.26783e-08
0.00673044 1.79637e-06 6.26914e-08
0.00673106 1.79676e-06 6.27044e-08
0.00673168 1.79715e-06 6.27172e-08
0.0067323 1.79754e-06 6.273e-08
0.00673292 1.79793e-06 6.27427e-08
0.00673354 1.79831e-06 6.27554e-08
0.00673416 1.79869e-06 6.27679e-08
0.00673479 1.79907e-06 6.27803e-08
0.00673541 1.79945e-06 6.27927e-08
0.00673603 1.79982e-06 6.2805e-08
0.00673665 1.80019e-06 6.28171e-08
0.00673727 1.80056e-06 6.28292e-08
0.00673789 1.80092e-06 6.28413e-08
0.00673851 1.80129e-06 6.28532e-08
0.00673914 1.80165e-06 6.2865e-08
0.00673976 1.80201e-06 6.28768e-08
0.00674038 1.80236e-06 6.28884e-08
0.006741 1.80272e-06 6.29e-08
0.00674162 1.80307e-06 6.29115e-08
0.00674224 1.80342e-06 6.29229e-08
0.00674286 1.80376e-06 6.29342e-08
0.00674348 1.80411e-06 6.29455e-08
0.00674411 1.80445e-06 6.29566e-08
0.00674473 1.80479e-06 6.29677e-08
0.00674535 1.80512e-06 6.29786e-08
0.00674597 1.80546e-06 6.29895e-08
0.00674659 1.80579e-06 6.30003e-08
0.00674721 1.80612e-06 6.3011e-08
0.00674783 1.80644e-06 6.30216e-08
0.00674845 1.80677e-06 6.30322e-08
0.00674908 1.80709e-06 6.30426e-08
0.0067497 1.80741e-06 6.3053e-08
0.00675032 1.80772e-06 6.30633e-08
0.00675094 1.80804e-06 6.30735e-08
0.00675156 1.80835e-06 6.30836e-08
0.00675218 1.80866e-06 6.30936e-08
0.0067528 1.80896e-06 6.31035e-08
0.00675342 1.80927e-06 6.31134e-08
0.00675405 1.80957e-06 6.31231e-08
0.00675467 1.80987e-06 6.31328e-08
0.00675529 1.81016e-06 6.31424e-08
0.00675591 1.81046e-06 6.31519e-08
0.00675653 1.81075e-06 6.31613e-08
0.00675715 1.81104e-06 6.31706e-08
0.00675777 1.81132e-06 6.31799e-08
0.0067584 1.81161e-06 6.3189e-08
0.00675902 1.81189e-06 6.31981e-08
0.00675964 1.81217e-06 6.32071e-08
0.00676026 1.81244e-06 6.32159e-08
0.00676088 1.81272e-06 6.32248e-08
0.0067615 1.81299e-06 6.32335e-08
0.00676212 1.81326e-06 6.32421e-08
0.00676274 1.81353e-06 6.32507e-08
0.00676337 1.81379e-06 6.32591e-08
0.00676399 1.81405e-06 6.32675e-08
0.00676461 1.81431e-06 6.32758e-08
0.00676523 1.81457e-06 6.3284e-08
0.00676585 1.81482e-06 6.32921e-08
0.00676647 1.81507e-06 6.33001e-08
0.00676709 1.81532e-06 6.33081e-08
0.00676771 1.81557e-06 6.33159e-08
0.00676834 1.81581e-06 6.33237e-08
0.00676896 1.81605e-06 6.33314e-08
0.00676958 1.81629e-06 6.3339e-08
0.0067702 1.81653e-06 6.33465e-08
0.00677082 1.81676e-06 6.33539e-08
0.00677144 1.817e-06 6.33613e-08
0.00677206 1.81722e-06 6.33685e-08
0.00677268 1.81745e-06 6.33757e-08
0.00677331 1.81768e-06 6.33828e-08
0.00677393 1.8179e-06 6.33898e-08
0.00677455 1.81812e-06 6.33967e-08
0.00677517 1.81833e-06 6.34035e-08
0.00677579 1.81855e-06 6.34102e-08
0.00677641 1.81876e-06 6.34169e-08
0.00677703 1.81897e-06 6.34234e-08
0.00677766 1.81918e-06 6.34299e-08
0.00677828 1.81938e-06 6.34363e-08
0.0067789 1.81958e-06 6.34426e-08
0.00677952 1.81978e-06 6.34488e-08
0.00678014 1.81998e-06 6.3455e-08
0.00678076 1.82017e-06 6.3461e-08
0.00678138 1.82037e-06 6.3467e-08
0.006782 1.82056e-06 6.34729e-08
0.00678263 1.82074e-06 6.34787e-08
0.00678325 1.82093e-06 6.34844e-08
0.00678387 1.82111e-06 6.349e-08
0.00678449 1.82129e-06 6.34955e-08
0.00678511 1.82147e-06 6.3501e-08
0.00678573 1.82164e-06 6.35063e-08
0.00678635 1.82182e-06 6.35116e-08
0.00678697 1.82199e-06 6.35168e-08
0.0067876 1.82215e-06 6.35219e-08
0.00678822 1.82232e-06 6.35269e-08
0.00678884 1.82248e-06 6.35319e-08
0.00678946 1.82264e-06 6.35367e-08
0.00679008 1.8228e-06 6.35415e-08
0.0067907 1.82295e-06 6.35462e-08
0.00679132 1.82311e-06 6.35508e-08
0.00679194 1.82326e-06 6.35553e-08
0.00679257 1.8234e-06 6.35597e-08
0.00679319 1.82355e-06 6.3564e-08
0.00679381 1.82369e-06 6.35683e-08
0.00679443 1.82383e-06 6.35724e-08
0.00679505 1.82397e-06 6.35765e-08
0.00679567 1.82411e-06 6.35805e-08
0.00679629 1.82424e-06 6.35844e-08
0.00679692 1.82437e-06 6.35882e-08
0.00679754 1.8245e-06 6.3592e-08
0.00679816 1.82462e-06 6.35956e-08
0.00679878 1.82475e-06 6.35992e-08
0.0067994 1.82487e-06 6.36027e-08
0.00680002 1.82499e-06 6.36061e-08
0.00680064 1.8251e-06 6.36094e-08
0.00680126 1.82522e-06 6.36126e-08
0.00680189 1.82533e-06 6.36158e-08
0.00680251 1.82544e-06 6.36188e-08
0.00680313 1.82554e-06 6.36218e-08
0.00680375 1.82565e-06 6.36247e-08
0.00680437 1.82575e-06 6.36275e-08
0.00680499 1.82585e-06 6.36302e-08
0.00680561 1.82594e-06 6.36329e-08
0.00680623 1.82604e-06 6.36354e-08
0.00680686 1.82613e-06 6.36379e-08
0.00680748 1.82622e-06 6.36403e-08
0.0068081 1.8263e-06 6.36426e-08
0.00680872 1.82639e-06 6.36448e-08
0.00680934 1.82647e-06 6.36469e-08
0.00680996 1.82655e-06 6.36489e-08
0.00681058 1.82663e-06 6.36509e-08
0.0068112 1.8267e-06 6.36528e-08
0.00681183 1.82677e-06 6.36546e-08
0.00681245 1.82684e-06 6.36563e-08
0.00681307 1.82691e-06 6.36579e-08
0.00681369 1.82697e-06 6.36594e-08
0.00681431 1.82704e-06 6.36609e-08
0.00681493 1.8271e-06 6.36622e-08
0.00681555 1.82715e-06 6.36635e-08
0.00681618 1.82721e-06 6.36647e-08
0.0068168 1.82726e-06 6.36658e-08
0.00681742 1.82731e-06 6.36669e-08
0.00681804 1.82736e-06 6.36678e-08
0.00681866 1.82741e-06 6.36687e-08
0.00681928 1.82745e-06 6.36695e-08
0.0068199 1.82749e-06 6.36702e-08
0.00682052 1.82753e-06 6.36708e-08
0.00682115 1.82756e-06 6.36713e-08
0.00682177 1.8276e-06 6.36717e-08
0.00682239 1.82763e-06 6.36721e-08
0.00682301 1.82766e-06 6.36724e-08
0.00682363 1.82768e-06 6.36726e-08
0.00682425 1.82771e-06 6.36727e-08
0.00682487 1.82773e-06 6.36727e-08
0.00682549 1.82775e-06 6.36726e-08
0.00682612 1.82776e-06 6.36725e-08
0.00682674 1.82778e-06 6.36723e-08
0.00682736 1.82779e-06 6.3672e-08
0.00682798 1.8278e-06 6.36716e-08
0.0068286 1.8278e-06 6.36711e-08
0.00682922 1.82781e-06 6.36705e-08
0.00682984 1.82781e-06 6.36699e-08
0.00683046 1.82781e-06 6.36692e-08
0.00683109 1.82781e-06 6.36683e-08
0.00683171 1.8278e-06 6.36675e-08
0.00683233 1.8278e-06 6.36665e-08
0.00683295 1.82779e-06 6.36654e-08
0.00683357 1.82777e-06 6.36643e-08
0.00683419 1.82776e-06 6.3663e-08
0.00683481 1.82774e-06 6.36617e-08
0.00683544 1.82772e-06 6.36603e-08
0.00683606 1.8277e-06 6.36589e-08
0.00683668 1.82768e-06 6.36573e-08
0.0068373 1.82765e-06 6.36557e-08
0.00683792 1.82762e-06 6.3654e-08
0.00683854 1.82759e-06 6.36522e-08
0.00683916 1.82756e-06 6.36503e-08
0.00683978 1.82752e-06 6.36483e-08
0.00684041 1.82748e-06 6.36462e-08
0.00684103 1.82744e-06 6.36441e-08
0.00684165 1.8274e-06 6.36419e-08
0.00684227 1.82735e-06 6.36396e-08
0.00684289 1.8273e-06 6.36372e-08
0.00684351 1.82725e-06 6.36347e-08
0.00684413 1.8272e-06 6.36322e-08
0.00684475 1.82715e-06 6.36296e-08
0.00684538 1.82709e-06 6.36268e-08
0.006846 1.82703e-06 6.36241e-08
0.00684662 1.82697e-06 6.36212e-08
0.00684724 1.8269e-06 6.36182e-08
0.00684786 1.82684e-06 6.36152e-08
0.00684848 1.82677e-06 6.36121e-08
0.0068491 1.8267e-06 6.36089e-08
0.00684972 1.82662e-06 6.36056e-08
0.00685035 1.82655e-06 6.36022e-08
0.00685097 1.82647e-06 6.35987e-08
0.00685159 1.82639e-06 6.35952e-08
0.00685221 1.8263e-06 6.35916e-08
0.00685283 1.82622e-06 6.35879e-08
0.00685345 1.82613e-06 6.35841e-08
0.00685407 1.82604e-06 6.35803e-08
0.0068547 1.82595e-06 6.35763e-08
0.00685532 1.82585e-06 6.35723e-08
0.00685594 1.82575e-06 6.35682e-08
0.00685656 1.82565e-06 6.3564e-08
0.00685718 1.82555e-06 6.35598e-08
0.0068578 1.82545e-06 6.35554e-08
0.00685842 1.82534e-06 6.3551e-08
0.00685904 1.82523e-06 6.35465e-08
0.00685967 1.82512e-06 6.35419e-08
0.00686029 1.82501e-06 6.35372e-08
0.00686091 1.82489e-06 6.35325e-08
0.00686153 1.82477e-06 6.35276e-08
0.00686215 1.82465e-06 6.35227e-08
0.00686277 1.82453e-06 6.35177e-08
0.00686339 1.8244e-06 6.35127e-08
0.00686401 1.82428e-06 6.35075e-08
0.00686464 1.82415e-06 6.35023e-08
0.00686526 1.82402e-06 6.3497e-08
0.00686588 1.82388e-06 6.34916e-08
0.0068665 1.82374e-06 6.34861e-08
0.00686712 1.8236e-06 6.34805e-08
0.00686774 1.82346e-06 6.34749e-08
0.00686836 1.82332e-06 6.34692e-08
0.00686898 1.82317e-06 6.34634e-08
0.00686961 1.82303e-06 6.34575e-08
0.00687023 1.82287e-06 6.34515e-08
0.00687085 1.82272e-06 6.34455e-08
0.00687147 1.82257e-06 6.34394e-08
0.00687209 1.82241e-06 6.34332e-08
0.00687271 1.82225e-06 6.34269e-08
0.00687333 1.82209e-06 6.34205e-08
0.00687396 1.82192e-06 6.34141e-08
0.00687458 1.82176e-06 6.34076e-08
0.0068752 1.82159e-06 6.3401e-08
0.00687582 1.82142e-06 6.33943e-08
0.00687644 1.82124e-06 6.33875e-08
0.00687706 1.82107e-06 6.33807e-08
0.00687768 1.82089e-06 6.33738e-08
0.0068783 1.82071e-06 6.33668e-08
0.00687893 1.82052e-06 6.33597e-08
0.00687955 1.82034e-06 6.33526e-08
0.00688017 1.82015e-06 6.33453e-08
0.00688079 1.81996e-06 6.3338e-08
0.00688141 1.81977e-06 6.33306e-08
0.00688203 1.81958e-06 6.33232e-08
0.00688265 1.81938e-06 6.33156e-08
0.00688327 1.81918e-06 6.3308e-08
0.0068839 1.81898e-06 6.33003e-08
0.00688452 1.81878e-06 6.32925e-08
0.00688514 1.81857e-06 6.32846e-08
0.00688576 1.81837e-06 6.32767e-08
0.00688638 1.81816e-06 6.32687e-08
0.006887 1.81794e-06 6.32606e-08
0.00688762 1.81773e-06 6.32524e-08
0.00688824 1.81751e-06 6.32441e-08
0.00688887 1.81729e-06 6.32358e-08
0.00688949 1.81707e-06 6.32274e-08
0.00689011 1.81685e-06 6.32189e-08
0.00689073 1.81662e-06 6.32103e-08
0.00689135 1.81639e-06 6.32017e-08
0.00689197 1.81616e-06 6.31929e-08
0.00689259 1.81593e-06 6.31841e-08
0.00689322 1.8157e-06 6.31752e-08
0.00689384 1.81546e-06 6.31663e-08
0.00689446 1.81522e-06 6.31572e-08
0.00689508 1.81498e-06 6.31481e-08
0.0068957 1.81474e-06 6.31389e-08
0.00689632 1.81449e-06 6.31297e-08
0.00689694 1.81424e-06 6.31203e-08
0.00689756 1.81399e-06 6.31109e-08
0.00689819 1.81374e-06 6.31014e-08
0.00689881 1.81349e-06 6.30918e-08
0.00689943 1.81323e-06 6.30821e-08
0.00690005 1.81297e-06 6.30724e-08
0.00690067 1.81271e-06 6.30626e-08
0.00690129 1.81244e-06 6.30527e-08
0.00690191 1.81218e-06 6.30427e-08
0.00690253 1.81191e-06 6.30327e-08
0.00690316 1.81164e-06 6.30226e-08
0.00690378 1.81137e-06 6.30124e-08
0.0069044 1.81109e-06 6.30021e-08
0.00690502 1.81082e-06 6.29917e-08
0.00690564 1.81054e-06 6.29813e-08
0.00690626 1.81026e-06 6.29708e-08
0.00690688 1.80997e-06 6.29602e-08
0.0069075 1.80969e-06 6.29495e-08
0.00690813 1.8094e-06 6.29388e-08
0.00690875 1.80911e-06 6.2928e-08
0.00690937 1.80882e-06 6.29171e-08
0.00690999 1.80852e-06 6.29061e-08
0.00691061 1.80823e-06 6.28951e-08
0.00691123 1.80793e-06 6.2884e-08
0.00691185 1.80763e-06 6.28728e-08
0.00691248 1.80732e-06 6.28615e-08
0.0069131 1.80702e-06 6.28502e-08
0.00691372 1.80671e-06 6.28388e-08
0.00691434 1.8064e-06 6.28273e-08
0.00691496 1.80609e-06 6.28157e-08
0.00691558 1.80578e-06 6.2804e-08
0.0069162 1.80546e-06 6.27923e-08
0.00691682 1.80514e-06 6.27805e-08
0.00691745 1.80482e-06 6.27686e-08
0.00691807 1.8045e-06 6.27567e-08
0.00691869 1.80417e-06 6.27447e-08
0.00691931 1.80385e-06 6.27326e-08
0.00691993 1.80352e-06 6.27204e-08
0.00692055 1.80319e-06 6.27081e-08
0.00692117 1.80285e-06 6.26958e-08
0.00692179 1.80252e-06 6.26834e-08
0.00692242 1.80218e-06 6.26709e-08
0.00692304 1.80184e-06 6.26584e-08
0.00692366 1.8015e-06 6.26458e-08
0.00692428 1.80115e-06 6.26331e-08
0.0069249 1.80081e-06 6.26203e-08
0.00692552 1.80046e-06 6.26074e-08
0.00692614 1.80011e-06 6.25945e-08
0.00692676 1.79976e-06 6.25815e-08
0.00692739 1.7994e-06 6.25684e-08
0.00692801 1.79904e-06 6.25553e-08
0.00692863 1.79868e-06 6.25421e-08
0.00692925 1.79832e-06 6.25288e-08
0.00692987 1.79796e-06 6.25154e-08
0.00693049 1.79759e-06 6.2502e-08
0.00693111 1.79723e-06 6.24884e-08
0.00693174 1.79686e-06 6.24748e-08
0.00693236 1.79649e-06 6.24612e-08
0.00693298 1.79611e-06 6.24474e-08
0.0069336 1.79574e-06 6.24336e-08
0.00693422 1.79536e-06 6.24197e-08
0.00693484 1.79498e-06 6.24058e-08
0.00693546 1.79459e-06 6.23917e-08
0.00693608 1.79421e-06 6.23776e-08
0.00693671 1.79382e-06 6.23634e-08
0.00693733 1.79343e-06 6.23492e-08
0.00693795 1.79304e-06 6.23349e-08
0.00693857 1.79265e-06 6.23205e-08
0.00693919 1.79226e-06 6.2306e-08
0.00693981 1.79186e-06 6.22914e-08
0.00694043 1.79146e-06 6.22768e-08
0.00694105 1.79106e-06 6.22621e-08
0.00694168 1.79066e-06 6.22474e-08
0.0069423 1.79025e-06 6.22325e-08
0.00694292 1.78984e-06 6.22176e-08
0.00694354 1.78943e-06 6.22026e-08
0.00694416 1.78902e-06 6.21876e-08
0.00694478 1.78861e-06 6.21725e-08
0.0069454 1.78819e-06 6.21573e-08
0.00694602 1.78777e-06 6.2142e-08
0.00694665 1.78735e-06 6.21266e-08
0.00694727 1.78693e-06 6.21112e-08
0.00694789 1.78651e-06 6.20957e-08
0.00694851 1.78608e-06 6.20802e-08
0.00694913 1.78565e-06 6.20645e-08
0.00694975 1.78522e-06 6.20488e-08
0.00695037 1.78479e-06 6.20331e-08
0.006951 1.78436e-06 6.20172e-08
0.00695162 1.78392e-06 6.20013e-08
0.00695224 1.78348e-06 6.19853e-08
0.00695286 1.78304e-06 6.19692e-08
0.00695348 1.7826e-06 6.19531e-08
0.0069541 1.78215e-06 6.19369e-08
0.00695472 1.78171e-06 6.19206e-08
0.00695534 1.78126e-06 6.19043e-08
0.00695597 1.78081e-06 6.18878e-08
0.00695659 1.78036e-06 6.18714e-08
0.00695721 1.7799e-06 6.18548e-08
0.00695783 1.77944e-06 6.18382e-08
0.00695845 1.77899e-06 6.18215e-08
0.00695907 1.77853e-06 6.18047e-08
0.00695969 1.77806e-06 6.17878e-08
0.00696031 1.77761e-06 6.17709e-08
0.00696094 1.77716e-06 6.17539e-08
0.00696156 1.77671e-06 6.17369e-08
0.00696218 1.77626e-06 6.17197e-08
0.0069628 1.7758e-06 6.17026e-08
0.00696342 1.77535e-06 6.16853e-08
0.00696404 1.77489e-06 6.16679e-08
0.00696466 1.77443e-06 6.16505e-08
0.00696528 1.77396e-06 6.16331e-08
0.00696591 1.7735e-06 6.16155e-08
0.00696653 1.77303e-06 6.15979e-08
0.00696715 1.77256e-06 6.15802e-08
0.00696777 1.77209e-06 6.15625e-08
0.00696839 1.77162e-06 6.15446e-08
0.00696901 1.77114e-06 6.15267e-08
0.00696963 1.77067e-06 6.15088e-08
0.00697026 1.77019e-06 6.14907e-08
0.00697088 1.76971e-06 6.14726e-08
0.0069715 1.76922e-06 6.14545e-08
0.00697212 1.76874e-06 6.14362e-08
0.00697274 1.76825e-06 6.14179e-08
0.00697336 1.76776e-06 6.13995e-08
0.00697398 1.76727e-06 6.13811e-08
0.0069746 1.76678e-06 6.13625e-08
0.00697523 1.76629e-06 6.1344e-08
0.00697585 1.76579e-06 6.13253e-08
0.00697647 1.76529e-06 6.13066e-08
0.00697709 1.76479e-06 6.12878e-08
0.00697771 1.76429e-06 6.12689e-08
0.00697833 1.76378e-06 6.125e-08
0.00697895 1.76328e-06 6.1231e-08
0.00697957 1.76277e-06 6.12119e-08
0.0069802 1.76226e-06 6.11928e-08
0.00698082 1.76175e-06 6.11736e-08
0.00698144 1.76123e-06 6.11543e-08
0.00698206 1.76072e-06 6.1135e-08
0.00698268 1.7602e-06 6.11156e-08
0.0069833 1.75968e-06 6.10961e-08
0.00698392 1.75916e-06 6.10765e-08
0.00698454 1.75863e-06 6.10569e-08
0.00698517 1.75811e-06 6.10373e-08
0.00698579 1.75758e-06 6.10175e-08
0.00698641 1.75705e-06 6.09977e-08
0.00698703 1.75652e-06 6.09778e-08
0.00698765 1.75599e-06 6.09579e-08
0.00698827 1.75545e-06 6.09379e-08
0.00698889 1.75491e-06 6.09178e-08
0.00698951 1.75438e-06 6.08976e-08
0.00699014 1.75383e-06 6.08774e-08
0.00699076 1.75329e-06 6.08571e-08
0.00699138 1.75275e-06 6.08368e-08
0.006992 1.7522e-06 6.08164e-08
0.00699262 1.75165e-06 6.07959e-08
0.00699324 1.7511e-06 6.07753e-08
0.00699386 1.75055e-06 6.07547e-08
0.00699449 1.74999e-06 6.0734e-08
0.00699511 1.74944e-06 6.07133e-08
0.00699573 1.74888e-06 6.06925e-08
0.00699635 1.74832e-06 6.06716e-08
0.00699697 1.74776e-06 6.06506e-08
0.00699759 1.74719e-06 6.06296e-08
0.00699821 1.74663e-06 6.06085e-08
0.00699883 1.74606e-06 6.05874e-08
0.00699946 1.74549e-06 6.05662e-08
0.00700008 1.74492e-06 6.05449e-08
0.0070007 1.74435e-06 6.05236e-08
0.00700132 1.74377e-06 6.05022e-08
0.00700194 1.74319e-06 6.04807e-08
0.00700256 1.74261e-06 6.04591e-08
0.00700318 1.74203e-06 6.04375e-08
0.0070038 1.74145e-06 6.04159e-08
0.00700443 1.74087e-06 6.03941e-08
0.00700505 1.74028e-06 6.03723e-08
0.00700567 1.73969e-06 6.03505e-08
0.00700629 1.7391e-06 6.03285e-08
0.00700691 1.73851e-06 6.03065e-08
0.00700753 1.73792e-06 6.02845e-08
0.00700815 1.73732e-06 6.02623e-08
0.00700877 1.73672e-06 6.02402e-08
0.0070094 1.73612e-06 6.02179e-08
0.00701002 1.73552e-06 6.01956e-08
0.00701064 1.73492e-06 6.01732e-08
0.00701126 1.73432e-06 6.01508e-08
0.00701188 1.73371e-06 6.01282e-08
0.0070125 1.7331e-06 6.01057e-08
0.00701312 1.73249e-06 6.0083e-08
0.00701375 1.73188e-06 6.00603e-08
0.00701437 1.73126e-06 6.00376e-08
0.00701499 1.73065e-06 6.00147e-08
0.00701561 1.73003e-06 5.99918e-08
0.00701623 1.72941e-06 5.99689e-08
0.00701685 1.72879e-06 5.99458e-08
0.00701747 1.72817e-06 5.99228e-08
0.00701809 1.72754e-06 5.98996e-08
0.00701872 1.72692e-06 5.98764e-08
0.00701934 1.72629e-06 5.98531e-08
0.00701996 1.72566e-06 5.98298e-08
0.00702058 1.72503e-06 5.98064e-08
0.0070212 1.72439e-06 5.97829e-08
0.00702182 1.72376e-06 5.97594e-08
0.00702244 1.72312e-06 5.97358e-08
0.00702306 1.72248e-06 5.97121e-08
0.00702369 1.72184e-06 5.96884e-08
0.00702431 1.7212e-06 5.96646e-08
0.00702493 1.72055e-06 5.96408e-08
0.00702555 1.7199e-06 5.96169e-08
0.00702617 1.71926e-06 5.95929e-08
0.00702679 1.71861e-06 5.95689e-08
0.00702741 1.71795e-06 5.95448e-08
0.00702803 1.7173e-06 5.95206e-08
0.00702866 1.71665e-06 5.94964e-08
0.00702928 1.71599e-06 5.94721e-08
0.0070299 1.71533e-06 5.94478e-08
0.00703052 1.71467e-06 5.94234e-08
0.00703114 1.71401e-06 5.93989e-08
0.00703176 1.71334e-06 5.93744e-08
0.00703238 1.71268e-06 5.93498e-08
0.00703301 1.71201e-06 5.93252e-08
0.00703363 1.71134e-06 5.93005e-08
0.00703425 1.71067e-06 5.92757e-08
0.00703487 1.70999e-06 5.92509e-08
0.00703549 1.70932e-06 5.9226e-08
0.00703611 1.70864e-06 5.9201e-08
0.00703673 1.70797e-06 5.9176e-08
0.00703735 1.70729e-06 5.91509e-08
0.00703798 1.7066e-06 5.91258e-08
0.0070386 1.70592e-06 5.91006e-08
0.00703922 1.70524e-06 5.90753e-08
0.00703984 1.70455e-06 5.905e-08
0.00704046 1.70386e-06 5.90246e-08
0.00704108 1.70317e-06 5.89992e-08
0.0070417 1.70248e-06 5.89737e-08
0.00704232 1.70178e-06 5.89481e-08
0.00704295 1.70109e-06 5.89226e-08
0.00704357 1.70039e-06 5.8897e-08
0.00704419 1.69969e-06 5.88714e-08
0.00704481 1.69899e-06 5.88457e-08
0.00704543 1.69829e-06 5.882e-08
0.00704605 1.69758e-06 5.87942e-08
0.00704667 1.69688e-06 5.87683e-08
0.00704729 1.69617e-06 5.87424e-08
0.00704792 1.69546e-06 5.87164e-08
0.00704854 1.69475e-06 5.86904e-08
0.00704916 1.69404e-06 5.86643e-08
0.00704978 1.69332e-06 5.86382e-08
0.0070504 1.69261e-06 5.8612e-08
0.00705102 1.69189e-06 5.85857e-08
0.00705164 1.69117e-06 5.85594e-08
0.00705227 1.69045e-06 5.8533e-08
0.00705289 1.68973e-06 5.85065e-08
0.00705351 1.689e-06 5.848e-08
0.00705413 1.68828e-06 5.84534e-08
0.00705475 1.68755e-06 5.84268e-08
0.00705537 1.68682e-06 5.84001e-08
0.00705599 1.68609e-06 5.83734e-08
0.00705661 1.68536e-06 5.83466e-08
0.00705724 1.68462e-06 5.83197e-08
0.00705786 1.68388e-06 5.82928e-08
0.00705848 1.68315e-06 5.82659e-08
0.0070591 1.68241e-06 5.82388e-08
0.00705972 1.68167e-06 5.82117e-08
0.00706034 1.68092e-06 5.81846e-08
0.00706096 1.68018e-06 5.81574e-08
0.00706158 1.67943e-06 5.81301e-08
0.00706221 1.67868e-06 5.81028e-08
0.00706283 1.67794e-06 5.80754e-08
0.00706345 1.67718e-06 5.8048e-08
0.00706407 1.67643e-06 5.80205e-08
0.00706469 1.67568e-06 5.7993e-08
0.00706531 1.67492e-06 5.79654e-08
0.00706593 1.67416e-06 5.79377e-08
0.00706655 1.6734e-06 5.791e-08
0.00706718 1.67264e-06 5.78822e-08
0.0070678 1.67188e-06 5.78544e-08
0.00706842 1.67112e-06 5.78265e-08
0.00706904 1.67035e-06 5.77985e-08
0.00706966 1.66958e-06 5.77705e-08
0.00707028 1.66881e-06 5.77424e-08
0.0070709 1.66804e-06 5.77143e-08
0.00707153 1.66727e-06 5.76862e-08
0.00707215 1.6665e-06 5.76579e-08
0.00707277 1.66572e-06 5.76296e-08
0.00707339 1.66494e-06 5.76013e-08
0.00707401 1.66417e-06 5.75729e-08
0.00707463 1.66338e-06 5.75444e-08
0.00707525 1.6626e-06 5.75159e-08
0.00707587 1.66182e-06 5.74874e-08
0.0070765 1.66103e-06 5.74587e-08
0.00707712 1.66025e-06 5.74301e-08
0.00707774 1.65946e-06 5.74013e-08
0.00707836 1.65867e-06 5.73725e-08
0.00707898 1.65788e-06 5.73437e-08
0.0070796 1.65708e-06 5.73148e-08
0.00708022 1.65629e-06 5.72858e-08
0.00708084 1.65549e-06 5.72568e-08
0.00708147 1.6547e-06 5.72278e-08
0.00708209 1.6539e-06 5.71986e-08
0.00708271 1.65309e-06 5.71695e-08
0.00708333 1.65229e-06 5.71402e-08
0.00708395 1.65149e-06 5.7111e-08
0.00708457 1.65068e-06 5.70816e-08
0.00708519 1.64987e-06 5.70522e-08
0.00708581 1.64907e-06 5.70228e-08
0.00708644 1.64826e-06 5.69933e-08
0.00708706 1.64744e-06 5.69637e-08
0.00708768 1.64663e-06 5.69341e-08
0.0070883 1.64581e-06 5.69044e-08
0.00708892 1.645e-06 5.68747e-08
0.00708954 1.64418e-06 5.68449e-08
0.00709016 1.64336e-06 5.68151e-08
0.00709079 1.64254e-06 5.67852e-08
0.00709141 1.64172e-06 5.67553e-08
0.00709203 1.64089e-06 5.67253e-08
0.00709265 1.64007e-06 5.66953e-08
0.00709327 1.63924e-06 5.66652e-08
0.00709389 1.63841e-06 5.6635e-08
0.00709451 1.63758e-06 5.66048e-08
0.00709513 1.63675e-06 5.65745e-08
0.00709576 1.63591e-06 5.65442e-08
0.00709638 1.63508e-06 5.65139e-08
0.007097 1.63424e-06 5.64834e-08
0.00709762 1.6334e-06 5.6453e-08
0.00709824 1.63256e-06 5.64225e-08
0.00709886 1.63172e-06 5.63919e-08
0.00709948 1.63088e-06 5.63612e-08
0.0071001 1.63003e-06 5.63306e-08
0.00710073 1.62919e-06 5.62998e-08
0.00710135 1.62834e-06 5.6269e-08
0.00710197 1.62749e-06 5.62382e-08
0.00710259 1.62664e-06 5.62073e-08
0.00710321 1.62579e-06 5.61764e-08
0.00710383 1.62494e-06 5.61454e-08
0.00710445 1.62409e-06 5.61143e-08
0.00710507 1.62323e-06 5.60832e-08
0.0071057 1.62238e-06 5.60521e-08
0.00710632 1.62152e-06 5.60209e-08
0.00710694 1.62066e-06 5.59896e-08
0.00710756 1.6198e-06 5.59583e-08
0.00710818 1.61893e-06 5.59269e-08
0.0071088 1.61807e-06 5.58955e-08
0.00710942 1.6172e-06 5.58641e-08
0.00711005 1.61634e-06 5.58326e-08
0.00711067 1.61547e-06 5.5801e-08
0.00711129 1.6146e-06 5.57694e-08
0.00711191 1.61373e-06 5.57377e-08
0.00711253 1.61285e-06 5.5706e-08
0.00711315 1.61198e-06 5.56742e-08
0.00711377 1.6111e-06 5.56424e-08
0.00711439 1.61022e-06 5.56105e-08
0.00711502 1.60935e-06 5.55786e-08
0.00711564 1.60847e-06 5.55466e-08
0.00711626 1.60758e-06 5.55146e-08
0.00711688 1.6067e-06 5.54825e-08
0.0071175 1.60582e-06 5.54504e-08
0.00711812 1.60493e-06 5.54182e-08
0.00711874 1.60404e-06 5.5386e-08
0.00711936 1.60315e-06 5.53537e-08
0.00711999 1.60226e-06 5.53214e-08
0.00712061 1.60137e-06 5.5289e-08
0.00712123 1.60048e-06 5.52566e-08
0.00712185 1.59958e-06 5.52241e-08
0.00712247 1.59869e-06 5.51916e-08
0.00712309 1.59779e-06 5.5159e-08
0.00712371 1.59689e-06 5.51264e-08
0.00712433 1.59599e-06 5.50937e-08
0.00712496 1.59509e-06 5.5061e-08
0.00712558 1.59418e-06 5.50282e-08
0.0071262 1.59328e-06 5.49954e-08
0.00712682 1.59237e-06 5.49625e-08
0.00712744 1.59146e-06 5.49296e-08
0.00712806 1.59056e-06 5.48966e-08
0.00712868 1.58965e-06 5.48636e-08
0.00712931 1.58873e-06 5.48305e-08
0.00712993 1.58782e-06 5.47974e-08
0.00713055 1.58691e-06 5.47643e-08
0.00713117 1.58599e-06 5.47311e-08
0.00713179 1.58507e-06 5.46978e-08
0.00713241 1.58415e-06 5.46645e-08
0.00713303 1.58323e-06 5.46311e-08
0.00713365 1.58231e-06 5.45977e-08
0.00713428 1.58139e-06 5.45642e-08
0.0071349 1.58046e-06 5.45307e-08
0.00713552 1.57954e-06 5.44972e-08
0.00713614 1.57861e-06 5.44636e-08
0.00713676 1.57768e-06 5.44299e-08
0.00713738 1.57675e-06 5.43962e-08
0.007138 1.57582e-06 5.43625e-08
0.00713862 1.57489e-06 5.43287e-08
0.00713925 1.57396e-06 5.42949e-08
0.00713987 1.57302e-06 5.4261e-08
0.00714049 1.57208e-06 5.4227e-08
0.00714111 1.57115e-06 5.41931e-08
0.00714173 1.57021e-06 5.4159e-08
0.00714235 1.56927e-06 5.4125e-08
0.00714297 1.56832e-06 5.40908e-08
0.00714359 1.56739e-06 5.40567e-08
0.00714422 1.56649e-06 5.40224e-08
0.00714484 1.56559e-06 5.39882e-08
0.00714546 1.56469e-06 5.39539e-08
0.00714608 1.56378e-06 5.39195e-08
0.0071467 1.56288e-06 5.38851e-08
0.00714732 1.56197e-06 5.38506e-08
0.00714794 1.56107e-06 5.38161e-08
0.00714857 1.56016e-06 5.37816e-08
0.00714919 1.55925e-06 5.3747e-08
0.00714981 1.55834e-06 5.37124e-08
0.00715043 1.55742e-06 5.36777e-08
0.00715105 1.55651e-06 5.36429e-08
0.00715167 1.55559e-06 5.36082e-08
0.00715229 1.55468e-06 5.35734e-08
0.00715291 1.55376e-06 5.35385e-08
0.00715354 1.55284e-06 5.35036e-08
0.00715416 1.55192e-06 5.34686e-08
0.00715478 1.551e-06 5.34336e-08
0.0071554 1.55007e-06 5.33985e-08
0.00715602 1.54915e-06 5.33635e-08
0.00715664 1.54822e-06 5.33283e-08
0.00715726 1.5473e-06 5.32931e-08
0.00715788 1.54637e-06 5.32579e-08
0.00715851 1.54544e-06 5.32226e-08
0.00715913 1.54451e-06 5.31873e-08
0.00715975 1.54359e-06 5.31519e-08
0.00716037 1.5427e-06 5.31165e-08
0.00716099 1.54181e-06 5.3081e-08
0.00716161 1.54092e-06 5.30455e-08
0.00716223 1.54003e-06 5.301e-08
0.00716285 1.53913e-06 5.29744e-08
0.00716348 1.53824e-06 5.29388e-08
0.0071641 1.53734e-06 5.29031e-08
0.00716472 1.53644e-06 5.28674e-08
0.00716534 1.53554e-06 5.28316e-08
0.00716596 1.53464e-06 5.27958e-08
0.00716658 1.53374e-06 5.27599e-08
0.0071672 1.53284e-06 5.2724e-08
0.00716783 1.53194e-06 5.26881e-08
0.00716845 1.53103e-06 5.26521e-08
0.00716907 1.53013e-06 5.2616e-08
0.00716969 1.52922e-06 5.258e-08
0.00717031 1.52831e-06 5.25438e-08
0.00717093 1.5274e-06 5.25077e-08
0.00717155 1.52649e-06 5.24715e-08
0.00717217 1.52557e-06 5.24352e-08
0.0071728 1.52466e-06 5.23989e-08
0.00717342 1.52374e-06 5.23626e-08
0.00717404 1.52283e-06 5.23262e-08
0.00717466 1.52191e-06 5.22898e-08
0.00717528 1.52099e-06 5.22533e-08
0.0071759 1.52007e-06 5.22168e-08
0.00717652 1.51915e-06 5.21802e-08
0.00717714 1.51823e-06 5.21436e-08
0.00717777 1.5173e-06 5.2107e-08
0.00717839 1.51638e-06 5.20703e-08
0.00717901 1.51545e-06 5.20336e-08
0.00717963 1.51452e-06 5.19968e-08
0.00718025 1.51359e-06 5.196e-08
0.00718087 1.51266e-06 5.19232e-08
0.00718149 1.51173e-06 5.18863e-08
0.00718211 1.5108e-06 5.18493e-08
0.00718274 1.50986e-06 5.18124e-08
0.00718336 1.50893e-06 5.17753e-08
0.00718398 1.50799e-06 5.17383e-08
0.0071846 1.50705e-06 5.17012e-08
0.00718522 1.50611e-06 5.1664e-08
0.00718584 1.50517e-06 5.16268e-08
0.00718646 1.50423e-06 5.15896e-08
0.00718709 1.50329e-06 5.15523e-08
0.00718771 1.50234e-06 5.1515e-08
0.00718833 1.5014e-06 5.14777e-08
0.00718895 1.50045e-06 5.14403e-08
0.00718957 1.4995e-06 5.14028e-08
0.00719019 1.49855e-06 5.13654e-08
0.00719081 1.4976e-06 5.13278e-08
0.00719143 1.49665e-06 5.12903e-08
0.00719206 1.4957e-06 5.12527e-08
0.00719268 1.49475e-06 5.1215e-08
0.0071933 1.49379e-06 5.11773e-08
0.00719392 1.49283e-06 5.11396e-08
0.00719454 1.49188e-06 5.11019e-08
0.00719516 1.49092e-06 5.10641e-08
0.00719578 1.48996e-06 5.10262e-08
0.0071964 1.489e-06 5.09883e-08
0.00719703 1.48803e-06 5.09504e-08
0.00719765 1.48707e-06 5.09124e-08
0.00719827 1.48611e-06 5.08744e-08
0.00719889 1.48514e-06 5.08364e-08
0.00719951 1.48417e-06 5.07983e-08
0.00720013 1.4832e-06 5.07602e-08
0.00720075 1.48224e-06 5.0722e-08
0.00720137 1.48126e-06 5.06838e-08
0.007202 1.48029e-06 5.06455e-08
0.00720262 1.47932e-06 5.06073e-08
0.00720324 1.47835e-06 5.05689e-08
0.00720386 1.47737e-06 5.05306e-08
0.00720448 1.47639e-06 5.04922e-08
0.0072051 1.47542e-06 5.04537e-08
0.00720572 1.47444e-06 5.04152e-08
0.00720635 1.47346e-06 5.03767e-08
0.00720697 1.47248e-06 5.03382e-08
0.00720759 1.47149e-06 5.02996e-08
0.00720821 1.47051e-06 5.02609e-08
0.00720883 1.46953e-06 5.02222e-08
0.00720945 1.46854e-06 5.01835e-08
0.00721007 1.46755e-06 5.01448e-08
0.00721069 1.46656e-06 5.0106e-08
0.00721132 1.46558e-06 5.00672e-08
0.00721194 1.46459e-06 5.00283e-08
0.00721256 1.46359e-06 4.99894e-08
0.00721318 1.4626e-06 4.99504e-08
0.0072138 1.46161e-06 4.99114e-08
0.00721442 1.46061e-06 4.98724e-08
0.00721504 1.45962e-06 4.98334e-08
0.00721566 1.45862e-06 4.97943e-08
0.00721629 1.45762e-06 4.97551e-08
0.00721691 1.45662e-06 4.97159e-08
0.00721753 1.45562e-06 4.96767e-08
0.00721815 1.45462e-06 4.96375e-08
0.00721877 1.45362e-06 4.95982e-08
0.00721939 1.45261e-06 4.95589e-08
0.00722001 1.45161e-06 4.95195e-08
0.00722063 1.4506e-06 4.94801e-08
0.00722126 1.44959e-06 4.94407e-08
0.00722188 1.44858e-06 4.94012e-08
0.0072225 1.44757e-06 4.93617e-08
0.00722312 1.44656e-06 4.93221e-08
0.00722374 1.44555e-06 4.92826e-08
0.00722436 1.44454e-06 4.92429e-08
0.00722498 1.44353e-06 4.92033e-08
0.00722561 1.44251e-06 4.91636e-08
0.00722623 1.44149e-06 4.91238e-08
0.00722685 1.44048e-06 4.90841e-08
0.00722747 1.43946e-06 4.90443e-08
0.00722809 1.43844e-06 4.90044e-08
0.00722871 1.43742e-06 4.89645e-08
0.00722933 1.4364e-06 4.89246e-08
0.00722995 1.43537e-06 4.88847e-08
0.00723058 1.43435e-06 4.88447e-08
0.0072312 1.43332e-06 4.88047e-08
0.00723182 1.4323e-06 4.87646e-08
0.00723244 1.43127e-06 4.87245e-08
0.00723306 1.43024e-06 4.86844e-08
0.00723368 1.42921e-06 4.86442e-08
0.0072343 1.42818e-06 4.8604e-08
0.00723492 1.42723e-06 4.85638e-08
0.00723555 1.42653e-06 4.85235e-08
0.00723617 1.42582e-06 4.84832e-08
0.00723679 1.42512e-06 4.84428e-08
0.00723741 1.42441e-06 4.84025e-08
0.00723803 1.42371e-06 4.8362e-08
0.00723865 1.423e-06 4.83216e-08
0.00723927 1.42229e-06 4.82811e-08
0.00723989 1.42158e-06 4.82406e-08
0.00724052 1.42087e-06 4.82e-08
0.00724114 1.42015e-06 4.81594e-08
0.00724176 1.41944e-06 4.81188e-08
0.00724238 1.41872e-06 4.80782e-08
0.007243 1.41801e-06 4.80375e-08
0.00724362 1.41729e-06 4.79967e-08
0.00724424 1.41657e-06 4.7956e-08
0.00724487 1.41585e-06 4.79152e-08
0.00724549 1.41513e-06 4.78743e-08
0.00724611 1.4144e-06 4.78335e-08
0.00724673 1.41368e-06 4.77926e-08
0.00724735 1.41295e-06 4.77516e-08
0.00724797 1.41222e-06 4.77107e-08
0.00724859 1.41149e-06 4.76697e-08
0.00724921 1.41076e-06 4.76286e-08
0.00724984 1.41003e-06 4.75876e-08
0.00725046 1.4093e-06 4.75465e-08
0.00725108 1.40857e-06 4.75053e-08
0.0072517 1.40783e-06 4.74642e-08
0.00725232 1.40709e-06 4.7423e-08
0.00725294 1.40636e-06 4.73817e-08
0.00725356 1.40562e-06 4.73404e-08
0.00725418 1.40488e-06 4.72991e-08
0.00725481 1.40414e-06 4.72578e-08
0.00725543 1.40339e-06 4.72164e-08
0.00725605 1.40265e-06 4.7175e-08
0.00725667 1.4019e-06 4.71336e-08
0.00725729 1.40116e-06 4.70921e-08
0.00725791 1.40041e-06 4.70506e-08
0.00725853 1.39966e-06 4.70091e-08
0.00725915 1.39891e-06 4.69675e-08
0.00725978 1.39815e-06 4.69259e-08
0.0072604 1.3974e-06 4.68843e-08
0.00726102 1.39665e-06 4.68426e-08
0.00726164 1.39589e-06 4.68009e-08
0.00726226 1.39513e-06 4.67592e-08
0.00726288 1.39437e-06 4.67174e-08
0.0072635 1.39361e-06 4.66756e-08
0.00726413 1.39285e-06 4.66338e-08
0.00726475 1.39209e-06 4.6592e-08
0.00726537 1.39132e-06 4.65501e-08
0.00726599 1.39056e-06 4.65081e-08
0.00726661 1.38979e-06 4.64662e-08
0.00726723 1.38902e-06 4.64242e-08
0.00726785 1.38826e-06 4.63822e-08
0.00726847 1.38748e-06 4.63401e-08
0.0072691 1.38671e-06 4.62981e-08
0.00726972 1.38594e-06 4.6256e-08
0.00727034 1.38516e-06 4.62138e-08
0.00727096 1.38439e-06 4.61716e-08
0.00727158 1.38361e-06 4.61294e-08
0.0072722 1.38283e-06 4.60872e-08
0.00727282 1.38205e-06 4.60449e-08
0.00727344 1.38127e-06 4.60026e-08
0.00727407 1.38049e-06 4.59603e-08
0.00727469 1.37971e-06 4.59179e-08
0.00727531 1.37892e-06 4.58756e-08
0.00727593 1.37813e-06 4.58331e-08
0.00727655 1.37735e-06 4.57907e-08
0.00727717 1.37656e-06 4.57482e-08
0.00727779 1.37577e-06 4.57057e-08
0.00727841 1.37497e-06 4.56632e-08
0.00727904 1.37418e-06 4.56206e-08
0.00727966 1.37339e-06 4.5578e-08
0.00728028 1.37259e-06 4.55353e-08
0.0072809 1.37179e-06 4.54927e-08
0.00728152 1.371e-06 4.545e-08
0.00728214 1.3702e-06 4.54073e-08
0.00728276 1.3694e-06 4.53645e-08
0.00728339 1.36859e-06 4.53217e-08
0.00728401 1.36779e-06 4.52789e-08
0.00728463 1.36698e-06 4.52361e-08
0.00728525 1.36618e-06 4.51932e-08
0.00728587 1.36537e-06 4.51503e-08
0.00728649 1.36456e-06 4.51074e-08
0.00728711 1.36375e-06 4.50644e-08
0.00728773 1.36294e-06 4.50214e-08
0.00728836 1.36213e-06 4.49784e-08
0.00728898 1.36131e-06 4.49354e-08
0.0072896 1.3605e-06 4.48923e-08
0.00729022 1.35968e-06 4.48492e-08
0.00729084 1.35886e-06 4.48061e-08
0.00729146 1.35804e-06 4.47629e-08
0.00729208 1.35722e-06 4.47197e-08
0.0072927 1.3564e-06 4.46765e-08
0.00729333 1.35557e-06 4.46332e-08
0.00729395 1.35475e-06 4.459e-08
0.00729457 1.35392e-06 4.45467e-08
0.00729519 1.35309e-06 4.45033e-08
0.00729581 1.35226e-06 4.446e-08
0.00729643 1.35143e-06 4.44166e-08
0.00729705 1.3506e-06 4.43732e-08
0.00729767 1.34977e-06 4.43297e-08
0.0072983 1.34894e-06 4.42862e-08
0.00729892 1.3481e-06 4.42427e-08
0.00729954 1.34726e-06 4.41992e-08
0.00730016 1.34642e-06 4.41557e-08
0.00730078 1.34558e-06 4.41121e-08
0.0073014 1.34474e-06 4.40685e-08
0.00730202 1.3439e-06 4.40248e-08
0.00730265 1.34306e-06 4.39812e-08
0.00730327 1.34221e-06 4.39375e-08
0.00730389 1.34137e-06 4.38937e-08
0.00730451 1.34052e-06 4.385e-08
0.00730513 1.33967e-06 4.38062e-08
0.00730575 1.33882e-06 4.37624e-08
0.00730637 1.33797e-06 4.37186e-08
0.00730699 1.33711e-06 4.36747e-08
0.00730762 1.33626e-06 4.36309e-08
0.00730824 1.3354e-06 4.35869e-08
0.00730886 1.33454e-06 4.3543e-08
0.00730948 1.33369e-06 4.3499e-08
0.0073101 1.33283e-06 4.3455e-08
0.00731072 1.33197e-06 4.3411e-08
0.00731134 1.3311e-06 4.3367e-08
0.00731196 1.33024e-06 4.33229e-08
0.00731259 1.32937e-06 4.32788e-08
0.00731321 1.32851e-06 4.32347e-08
0.00731383 1.32764e-06 4.31906e-08
0.00731445 1.32677e-06 4.31464e-08
0.00731507 1.3259e-06 4.31022e-08
0.00731569 1.32503e-06 4.3058e-08
0.00731631 1.32415e-06 4.30137e-08
0.00731693 1.32328e-06 4.29694e-08
0.00731756 1.3224e-06 4.29251e-08
0.00731818 1.32153e-06 4.28808e-08
0.0073188 1.32065e-06 4.28364e-08
0.00731942 1.31977e-06 4.27921e-08
0.00732004 1.31888e-06 4.27477e-08
0.00732066 1.318e-06 4.27032e-08
0.00732128 1.31712e-06 4.26588e-08
0.00732191 1.31623e-06 4.26143e-08
0.00732253 1.31535e-06 4.25698e-08
0.00732315 1.31446e-06 4.25253e-08
0.00732377 1.31357e-06 4.24807e-08
0.00732439 1.31268e-06 4.24361e-08
0.00732501 1.31178e-06 4.23915e-08
0.00732563 1.31089e-06 4.23469e-08
0.00732625 1.31e-06 4.23022e-08
0.00732688 1.3091e-06 4.22575e-08
0.0073275 1.3082e-06 4.22128e-08
0.00732812 1.3073e-06 4.21681e-08
0.00732874 1.3064e-06 4.21234e-08
0.00732936 1.3055e-06 4.20786e-08
0.00732998 1.3046e-06 4.20338e-08
0.0073306 1.30369e-06 4.1989e-08
0.00733122 1.30279e-06 4.19441e-08
0.00733185 1.30188e-06 4.18992e-08
0.00733247 1.30097e-06 4.18543e-08
0.00733309 1.30006e-06 4.18094e-08
0.00733371 1.29915e-06 4.17645e-08
0.00733433 1.29824e-06 4.17195e-08
0.00733495 1.29733e-06 4.16745e-08
0.00733557 1.29641e-06 4.16295e-08
0.00733619 1.29549e-06 4.15844e-08
0.00733682 1.29458e-06 4.15394e-08
0.00733744 1.29366e-06 4.14943e-08
0.00733806 1.29274e-06 4.14492e-08
0.00733868 1.29181e-06 4.1404e-08
0.0073393 1.29089e-06 4.13589e-08
0.00733992 1.28997e-06 4.13137e-08
0.00734054 1.28904e-06 4.12685e-08
0.00734117 1.28811e-06 4.12233e-08
0.00734179 1.28718e-06 4.1178e-08
0.00734241 1.28625e-06 4.11328e-08
0.00734303 1.28532e-06 4.10875e-08
0.00734365 1.28439e-06 4.10421e-08
0.00734427 1.28346e-06 4.09968e-08
0.00734489 1.28252e-06 4.09514e-08
0.00734551 1.28158e-06 4.09061e-08
0.00734614 1.28065e-06 4.08606e-08
0.00734676 1.27971e-06 4.08152e-08
0.00734738 1.27877e-06 4.07698e-08
0.007348 1.27782e-06 4.07243e-08
0.00734862 1.27688e-06 4.06788e-08
0.00734924 1.27593e-06 4.06333e-08
0.00734986 1.27499e-06 4.05877e-08
0.00735048 1.27404e-06 4.05422e-08
0.00735111 1.27309e-06 4.04966e-08
0.00735173 1.27214e-06 4.0451e-08
0.00735235 1.27119e-06 4.04054e-08
0.00735297 1.27024e-06 4.03597e-08
0.00735359 1.26928e-06 4.0314e-08
0.00735421 1.26833e-06 4.02683e-08
0.00735483 1.26737e-06 4.02226e-08
0.00735545 1.26641e-06 4.01769e-08
0.00735608 1.26545e-06 4.01311e-08
0.0073567 1.26449e-06 4.00854e-08
0.00735732 1.26353e-06 4.00396e-08
0.00735794 1.26256e-06 3.99937e-08
0.00735856 1.2616e-06 3.99479e-08
0.00735918 1.26063e-06 3.9902e-08
0.0073598 1.25967e-06 3.98562e-08
0.00736043 1.2587e-06 3.98103e-08
0.00736105 1.25773e-06 3.97643e-08
0.00736167 1.25675e-06 3.97184e-08
0.00736229 1.25578e-06 3.96724e-08
0.00736291 1.25481e-06 3.96264e-08
0.00736353 1.25383e-06 3.95804e-08
0.00736415 1.25285e-06 3.95344e-08
0.00736477 1.25187e-06 3.94884e-08
0.0073654 1.25089e-06 3.94423e-08
0.00736602 1.24991e-06 3.93962e-08
0.00736664 1.24893e-06 3.93501e-08
0.00736726 1.24795e-06 3.9304e-08
0.00736788 1.24696e-06 3.92578e-08
0.0073685 1.24597e-06 3.92116e-08
0.00736912 1.24499e-06 3.91655e-08
0.00736974 1.244e-06 3.91193e-08
0.00737037 1.24301e-06 3.9073e-08
0.00737099 1.24201e-06 3.90268e-08
0.00737161 1.24102e-06 3.89805e-08
0.00737223 1.24003e-06 3.89342e-08
0.00737285 1.23903e-06 3.88879e-08
0.00737347 1.23803e-06 3.88416e-08
0.00737409 1.23703e-06 3.87953e-08
0.00737471 1.23603e-06 3.87489e-08
0.00737534 1.23503e-06 3.87025e-08
0.00737596 1.23403e-06 3.86561e-08
0.00737658 1.23303e-06 3.86097e-08
0.0073772 1.23202e-06 3.85633e-08
0.00737782 1.23101e-06 3.85168e-08
0.00737844 1.23e-06 3.84703e-08
0.00737906 1.229e-06 3.84238e-08
0.00737969 1.22798e-06 3.83773e-08
0.00738031 1.22697e-06 3.83308e-08
0.00738093 1.22596e-06 3.82842e-08
0.00738155 1.22494e-06 3.82377e-08
0.00738217 1.22393e-06 3.81911e-08
0.00738279 1.22291e-06 3.81445e-08
0.00738341 1.22189e-06 3.80978e-08
0.00738403 1.22087e-06 3.80512e-08
0.00738466 1.21985e-06 3.80045e-08
0.00738528 1.21883e-06 3.79579e-08
0.0073859 1.2178e-06 3.79112e-08
0.00738652 1.21678e-06 3.78644e-08
0.00738714 1.21575e-06 3.78177e-08
0.00738776 1.21472e-06 3.7771e-08
0.00738838 1.21369e-06 3.77242e-08
0.007389 1.21266e-06 3.76774e-08
0.00738963 1.21163e-06 3.76306e-08
0.00739025 1.2106e-06 3.75838e-08
0.00739087 1.20956e-06 3.75369e-08
0.00739149 1.20852e-06 3.74901e-08
0.00739211 1.20749e-06 3.74432e-08
0.00739273 1.20645e-06 3.73963e-08
0.00739335 1.20541e-06 3.73494e-08
0.00739397 1.20437e-06 3.73025e-08
0.0073946 1.20332e-06 3.72556e-08
0.00739522 1.20228e-06 3.72086e-08
0.00739584 1.20123e-06 3.71616e-08
0.00739646 1.20019e-06 3.71146e-08
0.00739708 1.19914e-06 3.70676e-08
0.0073977 1.19809e-06 3.70206e-08
0.00739832 1.19704e-06 3.69735e-08
0.00739895 1.19599e-06 3.69265e-08
0.00739957 1.19493e-06 3.68794e-08
0.00740019 1.19388e-06 3.68323e-08
0.00740081 1.19282e-06 3.67852e-08
0.00740143 1.19176e-06 3.67381e-08
0.00740205 1.19071e-06 3.66909e-08
0.00740267 1.18964e-06 3.66438e-08
0.00740329 1.18858e-06 3.65966e-08
0.00740392 1.18756e-06 3.65494e-08
0.00740454 1.18657e-06 3.65022e-08
0.00740516 1.18559e-06 3.6455e-08
0.00740578 1.1846e-06 3.64078e-08
0.0074064 1.18362e-06 3.63605e-08
0.00740702 1.18263e-06 3.63132e-08
0.00740764 1.18164e-06 3.6266e-08
0.00740826 1.18065e-06 3.62187e-08
0.00740889 1.17966e-06 3.61713e-08
0.00740951 1.17867e-06 3.6124e-08
0.00741013 1.17767e-06 3.60767e-08
0.00741075 1.17668e-06 3.60293e-08
0.00741137 1.17568e-06 3.59819e-08
0.00741199 1.17468e-06 3.59345e-08
0.00741261 1.17368e-06 3.58871e-08
0.00741323 1.17269e-06 3.58397e-08
0.00741386 1.17168e-06 3.57923e-08
0.00741448 1.17068e-06 3.57448e-08
0.0074151 1.16968e-06 3.56974e-08
0.00741572 1.16867e-06 3.56499e-08
0.00741634 1.16767e-06 3.56024e-08
0.00741696 1.16666e-06 3.55549e-08
0.00741758 1.16565e-06 3.55073e-08
0.00741821 1.16464e-06 3.54598e-08
0.00741883 1.16363e-06 3.54122e-08
0.00741945 1.16262e-06 3.53647e-08
0.00742007 1.16161e-06 3.53171e-08
0.00742069 1.16059e-06 3.52695e-08
0.00742131 1.15958e-06 3.52219e-08
0.00742193 1.15856e-06 3.51743e-08
0.00742255 1.15754e-06 3.51266e-08
0.00742318 1.15652e-06 3.5079e-08
0.0074238 1.1555e-06 3.50313e-08
0.00742442 1.15448e-06 3.49836e-08
0.00742504 1.15346e-06 3.49359e-08
0.00742566 1.15244e-06 3.48882e-08
0.00742628 1.15141e-06 3.48405e-08
0.0074269 1.15038e-06 3.47927e-08
0.00742752 1.14936e-06 3.4745e-08
0.00742815 1.14833e-06 3.46972e-08
0.00742877 1.1473e-06 3.46494e-08
0.00742939 1.14627e-06 3.46017e-08
0.00743001 1.14524e-06 3.45539e-08
0.00743063 1.1442e-06 3.4506e-08
0.00743125 1.14317e-06 3.44582e-08
0.00743187 1.14213e-06 3.44104e-08
0.00743249 1.14109e-06 3.43625e-08
0.00743312 1.14006e-06 3.43146e-08
0.00743374 1.13902e-06 3.42667e-08
0.00743436 1.13798e-06 3.42189e-08
0.00743498 1.13693e-06 3.41709e-08
0.0074356 1.13589e-06 3.4123e-08
0.00743622 1.13485e-06 3.40751e-08
0.00743684 1.1338e-06 3.40271e-08
0.00743747 1.13276e-06 3.39792e-08
0.00743809 1.13171e-06 3.39312e-08
0.00743871 1.13066e-06 3.38832e-08
0.00743933 1.12961e-06 3.38352e-08
0.00743995 1.12856e-06 3.37872e-08
0.00744057 1.12751e-06 3.37392e-08
0.00744119 1.12645e-06 3.36912e-08
0.00744181 1.1254e-06 3.36431e-08
0.00744244 1.12434e-06 3.35951e-08
0.00744306 1.12329e-06 3.3547e-08
0.00744368 1.12223e-06 3.34989e-08
0.0074443 1.12117e-06 3.34508e-08
0.00744492 1.12011e-06 3.34027e-08
0.00744554 1.11905e-06 3.33546e-08
0.00744616 1.11798e-06 3.33065e-08
0.00744678 1.11692e-06 3.32583e-08
0.00744741 1.11585e-06 3.32102e-08
0.00744803 1.11479e-06 3.3162e-08
0.00744865 1.11372e-06 3.31138e-08
0.00744927 1.11265e-06 3.30656e-08
0.00744989 1.11158e-06 3.30174e-08
0.00745051 1.11051e-06 3.29692e-08
0.00745113 1.10944e-06 3.2921e-08
0.00745175 1.10836e-06 3.28728e-08
0.00745238 1.10729e-06 3.28245e-08
0.007453 1.10621e-06 3.27763e-08
0.00745362 1.10514e-06 3.2728e-08
0.00745424 1.10406e-06 3.26798e-08
0.00745486 1.10298e-06 3.26315e-08
0.00745548 1.1019e-06 3.25832e-08
0.0074561 1.10082e-06 3.25349e-08
0.00745673 1.09974e-06 3.24865e-08
0.00745735 1.09865e-06 3.24382e-08
0.00745797 1.09757e-06 3.23899e-08
0.00745859 1.09648e-06 3.23415e-08
0.00745921 1.09539e-06 3.22932e-08
0.00745983 1.09431e-06 3.22448e-08
0.00746045 1.09322e-06 3.21964e-08
0.00746107 1.09212e-06 3.2148e-08
0.0074617 1.09103e-06 3.20996e-08
0.00746232 1.08994e-06 3.20512e-08
0.00746294 1.08885e-06 3.20028e-08
0.00746356 1.08775e-06 3.19544e-08
0.00746418 1.08665e-06 3.19059e-08
0.0074648 1.08556e-06 3.18575e-08
0.00746542 1.08446e-06 3.1809e-08
0.00746604 1.08336e-06 3.17605e-08
0.00746667 1.08226e-06 3.1712e-08
0.00746729 1.08115e-06 3.16636e-08
0.00746791 1.08005e-06 3.16151e-08
0.00746853 1.07895e-06 3.15665e-08
0.00746915 1.07784e-06 3.1518e-08
0.00746977 1.07674e-06 3.14695e-08
0.00747039 1.07563e-06 3.1421e-08
0.00747101 1.07452e-06 3.13724e-08
0.00747164 1.07341e-06 3.13239e-08
0.00747226 1.0723e-06 3.12753e-08
0.00747288 1.07118e-06 3.12267e-08
0.0074735 1.07007e-06 3.11781e-08
0.00747412 1.06896e-06 3.11295e-08
0.00747474 1.06784e-06 3.10809e-08
0.00747536 1.06672e-06 3.10323e-08
0.00747599 1.06561e-06 3.09837e-08
0.00747661 1.06449e-06 3.09351e-08
0.00747723 1.06337e-06 3.08865e-08
0.00747785 1.06225e-06 3.08378e-08
0.00747847 1.06112e-06 3.07891e-08
0.00747909 1.06e-06 3.07405e-08
0.00747971 1.05887e-06 3.06918e-08
0.00748033 1.05775e-06 3.06431e-08
0.00748096 1.05662e-06 3.05945e-08
0.00748158 1.05549e-06 3.05458e-08
0.0074822 1.05437e-06 3.0497e-08
0.00748282 1.05323e-06 3.04483e-08
0.00748344 1.0521e-06 3.03996e-08
0.00748406 1.05097e-06 3.03509e-08
0.00748468 1.04984e-06 3.03022e-08
0.0074853 1.0487e-06 3.02534e-08
0.00748593 1.04757e-06 3.02047e-08
0.00748655 1.04643e-06 3.01559e-08
0.00748717 1.04529e-06 3.01071e-08
0.00748779 1.04415e-06 3.00583e-08
0.00748841 1.04301e-06 3.00096e-08
0.00748903 1.04187e-06 2.99608e-08
0.00748965 1.04073e-06 2.9912e-08
0.00749027 1.03959e-06 2.98632e-08
0.0074909 1.03844e-06 2.98143e-08
0.00749152 1.0373e-06 2.97655e-08
0.00749214 1.03615e-06 2.97167e-08
0.00749276 1.035e-06 2.96679e-08
0.00749338 1.03385e-06 2.9619e-08
0.007494 1.0327e-06 2.95702e-08
0.00749462 1.03155e-06 2.95213e-08
0.00749525 1.0304e-06 2.94724e-08
0.00749587 1.02924e-06 2.94236e-08
0.00749649 1.02809e-06 2.93747e-08
0.00749711 1.02693e-06 2.93258e-08
0.00749773 1.02578e-06 2.92769e-08
0.00749835 1.02462e-06 2.9228e-08
0.00749897 1.02346e-06 2.91791e-08
0.00749959 1.0223e-06 2.91302e-08
0.00750022 1.02114e-06 2.90813e-08
0.00750084 1.01998e-06 2.90324e-08
0.00750146 1.01882e-06 2.89834e-08
0.00750208 1.01765e-06 2.89345e-08
0.0075027 1.01649e-06 2.88855e-08
0.00750332 1.01532e-06 2.88366e-08
0.00750394 1.01415e-06 2.87876e-08
0.00750456 1.01298e-06 2.87387e-08
0.00750519 1.01181e-06 2.86897e-08
0.00750581 1.01064e-06 2.86407e-08
0.00750643 1.00947e-06 2.85917e-08
0.00750705 1.0083e-06 2.85428e-08
0.00750767 1.00713e-06 2.84938e-08
0.00750829 1.00595e-06 2.84448e-08
0.00750891 1.00478e-06 2.83958e-08
0.00750953 1.0036e-06 2.83467e-08
0.00751016 1.00242e-06 2.82977e-08
0.00751078 1.00124e-06 2.82487e-08
0.0075114 1.00006e-06 2.81997e-08
0.00751202 9.9888e-07 2.81506e-08
0.00751264 9.97697e-07 2.81016e-08
0.00751326 9.96514e-07 2.80526e-08
0.00751388 9.9533e-07 2.80035e-08
0.00751451 9.94144e-07 2.79545e-08
0.00751513 9.92958e-07 2.79054e-08
0.00751575 9.9177e-07 2.78563e-08
0.00751637 9.90582e-07 2.78073e-08
0.00751699 9.89392e-07 2.77582e-08
0.00751761 9.88202e-07 2.77091e-08
0.00751823 9.8701e-07 2.766e-08
0.00751885 9.85817e-07 2.76109e-08
0.00751948 9.84624e-07 2.75618e-08
0.0075201 9.83429e-07 2.75127e-08
0.00752072 9.82233e-07 2.74636e-08
0.00752134 9.81036e-07 2.74145e-08
0.00752196 9.79838e-07 2.73654e-08
0.00752258 9.78639e-07 2.73163e-08
0.0075232 9.77439e-07 2.72671e-08
0.00752382 9.76238e-07 2.7218e-08
0.00752445 9.75036e-07 2.71689e-08
0.00752507 9.73833e-07 2.71197e-08
0.00752569 9.72629e-07 2.70706e-08
0.00752631 9.71424e-07 2.70214e-08
0.00752693 9.70218e-07 2.69723e-08
0.00752755 9.69011e-07 2.69231e-08
0.00752817 9.67803e-07 2.6874e-08
0.00752879 9.66594e-07 2.68248e-08
0.00752942 9.65383e-07 2.67756e-08
0.00753004 9.64172e-07 2.67265e-08
0.00753066 9.6296e-07 2.66773e-08
0.00753128 9.61747e-07 2.66281e-08
0.0075319 9.60533e-07 2.65789e-08
0.00753252 9.59317e-07 2.65297e-08
0.00753314 9.58101e-07 2.64806e-08
0.00753377 9.56884e-07 2.64314e-08
0.00753439 9.55666e-07 2.63822e-08
0.00753501 9.54446e-07 2.6333e-08
0.00753563 9.53226e-07 2.62837e-08
0.00753625 9.52005e-07 2.62345e-08
0.00753687 9.50783e-07 2.61853e-08
0.00753749 9.49559e-07 2.61361e-08
0.00753811 9.48335e-07 2.60869e-08
0.00753874 9.4711e-07 2.60377e-08
0.00753936 9.45884e-07 2.59884e-08
0.00753998 9.44656e-07 2.59392e-08
0.0075406 9.43428e-07 2.589e-08
0.00754122 9.42199e-07 2.58407e-08
0.00754184 9.40969e-07 2.57915e-08
0.00754246 9.39738e-07 2.57422e-08
0.00754308 9.38505e-07 2.5693e-08
0.00754371 9.37272e-07 2.56438e-08
0.00754433 9.36038e-07 2.55945e-08
0.00754495 9.34803e-07 2.55452e-08
0.00754557 9.33567e-07 2.5496e-08
0.00754619 9.3233e-07 2.54467e-08
0.00754681 9.31092e-07 2.53975e-08
0.00754743 9.29853e-07 2.53482e-08
0.00754805 9.28613e-07 2.52989e-08
0.00754868 9.27372e-07 2.52497e-08
0.0075493 9.2613e-07 2.52004e-08
0.00754992 9.24887e-07 2.51511e-08
0.00755054 9.23643e-07 2.51018e-08
0.00755116 9.22399e-07 2.50525e-08
0.00755178 9.21153e-07 2.50033e-08
0.0075524 9.19906e-07 2.4954e-08
0.00755303 9.18658e-07 2.49047e-08
0.00755365 9.1741e-07 2.48554e-08
0.00755427 9.1616e-07 2.48061e-08
0.00755489 9.1491e-07 2.47568e-08
0.00755551 9.13658e-07 2.47075e-08
0.00755613 9.12406e-07 2.46582e-08
0.00755675 9.11152e-07 2.46089e-08
0.00755737 9.09898e-07 2.45596e-08
0.007558 9.08643e-07 2.45103e-08
0.00755862 9.07386e-07 2.4461e-08
0.00755924 9.06129e-07 2.44117e-08
0.00755986 9.04871e-07 2.43624e-08
0.00756048 9.03612e-07 2.43131e-08
0.0075611 9.02352e-07 2.42637e-08
0.00756172 9.01091e-07 2.42144e-08
0.00756234 8.99829e-07 2.41651e-08
0.00756297 8.98567e-07 2.41158e-08
0.00756359 8.97303e-07 2.40665e-08
0.00756421 8.96038e-07 2.40172e-08
0.00756483 8.94773e-07 2.39678e-08
0.00756545 8.93506e-07 2.39185e-08
0.00756607 8.92239e-07 2.38692e-08
0.00756669 8.9097e-07 2.38199e-08
0.00756731 8.89701e-07 2.37705e-08
0.00756794 8.88431e-07 2.37212e-08
0.00756856 8.8716e-07 2.36719e-08
0.00756918 8.85888e-07 2.36225e-08
0.0075698 8.84615e-07 2.35732e-08
0.00757042 8.83341e-07 2.35239e-08
0.00757104 8.82066e-07 2.34745e-08
0.00757166 8.80791e-07 2.34252e-08
0.00757229 8.79514e-07 2.33759e-08
0.00757291 8.78236e-07 2.33265e-08
0.00757353 8.76958e-07 2.32772e-08
0.00757415 8.75679e-07 2.32279e-08
0.00757477 8.74399e-07 2.31785e-08
0.00757539 8.73118e-07 2.31292e-08
0.00757601 8.71836e-07 2.30798e-08
0.00757663 8.70553e-07 2.30305e-08
0.00757726 8.69269e-07 2.29812e-08
0.00757788 8.67984e-07 2.29318e-08
0.0075785 8.66699e-07 2.28825e-08
0.00757912 8.65412e-07 2.28331e-08
0.00757974 8.64125e-07 2.27838e-08
0.00758036 8.62837e-07 2.27344e-08
0.00758098 8.61548e-07 2.26851e-08
0.0075816 8.60258e-07 2.26358e-08
0.00758223 8.58967e-07 2.25864e-08
0.00758285 8.57675e-07 2.25371e-08
0.00758347 8.56383e-07 2.24877e-08
0.00758409 8.55089e-07 2.24384e-08
0.00758471 8.53795e-07 2.2389e-08
0.00758533 8.525e-07 2.23397e-08
0.00758595 8.51204e-07 2.22903e-08
0.00758657 8.49907e-07 2.2241e-08
0.0075872 8.48609e-07 2.21917e-08
0.00758782 8.4731e-07 2.21423e-08
0.00758844 8.46011e-07 2.2093e-08
0.00758906 8.4471e-07 2.20436e-08
0.00758968 8.43409e-07 2.19943e-08
0.0075903 8.42107e-07 2.19449e-08
0.00759092 8.40804e-07 2.18956e-08
0.00759155 8.395e-07 2.18463e-08
0.00759217 8.38195e-07 2.17969e-08
0.00759279 8.3689e-07 2.17476e-08
0.00759341 8.35584e-07 2.16982e-08
0.00759403 8.34276e-07 2.16489e-08
0.00759465 8.32968e-07 2.15996e-08
0.00759527 8.3166e-07 2.15502e-08
0.00759589 8.3035e-07 2.15009e-08
0.00759652 8.29039e-07 2.14516e-08
0.00759714 8.27728e-07 2.14022e-08
0.00759776 8.26416e-07 2.13529e-08
0.00759838 8.25103e-07 2.13035e-08
0.007599 8.23789e-07 2.12542e-08
0.00759962 8.22474e-07 2.12049e-08
0.00760024 8.21158e-07 2.11556e-08
0.00760086 8.19842e-07 2.11062e-08
0.00760149 8.18525e-07 2.10569e-08
0.00760211 8.17207e-07 2.10076e-08
0.00760273 8.15888e-07 2.09582e-08
0.00760335 8.14569e-07 2.09089e-08
0.00760397 8.13248e-07 2.08596e-08
0.00760459 8.11927e-07 2.08103e-08
0.00760521 8.10605e-07 2.07609e-08
0.00760583 8.09282e-07 2.07116e-08
0.00760646 8.07958e-07 2.06623e-08
0.00760708 8.06634e-07 2.0613e-08
0.0076077 8.05308e-07 2.05637e-08
0.00760832 8.03982e-07 2.05144e-08
0.00760894 8.02655e-07 2.0465e-08
0.00760956 8.01328e-07 2.04157e-08
0.00761018 7.99999e-07 2.03664e-08
0.00761081 7.9867e-07 2.03171e-08
0.00761143 7.9734e-07 2.02678e-08
0.00761205 7.96009e-07 2.02185e-08
0.00761267 7.94677e-07 2.01692e-08
0.00761329 7.93345e-07 2.01199e-08
0.00761391 7.92012e-07 2.00706e-08
0.00761453 7.90678e-07 2.00213e-08
0.00761515 7.89343e-07 1.9972e-08
0.00761578 7.88008e-07 1.99227e-08
0.0076164 7.86671e-07 1.98734e-08
0.00761702 7.85334e-07 1.98241e-08
0.00761764 7.83996e-07 1.97748e-08
0.00761826 7.82658e-07 1.97256e-08
0.00761888 7.81318e-07 1.96763e-08
0.0076195 7.79978e-07 1.9627e-08
0.00762012 7.78637e-07 1.95777e-08
0.00762075 7.77295e-07 1.95284e-08
0.00762137 7.75953e-07 1.94792e-08
0.00762199 7.7461e-07 1.94299e-08
0.00762261 7.73266e-07 1.93806e-08
0.00762323 7.71921e-07 1.93314e-08
0.00762385 7.70576e-07 1.92821e-08
0.00762447 7.69229e-07 1.92328e-08
0.00762509 7.67882e-07 1.91836e-08
0.00762572 7.66535e-07 1.91343e-08
0.00762634 7.65186e-07 1.90851e-08
0.00762696 7.63837e-07 1.90358e-08
0.00762758 7.62487e-07 1.89866e-08
0.0076282 7.61137e-07 1.89373e-08
0.00762882 7.59785e-07 1.88881e-08
0.00762944 7.58433e-07 1.88388e-08
0.00763007 7.5708e-07 1.87896e-08
0.00763069 7.55727e-07 1.87403e-08
0.00763131 7.54372e-07 1.86911e-08
0.00763193 7.53017e-07 1.86419e-08
0.00763255 7.51661e-07 1.85927e-08
0.00763317 7.50305e-07 1.85434e-08
0.00763379 7.48948e-07 1.84942e-08
0.00763441 7.4759e-07 1.8445e-08
0.00763504 7.46231e-07 1.83958e-08
0.00763566 7.44872e-07 1.83466e-08
0.00763628 7.43512e-07 1.82974e-08
0.0076369 7.42151e-07 1.82481e-08
0.00763752 7.40789e-07 1.81989e-08
0.00763814 7.39427e-07 1.81497e-08
0.00763876 7.38064e-07 1.81005e-08
0.00763938 7.36701e-07 1.80513e-08
0.00764001 7.35337e-07 1.80022e-08
0.00764063 7.33972e-07 1.7953e-08
0.00764125 7.32606e-07 1.79038e-08
0.00764187 7.3124e-07 1.78546e-08
0.00764249 7.29872e-07 1.78054e-08
0.00764311 7.28505e-07 1.77563e-08
0.00764373 7.27136e-07 1.77071e-08
0.00764435 7.25767e-07 1.76579e-08
0.00764498 7.24397e-07 1.76088e-08
0.0076456 7.23027e-07 1.75596e-08
0.00764622 7.21656e-07 1.75104e-08
0.00764684 7.20284e-07 1.74613e-08
0.00764746 7.18911e-07 1.74121e-08
0.00764808 7.17538e-07 1.7363e-08
0.0076487 7.16164e-07 1.73138e-08
0.00764933 7.1479e-07 1.72647e-08
0.00764995 7.13415e-07 1.72156e-08
0.00765057 7.12039e-07 1.71664e-08
0.00765119 7.1074e-07 1.71173e-08
0.00765181 7.09566e-07 1.70682e-08
0.00765243 7.08392e-07 1.70191e-08
0.00765305 7.07217e-07 1.697e-08
0.00765367 7.06042e-07 1.69209e-08
0.0076543 7.04866e-07 1.68717e-08
0.00765492 7.03689e-07 1.68226e-08
0.00765554 7.02512e-07 1.67735e-08
0.00765616 7.01334e-07 1.67244e-08
0.00765678 7.00156e-07 1.66754e-08
0.0076574 6.98977e-07 1.66263e-08
0.00765802 6.97798e-07 1.65772e-08
0.00765864 6.96618e-07 1.65281e-08
0.00765927 6.95437e-07 1.6479e-08
0.00765989 6.94256e-07 1.643e-08
0.00766051 6.93074e-07 1.63809e-08
0.00766113 6.91892e-07 1.63318e-08
0.00766175 6.90709e-07 1.62828e-08
0.00766237 6.89526e-07 1.62337e-08
0.00766299 6.88342e-07 1.61847e-08
0.00766361 6.87157e-07 1.61356e-08
0.00766424 6.85972e-07 1.60866e-08
0.00766486 6.84787e-07 1.60376e-08
0.00766548 6.83601e-07 1.59885e-08
0.0076661 6.82414e-07 1.59395e-08
0.00766672 6.81227e-07 1.58905e-08
0.00766734 6.80039e-07 1.58415e-08
0.00766796 6.78851e-07 1.57924e-08
0.00766859 6.77662e-07 1.57434e-08
0.00766921 6.76472e-07 1.56944e-08
0.00766983 6.75282e-07 1.56454e-08
0.00767045 6.74092e-07 1.55964e-08
0.00767107 6.72901e-07 1.55475e-08
0.00767169 6.7171e-07 1.54985e-08
0.00767231 6.70517e-07 1.54495e-08
0.00767293 6.69325e-07 1.54005e-08
0.00767356 6.68132e-07 1.53515e-08
0.00767418 6.66938e-07 1.53026e-08
0.0076748 6.65744e-07 1.52536e-08
0.00767542 6.64549e-07 1.52047e-08
0.00767604 6.63354e-07 1.51557e-08
0.00767666 6.62158e-07 1.51068e-08
0.00767728 6.60962e-07 1.50578e-08
0.0076779 6.59765e-07 1.50089e-08
0.00767853 6.58568e-07 1.496e-08
0.00767915 6.5737e-07 1.4911e-08
0.00767977 6.56172e-07 1.48621e-08
0.00768039 6.54973e-07 1.48132e-08
0.00768101 6.53774e-07 1.47643e-08
0.00768163 6.52574e-07 1.47154e-08
0.00768225 6.51374e-07 1.46665e-08
0.00768287 6.50173e-07 1.46176e-08
0.0076835 6.48972e-07 1.45687e-08
0.00768412 6.4777e-07 1.45198e-08
0.00768474 6.46568e-07 1.44709e-08
0.00768536 6.45365e-07 1.44221e-08
0.00768598 6.44162e-07 1.43732e-08
0.0076866 6.42958e-07 1.43243e-08
0.00768722 6.41754e-07 1.42755e-08
0.00768785 6.40549e-07 1.42266e-08
0.00768847 6.39344e-07 1.41778e-08
0.00768909 6.38138e-07 1.41289e-08
0.00768971 6.36932e-07 1.40801e-08
0.00769033 6.35725e-07 1.40313e-08
0.00769095 6.34518e-07 1.39824e-08
0.00769157 6.3331e-07 1.39336e-08
0.00769219 6.32102e-07 1.38848e-08
0.00769282 6.30894e-07 1.3836e-08
0.00769344 6.29685e-07 1.37872e-08
0.00769406 6.28475e-07 1.37384e-08
0.00769468 6.27265e-07 1.36896e-08
0.0076953 6.26055e-07 1.36408e-08
0.00769592 6.24844e-07 1.3592e-08
0.00769654 6.23632e-07 1.35433e-08
0.00769716 6.22421e-07 1.34945e-08
0.00769779 6.21208e-07 1.34457e-08
0.00769841 6.19996e-07 1.3397e-08
0.00769903 6.18782e-07 1.33482e-08
0.00769965 6.17569e-07 1.32995e-08
0.00770027 6.16355e-07 1.32507e-08
0.00770089 6.1514e-07 1.3202e-08
0.00770151 6.13925e-07 1.31533e-08
0.00770213 6.12709e-07 1.31045e-08
0.00770276 6.11494e-07 1.30558e-08
0.00770338 6.10277e-07 1.30071e-08
0.007704 6.0906e-07 1.29584e-08
0.00770462 6.07843e-07 1.29097e-08
0.00770524 6.06625e-07 1.2861e-08
0.00770586 6.05407e-07 1.28123e-08
0.00770648 6.04189e-07 1.27637e-08
0.00770711 6.0297e-07 1.2715e-08
0.00770773 6.0175e-07 1.26663e-08
0.00770835 6.00531e-07 1.26176e-08
0.00770897 5.9931e-07 1.2569e-08
0.00770959 5.9809e-07 1.25203e-08
0.00771021 5.96869e-07 1.24717e-08
0.00771083 5.95647e-07 1.24231e-08
0.00771145 5.94425e-07 1.23744e-08
0.00771208 5.93203e-07 1.23258e-08
0.0077127 5.9198e-07 1.22772e-08
0.00771332 5.90757e-07 1.22286e-08
0.00771394 5.89533e-07 1.218e-08
0.00771456 5.88309e-07 1.21314e-08
0.00771518 5.87085e-07 1.20828e-08
0.0077158 5.8586e-07 1.20342e-08
0.00771642 5.84634e-07 1.19856e-08
0.00771705 5.83409e-07 1.1937e-08
0.00771767 5.82183e-07 1.18885e-08
0.00771829 5.80956e-07 1.18399e-08
0.00771891 5.79729e-07 1.17913e-08
0.00771953 5.78502e-07 1.17428e-08
0.00772015 5.77275e-07 1.16942e-08
0.00772077 5.76046e-07 1.16457e-08
0.00772139 5.74818e-07 1.15972e-08
0.00772202 5.73589e-07 1.15487e-08
0.00772264 5.7236e-07 1.15001e-08
0.00772326 5.7113e-07 1.14516e-08
0.00772388 5.699e-07 1.14031e-08
0.0077245 5.68795e-07 1.13546e-08
0.00772512 5.67797e-07 1.13061e-08
0.00772574 5.66799e-07 1.12576e-08
0.00772637 5.65801e-07 1.12092e-08
0.00772699 5.64802e-07 1.11607e-08
0.00772761 5.63803e-07 1.11122e-08
0.00772823 5.62804e-07 1.10638e-08
0.00772885 5.61804e-07 1.10153e-08
0.00772947 5.60804e-07 1.09669e-08
0.00773009 5.59804e-07 1.09184e-08
0.00773071 5.58804e-07 1.087e-08
0.00773134 5.57803e-07 1.08216e-08
0.00773196 5.56801e-07 1.07732e-08
0.00773258 5.558e-07 1.07248e-08
0.0077332 5.54798e-07 1.06764e-08
0.00773382 5.53796e-07 1.0628e-08
0.00773444 5.52793e-07 1.05796e-08
0.00773506 5.5179e-07 1.05312e-08
0.00773568 5.50787e-07 1.04828e-08
0.00773631 5.49784e-07 1.04344e-08
0.00773693 5.4878e-07 1.03861e-08
0.00773755 5.47776e-07 1.03377e-08
0.00773817 5.46772e-07 1.02894e-08
0.00773879 5.45767e-07 1.0241e-08
0.00773941 5.44762e-07 1.01927e-08
0.00774003 5.43757e-07 1.01444e-08
0.00774065 5.42752e-07 1.0096e-08
0.00774128 5.41746e-07 1.00477e-08
0.0077419 5.4074e-07 9.99943e-09
0.00774252 5.39733e-07 9.95113e-09
0.00774314 5.38727e-07 9.90284e-09
0.00774376 5.3772e-07 9.85455e-09
0.00774438 5.36712e-07 9.80627e-09
0.007745 5.35705e-07 9.758e-09
0.00774563 5.34697e-07 9.70973e-09
0.00774625 5.33689e-07 9.66148e-09
0.00774687 5.32681e-07 9.61323e-09
0.00774749 5.31672e-07 9.56498e-09
0.00774811 5.30663e-07 9.51675e-09
0.00774873 5.29654e-07 9.46852e-09
0.00774935 5.28644e-07 9.4203e-09
0.00774997 5.27635e-07 9.37208e-09
0.0077506 5.26625e-07 9.32388e-09
0.00775122 5.25614e-07 9.27568e-09
0.00775184 5.24604e-07 9.22748e-09
0.00775246 5.23593e-07 9.1793e-09
0.00775308 5.22582e-07 9.13112e-09
0.0077537 5.2157e-07 9.08295e-09
0.00775432 5.20559e-07 9.03479e-09
0.00775494 5.19547e-07 8.98663e-09
0.00775557 5.18535e-07 8.93848e-09
0.00775619 5.17522e-07 8.89034e-09
0.00775681 5.1651e-07 8.8422e-09
0.00775743 5.15497e-07 8.79408e-09
0.00775805 5.14484e-07 8.74596e-09
0.00775867 5.1347e-07 8.69784e-09
0.00775929 5.12456e-07 8.64974e-09
0.00775991 5.11443e-07 8.60164e-09
0.00776054 5.10428e-07 8.55355e-09
0.00776116 5.09414e-07 8.50547e-09
0.00776178 5.08399e-07 8.4574e-09
0.0077624 5.07384e-07 8.40933e-09
0.00776302 5.06369e-07 8.36127e-09
0.00776364 5.05354e-07 8.31322e-09
0.00776426 5.04338e-07 8.26517e-09
0.00776489 5.03322e-07 8.21713e-09
0.00776551 5.02306e-07 8.1691e-09
0.00776613 5.0129e-07 8.12108e-09
0.00776675 5.00273e-07 8.07306e-09
0.00776737 4.99257e-07 8.02506e-09
0.00776799 4.9824e-07 7.97706e-09
0.00776861 4.97222e-07 7.92906e-09
0.00776923 4.96205e-07 7.88108e-09
0.00776986 4.95187e-07 7.8331e-09
0.00777048 4.94169e-07 7.78513e-09
0.0077711 4.94598e-07 7.73717e-09
0.00777172 4.95084e-07 7.68921e-09
0.00777234 4.9557e-07 7.64127e-09
0.00777296 4.96056e-07 7.59333e-09
0.00777358 4.96543e-07 7.5454e-09
0.0077742 4.97029e-07 7.49747e-09
0.00777483 4.97517e-07 7.44956e-09
0.00777545 4.98004e-07 7.40165e-09
0.00777607 4.98492e-07 7.35375e-09
0.00777669 4.98979e-07 7.30585e-09
0.00777731 4.99468e-07 7.25796e-09
0.00777793 4.99956e-07 7.21009e-09
0.00777855 5.00445e-07 7.16222e-09
0.00777917 5.00934e-07 7.11436e-09
0.0077798 5.01423e-07 7.0665e-09
0.00778042 5.01912e-07 7.01866e-09
0.00778104 5.02402e-07 6.97082e-09
0.00778166 5.02892e-07 6.92299e-09
0.00778228 5.03382e-07 6.87516e-09
0.0077829 5.03873e-07 6.82734e-09
0.00778352 5.04363e-07 6.77954e-09
0.00778415 5.04854e-07 6.73174e-09
0.00778477 5.05456e-07 6.68394e-09
0.00778539 5.06119e-07 6.63616e-09
0.00778601 5.06782e-07 6.58838e-09
0.00778663 5.07445e-07 6.54061e-09
0.00778725 5.08108e-07 6.49285e-09
0.00778787 5.08771e-07 6.4451e-09
0.00778849 5.09434e-07 6.39735e-09
0.00778912 5.10096e-07 6.34961e-09
0.00778974 5.10759e-07 6.30188e-09
0.00779036 5.11422e-07 6.25416e-09
0.00779098 5.12085e-07 6.20645e-09
0.0077916 5.12748e-07 6.15874e-09
0.00779222 5.13411e-07 6.11104e-09
0.00779284 5.14074e-07 6.06335e-09
0.00779346 5.14737e-07 6.01567e-09
0.00779409 5.154e-07 5.96799e-09
0.00779471 5.16063e-07 5.92033e-09
0.00779533 5.16726e-07 5.87267e-09
0.00779595 5.17389e-07 5.82502e-09
0.00779657 5.18052e-07 5.77738e-09
0.00779719 5.18715e-07 5.72974e-09
0.00779781 5.19378e-07 5.68212e-09
0.00779843 5.20041e-07 5.6345e-09
0.00779906 5.20704e-07 5.58689e-09
0.00779968 5.21366e-07 5.53929e-09
0.0078003 5.22029e-07 5.49169e-09
0.00780092 5.22692e-07 5.44421e-09
0.00780154 5.23355e-07 5.39885e-09
0.00780216 5.24018e-07 5.3535e-09
0.00780278 5.2468e-07 5.30814e-09
0.00780341 5.25343e-07 5.26279e-09
0.00780403 5.26006e-07 5.21743e-09
0.00780465 5.26668e-07 5.17208e-09
0.00780527 5.27331e-07 5.12673e-09
0.00780589 5.27994e-07 5.08138e-09
0.00780651 5.28656e-07 5.03603e-09
0.00780713 5.29319e-07 4.99068e-09
0.00780775 5.29981e-07 4.94534e-09
0.00780838 5.30644e-07 4.89999e-09
0.007809 5.31306e-07 4.85465e-09
0.00780962 5.31968e-07 4.80931e-09
0.00781024 5.32631e-07 4.76397e-09
0.00781086 5.33293e-07 4.71863e-09
0.00781148 5.33955e-07 4.6733e-09
0.0078121 5.34617e-07 4.62796e-09
0.00781272 5.3528e-07 4.58263e-09
0.00781335 5.35942e-07 4.5373e-09
0.00781397 5.36604e-07 4.49197e-09
0.00781459 5.37266e-07 4.44665e-09
0.00781521 5.37928e-07 4.40133e-09
0.00781583 5.38589e-07 4.35601e-09
0.00781645 5.39251e-07 4.31069e-09
0.00781707 5.39913e-07 4.26537e-09
0.00781769 5.40575e-07 4.22006e-09
0.00781832 5.41236e-07 4.17475e-09
0.00781894 5.41898e-07 4.12945e-09
0.00781956 5.42559e-07 4.08414e-09
0.00782018 5.43221e-07 4.03884e-09
0.0078208 5.43882e-07 3.99354e-09
0.00782142 5.44544e-07 3.94824e-09
0.00782204 5.45205e-07 3.90295e-09
0.00782267 5.45866e-07 3.85766e-09
0.00782329 5.46527e-07 3.81238e-09
0.00782391 5.47188e-07 3.7671e-09
0.00782453 5.47849e-07 3.72182e-09
0.00782515 5.4851e-07 3.67654e-09
0.00782577 5.49171e-07 3.63127e-09
0.00782639 5.49831e-07 3.586e-09
0.00782701 5.50492e-07 3.54074e-09
0.00782764 5.51153e-07 3.49548e-09
0.00782826 5.51813e-07 3.45022e-09
0.00782888 5.52473e-07 3.40497e-09
0.0078295 5.53134e-07 3.35972e-09
0.00783012 5.53794e-07 3.31448e-09
0.00783074 5.54454e-07 3.26924e-09
0.00783136 5.55114e-07 3.224e-09
0.00783198 5.55774e-07 3.17877e-09
0.00783261 5.56434e-07 3.13355e-09
0.00783323 5.57094e-07 3.08832e-09
0.00783385 5.57753e-07 3.0431e-09
0.00783447 5.58413e-07 2.99789e-09
0.00783509 5.59072e-07 2.95268e-09
0.00783571 5.59732e-07 2.90748e-09
0.00783633 5.60391e-07 2.86228e-09
0.00783695 5.6105e-07 2.81709e-09
0.00783758 5.61709e-07 2.7719e-09
0.0078382 5.62368e-07 2.72671e-09
0.00783882 5.63027e-07 2.68153e-09
0.00783944 5.63814e-07 2.63636e-09
0.00784006 5.64629e-07 2.59119e-09
0.00784068 5.65444e-07 2.54603e-09
0.0078413 5.66259e-07 2.50087e-09
0.00784193 5.67072e-07 2.45572e-09
0.00784255 5.67886e-07 2.41057e-09
0.00784317 5.68698e-07 2.36543e-09
0.00784379 5.69511e-07 2.3203e-09
0.00784441 5.70323e-07 2.27517e-09
0.00784503 5.71134e-07 2.23004e-09
0.00784565 5.71945e-07 2.18492e-09
0.00784627 5.72755e-07 2.13981e-09
0.0078469 5.73565e-07 2.09471e-09
0.00784752 5.74375e-07 2.04961e-09
0.00784814 5.75184e-07 2.00451e-09
0.00784876 5.75992e-07 1.95943e-09
0.00784938 5.768e-07 1.91435e-09
0.00785 5.77608e-07 1.86927e-09
0.00785062 5.78415e-07 1.8242e-09
0.00785124 5.79221e-07 1.77914e-09
0.00785187 5.80027e-07 1.73409e-09
0.00785249 5.80833e-07 1.68904e-09
0.00785311 5.81638e-07 1.644e-09
0.00785373 5.82442e-07 1.59896e-09
0.00785435 5.83246e-07 1.55394e-09
0.00785497 5.84049e-07 1.50891e-09
0.00785559 5.84852e-07 1.4639e-09
0.00785621 5.85655e-07 1.4189e-09
0.00785684 5.86457e-07 1.3739e-09
0.00785746 5.87258e-07 1.3289e-09
0.00785808 5.88059e-07 1.28392e-09
0.0078587 5.8886e-07 1.23894e-09
0.00785932 5.8966e-07 1.19397e-09
0.00785994 5.90459e-07 1.14901e-09
0.00786056 5.91258e-07 1.10406e-09
0.00786119 5.92057e-07 1.05911e-09
0.00786181 5.92855e-07 1.01417e-09
0.00786243 5.93652e-07 9.69238e-10
0.00786305 5.94449e-07 9.24313e-10
0.00786367 5.95245e-07 8.79399e-10
0.00786429 5.96041e-07 8.34494e-10
0.00786491 5.96837e-07 7.89595e-10
0.00786553 5.97631e-07 7.44701e-10
0.00786616 5.98426e-07 6.99819e-10
0.00786678 5.99219e-07 6.54944e-10
0.0078674 6.00013e-07 6.10078e-10
0.00786802 6.00806e-07 5.6522e-10
0.00786864 6.01598e-07 5.20374e-10
0.00786926 6.02389e-07 4.7553e-10
0.00786988 6.03181e-07 4.43673e-10
0.0078705 6.03971e-07 4.17166e-10
0.00787113 6.04761e-07 3.90821e-10
0.00787175 6.05551e-07 3.65534e-10
0.00787237 6.0634e-07 3.44225e-10
0.00787299 6.07129e-07 3.27446e-10
0.00787361 6.07917e-07 3.1067e-10
0.00787423 6.08704e-07 2.93895e-10
0.00787485 6.09491e-07 2.79616e-10
0.00787547 6.10277e-07 2.75428e-10
0.0078761 6.11063e-07 3.21899e-10
0.00787672 6.11849e-07 3.68361e-10
0.00787734 6.12633e-07 4.14816e-10
0.00787796 6.13418e-07 4.6126e-10
0.00787858 6.14201e-07 5.07695e-10
0.0078792 6.14985e-07 5.54121e-10
0.00787982 6.15767e-07 6.00539e-10
0.00788045 6.16549e-07 6.46948e-10
0.00788107 6.17331e-07 6.9335e-10
0.00788169 6.18112e-07 7.39739e-10
0.00788231 6.18893e-07 7.86123e-10
0.00788293 6.19672e-07 8.32499e-10
0.00788355 6.20452e-07 8.78863e-10
0.00788417 6.21231e-07 9.25222e-10
0.00788479 6.22009e-07 9.7157e-10
0.00788542 6.22787e-07 1.01791e-09
0.00788604 6.23564e-07 1.06424e-09
0.00788666 6.24341e-07 1.11056e-09
0.00788728 6.25117e-07 1.15688e-09
0.0078879 6.25892e-07 1.20318e-09
0.00788852 6.26667e-07 1.24948e-09
0.00788914 6.27442e-07 1.29576e-09
0.00788976 6.28215e-07 1.34204e-09
0.00789039 6.28989e-07 1.3883e-09
0.00789101 6.29761e-07 1.43456e-09
0.00789163 6.30534e-07 1.4808e-09
0.00789225 6.31305e-07 1.52704e-09
0.00789287 6.32076e-07 1.57326e-09
0.00789349 6.32847e-07 1.61947e-09
0.00789411 6.33617e-07 1.66567e-09
0.00789473 6.34386e-07 1.71187e-09
0.00789536 6.35155e-07 1.75806e-09
0.00789598 6.35923e-07 1.80423e-09
0.0078966 6.36691e-07 1.85039e-09
0.00789722 6.37458e-07 1.89655e-09
0.00789784 6.38224e-07 1.94269e-09
0.00789846 6.3899e-07 1.98883e-09
0.00789908 6.39756e-07 2.03495e-09
0.00789971 6.40521e-07 2.08107e-09
0.00790033 6.41285e-07 2.12717e-09
0.00790095 6.42049e-07 2.17327e-09
0.00790157 6.42812e-07 2.21936e-09
0.00790219 6.43574e-07 2.26544e-09
0.00790281 6.44336e-07 2.31151e-09
0.00790343 6.45098e-07 2.35757e-09
0.00790405 6.45858e-07 2.40363e-09
0.00790468 6.46619e-07 2.44967e-09
0.0079053 6.47378e-07 2.49571e-09
0.00790592 6.48137e-07 2.54174e-09
0.00790654 6.48896e-07 2.58775e-09
0.00790716 6.49654e-07 2.63376e-09
0.00790778 6.50411e-07 2.67976e-09
0.0079084 6.51168e-07 2.72576e-09
0.00790902 6.51924e-07 2.77174e-09
0.00790965 6.52679e-07 2.81772e-09
0.00791027 6.53434e-07 2.86369e-09
0.00791089 6.54188e-07 2.90965e-09
0.00791151 6.54942e-07 2.9556e-09
0.00791213 6.55695e-07 3.00155e-09
0.00791275 6.56448e-07 3.04748e-09
0.00791337 6.572e-07 3.09341e-09
0.00791399 6.57951e-07 3.13933e-09
0.00791462 6.58702e-07 3.18524e-09
0.00791524 6.59452e-07 3.23114e-09
0.00791586 6.60202e-07 3.27703e-09
0.00791648 6.60951e-07 3.32292e-09
0.0079171 6.61699e-07 3.3688e-09
0.00791772 6.62447e-07 3.41467e-09
0.00791834 6.63194e-07 3.46053e-09
0.00791897 6.63941e-07 3.50638e-09
0.00791959 6.64687e-07 3.55222e-09
0.00792021 6.65432e-07 3.59806e-09
0.00792083 6.66177e-07 3.64388e-09
0.00792145 6.66921e-07 3.6897e-09
0.00792207 6.67665e-07 3.73551e-09
0.00792269 6.68408e-07 3.78131e-09
0.00792331 6.6915e-07 3.8271e-09
0.00792394 6.69892e-07 3.87288e-09
0.00792456 6.70633e-07 3.91866e-09
0.00792518 6.71374e-07 3.96442e-09
0.0079258 6.72113e-07 4.01018e-09
0.00792642 6.72853e-07 4.05593e-09
0.00792704 6.73591e-07 4.10167e-09
0.00792766 6.74329e-07 4.1474e-09
0.00792828 6.75067e-07 4.19312e-09
0.00792891 6.75804e-07 4.23883e-09
0.00792953 6.7654e-07 4.28454e-09
0.00793015 6.77276e-07 4.33023e-09
0.00793077 6.7801e-07 4.37592e-09
0.00793139 6.78745e-07 4.4216e-09
0.00793201 6.79479e-07 4.46727e-09
0.00793263 6.80212e-07 4.51293e-09
0.00793325 6.80944e-07 4.55858e-09
0.00793388 6.81676e-07 4.60423e-09
0.0079345 6.82407e-07 4.64986e-09
0.00793512 6.83138e-07 4.69549e-09
0.00793574 6.83868e-07 4.74111e-09
0.00793636 6.84597e-07 4.78672e-09
0.00793698 6.85326e-07 4.83232e-09
0.0079376 6.86054e-07 4.8779e-09
0.00793823 6.86781e-07 4.92349e-09
0.00793885 6.87508e-07 4.96906e-09
0.00793947 6.88234e-07 5.01462e-09
0.00794009 6.8896e-07 5.06018e-09
0.00794071 6.89685e-07 5.10572e-09
0.00794133 6.90409e-07 5.15126e-09
0.00794195 6.91133e-07 5.19679e-09
0.00794257 6.91856e-07 5.24231e-09
0.0079432 6.92578e-07 5.28782e-09
0.00794382 6.933e-07 5.33333e-09
0.00794444 6.94021e-07 5.37882e-09
0.00794506 6.94741e-07 5.4243e-09
0.00794568 6.95461e-07 5.46978e-09
0.0079463 6.9618e-07 5.51524e-09
0.00794692 6.96899e-07 5.5607e-09
0.00794754 6.97617e-07 5.60615e-09
0.00794817 6.98334e-07 5.65159e-09
0.00794879 6.99051e-07 5.69702e-09
0.00794941 6.99766e-07 5.74244e-09
0.00795003 7.00482e-07 5.78785e-09
0.00795065 7.01196e-07 5.83326e-09
0.00795127 7.0191e-07 5.87865e-09
0.00795189 7.02624e-07 5.92404e-09
0.00795251 7.03336e-07 5.96942e-09
0.00795314 7.04048e-07 6.01478e-09
0.00795376 7.0476e-07 6.06014e-09
0.00795438 7.0547e-07 6.10549e-09
0.007955 7.06181e-07 6.15083e-09
0.00795562 7.0689e-07 6.19616e-09
0.00795624 7.07599e-07 6.24149e-09
0.00795686 7.08307e-07 6.2868e-09
0.00795749 7.09014e-07 6.33211e-09
0.00795811 7.09721e-07 6.3774e-09
0.00795873 7.10427e-07 6.42269e-09
0.00795935 7.11133e-07 6.46796e-09
0.00795997 7.11837e-07 6.51323e-09
0.00796059 7.12541e-07 6.55849e-09
0.00796121 7.13245e-07 6.60375e-09
0.00796183 7.13948e-07 6.64899e-09
0.00796246 7.1465e-07 6.69422e-09
0.00796308 7.15351e-07 6.73944e-09
0.0079637 7.16052e-07 6.78465e-09
0.00796432 7.16752e-07 6.82986e-09
0.00796494 7.17452e-07 6.87505e-09
0.00796556 7.1815e-07 6.92024e-09
0.00796618 7.18848e-07 6.96542e-09
0.0079668 7.19546e-07 7.01059e-09
0.00796743 7.20243e-07 7.05575e-09
0.00796805 7.20939e-07 7.1009e-09
0.00796867 7.21634e-07 7.14604e-09
0.00796929 7.22329e-07 7.19117e-09
0.00796991 7.23023e-07 7.2363e-09
0.00797053 7.23716e-07 7.28141e-09
0.00797115 7.24409e-07 7.32651e-09
0.00797177 7.25101e-07 7.37161e-09
0.0079724 7.25792e-07 7.41669e-09
0.00797302 7.26483e-07 7.46177e-09
0.00797364 7.27173e-07 7.50684e-09
0.00797426 7.27862e-07 7.5519e-09
0.00797488 7.28551e-07 7.59695e-09
0.0079755 7.29239e-07 7.64199e-09
0.00797612 7.29926e-07 7.68702e-09
0.00797675 7.30612e-07 7.73204e-09
0.00797737 7.31298e-07 7.77705e-09
0.00797799 7.31984e-07 7.82206e-09
0.00797861 7.32668e-07 7.86705e-09
0.00797923 7.33352e-07 7.91203e-09
0.00797985 7.34035e-07 7.95701e-09
0.00798047 7.34717e-07 8.00198e-09
0.00798109 7.35399e-07 8.04693e-09
0.00798172 7.3608e-07 8.09188e-09
0.00798234 7.3676e-07 8.13682e-09
0.00798296 7.3744e-07 8.18175e-09
0.00798358 7.38119e-07 8.22667e-09
0.0079842 7.38797e-07 8.27158e-09
0.00798482 7.39475e-07 8.31648e-09
0.00798544 7.40152e-07 8.36137e-09
0.00798606 7.40828e-07 8.40625e-09
0.00798669 7.41503e-07 8.45113e-09
0.00798731 7.42178e-07 8.49599e-09
0.00798793 7.42852e-07 8.54084e-09
0.00798855 7.43525e-07 8.58569e-09
0.00798917 7.44198e-07 8.63052e-09
0.00798979 7.4487e-07 8.67535e-09
0.00799041 7.45541e-07 8.72017e-09
0.00799103 7.46249e-07 8.76498e-09
0.00799166 7.4701e-07 8.80977e-09
0.00799228 7.4777e-07 8.85456e-09
0.0079929 7.48529e-07 8.89934e-09
0.00799352 7.49287e-07 8.94411e-09
0.00799414 7.50045e-07 8.98887e-09
0.00799476 7.50802e-07 9.03362e-09
0.00799538 7.51558e-07 9.07837e-09
0.00799601 7.52314e-07 9.12309e-09
0.00799663 7.53068e-07 9.16782e-09
0.00799725 7.53822e-07 9.21253e-09
0.00799787 7.54576e-07 9.25723e-09
0.00799849 7.55328e-07 9.30193e-09
0.00799911 7.5608e-07 9.34661e-09
0.00799973 7.56831e-07 9.39129e-09
0.00800035 7.57581e-07 9.43595e-09
0.00800098 7.58331e-07 9.48061e-09
0.0080016 7.59079e-07 9.52526e-09
0.00800222 7.59827e-07 9.56989e-09
0.00800284 7.60575e-07 9.61452e-09
0.00800346 7.61321e-07 9.65914e-09
0.00800408 7.62067e-07 9.70374e-09
0.0080047 7.62812e-07 9.74834e-09
0.00800532 7.63556e-07 9.79293e-09
0.00800595 7.643e-07 9.83751e-09
0.00800657 7.65042e-07 9.88208e-09
0.00800719 7.65784e-07 9.92664e-09
0.00800781 7.66526e-07 9.97119e-09
0.00800843 7.67266e-07 1.00157e-08
0.00800905 7.68006e-07 1.00603e-08
0.00800967 7.68745e-07 1.01048e-08
0.00801029 7.69483e-07 1.01493e-08
0.00801092 7.7022e-07 1.01938e-08
0.00801154 7.70957e-07 1.02383e-08
0.00801216 7.71693e-07 1.02828e-08
0.00801278 7.72428e-07 1.03272e-08
0.0080134 7.73162e-07 1.03717e-08
0.00801402 7.73896e-07 1.04162e-08
0.00801464 7.74629e-07 1.04606e-08
0.00801527 7.75361e-07 1.0505e-08
0.00801589 7.76092e-07 1.05495e-08
0.00801651 7.76823e-07 1.05939e-08
0.00801713 7.77552e-07 1.06383e-08
0.00801775 7.78281e-07 1.06827e-08
0.00801837 7.7901e-07 1.07271e-08
0.00801899 7.79737e-07 1.07714e-08
0.00801961 7.80464e-07 1.08158e-08
0.00802024 7.8119e-07 1.08602e-08
0.00802086 7.81915e-07 1.09045e-08
0.00802148 7.82639e-07 1.09488e-08
0.0080221 7.83363e-07 1.09932e-08
0.00802272 7.84085e-07 1.10375e-08
0.00802334 7.84807e-07 1.10818e-08
0.00802396 7.85529e-07 1.11261e-08
0.00802458 7.86249e-07 1.11704e-08
0.00802521 7.86969e-07 1.12146e-08
0.00802583 7.87688e-07 1.12589e-08
0.00802645 7.88406e-07 1.13032e-08
0.00802707 7.89123e-07 1.13474e-08
0.00802769 7.89839e-07 1.13916e-08
0.00802831 7.90555e-07 1.14359e-08
0.00802893 7.9127e-07 1.14801e-08
0.00802955 7.91984e-07 1.15243e-08
0.00803018 7.92698e-07 1.15685e-08
0.0080308 7.9341e-07 1.16127e-08
0.00803142 7.94122e-07 1.16568e-08
0.00803204 7.94945e-07 1.1701e-08
0.00803266 7.95854e-07 1.17452e-08
0.00803328 7.96763e-07 1.17893e-08
0.0080339 7.9767e-07 1.18334e-08
0.00803453 7.98577e-07 1.18776e-08
0.00803515 7.99483e-07 1.19217e-08
0.00803577 8.00388e-07 1.19658e-08
0.00803639 8.01292e-07 1.20099e-08
0.00803701 8.02196e-07 1.2054e-08
0.00803763 8.03099e-07 1.2098e-08
0.00803825 8.04e-07 1.21421e-08
0.00803887 8.04902e-07 1.21862e-08
0.0080395 8.05802e-07 1.22302e-08
0.00804012 8.06701e-07 1.22742e-08
0.00804074 8.076e-07 1.23183e-08
0.00804136 8.08498e-07 1.23623e-08
0.00804198 8.09394e-07 1.24063e-08
0.0080426 8.10291e-07 1.24503e-08
0.00804322 8.11186e-07 1.24943e-08
0.00804384 8.1208e-07 1.25382e-08
0.00804447 8.12974e-07 1.25822e-08
0.00804509 8.13867e-07 1.26261e-08
0.00804571 8.14759e-07 1.26701e-08
0.00804633 8.1565e-07 1.2714e-08
0.00804695 8.1654e-07 1.27579e-08
0.00804757 8.17429e-07 1.28018e-08
0.00804819 8.18318e-07 1.28457e-08
0.00804881 8.19206e-07 1.28896e-08
0.00804944 8.20092e-07 1.29335e-08
0.00805006 8.20978e-07 1.29774e-08
0.00805068 8.21864e-07 1.30212e-08
0.0080513 8.22748e-07 1.30651e-08
0.00805192 8.23632e-07 1.31089e-08
0.00805254 8.24514e-07 1.31527e-08
0.00805316 8.25396e-07 1.31965e-08
0.00805379 8.26277e-07 1.32403e-08
0.00805441 8.27157e-07 1.32841e-08
0.00805503 8.28036e-07 1.33279e-08
0.00805565 8.28915e-07 1.33717e-08
0.00805627 8.29792e-07 1.34155e-08
0.00805689 8.30669e-07 1.34592e-08
0.00805751 8.31545e-07 1.35029e-08
0.00805813 8.3242e-07 1.35467e-08
0.00805876 8.33294e-07 1.35904e-08
0.00805938 8.34167e-07 1.36341e-08
0.00806 8.35039e-07 1.36778e-08
0.00806062 8.35911e-07 1.37215e-08
0.00806124 8.36781e-07 1.37652e-08
0.00806186 8.37651e-07 1.38088e-08
0.00806248 8.3852e-07 1.38525e-08
0.0080631 8.39388e-07 1.38961e-08
0.00806373 8.40255e-07 1.39397e-08
0.00806435 8.41121e-07 1.39834e-08
0.00806497 8.41987e-07 1.4027e-08
0.00806559 8.42851e-07 1.40706e-08
0.00806621 8.43715e-07 1.41142e-08
0.00806683 8.44578e-07 1.41577e-08
0.00806745 8.45439e-07 1.42013e-08
0.00806807 8.463e-07 1.42449e-08
0.0080687 8.47161e-07 1.42884e-08
0.00806932 8.4802e-07 1.43319e-08
0.00806994 8.48878e-07 1.43755e-08
0.00807056 8.49736e-07 1.4419e-08
0.00807118 8.50592e-07 1.44625e-08
0.0080718 8.51448e-07 1.4506e-08
0.00807242 8.52303e-07 1.45494e-08
0.00807305 8.53157e-07 1.45929e-08
0.00807367 8.5401e-07 1.46364e-08
0.00807429 8.54862e-07 1.46798e-08
0.00807491 8.55713e-07 1.47232e-08
0.00807553 8.56563e-07 1.47667e-08
0.00807615 8.57413e-07 1.48101e-08
0.00807677 8.58261e-07 1.48535e-08
0.00807739 8.59109e-07 1.48969e-08
0.00807802 8.59956e-07 1.49402e-08
0.00807864 8.60802e-07 1.49836e-08
0.00807926 8.61647e-07 1.5027e-08
0.00807988 8.62491e-07 1.50703e-08
0.0080805 8.63334e-07 1.51136e-08
0.00808112 8.64176e-07 1.5157e-08
0.00808174 8.65018e-07 1.52003e-08
0.00808236 8.65858e-07 1.52436e-08
0.00808299 8.66698e-07 1.52868e-08
0.00808361 8.67536e-07 1.53301e-08
0.00808423 8.68374e-07 1.53734e-08
0.00808485 8.69211e-07 1.54166e-08
0.00808547 8.70047e-07 1.54599e-08
0.00808609 8.70882e-07 1.55031e-08
0.00808671 8.71716e-07 1.55463e-08
0.00808733 8.72549e-07 1.55895e-08
0.00808796 8.73381e-07 1.56327e-08
0.00808858 8.74213e-07 1.56759e-08
0.0080892 8.75043e-07 1.57191e-08
0.00808982 8.75873e-07 1.57622e-08
0.00809044 8.76701e-07 1.58054e-08
0.00809106 8.77529e-07 1.58485e-08
0.00809168 8.78356e-07 1.58916e-08
0.00809231 8.79181e-07 1.59347e-08
0.00809293 8.80006e-07 1.59778e-08
0.00809355 8.8083e-07 1.60209e-08
0.00809417 8.81653e-07 1.6064e-08
0.00809479 8.82476e-07 1.61071e-08
0.00809541 8.83297e-07 1.61501e-08
0.00809603 8.84117e-07 1.61932e-08
0.00809665 8.84936e-07 1.62362e-08
0.00809728 8.85755e-07 1.62792e-08
0.0080979 8.86572e-07 1.63222e-08
0.00809852 8.87389e-07 1.63652e-08
0.00809914 8.88205e-07 1.64082e-08
0.00809976 8.89019e-07 1.64512e-08
0.00810038 8.89833e-07 1.64941e-08
0.008101 8.90646e-07 1.65371e-08
0.00810162 8.91458e-07 1.658e-08
0.00810225 8.92269e-07 1.66229e-08
0.00810287 8.93079e-07 1.66658e-08
0.00810349 8.93888e-07 1.67087e-08
0.00810411 8.94696e-07 1.67516e-08
0.00810473 8.95503e-07 1.67945e-08
0.00810535 8.9631e-07 1.68373e-08
0.00810597 8.97115e-07 1.68802e-08
0.00810659 8.97919e-07 1.6923e-08
0.00810722 8.98723e-07 1.69658e-08
0.00810784 8.99525e-07 1.70086e-08
0.00810846 9.00327e-07 1.70514e-08
0.00810908 9.01127e-07 1.70942e-08
0.0081097 9.01927e-07 1.7137e-08
0.00811032 9.02726e-07 1.71798e-08
0.00811094 9.03523e-07 1.72225e-08
0.00811157 9.0432e-07 1.72652e-08
0.00811219 9.05116e-07 1.7308e-08
0.00811281 9.05911e-07 1.73507e-08
0.00811343 9.06705e-07 1.73934e-08
0.00811405 9.07498e-07 1.74361e-08
0.00811467 9.0829e-07 1.74787e-08
0.00811529 9.09081e-07 1.75214e-08
0.00811591 9.09871e-07 1.7564e-08
0.00811654 9.1066e-07 1.76067e-08
0.00811716 9.11449e-07 1.76493e-08
0.00811778 9.12236e-07 1.76919e-08
0.0081184 9.13022e-07 1.77345e-08
0.00811902 9.13807e-07 1.77771e-08
0.00811964 9.14592e-07 1.78197e-08
0.00812026 9.15375e-07 1.78622e-08
0.00812088 9.16158e-07 1.79048e-08
0.00812151 9.16939e-07 1.79473e-08
0.00812213 9.1772e-07 1.79898e-08
0.00812275 9.18499e-07 1.80323e-08
0.00812337 9.19278e-07 1.80748e-08
0.00812399 9.20055e-07 1.81173e-08
0.00812461 9.20832e-07 1.81598e-08
0.00812523 9.21608e-07 1.82022e-08
0.00812585 9.22382e-07 1.82447e-08
0.00812648 9.23156e-07 1.82871e-08
0.0081271 9.23929e-07 1.83295e-08
0.00812772 9.24701e-07 1.83719e-08
0.00812834 9.25472e-07 1.84143e-08
0.00812896 9.26241e-07 1.84567e-08
0.00812958 9.2701e-07 1.8499e-08
0.0081302 9.27778e-07 1.85414e-08
0.00813083 9.28545e-07 1.85837e-08
0.00813145 9.29311e-07 1.8626e-08
0.00813207 9.30076e-07 1.86683e-08
0.00813269 9.3084e-07 1.87106e-08
0.00813331 9.31603e-07 1.87529e-08
0.00813393 9.32365e-07 1.87952e-08
0.00813455 9.33126e-07 1.88374e-08
0.00813517 9.33886e-07 1.88797e-08
0.0081358 9.34645e-07 1.89219e-08
0.00813642 9.35403e-07 1.89641e-08
0.00813704 9.3616e-07 1.90063e-08
0.00813766 9.36917e-07 1.90485e-08
0.00813828 9.37672e-07 1.90907e-08
0.0081389 9.38426e-07 1.91328e-08
0.00813952 9.39179e-07 1.9175e-08
0.00814014 9.39931e-07 1.92171e-08
0.00814077 9.40682e-07 1.92592e-08
0.00814139 9.41433e-07 1.93013e-08
0.00814201 9.42182e-07 1.93434e-08
0.00814263 9.4293e-07 1.93855e-08
0.00814325 9.43677e-07 1.94276e-08
0.00814387 9.44424e-07 1.94696e-08
0.00814449 9.45169e-07 1.95117e-08
0.00814511 9.45913e-07 1.95537e-08
0.00814574 9.46656e-07 1.95957e-08
0.00814636 9.47399e-07 1.96377e-08
0.00814698 9.4814e-07 1.96797e-08
0.0081476 9.4888e-07 1.97216e-08
0.00814822 9.49619e-07 1.97636e-08
0.00814884 9.50358e-07 1.98055e-08
0.00814946 9.51095e-07 1.98474e-08
0.00815009 9.51831e-07 1.98893e-08
0.00815071 9.52567e-07 1.99312e-08
0.00815133 9.53301e-07 1.99731e-08
0.00815195 9.54034e-07 2.0015e-08
0.00815257 9.54766e-07 2.00568e-08
0.00815319 9.55498e-07 2.00987e-08
0.00815381 9.56228e-07 2.01405e-08
0.00815443 9.56957e-07 2.01823e-08
0.00815506 9.57686e-07 2.02241e-08
0.00815568 9.58413e-07 2.02659e-08
0.0081563 9.59139e-07 2.03076e-08
0.00815692 9.59864e-07 2.03494e-08
0.00815754 9.60589e-07 2.03911e-08
0.00815816 9.61312e-07 2.04328e-08
0.00815878 9.62034e-07 2.04745e-08
0.0081594 9.62755e-07 2.05162e-08
0.00816003 9.63476e-07 2.05579e-08
0.00816065 9.64195e-07 2.05996e-08
0.00816127 9.64913e-07 2.06412e-08
0.00816189 9.6563e-07 2.06828e-08
0.00816251 9.66346e-07 2.07244e-08
0.00816313 9.67061e-07 2.0766e-08
0.00816375 9.67776e-07 2.08076e-08
0.00816437 9.68489e-07 2.08492e-08
0.008165 9.69201e-07 2.08908e-08
0.00816562 9.69912e-07 2.09323e-08
0.00816624 9.70622e-07 2.09738e-08
0.00816686 9.71331e-07 2.10153e-08
0.00816748 9.72039e-07 2.10568e-08
0.0081681 9.72746e-07 2.10983e-08
0.00816872 9.73452e-07 2.11398e-08
0.00816935 9.74157e-07 2.11812e-08
0.00816997 9.74861e-07 2.12227e-08
0.00817059 9.75564e-07 2.12641e-08
0.00817121 9.76266e-07 2.13055e-08
0.00817183 9.76967e-07 2.13469e-08
0.00817245 9.77667e-07 2.13882e-08
0.00817307 9.78366e-07 2.14296e-08
0.00817369 9.79064e-07 2.14709e-08
0.00817432 9.79761e-07 2.15123e-08
0.00817494 9.80456e-07 2.15536e-08
0.00817556 9.81151e-07 2.15949e-08
0.00817618 9.81845e-07 2.16362e-08
0.0081768 9.82538e-07 2.16774e-08
0.00817742 9.8323e-07 2.17187e-08
0.00817804 9.8392e-07 2.17599e-08
0.00817866 9.8461e-07 2.18011e-08
0.00817929 9.85299e-07 2.18423e-08
0.00817991 9.85986e-07 2.18835e-08
0.00818053 9.86673e-07 2.19247e-08
0.00818115 9.87358e-07 2.19658e-08
0.00818177 9.88043e-07 2.2007e-08
0.00818239 9.88726e-07 2.20481e-08
0.00818301 9.89409e-07 2.20892e-08
0.00818363 9.9009e-07 2.21303e-08
0.00818426 9.90771e-07 2.21713e-08
0.00818488 9.9145e-07 2.22124e-08
0.0081855 9.92128e-07 2.22534e-08
0.00818612 9.92806e-07 2.22945e-08
0.00818674 9.93482e-07 2.23355e-08
0.00818736 9.94157e-07 2.23765e-08
0.00818798 9.94831e-07 2.24174e-08
0.00818861 9.95505e-07 2.24584e-08
0.00818923 9.96177e-07 2.24993e-08
0.00818985 9.96848e-07 2.25403e-08
0.00819047 9.97518e-07 2.25812e-08
0.00819109 9.98187e-07 2.26221e-08
0.00819171 9.98855e-07 2.26629e-08
0.00819233 9.99522e-07 2.27038e-08
0.00819295 1.00019e-06 2.27446e-08
0.00819358 1.00085e-06 2.27855e-08
0.0081942 1.00152e-06 2.28263e-08
0.00819482 1.00218e-06 2.28671e-08
0.00819544 1.00284e-06 2.29078e-08
0.00819606 1.0035e-06 2.29486e-08
0.00819668 1.00416e-06 2.29893e-08
0.0081973 1.00482e-06 2.30301e-08
0.00819792 1.00548e-06 2.30708e-08
0.00819855 1.00613e-06 2.31115e-08
0.00819917 1.00679e-06 2.31521e-08
0.00819979 1.00744e-06 2.31928e-08
0.00820041 1.0081e-06 2.32334e-08
0.00820103 1.00875e-06 2.32741e-08
0.00820165 1.0094e-06 2.33147e-08
0.00820227 1.01005e-06 2.33553e-08
0.00820289 1.0107e-06 2.33958e-08
0.00820352 1.01135e-06 2.34364e-08
0.00820414 1.012e-06 2.34769e-08
0.00820476 1.01264e-06 2.35174e-08
0.00820538 1.01329e-06 2.35579e-08
0.008206 1.01393e-06 2.35984e-08
0.00820662 1.01457e-06 2.36389e-08
0.00820724 1.01522e-06 2.36793e-08
0.00820787 1.01586e-06 2.37198e-08
0.00820849 1.0165e-06 2.37602e-08
0.00820911 1.01714e-06 2.38006e-08
0.00820973 1.01777e-06 2.3841e-08
0.00821035 1.01841e-06 2.38813e-08
0.00821097 1.01905e-06 2.39217e-08
0.00821159 1.01968e-06 2.3962e-08
0.00821221 1.02031e-06 2.40023e-08
0.00821284 1.02095e-06 2.40426e-08
0.00821346 1.02158e-06 2.40829e-08
0.00821408 1.02221e-06 2.41231e-08
0.0082147 1.02284e-06 2.41633e-08
0.00821532 1.02347e-06 2.42036e-08
0.00821594 1.02409e-06 2.42438e-08
0.00821656 1.02472e-06 2.42839e-08
0.00821718 1.02534e-06 2.43241e-08
0.00821781 1.02597e-06 2.43642e-08
0.00821843 1.02659e-06 2.44044e-08
0.00821905 1.02721e-06 2.44445e-08
0.00821967 1.02783e-06 2.44846e-08
0.00822029 1.02845e-06 2.45246e-08
0.00822091 1.02907e-06 2.45647e-08
0.00822153 1.02969e-06 2.46047e-08
0.00822215 1.03031e-06 2.46447e-08
0.00822278 1.03092e-06 2.46847e-08
0.0082234 1.03154e-06 2.47247e-08
0.00822402 1.03215e-06 2.47647e-08
0.00822464 1.03276e-06 2.48046e-08
0.00822526 1.03338e-06 2.48445e-08
0.00822588 1.03399e-06 2.48844e-08
0.0082265 1.03459e-06 2.49243e-08
0.00822713 1.0352e-06 2.49642e-08
0.00822775 1.03581e-06 2.5004e-08
0.00822837 1.03642e-06 2.50439e-08
0.00822899 1.03702e-06 2.50837e-08
0.00822961 1.03763e-06 2.51235e-08
0.00823023 1.03823e-06 2.51632e-08
0.00823085 1.03883e-06 2.5203e-08
0.00823147 1.03943e-06 2.52427e-08
0.0082321 1.04003e-06 2.52824e-08
0.00823272 1.04063e-06 2.53221e-08
0.00823334 1.04123e-06 2.53618e-08
0.00823396 1.04182e-06 2.54014e-08
0.00823458 1.04242e-06 2.54411e-08
0.0082352 1.04301e-06 2.54807e-08
0.00823582 1.04361e-06 2.55203e-08
0.00823644 1.0442e-06 2.55599e-08
0.00823707 1.04479e-06 2.55994e-08
0.00823769 1.04538e-06 2.5639e-08
0.00823831 1.04597e-06 2.56785e-08
0.00823893 1.04656e-06 2.5718e-08
0.00823955 1.04714e-06 2.57575e-08
0.00824017 1.04773e-06 2.57969e-08
0.00824079 1.04832e-06 2.58364e-08
0.00824141 1.0489e-06 2.58758e-08
0.00824204 1.04948e-06 2.59152e-08
0.00824266 1.05006e-06 2.59545e-08
0.00824328 1.05064e-06 2.59939e-08
0.0082439 1.05122e-06 2.60332e-08
0.00824452 1.0518e-06 2.60726e-08
0.00824514 1.05238e-06 2.61119e-08
0.00824576 1.05296e-06 2.61511e-08
0.00824639 1.05353e-06 2.61904e-08
0.00824701 1.05411e-06 2.62296e-08
0.00824763 1.05468e-06 2.62689e-08
0.00824825 1.05525e-06 2.6308e-08
0.00824887 1.05582e-06 2.63472e-08
0.00824949 1.05639e-06 2.63864e-08
0.00825011 1.05696e-06 2.64255e-08
0.00825073 1.05753e-06 2.64646e-08
0.00825136 1.05809e-06 2.65037e-08
0.00825198 1.05866e-06 2.65428e-08
0.0082526 1.05922e-06 2.65818e-08
0.00825322 1.05979e-06 2.66209e-08
0.00825384 1.06035e-06 2.66599e-08
0.00825446 1.06091e-06 2.66989e-08
0.00825508 1.06147e-06 2.67378e-08
0.0082557 1.06203e-06 2.67768e-08
0.00825633 1.06259e-06 2.68157e-08
0.00825695 1.06315e-06 2.68546e-08
0.00825757 1.0637e-06 2.68935e-08
0.00825819 1.06426e-06 2.69324e-08
0.00825881 1.06481e-06 2.69712e-08
0.00825943 1.06536e-06 2.701e-08
0.00826005 1.06592e-06 2.70488e-08
0.00826067 1.06647e-06 2.70876e-08
0.0082613 1.06702e-06 2.71264e-08
0.00826192 1.06757e-06 2.71651e-08
0.00826254 1.06811e-06 2.72038e-08
0.00826316 1.06866e-06 2.72425e-08
0.00826378 1.0692e-06 2.72812e-08
0.0082644 1.06975e-06 2.73198e-08
0.00826502 1.07029e-06 2.73585e-08
0.00826565 1.07083e-06 2.73971e-08
0.00826627 1.07138e-06 2.74357e-08
0.00826689 1.07191e-06 2.74742e-08
0.00826751 1.07245e-06 2.75128e-08
0.00826813 1.07299e-06 2.75513e-08
0.00826875 1.07353e-06 2.75898e-08
0.00826937 1.07406e-06 2.76283e-08
0.00826999 1.0746e-06 2.76667e-08
0.00827062 1.07513e-06 2.77051e-08
0.00827124 1.07566e-06 2.77435e-08
0.00827186 1.0762e-06 2.77819e-08
0.00827248 1.07673e-06 2.78203e-08
0.0082731 1.07726e-06 2.78586e-08
0.00827372 1.07778e-06 2.7897e-08
0.00827434 1.07831e-06 2.79353e-08
0.00827496 1.07884e-06 2.79735e-08
0.00827559 1.07936e-06 2.80118e-08
0.00827621 1.07989e-06 2.805e-08
0.00827683 1.08041e-06 2.80882e-08
0.00827745 1.08093e-06 2.81264e-08
0.00827807 1.08145e-06 2.81646e-08
0.00827869 1.08197e-06 2.82027e-08
0.00827931 1.08249e-06 2.82408e-08
0.00827993 1.08301e-06 2.82789e-08
0.00828056 1.08352e-06 2.8317e-08
0.00828118 1.08404e-06 2.8355e-08
0.0082818 1.08455e-06 2.83931e-08
0.00828242 1.08506e-06 2.84311e-08
0.00828304 1.08558e-06 2.8469e-08
0.00828366 1.08609e-06 2.8507e-08
0.00828428 1.0866e-06 2.85449e-08
0.00828491 1.08711e-06 2.85828e-08
0.00828553 1.08761e-06 2.86207e-08
0.00828615 1.08812e-06 2.86586e-08
0.00828677 1.08863e-06 2.86964e-08
0.00828739 1.08913e-06 2.87342e-08
0.00828801 1.08963e-06 2.8772e-08
0.00828863 1.09014e-06 2.88098e-08
0.00828925 1.09064e-06 2.88475e-08
0.00828988 1.09114e-06 2.88853e-08
0.0082905 1.09164e-06 2.8923e-08
0.00829112 1.09213e-06 2.89606e-08
0.00829174 1.09263e-06 2.89983e-08
0.00829236 1.09313e-06 2.90359e-08
0.00829298 1.09362e-06 2.90735e-08
0.0082936 1.09412e-06 2.91111e-08
0.00829422 1.09461e-06 2.91487e-08
0.00829485 1.0951e-06 2.91862e-08
0.00829547 1.09559e-06 2.92237e-08
0.00829609 1.09608e-06 2.92612e-08
0.00829671 1.09657e-06 2.92986e-08
0.00829733 1.09706e-06 2.93361e-08
0.00829795 1.09754e-06 2.93735e-08
0.00829857 1.09803e-06 2.94109e-08
0.00829919 1.09851e-06 2.94482e-08
0.00829982 1.09899e-06 2.94856e-08
0.00830044 1.09948e-06 2.95229e-08
0.00830106 1.09996e-06 2.95602e-08
0.00830168 1.10044e-06 2.95974e-08
0.0083023 1.10092e-06 2.96347e-08
0.00830292 1.10139e-06 2.96719e-08
0.00830354 1.10187e-06 2.97091e-08
0.00830417 1.10234e-06 2.97462e-08
0.00830479 1.10282e-06 2.97834e-08
0.00830541 1.10329e-06 2.98205e-08
0.00830603 1.10376e-06 2.98577e-08
0.00830665 1.10424e-06 2.98948e-08
0.00830727 1.10471e-06 2.99319e-08
0.00830789 1.10517e-06 2.9969e-08
0.00830851 1.10564e-06 3.00061e-08
0.00830914 1.10611e-06 3.00431e-08
0.00830976 1.10657e-06 3.00801e-08
0.00831038 1.10704e-06 3.01171e-08
0.008311 1.1075e-06 3.01541e-08
0.00831162 1.10797e-06 3.0191e-08
0.00831224 1.10843e-06 3.0228e-08
0.00831286 1.10889e-06 3.02648e-08
0.00831348 1.10935e-06 3.03017e-08
0.00831411 1.1098e-06 3.03385e-08
0.00831473 1.11026e-06 3.03754e-08
0.00831535 1.11072e-06 3.04121e-08
0.00831597 1.11117e-06 3.04489e-08
0.00831659 1.11163e-06 3.04856e-08
0.00831721 1.11208e-06 3.05224e-08
0.00831783 1.11253e-06 3.0559e-08
0.00831845 1.11298e-06 3.05957e-08
0.00831908 1.11343e-06 3.06323e-08
0.0083197 1.11388e-06 3.06689e-08
0.00832032 1.11433e-06 3.07055e-08
0.00832094 1.11477e-06 3.07421e-08
0.00832156 1.11522e-06 3.07786e-08
0.00832218 1.11566e-06 3.08151e-08
0.0083228 1.11611e-06 3.08516e-08
0.00832343 1.11655e-06 3.0888e-08
0.00832405 1.11699e-06 3.09244e-08
0.00832467 1.11743e-06 3.09608e-08
0.00832529 1.11787e-06 3.09972e-08
0.00832591 1.1183e-06 3.10335e-08
0.00832653 1.11874e-06 3.10698e-08
0.00832715 1.11918e-06 3.11061e-08
0.00832777 1.11961e-06 3.11424e-08
0.0083284 1.12005e-06 3.11786e-08
0.00832902 1.12048e-06 3.12148e-08
0.00832964 1.12091e-06 3.1251e-08
0.00833026 1.12134e-06 3.12872e-08
0.00833088 1.12177e-06 3.13233e-08
0.0083315 1.1222e-06 3.13594e-08
0.00833212 1.12262e-06 3.13955e-08
0.00833274 1.12305e-06 3.14315e-08
0.00833337 1.12347e-06 3.14675e-08
0.00833399 1.1239e-06 3.15035e-08
0.00833461 1.12432e-06 3.15395e-08
0.00833523 1.12474e-06 3.15754e-08
0.00833585 1.12516e-06 3.16113e-08
0.00833647 1.12558e-06 3.16472e-08
0.00833709 1.126e-06 3.1683e-08
0.00833771 1.12642e-06 3.17189e-08
0.00833834 1.12683e-06 3.17547e-08
0.00833896 1.12725e-06 3.17904e-08
0.00833958 1.12766e-06 3.18262e-08
0.0083402 1.12808e-06 3.18619e-08
0.00834082 1.12849e-06 3.18976e-08
0.00834144 1.1289e-06 3.19332e-08
0.00834206 1.12931e-06 3.19689e-08
0.00834269 1.12972e-06 3.20045e-08
0.00834331 1.13012e-06 3.204e-08
0.00834393 1.13053e-06 3.20756e-08
0.00834455 1.13094e-06 3.21111e-08
0.00834517 1.13134e-06 3.21466e-08
0.00834579 1.13174e-06 3.2182e-08
0.00834641 1.13215e-06 3.22175e-08
0.00834703 1.13255e-06 3.22529e-08
0.00834766 1.13295e-06 3.22882e-08
0.00834828 1.13335e-06 3.23236e-08
0.0083489 1.13374e-06 3.23589e-08
0.00834952 1.13414e-06 3.23942e-08
0.00835014 1.13454e-06 3.24294e-08
0.00835076 1.13493e-06 3.24647e-08
0.00835138 1.13532e-06 3.24999e-08
0.008352 1.13572e-06 3.2535e-08
0.00835263 1.13611e-06 3.25702e-08
0.00835325 1.1365e-06 3.26053e-08
0.00835387 1.13689e-06 3.26404e-08
0.00835449 1.13728e-06 3.26754e-08
0.00835511 1.13766e-06 3.27105e-08
0.00835573 1.13805e-06 3.27455e-08
0.00835635 1.1385e-06 3.27804e-08
0.00835697 1.13897e-06 3.28154e-08
0.0083576 1.13943e-06 3.28503e-08
0.00835822 1.1399e-06 3.28852e-08
0.00835884 1.14036e-06 3.292e-08
0.00835946 1.14082e-06 3.29548e-08
0.00836008 1.14128e-06 3.29896e-08
0.0083607 1.14174e-06 3.30244e-08
0.00836132 1.1422e-06 3.30591e-08
0.00836195 1.14266e-06 3.30938e-08
0.00836257 1.14311e-06 3.31285e-08
0.00836319 1.14357e-06 3.31631e-08
0.00836381 1.14402e-06 3.31977e-08
0.00836443 1.14447e-06 3.32323e-08
0.00836505 1.14493e-06 3.32669e-08
0.00836567 1.14538e-06 3.33014e-08
0.00836629 1.14583e-06 3.33359e-08
0.00836692 1.14627e-06 3.33704e-08
0.00836754 1.14672e-06 3.34048e-08
0.00836816 1.14717e-06 3.34392e-08
0.00836878 1.14761e-06 3.34736e-08
0.0083694 1.14806e-06 3.35079e-08
0.00837002 1.1485e-06 3.35422e-08
0.00837064 1.14895e-06 3.35765e-08
0.00837126 1.14939e-06 3.36107e-08
0.00837189 1.14983e-06 3.3645e-08
0.00837251 1.15027e-06 3.36792e-08
0.00837313 1.15071e-06 3.37133e-08
0.00837375 1.15114e-06 3.37474e-08
0.00837437 1.15158e-06 3.37815e-08
0.00837499 1.15201e-06 3.38156e-08
0.00837561 1.15245e-06 3.38496e-08
0.00837623 1.15288e-06 3.38836e-08
0.00837686 1.15331e-06 3.39176e-08
0.00837748 1.15374e-06 3.39515e-08
0.0083781 1.15417e-06 3.39854e-08
0.00837872 1.1546e-06 3.40193e-08
0.00837934 1.15503e-06 3.40532e-08
0.00837996 1.15546e-06 3.4087e-08
0.00838058 1.15588e-06 3.41208e-08
0.00838121 1.15631e-06 3.41545e-08
0.00838183 1.15673e-06 3.41882e-08
0.00838245 1.15716e-06 3.42219e-08
0.00838307 1.15758e-06 3.42556e-08
0.00838369 1.158e-06 3.42892e-08
0.00838431 1.15842e-06 3.43228e-08
0.00838493 1.15884e-06 3.43564e-08
0.00838555 1.15925e-06 3.43899e-08
0.00838618 1.15967e-06 3.44234e-08
0.0083868 1.16008e-06 3.44569e-08
0.00838742 1.1605e-06 3.44903e-08
0.00838804 1.16091e-06 3.45237e-08
0.00838866 1.16132e-06 3.45571e-08
0.00838928 1.16174e-06 3.45904e-08
0.0083899 1.16215e-06 3.46237e-08
0.00839052 1.16255e-06 3.4657e-08
0.00839115 1.16296e-06 3.46902e-08
0.00839177 1.16337e-06 3.47234e-08
0.00839239 1.16378e-06 3.47566e-08
0.00839301 1.16418e-06 3.47898e-08
0.00839363 1.16458e-06 3.48229e-08
0.00839425 1.16499e-06 3.4856e-08
0.00839487 1.16539e-06 3.4889e-08
0.00839549 1.16579e-06 3.4922e-08
0.00839612 1.16619e-06 3.4955e-08
0.00839674 1.16659e-06 3.4988e-08
0.00839736 1.16699e-06 3.50209e-08
0.00839798 1.16738e-06 3.50537e-08
0.0083986 1.16778e-06 3.50866e-08
0.00839922 1.16817e-06 3.51194e-08
0.00839984 1.16856e-06 3.51522e-08
0.00840047 1.16896e-06 3.5185e-08
0.00840109 1.16935e-06 3.52177e-08
0.00840171 1.16974e-06 3.52504e-08
0.00840233 1.17013e-06 3.5283e-08
0.00840295 1.17052e-06 3.53156e-08
0.00840357 1.1709e-06 3.53482e-08
0.00840419 1.17129e-06 3.53808e-08
0.00840481 1.17167e-06 3.54133e-08
0.00840544 1.17206e-06 3.54458e-08
0.00840606 1.17244e-06 3.54782e-08
0.00840668 1.17282e-06 3.55106e-08
0.0084073 1.1732e-06 3.5543e-08
0.00840792 1.17358e-06 3.55754e-08
0.00840854 1.17396e-06 3.56077e-08
0.00840916 1.17434e-06 3.56399e-08
0.00840978 1.17471e-06 3.56722e-08
0.00841041 1.17509e-06 3.57044e-08
0.00841103 1.17546e-06 3.57366e-08
0.00841165 1.17584e-06 3.57687e-08
0.00841227 1.17621e-06 3.58008e-08
0.00841289 1.17658e-06 3.58329e-08
0.00841351 1.17695e-06 3.5865e-08
0.00841413 1.17732e-06 3.5897e-08
0.00841475 1.17769e-06 3.59289e-08
0.00841538 1.17805e-06 3.59609e-08
0.008416 1.17842e-06 3.59928e-08
0.00841662 1.17878e-06 3.60247e-08
0.00841724 1.17915e-06 3.60565e-08
0.00841786 1.17951e-06 3.60883e-08
0.00841848 1.17987e-06 3.61201e-08
0.0084191 1.18023e-06 3.61518e-08
0.00841973 1.18059e-06 3.61835e-08
0.00842035 1.18095e-06 3.62152e-08
0.00842097 1.18131e-06 3.62468e-08
0.00842159 1.18166e-06 3.62784e-08
0.00842221 1.18202e-06 3.63099e-08
0.00842283 1.18237e-06 3.63415e-08
0.00842345 1.18273e-06 3.63729e-08
0.00842407 1.18308e-06 3.64044e-08
0.0084247 1.18343e-06 3.64358e-08
0.00842532 1.18378e-06 3.64672e-08
0.00842594 1.18413e-06 3.64985e-08
0.00842656 1.18448e-06 3.65299e-08
0.00842718 1.18482e-06 3.65611e-08
0.0084278 1.18517e-06 3.65924e-08
0.00842842 1.18551e-06 3.66236e-08
0.00842904 1.18586e-06 3.66547e-08
0.00842967 1.1862e-06 3.66859e-08
0.00843029 1.18654e-06 3.6717e-08
0.00843091 1.18688e-06 3.6748e-08
0.00843153 1.18722e-06 3.67791e-08
0.00843215 1.18756e-06 3.681e-08
0.00843277 1.1879e-06 3.6841e-08
0.00843339 1.18823e-06 3.68719e-08
0.00843401 1.18857e-06 3.69028e-08
0.00843464 1.1889e-06 3.69336e-08
0.00843526 1.18924e-06 3.69645e-08
0.00843588 1.18957e-06 3.69952e-08
0.0084365 1.1899e-06 3.7026e-08
0.00843712 1.19023e-06 3.70567e-08
0.00843774 1.19056e-06 3.70873e-08
0.00843836 1.19088e-06 3.7118e-08
0.00843899 1.19121e-06 3.71486e-08
0.00843961 1.19154e-06 3.71791e-08
0.00844023 1.19186e-06 3.72096e-08
0.00844085 1.19218e-06 3.72401e-08
0.00844147 1.19251e-06 3.72706e-08
0.00844209 1.19283e-06 3.7301e-08
0.00844271 1.19315e-06 3.73313e-08
0.00844333 1.19347e-06 3.73617e-08
0.00844396 1.19379e-06 3.7392e-08
0.00844458 1.1941e-06 3.74222e-08
0.0084452 1.19442e-06 3.74525e-08
0.00844582 1.19473e-06 3.74827e-08
0.00844644 1.19505e-06 3.75128e-08
0.00844706 1.19536e-06 3.75429e-08
0.00844768 1.19567e-06 3.7573e-08
0.0084483 1.19598e-06 3.7603e-08
0.00844893 1.19629e-06 3.7633e-08
0.00844955 1.1966e-06 3.7663e-08
0.00845017 1.19691e-06 3.76929e-08
0.00845079 1.19721e-06 3.77228e-08
0.00845141 1.19752e-06 3.77527e-08
0.00845203 1.19782e-06 3.77825e-08
0.00845265 1.19813e-06 3.78123e-08
0.00845327 1.19843e-06 3.7842e-08
0.0084539 1.19873e-06 3.78717e-08
0.00845452 1.19903e-06 3.79014e-08
0.00845514 1.19933e-06 3.7931e-08
0.00845576 1.19963e-06 3.79606e-08
0.00845638 1.19992e-06 3.79901e-08
0.008457 1.20022e-06 3.80196e-08
0.00845762 1.20051e-06 3.80491e-08
0.00845825 1.20081e-06 3.80786e-08
0.00845887 1.2011e-06 3.8108e-08
0.00845949 1.20139e-06 3.81373e-08
0.00846011 1.20168e-06 3.81666e-08
0.00846073 1.20197e-06 3.81959e-08
0.00846135 1.20226e-06 3.82252e-08
0.00846197 1.20255e-06 3.82544e-08
0.00846259 1.20283e-06 3.82836e-08
0.00846322 1.20312e-06 3.83127e-08
0.00846384 1.2034e-06 3.83418e-08
0.00846446 1.20368e-06 3.83708e-08
0.00846508 1.20397e-06 3.83998e-08
0.0084657 1.20425e-06 3.84288e-08
0.00846632 1.20453e-06 3.84578e-08
0.00846694 1.2048e-06 3.84867e-08
0.00846756 1.20508e-06 3.85155e-08
0.00846819 1.20536e-06 3.85443e-08
0.00846881 1.20563e-06 3.85731e-08
0.00846943 1.20591e-06 3.86019e-08
0.00847005 1.20618e-06 3.86306e-08
0.00847067 1.20645e-06 3.86592e-08
0.00847129 1.20672e-06 3.86879e-08
0.00847191 1.20699e-06 3.87164e-08
0.00847253 1.20726e-06 3.8745e-08
0.00847316 1.20753e-06 3.87735e-08
0.00847378 1.2078e-06 3.8802e-08
0.0084744 1.20806e-06 3.88304e-08
0.00847502 1.20833e-06 3.88588e-08
0.00847564 1.20859e-06 3.88871e-08
0.00847626 1.20886e-06 3.89155e-08
0.00847688 1.20912e-06 3.89437e-08
0.00847751 1.20938e-06 3.8972e-08
0.00847813 1.20964e-06 3.90001e-08
0.00847875 1.20989e-06 3.90283e-08
0.00847937 1.21015e-06 3.90564e-08
0.00847999 1.21041e-06 3.90845e-08
0.00848061 1.21066e-06 3.91125e-08
0.00848123 1.21092e-06 3.91405e-08
0.00848185 1.21117e-06 3.91685e-08
0.00848248 1.21142e-06 3.91964e-08
0.0084831 1.21167e-06 3.92243e-08
0.00848372 1.21192e-06 3.92521e-08
0.00848434 1.21217e-06 3.92799e-08
0.00848496 1.21242e-06 3.93076e-08
0.00848558 1.21266e-06 3.93354e-08
0.0084862 1.21291e-06 3.9363e-08
0.00848682 1.21315e-06 3.93907e-08
0.00848745 1.2134e-06 3.94182e-08
0.00848807 1.21364e-06 3.94458e-08
0.00848869 1.21388e-06 3.94733e-08
0.00848931 1.21412e-06 3.95008e-08
0.00848993 1.21436e-06 3.95282e-08
0.00849055 1.2146e-06 3.95556e-08
0.00849117 1.21483e-06 3.95829e-08
0.00849179 1.21507e-06 3.96103e-08
0.00849242 1.2153e-06 3.96375e-08
0.00849304 1.21554e-06 3.96647e-08
0.00849366 1.21577e-06 3.96919e-08
0.00849428 1.216e-06 3.97191e-08
0.0084949 1.21623e-06 3.97462e-08
0.00849552 1.21646e-06 3.97732e-08
0.00849614 1.21669e-06 3.98003e-08
0.00849677 1.21692e-06 3.98272e-08
0.00849739 1.21714e-06 3.98542e-08
0.00849801 1.21737e-06 3.98811e-08
0.00849863 1.21759e-06 3.99079e-08
0.00849925 1.21781e-06 3.99347e-08
0.00849987 1.21804e-06 3.99615e-08
0.00850049 1.21826e-06 3.99882e-08
0.00850111 1.21848e-06 4.00149e-08
0.00850174 1.2187e-06 4.00416e-08
0.00850236 1.21891e-06 4.00682e-08
0.00850298 1.21913e-06 4.00948e-08
0.0085036 1.21934e-06 4.01213e-08
0.00850422 1.21956e-06 4.01478e-08
0.00850484 1.21977e-06 4.01742e-08
0.00850546 1.21998e-06 4.02006e-08
0.00850608 1.2202e-06 4.0227e-08
0.00850671 1.22041e-06 4.02533e-08
0.00850733 1.22061e-06 4.02795e-08
0.00850795 1.22082e-06 4.03058e-08
0.00850857 1.22103e-06 4.0332e-08
0.00850919 1.22123e-06 4.03581e-08
0.00850981 1.22144e-06 4.03842e-08
0.00851043 1.22164e-06 4.04103e-08
0.00851105 1.22184e-06 4.04363e-08
0.00851168 1.22205e-06 4.04623e-08
0.0085123 1.22225e-06 4.04882e-08
0.00851292 1.22245e-06 4.05141e-08
0.00851354 1.22264e-06 4.054e-08
0.00851416 1.22284e-06 4.05658e-08
0.00851478 1.22304e-06 4.05915e-08
0.0085154 1.22323e-06 4.06173e-08
0.00851603 1.22343e-06 4.06429e-08
0.00851665 1.22362e-06 4.06686e-08
0.00851727 1.22381e-06 4.06942e-08
0.00851789 1.224e-06 4.07197e-08
0.00851851 1.22419e-06 4.07452e-08
0.00851913 1.22438e-06 4.07707e-08
0.00851975 1.22457e-06 4.07961e-08
0.00852037 1.22475e-06 4.08215e-08
0.008521 1.22494e-06 4.08468e-08
0.00852162 1.22512e-06 4.08721e-08
0.00852224 1.2253e-06 4.08974e-08
0.00852286 1.22549e-06 4.09226e-08
0.00852348 1.22567e-06 4.09478e-08
0.0085241 1.22585e-06 4.09729e-08
0.00852472 1.22603e-06 4.0998e-08
0.00852534 1.2262e-06 4.1023e-08
0.00852597 1.22638e-06 4.1048e-08
0.00852659 1.22656e-06 4.10729e-08
0.00852721 1.22673e-06 4.10978e-08
0.00852783 1.2269e-06 4.11227e-08
0.00852845 1.22708e-06 4.11475e-08
0.00852907 1.22725e-06 4.11723e-08
0.00852969 1.22742e-06 4.1197e-08
0.00853031 1.22759e-06 4.12217e-08
0.00853094 1.22775e-06 4.12464e-08
0.00853156 1.22792e-06 4.1271e-08
0.00853218 1.22809e-06 4.12955e-08
0.0085328 1.22825e-06 4.132e-08
0.00853342 1.22841e-06 4.13445e-08
0.00853404 1.22858e-06 4.13689e-08
0.00853466 1.22874e-06 4.13933e-08
0.00853529 1.2289e-06 4.14176e-08
0.00853591 1.22906e-06 4.14419e-08
0.00853653 1.22922e-06 4.14662e-08
0.00853715 1.22937e-06 4.14904e-08
0.00853777 1.22953e-06 4.15146e-08
0.00853839 1.22968e-06 4.15387e-08
0.00853901 1.22984e-06 4.15627e-08
0.00853963 1.22999e-06 4.15868e-08
0.00854026 1.23014e-06 4.16108e-08
0.00854088 1.23029e-06 4.16347e-08
0.0085415 1.23044e-06 4.16586e-08
0.00854212 1.23059e-06 4.16824e-08
0.00854274 1.23074e-06 4.17062e-08
0.00854336 1.23089e-06 4.173e-08
0.00854398 1.23103e-06 4.17537e-08
0.0085446 1.23118e-06 4.17774e-08
0.00854523 1.23132e-06 4.1801e-08
0.00854585 1.23146e-06 4.18246e-08
0.00854647 1.2316e-06 4.18481e-08
0.00854709 1.23174e-06 4.18716e-08
0.00854771 1.23188e-06 4.18951e-08
0.00854833 1.23202e-06 4.19185e-08
0.00854895 1.23216e-06 4.19418e-08
0.00854957 1.23229e-06 4.19652e-08
0.0085502 1.23243e-06 4.19884e-08
0.00855082 1.23256e-06 4.20116e-08
0.00855144 1.23269e-06 4.20348e-08
0.00855206 1.23282e-06 4.2058e-08
0.00855268 1.23295e-06 4.2081e-08
0.0085533 1.23308e-06 4.21041e-08
0.00855392 1.23321e-06 4.21271e-08
0.00855455 1.23334e-06 4.215e-08
0.00855517 1.23346e-06 4.21729e-08
0.00855579 1.23359e-06 4.21958e-08
0.00855641 1.23371e-06 4.22186e-08
0.00855703 1.23383e-06 4.22414e-08
0.00855765 1.23396e-06 4.22641e-08
0.00855827 1.23408e-06 4.22868e-08
0.00855889 1.2342e-06 4.23094e-08
0.00855952 1.23431e-06 4.2332e-08
0.00856014 1.23443e-06 4.23546e-08
0.00856076 1.23455e-06 4.2377e-08
0.00856138 1.23466e-06 4.23995e-08
0.008562 1.23478e-06 4.24219e-08
0.00856262 1.23489e-06 4.24443e-08
0.00856324 1.235e-06 4.24666e-08
0.00856386 1.23511e-06 4.24888e-08
0.00856449 1.23522e-06 4.25111e-08
0.00856511 1.23533e-06 4.25332e-08
0.00856573 1.23544e-06 4.25554e-08
0.00856635 1.23555e-06 4.25774e-08
0.00856697 1.23565e-06 4.25995e-08
0.00856759 1.23576e-06 4.26215e-08
0.00856821 1.23586e-06 4.26434e-08
0.00856883 1.23596e-06 4.26653e-08
0.00856946 1.23606e-06 4.26872e-08
0.00857008 1.23616e-06 4.2709e-08
0.0085707 1.23626e-06 4.27307e-08
0.00857132 1.23636e-06 4.27524e-08
0.00857194 1.23646e-06 4.27741e-08
0.00857256 1.23655e-06 4.27957e-08
0.00857318 1.23665e-06 4.28173e-08
0.00857381 1.23674e-06 4.28388e-08
0.00857443 1.23683e-06 4.28603e-08
0.00857505 1.23692e-06 4.28817e-08
0.00857567 1.23701e-06 4.29031e-08
0.00857629 1.2371e-06 4.29245e-08
0.00857691 1.23719e-06 4.29458e-08
0.00857753 1.23728e-06 4.2967e-08
0.00857815 1.23736e-06 4.29882e-08
0.00857878 1.23745e-06 4.30094e-08
0.0085794 1.23753e-06 4.30305e-08
0.00858002 1.23762e-06 4.30515e-08
0.00858064 1.2377e-06 4.30725e-08
0.00858126 1.23778e-06 4.30935e-08
0.00858188 1.23786e-06 4.31144e-08
0.0085825 1.23794e-06 4.31353e-08
0.00858312 1.23801e-06 4.31561e-08
0.00858375 1.23809e-06 4.31769e-08
0.00858437 1.23817e-06 4.31976e-08
0.00858499 1.23824e-06 4.32183e-08
0.00858561 1.23831e-06 4.32389e-08
0.00858623 1.23838e-06 4.32595e-08
0.00858685 1.23846e-06 4.328e-08
0.00858747 1.23853e-06 4.33005e-08
0.00858809 1.23859e-06 4.3321e-08
0.00858872 1.23866e-06 4.33414e-08
0.00858934 1.23873e-06 4.33617e-08
0.00858996 1.23879e-06 4.3382e-08
0.00859058 1.23886e-06 4.34023e-08
0.0085912 1.23892e-06 4.34225e-08
0.00859182 1.23898e-06 4.34426e-08
0.00859244 1.23905e-06 4.34628e-08
0.00859307 1.23911e-06 4.34828e-08
0.00859369 1.23916e-06 4.35028e-08
0.00859431 1.23922e-06 4.35228e-08
0.00859493 1.23928e-06 4.35427e-08
0.00859555 1.23934e-06 4.35626e-08
0.00859617 1.23939e-06 4.35824e-08
0.00859679 1.23944e-06 4.36022e-08
0.00859741 1.2395e-06 4.36219e-08
0.00859804 1.23955e-06 4.36416e-08
0.00859866 1.2396e-06 4.36612e-08
0.00859928 1.23965e-06 4.36808e-08
0.0085999 1.2397e-06 4.37004e-08
0.00860052 1.23974e-06 4.37198e-08
0.00860114 1.23979e-06 4.37393e-08
0.00860176 1.23983e-06 4.37587e-08
0.00860238 1.23988e-06 4.3778e-08
0.00860301 1.23992e-06 4.37973e-08
0.00860363 1.23996e-06 4.38166e-08
0.00860425 1.24e-06 4.38358e-08
0.00860487 1.24004e-06 4.38549e-08
0.00860549 1.24008e-06 4.3874e-08
0.00860611 1.24012e-06 4.38931e-08
0.00860673 1.24016e-06 4.39121e-08
0.00860735 1.24019e-06 4.3931e-08
0.00860798 1.24023e-06 4.39499e-08
0.0086086 1.24026e-06 4.39688e-08
0.00860922 1.24029e-06 4.39876e-08
0.00860984 1.24032e-06 4.40064e-08
0.00861046 1.24035e-06 4.40251e-08
0.00861108 1.24038e-06 4.40437e-08
0.0086117 1.24041e-06 4.40623e-08
0.00861233 1.24044e-06 4.40809e-08
0.00861295 1.24046e-06 4.40994e-08
0.00861357 1.24049e-06 4.41179e-08
0.00861419 1.24051e-06 4.41363e-08
0.00861481 1.24053e-06 4.41547e-08
0.00861543 1.24055e-06 4.4173e-08
0.00861605 1.24057e-06 4.41913e-08
0.00861667 1.24059e-06 4.42095e-08
0.0086173 1.24061e-06 4.42277e-08
0.00861792 1.24063e-06 4.42458e-08
0.00861854 1.24064e-06 4.42639e-08
0.00861916 1.24066e-06 4.42819e-08
0.00861978 1.24068e-06 4.42999e-08
0.0086204 1.24119e-06 4.43178e-08
0.00862102 1.2417e-06 4.43357e-08
0.00862164 1.24221e-06 4.43535e-08
0.00862227 1.24272e-06 4.43713e-08
0.00862289 1.24323e-06 4.4389e-08
0.00862351 1.24374e-06 4.44067e-08
0.00862413 1.24424e-06 4.44244e-08
0.00862475 1.24474e-06 4.44419e-08
0.00862537 1.24525e-06 4.44595e-08
0.00862599 1.24575e-06 4.4477e-08
0.00862661 1.24625e-06 4.44944e-08
0.00862724 1.24674e-06 4.45118e-08
0.00862786 1.24724e-06 4.45291e-08
0.00862848 1.24774e-06 4.45464e-08
0.0086291 1.24823e-06 4.45636e-08
0.00862972 1.24872e-06 4.45808e-08
0.00863034 1.24921e-06 4.4598e-08
0.00863096 1.2497e-06 4.4615e-08
0.00863159 1.25019e-06 4.46321e-08
0.00863221 1.25068e-06 4.46491e-08
0.00863283 1.25116e-06 4.4666e-08
0.00863345 1.25165e-06 4.46829e-08
0.00863407 1.25213e-06 4.46997e-08
0.00863469 1.25261e-06 4.47165e-08
0.00863531 1.25309e-06 4.47333e-08
0.00863593 1.25357e-06 4.47499e-08
0.00863656 1.25404e-06 4.47666e-08
0.00863718 1.25452e-06 4.47832e-08
0.0086378 1.25499e-06 4.47997e-08
0.00863842 1.25547e-06 4.48162e-08
0.00863904 1.25594e-06 4.48326e-08
0.00863966 1.25641e-06 4.4849e-08
0.00864028 1.25687e-06 4.48654e-08
0.0086409 1.25734e-06 4.48816e-08
0.00864153 1.25781e-06 4.48979e-08
0.00864215 1.25827e-06 4.49141e-08
0.00864277 1.25873e-06 4.49302e-08
0.00864339 1.25919e-06 4.49463e-08
0.00864401 1.25965e-06 4.49623e-08
0.00864463 1.26011e-06 4.49783e-08
0.00864525 1.26057e-06 4.49942e-08
0.00864587 1.26102e-06 4.50101e-08
0.0086465 1.26148e-06 4.5026e-08
0.00864712 1.26193e-06 4.50417e-08
0.00864774 1.26238e-06 4.50575e-08
0.00864836 1.26283e-06 4.50732e-08
0.00864898 1.26328e-06 4.50888e-08
0.0086496 1.26372e-06 4.51044e-08
0.00865022 1.26417e-06 4.51199e-08
0.00865085 1.26461e-06 4.51354e-08
0.00865147 1.26506e-06 4.51508e-08
0.00865209 1.2655e-06 4.51662e-08
0.00865271 1.26594e-06 4.51815e-08
0.00865333 1.26637e-06 4.51968e-08
0.00865395 1.26681e-06 4.5212e-08
0.00865457 1.26725e-06 4.52272e-08
0.00865519 1.26768e-06 4.52423e-08
0.00865582 1.26811e-06 4.52574e-08
0.00865644 1.26854e-06 4.52724e-08
0.00865706 1.26897e-06 4.52874e-08
0.00865768 1.2694e-06 4.53023e-08
0.0086583 1.26983e-06 4.53172e-08
0.00865892 1.27025e-06 4.5332e-08
0.00865954 1.27067e-06 4.53468e-08
0.00866016 1.2711e-06 4.53615e-08
0.00866079 1.27152e-06 4.53761e-08
0.00866141 1.27194e-06 4.53908e-08
0.00866203 1.27235e-06 4.54053e-08
0.00866265 1.27277e-06 4.54198e-08
0.00866327 1.27318e-06 4.54343e-08
0.00866389 1.2736e-06 4.54487e-08
0.00866451 1.27401e-06 4.54631e-08
0.00866513 1.27442e-06 4.54774e-08
0.00866576 1.27483e-06 4.54916e-08
0.00866638 1.27524e-06 4.55058e-08
0.008667 1.27564e-06 4.552e-08
0.00866762 1.27605e-06 4.55341e-08
0.00866824 1.27645e-06 4.55481e-08
0.00866886 1.27685e-06 4.55621e-08
0.00866948 1.27725e-06 4.55761e-08
0.00867011 1.27765e-06 4.559e-08
0.00867073 1.27805e-06 4.56038e-08
0.00867135 1.27844e-06 4.56176e-08
0.00867197 1.27884e-06 4.56314e-08
0.00867259 1.27923e-06 4.56451e-08
0.00867321 1.27962e-06 4.56587e-08
0.00867383 1.28001e-06 4.56723e-08
0.00867445 1.2804e-06 4.56858e-08
0.00867508 1.28079e-06 4.56993e-08
0.0086757 1.28117e-06 4.57127e-08
0.00867632 1.28156e-06 4.57261e-08
0.00867694 1.28194e-06 4.57395e-08
0.00867756 1.28232e-06 4.57527e-08
0.00867818 1.2827e-06 4.5766e-08
0.0086788 1.28308e-06 4.57791e-08
0.00867942 1.28346e-06 4.57923e-08
0.00868005 1.28383e-06 4.58053e-08
0.00868067 1.28421e-06 4.58183e-08
0.00868129 1.28458e-06 4.58313e-08
0.00868191 1.28495e-06 4.58442e-08
0.00868253 1.28532e-06 4.58571e-08
0.00868315 1.28569e-06 4.58699e-08
0.00868377 1.28605e-06 4.58827e-08
0.00868439 1.28642e-06 4.58954e-08
0.00868502 1.28678e-06 4.5908e-08
0.00868564 1.28714e-06 4.59206e-08
0.00868626 1.2875e-06 4.59332e-08
0.00868688 1.28786e-06 4.59457e-08
0.0086875 1.28822e-06 4.59581e-08
0.00868812 1.28858e-06 4.59705e-08
0.00868874 1.28893e-06 4.59829e-08
0.00868937 1.28928e-06 4.59952e-08
0.00868999 1.28964e-06 4.60074e-08
0.00869061 1.28999e-06 4.60196e-08
0.00869123 1.29033e-06 4.60317e-08
0.00869185 1.29068e-06 4.60438e-08
0.00869247 1.29103e-06 4.60558e-08
0.00869309 1.29137e-06 4.60678e-08
0.00869371 1.29171e-06 4.60797e-08
0.00869434 1.29206e-06 4.60916e-08
0.00869496 1.29239e-06 4.61034e-08
0.00869558 1.29273e-06 4.61152e-08
0.0086962 1.29307e-06 4.61269e-08
0.00869682 1.29341e-06 4.61386e-08
0.00869744 1.29374e-06 4.61502e-08
0.00869806 1.29407e-06 4.61618e-08
0.00869868 1.2944e-06 4.61733e-08
0.00869931 1.29473e-06 4.61847e-08
0.00869993 1.29506e-06 4.61961e-08
0.00870055 1.29539e-06 4.62075e-08
0.00870117 1.29571e-06 4.62188e-08
0.00870179 1.29603e-06 4.623e-08
0.00870241 1.29636e-06 4.62412e-08
0.00870303 1.29668e-06 4.62524e-08
0.00870365 1.29699e-06 4.62634e-08
0.00870428 1.29731e-06 4.62745e-08
0.0087049 1.29763e-06 4.62855e-08
0.00870552 1.29794e-06 4.62964e-08
0.00870614 1.29825e-06 4.63073e-08
0.00870676 1.29857e-06 4.63181e-08
0.00870738 1.29888e-06 4.63289e-08
0.008708 1.29918e-06 4.63396e-08
0.00870863 1.29949e-06 4.63502e-08
0.00870925 1.2998e-06 4.63609e-08
0.00870987 1.3001e-06 4.63714e-08
0.00871049 1.3004e-06 4.63819e-08
0.00871111 1.3007e-06 4.63924e-08
0.00871173 1.301e-06 4.64028e-08
0.00871235 1.3013e-06 4.64131e-08
0.00871297 1.3016e-06 4.64234e-08
0.0087136 1.30189e-06 4.64337e-08
0.00871422 1.30219e-06 4.64439e-08
0.00871484 1.30248e-06 4.6454e-08
0.00871546 1.30277e-06 4.64641e-08
0.00871608 1.30306e-06 4.64741e-08
0.0087167 1.30334e-06 4.64841e-08
0.00871732 1.30363e-06 4.6494e-08
0.00871794 1.30391e-06 4.65039e-08
0.00871857 1.3042e-06 4.65137e-08
0.00871919 1.30448e-06 4.65235e-08
0.00871981 1.30476e-06 4.65332e-08
0.00872043 1.30504e-06 4.65429e-08
0.00872105 1.30531e-06 4.65525e-08
0.00872167 1.30559e-06 4.65621e-08
0.00872229 1.30586e-06 4.65716e-08
0.00872291 1.30613e-06 4.6581e-08
0.00872354 1.3064e-06 4.65904e-08
0.00872416 1.30667e-06 4.65998e-08
0.00872478 1.30694e-06 4.66091e-08
0.0087254 1.30721e-06 4.66183e-08
0.00872602 1.30747e-06 4.66275e-08
0.00872664 1.30774e-06 4.66366e-08
0.00872726 1.308e-06 4.66457e-08
0.00872789 1.30826e-06 4.66547e-08
0.00872851 1.30852e-06 4.66637e-08
0.00872913 1.30877e-06 4.66726e-08
0.00872975 1.30903e-06 4.66815e-08
0.00873037 1.30928e-06 4.66903e-08
0.00873099 1.30953e-06 4.66991e-08
0.00873161 1.30979e-06 4.67078e-08
0.00873223 1.31004e-06 4.67164e-08
0.00873286 1.31028e-06 4.6725e-08
0.00873348 1.31053e-06 4.67336e-08
0.0087341 1.31078e-06 4.67421e-08
0.00873472 1.31102e-06 4.67505e-08
0.00873534 1.31126e-06 4.67589e-08
0.00873596 1.3115e-06 4.67672e-08
0.00873658 1.31174e-06 4.67755e-08
0.0087372 1.31198e-06 4.67837e-08
0.00873783 1.31221e-06 4.67919e-08
0.00873845 1.31245e-06 4.68e-08
0.00873907 1.31268e-06 4.68081e-08
0.00873969 1.31291e-06 4.68161e-08
0.00874031 1.31314e-06 4.68241e-08
0.00874093 1.31337e-06 4.6832e-08
0.00874155 1.3136e-06 4.68398e-08
0.00874217 1.31382e-06 4.68476e-08
0.0087428 1.31405e-06 4.68554e-08
0.00874342 1.31427e-06 4.68631e-08
0.00874404 1.31449e-06 4.68707e-08
0.00874466 1.31471e-06 4.68783e-08
0.00874528 1.31493e-06 4.68859e-08
0.0087459 1.31514e-06 4.68933e-08
0.00874652 1.31536e-06 4.69008e-08
0.00874715 1.31557e-06 4.69081e-08
0.00874777 1.31578e-06 4.69155e-08
0.00874839 1.31599e-06 4.69227e-08
0.00874901 1.3162e-06 4.69299e-08
0.00874963 1.31641e-06 4.69371e-08
0.00875025 1.31661e-06 4.69442e-08
0.00875087 1.31682e-06 4.69513e-08
0.00875149 1.31702e-06 4.69583e-08
0.00875212 1.31722e-06 4.69652e-08
0.00875274 1.31742e-06 4.69721e-08
0.00875336 1.31762e-06 4.69789e-08
0.00875398 1.31781e-06 4.69857e-08
0.0087546 1.31801e-06 4.69925e-08
0.00875522 1.3182e-06 4.69991e-08
0.00875584 1.31839e-06 4.70058e-08
0.00875646 1.31858e-06 4.70123e-08
0.00875709 1.31877e-06 4.70188e-08
0.00875771 1.31896e-06 4.70253e-08
0.00875833 1.31914e-06 4.70317e-08
0.00875895 1.31933e-06 4.70381e-08
0.00875957 1.31951e-06 4.70444e-08
0.00876019 1.31969e-06 4.70506e-08
0.00876081 1.31987e-06 4.70568e-08
0.00876143 1.32005e-06 4.7063e-08
0.00876206 1.32022e-06 4.70691e-08
0.00876268 1.3204e-06 4.70751e-08
0.0087633 1.32057e-06 4.70811e-08
0.00876392 1.32074e-06 4.7087e-08
0.00876454 1.32092e-06 4.70929e-08
0.00876516 1.32108e-06 4.70987e-08
0.00876578 1.32125e-06 4.71045e-08
0.00876641 1.32142e-06 4.71102e-08
0.00876703 1.32158e-06 4.71158e-08
0.00876765 1.32174e-06 4.71214e-08
0.00876827 1.3219e-06 4.7127e-08
0.00876889 1.32206e-06 4.71325e-08
0.00876951 1.32222e-06 4.71379e-08
0.00877013 1.32238e-06 4.71433e-08
0.00877075 1.32253e-06 4.71486e-08
0.00877138 1.32269e-06 4.71539e-08
0.008772 1.32284e-06 4.71592e-08
0.00877262 1.32299e-06 4.71643e-08
0.00877324 1.32314e-06 4.71695e-08
0.00877386 1.32329e-06 4.71745e-08
0.00877448 1.32343e-06 4.71795e-08
0.0087751 1.32358e-06 4.71845e-08
0.00877572 1.32372e-06 4.71894e-08
0.00877635 1.32386e-06 4.71942e-08
0.00877697 1.324e-06 4.7199e-08
0.00877759 1.32414e-06 4.72038e-08
0.00877821 1.32427e-06 4.72085e-08
0.00877883 1.32441e-06 4.72131e-08
0.00877945 1.32454e-06 4.72177e-08
0.00878007 1.32468e-06 4.72222e-08
0.00878069 1.32481e-06 4.72267e-08
0.00878132 1.32493e-06 4.72311e-08
0.00878194 1.32506e-06 4.72355e-08
0.00878256 1.32519e-06 4.72398e-08
0.00878318 1.32531e-06 4.72441e-08
0.0087838 1.32544e-06 4.72483e-08
0.00878442 1.32556e-06 4.72524e-08
0.00878504 1.32568e-06 4.72565e-08
0.00878567 1.32579e-06 4.72606e-08
0.00878629 1.32591e-06 4.72646e-08
0.00878691 1.32603e-06 4.72685e-08
0.00878753 1.32614e-06 4.72724e-08
0.00878815 1.32625e-06 4.72762e-08
0.00878877 1.32636e-06 4.728e-08
0.00878939 1.32647e-06 4.72837e-08
0.00879001 1.32658e-06 4.72874e-08
0.00879064 1.32668e-06 4.7291e-08
0.00879126 1.32679e-06 4.72945e-08
0.00879188 1.32689e-06 4.7298e-08
0.0087925 1.32699e-06 4.73015e-08
0.00879312 1.32709e-06 4.73049e-08
0.00879374 1.32719e-06 4.73082e-08
0.00879436 1.32729e-06 4.73115e-08
0.00879498 1.32738e-06 4.73148e-08
0.00879561 1.32748e-06 4.7318e-08
0.00879623 1.32757e-06 4.73211e-08
0.00879685 1.32766e-06 4.73242e-08
0.00879747 1.32775e-06 4.73272e-08
0.00879809 1.32784e-06 4.73301e-08
0.00879871 1.32792e-06 4.73331e-08
0.00879933 1.32801e-06 4.73359e-08
0.00879995 1.32809e-06 4.73387e-08
0.00880058 1.32817e-06 4.73415e-08
0.0088012 1.32825e-06 4.73442e-08
0.00880182 1.32833e-06 4.73468e-08
0.00880244 1.32841e-06 4.73494e-08
0.00880306 1.32848e-06 4.73519e-08
0.00880368 1.32855e-06 4.73544e-08
0.0088043 1.32863e-06 4.73568e-08
0.00880493 1.3287e-06 4.73592e-08
0.00880555 1.32877e-06 4.73615e-08
0.00880617 1.32883e-06 4.73638e-08
0.00880679 1.3289e-06 4.7366e-08
0.00880741 1.32896e-06 4.73682e-08
0.00880803 1.32903e-06 4.73703e-08
0.00880865 1.32909e-06 4.73723e-08
0.00880927 1.32915e-06 4.73743e-08
0.0088099 1.32921e-06 4.73763e-08
0.00881052 1.32926e-06 4.73782e-08
0.00881114 1.32932e-06 4.738e-08
0.00881176 1.32937e-06 4.73818e-08
0.00881238 1.32942e-06 4.73835e-08
0.008813 1.32947e-06 4.73852e-08
0.00881362 1.32952e-06 4.73868e-08
0.00881424 1.32957e-06 4.73884e-08
0.00881487 1.32962e-06 4.73899e-08
0.00881549 1.32966e-06 4.73913e-08
0.00881611 1.32971e-06 4.73927e-08
0.00881673 1.32975e-06 4.73941e-08
0.00881735 1.32979e-06 4.73954e-08
0.00881797 1.32982e-06 4.73966e-08
0.00881859 1.32986e-06 4.73978e-08
0.00881921 1.3299e-06 4.7399e-08
0.00881984 1.32993e-06 4.74e-08
0.00882046 1.32996e-06 4.74011e-08
0.00882108 1.32999e-06 4.7402e-08
0.0088217 1.33002e-06 4.7403e-08
0.00882232 1.33005e-06 4.74038e-08
0.00882294 1.33008e-06 4.74046e-08
0.00882356 1.3301e-06 4.74054e-08
0.00882419 1.33012e-06 4.74061e-08
0.00882481 1.33015e-06 4.74067e-08
0.00882543 1.33017e-06 4.74073e-08
0.00882605 1.33018e-06 4.74079e-08
0.00882667 1.3302e-06 4.74084e-08
0.00882729 1.33022e-06 4.74088e-08
0.00882791 1.33023e-06 4.74092e-08
0.00882853 1.33024e-06 4.74095e-08
0.00882916 1.33025e-06 4.74098e-08
0.00882978 1.33026e-06 4.741e-08
0.0088304 1.33027e-06 4.74102e-08
0.00883102 1.33028e-06 4.74103e-08
0.00883164 1.33028e-06 4.74103e-08
0.00883226 1.33028e-06 4.74104e-08
0.00883288 1.33029e-06 4.74103e-08
0.0088335 1.33029e-06 4.74102e-08
0.00883413 1.33028e-06 4.741e-08
0.00883475 1.33028e-06 4.74098e-08
0.00883537 1.33028e-06 4.74096e-08
0.00883599 1.33027e-06 4.74093e-08
0.00883661 1.33026e-06 4.74089e-08
0.00883723 1.33025e-06 4.74085e-08
0.00883785 1.33024e-06 4.7408e-08
0.00883847 1.33023e-06 4.74074e-08
0.0088391 1.33022e-06 4.74069e-08
0.00883972 1.3302e-06 4.74062e-08
0.00884034 1.33018e-06 4.74055e-08
0.00884096 1.33017e-06 4.74048e-08
0.00884158 1.33015e-06 4.7404e-08
0.0088422 1.33013e-06 4.74031e-08
0.00884282 1.3301e-06 4.74022e-08
0.00884345 1.33008e-06 4.74013e-08
0.00884407 1.33005e-06 4.74002e-08
0.00884469 1.33002e-06 4.73992e-08
0.00884531 1.33e-06 4.7398e-08
0.00884593 1.32996e-06 4.73969e-08
0.00884655 1.32993e-06 4.73956e-08
0.00884717 1.3299e-06 4.73944e-08
0.00884779 1.32986e-06 4.7393e-08
0.00884842 1.32983e-06 4.73916e-08
0.00884904 1.32979e-06 4.73902e-08
0.00884966 1.32975e-06 4.73887e-08
0.00885028 1.32971e-06 4.73871e-08
0.0088509 1.32967e-06 4.73855e-08
0.00885152 1.32962e-06 4.73839e-08
0.00885214 1.32958e-06 4.73822e-08
0.00885276 1.32953e-06 4.73804e-08
0.00885339 1.32948e-06 4.73786e-08
0.00885401 1.32943e-06 4.73767e-08
0.00885463 1.32938e-06 4.73748e-08
0.00885525 1.32932e-06 4.73728e-08
0.00885587 1.32927e-06 4.73708e-08
0.00885649 1.32921e-06 4.73687e-08
0.00885711 1.32915e-06 4.73665e-08
0.00885773 1.32909e-06 4.73643e-08
0.00885836 1.32903e-06 4.73621e-08
0.00885898 1.32897e-06 4.73598e-08
0.0088596 1.32891e-06 4.73574e-08
0.00886022 1.32884e-06 4.7355e-08
0.00886084 1.32877e-06 4.73526e-08
0.00886146 1.3287e-06 4.73501e-08
0.00886208 1.32863e-06 4.73475e-08
0.00886271 1.32856e-06 4.73449e-08
0.00886333 1.32849e-06 4.73422e-08
0.00886395 1.32841e-06 4.73395e-08
0.00886457 1.32834e-06 4.73367e-08
0.00886519 1.32826e-06 4.73339e-08
0.00886581 1.32818e-06 4.7331e-08
0.00886643 1.3281e-06 4.7328e-08
0.00886705 1.32802e-06 4.7325e-08
0.00886768 1.32793e-06 4.7322e-08
0.0088683 1.32785e-06 4.73189e-08
0.00886892 1.32776e-06 4.73157e-08
0.00886954 1.32767e-06 4.73125e-08
0.00887016 1.32758e-06 4.73093e-08
0.00887078 1.32749e-06 4.7306e-08
0.0088714 1.3274e-06 4.73026e-08
0.00887202 1.32731e-06 4.72992e-08
0.00887265 1.32721e-06 4.72957e-08
0.00887327 1.32711e-06 4.72922e-08
0.00887389 1.32701e-06 4.72886e-08
0.00887451 1.32691e-06 4.7285e-08
0.00887513 1.32681e-06 4.72813e-08
0.00887575 1.32671e-06 4.72775e-08
0.00887637 1.3266e-06 4.72737e-08
0.00887699 1.32649e-06 4.72699e-08
0.00887762 1.32639e-06 4.7266e-08
0.00887824 1.32628e-06 4.7262e-08
0.00887886 1.32617e-06 4.7258e-08
0.00887948 1.32605e-06 4.7254e-08
0.0088801 1.32594e-06 4.72499e-08
0.00888072 1.32582e-06 4.72457e-08
0.00888134 1.32571e-06 4.72415e-08
0.00888197 1.32559e-06 4.72372e-08
0.00888259 1.32547e-06 4.72329e-08
0.00888321 1.32535e-06 4.72285e-08
0.00888383 1.32522e-06 4.72241e-08
0.00888445 1.3251e-06 4.72196e-08
0.00888507 1.32497e-06 4.72151e-08
0.00888569 1.32484e-06 4.72105e-08
0.00888631 1.32471e-06 4.72059e-08
0.00888694 1.32458e-06 4.72012e-08
0.00888756 1.32445e-06 4.71964e-08
0.00888818 1.32432e-06 4.71916e-08
0.0088888 1.32418e-06 4.71868e-08
0.00888942 1.32405e-06 4.71819e-08
0.00889004 1.32391e-06 4.71769e-08
0.00889066 1.32377e-06 4.71719e-08
0.00889128 1.32363e-06 4.71668e-08
0.00889191 1.32348e-06 4.71617e-08
0.00889253 1.32334e-06 4.71566e-08
0.00889315 1.32319e-06 4.71513e-08
0.00889377 1.32305e-06 4.71461e-08
0.00889439 1.3229e-06 4.71407e-08
0.00889501 1.32275e-06 4.71354e-08
0.00889563 1.3226e-06 4.71299e-08
0.00889625 1.32244e-06 4.71244e-08
0.00889688 1.32229e-06 4.71189e-08
0.0088975 1.32213e-06 4.71133e-08
0.00889812 1.32197e-06 4.71077e-08
0.00889874 1.32181e-06 4.7102e-08
0.00889936 1.32165e-06 4.70962e-08
0.00889998 1.32149e-06 4.70904e-08
0.0089006 1.32133e-06 4.70846e-08
0.00890123 1.32116e-06 4.70787e-08
0.00890185 1.321e-06 4.70727e-08
0.00890247 1.32083e-06 4.70667e-08
0.00890309 1.32066e-06 4.70606e-08
0.00890371 1.32049e-06 4.70545e-08
0.00890433 1.32031e-06 4.70484e-08
0.00890495 1.32014e-06 4.70421e-08
0.00890557 1.31996e-06 4.70359e-08
0.0089062 1.31979e-06 4.70295e-08
0.00890682 1.31961e-06 4.70232e-08
0.00890744 1.31943e-06 4.70167e-08
0.00890806 1.31925e-06 4.70103e-08
0.00890868 1.31906e-06 4.70037e-08
0.0089093 1.31888e-06 4.69971e-08
0.00890992 1.31869e-06 4.69905e-08
0.00891054 1.3185e-06 4.69838e-08
0.00891117 1.31831e-06 4.69771e-08
0.00891179 1.31812e-06 4.69703e-08
0.00891241 1.31793e-06 4.69634e-08
0.00891303 1.31774e-06 4.69565e-08
0.00891365 1.31754e-06 4.69496e-08
0.00891427 1.31735e-06 4.69426e-08
0.00891489 1.31715e-06 4.69355e-08
0.00891551 1.31695e-06 4.69284e-08
0.00891614 1.31675e-06 4.69212e-08
0.00891676 1.31655e-06 4.6914e-08
0.00891738 1.31634e-06 4.69068e-08
0.008918 1.31614e-06 4.68994e-08
0.00891862 1.31593e-06 4.68921e-08
0.00891924 1.31572e-06 4.68847e-08
0.00891986 1.31551e-06 4.68772e-08
0.00892049 1.3153e-06 4.68697e-08
0.00892111 1.31509e-06 4.68621e-08
0.00892173 1.31487e-06 4.68544e-08
0.00892235 1.31466e-06 4.68468e-08
0.00892297 1.31444e-06 4.6839e-08
0.00892359 1.31422e-06 4.68313e-08
0.00892421 1.314e-06 4.68234e-08
0.00892483 1.31378e-06 4.68155e-08
0.00892546 1.31355e-06 4.68076e-08
0.00892608 1.31333e-06 4.67996e-08
0.0089267 1.3131e-06 4.67916e-08
0.00892732 1.31288e-06 4.67835e-08
0.00892794 1.31265e-06 4.67753e-08
0.00892856 1.31242e-06 4.67671e-08
0.00892918 1.31218e-06 4.67589e-08
0.0089298 1.31195e-06 4.67506e-08
0.00893043 1.31172e-06 4.67422e-08
0.00893105 1.31148e-06 4.67338e-08
0.00893167 1.31124e-06 4.67254e-08
0.00893229 1.311e-06 4.67168e-08
0.00893291 1.31076e-06 4.67083e-08
0.00893353 1.31052e-06 4.66997e-08
0.00893415 1.31028e-06 4.6691e-08
0.00893477 1.31003e-06 4.66823e-08
0.0089354 1.30978e-06 4.66735e-08
0.00893602 1.30954e-06 4.66647e-08
0.00893664 1.30929e-06 4.66558e-08
0.00893726 1.30903e-06 4.66469e-08
0.00893788 1.30878e-06 4.6638e-08
0.0089385 1.30853e-06 4.66289e-08
0.00893912 1.30827e-06 4.66199e-08
0.00893975 1.30802e-06 4.66107e-08
0.00894037 1.30776e-06 4.66016e-08
0.00894099 1.3075e-06 4.65923e-08
0.00894161 1.30724e-06 4.6583e-08
0.00894223 1.30697e-06 4.65737e-08
0.00894285 1.30671e-06 4.65643e-08
0.00894347 1.30644e-06 4.65549e-08
0.00894409 1.30618e-06 4.65454e-08
0.00894472 1.30591e-06 4.65359e-08
0.00894534 1.30564e-06 4.65263e-08
0.00894596 1.30537e-06 4.65167e-08
0.00894658 1.30509e-06 4.6507e-08
0.0089472 1.30482e-06 4.64972e-08
0.00894782 1.30454e-06 4.64874e-08
0.00894844 1.30426e-06 4.64776e-08
0.00894906 1.30399e-06 4.64677e-08
0.00894969 1.30371e-06 4.64578e-08
0.00895031 1.30342e-06 4.64478e-08
0.00895093 1.30314e-06 4.64377e-08
0.00895155 1.30286e-06 4.64276e-08
0.00895217 1.30257e-06 4.64175e-08
0.00895279 1.30228e-06 4.64073e-08
0.00895341 1.30199e-06 4.6397e-08
0.00895403 1.3017e-06 4.63867e-08
0.00895466 1.30141e-06 4.63764e-08
0.00895528 1.30112e-06 4.6366e-08
0.0089559 1.30082e-06 4.63555e-08
0.00895652 1.30053e-06 4.6345e-08
0.00895714 1.30023e-06 4.63345e-08
0.00895776 1.29993e-06 4.63239e-08
0.00895838 1.29963e-06 4.63132e-08
0.00895901 1.29933e-06 4.63025e-08
0.00895963 1.29903e-06 4.62918e-08
0.00896025 1.29872e-06 4.6281e-08
0.00896087 1.29841e-06 4.62701e-08
0.00896149 1.29811e-06 4.62592e-08
0.00896211 1.2978e-06 4.62483e-08
0.00896273 1.29749e-06 4.62372e-08
0.00896335 1.29718e-06 4.62262e-08
0.00896398 1.29686e-06 4.62151e-08
0.0089646 1.29655e-06 4.62039e-08
0.00896522 1.29623e-06 4.61927e-08
0.00896584 1.29591e-06 4.61815e-08
0.00896646 1.29559e-06 4.61702e-08
0.00896708 1.29527e-06 4.61588e-08
0.0089677 1.29495e-06 4.61474e-08
0.00896832 1.29463e-06 4.61359e-08
0.00896895 1.2943e-06 4.61244e-08
0.00896957 1.29398e-06 4.61129e-08
0.00897019 1.29365e-06 4.61012e-08
0.00897081 1.29332e-06 4.60896e-08
0.00897143 1.29299e-06 4.60779e-08
0.00897205 1.29266e-06 4.60661e-08
0.00897267 1.29232e-06 4.60543e-08
0.00897329 1.29199e-06 4.60424e-08
0.00897392 1.29165e-06 4.60305e-08
0.00897454 1.29132e-06 4.60186e-08
0.00897516 1.29098e-06 4.60066e-08
0.00897578 1.29064e-06 4.59945e-08
0.0089764 1.29029e-06 4.59824e-08
0.00897702 1.28995e-06 4.59702e-08
0.00897764 1.28961e-06 4.5958e-08
0.00897826 1.28926e-06 4.59458e-08
0.00897889 1.28891e-06 4.59335e-08
0.00897951 1.28856e-06 4.59211e-08
0.00898013 1.28821e-06 4.59087e-08
0.00898075 1.28786e-06 4.58962e-08
0.00898137 1.28751e-06 4.58837e-08
0.00898199 1.28715e-06 4.58712e-08
0.00898261 1.2868e-06 4.58586e-08
0.00898324 1.28644e-06 4.58459e-08
0.00898386 1.28608e-06 4.58332e-08
0.00898448 1.28572e-06 4.58205e-08
0.0089851 1.28536e-06 4.58077e-08
0.00898572 1.285e-06 4.57948e-08
0.00898634 1.28463e-06 4.57819e-08
0.00898696 1.28427e-06 4.57689e-08
0.00898758 1.2839e-06 4.57559e-08
0.00898821 1.28353e-06 4.57429e-08
0.00898883 1.28316e-06 4.57298e-08
0.00898945 1.28279e-06 4.57167e-08
0.00899007 1.28242e-06 4.57035e-08
0.00899069 1.28204e-06 4.56902e-08
0.00899131 1.28167e-06 4.56769e-08
0.00899193 1.28129e-06 4.56636e-08
0.00899255 1.28091e-06 4.56502e-08
0.00899318 1.28053e-06 4.56367e-08
0.0089938 1.28015e-06 4.56232e-08
0.00899442 1.27977e-06 4.56097e-08
0.00899504 1.27938e-06 4.55961e-08
0.00899566 1.279e-06 4.55825e-08
0.00899628 1.27861e-06 4.55688e-08
0.0089969 1.27822e-06 4.5555e-08
0.00899752 1.27783e-06 4.55413e-08
0.00899815 1.27744e-06 4.55274e-08
0.00899877 1.27705e-06 4.55135e-08
0.00899939 1.27666e-06 4.54996e-08
0.00900001 1.27626e-06 4.54856e-08
0.00900063 1.27586e-06 4.54716e-08
0.00900125 1.27547e-06 4.54575e-08
0.00900187 1.27507e-06 4.54434e-08
0.0090025 1.27467e-06 4.54292e-08
0.00900312 1.27426e-06 4.5415e-08
0.00900374 1.27386e-06 4.54007e-08
0.00900436 1.27346e-06 4.53864e-08
0.00900498 1.27305e-06 4.5372e-08
0.0090056 1.27264e-06 4.53576e-08
0.00900622 1.27223e-06 4.53431e-08
0.00900684 1.27182e-06 4.53286e-08
0.00900747 1.27141e-06 4.53141e-08
0.00900809 1.271e-06 4.52995e-08
0.00900871 1.27058e-06 4.52848e-08
0.00900933 1.27017e-06 4.52701e-08
0.00900995 1.26975e-06 4.52553e-08
0.00901057 1.26933e-06 4.52405e-08
0.00901119 1.26891e-06 4.52257e-08
0.00901181 1.26849e-06 4.52108e-08
0.00901244 1.26807e-06 4.51958e-08
0.00901306 1.26764e-06 4.51808e-08
0.00901368 1.26722e-06 4.51658e-08
0.0090143 1.26679e-06 4.51507e-08
0.00901492 1.26636e-06 4.51356e-08
0.00901554 1.26593e-06 4.51204e-08
0.00901616 1.2655e-06 4.51051e-08
0.00901678 1.26507e-06 4.50899e-08
0.00901741 1.26464e-06 4.50745e-08
0.00901803 1.2642e-06 4.50592e-08
0.00901865 1.26377e-06 4.50437e-08
0.00901927 1.26333e-06 4.50283e-08
0.00901989 1.26289e-06 4.50127e-08
0.00902051 1.26245e-06 4.49972e-08
0.00902113 1.26201e-06 4.49815e-08
0.00902176 1.26156e-06 4.49659e-08
0.00902238 1.26112e-06 4.49502e-08
0.009023 1.26067e-06 4.49344e-08
0.00902362 1.26023e-06 4.49186e-08
0.00902424 1.25978e-06 4.49027e-08
0.00902486 1.25933e-06 4.48868e-08
0.00902548 1.25888e-06 4.48709e-08
0.0090261 1.25843e-06 4.48549e-08
0.00902673 1.25797e-06 4.48389e-08
0.00902735 1.25752e-06 4.48228e-08
0.00902797 1.25706e-06 4.48066e-08
0.00902859 1.2566e-06 4.47904e-08
0.00902921 1.25614e-06 4.47742e-08
0.00902983 1.25568e-06 4.47579e-08
0.00903045 1.25522e-06 4.47416e-08
0.00903107 1.25476e-06 4.47252e-08
0.0090317 1.25429e-06 4.47088e-08
0.00903232 1.25383e-06 4.46923e-08
0.00903294 1.25336e-06 4.46758e-08
0.00903356 1.25289e-06 4.46593e-08
0.00903418 1.25242e-06 4.46427e-08
0.0090348 1.25195e-06 4.4626e-08
0.00903542 1.25148e-06 4.46093e-08
0.00903604 1.251e-06 4.45926e-08
0.00903667 1.25053e-06 4.45758e-08
0.00903729 1.25005e-06 4.45589e-08
0.00903791 1.24957e-06 4.4542e-08
0.00903853 1.24909e-06 4.45251e-08
0.00903915 1.24861e-06 4.45081e-08
0.00903977 1.24813e-06 4.44911e-08
0.00904039 1.24765e-06 4.4474e-08
0.00904102 1.24716e-06 4.44569e-08
0.00904164 1.24668e-06 4.44397e-08
0.00904226 1.24619e-06 4.44225e-08
0.00904288 1.2457e-06 4.44052e-08
0.0090435 1.24521e-06 4.43879e-08
0.00904412 1.24472e-06 4.43706e-08
0.00904474 1.24423e-06 4.43532e-08
0.00904536 1.24374e-06 4.43357e-08
0.00904599 1.24324e-06 4.43182e-08
0.00904661 1.24275e-06 4.43007e-08
0.00904723 1.24225e-06 4.42831e-08
0.00904785 1.24175e-06 4.42655e-08
0.00904847 1.24125e-06 4.42478e-08
0.00904909 1.24075e-06 4.42301e-08
0.00904971 1.24024e-06 4.42123e-08
0.00905033 1.23974e-06 4.41945e-08
0.00905096 1.23923e-06 4.41767e-08
0.00905158 1.23873e-06 4.41587e-08
0.0090522 1.23822e-06 4.41408e-08
0.00905282 1.23771e-06 4.41228e-08
0.00905344 1.2372e-06 4.41048e-08
0.00905406 1.23669e-06 4.40867e-08
0.00905468 1.23617e-06 4.40685e-08
0.0090553 1.23566e-06 4.40504e-08
0.00905593 1.23514e-06 4.40321e-08
0.00905655 1.23463e-06 4.40139e-08
0.00905717 1.23411e-06 4.39955e-08
0.00905779 1.23359e-06 4.39772e-08
0.00905841 1.23307e-06 4.39588e-08
0.00905903 1.23255e-06 4.39403e-08
0.00905965 1.23202e-06 4.39218e-08
0.00906028 1.2315e-06 4.39033e-08
0.0090609 1.23097e-06 4.38847e-08
0.00906152 1.23044e-06 4.38661e-08
0.00906214 1.22991e-06 4.38474e-08
0.00906276 1.22938e-06 4.38286e-08
0.00906338 1.22885e-06 4.38099e-08
0.009064 1.22832e-06 4.37911e-08
0.00906462 1.22779e-06 4.37722e-08
0.00906525 1.22725e-06 4.37533e-08
0.00906587 1.22672e-06 4.37344e-08
0.00906649 1.22618e-06 4.37154e-08
0.00906711 1.22564e-06 4.36963e-08
0.00906773 1.2251e-06 4.36772e-08
0.00906835 1.22456e-06 4.36581e-08
0.00906897 1.22401e-06 4.36389e-08
0.00906959 1.22347e-06 4.36197e-08
0.00907022 1.22292e-06 4.36005e-08
0.00907084 1.22238e-06 4.35811e-08
0.00907146 1.22183e-06 4.35618e-08
0.00907208 1.22128e-06 4.35424e-08
0.0090727 1.22073e-06 4.3523e-08
0.00907332 1.22018e-06 4.35035e-08
0.00907394 1.21963e-06 4.34839e-08
0.00907456 1.21907e-06 4.34644e-08
0.00907519 1.21852e-06 4.34447e-08
0.00907581 1.21796e-06 4.34251e-08
0.00907643 1.2174e-06 4.34054e-08
0.00907705 1.21684e-06 4.33856e-08
0.00907767 1.21628e-06 4.33658e-08
0.00907829 1.21572e-06 4.3346e-08
0.00907891 1.21516e-06 4.33261e-08
0.00907954 1.21459e-06 4.33062e-08
0.00908016 1.21403e-06 4.32862e-08
0.00908078 1.21346e-06 4.32662e-08
0.0090814 1.21289e-06 4.32461e-08
0.00908202 1.21232e-06 4.3226e-08
0.00908264 1.21175e-06 4.32059e-08
0.00908326 1.21118e-06 4.31857e-08
0.00908388 1.21061e-06 4.31654e-08
0.00908451 1.21003e-06 4.31452e-08
0.00908513 1.20946e-06 4.31248e-08
0.00908575 1.20888e-06 4.31045e-08
0.00908637 1.2083e-06 4.30841e-08
0.00908699 1.20772e-06 4.30636e-08
0.00908761 1.20714e-06 4.30431e-08
0.00908823 1.20656e-06 4.30226e-08
0.00908885 1.20598e-06 4.3002e-08
0.00908948 1.2054e-06 4.29814e-08
0.0090901 1.20481e-06 4.29607e-08
0.00909072 1.20422e-06 4.294e-08
0.00909134 1.20364e-06 4.29192e-08
0.00909196 1.20305e-06 4.28984e-08
0.00909258 1.20246e-06 4.28776e-08
0.0090932 1.20186e-06 4.28567e-08
0.00909382 1.20127e-06 4.28358e-08
0.00909445 1.20068e-06 4.28148e-08
0.00909507 1.20008e-06 4.27938e-08
0.00909569 1.19949e-06 4.27727e-08
0.00909631 1.19889e-06 4.27516e-08
0.00909693 1.19829e-06 4.27305e-08
0.00909755 1.19769e-06 4.27093e-08
0.00909817 1.19709e-06 4.2688e-08
0.0090988 1.19649e-06 4.26668e-08
0.00909942 1.19588e-06 4.26454e-08
0.00910004 1.19528e-06 4.26241e-08
0.00910066 1.19467e-06 4.26027e-08
0.00910128 1.19406e-06 4.25812e-08
0.0091019 1.19346e-06 4.25598e-08
0.00910252 1.19285e-06 4.25382e-08
0.00910314 1.19224e-06 4.25167e-08
0.00910377 1.19162e-06 4.2495e-08
0.00910439 1.19101e-06 4.24734e-08
0.00910501 1.1904e-06 4.24517e-08
0.00910563 1.18978e-06 4.24299e-08
0.00910625 1.18916e-06 4.24082e-08
0.00910687 1.18854e-06 4.23863e-08
0.00910749 1.18792e-06 4.23645e-08
0.00910811 1.1873e-06 4.23426e-08
0.00910874 1.18668e-06 4.23206e-08
0.00910936 1.18606e-06 4.22986e-08
0.00910998 1.18544e-06 4.22766e-08
0.0091106 1.18481e-06 4.22545e-08
0.00911122 1.18418e-06 4.22324e-08
0.00911184 1.18356e-06 4.22102e-08
0.00911246 1.18293e-06 4.2188e-08
0.00911308 1.1823e-06 4.21658e-08
0.00911371 1.18167e-06 4.21435e-08
0.00911433 1.18103e-06 4.21211e-08
0.00911495 1.1804e-06 4.20988e-08
0.00911557 1.17976e-06 4.20764e-08
0.00911619 1.17913e-06 4.20539e-08
0.00911681 1.17849e-06 4.20314e-08
0.00911743 1.17785e-06 4.20089e-08
0.00911806 1.17721e-06 4.19863e-08
0.00911868 1.17657e-06 4.19637e-08
0.0091193 1.17593e-06 4.1941e-08
0.00911992 1.17529e-06 4.19183e-08
0.00912054 1.17464e-06 4.18956e-08
0.00912116 1.174e-06 4.18728e-08
0.00912178 1.17335e-06 4.185e-08
0.0091224 1.1727e-06 4.18271e-08
0.00912303 1.17206e-06 4.18042e-08
0.00912365 1.17141e-06 4.17812e-08
0.00912427 1.17075e-06 4.17582e-08
0.00912489 1.1701e-06 4.17352e-08
0.00912551 1.16945e-06 4.17121e-08
0.00912613 1.16879e-06 4.1689e-08
0.00912675 1.16814e-06 4.16659e-08
0.00912737 1.16748e-06 4.16427e-08
0.009128 1.16682e-06 4.16194e-08
0.00912862 1.16616e-06 4.15962e-08
0.00912924 1.1655e-06 4.15728e-08
0.00912986 1.16484e-06 4.15495e-08
0.00913048 1.16418e-06 4.15261e-08
0.0091311 1.16352e-06 4.15027e-08
0.00913172 1.16285e-06 4.14792e-08
0.00913234 1.16218e-06 4.14557e-08
0.00913297 1.16152e-06 4.14321e-08
0.00913359 1.16085e-06 4.14085e-08
0.00913421 1.16018e-06 4.13849e-08
0.00913483 1.15951e-06 4.13612e-08
0.00913545 1.15884e-06 4.13375e-08
0.00913607 1.15816e-06 4.13137e-08
0.00913669 1.15749e-06 4.12899e-08
0.00913732 1.15681e-06 4.12661e-08
0.00913794 1.15614e-06 4.12422e-08
0.00913856 1.15546e-06 4.12183e-08
0.00913918 1.15478e-06 4.11943e-08
0.0091398 1.1541e-06 4.11703e-08
0.00914042 1.15342e-06 4.11463e-08
0.00914104 1.15274e-06 4.11222e-08
0.00914166 1.15205e-06 4.10981e-08
0.00914229 1.15137e-06 4.10739e-08
0.00914291 1.15068e-06 4.10497e-08
0.00914353 1.15e-06 4.10255e-08
0.00914415 1.14931e-06 4.10012e-08
0.00914477 1.14862e-06 4.09769e-08
0.00914539 1.14793e-06 4.09525e-08
0.00914601 1.14724e-06 4.09281e-08
0.00914663 1.14655e-06 4.09037e-08
0.00914726 1.14585e-06 4.08792e-08
0.00914788 1.14516e-06 4.08547e-08
0.0091485 1.14446e-06 4.08301e-08
0.00914912 1.14377e-06 4.08056e-08
0.00914974 1.14307e-06 4.07809e-08
0.00915036 1.14237e-06 4.07563e-08
0.00915098 1.14167e-06 4.07315e-08
0.0091516 1.14097e-06 4.07068e-08
0.00915223 1.14027e-06 4.0682e-08
0.00915285 1.13957e-06 4.06572e-08
0.00915347 1.13886e-06 4.06323e-08
0.00915409 1.13816e-06 4.06074e-08
0.00915471 1.13745e-06 4.05825e-08
0.00915533 1.13674e-06 4.05575e-08
0.00915595 1.13603e-06 4.05325e-08
0.00915658 1.13532e-06 4.05074e-08
0.0091572 1.13461e-06 4.04823e-08
0.00915782 1.1339e-06 4.04572e-08
0.00915844 1.13319e-06 4.0432e-08
0.00915906 1.13248e-06 4.04068e-08
0.00915968 1.13176e-06 4.03816e-08
0.0091603 1.13105e-06 4.03563e-08
0.00916092 1.13033e-06 4.0331e-08
0.00916155 1.12961e-06 4.03056e-08
0.00916217 1.1289e-06 4.02802e-08
0.00916279 1.12818e-06 4.02547e-08
0.00916341 1.12746e-06 4.02293e-08
0.00916403 1.12673e-06 4.02038e-08
0.00916465 1.12601e-06 4.01782e-08
0.00916527 1.12529e-06 4.01526e-08
0.00916589 1.12456e-06 4.0127e-08
0.00916652 1.12384e-06 4.01013e-08
0.00916714 1.12311e-06 4.00756e-08
0.00916776 1.12238e-06 4.00499e-08
0.00916838 1.12165e-06 4.00241e-08
0.009169 1.12092e-06 3.99983e-08
0.00916962 1.12019e-06 3.99724e-08
0.00917024 1.11946e-06 3.99465e-08
0.00917086 1.11873e-06 3.99206e-08
0.00917149 1.11799e-06 3.98946e-08
0.00917211 1.11726e-06 3.98686e-08
0.00917273 1.11652e-06 3.98426e-08
0.00917335 1.11578e-06 3.98165e-08
0.00917397 1.11504e-06 3.97904e-08
0.00917459 1.1143e-06 3.97642e-08
0.00917521 1.11356e-06 3.9738e-08
0.00917584 1.11282e-06 3.97118e-08
0.00917646 1.11208e-06 3.96855e-08
0.00917708 1.11133e-06 3.96592e-08
0.0091777 1.11059e-06 3.96329e-08
0.00917832 1.10984e-06 3.96065e-08
0.00917894 1.1091e-06 3.95801e-08
0.00917956 1.10835e-06 3.95537e-08
0.00918018 1.1076e-06 3.95272e-08
0.00918081 1.10685e-06 3.95007e-08
0.00918143 1.1061e-06 3.94741e-08
0.00918205 1.10534e-06 3.94475e-08
0.00918267 1.10459e-06 3.94209e-08
0.00918329 1.10384e-06 3.93942e-08
0.00918391 1.10308e-06 3.93675e-08
0.00918453 1.10232e-06 3.93407e-08
0.00918515 1.10157e-06 3.9314e-08
0.00918578 1.10081e-06 3.92872e-08
0.0091864 1.10005e-06 3.92603e-08
0.00918702 1.09929e-06 3.92334e-08
0.00918764 1.09853e-06 3.92065e-08
0.00918826 1.09776e-06 3.91795e-08
0.00918888 1.097e-06 3.91525e-08
0.0091895 1.09623e-06 3.91255e-08
0.00919012 1.09547e-06 3.90985e-08
0.00919075 1.0947e-06 3.90713e-08
0.00919137 1.09393e-06 3.90442e-08
0.00919199 1.09317e-06 3.9017e-08
0.00919261 1.0924e-06 3.89898e-08
0.00919323 1.09162e-06 3.89626e-08
0.00919385 1.09085e-06 3.89353e-08
0.00919447 1.09008e-06 3.8908e-08
0.0091951 1.08931e-06 3.88806e-08
0.00919572 1.08853e-06 3.88532e-08
0.00919634 1.08776e-06 3.88258e-08
0.00919696 1.08698e-06 3.87984e-08
0.00919758 1.0862e-06 3.87709e-08
0.0091982 1.08542e-06 3.87433e-08
0.00919882 1.08464e-06 3.87158e-08
0.00919944 1.08386e-06 3.86882e-08
0.00920007 1.08308e-06 3.86606e-08
0.00920069 1.0823e-06 3.86329e-08
0.00920131 1.08151e-06 3.86052e-08
0.00920193 1.08073e-06 3.85774e-08
0.00920255 1.07994e-06 3.85497e-08
0.00920317 1.07915e-06 3.85219e-08
0.00920379 1.07837e-06 3.8494e-08
0.00920441 1.07758e-06 3.84661e-08
0.00920504 1.07679e-06 3.84382e-08
0.00920566 1.076e-06 3.84103e-08
0.00920628 1.0752e-06 3.83823e-08
0.0092069 1.07441e-06 3.83543e-08
0.00920752 1.07362e-06 3.83262e-08
0.00920814 1.07282e-06 3.82981e-08
0.00920876 1.07203e-06 3.827e-08
0.00920938 1.07123e-06 3.82419e-08
0.00921001 1.07043e-06 3.82137e-08
0.00921063 1.06963e-06 3.81855e-08
0.00921125 1.06883e-06 3.81572e-08
0.00921187 1.06803e-06 3.81289e-08
0.00921249 1.06723e-06 3.81006e-08
0.00921311 1.06643e-06 3.80722e-08
0.00921373 1.06563e-06 3.80438e-08
0.00921436 1.06482e-06 3.80154e-08
0.00921498 1.06402e-06 3.7987e-08
0.0092156 1.06321e-06 3.79585e-08
0.00921622 1.0624e-06 3.79299e-08
0.00921684 1.06159e-06 3.79014e-08
0.00921746 1.06078e-06 3.78728e-08
0.00921808 1.05997e-06 3.78442e-08
0.0092187 1.05916e-06 3.78155e-08
0.00921933 1.05835e-06 3.77868e-08
0.00921995 1.05754e-06 3.77581e-08
0.00922057 1.05672e-06 3.77294e-08
0.00922119 1.05591e-06 3.77007e-08
0.00922181 1.05509e-06 3.76719e-08
0.00922243 1.05428e-06 3.76431e-08
0.00922305 1.05346e-06 3.76143e-08
0.00922367 1.05264e-06 3.75854e-08
0.0092243 1.05182e-06 3.75566e-08
0.00922492 1.051e-06 3.75276e-08
0.00922554 1.05018e-06 3.74987e-08
0.00922616 1.04935e-06 3.74697e-08
0.00922678 1.04853e-06 3.74407e-08
0.0092274 1.04771e-06 3.74116e-08
0.00922802 1.04688e-06 3.73826e-08
0.00922864 1.04605e-06 3.73534e-08
0.00922927 1.04523e-06 3.73243e-08
0.00922989 1.0444e-06 3.72951e-08
0.00923051 1.04357e-06 3.72659e-08
0.00923113 1.04274e-06 3.72367e-08
0.00923175 1.04191e-06 3.72074e-08
0.00923237 1.04108e-06 3.71781e-08
0.00923299 1.04024e-06 3.71487e-08
0.00923362 1.03941e-06 3.71194e-08
0.00923424 1.03858e-06 3.709e-08
0.00923486 1.03774e-06 3.70605e-08
0.00923548 1.0369e-06 3.7031e-08
0.0092361 1.03607e-06 3.70015e-08
0.00923672 1.03523e-06 3.6972e-08
0.00923734 1.03439e-06 3.69424e-08
0.00923796 1.03355e-06 3.69128e-08
0.00923859 1.03271e-06 3.68832e-08
0.00923921 1.03187e-06 3.68536e-08
0.00923983 1.03102e-06 3.68239e-08
0.00924045 1.03018e-06 3.67941e-08
0.00924107 1.02934e-06 3.67644e-08
0.00924169 1.02849e-06 3.67346e-08
0.00924231 1.02764e-06 3.67048e-08
0.00924293 1.0268e-06 3.66749e-08
0.00924356 1.02595e-06 3.6645e-08
0.00924418 1.0251e-06 3.66151e-08
0.0092448 1.02425e-06 3.65852e-08
0.00924542 1.0234e-06 3.65552e-08
0.00924604 1.02255e-06 3.65252e-08
0.00924666 1.02169e-06 3.64951e-08
0.00924728 1.02084e-06 3.64651e-08
0.0092479 1.01999e-06 3.6435e-08
0.00924853 1.01913e-06 3.64048e-08
0.00924915 1.01828e-06 3.63747e-08
0.00924977 1.01742e-06 3.63445e-08
0.00925039 1.01656e-06 3.63143e-08
0.00925101 1.0157e-06 3.6284e-08
0.00925163 1.01484e-06 3.62537e-08
0.00925225 1.01398e-06 3.62234e-08
0.00925288 1.01312e-06 3.6193e-08
0.0092535 1.01226e-06 3.61627e-08
0.00925412 1.0114e-06 3.61323e-08
0.00925474 1.01053e-06 3.61018e-08
0.00925536 1.00967e-06 3.60713e-08
0.00925598 1.0088e-06 3.60408e-08
0.0092566 1.00793e-06 3.60103e-08
0.00925722 1.00707e-06 3.59797e-08
0.00925785 1.0062e-06 3.59492e-08
0.00925847 1.00533e-06 3.59185e-08
0.00925909 1.00446e-06 3.58879e-08
0.00925971 1.00359e-06 3.58572e-08
0.00926033 1.00272e-06 3.58265e-08
0.00926095 1.00184e-06 3.57957e-08
0.00926157 1.00097e-06 3.5765e-08
0.00926219 1.0001e-06 3.57342e-08
0.00926282 9.99222e-07 3.57033e-08
0.00926344 9.98346e-07 3.56725e-08
0.00926406 9.97469e-07 3.56416e-08
0.00926468 9.96591e-07 3.56107e-08
0.0092653 9.95713e-07 3.55797e-08
0.00926592 9.94834e-07 3.55487e-08
0.00926654 9.93953e-07 3.55177e-08
0.00926716 9.93073e-07 3.54867e-08
0.00926779 9.92191e-07 3.54556e-08
0.00926841 9.91308e-07 3.54245e-08
0.00926903 9.90425e-07 3.53934e-08
0.00926965 9.8954e-07 3.53622e-08
0.00927027 9.88655e-07 3.53311e-08
0.00927089 9.87769e-07 3.52998e-08
0.00927151 9.86883e-07 3.52686e-08
0.00927214 9.85995e-07 3.52373e-08
0.00927276 9.85107e-07 3.5206e-08
0.00927338 9.84217e-07 3.51747e-08
0.009274 9.83327e-07 3.51433e-08
0.00927462 9.82437e-07 3.51119e-08
0.00927524 9.81545e-07 3.50805e-08
0.00927586 9.80652e-07 3.50491e-08
0.00927648 9.79759e-07 3.50176e-08
0.00927711 9.78865e-07 3.49861e-08
0.00927773 9.7797e-07 3.49546e-08
0.00927835 9.77075e-07 3.4923e-08
0.00927897 9.76178e-07 3.48914e-08
0.00927959 9.75281e-07 3.48598e-08
0.00928021 9.74383e-07 3.48282e-08
0.00928083 9.73484e-07 3.47965e-08
0.00928145 9.72584e-07 3.47648e-08
0.00928208 9.71683e-07 3.47331e-08
0.0092827 9.70782e-07 3.47013e-08
0.00928332 9.6988e-07 3.46695e-08
0.00928394 9.68977e-07 3.46377e-08
0.00928456 9.68073e-07 3.46059e-08
0.00928518 9.67169e-07 3.4574e-08
0.0092858 9.66264e-07 3.45421e-08
0.00928642 9.65358e-07 3.45102e-08
0.00928705 9.64451e-07 3.44782e-08
0.00928767 9.63543e-07 3.44463e-08
0.00928829 9.62635e-07 3.44142e-08
0.00928891 9.61726e-07 3.43822e-08
0.00928953 9.60816e-07 3.43502e-08
0.00929015 9.59905e-07 3.43181e-08
0.00929077 9.58994e-07 3.42859e-08
0.0092914 9.58081e-07 3.42538e-08
0.00929202 9.57168e-07 3.42216e-08
0.00929264 9.56254e-07 3.41894e-08
0.00929326 9.5534e-07 3.41572e-08
0.00929388 9.54424e-07 3.4125e-08
0.0092945 9.53508e-07 3.40927e-08
0.00929512 9.52591e-07 3.40604e-08
0.00929574 9.51674e-07 3.4028e-08
0.00929637 9.50894e-07 3.39957e-08
0.00929699 9.50137e-07 3.39633e-08
0.00929761 9.49379e-07 3.39309e-08
0.00929823 9.4862e-07 3.38984e-08
0.00929885 9.47861e-07 3.3866e-08
0.00929947 9.471e-07 3.38335e-08
0.00930009 9.46339e-07 3.38009e-08
0.00930071 9.45577e-07 3.37684e-08
0.00930134 9.44814e-07 3.37358e-08
0.00930196 9.4405e-07 3.37032e-08
0.00930258 9.43286e-07 3.36706e-08
0.0093032 9.4252e-07 3.36379e-08
0.00930382 9.41754e-07 3.36053e-08
0.00930444 9.40987e-07 3.35726e-08
0.00930506 9.40219e-07 3.35398e-08
0.00930568 9.3945e-07 3.35071e-08
0.00930631 9.3868e-07 3.34743e-08
0.00930693 9.37909e-07 3.34415e-08
0.00930755 9.37138e-07 3.34086e-08
0.00930817 9.36366e-07 3.33758e-08
0.00930879 9.35593e-07 3.33429e-08
0.00930941 9.34819e-07 3.331e-08
0.00931003 9.34044e-07 3.3277e-08
0.00931066 9.33268e-07 3.32441e-08
0.00931128 9.32491e-07 3.32111e-08
0.0093119 9.31714e-07 3.31781e-08
0.00931252 9.30936e-07 3.3145e-08
0.00931314 9.30157e-07 3.3112e-08
0.00931376 9.29377e-07 3.30789e-08
0.00931438 9.28596e-07 3.30457e-08
0.009315 9.27815e-07 3.30126e-08
0.00931563 9.27032e-07 3.29794e-08
0.00931625 9.26249e-07 3.29462e-08
0.00931687 9.25465e-07 3.2913e-08
0.00931749 9.2468e-07 3.28798e-08
0.00931811 9.23894e-07 3.28465e-08
0.00931873 9.23107e-07 3.28132e-08
0.00931935 9.2232e-07 3.27799e-08
0.00931997 9.21531e-07 3.27466e-08
0.0093206 9.20742e-07 3.27132e-08
0.00932122 9.19952e-07 3.26798e-08
0.00932184 9.19161e-07 3.26464e-08
0.00932246 9.18369e-07 3.26129e-08
0.00932308 9.17577e-07 3.25795e-08
0.0093237 9.16783e-07 3.2546e-08
0.00932432 9.15989e-07 3.25125e-08
0.00932494 9.15194e-07 3.24789e-08
0.00932557 9.14398e-07 3.24454e-08
0.00932619 9.13601e-07 3.24118e-08
0.00932681 9.12804e-07 3.23782e-08
0.00932743 9.12005e-07 3.23445e-08
0.00932805 9.11206e-07 3.23109e-08
0.00932867 9.10406e-07 3.22772e-08
0.00932929 9.09605e-07 3.22435e-08
0.00932992 9.08803e-07 3.22097e-08
0.00933054 9.08e-07 3.2176e-08
0.00933116 9.07197e-07 3.21422e-08
0.00933178 9.06393e-07 3.21084e-08
0.0093324 9.05588e-07 3.20746e-08
0.00933302 9.04782e-07 3.20407e-08
0.00933364 9.03975e-07 3.20068e-08
0.00933426 9.03167e-07 3.19729e-08
0.00933489 9.02359e-07 3.1939e-08
0.00933551 9.01549e-07 3.19051e-08
0.00933613 9.00739e-07 3.18711e-08
0.00933675 8.99928e-07 3.18371e-08
0.00933737 8.99116e-07 3.18031e-08
0.00933799 8.98304e-07 3.17691e-08
0.00933861 8.9749e-07 3.1735e-08
0.00933923 8.96676e-07 3.17009e-08
0.00933986 8.95861e-07 3.16668e-08
0.00934048 8.95045e-07 3.16327e-08
0.0093411 8.94228e-07 3.15985e-08
0.00934172 8.93411e-07 3.15643e-08
0.00934234 8.92592e-07 3.15301e-08
0.00934296 8.91773e-07 3.14959e-08
0.00934358 8.90953e-07 3.14617e-08
0.0093442 8.90132e-07 3.14274e-08
0.00934483 8.8931e-07 3.13931e-08
0.00934545 8.88487e-07 3.13588e-08
0.00934607 8.87664e-07 3.13244e-08
0.00934669 8.8684e-07 3.12901e-08
0.00934731 8.86015e-07 3.12557e-08
0.00934793 8.85189e-07 3.12213e-08
0.00934855 8.84362e-07 3.11869e-08
0.00934918 8.83535e-07 3.11524e-08
0.0093498 8.82706e-07 3.1118e-08
0.00935042 8.81877e-07 3.10835e-08
0.00935104 8.81047e-07 3.10489e-08
0.00935166 8.80216e-07 3.10144e-08
0.00935228 8.79385e-07 3.09798e-08
0.0093529 8.78552e-07 3.09453e-08
0.00935352 8.77719e-07 3.09107e-08
0.00935415 8.76885e-07 3.0876e-08
0.00935477 8.7605e-07 3.08414e-08
0.00935539 8.75214e-07 3.08067e-08
0.00935601 8.74378e-07 3.0772e-08
0.00935663 8.7354e-07 3.07373e-08
0.00935725 8.72702e-07 3.07026e-08
0.00935787 8.71863e-07 3.06678e-08
0.00935849 8.71023e-07 3.0633e-08
0.00935912 8.70183e-07 3.05982e-08
0.00935974 8.69341e-07 3.05634e-08
0.00936036 8.68499e-07 3.05286e-08
0.00936098 8.67656e-07 3.04937e-08
0.0093616 8.66812e-07 3.04588e-08
0.00936222 8.65967e-07 3.04239e-08
0.00936284 8.65122e-07 3.0389e-08
0.00936346 8.64275e-07 3.03541e-08
0.00936409 8.63428e-07 3.03191e-08
0.00936471 8.6258e-07 3.02841e-08
0.00936533 8.61732e-07 3.02491e-08
0.00936595 8.60882e-07 3.02141e-08
0.00936657 8.60032e-07 3.0179e-08
0.00936719 8.5918e-07 3.01439e-08
0.00936781 8.58328e-07 3.01088e-08
0.00936844 8.57476e-07 3.00737e-08
0.00936906 8.56622e-07 3.00386e-08
0.00936968 8.55768e-07 3.00034e-08
0.0093703 8.54912e-07 2.99683e-08
0.00937092 8.54056e-07 2.99331e-08
0.00937154 8.532e-07 2.98979e-08
0.00937216 8.52342e-07 2.98626e-08
0.00937278 8.51483e-07 2.98274e-08
0.00937341 8.50624e-07 2.97921e-08
0.00937403 8.49764e-07 2.97568e-08
0.00937465 8.48903e-07 2.97215e-08
0.00937527 8.48042e-07 2.96861e-08
0.00937589 8.47179e-07 2.96508e-08
0.00937651 8.46316e-07 2.96154e-08
0.00937713 8.45452e-07 2.958e-08
0.00937775 8.44587e-07 2.95446e-08
0.00937838 8.43721e-07 2.95092e-08
0.009379 8.42855e-07 2.94737e-08
0.00937962 8.41988e-07 2.94382e-08
0.00938024 8.41119e-07 2.94027e-08
0.00938086 8.40251e-07 2.93672e-08
0.00938148 8.39381e-07 2.93317e-08
0.0093821 8.3851e-07 2.92961e-08
0.00938272 8.37639e-07 2.92605e-08
0.00938335 8.36767e-07 2.9225e-08
0.00938397 8.35894e-07 2.91893e-08
0.00938459 8.35021e-07 2.91537e-08
0.00938521 8.34146e-07 2.91181e-08
0.00938583 8.33271e-07 2.90824e-08
0.00938645 8.32395e-07 2.90467e-08
0.00938707 8.31518e-07 2.9011e-08
0.0093877 8.30641e-07 2.89753e-08
0.00938832 8.29766e-07 2.89395e-08
0.00938894 8.28893e-07 2.89038e-08
0.00938956 8.2802e-07 2.8868e-08
0.00939018 8.27145e-07 2.88322e-08
0.0093908 8.2627e-07 2.87963e-08
0.00939142 8.25394e-07 2.87605e-08
0.00939204 8.24517e-07 2.87246e-08
0.00939267 8.2364e-07 2.86888e-08
0.00939329 8.22761e-07 2.86529e-08
0.00939391 8.21882e-07 2.8617e-08
0.00939453 8.21002e-07 2.8581e-08
0.00939515 8.20122e-07 2.85451e-08
0.00939577 8.1924e-07 2.85091e-08
0.00939639 8.18358e-07 2.84731e-08
0.00939701 8.17475e-07 2.84371e-08
0.00939764 8.16591e-07 2.84011e-08
0.00939826 8.15706e-07 2.83651e-08
0.00939888 8.14821e-07 2.8329e-08
0.0093995 8.13935e-07 2.82929e-08
0.00940012 8.13048e-07 2.82568e-08
0.00940074 8.1216e-07 2.82207e-08
0.00940136 8.11271e-07 2.81846e-08
0.00940198 8.10382e-07 2.81484e-08
0.00940261 8.09492e-07 2.81123e-08
0.00940323 8.08601e-07 2.80761e-08
0.00940385 8.07709e-07 2.80399e-08
0.00940447 8.06817e-07 2.80037e-08
0.00940509 8.05924e-07 2.79674e-08
0.00940571 8.0503e-07 2.79312e-08
0.00940633 8.04135e-07 2.78949e-08
0.00940696 8.03239e-07 2.78586e-08
0.00940758 8.02343e-07 2.78223e-08
0.0094082 8.01446e-07 2.7786e-08
0.00940882 8.00548e-07 2.77496e-08
0.00940944 7.99649e-07 2.77133e-08
0.00941006 7.9875e-07 2.76769e-08
0.00941068 7.97849e-07 2.76405e-08
0.0094113 7.96948e-07 2.76041e-08
0.00941193 7.96047e-07 2.75677e-08
0.00941255 7.95144e-07 2.75312e-08
0.00941317 7.94241e-07 2.74948e-08
0.00941379 7.93337e-07 2.74583e-08
0.00941441 7.92432e-07 2.74218e-08
0.00941503 7.91526e-07 2.73853e-08
0.00941565 7.9062e-07 2.73488e-08
0.00941627 7.89713e-07 2.73122e-08
0.0094169 7.88805e-07 2.72757e-08
0.00941752 7.87944e-07 2.72391e-08
0.00941814 7.87082e-07 2.72025e-08
0.00941876 7.86221e-07 2.71659e-08
0.00941938 7.85358e-07 2.71293e-08
0.00942 7.84495e-07 2.70926e-08
0.00942062 7.83631e-07 2.7056e-08
0.00942124 7.82766e-07 2.70193e-08
0.00942187 7.81901e-07 2.69826e-08
0.00942249 7.81035e-07 2.69459e-08
0.00942311 7.80168e-07 2.69092e-08
0.00942373 7.793e-07 2.68724e-08
0.00942435 7.78432e-07 2.68357e-08
0.00942497 7.77563e-07 2.67989e-08
0.00942559 7.76693e-07 2.67621e-08
0.00942622 7.75822e-07 2.67253e-08
0.00942684 7.74951e-07 2.66885e-08
0.00942746 7.74079e-07 2.66517e-08
0.00942808 7.73206e-07 2.66148e-08
0.0094287 7.72333e-07 2.6578e-08
0.00942932 7.71459e-07 2.65411e-08
0.00942994 7.70584e-07 2.65042e-08
0.00943056 7.69708e-07 2.64673e-08
0.00943119 7.68832e-07 2.64303e-08
0.00943181 7.67955e-07 2.63934e-08
0.00943243 7.67077e-07 2.63564e-08
0.00943305 7.66199e-07 2.63195e-08
0.00943367 7.65319e-07 2.62825e-08
0.00943429 7.6444e-07 2.62455e-08
0.00943491 7.63559e-07 2.62085e-08
0.00943553 7.62678e-07 2.61714e-08
0.00943616 7.61795e-07 2.61344e-08
0.00943678 7.60913e-07 2.60973e-08
0.0094374 7.60029e-07 2.60603e-08
0.00943802 7.59145e-07 2.60232e-08
0.00943864 7.5826e-07 2.59861e-08
0.00943926 7.57374e-07 2.59489e-08
0.00943988 7.56488e-07 2.59118e-08
0.0094405 7.55601e-07 2.58747e-08
0.00944113 7.54713e-07 2.58375e-08
0.00944175 7.53825e-07 2.58003e-08
0.00944237 7.52936e-07 2.57631e-08
0.00944299 7.52046e-07 2.57259e-08
0.00944361 7.51155e-07 2.56887e-08
0.00944423 7.50264e-07 2.56515e-08
0.00944485 7.49372e-07 2.56142e-08
0.00944548 7.48479e-07 2.55769e-08
0.0094461 7.47586e-07 2.55397e-08
0.00944672 7.46692e-07 2.55024e-08
0.00944734 7.45797e-07 2.54651e-08
0.00944796 7.44901e-07 2.54278e-08
0.00944858 7.44005e-07 2.53904e-08
0.0094492 7.43108e-07 2.53531e-08
0.00944982 7.42211e-07 2.53157e-08
0.00945045 7.41312e-07 2.52783e-08
0.00945107 7.40413e-07 2.52409e-08
0.00945169 7.39514e-07 2.52035e-08
0.00945231 7.38613e-07 2.51661e-08
0.00945293 7.37712e-07 2.51287e-08
0.00945355 7.3681e-07 2.50913e-08
0.00945417 7.35908e-07 2.50538e-08
0.00945479 7.35005e-07 2.50163e-08
0.00945542 7.34101e-07 2.49788e-08
0.00945604 7.33196e-07 2.49413e-08
0.00945666 7.32291e-07 2.49038e-08
0.00945728 7.31385e-07 2.48663e-08
0.0094579 7.30478e-07 2.48288e-08
0.00945852 7.29571e-07 2.47912e-08
0.00945914 7.28663e-07 2.47537e-08
0.00945976 7.27754e-07 2.47161e-08
0.00946039 7.26845e-07 2.46785e-08
0.00946101 7.25935e-07 2.46409e-08
0.00946163 7.25024e-07 2.46033e-08
0.00946225 7.24113e-07 2.45657e-08
0.00946287 7.23201e-07 2.4528e-08
0.00946349 7.22288e-07 2.44904e-08
0.00946411 7.21374e-07 2.44527e-08
0.00946474 7.2046e-07 2.4415e-08
0.00946536 7.19545e-07 2.43773e-08
0.00946598 7.1863e-07 2.43396e-08
0.0094666 7.17713e-07 2.43019e-08
0.00946722 7.16797e-07 2.42642e-08
0.00946784 7.15879e-07 2.42264e-08
0.00946846 7.14961e-07 2.41887e-08
0.00946908 7.14042e-07 2.41509e-08
0.00946971 7.13122e-07 2.41131e-08
0.00947033 7.12202e-07 2.40754e-08
0.00947095 7.11281e-07 2.40376e-08
0.00947157 7.10359e-07 2.39997e-08
0.00947219 7.09437e-07 2.39619e-08
0.00947281 7.08514e-07 2.39241e-08
0.00947343 7.07591e-07 2.38862e-08
0.00947405 7.06666e-07 2.38484e-08
0.00947468 7.05741e-07 2.38105e-08
0.0094753 7.04816e-07 2.37726e-08
0.00947592 7.03889e-07 2.37347e-08
0.00947654 7.02962e-07 2.36968e-08
0.00947716 7.02035e-07 2.36589e-08
0.00947778 7.01106e-07 2.36209e-08
0.0094784 7.00177e-07 2.3583e-08
0.00947902 6.99248e-07 2.3545e-08
0.00947965 6.98317e-07 2.35071e-08
0.00948027 6.97387e-07 2.34691e-08
0.00948089 6.96455e-07 2.34311e-08
0.00948151 6.95523e-07 2.33931e-08
0.00948213 6.9459e-07 2.33551e-08
0.00948275 6.93656e-07 2.33171e-08
0.00948337 6.92722e-07 2.3279e-08
0.009484 6.91787e-07 2.3241e-08
0.00948462 6.90851e-07 2.32029e-08
0.00948524 6.89915e-07 2.31649e-08
0.00948586 6.88978e-07 2.31268e-08
0.00948648 6.88041e-07 2.30887e-08
0.0094871 6.87103e-07 2.30506e-08
0.00948772 6.86164e-07 2.30125e-08
0.00948834 6.85274e-07 2.29744e-08
0.00948897 6.84397e-07 2.29362e-08
0.00948959 6.83519e-07 2.28981e-08
0.00949021 6.8264e-07 2.286e-08
0.00949083 6.81761e-07 2.28218e-08
0.00949145 6.80881e-07 2.27836e-08
0.00949207 6.80001e-07 2.27454e-08
0.00949269 6.7912e-07 2.27072e-08
0.00949331 6.78239e-07 2.2669e-08
0.00949394 6.77356e-07 2.26308e-08
0.00949456 6.76474e-07 2.25926e-08
0.00949518 6.7559e-07 2.25543e-08
0.0094958 6.74706e-07 2.25161e-08
0.00949642 6.73821e-07 2.24778e-08
0.00949704 6.72936e-07 2.24396e-08
0.00949766 6.7205e-07 2.24013e-08
0.00949828 6.71164e-07 2.2363e-08
0.00949891 6.70277e-07 2.23247e-08
0.00949953 6.69389e-07 2.22864e-08
0.00950015 6.685e-07 2.22481e-08
0.00950077 6.67612e-07 2.22098e-08
0.00950139 6.66722e-07 2.21714e-08
0.00950201 6.65832e-07 2.21331e-08
0.00950263 6.64941e-07 2.20947e-08
0.00950326 6.6405e-07 2.20564e-08
0.00950388 6.63158e-07 2.2018e-08
0.0095045 6.62265e-07 2.19796e-08
0.00950512 6.61372e-07 2.19412e-08
0.00950574 6.60478e-07 2.19028e-08
0.00950636 6.59584e-07 2.18644e-08
0.00950698 6.58689e-07 2.1826e-08
0.0095076 6.57793e-07 2.17875e-08
0.00950823 6.56897e-07 2.17491e-08
0.00950885 6.56e-07 2.17106e-08
0.00950947 6.55103e-07 2.16722e-08
0.00951009 6.54205e-07 2.16337e-08
0.00951071 6.53306e-07 2.15952e-08
0.00951133 6.52407e-07 2.15567e-08
0.00951195 6.51507e-07 2.15182e-08
0.00951257 6.50607e-07 2.14797e-08
0.0095132 6.49706e-07 2.14412e-08
0.00951382 6.48804e-07 2.14027e-08
0.00951444 6.47902e-07 2.13642e-08
0.00951506 6.46999e-07 2.13256e-08
0.00951568 6.46096e-07 2.12871e-08
0.0095163 6.45192e-07 2.12485e-08
0.00951692 6.44288e-07 2.121e-08
0.00951754 6.43382e-07 2.11714e-08
0.00951817 6.42477e-07 2.11328e-08
0.00951879 6.41571e-07 2.10942e-08
0.00951941 6.40664e-07 2.10556e-08
0.00952003 6.39756e-07 2.1017e-08
0.00952065 6.38851e-07 2.09784e-08
0.00952127 6.38038e-07 2.09397e-08
0.00952189 6.37225e-07 2.09011e-08
0.00952252 6.36412e-07 2.08625e-08
0.00952314 6.35597e-07 2.08238e-08
0.00952376 6.34783e-07 2.07852e-08
0.00952438 6.33968e-07 2.07465e-08
0.009525 6.33152e-07 2.07078e-08
0.00952562 6.32336e-07 2.06691e-08
0.00952624 6.31519e-07 2.06304e-08
0.00952686 6.30702e-07 2.05917e-08
0.00952749 6.29884e-07 2.0553e-08
0.00952811 6.29065e-07 2.05143e-08
0.00952873 6.28246e-07 2.04756e-08
0.00952935 6.27427e-07 2.04369e-08
0.00952997 6.26607e-07 2.03981e-08
0.00953059 6.25786e-07 2.03594e-08
0.00953121 6.24965e-07 2.03206e-08
0.00953183 6.24144e-07 2.02819e-08
0.00953246 6.23321e-07 2.02431e-08
0.00953308 6.22499e-07 2.02043e-08
0.0095337 6.21676e-07 2.01656e-08
0.00953432 6.20852e-07 2.01268e-08
0.00953494 6.20028e-07 2.0088e-08
0.00953556 6.19203e-07 2.00492e-08
0.00953618 6.18377e-07 2.00104e-08
0.0095368 6.17552e-07 1.99715e-08
0.00953743 6.16725e-07 1.99327e-08
0.00953805 6.15898e-07 1.98939e-08
0.00953867 6.15071e-07 1.9855e-08
0.00953929 6.14243e-07 1.98162e-08
0.00953991 6.13415e-07 1.97773e-08
0.00954053 6.12586e-07 1.97385e-08
0.00954115 6.11756e-07 1.96996e-08
0.00954178 6.10926e-07 1.96607e-08
0.0095424 6.10096e-07 1.96218e-08
0.00954302 6.09265e-07 1.9583e-08
0.00954364 6.08433e-07 1.95441e-08
0.00954426 6.07601e-07 1.95052e-08
0.00954488 6.06768e-07 1.94662e-08
0.0095455 6.05935e-07 1.94273e-08
0.00954612 6.05102e-07 1.93884e-08
0.00954675 6.04267e-07 1.93495e-08
0.00954737 6.03433e-07 1.93105e-08
0.00954799 6.02598e-07 1.92716e-08
0.00954861 6.01762e-07 1.92327e-08
0.00954923 6.00926e-07 1.91937e-08
0.00954985 6.00089e-07 1.91547e-08
0.00955047 5.99252e-07 1.91158e-08
0.00955109 5.98414e-07 1.90768e-08
0.00955172 5.97576e-07 1.90378e-08
0.00955234 5.96737e-07 1.89988e-08
0.00955296 5.95898e-07 1.89598e-08
0.00955358 5.95059e-07 1.89208e-08
0.0095542 5.94218e-07 1.88818e-08
0.00955482 5.93378e-07 1.88428e-08
0.00955544 5.92536e-07 1.88038e-08
0.00955606 5.91695e-07 1.87648e-08
0.00955669 5.90853e-07 1.87258e-08
0.00955731 5.9001e-07 1.86867e-08
0.00955793 5.89167e-07 1.86477e-08
0.00955855 5.88323e-07 1.86087e-08
0.00955917 5.87479e-07 1.85696e-08
0.00955979 5.86634e-07 1.85306e-08
0.00956041 5.85789e-07 1.84915e-08
0.00956104 5.84943e-07 1.84524e-08
0.00956166 5.84097e-07 1.84134e-08
0.00956228 5.8325e-07 1.83743e-08
0.0095629 5.82403e-07 1.83352e-08
0.00956352 5.81556e-07 1.82961e-08
0.00956414 5.80708e-07 1.8257e-08
0.00956476 5.79859e-07 1.82179e-08
0.00956538 5.7901e-07 1.81788e-08
0.00956601 5.7816e-07 1.81397e-08
0.00956663 5.7731e-07 1.81006e-08
0.00956725 5.7646e-07 1.80615e-08
0.00956787 5.75609e-07 1.80223e-08
0.00956849 5.74757e-07 1.79832e-08
0.00956911 5.73905e-07 1.79441e-08
0.00956973 5.73053e-07 1.79049e-08
0.00957035 5.722e-07 1.78658e-08
0.00957098 5.71346e-07 1.78266e-08
0.0095716 5.70492e-07 1.77875e-08
0.00957222 5.69638e-07 1.77483e-08
0.00957284 5.68783e-07 1.77092e-08
0.00957346 5.67928e-07 1.767e-08
0.00957408 5.67072e-07 1.76308e-08
0.0095747 5.66216e-07 1.75916e-08
0.00957532 5.65359e-07 1.75525e-08
0.00957595 5.64502e-07 1.75133e-08
0.00957657 5.63644e-07 1.74741e-08
0.00957719 5.62786e-07 1.74349e-08
0.00957781 5.61927e-07 1.73957e-08
0.00957843 5.61068e-07 1.73565e-08
0.00957905 5.60209e-07 1.73173e-08
0.00957967 5.59349e-07 1.72781e-08
0.0095803 5.58488e-07 1.72388e-08
0.00958092 5.57627e-07 1.71996e-08
0.00958154 5.56766e-07 1.71604e-08
0.00958216 5.55904e-07 1.71212e-08
0.00958278 5.55041e-07 1.70819e-08
0.0095834 5.54179e-07 1.70427e-08
0.00958402 5.53315e-07 1.70035e-08
0.00958464 5.52452e-07 1.69642e-08
0.00958527 5.51588e-07 1.6925e-08
0.00958589 5.50723e-07 1.68857e-08
0.00958651 5.49858e-07 1.68465e-08
0.00958713 5.48992e-07 1.68072e-08
0.00958775 5.48126e-07 1.67679e-08
0.00958837 5.4726e-07 1.67287e-08
0.00958899 5.46393e-07 1.66894e-08
0.00958961 5.45526e-07 1.66501e-08
0.00959024 5.44658e-07 1.66108e-08
0.00959086 5.43789e-07 1.65715e-08
0.00959148 5.42921e-07 1.65323e-08
0.0095921 5.42052e-07 1.6493e-08
0.00959272 5.41182e-07 1.64537e-08
0.00959334 5.40312e-07 1.64144e-08
0.00959396 5.39442e-07 1.63751e-08
0.00959458 5.38571e-07 1.63358e-08
0.00959521 5.37699e-07 1.62965e-08
0.00959583 5.36827e-07 1.62571e-08
0.00959645 5.35955e-07 1.62178e-08
0.00959707 5.35082e-07 1.61785e-08
0.00959769 5.34209e-07 1.61392e-08
0.00959831 5.33336e-07 1.60999e-08
0.00959893 5.32462e-07 1.60605e-08
0.00959956 5.31587e-07 1.60212e-08
0.00960018 5.30712e-07 1.59819e-08
0.0096008 5.29837e-07 1.59425e-08
0.00960142 5.28961e-07 1.59032e-08
0.00960204 5.28085e-07 1.58639e-08
0.00960266 5.27209e-07 1.58245e-08
0.00960328 5.26332e-07 1.57852e-08
0.0096039 5.25454e-07 1.57458e-08
0.00960453 5.24576e-07 1.57065e-08
0.00960515 5.23698e-07 1.56671e-08
0.00960577 5.22819e-07 1.56278e-08
0.00960639 5.2194e-07 1.55884e-08
0.00960701 5.2106e-07 1.5549e-08
0.00960763 5.2018e-07 1.55097e-08
0.00960825 5.193e-07 1.54703e-08
0.00960887 5.18419e-07 1.54309e-08
0.0096095 5.17538e-07 1.53916e-08
0.00961012 5.16656e-07 1.53522e-08
0.00961074 5.15774e-07 1.53128e-08
0.00961136 5.14891e-07 1.52734e-08
0.00961198 5.14008e-07 1.5234e-08
0.0096126 5.13125e-07 1.51947e-08
0.00961322 5.12241e-07 1.51553e-08
0.00961384 5.11357e-07 1.51159e-08
0.00961447 5.10473e-07 1.50765e-08
0.00961509 5.09587e-07 1.50371e-08
0.00961571 5.08702e-07 1.49977e-08
0.00961633 5.07816e-07 1.49583e-08
0.00961695 5.0693e-07 1.49189e-08
0.00961757 5.06043e-07 1.48795e-08
0.00961819 5.05156e-07 1.48401e-08
0.00961882 5.04269e-07 1.48007e-08
0.00961944 5.03381e-07 1.47613e-08
0.00962006 5.02493e-07 1.47219e-08
0.00962068 5.01604e-07 1.46825e-08
0.0096213 5.00715e-07 1.46431e-08
0.00962192 4.99825e-07 1.46036e-08
0.00962254 4.98936e-07 1.45642e-08
0.00962316 4.98045e-07 1.45248e-08
0.00962379 4.97155e-07 1.44854e-08
0.00962441 4.96264e-07 1.4446e-08
0.00962503 4.95372e-07 1.44065e-08
0.00962565 4.9448e-07 1.43671e-08
0.00962627 4.93588e-07 1.43277e-08
0.00962689 4.92695e-07 1.42883e-08
0.00962751 4.91802e-07 1.42488e-08
0.00962813 4.90909e-07 1.42094e-08
0.00962876 4.90015e-07 1.417e-08
0.00962938 4.89121e-07 1.41305e-08
0.00963 4.88226e-07 1.40911e-08
0.00963062 4.87331e-07 1.40517e-08
0.00963124 4.86436e-07 1.40122e-08
0.00963186 4.8554e-07 1.39728e-08
0.00963248 4.84644e-07 1.39334e-08
0.0096331 4.83748e-07 1.38939e-08
0.00963373 4.82851e-07 1.38545e-08
0.00963435 4.81954e-07 1.38151e-08
0.00963497 4.81056e-07 1.37756e-08
0.00963559 4.80158e-07 1.37362e-08
0.00963621 4.7926e-07 1.36967e-08
0.00963683 4.78361e-07 1.36573e-08
0.00963745 4.77462e-07 1.36178e-08
0.00963808 4.76562e-07 1.35784e-08
0.0096387 4.75662e-07 1.35389e-08
0.00963932 4.74762e-07 1.34995e-08
0.00963994 4.73861e-07 1.34601e-08
0.00964056 4.7296e-07 1.34206e-08
0.00964118 4.72059e-07 1.33812e-08
0.0096418 4.71157e-07 1.33417e-08
0.00964242 4.70255e-07 1.33023e-08
0.00964305 4.69353e-07 1.32628e-08
0.00964367 4.6845e-07 1.32234e-08
0.00964429 4.67547e-07 1.31839e-08
0.00964491 4.66643e-07 1.31445e-08
0.00964553 4.65739e-07 1.3105e-08
0.00964615 4.64835e-07 1.30656e-08
0.00964677 4.6393e-07 1.30261e-08
0.00964739 4.63025e-07 1.29866e-08
0.00964802 4.6212e-07 1.29472e-08
0.00964864 4.61214e-07 1.29077e-08
0.00964926 4.60308e-07 1.28683e-08
0.00964988 4.59402e-07 1.28288e-08
0.0096505 4.58495e-07 1.27894e-08
0.00965112 4.57588e-07 1.27499e-08
0.00965174 4.56681e-07 1.27105e-08
0.00965236 4.55773e-07 1.2671e-08
0.00965299 4.54865e-07 1.26316e-08
0.00965361 4.53956e-07 1.25921e-08
0.00965423 4.53047e-07 1.25527e-08
0.00965485 4.52138e-07 1.25132e-08
0.00965547 4.51261e-07 1.24738e-08
0.00965609 4.50589e-07 1.24343e-08
0.00965671 4.49918e-07 1.23948e-08
0.00965734 4.49246e-07 1.23554e-08
0.00965796 4.48574e-07 1.23159e-08
0.00965858 4.47901e-07 1.22765e-08
0.0096592 4.47229e-07 1.2237e-08
0.00965982 4.46556e-07 1.21976e-08
0.00966044 4.45883e-07 1.21581e-08
0.00966106 4.45209e-07 1.21187e-08
0.00966168 4.44535e-07 1.20792e-08
0.00966231 4.43861e-07 1.20398e-08
0.00966293 4.43187e-07 1.20003e-08
0.00966355 4.42512e-07 1.19609e-08
0.00966417 4.41837e-07 1.19215e-08
0.00966479 4.41162e-07 1.1882e-08
0.00966541 4.40487e-07 1.18426e-08
0.00966603 4.39811e-07 1.18031e-08
0.00966665 4.39135e-07 1.17637e-08
0.00966728 4.38459e-07 1.17242e-08
0.0096679 4.37782e-07 1.16848e-08
0.00966852 4.37105e-07 1.16453e-08
0.00966914 4.36428e-07 1.16059e-08
0.00966976 4.35751e-07 1.15665e-08
0.00967038 4.35073e-07 1.1527e-08
0.009671 4.34396e-07 1.14876e-08
0.00967162 4.33717e-07 1.14482e-08
0.00967225 4.33039e-07 1.14087e-08
0.00967287 4.3236e-07 1.13693e-08
0.00967349 4.31681e-07 1.13299e-08
0.00967411 4.31002e-07 1.12904e-08
0.00967473 4.30323e-07 1.1251e-08
0.00967535 4.29643e-07 1.12116e-08
0.00967597 4.28963e-07 1.11721e-08
0.0096766 4.28283e-07 1.11327e-08
0.00967722 4.27602e-07 1.10933e-08
0.00967784 4.26922e-07 1.10539e-08
0.00967846 4.26241e-07 1.10144e-08
0.00967908 4.25559e-07 1.0975e-08
0.0096797 4.24878e-07 1.09356e-08
0.00968032 4.24196e-07 1.08962e-08
0.00968094 4.23514e-07 1.08568e-08
0.00968157 4.22832e-07 1.08174e-08
0.00968219 4.22149e-07 1.07779e-08
0.00968281 4.21467e-07 1.07385e-08
0.00968343 4.20784e-07 1.06991e-08
0.00968405 4.201e-07 1.06597e-08
0.00968467 4.19417e-07 1.06203e-08
0.00968529 4.18733e-07 1.05809e-08
0.00968591 4.18049e-07 1.05415e-08
0.00968654 4.17365e-07 1.05021e-08
0.00968716 4.1668e-07 1.04627e-08
0.00968778 4.15996e-07 1.04233e-08
0.0096884 4.15311e-07 1.03839e-08
0.00968902 4.14626e-07 1.03445e-08
0.00968964 4.1394e-07 1.03051e-08
0.00969026 4.13254e-07 1.02657e-08
0.00969088 4.12569e-07 1.02263e-08
0.00969151 4.11882e-07 1.01869e-08
0.00969213 4.11196e-07 1.01476e-08
0.00969275 4.10509e-07 1.01082e-08
0.00969337 4.09823e-07 1.00688e-08
0.00969399 4.09135e-07 1.00294e-08
0.00969461 4.08448e-07 9.99005e-09
0.00969523 4.07761e-07 9.95068e-09
0.00969586 4.07954e-07 9.91131e-09
0.00969648 4.08319e-07 9.87194e-09
0.0096971 4.08683e-07 9.83257e-09
0.00969772 4.09048e-07 9.79321e-09
0.00969834 4.09413e-07 9.75385e-09
0.00969896 4.09777e-07 9.71449e-09
0.00969958 4.10142e-07 9.67513e-09
0.0097002 4.10507e-07 9.63578e-09
0.00970083 4.10872e-07 9.59643e-09
0.00970145 4.11237e-07 9.55708e-09
0.00970207 4.11602e-07 9.51773e-09
0.00970269 4.11966e-07 9.47839e-09
0.00970331 4.12331e-07 9.43905e-09
0.00970393 4.12696e-07 9.39971e-09
0.00970455 4.13062e-07 9.36037e-09
0.00970517 4.13427e-07 9.32104e-09
0.0097058 4.13792e-07 9.28171e-09
0.00970642 4.14157e-07 9.24238e-09
0.00970704 4.14522e-07 9.20306e-09
0.00970766 4.14887e-07 9.16374e-09
0.00970828 4.15252e-07 9.12442e-09
0.0097089 4.15618e-07 9.0851e-09
0.00970952 4.15983e-07 9.04579e-09
0.00971014 4.16348e-07 9.00648e-09
0.00971077 4.16714e-07 8.96717e-09
0.00971139 4.17082e-07 8.92787e-09
0.00971201 4.17479e-07 8.88856e-09
0.00971263 4.17876e-07 8.84927e-09
0.00971325 4.18273e-07 8.80997e-09
0.00971387 4.18671e-07 8.77068e-09
0.00971449 4.19068e-07 8.73139e-09
0.00971512 4.19466e-07 8.6921e-09
0.00971574 4.19864e-07 8.65282e-09
0.00971636 4.20262e-07 8.61354e-09
0.00971698 4.20661e-07 8.57427e-09
0.0097176 4.21059e-07 8.53499e-09
0.00971822 4.21533e-07 8.49572e-09
0.00971884 4.22046e-07 8.45646e-09
0.00971946 4.22558e-07 8.41719e-09
0.00972009 4.2307e-07 8.37793e-09
0.00972071 4.23581e-07 8.33868e-09
0.00972133 4.24093e-07 8.29943e-09
0.00972195 4.24604e-07 8.26018e-09
0.00972257 4.25115e-07 8.22093e-09
0.00972319 4.25626e-07 8.18169e-09
0.00972381 4.26137e-07 8.14245e-09
0.00972443 4.26648e-07 8.10322e-09
0.00972506 4.27158e-07 8.06399e-09
0.00972568 4.27669e-07 8.02476e-09
0.0097263 4.28179e-07 7.98553e-09
0.00972692 4.28688e-07 7.94632e-09
0.00972754 4.29198e-07 7.9071e-09
0.00972816 4.29708e-07 7.86788e-09
0.00972878 4.30217e-07 7.82868e-09
0.0097294 4.30726e-07 7.78947e-09
0.00973003 4.31235e-07 7.75027e-09
0.00973065 4.31744e-07 7.71107e-09
0.00973127 4.32252e-07 7.67188e-09
0.00973189 4.32761e-07 7.63269e-09
0.00973251 4.33269e-07 7.59351e-09
0.00973313 4.33777e-07 7.55432e-09
0.00973375 4.34285e-07 7.51515e-09
0.00973438 4.34792e-07 7.47597e-09
0.009735 4.353e-07 7.4368e-09
0.00973562 4.35807e-07 7.39764e-09
0.00973624 4.36314e-07 7.35848e-09
0.00973686 4.36821e-07 7.31932e-09
0.00973748 4.37327e-07 7.28017e-09
0.0097381 4.37834e-07 7.24102e-09
0.00973872 4.3834e-07 7.20187e-09
0.00973935 4.38846e-07 7.16273e-09
0.00973997 4.39352e-07 7.1236e-09
0.00974059 4.39857e-07 7.08446e-09
0.00974121 4.40363e-07 7.04534e-09
0.00974183 4.40868e-07 7.00621e-09
0.00974245 4.41373e-07 6.96709e-09
0.00974307 4.41878e-07 6.92798e-09
0.00974369 4.42382e-07 6.88887e-09
0.00974432 4.42887e-07 6.84977e-09
0.00974494 4.43391e-07 6.81067e-09
0.00974556 4.43895e-07 6.77157e-09
0.00974618 4.44399e-07 6.73248e-09
0.0097468 4.44902e-07 6.69339e-09
0.00974742 4.45406e-07 6.65431e-09
0.00974804 4.45909e-07 6.61523e-09
0.00974866 4.46412e-07 6.57616e-09
0.00974929 4.46914e-07 6.53709e-09
0.00974991 4.47417e-07 6.49802e-09
0.00975053 4.47919e-07 6.45896e-09
0.00975115 4.48421e-07 6.41991e-09
0.00975177 4.48923e-07 6.38086e-09
0.00975239 4.49425e-07 6.34181e-09
0.00975301 4.49926e-07 6.30277e-09
0.00975364 4.50428e-07 6.26374e-09
0.00975426 4.50929e-07 6.22471e-09
0.00975488 4.51429e-07 6.18568e-09
0.0097555 4.5193e-07 6.14666e-09
0.00975612 4.5243e-07 6.10765e-09
0.00975674 4.5293e-07 6.06864e-09
0.00975736 4.5343e-07 6.02963e-09
0.00975798 4.5393e-07 5.99063e-09
0.00975861 4.54429e-07 5.95164e-09
0.00975923 4.54929e-07 5.91264e-09
0.00975985 4.55428e-07 5.87366e-09
0.00976047 4.55926e-07 5.83468e-09
0.00976109 4.56425e-07 5.7957e-09
0.00976171 4.56923e-07 5.75673e-09
0.00976233 4.57422e-07 5.71777e-09
0.00976295 4.57919e-07 5.67881e-09
0.00976358 4.58417e-07 5.63986e-09
0.0097642 4.58915e-07 5.60091e-09
0.00976482 4.59412e-07 5.56196e-09
0.00976544 4.59909e-07 5.52302e-09
0.00976606 4.60406e-07 5.48409e-09
0.00976668 4.60902e-07 5.44516e-09
0.0097673 4.61398e-07 5.40624e-09
0.00976792 4.61894e-07 5.36733e-09
0.00976855 4.6239e-07 5.32842e-09
0.00976917 4.62886e-07 5.28951e-09
0.00976979 4.63381e-07 5.25061e-09
0.00977041 4.63876e-07 5.21172e-09
0.00977103 4.64371e-07 5.17283e-09
0.00977165 4.64866e-07 5.13394e-09
0.00977227 4.6536e-07 5.09506e-09
0.0097729 4.65855e-07 5.05619e-09
0.00977352 4.66349e-07 5.01733e-09
0.00977414 4.66842e-07 4.97846e-09
0.00977476 4.67336e-07 4.93961e-09
0.00977538 4.67829e-07 4.90076e-09
0.009776 4.68322e-07 4.86191e-09
0.00977662 4.68815e-07 4.82308e-09
0.00977724 4.69307e-07 4.78425e-09
0.00977787 4.698e-07 4.74542e-09
0.00977849 4.70292e-07 4.7066e-09
0.00977911 4.70784e-07 4.66778e-09
0.00977973 4.71275e-07 4.62898e-09
0.00978035 4.71766e-07 4.59017e-09
0.00978097 4.72258e-07 4.55138e-09
0.00978159 4.72748e-07 4.51258e-09
0.00978221 4.73239e-07 4.4738e-09
0.00978284 4.73729e-07 4.43502e-09
0.00978346 4.74219e-07 4.39625e-09
0.00978408 4.74709e-07 4.35748e-09
0.0097847 4.75199e-07 4.31872e-09
0.00978532 4.75688e-07 4.27997e-09
0.00978594 4.76177e-07 4.24122e-09
0.00978656 4.76666e-07 4.20248e-09
0.00978718 4.77155e-07 4.16825e-09
0.00978781 4.77643e-07 4.13561e-09
0.00978843 4.78131e-07 4.10298e-09
0.00978905 4.78619e-07 4.07034e-09
0.00978967 4.79107e-07 4.0377e-09
0.00979029 4.79594e-07 4.00506e-09
0.00979091 4.80081e-07 3.97242e-09
0.00979153 4.80568e-07 3.93978e-09
0.00979216 4.81055e-07 3.90714e-09
0.00979278 4.81541e-07 3.87449e-09
0.0097934 4.82027e-07 3.84185e-09
0.00979402 4.82513e-07 3.8092e-09
0.00979464 4.83025e-07 3.77655e-09
0.00979526 4.83574e-07 3.7439e-09
0.00979588 4.84124e-07 3.71125e-09
0.0097965 4.84673e-07 3.67859e-09
0.00979713 4.85221e-07 3.64594e-09
0.00979775 4.85769e-07 3.61329e-09
0.00979837 4.86317e-07 3.58063e-09
0.00979899 4.86865e-07 3.54798e-09
0.00979961 4.87412e-07 3.51532e-09
0.00980023 4.87959e-07 3.48266e-09
0.00980085 4.88505e-07 3.45e-09
0.00980147 4.89051e-07 3.41734e-09
0.0098021 4.89597e-07 3.38468e-09
0.00980272 4.90142e-07 3.35202e-09
0.00980334 4.90687e-07 3.31936e-09
0.00980396 4.91231e-07 3.2867e-09
0.00980458 4.91776e-07 3.25403e-09
0.0098052 4.92319e-07 3.22137e-09
0.00980582 4.92863e-07 3.1887e-09
0.00980644 4.93406e-07 3.15604e-09
0.00980707 4.93948e-07 3.12338e-09
0.00980769 4.94491e-07 3.09071e-09
0.00980831 4.95033e-07 3.05805e-09
0.00980893 4.95574e-07 3.02538e-09
0.00980955 4.96115e-07 2.99271e-09
0.00981017 4.96656e-07 2.96005e-09
0.00981079 4.97197e-07 2.92738e-09
0.00981142 4.97737e-07 2.89471e-09
0.00981204 4.98276e-07 2.86205e-09
0.00981266 4.98816e-07 2.82938e-09
0.00981328 4.99354e-07 2.79672e-09
0.0098139 4.99893e-07 2.76405e-09
0.00981452 5.00431e-07 2.73138e-09
0.00981514 5.00969e-07 2.69871e-09
0.00981576 5.01506e-07 2.66605e-09
0.00981639 5.02043e-07 2.63338e-09
0.00981701 5.0258e-07 2.60072e-09
0.00981763 5.03116e-07 2.56806e-09
0.00981825 5.03652e-07 2.53539e-09
0.00981887 5.04188e-07 2.50272e-09
0.00981949 5.04723e-07 2.47006e-09
0.00982011 5.05257e-07 2.4374e-09
0.00982073 5.05792e-07 2.40473e-09
0.00982136 5.06326e-07 2.37207e-09
0.00982198 5.06859e-07 2.33941e-09
0.0098226 5.07392e-07 2.30675e-09
0.00982322 5.07925e-07 2.27409e-09
0.00982384 5.08458e-07 2.24143e-09
0.00982446 5.0899e-07 2.20877e-09
0.00982508 5.09521e-07 2.17611e-09
0.0098257 5.10052e-07 2.14346e-09
0.00982633 5.10583e-07 2.1108e-09
0.00982695 5.11114e-07 2.07814e-09
0.00982757 5.11644e-07 2.04549e-09
0.00982819 5.12173e-07 2.01284e-09
0.00982881 5.12703e-07 1.98018e-09
0.00982943 5.13232e-07 1.94753e-09
0.00983005 5.1376e-07 1.91488e-09
0.00983068 5.14288e-07 1.88223e-09
0.0098313 5.14816e-07 1.84959e-09
0.00983192 5.15343e-07 1.81694e-09
0.00983254 5.1587e-07 1.78429e-09
0.00983316 5.16397e-07 1.75165e-09
0.00983378 5.16923e-07 1.71901e-09
0.0098344 5.17449e-07 1.68637e-09
0.00983502 5.17974e-07 1.65373e-09
0.00983565 5.18499e-07 1.62109e-09
0.00983627 5.19024e-07 1.58845e-09
0.00983689 5.19548e-07 1.55582e-09
0.00983751 5.20072e-07 1.52319e-09
0.00983813 5.20595e-07 1.49056e-09
0.00983875 5.21118e-07 1.45793e-09
0.00983937 5.21704e-07 1.4253e-09
0.00983999 5.22385e-07 1.39267e-09
0.00984062 5.23065e-07 1.36005e-09
0.00984124 5.23745e-07 1.32743e-09
0.00984186 5.24424e-07 1.29481e-09
0.00984248 5.25103e-07 1.26219e-09
0.0098431 5.25782e-07 1.22958e-09
0.00984372 5.2646e-07 1.19696e-09
0.00984434 5.27138e-07 1.16435e-09
0.00984496 5.27815e-07 1.13174e-09
0.00984559 5.28492e-07 1.09913e-09
0.00984621 5.29169e-07 1.06653e-09
0.00984683 5.29845e-07 1.03392e-09
0.00984745 5.30521e-07 1.00132e-09
0.00984807 5.31196e-07 9.68727e-10
0.00984869 5.31871e-07 9.36132e-10
0.00984931 5.32546e-07 9.03538e-10
0.00984994 5.3322e-07 8.70945e-10
0.00985056 5.33894e-07 8.38361e-10
0.00985118 5.34567e-07 8.05772e-10
0.0098518 5.3524e-07 7.73191e-10
0.00985242 5.35913e-07 7.40611e-10
0.00985304 5.36585e-07 7.08034e-10
0.00985366 5.37256e-07 6.75457e-10
0.00985428 5.37928e-07 6.42885e-10
0.00985491 5.38599e-07 6.10316e-10
0.00985553 5.39269e-07 5.77751e-10
0.00985615 5.39939e-07 5.45189e-10
0.00985677 5.40609e-07 5.12629e-10
0.00985739 5.41278e-07 4.8007e-10
0.00985801 5.41947e-07 4.47516e-10
0.00985863 5.42615e-07 4.14964e-10
0.00985925 5.43283e-07 3.82418e-10
0.00985988 5.43951e-07 3.56185e-10
0.0098605 5.44618e-07 3.90666e-10
0.00986112 5.45284e-07 4.28475e-10
0.00986174 5.45951e-07 4.66281e-10
0.00986236 5.46617e-07 5.04073e-10
0.00986298 5.47282e-07 5.41858e-10
0.0098636 5.47947e-07 5.79634e-10
0.00986422 5.48612e-07 6.174e-10
0.00986485 5.49276e-07 6.55159e-10
0.00986547 5.49939e-07 6.92908e-10
0.00986609 5.50603e-07 7.30649e-10
0.00986671 5.51266e-07 7.68378e-10
0.00986733 5.51928e-07 8.06099e-10
0.00986795 5.5259e-07 8.43812e-10
0.00986857 5.53252e-07 8.81513e-10
0.0098692 5.53913e-07 9.19207e-10
0.00986982 5.54574e-07 9.5689e-10
0.00987044 5.55234e-07 9.94566e-10
0.00987106 5.55894e-07 1.03223e-09
0.00987168 5.56553e-07 1.06989e-09
0.0098723 5.57212e-07 1.10753e-09
0.00987292 5.57871e-07 1.14517e-09
0.00987354 5.58529e-07 1.1828e-09
0.00987417 5.59186e-07 1.22042e-09
0.00987479 5.59844e-07 1.25802e-09
0.00987541 5.605e-07 1.29563e-09
0.00987603 5.61157e-07 1.33321e-09
0.00987665 5.61813e-07 1.37079e-09
0.00987727 5.62468e-07 1.40836e-09
0.00987789 5.63123e-07 1.44591e-09
0.00987851 5.63778e-07 1.48346e-09
0.00987914 5.64432e-07 1.521e-09
0.00987976 5.65085e-07 1.55853e-09
0.00988038 5.65739e-07 1.59604e-09
0.009881 5.66391e-07 1.63354e-09
0.00988162 5.67044e-07 1.67103e-09
0.00988224 5.67695e-07 1.70851e-09
0.00988286 5.68347e-07 1.74598e-09
0.00988348 5.68998e-07 1.78344e-09
0.00988411 5.69648e-07 1.82088e-09
0.00988473 5.70298e-07 1.85832e-09
0.00988535 5.70948e-07 1.89574e-09
0.00988597 5.71597e-07 1.93316e-09
0.00988659 5.72246e-07 1.97057e-09
0.00988721 5.72894e-07 2.00797e-09
0.00988783 5.73542e-07 2.04537e-09
0.00988846 5.74189e-07 2.08276e-09
0.00988908 5.74836e-07 2.12014e-09
0.0098897 5.75483e-07 2.15751e-09
0.00989032 5.76129e-07 2.19488e-09
0.00989094 5.76774e-07 2.23224e-09
0.00989156 5.77419e-07 2.2696e-09
0.00989218 5.78064e-07 2.30694e-09
0.0098928 5.78708e-07 2.34428e-09
0.00989343 5.79352e-07 2.38162e-09
0.00989405 5.79995e-07 2.41894e-09
0.00989467 5.80637e-07 2.45625e-09
0.00989529 5.8128e-07 2.49355e-09
0.00989591 5.81922e-07 2.53084e-09
0.00989653 5.82563e-07 2.56812e-09
0.00989715 5.83204e-07 2.6054e-09
0.00989777 5.83844e-07 2.64266e-09
0.0098984 5.84484e-07 2.67992e-09
0.00989902 5.85124e-07 2.71716e-09
0.00989964 5.85763e-07 2.75439e-09
0.00990026 5.86401e-07 2.79162e-09
0.00990088 5.87039e-07 2.82883e-09
0.0099015 5.87677e-07 2.86603e-09
0.00990212 5.88314e-07 2.90323e-09
0.00990274 5.8895e-07 2.94041e-09
0.00990337 5.89586e-07 2.97758e-09
0.00990399 5.90222e-07 3.01475e-09
0.00990461 5.90857e-07 3.0519e-09
0.00990523 5.91492e-07 3.08905e-09
0.00990585 5.92126e-07 3.12618e-09
0.00990647 5.9276e-07 3.16331e-09
0.00990709 5.93393e-07 3.20042e-09
0.00990772 5.94026e-07 3.23752e-09
0.00990834 5.94658e-07 3.27461e-09
0.00990896 5.9529e-07 3.31169e-09
0.00990958 5.95922e-07 3.34876e-09
0.0099102 5.96553e-07 3.38582e-09
0.00991082 5.97183e-07 3.42288e-09
0.00991144 5.97813e-07 3.45992e-09
0.00991206 5.98442e-07 3.49696e-09
0.00991269 5.99071e-07 3.53399e-09
0.00991331 5.997e-07 3.57101e-09
0.00991393 6.00328e-07 3.60801e-09
0.00991455 6.00955e-07 3.64501e-09
0.00991517 6.01582e-07 3.68199e-09
0.00991579 6.02208e-07 3.71897e-09
0.00991641 6.02834e-07 3.75593e-09
0.00991703 6.0346e-07 3.79288e-09
0.00991766 6.04085e-07 3.82982e-09
0.00991828 6.04709e-07 3.86674e-09
0.0099189 6.05334e-07 3.90365e-09
0.00991952 6.05957e-07 3.94055e-09
0.00992014 6.0658e-07 3.97744e-09
0.00992076 6.07203e-07 4.01432e-09
0.00992138 6.07825e-07 4.05119e-09
0.009922 6.08446e-07 4.08805e-09
0.00992263 6.09067e-07 4.1249e-09
0.00992325 6.09688e-07 4.16174e-09
0.00992387 6.10308e-07 4.19858e-09
0.00992449 6.10927e-07 4.2354e-09
0.00992511 6.11546e-07 4.2722e-09
0.00992573 6.12165e-07 4.309e-09
0.00992635 6.12783e-07 4.34579e-09
0.00992698 6.13401e-07 4.38256e-09
0.0099276 6.14018e-07 4.41932e-09
0.00992822 6.14634e-07 4.45608e-09
0.00992884 6.1525e-07 4.49281e-09
0.00992946 6.15866e-07 4.52954e-09
0.00993008 6.16481e-07 4.56626e-09
0.0099307 6.17095e-07 4.60296e-09
0.00993132 6.17709e-07 4.63966e-09
0.00993195 6.18323e-07 4.67634e-09
0.00993257 6.18936e-07 4.71301e-09
0.00993319 6.19548e-07 4.74967e-09
0.00993381 6.2016e-07 4.78632e-09
0.00993443 6.20772e-07 4.82295e-09
0.00993505 6.21383e-07 4.85958e-09
0.00993567 6.21993e-07 4.8962e-09
0.00993629 6.22603e-07 4.9328e-09
0.00993692 6.23212e-07 4.9694e-09
0.00993754 6.23821e-07 5.00598e-09
0.00993816 6.2443e-07 5.04255e-09
0.00993878 6.25038e-07 5.07911e-09
0.0099394 6.25645e-07 5.11566e-09
0.00994002 6.26252e-07 5.1522e-09
0.00994064 6.26858e-07 5.18872e-09
0.00994126 6.27464e-07 5.22524e-09
0.00994189 6.28069e-07 5.26174e-09
0.00994251 6.28674e-07 5.29823e-09
0.00994313 6.29278e-07 5.33471e-09
0.00994375 6.29882e-07 5.37118e-09
0.00994437 6.30485e-07 5.40763e-09
0.00994499 6.31088e-07 5.44408e-09
0.00994561 6.3169e-07 5.48051e-09
0.00994624 6.32291e-07 5.51693e-09
0.00994686 6.32892e-07 5.55335e-09
0.00994748 6.33493e-07 5.58975e-09
0.0099481 6.34093e-07 5.62613e-09
0.00994872 6.34693e-07 5.66251e-09
0.00994934 6.35292e-07 5.69887e-09
0.00994996 6.3589e-07 5.73523e-09
0.00995058 6.36488e-07 5.77157e-09
0.00995121 6.37085e-07 5.8079e-09
0.00995183 6.37682e-07 5.84422e-09
0.00995245 6.38279e-07 5.88052e-09
0.00995307 6.38874e-07 5.91682e-09
0.00995369 6.3947e-07 5.9531e-09
0.00995431 6.40064e-07 5.98937e-09
0.00995493 6.40659e-07 6.02563e-09
0.00995555 6.41252e-07 6.06188e-09
0.00995618 6.41846e-07 6.09811e-09
0.0099568 6.42438e-07 6.13433e-09
0.00995742 6.4303e-07 6.17055e-09
0.00995804 6.43622e-07 6.20675e-09
0.00995866 6.44213e-07 6.24293e-09
0.00995928 6.44803e-07 6.27911e-09
0.0099599 6.45393e-07 6.31527e-09
0.00996052 6.45983e-07 6.35142e-09
0.00996115 6.46571e-07 6.38756e-09
0.00996177 6.4716e-07 6.42369e-09
0.00996239 6.47747e-07 6.45981e-09
0.00996301 6.48335e-07 6.49591e-09
0.00996363 6.48921e-07 6.532e-09
0.00996425 6.49508e-07 6.56808e-09
0.00996487 6.50093e-07 6.60415e-09
0.0099655 6.50678e-07 6.64021e-09
0.00996612 6.51263e-07 6.67625e-09
0.00996674 6.51847e-07 6.71229e-09
0.00996736 6.5243e-07 6.7483e-09
0.00996798 6.53013e-07 6.78431e-09
0.0099686 6.53595e-07 6.82031e-09
0.00996922 6.54177e-07 6.85629e-09
0.00996984 6.54758e-07 6.89226e-09
0.00997047 6.55339e-07 6.92822e-09
0.00997109 6.55919e-07 6.96417e-09
0.00997171 6.56499e-07 7.0001e-09
0.00997233 6.57078e-07 7.03603e-09
0.00997295 6.57656e-07 7.07194e-09
0.00997357 6.58234e-07 7.10784e-09
0.00997419 6.58811e-07 7.14372e-09
0.00997481 6.59388e-07 7.1796e-09
0.00997544 6.59965e-07 7.21545e-09
0.00997606 6.6054e-07 7.2513e-09
0.00997668 6.61115e-07 7.28714e-09
0.0099773 6.6169e-07 7.32297e-09
0.00997792 6.62264e-07 7.35878e-09
0.00997854 6.62838e-07 7.39458e-09
0.00997916 6.6341e-07 7.43037e-09
0.00997978 6.63983e-07 7.46614e-09
0.00998041 6.64555e-07 7.50191e-09
0.00998103 6.65126e-07 7.53766e-09
0.00998165 6.65697e-07 7.5734e-09
0.00998227 6.66267e-07 7.60912e-09
0.00998289 6.66836e-07 7.64484e-09
0.00998351 6.67405e-07 7.68054e-09
0.00998413 6.67974e-07 7.71623e-09
0.00998476 6.68542e-07 7.7519e-09
0.00998538 6.69109e-07 7.78757e-09
0.009986 6.69676e-07 7.82322e-09
0.00998662 6.70242e-07 7.85885e-09
0.00998724 6.70807e-07 7.89448e-09
0.00998786 6.71372e-07 7.93009e-09
0.00998848 6.71937e-07 7.96569e-09
0.0099891 6.72501e-07 8.00127e-09
0.00998973 6.73064e-07 8.03685e-09
0.00999035 6.73627e-07 8.07241e-09
0.00999097 6.74189e-07 8.10796e-09
0.00999159 6.74751e-07 8.14349e-09
0.00999221 6.75312e-07 8.17901e-09
0.00999283 6.75872e-07 8.21453e-09
0.00999345 6.76432e-07 8.25002e-09
0.00999407 6.76992e-07 8.2855e-09
0.0099947 6.77551e-07 8.32097e-09
0.00999532 6.78109e-07 8.35643e-09
0.00999594 6.78666e-07 8.39187e-09
0.00999656 6.79223e-07 8.42731e-09
0.00999718 6.7978e-07 8.46273e-09
0.0099978 6.80336e-07 8.49813e-09
0.00999842 6.80891e-07 8.53352e-09
0.00999904 6.81446e-07 8.5689e-09
0.00999967 6.82e-07 8.60427e-09
0.0100003 6.82554e-07 8.63962e-09
0.0100009 6.83107e-07 8.67496e-09
0.0100015 6.83659e-07 8.71029e-09
0.0100022 6.84211e-07 8.7456e-09
0.0100028 6.84762e-07 8.7809e-09
0.0100034 6.85313e-07 8.81619e-09
0.010004 6.85863e-07 8.85146e-09
0.0100046 6.86413e-07 8.88672e-09
0.0100053 6.86962e-07 8.92197e-09
0.0100059 6.8751e-07 8.9572e-09
0.0100065 6.88058e-07 8.99242e-09
0.0100071 6.88605e-07 9.02763e-09
0.0100077 6.89152e-07 9.06282e-09
0.0100084 6.89698e-07 9.09801e-09
0.010009 6.90243e-07 9.13317e-09
0.0100096 6.90788e-07 9.16833e-09
0.0100102 6.91332e-07 9.20347e-09
0.0100108 6.91876e-07 9.2386e-09
0.0100115 6.92419e-07 9.27371e-09
0.0100121 6.92962e-07 9.30881e-09
0.0100127 6.93504e-07 9.3439e-09
0.0100133 6.94045e-07 9.37898e-09
0.010014 6.94586e-07 9.41403e-09
0.0100146 6.95126e-07 9.44908e-09
0.0100152 6.95665e-07 9.48411e-09
0.0100158 6.96204e-07 9.51914e-09
0.0100164 6.96743e-07 9.55414e-09
0.0100171 6.97281e-07 9.58913e-09
0.0100177 6.97818e-07 9.62411e-09
0.0100183 6.98354e-07 9.65908e-09
0.0100189 6.9889e-07 9.69403e-09
0.0100195 6.99426e-07 9.72897e-09
0.0100202 6.99961e-07 9.7639e-09
0.0100208 7.00495e-07 9.79881e-09
0.0100214 7.01029e-07 9.83371e-09
0.010022 7.01562e-07 9.86859e-09
0.0100227 7.02094e-07 9.90346e-09
0.0100233 7.02626e-07 9.93832e-09
0.0100239 7.03157e-07 9.97316e-09
0.0100245 7.03688e-07 1.0008e-08
0.0100251 7.04218e-07 1.00428e-08
0.0100258 7.04747e-07 1.00776e-08
0.0100264 7.05276e-07 1.01124e-08
0.010027 7.05804e-07 1.01472e-08
0.0100276 7.06332e-07 1.01819e-08
0.0100282 7.06859e-07 1.02167e-08
0.0100289 7.07385e-07 1.02514e-08
0.0100295 7.07911e-07 1.02861e-08
0.0100301 7.08436e-07 1.03208e-08
0.0100307 7.08961e-07 1.03555e-08
0.0100314 7.09485e-07 1.03902e-08
0.010032 7.10008e-07 1.04249e-08
0.0100326 7.10531e-07 1.04595e-08
0.0100332 7.11053e-07 1.04941e-08
0.0100338 7.11575e-07 1.05288e-08
0.0100345 7.12096e-07 1.05634e-08
0.0100351 7.12616e-07 1.0598e-08
0.0100357 7.13136e-07 1.06325e-08
0.0100363 7.13655e-07 1.06671e-08
0.0100369 7.14174e-07 1.07016e-08
0.0100376 7.14692e-07 1.07362e-08
0.0100382 7.15209e-07 1.07707e-08
0.0100388 7.15726e-07 1.08052e-08
0.0100394 7.16242e-07 1.08397e-08
0.01004 7.16757e-07 1.08742e-08
0.0100407 7.17272e-07 1.09086e-08
0.0100413 7.17786e-07 1.09431e-08
0.0100419 7.183e-07 1.09775e-08
0.0100425 7.18813e-07 1.10119e-08
0.0100432 7.19325e-07 1.10463e-08
0.0100438 7.19837e-07 1.10807e-08
0.0100444 7.20348e-07 1.11151e-08
0.010045 7.20859e-07 1.11495e-08
0.0100456 7.21369e-07 1.11838e-08
0.0100463 7.21878e-07 1.12182e-08
0.0100469 7.22387e-07 1.12525e-08
0.0100475 7.22895e-07 1.12868e-08
0.0100481 7.23403e-07 1.13211e-08
0.0100487 7.23909e-07 1.13553e-08
0.0100494 7.24416e-07 1.13896e-08
0.01005 7.24921e-07 1.14239e-08
0.0100506 7.25426e-07 1.14581e-08
0.0100512 7.25931e-07 1.14923e-08
0.0100519 7.26434e-07 1.15265e-08
0.0100525 7.26938e-07 1.15607e-08
0.0100531 7.2744e-07 1.15949e-08
0.0100537 7.27942e-07 1.1629e-08
0.0100543 7.28443e-07 1.16632e-08
0.010055 7.28944e-07 1.16973e-08
0.0100556 7.29444e-07 1.17314e-08
0.0100562 7.29943e-07 1.17655e-08
0.0100568 7.30442e-07 1.17996e-08
0.0100574 7.3094e-07 1.18337e-08
0.0100581 7.31438e-07 1.18677e-08
0.0100587 7.31935e-07 1.19017e-08
0.0100593 7.32431e-07 1.19358e-08
0.0100599 7.32926e-07 1.19698e-08
0.0100606 7.33421e-07 1.20038e-08
0.0100612 7.33916e-07 1.20378e-08
0.0100618 7.3441e-07 1.20717e-08
0.0100624 7.34903e-07 1.21057e-08
0.010063 7.35395e-07 1.21396e-08
0.0100637 7.35887e-07 1.21735e-08
0.0100643 7.36378e-07 1.22074e-08
0.0100649 7.36869e-07 1.22413e-08
0.0100655 7.37359e-07 1.22752e-08
0.0100661 7.37848e-07 1.23091e-08
0.0100668 7.38337e-07 1.23429e-08
0.0100674 7.38825e-07 1.23767e-08
0.010068 7.39312e-07 1.24105e-08
0.0100686 7.39799e-07 1.24443e-08
0.0100693 7.40285e-07 1.24781e-08
0.0100699 7.40771e-07 1.25119e-08
0.0100705 7.41256e-07 1.25457e-08
0.0100711 7.4174e-07 1.25794e-08
0.0100717 7.42224e-07 1.26131e-08
0.0100724 7.42707e-07 1.26468e-08
0.010073 7.43189e-07 1.26805e-08
0.0100736 7.43671e-07 1.27142e-08
0.0100742 7.44152e-07 1.27479e-08
0.0100748 7.44632e-07 1.27815e-08
0.0100755 7.45112e-07 1.28151e-08
0.0100761 7.45591e-07 1.28487e-08
0.0100767 7.46069e-07 1.28823e-08
0.0100773 7.46547e-07 1.29159e-08
0.0100779 7.47025e-07 1.29495e-08
0.0100786 7.47501e-07 1.29831e-08
0.0100792 7.47977e-07 1.30166e-08
0.0100798 7.48452e-07 1.30501e-08
0.0100804 7.48927e-07 1.30836e-08
0.0100811 7.49401e-07 1.31171e-08
0.0100817 7.49874e-07 1.31506e-08
0.0100823 7.50347e-07 1.3184e-08
0.0100829 7.50819e-07 1.32175e-08
0.0100835 7.51291e-07 1.32509e-08
0.0100842 7.51761e-07 1.32843e-08
0.0100848 7.52232e-07 1.33177e-08
0.0100854 7.52701e-07 1.33511e-08
0.010086 7.5317e-07 1.33845e-08
0.0100866 7.53638e-07 1.34178e-08
0.0100873 7.54106e-07 1.34512e-08
0.0100879 7.54573e-07 1.34845e-08
0.0100885 7.55039e-07 1.35178e-08
0.0100891 7.55504e-07 1.35511e-08
0.0100898 7.55969e-07 1.35844e-08
0.0100904 7.56434e-07 1.36176e-08
0.010091 7.56897e-07 1.36509e-08
0.0100916 7.5736e-07 1.36841e-08
0.0100922 7.57823e-07 1.37173e-08
0.0100929 7.58285e-07 1.37505e-08
0.0100935 7.58746e-07 1.37837e-08
0.0100941 7.59206e-07 1.38168e-08
0.0100947 7.59666e-07 1.385e-08
0.0100953 7.60125e-07 1.38831e-08
0.010096 7.60583e-07 1.39162e-08
0.0100966 7.61041e-07 1.39493e-08
0.0100972 7.61498e-07 1.39824e-08
0.0100978 7.61955e-07 1.40155e-08
0.0100985 7.62411e-07 1.40485e-08
0.0100991 7.62866e-07 1.40815e-08
0.0100997 7.6332e-07 1.41146e-08
0.0101003 7.63774e-07 1.41476e-08
0.0101009 7.64227e-07 1.41805e-08
0.0101016 7.6468e-07 1.42135e-08
0.0101022 7.65132e-07 1.42465e-08
0.0101028 7.65583e-07 1.42794e-08
0.0101034 7.66034e-07 1.43123e-08
0.010104 7.66484e-07 1.43452e-08
0.0101047 7.66933e-07 1.43781e-08
0.0101053 7.67381e-07 1.4411e-08
0.0101059 7.67829e-07 1.44438e-08
0.0101065 7.68277e-07 1.44767e-08
0.0101071 7.68723e-07 1.45095e-08
0.0101078 7.69169e-07 1.45423e-08
0.0101084 7.69615e-07 1.45751e-08
0.010109 7.70059e-07 1.46079e-08
0.0101096 7.70503e-07 1.46406e-08
0.0101103 7.70946e-07 1.46734e-08
0.0101109 7.71389e-07 1.47061e-08
0.0101115 7.71831e-07 1.47388e-08
0.0101121 7.72272e-07 1.47715e-08
0.0101127 7.72713e-07 1.48042e-08
0.0101134 7.73153e-07 1.48368e-08
0.010114 7.73592e-07 1.48695e-08
0.0101146 7.74031e-07 1.49021e-08
0.0101152 7.74469e-07 1.49347e-08
0.0101158 7.74906e-07 1.49673e-08
0.0101165 7.75343e-07 1.49999e-08
0.0101171 7.75779e-07 1.50324e-08
0.0101177 7.76214e-07 1.5065e-08
0.0101183 7.76649e-07 1.50975e-08
0.010119 7.77083e-07 1.513e-08
0.0101196 7.77517e-07 1.51625e-08
0.0101202 7.77949e-07 1.5195e-08
0.0101208 7.78381e-07 1.52274e-08
0.0101214 7.78813e-07 1.52599e-08
0.0101221 7.79243e-07 1.52923e-08
0.0101227 7.79673e-07 1.53247e-08
0.0101233 7.80103e-07 1.53571e-08
0.0101239 7.80531e-07 1.53895e-08
0.0101245 7.80959e-07 1.54218e-08
0.0101252 7.81387e-07 1.54542e-08
0.0101258 7.81813e-07 1.54865e-08
0.0101264 7.82239e-07 1.55188e-08
0.010127 7.82664e-07 1.55511e-08
0.0101277 7.83089e-07 1.55834e-08
0.0101283 7.83513e-07 1.56156e-08
0.0101289 7.83936e-07 1.56479e-08
0.0101295 7.84359e-07 1.56801e-08
0.0101301 7.84781e-07 1.57123e-08
0.0101308 7.85202e-07 1.57445e-08
0.0101314 7.85623e-07 1.57766e-08
0.010132 7.86043e-07 1.58088e-08
0.0101326 7.86462e-07 1.58409e-08
0.0101332 7.86881e-07 1.5873e-08
0.0101339 7.87298e-07 1.59051e-08
0.0101345 7.87716e-07 1.59372e-08
0.0101351 7.88132e-07 1.59693e-08
0.0101357 7.88548e-07 1.60013e-08
0.0101363 7.88963e-07 1.60334e-08
0.010137 7.89378e-07 1.60654e-08
0.0101376 7.89792e-07 1.60974e-08
0.0101382 7.90205e-07 1.61294e-08
0.0101388 7.90617e-07 1.61613e-08
0.0101395 7.91029e-07 1.61933e-08
0.0101401 7.9144e-07 1.62252e-08
0.0101407 7.91851e-07 1.62571e-08
0.0101413 7.9226e-07 1.6289e-08
0.0101419 7.92669e-07 1.63209e-08
0.0101426 7.93078e-07 1.63527e-08
0.0101432 7.93486e-07 1.63846e-08
0.0101438 7.93893e-07 1.64164e-08
0.0101444 7.94299e-07 1.64482e-08
0.010145 7.94705e-07 1.648e-08
0.0101457 7.9511e-07 1.65117e-08
0.0101463 7.95514e-07 1.65435e-08
0.0101469 7.95918e-07 1.65752e-08
0.0101475 7.96321e-07 1.66069e-08
0.0101482 7.96723e-07 1.66386e-08
0.0101488 7.97124e-07 1.66703e-08
0.0101494 7.97525e-07 1.6702e-08
0.01015 7.97926e-07 1.67336e-08
0.0101506 7.98325e-07 1.67652e-08
0.0101513 7.98724e-07 1.67969e-08
0.0101519 7.99122e-07 1.68284e-08
0.0101525 7.9952e-07 1.686e-08
0.0101531 7.99916e-07 1.68916e-08
0.0101537 8.00313e-07 1.69231e-08
0.0101544 8.00708e-07 1.69546e-08
0.010155 8.01103e-07 1.69861e-08
0.0101556 8.01497e-07 1.70176e-08
0.0101562 8.0189e-07 1.70491e-08
0.0101569 8.02283e-07 1.70805e-08
0.0101575 8.02675e-07 1.71119e-08
0.0101581 8.03066e-07 1.71434e-08
0.0101587 8.03457e-07 1.71747e-08
0.0101593 8.03847e-07 1.72061e-08
0.01016 8.04236e-07 1.72375e-08
0.0101606 8.04624e-07 1.72688e-08
0.0101612 8.05012e-07 1.73001e-08
0.0101618 8.05399e-07 1.73314e-08
0.0101624 8.05786e-07 1.73627e-08
0.0101631 8.06172e-07 1.7394e-08
0.0101637 8.06557e-07 1.74252e-08
0.0101643 8.06941e-07 1.74565e-08
0.0101649 8.07325e-07 1.74877e-08
0.0101656 8.07708e-07 1.75189e-08
0.0101662 8.0809e-07 1.755e-08
0.0101668 8.08472e-07 1.75812e-08
0.0101674 8.08853e-07 1.76123e-08
0.010168 8.09233e-07 1.76434e-08
0.0101687 8.09613e-07 1.76745e-08
0.0101693 8.09992e-07 1.77056e-08
0.0101699 8.1037e-07 1.77367e-08
0.0101705 8.10747e-07 1.77677e-08
0.0101711 8.11124e-07 1.77988e-08
0.0101718 8.115e-07 1.78298e-08
0.0101724 8.11876e-07 1.78608e-08
0.010173 8.1225e-07 1.78917e-08
0.0101736 8.12624e-07 1.79227e-08
0.0101742 8.12998e-07 1.79536e-08
0.0101749 8.1337e-07 1.79845e-08
0.0101755 8.13742e-07 1.80154e-08
0.0101761 8.14114e-07 1.80463e-08
0.0101767 8.14484e-07 1.80772e-08
0.0101774 8.14854e-07 1.8108e-08
0.010178 8.15223e-07 1.81388e-08
0.0101786 8.15592e-07 1.81696e-08
0.0101792 8.15959e-07 1.82004e-08
0.0101798 8.16326e-07 1.82312e-08
0.0101805 8.16693e-07 1.82619e-08
0.0101811 8.17059e-07 1.82926e-08
0.0101817 8.17424e-07 1.83233e-08
0.0101823 8.17788e-07 1.8354e-08
0.0101829 8.18151e-07 1.83847e-08
0.0101836 8.18514e-07 1.84154e-08
0.0101842 8.18876e-07 1.8446e-08
0.0101848 8.19238e-07 1.84766e-08
0.0101854 8.19599e-07 1.85072e-08
0.0101861 8.19959e-07 1.85378e-08
0.0101867 8.20318e-07 1.85683e-08
0.0101873 8.20677e-07 1.85989e-08
0.0101879 8.21035e-07 1.86294e-08
0.0101885 8.21392e-07 1.86599e-08
0.0101892 8.21749e-07 1.86904e-08
0.0101898 8.22105e-07 1.87208e-08
0.0101904 8.2246e-07 1.87513e-08
0.010191 8.22814e-07 1.87817e-08
0.0101916 8.23168e-07 1.88121e-08
0.0101923 8.23521e-07 1.88425e-08
0.0101929 8.23873e-07 1.88728e-08
0.0101935 8.24225e-07 1.89032e-08
0.0101941 8.24576e-07 1.89335e-08
0.0101948 8.24926e-07 1.89638e-08
0.0101954 8.25276e-07 1.89941e-08
0.010196 8.25625e-07 1.90244e-08
0.0101966 8.25973e-07 1.90546e-08
0.0101972 8.2632e-07 1.90848e-08
0.0101979 8.26667e-07 1.9115e-08
0.0101985 8.27013e-07 1.91452e-08
0.0101991 8.27358e-07 1.91754e-08
0.0101997 8.27703e-07 1.92055e-08
0.0102003 8.28047e-07 1.92357e-08
0.010201 8.2839e-07 1.92658e-08
0.0102016 8.28733e-07 1.92959e-08
0.0102022 8.29074e-07 1.9326e-08
0.0102028 8.29416e-07 1.9356e-08
0.0102034 8.29756e-07 1.9386e-08
0.0102041 8.30096e-07 1.94161e-08
0.0102047 8.30435e-07 1.9446e-08
0.0102053 8.30773e-07 1.9476e-08
0.0102059 8.3111e-07 1.9506e-08
0.0102066 8.31447e-07 1.95359e-08
0.0102072 8.31783e-07 1.95658e-08
0.0102078 8.32119e-07 1.95957e-08
0.0102084 8.32454e-07 1.96256e-08
0.010209 8.32788e-07 1.96554e-08
0.0102097 8.33121e-07 1.96853e-08
0.0102103 8.33454e-07 1.97151e-08
0.0102109 8.33786e-07 1.97449e-08
0.0102115 8.34117e-07 1.97747e-08
0.0102121 8.34447e-07 1.98044e-08
0.0102128 8.34777e-07 1.98342e-08
0.0102134 8.35106e-07 1.98639e-08
0.010214 8.35434e-07 1.98936e-08
0.0102146 8.35762e-07 1.99232e-08
0.0102153 8.36089e-07 1.99529e-08
0.0102159 8.36415e-07 1.99825e-08
0.0102165 8.36741e-07 2.00121e-08
0.0102171 8.37066e-07 2.00417e-08
0.0102177 8.3739e-07 2.00713e-08
0.0102184 8.37713e-07 2.01009e-08
0.010219 8.38036e-07 2.01304e-08
0.0102196 8.38358e-07 2.01599e-08
0.0102202 8.38679e-07 2.01894e-08
0.0102208 8.38999e-07 2.02189e-08
0.0102215 8.39319e-07 2.02483e-08
0.0102221 8.39638e-07 2.02778e-08
0.0102227 8.39957e-07 2.03072e-08
0.0102233 8.40274e-07 2.03366e-08
0.010224 8.40591e-07 2.03659e-08
0.0102246 8.40908e-07 2.03953e-08
0.0102252 8.41223e-07 2.04246e-08
0.0102258 8.41538e-07 2.04539e-08
0.0102264 8.41852e-07 2.04832e-08
0.0102271 8.42166e-07 2.05125e-08
0.0102277 8.42478e-07 2.05417e-08
0.0102283 8.4279e-07 2.0571e-08
0.0102289 8.43102e-07 2.06002e-08
0.0102295 8.43412e-07 2.06293e-08
0.0102302 8.43722e-07 2.06585e-08
0.0102308 8.44031e-07 2.06877e-08
0.0102314 8.44339e-07 2.07168e-08
0.010232 8.44647e-07 2.07459e-08
0.0102326 8.44954e-07 2.0775e-08
0.0102333 8.4526e-07 2.0804e-08
0.0102339 8.45566e-07 2.08331e-08
0.0102345 8.45871e-07 2.08621e-08
0.0102351 8.46175e-07 2.08911e-08
0.0102358 8.46478e-07 2.09201e-08
0.0102364 8.46781e-07 2.0949e-08
0.010237 8.47083e-07 2.0978e-08
0.0102376 8.47384e-07 2.10069e-08
0.0102382 8.47685e-07 2.10358e-08
0.0102389 8.47984e-07 2.10646e-08
0.0102395 8.48284e-07 2.10935e-08
0.0102401 8.48582e-07 2.11223e-08
0.0102407 8.4888e-07 2.11511e-08
0.0102413 8.49177e-07 2.11799e-08
0.010242 8.49473e-07 2.12087e-08
0.0102426 8.49768e-07 2.12374e-08
0.0102432 8.50063e-07 2.12662e-08
0.0102438 8.50357e-07 2.12949e-08
0.0102445 8.50651e-07 2.13236e-08
0.0102451 8.50943e-07 2.13522e-08
0.0102457 8.51235e-07 2.13809e-08
0.0102463 8.51526e-07 2.14095e-08
0.0102469 8.51817e-07 2.14381e-08
0.0102476 8.52107e-07 2.14667e-08
0.0102482 8.52396e-07 2.14952e-08
0.0102488 8.52684e-07 2.15238e-08
0.0102494 8.52972e-07 2.15523e-08
0.01025 8.53258e-07 2.15808e-08
0.0102507 8.53545e-07 2.16092e-08
0.0102513 8.5383e-07 2.16377e-08
0.0102519 8.54115e-07 2.16661e-08
0.0102525 8.54399e-07 2.16945e-08
0.0102532 8.54682e-07 2.17229e-08
0.0102538 8.54965e-07 2.17513e-08
0.0102544 8.55246e-07 2.17796e-08
0.010255 8.55528e-07 2.18079e-08
0.0102556 8.55808e-07 2.18362e-08
0.0102563 8.56088e-07 2.18645e-08
0.0102569 8.56367e-07 2.18928e-08
0.0102575 8.56645e-07 2.1921e-08
0.0102581 8.56922e-07 2.19493e-08
0.0102587 8.57199e-07 2.19775e-08
0.0102594 8.57475e-07 2.20058e-08
0.01026 8.57751e-07 2.2034e-08
0.0102606 8.58025e-07 2.20621e-08
0.0102612 8.58299e-07 2.20903e-08
0.0102619 8.58572e-07 2.21185e-08
0.0102625 8.58845e-07 2.21466e-08
0.0102631 8.59117e-07 2.21747e-08
0.0102637 8.59388e-07 2.22028e-08
0.0102643 8.59658e-07 2.22308e-08
0.010265 8.59927e-07 2.22588e-08
0.0102656 8.60196e-07 2.22869e-08
0.0102662 8.60464e-07 2.23148e-08
0.0102668 8.60732e-07 2.23428e-08
0.0102674 8.60998e-07 2.23708e-08
0.0102681 8.61264e-07 2.23987e-08
0.0102687 8.6153e-07 2.24266e-08
0.0102693 8.61794e-07 2.24545e-08
0.0102699 8.62058e-07 2.24823e-08
0.0102705 8.62321e-07 2.25101e-08
0.0102712 8.62583e-07 2.2538e-08
0.0102718 8.62845e-07 2.25658e-08
0.0102724 8.63106e-07 2.25935e-08
0.010273 8.63366e-07 2.26213e-08
0.0102737 8.63625e-07 2.2649e-08
0.0102743 8.63884e-07 2.26767e-08
0.0102749 8.64142e-07 2.27044e-08
0.0102755 8.64399e-07 2.2732e-08
0.0102761 8.64656e-07 2.27597e-08
0.0102768 8.64912e-07 2.27873e-08
0.0102774 8.65167e-07 2.28149e-08
0.010278 8.65421e-07 2.28424e-08
0.0102786 8.65675e-07 2.287e-08
0.0102792 8.65928e-07 2.28975e-08
0.0102799 8.6618e-07 2.2925e-08
0.0102805 8.66431e-07 2.29525e-08
0.0102811 8.66682e-07 2.29799e-08
0.0102817 8.66932e-07 2.30074e-08
0.0102824 8.67182e-07 2.30348e-08
0.010283 8.6743e-07 2.30622e-08
0.0102836 8.67678e-07 2.30895e-08
0.0102842 8.67925e-07 2.31169e-08
0.0102848 8.68171e-07 2.31442e-08
0.0102855 8.68417e-07 2.31715e-08
0.0102861 8.68662e-07 2.31987e-08
0.0102867 8.68906e-07 2.3226e-08
0.0102873 8.6915e-07 2.32532e-08
0.0102879 8.69392e-07 2.32804e-08
0.0102886 8.69635e-07 2.33076e-08
0.0102892 8.69876e-07 2.33348e-08
0.0102898 8.70116e-07 2.33619e-08
0.0102904 8.70356e-07 2.3389e-08
0.0102911 8.70595e-07 2.34161e-08
0.0102917 8.70834e-07 2.34432e-08
0.0102923 8.71071e-07 2.34702e-08
0.0102929 8.71308e-07 2.34972e-08
0.0102935 8.71545e-07 2.35242e-08
0.0102942 8.7178e-07 2.35512e-08
0.0102948 8.72015e-07 2.35782e-08
0.0102954 8.72249e-07 2.36051e-08
0.010296 8.72482e-07 2.3632e-08
0.0102966 8.72715e-07 2.36589e-08
0.0102973 8.72947e-07 2.36857e-08
0.0102979 8.73178e-07 2.37126e-08
0.0102985 8.73408e-07 2.37394e-08
0.0102991 8.73638e-07 2.37662e-08
0.0102997 8.73867e-07 2.37929e-08
0.0103004 8.74095e-07 2.38197e-08
0.010301 8.74322e-07 2.38464e-08
0.0103016 8.74549e-07 2.38731e-08
0.0103022 8.74775e-07 2.38998e-08
0.0103029 8.75e-07 2.39264e-08
0.0103035 8.75225e-07 2.3953e-08
0.0103041 8.75449e-07 2.39796e-08
0.0103047 8.75672e-07 2.40062e-08
0.0103053 8.75894e-07 2.40328e-08
0.010306 8.76116e-07 2.40593e-08
0.0103066 8.76337e-07 2.40858e-08
0.0103072 8.76557e-07 2.41123e-08
0.0103078 8.76777e-07 2.41388e-08
0.0103084 8.76995e-07 2.41652e-08
0.0103091 8.77213e-07 2.41916e-08
0.0103097 8.77431e-07 2.4218e-08
0.0103103 8.77647e-07 2.42444e-08
0.0103109 8.77863e-07 2.42707e-08
0.0103116 8.78078e-07 2.4297e-08
0.0103122 8.78292e-07 2.43233e-08
0.0103128 8.78506e-07 2.43496e-08
0.0103134 8.78719e-07 2.43758e-08
0.010314 8.78931e-07 2.44021e-08
0.0103147 8.79143e-07 2.44283e-08
0.0103153 8.79353e-07 2.44544e-08
0.0103159 8.79563e-07 2.44806e-08
0.0103165 8.79772e-07 2.45067e-08
0.0103171 8.79981e-07 2.45328e-08
0.0103178 8.80189e-07 2.45589e-08
0.0103184 8.80396e-07 2.4585e-08
0.010319 8.80602e-07 2.4611e-08
0.0103196 8.80808e-07 2.4637e-08
0.0103203 8.81013e-07 2.4663e-08
0.0103209 8.81217e-07 2.46889e-08
0.0103215 8.8142e-07 2.47149e-08
0.0103221 8.81623e-07 2.47408e-08
0.0103227 8.81825e-07 2.47667e-08
0.0103234 8.82026e-07 2.47925e-08
0.010324 8.82227e-07 2.48184e-08
0.0103246 8.82426e-07 2.48442e-08
0.0103252 8.82625e-07 2.487e-08
0.0103258 8.82824e-07 2.48958e-08
0.0103265 8.83021e-07 2.49215e-08
0.0103271 8.83218e-07 2.49472e-08
0.0103277 8.83414e-07 2.49729e-08
0.0103283 8.8361e-07 2.49986e-08
0.0103289 8.83804e-07 2.50242e-08
0.0103296 8.83998e-07 2.50498e-08
0.0103302 8.84191e-07 2.50754e-08
0.0103308 8.84384e-07 2.5101e-08
0.0103314 8.84576e-07 2.51265e-08
0.0103321 8.84767e-07 2.51521e-08
0.0103327 8.84957e-07 2.51776e-08
0.0103333 8.85146e-07 2.5203e-08
0.0103339 8.85335e-07 2.52285e-08
0.0103345 8.85523e-07 2.52539e-08
0.0103352 8.85711e-07 2.52793e-08
0.0103358 8.85897e-07 2.53047e-08
0.0103364 8.86083e-07 2.533e-08
0.010337 8.86268e-07 2.53554e-08
0.0103376 8.86453e-07 2.53807e-08
0.0103383 8.86636e-07 2.54059e-08
0.0103389 8.86819e-07 2.54312e-08
0.0103395 8.87002e-07 2.54564e-08
0.0103401 8.87183e-07 2.54816e-08
0.0103408 8.87364e-07 2.55068e-08
0.0103414 8.87544e-07 2.55319e-08
0.010342 8.87723e-07 2.55571e-08
0.0103426 8.87902e-07 2.55822e-08
0.0103432 8.8808e-07 2.56072e-08
0.0103439 8.88257e-07 2.56323e-08
0.0103445 8.88433e-07 2.56573e-08
0.0103451 8.88609e-07 2.56823e-08
0.0103457 8.88784e-07 2.57073e-08
0.0103463 8.88958e-07 2.57322e-08
0.010347 8.89132e-07 2.57572e-08
0.0103476 8.89304e-07 2.57821e-08
0.0103482 8.89476e-07 2.58069e-08
0.0103488 8.89648e-07 2.58318e-08
0.0103495 8.89818e-07 2.58566e-08
0.0103501 8.89988e-07 2.58814e-08
0.0103507 8.90157e-07 2.59062e-08
0.0103513 8.90325e-07 2.59309e-08
0.0103519 8.90493e-07 2.59557e-08
0.0103526 8.9066e-07 2.59804e-08
0.0103532 8.90826e-07 2.6005e-08
0.0103538 8.90992e-07 2.60297e-08
0.0103544 8.91156e-07 2.60543e-08
0.010355 8.9132e-07 2.60789e-08
0.0103557 8.91483e-07 2.61035e-08
0.0103563 8.91646e-07 2.6128e-08
0.0103569 8.91808e-07 2.61525e-08
0.0103575 8.91969e-07 2.6177e-08
0.0103582 8.92129e-07 2.62015e-08
0.0103588 8.92289e-07 2.62259e-08
0.0103594 8.92448e-07 2.62503e-08
0.01036 8.92606e-07 2.62747e-08
0.0103606 8.92763e-07 2.62991e-08
0.0103613 8.9292e-07 2.63234e-08
0.0103619 8.93076e-07 2.63478e-08
0.0103625 8.93231e-07 2.63721e-08
0.0103631 8.93385e-07 2.63963e-08
0.0103637 8.93539e-07 2.64206e-08
0.0103644 8.93692e-07 2.64448e-08
0.010365 8.93844e-07 2.64689e-08
0.0103656 8.93996e-07 2.64931e-08
0.0103662 8.94147e-07 2.65172e-08
0.0103668 8.94297e-07 2.65414e-08
0.0103675 8.94446e-07 2.65654e-08
0.0103681 8.94595e-07 2.65895e-08
0.0103687 8.94743e-07 2.66135e-08
0.0103693 8.9489e-07 2.66375e-08
0.01037 8.95036e-07 2.66615e-08
0.0103706 8.95182e-07 2.66855e-08
0.0103712 8.95327e-07 2.67094e-08
0.0103718 8.95471e-07 2.67333e-08
0.0103724 8.95615e-07 2.67572e-08
0.0103731 8.95758e-07 2.6781e-08
0.0103737 8.959e-07 2.68048e-08
0.0103743 8.96041e-07 2.68286e-08
0.0103749 8.96182e-07 2.68524e-08
0.0103755 8.96321e-07 2.68761e-08
0.0103762 8.96461e-07 2.68998e-08
0.0103768 8.96599e-07 2.69235e-08
0.0103774 8.96737e-07 2.69472e-08
0.010378 8.96874e-07 2.69708e-08
0.0103787 8.9701e-07 2.69945e-08
0.0103793 8.97145e-07 2.7018e-08
0.0103799 8.9728e-07 2.70416e-08
0.0103805 8.97414e-07 2.70651e-08
0.0103811 8.97547e-07 2.70886e-08
0.0103818 8.9768e-07 2.71121e-08
0.0103824 8.97812e-07 2.71356e-08
0.010383 8.97943e-07 2.7159e-08
0.0103836 8.98073e-07 2.71824e-08
0.0103842 8.98203e-07 2.72058e-08
0.0103849 8.98332e-07 2.72291e-08
0.0103855 8.9846e-07 2.72524e-08
0.0103861 8.98588e-07 2.72757e-08
0.0103867 8.98714e-07 2.7299e-08
0.0103874 8.9884e-07 2.73222e-08
0.010388 8.98966e-07 2.73454e-08
0.0103886 8.9909e-07 2.73686e-08
0.0103892 8.99214e-07 2.73918e-08
0.0103898 8.99337e-07 2.74149e-08
0.0103905 8.99459e-07 2.7438e-08
0.0103911 8.99581e-07 2.74611e-08
0.0103917 8.99702e-07 2.74842e-08
0.0103923 8.99822e-07 2.75072e-08
0.0103929 8.99942e-07 2.75302e-08
0.0103936 9.0006e-07 2.75531e-08
0.0103942 9.00178e-07 2.75761e-08
0.0103948 9.00296e-07 2.7599e-08
0.0103954 9.00412e-07 2.76219e-08
0.010396 9.00528e-07 2.76448e-08
0.0103967 9.00643e-07 2.76676e-08
0.0103973 9.00757e-07 2.76904e-08
0.0103979 9.00871e-07 2.77132e-08
0.0103985 9.00984e-07 2.77359e-08
0.0103992 9.01096e-07 2.77587e-08
0.0103998 9.01207e-07 2.77814e-08
0.0104004 9.01318e-07 2.7804e-08
0.010401 9.01428e-07 2.78267e-08
0.0104016 9.01537e-07 2.78493e-08
0.0104023 9.01646e-07 2.78719e-08
0.0104029 9.01754e-07 2.78945e-08
0.0104035 9.01861e-07 2.7917e-08
0.0104041 9.01967e-07 2.79395e-08
0.0104047 9.02073e-07 2.7962e-08
0.0104054 9.02178e-07 2.79844e-08
0.010406 9.02282e-07 2.80069e-08
0.0104066 9.02385e-07 2.80293e-08
0.0104072 9.02488e-07 2.80516e-08
0.0104079 9.0259e-07 2.8074e-08
0.0104085 9.02691e-07 2.80963e-08
0.0104091 9.02792e-07 2.81186e-08
0.0104097 9.02891e-07 2.81409e-08
0.0104103 9.0299e-07 2.81631e-08
0.010411 9.03089e-07 2.81853e-08
0.0104116 9.03186e-07 2.82075e-08
0.0104122 9.03283e-07 2.82296e-08
0.0104128 9.03379e-07 2.82518e-08
0.0104134 9.03475e-07 2.82739e-08
0.0104141 9.0357e-07 2.82959e-08
0.0104147 9.03664e-07 2.8318e-08
0.0104153 9.03757e-07 2.834e-08
0.0104159 9.03849e-07 2.8362e-08
0.0104166 9.03941e-07 2.83839e-08
0.0104172 9.04032e-07 2.84058e-08
0.0104178 9.04123e-07 2.84277e-08
0.0104184 9.04212e-07 2.84496e-08
0.010419 9.04301e-07 2.84715e-08
0.0104197 9.04389e-07 2.84933e-08
0.0104203 9.04477e-07 2.85151e-08
0.0104209 9.04563e-07 2.85368e-08
0.0104215 9.04649e-07 2.85586e-08
0.0104221 9.04735e-07 2.85803e-08
0.0104228 9.04819e-07 2.8602e-08
0.0104234 9.04903e-07 2.86236e-08
0.010424 9.04986e-07 2.86452e-08
0.0104246 9.0508e-07 2.86668e-08
0.0104252 9.0531e-07 2.86884e-08
0.0104259 9.05539e-07 2.87099e-08
0.0104265 9.05768e-07 2.87314e-08
0.0104271 9.05996e-07 2.87529e-08
0.0104277 9.06223e-07 2.87744e-08
0.0104284 9.0645e-07 2.87958e-08
0.010429 9.06676e-07 2.88172e-08
0.0104296 9.06901e-07 2.88385e-08
0.0104302 9.07125e-07 2.88599e-08
0.0104308 9.07349e-07 2.88812e-08
0.0104315 9.07572e-07 2.89025e-08
0.0104321 9.07794e-07 2.89237e-08
0.0104327 9.08016e-07 2.8945e-08
0.0104333 9.08236e-07 2.89662e-08
0.0104339 9.08456e-07 2.89873e-08
0.0104346 9.08676e-07 2.90085e-08
0.0104352 9.08894e-07 2.90296e-08
0.0104358 9.09112e-07 2.90507e-08
0.0104364 9.09329e-07 2.90717e-08
0.0104371 9.09546e-07 2.90927e-08
0.0104377 9.09762e-07 2.91137e-08
0.0104383 9.09977e-07 2.91347e-08
0.0104389 9.10191e-07 2.91556e-08
0.0104395 9.10404e-07 2.91766e-08
0.0104402 9.10617e-07 2.91974e-08
0.0104408 9.10829e-07 2.92183e-08
0.0104414 9.11041e-07 2.92391e-08
0.010442 9.11251e-07 2.92599e-08
0.0104426 9.11461e-07 2.92807e-08
0.0104433 9.11671e-07 2.93014e-08
0.0104439 9.11879e-07 2.93221e-08
0.0104445 9.12087e-07 2.93428e-08
0.0104451 9.12294e-07 2.93635e-08
0.0104458 9.125e-07 2.93841e-08
0.0104464 9.12706e-07 2.94047e-08
0.010447 9.1291e-07 2.94252e-08
0.0104476 9.13115e-07 2.94458e-08
0.0104482 9.13318e-07 2.94663e-08
0.0104489 9.13521e-07 2.94868e-08
0.0104495 9.13723e-07 2.95072e-08
0.0104501 9.13924e-07 2.95276e-08
0.0104507 9.14124e-07 2.9548e-08
0.0104513 9.14324e-07 2.95684e-08
0.010452 9.14523e-07 2.95887e-08
0.0104526 9.14721e-07 2.9609e-08
0.0104532 9.14919e-07 2.96293e-08
0.0104538 9.15116e-07 2.96495e-08
0.0104545 9.15312e-07 2.96697e-08
0.0104551 9.15507e-07 2.96899e-08
0.0104557 9.15702e-07 2.97101e-08
0.0104563 9.15896e-07 2.97302e-08
0.0104569 9.16089e-07 2.97503e-08
0.0104576 9.16282e-07 2.97704e-08
0.0104582 9.16474e-07 2.97904e-08
0.0104588 9.16665e-07 2.98104e-08
0.0104594 9.16855e-07 2.98304e-08
0.01046 9.17044e-07 2.98504e-08
0.0104607 9.17233e-07 2.98703e-08
0.0104613 9.17421e-07 2.98902e-08
0.0104619 9.17609e-07 2.991e-08
0.0104625 9.17796e-07 2.99299e-08
0.0104631 9.17981e-07 2.99497e-08
0.0104638 9.18167e-07 2.99695e-08
0.0104644 9.18351e-07 2.99892e-08
0.010465 9.18535e-07 3.00089e-08
0.0104656 9.18718e-07 3.00286e-08
0.0104663 9.189e-07 3.00482e-08
0.0104669 9.19082e-07 3.00679e-08
0.0104675 9.19263e-07 3.00875e-08
0.0104681 9.19443e-07 3.0107e-08
0.0104687 9.19622e-07 3.01266e-08
0.0104694 9.19801e-07 3.01461e-08
0.01047 9.19979e-07 3.01656e-08
0.0104706 9.20156e-07 3.0185e-08
0.0104712 9.20332e-07 3.02044e-08
0.0104718 9.20508e-07 3.02238e-08
0.0104725 9.20683e-07 3.02432e-08
0.0104731 9.20857e-07 3.02625e-08
0.0104737 9.21031e-07 3.02818e-08
0.0104743 9.21204e-07 3.03011e-08
0.010475 9.21376e-07 3.03203e-08
0.0104756 9.21547e-07 3.03395e-08
0.0104762 9.21718e-07 3.03587e-08
0.0104768 9.21888e-07 3.03778e-08
0.0104774 9.22057e-07 3.03969e-08
0.0104781 9.22225e-07 3.0416e-08
0.0104787 9.22393e-07 3.04351e-08
0.0104793 9.2256e-07 3.04541e-08
0.0104799 9.22726e-07 3.04731e-08
0.0104805 9.22892e-07 3.04921e-08
0.0104812 9.23056e-07 3.0511e-08
0.0104818 9.2322e-07 3.05299e-08
0.0104824 9.23384e-07 3.05488e-08
0.010483 9.23546e-07 3.05676e-08
0.0104837 9.23708e-07 3.05864e-08
0.0104843 9.23869e-07 3.06052e-08
0.0104849 9.2403e-07 3.0624e-08
0.0104855 9.24189e-07 3.06427e-08
0.0104861 9.24348e-07 3.06614e-08
0.0104868 9.24506e-07 3.06801e-08
0.0104874 9.24664e-07 3.06987e-08
0.010488 9.24821e-07 3.07173e-08
0.0104886 9.24977e-07 3.07359e-08
0.0104892 9.25132e-07 3.07544e-08
0.0104899 9.25286e-07 3.07729e-08
0.0104905 9.2544e-07 3.07914e-08
0.0104911 9.25593e-07 3.08098e-08
0.0104917 9.25746e-07 3.08283e-08
0.0104923 9.25897e-07 3.08467e-08
0.010493 9.26048e-07 3.0865e-08
0.0104936 9.26198e-07 3.08833e-08
0.0104942 9.26347e-07 3.09016e-08
0.0104948 9.26496e-07 3.09199e-08
0.0104955 9.26644e-07 3.09381e-08
0.0104961 9.26791e-07 3.09563e-08
0.0104967 9.26938e-07 3.09745e-08
0.0104973 9.27083e-07 3.09926e-08
0.0104979 9.27228e-07 3.10108e-08
0.0104986 9.27373e-07 3.10288e-08
0.0104992 9.27516e-07 3.10469e-08
0.0104998 9.27659e-07 3.10649e-08
0.0105004 9.27801e-07 3.10829e-08
0.010501 9.27942e-07 3.11009e-08
0.0105017 9.28083e-07 3.11188e-08
0.0105023 9.28223e-07 3.11367e-08
0.0105029 9.28362e-07 3.11545e-08
0.0105035 9.285e-07 3.11724e-08
0.0105042 9.28638e-07 3.11902e-08
0.0105048 9.28775e-07 3.12079e-08
0.0105054 9.28911e-07 3.12257e-08
0.010506 9.29046e-07 3.12434e-08
0.0105066 9.29181e-07 3.12611e-08
0.0105073 9.29315e-07 3.12787e-08
0.0105079 9.29448e-07 3.12963e-08
0.0105085 9.29581e-07 3.13139e-08
0.0105091 9.29713e-07 3.13315e-08
0.0105097 9.29844e-07 3.1349e-08
0.0105104 9.29974e-07 3.13665e-08
0.010511 9.30104e-07 3.13839e-08
0.0105116 9.30232e-07 3.14014e-08
0.0105122 9.3036e-07 3.14188e-08
0.0105129 9.30488e-07 3.14361e-08
0.0105135 9.30614e-07 3.14535e-08
0.0105141 9.3074e-07 3.14708e-08
0.0105147 9.30866e-07 3.1488e-08
0.0105153 9.3099e-07 3.15053e-08
0.010516 9.31114e-07 3.15225e-08
0.0105166 9.31237e-07 3.15397e-08
0.0105172 9.31359e-07 3.15568e-08
0.0105178 9.3148e-07 3.15739e-08
0.0105184 9.31601e-07 3.1591e-08
0.0105191 9.31721e-07 3.1608e-08
0.0105197 9.3184e-07 3.16251e-08
0.0105203 9.31959e-07 3.16421e-08
0.0105209 9.32077e-07 3.1659e-08
0.0105215 9.32194e-07 3.16759e-08
0.0105222 9.3231e-07 3.16928e-08
0.0105228 9.32426e-07 3.17097e-08
0.0105234 9.3254e-07 3.17265e-08
0.010524 9.32655e-07 3.17433e-08
0.0105247 9.32768e-07 3.17601e-08
0.0105253 9.32881e-07 3.17768e-08
0.0105259 9.32993e-07 3.17935e-08
0.0105265 9.33104e-07 3.18102e-08
0.0105271 9.33214e-07 3.18268e-08
0.0105278 9.33324e-07 3.18434e-08
0.0105284 9.33433e-07 3.186e-08
0.010529 9.33541e-07 3.18766e-08
0.0105296 9.33649e-07 3.18931e-08
0.0105302 9.33755e-07 3.19095e-08
0.0105309 9.33861e-07 3.1926e-08
0.0105315 9.33967e-07 3.19424e-08
0.0105321 9.34297e-07 3.19588e-08
0.0105327 9.34681e-07 3.19751e-08
0.0105334 9.35064e-07 3.19915e-08
0.010534 9.35447e-07 3.20077e-08
0.0105346 9.35828e-07 3.2024e-08
0.0105352 9.36208e-07 3.20402e-08
0.0105358 9.36587e-07 3.20564e-08
0.0105365 9.36965e-07 3.20726e-08
0.0105371 9.37342e-07 3.20887e-08
0.0105377 9.37718e-07 3.21048e-08
0.0105383 9.38093e-07 3.21209e-08
0.0105389 9.38467e-07 3.21369e-08
0.0105396 9.3884e-07 3.21529e-08
0.0105402 9.39212e-07 3.21689e-08
0.0105408 9.39583e-07 3.21848e-08
0.0105414 9.39953e-07 3.22007e-08
0.0105421 9.40321e-07 3.22166e-08
0.0105427 9.40689e-07 3.22324e-08
0.0105433 9.41056e-07 3.22482e-08
0.0105439 9.41422e-07 3.2264e-08
0.0105445 9.41787e-07 3.22797e-08
0.0105452 9.4215e-07 3.22954e-08
0.0105458 9.42513e-07 3.23111e-08
0.0105464 9.42875e-07 3.23267e-08
0.010547 9.43235e-07 3.23424e-08
0.0105476 9.43595e-07 3.23579e-08
0.0105483 9.43954e-07 3.23735e-08
0.0105489 9.44311e-07 3.2389e-08
0.0105495 9.44668e-07 3.24045e-08
0.0105501 9.45023e-07 3.24199e-08
0.0105508 9.45378e-07 3.24353e-08
0.0105514 9.45731e-07 3.24507e-08
0.010552 9.46084e-07 3.24661e-08
0.0105526 9.46435e-07 3.24814e-08
0.0105532 9.46786e-07 3.24967e-08
0.0105539 9.47135e-07 3.25119e-08
0.0105545 9.47484e-07 3.25271e-08
0.0105551 9.47831e-07 3.25423e-08
0.0105557 9.48178e-07 3.25575e-08
0.0105563 9.48523e-07 3.25726e-08
0.010557 9.48867e-07 3.25877e-08
0.0105576 9.49211e-07 3.26027e-08
0.0105582 9.49553e-07 3.26178e-08
0.0105588 9.49894e-07 3.26328e-08
0.0105594 9.50235e-07 3.26477e-08
0.0105601 9.50574e-07 3.26626e-08
0.0105607 9.50912e-07 3.26775e-08
0.0105613 9.51249e-07 3.26924e-08
0.0105619 9.51586e-07 3.27072e-08
0.0105626 9.51921e-07 3.2722e-08
0.0105632 9.52255e-07 3.27368e-08
0.0105638 9.52588e-07 3.27515e-08
0.0105644 9.5292e-07 3.27662e-08
0.010565 9.53251e-07 3.27808e-08
0.0105657 9.53581e-07 3.27955e-08
0.0105663 9.5391e-07 3.28101e-08
0.0105669 9.54239e-07 3.28246e-08
0.0105675 9.54566e-07 3.28392e-08
0.0105681 9.54892e-07 3.28536e-08
0.0105688 9.55217e-07 3.28681e-08
0.0105694 9.55541e-07 3.28825e-08
0.01057 9.55864e-07 3.28969e-08
0.0105706 9.56186e-07 3.29113e-08
0.0105713 9.56507e-07 3.29256e-08
0.0105719 9.56827e-07 3.29399e-08
0.0105725 9.57146e-07 3.29542e-08
0.0105731 9.57463e-07 3.29684e-08
0.0105737 9.5778e-07 3.29826e-08
0.0105744 9.58096e-07 3.29968e-08
0.010575 9.58411e-07 3.30109e-08
0.0105756 9.58725e-07 3.3025e-08
0.0105762 9.59038e-07 3.30391e-08
0.0105768 9.5935e-07 3.30531e-08
0.0105775 9.59661e-07 3.30671e-08
0.0105781 9.5997e-07 3.30811e-08
0.0105787 9.60279e-07 3.3095e-08
0.0105793 9.60587e-07 3.31089e-08
0.01058 9.60894e-07 3.31227e-08
0.0105806 9.612e-07 3.31366e-08
0.0105812 9.61504e-07 3.31504e-08
0.0105818 9.61808e-07 3.31641e-08
0.0105824 9.62111e-07 3.31779e-08
0.0105831 9.62412e-07 3.31916e-08
0.0105837 9.62713e-07 3.32052e-08
0.0105843 9.63013e-07 3.32189e-08
0.0105849 9.63312e-07 3.32324e-08
0.0105855 9.63609e-07 3.3246e-08
0.0105862 9.63906e-07 3.32595e-08
0.0105868 9.64202e-07 3.3273e-08
0.0105874 9.64496e-07 3.32865e-08
0.010588 9.6479e-07 3.32999e-08
0.0105886 9.65083e-07 3.33133e-08
0.0105893 9.65374e-07 3.33267e-08
0.0105899 9.65665e-07 3.334e-08
0.0105905 9.65954e-07 3.33533e-08
0.0105911 9.66243e-07 3.33665e-08
0.0105918 9.66531e-07 3.33798e-08
0.0105924 9.66817e-07 3.3393e-08
0.010593 9.67103e-07 3.34061e-08
0.0105936 9.67387e-07 3.34192e-08
0.0105942 9.67671e-07 3.34323e-08
0.0105949 9.67953e-07 3.34454e-08
0.0105955 9.68235e-07 3.34584e-08
0.0105961 9.68516e-07 3.34714e-08
0.0105967 9.68795e-07 3.34843e-08
0.0105973 9.69074e-07 3.34973e-08
0.010598 9.69351e-07 3.35101e-08
0.0105986 9.69628e-07 3.3523e-08
0.0105992 9.69903e-07 3.35358e-08
0.0105998 9.70178e-07 3.35486e-08
0.0106005 9.70451e-07 3.35613e-08
0.0106011 9.70724e-07 3.35741e-08
0.0106017 9.70995e-07 3.35867e-08
0.0106023 9.71266e-07 3.35994e-08
0.0106029 9.71535e-07 3.3612e-08
0.0106036 9.71804e-07 3.36246e-08
0.0106042 9.72071e-07 3.36371e-08
0.0106048 9.72338e-07 3.36496e-08
0.0106054 9.72603e-07 3.36621e-08
0.010606 9.72868e-07 3.36746e-08
0.0106067 9.73131e-07 3.3687e-08
0.0106073 9.73394e-07 3.36993e-08
0.0106079 9.73655e-07 3.37117e-08
0.0106085 9.73916e-07 3.3724e-08
0.0106092 9.74175e-07 3.37363e-08
0.0106098 9.74433e-07 3.37485e-08
0.0106104 9.74691e-07 3.37607e-08
0.010611 9.74947e-07 3.37729e-08
0.0106116 9.75203e-07 3.3785e-08
0.0106123 9.75457e-07 3.37971e-08
0.0106129 9.75711e-07 3.38092e-08
0.0106135 9.75963e-07 3.38212e-08
0.0106141 9.76215e-07 3.38332e-08
0.0106147 9.76465e-07 3.38452e-08
0.0106154 9.76715e-07 3.38571e-08
0.010616 9.76974e-07 3.3869e-08
0.0106166 9.77234e-07 3.38808e-08
0.0106172 9.77494e-07 3.38927e-08
0.0106178 9.77752e-07 3.39044e-08
0.0106185 9.78009e-07 3.39162e-08
0.0106191 9.78265e-07 3.39279e-08
0.0106197 9.78521e-07 3.39396e-08
0.0106203 9.78775e-07 3.39513e-08
0.010621 9.79028e-07 3.39629e-08
0.0106216 9.7928e-07 3.39745e-08
0.0106222 9.79532e-07 3.3986e-08
0.0106228 9.79782e-07 3.39975e-08
0.0106234 9.80031e-07 3.4009e-08
0.0106241 9.8028e-07 3.40204e-08
0.0106247 9.80527e-07 3.40319e-08
0.0106253 9.80773e-07 3.40432e-08
0.0106259 9.81019e-07 3.40546e-08
0.0106265 9.81263e-07 3.40659e-08
0.0106272 9.81506e-07 3.40771e-08
0.0106278 9.81749e-07 3.40884e-08
0.0106284 9.8199e-07 3.40996e-08
0.010629 9.8223e-07 3.41108e-08
0.0106297 9.8247e-07 3.41219e-08
0.0106303 9.82708e-07 3.4133e-08
0.0106309 9.82945e-07 3.4144e-08
0.0106315 9.83182e-07 3.41551e-08
0.0106321 9.83417e-07 3.41661e-08
0.0106328 9.83652e-07 3.4177e-08
0.0106334 9.83885e-07 3.41879e-08
0.010634 9.84117e-07 3.41988e-08
0.0106346 9.84349e-07 3.42097e-08
0.0106352 9.84579e-07 3.42205e-08
0.0106359 9.84809e-07 3.42313e-08
0.0106365 9.85037e-07 3.4242e-08
0.0106371 9.85265e-07 3.42528e-08
0.0106377 9.85491e-07 3.42634e-08
0.0106384 9.85717e-07 3.42741e-08
0.010639 9.85941e-07 3.42847e-08
0.0106396 9.86165e-07 3.42953e-08
0.0106402 9.86388e-07 3.43058e-08
0.0106408 9.86609e-07 3.43163e-08
0.0106415 9.8683e-07 3.43268e-08
0.0106421 9.87049e-07 3.43372e-08
0.0106427 9.87268e-07 3.43476e-08
0.0106433 9.87486e-07 3.4358e-08
0.0106439 9.87702e-07 3.43683e-08
0.0106446 9.87918e-07 3.43786e-08
0.0106452 9.88133e-07 3.43888e-08
0.0106458 9.88346e-07 3.43991e-08
0.0106464 9.88559e-07 3.44093e-08
0.0106471 9.88771e-07 3.44194e-08
0.0106477 9.88981e-07 3.44295e-08
0.0106483 9.89191e-07 3.44396e-08
0.0106489 9.894e-07 3.44497e-08
0.0106495 9.89608e-07 3.44597e-08
0.0106502 9.89815e-07 3.44696e-08
0.0106508 9.90021e-07 3.44796e-08
0.0106514 9.90225e-07 3.44895e-08
0.010652 9.90429e-07 3.44994e-08
0.0106526 9.90632e-07 3.45092e-08
0.0106533 9.90834e-07 3.4519e-08
0.0106539 9.91035e-07 3.45288e-08
0.0106545 9.91235e-07 3.45385e-08
0.0106551 9.91434e-07 3.45482e-08
0.0106557 9.91632e-07 3.45578e-08
0.0106564 9.91829e-07 3.45675e-08
0.010657 9.92025e-07 3.4577e-08
0.0106576 9.9222e-07 3.45866e-08
0.0106582 9.92414e-07 3.45961e-08
0.0106589 9.92607e-07 3.46056e-08
0.0106595 9.92799e-07 3.4615e-08
0.0106601 9.9299e-07 3.46245e-08
0.0106607 9.93181e-07 3.46338e-08
0.0106613 9.9337e-07 3.46432e-08
0.010662 9.93558e-07 3.46525e-08
0.0106626 9.93745e-07 3.46617e-08
0.0106632 9.93932e-07 3.4671e-08
0.0106638 9.94117e-07 3.46802e-08
0.0106644 9.94301e-07 3.46893e-08
0.0106651 9.94484e-07 3.46985e-08
0.0106657 9.94667e-07 3.47076e-08
0.0106663 9.94848e-07 3.47166e-08
0.0106669 9.95029e-07 3.47256e-08
0.0106676 9.95208e-07 3.47346e-08
0.0106682 9.95387e-07 3.47436e-08
0.0106688 9.95564e-07 3.47525e-08
0.0106694 9.95741e-07 3.47614e-08
0.01067 9.95916e-07 3.47702e-08
0.0106707 9.96091e-07 3.4779e-08
0.0106713 9.96264e-07 3.47878e-08
0.0106719 9.96437e-07 3.47965e-08
0.0106725 9.96609e-07 3.48052e-08
0.0106731 9.96779e-07 3.48139e-08
0.0106738 9.96949e-07 3.48225e-08
0.0106744 9.97118e-07 3.48311e-08
0.010675 9.97286e-07 3.48396e-08
0.0106756 9.97452e-07 3.48482e-08
0.0106763 9.97618e-07 3.48567e-08
0.0106769 9.97783e-07 3.48651e-08
0.0106775 9.97947e-07 3.48735e-08
0.0106781 9.9811e-07 3.48819e-08
0.0106787 9.98272e-07 3.48902e-08
0.0106794 9.98433e-07 3.48985e-08
0.01068 9.98593e-07 3.49068e-08
0.0106806 9.98752e-07 3.4915e-08
0.0106812 9.9891e-07 3.49232e-08
0.0106818 9.99067e-07 3.49314e-08
0.0106825 9.99223e-07 3.49395e-08
0.0106831 9.99379e-07 3.49476e-08
0.0106837 9.99533e-07 3.49557e-08
0.0106843 9.99686e-07 3.49637e-08
0.0106849 9.99838e-07 3.49717e-08
0.0106856 9.9999e-07 3.49796e-08
0.0106862 1.00014e-06 3.49875e-08
0.0106868 1.00029e-06 3.49954e-08
0.0106874 1.00044e-06 3.50032e-08
0.0106881 1.00059e-06 3.5011e-08
0.0106887 1.00073e-06 3.50188e-08
0.0106893 1.00088e-06 3.50265e-08
0.0106899 1.00102e-06 3.50342e-08
0.0106905 1.00117e-06 3.50419e-08
0.0106912 1.00131e-06 3.50495e-08
0.0106918 1.00145e-06 3.50571e-08
0.0106924 1.00159e-06 3.50647e-08
0.010693 1.00173e-06 3.50722e-08
0.0106936 1.00187e-06 3.50796e-08
0.0106943 1.00201e-06 3.50871e-08
0.0106949 1.00214e-06 3.50945e-08
0.0106955 1.00228e-06 3.51019e-08
0.0106961 1.00242e-06 3.51092e-08
0.0106968 1.00255e-06 3.51165e-08
0.0106974 1.00268e-06 3.51238e-08
0.010698 1.00281e-06 3.5131e-08
0.0106986 1.00295e-06 3.51382e-08
0.0106992 1.00308e-06 3.51453e-08
0.0106999 1.0032e-06 3.51524e-08
0.0107005 1.00333e-06 3.51595e-08
0.0107011 1.00346e-06 3.51666e-08
0.0107017 1.00359e-06 3.51736e-08
0.0107023 1.00371e-06 3.51805e-08
0.010703 1.00384e-06 3.51875e-08
0.0107036 1.00396e-06 3.51944e-08
0.0107042 1.00408e-06 3.52012e-08
0.0107048 1.0042e-06 3.52081e-08
0.0107055 1.00432e-06 3.52149e-08
0.0107061 1.00444e-06 3.52216e-08
0.0107067 1.00456e-06 3.52283e-08
0.0107073 1.00468e-06 3.5235e-08
0.0107079 1.0048e-06 3.52417e-08
0.0107086 1.00491e-06 3.52483e-08
0.0107092 1.00503e-06 3.52548e-08
0.0107098 1.00514e-06 3.52614e-08
0.0107104 1.00526e-06 3.52679e-08
0.010711 1.00537e-06 3.52743e-08
0.0107117 1.00548e-06 3.52808e-08
0.0107123 1.00559e-06 3.52872e-08
0.0107129 1.00574e-06 3.52935e-08
0.0107135 1.00593e-06 3.52998e-08
0.0107141 1.00612e-06 3.53061e-08
0.0107148 1.00631e-06 3.53124e-08
0.0107154 1.0065e-06 3.53186e-08
0.010716 1.00668e-06 3.53247e-08
0.0107166 1.00687e-06 3.53309e-08
0.0107173 1.00705e-06 3.5337e-08
0.0107179 1.00723e-06 3.5343e-08
0.0107185 1.00741e-06 3.53491e-08
0.0107191 1.00759e-06 3.53551e-08
0.0107197 1.00777e-06 3.5361e-08
0.0107204 1.00795e-06 3.53669e-08
0.010721 1.00813e-06 3.53728e-08
0.0107216 1.0083e-06 3.53786e-08
0.0107222 1.00848e-06 3.53845e-08
0.0107228 1.00865e-06 3.53902e-08
0.0107235 1.00882e-06 3.5396e-08
0.0107241 1.009e-06 3.54017e-08
0.0107247 1.00917e-06 3.54073e-08
0.0107253 1.00934e-06 3.54129e-08
0.010726 1.00951e-06 3.54185e-08
0.0107266 1.00967e-06 3.54241e-08
0.0107272 1.00984e-06 3.54296e-08
0.0107278 1.01001e-06 3.54351e-08
0.0107284 1.01017e-06 3.54405e-08
0.0107291 1.01033e-06 3.54459e-08
0.0107297 1.0105e-06 3.54513e-08
0.0107303 1.01066e-06 3.54566e-08
0.0107309 1.01082e-06 3.54619e-08
0.0107315 1.01098e-06 3.54672e-08
0.0107322 1.01114e-06 3.54724e-08
0.0107328 1.0113e-06 3.54776e-08
0.0107334 1.01145e-06 3.54827e-08
0.010734 1.01161e-06 3.54878e-08
0.0107347 1.01176e-06 3.54929e-08
0.0107353 1.01192e-06 3.5498e-08
0.0107359 1.01207e-06 3.5503e-08
0.0107365 1.01222e-06 3.55079e-08
0.0107371 1.01237e-06 3.55129e-08
0.0107378 1.01252e-06 3.55178e-08
0.0107384 1.01267e-06 3.55226e-08
0.010739 1.01281e-06 3.55274e-08
0.0107396 1.01296e-06 3.55322e-08
0.0107402 1.01311e-06 3.5537e-08
0.0107409 1.01325e-06 3.55417e-08
0.0107415 1.01339e-06 3.55463e-08
0.0107421 1.01354e-06 3.5551e-08
0.0107427 1.01368e-06 3.55556e-08
0.0107434 1.01382e-06 3.55601e-08
0.010744 1.01396e-06 3.55646e-08
0.0107446 1.01409e-06 3.55691e-08
0.0107452 1.01423e-06 3.55736e-08
0.0107458 1.01437e-06 3.5578e-08
0.0107465 1.0145e-06 3.55824e-08
0.0107471 1.01463e-06 3.55867e-08
0.0107477 1.01477e-06 3.5591e-08
0.0107483 1.0149e-06 3.55953e-08
0.0107489 1.01503e-06 3.55995e-08
0.0107496 1.01516e-06 3.56037e-08
0.0107502 1.01529e-06 3.56079e-08
0.0107508 1.01542e-06 3.5612e-08
0.0107514 1.01554e-06 3.56161e-08
0.010752 1.01567e-06 3.56201e-08
0.0107527 1.01579e-06 3.56241e-08
0.0107533 1.01592e-06 3.56281e-08
0.0107539 1.01604e-06 3.5632e-08
0.0107545 1.01616e-06 3.56359e-08
0.0107552 1.01628e-06 3.56398e-08
0.0107558 1.0164e-06 3.56436e-08
0.0107564 1.01652e-06 3.56474e-08
0.010757 1.01664e-06 3.56511e-08
0.0107576 1.01675e-06 3.56549e-08
0.0107583 1.01687e-06 3.56585e-08
0.0107589 1.01698e-06 3.56622e-08
0.0107595 1.01709e-06 3.56658e-08
0.0107601 1.01721e-06 3.56693e-08
0.0107607 1.01732e-06 3.56729e-08
0.0107614 1.01743e-06 3.56764e-08
0.010762 1.01754e-06 3.56798e-08
0.0107626 1.01764e-06 3.56832e-08
0.0107632 1.01775e-06 3.56866e-08
0.0107639 1.01786e-06 3.569e-08
0.0107645 1.01796e-06 3.56933e-08
0.0107651 1.01807e-06 3.56965e-08
0.0107657 1.01817e-06 3.56998e-08
0.0107663 1.01827e-06 3.5703e-08
0.010767 1.01837e-06 3.57061e-08
0.0107676 1.01847e-06 3.57093e-08
0.0107682 1.01857e-06 3.57123e-08
0.0107688 1.01867e-06 3.57154e-08
0.0107694 1.01876e-06 3.57184e-08
0.0107701 1.01886e-06 3.57214e-08
0.0107707 1.01895e-06 3.57243e-08
0.0107713 1.01905e-06 3.57272e-08
0.0107719 1.01914e-06 3.57301e-08
0.0107726 1.01923e-06 3.57329e-08
0.0107732 1.01932e-06 3.57357e-08
0.0107738 1.01941e-06 3.57384e-08
0.0107744 1.0195e-06 3.57412e-08
0.010775 1.01958e-06 3.57438e-08
0.0107757 1.01967e-06 3.57465e-08
0.0107763 1.01976e-06 3.57491e-08
0.0107769 1.01984e-06 3.57516e-08
0.0107775 1.01992e-06 3.57542e-08
0.0107781 1.02e-06 3.57567e-08
0.0107788 1.02009e-06 3.57591e-08
0.0107794 1.02017e-06 3.57615e-08
0.01078 1.02024e-06 3.57639e-08
0.0107806 1.02032e-06 3.57663e-08
0.0107812 1.0204e-06 3.57686e-08
0.0107819 1.02047e-06 3.57708e-08
0.0107825 1.02055e-06 3.57731e-08
0.0107831 1.02062e-06 3.57753e-08
0.0107837 1.02069e-06 3.57774e-08
0.0107844 1.02077e-06 3.57796e-08
0.010785 1.02084e-06 3.57816e-08
0.0107856 1.02091e-06 3.57837e-08
0.0107862 1.02097e-06 3.57857e-08
0.0107868 1.02104e-06 3.57877e-08
0.0107875 1.02111e-06 3.57896e-08
0.0107881 1.02117e-06 3.57915e-08
0.0107887 1.02124e-06 3.57934e-08
0.0107893 1.0213e-06 3.57952e-08
0.0107899 1.02136e-06 3.5797e-08
0.0107906 1.02142e-06 3.57987e-08
0.0107912 1.02148e-06 3.58004e-08
0.0107918 1.02154e-06 3.58021e-08
0.0107924 1.0216e-06 3.58038e-08
0.0107931 1.02166e-06 3.58054e-08
0.0107937 1.02171e-06 3.58069e-08
0.0107943 1.02177e-06 3.58085e-08
0.0107949 1.02182e-06 3.581e-08
0.0107955 1.02187e-06 3.58114e-08
0.0107962 1.02193e-06 3.58128e-08
0.0107968 1.02198e-06 3.58142e-08
0.0107974 1.02203e-06 3.58155e-08
0.010798 1.02208e-06 3.58169e-08
0.0107986 1.02212e-06 3.58181e-08
0.0107993 1.02217e-06 3.58194e-08
0.0107999 1.02221e-06 3.58205e-08
0.0108005 1.02226e-06 3.58217e-08
0.0108011 1.0223e-06 3.58228e-08
0.0108018 1.02234e-06 3.58239e-08
0.0108024 1.02239e-06 3.58249e-08
0.010803 1.02243e-06 3.5826e-08
0.0108036 1.02246e-06 3.58269e-08
0.0108042 1.0225e-06 3.58279e-08
0.0108049 1.02254e-06 3.58288e-08
0.0108055 1.02258e-06 3.58296e-08
0.0108061 1.02261e-06 3.58304e-08
0.0108067 1.02264e-06 3.58312e-08
0.0108073 1.02268e-06 3.5832e-08
0.010808 1.02271e-06 3.58327e-08
0.0108086 1.02274e-06 3.58334e-08
0.0108092 1.02277e-06 3.5834e-08
0.0108098 1.0228e-06 3.58346e-08
0.0108104 1.02283e-06 3.58352e-08
0.0108111 1.02285e-06 3.58357e-08
0.0108117 1.02288e-06 3.58362e-08
0.0108123 1.0229e-06 3.58366e-08
0.0108129 1.02293e-06 3.5837e-08
0.0108136 1.02295e-06 3.58374e-08
0.0108142 1.02297e-06 3.58377e-08
0.0108148 1.02299e-06 3.5838e-08
0.0108154 1.02301e-06 3.58383e-08
0.010816 1.02303e-06 3.58385e-08
0.0108167 1.02304e-06 3.58387e-08
0.0108173 1.02306e-06 3.58389e-08
0.0108179 1.02307e-06 3.5839e-08
0.0108185 1.02309e-06 3.58391e-08
0.0108191 1.0231e-06 3.58391e-08
0.0108198 1.02311e-06 3.58391e-08
0.0108204 1.02312e-06 3.58391e-08
0.010821 1.02313e-06 3.5839e-08
0.0108216 1.02314e-06 3.58389e-08
0.0108223 1.02315e-06 3.58388e-08
0.0108229 1.02316e-06 3.58386e-08
0.0108235 1.02316e-06 3.58384e-08
0.0108241 1.02317e-06 3.58381e-08
0.0108247 1.02317e-06 3.58378e-08
0.0108254 1.02317e-06 3.58375e-08
0.010826 1.02317e-06 3.58371e-08
0.0108266 1.02318e-06 3.58367e-08
0.0108272 1.02317e-06 3.58363e-08
0.0108278 1.02317e-06 3.58358e-08
0.0108285 1.02317e-06 3.58353e-08
0.0108291 1.02317e-06 3.58347e-08
0.0108297 1.02316e-06 3.58341e-08
0.0108303 1.02316e-06 3.58335e-08
0.010831 1.02315e-06 3.58328e-08
0.0108316 1.02314e-06 3.58321e-08
0.0108322 1.02313e-06 3.58314e-08
0.0108328 1.02312e-06 3.58306e-08
0.0108334 1.02311e-06 3.58298e-08
0.0108341 1.0231e-06 3.5829e-08
0.0108347 1.02308e-06 3.58281e-08
0.0108353 1.02307e-06 3.58271e-08
0.0108359 1.02305e-06 3.58262e-08
0.0108365 1.02304e-06 3.58252e-08
0.0108372 1.02302e-06 3.58241e-08
0.0108378 1.023e-06 3.58231e-08
0.0108384 1.02298e-06 3.5822e-08
0.010839 1.02296e-06 3.58208e-08
0.0108397 1.02294e-06 3.58196e-08
0.0108403 1.02292e-06 3.58184e-08
0.0108409 1.02289e-06 3.58171e-08
0.0108415 1.02287e-06 3.58159e-08
0.0108421 1.02284e-06 3.58145e-08
0.0108428 1.02282e-06 3.58132e-08
0.0108434 1.02279e-06 3.58117e-08
0.010844 1.02276e-06 3.58103e-08
0.0108446 1.02273e-06 3.58088e-08
0.0108452 1.0227e-06 3.58073e-08
0.0108459 1.02267e-06 3.58057e-08
0.0108465 1.02263e-06 3.58041e-08
0.0108471 1.0226e-06 3.58025e-08
0.0108477 1.02256e-06 3.58008e-08
0.0108483 1.02253e-06 3.57991e-08
0.010849 1.02249e-06 3.57974e-08
0.0108496 1.02245e-06 3.57956e-08
0.0108502 1.02241e-06 3.57938e-08
0.0108508 1.02237e-06 3.5792e-08
0.0108515 1.02233e-06 3.57901e-08
0.0108521 1.02229e-06 3.57881e-08
0.0108527 1.02224e-06 3.57862e-08
0.0108533 1.0222e-06 3.57842e-08
0.0108539 1.02215e-06 3.57821e-08
0.0108546 1.02211e-06 3.57801e-08
0.0108552 1.02206e-06 3.57779e-08
0.0108558 1.02201e-06 3.57758e-08
0.0108564 1.02196e-06 3.57736e-08
0.010857 1.02191e-06 3.57714e-08
0.0108577 1.02186e-06 3.57691e-08
0.0108583 1.0218e-06 3.57668e-08
0.0108589 1.02175e-06 3.57645e-08
0.0108595 1.02169e-06 3.57621e-08
0.0108602 1.02164e-06 3.57597e-08
0.0108608 1.02158e-06 3.57573e-08
0.0108614 1.02152e-06 3.57548e-08
0.010862 1.02146e-06 3.57523e-08
0.0108626 1.0214e-06 3.57497e-08
0.0108633 1.02134e-06 3.57471e-08
0.0108639 1.02128e-06 3.57445e-08
0.0108645 1.02122e-06 3.57418e-08
0.0108651 1.02115e-06 3.57391e-08
0.0108657 1.02109e-06 3.57363e-08
0.0108664 1.02102e-06 3.57336e-08
0.010867 1.02095e-06 3.57308e-08
0.0108676 1.02088e-06 3.57279e-08
0.0108682 1.02081e-06 3.5725e-08
0.0108689 1.02074e-06 3.57221e-08
0.0108695 1.02067e-06 3.57191e-08
0.0108701 1.0206e-06 3.57161e-08
0.0108707 1.02052e-06 3.57131e-08
0.0108713 1.02045e-06 3.571e-08
0.010872 1.02037e-06 3.57069e-08
0.0108726 1.0203e-06 3.57037e-08
0.0108732 1.02022e-06 3.57006e-08
0.0108738 1.02014e-06 3.56973e-08
0.0108744 1.02006e-06 3.56941e-08
0.0108751 1.01998e-06 3.56908e-08
0.0108757 1.01989e-06 3.56874e-08
0.0108763 1.01981e-06 3.56841e-08
0.0108769 1.01973e-06 3.56807e-08
0.0108775 1.01964e-06 3.56772e-08
0.0108782 1.01955e-06 3.56737e-08
0.0108788 1.01947e-06 3.56702e-08
0.0108794 1.01938e-06 3.56667e-08
0.01088 1.01929e-06 3.56631e-08
0.0108807 1.0192e-06 3.56594e-08
0.0108813 1.01911e-06 3.56558e-08
0.0108819 1.01901e-06 3.56521e-08
0.0108825 1.01892e-06 3.56483e-08
0.0108831 1.01883e-06 3.56445e-08
0.0108838 1.01873e-06 3.56407e-08
0.0108844 1.01863e-06 3.56369e-08
0.010885 1.01853e-06 3.5633e-08
0.0108856 1.01844e-06 3.56291e-08
0.0108862 1.01834e-06 3.56251e-08
0.0108869 1.01823e-06 3.56211e-08
0.0108875 1.01813e-06 3.56171e-08
0.0108881 1.01803e-06 3.5613e-08
0.0108887 1.01793e-06 3.56089e-08
0.0108894 1.01782e-06 3.56048e-08
0.01089 1.01771e-06 3.56006e-08
0.0108906 1.01761e-06 3.55964e-08
0.0108912 1.0175e-06 3.55921e-08
0.0108918 1.01739e-06 3.55878e-08
0.0108925 1.01728e-06 3.55835e-08
0.0108931 1.01717e-06 3.55791e-08
0.0108937 1.01705e-06 3.55747e-08
0.0108943 1.01694e-06 3.55703e-08
0.0108949 1.01683e-06 3.55658e-08
0.0108956 1.01671e-06 3.55613e-08
0.0108962 1.01659e-06 3.55567e-08
0.0108968 1.01648e-06 3.55521e-08
0.0108974 1.01636e-06 3.55475e-08
0.0108981 1.01624e-06 3.55429e-08
0.0108987 1.01612e-06 3.55382e-08
0.0108993 1.01599e-06 3.55334e-08
0.0108999 1.01587e-06 3.55287e-08
0.0109005 1.01575e-06 3.55238e-08
0.0109012 1.01562e-06 3.5519e-08
0.0109018 1.0155e-06 3.55141e-08
0.0109024 1.01537e-06 3.55092e-08
0.010903 1.01524e-06 3.55043e-08
0.0109036 1.01511e-06 3.54993e-08
0.0109043 1.01498e-06 3.54942e-08
0.0109049 1.01485e-06 3.54892e-08
0.0109055 1.01472e-06 3.54841e-08
0.0109061 1.01459e-06 3.54789e-08
0.0109067 1.01445e-06 3.54738e-08
0.0109074 1.01432e-06 3.54685e-08
0.010908 1.01418e-06 3.54633e-08
0.0109086 1.01404e-06 3.5458e-08
0.0109092 1.0139e-06 3.54527e-08
0.0109099 1.01376e-06 3.54473e-08
0.0109105 1.01362e-06 3.5442e-08
0.0109111 1.01348e-06 3.54365e-08
0.0109117 1.01334e-06 3.54311e-08
0.0109123 1.0132e-06 3.54256e-08
0.010913 1.01305e-06 3.542e-08
0.0109136 1.01291e-06 3.54144e-08
0.0109142 1.01276e-06 3.54088e-08
0.0109148 1.01261e-06 3.54032e-08
0.0109154 1.01246e-06 3.53975e-08
0.0109161 1.01231e-06 3.53918e-08
0.0109167 1.01216e-06 3.5386e-08
0.0109173 1.01201e-06 3.53802e-08
0.0109179 1.01186e-06 3.53744e-08
0.0109186 1.0117e-06 3.53685e-08
0.0109192 1.01155e-06 3.53626e-08
0.0109198 1.01139e-06 3.53567e-08
0.0109204 1.01124e-06 3.53507e-08
0.010921 1.01108e-06 3.53447e-08
0.0109217 1.01092e-06 3.53386e-08
0.0109223 1.01076e-06 3.53326e-08
0.0109229 1.0106e-06 3.53264e-08
0.0109235 1.01044e-06 3.53203e-08
0.0109241 1.01027e-06 3.53141e-08
0.0109248 1.01011e-06 3.53079e-08
0.0109254 1.00994e-06 3.53016e-08
0.010926 1.00978e-06 3.52953e-08
0.0109266 1.00961e-06 3.52889e-08
0.0109273 1.00944e-06 3.52826e-08
0.0109279 1.00927e-06 3.52762e-08
0.0109285 1.0091e-06 3.52697e-08
0.0109291 1.00893e-06 3.52632e-08
0.0109297 1.00876e-06 3.52567e-08
0.0109304 1.00858e-06 3.52501e-08
0.010931 1.00841e-06 3.52435e-08
0.0109316 1.00823e-06 3.52369e-08
0.0109322 1.00806e-06 3.52302e-08
0.0109328 1.00788e-06 3.52235e-08
0.0109335 1.0077e-06 3.52168e-08
0.0109341 1.00752e-06 3.521e-08
0.0109347 1.00734e-06 3.52032e-08
0.0109353 1.00716e-06 3.51964e-08
0.010936 1.00698e-06 3.51895e-08
0.0109366 1.00679e-06 3.51826e-08
0.0109372 1.00661e-06 3.51756e-08
0.0109378 1.00642e-06 3.51686e-08
0.0109384 1.00624e-06 3.51616e-08
0.0109391 1.00605e-06 3.51545e-08
0.0109397 1.00586e-06 3.51474e-08
0.0109403 1.00567e-06 3.51403e-08
0.0109409 1.00548e-06 3.51331e-08
0.0109415 1.00529e-06 3.51259e-08
0.0109422 1.00509e-06 3.51187e-08
0.0109428 1.0049e-06 3.51114e-08
0.0109434 1.00471e-06 3.51041e-08
0.010944 1.00451e-06 3.50967e-08
0.0109446 1.00431e-06 3.50893e-08
0.0109453 1.00411e-06 3.50819e-08
0.0109459 1.00392e-06 3.50745e-08
0.0109465 1.00372e-06 3.5067e-08
0.0109471 1.00351e-06 3.50594e-08
0.0109478 1.00331e-06 3.50519e-08
0.0109484 1.00311e-06 3.50443e-08
0.010949 1.0029e-06 3.50366e-08
0.0109496 1.0027e-06 3.50289e-08
0.0109502 1.00249e-06 3.50212e-08
0.0109509 1.00229e-06 3.50135e-08
0.0109515 1.00208e-06 3.50057e-08
0.0109521 1.00187e-06 3.49979e-08
0.0109527 1.00166e-06 3.499e-08
0.0109533 1.00145e-06 3.49821e-08
0.010954 1.00124e-06 3.49742e-08
0.0109546 1.00102e-06 3.49662e-08
0.0109552 1.00081e-06 3.49582e-08
0.0109558 1.00059e-06 3.49502e-08
0.0109565 1.00038e-06 3.49421e-08
0.0109571 1.00016e-06 3.4934e-08
0.0109577 9.99941e-07 3.49259e-08
0.0109583 9.99721e-07 3.49177e-08
0.0109589 9.99501e-07 3.49095e-08
0.0109596 9.9928e-07 3.49012e-08
0.0109602 9.99057e-07 3.4893e-08
0.0109608 9.98834e-07 3.48846e-08
0.0109614 9.9861e-07 3.48763e-08
0.010962 9.98384e-07 3.48679e-08
0.0109627 9.98158e-07 3.48595e-08
0.0109633 9.9793e-07 3.4851e-08
0.0109639 9.97702e-07 3.48425e-08
0.0109645 9.97473e-07 3.4834e-08
0.0109652 9.97242e-07 3.48254e-08
0.0109658 9.97011e-07 3.48168e-08
0.0109664 9.96778e-07 3.48082e-08
0.010967 9.96545e-07 3.47995e-08
0.0109676 9.9631e-07 3.47908e-08
0.0109683 9.96075e-07 3.4782e-08
0.0109689 9.95838e-07 3.47732e-08
0.0109695 9.95604e-07 3.47644e-08
0.0109701 9.95373e-07 3.47556e-08
0.0109707 9.9514e-07 3.47467e-08
0.0109714 9.94907e-07 3.47378e-08
0.010972 9.94673e-07 3.47288e-08
0.0109726 9.94437e-07 3.47198e-08
0.0109732 9.94201e-07 3.47108e-08
0.0109738 9.93964e-07 3.47017e-08
0.0109745 9.93725e-07 3.46926e-08
0.0109751 9.93486e-07 3.46835e-08
0.0109757 9.93245e-07 3.46743e-08
0.0109763 9.93004e-07 3.46651e-08
0.010977 9.92762e-07 3.46558e-08
0.0109776 9.92518e-07 3.46466e-08
0.0109782 9.92274e-07 3.46373e-08
0.0109788 9.92029e-07 3.46279e-08
0.0109794 9.91782e-07 3.46185e-08
0.0109801 9.91535e-07 3.46091e-08
0.0109807 9.91287e-07 3.45997e-08
0.0109813 9.91037e-07 3.45902e-08
0.0109819 9.90787e-07 3.45806e-08
0.0109825 9.90536e-07 3.45711e-08
0.0109832 9.90283e-07 3.45615e-08
0.0109838 9.9003e-07 3.45519e-08
0.0109844 9.89776e-07 3.45422e-08
0.010985 9.8952e-07 3.45325e-08
0.0109857 9.89264e-07 3.45227e-08
0.0109863 9.89007e-07 3.4513e-08
0.0109869 9.88749e-07 3.45032e-08
0.0109875 9.88489e-07 3.44933e-08
0.0109881 9.88229e-07 3.44835e-08
0.0109888 9.87968e-07 3.44735e-08
0.0109894 9.87706e-07 3.44636e-08
0.01099 9.87443e-07 3.44536e-08
0.0109906 9.87178e-07 3.44436e-08
0.0109912 9.86913e-07 3.44336e-08
0.0109919 9.86647e-07 3.44235e-08
0.0109925 9.8638e-07 3.44133e-08
0.0109931 9.86112e-07 3.44032e-08
0.0109937 9.85843e-07 3.4393e-08
0.0109944 9.85573e-07 3.43828e-08
0.010995 9.85302e-07 3.43725e-08
0.0109956 9.85029e-07 3.43622e-08
0.0109962 9.84756e-07 3.43519e-08
0.0109968 9.84482e-07 3.43415e-08
0.0109975 9.84207e-07 3.43311e-08
0.0109981 9.83931e-07 3.43207e-08
0.0109987 9.83654e-07 3.43102e-08
0.0109993 9.83376e-07 3.42997e-08
0.0109999 9.83097e-07 3.42892e-08
0.0110006 9.82817e-07 3.42786e-08
0.0110012 9.82537e-07 3.4268e-08
0.0110018 9.82255e-07 3.42574e-08
0.0110024 9.81972e-07 3.42467e-08
0.011003 9.81688e-07 3.4236e-08
0.0110037 9.81403e-07 3.42252e-08
0.0110043 9.81117e-07 3.42144e-08
0.0110049 9.80831e-07 3.42036e-08
0.0110055 9.80543e-07 3.41928e-08
0.0110062 9.80254e-07 3.41819e-08
0.0110068 9.79964e-07 3.4171e-08
0.0110074 9.79674e-07 3.416e-08
0.011008 9.79382e-07 3.4149e-08
0.0110086 9.79089e-07 3.4138e-08
0.0110093 9.78796e-07 3.4127e-08
0.0110099 9.78501e-07 3.41159e-08
0.0110105 9.78206e-07 3.41047e-08
0.0110111 9.77909e-07 3.40936e-08
0.0110117 9.77612e-07 3.40824e-08
0.0110124 9.77313e-07 3.40712e-08
0.011013 9.77014e-07 3.40599e-08
0.0110136 9.76713e-07 3.40486e-08
0.0110142 9.76412e-07 3.40373e-08
0.0110149 9.76109e-07 3.40259e-08
0.0110155 9.75806e-07 3.40145e-08
0.0110161 9.75502e-07 3.40031e-08
0.0110167 9.75197e-07 3.39916e-08
0.0110173 9.7489e-07 3.39801e-08
0.011018 9.74583e-07 3.39685e-08
0.0110186 9.74275e-07 3.3957e-08
0.0110192 9.73966e-07 3.39454e-08
0.0110198 9.73656e-07 3.39337e-08
0.0110204 9.73345e-07 3.39221e-08
0.0110211 9.73033e-07 3.39103e-08
0.0110217 9.7272e-07 3.38986e-08
0.0110223 9.72406e-07 3.38868e-08
0.0110229 9.72091e-07 3.3875e-08
0.0110236 9.71775e-07 3.38632e-08
0.0110242 9.71458e-07 3.38513e-08
0.0110248 9.7114e-07 3.38394e-08
0.0110254 9.70821e-07 3.38274e-08
0.011026 9.70502e-07 3.38154e-08
0.0110267 9.70181e-07 3.38034e-08
0.0110273 9.69859e-07 3.37914e-08
0.0110279 9.69537e-07 3.37793e-08
0.0110285 9.69213e-07 3.37672e-08
0.0110291 9.68888e-07 3.3755e-08
0.0110298 9.68563e-07 3.37429e-08
0.0110304 9.68236e-07 3.37306e-08
0.011031 9.67909e-07 3.37184e-08
0.0110316 9.67581e-07 3.37061e-08
0.0110323 9.67251e-07 3.36938e-08
0.0110329 9.66921e-07 3.36814e-08
0.0110335 9.6659e-07 3.3669e-08
0.0110341 9.66258e-07 3.36566e-08
0.0110347 9.65925e-07 3.36442e-08
0.0110354 9.6559e-07 3.36317e-08
0.011036 9.65255e-07 3.36191e-08
0.0110366 9.64919e-07 3.36066e-08
0.0110372 9.64582e-07 3.3594e-08
0.0110378 9.64244e-07 3.35814e-08
0.0110385 9.63906e-07 3.35687e-08
0.0110391 9.63566e-07 3.3556e-08
0.0110397 9.63225e-07 3.35433e-08
0.0110403 9.62883e-07 3.35306e-08
0.0110409 9.62541e-07 3.35178e-08
0.0110416 9.62197e-07 3.35049e-08
0.0110422 9.61852e-07 3.34921e-08
0.0110428 9.61507e-07 3.34792e-08
0.0110434 9.61161e-07 3.34663e-08
0.0110441 9.60813e-07 3.34533e-08
0.0110447 9.60465e-07 3.34403e-08
0.0110453 9.60115e-07 3.34273e-08
0.0110459 9.59765e-07 3.34142e-08
0.0110465 9.59414e-07 3.34011e-08
0.0110472 9.59062e-07 3.3388e-08
0.0110478 9.58709e-07 3.33749e-08
0.0110484 9.58355e-07 3.33617e-08
0.011049 9.58e-07 3.33484e-08
0.0110496 9.57644e-07 3.33352e-08
0.0110503 9.57287e-07 3.33219e-08
0.0110509 9.56929e-07 3.33086e-08
0.0110515 9.56571e-07 3.32952e-08
0.0110521 9.56211e-07 3.32818e-08
0.0110528 9.5585e-07 3.32684e-08
0.0110534 9.55489e-07 3.32549e-08
0.011054 9.55127e-07 3.32415e-08
0.0110546 9.54763e-07 3.32279e-08
0.0110552 9.54399e-07 3.32144e-08
0.0110559 9.54034e-07 3.32008e-08
0.0110565 9.53667e-07 3.31872e-08
0.0110571 9.533e-07 3.31735e-08
0.0110577 9.52932e-07 3.31598e-08
0.0110583 9.52563e-07 3.31461e-08
0.011059 9.52193e-07 3.31324e-08
0.0110596 9.51822e-07 3.31186e-08
0.0110602 9.5145e-07 3.31047e-08
0.0110608 9.51078e-07 3.30909e-08
0.0110615 9.50704e-07 3.3077e-08
0.0110621 9.5033e-07 3.30631e-08
0.0110627 9.49954e-07 3.30491e-08
0.0110633 9.49578e-07 3.30352e-08
0.0110639 9.492e-07 3.30211e-08
0.0110646 9.48822e-07 3.30071e-08
0.0110652 9.48443e-07 3.2993e-08
0.0110658 9.48062e-07 3.29789e-08
0.0110664 9.47681e-07 3.29648e-08
0.011067 9.47299e-07 3.29506e-08
0.0110677 9.46916e-07 3.29364e-08
0.0110683 9.46533e-07 3.29221e-08
0.0110689 9.46148e-07 3.29078e-08
0.0110695 9.45762e-07 3.28935e-08
0.0110701 9.45375e-07 3.28792e-08
0.0110708 9.44988e-07 3.28648e-08
0.0110714 9.44599e-07 3.28504e-08
0.011072 9.4421e-07 3.2836e-08
0.0110726 9.4382e-07 3.28215e-08
0.0110733 9.43429e-07 3.2807e-08
0.0110739 9.43036e-07 3.27925e-08
0.0110745 9.42643e-07 3.27779e-08
0.0110751 9.42249e-07 3.27633e-08
0.0110757 9.41855e-07 3.27487e-08
0.0110764 9.41459e-07 3.2734e-08
0.011077 9.41062e-07 3.27193e-08
0.0110776 9.40664e-07 3.27046e-08
0.0110782 9.40266e-07 3.26898e-08
0.0110788 9.39866e-07 3.2675e-08
0.0110795 9.39466e-07 3.26602e-08
0.0110801 9.39065e-07 3.26453e-08
0.0110807 9.38663e-07 3.26304e-08
0.0110813 9.38259e-07 3.26155e-08
0.011082 9.37855e-07 3.26006e-08
0.0110826 9.3745e-07 3.25856e-08
0.0110832 9.37045e-07 3.25706e-08
0.0110838 9.36638e-07 3.25555e-08
0.0110844 9.3623e-07 3.25404e-08
0.0110851 9.35822e-07 3.25253e-08
0.0110857 9.35412e-07 3.25102e-08
0.0110863 9.35002e-07 3.2495e-08
0.0110869 9.34591e-07 3.24798e-08
0.0110875 9.34178e-07 3.24645e-08
0.0110882 9.33765e-07 3.24493e-08
0.0110888 9.33351e-07 3.2434e-08
0.0110894 9.32936e-07 3.24186e-08
0.01109 9.32521e-07 3.24033e-08
0.0110907 9.32104e-07 3.23879e-08
0.0110913 9.31686e-07 3.23724e-08
0.0110919 9.31268e-07 3.2357e-08
0.0110925 9.30849e-07 3.23415e-08
0.0110931 9.30428e-07 3.23259e-08
0.0110938 9.30007e-07 3.23104e-08
0.0110944 9.29585e-07 3.22948e-08
0.011095 9.29162e-07 3.22792e-08
0.0110956 9.28738e-07 3.22635e-08
0.0110962 9.28313e-07 3.22478e-08
0.0110969 9.27888e-07 3.22321e-08
0.0110975 9.27461e-07 3.22164e-08
0.0110981 9.27034e-07 3.22006e-08
0.0110987 9.26605e-07 3.21848e-08
0.0110993 9.26176e-07 3.21689e-08
0.0111 9.25746e-07 3.21531e-08
0.0111006 9.25315e-07 3.21371e-08
0.0111012 9.24883e-07 3.21212e-08
0.0111018 9.2445e-07 3.21052e-08
0.0111025 9.24017e-07 3.20893e-08
0.0111031 9.23582e-07 3.20732e-08
0.0111037 9.23147e-07 3.20572e-08
0.0111043 9.2271e-07 3.20411e-08
0.0111049 9.22273e-07 3.20249e-08
0.0111056 9.21835e-07 3.20088e-08
0.0111062 9.21396e-07 3.19926e-08
0.0111068 9.20956e-07 3.19764e-08
0.0111074 9.20515e-07 3.19601e-08
0.011108 9.20074e-07 3.19439e-08
0.0111087 9.19631e-07 3.19276e-08
0.0111093 9.19188e-07 3.19112e-08
0.0111099 9.18744e-07 3.18948e-08
0.0111105 9.18298e-07 3.18784e-08
0.0111112 9.17852e-07 3.1862e-08
0.0111118 9.17405e-07 3.18455e-08
0.0111124 9.16958e-07 3.1829e-08
0.011113 9.16509e-07 3.18125e-08
0.0111136 9.16059e-07 3.1796e-08
0.0111143 9.15609e-07 3.17794e-08
0.0111149 9.15158e-07 3.17628e-08
0.0111155 9.14706e-07 3.17461e-08
0.0111161 9.14253e-07 3.17294e-08
0.0111167 9.13799e-07 3.17127e-08
0.0111174 9.13344e-07 3.1696e-08
0.011118 9.12888e-07 3.16792e-08
0.0111186 9.12432e-07 3.16624e-08
0.0111192 9.11974e-07 3.16456e-08
0.0111199 9.11516e-07 3.16287e-08
0.0111205 9.11057e-07 3.16118e-08
0.0111211 9.10597e-07 3.15949e-08
0.0111217 9.10136e-07 3.15779e-08
0.0111223 9.09674e-07 3.1561e-08
0.011123 9.09212e-07 3.15439e-08
0.0111236 9.08748e-07 3.15269e-08
0.0111242 9.08284e-07 3.15098e-08
0.0111248 9.07819e-07 3.14927e-08
0.0111254 9.07353e-07 3.14756e-08
0.0111261 9.06886e-07 3.14584e-08
0.0111267 9.06418e-07 3.14412e-08
0.0111273 9.05949e-07 3.1424e-08
0.0111279 9.0548e-07 3.14067e-08
0.0111286 9.0501e-07 3.13894e-08
0.0111292 9.04538e-07 3.13721e-08
0.0111298 9.04066e-07 3.13548e-08
0.0111304 9.03593e-07 3.13374e-08
0.011131 9.0312e-07 3.132e-08
0.0111317 9.02645e-07 3.13026e-08
0.0111323 9.0217e-07 3.12851e-08
0.0111329 9.01693e-07 3.12676e-08
0.0111335 9.01216e-07 3.12501e-08
0.0111341 9.00738e-07 3.12325e-08
0.0111348 9.00259e-07 3.12149e-08
0.0111354 8.99779e-07 3.11973e-08
0.011136 8.99299e-07 3.11796e-08
0.0111366 8.98817e-07 3.1162e-08
0.0111372 8.98335e-07 3.11443e-08
0.0111379 8.97852e-07 3.11265e-08
0.0111385 8.97368e-07 3.11088e-08
0.0111391 8.96883e-07 3.1091e-08
0.0111397 8.96398e-07 3.10731e-08
0.0111404 8.95911e-07 3.10553e-08
0.011141 8.95424e-07 3.10374e-08
0.0111416 8.94936e-07 3.10195e-08
0.0111422 8.94447e-07 3.10015e-08
0.0111428 8.93957e-07 3.09836e-08
0.0111435 8.93466e-07 3.09656e-08
0.0111441 8.92974e-07 3.09475e-08
0.0111447 8.92482e-07 3.09295e-08
0.0111453 8.91989e-07 3.09114e-08
0.0111459 8.91495e-07 3.08933e-08
0.0111466 8.91e-07 3.08751e-08
0.0111472 8.90504e-07 3.08569e-08
0.0111478 8.90008e-07 3.08387e-08
0.0111484 8.8951e-07 3.08205e-08
0.0111491 8.89012e-07 3.08022e-08
0.0111497 8.88513e-07 3.07839e-08
0.0111503 8.88013e-07 3.07656e-08
0.0111509 8.87512e-07 3.07472e-08
0.0111515 8.87011e-07 3.07289e-08
0.0111522 8.86508e-07 3.07105e-08
0.0111528 8.86005e-07 3.0692e-08
0.0111534 8.85501e-07 3.06735e-08
0.011154 8.84996e-07 3.0655e-08
0.0111546 8.8449e-07 3.06365e-08
0.0111553 8.83984e-07 3.0618e-08
0.0111559 8.83477e-07 3.05994e-08
0.0111565 8.82968e-07 3.05808e-08
0.0111571 8.82459e-07 3.05621e-08
0.0111578 8.8195e-07 3.05434e-08
0.0111584 8.81439e-07 3.05247e-08
0.011159 8.80927e-07 3.0506e-08
0.0111596 8.80415e-07 3.04872e-08
0.0111602 8.79902e-07 3.04685e-08
0.0111609 8.79388e-07 3.04496e-08
0.0111615 8.78873e-07 3.04308e-08
0.0111621 8.78358e-07 3.04119e-08
0.0111627 8.77842e-07 3.0393e-08
0.0111633 8.77324e-07 3.03741e-08
0.011164 8.76806e-07 3.03551e-08
0.0111646 8.76288e-07 3.03361e-08
0.0111652 8.75768e-07 3.03171e-08
0.0111658 8.75248e-07 3.02981e-08
0.0111664 8.74726e-07 3.0279e-08
0.0111671 8.74204e-07 3.02599e-08
0.0111677 8.73681e-07 3.02408e-08
0.0111683 8.73158e-07 3.02216e-08
0.0111689 8.72633e-07 3.02024e-08
0.0111696 8.72108e-07 3.01832e-08
0.0111702 8.71582e-07 3.0164e-08
0.0111708 8.71055e-07 3.01447e-08
0.0111714 8.70527e-07 3.01254e-08
0.011172 8.69999e-07 3.01061e-08
0.0111727 8.69469e-07 3.00867e-08
0.0111733 8.68939e-07 3.00673e-08
0.0111739 8.68408e-07 3.00479e-08
0.0111745 8.67877e-07 3.00285e-08
0.0111751 8.67344e-07 3.0009e-08
0.0111758 8.66811e-07 2.99895e-08
0.0111764 8.66277e-07 2.997e-08
0.011177 8.65742e-07 2.99504e-08
0.0111776 8.65206e-07 2.99309e-08
0.0111783 8.6467e-07 2.99112e-08
0.0111789 8.64132e-07 2.98916e-08
0.0111795 8.63594e-07 2.98719e-08
0.0111801 8.63055e-07 2.98523e-08
0.0111807 8.62516e-07 2.98325e-08
0.0111814 8.61975e-07 2.98128e-08
0.011182 8.61434e-07 2.9793e-08
0.0111826 8.60892e-07 2.97732e-08
0.0111832 8.60349e-07 2.97534e-08
0.0111838 8.59806e-07 2.97335e-08
0.0111845 8.59261e-07 2.97136e-08
0.0111851 8.58716e-07 2.96937e-08
0.0111857 8.5817e-07 2.96738e-08
0.0111863 8.57623e-07 2.96538e-08
0.011187 8.57076e-07 2.96338e-08
0.0111876 8.56528e-07 2.96138e-08
0.0111882 8.55978e-07 2.95938e-08
0.0111888 8.55429e-07 2.95737e-08
0.0111894 8.54878e-07 2.95536e-08
0.0111901 8.54326e-07 2.95334e-08
0.0111907 8.53774e-07 2.95133e-08
0.0111913 8.53221e-07 2.94931e-08
0.0111919 8.52667e-07 2.94729e-08
0.0111925 8.52113e-07 2.94527e-08
0.0111932 8.51558e-07 2.94324e-08
0.0111938 8.51001e-07 2.94121e-08
0.0111944 8.50445e-07 2.93918e-08
0.011195 8.49887e-07 2.93714e-08
0.0111956 8.49334e-07 2.9351e-08
0.0111963 8.48798e-07 2.93306e-08
0.0111969 8.4826e-07 2.93102e-08
0.0111975 8.47722e-07 2.92898e-08
0.0111981 8.47183e-07 2.92693e-08
0.0111988 8.46643e-07 2.92488e-08
0.0111994 8.46103e-07 2.92282e-08
0.0112 8.45561e-07 2.92077e-08
0.0112006 8.45019e-07 2.91871e-08
0.0112012 8.44476e-07 2.91665e-08
0.0112019 8.43933e-07 2.91458e-08
0.0112025 8.43389e-07 2.91251e-08
0.0112031 8.42844e-07 2.91044e-08
0.0112037 8.42298e-07 2.90837e-08
0.0112043 8.41751e-07 2.9063e-08
0.011205 8.41204e-07 2.90422e-08
0.0112056 8.40656e-07 2.90214e-08
0.0112062 8.40107e-07 2.90006e-08
0.0112068 8.39557e-07 2.89797e-08
0.0112075 8.39007e-07 2.89588e-08
0.0112081 8.38456e-07 2.89379e-08
0.0112087 8.37925e-07 2.8917e-08
0.0112093 8.37394e-07 2.8896e-08
0.0112099 8.36862e-07 2.8875e-08
0.0112106 8.3633e-07 2.8854e-08
0.0112112 8.35797e-07 2.8833e-08
0.0112118 8.35263e-07 2.88119e-08
0.0112124 8.34729e-07 2.87908e-08
0.011213 8.34193e-07 2.87697e-08
0.0112137 8.33657e-07 2.87486e-08
0.0112143 8.33121e-07 2.87274e-08
0.0112149 8.32583e-07 2.87062e-08
0.0112155 8.32045e-07 2.8685e-08
0.0112162 8.31506e-07 2.86637e-08
0.0112168 8.30966e-07 2.86424e-08
0.0112174 8.30426e-07 2.86211e-08
0.011218 8.29884e-07 2.85998e-08
0.0112186 8.29342e-07 2.85785e-08
0.0112193 8.288e-07 2.85571e-08
0.0112199 8.28256e-07 2.85357e-08
0.0112205 8.27712e-07 2.85143e-08
0.0112211 8.27168e-07 2.84928e-08
0.0112217 8.26622e-07 2.84713e-08
0.0112224 8.26076e-07 2.84498e-08
0.011223 8.25529e-07 2.84283e-08
0.0112236 8.24981e-07 2.84067e-08
0.0112242 8.24432e-07 2.83851e-08
0.0112249 8.23883e-07 2.83635e-08
0.0112255 8.23333e-07 2.83419e-08
0.0112261 8.22783e-07 2.83202e-08
0.0112267 8.22231e-07 2.82986e-08
0.0112273 8.21679e-07 2.82768e-08
0.011228 8.21126e-07 2.82551e-08
0.0112286 8.20573e-07 2.82334e-08
0.0112292 8.20019e-07 2.82116e-08
0.0112298 8.19464e-07 2.81898e-08
0.0112304 8.18908e-07 2.81679e-08
0.0112311 8.18352e-07 2.81461e-08
0.0112317 8.17795e-07 2.81242e-08
0.0112323 8.17237e-07 2.81023e-08
0.0112329 8.16678e-07 2.80803e-08
0.0112335 8.16119e-07 2.80584e-08
0.0112342 8.15559e-07 2.80364e-08
0.0112348 8.14998e-07 2.80144e-08
0.0112354 8.14437e-07 2.79923e-08
0.011236 8.13875e-07 2.79703e-08
0.0112367 8.13312e-07 2.79482e-08
0.0112373 8.12749e-07 2.79261e-08
0.0112379 8.12184e-07 2.79039e-08
0.0112385 8.11619e-07 2.78818e-08
0.0112391 8.11054e-07 2.78596e-08
0.0112398 8.10488e-07 2.78374e-08
0.0112404 8.0992e-07 2.78151e-08
0.011241 8.09353e-07 2.77929e-08
0.0112416 8.08784e-07 2.77706e-08
0.0112422 8.08215e-07 2.77483e-08
0.0112429 8.07645e-07 2.7726e-08
0.0112435 8.07075e-07 2.77036e-08
0.0112441 8.06504e-07 2.76812e-08
0.0112447 8.05932e-07 2.76588e-08
0.0112454 8.05359e-07 2.76364e-08
0.011246 8.04786e-07 2.76139e-08
0.0112466 8.04212e-07 2.75914e-08
0.0112472 8.03637e-07 2.75689e-08
0.0112478 8.03062e-07 2.75464e-08
0.0112485 8.02486e-07 2.75239e-08
0.0112491 8.01909e-07 2.75013e-08
0.0112497 8.01331e-07 2.74787e-08
0.0112503 8.00753e-07 2.74561e-08
0.0112509 8.00174e-07 2.74334e-08
0.0112516 7.99595e-07 2.74107e-08
0.0112522 7.99015e-07 2.7388e-08
0.0112528 7.98434e-07 2.73653e-08
0.0112534 7.97852e-07 2.73426e-08
0.0112541 7.9727e-07 2.73198e-08
0.0112547 7.96687e-07 2.7297e-08
0.0112553 7.96103e-07 2.72742e-08
0.0112559 7.95519e-07 2.72514e-08
0.0112565 7.94934e-07 2.72285e-08
0.0112572 7.94348e-07 2.72056e-08
0.0112578 7.93762e-07 2.71827e-08
0.0112584 7.93175e-07 2.71598e-08
0.011259 7.92587e-07 2.71368e-08
0.0112596 7.91999e-07 2.71138e-08
0.0112603 7.91409e-07 2.70908e-08
0.0112609 7.9082e-07 2.70678e-08
0.0112615 7.90229e-07 2.70447e-08
0.0112621 7.89638e-07 2.70216e-08
0.0112627 7.89046e-07 2.69985e-08
0.0112634 7.88454e-07 2.69754e-08
0.011264 7.87861e-07 2.69523e-08
0.0112646 7.87267e-07 2.69291e-08
0.0112652 7.86673e-07 2.69059e-08
0.0112659 7.86077e-07 2.68827e-08
0.0112665 7.85482e-07 2.68595e-08
0.0112671 7.84885e-07 2.68362e-08
0.0112677 7.84288e-07 2.68129e-08
0.0112683 7.8369e-07 2.67896e-08
0.011269 7.83092e-07 2.67663e-08
0.0112696 7.82493e-07 2.67429e-08
0.0112702 7.81893e-07 2.67195e-08
0.0112708 7.81292e-07 2.66961e-08
0.0112714 7.80691e-07 2.66727e-08
0.0112721 7.8009e-07 2.66492e-08
0.0112727 7.79487e-07 2.66258e-08
0.0112733 7.78884e-07 2.66023e-08
0.0112739 7.7828e-07 2.65788e-08
0.0112746 7.77676e-07 2.65552e-08
0.0112752 7.77071e-07 2.65317e-08
0.0112758 7.76465e-07 2.65081e-08
0.0112764 7.75859e-07 2.64845e-08
0.011277 7.75252e-07 2.64608e-08
0.0112777 7.74644e-07 2.64372e-08
0.0112783 7.74036e-07 2.64135e-08
0.0112789 7.73427e-07 2.63898e-08
0.0112795 7.72817e-07 2.63661e-08
0.0112801 7.72207e-07 2.63423e-08
0.0112808 7.71596e-07 2.63186e-08
0.0112814 7.70985e-07 2.62948e-08
0.011282 7.70373e-07 2.6271e-08
0.0112826 7.6976e-07 2.62471e-08
0.0112833 7.69146e-07 2.62233e-08
0.0112839 7.68532e-07 2.61994e-08
0.0112845 7.67917e-07 2.61755e-08
0.0112851 7.67302e-07 2.61516e-08
0.0112857 7.66686e-07 2.61276e-08
0.0112864 7.66069e-07 2.61037e-08
0.011287 7.65452e-07 2.60797e-08
0.0112876 7.64834e-07 2.60557e-08
0.0112882 7.64215e-07 2.60317e-08
0.0112888 7.63596e-07 2.60076e-08
0.0112895 7.62976e-07 2.59835e-08
0.0112901 7.62356e-07 2.59594e-08
0.0112907 7.61735e-07 2.59353e-08
0.0112913 7.61113e-07 2.59112e-08
0.0112919 7.60491e-07 2.5887e-08
0.0112926 7.59868e-07 2.58628e-08
0.0112932 7.59244e-07 2.58386e-08
0.0112938 7.5862e-07 2.58144e-08
0.0112944 7.57995e-07 2.57901e-08
0.0112951 7.57369e-07 2.57658e-08
0.0112957 7.56743e-07 2.57416e-08
0.0112963 7.56116e-07 2.57172e-08
0.0112969 7.55489e-07 2.56929e-08
0.0112975 7.54861e-07 2.56685e-08
0.0112982 7.54232e-07 2.56442e-08
0.0112988 7.53603e-07 2.56198e-08
0.0112994 7.52973e-07 2.55953e-08
0.0113 7.52343e-07 2.55709e-08
0.0113006 7.51711e-07 2.55464e-08
0.0113013 7.5108e-07 2.55219e-08
0.0113019 7.50447e-07 2.54974e-08
0.0113025 7.49814e-07 2.54729e-08
0.0113031 7.49181e-07 2.54483e-08
0.0113038 7.48547e-07 2.54238e-08
0.0113044 7.47912e-07 2.53992e-08
0.011305 7.47276e-07 2.53746e-08
0.0113056 7.4664e-07 2.53499e-08
0.0113062 7.46004e-07 2.53253e-08
0.0113069 7.45366e-07 2.53006e-08
0.0113075 7.44729e-07 2.52759e-08
0.0113081 7.4409e-07 2.52512e-08
0.0113087 7.43451e-07 2.52264e-08
0.0113093 7.42811e-07 2.52017e-08
0.01131 7.42171e-07 2.51769e-08
0.0113106 7.4153e-07 2.51521e-08
0.0113112 7.40889e-07 2.51273e-08
0.0113118 7.40247e-07 2.51024e-08
0.0113125 7.39604e-07 2.50776e-08
0.0113131 7.38961e-07 2.50527e-08
0.0113137 7.38317e-07 2.50278e-08
0.0113143 7.37672e-07 2.50028e-08
0.0113149 7.37027e-07 2.49779e-08
0.0113156 7.36381e-07 2.49529e-08
0.0113162 7.35735e-07 2.49279e-08
0.0113168 7.35088e-07 2.49029e-08
0.0113174 7.34441e-07 2.48779e-08
0.011318 7.33793e-07 2.48529e-08
0.0113187 7.33144e-07 2.48278e-08
0.0113193 7.32495e-07 2.48027e-08
0.0113199 7.31845e-07 2.47776e-08
0.0113205 7.31195e-07 2.47525e-08
0.0113212 7.30544e-07 2.47273e-08
0.0113218 7.29892e-07 2.47021e-08
0.0113224 7.2924e-07 2.46769e-08
0.011323 7.28587e-07 2.46517e-08
0.0113236 7.27934e-07 2.46265e-08
0.0113243 7.2728e-07 2.46013e-08
0.0113249 7.26625e-07 2.4576e-08
0.0113255 7.2597e-07 2.45507e-08
0.0113261 7.25314e-07 2.45254e-08
0.0113267 7.24658e-07 2.45001e-08
0.0113274 7.24001e-07 2.44747e-08
0.011328 7.23344e-07 2.44493e-08
0.0113286 7.22686e-07 2.44239e-08
0.0113292 7.22027e-07 2.43985e-08
0.0113298 7.21368e-07 2.43731e-08
0.0113305 7.20708e-07 2.43477e-08
0.0113311 7.20048e-07 2.43222e-08
0.0113317 7.19387e-07 2.42967e-08
0.0113323 7.18726e-07 2.42712e-08
0.011333 7.18064e-07 2.42457e-08
0.0113336 7.17401e-07 2.42201e-08
0.0113342 7.16738e-07 2.41946e-08
0.0113348 7.16074e-07 2.4169e-08
0.0113354 7.1541e-07 2.41434e-08
0.0113361 7.14745e-07 2.41177e-08
0.0113367 7.1408e-07 2.40921e-08
0.0113373 7.13414e-07 2.40664e-08
0.0113379 7.12747e-07 2.40408e-08
0.0113385 7.1208e-07 2.40151e-08
0.0113392 7.11413e-07 2.39893e-08
0.0113398 7.10744e-07 2.39636e-08
0.0113404 7.10076e-07 2.39378e-08
0.011341 7.09406e-07 2.39121e-08
0.0113417 7.08736e-07 2.38863e-08
0.0113423 7.08066e-07 2.38605e-08
0.0113429 7.07395e-07 2.38346e-08
0.0113435 7.06723e-07 2.38088e-08
0.0113441 7.06051e-07 2.37829e-08
0.0113448 7.05379e-07 2.3757e-08
0.0113454 7.04705e-07 2.37311e-08
0.011346 7.04032e-07 2.37052e-08
0.0113466 7.03357e-07 2.36792e-08
0.0113472 7.02682e-07 2.36533e-08
0.0113479 7.02007e-07 2.36273e-08
0.0113485 7.01331e-07 2.36013e-08
0.0113491 7.00655e-07 2.35753e-08
0.0113497 6.99978e-07 2.35492e-08
0.0113504 6.9938e-07 2.35232e-08
0.011351 6.98791e-07 2.34971e-08
0.0113516 6.98202e-07 2.3471e-08
0.0113522 6.97612e-07 2.34449e-08
0.0113528 6.97021e-07 2.34187e-08
0.0113535 6.9643e-07 2.33926e-08
0.0113541 6.95839e-07 2.33664e-08
0.0113547 6.95247e-07 2.33402e-08
0.0113553 6.94654e-07 2.3314e-08
0.0113559 6.94061e-07 2.32878e-08
0.0113566 6.93467e-07 2.32616e-08
0.0113572 6.92873e-07 2.32353e-08
0.0113578 6.92278e-07 2.3209e-08
0.0113584 6.91683e-07 2.31827e-08
0.011359 6.91087e-07 2.31564e-08
0.0113597 6.90491e-07 2.31301e-08
0.0113603 6.89894e-07 2.31038e-08
0.0113609 6.89296e-07 2.30774e-08
0.0113615 6.88699e-07 2.3051e-08
0.0113622 6.881e-07 2.30246e-08
0.0113628 6.87501e-07 2.29982e-08
0.0113634 6.86902e-07 2.29717e-08
0.011364 6.86302e-07 2.29453e-08
0.0113646 6.85701e-07 2.29188e-08
0.0113653 6.851e-07 2.28923e-08
0.0113659 6.84499e-07 2.28658e-08
0.0113665 6.83897e-07 2.28393e-08
0.0113671 6.83294e-07 2.28128e-08
0.0113677 6.82691e-07 2.27862e-08
0.0113684 6.82087e-07 2.27596e-08
0.011369 6.81483e-07 2.2733e-08
0.0113696 6.80879e-07 2.27064e-08
0.0113702 6.80273e-07 2.26798e-08
0.0113709 6.79668e-07 2.26531e-08
0.0113715 6.79061e-07 2.26265e-08
0.0113721 6.78455e-07 2.25998e-08
0.0113727 6.77848e-07 2.25731e-08
0.0113733 6.7724e-07 2.25464e-08
0.011374 6.76632e-07 2.25196e-08
0.0113746 6.76023e-07 2.24929e-08
0.0113752 6.75414e-07 2.24661e-08
0.0113758 6.74804e-07 2.24393e-08
0.0113764 6.74193e-07 2.24125e-08
0.0113771 6.73583e-07 2.23857e-08
0.0113777 6.72971e-07 2.23589e-08
0.0113783 6.72359e-07 2.2332e-08
0.0113789 6.71747e-07 2.23052e-08
0.0113796 6.71134e-07 2.22783e-08
0.0113802 6.70521e-07 2.22514e-08
0.0113808 6.69907e-07 2.22245e-08
0.0113814 6.69293e-07 2.21975e-08
0.011382 6.68678e-07 2.21706e-08
0.0113827 6.68062e-07 2.21436e-08
0.0113833 6.67447e-07 2.21166e-08
0.0113839 6.6683e-07 2.20896e-08
0.0113845 6.66213e-07 2.20626e-08
0.0113851 6.65596e-07 2.20356e-08
0.0113858 6.64978e-07 2.20085e-08
0.0113864 6.6436e-07 2.19815e-08
0.011387 6.63741e-07 2.19544e-08
0.0113876 6.63121e-07 2.19273e-08
0.0113882 6.62501e-07 2.19002e-08
0.0113889 6.61881e-07 2.1873e-08
0.0113895 6.6126e-07 2.18459e-08
0.0113901 6.60639e-07 2.18187e-08
0.0113907 6.60017e-07 2.17915e-08
0.0113914 6.59394e-07 2.17643e-08
0.011392 6.58772e-07 2.17371e-08
0.0113926 6.58148e-07 2.17099e-08
0.0113932 6.57524e-07 2.16826e-08
0.0113938 6.569e-07 2.16554e-08
0.0113945 6.56275e-07 2.16281e-08
0.0113951 6.5565e-07 2.16008e-08
0.0113957 6.55024e-07 2.15735e-08
0.0113963 6.54397e-07 2.15462e-08
0.0113969 6.53771e-07 2.15188e-08
0.0113976 6.53143e-07 2.14915e-08
0.0113982 6.52515e-07 2.14641e-08
0.0113988 6.51887e-07 2.14367e-08
0.0113994 6.51258e-07 2.14093e-08
0.0114001 6.50629e-07 2.13819e-08
0.0114007 6.49999e-07 2.13545e-08
0.0114013 6.49369e-07 2.1327e-08
0.0114019 6.48738e-07 2.12996e-08
0.0114025 6.48107e-07 2.12721e-08
0.0114032 6.47475e-07 2.12446e-08
0.0114038 6.46843e-07 2.12171e-08
0.0114044 6.4621e-07 2.11896e-08
0.011405 6.45577e-07 2.1162e-08
0.0114056 6.44943e-07 2.11345e-08
0.0114063 6.44309e-07 2.11069e-08
0.0114069 6.43674e-07 2.10793e-08
0.0114075 6.43039e-07 2.10517e-08
0.0114081 6.42404e-07 2.10241e-08
0.0114088 6.41767e-07 2.09964e-08
0.0114094 6.41131e-07 2.09688e-08
0.01141 6.40494e-07 2.09411e-08
0.0114106 6.39856e-07 2.09135e-08
0.0114112 6.39218e-07 2.08858e-08
0.0114119 6.3858e-07 2.08581e-08
0.0114125 6.37941e-07 2.08303e-08
0.0114131 6.37301e-07 2.08026e-08
0.0114137 6.36661e-07 2.07749e-08
0.0114143 6.36021e-07 2.07471e-08
0.011415 6.3538e-07 2.07193e-08
0.0114156 6.34738e-07 2.06915e-08
0.0114162 6.34097e-07 2.06637e-08
0.0114168 6.33454e-07 2.06359e-08
0.0114175 6.32811e-07 2.0608e-08
0.0114181 6.32168e-07 2.05802e-08
0.0114187 6.31524e-07 2.05523e-08
0.0114193 6.3088e-07 2.05244e-08
0.0114199 6.30235e-07 2.04965e-08
0.0114206 6.2959e-07 2.04686e-08
0.0114212 6.28945e-07 2.04407e-08
0.0114218 6.28298e-07 2.04128e-08
0.0114224 6.27652e-07 2.03848e-08
0.011423 6.27005e-07 2.03568e-08
0.0114237 6.26357e-07 2.03289e-08
0.0114243 6.25709e-07 2.03009e-08
0.0114249 6.25061e-07 2.02729e-08
0.0114255 6.24412e-07 2.02448e-08
0.0114261 6.23762e-07 2.02168e-08
0.0114268 6.23112e-07 2.01887e-08
0.0114274 6.22462e-07 2.01607e-08
0.011428 6.21811e-07 2.01326e-08
0.0114286 6.2116e-07 2.01045e-08
0.0114293 6.20508e-07 2.00764e-08
0.0114299 6.19856e-07 2.00483e-08
0.0114305 6.19203e-07 2.00201e-08
0.0114311 6.1855e-07 1.9992e-08
0.0114317 6.17897e-07 1.99638e-08
0.0114324 6.17243e-07 1.99356e-08
0.011433 6.16588e-07 1.99075e-08
0.0114336 6.15933e-07 1.98792e-08
0.0114342 6.15278e-07 1.9851e-08
0.0114348 6.14622e-07 1.98228e-08
0.0114355 6.13965e-07 1.97946e-08
0.0114361 6.13309e-07 1.97663e-08
0.0114367 6.12651e-07 1.9738e-08
0.0114373 6.11994e-07 1.97097e-08
0.011438 6.11335e-07 1.96814e-08
0.0114386 6.10677e-07 1.96531e-08
0.0114392 6.10018e-07 1.96248e-08
0.0114398 6.09358e-07 1.95965e-08
0.0114404 6.08698e-07 1.95681e-08
0.0114411 6.08038e-07 1.95398e-08
0.0114417 6.07377e-07 1.95114e-08
0.0114423 6.06715e-07 1.9483e-08
0.0114429 6.06054e-07 1.94546e-08
0.0114435 6.05391e-07 1.94262e-08
0.0114442 6.04729e-07 1.93977e-08
0.0114448 6.04066e-07 1.93693e-08
0.0114454 6.03402e-07 1.93408e-08
0.011446 6.02738e-07 1.93124e-08
0.0114467 6.02073e-07 1.92839e-08
0.0114473 6.01408e-07 1.92554e-08
0.0114479 6.00743e-07 1.92269e-08
0.0114485 6.00077e-07 1.91984e-08
0.0114491 5.99411e-07 1.91698e-08
0.0114498 5.98744e-07 1.91413e-08
0.0114504 5.98077e-07 1.91127e-08
0.011451 5.97409e-07 1.90842e-08
0.0114516 5.96741e-07 1.90556e-08
0.0114522 5.96073e-07 1.9027e-08
0.0114529 5.95404e-07 1.89984e-08
0.0114535 5.94734e-07 1.89698e-08
0.0114541 5.94064e-07 1.89411e-08
0.0114547 5.93394e-07 1.89125e-08
0.0114553 5.92723e-07 1.88838e-08
0.011456 5.92052e-07 1.88551e-08
0.0114566 5.91381e-07 1.88265e-08
0.0114572 5.90709e-07 1.87978e-08
0.0114578 5.90036e-07 1.87691e-08
0.0114585 5.89363e-07 1.87403e-08
0.0114591 5.8869e-07 1.87116e-08
0.0114597 5.88016e-07 1.86829e-08
0.0114603 5.87342e-07 1.86541e-08
0.0114609 5.86667e-07 1.86254e-08
0.0114616 5.85992e-07 1.85966e-08
0.0114622 5.85317e-07 1.85678e-08
0.0114628 5.84641e-07 1.8539e-08
0.0114634 5.83964e-07 1.85102e-08
0.011464 5.83288e-07 1.84813e-08
0.0114647 5.8261e-07 1.84525e-08
0.0114653 5.81933e-07 1.84237e-08
0.0114659 5.81254e-07 1.83948e-08
0.0114665 5.80576e-07 1.83659e-08
0.0114672 5.79897e-07 1.8337e-08
0.0114678 5.79218e-07 1.83081e-08
0.0114684 5.78538e-07 1.82792e-08
0.011469 5.77858e-07 1.82503e-08
0.0114696 5.77177e-07 1.82214e-08
0.0114703 5.76496e-07 1.81924e-08
0.0114709 5.75814e-07 1.81635e-08
0.0114715 5.75132e-07 1.81345e-08
0.0114721 5.7445e-07 1.81055e-08
0.0114727 5.73767e-07 1.80766e-08
0.0114734 5.73084e-07 1.80476e-08
0.011474 5.724e-07 1.80185e-08
0.0114746 5.71716e-07 1.79895e-08
0.0114752 5.71032e-07 1.79605e-08
0.0114759 5.70347e-07 1.79314e-08
0.0114765 5.69661e-07 1.79024e-08
0.0114771 5.68976e-07 1.78733e-08
0.0114777 5.6829e-07 1.78443e-08
0.0114783 5.67603e-07 1.78152e-08
0.011479 5.66916e-07 1.77861e-08
0.0114796 5.66229e-07 1.7757e-08
0.0114802 5.65541e-07 1.77278e-08
0.0114808 5.64852e-07 1.76987e-08
0.0114814 5.64164e-07 1.76696e-08
0.0114821 5.63475e-07 1.76404e-08
0.0114827 5.62785e-07 1.76112e-08
0.0114833 5.62095e-07 1.75821e-08
0.0114839 5.61405e-07 1.75529e-08
0.0114845 5.60714e-07 1.75237e-08
0.0114852 5.60023e-07 1.74945e-08
0.0114858 5.59332e-07 1.74653e-08
0.0114864 5.5864e-07 1.7436e-08
0.011487 5.57947e-07 1.74068e-08
0.0114877 5.57255e-07 1.73775e-08
0.0114883 5.56561e-07 1.73483e-08
0.0114889 5.55868e-07 1.7319e-08
0.0114895 5.55174e-07 1.72897e-08
0.0114901 5.54479e-07 1.72604e-08
0.0114908 5.53785e-07 1.72311e-08
0.0114914 5.53089e-07 1.72018e-08
0.011492 5.52394e-07 1.71725e-08
0.0114926 5.51698e-07 1.71432e-08
0.0114932 5.51001e-07 1.71138e-08
0.0114939 5.50305e-07 1.70845e-08
0.0114945 5.49607e-07 1.70551e-08
0.0114951 5.4891e-07 1.70258e-08
0.0114957 5.48212e-07 1.69964e-08
0.0114964 5.47513e-07 1.6967e-08
0.011497 5.46814e-07 1.69376e-08
0.0114976 5.46115e-07 1.69082e-08
0.0114982 5.45416e-07 1.68787e-08
0.0114988 5.44716e-07 1.68493e-08
0.0114995 5.44015e-07 1.68199e-08
0.0115001 5.43314e-07 1.67904e-08
0.0115007 5.42613e-07 1.6761e-08
0.0115013 5.41912e-07 1.67315e-08
0.0115019 5.4121e-07 1.6702e-08
0.0115026 5.40507e-07 1.66725e-08
0.0115032 5.39805e-07 1.6643e-08
0.0115038 5.39101e-07 1.66135e-08
0.0115044 5.38398e-07 1.6584e-08
0.0115051 5.37694e-07 1.65545e-08
0.0115057 5.3699e-07 1.65249e-08
0.0115063 5.36285e-07 1.64954e-08
0.0115069 5.3558e-07 1.64658e-08
0.0115075 5.34874e-07 1.64363e-08
0.0115082 5.34168e-07 1.64067e-08
0.0115088 5.33462e-07 1.63771e-08
0.0115094 5.32755e-07 1.63475e-08
0.01151 5.32048e-07 1.63179e-08
0.0115106 5.31341e-07 1.62883e-08
0.0115113 5.30633e-07 1.62587e-08
0.0115119 5.29925e-07 1.62291e-08
0.0115125 5.29216e-07 1.61994e-08
0.0115131 5.28507e-07 1.61698e-08
0.0115138 5.27798e-07 1.61401e-08
0.0115144 5.27088e-07 1.61104e-08
0.011515 5.26378e-07 1.60808e-08
0.0115156 5.25668e-07 1.60511e-08
0.0115162 5.24957e-07 1.60214e-08
0.0115169 5.24246e-07 1.59917e-08
0.0115175 5.23534e-07 1.5962e-08
0.0115181 5.22822e-07 1.59323e-08
0.0115187 5.2211e-07 1.59025e-08
0.0115193 5.21397e-07 1.58728e-08
0.01152 5.20684e-07 1.58431e-08
0.0115206 5.1997e-07 1.58133e-08
0.0115212 5.19256e-07 1.57835e-08
0.0115218 5.18542e-07 1.57538e-08
0.0115224 5.17827e-07 1.5724e-08
0.0115231 5.17112e-07 1.56942e-08
0.0115237 5.16397e-07 1.56644e-08
0.0115243 5.15681e-07 1.56346e-08
0.0115249 5.14965e-07 1.56048e-08
0.0115256 5.14249e-07 1.5575e-08
0.0115262 5.13532e-07 1.55452e-08
0.0115268 5.12815e-07 1.55153e-08
0.0115274 5.12097e-07 1.54855e-08
0.011528 5.11379e-07 1.54556e-08
0.0115287 5.10661e-07 1.54258e-08
0.0115293 5.09942e-07 1.53959e-08
0.0115299 5.09223e-07 1.5366e-08
0.0115305 5.08504e-07 1.53361e-08
0.0115311 5.07784e-07 1.53062e-08
0.0115318 5.07064e-07 1.52763e-08
0.0115324 5.06343e-07 1.52464e-08
0.011533 5.05623e-07 1.52165e-08
0.0115336 5.04901e-07 1.51866e-08
0.0115343 5.0418e-07 1.51566e-08
0.0115349 5.03458e-07 1.51267e-08
0.0115355 5.02736e-07 1.50968e-08
0.0115361 5.02013e-07 1.50668e-08
0.0115367 5.0129e-07 1.50368e-08
0.0115374 5.00567e-07 1.50069e-08
0.011538 4.99843e-07 1.49769e-08
0.0115386 4.99119e-07 1.49469e-08
0.0115392 4.98395e-07 1.49169e-08
0.0115398 4.9767e-07 1.48869e-08
0.0115405 4.96945e-07 1.48569e-08
0.0115411 4.96219e-07 1.48269e-08
0.0115417 4.95493e-07 1.47968e-08
0.0115423 4.94767e-07 1.47668e-08
0.011543 4.94041e-07 1.47368e-08
0.0115436 4.93314e-07 1.47067e-08
0.0115442 4.92587e-07 1.46767e-08
0.0115448 4.91859e-07 1.46466e-08
0.0115454 4.91131e-07 1.46165e-08
0.0115461 4.90403e-07 1.45865e-08
0.0115467 4.89674e-07 1.45564e-08
0.0115473 4.88945e-07 1.45263e-08
0.0115479 4.88216e-07 1.44962e-08
0.0115485 4.87486e-07 1.44661e-08
0.0115492 4.86756e-07 1.4436e-08
0.0115498 4.86026e-07 1.44059e-08
0.0115504 4.85295e-07 1.43757e-08
0.011551 4.84564e-07 1.43456e-08
0.0115516 4.83833e-07 1.43155e-08
0.0115523 4.83101e-07 1.42853e-08
0.0115529 4.82369e-07 1.42552e-08
0.0115535 4.81637e-07 1.4225e-08
0.0115541 4.80904e-07 1.41948e-08
0.0115548 4.80171e-07 1.41647e-08
0.0115554 4.79438e-07 1.41345e-08
0.011556 4.78704e-07 1.41043e-08
0.0115566 4.7797e-07 1.40741e-08
0.0115572 4.77235e-07 1.40439e-08
0.0115579 4.76501e-07 1.40137e-08
0.0115585 4.75766e-07 1.39835e-08
0.0115591 4.7503e-07 1.39533e-08
0.0115597 4.74295e-07 1.39231e-08
0.0115603 4.73559e-07 1.38928e-08
0.011561 4.72822e-07 1.38626e-08
0.0115616 4.72085e-07 1.38323e-08
0.0115622 4.71348e-07 1.38021e-08
0.0115628 4.70611e-07 1.37718e-08
0.0115635 4.69873e-07 1.37416e-08
0.0115641 4.69135e-07 1.37113e-08
0.0115647 4.68397e-07 1.3681e-08
0.0115653 4.67658e-07 1.36507e-08
0.0115659 4.66919e-07 1.36205e-08
0.0115666 4.6618e-07 1.35902e-08
0.0115672 4.6544e-07 1.35599e-08
0.0115678 4.647e-07 1.35296e-08
0.0115684 4.6396e-07 1.34992e-08
0.011569 4.6322e-07 1.34689e-08
0.0115697 4.62479e-07 1.34386e-08
0.0115703 4.61737e-07 1.34083e-08
0.0115709 4.60996e-07 1.33779e-08
0.0115715 4.60254e-07 1.33476e-08
0.0115722 4.59512e-07 1.33173e-08
0.0115728 4.58769e-07 1.32869e-08
0.0115734 4.58026e-07 1.32565e-08
0.011574 4.57283e-07 1.32262e-08
0.0115746 4.5654e-07 1.31958e-08
0.0115753 4.55796e-07 1.31654e-08
0.0115759 4.55052e-07 1.31351e-08
0.0115765 4.54308e-07 1.31047e-08
0.0115771 4.53563e-07 1.30743e-08
0.0115777 4.52818e-07 1.30439e-08
0.0115784 4.52072e-07 1.30135e-08
0.011579 4.51327e-07 1.29831e-08
0.0115796 4.50581e-07 1.29527e-08
0.0115802 4.49835e-07 1.29222e-08
0.0115808 4.49088e-07 1.28918e-08
0.0115815 4.48341e-07 1.28614e-08
0.0115821 4.47594e-07 1.2831e-08
0.0115827 4.46847e-07 1.28005e-08
0.0115833 4.46099e-07 1.27701e-08
0.011584 4.45351e-07 1.27396e-08
0.0115846 4.44602e-07 1.27092e-08
0.0115852 4.43854e-07 1.26787e-08
0.0115858 4.43105e-07 1.26482e-08
0.0115864 4.42355e-07 1.26178e-08
0.0115871 4.41606e-07 1.25873e-08
0.0115877 4.40856e-07 1.25568e-08
0.0115883 4.40106e-07 1.25263e-08
0.0115889 4.39355e-07 1.24958e-08
0.0115895 4.38604e-07 1.24653e-08
0.0115902 4.37853e-07 1.24348e-08
0.0115908 4.37102e-07 1.24043e-08
0.0115914 4.3635e-07 1.23738e-08
0.011592 4.35598e-07 1.23433e-08
0.0115927 4.34846e-07 1.23128e-08
0.0115933 4.34094e-07 1.22823e-08
0.0115939 4.33341e-07 1.22518e-08
0.0115945 4.32588e-07 1.22212e-08
0.0115951 4.31834e-07 1.21907e-08
0.0115958 4.31086e-07 1.21601e-08
0.0115964 4.30436e-07 1.21296e-08
0.011597 4.29786e-07 1.20991e-08
0.0115976 4.29135e-07 1.20685e-08
0.0115982 4.28484e-07 1.20379e-08
0.0115989 4.27833e-07 1.20074e-08
0.0115995 4.27182e-07 1.19768e-08
0.0116001 4.2653e-07 1.19462e-08
0.0116007 4.25878e-07 1.19157e-08
0.0116014 4.25226e-07 1.18851e-08
0.011602 4.24573e-07 1.18545e-08
0.0116026 4.2392e-07 1.18239e-08
0.0116032 4.23267e-07 1.17933e-08
0.0116038 4.22614e-07 1.17627e-08
0.0116045 4.2196e-07 1.17321e-08
0.0116051 4.21306e-07 1.17015e-08
0.0116057 4.20652e-07 1.16709e-08
0.0116063 4.19997e-07 1.16403e-08
0.0116069 4.19343e-07 1.16097e-08
0.0116076 4.18688e-07 1.15791e-08
0.0116082 4.18032e-07 1.15484e-08
0.0116088 4.17377e-07 1.15178e-08
0.0116094 4.16721e-07 1.14872e-08
0.0116101 4.16065e-07 1.14565e-08
0.0116107 4.15409e-07 1.14259e-08
0.0116113 4.14752e-07 1.13953e-08
0.0116119 4.14095e-07 1.13646e-08
0.0116125 4.13438e-07 1.1334e-08
0.0116132 4.1278e-07 1.13033e-08
0.0116138 4.12123e-07 1.12726e-08
0.0116144 4.11465e-07 1.1242e-08
0.011615 4.10806e-07 1.12113e-08
0.0116156 4.10148e-07 1.11807e-08
0.0116163 4.09489e-07 1.115e-08
0.0116169 4.0883e-07 1.11193e-08
0.0116175 4.08171e-07 1.10886e-08
0.0116181 4.07511e-07 1.1058e-08
0.0116187 4.06852e-07 1.10273e-08
0.0116194 4.06192e-07 1.09966e-08
0.01162 4.05531e-07 1.09659e-08
0.0116206 4.04871e-07 1.09352e-08
0.0116212 4.0421e-07 1.09045e-08
0.0116219 4.03549e-07 1.08738e-08
0.0116225 4.02887e-07 1.08431e-08
0.0116231 4.02226e-07 1.08124e-08
0.0116237 4.01564e-07 1.07817e-08
0.0116243 4.00902e-07 1.0751e-08
0.011625 4.0024e-07 1.07202e-08
0.0116256 3.99577e-07 1.06895e-08
0.0116262 3.98914e-07 1.06588e-08
0.0116268 3.98251e-07 1.06281e-08
0.0116274 3.97588e-07 1.05973e-08
0.0116281 3.96924e-07 1.05666e-08
0.0116287 3.9626e-07 1.05359e-08
0.0116293 3.95596e-07 1.05051e-08
0.0116299 3.94932e-07 1.04744e-08
0.0116306 3.94267e-07 1.04437e-08
0.0116312 3.93602e-07 1.04129e-08
0.0116318 3.92937e-07 1.03822e-08
0.0116324 3.92272e-07 1.03514e-08
0.011633 3.91606e-07 1.03207e-08
0.0116337 3.90941e-07 1.02899e-08
0.0116343 3.90275e-07 1.02592e-08
0.0116349 3.89608e-07 1.02284e-08
0.0116355 3.88942e-07 1.01976e-08
0.0116361 3.88275e-07 1.01669e-08
0.0116368 3.87608e-07 1.01361e-08
0.0116374 3.86941e-07 1.01053e-08
0.011638 3.86273e-07 1.00746e-08
0.0116386 3.85605e-07 1.00438e-08
0.0116393 3.84937e-07 1.0013e-08
0.0116399 3.84269e-07 9.98224e-09
0.0116405 3.83601e-07 9.95146e-09
0.0116411 3.82932e-07 9.92068e-09
0.0116417 3.82263e-07 9.88989e-09
0.0116424 3.81594e-07 9.8591e-09
0.011643 3.80925e-07 9.82832e-09
0.0116436 3.80255e-07 9.79753e-09
0.0116442 3.79585e-07 9.76673e-09
0.0116448 3.78915e-07 9.73594e-09
0.0116455 3.78245e-07 9.70514e-09
0.0116461 3.77574e-07 9.67434e-09
0.0116467 3.76904e-07 9.64354e-09
0.0116473 3.76233e-07 9.61274e-09
0.0116479 3.75561e-07 9.58193e-09
0.0116486 3.7489e-07 9.55113e-09
0.0116492 3.74218e-07 9.52032e-09
0.0116498 3.73546e-07 9.48951e-09
0.0116504 3.72874e-07 9.45869e-09
0.0116511 3.72202e-07 9.42788e-09
0.0116517 3.71529e-07 9.39706e-09
0.0116523 3.70857e-07 9.36625e-09
0.0116529 3.70184e-07 9.33543e-09
0.0116535 3.6951e-07 9.30461e-09
0.0116542 3.68837e-07 9.27379e-09
0.0116548 3.68163e-07 9.24296e-09
0.0116554 3.67489e-07 9.21214e-09
0.011656 3.66815e-07 9.18132e-09
0.0116566 3.66141e-07 9.15049e-09
0.0116573 3.65466e-07 9.11966e-09
0.0116579 3.64792e-07 9.08883e-09
0.0116585 3.64117e-07 9.058e-09
0.0116591 3.63441e-07 9.02717e-09
0.0116598 3.62766e-07 8.99633e-09
0.0116604 3.6209e-07 8.9655e-09
0.011661 3.61415e-07 8.93466e-09
0.0116616 3.60739e-07 8.90382e-09
0.0116622 3.60062e-07 8.87298e-09
0.0116629 3.59386e-07 8.84215e-09
0.0116635 3.58709e-07 8.81131e-09
0.0116641 3.58032e-07 8.78047e-09
0.0116647 3.57355e-07 8.74962e-09
0.0116653 3.56678e-07 8.71878e-09
0.011666 3.56e-07 8.68793e-09
0.0116666 3.55323e-07 8.65709e-09
0.0116672 3.54645e-07 8.62624e-09
0.0116678 3.53967e-07 8.59539e-09
0.0116685 3.53288e-07 8.56454e-09
0.0116691 3.5261e-07 8.5337e-09
0.0116697 3.51931e-07 8.50285e-09
0.0116703 3.51252e-07 8.472e-09
0.0116709 3.50573e-07 8.44115e-09
0.0116716 3.49893e-07 8.41029e-09
0.0116722 3.49214e-07 8.37944e-09
0.0116728 3.48534e-07 8.34859e-09
0.0116734 3.47854e-07 8.31773e-09
0.011674 3.47174e-07 8.28688e-09
0.0116747 3.46494e-07 8.25602e-09
0.0116753 3.45813e-07 8.22517e-09
0.0116759 3.45133e-07 8.19431e-09
0.0116765 3.44452e-07 8.16346e-09
0.0116771 3.4377e-07 8.1326e-09
0.0116778 3.43089e-07 8.10175e-09
0.0116784 3.42408e-07 8.07089e-09
0.011679 3.41726e-07 8.04003e-09
0.0116796 3.41044e-07 8.00917e-09
0.0116803 3.40362e-07 7.97831e-09
0.0116809 3.3968e-07 7.94745e-09
0.0116815 3.38997e-07 7.91659e-09
0.0116821 3.38315e-07 7.88574e-09
0.0116827 3.37632e-07 7.85488e-09
0.0116834 3.36949e-07 7.82402e-09
0.011684 3.36266e-07 7.79316e-09
0.0116846 3.35582e-07 7.7623e-09
0.0116852 3.34899e-07 7.73144e-09
0.0116858 3.34215e-07 7.70058e-09
0.0116865 3.33531e-07 7.66972e-09
0.0116871 3.32847e-07 7.63886e-09
0.0116877 3.32162e-07 7.608e-09
0.0116883 3.31478e-07 7.57714e-09
0.011689 3.30793e-07 7.54629e-09
0.0116896 3.30108e-07 7.51543e-09
0.0116902 3.29513e-07 7.48457e-09
0.0116908 3.28951e-07 7.45371e-09
0.0116914 3.2839e-07 7.42285e-09
0.0116921 3.27828e-07 7.392e-09
0.0116927 3.27265e-07 7.36114e-09
0.0116933 3.26703e-07 7.33028e-09
0.0116939 3.26141e-07 7.29942e-09
0.0116945 3.25578e-07 7.26857e-09
0.0116952 3.25015e-07 7.23771e-09
0.0116958 3.24452e-07 7.20686e-09
0.0116964 3.23889e-07 7.176e-09
0.011697 3.23326e-07 7.14515e-09
0.0116977 3.22762e-07 7.11429e-09
0.0116983 3.22199e-07 7.08344e-09
0.0116989 3.21635e-07 7.05259e-09
0.0116995 3.21071e-07 7.02174e-09
0.0117001 3.20507e-07 6.99088e-09
0.0117008 3.19943e-07 6.96003e-09
0.0117014 3.19378e-07 6.92918e-09
0.011702 3.18814e-07 6.89834e-09
0.0117026 3.18249e-07 6.86749e-09
0.0117032 3.17813e-07 6.83664e-09
0.0117039 3.17377e-07 6.8058e-09
0.0117045 3.16941e-07 6.77495e-09
0.0117051 3.16506e-07 6.7441e-09
0.0117057 3.1607e-07 6.71326e-09
0.0117064 3.15634e-07 6.68242e-09
0.011707 3.15198e-07 6.65158e-09
0.0117076 3.14761e-07 6.62074e-09
0.0117082 3.14325e-07 6.5899e-09
0.0117088 3.13889e-07 6.55906e-09
0.0117095 3.13452e-07 6.52822e-09
0.0117101 3.13016e-07 6.49738e-09
0.0117107 3.12579e-07 6.46654e-09
0.0117113 3.12143e-07 6.43571e-09
0.0117119 3.11706e-07 6.40488e-09
0.0117126 3.11269e-07 6.37405e-09
0.0117132 3.10833e-07 6.34322e-09
0.0117138 3.10396e-07 6.31239e-09
0.0117144 3.09959e-07 6.28156e-09
0.011715 3.09522e-07 6.25073e-09
0.0117157 3.09085e-07 6.21991e-09
0.0117163 3.08647e-07 6.18908e-09
0.0117169 3.0821e-07 6.15826e-09
0.0117175 3.07773e-07 6.12744e-09
0.0117182 3.07335e-07 6.09662e-09
0.0117188 3.06898e-07 6.06581e-09
0.0117194 3.0646e-07 6.03499e-09
0.01172 3.06023e-07 6.00417e-09
0.0117206 3.05585e-07 5.97336e-09
0.0117213 3.05147e-07 5.94255e-09
0.0117219 3.0471e-07 5.91174e-09
0.0117225 3.04272e-07 5.88093e-09
0.0117231 3.03834e-07 5.85013e-09
0.0117237 3.03396e-07 5.81932e-09
0.0117244 3.02958e-07 5.78852e-09
0.011725 3.0252e-07 5.75772e-09
0.0117256 3.02082e-07 5.72692e-09
0.0117262 3.01643e-07 5.69612e-09
0.0117269 3.01205e-07 5.66533e-09
0.0117275 3.00767e-07 5.63453e-09
0.0117281 3.00328e-07 5.60374e-09
0.0117287 2.9989e-07 5.57295e-09
0.0117293 2.99451e-07 5.54216e-09
0.01173 2.99013e-07 5.51138e-09
0.0117306 2.98574e-07 5.4806e-09
0.0117312 2.98136e-07 5.44982e-09
0.0117318 2.97697e-07 5.41903e-09
0.0117324 2.97258e-07 5.38826e-09
0.0117331 2.96819e-07 5.35748e-09
0.0117337 2.9638e-07 5.32671e-09
0.0117343 2.95941e-07 5.29594e-09
0.0117349 2.95502e-07 5.26517e-09
0.0117356 2.95063e-07 5.2344e-09
0.0117362 2.94624e-07 5.20364e-09
0.0117368 2.94185e-07 5.17288e-09
0.0117374 2.93746e-07 5.14212e-09
0.011738 2.93306e-07 5.11136e-09
0.0117387 2.92867e-07 5.08061e-09
0.0117393 2.92427e-07 5.04986e-09
0.0117399 2.91988e-07 5.01911e-09
0.0117405 2.91549e-07 4.98837e-09
0.0117411 2.91109e-07 4.95762e-09
0.0117418 2.90669e-07 4.92687e-09
0.0117424 2.9023e-07 4.89614e-09
0.011743 2.8979e-07 4.8654e-09
0.0117436 2.8935e-07 4.83467e-09
0.0117442 2.88911e-07 4.80393e-09
0.0117449 2.88471e-07 4.77321e-09
0.0117455 2.88031e-07 4.74248e-09
0.0117461 2.87591e-07 4.71176e-09
0.0117467 2.87151e-07 4.68104e-09
0.0117474 2.86711e-07 4.65032e-09
0.011748 2.86271e-07 4.61961e-09
0.0117486 2.85831e-07 4.5889e-09
0.0117492 2.85391e-07 4.55819e-09
0.0117498 2.84951e-07 4.52748e-09
0.0117505 2.8451e-07 4.49678e-09
0.0117511 2.8407e-07 4.46608e-09
0.0117517 2.8363e-07 4.43538e-09
0.0117523 2.8319e-07 4.40469e-09
0.0117529 2.82749e-07 4.37399e-09
0.0117536 2.82646e-07 4.3433e-09
0.0117542 2.83015e-07 4.31262e-09
0.0117548 2.83384e-07 4.28194e-09
0.0117554 2.83752e-07 4.25126e-09
0.0117561 2.84121e-07 4.22059e-09
0.0117567 2.84489e-07 4.18991e-09
0.0117573 2.84857e-07 4.15924e-09
0.0117579 2.85224e-07 4.12858e-09
0.0117585 2.85592e-07 4.09792e-09
0.0117592 2.85959e-07 4.06725e-09
0.0117598 2.86326e-07 4.0366e-09
0.0117604 2.86692e-07 4.00595e-09
0.011761 2.87059e-07 3.9753e-09
0.0117616 2.87425e-07 3.94465e-09
0.0117623 2.87791e-07 3.91401e-09
0.0117629 2.88157e-07 3.88337e-09
0.0117635 2.88522e-07 3.85274e-09
0.0117641 2.88888e-07 3.82211e-09
0.0117648 2.89259e-07 3.79147e-09
0.0117654 2.89685e-07 3.76085e-09
0.011766 2.90112e-07 3.73023e-09
0.0117666 2.90538e-07 3.69961e-09
0.0117672 2.90964e-07 3.669e-09
0.0117679 2.91391e-07 3.63839e-09
0.0117685 2.91816e-07 3.60778e-09
0.0117691 2.92242e-07 3.57718e-09
0.0117697 2.92668e-07 3.54658e-09
0.0117703 2.93093e-07 3.51598e-09
0.011771 2.93519e-07 3.48539e-09
0.0117716 2.93944e-07 3.4548e-09
0.0117722 2.94369e-07 3.42422e-09
0.0117728 2.94794e-07 3.39364e-09
0.0117734 2.95218e-07 3.36307e-09
0.0117741 2.95643e-07 3.33249e-09
0.0117747 2.96067e-07 3.30193e-09
0.0117753 2.96491e-07 3.27136e-09
0.0117759 2.96915e-07 3.2408e-09
0.0117766 2.97339e-07 3.21024e-09
0.0117772 2.97763e-07 3.17969e-09
0.0117778 2.98187e-07 3.14914e-09
0.0117784 2.9861e-07 3.1186e-09
0.011779 2.99033e-07 3.08806e-09
0.0117797 2.99456e-07 3.05752e-09
0.0117803 2.99879e-07 3.02699e-09
0.0117809 3.00302e-07 2.99646e-09
0.0117815 3.00724e-07 2.96594e-09
0.0117821 3.01147e-07 2.93542e-09
0.0117828 3.01569e-07 2.90491e-09
0.0117834 3.01991e-07 2.8744e-09
0.011784 3.02413e-07 2.84389e-09
0.0117846 3.02835e-07 2.81339e-09
0.0117853 3.03256e-07 2.7829e-09
0.0117859 3.03677e-07 2.7524e-09
0.0117865 3.04099e-07 2.72192e-09
0.0117871 3.0452e-07 2.69143e-09
0.0117877 3.0494e-07 2.66095e-09
0.0117884 3.05361e-07 2.63048e-09
0.011789 3.05781e-07 2.60001e-09
0.0117896 3.06202e-07 2.56954e-09
0.0117902 3.06622e-07 2.53908e-09
0.0117908 3.07042e-07 2.50863e-09
0.0117915 3.07462e-07 2.47817e-09
0.0117921 3.07881e-07 2.44773e-09
0.0117927 3.083e-07 2.41729e-09
0.0117933 3.0872e-07 2.38685e-09
0.011794 3.09139e-07 2.35641e-09
0.0117946 3.09558e-07 2.32599e-09
0.0117952 3.09976e-07 2.29557e-09
0.0117958 3.10395e-07 2.26515e-09
0.0117964 3.10813e-07 2.23473e-09
0.0117971 3.11231e-07 2.20433e-09
0.0117977 3.11649e-07 2.17666e-09
0.0117983 3.12067e-07 2.15242e-09
0.0117989 3.12484e-07 2.12818e-09
0.0117995 3.12901e-07 2.10394e-09
0.0118002 3.13319e-07 2.0797e-09
0.0118008 3.13736e-07 2.05546e-09
0.0118014 3.14152e-07 2.03122e-09
0.011802 3.14569e-07 2.00699e-09
0.0118027 3.14985e-07 1.98275e-09
0.0118033 3.15401e-07 1.95851e-09
0.0118039 3.15817e-07 1.93428e-09
0.0118045 3.16233e-07 1.91004e-09
0.0118051 3.16649e-07 1.8858e-09
0.0118058 3.17064e-07 1.86157e-09
0.0118064 3.17479e-07 1.83733e-09
0.011807 3.17894e-07 1.8131e-09
0.0118076 3.18309e-07 1.78887e-09
0.0118082 3.18724e-07 1.76463e-09
0.0118089 3.19138e-07 1.7404e-09
0.0118095 3.19552e-07 1.71617e-09
0.0118101 3.19966e-07 1.69194e-09
0.0118107 3.2038e-07 1.66771e-09
0.0118113 3.20794e-07 1.64349e-09
0.011812 3.21207e-07 1.61926e-09
0.0118126 3.2162e-07 1.59503e-09
0.0118132 3.22033e-07 1.5708e-09
0.0118138 3.22446e-07 1.54658e-09
0.0118145 3.22864e-07 1.52236e-09
0.0118151 3.23345e-07 1.49814e-09
0.0118157 3.23826e-07 1.47391e-09
0.0118163 3.24306e-07 1.44969e-09
0.0118169 3.24786e-07 1.42547e-09
0.0118176 3.25266e-07 1.40125e-09
0.0118182 3.25746e-07 1.37703e-09
0.0118188 3.26225e-07 1.35282e-09
0.0118194 3.26704e-07 1.3286e-09
0.01182 3.27183e-07 1.30439e-09
0.0118207 3.27661e-07 1.28018e-09
0.0118213 3.28139e-07 1.25597e-09
0.0118219 3.28617e-07 1.23176e-09
0.0118225 3.29095e-07 1.20755e-09
0.0118232 3.29572e-07 1.18334e-09
0.0118238 3.30049e-07 1.15914e-09
0.0118244 3.30526e-07 1.13493e-09
0.011825 3.31003e-07 1.11072e-09
0.0118256 3.31479e-07 1.08652e-09
0.0118263 3.31955e-07 1.06232e-09
0.0118269 3.32431e-07 1.03812e-09
0.0118275 3.32906e-07 1.01393e-09
0.0118281 3.33381e-07 9.89733e-10
0.0118287 3.33856e-07 9.65541e-10
0.0118294 3.3433e-07 9.41346e-10
0.01183 3.34805e-07 9.17156e-10
0.0118306 3.35279e-07 8.92966e-10
0.0118312 3.35752e-07 8.68776e-10
0.0118319 3.36226e-07 8.44594e-10
0.0118325 3.36699e-07 8.20408e-10
0.0118331 3.37172e-07 7.96226e-10
0.0118337 3.37644e-07 7.72045e-10
0.0118343 3.38117e-07 7.47866e-10
0.011835 3.38589e-07 7.23691e-10
0.0118356 3.3906e-07 6.99516e-10
0.0118362 3.39532e-07 6.75343e-10
0.0118368 3.40003e-07 6.51171e-10
0.0118374 3.40473e-07 6.27001e-10
0.0118381 3.40944e-07 6.02832e-10
0.0118387 3.41414e-07 5.78668e-10
0.0118393 3.41884e-07 5.54506e-10
0.0118399 3.42354e-07 5.30346e-10
0.0118405 3.42823e-07 5.06186e-10
0.0118412 3.43292e-07 4.82027e-10
0.0118418 3.43761e-07 4.57871e-10
0.0118424 3.44229e-07 4.33723e-10
0.011843 3.44698e-07 4.09569e-10
0.0118437 3.45165e-07 3.85424e-10
0.0118443 3.45633e-07 3.61278e-10
0.0118449 3.461e-07 3.37135e-10
0.0118455 3.46567e-07 3.12991e-10
0.0118461 3.47034e-07 2.88851e-10
0.0118468 3.475e-07 2.64716e-10
0.0118474 3.47967e-07 2.41031e-10
0.011848 3.48432e-07 2.70956e-10
0.0118486 3.48898e-07 3.00869e-10
0.0118492 3.49363e-07 3.30777e-10
0.0118499 3.49828e-07 3.60676e-10
0.0118505 3.50292e-07 3.90569e-10
0.0118511 3.50757e-07 4.20452e-10
0.0118517 3.51221e-07 4.50332e-10
0.0118524 3.51684e-07 4.80204e-10
0.011853 3.52148e-07 5.1007e-10
0.0118536 3.52611e-07 5.39929e-10
0.0118542 3.53074e-07 5.69781e-10
0.0118548 3.53536e-07 5.99625e-10
0.0118555 3.53998e-07 6.29459e-10
0.0118561 3.5446e-07 6.59291e-10
0.0118567 3.54922e-07 6.89111e-10
0.0118573 3.55383e-07 7.18926e-10
0.0118579 3.55844e-07 7.48734e-10
0.0118586 3.56305e-07 7.78533e-10
0.0118592 3.56765e-07 8.08324e-10
0.0118598 3.57225e-07 8.3811e-10
0.0118604 3.57685e-07 8.67886e-10
0.0118611 3.58144e-07 8.97654e-10
0.0118617 3.58603e-07 9.27414e-10
0.0118623 3.59062e-07 9.57167e-10
0.0118629 3.5952e-07 9.86915e-10
0.0118635 3.59979e-07 1.01665e-09
0.0118642 3.60436e-07 1.04638e-09
0.0118648 3.60894e-07 1.07611e-09
0.0118654 3.61351e-07 1.10582e-09
0.011866 3.61808e-07 1.13553e-09
0.0118666 3.62265e-07 1.16523e-09
0.0118673 3.62721e-07 1.19492e-09
0.0118679 3.63177e-07 1.22461e-09
0.0118685 3.63633e-07 1.25428e-09
0.0118691 3.64088e-07 1.28395e-09
0.0118697 3.64543e-07 1.31361e-09
0.0118704 3.64998e-07 1.34326e-09
0.011871 3.65452e-07 1.3729e-09
0.0118716 3.65906e-07 1.40254e-09
0.0118722 3.6636e-07 1.43217e-09
0.0118729 3.66814e-07 1.46179e-09
0.0118735 3.67267e-07 1.4914e-09
0.0118741 3.6772e-07 1.521e-09
0.0118747 3.68172e-07 1.55059e-09
0.0118753 3.68624e-07 1.58018e-09
0.011876 3.69076e-07 1.60976e-09
0.0118766 3.69528e-07 1.63933e-09
0.0118772 3.69979e-07 1.6689e-09
0.0118778 3.7043e-07 1.69845e-09
0.0118784 3.7088e-07 1.728e-09
0.0118791 3.71331e-07 1.75754e-09
0.0118797 3.7178e-07 1.78707e-09
0.0118803 3.7223e-07 1.81659e-09
0.0118809 3.72679e-07 1.84611e-09
0.0118816 3.73128e-07 1.87562e-09
0.0118822 3.73577e-07 1.90512e-09
0.0118828 3.74025e-07 1.93461e-09
0.0118834 3.74473e-07 1.96409e-09
0.011884 3.74921e-07 1.99357e-09
0.0118847 3.75368e-07 2.02304e-09
0.0118853 3.75815e-07 2.0525e-09
0.0118859 3.76262e-07 2.08195e-09
0.0118865 3.76708e-07 2.1114e-09
0.0118871 3.77154e-07 2.14083e-09
0.0118878 3.776e-07 2.17026e-09
0.0118884 3.78045e-07 2.19968e-09
0.011889 3.7849e-07 2.22909e-09
0.0118896 3.78935e-07 2.25849e-09
0.0118903 3.79379e-07 2.28789e-09
0.0118909 3.79824e-07 2.31728e-09
0.0118915 3.80267e-07 2.34666e-09
0.0118921 3.80711e-07 2.37603e-09
0.0118927 3.81154e-07 2.40539e-09
0.0118934 3.81596e-07 2.43474e-09
0.011894 3.82039e-07 2.46409e-09
0.0118946 3.82481e-07 2.49343e-09
0.0118952 3.82923e-07 2.52276e-09
0.0118958 3.83364e-07 2.55208e-09
0.0118965 3.83805e-07 2.58139e-09
0.0118971 3.84246e-07 2.61069e-09
0.0118977 3.84686e-07 2.63998e-09
0.0118983 3.85126e-07 2.66927e-09
0.011899 3.85566e-07 2.69855e-09
0.0118996 3.86005e-07 2.72782e-09
0.0119002 3.86444e-07 2.75708e-09
0.0119008 3.86883e-07 2.78633e-09
0.0119014 3.87321e-07 2.81558e-09
0.0119021 3.87759e-07 2.84481e-09
0.0119027 3.88197e-07 2.87404e-09
0.0119033 3.88634e-07 2.90326e-09
0.0119039 3.89071e-07 2.93246e-09
0.0119045 3.89508e-07 2.96166e-09
0.0119052 3.89944e-07 2.99085e-09
0.0119058 3.9038e-07 3.02003e-09
0.0119064 3.90816e-07 3.04921e-09
0.011907 3.91251e-07 3.07837e-09
0.0119076 3.91686e-07 3.10753e-09
0.0119083 3.92121e-07 3.13667e-09
0.0119089 3.92555e-07 3.16581e-09
0.0119095 3.92989e-07 3.19494e-09
0.0119101 3.93423e-07 3.22406e-09
0.0119108 3.93856e-07 3.25317e-09
0.0119114 3.94289e-07 3.28227e-09
0.011912 3.94722e-07 3.31137e-09
0.0119126 3.95154e-07 3.34045e-09
0.0119132 3.95586e-07 3.36952e-09
0.0119139 3.96017e-07 3.39859e-09
0.0119145 3.96448e-07 3.42764e-09
0.0119151 3.96879e-07 3.45669e-09
0.0119157 3.9731e-07 3.48573e-09
0.0119163 3.9774e-07 3.51476e-09
0.011917 3.9817e-07 3.54378e-09
0.0119176 3.98599e-07 3.57279e-09
0.0119182 3.99028e-07 3.60179e-09
0.0119188 3.99457e-07 3.63078e-09
0.0119195 3.99885e-07 3.65976e-09
0.0119201 4.00313e-07 3.68873e-09
0.0119207 4.00741e-07 3.7177e-09
0.0119213 4.01169e-07 3.74665e-09
0.0119219 4.01596e-07 3.77559e-09
0.0119226 4.02022e-07 3.80453e-09
0.0119232 4.02448e-07 3.83346e-09
0.0119238 4.02874e-07 3.86237e-09
0.0119244 4.033e-07 3.89128e-09
0.011925 4.03725e-07 3.92018e-09
0.0119257 4.0415e-07 3.94907e-09
0.0119263 4.04575e-07 3.97794e-09
0.0119269 4.04999e-07 4.00681e-09
0.0119275 4.05423e-07 4.03567e-09
0.0119282 4.05846e-07 4.06452e-09
0.0119288 4.06269e-07 4.09336e-09
0.0119294 4.06692e-07 4.12219e-09
0.01193 4.07114e-07 4.15101e-09
0.0119306 4.07536e-07 4.17982e-09
0.0119313 4.07958e-07 4.20862e-09
0.0119319 4.08379e-07 4.23741e-09
0.0119325 4.088e-07 4.26619e-09
0.0119331 4.09221e-07 4.29496e-09
0.0119337 4.09641e-07 4.32372e-09
0.0119344 4.10061e-07 4.35247e-09
0.011935 4.10481e-07 4.38121e-09
0.0119356 4.109e-07 4.40995e-09
0.0119362 4.11319e-07 4.43867e-09
0.0119368 4.11737e-07 4.46738e-09
0.0119375 4.12155e-07 4.49608e-09
0.0119381 4.12573e-07 4.52477e-09
0.0119387 4.1299e-07 4.55345e-09
0.0119393 4.13407e-07 4.58213e-09
0.01194 4.13824e-07 4.61079e-09
0.0119406 4.1424e-07 4.63944e-09
0.0119412 4.14656e-07 4.66808e-09
0.0119418 4.15072e-07 4.69671e-09
0.0119424 4.15487e-07 4.72533e-09
0.0119431 4.15902e-07 4.75394e-09
0.0119437 4.16316e-07 4.78255e-09
0.0119443 4.16731e-07 4.81114e-09
0.0119449 4.17144e-07 4.83972e-09
0.0119455 4.17558e-07 4.86829e-09
0.0119462 4.17971e-07 4.89685e-09
0.0119468 4.18383e-07 4.9254e-09
0.0119474 4.18796e-07 4.95394e-09
0.011948 4.19208e-07 4.98247e-09
0.0119487 4.19619e-07 5.01099e-09
0.0119493 4.2003e-07 5.0395e-09
0.0119499 4.20441e-07 5.06799e-09
0.0119505 4.20851e-07 5.09648e-09
0.0119511 4.21262e-07 5.12496e-09
0.0119518 4.21671e-07 5.15343e-09
0.0119524 4.22081e-07 5.18188e-09
0.011953 4.2249e-07 5.21033e-09
0.0119536 4.22898e-07 5.23876e-09
0.0119542 4.23306e-07 5.26719e-09
0.0119549 4.23714e-07 5.2956e-09
0.0119555 4.24122e-07 5.32401e-09
0.0119561 4.24529e-07 5.3524e-09
0.0119567 4.24936e-07 5.38078e-09
0.0119574 4.25342e-07 5.40915e-09
0.011958 4.25748e-07 5.43752e-09
0.0119586 4.26153e-07 5.46587e-09
0.0119592 4.26559e-07 5.4942e-09
0.0119598 4.26964e-07 5.52254e-09
0.0119605 4.27368e-07 5.55085e-09
0.0119611 4.27772e-07 5.57916e-09
0.0119617 4.28176e-07 5.60746e-09
0.0119623 4.28579e-07 5.63575e-09
0.0119629 4.28982e-07 5.66402e-09
0.0119636 4.29385e-07 5.69228e-09
0.0119642 4.29787e-07 5.72054e-09
0.0119648 4.30189e-07 5.74878e-09
0.0119654 4.3059e-07 5.77701e-09
0.011966 4.30992e-07 5.80523e-09
0.0119667 4.31392e-07 5.83344e-09
0.0119673 4.31793e-07 5.86164e-09
0.0119679 4.32193e-07 5.88983e-09
0.0119685 4.32592e-07 5.91801e-09
0.0119692 4.32991e-07 5.94617e-09
0.0119698 4.3339e-07 5.97433e-09
0.0119704 4.33789e-07 6.00247e-09
0.011971 4.34187e-07 6.0306e-09
0.0119716 4.34584e-07 6.05872e-09
0.0119723 4.34982e-07 6.08684e-09
0.0119729 4.35379e-07 6.11493e-09
0.0119735 4.35775e-07 6.14302e-09
0.0119741 4.36171e-07 6.1711e-09
0.0119747 4.36567e-07 6.19917e-09
0.0119754 4.36963e-07 6.22722e-09
0.011976 4.37358e-07 6.25526e-09
0.0119766 4.37752e-07 6.2833e-09
0.0119772 4.38146e-07 6.31132e-09
0.0119779 4.3854e-07 6.33933e-09
0.0119785 4.38934e-07 6.36732e-09
0.0119791 4.39327e-07 6.39531e-09
0.0119797 4.3972e-07 6.42329e-09
0.0119803 4.40112e-07 6.45125e-09
0.011981 4.40504e-07 6.47921e-09
0.0119816 4.40895e-07 6.50715e-09
0.0119822 4.41287e-07 6.53508e-09
0.0119828 4.41677e-07 6.56299e-09
0.0119834 4.42068e-07 6.5909e-09
0.0119841 4.42458e-07 6.6188e-09
0.0119847 4.42847e-07 6.64668e-09
0.0119853 4.43237e-07 6.67455e-09
0.0119859 4.43625e-07 6.70241e-09
0.0119866 4.44014e-07 6.73026e-09
0.0119872 4.44402e-07 6.7581e-09
0.0119878 4.44789e-07 6.78593e-09
0.0119884 4.45177e-07 6.81374e-09
0.011989 4.45564e-07 6.84154e-09
0.0119897 4.4595e-07 6.86933e-09
0.0119903 4.46336e-07 6.89712e-09
0.0119909 4.46722e-07 6.92488e-09
0.0119915 4.47107e-07 6.95264e-09
0.0119921 4.47492e-07 6.98038e-09
0.0119928 4.47877e-07 7.00812e-09
0.0119934 4.48261e-07 7.03583e-09
0.011994 4.48645e-07 7.06354e-09
0.0119946 4.49028e-07 7.09124e-09
0.0119953 4.49411e-07 7.11892e-09
0.0119959 4.49793e-07 7.1466e-09
0.0119965 4.50176e-07 7.17426e-09
0.0119971 4.50557e-07 7.20191e-09
0.0119977 4.50939e-07 7.22955e-09
0.0119984 4.5132e-07 7.25717e-09
0.011999 4.517e-07 7.28478e-09
0.0119996 4.5208e-07 7.31239e-09
0.0120002 4.5246e-07 7.33998e-09
0.0120008 4.5284e-07 7.36756e-09
0.0120015 4.53219e-07 7.39512e-09
0.0120021 4.53597e-07 7.42267e-09
0.0120027 4.53975e-07 7.45021e-09
0.0120033 4.54353e-07 7.47774e-09
0.0120039 4.54743e-07 7.50526e-09
0.0120046 4.55167e-07 7.53276e-09
0.0120052 4.5559e-07 7.56026e-09
0.0120058 4.56012e-07 7.58774e-09
0.0120064 4.56434e-07 7.61521e-09
0.0120071 4.56856e-07 7.64266e-09
0.0120077 4.57277e-07 7.67011e-09
0.0120083 4.57698e-07 7.69754e-09
0.0120089 4.58119e-07 7.72496e-09
0.0120095 4.58539e-07 7.75237e-09
0.0120102 4.58958e-07 7.77976e-09
0.0120108 4.59377e-07 7.80714e-09
0.0120114 4.59796e-07 7.83451e-09
0.012012 4.60214e-07 7.86187e-09
0.0120126 4.60632e-07 7.88922e-09
0.0120133 4.6105e-07 7.91655e-09
0.0120139 4.61467e-07 7.94387e-09
0.0120145 4.61883e-07 7.97118e-09
0.0120151 4.623e-07 7.99847e-09
0.0120158 4.62715e-07 8.02576e-09
0.0120164 4.63131e-07 8.05303e-09
0.012017 4.63545e-07 8.08028e-09
0.0120176 4.6396e-07 8.10753e-09
0.0120182 4.64374e-07 8.13476e-09
0.0120189 4.64807e-07 8.16198e-09
0.0120195 4.65264e-07 8.18919e-09
0.0120201 4.65721e-07 8.21638e-09
0.0120207 4.66177e-07 8.24357e-09
0.0120213 4.66633e-07 8.27074e-09
0.012022 4.67088e-07 8.29789e-09
0.0120226 4.67543e-07 8.32504e-09
0.0120232 4.67998e-07 8.35217e-09
0.0120238 4.68452e-07 8.37929e-09
0.0120245 4.68905e-07 8.40639e-09
0.0120251 4.69358e-07 8.43349e-09
0.0120257 4.69811e-07 8.46057e-09
0.0120263 4.70263e-07 8.48764e-09
0.0120269 4.70715e-07 8.51469e-09
0.0120276 4.71167e-07 8.54173e-09
0.0120282 4.71617e-07 8.56876e-09
0.0120288 4.72068e-07 8.59578e-09
0.0120294 4.72518e-07 8.62278e-09
0.01203 4.72967e-07 8.64977e-09
0.0120307 4.73416e-07 8.67675e-09
0.0120313 4.73865e-07 8.70372e-09
0.0120319 4.74313e-07 8.73067e-09
0.0120325 4.74761e-07 8.75761e-09
0.0120331 4.75208e-07 8.78453e-09
0.0120338 4.75655e-07 8.81144e-09
0.0120344 4.76102e-07 8.83834e-09
0.012035 4.76547e-07 8.86523e-09
0.0120356 4.76993e-07 8.8921e-09
0.0120363 4.77438e-07 8.91896e-09
0.0120369 4.77882e-07 8.94581e-09
0.0120375 4.78327e-07 8.97264e-09
0.0120381 4.7877e-07 8.99946e-09
0.0120387 4.79213e-07 9.02627e-09
0.0120394 4.79656e-07 9.05307e-09
0.01204 4.80098e-07 9.07985e-09
0.0120406 4.8054e-07 9.10662e-09
0.0120412 4.80981e-07 9.13337e-09
0.0120418 4.81422e-07 9.16011e-09
0.0120425 4.81863e-07 9.18684e-09
0.0120431 4.82303e-07 9.21355e-09
0.0120437 4.82742e-07 9.24025e-09
0.0120443 4.83181e-07 9.26694e-09
0.012045 4.8362e-07 9.29362e-09
0.0120456 4.84058e-07 9.32028e-09
0.0120462 4.84496e-07 9.34693e-09
0.0120468 4.84933e-07 9.37356e-09
0.0120474 4.85369e-07 9.40018e-09
0.0120481 4.85806e-07 9.42679e-09
0.0120487 4.86255e-07 9.45339e-09
0.0120493 4.86746e-07 9.47997e-09
0.0120499 4.87236e-07 9.50654e-09
0.0120505 4.87727e-07 9.53309e-09
0.0120512 4.88216e-07 9.55963e-09
0.0120518 4.88706e-07 9.58615e-09
0.0120524 4.89194e-07 9.61267e-09
0.012053 4.89683e-07 9.63916e-09
0.0120537 4.90171e-07 9.66565e-09
0.0120543 4.90658e-07 9.69212e-09
0.0120549 4.91145e-07 9.71858e-09
0.0120555 4.91632e-07 9.74503e-09
0.0120561 4.92118e-07 9.77146e-09
0.0120568 4.92604e-07 9.79788e-09
0.0120574 4.93089e-07 9.82428e-09
0.012058 4.93574e-07 9.85067e-09
0.0120586 4.94059e-07 9.87705e-09
0.0120592 4.94543e-07 9.9034e-09
0.0120599 4.95026e-07 9.92975e-09
0.0120605 4.95509e-07 9.95609e-09
0.0120611 4.95992e-07 9.98241e-09
0.0120617 4.96474e-07 1.00087e-08
0.0120623 4.96956e-07 1.0035e-08
0.012063 4.97437e-07 1.00613e-08
0.0120636 4.97918e-07 1.00876e-08
0.0120642 4.98398e-07 1.01138e-08
0.0120648 4.98878e-07 1.014e-08
0.0120655 4.99358e-07 1.01663e-08
0.0120661 4.99837e-07 1.01925e-08
0.0120667 5.00315e-07 1.02187e-08
0.0120673 5.00793e-07 1.02449e-08
0.0120679 5.01271e-07 1.0271e-08
0.0120686 5.01748e-07 1.02972e-08
0.0120692 5.02225e-07 1.03233e-08
0.0120698 5.02701e-07 1.03494e-08
0.0120704 5.03177e-07 1.03755e-08
0.012071 5.03653e-07 1.04016e-08
0.0120717 5.04128e-07 1.04277e-08
0.0120723 5.04602e-07 1.04538e-08
0.0120729 5.05076e-07 1.04798e-08
0.0120735 5.0555e-07 1.05059e-08
0.0120742 5.06023e-07 1.05319e-08
0.0120748 5.06495e-07 1.05579e-08
0.0120754 5.06968e-07 1.05839e-08
0.012076 5.07439e-07 1.06099e-08
0.0120766 5.07911e-07 1.06359e-08
0.0120773 5.08381e-07 1.06618e-08
0.0120779 5.08852e-07 1.06878e-08
0.0120785 5.09322e-07 1.07137e-08
0.0120791 5.09791e-07 1.07396e-08
0.0120797 5.1026e-07 1.07655e-08
0.0120804 5.10728e-07 1.07914e-08
0.012081 5.11196e-07 1.08173e-08
0.0120816 5.11664e-07 1.08431e-08
0.0120822 5.12131e-07 1.0869e-08
0.0120829 5.12598e-07 1.08948e-08
0.0120835 5.13064e-07 1.09206e-08
0.0120841 5.13529e-07 1.09464e-08
0.0120847 5.13995e-07 1.09722e-08
0.0120853 5.14459e-07 1.09979e-08
0.012086 5.14924e-07 1.10237e-08
0.0120866 5.15387e-07 1.10494e-08
0.0120872 5.15851e-07 1.10751e-08
0.0120878 5.16314e-07 1.11009e-08
0.0120884 5.16776e-07 1.11265e-08
0.0120891 5.17238e-07 1.11522e-08
0.0120897 5.17699e-07 1.11779e-08
0.0120903 5.1816e-07 1.12035e-08
0.0120909 5.18621e-07 1.12292e-08
0.0120916 5.19081e-07 1.12548e-08
0.0120922 5.1954e-07 1.12804e-08
0.0120928 5.19999e-07 1.1306e-08
0.0120934 5.20458e-07 1.13316e-08
0.012094 5.20916e-07 1.13571e-08
0.0120947 5.21373e-07 1.13827e-08
0.0120953 5.2183e-07 1.14082e-08
0.0120959 5.22287e-07 1.14337e-08
0.0120965 5.22743e-07 1.14592e-08
0.0120971 5.23199e-07 1.14847e-08
0.0120978 5.23654e-07 1.15102e-08
0.0120984 5.24109e-07 1.15356e-08
0.012099 5.24563e-07 1.15611e-08
0.0120996 5.25017e-07 1.15865e-08
0.0121002 5.2547e-07 1.16119e-08
0.0121009 5.25923e-07 1.16373e-08
0.0121015 5.26375e-07 1.16627e-08
0.0121021 5.26827e-07 1.16881e-08
0.0121027 5.27278e-07 1.17134e-08
0.0121034 5.27729e-07 1.17388e-08
0.012104 5.28179e-07 1.17641e-08
0.0121046 5.28629e-07 1.17894e-08
0.0121052 5.29079e-07 1.18147e-08
0.0121058 5.29528e-07 1.184e-08
0.0121065 5.29976e-07 1.18652e-08
0.0121071 5.30424e-07 1.18905e-08
0.0121077 5.30871e-07 1.19157e-08
0.0121083 5.31318e-07 1.19409e-08
0.0121089 5.31765e-07 1.19661e-08
0.0121096 5.32211e-07 1.19913e-08
0.0121102 5.32656e-07 1.20165e-08
0.0121108 5.33101e-07 1.20416e-08
0.0121114 5.33545e-07 1.20668e-08
0.0121121 5.33989e-07 1.20919e-08
0.0121127 5.34433e-07 1.2117e-08
0.0121133 5.34876e-07 1.21421e-08
0.0121139 5.35318e-07 1.21672e-08
0.0121145 5.3576e-07 1.21923e-08
0.0121152 5.36202e-07 1.22173e-08
0.0121158 5.36643e-07 1.22423e-08
0.0121164 5.37083e-07 1.22674e-08
0.012117 5.37523e-07 1.22924e-08
0.0121176 5.37963e-07 1.23173e-08
0.0121183 5.38402e-07 1.23423e-08
0.0121189 5.3884e-07 1.23673e-08
0.0121195 5.39278e-07 1.23922e-08
0.0121201 5.39716e-07 1.24171e-08
0.0121208 5.40153e-07 1.2442e-08
0.0121214 5.40589e-07 1.24669e-08
0.012122 5.41025e-07 1.24918e-08
0.0121226 5.41461e-07 1.25167e-08
0.0121232 5.41896e-07 1.25415e-08
0.0121239 5.4233e-07 1.25664e-08
0.0121245 5.42764e-07 1.25912e-08
0.0121251 5.43198e-07 1.2616e-08
0.0121257 5.43631e-07 1.26408e-08
0.0121263 5.44063e-07 1.26655e-08
0.012127 5.44495e-07 1.26903e-08
0.0121276 5.44927e-07 1.2715e-08
0.0121282 5.45358e-07 1.27397e-08
0.0121288 5.45788e-07 1.27644e-08
0.0121294 5.46218e-07 1.27891e-08
0.0121301 5.46647e-07 1.28138e-08
0.0121307 5.47076e-07 1.28385e-08
0.0121313 5.47505e-07 1.28631e-08
0.0121319 5.47933e-07 1.28877e-08
0.0121326 5.4836e-07 1.29123e-08
0.0121332 5.48787e-07 1.29369e-08
0.0121338 5.49213e-07 1.29615e-08
0.0121344 5.49639e-07 1.29861e-08
0.012135 5.50065e-07 1.30106e-08
0.0121357 5.50489e-07 1.30352e-08
0.0121363 5.50914e-07 1.30597e-08
0.0121369 5.51338e-07 1.30842e-08
0.0121375 5.51761e-07 1.31087e-08
0.0121381 5.52184e-07 1.31331e-08
0.0121388 5.52606e-07 1.31576e-08
0.0121394 5.53028e-07 1.3182e-08
0.01214 5.53449e-07 1.32064e-08
0.0121406 5.5387e-07 1.32308e-08
0.0121413 5.5429e-07 1.32552e-08
0.0121419 5.5471e-07 1.32796e-08
0.0121425 5.55129e-07 1.3304e-08
0.0121431 5.55547e-07 1.33283e-08
0.0121437 5.55965e-07 1.33526e-08
0.0121444 5.56383e-07 1.33769e-08
0.012145 5.568e-07 1.34012e-08
0.0121456 5.57217e-07 1.34255e-08
0.0121462 5.57633e-07 1.34497e-08
0.0121468 5.58048e-07 1.3474e-08
0.0121475 5.58463e-07 1.34982e-08
0.0121481 5.58878e-07 1.35224e-08
0.0121487 5.59292e-07 1.35466e-08
0.0121493 5.59705e-07 1.35708e-08
0.01215 5.60118e-07 1.35949e-08
0.0121506 5.60531e-07 1.36191e-08
0.0121512 5.60942e-07 1.36432e-08
0.0121518 5.61354e-07 1.36673e-08
0.0121524 5.61765e-07 1.36914e-08
0.0121531 5.62175e-07 1.37155e-08
0.0121537 5.62585e-07 1.37396e-08
0.0121543 5.62994e-07 1.37636e-08
0.0121549 5.63403e-07 1.37876e-08
0.0121555 5.63811e-07 1.38117e-08
0.0121562 5.64219e-07 1.38356e-08
0.0121568 5.64626e-07 1.38596e-08
0.0121574 5.65032e-07 1.38836e-08
0.012158 5.65438e-07 1.39075e-08
0.0121586 5.65844e-07 1.39315e-08
0.0121593 5.66249e-07 1.39554e-08
0.0121599 5.66654e-07 1.39793e-08
0.0121605 5.67058e-07 1.40032e-08
0.0121611 5.67461e-07 1.4027e-08
0.0121618 5.67864e-07 1.40509e-08
0.0121624 5.68266e-07 1.40747e-08
0.012163 5.68668e-07 1.40985e-08
0.0121636 5.69069e-07 1.41223e-08
0.0121642 5.6947e-07 1.41461e-08
0.0121649 5.6987e-07 1.41699e-08
0.0121655 5.7027e-07 1.41936e-08
0.0121661 5.70669e-07 1.42173e-08
0.0121667 5.71068e-07 1.42411e-08
0.0121673 5.71466e-07 1.42647e-08
0.012168 5.71864e-07 1.42884e-08
0.0121686 5.72261e-07 1.43121e-08
0.0121692 5.72657e-07 1.43357e-08
0.0121698 5.73053e-07 1.43594e-08
0.0121705 5.73449e-07 1.4383e-08
0.0121711 5.73844e-07 1.44066e-08
0.0121717 5.74238e-07 1.44302e-08
0.0121723 5.74632e-07 1.44537e-08
0.0121729 5.75025e-07 1.44773e-08
0.0121736 5.75418e-07 1.45008e-08
0.0121742 5.7581e-07 1.45243e-08
0.0121748 5.76202e-07 1.45478e-08
0.0121754 5.76593e-07 1.45713e-08
0.012176 5.76983e-07 1.45947e-08
0.0121767 5.77373e-07 1.46182e-08
0.0121773 5.77763e-07 1.46416e-08
0.0121779 5.78152e-07 1.4665e-08
0.0121785 5.7854e-07 1.46884e-08
0.0121792 5.78928e-07 1.47118e-08
0.0121798 5.79316e-07 1.47351e-08
0.0121804 5.79702e-07 1.47585e-08
0.012181 5.80089e-07 1.47818e-08
0.0121816 5.80474e-07 1.48051e-08
0.0121823 5.80859e-07 1.48284e-08
0.0121829 5.81244e-07 1.48517e-08
0.0121835 5.81628e-07 1.48749e-08
0.0121841 5.82012e-07 1.48981e-08
0.0121847 5.82395e-07 1.49214e-08
0.0121854 5.82777e-07 1.49446e-08
0.012186 5.83159e-07 1.49678e-08
0.0121866 5.8354e-07 1.49909e-08
0.0121872 5.83921e-07 1.50141e-08
0.0121879 5.84301e-07 1.50372e-08
0.0121885 5.84681e-07 1.50603e-08
0.0121891 5.8506e-07 1.50834e-08
0.0121897 5.85439e-07 1.51065e-08
0.0121903 5.85817e-07 1.51296e-08
0.012191 5.86194e-07 1.51526e-08
0.0121916 5.86571e-07 1.51757e-08
0.0121922 5.86948e-07 1.51987e-08
0.0121928 5.87324e-07 1.52217e-08
0.0121934 5.87699e-07 1.52446e-08
0.0121941 5.88074e-07 1.52676e-08
0.0121947 5.88448e-07 1.52905e-08
0.0121953 5.88822e-07 1.53135e-08
0.0121959 5.89195e-07 1.53364e-08
0.0121965 5.89567e-07 1.53593e-08
0.0121972 5.89939e-07 1.53821e-08
0.0121978 5.90311e-07 1.5405e-08
0.0121984 5.90682e-07 1.54278e-08
0.012199 5.91052e-07 1.54506e-08
0.0121997 5.91422e-07 1.54734e-08
0.0122003 5.91791e-07 1.54962e-08
0.0122009 5.9216e-07 1.5519e-08
0.0122015 5.92528e-07 1.55417e-08
0.0122021 5.92895e-07 1.55645e-08
0.0122028 5.93262e-07 1.55872e-08
0.0122034 5.93629e-07 1.56099e-08
0.012204 5.93995e-07 1.56326e-08
0.0122046 5.9436e-07 1.56552e-08
0.0122052 5.94725e-07 1.56779e-08
0.0122059 5.95089e-07 1.57005e-08
0.0122065 5.95452e-07 1.57231e-08
0.0122071 5.95816e-07 1.57457e-08
0.0122077 5.96178e-07 1.57683e-08
0.0122084 5.9654e-07 1.57908e-08
0.012209 5.96902e-07 1.58133e-08
0.0122096 5.97262e-07 1.58359e-08
0.0122102 5.97623e-07 1.58584e-08
0.0122108 5.97982e-07 1.58808e-08
0.0122115 5.98342e-07 1.59033e-08
0.0122121 5.987e-07 1.59257e-08
0.0122127 5.99058e-07 1.59482e-08
0.0122133 5.99416e-07 1.59706e-08
0.0122139 5.99773e-07 1.5993e-08
0.0122146 6.00129e-07 1.60154e-08
0.0122152 6.00485e-07 1.60377e-08
0.0122158 6.0084e-07 1.606e-08
0.0122164 6.01195e-07 1.60824e-08
0.0122171 6.01549e-07 1.61047e-08
0.0122177 6.01907e-07 1.6127e-08
0.0122183 6.02282e-07 1.61492e-08
0.0122189 6.02657e-07 1.61715e-08
0.0122195 6.03031e-07 1.61937e-08
0.0122202 6.03405e-07 1.62159e-08
0.0122208 6.03778e-07 1.62381e-08
0.0122214 6.0415e-07 1.62603e-08
0.012222 6.04522e-07 1.62824e-08
0.0122226 6.04893e-07 1.63046e-08
0.0122233 6.05264e-07 1.63267e-08
0.0122239 6.05634e-07 1.63488e-08
0.0122245 6.06004e-07 1.63709e-08
0.0122251 6.06373e-07 1.63929e-08
0.0122257 6.06741e-07 1.6415e-08
0.0122264 6.07109e-07 1.6437e-08
0.012227 6.07476e-07 1.6459e-08
0.0122276 6.07843e-07 1.6481e-08
0.0122282 6.08209e-07 1.6503e-08
0.0122289 6.08575e-07 1.65249e-08
0.0122295 6.0894e-07 1.65469e-08
0.0122301 6.09304e-07 1.65688e-08
0.0122307 6.09668e-07 1.65907e-08
0.0122313 6.10031e-07 1.66126e-08
0.012232 6.10394e-07 1.66344e-08
0.0122326 6.10756e-07 1.66563e-08
0.0122332 6.11118e-07 1.66781e-08
0.0122338 6.11479e-07 1.66999e-08
0.0122344 6.11839e-07 1.67217e-08
0.0122351 6.12199e-07 1.67435e-08
0.0122357 6.12558e-07 1.67652e-08
0.0122363 6.12917e-07 1.6787e-08
0.0122369 6.13275e-07 1.68087e-08
0.0122376 6.13633e-07 1.68304e-08
0.0122382 6.1399e-07 1.68521e-08
0.0122388 6.14346e-07 1.68737e-08
0.0122394 6.14702e-07 1.68954e-08
0.01224 6.15057e-07 1.6917e-08
0.0122407 6.15412e-07 1.69386e-08
0.0122413 6.15766e-07 1.69602e-08
0.0122419 6.1612e-07 1.69817e-08
0.0122425 6.16473e-07 1.70033e-08
0.0122431 6.16825e-07 1.70248e-08
0.0122438 6.17177e-07 1.70463e-08
0.0122444 6.17528e-07 1.70678e-08
0.012245 6.17879e-07 1.70893e-08
0.0122456 6.18229e-07 1.71107e-08
0.0122463 6.18578e-07 1.71322e-08
0.0122469 6.18927e-07 1.71536e-08
0.0122475 6.19275e-07 1.7175e-08
0.0122481 6.19623e-07 1.71964e-08
0.0122487 6.1997e-07 1.72177e-08
0.0122494 6.20317e-07 1.72391e-08
0.01225 6.20663e-07 1.72604e-08
0.0122506 6.21008e-07 1.72817e-08
0.0122512 6.21353e-07 1.7303e-08
0.0122518 6.21698e-07 1.73243e-08
0.0122525 6.22041e-07 1.73455e-08
0.0122531 6.22384e-07 1.73667e-08
0.0122537 6.22727e-07 1.73879e-08
0.0122543 6.23069e-07 1.74091e-08
0.0122549 6.2341e-07 1.74303e-08
0.0122556 6.23751e-07 1.74514e-08
0.0122562 6.24091e-07 1.74726e-08
0.0122568 6.24431e-07 1.74937e-08
0.0122574 6.2477e-07 1.75148e-08
0.0122581 6.25109e-07 1.75359e-08
0.0122587 6.25446e-07 1.75569e-08
0.0122593 6.25784e-07 1.75779e-08
0.0122599 6.26121e-07 1.7599e-08
0.0122605 6.26457e-07 1.762e-08
0.0122612 6.26792e-07 1.76409e-08
0.0122618 6.27127e-07 1.76619e-08
0.0122624 6.27462e-07 1.76828e-08
0.012263 6.27795e-07 1.77038e-08
0.0122636 6.28129e-07 1.77247e-08
0.0122643 6.28461e-07 1.77456e-08
0.0122649 6.28793e-07 1.77664e-08
0.0122655 6.29125e-07 1.77873e-08
0.0122661 6.29456e-07 1.78081e-08
0.0122668 6.29786e-07 1.78289e-08
0.0122674 6.30116e-07 1.78497e-08
0.012268 6.30445e-07 1.78705e-08
0.0122686 6.30773e-07 1.78912e-08
0.0122692 6.31101e-07 1.79119e-08
0.0122699 6.31429e-07 1.79326e-08
0.0122705 6.31755e-07 1.79533e-08
0.0122711 6.32082e-07 1.7974e-08
0.0122717 6.32407e-07 1.79947e-08
0.0122723 6.32732e-07 1.80153e-08
0.012273 6.33057e-07 1.80359e-08
0.0122736 6.3338e-07 1.80565e-08
0.0122742 6.33704e-07 1.80771e-08
0.0122748 6.34026e-07 1.80976e-08
0.0122755 6.34348e-07 1.81182e-08
0.0122761 6.3467e-07 1.81387e-08
0.0122767 6.34991e-07 1.81592e-08
0.0122773 6.35311e-07 1.81796e-08
0.0122779 6.35631e-07 1.82001e-08
0.0122786 6.3595e-07 1.82205e-08
0.0122792 6.36268e-07 1.82409e-08
0.0122798 6.36586e-07 1.82613e-08
0.0122804 6.36904e-07 1.82817e-08
0.012281 6.3722e-07 1.83021e-08
0.0122817 6.37537e-07 1.83224e-08
0.0122823 6.37852e-07 1.83427e-08
0.0122829 6.38167e-07 1.8363e-08
0.0122835 6.38481e-07 1.83833e-08
0.0122842 6.38795e-07 1.84036e-08
0.0122848 6.39108e-07 1.84238e-08
0.0122854 6.39421e-07 1.8444e-08
0.012286 6.39733e-07 1.84642e-08
0.0122866 6.40044e-07 1.84844e-08
0.0122873 6.40355e-07 1.85046e-08
0.0122879 6.40666e-07 1.85247e-08
0.0122885 6.40975e-07 1.85448e-08
0.0122891 6.41284e-07 1.8565e-08
0.0122897 6.41593e-07 1.8585e-08
0.0122904 6.419e-07 1.86051e-08
0.012291 6.42208e-07 1.86251e-08
0.0122916 6.42514e-07 1.86452e-08
0.0122922 6.4282e-07 1.86652e-08
0.0122928 6.43126e-07 1.86851e-08
0.0122935 6.43431e-07 1.87051e-08
0.0122941 6.43735e-07 1.87251e-08
0.0122947 6.44039e-07 1.8745e-08
0.0122953 6.44342e-07 1.87649e-08
0.012296 6.44644e-07 1.87848e-08
0.0122966 6.44946e-07 1.88046e-08
0.0122972 6.45248e-07 1.88245e-08
0.0122978 6.45548e-07 1.88443e-08
0.0122984 6.45848e-07 1.88641e-08
0.0122991 6.46148e-07 1.88839e-08
0.0122997 6.46447e-07 1.89036e-08
0.0123003 6.46745e-07 1.89234e-08
0.0123009 6.47043e-07 1.89431e-08
0.0123015 6.4734e-07 1.89628e-08
0.0123022 6.47636e-07 1.89825e-08
0.0123028 6.47932e-07 1.90021e-08
0.0123034 6.48228e-07 1.90218e-08
0.012304 6.48522e-07 1.90414e-08
0.0123047 6.48816e-07 1.9061e-08
0.0123053 6.4911e-07 1.90806e-08
0.0123059 6.49403e-07 1.91002e-08
0.0123065 6.49695e-07 1.91197e-08
0.0123071 6.49987e-07 1.91392e-08
0.0123078 6.50278e-07 1.91587e-08
0.0123084 6.50569e-07 1.91782e-08
0.012309 6.50859e-07 1.91977e-08
0.0123096 6.51148e-07 1.92171e-08
0.0123102 6.51437e-07 1.92365e-08
0.0123109 6.51725e-07 1.92559e-08
0.0123115 6.52012e-07 1.92753e-08
0.0123121 6.52299e-07 1.92946e-08
0.0123127 6.52585e-07 1.9314e-08
0.0123134 6.52871e-07 1.93333e-08
0.012314 6.53156e-07 1.93526e-08
0.0123146 6.53441e-07 1.93719e-08
0.0123152 6.53725e-07 1.93911e-08
0.0123158 6.54008e-07 1.94104e-08
0.0123165 6.54291e-07 1.94296e-08
0.0123171 6.54573e-07 1.94488e-08
0.0123177 6.54854e-07 1.94679e-08
0.0123183 6.55135e-07 1.94871e-08
0.0123189 6.55415e-07 1.95062e-08
0.0123196 6.55695e-07 1.95253e-08
0.0123202 6.55974e-07 1.95444e-08
0.0123208 6.56252e-07 1.95635e-08
0.0123214 6.5653e-07 1.95826e-08
0.012322 6.56808e-07 1.96016e-08
0.0123227 6.57084e-07 1.96206e-08
0.0123233 6.5736e-07 1.96396e-08
0.0123239 6.57636e-07 1.96586e-08
0.0123245 6.57911e-07 1.96775e-08
0.0123252 6.58185e-07 1.96964e-08
0.0123258 6.58458e-07 1.97153e-08
0.0123264 6.58731e-07 1.97342e-08
0.012327 6.59004e-07 1.97531e-08
0.0123276 6.59276e-07 1.97719e-08
0.0123283 6.59547e-07 1.97908e-08
0.0123289 6.59817e-07 1.98096e-08
0.0123295 6.60087e-07 1.98283e-08
0.0123301 6.60357e-07 1.98471e-08
0.0123307 6.60626e-07 1.98658e-08
0.0123314 6.60894e-07 1.98846e-08
0.012332 6.61161e-07 1.99033e-08
0.0123326 6.61428e-07 1.99219e-08
0.0123332 6.61694e-07 1.99406e-08
0.0123339 6.6196e-07 1.99592e-08
0.0123345 6.62225e-07 1.99778e-08
0.0123351 6.6249e-07 1.99964e-08
0.0123357 6.62754e-07 2.0015e-08
0.0123363 6.63017e-07 2.00336e-08
0.012337 6.6328e-07 2.00521e-08
0.0123376 6.63542e-07 2.00706e-08
0.0123382 6.63803e-07 2.00891e-08
0.0123388 6.64064e-07 2.01076e-08
0.0123394 6.64324e-07 2.0126e-08
0.0123401 6.64584e-07 2.01444e-08
0.0123407 6.64843e-07 2.01628e-08
0.0123413 6.65101e-07 2.01812e-08
0.0123419 6.65359e-07 2.01996e-08
0.0123426 6.65616e-07 2.02179e-08
0.0123432 6.65873e-07 2.02363e-08
0.0123438 6.66129e-07 2.02546e-08
0.0123444 6.66384e-07 2.02728e-08
0.012345 6.66639e-07 2.02911e-08
0.0123457 6.66893e-07 2.03093e-08
0.0123463 6.67147e-07 2.03275e-08
0.0123469 6.674e-07 2.03457e-08
0.0123475 6.67652e-07 2.03639e-08
0.0123481 6.67904e-07 2.03821e-08
0.0123488 6.68155e-07 2.04002e-08
0.0123494 6.68405e-07 2.04183e-08
0.01235 6.68655e-07 2.04364e-08
0.0123506 6.68904e-07 2.04545e-08
0.0123512 6.69153e-07 2.04725e-08
0.0123519 6.69401e-07 2.04905e-08
0.0123525 6.69648e-07 2.05085e-08
0.0123531 6.69895e-07 2.05265e-08
0.0123537 6.70141e-07 2.05445e-08
0.0123544 6.70387e-07 2.05624e-08
0.012355 6.70632e-07 2.05803e-08
0.0123556 6.70876e-07 2.05982e-08
0.0123562 6.7112e-07 2.06161e-08
0.0123568 6.71363e-07 2.0634e-08
0.0123575 6.71605e-07 2.06518e-08
0.0123581 6.71847e-07 2.06696e-08
0.0123587 6.72088e-07 2.06874e-08
0.0123593 6.72329e-07 2.07052e-08
0.0123599 6.72569e-07 2.07229e-08
0.0123606 6.72809e-07 2.07406e-08
0.0123612 6.73047e-07 2.07583e-08
0.0123618 6.73286e-07 2.0776e-08
0.0123624 6.73523e-07 2.07937e-08
0.0123631 6.7376e-07 2.08113e-08
0.0123637 6.73996e-07 2.08289e-08
0.0123643 6.74232e-07 2.08465e-08
0.0123649 6.74467e-07 2.08641e-08
0.0123655 6.74702e-07 2.08817e-08
0.0123662 6.74936e-07 2.08992e-08
0.0123668 6.75169e-07 2.09167e-08
0.0123674 6.75401e-07 2.09342e-08
0.012368 6.75633e-07 2.09517e-08
0.0123686 6.75865e-07 2.09691e-08
0.0123693 6.76096e-07 2.09865e-08
0.0123699 6.76326e-07 2.10039e-08
0.0123705 6.76555e-07 2.10213e-08
0.0123711 6.76784e-07 2.10387e-08
0.0123718 6.77013e-07 2.1056e-08
0.0123724 6.7724e-07 2.10733e-08
0.012373 6.77467e-07 2.10906e-08
0.0123736 6.77694e-07 2.11079e-08
0.0123742 6.7792e-07 2.11251e-08
0.0123749 6.78145e-07 2.11424e-08
0.0123755 6.78369e-07 2.11596e-08
0.0123761 6.78593e-07 2.11768e-08
0.0123767 6.78817e-07 2.11939e-08
0.0123773 6.7904e-07 2.12111e-08
0.012378 6.79262e-07 2.12282e-08
0.0123786 6.79483e-07 2.12453e-08
0.0123792 6.79704e-07 2.12624e-08
0.0123798 6.79924e-07 2.12794e-08
0.0123805 6.80144e-07 2.12964e-08
0.0123811 6.80363e-07 2.13135e-08
0.0123817 6.80581e-07 2.13304e-08
0.0123823 6.80799e-07 2.13474e-08
0.0123829 6.81016e-07 2.13644e-08
0.0123836 6.81233e-07 2.13813e-08
0.0123842 6.81449e-07 2.13982e-08
0.0123848 6.81664e-07 2.14151e-08
0.0123854 6.81879e-07 2.14319e-08
0.012386 6.82093e-07 2.14487e-08
0.0123867 6.82306e-07 2.14656e-08
0.0123873 6.82519e-07 2.14823e-08
0.0123879 6.82731e-07 2.14991e-08
0.0123885 6.82943e-07 2.15159e-08
0.0123891 6.83154e-07 2.15326e-08
0.0123898 6.83364e-07 2.15493e-08
0.0123904 6.83574e-07 2.1566e-08
0.012391 6.83783e-07 2.15826e-08
0.0123916 6.83991e-07 2.15993e-08
0.0123923 6.84199e-07 2.16159e-08
0.0123929 6.84407e-07 2.16325e-08
0.0123935 6.84613e-07 2.1649e-08
0.0123941 6.84819e-07 2.16656e-08
0.0123947 6.85024e-07 2.16821e-08
0.0123954 6.85229e-07 2.16986e-08
0.012396 6.85433e-07 2.17151e-08
0.0123966 6.85637e-07 2.17315e-08
0.0123972 6.8584e-07 2.1748e-08
0.0123978 6.86042e-07 2.17644e-08
0.0123985 6.86244e-07 2.17808e-08
0.0123991 6.86445e-07 2.17972e-08
0.0123997 6.86645e-07 2.18135e-08
0.0124003 6.86845e-07 2.18298e-08
0.012401 6.87044e-07 2.18461e-08
0.0124016 6.87242e-07 2.18624e-08
0.0124022 6.8744e-07 2.18787e-08
0.0124028 6.87637e-07 2.18949e-08
0.0124034 6.87834e-07 2.19111e-08
0.0124041 6.8803e-07 2.19273e-08
0.0124047 6.88225e-07 2.19435e-08
0.0124053 6.8842e-07 2.19596e-08
0.0124059 6.88614e-07 2.19757e-08
0.0124065 6.88808e-07 2.19918e-08
0.0124072 6.89001e-07 2.20079e-08
0.0124078 6.89193e-07 2.2024e-08
0.0124084 6.89385e-07 2.204e-08
0.012409 6.89576e-07 2.2056e-08
0.0124097 6.89766e-07 2.2072e-08
0.0124103 6.89956e-07 2.2088e-08
0.0124109 6.90145e-07 2.21039e-08
0.0124115 6.90333e-07 2.21198e-08
0.0124121 6.90521e-07 2.21357e-08
0.0124128 6.90709e-07 2.21516e-08
0.0124134 6.90895e-07 2.21675e-08
0.012414 6.91081e-07 2.21833e-08
0.0124146 6.91267e-07 2.21991e-08
0.0124152 6.91451e-07 2.22149e-08
0.0124159 6.91636e-07 2.22306e-08
0.0124165 6.91819e-07 2.22464e-08
0.0124171 6.92002e-07 2.22621e-08
0.0124177 6.92184e-07 2.22778e-08
0.0124183 6.92366e-07 2.22935e-08
0.012419 6.92547e-07 2.23091e-08
0.0124196 6.92727e-07 2.23247e-08
0.0124202 6.92907e-07 2.23403e-08
0.0124208 6.93086e-07 2.23559e-08
0.0124215 6.93264e-07 2.23715e-08
0.0124221 6.93442e-07 2.2387e-08
0.0124227 6.9362e-07 2.24025e-08
0.0124233 6.93796e-07 2.2418e-08
0.0124239 6.93972e-07 2.24335e-08
0.0124246 6.94148e-07 2.24489e-08
0.0124252 6.94322e-07 2.24644e-08
0.0124258 6.94496e-07 2.24797e-08
0.0124264 6.9467e-07 2.24951e-08
0.012427 6.94843e-07 2.25105e-08
0.0124277 6.95015e-07 2.25258e-08
0.0124283 6.95186e-07 2.25411e-08
0.0124289 6.95357e-07 2.25564e-08
0.0124295 6.95528e-07 2.25717e-08
0.0124302 6.95697e-07 2.25869e-08
0.0124308 6.95867e-07 2.26021e-08
0.0124314 6.96035e-07 2.26173e-08
0.012432 6.96203e-07 2.26325e-08
0.0124326 6.9637e-07 2.26476e-08
0.0124333 6.96537e-07 2.26627e-08
0.0124339 6.96702e-07 2.26778e-08
0.0124345 6.96868e-07 2.26929e-08
0.0124351 6.97032e-07 2.2708e-08
0.0124357 6.97197e-07 2.2723e-08
0.0124364 6.9736e-07 2.2738e-08
0.012437 6.97523e-07 2.2753e-08
0.0124376 6.97685e-07 2.2768e-08
0.0124382 6.97846e-07 2.27829e-08
0.0124389 6.98007e-07 2.27978e-08
0.0124395 6.98168e-07 2.28127e-08
0.0124401 6.98327e-07 2.28276e-08
0.0124407 6.98486e-07 2.28424e-08
0.0124413 6.98645e-07 2.28573e-08
0.012442 6.98802e-07 2.28721e-08
0.0124426 6.9896e-07 2.28868e-08
0.0124432 6.99116e-07 2.29016e-08
0.0124438 6.99272e-07 2.29163e-08
0.0124444 6.99427e-07 2.2931e-08
0.0124451 6.99582e-07 2.29457e-08
0.0124457 6.99736e-07 2.29604e-08
0.0124463 6.99889e-07 2.2975e-08
0.0124469 7.00042e-07 2.29896e-08
0.0124475 7.00194e-07 2.30042e-08
0.0124482 7.00345e-07 2.30188e-08
0.0124488 7.00496e-07 2.30333e-08
0.0124494 7.00646e-07 2.30479e-08
0.01245 7.00796e-07 2.30624e-08
0.0124507 7.00945e-07 2.30768e-08
0.0124513 7.01093e-07 2.30913e-08
0.0124519 7.01241e-07 2.31057e-08
0.0124525 7.01388e-07 2.31201e-08
0.0124531 7.01534e-07 2.31345e-08
0.0124538 7.0168e-07 2.31489e-08
0.0124544 7.01825e-07 2.31632e-08
0.012455 7.0197e-07 2.31775e-08
0.0124556 7.02114e-07 2.31918e-08
0.0124562 7.02257e-07 2.32061e-08
0.0124569 7.02399e-07 2.32203e-08
0.0124575 7.02541e-07 2.32345e-08
0.0124581 7.02683e-07 2.32487e-08
0.0124587 7.02824e-07 2.32629e-08
0.0124594 7.02964e-07 2.3277e-08
0.01246 7.03103e-07 2.32911e-08
0.0124606 7.03242e-07 2.33052e-08
0.0124612 7.0338e-07 2.33193e-08
0.0124618 7.03518e-07 2.33334e-08
0.0124625 7.03655e-07 2.33474e-08
0.0124631 7.03791e-07 2.33614e-08
0.0124637 7.03927e-07 2.33754e-08
0.0124643 7.04062e-07 2.33894e-08
0.0124649 7.04196e-07 2.34033e-08
0.0124656 7.0433e-07 2.34172e-08
0.0124662 7.04463e-07 2.34311e-08
0.0124668 7.04596e-07 2.3445e-08
0.0124674 7.04728e-07 2.34588e-08
0.0124681 7.04859e-07 2.34726e-08
0.0124687 7.04989e-07 2.34864e-08
0.0124693 7.05119e-07 2.35002e-08
0.0124699 7.05249e-07 2.35139e-08
0.0124705 7.05378e-07 2.35276e-08
0.0124712 7.05506e-07 2.35413e-08
0.0124718 7.05633e-07 2.3555e-08
0.0124724 7.0576e-07 2.35687e-08
0.012473 7.05886e-07 2.35823e-08
0.0124736 7.06012e-07 2.35959e-08
0.0124743 7.06137e-07 2.36095e-08
0.0124749 7.06261e-07 2.3623e-08
0.0124755 7.06385e-07 2.36366e-08
0.0124761 7.06508e-07 2.36501e-08
0.0124768 7.0663e-07 2.36636e-08
0.0124774 7.06752e-07 2.3677e-08
0.012478 7.06873e-07 2.36905e-08
0.0124786 7.06994e-07 2.37039e-08
0.0124792 7.07113e-07 2.37173e-08
0.0124799 7.07233e-07 2.37306e-08
0.0124805 7.07351e-07 2.3744e-08
0.0124811 7.07469e-07 2.37573e-08
0.0124817 7.07587e-07 2.37706e-08
0.0124823 7.07703e-07 2.37839e-08
0.012483 7.07819e-07 2.37971e-08
0.0124836 7.07935e-07 2.38103e-08
0.0124842 7.0805e-07 2.38235e-08
0.0124848 7.08164e-07 2.38367e-08
0.0124854 7.08277e-07 2.38499e-08
0.0124861 7.0839e-07 2.3863e-08
0.0124867 7.08503e-07 2.38761e-08
0.0124873 7.08614e-07 2.38892e-08
0.0124879 7.08725e-07 2.39022e-08
0.0124886 7.08836e-07 2.39153e-08
0.0124892 7.08945e-07 2.39283e-08
0.0124898 7.09055e-07 2.39412e-08
0.0124904 7.09163e-07 2.39542e-08
0.012491 7.09271e-07 2.39671e-08
0.0124917 7.09378e-07 2.398e-08
0.0124923 7.09485e-07 2.39929e-08
0.0124929 7.09591e-07 2.40058e-08
0.0124935 7.09696e-07 2.40186e-08
0.0124941 7.09801e-07 2.40314e-08
0.0124948 7.09905e-07 2.40442e-08
0.0124954 7.10008e-07 2.4057e-08
0.012496 7.10111e-07 2.40697e-08
0.0124966 7.10213e-07 2.40825e-08
0.0124973 7.10315e-07 2.40952e-08
0.0124979 7.10415e-07 2.41078e-08
0.0124985 7.10516e-07 2.41205e-08
0.0124991 7.10615e-07 2.41331e-08
0.0124997 7.10714e-07 2.41457e-08
0.0125004 7.10813e-07 2.41583e-08
0.012501 7.1091e-07 2.41708e-08
0.0125016 7.11008e-07 2.41833e-08
0.0125022 7.11104e-07 2.41958e-08
0.0125028 7.112e-07 2.42083e-08
0.0125035 7.11295e-07 2.42208e-08
0.0125041 7.1139e-07 2.42332e-08
0.0125047 7.11483e-07 2.42456e-08
0.0125053 7.11577e-07 2.4258e-08
0.012506 7.11669e-07 2.42703e-08
0.0125066 7.11761e-07 2.42826e-08
0.0125072 7.11853e-07 2.4295e-08
0.0125078 7.11944e-07 2.43072e-08
0.0125084 7.12034e-07 2.43195e-08
0.0125091 7.12123e-07 2.43317e-08
0.0125097 7.12212e-07 2.43439e-08
0.0125103 7.123e-07 2.43561e-08
0.0125109 7.12388e-07 2.43683e-08
0.0125115 7.12475e-07 2.43804e-08
0.0125122 7.12561e-07 2.43925e-08
0.0125128 7.12647e-07 2.44046e-08
0.0125134 7.12732e-07 2.44167e-08
0.012514 7.12816e-07 2.44287e-08
0.0125146 7.129e-07 2.44407e-08
0.0125153 7.12983e-07 2.44527e-08
0.0125159 7.13066e-07 2.44647e-08
0.0125165 7.13148e-07 2.44766e-08
0.0125171 7.13229e-07 2.44885e-08
0.0125178 7.1331e-07 2.45004e-08
0.0125184 7.1339e-07 2.45123e-08
0.012519 7.13469e-07 2.45241e-08
0.0125196 7.13548e-07 2.45359e-08
0.0125202 7.13626e-07 2.45477e-08
0.0125209 7.13703e-07 2.45595e-08
0.0125215 7.1378e-07 2.45712e-08
0.0125221 7.13856e-07 2.45829e-08
0.0125227 7.13932e-07 2.45946e-08
0.0125233 7.14007e-07 2.46063e-08
0.012524 7.14081e-07 2.4618e-08
0.0125246 7.14155e-07 2.46296e-08
0.0125252 7.14228e-07 2.46412e-08
0.0125258 7.143e-07 2.46527e-08
0.0125265 7.14372e-07 2.46643e-08
0.0125271 7.14443e-07 2.46758e-08
0.0125277 7.14513e-07 2.46873e-08
0.0125283 7.14583e-07 2.46988e-08
0.0125289 7.14652e-07 2.47102e-08
0.0125296 7.14721e-07 2.47216e-08
0.0125302 7.14789e-07 2.4733e-08
0.0125308 7.14856e-07 2.47444e-08
0.0125314 7.14923e-07 2.47558e-08
0.012532 7.14989e-07 2.47671e-08
0.0125327 7.15054e-07 2.47784e-08
0.0125333 7.15119e-07 2.47897e-08
0.0125339 7.15183e-07 2.48009e-08
0.0125345 7.15247e-07 2.48121e-08
0.0125352 7.1531e-07 2.48233e-08
0.0125358 7.15372e-07 2.48345e-08
0.0125364 7.15434e-07 2.48456e-08
0.012537 7.15495e-07 2.48568e-08
0.0125376 7.15555e-07 2.48679e-08
0.0125383 7.15615e-07 2.48789e-08
0.0125389 7.15674e-07 2.489e-08
0.0125395 7.15732e-07 2.4901e-08
0.0125401 7.1579e-07 2.4912e-08
0.0125407 7.15847e-07 2.4923e-08
0.0125414 7.15904e-07 2.49339e-08
0.012542 7.1596e-07 2.49449e-08
0.0125426 7.16015e-07 2.49558e-08
0.0125432 7.1607e-07 2.49666e-08
0.0125438 7.16124e-07 2.49775e-08
0.0125445 7.16177e-07 2.49883e-08
0.0125451 7.1623e-07 2.49991e-08
0.0125457 7.16282e-07 2.50099e-08
0.0125463 7.16334e-07 2.50207e-08
0.012547 7.16384e-07 2.50314e-08
0.0125476 7.16495e-07 2.50421e-08
0.0125482 7.16769e-07 2.50528e-08
0.0125488 7.17041e-07 2.50634e-08
0.0125494 7.17313e-07 2.5074e-08
0.0125501 7.17584e-07 2.50846e-08
0.0125507 7.17855e-07 2.50952e-08
0.0125513 7.18124e-07 2.51058e-08
0.0125519 7.18393e-07 2.51163e-08
0.0125525 7.18661e-07 2.51268e-08
0.0125532 7.18928e-07 2.51373e-08
0.0125538 7.19194e-07 2.51477e-08
0.0125544 7.1946e-07 2.51581e-08
0.012555 7.19725e-07 2.51685e-08
0.0125557 7.19989e-07 2.51789e-08
0.0125563 7.20252e-07 2.51893e-08
0.0125569 7.20515e-07 2.51996e-08
0.0125575 7.20776e-07 2.52099e-08
0.0125581 7.21037e-07 2.52202e-08
0.0125588 7.21298e-07 2.52304e-08
0.0125594 7.21557e-07 2.52406e-08
0.01256 7.21816e-07 2.52508e-08
0.0125606 7.22073e-07 2.5261e-08
0.0125612 7.2233e-07 2.52712e-08
0.0125619 7.22587e-07 2.52813e-08
0.0125625 7.22842e-07 2.52914e-08
0.0125631 7.23097e-07 2.53015e-08
0.0125637 7.23351e-07 2.53115e-08
0.0125644 7.23604e-07 2.53215e-08
0.012565 7.23856e-07 2.53315e-08
0.0125656 7.24108e-07 2.53415e-08
0.0125662 7.24359e-07 2.53514e-08
0.0125668 7.24609e-07 2.53614e-08
0.0125675 7.24858e-07 2.53713e-08
0.0125681 7.25106e-07 2.53811e-08
0.0125687 7.25354e-07 2.5391e-08
0.0125693 7.25601e-07 2.54008e-08
0.0125699 7.25847e-07 2.54106e-08
0.0125706 7.26092e-07 2.54204e-08
0.0125712 7.26337e-07 2.54301e-08
0.0125718 7.26581e-07 2.54398e-08
0.0125724 7.26824e-07 2.54495e-08
0.0125731 7.27066e-07 2.54592e-08
0.0125737 7.27307e-07 2.54688e-08
0.0125743 7.27548e-07 2.54785e-08
0.0125749 7.27788e-07 2.5488e-08
0.0125755 7.28027e-07 2.54976e-08
0.0125762 7.28265e-07 2.55072e-08
0.0125768 7.28503e-07 2.55167e-08
0.0125774 7.2874e-07 2.55262e-08
0.012578 7.28976e-07 2.55356e-08
0.0125786 7.29211e-07 2.55451e-08
0.0125793 7.29445e-07 2.55545e-08
0.0125799 7.29679e-07 2.55639e-08
0.0125805 7.29912e-07 2.55732e-08
0.0125811 7.30144e-07 2.55826e-08
0.0125817 7.30375e-07 2.55919e-08
0.0125824 7.30606e-07 2.56012e-08
0.012583 7.30835e-07 2.56104e-08
0.0125836 7.31064e-07 2.56197e-08
0.0125842 7.31293e-07 2.56289e-08
0.0125849 7.3152e-07 2.56381e-08
0.0125855 7.31747e-07 2.56472e-08
0.0125861 7.31972e-07 2.56564e-08
0.0125867 7.32197e-07 2.56655e-08
0.0125873 7.32422e-07 2.56745e-08
0.012588 7.32645e-07 2.56836e-08
0.0125886 7.32868e-07 2.56926e-08
0.0125892 7.3309e-07 2.57016e-08
0.0125898 7.33311e-07 2.57106e-08
0.0125904 7.33532e-07 2.57196e-08
0.0125911 7.33751e-07 2.57285e-08
0.0125917 7.3397e-07 2.57374e-08
0.0125923 7.34188e-07 2.57463e-08
0.0125929 7.34405e-07 2.57551e-08
0.0125936 7.34622e-07 2.5764e-08
0.0125942 7.34837e-07 2.57728e-08
0.0125948 7.35052e-07 2.57815e-08
0.0125954 7.35267e-07 2.57903e-08
0.012596 7.3548e-07 2.5799e-08
0.0125967 7.35693e-07 2.58077e-08
0.0125973 7.35904e-07 2.58164e-08
0.0125979 7.36115e-07 2.5825e-08
0.0125985 7.36326e-07 2.58337e-08
0.0125991 7.36535e-07 2.58423e-08
0.0125998 7.36744e-07 2.58508e-08
0.0126004 7.36952e-07 2.58594e-08
0.012601 7.37159e-07 2.58679e-08
0.0126016 7.37365e-07 2.58764e-08
0.0126023 7.37571e-07 2.58848e-08
0.0126029 7.37776e-07 2.58933e-08
0.0126035 7.3798e-07 2.59017e-08
0.0126041 7.38183e-07 2.59101e-08
0.0126047 7.38385e-07 2.59185e-08
0.0126054 7.38587e-07 2.59268e-08
0.012606 7.38788e-07 2.59351e-08
0.0126066 7.38988e-07 2.59434e-08
0.0126072 7.39188e-07 2.59517e-08
0.0126078 7.39386e-07 2.59599e-08
0.0126085 7.39584e-07 2.59681e-08
0.0126091 7.39781e-07 2.59763e-08
0.0126097 7.39977e-07 2.59844e-08
0.0126103 7.40173e-07 2.59926e-08
0.0126109 7.40367e-07 2.60007e-08
0.0126116 7.40561e-07 2.60088e-08
0.0126122 7.40755e-07 2.60168e-08
0.0126128 7.40947e-07 2.60248e-08
0.0126134 7.41139e-07 2.60328e-08
0.0126141 7.41329e-07 2.60408e-08
0.0126147 7.41519e-07 2.60488e-08
0.0126153 7.41709e-07 2.60567e-08
0.0126159 7.41897e-07 2.60646e-08
0.0126165 7.42085e-07 2.60725e-08
0.0126172 7.42272e-07 2.60803e-08
0.0126178 7.42458e-07 2.60881e-08
0.0126184 7.42643e-07 2.60959e-08
0.012619 7.42828e-07 2.61037e-08
0.0126196 7.43012e-07 2.61114e-08
0.0126203 7.43195e-07 2.61192e-08
0.0126209 7.43377e-07 2.61268e-08
0.0126215 7.43558e-07 2.61345e-08
0.0126221 7.43739e-07 2.61421e-08
0.0126228 7.43919e-07 2.61498e-08
0.0126234 7.44098e-07 2.61574e-08
0.012624 7.44277e-07 2.61649e-08
0.0126246 7.44454e-07 2.61724e-08
0.0126252 7.44631e-07 2.618e-08
0.0126259 7.44807e-07 2.61874e-08
0.0126265 7.44982e-07 2.61949e-08
0.0126271 7.45157e-07 2.62023e-08
0.0126277 7.45331e-07 2.62097e-08
0.0126283 7.45504e-07 2.62171e-08
0.012629 7.45676e-07 2.62245e-08
0.0126296 7.45847e-07 2.62318e-08
0.0126302 7.46018e-07 2.62391e-08
0.0126308 7.46188e-07 2.62464e-08
0.0126315 7.46357e-07 2.62536e-08
0.0126321 7.46525e-07 2.62608e-08
0.0126327 7.46693e-07 2.6268e-08
0.0126333 7.46859e-07 2.62752e-08
0.0126339 7.47025e-07 2.62823e-08
0.0126346 7.47191e-07 2.62895e-08
0.0126352 7.47355e-07 2.62966e-08
0.0126358 7.47519e-07 2.63036e-08
0.0126364 7.47681e-07 2.63107e-08
0.012637 7.47844e-07 2.63177e-08
0.0126377 7.48005e-07 2.63247e-08
0.0126383 7.48165e-07 2.63316e-08
0.0126389 7.48325e-07 2.63386e-08
0.0126395 7.48484e-07 2.63455e-08
0.0126401 7.48643e-07 2.63524e-08
0.0126408 7.488e-07 2.63592e-08
0.0126414 7.48957e-07 2.6366e-08
0.012642 7.49113e-07 2.63728e-08
0.0126426 7.49268e-07 2.63796e-08
0.0126433 7.49422e-07 2.63864e-08
0.0126439 7.49576e-07 2.63931e-08
0.0126445 7.49728e-07 2.63998e-08
0.0126451 7.49881e-07 2.64065e-08
0.0126457 7.50032e-07 2.64131e-08
0.0126464 7.50182e-07 2.64197e-08
0.012647 7.50332e-07 2.64263e-08
0.0126476 7.50481e-07 2.64329e-08
0.0126482 7.50629e-07 2.64394e-08
0.0126488 7.50777e-07 2.6446e-08
0.0126495 7.50923e-07 2.64525e-08
0.0126501 7.51069e-07 2.64589e-08
0.0126507 7.51214e-07 2.64654e-08
0.0126513 7.51359e-07 2.64718e-08
0.012652 7.51502e-07 2.64781e-08
0.0126526 7.51645e-07 2.64845e-08
0.0126532 7.51787e-07 2.64908e-08
0.0126538 7.51928e-07 2.64971e-08
0.0126544 7.52069e-07 2.65034e-08
0.0126551 7.52208e-07 2.65097e-08
0.0126557 7.52347e-07 2.65159e-08
0.0126563 7.52485e-07 2.65221e-08
0.0126569 7.52623e-07 2.65283e-08
0.0126575 7.52759e-07 2.65344e-08
0.0126582 7.52895e-07 2.65405e-08
0.0126588 7.5303e-07 2.65466e-08
0.0126594 7.53165e-07 2.65527e-08
0.01266 7.53298e-07 2.65587e-08
0.0126607 7.53431e-07 2.65648e-08
0.0126613 7.53563e-07 2.65708e-08
0.0126619 7.53694e-07 2.65767e-08
0.0126625 7.53825e-07 2.65827e-08
0.0126631 7.53954e-07 2.65886e-08
0.0126638 7.54083e-07 2.65944e-08
0.0126644 7.54211e-07 2.66003e-08
0.012665 7.54339e-07 2.66061e-08
0.0126656 7.54465e-07 2.66119e-08
0.0126662 7.54591e-07 2.66177e-08
0.0126669 7.54716e-07 2.66235e-08
0.0126675 7.54841e-07 2.66292e-08
0.0126681 7.54964e-07 2.66349e-08
0.0126687 7.55087e-07 2.66406e-08
0.0126694 7.55209e-07 2.66462e-08
0.01267 7.5533e-07 2.66518e-08
0.0126706 7.55451e-07 2.66574e-08
0.0126712 7.5557e-07 2.6663e-08
0.0126718 7.55689e-07 2.66685e-08
0.0126725 7.55807e-07 2.6674e-08
0.0126731 7.55925e-07 2.66795e-08
0.0126737 7.56041e-07 2.6685e-08
0.0126743 7.56157e-07 2.66904e-08
0.0126749 7.56272e-07 2.66958e-08
0.0126756 7.56387e-07 2.67012e-08
0.0126762 7.565e-07 2.67066e-08
0.0126768 7.56613e-07 2.67119e-08
0.0126774 7.56725e-07 2.67172e-08
0.012678 7.56836e-07 2.67225e-08
0.0126787 7.56947e-07 2.67277e-08
0.0126793 7.57056e-07 2.67329e-08
0.0126799 7.57165e-07 2.67381e-08
0.0126805 7.57274e-07 2.67433e-08
0.0126812 7.57381e-07 2.67485e-08
0.0126818 7.57488e-07 2.67536e-08
0.0126824 7.57594e-07 2.67587e-08
0.012683 7.57699e-07 2.67637e-08
0.0126836 7.57803e-07 2.67688e-08
0.0126843 7.57907e-07 2.67738e-08
0.0126849 7.5801e-07 2.67788e-08
0.0126855 7.58112e-07 2.67837e-08
0.0126861 7.58213e-07 2.67886e-08
0.0126867 7.58313e-07 2.67935e-08
0.0126874 7.58413e-07 2.67984e-08
0.012688 7.58512e-07 2.68033e-08
0.0126886 7.58611e-07 2.68081e-08
0.0126892 7.58708e-07 2.68129e-08
0.0126899 7.58805e-07 2.68177e-08
0.0126905 7.58901e-07 2.68224e-08
0.0126911 7.58996e-07 2.68271e-08
0.0126917 7.5909e-07 2.68318e-08
0.0126923 7.59184e-07 2.68365e-08
0.012693 7.59277e-07 2.68411e-08
0.0126936 7.59369e-07 2.68457e-08
0.0126942 7.59461e-07 2.68503e-08
0.0126948 7.59551e-07 2.68549e-08
0.0126954 7.59641e-07 2.68594e-08
0.0126961 7.5973e-07 2.68639e-08
0.0126967 7.59818e-07 2.68684e-08
0.0126973 7.59906e-07 2.68728e-08
0.0126979 7.59993e-07 2.68773e-08
0.0126986 7.60079e-07 2.68817e-08
0.0126992 7.60164e-07 2.6886e-08
0.0126998 7.60249e-07 2.68904e-08
0.0127004 7.60333e-07 2.68947e-08
0.012701 7.60416e-07 2.6899e-08
0.0127017 7.60498e-07 2.69032e-08
0.0127023 7.60579e-07 2.69075e-08
0.0127029 7.6066e-07 2.69117e-08
0.0127035 7.6074e-07 2.69159e-08
0.0127041 7.60819e-07 2.692e-08
0.0127048 7.60898e-07 2.69242e-08
0.0127054 7.60976e-07 2.69283e-08
0.012706 7.61052e-07 2.69324e-08
0.0127066 7.61129e-07 2.69364e-08
0.0127072 7.61204e-07 2.69404e-08
0.0127079 7.61279e-07 2.69444e-08
0.0127085 7.61353e-07 2.69484e-08
0.0127091 7.61426e-07 2.69523e-08
0.0127097 7.61498e-07 2.69563e-08
0.0127104 7.6157e-07 2.69601e-08
0.012711 7.61641e-07 2.6964e-08
0.0127116 7.61711e-07 2.69679e-08
0.0127122 7.6178e-07 2.69717e-08
0.0127128 7.61849e-07 2.69754e-08
0.0127135 7.61917e-07 2.69792e-08
0.0127141 7.61984e-07 2.69829e-08
0.0127147 7.6205e-07 2.69866e-08
0.0127153 7.62116e-07 2.69903e-08
0.0127159 7.62181e-07 2.6994e-08
0.0127166 7.62245e-07 2.69976e-08
0.0127172 7.62308e-07 2.70012e-08
0.0127178 7.62371e-07 2.70048e-08
0.0127184 7.62432e-07 2.70083e-08
0.0127191 7.62493e-07 2.70118e-08
0.0127197 7.62554e-07 2.70153e-08
0.0127203 7.62613e-07 2.70188e-08
0.0127209 7.62672e-07 2.70222e-08
0.0127215 7.6273e-07 2.70256e-08
0.0127222 7.62787e-07 2.7029e-08
0.0127228 7.62844e-07 2.70323e-08
0.0127234 7.629e-07 2.70357e-08
0.012724 7.62955e-07 2.7039e-08
0.0127246 7.63009e-07 2.70423e-08
0.0127253 7.63062e-07 2.70455e-08
0.0127259 7.63115e-07 2.70487e-08
0.0127265 7.63167e-07 2.70519e-08
0.0127271 7.63219e-07 2.70551e-08
0.0127278 7.63269e-07 2.70582e-08
0.0127284 7.63319e-07 2.70613e-08
0.012729 7.63368e-07 2.70644e-08
0.0127296 7.63416e-07 2.70675e-08
0.0127302 7.63464e-07 2.70705e-08
0.0127309 7.6351e-07 2.70735e-08
0.0127315 7.63556e-07 2.70765e-08
0.0127321 7.63602e-07 2.70795e-08
0.0127327 7.63646e-07 2.70824e-08
0.0127333 7.6369e-07 2.70853e-08
0.012734 7.63733e-07 2.70882e-08
0.0127346 7.63775e-07 2.7091e-08
0.0127352 7.63817e-07 2.70938e-08
0.0127358 7.63857e-07 2.70966e-08
0.0127364 7.63897e-07 2.70994e-08
0.0127371 7.63937e-07 2.71021e-08
0.0127377 7.63975e-07 2.71048e-08
0.0127383 7.64013e-07 2.71075e-08
0.0127389 7.6405e-07 2.71102e-08
0.0127396 7.64086e-07 2.71128e-08
0.0127402 7.64122e-07 2.71154e-08
0.0127408 7.64156e-07 2.7118e-08
0.0127414 7.6419e-07 2.71205e-08
0.012742 7.64224e-07 2.71231e-08
0.0127427 7.64256e-07 2.71256e-08
0.0127433 7.64288e-07 2.7128e-08
0.0127439 7.64319e-07 2.71305e-08
0.0127445 7.64349e-07 2.71329e-08
0.0127451 7.64379e-07 2.71353e-08
0.0127458 7.64408e-07 2.71376e-08
0.0127464 7.64436e-07 2.714e-08
0.012747 7.64463e-07 2.71423e-08
0.0127476 7.64489e-07 2.71446e-08
0.0127483 7.64515e-07 2.71468e-08
0.0127489 7.6454e-07 2.71491e-08
0.0127495 7.64565e-07 2.71513e-08
0.0127501 7.64588e-07 2.71534e-08
0.0127507 7.64611e-07 2.71556e-08
0.0127514 7.64633e-07 2.71577e-08
0.012752 7.64654e-07 2.71598e-08
0.0127526 7.64675e-07 2.71619e-08
0.0127532 7.64695e-07 2.71639e-08
0.0127538 7.64714e-07 2.71659e-08
0.0127545 7.64732e-07 2.71679e-08
0.0127551 7.6475e-07 2.71699e-08
0.0127557 7.64767e-07 2.71718e-08
0.0127563 7.64783e-07 2.71737e-08
0.012757 7.64798e-07 2.71756e-08
0.0127576 7.64813e-07 2.71774e-08
0.0127582 7.64827e-07 2.71792e-08
0.0127588 7.6484e-07 2.7181e-08
0.0127594 7.64853e-07 2.71828e-08
0.0127601 7.64864e-07 2.71846e-08
0.0127607 7.64875e-07 2.71863e-08
0.0127613 7.64885e-07 2.7188e-08
0.0127619 7.64895e-07 2.71896e-08
0.0127625 7.64904e-07 2.71913e-08
0.0127632 7.64912e-07 2.71929e-08
0.0127638 7.64919e-07 2.71945e-08
0.0127644 7.64925e-07 2.7196e-08
0.012765 7.64931e-07 2.71975e-08
0.0127657 7.64936e-07 2.7199e-08
0.0127663 7.64941e-07 2.72005e-08
0.0127669 7.64944e-07 2.7202e-08
0.0127675 7.64947e-07 2.72034e-08
0.0127681 7.64949e-07 2.72048e-08
0.0127688 7.6495e-07 2.72061e-08
0.0127694 7.64951e-07 2.72075e-08
0.01277 7.64951e-07 2.72088e-08
0.0127706 7.6495e-07 2.72101e-08
0.0127712 7.64948e-07 2.72114e-08
0.0127719 7.64946e-07 2.72126e-08
0.0127725 7.64943e-07 2.72138e-08
0.0127731 7.64939e-07 2.7215e-08
0.0127737 7.64935e-07 2.72161e-08
0.0127743 7.64929e-07 2.72172e-08
0.012775 7.64923e-07 2.72183e-08
0.0127756 7.64917e-07 2.72194e-08
0.0127762 7.64909e-07 2.72205e-08
0.0127768 7.64901e-07 2.72215e-08
0.0127775 7.64892e-07 2.72225e-08
0.0127781 7.64882e-07 2.72234e-08
0.0127787 7.64872e-07 2.72244e-08
0.0127793 7.64861e-07 2.72253e-08
0.0127799 7.64849e-07 2.72262e-08
0.0127806 7.64836e-07 2.7227e-08
0.0127812 7.64823e-07 2.72278e-08
0.0127818 7.64809e-07 2.72286e-08
0.0127824 7.64794e-07 2.72294e-08
0.012783 7.64778e-07 2.72302e-08
0.0127837 7.64762e-07 2.72309e-08
0.0127843 7.64745e-07 2.72316e-08
0.0127849 7.64727e-07 2.72322e-08
0.0127855 7.64709e-07 2.72329e-08
0.0127862 7.6469e-07 2.72335e-08
0.0127868 7.6467e-07 2.72341e-08
0.0127874 7.64649e-07 2.72346e-08
0.012788 7.64628e-07 2.72352e-08
0.0127886 7.64605e-07 2.72357e-08
0.0127893 7.64583e-07 2.72362e-08
0.0127899 7.64559e-07 2.72366e-08
0.0127905 7.64535e-07 2.7237e-08
0.0127911 7.6451e-07 2.72374e-08
0.0127917 7.64484e-07 2.72378e-08
0.0127924 7.64457e-07 2.72382e-08
0.012793 7.6443e-07 2.72385e-08
0.0127936 7.64402e-07 2.72388e-08
0.0127942 7.64374e-07 2.7239e-08
0.0127949 7.64344e-07 2.72393e-08
0.0127955 7.64314e-07 2.72395e-08
0.0127961 7.64283e-07 2.72397e-08
0.0127967 7.64252e-07 2.72398e-08
0.0127973 7.64219e-07 2.72399e-08
0.012798 7.64186e-07 2.724e-08
0.0127986 7.64152e-07 2.72401e-08
0.0127992 7.64118e-07 2.72402e-08
0.0127998 7.64083e-07 2.72402e-08
0.0128004 7.64047e-07 2.72402e-08
0.0128011 7.6401e-07 2.72401e-08
0.0128017 7.63973e-07 2.72401e-08
0.0128023 7.63935e-07 2.724e-08
0.0128029 7.63896e-07 2.72399e-08
0.0128035 7.63856e-07 2.72397e-08
0.0128042 7.63816e-07 2.72396e-08
0.0128048 7.63775e-07 2.72394e-08
0.0128054 7.63733e-07 2.72392e-08
0.012806 7.63691e-07 2.72389e-08
0.0128067 7.63648e-07 2.72386e-08
0.0128073 7.63604e-07 2.72383e-08
0.0128079 7.63559e-07 2.7238e-08
0.0128085 7.63514e-07 2.72376e-08
0.0128091 7.63468e-07 2.72373e-08
0.0128098 7.63421e-07 2.72369e-08
0.0128104 7.63374e-07 2.72364e-08
0.012811 7.63325e-07 2.7236e-08
0.0128116 7.63276e-07 2.72355e-08
0.0128122 7.63227e-07 2.72349e-08
0.0128129 7.63176e-07 2.72344e-08
0.0128135 7.63125e-07 2.72338e-08
0.0128141 7.63073e-07 2.72332e-08
0.0128147 7.63021e-07 2.72326e-08
0.0128154 7.62968e-07 2.7232e-08
0.012816 7.62914e-07 2.72313e-08
0.0128166 7.62859e-07 2.72306e-08
0.0128172 7.62804e-07 2.72298e-08
0.0128178 7.62748e-07 2.72291e-08
0.0128185 7.62691e-07 2.72283e-08
0.0128191 7.62633e-07 2.72275e-08
0.0128197 7.62575e-07 2.72266e-08
0.0128203 7.62516e-07 2.72258e-08
0.0128209 7.62456e-07 2.72249e-08
0.0128216 7.62396e-07 2.7224e-08
0.0128222 7.62335e-07 2.7223e-08
0.0128228 7.62273e-07 2.7222e-08
0.0128234 7.6221e-07 2.7221e-08
0.0128241 7.62168e-07 2.722e-08
0.0128247 7.62139e-07 2.7219e-08
0.0128253 7.6211e-07 2.72179e-08
0.0128259 7.6208e-07 2.72168e-08
0.0128265 7.62049e-07 2.72156e-08
0.0128272 7.62018e-07 2.72145e-08
0.0128278 7.61986e-07 2.72133e-08
0.0128284 7.61952e-07 2.72121e-08
0.012829 7.61919e-07 2.72108e-08
0.0128296 7.61884e-07 2.72095e-08
0.0128303 7.61849e-07 2.72083e-08
0.0128309 7.61813e-07 2.72069e-08
0.0128315 7.61776e-07 2.72056e-08
0.0128321 7.61738e-07 2.72042e-08
0.0128327 7.617e-07 2.72028e-08
0.0128334 7.61661e-07 2.72014e-08
0.012834 7.61621e-07 2.71999e-08
0.0128346 7.6158e-07 2.71984e-08
0.0128352 7.61539e-07 2.71969e-08
0.0128359 7.61497e-07 2.71954e-08
0.0128365 7.61454e-07 2.71938e-08
0.0128371 7.6141e-07 2.71922e-08
0.0128377 7.61366e-07 2.71906e-08
0.0128383 7.61321e-07 2.7189e-08
0.012839 7.61275e-07 2.71873e-08
0.0128396 7.61228e-07 2.71856e-08
0.0128402 7.61181e-07 2.71839e-08
0.0128408 7.61133e-07 2.71821e-08
0.0128414 7.61084e-07 2.71803e-08
0.0128421 7.61034e-07 2.71785e-08
0.0128427 7.60984e-07 2.71767e-08
0.0128433 7.60933e-07 2.71748e-08
0.0128439 7.60881e-07 2.71729e-08
0.0128446 7.60828e-07 2.7171e-08
0.0128452 7.60775e-07 2.71691e-08
0.0128458 7.6072e-07 2.71671e-08
0.0128464 7.60665e-07 2.71651e-08
0.012847 7.6061e-07 2.71631e-08
0.0128477 7.60553e-07 2.71611e-08
0.0128483 7.60496e-07 2.7159e-08
0.0128489 7.60438e-07 2.71569e-08
0.0128495 7.60379e-07 2.71548e-08
0.0128501 7.6032e-07 2.71526e-08
0.0128508 7.6026e-07 2.71504e-08
0.0128514 7.60199e-07 2.71482e-08
0.012852 7.60137e-07 2.7146e-08
0.0128526 7.60075e-07 2.71437e-08
0.0128533 7.60011e-07 2.71414e-08
0.0128539 7.59947e-07 2.71391e-08
0.0128545 7.59883e-07 2.71368e-08
0.0128551 7.59817e-07 2.71344e-08
0.0128557 7.59751e-07 2.7132e-08
0.0128564 7.59684e-07 2.71296e-08
0.012857 7.59616e-07 2.71271e-08
0.0128576 7.59548e-07 2.71247e-08
0.0128582 7.59478e-07 2.71222e-08
0.0128588 7.59408e-07 2.71196e-08
0.0128595 7.59338e-07 2.71171e-08
0.0128601 7.59266e-07 2.71145e-08
0.0128607 7.59194e-07 2.71119e-08
0.0128613 7.59121e-07 2.71093e-08
0.012862 7.59047e-07 2.71066e-08
0.0128626 7.58973e-07 2.71039e-08
0.0128632 7.58897e-07 2.71012e-08
0.0128638 7.58821e-07 2.70985e-08
0.0128644 7.58744e-07 2.70957e-08
0.0128651 7.58667e-07 2.70929e-08
0.0128657 7.58589e-07 2.70901e-08
0.0128663 7.5851e-07 2.70872e-08
0.0128669 7.5843e-07 2.70844e-08
0.0128675 7.58349e-07 2.70815e-08
0.0128682 7.58268e-07 2.70785e-08
0.0128688 7.58186e-07 2.70756e-08
0.0128694 7.58103e-07 2.70726e-08
0.01287 7.5802e-07 2.70696e-08
0.0128706 7.57936e-07 2.70665e-08
0.0128713 7.57851e-07 2.70635e-08
0.0128719 7.57765e-07 2.70604e-08
0.0128725 7.57678e-07 2.70573e-08
0.0128731 7.57591e-07 2.70541e-08
0.0128738 7.57503e-07 2.7051e-08
0.0128744 7.57414e-07 2.70478e-08
0.012875 7.57325e-07 2.70446e-08
0.0128756 7.57234e-07 2.70413e-08
0.0128762 7.57143e-07 2.7038e-08
0.0128769 7.57052e-07 2.70347e-08
0.0128775 7.56959e-07 2.70314e-08
0.0128781 7.56866e-07 2.70281e-08
0.0128787 7.56772e-07 2.70247e-08
0.0128793 7.56677e-07 2.70213e-08
0.01288 7.56582e-07 2.70178e-08
0.0128806 7.56485e-07 2.70144e-08
0.0128812 7.56388e-07 2.70109e-08
0.0128818 7.56291e-07 2.70074e-08
0.0128825 7.56192e-07 2.70038e-08
0.0128831 7.56093e-07 2.70003e-08
0.0128837 7.55993e-07 2.69967e-08
0.0128843 7.55892e-07 2.69931e-08
0.0128849 7.55791e-07 2.69894e-08
0.0128856 7.55688e-07 2.69857e-08
0.0128862 7.55585e-07 2.6982e-08
0.0128868 7.55482e-07 2.69783e-08
0.0128874 7.55377e-07 2.69746e-08
0.012888 7.55272e-07 2.69708e-08
0.0128887 7.55166e-07 2.6967e-08
0.0128893 7.55059e-07 2.69632e-08
0.0128899 7.54952e-07 2.69593e-08
0.0128905 7.54844e-07 2.69554e-08
0.0128912 7.54735e-07 2.69515e-08
0.0128918 7.54625e-07 2.69476e-08
0.0128924 7.54515e-07 2.69436e-08
0.012893 7.54403e-07 2.69396e-08
0.0128936 7.54291e-07 2.69356e-08
0.0128943 7.54179e-07 2.69316e-08
0.0128949 7.54065e-07 2.69275e-08
0.0128955 7.53951e-07 2.69234e-08
0.0128961 7.53836e-07 2.69193e-08
0.0128967 7.53721e-07 2.69151e-08
0.0128974 7.53604e-07 2.69109e-08
0.012898 7.53487e-07 2.69067e-08
0.0128986 7.53369e-07 2.69025e-08
0.0128992 7.53251e-07 2.68983e-08
0.0128998 7.53131e-07 2.6894e-08
0.0129005 7.53011e-07 2.68897e-08
0.0129011 7.5289e-07 2.68853e-08
0.0129017 7.52769e-07 2.6881e-08
0.0129023 7.52646e-07 2.68766e-08
0.012903 7.52523e-07 2.68722e-08
0.0129036 7.52399e-07 2.68677e-08
0.0129042 7.52275e-07 2.68633e-08
0.0129048 7.52149e-07 2.68588e-08
0.0129054 7.52023e-07 2.68543e-08
0.0129061 7.51897e-07 2.68497e-08
0.0129067 7.51769e-07 2.68452e-08
0.0129073 7.51641e-07 2.68406e-08
0.0129079 7.51512e-07 2.68359e-08
0.0129085 7.51382e-07 2.68313e-08
0.0129092 7.51252e-07 2.68266e-08
0.0129098 7.5112e-07 2.68219e-08
0.0129104 7.50988e-07 2.68172e-08
0.012911 7.50856e-07 2.68124e-08
0.0129117 7.50722e-07 2.68077e-08
0.0129123 7.50588e-07 2.68029e-08
0.0129129 7.50453e-07 2.6798e-08
0.0129135 7.50317e-07 2.67932e-08
0.0129141 7.50181e-07 2.67883e-08
0.0129148 7.50044e-07 2.67834e-08
0.0129154 7.49906e-07 2.67784e-08
0.012916 7.49767e-07 2.67735e-08
0.0129166 7.49628e-07 2.67685e-08
0.0129172 7.49488e-07 2.67635e-08
0.0129179 7.49347e-07 2.67584e-08
0.0129185 7.49205e-07 2.67533e-08
0.0129191 7.49063e-07 2.67483e-08
0.0129197 7.4892e-07 2.67431e-08
0.0129204 7.48776e-07 2.6738e-08
0.012921 7.48632e-07 2.67328e-08
0.0129216 7.48486e-07 2.67276e-08
0.0129222 7.4834e-07 2.67224e-08
0.0129228 7.48193e-07 2.67171e-08
0.0129235 7.48046e-07 2.67119e-08
0.0129241 7.47898e-07 2.67066e-08
0.0129247 7.47749e-07 2.67012e-08
0.0129253 7.47599e-07 2.66959e-08
0.0129259 7.47449e-07 2.66905e-08
0.0129266 7.47297e-07 2.66851e-08
0.0129272 7.47146e-07 2.66797e-08
0.0129278 7.46993e-07 2.66742e-08
0.0129284 7.4684e-07 2.66687e-08
0.012929 7.46685e-07 2.66632e-08
0.0129297 7.46531e-07 2.66577e-08
0.0129303 7.46375e-07 2.66521e-08
0.0129309 7.46219e-07 2.66465e-08
0.0129315 7.46062e-07 2.66409e-08
0.0129322 7.45904e-07 2.66352e-08
0.0129328 7.45745e-07 2.66296e-08
0.0129334 7.45586e-07 2.66239e-08
0.012934 7.45426e-07 2.66182e-08
0.0129346 7.45265e-07 2.66124e-08
0.0129353 7.45104e-07 2.66066e-08
0.0129359 7.44942e-07 2.66008e-08
0.0129365 7.44779e-07 2.6595e-08
0.0129371 7.44615e-07 2.65892e-08
0.0129377 7.44451e-07 2.65833e-08
0.0129384 7.44286e-07 2.65774e-08
0.012939 7.4412e-07 2.65715e-08
0.0129396 7.43953e-07 2.65655e-08
0.0129402 7.43786e-07 2.65595e-08
0.0129409 7.43618e-07 2.65535e-08
0.0129415 7.43449e-07 2.65475e-08
0.0129421 7.4328e-07 2.65414e-08
0.0129427 7.4311e-07 2.65354e-08
0.0129433 7.42939e-07 2.65292e-08
0.012944 7.42767e-07 2.65231e-08
0.0129446 7.42595e-07 2.65169e-08
0.0129452 7.42421e-07 2.65108e-08
0.0129458 7.42248e-07 2.65045e-08
0.0129464 7.42073e-07 2.64983e-08
0.0129471 7.41898e-07 2.6492e-08
0.0129477 7.41722e-07 2.64858e-08
0.0129483 7.41545e-07 2.64794e-08
0.0129489 7.41367e-07 2.64731e-08
0.0129496 7.41189e-07 2.64667e-08
0.0129502 7.4101e-07 2.64603e-08
0.0129508 7.4083e-07 2.64539e-08
0.0129514 7.4065e-07 2.64475e-08
0.012952 7.40469e-07 2.6441e-08
0.0129527 7.40287e-07 2.64345e-08
0.0129533 7.40105e-07 2.6428e-08
0.0129539 7.39921e-07 2.64214e-08
0.0129545 7.39737e-07 2.64149e-08
0.0129551 7.39552e-07 2.64083e-08
0.0129558 7.39367e-07 2.64016e-08
0.0129564 7.39181e-07 2.6395e-08
0.012957 7.38994e-07 2.63883e-08
0.0129576 7.38806e-07 2.63816e-08
0.0129583 7.38618e-07 2.63749e-08
0.0129589 7.38429e-07 2.63681e-08
0.0129595 7.38239e-07 2.63614e-08
0.0129601 7.38048e-07 2.63545e-08
0.0129607 7.37857e-07 2.63477e-08
0.0129614 7.37665e-07 2.63409e-08
0.012962 7.37472e-07 2.6334e-08
0.0129626 7.37279e-07 2.63271e-08
0.0129632 7.37085e-07 2.63201e-08
0.0129638 7.3689e-07 2.63132e-08
0.0129645 7.36694e-07 2.63062e-08
0.0129651 7.36498e-07 2.62992e-08
0.0129657 7.36301e-07 2.62922e-08
0.0129663 7.36103e-07 2.62851e-08
0.0129669 7.35904e-07 2.6278e-08
0.0129676 7.35705e-07 2.62709e-08
0.0129682 7.35505e-07 2.62638e-08
0.0129688 7.35305e-07 2.62566e-08
0.0129694 7.35103e-07 2.62494e-08
0.0129701 7.34901e-07 2.62422e-08
0.0129707 7.34698e-07 2.6235e-08
0.0129713 7.34495e-07 2.62277e-08
0.0129719 7.34291e-07 2.62204e-08
0.0129725 7.34086e-07 2.62131e-08
0.0129732 7.3388e-07 2.62058e-08
0.0129738 7.33674e-07 2.61984e-08
0.0129744 7.33466e-07 2.6191e-08
0.012975 7.33259e-07 2.61836e-08
0.0129756 7.3305e-07 2.61761e-08
0.0129763 7.32841e-07 2.61687e-08
0.0129769 7.32631e-07 2.61612e-08
0.0129775 7.3242e-07 2.61537e-08
0.0129781 7.32209e-07 2.61461e-08
0.0129788 7.31997e-07 2.61385e-08
0.0129794 7.31784e-07 2.6131e-08
0.01298 7.3157e-07 2.61233e-08
0.0129806 7.31356e-07 2.61157e-08
0.0129812 7.31141e-07 2.6108e-08
0.0129819 7.30925e-07 2.61003e-08
0.0129825 7.30709e-07 2.60926e-08
0.0129831 7.30492e-07 2.60849e-08
0.0129837 7.30274e-07 2.60771e-08
0.0129843 7.30055e-07 2.60693e-08
0.012985 7.29836e-07 2.60615e-08
0.0129856 7.29616e-07 2.60536e-08
0.0129862 7.29395e-07 2.60458e-08
0.0129868 7.29174e-07 2.60379e-08
0.0129875 7.28952e-07 2.60299e-08
0.0129881 7.28729e-07 2.6022e-08
0.0129887 7.28505e-07 2.6014e-08
0.0129893 7.28281e-07 2.6006e-08
0.0129899 7.28056e-07 2.5998e-08
0.0129906 7.27831e-07 2.59899e-08
0.0129912 7.27604e-07 2.59819e-08
0.0129918 7.27377e-07 2.59738e-08
0.0129924 7.27149e-07 2.59656e-08
0.012993 7.26921e-07 2.59575e-08
0.0129937 7.26692e-07 2.59493e-08
0.0129943 7.26462e-07 2.59411e-08
0.0129949 7.26231e-07 2.59329e-08
0.0129955 7.26e-07 2.59246e-08
0.0129961 7.25768e-07 2.59164e-08
0.0129968 7.25535e-07 2.59081e-08
0.0129974 7.25302e-07 2.58998e-08
0.012998 7.25067e-07 2.58914e-08
0.0129986 7.24833e-07 2.5883e-08
0.0129993 7.24597e-07 2.58746e-08
0.0129999 7.24361e-07 2.58662e-08
0.0130005 7.24124e-07 2.58578e-08
0.0130011 7.23886e-07 2.58493e-08
0.0130017 7.23648e-07 2.58408e-08
0.0130024 7.23409e-07 2.58323e-08
0.013003 7.23169e-07 2.58237e-08
0.0130036 7.22928e-07 2.58151e-08
0.0130042 7.22687e-07 2.58065e-08
0.0130048 7.22445e-07 2.57979e-08
0.0130055 7.22203e-07 2.57893e-08
0.0130061 7.21959e-07 2.57806e-08
0.0130067 7.21715e-07 2.57719e-08
0.0130073 7.21471e-07 2.57632e-08
0.013008 7.21225e-07 2.57544e-08
0.0130086 7.20979e-07 2.57457e-08
0.0130092 7.20732e-07 2.57369e-08
0.0130098 7.20485e-07 2.5728e-08
0.0130104 7.20237e-07 2.57192e-08
0.0130111 7.19988e-07 2.57103e-08
0.0130117 7.19738e-07 2.57014e-08
0.0130123 7.19488e-07 2.56925e-08
0.0130129 7.19237e-07 2.56836e-08
0.0130135 7.18986e-07 2.56746e-08
0.0130142 7.18735e-07 2.56656e-08
0.0130148 7.18483e-07 2.56566e-08
0.0130154 7.1823e-07 2.56475e-08
0.013016 7.17976e-07 2.56385e-08
0.0130167 7.17722e-07 2.56294e-08
0.0130173 7.17467e-07 2.56202e-08
0.0130179 7.17212e-07 2.56111e-08
0.0130185 7.16955e-07 2.56019e-08
0.0130191 7.16698e-07 2.55927e-08
0.0130198 7.16441e-07 2.55835e-08
0.0130204 7.16182e-07 2.55743e-08
0.013021 7.15923e-07 2.5565e-08
0.0130216 7.15663e-07 2.55557e-08
0.0130222 7.15403e-07 2.55464e-08
0.0130229 7.15142e-07 2.55371e-08
0.0130235 7.1488e-07 2.55277e-08
0.0130241 7.14617e-07 2.55183e-08
0.0130247 7.14354e-07 2.55089e-08
0.0130253 7.1409e-07 2.54995e-08
0.013026 7.13825e-07 2.549e-08
0.0130266 7.1356e-07 2.54805e-08
0.0130272 7.13294e-07 2.5471e-08
0.0130278 7.13027e-07 2.54615e-08
0.0130285 7.1276e-07 2.54519e-08
0.0130291 7.12492e-07 2.54423e-08
0.0130297 7.12223e-07 2.54327e-08
0.0130303 7.11953e-07 2.54231e-08
0.0130309 7.11683e-07 2.54134e-08
0.0130316 7.11412e-07 2.54037e-08
0.0130322 7.11141e-07 2.5394e-08
0.0130328 7.10868e-07 2.53843e-08
0.0130334 7.10595e-07 2.53746e-08
0.013034 7.10322e-07 2.53648e-08
0.0130347 7.10047e-07 2.5355e-08
0.0130353 7.09772e-07 2.53451e-08
0.0130359 7.09497e-07 2.53353e-08
0.0130365 7.0922e-07 2.53254e-08
0.0130372 7.08943e-07 2.53155e-08
0.0130378 7.08666e-07 2.53056e-08
0.0130384 7.08387e-07 2.52956e-08
0.013039 7.08108e-07 2.52857e-08
0.0130396 7.07828e-07 2.52757e-08
0.0130403 7.07548e-07 2.52657e-08
0.0130409 7.07266e-07 2.52556e-08
0.0130415 7.06984e-07 2.52455e-08
0.0130421 7.06702e-07 2.52354e-08
0.0130427 7.06419e-07 2.52253e-08
0.0130434 7.06135e-07 2.52152e-08
0.013044 7.0585e-07 2.5205e-08
0.0130446 7.05565e-07 2.51948e-08
0.0130452 7.05279e-07 2.51846e-08
0.0130459 7.04992e-07 2.51744e-08
0.0130465 7.04705e-07 2.51641e-08
0.0130471 7.04417e-07 2.51538e-08
0.0130477 7.04128e-07 2.51435e-08
0.0130483 7.03839e-07 2.51332e-08
0.013049 7.03549e-07 2.51228e-08
0.0130496 7.03258e-07 2.51124e-08
0.0130502 7.02966e-07 2.5102e-08
0.0130508 7.02674e-07 2.50916e-08
0.0130514 7.02382e-07 2.50812e-08
0.0130521 7.02088e-07 2.50707e-08
0.0130527 7.01794e-07 2.50602e-08
0.0130533 7.01499e-07 2.50496e-08
0.0130539 7.01204e-07 2.50391e-08
0.0130546 7.00908e-07 2.50285e-08
0.0130552 7.00611e-07 2.50179e-08
0.0130558 7.00313e-07 2.50073e-08
0.0130564 7.00015e-07 2.49967e-08
0.013057 6.99716e-07 2.4986e-08
0.0130577 6.99417e-07 2.49753e-08
0.0130583 6.99116e-07 2.49646e-08
0.0130589 6.98815e-07 2.49538e-08
0.0130595 6.98514e-07 2.49431e-08
0.0130601 6.98212e-07 2.49323e-08
0.0130608 6.97909e-07 2.49215e-08
0.0130614 6.97605e-07 2.49106e-08
0.013062 6.97301e-07 2.48998e-08
0.0130626 6.96996e-07 2.48889e-08
0.0130632 6.9669e-07 2.4878e-08
0.0130639 6.96384e-07 2.48671e-08
0.0130645 6.96077e-07 2.48561e-08
0.0130651 6.9577e-07 2.48451e-08
0.0130657 6.95461e-07 2.48341e-08
0.0130664 6.95152e-07 2.48231e-08
0.013067 6.94843e-07 2.48121e-08
0.0130676 6.94532e-07 2.4801e-08
0.0130682 6.94221e-07 2.47899e-08
0.0130688 6.9391e-07 2.47788e-08
0.0130695 6.93598e-07 2.47676e-08
0.0130701 6.93285e-07 2.47565e-08
0.0130707 6.92971e-07 2.47453e-08
0.0130713 6.92657e-07 2.47341e-08
0.0130719 6.92342e-07 2.47228e-08
0.0130726 6.92026e-07 2.47116e-08
0.0130732 6.9171e-07 2.47003e-08
0.0130738 6.91393e-07 2.4689e-08
0.0130744 6.91075e-07 2.46777e-08
0.0130751 6.90757e-07 2.46663e-08
0.0130757 6.90438e-07 2.46549e-08
0.0130763 6.90119e-07 2.46435e-08
0.0130769 6.89798e-07 2.46321e-08
0.0130775 6.89477e-07 2.46207e-08
0.0130782 6.89156e-07 2.46092e-08
0.0130788 6.88834e-07 2.45977e-08
0.0130794 6.88511e-07 2.45862e-08
0.01308 6.88187e-07 2.45747e-08
0.0130806 6.87863e-07 2.45631e-08
0.0130813 6.87538e-07 2.45515e-08
0.0130819 6.87213e-07 2.45399e-08
0.0130825 6.86886e-07 2.45283e-08
0.0130831 6.8656e-07 2.45166e-08
0.0130838 6.86232e-07 2.45049e-08
0.0130844 6.85904e-07 2.44932e-08
0.013085 6.85575e-07 2.44815e-08
0.0130856 6.85246e-07 2.44698e-08
0.0130862 6.84916e-07 2.4458e-08
0.0130869 6.84585e-07 2.44462e-08
0.0130875 6.84253e-07 2.44344e-08
0.0130881 6.83921e-07 2.44226e-08
0.0130887 6.83589e-07 2.44107e-08
0.0130893 6.83255e-07 2.43988e-08
0.01309 6.82921e-07 2.43869e-08
0.0130906 6.82586e-07 2.4375e-08
0.0130912 6.82251e-07 2.4363e-08
0.0130918 6.81915e-07 2.4351e-08
0.0130924 6.81578e-07 2.4339e-08
0.0130931 6.81241e-07 2.4327e-08
0.0130937 6.80903e-07 2.4315e-08
0.0130943 6.80565e-07 2.43029e-08
0.0130949 6.80225e-07 2.42908e-08
0.0130956 6.79885e-07 2.42787e-08
0.0130962 6.79545e-07 2.42666e-08
0.0130968 6.79204e-07 2.42544e-08
0.0130974 6.78862e-07 2.42422e-08
0.013098 6.78519e-07 2.423e-08
0.0130987 6.78176e-07 2.42178e-08
0.0130993 6.77832e-07 2.42055e-08
0.0130999 6.77488e-07 2.41932e-08
0.0131005 6.77143e-07 2.4181e-08
0.0131011 6.76797e-07 2.41686e-08
0.0131018 6.76451e-07 2.41563e-08
0.0131024 6.76104e-07 2.41439e-08
0.013103 6.75756e-07 2.41315e-08
0.0131036 6.75408e-07 2.41191e-08
0.0131043 6.75059e-07 2.41067e-08
0.0131049 6.7471e-07 2.40942e-08
0.0131055 6.74359e-07 2.40818e-08
0.0131061 6.74009e-07 2.40693e-08
0.0131067 6.73657e-07 2.40567e-08
0.0131074 6.73305e-07 2.40442e-08
0.013108 6.72952e-07 2.40316e-08
0.0131086 6.72599e-07 2.4019e-08
0.0131092 6.72245e-07 2.40064e-08
0.0131098 6.7189e-07 2.39938e-08
0.0131105 6.71535e-07 2.39811e-08
0.0131111 6.71179e-07 2.39684e-08
0.0131117 6.70822e-07 2.39557e-08
0.0131123 6.70465e-07 2.3943e-08
0.013113 6.70107e-07 2.39303e-08
0.0131136 6.69749e-07 2.39175e-08
0.0131142 6.69389e-07 2.39047e-08
0.0131148 6.6903e-07 2.38919e-08
0.0131154 6.68669e-07 2.38791e-08
0.0131161 6.68308e-07 2.38662e-08
0.0131167 6.67947e-07 2.38533e-08
0.0131173 6.67584e-07 2.38404e-08
0.0131179 6.67221e-07 2.38275e-08
0.0131185 6.66858e-07 2.38145e-08
0.0131192 6.66494e-07 2.38016e-08
0.0131198 6.66129e-07 2.37886e-08
0.0131204 6.65763e-07 2.37756e-08
0.013121 6.65397e-07 2.37625e-08
0.0131216 6.65031e-07 2.37495e-08
0.0131223 6.64663e-07 2.37364e-08
0.0131229 6.64295e-07 2.37233e-08
0.0131235 6.63927e-07 2.37102e-08
0.0131241 6.63558e-07 2.3697e-08
0.0131248 6.63188e-07 2.36838e-08
0.0131254 6.62817e-07 2.36706e-08
0.013126 6.62446e-07 2.36574e-08
0.0131266 6.62075e-07 2.36442e-08
0.0131272 6.61702e-07 2.36309e-08
0.0131279 6.61329e-07 2.36177e-08
0.0131285 6.60956e-07 2.36044e-08
0.0131291 6.60581e-07 2.3591e-08
0.0131297 6.60207e-07 2.35777e-08
0.0131303 6.59831e-07 2.35643e-08
0.013131 6.59455e-07 2.35509e-08
0.0131316 6.59078e-07 2.35375e-08
0.0131322 6.58701e-07 2.35241e-08
0.0131328 6.58323e-07 2.35106e-08
0.0131335 6.57945e-07 2.34972e-08
0.0131341 6.57565e-07 2.34837e-08
0.0131347 6.57186e-07 2.34701e-08
0.0131353 6.56805e-07 2.34566e-08
0.0131359 6.56424e-07 2.3443e-08
0.0131366 6.56043e-07 2.34294e-08
0.0131372 6.5566e-07 2.34158e-08
0.0131378 6.55277e-07 2.34022e-08
0.0131384 6.54894e-07 2.33886e-08
0.013139 6.5451e-07 2.33749e-08
0.0131397 6.54125e-07 2.33612e-08
0.0131403 6.5374e-07 2.33475e-08
0.0131409 6.53354e-07 2.33337e-08
0.0131415 6.52967e-07 2.332e-08
0.0131422 6.5258e-07 2.33062e-08
0.0131428 6.52192e-07 2.32924e-08
0.0131434 6.51804e-07 2.32786e-08
0.013144 6.51415e-07 2.32647e-08
0.0131446 6.51025e-07 2.32509e-08
0.0131453 6.50635e-07 2.3237e-08
0.0131459 6.50244e-07 2.32231e-08
0.0131465 6.49853e-07 2.32091e-08
0.0131471 6.49461e-07 2.31952e-08
0.0131477 6.49068e-07 2.31812e-08
0.0131484 6.48675e-07 2.31672e-08
0.013149 6.48281e-07 2.31532e-08
0.0131496 6.47887e-07 2.31392e-08
0.0131502 6.47492e-07 2.31251e-08
0.0131509 6.47096e-07 2.3111e-08
0.0131515 6.467e-07 2.30969e-08
0.0131521 6.46303e-07 2.30828e-08
0.0131527 6.45905e-07 2.30687e-08
0.0131533 6.45507e-07 2.30545e-08
0.013154 6.45109e-07 2.30403e-08
0.0131546 6.44709e-07 2.30261e-08
0.0131552 6.44309e-07 2.30119e-08
0.0131558 6.43909e-07 2.29976e-08
0.0131564 6.43508e-07 2.29834e-08
0.0131571 6.43106e-07 2.29691e-08
0.0131577 6.42704e-07 2.29548e-08
0.0131583 6.42301e-07 2.29404e-08
0.0131589 6.41898e-07 2.29261e-08
0.0131595 6.41493e-07 2.29117e-08
0.0131602 6.41089e-07 2.28973e-08
0.0131608 6.40683e-07 2.28829e-08
0.0131614 6.40278e-07 2.28684e-08
0.013162 6.39871e-07 2.2854e-08
0.0131627 6.39464e-07 2.28395e-08
0.0131633 6.39056e-07 2.2825e-08
0.0131639 6.38648e-07 2.28105e-08
0.0131645 6.38239e-07 2.27959e-08
0.0131651 6.3783e-07 2.27814e-08
0.0131658 6.3742e-07 2.27668e-08
0.0131664 6.37009e-07 2.27522e-08
0.013167 6.36598e-07 2.27375e-08
0.0131676 6.36186e-07 2.27229e-08
0.0131682 6.35774e-07 2.27082e-08
0.0131689 6.35361e-07 2.26935e-08
0.0131695 6.34947e-07 2.26788e-08
0.0131701 6.34533e-07 2.26641e-08
0.0131707 6.34118e-07 2.26493e-08
0.0131714 6.33703e-07 2.26346e-08
0.013172 6.33287e-07 2.26198e-08
0.0131726 6.32871e-07 2.2605e-08
0.0131732 6.32454e-07 2.25901e-08
0.0131738 6.32036e-07 2.25753e-08
0.0131745 6.31618e-07 2.25604e-08
0.0131751 6.31199e-07 2.25455e-08
0.0131757 6.3078e-07 2.25306e-08
0.0131763 6.3036e-07 2.25157e-08
0.0131769 6.29939e-07 2.25007e-08
0.0131776 6.29518e-07 2.24857e-08
0.0131782 6.29096e-07 2.24707e-08
0.0131788 6.28674e-07 2.24557e-08
0.0131794 6.28251e-07 2.24407e-08
0.0131801 6.27827e-07 2.24256e-08
0.0131807 6.27403e-07 2.24105e-08
0.0131813 6.26979e-07 2.23954e-08
0.0131819 6.26553e-07 2.23803e-08
0.0131825 6.26128e-07 2.23652e-08
0.0131832 6.25701e-07 2.235e-08
0.0131838 6.25274e-07 2.23348e-08
0.0131844 6.24847e-07 2.23196e-08
0.013185 6.24419e-07 2.23044e-08
0.0131856 6.2399e-07 2.22892e-08
0.0131863 6.23561e-07 2.22739e-08
0.0131869 6.23131e-07 2.22586e-08
0.0131875 6.22701e-07 2.22433e-08
0.0131881 6.2227e-07 2.2228e-08
0.0131887 6.21838e-07 2.22126e-08
0.0131894 6.21406e-07 2.21973e-08
0.01319 6.20973e-07 2.21819e-08
0.0131906 6.2054e-07 2.21665e-08
0.0131912 6.20106e-07 2.21511e-08
0.0131919 6.19672e-07 2.21356e-08
0.0131925 6.19237e-07 2.21202e-08
0.0131931 6.18802e-07 2.21047e-08
0.0131937 6.18365e-07 2.20892e-08
0.0131943 6.17929e-07 2.20737e-08
0.013195 6.17492e-07 2.20581e-08
0.0131956 6.17054e-07 2.20425e-08
0.0131962 6.16616e-07 2.2027e-08
0.0131968 6.16177e-07 2.20114e-08
0.0131974 6.15737e-07 2.19957e-08
0.0131981 6.15297e-07 2.19801e-08
0.0131987 6.14857e-07 2.19644e-08
0.0131993 6.14415e-07 2.19488e-08
0.0131999 6.13974e-07 2.19331e-08
0.0132006 6.13531e-07 2.19173e-08
0.0132012 6.13089e-07 2.19016e-08
0.0132018 6.12645e-07 2.18858e-08
0.0132024 6.12201e-07 2.187e-08
0.013203 6.11757e-07 2.18542e-08
0.0132037 6.11312e-07 2.18384e-08
0.0132043 6.10866e-07 2.18226e-08
0.0132049 6.1042e-07 2.18067e-08
0.0132055 6.09973e-07 2.17909e-08
0.0132061 6.09526e-07 2.1775e-08
0.0132068 6.09078e-07 2.1759e-08
0.0132074 6.0863e-07 2.17431e-08
0.013208 6.08181e-07 2.17271e-08
0.0132086 6.07731e-07 2.17112e-08
0.0132093 6.07281e-07 2.16952e-08
0.0132099 6.06831e-07 2.16792e-08
0.0132105 6.06379e-07 2.16631e-08
0.0132111 6.05928e-07 2.16471e-08
0.0132117 6.05476e-07 2.1631e-08
0.0132124 6.05023e-07 2.16149e-08
0.013213 6.04569e-07 2.15988e-08
0.0132136 6.04115e-07 2.15827e-08
0.0132142 6.03661e-07 2.15665e-08
0.0132148 6.03206e-07 2.15503e-08
0.0132155 6.02751e-07 2.15342e-08
0.0132161 6.02294e-07 2.15179e-08
0.0132167 6.01838e-07 2.15017e-08
0.0132173 6.01381e-07 2.14855e-08
0.0132179 6.00923e-07 2.14692e-08
0.0132186 6.00465e-07 2.14529e-08
0.0132192 6.00006e-07 2.14366e-08
0.0132198 5.99547e-07 2.14203e-08
0.0132204 5.99087e-07 2.1404e-08
0.0132211 5.98626e-07 2.13876e-08
0.0132217 5.98165e-07 2.13712e-08
0.0132223 5.97704e-07 2.13548e-08
0.0132229 5.97242e-07 2.13384e-08
0.0132235 5.96779e-07 2.1322e-08
0.0132242 5.96316e-07 2.13055e-08
0.0132248 5.95852e-07 2.1289e-08
0.0132254 5.95388e-07 2.12725e-08
0.013226 5.94924e-07 2.1256e-08
0.0132266 5.94458e-07 2.12395e-08
0.0132273 5.93993e-07 2.12229e-08
0.0132279 5.93526e-07 2.12064e-08
0.0132285 5.93059e-07 2.11898e-08
0.0132291 5.92592e-07 2.11732e-08
0.0132298 5.92124e-07 2.11566e-08
0.0132304 5.91656e-07 2.11399e-08
0.013231 5.91187e-07 2.11233e-08
0.0132316 5.90717e-07 2.11066e-08
0.0132322 5.90247e-07 2.10899e-08
0.0132329 5.89777e-07 2.10732e-08
0.0132335 5.89305e-07 2.10564e-08
0.0132341 5.88834e-07 2.10397e-08
0.0132347 5.88362e-07 2.10229e-08
0.0132353 5.87889e-07 2.10061e-08
0.013236 5.87416e-07 2.09893e-08
0.0132366 5.86942e-07 2.09725e-08
0.0132372 5.86468e-07 2.09556e-08
0.0132378 5.85993e-07 2.09387e-08
0.0132385 5.85518e-07 2.09219e-08
0.0132391 5.85042e-07 2.0905e-08
0.0132397 5.84566e-07 2.0888e-08
0.0132403 5.84089e-07 2.08711e-08
0.0132409 5.83611e-07 2.08541e-08
0.0132416 5.83133e-07 2.08372e-08
0.0132422 5.82655e-07 2.08202e-08
0.0132428 5.82176e-07 2.08031e-08
0.0132434 5.81697e-07 2.07861e-08
0.013244 5.81217e-07 2.07691e-08
0.0132447 5.80736e-07 2.0752e-08
0.0132453 5.80255e-07 2.07349e-08
0.0132459 5.79774e-07 2.07178e-08
0.0132465 5.79291e-07 2.07007e-08
0.0132472 5.78809e-07 2.06835e-08
0.0132478 5.78326e-07 2.06664e-08
0.0132484 5.77842e-07 2.06492e-08
0.013249 5.77358e-07 2.0632e-08
0.0132496 5.76874e-07 2.06148e-08
0.0132503 5.76388e-07 2.05976e-08
0.0132509 5.75903e-07 2.05803e-08
0.0132515 5.75417e-07 2.05631e-08
0.0132521 5.7493e-07 2.05458e-08
0.0132527 5.74443e-07 2.05285e-08
0.0132534 5.73955e-07 2.05111e-08
0.013254 5.73467e-07 2.04938e-08
0.0132546 5.72978e-07 2.04765e-08
0.0132552 5.72489e-07 2.04591e-08
0.0132558 5.71999e-07 2.04417e-08
0.0132565 5.71509e-07 2.04243e-08
0.0132571 5.71019e-07 2.04068e-08
0.0132577 5.70527e-07 2.03894e-08
0.0132583 5.70036e-07 2.03719e-08
0.013259 5.69543e-07 2.03545e-08
0.0132596 5.69051e-07 2.0337e-08
0.0132602 5.68557e-07 2.03194e-08
0.0132608 5.68064e-07 2.03019e-08
0.0132614 5.6757e-07 2.02844e-08
0.0132621 5.67075e-07 2.02668e-08
0.0132627 5.6658e-07 2.02492e-08
0.0132633 5.66084e-07 2.02316e-08
0.0132639 5.65588e-07 2.0214e-08
0.0132645 5.65091e-07 2.01963e-08
0.0132652 5.64594e-07 2.01787e-08
0.0132658 5.64096e-07 2.0161e-08
0.0132664 5.63598e-07 2.01433e-08
0.013267 5.63099e-07 2.01256e-08
0.0132677 5.626e-07 2.01079e-08
0.0132683 5.621e-07 2.00901e-08
0.0132689 5.616e-07 2.00724e-08
0.0132695 5.611e-07 2.00546e-08
0.0132701 5.60598e-07 2.00368e-08
0.0132708 5.60097e-07 2.0019e-08
0.0132714 5.59595e-07 2.00012e-08
0.013272 5.59092e-07 1.99833e-08
0.0132726 5.58589e-07 1.99654e-08
0.0132732 5.58085e-07 1.99476e-08
0.0132739 5.57581e-07 1.99297e-08
0.0132745 5.57077e-07 1.99118e-08
0.0132751 5.56572e-07 1.98938e-08
0.0132757 5.56066e-07 1.98759e-08
0.0132764 5.5556e-07 1.98579e-08
0.013277 5.55054e-07 1.98399e-08
0.0132776 5.54547e-07 1.98219e-08
0.0132782 5.54039e-07 1.98039e-08
0.0132788 5.53531e-07 1.97859e-08
0.0132795 5.53023e-07 1.97678e-08
0.0132801 5.52514e-07 1.97497e-08
0.0132807 5.52004e-07 1.97317e-08
0.0132813 5.51495e-07 1.97136e-08
0.0132819 5.50984e-07 1.96954e-08
0.0132826 5.50473e-07 1.96773e-08
0.0132832 5.49962e-07 1.96591e-08
0.0132838 5.4945e-07 1.9641e-08
0.0132844 5.48938e-07 1.96228e-08
0.013285 5.48425e-07 1.96046e-08
0.0132857 5.47912e-07 1.95864e-08
0.0132863 5.47399e-07 1.95681e-08
0.0132869 5.46884e-07 1.95499e-08
0.0132875 5.4637e-07 1.95316e-08
0.0132882 5.45855e-07 1.95133e-08
0.0132888 5.45339e-07 1.9495e-08
0.0132894 5.44823e-07 1.94767e-08
0.01329 5.44307e-07 1.94584e-08
0.0132906 5.4379e-07 1.944e-08
0.0132913 5.43272e-07 1.94216e-08
0.0132919 5.42754e-07 1.94032e-08
0.0132925 5.42236e-07 1.93848e-08
0.0132931 5.41717e-07 1.93664e-08
0.0132937 5.41198e-07 1.9348e-08
0.0132944 5.40678e-07 1.93295e-08
0.013295 5.40158e-07 1.93111e-08
0.0132956 5.39637e-07 1.92926e-08
0.0132962 5.39116e-07 1.92741e-08
0.0132969 5.38594e-07 1.92556e-08
0.0132975 5.38072e-07 1.9237e-08
0.0132981 5.3755e-07 1.92185e-08
0.0132987 5.37027e-07 1.91999e-08
0.0132993 5.36503e-07 1.91813e-08
0.0133 5.35979e-07 1.91627e-08
0.0133006 5.35455e-07 1.91441e-08
0.0133012 5.3493e-07 1.91255e-08
0.0133018 5.34405e-07 1.91068e-08
0.0133024 5.33879e-07 1.90882e-08
0.0133031 5.33353e-07 1.90695e-08
0.0133037 5.32826e-07 1.90508e-08
0.0133043 5.32299e-07 1.90321e-08
0.0133049 5.31771e-07 1.90134e-08
0.0133056 5.31243e-07 1.89946e-08
0.0133062 5.30715e-07 1.89759e-08
0.0133068 5.30186e-07 1.89571e-08
0.0133074 5.29657e-07 1.89383e-08
0.013308 5.29127e-07 1.89195e-08
0.0133087 5.28596e-07 1.89007e-08
0.0133093 5.28066e-07 1.88818e-08
0.0133099 5.27535e-07 1.8863e-08
0.0133105 5.27003e-07 1.88441e-08
0.0133111 5.26471e-07 1.88252e-08
0.0133118 5.25938e-07 1.88063e-08
0.0133124 5.25405e-07 1.87874e-08
0.013313 5.24872e-07 1.87685e-08
0.0133136 5.24338e-07 1.87495e-08
0.0133142 5.23804e-07 1.87306e-08
0.0133149 5.23269e-07 1.87116e-08
0.0133155 5.22734e-07 1.86926e-08
0.0133161 5.22198e-07 1.86736e-08
0.0133167 5.21662e-07 1.86545e-08
0.0133174 5.21126e-07 1.86355e-08
0.013318 5.20589e-07 1.86165e-08
0.0133186 5.20051e-07 1.85974e-08
0.0133192 5.19514e-07 1.85783e-08
0.0133198 5.18975e-07 1.85592e-08
0.0133205 5.18437e-07 1.85401e-08
0.0133211 5.17897e-07 1.85209e-08
0.0133217 5.17358e-07 1.85018e-08
0.0133223 5.16818e-07 1.84826e-08
0.0133229 5.16278e-07 1.84634e-08
0.0133236 5.15737e-07 1.84442e-08
0.0133242 5.15195e-07 1.8425e-08
0.0133248 5.14654e-07 1.84058e-08
0.0133254 5.14111e-07 1.83866e-08
0.0133261 5.13569e-07 1.83673e-08
0.0133267 5.13026e-07 1.8348e-08
0.0133273 5.12482e-07 1.83288e-08
0.0133279 5.11939e-07 1.83095e-08
0.0133285 5.11394e-07 1.82901e-08
0.0133292 5.10849e-07 1.82708e-08
0.0133298 5.10304e-07 1.82515e-08
0.0133304 5.09759e-07 1.82321e-08
0.013331 5.09213e-07 1.82127e-08
0.0133316 5.08666e-07 1.81933e-08
0.0133323 5.08119e-07 1.81739e-08
0.0133329 5.07572e-07 1.81545e-08
0.0133335 5.07025e-07 1.81351e-08
0.0133341 5.06476e-07 1.81156e-08
0.0133348 5.05928e-07 1.80961e-08
0.0133354 5.05379e-07 1.80767e-08
0.013336 5.04829e-07 1.80572e-08
0.0133366 5.0428e-07 1.80377e-08
0.0133372 5.03729e-07 1.80181e-08
0.0133379 5.03179e-07 1.79986e-08
0.0133385 5.02628e-07 1.7979e-08
0.0133391 5.02076e-07 1.79595e-08
0.0133397 5.01524e-07 1.79399e-08
0.0133403 5.00972e-07 1.79203e-08
0.013341 5.00419e-07 1.79007e-08
0.0133416 4.99866e-07 1.7881e-08
0.0133422 4.99313e-07 1.78614e-08
0.0133428 4.98759e-07 1.78417e-08
0.0133435 4.98204e-07 1.78221e-08
0.0133441 4.9765e-07 1.78024e-08
0.0133447 4.97095e-07 1.77827e-08
0.0133453 4.96539e-07 1.7763e-08
0.0133459 4.95983e-07 1.77432e-08
0.0133466 4.95427e-07 1.77235e-08
0.0133472 4.9487e-07 1.77037e-08
0.0133478 4.94313e-07 1.7684e-08
0.0133484 4.93755e-07 1.76642e-08
0.013349 4.93197e-07 1.76444e-08
0.0133497 4.92638e-07 1.76246e-08
0.0133503 4.9208e-07 1.76047e-08
0.0133509 4.9152e-07 1.75849e-08
0.0133515 4.90961e-07 1.7565e-08
0.0133521 4.90401e-07 1.75452e-08
0.0133528 4.8984e-07 1.75253e-08
0.0133534 4.89279e-07 1.75054e-08
0.013354 4.88718e-07 1.74855e-08
0.0133546 4.88157e-07 1.74655e-08
0.0133553 4.87595e-07 1.74456e-08
0.0133559 4.87032e-07 1.74256e-08
0.0133565 4.86469e-07 1.74057e-08
0.0133571 4.85906e-07 1.73857e-08
0.0133577 4.85343e-07 1.73657e-08
0.0133584 4.84779e-07 1.73457e-08
0.013359 4.84214e-07 1.73257e-08
0.0133596 4.83649e-07 1.73056e-08
0.0133602 4.83084e-07 1.72856e-08
0.0133608 4.82519e-07 1.72655e-08
0.0133615 4.81953e-07 1.72454e-08
0.0133621 4.81386e-07 1.72253e-08
0.0133627 4.80819e-07 1.72052e-08
0.0133633 4.80252e-07 1.71851e-08
0.013364 4.79685e-07 1.7165e-08
0.0133646 4.79117e-07 1.71448e-08
0.0133652 4.78549e-07 1.71246e-08
0.0133658 4.77996e-07 1.71045e-08
0.0133664 4.77445e-07 1.70843e-08
0.0133671 4.76893e-07 1.70641e-08
0.0133677 4.76341e-07 1.70439e-08
0.0133683 4.75789e-07 1.70236e-08
0.0133689 4.75236e-07 1.70034e-08
0.0133695 4.74683e-07 1.69831e-08
0.0133702 4.74129e-07 1.69629e-08
0.0133708 4.73576e-07 1.69426e-08
0.0133714 4.73021e-07 1.69223e-08
0.013372 4.72467e-07 1.6902e-08
0.0133727 4.71912e-07 1.68816e-08
0.0133733 4.71357e-07 1.68613e-08
0.0133739 4.70801e-07 1.6841e-08
0.0133745 4.70245e-07 1.68206e-08
0.0133751 4.69688e-07 1.68002e-08
0.0133758 4.69132e-07 1.67798e-08
0.0133764 4.68574e-07 1.67594e-08
0.013377 4.68017e-07 1.6739e-08
0.0133776 4.67459e-07 1.67186e-08
0.0133782 4.66901e-07 1.66981e-08
0.0133789 4.66352e-07 1.66777e-08
0.0133795 4.65805e-07 1.66572e-08
0.0133801 4.65267e-07 1.66367e-08
0.0133807 4.64728e-07 1.66162e-08
0.0133813 4.64189e-07 1.65957e-08
0.013382 4.63649e-07 1.65752e-08
0.0133826 4.63109e-07 1.65547e-08
0.0133832 4.62569e-07 1.65341e-08
0.0133838 4.62028e-07 1.65136e-08
0.0133845 4.61487e-07 1.6493e-08
0.0133851 4.60946e-07 1.64724e-08
0.0133857 4.60404e-07 1.64518e-08
0.0133863 4.59862e-07 1.64312e-08
0.0133869 4.59319e-07 1.64106e-08
0.0133876 4.58777e-07 1.63899e-08
0.0133882 4.58234e-07 1.63693e-08
0.0133888 4.5769e-07 1.63486e-08
0.0133894 4.57146e-07 1.63279e-08
0.01339 4.56602e-07 1.63073e-08
0.0133907 4.56058e-07 1.62866e-08
0.0133913 4.55513e-07 1.62658e-08
0.0133919 4.54967e-07 1.62451e-08
0.0133925 4.54422e-07 1.62244e-08
0.0133932 4.53876e-07 1.62036e-08
0.0133938 4.5333e-07 1.61829e-08
0.0133944 4.52783e-07 1.61621e-08
0.013395 4.52236e-07 1.61413e-08
0.0133956 4.51689e-07 1.61205e-08
0.0133963 4.51141e-07 1.60997e-08
0.0133969 4.50593e-07 1.60789e-08
0.0133975 4.50045e-07 1.6058e-08
0.0133981 4.49496e-07 1.60372e-08
0.0133987 4.48948e-07 1.60163e-08
0.0133994 4.48398e-07 1.59955e-08
0.0134 4.47849e-07 1.59746e-08
0.0134006 4.47299e-07 1.59537e-08
0.0134012 4.46748e-07 1.59328e-08
0.0134019 4.46198e-07 1.59118e-08
0.0134025 4.45647e-07 1.58909e-08
0.0134031 4.45095e-07 1.587e-08
0.0134037 4.44544e-07 1.5849e-08
0.0134043 4.43992e-07 1.5828e-08
0.013405 4.43439e-07 1.5807e-08
0.0134056 4.42887e-07 1.57861e-08
0.0134062 4.42334e-07 1.5765e-08
0.0134068 4.41781e-07 1.5744e-08
0.0134074 4.41227e-07 1.5723e-08
0.0134081 4.40673e-07 1.5702e-08
0.0134087 4.40119e-07 1.56809e-08
0.0134093 4.39564e-07 1.56598e-08
0.0134099 4.39009e-07 1.56388e-08
0.0134105 4.38454e-07 1.56177e-08
0.0134112 4.37898e-07 1.55966e-08
0.0134118 4.37343e-07 1.55755e-08
0.0134124 4.36786e-07 1.55543e-08
0.013413 4.3623e-07 1.55332e-08
0.0134137 4.35673e-07 1.5512e-08
0.0134143 4.35116e-07 1.54909e-08
0.0134149 4.34558e-07 1.54697e-08
0.0134155 4.34e-07 1.54485e-08
0.0134161 4.33442e-07 1.54273e-08
0.0134168 4.32884e-07 1.54061e-08
0.0134174 4.32325e-07 1.53849e-08
0.013418 4.31766e-07 1.53637e-08
0.0134186 4.31207e-07 1.53424e-08
0.0134192 4.30647e-07 1.53212e-08
0.0134199 4.30087e-07 1.52999e-08
0.0134205 4.29526e-07 1.52787e-08
0.0134211 4.28966e-07 1.52574e-08
0.0134217 4.28405e-07 1.52361e-08
0.0134224 4.27849e-07 1.52148e-08
0.013423 4.27298e-07 1.51934e-08
0.0134236 4.26747e-07 1.51721e-08
0.0134242 4.26195e-07 1.51508e-08
0.0134248 4.25643e-07 1.51294e-08
0.0134255 4.25091e-07 1.51081e-08
0.0134261 4.24538e-07 1.50867e-08
0.0134267 4.24005e-07 1.50653e-08
0.0134273 4.23481e-07 1.50439e-08
0.0134279 4.22956e-07 1.50225e-08
0.0134286 4.22431e-07 1.50011e-08
0.0134292 4.21906e-07 1.49796e-08
0.0134298 4.2138e-07 1.49582e-08
0.0134304 4.20855e-07 1.49367e-08
0.0134311 4.20328e-07 1.49153e-08
0.0134317 4.19802e-07 1.48938e-08
0.0134323 4.19275e-07 1.48723e-08
0.0134329 4.18748e-07 1.48508e-08
0.0134335 4.18221e-07 1.48293e-08
0.0134342 4.17693e-07 1.48078e-08
0.0134348 4.17165e-07 1.47863e-08
0.0134354 4.16637e-07 1.47647e-08
0.013436 4.16109e-07 1.47432e-08
0.0134366 4.1558e-07 1.47216e-08
0.0134373 4.15051e-07 1.47e-08
0.0134379 4.14521e-07 1.46785e-08
0.0134385 4.13992e-07 1.46569e-08
0.0134391 4.13462e-07 1.46353e-08
0.0134398 4.12931e-07 1.46136e-08
0.0134404 4.12401e-07 1.4592e-08
0.013441 4.1187e-07 1.45704e-08
0.0134416 4.11339e-07 1.45487e-08
0.0134422 4.10807e-07 1.45271e-08
0.0134429 4.10276e-07 1.45054e-08
0.0134435 4.09744e-07 1.44837e-08
0.0134441 4.09211e-07 1.44621e-08
0.0134447 4.08679e-07 1.44404e-08
0.0134453 4.08146e-07 1.44187e-08
0.013446 4.07613e-07 1.43969e-08
0.0134466 4.07079e-07 1.43752e-08
0.0134472 4.06545e-07 1.43535e-08
0.0134478 4.06011e-07 1.43317e-08
0.0134484 4.05477e-07 1.431e-08
0.0134491 4.04943e-07 1.42882e-08
0.0134497 4.04408e-07 1.42664e-08
0.0134503 4.03873e-07 1.42446e-08
0.0134509 4.03337e-07 1.42228e-08
0.0134516 4.02801e-07 1.4201e-08
0.0134522 4.02265e-07 1.41792e-08
0.0134528 4.01729e-07 1.41574e-08
0.0134534 4.01193e-07 1.41355e-08
0.013454 4.00656e-07 1.41137e-08
0.0134547 4.00119e-07 1.40918e-08
0.0134553 3.99581e-07 1.40699e-08
0.0134559 3.99044e-07 1.40481e-08
0.0134565 3.98506e-07 1.40262e-08
0.0134571 3.97968e-07 1.40043e-08
0.0134578 3.97429e-07 1.39824e-08
0.0134584 3.9689e-07 1.39604e-08
0.013459 3.96351e-07 1.39385e-08
0.0134596 3.95812e-07 1.39166e-08
0.0134603 3.95328e-07 1.38946e-08
0.0134609 3.94856e-07 1.38727e-08
0.0134615 3.94383e-07 1.38507e-08
0.0134621 3.93911e-07 1.38287e-08
0.0134627 3.93437e-07 1.38067e-08
0.0134634 3.92964e-07 1.37847e-08
0.013464 3.9249e-07 1.37627e-08
0.0134646 3.92016e-07 1.37407e-08
0.0134652 3.91542e-07 1.37187e-08
0.0134658 3.91068e-07 1.36966e-08
0.0134665 3.90593e-07 1.36746e-08
0.0134671 3.90118e-07 1.36525e-08
0.0134677 3.89643e-07 1.36305e-08
0.0134683 3.89167e-07 1.36084e-08
0.013469 3.88692e-07 1.35863e-08
0.0134696 3.88215e-07 1.35642e-08
0.0134702 3.87739e-07 1.35421e-08
0.0134708 3.87263e-07 1.352e-08
0.0134714 3.86786e-07 1.34979e-08
0.0134721 3.86309e-07 1.34758e-08
0.0134727 3.85831e-07 1.34536e-08
0.0134733 3.85354e-07 1.34315e-08
0.0134739 3.84876e-07 1.34093e-08
0.0134745 3.84398e-07 1.33872e-08
0.0134752 3.83919e-07 1.3365e-08
0.0134758 3.83441e-07 1.33428e-08
0.0134764 3.82962e-07 1.33206e-08
0.013477 3.82482e-07 1.32984e-08
0.0134776 3.82003e-07 1.32762e-08
0.0134783 3.81523e-07 1.3254e-08
0.0134789 3.81043e-07 1.32318e-08
0.0134795 3.80563e-07 1.32095e-08
0.0134801 3.80083e-07 1.31873e-08
0.0134808 3.79602e-07 1.3165e-08
0.0134814 3.79121e-07 1.31428e-08
0.013482 3.7864e-07 1.31205e-08
0.0134826 3.78158e-07 1.30982e-08
0.0134832 3.77676e-07 1.30759e-08
0.0134839 3.77194e-07 1.30536e-08
0.0134845 3.76712e-07 1.30313e-08
0.0134851 3.7623e-07 1.3009e-08
0.0134857 3.75747e-07 1.29867e-08
0.0134863 3.75264e-07 1.29643e-08
0.013487 3.74781e-07 1.2942e-08
0.0134876 3.74297e-07 1.29196e-08
0.0134882 3.73813e-07 1.28973e-08
0.0134888 3.73329e-07 1.28749e-08
0.0134895 3.72845e-07 1.28525e-08
0.0134901 3.72361e-07 1.28301e-08
0.0134907 3.71876e-07 1.28077e-08
0.0134913 3.71391e-07 1.27853e-08
0.0134919 3.70906e-07 1.27629e-08
0.0134926 3.7042e-07 1.27405e-08
0.0134932 3.69934e-07 1.27181e-08
0.0134938 3.69448e-07 1.26956e-08
0.0134944 3.68962e-07 1.26732e-08
0.013495 3.68476e-07 1.26508e-08
0.0134957 3.67989e-07 1.26283e-08
0.0134963 3.67502e-07 1.26058e-08
0.0134969 3.67015e-07 1.25833e-08
0.0134975 3.66527e-07 1.25609e-08
0.0134982 3.66039e-07 1.25384e-08
0.0134988 3.65551e-07 1.25159e-08
0.0134994 3.65063e-07 1.24934e-08
0.0135 3.64575e-07 1.24708e-08
0.0135006 3.64086e-07 1.24483e-08
0.0135013 3.63597e-07 1.24258e-08
0.0135019 3.63108e-07 1.24032e-08
0.0135025 3.62619e-07 1.23807e-08
0.0135031 3.62129e-07 1.23581e-08
0.0135037 3.61639e-07 1.23356e-08
0.0135044 3.61149e-07 1.2313e-08
0.013505 3.60659e-07 1.22904e-08
0.0135056 3.60168e-07 1.22678e-08
0.0135062 3.59677e-07 1.22452e-08
0.0135068 3.59186e-07 1.22226e-08
0.0135075 3.58695e-07 1.22e-08
0.0135081 3.58203e-07 1.21774e-08
0.0135087 3.57712e-07 1.21548e-08
0.0135093 3.5722e-07 1.21321e-08
0.01351 3.56727e-07 1.21095e-08
0.0135106 3.56235e-07 1.20868e-08
0.0135112 3.55742e-07 1.20642e-08
0.0135118 3.55249e-07 1.20415e-08
0.0135124 3.54756e-07 1.20188e-08
0.0135131 3.54263e-07 1.19961e-08
0.0135137 3.53769e-07 1.19735e-08
0.0135143 3.53275e-07 1.19508e-08
0.0135149 3.52781e-07 1.19281e-08
0.0135155 3.52287e-07 1.19053e-08
0.0135162 3.51792e-07 1.18826e-08
0.0135168 3.51298e-07 1.18599e-08
0.0135174 3.50803e-07 1.18372e-08
0.013518 3.50307e-07 1.18144e-08
0.0135187 3.49812e-07 1.17917e-08
0.0135193 3.49316e-07 1.17689e-08
0.0135199 3.4882e-07 1.17462e-08
0.0135205 3.48324e-07 1.17234e-08
0.0135211 3.47828e-07 1.17006e-08
0.0135218 3.47331e-07 1.16778e-08
0.0135224 3.46834e-07 1.1655e-08
0.013523 3.46337e-07 1.16322e-08
0.0135236 3.4584e-07 1.16094e-08
0.0135242 3.45343e-07 1.15866e-08
0.0135249 3.44845e-07 1.15638e-08
0.0135255 3.44347e-07 1.1541e-08
0.0135261 3.43849e-07 1.15182e-08
0.0135267 3.4335e-07 1.14953e-08
0.0135274 3.42852e-07 1.14725e-08
0.013528 3.42353e-07 1.14496e-08
0.0135286 3.41854e-07 1.14267e-08
0.0135292 3.41355e-07 1.14039e-08
0.0135298 3.40855e-07 1.1381e-08
0.0135305 3.40356e-07 1.13581e-08
0.0135311 3.39856e-07 1.13352e-08
0.0135317 3.39356e-07 1.13123e-08
0.0135323 3.38855e-07 1.12894e-08
0.0135329 3.38355e-07 1.12665e-08
0.0135336 3.37854e-07 1.12436e-08
0.0135342 3.37353e-07 1.12207e-08
0.0135348 3.36852e-07 1.11978e-08
0.0135354 3.3635e-07 1.11748e-08
0.0135361 3.35849e-07 1.11519e-08
0.0135367 3.35347e-07 1.11289e-08
0.0135373 3.34845e-07 1.1106e-08
0.0135379 3.34343e-07 1.1083e-08
0.0135385 3.3384e-07 1.10601e-08
0.0135392 3.33337e-07 1.10371e-08
0.0135398 3.32834e-07 1.10141e-08
0.0135404 3.32331e-07 1.09911e-08
0.013541 3.31828e-07 1.09681e-08
0.0135416 3.31325e-07 1.09451e-08
0.0135423 3.30821e-07 1.09221e-08
0.0135429 3.30317e-07 1.08991e-08
0.0135435 3.29813e-07 1.08761e-08
0.0135441 3.29308e-07 1.08531e-08
0.0135447 3.28804e-07 1.083e-08
0.0135454 3.28299e-07 1.0807e-08
0.013546 3.27794e-07 1.07839e-08
0.0135466 3.27289e-07 1.07609e-08
0.0135472 3.26783e-07 1.07378e-08
0.0135479 3.26278e-07 1.07148e-08
0.0135485 3.25772e-07 1.06917e-08
0.0135491 3.25266e-07 1.06686e-08
0.0135497 3.2476e-07 1.06456e-08
0.0135503 3.24253e-07 1.06225e-08
0.013551 3.23747e-07 1.05994e-08
0.0135516 3.2324e-07 1.05763e-08
0.0135522 3.22733e-07 1.05532e-08
0.0135528 3.22226e-07 1.05301e-08
0.0135534 3.21718e-07 1.0507e-08
0.0135541 3.21211e-07 1.04838e-08
0.0135547 3.20703e-07 1.04607e-08
0.0135553 3.20195e-07 1.04376e-08
0.0135559 3.19687e-07 1.04144e-08
0.0135566 3.19178e-07 1.03913e-08
0.0135572 3.1867e-07 1.03681e-08
0.0135578 3.18161e-07 1.0345e-08
0.0135584 3.17652e-07 1.03218e-08
0.013559 3.17143e-07 1.02987e-08
0.0135597 3.16634e-07 1.02755e-08
0.0135603 3.16124e-07 1.02523e-08
0.0135609 3.15614e-07 1.02291e-08
0.0135615 3.15104e-07 1.02059e-08
0.0135621 3.14594e-07 1.01827e-08
0.0135628 3.14084e-07 1.01595e-08
0.0135634 3.13573e-07 1.01363e-08
0.013564 3.13063e-07 1.01131e-08
0.0135646 3.12552e-07 1.00899e-08
0.0135653 3.12041e-07 1.00667e-08
0.0135659 3.11529e-07 1.00435e-08
0.0135665 3.11018e-07 1.00202e-08
0.0135671 3.10506e-07 9.99698e-09
0.0135677 3.09994e-07 9.97374e-09
0.0135684 3.09482e-07 9.95049e-09
0.013569 3.0897e-07 9.92724e-09
0.0135696 3.08458e-07 9.90398e-09
0.0135702 3.07945e-07 9.88072e-09
0.0135708 3.07432e-07 9.85745e-09
0.0135715 3.06919e-07 9.83418e-09
0.0135721 3.06406e-07 9.8109e-09
0.0135727 3.05893e-07 9.78761e-09
0.0135733 3.05379e-07 9.76432e-09
0.0135739 3.04865e-07 9.74103e-09
0.0135746 3.04352e-07 9.71773e-09
0.0135752 3.03837e-07 9.69443e-09
0.0135758 3.03323e-07 9.67112e-09
0.0135764 3.02809e-07 9.6478e-09
0.0135771 3.02294e-07 9.62448e-09
0.0135777 3.01779e-07 9.60116e-09
0.0135783 3.01264e-07 9.57783e-09
0.0135789 3.00749e-07 9.5545e-09
0.0135795 3.00234e-07 9.53116e-09
0.0135802 2.99718e-07 9.50781e-09
0.0135808 2.99203e-07 9.48447e-09
0.0135814 2.98687e-07 9.46111e-09
0.013582 2.98171e-07 9.43776e-09
0.0135826 2.97655e-07 9.4144e-09
0.0135833 2.97138e-07 9.39103e-09
0.0135839 2.96622e-07 9.36766e-09
0.0135845 2.96105e-07 9.34428e-09
0.0135851 2.95588e-07 9.3209e-09
0.0135858 2.95071e-07 9.29752e-09
0.0135864 2.94554e-07 9.27413e-09
0.013587 2.94036e-07 9.25074e-09
0.0135876 2.93519e-07 9.22734e-09
0.0135882 2.93001e-07 9.20394e-09
0.0135889 2.92483e-07 9.18053e-09
0.0135895 2.91965e-07 9.15712e-09
0.0135901 2.91446e-07 9.1337e-09
0.0135907 2.90928e-07 9.11028e-09
0.0135913 2.90409e-07 9.08686e-09
0.013592 2.89891e-07 9.06343e-09
0.0135926 2.89372e-07 9.04e-09
0.0135932 2.88853e-07 9.01656e-09
0.0135938 2.88333e-07 8.99312e-09
0.0135945 2.87814e-07 8.96967e-09
0.0135951 2.87294e-07 8.94622e-09
0.0135957 2.86774e-07 8.92277e-09
0.0135963 2.86254e-07 8.89931e-09
0.0135969 2.85734e-07 8.87585e-09
0.0135976 2.85307e-07 8.85238e-09
0.0135982 2.84923e-07 8.82891e-09
0.0135988 2.84538e-07 8.80544e-09
0.0135994 2.84154e-07 8.78196e-09
0.0136 2.83769e-07 8.75848e-09
0.0136007 2.83384e-07 8.735e-09
0.0136013 2.82999e-07 8.7115e-09
0.0136019 2.82613e-07 8.68801e-09
0.0136025 2.82228e-07 8.66451e-09
0.0136031 2.81842e-07 8.64101e-09
0.0136038 2.81457e-07 8.61751e-09
0.0136044 2.81071e-07 8.594e-09
0.013605 2.80685e-07 8.57049e-09
0.0136056 2.80299e-07 8.54697e-09
0.0136063 2.79912e-07 8.52345e-09
0.0136069 2.79526e-07 8.49993e-09
0.0136075 2.79139e-07 8.4764e-09
0.0136081 2.78753e-07 8.45287e-09
0.0136087 2.78366e-07 8.42933e-09
0.0136094 2.77979e-07 8.40579e-09
0.01361 2.77592e-07 8.38225e-09
0.0136106 2.77204e-07 8.35871e-09
0.0136112 2.76817e-07 8.33516e-09
0.0136118 2.76429e-07 8.31161e-09
0.0136125 2.76041e-07 8.28805e-09
0.0136131 2.75654e-07 8.26449e-09
0.0136137 2.75266e-07 8.24093e-09
0.0136143 2.74877e-07 8.21737e-09
0.013615 2.74489e-07 8.1938e-09
0.0136156 2.74101e-07 8.17022e-09
0.0136162 2.73712e-07 8.14665e-09
0.0136168 2.73323e-07 8.12307e-09
0.0136174 2.72934e-07 8.09949e-09
0.0136181 2.72545e-07 8.0759e-09
0.0136187 2.72156e-07 8.05231e-09
0.0136193 2.71767e-07 8.02872e-09
0.0136199 2.71377e-07 8.00512e-09
0.0136205 2.70988e-07 7.98153e-09
0.0136212 2.70598e-07 7.95793e-09
0.0136218 2.70208e-07 7.93433e-09
0.0136224 2.69818e-07 7.91072e-09
0.013623 2.69428e-07 7.88711e-09
0.0136237 2.69038e-07 7.86349e-09
0.0136243 2.68647e-07 7.83988e-09
0.0136249 2.68257e-07 7.81626e-09
0.0136255 2.67866e-07 7.79264e-09
0.0136261 2.67476e-07 7.76901e-09
0.0136268 2.67085e-07 7.74538e-09
0.0136274 2.66694e-07 7.72175e-09
0.013628 2.66302e-07 7.69812e-09
0.0136286 2.65911e-07 7.67448e-09
0.0136292 2.6552e-07 7.65084e-09
0.0136299 2.65128e-07 7.6272e-09
0.0136305 2.64736e-07 7.60356e-09
0.0136311 2.64344e-07 7.57991e-09
0.0136317 2.63952e-07 7.55626e-09
0.0136324 2.6356e-07 7.53261e-09
0.013633 2.63168e-07 7.50895e-09
0.0136336 2.62776e-07 7.4853e-09
0.0136342 2.62383e-07 7.46163e-09
0.0136348 2.61991e-07 7.43797e-09
0.0136355 2.61598e-07 7.41431e-09
0.0136361 2.61205e-07 7.39064e-09
0.0136367 2.60812e-07 7.36697e-09
0.0136373 2.60419e-07 7.3433e-09
0.0136379 2.60026e-07 7.31962e-09
0.0136386 2.59632e-07 7.29594e-09
0.0136392 2.59239e-07 7.27226e-09
0.0136398 2.58845e-07 7.24858e-09
0.0136404 2.58451e-07 7.2249e-09
0.013641 2.58057e-07 7.20121e-09
0.0136417 2.57663e-07 7.17752e-09
0.0136423 2.57269e-07 7.15383e-09
0.0136429 2.56875e-07 7.13014e-09
0.0136435 2.56481e-07 7.10644e-09
0.0136442 2.56086e-07 7.08274e-09
0.0136448 2.55692e-07 7.05904e-09
0.0136454 2.55297e-07 7.03534e-09
0.013646 2.54902e-07 7.01163e-09
0.0136466 2.54507e-07 6.98793e-09
0.0136473 2.54112e-07 6.96422e-09
0.0136479 2.53717e-07 6.94051e-09
0.0136485 2.53322e-07 6.91679e-09
0.0136491 2.52926e-07 6.89308e-09
0.0136497 2.52531e-07 6.86937e-09
0.0136504 2.52135e-07 6.84565e-09
0.013651 2.51739e-07 6.82193e-09
0.0136516 2.51343e-07 6.7982e-09
0.0136522 2.50947e-07 6.77448e-09
0.0136529 2.50551e-07 6.75075e-09
0.0136535 2.50155e-07 6.72703e-09
0.0136541 2.49759e-07 6.7033e-09
0.0136547 2.49362e-07 6.67956e-09
0.0136553 2.48966e-07 6.65583e-09
0.013656 2.48569e-07 6.6321e-09
0.0136566 2.48172e-07 6.60836e-09
0.0136572 2.47775e-07 6.58462e-09
0.0136578 2.47378e-07 6.56089e-09
0.0136584 2.46981e-07 6.53715e-09
0.0136591 2.46584e-07 6.5134e-09
0.0136597 2.46186e-07 6.48966e-09
0.0136603 2.45789e-07 6.46591e-09
0.0136609 2.45391e-07 6.44216e-09
0.0136616 2.44994e-07 6.41841e-09
0.0136622 2.44596e-07 6.39466e-09
0.0136628 2.44198e-07 6.37091e-09
0.0136634 2.438e-07 6.34716e-09
0.013664 2.43402e-07 6.3234e-09
0.0136647 2.43004e-07 6.29965e-09
0.0136653 2.42606e-07 6.27589e-09
0.0136659 2.42207e-07 6.25213e-09
0.0136665 2.41809e-07 6.22837e-09
0.0136671 2.4141e-07 6.20461e-09
0.0136678 2.41011e-07 6.18085e-09
0.0136684 2.40613e-07 6.15708e-09
0.013669 2.40214e-07 6.13332e-09
0.0136696 2.39815e-07 6.10955e-09
0.0136702 2.39416e-07 6.08579e-09
0.0136709 2.39016e-07 6.06202e-09
0.0136715 2.38617e-07 6.03825e-09
0.0136721 2.38218e-07 6.01448e-09
0.0136727 2.38085e-07 5.99071e-09
0.0136734 2.38397e-07 5.96693e-09
0.013674 2.38708e-07 5.94316e-09
0.0136746 2.39019e-07 5.91938e-09
0.0136752 2.3933e-07 5.89561e-09
0.0136758 2.39641e-07 5.87184e-09
0.0136765 2.39952e-07 5.84805e-09
0.0136771 2.40262e-07 5.82428e-09
0.0136777 2.40573e-07 5.8005e-09
0.0136783 2.40883e-07 5.77672e-09
0.0136789 2.41193e-07 5.75294e-09
0.0136796 2.41503e-07 5.72916e-09
0.0136802 2.41813e-07 5.70538e-09
0.0136808 2.42122e-07 5.68159e-09
0.0136814 2.42432e-07 5.65781e-09
0.0136821 2.42741e-07 5.63402e-09
0.0136827 2.4305e-07 5.61024e-09
0.0136833 2.43359e-07 5.58645e-09
0.0136839 2.43668e-07 5.56267e-09
0.0136845 2.43977e-07 5.53888e-09
0.0136852 2.44285e-07 5.51509e-09
0.0136858 2.44593e-07 5.4913e-09
0.0136864 2.44902e-07 5.46751e-09
0.013687 2.4521e-07 5.44372e-09
0.0136876 2.45518e-07 5.41994e-09
0.0136883 2.45825e-07 5.39615e-09
0.0136889 2.46133e-07 5.37236e-09
0.0136895 2.4644e-07 5.34857e-09
0.0136901 2.46747e-07 5.32478e-09
0.0136908 2.47054e-07 5.30098e-09
0.0136914 2.47361e-07 5.27719e-09
0.013692 2.47668e-07 5.2534e-09
0.0136926 2.47975e-07 5.22961e-09
0.0136932 2.48281e-07 5.20581e-09
0.0136939 2.48587e-07 5.18202e-09
0.0136945 2.48893e-07 5.15823e-09
0.0136951 2.49199e-07 5.13443e-09
0.0136957 2.49505e-07 5.11064e-09
0.0136963 2.4981e-07 5.08685e-09
0.013697 2.50116e-07 5.06305e-09
0.0136976 2.50421e-07 5.03926e-09
0.0136982 2.50726e-07 5.01547e-09
0.0136988 2.51031e-07 4.99167e-09
0.0136994 2.51336e-07 4.96788e-09
0.0137001 2.5164e-07 4.94408e-09
0.0137007 2.51945e-07 4.92029e-09
0.0137013 2.52249e-07 4.8965e-09
0.0137019 2.52553e-07 4.8727e-09
0.0137026 2.52857e-07 4.84891e-09
0.0137032 2.53161e-07 4.82512e-09
0.0137038 2.53464e-07 4.80132e-09
0.0137044 2.53768e-07 4.77753e-09
0.013705 2.54071e-07 4.75374e-09
0.0137057 2.54374e-07 4.72994e-09
0.0137063 2.54677e-07 4.70615e-09
0.0137069 2.54979e-07 4.68236e-09
0.0137075 2.55282e-07 4.65857e-09
0.0137081 2.55584e-07 4.63478e-09
0.0137088 2.55886e-07 4.61098e-09
0.0137094 2.56189e-07 4.58719e-09
0.01371 2.565e-07 4.5634e-09
0.0137106 2.56811e-07 4.53961e-09
0.0137113 2.57122e-07 4.51582e-09
0.0137119 2.57433e-07 4.49203e-09
0.0137125 2.57743e-07 4.46825e-09
0.0137131 2.58054e-07 4.44446e-09
0.0137137 2.58364e-07 4.42067e-09
0.0137144 2.58674e-07 4.39688e-09
0.013715 2.58984e-07 4.3731e-09
0.0137156 2.59294e-07 4.34931e-09
0.0137162 2.59604e-07 4.32552e-09
0.0137168 2.59913e-07 4.30174e-09
0.0137175 2.60223e-07 4.27795e-09
0.0137181 2.60532e-07 4.25417e-09
0.0137187 2.60841e-07 4.23039e-09
0.0137193 2.6115e-07 4.20661e-09
0.01372 2.61459e-07 4.18283e-09
0.0137206 2.61768e-07 4.15905e-09
0.0137212 2.62077e-07 4.13527e-09
0.0137218 2.62385e-07 4.11149e-09
0.0137224 2.62694e-07 4.08771e-09
0.0137231 2.63002e-07 4.06393e-09
0.0137237 2.6331e-07 4.04015e-09
0.0137243 2.63618e-07 4.01638e-09
0.0137249 2.63926e-07 3.9926e-09
0.0137255 2.64233e-07 3.96883e-09
0.0137262 2.64541e-07 3.94506e-09
0.0137268 2.64866e-07 3.92129e-09
0.0137274 2.65204e-07 3.89752e-09
0.013728 2.65541e-07 3.87375e-09
0.0137287 2.65878e-07 3.84998e-09
0.0137293 2.66215e-07 3.82621e-09
0.0137299 2.66552e-07 3.80245e-09
0.0137305 2.66888e-07 3.77868e-09
0.0137311 2.67224e-07 3.75492e-09
0.0137318 2.67561e-07 3.73116e-09
0.0137324 2.67896e-07 3.7074e-09
0.013733 2.68232e-07 3.68364e-09
0.0137336 2.68568e-07 3.65988e-09
0.0137342 2.68903e-07 3.63612e-09
0.0137349 2.69238e-07 3.61237e-09
0.0137355 2.69573e-07 3.58861e-09
0.0137361 2.69907e-07 3.56486e-09
0.0137367 2.70242e-07 3.5411e-09
0.0137373 2.70576e-07 3.51735e-09
0.013738 2.7091e-07 3.49361e-09
0.0137386 2.71244e-07 3.46986e-09
0.0137392 2.71578e-07 3.44611e-09
0.0137398 2.71911e-07 3.42237e-09
0.0137405 2.72244e-07 3.39863e-09
0.0137411 2.72577e-07 3.37489e-09
0.0137417 2.7291e-07 3.35115e-09
0.0137423 2.73243e-07 3.32741e-09
0.0137429 2.73575e-07 3.30367e-09
0.0137436 2.73907e-07 3.27993e-09
0.0137442 2.74239e-07 3.2562e-09
0.0137448 2.74571e-07 3.23247e-09
0.0137454 2.74903e-07 3.20874e-09
0.013746 2.75234e-07 3.18501e-09
0.0137467 2.75565e-07 3.16128e-09
0.0137473 2.75896e-07 3.13756e-09
0.0137479 2.76227e-07 3.11384e-09
0.0137485 2.76557e-07 3.09011e-09
0.0137492 2.76887e-07 3.06639e-09
0.0137498 2.77218e-07 3.04268e-09
0.0137504 2.77547e-07 3.01896e-09
0.013751 2.77877e-07 2.99525e-09
0.0137516 2.78207e-07 2.97154e-09
0.0137523 2.78536e-07 2.94783e-09
0.0137529 2.78865e-07 2.92412e-09
0.0137535 2.79194e-07 2.90041e-09
0.0137541 2.79522e-07 2.87671e-09
0.0137547 2.79851e-07 2.85301e-09
0.0137554 2.80179e-07 2.82931e-09
0.013756 2.80507e-07 2.80561e-09
0.0137566 2.80835e-07 2.78192e-09
0.0137572 2.81162e-07 2.75822e-09
0.0137579 2.81489e-07 2.73453e-09
0.0137585 2.81817e-07 2.71084e-09
0.0137591 2.82143e-07 2.68716e-09
0.0137597 2.8247e-07 2.66347e-09
0.0137603 2.82797e-07 2.63979e-09
0.013761 2.83123e-07 2.61611e-09
0.0137616 2.83449e-07 2.59243e-09
0.0137622 2.83775e-07 2.56876e-09
0.0137628 2.841e-07 2.54508e-09
0.0137634 2.84426e-07 2.52141e-09
0.0137641 2.84751e-07 2.49775e-09
0.0137647 2.85076e-07 2.47408e-09
0.0137653 2.85401e-07 2.45042e-09
0.0137659 2.85725e-07 2.42676e-09
0.0137665 2.86049e-07 2.4031e-09
0.0137672 2.86373e-07 2.37944e-09
0.0137678 2.86697e-07 2.35579e-09
0.0137684 2.87021e-07 2.33214e-09
0.013769 2.87344e-07 2.30849e-09
0.0137697 2.87668e-07 2.28484e-09
0.0137703 2.87991e-07 2.2612e-09
0.0137709 2.88313e-07 2.23756e-09
0.0137715 2.88636e-07 2.21392e-09
0.0137721 2.88958e-07 2.19029e-09
0.0137728 2.8928e-07 2.16665e-09
0.0137734 2.89602e-07 2.14303e-09
0.013774 2.89924e-07 2.1194e-09
0.0137746 2.90245e-07 2.09578e-09
0.0137752 2.90566e-07 2.07216e-09
0.0137759 2.90887e-07 2.04854e-09
0.0137765 2.91208e-07 2.02492e-09
0.0137771 2.91529e-07 2.00131e-09
0.0137777 2.91849e-07 1.9777e-09
0.0137784 2.92169e-07 1.95409e-09
0.013779 2.92489e-07 1.93048e-09
0.0137796 2.92809e-07 1.90689e-09
0.0137802 2.93128e-07 1.88329e-09
0.0137808 2.93447e-07 1.85969e-09
0.0137815 2.93766e-07 1.8361e-09
0.0137821 2.94085e-07 1.81251e-09
0.0137827 2.94404e-07 1.78893e-09
0.0137833 2.94722e-07 1.76534e-09
0.0137839 2.9504e-07 1.74176e-09
0.0137846 2.95358e-07 1.71819e-09
0.0137852 2.95675e-07 1.69461e-09
0.0137858 2.95993e-07 1.67104e-09
0.0137864 2.9631e-07 1.64747e-09
0.0137871 2.96627e-07 1.62391e-09
0.0137877 2.96944e-07 1.60035e-09
0.0137883 2.9726e-07 1.57679e-09
0.0137889 2.97576e-07 1.55324e-09
0.0137895 2.97892e-07 1.52969e-09
0.0137902 2.98208e-07 1.50614e-09
0.0137908 2.98524e-07 1.4826e-09
0.0137914 2.98876e-07 1.45905e-09
0.013792 2.99276e-07 1.43552e-09
0.0137926 2.99675e-07 1.41198e-09
0.0137933 3.00074e-07 1.38845e-09
0.0137939 3.00472e-07 1.36492e-09
0.0137945 3.00871e-07 1.3414e-09
0.0137951 3.01269e-07 1.31788e-09
0.0137957 3.01667e-07 1.29437e-09
0.0137964 3.02065e-07 1.27085e-09
0.013797 3.02463e-07 1.24734e-09
0.0137976 3.0286e-07 1.22383e-09
0.0137982 3.03257e-07 1.20033e-09
0.0137989 3.03654e-07 1.17683e-09
0.0137995 3.04051e-07 1.15334e-09
0.0138001 3.04448e-07 1.12985e-09
0.0138007 3.04844e-07 1.10636e-09
0.0138013 3.0524e-07 1.08288e-09
0.013802 3.05636e-07 1.0594e-09
0.0138026 3.06032e-07 1.03592e-09
0.0138032 3.06427e-07 1.01244e-09
0.0138038 3.06822e-07 9.88972e-10
0.0138044 3.07217e-07 9.65503e-10
0.0138051 3.07612e-07 9.43832e-10
0.0138057 3.08007e-07 9.25538e-10
0.0138063 3.08401e-07 9.07245e-10
0.0138069 3.08795e-07 8.88952e-10
0.0138076 3.09189e-07 8.70661e-10
0.0138082 3.09583e-07 8.52373e-10
0.0138088 3.09977e-07 8.34087e-10
0.0138094 3.1037e-07 8.15801e-10
0.01381 3.10763e-07 7.97516e-10
0.0138107 3.11156e-07 7.79235e-10
0.0138113 3.11548e-07 7.60954e-10
0.0138119 3.11941e-07 7.42672e-10
0.0138125 3.12333e-07 7.24397e-10
0.0138131 3.12725e-07 7.06118e-10
0.0138138 3.13116e-07 6.87845e-10
0.0138144 3.13508e-07 6.69571e-10
0.013815 3.13899e-07 6.513e-10
0.0138156 3.1429e-07 6.3303e-10
0.0138163 3.14681e-07 6.14764e-10
0.0138169 3.15072e-07 5.96496e-10
0.0138175 3.15462e-07 5.78231e-10
0.0138181 3.15852e-07 5.59968e-10
0.0138187 3.16242e-07 5.41708e-10
0.0138194 3.16632e-07 5.23449e-10
0.01382 3.17021e-07 5.05189e-10
0.0138206 3.1741e-07 4.86938e-10
0.0138212 3.17799e-07 4.68683e-10
0.0138218 3.18188e-07 4.50433e-10
0.0138225 3.18576e-07 4.32184e-10
0.0138231 3.18965e-07 4.13934e-10
0.0138237 3.19353e-07 3.95687e-10
0.0138243 3.1974e-07 3.77443e-10
0.013825 3.20128e-07 3.59201e-10
0.0138256 3.20515e-07 3.40961e-10
0.0138262 3.20902e-07 3.22725e-10
0.0138268 3.21289e-07 3.04488e-10
0.0138274 3.21676e-07 2.86253e-10
0.0138281 3.22062e-07 2.68021e-10
0.0138287 3.22448e-07 2.49792e-10
0.0138293 3.22834e-07 2.31563e-10
0.0138299 3.2322e-07 2.13336e-10
0.0138305 3.23605e-07 1.95112e-10
0.0138312 3.23991e-07 1.76891e-10
0.0138318 3.24376e-07 1.58675e-10
0.0138324 3.2476e-07 1.40457e-10
0.013833 3.25145e-07 1.3119e-10
0.0138336 3.25529e-07 1.43725e-10
0.0138343 3.25913e-07 1.66967e-10
0.0138349 3.26297e-07 1.90205e-10
0.0138355 3.2668e-07 2.13439e-10
0.0138361 3.27063e-07 2.36664e-10
0.0138368 3.27446e-07 2.59889e-10
0.0138374 3.27829e-07 2.83104e-10
0.013838 3.28212e-07 3.06316e-10
0.0138386 3.28594e-07 3.29525e-10
0.0138392 3.28976e-07 3.52728e-10
0.0138399 3.29358e-07 3.75923e-10
0.0138405 3.2974e-07 3.99117e-10
0.0138411 3.30121e-07 4.22306e-10
0.0138417 3.30502e-07 4.45487e-10
0.0138423 3.30883e-07 4.68665e-10
0.013843 3.31263e-07 4.91838e-10
0.0138436 3.31644e-07 5.15002e-10
0.0138442 3.32024e-07 5.38164e-10
0.0138448 3.32404e-07 5.61318e-10
0.0138455 3.32783e-07 5.84473e-10
0.0138461 3.33162e-07 6.07618e-10
0.0138467 3.33542e-07 6.30759e-10
0.0138473 3.3392e-07 6.53893e-10
0.0138479 3.34299e-07 6.77022e-10
0.0138486 3.34677e-07 7.00146e-10
0.0138492 3.35055e-07 7.23263e-10
0.0138498 3.35433e-07 7.46379e-10
0.0138504 3.35811e-07 7.69484e-10
0.013851 3.36188e-07 7.92586e-10
0.0138517 3.36565e-07 8.15683e-10
0.0138523 3.36942e-07 8.3877e-10
0.0138529 3.37319e-07 8.61852e-10
0.0138535 3.37695e-07 8.84928e-10
0.0138542 3.38071e-07 9.07995e-10
0.0138548 3.38447e-07 9.31057e-10
0.0138554 3.38822e-07 9.54112e-10
0.013856 3.39198e-07 9.77161e-10
0.0138566 3.39573e-07 1.0002e-09
0.0138573 3.39947e-07 1.02323e-09
0.0138579 3.40322e-07 1.04626e-09
0.0138585 3.40696e-07 1.06928e-09
0.0138591 3.4107e-07 1.09229e-09
0.0138597 3.41444e-07 1.11531e-09
0.0138604 3.41818e-07 1.13831e-09
0.013861 3.42191e-07 1.16132e-09
0.0138616 3.42564e-07 1.18432e-09
0.0138622 3.42936e-07 1.20731e-09
0.0138628 3.43309e-07 1.2303e-09
0.0138635 3.43681e-07 1.25329e-09
0.0138641 3.44053e-07 1.27628e-09
0.0138647 3.44425e-07 1.29926e-09
0.0138653 3.44796e-07 1.32224e-09
0.013866 3.45167e-07 1.34521e-09
0.0138666 3.45538e-07 1.36818e-09
0.0138672 3.45909e-07 1.39114e-09
0.0138678 3.46279e-07 1.41409e-09
0.0138684 3.46649e-07 1.43704e-09
0.0138691 3.47019e-07 1.45999e-09
0.0138697 3.47389e-07 1.48293e-09
0.0138703 3.47758e-07 1.50586e-09
0.0138709 3.48127e-07 1.52879e-09
0.0138715 3.48496e-07 1.55171e-09
0.0138722 3.48864e-07 1.57463e-09
0.0138728 3.49233e-07 1.59753e-09
0.0138734 3.49601e-07 1.62044e-09
0.013874 3.49968e-07 1.64333e-09
0.0138747 3.50336e-07 1.66623e-09
0.0138753 3.50703e-07 1.68911e-09
0.0138759 3.5107e-07 1.71199e-09
0.0138765 3.51436e-07 1.73487e-09
0.0138771 3.51803e-07 1.75773e-09
0.0138778 3.52169e-07 1.78059e-09
0.0138784 3.52535e-07 1.80345e-09
0.013879 3.529e-07 1.8263e-09
0.0138796 3.53266e-07 1.84914e-09
0.0138802 3.53631e-07 1.87197e-09
0.0138809 3.53995e-07 1.8948e-09
0.0138815 3.5436e-07 1.91763e-09
0.0138821 3.54724e-07 1.94045e-09
0.0138827 3.55088e-07 1.96326e-09
0.0138834 3.55451e-07 1.98607e-09
0.013884 3.55815e-07 2.00887e-09
0.0138846 3.56178e-07 2.03167e-09
0.0138852 3.56541e-07 2.05446e-09
0.0138858 3.56903e-07 2.07724e-09
0.0138865 3.57266e-07 2.10002e-09
0.0138871 3.57628e-07 2.12279e-09
0.0138877 3.57989e-07 2.14555e-09
0.0138883 3.58351e-07 2.1683e-09
0.0138889 3.58712e-07 2.19104e-09
0.0138896 3.59073e-07 2.21378e-09
0.0138902 3.59434e-07 2.23651e-09
0.0138908 3.59794e-07 2.25924e-09
0.0138914 3.60154e-07 2.28196e-09
0.013892 3.60514e-07 2.30467e-09
0.0138927 3.60873e-07 2.32737e-09
0.0138933 3.61232e-07 2.35007e-09
0.0138939 3.61591e-07 2.37276e-09
0.0138945 3.6195e-07 2.39545e-09
0.0138952 3.62308e-07 2.41813e-09
0.0138958 3.62667e-07 2.4408e-09
0.0138964 3.63024e-07 2.46347e-09
0.013897 3.63382e-07 2.48613e-09
0.0138976 3.63739e-07 2.50878e-09
0.0138983 3.64096e-07 2.53142e-09
0.0138989 3.64453e-07 2.55406e-09
0.0138995 3.64809e-07 2.57669e-09
0.0139001 3.65165e-07 2.59931e-09
0.0139007 3.65521e-07 2.62192e-09
0.0139014 3.65877e-07 2.64453e-09
0.013902 3.66232e-07 2.66713e-09
0.0139026 3.66587e-07 2.68972e-09
0.0139032 3.66942e-07 2.71231e-09
0.0139039 3.67296e-07 2.73489e-09
0.0139045 3.6765e-07 2.75746e-09
0.0139051 3.68004e-07 2.78003e-09
0.0139057 3.68358e-07 2.80259e-09
0.0139063 3.68711e-07 2.82514e-09
0.013907 3.69064e-07 2.84768e-09
0.0139076 3.69417e-07 2.87022e-09
0.0139082 3.69769e-07 2.89275e-09
0.0139088 3.70121e-07 2.91527e-09
0.0139094 3.70473e-07 2.93778e-09
0.0139101 3.70825e-07 2.96029e-09
0.0139107 3.71176e-07 2.98279e-09
0.0139113 3.71527e-07 3.00528e-09
0.0139119 3.71878e-07 3.02777e-09
0.0139126 3.72228e-07 3.05025e-09
0.0139132 3.72578e-07 3.07272e-09
0.0139138 3.72928e-07 3.09518e-09
0.0139144 3.73277e-07 3.11764e-09
0.013915 3.73627e-07 3.14008e-09
0.0139157 3.73976e-07 3.16253e-09
0.0139163 3.74324e-07 3.18496e-09
0.0139169 3.74673e-07 3.20739e-09
0.0139175 3.75021e-07 3.2298e-09
0.0139181 3.75368e-07 3.25222e-09
0.0139188 3.75716e-07 3.27462e-09
0.0139194 3.76063e-07 3.29701e-09
0.01392 3.7641e-07 3.3194e-09
0.0139206 3.76756e-07 3.34178e-09
0.0139213 3.77103e-07 3.36416e-09
0.0139219 3.77449e-07 3.38652e-09
0.0139225 3.77794e-07 3.40888e-09
0.0139231 3.7814e-07 3.43123e-09
0.0139237 3.78485e-07 3.45357e-09
0.0139244 3.7883e-07 3.4759e-09
0.013925 3.79174e-07 3.49823e-09
0.0139256 3.79518e-07 3.52055e-09
0.0139262 3.79862e-07 3.54286e-09
0.0139268 3.80206e-07 3.56516e-09
0.0139275 3.80549e-07 3.58746e-09
0.0139281 3.80892e-07 3.60975e-09
0.0139287 3.81235e-07 3.63203e-09
0.0139293 3.81577e-07 3.6543e-09
0.0139299 3.81919e-07 3.67656e-09
0.0139306 3.82261e-07 3.69882e-09
0.0139312 3.82603e-07 3.72106e-09
0.0139318 3.82944e-07 3.7433e-09
0.0139324 3.83285e-07 3.76553e-09
0.0139331 3.83625e-07 3.78776e-09
0.0139337 3.83966e-07 3.80998e-09
0.0139343 3.84306e-07 3.83218e-09
0.0139349 3.84645e-07 3.85438e-09
0.0139355 3.84985e-07 3.87657e-09
0.0139362 3.85324e-07 3.89876e-09
0.0139368 3.85663e-07 3.92093e-09
0.0139374 3.86001e-07 3.9431e-09
0.013938 3.86339e-07 3.96526e-09
0.0139386 3.86677e-07 3.98741e-09
0.0139393 3.87015e-07 4.00956e-09
0.0139399 3.87352e-07 4.03169e-09
0.0139405 3.87689e-07 4.05382e-09
0.0139411 3.88026e-07 4.07594e-09
0.0139418 3.88362e-07 4.09805e-09
0.0139424 3.88698e-07 4.12015e-09
0.013943 3.89034e-07 4.14224e-09
0.0139436 3.89369e-07 4.16433e-09
0.0139442 3.89704e-07 4.18641e-09
0.0139449 3.90039e-07 4.20848e-09
0.0139455 3.90373e-07 4.23054e-09
0.0139461 3.90708e-07 4.25259e-09
0.0139467 3.91041e-07 4.27464e-09
0.0139473 3.91375e-07 4.29667e-09
0.013948 3.91708e-07 4.3187e-09
0.0139486 3.92041e-07 4.34072e-09
0.0139492 3.92374e-07 4.36273e-09
0.0139498 3.92706e-07 4.38474e-09
0.0139505 3.93038e-07 4.40673e-09
0.0139511 3.9337e-07 4.42871e-09
0.0139517 3.93701e-07 4.45069e-09
0.0139523 3.94032e-07 4.47266e-09
0.0139529 3.94363e-07 4.49462e-09
0.0139536 3.94694e-07 4.51658e-09
0.0139542 3.95024e-07 4.53852e-09
0.0139548 3.95353e-07 4.56045e-09
0.0139554 3.95683e-07 4.58238e-09
0.013956 3.96012e-07 4.6043e-09
0.0139567 3.96341e-07 4.6262e-09
0.0139573 3.9667e-07 4.6481e-09
0.0139579 3.96998e-07 4.66999e-09
0.0139585 3.97326e-07 4.69188e-09
0.0139591 3.97653e-07 4.71375e-09
0.0139598 3.97981e-07 4.73562e-09
0.0139604 3.98308e-07 4.75747e-09
0.013961 3.98634e-07 4.77932e-09
0.0139616 3.98961e-07 4.80116e-09
0.0139623 3.99287e-07 4.82298e-09
0.0139629 3.99612e-07 4.84481e-09
0.0139635 3.99938e-07 4.86662e-09
0.0139641 4.00263e-07 4.88842e-09
0.0139647 4.00588e-07 4.91021e-09
0.0139654 4.00912e-07 4.932e-09
0.013966 4.01236e-07 4.95377e-09
0.0139666 4.0156e-07 4.97554e-09
0.0139672 4.01883e-07 4.9973e-09
0.0139678 4.02206e-07 5.01905e-09
0.0139685 4.02529e-07 5.04079e-09
0.0139691 4.02852e-07 5.06252e-09
0.0139697 4.03174e-07 5.08424e-09
0.0139703 4.03496e-07 5.10595e-09
0.013971 4.03817e-07 5.12766e-09
0.0139716 4.04139e-07 5.14935e-09
0.0139722 4.0446e-07 5.17104e-09
0.0139728 4.0478e-07 5.19272e-09
0.0139734 4.051e-07 5.21438e-09
0.0139741 4.0542e-07 5.23604e-09
0.0139747 4.0574e-07 5.25769e-09
0.0139753 4.06059e-07 5.27933e-09
0.0139759 4.06378e-07 5.30096e-09
0.0139765 4.06697e-07 5.32258e-09
0.0139772 4.07015e-07 5.34419e-09
0.0139778 4.07333e-07 5.36579e-09
0.0139784 4.07651e-07 5.38739e-09
0.013979 4.07968e-07 5.40897e-09
0.0139797 4.08285e-07 5.43055e-09
0.0139803 4.08602e-07 5.45211e-09
0.0139809 4.08918e-07 5.47367e-09
0.0139815 4.09234e-07 5.49521e-09
0.0139821 4.0955e-07 5.51675e-09
0.0139828 4.09865e-07 5.53828e-09
0.0139834 4.1018e-07 5.5598e-09
0.013984 4.10495e-07 5.58131e-09
0.0139846 4.10809e-07 5.60281e-09
0.0139852 4.11123e-07 5.6243e-09
0.0139859 4.11437e-07 5.64578e-09
0.0139865 4.1175e-07 5.66725e-09
0.0139871 4.12063e-07 5.68871e-09
0.0139877 4.12376e-07 5.71016e-09
0.0139883 4.12689e-07 5.73161e-09
0.013989 4.13001e-07 5.75304e-09
0.0139896 4.13312e-07 5.77447e-09
0.0139902 4.13624e-07 5.79588e-09
0.0139908 4.13935e-07 5.81728e-09
0.0139915 4.14246e-07 5.83868e-09
0.0139921 4.14556e-07 5.86006e-09
0.0139927 4.14866e-07 5.88144e-09
0.0139933 4.15176e-07 5.9028e-09
0.0139939 4.15485e-07 5.92416e-09
0.0139946 4.15794e-07 5.94551e-09
0.0139952 4.16103e-07 5.96684e-09
0.0139958 4.16412e-07 5.98817e-09
0.0139964 4.1672e-07 6.00949e-09
0.013997 4.17027e-07 6.03079e-09
0.0139977 4.17335e-07 6.05209e-09
0.0139983 4.17642e-07 6.07338e-09
0.0139989 4.17949e-07 6.09466e-09
0.0139995 4.18255e-07 6.11593e-09
0.0140002 4.18561e-07 6.13718e-09
0.0140008 4.18867e-07 6.15843e-09
0.0140014 4.19172e-07 6.17967e-09
0.014002 4.19477e-07 6.20089e-09
0.0140026 4.19782e-07 6.22211e-09
0.0140033 4.20086e-07 6.24332e-09
0.0140039 4.2039e-07 6.26452e-09
0.0140045 4.20694e-07 6.28571e-09
0.0140051 4.20997e-07 6.30688e-09
0.0140057 4.213e-07 6.32805e-09
0.0140064 4.21603e-07 6.34921e-09
0.014007 4.21906e-07 6.37035e-09
0.0140076 4.22208e-07 6.39149e-09
0.0140082 4.22509e-07 6.41262e-09
0.0140089 4.22811e-07 6.43374e-09
0.0140095 4.23112e-07 6.45484e-09
0.0140101 4.23412e-07 6.47594e-09
0.0140107 4.23712e-07 6.49702e-09
0.0140113 4.24012e-07 6.5181e-09
0.014012 4.24312e-07 6.53916e-09
0.0140126 4.24611e-07 6.56022e-09
0.0140132 4.2491e-07 6.58126e-09
0.0140138 4.25209e-07 6.6023e-09
0.0140144 4.25507e-07 6.62333e-09
0.0140151 4.25805e-07 6.64434e-09
0.0140157 4.26103e-07 6.66535e-09
0.0140163 4.264e-07 6.68634e-09
0.0140169 4.26697e-07 6.70732e-09
0.0140175 4.26993e-07 6.72829e-09
0.0140182 4.2729e-07 6.74925e-09
0.0140188 4.27585e-07 6.77021e-09
0.0140194 4.27881e-07 6.79115e-09
0.01402 4.28176e-07 6.81208e-09
0.0140207 4.28471e-07 6.833e-09
0.0140213 4.28765e-07 6.85391e-09
0.0140219 4.29059e-07 6.87481e-09
0.0140225 4.29353e-07 6.8957e-09
0.0140231 4.29647e-07 6.91658e-09
0.0140238 4.2994e-07 6.93745e-09
0.0140244 4.30233e-07 6.95831e-09
0.014025 4.30525e-07 6.97915e-09
0.0140256 4.30817e-07 6.99999e-09
0.0140262 4.31109e-07 7.02082e-09
0.0140269 4.314e-07 7.04163e-09
0.0140275 4.31691e-07 7.06243e-09
0.0140281 4.31982e-07 7.08323e-09
0.0140287 4.32272e-07 7.10401e-09
0.0140294 4.32562e-07 7.12478e-09
0.01403 4.32852e-07 7.14554e-09
0.0140306 4.33141e-07 7.1663e-09
0.0140312 4.3343e-07 7.18704e-09
0.0140318 4.33718e-07 7.20777e-09
0.0140325 4.34006e-07 7.22848e-09
0.0140331 4.34294e-07 7.24919e-09
0.0140337 4.34582e-07 7.26989e-09
0.0140343 4.34869e-07 7.29057e-09
0.0140349 4.35156e-07 7.31125e-09
0.0140356 4.35442e-07 7.33192e-09
0.0140362 4.35728e-07 7.35257e-09
0.0140368 4.36014e-07 7.37321e-09
0.0140374 4.363e-07 7.39384e-09
0.0140381 4.36585e-07 7.41446e-09
0.0140387 4.36869e-07 7.43508e-09
0.0140393 4.37154e-07 7.45567e-09
0.0140399 4.37438e-07 7.47626e-09
0.0140405 4.37721e-07 7.49684e-09
0.0140412 4.38004e-07 7.5174e-09
0.0140418 4.38287e-07 7.53796e-09
0.0140424 4.3857e-07 7.5585e-09
0.014043 4.38852e-07 7.57904e-09
0.0140436 4.39134e-07 7.59956e-09
0.0140443 4.39416e-07 7.62007e-09
0.0140449 4.39697e-07 7.64057e-09
0.0140455 4.39977e-07 7.66106e-09
0.0140461 4.40258e-07 7.68154e-09
0.0140468 4.40538e-07 7.702e-09
0.0140474 4.40818e-07 7.72246e-09
0.014048 4.41097e-07 7.7429e-09
0.0140486 4.41376e-07 7.76334e-09
0.0140492 4.41655e-07 7.78376e-09
0.0140499 4.41933e-07 7.80417e-09
0.0140505 4.42211e-07 7.82457e-09
0.0140511 4.42489e-07 7.84496e-09
0.0140517 4.42766e-07 7.86533e-09
0.0140523 4.43043e-07 7.8857e-09
0.014053 4.43319e-07 7.90605e-09
0.0140536 4.43595e-07 7.9264e-09
0.0140542 4.43871e-07 7.94673e-09
0.0140548 4.44146e-07 7.96705e-09
0.0140554 4.44422e-07 7.98736e-09
0.0140561 4.44696e-07 8.00765e-09
0.0140567 4.44971e-07 8.02794e-09
0.0140573 4.45245e-07 8.04822e-09
0.0140579 4.45518e-07 8.06848e-09
0.0140586 4.45791e-07 8.08873e-09
0.0140592 4.46064e-07 8.10897e-09
0.0140598 4.46337e-07 8.1292e-09
0.0140604 4.46609e-07 8.14942e-09
0.014061 4.46881e-07 8.16962e-09
0.0140617 4.47152e-07 8.18982e-09
0.0140623 4.47423e-07 8.21e-09
0.0140629 4.47694e-07 8.23017e-09
0.0140635 4.47965e-07 8.25034e-09
0.0140641 4.48235e-07 8.27048e-09
0.0140648 4.48504e-07 8.29062e-09
0.0140654 4.48773e-07 8.31075e-09
0.014066 4.49042e-07 8.33086e-09
0.0140666 4.49311e-07 8.35096e-09
0.0140673 4.49579e-07 8.37105e-09
0.0140679 4.49847e-07 8.39113e-09
0.0140685 4.50114e-07 8.4112e-09
0.0140691 4.50381e-07 8.43126e-09
0.0140697 4.50648e-07 8.4513e-09
0.0140704 4.50914e-07 8.47133e-09
0.014071 4.5118e-07 8.49135e-09
0.0140716 4.51446e-07 8.51136e-09
0.0140722 4.51711e-07 8.53136e-09
0.0140728 4.51976e-07 8.55134e-09
0.0140735 4.52241e-07 8.57132e-09
0.0140741 4.52505e-07 8.59128e-09
0.0140747 4.52769e-07 8.61123e-09
0.0140753 4.53032e-07 8.63117e-09
0.014076 4.53295e-07 8.65109e-09
0.0140766 4.53558e-07 8.67101e-09
0.0140772 4.5382e-07 8.69091e-09
0.0140778 4.54082e-07 8.7108e-09
0.0140784 4.54344e-07 8.73068e-09
0.0140791 4.54605e-07 8.75055e-09
0.0140797 4.54866e-07 8.7704e-09
0.0140803 4.55126e-07 8.79025e-09
0.0140809 4.55386e-07 8.81008e-09
0.0140815 4.55646e-07 8.8299e-09
0.0140822 4.55906e-07 8.8497e-09
0.0140828 4.56165e-07 8.8695e-09
0.0140834 4.56423e-07 8.88928e-09
0.014084 4.56681e-07 8.90905e-09
0.0140846 4.56939e-07 8.92881e-09
0.0140853 4.57197e-07 8.94856e-09
0.0140859 4.57454e-07 8.96829e-09
0.0140865 4.57711e-07 8.98802e-09
0.0140871 4.57967e-07 9.00773e-09
0.0140878 4.58223e-07 9.02742e-09
0.0140884 4.58479e-07 9.04711e-09
0.014089 4.58734e-07 9.06678e-09
0.0140896 4.58989e-07 9.08644e-09
0.0140902 4.59244e-07 9.10609e-09
0.0140909 4.59498e-07 9.12573e-09
0.0140915 4.59751e-07 9.14536e-09
0.0140921 4.60005e-07 9.16497e-09
0.0140927 4.60258e-07 9.18457e-09
0.0140933 4.60511e-07 9.20416e-09
0.014094 4.60763e-07 9.22373e-09
0.0140946 4.61015e-07 9.2433e-09
0.0140952 4.61266e-07 9.26285e-09
0.0140958 4.61518e-07 9.28239e-09
0.0140965 4.61768e-07 9.30192e-09
0.0140971 4.62019e-07 9.32143e-09
0.0140977 4.62269e-07 9.34093e-09
0.0140983 4.62519e-07 9.36042e-09
0.0140989 4.62768e-07 9.3799e-09
0.0140996 4.63017e-07 9.39936e-09
0.0141002 4.63265e-07 9.41881e-09
0.0141008 4.63513e-07 9.43825e-09
0.0141014 4.63761e-07 9.45768e-09
0.014102 4.64009e-07 9.4771e-09
0.0141027 4.64256e-07 9.4965e-09
0.0141033 4.64502e-07 9.51589e-09
0.0141039 4.64749e-07 9.53526e-09
0.0141045 4.64995e-07 9.55463e-09
0.0141052 4.6524e-07 9.57398e-09
0.0141058 4.65485e-07 9.59332e-09
0.0141064 4.6573e-07 9.61265e-09
0.014107 4.65974e-07 9.63196e-09
0.0141076 4.66218e-07 9.65126e-09
0.0141083 4.66462e-07 9.67055e-09
0.0141089 4.66705e-07 9.68983e-09
0.0141095 4.66948e-07 9.70909e-09
0.0141101 4.67191e-07 9.72834e-09
0.0141107 4.67433e-07 9.74758e-09
0.0141114 4.67675e-07 9.7668e-09
0.014112 4.67916e-07 9.78601e-09
0.0141126 4.68157e-07 9.80521e-09
0.0141132 4.68398e-07 9.8244e-09
0.0141138 4.68638e-07 9.84358e-09
0.0141145 4.68878e-07 9.86274e-09
0.0141151 4.69117e-07 9.88189e-09
0.0141157 4.69356e-07 9.90102e-09
0.0141163 4.69595e-07 9.92015e-09
0.014117 4.69833e-07 9.93925e-09
0.0141176 4.70071e-07 9.95835e-09
0.0141182 4.70309e-07 9.97744e-09
0.0141188 4.70546e-07 9.99651e-09
0.0141194 4.70783e-07 1.00156e-08
0.0141201 4.71019e-07 1.00346e-08
0.0141207 4.71255e-07 1.00536e-08
0.0141213 4.71491e-07 1.00727e-08
0.0141219 4.71726e-07 1.00917e-08
0.0141225 4.71961e-07 1.01107e-08
0.0141232 4.72195e-07 1.01296e-08
0.0141238 4.72429e-07 1.01486e-08
0.0141244 4.72663e-07 1.01676e-08
0.014125 4.72896e-07 1.01865e-08
0.0141257 4.73129e-07 1.02054e-08
0.0141263 4.73362e-07 1.02244e-08
0.0141269 4.73594e-07 1.02433e-08
0.0141275 4.73826e-07 1.02621e-08
0.0141281 4.74057e-07 1.0281e-08
0.0141288 4.74288e-07 1.02999e-08
0.0141294 4.74519e-07 1.03187e-08
0.01413 4.74749e-07 1.03376e-08
0.0141306 4.74979e-07 1.03564e-08
0.0141312 4.75209e-07 1.03752e-08
0.0141319 4.75438e-07 1.0394e-08
0.0141325 4.75667e-07 1.04128e-08
0.0141331 4.75895e-07 1.04316e-08
0.0141337 4.76123e-07 1.04503e-08
0.0141344 4.7635e-07 1.04691e-08
0.014135 4.76578e-07 1.04878e-08
0.0141356 4.76804e-07 1.05065e-08
0.0141362 4.77031e-07 1.05252e-08
0.0141368 4.77257e-07 1.05439e-08
0.0141375 4.77482e-07 1.05626e-08
0.0141381 4.77708e-07 1.05812e-08
0.0141387 4.77932e-07 1.05999e-08
0.0141393 4.78157e-07 1.06185e-08
0.0141399 4.78381e-07 1.06372e-08
0.0141406 4.78605e-07 1.06558e-08
0.0141412 4.78828e-07 1.06744e-08
0.0141418 4.79051e-07 1.0693e-08
0.0141424 4.79273e-07 1.07115e-08
0.0141431 4.79495e-07 1.07301e-08
0.0141437 4.79717e-07 1.07486e-08
0.0141443 4.79938e-07 1.07672e-08
0.0141449 4.80159e-07 1.07857e-08
0.0141455 4.8038e-07 1.08042e-08
0.0141462 4.806e-07 1.08227e-08
0.0141468 4.8082e-07 1.08411e-08
0.0141474 4.81039e-07 1.08596e-08
0.014148 4.81258e-07 1.08781e-08
0.0141486 4.81477e-07 1.08965e-08
0.0141493 4.81695e-07 1.09149e-08
0.0141499 4.81913e-07 1.09333e-08
0.0141505 4.8213e-07 1.09517e-08
0.0141511 4.82347e-07 1.09701e-08
0.0141517 4.82564e-07 1.09885e-08
0.0141524 4.8278e-07 1.10068e-08
0.014153 4.82996e-07 1.10252e-08
0.0141536 4.83212e-07 1.10435e-08
0.0141542 4.83427e-07 1.10618e-08
0.0141549 4.83641e-07 1.10801e-08
0.0141555 4.83856e-07 1.10984e-08
0.0141561 4.8407e-07 1.11167e-08
0.0141567 4.84283e-07 1.11349e-08
0.0141573 4.84496e-07 1.11532e-08
0.014158 4.84709e-07 1.11714e-08
0.0141586 4.84921e-07 1.11896e-08
0.0141592 4.85133e-07 1.12078e-08
0.0141598 4.85345e-07 1.1226e-08
0.0141604 4.85556e-07 1.12442e-08
0.0141611 4.85767e-07 1.12623e-08
0.0141617 4.85977e-07 1.12805e-08
0.0141623 4.86187e-07 1.12986e-08
0.0141629 4.86397e-07 1.13167e-08
0.0141636 4.86606e-07 1.13349e-08
0.0141642 4.86815e-07 1.13529e-08
0.0141648 4.87023e-07 1.1371e-08
0.0141654 4.87231e-07 1.13891e-08
0.014166 4.87439e-07 1.14071e-08
0.0141667 4.87646e-07 1.14252e-08
0.0141673 4.87853e-07 1.14432e-08
0.0141679 4.88059e-07 1.14612e-08
0.0141685 4.88265e-07 1.14792e-08
0.0141691 4.88471e-07 1.14972e-08
0.0141698 4.88676e-07 1.15152e-08
0.0141704 4.88881e-07 1.15331e-08
0.014171 4.89085e-07 1.1551e-08
0.0141716 4.89289e-07 1.1569e-08
0.0141723 4.89493e-07 1.15869e-08
0.0141729 4.89696e-07 1.16048e-08
0.0141735 4.89899e-07 1.16227e-08
0.0141741 4.90101e-07 1.16405e-08
0.0141747 4.90303e-07 1.16584e-08
0.0141754 4.90505e-07 1.16762e-08
0.014176 4.90706e-07 1.1694e-08
0.0141766 4.90907e-07 1.17119e-08
0.0141772 4.91107e-07 1.17297e-08
0.0141778 4.91307e-07 1.17474e-08
0.0141785 4.91507e-07 1.17652e-08
0.0141791 4.91706e-07 1.1783e-08
0.0141797 4.91905e-07 1.18007e-08
0.0141803 4.92104e-07 1.18184e-08
0.0141809 4.92302e-07 1.18361e-08
0.0141816 4.92499e-07 1.18538e-08
0.0141822 4.92696e-07 1.18715e-08
0.0141828 4.92893e-07 1.18892e-08
0.0141834 4.9309e-07 1.19069e-08
0.0141841 4.93286e-07 1.19245e-08
0.0141847 4.93481e-07 1.19421e-08
0.0141853 4.93677e-07 1.19597e-08
0.0141859 4.93872e-07 1.19773e-08
0.0141865 4.94066e-07 1.19949e-08
0.0141872 4.9426e-07 1.20125e-08
0.0141878 4.94454e-07 1.203e-08
0.0141884 4.94647e-07 1.20476e-08
0.014189 4.9484e-07 1.20651e-08
0.0141896 4.95032e-07 1.20826e-08
0.0141903 4.95224e-07 1.21001e-08
0.0141909 4.95416e-07 1.21176e-08
0.0141915 4.95607e-07 1.21351e-08
0.0141921 4.95798e-07 1.21525e-08
0.0141928 4.95988e-07 1.217e-08
0.0141934 4.96178e-07 1.21874e-08
0.014194 4.96368e-07 1.22048e-08
0.0141946 4.96557e-07 1.22222e-08
0.0141952 4.96746e-07 1.22396e-08
0.0141959 4.96935e-07 1.22569e-08
0.0141965 4.97123e-07 1.22743e-08
0.0141971 4.9731e-07 1.22916e-08
0.0141977 4.97497e-07 1.2309e-08
0.0141983 4.97684e-07 1.23263e-08
0.014199 4.97871e-07 1.23436e-08
0.0141996 4.98057e-07 1.23608e-08
0.0142002 4.98242e-07 1.23781e-08
0.0142008 4.98427e-07 1.23953e-08
0.0142015 4.98612e-07 1.24126e-08
0.0142021 4.98796e-07 1.24298e-08
0.0142027 4.9898e-07 1.2447e-08
0.0142033 4.99164e-07 1.24642e-08
0.0142039 4.99347e-07 1.24814e-08
0.0142046 4.9953e-07 1.24985e-08
0.0142052 4.99712e-07 1.25157e-08
0.0142058 4.99894e-07 1.25328e-08
0.0142064 5.00076e-07 1.25499e-08
0.014207 5.00257e-07 1.2567e-08
0.0142077 5.00438e-07 1.25841e-08
0.0142083 5.00618e-07 1.26012e-08
0.0142089 5.00798e-07 1.26183e-08
0.0142095 5.00977e-07 1.26353e-08
0.0142101 5.01157e-07 1.26523e-08
0.0142108 5.01335e-07 1.26693e-08
0.0142114 5.01514e-07 1.26863e-08
0.014212 5.01691e-07 1.27033e-08
0.0142126 5.01869e-07 1.27203e-08
0.0142133 5.02046e-07 1.27372e-08
0.0142139 5.02223e-07 1.27542e-08
0.0142145 5.02399e-07 1.27711e-08
0.0142151 5.02575e-07 1.2788e-08
0.0142157 5.0275e-07 1.28049e-08
0.0142164 5.02925e-07 1.28218e-08
0.014217 5.031e-07 1.28387e-08
0.0142176 5.03274e-07 1.28555e-08
0.0142182 5.03448e-07 1.28723e-08
0.0142188 5.03621e-07 1.28892e-08
0.0142195 5.03794e-07 1.2906e-08
0.0142201 5.03967e-07 1.29228e-08
0.0142207 5.04139e-07 1.29395e-08
0.0142213 5.04311e-07 1.29563e-08
0.014222 5.04482e-07 1.2973e-08
0.0142226 5.04653e-07 1.29898e-08
0.0142232 5.04824e-07 1.30065e-08
0.0142238 5.04994e-07 1.30232e-08
0.0142244 5.05164e-07 1.30399e-08
0.0142251 5.05333e-07 1.30565e-08
0.0142257 5.05502e-07 1.30732e-08
0.0142263 5.05671e-07 1.30898e-08
0.0142269 5.05839e-07 1.31064e-08
0.0142275 5.06006e-07 1.31231e-08
0.0142282 5.06174e-07 1.31397e-08
0.0142288 5.06341e-07 1.31562e-08
0.0142294 5.06507e-07 1.31728e-08
0.01423 5.06673e-07 1.31893e-08
0.0142307 5.06839e-07 1.32059e-08
0.0142313 5.07004e-07 1.32224e-08
0.0142319 5.07169e-07 1.32389e-08
0.0142325 5.07333e-07 1.32554e-08
0.0142331 5.07497e-07 1.32718e-08
0.0142338 5.07661e-07 1.32883e-08
0.0142344 5.07824e-07 1.33047e-08
0.014235 5.07987e-07 1.33212e-08
0.0142356 5.08149e-07 1.33376e-08
0.0142362 5.08311e-07 1.3354e-08
0.0142369 5.08473e-07 1.33704e-08
0.0142375 5.08634e-07 1.33867e-08
0.0142381 5.08794e-07 1.34031e-08
0.0142387 5.08955e-07 1.34194e-08
0.0142394 5.09115e-07 1.34357e-08
0.01424 5.09274e-07 1.3452e-08
0.0142406 5.09433e-07 1.34683e-08
0.0142412 5.09592e-07 1.34846e-08
0.0142418 5.0975e-07 1.35008e-08
0.0142425 5.09908e-07 1.35171e-08
0.0142431 5.10065e-07 1.35333e-08
0.0142437 5.10222e-07 1.35495e-08
0.0142443 5.10379e-07 1.35657e-08
0.0142449 5.10535e-07 1.35819e-08
0.0142456 5.10691e-07 1.3598e-08
0.0142462 5.10846e-07 1.36142e-08
0.0142468 5.11001e-07 1.36303e-08
0.0142474 5.11156e-07 1.36464e-08
0.014248 5.1131e-07 1.36625e-08
0.0142487 5.11464e-07 1.36786e-08
0.0142493 5.11617e-07 1.36947e-08
0.0142499 5.1177e-07 1.37107e-08
0.0142505 5.11922e-07 1.37268e-08
0.0142512 5.12074e-07 1.37428e-08
0.0142518 5.12226e-07 1.37588e-08
0.0142524 5.12377e-07 1.37748e-08
0.014253 5.12528e-07 1.37908e-08
0.0142536 5.12678e-07 1.38067e-08
0.0142543 5.12828e-07 1.38227e-08
0.0142549 5.12978e-07 1.38386e-08
0.0142555 5.13127e-07 1.38545e-08
0.0142561 5.13276e-07 1.38704e-08
0.0142567 5.13424e-07 1.38863e-08
0.0142574 5.13572e-07 1.39022e-08
0.014258 5.13719e-07 1.3918e-08
0.0142586 5.13867e-07 1.39339e-08
0.0142592 5.14013e-07 1.39497e-08
0.0142599 5.14159e-07 1.39655e-08
0.0142605 5.14305e-07 1.39813e-08
0.0142611 5.14451e-07 1.3997e-08
0.0142617 5.14596e-07 1.40128e-08
0.0142623 5.1474e-07 1.40285e-08
0.014263 5.14885e-07 1.40443e-08
0.0142636 5.15028e-07 1.406e-08
0.0142642 5.15172e-07 1.40757e-08
0.0142648 5.15315e-07 1.40913e-08
0.0142654 5.15457e-07 1.4107e-08
0.0142661 5.15599e-07 1.41226e-08
0.0142667 5.15741e-07 1.41383e-08
0.0142673 5.15882e-07 1.41539e-08
0.0142679 5.16023e-07 1.41695e-08
0.0142686 5.16163e-07 1.41851e-08
0.0142692 5.16303e-07 1.42006e-08
0.0142698 5.16443e-07 1.42162e-08
0.0142704 5.16582e-07 1.42317e-08
0.014271 5.16721e-07 1.42472e-08
0.0142717 5.16859e-07 1.42627e-08
0.0142723 5.16997e-07 1.42782e-08
0.0142729 5.17135e-07 1.42937e-08
0.0142735 5.17272e-07 1.43091e-08
0.0142741 5.17409e-07 1.43246e-08
0.0142748 5.17545e-07 1.434e-08
0.0142754 5.17681e-07 1.43554e-08
0.014276 5.17816e-07 1.43708e-08
0.0142766 5.17951e-07 1.43861e-08
0.0142772 5.18086e-07 1.44015e-08
0.0142779 5.1822e-07 1.44168e-08
0.0142785 5.18354e-07 1.44322e-08
0.0142791 5.18487e-07 1.44475e-08
0.0142797 5.1862e-07 1.44628e-08
0.0142804 5.18753e-07 1.4478e-08
0.014281 5.18885e-07 1.44933e-08
0.0142816 5.19016e-07 1.45085e-08
0.0142822 5.19148e-07 1.45238e-08
0.0142828 5.19278e-07 1.4539e-08
0.0142835 5.19409e-07 1.45542e-08
0.0142841 5.19539e-07 1.45694e-08
0.0142847 5.19669e-07 1.45845e-08
0.0142853 5.19798e-07 1.45997e-08
0.0142859 5.19926e-07 1.46148e-08
0.0142866 5.20055e-07 1.46299e-08
0.0142872 5.20183e-07 1.4645e-08
0.0142878 5.2031e-07 1.46601e-08
0.0142884 5.20437e-07 1.46752e-08
0.0142891 5.20564e-07 1.46902e-08
0.0142897 5.2069e-07 1.47052e-08
0.0142903 5.20816e-07 1.47203e-08
0.0142909 5.20941e-07 1.47353e-08
0.0142915 5.21066e-07 1.47502e-08
0.0142922 5.21191e-07 1.47652e-08
0.0142928 5.21315e-07 1.47802e-08
0.0142934 5.21439e-07 1.47951e-08
0.014294 5.21562e-07 1.481e-08
0.0142946 5.21685e-07 1.48249e-08
0.0142953 5.21808e-07 1.48398e-08
0.0142959 5.2193e-07 1.48547e-08
0.0142965 5.22051e-07 1.48695e-08
0.0142971 5.22172e-07 1.48844e-08
0.0142978 5.22293e-07 1.48992e-08
0.0142984 5.22414e-07 1.4914e-08
0.014299 5.22534e-07 1.49288e-08
0.0142996 5.22653e-07 1.49435e-08
0.0143002 5.22772e-07 1.49583e-08
0.0143009 5.22891e-07 1.4973e-08
0.0143015 5.23009e-07 1.49877e-08
0.0143021 5.23127e-07 1.50024e-08
0.0143027 5.23244e-07 1.50171e-08
0.0143033 5.23361e-07 1.50318e-08
0.014304 5.23478e-07 1.50465e-08
0.0143046 5.23594e-07 1.50611e-08
0.0143052 5.2371e-07 1.50757e-08
0.0143058 5.23825e-07 1.50903e-08
0.0143064 5.2394e-07 1.51049e-08
0.0143071 5.24055e-07 1.51195e-08
0.0143077 5.24169e-07 1.5134e-08
0.0143083 5.24282e-07 1.51486e-08
0.0143089 5.24396e-07 1.51631e-08
0.0143096 5.24508e-07 1.51776e-08
0.0143102 5.24621e-07 1.51921e-08
0.0143108 5.24733e-07 1.52066e-08
0.0143114 5.24844e-07 1.5221e-08
0.014312 5.24956e-07 1.52355e-08
0.0143127 5.25066e-07 1.52499e-08
0.0143133 5.25177e-07 1.52643e-08
0.0143139 5.25286e-07 1.52787e-08
0.0143145 5.25396e-07 1.5293e-08
0.0143151 5.25505e-07 1.53074e-08
0.0143158 5.25613e-07 1.53217e-08
0.0143164 5.25722e-07 1.53361e-08
0.014317 5.25829e-07 1.53504e-08
0.0143176 5.25937e-07 1.53646e-08
0.0143183 5.26044e-07 1.53789e-08
0.0143189 5.2615e-07 1.53932e-08
0.0143195 5.26256e-07 1.54074e-08
0.0143201 5.26362e-07 1.54216e-08
0.0143207 5.26467e-07 1.54358e-08
0.0143214 5.26572e-07 1.545e-08
0.014322 5.26676e-07 1.54642e-08
0.0143226 5.2678e-07 1.54783e-08
0.0143232 5.26884e-07 1.54925e-08
0.0143238 5.26987e-07 1.55066e-08
0.0143245 5.2709e-07 1.55207e-08
0.0143251 5.27192e-07 1.55348e-08
0.0143257 5.27294e-07 1.55489e-08
0.0143263 5.27395e-07 1.55629e-08
0.014327 5.27496e-07 1.55769e-08
0.0143276 5.27597e-07 1.5591e-08
0.0143282 5.27697e-07 1.5605e-08
0.0143288 5.27797e-07 1.5619e-08
0.0143294 5.27896e-07 1.56329e-08
0.0143301 5.27995e-07 1.56469e-08
0.0143307 5.28093e-07 1.56608e-08
0.0143313 5.28191e-07 1.56747e-08
0.0143319 5.28289e-07 1.56886e-08
0.0143325 5.28386e-07 1.57025e-08
0.0143332 5.28483e-07 1.57164e-08
0.0143338 5.28579e-07 1.57302e-08
0.0143344 5.28675e-07 1.5744e-08
0.014335 5.28771e-07 1.57579e-08
0.0143357 5.28866e-07 1.57717e-08
0.0143363 5.28961e-07 1.57854e-08
0.0143369 5.29055e-07 1.57992e-08
0.0143375 5.29149e-07 1.58129e-08
0.0143381 5.29242e-07 1.58267e-08
0.0143388 5.29335e-07 1.58404e-08
0.0143394 5.29428e-07 1.58541e-08
0.01434 5.2952e-07 1.58678e-08
0.0143406 5.29612e-07 1.58814e-08
0.0143412 5.29703e-07 1.58951e-08
0.0143419 5.29794e-07 1.59087e-08
0.0143425 5.29884e-07 1.59223e-08
0.0143431 5.29974e-07 1.59359e-08
0.0143437 5.30064e-07 1.59495e-08
0.0143443 5.30153e-07 1.5963e-08
0.014345 5.30242e-07 1.59766e-08
0.0143456 5.3033e-07 1.59901e-08
0.0143462 5.30418e-07 1.60036e-08
0.0143468 5.30506e-07 1.60171e-08
0.0143475 5.30593e-07 1.60306e-08
0.0143481 5.30679e-07 1.6044e-08
0.0143487 5.30765e-07 1.60574e-08
0.0143493 5.30851e-07 1.60709e-08
0.0143499 5.30937e-07 1.60843e-08
0.0143506 5.31022e-07 1.60977e-08
0.0143512 5.31106e-07 1.6111e-08
0.0143518 5.3119e-07 1.61244e-08
0.0143524 5.31274e-07 1.61377e-08
0.014353 5.31357e-07 1.6151e-08
0.0143537 5.3144e-07 1.61643e-08
0.0143543 5.31522e-07 1.61776e-08
0.0143549 5.31604e-07 1.61909e-08
0.0143555 5.31686e-07 1.62041e-08
0.0143562 5.31767e-07 1.62173e-08
0.0143568 5.31848e-07 1.62306e-08
0.0143574 5.31928e-07 1.62438e-08
0.014358 5.32008e-07 1.62569e-08
0.0143586 5.32087e-07 1.62701e-08
0.0143593 5.32166e-07 1.62832e-08
0.0143599 5.32245e-07 1.62964e-08
0.0143605 5.32323e-07 1.63095e-08
0.0143611 5.32401e-07 1.63226e-08
0.0143617 5.32478e-07 1.63356e-08
0.0143624 5.32555e-07 1.63487e-08
0.014363 5.32632e-07 1.63617e-08
0.0143636 5.32708e-07 1.63747e-08
0.0143642 5.32783e-07 1.63877e-08
0.0143649 5.32858e-07 1.64007e-08
0.0143655 5.32933e-07 1.64137e-08
0.0143661 5.33008e-07 1.64266e-08
0.0143667 5.33082e-07 1.64396e-08
0.0143673 5.33155e-07 1.64525e-08
0.014368 5.33228e-07 1.64654e-08
0.0143686 5.33301e-07 1.64783e-08
0.0143692 5.33373e-07 1.64911e-08
0.0143698 5.33445e-07 1.6504e-08
0.0143704 5.33569e-07 1.65168e-08
0.0143711 5.33721e-07 1.65296e-08
0.0143717 5.33872e-07 1.65424e-08
0.0143723 5.34023e-07 1.65552e-08
0.0143729 5.34173e-07 1.65679e-08
0.0143735 5.34323e-07 1.65807e-08
0.0143742 5.34472e-07 1.65934e-08
0.0143748 5.34621e-07 1.66061e-08
0.0143754 5.3477e-07 1.66188e-08
0.014376 5.34918e-07 1.66315e-08
0.0143767 5.35066e-07 1.66441e-08
0.0143773 5.35213e-07 1.66567e-08
0.0143779 5.3536e-07 1.66694e-08
0.0143785 5.35506e-07 1.6682e-08
0.0143791 5.35652e-07 1.66945e-08
0.0143798 5.35798e-07 1.67071e-08
0.0143804 5.35943e-07 1.67196e-08
0.014381 5.36088e-07 1.67322e-08
0.0143816 5.36232e-07 1.67447e-08
0.0143822 5.36376e-07 1.67572e-08
0.0143829 5.36519e-07 1.67697e-08
0.0143835 5.36662e-07 1.67821e-08
0.0143841 5.36805e-07 1.67945e-08
0.0143847 5.36947e-07 1.6807e-08
0.0143854 5.37089e-07 1.68194e-08
0.014386 5.3723e-07 1.68318e-08
0.0143866 5.37371e-07 1.68441e-08
0.0143872 5.37512e-07 1.68565e-08
0.0143878 5.37652e-07 1.68688e-08
0.0143885 5.37791e-07 1.68811e-08
0.0143891 5.3793e-07 1.68934e-08
0.0143897 5.38069e-07 1.69057e-08
0.0143903 5.38208e-07 1.6918e-08
0.0143909 5.38345e-07 1.69302e-08
0.0143916 5.38483e-07 1.69424e-08
0.0143922 5.3862e-07 1.69546e-08
0.0143928 5.38757e-07 1.69668e-08
0.0143934 5.38893e-07 1.6979e-08
0.0143941 5.39029e-07 1.69911e-08
0.0143947 5.39164e-07 1.70033e-08
0.0143953 5.39299e-07 1.70154e-08
0.0143959 5.39433e-07 1.70275e-08
0.0143965 5.39567e-07 1.70396e-08
0.0143972 5.39701e-07 1.70516e-08
0.0143978 5.39834e-07 1.70637e-08
0.0143984 5.39967e-07 1.70757e-08
0.014399 5.40099e-07 1.70877e-08
0.0143996 5.40231e-07 1.70997e-08
0.0144003 5.40363e-07 1.71117e-08
0.0144009 5.40494e-07 1.71236e-08
0.0144015 5.40624e-07 1.71356e-08
0.0144021 5.40755e-07 1.71475e-08
0.0144027 5.40884e-07 1.71594e-08
0.0144034 5.41014e-07 1.71713e-08
0.014404 5.41143e-07 1.71832e-08
0.0144046 5.41271e-07 1.7195e-08
0.0144052 5.41399e-07 1.72068e-08
0.0144059 5.41527e-07 1.72186e-08
0.0144065 5.41654e-07 1.72304e-08
0.0144071 5.41781e-07 1.72422e-08
0.0144077 5.41907e-07 1.7254e-08
0.0144083 5.42033e-07 1.72657e-08
0.014409 5.42158e-07 1.72774e-08
0.0144096 5.42283e-07 1.72891e-08
0.0144102 5.42408e-07 1.73008e-08
0.0144108 5.42532e-07 1.73125e-08
0.0144114 5.42656e-07 1.73241e-08
0.0144121 5.42779e-07 1.73358e-08
0.0144127 5.42902e-07 1.73474e-08
0.0144133 5.43025e-07 1.7359e-08
0.0144139 5.43147e-07 1.73705e-08
0.0144146 5.43268e-07 1.73821e-08
0.0144152 5.43389e-07 1.73936e-08
0.0144158 5.4351e-07 1.74052e-08
0.0144164 5.43631e-07 1.74167e-08
0.014417 5.4375e-07 1.74282e-08
0.0144177 5.4387e-07 1.74396e-08
0.0144183 5.43989e-07 1.74511e-08
0.0144189 5.44107e-07 1.74625e-08
0.0144195 5.44226e-07 1.74739e-08
0.0144201 5.44343e-07 1.74853e-08
0.0144208 5.44461e-07 1.74967e-08
0.0144214 5.44578e-07 1.7508e-08
0.014422 5.44694e-07 1.75194e-08
0.0144226 5.4481e-07 1.75307e-08
0.0144233 5.44926e-07 1.7542e-08
0.0144239 5.45041e-07 1.75533e-08
0.0144245 5.45155e-07 1.75646e-08
0.0144251 5.4527e-07 1.75758e-08
0.0144257 5.45384e-07 1.7587e-08
0.0144264 5.45497e-07 1.75982e-08
0.014427 5.4561e-07 1.76094e-08
0.0144276 5.45723e-07 1.76206e-08
0.0144282 5.45835e-07 1.76318e-08
0.0144288 5.45946e-07 1.76429e-08
0.0144295 5.46058e-07 1.7654e-08
0.0144301 5.46169e-07 1.76651e-08
0.0144307 5.46279e-07 1.76762e-08
0.0144313 5.46389e-07 1.76873e-08
0.014432 5.46498e-07 1.76983e-08
0.0144326 5.46608e-07 1.77094e-08
0.0144332 5.46716e-07 1.77204e-08
0.0144338 5.46825e-07 1.77314e-08
0.0144344 5.46932e-07 1.77423e-08
0.0144351 5.4704e-07 1.77533e-08
0.0144357 5.47147e-07 1.77642e-08
0.0144363 5.47253e-07 1.77751e-08
0.0144369 5.47359e-07 1.7786e-08
0.0144375 5.47465e-07 1.77969e-08
0.0144382 5.4757e-07 1.78078e-08
0.0144388 5.47675e-07 1.78186e-08
0.0144394 5.47779e-07 1.78294e-08
0.01444 5.47883e-07 1.78402e-08
0.0144406 5.47987e-07 1.7851e-08
0.0144413 5.4809e-07 1.78618e-08
0.0144419 5.48192e-07 1.78726e-08
0.0144425 5.48295e-07 1.78833e-08
0.0144431 5.48396e-07 1.7894e-08
0.0144438 5.48498e-07 1.79047e-08
0.0144444 5.48599e-07 1.79154e-08
0.014445 5.48699e-07 1.7926e-08
0.0144456 5.48799e-07 1.79367e-08
0.0144462 5.48899e-07 1.79473e-08
0.0144469 5.48998e-07 1.79579e-08
0.0144475 5.49097e-07 1.79685e-08
0.0144481 5.49195e-07 1.7979e-08
0.0144487 5.49293e-07 1.79896e-08
0.0144493 5.4939e-07 1.80001e-08
0.01445 5.49487e-07 1.80106e-08
0.0144506 5.49584e-07 1.80211e-08
0.0144512 5.4968e-07 1.80316e-08
0.0144518 5.49776e-07 1.8042e-08
0.0144525 5.49871e-07 1.80525e-08
0.0144531 5.49966e-07 1.80629e-08
0.0144537 5.5006e-07 1.80733e-08
0.0144543 5.50154e-07 1.80837e-08
0.0144549 5.50248e-07 1.8094e-08
0.0144556 5.50341e-07 1.81044e-08
0.0144562 5.50434e-07 1.81147e-08
0.0144568 5.50526e-07 1.8125e-08
0.0144574 5.50618e-07 1.81353e-08
0.014458 5.50709e-07 1.81456e-08
0.0144587 5.508e-07 1.81558e-08
0.0144593 5.50891e-07 1.8166e-08
0.0144599 5.50981e-07 1.81763e-08
0.0144605 5.5107e-07 1.81864e-08
0.0144612 5.5116e-07 1.81966e-08
0.0144618 5.51248e-07 1.82068e-08
0.0144624 5.51337e-07 1.82169e-08
0.014463 5.51425e-07 1.8227e-08
0.0144636 5.51512e-07 1.82371e-08
0.0144643 5.51599e-07 1.82472e-08
0.0144649 5.51686e-07 1.82573e-08
0.0144655 5.51772e-07 1.82673e-08
0.0144661 5.51858e-07 1.82773e-08
0.0144667 5.51943e-07 1.82873e-08
0.0144674 5.52028e-07 1.82973e-08
0.014468 5.52112e-07 1.83073e-08
0.0144686 5.52196e-07 1.83172e-08
0.0144692 5.5228e-07 1.83272e-08
0.0144698 5.52363e-07 1.83371e-08
0.0144705 5.52446e-07 1.8347e-08
0.0144711 5.52528e-07 1.83568e-08
0.0144717 5.5261e-07 1.83667e-08
0.0144723 5.52691e-07 1.83765e-08
0.014473 5.52772e-07 1.83864e-08
0.0144736 5.52853e-07 1.83962e-08
0.0144742 5.52933e-07 1.84059e-08
0.0144748 5.53013e-07 1.84157e-08
0.0144754 5.53092e-07 1.84254e-08
0.0144761 5.53171e-07 1.84352e-08
0.0144767 5.53249e-07 1.84449e-08
0.0144773 5.53327e-07 1.84545e-08
0.0144779 5.53405e-07 1.84642e-08
0.0144785 5.53482e-07 1.84739e-08
0.0144792 5.53558e-07 1.84835e-08
0.0144798 5.53635e-07 1.84931e-08
0.0144804 5.5371e-07 1.85027e-08
0.014481 5.53786e-07 1.85123e-08
0.0144817 5.53861e-07 1.85218e-08
0.0144823 5.53935e-07 1.85313e-08
0.0144829 5.54009e-07 1.85409e-08
0.0144835 5.54083e-07 1.85504e-08
0.0144841 5.54156e-07 1.85598e-08
0.0144848 5.54229e-07 1.85693e-08
0.0144854 5.54301e-07 1.85787e-08
0.014486 5.54373e-07 1.85881e-08
0.0144866 5.54444e-07 1.85975e-08
0.0144872 5.54515e-07 1.86069e-08
0.0144879 5.54586e-07 1.86163e-08
0.0144885 5.54656e-07 1.86256e-08
0.0144891 5.54726e-07 1.8635e-08
0.0144897 5.54795e-07 1.86443e-08
0.0144904 5.54864e-07 1.86535e-08
0.014491 5.54932e-07 1.86628e-08
0.0144916 5.55e-07 1.86721e-08
0.0144922 5.55068e-07 1.86813e-08
0.0144928 5.55135e-07 1.86905e-08
0.0144935 5.55201e-07 1.86997e-08
0.0144941 5.55268e-07 1.87089e-08
0.0144947 5.55333e-07 1.8718e-08
0.0144953 5.55399e-07 1.87272e-08
0.0144959 5.55464e-07 1.87363e-08
0.0144966 5.55528e-07 1.87454e-08
0.0144972 5.55592e-07 1.87544e-08
0.0144978 5.55656e-07 1.87635e-08
0.0144984 5.55719e-07 1.87725e-08
0.014499 5.55782e-07 1.87816e-08
0.0144997 5.55844e-07 1.87906e-08
0.0145003 5.55906e-07 1.87995e-08
0.0145009 5.55967e-07 1.88085e-08
0.0145015 5.56028e-07 1.88174e-08
0.0145022 5.56089e-07 1.88264e-08
0.0145028 5.56149e-07 1.88353e-08
0.0145034 5.56209e-07 1.88442e-08
0.014504 5.56268e-07 1.8853e-08
0.0145046 5.56327e-07 1.88619e-08
0.0145053 5.56385e-07 1.88707e-08
0.0145059 5.56443e-07 1.88795e-08
0.0145065 5.56501e-07 1.88883e-08
0.0145071 5.56558e-07 1.88971e-08
0.0145077 5.56615e-07 1.89058e-08
0.0145084 5.56671e-07 1.89145e-08
0.014509 5.56727e-07 1.89233e-08
0.0145096 5.56782e-07 1.8932e-08
0.0145102 5.56837e-07 1.89406e-08
0.0145109 5.56892e-07 1.89493e-08
0.0145115 5.56946e-07 1.89579e-08
0.0145121 5.56999e-07 1.89665e-08
0.0145127 5.57053e-07 1.89751e-08
0.0145133 5.57105e-07 1.89837e-08
0.014514 5.57158e-07 1.89923e-08
0.0145146 5.5721e-07 1.90008e-08
0.0145152 5.57261e-07 1.90093e-08
0.0145158 5.57312e-07 1.90178e-08
0.0145164 5.57363e-07 1.90263e-08
0.0145171 5.57413e-07 1.90348e-08
0.0145177 5.57463e-07 1.90432e-08
0.0145183 5.57512e-07 1.90516e-08
0.0145189 5.57561e-07 1.906e-08
0.0145196 5.57609e-07 1.90684e-08
0.0145202 5.57657e-07 1.90768e-08
0.0145208 5.57705e-07 1.90851e-08
0.0145214 5.57752e-07 1.90935e-08
0.014522 5.57799e-07 1.91018e-08
0.0145227 5.57845e-07 1.91101e-08
0.0145233 5.57891e-07 1.91183e-08
0.0145239 5.57936e-07 1.91266e-08
0.0145245 5.57981e-07 1.91348e-08
0.0145251 5.58026e-07 1.9143e-08
0.0145258 5.5807e-07 1.91512e-08
0.0145264 5.58113e-07 1.91594e-08
0.014527 5.58157e-07 1.91675e-08
0.0145276 5.58199e-07 1.91757e-08
0.0145283 5.58242e-07 1.91838e-08
0.0145289 5.58284e-07 1.91919e-08
0.0145295 5.58325e-07 1.92e-08
0.0145301 5.58366e-07 1.9208e-08
0.0145307 5.58407e-07 1.92161e-08
0.0145314 5.58447e-07 1.92241e-08
0.014532 5.58487e-07 1.92321e-08
0.0145326 5.58526e-07 1.92401e-08
0.0145332 5.58565e-07 1.9248e-08
0.0145338 5.58603e-07 1.9256e-08
0.0145345 5.58641e-07 1.92639e-08
0.0145351 5.58679e-07 1.92718e-08
0.0145357 5.58716e-07 1.92797e-08
0.0145363 5.58753e-07 1.92875e-08
0.0145369 5.58789e-07 1.92954e-08
0.0145376 5.58825e-07 1.93032e-08
0.0145382 5.5886e-07 1.9311e-08
0.0145388 5.58932e-07 1.93188e-08
0.0145394 5.59147e-07 1.93265e-08
0.0145401 5.59361e-07 1.93343e-08
0.0145407 5.59575e-07 1.9342e-08
0.0145413 5.59788e-07 1.93497e-08
0.0145419 5.60001e-07 1.93574e-08
0.0145425 5.60212e-07 1.93651e-08
0.0145432 5.60424e-07 1.93727e-08
0.0145438 5.60634e-07 1.93803e-08
0.0145444 5.60845e-07 1.9388e-08
0.014545 5.61054e-07 1.93955e-08
0.0145456 5.61263e-07 1.94031e-08
0.0145463 5.61471e-07 1.94107e-08
0.0145469 5.61679e-07 1.94182e-08
0.0145475 5.61886e-07 1.94257e-08
0.0145481 5.62093e-07 1.94332e-08
0.0145488 5.62299e-07 1.94407e-08
0.0145494 5.62504e-07 1.94481e-08
0.01455 5.62709e-07 1.94556e-08
0.0145506 5.62913e-07 1.9463e-08
0.0145512 5.63117e-07 1.94704e-08
0.0145519 5.6332e-07 1.94777e-08
0.0145525 5.63522e-07 1.94851e-08
0.0145531 5.63724e-07 1.94924e-08
0.0145537 5.63925e-07 1.94997e-08
0.0145543 5.64126e-07 1.9507e-08
0.014555 5.64326e-07 1.95143e-08
0.0145556 5.64526e-07 1.95216e-08
0.0145562 5.64724e-07 1.95288e-08
0.0145568 5.64923e-07 1.9536e-08
0.0145575 5.6512e-07 1.95432e-08
0.0145581 5.65318e-07 1.95504e-08
0.0145587 5.65514e-07 1.95576e-08
0.0145593 5.6571e-07 1.95647e-08
0.0145599 5.65905e-07 1.95718e-08
0.0145606 5.661e-07 1.95789e-08
0.0145612 5.66294e-07 1.9586e-08
0.0145618 5.66488e-07 1.95931e-08
0.0145624 5.66681e-07 1.96001e-08
0.014563 5.66873e-07 1.96071e-08
0.0145637 5.67065e-07 1.96141e-08
0.0145643 5.67256e-07 1.96211e-08
0.0145649 5.67447e-07 1.96281e-08
0.0145655 5.67637e-07 1.9635e-08
0.0145661 5.67826e-07 1.96419e-08
0.0145668 5.68015e-07 1.96488e-08
0.0145674 5.68203e-07 1.96557e-08
0.014568 5.68391e-07 1.96626e-08
0.0145686 5.68578e-07 1.96694e-08
0.0145693 5.68764e-07 1.96762e-08
0.0145699 5.6895e-07 1.96831e-08
0.0145705 5.69135e-07 1.96898e-08
0.0145711 5.6932e-07 1.96966e-08
0.0145717 5.69504e-07 1.97033e-08
0.0145724 5.69687e-07 1.97101e-08
0.014573 5.6987e-07 1.97168e-08
0.0145736 5.70052e-07 1.97235e-08
0.0145742 5.70234e-07 1.97301e-08
0.0145748 5.70415e-07 1.97368e-08
0.0145755 5.70596e-07 1.97434e-08
0.0145761 5.70775e-07 1.975e-08
0.0145767 5.70955e-07 1.97566e-08
0.0145773 5.71133e-07 1.97632e-08
0.014578 5.71312e-07 1.97697e-08
0.0145786 5.71489e-07 1.97762e-08
0.0145792 5.71666e-07 1.97828e-08
0.0145798 5.71842e-07 1.97892e-08
0.0145804 5.72018e-07 1.97957e-08
0.0145811 5.72193e-07 1.98022e-08
0.0145817 5.72368e-07 1.98086e-08
0.0145823 5.72542e-07 1.9815e-08
0.0145829 5.72715e-07 1.98214e-08
0.0145835 5.72888e-07 1.98278e-08
0.0145842 5.7306e-07 1.98341e-08
0.0145848 5.73231e-07 1.98404e-08
0.0145854 5.73402e-07 1.98468e-08
0.014586 5.73573e-07 1.9853e-08
0.0145867 5.73743e-07 1.98593e-08
0.0145873 5.73912e-07 1.98656e-08
0.0145879 5.7408e-07 1.98718e-08
0.0145885 5.74248e-07 1.9878e-08
0.0145891 5.74416e-07 1.98842e-08
0.0145898 5.74583e-07 1.98904e-08
0.0145904 5.74749e-07 1.98965e-08
0.014591 5.74914e-07 1.99027e-08
0.0145916 5.75079e-07 1.99088e-08
0.0145922 5.75244e-07 1.99149e-08
0.0145929 5.75408e-07 1.99209e-08
0.0145935 5.75571e-07 1.9927e-08
0.0145941 5.75734e-07 1.9933e-08
0.0145947 5.75896e-07 1.9939e-08
0.0145953 5.76057e-07 1.9945e-08
0.014596 5.76218e-07 1.9951e-08
0.0145966 5.76378e-07 1.9957e-08
0.0145972 5.76538e-07 1.99629e-08
0.0145978 5.76697e-07 1.99688e-08
0.0145985 5.76855e-07 1.99747e-08
0.0145991 5.77013e-07 1.99806e-08
0.0145997 5.7717e-07 1.99864e-08
0.0146003 5.77327e-07 1.99923e-08
0.0146009 5.77483e-07 1.99981e-08
0.0146016 5.77639e-07 2.00039e-08
0.0146022 5.77794e-07 2.00096e-08
0.0146028 5.77948e-07 2.00154e-08
0.0146034 5.78102e-07 2.00211e-08
0.014604 5.78258e-07 2.00268e-08
0.0146047 5.78417e-07 2.00325e-08
0.0146053 5.78576e-07 2.00382e-08
0.0146059 5.78734e-07 2.00439e-08
0.0146065 5.78891e-07 2.00495e-08
0.0146072 5.79048e-07 2.00551e-08
0.0146078 5.79204e-07 2.00607e-08
0.0146084 5.7936e-07 2.00663e-08
0.014609 5.79514e-07 2.00719e-08
0.0146096 5.79669e-07 2.00774e-08
0.0146103 5.79823e-07 2.00829e-08
0.0146109 5.79976e-07 2.00884e-08
0.0146115 5.80128e-07 2.00939e-08
0.0146121 5.8028e-07 2.00993e-08
0.0146127 5.80432e-07 2.01048e-08
0.0146134 5.80583e-07 2.01102e-08
0.014614 5.80733e-07 2.01156e-08
0.0146146 5.80883e-07 2.0121e-08
0.0146152 5.81032e-07 2.01263e-08
0.0146159 5.8118e-07 2.01316e-08
0.0146165 5.81328e-07 2.0137e-08
0.0146171 5.81475e-07 2.01423e-08
0.0146177 5.81622e-07 2.01475e-08
0.0146183 5.81768e-07 2.01528e-08
0.014619 5.81914e-07 2.0158e-08
0.0146196 5.82058e-07 2.01632e-08
0.0146202 5.82203e-07 2.01684e-08
0.0146208 5.82346e-07 2.01736e-08
0.0146214 5.8249e-07 2.01788e-08
0.0146221 5.82632e-07 2.01839e-08
0.0146227 5.82774e-07 2.0189e-08
0.0146233 5.82915e-07 2.01941e-08
0.0146239 5.83056e-07 2.01992e-08
0.0146246 5.83196e-07 2.02043e-08
0.0146252 5.83336e-07 2.02093e-08
0.0146258 5.83475e-07 2.02143e-08
0.0146264 5.83613e-07 2.02193e-08
0.014627 5.83751e-07 2.02243e-08
0.0146277 5.83888e-07 2.02292e-08
0.0146283 5.84025e-07 2.02342e-08
0.0146289 5.84161e-07 2.02391e-08
0.0146295 5.84296e-07 2.0244e-08
0.0146301 5.84431e-07 2.02489e-08
0.0146308 5.84565e-07 2.02537e-08
0.0146314 5.84699e-07 2.02585e-08
0.014632 5.84832e-07 2.02634e-08
0.0146326 5.84964e-07 2.02682e-08
0.0146332 5.85096e-07 2.02729e-08
0.0146339 5.85228e-07 2.02777e-08
0.0146345 5.85358e-07 2.02824e-08
0.0146351 5.85488e-07 2.02871e-08
0.0146357 5.85618e-07 2.02918e-08
0.0146364 5.85747e-07 2.02965e-08
0.014637 5.85875e-07 2.03012e-08
0.0146376 5.86003e-07 2.03058e-08
0.0146382 5.8613e-07 2.03104e-08
0.0146388 5.86256e-07 2.0315e-08
0.0146395 5.86382e-07 2.03196e-08
0.0146401 5.86508e-07 2.03241e-08
0.0146407 5.86632e-07 2.03287e-08
0.0146413 5.86757e-07 2.03332e-08
0.0146419 5.8688e-07 2.03377e-08
0.0146426 5.87003e-07 2.03422e-08
0.0146432 5.87126e-07 2.03466e-08
0.0146438 5.87247e-07 2.03511e-08
0.0146444 5.87369e-07 2.03555e-08
0.0146451 5.87489e-07 2.03599e-08
0.0146457 5.87609e-07 2.03642e-08
0.0146463 5.87729e-07 2.03686e-08
0.0146469 5.87847e-07 2.03729e-08
0.0146475 5.87966e-07 2.03772e-08
0.0146482 5.88083e-07 2.03815e-08
0.0146488 5.882e-07 2.03858e-08
0.0146494 5.88317e-07 2.03901e-08
0.01465 5.88433e-07 2.03943e-08
0.0146506 5.88548e-07 2.03985e-08
0.0146513 5.88663e-07 2.04027e-08
0.0146519 5.88777e-07 2.04069e-08
0.0146525 5.8889e-07 2.0411e-08
0.0146531 5.89003e-07 2.04152e-08
0.0146538 5.89115e-07 2.04193e-08
0.0146544 5.89227e-07 2.04234e-08
0.014655 5.89338e-07 2.04274e-08
0.0146556 5.89449e-07 2.04315e-08
0.0146562 5.89559e-07 2.04355e-08
0.0146569 5.89668e-07 2.04395e-08
0.0146575 5.89777e-07 2.04435e-08
0.0146581 5.89885e-07 2.04475e-08
0.0146587 5.89993e-07 2.04514e-08
0.0146593 5.901e-07 2.04554e-08
0.01466 5.90206e-07 2.04593e-08
0.0146606 5.90312e-07 2.04632e-08
0.0146612 5.90417e-07 2.0467e-08
0.0146618 5.90522e-07 2.04709e-08
0.0146624 5.90626e-07 2.04747e-08
0.0146631 5.90729e-07 2.04785e-08
0.0146637 5.90832e-07 2.04823e-08
0.0146643 5.90934e-07 2.04861e-08
0.0146649 5.91036e-07 2.04899e-08
0.0146656 5.91137e-07 2.04936e-08
0.0146662 5.91237e-07 2.04973e-08
0.0146668 5.91337e-07 2.0501e-08
0.0146674 5.91437e-07 2.05047e-08
0.014668 5.91535e-07 2.05083e-08
0.0146687 5.91633e-07 2.05119e-08
0.0146693 5.91731e-07 2.05155e-08
0.0146699 5.91828e-07 2.05191e-08
0.0146705 5.91924e-07 2.05227e-08
0.0146711 5.9202e-07 2.05262e-08
0.0146718 5.92115e-07 2.05298e-08
0.0146724 5.9221e-07 2.05333e-08
0.014673 5.92304e-07 2.05368e-08
0.0146736 5.92397e-07 2.05402e-08
0.0146743 5.9249e-07 2.05437e-08
0.0146749 5.92582e-07 2.05471e-08
0.0146755 5.92674e-07 2.05505e-08
0.0146761 5.92765e-07 2.05539e-08
0.0146767 5.92855e-07 2.05573e-08
0.0146774 5.92945e-07 2.05606e-08
0.014678 5.93034e-07 2.05639e-08
0.0146786 5.93123e-07 2.05673e-08
0.0146792 5.93211e-07 2.05705e-08
0.0146798 5.93298e-07 2.05738e-08
0.0146805 5.93385e-07 2.05771e-08
0.0146811 5.93471e-07 2.05803e-08
0.0146817 5.93557e-07 2.05835e-08
0.0146823 5.93642e-07 2.05867e-08
0.014683 5.93727e-07 2.05898e-08
0.0146836 5.93811e-07 2.0593e-08
0.0146842 5.93894e-07 2.05961e-08
0.0146848 5.93977e-07 2.05992e-08
0.0146854 5.94059e-07 2.06023e-08
0.0146861 5.94141e-07 2.06054e-08
0.0146867 5.94222e-07 2.06084e-08
0.0146873 5.94302e-07 2.06114e-08
0.0146879 5.94382e-07 2.06144e-08
0.0146885 5.94461e-07 2.06174e-08
0.0146892 5.9454e-07 2.06204e-08
0.0146898 5.94618e-07 2.06233e-08
0.0146904 5.94695e-07 2.06262e-08
0.014691 5.94772e-07 2.06291e-08
0.0146916 5.94848e-07 2.0632e-08
0.0146923 5.94924e-07 2.06349e-08
0.0146929 5.94999e-07 2.06377e-08
0.0146935 5.95073e-07 2.06405e-08
0.0146941 5.95147e-07 2.06433e-08
0.0146948 5.95221e-07 2.06461e-08
0.0146954 5.95293e-07 2.06489e-08
0.014696 5.95365e-07 2.06516e-08
0.0146966 5.95437e-07 2.06543e-08
0.0146972 5.95508e-07 2.0657e-08
0.0146979 5.95578e-07 2.06597e-08
0.0146985 5.95648e-07 2.06624e-08
0.0146991 5.95717e-07 2.0665e-08
0.0146997 5.95786e-07 2.06676e-08
0.0147003 5.95854e-07 2.06702e-08
0.014701 5.95921e-07 2.06728e-08
0.0147016 5.95988e-07 2.06754e-08
0.0147022 5.96054e-07 2.06779e-08
0.0147028 5.9612e-07 2.06804e-08
0.0147035 5.96185e-07 2.06829e-08
0.0147041 5.9625e-07 2.06854e-08
0.0147047 5.96314e-07 2.06879e-08
0.0147053 5.96377e-07 2.06903e-08
0.0147059 5.9644e-07 2.06927e-08
0.0147066 5.96502e-07 2.06951e-08
0.0147072 5.96563e-07 2.06975e-08
0.0147078 5.96624e-07 2.06998e-08
0.0147084 5.96685e-07 2.07022e-08
0.014709 5.96744e-07 2.07045e-08
0.0147097 5.96804e-07 2.07068e-08
0.0147103 5.96862e-07 2.07091e-08
0.0147109 5.9692e-07 2.07113e-08
0.0147115 5.96978e-07 2.07136e-08
0.0147122 5.97035e-07 2.07158e-08
0.0147128 5.97091e-07 2.0718e-08
0.0147134 5.97147e-07 2.07201e-08
0.014714 5.97202e-07 2.07223e-08
0.0147146 5.97256e-07 2.07244e-08
0.0147153 5.9731e-07 2.07265e-08
0.0147159 5.97363e-07 2.07286e-08
0.0147165 5.97416e-07 2.07307e-08
0.0147171 5.97468e-07 2.07328e-08
0.0147177 5.9752e-07 2.07348e-08
0.0147184 5.97571e-07 2.07368e-08
0.014719 5.97621e-07 2.07388e-08
0.0147196 5.97671e-07 2.07408e-08
0.0147202 5.9772e-07 2.07427e-08
0.0147209 5.97769e-07 2.07446e-08
0.0147215 5.97817e-07 2.07466e-08
0.0147221 5.97864e-07 2.07484e-08
0.0147227 5.97911e-07 2.07503e-08
0.0147233 5.97958e-07 2.07522e-08
0.014724 5.98003e-07 2.0754e-08
0.0147246 5.98048e-07 2.07558e-08
0.0147252 5.98093e-07 2.07576e-08
0.0147258 5.98137e-07 2.07594e-08
0.0147264 5.9818e-07 2.07611e-08
0.0147271 5.98223e-07 2.07628e-08
0.0147277 5.98265e-07 2.07646e-08
0.0147283 5.98307e-07 2.07662e-08
0.0147289 5.98348e-07 2.07679e-08
0.0147295 5.98388e-07 2.07696e-08
0.0147302 5.98428e-07 2.07712e-08
0.0147308 5.98468e-07 2.07728e-08
0.0147314 5.98506e-07 2.07744e-08
0.014732 5.98544e-07 2.07759e-08
0.0147327 5.98582e-07 2.07775e-08
0.0147333 5.98619e-07 2.0779e-08
0.0147339 5.98655e-07 2.07805e-08
0.0147345 5.98691e-07 2.0782e-08
0.0147351 5.98726e-07 2.07835e-08
0.0147358 5.98761e-07 2.07849e-08
0.0147364 5.98795e-07 2.07863e-08
0.014737 5.98828e-07 2.07877e-08
0.0147376 5.98861e-07 2.07891e-08
0.0147382 5.98893e-07 2.07905e-08
0.0147389 5.98925e-07 2.07918e-08
0.0147395 5.98956e-07 2.07932e-08
0.0147401 5.98987e-07 2.07945e-08
0.0147407 5.99017e-07 2.07958e-08
0.0147414 5.99046e-07 2.0797e-08
0.014742 5.99075e-07 2.07983e-08
0.0147426 5.99103e-07 2.07995e-08
0.0147432 5.99131e-07 2.08007e-08
0.0147438 5.99158e-07 2.08019e-08
0.0147445 5.99184e-07 2.0803e-08
0.0147451 5.9921e-07 2.08042e-08
0.0147457 5.99235e-07 2.08053e-08
0.0147463 5.9926e-07 2.08064e-08
0.0147469 5.99284e-07 2.08075e-08
0.0147476 5.99308e-07 2.08085e-08
0.0147482 5.99331e-07 2.08096e-08
0.0147488 5.99353e-07 2.08106e-08
0.0147494 5.99375e-07 2.08116e-08
0.0147501 5.99396e-07 2.08126e-08
0.0147507 5.99417e-07 2.08135e-08
0.0147513 5.99437e-07 2.08145e-08
0.0147519 5.99456e-07 2.08154e-08
0.0147525 5.99475e-07 2.08163e-08
0.0147532 5.99494e-07 2.08172e-08
0.0147538 5.99511e-07 2.0818e-08
0.0147544 5.99529e-07 2.08189e-08
0.014755 5.99545e-07 2.08197e-08
0.0147556 5.99561e-07 2.08205e-08
0.0147563 5.99577e-07 2.08213e-08
0.0147569 5.99591e-07 2.0822e-08
0.0147575 5.99606e-07 2.08228e-08
0.0147581 5.99619e-07 2.08235e-08
0.0147587 5.99633e-07 2.08242e-08
0.0147594 5.99645e-07 2.08249e-08
0.01476 5.99657e-07 2.08255e-08
0.0147606 5.99668e-07 2.08261e-08
0.0147612 5.99679e-07 2.08268e-08
0.0147619 5.99689e-07 2.08274e-08
0.0147625 5.99699e-07 2.08279e-08
0.0147631 5.99708e-07 2.08285e-08
0.0147637 5.99717e-07 2.0829e-08
0.0147643 5.99724e-07 2.08295e-08
0.014765 5.99732e-07 2.083e-08
0.0147656 5.99739e-07 2.08305e-08
0.0147662 5.99745e-07 2.0831e-08
0.0147668 5.9975e-07 2.08314e-08
0.0147674 5.99755e-07 2.08318e-08
0.0147681 5.9976e-07 2.08322e-08
0.0147687 5.99764e-07 2.08326e-08
0.0147693 5.99767e-07 2.08329e-08
0.0147699 5.9977e-07 2.08333e-08
0.0147706 5.99772e-07 2.08336e-08
0.0147712 5.99773e-07 2.08339e-08
0.0147718 5.99774e-07 2.08341e-08
0.0147724 5.99775e-07 2.08344e-08
0.014773 5.99775e-07 2.08346e-08
0.0147737 5.99774e-07 2.08348e-08
0.0147743 5.99772e-07 2.0835e-08
0.0147749 5.99771e-07 2.08352e-08
0.0147755 5.99768e-07 2.08354e-08
0.0147761 5.99765e-07 2.08355e-08
0.0147768 5.99761e-07 2.08356e-08
0.0147774 5.99757e-07 2.08357e-08
0.014778 5.99752e-07 2.08358e-08
0.0147786 5.99747e-07 2.08358e-08
0.0147793 5.99741e-07 2.08358e-08
0.0147799 5.99735e-07 2.08359e-08
0.0147805 5.99728e-07 2.08358e-08
0.0147811 5.9972e-07 2.08358e-08
0.0147817 5.99712e-07 2.08358e-08
0.0147824 5.99703e-07 2.08357e-08
0.014783 5.99694e-07 2.08356e-08
0.0147836 5.99684e-07 2.08355e-08
0.0147842 5.99673e-07 2.08354e-08
0.0147848 5.99662e-07 2.08352e-08
0.0147855 5.9965e-07 2.0835e-08
0.0147861 5.99638e-07 2.08349e-08
0.0147867 5.99625e-07 2.08346e-08
0.0147873 5.99612e-07 2.08344e-08
0.0147879 5.99598e-07 2.08342e-08
0.0147886 5.99584e-07 2.08339e-08
0.0147892 5.99568e-07 2.08336e-08
0.0147898 5.99553e-07 2.08333e-08
0.0147904 5.99537e-07 2.0833e-08
0.0147911 5.9952e-07 2.08326e-08
0.0147917 5.99502e-07 2.08322e-08
0.0147923 5.99484e-07 2.08318e-08
0.0147929 5.99466e-07 2.08314e-08
0.0147935 5.99447e-07 2.0831e-08
0.0147942 5.99427e-07 2.08305e-08
0.0147948 5.99407e-07 2.08301e-08
0.0147954 5.99386e-07 2.08296e-08
0.014796 5.99365e-07 2.08291e-08
0.0147966 5.99343e-07 2.08285e-08
0.0147973 5.9932e-07 2.0828e-08
0.0147979 5.99297e-07 2.08274e-08
0.0147985 5.99274e-07 2.08268e-08
0.0147991 5.99249e-07 2.08262e-08
0.0147998 5.99225e-07 2.08256e-08
0.0148004 5.99199e-07 2.08249e-08
0.014801 5.99173e-07 2.08242e-08
0.0148016 5.99147e-07 2.08235e-08
0.0148022 5.9912e-07 2.08228e-08
0.0148029 5.99092e-07 2.08221e-08
0.0148035 5.99064e-07 2.08213e-08
0.0148041 5.99035e-07 2.08206e-08
0.0148047 5.99006e-07 2.08198e-08
0.0148053 5.98976e-07 2.0819e-08
0.014806 5.98945e-07 2.08181e-08
0.0148066 5.98914e-07 2.08173e-08
0.0148072 5.98883e-07 2.08164e-08
0.0148078 5.9885e-07 2.08155e-08
0.0148085 5.98818e-07 2.08146e-08
0.0148091 5.98784e-07 2.08137e-08
0.0148097 5.98751e-07 2.08127e-08
0.0148103 5.98716e-07 2.08117e-08
0.0148109 5.98681e-07 2.08107e-08
0.0148116 5.98646e-07 2.08097e-08
0.0148122 5.98609e-07 2.08087e-08
0.0148128 5.98573e-07 2.08076e-08
0.0148134 5.98535e-07 2.08065e-08
0.014814 5.98498e-07 2.08054e-08
0.0148147 5.98459e-07 2.08043e-08
0.0148153 5.9842e-07 2.08032e-08
0.0148159 5.98381e-07 2.0802e-08
0.0148165 5.98341e-07 2.08009e-08
0.0148172 5.983e-07 2.07997e-08
0.0148178 5.98259e-07 2.07985e-08
0.0148184 5.98217e-07 2.07972e-08
0.014819 5.98174e-07 2.0796e-08
0.0148196 5.98132e-07 2.07947e-08
0.0148203 5.98088e-07 2.07934e-08
0.0148209 5.98044e-07 2.07921e-08
0.0148215 5.97999e-07 2.07907e-08
0.0148221 5.97954e-07 2.07894e-08
0.0148227 5.97908e-07 2.0788e-08
0.0148234 5.97862e-07 2.07866e-08
0.014824 5.97815e-07 2.07852e-08
0.0148246 5.97768e-07 2.07838e-08
0.0148252 5.9772e-07 2.07823e-08
0.0148258 5.97671e-07 2.07808e-08
0.0148265 5.97622e-07 2.07793e-08
0.0148271 5.97573e-07 2.07778e-08
0.0148277 5.97522e-07 2.07763e-08
0.0148283 5.97472e-07 2.07747e-08
0.014829 5.9742e-07 2.07732e-08
0.0148296 5.97368e-07 2.07716e-08
0.0148302 5.97316e-07 2.077e-08
0.0148308 5.97263e-07 2.07683e-08
0.0148314 5.97209e-07 2.07667e-08
0.0148321 5.97155e-07 2.0765e-08
0.0148327 5.971e-07 2.07633e-08
0.0148333 5.97045e-07 2.07616e-08
0.0148339 5.96989e-07 2.07599e-08
0.0148345 5.96933e-07 2.07581e-08
0.0148352 5.96876e-07 2.07563e-08
0.0148358 5.96818e-07 2.07545e-08
0.0148364 5.9676e-07 2.07527e-08
0.014837 5.96702e-07 2.07509e-08
0.0148377 5.96642e-07 2.0749e-08
0.0148383 5.96583e-07 2.07471e-08
0.0148389 5.96522e-07 2.07453e-08
0.0148395 5.96461e-07 2.07433e-08
0.0148401 5.964e-07 2.07414e-08
0.0148408 5.96338e-07 2.07395e-08
0.0148414 5.96275e-07 2.07375e-08
0.014842 5.96212e-07 2.07355e-08
0.0148426 5.96149e-07 2.07335e-08
0.0148432 5.96085e-07 2.07314e-08
0.0148439 5.9602e-07 2.07294e-08
0.0148445 5.95954e-07 2.07273e-08
0.0148451 5.95889e-07 2.07252e-08
0.0148457 5.95822e-07 2.07231e-08
0.0148464 5.95755e-07 2.0721e-08
0.014847 5.95688e-07 2.07188e-08
0.0148476 5.95619e-07 2.07167e-08
0.0148482 5.95551e-07 2.07145e-08
0.0148488 5.95482e-07 2.07123e-08
0.0148495 5.95412e-07 2.071e-08
0.0148501 5.95342e-07 2.07078e-08
0.0148507 5.95271e-07 2.07055e-08
0.0148513 5.95199e-07 2.07032e-08
0.0148519 5.95127e-07 2.07009e-08
0.0148526 5.95055e-07 2.06986e-08
0.0148532 5.94982e-07 2.06962e-08
0.0148538 5.94908e-07 2.06938e-08
0.0148544 5.94834e-07 2.06915e-08
0.014855 5.94759e-07 2.0689e-08
0.0148557 5.94684e-07 2.06866e-08
0.0148563 5.94608e-07 2.06842e-08
0.0148569 5.94532e-07 2.06817e-08
0.0148575 5.94455e-07 2.06792e-08
0.0148582 5.94377e-07 2.06767e-08
0.0148588 5.94299e-07 2.06742e-08
0.0148594 5.9422e-07 2.06716e-08
0.01486 5.94141e-07 2.0669e-08
0.0148606 5.94061e-07 2.06665e-08
0.0148613 5.93981e-07 2.06638e-08
0.0148619 5.939e-07 2.06612e-08
0.0148625 5.93819e-07 2.06586e-08
0.0148631 5.93737e-07 2.06559e-08
0.0148637 5.93655e-07 2.06532e-08
0.0148644 5.93572e-07 2.06505e-08
0.014865 5.93488e-07 2.06478e-08
0.0148656 5.93404e-07 2.0645e-08
0.0148662 5.93319e-07 2.06423e-08
0.0148669 5.93234e-07 2.06395e-08
0.0148675 5.93148e-07 2.06367e-08
0.0148681 5.93062e-07 2.06339e-08
0.0148687 5.92975e-07 2.0631e-08
0.0148693 5.92888e-07 2.06282e-08
0.01487 5.928e-07 2.06253e-08
0.0148706 5.92711e-07 2.06224e-08
0.0148712 5.92622e-07 2.06194e-08
0.0148718 5.92533e-07 2.06165e-08
0.0148724 5.92443e-07 2.06135e-08
0.0148731 5.92352e-07 2.06106e-08
0.0148737 5.92261e-07 2.06075e-08
0.0148743 5.92169e-07 2.06045e-08
0.0148749 5.92077e-07 2.06015e-08
0.0148756 5.91984e-07 2.05984e-08
0.0148762 5.9189e-07 2.05953e-08
0.0148768 5.91796e-07 2.05922e-08
0.0148774 5.91702e-07 2.05891e-08
0.014878 5.91607e-07 2.0586e-08
0.0148787 5.91511e-07 2.05828e-08
0.0148793 5.91415e-07 2.05796e-08
0.0148799 5.91318e-07 2.05764e-08
0.0148805 5.91221e-07 2.05732e-08
0.0148811 5.91123e-07 2.057e-08
0.0148818 5.91025e-07 2.05667e-08
0.0148824 5.90926e-07 2.05635e-08
0.014883 5.90827e-07 2.05602e-08
0.0148836 5.90727e-07 2.05568e-08
0.0148842 5.90626e-07 2.05535e-08
0.0148849 5.90525e-07 2.05501e-08
0.0148855 5.90424e-07 2.05468e-08
0.0148861 5.90322e-07 2.05434e-08
0.0148867 5.90219e-07 2.054e-08
0.0148874 5.90116e-07 2.05365e-08
0.014888 5.90012e-07 2.05331e-08
0.0148886 5.89908e-07 2.05296e-08
0.0148892 5.89803e-07 2.05261e-08
0.0148898 5.89698e-07 2.05226e-08
0.0148905 5.89592e-07 2.05191e-08
0.0148911 5.89485e-07 2.05155e-08
0.0148917 5.89378e-07 2.05119e-08
0.0148923 5.89271e-07 2.05084e-08
0.0148929 5.89163e-07 2.05047e-08
0.0148936 5.89054e-07 2.05011e-08
0.0148942 5.88945e-07 2.04975e-08
0.0148948 5.88835e-07 2.04938e-08
0.0148954 5.88725e-07 2.04901e-08
0.0148961 5.88614e-07 2.04864e-08
0.0148967 5.88503e-07 2.04827e-08
0.0148973 5.88391e-07 2.04789e-08
0.0148979 5.88279e-07 2.04752e-08
0.0148985 5.88166e-07 2.04714e-08
0.0148992 5.88053e-07 2.04676e-08
0.0148998 5.87939e-07 2.04637e-08
0.0149004 5.87824e-07 2.04599e-08
0.014901 5.87709e-07 2.0456e-08
0.0149016 5.87594e-07 2.04522e-08
0.0149023 5.87477e-07 2.04483e-08
0.0149029 5.87361e-07 2.04443e-08
0.0149035 5.87244e-07 2.04404e-08
0.0149041 5.87126e-07 2.04364e-08
0.0149048 5.87008e-07 2.04325e-08
0.0149054 5.86889e-07 2.04285e-08
0.014906 5.8677e-07 2.04244e-08
0.0149066 5.8665e-07 2.04204e-08
0.0149072 5.86529e-07 2.04163e-08
0.0149079 5.86408e-07 2.04123e-08
0.0149085 5.86287e-07 2.04082e-08
0.0149091 5.86165e-07 2.04041e-08
0.0149097 5.86042e-07 2.03999e-08
0.0149103 5.85919e-07 2.03958e-08
0.014911 5.85796e-07 2.03916e-08
0.0149116 5.85672e-07 2.03874e-08
0.0149122 5.85547e-07 2.03832e-08
0.0149128 5.85422e-07 2.0379e-08
0.0149135 5.85296e-07 2.03747e-08
0.0149141 5.8517e-07 2.03704e-08
0.0149147 5.85043e-07 2.03661e-08
0.0149153 5.84916e-07 2.03618e-08
0.0149159 5.84788e-07 2.03575e-08
0.0149166 5.8466e-07 2.03532e-08
0.0149172 5.84531e-07 2.03488e-08
0.0149178 5.84401e-07 2.03444e-08
0.0149184 5.84271e-07 2.034e-08
0.014919 5.84141e-07 2.03356e-08
0.0149197 5.8401e-07 2.03311e-08
0.0149203 5.83878e-07 2.03267e-08
0.0149209 5.83746e-07 2.03222e-08
0.0149215 5.83614e-07 2.03177e-08
0.0149221 5.8348e-07 2.03132e-08
0.0149228 5.83347e-07 2.03086e-08
0.0149234 5.83213e-07 2.03041e-08
0.014924 5.83078e-07 2.02995e-08
0.0149246 5.82943e-07 2.02949e-08
0.0149253 5.82807e-07 2.02903e-08
0.0149259 5.82671e-07 2.02856e-08
0.0149265 5.82534e-07 2.0281e-08
0.0149271 5.82397e-07 2.02763e-08
0.0149277 5.82259e-07 2.02716e-08
0.0149284 5.8212e-07 2.02669e-08
0.014929 5.81981e-07 2.02622e-08
0.0149296 5.81842e-07 2.02574e-08
0.0149302 5.81702e-07 2.02527e-08
0.0149308 5.81561e-07 2.02479e-08
0.0149315 5.8142e-07 2.02431e-08
0.0149321 5.81279e-07 2.02382e-08
0.0149327 5.81137e-07 2.02334e-08
0.0149333 5.80994e-07 2.02285e-08
0.014934 5.80851e-07 2.02236e-08
0.0149346 5.80708e-07 2.02187e-08
0.0149352 5.80563e-07 2.02138e-08
0.0149358 5.80419e-07 2.02089e-08
0.0149364 5.80274e-07 2.02039e-08
0.0149371 5.80128e-07 2.01989e-08
0.0149377 5.79982e-07 2.01939e-08
0.0149383 5.79835e-07 2.01889e-08
0.0149389 5.79688e-07 2.01839e-08
0.0149395 5.7954e-07 2.01788e-08
0.0149402 5.79392e-07 2.01737e-08
0.0149408 5.79243e-07 2.01686e-08
0.0149414 5.79093e-07 2.01635e-08
0.014942 5.78943e-07 2.01584e-08
0.0149427 5.78793e-07 2.01532e-08
0.0149433 5.78642e-07 2.01481e-08
0.0149439 5.78491e-07 2.01429e-08
0.0149445 5.78339e-07 2.01377e-08
0.0149451 5.78186e-07 2.01324e-08
0.0149458 5.78033e-07 2.01272e-08
0.0149464 5.7788e-07 2.01219e-08
0.014947 5.77726e-07 2.01166e-08
0.0149476 5.77571e-07 2.01113e-08
0.0149482 5.77416e-07 2.0106e-08
0.0149489 5.77261e-07 2.01007e-08
0.0149495 5.77105e-07 2.00953e-08
0.0149501 5.76948e-07 2.00899e-08
0.0149507 5.76791e-07 2.00845e-08
0.0149513 5.76633e-07 2.00791e-08
0.014952 5.76475e-07 2.00737e-08
0.0149526 5.76316e-07 2.00682e-08
0.0149532 5.76157e-07 2.00627e-08
0.0149538 5.75998e-07 2.00572e-08
0.0149545 5.75837e-07 2.00517e-08
0.0149551 5.75677e-07 2.00462e-08
0.0149557 5.75515e-07 2.00407e-08
0.0149563 5.75354e-07 2.00351e-08
0.0149569 5.75191e-07 2.00295e-08
0.0149576 5.75029e-07 2.00239e-08
0.0149582 5.74865e-07 2.00183e-08
0.0149588 5.74702e-07 2.00126e-08
0.0149594 5.74537e-07 2.0007e-08
0.01496 5.74372e-07 2.00013e-08
0.0149607 5.74207e-07 1.99956e-08
0.0149613 5.74041e-07 1.99899e-08
0.0149619 5.73875e-07 1.99841e-08
0.0149625 5.73708e-07 1.99784e-08
0.0149632 5.73541e-07 1.99726e-08
0.0149638 5.73373e-07 1.99668e-08
0.0149644 5.73204e-07 1.9961e-08
0.014965 5.73036e-07 1.99551e-08
0.0149656 5.72866e-07 1.99493e-08
0.0149663 5.72696e-07 1.99434e-08
0.0149669 5.72526e-07 1.99375e-08
0.0149675 5.72355e-07 1.99316e-08
0.0149681 5.72183e-07 1.99257e-08
0.0149687 5.72012e-07 1.99198e-08
0.0149694 5.71839e-07 1.99138e-08
0.01497 5.71666e-07 1.99078e-08
0.0149706 5.71493e-07 1.99018e-08
0.0149712 5.71319e-07 1.98958e-08
0.0149719 5.71144e-07 1.98898e-08
0.0149725 5.70969e-07 1.98837e-08
0.0149731 5.70794e-07 1.98776e-08
0.0149737 5.70618e-07 1.98715e-08
0.0149743 5.70441e-07 1.98654e-08
0.014975 5.70264e-07 1.98593e-08
0.0149756 5.70087e-07 1.98531e-08
0.0149762 5.69909e-07 1.9847e-08
0.0149768 5.6973e-07 1.98408e-08
0.0149774 5.69551e-07 1.98346e-08
0.0149781 5.69372e-07 1.98284e-08
0.0149787 5.69192e-07 1.98221e-08
0.0149793 5.69011e-07 1.98159e-08
0.0149799 5.6883e-07 1.98096e-08
0.0149805 5.68649e-07 1.98033e-08
0.0149812 5.68466e-07 1.9797e-08
0.0149818 5.68284e-07 1.97906e-08
0.0149824 5.68101e-07 1.97843e-08
0.014983 5.67917e-07 1.97779e-08
0.0149837 5.67733e-07 1.97715e-08
0.0149843 5.67549e-07 1.97651e-08
0.0149849 5.67364e-07 1.97587e-08
0.0149855 5.67178e-07 1.97522e-08
0.0149861 5.66992e-07 1.97458e-08
0.0149868 5.66806e-07 1.97393e-08
0.0149874 5.66619e-07 1.97328e-08
0.014988 5.66431e-07 1.97262e-08
0.0149886 5.66243e-07 1.97197e-08
0.0149892 5.66055e-07 1.97132e-08
0.0149899 5.65865e-07 1.97066e-08
0.0149905 5.65676e-07 1.97e-08
0.0149911 5.65486e-07 1.96934e-08
0.0149917 5.65295e-07 1.96867e-08
0.0149924 5.65104e-07 1.96801e-08
0.014993 5.64913e-07 1.96734e-08
0.0149936 5.64721e-07 1.96667e-08
0.0149942 5.64528e-07 1.966e-08
0.0149948 5.64335e-07 1.96533e-08
0.0149955 5.64142e-07 1.96466e-08
0.0149961 5.63948e-07 1.96398e-08
0.0149967 5.63753e-07 1.9633e-08
0.0149973 5.63558e-07 1.96262e-08
0.0149979 5.63363e-07 1.96194e-08
0.0149986 5.63167e-07 1.96126e-08
0.0149992 5.62971e-07 1.96057e-08
0.0149998 5.62774e-07 1.95989e-08
0.0150004 5.62576e-07 1.9592e-08
0.0150011 5.62378e-07 1.95851e-08
0.0150017 5.6218e-07 1.95781e-08
0.0150023 5.61981e-07 1.95712e-08
0.0150029 5.61781e-07 1.95642e-08
0.0150035 5.61582e-07 1.95573e-08
0.0150042 5.61381e-07 1.95503e-08
0.0150048 5.6118e-07 1.95432e-08
0.0150054 5.60979e-07 1.95362e-08
0.015006 5.60777e-07 1.95292e-08
0.0150066 5.60575e-07 1.95221e-08
0.0150073 5.60372e-07 1.9515e-08
0.0150079 5.60169e-07 1.95079e-08
0.0150085 5.59965e-07 1.95008e-08
0.0150091 5.5976e-07 1.94936e-08
0.0150098 5.59556e-07 1.94865e-08
0.0150104 5.5935e-07 1.94793e-08
0.015011 5.59145e-07 1.94721e-08
0.0150116 5.58938e-07 1.94649e-08
0.0150122 5.58732e-07 1.94576e-08
0.0150129 5.58524e-07 1.94504e-08
0.0150135 5.58317e-07 1.94431e-08
0.0150141 5.58108e-07 1.94358e-08
0.0150147 5.579e-07 1.94285e-08
0.0150153 5.57691e-07 1.94212e-08
0.015016 5.57481e-07 1.94139e-08
0.0150166 5.57271e-07 1.94065e-08
0.0150172 5.5706e-07 1.93991e-08
0.0150178 5.56849e-07 1.93917e-08
0.0150184 5.56637e-07 1.93843e-08
0.0150191 5.56425e-07 1.93769e-08
0.0150197 5.56213e-07 1.93694e-08
0.0150203 5.56e-07 1.9362e-08
0.0150209 5.55786e-07 1.93545e-08
0.0150216 5.55572e-07 1.9347e-08
0.0150222 5.55358e-07 1.93394e-08
0.0150228 5.55143e-07 1.93319e-08
0.0150234 5.54927e-07 1.93243e-08
0.015024 5.54711e-07 1.93168e-08
0.0150247 5.54495e-07 1.93092e-08
0.0150253 5.54278e-07 1.93016e-08
0.0150259 5.54061e-07 1.92939e-08
0.0150265 5.53843e-07 1.92863e-08
0.0150271 5.53631e-07 1.92786e-08
0.0150278 5.53424e-07 1.92709e-08
0.0150284 5.53217e-07 1.92632e-08
0.015029 5.53009e-07 1.92555e-08
0.0150296 5.52801e-07 1.92478e-08
0.0150303 5.52592e-07 1.924e-08
0.0150309 5.52383e-07 1.92323e-08
0.0150315 5.52173e-07 1.92245e-08
0.0150321 5.51963e-07 1.92167e-08
0.0150327 5.51752e-07 1.92088e-08
0.0150334 5.51541e-07 1.9201e-08
0.015034 5.51329e-07 1.91931e-08
0.0150346 5.51117e-07 1.91852e-08
0.0150352 5.50904e-07 1.91773e-08
0.0150358 5.5069e-07 1.91694e-08
0.0150365 5.50477e-07 1.91615e-08
0.0150371 5.50262e-07 1.91536e-08
0.0150377 5.50048e-07 1.91456e-08
0.0150383 5.49832e-07 1.91376e-08
0.015039 5.49617e-07 1.91296e-08
0.0150396 5.494e-07 1.91216e-08
0.0150402 5.49183e-07 1.91135e-08
0.0150408 5.48966e-07 1.91055e-08
0.0150414 5.48748e-07 1.90974e-08
0.0150421 5.4853e-07 1.90893e-08
0.0150427 5.48311e-07 1.90812e-08
0.0150433 5.48092e-07 1.90731e-08
0.0150439 5.47872e-07 1.90649e-08
0.0150445 5.47652e-07 1.90568e-08
0.0150452 5.47431e-07 1.90486e-08
0.0150458 5.4721e-07 1.90404e-08
0.0150464 5.46988e-07 1.90322e-08
0.015047 5.46766e-07 1.90239e-08
0.0150476 5.46543e-07 1.90157e-08
0.0150483 5.4632e-07 1.90074e-08
0.0150489 5.46096e-07 1.89991e-08
0.0150495 5.45872e-07 1.89908e-08
0.0150501 5.45647e-07 1.89825e-08
0.0150508 5.45422e-07 1.89742e-08
0.0150514 5.45196e-07 1.89658e-08
0.015052 5.4497e-07 1.89575e-08
0.0150526 5.44743e-07 1.89491e-08
0.0150532 5.44516e-07 1.89407e-08
0.0150539 5.44289e-07 1.89322e-08
0.0150545 5.4406e-07 1.89238e-08
0.0150551 5.43832e-07 1.89153e-08
0.0150557 5.43603e-07 1.89068e-08
0.0150563 5.43373e-07 1.88984e-08
0.015057 5.43143e-07 1.88898e-08
0.0150576 5.42912e-07 1.88813e-08
0.0150582 5.42681e-07 1.88728e-08
0.0150588 5.42449e-07 1.88642e-08
0.0150595 5.42217e-07 1.88556e-08
0.0150601 5.41985e-07 1.8847e-08
0.0150607 5.41751e-07 1.88384e-08
0.0150613 5.41518e-07 1.88298e-08
0.0150619 5.41284e-07 1.88211e-08
0.0150626 5.41049e-07 1.88124e-08
0.0150632 5.40814e-07 1.88038e-08
0.0150638 5.40579e-07 1.87951e-08
0.0150644 5.40343e-07 1.87863e-08
0.015065 5.40106e-07 1.87776e-08
0.0150657 5.39869e-07 1.87688e-08
0.0150663 5.39632e-07 1.87601e-08
0.0150669 5.39394e-07 1.87513e-08
0.0150675 5.39155e-07 1.87425e-08
0.0150682 5.38916e-07 1.87337e-08
0.0150688 5.38677e-07 1.87248e-08
0.0150694 5.38437e-07 1.8716e-08
0.01507 5.38196e-07 1.87071e-08
0.0150706 5.37955e-07 1.86982e-08
0.0150713 5.37714e-07 1.86893e-08
0.0150719 5.37472e-07 1.86804e-08
0.0150725 5.3723e-07 1.86714e-08
0.0150731 5.36987e-07 1.86625e-08
0.0150737 5.36744e-07 1.86535e-08
0.0150744 5.365e-07 1.86445e-08
0.015075 5.36256e-07 1.86355e-08
0.0150756 5.36011e-07 1.86264e-08
0.0150762 5.35766e-07 1.86174e-08
0.0150768 5.3552e-07 1.86083e-08
0.0150775 5.35274e-07 1.85992e-08
0.0150781 5.35027e-07 1.85901e-08
0.0150787 5.3478e-07 1.8581e-08
0.0150793 5.34532e-07 1.85719e-08
0.01508 5.34284e-07 1.85628e-08
0.0150806 5.34035e-07 1.85536e-08
0.0150812 5.33786e-07 1.85444e-08
0.0150818 5.33537e-07 1.85352e-08
0.0150824 5.33286e-07 1.8526e-08
0.0150831 5.33036e-07 1.85168e-08
0.0150837 5.32785e-07 1.85075e-08
0.0150843 5.32533e-07 1.84982e-08
0.0150849 5.32281e-07 1.8489e-08
0.0150855 5.32029e-07 1.84797e-08
0.0150862 5.31776e-07 1.84703e-08
0.0150868 5.31523e-07 1.8461e-08
0.0150874 5.31269e-07 1.84517e-08
0.015088 5.31014e-07 1.84423e-08
0.0150887 5.3076e-07 1.84329e-08
0.0150893 5.30504e-07 1.84235e-08
0.0150899 5.30248e-07 1.84141e-08
0.0150905 5.29992e-07 1.84046e-08
0.0150911 5.29735e-07 1.83952e-08
0.0150918 5.29478e-07 1.83857e-08
0.0150924 5.2922e-07 1.83762e-08
0.015093 5.28962e-07 1.83667e-08
0.0150936 5.28704e-07 1.83572e-08
0.0150942 5.28445e-07 1.83477e-08
0.0150949 5.28185e-07 1.83381e-08
0.0150955 5.27925e-07 1.83286e-08
0.0150961 5.27664e-07 1.8319e-08
0.0150967 5.27403e-07 1.83094e-08
0.0150974 5.27142e-07 1.82998e-08
0.015098 5.2688e-07 1.82901e-08
0.0150986 5.26618e-07 1.82805e-08
0.0150992 5.26355e-07 1.82708e-08
0.0150998 5.26091e-07 1.82611e-08
0.0151005 5.25827e-07 1.82514e-08
0.0151011 5.25563e-07 1.82417e-08
0.0151017 5.25298e-07 1.8232e-08
0.0151023 5.25033e-07 1.82222e-08
0.0151029 5.24767e-07 1.82124e-08
0.0151036 5.24501e-07 1.82026e-08
0.0151042 5.24235e-07 1.81928e-08
0.0151048 5.23967e-07 1.8183e-08
0.0151054 5.237e-07 1.81732e-08
0.0151061 5.23432e-07 1.81633e-08
0.0151067 5.23163e-07 1.81535e-08
0.0151073 5.22894e-07 1.81436e-08
0.0151079 5.22625e-07 1.81337e-08
0.0151085 5.22355e-07 1.81238e-08
0.0151092 5.22085e-07 1.81138e-08
0.0151098 5.21814e-07 1.81039e-08
0.0151104 5.21542e-07 1.80939e-08
0.015111 5.21271e-07 1.80839e-08
0.0151116 5.20998e-07 1.80739e-08
0.0151123 5.20726e-07 1.80639e-08
0.0151129 5.20453e-07 1.80539e-08
0.0151135 5.20179e-07 1.80438e-08
0.0151141 5.19905e-07 1.80338e-08
0.0151147 5.1963e-07 1.80237e-08
0.0151154 5.19355e-07 1.80136e-08
0.015116 5.1908e-07 1.80035e-08
0.0151166 5.18804e-07 1.79933e-08
0.0151172 5.18527e-07 1.79832e-08
0.0151179 5.18251e-07 1.7973e-08
0.0151185 5.17973e-07 1.79629e-08
0.0151191 5.17695e-07 1.79527e-08
0.0151197 5.17417e-07 1.79425e-08
0.0151203 5.17138e-07 1.79322e-08
0.015121 5.16859e-07 1.7922e-08
0.0151216 5.1658e-07 1.79117e-08
0.0151222 5.163e-07 1.79014e-08
0.0151228 5.16019e-07 1.78912e-08
0.0151234 5.15738e-07 1.78808e-08
0.0151241 5.15457e-07 1.78705e-08
0.0151247 5.15175e-07 1.78602e-08
0.0151253 5.14892e-07 1.78498e-08
0.0151259 5.14609e-07 1.78395e-08
0.0151266 5.14326e-07 1.78291e-08
0.0151272 5.14042e-07 1.78187e-08
0.0151278 5.13758e-07 1.78082e-08
0.0151284 5.13474e-07 1.77978e-08
0.015129 5.13188e-07 1.77873e-08
0.0151297 5.12903e-07 1.77769e-08
0.0151303 5.12617e-07 1.77664e-08
0.0151309 5.1233e-07 1.77559e-08
0.0151315 5.12044e-07 1.77454e-08
0.0151321 5.11756e-07 1.77348e-08
0.0151328 5.11468e-07 1.77243e-08
0.0151334 5.1118e-07 1.77137e-08
0.015134 5.10891e-07 1.77031e-08
0.0151346 5.10602e-07 1.76925e-08
0.0151353 5.10312e-07 1.76819e-08
0.0151359 5.10022e-07 1.76713e-08
0.0151365 5.09732e-07 1.76607e-08
0.0151371 5.09441e-07 1.765e-08
0.0151377 5.09149e-07 1.76393e-08
0.0151384 5.08864e-07 1.76286e-08
0.015139 5.08582e-07 1.76179e-08
0.0151396 5.08299e-07 1.76072e-08
0.0151402 5.08016e-07 1.75965e-08
0.0151408 5.07733e-07 1.75857e-08
0.0151415 5.07449e-07 1.75749e-08
0.0151421 5.07164e-07 1.75641e-08
0.0151427 5.0688e-07 1.75533e-08
0.0151433 5.06594e-07 1.75425e-08
0.0151439 5.06309e-07 1.75317e-08
0.0151446 5.06023e-07 1.75208e-08
0.0151452 5.05736e-07 1.751e-08
0.0151458 5.05449e-07 1.74991e-08
0.0151464 5.05162e-07 1.74882e-08
0.0151471 5.04874e-07 1.74773e-08
0.0151477 5.04586e-07 1.74664e-08
0.0151483 5.04298e-07 1.74554e-08
0.0151489 5.04009e-07 1.74445e-08
0.0151495 5.03719e-07 1.74335e-08
0.0151502 5.0343e-07 1.74225e-08
0.0151508 5.0314e-07 1.74115e-08
0.0151514 5.02849e-07 1.74005e-08
0.015152 5.02558e-07 1.73894e-08
0.0151526 5.02267e-07 1.73784e-08
0.0151533 5.01975e-07 1.73673e-08
0.0151539 5.01682e-07 1.73562e-08
0.0151545 5.0139e-07 1.73451e-08
0.0151551 5.01097e-07 1.7334e-08
0.0151558 5.00803e-07 1.73229e-08
0.0151564 5.00509e-07 1.73117e-08
0.015157 5.00215e-07 1.73006e-08
0.0151576 4.9992e-07 1.72894e-08
0.0151582 4.99625e-07 1.72782e-08
0.0151589 4.9933e-07 1.7267e-08
0.0151595 4.99034e-07 1.72558e-08
0.0151601 4.98738e-07 1.72445e-08
0.0151607 4.98441e-07 1.72333e-08
0.0151613 4.98144e-07 1.7222e-08
0.015162 4.97846e-07 1.72107e-08
0.0151626 4.97548e-07 1.71994e-08
0.0151632 4.9725e-07 1.71881e-08
0.0151638 4.96951e-07 1.71768e-08
0.0151645 4.96652e-07 1.71654e-08
0.0151651 4.96352e-07 1.71541e-08
0.0151657 4.96052e-07 1.71427e-08
0.0151663 4.95752e-07 1.71313e-08
0.0151669 4.95451e-07 1.71199e-08
0.0151676 4.9515e-07 1.71085e-08
0.0151682 4.94849e-07 1.7097e-08
0.0151688 4.94547e-07 1.70856e-08
0.0151694 4.94244e-07 1.70741e-08
0.01517 4.93941e-07 1.70626e-08
0.0151707 4.93638e-07 1.70511e-08
0.0151713 4.93335e-07 1.70396e-08
0.0151719 4.93031e-07 1.70281e-08
0.0151725 4.92726e-07 1.70165e-08
0.0151731 4.92422e-07 1.7005e-08
0.0151738 4.92116e-07 1.69934e-08
0.0151744 4.91811e-07 1.69818e-08
0.015175 4.91505e-07 1.69702e-08
0.0151756 4.91198e-07 1.69586e-08
0.0151763 4.90892e-07 1.6947e-08
0.0151769 4.90585e-07 1.69353e-08
0.0151775 4.90277e-07 1.69237e-08
0.0151781 4.89969e-07 1.6912e-08
0.0151787 4.89661e-07 1.69003e-08
0.0151794 4.89352e-07 1.68886e-08
0.01518 4.89043e-07 1.68769e-08
0.0151806 4.88733e-07 1.68651e-08
0.0151812 4.88423e-07 1.68534e-08
0.0151818 4.88113e-07 1.68416e-08
0.0151825 4.87802e-07 1.68298e-08
0.0151831 4.87491e-07 1.6818e-08
0.0151837 4.8718e-07 1.68062e-08
0.0151843 4.86868e-07 1.67944e-08
0.015185 4.86555e-07 1.67825e-08
0.0151856 4.86243e-07 1.67707e-08
0.0151862 4.8593e-07 1.67588e-08
0.0151868 4.85616e-07 1.67469e-08
0.0151874 4.85302e-07 1.6735e-08
0.0151881 4.84988e-07 1.67231e-08
0.0151887 4.84673e-07 1.67112e-08
0.0151893 4.84358e-07 1.66992e-08
0.0151899 4.84043e-07 1.66873e-08
0.0151905 4.83727e-07 1.66753e-08
0.0151912 4.83411e-07 1.66633e-08
0.0151918 4.83094e-07 1.66513e-08
0.0151924 4.82777e-07 1.66393e-08
0.015193 4.8246e-07 1.66272e-08
0.0151937 4.82142e-07 1.66152e-08
0.0151943 4.81824e-07 1.66031e-08
0.0151949 4.81506e-07 1.6591e-08
0.0151955 4.81187e-07 1.6579e-08
0.0151961 4.80867e-07 1.65668e-08
0.0151968 4.80548e-07 1.65547e-08
0.0151974 4.80228e-07 1.65426e-08
0.015198 4.79907e-07 1.65304e-08
0.0151986 4.79586e-07 1.65183e-08
0.0151992 4.79265e-07 1.65061e-08
0.0151999 4.78943e-07 1.64939e-08
0.0152005 4.78621e-07 1.64817e-08
0.0152011 4.78299e-07 1.64695e-08
0.0152017 4.77976e-07 1.64572e-08
0.0152024 4.77653e-07 1.6445e-08
0.015203 4.7733e-07 1.64327e-08
0.0152036 4.77006e-07 1.64204e-08
0.0152042 4.76682e-07 1.64081e-08
0.0152048 4.76357e-07 1.63958e-08
0.0152055 4.76032e-07 1.63835e-08
0.0152061 4.75706e-07 1.63712e-08
0.0152067 4.75381e-07 1.63588e-08
0.0152073 4.75054e-07 1.63465e-08
0.0152079 4.74728e-07 1.63341e-08
0.0152086 4.74401e-07 1.63217e-08
0.0152092 4.74074e-07 1.63093e-08
0.0152098 4.73746e-07 1.62968e-08
0.0152104 4.73418e-07 1.62844e-08
0.015211 4.73089e-07 1.6272e-08
0.0152117 4.72761e-07 1.62595e-08
0.0152123 4.72431e-07 1.6247e-08
0.0152129 4.72102e-07 1.62345e-08
0.0152135 4.71772e-07 1.6222e-08
0.0152142 4.71443e-07 1.62095e-08
0.0152148 4.71123e-07 1.61969e-08
0.0152154 4.70802e-07 1.61844e-08
0.015216 4.7048e-07 1.61718e-08
0.0152166 4.70159e-07 1.61593e-08
0.0152173 4.69837e-07 1.61467e-08
0.0152179 4.69514e-07 1.61341e-08
0.0152185 4.69191e-07 1.61214e-08
0.0152191 4.68868e-07 1.61088e-08
0.0152197 4.68544e-07 1.60962e-08
0.0152204 4.6822e-07 1.60835e-08
0.015221 4.67895e-07 1.60708e-08
0.0152216 4.6757e-07 1.60581e-08
0.0152222 4.67245e-07 1.60454e-08
0.0152229 4.66919e-07 1.60327e-08
0.0152235 4.66593e-07 1.602e-08
0.0152241 4.66267e-07 1.60072e-08
0.0152247 4.6594e-07 1.59945e-08
0.0152253 4.65613e-07 1.59817e-08
0.015226 4.65285e-07 1.59689e-08
0.0152266 4.64957e-07 1.59561e-08
0.0152272 4.64629e-07 1.59433e-08
0.0152278 4.643e-07 1.59304e-08
0.0152284 4.6397e-07 1.59176e-08
0.0152291 4.63641e-07 1.59047e-08
0.0152297 4.63311e-07 1.58919e-08
0.0152303 4.6298e-07 1.5879e-08
0.0152309 4.6265e-07 1.58661e-08
0.0152316 4.62319e-07 1.58532e-08
0.0152322 4.61987e-07 1.58402e-08
0.0152328 4.61655e-07 1.58273e-08
0.0152334 4.61323e-07 1.58144e-08
0.015234 4.6099e-07 1.58014e-08
0.0152347 4.60657e-07 1.57884e-08
0.0152353 4.60323e-07 1.57754e-08
0.0152359 4.59989e-07 1.57624e-08
0.0152365 4.59655e-07 1.57494e-08
0.0152371 4.59321e-07 1.57363e-08
0.0152378 4.58986e-07 1.57233e-08
0.0152384 4.5865e-07 1.57102e-08
0.015239 4.58314e-07 1.56972e-08
0.0152396 4.57978e-07 1.56841e-08
0.0152402 4.57642e-07 1.5671e-08
0.0152409 4.57305e-07 1.56579e-08
0.0152415 4.56967e-07 1.56447e-08
0.0152421 4.5663e-07 1.56316e-08
0.0152427 4.56291e-07 1.56184e-08
0.0152434 4.55953e-07 1.56053e-08
0.015244 4.55614e-07 1.55921e-08
0.0152446 4.55275e-07 1.55789e-08
0.0152452 4.54935e-07 1.55657e-08
0.0152458 4.54595e-07 1.55524e-08
0.0152465 4.54255e-07 1.55392e-08
0.0152471 4.53914e-07 1.5526e-08
0.0152477 4.53573e-07 1.55127e-08
0.0152483 4.53232e-07 1.54994e-08
0.0152489 4.5289e-07 1.54861e-08
0.0152496 4.52547e-07 1.54728e-08
0.0152502 4.52205e-07 1.54595e-08
0.0152508 4.51862e-07 1.54462e-08
0.0152514 4.51518e-07 1.54328e-08
0.0152521 4.51175e-07 1.54195e-08
0.0152527 4.5083e-07 1.54061e-08
0.0152533 4.50486e-07 1.53927e-08
0.0152539 4.50141e-07 1.53793e-08
0.0152545 4.49796e-07 1.53659e-08
0.0152552 4.4945e-07 1.53525e-08
0.0152558 4.49104e-07 1.53391e-08
0.0152564 4.48758e-07 1.53256e-08
0.015257 4.48411e-07 1.53122e-08
0.0152576 4.48064e-07 1.52987e-08
0.0152583 4.47717e-07 1.52852e-08
0.0152589 4.47369e-07 1.52717e-08
0.0152595 4.4702e-07 1.52582e-08
0.0152601 4.46672e-07 1.52447e-08
0.0152608 4.46323e-07 1.52311e-08
0.0152614 4.45974e-07 1.52176e-08
0.015262 4.45624e-07 1.5204e-08
0.0152626 4.45274e-07 1.51904e-08
0.0152632 4.44923e-07 1.51768e-08
0.0152639 4.44573e-07 1.51632e-08
0.0152645 4.44221e-07 1.51496e-08
0.0152651 4.4387e-07 1.5136e-08
0.0152657 4.43518e-07 1.51223e-08
0.0152663 4.43166e-07 1.51087e-08
0.015267 4.42813e-07 1.5095e-08
0.0152676 4.4246e-07 1.50813e-08
0.0152682 4.42107e-07 1.50676e-08
0.0152688 4.41753e-07 1.50539e-08
0.0152694 4.41399e-07 1.50402e-08
0.0152701 4.41044e-07 1.50265e-08
0.0152707 4.4069e-07 1.50127e-08
0.0152713 4.40334e-07 1.4999e-08
0.0152719 4.39979e-07 1.49852e-08
0.0152726 4.39623e-07 1.49714e-08
0.0152732 4.39267e-07 1.49576e-08
0.0152738 4.3891e-07 1.49438e-08
0.0152744 4.38553e-07 1.493e-08
0.015275 4.38196e-07 1.49162e-08
0.0152757 4.37838e-07 1.49023e-08
0.0152763 4.3748e-07 1.48885e-08
0.0152769 4.37122e-07 1.48746e-08
0.0152775 4.36763e-07 1.48607e-08
0.0152781 4.36404e-07 1.48468e-08
0.0152788 4.36044e-07 1.48329e-08
0.0152794 4.35684e-07 1.4819e-08
0.01528 4.35324e-07 1.4805e-08
0.0152806 4.34963e-07 1.47911e-08
0.0152813 4.34603e-07 1.47771e-08
0.0152819 4.34241e-07 1.47632e-08
0.0152825 4.3388e-07 1.47492e-08
0.0152831 4.33518e-07 1.47352e-08
0.0152837 4.33155e-07 1.47212e-08
0.0152844 4.32793e-07 1.47072e-08
0.015285 4.3243e-07 1.46931e-08
0.0152856 4.32066e-07 1.46791e-08
0.0152862 4.31703e-07 1.4665e-08
0.0152868 4.31338e-07 1.4651e-08
0.0152875 4.30974e-07 1.46369e-08
0.0152881 4.30609e-07 1.46228e-08
0.0152887 4.30244e-07 1.46087e-08
0.0152893 4.29879e-07 1.45946e-08
0.01529 4.29513e-07 1.45804e-08
0.0152906 4.29146e-07 1.45663e-08
0.0152912 4.2878e-07 1.45521e-08
0.0152918 4.28413e-07 1.4538e-08
0.0152924 4.28046e-07 1.45238e-08
0.0152931 4.27678e-07 1.45096e-08
0.0152937 4.2731e-07 1.44954e-08
0.0152943 4.26942e-07 1.44812e-08
0.0152949 4.26573e-07 1.44669e-08
0.0152955 4.26204e-07 1.44527e-08
0.0152962 4.25835e-07 1.44384e-08
0.0152968 4.25465e-07 1.44242e-08
0.0152974 4.25095e-07 1.44099e-08
0.015298 4.24725e-07 1.43956e-08
0.0152987 4.24354e-07 1.43813e-08
0.0152993 4.23983e-07 1.4367e-08
0.0152999 4.23612e-07 1.43527e-08
0.0153005 4.2324e-07 1.43383e-08
0.0153011 4.22868e-07 1.4324e-08
0.0153018 4.22496e-07 1.43096e-08
0.0153024 4.22128e-07 1.42953e-08
0.015303 4.2178e-07 1.42809e-08
0.0153036 4.21431e-07 1.42665e-08
0.0153042 4.21082e-07 1.42521e-08
0.0153049 4.20733e-07 1.42377e-08
0.0153055 4.20383e-07 1.42232e-08
0.0153061 4.20033e-07 1.42088e-08
0.0153067 4.19682e-07 1.41943e-08
0.0153073 4.19332e-07 1.41799e-08
0.015308 4.18981e-07 1.41654e-08
0.0153086 4.18629e-07 1.41509e-08
0.0153092 4.18278e-07 1.41364e-08
0.0153098 4.17926e-07 1.41219e-08
0.0153105 4.17574e-07 1.41074e-08
0.0153111 4.17221e-07 1.40928e-08
0.0153117 4.16868e-07 1.40783e-08
0.0153123 4.16515e-07 1.40637e-08
0.0153129 4.16162e-07 1.40491e-08
0.0153136 4.15808e-07 1.40346e-08
0.0153142 4.15454e-07 1.402e-08
0.0153148 4.15099e-07 1.40054e-08
0.0153154 4.14744e-07 1.39908e-08
0.015316 4.14389e-07 1.39761e-08
0.0153167 4.14034e-07 1.39615e-08
0.0153173 4.13678e-07 1.39468e-08
0.0153179 4.13322e-07 1.39322e-08
0.0153185 4.12966e-07 1.39175e-08
0.0153192 4.12609e-07 1.39028e-08
0.0153198 4.12252e-07 1.38881e-08
0.0153204 4.11895e-07 1.38734e-08
0.015321 4.11538e-07 1.38587e-08
0.0153216 4.1118e-07 1.38439e-08
0.0153223 4.10822e-07 1.38292e-08
0.0153229 4.10463e-07 1.38145e-08
0.0153235 4.10104e-07 1.37997e-08
0.0153241 4.09745e-07 1.37849e-08
0.0153247 4.09386e-07 1.37701e-08
0.0153254 4.09026e-07 1.37553e-08
0.015326 4.08666e-07 1.37405e-08
0.0153266 4.08306e-07 1.37257e-08
0.0153272 4.07946e-07 1.37109e-08
0.0153279 4.07585e-07 1.3696e-08
0.0153285 4.07223e-07 1.36812e-08
0.0153291 4.06862e-07 1.36663e-08
0.0153297 4.065e-07 1.36514e-08
0.0153303 4.06138e-07 1.36365e-08
0.015331 4.05776e-07 1.36216e-08
0.0153316 4.05413e-07 1.36067e-08
0.0153322 4.0505e-07 1.35918e-08
0.0153328 4.04687e-07 1.35769e-08
0.0153334 4.04323e-07 1.35619e-08
0.0153341 4.03959e-07 1.3547e-08
0.0153347 4.03595e-07 1.3532e-08
0.0153353 4.0323e-07 1.3517e-08
0.0153359 4.02866e-07 1.3502e-08
0.0153365 4.025e-07 1.3487e-08
0.0153372 4.02135e-07 1.3472e-08
0.0153378 4.01769e-07 1.3457e-08
0.0153384 4.01403e-07 1.3442e-08
0.015339 4.01037e-07 1.34269e-08
0.0153397 4.00671e-07 1.34119e-08
0.0153403 4.00304e-07 1.33968e-08
0.0153409 3.99936e-07 1.33817e-08
0.0153415 3.99569e-07 1.33666e-08
0.0153421 3.99201e-07 1.33516e-08
0.0153428 3.98833e-07 1.33364e-08
0.0153434 3.98465e-07 1.33213e-08
0.015344 3.98096e-07 1.33062e-08
0.0153446 3.97727e-07 1.32911e-08
0.0153452 3.97358e-07 1.32759e-08
0.0153459 3.96988e-07 1.32607e-08
0.0153465 3.96619e-07 1.32456e-08
0.0153471 3.96249e-07 1.32304e-08
0.0153477 3.95878e-07 1.32152e-08
0.0153484 3.95507e-07 1.32e-08
0.015349 3.95136e-07 1.31848e-08
0.0153496 3.94765e-07 1.31696e-08
0.0153502 3.94394e-07 1.31543e-08
0.0153508 3.94022e-07 1.31391e-08
0.0153515 3.9365e-07 1.31238e-08
0.0153521 3.93277e-07 1.31086e-08
0.0153527 3.92904e-07 1.30933e-08
0.0153533 3.92531e-07 1.3078e-08
0.0153539 3.92158e-07 1.30627e-08
0.0153546 3.91785e-07 1.30474e-08
0.0153552 3.91411e-07 1.30321e-08
0.0153558 3.91037e-07 1.30167e-08
0.0153564 3.90662e-07 1.30014e-08
0.0153571 3.90287e-07 1.2986e-08
0.0153577 3.89912e-07 1.29707e-08
0.0153583 3.89537e-07 1.29553e-08
0.0153589 3.89162e-07 1.29399e-08
0.0153595 3.88786e-07 1.29245e-08
0.0153602 3.8841e-07 1.29091e-08
0.0153608 3.88033e-07 1.28937e-08
0.0153614 3.87656e-07 1.28783e-08
0.015362 3.87279e-07 1.28629e-08
0.0153626 3.86902e-07 1.28474e-08
0.0153633 3.86525e-07 1.2832e-08
0.0153639 3.86147e-07 1.28165e-08
0.0153645 3.85769e-07 1.2801e-08
0.0153651 3.8539e-07 1.27856e-08
0.0153657 3.85012e-07 1.27701e-08
0.0153664 3.84633e-07 1.27546e-08
0.015367 3.84253e-07 1.27391e-08
0.0153676 3.83874e-07 1.27235e-08
0.0153682 3.83494e-07 1.2708e-08
0.0153689 3.83114e-07 1.26925e-08
0.0153695 3.82734e-07 1.26769e-08
0.0153701 3.82353e-07 1.26613e-08
0.0153707 3.81972e-07 1.26458e-08
0.0153713 3.81591e-07 1.26302e-08
0.015372 3.8121e-07 1.26146e-08
0.0153726 3.80828e-07 1.2599e-08
0.0153732 3.80446e-07 1.25834e-08
0.0153738 3.80064e-07 1.25677e-08
0.0153744 3.79681e-07 1.25521e-08
0.0153751 3.79298e-07 1.25365e-08
0.0153757 3.78915e-07 1.25208e-08
0.0153763 3.78532e-07 1.25052e-08
0.0153769 3.78148e-07 1.24895e-08
0.0153776 3.77764e-07 1.24738e-08
0.0153782 3.7738e-07 1.24581e-08
0.0153788 3.76996e-07 1.24424e-08
0.0153794 3.76611e-07 1.24267e-08
0.01538 3.76226e-07 1.2411e-08
0.0153807 3.75841e-07 1.23952e-08
0.0153813 3.75455e-07 1.23795e-08
0.0153819 3.75069e-07 1.23638e-08
0.0153825 3.74683e-07 1.2348e-08
0.0153831 3.74297e-07 1.23322e-08
0.0153838 3.7391e-07 1.23164e-08
0.0153844 3.73524e-07 1.23007e-08
0.015385 3.73136e-07 1.22849e-08
0.0153856 3.72749e-07 1.22691e-08
0.0153863 3.72361e-07 1.22532e-08
0.0153869 3.71973e-07 1.22374e-08
0.0153875 3.71585e-07 1.22216e-08
0.0153881 3.71197e-07 1.22057e-08
0.0153887 3.70808e-07 1.21899e-08
0.0153894 3.70419e-07 1.2174e-08
0.01539 3.7003e-07 1.21581e-08
0.0153906 3.6964e-07 1.21423e-08
0.0153912 3.6925e-07 1.21264e-08
0.0153918 3.6886e-07 1.21105e-08
0.0153925 3.6847e-07 1.20945e-08
0.0153931 3.6808e-07 1.20786e-08
0.0153937 3.67689e-07 1.20627e-08
0.0153943 3.67298e-07 1.20468e-08
0.015395 3.66906e-07 1.20308e-08
0.0153956 3.66515e-07 1.20148e-08
0.0153962 3.66123e-07 1.19989e-08
0.0153968 3.65731e-07 1.19829e-08
0.0153974 3.65338e-07 1.19669e-08
0.0153981 3.64946e-07 1.19509e-08
0.0153987 3.64553e-07 1.19349e-08
0.0153993 3.64159e-07 1.19189e-08
0.0153999 3.63766e-07 1.19029e-08
0.0154005 3.63372e-07 1.18869e-08
0.0154012 3.62978e-07 1.18708e-08
0.0154018 3.62584e-07 1.18548e-08
0.0154024 3.6219e-07 1.18387e-08
0.015403 3.61795e-07 1.18226e-08
0.0154036 3.614e-07 1.18066e-08
0.0154043 3.61005e-07 1.17905e-08
0.0154049 3.60609e-07 1.17744e-08
0.0154055 3.60214e-07 1.17583e-08
0.0154061 3.59818e-07 1.17422e-08
0.0154068 3.59421e-07 1.17261e-08
0.0154074 3.59025e-07 1.17099e-08
0.015408 3.58628e-07 1.16938e-08
0.0154086 3.58231e-07 1.16776e-08
0.0154092 3.57834e-07 1.16615e-08
0.0154099 3.57437e-07 1.16453e-08
0.0154105 3.57039e-07 1.16291e-08
0.0154111 3.56641e-07 1.1613e-08
0.0154117 3.56243e-07 1.15968e-08
0.0154123 3.55844e-07 1.15806e-08
0.015413 3.55445e-07 1.15644e-08
0.0154136 3.55046e-07 1.15481e-08
0.0154142 3.54647e-07 1.15319e-08
0.0154148 3.54248e-07 1.15157e-08
0.0154155 3.53848e-07 1.14994e-08
0.0154161 3.53448e-07 1.14832e-08
0.0154167 3.53048e-07 1.14669e-08
0.0154173 3.52647e-07 1.14506e-08
0.0154179 3.52247e-07 1.14344e-08
0.0154186 3.51846e-07 1.14181e-08
0.0154192 3.51444e-07 1.14018e-08
0.0154198 3.51043e-07 1.13855e-08
0.0154204 3.50641e-07 1.13692e-08
0.015421 3.50239e-07 1.13528e-08
0.0154217 3.49837e-07 1.13365e-08
0.0154223 3.49435e-07 1.13202e-08
0.0154229 3.49032e-07 1.13038e-08
0.0154235 3.48629e-07 1.12875e-08
0.0154242 3.48226e-07 1.12711e-08
0.0154248 3.47823e-07 1.12547e-08
0.0154254 3.47419e-07 1.12384e-08
0.015426 3.47015e-07 1.1222e-08
0.0154266 3.46611e-07 1.12056e-08
0.0154273 3.46207e-07 1.11892e-08
0.0154279 3.45802e-07 1.11728e-08
0.0154285 3.45397e-07 1.11563e-08
0.0154291 3.44992e-07 1.11399e-08
0.0154297 3.44587e-07 1.11235e-08
0.0154304 3.44181e-07 1.1107e-08
0.015431 3.43776e-07 1.10906e-08
0.0154316 3.4337e-07 1.10741e-08
0.0154322 3.42963e-07 1.10576e-08
0.0154328 3.42557e-07 1.10412e-08
0.0154335 3.4215e-07 1.10247e-08
0.0154341 3.41743e-07 1.10082e-08
0.0154347 3.41336e-07 1.09917e-08
0.0154353 3.40929e-07 1.09752e-08
0.015436 3.40521e-07 1.09586e-08
0.0154366 3.40113e-07 1.09421e-08
0.0154372 3.39705e-07 1.09256e-08
0.0154378 3.39297e-07 1.0909e-08
0.0154384 3.38888e-07 1.08925e-08
0.0154391 3.38479e-07 1.08759e-08
0.0154397 3.3807e-07 1.08593e-08
0.0154403 3.37661e-07 1.08428e-08
0.0154409 3.37251e-07 1.08262e-08
0.0154415 3.36842e-07 1.08096e-08
0.0154422 3.36432e-07 1.0793e-08
0.0154428 3.36021e-07 1.07764e-08
0.0154434 3.35611e-07 1.07598e-08
0.015444 3.352e-07 1.07431e-08
0.0154447 3.34789e-07 1.07265e-08
0.0154453 3.34378e-07 1.07099e-08
0.0154459 3.33967e-07 1.06932e-08
0.0154465 3.33555e-07 1.06766e-08
0.0154471 3.33144e-07 1.06599e-08
0.0154478 3.32732e-07 1.06433e-08
0.0154484 3.32319e-07 1.06266e-08
0.015449 3.31907e-07 1.06099e-08
0.0154496 3.31494e-07 1.05932e-08
0.0154502 3.31081e-07 1.05765e-08
0.0154509 3.30668e-07 1.05598e-08
0.0154515 3.30255e-07 1.05431e-08
0.0154521 3.29841e-07 1.05263e-08
0.0154527 3.29428e-07 1.05096e-08
0.0154534 3.29014e-07 1.04929e-08
0.015454 3.28599e-07 1.04761e-08
0.0154546 3.28185e-07 1.04594e-08
0.0154552 3.2777e-07 1.04426e-08
0.0154558 3.27355e-07 1.04259e-08
0.0154565 3.2694e-07 1.04091e-08
0.0154571 3.26525e-07 1.03923e-08
0.0154577 3.26109e-07 1.03755e-08
0.0154583 3.25693e-07 1.03587e-08
0.0154589 3.25277e-07 1.03419e-08
0.0154596 3.24861e-07 1.03251e-08
0.0154602 3.24445e-07 1.03083e-08
0.0154608 3.24028e-07 1.02914e-08
0.0154614 3.23611e-07 1.02746e-08
0.015462 3.23194e-07 1.02578e-08
0.0154627 3.22777e-07 1.02409e-08
0.0154633 3.22359e-07 1.02241e-08
0.0154639 3.21942e-07 1.02072e-08
0.0154645 3.21524e-07 1.01903e-08
0.0154652 3.21106e-07 1.01735e-08
0.0154658 3.20687e-07 1.01566e-08
0.0154664 3.20269e-07 1.01397e-08
0.015467 3.1985e-07 1.01228e-08
0.0154676 3.19431e-07 1.01059e-08
0.0154683 3.19012e-07 1.0089e-08
0.0154689 3.18592e-07 1.0072e-08
0.0154695 3.18173e-07 1.00551e-08
0.0154701 3.17753e-07 1.00382e-08
0.0154707 3.17333e-07 1.00212e-08
0.0154714 3.16912e-07 1.00043e-08
0.015472 3.16492e-07 9.98733e-09
0.0154726 3.16071e-07 9.97037e-09
0.0154732 3.1565e-07 9.9534e-09
0.0154739 3.15229e-07 9.93642e-09
0.0154745 3.14808e-07 9.91944e-09
0.0154751 3.14386e-07 9.90245e-09
0.0154757 3.13965e-07 9.88545e-09
0.0154763 3.13543e-07 9.86845e-09
0.015477 3.13121e-07 9.85144e-09
0.0154776 3.12698e-07 9.83442e-09
0.0154782 3.12276e-07 9.8174e-09
0.0154788 3.11853e-07 9.80037e-09
0.0154794 3.1143e-07 9.78333e-09
0.0154801 3.11007e-07 9.76629e-09
0.0154807 3.10584e-07 9.74923e-09
0.0154813 3.1016e-07 9.73218e-09
0.0154819 3.09736e-07 9.71511e-09
0.0154826 3.09312e-07 9.69804e-09
0.0154832 3.08888e-07 9.68097e-09
0.0154838 3.08464e-07 9.66388e-09
0.0154844 3.08039e-07 9.64679e-09
0.015485 3.07614e-07 9.62969e-09
0.0154857 3.0719e-07 9.61259e-09
0.0154863 3.06764e-07 9.59548e-09
0.0154869 3.06339e-07 9.57836e-09
0.0154875 3.05913e-07 9.56124e-09
0.0154881 3.05488e-07 9.54411e-09
0.0154888 3.05062e-07 9.52697e-09
0.0154894 3.04636e-07 9.50983e-09
0.01549 3.04209e-07 9.49268e-09
0.0154906 3.03783e-07 9.47552e-09
0.0154913 3.03356e-07 9.45836e-09
0.0154919 3.02929e-07 9.44119e-09
0.0154925 3.02502e-07 9.42402e-09
0.0154931 3.02075e-07 9.40684e-09
0.0154937 3.01647e-07 9.38965e-09
0.0154944 3.01219e-07 9.37245e-09
0.015495 3.00791e-07 9.35525e-09
0.0154956 3.00363e-07 9.33805e-09
0.0154962 2.99935e-07 9.32084e-09
0.0154968 2.99507e-07 9.30362e-09
0.0154975 2.99078e-07 9.28639e-09
0.0154981 2.98649e-07 9.26916e-09
0.0154987 2.9822e-07 9.25192e-09
0.0154993 2.97791e-07 9.23468e-09
0.0154999 2.97361e-07 9.21743e-09
0.0155006 2.96932e-07 9.20017e-09
0.0155012 2.96502e-07 9.18291e-09
0.0155018 2.96072e-07 9.16564e-09
0.0155024 2.95642e-07 9.14837e-09
0.0155031 2.95211e-07 9.13109e-09
0.0155037 2.94781e-07 9.1138e-09
0.0155043 2.9435e-07 9.09651e-09
0.0155049 2.93919e-07 9.07921e-09
0.0155055 2.93504e-07 9.06191e-09
0.0155062 2.9315e-07 9.0446e-09
0.0155068 2.92796e-07 9.02728e-09
0.0155074 2.92442e-07 9.00996e-09
0.015508 2.92087e-07 8.99263e-09
0.0155086 2.91733e-07 8.9753e-09
0.0155093 2.91378e-07 8.95796e-09
0.0155099 2.91023e-07 8.94062e-09
0.0155105 2.90668e-07 8.92327e-09
0.0155111 2.90313e-07 8.90591e-09
0.0155118 2.89958e-07 8.88855e-09
0.0155124 2.89603e-07 8.87118e-09
0.015513 2.89248e-07 8.8538e-09
0.0155136 2.88892e-07 8.83642e-09
0.0155142 2.88537e-07 8.81904e-09
0.0155149 2.88181e-07 8.80165e-09
0.0155155 2.87825e-07 8.78425e-09
0.0155161 2.87469e-07 8.76685e-09
0.0155167 2.87113e-07 8.74944e-09
0.0155173 2.86757e-07 8.73203e-09
0.015518 2.86401e-07 8.71461e-09
0.0155186 2.86045e-07 8.69718e-09
0.0155192 2.85688e-07 8.67975e-09
0.0155198 2.85332e-07 8.66232e-09
0.0155205 2.84975e-07 8.64488e-09
0.0155211 2.84618e-07 8.62743e-09
0.0155217 2.84261e-07 8.60998e-09
0.0155223 2.83904e-07 8.59252e-09
0.0155229 2.83547e-07 8.57506e-09
0.0155236 2.8319e-07 8.55759e-09
0.0155242 2.82833e-07 8.54012e-09
0.0155248 2.82475e-07 8.52264e-09
0.0155254 2.82118e-07 8.50515e-09
0.015526 2.8176e-07 8.48766e-09
0.0155267 2.81402e-07 8.47017e-09
0.0155273 2.81045e-07 8.45267e-09
0.0155279 2.80687e-07 8.43516e-09
0.0155285 2.80329e-07 8.41765e-09
0.0155291 2.79971e-07 8.40013e-09
0.0155298 2.79612e-07 8.38261e-09
0.0155304 2.79254e-07 8.36509e-09
0.015531 2.78896e-07 8.34755e-09
0.0155316 2.78537e-07 8.33002e-09
0.0155323 2.78178e-07 8.31247e-09
0.0155329 2.7782e-07 8.29493e-09
0.0155335 2.77461e-07 8.27737e-09
0.0155341 2.77102e-07 8.25982e-09
0.0155347 2.76743e-07 8.24226e-09
0.0155354 2.76384e-07 8.22469e-09
0.015536 2.76025e-07 8.20712e-09
0.0155366 2.75665e-07 8.18954e-09
0.0155372 2.75306e-07 8.17196e-09
0.0155378 2.74946e-07 8.15437e-09
0.0155385 2.74587e-07 8.13678e-09
0.0155391 2.74227e-07 8.11918e-09
0.0155397 2.73867e-07 8.10158e-09
0.0155403 2.73507e-07 8.08397e-09
0.015541 2.73147e-07 8.06636e-09
0.0155416 2.72787e-07 8.04874e-09
0.0155422 2.72427e-07 8.03112e-09
0.0155428 2.72067e-07 8.01349e-09
0.0155434 2.71706e-07 7.99586e-09
0.0155441 2.71346e-07 7.97822e-09
0.0155447 2.70985e-07 7.96058e-09
0.0155453 2.70625e-07 7.94294e-09
0.0155459 2.70264e-07 7.92529e-09
0.0155465 2.69903e-07 7.90764e-09
0.0155472 2.69542e-07 7.88997e-09
0.0155478 2.69181e-07 7.87231e-09
0.0155484 2.6882e-07 7.85464e-09
0.015549 2.68459e-07 7.83697e-09
0.0155497 2.68097e-07 7.81929e-09
0.0155503 2.67736e-07 7.80161e-09
0.0155509 2.67374e-07 7.78392e-09
0.0155515 2.67013e-07 7.76623e-09
0.0155521 2.66651e-07 7.74853e-09
0.0155528 2.66289e-07 7.73083e-09
0.0155534 2.65928e-07 7.71313e-09
0.015554 2.65566e-07 7.69541e-09
0.0155546 2.65204e-07 7.6777e-09
0.0155552 2.64842e-07 7.65998e-09
0.0155559 2.64479e-07 7.64226e-09
0.0155565 2.64117e-07 7.62453e-09
0.0155571 2.63755e-07 7.6068e-09
0.0155577 2.63392e-07 7.58906e-09
0.0155583 2.6303e-07 7.57132e-09
0.015559 2.62667e-07 7.55358e-09
0.0155596 2.62304e-07 7.53583e-09
0.0155602 2.61942e-07 7.51808e-09
0.0155608 2.61579e-07 7.50032e-09
0.0155615 2.61216e-07 7.48255e-09
0.0155621 2.60853e-07 7.46479e-09
0.0155627 2.6049e-07 7.44702e-09
0.0155633 2.60127e-07 7.42924e-09
0.0155639 2.59763e-07 7.41146e-09
0.0155646 2.594e-07 7.39368e-09
0.0155652 2.59036e-07 7.37589e-09
0.0155658 2.58673e-07 7.3581e-09
0.0155664 2.58309e-07 7.34031e-09
0.015567 2.57946e-07 7.32251e-09
0.0155677 2.57582e-07 7.3047e-09
0.0155683 2.57218e-07 7.2869e-09
0.0155689 2.56854e-07 7.26908e-09
0.0155695 2.5649e-07 7.25127e-09
0.0155702 2.56126e-07 7.23345e-09
0.0155708 2.55762e-07 7.21563e-09
0.0155714 2.55398e-07 7.1978e-09
0.015572 2.55033e-07 7.17997e-09
0.0155726 2.54669e-07 7.16213e-09
0.0155733 2.54305e-07 7.14429e-09
0.0155739 2.5394e-07 7.12645e-09
0.0155745 2.53575e-07 7.10861e-09
0.0155751 2.53211e-07 7.09075e-09
0.0155757 2.52846e-07 7.0729e-09
0.0155764 2.52481e-07 7.05504e-09
0.015577 2.52116e-07 7.03718e-09
0.0155776 2.51751e-07 7.01931e-09
0.0155782 2.51386e-07 7.00144e-09
0.0155789 2.51021e-07 6.98357e-09
0.0155795 2.50656e-07 6.96569e-09
0.0155801 2.50291e-07 6.94781e-09
0.0155807 2.49925e-07 6.92993e-09
0.0155813 2.4956e-07 6.91204e-09
0.015582 2.49194e-07 6.89415e-09
0.0155826 2.48829e-07 6.87626e-09
0.0155832 2.48463e-07 6.85836e-09
0.0155838 2.48097e-07 6.84046e-09
0.0155844 2.47732e-07 6.82255e-09
0.0155851 2.47366e-07 6.80464e-09
0.0155857 2.47e-07 6.78673e-09
0.0155863 2.46634e-07 6.76881e-09
0.0155869 2.46268e-07 6.75089e-09
0.0155876 2.45902e-07 6.73297e-09
0.0155882 2.45536e-07 6.71504e-09
0.0155888 2.45169e-07 6.69711e-09
0.0155894 2.44803e-07 6.67918e-09
0.01559 2.44437e-07 6.66124e-09
0.0155907 2.4407e-07 6.6433e-09
0.0155913 2.43704e-07 6.62536e-09
0.0155919 2.43337e-07 6.60741e-09
0.0155925 2.4297e-07 6.58946e-09
0.0155931 2.42604e-07 6.57151e-09
0.0155938 2.42237e-07 6.55355e-09
0.0155944 2.4187e-07 6.53559e-09
0.015595 2.41503e-07 6.51763e-09
0.0155956 2.41136e-07 6.49966e-09
0.0155962 2.40769e-07 6.4817e-09
0.0155969 2.40402e-07 6.46372e-09
0.0155975 2.40035e-07 6.44575e-09
0.0155981 2.39668e-07 6.42777e-09
0.0155987 2.39301e-07 6.40979e-09
0.0155994 2.38933e-07 6.3918e-09
0.0156 2.38566e-07 6.37381e-09
0.0156006 2.38198e-07 6.35582e-09
0.0156012 2.37831e-07 6.33783e-09
0.0156018 2.37463e-07 6.31983e-09
0.0156025 2.37096e-07 6.30183e-09
0.0156031 2.36728e-07 6.28383e-09
0.0156037 2.3636e-07 6.26582e-09
0.0156043 2.35993e-07 6.24781e-09
0.0156049 2.35625e-07 6.2298e-09
0.0156056 2.35257e-07 6.21179e-09
0.0156062 2.34889e-07 6.19377e-09
0.0156068 2.34521e-07 6.17575e-09
0.0156074 2.34153e-07 6.15773e-09
0.0156081 2.33785e-07 6.1397e-09
0.0156087 2.33416e-07 6.12167e-09
0.0156093 2.33048e-07 6.10364e-09
0.0156099 2.3268e-07 6.08561e-09
0.0156105 2.32311e-07 6.06757e-09
0.0156112 2.31943e-07 6.04953e-09
0.0156118 2.31575e-07 6.03149e-09
0.0156124 2.31206e-07 6.01344e-09
0.015613 2.30837e-07 5.99539e-09
0.0156136 2.30469e-07 5.97734e-09
0.0156143 2.301e-07 5.95929e-09
0.0156149 2.29731e-07 5.94123e-09
0.0156155 2.29363e-07 5.92317e-09
0.0156161 2.28994e-07 5.90511e-09
0.0156168 2.28625e-07 5.88705e-09
0.0156174 2.28256e-07 5.86898e-09
0.015618 2.27962e-07 5.85092e-09
0.0156186 2.2771e-07 5.83285e-09
0.0156192 2.27458e-07 5.81477e-09
0.0156199 2.27206e-07 5.79669e-09
0.0156205 2.26954e-07 5.77862e-09
0.0156211 2.26701e-07 5.76054e-09
0.0156217 2.26449e-07 5.74245e-09
0.0156223 2.26196e-07 5.72437e-09
0.015623 2.25944e-07 5.70628e-09
0.0156236 2.25691e-07 5.68819e-09
0.0156242 2.25438e-07 5.6701e-09
0.0156248 2.25186e-07 5.652e-09
0.0156254 2.24933e-07 5.6339e-09
0.0156261 2.2468e-07 5.6158e-09
0.0156267 2.24427e-07 5.5977e-09
0.0156273 2.24174e-07 5.5796e-09
0.0156279 2.23921e-07 5.56149e-09
0.0156286 2.23668e-07 5.54338e-09
0.0156292 2.23415e-07 5.52528e-09
0.0156298 2.23161e-07 5.50716e-09
0.0156304 2.22908e-07 5.48905e-09
0.015631 2.22654e-07 5.47093e-09
0.0156317 2.22401e-07 5.45281e-09
0.0156323 2.22147e-07 5.43469e-09
0.0156329 2.21894e-07 5.41657e-09
0.0156335 2.2164e-07 5.39844e-09
0.0156341 2.21386e-07 5.38031e-09
0.0156348 2.21133e-07 5.36218e-09
0.0156354 2.20879e-07 5.34405e-09
0.015636 2.20625e-07 5.32592e-09
0.0156366 2.20371e-07 5.30779e-09
0.0156373 2.20117e-07 5.28965e-09
0.0156379 2.19863e-07 5.27151e-09
0.0156385 2.19608e-07 5.25337e-09
0.0156391 2.19354e-07 5.23523e-09
0.0156397 2.191e-07 5.21708e-09
0.0156404 2.18845e-07 5.19894e-09
0.015641 2.18591e-07 5.18079e-09
0.0156416 2.18336e-07 5.16263e-09
0.0156422 2.18082e-07 5.14448e-09
0.0156428 2.17827e-07 5.12633e-09
0.0156435 2.17573e-07 5.10818e-09
0.0156441 2.17318e-07 5.09002e-09
0.0156447 2.17063e-07 5.07186e-09
0.0156453 2.16808e-07 5.0537e-09
0.015646 2.16553e-07 5.03554e-09
0.0156466 2.16298e-07 5.01738e-09
0.0156472 2.16043e-07 4.99921e-09
0.0156478 2.15788e-07 4.98104e-09
0.0156484 2.15533e-07 4.96287e-09
0.0156491 2.15278e-07 4.9447e-09
0.0156497 2.15022e-07 4.92653e-09
0.0156503 2.14767e-07 4.90836e-09
0.0156509 2.14512e-07 4.89018e-09
0.0156515 2.14256e-07 4.87201e-09
0.0156522 2.14001e-07 4.85383e-09
0.0156528 2.13745e-07 4.83565e-09
0.0156534 2.1349e-07 4.81747e-09
0.015654 2.13234e-07 4.79929e-09
0.0156546 2.12978e-07 4.7811e-09
0.0156553 2.12722e-07 4.76292e-09
0.0156559 2.12467e-07 4.74473e-09
0.0156565 2.12211e-07 4.72655e-09
0.0156571 2.11955e-07 4.70836e-09
0.0156578 2.11699e-07 4.69017e-09
0.0156584 2.11443e-07 4.67198e-09
0.015659 2.11187e-07 4.65378e-09
0.0156596 2.1093e-07 4.63559e-09
0.0156602 2.10674e-07 4.61739e-09
0.0156609 2.10418e-07 4.5992e-09
0.0156615 2.10162e-07 4.581e-09
0.0156621 2.09905e-07 4.5628e-09
0.0156627 2.09649e-07 4.5446e-09
0.0156633 2.09392e-07 4.5264e-09
0.015664 2.09136e-07 4.5082e-09
0.0156646 2.08879e-07 4.49e-09
0.0156652 2.08623e-07 4.47179e-09
0.0156658 2.08366e-07 4.45358e-09
0.0156665 2.08109e-07 4.43538e-09
0.0156671 2.07853e-07 4.41717e-09
0.0156677 2.07596e-07 4.39896e-09
0.0156683 2.07339e-07 4.38075e-09
0.0156689 2.07082e-07 4.36254e-09
0.0156696 2.06825e-07 4.34433e-09
0.0156702 2.06568e-07 4.32612e-09
0.0156708 2.06311e-07 4.3079e-09
0.0156714 2.06054e-07 4.28969e-09
0.015672 2.05797e-07 4.27148e-09
0.0156727 2.05539e-07 4.25326e-09
0.0156733 2.05282e-07 4.23504e-09
0.0156739 2.05025e-07 4.21682e-09
0.0156745 2.04768e-07 4.19861e-09
0.0156752 2.0451e-07 4.18039e-09
0.0156758 2.04253e-07 4.16217e-09
0.0156764 2.03995e-07 4.14395e-09
0.015677 2.03738e-07 4.12572e-09
0.0156776 2.0348e-07 4.1075e-09
0.0156783 2.03222e-07 4.08928e-09
0.0156789 2.02965e-07 4.07106e-09
0.0156795 2.02707e-07 4.05283e-09
0.0156801 2.02449e-07 4.03461e-09
0.0156807 2.02192e-07 4.01638e-09
0.0156814 2.01934e-07 3.99816e-09
0.015682 2.01676e-07 3.97993e-09
0.0156826 2.01418e-07 3.9617e-09
0.0156832 2.0116e-07 3.94347e-09
0.0156839 2.00902e-07 3.92525e-09
0.0156845 2.00644e-07 3.90702e-09
0.0156851 2.00386e-07 3.88879e-09
0.0156857 2.00128e-07 3.87056e-09
0.0156863 1.9987e-07 3.85233e-09
0.015687 1.99611e-07 3.8341e-09
0.0156876 1.99353e-07 3.81587e-09
0.0156882 1.99095e-07 3.79763e-09
0.0156888 1.98836e-07 3.7794e-09
0.0156894 1.98578e-07 3.76117e-09
0.0156901 1.9832e-07 3.74294e-09
0.0156907 1.98061e-07 3.72471e-09
0.0156913 1.97803e-07 3.70647e-09
0.0156919 1.97544e-07 3.68824e-09
0.0156925 1.97286e-07 3.67001e-09
0.0156932 1.97027e-07 3.65177e-09
0.0156938 1.96768e-07 3.63353e-09
0.0156944 1.9651e-07 3.6153e-09
0.015695 1.96251e-07 3.59707e-09
0.0156957 1.95992e-07 3.57883e-09
0.0156963 1.95733e-07 3.5606e-09
0.0156969 1.95475e-07 3.54236e-09
0.0156975 1.95216e-07 3.52413e-09
0.0156981 1.94957e-07 3.50589e-09
0.0156988 1.94698e-07 3.48766e-09
0.0156994 1.94439e-07 3.46942e-09
0.0157 1.9418e-07 3.45119e-09
0.0157006 1.93921e-07 3.43295e-09
0.0157012 1.93662e-07 3.41471e-09
0.0157019 1.93403e-07 3.39648e-09
0.0157025 1.93144e-07 3.37824e-09
0.0157031 1.92884e-07 3.36001e-09
0.0157037 1.92625e-07 3.34177e-09
0.0157044 1.92366e-07 3.32354e-09
0.015705 1.92107e-07 3.3053e-09
0.0157056 1.91847e-07 3.28707e-09
0.0157062 1.91588e-07 3.26883e-09
0.0157068 1.91329e-07 3.2506e-09
0.0157075 1.91069e-07 3.23236e-09
0.0157081 1.9081e-07 3.21413e-09
0.0157087 1.9055e-07 3.19589e-09
0.0157093 1.90291e-07 3.17766e-09
0.0157099 1.90032e-07 3.15943e-09
0.0157106 1.89772e-07 3.14119e-09
0.0157112 1.89512e-07 3.12296e-09
0.0157118 1.89253e-07 3.10473e-09
0.0157124 1.88993e-07 3.08649e-09
0.0157131 1.88734e-07 3.06826e-09
0.0157137 1.88474e-07 3.05003e-09
0.0157143 1.88214e-07 3.0318e-09
0.0157149 1.87954e-07 3.01357e-09
0.0157155 1.87695e-07 2.99534e-09
0.0157162 1.87435e-07 2.97711e-09
0.0157168 1.87175e-07 2.95888e-09
0.0157174 1.86915e-07 2.94065e-09
0.015718 1.86655e-07 2.92242e-09
0.0157186 1.86395e-07 2.90419e-09
0.0157193 1.86135e-07 2.88596e-09
0.0157199 1.85876e-07 2.86773e-09
0.0157205 1.85616e-07 2.84951e-09
0.0157211 1.85356e-07 2.83128e-09
0.0157217 1.85096e-07 2.81306e-09
0.0157224 1.84835e-07 2.79483e-09
0.015723 1.84575e-07 2.77661e-09
0.0157236 1.84315e-07 2.75838e-09
0.0157242 1.84055e-07 2.74016e-09
0.0157249 1.83795e-07 2.72194e-09
0.0157255 1.83535e-07 2.70372e-09
0.0157261 1.83275e-07 2.68549e-09
0.0157267 1.83015e-07 2.66727e-09
0.0157273 1.82754e-07 2.64906e-09
0.015728 1.82494e-07 2.63084e-09
0.0157286 1.82234e-07 2.61262e-09
0.0157292 1.81973e-07 2.5944e-09
0.0157298 1.81713e-07 2.57619e-09
0.0157304 1.81453e-07 2.55797e-09
0.0157311 1.81192e-07 2.53976e-09
0.0157317 1.80932e-07 2.52154e-09
0.0157323 1.80672e-07 2.50333e-09
0.0157329 1.80411e-07 2.48512e-09
0.0157336 1.80151e-07 2.4669e-09
0.0157342 1.7989e-07 2.4487e-09
0.0157348 1.7963e-07 2.43049e-09
0.0157354 1.7937e-07 2.41228e-09
0.015736 1.79109e-07 2.39407e-09
0.0157367 1.78849e-07 2.37587e-09
0.0157373 1.78588e-07 2.35766e-09
0.0157379 1.78327e-07 2.33946e-09
0.0157385 1.78067e-07 2.32125e-09
0.0157391 1.77806e-07 2.30305e-09
0.0157398 1.77546e-07 2.28485e-09
0.0157404 1.77285e-07 2.26665e-09
0.015741 1.77024e-07 2.24845e-09
0.0157416 1.76764e-07 2.23026e-09
0.0157423 1.76503e-07 2.21206e-09
0.0157429 1.76243e-07 2.19387e-09
0.0157435 1.75982e-07 2.17567e-09
0.0157441 1.75721e-07 2.15748e-09
0.0157447 1.7546e-07 2.13929e-09
0.0157454 1.752e-07 2.1211e-09
0.015746 1.74939e-07 2.10291e-09
0.0157466 1.74679e-07 2.08472e-09
0.0157472 1.74419e-07 2.06654e-09
0.0157478 1.74158e-07 2.04835e-09
0.0157485 1.73971e-07 2.03017e-09
0.0157491 1.74186e-07 2.01199e-09
0.0157497 1.744e-07 1.9938e-09
0.0157503 1.74614e-07 1.97563e-09
0.0157509 1.74828e-07 1.95745e-09
0.0157516 1.75042e-07 1.93927e-09
0.0157522 1.75256e-07 1.9211e-09
0.0157528 1.75469e-07 1.90293e-09
0.0157534 1.75682e-07 1.88475e-09
0.0157541 1.75896e-07 1.86658e-09
0.0157547 1.76109e-07 1.84842e-09
0.0157553 1.76322e-07 1.83025e-09
0.0157559 1.76535e-07 1.81208e-09
0.0157565 1.76747e-07 1.79392e-09
0.0157572 1.7696e-07 1.77576e-09
0.0157578 1.77172e-07 1.7576e-09
0.0157584 1.77384e-07 1.73944e-09
0.015759 1.77597e-07 1.72128e-09
0.0157596 1.77828e-07 1.70312e-09
0.0157603 1.78075e-07 1.68497e-09
0.0157609 1.78321e-07 1.66682e-09
0.0157615 1.78568e-07 1.64867e-09
0.0157621 1.78814e-07 1.63052e-09
0.0157628 1.7906e-07 1.61237e-09
0.0157634 1.79312e-07 1.59423e-09
0.015764 1.79589e-07 1.57609e-09
0.0157646 1.79866e-07 1.55794e-09
0.0157652 1.80143e-07 1.5398e-09
0.0157659 1.80419e-07 1.52167e-09
0.0157665 1.80695e-07 1.50353e-09
0.0157671 1.80972e-07 1.4854e-09
0.0157677 1.81248e-07 1.46727e-09
0.0157683 1.81524e-07 1.44913e-09
0.015769 1.81799e-07 1.43101e-09
0.0157696 1.82075e-07 1.41288e-09
0.0157702 1.82351e-07 1.39476e-09
0.0157708 1.82626e-07 1.37664e-09
0.0157715 1.82901e-07 1.35852e-09
0.0157721 1.83176e-07 1.3404e-09
0.0157727 1.83451e-07 1.32229e-09
0.0157733 1.83726e-07 1.30417e-09
0.0157739 1.84001e-07 1.28606e-09
0.0157746 1.84275e-07 1.26795e-09
0.0157752 1.8455e-07 1.24984e-09
0.0157758 1.84824e-07 1.23174e-09
0.0157764 1.85098e-07 1.21364e-09
0.015777 1.85372e-07 1.19554e-09
0.0157777 1.85646e-07 1.17744e-09
0.0157783 1.85919e-07 1.15934e-09
0.0157789 1.86193e-07 1.14125e-09
0.0157795 1.86466e-07 1.12316e-09
0.0157802 1.86739e-07 1.10507e-09
0.0157808 1.87012e-07 1.08698e-09
0.0157814 1.87285e-07 1.0689e-09
0.015782 1.87558e-07 1.05082e-09
0.0157826 1.8783e-07 1.03274e-09
0.0157833 1.88103e-07 1.01466e-09
0.0157839 1.88375e-07 9.96588e-10
0.0157845 1.88647e-07 9.78516e-10
0.0157851 1.88919e-07 9.60447e-10
0.0157857 1.89191e-07 9.4238e-10
0.0157864 1.89463e-07 9.24317e-10
0.015787 1.89734e-07 9.06256e-10
0.0157876 1.90006e-07 8.88197e-10
0.0157882 1.90277e-07 8.70142e-10
0.0157888 1.90548e-07 8.52089e-10
0.0157895 1.90819e-07 8.34038e-10
0.0157901 1.9109e-07 8.1599e-10
0.0157907 1.9136e-07 7.97949e-10
0.0157913 1.91631e-07 7.79909e-10
0.015792 1.91901e-07 7.61873e-10
0.0157926 1.92171e-07 7.43843e-10
0.0157932 1.92441e-07 7.25817e-10
0.0157938 1.92711e-07 7.07794e-10
0.0157944 1.9298e-07 6.89769e-10
0.0157951 1.9325e-07 6.7175e-10
0.0157957 1.93519e-07 6.53732e-10
0.0157963 1.93789e-07 6.35715e-10
0.0157969 1.94058e-07 6.17702e-10
0.0157975 1.94326e-07 5.99688e-10
0.0157982 1.94595e-07 5.81675e-10
0.0157988 1.94864e-07 5.63666e-10
0.0157994 1.95132e-07 5.45659e-10
0.0158 1.954e-07 5.27651e-10
0.0158007 1.95668e-07 5.09647e-10
0.0158013 1.95936e-07 4.91644e-10
0.0158019 1.96204e-07 4.73646e-10
0.0158025 1.96472e-07 4.55649e-10
0.0158031 1.96739e-07 4.37653e-10
0.0158038 1.97006e-07 4.19661e-10
0.0158044 1.97274e-07 4.01673e-10
0.015805 1.9754e-07 3.83688e-10
0.0158056 1.97807e-07 3.65707e-10
0.0158062 1.98074e-07 3.47726e-10
0.0158069 1.9834e-07 3.29747e-10
0.0158075 1.98607e-07 3.11772e-10
0.0158081 1.98873e-07 2.93799e-10
0.0158087 1.99139e-07 2.7583e-10
0.0158094 1.99405e-07 2.57862e-10
0.01581 1.9967e-07 2.399e-10
0.0158106 1.99936e-07 2.2194e-10
0.0158112 2.00201e-07 2.04002e-10
0.0158118 2.00466e-07 1.86066e-10
0.0158125 2.00731e-07 1.68442e-10
0.0158131 2.00996e-07 1.54538e-10
0.0158137 2.01261e-07 1.40633e-10
0.0158143 2.01525e-07 1.26732e-10
0.0158149 2.01789e-07 1.12833e-10
