N,t,i,imax,returned_steps,total_calls
512,0,0,0,0,1
512,0,0,0,0,2
512,5.9329506114764431e-05,1,0,0,3
512,0.00017259465262589807,2,0,0,4
512,0.00033488784702902371,3,0,0,5
512,0.00054174703688854861,4,0,0,6
512,0.00078912503713292901,5,0,0,7
512,0.0010733565453742925,6,0,0,8
512,0.0013910731089355412,7,0,0,9
512,0.0017392222935275607,8,0,0,10
512,0.0021150383849923978,9,0,0,11
512,0.0025160395837102961,10,0,0,12
512,0.002939891953678663,11,0,0,13
512,0.0033845596254956246,12,0,0,14
512,0.0038480732280284174,13,0,0,15
512,0.0043287650179806032,14,0,0,16
512,0.0048251479898086093,15,0,0,17
512,0.005335660151392075,16,0,0,18
512,0.0058591113557005187,17,0,0,19
512,0.0063943528445536291,18,0,0,20
512,0.0069402327948007931,19,0,0,21
512,0.0074958406966395153,20,0,0,22
512,0.0080602511378510128,21,0,0,23
512,0.0086326520846392567,22,0,0,24
512,0.0092123744388864191,23,0,0,25
512,0.0097986884215488599,24,0,0,26
512,0.01039104208866028,25,0,0,27
512,0.010988844319796321,26,0,0,28
512,0.011591589057783859,27,0,0,29
512,0.012198865711094612,28,0,0,30
512,0.012810243066177261,29,0,0,31
512,0.013425397464227882,30,0,0,32
512,0.014043992038075392,31,0,0,33
512,0.014665677652891533,32,0,0,34
512,0.015290093951228096,33,0,0,35
512,0.01591713384745683,34,0,0,36
512,0.016546421672457366,35,0,0,37
512,0.017177840419193353,36,0,0,38
512,0.017811270480688535,37,0,0,39
512,0.018446319187996735,38,0,0,40
512,0.019082995182191056,39,0,0,41
512,0.019721170520409382,40,0,0,42
512,0.020360578121670827,41,0,0,43
512,0.021001223019946107,42,0,0,44
512,0.021642972002492433,43,0,0,45
512,0.022285690394377954,44,0,0,46
512,0.02292924222269125,45,0,0,47
512,0.023573629832599759,46,0,0,48
512,0.024218715738574488,47,0,0,49
512,0.024864501607554833,48,0,0,50
512,0.025510989112637938,49,0,0,51
512,0.026158039147636276,50,0,0,52
512,0.026805511814923966,51,0,0,53
512,0.027453407759178722,52,0,0,54
512,0.028101727626624922,53,0,0,55
512,0.028750472065038668,54,0,0,56
512,0.029399641723752881,55,0,0,57
512,0.030049095234526001,56,0,0,58
512,0.030698832907850322,57,0,0,59
512,0.031348855054761912,58,0,0,60
512,0.031999019563072301,59,0,0,61
512,0.032649469043772923,60,0,0,62
512,0.033300061135629146,61,0,0,63
512,0.033950795932484679,62,0,0,64
512,0.034601673528286199,63,0,0,65
512,0.035252694017083502,64,0,0,66
512,0.03590385749302967,65,0,0,67
512,0.036555164050381235,66,0,0,68
512,0.037206613783498321,67,0,0,69
512,0.037858206786844817,68,0,0,70
512,0.038509799790191312,69,0,0,71
512,0.039161536189885375,70,0,0,72
512,0.039813272589579438,71,0,0,73
512,0.040465152511933639,72,0,0,74
512,0.04111703243428784,73,0,0,75
512,0.041769056005809595,74,0,0,76
512,0.04242107957733135,75,0,0,77
512,0.043073103148853105,76,0,0,78
512,0.043725270527955697,77,0,0,79
512,0.044377437907058288,78,0,0,80
512,0.04502960528616088,79,0,0,81
512,0.045681772665263472,80,0,0,82
512,0.046334084042462573,81,0,0,83
512,0.046986395419661674,82,0,0,84
512,0.047638706796860775,83,0,0,85
512,0.048291018174059876,84,0,0,86
512,0.048943329551258977,85,0,0,87
512,0.049595640928458078,86,0,0,88
512,0.050248096558504859,87,0,0,89
512,0.050900552188551641,88,0,0,90
512,0.051553007818598423,89,0,0,91
512,0.052205463448645205,90,0,0,92
512,0.052857919078691987,91,0,0,93
512,0.053510374708738769,92,0,0,94
512,0.05416283033878555,93,0,0,95
512,0.054815285968832332,94,0,0,96
512,0.055467741598879114,95,0,0,97
512,0.056120197228925896,96,0,0,98
512,0.056772652858972678,97,0,0,99
512,0.057425108489019459,98,0,0,100
512,0.058077564119066241,99,0,0,101
512,0.058730019749113023,100,0,0,102
512,0.059382475379159805,101,0,0,103
512,0.060034931009206587,102,0,0,104
512,0.060687386639253368,103,0,0,105
512,0.06133984226930015,104,0,0,106
512,0.061992297899346932,105,0,0,107
512,0.062644753529393707,106,0,0,108
512,0.063297209159440482,107,0,0,109
512,0.063949809779627276,108,0,0,110
512,0.06460241039981407,109,0,0,111
512,0.065255011020000864,110,0,0,112
512,0.065907611640187658,111,0,0,113
512,0.066560212260374452,112,0,0,114
512,0.067212812880561246,113,0,0,115
512,0.06786541350074804,114,0,0,116
512,0.068518014120934834,115,0,0,117
512,0.069170614741121628,116,0,0,118
512,0.069823215361308422,117,0,0,119
512,0.070475815981495216,118,0,0,120
512,0.07112841660168201,119,0,0,121
512,0.071781017221868804,120,0,0,122
512,0.072433617842055598,121,0,0,123
512,0.073086218462242392,122,0,0,124
512,0.073738819082429186,123,0,0,125
512,0.07439141970261598,124,0,0,126
512,0.075044020322802774,125,0,0,127
512,0.075696620942989568,126,0,0,128
512,0.076349221563176362,127,0,0,129
512,0.077001822183363156,128,0,0,130
512,0.07765442280354995,129,0,0,131
512,0.078307023423736744,130,0,0,132
512,0.078959624043923538,131,0,0,133
512,0.079612224664110331,132,0,0,134
512,0.080264825284297125,133,0,0,135
512,0.080917425904483919,134,0,0,136
512,0.081570026524670713,135,0,0,137
512,0.082222627144857507,136,0,0,138
512,0.082875227765044301,137,0,0,139
512,0.083527828385231095,138,0,0,140
512,0.084180429005417889,139,0,0,141
512,0.084833029625604683,140,0,0,142
512,0.085485630245791477,141,0,0,143
512,0.086138230865978271,142,0,0,144
512,0.086790831486165065,143,0,0,145
512,0.087443432106351859,144,0,0,146
512,0.088096032726538653,145,0,0,147
512,0.088748633346725447,146,0,0,148
512,0.089401233966912241,147,0,0,149
512,0.090053834587099035,148,0,0,150
512,0.090706435207285829,149,0,0,151
512,0.091359035827472623,150,0,0,152
512,0.092011636447659417,151,0,0,153
512,0.092664237067846211,152,0,0,154
512,0.093316837688033005,153,0,0,155
512,0.093969438308219799,154,0,0,156
512,0.094622038928406593,155,0,0,157
512,0.095274639548593387,156,0,0,158
512,0.095927240168780181,157,0,0,159
512,0.096579840788966975,158,0,0,160
512,0.097232441409153769,159,0,0,161
512,0.097885042029340563,160,0,0,162
512,0.098537642649527357,161,0,0,163
512,0.099190243269714151,162,0,0,164
512,0.099842843889900945,163,0,0,165
512,0.10049544451008774,164,0,0,166
512,0.10114804513027453,165,0,0,167
512,0.10180064575046133,166,0,0,168
512,0.10245324637064812,167,0,0,169
512,0.10310584699083492,168,0,0,170
512,0.10375844761102171,169,0,0,171
512,0.1044110482312085,170,0,0,172
512,0.1050636488513953,171,0,0,173
512,0.10571624947158209,172,0,0,174
512,0.10636885009176889,173,0,0,175
512,0.10702145071195568,174,0,0,176
512,0.10767405133214247,175,0,0,177
512,0.10832665195232927,176,0,0,178
512,0.10897925257251606,177,0,0,179
512,0.10963185319270286,178,0,0,180
512,0.11028445381288965,179,0,0,181
512,0.11093705443307644,180,0,0,182
512,0.11158965505326324,181,0,0,183
512,0.11224225567345003,182,0,0,184
512,0.11289485629363682,183,0,0,185
512,0.11354745691382362,184,0,0,186
512,0.11420005753401041,185,0,0,187
512,0.11485265815419721,186,0,0,188
512,0.115505258774384,187,0,0,189
512,0.11615785939457079,188,0,0,190
512,0.11681046001475759,189,0,0,191
512,0.11746306063494438,190,0,0,192
512,0.11811566125513118,191,0,0,193
512,0.11876826187531797,192,0,0,194
512,0.11942086249550476,193,0,0,195
512,0.12007346311569156,194,0,0,196
512,0.12072606373587835,195,0,0,197
512,0.12137866435606515,196,0,0,198
512,0.12203126497625194,197,0,0,199
512,0.12268386559643873,198,0,0,200
512,0.12333646621662553,199,0,0,201
512,0.12398906683681232,200,0,0,202
512,0.12464166745699912,201,0,0,203
512,0.12529426807718591,202,0,0,204
512,0.1259468686973727,203,0,0,205
512,0.1265994693175595,204,0,0,206
512,0.12725206993774629,205,0,0,207
512,0.12790467055793309,206,0,0,208
512,0.12855727117811988,207,0,0,209
512,0.12920987179830667,208,0,0,210
512,0.12986247241849347,209,0,0,211
512,0.13051507303868026,210,0,0,212
512,0.13116767365886706,211,0,0,213
512,0.13182027427905385,212,0,0,214
512,0.13247287489924064,213,0,0,215
512,0.13312547551942744,214,0,0,216
512,0.13377807613961423,215,0,0,217
512,0.13443067675980103,216,0,0,218
512,0.13508327737998782,217,0,0,219
512,0.13573587800017461,218,0,0,220
512,0.13638847862036141,219,0,0,221
512,0.1370410792405482,220,0,0,222
512,0.137693679860735,221,0,0,223
512,0.13834628048092179,222,0,0,224
512,0.13899888110110858,223,0,0,225
512,0.13965148172129538,224,0,0,226
512,0.14030408234148217,225,0,0,227
512,0.14095668296166897,226,0,0,228
512,0.14160928358185576,227,0,0,229
512,0.14226188420204255,228,0,0,230
512,0.14291448482222935,229,0,0,231
512,0.14356708544241614,230,0,0,232
512,0.14421968606260294,231,0,0,233
512,0.14487228668278973,232,0,0,234
512,0.14552488730297652,233,0,0,235
512,0.14617748792316332,234,0,0,236
512,0.14683008854335011,235,0,0,237
512,0.14748268916353691,236,0,0,238
512,0.1481352897837237,237,0,0,239
512,0.14878789040391049,238,0,0,240
512,0.14944049102409729,239,0,0,241
512,0.15009309164428408,240,0,0,242
512,0.15074569226447088,241,0,0,243
512,0.15139829288465767,242,0,0,244
512,0.15205089350484446,243,0,0,245
512,0.15270349412503126,244,0,0,246
512,0.15335609474521805,245,0,0,247
512,0.15400869536540485,246,0,0,248
512,0.15466129598559164,247,0,0,249
512,0.15531389660577843,248,0,0,250
512,0.15596649722596523,249,0,0,251
512,0.15661909784615202,250,0,0,252
512,0.15727169846633882,251,0,0,253
512,0.15792429908652561,252,0,0,254
512,0.1585768997067124,253,0,0,255
512,0.1592295003268992,254,0,0,256
512,0.15988210094708599,255,0,0,257
512,0.16053470156727279,256,0,0,258
512,0.16118730218745958,257,0,0,259
512,0.16183990280764637,258,0,0,260
512,0.16249250342783317,259,0,0,261
512,0.16314510404801996,260,0,0,262
512,0.16379770466820676,261,0,0,263
512,0.16445030528839355,262,0,0,264
512,0.16510290590858034,263,0,0,265
512,0.16575550652876714,264,0,0,266
512,0.16640810714895393,265,0,0,267
512,0.16706070776914073,266,0,0,268
512,0.16771330838932752,267,0,0,269
512,0.16836590900951431,268,0,0,270
512,0.16901850962970111,269,0,0,271
512,0.1696711102498879,270,0,0,272
512,0.1703237108700747,271,0,0,273
512,0.17097631149026149,272,0,0,274
512,0.17162891211044828,273,0,0,275
512,0.17228151273063508,274,0,0,276
512,0.17293411335082187,275,0,0,277
512,0.17358671397100867,276,0,0,278
512,0.17423931459119546,277,0,0,279
512,0.17489191521138225,278,0,0,280
512,0.17554451583156905,279,0,0,281
512,0.17619711645175584,280,0,0,282
512,0.17684971707194264,281,0,0,283
512,0.17750231769212943,282,0,0,284
512,0.17815491831231622,283,0,0,285
512,0.17880751893250302,284,0,0,286
512,0.17946011955268981,285,0,0,287
512,0.18011272017287661,286,0,0,288
512,0.1807653207930634,287,0,0,289
512,0.18141792141325019,288,0,0,290
512,0.18207052203343699,289,0,0,291
512,0.18272312265362378,290,0,0,292
512,0.18337572327381058,291,0,0,293
512,0.18402832389399737,292,0,0,294
512,0.18468092451418416,293,0,0,295
512,0.18533352513437096,294,0,0,296
512,0.18598612575455775,295,0,0,297
512,0.18663872637474455,296,0,0,298
512,0.18729132699493134,297,0,0,299
512,0.18794392761511813,298,0,0,300
512,0.18859652823530493,299,0,0,301
512,0.18924912885549172,300,0,0,302
512,0.18990172947567852,301,0,0,303
512,0.19055433009586531,302,0,0,304
512,0.1912069307160521,303,0,0,305
512,0.1918595313362389,304,0,0,306
512,0.19251213195642569,305,0,0,307
512,0.19316473257661249,306,0,0,308
512,0.19381733319679928,307,0,0,309
512,0.19446993381698607,308,0,0,310
512,0.19512253443717287,309,0,0,311
512,0.19577513505735966,310,0,0,312
512,0.19642773567754646,311,0,0,313
512,0.19708033629773325,312,0,0,314
512,0.19773293691792004,313,0,0,315
512,0.19838553753810684,314,0,0,316
512,0.19903813815829363,315,0,0,317
512,0.19969073877848043,316,0,0,318
512,0.20034333939866722,317,0,0,319
512,0.20099594001885401,318,0,0,320
512,0.20164854063904081,319,0,0,321
512,0.2023011412592276,320,0,0,322
512,0.2029537418794144,321,0,0,323
512,0.20360634249960119,322,0,0,324
512,0.20425894311978798,323,0,0,325
512,0.20491154373997478,324,0,0,326
512,0.20556414436016157,325,0,0,327
512,0.20621674498034837,326,0,0,328
512,0.20686934560053516,327,0,0,329
512,0.20752194622072195,328,0,0,330
512,0.20817454684090875,329,0,0,331
512,0.20882714746109554,330,0,0,332
512,0.20947974808128234,331,0,0,333
512,0.21013234870146913,332,0,0,334
512,0.21078494932165592,333,0,0,335
512,0.21143754994184272,334,0,0,336
512,0.21209015056202951,335,0,0,337
512,0.21274275118221631,336,0,0,338
512,0.2133953518024031,337,0,0,339
512,0.21404795242258989,338,0,0,340
512,0.21470055304277669,339,0,0,341
512,0.21535315366296348,340,0,0,342
512,0.21600575428315028,341,0,0,343
512,0.21665835490333707,342,0,0,344
512,0.21731095552352386,343,0,0,345
512,0.21796355614371066,344,0,0,346
512,0.21861615676389745,345,0,0,347
512,0.21926875738408425,346,0,0,348
512,0.21992135800427104,347,0,0,349
512,0.22057395862445783,348,0,0,350
512,0.22122655924464463,349,0,0,351
512,0.22187915986483142,350,0,0,352
512,0.22253176048501822,351,0,0,353
512,0.22318436110520501,352,0,0,354
512,0.2238369617253918,353,0,0,355
512,0.2244895623455786,354,0,0,356
512,0.22514216296576539,355,0,0,357
512,0.22579476358595219,356,0,0,358
512,0.22644736420613898,357,0,0,359
512,0.22709996482632577,358,0,0,360
512,0.22775256544651257,359,0,0,361
512,0.22840516606669936,360,0,0,362
512,0.22905776668688616,361,0,0,363
512,0.22971036730707295,362,0,0,364
512,0.23036296792725974,363,0,0,365
512,0.23101556854744654,364,0,0,366
512,0.23166816916763333,365,0,0,367
512,0.23232076978782012,366,0,0,368
512,0.23297337040800692,367,0,0,369
512,0.23362597102819371,368,0,0,370
512,0.23427857164838051,369,0,0,371
512,0.2349311722685673,370,0,0,372
512,0.23558377288875409,371,0,0,373
512,0.23623637350894089,372,0,0,374
512,0.23688897412912768,373,0,0,375
512,0.23754157474931448,374,0,0,376
512,0.23819417536950127,375,0,0,377
512,0.23884677598968806,376,0,0,378
512,0.23949937660987486,377,0,0,379
512,0.24015197723006165,378,0,0,380
512,0.24080457785024845,379,0,0,381
512,0.24145717847043524,380,0,0,382
512,0.24210977909062203,381,0,0,383
512,0.24276237971080883,382,0,0,384
512,0.24341498033099562,383,0,0,385
512,0.24406758095118242,384,0,0,386
512,0.24472018157136921,385,0,0,387
512,0.245372782191556,386,0,0,388
512,0.2460253828117428,387,0,0,389
512,0.24667798343192959,388,0,0,390
512,0.24733058405211639,389,0,0,391
512,0.24798318467230318,390,0,0,392
512,0.24863578529248997,391,0,0,393
512,0.24928838591267677,392,0,0,394
512,0.24994098653286356,393,0,0,395
512,0.25059358715305036,394,0,0,396
512,0.25124618777323715,395,0,0,397
512,0.25189878839342394,396,0,0,398
512,0.25255138901361074,397,0,0,399
512,0.25320398963379753,398,0,0,400
512,0.25385659025398433,399,0,0,401
512,0.25450919087417112,400,0,0,402
512,0.25516179149435791,401,0,0,403
512,0.25581439211454471,402,0,0,404
512,0.2564669927347315,403,0,0,405
512,0.2571195933549183,404,0,0,406
512,0.25777219397510509,405,0,0,407
512,0.25842479459529188,406,0,0,408
512,0.25907739521547868,407,0,0,409
512,0.25972999583566547,408,0,0,410
512,0.26038259645585227,409,0,0,411
512,0.26103519707603906,410,0,0,412
512,0.26168779769622585,411,0,0,413
512,0.26234039831641265,412,0,0,414
512,0.26299299893659944,413,0,0,415
512,0.26364559955678624,414,0,0,416
512,0.26429820017697303,415,0,0,417
512,0.26495080079715982,416,0,0,418
512,0.26560340141734662,417,0,0,419
512,0.26625600203753341,418,0,0,420
512,0.26690860265772021,419,0,0,421
512,0.267561203277907,420,0,0,422
512,0.26821380389809379,421,0,0,423
512,0.26886640451828059,422,0,0,424
512,0.26951900513846738,423,0,0,425
512,0.27017160575865418,424,0,0,426
512,0.27082420637884097,425,0,0,427
512,0.27147680699902776,426,0,0,428
512,0.27212940761921456,427,0,0,429
512,0.27278200823940135,428,0,0,430
512,0.27343460885958815,429,0,0,431
512,0.27408720947977494,430,0,0,432
512,0.27473981009996173,431,0,0,433
512,0.27539241072014853,432,0,0,434
512,0.27604501134033532,433,0,0,435
512,0.27669761196052212,434,0,0,436
512,0.27735021258070891,435,0,0,437
512,0.2780028132008957,436,0,0,438
512,0.2786554138210825,437,0,0,439
512,0.27930801444126929,438,0,0,440
512,0.27996061506145609,439,0,0,441
512,0.28061321568164288,440,0,0,442
512,0.28126581630182967,441,0,0,443
512,0.28191841692201647,442,0,0,444
512,0.28257101754220326,443,0,0,445
512,0.28322361816239006,444,0,0,446
512,0.28387621878257685,445,0,0,447
512,0.28452881940276364,446,0,0,448
512,0.28518142002295044,447,0,0,449
512,0.28583402064313723,448,0,0,450
512,0.28648662126332403,449,0,0,451
512,0.28713922188351082,450,0,0,452
512,0.28779182250369761,451,0,0,453
512,0.28844442312388441,452,0,0,454
512,0.2890970237440712,453,0,0,455
512,0.289749624364258,454,0,0,456
512,0.29040222498444479,455,0,0,457
512,0.29105482560463158,456,0,0,458
512,0.29170742622481838,457,0,0,459
512,0.29236002684500517,458,0,0,460
512,0.29301262746519197,459,0,0,461
512,0.29366522808537876,460,0,0,462
512,0.29431782870556555,461,0,0,463
512,0.29497042932575235,462,0,0,464
512,0.29562302994593914,463,0,0,465
512,0.29627563056612594,464,0,0,466
512,0.29692823118631273,465,0,0,467
512,0.29758083180649952,466,0,0,468
512,0.29823343242668632,467,0,0,469
512,0.29888603304687311,468,0,0,470
512,0.29953863366705991,469,0,0,471
512,0.3001912342872467,470,0,0,472
512,0.30084383490743349,471,0,0,473
512,0.30149643552762029,472,0,0,474
512,0.30214903614780708,473,0,0,475
512,0.30280163676799388,474,0,0,476
512,0.30345423738818067,475,0,0,477
512,0.30410683800836746,476,0,0,478
512,0.30475943862855426,477,0,0,479
512,0.30541203924874105,478,0,0,480
512,0.30606463986892785,479,0,0,481
512,0.30671724048911464,480,0,0,482
512,0.30736984110930143,481,0,0,483
512,0.30802244172948823,482,0,0,484
512,0.30867504234967502,483,0,0,485
512,0.30932764296986182,484,0,0,486
512,0.30998024359004861,485,0,0,487
512,0.3106328442102354,486,0,0,488
512,0.3112854448304222,487,0,0,489
512,0.31193804545060899,488,0,0,490
512,0.31259064607079579,489,0,0,491
512,0.31324324669098258,490,0,0,492
512,0.31389584731116937,491,0,0,493
512,0.31454844793135617,492,0,0,494
512,0.31520104855154296,493,0,0,495
512,0.31585364917172976,494,0,0,496
512,0.31650624979191655,495,0,0,497
512,0.31715885041210334,496,0,0,498
512,0.31781145103229014,497,0,0,499
512,0.31846405165247693,498,0,0,500
512,0.31911665227266373,499,0,0,501
512,0.31976925289285052,500,0,0,502
512,0.32042185351303731,501,0,0,503
512,0.32107445413322411,502,0,0,504
512,0.3217270547534109,503,0,0,505
512,0.3223796553735977,504,0,0,506
512,0.32303225599378449,505,0,0,507
512,0.32368485661397128,506,0,0,508
512,0.32433745723415808,507,0,0,509
512,0.32499005785434487,508,0,0,510
512,0.32564265847453167,509,0,0,511
512,0.32629525909471846,510,0,0,512
512,0.32694785971490525,511,0,0,513
512,0.32760046033509205,512,0,0,514
512,0.32825306095527884,513,0,0,515
512,0.32890566157546564,514,0,0,516
512,0.32955826219565243,515,0,0,517
512,0.33021086281583922,516,0,0,518
512,0.33086346343602602,517,0,0,519
512,0.33151606405621281,518,0,0,520
512,0.33216866467639961,519,0,0,521
512,0.3328212652965864,520,0,0,522
512,0.33347386591677319,521,0,0,523
512,0.33412646653695999,522,0,0,524
512,0.33477906715714678,523,0,0,525
512,0.33543166777733358,524,0,0,526
512,0.33608426839752037,525,0,0,527
512,0.33673686901770716,526,0,0,528
512,0.33738946963789396,527,0,0,529
512,0.33804207025808075,528,0,0,530
512,0.33869467087826755,529,0,0,531
512,0.33934727149845434,530,0,0,532
512,0.33999987211864113,531,0,0,533
512,0.34065247273882793,532,0,0,534
512,0.34130507335901472,533,0,0,535
512,0.34195767397920152,534,0,0,536
512,0.34261027459938831,535,0,0,537
512,0.3432628752195751,536,0,0,538
512,0.3439154758397619,537,0,0,539
512,0.34456807645994869,538,0,0,540
512,0.34522067708013549,539,0,0,541
512,0.34587327770032228,540,0,0,542
512,0.34652587832050907,541,0,0,543
512,0.34717847894069587,542,0,0,544
512,0.34783107956088266,543,0,0,545
512,0.34848368018106946,544,0,0,546
512,0.34913628080125625,545,0,0,547
512,0.34978888142144304,546,0,0,548
512,0.35044148204162984,547,0,0,549
512,0.35109408266181663,548,0,0,550
512,0.35174668328200343,549,0,0,551
512,0.35239928390219022,550,0,0,552
512,0.35305188452237701,551,0,0,553
512,0.35370448514256381,552,0,0,554
512,0.3543570857627506,553,0,0,555
512,0.35500968638293739,554,0,0,556
512,0.35566228700312419,555,0,0,557
512,0.35631488762331098,556,0,0,558
512,0.35696748824349778,557,0,0,559
512,0.35762008886368457,558,0,0,560
512,0.35827268948387136,559,0,0,561
512,0.35892529010405816,560,0,0,562
512,0.35957789072424495,561,0,0,563
512,0.36023049134443175,562,0,0,564
512,0.36088309196461854,563,0,0,565
512,0.36153569258480533,564,0,0,566
512,0.36218829320499213,565,0,0,567
512,0.36284089382517892,566,0,0,568
512,0.36349349444536572,567,0,0,569
512,0.36414609506555251,568,0,0,570
512,0.3647986956857393,569,0,0,571
512,0.3654512963059261,570,0,0,572
512,0.36610389692611289,571,0,0,573
512,0.36675649754629969,572,0,0,574
512,0.36740909816648648,573,0,0,575
512,0.36806169878667327,574,0,0,576
512,0.36871429940686007,575,0,0,577
512,0.36936690002704686,576,0,0,578
512,0.37001950064723366,577,0,0,579
512,0.37067210126742045,578,0,0,580
512,0.37132470188760724,579,0,0,581
512,0.37197730250779404,580,0,0,582
512,0.37262990312798083,581,0,0,583
512,0.37328250374816763,582,0,0,584
512,0.37393510436835442,583,0,0,585
512,0.37458770498854121,584,0,0,586
512,0.37524030560872801,585,0,0,587
512,0.3758929062289148,586,0,0,588
512,0.3765455068491016,587,0,0,589
512,0.37719810746928839,588,0,0,590
512,0.37785070808947518,589,0,0,591
512,0.37850330870966198,590,0,0,592
512,0.37915590932984877,591,0,0,593
512,0.37980850995003557,592,0,0,594
512,0.38046111057022236,593,0,0,595
512,0.38111371119040915,594,0,0,596
512,0.38176631181059595,595,0,0,597
512,0.38241891243078274,596,0,0,598
512,0.38307151305096954,597,0,0,599
512,0.38372411367115633,598,0,0,600
512,0.38437671429134312,599,0,0,601
512,0.38502931491152992,600,0,0,602
512,0.38568191553171671,601,0,0,603
512,0.38633451615190351,602,0,0,604
512,0.3869871167720903,603,0,0,605
512,0.38763971739227709,604,0,0,606
512,0.38829231801246389,605,0,0,607
512,0.38894491863265068,606,0,0,608
512,0.38959751925283748,607,0,0,609
512,0.39025011987302427,608,0,0,610
512,0.39090272049321106,609,0,0,611
512,0.39155532111339786,610,0,0,612
512,0.39220792173358465,611,0,0,613
512,0.39286052235377145,612,0,0,614
512,0.39351312297395824,613,0,0,615
512,0.39416572359414503,614,0,0,616
512,0.39481832421433183,615,0,0,617
512,0.39547092483451862,616,0,0,618
512,0.39612352545470542,617,0,0,619
512,0.39677612607489221,618,0,0,620
512,0.397428726695079,619,0,0,621
512,0.3980813273152658,620,0,0,622
512,0.39873392793545259,621,0,0,623
512,0.39938652855563939,622,0,0,624
512,0.40003912917582618,623,0,0,625
512,0.40069172979601297,624,0,0,626
512,0.40134433041619977,625,0,0,627
512,0.40199693103638656,626,0,0,628
512,0.40264953165657336,627,0,0,629
512,0.40330213227676015,628,0,0,630
512,0.40395473289694694,629,0,0,631
512,0.40460733351713374,630,0,0,632
512,0.40525993413732053,631,0,0,633
512,0.40591253475750733,632,0,0,634
512,0.40656513537769412,633,0,0,635
512,0.40721773599788091,634,0,0,636
512,0.40787033661806771,635,0,0,637
512,0.4085229372382545,636,0,0,638
512,0.4091755378584413,637,0,0,639
512,0.40982813847862809,638,0,0,640
512,0.41048073909881488,639,0,0,641
512,0.41113333971900168,640,0,0,642
512,0.41178594033918847,641,0,0,643
512,0.41243854095937527,642,0,0,644
512,0.41309114157956206,643,0,0,645
512,0.41374374219974885,644,0,0,646
512,0.41439634281993565,645,0,0,647
512,0.41504894344012244,646,0,0,648
512,0.41570154406030924,647,0,0,649
512,0.41635414468049603,648,0,0,650
512,0.41700674530068282,649,0,0,651
512,0.41765934592086962,650,0,0,652
512,0.41831194654105641,651,0,0,653
512,0.41896454716124321,652,0,0,654
512,0.41961714778143,653,0,0,655
512,0.42026974840161679,654,0,0,656
512,0.42092234902180359,655,0,0,657
512,0.42157494964199038,656,0,0,658
512,0.42222755026217718,657,0,0,659
512,0.42288015088236397,658,0,0,660
512,0.42353275150255076,659,0,0,661
512,0.42418535212273756,660,0,0,662
512,0.42483795274292435,661,0,0,663
512,0.42549055336311115,662,0,0,664
512,0.42614315398329794,663,0,0,665
512,0.42679575460348473,664,0,0,666
512,0.42744835522367153,665,0,0,667
512,0.42810095584385832,666,0,0,668
512,0.42875355646404512,667,0,0,669
512,0.42940615708423191,668,0,0,670
512,0.4300587577044187,669,0,0,671
512,0.4307113583246055,670,0,0,672
512,0.43136395894479229,671,0,0,673
512,0.43201655956497909,672,0,0,674
512,0.43266916018516588,673,0,0,675
512,0.43332176080535267,674,0,0,676
512,0.43397436142553947,675,0,0,677
512,0.43462696204572626,676,0,0,678
512,0.43527956266591306,677,0,0,679
512,0.43593216328609985,678,0,0,680
512,0.43658476390628664,679,0,0,681
512,0.43723736452647344,680,0,0,682
512,0.43788996514666023,681,0,0,683
512,0.43854256576684703,682,0,0,684
512,0.43919516638703382,683,0,0,685
512,0.43984776700722061,684,0,0,686
512,0.44050036762740741,685,0,0,687
512,0.4411529682475942,686,0,0,688
512,0.441805568867781,687,0,0,689
512,0.44245816948796779,688,0,0,690
512,0.44311077010815458,689,0,0,691
512,0.44376337072834138,690,0,0,692
512,0.44441597134852817,691,0,0,693
512,0.44506857196871497,692,0,0,694
512,0.44572117258890176,693,0,0,695
512,0.44637377320908855,694,0,0,696
512,0.44702637382927535,695,0,0,697
512,0.44767897444946214,696,0,0,698
512,0.44833157506964894,697,0,0,699
512,0.44898417568983573,698,0,0,700
512,0.44963677631002252,699,0,0,701
512,0.45028937693020932,700,0,0,702
512,0.45094197755039611,701,0,0,703
512,0.45159457817058291,702,0,0,704
512,0.4522471787907697,703,0,0,705
512,0.45289977941095649,704,0,0,706
512,0.45355238003114329,705,0,0,707
512,0.45420498065133008,706,0,0,708
512,0.45485758127151688,707,0,0,709
512,0.45551018189170367,708,0,0,710
512,0.45616278251189046,709,0,0,711
512,0.45681538313207726,710,0,0,712
512,0.45746798375226405,711,0,0,713
512,0.45812058437245085,712,0,0,714
512,0.45877318499263764,713,0,0,715
512,0.45942578561282443,714,0,0,716
512,0.46007838623301123,715,0,0,717
512,0.46073098685319802,716,0,0,718
512,0.46138358747338482,717,0,0,719
512,0.46203618809357161,718,0,0,720
512,0.4626887887137584,719,0,0,721
512,0.4633413893339452,720,0,0,722
512,0.46399398995413199,721,0,0,723
512,0.46464659057431879,722,0,0,724
512,0.46529919119450558,723,0,0,725
512,0.46595179181469237,724,0,0,726
512,0.46660439243487917,725,0,0,727
512,0.46725699305506596,726,0,0,728
512,0.46790959367525276,727,0,0,729
512,0.46856219429543955,728,0,0,730
512,0.46921479491562634,729,0,0,731
512,0.46986739553581314,730,0,0,732
512,0.47051999615599993,731,0,0,733
512,0.47117259677618673,732,0,0,734
512,0.47182519739637352,733,0,0,735
512,0.47247779801656031,734,0,0,736
512,0.47313039863674711,735,0,0,737
512,0.4737829992569339,736,0,0,738
512,0.4744355998771207,737,0,0,739
512,0.47508820049730749,738,0,0,740
512,0.47574080111749428,739,0,0,741
512,0.47639340173768108,740,0,0,742
512,0.47704600235786787,741,0,0,743
512,0.47769860297805466,742,0,0,744
512,0.47835120359824146,743,0,0,745
512,0.47900380421842825,744,0,0,746
512,0.47965640483861505,745,0,0,747
512,0.48030900545880184,746,0,0,748
512,0.48096160607898863,747,0,0,749
512,0.48161420669917543,748,0,0,750
512,0.48226680731936222,749,0,0,751
512,0.48291940793954902,750,0,0,752
512,0.48357200855973581,751,0,0,753
512,0.4842246091799226,752,0,0,754
512,0.4848772098001094,753,0,0,755
512,0.48552981042029619,754,0,0,756
512,0.48618241104048299,755,0,0,757
512,0.48683501166066978,756,0,0,758
512,0.48748761228085657,757,0,0,759
512,0.48814021290104337,758,0,0,760
512,0.48879281352123016,759,0,0,761
512,0.48944541414141696,760,0,0,762
512,0.49009801476160375,761,0,0,763
512,0.49075061538179054,762,0,0,764
512,0.49140321600197734,763,0,0,765
512,0.49205581662216413,764,0,0,766
512,0.49270841724235093,765,0,0,767
512,0.49336101786253772,766,0,0,768
512,0.49401361848272451,767,0,0,769
512,0.49466621910291131,768,0,0,770
512,0.4953188197230981,769,0,0,771
512,0.4959714203432849,770,0,0,772
512,0.49662402096347169,771,0,0,773
512,0.49727662158365848,772,0,0,774
512,0.49792922220384528,773,0,0,775
512,0.49858182282403207,774,0,0,776
512,0.49923442344421887,775,0,0,777
512,0.49988702406440566,776,0,0,778
512,0.50053962468459245,777,0,0,779
512,0.50119222530477925,778,0,0,780
512,0.50184482592496604,779,0,0,781
512,0.50249742654515284,780,0,0,782
512,0.50315002716533963,781,0,0,783
512,0.50380262778552642,782,0,0,784
512,0.50445522840571322,783,0,0,785
512,0.50510782902590001,784,0,0,786
512,0.50576042964608681,785,0,0,787
512,0.5064130302662736,786,0,0,788
512,0.50706563088646039,787,0,0,789
512,0.50771823150664719,788,0,0,790
512,0.50837083212683398,789,0,0,791
512,0.50902343274702078,790,0,0,792
512,0.50967603336720757,791,0,0,793
512,0.51032863398739436,792,0,0,794
512,0.51098123460758116,793,0,0,795
512,0.51163383522776795,794,0,0,796
512,0.51228643584795475,795,0,0,797
512,0.51293903646814154,796,0,0,798
512,0.51359163708832833,797,0,0,799
512,0.51424423770851513,798,0,0,800
512,0.51489683832870192,799,0,0,801
512,0.51554943894888872,800,0,0,802
512,0.51620203956907551,801,0,0,803
512,0.5168546401892623,802,0,0,804
512,0.5175072408094491,803,0,0,805
512,0.51815984142963589,804,0,0,806
512,0.51881244204982269,805,0,0,807
512,0.51946504267000948,806,0,0,808
512,0.52011764329019627,807,0,0,809
512,0.52077024391038307,808,0,0,810
512,0.52142284453056986,809,0,0,811
512,0.52207544515075666,810,0,0,812
512,0.52272804577094345,811,0,0,813
512,0.52338064639113024,812,0,0,814
512,0.52403324701131704,813,0,0,815
512,0.52468584763150383,814,0,0,816
512,0.52533844825169063,815,0,0,817
512,0.52599104887187742,816,0,0,818
512,0.52664364949206421,817,0,0,819
512,0.52729625011225101,818,0,0,820
512,0.5279488507324378,819,0,0,821
512,0.5286014513526246,820,0,0,822
512,0.52925405197281139,821,0,0,823
512,0.52990665259299818,822,0,0,824
512,0.53055925321318498,823,0,0,825
512,0.53121185383337177,824,0,0,826
512,0.53186445445355857,825,0,0,827
512,0.53251705507374536,826,0,0,828
512,0.53316965569393215,827,0,0,829
512,0.53382225631411895,828,0,0,830
512,0.53447485693430574,829,0,0,831
512,0.53512745755449254,830,0,0,832
512,0.53578005817467933,831,0,0,833
512,0.53643265879486612,832,0,0,834
512,0.53708525941505292,833,0,0,835
512,0.53773786003523971,834,0,0,836
512,0.53839046065542651,835,0,0,837
512,0.5390430612756133,836,0,0,838
512,0.53969566189580009,837,0,0,839
512,0.54034826251598689,838,0,0,840
512,0.54100086313617368,839,0,0,841
512,0.54165346375636048,840,0,0,842
512,0.54230606437654727,841,0,0,843
512,0.54295866499673406,842,0,0,844
512,0.54361126561692086,843,0,0,845
512,0.54426386623710765,844,0,0,846
512,0.54491646685729445,845,0,0,847
512,0.54556906747748124,846,0,0,848
512,0.54622166809766803,847,0,0,849
512,0.54687426871785483,848,0,0,850
512,0.54752686933804162,849,0,0,851
512,0.54817946995822842,850,0,0,852
512,0.54883207057841521,851,0,0,853
512,0.549484671198602,852,0,0,854
512,0.5501372718187888,853,0,0,855
512,0.55078987243897559,854,0,0,856
512,0.55144247305916239,855,0,0,857
512,0.55209507367934918,856,0,0,858
512,0.55274767429953597,857,0,0,859
512,0.55340027491972277,858,0,0,860
512,0.55405287553990956,859,0,0,861
512,0.55470547616009636,860,0,0,862
512,0.55535807678028315,861,0,0,863
512,0.55601067740046994,862,0,0,864
512,0.55666327802065674,863,0,0,865
512,0.55731587864084353,864,0,0,866
512,0.55796847926103033,865,0,0,867
512,0.55862107988121712,866,0,0,868
512,0.55927368050140391,867,0,0,869
512,0.55992628112159071,868,0,0,870
512,0.5605788817417775,869,0,0,871
512,0.5612314823619643,870,0,0,872
512,0.56188408298215109,871,0,0,873
512,0.56253668360233788,872,0,0,874
512,0.56318928422252468,873,0,0,875
512,0.56384188484271147,874,0,0,876
512,0.56449448546289827,875,0,0,877
512,0.56514708608308506,876,0,0,878
512,0.56579968670327185,877,0,0,879
512,0.56645228732345865,878,0,0,880
512,0.56710488794364544,879,0,0,881
512,0.56775748856383224,880,0,0,882
512,0.56841008918401903,881,0,0,883
512,0.56906268980420582,882,0,0,884
512,0.56971529042439262,883,0,0,885
512,0.57036789104457941,884,0,0,886
512,0.57102049166476621,885,0,0,887
512,0.571673092284953,886,0,0,888
512,0.57232569290513979,887,0,0,889
512,0.57297829352532659,888,0,0,890
512,0.57363089414551338,889,0,0,891
512,0.57428349476570018,890,0,0,892
512,0.57493609538588697,891,0,0,893
512,0.57558869600607376,892,0,0,894
512,0.57624129662626056,893,0,0,895
512,0.57689389724644735,894,0,0,896
512,0.57754649786663415,895,0,0,897
512,0.57819909848682094,896,0,0,898
512,0.57885169910700773,897,0,0,899
512,0.57950429972719453,898,0,0,900
512,0.58015690034738132,899,0,0,901
512,0.58080950096756812,900,0,0,902
512,0.58146210158775491,901,0,0,903
512,0.5821147022079417,902,0,0,904
512,0.5827673028281285,903,0,0,905
512,0.58341990344831529,904,0,0,906
512,0.58407250406850209,905,0,0,907
512,0.58472510468868888,906,0,0,908
512,0.58537770530887567,907,0,0,909
512,0.58603030592906247,908,0,0,910
512,0.58668290654924926,909,0,0,911
512,0.58733550716943606,910,0,0,912
512,0.58798810778962285,911,0,0,913
512,0.58864070840980964,912,0,0,914
512,0.58929330902999644,913,0,0,915
512,0.58994590965018323,914,0,0,916
512,0.59059851027037003,915,0,0,917
512,0.59125111089055682,916,0,0,918
512,0.59190371151074361,917,0,0,919
512,0.59255631213093041,918,0,0,920
512,0.5932089127511172,919,0,0,921
512,0.593861513371304,920,0,0,922
512,0.59451411399149079,921,0,0,923
512,0.59516671461167758,922,0,0,924
512,0.59581931523186438,923,0,0,925
512,0.59647191585205117,924,0,0,926
512,0.59712451647223797,925,0,0,927
512,0.59777711709242476,926,0,0,928
512,0.59842971771261155,927,0,0,929
512,0.59908231833279835,928,0,0,930
512,0.59973491895298514,929,0,0,931
512,0.60038751957317193,930,0,0,932
512,0.60104012019335873,931,0,0,933
512,0.60169272081354552,932,0,0,934
512,0.60234532143373232,933,0,0,935
512,0.60299792205391911,934,0,0,936
512,0.6036505226741059,935,0,0,937
512,0.6043031232942927,936,0,0,938
512,0.60495572391447949,937,0,0,939
512,0.60560832453466629,938,0,0,940
512,0.60626092515485308,939,0,0,941
512,0.60691352577503987,940,0,0,942
512,0.60756612639522667,941,0,0,943
512,0.60821872701541346,942,0,0,944
512,0.60887132763560026,943,0,0,945
512,0.60952392825578705,944,0,0,946
512,0.61017652887597384,945,0,0,947
512,0.61082912949616064,946,0,0,948
512,0.61148173011634743,947,0,0,949
512,0.61213433073653423,948,0,0,950
512,0.61278693135672102,949,0,0,951
512,0.61343953197690781,950,0,0,952
512,0.61409213259709461,951,0,0,953
512,0.6147447332172814,952,0,0,954
512,0.6153973338374682,953,0,0,955
512,0.61604993445765499,954,0,0,956
512,0.61670253507784178,955,0,0,957
512,0.61735513569802858,956,0,0,958
512,0.61800773631821537,957,0,0,959
512,0.61866033693840217,958,0,0,960
512,0.61931293755858896,959,0,0,961
512,0.61996553817877575,960,0,0,962
512,0.62061813879896255,961,0,0,963
512,0.62127073941914934,962,0,0,964
512,0.62192334003933614,963,0,0,965
512,0.62257594065952293,964,0,0,966
512,0.62322854127970972,965,0,0,967
512,0.62388114189989652,966,0,0,968
512,0.62453374252008331,967,0,0,969
512,0.62518634314027011,968,0,0,970
512,0.6258389437604569,969,0,0,971
512,0.62649154438064369,970,0,0,972
512,0.62714414500083049,971,0,0,973
512,0.62779674562101728,972,0,0,974
512,0.62844934624120408,973,0,0,975
512,0.62910194686139087,974,0,0,976
512,0.62975454748157766,975,0,0,977
512,0.63040714810176446,976,0,0,978
512,0.63105974872195125,977,0,0,979
512,0.63171234934213805,978,0,0,980
512,0.63236494996232484,979,0,0,981
512,0.63301755058251163,980,0,0,982
512,0.63367015120269843,981,0,0,983
512,0.63432275182288522,982,0,0,984
512,0.63497535244307202,983,0,0,985
512,0.63562795306325881,984,0,0,986
512,0.6362805536834456,985,0,0,987
512,0.6369331543036324,986,0,0,988
512,0.63758575492381919,987,0,0,989
512,0.63823835554400599,988,0,0,990
512,0.63889095616419278,989,0,0,991
512,0.63954355678437957,990,0,0,992
512,0.64019615740456637,991,0,0,993
512,0.64084875802475316,992,0,0,994
512,0.64150135864493996,993,0,0,995
512,0.64215395926512675,994,0,0,996
512,0.64280655988531354,995,0,0,997
512,0.64345916050550034,996,0,0,998
512,0.64411176112568713,997,0,0,999
512,0.64476436174587393,998,0,0,1000
512,0.64541696236606072,999,0,0,1001
512,0.64606956298624751,1000,0,0,1002
512,0.64672216360643431,1001,0,0,1003
512,0.6473747642266211,1002,0,0,1004
512,0.6480273648468079,1003,0,0,1005
512,0.64867996546699469,1004,0,0,1006
512,0.64933256608718148,1005,0,0,1007
512,0.64998516670736828,1006,0,0,1008
512,0.65063776732755507,1007,0,0,1009
512,0.65129036794774187,1008,0,0,1010
512,0.65194296856792866,1009,0,0,1011
512,0.65259556918811545,1010,0,0,1012
512,0.65324816980830225,1011,0,0,1013
512,0.65390077042848904,1012,0,0,1014
512,0.65455337104867584,1013,0,0,1015
512,0.65520597166886263,1014,0,0,1016
512,0.65585857228904942,1015,0,0,1017
512,0.65651117290923622,1016,0,0,1018
512,0.65716377352942301,1017,0,0,1019
512,0.65781637414960981,1018,0,0,1020
512,0.6584689747697966,1019,0,0,1021
512,0.65912157538998339,1020,0,0,1022
512,0.65977417601017019,1021,0,0,1023
512,0.66042677663035698,1022,0,0,1024
512,0.66107937725054378,1023,0,0,1025
512,0.66173197787073057,1024,0,0,1026
512,0.66238457849091736,1025,0,0,1027
512,0.66303717911110416,1026,0,0,1028
512,0.66368977973129095,1027,0,0,1029
512,0.66434238035147775,1028,0,0,1030
512,0.66499498097166454,1029,0,0,1031
512,0.66564758159185133,1030,0,0,1032
512,0.66630018221203813,1031,0,0,1033
512,0.66695278283222492,1032,0,0,1034
512,0.66760538345241172,1033,0,0,1035
512,0.66825798407259851,1034,0,0,1036
512,0.6689105846927853,1035,0,0,1037
512,0.6695631853129721,1036,0,0,1038
512,0.67021578593315889,1037,0,0,1039
512,0.67086838655334569,1038,0,0,1040
512,0.67152098717353248,1039,0,0,1041
512,0.67217358779371927,1040,0,0,1042
512,0.67282618841390607,1041,0,0,1043
512,0.67347878903409286,1042,0,0,1044
512,0.67413138965427966,1043,0,0,1045
512,0.67478399027446645,1044,0,0,1046
512,0.67543659089465324,1045,0,0,1047
512,0.67608919151484004,1046,0,0,1048
512,0.67674179213502683,1047,0,0,1049
512,0.67739439275521363,1048,0,0,1050
512,0.67804699337540042,1049,0,0,1051
512,0.67869959399558721,1050,0,0,1052
512,0.67935219461577401,1051,0,0,1053
512,0.6800047952359608,1052,0,0,1054
512,0.6806573958561476,1053,0,0,1055
512,0.68130999647633439,1054,0,0,1056
512,0.68196259709652118,1055,0,0,1057
512,0.68261519771670798,1056,0,0,1058
512,0.68326779833689477,1057,0,0,1059
512,0.68392039895708157,1058,0,0,1060
512,0.68457299957726836,1059,0,0,1061
512,0.68522560019745515,1060,0,0,1062
512,0.68587820081764195,1061,0,0,1063
512,0.68653080143782874,1062,0,0,1064
512,0.68718340205801554,1063,0,0,1065
512,0.68783600267820233,1064,0,0,1066
512,0.68848860329838912,1065,0,0,1067
512,0.68914120391857592,1066,0,0,1068
512,0.68979380453876271,1067,0,0,1069
512,0.69044640515894951,1068,0,0,1070
512,0.6910990057791363,1069,0,0,1071
512,0.69175160639932309,1070,0,0,1072
512,0.69240420701950989,1071,0,0,1073
512,0.69305680763969668,1072,0,0,1074
512,0.69370940825988348,1073,0,0,1075
512,0.69436200888007027,1074,0,0,1076
512,0.69501460950025706,1075,0,0,1077
512,0.69566721012044386,1076,0,0,1078
512,0.69631981074063065,1077,0,0,1079
512,0.69697241136081745,1078,0,0,1080
512,0.69762501198100424,1079,0,0,1081
512,0.69827761260119103,1080,0,0,1082
512,0.69893021322137783,1081,0,0,1083
512,0.69958281384156462,1082,0,0,1084
512,0.70023541446175142,1083,0,0,1085
512,0.70088801508193821,1084,0,0,1086
512,0.701540615702125,1085,0,0,1087
512,0.7021932163223118,1086,0,0,1088
512,0.70284581694249859,1087,0,0,1089
512,0.70349841756268539,1088,0,0,1090
512,0.70415101818287218,1089,0,0,1091
512,0.70480361880305897,1090,0,0,1092
512,0.70545621942324577,1091,0,0,1093
512,0.70610882004343256,1092,0,0,1094
512,0.70676142066361936,1093,0,0,1095
512,0.70741402128380615,1094,0,0,1096
512,0.70806662190399294,1095,0,0,1097
512,0.70871922252417974,1096,0,0,1098
512,0.70937182314436653,1097,0,0,1099
512,0.71002442376455333,1098,0,0,1100
512,0.71067702438474012,1099,0,0,1101
512,0.71132962500492691,1100,0,0,1102
512,0.71198222562511371,1101,0,0,1103
512,0.7126348262453005,1102,0,0,1104
512,0.7132874268654873,1103,0,0,1105
512,0.71394002748567409,1104,0,0,1106
512,0.71459262810586088,1105,0,0,1107
512,0.71524522872604768,1106,0,0,1108
512,0.71589782934623447,1107,0,0,1109
512,0.71655042996642127,1108,0,0,1110
512,0.71720303058660806,1109,0,0,1111
512,0.71785563120679485,1110,0,0,1112
512,0.71850823182698165,1111,0,0,1113
512,0.71916083244716844,1112,0,0,1114
512,0.71981343306735524,1113,0,0,1115
512,0.72046603368754203,1114,0,0,1116
512,0.72111863430772882,1115,0,0,1117
512,0.72177123492791562,1116,0,0,1118
512,0.72242383554810241,1117,0,0,1119
512,0.7230764361682892,1118,0,0,1120
512,0.723729036788476,1119,0,0,1121
512,0.72438163740866279,1120,0,0,1122
512,0.72503423802884959,1121,0,0,1123
512,0.72568683864903638,1122,0,0,1124
512,0.72633943926922317,1123,0,0,1125
512,0.72699203988940997,1124,0,0,1126
512,0.72764464050959676,1125,0,0,1127
512,0.72829724112978356,1126,0,0,1128
512,0.72894984174997035,1127,0,0,1129
512,0.72960244237015714,1128,0,0,1130
512,0.73025504299034394,1129,0,0,1131
512,0.73090764361053073,1130,0,0,1132
512,0.73156024423071753,1131,0,0,1133
512,0.73221284485090432,1132,0,0,1134
512,0.73286544547109111,1133,0,0,1135
512,0.73351804609127791,1134,0,0,1136
512,0.7341706467114647,1135,0,0,1137
512,0.7348232473316515,1136,0,0,1138
512,0.73547584795183829,1137,0,0,1139
512,0.73612844857202508,1138,0,0,1140
512,0.73678104919221188,1139,0,0,1141
512,0.73743364981239867,1140,0,0,1142
512,0.73808625043258547,1141,0,0,1143
512,0.73873885105277226,1142,0,0,1144
512,0.73939145167295905,1143,0,0,1145
512,0.74004405229314585,1144,0,0,1146
512,0.74069665291333264,1145,0,0,1147
512,0.74134925353351944,1146,0,0,1148
512,0.74200185415370623,1147,0,0,1149
512,0.74265445477389302,1148,0,0,1150
512,0.74330705539407982,1149,0,0,1151
512,0.74395965601426661,1150,0,0,1152
512,0.74461225663445341,1151,0,0,1153
512,0.7452648572546402,1152,0,0,1154
512,0.74591745787482699,1153,0,0,1155
512,0.74657005849501379,1154,0,0,1156
512,0.74722265911520058,1155,0,0,1157
512,0.74787525973538738,1156,0,0,1158
512,0.74852786035557417,1157,0,0,1159
512,0.74918046097576096,1158,0,0,1160
512,0.74983306159594776,1159,0,0,1161
512,0.75048566221613455,1160,0,0,1162
512,0.75113826283632135,1161,0,0,1163
512,0.75179086345650814,1162,0,0,1164
512,0.75244346407669493,1163,0,0,1165
512,0.75309606469688173,1164,0,0,1166
512,0.75374866531706852,1165,0,0,1167
512,0.75440126593725532,1166,0,0,1168
512,0.75505386655744211,1167,0,0,1169
512,0.7557064671776289,1168,0,0,1170
512,0.7563590677978157,1169,0,0,1171
512,0.75701166841800249,1170,0,0,1172
512,0.75766426903818929,1171,0,0,1173
512,0.75831686965837608,1172,0,0,1174
512,0.75896947027856287,1173,0,0,1175
512,0.75962207089874967,1174,0,0,1176
512,0.76027467151893646,1175,0,0,1177
512,0.76092727213912326,1176,0,0,1178
512,0.76157987275931005,1177,0,0,1179
512,0.76223247337949684,1178,0,0,1180
512,0.76288507399968364,1179,0,0,1181
512,0.76353767461987043,1180,0,0,1182
512,0.76419027524005723,1181,0,0,1183
512,0.76484287586024402,1182,0,0,1184
512,0.76549547648043081,1183,0,0,1185
512,0.76614807710061761,1184,0,0,1186
512,0.7668006777208044,1185,0,0,1187
512,0.7674532783409912,1186,0,0,1188
512,0.76810587896117799,1187,0,0,1189
512,0.76875847958136478,1188,0,0,1190
512,0.76941108020155158,1189,0,0,1191
512,0.77006368082173837,1190,0,0,1192
512,0.77071628144192517,1191,0,0,1193
512,0.77136888206211196,1192,0,0,1194
512,0.77202148268229875,1193,0,0,1195
512,0.77267408330248555,1194,0,0,1196
512,0.77332668392267234,1195,0,0,1197
512,0.77397928454285914,1196,0,0,1198
512,0.77463188516304593,1197,0,0,1199
512,0.77528448578323272,1198,0,0,1200
512,0.77593708640341952,1199,0,0,1201
512,0.77658968702360631,1200,0,0,1202
512,0.77724228764379311,1201,0,0,1203
512,0.7778948882639799,1202,0,0,1204
512,0.77854748888416669,1203,0,0,1205
512,0.77920008950435349,1204,0,0,1206
512,0.77985269012454028,1205,0,0,1207
512,0.78050529074472708,1206,0,0,1208
512,0.78115789136491387,1207,0,0,1209
512,0.78181049198510066,1208,0,0,1210
512,0.78246309260528746,1209,0,0,1211
512,0.78311569322547425,1210,0,0,1212
512,0.78376829384566105,1211,0,0,1213
512,0.78442089446584784,1212,0,0,1214
512,0.78507349508603463,1213,0,0,1215
512,0.78572609570622143,1214,0,0,1216
512,0.78637869632640822,1215,0,0,1217
512,0.78703129694659502,1216,0,0,1218
512,0.78768389756678181,1217,0,0,1219
512,0.7883364981869686,1218,0,0,1220
512,0.7889890988071554,1219,0,0,1221
512,0.78964169942734219,1220,0,0,1222
512,0.79029430004752899,1221,0,0,1223
512,0.79094690066771578,1222,0,0,1224
512,0.79159950128790257,1223,0,0,1225
512,0.79225210190808937,1224,0,0,1226
512,0.79290470252827616,1225,0,0,1227
512,0.79355730314846296,1226,0,0,1228
512,0.79420990376864975,1227,0,0,1229
512,0.79486250438883654,1228,0,0,1230
512,0.79551510500902334,1229,0,0,1231
512,0.79616770562921013,1230,0,0,1232
512,0.79682030624939693,1231,0,0,1233
512,0.79747290686958372,1232,0,0,1234
512,0.79812550748977051,1233,0,0,1235
512,0.79877810810995731,1234,0,0,1236
512,0.7994307087301441,1235,0,0,1237
512,0.8000833093503309,1236,0,0,1238
512,0.80073590997051769,1237,0,0,1239
512,0.80138851059070448,1238,0,0,1240
512,0.80204111121089128,1239,0,0,1241
512,0.80269371183107807,1240,0,0,1242
512,0.80334631245126487,1241,0,0,1243
512,0.80399891307145166,1242,0,0,1244
512,0.80465151369163845,1243,0,0,1245
512,0.80530411431182525,1244,0,0,1246
512,0.80595671493201204,1245,0,0,1247
512,0.80660931555219884,1246,0,0,1248
512,0.80726191617238563,1247,0,0,1249
512,0.80791451679257242,1248,0,0,1250
512,0.80856711741275922,1249,0,0,1251
512,0.80921971803294601,1250,0,0,1252
512,0.80987231865313281,1251,0,0,1253
512,0.8105249192733196,1252,0,0,1254
512,0.81117751989350639,1253,0,0,1255
512,0.81183012051369319,1254,0,0,1256
512,0.81248272113387998,1255,0,0,1257
512,0.81313532175406678,1256,0,0,1258
512,0.81378792237425357,1257,0,0,1259
512,0.81444052299444036,1258,0,0,1260
512,0.81509312361462716,1259,0,0,1261
512,0.81574572423481395,1260,0,0,1262
512,0.81639832485500075,1261,0,0,1263
512,0.81705092547518754,1262,0,0,1264
512,0.81770352609537433,1263,0,0,1265
512,0.81835612671556113,1264,0,0,1266
512,0.81900872733574792,1265,0,0,1267
512,0.81966132795593472,1266,0,0,1268
512,0.82031392857612151,1267,0,0,1269
512,0.8209665291963083,1268,0,0,1270
512,0.8216191298164951,1269,0,0,1271
512,0.82227173043668189,1270,0,0,1272
512,0.82292433105686869,1271,0,0,1273
512,0.82357693167705548,1272,0,0,1274
512,0.82422953229724227,1273,0,0,1275
512,0.82488213291742907,1274,0,0,1276
512,0.82553473353761586,1275,0,0,1277
512,0.82618733415780266,1276,0,0,1278
512,0.82683993477798945,1277,0,0,1279
512,0.82749253539817624,1278,0,0,1280
512,0.82814513601836304,1279,0,0,1281
512,0.82879773663854983,1280,0,0,1282
512,0.82945033725873663,1281,0,0,1283
512,0.83010293787892342,1282,0,0,1284
512,0.83075553849911021,1283,0,0,1285
512,0.83140813911929701,1284,0,0,1286
512,0.8320607397394838,1285,0,0,1287
512,0.8327133403596706,1286,0,0,1288
512,0.83336594097985739,1287,0,0,1289
512,0.83401854160004418,1288,0,0,1290
512,0.83467114222023098,1289,0,0,1291
512,0.83532374284041777,1290,0,0,1292
512,0.83597634346060457,1291,0,0,1293
512,0.83662894408079136,1292,0,0,1294
512,0.83728154470097815,1293,0,0,1295
512,0.83793414532116495,1294,0,0,1296
512,0.83858674594135174,1295,0,0,1297
512,0.83923934656153854,1296,0,0,1298
512,0.83989194718172533,1297,0,0,1299
512,0.84054454780191212,1298,0,0,1300
512,0.84119714842209892,1299,0,0,1301
512,0.84184974904228571,1300,0,0,1302
512,0.84250234966247251,1301,0,0,1303
512,0.8431549502826593,1302,0,0,1304
512,0.84380755090284609,1303,0,0,1305
512,0.84446015152303289,1304,0,0,1306
512,0.84511275214321968,1305,0,0,1307
512,0.84576535276340647,1306,0,0,1308
512,0.84641795338359327,1307,0,0,1309
512,0.84707055400378006,1308,0,0,1310
512,0.84772315462396686,1309,0,0,1311
512,0.84837575524415365,1310,0,0,1312
512,0.84902835586434044,1311,0,0,1313
512,0.84968095648452724,1312,0,0,1314
512,0.85033355710471403,1313,0,0,1315
512,0.85098615772490083,1314,0,0,1316
512,0.85163875834508762,1315,0,0,1317
512,0.85229135896527441,1316,0,0,1318
512,0.85294395958546121,1317,0,0,1319
512,0.853596560205648,1318,0,0,1320
512,0.8542491608258348,1319,0,0,1321
512,0.85490176144602159,1320,0,0,1322
512,0.85555436206620838,1321,0,0,1323
512,0.85620696268639518,1322,0,0,1324
512,0.85685956330658197,1323,0,0,1325
512,0.85751216392676877,1324,0,0,1326
512,0.85816476454695556,1325,0,0,1327
512,0.85881736516714235,1326,0,0,1328
512,0.85946996578732915,1327,0,0,1329
512,0.86012256640751594,1328,0,0,1330
512,0.86077516702770274,1329,0,0,1331
512,0.86142776764788953,1330,0,0,1332
512,0.86208036826807632,1331,0,0,1333
512,0.86273296888826312,1332,0,0,1334
512,0.86338556950844991,1333,0,0,1335
512,0.86403817012863671,1334,0,0,1336
512,0.8646907707488235,1335,0,0,1337
512,0.86534337136901029,1336,0,0,1338
512,0.86599597198919709,1337,0,0,1339
512,0.86664857260938388,1338,0,0,1340
512,0.86730117322957068,1339,0,0,1341
512,0.86795377384975747,1340,0,0,1342
512,0.86860637446994426,1341,0,0,1343
512,0.86925897509013106,1342,0,0,1344
512,0.86991157571031785,1343,0,0,1345
512,0.87056417633050465,1344,0,0,1346
512,0.87121677695069144,1345,0,0,1347
512,0.87186937757087823,1346,0,0,1348
512,0.87252197819106503,1347,0,0,1349
512,0.87317457881125182,1348,0,0,1350
512,0.87382717943143862,1349,0,0,1351
512,0.87447978005162541,1350,0,0,1352
512,0.8751323806718122,1351,0,0,1353
512,0.875784981291999,1352,0,0,1354
512,0.87643758191218579,1353,0,0,1355
512,0.87709018253237259,1354,0,0,1356
512,0.87774278315255938,1355,0,0,1357
512,0.87839538377274617,1356,0,0,1358
512,0.87904798439293297,1357,0,0,1359
512,0.87970058501311976,1358,0,0,1360
512,0.88035318563330656,1359,0,0,1361
512,0.88100578625349335,1360,0,0,1362
512,0.88165838687368014,1361,0,0,1363
512,0.88231098749386694,1362,0,0,1364
512,0.88296358811405373,1363,0,0,1365
512,0.88361618873424053,1364,0,0,1366
512,0.88426878935442732,1365,0,0,1367
512,0.88492138997461411,1366,0,0,1368
512,0.88557399059480091,1367,0,0,1369
512,0.8862265912149877,1368,0,0,1370
512,0.8868791918351745,1369,0,0,1371
512,0.88753179245536129,1370,0,0,1372
512,0.88818439307554808,1371,0,0,1373
512,0.88883699369573488,1372,0,0,1374
512,0.88948959431592167,1373,0,0,1375
512,0.89014219493610847,1374,0,0,1376
512,0.89079479555629526,1375,0,0,1377
512,0.89144739617648205,1376,0,0,1378
512,0.89209999679666885,1377,0,0,1379
512,0.89275259741685564,1378,0,0,1380
512,0.89340519803704244,1379,0,0,1381
512,0.89405779865722923,1380,0,0,1382
512,0.89471039927741602,1381,0,0,1383
512,0.89536299989760282,1382,0,0,1384
512,0.89601560051778961,1383,0,0,1385
512,0.89666820113797641,1384,0,0,1386
512,0.8973208017581632,1385,0,0,1387
512,0.89797340237834999,1386,0,0,1388
512,0.89862600299853679,1387,0,0,1389
512,0.89927860361872358,1388,0,0,1390
512,0.89993120423891038,1389,0,0,1391
512,0.90058380485909717,1390,0,0,1392
512,0.90123640547928396,1391,0,0,1393
512,0.90188900609947076,1392,0,0,1394
512,0.90254160671965755,1393,0,0,1395
512,0.90319420733984435,1394,0,0,1396
512,0.90384680796003114,1395,0,0,1397
512,0.90449940858021793,1396,0,0,1398
512,0.90515200920040473,1397,0,0,1399
512,0.90580460982059152,1398,0,0,1400
512,0.90645721044077832,1399,0,0,1401
512,0.90710981106096511,1400,0,0,1402
512,0.9077624116811519,1401,0,0,1403
512,0.9084150123013387,1402,0,0,1404
512,0.90906761292152549,1403,0,0,1405
512,0.90972021354171229,1404,0,0,1406
512,0.91037281416189908,1405,0,0,1407
512,0.91102541478208587,1406,0,0,1408
512,0.91167801540227267,1407,0,0,1409
512,0.91233061602245946,1408,0,0,1410
512,0.91298321664264626,1409,0,0,1411
512,0.91363581726283305,1410,0,0,1412
512,0.91428841788301984,1411,0,0,1413
512,0.91494101850320664,1412,0,0,1414
512,0.91559361912339343,1413,0,0,1415
512,0.91624621974358023,1414,0,0,1416
512,0.91689882036376702,1415,0,0,1417
512,0.91755142098395381,1416,0,0,1418
512,0.91820402160414061,1417,0,0,1419
512,0.9188566222243274,1418,0,0,1420
512,0.9195092228445142,1419,0,0,1421
512,0.92016182346470099,1420,0,0,1422
512,0.92081442408488778,1421,0,0,1423
512,0.92146702470507458,1422,0,0,1424
512,0.92211962532526137,1423,0,0,1425
512,0.92277222594544817,1424,0,0,1426
512,0.92342482656563496,1425,0,0,1427
512,0.92407742718582175,1426,0,0,1428
512,0.92473002780600855,1427,0,0,1429
512,0.92538262842619534,1428,0,0,1430
512,0.92603522904638214,1429,0,0,1431
512,0.92668782966656893,1430,0,0,1432
512,0.92734043028675572,1431,0,0,1433
512,0.92799303090694252,1432,0,0,1434
512,0.92864563152712931,1433,0,0,1435
512,0.92929823214731611,1434,0,0,1436
512,0.9299508327675029,1435,0,0,1437
512,0.93060343338768969,1436,0,0,1438
512,0.93125603400787649,1437,0,0,1439
512,0.93190863462806328,1438,0,0,1440
512,0.93256123524825008,1439,0,0,1441
512,0.93321383586843687,1440,0,0,1442
512,0.93386643648862366,1441,0,0,1443
512,0.93451903710881046,1442,0,0,1444
512,0.93517163772899725,1443,0,0,1445
512,0.93582423834918405,1444,0,0,1446
512,0.93647683896937084,1445,0,0,1447
512,0.93712943958955763,1446,0,0,1448
512,0.93778204020974443,1447,0,0,1449
512,0.93843464082993122,1448,0,0,1450
512,0.93908724145011802,1449,0,0,1451
512,0.93973984207030481,1450,0,0,1452
512,0.9403924426904916,1451,0,0,1453
512,0.9410450433106784,1452,0,0,1454
512,0.94169764393086519,1453,0,0,1455
512,0.94235024455105199,1454,0,0,1456
512,0.94300284517123878,1455,0,0,1457
512,0.94365544579142557,1456,0,0,1458
512,0.94430804641161237,1457,0,0,1459
512,0.94496064703179916,1458,0,0,1460
512,0.94561324765198596,1459,0,0,1461
512,0.94626584827217275,1460,0,0,1462
512,0.94691844889235954,1461,0,0,1463
512,0.94757104951254634,1462,0,0,1464
512,0.94822365013273313,1463,0,0,1465
512,0.94887625075291993,1464,0,0,1466
512,0.94952885137310672,1465,0,0,1467
512,0.95018145199329351,1466,0,0,1468
512,0.95083405261348031,1467,0,0,1469
512,0.9514866532336671,1468,0,0,1470
512,0.9521392538538539,1469,0,0,1471
512,0.95279185447404069,1470,0,0,1472
512,0.95344445509422748,1471,0,0,1473
512,0.95409705571441428,1472,0,0,1474
512,0.95474965633460107,1473,0,0,1475
512,0.95540225695478787,1474,0,0,1476
512,0.95605485757497466,1475,0,0,1477
512,0.95670745819516145,1476,0,0,1478
512,0.95736005881534825,1477,0,0,1479
512,0.95801265943553504,1478,0,0,1480
512,0.95866526005572184,1479,0,0,1481
512,0.95931786067590863,1480,0,0,1482
512,0.95997046129609542,1481,0,0,1483
512,0.96062306191628222,1482,0,0,1484
512,0.96127566253646901,1483,0,0,1485
512,0.96192826315665581,1484,0,0,1486
512,0.9625808637768426,1485,0,0,1487
512,0.96323346439702939,1486,0,0,1488
512,0.96388606501721619,1487,0,0,1489
512,0.96453866563740298,1488,0,0,1490
512,0.96519126625758978,1489,0,0,1491
512,0.96584386687777657,1490,0,0,1492
512,0.96649646749796336,1491,0,0,1493
512,0.96714906811815016,1492,0,0,1494
512,0.96780166873833695,1493,0,0,1495
512,0.96845426935852374,1494,0,0,1496
512,0.96910686997871054,1495,0,0,1497
512,0.96975947059889733,1496,0,0,1498
512,0.97041207121908413,1497,0,0,1499
512,0.97106467183927092,1498,0,0,1500
512,0.97171727245945771,1499,0,0,1501
512,0.97236987307964451,1500,0,0,1502
512,0.9730224736998313,1501,0,0,1503
512,0.9736750743200181,1502,0,0,1504
512,0.97432767494020489,1503,0,0,1505
512,0.97498027556039168,1504,0,0,1506
512,0.97563287618057848,1505,0,0,1507
512,0.97628547680076527,1506,0,0,1508
512,0.97693807742095207,1507,0,0,1509
512,0.97759067804113886,1508,0,0,1510
512,0.97824327866132565,1509,0,0,1511
512,0.97889587928151245,1510,0,0,1512
512,0.97954847990169924,1511,0,0,1513
512,0.98020108052188604,1512,0,0,1514
512,0.98085368114207283,1513,0,0,1515
512,0.98150628176225962,1514,0,0,1516
512,0.98215888238244642,1515,0,0,1517
512,0.98281148300263321,1516,0,0,1518
512,0.98346408362282001,1517,0,0,1519
512,0.9841166842430068,1518,0,0,1520
512,0.98476928486319359,1519,0,0,1521
512,0.98542188548338039,1520,0,0,1522
512,0.98607448610356718,1521,0,0,1523
512,0.98672708672375398,1522,0,0,1524
512,0.98737968734394077,1523,0,0,1525
512,0.98803228796412756,1524,0,0,1526
512,0.98868488858431436,1525,0,0,1527
512,0.98933748920450115,1526,0,0,1528
512,0.98999008982468795,1527,0,0,1529
512,0.99064269044487474,1528,0,0,1530
512,0.99129529106506153,1529,0,0,1531
512,0.99194789168524833,1530,0,0,1532
512,0.99260049230543512,1531,0,0,1533
512,0.99325309292562192,1532,0,0,1534
512,0.99390569354580871,1533,0,0,1535
512,0.9945582941659955,1534,0,0,1536
512,0.9952108947861823,1535,0,0,1537
512,0.99586349540636909,1536,0,0,1538
512,0.99651609602655589,1537,0,0,1539
512,0.99716869664674268,1538,0,0,1540
512,0.99782129726692947,1539,0,0,1541
512,0.99847389788711627,1540,0,0,1542
512,0.99912649850730306,1541,0,0,1543
512,0.99977909912748986,1542,0,0,1544
512,1.0004316997476765,1543,0,0,1545
512,1.0010843003678633,1544,0,0,1546
512,1.0017369009880501,1545,0,0,1547
512,1.0023895016082369,1546,0,0,1548
512,1.0030421022284237,1547,0,0,1549
512,1.0036947028486105,1548,0,0,1550
512,1.0043473034687973,1549,0,0,1551
512,1.0049999040889841,1550,0,0,1552
512,1.0056525047091709,1551,0,0,1553
512,1.0063051053293577,1552,0,0,1554
512,1.0069577059495445,1553,0,0,1555
512,1.0076103065697313,1554,0,0,1556
512,1.0082629071899181,1555,0,0,1557
512,1.0089155078101049,1556,0,0,1558
512,1.0095681084302917,1557,0,0,1559
512,1.0102207090504784,1558,0,0,1560
512,1.0108733096706652,1559,0,0,1561
512,1.011525910290852,1560,0,0,1562
512,1.0121785109110388,1561,0,0,1563
512,1.0128311115312256,1562,0,0,1564
512,1.0134837121514124,1563,0,0,1565
512,1.0141363127715992,1564,0,0,1566
512,1.014788913391786,1565,0,0,1567
512,1.0154415140119728,1566,0,0,1568
512,1.0160941146321596,1567,0,0,1569
512,1.0167467152523464,1568,0,0,1570
512,1.0173993158725332,1569,0,0,1571
512,1.01805191649272,1570,0,0,1572
512,1.0187045171129068,1571,0,0,1573
512,1.0193571177330936,1572,0,0,1574
512,1.0200097183532804,1573,0,0,1575
512,1.0206623189734672,1574,0,0,1576
512,1.0213149195936539,1575,0,0,1577
512,1.0219675202138407,1576,0,0,1578
512,1.0226201208340275,1577,0,0,1579
512,1.0232727214542143,1578,0,0,1580
512,1.0239253220744011,1579,0,0,1581
512,1.0245779226945879,1580,0,0,1582
512,1.0252305233147747,1581,0,0,1583
512,1.0258831239349615,1582,0,0,1584
512,1.0265357245551483,1583,0,0,1585
512,1.0271883251753351,1584,0,0,1586
512,1.0278409257955219,1585,0,0,1587
512,1.0284935264157087,1586,0,0,1588
512,1.0291461270358955,1587,0,0,1589
512,1.0297987276560823,1588,0,0,1590
512,1.0304513282762691,1589,0,0,1591
512,1.0311039288964559,1590,0,0,1592
512,1.0317565295166427,1591,0,0,1593
512,1.0324091301368294,1592,0,0,1594
512,1.0330617307570162,1593,0,0,1595
512,1.033714331377203,1594,0,0,1596
512,1.0343669319973898,1595,0,0,1597
512,1.0350195326175766,1596,0,0,1598
512,1.0356721332377634,1597,0,0,1599
512,1.0363247338579502,1598,0,0,1600
512,1.036977334478137,1599,0,0,1601
512,1.0376299350983238,1600,0,0,1602
512,1.0382825357185106,1601,0,0,1603
512,1.0389351363386974,1602,0,0,1604
512,1.0395877369588842,1603,0,0,1605
512,1.040240337579071,1604,0,0,1606
512,1.0408929381992578,1605,0,0,1607
512,1.0415455388194446,1606,0,0,1608
512,1.0421981394396314,1607,0,0,1609
512,1.0428507400598181,1608,0,0,1610
512,1.0435033406800049,1609,0,0,1611
512,1.0441559413001917,1610,0,0,1612
512,1.0448085419203785,1611,0,0,1613
512,1.0454611425405653,1612,0,0,1614
512,1.0461137431607521,1613,0,0,1615
512,1.0467663437809389,1614,0,0,1616
512,1.0474189444011257,1615,0,0,1617
512,1.0480715450213125,1616,0,0,1618
512,1.0487241456414993,1617,0,0,1619
512,1.0493767462616861,1618,0,0,1620
512,1.0500293468818729,1619,0,0,1621
512,1.0506819475020597,1620,0,0,1622
512,1.0513345481222465,1621,0,0,1623
512,1.0519871487424333,1622,0,0,1624
512,1.0526397493626201,1623,0,0,1625
512,1.0532923499828069,1624,0,0,1626
512,1.0539449506029936,1625,0,0,1627
512,1.0545975512231804,1626,0,0,1628
512,1.0552501518433672,1627,0,0,1629
512,1.055902752463554,1628,0,0,1630
512,1.0565553530837408,1629,0,0,1631
512,1.0572079537039276,1630,0,0,1632
512,1.0578605543241144,1631,0,0,1633
512,1.0585131549443012,1632,0,0,1634
512,1.059165755564488,1633,0,0,1635
512,1.0598183561846748,1634,0,0,1636
512,1.0604709568048616,1635,0,0,1637
512,1.0611235574250484,1636,0,0,1638
512,1.0617761580452352,1637,0,0,1639
512,1.062428758665422,1638,0,0,1640
512,1.0630813592856088,1639,0,0,1641
512,1.0637339599057956,1640,0,0,1642
512,1.0643865605259824,1641,0,0,1643
512,1.0650391611461691,1642,0,0,1644
512,1.0656917617663559,1643,0,0,1645
512,1.0663443623865427,1644,0,0,1646
512,1.0669969630067295,1645,0,0,1647
512,1.0676495636269163,1646,0,0,1648
512,1.0683021642471031,1647,0,0,1649
512,1.0689547648672899,1648,0,0,1650
512,1.0696073654874767,1649,0,0,1651
512,1.0702599661076635,1650,0,0,1652
512,1.0709125667278503,1651,0,0,1653
512,1.0715651673480371,1652,0,0,1654
512,1.0722177679682239,1653,0,0,1655
512,1.0728703685884107,1654,0,0,1656
512,1.0735229692085975,1655,0,0,1657
512,1.0741755698287843,1656,0,0,1658
512,1.0748281704489711,1657,0,0,1659
512,1.0754807710691578,1658,0,0,1660
512,1.0761333716893446,1659,0,0,1661
512,1.0767859723095314,1660,0,0,1662
512,1.0774385729297182,1661,0,0,1663
512,1.078091173549905,1662,0,0,1664
512,1.0787437741700918,1663,0,0,1665
512,1.0793963747902786,1664,0,0,1666
512,1.0800489754104654,1665,0,0,1667
512,1.0807015760306522,1666,0,0,1668
512,1.081354176650839,1667,0,0,1669
512,1.0820067772710258,1668,0,0,1670
512,1.0826593778912126,1669,0,0,1671
512,1.0833119785113994,1670,0,0,1672
512,1.0839645791315862,1671,0,0,1673
512,1.084617179751773,1672,0,0,1674
512,1.0852697803719598,1673,0,0,1675
512,1.0859223809921466,1674,0,0,1676
512,1.0865749816123333,1675,0,0,1677
512,1.0872275822325201,1676,0,0,1678
512,1.0878801828527069,1677,0,0,1679
512,1.0885327834728937,1678,0,0,1680
512,1.0891853840930805,1679,0,0,1681
512,1.0898379847132673,1680,0,0,1682
512,1.0904905853334541,1681,0,0,1683
512,1.0911431859536409,1682,0,0,1684
512,1.0917957865738277,1683,0,0,1685
512,1.0924483871940145,1684,0,0,1686
512,1.0931009878142013,1685,0,0,1687
512,1.0937535884343881,1686,0,0,1688
512,1.0944061890545749,1687,0,0,1689
512,1.0950587896747617,1688,0,0,1690
512,1.0957113902949485,1689,0,0,1691
512,1.0963639909151353,1690,0,0,1692
512,1.097016591535322,1691,0,0,1693
512,1.0976691921555088,1692,0,0,1694
512,1.0983217927756956,1693,0,0,1695
512,1.0989743933958824,1694,0,0,1696
512,1.0996269940160692,1695,0,0,1697
512,1.100279594636256,1696,0,0,1698
512,1.1009321952564428,1697,0,0,1699
512,1.1015847958766296,1698,0,0,1700
512,1.1022373964968164,1699,0,0,1701
512,1.1028899971170032,1700,0,0,1702
512,1.10354259773719,1701,0,0,1703
512,1.1041951983573768,1702,0,0,1704
512,1.1048477989775636,1703,0,0,1705
512,1.1055003995977504,1704,0,0,1706
512,1.1061530002179372,1705,0,0,1707
512,1.106805600838124,1706,0,0,1708
512,1.1074582014583108,1707,0,0,1709
512,1.1081108020784975,1708,0,0,1710
512,1.1087634026986843,1709,0,0,1711
512,1.1094160033188711,1710,0,0,1712
512,1.1100686039390579,1711,0,0,1713
512,1.1107212045592447,1712,0,0,1714
512,1.1113738051794315,1713,0,0,1715
512,1.1120264057996183,1714,0,0,1716
512,1.1126790064198051,1715,0,0,1717
512,1.1133316070399919,1716,0,0,1718
512,1.1139842076601787,1717,0,0,1719
512,1.1146368082803655,1718,0,0,1720
512,1.1152894089005523,1719,0,0,1721
512,1.1159420095207391,1720,0,0,1722
512,1.1165946101409259,1721,0,0,1723
512,1.1172472107611127,1722,0,0,1724
512,1.1178998113812995,1723,0,0,1725
512,1.1185524120014863,1724,0,0,1726
512,1.119205012621673,1725,0,0,1727
512,1.1198576132418598,1726,0,0,1728
512,1.1205102138620466,1727,0,0,1729
512,1.1211628144822334,1728,0,0,1730
512,1.1218154151024202,1729,0,0,1731
512,1.122468015722607,1730,0,0,1732
512,1.1231206163427938,1731,0,0,1733
512,1.1237732169629806,1732,0,0,1734
512,1.1244258175831674,1733,0,0,1735
512,1.1250784182033542,1734,0,0,1736
512,1.125731018823541,1735,0,0,1737
512,1.1263836194437278,1736,0,0,1738
512,1.1270362200639146,1737,0,0,1739
512,1.1276888206841014,1738,0,0,1740
512,1.1283414213042882,1739,0,0,1741
512,1.128994021924475,1740,0,0,1742
512,1.1296466225446617,1741,0,0,1743
512,1.1302992231648485,1742,0,0,1744
512,1.1309518237850353,1743,0,0,1745
512,1.1316044244052221,1744,0,0,1746
512,1.1322570250254089,1745,0,0,1747
512,1.1329096256455957,1746,0,0,1748
512,1.1335622262657825,1747,0,0,1749
512,1.1342148268859693,1748,0,0,1750
512,1.1348674275061561,1749,0,0,1751
512,1.1355200281263429,1750,0,0,1752
512,1.1361726287465297,1751,0,0,1753
512,1.1368252293667165,1752,0,0,1754
512,1.1374778299869033,1753,0,0,1755
512,1.1381304306070901,1754,0,0,1756
512,1.1387830312272769,1755,0,0,1757
512,1.1394356318474637,1756,0,0,1758
512,1.1400882324676505,1757,0,0,1759
512,1.1407408330878372,1758,0,0,1760
512,1.141393433708024,1759,0,0,1761
512,1.1420460343282108,1760,0,0,1762
512,1.1426986349483976,1761,0,0,1763
512,1.1433512355685844,1762,0,0,1764
512,1.1440038361887712,1763,0,0,1765
512,1.144656436808958,1764,0,0,1766
512,1.1453090374291448,1765,0,0,1767
512,1.1459616380493316,1766,0,0,1768
512,1.1466142386695184,1767,0,0,1769
512,1.1472668392897052,1768,0,0,1770
512,1.147919439909892,1769,0,0,1771
512,1.1485720405300788,1770,0,0,1772
512,1.1492246411502656,1771,0,0,1773
512,1.1498772417704524,1772,0,0,1774
512,1.1505298423906392,1773,0,0,1775
512,1.151182443010826,1774,0,0,1776
512,1.1518350436310127,1775,0,0,1777
512,1.1524876442511995,1776,0,0,1778
512,1.1531402448713863,1777,0,0,1779
512,1.1537928454915731,1778,0,0,1780
512,1.1544454461117599,1779,0,0,1781
512,1.1550980467319467,1780,0,0,1782
512,1.1557506473521335,1781,0,0,1783
512,1.1564032479723203,1782,0,0,1784
512,1.1570558485925071,1783,0,0,1785
512,1.1577084492126939,1784,0,0,1786
512,1.1583610498328807,1785,0,0,1787
512,1.1590136504530675,1786,0,0,1788
512,1.1596662510732543,1787,0,0,1789
512,1.1603188516934411,1788,0,0,1790
512,1.1609714523136279,1789,0,0,1791
512,1.1616240529338147,1790,0,0,1792
512,1.1622766535540014,1791,0,0,1793
512,1.1629292541741882,1792,0,0,1794
512,1.163581854794375,1793,0,0,1795
512,1.1642344554145618,1794,0,0,1796
512,1.1648870560347486,1795,0,0,1797
512,1.1655396566549354,1796,0,0,1798
512,1.1661922572751222,1797,0,0,1799
512,1.166844857895309,1798,0,0,1800
512,1.1674974585154958,1799,0,0,1801
512,1.1681500591356826,1800,0,0,1802
512,1.1688026597558694,1801,0,0,1803
512,1.1694552603760562,1802,0,0,1804
512,1.170107860996243,1803,0,0,1805
512,1.1707604616164298,1804,0,0,1806
512,1.1714130622366166,1805,0,0,1807
512,1.1720656628568034,1806,0,0,1808
512,1.1727182634769902,1807,0,0,1809
512,1.1733708640971769,1808,0,0,1810
512,1.1740234647173637,1809,0,0,1811
512,1.1746760653375505,1810,0,0,1812
512,1.1753286659577373,1811,0,0,1813
512,1.1759812665779241,1812,0,0,1814
512,1.1766338671981109,1813,0,0,1815
512,1.1772864678182977,1814,0,0,1816
512,1.1779390684384845,1815,0,0,1817
512,1.1785916690586713,1816,0,0,1818
512,1.1792442696788581,1817,0,0,1819
512,1.1798968702990449,1818,0,0,1820
512,1.1805494709192317,1819,0,0,1821
512,1.1812020715394185,1820,0,0,1822
512,1.1818546721596053,1821,0,0,1823
512,1.1825072727797921,1822,0,0,1824
512,1.1831598733999789,1823,0,0,1825
512,1.1838124740201657,1824,0,0,1826
512,1.1844650746403524,1825,0,0,1827
512,1.1851176752605392,1826,0,0,1828
512,1.185770275880726,1827,0,0,1829
512,1.1864228765009128,1828,0,0,1830
512,1.1870754771210996,1829,0,0,1831
512,1.1877280777412864,1830,0,0,1832
512,1.1883806783614732,1831,0,0,1833
512,1.18903327898166,1832,0,0,1834
512,1.1896858796018468,1833,0,0,1835
512,1.1903384802220336,1834,0,0,1836
512,1.1909910808422204,1835,0,0,1837
512,1.1916436814624072,1836,0,0,1838
512,1.192296282082594,1837,0,0,1839
512,1.1929488827027808,1838,0,0,1840
512,1.1936014833229676,1839,0,0,1841
512,1.1942540839431544,1840,0,0,1842
512,1.1949066845633411,1841,0,0,1843
512,1.1955592851835279,1842,0,0,1844
512,1.1962118858037147,1843,0,0,1845
512,1.1968644864239015,1844,0,0,1846
512,1.1975170870440883,1845,0,0,1847
512,1.1981696876642751,1846,0,0,1848
512,1.1988222882844619,1847,0,0,1849
512,1.1994748889046487,1848,0,0,1850
512,1.2001274895248355,1849,0,0,1851
512,1.2007800901450223,1850,0,0,1852
512,1.2014326907652091,1851,0,0,1853
512,1.2020852913853959,1852,0,0,1854
512,1.2027378920055827,1853,0,0,1855
512,1.2033904926257695,1854,0,0,1856
512,1.2040430932459563,1855,0,0,1857
512,1.2046956938661431,1856,0,0,1858
512,1.2053482944863299,1857,0,0,1859
512,1.2060008951065166,1858,0,0,1860
512,1.2066534957267034,1859,0,0,1861
512,1.2073060963468902,1860,0,0,1862
512,1.207958696967077,1861,0,0,1863
512,1.2086112975872638,1862,0,0,1864
512,1.2092638982074506,1863,0,0,1865
512,1.2099164988276374,1864,0,0,1866
512,1.2105690994478242,1865,0,0,1867
512,1.211221700068011,1866,0,0,1868
512,1.2118743006881978,1867,0,0,1869
512,1.2125269013083846,1868,0,0,1870
512,1.2131795019285714,1869,0,0,1871
512,1.2138321025487582,1870,0,0,1872
512,1.214484703168945,1871,0,0,1873
512,1.2151373037891318,1872,0,0,1874
512,1.2157899044093186,1873,0,0,1875
512,1.2164425050295053,1874,0,0,1876
512,1.2170951056496921,1875,0,0,1877
512,1.2177477062698789,1876,0,0,1878
512,1.2184003068900657,1877,0,0,1879
512,1.2190529075102525,1878,0,0,1880
512,1.2197055081304393,1879,0,0,1881
512,1.2203581087506261,1880,0,0,1882
512,1.2210107093708129,1881,0,0,1883
512,1.2216633099909997,1882,0,0,1884
512,1.2223159106111865,1883,0,0,1885
512,1.2229685112313733,1884,0,0,1886
512,1.2236211118515601,1885,0,0,1887
512,1.2242737124717469,1886,0,0,1888
512,1.2249263130919337,1887,0,0,1889
512,1.2255789137121205,1888,0,0,1890
512,1.2262315143323073,1889,0,0,1891
512,1.2268841149524941,1890,0,0,1892
512,1.2275367155726808,1891,0,0,1893
512,1.2281893161928676,1892,0,0,1894
512,1.2288419168130544,1893,0,0,1895
512,1.2294945174332412,1894,0,0,1896
512,1.230147118053428,1895,0,0,1897
512,1.2307997186736148,1896,0,0,1898
512,1.2314523192938016,1897,0,0,1899
512,1.2321049199139884,1898,0,0,1900
512,1.2327575205341752,1899,0,0,1901
512,1.233410121154362,1900,0,0,1902
512,1.2340627217745488,1901,0,0,1903
512,1.2347153223947356,1902,0,0,1904
512,1.2353679230149224,1903,0,0,1905
512,1.2360205236351092,1904,0,0,1906
512,1.236673124255296,1905,0,0,1907
512,1.2373257248754828,1906,0,0,1908
512,1.2379783254956696,1907,0,0,1909
512,1.2386309261158563,1908,0,0,1910
512,1.2392835267360431,1909,0,0,1911
512,1.2399361273562299,1910,0,0,1912
512,1.2405887279764167,1911,0,0,1913
512,1.2412413285966035,1912,0,0,1914
512,1.2418939292167903,1913,0,0,1915
512,1.2425465298369771,1914,0,0,1916
512,1.2431991304571639,1915,0,0,1917
512,1.2438517310773507,1916,0,0,1918
512,1.2445043316975375,1917,0,0,1919
512,1.2451569323177243,1918,0,0,1920
512,1.2458095329379111,1919,0,0,1921
512,1.2464621335580979,1920,0,0,1922
512,1.2471147341782847,1921,0,0,1923
512,1.2477673347984715,1922,0,0,1924
512,1.2484199354186583,1923,0,0,1925
512,1.249072536038845,1924,0,0,1926
512,1.2497251366590318,1925,0,0,1927
512,1.2503777372792186,1926,0,0,1928
512,1.2510303378994054,1927,0,0,1929
512,1.2516829385195922,1928,0,0,1930
512,1.252335539139779,1929,0,0,1931
512,1.2529881397599658,1930,0,0,1932
512,1.2536407403801526,1931,0,0,1933
512,1.2542933410003394,1932,0,0,1934
512,1.2549459416205262,1933,0,0,1935
512,1.255598542240713,1934,0,0,1936
512,1.2562511428608998,1935,0,0,1937
512,1.2569037434810866,1936,0,0,1938
512,1.2575563441012734,1937,0,0,1939
512,1.2582089447214602,1938,0,0,1940
512,1.258861545341647,1939,0,0,1941
512,1.2595141459618338,1940,0,0,1942
512,1.2601667465820205,1941,0,0,1943
512,1.2608193472022073,1942,0,0,1944
512,1.2614719478223941,1943,0,0,1945
512,1.2621245484425809,1944,0,0,1946
512,1.2627771490627677,1945,0,0,1947
512,1.2634297496829545,1946,0,0,1948
512,1.2640823503031413,1947,0,0,1949
512,1.2647349509233281,1948,0,0,1950
512,1.2653875515435149,1949,0,0,1951
512,1.2660401521637017,1950,0,0,1952
512,1.2666927527838885,1951,0,0,1953
512,1.2673453534040753,1952,0,0,1954
512,1.2679979540242621,1953,0,0,1955
512,1.2686505546444489,1954,0,0,1956
512,1.2693031552646357,1955,0,0,1957
512,1.2699557558848225,1956,0,0,1958
512,1.2706083565050093,1957,0,0,1959
512,1.271260957125196,1958,0,0,1960
512,1.2719135577453828,1959,0,0,1961
512,1.2725661583655696,1960,0,0,1962
512,1.2732187589857564,1961,0,0,1963
512,1.2738713596059432,1962,0,0,1964
512,1.27452396022613,1963,0,0,1965
512,1.2751765608463168,1964,0,0,1966
512,1.2758291614665036,1965,0,0,1967
512,1.2764817620866904,1966,0,0,1968
512,1.2771343627068772,1967,0,0,1969
512,1.277786963327064,1968,0,0,1970
512,1.2784395639472508,1969,0,0,1971
512,1.2790921645674376,1970,0,0,1972
512,1.2797447651876244,1971,0,0,1973
512,1.2803973658078112,1972,0,0,1974
512,1.281049966427998,1973,0,0,1975
512,1.2817025670481847,1974,0,0,1976
512,1.2823551676683715,1975,0,0,1977
512,1.2830077682885583,1976,0,0,1978
512,1.2836603689087451,1977,0,0,1979
512,1.2843129695289319,1978,0,0,1980
512,1.2849655701491187,1979,0,0,1981
512,1.2856181707693055,1980,0,0,1982
512,1.2862707713894923,1981,0,0,1983
512,1.2869233720096791,1982,0,0,1984
512,1.2875759726298659,1983,0,0,1985
512,1.2882285732500527,1984,0,0,1986
512,1.2888811738702395,1985,0,0,1987
512,1.2895337744904263,1986,0,0,1988
512,1.2901863751106131,1987,0,0,1989
512,1.2908389757307999,1988,0,0,1990
512,1.2914915763509867,1989,0,0,1991
512,1.2921441769711735,1990,0,0,1992
512,1.2927967775913602,1991,0,0,1993
512,1.293449378211547,1992,0,0,1994
512,1.2941019788317338,1993,0,0,1995
512,1.2947545794519206,1994,0,0,1996
512,1.2954071800721074,1995,0,0,1997
512,1.2960597806922942,1996,0,0,1998
512,1.296712381312481,1997,0,0,1999
512,1.2973649819326678,1998,0,0,2000
512,1.2980175825528546,1999,0,0,2001
512,1.2986701831730414,2000,0,0,2002
512,1.2993227837932282,2001,0,0,2003
512,1.299975384413415,2002,0,0,2004
512,1.3006279850336018,2003,0,0,2005
512,1.3012805856537886,2004,0,0,2006
512,1.3019331862739754,2005,0,0,2007
512,1.3025857868941622,2006,0,0,2008
512,1.303238387514349,2007,0,0,2009
512,1.3038909881345357,2008,0,0,2010
512,1.3045435887547225,2009,0,0,2011
512,1.3051961893749093,2010,0,0,2012
512,1.3058487899950961,2011,0,0,2013
512,1.3065013906152829,2012,0,0,2014
512,1.3071539912354697,2013,0,0,2015
512,1.3078065918556565,2014,0,0,2016
512,1.3084591924758433,2015,0,0,2017
512,1.3091117930960301,2016,0,0,2018
512,1.3097643937162169,2017,0,0,2019
512,1.3104169943364037,2018,0,0,2020
512,1.3110695949565905,2019,0,0,2021
512,1.3117221955767773,2020,0,0,2022
512,1.3123747961969641,2021,0,0,2023
512,1.3130273968171509,2022,0,0,2024
512,1.3136799974373377,2023,0,0,2025
512,1.3143325980575244,2024,0,0,2026
512,1.3149851986777112,2025,0,0,2027
512,1.315637799297898,2026,0,0,2028
512,1.3162903999180848,2027,0,0,2029
512,1.3169430005382716,2028,0,0,2030
512,1.3175956011584584,2029,0,0,2031
512,1.3182482017786452,2030,0,0,2032
512,1.318900802398832,2031,0,0,2033
512,1.3195534030190188,2032,0,0,2034
512,1.3202060036392056,2033,0,0,2035
512,1.3208586042593924,2034,0,0,2036
512,1.3215112048795792,2035,0,0,2037
512,1.322163805499766,2036,0,0,2038
512,1.3228164061199528,2037,0,0,2039
512,1.3234690067401396,2038,0,0,2040
512,1.3241216073603264,2039,0,0,2041
512,1.3247742079805132,2040,0,0,2042
512,1.3254268086006999,2041,0,0,2043
512,1.3260794092208867,2042,0,0,2044
512,1.3267320098410735,2043,0,0,2045
512,1.3273846104612603,2044,0,0,2046
512,1.3280372110814471,2045,0,0,2047
512,1.3286898117016339,2046,0,0,2048
512,1.3293424123218207,2047,0,0,2049
512,1.3299950129420075,2048,0,0,2050
512,1.3306476135621943,2049,0,0,2051
512,1.3313002141823811,2050,0,0,2052
512,1.3319528148025679,2051,0,0,2053
512,1.3326054154227547,2052,0,0,2054
512,1.3332580160429415,2053,0,0,2055
512,1.3339106166631283,2054,0,0,2056
512,1.3345632172833151,2055,0,0,2057
512,1.3352158179035019,2056,0,0,2058
512,1.3358684185236886,2057,0,0,2059
512,1.3365210191438754,2058,0,0,2060
512,1.3371736197640622,2059,0,0,2061
512,1.337826220384249,2060,0,0,2062
512,1.3384788210044358,2061,0,0,2063
512,1.3391314216246226,2062,0,0,2064
512,1.3397840222448094,2063,0,0,2065
512,1.3404366228649962,2064,0,0,2066
512,1.341089223485183,2065,0,0,2067
512,1.3417418241053698,2066,0,0,2068
512,1.3423944247255566,2067,0,0,2069
512,1.3430470253457434,2068,0,0,2070
512,1.3436996259659302,2069,0,0,2071
512,1.344352226586117,2070,0,0,2072
512,1.3450048272063038,2071,0,0,2073
512,1.3456574278264906,2072,0,0,2074
512,1.3463100284466774,2073,0,0,2075
512,1.3469626290668641,2074,0,0,2076
512,1.3476152296870509,2075,0,0,2077
512,1.3482678303072377,2076,0,0,2078
512,1.3489204309274245,2077,0,0,2079
512,1.3495730315476113,2078,0,0,2080
512,1.3502256321677981,2079,0,0,2081
512,1.3508782327879849,2080,0,0,2082
512,1.3515308334081717,2081,0,0,2083
512,1.3521834340283585,2082,0,0,2084
512,1.3528360346485453,2083,0,0,2085
512,1.3534886352687321,2084,0,0,2086
512,1.3541412358889189,2085,0,0,2087
512,1.3547938365091057,2086,0,0,2088
512,1.3554464371292925,2087,0,0,2089
512,1.3560990377494793,2088,0,0,2090
512,1.3567516383696661,2089,0,0,2091
512,1.3574042389898529,2090,0,0,2092
512,1.3580568396100396,2091,0,0,2093
512,1.3587094402302264,2092,0,0,2094
512,1.3593620408504132,2093,0,0,2095
512,1.3600146414706,2094,0,0,2096
512,1.3606672420907868,2095,0,0,2097
512,1.3613198427109736,2096,0,0,2098
512,1.3619724433311604,2097,0,0,2099
512,1.3626250439513472,2098,0,0,2100
512,1.363277644571534,2099,0,0,2101
512,1.3639302451917208,2100,0,0,2102
512,1.3645828458119076,2101,0,0,2103
512,1.3652354464320944,2102,0,0,2104
512,1.3658880470522812,2103,0,0,2105
512,1.366540647672468,2104,0,0,2106
512,1.3671932482926548,2105,0,0,2107
512,1.3678458489128416,2106,0,0,2108
512,1.3684984495330283,2107,0,0,2109
512,1.3691510501532151,2108,0,0,2110
512,1.3698036507734019,2109,0,0,2111
512,1.3704562513935887,2110,0,0,2112
512,1.3711088520137755,2111,0,0,2113
512,1.3717614526339623,2112,0,0,2114
512,1.3724140532541491,2113,0,0,2115
512,1.3730666538743359,2114,0,0,2116
512,1.3737192544945227,2115,0,0,2117
512,1.3743718551147095,2116,0,0,2118
512,1.3750244557348963,2117,0,0,2119
512,1.3756770563550831,2118,0,0,2120
512,1.3763296569752699,2119,0,0,2121
512,1.3769822575954567,2120,0,0,2122
512,1.3776348582156435,2121,0,0,2123
512,1.3782874588358303,2122,0,0,2124
512,1.3789400594560171,2123,0,0,2125
512,1.3795926600762038,2124,0,0,2126
512,1.3802452606963906,2125,0,0,2127
512,1.3808978613165774,2126,0,0,2128
512,1.3815504619367642,2127,0,0,2129
512,1.382203062556951,2128,0,0,2130
512,1.3828556631771378,2129,0,0,2131
512,1.3835082637973246,2130,0,0,2132
512,1.3841608644175114,2131,0,0,2133
512,1.3848134650376982,2132,0,0,2134
512,1.385466065657885,2133,0,0,2135
512,1.3861186662780718,2134,0,0,2136
512,1.3867712668982586,2135,0,0,2137
512,1.3874238675184454,2136,0,0,2138
512,1.3880764681386322,2137,0,0,2139
512,1.388729068758819,2138,0,0,2140
512,1.3893816693790058,2139,0,0,2141
512,1.3900342699991926,2140,0,0,2142
512,1.3906868706193793,2141,0,0,2143
512,1.3913394712395661,2142,0,0,2144
512,1.3919920718597529,2143,0,0,2145
512,1.3926446724799397,2144,0,0,2146
512,1.3932972731001265,2145,0,0,2147
512,1.3939498737203133,2146,0,0,2148
512,1.3946024743405001,2147,0,0,2149
512,1.3952550749606869,2148,0,0,2150
512,1.3959076755808737,2149,0,0,2151
512,1.3965602762010605,2150,0,0,2152
512,1.3972128768212473,2151,0,0,2153
512,1.3978654774414341,2152,0,0,2154
512,1.3985180780616209,2153,0,0,2155
512,1.3991706786818077,2154,0,0,2156
512,1.3998232793019945,2155,0,0,2157
512,1.4004758799221813,2156,0,0,2158
512,1.401128480542368,2157,0,0,2159
512,1.4017810811625548,2158,0,0,2160
512,1.4024336817827416,2159,0,0,2161
512,1.4030862824029284,2160,0,0,2162
512,1.4037388830231152,2161,0,0,2163
512,1.404391483643302,2162,0,0,2164
512,1.4050440842634888,2163,0,0,2165
512,1.4056966848836756,2164,0,0,2166
512,1.4063492855038624,2165,0,0,2167
512,1.4070018861240492,2166,0,0,2168
512,1.407654486744236,2167,0,0,2169
512,1.4083070873644228,2168,0,0,2170
512,1.4089596879846096,2169,0,0,2171
512,1.4096122886047964,2170,0,0,2172
512,1.4102648892249832,2171,0,0,2173
512,1.41091748984517,2172,0,0,2174
512,1.4115700904653568,2173,0,0,2175
512,1.4122226910855435,2174,0,0,2176
512,1.4128752917057303,2175,0,0,2177
512,1.4135278923259171,2176,0,0,2178
512,1.4141804929461039,2177,0,0,2179
512,1.4148330935662907,2178,0,0,2180
512,1.4154856941864775,2179,0,0,2181
512,1.4161382948066643,2180,0,0,2182
512,1.4167908954268511,2181,0,0,2183
512,1.4174434960470379,2182,0,0,2184
512,1.4180960966672247,2183,0,0,2185
512,1.4187486972874115,2184,0,0,2186
512,1.4194012979075983,2185,0,0,2187
512,1.4200538985277851,2186,0,0,2188
512,1.4207064991479719,2187,0,0,2189
512,1.4213590997681587,2188,0,0,2190
512,1.4220117003883455,2189,0,0,2191
512,1.4226643010085323,2190,0,0,2192
512,1.423316901628719,2191,0,0,2193
512,1.4239695022489058,2192,0,0,2194
512,1.4246221028690926,2193,0,0,2195
512,1.4252747034892794,2194,0,0,2196
512,1.4259273041094662,2195,0,0,2197
512,1.426579904729653,2196,0,0,2198
512,1.4272325053498398,2197,0,0,2199
512,1.4278851059700266,2198,0,0,2200
512,1.4285377065902134,2199,0,0,2201
512,1.4291903072104002,2200,0,0,2202
512,1.429842907830587,2201,0,0,2203
512,1.4304955084507738,2202,0,0,2204
512,1.4311481090709606,2203,0,0,2205
512,1.4318007096911474,2204,0,0,2206
512,1.4324533103113342,2205,0,0,2207
512,1.433105910931521,2206,0,0,2208
512,1.4337585115517077,2207,0,0,2209
512,1.4344111121718945,2208,0,0,2210
512,1.4350637127920813,2209,0,0,2211
512,1.4357163134122681,2210,0,0,2212
512,1.4363689140324549,2211,0,0,2213
512,1.4370215146526417,2212,0,0,2214
512,1.4376741152728285,2213,0,0,2215
512,1.4383267158930153,2214,0,0,2216
512,1.4389793165132021,2215,0,0,2217
512,1.4396319171333889,2216,0,0,2218
512,1.4402845177535757,2217,0,0,2219
512,1.4409371183737625,2218,0,0,2220
512,1.4415897189939493,2219,0,0,2221
512,1.4422423196141361,2220,0,0,2222
512,1.4428949202343229,2221,0,0,2223
512,1.4435475208545097,2222,0,0,2224
512,1.4442001214746965,2223,0,0,2225
512,1.4448527220948832,2224,0,0,2226
512,1.44550532271507,2225,0,0,2227
512,1.4461579233352568,2226,0,0,2228
512,1.4468105239554436,2227,0,0,2229
512,1.4474631245756304,2228,0,0,2230
512,1.4481157251958172,2229,0,0,2231
512,1.448768325816004,2230,0,0,2232
512,1.4494209264361908,2231,0,0,2233
512,1.4500735270563776,2232,0,0,2234
512,1.4507261276765644,2233,0,0,2235
512,1.4513787282967512,2234,0,0,2236
512,1.452031328916938,2235,0,0,2237
512,1.4526839295371248,2236,0,0,2238
512,1.4533365301573116,2237,0,0,2239
512,1.4539891307774984,2238,0,0,2240
512,1.4546417313976852,2239,0,0,2241
512,1.4552943320178719,2240,0,0,2242
512,1.4559469326380587,2241,0,0,2243
512,1.4565995332582455,2242,0,0,2244
512,1.4572521338784323,2243,0,0,2245
512,1.4579047344986191,2244,0,0,2246
512,1.4585573351188059,2245,0,0,2247
512,1.4592099357389927,2246,0,0,2248
512,1.4598625363591795,2247,0,0,2249
512,1.4605151369793663,2248,0,0,2250
512,1.4611677375995531,2249,0,0,2251
512,1.4618203382197399,2250,0,0,2252
512,1.4624729388399267,2251,0,0,2253
512,1.4631255394601135,2252,0,0,2254
512,1.4637781400803003,2253,0,0,2255
512,1.4644307407004871,2254,0,0,2256
512,1.4650833413206739,2255,0,0,2257
512,1.4657359419408607,2256,0,0,2258
512,1.4663885425610474,2257,0,0,2259
512,1.4670411431812342,2258,0,0,2260
512,1.467693743801421,2259,0,0,2261
512,1.4683463444216078,2260,0,0,2262
512,1.4689989450417946,2261,0,0,2263
512,1.4696515456619814,2262,0,0,2264
512,1.4703041462821682,2263,0,0,2265
512,1.470956746902355,2264,0,0,2266
512,1.4716093475225418,2265,0,0,2267
512,1.4722619481427286,2266,0,0,2268
512,1.4729145487629154,2267,0,0,2269
512,1.4735671493831022,2268,0,0,2270
512,1.474219750003289,2269,0,0,2271
512,1.4748723506234758,2270,0,0,2272
512,1.4755249512436626,2271,0,0,2273
512,1.4761775518638494,2272,0,0,2274
512,1.4768301524840362,2273,0,0,2275
512,1.4774827531042229,2274,0,0,2276
512,1.4781353537244097,2275,0,0,2277
512,1.4787879543445965,2276,0,0,2278
512,1.4794405549647833,2277,0,0,2279
512,1.4800931555849701,2278,0,0,2280
512,1.4807457562051569,2279,0,0,2281
512,1.4813983568253437,2280,0,0,2282
512,1.4820509574455305,2281,0,0,2283
512,1.4827035580657173,2282,0,0,2284
512,1.4833561586859041,2283,0,0,2285
512,1.4840087593060909,2284,0,0,2286
512,1.4846613599262777,2285,0,0,2287
512,1.4853139605464645,2286,0,0,2288
512,1.4859665611666513,2287,0,0,2289
512,1.4866191617868381,2288,0,0,2290
512,1.4872717624070249,2289,0,0,2291
512,1.4879243630272116,2290,0,0,2292
512,1.4885769636473984,2291,0,0,2293
512,1.4892295642675852,2292,0,0,2294
512,1.489882164887772,2293,0,0,2295
512,1.4905347655079588,2294,0,0,2296
512,1.4911873661281456,2295,0,0,2297
512,1.4918399667483324,2296,0,0,2298
512,1.4924925673685192,2297,0,0,2299
512,1.493145167988706,2298,0,0,2300
512,1.4937977686088928,2299,0,0,2301
512,1.4944503692290796,2300,0,0,2302
512,1.4951029698492664,2301,0,0,2303
512,1.4957555704694532,2302,0,0,2304
512,1.49640817108964,2303,0,0,2305
512,1.4970607717098268,2304,0,0,2306
512,1.4977133723300136,2305,0,0,2307
512,1.4983659729502004,2306,0,0,2308
512,1.4990185735703871,2307,0,0,2309
512,1.4996711741905739,2308,0,0,2310
512,1.5003237748107607,2309,0,0,2311
512,1.5009763754309475,2310,0,0,2312
512,1.5016289760511343,2311,0,0,2313
512,1.5022815766713211,2312,0,0,2314
512,1.5029341772915079,2313,0,0,2315
512,1.5035867779116947,2314,0,0,2316
512,1.5042393785318815,2315,0,0,2317
512,1.5048919791520683,2316,0,0,2318
512,1.5055445797722551,2317,0,0,2319
512,1.5061971803924419,2318,0,0,2320
512,1.5068497810126287,2319,0,0,2321
512,1.5075023816328155,2320,0,0,2322
512,1.5081549822530023,2321,0,0,2323
512,1.5088075828731891,2322,0,0,2324
512,1.5094601834933759,2323,0,0,2325
512,1.5101127841135626,2324,0,0,2326
512,1.5107653847337494,2325,0,0,2327
512,1.5114179853539362,2326,0,0,2328
512,1.512070585974123,2327,0,0,2329
512,1.5127231865943098,2328,0,0,2330
512,1.5133757872144966,2329,0,0,2331
512,1.5140283878346834,2330,0,0,2332
512,1.5146809884548702,2331,0,0,2333
512,1.515333589075057,2332,0,0,2334
512,1.5159861896952438,2333,0,0,2335
512,1.5166387903154306,2334,0,0,2336
512,1.5172913909356174,2335,0,0,2337
512,1.5179439915558042,2336,0,0,2338
512,1.518596592175991,2337,0,0,2339
512,1.5192491927961778,2338,0,0,2340
512,1.5199017934163646,2339,0,0,2341
512,1.5205543940365513,2340,0,0,2342
512,1.5212069946567381,2341,0,0,2343
512,1.5218595952769249,2342,0,0,2344
512,1.5225121958971117,2343,0,0,2345
512,1.5231647965172985,2344,0,0,2346
512,1.5238173971374853,2345,0,0,2347
512,1.5244699977576721,2346,0,0,2348
512,1.5251225983778589,2347,0,0,2349
512,1.5257751989980457,2348,0,0,2350
512,1.5264277996182325,2349,0,0,2351
512,1.5270804002384193,2350,0,0,2352
512,1.5277330008586061,2351,0,0,2353
512,1.5283856014787929,2352,0,0,2354
512,1.5290382020989797,2353,0,0,2355
512,1.5296908027191665,2354,0,0,2356
512,1.5303434033393533,2355,0,0,2357
512,1.5309960039595401,2356,0,0,2358
512,1.5316486045797268,2357,0,0,2359
512,1.5323012051999136,2358,0,0,2360
512,1.5329538058201004,2359,0,0,2361
512,1.5336064064402872,2360,0,0,2362
512,1.534259007060474,2361,0,0,2363
512,1.5349116076806608,2362,0,0,2364
512,1.5355642083008476,2363,0,0,2365
512,1.5362168089210344,2364,0,0,2366
512,1.5368694095412212,2365,0,0,2367
512,1.537522010161408,2366,0,0,2368
512,1.5381746107815948,2367,0,0,2369
512,1.5388272114017816,2368,0,0,2370
512,1.5394798120219684,2369,0,0,2371
512,1.5401324126421552,2370,0,0,2372
512,1.540785013262342,2371,0,0,2373
512,1.5414376138825288,2372,0,0,2374
512,1.5420902145027156,2373,0,0,2375
512,1.5427428151229023,2374,0,0,2376
512,1.5433954157430891,2375,0,0,2377
512,1.5440480163632759,2376,0,0,2378
512,1.5447006169834627,2377,0,0,2379
512,1.5453532176036495,2378,0,0,2380
512,1.5460058182238363,2379,0,0,2381
512,1.5466584188440231,2380,0,0,2382
512,1.5473110194642099,2381,0,0,2383
512,1.5479636200843967,2382,0,0,2384
512,1.5486162207045835,2383,0,0,2385
512,1.5492688213247703,2384,0,0,2386
512,1.5499214219449571,2385,0,0,2387
512,1.5505740225651439,2386,0,0,2388
512,1.5512266231853307,2387,0,0,2389
512,1.5518792238055175,2388,0,0,2390
512,1.5525318244257043,2389,0,0,2391
512,1.553184425045891,2390,0,0,2392
512,1.5538370256660778,2391,0,0,2393
512,1.5544896262862646,2392,0,0,2394
512,1.5551422269064514,2393,0,0,2395
512,1.5557948275266382,2394,0,0,2396
512,1.556447428146825,2395,0,0,2397
512,1.5571000287670118,2396,0,0,2398
512,1.5577526293871986,2397,0,0,2399
512,1.5584052300073854,2398,0,0,2400
512,1.5590578306275722,2399,0,0,2401
512,1.559710431247759,2400,0,0,2402
512,1.5603630318679458,2401,0,0,2403
512,1.5610156324881326,2402,0,0,2404
512,1.5616682331083194,2403,0,0,2405
512,1.5623208337285062,2404,0,0,2406
512,1.562973434348693,2405,0,0,2407
512,1.5636260349688798,2406,0,0,2408
512,1.5642786355890665,2407,0,0,2409
512,1.5649312362092533,2408,0,0,2410
512,1.5655838368294401,2409,0,0,2411
512,1.5662364374496269,2410,0,0,2412
512,1.5668890380698137,2411,0,0,2413
512,1.5675416386900005,2412,0,0,2414
512,1.5681942393101873,2413,0,0,2415
512,1.5688468399303741,2414,0,0,2416
512,1.5694994405505609,2415,0,0,2417
512,1.5701520411707477,2416,0,0,2418
512,1.5708046417909345,2417,0,0,2419
512,1.5714572424111213,2418,0,0,2420
512,1.5721098430313081,2419,0,0,2421
512,1.5727624436514949,2420,0,0,2422
512,1.5734150442716817,2421,0,0,2423
512,1.5740676448918685,2422,0,0,2424
512,1.5747202455120553,2423,0,0,2425
512,1.575372846132242,2424,0,0,2426
512,1.5760254467524288,2425,0,0,2427
512,1.5766780473726156,2426,0,0,2428
512,1.5773306479928024,2427,0,0,2429
512,1.5779832486129892,2428,0,0,2430
512,1.578635849233176,2429,0,0,2431
512,1.5792884498533628,2430,0,0,2432
512,1.5799410504735496,2431,0,0,2433
512,1.5805936510937364,2432,0,0,2434
512,1.5812462517139232,2433,0,0,2435
512,1.58189885233411,2434,0,0,2436
512,1.5825514529542968,2435,0,0,2437
512,1.5832040535744836,2436,0,0,2438
512,1.5838566541946704,2437,0,0,2439
512,1.5845092548148572,2438,0,0,2440
512,1.585161855435044,2439,0,0,2441
512,1.5858144560552307,2440,0,0,2442
512,1.5864670566754175,2441,0,0,2443
512,1.5871196572956043,2442,0,0,2444
512,1.5877722579157911,2443,0,0,2445
512,1.5884248585359779,2444,0,0,2446
512,1.5890774591561647,2445,0,0,2447
512,1.5897300597763515,2446,0,0,2448
512,1.5903826603965383,2447,0,0,2449
512,1.5910352610167251,2448,0,0,2450
512,1.5916878616369119,2449,0,0,2451
512,1.5923404622570987,2450,0,0,2452
512,1.5929930628772855,2451,0,0,2453
512,1.5936456634974723,2452,0,0,2454
512,1.5942982641176591,2453,0,0,2455
512,1.5949508647378459,2454,0,0,2456
512,1.5956034653580327,2455,0,0,2457
512,1.5962560659782195,2456,0,0,2458
512,1.5969086665984062,2457,0,0,2459
512,1.597561267218593,2458,0,0,2460
512,1.5982138678387798,2459,0,0,2461
512,1.5988664684589666,2460,0,0,2462
512,1.5995190690791534,2461,0,0,2463
512,1.6001716696993402,2462,0,0,2464
512,1.600824270319527,2463,0,0,2465
512,1.6014768709397138,2464,0,0,2466
512,1.6021294715599006,2465,0,0,2467
512,1.6027820721800874,2466,0,0,2468
512,1.6034346728002742,2467,0,0,2469
512,1.604087273420461,2468,0,0,2470
512,1.6047398740406478,2469,0,0,2471
512,1.6053924746608346,2470,0,0,2472
512,1.6060450752810214,2471,0,0,2473
512,1.6066976759012082,2472,0,0,2474
512,1.6073502765213949,2473,0,0,2475
512,1.6080028771415817,2474,0,0,2476
512,1.6086554777617685,2475,0,0,2477
512,1.6093080783819553,2476,0,0,2478
512,1.6099606790021421,2477,0,0,2479
512,1.6106132796223289,2478,0,0,2480
512,1.6112658802425157,2479,0,0,2481
512,1.6119184808627025,2480,0,0,2482
512,1.6125710814828893,2481,0,0,2483
512,1.6132236821030761,2482,0,0,2484
512,1.6138762827232629,2483,0,0,2485
512,1.6145288833434497,2484,0,0,2486
512,1.6151814839636365,2485,0,0,2487
512,1.6158340845838233,2486,0,0,2488
512,1.6164866852040101,2487,0,0,2489
512,1.6171392858241969,2488,0,0,2490
512,1.6177918864443837,2489,0,0,2491
512,1.6184444870645704,2490,0,0,2492
512,1.6190970876847572,2491,0,0,2493
512,1.619749688304944,2492,0,0,2494
512,1.6204022889251308,2493,0,0,2495
512,1.6210548895453176,2494,0,0,2496
512,1.6217074901655044,2495,0,0,2497
512,1.6223600907856912,2496,0,0,2498
512,1.623012691405878,2497,0,0,2499
512,1.6236652920260648,2498,0,0,2500
512,1.6243178926462516,2499,0,0,2501
512,1.6249704932664384,2500,0,0,2502
512,1.6256230938866252,2501,0,0,2503
512,1.626275694506812,2502,0,0,2504
512,1.6269282951269988,2503,0,0,2505
512,1.6275808957471856,2504,0,0,2506
512,1.6282334963673724,2505,0,0,2507
512,1.6288860969875592,2506,0,0,2508
512,1.6295386976077459,2507,0,0,2509
512,1.6301912982279327,2508,0,0,2510
512,1.6308438988481195,2509,0,0,2511
512,1.6314964994683063,2510,0,0,2512
512,1.6321491000884931,2511,0,0,2513
512,1.6328017007086799,2512,0,0,2514
512,1.6334543013288667,2513,0,0,2515
512,1.6341069019490535,2514,0,0,2516
512,1.6347595025692403,2515,0,0,2517
512,1.6354121031894271,2516,0,0,2518
512,1.6360647038096139,2517,0,0,2519
512,1.6367173044298007,2518,0,0,2520
512,1.6373699050499875,2519,0,0,2521
512,1.6380225056701743,2520,0,0,2522
512,1.6386751062903611,2521,0,0,2523
512,1.6393277069105479,2522,0,0,2524
512,1.6399803075307346,2523,0,0,2525
512,1.6406329081509214,2524,0,0,2526
512,1.6412855087711082,2525,0,0,2527
512,1.641938109391295,2526,0,0,2528
512,1.6425907100114818,2527,0,0,2529
512,1.6432433106316686,2528,0,0,2530
512,1.6438959112518554,2529,0,0,2531
512,1.6445485118720422,2530,0,0,2532
512,1.645201112492229,2531,0,0,2533
512,1.6458537131124158,2532,0,0,2534
512,1.6465063137326026,2533,0,0,2535
512,1.6471589143527894,2534,0,0,2536
512,1.6478115149729762,2535,0,0,2537
512,1.648464115593163,2536,0,0,2538
512,1.6491167162133498,2537,0,0,2539
512,1.6497693168335366,2538,0,0,2540
512,1.6504219174537234,2539,0,0,2541
512,1.6510745180739101,2540,0,0,2542
512,1.6517271186940969,2541,0,0,2543
512,1.6523797193142837,2542,0,0,2544
512,1.6530323199344705,2543,0,0,2545
512,1.6536849205546573,2544,0,0,2546
512,1.6543375211748441,2545,0,0,2547
512,1.6549901217950309,2546,0,0,2548
512,1.6556427224152177,2547,0,0,2549
512,1.6562953230354045,2548,0,0,2550
512,1.6569479236555913,2549,0,0,2551
512,1.6576005242757781,2550,0,0,2552
512,1.6582531248959649,2551,0,0,2553
512,1.6589057255161517,2552,0,0,2554
512,1.6595583261363385,2553,0,0,2555
512,1.6602109267565253,2554,0,0,2556
512,1.6608635273767121,2555,0,0,2557
512,1.6615161279968989,2556,0,0,2558
512,1.6621687286170856,2557,0,0,2559
512,1.6628213292372724,2558,0,0,2560
512,1.6634739298574592,2559,0,0,2561
512,1.664126530477646,2560,0,0,2562
512,1.6647791310978328,2561,0,0,2563
512,1.6654317317180196,2562,0,0,2564
512,1.6660843323382064,2563,0,0,2565
512,1.6667369329583932,2564,0,0,2566
512,1.66738953357858,2565,0,0,2567
512,1.6680421341987668,2566,0,0,2568
512,1.6686947348189536,2567,0,0,2569
512,1.6693473354391404,2568,0,0,2570
512,1.6699999360593272,2569,0,0,2571
512,1.670652536679514,2570,0,0,2572
512,1.6713051372997008,2571,0,0,2573
512,1.6719577379198876,2572,0,0,2574
512,1.6726103385400743,2573,0,0,2575
512,1.6732629391602611,2574,0,0,2576
512,1.6739155397804479,2575,0,0,2577
512,1.6745681404006347,2576,0,0,2578
512,1.6752207410208215,2577,0,0,2579
512,1.6758733416410083,2578,0,0,2580
512,1.6765259422611951,2579,0,0,2581
512,1.6771785428813819,2580,0,0,2582
512,1.6778311435015687,2581,0,0,2583
512,1.6784837441217555,2582,0,0,2584
512,1.6791363447419423,2583,0,0,2585
512,1.6797889453621291,2584,0,0,2586
512,1.6804415459823159,2585,0,0,2587
512,1.6810941466025027,2586,0,0,2588
512,1.6817467472226895,2587,0,0,2589
512,1.6823993478428763,2588,0,0,2590
512,1.6830519484630631,2589,0,0,2591
512,1.6837045490832498,2590,0,0,2592
512,1.6843571497034366,2591,0,0,2593
512,1.6850097503236234,2592,0,0,2594
512,1.6856623509438102,2593,0,0,2595
512,1.686314951563997,2594,0,0,2596
512,1.6869675521841838,2595,0,0,2597
512,1.6876201528043706,2596,0,0,2598
512,1.6882727534245574,2597,0,0,2599
512,1.6889253540447442,2598,0,0,2600
512,1.689577954664931,2599,0,0,2601
512,1.6902305552851178,2600,0,0,2602
512,1.6908831559053046,2601,0,0,2603
512,1.6915357565254914,2602,0,0,2604
512,1.6921883571456782,2603,0,0,2605
512,1.692840957765865,2604,0,0,2606
512,1.6934935583860518,2605,0,0,2607
512,1.6941461590062386,2606,0,0,2608
512,1.6947987596264253,2607,0,0,2609
512,1.6954513602466121,2608,0,0,2610
512,1.6961039608667989,2609,0,0,2611
512,1.6967565614869857,2610,0,0,2612
512,1.6974091621071725,2611,0,0,2613
512,1.6980617627273593,2612,0,0,2614
512,1.6987143633475461,2613,0,0,2615
512,1.6993669639677329,2614,0,0,2616
512,1.7000195645879197,2615,0,0,2617
512,1.7006721652081065,2616,0,0,2618
512,1.7013247658282933,2617,0,0,2619
512,1.7019773664484801,2618,0,0,2620
512,1.7026299670686669,2619,0,0,2621
512,1.7032825676888537,2620,0,0,2622
512,1.7039351683090405,2621,0,0,2623
512,1.7045877689292273,2622,0,0,2624
512,1.705240369549414,2623,0,0,2625
512,1.7058929701696008,2624,0,0,2626
512,1.7065455707897876,2625,0,0,2627
512,1.7071981714099744,2626,0,0,2628
512,1.7078507720301612,2627,0,0,2629
512,1.708503372650348,2628,0,0,2630
512,1.7091559732705348,2629,0,0,2631
512,1.7098085738907216,2630,0,0,2632
512,1.7104611745109084,2631,0,0,2633
512,1.7111137751310952,2632,0,0,2634
512,1.711766375751282,2633,0,0,2635
512,1.7124189763714688,2634,0,0,2636
512,1.7130715769916556,2635,0,0,2637
512,1.7137241776118424,2636,0,0,2638
512,1.7143767782320292,2637,0,0,2639
512,1.715029378852216,2638,0,0,2640
512,1.7156819794724028,2639,0,0,2641
512,1.7163345800925895,2640,0,0,2642
512,1.7169871807127763,2641,0,0,2643
512,1.7176397813329631,2642,0,0,2644
512,1.7182923819531499,2643,0,0,2645
512,1.7189449825733367,2644,0,0,2646
512,1.7195975831935235,2645,0,0,2647
512,1.7202501838137103,2646,0,0,2648
512,1.7209027844338971,2647,0,0,2649
512,1.7215553850540839,2648,0,0,2650
512,1.7222079856742707,2649,0,0,2651
512,1.7228605862944575,2650,0,0,2652
512,1.7235131869146443,2651,0,0,2653
512,1.7241657875348311,2652,0,0,2654
512,1.7248183881550179,2653,0,0,2655
512,1.7254709887752047,2654,0,0,2656
512,1.7261235893953915,2655,0,0,2657
512,1.7267761900155782,2656,0,0,2658
512,1.727428790635765,2657,0,0,2659
512,1.7280813912559518,2658,0,0,2660
512,1.7287339918761386,2659,0,0,2661
512,1.7293865924963254,2660,0,0,2662
512,1.7300391931165122,2661,0,0,2663
512,1.730691793736699,2662,0,0,2664
512,1.7313443943568858,2663,0,0,2665
512,1.7319969949770726,2664,0,0,2666
512,1.7326495955972594,2665,0,0,2667
512,1.7333021962174462,2666,0,0,2668
512,1.733954796837633,2667,0,0,2669
512,1.7346073974578198,2668,0,0,2670
512,1.7352599980780066,2669,0,0,2671
512,1.7359125986981934,2670,0,0,2672
512,1.7365651993183802,2671,0,0,2673
512,1.737217799938567,2672,0,0,2674
512,1.7378704005587537,2673,0,0,2675
512,1.7385230011789405,2674,0,0,2676
512,1.7391756017991273,2675,0,0,2677
512,1.7398282024193141,2676,0,0,2678
512,1.7404808030395009,2677,0,0,2679
512,1.7411334036596877,2678,0,0,2680
512,1.7417860042798745,2679,0,0,2681
512,1.7424386049000613,2680,0,0,2682
512,1.7430912055202481,2681,0,0,2683
512,1.7437438061404349,2682,0,0,2684
512,1.7443964067606217,2683,0,0,2685
512,1.7450490073808085,2684,0,0,2686
512,1.7457016080009953,2685,0,0,2687
512,1.7463542086211821,2686,0,0,2688
512,1.7470068092413689,2687,0,0,2689
512,1.7476594098615557,2688,0,0,2690
512,1.7483120104817425,2689,0,0,2691
512,1.7489646111019292,2690,0,0,2692
512,1.749617211722116,2691,0,0,2693
512,1.7502698123423028,2692,0,0,2694
512,1.7509224129624896,2693,0,0,2695
512,1.7515750135826764,2694,0,0,2696
512,1.7522276142028632,2695,0,0,2697
512,1.75288021482305,2696,0,0,2698
512,1.7535328154432368,2697,0,0,2699
512,1.7541854160634236,2698,0,0,2700
512,1.7548380166836104,2699,0,0,2701
512,1.7554906173037972,2700,0,0,2702
512,1.756143217923984,2701,0,0,2703
512,1.7567958185441708,2702,0,0,2704
512,1.7574484191643576,2703,0,0,2705
512,1.7581010197845444,2704,0,0,2706
512,1.7587536204047312,2705,0,0,2707
512,1.7594062210249179,2706,0,0,2708
512,1.7600588216451047,2707,0,0,2709
512,1.7607114222652915,2708,0,0,2710
512,1.7613640228854783,2709,0,0,2711
512,1.7620166235056651,2710,0,0,2712
512,1.7626692241258519,2711,0,0,2713
512,1.7633218247460387,2712,0,0,2714
512,1.7639744253662255,2713,0,0,2715
512,1.7646270259864123,2714,0,0,2716
512,1.7652796266065991,2715,0,0,2717
512,1.7659322272267859,2716,0,0,2718
512,1.7665848278469727,2717,0,0,2719
512,1.7672374284671595,2718,0,0,2720
512,1.7678900290873463,2719,0,0,2721
512,1.7685426297075331,2720,0,0,2722
512,1.7691952303277199,2721,0,0,2723
512,1.7698478309479067,2722,0,0,2724
512,1.7705004315680934,2723,0,0,2725
512,1.7711530321882802,2724,0,0,2726
512,1.771805632808467,2725,0,0,2727
512,1.7724582334286538,2726,0,0,2728
512,1.7731108340488406,2727,0,0,2729
512,1.7737634346690274,2728,0,0,2730
512,1.7744160352892142,2729,0,0,2731
512,1.775068635909401,2730,0,0,2732
512,1.7757212365295878,2731,0,0,2733
512,1.7763738371497746,2732,0,0,2734
512,1.7770264377699614,2733,0,0,2735
512,1.7776790383901482,2734,0,0,2736
512,1.778331639010335,2735,0,0,2737
512,1.7789842396305218,2736,0,0,2738
512,1.7796368402507086,2737,0,0,2739
512,1.7802894408708954,2738,0,0,2740
512,1.7809420414910822,2739,0,0,2741
512,1.7815946421112689,2740,0,0,2742
512,1.7822472427314557,2741,0,0,2743
512,1.7828998433516425,2742,0,0,2744
512,1.7835524439718293,2743,0,0,2745
512,1.7842050445920161,2744,0,0,2746
512,1.7848576452122029,2745,0,0,2747
512,1.7855102458323897,2746,0,0,2748
512,1.7861628464525765,2747,0,0,2749
512,1.7868154470727633,2748,0,0,2750
512,1.7874680476929501,2749,0,0,2751
512,1.7881206483131369,2750,0,0,2752
512,1.7887732489333237,2751,0,0,2753
512,1.7894258495535105,2752,0,0,2754
512,1.7900784501736973,2753,0,0,2755
512,1.7907310507938841,2754,0,0,2756
512,1.7913836514140709,2755,0,0,2757
512,1.7920362520342576,2756,0,0,2758
512,1.7926888526544444,2757,0,0,2759
512,1.7933414532746312,2758,0,0,2760
512,1.793994053894818,2759,0,0,2761
512,1.7946466545150048,2760,0,0,2762
512,1.7952992551351916,2761,0,0,2763
512,1.7959518557553784,2762,0,0,2764
512,1.7966044563755652,2763,0,0,2765
512,1.797257056995752,2764,0,0,2766
512,1.7979096576159388,2765,0,0,2767
512,1.7985622582361256,2766,0,0,2768
512,1.7992148588563124,2767,0,0,2769
512,1.7998674594764992,2768,0,0,2770
512,1.800520060096686,2769,0,0,2771
512,1.8011726607168728,2770,0,0,2772
512,1.8018252613370596,2771,0,0,2773
512,1.8024778619572464,2772,0,0,2774
512,1.8031304625774331,2773,0,0,2775
512,1.8037830631976199,2774,0,0,2776
512,1.8044356638178067,2775,0,0,2777
512,1.8050882644379935,2776,0,0,2778
512,1.8057408650581803,2777,0,0,2779
512,1.8063934656783671,2778,0,0,2780
512,1.8070460662985539,2779,0,0,2781
512,1.8076986669187407,2780,0,0,2782
512,1.8083512675389275,2781,0,0,2783
512,1.8090038681591143,2782,0,0,2784
512,1.8096564687793011,2783,0,0,2785
512,1.8103090693994879,2784,0,0,2786
512,1.8109616700196747,2785,0,0,2787
512,1.8116142706398615,2786,0,0,2788
512,1.8122668712600483,2787,0,0,2789
512,1.8129194718802351,2788,0,0,2790
512,1.8135720725004219,2789,0,0,2791
512,1.8142246731206086,2790,0,0,2792
512,1.8148772737407954,2791,0,0,2793
512,1.8155298743609822,2792,0,0,2794
512,1.816182474981169,2793,0,0,2795
512,1.8168350756013558,2794,0,0,2796
512,1.8174876762215426,2795,0,0,2797
512,1.8181402768417294,2796,0,0,2798
512,1.8187928774619162,2797,0,0,2799
512,1.819445478082103,2798,0,0,2800
512,1.8200980787022898,2799,0,0,2801
512,1.8207506793224766,2800,0,0,2802
512,1.8214032799426634,2801,0,0,2803
512,1.8220558805628502,2802,0,0,2804
512,1.822708481183037,2803,0,0,2805
512,1.8233610818032238,2804,0,0,2806
512,1.8240136824234106,2805,0,0,2807
512,1.8246662830435973,2806,0,0,2808
512,1.8253188836637841,2807,0,0,2809
512,1.8259714842839709,2808,0,0,2810
512,1.8266240849041577,2809,0,0,2811
512,1.8272766855243445,2810,0,0,2812
512,1.8279292861445313,2811,0,0,2813
512,1.8285818867647181,2812,0,0,2814
512,1.8292344873849049,2813,0,0,2815
512,1.8298870880050917,2814,0,0,2816
512,1.8305396886252785,2815,0,0,2817
512,1.8311922892454653,2816,0,0,2818
512,1.8318448898656521,2817,0,0,2819
512,1.8324974904858389,2818,0,0,2820
512,1.8331500911060257,2819,0,0,2821
512,1.8338026917262125,2820,0,0,2822
512,1.8344552923463993,2821,0,0,2823
512,1.8351078929665861,2822,0,0,2824
512,1.8357604935867728,2823,0,0,2825
512,1.8364130942069596,2824,0,0,2826
512,1.8370656948271464,2825,0,0,2827
512,1.8377182954473332,2826,0,0,2828
512,1.83837089606752,2827,0,0,2829
512,1.8390234966877068,2828,0,0,2830
512,1.8396760973078936,2829,0,0,2831
512,1.8403286979280804,2830,0,0,2832
512,1.8409812985482672,2831,0,0,2833
512,1.841633899168454,2832,0,0,2834
512,1.8422864997886408,2833,0,0,2835
512,1.8429391004088276,2834,0,0,2836
512,1.8435917010290144,2835,0,0,2837
512,1.8442443016492012,2836,0,0,2838
512,1.844896902269388,2837,0,0,2839
512,1.8455495028895748,2838,0,0,2840
512,1.8462021035097615,2839,0,0,2841
512,1.8468547041299483,2840,0,0,2842
512,1.8475073047501351,2841,0,0,2843
512,1.8481599053703219,2842,0,0,2844
512,1.8488125059905087,2843,0,0,2845
512,1.8494651066106955,2844,0,0,2846
512,1.8501177072308823,2845,0,0,2847
512,1.8507703078510691,2846,0,0,2848
512,1.8514229084712559,2847,0,0,2849
512,1.8520755090914427,2848,0,0,2850
512,1.8527281097116295,2849,0,0,2851
512,1.8533807103318163,2850,0,0,2852
512,1.8540333109520031,2851,0,0,2853
512,1.8546859115721899,2852,0,0,2854
512,1.8553385121923767,2853,0,0,2855
512,1.8559911128125635,2854,0,0,2856
512,1.8566437134327503,2855,0,0,2857
512,1.857296314052937,2856,0,0,2858
512,1.8579489146731238,2857,0,0,2859
512,1.8586015152933106,2858,0,0,2860
512,1.8592541159134974,2859,0,0,2861
512,1.8599067165336842,2860,0,0,2862
512,1.860559317153871,2861,0,0,2863
512,1.8612119177740578,2862,0,0,2864
512,1.8618645183942446,2863,0,0,2865
512,1.8625171190144314,2864,0,0,2866
512,1.8631697196346182,2865,0,0,2867
512,1.863822320254805,2866,0,0,2868
512,1.8644749208749918,2867,0,0,2869
512,1.8651275214951786,2868,0,0,2870
512,1.8657801221153654,2869,0,0,2871
512,1.8664327227355522,2870,0,0,2872
512,1.867085323355739,2871,0,0,2873
512,1.8677379239759258,2872,0,0,2874
512,1.8683905245961125,2873,0,0,2875
512,1.8690431252162993,2874,0,0,2876
512,1.8696957258364861,2875,0,0,2877
512,1.8703483264566729,2876,0,0,2878
512,1.8710009270768597,2877,0,0,2879
512,1.8716535276970465,2878,0,0,2880
512,1.8723061283172333,2879,0,0,2881
512,1.8729587289374201,2880,0,0,2882
512,1.8736113295576069,2881,0,0,2883
512,1.8742639301777937,2882,0,0,2884
512,1.8749165307979805,2883,0,0,2885
512,1.8755691314181673,2884,0,0,2886
512,1.8762217320383541,2885,0,0,2887
512,1.8768743326585409,2886,0,0,2888
512,1.8775269332787277,2887,0,0,2889
512,1.8781795338989145,2888,0,0,2890
512,1.8788321345191012,2889,0,0,2891
512,1.879484735139288,2890,0,0,2892
512,1.8801373357594748,2891,0,0,2893
512,1.8807899363796616,2892,0,0,2894
512,1.8814425369998484,2893,0,0,2895
512,1.8820951376200352,2894,0,0,2896
512,1.882747738240222,2895,0,0,2897
512,1.8834003388604088,2896,0,0,2898
512,1.8840529394805956,2897,0,0,2899
512,1.8847055401007824,2898,0,0,2900
512,1.8853581407209692,2899,0,0,2901
512,1.886010741341156,2900,0,0,2902
512,1.8866633419613428,2901,0,0,2903
512,1.8873159425815296,2902,0,0,2904
512,1.8879685432017164,2903,0,0,2905
512,1.8886211438219032,2904,0,0,2906
512,1.88927374444209,2905,0,0,2907
512,1.8899263450622767,2906,0,0,2908
512,1.8905789456824635,2907,0,0,2909
512,1.8912315463026503,2908,0,0,2910
512,1.8918841469228371,2909,0,0,2911
512,1.8925367475430239,2910,0,0,2912
512,1.8931893481632107,2911,0,0,2913
512,1.8938419487833975,2912,0,0,2914
512,1.8944945494035843,2913,0,0,2915
512,1.8951471500237711,2914,0,0,2916
512,1.8957997506439579,2915,0,0,2917
512,1.8964523512641447,2916,0,0,2918
512,1.8971049518843315,2917,0,0,2919
512,1.8977575525045183,2918,0,0,2920
512,1.8984101531247051,2919,0,0,2921
512,1.8990627537448919,2920,0,0,2922
512,1.8997153543650787,2921,0,0,2923
512,1.9003679549852655,2922,0,0,2924
512,1.9010205556054522,2923,0,0,2925
512,1.901673156225639,2924,0,0,2926
512,1.9023257568458258,2925,0,0,2927
512,1.9029783574660126,2926,0,0,2928
512,1.9036309580861994,2927,0,0,2929
512,1.9042835587063862,2928,0,0,2930
512,1.904936159326573,2929,0,0,2931
512,1.9055887599467598,2930,0,0,2932
512,1.9062413605669466,2931,0,0,2933
512,1.9068939611871334,2932,0,0,2934
512,1.9075465618073202,2933,0,0,2935
512,1.908199162427507,2934,0,0,2936
512,1.9088517630476938,2935,0,0,2937
512,1.9095043636678806,2936,0,0,2938
512,1.9101569642880674,2937,0,0,2939
512,1.9108095649082542,2938,0,0,2940
512,1.9114621655284409,2939,0,0,2941
512,1.9121147661486277,2940,0,0,2942
512,1.9127673667688145,2941,0,0,2943
512,1.9134199673890013,2942,0,0,2944
512,1.9140725680091881,2943,0,0,2945
512,1.9147251686293749,2944,0,0,2946
512,1.9153777692495617,2945,0,0,2947
512,1.9160303698697485,2946,0,0,2948
512,1.9166829704899353,2947,0,0,2949
512,1.9173355711101221,2948,0,0,2950
512,1.9179881717303089,2949,0,0,2951
512,1.9186407723504957,2950,0,0,2952
512,1.9192933729706825,2951,0,0,2953
512,1.9199459735908693,2952,0,0,2954
512,1.9205985742110561,2953,0,0,2955
512,1.9212511748312429,2954,0,0,2956
512,1.9219037754514297,2955,0,0,2957
512,1.9225563760716164,2956,0,0,2958
512,1.9232089766918032,2957,0,0,2959
512,1.92386157731199,2958,0,0,2960
512,1.9245141779321768,2959,0,0,2961
512,1.9251667785523636,2960,0,0,2962
512,1.9258193791725504,2961,0,0,2963
512,1.9264719797927372,2962,0,0,2964
512,1.927124580412924,2963,0,0,2965
512,1.9277771810331108,2964,0,0,2966
512,1.9284297816532976,2965,0,0,2967
512,1.9290823822734844,2966,0,0,2968
512,1.9297349828936712,2967,0,0,2969
512,1.930387583513858,2968,0,0,2970
512,1.9310401841340448,2969,0,0,2971
512,1.9316927847542316,2970,0,0,2972
512,1.9323453853744184,2971,0,0,2973
512,1.9329979859946052,2972,0,0,2974
512,1.9336505866147919,2973,0,0,2975
512,1.9343031872349787,2974,0,0,2976
512,1.9349557878551655,2975,0,0,2977
512,1.9356083884753523,2976,0,0,2978
512,1.9362609890955391,2977,0,0,2979
512,1.9369135897157259,2978,0,0,2980
512,1.9375661903359127,2979,0,0,2981
512,1.9382187909560995,2980,0,0,2982
512,1.9388713915762863,2981,0,0,2983
512,1.9395239921964731,2982,0,0,2984
512,1.9401765928166599,2983,0,0,2985
512,1.9408291934368467,2984,0,0,2986
512,1.9414817940570335,2985,0,0,2987
512,1.9421343946772203,2986,0,0,2988
512,1.9427869952974071,2987,0,0,2989
512,1.9434395959175939,2988,0,0,2990
512,1.9440921965377806,2989,0,0,2991
512,1.9447447971579674,2990,0,0,2992
512,1.9453973977781542,2991,0,0,2993
512,1.946049998398341,2992,0,0,2994
512,1.9467025990185278,2993,0,0,2995
512,1.9473551996387146,2994,0,0,2996
512,1.9480078002589014,2995,0,0,2997
512,1.9486604008790882,2996,0,0,2998
512,1.949313001499275,2997,0,0,2999
512,1.9499656021194618,2998,0,0,3000
512,1.9506182027396486,2999,0,0,3001
512,1.9512708033598354,3000,0,0,3002
512,1.9519234039800222,3001,0,0,3003
512,1.952576004600209,3002,0,0,3004
512,1.9532286052203958,3003,0,0,3005
512,1.9538812058405826,3004,0,0,3006
512,1.9545338064607694,3005,0,0,3007
512,1.9551864070809561,3006,0,0,3008
512,1.9558390077011429,3007,0,0,3009
512,1.9564916083213297,3008,0,0,3010
512,1.9571442089415165,3009,0,0,3011
512,1.9577968095617033,3010,0,0,3012
512,1.9584494101818901,3011,0,0,3013
512,1.9591020108020769,3012,0,0,3014
512,1.9597546114222637,3013,0,0,3015
512,1.9604072120424505,3014,0,0,3016
512,1.9610598126626373,3015,0,0,3017
512,1.9617124132828241,3016,0,0,3018
512,1.9623650139030109,3017,0,0,3019
512,1.9630176145231977,3018,0,0,3020
512,1.9636702151433845,3019,0,0,3021
512,1.9643228157635713,3020,0,0,3022
512,1.9649754163837581,3021,0,0,3023
512,1.9656280170039448,3022,0,0,3024
512,1.9662806176241316,3023,0,0,3025
512,1.9669332182443184,3024,0,0,3026
512,1.9675858188645052,3025,0,0,3027
512,1.968238419484692,3026,0,0,3028
512,1.9688910201048788,3027,0,0,3029
512,1.9695436207250656,3028,0,0,3030
512,1.9701962213452524,3029,0,0,3031
512,1.9708488219654392,3030,0,0,3032
512,1.971501422585626,3031,0,0,3033
512,1.9721540232058128,3032,0,0,3034
512,1.9728066238259996,3033,0,0,3035
512,1.9734592244461864,3034,0,0,3036
512,1.9741118250663732,3035,0,0,3037
512,1.97476442568656,3036,0,0,3038
512,1.9754170263067468,3037,0,0,3039
512,1.9760696269269336,3038,0,0,3040
512,1.9767222275471203,3039,0,0,3041
512,1.9773748281673071,3040,0,0,3042
512,1.9780274287874939,3041,0,0,3043
512,1.9786800294076807,3042,0,0,3044
512,1.9793326300278675,3043,0,0,3045
512,1.9799852306480543,3044,0,0,3046
512,1.9806378312682411,3045,0,0,3047
512,1.9812904318884279,3046,0,0,3048
512,1.9819430325086147,3047,0,0,3049
512,1.9825956331288015,3048,0,0,3050
512,1.9832482337489883,3049,0,0,3051
512,1.9839008343691751,3050,0,0,3052
512,1.9845534349893619,3051,0,0,3053
512,1.9852060356095487,3052,0,0,3054
512,1.9858586362297355,3053,0,0,3055
512,1.9865112368499223,3054,0,0,3056
512,1.9871638374701091,3055,0,0,3057
512,1.9878164380902958,3056,0,0,3058
512,1.9884690387104826,3057,0,0,3059
512,1.9891216393306694,3058,0,0,3060
512,1.9897742399508562,3059,0,0,3061
512,1.990426840571043,3060,0,0,3062
512,1.9910794411912298,3061,0,0,3063
512,1.9917320418114166,3062,0,0,3064
512,1.9923846424316034,3063,0,0,3065
512,1.9930372430517902,3064,0,0,3066
512,1.993689843671977,3065,0,0,3067
512,1.9943424442921638,3066,0,0,3068
512,1.9949950449123506,3067,0,0,3069
512,1.9956476455325374,3068,0,0,3070
512,1.9963002461527242,3069,0,0,3071
512,1.996952846772911,3070,0,0,3072
512,1.9976054473930978,3071,0,0,3073
512,1.9982580480132845,3072,0,0,3074
512,1.9989106486334713,3073,0,0,3075
512,1.9995632492536581,3074,0,0,3076
512,2.0002158498738449,3075,0,0,3077
512,2.0008684504940315,3076,0,0,3078
512,2.0015210511142181,3077,0,0,3079
512,2.0021736517344046,3078,0,0,3080
512,2.0028262523545912,3079,0,0,3081
512,2.0034788529747778,3080,0,0,3082
512,2.0041314535949644,3081,0,0,3083
512,2.0047840542151509,3082,0,0,3084
512,2.0054366548353375,3083,0,0,3085
512,2.0060892554555241,3084,0,0,3086
512,2.0067418560757107,3085,0,0,3087
512,2.0073944566958972,3086,0,0,3088
512,2.0080470573160838,3087,0,0,3089
512,2.0086996579362704,3088,0,0,3090
512,2.0093522585564569,3089,0,0,3091
512,2.0100048591766435,3090,0,0,3092
512,2.0106574597968301,3091,0,0,3093
512,2.0113100604170167,3092,0,0,3094
512,2.0119626610372032,3093,0,0,3095
512,2.0126152616573898,3094,0,0,3096
512,2.0132678622775764,3095,0,0,3097
512,2.0139204628977629,3096,0,0,3098
512,2.0145730635179495,3097,0,0,3099
512,2.0152256641381361,3098,0,0,3100
512,2.0158782647583227,3099,0,0,3101
512,2.0165308653785092,3100,0,0,3102
512,2.0171834659986958,3101,0,0,3103
512,2.0178360666188824,3102,0,0,3104
512,2.0184886672390689,3103,0,0,3105
512,2.0191412678592555,3104,0,0,3106
512,2.0197938684794421,3105,0,0,3107
512,2.0204464690996287,3106,0,0,3108
512,2.0210990697198152,3107,0,0,3109
512,2.0217516703400018,3108,0,0,3110
512,2.0224042709601884,3109,0,0,3111
512,2.0230568715803749,3110,0,0,3112
512,2.0237094722005615,3111,0,0,3113
512,2.0243620728207481,3112,0,0,3114
512,2.0250146734409347,3113,0,0,3115
512,2.0256672740611212,3114,0,0,3116
512,2.0263198746813078,3115,0,0,3117
512,2.0269724753014944,3116,0,0,3118
512,2.027625075921681,3117,0,0,3119
512,2.0282776765418675,3118,0,0,3120
512,2.0289302771620541,3119,0,0,3121
512,2.0295828777822407,3120,0,0,3122
512,2.0302354784024272,3121,0,0,3123
512,2.0308880790226138,3122,0,0,3124
512,2.0315406796428004,3123,0,0,3125
512,2.032193280262987,3124,0,0,3126
512,2.0328458808831735,3125,0,0,3127
512,2.0334984815033601,3126,0,0,3128
512,2.0341510821235467,3127,0,0,3129
512,2.0348036827437332,3128,0,0,3130
512,2.0354562833639198,3129,0,0,3131
512,2.0361088839841064,3130,0,0,3132
512,2.036761484604293,3131,0,0,3133
512,2.0374140852244795,3132,0,0,3134
512,2.0380666858446661,3133,0,0,3135
512,2.0387192864648527,3134,0,0,3136
512,2.0393718870850392,3135,0,0,3137
512,2.0400244877052263,3136,0,0,3138
512,2.0406770883254128,3137,0,0,3139
512,2.0413296889455994,3138,0,0,3140
512,2.0419822895657864,3139,0,0,3141
512,2.0426348901859734,3140,0,0,3142
512,2.04328749080616,3141,0,0,3143
512,2.0439400914263466,3142,0,0,3144
512,2.0445926920465336,3143,0,0,3145
512,2.0452452926667206,3144,0,0,3146
512,2.0458978932869072,3145,0,0,3147
512,2.0465504939070938,3146,0,0,3148
512,2.0472030945272808,3147,0,0,3149
512,2.0478556951474678,3148,0,0,3150
512,2.0485082957676544,3149,0,0,3151
512,2.0491608963878409,3150,0,0,3152
512,2.049813497008028,3151,0,0,3153
512,2.050466097628215,3152,0,0,3154
512,2.0511186982484015,3153,0,0,3155
512,2.0517712988685881,3154,0,0,3156
512,2.0524238994887751,3155,0,0,3157
512,2.0530765001089621,3156,0,0,3158
512,2.0537291007291487,3157,0,0,3159
512,2.0543817013493353,3158,0,0,3160
512,2.0550343019695223,3159,0,0,3161
512,2.0556869025897093,3160,0,0,3162
512,2.0563395032098959,3161,0,0,3163
512,2.0569921038300825,3162,0,0,3164
512,2.0576447044502695,3163,0,0,3165
512,2.0582973050704565,3164,0,0,3166
512,2.0589499056906431,3165,0,0,3167
512,2.0596025063108296,3166,0,0,3168
512,2.0602551069310167,3167,0,0,3169
512,2.0609077075512037,3168,0,0,3170
512,2.0615603081713902,3169,0,0,3171
512,2.0622129087915768,3170,0,0,3172
512,2.0628655094117638,3171,0,0,3173
512,2.0635181100319508,3172,0,0,3174
512,2.0641707106521374,3173,0,0,3175
512,2.064823311272324,3174,0,0,3176
512,2.065475911892511,3175,0,0,3177
512,2.066128512512698,3176,0,0,3178
512,2.0667811131328846,3177,0,0,3179
512,2.0674337137530712,3178,0,0,3180
512,2.0680863143732582,3179,0,0,3181
512,2.0687389149934452,3180,0,0,3182
512,2.0693915156136318,3181,0,0,3183
512,2.0700441162338183,3182,0,0,3184
512,2.0706967168540054,3183,0,0,3185
512,2.0713493174741924,3184,0,0,3186
512,2.0720019180943789,3185,0,0,3187
512,2.0726545187145655,3186,0,0,3188
512,2.0733071193347525,3187,0,0,3189
512,2.0739597199549396,3188,0,0,3190
512,2.0746123205751261,3189,0,0,3191
512,2.0752649211953127,3190,0,0,3192
512,2.0759175218154997,3191,0,0,3193
512,2.0765701224356867,3192,0,0,3194
512,2.0772227230558733,3193,0,0,3195
512,2.0778753236760599,3194,0,0,3196
512,2.0785279242962469,3195,0,0,3197
512,2.0791805249164339,3196,0,0,3198
512,2.0798331255366205,3197,0,0,3199
512,2.080485726156807,3198,0,0,3200
512,2.0811383267769941,3199,0,0,3201
512,2.0817909273971811,3200,0,0,3202
512,2.0824435280173677,3201,0,0,3203
512,2.0830961286375542,3202,0,0,3204
512,2.0837487292577412,3203,0,0,3205
512,2.0844013298779283,3204,0,0,3206
512,2.0850539304981148,3205,0,0,3207
512,2.0857065311183014,3206,0,0,3208
512,2.0863591317384884,3207,0,0,3209
512,2.0870117323586754,3208,0,0,3210
512,2.087664332978862,3209,0,0,3211
512,2.0883169335990486,3210,0,0,3212
512,2.0889695342192356,3211,0,0,3213
512,2.0896221348394226,3212,0,0,3214
512,2.0902747354596092,3213,0,0,3215
512,2.0909273360797958,3214,0,0,3216
512,2.0915799366999828,3215,0,0,3217
512,2.0922325373201698,3216,0,0,3218
512,2.0928851379403564,3217,0,0,3219
512,2.0935377385605429,3218,0,0,3220
512,2.0941903391807299,3219,0,0,3221
512,2.094842939800917,3220,0,0,3222
512,2.0954955404211035,3221,0,0,3223
512,2.0961481410412901,3222,0,0,3224
512,2.0968007416614771,3223,0,0,3225
512,2.0974533422816641,3224,0,0,3226
512,2.0981059429018507,3225,0,0,3227
512,2.0987585435220373,3226,0,0,3228
512,2.0994111441422243,3227,0,0,3229
512,2.1000637447624113,3228,0,0,3230
512,2.1007163453825979,3229,0,0,3231
512,2.1013689460027845,3230,0,0,3232
512,2.1020215466229715,3231,0,0,3233
512,2.1026741472431585,3232,0,0,3234
512,2.1033267478633451,3233,0,0,3235
512,2.1039793484835316,3234,0,0,3236
512,2.1046319491037186,3235,0,0,3237
512,2.1052845497239057,3236,0,0,3238
512,2.1059371503440922,3237,0,0,3239
512,2.1065897509642788,3238,0,0,3240
512,2.1072423515844658,3239,0,0,3241
512,2.1078949522046528,3240,0,0,3242
512,2.1085475528248394,3241,0,0,3243
512,2.109200153445026,3242,0,0,3244
512,2.109852754065213,3243,0,0,3245
512,2.1105053546854,3244,0,0,3246
512,2.1111579553055866,3245,0,0,3247
512,2.1118105559257732,3246,0,0,3248
512,2.1124631565459602,3247,0,0,3249
512,2.1131157571661472,3248,0,0,3250
512,2.1137683577863338,3249,0,0,3251
512,2.1144209584065203,3250,0,0,3252
512,2.1150735590267074,3251,0,0,3253
512,2.1157261596468944,3252,0,0,3254
512,2.1163787602670809,3253,0,0,3255
512,2.1170313608872675,3254,0,0,3256
512,2.1176839615074545,3255,0,0,3257
512,2.1183365621276415,3256,0,0,3258
512,2.1189891627478281,3257,0,0,3259
512,2.1196417633680147,3258,0,0,3260
512,2.1202943639882017,3259,0,0,3261
512,2.1209469646083887,3260,0,0,3262
512,2.1215995652285753,3261,0,0,3263
512,2.1222521658487619,3262,0,0,3264
512,2.1229047664689489,3263,0,0,3265
512,2.1235573670891359,3264,0,0,3266
512,2.1242099677093225,3265,0,0,3267
512,2.124862568329509,3266,0,0,3268
512,2.1255151689496961,3267,0,0,3269
512,2.1261677695698831,3268,0,0,3270
512,2.1268203701900696,3269,0,0,3271
512,2.1274729708102562,3270,0,0,3272
512,2.1281255714304432,3271,0,0,3273
512,2.1287781720506302,3272,0,0,3274
512,2.1294307726708168,3273,0,0,3275
512,2.1300833732910034,3274,0,0,3276
512,2.1307359739111904,3275,0,0,3277
512,2.1313885745313774,3276,0,0,3278
512,2.132041175151564,3277,0,0,3279
512,2.1326937757717506,3278,0,0,3280
512,2.1333463763919376,3279,0,0,3281
512,2.1339989770121246,3280,0,0,3282
512,2.1346515776323112,3281,0,0,3283
512,2.1353041782524977,3282,0,0,3284
512,2.1359567788726848,3283,0,0,3285
512,2.1366093794928718,3284,0,0,3286
512,2.1372619801130583,3285,0,0,3287
512,2.1379145807332449,3286,0,0,3288
512,2.1385671813534319,3287,0,0,3289
512,2.139219781973619,3288,0,0,3290
512,2.1398723825938055,3289,0,0,3291
512,2.1405249832139921,3290,0,0,3292
512,2.1411775838341791,3291,0,0,3293
512,2.1418301844543661,3292,0,0,3294
512,2.1424827850745527,3293,0,0,3295
512,2.1431353856947393,3294,0,0,3296
512,2.1437879863149263,3295,0,0,3297
512,2.1444405869351133,3296,0,0,3298
512,2.1450931875552999,3297,0,0,3299
512,2.1457457881754864,3298,0,0,3300
512,2.1463983887956735,3299,0,0,3301
512,2.1470509894158605,3300,0,0,3302
512,2.147703590036047,3301,0,0,3303
512,2.1483561906562336,3302,0,0,3304
512,2.1490087912764206,3303,0,0,3305
512,2.1496613918966077,3304,0,0,3306
512,2.1503139925167942,3305,0,0,3307
512,2.1509665931369808,3306,0,0,3308
512,2.1516191937571678,3307,0,0,3309
512,2.1522717943773548,3308,0,0,3310
512,2.1529243949975414,3309,0,0,3311
512,2.153576995617728,3310,0,0,3312
512,2.154229596237915,3311,0,0,3313
512,2.154882196858102,3312,0,0,3314
512,2.1555347974782886,3313,0,0,3315
512,2.1561873980984751,3314,0,0,3316
512,2.1568399987186622,3315,0,0,3317
512,2.1574925993388492,3316,0,0,3318
512,2.1581451999590358,3317,0,0,3319
512,2.1587978005792223,3318,0,0,3320
512,2.1594504011994093,3319,0,0,3321
512,2.1601030018195964,3320,0,0,3322
512,2.1607556024397829,3321,0,0,3323
512,2.1614082030599695,3322,0,0,3324
512,2.1620608036801565,3323,0,0,3325
512,2.1627134043003435,3324,0,0,3326
512,2.1633660049205301,3325,0,0,3327
512,2.1640186055407167,3326,0,0,3328
512,2.1646712061609037,3327,0,0,3329
512,2.1653238067810907,3328,0,0,3330
512,2.1659764074012773,3329,0,0,3331
512,2.1666290080214639,3330,0,0,3332
512,2.1672816086416509,3331,0,0,3333
512,2.1679342092618379,3332,0,0,3334
512,2.1685868098820245,3333,0,0,3335
512,2.169239410502211,3334,0,0,3336
512,2.169892011122398,3335,0,0,3337
512,2.1705446117425851,3336,0,0,3338
512,2.1711972123627716,3337,0,0,3339
512,2.1718498129829582,3338,0,0,3340
512,2.1725024136031452,3339,0,0,3341
512,2.1731550142233322,3340,0,0,3342
512,2.1738076148435188,3341,0,0,3343
512,2.1744602154637054,3342,0,0,3344
512,2.1751128160838924,3343,0,0,3345
512,2.1757654167040794,3344,0,0,3346
512,2.176418017324266,3345,0,0,3347
512,2.1770706179444526,3346,0,0,3348
512,2.1777232185646396,3347,0,0,3349
512,2.1783758191848266,3348,0,0,3350
512,2.1790284198050132,3349,0,0,3351
512,2.1796810204251997,3350,0,0,3352
512,2.1803336210453867,3351,0,0,3353
512,2.1809862216655738,3352,0,0,3354
512,2.1816388222857603,3353,0,0,3355
512,2.1822914229059469,3354,0,0,3356
512,2.1829440235261339,3355,0,0,3357
512,2.1835966241463209,3356,0,0,3358
512,2.1842492247665075,3357,0,0,3359
512,2.1849018253866941,3358,0,0,3360
512,2.1855544260068811,3359,0,0,3361
512,2.1862070266270681,3360,0,0,3362
512,2.1868596272472547,3361,0,0,3363
512,2.1875122278674413,3362,0,0,3364
512,2.1881648284876283,3363,0,0,3365
512,2.1888174291078153,3364,0,0,3366
512,2.1894700297280019,3365,0,0,3367
512,2.1901226303481884,3366,0,0,3368
512,2.1907752309683755,3367,0,0,3369
512,2.1914278315885625,3368,0,0,3370
512,2.192080432208749,3369,0,0,3371
512,2.1927330328289356,3370,0,0,3372
512,2.1933856334491226,3371,0,0,3373
512,2.1940382340693096,3372,0,0,3374
512,2.1946908346894962,3373,0,0,3375
512,2.1953434353096828,3374,0,0,3376
512,2.1959960359298698,3375,0,0,3377
512,2.1966486365500568,3376,0,0,3378
512,2.1973012371702434,3377,0,0,3379
512,2.19795383779043,3378,0,0,3380
512,2.198606438410617,3379,0,0,3381
512,2.199259039030804,3380,0,0,3382
512,2.1999116396509906,3381,0,0,3383
512,2.2005642402711771,3382,0,0,3384
512,2.2012168408913642,3383,0,0,3385
512,2.2018694415115512,3384,0,0,3386
512,2.2025220421317377,3385,0,0,3387
512,2.2031746427519243,3386,0,0,3388
512,2.2038272433721113,3387,0,0,3389
512,2.2044798439922983,3388,0,0,3390
512,2.2051324446124849,3389,0,0,3391
512,2.2057850452326715,3390,0,0,3392
512,2.2064376458528585,3391,0,0,3393
512,2.2070902464730455,3392,0,0,3394
512,2.2077428470932321,3393,0,0,3395
512,2.2083954477134187,3394,0,0,3396
512,2.2090480483336057,3395,0,0,3397
512,2.2097006489537927,3396,0,0,3398
512,2.2103532495739793,3397,0,0,3399
512,2.2110058501941658,3398,0,0,3400
512,2.2116584508143529,3399,0,0,3401
512,2.2123110514345399,3400,0,0,3402
512,2.2129636520547264,3401,0,0,3403
512,2.213616252674913,3402,0,0,3404
512,2.2142688532951,3403,0,0,3405
512,2.2149214539152871,3404,0,0,3406
512,2.2155740545354736,3405,0,0,3407
512,2.2162266551556602,3406,0,0,3408
512,2.2168792557758472,3407,0,0,3409
512,2.2175318563960342,3408,0,0,3410
512,2.2181844570162208,3409,0,0,3411
512,2.2188370576364074,3410,0,0,3412
512,2.2194896582565944,3411,0,0,3413
512,2.2201422588767814,3412,0,0,3414
512,2.220794859496968,3413,0,0,3415
512,2.2214474601171545,3414,0,0,3416
512,2.2221000607373416,3415,0,0,3417
512,2.2227526613575286,3416,0,0,3418
512,2.2234052619777152,3417,0,0,3419
512,2.2240578625979017,3418,0,0,3420
512,2.2247104632180887,3419,0,0,3421
512,2.2253630638382758,3420,0,0,3422
512,2.2260156644584623,3421,0,0,3423
512,2.2266682650786489,3422,0,0,3424
512,2.2273208656988359,3423,0,0,3425
512,2.2279734663190229,3424,0,0,3426
512,2.2286260669392095,3425,0,0,3427
512,2.2292786675593961,3426,0,0,3428
512,2.2299312681795831,3427,0,0,3429
512,2.2305838687997701,3428,0,0,3430
512,2.2312364694199567,3429,0,0,3431
512,2.2318890700401433,3430,0,0,3432
512,2.2325416706603303,3431,0,0,3433
512,2.2331942712805173,3432,0,0,3434
512,2.2338468719007039,3433,0,0,3435
512,2.2344994725208904,3434,0,0,3436
512,2.2351520731410774,3435,0,0,3437
512,2.2358046737612645,3436,0,0,3438
512,2.236457274381451,3437,0,0,3439
512,2.2371098750016376,3438,0,0,3440
512,2.2377624756218246,3439,0,0,3441
512,2.2384150762420116,3440,0,0,3442
512,2.2390676768621982,3441,0,0,3443
512,2.2397202774823848,3442,0,0,3444
512,2.2403728781025718,3443,0,0,3445
512,2.2410254787227588,3444,0,0,3446
512,2.2416780793429454,3445,0,0,3447
512,2.242330679963132,3446,0,0,3448
512,2.242983280583319,3447,0,0,3449
512,2.243635881203506,3448,0,0,3450
512,2.2442884818236926,3449,0,0,3451
512,2.2449410824438791,3450,0,0,3452
512,2.2455936830640661,3451,0,0,3453
512,2.2462462836842532,3452,0,0,3454
512,2.2468988843044397,3453,0,0,3455
512,2.2475514849246263,3454,0,0,3456
512,2.2482040855448133,3455,0,0,3457
512,2.2488566861650003,3456,0,0,3458
512,2.2495092867851869,3457,0,0,3459
512,2.2501618874053735,3458,0,0,3460
512,2.2508144880255605,3459,0,0,3461
512,2.2514670886457475,3460,0,0,3462
512,2.2521196892659341,3461,0,0,3463
512,2.2527722898861207,3462,0,0,3464
512,2.2534248905063077,3463,0,0,3465
512,2.2540774911264947,3464,0,0,3466
512,2.2547300917466813,3465,0,0,3467
512,2.2553826923668678,3466,0,0,3468
512,2.2560352929870549,3467,0,0,3469
512,2.2566878936072419,3468,0,0,3470
512,2.2573404942274284,3469,0,0,3471
512,2.257993094847615,3470,0,0,3472
512,2.258645695467802,3471,0,0,3473
512,2.259298296087989,3472,0,0,3474
512,2.2599508967081756,3473,0,0,3475
512,2.2606034973283622,3474,0,0,3476
512,2.2612560979485492,3475,0,0,3477
512,2.2619086985687362,3476,0,0,3478
512,2.2625612991889228,3477,0,0,3479
512,2.2632138998091094,3478,0,0,3480
512,2.2638665004292964,3479,0,0,3481
512,2.2645191010494834,3480,0,0,3482
512,2.26517170166967,3481,0,0,3483
512,2.2658243022898565,3482,0,0,3484
512,2.2664769029100436,3483,0,0,3485
512,2.2671295035302306,3484,0,0,3486
512,2.2677821041504171,3485,0,0,3487
512,2.2684347047706037,3486,0,0,3488
512,2.2690873053907907,3487,0,0,3489
512,2.2697399060109777,3488,0,0,3490
512,2.2703925066311643,3489,0,0,3491
512,2.2710451072513509,3490,0,0,3492
512,2.2716977078715379,3491,0,0,3493
512,2.2723503084917249,3492,0,0,3494
512,2.2730029091119115,3493,0,0,3495
512,2.2736555097320981,3494,0,0,3496
512,2.2743081103522851,3495,0,0,3497
512,2.2749607109724721,3496,0,0,3498
512,2.2756133115926587,3497,0,0,3499
512,2.2762659122128452,3498,0,0,3500
512,2.2769185128330323,3499,0,0,3501
512,2.2775711134532193,3500,0,0,3502
512,2.2782237140734058,3501,0,0,3503
512,2.2788763146935924,3502,0,0,3504
512,2.2795289153137794,3503,0,0,3505
512,2.2801815159339665,3504,0,0,3506
512,2.280834116554153,3505,0,0,3507
512,2.2814867171743396,3506,0,0,3508
512,2.2821393177945266,3507,0,0,3509
512,2.2827919184147136,3508,0,0,3510
512,2.2834445190349002,3509,0,0,3511
512,2.2840971196550868,3510,0,0,3512
512,2.2847497202752738,3511,0,0,3513
512,2.2854023208954608,3512,0,0,3514
512,2.2860549215156474,3513,0,0,3515
512,2.2867075221358339,3514,0,0,3516
512,2.287360122756021,3515,0,0,3517
512,2.288012723376208,3516,0,0,3518
512,2.2886653239963946,3517,0,0,3519
512,2.2893179246165811,3518,0,0,3520
512,2.2899705252367681,3519,0,0,3521
512,2.2906231258569552,3520,0,0,3522
512,2.2912757264771417,3521,0,0,3523
512,2.2919283270973283,3522,0,0,3524
512,2.2925809277175153,3523,0,0,3525
512,2.2932335283377023,3524,0,0,3526
512,2.2938861289578889,3525,0,0,3527
512,2.2945387295780755,3526,0,0,3528
512,2.2951913301982625,3527,0,0,3529
512,2.2958439308184495,3528,0,0,3530
512,2.2964965314386361,3529,0,0,3531
512,2.2971491320588227,3530,0,0,3532
512,2.2978017326790097,3531,0,0,3533
512,2.2984543332991967,3532,0,0,3534
512,2.2991069339193833,3533,0,0,3535
512,2.2997595345395698,3534,0,0,3536
512,2.3004121351597568,3535,0,0,3537
512,2.3010647357799439,3536,0,0,3538
512,2.3017173364001304,3537,0,0,3539
512,2.302369937020317,3538,0,0,3540
512,2.303022537640504,3539,0,0,3541
512,2.303675138260691,3540,0,0,3542
512,2.3043277388808776,3541,0,0,3543
512,2.3049803395010642,3542,0,0,3544
512,2.3056329401212512,3543,0,0,3545
512,2.3062855407414382,3544,0,0,3546
512,2.3069381413616248,3545,0,0,3547
512,2.3075907419818114,3546,0,0,3548
512,2.3082433426019984,3547,0,0,3549
512,2.3088959432221854,3548,0,0,3550
512,2.309548543842372,3549,0,0,3551
512,2.3102011444625585,3550,0,0,3552
512,2.3108537450827455,3551,0,0,3553
512,2.3115063457029326,3552,0,0,3554
512,2.3121589463231191,3553,0,0,3555
512,2.3128115469433057,3554,0,0,3556
512,2.3134641475634927,3555,0,0,3557
512,2.3141167481836797,3556,0,0,3558
512,2.3147693488038663,3557,0,0,3559
512,2.3154219494240529,3558,0,0,3560
512,2.3160745500442399,3559,0,0,3561
512,2.3167271506644269,3560,0,0,3562
512,2.3173797512846135,3561,0,0,3563
512,2.3180323519048001,3562,0,0,3564
512,2.3186849525249871,3563,0,0,3565
512,2.3193375531451741,3564,0,0,3566
512,2.3199901537653607,3565,0,0,3567
512,2.3206427543855472,3566,0,0,3568
512,2.3212953550057343,3567,0,0,3569
512,2.3219479556259213,3568,0,0,3570
512,2.3226005562461078,3569,0,0,3571
512,2.3232531568662944,3570,0,0,3572
512,2.3239057574864814,3571,0,0,3573
512,2.3245583581066684,3572,0,0,3574
512,2.325210958726855,3573,0,0,3575
512,2.3258635593470416,3574,0,0,3576
512,2.3265161599672286,3575,0,0,3577
512,2.3271687605874156,3576,0,0,3578
512,2.3278213612076022,3577,0,0,3579
512,2.3284739618277888,3578,0,0,3580
512,2.3291265624479758,3579,0,0,3581
512,2.3297791630681628,3580,0,0,3582
512,2.3304317636883494,3581,0,0,3583
512,2.3310843643085359,3582,0,0,3584
512,2.331736964928723,3583,0,0,3585
512,2.33238956554891,3584,0,0,3586
512,2.3330421661690965,3585,0,0,3587
512,2.3336947667892831,3586,0,0,3588
512,2.3343473674094701,3587,0,0,3589
512,2.3349999680296571,3588,0,0,3590
512,2.3356525686498437,3589,0,0,3591
512,2.3363051692700303,3590,0,0,3592
512,2.3369577698902173,3591,0,0,3593
512,2.3376103705104043,3592,0,0,3594
512,2.3382629711305909,3593,0,0,3595
512,2.3389155717507775,3594,0,0,3596
512,2.3395681723709645,3595,0,0,3597
512,2.3402207729911515,3596,0,0,3598
512,2.3408733736113381,3597,0,0,3599
512,2.3415259742315246,3598,0,0,3600
512,2.3421785748517117,3599,0,0,3601
512,2.3428311754718987,3600,0,0,3602
512,2.3434837760920852,3601,0,0,3603
512,2.3441363767122718,3602,0,0,3604
512,2.3447889773324588,3603,0,0,3605
512,2.3454415779526459,3604,0,0,3606
512,2.3460941785728324,3605,0,0,3607
512,2.346746779193019,3606,0,0,3608
512,2.347399379813206,3607,0,0,3609
512,2.348051980433393,3608,0,0,3610
512,2.3487045810535796,3609,0,0,3611
512,2.3493571816737662,3610,0,0,3612
512,2.3500097822939532,3611,0,0,3613
512,2.3506623829141402,3612,0,0,3614
512,2.3513149835343268,3613,0,0,3615
512,2.3519675841545133,3614,0,0,3616
512,2.3526201847747004,3615,0,0,3617
512,2.3532727853948874,3616,0,0,3618
512,2.353925386015074,3617,0,0,3619
512,2.3545779866352605,3618,0,0,3620
512,2.3552305872554475,3619,0,0,3621
512,2.3558831878756346,3620,0,0,3622
512,2.3565357884958211,3621,0,0,3623
512,2.3571883891160077,3622,0,0,3624
512,2.3578409897361947,3623,0,0,3625
512,2.3584935903563817,3624,0,0,3626
512,2.3591461909765683,3625,0,0,3627
512,2.3597987915967549,3626,0,0,3628
512,2.3604513922169419,3627,0,0,3629
512,2.3611039928371289,3628,0,0,3630
512,2.3617565934573155,3629,0,0,3631
512,2.3624091940775021,3630,0,0,3632
512,2.3630617946976891,3631,0,0,3633
512,2.3637143953178761,3632,0,0,3634
512,2.3643669959380627,3633,0,0,3635
512,2.3650195965582492,3634,0,0,3636
512,2.3656721971784362,3635,0,0,3637
512,2.3663247977986233,3636,0,0,3638
512,2.3669773984188098,3637,0,0,3639
512,2.3676299990389964,3638,0,0,3640
512,2.3682825996591834,3639,0,0,3641
512,2.3689352002793704,3640,0,0,3642
512,2.369587800899557,3641,0,0,3643
512,2.3702404015197436,3642,0,0,3644
512,2.3708930021399306,3643,0,0,3645
512,2.3715456027601176,3644,0,0,3646
512,2.3721982033803042,3645,0,0,3647
512,2.3728508040004908,3646,0,0,3648
512,2.3735034046206778,3647,0,0,3649
512,2.3741560052408648,3648,0,0,3650
512,2.3748086058610514,3649,0,0,3651
512,2.3754612064812379,3650,0,0,3652
512,2.3761138071014249,3651,0,0,3653
512,2.376766407721612,3652,0,0,3654
512,2.3774190083417985,3653,0,0,3655
512,2.3780716089619851,3654,0,0,3656
512,2.3787242095821721,3655,0,0,3657
512,2.3793768102023591,3656,0,0,3658
512,2.3800294108225457,3657,0,0,3659
512,2.3806820114427323,3658,0,0,3660
512,2.3813346120629193,3659,0,0,3661
512,2.3819872126831063,3660,0,0,3662
512,2.3826398133032929,3661,0,0,3663
512,2.3832924139234795,3662,0,0,3664
512,2.3839450145436665,3663,0,0,3665
512,2.3845976151638535,3664,0,0,3666
512,2.3852502157840401,3665,0,0,3667
512,2.3859028164042266,3666,0,0,3668
512,2.3865554170244137,3667,0,0,3669
512,2.3872080176446007,3668,0,0,3670
512,2.3878606182647872,3669,0,0,3671
512,2.3885132188849738,3670,0,0,3672
512,2.3891658195051608,3671,0,0,3673
512,2.3898184201253478,3672,0,0,3674
512,2.3904710207455344,3673,0,0,3675
512,2.391123621365721,3674,0,0,3676
512,2.391776221985908,3675,0,0,3677
512,2.392428822606095,3676,0,0,3678
512,2.3930814232262816,3677,0,0,3679
512,2.3937340238464682,3678,0,0,3680
512,2.3943866244666552,3679,0,0,3681
512,2.3950392250868422,3680,0,0,3682
512,2.3956918257070288,3681,0,0,3683
512,2.3963444263272153,3682,0,0,3684
512,2.3969970269474024,3683,0,0,3685
512,2.3976496275675894,3684,0,0,3686
512,2.3983022281877759,3685,0,0,3687
512,2.3989548288079625,3686,0,0,3688
512,2.3996074294281495,3687,0,0,3689
512,2.4002600300483365,3688,0,0,3690
512,2.4009126306685231,3689,0,0,3691
512,2.4015652312887097,3690,0,0,3692
512,2.4022178319088967,3691,0,0,3693
512,2.4028704325290837,3692,0,0,3694
512,2.4035230331492703,3693,0,0,3695
512,2.4041756337694569,3694,0,0,3696
512,2.4048282343896439,3695,0,0,3697
512,2.4054808350098309,3696,0,0,3698
512,2.4061334356300175,3697,0,0,3699
512,2.406786036250204,3698,0,0,3700
512,2.4074386368703911,3699,0,0,3701
512,2.4080912374905781,3700,0,0,3702
512,2.4087438381107646,3701,0,0,3703
512,2.4093964387309512,3702,0,0,3704
512,2.4100490393511382,3703,0,0,3705
512,2.4107016399713252,3704,0,0,3706
512,2.4113542405915118,3705,0,0,3707
512,2.4120068412116984,3706,0,0,3708
512,2.4126594418318854,3707,0,0,3709
512,2.4133120424520724,3708,0,0,3710
512,2.413964643072259,3709,0,0,3711
512,2.4146172436924456,3710,0,0,3712
512,2.4152698443126326,3711,0,0,3713
512,2.4159224449328196,3712,0,0,3714
512,2.4165750455530062,3713,0,0,3715
512,2.4172276461731927,3714,0,0,3716
512,2.4178802467933798,3715,0,0,3717
512,2.4185328474135668,3716,0,0,3718
512,2.4191854480337533,3717,0,0,3719
512,2.4198380486539399,3718,0,0,3720
512,2.4204906492741269,3719,0,0,3721
512,2.421143249894314,3720,0,0,3722
512,2.4217958505145005,3721,0,0,3723
512,2.4224484511346871,3722,0,0,3724
512,2.4231010517548741,3723,0,0,3725
512,2.4237536523750611,3724,0,0,3726
512,2.4244062529952477,3725,0,0,3727
512,2.4250588536154343,3726,0,0,3728
512,2.4257114542356213,3727,0,0,3729
512,2.4263640548558083,3728,0,0,3730
512,2.4270166554759949,3729,0,0,3731
512,2.4276692560961814,3730,0,0,3732
512,2.4283218567163685,3731,0,0,3733
512,2.4289744573365555,3732,0,0,3734
512,2.4296270579567421,3733,0,0,3735
512,2.4302796585769286,3734,0,0,3736
512,2.4309322591971156,3735,0,0,3737
512,2.4315848598173027,3736,0,0,3738
512,2.4322374604374892,3737,0,0,3739
512,2.4328900610576758,3738,0,0,3740
512,2.4335426616778628,3739,0,0,3741
512,2.4341952622980498,3740,0,0,3742
512,2.4348478629182364,3741,0,0,3743
512,2.435500463538423,3742,0,0,3744
512,2.43615306415861,3743,0,0,3745
512,2.436805664778797,3744,0,0,3746
512,2.4374582653989836,3745,0,0,3747
512,2.4381108660191702,3746,0,0,3748
512,2.4387634666393572,3747,0,0,3749
512,2.4394160672595442,3748,0,0,3750
512,2.4400686678797308,3749,0,0,3751
512,2.4407212684999173,3750,0,0,3752
512,2.4413738691201043,3751,0,0,3753
512,2.4420264697402914,3752,0,0,3754
512,2.4426790703604779,3753,0,0,3755
512,2.4433316709806645,3754,0,0,3756
512,2.4439842716008515,3755,0,0,3757
512,2.4446368722210385,3756,0,0,3758
512,2.4452894728412251,3757,0,0,3759
512,2.4459420734614117,3758,0,0,3760
512,2.4465946740815987,3759,0,0,3761
512,2.4472472747017857,3760,0,0,3762
512,2.4478998753219723,3761,0,0,3763
512,2.4485524759421589,3762,0,0,3764
512,2.4492050765623459,3763,0,0,3765
512,2.4498576771825329,3764,0,0,3766
512,2.4505102778027195,3765,0,0,3767
512,2.451162878422906,3766,0,0,3768
512,2.451815479043093,3767,0,0,3769
512,2.4524680796632801,3768,0,0,3770
512,2.4531206802834666,3769,0,0,3771
512,2.4537732809036532,3770,0,0,3772
512,2.4544258815238402,3771,0,0,3773
512,2.4550784821440272,3772,0,0,3774
512,2.4557310827642138,3773,0,0,3775
512,2.4563836833844004,3774,0,0,3776
512,2.4570362840045874,3775,0,0,3777
512,2.4576888846247744,3776,0,0,3778
512,2.458341485244961,3777,0,0,3779
512,2.4589940858651476,3778,0,0,3780
512,2.4596466864853346,3779,0,0,3781
512,2.4602992871055216,3780,0,0,3782
512,2.4609518877257082,3781,0,0,3783
512,2.4616044883458947,3782,0,0,3784
512,2.4622570889660818,3783,0,0,3785
512,2.4629096895862688,3784,0,0,3786
512,2.4635622902064553,3785,0,0,3787
512,2.4642148908266419,3786,0,0,3788
512,2.4648674914468289,3787,0,0,3789
512,2.4655200920670159,3788,0,0,3790
512,2.4661726926872025,3789,0,0,3791
512,2.4668252933073891,3790,0,0,3792
512,2.4674778939275761,3791,0,0,3793
512,2.4681304945477631,3792,0,0,3794
512,2.4687830951679497,3793,0,0,3795
512,2.4694356957881363,3794,0,0,3796
512,2.4700882964083233,3795,0,0,3797
512,2.4707408970285103,3796,0,0,3798
512,2.4713934976486969,3797,0,0,3799
512,2.4720460982688834,3798,0,0,3800
512,2.4726986988890705,3799,0,0,3801
512,2.4733512995092575,3800,0,0,3802
512,2.474003900129444,3801,0,0,3803
512,2.4746565007496306,3802,0,0,3804
512,2.4753091013698176,3803,0,0,3805
512,2.4759617019900046,3804,0,0,3806
512,2.4766143026101912,3805,0,0,3807
512,2.4772669032303778,3806,0,0,3808
512,2.4779195038505648,3807,0,0,3809
512,2.4785721044707518,3808,0,0,3810
512,2.4792247050909384,3809,0,0,3811
512,2.479877305711125,3810,0,0,3812
512,2.480529906331312,3811,0,0,3813
512,2.481182506951499,3812,0,0,3814
512,2.4818351075716856,3813,0,0,3815
512,2.4824877081918721,3814,0,0,3816
512,2.4831403088120592,3815,0,0,3817
512,2.4837929094322462,3816,0,0,3818
512,2.4844455100524327,3817,0,0,3819
512,2.4850981106726193,3818,0,0,3820
512,2.4857507112928063,3819,0,0,3821
512,2.4864033119129934,3820,0,0,3822
512,2.4870559125331799,3821,0,0,3823
512,2.4877085131533665,3822,0,0,3824
512,2.4883611137735535,3823,0,0,3825
512,2.4890137143937405,3824,0,0,3826
512,2.4896663150139271,3825,0,0,3827
512,2.4903189156341137,3826,0,0,3828
512,2.4909715162543007,3827,0,0,3829
512,2.4916241168744877,3828,0,0,3830
512,2.4922767174946743,3829,0,0,3831
512,2.4929293181148608,3830,0,0,3832
512,2.4935819187350479,3831,0,0,3833
512,2.4942345193552349,3832,0,0,3834
512,2.4948871199754215,3833,0,0,3835
512,2.495539720595608,3834,0,0,3836
512,2.496192321215795,3835,0,0,3837
512,2.4968449218359821,3836,0,0,3838
512,2.4974975224561686,3837,0,0,3839
512,2.4981501230763552,3838,0,0,3840
512,2.4988027236965422,3839,0,0,3841
512,2.4994553243167292,3840,0,0,3842
512,2.5001079249369158,3841,0,0,3843
512,2.5007605255571024,3842,0,0,3844
512,2.5014131261772894,3843,0,0,3845
512,2.5020657267974764,3844,0,0,3846
512,2.502718327417663,3845,0,0,3847
512,2.5033709280378496,3846,0,0,3848
512,2.5040235286580366,3847,0,0,3849
512,2.5046761292782236,3848,0,0,3850
512,2.5053287298984102,3849,0,0,3851
512,2.5059813305185967,3850,0,0,3852
512,2.5066339311387837,3851,0,0,3853
512,2.5072865317589708,3852,0,0,3854
512,2.5079391323791573,3853,0,0,3855
512,2.5085917329993439,3854,0,0,3856
512,2.5092443336195309,3855,0,0,3857
512,2.5098969342397179,3856,0,0,3858
512,2.5105495348599045,3857,0,0,3859
512,2.5112021354800911,3858,0,0,3860
512,2.5118547361002781,3859,0,0,3861
512,2.5125073367204651,3860,0,0,3862
512,2.5131599373406517,3861,0,0,3863
512,2.5138125379608383,3862,0,0,3864
512,2.5144651385810253,3863,0,0,3865
512,2.5151177392012123,3864,0,0,3866
512,2.5157703398213989,3865,0,0,3867
512,2.5164229404415854,3866,0,0,3868
512,2.5170755410617724,3867,0,0,3869
512,2.5177281416819595,3868,0,0,3870
512,2.518380742302146,3869,0,0,3871
512,2.5190333429223326,3870,0,0,3872
512,2.5196859435425196,3871,0,0,3873
512,2.5203385441627066,3872,0,0,3874
512,2.5209911447828932,3873,0,0,3875
512,2.5216437454030798,3874,0,0,3876
512,2.5222963460232668,3875,0,0,3877
512,2.5229489466434538,3876,0,0,3878
512,2.5236015472636404,3877,0,0,3879
512,2.524254147883827,3878,0,0,3880
512,2.524906748504014,3879,0,0,3881
512,2.525559349124201,3880,0,0,3882
512,2.5262119497443876,3881,0,0,3883
512,2.5268645503645741,3882,0,0,3884
512,2.5275171509847612,3883,0,0,3885
512,2.5281697516049482,3884,0,0,3886
512,2.5288223522251347,3885,0,0,3887
512,2.5294749528453213,3886,0,0,3888
512,2.5301275534655083,3887,0,0,3889
512,2.5307801540856953,3888,0,0,3890
512,2.5314327547058819,3889,0,0,3891
512,2.5320853553260685,3890,0,0,3892
512,2.5327379559462555,3891,0,0,3893
512,2.5333905565664425,3892,0,0,3894
512,2.5340431571866291,3893,0,0,3895
512,2.5346957578068157,3894,0,0,3896
512,2.5353483584270027,3895,0,0,3897
512,2.5360009590471897,3896,0,0,3898
512,2.5366535596673763,3897,0,0,3899
512,2.5373061602875628,3898,0,0,3900
512,2.5379587609077499,3899,0,0,3901
512,2.5386113615279369,3900,0,0,3902
512,2.5392639621481234,3901,0,0,3903
512,2.53991656276831,3902,0,0,3904
512,2.540569163388497,3903,0,0,3905
512,2.541221764008684,3904,0,0,3906
512,2.5418743646288706,3905,0,0,3907
512,2.5425269652490572,3906,0,0,3908
512,2.5431795658692442,3907,0,0,3909
512,2.5438321664894312,3908,0,0,3910
512,2.5444847671096178,3909,0,0,3911
512,2.5451373677298044,3910,0,0,3912
512,2.5457899683499914,3911,0,0,3913
512,2.5464425689701784,3912,0,0,3914
512,2.547095169590365,3913,0,0,3915
512,2.5477477702105515,3914,0,0,3916
512,2.5484003708307386,3915,0,0,3917
512,2.5490529714509256,3916,0,0,3918
512,2.5497055720711121,3917,0,0,3919
512,2.5503581726912987,3918,0,0,3920
512,2.5510107733114857,3919,0,0,3921
512,2.5516633739316728,3920,0,0,3922
512,2.5523159745518593,3921,0,0,3923
512,2.5529685751720459,3922,0,0,3924
512,2.5536211757922329,3923,0,0,3925
512,2.5542737764124199,3924,0,0,3926
512,2.5549263770326065,3925,0,0,3927
512,2.5555789776527931,3926,0,0,3928
512,2.5562315782729801,3927,0,0,3929
512,2.5568841788931671,3928,0,0,3930
512,2.5575367795133537,3929,0,0,3931
512,2.5581893801335402,3930,0,0,3932
512,2.5588419807537273,3931,0,0,3933
512,2.5594945813739143,3932,0,0,3934
512,2.5601471819941009,3933,0,0,3935
512,2.5607997826142874,3934,0,0,3936
512,2.5614523832344744,3935,0,0,3937
512,2.5621049838546615,3936,0,0,3938
512,2.562757584474848,3937,0,0,3939
512,2.5634101850950346,3938,0,0,3940
512,2.5640627857152216,3939,0,0,3941
512,2.5647153863354086,3940,0,0,3942
512,2.5653679869555952,3941,0,0,3943
512,2.5660205875757818,3942,0,0,3944
512,2.5666731881959688,3943,0,0,3945
512,2.5673257888161558,3944,0,0,3946
512,2.5679783894363424,3945,0,0,3947
512,2.568630990056529,3946,0,0,3948
512,2.569283590676716,3947,0,0,3949
512,2.569936191296903,3948,0,0,3950
512,2.5705887919170896,3949,0,0,3951
512,2.5712413925372761,3950,0,0,3952
512,2.5718939931574631,3951,0,0,3953
512,2.5725465937776502,3952,0,0,3954
512,2.5731991943978367,3953,0,0,3955
512,2.5738517950180233,3954,0,0,3956
512,2.5745043956382103,3955,0,0,3957
512,2.5751569962583973,3956,0,0,3958
512,2.5758095968785839,3957,0,0,3959
512,2.5764621974987705,3958,0,0,3960
512,2.5771147981189575,3959,0,0,3961
512,2.5777673987391445,3960,0,0,3962
512,2.5784199993593311,3961,0,0,3963
512,2.5790725999795177,3962,0,0,3964
512,2.5797252005997047,3963,0,0,3965
512,2.5803778012198917,3964,0,0,3966
512,2.5810304018400783,3965,0,0,3967
512,2.5816830024602648,3966,0,0,3968
512,2.5823356030804518,3967,0,0,3969
512,2.5829882037006389,3968,0,0,3970
512,2.5836408043208254,3969,0,0,3971
512,2.584293404941012,3970,0,0,3972
512,2.584946005561199,3971,0,0,3973
512,2.585598606181386,3972,0,0,3974
512,2.5862512068015726,3973,0,0,3975
512,2.5869038074217592,3974,0,0,3976
512,2.5875564080419462,3975,0,0,3977
512,2.5882090086621332,3976,0,0,3978
512,2.5888616092823198,3977,0,0,3979
512,2.5895142099025064,3978,0,0,3980
512,2.5901668105226934,3979,0,0,3981
512,2.5908194111428804,3980,0,0,3982
512,2.591472011763067,3981,0,0,3983
512,2.5921246123832535,3982,0,0,3984
512,2.5927772130034406,3983,0,0,3985
512,2.5934298136236276,3984,0,0,3986
512,2.5940824142438141,3985,0,0,3987
512,2.5947350148640007,3986,0,0,3988
512,2.5953876154841877,3987,0,0,3989
512,2.5960402161043747,3988,0,0,3990
512,2.5966928167245613,3989,0,0,3991
512,2.5973454173447479,3990,0,0,3992
512,2.5979980179649349,3991,0,0,3993
512,2.5986506185851219,3992,0,0,3994
512,2.5993032192053085,3993,0,0,3995
512,2.5999558198254951,3994,0,0,3996
512,2.6006084204456821,3995,0,0,3997
512,2.6012610210658691,3996,0,0,3998
512,2.6019136216860557,3997,0,0,3999
512,2.6025662223062422,3998,0,0,4000
512,2.6032188229264293,3999,0,0,4001
512,2.6038714235466163,4000,0,0,4002
512,2.6045240241668028,4001,0,0,4003
512,2.6051766247869894,4002,0,0,4004
512,2.6058292254071764,4003,0,0,4005
512,2.6064818260273634,4004,0,0,4006
512,2.60713442664755,4005,0,0,4007
512,2.6077870272677366,4006,0,0,4008
512,2.6084396278879236,4007,0,0,4009
512,2.6090922285081106,4008,0,0,4010
512,2.6097448291282972,4009,0,0,4011
512,2.6103974297484838,4010,0,0,4012
512,2.6110500303686708,4011,0,0,4013
512,2.6117026309888578,4012,0,0,4014
512,2.6123552316090444,4013,0,0,4015
512,2.6130078322292309,4014,0,0,4016
512,2.613660432849418,4015,0,0,4017
512,2.614313033469605,4016,0,0,4018
512,2.6149656340897915,4017,0,0,4019
512,2.6156182347099781,4018,0,0,4020
512,2.6162708353301651,4019,0,0,4021
512,2.6169234359503522,4020,0,0,4022
512,2.6175760365705387,4021,0,0,4023
512,2.6182286371907253,4022,0,0,4024
512,2.6188812378109123,4023,0,0,4025
512,2.6195338384310993,4024,0,0,4026
512,2.6201864390512859,4025,0,0,4027
512,2.6208390396714725,4026,0,0,4028
512,2.6214916402916595,4027,0,0,4029
512,2.6221442409118465,4028,0,0,4030
512,2.6227968415320331,4029,0,0,4031
512,2.6234494421522196,4030,0,0,4032
512,2.6241020427724067,4031,0,0,4033
512,2.6247546433925937,4032,0,0,4034
512,2.6254072440127803,4033,0,0,4035
512,2.6260598446329668,4034,0,0,4036
512,2.6267124452531538,4035,0,0,4037
512,2.6273650458733409,4036,0,0,4038
512,2.6280176464935274,4037,0,0,4039
512,2.628670247113714,4038,0,0,4040
512,2.629322847733901,4039,0,0,4041
512,2.629975448354088,4040,0,0,4042
512,2.6306280489742746,4041,0,0,4043
512,2.6312806495944612,4042,0,0,4044
512,2.6319332502146482,4043,0,0,4045
512,2.6325858508348352,4044,0,0,4046
512,2.6332384514550218,4045,0,0,4047
512,2.6338910520752083,4046,0,0,4048
512,2.6345436526953954,4047,0,0,4049
512,2.6351962533155824,4048,0,0,4050
512,2.635848853935769,4049,0,0,4051
512,2.6365014545559555,4050,0,0,4052
512,2.6371540551761425,4051,0,0,4053
512,2.6378066557963296,4052,0,0,4054
512,2.6384592564165161,4053,0,0,4055
512,2.6391118570367027,4054,0,0,4056
512,2.6397644576568897,4055,0,0,4057
512,2.6404170582770767,4056,0,0,4058
512,2.6410696588972633,4057,0,0,4059
512,2.6417222595174499,4058,0,0,4060
512,2.6423748601376369,4059,0,0,4061
512,2.6430274607578239,4060,0,0,4062
512,2.6436800613780105,4061,0,0,4063
512,2.6443326619981971,4062,0,0,4064
512,2.6449852626183841,4063,0,0,4065
512,2.6456378632385711,4064,0,0,4066
512,2.6462904638587577,4065,0,0,4067
512,2.6469430644789442,4066,0,0,4068
512,2.6475956650991312,4067,0,0,4069
512,2.6482482657193183,4068,0,0,4070
512,2.6489008663395048,4069,0,0,4071
512,2.6495534669596914,4070,0,0,4072
512,2.6502060675798784,4071,0,0,4073
512,2.6508586682000654,4072,0,0,4074
512,2.651511268820252,4073,0,0,4075
512,2.6521638694404386,4074,0,0,4076
512,2.6528164700606256,4075,0,0,4077
512,2.6534690706808126,4076,0,0,4078
512,2.6541216713009992,4077,0,0,4079
512,2.6547742719211858,4078,0,0,4080
512,2.6554268725413728,4079,0,0,4081
512,2.6560794731615598,4080,0,0,4082
512,2.6567320737817464,4081,0,0,4083
512,2.6573846744019329,4082,0,0,4084
512,2.6580372750221199,4083,0,0,4085
512,2.658689875642307,4084,0,0,4086
512,2.6593424762624935,4085,0,0,4087
512,2.6599950768826801,4086,0,0,4088
512,2.6606476775028671,4087,0,0,4089
512,2.6613002781230541,4088,0,0,4090
512,2.6619528787432407,4089,0,0,4091
512,2.6626054793634273,4090,0,0,4092
512,2.6632580799836143,4091,0,0,4093
512,2.6639106806038013,4092,0,0,4094
512,2.6645632812239879,4093,0,0,4095
512,2.6652158818441745,4094,0,0,4096
512,2.6658684824643615,4095,0,0,4097
512,2.6665210830845485,4096,0,0,4098
512,2.6671736837047351,4097,0,0,4099
512,2.6678262843249216,4098,0,0,4100
512,2.6684788849451087,4099,0,0,4101
512,2.6691314855652957,4100,0,0,4102
512,2.6697840861854822,4101,0,0,4103
512,2.6704366868056688,4102,0,0,4104
512,2.6710892874258558,4103,0,0,4105
512,2.6717418880460428,4104,0,0,4106
512,2.6723944886662294,4105,0,0,4107
512,2.673047089286416,4106,0,0,4108
512,2.673699689906603,4107,0,0,4109
512,2.67435229052679,4108,0,0,4110
512,2.6750048911469766,4109,0,0,4111
512,2.6756574917671632,4110,0,0,4112
512,2.6763100923873502,4111,0,0,4113
512,2.6769626930075372,4112,0,0,4114
512,2.6776152936277238,4113,0,0,4115
512,2.6782678942479103,4114,0,0,4116
512,2.6789204948680974,4115,0,0,4117
512,2.6795730954882844,4116,0,0,4118
512,2.6802256961084709,4117,0,0,4119
512,2.6808782967286575,4118,0,0,4120
512,2.6815308973488445,4119,0,0,4121
512,2.6821834979690315,4120,0,0,4122
512,2.6828360985892181,4121,0,0,4123
512,2.6834886992094047,4122,0,0,4124
512,2.6841412998295917,4123,0,0,4125
512,2.6847939004497787,4124,0,0,4126
512,2.6854465010699653,4125,0,0,4127
512,2.6860991016901519,4126,0,0,4128
512,2.6867517023103389,4127,0,0,4129
512,2.6874043029305259,4128,0,0,4130
512,2.6880569035507125,4129,0,0,4131
512,2.688709504170899,4130,0,0,4132
512,2.6893621047910861,4131,0,0,4133
512,2.6900147054112731,4132,0,0,4134
512,2.6906673060314596,4133,0,0,4135
512,2.6913199066516462,4134,0,0,4136
512,2.6919725072718332,4135,0,0,4137
512,2.6926251078920203,4136,0,0,4138
512,2.6932777085122068,4137,0,0,4139
512,2.6939303091323934,4138,0,0,4140
512,2.6945829097525804,4139,0,0,4141
512,2.6952355103727674,4140,0,0,4142
512,2.695888110992954,4141,0,0,4143
512,2.6965407116131406,4142,0,0,4144
512,2.6971933122333276,4143,0,0,4145
512,2.6978459128535146,4144,0,0,4146
512,2.6984985134737012,4145,0,0,4147
512,2.6991511140938877,4146,0,0,4148
512,2.6998037147140748,4147,0,0,4149
512,2.7004563153342618,4148,0,0,4150
512,2.7011089159544484,4149,0,0,4151
512,2.7017615165746349,4150,0,0,4152
512,2.7024141171948219,4151,0,0,4153
512,2.703066717815009,4152,0,0,4154
512,2.7037193184351955,4153,0,0,4155
512,2.7043719190553821,4154,0,0,4156
512,2.7050245196755691,4155,0,0,4157
512,2.7056771202957561,4156,0,0,4158
512,2.7063297209159427,4157,0,0,4159
512,2.7069823215361293,4158,0,0,4160
512,2.7076349221563163,4159,0,0,4161
512,2.7082875227765033,4160,0,0,4162
512,2.7089401233966899,4161,0,0,4163
512,2.7095927240168765,4162,0,0,4164
512,2.7102453246370635,4163,0,0,4165
512,2.7108979252572505,4164,0,0,4166
512,2.7115505258774371,4165,0,0,4167
512,2.7122031264976236,4166,0,0,4168
512,2.7128557271178106,4167,0,0,4169
512,2.7135083277379977,4168,0,0,4170
512,2.7141609283581842,4169,0,0,4171
512,2.7148135289783708,4170,0,0,4172
512,2.7154661295985578,4171,0,0,4173
512,2.7161187302187448,4172,0,0,4174
512,2.7167713308389314,4173,0,0,4175
512,2.717423931459118,4174,0,0,4176
512,2.718076532079305,4175,0,0,4177
512,2.718729132699492,4176,0,0,4178
512,2.7193817333196786,4177,0,0,4179
512,2.7200343339398652,4178,0,0,4180
512,2.7206869345600522,4179,0,0,4181
512,2.7213395351802392,4180,0,0,4182
512,2.7219921358004258,4181,0,0,4183
512,2.7226447364206123,4182,0,0,4184
512,2.7232973370407993,4183,0,0,4185
512,2.7239499376609864,4184,0,0,4186
512,2.7246025382811729,4185,0,0,4187
512,2.7252551389013595,4186,0,0,4188
512,2.7259077395215465,4187,0,0,4189
512,2.7265603401417335,4188,0,0,4190
512,2.7272129407619201,4189,0,0,4191
512,2.7278655413821067,4190,0,0,4192
512,2.7285181420022937,4191,0,0,4193
512,2.7291707426224807,4192,0,0,4194
512,2.7298233432426673,4193,0,0,4195
512,2.7304759438628539,4194,0,0,4196
512,2.7311285444830409,4195,0,0,4197
512,2.7317811451032279,4196,0,0,4198
512,2.7324337457234145,4197,0,0,4199
512,2.733086346343601,4198,0,0,4200
512,2.7337389469637881,4199,0,0,4201
512,2.7343915475839751,4200,0,0,4202
512,2.7350441482041616,4201,0,0,4203
512,2.7356967488243482,4202,0,0,4204
512,2.7363493494445352,4203,0,0,4205
512,2.7370019500647222,4204,0,0,4206
512,2.7376545506849088,4205,0,0,4207
512,2.7383071513050954,4206,0,0,4208
512,2.7389597519252824,4207,0,0,4209
512,2.7396123525454694,4208,0,0,4210
512,2.740264953165656,4209,0,0,4211
512,2.7409175537858426,4210,0,0,4212
512,2.7415701544060296,4211,0,0,4213
512,2.7422227550262166,4212,0,0,4214
512,2.7428753556464032,4213,0,0,4215
512,2.7435279562665897,4214,0,0,4216
512,2.7441805568867768,4215,0,0,4217
512,2.7448331575069638,4216,0,0,4218
512,2.7454857581271503,4217,0,0,4219
512,2.7461383587473369,4218,0,0,4220
512,2.7467909593675239,4219,0,0,4221
512,2.7474435599877109,4220,0,0,4222
512,2.7480961606078975,4221,0,0,4223
512,2.7487487612280841,4222,0,0,4224
512,2.7494013618482711,4223,0,0,4225
512,2.7500539624684581,4224,0,0,4226
512,2.7507065630886447,4225,0,0,4227
512,2.7513591637088313,4226,0,0,4228
512,2.7520117643290183,4227,0,0,4229
512,2.7526643649492053,4228,0,0,4230
512,2.7533169655693919,4229,0,0,4231
512,2.7539695661895784,4230,0,0,4232
512,2.7546221668097655,4231,0,0,4233
512,2.7552747674299525,4232,0,0,4234
512,2.755927368050139,4233,0,0,4235
512,2.7565799686703256,4234,0,0,4236
512,2.7572325692905126,4235,0,0,4237
512,2.7578851699106997,4236,0,0,4238
512,2.7585377705308862,4237,0,0,4239
512,2.7591903711510728,4238,0,0,4240
512,2.7598429717712598,4239,0,0,4241
512,2.7604955723914468,4240,0,0,4242
512,2.7611481730116334,4241,0,0,4243
512,2.76180077363182,4242,0,0,4244
512,2.762453374252007,4243,0,0,4245
512,2.763105974872194,4244,0,0,4246
512,2.7637585754923806,4245,0,0,4247
512,2.7644111761125671,4246,0,0,4248
512,2.7650637767327542,4247,0,0,4249
512,2.7657163773529412,4248,0,0,4250
512,2.7663689779731278,4249,0,0,4251
512,2.7670215785933143,4250,0,0,4252
512,2.7676741792135013,4251,0,0,4253
512,2.7683267798336884,4252,0,0,4254
512,2.7689793804538749,4253,0,0,4255
512,2.7696319810740615,4254,0,0,4256
512,2.7702845816942485,4255,0,0,4257
512,2.7709371823144355,4256,0,0,4258
512,2.7715897829346221,4257,0,0,4259
512,2.7722423835548087,4258,0,0,4260
512,2.7728949841749957,4259,0,0,4261
512,2.7735475847951827,4260,0,0,4262
512,2.7742001854153693,4261,0,0,4263
512,2.7748527860355559,4262,0,0,4264
512,2.7755053866557429,4263,0,0,4265
512,2.7761579872759299,4264,0,0,4266
512,2.7768105878961165,4265,0,0,4267
512,2.777463188516303,4266,0,0,4268
512,2.77811578913649,4267,0,0,4269
512,2.7787683897566771,4268,0,0,4270
512,2.7794209903768636,4269,0,0,4271
512,2.7800735909970502,4270,0,0,4272
512,2.7807261916172372,4271,0,0,4273
512,2.7813787922374242,4272,0,0,4274
512,2.7820313928576108,4273,0,0,4275
512,2.7826839934777974,4274,0,0,4276
512,2.7833365940979844,4275,0,0,4277
512,2.7839891947181714,4276,0,0,4278
512,2.784641795338358,4277,0,0,4279
512,2.7852943959585446,4278,0,0,4280
512,2.7859469965787316,4279,0,0,4281
512,2.7865995971989186,4280,0,0,4282
512,2.7872521978191052,4281,0,0,4283
512,2.7879047984392917,4282,0,0,4284
512,2.7884764836187008,4283,0,0,4285
512,2.7890560001019371,4284,0,0,4286
512,2.7896419556572094,4285,0,0,4287
512,2.7902328490401946,4286,0,0,4288
512,2.7908304762509064,4287,0,0,4289
512,2.7914332702674742,4288,0,0,4290
512,2.7920395689004178,4289,0,0,4291
512,2.7926494235370733,4290,0,0,4292
512,2.7932647071467556,4291,0,0,4293
512,2.7938818274239292,4292,0,0,4294
512,2.7945026652931344,4293,0,0,4295
512,2.7951253844892157,4294,0,0,4296
512,2.7957519123653953,4295,0,0,4297
512,2.7963803680196557,4296,0,0,4298
512,2.7970107693570561,4297,0,0,4299
512,2.7976431345615511,4298,0,0,4300
512,2.7982774821021104,4299,0,0,4301
512,2.798913830739012,4300,0,0,4302
512,2.7995501793759137,4301,0,0,4303
512,2.8001885546008309,4302,0,0,4304
512,2.8008289759001874,4303,0,0,4305
512,2.8014693971995439,4304,0,0,4306
512,2.8021118910597393,4305,0,0,4307
512,2.8027543849199348,4306,0,0,4308
512,2.8033968787801302,4307,0,0,4309
512,2.8040414791775725,4308,0,0,4310
512,2.8046860795750148,4309,0,0,4311
512,2.8053306799724571,4310,0,0,4312
512,2.8059774218994589,4311,0,0,4313
512,2.8066241638264606,4312,0,0,4314
512,2.8072709057534624,4313,0,0,4315
512,2.8079176476804641,4314,0,0,4316
512,2.8085643896074659,4315,0,0,4317
512,2.809213323879983,4316,0,0,4318
512,2.8098622581525001,4317,0,0,4319
512,2.8105111924250172,4318,0,0,4320
512,2.8111601266975343,4319,0,0,4321
512,2.8118090609700515,4320,0,0,4322
512,2.8124579952425686,4321,0,0,4323
512,2.8131069295150857,4322,0,0,4324
512,2.8137558637876028,4323,0,0,4325
512,2.8144047980601199,4324,0,0,4326
512,2.815053732332637,4325,0,0,4327
512,2.815704951584987,4326,0,0,4328
512,2.816356170837337,4327,0,0,4329
512,2.817007390089687,4328,0,0,4330
512,2.817658609342037,4329,0,0,4331
512,2.8183098285943871,4330,0,0,4332
512,2.8189610478467371,4331,0,0,4333
512,2.8196122670990871,4332,0,0,4334
512,2.8202634863514371,4333,0,0,4335
512,2.8209147056037871,4334,0,0,4336
512,2.8215659248561371,4335,0,0,4337
512,2.8222171441084871,4336,0,0,4338
512,2.8228683633608371,4337,0,0,4339
512,2.8235195826131871,4338,0,0,4340
512,2.8241708018655372,4339,0,0,4341
512,2.8248220211178872,4340,0,0,4342
512,2.8254732403702372,4341,0,0,4343
512,2.8261244596225872,4342,0,0,4344
512,2.8267756788749372,4343,0,0,4345
512,2.8274268981272872,4344,0,0,4346
512,2.8280781173796372,4345,0,0,4347
512,2.8287293366319872,4346,0,0,4348
512,2.8293805558843372,4347,0,0,4349
512,2.8300317751366872,4348,0,0,4350
512,2.8306829943890373,4349,0,0,4351
512,2.8313342136413873,4350,0,0,4352
512,2.8319854328937373,4351,0,0,4353
512,2.8326366521460873,4352,0,0,4354
512,2.8332878713984373,4353,0,0,4355
512,2.8339390906507873,4354,0,0,4356
512,2.8345903099031373,4355,0,0,4357
512,2.8352415291554873,4356,0,0,4358
512,2.8358927484078373,4357,0,0,4359
512,2.8365439676601873,4358,0,0,4360
512,2.8371951869125374,4359,0,0,4361
512,2.8378464061648874,4360,0,0,4362
512,2.8384976254172374,4361,0,0,4363
512,2.8391488446695874,4362,0,0,4364
512,2.8398000639219374,4363,0,0,4365
512,2.8404512831742874,4364,0,0,4366
512,2.8411025024266374,4365,0,0,4367
512,2.8417537216789874,4366,0,0,4368
512,2.8424049409313374,4367,0,0,4369
512,2.8430561601836875,4368,0,0,4370
512,2.8437073794360375,4369,0,0,4371
512,2.8443585986883875,4370,0,0,4372
512,2.8450098179407375,4371,0,0,4373
512,2.8456610371930875,4372,0,0,4374
512,2.8463122564454375,4373,0,0,4375
512,2.8469634756977875,4374,0,0,4376
512,2.8476146949501375,4375,0,0,4377
512,2.8482659142024875,4376,0,0,4378
512,2.8489171334548375,4377,0,0,4379
512,2.8495683527071876,4378,0,0,4380
512,2.8502195719595376,4379,0,0,4381
512,2.8508707912118876,4380,0,0,4382
512,2.8515220104642376,4381,0,0,4383
512,2.8521732297165876,4382,0,0,4384
512,2.8528244489689376,4383,0,0,4385
512,2.8534756682212876,4384,0,0,4386
512,2.8541268874736376,4385,0,0,4387
512,2.8547781067259876,4386,0,0,4388
512,2.8554293259783377,4387,0,0,4389
512,2.8560805452306877,4388,0,0,4390
512,2.8567317644830377,4389,0,0,4391
512,2.8573829837353877,4390,0,0,4392
512,2.8580342029877377,4391,0,0,4393
512,2.8586854222400877,4392,0,0,4394
512,2.8593366414924377,4393,0,0,4395
512,2.8599878607447877,4394,0,0,4396
512,2.8606390799971377,4395,0,0,4397
512,2.8612902992494877,4396,0,0,4398
512,2.8619415185018378,4397,0,0,4399
512,2.8625927377541878,4398,0,0,4400
512,2.8632439570065378,4399,0,0,4401
512,2.8638951762588878,4400,0,0,4402
512,2.8645463955112378,4401,0,0,4403
512,2.8651976147635878,4402,0,0,4404
512,2.8658488340159378,4403,0,0,4405
512,2.8665000532682878,4404,0,0,4406
512,2.8671512725206378,4405,0,0,4407
512,2.8678024917729878,4406,0,0,4408
512,2.8684537110253379,4407,0,0,4409
512,2.8691049302776879,4408,0,0,4410
512,2.8697561495300379,4409,0,0,4411
512,2.8704073687823879,4410,0,0,4412
512,2.8710585880347379,4411,0,0,4413
512,2.8717098072870879,4412,0,0,4414
512,2.8723610265394379,4413,0,0,4415
512,2.8730122457917879,4414,0,0,4416
512,2.8736634650441379,4415,0,0,4417
512,2.874314684296488,4416,0,0,4418
512,2.874965903548838,4417,0,0,4419
512,2.875617122801188,4418,0,0,4420
512,2.876268342053538,4419,0,0,4421
512,2.876919561305888,4420,0,0,4422
512,2.877570780558238,4421,0,0,4423
512,2.878091755960118,4422,0,0,4424
512,2.8786241063707725,4423,0,0,4425
512,2.8791683928892891,4424,0,0,4426
512,2.8797226663164026,4425,0,0,4427
512,2.8802847099317463,4426,0,0,4428
512,2.8808547827415953,4427,0,0,4429
512,2.8814331575826557,4428,0,0,4430
512,2.8820172306980121,4429,0,0,4431
512,2.8826071445445218,4430,0,0,4432
512,2.8832030473640926,4431,0,0,4433
512,2.8838050935117003,4432,0,0,4434
512,2.884410275316327,4433,0,0,4435
512,2.8850186422883461,4434,0,0,4436
512,2.8856302452548976,4435,0,0,4437
512,2.8862484601454117,4436,0,0,4438
512,2.8868666750359258,4437,0,0,4439
512,2.8874882867115526,4438,0,0,4440
512,2.8881133517853774,4439,0,0,4441
512,2.8887419284607403,4440,0,0,4442
512,2.8893705051361032,4441,0,0,4443
512,2.8900026736781825,4442,0,0,4444
512,2.8906348422202619,4443,0,0,4445
512,2.8912706861608419,4444,0,0,4446
512,2.891906530101422,4445,0,0,4447
512,2.892542374042002,4446,0,0,4448
512,2.8931820027679422,4447,0,0,4449
512,2.8938216314938825,4448,0,0,4450
512,2.8944612602198228,4449,0,0,4451
512,2.8951047891209214,4450,0,0,4452
512,2.89574831802202,4451,0,0,4453
512,2.8963918469231187,4452,0,0,4454
512,2.8970353758242173,4453,0,0,4455
512,2.897678904725316,4454,0,0,4456
512,2.8983224336264146,4455,0,0,4457
512,2.8989659625275133,4456,0,0,4458
512,2.8996136166138755,4457,0,0,4459
512,2.9002612707002378,4458,0,0,4460
512,2.9009089247866,4459,0,0,4461
512,2.9015565788729623,4460,0,0,4462
512,2.9022042329593245,4461,0,0,4463
512,2.9028518870456868,4462,0,0,4464
512,2.903499541132049,4463,0,0,4465
512,2.9041471952184112,4464,0,0,4466
512,2.9047948493047735,4465,0,0,4467
512,2.9054425033911357,4466,0,0,4468
512,2.906090157477498,4467,0,0,4469
512,2.9067378115638602,4468,0,0,4470
512,2.9073854656502225,4469,0,0,4471
512,2.9080331197365847,4470,0,0,4472
512,2.908680773822947,4471,0,0,4473
512,2.9093284279093092,4472,0,0,4474
512,2.9099760819956715,4473,0,0,4475
512,2.9106237360820337,4474,0,0,4476
512,2.911271390168396,4475,0,0,4477
512,2.9119190442547582,4476,0,0,4478
512,2.9125666983411205,4477,0,0,4479
512,2.9132143524274827,4478,0,0,4480
512,2.913862006513845,4479,0,0,4481
512,2.9145096606002072,4480,0,0,4482
512,2.9151573146865695,4481,0,0,4483
512,2.9158049687729317,4482,0,0,4484
512,2.916452622859294,4483,0,0,4485
512,2.9171002769456562,4484,0,0,4486
512,2.9177479310320185,4485,0,0,4487
512,2.9183955851183807,4486,0,0,4488
512,2.919043239204743,4487,0,0,4489
512,2.9196908932911052,4488,0,0,4490
512,2.9203385473774675,4489,0,0,4491
512,2.9209862014638297,4490,0,0,4492
512,2.9216338555501919,4491,0,0,4493
512,2.9222815096365542,4492,0,0,4494
512,2.9229291637229164,4493,0,0,4495
512,2.9235768178092787,4494,0,0,4496
512,2.9242244718956409,4495,0,0,4497
512,2.9248721259820032,4496,0,0,4498
512,2.9255197800683654,4497,0,0,4499
512,2.9261674341547277,4498,0,0,4500
512,2.9266596512603629,4499,0,0,4501
512,2.9271654467689121,4500,0,0,4502
512,2.9276856935777058,4501,0,0,4503
512,2.928217416419046,4502,0,0,4504
512,2.9287571350925869,4503,0,0,4505
512,2.929309405363187,4504,0,0,4506
512,2.9298704418285584,4505,0,0,4507
512,2.9304406008380823,4506,0,0,4508
512,2.9310154719055364,4507,0,0,4509
512,2.9316000865504046,4508,0,0,4510
512,2.9321897409766944,4509,0,0,4511
512,2.932784567810232,4510,0,0,4512
512,2.9333847055976405,4511,0,0,4513
512,2.9339902991831166,4512,0,0,4514
512,2.9345958927685927,4513,0,0,4515
512,2.9352071461072038,4514,0,0,4516
512,2.9358242209061829,4515,0,0,4517
512,2.936441295705162,4516,0,0,4518
512,2.9370644202570722,4517,0,0,4519
512,2.9376875448089823,4518,0,0,4520
512,2.9383106693608925,4519,0,0,4521
512,2.9389401523265977,4520,0,0,4522
512,2.9395696352923029,4521,0,0,4523
512,2.9401991182580081,4522,0,0,4524
512,2.9408352978510082,4523,0,0,4525
512,2.9414714774440083,4524,0,0,4526
512,2.9421076570370084,4525,0,0,4527
512,2.9427438366300085,4526,0,0,4528
512,2.9433800162230086,4527,0,0,4529
512,2.9440161958160087,4528,0,0,4530
512,2.9446523754090088,4529,0,0,4531
512,2.9452959524391367,4530,0,0,4532
512,2.9459395294692645,4531,0,0,4533
512,2.9465831064993924,4532,0,0,4534
512,2.9472266835295202,4533,0,0,4535
512,2.9478702605596481,4534,0,0,4536
512,2.9485138375897759,4535,0,0,4537
512,2.9491574146199038,4536,0,0,4538
512,2.9498009916500316,4537,0,0,4539
512,2.9504445686801595,4538,0,0,4540
512,2.9510881457102873,4539,0,0,4541
512,2.9517317227404152,4540,0,0,4542
512,2.952375299770543,4541,0,0,4543
512,2.9530188768006709,4542,0,0,4544
512,2.9536624538307987,4543,0,0,4545
512,2.9543060308609266,4544,0,0,4546
512,2.9549496078910544,4545,0,0,4547
512,2.9555931849211823,4546,0,0,4548
512,2.9562367619513101,4547,0,0,4549
512,2.956880338981438,4548,0,0,4550
512,2.9575239160115658,4549,0,0,4551
512,2.9581674930416937,4550,0,0,4552
512,2.9588110700718215,4551,0,0,4553
512,2.9594546471019494,4552,0,0,4554
512,2.9600257084103725,4553,0,0,4555
512,2.9606050459696425,4554,0,0,4556
512,2.9611930303581553,4555,0,0,4557
512,2.9617810147466681,4556,0,0,4558
512,2.9623781863912515,4557,0,0,4559
512,2.9629753580358349,4558,0,0,4560
512,2.9635823193795097,4559,0,0,4561
512,2.9641892807231844,4560,0,0,4562
512,2.9648067069176123,4561,0,0,4563
512,2.9654241331120401,4562,0,0,4564
512,2.966041559306468,4563,0,0,4565
512,2.9666589855008958,4564,0,0,4566
512,2.9672764116953236,4565,0,0,4567
512,2.9679057114704137,4566,0,0,4568
512,2.9685350112455038,4567,0,0,4569
512,2.9691643110205939,4568,0,0,4570
512,2.9697936107956839,4569,0,0,4571
512,2.970422910570774,4570,0,0,4572
512,2.9710522103458641,4571,0,0,4573
512,2.9716815101209542,4572,0,0,4574
512,2.9722971294661509,4573,0,0,4575
512,2.9728624941709234,4574,0,0,4576
512,2.9734278588756959,4575,0,0,4577
512,2.9740055141175286,4576,0,0,4578
512,2.9745831693593612,4577,0,0,4579
512,2.9751742584440271,4578,0,0,4580
512,2.9757653475286929,4579,0,0,4581
512,2.9763564366133588,4580,0,0,4582
512,2.9769626818284007,4581,0,0,4583
512,2.9775689270434427,4582,0,0,4584
512,2.9781751722584846,4583,0,0,4585
512,2.9787814174735265,4584,0,0,4586
512,2.9793876626885685,4585,0,0,4587
512,2.9800122789707331,4586,0,0,4588
512,2.9806368952528977,4587,0,0,4589
512,2.9812615115350622,4588,0,0,4590
512,2.9818861278172268,4589,0,0,4591
512,2.9825107440993914,4590,0,0,4592
512,2.983135360381556,4591,0,0,4593
512,2.9837599766637206,4592,0,0,4594
512,2.9843845929458852,4593,0,0,4595
512,2.9850092092280498,4594,0,0,4596
512,2.9856338255102144,4595,0,0,4597
512,2.986258441792379,4596,0,0,4598
512,2.9868830580745436,4597,0,0,4599
512,2.9875076743567082,4598,0,0,4600
512,2.9881322906388728,4599,0,0,4601
512,2.9887569069210373,4600,0,0,4602
512,2.9893815232032019,4601,0,0,4603
512,2.9900061394853665,4602,0,0,4604
512,2.9906307557675311,4603,0,0,4605
512,2.9912553720496957,4604,0,0,4606
512,2.9918799883318603,4605,0,0,4607
512,2.9925046046140249,4606,0,0,4608
512,2.9931292208961895,4607,0,0,4609
512,2.9937538371783541,4608,0,0,4610
512,2.9943784534605187,4609,0,0,4611
512,2.9950030697426833,4610,0,0,4612
512,2.9956276860248479,4611,0,0,4613
512,2.9962523023070124,4612,0,0,4614
512,2.996876918589177,4613,0,0,4615
512,2.9975015348713416,4614,0,0,4616
512,2.9981261511535062,4615,0,0,4617
512,2.9987507674356708,4616,0,0,4618
512,2.9993753837178354,4617,0,0,4619
512,3,4618,0,0,4620
