tau,u_star,delta_fraction,capillary_number
0.0,0.0,1.0,0.0
1.40582e-05,0.00250907,0.0,2.2904570622658116e-05
2.81164e-05,0.00456264,0.000209889,4.165101416292285e-05
4.21746e-05,0.00656038,0.000284718,5.988780186342903e-05
5.62328e-05,0.00866106,0.000293083,7.906429889842823e-05
7.0291e-05,0.010433,0.000251283,9.523982404085663e-05
8.43492e-05,0.0117604,0.000185696,0.00010735727275472927
9.84074e-05,0.0125819,0.000121404,0.00011485650743790415
0.000112466,0.0128887,0.000104613,0.00011765719544861389
0.000126524,0.0127174,0.000117197,0.00011609344754693666
0.000140582,0.0121397,0.000130758,0.00011081979218909108
0.00015464,0.0112507,0.000122886,0.00010270436962872288
0.000168698,0.0101555,0.000133339,9.270660721239524e-05
0.000182757,0.00935366,0.000136952,8.538684295389619e-05
0.000196815,0.00895151,0.0001346,8.171573251221782e-05
0.000210873,0.00847069,0.000127695,7.732646651055725e-05
0.000224931,0.00792311,0.000117865,7.232776787657928e-05
0.000238989,0.00752389,0.000123933,6.868340455312573e-05
0.000253047,0.00767935,0.000132177,7.010255369962162e-05
0.000267106,0.0078026,0.000135993,7.122766711983015e-05
0.000281164,0.00788813,0.0001355,7.200844562555377e-05
0.000295222,0.00793324,0.000131372,7.242024170170473e-05
0.00030928,0.0079387,0.00012454,7.24700844544377e-05
0.000323338,0.00790845,0.000115993,7.219394099836218e-05
0.000337397,0.00784871,0.000106647,7.164859190527287e-05
0.000351455,0.00776656,9.94125e-05,7.089866843695537e-05
0.000365513,0.00766882,9.52085e-05,7.000642839077947e-05
0.000379571,0.0075612,8.88143e-05,6.902399669680103e-05
0.000393629,0.00744792,8.09935e-05,6.798989650823127e-05
0.000407688,0.00733184,7.24407e-05,6.693023593364462e-05
0.000421746,0.00721478,6.37645e-05,6.586162922395203e-05
0.000435804,0.0070979,5.91977e-05,6.479466568193197e-05
0.000449862,0.00698211,6.36653e-05,6.373765243303992e-05
0.00046392,0.00686825,6.89225e-05,6.269825759308095e-05
0.000477979,0.00675722,7.23417e-05,6.168469700041764e-05
0.000492037,0.00664985,7.36811e-05,6.070454748376214e-05
0.000506095,0.00654474,7.29307e-05,5.974502885010601e-05
0.000520153,0.00644562,7.03751e-05,5.884019118510748e-05
0.000534211,0.00635154,6.62601e-05,5.798136221493938e-05
0.00054827,0.00626113,6.10757e-05,5.715603560787201e-05
0.000562328,0.00617288,5.5355e-05,5.635042701287483e-05
0.000576386,0.00608501,4.95818e-05,5.554828732740851e-05
0.000590444,0.00599561,5.08055e-05,5.4732180716725815e-05
0.000604502,0.00590287,5.50524e-05,5.388558421700866e-05
0.00061856,0.00580533,5.82798e-05,5.29951699126911e-05
0.000632619,0.00570202,6.03602e-05,5.205208295576012e-05
0.000646677,0.00559254,6.12082e-05,5.1052671862499024e-05
0.000660735,0.00547706,6.07927e-05,4.999848851348741e-05
0.000674793,0.00535618,5.91283e-05,4.8895010134300346e-05
0.000688851,0.00523087,5.88512e-05,4.7751091572950805e-05
0.00070291,0.00510231,5.80121e-05,4.6577504706403066e-05
0.000716968,0.00497176,5.65102e-05,4.5385751708364744e-05
0.000731026,0.00484114,5.45381e-05,4.419335970067599e-05
0.000745084,0.00471074,5.22726e-05,4.3002976009031434e-05
0.000759142,0.00458147,5.18524e-05,4.182290775888655e-05
0.000773201,0.00445396,5.16634e-05,4.065890603709516e-05
0.000787259,0.00432861,5.31345e-05,3.951462232737395e-05
0.000801317,0.00420392,5.52044e-05,3.83763635657853e-05
0.000815375,0.00408198,5.79356e-05,3.726320875474896e-05
0.000829433,0.00396251,6.18841e-05,3.617260185566326e-05
0.000843492,0.00384508,6.70984e-05,3.5100617523532735e-05
0.00085755,0.00372909,7.22042e-05,3.404177853278233e-05
0.000871608,0.00361392,7.71036e-05,3.299042508365116e-05
0.000885666,0.00349909,8.17091e-05,3.1942175395679195e-05
0.000899724,0.00340014,8.59356e-05,3.103888961126026e-05
0.000913783,0.00330513,9.00341e-05,3.0171570941450824e-05
0.000927841,0.00320956,9.29284e-05,2.9299140194438017e-05
0.000941899,0.00311262,9.57864e-05,2.84142031156955e-05
0.000955957,0.00301387,9.75638e-05,2.7512743073134918e-05
0.000970015,0.00291324,9.84859e-05,2.6594121057105834e-05
0.000984074,0.0028107,9.85041e-05,2.5658063206329507e-05
0.000998132,0.00270636,9.75799e-05,2.4705573678828022e-05
0.00101219,0.00260049,9.57064e-05,2.3739117226110157e-05
0.00102625,0.00249351,9.29111e-05,2.2762527906078443e-05
0.00104031,0.00238641,8.92561e-05,2.1784843140931723e-05
0.00105436,0.00227927,8.44407e-05,2.080679322741333e-05
0.00106842,0.00217265,7.93304e-05,1.983349024272665e-05
0.00108248,0.00206724,7.38003e-05,1.8871232996282993e-05
0.00109654,0.0019638,6.7932e-05,1.7926959307144085e-05
0.0011106,0.00186304,6.18399e-05,1.700715055890708e-05
0.00112466,0.00181045,5.56521e-05,1.6527071737253798e-05
0.00113871,0.00176834,4.95e-05,1.614266178897809e-05
0.00115277,0.00172502,4.34992e-05,1.5747206102459362e-05
0.00116683,0.00168035,3.81289e-05,1.5339426658396764e-05
0.00118089,0.00163423,3.41596e-05,1.4918410585861126e-05
0.00119495,0.00158663,3.16719e-05,1.4483884023573694e-05
0.001209,0.00156594,3.02113e-05,1.4295011028327331e-05
0.00122306,0.0015811,2.84553e-05,1.4433402261190302e-05
0.00123712,0.00159422,2.6394e-05,1.4553170927098097e-05
0.00125118,0.00160569,2.40218e-05,1.4657877222674502e-05
0.00126524,0.00161592,2.13397e-05,1.4751263918729134e-05
0.0012793,0.00162526,1.83553e-05,1.4836526063514104e-05
0.00129335,0.00163402,1.68623e-05,1.4916493556909858e-05
0.00130741,0.00164244,1.54835e-05,1.4993357289146416e-05
0.00132147,0.00165063,1.61186e-05,1.5068121418245872e-05
0.00133553,0.00165863,1.78489e-05,1.5141151092579892e-05
0.00134959,0.00166635,1.92635e-05,1.5211624728312226e-05
0.00136364,0.00167357,2.03671e-05,1.527753400939868e-05
0.0013777,0.00167997,2.26827e-05,1.5335957748865897e-05
0.00139176,0.00168511,2.48641e-05,1.5382879314625507e-05
0.00140582,0.0016885,2.67822e-05,1.541382563912455e-05
0.00141988,0.00168958,2.84351e-05,1.542368464515964e-05
0.00143394,0.0016878,2.9825e-05,1.540743554262032e-05
0.00144799,0.00168263,3.09587e-05,1.536024011558196e-05
0.00146205,0.00167358,3.18451e-05,1.5277625296491597e-05
0.00147611,0.00166027,3.39976e-05,1.5156122175818369e-05
0.00149017,0.00164241,3.62986e-05,1.4993083427867664e-05
0.00150423,0.00161984,3.81728e-05,1.4787048459152804e-05
0.00151828,0.00159252,3.96144e-05,1.4537652121302118e-05
0.00153234,0.00156053,4.06308e-05,1.4245624711058948e-05
0.0015464,0.00152408,4.12392e-05,1.3912883257374558e-05
0.00156046,0.00148346,4.14677e-05,1.3542075085943561e-05
0.00157452,0.00143906,4.13505e-05,1.313676039338974e-05
0.00158858,0.00139132,4.09295e-05,1.270095581180146e-05
0.00160263,0.00134072,4.02485e-05,1.2239043121638773e-05
0.00161669,0.00128777,4.02535e-05,1.1755677964640462e-05
0.00163075,0.00123297,4.0663e-05,1.125542469545241e-05
0.00164481,0.00117682,4.09491e-05,1.0742847668720493e-05
0.00165887,0.00111977,4.11106e-05,1.0222054803625998e-05
0.00167292,0.00106226,4.11473e-05,9.697062732257296e-06
0.00168698,0.00100468,4.10556e-05,9.171431651238171e-06
0.00170104,0.000947363,4.08332e-05,8.648201420762777e-06
0.0017151,0.000901488,4.04756e-05,8.22942188200362e-06
0.00172916,0.000866794,3.99806e-05,7.912710441835549e-06
0.00174322,0.000842606,3.93449e-05,7.691905221486632e-06
0.00175727,0.000827514,3.85687e-05,7.5541347408555e-06
0.00177133,0.000812125,3.76526e-05,7.413653033564717e-06
0.00178539,0.000796406,3.66012e-05,7.270158852207656e-06
0.00179945,0.000780309,3.54207e-05,7.123214018738311e-06
0.00181351,0.000763771,3.50792e-05,6.9722434244713034e-06
0.00182757,0.000746727,3.47752e-05,6.816653703302669e-06
0.00184162,0.000729113,3.4278e-05,6.655860617837736e-06
0.00185568,0.000720015,3.35966e-05,6.572807620701369e-06
0.00186974,0.000709785,3.27397e-05,6.479420924646739e-06
0.0018838,0.000698297,3.17165e-05,6.374550312303082e-06
0.00189786,0.00068554,3.0536e-05,6.258095367868193e-06
0.00191191,0.000671517,2.92081e-05,6.130083477469943e-06
0.00192597,0.000656572,2.77429e-05,5.993654917104699e-06
0.00194003,0.000651901,2.61487e-05,5.951014716002921e-06
0.00195409,0.000646555,2.44385e-05,5.902212636129211e-06
0.00196815,0.000640516,2.2624e-05,5.847084360716317e-06
0.00198221,0.0006338,2.07184e-05,5.785775949112905e-06
0.00199626,0.000626423,1.87357e-05,5.718433460667644e-06
0.00201032,0.000618408,1.79621e-05,5.645266855694246e-06
0.00202438,0.000609785,1.78102e-05,5.566549995471461e-06
0.00203844,0.000600596,1.75476e-05,5.482666285789545e-06
0.0020525,0.000590888,1.83404e-05,5.39404477598521e-06
0.00206655,0.000580719,2.13905e-05,5.301214931197376e-06
0.00208061,0.000570154,2.42807e-05,5.204770117530008e-06
0.00209467,0.000559277,2.70031e-05,5.105477146563613e-06
0.00210873,0.000548182,2.95536e-05,5.004194116971616e-06
0.00212279,0.000536971,3.19309e-05,4.901852157101776e-06
0.00213685,0.000525754,3.4136e-05,4.799455424976185e-06
0.0021509,0.000514643,3.61711e-05,4.69802633603552e-06
0.00216496,0.000503757,3.80404e-05,4.598651206685499e-06
0.00217902,0.000493217,3.97483e-05,4.502434610750425e-06
0.00219308,0.000499002,4.13005e-05,4.555244194003215e-06
0.00220714,0.000522883,4.2702e-05,4.773246900599563e-06
0.00222119,0.000545064,4.39583e-05,4.9757308013999316e-06
0.00223525,0.000565341,4.50738e-05,5.160833639708802e-06
0.00224931,0.000583529,4.60532e-05,5.3268666043072e-06
0.00226337,0.000599468,4.68999e-05,5.472369101708449e-06
0.00227743,0.000613024,4.76175e-05,5.596117884867449e-06
0.00229149,0.000624094,4.82084e-05,5.697172696727152e-06
0.00230554,0.000632601,4.86751e-05,5.774830626672093e-06
0.0023196,0.000638503,4.90196e-05,5.828708268912018e-06
0.00233366,0.000641787,4.92438e-05,5.858686950226134e-06
0.00234772,0.000642475,4.93494e-05,5.8649675022188596e-06
0.00236178,0.000640615,4.93382e-05,5.847988102936199e-06
0.00237583,0.00064009,4.92118e-05,5.843195530558029e-06
0.00238989,0.000639792,4.89723e-05,5.840475175189087e-06
0.00240395,0.00063739,4.86219e-05,5.818548015470298e-06
0.00241801,0.000632958,4.81632e-05,5.778089575889249e-06
0.00243207,0.000626589,4.7599e-05,5.719948826410075e-06
0.00244613,0.000618383,4.69325e-05,5.645038637961952e-06
0.00246018,0.00060845,4.61674e-05,5.554363168566972e-06
0.00247424,0.000596904,4.53073e-05,5.448963091084394e-06
0.0024883,0.000583861,4.43566e-05,5.329897335792063e-06
0.00250236,0.000569436,4.33197e-05,5.1982157042585295e-06
0.00251642,0.00055374,4.22014e-05,5.054931483215178e-06
0.00253047,0.000536879,4.10066e-05,4.901012315846934e-06
0.00254453,0.000524091,3.97409e-05,4.7842743814239995e-06
0.00255859,0.000532408,3.84098e-05,4.860197856603507e-06
0.00257265,0.000540357,3.70195e-05,4.93276196676365e-06
0.00258671,0.000547859,3.55764e-05,5.00124554387038e-06
0.00260077,0.00055485,3.40875e-05,5.065064350529023e-06
0.00261482,0.000561276,3.27177e-05,5.123725436437826e-06
0.00262888,0.000567101,3.13601e-05,5.176900168062287e-06
0.00264294,0.000572299,2.99904e-05,5.224351198960817e-06
0.002657,0.000576859,2.86159e-05,5.26597811333121e-06
0.00267106,0.000580784,2.7243e-05,5.301808297301339e-06
0.00268511,0.000584084,2.58785e-05,5.331933037964124e-06
0.00269917,0.000586783,2.45281e-05,5.356571424342565e-06
0.00271323,0.00058891,2.31975e-05,5.3759881890061225e-06
0.00272729,0.000590503,2.18914e-05,5.3905302229078855e-06
0.00274135,0.000591604,2.06144e-05,5.400580931838105e-06
0.00275541,0.000592258,1.94283e-05,5.406551107714911e-06
0.00276946,0.000592513,1.87328e-05,5.4088789285843085e-06
0.00278352,0.000592414,1.80333e-05,5.407975186364424e-06
0.00279758,0.000592004,1.73285e-05,5.404232415554806e-06
0.00281164,0.000591324,1.66174e-05,5.398024893236413e-06
0.0028257,0.000589865,1.74348e-05,5.384706106379746e-06
0.00283975,0.000588288,1.90371e-05,5.370310131826652e-06
0.00285381,0.0005866,2.05957e-05,5.354900870542173e-06
0.00286787,0.000584798,2.2098e-05,5.3384509363984355e-06
0.00288193,0.000582869,2.35332e-05,5.320841656174644e-06
0.00289599,0.000580793,2.48909e-05,5.301890455684966e-06
0.00291005,0.000578551,2.61623e-05,5.281423889452856e-06
0.0029241,0.000576116,2.73396e-05,5.259195482327437e-06
0.00293816,0.000573462,2.84166e-05,5.234967887867125e-06
0.00295222,0.000570565,2.9388e-05,5.208522017048918e-06
0.00296628,0.000567965,3.02506e-05,5.1847873728903615e-06
0.00298034,0.000564974,3.10046e-05,5.157483403398728e-06
0.0029944,0.000561576,3.16463e-05,5.126464049225353e-06
0.00300845,0.000557755,3.21751e-05,5.091583251021565e-06
0.00302251,0.000553493,3.25909e-05,5.052676692020114e-06
0.00303657,0.000548778,3.28944e-05,5.009634827709501e-06
0.00305063,0.000543602,3.30872e-05,4.962384628415388e-06
0.00306469,0.000537959,3.31714e-05,4.910871321882027e-06
0.00307874,0.00053185,3.31495e-05,4.85510403681871e-06
0.0030928,0.000525283,3.30243e-05,4.795155802899769e-06
0.00310686,0.000518273,3.27991e-05,4.731163550764583e-06
0.00312092,0.000510843,3.24773e-05,4.663337240726859e-06
0.00313498,0.000503023,3.20626e-05,4.5919507340653525e-06
0.00314904,0.000494851,3.15593e-05,4.51735092173315e-06
0.00316309,0.000486375,3.09712e-05,4.439975981776252e-06
0.00317715,0.000477644,3.03028e-05,4.3602732209499596e-06
0.00319121,0.000468718,2.9558e-05,4.278790361811774e-06
0.00320527,0.000459659,2.87412e-05,4.196093384337786e-06
0.00321933,0.000450532,2.78562e-05,4.112775654631958e-06
0.00323338,0.000441406,2.69072e-05,4.029467053635422e-06
0.00324744,0.000432352,2.58978e-05,3.9468157197078925e-06
0.0032615,0.00042344,2.48321e-05,3.865460662499792e-06
0.00327556,0.000414739,2.37137e-05,3.7860317629522514e-06
0.00328962,0.000406315,2.25469e-05,3.709131515878526e-06
0.00330368,0.000398233,2.13354e-05,3.6353532873825802e-06
0.00331773,0.00039179,2.00836e-05,3.576537013415817e-06
0.00333179,0.000385267,1.87957e-05,3.5169904427057138e-06
0.00334585,0.000378358,1.74761e-05,3.453920190208994e-06
0.00335991,0.000371148,1.61293e-05,3.3881021962154565e-06
0.00337397,0.000364635,1.476e-05,3.3286469125982705e-06
0.00338802,0.00036471,1.33731e-05,3.3293315657951523e-06
0.00340208,0.000365348,1.19732e-05,3.3351556823232903e-06
0.00341614,0.000365591,1.05654e-05,3.3373739586811862e-06
0.0034302,0.000365436,9.15447e-06,3.335959008740965e-06
0.00344426,0.000364881,8.40981e-06,3.3308925750840418e-06
0.00345832,0.000363926,8.09221e-06,3.322174657710418e-06
0.00347237,0.000362573,7.71925e-06,3.3098235140386764e-06
0.00348643,0.000360826,7.29221e-06,3.2938756589059847e-06
0.00350049,0.000358688,6.81264e-06,3.274358478440217e-06
0.00351455,0.000356166,6.28337e-06,3.2513358736064164e-06
0.00352861,0.000353267,5.70738e-06,3.224871745369625e-06
0.00354266,0.00035,5.27368e-06,3.195048252113469e-06
0.00355672,0.000346374,5.44624e-06,3.161947552221573e-06
0.00357078,0.000342404,5.57823e-06,3.125706576333315e-06
0.00358484,0.000338104,5.82875e-06,3.086453126378778e-06
0.0035989,0.000333486,6.31137e-06,3.0442967468694637e-06
0.00361296,0.000328566,7.35504e-06,2.9993834971540403e-06
0.00362701,0.000323363,8.34705e-06,2.9518868227090503e-06
0.00364107,0.000319383,9.2856e-06,2.9155545597278746e-06
0.00365513,0.000317081,1.01695e-05,2.8945402709382594e-06
0.00366919,0.000314546,1.09977e-05,2.8713989928836666e-06
0.00368325,0.00031177,1.17698e-05,2.8460576958897604e-06
0.0036973,0.000308748,1.24855e-05,2.8184707364100837e-06
0.00371136,0.000305478,1.31451e-05,2.788619857026052e-06
0.00372542,0.000301963,1.37493e-05,2.756532443865541e-06
0.00373948,0.000298208,1.42991e-05,2.7222541404750096e-06
0.00375354,0.000294221,1.4796e-05,2.6858579765287912e-06
0.0037676,0.000290009,1.52419e-05,2.6474078529919285e-06
0.00378165,0.000285582,1.56388e-05,2.606995056957339e-06
0.00379571,0.000282806,1.59891e-05,2.581653759963433e-06
0.00380977,0.000279747,1.62954e-05,2.5537290382399618e-06
0.00382383,0.000276242,1.65605e-05,2.521732912172368e-06
0.00383789,0.000272297,1.67872e-05,2.4857201540164035e-06
0.00385194,0.000273059,1.69784e-05,2.492676230496719e-06
0.003866,0.000273324,1.7137e-05,2.4950953384590333e-06
0.00388006,0.000273044,1.72658e-05,2.492539299857343e-06
0.00389412,0.000272224,1.73676e-05,2.4850537582381055e-06
0.00390818,0.000270874,1.7445e-05,2.4727300006942393e-06
0.00392224,0.000269005,1.75003e-05,2.4556684430279534e-06
0.00393629,0.000266634,1.75357e-05,2.434024273297208e-06
0.00395035,0.000263782,1.75532e-05,2.407989194397129e-06
0.00396441,0.000261763,1.75543e-05,2.3895583303370795e-06
0.00397847,0.000259442,1.75404e-05,2.3683705960709213e-06
0.00399253,0.000256689,1.75124e-05,2.343239259390726e-06
0.00400658,0.000253529,1.74711e-05,2.3143925380287877e-06
0.00402064,0.000249987,1.74168e-05,2.2820586497173996e-06
0.0040347,0.000246095,1.73497e-05,2.2465297131538975e-06
0.00404876,0.000241887,1.72695e-05,2.208116104454202e-06
0.00406282,0.000237399,1.7176e-05,2.1671464571528156e-06
0.00407688,0.000235866,1.70685e-05,2.1531521458085585e-06
0.00409093,0.000234246,1.69464e-05,2.138363636755919e-06
0.00410499,0.000232502,1.68088e-05,2.122443167751102e-06
0.00411905,0.000230668,1.66548e-05,2.1057011149100277e-06
0.00413311,0.000229253,1.64836e-05,2.0927839912621975e-06
0.00414717,0.000227635,1.62941e-05,2.0780137396281417e-06
0.00416123,0.000225746,1.60857e-05,2.0607696077760205e-06
0.00417528,0.000223598,1.58574e-05,2.0411611402173356e-06
0.00418934,0.000221806,1.56087e-05,2.0248024931665145e-06
0.0042034,0.000221294,1.53392e-05,2.020128594009137e-06
0.00421746,0.000223448,1.62553e-05,2.0397918338235725e-06
0.00423152,0.00022556,1.7231e-05,2.0590716678477543e-06
0.00424557,0.000227623,1.81801e-05,2.0779041951166404e-06
0.00425963,0.000229629,1.90998e-05,2.096216385955896e-06
0.00427369,0.000231571,1.99874e-05,2.1139443394004804e-06
0.00428775,0.000235525,2.08404e-05,2.1500392559400706e-06
0.00430181,0.000245076,2.16564e-05,2.2372275583856013e-06
0.00431587,0.000254122,2.24331e-05,2.319805862638797e-06
0.00432992,0.000262635,2.31686e-05,2.3975185648394883e-06
0.00434398,0.000270593,2.38611e-05,2.470164833383257e-06
0.00435804,0.000277975,2.4511e-05,2.537552965374976e-06
0.0043721,0.000284764,2.51687e-05,2.5995277727566852e-06
0.00438616,0.000290944,2.5773e-05,2.6559431961797174e-06
0.00440021,0.000296506,2.63224e-05,2.706717077260446e-06
0.00441427,0.000301439,2.68161e-05,2.751749000196663e-06
0.00442833,0.000305739,2.72533e-05,2.7910024501512e-06
0.00444239,0.000309403,2.76334e-05,2.8244500409961817e-06
0.00445645,0.000312431,2.79562e-05,2.852091772731609e-06
0.00447051,0.000314825,2.82218e-05,2.8739459027760655e-06
0.00448456,0.000316592,2.84305e-05,2.890076332094592e-06
0.00449862,0.00031774,2.8583e-05,2.9005560903615247e-06
0.00451268,0.00031828,2.86801e-05,2.905485593379071e-06
0.00452674,0.000318226,2.87229e-05,2.9049926430773166e-06
0.0045408,0.000317593,2.87129e-05,2.8992141700956373e-06
0.00455485,0.000316401,2.86517e-05,2.8883327486198678e-06
0.00456891,0.000314671,2.85412e-05,2.872540081545135e-06
0.00458297,0.000312425,2.83832e-05,2.852037000475859e-06
0.00459703,0.000309687,2.81799e-05,2.8270425944350394e-06
0.00461109,0.000306483,2.79723e-05,2.797794209864264e-06
0.00462515,0.00030284,2.77411e-05,2.7645383219144084e-06
0.0046392,0.000298784,2.74735e-05,2.7275122770270594e-06
0.00465326,0.000294342,2.71714e-05,2.6869625503530935e-06
0.00466732,0.000289542,2.68364e-05,2.64314474575268e-06
0.00468138,0.000284411,2.64706e-05,2.5963053383766964e-06
0.00469544,0.000278975,2.60755e-05,2.5466816746667283e-06
0.00470949,0.000273262,2.56532e-05,2.4945293584829447e-06
0.00472355,0.000267298,2.52052e-05,2.4400857362669315e-06
0.00473761,0.000261106,2.47336e-05,2.383560768332398e-06
0.00475167,0.000254712,2.42398e-05,2.325191801120931e-06
0.00476573,0.000248139,2.37256e-05,2.26518879494624e-06
0.00477979,0.000241409,2.31924e-05,2.203752581412744e-06
0.00479384,0.000234543,2.26419e-05,2.1410748634155697e-06
0.0048079,0.00022756,2.20753e-05,2.07732908643126e-06
0.00482196,0.000220477,2.14941e-05,2.012670438517775e-06
0.00483602,0.000213311,2.08994e-05,1.9472541077330744e-06
0.00485008,0.000206077,2.02927e-05,1.8812170247165353e-06
0.00486413,0.000198945,1.96751e-05,1.8161110700477544e-06
0.00487819,0.000192282,1.90477e-05,1.7552864800368057e-06
0.00489225,0.000187838,1.84116e-05,1.7147184959442566e-06
0.00490631,0.000186307,1.77682e-05,1.700742442018583e-06
0.00492037,0.000184754,1.71183e-05,1.686565556488491e-06
0.00493443,0.000183177,1.64632e-05,1.6721695819353968e-06
0.00494848,0.000181577,1.58039e-05,1.6575636470685925e-06
0.00496254,0.000179949,1.51414e-05,1.6427021083416187e-06
0.0049766,0.00017829,1.44767e-05,1.6275575796266011e-06
0.00499066,0.000176596,1.3811e-05,1.6120935460863718e-06
0.00500472,0.000174862,1.31451e-05,1.5962643641744725e-06
0.00501877,0.000174159,1.30642e-05,1.5898468815423704e-06
0.00503283,0.000176054,1.33847e-05,1.607145785650242e-06
0.00504689,0.000178011,1.36826e-05,1.625010669734202e-06
0.00506095,0.000181385,1.39561e-05,1.655810934884576e-06
0.00507501,0.000184382,1.42034e-05,1.683169676631959e-06
0.00508907,0.000186983,1.44231e-05,1.7069134494998078e-06
0.00510312,0.000189171,1.46137e-05,1.7268870654301628e-06
0.00511718,0.000190933,1.4774e-05,1.7429718512022314e-06
0.00513124,0.000192255,1.49029e-05,1.7550400048859285e-06
0.0051453,0.000193127,1.49994e-05,1.7630002393883369e-06
0.00515936,0.000193541,1.50627e-05,1.7667795250351226e-06
0.00517341,0.000193491,1.50922e-05,1.7663230895705349e-06
0.00518747,0.000192973,1.50874e-05,1.761594418157407e-06
0.00520153,0.000191983,1.50478e-05,1.7525569959585719e-06
0.00521559,0.000190522,1.49734e-05,1.7392199516833208e-06
0.00522965,0.000188592,1.4864e-05,1.721601542750238e-06
0.00524371,0.000186199,1.47199e-05,1.6997565414150737e-06
0.00525776,0.000183347,1.45412e-05,1.6737214625149946e-06
0.00527182,0.000180045,1.43284e-05,1.6435784644336271e-06
0.00528588,0.000176304,1.40821e-05,1.60942796297318e-06
0.00529994,0.00017231,1.38029e-05,1.5729678980619196e-06
0.005314,0.000168719,1.34919e-05,1.5401867029952355e-06
0.00532806,0.000164781,1.31499e-05,1.5042378458043127e-06
0.00534211,0.000160691,1.2778e-05,1.466901424801044e-06
0.00535617,0.000156975,1.23775e-05,1.432979141072891e-06
0.00537023,0.000153019,1.19498e-05,1.3968659671147169e-06
0.00538429,0.000148832,1.14963e-05,1.358644061310148e-06
0.00539835,0.000144426,1.10184e-05,1.3184229681706852e-06
0.0054124,0.000139811,1.05179e-05,1.2762939747892462e-06
0.00542646,0.000138102,9.99632e-06,1.2606930106096409e-06
0.00544052,0.000138719,9.45539e-06,1.2663254242426524e-06
0.00545458,0.000139467,8.89684e-06,1.2731536987928833e-06
0.00546864,0.000140362,8.32244e-06,1.281323893609002e-06
0.0054827,0.000141415,7.73398e-06,1.2909364244932175e-06
0.00549675,0.000142637,7.13327e-06,1.3020917072477396e-06
0.00551081,0.000144034,6.5221e-06,1.314844514128318e-06
0.00552487,0.000145612,5.90226e-06,1.329249617390704e-06
0.00553893,0.00014737,5.27552e-06,1.3452978883256054e-06
0.00555299,0.000149308,4.6436e-06,1.3629893269330222e-06
0.00556704,0.00015142,4.15921e-06,1.3822691609572042e-06
0.0055811,0.0001537,3.75442e-06,1.4030826181424004e-06
0.00559516,0.000156138,3.33862e-06,1.4253384113956938e-06
0.00560922,0.000158723,2.94915e-06,1.4489361249148745e-06
0.00562328,0.000161442,2.82076e-06,1.4737570854791505e-06
0.00563734,0.000164279,2.68202e-06,1.499655233739853e-06
0.00565139,0.000167219,2.53509e-06,1.526493639057606e-06
0.00566545,0.000170247,2.38209e-06,1.5541353707930336e-06
0.00567951,0.000173344,2.22519e-06,1.5824069834695918e-06
0.00569357,0.000176493,2.06651e-06,1.6111532890293213e-06
0.00570763,0.000179677,2.22475e-06,1.6402190994142621e-06
0.00572168,0.000182879,2.81051e-06,1.6694492265664545e-06
0.00573574,0.000186082,3.3857e-06,1.6986884824279387e-06
0.0057498,0.000189269,3.9496e-06,1.7277816789407546e-06
0.00576386,0.000192425,4.50159e-06,1.7565918854655265e-06
0.00577792,0.000195534,5.04109e-06,1.7849730426535858e-06
0.00579198,0.000198583,5.56765e-06,1.81280647728414e-06
0.00580603,0.000201557,6.08086e-06,1.8399552587178126e-06
0.00582009,0.000204442,6.5804e-06,1.8662915850245194e-06
0.00583415,0.000207228,7.06594e-06,1.8917241691113426e-06
0.00584821,0.000209904,7.53723e-06,1.916152595176073e-06
0.00586227,0.000212459,7.99393e-06,1.9394764474165014e-06
0.00587632,0.000214885,8.43578e-06,1.9616226961582937e-06
0.00589038,0.000217173,8.86243e-06,1.982509183017824e-06
0.00590444,0.000219317,9.27362e-06,2.0020811357393417e-06
0.0059185,0.000221312,9.669e-06,2.0202929107763886e-06
0.00593256,0.000223151,1.00483e-05,2.037080607163922e-06
0.00594662,0.000224832,1.04111e-05,2.0524259674833584e-06
0.00596067,0.000226353,1.07573e-05,2.066310734316114e-06
0.00597473,0.000227711,1.10864e-05,2.0787075215343145e-06
0.00598879,0.000228907,1.13982e-05,2.089625457847251e-06
0.00600285,0.00022994,1.16923e-05,2.0990554145456317e-06
0.00601691,0.000230812,1.19684e-05,2.1070156490480397e-06
0.00603096,0.000231526,1.22262e-05,2.1135335474823514e-06
0.00604502,0.000232084,1.24654e-05,2.1186273672671493e-06
0.00605908,0.000232491,1.26857e-05,2.122342751948893e-06
0.00607314,0.000232752,1.28869e-05,2.12472534507404e-06
0.0060872,0.000232873,1.30687e-05,2.1258299188983423e-06
0.00610126,0.000232859,1.3231e-05,2.125702116968258e-06
0.00611531,0.000232718,1.33736e-05,2.124414968958121e-06
0.00612937,0.000232458,1.34963e-05,2.122041504542265e-06
0.00614343,0.000232085,1.35993e-05,2.1186364959764412e-06
0.00615749,0.000231609,1.36823e-05,2.1142912303535668e-06
0.00617155,0.000231037,1.37456e-05,2.109069608638684e-06
0.0061856,0.000230379,1.37891e-05,2.1030629179247112e-06
0.00619966,0.000229643,1.3813e-05,2.096344187885981e-06
0.00621372,0.000228838,1.38177e-05,2.08899557690612e-06
0.00622778,0.000227973,1.38032e-05,2.081099243368754e-06
0.00624184,0.000227057,1.377e-05,2.0727373456575084e-06
0.0062559,0.000226099,1.37184e-05,2.0639920421560093e-06
0.00626995,0.000225108,1.36491e-05,2.054945491247882e-06
0.00628401,0.000224091,1.35625e-05,2.0456615938981697e-06
0.00629807,0.000223057,1.34592e-05,2.0362225084904973e-06
0.00631213,0.000222013,1.334e-05,2.026692135989907e-06
0.00632619,0.000220967,1.32056e-05,2.017143506070734e-06
0.00634025,0.000219924,1.30569e-05,2.007622262279436e-06
0.0063543,0.000218891,1.28949e-05,1.998192305581055e-06
0.00636836,0.000217873,1.27204e-05,1.9888992795220507e-06
0.00638242,0.000216873,1.29927e-05,1.979770570230298e-06
0.00639648,0.000215895,1.3381e-05,1.970842692542964e-06
0.00641054,0.00021494,1.37587e-05,1.96212477516934e-06
0.00642459,0.00021401,1.41249e-05,1.95363507552801e-06
0.00643865,0.000213108,1.44785e-05,1.9454009797468487e-06
0.00645271,0.000212232,1.48186e-05,1.9374042304072735e-06
0.00646677,0.000211383,1.51446e-05,1.9296539562185753e-06
0.00648083,0.000210559,1.54557e-05,1.9221318997621712e-06
0.00649489,0.000209758,1.57511e-05,1.914819803619477e-06
0.00650894,0.00020898,1.60302e-05,1.9077176677904933e-06
0.006523,0.00020822,1.62925e-05,1.9007798487287616e-06
0.00653706,0.000207477,1.65373e-05,1.893997217724989e-06
0.00655112,0.000206747,1.67642e-05,1.8873332599420094e-06
0.00656518,0.000206025,1.69729e-05,1.8807423318333641e-06
0.00657923,0.000205308,1.71628e-05,1.8741970472711774e-06
0.00659329,0.000204592,1.73337e-05,1.8676608914182823e-06
0.00660735,0.000203871,1.74853e-05,1.8610790920189287e-06
0.00662141,0.000203142,1.76175e-05,1.8544242629452408e-06
0.00663547,0.000202399,1.77299e-05,1.8476416319414685e-06
0.00664953,0.000201637,1.78225e-05,1.840685555461153e-06
0.00666358,0.000200854,1.78953e-05,1.8335377760857105e-06
0.00667764,0.000200043,1.79481e-05,1.826134392850099e-06
0.0066917,0.000199202,1.79809e-05,1.8184571483357349e-06
0.00670576,0.000198326,1.79939e-05,1.8104603989961594e-06
0.00671982,0.000197412,1.79869e-05,1.8021167587034974e-06
0.00673387,0.000196457,1.79603e-05,1.7933988413298736e-06
0.00674793,0.000195459,1.7914e-05,1.7842883894567042e-06
0.00676199,0.000194414,1.78483e-05,1.7747488882468229e-06
0.00677605,0.000193323,1.77634e-05,1.7647894664095202e-06
0.00679011,0.000192182,1.76596e-05,1.7543736091076305e-06
0.00680417,0.000190991,1.75372e-05,1.743501316341153e-06
0.00681822,0.000189751,1.73965e-05,1.7321817168193795e-06
0.00683228,0.00018846,1.72379e-05,1.7203965531237267e-06
0.00684634,0.000187119,1.70617e-05,1.7081549539634862e-06
0.0068604,0.000185728,1.68683e-05,1.6954569193386582e-06
0.00687446,0.000184289,1.66581e-05,1.6823207066678259e-06
0.00688851,0.000182803,1.64316e-05,1.6687554446602812e-06
0.00690257,0.000181272,1.61893e-05,1.654779390734608e-06
0.00691663,0.000179696,1.59317e-05,1.6403925448908053e-06
0.00693069,0.000178078,1.56591e-05,1.6256222932567495e-06
0.00694475,0.00017642,1.53723e-05,1.6104868932510234e-06
0.00695881,0.000174724,1.50716e-05,1.5950046022922106e-06
0.00697286,0.000172992,1.47578e-05,1.5791936777988949e-06
0.00698692,0.000171225,1.44314e-05,1.5630632484803678e-06
0.00700098,0.000169426,1.4093e-05,1.5466407004645046e-06
0.00701504,0.000167597,1.37434e-05,1.5299442911698886e-06
0.0070291,0.00016574,1.33831e-05,1.5129922780151038e-06
0.00704315,0.000163856,1.3013e-05,1.4957937897094417e-06
0.00705721,0.000161946,1.26336e-05,1.4783579549621937e-06
0.00707127,0.000160012,1.22459e-05,1.4607030311919442e-06
0.00708533,0.000158056,1.18505e-05,1.4428472758172757e-06
0.00709939,0.000156076,1.14482e-05,1.424772431419605e-06
0.00711345,0.000154075,1.104e-05,1.4065058841268078e-06
0.0071275,0.000152053,1.06265e-05,1.3880476339388837e-06
0.00714156,0.000150008,1.02087e-05,1.3693794234372494e-06
0.00715562,0.000147943,9.78731e-06,1.3505286387497797e-06
0.00716968,0.000145855,9.36321e-06,1.3314678937485999e-06
0.00718374,0.000143745,8.93724e-06,1.3122063171430017e-06
0.00719779,0.000141611,8.51019e-06,1.2927256515144013e-06
0.00721185,0.000139453,8.08293e-06,1.2730258968627988e-06
0.00722591,0.00013727,7.99884e-06,1.2530979244789025e-06
0.00723997,0.00013506,7.99181e-06,1.2329234769441289e-06
0.00725403,0.000132824,7.9747e-06,1.2125116829677697e-06
0.00726809,0.000130558,7.94709e-06,1.1918260277126578e-06
0.00728214,0.000128263,7.90857e-06,1.1708756398880852e-06
0.0072962,0.000125936,7.85881e-06,1.1496331333661766e-06
0.00731026,0.000123578,7.79753e-06,1.1281076368562237e-06
0.00732432,0.000121188,7.72449e-06,1.1062900216489346e-06
0.00733838,0.000118764,7.63955e-06,1.0841620303257257e-06
0.00735243,0.000116306,7.54255e-06,1.0617236628865974e-06
0.00736649,0.000113812,7.43339e-06,1.0389566619129661e-06
0.00738055,0.000111284,7.31202e-06,1.015879284823415e-06
0.00739461,0.000108723,7.17848e-06,9.925006603272362e-07
0.00740867,0.00010613,7.03285e-06,9.688299171337212e-07
0.00742273,0.000103505,6.87522e-06,9.448670552428704e-07
0.00743678,0.000100852,6.70575e-06,9.206485894918502e-07
0.00745084,9.8173e-05,6.52462e-06,8.961927772992445e-07
0.0074649,9.54711e-05,6.33204e-06,8.715279176638577e-07
0.00747896,9.27504e-05,6.12825e-06,8.46691438293786e-07
0.00749302,9.00154e-05,5.91356e-06,8.217244183808421e-07
0.00750708,8.72704e-05,5.6883e-06,7.966661113749808e-07
0.00752113,8.45201e-05,5.45281e-06,7.715594222098732e-07
0.00753519,8.17705e-05,5.20745e-06,7.464591231412698e-07
0.00754925,7.90284e-05,4.95261e-06,7.214272893923545e-07
0.00756331,7.63018e-05,4.68869e-06,6.965369506374613e-07
0.00757737,7.35995e-05,4.41612e-06,6.71868439518358e-07
0.00759142,7.09314e-05,4.13533e-06,6.475121302570324e-07
0.00760548,6.83085e-05,3.84675e-06,6.23568438655694e-07
0.00761954,6.57426e-05,3.55083e-06,6.001450834839855e-07
0.0076336,6.32463e-05,3.24803e-06,5.773570864789831e-07
0.00764766,6.16931e-05,2.93878e-06,5.631783752070327e-07
0.00766172,6.1027e-05,2.6524e-06,5.570977419477962e-07
0.00767577,6.06528e-05,2.50562e-06,5.536817789308224e-07
0.00768983,6.06234e-05,2.58913e-06,5.534133948776448e-07
0.00770389,6.07403e-05,2.69479e-06,5.544805409938506e-07
0.00771795,6.09297e-05,2.79198e-06,5.562095185337087e-07
0.00773201,6.11386e-05,2.88128e-06,5.581165059047558e-07
0.00774606,6.13735e-05,2.9633e-06,5.602608397173885e-07
0.00776012,6.16403e-05,3.03866e-06,5.626963793564281e-07
0.00777418,6.1944e-05,3.108e-06,5.654687683683335e-07
0.00778824,6.22891e-05,3.17199e-06,5.686190859449174e-07
0.0078023,6.26791e-05,3.23133e-06,5.721792825687009e-07
0.00781636,6.33795e-05,3.31173e-06,5.785730305566446e-07
0.00783041,6.49791e-05,3.40008e-06,5.931753139397322e-07
0.00784447,6.66686e-05,3.48695e-06,6.085982682881486e-07
0.00785853,6.8338e-05,3.57116e-06,6.238377355798007e-07
0.00787259,6.99869e-05,3.65427e-06,6.388900643309718e-07
0.00788665,7.16125e-05,3.73665e-06,6.537296941556451e-07
0.0079007,7.32108e-05,3.81873e-06,6.683201102166536e-07
0.00791476,7.47769e-05,3.90095e-06,6.826165818384676e-07
0.00792882,7.63059e-05,3.98377e-06,6.965743783455576e-07
0.00794288,7.77931e-05,4.15316e-06,7.101505948042523e-07
0.00795694,7.9234e-05,4.47555e-06,7.233041520227388e-07
0.007971,8.06249e-05,4.79269e-06,7.360012737766377e-07
0.00798505,8.19627e-05,5.10416e-06,7.482136610671445e-07
0.00799911,8.32448e-05,5.40948e-06,7.599175792501009e-07
0.00801317,8.4469e-05,5.7082e-06,7.710929451650645e-07
0.00802723,8.5633e-05,5.99983e-06,7.817187627806648e-07
0.00804129,8.67668e-05,6.28392e-06,7.920688933756542e-07
0.00805534,8.91072e-05,6.56e-06,8.134337246020722e-07
0.0080694,9.24721e-05,6.82765e-06,8.441509184978911e-07
0.00808346,9.57135e-05,7.08648e-06,8.737407167961787e-07
0.00809752,9.88271e-05,7.33614e-06,9.0216386604698e-07
0.00811158,0.000101809,7.5763e-06,9.293847642840576e-07
0.00812564,0.000104654,7.80662e-06,9.553559422190942e-07
0.00813969,0.000107359,8.02677e-06,9.800491008532855e-07
0.00815375,0.000109919,8.23643e-06,1.0034185966401726e-06
0.00816781,0.00011233,8.43525e-06,1.0254279147425885e-06
0.00818187,0.000114588,8.6229e-06,1.0460405403233662e-06
0.00819593,0.000116689,8.79908e-06,1.0652199585453386e-06
0.00820998,0.000118629,8.9635e-06,1.0829296545713392e-06
0.00822404,0.000120407,9.11593e-06,1.0991604996920756e-06
0.0082381,0.000122019,9.25619e-06,1.113875979070381e-06
0.00825216,0.000123467,9.38415e-06,1.127094350124839e-06
0.00826622,0.000124749,9.49974e-06,1.1387973554368662e-06
0.00828028,0.000125866,9.60296e-06,1.148994123715754e-06
0.00829433,0.000126819,9.69383e-06,1.1576937836707943e-06
0.00830839,0.00012761,9.77243e-06,1.1649145927205708e-06
0.00832245,0.000128242,9.83888e-06,1.1706839369929585e-06
0.00833651,0.000128717,9.89335e-06,1.175020073906541e-06
0.00835057,0.000129039,9.93601e-06,1.1779595182984856e-06
0.00836462,0.00012921,9.96709e-06,1.1795205275873751e-06
0.00837868,0.000129236,9.98685e-06,1.1797578740289607e-06
0.00839274,0.000129121,9.99558e-06,1.178708072460409e-06
0.0084068,0.000128868,9.99359e-06,1.1763985090095957e-06
0.00842086,0.000128484,9.98123e-06,1.1728930846415626e-06
0.00843492,0.000127974,9.95887e-06,1.1682374429027687e-06
0.00844897,0.000127343,9.92691e-06,1.1624772273396729e-06
0.00846303,0.000126598,9.88578e-06,1.1556763389173171e-06
0.00847709,0.000125745,9.83591e-06,1.1478895498914517e-06
0.00849115,0.000124897,9.77776e-06,1.1401484044120455e-06
0.00850521,0.000124261,9.92308e-06,1.1343425453024907e-06
0.00851926,0.000123535,1.00852e-05,1.1277151023566783e-06
0.00853332,0.000122724,1.02432e-05,1.1203117191210668e-06
0.00854738,0.000121834,1.03968e-05,1.1121871678514067e-06
0.00856144,0.000120869,1.05456e-05,1.1033779633848654e-06
0.0085755,0.000119836,1.06891e-05,1.0939480066864847e-06
0.00858956,0.000118741,1.08269e-05,1.0839520700120155e-06
0.00860361,0.000117588,1.09588e-05,1.0734266681986245e-06
0.00861767,0.000116385,1.10842e-05,1.062444830920646e-06
0.00863173,0.000116733,1.12029e-05,1.0656216217541759e-06
0.00864579,0.000118016,1.13146e-05,1.0773337557754947e-06
0.00865985,0.000119219,1.1419e-05,1.0883155930534733e-06
0.00867391,0.000120338,1.15157e-05,1.0985306187509445e-06
0.00868796,0.000121369,1.16045e-05,1.1079423180307418e-06
0.00870202,0.000122309,1.16851e-05,1.1165233047649892e-06
0.00871608,0.000123155,1.17572e-05,1.1242461928258123e-06
0.00873014,0.000123903,1.18208e-05,1.1310744673760431e-06
0.0087442,0.00012455,1.18753e-05,1.1369807422878073e-06
0.00875825,0.000125094,1.19208e-05,1.1419467601425207e-06
0.00877231,0.000125532,1.19569e-05,1.1459451348123086e-06
0.00878637,0.000125863,1.19835e-05,1.1489667375878788e-06
0.00880043,0.000126085,1.20003e-05,1.150993311050648e-06
0.00881449,0.000126194,1.20073e-05,1.1519883403634487e-06
0.00882855,0.000126192,1.20042e-05,1.1519700829448653e-06
0.0088426,0.000126075,1.19909e-05,1.15090202395773e-06
0.00885666,0.000125843,1.19674e-05,1.1487841634020435e-06
0.00887072,0.000125496,1.19335e-05,1.1456165012778055e-06
0.00888478,0.000125032,1.18892e-05,1.141380780166432e-06
0.00889884,0.000124451,1.18344e-05,1.1360770000679238e-06
0.00891289,0.000123753,1.17692e-05,1.1297051609822802e-06
0.00892695,0.000122938,1.16936e-05,1.1222652629095019e-06
0.00894101,0.000122007,1.16075e-05,1.11376643455888e-06
0.00895507,0.00012096,1.15111e-05,1.1042086759304148e-06
0.00896913,0.000119797,1.14043e-05,1.0935919870241064e-06
0.00898319,0.00011852,1.12874e-05,1.081934625258538e-06
0.00899724,0.000117131,1.11604e-05,1.0692548480522935e-06
0.0090113,0.000115629,1.10235e-05,1.055543526696081e-06
0.00902536,0.000114019,1.08767e-05,1.0408463047363589e-06
0.00903942,0.0001123,1.07204e-05,1.025154053463836e-06
0.00905348,0.000110476,1.05547e-05,1.0085032877156788e-06
0.00906753,0.000108549,1.03799e-05,9.909122649104712e-07
0.00908159,0.000106522,1.01962e-05,9.724083711760884e-07
0.00909565,0.000104398,1.00038e-05,9.530189926404055e-07
0.00910971,0.00010218,9.80319e-06,9.327715154312978e-07
0.00912377,9.98711e-05,9.59455e-06,9.116942385475699e-07
0.00913783,9.74762e-05,9.37824e-06,8.898318926647511e-07
0.00915188,9.49987e-05,9.15463e-06,8.672155153944337e-07
0.00916594,9.2443e-05,8.92404e-06,8.438852730575011e-07
0.00918,8.98134e-05,8.68688e-06,8.198804191039081e-07
0.00919406,8.71146e-05,8.44351e-06,7.952438584673256e-07
0.00920812,8.43514e-05,8.19436e-06,7.700194089523544e-07
0.00922217,8.15287e-05,7.93981e-06,7.442518012345239e-07
0.00923623,7.86517e-05,7.68029e-06,7.179885046021511e-07
0.00925029,7.57255e-05,7.41624e-06,6.912760754726243e-07
0.00926435,7.27554e-05,7.14809e-06,6.641628960051894e-07
0.00927841,6.97466e-05,6.87627e-06,6.366964354881636e-07
0.00929247,6.67046e-05,6.60124e-06,6.089269018226517e-07
0.00930652,6.51564e-05,6.32344e-06,5.947938340971601e-07
0.00932058,6.41453e-05,6.04332e-06,5.855637961322688e-07
0.00933464,6.31137e-05,5.76132e-06,5.761466196268967e-07
0.0093487,6.20602e-05,5.47791e-06,5.665295243880352e-07
0.00936276,6.0983e-05,5.1935e-06,5.566960787389591e-07
0.00937681,5.98808e-05,4.90855e-06,5.466344153575891e-07
0.00939087,5.87521e-05,4.62347e-06,5.363308411799878e-07
0.00940493,5.75956e-05,4.33869e-06,5.257734888840758e-07
0.00941899,5.64099e-05,4.05461e-06,5.149495782768445e-07
0.00943305,5.51938e-05,3.88337e-06,5.038481549071439e-07
0.00944711,5.39463e-05,3.78799e-06,4.924600900656823e-07
0.00946116,5.26663e-05,3.6889e-06,4.807753421722388e-07
0.00947522,5.13527e-05,3.58599e-06,4.687838696465924e-07
0.00948928,5.00049e-05,3.47916e-06,4.56480195263168e-07
0.00950334,4.86221e-05,3.36833e-06,4.438570160545323e-07
0.0095174,4.72036e-05,3.25343e-06,4.30907941924181e-07
0.00953145,4.5749e-05,3.13439e-06,4.1762932138839736e-07
0.00954551,4.42579e-05,3.01115e-06,4.0401750296346486e-07
0.00955957,4.27298e-05,2.88368e-06,3.9006792229473743e-07
0.00957363,4.11645e-05,2.75195e-06,3.757787536403568e-07
0.00958769,4.13196e-05,2.61595e-06,3.771946164515077e-07
0.00960175,4.21428e-05,2.47569e-06,3.8470936994047857e-07
0.0096158,4.29256e-05,2.33119e-06,3.9185532357406265e-07
0.00962986,4.36686e-05,2.18249e-06,3.986379545778349e-07
0.00964392,4.43725e-05,2.02967e-06,4.0506365304829974e-07
0.00965798,4.50382e-05,1.87278e-06,4.111406348238195e-07
0.00967204,4.56669e-05,1.71192e-06,4.168798543555445e-07
0.00968609,4.62597e-05,1.54719e-06,4.222913532236955e-07
0.00970015,4.6818e-05,1.37867e-06,4.273879116212811e-07
0.00971421,4.73433e-05,1.34852e-06,4.321832226122388e-07
0.00972827,4.78369e-05,1.53412e-06,4.3668915351864804e-07
0.00974233,4.83004e-05,1.71389e-06,4.409203102753754e-07
0.00975639,4.87358e-05,1.88784e-06,4.4489495030100456e-07
0.00977044,4.94202e-05,2.05601e-06,4.5114263894028015e-07
0.0097845,5.10737e-05,2.21844e-06,4.662369597541933e-07
0.00979856,5.27304e-05,2.37518e-06,4.813604924378401e-07
0.00981262,5.4389e-05,2.52627e-06,4.965013696691413e-07
0.00982668,5.60484e-05,2.67183e-06,5.116495498678758e-07
0.00984074,5.77072e-05,2.81198e-06,5.267922528410354e-07
0.00985479,5.9364e-05,2.94687e-06,5.419166983956114e-07
0.00986885,6.10168e-05,3.08306e-06,5.570046291130203e-07
0.00988291,6.26635e-05,3.22611e-06,5.720368747037496e-07
0.00989697,6.4302e-05,3.36488e-06,5.869942648782865e-07
0.00991103,6.59298e-05,3.49951e-06,6.018539778634017e-07
0.00992508,6.75448e-05,3.63013e-06,6.165968433695824e-07
0.00993914,6.91448e-05,3.75689e-06,6.312027782363868e-07
0.0099532,7.07277e-05,3.87995e-06,6.456526121743022e-07
0.00996726,7.22911e-05,3.99948e-06,6.599244362810285e-07
0.00998132,7.3833e-05,4.11566e-06,6.739999931379821e-07
0.00999538,7.53508e-05,4.2287e-06,6.878555481010046e-07
0.0100094,7.68424e-05,4.33882e-06,7.014719308805829e-07
0.0100235,7.83053e-05,4.44624e-06,7.148263197034881e-07
0.0100375,7.97374e-05,4.55121e-06,7.278995442802072e-07
0.0100516,8.11365e-05,4.65394e-06,7.406715214502985e-07
0.0100657,8.25008e-05,4.75462e-06,7.531258195370368e-07
0.0100797,8.38283e-05,4.85342e-06,7.652441811218387e-07
0.0100938,8.51173e-05,4.95048e-06,7.770110873989079e-07
0.0101078,8.63662e-05,5.04594e-06,7.88411932433378e-07
0.0101219,8.75734e-05,5.13991e-06,7.994321102903819e-07
0.010136,8.87376e-05,5.23252e-06,8.100597536478404e-07
0.01015,8.98574e-05,5.32387e-06,8.202820823127452e-07
0.0101641,9.09315e-05,5.41408e-06,8.300872289630168e-07
0.0101781,9.19588e-05,5.50328e-06,8.394651520184345e-07
0.0101922,9.29382e-05,5.59159e-06,8.484058098987771e-07
0.0102062,9.38688e-05,5.67911e-06,8.569009867656823e-07
0.0102203,9.47496e-05,5.76596e-06,8.64941553909858e-07
0.0102344,9.55799e-05,5.8779e-06,8.725211212348004e-07
0.0102484,9.6359e-05,6.02438e-06,8.79633298644005e-07
0.0102625,9.70863e-05,6.16524e-06,8.862726089118969e-07
0.0102765,9.77613e-05,6.30029e-06,8.924344876838299e-07
0.0102906,9.83836e-05,6.42936e-06,8.981152834760877e-07
0.0103047,9.89529e-05,6.55229e-06,9.033122576758825e-07
0.0103187,9.94689e-05,6.66897e-06,9.080226716704269e-07
0.0103328,9.99316e-05,6.77925e-06,9.122465254597209e-07
0.0103468,0.000100341,6.88305e-06,9.159838190437645e-07
0.0103609,0.000100697,6.98029e-06,9.192336395516285e-07
0.0103749,0.000101001,7.0709e-06,9.220087671763214e-07
0.010389,0.000101252,7.15482e-06,9.243000732085513e-07
0.0104031,0.000101451,7.23205e-06,9.261166863576101e-07
0.0104171,0.000101599,7.30254e-06,9.274677353327895e-07
0.0104312,0.000101696,7.36632e-06,9.283532201340895e-07
0.0104452,0.000101743,7.42339e-06,9.287822694708019e-07
0.0104593,0.000101742,7.47379e-06,9.287731407615101e-07
0.0104734,0.000101692,7.51754e-06,9.283167052969225e-07
0.0104874,0.000101596,7.55472e-06,9.274403492049142e-07
0.0105015,0.000101453,7.58538e-06,9.261349437761936e-07
0.0105155,0.000101266,7.60961e-06,9.244278751386359e-07
0.0105296,0.000101036,7.62748e-06,9.223282720015327e-07
0.0105436,0.000100764,7.63912e-06,9.198452630741759e-07
0.0105577,0.000100451,7.69753e-06,9.169879770658573e-07
0.0105718,0.000100099,7.76605e-06,9.137746713951604e-07
0.0105858,9.983e-05,7.83271e-06,9.113190485956788e-07
0.0105999,9.95437e-05,7.89736e-06,9.0870549912545e-07
0.0106139,9.91868e-05,7.95985e-06,9.054474627792235e-07
0.010628,9.87617e-05,8.02002e-06,9.015668484592993e-07
0.0106421,9.82708e-05,8.07771e-06,8.970855650679779e-07
0.0106561,9.77169e-05,8.13276e-06,8.920291729912761e-07
0.0106702,9.71025e-05,8.18501e-06,8.864204940024232e-07
0.0106842,9.64304e-05,8.2343e-06,8.802850884874361e-07
0.0106983,9.57035e-05,8.28046e-06,8.73649429703261e-07
0.0107123,9.49247e-05,8.32334e-06,8.66539990906844e-07
0.0107264,9.40968e-05,8.36278e-06,8.58982332484202e-07
0.0107405,9.33225e-05,8.39861e-06,8.519139728795978e-07
0.0107545,9.25861e-05,8.43068e-06,8.45191591357151e-07
0.0107686,9.18287e-05,8.45884e-06,8.382775069395774e-07
0.0107826,9.10512e-05,8.48293e-06,8.311799354652397e-07
0.0107967,9.02545e-05,8.50281e-06,8.239070927725003e-07
0.0108108,8.94395e-05,8.51833e-06,8.164671946997218e-07
0.0108248,8.89137e-05,8.52935e-06,8.116673193541181e-07
0.0108389,8.90131e-05,8.53574e-06,8.125747130577183e-07
0.0108529,8.90612e-05,8.53737e-06,8.130138039746516e-07
0.010867,8.90565e-05,8.53411e-06,8.129708990409804e-07
0.010881,8.89976e-05,8.52584e-06,8.124332180636962e-07
0.0108951,8.88833e-05,8.51247e-06,8.113898065916489e-07
0.0109092,8.87122e-05,8.49387e-06,8.098278844318299e-07
0.0109232,8.84832e-05,8.46998e-06,8.077374100040185e-07
0.0109373,8.81954e-05,8.44069e-06,8.051101674698521e-07
0.0109513,8.78477e-05,8.40594e-06,8.019361152491096e-07
0.0109654,8.74393e-05,8.36567e-06,7.982079503743577e-07
0.0109794,8.69696e-05,8.31981e-06,7.939201956200216e-07
0.0109935,8.64379e-05,8.26833e-06,7.890664608895965e-07
0.0110076,8.58439e-05,8.2112e-06,7.836440075702955e-07
0.0110216,8.51872e-05,8.14837e-06,7.776491841784014e-07
0.0110357,8.44676e-05,8.07985e-06,7.710801649720561e-07
0.0110497,8.3685e-05,8.00563e-06,7.639360370803303e-07
0.0110638,8.28397e-05,7.92571e-06,7.562195391160119e-07
0.0110779,8.19317e-05,7.84012e-06,7.479306710791002e-07
0.0110919,8.09615e-05,7.74888e-06,7.390739973242417e-07
0.011106,7.99296e-05,7.65203e-06,7.296540822060821e-07
0.01112,7.88365e-05,7.54964e-06,7.19675490079267e-07
0.0111341,7.7683e-05,7.44175e-06,7.091455239112302e-07
0.0111481,7.647e-05,7.32846e-06,6.980723995403343e-07
0.0111622,7.51984e-05,7.20985e-06,6.864643328049414e-07
0.0111763,7.38696e-05,7.08601e-06,6.743341038980602e-07
0.0111903,7.24845e-05,6.95705e-06,6.616899286580535e-07
0.0112044,7.10448e-05,6.8231e-06,6.48547325890717e-07
0.0112184,6.95517e-05,6.68427e-06,6.34917250047201e-07
0.0112325,6.8007e-05,6.54071e-06,6.208161328042305e-07
0.0112466,6.64123e-05,6.39256e-06,6.062585800966723e-07
0.0112606,6.47694e-05,6.23997e-06,5.912610236012517e-07
0.0112747,6.30802e-05,6.0831e-06,5.75840807865623e-07
0.0112887,6.13467e-05,5.92213e-06,5.600161903083695e-07
0.0113028,5.9571e-05,5.75723e-06,5.438063412190042e-07
0.0113168,5.77552e-05,5.5886e-06,5.272304308870394e-07
0.0113309,5.59014e-05,5.41641e-06,5.103076296019882e-07
0.011345,5.40121e-05,5.24089e-06,4.930607591370796e-07
0.011359,5.20895e-05,5.06223e-06,4.7550990265275585e-07
0.0113731,5.01361e-05,4.88065e-06,4.57677881922246e-07
0.0113871,4.83e-05,4.69636e-06,4.409166587916587e-07
0.0114012,4.65667e-05,4.50958e-06,4.2509386697626365e-07
0.0114153,4.48106e-05,4.32052e-06,4.090629405890166e-07
0.0114293,4.30338e-05,4.12942e-06,3.928430499194303e-07
0.0114434,4.12385e-05,3.93649e-06,3.7645427812794657e-07
0.0114574,3.94265e-05,3.74195e-06,3.599130568912905e-07
0.0114715,3.75999e-05,3.54604e-06,3.432385564989749e-07
0.0114855,3.6122e-05,3.34898e-06,3.2974723703669345e-07
0.0114996,3.48359e-05,3.15098e-06,3.1800680401657027e-07
0.0115137,3.35515e-05,2.95228e-06,3.06281889802243e-07
0.0115277,3.22699e-05,2.75309e-06,2.9458253597393264e-07
0.0115418,3.09928e-05,2.55363e-06,2.829242613374352e-07
0.0115558,2.97218e-05,2.35413e-06,2.713216718276174e-07
0.0115699,2.84589e-05,2.15479e-06,2.5979302486306287e-07
0.011584,2.72063e-05,1.95582e-06,2.4835840360421334e-07
0.011598,2.59667e-05,1.75743e-06,2.370424555661566e-07
0.0116121,2.4743e-05,1.64518e-06,2.2587165400583875e-07
0.0116261,2.35388e-05,1.54283e-06,2.1487886227671005e-07
0.0116402,2.2358e-05,1.43929e-06,2.0409968234500837e-07
0.0116542,2.27282e-05,1.33451e-06,2.0747913052481526e-07
0.0116683,2.34e-05,1.22848e-06,2.1361179742701477e-07
0.0116824,2.40688e-05,1.12117e-06,2.1971707820133902e-07
0.0116964,2.47318e-05,1.01255e-06,2.257694124617711e-07
0.0117105,2.53872e-05,9.02613e-07,2.3175236853158587e-07
0.0117245,2.60331e-05,7.91349e-07,2.3764860186312898e-07
0.0117386,2.6668e-05,6.78757e-07,2.434444193924628e-07
0.0117526,2.72909e-05,5.64843e-07,2.4913069241029564e-07
0.0117667,2.79009e-05,5.64655e-07,2.546992050782648e-07
0.0117808,2.84972e-05,7.32169e-07,2.60142654428937e-07
0.0117948,2.92239e-05,8.9672e-07,2.6677648747125374e-07
0.0118089,3.01063e-05,1.0582e-06,2.7483166055029636e-07
0.0118229,3.09712e-05,1.2165e-06,2.8272708121673333e-07
0.011837,3.18174e-05,1.37156e-06,2.904517950194145e-07
0.0118511,3.26438e-05,1.52333e-06,2.97995760378119e-07
0.0118651,3.34496e-05,1.67729e-06,3.053516743254134e-07
0.0118792,3.42341e-05,1.83177e-06,3.125131467647934e-07
0.0118932,3.49967e-05,1.98318e-06,3.1947470047068413e-07
0.0119073,3.5737e-05,2.13144e-06,3.262326839593687e-07
0.0119213,3.64547e-05,2.2765e-06,3.3278435861805964e-07
0.0119354,3.71498e-05,2.41836e-06,3.39129724446757e-07
0.0119495,3.78223e-05,2.55701e-06,3.452687814454607e-07
0.0119635,3.84723e-05,2.69248e-06,3.5120244248510004e-07
0.0119776,3.91e-05,2.8248e-06,3.5693253330753324e-07
0.0119916,3.97055e-05,2.95398e-06,3.6245996678368956e-07
0.0120057,4.03126e-05,3.08007e-06,3.6800200619471264e-07
0.0120198,4.10304e-05,3.20308e-06,3.745545937243328e-07
0.0120338,4.17583e-05,3.32306e-06,3.811993812177996e-07
0.0120479,4.25646e-05,3.44003e-06,3.885598595197399e-07
0.0120619,4.33502e-05,3.55399e-06,3.9573137353934083e-07
0.012076,4.41151e-05,3.66495e-06,4.0271392327660255e-07
0.01209,4.48591e-05,3.77296e-06,4.095056829896666e-07
0.0121041,4.5582e-05,3.87802e-06,4.1610482693667467e-07
0.0121182,4.62838e-05,3.98019e-06,4.2251135511762676e-07
0.0121322,4.69644e-05,4.07951e-06,4.2872435466159373e-07
0.0121463,4.76236e-05,4.17604e-06,4.3474199982671717e-07
0.0121603,4.82615e-05,4.26984e-06,4.405652034839262e-07
0.0121744,4.88778e-05,4.36098e-06,4.4619122702043346e-07
0.0121885,4.94727e-05,4.44952e-06,4.5162189617809716e-07
0.0122025,5.00461e-05,4.53553e-06,4.5685629808598824e-07
0.0122166,5.06504e-05,4.61905e-06,4.623727771109944e-07
0.0122306,5.13414e-05,4.70014e-06,4.686807152315956e-07
0.0122447,5.20086e-05,4.77886e-06,4.7477139007105306e-07
0.0122587,5.26518e-05,4.85526e-06,4.806429758875085e-07
0.0122728,5.372e-05,4.92939e-06,4.903942631529587e-07
0.0122869,5.50704e-05,5.00129e-06,5.027216721805416e-07
0.0123009,5.6384e-05,5.07101e-06,5.14713144706188e-07
0.012315,5.76593e-05,5.1386e-06,5.263549876659604e-07
0.012329,5.88947e-05,5.2041e-06,5.376325951249917e-07
0.0123431,6.00889e-05,5.26756e-06,5.485340997612029e-07
0.0123572,6.12406e-05,5.32902e-06,5.590476342525146e-07
0.0123712,6.23484e-05,5.38852e-06,5.691604184059183e-07
0.0123853,6.34111e-05,5.44611e-06,5.78861497770264e-07
0.0123993,6.44276e-05,5.50182e-06,5.881408307653306e-07
0.0124134,6.53966e-05,5.5557e-06,5.969865500690391e-07
0.0124274,6.63173e-05,5.60778e-06,6.053913527139558e-07
0.0124415,6.71885e-05,5.65808e-06,6.133442842489308e-07
0.0124556,6.80093e-05,5.70665e-06,6.208371288356016e-07
0.0124696,6.87788e-05,5.75349e-06,6.278616706356053e-07
0.0124837,6.94963e-05,5.79864e-06,6.344115195524378e-07
0.0124977,7.0161e-05,5.84209e-06,6.40479372618666e-07
0.0125118,7.07725e-05,5.88387e-06,6.460615783505728e-07
0.0125258,7.13303e-05,5.92398e-06,6.511535723935125e-07
0.0125399,7.18341e-05,5.96243e-06,6.557526161346975e-07
0.012554,7.22837e-05,5.99921e-06,6.598568838322695e-07
0.012568,7.2679e-05,6.03432e-06,6.634654626152994e-07
0.0125821,7.30202e-05,6.06775e-06,6.665801782256455e-07
0.0125961,7.33075e-05,6.09949e-06,6.692028564051661e-07
0.0126102,7.35411e-05,6.12952e-06,6.713353228957195e-07
0.0126243,7.37216e-05,6.15783e-06,6.729830549228808e-07
0.0126383,7.38494e-05,6.18439e-06,6.741497039703669e-07
0.0126524,7.39251e-05,6.20916e-06,6.748407472637526e-07
0.0126664,7.39495e-05,6.23213e-06,6.750634877704713e-07
0.0126805,7.39233e-05,6.25326e-06,6.748243155870274e-07
0.0126945,7.38472e-05,6.2725e-06,6.74129620809925e-07
0.0127086,7.37221e-05,6.28983e-06,6.729876192775268e-07
0.0127227,7.3549e-05,6.30521e-06,6.714074396991243e-07
0.0127367,7.33288e-05,6.31859e-06,6.693972979130804e-07
0.0127508,7.30626e-05,6.32992e-06,6.669672354996158e-07
0.0127648,7.27514e-05,6.33917e-06,6.641263811680223e-07
0.0127789,7.23964e-05,6.34628e-06,6.608856893694501e-07
0.012793,7.19987e-05,6.35119e-06,6.572552016841201e-07
0.012807,7.15595e-05,6.35387e-06,6.532458725631823e-07
0.0128211,7.10801e-05,6.35425e-06,6.488695693287159e-07
0.0128351,7.05616e-05,6.35227e-06,6.441363335609422e-07
0.0128492,7.00055e-05,6.34788e-06,6.390598583237984e-07
0.0128632,6.94128e-05,6.34103e-06,6.336492723265765e-07
0.0128773,6.87851e-05,6.33166e-06,6.279191815041434e-07
0.0128914,6.81235e-05,6.31971e-06,6.218796274367197e-07
0.0129054,6.74293e-05,6.30513e-06,6.15542477446385e-07
0.0129195,6.67174e-05,6.28786e-06,6.090437493015862e-07
0.0129335,6.60958e-05,6.26784e-06,6.033693436058326e-07
0.0129476,6.54438e-05,6.24505e-06,5.974174251476099e-07
0.0129617,6.47626e-05,6.21941e-06,5.911989483780678e-07
0.0129757,6.41547e-05,6.19088e-06,5.856496059996113e-07
0.0129898,6.38451e-05,6.15943e-06,5.828233576028847e-07
0.0130038,6.35038e-05,6.125e-06,5.797077291216094e-07
0.0130179,6.31302e-05,6.08756e-06,5.762972433302107e-07
0.0130319,6.27239e-05,6.04708e-06,5.725882487449715e-07
0.013046,6.22843e-05,6.00352e-06,5.68575268140317e-07
0.0130601,6.18111e-05,5.95684e-06,5.642555629034595e-07
0.0130741,6.13038e-05,5.90704e-06,5.596245686797533e-07
0.0130882,6.07623e-05,5.85407e-06,5.546813725982693e-07
0.0131022,6.01861e-05,5.79793e-06,5.494214103043613e-07
0.0131163,5.95752e-05,5.73861e-06,5.438446817980295e-07
0.0131304,5.89293e-05,5.67608e-06,5.379484484664864e-07
0.0131444,5.82484e-05,5.61035e-06,5.31732710309732e-07
0.0131585,5.75324e-05,5.54142e-06,5.251965544568369e-07
0.0131725,5.67813e-05,5.46928e-06,5.183399809078015e-07
0.0131866,5.59953e-05,5.39396e-06,5.111648154044838e-07
0.0132006,5.51744e-05,5.31546e-06,5.036710579468839e-07
0.0132147,5.43189e-05,5.23381e-06,4.958614471477895e-07
0.0132288,5.3429e-05,5.14903e-06,4.877378087490587e-07
0.0132428,5.2505e-05,5.06114e-06,4.793028813634791e-07
0.0132569,5.15473e-05,4.9702e-06,4.7056031647476745e-07
0.0132709,5.05563e-05,4.87623e-06,4.615137655666405e-07
0.013285,4.95325e-05,4.77929e-06,4.52167792993744e-07
0.0132991,4.84765e-05,4.67942e-06,4.425278759816531e-07
0.0133131,4.73889e-05,4.57669e-06,4.3259949175594276e-07
0.0133272,4.62704e-05,4.47116e-06,4.223890304131173e-07
0.0133412,4.51216e-05,4.3629e-06,4.1190196917875166e-07
0.0133553,4.39434e-05,4.25197e-06,4.011465238912086e-07
0.0133693,4.27367e-05,4.13847e-06,3.901309103888505e-07
0.0133834,4.15024e-05,4.02246e-06,3.7886334451004004e-07
0.0133975,4.02414e-05,3.90405e-06,3.673520420931398e-07
0.0134115,3.89547e-05,3.78331e-06,3.556061318474416e-07
0.0134256,3.76435e-05,3.66034e-06,3.4363656822409534e-07
0.0134396,3.63089e-05,3.53524e-06,3.3145339280332207e-07
0.0134537,3.4952e-05,3.40811e-06,3.1906664716534276e-07
0.0134677,3.35741e-05,3.27905e-06,3.0648819863223663e-07
0.0134818,3.21764e-05,3.14817e-06,2.937290016551538e-07
0.0134959,3.07602e-05,3.01558e-06,2.8080092355617347e-07
0.0135099,2.933e-05,2.88139e-06,2.6774504352710867e-07
0.013524,2.80482e-05,2.74571e-06,2.5604386395694e-07
0.013538,2.67519e-05,2.60867e-06,2.4421031810204087e-07
0.0135521,2.54422e-05,2.47038e-06,2.3225444754263227e-07
0.0135662,2.41204e-05,2.33096e-06,2.2018811960079348e-07
0.0135802,2.27875e-05,2.19054e-06,2.080204629858162e-07
0.0135943,2.16708e-05,2.04924e-06,1.978264333197159e-07
0.0136083,2.06592e-05,1.90718e-06,1.885918310001788e-07
0.0136224,1.97203e-05,1.76448e-06,1.8002088584615214e-07
0.0136364,1.89097e-05,1.62126e-06,1.7262115409425732e-07
0.0136505,1.90158e-05,1.47766e-06,1.7358971015011228e-07
0.0136646,1.92211e-05,1.33379e-06,1.7546383416770916e-07
0.0136786,1.94419e-05,1.18976e-06,1.7747945317932815e-07
0.0136927,1.96778e-05,1.0457e-06,1.796329157012526e-07
0.0137067,1.99282e-05,9.01748e-07,1.819187445079075e-07
0.0137208,2.01925e-05,7.58038e-07,1.8433146237371779e-07
0.0137349,2.047e-05,6.14704e-07,1.8686467920217914e-07
0.0137489,2.07599e-05,4.7187e-07,1.895110920258583e-07
0.013763,2.12164e-05,3.46607e-07,1.9367834781754343e-07
0.013777,2.17914e-05,2.58109e-07,1.9892735566030126e-07
0.0137911,2.23527e-05,1.69509e-07,2.0405130018576212e-07
0.0138051,2.29e-05,1.04628e-07,2.090474427811384e-07
0.0138192,2.34331e-05,2.36036e-07,2.139139577045718e-07
0.0138333,2.3952e-05,3.70219e-07,2.186508449560623e-07
0.0138473,2.44565e-05,5.07679e-07,2.2325627879375156e-07
0.0138614,2.49463e-05,6.43948e-07,2.2772752060485206e-07
0.0138754,2.54213e-05,7.78891e-07,2.3206365751843465e-07
0.0138895,2.59324e-05,9.12383e-07,2.3672934083744948e-07
0.0139036,2.65983e-05,1.04431e-06,2.4280814835482765e-07
0.0139176,2.72503e-05,1.17455e-06,2.4876006681305045e-07
0.0139317,2.78879e-05,1.30304e-06,2.54580531857472e-07
0.0139457,2.85109e-05,1.42975e-06,2.60267717746234e-07
0.0139598,2.91189e-05,1.55465e-06,2.6581797299561966e-07
0.0139738,2.97117e-05,1.67771e-06,2.712294718637707e-07
0.0139879,3.02889e-05,1.79887e-06,2.764985628669704e-07
0.014002,3.08503e-05,1.91807e-06,2.816234202633604e-07
0.014016,3.13956e-05,2.03524e-06,2.866013054401532e-07
0.0140301,3.19246e-05,2.15031e-06,2.914303926554904e-07
0.0140441,3.24371e-05,2.26322e-06,2.9610885616751374e-07
0.0140582,3.2933e-05,2.37391e-06,3.006357831052939e-07
0.0140723,3.3412e-05,2.48235e-06,3.0500843485604346e-07
0.0140863,3.3874e-05,2.5885e-06,3.0922589854883327e-07
0.0141004,3.43189e-05,2.69232e-06,3.132872613127341e-07
0.0141144,3.47466e-05,2.79382e-06,3.171916102768167e-07
0.0141285,3.54713e-05,2.89296e-06,3.2380718590054996e-07
0.0141425,3.62007e-05,2.98975e-06,3.304656664579544e-07
0.0141566,3.69161e-05,3.08417e-06,3.3699634508527434e-07
0.0141707,3.76169e-05,3.17621e-06,3.4339374455693473e-07
0.0141847,3.83028e-05,3.26587e-06,3.4965512626014793e-07
0.0141988,3.89733e-05,3.35312e-06,3.557759258402682e-07
0.0142128,3.9628e-05,3.43796e-06,3.617524918135787e-07
0.0142269,4.02664e-05,3.52036e-06,3.6758025982543366e-07
0.0142409,4.08882e-05,3.60033e-06,3.732564912630455e-07
0.014255,4.1493e-05,3.67786e-06,3.787775346426976e-07
0.0142691,4.20803e-05,3.75297e-06,3.84138825609744e-07
0.0142831,4.26498e-05,3.82567e-06,3.893376255513972e-07
0.0142972,4.32011e-05,3.89598e-06,3.9437028298394054e-07
0.0143112,4.37338e-05,3.96392e-06,3.9923314642365717e-07
0.0143253,4.42474e-05,4.02952e-06,4.0392165151590144e-07
0.0143394,4.47416e-05,4.09279e-06,4.0843305964788565e-07
0.0143534,4.5216e-05,4.15375e-06,4.127637193358932e-07
0.0143675,4.56701e-05,4.21243e-06,4.169090662252781e-07
0.0143815,4.61035e-05,4.26883e-06,4.208654488323238e-07
0.0143956,4.65159e-05,4.32298e-06,4.246301285442426e-07
0.0144096,4.69068e-05,4.37487e-06,4.281985410063888e-07
0.0144237,4.7276e-05,4.42454e-06,4.315688604769039e-07
0.0144378,4.7907e-05,4.47199e-06,4.3732907603999986e-07
0.0144518,4.86161e-05,4.51724e-06,4.4380224379878174e-07
0.0144659,4.92982e-05,4.56032e-06,4.500289364066863e-07
0.0144799,4.99524e-05,4.60125e-06,4.56000938025351e-07
0.014494,5.05781e-05,4.64006e-06,4.617127714292007e-07
0.0145081,5.11748e-05,4.67677e-06,4.6715987226358953e-07
0.0145221,5.17418e-05,4.71141e-06,4.7233585043201337e-07
0.0145362,5.22788e-05,4.74401e-06,4.772379673216846e-07
0.0145502,5.27852e-05,4.77458e-06,4.818607457070281e-07
0.0145643,5.32606e-05,4.80315e-06,4.862005341043275e-07
0.0145783,5.37047e-05,4.82973e-06,4.902545939007949e-07
0.0145924,5.4117e-05,4.85435e-06,4.940183607417845e-07
0.0146065,5.44972e-05,4.87701e-06,4.97489096014509e-07
0.0146205,5.4845e-05,4.89773e-06,5.006640611061806e-07
0.0146346,5.51602e-05,4.91653e-06,5.03541430274941e-07
0.0146486,5.54424e-05,4.93341e-06,5.061175520370737e-07
0.0146627,5.56915e-05,4.9484e-06,5.083915135216493e-07
0.0146768,5.59072e-05,4.9615e-06,5.103605761158804e-07
0.0146908,5.60894e-05,4.97274e-06,5.120238269488377e-07
0.0147049,5.6238e-05,4.98211e-06,5.133803531495922e-07
0.0147189,5.63528e-05,4.98964e-06,5.144283289762854e-07
0.014733,5.64338e-05,4.99534e-06,5.151677544289173e-07
0.014747,5.6481e-05,4.99921e-06,5.15598629507488e-07
0.0147611,5.64945e-05,5.00127e-06,5.157218670829268e-07
0.0147752,5.64742e-05,5.00151e-06,5.155365542843042e-07
0.0147892,5.64204e-05,4.99995e-06,5.150454297244079e-07
0.0148033,5.63332e-05,4.99659e-06,5.14249406274167e-07
0.0148173,5.62128e-05,4.99143e-06,5.1315030967544e-07
0.0148314,5.60595e-05,4.98447e-06,5.117508785410144e-07
0.0148455,5.58736e-05,4.97571e-06,5.100538514836775e-07
0.0148595,5.56556e-05,4.96515e-06,5.080637928580754e-07
0.0148736,5.54057e-05,4.95278e-06,5.057825284060664e-07
0.0148876,5.51245e-05,4.93861e-06,5.032155353532255e-07
0.0149017,5.48125e-05,4.92262e-06,5.003673780541986e-07
0.0149157,5.44702e-05,4.90482e-06,4.972426208636316e-07
0.0149298,5.40981e-05,4.88519e-06,4.938458281361704e-07
0.0149439,5.36968e-05,4.86374e-06,4.9018247709739e-07
0.0149579,5.3267e-05,4.84046e-06,4.862589578437946e-07
0.014972,5.28094e-05,4.81534e-06,4.820816604718887e-07
0.014986,5.23245e-05,4.78839e-06,4.776551493363176e-07
0.0150001,5.1813e-05,4.75958e-06,4.729858145335862e-07
0.0150142,5.12758e-05,4.72892e-06,4.680818719020566e-07
0.0150282,5.07134e-05,4.69641e-06,4.629478857963748e-07
0.0150423,5.01267e-05,4.66203e-06,4.575920720549035e-07
0.0150563,4.95164e-05,4.62578e-06,4.5202082077414677e-07
0.0150704,4.88832e-05,4.58765e-06,4.4624052205060894e-07
0.0150844,4.8228e-05,4.54765e-06,4.402593917226525e-07
0.0150985,4.75515e-05,4.50575e-06,4.340838198867818e-07
0.0151126,4.68544e-05,4.46197e-06,4.277201966395009e-07
0.0151266,4.61376e-05,4.4163e-06,4.211767378191725e-07
0.0151407,4.54018e-05,4.36873e-06,4.1445983352230084e-07
0.0151547,4.46479e-05,4.31927e-06,4.0757769958724844e-07
0.0151688,4.38765e-05,4.26792e-06,4.0053581323959033e-07
0.0151828,4.32701e-05,4.21468e-06,3.9500016392507145e-07
0.0151969,4.26998e-05,4.15955e-06,3.8979406101598485e-07
0.015211,4.211e-05,4.10254e-06,3.844099482757091e-07
0.015225,4.15006e-05,4.04366e-06,3.7884691283331493e-07
0.0152391,4.08717e-05,3.98293e-06,3.731058675597316e-07
0.0152531,4.02234e-05,3.92034e-06,3.671877253258883e-07
0.0152672,3.95558e-05,3.85592e-06,3.610933990027141e-07
0.0152813,3.88689e-05,3.78967e-06,3.548228885902092e-07
0.0152953,3.8163e-05,3.72162e-06,3.483789327011609e-07
0.0153094,3.74382e-05,3.65179e-06,3.4176244420649846e-07
0.0153234,3.66948e-05,3.58019e-06,3.3497616171900947e-07
0.0153375,3.59328e-05,3.50685e-06,3.2802008523869387e-07
0.0153515,3.51526e-05,3.4318e-06,3.2089786624926836e-07
0.0153656,3.43545e-05,3.35505e-06,3.1361224336352044e-07
0.0153797,3.35388e-05,3.27665e-06,3.061659551942377e-07
0.0153937,3.27058e-05,3.19661e-06,2.985617403542077e-07
0.0154078,3.18558e-05,3.11497e-06,2.9080233745621787e-07
0.0154218,3.09893e-05,3.03178e-06,2.8289231085491404e-07
0.0154359,3.01066e-05,2.94705e-06,2.748343991630839e-07
0.01545,2.92081e-05,2.86085e-06,2.66632253864444e-07
0.015464,2.82944e-05,2.77319e-06,2.5829135218456954e-07
0.0154781,2.73658e-05,2.68414e-06,2.4981443273624794e-07
0.0154921,2.64229e-05,2.59373e-06,2.412069727450542e-07
0.0155062,2.54662e-05,2.50201e-06,2.3247353656563434e-07
0.0155202,2.45787e-05,2.40904e-06,2.2437180706920376e-07
0.0155343,2.36972e-05,2.31486e-06,2.163248498285237e-07
0.0155484,2.28778e-05,2.21953e-06,2.0884478543486148e-07
0.0155624,2.20482e-05,2.1231e-06,2.012716082064234e-07
0.0155765,2.12077e-05,2.02563e-06,1.9359892804670517e-07
0.0155905,2.03569e-05,1.92718e-06,1.8583222218128194e-07
0.0156046,1.94963e-05,1.82781e-06,1.7797605496479947e-07
0.0156187,1.86262e-05,1.72758e-06,1.7003316501004543e-07
0.0156327,1.77472e-05,1.62655e-06,1.6200902954259473e-07
0.0156468,1.68599e-05,1.52479e-06,1.539091257880225e-07
0.0156608,1.60235e-05,1.42236e-06,1.4627387333640048e-07
0.0156749,1.5229e-05,1.31933e-06,1.390211138041029e-07
0.0156889,1.44287e-05,1.21577e-06,1.3171540775791318e-07
0.015703,1.36609e-05,1.11175e-06,1.247063847637054e-07
0.0157171,1.2943e-05,1.00733e-06,1.1815288436315607e-07
0.0157311,1.22204e-05,9.02588e-07,1.1155647902893553e-07
0.0157452,1.22439e-05,7.97596e-07,1.1177100369729171e-07
0.0157592,1.27415e-05,6.92408e-07,1.163134494408679e-07
0.0157733,1.32314e-05,5.8708e-07,1.2078560412289757e-07
0.0157874,1.37134e-05,4.81667e-07,1.251856420015224e-07
0.0158014,1.41869e-05,3.76212e-07,1.2950808585116736e-07
0.0158155,1.46517e-05,2.70779e-07,1.3375110992997403e-07
0.0158295,1.51073e-05,1.65457e-07,1.379101498832966e-07
0.0158436,1.55535e-05,6.32541e-08,1.4198337996927667e-07
0.0158576,1.59899e-05,6.26776e-08,1.459671487041976e-07
0.0158717,1.64162e-05,1.48083e-07,1.498587174752718e-07
0.0158858,1.68322e-05,2.51515e-07,1.5365626054064096e-07
0.0158998,1.72376e-05,3.54279e-07,1.573570392875175e-07
0.0159139,1.76322e-05,4.56402e-07,1.6095922797404316e-07
0.0159279,1.80159e-05,5.57859e-07,1.644619137292887e-07
0.015942,1.83885e-05,6.58603e-07,1.6786327081139576e-07
0.015956,1.88698e-05,7.5859e-07,1.7225691859351638e-07
0.0159701,1.93731e-05,8.5778e-07,1.7685139798005554e-07
0.0159842,1.98654e-05,9.56108e-07,1.8134546156438546e-07
0.0159982,2.03464e-05,1.05349e-06,1.857363707337185e-07
0.0160123,2.08158e-05,1.14983e-06,1.9002138687526728e-07
0.0160263,2.12732e-05,1.24505e-06,1.94196858505315e-07
0.0160404,2.17184e-05,1.3391e-06,1.982609598820033e-07
0.0160545,2.21511e-05,1.43194e-06,2.0221095239254473e-07
0.0160685,2.2571e-05,1.52354e-06,2.0604409742415174e-07
0.0160826,2.29905e-05,1.61386e-06,2.09873590972042e-07
0.0160966,2.34746e-05,1.70287e-06,2.1429279914017954e-07
0.0161107,2.39466e-05,1.79052e-06,2.1860154992588684e-07
0.0161247,2.44245e-05,1.87678e-06,2.229641600964155e-07
0.0161388,2.49023e-05,1.9616e-06,2.2732585739601497e-07
0.0161529,2.53664e-05,2.04493e-06,2.3156249137831745e-07
0.0161669,2.58166e-05,2.12672e-06,2.356722363014645e-07
0.016181,2.62584e-05,2.20692e-06,2.3970530006656087e-07
0.016195,2.67143e-05,2.28549e-06,2.4386707863267095e-07
0.0162091,2.71561e-05,2.36241e-06,2.4790014239776734e-07
0.0162232,2.75835e-05,2.43765e-06,2.518017527490625e-07
0.0162372,2.79965e-05,2.51117e-06,2.5557190968655636e-07
0.0162513,2.84569e-05,2.58298e-06,2.5977476744447936e-07
0.0162653,2.89111e-05,2.65304e-06,2.639210272047934e-07
0.0162794,2.93507e-05,2.72134e-06,2.67934007809448e-07
0.0162934,2.97756e-05,2.78786e-06,2.7181279638751374e-07
0.0163075,3.02797e-05,2.85258e-06,2.764145787414863e-07
0.0163216,3.09216e-05,2.91548e-06,2.822742972358624e-07
0.0163356,3.15434e-05,2.97653e-06,2.8795052867347425e-07
0.0163497,3.21447e-05,3.03572e-06,2.934396215706052e-07
0.0163637,3.27257e-05,3.09303e-06,2.9874340166911356e-07
0.0163778,3.32862e-05,3.14845e-06,3.03860043227141e-07
0.0163919,3.38263e-05,3.20196e-06,3.0879045911561663e-07
0.0164059,3.43458e-05,3.25355e-06,3.1353282359268224e-07
0.01642,3.48449e-05,3.30324e-06,3.1808896240019607e-07
0.016434,3.53234e-05,3.35101e-06,3.2245704979629973e-07
0.0164481,3.57816e-05,3.39687e-06,3.2663982439378087e-07
0.0164621,3.62193e-05,3.44082e-06,3.3063546045078103e-07
0.0164762,3.66367e-05,3.48287e-06,3.344457837091587e-07
0.0164903,3.70339e-05,3.52301e-06,3.380717070398428e-07
0.0165043,3.74111e-05,3.56125e-06,3.4151505618469195e-07
0.0165184,3.77683e-05,3.5976e-06,3.447758311437061e-07
0.0165324,3.81057e-05,3.63206e-06,3.4785585765874345e-07
0.0165465,3.84236e-05,3.66463e-06,3.507578743425917e-07
0.0165606,3.8722e-05,3.69532e-06,3.534818811952507e-07
0.0165746,3.90672e-05,3.72415e-06,3.5663311164276375e-07
0.0165887,3.94386e-05,3.75111e-06,3.600235142737207e-07
0.0166027,3.97898e-05,3.77622e-06,3.632295169769843e-07
0.0166168,4.01206e-05,3.79949e-06,3.662492940106961e-07
0.0166308,4.04305e-05,3.82094e-06,3.690782810202103e-07
0.0166449,4.07193e-05,3.84057e-06,3.717146522636685e-07
0.016659,4.09867e-05,3.8584e-06,3.7415566912828316e-07
0.016673,4.12324e-05,3.87444e-06,3.7639859300126683e-07
0.0166871,4.14562e-05,3.88871e-06,3.7844159814076107e-07
0.0167011,4.16579e-05,3.90122e-06,3.802828588049076e-07
0.0167152,4.18374e-05,3.91198e-06,3.8192146212277724e-07
0.0167292,4.19945e-05,3.921e-06,3.8335558235251163e-07
0.0167433,4.21292e-05,3.9283e-06,3.8458521949411074e-07
0.0167574,4.22413e-05,3.93388e-06,3.856085478057162e-07
0.0167714,4.23308e-05,3.93777e-06,3.8642556728732804e-07
0.0167855,4.23976e-05,3.93997e-06,3.870353650680172e-07
0.0167995,4.24417e-05,3.9405e-06,3.8743794114778346e-07
0.0168136,4.24631e-05,3.93936e-06,3.8763329552662693e-07
0.0168277,4.24618e-05,3.93659e-06,3.876214282045477e-07
0.0168417,4.24379e-05,3.93218e-06,3.8740325205247484e-07
0.0168558,4.23913e-05,3.92616e-06,3.8697785419947916e-07
0.0168698,4.23222e-05,3.91855e-06,3.86347060387419e-07
0.0168839,4.22306e-05,3.90934e-06,3.8551087061629444e-07
0.0168979,4.21165e-05,3.89857e-06,3.8446928488610546e-07
0.016912,4.19802e-05,3.88623e-06,3.8322504180963955e-07
0.0169261,4.18217e-05,3.87235e-06,3.8177814138689675e-07
0.0169401,4.16412e-05,3.85694e-06,3.801304093597353e-07
0.0169542,4.14388e-05,3.84e-06,3.782827585990846e-07
0.0169682,4.12147e-05,3.82154e-06,3.7623701484680277e-07
0.0169823,4.09692e-05,3.80159e-06,3.739959167156775e-07
0.0169964,4.07024e-05,3.78014e-06,3.7156037707663786e-07
0.0170104,4.04145e-05,3.75721e-06,3.6893222167154224e-07
0.0170245,4.01059e-05,3.73281e-06,3.6611510198410735e-07
0.0170385,3.97768e-05,3.70695e-06,3.6311084375619154e-07
0.0170526,3.94275e-05,3.67964e-06,3.599221856005823e-07
0.0170666,3.90582e-05,3.6509e-06,3.5655095325913794e-07
0.0170807,3.86694e-05,3.62073e-06,3.5300171108650447e-07
0.0170948,3.82613e-05,3.58914e-06,3.492762848245402e-07
0.0171088,3.78343e-05,3.55615e-06,3.4537832595696173e-07
0.0171229,3.73888e-05,3.52177e-06,3.4131148596748587e-07
0.0171369,3.69252e-05,3.48601e-06,3.370794163398293e-07
0.017151,3.64438e-05,3.44888e-06,3.326848556867795e-07
0.0171651,3.59451e-05,3.4104e-06,3.2813236836298244e-07
0.0171791,3.54733e-05,3.37057e-06,3.238254433191335e-07
0.0171932,3.50037e-05,3.32941e-06,3.1953860143572637e-07
0.0172072,3.4518e-05,3.28694e-06,3.15104787332722e-07
0.0172213,3.40164e-05,3.24315e-06,3.1052582675197887e-07
0.0172353,3.34996e-05,3.19808e-06,3.0580810979000103e-07
0.0172494,3.29678e-05,3.15172e-06,3.009534621886469e-07
0.0172635,3.24216e-05,3.10409e-06,2.9596736117349154e-07
0.0172775,3.18613e-05,3.05521e-06,2.9085254535732244e-07
0.0172916,3.12875e-05,3.00508e-06,2.8561449196571477e-07
0.0173056,3.07007e-05,2.95373e-06,2.802577653533142e-07
0.0173197,3.01012e-05,2.90117e-06,2.7478510413290843e-07
0.0173338,2.94896e-05,2.84742e-06,2.6920198553007243e-07
0.0173478,2.88664e-05,2.79249e-06,2.635129738994521e-07
0.0173619,2.82319e-05,2.7364e-06,2.5772080785383496e-07
0.0173759,2.75868e-05,2.67917e-06,2.5183187748972526e-07
0.01739,2.69315e-05,2.62082e-06,2.458498342908397e-07
0.017404,2.63052e-05,2.56137e-06,2.401325236614149e-07
0.0174181,2.5672e-05,2.50084e-06,2.3435222493787707e-07
0.0174322,2.50277e-05,2.43925e-06,2.2847059754120077e-07
0.0174462,2.43725e-05,2.37663e-06,2.2248946721324436e-07
0.0174603,2.37067e-05,2.313e-06,2.1641157256679535e-07
0.0174743,2.30305e-05,2.24838e-06,2.1023873934371211e-07
0.0174884,2.23442e-05,2.18281e-06,2.039737061567822e-07
0.0175025,2.1648e-05,2.11631e-06,1.9761829874786393e-07
0.0175165,2.09422e-05,2.0489e-06,1.9117525572974484e-07
0.0175306,2.02456e-05,1.98062e-06,1.8481619683710985e-07
0.0175446,1.9553e-05,1.91149e-06,1.784936527816419e-07
0.0175587,1.88891e-05,1.84155e-06,1.724331026828472e-07
0.0175727,1.82171e-05,1.77082e-06,1.6629861003878933e-07
0.0175868,1.75372e-05,1.69935e-06,1.6009200059132665e-07
0.0176009,1.68498e-05,1.62716e-06,1.538169258241758e-07
0.0176149,1.61552e-05,1.55428e-06,1.4747612435012431e-07
0.017629,1.54538e-05,1.48076e-06,1.4107324765288895e-07
0.017643,1.47459e-05,1.40662e-06,1.3461103434525715e-07
0.0176571,1.40319e-05,1.3319e-06,1.2809313591094568e-07
0.0176711,1.33214e-05,1.25665e-06,1.216071879591553e-07
0.0176852,1.26255e-05,1.1809e-06,1.1525451916302458e-07
0.0176993,1.19278e-05,1.10468e-06,1.0888541869016866e-07
0.0177133,1.1231e-05,1.02804e-06,1.0252453405567533e-07
0.0177274,1.06148e-05,9.51026e-07,9.689942339009729e-08
0.0177414,1.03075e-05,8.73666e-07,9.409417102474167e-08
0.0177555,1.04847e-05,7.96005e-07,9.571177831124025e-08
0.0177696,1.06674e-05,7.18086e-07,9.737959349884348e-08
0.0177836,1.08549e-05,6.39951e-07,9.909122649104712e-08
0.0177977,1.10467e-05,5.6164e-07,1.0084211293320531e-07
0.0178117,1.12423e-05,4.83201e-07,1.0262768847067215e-07
0.0178258,1.1441e-05,4.04688e-07,1.0444156300694341e-07
0.0178398,1.16426e-05,3.2616e-07,1.0628191080016077e-07
0.0178539,1.18466e-05,2.47674e-07,1.0814416749567834e-07
0.017868,1.20523e-05,1.69308e-07,1.1002194299699189e-07
0.017882,1.23341e-05,9.29527e-08,1.1259441327540781e-07
0.0178961,1.26783e-05,6.4842e-08,1.1573651501362912e-07
0.0179101,1.30175e-05,1.1376e-07,1.1883297320539166e-07
0.0179242,1.33515e-05,1.72369e-07,1.218819621088371e-07
0.0179383,1.368e-05,2.30616e-07,1.2488074311117785e-07
0.0179523,1.40028e-05,2.9843e-07,1.2782749047055566e-07
0.0179664,1.43197e-05,3.75725e-07,1.307203784451121e-07
0.0179804,1.46306e-05,4.52632e-07,1.3355849416391806e-07
0.0179945,1.49352e-05,5.29069e-07,1.3633909901418595e-07
0.0180085,1.52905e-05,6.04967e-07,1.395825294255457e-07
0.0180226,1.56754e-05,6.80282e-07,1.4309616963194132e-07
0.0180367,1.6052e-05,7.54991e-07,1.4653404155121545e-07
0.0180507,1.64199e-05,8.29075e-07,1.4989249369965127e-07
0.0180648,1.67791e-05,9.02505e-07,1.5317152607724887e-07
0.0180788,1.71294e-05,9.7525e-07,1.5636931294214986e-07
0.0180929,1.74705e-05,1.04727e-06,1.5948311568156675e-07
0.018107,1.78024e-05,1.11852e-06,1.6251293429549948e-07
0.018121,1.81247e-05,1.18896e-06,1.6545511730023138e-07
0.0181351,1.84375e-05,1.25854e-06,1.6831057756669168e-07
0.0181491,1.87406e-05,1.32723e-06,1.7107748935302194e-07
0.0181632,1.90339e-05,1.39498e-06,1.73754939788293e-07
0.0181772,1.93172e-05,1.46174e-06,1.7634110313064655e-07
0.0181913,1.95906e-05,1.52751e-06,1.7883689225101176e-07
0.0182054,1.98538e-05,1.59223e-06,1.812395685366011e-07
0.0182194,2.01068e-05,1.65589e-06,1.8354913198741455e-07
0.0182335,2.03495e-05,1.71845e-06,1.8576466973252295e-07
0.0182475,2.05869e-05,1.77988e-06,1.8793182531838507e-07
0.0182616,2.09682e-05,1.84016e-06,1.914126021713304e-07
0.0182757,2.13524e-05,1.89924e-06,1.949198522812218e-07
0.0182897,2.17263e-05,1.95709e-06,1.9833307668540815e-07
0.0183038,2.20886e-05,2.01368e-06,2.016404080618102e-07
0.0183178,2.24392e-05,2.06899e-06,2.048409335394987e-07
0.0183319,2.2778e-05,2.12299e-06,2.0793374024754456e-07
0.0183459,2.31049e-05,2.17566e-06,2.1091791531501853e-07
0.01836,2.35019e-05,2.22697e-06,2.1454201290384438e-07
0.0183741,2.40081e-05,2.27693e-06,2.1916296554732966e-07
0.0183881,2.44999e-05,2.3255e-06,2.2365246477701364e-07
0.0184022,2.49771e-05,2.37269e-06,2.2800868485103804e-07
0.0184162,2.54396e-05,2.41847e-06,2.322307128984737e-07
0.0184303,2.58871e-05,2.46283e-06,2.363158103065331e-07
0.0184443,2.63195e-05,2.50575e-06,2.40263064204287e-07
0.0184584,2.67367e-05,2.54723e-06,2.4407156172080623e-07
0.0184725,2.71385e-05,2.58725e-06,2.4773947711423253e-07
0.0184865,2.75249e-05,2.62578e-06,2.512668103845658e-07
0.0185006,2.78957e-05,2.66282e-06,2.546517357899477e-07
0.0185146,2.82508e-05,2.69836e-06,2.5789334045944913e-07
0.0185287,2.85901e-05,2.73238e-06,2.609907115221408e-07
0.0185428,2.89135e-05,2.76488e-06,2.639429361070937e-07
0.0185568,2.92209e-05,2.79586e-06,2.6674910134337847e-07
0.0185709,2.95123e-05,2.8253e-06,2.694092072309952e-07
0.0185849,2.97876e-05,2.8532e-06,2.7192234089901476e-07
0.018599,3.00468e-05,2.87958e-06,2.7428850234743705e-07
0.018613,3.02897e-05,2.90442e-06,2.765058658344038e-07
0.0186271,3.05165e-05,2.92772e-06,2.7857625710177336e-07
0.0186412,3.0727e-05,2.94949e-06,2.804978504076873e-07
0.0186552,3.09214e-05,2.96972e-06,2.8227247149400403e-07
0.0186693,3.11032e-05,2.98843e-06,2.8393207084324467e-07
0.0186833,3.13074e-05,3.00561e-06,2.857961532806206e-07
0.0186974,3.1497e-05,3.02126e-06,2.875269565623369e-07
0.0187115,3.16719e-05,3.0354e-06,2.8912356781746446e-07
0.0187255,3.18318e-05,3.04802e-06,2.9058324843321577e-07
0.0187396,3.19768e-05,3.05914e-06,2.9190691128051994e-07
0.0187536,3.21066e-05,3.06876e-06,2.9309181774658946e-07
0.0187677,3.22211e-05,3.07688e-06,2.9413705496049515e-07
0.0187817,3.23203e-05,3.08352e-06,2.9504262292223704e-07
0.0187958,3.24039e-05,3.08869e-06,2.9580578301902754e-07
0.0188099,3.2472e-05,3.09239e-06,2.9642744812179584e-07
0.0188239,3.25244e-05,3.09464e-06,2.9690579248868376e-07
0.018838,3.25609e-05,3.09545e-06,2.9723899037783273e-07
0.018852,3.25816e-05,3.09483e-06,2.97427954660172e-07
0.0188661,3.25864e-05,3.0928e-06,2.974717724647724e-07
0.0188802,3.25753e-05,3.08935e-06,2.9737044379163396e-07
0.0188942,3.25481e-05,3.08452e-06,2.971221428988983e-07
0.0189083,3.2505e-05,3.0783e-06,2.9672869552842374e-07
0.0189223,3.24458e-05,3.07072e-06,2.96188275938352e-07
0.0189364,3.23707e-05,3.06179e-06,2.9550270987054134e-07
0.0189504,3.22797e-05,3.05152e-06,2.9467199732499185e-07
0.0189645,3.21727e-05,3.03992e-06,2.9369522543077425e-07
0.0189786,3.205e-05,3.02702e-06,2.925751328006762e-07
0.0189926,3.19115e-05,3.01282e-06,2.9131080656376845e-07
0.0190067,3.17573e-05,2.99734e-06,2.899031595909802e-07
0.0190207,3.15876e-05,2.98059e-06,2.8835401762416976e-07
0.0190348,3.14024e-05,2.9626e-06,2.8666338066333716e-07
0.0190489,3.1202e-05,2.94337e-06,2.8483398732126986e-07
0.0190629,3.09863e-05,2.92293e-06,2.8286492472703877e-07
0.019077,3.07556e-05,2.90128e-06,2.8075893149343144e-07
0.019091,3.051e-05,2.87845e-06,2.78516920491377e-07
0.0191051,3.02498e-05,2.85446e-06,2.7614163033366287e-07
0.0191191,2.9975e-05,2.82931e-06,2.7363306102028923e-07
0.0191332,2.96859e-05,2.80302e-06,2.709939511640435e-07
0.0191473,2.93826e-05,2.77562e-06,2.682252136358549e-07
0.0191613,2.90654e-05,2.74711e-06,2.6532958704851094e-07
0.0191754,2.87346e-05,2.71752e-06,2.623098100147991e-07
0.0191894,2.83902e-05,2.68685e-06,2.5916588253471946e-07
0.0192035,2.80326e-05,2.65513e-06,2.559014560919887e-07
0.0192175,2.76621e-05,2.62236e-06,2.5251926929939426e-07
0.0192316,2.72787e-05,2.58857e-06,2.490193221569362e-07
0.0192457,2.68829e-05,2.55378e-06,2.454061790192605e-07
0.0192597,2.64748e-05,2.518e-06,2.4168075275729616e-07
0.0192738,2.60548e-05,2.48124e-06,2.3784669485476003e-07
0.0192878,2.5623e-05,2.44354e-06,2.3390491818258118e-07
0.0193019,2.51799e-05,2.40489e-06,2.2985998709540553e-07
0.019316,2.47256e-05,2.36533e-06,2.2571281446416224e-07
0.01933,2.42604e-05,2.32487e-06,2.2146613890163884e-07
0.0193441,2.37848e-05,2.28353e-06,2.1712452476248125e-07
0.0193581,2.32988e-05,2.24133e-06,2.1268797204668942e-07
0.0193722,2.28356e-05,2.19828e-06,2.084595539027495e-07
0.0193862,2.23765e-05,2.1544e-06,2.0426856346690583e-07
0.0194003,2.19078e-05,2.10972e-06,1.999899374218613e-07
0.0194144,2.143e-05,2.06425e-06,1.9562824012226183e-07
0.0194284,2.09432e-05,2.01802e-06,1.9118438443903657e-07
0.0194425,2.04479e-05,1.97103e-06,1.8666293472683144e-07
0.0194565,1.99442e-05,1.9233e-06,1.8206480385657558e-07
0.0194706,1.94326e-05,1.87487e-06,1.7739455618291484e-07
0.0194847,1.89133e-05,1.82574e-06,1.7265401744770764e-07
0.0194987,1.83868e-05,1.77595e-06,1.6784775200559982e-07
0.0195128,1.78533e-05,1.72549e-06,1.629775855984497e-07
0.0195268,1.73131e-05,1.67441e-06,1.5804625683904483e-07
0.0195409,1.67667e-05,1.62271e-06,1.5305833008203114e-07
0.0195549,1.62144e-05,1.57042e-06,1.4801654394019607e-07
0.019569,1.56564e-05,1.51757e-06,1.4292272415539806e-07
0.0195831,1.50933e-05,1.46416e-06,1.3778234795321205e-07
0.0195971,1.45252e-05,1.41023e-06,1.325963282045673e-07
0.0196112,1.39526e-05,1.3558e-06,1.2736922926410965e-07
0.0196252,1.34565e-05,1.30088e-06,1.2284047658447114e-07
0.0196393,1.29739e-05,1.24551e-06,1.1843496148027123e-07
0.0196534,1.24867e-05,1.1897e-06,1.139874543133293e-07
0.0196674,1.19952e-05,1.13349e-06,1.095006936964328e-07
0.0196815,1.14995e-05,1.07688e-06,1.0497559250051096e-07
0.0196955,1.09999e-05,1.01991e-06,1.0041488933835127e-07
0.0197096,1.04965e-05,9.62607e-07,9.581949708088293e-08
0.0197236,1.00141e-05,9.04988e-07,9.141580771854139e-08
0.0197377,9.56093e-06,8.47083e-07,8.72789505287978e-08
0.0197518,9.10496e-06,7.88917e-07,8.311653295303729e-08
0.0197658,8.64647e-06,7.30516e-07,7.893111102986156e-08
0.0197799,8.21361e-06,6.71907e-07,7.497965792583345e-08
0.0197939,7.80109e-06,6.13116e-07,7.12138827687996e-08
0.019808,7.38629e-06,5.5417e-07,6.742729415458055e-08
0.0198221,7.55235e-06,4.95098e-07,6.894320761956902e-08
0.0198361,7.83398e-06,4.35923e-07,7.151412601740536e-08
0.0198502,8.11279e-06,3.76665e-07,7.405930145503895e-08
0.0198642,8.38846e-06,3.1734e-07,7.657581274549642e-08
0.0198783,8.66071e-06,2.5797e-07,7.906110385017613e-08
0.0198923,8.92925e-06,1.98566e-07,8.15125274433834e-08
0.0199064,9.1938e-06,1.39155e-07,8.39275274865166e-08
0.0199205,9.45414e-06,7.9783e-08,8.630409566353151e-08
0.0199345,9.71e-06,3.9886e-08,8.863976722291938e-08
0.0199486,9.96116e-06,6.55947e-08,9.0932533848636e-08
0.0199626,1.02074e-05,1.125e-07,9.31803872246372e-08
0.0199767,1.04485e-05,1.59117e-07,9.53813190348788e-08
0.0199908,1.06844e-05,2.13869e-07,9.753478155680328e-08
0.0200048,1.09148e-05,2.71817e-07,9.963803617762311e-08
0.0200189,1.11396e-05,3.29493e-07,1.0169017002640912e-07
0.0200329,1.13587e-05,3.8688e-07,1.0369027023223217e-07
0.020047,1.1572e-05,4.43962e-07,1.0563742392416303e-07
0.020061,1.18475e-05,5.00719e-07,1.0815238333404092e-07
0.0200751,1.21322e-05,5.5711e-07,1.1075132686940294e-07
0.0200892,1.24113e-05,6.13089e-07,1.1329914963273112e-07
0.0201032,1.26848e-05,6.68614e-07,1.157958516240255e-07
0.0201173,1.29541e-05,7.23648e-07,1.1825421303629454e-07
0.0201313,1.32206e-05,7.78166e-07,1.2068701406254666e-07
0.0201454,1.34799e-05,8.32147e-07,1.2305408838189813e-07
0.0201594,1.3732e-05,8.85571e-07,1.25355435994349e-07
0.0201735,1.40193e-05,9.3842e-07,1.2797811417386958e-07
0.0201876,1.4311e-05,9.90669e-07,1.3064095867427387e-07
0.0202016,1.45951e-05,1.0423e-06,1.3323442498406082e-07
0.0202157,1.48714e-05,1.09328e-06,1.3575668736137212e-07
0.0202297,1.51399e-05,1.14359e-06,1.3820774580620775e-07
0.0202438,1.54005e-05,1.1932e-06,1.405866874476385e-07
0.0202579,1.5653e-05,1.24208e-06,1.428916865438061e-07
0.0202719,1.58974e-05,1.2902e-06,1.4512274309471048e-07
0.020286,1.61336e-05,1.33753e-06,1.4727894422942246e-07
0.0203,1.63615e-05,1.38406e-06,1.493593770770129e-07
0.0203141,1.6581e-05,1.42976e-06,1.5136312876655263e-07
0.0203281,1.68332e-05,1.47461e-06,1.536653892499327e-07
0.0203422,1.71133e-05,1.51859e-06,1.5622234072255266e-07
0.0203563,1.73845e-05,1.56169e-06,1.5869804668247598e-07
0.0203703,1.76466e-05,1.60389e-06,1.610906813878444e-07
0.0203844,1.78997e-05,1.64517e-06,1.6340115770958704e-07
0.0203984,1.81436e-05,1.68551e-06,1.6562764990584552e-07
0.0204125,1.83971e-05,1.72488e-06,1.6794177771130486e-07
0.0204266,1.87659e-05,1.76327e-06,1.7130844569810326e-07
0.0204406,1.91251e-05,1.80065e-06,1.7458747807570088e-07
0.0204547,1.94744e-05,1.837e-06,1.7777613623131012e-07
0.0204687,1.98139e-05,1.87232e-06,1.8087533303586017e-07
0.0204828,2.01433e-05,1.90657e-06,1.8388232987656354e-07
0.0204968,2.04694e-05,1.93976e-06,1.8685920197660411e-07
0.0205109,2.07978e-05,1.97186e-06,1.8985707010801573e-07
0.020525,2.11145e-05,2.00288e-06,1.9274813234071382e-07
0.020539,2.14194e-05,2.03279e-06,1.9553147580376924e-07
0.0205531,2.17125e-05,2.06159e-06,1.9820710049718196e-07
0.0205671,2.19936e-05,2.08928e-06,2.0077318067909367e-07
0.0205812,2.22627e-05,2.11584e-06,2.0322971634950435e-07
0.0205953,2.25197e-05,2.14127e-06,2.055757946374848e-07
0.0206093,2.27646e-05,2.16555e-06,2.0781141554303505e-07
0.0206234,2.29974e-05,2.18869e-06,2.0993657906615512e-07
0.0206374,2.3218e-05,2.21066e-06,2.1195037233591579e-07
0.0206515,2.34265e-05,2.23148e-06,2.1385370822324623e-07
0.0206655,2.36228e-05,2.25113e-06,2.156456738572173e-07
0.0206796,2.38068e-05,2.2696e-06,2.173253563668998e-07
0.0206937,2.39787e-05,2.28691e-06,2.188945814941521e-07
0.0207077,2.41383e-05,2.30303e-06,2.2035152349711583e-07
0.0207218,2.42857e-05,2.31798e-06,2.2169709524672021e-07
0.0207358,2.44209e-05,2.33174e-06,2.2293129674296517e-07
0.0207499,2.45438e-05,2.34433e-06,2.240532151149216e-07
0.020764,2.46544e-05,2.35574e-06,2.2506285036258944e-07
0.020778,2.47528e-05,2.36597e-06,2.2596111535689793e-07
0.0207921,2.48389e-05,2.37502e-06,2.2674709722691784e-07
0.0208061,2.49127e-05,2.3829e-06,2.2742079597264918e-07
0.0208202,2.49743e-05,2.3896e-06,2.2798312446502115e-07
0.0208342,2.50237e-05,2.39513e-06,2.2843408270403375e-07
0.0208483,2.50609e-05,2.3995e-06,2.2877367068968694e-07
0.0208624,2.5086e-05,2.40271e-06,2.2900280129290994e-07
0.0208764,2.5099e-05,2.40476e-06,2.2912147451370275e-07
0.0208905,2.50999e-05,2.40566e-06,2.291296903520653e-07
0.0209045,2.50889e-05,2.40542e-06,2.29029274549856e-07
0.0209186,2.50659e-05,2.40404e-06,2.2881931423614572e-07
0.0209326,2.50312e-05,2.40153e-06,2.2850254802372187e-07
0.0209467,2.49847e-05,2.39789e-06,2.280780630416554e-07
0.0209608,2.49266e-05,2.39315e-06,2.2754768503180454e-07
0.0209748,2.4857e-05,2.3873e-06,2.2691232686509855e-07
0.0209889,2.47759e-05,2.38035e-06,2.2617198854153742e-07
0.0210029,2.4685e-05,2.37233e-06,2.253421888669171e-07
0.021017,2.45909e-05,2.36322e-06,2.2448317732256314e-07
0.0210311,2.44855e-05,2.35305e-06,2.235210113632124e-07
0.0210451,2.43689e-05,2.34183e-06,2.2245660385979404e-07
0.0210592,2.4241e-05,2.32956e-06,2.2128904194137885e-07
0.0210732,2.41019e-05,2.31627e-06,2.2001923847889604e-07
0.0210873,2.39518e-05,2.30195e-06,2.1864901921420394e-07
0.0211013,2.37906e-05,2.28662e-06,2.171774712763734e-07
0.0211154,2.36185e-05,2.2703e-06,2.1560642040726275e-07
0.0211295,2.34355e-05,2.25299e-06,2.1393586660687198e-07
0.0211435,2.32418e-05,2.23471e-06,2.121676356170595e-07
0.0211576,2.30373e-05,2.21547e-06,2.1030081456689606e-07
0.0211716,2.28223e-05,2.19529e-06,2.083381420691692e-07
0.0211857,2.25968e-05,2.17418e-06,2.0627961812387895e-07
0.0211998,2.2361e-05,2.15215e-06,2.0412706847288367e-07
0.0212138,2.21149e-05,2.12922e-06,2.018804931161833e-07
0.0212279,2.18588e-05,2.10541e-06,1.9954263066656541e-07
0.0212419,2.15927e-05,2.08072e-06,1.9711348112403e-07
0.021256,2.13168e-05,2.05519e-06,1.945948702304354e-07
0.02127,2.10312e-05,2.02881e-06,1.9198771085671082e-07
0.0212841,2.07362e-05,2.00161e-06,1.8929474161564376e-07
0.0212982,2.04319e-05,1.97361e-06,1.865168753781634e-07
0.0213122,2.01449e-05,1.94481e-06,1.8389693581143035e-07
0.0213263,1.9855e-05,1.91524e-06,1.812505229877512e-07
0.0213403,1.95563e-05,1.88491e-06,1.7852377752230466e-07
0.0213544,1.92491e-05,1.85384e-06,1.757194380278782e-07
0.0213685,1.89334e-05,1.82204e-06,1.7283750450447186e-07
0.0213825,1.86095e-05,1.78953e-06,1.6988071556487313e-07
0.0213966,1.82776e-05,1.75632e-06,1.668508969509404e-07
0.0214106,1.79378e-05,1.72244e-06,1.637489615336028e-07
0.0214247,1.75905e-05,1.6879e-06,1.6057856079657706e-07
0.0214387,1.72357e-05,1.65272e-06,1.573396947398632e-07
0.0214528,1.68738e-05,1.6169e-06,1.5403601484717786e-07
0.0214669,1.65049e-05,1.58049e-06,1.5066843398945025e-07
0.0214809,1.61292e-05,1.54348e-06,1.4723877790853876e-07
0.021495,1.5747e-05,1.50589e-06,1.4374978521723085e-07
0.021509,1.53584e-05,1.46776e-06,1.402023687864557e-07
0.0215231,1.49638e-05,1.42908e-06,1.3660018009993007e-07
0.0215372,1.45633e-05,1.38989e-06,1.3294413202858308e-07
0.0215512,1.41572e-05,1.3502e-06,1.292369631852023e-07
0.0215653,1.37456e-05,1.31004e-06,1.2547958644071684e-07
0.0215793,1.33289e-05,1.26941e-06,1.2167565327884348e-07
0.0215934,1.29072e-05,1.22834e-06,1.1782607657051134e-07
0.0216074,1.24808e-05,1.18685e-06,1.1393359492850794e-07
0.0216215,1.205e-05,1.14495e-06,1.1000094696562085e-07
0.0216356,1.16209e-05,1.10267e-06,1.0608381780852975e-07
0.0216496,1.12289e-05,1.06003e-06,1.0250536376616266e-07
0.0216637,1.0833e-05,1.01704e-06,9.889130775755773e-08
0.0216777,1.04333e-05,9.7372e-07,9.524256265364416e-08
0.0216918,1.00301e-05,9.30098e-07,9.156186706720945e-08
0.0217058,9.62368e-06,8.8619e-07,8.785177703685527e-08
0.0217199,9.21415e-06,8.42015e-07,8.411329672060377e-08
0.021734,8.8018e-06,7.97593e-07,8.034907344414951e-08
0.021748,8.38683e-06,7.52945e-07,7.656093294935086e-08
0.0217621,7.96949e-06,7.08089e-07,7.275115741353076e-08
0.0217761,7.54999e-06,6.63047e-07,6.892166386564048e-08
0.0217902,7.12858e-06,6.17838e-07,6.507473448300296e-08
0.0218043,6.7055e-06,5.72482e-07,6.121256015584818e-08
0.0218183,6.28099e-06,5.26999e-07,5.733733177440622e-08
0.0218324,5.90544e-06,4.81409e-07,5.3909044999888464e-08
0.0218464,5.78019e-06,4.35733e-07,5.2765674161096435e-08
0.0218605,5.90216e-06,3.89992e-07,5.3879102833411514e-08
0.0218745,6.02764e-06,3.44206e-07,5.502457327534066e-08
0.0218886,6.15609e-06,2.98395e-07,5.61971559838663e-08
0.0219027,6.28704e-06,2.52582e-07,5.7392560465621325e-08
0.0219167,6.42003e-06,2.06796e-07,5.860658751433152e-08
0.0219308,6.55457e-06,1.6107e-07,5.983476406244394e-08
0.0219448,6.69026e-06,1.15436e-07,6.107343862624188e-08
0.0219589,6.88834e-06,6.99223e-08,6.288165336275227e-08
0.021973,7.08571e-06,2.83409e-08,6.46833867156655e-08
0.021987,7.2798e-06,3.36043e-08,6.64551779021018e-08
0.0220011,7.47807e-06,6.95371e-08,6.826512709337762e-08
0.0220151,7.68426e-06,1.11218e-07,7.014737566224412e-08
0.0220292,7.88686e-06,1.56285e-07,7.199685216475323e-08
0.0220432,8.08577e-06,2.01186e-07,7.381264372997578e-08
0.0220573,8.2809e-06,2.45881e-07,7.559392877407551e-08
0.0220714,8.47213e-06,2.90324e-07,7.733961185193738e-08
0.0220854,8.65933e-06,3.34475e-07,7.90485062313535e-08
0.0220995,8.8896e-06,3.78305e-07,8.115057411996541e-08
0.0221135,9.11984e-06,4.21805e-07,8.325236814729856e-08
0.0221276,9.34505e-06,4.64972e-07,8.53082447668942e-08
0.0221417,9.56511e-06,5.07795e-07,8.731710853363732e-08
0.0221557,9.7799e-06,5.5026e-07,8.927786400241289e-08
0.0221698,9.9893e-06,5.92348e-07,9.118941572810592e-08
0.0221838,1.01932e-05,6.34038e-07,9.305075955269431e-08
0.0221979,1.03915e-05,6.75308e-07,9.48609826052489e-08
0.0222119,1.05842e-05,7.16135e-07,9.662008488576964e-08
0.022226,1.07711e-05,7.56497e-07,9.832624065239824e-08
0.0222401,1.09522e-05,7.96373e-07,9.997944990513467e-08
0.0222541,1.11274e-05,8.35747e-07,1.0157879977304975e-07
0.0222682,1.13239e-05,8.74604e-07,1.0337259114887918e-07
0.0222822,1.15587e-05,9.12929e-07,1.0551601209058272e-07
0.0222963,1.17872e-05,9.50707e-07,1.0760192216374822e-07
0.0223104,1.20388e-05,9.87923e-07,1.0989870542155324e-07
0.0223244,1.22887e-05,1.02456e-06,1.1217996987356224e-07
0.0223385,1.25319e-05,1.06059e-06,1.144000719733165e-07
0.0223525,1.27683e-05,1.096e-06,1.1655809884988687e-07
0.0223666,1.29979e-05,1.13078e-06,1.186540505032733e-07
0.0223806,1.32205e-05,1.16489e-06,1.2068610119161748e-07
0.0223947,1.34361e-05,1.19832e-06,1.2265425091491937e-07
0.0224088,1.36446e-05,1.23107e-06,1.2455758680224982e-07
0.0224228,1.38459e-05,1.26311e-06,1.2639519598267967e-07
0.0224369,1.40399e-05,1.29444e-06,1.2816616558527968e-07
0.0224509,1.43081e-05,1.32504e-06,1.3061448541732778e-07
0.022465,1.45963e-05,1.3549e-06,1.3324537943521093e-07
0.0224791,1.48769e-05,1.38402e-06,1.3580689526247675e-07
0.0224931,1.51498e-05,1.41238e-06,1.3829812002819608e-07
0.0225072,1.54148e-05,1.43998e-06,1.4071722799051057e-07
0.0225212,1.5672e-05,1.46679e-06,1.4306513202034938e-07
0.0225353,1.59211e-05,1.49282e-06,1.45339093504925e-07
0.0225493,1.6162e-05,1.51804e-06,1.4753819957330823e-07
0.0225634,1.63947e-05,1.54244e-06,1.4966245022549912e-07
0.0225775,1.66191e-05,1.56602e-06,1.5171093259056844e-07
0.0225915,1.68351e-05,1.58876e-06,1.5368273379758703e-07
0.0226056,1.70426e-05,1.61066e-06,1.5557694097562572e-07
0.0226196,1.72416e-05,1.6317e-06,1.5739355412468453e-07
0.0226337,1.7432e-05,1.65187e-06,1.5913166037383424e-07
0.0226477,1.76137e-05,1.67117e-06,1.6079034685214573e-07
0.0226618,1.77868e-05,1.68959e-06,1.6237052643054814e-07
0.0226759,1.79513e-05,1.70712e-06,1.6387219910904144e-07
0.0226899,1.8107e-05,1.72377e-06,1.6529353914576738e-07
0.022704,1.8254e-05,1.73951e-06,1.6663545941165503e-07
0.022718,1.83924e-05,1.75436e-06,1.678988727776336e-07
0.0227321,1.8522e-05,1.7683e-06,1.6908195350184478e-07
0.0227462,1.86429e-05,1.78133e-06,1.7018561445521768e-07
0.0227602,1.8755e-05,1.79345e-06,1.7120894276682317e-07
0.0227743,1.88583e-05,1.80465e-06,1.721519384366612e-07
0.0227883,1.89529e-05,1.81494e-06,1.7301551433566103e-07
0.0228024,1.90387e-05,1.82432e-06,1.7379875759289344e-07
0.0228164,1.91157e-05,1.83278e-06,1.745016682083584e-07
0.0228305,1.91838e-05,1.84032e-06,1.7512333331112676e-07
0.0228446,1.9243e-05,1.84694e-06,1.756637529011985e-07
0.0228586,1.92933e-05,1.85265e-06,1.761229269785737e-07
0.0228727,1.93347e-05,1.85744e-06,1.7650085554325223e-07
0.0228867,1.93671e-05,1.86132e-06,1.7679662572430503e-07
0.0229008,1.93906e-05,1.86428e-06,1.7701115039266122e-07
0.0229149,1.94051e-05,1.86634e-06,1.7714351667739166e-07
0.0229289,1.94107e-05,1.8675e-06,1.7719463744942546e-07
0.022943,1.94073e-05,1.86775e-06,1.771635998378335e-07
0.022957,1.93949e-05,1.8671e-06,1.7705040384261577e-07
0.0229711,1.93736e-05,1.86557e-06,1.7685596233470144e-07
0.0229851,1.93434e-05,1.86314e-06,1.7658027531409049e-07
0.0229992,1.93043e-05,1.85983e-06,1.7622334278078298e-07
0.0230133,1.92564e-05,1.85565e-06,1.7578607760570802e-07
0.0230273,1.91997e-05,1.85059e-06,1.752684797888656e-07
0.0230414,1.91342e-05,1.84467e-06,1.746705493302558e-07
0.0230554,1.906e-05,1.8379e-06,1.7399319910080777e-07
0.0230695,1.89772e-05,1.83028e-06,1.7323734197145062e-07
0.0230836,1.88858e-05,1.82182e-06,1.7240297794218445e-07
0.0230976,1.87859e-05,1.81253e-06,1.7149101988393833e-07
0.0231117,1.86775e-05,1.80241e-06,1.705014677967123e-07
0.0231257,1.85607e-05,1.79149e-06,1.694352345514356e-07
0.0231398,1.84356e-05,1.77976e-06,1.6829323301903734e-07
0.0231538,1.83024e-05,1.76724e-06,1.6707728894137587e-07
0.0231679,1.81609e-05,1.75394e-06,1.6578557657659285e-07
0.023182,1.80115e-05,1.73986e-06,1.6442174740840498e-07
0.023196,1.7854e-05,1.72503e-06,1.629839756949539e-07
0.0232101,1.76887e-05,1.70944e-06,1.6147500004902718e-07
0.0232241,1.75157e-05,1.69312e-06,1.5989573334155394e-07
0.0232382,1.7335e-05,1.67607e-06,1.5824617557253424e-07
0.0232523,1.71467e-05,1.6583e-06,1.565272396128972e-07
0.0232663,1.69509e-05,1.63983e-06,1.54739838333572e-07
0.0232804,1.67478e-05,1.62067e-06,1.52885797476417e-07
0.0232944,1.65375e-05,1.60083e-06,1.509660299123614e-07
0.0233085,1.632e-05,1.58031e-06,1.4898053564140517e-07
0.0233225,1.60955e-05,1.55915e-06,1.4693114040540666e-07
0.0233366,1.58641e-05,1.53734e-06,1.4481875707529507e-07
0.0233507,1.56259e-05,1.5149e-06,1.4264429852199958e-07
0.0233647,1.53811e-05,1.49185e-06,1.4040959048737852e-07
0.0233788,1.51297e-05,1.4682e-06,1.3811463297143186e-07
0.0233928,1.48719e-05,1.44396e-06,1.35761251716018e-07
0.0234069,1.46078e-05,1.41915e-06,1.3335035959206607e-07
0.0234209,1.43375e-05,1.39378e-06,1.308828694705053e-07
0.023435,1.40732e-05,1.36787e-06,1.2847015160469505e-07
0.0234491,1.38165e-05,1.34143e-06,1.2612681192950212e-07
0.0234631,1.35539e-05,1.31447e-06,1.2372961286948785e-07
0.0234772,1.32858e-05,1.28702e-06,1.2128220590836892e-07
0.0234912,1.30121e-05,1.25908e-06,1.187836781752162e-07
0.0235053,1.2733e-05,1.23067e-06,1.16235855411888e-07
0.0235194,1.24488e-05,1.2018e-06,1.1364147623117186e-07
0.0235334,1.21594e-05,1.1725e-06,1.1099962776213862e-07
0.0235475,1.18652e-05,1.14276e-06,1.0831396148850493e-07
0.0235615,1.15662e-05,1.11262e-06,1.0558447741027086e-07
0.0235756,1.12626e-05,1.08208e-06,1.0281300126929472e-07
0.0235896,1.09546e-05,1.05116e-06,1.0000135880743487e-07
0.0236037,1.06423e-05,1.01988e-06,9.715046289562048e-08
0.0236178,1.03259e-05,9.88238e-07,9.426213927570991e-08
0.0236318,1.00056e-05,9.56265e-07,9.133821368956149e-08
0.0236459,9.68157e-06,9.23972e-07,8.838023801775485e-08
0.0236599,9.35397e-06,8.91374e-07,8.538967285377664e-08
0.023674,9.02299e-06,8.58486e-07,8.236825265239232e-08
0.0236881,8.6888e-06,8.25324e-07,7.931752929418146e-08
0.0237021,8.35556e-06,7.91904e-07,7.627547820979777e-08
0.0237162,8.05077e-06,7.5824e-07,7.349313890476444e-08
0.0237302,7.7432e-06,7.24349e-07,7.068542178790003e-08
0.0237443,7.43301e-06,6.90247e-07,6.785378745269124e-08
0.0237583,7.12037e-06,6.55948e-07,6.499978777971766e-08
0.0237724,6.80544e-06,6.21469e-07,6.212488336246596e-08
0.0237865,6.48839e-06,5.86826e-07,5.923062608151574e-08
0.0238005,6.16939e-06,5.52033e-07,5.631856781744661e-08
0.0238146,5.85293e-06,5.17108e-07,5.342969647497853e-08
0.0238286,5.57743e-06,4.82065e-07,5.091473706510064e-08
0.0238427,5.30064e-06,4.46921e-07,4.8388001620236395e-08
0.0238568,5.04098e-06,4.11693e-07,4.601764096553987e-08
0.0238708,4.79254e-06,3.76394e-07,4.374970442909681e-08
0.0238849,4.54291e-06,3.41042e-07,4.147090472859657e-08
0.0238989,4.63815e-06,3.05652e-07,4.23403230015431e-08
0.023913,4.80333e-06,2.7024e-07,4.384820320235482e-08
0.023927,4.96694e-06,2.34817e-07,4.5341751329578495e-08
0.0239411,5.1288e-06,1.99391e-07,4.68193242155416e-08
0.0239552,5.28874e-06,1.63976e-07,4.8279369979664536e-08
0.0239692,5.4466e-06,1.28577e-07,4.9720428028460627e-08
0.0239833,5.60224e-06,9.32069e-08,5.114122034262903e-08
0.0239973,5.75552e-06,5.78858e-08,5.254046890286889e-08
0.0240114,5.90629e-06,2.39648e-08,5.3916804402786457e-08
0.0240255,6.0544e-06,1.74542e-08,5.526885753598796e-08
0.0240395,6.19974e-06,4.7282e-08,5.659562414445131e-08
0.0240536,6.34219e-06,8.19955e-08,5.789600878306149e-08
0.0240676,6.48167e-06,1.16515e-07,5.916928115507516e-08
0.0240817,6.61808e-06,1.5085e-07,6.041452838956316e-08
0.0240957,6.75136e-06,1.85004e-07,6.163120276396797e-08
0.0241098,6.88142e-06,2.1897e-07,6.281848269445333e-08
0.0241239,7.02416e-06,2.52739e-07,6.412151465875812e-08
0.0241379,7.20658e-06,2.86304e-07,6.578677380775966e-08
0.024152,7.38499e-06,3.19648e-07,6.741542683250127e-08
0.024166,7.55932e-06,3.52746e-07,6.900683472333254e-08
0.0241801,7.72953e-06,3.85573e-07,7.056063233188177e-08
0.0241942,7.89556e-06,4.18107e-07,7.207627193559149e-08
0.0242082,8.05738e-06,4.50334e-07,7.355347967318293e-08
0.0242223,8.21495e-06,4.82244e-07,7.49918903962844e-08
0.0242363,8.36823e-06,5.13829e-07,7.639113895652426e-08
0.0242504,8.51891e-06,5.45079e-07,7.776665287260557e-08
0.0242644,8.69478e-06,5.75986e-07,7.937211897574614e-08
0.0242785,8.8662e-06,6.06537e-07,8.09369623225384e-08
0.0242926,9.03308e-06,6.36721e-07,8.24603613291461e-08
0.0243066,9.19536e-06,6.66525e-07,8.394176827301175e-08
0.0243207,9.35297e-06,6.95933e-07,8.538054414448488e-08
0.0243347,9.50586e-06,7.24928e-07,8.677623250810098e-08
0.0243488,9.65397e-06,7.53495e-07,8.812828564130248e-08
0.0243628,9.79725e-06,7.81618e-07,8.94362471086248e-08
0.0243769,9.93565e-06,8.09287e-07,9.06996604746034e-08
0.024391,1.00691e-05,8.36491e-07,9.191788672958779e-08
0.024405,1.01976e-05,8.63219e-07,9.309092587357804e-08
0.0244191,1.0321e-05,8.89462e-07,9.421740860018032e-08
0.0244331,1.04394e-05,9.15211e-07,9.529824778032386e-08
0.0244472,1.05526e-05,9.40457e-07,9.633161767215026e-08
0.0244613,1.06606e-05,9.65189e-07,9.731751827565955e-08
0.0244753,1.07999e-05,9.89396e-07,9.858914748000072e-08
0.0244894,1.10349e-05,1.01306e-06,1.0073439416356263e-07
0.0245034,1.12637e-05,1.03618e-06,1.0282304284951565e-07
0.0245175,1.14861e-05,1.05874e-06,1.0485326779600147e-07
0.0245315,1.17023e-05,1.08073e-06,1.0682689474487841e-07
0.0245456,1.1912e-05,1.10213e-06,1.0874118508335898e-07
0.0245597,1.21153e-05,1.12293e-06,1.1059705168237232e-07
0.0245737,1.2312e-05,1.14314e-06,1.1239266880006008e-07
0.0245878,1.25023e-05,1.16274e-06,1.1412986217828064e-07
0.0246018,1.26859e-05,1.18173e-06,1.1580589320424644e-07
0.0246159,1.2863e-05,1.20009e-06,1.1742258761981586e-07
0.02463,1.30335e-05,1.21783e-06,1.189790325540597e-07
0.024644,1.31974e-05,1.23493e-06,1.20475228006978e-07
0.0246581,1.33545e-05,1.2514e-06,1.2190934823671236e-07
0.0246721,1.3505e-05,1.26722e-06,1.2328321898512113e-07
0.0246862,1.36487e-05,1.28239e-06,1.2459501451034602e-07
0.0247002,1.37855e-05,1.29691e-06,1.2584382194145778e-07
0.0247143,1.39156e-05,1.31076e-06,1.270314670203148e-07
0.0247284,1.40387e-05,1.32395e-06,1.281552111341296e-07
0.0247424,1.41548e-05,1.33647e-06,1.292150542829021e-07
0.0247565,1.42639e-05,1.34832e-06,1.3021099646663232e-07
0.0247705,1.4366e-05,1.35949e-06,1.3114303768532025e-07
0.0247846,1.44611e-05,1.36997e-06,1.3201117793896594e-07
0.0247987,1.4549e-05,1.37977e-06,1.3281359148571102e-07
0.0248127,1.46297e-05,1.38889e-06,1.3355027832555548e-07
0.0248268,1.47033e-05,1.39732e-06,1.342221513294285e-07
0.0248408,1.47698e-05,1.40505e-06,1.3482921049733004e-07
0.0248549,1.48291e-05,1.41209e-06,1.3537054295833097e-07
0.0248689,1.48812e-05,1.41844e-06,1.358461487124313e-07
0.024883,1.49263e-05,1.4241e-06,1.3625785350148935e-07
0.0248971,1.49642e-05,1.42906e-06,1.3660383158364677e-07
0.0249111,1.4995e-05,1.43332e-06,1.3688499582983276e-07
0.0249252,1.50187e-05,1.43689e-06,1.371013462400473e-07
0.0249392,1.50387e-05,1.43976e-06,1.3728392042588237e-07
0.0249533,1.50572e-05,1.44194e-06,1.3745280154777978e-07
0.0249674,1.50686e-05,1.44343e-06,1.3755686883370577e-07
0.0249814,1.50726e-05,1.44423e-06,1.3759338367087277e-07
0.0249955,1.50695e-05,1.44433e-06,1.3756508467206835e-07
0.0250095,1.50591e-05,1.44376e-06,1.3747014609543412e-07
0.0250236,1.50416e-05,1.44249e-06,1.3731039368282844e-07
0.0250376,1.50169e-05,1.44055e-06,1.3708491456332214e-07
0.0250517,1.49852e-05,1.43793e-06,1.3679553447877357e-07
0.0250658,1.49464e-05,1.43464e-06,1.3644134055825357e-07
0.0250798,1.49005e-05,1.43068e-06,1.3602233280176212e-07
0.0250939,1.48477e-05,1.42605e-06,1.3554033695115758e-07
0.0251079,1.47881e-05,1.42076e-06,1.3499626587736912e-07
0.025122,1.47215e-05,1.41482e-06,1.3438829383853837e-07
0.025136,1.46482e-05,1.40822e-06,1.3371915944745289e-07
0.0251501,1.45682e-05,1.40098e-06,1.3298886270411268e-07
0.0251642,1.44816e-05,1.39311e-06,1.321983164794469e-07
0.0251782,1.43883e-05,1.38459e-06,1.3134660790252636e-07
0.0251923,1.42886e-05,1.37546e-06,1.3043647558613861e-07
0.0252063,1.41825e-05,1.3657e-06,1.2946791953028363e-07
0.0252204,1.407e-05,1.35532e-06,1.2844093973496146e-07
0.0252345,1.39512e-05,1.34434e-06,1.2735644907110122e-07
0.0252485,1.38263e-05,1.33277e-06,1.262162732805613e-07
0.0252626,1.36952e-05,1.3206e-06,1.2501949949241252e-07
0.0252766,1.35581e-05,1.30785e-06,1.237679534485132e-07
0.0252907,1.34151e-05,1.29452e-06,1.2246254801979257e-07
0.0253047,1.32662e-05,1.28063e-06,1.2110328320625058e-07
0.0253188,1.31116e-05,1.26618e-06,1.196919847497456e-07
0.0253329,1.29513e-05,1.25119e-06,1.1822865265027764e-07
0.0253469,1.27855e-05,1.23566e-06,1.1671511264970502e-07
0.025361,1.26142e-05,1.2196e-06,1.1515136474802777e-07
0.025375,1.24375e-05,1.20302e-06,1.1353832181617507e-07
0.0253891,1.22555e-05,1.18594e-06,1.1187689672507605e-07
0.0254032,1.20684e-05,1.16836e-06,1.101689152165891e-07
0.0254172,1.18763e-05,1.15029e-06,1.084152901616434e-07
0.0254313,1.16792e-05,1.13175e-06,1.0661602156023892e-07
0.0254453,1.14774e-05,1.11274e-06,1.0477384802516322e-07
0.0254594,1.12708e-05,1.09328e-06,1.0288785668548711e-07
0.0254734,1.10597e-05,1.07337e-06,1.0096078615399809e-07
0.0254875,1.08441e-05,1.05303e-06,9.89926364306962e-08
0.0255016,1.06243e-05,1.03226e-06,9.698614612836893e-08
0.0255156,1.04038e-05,1.01109e-06,9.497326572953745e-08
0.0255297,1.01921e-05,9.89513e-07,9.304071797247339e-08
0.0255437,9.97626e-06,9.67552e-07,9.107037735894147e-08
0.0255578,9.7565e-06,9.45215e-07,8.906425220498589e-08
0.0255719,9.53289e-06,9.22515e-07,8.702298152025705e-08
0.0255859,9.30556e-06,8.99463e-07,8.494775203696289e-08
0.0256,9.07462e-06,8.76073e-07,8.28395679131255e-08
0.025614,8.84019e-06,8.52357e-07,8.06995245938599e-08
0.0256281,8.6024e-06,8.28327e-07,7.8528808811374e-08
0.0256421,8.36136e-06,8.03997e-07,7.632842472368993e-08
0.0256562,8.1172e-06,7.79379e-07,7.409955906301558e-08
0.0256703,7.87004e-06,7.54487e-07,7.184330727446596e-08
0.0256843,7.62e-06,7.29332e-07,6.95607648031561e-08
0.0256984,7.36721e-06,7.03929e-07,6.725311838129391e-08
0.0257124,7.1118e-06,6.7829e-07,6.492155474108734e-08
0.0257265,6.85389e-06,6.52428e-07,6.256716932765137e-08
0.0257406,6.61764e-06,6.26356e-07,6.041051175747479e-08
0.0257546,6.38227e-06,6.00087e-07,5.826188745147494e-08
0.0257687,6.14469e-06,5.73635e-07,5.609308869794032e-08
0.0257827,5.90501e-06,5.47012e-07,5.390511965489301e-08
0.0257968,5.66336e-06,5.20231e-07,5.1699167054540957e-08
0.0258108,5.41987e-06,4.93306e-07,4.9476417629092074e-08
0.0258249,5.17465e-06,4.6625e-07,4.723787553656846e-08
0.025839,4.92785e-06,4.39076e-07,4.498491008336388e-08
0.025853,4.67958e-06,4.11796e-07,4.2718525427500425e-08
0.0258671,4.42998e-06,3.84424e-07,4.043999958827893e-08
0.0258811,4.17917e-06,3.56972e-07,3.815042801081442e-08
0.0258952,3.9273e-06,3.29453e-07,3.5851180001500644e-08
0.0259092,3.67577e-06,3.01881e-07,3.3555035753346074e-08
0.0259233,3.45259e-06,2.74267e-07,3.151769041361269e-08
0.0259374,3.33896e-06,2.46626e-07,3.048039517679082e-08
0.0259514,3.41139e-06,2.18969e-07,3.1141587590792477e-08
0.0259655,3.48628e-06,1.9131e-07,3.182523662965184e-08
0.0259795,3.56328e-06,1.63661e-07,3.2528147245116805e-08
0.0259936,3.64208e-06,1.36037e-07,3.324748953730692e-08
0.0260077,3.73365e-06,1.08458e-07,3.4083405447152724e-08
0.0260217,3.85606e-06,8.09433e-08,3.520085075155618e-08
0.0260358,3.97672e-06,5.35145e-08,3.630232081469907e-08
0.0260498,4.09552e-06,2.61805e-08,3.7386811478559294e-08
0.0260639,4.21239e-06,9.47839e-09,3.845368373348644e-08
0.0260779,4.32724e-06,2.82683e-08,3.950211599564425e-08
0.026092,4.44002e-06,5.54118e-08,4.053165182956813e-08
0.0261061,4.55066e-06,8.24838e-08,4.154165222560765e-08
0.0261201,4.6591e-06,1.0945e-07,4.253156946120532e-08
0.0261342,4.76527e-06,1.36287e-07,4.3500764526710714e-08
0.0261482,4.86912e-06,1.6297e-07,4.444878098665924e-08
0.0261623,4.97476e-06,1.8947e-07,4.541313783624e-08
0.0261764,5.09657e-06,2.15769e-07,4.6525105915068405e-08
0.0261904,5.23682e-06,2.41854e-07,4.780540739323673e-08
0.0262045,5.3741e-06,2.67727e-07,4.905859660480855e-08
0.0262185,5.50832e-06,2.93383e-07,5.028385196594761e-08
0.0262326,5.63943e-06,3.18817e-07,5.1480717041189315e-08
0.0262466,5.76736e-06,3.44019e-07,5.264855282088324e-08
0.0262607,5.90166e-06,3.68978e-07,5.387453847876564e-08
0.0262748,6.03297e-06,3.9368e-07,5.50732292958657e-08
0.0262888,6.16104e-06,4.18112e-07,5.624234309486048e-08
0.0263029,6.28582e-06,4.42262e-07,5.7381423440285385e-08
0.0263169,6.43472e-06,4.66117e-07,5.8740688253827375e-08
0.026331,6.58485e-06,4.89669e-07,6.011118137979821e-08
0.0263451,6.7314e-06,5.1291e-07,6.144899372650458e-08
0.0263591,6.87432e-06,5.35831e-07,6.275366885848189e-08
0.0263732,7.01355e-06,5.58427e-07,6.402465905317263e-08
0.0263872,7.14903e-06,5.80689e-07,6.526141658801929e-08
0.0264013,7.29964e-06,6.02609e-07,6.663629149445017e-08
0.0264153,7.44836e-06,6.24174e-07,6.799391314031965e-08
0.0264294,7.59307e-06,6.45375e-07,6.93149286619292e-08
0.0264435,7.7337e-06,6.66199e-07,7.059869904962839e-08
0.0264575,7.87021e-06,6.86635e-07,7.184485915504555e-08
0.0264716,8.00253e-06,7.06675e-07,7.305276996853029e-08
0.0264856,8.13062e-06,7.26309e-07,7.422206634171088e-08
0.0264997,8.25441e-06,7.4553e-07,7.535210926493697e-08
0.0265138,8.37387e-06,7.64333e-07,7.644262487692975e-08
0.0265278,8.49558e-06,7.82711e-07,7.755368008482898e-08
0.0265419,8.67476e-06,8.0066e-07,7.918936221572523e-08
0.0265559,8.84927e-06,8.18174e-07,8.078241327422901e-08
0.02657,9.01906e-06,8.35249e-07,8.233237682487573e-08
0.026584,9.18405e-06,8.51878e-07,8.383852257092202e-08
0.0265981,9.34417e-06,8.68055e-07,8.530021150271747e-08
0.0266122,9.49935e-06,8.83773e-07,8.671680461061166e-08
0.0266262,9.64952e-06,8.99027e-07,8.808766288495417e-08
0.0266403,9.7946e-06,9.13809e-07,8.941205602900165e-08
0.0266543,9.93454e-06,9.28112e-07,9.068952760728955e-08
0.0266684,1.00693e-05,9.41931e-07,9.191971247144616e-08
0.0266825,1.01987e-05,9.5526e-07,9.310096745379895e-08
0.0266965,1.03229e-05,9.68093e-07,9.423475314783466e-08
0.0267106,1.04417e-05,9.80426e-07,9.531924381169488e-08
0.0267246,1.05552e-05,9.92253e-07,9.635535231630882e-08
0.0267387,1.06632e-05,1.00357e-06,9.734125291981812e-08
0.0267527,1.07659e-05,1.01437e-06,9.827877136408113e-08
0.0267668,1.08631e-05,1.02466e-06,9.916608190723949e-08
0.0267809,1.09549e-05,1.03442e-06,1.0000409742022241e-07
0.0267949,1.10413e-05,1.04367e-06,1.0079281790302984e-07
0.026809,1.11223e-05,1.05238e-06,1.0153224335566181e-07
0.026823,1.11978e-05,1.06057e-06,1.0222146090718915e-07
0.0268371,1.12679e-05,1.06822e-06,1.02861383428541e-07
0.0268511,1.13325e-05,1.07534e-06,1.0345109804878825e-07
0.0268652,1.13917e-05,1.08193e-06,1.0399151763886e-07
0.0268793,1.14454e-05,1.08798e-06,1.0448172932782714e-07
0.0268933,1.14937e-05,1.0935e-06,1.0492264598661879e-07
0.0269074,1.15365e-05,1.09847e-06,1.0531335474430581e-07
0.0269214,1.15738e-05,1.10291e-06,1.0565385560088818e-07
0.0269355,1.16056e-05,1.10681e-06,1.0594414855636592e-07
0.0269496,1.16319e-05,1.11017e-06,1.0618423361073902e-07
0.0269636,1.16527e-05,1.113e-06,1.0637411076400748e-07
0.0269777,1.1668e-05,1.11528e-06,1.0651378001617131e-07
0.0269917,1.16778e-05,1.11703e-06,1.0660324136723048e-07
0.0270058,1.16821e-05,1.11824e-06,1.06642494817185e-07
0.0270198,1.16809e-05,1.11892e-06,1.0663154036603491e-07
0.0270339,1.16743e-05,1.11906e-06,1.0657129088470933e-07
0.027048,1.16622e-05,1.11867e-06,1.0646083350227914e-07
0.027062,1.16446e-05,1.11775e-06,1.0630016821874429e-07
0.0270761,1.16217e-05,1.11631e-06,1.0609112077596314e-07
0.0270901,1.15934e-05,1.11434e-06,1.0583277830300654e-07
0.0271042,1.15597e-05,1.11184e-06,1.0552514079987447e-07
0.0271183,1.15208e-05,1.10883e-06,1.0517003400842529e-07
0.0271323,1.14766e-05,1.1053e-06,1.0476654505772981e-07
0.0271464,1.14271e-05,1.10126e-06,1.0431467394778806e-07
0.0271604,1.13725e-05,1.09672e-06,1.0381624642045835e-07
0.0271745,1.13128e-05,1.09167e-06,1.0327126247574071e-07
0.0271885,1.1248e-05,1.08611e-06,1.0267972211363514e-07
0.0272026,1.11782e-05,1.08007e-06,1.0204253820507081e-07
0.0272167,1.11034e-05,1.07354e-06,1.0135971075004768e-07
0.0272307,1.10238e-05,1.06652e-06,1.0063306549042416e-07
0.0272448,1.09392e-05,1.05902e-06,9.986077668434188e-08
0.0272588,1.08499e-05,1.05105e-06,9.904558294458836e-08
0.0272729,1.07558e-05,1.04262e-06,9.818657140023442e-08
0.027287,1.06571e-05,1.03372e-06,9.728556779313843e-08
0.027301,1.05538e-05,1.02436e-06,9.634257212330036e-08
0.0273151,1.0446e-05,1.01456e-06,9.53584972616494e-08
0.0273291,1.03337e-05,1.00431e-06,9.433334320818559e-08
0.0273432,1.0217e-05,9.93632e-07,9.326802283383804e-08
0.0273572,1.00959e-05,9.82519e-07,9.216253613860676e-08
0.0273713,9.97066e-06,9.70982e-07,9.101925658690765e-08
0.0273854,9.84119e-06,9.5903e-07,8.983736259490442e-08
0.0273994,9.70761e-06,9.46668e-07,8.861794960771209e-08
0.0274135,9.56999e-06,9.33905e-07,8.736165663498106e-08
0.0274275,9.4284e-06,9.20748e-07,8.606912268636179e-08
0.0274416,9.28291e-06,9.07206e-07,8.474098677150468e-08
0.0274557,9.13359e-06,8.93286e-07,8.337788790006016e-08
0.0274697,8.98054e-06,8.78997e-07,8.19807389429574e-08
0.0274838,8.82399e-06,8.64347e-07,8.05516395033335e-08
0.0274978,8.66658e-06,8.49346e-07,7.91146893737187e-08
0.0275119,8.51774e-06,8.34001e-07,7.775597228273421e-08
0.0275259,8.36543e-06,8.18321e-07,7.636557857050736e-08
0.02754,8.20973e-06,8.02316e-07,7.494423853378146e-08
0.0275541,8.05071e-06,7.85994e-07,7.349259118220693e-08
0.0275681,7.88846e-06,7.69364e-07,7.201145809962004e-08
0.0275822,7.72306e-06,7.52436e-07,7.050156958276412e-08
0.0275962,7.55459e-06,7.35217e-07,6.896365592838255e-08
0.0276103,7.38315e-06,7.17719e-07,6.739863000740445e-08
0.0276243,7.20882e-06,6.99949e-07,6.580722211657319e-08
0.0276384,7.03168e-06,6.81917e-07,6.41901625526321e-08
0.0276525,6.85184e-06,6.63633e-07,6.254845547360329e-08
0.0276665,6.66939e-06,6.45105e-07,6.0882922463323e-08
0.0276806,6.48441e-06,6.26344e-07,5.919429381853457e-08
0.0276946,6.29702e-06,6.07358e-07,5.7483664984353015e-08
0.0277087,6.1073e-06,5.88158e-07,5.575176625752168e-08
0.0277228,5.91535e-06,5.68753e-07,5.399951050896974e-08
0.0277368,5.72129e-06,5.49153e-07,5.2227993183812195e-08
0.0277509,5.5252e-06,5.29367e-07,5.0437944578792396e-08
0.0277649,5.32719e-06,5.09407e-07,4.863036885193243e-08
0.027779,5.12736e-06,4.89281e-07,4.680617887416147e-08
0.027793,4.94612e-06,4.68999e-07,4.51516916021242e-08
0.0278071,4.76357e-06,4.48572e-07,4.3485245720914735e-08
0.0278212,4.57942e-06,4.28009e-07,4.1804193904838466e-08
0.0278352,4.39377e-06,4.0732e-07,4.0109449024824557e-08
0.0278493,4.20671e-06,3.86517e-07,3.8401832664709285e-08
0.0278633,4.01834e-06,3.65607e-07,3.668225769542182e-08
0.0278774,3.82876e-06,3.44603e-07,3.4951636987891334e-08
0.0278915,3.63805e-06,3.23513e-07,3.321070083886116e-08
0.0279055,3.47127e-06,3.02348e-07,3.168821470318263e-08
0.0279196,3.30447e-06,2.81119e-07,3.016554599331827e-08
0.0279336,3.14357e-06,2.59834e-07,2.8696736668275247e-08
0.0279477,2.99399e-06,2.38505e-07,2.7331264332414874e-08
0.0279617,2.84366e-06,2.17142e-07,2.5958945464585677e-08
0.0279758,2.80869e-06,1.95753e-07,2.5639714500653082e-08
0.0279899,2.90854e-06,1.7435e-07,2.6551216123434598e-08
0.0280039,3.00742e-06,1.52941e-07,2.745386289820311e-08
0.028018,3.10523e-06,1.31532e-07,2.8346741954029447e-08
0.028032,3.20187e-06,1.10129e-07,2.9228940419984433e-08
0.0280461,3.29726e-06,8.87416e-08,3.0099727999324734e-08
0.0280602,3.39129e-06,6.73713e-08,3.0958100534028244e-08
0.0280742,3.48391e-06,4.60291e-08,3.1803601588630386e-08
0.0280883,3.57501e-06,2.47325e-08,3.263522700510906e-08
0.0281023,3.66451e-06,9.95057e-09,3.345224648672094e-08
0.0281164,3.75235e-06,1.75687e-08,3.42541123109085e-08
0.0281304,3.83846e-06,3.85465e-08,3.5040185468021336e-08
0.0281445,3.92277e-06,5.94164e-08,3.580982694840901e-08
0.0281586,4.00525e-06,8.01583e-08,3.656276289079278e-08
0.0281726,4.08583e-06,1.00786e-07,3.7298354285522215e-08
0.0281867,4.16449e-06,1.21295e-07,3.801641855841148e-08
0.0282007,4.26289e-06,1.41681e-07,3.891468355271996e-08
0.0282148,4.37361e-06,1.61938e-07,3.992541424550282e-08
0.0282289,4.48194e-06,1.82061e-07,4.09143273230784e-08
0.0282429,4.58784e-06,2.02036e-07,4.188105763707502e-08
0.028257,4.69129e-06,2.21849e-07,4.282542261330684e-08
0.028271,4.79224e-06,2.41485e-07,4.374696581630928e-08
0.0282851,4.89069e-06,2.60932e-07,4.4645687246082346e-08
0.0282991,4.98659e-06,2.80183e-07,4.552113046716144e-08
0.0283132,5.07993e-06,2.99234e-07,4.637320419245364e-08
0.0283273,5.17333e-06,3.18079e-07,4.722582564030334e-08
0.0283413,5.28014e-06,3.36714e-07,4.820086307975546e-08
0.0283554,5.3843e-06,3.55133e-07,4.915170943958443e-08
0.0283694,5.48575e-06,3.73329e-07,5.007781699723275e-08
0.0283835,5.58446e-06,3.91295e-07,5.0978911891421667e-08
0.0283975,5.68038e-06,4.09022e-07,5.185453768668659e-08
0.0284116,5.77348e-06,4.26503e-07,5.270442052174877e-08
0.0284257,5.86373e-06,4.43726e-07,5.3528286535329455e-08
0.0284397,5.95108e-06,4.60683e-07,5.4325679291964064e-08
0.0284538,6.03553e-06,4.77367e-07,5.509659879165258e-08
0.0284678,6.11702e-06,4.9377e-07,5.5840497311837514e-08
0.0284819,6.19554e-06,5.09887e-07,5.655728356542594e-08
0.028496,6.27105e-06,5.25712e-07,5.7246592404046196e-08
0.02851,6.34353e-06,5.41241e-07,5.7908241253512434e-08
0.0285241,6.41295e-06,5.56468e-07,5.854195625254592e-08
0.0285381,6.47929e-06,5.71389e-07,5.914755482696079e-08
0.0285522,6.54252e-06,5.85996e-07,5.972476311547832e-08
0.0285662,6.60264e-06,6.00284e-07,6.02735811180985e-08
0.0285803,6.67699e-06,6.14246e-07,6.095230065394032e-08
0.0285944,6.81455e-06,6.27874e-07,6.220804590411382e-08
0.0286084,6.94832e-06,6.41162e-07,6.342919334607159e-08
0.0286225,7.07824e-06,6.54105e-07,6.461519525725611e-08
0.0286365,7.20429e-06,6.66695e-07,6.576586906348156e-08
0.0286506,7.32643e-06,6.78928e-07,6.688084961637624e-08
0.0286647,7.44463e-06,6.90801e-07,6.795986305466142e-08
0.0286787,7.55888e-06,7.02309e-07,6.900281809124416e-08
0.0286928,7.66915e-06,7.1345e-07,7.000944086484573e-08
0.0287068,7.77542e-06,7.2422e-07,7.097954880128031e-08
0.0287209,7.87766e-06,7.34615e-07,7.191286803926911e-08
0.0287349,7.97586e-06,7.44634e-07,7.280930729171923e-08
0.028749,8.06999e-06,7.54272e-07,7.366859269735193e-08
0.0287631,8.16001e-06,7.63527e-07,7.449035910779551e-08
0.0287771,8.24589e-06,7.72394e-07,7.527433266177123e-08
0.0287912,8.32761e-06,7.80873e-07,7.602033078509327e-08
0.0288052,8.40513e-06,7.88958e-07,7.672798832938994e-08
0.0288193,8.47842e-06,7.96648e-07,7.73970314333825e-08
0.0288334,8.54743e-06,8.0394e-07,7.802700366160636e-08
0.0288474,8.61216e-06,8.10833e-07,7.861790501406151e-08
0.0288615,8.67256e-06,8.17323e-07,7.916927905528338e-08
0.0288755,8.72862e-06,8.2341e-07,7.968103449817904e-08
0.0288896,8.78032e-06,8.29091e-07,8.015298876856266e-08
0.0289036,8.82764e-06,8.34367e-07,8.05849592922484e-08
0.0289177,8.87058e-06,8.39234e-07,8.097694606923626e-08
0.0289318,8.90913e-06,8.43693e-07,8.132885781243333e-08
0.0289458,8.94329e-06,8.47743e-07,8.164069452183962e-08
0.0289599,8.97308e-06,8.51383e-07,8.191263877164094e-08
0.0289739,8.99849e-06,8.54612e-07,8.214459927474436e-08
0.028988,9.01956e-06,8.5743e-07,8.23369411795216e-08
0.0290021,9.03629e-06,8.59837e-07,8.248966448597261e-08
0.0290161,9.0487e-06,8.61833e-07,8.260295176828327e-08
0.0290302,9.05683e-06,8.63419e-07,8.267716817482523e-08
0.0290442,9.06069e-06,8.64595e-07,8.27124049926914e-08
0.0290583,9.06031e-06,8.6536e-07,8.270893608316051e-08
0.0290723,9.05571e-06,8.65718e-07,8.266694402041846e-08
0.0290864,9.04692e-06,8.65667e-07,8.258670266574394e-08
0.0291005,9.03396e-06,8.65211e-07,8.246839459332284e-08
0.0291145,9.01687e-06,8.6435e-07,8.231238495152678e-08
0.0291286,8.99566e-06,8.63086e-07,8.21187650274487e-08
0.0291426,8.97448e-06,8.61421e-07,8.192541896464938e-08
0.0291567,8.9504e-06,8.59357e-07,8.170559964490397e-08
0.0291708,8.92217e-06,8.56895e-07,8.14478961815978e-08
0.0291848,8.88982e-06,8.5404e-07,8.115258243600959e-08
0.0291989,8.85339e-06,8.50792e-07,8.082002355651104e-08
0.0292129,8.81289e-06,8.47155e-07,8.045031083019505e-08
0.029227,8.76837e-06,8.43131e-07,8.004390069252622e-08
0.029241,8.71987e-06,8.38723e-07,7.960115829187621e-08
0.0292551,8.66741e-06,8.33935e-07,7.912226620243087e-08
0.0292692,8.61104e-06,8.2877e-07,7.860768085965476e-08
0.0292832,8.5508e-06,8.23231e-07,7.805776741191957e-08
0.0292973,8.48673e-06,8.17322e-07,7.747289100759697e-08
0.0293113,8.41887e-06,8.11047e-07,7.685341679505863e-08
0.0293254,8.34727e-06,8.04409e-07,7.619980120976913e-08
0.0293394,8.27196e-06,7.97414e-07,7.551231811300723e-08
0.0293535,8.193e-06,7.90066e-07,7.479151522733042e-08
0.0293676,8.11043e-06,7.82368e-07,7.403775770111041e-08
0.0293816,8.0243e-06,7.74327e-07,7.325150196981174e-08
0.0293957,7.93465e-06,7.65947e-07,7.24331131818061e-08
0.0294097,7.84155e-06,7.57234e-07,7.158323034674391e-08
0.0294238,7.74504e-06,7.48192e-07,7.070221861299686e-08
0.0294379,7.64518e-06,7.38828e-07,6.979062570312243e-08
0.0294519,7.54203e-06,7.29147e-07,6.884899933967814e-08
0.029466,7.43564e-06,7.19154e-07,6.787779595812855e-08
0.02948,7.32608e-06,7.08856e-07,6.687765456812412e-08
0.0294941,7.21341e-06,6.98259e-07,6.584912289222234e-08
0.0295081,7.0977e-06,6.87368e-07,6.479283994007362e-08
0.0295222,6.97901e-06,6.76189e-07,6.370935343423549e-08
0.0295363,6.85741e-06,6.64729e-07,6.259930238435835e-08
0.0295503,6.73297e-06,6.52994e-07,6.146332580009263e-08
0.0295644,6.60576e-06,6.4099e-07,6.030206269108876e-08
0.0295784,6.47586e-06,6.28725e-07,5.911624335409008e-08
0.0295925,6.34333e-06,6.16203e-07,5.790641551165409e-08
0.0296066,6.20826e-06,6.03433e-07,5.6673400747617043e-08
0.0296206,6.0707e-06,5.90422e-07,5.541765549744353e-08
0.0296347,5.93075e-06,5.77175e-07,5.414009263206273e-08
0.0296487,5.78876e-06,5.63701e-07,5.2843907199726756e-08
0.0296628,5.65334e-06,5.50006e-07,5.1607697387437596e-08
0.0296768,5.51577e-06,5.36098e-07,5.0351860850171166e-08
0.0296909,5.37612e-06,5.21985e-07,4.907703659757789e-08
0.029705,5.23446e-06,5.07674e-07,4.7783863639308194e-08
0.029719,5.09085e-06,4.93173e-07,4.6472889697919576e-08
0.0297331,4.94538e-06,4.78489e-07,4.5144936357248306e-08
0.0297471,4.79811e-06,4.63631e-07,4.3800551339851875e-08
0.0297612,4.64913e-06,4.48606e-07,4.244055622956654e-08
0.0297753,4.4985e-06,4.33422e-07,4.106549874894983e-08
0.0297893,4.34629e-06,4.18088e-07,3.9676017907652143e-08
0.0298034,4.19259e-06,4.0261e-07,3.827293528950974e-08
0.0298174,4.04215e-06,3.86998e-07,3.689961226365845e-08
0.0298315,3.9019e-06,3.71258e-07,3.561931078549012e-08
0.0298455,3.76031e-06,3.55399e-07,3.432677683687085e-08
0.0298596,3.61746e-06,3.3943e-07,3.3022740714543965e-08
0.0298737,3.4734e-06,3.23358e-07,3.170765885397406e-08
0.0298877,3.32822e-06,3.07191e-07,3.03823528389974e-08
0.0299018,3.18199e-06,2.90938e-07,2.904746167926439e-08
0.0299158,3.03478e-06,2.74606e-07,2.7703624384425467e-08
0.0299299,2.88668e-06,2.58203e-07,2.6351662538316882e-08
0.029944,2.73775e-06,2.41738e-07,2.4992123863496144e-08
0.029958,2.58807e-06,2.25219e-07,2.3625738656706585e-08
0.0299721,2.43771e-06,2.08653e-07,2.225314592759864e-08
0.0299861,2.28677e-06,1.92048e-07,2.0875258547101475e-08
0.0300002,2.19053e-06,1.75413e-07,1.9996711564863192e-08
0.0300142,2.11149e-06,1.58755e-07,1.9275178382443055e-08
0.0300283,2.03216e-06,1.42083e-07,1.8550997874328304e-08
0.0300424,2.00978e-06,1.25405e-07,1.834669736037888e-08
0.0300564,2.05404e-06,1.08727e-07,1.8750734033631855e-08
0.0300705,2.09963e-06,9.20587e-08,1.9166911890242868e-08
0.0300845,2.14636e-06,7.541e-08,1.9593496475446474e-08
0.0300986,2.21436e-06,5.87938e-08,2.021424870728566e-08
0.0301126,2.28779e-06,4.22219e-08,2.0884569830579067e-08
0.0301267,2.36011e-06,2.5706e-08,2.1544758086558625e-08
0.0301408,2.43127e-06,9.90024e-09,2.219435703975975e-08
0.0301548,2.50123e-06,8.8568e-09,2.2833001541810776e-08
0.0301689,2.56993e-06,2.3551e-08,2.3460143870154193e-08
0.0301829,2.63736e-06,3.98976e-08,2.4075692737697082e-08
0.030197,2.70346e-06,5.6189e-08,2.467910042188194e-08
0.0302111,2.76821e-06,7.24092e-08,2.527018434852293e-08
0.0302251,2.83156e-06,8.85439e-08,2.5848488082155467e-08
0.0302392,2.89347e-06,1.04577e-07,2.641364647440788e-08
0.0302532,2.9736e-06,1.20492e-07,2.7145129949956034e-08
0.0302673,3.06448e-06,1.36279e-07,2.7974747050390522e-08
0.0302813,3.15364e-06,1.51936e-07,2.87886627708432e-08
0.0302954,3.24103e-06,1.6746e-07,2.9586420675849474e-08
0.0303095,3.32663e-06,1.8285e-07,3.036783819122351e-08
0.0303235,3.4104e-06,1.98101e-07,3.1132550168593643e-08
0.0303376,3.49232e-06,2.13206e-07,3.188037403377403e-08
0.0303516,3.57235e-06,2.28159e-07,3.2610944638393005e-08
0.0303657,3.65046e-06,2.42951e-07,3.332398812117181e-08
0.0303798,3.72662e-06,2.57574e-07,3.40192306208317e-08
0.0303938,3.81173e-06,2.72021e-07,3.479617506865278e-08
0.0304079,3.90311e-06,2.86284e-07,3.563035652373315e-08
0.0304219,3.99235e-06,3.0036e-07,3.6445002540929164e-08
0.030436,4.07944e-06,3.14244e-07,3.724002183314791e-08
0.03045,4.16433e-06,3.2793e-07,3.80149579649248e-08
0.0304641,4.24698e-06,3.41416e-07,3.876944578788817e-08
0.0304782,4.32853e-06,3.54696e-07,3.951389203063061e-08
0.0304922,4.41926e-06,3.67764e-07,4.0342139824671337e-08
0.0305063,4.5076e-06,3.80614e-07,4.114857000350478e-08
0.0305203,4.59352e-06,3.93239e-07,4.1932908705852175e-08
0.0305344,4.677e-06,4.05631e-07,4.26949733575277e-08
0.0305485,4.75798e-06,4.17785e-07,4.3434216235973836e-08
0.0305625,4.83644e-06,4.29696e-07,4.415045476700476e-08
0.0305766,4.91236e-06,4.41359e-07,4.484350637643463e-08
0.0305906,4.98569e-06,4.5277e-07,4.551291462879886e-08
0.0306047,5.0564e-06,4.63926e-07,4.61584056628187e-08
0.0306187,5.1318e-06,4.74823e-07,4.684671034341685e-08
0.0306328,5.23887e-06,4.85459e-07,4.782412124728483e-08
0.0306469,5.34315e-06,4.95831e-07,4.87760630522288e-08
0.0306609,5.4446e-06,5.05935e-07,4.970217060987713e-08
0.030675,5.54318e-06,5.15769e-07,5.060207877185811e-08
0.030689,5.63883e-06,5.25329e-07,5.147523981561426e-08
0.0307031,5.73152e-06,5.3461e-07,5.2321379879866824e-08
0.0307172,5.82119e-06,5.4361e-07,5.31399512420583e-08
0.0307312,5.90781e-06,5.52325e-07,5.3930680040909923e-08
0.0307453,5.99133e-06,5.6075e-07,5.469310984095711e-08
0.0307593,6.07171e-06,5.68882e-07,5.5426875493828196e-08
0.0307734,6.14893e-06,5.76718e-07,5.613179442533735e-08
0.0307874,6.22296e-06,5.84256e-07,5.6807592774205806e-08
0.0308015,6.29377e-06,5.91492e-07,5.745399667915482e-08
0.0308156,6.36135e-06,5.98423e-07,5.8070914853091466e-08
0.0308296,6.42567e-06,6.05048e-07,5.865807343473701e-08
0.0308437,6.48674e-06,6.11365e-07,5.9215563711184356e-08
0.0308577,6.54455e-06,6.1737e-07,5.974329439534057e-08
0.0308718,6.59908e-06,6.23064e-07,6.024108291301985e-08
0.0308858,6.65033e-06,6.28443e-07,6.070892926422219e-08
0.0308999,6.6983e-06,6.33508e-07,6.114683344894757e-08
0.030914,6.74299e-06,6.38256e-07,6.1554795467196e-08
0.030928,6.78438e-06,6.42686e-07,6.193263274478165e-08
0.0309421,6.82249e-06,6.46798e-07,6.228052785589034e-08
0.0309561,6.85729e-06,6.5059e-07,6.259820693924333e-08
0.0309702,6.88878e-06,6.54063e-07,6.288566999484064e-08
0.0309843,6.91696e-06,6.57215e-07,6.314291702268222e-08
0.0309983,6.94182e-06,6.60047e-07,6.33698567356752e-08
0.0310124,6.96335e-06,6.62558e-07,6.356639784672664e-08
0.0310264,6.98155e-06,6.64748e-07,6.373254035583653e-08
0.0310405,6.99642e-06,6.66617e-07,6.38682842630049e-08
0.0310545,7.00794e-06,6.68166e-07,6.39734469940459e-08
0.0310686,7.01612e-06,6.69395e-07,6.404811983605244e-08
0.0310827,7.02097e-06,6.70304e-07,6.409239407611743e-08
0.0310967,7.02247e-06,6.70894e-07,6.410608714005506e-08
0.0311108,7.02065e-06,6.71166e-07,6.408947288914408e-08
0.0311248,7.01552e-06,6.71121e-07,6.404264261047738e-08
0.0311389,7.00707e-06,6.70759e-07,6.396550501696207e-08
0.031153,6.99534e-06,6.70083e-07,6.38584252569698e-08
0.031167,6.98033e-06,6.69094e-07,6.372140333050061e-08
0.0311811,6.96206e-06,6.67793e-07,6.355462181174028e-08
0.0311951,6.94057e-06,6.66181e-07,6.335844584906051e-08
0.0312092,6.91586e-06,6.64262e-07,6.31328754424613e-08
0.0312232,6.88798e-06,6.62036e-07,6.287836702740723e-08
0.0312373,6.85694e-06,6.59506e-07,6.259501189099123e-08
0.0312514,6.82277e-06,6.56675e-07,6.228308389449203e-08
0.0312654,6.78551e-06,6.53544e-07,6.194294818628132e-08
0.0312795,6.74518e-06,6.50118e-07,6.157478734054494e-08
0.0312935,6.70182e-06,6.46398e-07,6.117896650565453e-08
0.0313076,6.65547e-06,6.42387e-07,6.07558508299818e-08
0.0313217,6.60615e-06,6.38089e-07,6.030562288771255e-08
0.0313357,6.55391e-06,6.33507e-07,5.982873911431139e-08
0.0313498,6.49879e-06,6.28644e-07,5.932556465814997e-08
0.0313638,6.44083e-06,6.23504e-07,5.879646466759998e-08
0.0313779,6.38006e-06,6.18089e-07,5.824171300394016e-08
0.0313919,6.31652e-06,6.12403e-07,5.7661674815542194e-08
0.031406,6.25027e-06,6.06451e-07,5.705689782496357e-08
0.0314201,6.18134e-06,6.00234e-07,5.6427655893483056e-08
0.0314341,6.10978e-06,5.93757e-07,5.5774405456565225e-08
0.0314482,6.03562e-06,5.87025e-07,5.509742037548884e-08
0.0314622,5.95892e-06,5.8004e-07,5.439724837281141e-08
0.0314763,5.87971e-06,5.72808e-07,5.367416330981167e-08
0.0314904,5.79805e-06,5.65332e-07,5.292871290904714e-08
0.0315044,5.71398e-06,5.57617e-07,5.2161262318889485e-08
0.0315185,5.62753e-06,5.49667e-07,5.1372085400617456e-08
0.0315325,5.53877e-06,5.41487e-07,5.056182116388148e-08
0.0315466,5.44774e-06,5.33083e-07,4.9730834757053223e-08
0.0315606,5.35622e-06,5.24458e-07,4.889537528267201e-08
0.0315747,5.26332e-06,5.15619e-07,4.8047318189468177e-08
0.0315888,5.17299e-06,5.06569e-07,4.722272187914415e-08
0.0316028,5.08239e-06,4.97314e-07,4.6395660817311353e-08
0.0316169,4.98973e-06,4.87859e-07,4.554979461433754e-08
0.0316309,4.89505e-06,4.7821e-07,4.468548841859439e-08
0.031645,4.79842e-06,4.68372e-07,4.380338123973232e-08
0.0316591,4.69988e-06,4.58349e-07,4.2903838226123e-08
0.0316731,4.59947e-06,4.48148e-07,4.1987224526138104e-08
0.0316872,4.49726e-06,4.37773e-07,4.105417914942805e-08
0.0317012,4.3933e-06,4.2723e-07,4.0105158531457434e-08
0.0317153,4.28764e-06,4.16525e-07,3.9140619107690836e-08
0.0317293,4.18033e-06,4.05663e-07,3.816101731359285e-08
0.0317434,4.07145e-06,3.9465e-07,3.7167083445906805e-08
0.0317575,3.96103e-06,3.8349e-07,3.615909136591147e-08
0.0317715,3.84914e-06,3.72191e-07,3.5137680083257255e-08
0.0317856,3.73584e-06,3.60757e-07,3.4103397320501665e-08
0.0317996,3.62119e-06,3.49195e-07,3.3056790800202205e-08
0.0318137,3.50526e-06,3.3751e-07,3.199849953200931e-08
0.0318277,3.38809e-06,3.25707e-07,3.092888866429464e-08
0.0318418,3.26975e-06,3.13794e-07,2.9848597206708616e-08
0.0318559,3.15031e-06,3.01776e-07,2.8758264168901662e-08
0.0318699,3.03732e-06,2.89658e-07,2.7726811306026515e-08
0.031884,2.92823e-06,2.77447e-07,2.6730960409389208e-08
0.031898,2.81818e-06,2.65149e-07,2.5726345951831813e-08
0.0319121,2.7072e-06,2.5277e-07,2.4713241794633095e-08
0.0319262,2.59536e-06,2.40316e-07,2.3692286947443462e-08
0.0319402,2.48271e-06,2.27792e-07,2.2663937845727514e-08
0.0319543,2.36931e-06,2.15206e-07,2.1628742212042752e-08
0.0319683,2.26275e-06,2.02563e-07,2.0655986949913578e-08
0.0319824,2.16343e-06,1.89869e-07,1.974932354305669e-08
0.0319964,2.06357e-06,1.77131e-07,1.883773063318226e-08
0.0320105,1.96724e-06,1.64354e-07,1.7958362067107715e-08
0.0320246,1.87768e-06,1.51546e-07,1.7140794862938338e-08
0.0320386,1.78763e-06,1.38711e-07,1.6318754591216e-08
0.0320527,1.71629e-06,1.25856e-07,1.566751247034236e-08
0.0320667,1.75783e-06,1.12987e-07,1.604671905432177e-08
0.0320808,1.81772e-06,1.0011e-07,1.6593437453804842e-08
0.0320949,1.87699e-06,8.72295e-08,1.713449605352703e-08
0.0321089,1.93558e-06,7.43488e-08,1.766934713093082e-08
0.032123,1.99343e-06,6.14732e-08,1.819744296345872e-08
0.032137,2.05049e-06,4.86061e-08,1.871832711564613e-08
0.0321511,2.10671e-06,3.57514e-08,1.9231543152028474e-08
0.0321651,2.16204e-06,2.29169e-08,1.9736634637141157e-08
0.0321792,2.21642e-06,1.02787e-08,2.023305384842667e-08
0.0321933,2.26982e-06,4.40694e-09,2.0720526924606268e-08
0.0322073,2.32219e-06,1.52879e-08,2.1198597430215363e-08
0.0322214,2.3735e-06,2.78904e-08,2.1666991503975192e-08
0.0322354,2.42371e-06,4.04224e-08,2.2125343997514102e-08
0.0322495,2.47279e-06,5.28816e-08,2.257338104955333e-08
0.0322636,2.52272e-06,6.52714e-08,2.3029177504490544e-08
0.0322776,2.59139e-06,7.75886e-08,2.3656045971555206e-08
0.0322917,2.65867e-06,8.98294e-08,2.427022553270433e-08
0.0323057,2.72452e-06,1.01991e-07,2.4871351039566253e-08
0.0323198,2.78892e-06,1.14069e-07,2.545923991795513e-08
0.0323338,2.85187e-06,1.26055e-07,2.6033892167870967e-08
0.0323479,2.91333e-06,1.37938e-07,2.6594942640942094e-08
0.032362,2.97329e-06,1.49712e-07,2.714230005007559e-08
0.032376,3.03173e-06,1.61369e-07,2.767578182108562e-08
0.0323901,3.08864e-06,1.72906e-07,2.8195296666879267e-08
0.0324041,3.15054e-06,1.84321e-07,2.8760363772038765e-08
0.0324182,3.21558e-06,1.9561e-07,2.9354095024374366e-08
0.0324323,3.27903e-06,2.0677e-07,2.9933311628936076e-08
0.0324463,3.34088e-06,2.17797e-07,3.049792229863099e-08
0.0324604,3.40108e-06,2.28688e-07,3.1047470597994505e-08
0.0324744,3.45963e-06,2.39437e-07,3.158195652702663e-08
0.0324885,3.5165e-06,2.5004e-07,3.210110622444861e-08
0.0325025,3.57166e-06,2.60491e-07,3.260464582898169e-08
0.0325166,3.62509e-06,2.70784e-07,3.309239276644004e-08
0.0325307,3.67679e-06,2.80914e-07,3.3564347036823656e-08
0.0325447,3.72672e-06,2.90876e-07,3.402014349176088e-08
0.0325588,3.77487e-06,3.00667e-07,3.445969084415877e-08
0.0325728,3.82122e-06,3.10284e-07,3.488280651983151e-08
0.0325869,3.86576e-06,3.19722e-07,3.528939923168618e-08
0.0326009,3.90847e-06,3.28979e-07,3.5679286405536945e-08
0.032615,3.94934e-06,3.38053e-07,3.605237675429088e-08
0.0326291,3.98834e-06,3.46939e-07,3.6408396416669236e-08
0.0326431,4.02548e-06,3.55635e-07,3.6747436679764935e-08
0.0326572,4.06074e-06,3.64135e-07,3.706931496939214e-08
0.0326712,4.09411e-06,3.72437e-07,3.7373939998457925e-08
0.0326853,4.12557e-06,3.80535e-07,3.7661129192776474e-08
0.0326994,4.19847e-06,3.88427e-07,3.8326612100145246e-08
0.0327134,4.27571e-06,3.96108e-07,3.903171360584023e-08
0.0327275,4.35064e-06,4.03575e-07,3.971572779307126e-08
0.0327415,4.42323e-06,4.10825e-07,4.037838080055959e-08
0.0327556,4.49346e-06,4.17857e-07,4.101949005411939e-08
0.0327696,4.56134e-06,4.24668e-07,4.163914684084357e-08
0.0327837,4.62683e-06,4.31256e-07,4.223698601236046e-08
0.0327978,4.68993e-06,4.3762e-07,4.281300756867006e-08
0.0328118,4.75062e-06,4.43758e-07,4.336702893558653e-08
0.0328259,4.80888e-06,4.49667e-07,4.389886753892405e-08
0.0328399,4.86471e-06,4.55348e-07,4.440852337868261e-08
0.032854,4.91807e-06,4.60796e-07,4.489563130649054e-08
0.0328681,4.96895e-06,4.66011e-07,4.536010003525492e-08
0.0328821,5.01733e-06,4.7099e-07,4.580174699078992e-08
0.0328962,5.06318e-06,4.75733e-07,4.6220298311816785e-08
0.0329102,5.10649e-06,4.80238e-07,4.66156627112426e-08
0.0329243,5.14724e-06,4.84502e-07,4.6987657614881516e-08
0.0329383,5.1854e-06,4.88526e-07,4.733600916145481e-08
0.0329524,5.22097e-06,4.92308e-07,4.766071735096245e-08
0.0329665,5.25392e-06,4.95847e-07,4.796150832212571e-08
0.0329805,5.28425e-06,4.99142e-07,4.823838207494457e-08
0.0329946,5.31195e-06,5.02193e-07,4.8491247322326116e-08
0.0330086,5.33701e-06,5.05e-07,4.872001277717744e-08
0.0330227,5.35943e-06,5.07561e-07,4.892467843949854e-08
0.0330368,5.37921e-06,5.09876e-07,4.910524430928941e-08
0.0330508,5.39636e-06,5.11946e-07,4.926180167364297e-08
0.0330649,5.41088e-06,5.13769e-07,4.939435053255921e-08
0.0330789,5.42279e-06,5.15347e-07,4.950307346022399e-08
0.033093,5.43208e-06,5.16678e-07,4.958787916954438e-08
0.033107,5.43878e-06,5.17763e-07,4.9649041521799116e-08
0.0331211,5.4429e-06,5.18603e-07,4.968665180408114e-08
0.0331352,5.44445e-06,5.19197e-07,4.970080130348336e-08
0.0331492,5.44345e-06,5.19547e-07,4.969167259419161e-08
0.0331633,5.4399e-06,5.19652e-07,4.965926567620589e-08
0.0331773,5.43384e-06,5.19514e-07,4.960394569789786e-08
0.0331914,5.42526e-06,5.19133e-07,4.952562137217462e-08
0.0332055,5.4142e-06,5.18511e-07,4.942465784740783e-08
0.0332195,5.40065e-06,5.17648e-07,4.930096383650458e-08
0.0332336,5.38464e-06,5.16546e-07,4.915481320074363e-08
0.0332476,5.36618e-06,5.15206e-07,4.898629722721787e-08
0.0332617,5.34667e-06,5.13629e-07,4.880819610893577e-08
0.0332757,5.32623e-06,5.11817e-07,4.862160529101235e-08
0.0332898,5.30335e-06,5.09772e-07,4.841274042241704e-08
0.0333039,5.27806e-06,5.07494e-07,4.818187536442862e-08
0.0333179,5.25038e-06,5.04986e-07,4.79291926912329e-08
0.033332,5.22033e-06,5.0225e-07,4.765487497701573e-08
0.033346,5.18792e-06,4.99287e-07,4.735901350887002e-08
0.0333601,5.1532e-06,4.96099e-07,4.704206472226037e-08
0.0333742,5.11617e-06,4.92689e-07,4.670402861718676e-08
0.0333882,5.07686e-06,4.89059e-07,4.634517905492796e-08
0.0334023,5.0353e-06,4.85212e-07,4.596578989676271e-08
0.0334163,4.99151e-06,4.81148e-07,4.556604371687686e-08
0.0334304,4.94553e-06,4.76872e-07,4.514630566364207e-08
0.0334444,4.89737e-06,4.72386e-07,4.470666702415126e-08
0.0334585,4.84707e-06,4.67693e-07,4.424749294677609e-08
0.0334726,4.79465e-06,4.62795e-07,4.3768966005702407e-08
0.0334866,4.74015e-06,4.57696e-07,4.327145134930188e-08
0.0335007,4.68359e-06,4.52399e-07,4.2755131551760346e-08
0.0335147,4.62501e-06,4.46907e-07,4.2220371761449466e-08
0.0335288,4.56444e-06,4.41223e-07,4.166744583964801e-08
0.0335428,4.50192e-06,4.35351e-07,4.109671893472762e-08
0.0335569,4.43747e-06,4.29293e-07,4.0508373620874155e-08
0.033571,4.37114e-06,4.23055e-07,3.990286633355219e-08
0.033585,4.30297e-06,4.16638e-07,3.928056222113341e-08
0.0335991,4.23298e-06,4.10047e-07,3.864164385780364e-08
0.0336131,4.16123e-06,4.03285e-07,3.798665896612037e-08
0.0336272,4.08776e-06,3.96356e-07,3.7315972694455294e-08
0.0336413,4.01259e-06,3.89263e-07,3.662976761699424e-08
0.0336553,3.93579e-06,3.82011e-07,3.592868274338763e-08
0.0336694,3.85738e-06,3.74603e-07,3.5212900647821294e-08
0.0336834,3.77742e-06,3.67044e-07,3.4482969052852743e-08
0.0336975,3.69594e-06,3.59337e-07,3.3739161819760727e-08
0.0337115,3.61299e-06,3.51486e-07,3.298193538400984e-08
0.0337256,3.52861e-06,3.43496e-07,3.2211654893971734e-08
0.0337397,3.44285e-06,3.3537e-07,3.142877678511102e-08
0.0337537,3.36045e-06,3.27114e-07,3.067657113947059e-08
0.0337678,3.27718e-06,3.18731e-07,2.991642351674634e-08
0.0337818,3.19268e-06,3.10226e-07,2.9145047581593225e-08
0.0337959,3.107e-06,3.01604e-07,2.8362899769475853e-08
0.03381,3.02017e-06,2.92869e-07,2.7570253941672957e-08
0.033824,2.93224e-06,2.84025e-07,2.6767566533649136e-08
0.0338381,2.84325e-06,2.75078e-07,2.5955202693776058e-08
0.0338521,2.75326e-06,2.66033e-07,2.5133710144611227e-08
0.0338662,2.6623e-06,2.56893e-07,2.4303362747433393e-08
0.0338802,2.57042e-06,2.47663e-07,2.346461693770715e-08
0.0338943,2.47766e-06,2.38349e-07,2.2617837863804165e-08
0.0339084,2.39065e-06,2.28955e-07,2.1823548868328757e-08
0.0339224,2.30603e-06,2.19485e-07,2.1051077488060635e-08
0.0339365,2.22064e-06,2.09946e-07,2.0271577001637866e-08
0.0339505,2.1345e-06,2.0034e-07,1.9485229983246283e-08
0.0339646,2.04766e-06,1.90674e-07,1.8692492868350474e-08
0.0339787,1.96018e-06,1.80953e-07,1.7893913379507944e-08
0.0339927,1.87208e-06,1.7118e-07,1.708967409090452e-08
0.0340068,1.78343e-06,1.61361e-07,1.6280414012190638e-08
0.0340208,1.69426e-06,1.515e-07,1.5466407004645044e-08
0.0340349,1.61662e-06,1.41603e-07,1.4757654015233361e-08
0.0340489,1.56422e-06,1.31674e-07,1.4279309648345515e-08
0.034063,1.51246e-06,1.21719e-07,1.3806807655404393e-08
0.0340771,1.46857e-06,1.11741e-07,1.3406148604589362e-08
0.0340911,1.42444e-06,1.01745e-07,1.3003298663544312e-08
0.0341052,1.38009e-06,9.17376e-08,1.2598440406455079e-08
0.0341192,1.33556e-06,8.17221e-08,1.2191938981693326e-08
0.0341333,1.29086e-06,7.17036e-08,1.1783885676351978e-08
0.0341474,1.29155e-06,6.16868e-08,1.1790184485763288e-08
0.0341614,1.29578e-06,5.16767e-08,1.1828798926067403e-08
0.0341755,1.30004e-06,4.16804e-08,1.186768722765027e-08
0.0341895,1.3044e-06,3.17052e-08,1.190748840016231e-08
0.0342036,1.34837e-06,2.17592e-08,1.230887774772068e-08
0.0342176,1.39167e-06,1.1847e-08,1.2704150860053575e-08
0.0342317,1.43427e-06,4.38508e-09,1.3093033875882243e-08
0.0342458,1.47612e-06,7.8914e-09,1.3475070359742096e-08
0.0342598,1.51722e-06,1.77289e-08,1.3850260311633134e-08
0.0342739,1.55754e-06,2.75434e-08,1.4218329870276606e-08
0.0342879,1.59705e-06,3.73205e-08,1.4579005174393758e-08
0.034302,1.63573e-06,4.70522e-08,1.4932103649798755e-08
0.034316,1.69268e-06,5.67296e-08,1.5451983643964077e-08
0.0343301,1.74884e-06,6.63422e-08,1.596465195778891e-08
0.0343442,1.804e-06,7.58817e-08,1.6468191562321993e-08
0.0343582,1.85815e-06,8.53435e-08,1.6962511170470407e-08
0.0343723,1.91126e-06,9.47268e-08,1.7447336920955397e-08
0.0343863,1.9633e-06,1.0403e-07,1.792239495249821e-08
0.0344004,2.01425e-06,1.13252e-07,1.838750269091301e-08
0.0344145,2.06411e-06,1.2239e-07,1.8842660136199807e-08
0.0344285,2.11285e-06,1.31438e-07,1.9287593427079835e-08
0.0344426,2.16045e-06,1.40392e-07,1.972211998936727e-08
0.0344566,2.20689e-06,1.49248e-07,2.0146057248876268e-08
0.0344707,2.25412e-06,1.58001e-07,2.057720618872575e-08
0.0344847,2.30976e-06,1.66646e-07,2.1085127573718875e-08
0.0344988,2.36414e-06,1.7518e-07,2.1581546785004392e-08
0.0345129,2.41723e-06,1.83599e-07,2.2066189961303543e-08
0.0345269,2.46902e-06,1.91902e-07,2.253896581552342e-08
0.034541,2.51948e-06,2.00086e-07,2.2999600486385266e-08
0.034555,2.56858e-06,2.08148e-07,2.3447820112610325e-08
0.0345691,2.61946e-06,2.16084e-07,2.3912288841374706e-08
0.0345832,2.67337e-06,2.23891e-07,2.4404417559293098e-08
0.0345972,2.72585e-06,2.31565e-07,2.488349222292428e-08
0.0346113,2.77686e-06,2.39101e-07,2.5349147683896593e-08
0.0346253,2.82639e-06,2.46496e-07,2.5801292655117107e-08
0.0346394,2.87443e-06,2.53746e-07,2.623983584949291e-08
0.0346534,2.92094e-06,2.60849e-07,2.666441211865233e-08
0.0346675,2.96592e-06,2.678e-07,2.707502146259537e-08
0.0346816,3.00933e-06,2.74599e-07,2.747129873295036e-08
0.0346956,3.05118e-06,2.81244e-07,2.785333521681021e-08
0.0347097,3.10335e-06,2.87732e-07,2.8329579980560953e-08
0.0347237,3.16696e-06,2.94061e-07,2.891025717860935e-08
0.0347378,3.22888e-06,3.00231e-07,2.947550685795468e-08
0.0347519,3.28911e-06,3.06239e-07,3.002532901859695e-08
0.0347659,3.34761e-06,3.12083e-07,3.0559358512164484e-08
0.03478,3.40435e-06,3.1776e-07,3.107732147737853e-08
0.034794,3.4593e-06,3.2327e-07,3.1578944052960354e-08
0.0348081,3.51245e-06,3.28608e-07,3.206413495181701e-08
0.0348221,3.56376e-06,3.33773e-07,3.2532529025576844e-08
0.0348362,3.61321e-06,3.38764e-07,3.298394370005402e-08
0.0348503,3.66078e-06,3.43577e-07,3.34181964010627e-08
0.0348643,3.70645e-06,3.48211e-07,3.383510455441705e-08
0.0348784,3.7502e-06,3.52664e-07,3.423448558593123e-08
0.0348924,3.79203e-06,3.56935e-07,3.461633949560525e-08
0.0349065,3.83192e-06,3.61023e-07,3.498048370925327e-08
0.0349206,3.86987e-06,3.64925e-07,3.532691822687528e-08
0.0349346,3.90586e-06,3.68641e-07,3.565546047428546e-08
0.0349487,3.9399e-06,3.72169e-07,3.596620173857673e-08
0.0349627,3.97197e-06,3.75509e-07,3.625895944556324e-08
0.0349768,4.00209e-06,3.78659e-07,3.653391616943084e-08
0.0349908,4.03023e-06,3.8162e-07,3.6790798048900764e-08
0.0350049,4.05641e-06,3.8439e-07,3.7029787658158844e-08
0.035019,4.08062e-06,3.86969e-07,3.725079371011218e-08
0.035033,4.10285e-06,3.89356e-07,3.745372491766784e-08
0.0350471,4.1231e-06,3.91551e-07,3.7638581280825845e-08
0.0350611,4.14136e-06,3.93553e-07,3.780527151249324e-08
0.0350752,4.15764e-06,3.95363e-07,3.795388689976298e-08
0.0350892,4.17192e-06,3.9698e-07,3.808424486844921e-08
0.0351033,4.18421e-06,3.98405e-07,3.819643670564485e-08
0.0351174,4.1945e-06,3.99636e-07,3.829037112425699e-08
0.0351314,4.20278e-06,4.00675e-07,3.83659568371927e-08
0.0351455,4.20905e-06,4.01522e-07,3.842319384445199e-08
0.0351595,4.21332e-06,4.02176e-07,3.846217343312777e-08
0.0351736,4.21559e-06,4.02639e-07,3.848289560322005e-08
0.0351877,4.21585e-06,4.02911e-07,3.8485269067635905e-08
0.0352017,4.21411e-06,4.02992e-07,3.8469385113468255e-08
0.0352158,4.21038e-06,4.02882e-07,3.843533502781002e-08
0.0352298,4.20467e-06,4.02584e-07,3.8383210097754115e-08
0.0352439,4.19698e-06,4.02097e-07,3.8313010323300535e-08
0.0352579,4.18733e-06,4.01422e-07,3.822491827863512e-08
0.035272,4.17572e-06,4.00561e-07,3.811893396375787e-08
0.0352861,4.16218e-06,3.99514e-07,3.799533123994754e-08
0.0353001,4.14671e-06,3.98283e-07,3.785411010720413e-08
0.0353142,4.12933e-06,3.96869e-07,3.7695453139713456e-08
0.0353282,4.11006e-06,3.95273e-07,3.751954291166138e-08
0.0353423,4.08892e-06,3.93497e-07,3.732656199723372e-08
0.0353564,4.06591e-06,3.91543e-07,3.71165103964305e-08
0.0353704,4.04107e-06,3.89412e-07,3.6889753257623356e-08
0.0353845,4.01441e-06,3.87106e-07,3.664638186790523e-08
0.0353985,3.98596e-06,3.84627e-07,3.638667008855487e-08
0.0354126,3.95573e-06,3.81976e-07,3.6110709206665175e-08
0.0354266,3.92374e-06,3.79156e-07,3.5818681796422006e-08
0.0354407,3.89003e-06,3.76169e-07,3.551095300619702e-08
0.0354548,3.85461e-06,3.73016e-07,3.518761412308314e-08
0.0354688,3.81752e-06,3.69699e-07,3.4849030295452027e-08
0.0354829,3.77876e-06,3.66222e-07,3.449520152330369e-08
0.0354969,3.73838e-06,3.62585e-07,3.4126584242102714e-08
0.035511,3.69639e-06,3.58791e-07,3.374326973894202e-08
0.0355251,3.65283e-06,3.54842e-07,3.3345623162193265e-08
0.0355391,3.60771e-06,3.50742e-07,3.293373579894938e-08
0.0355532,3.56107e-06,3.46491e-07,3.250797279758203e-08
0.0355672,3.51292e-06,3.42093e-07,3.206842544518413e-08
0.0355813,3.46331e-06,3.3755e-07,3.1615550177220275e-08
0.0355953,3.41225e-06,3.32865e-07,3.114943828078338e-08
0.0356094,3.35978e-06,3.28041e-07,3.0670454904245114e-08
0.0356235,3.30592e-06,3.2308e-07,3.0178782621791314e-08
0.0356375,3.25069e-06,3.17986e-07,2.9674604007607804e-08
0.0356516,3.19483e-06,3.12761e-07,2.9164674306570495e-08
0.0356656,3.14245e-06,3.07409e-07,2.8686512513868486e-08
0.0356797,3.08878e-06,3.01932e-07,2.8196574686180114e-08
0.0356938,3.03385e-06,2.96333e-07,2.7695134684784137e-08
0.0357078,2.97769e-06,2.90616e-07,2.71824663709593e-08
0.0357219,2.92034e-06,2.84784e-07,2.665893489307728e-08
0.0357359,2.86181e-06,2.78839e-07,2.612463153823099e-08
0.03575,2.80214e-06,2.72786e-07,2.5579921454792102e-08
0.035764,2.74137e-06,2.66626e-07,2.5025169791132288e-08
0.0357781,2.67952e-06,2.60364e-07,2.4460559121437378e-08
0.0357922,2.61663e-06,2.54002e-07,2.3886454594079047e-08
0.0358062,2.55273e-06,2.47545e-07,2.3303130070336046e-08
0.0358203,2.48785e-06,2.40994e-07,2.2710859411487122e-08
0.0358343,2.42204e-06,2.34354e-07,2.2110099052996875e-08
0.0358484,2.35532e-06,2.27628e-07,2.150103156905113e-08
0.0358625,2.28773e-06,2.20818e-07,2.088402210802156e-08
0.0358765,2.2193e-06,2.1393e-07,2.0259344531186918e-08
0.0358906,2.15008e-06,2.06966e-07,1.962745527401179e-08
0.0359046,2.0801e-06,1.99929e-07,1.8988628197774937e-08
0.0359187,2.00939e-06,1.92823e-07,1.8343137163755095e-08
0.0359327,1.938e-06,1.85652e-07,1.7691438607416862e-08
0.0359468,1.86617e-06,1.78419e-07,1.7035723418990263e-08
0.0359609,1.80099e-06,1.71128e-07,1.6440714147353818e-08
0.0359749,1.7352e-06,1.63782e-07,1.5840136363049404e-08
0.035989,1.66884e-06,1.56384e-07,1.523435521444869e-08
0.036003,1.60194e-06,1.48939e-07,1.4623644562830429e-08
0.0360171,1.53454e-06,1.41451e-07,1.4008369556566292e-08
0.0360311,1.46681e-06,1.33922e-07,1.3390082076235878e-08
0.0360452,1.40785e-06,1.26356e-07,1.2851853376394134e-08
0.0360593,1.3485e-06,1.18757e-07,1.231006447992861e-08
0.0360733,1.31655e-06,1.11129e-07,1.2018402218057106e-08
0.0360874,1.31075e-06,1.03476e-07,1.196545570416494e-08
0.0361014,1.30491e-06,9.58002e-08,1.1912144041901106e-08
0.0361155,1.29905e-06,8.81065e-08,1.1858649805451434e-08
0.0361296,1.29316e-06,8.03981e-08,1.1804881707723009e-08
0.0361436,1.28725e-06,7.26786e-08,1.1750931035808751e-08
0.0361577,1.28131e-06,6.49518e-08,1.169670650261574e-08
0.0361717,1.27536e-06,5.7221e-08,1.164239068232981e-08
0.0361858,1.26939e-06,4.94883e-08,1.1587892287858047e-08
0.0361998,1.26341e-06,4.17561e-08,1.1533302606293364e-08
0.0362139,1.25741e-06,3.40274e-08,1.1478530350542849e-08
0.036228,1.28098e-06,2.63039e-08,1.1693694028549461e-08
0.036242,1.31451e-06,1.85891e-08,1.199977965110193e-08
0.0362561,1.3475e-06,1.08886e-08,1.2300935770636855e-08
0.0362701,1.37991e-06,4.46654e-09,1.2596797238782562e-08
0.0362842,1.41172e-06,4.48875e-09,1.2887181481353218e-08
0.0362983,1.44289e-06,1.20106e-08,1.317172334997715e-08
0.0363123,1.47342e-06,1.9565e-08,1.3450422844654365e-08
0.0363264,1.50329e-06,2.70735e-08,1.372309739119902e-08
0.0363404,1.54406e-06,3.45409e-08,1.4095274869023778e-08
0.0363545,1.58576e-06,4.19663e-08,1.4475942046489871e-08
0.0363685,1.62663e-06,4.93478e-08,1.4849032395243806e-08
0.0363826,1.66666e-06,5.66831e-08,1.521445462819267e-08
0.0363967,1.70583e-06,6.39703e-08,1.5572026171150624e-08
0.0364107,1.74413e-06,7.12054e-08,1.5921655737024756e-08
0.0364248,1.78154e-06,7.83829e-08,1.6263160751629227e-08
0.0364388,1.81806e-06,8.54976e-08,1.6596541214964037e-08
0.0364529,1.85367e-06,9.25448e-08,1.6921614552843354e-08
0.036467,1.89205e-06,9.95214e-08,1.7271974415460825e-08
0.036481,1.93255e-06,1.06425e-07,1.764168714177681e-08
0.0364951,1.97213e-06,1.13255e-07,1.8003001455544387e-08
0.0365091,2.01077e-06,1.20009e-07,1.8355734782577714e-08
0.0365232,2.04845e-06,1.26685e-07,1.8699704548690957e-08
0.0365372,2.08516e-06,1.33281e-07,1.9034819466791205e-08
0.0365513,2.12088e-06,1.39793e-07,1.9360896962692613e-08
0.0365654,2.1556e-06,1.46219e-07,1.967784574930227e-08
0.0365794,2.18931e-06,1.52556e-07,1.9985574539527252e-08
0.0365935,2.22198e-06,1.58801e-07,2.0283809472088814e-08
0.0366075,2.25362e-06,1.64949e-07,2.0572641834079874e-08
0.0366216,2.28421e-06,1.70999e-07,2.085188905131459e-08
0.0366357,2.31373e-06,1.76947e-07,2.112136854960713e-08
0.0366497,2.34218e-06,1.82791e-07,2.1381080328957498e-08
0.0366638,2.36955e-06,1.88529e-07,2.1630933102272772e-08
0.0366778,2.39582e-06,1.9416e-07,2.1870744295367118e-08
0.0366919,2.42099e-06,1.99682e-07,2.2100513908240535e-08
0.0367059,2.44505e-06,2.05092e-07,2.2320150653800107e-08
0.03672,2.46799e-06,2.10388e-07,2.2529563244952916e-08
0.0367341,2.48981e-06,2.15569e-07,2.272875168169896e-08
0.0367481,2.51049e-06,2.20632e-07,2.2917533389852407e-08
0.0367622,2.53004e-06,2.25575e-07,2.3095999656506174e-08
0.0367762,2.54844e-06,2.30394e-07,2.3263967907474424e-08
0.0367903,2.56569e-06,2.35088e-07,2.342143814275716e-08
0.0368043,2.58483e-06,2.39654e-07,2.359616163860131e-08
0.0368184,2.62923e-06,2.44091e-07,2.400147633115513e-08
0.0368325,2.67224e-06,2.48398e-07,2.4394102117793417e-08
0.0368465,2.71383e-06,2.52572e-07,2.4773765137237415e-08
0.0368606,2.754e-06,2.56612e-07,2.514046538948712e-08
0.0368746,2.79274e-06,2.60519e-07,2.5494111587449624e-08
0.0368887,2.83005e-06,2.6429e-07,2.5834703731124923e-08
0.0369028,2.86591e-06,2.67924e-07,2.6162059246327175e-08
0.0369168,2.90031e-06,2.71421e-07,2.6476086845963468e-08
0.0369309,2.93325e-06,2.7478e-07,2.6776786530033805e-08
0.0369449,2.96471e-06,2.77999e-07,2.706397572435235e-08
0.036959,2.99468e-06,2.81076e-07,2.733756314182618e-08
0.036973,3.02314e-06,2.84012e-07,2.7597366208269467e-08
0.0369871,3.05009e-06,2.86805e-07,2.78433849236822e-08
0.0370012,3.07551e-06,2.89455e-07,2.8075436713878556e-08
0.0370152,3.09939e-06,2.9196e-07,2.8293430291765613e-08
0.0370293,3.12172e-06,2.94319e-07,2.849727437025045e-08
0.0370433,3.14249e-06,2.96533e-07,2.8686877662240158e-08
0.0370574,3.16169e-06,2.98601e-07,2.886214888064181e-08
0.0370715,3.17931e-06,3.00521e-07,2.9022996738362495e-08
0.0370855,3.19536e-06,3.02295e-07,2.9169512522495125e-08
0.0370996,3.20983e-06,3.03922e-07,2.930160494594679e-08
0.0371136,3.22271e-06,3.054e-07,2.9419182721624563e-08
0.0371277,3.23402e-06,3.06731e-07,2.9522428423714288e-08
0.0371417,3.24375e-06,3.07915e-07,2.961125076512304e-08
0.0371558,3.2519e-06,3.0895e-07,2.9685649745850828e-08
0.0371699,3.25849e-06,3.09837e-07,2.9745807940083476e-08
0.0371839,3.26351e-06,3.10577e-07,2.9791634060728076e-08
0.037198,3.26698e-06,3.11168e-07,2.982331068197046e-08
0.037212,3.2689e-06,3.11612e-07,2.984083780381062e-08
0.0372261,3.26929e-06,3.11909e-07,2.984439800043441e-08
0.0372402,3.26815e-06,3.12059e-07,2.983399127184181e-08
0.0372542,3.26548e-06,3.12062e-07,2.980961761803283e-08
0.0372683,3.26131e-06,3.11919e-07,2.977155090028622e-08
0.0372823,3.25563e-06,3.11631e-07,2.9719699831509067e-08
0.0372964,3.24846e-06,3.11198e-07,2.9654246985887198e-08
0.0373104,3.23981e-06,3.10621e-07,2.9575283650513537e-08
0.0373245,3.22967e-06,3.099e-07,2.9482718538295165e-08
0.0373386,3.21808e-06,3.09036e-07,2.937691679760375e-08
0.0373526,3.20585e-06,3.08031e-07,2.9265272682965612e-08
0.0373667,3.19297e-06,3.06885e-07,2.914769490728784e-08
0.0373807,3.17863e-06,3.05599e-07,2.90167892160441e-08
0.0373948,3.16284e-06,3.04174e-07,2.8872646896327323e-08
0.0374089,3.14562e-06,3.02612e-07,2.8715450522323344e-08
0.0374229,3.12699e-06,3.00912e-07,2.854538266821799e-08
0.037437,3.10695e-06,2.99077e-07,2.836244333401126e-08
0.037451,3.08552e-06,2.97108e-07,2.8166815093889e-08
0.0374651,3.06272e-06,2.95006e-07,2.795868052203704e-08
0.0374791,3.03855e-06,2.92773e-07,2.773803961845537e-08
0.0374932,3.01305e-06,2.90409e-07,2.750525753151568e-08
0.0375073,2.98621e-06,2.87917e-07,2.7260242974125035e-08
0.0375213,2.95806e-06,2.85298e-07,2.700326980756219e-08
0.0375354,2.92861e-06,2.82554e-07,2.6734429318920075e-08
0.0375494,2.89789e-06,2.79686e-07,2.6453995369477428e-08
0.0375635,2.8659e-06,2.76696e-07,2.616196795923426e-08
0.0375775,2.83268e-06,2.73586e-07,2.585871223656223e-08
0.0375916,2.79822e-06,2.70358e-07,2.554413691436843e-08
0.0376057,2.76257e-06,2.67014e-07,2.5218698428117446e-08
0.0376197,2.72573e-06,2.63556e-07,2.4882396777809274e-08
0.0376338,2.68772e-06,2.59986e-07,2.453541453762975e-08
0.0376478,2.64858e-06,2.56306e-07,2.4178116855950544e-08
0.0376619,2.60831e-06,2.52517e-07,2.381050373277166e-08
0.037676,2.56695e-06,2.48623e-07,2.343294031646477e-08
0.03769,2.52451e-06,2.44625e-07,2.304551789412278e-08
0.0377041,2.48103e-06,2.40526e-07,2.264860161411737e-08
0.0377181,2.43652e-06,2.36327e-07,2.2242282763541454e-08
0.0377322,2.39101e-06,2.32031e-07,2.1826835203673785e-08
0.0377462,2.34453e-06,2.27641e-07,2.1402532795793118e-08
0.0377603,2.29709e-06,2.23158e-07,2.0969466826992366e-08
0.0377744,2.24874e-06,2.18585e-07,2.052809373273612e-08
0.0377884,2.19948e-06,2.13925e-07,2.007841351302438e-08
0.0378025,2.14936e-06,2.0918e-07,1.962088260332173e-08
0.0378165,2.09839e-06,2.04352e-07,1.915559229072109e-08
0.0378306,2.04711e-06,1.99444e-07,1.8687472078240012e-08
0.0378447,1.99757e-06,1.94459e-07,1.823523581992658e-08
0.0378587,1.94727e-06,1.89399e-07,1.7776061742551413e-08
0.0378728,1.89623e-06,1.84266e-07,1.7310132420300352e-08
0.0378868,1.84449e-06,1.79065e-07,1.6837813001545062e-08
0.0379009,1.79208e-06,1.73797e-07,1.6359377347564302e-08
0.0379149,1.73901e-06,1.68465e-07,1.587491674545098e-08
0.037929,1.68532e-06,1.63072e-07,1.5384796343576773e-08
0.0379431,1.63103e-06,1.57621e-07,1.4889198716127516e-08
0.0379571,1.57617e-06,1.52114e-07,1.4388397724381961e-08
0.0379712,1.52076e-06,1.46555e-07,1.388257594252594e-08
0.0379852,1.46501e-06,1.40947e-07,1.3373650399510723e-08
0.0379993,1.41448e-06,1.35291e-07,1.2912376718998455e-08
0.0380134,1.36347e-06,1.29591e-07,1.2446721258026147e-08
0.0380274,1.31199e-06,1.23851e-07,1.1976775303686714e-08
0.0380415,1.26009e-06,1.18072e-07,1.1502995291444745e-08
0.0380555,1.21913e-06,1.12257e-07,1.1129083358854552e-08
0.0380696,1.18868e-06,1.06411e-07,1.0851114160920681e-08
0.0380836,1.15981e-06,1.00534e-07,1.0587568323667778e-08
0.0380977,1.1314e-06,9.46313e-08,1.0328221692689083e-08
0.0381118,1.10277e-06,8.87046e-08,1.00668667456662e-08
0.0381258,1.07395e-06,8.2757e-08,9.803777343877885e-09
0.0381399,1.04495e-06,7.67913e-08,9.539044774417055e-09
0.0381539,1.01802e-06,7.08106e-08,9.293208633190153e-09
0.038168,1.01878e-06,6.48175e-08,9.300146452251885e-09
0.0381821,1.02068e-06,5.88151e-08,9.317490999906215e-09
0.0381961,1.02259e-06,5.28061e-08,9.334926834653462e-09
0.0382102,1.02451e-06,4.67935e-08,9.352453956493627e-09
0.0382242,1.02645e-06,4.07801e-08,9.370163652519627e-09
0.0382383,1.02839e-06,3.47686e-08,9.387873348545629e-09
0.0382523,1.03034e-06,2.87624e-08,9.405674331664547e-09
0.0382664,1.0323e-06,2.27658e-08,9.423566601876383e-09
0.0382805,1.03445e-06,1.67832e-08,9.44319332685365e-09
0.0382945,1.03687e-06,1.08197e-08,9.465284803339693e-09
0.0383086,1.03929e-06,4.87711e-09,9.487376279825735e-09
0.0383226,1.04171e-06,2.34866e-09,9.509467756311776e-09
0.0383367,1.04413e-06,6.96286e-09,9.531559232797818e-09
0.0383508,1.04655e-06,1.28642e-08,9.553650709283859e-09
0.0383648,1.04897e-06,1.87482e-08,9.575742185769902e-09
0.0383789,1.05138e-06,2.46082e-08,9.597742375163027e-09
0.0383929,1.05379e-06,3.04392e-08,9.619742564556148e-09
0.038407,1.05619e-06,3.62353e-08,9.641651466856358e-09
0.038421,1.06025e-06,4.19907e-08,9.678714026580872e-09
0.0384351,1.09314e-06,4.77011e-08,9.97895727518662e-09
0.0384492,1.12542e-06,5.33647e-08,1.02736320111244e-08
0.0384632,1.15706e-06,5.89811e-08,1.0562464373115458e-08
0.0384773,1.18806e-06,6.45494e-08,1.0845454361159794e-08
0.0384913,1.21841e-06,7.0068e-08,1.1122510688164489e-08
0.0385054,1.24809e-06,7.55349e-08,1.1393450779943712e-08
0.0385194,1.27709e-06,8.09472e-08,1.1658183349404543e-08
0.0385335,1.30541e-06,8.63023e-08,1.1916708396546982e-08
0.0385476,1.33302e-06,9.15973e-08,1.2168752060092274e-08
0.0385616,1.36526e-06,9.68293e-08,1.2463061647658385e-08
0.0385757,1.39839e-06,1.01996e-07,1.2765495786494154e-08
0.0385897,1.43075e-06,1.07096e-07,1.3060900819175273e-08
0.0386038,1.46233e-06,1.12126e-07,1.3349185458608826e-08
0.0386179,1.49312e-06,1.17086e-07,1.3630258417701893e-08
0.0386319,1.52311e-06,1.21974e-07,1.3904028409361558e-08
0.038646,1.55229e-06,1.26788e-07,1.4170404146494906e-08
0.03866,1.58409e-06,1.31526e-07,1.4460697101972643e-08
0.0386741,1.61613e-06,1.36185e-07,1.4753180947680402e-08
0.0386881,1.6473e-06,1.40764e-07,1.5037722816304335e-08
0.0387022,1.67759e-06,1.45259e-07,1.5314231420751525e-08
0.0387163,1.70699e-06,1.49668e-07,1.558261547392906e-08
0.0387303,1.73548e-06,1.5399e-07,1.5842692401651095e-08
0.0387444,1.76306e-06,1.58222e-07,1.6094462203917637e-08
0.0387584,1.78971e-06,1.62363e-07,1.6337742306542846e-08
0.0387725,1.81542e-06,1.66412e-07,1.657244142243381e-08
0.0387866,1.84017e-06,1.70368e-07,1.6798376977404692e-08
0.0388006,1.87779e-06,1.74229e-07,1.714179902096043e-08
0.0388147,1.91557e-06,1.77996e-07,1.7486681658002848e-08
0.0388287,1.95233e-06,1.81665e-07,1.782225301156768e-08
0.0388428,1.98807e-06,1.85237e-07,1.8148513081654925e-08
0.0388568,2.02276e-06,1.8871e-07,1.846518800698583e-08
0.0388709,2.05639e-06,1.92083e-07,1.8772186500467475e-08
0.038885,2.08895e-06,1.95353e-07,1.9069417275006945e-08
0.038899,2.12041e-06,1.98521e-07,1.9356606469325487e-08
0.0389131,2.15077e-06,2.01585e-07,1.96337540834231e-08
0.0389271,2.18e-06,2.04542e-07,1.9900586256021033e-08
0.0389412,2.2081e-06,2.07393e-07,2.015710298711929e-08
0.0389553,2.23507e-06,2.10136e-07,2.040330427671786e-08
0.0389693,2.26087e-06,2.1277e-07,2.063882497644508e-08
0.0389834,2.28553e-06,2.15294e-07,2.0863938947579703e-08
0.0389974,2.30901e-06,2.17707e-07,2.107828104175006e-08
0.0390115,2.33133e-06,2.20008e-07,2.128203383314198e-08
0.0390255,2.35248e-06,2.22197e-07,2.147510603466255e-08
0.0390396,2.37245e-06,2.24273e-07,2.1657406359218855e-08
0.0390537,2.39125e-06,2.26236e-07,2.1829026093903808e-08
0.0390677,2.40887e-06,2.28085e-07,2.198987395162449e-08
0.0390818,2.42531e-06,2.29819e-07,2.213994993238091e-08
0.0390958,2.44056e-06,2.31439e-07,2.2279162749080137e-08
0.0391099,2.45464e-06,2.32944e-07,2.2407694975908014e-08
0.039124,2.46753e-06,2.34333e-07,2.252536403867871e-08
0.039138,2.47923e-06,2.35607e-07,2.2632169937392213e-08
0.0391521,2.48974e-06,2.36765e-07,2.2728112672048536e-08
0.0391661,2.49905e-06,2.37807e-07,2.2813100955554755e-08
0.0391802,2.50717e-06,2.38734e-07,2.2887226075003786e-08
0.0391942,2.51409e-06,2.39544e-07,2.2950396743302716e-08
0.0392083,2.51981e-06,2.40239e-07,2.3002612960451542e-08
0.0392224,2.52432e-06,2.40818e-07,2.3043783439357348e-08
0.0392364,2.52764e-06,2.41282e-07,2.3074090754205966e-08
0.0392505,2.52975e-06,2.4163e-07,2.3093352330811563e-08
0.0392645,2.53065e-06,2.41863e-07,2.3101568169174144e-08
0.0392786,2.53036e-06,2.41981e-07,2.3098920843479536e-08
0.0392926,2.52887e-06,2.41985e-07,2.3085319066634825e-08
0.0393067,2.52618e-06,2.41874e-07,2.3060762838640006e-08
0.0393208,2.52231e-06,2.4165e-07,2.3025434733680922e-08
0.0393348,2.51725e-06,2.41313e-07,2.2979243464664654e-08
0.0393489,2.51102e-06,2.40864e-07,2.2922371605777034e-08
0.0393629,2.50362e-06,2.40302e-07,2.2854819157018068e-08
0.039377,2.49506e-06,2.3963e-07,2.277667740548066e-08
0.0393911,2.48534e-06,2.38847e-07,2.2687946351164825e-08
0.0394051,2.47449e-06,2.37954e-07,2.2588899855349308e-08
0.0394192,2.4625e-06,2.36953e-07,2.2479446630941193e-08
0.0394332,2.44939e-06,2.35843e-07,2.2359769252126314e-08
0.0394473,2.43518e-06,2.34627e-07,2.2230050293090503e-08
0.0394613,2.41986e-06,2.33306e-07,2.2090198466740854e-08
0.0394754,2.40346e-06,2.31879e-07,2.194048763435611e-08
0.0394895,2.38598e-06,2.30349e-07,2.178091779593627e-08
0.0395035,2.36744e-06,2.28717e-07,2.161167152566717e-08
0.0395176,2.34786e-06,2.26983e-07,2.1432931397734655e-08
0.0395316,2.32724e-06,2.25149e-07,2.1244697412138715e-08
0.0395457,2.30561e-06,2.23216e-07,2.10472434301581e-08
0.0395598,2.28297e-06,2.21186e-07,2.084056945179282e-08
0.0395738,2.25935e-06,2.19059e-07,2.0624949338321617e-08
0.0395879,2.23475e-06,2.16837e-07,2.04003830897445e-08
0.0396019,2.20919e-06,2.14522e-07,2.0167053280247298e-08
0.039616,2.18269e-06,2.12114e-07,1.992514248401585e-08
0.03963,2.15527e-06,2.09615e-07,1.9674833275235987e-08
0.0396441,2.12693e-06,2.07027e-07,1.9416125653907715e-08
0.0396582,2.0977e-06,2.04351e-07,1.914929348130978e-08
0.0396722,2.0676e-06,2.01589e-07,1.8874519331628024e-08
0.0396863,2.03663e-06,1.98742e-07,1.859180320486244e-08
0.0397003,2.00481e-06,1.95813e-07,1.830132767519887e-08
0.0397144,1.97217e-06,1.92802e-07,1.8003366603916055e-08
0.0397285,1.93895e-06,1.89712e-07,1.7700110881244027e-08
0.0397425,1.90799e-06,1.86544e-07,1.7417486041571364e-08
0.0397566,1.87625e-06,1.833e-07,1.712774080865113e-08
0.0397706,1.84374e-06,1.79983e-07,1.683096646957625e-08
0.0397847,1.81048e-06,1.76593e-07,1.6527345598532552e-08
0.0397987,1.77649e-06,1.73133e-07,1.6217060769705875e-08
0.0398128,1.74179e-06,1.69604e-07,1.5900294557282052e-08
0.0398269,1.70638e-06,1.66009e-07,1.5577046961261087e-08
0.0398409,1.6703e-06,1.62349e-07,1.5247683130014647e-08
0.039855,1.63357e-06,1.58626e-07,1.491238563772857e-08
0.039869,1.59619e-06,1.54843e-07,1.4571154484402851e-08
0.0398831,1.55819e-06,1.51e-07,1.4224263531316244e-08
0.0398972,1.5196e-06,1.47101e-07,1.3871986639747507e-08
0.0399112,1.48042e-06,1.43147e-07,1.3514323809696633e-08
0.0399253,1.44069e-06,1.3914e-07,1.3151640189535295e-08
0.0399393,1.40042e-06,1.35082e-07,1.2784027066356413e-08
0.0399534,1.35964e-06,1.30975e-07,1.2411758301438733e-08
0.0399674,1.31837e-06,1.26822e-07,1.2035016468968096e-08
0.0399815,1.27662e-06,1.22623e-07,1.1653892856037419e-08
0.0399956,1.23442e-06,1.18383e-07,1.1268661323925451e-08
0.0400096,1.1918e-06,1.14101e-07,1.0879595733910948e-08
0.0400237,1.14877e-06,1.09781e-07,1.0486787373086827e-08
0.0400377,1.1072e-06,1.05425e-07,1.0107306927828665e-08
0.0400518,1.06791e-06,1.01035e-07,9.7486399397557e-09
0.0400658,1.03733e-06,9.66129e-08,9.469484009613899e-09
0.0400799,1.03387e-06,9.21608e-08,9.437898675464434e-09
0.040094,1.03038e-06,8.76811e-08,9.406039480036217e-09
0.040108,1.02687e-06,8.31759e-08,9.373997710422166e-09
0.0401221,1.02362e-06,7.86474e-08,9.344329405223968e-09
0.0401361,1.02049e-06,7.40977e-08,9.315756545140782e-09
0.0401502,1.01734e-06,6.95291e-08,9.287001110871762e-09
0.0401643,1.01416e-06,6.49438e-08,9.257971815323986e-09
0.0401783,1.01098e-06,6.0344e-08,9.228942519776214e-09
0.0401924,1.00777e-06,5.57319e-08,9.199639362949686e-09
0.0402064,1.00456e-06,5.11097e-08,9.170336206123161e-09
0.0402205,1.00133e-06,4.64795e-08,9.1408504751108e-09
0.0402345,9.9809e-07,4.18435e-08,9.11127345700552e-09
0.0402486,9.94839e-07,3.72038e-08,9.081596023098033e-09
0.0402627,9.9158e-07,3.25621e-08,9.05184555951621e-09
0.0402767,9.88313e-07,2.79196e-08,9.022022066260054e-09
0.0402908,9.85039e-07,2.32781e-08,8.992134672038854e-09
0.0403048,9.8176e-07,1.86393e-08,8.962201634271197e-09
0.0403189,9.78477e-07,1.40043e-08,8.932232081666374e-09
0.040333,9.75191e-07,9.37577e-09,8.902235142933673e-09
0.040347,9.71903e-07,4.75856e-09,8.872219946782391e-09
0.0403611,9.68615e-07,1.90896e-09,8.842204750631106e-09
0.0403751,9.65327e-07,4.4117e-09,8.812189554479825e-09
0.0403892,9.62041e-07,8.96008e-09,8.782192615747124e-09
0.0404032,9.58758e-07,1.34851e-08,8.7522230631423e-09
0.0404173,9.55903e-07,1.79833e-08,8.726160598114346e-09
0.0404314,9.81213e-07,2.24571e-08,8.957208230288608e-09
0.0404454,1.00603e-06,2.69052e-08,9.183755408782037e-09
0.0404595,1.03035e-06,3.13264e-08,9.405765618757465e-09
0.0404735,1.05416e-06,3.57193e-08,9.623120186994098e-09
0.0404876,1.07745e-06,4.00827e-08,9.83572782639902e-09
0.0405017,1.10021e-06,4.44135e-08,1.0043497249879313e-08
0.0405157,1.12356e-06,4.87086e-08,1.0256652611841741e-08
0.0405298,1.14925e-06,5.29648e-08,1.0491169153546869e-08
0.0405438,1.1744e-06,5.71798e-08,1.072075619223445e-08
0.0405579,1.19902e-06,6.1352e-08,1.0945505014997403e-08
0.0405719,1.22308e-06,6.54802e-08,1.1165141760556976e-08
0.040586,1.24659e-06,6.95636e-08,1.1379757716006083e-08
0.0406001,1.26953e-06,7.3601e-08,1.1589170307158893e-08
0.0406141,1.29189e-06,7.7591e-08,1.1793288246922483e-08
0.0406282,1.31366e-06,8.15321e-08,1.1992020248203941e-08
0.0406422,1.33484e-06,8.54228e-08,1.2185366311003265e-08
0.0406563,1.35542e-06,8.92612e-08,1.2373235148227538e-08
0.0406704,1.37538e-06,9.30453e-08,1.2555444185690923e-08
0.0406844,1.39472e-06,9.67733e-08,1.2731993423393421e-08
0.0406985,1.41343e-06,1.00443e-07,1.2902791574242116e-08
0.0407125,1.43152e-06,1.04053e-07,1.3067929925329924e-08
0.0407266,1.44896e-06,1.07601e-07,1.3227134615378091e-08
0.0407406,1.46575e-06,1.11086e-07,1.3380405644386619e-08
0.0407547,1.48189e-06,1.14508e-07,1.352774301235551e-08
0.0407688,1.49737e-06,1.17864e-07,1.3669055432191844e-08
0.0407828,1.51219e-06,1.21154e-07,1.380434290389562e-08
0.0407969,1.52634e-06,1.24377e-07,1.393351414037392e-08
0.0408109,1.53982e-06,1.27532e-07,1.4056569141626747e-08
0.040825,1.55262e-06,1.30616e-07,1.4173416620561183e-08
0.0408391,1.56474e-06,1.3363e-07,1.4284056577177227e-08
0.0408531,1.57617e-06,1.3657e-07,1.4388397724381961e-08
0.0408672,1.58691e-06,1.39436e-07,1.4486440062175386e-08
0.0408812,1.59697e-06,1.42226e-07,1.4578274877650417e-08
0.0408953,1.60632e-06,1.44939e-07,1.4663628309528306e-08
0.0409093,1.61498e-06,1.47574e-07,1.4742682931994886e-08
0.0409234,1.62295e-06,1.5013e-07,1.4815438745050155e-08
0.0409375,1.63938e-06,1.52607e-07,1.4965423438713652e-08
0.0409515,1.66315e-06,1.55003e-07,1.5182412858578614e-08
0.0409656,1.68607e-06,1.57318e-07,1.539164287554559e-08
0.0409796,1.70813e-06,1.59552e-07,1.5593022202521657e-08
0.0409937,1.72931e-06,1.61703e-07,1.578636826532098e-08
0.0410077,1.74962e-06,1.63772e-07,1.597177235103648e-08
0.0410218,1.76905e-06,1.65757e-07,1.6149143172575234e-08
0.0410359,1.78758e-06,1.67659e-07,1.6318298155751412e-08
0.0410499,1.80522e-06,1.69475e-07,1.6479328587657933e-08
0.041064,1.82195e-06,1.71206e-07,1.6632051894108957e-08
0.041078,1.83777e-06,1.72851e-07,1.6776468075104484e-08
0.0410921,1.85267e-06,1.74409e-07,1.69124858435516e-08
0.0411062,1.86665e-06,1.75881e-07,1.7040105199450305e-08
0.0411202,1.87968e-06,1.77265e-07,1.7159052281521844e-08
0.0411343,1.89179e-06,1.78561e-07,1.726960095104497e-08
0.0411483,1.90294e-06,1.79769e-07,1.7371386059648015e-08
0.0411624,1.91316e-06,1.80889e-07,1.7464681468609724e-08
0.0411764,1.92242e-06,1.81921e-07,1.7549213316651358e-08
0.0411905,1.93074e-06,1.82864e-07,1.7625164177958737e-08
0.0412046,1.93811e-06,1.83718e-07,1.7692442765438957e-08
0.0412186,1.94452e-06,1.84484e-07,1.7750957791999093e-08
0.0412327,1.95e-06,1.85161e-07,1.7800983118917897e-08
0.0412467,1.95453e-06,1.85748e-07,1.7842336172009538e-08
0.0412608,1.95812e-06,1.86247e-07,1.787510823836693e-08
0.0412749,1.96077e-06,1.86658e-07,1.7899299317990075e-08
0.0412889,1.96249e-06,1.86979e-07,1.791500069797189e-08
0.041303,1.96329e-06,1.87212e-07,1.7922303665405294e-08
0.041317,1.96316e-06,1.87356e-07,1.7921116933197363e-08
0.0413311,1.96212e-06,1.87412e-07,1.7911623075533942e-08
0.0413451,1.96017e-06,1.8738e-07,1.7893822092415024e-08
0.0413592,1.95732e-06,1.87261e-07,1.786780527093353e-08
0.0413733,1.95356e-06,1.87054e-07,1.7833481323996537e-08
0.0413873,1.94891e-06,1.86761e-07,1.7791032825789888e-08
0.0414014,1.94337e-06,1.86381e-07,1.7740459776313577e-08
0.0414154,1.93695e-06,1.85915e-07,1.7681853462660525e-08
0.0414295,1.92965e-06,1.85363e-07,1.7615213884830728e-08
0.0414436,1.92215e-06,1.84727e-07,1.7546748565142583e-08
0.0414576,1.91407e-06,1.84006e-07,1.747298859406522e-08
0.0414717,1.90512e-06,1.83201e-07,1.7391286645904033e-08
0.0414857,1.8953e-06,1.82313e-07,1.7301642720659023e-08
0.0414998,1.88463e-06,1.81343e-07,1.7204239392516017e-08
0.0415138,1.87311e-06,1.8029e-07,1.709907666147503e-08
0.0415279,1.86075e-06,1.79157e-07,1.6986245814628963e-08
0.041542,1.84756e-06,1.77943e-07,1.6865838139070745e-08
0.041556,1.83354e-06,1.7665e-07,1.673785363480037e-08
0.0415701,1.81871e-06,1.75278e-07,1.6602474876003675e-08
0.0415841,1.80308e-06,1.73828e-07,1.645979314977358e-08
0.0415982,1.78665e-06,1.72302e-07,1.6309808456110083e-08
0.0416123,1.76944e-06,1.707e-07,1.6152703369199017e-08
0.0416263,1.75145e-06,1.69022e-07,1.5988477889040385e-08
0.0416404,1.7327e-06,1.67271e-07,1.581731458982002e-08
0.0416544,1.7132e-06,1.65448e-07,1.563930475863084e-08
0.0416685,1.69296e-06,1.63552e-07,1.5454539682565768e-08
0.0416825,1.67198e-06,1.61586e-07,1.5263019361624794e-08
0.0416966,1.65029e-06,1.59551e-07,1.5065017657086677e-08
0.0417107,1.62789e-06,1.57448e-07,1.4860534568951414e-08
0.0417247,1.60479e-06,1.55278e-07,1.4649661384311924e-08
0.0417388,1.58102e-06,1.53042e-07,1.443267196444696e-08
0.0417528,1.55658e-06,1.50742e-07,1.4209566309356523e-08
0.0417669,1.53148e-06,1.48379e-07,1.398043570613353e-08
0.0417809,1.50575e-06,1.45954e-07,1.374555401605673e-08
0.041795,1.4794e-06,1.43469e-07,1.3505012526219044e-08
0.0418091,1.45243e-06,1.40925e-07,1.3258811236620473e-08
0.0418231,1.42487e-06,1.38323e-07,1.3007224008539767e-08
0.0418372,1.39673e-06,1.35664e-07,1.2750342129069845e-08
0.0418512,1.36803e-06,1.32951e-07,1.248834817239654e-08
0.0418653,1.33878e-06,1.30184e-07,1.2221333425612772e-08
0.0418794,1.309e-06,1.27366e-07,1.1949480462904375e-08
0.0418934,1.2787e-06,1.24497e-07,1.1672880571364264e-08
0.0419075,1.2479e-06,1.21579e-07,1.1391716325178279e-08
0.0419215,1.21661e-06,1.18613e-07,1.1106079011439334e-08
0.0419356,1.18668e-06,1.15602e-07,1.0832856742337176e-08
0.0419496,1.15631e-06,1.12547e-07,1.0555617841146643e-08
0.0419637,1.12551e-06,1.09448e-07,1.0274453594960657e-08
0.0419778,1.09429e-06,1.06309e-07,9.989455290872137e-09
0.0419918,1.06267e-06,1.03131e-07,9.700805503066914e-09
0.0420059,1.03066e-06,9.9915e-08,9.40859551863791e-09
0.0420199,9.98283e-07,9.6663e-08,9.113035297898829e-09
0.042034,9.67248e-07,9.33767e-08,8.829725805029282e-09
0.0420481,9.48078e-07,9.00578e-08,8.654728447906382e-09
0.0420621,9.28696e-07,8.67081e-08,8.477795804413628e-09
0.0420762,9.0911e-07,8.33292e-08,8.299000904225358e-09
0.0420902,8.91594e-07,7.99229e-08,8.139102432271018e-09
0.0421043,8.75359e-07,7.64908e-08,7.990897836919412e-09
0.0421183,8.58952e-07,7.30347e-08,7.841123103569624e-09
0.0421324,8.42381e-07,6.95564e-08,7.689851261895988e-09
0.0421465,8.25654e-07,6.60576e-08,7.53715534157284e-09
0.0421605,8.21348e-07,6.254e-08,7.497847119362552e-09
0.0421746,8.22285e-07,5.90054e-08,7.506400719968924e-09
0.0421886,8.23235e-07,5.54554e-08,7.51507299379609e-09
0.0422027,8.24198e-07,5.18919e-08,7.523863940844048e-09
0.0422168,8.25173e-07,4.83165e-08,7.532764432403506e-09
0.0422308,8.26159e-07,4.4731e-08,7.541765339765175e-09
0.0422449,8.27155e-07,4.11371e-08,7.55085753421976e-09
0.0422589,8.28161e-07,3.75365e-08,7.560041015767265e-09
0.042273,8.29175e-07,3.39309e-08,7.569297526989102e-09
0.042287,8.30197e-07,3.03222e-08,7.578627067885273e-09
0.0423011,8.31227e-07,2.67119e-08,7.588029638455778e-09
0.0423152,8.32262e-07,2.31017e-08,7.597477852572741e-09
0.0423292,8.33303e-07,1.94934e-08,7.606980838945457e-09
0.0423433,8.34349e-07,1.5889e-08,7.61652946886463e-09
0.0423573,8.35399e-07,1.22914e-08,7.62611461362097e-09
0.0423714,8.36452e-07,8.70319e-09,7.635727144505186e-09
0.0423855,8.37507e-07,5.12719e-09,7.645357932807986e-09
0.0423995,8.38563e-07,1.96134e-09,7.654997849820077e-09
0.0424136,8.3962e-07,2.26367e-09,7.66464689554146e-09
0.0424276,8.40677e-07,5.54003e-09,7.674295941262841e-09
0.0424417,8.41733e-07,9.07997e-09,7.683935858274933e-09
0.0424557,8.42788e-07,1.26073e-08,7.693566646577731e-09
0.0424698,8.4384e-07,1.61191e-08,7.703170048752656e-09
0.0424839,8.44889e-07,1.96123e-08,7.712746064799704e-09
0.0424979,8.45934e-07,2.30832e-08,7.722285566009587e-09
0.042512,8.46974e-07,2.65285e-08,7.73177942367301e-09
0.042526,8.48009e-07,2.99462e-08,7.741227637789974e-09
0.0425401,8.49038e-07,3.33358e-08,7.750621079651188e-09
0.0425542,8.5006e-07,3.66969e-08,7.759950620547357e-09
0.0425682,8.51074e-07,4.00286e-08,7.769207131769196e-09
0.0425823,8.5208e-07,4.33301e-08,7.778390613316699e-09
0.0425963,8.53234e-07,4.65998e-08,7.788925143839382e-09
0.0426104,8.54482e-07,4.98361e-08,7.800317773035488e-09
0.0426244,8.55717e-07,5.30374e-08,7.811591729010804e-09
0.0426385,8.56939e-07,5.62019e-08,7.822747011765326e-09
0.0426526,8.58147e-07,5.93282e-08,7.833774492589762e-09
0.0426666,8.5934e-07,6.24148e-08,7.844665042774824e-09
0.0426807,8.65327e-07,6.54606e-08,7.899318625304548e-09
0.0426947,8.84111e-07,6.84648e-08,8.070792300640832e-09
0.0427088,9.02418e-07,7.14265e-08,8.237911581644949e-09
0.0427228,9.2024e-07,7.43446e-08,8.400603438642567e-09
0.0427369,9.37809e-07,7.72178e-08,8.560985732189371e-09
0.042751,9.57366e-07,8.00448e-08,8.73951589980818e-09
0.042765,9.76407e-07,8.28241e-08,8.913335653432446e-09
0.0427791,9.94924e-07,8.55541e-08,9.08237196338783e-09
0.0427931,1.01291e-06,8.82334e-08,9.246560928709296e-09
0.0428072,1.03036e-06,9.08608e-08,9.405856905850383e-09
0.0428213,1.04726e-06,9.34351e-08,9.560132092881004e-09
0.0428353,1.0636e-06,9.59553e-08,9.709295202708245e-09
0.0428494,1.07939e-06,9.84207e-08,9.85343752242502e-09
0.0428634,1.09461e-06,1.00831e-07,9.992376477845496e-09
0.0428775,1.11308e-06,1.03184e-07,1.0160983738464172e-08
0.0428915,1.13613e-06,1.05481e-07,1.0371400487639072e-08
0.0429056,1.15858e-06,1.0772e-07,1.0576340011238924e-08
0.0429197,1.18041e-06,1.09901e-07,1.0775619735077885e-08
0.0429337,1.20163e-06,1.12024e-07,1.0969330946248879e-08
0.0429478,1.22221e-06,1.14086e-07,1.115719978347315e-08
0.0429618,1.24215e-06,1.16088e-07,1.1339226246750702e-08
0.0429759,1.26145e-06,1.18029e-07,1.151541033608153e-08
0.04299,1.28008e-06,1.19907e-07,1.1685478190186882e-08
0.043004,1.29804e-06,1.21723e-07,1.1849429809066762e-08
0.0430181,1.31533e-06,1.23474e-07,1.2007265192721168e-08
0.0430321,1.33194e-06,1.25162e-07,1.2158893054057182e-08
0.0430462,1.34786e-06,1.26784e-07,1.2304222105981886e-08
0.0430602,1.36309e-06,1.28341e-07,1.2443252348495282e-08
0.0430743,1.37762e-06,1.29831e-07,1.2575892494504449e-08
0.0430884,1.39145e-06,1.31254e-07,1.270214254400939e-08
0.0431024,1.40458e-06,1.32611e-07,1.2822002497010102e-08
0.0431165,1.417e-06,1.339e-07,1.2935381066413672e-08
0.0431305,1.42872e-06,1.3512e-07,1.3042369539313017e-08
0.0431446,1.43973e-06,1.36273e-07,1.3142876628615212e-08
0.0431587,1.45004e-06,1.37357e-07,1.3236993621413184e-08
0.0431727,1.45963e-06,1.38372e-07,1.3324537943521092e-08
0.0431868,1.46852e-06,1.39319e-07,1.3405692169124774e-08
0.0432008,1.47669e-06,1.40196e-07,1.3480273724038395e-08
0.0432149,1.48415e-06,1.41004e-07,1.3548373895354871e-08
0.0432289,1.4909e-06,1.41742e-07,1.3609992683074202e-08
0.043243,1.49693e-06,1.42411e-07,1.3665038800103471e-08
0.0432571,1.50225e-06,1.43011e-07,1.3713603533535597e-08
0.0432711,1.50684e-06,1.43541e-07,1.375550430918474e-08
0.0432852,1.51072e-06,1.44001e-07,1.379092370123674e-08
0.0432992,1.51387e-06,1.44392e-07,1.3819679135505764e-08
0.0433133,1.5163e-06,1.44713e-07,1.3841861899084723e-08
0.0433274,1.51801e-06,1.44965e-07,1.385747199197362e-08
0.0433414,1.51899e-06,1.45148e-07,1.3866418127079537e-08
0.0433555,1.51926e-06,1.45261e-07,1.386888287858831e-08
0.0433695,1.5188e-06,1.45306e-07,1.3864683672314103e-08
0.0433836,1.51762e-06,1.45282e-07,1.3853911795349837e-08
0.0433976,1.51573e-06,1.4519e-07,1.3836658534788423e-08
0.0434117,1.51313e-06,1.45029e-07,1.3812923890629865e-08
0.0434258,1.50982e-06,1.44801e-07,1.3782707862874165e-08
0.0434398,1.5058e-06,1.44505e-07,1.374601045152132e-08
0.0434539,1.50109e-06,1.44142e-07,1.3703014230757163e-08
0.0434679,1.49568e-06,1.43713e-07,1.3653627913488781e-08
0.043482,1.48958e-06,1.43218e-07,1.3597942786809088e-08
0.043496,1.4828e-06,1.42656e-07,1.3536050137811005e-08
0.0435101,1.47534e-06,1.4203e-07,1.3467949966494529e-08
0.0435242,1.46721e-06,1.41339e-07,1.3393733559952579e-08
0.0435382,1.45842e-06,1.40585e-07,1.3313492205278072e-08
0.0435523,1.44897e-06,1.39767e-07,1.322722590247101e-08
0.0435663,1.43887e-06,1.38886e-07,1.3135025938624305e-08
0.0435804,1.42813e-06,1.37944e-07,1.303698360083088e-08
0.0435945,1.41676e-06,1.3694e-07,1.2933190176183652e-08
0.0436085,1.40476e-06,1.35876e-07,1.282364566468262e-08
0.0436226,1.39215e-06,1.34752e-07,1.2708532640513617e-08
0.0436366,1.37893e-06,1.33568e-07,1.2587851103676645e-08
0.0436507,1.36511e-06,1.32327e-07,1.246169234126462e-08
0.0436647,1.3507e-06,1.31027e-07,1.2330147640370465e-08
0.0436788,1.33571e-06,1.29671e-07,1.219330828808709e-08
0.0436929,1.32015e-06,1.28259e-07,1.2051265571507417e-08
0.0437069,1.30402e-06,1.26792e-07,1.1904019490631445e-08
0.043721,1.28735e-06,1.2527e-07,1.1751843906737927e-08
0.043735,1.27013e-06,1.23696e-07,1.1594647532733943e-08
0.0437491,1.25238e-06,1.22069e-07,1.143261294280533e-08
0.0437632,1.23411e-06,1.2039e-07,1.126583142404501e-08
0.0437772,1.21532e-06,1.18661e-07,1.1094302976452974e-08
0.0437913,1.19603e-06,1.16883e-07,1.0918210174215064e-08
0.0438053,1.17666e-06,1.15057e-07,1.0741387075233813e-08
0.0438194,1.15836e-06,1.13183e-07,1.0574331695194737e-08
0.0438334,1.13959e-06,1.11263e-07,1.0402985821788537e-08
0.0438475,1.12036e-06,1.09298e-07,1.0227440742108131e-08
0.0438616,1.10067e-06,1.07289e-07,1.0047696456153519e-08
0.0438756,1.08053e-06,1.05237e-07,9.86384425101762e-09
0.0438897,1.05995e-06,1.03143e-07,9.675975413793346e-09
0.0439037,1.03895e-06,1.01008e-07,9.484272518666538e-09
0.0439178,1.01754e-06,9.88341e-08,9.288826852730113e-09
0.0439319,9.95722e-07,9.66215e-08,9.08965667340265e-09
0.0439459,9.73515e-07,9.43718e-08,8.886935426160697e-09
0.04396,9.50929e-07,9.2086e-08,8.680754398097168e-09
0.043974,9.27976e-07,8.97652e-08,8.471223133723566e-09
0.0439881,9.04668e-07,8.74108e-08,8.258451177551394e-09
0.0440021,8.81018e-07,8.5024e-08,8.04255720280144e-09
0.0440162,8.57037e-07,8.26058e-08,7.823641625275917e-09
0.0440303,8.33658e-07,8.01575e-08,7.610221530744028e-09
0.0440443,8.31862e-07,7.76804e-08,7.593826368856042e-09
0.0440584,8.30047e-07,7.51757e-08,7.57725776149151e-09
0.0440724,8.28212e-07,7.26447e-08,7.560506579941144e-09
0.0440865,8.26359e-07,7.00885e-08,7.543591081623526e-09
0.0441006,8.24488e-07,6.75085e-08,7.526511266538656e-09
0.0441146,8.226e-07,6.4906e-08,7.509276263395827e-09
0.0441287,8.20696e-07,6.22821e-08,7.49189520090433e-09
0.0441427,8.18775e-07,5.96382e-08,7.474358950354873e-09
0.0441568,8.1684e-07,5.69757e-08,7.456694897875331e-09
0.0441708,8.1489e-07,5.42957e-08,7.438893914756413e-09
0.0441849,8.12926e-07,5.15996e-08,7.42096512970741e-09
0.044199,8.1095e-07,4.88888e-08,7.402926800146908e-09
0.044213,8.08961e-07,4.61644e-08,7.384769797365611e-09
0.0442271,8.06961e-07,4.34279e-08,7.366512378782106e-09
0.0442411,8.0495e-07,4.06806e-08,7.348154544396391e-09
0.0442552,8.02928e-07,3.79237e-08,7.329696294208467e-09
0.0442692,8.00897e-07,3.51587e-08,7.311155885636916e-09
0.0442833,7.98858e-07,3.23868e-08,7.292542447391033e-09
0.0442974,7.9681e-07,2.96092e-08,7.2738468507615235e-09
0.0443114,7.94756e-07,2.68274e-08,7.255096481876263e-09
0.0443255,7.92694e-07,2.40427e-08,7.236273083316669e-09
0.0443395,7.90627e-07,2.12561e-08,7.217404041210616e-09
0.0443536,7.88556e-07,1.84685e-08,7.1984984842673956e-09
0.0443677,7.86635e-07,1.56807e-08,7.180962233717939e-09
0.0443817,7.84788e-07,1.28939e-08,7.164101507656071e-09
0.0443958,7.82939e-07,1.01089e-08,7.147222524175621e-09
0.0444098,7.81088e-07,7.32687e-09,7.130325283276586e-09
0.0444239,7.79235e-07,4.54966e-09,7.1134097849589684e-09
0.0444379,7.77382e-07,1.88322e-09,7.096494286641351e-09
0.044452,7.7553e-07,1.23257e-09,7.079587917033024e-09
0.0444661,7.73678e-07,3.71362e-09,7.062681547424698e-09
0.0444801,7.71827e-07,6.43948e-09,7.045784306525663e-09
0.0444942,7.69978e-07,9.14996e-09,7.028905323045212e-09
0.0445082,7.68132e-07,1.18452e-08,7.0120537256926376e-09
0.0445223,7.66289e-07,1.45257e-08,6.995229514467937e-09
0.0445364,7.6445e-07,1.71904e-08,6.978441818080404e-09
0.0445504,7.62615e-07,1.98386e-08,6.9616906365300374e-09
0.0445645,7.60785e-07,2.24695e-08,6.944985098526129e-09
0.0445785,7.58961e-07,2.5082e-08,6.928334332777973e-09
0.0445926,7.57143e-07,2.76743e-08,6.911738339285566e-09
0.0446066,7.55332e-07,3.02443e-08,6.8952062467582025e-09
0.0446207,7.53527e-07,3.27903e-08,6.8787289264865874e-09
0.0446348,7.55657e-07,3.53111e-08,6.898173077278022e-09
0.0446488,7.70276e-07,3.78059e-08,7.031625678414156e-09
0.0446629,7.84564e-07,4.02741e-08,7.1620566767747195e-09
0.0446769,7.98515e-07,4.27151e-08,7.289411300103961e-09
0.044691,8.12123e-07,4.51282e-08,7.413634776146133e-09
0.0447051,8.25383e-07,4.75126e-08,7.534681461354776e-09
0.0447191,8.38288e-07,4.98672e-08,7.652487454764844e-09
0.0447332,8.50833e-07,5.21912e-08,7.767007112829884e-09
0.0447472,8.63014e-07,5.44833e-08,7.878203920712723e-09
0.0447613,8.74825e-07,5.67425e-08,7.986023106157615e-09
0.0447753,8.86262e-07,5.89675e-08,8.090428154327392e-09
0.0447894,8.97321e-07,6.11571e-08,8.191382550384886e-09
0.0448035,9.07999e-07,6.33103e-08,8.288858908202222e-09
0.0448175,9.1829e-07,6.54262e-08,8.38280245552365e-09
0.0448316,9.28193e-07,6.75041e-08,8.473204063639876e-09
0.0448456,9.37701e-07,6.95434e-08,8.559999831585862e-09
0.0448597,9.46814e-07,7.15434e-08,8.643189759361605e-09
0.0448738,9.55526e-07,7.35034e-08,8.722719074711356e-09
0.0448878,9.63835e-07,7.54228e-08,8.798569520216529e-09
0.0449019,9.71739e-07,7.73007e-08,8.870722838458543e-09
0.0449159,9.79235e-07,7.91363e-08,8.939151643309523e-09
0.04493,9.86321e-07,8.09287e-08,9.003837677350882e-09
0.044944,9.92995e-07,8.26771e-08,9.06476268316404e-09
0.0449581,9.99255e-07,8.43805e-08,9.121908403330412e-09
0.0449722,1.0051e-06,8.60382e-08,9.175265709140706e-09
0.0449862,1.01053e-06,8.76494e-08,9.224834600594925e-09
0.0450003,1.01553e-06,8.92134e-08,9.27047814705369e-09
0.0450143,1.02012e-06,9.07299e-08,9.312378922702833e-09
0.0450284,1.02429e-06,9.21983e-08,9.350445640449444e-09
0.0450425,1.02803e-06,9.36183e-08,9.384587013200598e-09
0.0450565,1.03207e-06,9.49896e-08,9.42146699873928e-09
0.0450706,1.03724e-06,9.63118e-08,9.468662425777641e-09
0.0450846,1.04348e-06,9.75845e-08,9.525625571758178e-09
0.0450987,1.05547e-06,9.88074e-08,9.635078796166293e-09
0.0451127,1.06693e-06,9.99802e-08,9.739693804649782e-09
0.0451268,1.07785e-06,1.01102e-07,9.83937931011572e-09
0.0451409,1.08823e-06,1.02173e-07,9.934135312564114e-09
0.0451549,1.09807e-06,1.03193e-07,1.0023961811994961e-08
0.045169,1.10736e-06,1.04161e-07,1.0108767521315344e-08
0.045183,1.11609e-06,1.05077e-07,1.0188461153432347e-08
0.0451971,1.12426e-06,1.0594e-07,1.0263042708345967e-08
0.0452111,1.13187e-06,1.06751e-07,1.0332512186056205e-08
0.0452252,1.13892e-06,1.0751e-07,1.0396869586563062e-08
0.0452393,1.1454e-06,1.08215e-07,1.0456023622773621e-08
0.0452533,1.15131e-06,1.08867e-07,1.0509974294687879e-08
0.0452674,1.15666e-06,1.09466e-07,1.0558812889398758e-08
0.0452814,1.16143e-06,1.10012e-07,1.0602356832720417e-08
0.0452955,1.16563e-06,1.10505e-07,1.064069741174578e-08
0.0453096,1.16926e-06,1.10944e-07,1.067383462647484e-08
0.0453236,1.17233e-06,1.1133e-07,1.0701859764000523e-08
0.0453377,1.17483e-06,1.11662e-07,1.0724681537229903e-08
0.0453517,1.17676e-06,1.11941e-07,1.0742299946162989e-08
0.0453658,1.17814e-06,1.12167e-07,1.0754897564985607e-08
0.0453798,1.17896e-06,1.1234e-07,1.0762383106604844e-08
0.0453939,1.17922e-06,1.12459e-07,1.07647565710207e-08
0.045408,1.17893e-06,1.12526e-07,1.0762109245326092e-08
0.045422,1.17809e-06,1.12539e-07,1.0754441129521019e-08
0.0454361,1.1767e-06,1.125e-07,1.0741752223605483e-08
0.0454501,1.17477e-06,1.12408e-07,1.07241338146724e-08
0.0454642,1.17231e-06,1.12264e-07,1.0701677189814689e-08
0.0454783,1.1693e-06,1.12068e-07,1.0674199774846512e-08
0.0454923,1.16577e-06,1.1182e-07,1.0641975431046624e-08
0.0455064,1.16171e-06,1.11521e-07,1.060491287132211e-08
0.0455204,1.15712e-06,1.1117e-07,1.0563012095672963e-08
0.0455345,1.15228e-06,1.10768e-07,1.051882914270088e-08
0.0455485,1.14723e-06,1.10316e-07,1.0472729160777528e-08
0.0455626,1.14165e-06,1.09814e-07,1.0421790962929547e-08
0.0455767,1.13556e-06,1.09261e-07,1.0366197123342772e-08
0.0455907,1.12896e-06,1.0866e-07,1.0305947642017206e-08
0.0456048,1.12185e-06,1.08009e-07,1.0241042518952843e-08
0.0456188,1.11423e-06,1.0731e-07,1.0171481754149687e-08
0.0456329,1.10612e-06,1.06562e-07,1.0097447921793572e-08
0.045647,1.09752e-06,1.05768e-07,1.0018941021884499e-08
0.045661,1.08843e-06,1.04926e-07,9.935961054422465e-09
0.0456751,1.07886e-06,1.04037e-07,9.848599306500391e-09
0.0456891,1.06881e-06,1.03103e-07,9.756855778118277e-09
0.0457032,1.0583e-06,1.02124e-07,9.660913043461955e-09
0.0457172,1.04732e-06,1.01099e-07,9.56067981543851e-09
0.0457313,1.03588e-06,1.00031e-07,9.456247381140858e-09
0.0457454,1.024e-06,9.89194e-08,9.347798314754835e-09
0.0457594,1.01167e-06,9.7765e-08,9.235241329187523e-09
0.0457735,9.98909e-07,9.65685e-08,9.118749869915464e-09
0.0457875,9.85718e-07,9.53306e-08,8.998333065647956e-09
0.0458016,9.72106e-07,9.40522e-08,8.874073074768616e-09
0.0458157,9.5808e-07,9.27338e-08,8.746033798242493e-09
0.0458297,9.43649e-07,9.13764e-08,8.614297394453209e-09
0.0458438,9.28821e-07,8.99806e-08,8.478936893075098e-09
0.0458578,9.13605e-07,8.85472e-08,8.340034452491788e-09
0.0458719,8.98008e-07,8.7077e-08,8.19765397366832e-09
0.0458859,8.8204e-07,8.55708e-08,8.051886743697613e-09
0.0459,8.6571e-07,8.40295e-08,7.902814920963288e-09
0.0459141,8.49026e-07,8.24539e-08,7.750511535139685e-09
0.0459281,8.31998e-07,8.08448e-08,7.595067873319719e-09
0.0459422,8.14636e-07,7.9203e-08,7.436575222596309e-09
0.0459562,7.96947e-07,7.75295e-08,7.2750974839344935e-09
0.0459703,7.78943e-07,7.58251e-08,7.110744201845776e-09
0.0459843,7.60734e-07,7.40908e-08,6.94451953435225e-09
0.0459984,7.50716e-07,7.23275e-08,6.853068124667471e-09
0.0460125,7.40517e-07,7.05361e-08,6.759964418600884e-09
0.0460265,7.30141e-07,6.87175e-08,6.665244930989657e-09
0.0460406,7.19595e-07,6.68728e-08,6.568973562798834e-09
0.0460546,7.08885e-07,6.50029e-08,6.4712050862841615e-09
0.0460687,6.98015e-07,6.31087e-08,6.3719760162828085e-09
0.0460828,6.86991e-07,6.11913e-08,6.271341125050526e-09
0.0460968,6.75819e-07,5.92517e-08,6.169355184843065e-09
0.0461109,6.72729e-07,5.72909e-08,6.1411474731315475e-09
0.0461249,6.72974e-07,5.53098e-08,6.143384006908027e-09
0.046139,6.73231e-07,5.33096e-08,6.145730085196007e-09
0.046153,6.73498e-07,5.12913e-08,6.148167450576906e-09
0.0461671,6.73775e-07,4.92558e-08,6.150696103050721e-09
0.0461812,6.7409e-07,4.72043e-08,6.153571646477623e-09
0.0461952,6.74503e-07,4.51377e-08,6.157341803415118e-09
0.0462093,6.74926e-07,4.30571e-08,6.161203247445528e-09
0.0462233,6.75359e-07,4.09635e-08,6.165155978568857e-09
0.0462374,6.75801e-07,3.8858e-08,6.169190868075812e-09
0.0462515,6.76252e-07,3.67417e-08,6.173307915966393e-09
0.0462655,6.76712e-07,3.46155e-08,6.1775071222405995e-09
0.0462796,6.7718e-07,3.24805e-08,6.18177935818914e-09
0.0462936,6.77655e-07,3.03378e-08,6.186115495102722e-09
0.0463077,6.78137e-07,2.81884e-08,6.190515532981347e-09
0.0463217,6.78626e-07,2.60333e-08,6.194979471825014e-09
0.0463358,6.7912e-07,2.38735e-08,6.19948905421514e-09
0.0463499,6.79621e-07,2.17102e-08,6.2040625375703074e-09
0.0463639,6.80126e-07,1.95442e-08,6.208672535762644e-09
0.046378,6.80636e-07,1.73768e-08,6.213328177501437e-09
0.046392,6.8115e-07,1.52088e-08,6.218020334077398e-09
0.0464061,6.81668e-07,1.30414e-08,6.222749005490526e-09
0.0464202,6.82189e-07,1.08753e-08,6.22750506303153e-09
0.0464342,6.82713e-07,8.71213e-09,6.232288506700407e-09
0.0464483,6.83239e-07,6.55354e-09,6.2370902077878696e-09
0.0464623,6.83767e-07,4.40134e-09,6.241910166293915e-09
0.0464764,6.84296e-07,2.25675e-09,6.246739253509252e-09
0.0464904,6.84825e-07,8.21678e-10,6.25156834072459e-09
0.0465045,6.85355e-07,2.01377e-09,6.256406556649218e-09
0.0465186,6.85885e-07,4.14223e-09,6.2612447725738475e-09
0.0465326,6.86414e-07,6.26507e-09,6.266073859789185e-09
0.0465467,6.86942e-07,8.37964e-09,6.2708938182952305e-09
0.0465607,6.87468e-07,1.04842e-08,6.275695519382692e-09
0.0465748,6.87993e-07,1.25768e-08,6.2804880917608624e-09
0.0465889,6.88515e-07,1.46552e-08,6.285253278011157e-09
0.0466029,6.89034e-07,1.67177e-08,6.2899910781335765e-09
0.046617,6.8955e-07,1.87635e-08,6.294701492128122e-09
0.046631,6.90062e-07,2.07923e-08,6.299375391285499e-09
0.0466451,6.90569e-07,2.28038e-08,6.304003646896418e-09
0.0466591,6.91073e-07,2.47973e-08,6.308604516379461e-09
0.0466732,6.9157e-07,2.67723e-08,6.313141484897462e-09
0.0466873,6.92063e-07,2.87278e-08,6.317641938578297e-09
0.0467013,6.92549e-07,3.06629e-08,6.322078491294088e-09
0.0467154,6.93029e-07,3.25765e-08,6.32646027175413e-09
0.0467294,6.93502e-07,3.44677e-08,6.330778151249128e-09
0.0467435,6.93968e-07,3.63356e-08,6.335032129779085e-09
0.0467575,6.94426e-07,3.81794e-08,6.339213078634707e-09
0.0467716,6.94876e-07,3.99987e-08,6.3433209978159966e-09
0.0467857,6.95317e-07,4.17928e-08,6.347346758613659e-09
0.0467997,6.9575e-07,4.35613e-08,6.351299489736988e-09
0.0468138,6.96173e-07,4.53033e-08,6.3551609337674e-09
0.0468278,6.96587e-07,4.70181e-08,6.3589402194141854e-09
0.0468419,6.96991e-07,4.87047e-08,6.362628217968054e-09
0.046856,6.97384e-07,5.03622e-08,6.366215800719712e-09
0.04687,6.97766e-07,5.19897e-08,6.3697029676691624e-09
0.0468841,6.98138e-07,5.35865e-08,6.373098847525695e-09
0.0468981,6.98498e-07,5.51517e-08,6.3763851828707255e-09
0.0469122,6.98846e-07,5.66848e-08,6.379561973704255e-09
0.0469262,6.99182e-07,5.81853e-08,6.382629220026284e-09
0.0469403,6.99505e-07,5.96526e-08,6.38557779312752e-09
0.0469544,6.99816e-07,6.10865e-08,6.388416821717255e-09
0.0469684,7.00114e-07,6.24865e-08,6.391137177086198e-09
0.0469825,7.00398e-07,6.38523e-08,6.393729730525056e-09
0.0469965,7.00668e-07,6.51834e-08,6.396194482033829e-09
0.0470106,7.13466e-07,6.64794e-08,6.513023703549681e-09
0.0470247,7.2606e-07,6.77399e-08,6.627990668370015e-09
0.0470387,7.38272e-07,6.89643e-08,6.739470466240899e-09
0.0470528,7.50097e-07,7.01522e-08,6.847417453615877e-09
0.0470668,7.6153e-07,7.13032e-08,6.951785986948486e-09
0.0470809,7.72564e-07,7.24166e-08,7.052512165273685e-09
0.0470949,7.83196e-07,7.34921e-08,7.1495686024636004e-09
0.047109,7.93422e-07,7.45291e-08,7.2429187836810646e-09
0.0471231,8.03236e-07,7.55274e-08,7.3325079366703266e-09
0.0471371,8.12636e-07,7.64863e-08,7.418317804012802e-09
0.0471512,8.2162e-07,7.74057e-08,7.50033012828991e-09
0.0471652,8.30185e-07,7.82852e-08,7.578517523373771e-09
0.0471793,8.38329e-07,7.91244e-08,7.652861731845806e-09
0.0471934,8.4605e-07,7.99232e-08,7.72334449628743e-09
0.0472074,8.53349e-07,8.06813e-08,7.789974945407933e-09
0.0472215,8.60224e-07,8.13985e-08,7.852734821788732e-09
0.0472355,8.66675e-07,8.20747e-08,7.911624125429831e-09
0.0472496,8.727e-07,8.27097e-08,7.96662459891264e-09
0.0472636,8.78299e-07,8.33033e-08,8.017736242237165e-09
0.0472777,8.83472e-07,8.38556e-08,8.064959055403401e-09
0.0472918,8.88217e-07,8.43663e-08,8.108274780992768e-09
0.0473058,8.92534e-07,8.48354e-08,8.147683419005265e-09
0.0473199,8.96422e-07,8.52628e-08,8.1831758407316e-09
0.0473339,8.99879e-07,8.56485e-08,8.21473378875319e-09
0.047348,9.02905e-07,8.59924e-08,8.242357263070034e-09
0.0473621,9.05499e-07,8.62945e-08,8.26603713497284e-09
0.0473761,9.07659e-07,8.65549e-08,8.285755147043026e-09
0.0473902,9.09385e-07,8.67735e-08,8.301511299280591e-09
0.0474042,9.10677e-07,8.69504e-08,8.313305591685536e-09
0.0474183,9.11535e-07,8.70857e-08,8.321138024257859e-09
0.0474323,9.11959e-07,8.71794e-08,8.325008596997564e-09
0.0474464,9.11949e-07,8.72317e-08,8.324917309904644e-09
0.0474605,9.11508e-07,8.72427e-08,8.320891549106982e-09
0.0474745,9.10635e-07,8.72126e-08,8.312922185895282e-09
0.0474886,9.09334e-07,8.71414e-08,8.301045735106712e-09
0.0475026,9.07606e-07,8.70294e-08,8.285271325450562e-09
0.0475167,9.05453e-07,8.68767e-08,8.26561721434542e-09
0.0475308,9.02879e-07,8.66836e-08,8.242119916628448e-09
0.0475448,8.99885e-07,8.64504e-08,8.21478856100894e-09
0.0475589,8.96476e-07,8.61773e-08,8.183668791033355e-09
0.0475729,8.92655e-07,8.58646e-08,8.148787992829568e-09
0.047587,8.88424e-07,8.55126e-08,8.110164423816162e-09
0.047601,8.83789e-07,8.51217e-08,8.067852856248888e-09
0.0476151,8.78752e-07,8.46923e-08,8.02187154754633e-09
0.0476292,8.73319e-07,8.42246e-08,7.972275269964235e-09
0.0476432,8.67493e-07,8.3719e-08,7.919091409630484e-09
0.0476573,8.6128e-07,8.31761e-08,7.862374738800824e-09
0.0476713,8.54683e-07,8.2596e-08,7.802152643603132e-09
0.0476854,8.47709e-07,8.19793e-08,7.738489025002447e-09
0.0476994,8.40361e-07,8.13264e-08,7.671411269126648e-09
0.0477135,8.32646e-07,8.06377e-08,7.600983276940775e-09
0.0477276,8.24568e-07,7.99136e-08,7.527241563281996e-09
0.0477416,8.16133e-07,7.91546e-08,7.450240900406062e-09
0.0477557,8.07346e-07,7.83613e-08,7.37002693185943e-09
0.0477697,7.98213e-07,7.7534e-08,7.286654429897852e-09
0.0477838,7.88739e-07,7.66733e-08,7.2001690380677866e-09
0.0477979,7.7893e-07,7.57797e-08,7.1106255286249835e-09
0.0478119,7.68792e-07,7.48538e-08,7.0180786738251945e-09
0.047826,7.5833e-07,7.38961e-08,6.922574117214877e-09
0.04784,7.47551e-07,7.29072e-08,6.824175759759073e-09
0.0478541,7.36459e-07,7.18877e-08,6.722920116294952e-09
0.0478681,7.25061e-07,7.08383e-08,6.618871087787554e-09
0.0478822,7.14117e-07,6.97594e-08,6.5189664932986116e-09
0.0478963,7.03311e-07,6.86517e-08,6.420321660691931e-09
0.0479103,6.92216e-07,6.75159e-08,6.319038631099935e-09
0.0479244,6.81311e-07,6.63526e-08,6.219490056273371e-09
0.0479384,6.80335e-07,6.51624e-08,6.21058043600462e-09
0.0479525,6.79343e-07,6.3946e-08,6.201524756387201e-09
0.0479666,6.78334e-07,6.27041e-08,6.192313888711823e-09
0.0479806,6.7731e-07,6.14373e-08,6.182966090397067e-09
0.0479947,6.76269e-07,6.01464e-08,6.1734631040243524e-09
0.0480087,6.75214e-07,5.8832e-08,6.163832315721554e-09
0.0480228,6.74143e-07,5.74948e-08,6.154055468070086e-09
0.0480368,6.73057e-07,5.61355e-08,6.144141689779243e-09
0.0480509,6.71958e-07,5.47548e-08,6.134109238267607e-09
0.048065,6.70844e-07,5.33534e-08,6.123939856116594e-09
0.048079,6.69717e-07,5.19321e-08,6.1136518007447885e-09
0.0480931,6.68629e-07,5.04916e-08,6.103719765035361e-09
0.0481071,6.67585e-07,4.90325e-08,6.094189392534772e-09
0.0481212,6.6653e-07,4.75557e-08,6.084558604231972e-09
0.0481353,6.65464e-07,4.60618e-08,6.074827400126964e-09
0.0481493,6.64389e-07,4.45516e-08,6.06501403763833e-09
0.0481634,6.63304e-07,4.30259e-08,6.055109388056778e-09
0.0481774,6.6221e-07,4.14854e-08,6.045122580091601e-09
0.0481915,6.61107e-07,3.99308e-08,6.035053613742797e-09
0.0482055,6.59995e-07,3.8363e-08,6.0249024890103684e-09
0.0482196,6.58875e-07,3.67827e-08,6.014678334603605e-09
0.0482337,6.57747e-07,3.51907e-08,6.004381150522508e-09
0.0482477,6.56612e-07,3.35878e-08,5.9940200654763685e-09
0.0482618,6.5547e-07,3.19747e-08,5.9835950794651875e-09
0.0482758,6.54321e-07,3.03523e-08,5.9731061924889625e-09
0.0482899,6.53165e-07,2.87212e-08,5.962553404547697e-09
0.048304,6.52003e-07,2.70824e-08,5.951945844350681e-09
0.048318,6.50836e-07,2.54365e-08,5.941292640607205e-09
0.0483321,6.49663e-07,2.37845e-08,5.930584664607979e-09
0.0483461,6.48486e-07,2.2127e-08,5.919840173771585e-09
0.0483602,6.47303e-07,2.0465e-08,5.909040910679442e-09
0.0483742,6.46117e-07,1.8799e-08,5.898214261459423e-09
0.0483883,6.44927e-07,1.713e-08,5.887351097402237e-09
0.0484024,6.43733e-07,1.54588e-08,5.876451418507885e-09
0.0484164,6.42536e-07,1.3786e-08,5.865524353485657e-09
0.0484305,6.41336e-07,1.21122e-08,5.854569902335554e-09
0.0484445,6.40135e-07,1.04379e-08,5.8436063224761585e-09
0.0484586,6.38931e-07,8.76373e-09,5.8326153564888885e-09
0.0484726,6.37725e-07,7.09049e-09,5.821606133083034e-09
0.0484867,6.36519e-07,5.41851e-09,5.81059690967718e-09
0.0485008,6.35311e-07,3.74874e-09,5.799569428852743e-09
0.0485148,6.34103e-07,2.08258e-09,5.788541948028305e-09
0.0485289,6.32895e-07,8.49629e-10,5.777514467203868e-09
0.0485429,6.31687e-07,1.22813e-09,5.7664869863794305e-09
0.048557,6.3048e-07,2.86959e-09,5.755468634264286e-09
0.0485711,6.29274e-07,4.50331e-09,5.744459410858431e-09
0.0485851,6.28069e-07,6.12707e-09,5.733459316161869e-09
0.0485992,6.26866e-07,7.74218e-09,5.72247747888389e-09
0.0486132,6.25665e-07,9.34824e-09,5.711513899024496e-09
0.0486273,6.24466e-07,1.09447e-08,5.700568576583685e-09
0.0486413,6.2327e-07,1.2531e-08,5.689650640270748e-09
0.0486554,6.22078e-07,1.41066e-08,5.678769218794978e-09
0.0486695,6.20889e-07,1.56707e-08,5.6679151834470846e-09
0.0486835,6.19704e-07,1.72222e-08,5.657097662936357e-09
0.0486976,6.18523e-07,1.87599e-08,5.646316657262797e-09
0.0487116,6.17347e-07,2.02829e-08,5.635581295135696e-09
0.0487257,6.16175e-07,2.17905e-08,5.624882447845762e-09
0.0487398,6.15009e-07,2.32824e-08,5.614238372811578e-09
0.0487538,6.13849e-07,2.47581e-08,5.6036490700331455e-09
0.0487679,6.12695e-07,2.62173e-08,5.593114539510462e-09
0.0487819,6.11546e-07,2.76596e-08,5.582625652534238e-09
0.048796,6.10405e-07,2.90844e-08,5.5722097952323486e-09
0.04881,6.0927e-07,3.04912e-08,5.561848710186208e-09
0.0488241,6.08143e-07,3.18792e-08,5.551560654814403e-09
0.0488382,6.07023e-07,3.32479e-08,5.54133650040764e-09
0.0488522,6.05911e-07,3.45965e-08,5.531185375675211e-09
0.0488663,6.04807e-07,3.59244e-08,5.5211072806171165e-09
0.0488803,6.03712e-07,3.72308e-08,5.511111343942648e-09
0.0488944,6.02625e-07,3.85151e-08,5.501188436942512e-09
0.0489085,6.01548e-07,3.97769e-08,5.491356817035295e-09
0.0489225,6.00562e-07,4.10156e-08,5.482355909673626e-09
0.0489366,6.02593e-07,4.2231e-08,5.500896318245176e-09
0.0489506,6.07946e-07,4.34226e-08,5.5497622990839285e-09
0.0489647,6.13058e-07,4.459e-08,5.596428260983369e-09
0.0489787,6.17928e-07,4.57328e-08,5.640885075234205e-09
0.0489928,6.22554e-07,4.68506e-08,5.6831144844178525e-09
0.0490069,6.26934e-07,4.79428e-08,5.72309823111573e-09
0.0490209,6.31067e-07,4.90088e-08,5.760827186618544e-09
0.049035,6.34953e-07,5.00483e-08,5.796301350926295e-09
0.049049,6.38589e-07,5.10606e-08,5.829493337911109e-09
0.0490631,6.41976e-07,5.20452e-08,5.860412276282275e-09
0.0490772,6.45111e-07,5.30018e-08,5.889030779911919e-09
0.0490912,6.48359e-07,5.393e-08,5.9186808276915336e-09
0.0491053,6.52424e-07,5.48294e-08,5.955789030962508e-09
0.0491193,6.57056e-07,5.56998e-08,5.998073212401907e-09
0.0491334,6.61445e-07,5.65411e-08,6.03813911748341e-09
0.0491474,6.65592e-07,5.7353e-08,6.075995874916308e-09
0.0491615,6.69494e-07,5.81353e-08,6.1116160985727284e-09
0.0491756,6.7315e-07,5.88879e-08,6.1449906597433754e-09
0.0491896,6.76561e-07,5.96105e-08,6.176128687137545e-09
0.0492037,6.79724e-07,6.03029e-08,6.2050027946273586e-09
0.0492177,6.8264e-07,6.09648e-08,6.23162211092211e-09
0.0492318,6.85309e-07,6.15961e-08,6.255986636021797e-09
0.0492458,6.87729e-07,6.21965e-08,6.278078112507839e-09
0.0492599,6.899e-07,6.27657e-08,6.297896540380234e-09
0.049274,6.91824e-07,6.33036e-08,6.315460177057568e-09
0.049288,6.93499e-07,6.381e-08,6.3307507651212526e-09
0.0493021,6.94926e-07,6.42849e-08,6.343777433280584e-09
0.0493161,6.96104e-07,6.47279e-08,6.354531052826269e-09
0.0493302,6.97036e-07,6.51392e-08,6.363039009886183e-09
0.0493443,6.9772e-07,6.55185e-08,6.3692830470417415e-09
0.0493583,6.98157e-07,6.58659e-08,6.3732722930022375e-09
0.0493724,6.98705e-07,6.61813e-08,6.378274825694118e-09
0.0493864,7.01097e-07,6.64646e-08,6.40011069831999e-09
0.0494005,7.03148e-07,6.67159e-08,6.418833681077376e-09
0.0494145,7.04858e-07,6.69352e-08,6.434443773966273e-09
0.0494286,7.06228e-07,6.71225e-08,6.446950105695974e-09
0.0494427,7.07261e-07,6.72777e-08,6.456380062394354e-09
0.0494567,7.07957e-07,6.7401e-08,6.462733644061415e-09
0.0494708,7.08318e-07,6.74923e-08,6.466029108115738e-09
0.0494848,7.08346e-07,6.75517e-08,6.4662847119759056e-09
0.0494989,7.08043e-07,6.75794e-08,6.463518713060505e-09
0.049513,7.07411e-07,6.75753e-08,6.457749368788117e-09
0.049527,7.06452e-07,6.75396e-08,6.4489949365773266e-09
0.0495411,7.05168e-07,6.74724e-08,6.437273673846716e-09
0.0495551,7.03561e-07,6.73738e-08,6.422603838014869e-09
0.0495692,7.01633e-07,6.7244e-08,6.405003686500371e-09
0.0495832,6.99386e-07,6.70832e-08,6.3844914767218015e-09
0.0495973,6.96823e-07,6.68915e-08,6.36109459480704e-09
0.0496114,6.93945e-07,6.66691e-08,6.334822169465375e-09
0.0496254,6.90754e-07,6.64162e-08,6.305692458115392e-09
0.0496395,6.87513e-07,6.6133e-08,6.276106311300821e-09
0.0496535,6.84047e-07,6.58198e-08,6.244466204895606e-09
0.0496676,6.80271e-07,6.54767e-08,6.209996198609947e-09
0.0496817,6.76188e-07,6.5104e-08,6.1727236785717205e-09
0.0496957,6.71802e-07,6.47021e-08,6.132685159618093e-09
0.0497098,6.67115e-07,6.4271e-08,6.089898899167648e-09
0.0497238,6.6213e-07,6.38112e-08,6.04439228334826e-09
0.0497379,6.56851e-07,6.3323e-08,5.9962018269970975e-09
0.0497519,6.51281e-07,6.28067e-08,5.945354916242035e-09
0.049766,6.45424e-07,6.22626e-08,5.891888065920239e-09
0.0497801,6.39283e-07,6.16911e-08,5.835828662159585e-09
0.0497941,6.32862e-07,6.10925e-08,5.777213219797241e-09
0.0498082,6.26164e-07,6.04673e-08,5.71606912496108e-09
0.0498222,6.19193e-07,5.98157e-08,5.652432892488272e-09
0.0498363,6.11956e-07,5.91383e-08,5.586368423343857e-09
0.0498504,6.07483e-07,5.84354e-08,5.5455357066818464e-09
0.0498644,6.02847e-07,5.77074e-08,5.503215010405281e-09
0.0498785,5.98052e-07,5.69547e-08,5.459442849351327e-09
0.0498925,5.931e-07,5.61778e-08,5.414237480938567e-09
0.0499066,5.87993e-07,5.53771e-08,5.367617162585586e-09
0.0499206,5.82734e-07,5.45531e-08,5.319609280420258e-09
0.0499347,5.77327e-07,5.37063e-08,5.2702503492797505e-09
0.0499488,5.71775e-07,5.28371e-08,5.219567755291939e-09
0.0499628,5.6608e-07,5.19459e-08,5.167579755875407e-09
0.0499769,5.60932e-07,5.10334e-08,5.120585160441464e-09
0.0499909,5.6086e-07,5.00999e-08,5.119927893372457e-09
0.050005,5.60798e-07,4.9146e-08,5.119361913396369e-09
0.0500191,5.60746e-07,4.81722e-08,5.118887220513197e-09
0.0500331,5.60703e-07,4.7179e-08,5.118494686013652e-09
0.0500472,5.6067e-07,4.61669e-08,5.118193438607024e-09
0.0500612,5.60645e-07,4.51365e-08,5.11796522087473e-09
0.0500753,5.60629e-07,4.40884e-08,5.117819161526063e-09
0.0500893,5.60622e-07,4.3023e-08,5.11775526056102e-09
0.0501034,5.60623e-07,4.1941e-08,5.117764389270312e-09
0.0501175,5.60633e-07,4.08429e-08,5.11785567636323e-09
0.0501315,5.6065e-07,3.97293e-08,5.118010864421189e-09
0.0501456,5.60675e-07,3.86009e-08,5.118239082153484e-09
0.0501596,5.60708e-07,3.74581e-08,5.118540329560111e-09
0.0501737,5.60748e-07,3.63016e-08,5.1189054779317815e-09
0.0501877,5.60795e-07,3.51319e-08,5.119334527268493e-09
0.0502018,5.60849e-07,3.39498e-08,5.119827477570248e-09
0.0502159,5.6091e-07,3.27558e-08,5.1203843288370446e-09
0.0502299,5.60977e-07,3.15505e-08,5.120995952359593e-09
0.050244,5.6105e-07,3.03346e-08,5.121662348137891e-09
0.050258,5.6113e-07,2.91085e-08,5.122392644881231e-09
0.0502721,5.61215e-07,2.78731e-08,5.1231685851710295e-09
0.0502862,5.61305e-07,2.66289e-08,5.123990169007287e-09
0.0503002,5.61401e-07,2.53764e-08,5.124866525099295e-09
0.0503143,5.61502e-07,2.41165e-08,5.125788524737763e-09
0.0503283,5.61608e-07,2.28496e-08,5.126756167922688e-09
0.0503424,5.61718e-07,2.15764e-08,5.1277603259447815e-09
0.0503564,5.61833e-07,2.02975e-08,5.128810127513333e-09
0.0503705,5.61952e-07,1.90137e-08,5.1298964439190516e-09
0.0503846,5.62074e-07,1.77254e-08,5.1310101464526456e-09
0.0503986,5.622e-07,1.64333e-08,5.132160363823406e-09
0.0504127,5.6233e-07,1.5138e-08,5.133347096031334e-09
0.0504267,5.62462e-07,1.38402e-08,5.134552085657846e-09
0.0504408,5.62598e-07,1.25405e-08,5.135793590121524e-09
0.0504549,5.62736e-07,1.12394e-08,5.137053352003785e-09
0.0504689,5.62876e-07,9.93773e-09,5.138331371304631e-09
0.050483,5.63019e-07,8.63597e-09,5.1396367767333525e-09
0.050497,5.63172e-07,7.33472e-09,5.141033469254991e-09
0.0505111,5.63398e-07,6.03453e-09,5.143096557554926e-09
0.0505251,5.63625e-07,4.73634e-09,5.145168774564155e-09
0.0505392,5.63854e-07,3.44117e-09,5.147259248991965e-09
0.0505533,5.64084e-07,2.15023e-09,5.149358852129068e-09
0.0505673,5.64315e-07,8.64064e-10,5.151467583975464e-09
0.0505814,5.64546e-07,6.33639e-10,5.1535763158218574e-09
0.0505954,5.64777e-07,1.69921e-09,5.155685047668253e-09
0.0506095,5.65008e-07,2.97622e-09,5.157793779514648e-09
0.0506236,5.65238e-07,4.24904e-09,5.1598933826517514e-09
0.0506376,5.65468e-07,5.51654e-09,5.161992985788854e-09
0.0506517,5.65697e-07,6.77767e-09,5.164083460216665e-09
0.0506657,5.65924e-07,8.03107e-09,5.1661556772258935e-09
0.0506798,5.6615e-07,9.27549e-09,5.168218765525829e-09
0.0506938,5.66375e-07,1.05102e-08,5.170272725116474e-09
0.0507079,5.66597e-07,1.17348e-08,5.172299298579243e-09
0.050722,5.66817e-07,1.29491e-08,5.1743076146234284e-09
0.050736,5.67034e-07,1.41529e-08,5.176288544539739e-09
0.0507501,5.67249e-07,1.53456e-08,5.178251217037466e-09
0.0507641,5.6746e-07,1.6527e-08,5.180177374698026e-09
0.0507782,5.67668e-07,1.76964e-08,5.182076146230711e-09
0.0507923,5.67872e-07,1.88533e-08,5.183938402926228e-09
0.0508063,5.68072e-07,1.9997e-08,5.1857641447845784e-09
0.0508204,5.68268e-07,2.11271e-08,5.187553371805762e-09
0.0508344,5.6846e-07,2.2243e-08,5.189306083989779e-09
0.0508485,5.68647e-07,2.33445e-08,5.191013152627336e-09
0.0508625,5.68829e-07,2.44312e-08,5.1926745777184354e-09
0.0508766,5.69006e-07,2.55027e-08,5.194290359263076e-09
0.0508907,5.69178e-07,2.65587e-08,5.195860497261257e-09
0.0509047,5.69344e-07,2.75986e-08,5.197375863003689e-09
0.0509188,5.69504e-07,2.86219e-08,5.198836456490368e-09
0.0509328,5.69659e-07,2.9628e-08,5.20025140643059e-09
0.0509469,5.69807e-07,3.06164e-08,5.20160245540577e-09
0.0509609,5.69948e-07,3.15866e-08,5.202889603415907e-09
0.050975,5.70083e-07,3.2538e-08,5.204121979170293e-09
0.0509891,5.70211e-07,3.34703e-08,5.205290453959638e-09
0.0510031,5.70331e-07,3.43832e-08,5.206385899074648e-09
0.0510172,5.70445e-07,3.52764e-08,5.2074265719339085e-09
0.0510312,5.70551e-07,3.61496e-08,5.2083942151188335e-09
0.0510453,5.70649e-07,3.70027e-08,5.209288828629425e-09
0.0510594,5.70739e-07,3.78353e-08,5.2101104124656834e-09
0.0510734,5.70821e-07,3.86473e-08,5.2108589666276075e-09
0.0510875,5.70895e-07,3.94384e-08,5.211534491115196e-09
0.0511015,5.70961e-07,4.02084e-08,5.212136985928452e-09
0.0511156,5.71017e-07,4.09569e-08,5.21264819364879e-09
0.0511296,5.71065e-07,4.16837e-08,5.213086371694795e-09
0.0511437,5.71105e-07,4.23886e-08,5.2134515200664646e-09
0.0511578,5.71135e-07,4.3071e-08,5.213725381345217e-09
0.0511718,5.71155e-07,4.37309e-08,5.2139079555310515e-09
0.0511859,5.71167e-07,4.43678e-08,5.214017500042553e-09
0.0511999,5.71168e-07,4.49816e-08,5.214026628751845e-09
0.051214,5.7116e-07,4.55719e-08,5.213953599077511e-09
0.0512281,5.71143e-07,4.61385e-08,5.213798411019552e-09
0.0512421,5.71115e-07,4.66813e-08,5.2135428071593824e-09
0.0512562,5.71077e-07,4.72e-08,5.213195916206296e-09
0.0512702,5.71029e-07,4.76944e-08,5.2127577381602915e-09
0.0512843,5.70971e-07,4.81646e-08,5.212228273021369e-09
0.0512983,5.70902e-07,4.86102e-08,5.211598392080239e-09
0.0513124,5.70823e-07,4.90313e-08,5.21087722404619e-09
0.0513265,5.70733e-07,4.94277e-08,5.210055640209932e-09
0.0513405,5.70633e-07,4.97993e-08,5.2091427692807576e-09
0.0513546,5.70522e-07,5.01462e-08,5.208129482549373e-09
0.0513686,5.70399e-07,5.04681e-08,5.2070066513064875e-09
0.0513827,5.70266e-07,5.07651e-08,5.205792532970684e-09
0.0513968,5.70122e-07,5.10371e-08,5.204477998832672e-09
0.0514108,5.69967e-07,5.1284e-08,5.2030630488924496e-09
0.0514249,5.69801e-07,5.15059e-08,5.201547683150019e-09
0.0514389,5.69624e-07,5.17027e-08,5.199931901605379e-09
0.051453,5.69435e-07,5.18744e-08,5.198206575549238e-09
0.051467,5.69235e-07,5.2021e-08,5.196380833690887e-09
0.0514811,5.69024e-07,5.21426e-08,5.194454676030327e-09
0.0514952,5.68802e-07,5.22392e-08,5.192428102567558e-09
0.0515092,5.68568e-07,5.23107e-08,5.190291984593288e-09
0.0515233,5.68323e-07,5.23574e-08,5.188055450816809e-09
0.0515373,5.68066e-07,5.23792e-08,5.185709372528828e-09
0.0515514,5.67798e-07,5.23762e-08,5.1832628784386384e-09
0.0515655,5.67519e-07,5.23485e-08,5.180715968546239e-09
0.0515795,5.67228e-07,5.22962e-08,5.178059514142339e-09
0.0515936,5.66926e-07,5.22195e-08,5.17530264393623e-09
0.0516076,5.66613e-07,5.21184e-08,5.172445357927912e-09
0.0516217,5.66288e-07,5.19931e-08,5.169478527408091e-09
0.0516357,5.65952e-07,5.18438e-08,5.166411281086063e-09
0.0516498,5.65605e-07,5.16706e-08,5.163243618961824e-09
0.0516639,5.65247e-07,5.14738e-08,5.159975541035377e-09
0.0516779,5.64877e-07,5.12534e-08,5.1565979185974284e-09
0.051692,5.64496e-07,5.10098e-08,5.1531198803572704e-09
0.051706,5.64104e-07,5.0743e-08,5.149541426314904e-09
0.0517201,5.63701e-07,5.04534e-08,5.145862556470328e-09
0.0517341,5.63287e-07,5.01412e-08,5.142083270823542e-09
0.0517482,5.62862e-07,4.98066e-08,5.138203569374546e-09
0.0517623,5.62427e-07,4.94497e-08,5.134232580832634e-09
0.0517763,5.6198e-07,4.9071e-08,5.13015204777922e-09
0.0517904,5.61523e-07,4.86706e-08,5.12598022763289e-09
0.0518044,5.61056e-07,4.82488e-08,5.121717120393641e-09
0.0518185,5.60577e-07,4.78059e-08,5.117344468642891e-09
0.0518326,5.60089e-07,4.73421e-08,5.112889658508516e-09
0.0518466,5.5959e-07,4.68578e-08,5.108334432571932e-09
0.0518607,5.59081e-07,4.63533e-08,5.103687919542429e-09
0.0518747,5.58562e-07,4.58288e-08,5.09895011942001e-09
0.0518888,5.58033e-07,4.52848e-08,5.094121032204672e-09
0.0519028,5.57494e-07,4.47215e-08,5.089200657896418e-09
0.0519169,5.56945e-07,4.41392e-08,5.084188996495246e-09
0.051931,5.56387e-07,4.35384e-08,5.079095176710448e-09
0.051945,5.55819e-07,4.29193e-08,5.073910069832732e-09
0.0519591,5.55242e-07,4.22823e-08,5.0686428045713905e-09
0.0519731,5.54656e-07,4.16278e-08,5.063293380926423e-09
0.0519872,5.54061e-07,4.09562e-08,5.05786179889783e-09
0.0520013,5.53457e-07,4.02678e-08,5.052348058485611e-09
0.0520153,5.52844e-07,3.9563e-08,5.0467521596897674e-09
0.0520294,5.52222e-07,3.88423e-08,5.041074102510297e-09
0.0520434,5.51593e-07,3.8106e-08,5.035332144365784e-09
0.0520575,5.50955e-07,3.73545e-08,5.0295080278376465e-09
0.0520715,5.50308e-07,3.65883e-08,5.023601752925882e-09
0.0520856,5.49654e-07,3.58077e-08,5.017631577049076e-09
0.0520997,5.48993e-07,3.50131e-08,5.011597500207227e-09
0.0521137,5.48323e-07,3.42051e-08,5.005481264981753e-09
0.0521278,5.47646e-07,3.33839e-08,4.999301128791236e-09
0.0521418,5.46963e-07,3.255e-08,4.99306622034497e-09
0.0521559,5.46272e-07,3.17039e-08,4.9867582822243685e-09
0.05217,5.45574e-07,3.0846e-08,4.980386443138725e-09
0.052184,5.44869e-07,2.99767e-08,4.9739507030880385e-09
0.0521981,5.44159e-07,2.90965e-08,4.967469319490895e-09
0.0522121,5.43442e-07,2.82057e-08,4.9609240349287075e-09
0.0522262,5.42718e-07,2.73048e-08,4.954314849401479e-09
0.0522402,5.4199e-07,2.63944e-08,4.947669149037083e-09
0.0522543,5.41255e-07,2.54748e-08,4.940959547707645e-09
0.0522684,5.40515e-07,2.45464e-08,4.934204302831748e-09
0.0522824,5.3977e-07,2.36099e-08,4.9274034144093916e-09
0.0522965,5.3902e-07,2.26655e-08,4.920556882440577e-09
0.0523105,5.38264e-07,2.17138e-08,4.913655578216011e-09
0.0523246,5.37505e-07,2.07553e-08,4.906726887863572e-09
0.0523387,5.36741e-07,1.97904e-08,4.899752553964672e-09
0.0523527,5.35973e-07,1.88195e-08,4.892741705228607e-09
0.0523668,5.35201e-07,1.78432e-08,4.885694341655373e-09
0.0523808,5.34425e-07,1.68619e-08,4.878610463244973e-09
0.0523949,5.33646e-07,1.58761e-08,4.871499198706697e-09
0.0524089,5.32863e-07,1.48863e-08,4.864351419331256e-09
0.052423,5.32077e-07,1.3893e-08,4.857176253827937e-09
0.0524371,5.31289e-07,1.28966e-08,4.849982830906037e-09
0.0524511,5.30498e-07,1.18975e-08,4.84276202185626e-09
0.0524652,5.29704e-07,1.08964e-08,4.835513826678608e-09
0.0524792,5.28908e-07,9.89353e-09,4.828247374082373e-09
0.0524933,5.28111e-07,8.88949e-09,4.820971792776845e-09
0.0525074,5.27311e-07,7.88461e-09,4.813668825343444e-09
0.0525214,5.26511e-07,6.87914e-09,4.806365857910042e-09
0.0525355,5.25709e-07,5.87346e-09,4.799044633058056e-09
0.0525495,5.24905e-07,4.86811e-09,4.791705150787486e-09
0.0525636,5.24101e-07,3.86341e-09,4.784365668516918e-09
0.0525776,5.23297e-07,2.85971e-09,4.777026186246348e-09
0.0525917,5.22492e-07,1.85774e-09,4.769677575266487e-09
0.0526058,5.21687e-07,8.61425e-10,4.7623289642866265e-09
0.0526198,5.20882e-07,3.37656e-10,4.754980353306765e-09
0.0526339,5.20077e-07,1.124e-09,4.7476317423269045e-09
0.0526479,5.19273e-07,2.10781e-09,4.740292260056335e-09
0.052662,5.18469e-07,3.08658e-09,4.732952777785766e-09
0.052676,5.17667e-07,4.05975e-09,4.72563155293378e-09
0.0526901,5.16865e-07,5.02767e-09,4.718310328081794e-09
0.0527042,5.16065e-07,5.99001e-09,4.711007360648393e-09
0.0527182,5.15267e-07,6.94641e-09,4.703722650633574e-09
0.0527323,5.14471e-07,7.89653e-09,4.696456198037338e-09
0.0527463,5.13676e-07,8.84003e-09,4.689198874150395e-09
0.0527604,5.12884e-07,9.77635e-09,4.6819689363913265e-09
0.0527745,5.12147e-07,1.07048e-08,4.6752410776433045e-09
0.0527885,5.11431e-07,1.16247e-08,4.66870492179041e-09
0.0528026,5.10717e-07,1.25356e-08,4.662187023356098e-09
0.0528166,5.10006e-07,1.34372e-08,4.655696511049663e-09
0.0528307,5.09298e-07,1.43292e-08,4.6492333848711014e-09
0.0528447,5.08593e-07,1.52115e-08,4.642797644820416e-09
0.0528588,5.07891e-07,1.60837e-08,4.6363892908976054e-09
0.0528729,5.07193e-07,1.69457e-08,4.630017451811962e-09
0.0528869,5.06498e-07,1.77971e-08,4.623672998854193e-09
0.052901,5.05807e-07,1.86374e-08,4.617365060733592e-09
0.052915,5.05119e-07,1.94664e-08,4.611084508740867e-09
0.0529291,5.04436e-07,2.02835e-08,4.604849600294599e-09
0.0529432,5.03757e-07,2.10885e-08,4.5986512066854995e-09
0.0529572,5.03082e-07,2.18809e-08,4.592489327913567e-09
0.0529713,5.02411e-07,2.26602e-08,4.5863639639788005e-09
0.0529853,5.01746e-07,2.34262e-08,4.580293372299785e-09
0.0529994,5.01085e-07,2.41786e-08,4.574259295457936e-09
0.0530134,5.00428e-07,2.4917e-08,4.568261733453254e-09
0.0530275,4.99777e-07,2.56412e-08,4.562318943704323e-09
0.0530416,4.99132e-07,2.63511e-08,4.556430926211143e-09
0.0530556,4.98491e-07,2.70463e-08,4.55057942355513e-09
0.0530697,4.97856e-07,2.77267e-08,4.544782693154866e-09
0.0530837,4.97227e-07,2.83919e-08,4.539040735010353e-09
0.0530978,4.96603e-07,2.90416e-08,4.5333444204123e-09
0.0531119,4.95985e-07,2.96756e-08,4.5277028780699965e-09
0.0531259,4.95373e-07,3.02934e-08,4.522116107983445e-09
0.05314,4.94767e-07,3.08949e-08,4.5165841101526426e-09
0.053154,4.94167e-07,3.14797e-08,4.5111068845775905e-09
0.0531681,4.93574e-07,3.20475e-08,4.505693559967581e-09
0.0531821,4.92987e-07,3.25982e-08,4.500335007613322e-09
0.0531962,4.92407e-07,3.31316e-08,4.495040356224105e-09
0.0532103,4.91833e-07,3.36475e-08,4.489800477090639e-09
0.0532243,4.91266e-07,3.41458e-08,4.4846244989222155e-09
0.0532384,4.90705e-07,3.46264e-08,4.479503293009543e-09
0.0532524,4.90152e-07,3.50891e-08,4.474455116771203e-09
0.0532665,4.89605e-07,3.5534e-08,4.4694617127886136e-09
0.0532806,4.89066e-07,3.59607e-08,4.464541338480359e-09
0.0532946,4.88534e-07,3.63694e-08,4.4596848651371475e-09
0.0533087,4.88009e-07,3.67597e-08,4.454892292758976e-09
0.0533227,4.87491e-07,3.71315e-08,4.450163621345848e-09
0.0533368,4.86981e-07,3.74848e-08,4.445507979607054e-09
0.0533508,4.86478e-07,3.78194e-08,4.440916238833304e-09
0.0533649,4.85982e-07,3.81351e-08,4.436388399024594e-09
0.053379,4.85494e-07,3.84319e-08,4.431933588890218e-09
0.053393,4.85014e-07,3.87097e-08,4.427551808430177e-09
0.0534071,4.84541e-07,3.89685e-08,4.4232339289351784e-09
0.0534211,4.84076e-07,3.9208e-08,4.418989079114513e-09
0.0534352,4.83619e-07,3.94284e-08,4.414817258968182e-09
0.0534492,4.83169e-07,3.96296e-08,4.410709339786893e-09
0.0534633,4.82728e-07,3.98115e-08,4.40668357898923e-09
0.0534774,4.82294e-07,3.99742e-08,4.402721719156609e-09
0.0534914,4.81868e-07,4.01176e-08,4.398832888998322e-09
0.0535055,4.8145e-07,4.02418e-08,4.39501708851437e-09
0.0535195,4.8104e-07,4.03468e-08,4.391274317704751e-09
0.0535336,4.80638e-07,4.04325e-08,4.387604576569467e-09
0.0535477,4.80243e-07,4.0499e-08,4.383998736399224e-09
0.0535617,4.79857e-07,4.05464e-08,4.380475054612608e-09
0.0535758,4.79479e-07,4.05747e-08,4.377024402500325e-09
0.0535898,4.79108e-07,4.05839e-08,4.373637651353085e-09
0.0536039,4.78746e-07,4.05741e-08,4.370333058589471e-09
0.0536179,4.78392e-07,4.05453e-08,4.367101495500191e-09
0.053632,4.78045e-07,4.04977e-08,4.363933833375952e-09
0.0536461,4.77707e-07,4.04313e-08,4.360848329635339e-09
0.0536601,4.77376e-07,4.03462e-08,4.35782672685977e-09
0.0536742,4.77054e-07,4.02424e-08,4.354887282467825e-09
0.0536882,4.76739e-07,4.01202e-08,4.352011739040923e-09
0.0537023,4.76432e-07,3.99796e-08,4.349209225288355e-09
0.0537164,4.76133e-07,3.98207e-08,4.34647974121012e-09
0.0537304,4.75842e-07,3.96437e-08,4.343823286806221e-09
0.0537445,4.75559e-07,3.94486e-08,4.341239862076654e-09
0.0537585,4.75283e-07,3.92357e-08,4.338720338312131e-09
0.0537726,4.75015e-07,3.90051e-08,4.336273844221941e-09
0.0537866,4.74755e-07,3.87569e-08,4.333900379806086e-09
0.0538007,4.74502e-07,3.84914e-08,4.331590816355272e-09
0.0538148,4.74257e-07,3.82087e-08,4.329354282578793e-09
0.0538288,4.74019e-07,3.79089e-08,4.327181649767355e-09
0.0538429,4.73788e-07,3.75924e-08,4.3250729179209605e-09
0.0538569,4.73566e-07,3.72593e-08,4.323046344458192e-09
0.053871,4.7335e-07,3.69097e-08,4.321074543251172e-09
0.0538851,4.73141e-07,3.65441e-08,4.319166643009196e-09
0.0538991,4.7294e-07,3.61625e-08,4.3173317724415545e-09
0.0539132,4.72746e-07,3.57652e-08,4.315560802838954e-09
0.0539272,4.72559e-07,3.53525e-08,4.3138537342013966e-09
0.0539413,4.72379e-07,3.49245e-08,4.312210566528881e-09
0.0539553,4.72205e-07,3.44817e-08,4.310622171112116e-09
0.0539694,4.72038e-07,3.40241e-08,4.309097676660393e-09
0.0539835,4.71879e-07,3.35521e-08,4.307646211883005e-09
0.0539975,4.71725e-07,3.30659e-08,4.3062403906520744e-09
0.0540116,4.71578e-07,3.25659e-08,4.3048984703861865e-09
0.0540256,4.71438e-07,3.20522e-08,4.303620451085342e-09
0.0540397,4.71303e-07,3.15252e-08,4.302388075330955e-09
0.0540538,4.71175e-07,3.09851e-08,4.30121960054161e-09
0.0540678,4.71053e-07,3.04323e-08,4.300105898008017e-09
0.0540819,4.70937e-07,2.9867e-08,4.299046967730173e-09
0.0540959,4.70827e-07,2.92896e-08,4.298042809708081e-09
0.05411,4.70723e-07,2.87003e-08,4.297093423941738e-09
0.054124,4.70624e-07,2.80996e-08,4.296189681721855e-09
0.0541381,4.70531e-07,2.74876e-08,4.295340711757721e-09
0.0541522,4.70443e-07,2.68648e-08,4.294537385340047e-09
0.0541662,4.7036e-07,2.62314e-08,4.293779702468832e-09
0.0541803,4.70283e-07,2.55878e-08,4.293076791853367e-09
0.0541943,4.70211e-07,2.49344e-08,4.292419524784361e-09
0.0542084,4.70143e-07,2.42714e-08,4.291798772552521e-09
0.0542225,4.70081e-07,2.35993e-08,4.291232792576433e-09
0.0542365,4.70023e-07,2.29183e-08,4.290703327437511e-09
0.0542506,4.69969e-07,2.22289e-08,4.290210377135757e-09
0.0542646,4.6992e-07,2.15314e-08,4.289763070380461e-09
0.0542787,4.69875e-07,2.08262e-08,4.289352278462332e-09
0.0542927,4.69835e-07,2.01135e-08,4.288987130090662e-09
0.0543068,4.69798e-07,1.93939e-08,4.288649367846867e-09
0.0543209,4.69765e-07,1.86677e-08,4.2883481204402395e-09
0.0543349,4.69736e-07,1.79352e-08,4.288083387870779e-09
0.054349,4.69711e-07,1.71968e-08,4.287855170138485e-09
0.054363,4.69689e-07,1.64529e-08,4.287654338534066e-09
0.0543771,4.6967e-07,1.57039e-08,4.287480893057523e-09
0.0543911,4.69655e-07,1.49501e-08,4.287343962418147e-09
0.0544052,4.69642e-07,1.41919e-08,4.287225289197353e-09
0.0544193,4.69633e-07,1.34297e-08,4.2871431308137276e-09
0.0544333,4.69626e-07,1.26638e-08,4.287079229848685e-09
0.0544474,4.69621e-07,1.18947e-08,4.287033586302227e-09
0.0544614,4.69619e-07,1.11227e-08,4.287015328883644e-09
0.0544755,4.6962e-07,1.03482e-08,4.287024457592935e-09
0.0544896,4.69622e-07,9.57152e-09,4.287042715011518e-09
0.0545036,4.69627e-07,8.79311e-09,4.287088358557977e-09
0.0545177,4.69633e-07,8.01331e-09,4.2871431308137276e-09
0.0545317,4.69641e-07,7.2325e-09,4.287216160488062e-09
0.0545458,4.69651e-07,6.45105e-09,4.287307447580979e-09
0.0545598,4.69662e-07,5.66934e-09,4.287407863383188e-09
0.0545739,4.69674e-07,4.88775e-09,4.28751740789469e-09
0.054588,4.69687e-07,4.1066e-09,4.287636081115482e-09
0.054602,4.69702e-07,3.32623e-09,4.287773011754858e-09
0.0546161,4.69717e-07,2.54722e-09,4.287909942394235e-09
0.0546301,4.69733e-07,1.77014e-09,4.288056001742903e-09
0.0546442,4.69749e-07,9.95808e-10,4.288202061091571e-09
0.0546583,4.69766e-07,3.79877e-10,4.288357249149531e-09
0.0546723,4.69782e-07,5.66744e-10,4.288503308498199e-09
0.0546864,4.69799e-07,1.31393e-09,4.288658496556159e-09
0.0547004,4.69816e-07,2.07988e-09,4.2888136846141186e-09
0.0547145,4.69833e-07,2.84296e-09,4.288968872672078e-09
0.0547285,4.69849e-07,3.60261e-09,4.289114932020746e-09
0.0547426,4.69864e-07,4.35815e-09,4.289251862660123e-09
0.0547567,4.6988e-07,5.10877e-09,4.289397922008791e-09
0.0547707,4.69894e-07,5.85387e-09,4.289525723938875e-09
0.0547848,4.69907e-07,6.59304e-09,4.2896443971596676e-09
0.0547988,4.6992e-07,7.32609e-09,4.289763070380461e-09
0.0548129,4.69931e-07,8.05285e-09,4.28986348618267e-09
0.054827,4.69941e-07,8.77314e-09,4.289954773275588e-09
0.054841,4.69949e-07,9.48669e-09,4.290027802949922e-09
0.0548551,4.69956e-07,1.01932e-08,4.290091703914964e-09
0.0548691,4.69961e-07,1.08924e-08,4.290137347461422e-09
0.0548832,4.69964e-07,1.15838e-08,4.290164733589298e-09
0.0548972,4.70008e-07,1.22673e-08,4.290566396798135e-09
0.0549113,4.70053e-07,1.29425e-08,4.290977188716263e-09
0.0549254,4.70095e-07,1.36092e-08,4.2913605945065175e-09
0.0549394,4.70134e-07,1.42672e-08,4.291716614168896e-09
0.0549535,4.70171e-07,1.49164e-08,4.2920543764126905e-09
0.0549675,4.70204e-07,1.55564e-08,4.292355623819319e-09
0.0549816,4.70234e-07,1.61869e-08,4.292629485098071e-09
0.0549957,4.7026e-07,1.68077e-08,4.292866831539657e-09
0.0550097,4.70283e-07,1.74183e-08,4.293076791853367e-09
0.0550238,4.70303e-07,1.80184e-08,4.293259366039202e-09
0.0550378,4.70318e-07,1.86077e-08,4.293396296678578e-09
0.0550519,4.7033e-07,1.91858e-08,4.29350584119008e-09
0.0550659,4.70338e-07,1.97526e-08,4.293578870864413e-09
0.05508,4.70342e-07,2.03078e-08,4.293615385701581e-09
0.0550941,4.70341e-07,2.08513e-08,4.293606256992289e-09
0.0551081,4.70336e-07,2.13829e-08,4.29356061344583e-09
0.0551222,4.70326e-07,2.19024e-08,4.293469326352912e-09
0.0551362,4.70312e-07,2.24099e-08,4.293341524422827e-09
0.0551503,4.70293e-07,2.2905e-08,4.2931680789462845e-09
0.0551643,4.70269e-07,2.33878e-08,4.292948989923283e-09
0.0551784,4.7024e-07,2.38579e-08,4.292684257353822e-09
0.0551925,4.70206e-07,2.43154e-08,4.292373881237902e-09
0.0552065,4.70167e-07,2.47599e-08,4.292017861575524e-09
0.0552206,4.70123e-07,2.51913e-08,4.291616198366687e-09
0.0552346,4.70073e-07,2.56094e-08,4.291159762902099e-09
0.0552487,4.70018e-07,2.6014e-08,4.290657683891052e-09
0.0552628,4.69957e-07,2.6405e-08,4.290100832624255e-09
0.0552768,4.69891e-07,2.67821e-08,4.289498337811e-09
0.0552909,4.69819e-07,2.71451e-08,4.288841070741993e-09
0.0553049,4.69741e-07,2.74941e-08,4.288129031417237e-09
0.055319,4.69657e-07,2.78287e-08,4.28736221983673e-09
0.055333,4.69568e-07,2.8149e-08,4.286549764709764e-09
0.0553471,4.69472e-07,2.84548e-08,4.285673408617756e-09
0.0553612,4.6937e-07,2.87459e-08,4.284742280269997e-09
0.0553752,4.69262e-07,2.90225e-08,4.2837563796664875e-09
0.0553893,4.69148e-07,2.92843e-08,4.282715706807227e-09
0.0554033,4.69027e-07,2.95314e-08,4.281611132982925e-09
0.0554174,4.689e-07,2.97637e-08,4.280451786902873e-09
0.0554315,4.68767e-07,2.9981e-08,4.27923766856707e-09
0.0554455,4.68627e-07,3.01835e-08,4.2779596492662245e-09
0.0554596,4.68481e-07,3.0371e-08,4.276626857709629e-09
0.0554736,4.68328e-07,3.05435e-08,4.275230165187991e-09
0.0554877,4.68169e-07,3.0701e-08,4.273778700410602e-09
0.0555017,4.68003e-07,3.08435e-08,4.272263334668171e-09
0.0555158,4.6783e-07,3.09709e-08,4.2706840679606976e-09
0.0555299,4.67651e-07,3.10832e-08,4.269050028997474e-09
0.0555439,4.67465e-07,3.11804e-08,4.267352089069208e-09
0.055558,4.67272e-07,3.12626e-08,4.2655902481759e-09
0.055572,4.67073e-07,3.13298e-08,4.2637736350268406e-09
0.0555861,4.66867e-07,3.13819e-08,4.26189312091274e-09
0.0556002,4.66654e-07,3.14191e-08,4.259948705833596e-09
0.0556142,4.66434e-07,3.14413e-08,4.257940389789411e-09
0.0556283,4.66207e-07,3.14485e-08,4.255868172780183e-09
0.0556423,4.65974e-07,3.1441e-08,4.253741183515204e-09
0.0556564,4.65734e-07,3.14186e-08,4.251550293285184e-09
0.0556704,4.65487e-07,3.13815e-08,4.24929550209012e-09
0.0556845,4.65233e-07,3.13298e-08,4.246976809930016e-09
0.0556986,4.64973e-07,3.12634e-08,4.24460334551416e-09
0.0557126,4.64706e-07,3.11826e-08,4.242165980133262e-09
0.0557267,4.64432e-07,3.10875e-08,4.239664713787322e-09
0.0557407,4.64151e-07,3.0978e-08,4.237099546476339e-09
0.0557548,4.63864e-07,3.08543e-08,4.234479606909606e-09
0.0557689,4.6357e-07,3.07166e-08,4.231795766377831e-09
0.0557829,4.63269e-07,3.05649e-08,4.2290480248810136e-09
0.055797,4.62962e-07,3.03994e-08,4.226245511128445e-09
0.055811,4.62648e-07,3.02203e-08,4.2233790964108344e-09
0.0558251,4.62327e-07,3.00275e-08,4.220448780728182e-09
0.0558391,4.62001e-07,2.98214e-08,4.217472821499071e-09
0.0558532,4.61667e-07,2.9602e-08,4.214423832595625e-09
0.0558673,4.61327e-07,2.93696e-08,4.211320071436429e-09
0.0558813,4.60981e-07,2.91242e-08,4.208161538021483e-09
0.0558954,4.60629e-07,2.8866e-08,4.204948232350786e-09
0.0559094,4.6027e-07,2.85952e-08,4.201671025715046e-09
0.0559235,4.59906e-07,2.83119e-08,4.1983481755328486e-09
0.0559375,4.59535e-07,2.80164e-08,4.1949614243856085e-09
0.0559516,4.59158e-07,2.77089e-08,4.191519900982617e-09
0.0559657,4.58775e-07,2.73894e-08,4.188023605323876e-09
0.0559797,4.58386e-07,2.70583e-08,4.184472537409384e-09
0.0559938,4.57991e-07,2.67156e-08,4.1808666972391425e-09
0.0560078,4.57591e-07,2.63617e-08,4.177215213522441e-09
0.0560219,4.57185e-07,2.59967e-08,4.173508957549989e-09
0.056036,4.56773e-07,2.56208e-08,4.169747929321788e-09
0.05605,4.56356e-07,2.52343e-08,4.165941257547126e-09
0.0560641,4.55933e-07,2.48373e-08,4.162079813516715e-09
0.0560781,4.55505e-07,2.44301e-08,4.158172725939845e-09
0.0560922,4.55072e-07,2.4013e-08,4.154219994816516e-09
0.0561062,4.54633e-07,2.35861e-08,4.1502124914374364e-09
0.0561203,4.5419e-07,2.31497e-08,4.14616847322119e-09
0.0561344,4.53741e-07,2.27041e-08,4.142069682749193e-09
0.0561484,4.53288e-07,2.22494e-08,4.137934377440029e-09
0.0561625,4.5283e-07,2.1786e-08,4.1337534285844064e-09
0.0561765,4.52367e-07,2.13141e-08,4.129526836182324e-09
0.0561906,4.519e-07,2.08338e-08,4.125263728943076e-09
0.0562047,4.51428e-07,2.03456e-08,4.1209549781573685e-09
0.0562187,4.50952e-07,1.98495e-08,4.116609712534495e-09
0.0562328,4.50471e-07,1.9346e-08,4.112218803365161e-09
0.0562468,4.49987e-07,1.88352e-08,4.107800508067953e-09
0.0562609,4.49498e-07,1.83174e-08,4.1033365692242856e-09
0.0562749,4.49006e-07,1.77928e-08,4.098845244252744e-09
0.056289,4.4851e-07,1.72618e-08,4.094317404444034e-09
0.0563031,4.4801e-07,1.67246e-08,4.089753049798158e-09
0.0563171,4.47506e-07,1.61814e-08,4.085152180315114e-09
0.0563312,4.47e-07,1.56325e-08,4.080533053413488e-09
0.0563452,4.46489e-07,1.50783e-08,4.075868282965402e-09
0.0563593,4.45976e-07,1.45189e-08,4.071185255098733e-09
0.0563734,4.4546e-07,1.39547e-08,4.0664748411041885e-09
0.0563874,4.44941e-07,1.33859e-08,4.061737040981768e-09
0.0564015,4.44419e-07,1.28128e-08,4.056971854731474e-09
0.0564155,4.43894e-07,1.22357e-08,4.052179282353303e-09
0.0564296,4.43367e-07,1.16549e-08,4.0473684525565495e-09
0.0564436,4.42837e-07,1.10706e-08,4.04253023663192e-09
0.0564577,4.42305e-07,1.04832e-08,4.037673763288708e-09
0.0564718,4.41771e-07,9.89284e-09,4.032799032526912e-09
0.0564858,4.41235e-07,9.29992e-09,4.027906044346533e-09
0.0564999,4.40697e-07,8.70468e-09,4.02299479874757e-09
0.0565139,4.40157e-07,8.10741e-09,4.0180652957300235e-09
0.056528,4.39616e-07,7.50839e-09,4.013126664003185e-09
0.0565421,4.39082e-07,6.90791e-09,4.008251933241389e-09
0.0565561,4.3858e-07,6.30625e-09,4.003669321176929e-09
0.0565702,4.38078e-07,5.70371e-09,3.999086709112469e-09
0.0565842,4.37574e-07,5.10048e-09,3.994485839629426e-09
0.0565983,4.37069e-07,4.49674e-09,3.989875841437091e-09
0.0566123,4.36564e-07,3.89269e-09,3.985265843244755e-09
0.0566264,4.36059e-07,3.28866e-09,3.98065584505242e-09
0.0566405,4.35552e-07,2.68499e-09,3.976027589441502e-09
0.0566545,4.35046e-07,2.08176e-09,3.971408462539875e-09
0.0566686,4.34539e-07,1.47936e-09,3.9667802069289565e-09
0.0566826,4.34033e-07,8.78273e-10,3.962161080027329e-09
0.0566967,4.33526e-07,3.62121e-10,3.95753282441641e-09
0.0567108,4.33019e-07,3.28964e-10,3.952904568805492e-09
0.0567248,4.32513e-07,9.09345e-10,3.948285441903865e-09
0.0567389,4.32007e-07,1.49903e-09,3.943666315002238e-09
0.0567529,4.31501e-07,2.08545e-09,3.939047188100611e-09
0.056767,4.30996e-07,2.66869e-09,3.934437189908276e-09
0.056781,4.30492e-07,3.24873e-09,3.929836320425233e-09
0.0567951,4.29989e-07,3.82533e-09,3.925244579651482e-09
0.0568092,4.29486e-07,4.39824e-09,3.92065283887773e-09
0.0568232,4.28985e-07,4.96725e-09,3.916079355522561e-09
0.0568373,4.28485e-07,5.53214e-09,3.911515000876685e-09
0.0568513,4.27986e-07,6.09253e-09,3.9069597749401e-09
0.0568654,4.27488e-07,6.64802e-09,3.902413677712807e-09
0.0568794,4.26992e-07,7.19827e-09,3.897885837904098e-09
0.0568935,4.26497e-07,7.74303e-09,3.89336712680468e-09
0.0569076,4.26005e-07,8.28214e-09,3.888875801833138e-09
0.0569216,4.25513e-07,8.81544e-09,3.8843844768615956e-09
0.0569357,4.25024e-07,9.34282e-09,3.879920538017928e-09
0.0569497,4.24537e-07,9.86415e-09,3.8754748565928445e-09
0.0569638,4.24052e-07,1.03792e-08,3.871047432586345e-09
0.0569779,4.23569e-07,1.08879e-08,3.866638265998428e-09
0.0569919,4.23088e-07,1.13898e-08,3.862247356829095e-09
0.057006,4.2261e-07,1.18847e-08,3.857883833787637e-09
0.05702,4.22134e-07,1.23725e-08,3.853538568164763e-09
0.0570341,4.21661e-07,1.28529e-08,3.849220688669764e-09
0.0570481,4.21191e-07,1.33256e-08,3.844930195302641e-09
0.0570622,4.20723e-07,1.37905e-08,3.8406579593541e-09
0.0570763,4.20258e-07,1.42473e-08,3.836413109533435e-09
0.0570903,4.19796e-07,1.46959e-08,3.832195645840645e-09
0.0571044,4.19337e-07,1.5136e-08,3.828005568275731e-09
0.0571184,4.18882e-07,1.55675e-08,3.823852005547983e-09
0.0571325,4.18429e-07,1.59903e-08,3.819716700238819e-09
0.0571466,4.1798e-07,1.64043e-08,3.815617909766822e-09
0.0571606,4.17534e-07,1.68092e-08,3.811546505422701e-09
0.0571747,4.17091e-07,1.7205e-08,3.8075024872064536e-09
0.0571887,4.16652e-07,1.75914e-08,3.803494983827374e-09
0.0572028,4.16216e-07,1.79683e-08,3.79951486657617e-09
0.0572168,4.15785e-07,1.83354e-08,3.7955803928714244e-09
0.0572309,4.15356e-07,1.86927e-08,3.791664176585263e-09
0.057245,4.14932e-07,1.90399e-08,3.7877936038455595e-09
0.057259,4.14512e-07,1.93769e-08,3.783959545943024e-09
0.0572731,4.14095e-07,1.97036e-08,3.780152874168363e-09
0.0572871,4.13682e-07,2.00198e-08,3.776382717230868e-09
0.0573012,4.13274e-07,2.03255e-08,3.772658203839833e-09
0.0573153,4.12869e-07,2.06206e-08,3.768961076576673e-09
0.0573293,4.12469e-07,2.0905e-08,3.7653095928599726e-09
0.0573434,4.12073e-07,2.11786e-08,3.7616946239804386e-09
0.0573574,4.11681e-07,2.14415e-08,3.758116169938071e-09
0.0573715,4.11293e-07,2.16934e-08,3.754574230732871e-09
0.0573855,4.1091e-07,2.19345e-08,3.7510779350741305e-09
0.0573996,4.10531e-07,2.21644e-08,3.747618154252555e-09
0.0574137,4.10157e-07,2.23833e-08,3.74420401697744e-09
0.0574277,4.09787e-07,2.25911e-08,3.7408263945394916e-09
0.0574418,4.09421e-07,2.27875e-08,3.7374852869387104e-09
0.0574558,4.0906e-07,2.29727e-08,3.734189822884387e-09
0.0574699,4.08704e-07,2.31466e-08,3.730940002376523e-09
0.057484,4.08352e-07,2.3309e-08,3.727726696705826e-09
0.057498,4.08005e-07,2.34599e-08,3.724559034581588e-09
0.0575121,4.07663e-07,2.35993e-08,3.721437016003809e-09
0.0575261,4.07325e-07,2.37272e-08,3.7183515122631963e-09
0.0575402,4.06992e-07,2.38436e-08,3.7153116520690428e-09
0.0575542,4.06664e-07,2.39484e-08,3.7123174354213477e-09
0.0575683,4.0634e-07,2.40416e-08,3.70935973361082e-09
0.0575824,4.06022e-07,2.41232e-08,3.7064568040560423e-09
0.0575964,4.05708e-07,2.41933e-08,3.703590389338432e-09
0.0576105,4.05399e-07,2.42518e-08,3.7007696181672802e-09
0.0576245,4.05094e-07,2.42987e-08,3.6979853618332957e-09
0.0576386,4.04795e-07,2.43342e-08,3.6952558777550618e-09
0.0576526,4.045e-07,2.43581e-08,3.6925629085139947e-09
0.0576667,4.0421e-07,2.43706e-08,3.689915582819386e-09
0.0576808,4.03925e-07,2.43717e-08,3.687313900671237e-09
0.0576948,4.03645e-07,2.43614e-08,3.6847578620695463e-09
0.0577089,4.0337e-07,2.43397e-08,3.682247467014314e-09
0.0577229,4.03099e-07,2.43067e-08,3.679773586796249e-09
0.057737,4.02833e-07,2.42625e-08,3.677345350124643e-09
0.0577511,4.02573e-07,2.4207e-08,3.6749718857087873e-09
0.0577651,4.02316e-07,2.41404e-08,3.6726258074208067e-09
0.0577792,4.02065e-07,2.40627e-08,3.6703345013885768e-09
0.0577932,4.01818e-07,2.3974e-08,3.6680797101935137e-09
0.0578073,4.01576e-07,2.38744e-08,3.66587056254491e-09
0.0578213,4.01339e-07,2.37639e-08,3.6637070584427643e-09
0.0578354,4.01107e-07,2.36426e-08,3.6615891978870777e-09
0.0578495,4.00879e-07,2.35106e-08,3.659507852168558e-09
0.0578635,4.00656e-07,2.33681e-08,3.657472149996497e-09
0.0578776,4.00437e-07,2.3215e-08,3.655472962661603e-09
0.0578916,4.00223e-07,2.30515e-08,3.653519418873168e-09
0.0579057,4.00014e-07,2.28777e-08,3.651611518631192e-09
0.0579198,3.99809e-07,2.26938e-08,3.6497401332263826e-09
0.0579338,3.99609e-07,2.24998e-08,3.647914391368032e-09
0.0579479,3.99413e-07,2.22959e-08,3.6461251643468482e-09
0.0579619,3.99221e-07,2.20822e-08,3.644372452162832e-09
0.057976,3.99034e-07,2.18589e-08,3.642665383525274e-09
0.05799,3.98851e-07,2.1626e-08,3.640994829724883e-09
0.0580041,3.98672e-07,2.13838e-08,3.6393607907616598e-09
0.0580182,3.98498e-07,2.11324e-08,3.637772395344895e-09
0.0580322,3.98328e-07,2.08719e-08,3.6362205147652966e-09
0.0580463,3.98162e-07,2.06025e-08,3.634705149022866e-09
0.0580603,3.98e-07,2.03244e-08,3.6332262981176016e-09
0.0580744,3.97842e-07,2.00376e-08,3.631783962049505e-09
0.0580885,3.97688e-07,1.97425e-08,3.630378140818575e-09
0.0581025,3.97538e-07,1.9439e-08,3.629008834424812e-09
0.0581166,3.97392e-07,1.91275e-08,3.627676042868216e-09
0.0581306,3.97249e-07,1.8808e-08,3.6263706374394956e-09
0.0581447,3.9711e-07,1.84807e-08,3.625101746847942e-09
0.0581587,3.96975e-07,1.81459e-08,3.6238693710935552e-09
0.0581728,3.96844e-07,1.78037e-08,3.6226735101763355e-09
0.0581869,3.96716e-07,1.74542e-08,3.6215050353869912e-09
0.0582009,3.96591e-07,1.70977e-08,3.620363946725522e-09
0.058215,3.9647e-07,1.67343e-08,3.61925937290122e-09
0.058229,3.96353e-07,1.63643e-08,3.618191313914085e-09
0.0582431,3.96238e-07,1.59879e-08,3.6171415123455336e-09
0.0582572,3.96127e-07,1.56051e-08,3.6161282256141488e-09
0.0582712,3.96019e-07,1.52164e-08,3.6151423250106395e-09
0.0582853,3.95913e-07,1.48218e-08,3.6141746818257137e-09
0.0582993,3.95811e-07,1.44216e-08,3.613243553477955e-09
0.0583134,3.95712e-07,1.40159e-08,3.612339811258071e-09
0.0583274,3.95615e-07,1.3605e-08,3.6114543264567715e-09
0.0583415,3.95522e-07,1.31892e-08,3.610605356492638e-09
0.0583556,3.9543e-07,1.27685e-08,3.609765515237797e-09
0.0583696,3.95342e-07,1.23433e-08,3.6089621888201228e-09
0.0583837,3.95256e-07,1.19138e-08,3.6081771198210323e-09
0.0583977,3.95172e-07,1.14801e-08,3.607410308240525e-09
0.0584118,3.95091e-07,1.10425e-08,3.606670882787893e-09
0.0584258,3.95012e-07,1.06013e-08,3.6059497147538443e-09
0.0584399,3.94935e-07,1.01566e-08,3.605246804138379e-09
0.058454,3.9486e-07,9.70867e-09,3.604562150941498e-09
0.058468,3.94787e-07,9.25774e-09,3.6038957551632e-09
0.0584821,3.94716e-07,8.80404e-09,3.603247616803486e-09
0.0584961,3.94647e-07,8.34779e-09,3.6026177358623545e-09
0.0585102,3.9458e-07,7.88922e-09,3.6020061123398072e-09
0.0585243,3.94514e-07,7.42855e-09,3.6014036175265517e-09
0.0585383,3.94449e-07,6.96602e-09,3.600810251422588e-09
0.0585524,3.94387e-07,6.50183e-09,3.6002442714464988e-09
0.0585664,3.94325e-07,6.03623e-09,3.59967829147041e-09
0.0585805,3.94265e-07,5.56944e-09,3.599130568912905e-09
0.0585945,3.94206e-07,5.10167e-09,3.5985919750646916e-09
0.0586086,3.94148e-07,4.63316e-09,3.59806250992577e-09
0.0586227,3.94092e-07,4.16412e-09,3.597551302205432e-09
0.0586367,3.94036e-07,3.69478e-09,3.5970400944850936e-09
0.0586508,3.93981e-07,3.22537e-09,3.5965380154740473e-09
0.0586648,3.93927e-07,2.7561e-09,3.5960450651722927e-09
0.0586789,3.93873e-07,2.28719e-09,3.595552114870538e-09
0.058693,3.9382e-07,1.81884e-09,3.595068293278075e-09
0.058707,3.93767e-07,1.35136e-09,3.594584471685612e-09
0.0587211,3.93715e-07,8.8515e-10,3.594109778802441e-09
0.0587351,3.93664e-07,4.20654e-10,3.593644214628562e-09
0.0587492,3.93612e-07,1.63043e-10,3.5931695217453906e-09
0.0587632,3.9356e-07,5.04021e-10,3.5926948288622194e-09
0.0587773,3.93509e-07,9.64745e-10,3.5922292646883403e-09
0.0587914,3.93457e-07,1.42401e-09,3.591754571805169e-09
0.0588054,3.93406e-07,1.8814e-09,3.5912890076312896e-09
0.0588195,3.93354e-07,2.3366e-09,3.5908143147481184e-09
0.0588335,3.93302e-07,2.78914e-09,3.590339621864947e-09
0.0588476,3.93249e-07,3.23858e-09,3.589855800272484e-09
0.0588617,3.93196e-07,3.68461e-09,3.5893719786800213e-09
0.0588757,3.93143e-07,4.12706e-09,3.5888881570875588e-09
0.0588898,3.93089e-07,4.56582e-09,3.588395206785804e-09
0.0589038,3.93034e-07,5.00074e-09,3.5878931277747578e-09
0.0589179,3.92978e-07,5.43166e-09,3.5873819200544193e-09
0.0589319,3.92922e-07,5.85841e-09,3.5868707123340813e-09
0.058946,3.92864e-07,6.28082e-09,3.5863412471951594e-09
0.0589601,3.92806e-07,6.69871e-09,3.5858117820562375e-09
0.0589741,3.92746e-07,7.1119e-09,3.5852640594987327e-09
0.0589882,3.92685e-07,7.52027e-09,3.584707208231936e-09
0.0590022,3.92623e-07,7.9237e-09,3.584141228255847e-09
0.0590163,3.9256e-07,8.32207e-09,3.583566119570467e-09
0.0590304,3.92495e-07,8.71524e-09,3.5829727534665027e-09
0.0590444,3.92429e-07,9.10305e-09,3.5823702586532472e-09
0.0590585,3.92361e-07,9.4853e-09,3.5817495064214074e-09
0.0590725,3.92291e-07,9.86178e-09,3.581110496770985e-09
0.0590866,3.9222e-07,1.02322e-08,3.5804623584112706e-09
0.0591006,3.92147e-07,1.05965e-08,3.5797959626329727e-09
0.0591147,3.92072e-07,1.09543e-08,3.5791113094360914e-09
0.0591288,3.91995e-07,1.13055e-08,3.5784083988206263e-09
0.0591428,3.91916e-07,1.16499e-08,3.5776872307865778e-09
0.0591569,3.91836e-07,1.19874e-08,3.5769569340432375e-09
0.0591709,3.91753e-07,1.2318e-08,3.5761992511720218e-09
0.059185,3.91668e-07,1.26415e-08,3.5754233108822234e-09
0.0591991,3.9158e-07,1.29578e-08,3.574619984464549e-09
0.0592131,3.91491e-07,1.3267e-08,3.573807529337583e-09
0.0592272,3.91399e-07,1.35688e-08,3.5729676880827415e-09
0.0592412,3.91304e-07,1.38633e-08,3.5721004607000253e-09
0.0592553,3.91207e-07,1.41503e-08,3.571214975898725e-09
0.0592693,3.91108e-07,1.44298e-08,3.5703112336788417e-09
0.0592834,3.91006e-07,1.47015e-08,3.569380105331083e-09
0.0592975,3.90901e-07,1.49654e-08,3.568421590855449e-09
0.0593115,3.90794e-07,1.52214e-08,3.5674448189612313e-09
0.0593256,3.90684e-07,1.54694e-08,3.5664406609391387e-09
0.0593396,3.90571e-07,1.57091e-08,3.5654091167891705e-09
0.0593537,3.90456e-07,1.59406e-08,3.564359315220619e-09
0.0593677,3.90337e-07,1.61638e-08,3.5632729988149004e-09
0.0593818,3.90216e-07,1.63785e-08,3.562168424990598e-09
0.0593959,3.90092e-07,1.65846e-08,3.561036465038421e-09
0.0594099,3.89964e-07,1.67822e-08,3.5598679902490765e-09
0.059424,3.89834e-07,1.6971e-08,3.5586812580411484e-09
0.059438,3.89701e-07,1.71512e-08,3.5574671397053452e-09
0.0594521,3.89564e-07,1.73226e-08,3.5562165065323752e-09
0.0594662,3.89425e-07,1.74852e-08,3.5549476159408214e-09
0.0594802,3.89282e-07,1.7639e-08,3.553642210512101e-09
0.0594943,3.89136e-07,1.77839e-08,3.552309418955505e-09
0.0595083,3.88987e-07,1.79199e-08,3.550949241271034e-09
0.0595224,3.88834e-07,1.80469e-08,3.549552548749396e-09
0.0595364,3.88679e-07,1.8165e-08,3.548137598809174e-09
0.0595505,3.8852e-07,1.82741e-08,3.5466861340317852e-09
0.0595646,3.88357e-07,1.83742e-08,3.5451981544172296e-09
0.0595786,3.88192e-07,1.84652e-08,3.5436919173840906e-09
0.0595927,3.88023e-07,1.85472e-08,3.5421491655137843e-09
0.0596067,3.87859e-07,1.86201e-08,3.540652057189937e-09
0.0596208,3.8769e-07,1.8684e-08,3.5391093053196308e-09
0.0596349,3.87518e-07,1.87389e-08,3.5375391673214494e-09
0.0596489,3.87342e-07,1.87847e-08,3.5359325144861003e-09
0.059663,3.87162e-07,1.88215e-08,3.534289346813585e-09
0.059677,3.86978e-07,1.88493e-08,3.5326096643039026e-09
0.0596911,3.86789e-07,1.8868e-08,3.5308843382477614e-09
0.0597051,3.86597e-07,1.88779e-08,3.529131626063745e-09
0.0597192,3.86401e-07,1.88788e-08,3.5273423990425615e-09
0.0597333,3.862e-07,1.88708e-08,3.525507528474919e-09
0.0597473,3.85996e-07,1.88539e-08,3.5236452717794013e-09
0.0597614,3.85787e-07,1.88283e-08,3.521737371537425e-09
0.0597754,3.85575e-07,1.87938e-08,3.519802085167574e-09
0.0597895,3.85358e-07,1.87506e-08,3.517821155251263e-09
0.0598036,3.85138e-07,1.86988e-08,3.515812839207078e-09
0.0598176,3.84913e-07,1.86383e-08,3.513758879616433e-09
0.0598317,3.84685e-07,1.85693e-08,3.5116775338979137e-09
0.0598457,3.84452e-07,1.84917e-08,3.509550544632935e-09
0.0598598,3.84216e-07,1.84058e-08,3.5073961692400814e-09
0.0598738,3.83975e-07,1.83115e-08,3.505196150300769e-09
0.0598879,3.83731e-07,1.8209e-08,3.5029687452335814e-09
0.059902,3.83483e-07,1.80982e-08,3.500704825329227e-09
0.059916,3.83231e-07,1.79794e-08,3.498404390587705e-09
0.0599301,3.82975e-07,1.78525e-08,3.4960674410090165e-09
0.0599441,3.82715e-07,1.77178e-08,3.493693976593161e-09
0.0599582,3.82451e-07,1.75752e-08,3.491283997340138e-09
0.0599723,3.82184e-07,1.74248e-08,3.48884663195924e-09
0.0599863,3.81913e-07,1.72669e-08,3.486372751741175e-09
0.0600004,3.81644e-07,1.71014e-08,3.483917128941694e-09
0.0600144,3.81374e-07,1.69285e-08,3.48145237743292e-09
0.0600285,3.81102e-07,1.67483e-08,3.4789693685055633e-09
0.0600425,3.80826e-07,1.65608e-08,3.4764498447410395e-09
0.0600566,3.80547e-07,1.63663e-08,3.473902934848641e-09
0.0600707,3.80266e-07,1.61648e-08,3.471337767537658e-09
0.0600847,3.79981e-07,1.59564e-08,3.4687360853895086e-09
0.0600988,3.79694e-07,1.57413e-08,3.4661161458227756e-09
0.0601128,3.79403e-07,1.55197e-08,3.4634596914188753e-09
0.0601269,3.7911e-07,1.52915e-08,3.460784979596392e-09
0.0601409,3.78814e-07,1.5057e-08,3.458082881646033e-09
0.060155,3.78516e-07,1.48162e-08,3.455362526277091e-09
0.0601691,3.78214e-07,1.45694e-08,3.4526056560709817e-09
0.0601831,3.7791e-07,1.43167e-08,3.4498305284462884e-09
0.0601972,3.77604e-07,1.40582e-08,3.447037143403012e-09
0.0602112,3.77295e-07,1.3794e-08,3.4442163722318608e-09
0.0602253,3.76983e-07,1.35243e-08,3.441368214932834e-09
0.0602394,3.76669e-07,1.32492e-08,3.4385018002152235e-09
0.0602534,3.76353e-07,1.2969e-08,3.4356171280790294e-09
0.0602675,3.76034e-07,1.26836e-08,3.4327050698149605e-09
0.0602815,3.75713e-07,1.23934e-08,3.429774754132308e-09
0.0602956,3.7539e-07,1.20984e-08,3.4268261810310713e-09
0.0603096,3.75065e-07,1.17988e-08,3.4238593505112522e-09
0.0603237,3.74737e-07,1.14947e-08,3.420865133863557e-09
0.0603378,3.74408e-07,1.11864e-08,3.417861788506571e-09
0.0603518,3.74076e-07,1.08739e-08,3.4148310570217085e-09
0.0603659,3.73743e-07,1.05574e-08,3.4117911968275546e-09
0.0603799,3.73408e-07,1.0237e-08,3.4087330792148176e-09
0.060394,3.7307e-07,9.91304e-09,3.405647575474205e-09
0.0604081,3.72732e-07,9.58554e-09,3.4025620717335925e-09
0.0604221,3.72391e-07,9.2547e-09,3.399449181865105e-09
0.0604362,3.72049e-07,8.92067e-09,3.396327163287326e-09
0.0604502,3.71705e-07,8.58363e-09,3.3931868872909628e-09
0.0604643,3.7136e-07,8.24374e-09,3.3900374825853083e-09
0.0604783,3.71013e-07,7.90116e-09,3.38686982046107e-09
0.0604924,3.70665e-07,7.55607e-09,3.3836930296275396e-09
0.0605065,3.70316e-07,7.20864e-09,3.380507110084718e-09
0.0605205,3.69966e-07,6.85902e-09,3.377312061832605e-09
0.0605346,3.69614e-07,6.50739e-09,3.3740987561619076e-09
0.0605486,3.69261e-07,6.15393e-09,3.3708763217819187e-09
0.0605627,3.68908e-07,5.79878e-09,3.36765388740193e-09
0.0605768,3.68553e-07,5.44214e-09,3.3644131956033578e-09
0.0605908,3.68197e-07,5.08417e-09,3.361163375095494e-09
0.0606049,3.67841e-07,4.72505e-09,3.35791355458763e-09
0.0606189,3.67484e-07,4.36494e-09,3.3546546053704743e-09
0.060633,3.67126e-07,4.00403e-09,3.3513865274440264e-09
0.060647,3.66767e-07,3.64248e-09,3.3481093208082876e-09
0.0606611,3.66408e-07,3.28041e-09,3.3448321141725484e-09
0.0606752,3.66049e-07,2.91791e-09,3.341554907536809e-09
0.0606892,3.65689e-07,2.55511e-09,3.3382685721917783e-09
0.0607033,3.65328e-07,2.19223e-09,3.3349731081374553e-09
0.0607173,3.64968e-07,1.82952e-09,3.3316867727924244e-09
0.0607314,3.64607e-07,1.46701e-09,3.3283913087381014e-09
0.0607455,3.64246e-07,1.1049e-09,3.325095844683779e-09
0.0607595,3.63885e-07,7.43455e-10,3.3218003806294558e-09
0.0607736,3.63524e-07,3.83113e-10,3.3185049165751336e-09
0.0607876,3.63164e-07,1.54293e-10,3.3152185812301023e-09
0.0608017,3.62803e-07,3.33006e-10,3.3119231171757797e-09
0.0608157,3.62442e-07,6.88075e-10,3.308627653121457e-09
0.0608298,3.62082e-07,1.04157e-09,3.305341317776426e-09
0.0608439,3.61722e-07,1.39301e-09,3.302054982431395e-09
0.0608579,3.61363e-07,1.74261e-09,3.2987777757956553e-09
0.060872,3.61004e-07,2.09022e-09,3.2955005691599165e-09
0.060886,3.60645e-07,2.43567e-09,3.2922233625241773e-09
0.0609001,3.60288e-07,2.7788e-09,3.2889644133070215e-09
0.0609141,3.59931e-07,3.1195e-09,3.2857054640898654e-09
0.0609282,3.59574e-07,3.45761e-09,3.2824465148727096e-09
0.0609423,3.59219e-07,3.79292e-09,3.2792058230741376e-09
0.0609563,3.58864e-07,4.12521e-09,3.2759651312755653e-09
0.0609704,3.5851e-07,4.45429e-09,3.272733568186285e-09
0.0609844,3.58158e-07,4.78002e-09,3.269520262515588e-09
0.0609985,3.57806e-07,5.10233e-09,3.266306956844891e-09
0.0610126,3.57455e-07,5.42115e-09,3.263102779883486e-09
0.0610266,3.57106e-07,5.73637e-09,3.259916860340664e-09
0.0610407,3.56758e-07,6.04792e-09,3.256740069507134e-09
0.0610547,3.56411e-07,6.35568e-09,3.253572407382896e-09
0.0610688,3.56066e-07,6.65951e-09,3.250423002677241e-09
0.0610828,3.55722e-07,6.95924e-09,3.247282726680878e-09
0.0610969,3.55379e-07,7.25472e-09,3.244151579393807e-09
0.061111,3.55039e-07,7.54583e-09,3.241047818234611e-09
0.061125,3.54699e-07,7.83243e-09,3.2379440570754152e-09
0.0611391,3.54362e-07,8.11442e-09,3.2348676820440944e-09
0.0611531,3.54026e-07,8.39165e-09,3.2318004357220653e-09
0.0611672,3.53691e-07,8.66402e-09,3.2287423181093283e-09
0.0611813,3.53359e-07,8.93141e-09,3.2257115866244665e-09
0.0611953,3.53029e-07,9.19371e-09,3.222699112558188e-09
0.0612094,3.527e-07,9.45081e-09,3.2196957672012012e-09
0.0612234,3.52373e-07,9.70263e-09,3.2167106792627983e-09
0.0612375,3.52049e-07,9.94908e-09,3.2137529774522705e-09
0.0612515,3.51726e-07,1.019e-08,3.210804404351034e-09
0.0612656,3.51406e-07,1.04255e-08,3.207883217377673e-09
0.0612797,3.51088e-07,1.06552e-08,3.204980287822896e-09
0.0612937,3.50772e-07,1.08792e-08,3.202095615686702e-09
0.0613078,3.50458e-07,1.10973e-08,3.1992292009690914e-09
0.0613218,3.50146e-07,1.13094e-08,3.196381043670065e-09
0.0613359,3.49837e-07,1.15155e-08,3.193560272498913e-09
0.06135,3.4953e-07,1.17155e-08,3.1907577587463447e-09
0.061364,3.49226e-07,1.19092e-08,3.1879826311216523e-09
0.0613781,3.48924e-07,1.20967e-08,3.185225760915543e-09
0.0613921,3.48624e-07,1.22778e-08,3.1824871481280172e-09
0.0614062,3.48327e-07,1.24525e-08,3.1797759214683667e-09
0.0614202,3.48032e-07,1.26208e-08,3.1770829522272993e-09
0.0614343,3.4774e-07,1.27826e-08,3.1744173691141077e-09
0.0614484,3.47451e-07,1.29378e-08,3.171779172128791e-09
0.0614624,3.47164e-07,1.30866e-08,3.169159232562058e-09
0.0614765,3.4688e-07,1.32287e-08,3.1665666791232e-09
0.0614905,3.46599e-07,1.33641e-08,3.164001511812218e-09
0.0615046,3.4632e-07,1.34929e-08,3.1614546019198187e-09
0.0615187,3.46044e-07,1.36149e-08,3.158935078155295e-09
0.0615327,3.45771e-07,1.37302e-08,3.156442940518646e-09
0.0615468,3.455e-07,1.38387e-08,3.1539690603005817e-09
0.0615608,3.45232e-07,1.39404e-08,3.1515225662103915e-09
0.0615749,3.44968e-07,1.40352e-08,3.149112586957369e-09
0.0615889,3.44706e-07,1.41231e-08,3.14672086512293e-09
0.061603,3.44446e-07,1.42042e-08,3.1443474007070738e-09
0.0616171,3.4419e-07,1.42783e-08,3.1420104511283853e-09
0.0616311,3.43936e-07,1.43455e-08,3.13969175896828e-09
0.0616452,3.43686e-07,1.44058e-08,3.137409581645342e-09
0.0616592,3.43438e-07,1.44591e-08,3.1351456617409873e-09
0.0616733,3.43193e-07,1.45054e-08,3.132909127964508e-09
0.0616874,3.42951e-07,1.45448e-08,3.130699980315904e-09
0.0617014,3.42712e-07,1.45772e-08,3.1285182187951744e-09
0.0617155,3.42476e-07,1.46028e-08,3.126363843402321e-09
0.0617295,3.42243e-07,1.46213e-08,3.1242368541373426e-09
0.0617436,3.42013e-07,1.4633e-08,3.1221372510002397e-09
0.0617576,3.41786e-07,1.46378e-08,3.1200650339910116e-09
0.0617717,3.41561e-07,1.46358e-08,3.1180110744003673e-09
0.0617858,3.4134e-07,1.46269e-08,3.11599362964689e-09
0.0617998,3.41122e-07,1.46112e-08,3.1140035710212874e-09
0.0618139,3.40906e-07,1.45887e-08,3.1120317698142693e-09
0.0618279,3.40693e-07,1.45595e-08,3.110087354735126e-09
0.061842,3.40484e-07,1.45236e-08,3.1081794544931493e-09
0.061856,3.40277e-07,1.44811e-08,3.1062898116697565e-09
0.0618701,3.40073e-07,1.44319e-08,3.104427554974239e-09
0.0618842,3.39872e-07,1.43761e-08,3.1025926844065968e-09
0.0618982,3.39674e-07,1.43137e-08,3.1007851999668294e-09
0.0619123,3.39478e-07,1.42449e-08,3.098995972945646e-09
0.0619263,3.39286e-07,1.41695e-08,3.09724326076163e-09
0.0619404,3.39096e-07,1.40878e-08,3.095508805996197e-09
0.0619545,3.38909e-07,1.39998e-08,3.0938017373586387e-09
0.0619685,3.38725e-07,1.39054e-08,3.0921220548489564e-09
0.0619826,3.38544e-07,1.38048e-08,3.0904697584671493e-09
0.0619966,3.38365e-07,1.36981e-08,3.0888357195039255e-09
0.0620107,3.3819e-07,1.35853e-08,3.0872381953778686e-09
0.0620247,3.38017e-07,1.34665e-08,3.085658928670395e-09
0.0620388,3.37846e-07,1.33418e-08,3.084097919381506e-09
0.0620529,3.37679e-07,1.32112e-08,3.082573424929783e-09
0.0620669,3.37514e-07,1.30748e-08,3.081067187896644e-09
0.062081,3.37351e-07,1.29328e-08,3.0795792082820884e-09
0.062095,3.37191e-07,1.27852e-08,3.0781186147954075e-09
0.0621091,3.37034e-07,1.26321e-08,3.0766854074366025e-09
0.0621232,3.36879e-07,1.24736e-08,3.075270457496381e-09
0.0621372,3.36727e-07,1.23097e-08,3.073882893684034e-09
0.0621513,3.36577e-07,1.21407e-08,3.072513587290271e-09
0.0621653,3.3643e-07,1.19665e-08,3.0711716670243836e-09
0.0621794,3.36285e-07,1.17873e-08,3.06984800417708e-09
0.0621934,3.36142e-07,1.16032e-08,3.068542598748359e-09
0.0622075,3.36002e-07,1.14142e-08,3.0672645794475134e-09
0.0622216,3.35864e-07,1.12205e-08,3.0660048175652517e-09
0.0622356,3.35728e-07,1.10223e-08,3.0647633131015734e-09
0.0622497,3.35595e-07,1.08195e-08,3.0635491947657702e-09
0.0622637,3.35463e-07,1.06123e-08,3.0623442051392588e-09
0.0622778,3.35334e-07,1.04008e-08,3.0611666016406224e-09
0.0622919,3.35207e-07,1.01851e-08,3.0600072555605703e-09
0.0623059,3.35082e-07,9.96541e-09,3.058866166899101e-09
0.06232,3.34959e-07,9.74174e-09,3.0577433356562155e-09
0.062334,3.34838e-07,9.51424e-09,3.0566387618319132e-09
0.0623481,3.34719e-07,9.28303e-09,3.0555524454261948e-09
0.0623621,3.34601e-07,9.04823e-09,3.054475257729768e-09
0.0623762,3.34486e-07,8.80997e-09,3.053425456161217e-09
0.0623903,3.34372e-07,8.56837e-09,3.0523847833019565e-09
0.0624043,3.3426e-07,8.32356e-09,3.05136236786128e-09
0.0624184,3.3415e-07,8.07568e-09,3.0503582098391877e-09
0.0624324,3.34042e-07,7.82484e-09,3.049372309235678e-09
0.0624465,3.33935e-07,7.57119e-09,3.048395537341461e-09
0.0624606,3.33829e-07,7.31484e-09,3.0474278941565346e-09
0.0624746,3.33725e-07,7.05595e-09,3.0464785083901926e-09
0.0624887,3.33623e-07,6.79463e-09,3.045547380042434e-09
0.0625027,3.33522e-07,6.53102e-09,3.0446253804039666e-09
0.0625168,3.33422e-07,6.26525e-09,3.0437125094747914e-09
0.0625308,3.33324e-07,5.99747e-09,3.0428178959641996e-09
0.0625449,3.33227e-07,5.7278e-09,3.0419324111628996e-09
0.062559,3.33131e-07,5.45637e-09,3.041056055070891e-09
0.062573,3.33036e-07,5.18333e-09,3.040188827688175e-09
0.0625871,3.32943e-07,4.9088e-09,3.0393398577240417e-09
0.0626011,3.3285e-07,4.63293e-09,3.0384908877599092e-09
0.0626152,3.32758e-07,4.35586e-09,3.0376510465050677e-09
0.0626292,3.32668e-07,4.0777e-09,3.03682946266881e-09
0.0626433,3.32578e-07,3.79861e-09,3.036007878832552e-09
0.0626574,3.32489e-07,3.51872e-09,3.0351954237055862e-09
0.0626714,3.32401e-07,3.23816e-09,3.034392097287912e-09
0.0626855,3.32314e-07,2.95707e-09,3.0335978995795293e-09
0.0626995,3.32227e-07,2.67558e-09,3.0328037018711467e-09
0.0627136,3.32141e-07,2.39383e-09,3.0320186328720562e-09
0.0627277,3.32055e-07,2.11196e-09,3.0312335638729653e-09
0.0627417,3.3197e-07,1.8301e-09,3.030457623583166e-09
0.0627558,3.31886e-07,1.54838e-09,3.029690812002659e-09
0.0627698,3.31801e-07,1.26691e-09,3.0289148717128603e-09
0.0627839,3.31718e-07,9.85839e-10,3.028157188841645e-09
0.0627979,3.31634e-07,7.05314e-10,3.027390377261138e-09
0.062812,3.31551e-07,4.25577e-10,3.026632694389922e-09
0.0628261,3.31468e-07,1.68534e-10,3.0258750115187063e-09
0.0628401,3.31385e-07,1.66965e-10,3.0251173286474913e-09
0.0628542,3.31302e-07,4.08683e-10,3.0243596457762756e-09
0.0628682,3.31219e-07,6.85076e-10,3.02360196290506e-09
0.0628823,3.31136e-07,9.60409e-10,3.0228442800338444e-09
0.0628964,3.31053e-07,1.23454e-09,3.0220865971626295e-09
0.0629104,3.3097e-07,1.50726e-09,3.0213289142914137e-09
0.0629245,3.30887e-07,1.77827e-09,3.020571231420198e-09
0.0629385,3.30804e-07,2.04737e-09,3.0198135485489826e-09
0.0629526,3.3072e-07,2.3144e-09,3.0190467369684755e-09
0.0629666,3.30636e-07,2.57925e-09,3.0182799253879684e-09
0.0629807,3.30552e-07,2.84183e-09,3.017513113807461e-09
0.0629948,3.30467e-07,3.10203e-09,3.016737173517662e-09
0.0630088,3.30382e-07,3.35975e-09,3.015961233227863e-09
0.0630229,3.30296e-07,3.61489e-09,3.015176164228772e-09
0.0630369,3.3021e-07,3.86737e-09,3.0143910952296816e-09
0.063051,3.30123e-07,4.11709e-09,3.0135968975212994e-09
0.0630651,3.30035e-07,4.36401e-09,3.0127935711036247e-09
0.0630791,3.29947e-07,4.60806e-09,3.0119902446859503e-09
0.0630932,3.29858e-07,4.84916e-09,3.0111777895589847e-09
0.0631072,3.29768e-07,5.08723e-09,3.010356205722727e-09
0.0631213,3.29677e-07,5.32214e-09,3.009525493177177e-09
0.0631353,3.29586e-07,5.55378e-09,3.008694780631628e-09
0.0631494,3.29493e-07,5.782e-09,3.007845810667495e-09
0.0631635,3.294e-07,6.00665e-09,3.006996840703362e-09
0.0631775,3.29306e-07,6.22761e-09,3.006138742029937e-09
0.0631916,3.2921e-07,6.44476e-09,3.005262385937929e-09
0.0632056,3.29113e-07,6.65798e-09,3.0043769011366286e-09
0.0632197,3.29016e-07,6.86721e-09,3.003491416335329e-09
0.0632338,3.28917e-07,7.07236e-09,3.002587674115445e-09
0.0632478,3.28817e-07,7.27339e-09,3.0016748031862703e-09
0.0632619,3.28715e-07,7.47023e-09,3.0007436748385112e-09
0.0632759,3.28613e-07,7.66285e-09,2.9998125464907526e-09
0.06329,3.28509e-07,7.85117e-09,2.99886316072441e-09
0.063304,3.28403e-07,8.03515e-09,2.9978955175394843e-09
0.0633181,3.28297e-07,8.21473e-09,2.996927874354559e-09
0.0633322,3.28188e-07,8.38984e-09,2.995932845041757e-09
0.0633462,3.28079e-07,8.56043e-09,2.994937815728956e-09
0.0633603,3.27968e-07,8.72642e-09,2.9939245289975717e-09
0.0633743,3.27855e-07,8.88775e-09,2.992892984847604e-09
0.0633884,3.27741e-07,9.04434e-09,2.9918523119883444e-09
0.0634025,3.27625e-07,9.19614e-09,2.9907933817105007e-09
0.0634165,3.27507e-07,9.34308e-09,2.989716194014074e-09
0.0634306,3.27388e-07,9.48509e-09,2.9886298776083555e-09
0.0634446,3.27268e-07,9.62211e-09,2.987534432493345e-09
0.0634587,3.27145e-07,9.75409e-09,2.986411601250459e-09
0.0634727,3.27021e-07,9.88099e-09,2.985279641298282e-09
0.0634868,3.26895e-07,1.00027e-08,2.9841294239275214e-09
0.0635009,3.26767e-07,1.01193e-08,2.9829609491381768e-09
0.0635149,3.26638e-07,1.02307e-08,2.981783345639541e-09
0.063529,3.26506e-07,1.03368e-08,2.9805783560130294e-09
0.063543,3.26373e-07,1.04377e-08,2.979364237677226e-09
0.0635571,3.26238e-07,1.05332e-08,2.9781318619228396e-09
0.0635711,3.26101e-07,1.06235e-08,2.9768812287498696e-09
0.0635852,3.25962e-07,1.07084e-08,2.9756123381583158e-09
0.0635993,3.25822e-07,1.07879e-08,2.9743343188574702e-09
0.0636133,3.25679e-07,1.0862e-08,2.97302891342875e-09
0.0636274,3.25535e-07,1.09307e-08,2.9717143792907376e-09
0.0636414,3.25388e-07,1.09941e-08,2.9703724590248493e-09
0.0636555,3.2524e-07,1.1052e-08,2.9690214100496706e-09
0.0636696,3.25089e-07,1.11044e-08,2.9676429749466154e-09
0.0636836,3.24937e-07,1.11515e-08,2.9662554111342694e-09
0.0636977,3.24782e-07,1.11931e-08,2.9648404611940475e-09
0.0637117,3.24626e-07,1.12293e-08,2.9634163825445342e-09
0.0637258,3.24467e-07,1.12601e-08,2.9619649177671454e-09
0.0637398,3.24307e-07,1.12855e-08,2.960504324280465e-09
0.0637539,3.24144e-07,1.13055e-08,2.9590163446659093e-09
0.063768,3.2398e-07,1.13201e-08,2.957519236342062e-09
0.063782,3.23813e-07,1.13293e-08,2.955994741890339e-09
0.0637961,3.23644e-07,1.13331e-08,2.954451990020033e-09
0.0638101,3.23474e-07,1.13316e-08,2.9529001094404345e-09
0.0638242,3.23301e-07,1.13247e-08,2.951320842732962e-09
0.0638383,3.23126e-07,1.13126e-08,2.949723318606905e-09
0.0638523,3.2295e-07,1.12951e-08,2.9481166657715567e-09
0.0638664,3.22771e-07,1.12724e-08,2.9464826268083326e-09
0.0638804,3.2259e-07,1.12444e-08,2.9448303304265254e-09
0.0638945,3.22407e-07,1.12113e-08,2.943159776626135e-09
0.0639085,3.22222e-07,1.1173e-08,2.9414709654071605e-09
0.0639226,3.22035e-07,1.11295e-08,2.9397638967696027e-09
0.0639367,3.21847e-07,1.1081e-08,2.938047699422753e-09
0.0639507,3.21656e-07,1.10275e-08,2.936304115948028e-09
0.0639648,3.21463e-07,1.09689e-08,2.93454227505472e-09
0.0639788,3.21268e-07,1.09055e-08,2.9327621767428286e-09
0.0639929,3.21071e-07,1.08371e-08,2.930963821012353e-09
0.064007,3.20873e-07,1.07639e-08,2.9291563365725863e-09
0.064021,3.20672e-07,1.06859e-08,2.9273214660049434e-09
0.0640351,3.20469e-07,1.06032e-08,2.925468338018718e-09
0.0640491,3.20265e-07,1.05158e-08,2.9236060813232006e-09
0.0640632,3.20058e-07,1.04237e-08,2.921716438499808e-09
0.0640772,3.1985e-07,1.03271e-08,2.919817666967123e-09
0.0640913,3.1964e-07,1.02261e-08,2.917900638015855e-09
0.0641054,3.19428e-07,1.01205e-08,2.9159653516460034e-09
0.0641194,3.19214e-07,1.00106e-08,2.9140118078575682e-09
0.0641335,3.18999e-07,9.89646e-09,2.9120491353598414e-09
0.0641475,3.18782e-07,9.77803e-09,2.9100682054435308e-09
0.0641616,3.18563e-07,9.65544e-09,2.908069018108637e-09
0.0641757,3.18342e-07,9.52876e-09,2.9060515733551596e-09
0.0641897,3.18119e-07,9.39806e-09,2.904015871183099e-09
0.0642038,3.17895e-07,9.26342e-09,2.901971040301746e-09
0.0642178,3.17669e-07,9.12492e-09,2.89990795200181e-09
0.0642319,3.17442e-07,8.98264e-09,2.8978357349925824e-09
0.0642459,3.17213e-07,8.83667e-09,2.895745260564771e-09
0.06426,3.16982e-07,8.68707e-09,2.8936365287183763e-09
0.0642741,3.1675e-07,8.53395e-09,2.891518668162689e-09
0.0642881,3.16517e-07,8.37738e-09,2.889391678897711e-09
0.0643022,3.16282e-07,8.21744e-09,2.8872464322141495e-09
0.0643162,3.16045e-07,8.05424e-09,2.8850829281120034e-09
0.0643303,3.15807e-07,7.88785e-09,2.8829102953005665e-09
0.0643443,3.15568e-07,7.71837e-09,2.8807285337798375e-09
0.0643584,3.15327e-07,7.54588e-09,2.878528514840525e-09
0.0643725,3.15085e-07,7.37047e-09,2.8763193671919213e-09
0.0643865,3.14842e-07,7.19224e-09,2.874101090834025e-09
0.0644006,3.14597e-07,7.01127e-09,2.8718645570575454e-09
0.0644146,3.14351e-07,6.82767e-09,2.8696188945717744e-09
0.0644287,3.14104e-07,6.64152e-09,2.8673641033767113e-09
0.0644428,3.13856e-07,6.45291e-09,2.8651001834723565e-09
0.0644568,3.13607e-07,6.26194e-09,2.8628271348587104e-09
0.0644709,3.13356e-07,6.06871e-09,2.8605358288264805e-09
0.0644849,3.13105e-07,5.87331e-09,2.8582445227942506e-09
0.064499,3.12852e-07,5.67584e-09,2.8559349593434372e-09
0.064513,3.12599e-07,5.4764e-09,2.8536253958926235e-09
0.0645271,3.12345e-07,5.27509e-09,2.851306703732518e-09
0.0645412,3.1209e-07,5.072e-09,2.8489788828631213e-09
0.0645552,3.11833e-07,4.86723e-09,2.8466328045751407e-09
0.0645693,3.11577e-07,4.66089e-09,2.8442958549964523e-09
0.0645833,3.11319e-07,4.45307e-09,2.84194064799918e-09
0.0645974,3.11061e-07,4.24388e-09,2.8395854410019077e-09
0.0646115,3.10802e-07,4.03341e-09,2.8372211052953437e-09
0.0646255,3.10542e-07,3.82177e-09,2.834847640879488e-09
0.0646396,3.10282e-07,3.60906e-09,2.8324741764636323e-09
0.0646536,3.10021e-07,3.3954e-09,2.830091583338485e-09
0.0646677,3.09759e-07,3.18087e-09,2.827699861504046e-09
0.0646817,3.09497e-07,2.96559e-09,2.8253081396696063e-09
0.0646958,3.09235e-07,2.74967e-09,2.822916417835167e-09
0.0647099,3.08972e-07,2.5332e-09,2.8205155672914364e-09
0.0647239,3.08709e-07,2.31626e-09,2.818114716747705e-09
0.064738,3.08445e-07,2.09893e-09,2.8157047374946826e-09
0.064752,3.08182e-07,1.88126e-09,2.8133038869509514e-09
0.0647661,3.07918e-07,1.66335e-09,2.810893907697929e-09
0.0647802,3.07654e-07,1.44535e-09,2.808483928444906e-09
0.0647942,3.07389e-07,1.22741e-09,2.8060648204825913e-09
0.0648083,3.07125e-07,1.00957e-09,2.803654841229569e-09
0.0648223,3.0686e-07,7.91936e-10,2.801235733267254e-09
0.0648364,3.06596e-07,5.74642e-10,2.7988257540142317e-09
0.0648504,3.06331e-07,3.57853e-10,2.796406646051917e-09
0.0648645,3.06066e-07,1.51605e-10,2.7939875380896028e-09
