N,t,i,imax,returned_steps,total_calls
256,0,0,3,3,1
256,0,0,3,3,2
256,3.5417460973138577e-05,1,3,3,3
256,0.00010225052163529105,2,3,3,4
256,0.00019711034967189456,3,3,3,5
256,0.00031568513471764894,4,3,3,6
256,0.00045922303240461478,5,3,3,7
256,0.00062070316730245131,6,3,3,8
256,0.00080702639987687811,7,3,3,9
256,0.0010102881081398892,8,3,3,10
256,0.0012135498164029003,9,3,3,11
256,0.0014422192381987877,10,3,3,12
256,0.0016708886599946752,11,3,3,13
256,0.0018995580817905626,12,3,3,14
256,0.0021282275035864502,13,3,3,15
256,0.0023568969253823374,14,3,3,16
256,0.0025855663471782251,15,3,3,17
256,0.0028142357689741127,16,3,3,18
256,0.0030429051907699999,17,3,3,19
256,0.003347195709847,18,3,3,20
256,0.0036514862289240002,19,3,3,21
256,0.0039557767480009999,20,3,3,22
256,0.0042600672670779997,21,3,3,23
256,0.0045643577861549994,22,3,3,24
256,0.0048686483052319991,23,3,3,25
256,0.0051729388243089997,24,3,3,26
256,0.0054772293433859994,25,3,3,27
256,0.0057815198624629992,26,3,3,28
256,0.0060858103815399998,27,3,3,29
256,0.0064239109582922222,28,3,3,30
256,0.0067620115350444446,29,3,3,31
256,0.007100112111796667,30,3,3,32
256,0.0074382126885488894,31,3,3,33
256,0.0077763132653011118,32,3,3,34
256,0.0081144138420533342,33,3,3,35
256,0.0084525144188055557,34,3,3,36
256,0.0087906149955577773,35,3,3,37
256,0.0091287155723100005,36,3,3,38
256,0.0094668161490622221,37,3,3,39
256,0.0098049167258144436,38,3,3,40
256,0.010143017302566665,39,3,3,41
256,0.010481117879318887,40,3,3,42
256,0.01081921845607111,41,3,3,43
256,0.011157319032823333,42,3,3,44
256,0.011495419609575555,43,3,3,45
256,0.011833520186327776,44,3,3,46
256,0.01217162076308,45,3,3,47
256,0.012551983911926249,46,3,3,48
256,0.012932347060772498,47,3,3,49
256,0.013312710209618748,48,3,3,50
256,0.013693073358464997,49,3,3,51
256,0.014073436507311247,50,3,3,52
256,0.014453799656157498,51,3,3,53
256,0.014834162805003749,52,3,3,54
256,0.015214525953849999,53,3,3,55
256,0.015594889102696248,54,3,3,56
256,0.015975252251542497,55,3,3,57
256,0.016355615400388747,56,3,3,58
256,0.016735978549234996,57,3,3,59
256,0.017116341698081246,58,3,3,60
256,0.017496704846927495,59,3,3,61
256,0.017877067995773745,60,3,3,62
256,0.018257431144619998,61,3,3,63
256,0.018637794293466247,62,3,3,64
256,0.019018157442312496,63,3,3,65
256,0.019398520591158746,64,3,3,66
256,0.019778883740004995,65,3,3,67
256,0.020159246888851245,66,3,3,68
256,0.020539610037697494,67,3,3,69
256,0.020919973186543747,68,3,3,70
256,0.021300336335389997,69,3,3,71
256,0.021680699484236246,70,3,3,72
256,0.022061062633082495,71,3,3,73
256,0.022441425781928745,72,3,3,74
256,0.022821788930774994,73,3,3,75
256,0.023202152079621244,74,3,3,76
256,0.023582515228467493,75,3,3,77
256,0.023962878377313743,76,3,3,78
256,0.024343241526159996,77,3,3,79
256,0.024723604675006245,78,3,3,80
256,0.025103967823852495,79,3,3,81
256,0.025484330972698744,80,3,3,82
256,0.025864694121544993,81,3,3,83
256,0.026245057270391243,82,3,3,84
256,0.026625420419237492,83,3,3,85
256,0.027005783568083745,84,3,3,86
256,0.027386146716929995,85,3,3,87
256,0.027766509865776244,86,3,3,88
256,0.028146873014622494,87,3,3,89
256,0.028527236163468743,88,3,3,90
256,0.028907599312314992,89,3,3,91
256,0.029287962461161242,90,3,3,92
256,0.029668325610007491,91,3,3,93
256,0.030048688758853741,92,3,3,94
256,0.030429051907699994,93,3,3,95
256,0.030809415056546243,94,3,3,96
256,0.031189778205392493,95,3,3,97
256,0.031570141354238745,96,3,3,98
256,0.031950504503084995,97,3,3,99
256,0.032330867651931244,98,3,3,100
256,0.032711230800777494,99,3,3,101
256,0.033091593949623743,100,3,3,102
256,0.033471957098469993,101,3,3,103
256,0.033852320247316242,102,3,3,104
256,0.034232683396162492,103,3,3,105
256,0.034613046545008741,104,3,3,106
256,0.03499340969385499,105,3,3,107
256,0.03537377284270124,106,3,3,108
256,0.035754135991547489,107,3,3,109
256,0.036134499140393739,108,3,3,110
256,0.036514862289239995,109,3,3,111
256,0.036895225438086245,110,3,3,112
256,0.037275588586932494,111,3,3,113
256,0.037655951735778743,112,3,3,114
256,0.038036314884624993,113,3,3,115
256,0.038416678033471242,114,3,3,116
256,0.038797041182317492,115,3,3,117
256,0.039177404331163748,116,3,3,118
256,0.039557767480009998,117,3,3,119
256,0.039938130628856247,118,3,3,120
256,0.040318493777702497,119,3,3,121
256,0.040698856926548746,120,3,3,122
256,0.041079220075394995,121,3,3,123
256,0.041459583224241245,122,3,3,124
256,0.041839946373087494,123,3,3,125
256,0.042220309521933744,124,3,3,126
256,0.04260067267078,125,3,3,127
256,0.04298103581962625,126,3,3,128
256,0.043361398968472499,127,3,3,129
256,0.043741762117318748,128,3,3,130
256,0.044122125266164998,129,3,3,131
256,0.044502488415011247,130,3,3,132
256,0.044882851563857497,131,3,3,133
256,0.045263214712703753,132,3,3,134
256,0.045643577861550003,133,3,3,135
256,0.046023941010396252,134,3,3,136
256,0.046404304159242502,135,3,3,137
256,0.046784667308088751,136,3,3,138
256,0.047165030456935,137,3,3,139
256,0.04754539360578125,138,3,3,140
256,0.047925756754627499,139,3,3,141
256,0.048306119903473749,140,3,3,142
256,0.048686483052320005,141,3,3,143
256,0.049066846201166255,142,3,3,144
256,0.049447209350012504,143,3,3,145
256,0.049827572498858753,144,3,3,146
256,0.050207935647705003,145,3,3,147
256,0.050588298796551252,146,3,3,148
256,0.050968661945397502,147,3,3,149
256,0.051349025094243758,148,3,3,150
256,0.051729388243090008,149,3,3,151
256,0.052109751391936257,150,3,3,152
256,0.052490114540782506,151,3,3,153
256,0.052870477689628756,152,3,3,154
256,0.053250840838475005,153,3,3,155
256,0.053631203987321255,154,3,3,156
256,0.054011567136167504,155,3,3,157
256,0.054391930285013754,156,3,3,158
256,0.05477229343386001,157,3,3,159
256,0.05515265658270626,158,3,3,160
256,0.055533019731552509,159,3,3,161
256,0.055913382880398758,160,3,3,162
256,0.056293746029245008,161,3,3,163
256,0.056674109178091257,162,3,3,164
256,0.057054472326937507,163,3,3,165
256,0.057434835475783763,164,3,3,166
256,0.057815198624630013,165,3,3,167
256,0.058195561773476262,166,3,3,168
256,0.058575924922322511,167,3,3,169
256,0.058956288071168761,168,3,3,170
256,0.05933665122001501,169,3,3,171
256,0.05971701436886126,170,3,3,172
256,0.060097377517707509,171,3,3,173
256,0.060477740666553759,172,3,3,174
256,0.060858103815400015,173,3,3,175
256,0.061238466964246265,174,3,3,176
256,0.061618830113092514,175,3,3,177
256,0.061999193261938763,176,3,3,178
256,0.062379556410785013,177,3,3,179
256,0.062759919559631269,178,3,3,180
256,0.063140282708477519,179,3,3,181
256,0.063520645857323768,180,3,3,182
256,0.063901009006170018,181,3,3,183
256,0.064281372155016267,182,3,3,184
256,0.064661735303862516,183,3,3,185
256,0.065042098452708766,184,3,3,186
256,0.065422461601555015,185,3,3,187
256,0.065802824750401265,186,3,3,188
256,0.066183187899247514,187,3,3,189
256,0.066563551048093764,188,3,3,190
256,0.066943914196940013,189,3,3,191
256,0.067324277345786263,190,3,3,192
256,0.067704640494632512,191,3,3,193
256,0.068085003643478761,192,3,3,194
256,0.068465366792325011,193,3,3,195
256,0.06884572994117126,194,3,3,196
256,0.06922609309001751,195,3,3,197
256,0.069606456238863759,196,3,3,198
256,0.069986819387710009,197,3,3,199
256,0.070367182536556258,198,3,3,200
256,0.070747545685402508,199,3,3,201
256,0.071127908834248757,200,3,3,202
256,0.071508271983095006,201,3,3,203
256,0.071888635131941256,202,3,3,204
256,0.072268998280787505,203,3,3,205
256,0.072649361429633755,204,3,3,206
256,0.073029724578480004,205,3,3,207
256,0.073410087727326254,206,3,3,208
256,0.073790450876172503,207,3,3,209
256,0.074170814025018753,208,3,3,210
256,0.074551177173865002,209,3,3,211
256,0.074931540322711251,210,3,3,212
256,0.075311903471557501,211,3,3,213
256,0.07569226662040375,212,3,3,214
256,0.07607262976925,213,3,3,215
256,0.076452992918096249,214,3,3,216
256,0.076833356066942499,215,3,3,217
256,0.077213719215788748,216,3,3,218
256,0.077594082364634998,217,3,3,219
256,0.077974445513481247,218,3,3,220
256,0.078354808662327496,219,3,3,221
256,0.078735171811173746,220,3,3,222
256,0.079115534960019995,221,3,3,223
256,0.079495898108866245,222,3,3,224
256,0.079876261257712494,223,3,3,225
256,0.080256624406558744,224,3,3,226
256,0.080636987555404993,225,3,3,227
256,0.081017350704251243,226,3,3,228
256,0.081397713853097492,227,3,3,229
256,0.081778077001943741,228,3,3,230
256,0.082158440150789991,229,3,3,231
256,0.08253880329963624,230,3,3,232
256,0.08291916644848249,231,3,3,233
256,0.083299529597328739,232,3,3,234
256,0.083679892746174989,233,3,3,235
256,0.084060255895021238,234,3,3,236
256,0.084440619043867488,235,3,3,237
256,0.084820982192713737,236,3,3,238
256,0.085201345341559986,237,3,3,239
256,0.085581708490406236,238,3,3,240
256,0.085962071639252485,239,3,3,241
256,0.086342434788098735,240,3,3,242
256,0.086722797936944984,241,3,3,243
256,0.087103161085791234,242,3,3,244
256,0.087483524234637483,243,3,3,245
256,0.087863887383483733,244,3,3,246
256,0.088244250532329982,245,3,3,247
256,0.088624613681176231,246,3,3,248
256,0.089004976830022481,247,3,3,249
256,0.08938533997886873,248,3,3,250
256,0.08976570312771498,249,3,3,251
256,0.090146066276561229,250,3,3,252
256,0.090526429425407479,251,3,3,253
256,0.090906792574253728,252,3,3,254
256,0.091287155723099978,253,3,3,255
256,0.091667518871946227,254,3,3,256
256,0.092047882020792476,255,3,3,257
256,0.092428245169638726,256,3,3,258
256,0.092808608318484975,257,3,3,259
256,0.093188971467331225,258,3,3,260
256,0.093569334616177474,259,3,3,261
256,0.093949697765023724,260,3,3,262
256,0.094330060913869973,261,3,3,263
256,0.094710424062716222,262,3,3,264
256,0.095090787211562472,263,3,3,265
256,0.095471150360408721,264,3,3,266
256,0.095851513509254971,265,3,3,267
256,0.09623187665810122,266,3,3,268
256,0.09661223980694747,267,3,3,269
256,0.096992602955793719,268,3,3,270
256,0.097372966104639969,269,3,3,271
256,0.097753329253486218,270,3,3,272
256,0.098133692402332467,271,3,3,273
256,0.098514055551178717,272,3,3,274
256,0.098894418700024966,273,3,3,275
256,0.099274781848871216,274,3,3,276
256,0.099655144997717465,275,3,3,277
256,0.10003550814656371,276,3,3,278
256,0.10041587129540996,277,3,3,279
256,0.10079623444425621,278,3,3,280
256,0.10117659759310246,279,3,3,281
256,0.10155696074194871,280,3,3,282
256,0.10193732389079496,281,3,3,283
256,0.10231768703964121,282,3,3,284
256,0.10269805018848746,283,3,3,285
256,0.10307841333733371,284,3,3,286
256,0.10345877648617996,285,3,3,287
256,0.10383913963502621,286,3,3,288
256,0.10421950278387246,287,3,3,289
256,0.10459986593271871,288,3,3,290
256,0.10498022908156496,289,3,3,291
256,0.10536059223041121,290,3,3,292
256,0.10574095537925746,291,3,3,293
256,0.10612131852810371,292,3,3,294
256,0.10650168167694996,293,3,3,295
256,0.1068820448257962,294,3,3,296
256,0.10726240797464245,295,3,3,297
256,0.1076427711234887,296,3,3,298
256,0.10802313427233495,297,3,3,299
256,0.1084034974211812,298,3,3,300
256,0.10878386057002745,299,3,3,301
256,0.1091642237188737,300,3,3,302
256,0.10954458686771995,301,3,3,303
256,0.1099249500165662,302,3,3,304
256,0.11030531316541245,303,3,3,305
256,0.1106856763142587,304,3,3,306
256,0.11106603946310495,305,3,3,307
256,0.1114464026119512,306,3,3,308
256,0.11182676576079745,307,3,3,309
256,0.1122071289096437,308,3,3,310
256,0.11258749205848995,309,3,3,311
256,0.1129678552073362,310,3,3,312
256,0.11334821835618245,311,3,3,313
256,0.11372858150502869,312,3,3,314
256,0.11410894465387494,313,3,3,315
256,0.11448930780272119,314,3,3,316
256,0.11486967095156744,315,3,3,317
256,0.11525003410041369,316,3,3,318
256,0.11563039724925994,317,3,3,319
256,0.11601076039810619,318,3,3,320
256,0.11639112354695244,319,3,3,321
256,0.11677148669579869,320,3,3,322
256,0.11715184984464494,321,3,3,323
256,0.11753221299349119,322,3,3,324
256,0.11791257614233744,323,3,3,325
256,0.11829293929118369,324,3,3,326
256,0.11867330244002994,325,3,3,327
256,0.11905366558887619,326,3,3,328
256,0.11943402873772244,327,3,3,329
256,0.11981439188656869,328,3,3,330
256,0.12019475503541494,329,3,3,331
256,0.12057511818426118,330,3,3,332
256,0.12095548133310743,331,3,3,333
256,0.12133584448195368,332,3,3,334
256,0.12171620763079993,333,3,3,335
256,0.12209657077964618,334,3,3,336
256,0.12247693392849243,335,3,3,337
256,0.12285729707733868,336,3,3,338
256,0.12323766022618493,337,3,3,339
256,0.12361802337503118,338,3,3,340
256,0.12399838652387743,339,3,3,341
256,0.12437874967272368,340,3,3,342
256,0.12475911282156993,341,3,3,343
256,0.12513947597041619,342,3,3,344
256,0.12551983911926243,343,3,3,345
256,0.12590020226810866,344,3,3,346
256,0.12628056541695493,345,3,3,347
256,0.12666092856580119,346,3,3,348
256,0.12704129171464743,347,3,3,349
256,0.12742165486349366,348,3,3,350
256,0.12780201801233992,349,3,3,351
256,0.12818238116118619,350,3,3,352
256,0.12856274431003242,351,3,3,353
256,0.12894310745887866,352,3,3,354
256,0.12932347060772492,353,3,3,355
256,0.12970383375657119,354,3,3,356
256,0.13008419690541742,355,3,3,357
256,0.13046456005426366,356,3,3,358
256,0.13084492320310992,357,3,3,359
256,0.13122528635195618,358,3,3,360
256,0.13160564950080242,359,3,3,361
256,0.13198601264964865,360,3,3,362
256,0.13236637579849492,361,3,3,363
256,0.13274673894734118,362,3,3,364
256,0.13312710209618742,363,3,3,365
256,0.13350746524503365,364,3,3,366
256,0.13388782839387992,365,3,3,367
256,0.13426819154272618,366,3,3,368
256,0.13464855469157241,367,3,3,369
256,0.13502891784041865,368,3,3,370
256,0.13540928098926491,369,3,3,371
256,0.13578964413811118,370,3,3,372
256,0.13617000728695741,371,3,3,373
256,0.13655037043580365,372,3,3,374
256,0.13693073358464991,373,3,3,375
256,0.13731109673349617,374,3,3,376
256,0.13769145988234241,375,3,3,377
256,0.13807182303118865,376,3,3,378
256,0.13845218618003491,377,3,3,379
256,0.13883254932888117,378,3,3,380
256,0.13921291247772741,379,3,3,381
256,0.13959327562657364,380,3,3,382
256,0.13997363877541991,381,3,3,383
256,0.14035400192426617,382,3,3,384
256,0.14073436507311241,383,3,3,385
256,0.14111472822195864,384,3,3,386
256,0.1414950913708049,385,3,3,387
256,0.14187545451965117,386,3,3,388
256,0.1422558176684974,387,3,3,389
256,0.14263618081734364,388,3,3,390
256,0.1430165439661899,389,3,3,391
256,0.14339690711503617,390,3,3,392
256,0.1437772702638824,391,3,3,393
256,0.14415763341272864,392,3,3,394
256,0.1445379965615749,393,3,3,395
256,0.14491835971042116,394,3,3,396
256,0.1452987228592674,395,3,3,397
256,0.14567908600811363,396,3,3,398
256,0.1460594491569599,397,3,3,399
256,0.14643981230580616,398,3,3,400
256,0.1468201754546524,399,3,3,401
256,0.14720053860349863,400,3,3,402
256,0.1475809017523449,401,3,3,403
256,0.14796126490119116,402,3,3,404
256,0.14834162805003739,403,3,3,405
256,0.14872199119888363,404,3,3,406
256,0.14910235434772989,405,3,3,407
256,0.14948271749657616,406,3,3,408
256,0.14986308064542239,407,3,3,409
256,0.15024344379426863,408,3,3,410
256,0.15062380694311489,409,3,3,411
256,0.15100417009196115,410,3,3,412
256,0.15138453324080739,411,3,3,413
256,0.15176489638965363,412,3,3,414
256,0.15214525953849989,413,3,3,415
256,0.15252562268734615,414,3,3,416
256,0.15290598583619239,415,3,3,417
256,0.15328634898503862,416,3,3,418
256,0.15366671213388489,417,3,3,419
256,0.15404707528273115,418,3,3,420
256,0.15442743843157739,419,3,3,421
256,0.15480780158042362,420,3,3,422
256,0.15518816472926988,421,3,3,423
256,0.15556852787811615,422,3,3,424
256,0.15594889102696238,423,3,3,425
256,0.15632925417580862,424,3,3,426
256,0.15670961732465488,425,3,3,427
256,0.15708998047350115,426,3,3,428
256,0.15747034362234738,427,3,3,429
256,0.15785070677119362,428,3,3,430
256,0.15823106992003988,429,3,3,431
256,0.15861143306888614,430,3,3,432
256,0.15899179621773238,431,3,3,433
256,0.15937215936657861,432,3,3,434
256,0.15975252251542488,433,3,3,435
256,0.16013288566427114,434,3,3,436
256,0.16051324881311738,435,3,3,437
256,0.16089361196196361,436,3,3,438
256,0.16127397511080988,437,3,3,439
256,0.16165433825965614,438,3,3,440
256,0.16203470140850237,439,3,3,441
256,0.16241506455734861,440,3,3,442
256,0.16279542770619487,441,3,3,443
256,0.16317579085504114,442,3,3,444
256,0.16355615400388737,443,3,3,445
256,0.16393651715273361,444,3,3,446
256,0.16431688030157987,445,3,3,447
256,0.16469724345042613,446,3,3,448
256,0.16507760659927237,447,3,3,449
256,0.16545796974811861,448,3,3,450
256,0.16583833289696487,449,3,3,451
256,0.16621869604581113,450,3,3,452
256,0.16659905919465737,451,3,3,453
256,0.1669794223435036,452,3,3,454
256,0.16735978549234987,453,3,3,455
256,0.16774014864119613,454,3,3,456
256,0.16812051179004237,455,3,3,457
256,0.1685008749388886,456,3,3,458
256,0.16888123808773486,457,3,3,459
256,0.16926160123658113,458,3,3,460
256,0.16964196438542736,459,3,3,461
256,0.1700223275342736,460,3,3,462
256,0.17040269068311986,461,3,3,463
256,0.17078305383196613,462,3,3,464
256,0.17116341698081236,463,3,3,465
256,0.1715437801296586,464,3,3,466
256,0.17192414327850486,465,3,3,467
256,0.17230450642735112,466,3,3,468
256,0.17268486957619736,467,3,3,469
256,0.17306523272504359,468,3,3,470
256,0.17344559587388986,469,3,3,471
256,0.17382595902273612,470,3,3,472
256,0.17420632217158236,471,3,3,473
256,0.17458668532042859,472,3,3,474
256,0.17496704846927486,473,3,3,475
256,0.17534741161812112,474,3,3,476
256,0.17572777476696735,475,3,3,477
256,0.17610813791581359,476,3,3,478
256,0.17648850106465985,477,3,3,479
256,0.17686886421350612,478,3,3,480
256,0.17724922736235235,479,3,3,481
256,0.17762959051119859,480,3,3,482
256,0.17800995366004485,481,3,3,483
256,0.17839031680889111,482,3,3,484
256,0.17877067995773735,483,3,3,485
256,0.17915104310658359,484,3,3,486
256,0.17953140625542985,485,3,3,487
256,0.17991176940427611,486,3,3,488
256,0.18029213255312235,487,3,3,489
256,0.18067249570196858,488,3,3,490
256,0.18105285885081485,489,3,3,491
256,0.18143322199966111,490,3,3,492
256,0.18181358514850735,491,3,3,493
256,0.18219394829735358,492,3,3,494
256,0.18257431144619984,493,3,3,495
256,0.18295467459504611,494,3,3,496
256,0.18333503774389234,495,3,3,497
256,0.18371540089273858,496,3,3,498
256,0.18409576404158484,497,3,3,499
256,0.18447612719043111,498,3,3,500
256,0.18485649033927734,499,3,3,501
256,0.18523685348812358,500,3,3,502
256,0.18561721663696984,501,3,3,503
256,0.1859975797858161,502,3,3,504
256,0.18637794293466234,503,3,3,505
256,0.18675830608350857,504,3,3,506
256,0.18713866923235484,505,3,3,507
256,0.1875190323812011,506,3,3,508
256,0.18789939553004734,507,3,3,509
256,0.18827975867889357,508,3,3,510
256,0.18866012182773984,509,3,3,511
256,0.1890404849765861,510,3,3,512
256,0.18942084812543233,511,3,3,513
256,0.18980121127427857,512,3,3,514
256,0.19018157442312483,513,3,3,515
256,0.1905619375719711,514,3,3,516
256,0.19094230072081733,515,3,3,517
256,0.19132266386966357,516,3,3,518
256,0.19170302701850983,517,3,3,519
256,0.19208339016735609,518,3,3,520
256,0.19246375331620233,519,3,3,521
256,0.19284411646504857,520,3,3,522
256,0.19322447961389483,521,3,3,523
256,0.19360484276274109,522,3,3,524
256,0.19398520591158733,523,3,3,525
256,0.19436556906043356,524,3,3,526
256,0.19474593220927983,525,3,3,527
256,0.19512629535812609,526,3,3,528
256,0.19550665850697233,527,3,3,529
256,0.19588702165581856,528,3,3,530
256,0.19626738480466482,529,3,3,531
256,0.19664774795351109,530,3,3,532
256,0.19702811110235732,531,3,3,533
256,0.19740847425120356,532,3,3,534
256,0.19778883740004982,533,3,3,535
256,0.19816920054889609,534,3,3,536
256,0.19854956369774232,535,3,3,537
256,0.19892992684658856,536,3,3,538
256,0.19931028999543482,537,3,3,539
256,0.19969065314428108,538,3,3,540
256,0.20007101629312732,539,3,3,541
256,0.20045137944197355,540,3,3,542
256,0.20083174259081982,541,3,3,543
256,0.20121210573966608,542,3,3,544
256,0.20159246888851232,543,3,3,545
256,0.20197283203735855,544,3,3,546
256,0.20235319518620482,545,3,3,547
256,0.20273355833505108,546,3,3,548
256,0.20311392148389731,547,3,3,549
256,0.20349428463274355,548,3,3,550
256,0.20387464778158981,549,3,3,551
256,0.20425501093043608,550,3,3,552
256,0.20463537407928231,551,3,3,553
256,0.20501573722812855,552,3,3,554
256,0.20539610037697481,553,3,3,555
256,0.20577646352582107,554,3,3,556
256,0.20615682667466731,555,3,3,557
256,0.20653718982351355,556,3,3,558
256,0.20691755297235981,557,3,3,559
256,0.20729791612120607,558,3,3,560
256,0.20767827927005231,559,3,3,561
256,0.20805864241889854,560,3,3,562
256,0.20843900556774481,561,3,3,563
256,0.20881936871659107,562,3,3,564
256,0.20919973186543731,563,3,3,565
256,0.20958009501428354,564,3,3,566
256,0.2099604581631298,565,3,3,567
256,0.21034082131197607,566,3,3,568
256,0.2107211844608223,567,3,3,569
256,0.21110154760966854,568,3,3,570
256,0.2114819107585148,569,3,3,571
256,0.21186227390736107,570,3,3,572
256,0.2122426370562073,571,3,3,573
256,0.21262300020505354,572,3,3,574
256,0.2130033633538998,573,3,3,575
256,0.21338372650274606,574,3,3,576
256,0.2137640896515923,575,3,3,577
256,0.21414445280043853,576,3,3,578
256,0.2145248159492848,577,3,3,579
256,0.21490517909813106,578,3,3,580
256,0.2152855422469773,579,3,3,581
256,0.21566590539582353,580,3,3,582
256,0.2160462685446698,581,3,3,583
256,0.21642663169351606,582,3,3,584
256,0.21680699484236229,583,3,3,585
256,0.21718735799120853,584,3,3,586
256,0.21756772114005479,585,3,3,587
256,0.21794808428890106,586,3,3,588
256,0.21832844743774729,587,3,3,589
256,0.21870881058659353,588,3,3,590
256,0.21908917373543979,589,3,3,591
256,0.21946953688428605,590,3,3,592
256,0.21984990003313229,591,3,3,593
256,0.22023026318197853,592,3,3,594
256,0.22061062633082479,593,3,3,595
256,0.22099098947967105,594,3,3,596
256,0.22137135262851729,595,3,3,597
256,0.22175171577736352,596,3,3,598
256,0.22213207892620979,597,3,3,599
256,0.22251244207505605,598,3,3,600
256,0.22289280522390229,599,3,3,601
256,0.22327316837274852,600,3,3,602
256,0.22365353152159478,601,3,3,603
256,0.22403389467044105,602,3,3,604
256,0.22441425781928728,603,3,3,605
256,0.22479462096813352,604,3,3,606
256,0.22517498411697978,605,3,3,607
256,0.22555534726582604,606,3,3,608
256,0.22593571041467228,607,3,3,609
256,0.22631607356351852,608,3,3,610
256,0.22669643671236478,609,3,3,611
256,0.22707679986121104,610,3,3,612
256,0.22745716301005728,611,3,3,613
256,0.22783752615890351,612,3,3,614
256,0.22821788930774978,613,3,3,615
256,0.22859825245659604,614,3,3,616
256,0.22897861560544228,615,3,3,617
256,0.22935897875428851,616,3,3,618
256,0.22973934190313477,617,3,3,619
256,0.23011970505198104,618,3,3,620
256,0.23050006820082727,619,3,3,621
256,0.23088043134967351,620,3,3,622
256,0.23126079449851977,621,3,3,623
256,0.23164115764736604,622,3,3,624
256,0.23202152079621227,623,3,3,625
256,0.23240188394505851,624,3,3,626
256,0.23278224709390477,625,3,3,627
256,0.23316261024275103,626,3,3,628
256,0.23354297339159727,627,3,3,629
256,0.2339233365404435,628,3,3,630
256,0.23430369968928977,629,3,3,631
256,0.23468406283813603,630,3,3,632
256,0.23506442598698227,631,3,3,633
256,0.2354447891358285,632,3,3,634
256,0.23582515228467477,633,3,3,635
256,0.23620551543352103,634,3,3,636
256,0.23658587858236726,635,3,3,637
256,0.2369662417312135,636,3,3,638
256,0.23734660488005976,637,3,3,639
256,0.23772696802890603,638,3,3,640
256,0.23810733117775226,639,3,3,641
256,0.2384876943265985,640,3,3,642
256,0.23886805747544476,641,3,3,643
256,0.23924842062429102,642,3,3,644
256,0.23962878377313726,643,3,3,645
256,0.2400091469219835,644,3,3,646
256,0.24038951007082976,645,3,3,647
256,0.24076987321967602,646,3,3,648
256,0.24115023636852226,647,3,3,649
256,0.24153059951736849,648,3,3,650
256,0.24191096266621476,649,3,3,651
256,0.24229132581506102,650,3,3,652
256,0.24267168896390726,651,3,3,653
256,0.24305205211275349,652,3,3,654
256,0.24343241526159975,653,3,3,655
256,0.24381277841044602,654,3,3,656
256,0.24419314155929225,655,3,3,657
256,0.24457350470813849,656,3,3,658
256,0.24495386785698475,657,3,3,659
256,0.24533423100583102,658,3,3,660
256,0.24571459415467725,659,3,3,661
256,0.24609495730352349,660,3,3,662
256,0.24647532045236975,661,3,3,663
256,0.24685568360121601,662,3,3,664
256,0.24723604675006225,663,3,3,665
256,0.24761640989890848,664,3,3,666
256,0.24799677304775475,665,3,3,667
256,0.24837713619660101,666,3,3,668
256,0.24875749934544725,667,3,3,669
256,0.24913786249429348,668,3,3,670
256,0.24951822564313975,669,3,3,671
256,0.24989858879198601,670,3,3,672
256,0.25027895194083227,671,3,3,673
256,0.25065931508967854,672,3,3,674
256,0.2510396782385248,673,3,3,675
256,0.25142004138737106,674,3,3,676
256,0.25180040453621727,675,3,3,677
256,0.25218076768506348,676,3,3,678
256,0.25256113083390974,677,3,3,679
256,0.252941493982756,678,3,3,680
256,0.25332185713160227,679,3,3,681
256,0.25370222028044853,680,3,3,682
256,0.25408258342929479,681,3,3,683
256,0.25446294657814106,682,3,3,684
256,0.25484330972698727,683,3,3,685
256,0.25522367287583347,684,3,3,686
256,0.25560403602467974,685,3,3,687
256,0.255984399173526,686,3,3,688
256,0.25636476232237226,687,3,3,689
256,0.25674512547121853,688,3,3,690
256,0.25712548862006479,689,3,3,691
256,0.25750585176891105,690,3,3,692
256,0.25788621491775726,691,3,3,693
256,0.25826657806660347,692,3,3,694
256,0.25864694121544973,693,3,3,695
256,0.259027304364296,694,3,3,696
256,0.25940766751314226,695,3,3,697
256,0.25978803066198852,696,3,3,698
256,0.26016839381083479,697,3,3,699
256,0.26054875695968105,698,3,3,700
256,0.26092912010852726,699,3,3,701
256,0.26130948325737346,700,3,3,702
256,0.26168984640621973,701,3,3,703
256,0.26207020955506599,702,3,3,704
256,0.26245057270391225,703,3,3,705
256,0.26283093585275852,704,3,3,706
256,0.26321129900160478,705,3,3,707
256,0.26359166215045104,706,3,3,708
256,0.26397202529929725,707,3,3,709
256,0.26435238844814346,708,3,3,710
256,0.26473275159698972,709,3,3,711
256,0.26511311474583599,710,3,3,712
256,0.26549347789468225,711,3,3,713
256,0.26587384104352851,712,3,3,714
256,0.26625420419237478,713,3,3,715
256,0.26663456734122104,714,3,3,716
256,0.26701493049006725,715,3,3,717
256,0.26739529363891346,716,3,3,718
256,0.26777565678775972,717,3,3,719
256,0.26815601993660598,718,3,3,720
256,0.26853638308545225,719,3,3,721
256,0.26891674623429851,720,3,3,722
256,0.26929710938314477,721,3,3,723
256,0.26967747253199104,722,3,3,724
256,0.27005783568083724,723,3,3,725
256,0.27043819882968345,724,3,3,726
256,0.27081856197852971,725,3,3,727
256,0.27119892512737598,726,3,3,728
256,0.27157928827622224,727,3,3,729
256,0.2719596514250685,728,3,3,730
256,0.27234001457391477,729,3,3,731
256,0.27272037772276103,730,3,3,732
256,0.27310074087160724,731,3,3,733
256,0.27348110402045345,732,3,3,734
256,0.27386146716929971,733,3,3,735
256,0.27424183031814597,734,3,3,736
256,0.27462219346699224,735,3,3,737
256,0.2750025566158385,736,3,3,738
256,0.27538291976468476,737,3,3,739
256,0.27576328291353103,738,3,3,740
256,0.27614364606237723,739,3,3,741
256,0.27652400921122344,740,3,3,742
256,0.27690437236006971,741,3,3,743
256,0.27728473550891597,742,3,3,744
256,0.27766509865776223,743,3,3,745
256,0.2780454618066085,744,3,3,746
256,0.27842582495545476,745,3,3,747
256,0.27880618810430102,746,3,3,748
256,0.27918655125314723,747,3,3,749
256,0.27956691440199344,748,3,3,750
256,0.2799472775508397,749,3,3,751
256,0.28032764069968596,750,3,3,752
256,0.28070800384853223,751,3,3,753
256,0.28108836699737849,752,3,3,754
256,0.28146873014622475,753,3,3,755
256,0.28184909329507102,754,3,3,756
256,0.28222945644391723,755,3,3,757
256,0.28260981959276343,756,3,3,758
256,0.2829901827416097,757,3,3,759
256,0.28337054589045596,758,3,3,760
256,0.28375090903930222,759,3,3,761
256,0.28413127218814849,760,3,3,762
256,0.28451163533699475,761,3,3,763
256,0.28489199848584101,762,3,3,764
256,0.28527236163468722,763,3,3,765
256,0.28565272478353343,764,3,3,766
256,0.28603308793237969,765,3,3,767
256,0.28641345108122596,766,3,3,768
256,0.28679381423007222,767,3,3,769
256,0.28717417737891848,768,3,3,770
256,0.28755454052776475,769,3,3,771
256,0.28793490367661101,770,3,3,772
256,0.28831526682545722,771,3,3,773
256,0.28869562997430342,772,3,3,774
256,0.28907599312314969,773,3,3,775
256,0.28945635627199595,774,3,3,776
256,0.28983671942084221,775,3,3,777
256,0.29021708256968848,776,3,3,778
256,0.29059744571853474,777,3,3,779
256,0.290977808867381,778,3,3,780
256,0.29135817201622721,779,3,3,781
256,0.29173853516507342,780,3,3,782
256,0.29211889831391968,781,3,3,783
256,0.29249926146276595,782,3,3,784
256,0.29287962461161221,783,3,3,785
256,0.29325998776045847,784,3,3,786
256,0.29364035090930474,785,3,3,787
256,0.294020714058151,786,3,3,788
256,0.29440107720699721,787,3,3,789
256,0.29478144035584342,788,3,3,790
256,0.29516180350468968,789,3,3,791
256,0.29554216665353594,790,3,3,792
256,0.29592252980238221,791,3,3,793
256,0.29630289295122847,792,3,3,794
256,0.29668325610007473,793,3,3,795
256,0.297063619248921,794,3,3,796
256,0.2974439823977672,795,3,3,797
256,0.29782434554661341,796,3,3,798
256,0.29820470869545967,797,3,3,799
256,0.29858507184430594,798,3,3,800
256,0.2989654349931522,799,3,3,801
256,0.29934579814199846,800,3,3,802
256,0.29972616129084473,801,3,3,803
256,0.30010652443969099,802,3,3,804
256,0.3004868875885372,803,3,3,805
256,0.30086725073738341,804,3,3,806
256,0.30124761388622967,805,3,3,807
256,0.30162797703507593,806,3,3,808
256,0.3020083401839222,807,3,3,809
256,0.30238870333276846,808,3,3,810
256,0.30276906648161472,809,3,3,811
256,0.30314942963046099,810,3,3,812
256,0.30352979277930719,811,3,3,813
256,0.3039101559281534,812,3,3,814
256,0.30429051907699967,813,3,3,815
256,0.30467088222584593,814,3,3,816
256,0.30505124537469219,815,3,3,817
256,0.30543160852353846,816,3,3,818
256,0.30581197167238472,817,3,3,819
256,0.30619233482123098,818,3,3,820
256,0.30657269797007719,819,3,3,821
256,0.3069530611189234,820,3,3,822
256,0.30733342426776966,821,3,3,823
256,0.30771378741661592,822,3,3,824
256,0.30809415056546219,823,3,3,825
256,0.30847451371430845,824,3,3,826
256,0.30885487686315471,825,3,3,827
256,0.30923524001200098,826,3,3,828
256,0.30961560316084719,827,3,3,829
256,0.30999596630969339,828,3,3,830
256,0.31037632945853966,829,3,3,831
256,0.31075669260738592,830,3,3,832
256,0.31113705575623218,831,3,3,833
256,0.31151741890507845,832,3,3,834
256,0.31189778205392471,833,3,3,835
256,0.31227814520277097,834,3,3,836
256,0.31265850835161718,835,3,3,837
256,0.31303887150046339,836,3,3,838
256,0.31341923464930965,837,3,3,839
256,0.31379959779815592,838,3,3,840
256,0.31417996094700218,839,3,3,841
256,0.31456032409584844,840,3,3,842
256,0.31494068724469471,841,3,3,843
256,0.31532105039354097,842,3,3,844
256,0.31570141354238718,843,3,3,845
256,0.31608177669123338,844,3,3,846
256,0.31646213984007965,845,3,3,847
256,0.31684250298892591,846,3,3,848
256,0.31722286613777217,847,3,3,849
256,0.31760322928661844,848,3,3,850
256,0.3179835924354647,849,3,3,851
256,0.31836395558431096,850,3,3,852
256,0.31874431873315717,851,3,3,853
256,0.31912468188200338,852,3,3,854
256,0.31950504503084964,853,3,3,855
256,0.31988540817969591,854,3,3,856
256,0.32026577132854217,855,3,3,857
256,0.32064613447738843,856,3,3,858
256,0.3210264976262347,857,3,3,859
256,0.32140686077508096,858,3,3,860
256,0.32178722392392717,859,3,3,861
256,0.32216758707277338,860,3,3,862
256,0.32254795022161964,861,3,3,863
256,0.3229283133704659,862,3,3,864
256,0.32330867651931217,863,3,3,865
256,0.32368903966815843,864,3,3,866
256,0.32406940281700469,865,3,3,867
256,0.32444976596585096,866,3,3,868
256,0.32483012911469716,867,3,3,869
256,0.32521049226354337,868,3,3,870
256,0.32559085541238963,869,3,3,871
256,0.3259712185612359,870,3,3,872
256,0.32635158171008216,871,3,3,873
256,0.32673194485892842,872,3,3,874
256,0.32711230800777469,873,3,3,875
256,0.32749267115662095,874,3,3,876
256,0.32787303430546716,875,3,3,877
256,0.32825339745431337,876,3,3,878
256,0.32863376060315963,877,3,3,879
256,0.32901412375200589,878,3,3,880
256,0.32939448690085216,879,3,3,881
256,0.32977485004969842,880,3,3,882
256,0.33015521319854468,881,3,3,883
256,0.33053557634739095,882,3,3,884
256,0.33091593949623715,883,3,3,885
256,0.33129630264508336,884,3,3,886
256,0.33167666579392963,885,3,3,887
256,0.33205702894277589,886,3,3,888
256,0.33243739209162215,887,3,3,889
256,0.33281775524046842,888,3,3,890
256,0.33319811838931468,889,3,3,891
256,0.33357848153816094,890,3,3,892
256,0.33395884468700715,891,3,3,893
256,0.33433920783585336,892,3,3,894
256,0.33471957098469962,893,3,3,895
256,0.33509993413354588,894,3,3,896
256,0.33548029728239215,895,3,3,897
256,0.33586066043123841,896,3,3,898
256,0.33624102358008467,897,3,3,899
256,0.33662138672893094,898,3,3,900
256,0.33700174987777715,899,3,3,901
256,0.33738211302662335,900,3,3,902
256,0.33776247617546962,901,3,3,903
256,0.33814283932431588,902,3,3,904
256,0.33852320247316214,903,3,3,905
256,0.33890356562200841,904,3,3,906
256,0.33928392877085467,905,3,3,907
256,0.33966429191970093,906,3,3,908
256,0.34004465506854714,907,3,3,909
256,0.34042501821739335,908,3,3,910
256,0.34080538136623961,909,3,3,911
256,0.34118574451508588,910,3,3,912
256,0.34156610766393214,911,3,3,913
256,0.3419464708127784,912,3,3,914
256,0.34232683396162467,913,3,3,915
256,0.34270719711047093,914,3,3,916
256,0.34308756025931714,915,3,3,917
256,0.34346792340816334,916,3,3,918
256,0.34384828655700961,917,3,3,919
256,0.34422864970585587,918,3,3,920
256,0.34460901285470213,919,3,3,921
256,0.3449893760035484,920,3,3,922
256,0.34536973915239466,921,3,3,923
256,0.34575010230124092,922,3,3,924
256,0.34613046545008713,923,3,3,925
256,0.34651082859893334,924,3,3,926
256,0.3468911917477796,925,3,3,927
256,0.34727155489662587,926,3,3,928
256,0.34765191804547213,927,3,3,929
256,0.34803228119431839,928,3,3,930
256,0.34841264434316466,929,3,3,931
256,0.34879300749201092,930,3,3,932
256,0.34917337064085713,931,3,3,933
256,0.34955373378970334,932,3,3,934
256,0.3499340969385496,933,3,3,935
256,0.35031446008739586,934,3,3,936
256,0.35069482323624213,935,3,3,937
256,0.35107518638508839,936,3,3,938
256,0.35145554953393465,937,3,3,939
256,0.35183591268278092,938,3,3,940
256,0.35221627583162712,939,3,3,941
256,0.35259663898047333,940,3,3,942
256,0.35297700212931959,941,3,3,943
256,0.35335736527816586,942,3,3,944
256,0.35373772842701212,943,3,3,945
256,0.35411809157585838,944,3,3,946
256,0.35449845472470465,945,3,3,947
256,0.35487881787355091,946,3,3,948
256,0.35525918102239712,947,3,3,949
256,0.35563954417124333,948,3,3,950
256,0.35601990732008959,949,3,3,951
256,0.35640027046893585,950,3,3,952
256,0.35678063361778212,951,3,3,953
256,0.35716099676662838,952,3,3,954
256,0.35754135991547464,953,3,3,955
256,0.35792172306432091,954,3,3,956
256,0.35830208621316711,955,3,3,957
256,0.35868244936201332,956,3,3,958
256,0.35906281251085959,957,3,3,959
256,0.35944317565970585,958,3,3,960
256,0.35982353880855211,959,3,3,961
256,0.36020390195739838,960,3,3,962
256,0.36058426510624464,961,3,3,963
256,0.3609646282550909,962,3,3,964
256,0.36134499140393711,963,3,3,965
256,0.36172535455278332,964,3,3,966
256,0.36210571770162958,965,3,3,967
256,0.36248608085047584,966,3,3,968
256,0.36286644399932211,967,3,3,969
256,0.36324680714816837,968,3,3,970
256,0.36362717029701463,969,3,3,971
256,0.3640075334458609,970,3,3,972
256,0.36438789659470711,971,3,3,973
256,0.36476825974355331,972,3,3,974
256,0.36514862289239958,973,3,3,975
256,0.36552898604124584,974,3,3,976
256,0.3659093491900921,975,3,3,977
256,0.36628971233893837,976,3,3,978
256,0.36667007548778463,977,3,3,979
256,0.36705043863663089,978,3,3,980
256,0.3674308017854771,979,3,3,981
256,0.36781116493432331,980,3,3,982
256,0.36819152808316957,981,3,3,983
256,0.36857189123201584,982,3,3,984
256,0.3689522543808621,983,3,3,985
256,0.36933261752970836,984,3,3,986
256,0.36971298067855463,985,3,3,987
256,0.37009334382740089,986,3,3,988
256,0.3704737069762471,987,3,3,989
256,0.3708540701250933,988,3,3,990
256,0.37123443327393957,989,3,3,991
256,0.37161479642278583,990,3,3,992
256,0.37199515957163209,991,3,3,993
256,0.37237552272047836,992,3,3,994
256,0.37275588586932462,993,3,3,995
256,0.37313624901817088,994,3,3,996
256,0.37351661216701709,995,3,3,997
256,0.3738969753158633,996,3,3,998
256,0.37427733846470956,997,3,3,999
256,0.37465770161355583,998,3,3,1000
256,0.37503806476240209,999,3,3,1001
256,0.37541842791124835,1000,3,3,1002
256,0.37579879106009462,1001,3,3,1003
256,0.37617915420894088,1002,3,3,1004
256,0.37655951735778709,1003,3,3,1005
256,0.3769398805066333,1004,3,3,1006
256,0.37732024365547956,1005,3,3,1007
256,0.37770060680432582,1006,3,3,1008
256,0.37808096995317209,1007,3,3,1009
256,0.37846133310201835,1008,3,3,1010
256,0.37884169625086461,1009,3,3,1011
256,0.37922205939971088,1010,3,3,1012
256,0.37960242254855708,1011,3,3,1013
256,0.37998278569740329,1012,3,3,1014
256,0.38036314884624955,1013,3,3,1015
256,0.38074351199509582,1014,3,3,1016
256,0.38112387514394208,1015,3,3,1017
256,0.38150423829278834,1016,3,3,1018
256,0.38188460144163461,1017,3,3,1019
256,0.38226496459048087,1018,3,3,1020
256,0.38264532773932708,1019,3,3,1021
256,0.38302569088817329,1020,3,3,1022
256,0.38340605403701955,1021,3,3,1023
256,0.38378641718586581,1022,3,3,1024
256,0.38416678033471208,1023,3,3,1025
256,0.38454714348355834,1024,3,3,1026
256,0.3849275066324046,1025,3,3,1027
256,0.38530786978125087,1026,3,3,1028
256,0.38568823293009707,1027,3,3,1029
256,0.38606859607894328,1028,3,3,1030
256,0.38644895922778955,1029,3,3,1031
256,0.38682932237663581,1030,3,3,1032
256,0.38720968552548207,1031,3,3,1033
256,0.38759004867432834,1032,3,3,1034
256,0.3879704118231746,1033,3,3,1035
256,0.38835077497202086,1034,3,3,1036
256,0.38873113812086707,1035,3,3,1037
256,0.38911150126971328,1036,3,3,1038
256,0.38949186441855954,1037,3,3,1039
256,0.3898722275674058,1038,3,3,1040
256,0.39025259071625207,1039,3,3,1041
256,0.39063295386509833,1040,3,3,1042
256,0.39101331701394459,1041,3,3,1043
256,0.39139368016279086,1042,3,3,1044
256,0.39177404331163707,1043,3,3,1045
256,0.39215440646048327,1044,3,3,1046
256,0.39253476960932954,1045,3,3,1047
256,0.3929151327581758,1046,3,3,1048
256,0.39329549590702206,1047,3,3,1049
256,0.39367585905586833,1048,3,3,1050
256,0.39405622220471459,1049,3,3,1051
256,0.39443658535356085,1050,3,3,1052
256,0.39481694850240706,1051,3,3,1053
256,0.39519731165125327,1052,3,3,1054
256,0.39557767480009953,1053,3,3,1055
256,0.3959580379489458,1054,3,3,1056
256,0.39633840109779206,1055,3,3,1057
256,0.39671876424663832,1056,3,3,1058
256,0.39709912739548459,1057,3,3,1059
256,0.39747949054433085,1058,3,3,1060
256,0.39785985369317706,1059,3,3,1061
256,0.39824021684202326,1060,3,3,1062
256,0.39862057999086953,1061,3,3,1063
256,0.39900094313971579,1062,3,3,1064
256,0.39938130628856205,1063,3,3,1065
256,0.39976166943740832,1064,3,3,1066
256,0.40014203258625458,1065,3,3,1067
256,0.40052239573510084,1066,3,3,1068
256,0.40090275888394705,1067,3,3,1069
256,0.40128312203279326,1068,3,3,1070
256,0.40166348518163952,1069,3,3,1071
256,0.40204384833048579,1070,3,3,1072
256,0.40242421147933205,1071,3,3,1073
256,0.40280457462817831,1072,3,3,1074
256,0.40318493777702458,1073,3,3,1075
256,0.40356530092587084,1074,3,3,1076
256,0.40394566407471705,1075,3,3,1077
256,0.40432602722356326,1076,3,3,1078
256,0.40470639037240952,1077,3,3,1079
256,0.40508675352125578,1078,3,3,1080
256,0.40546711667010205,1079,3,3,1081
256,0.40584747981894831,1080,3,3,1082
256,0.40622784296779457,1081,3,3,1083
256,0.40660820611664084,1082,3,3,1084
256,0.40698856926548704,1083,3,3,1085
256,0.40736893241433325,1084,3,3,1086
256,0.40774929556317951,1085,3,3,1087
256,0.40812965871202578,1086,3,3,1088
256,0.40851002186087204,1087,3,3,1089
256,0.4088903850097183,1088,3,3,1090
256,0.40927074815856457,1089,3,3,1091
256,0.40965111130741083,1090,3,3,1092
256,0.41003147445625704,1091,3,3,1093
256,0.41041183760510325,1092,3,3,1094
256,0.41079220075394951,1093,3,3,1095
256,0.41117256390279577,1094,3,3,1096
256,0.41155292705164204,1095,3,3,1097
256,0.4119332902004883,1096,3,3,1098
256,0.41231365334933456,1097,3,3,1099
256,0.41269401649818083,1098,3,3,1100
256,0.41307437964702703,1099,3,3,1101
256,0.41345474279587324,1100,3,3,1102
256,0.41383510594471951,1101,3,3,1103
256,0.41421546909356577,1102,3,3,1104
256,0.41459583224241203,1103,3,3,1105
256,0.4149761953912583,1104,3,3,1106
256,0.41535655854010456,1105,3,3,1107
256,0.41573692168895082,1106,3,3,1108
256,0.41611728483779703,1107,3,3,1109
256,0.41649764798664324,1108,3,3,1110
256,0.4168780111354895,1109,3,3,1111
256,0.41725837428433576,1110,3,3,1112
256,0.41763873743318203,1111,3,3,1113
256,0.41801910058202829,1112,3,3,1114
256,0.41839946373087455,1113,3,3,1115
256,0.41877982687972082,1114,3,3,1116
256,0.41916019002856703,1115,3,3,1117
256,0.41954055317741323,1116,3,3,1118
256,0.4199209163262595,1117,3,3,1119
256,0.42030127947510576,1118,3,3,1120
256,0.42068164262395202,1119,3,3,1121
256,0.42106200577279829,1120,3,3,1122
256,0.42144236892164455,1121,3,3,1123
256,0.42182273207049081,1122,3,3,1124
256,0.42220309521933702,1123,3,3,1125
256,0.42258345836818323,1124,3,3,1126
256,0.42296382151702949,1125,3,3,1127
256,0.42334418466587576,1126,3,3,1128
256,0.42372454781472202,1127,3,3,1129
256,0.42410491096356828,1128,3,3,1130
256,0.42448527411241455,1129,3,3,1131
256,0.42486563726126081,1130,3,3,1132
256,0.42524600041010702,1131,3,3,1133
256,0.42562636355895322,1132,3,3,1134
256,0.42600672670779949,1133,3,3,1135
256,0.42638708985664575,1134,3,3,1136
256,0.42676745300549201,1135,3,3,1137
256,0.42714781615433828,1136,3,3,1138
256,0.42752817930318454,1137,3,3,1139
256,0.4279085424520308,1138,3,3,1140
256,0.42828890560087701,1139,3,3,1141
256,0.42866926874972322,1140,3,3,1142
256,0.42904963189856948,1141,3,3,1143
256,0.42942999504741575,1142,3,3,1144
256,0.42981035819626201,1143,3,3,1145
256,0.43019072134510827,1144,3,3,1146
256,0.43057108449395454,1145,3,3,1147
256,0.4309514476428008,1146,3,3,1148
256,0.43133181079164701,1147,3,3,1149
256,0.43171217394049322,1148,3,3,1150
256,0.43209253708933948,1149,3,3,1151
256,0.43247290023818574,1150,3,3,1152
256,0.43285326338703201,1151,3,3,1153
256,0.43323362653587827,1152,3,3,1154
256,0.43361398968472453,1153,3,3,1155
256,0.4339943528335708,1154,3,3,1156
256,0.434374715982417,1155,3,3,1157
256,0.43475507913126321,1156,3,3,1158
256,0.43513544228010947,1157,3,3,1159
256,0.43551580542895574,1158,3,3,1160
256,0.435896168577802,1159,3,3,1161
256,0.43627653172664826,1160,3,3,1162
256,0.43665689487549453,1161,3,3,1163
256,0.43703725802434079,1162,3,3,1164
256,0.437417621173187,1163,3,3,1165
256,0.43779798432203321,1164,3,3,1166
256,0.43817834747087947,1165,3,3,1167
256,0.43855871061972573,1166,3,3,1168
256,0.438939073768572,1167,3,3,1169
256,0.43931943691741826,1168,3,3,1170
256,0.43969980006626452,1169,3,3,1171
256,0.44008016321511079,1170,3,3,1172
256,0.44046052636395699,1171,3,3,1173
256,0.4408408895128032,1172,3,3,1174
256,0.44122125266164947,1173,3,3,1175
256,0.44160161581049573,1174,3,3,1176
256,0.44198197895934199,1175,3,3,1177
256,0.44236234210818826,1176,3,3,1178
256,0.44274270525703452,1177,3,3,1179
256,0.44312306840588078,1178,3,3,1180
256,0.44350343155472699,1179,3,3,1181
256,0.4438837947035732,1180,3,3,1182
256,0.44426415785241946,1181,3,3,1183
256,0.44464452100126572,1182,3,3,1184
256,0.44502488415011199,1183,3,3,1185
256,0.44540524729895825,1184,3,3,1186
256,0.44578561044780451,1185,3,3,1187
256,0.44616597359665078,1186,3,3,1188
256,0.44654633674549699,1187,3,3,1189
256,0.44692669989434319,1188,3,3,1190
256,0.44730706304318946,1189,3,3,1191
256,0.44768742619203572,1190,3,3,1192
256,0.44806778934088198,1191,3,3,1193
256,0.44844815248972825,1192,3,3,1194
256,0.44882851563857451,1193,3,3,1195
256,0.44920887878742077,1194,3,3,1196
256,0.44958924193626698,1195,3,3,1197
256,0.44996960508511319,1196,3,3,1198
256,0.45034996823395945,1197,3,3,1199
256,0.45073033138280572,1198,3,3,1200
256,0.45111069453165198,1199,3,3,1201
256,0.45149105768049824,1200,3,3,1202
256,0.45187142082934451,1201,3,3,1203
256,0.45225178397819077,1202,3,3,1204
256,0.45263214712703698,1203,3,3,1205
256,0.45301251027588318,1204,3,3,1206
256,0.45339287342472945,1205,3,3,1207
256,0.45377323657357571,1206,3,3,1208
256,0.45415359972242197,1207,3,3,1209
256,0.45453396287126824,1208,3,3,1210
256,0.4549143260201145,1209,3,3,1211
256,0.45529468916896076,1210,3,3,1212
256,0.45567505231780697,1211,3,3,1213
256,0.45605541546665318,1212,3,3,1214
256,0.45643577861549944,1213,3,3,1215
256,0.45681614176434571,1214,3,3,1216
256,0.45719650491319197,1215,3,3,1217
256,0.45757686806203823,1216,3,3,1218
256,0.4579572312108845,1217,3,3,1219
256,0.45833759435973076,1218,3,3,1220
256,0.45871795750857697,1219,3,3,1221
256,0.45909832065742318,1220,3,3,1222
256,0.45947868380626944,1221,3,3,1223
256,0.4598590469551157,1222,3,3,1224
256,0.46023941010396197,1223,3,3,1225
256,0.46061977325280823,1224,3,3,1226
256,0.46100013640165449,1225,3,3,1227
256,0.46138049955050076,1226,3,3,1228
256,0.46176086269934696,1227,3,3,1229
256,0.46214122584819317,1228,3,3,1230
256,0.46252158899703943,1229,3,3,1231
256,0.4629019521458857,1230,3,3,1232
256,0.46328231529473196,1231,3,3,1233
256,0.46366267844357822,1232,3,3,1234
256,0.46404304159242449,1233,3,3,1235
256,0.46442340474127075,1234,3,3,1236
256,0.46480376789011696,1235,3,3,1237
256,0.46518413103896317,1236,3,3,1238
256,0.46556449418780943,1237,3,3,1239
256,0.46594485733665569,1238,3,3,1240
256,0.46632522048550196,1239,3,3,1241
256,0.46670558363434822,1240,3,3,1242
256,0.46708594678319448,1241,3,3,1243
256,0.46746630993204075,1242,3,3,1244
256,0.46784667308088695,1243,3,3,1245
256,0.46822703622973316,1244,3,3,1246
256,0.46860739937857943,1245,3,3,1247
256,0.46898776252742569,1246,3,3,1248
256,0.46936812567627195,1247,3,3,1249
256,0.46974848882511822,1248,3,3,1250
256,0.47012885197396448,1249,3,3,1251
256,0.47050921512281074,1250,3,3,1252
256,0.47088957827165695,1251,3,3,1253
256,0.47126994142050316,1252,3,3,1254
256,0.47165030456934942,1253,3,3,1255
256,0.47203066771819568,1254,3,3,1256
256,0.47241103086704195,1255,3,3,1257
256,0.47279139401588821,1256,3,3,1258
256,0.47317175716473447,1257,3,3,1259
256,0.47355212031358074,1258,3,3,1260
256,0.47393248346242695,1259,3,3,1261
256,0.47431284661127315,1260,3,3,1262
256,0.47469320976011942,1261,3,3,1263
256,0.47507357290896568,1262,3,3,1264
256,0.47545393605781194,1263,3,3,1265
256,0.47583429920665821,1264,3,3,1266
256,0.47621466235550447,1265,3,3,1267
256,0.47659502550435073,1266,3,3,1268
256,0.47697538865319694,1267,3,3,1269
256,0.47735575180204315,1268,3,3,1270
256,0.47773611495088941,1269,3,3,1271
256,0.47811647809973568,1270,3,3,1272
256,0.47849684124858194,1271,3,3,1273
256,0.4788772043974282,1272,3,3,1274
256,0.47925756754627447,1273,3,3,1275
256,0.47963793069512073,1274,3,3,1276
256,0.48001829384396694,1275,3,3,1277
256,0.48039865699281314,1276,3,3,1278
256,0.48077902014165941,1277,3,3,1279
256,0.48115938329050567,1278,3,3,1280
256,0.48153974643935193,1279,3,3,1281
256,0.4819201095881982,1280,3,3,1282
256,0.48230047273704446,1281,3,3,1283
256,0.48268083588589072,1282,3,3,1284
256,0.48306119903473693,1283,3,3,1285
256,0.48344156218358314,1284,3,3,1286
256,0.4838219253324294,1285,3,3,1287
256,0.48420228848127567,1286,3,3,1288
256,0.48458265163012193,1287,3,3,1289
256,0.48496301477896819,1288,3,3,1290
256,0.48534337792781446,1289,3,3,1291
256,0.48572374107666072,1290,3,3,1292
256,0.48610410422550693,1291,3,3,1293
256,0.48648446737435314,1292,3,3,1294
256,0.4868648305231994,1293,3,3,1295
256,0.48724519367204566,1294,3,3,1296
256,0.48762555682089193,1295,3,3,1297
256,0.48800591996973819,1296,3,3,1298
256,0.48838628311858445,1297,3,3,1299
256,0.48876664626743072,1298,3,3,1300
256,0.48914700941627692,1299,3,3,1301
256,0.48952737256512313,1300,3,3,1302
256,0.48990773571396939,1301,3,3,1303
256,0.49028809886281566,1302,3,3,1304
256,0.49066846201166192,1303,3,3,1305
256,0.49104882516050818,1304,3,3,1306
256,0.49142918830935445,1305,3,3,1307
256,0.49180955145820071,1306,3,3,1308
256,0.49218991460704692,1307,3,3,1309
256,0.49257027775589313,1308,3,3,1310
256,0.49295064090473939,1309,3,3,1311
256,0.49333100405358565,1310,3,3,1312
256,0.49371136720243192,1311,3,3,1313
256,0.49409173035127818,1312,3,3,1314
256,0.49447209350012444,1313,3,3,1315
256,0.49485245664897071,1314,3,3,1316
256,0.49523281979781691,1315,3,3,1317
256,0.49561318294666312,1316,3,3,1318
256,0.49599354609550939,1317,3,3,1319
256,0.49637390924435565,1318,3,3,1320
256,0.49675427239320191,1319,3,3,1321
256,0.49713463554204818,1320,3,3,1322
256,0.49751499869089444,1321,3,3,1323
256,0.4978953618397407,1322,3,3,1324
256,0.49827572498858691,1323,3,3,1325
256,0.49865608813743312,1324,3,3,1326
256,0.49903645128627938,1325,3,3,1327
256,0.49941681443512564,1326,3,3,1328
256,0.49979717758397191,1327,3,3,1329
256,0.50017754073281817,1328,3,3,1330
256,0.50055790388166443,1329,3,3,1331
256,0.5009382670305107,1330,3,3,1332
256,0.50131863017935696,1331,3,3,1333
256,0.50169899332820322,1332,3,3,1334
256,0.50207935647704938,1333,3,3,1335
256,0.50245971962589564,1334,3,3,1336
256,0.5028400827747419,1335,3,3,1337
256,0.50322044592358817,1336,3,3,1338
256,0.50360080907243443,1337,3,3,1339
256,0.50398117222128069,1338,3,3,1340
256,0.50436153537012696,1339,3,3,1341
256,0.50474189851897311,1340,3,3,1342
256,0.50512226166781937,1341,3,3,1343
256,0.50550262481666564,1342,3,3,1344
256,0.5058829879655119,1343,3,3,1345
256,0.50626335111435816,1344,3,3,1346
256,0.50664371426320443,1345,3,3,1347
256,0.50702407741205069,1346,3,3,1348
256,0.50740444056089695,1347,3,3,1349
256,0.50778480370974322,1348,3,3,1350
256,0.50816516685858937,1349,3,3,1351
256,0.50854553000743563,1350,3,3,1352
256,0.50892589315628189,1351,3,3,1353
256,0.50930625630512816,1352,3,3,1354
256,0.50968661945397442,1353,3,3,1355
256,0.51006698260282068,1354,3,3,1356
256,0.51044734575166695,1355,3,3,1357
256,0.5108277089005131,1356,3,3,1358
256,0.51120807204935936,1357,3,3,1359
256,0.51158843519820563,1358,3,3,1360
256,0.51196879834705189,1359,3,3,1361
256,0.51234916149589815,1360,3,3,1362
256,0.51272952464474442,1361,3,3,1363
256,0.51310988779359068,1362,3,3,1364
256,0.51349025094243694,1363,3,3,1365
256,0.51387061409128321,1364,3,3,1366
256,0.51425097724012936,1365,3,3,1367
256,0.51463134038897562,1366,3,3,1368
256,0.51501170353782189,1367,3,3,1369
256,0.51539206668666815,1368,3,3,1370
256,0.51577242983551441,1369,3,3,1371
256,0.51615279298436068,1370,3,3,1372
256,0.51653315613320694,1371,3,3,1373
256,0.51691351928205309,1372,3,3,1374
256,0.51729388243089935,1373,3,3,1375
256,0.51767424557974562,1374,3,3,1376
256,0.51805460872859188,1375,3,3,1377
256,0.51843497187743814,1376,3,3,1378
256,0.51881533502628441,1377,3,3,1379
256,0.51919569817513067,1378,3,3,1380
256,0.51957606132397693,1379,3,3,1381
256,0.5199564244728232,1380,3,3,1382
256,0.52033678762166935,1381,3,3,1383
256,0.52071715077051561,1382,3,3,1384
256,0.52109751391936188,1383,3,3,1385
256,0.52147787706820814,1384,3,3,1386
256,0.5218582402170544,1385,3,3,1387
256,0.52223860336590067,1386,3,3,1388
256,0.52261896651474693,1387,3,3,1389
256,0.52299932966359308,1388,3,3,1390
256,0.52337969281243935,1389,3,3,1391
256,0.52376005596128561,1390,3,3,1392
256,0.52414041911013187,1391,3,3,1393
256,0.52452078225897814,1392,3,3,1394
256,0.5249011454078244,1393,3,3,1395
256,0.52528150855667066,1394,3,3,1396
256,0.52566187170551693,1395,3,3,1397
256,0.52604223485436319,1396,3,3,1398
256,0.52642259800320934,1397,3,3,1399
256,0.5268029611520556,1398,3,3,1400
256,0.52718332430090187,1399,3,3,1401
256,0.52756368744974813,1400,3,3,1402
256,0.52794405059859439,1401,3,3,1403
256,0.52832441374744066,1402,3,3,1404
256,0.52870477689628692,1403,3,3,1405
256,0.52908514004513307,1404,3,3,1406
256,0.52946550319397934,1405,3,3,1407
256,0.5298458663428256,1406,3,3,1408
256,0.53022622949167186,1407,3,3,1409
256,0.53060659264051813,1408,3,3,1410
256,0.53098695578936439,1409,3,3,1411
256,0.53136731893821065,1410,3,3,1412
256,0.53174768208705692,1411,3,3,1413
256,0.53212804523590318,1412,3,3,1414
256,0.53250840838474933,1413,3,3,1415
256,0.5328887715335956,1414,3,3,1416
256,0.53326913468244186,1415,3,3,1417
256,0.53364949783128812,1416,3,3,1418
256,0.53402986098013439,1417,3,3,1419
256,0.53441022412898065,1418,3,3,1420
256,0.53479058727782691,1419,3,3,1421
256,0.53517095042667306,1420,3,3,1422
256,0.53555131357551933,1421,3,3,1423
256,0.53593167672436559,1422,3,3,1424
256,0.53631203987321185,1423,3,3,1425
256,0.53669240302205812,1424,3,3,1426
256,0.53707276617090438,1425,3,3,1427
256,0.53745312931975064,1426,3,3,1428
256,0.53783349246859691,1427,3,3,1429
256,0.53821385561744317,1428,3,3,1430
256,0.53859421876628932,1429,3,3,1431
256,0.53897458191513559,1430,3,3,1432
256,0.53935494506398185,1431,3,3,1433
256,0.53973530821282811,1432,3,3,1434
256,0.54011567136167438,1433,3,3,1435
256,0.54049603451052064,1434,3,3,1436
256,0.5408763976593669,1435,3,3,1437
256,0.54125676080821306,1436,3,3,1438
256,0.54163712395705932,1437,3,3,1439
256,0.54201748710590558,1438,3,3,1440
256,0.54239785025475185,1439,3,3,1441
256,0.54277821340359811,1440,3,3,1442
256,0.54315857655244437,1441,3,3,1443
256,0.54353893970129064,1442,3,3,1444
256,0.5439193028501369,1443,3,3,1445
256,0.54429966599898316,1444,3,3,1446
256,0.54468002914782931,1445,3,3,1447
256,0.54506039229667558,1446,3,3,1448
256,0.54544075544552184,1447,3,3,1449
256,0.5458211185943681,1448,3,3,1450
256,0.54620148174321437,1449,3,3,1451
256,0.54658184489206063,1450,3,3,1452
256,0.54696220804090689,1451,3,3,1453
256,0.54734257118975305,1452,3,3,1454
256,0.54772293433859931,1453,3,3,1455
256,0.54810329748744557,1454,3,3,1456
256,0.54848366063629184,1455,3,3,1457
256,0.5488640237851381,1456,3,3,1458
256,0.54924438693398436,1457,3,3,1459
256,0.54962475008283063,1458,3,3,1460
256,0.55000511323167689,1459,3,3,1461
256,0.55038547638052315,1460,3,3,1462
256,0.55076583952936931,1461,3,3,1463
256,0.55114620267821557,1462,3,3,1464
256,0.55152656582706183,1463,3,3,1465
256,0.5519069289759081,1464,3,3,1466
256,0.55228729212475436,1465,3,3,1467
256,0.55266765527360062,1466,3,3,1468
256,0.55304801842244689,1467,3,3,1469
256,0.55342838157129304,1468,3,3,1470
256,0.5538087447201393,1469,3,3,1471
256,0.55418910786898556,1470,3,3,1472
256,0.55456947101783183,1471,3,3,1473
256,0.55494983416667809,1472,3,3,1474
256,0.55533019731552435,1473,3,3,1475
256,0.55571056046437062,1474,3,3,1476
256,0.55609092361321688,1475,3,3,1477
256,0.55647128676206314,1476,3,3,1478
256,0.5568516499109093,1477,3,3,1479
256,0.55723201305975556,1478,3,3,1480
256,0.55761237620860182,1479,3,3,1481
256,0.55799273935744809,1480,3,3,1482
256,0.55837310250629435,1481,3,3,1483
256,0.55875346565514061,1482,3,3,1484
256,0.55913382880398688,1483,3,3,1485
256,0.55951419195283303,1484,3,3,1486
256,0.55989455510167929,1485,3,3,1487
256,0.56027491825052556,1486,3,3,1488
256,0.56065528139937182,1487,3,3,1489
256,0.56103564454821808,1488,3,3,1490
256,0.56141600769706435,1489,3,3,1491
256,0.56179637084591061,1490,3,3,1492
256,0.56217673399475687,1491,3,3,1493
256,0.56255709714360314,1492,3,3,1494
256,0.56293746029244929,1493,3,3,1495
256,0.56331782344129555,1494,3,3,1496
256,0.56369818659014181,1495,3,3,1497
256,0.56407854973898808,1496,3,3,1498
256,0.56445891288783434,1497,3,3,1499
256,0.5648392760366806,1498,3,3,1500
256,0.56521963918552687,1499,3,3,1501
256,0.56560000233437302,1500,3,3,1502
256,0.56598036548321928,1501,3,3,1503
256,0.56636072863206555,1502,3,3,1504
256,0.56674109178091181,1503,3,3,1505
256,0.56712145492975807,1504,3,3,1506
256,0.56750181807860434,1505,3,3,1507
256,0.5678821812274506,1506,3,3,1508
256,0.56826254437629686,1507,3,3,1509
256,0.56864290752514313,1508,3,3,1510
256,0.56902327067398928,1509,3,3,1511
256,0.56940363382283554,1510,3,3,1512
256,0.56978399697168181,1511,3,3,1513
256,0.57016436012052807,1512,3,3,1514
256,0.57054472326937433,1513,3,3,1515
256,0.5709250864182206,1514,3,3,1516
256,0.57130544956706686,1515,3,3,1517
256,0.57168581271591301,1516,3,3,1518
256,0.57206617586475927,1517,3,3,1519
256,0.57244653901360554,1518,3,3,1520
256,0.5728269021624518,1519,3,3,1521
256,0.57320726531129806,1520,3,3,1522
256,0.57358762846014433,1521,3,3,1523
256,0.57396799160899059,1522,3,3,1524
256,0.57434835475783685,1523,3,3,1525
256,0.57472871790668312,1524,3,3,1526
256,0.57510908105552927,1525,3,3,1527
256,0.57548944420437553,1526,3,3,1528
256,0.5758698073532218,1527,3,3,1529
256,0.57625017050206806,1528,3,3,1530
256,0.57663053365091432,1529,3,3,1531
256,0.57701089679976059,1530,3,3,1532
256,0.57739125994860685,1531,3,3,1533
256,0.577771623097453,1532,3,3,1534
256,0.57815198624629927,1533,3,3,1535
256,0.57853234939514553,1534,3,3,1536
256,0.57891271254399179,1535,3,3,1537
256,0.57929307569283806,1536,3,3,1538
256,0.57967343884168432,1537,3,3,1539
256,0.58005380199053058,1538,3,3,1540
256,0.58043416513937685,1539,3,3,1541
256,0.58081452828822311,1540,3,3,1542
256,0.58119489143706926,1541,3,3,1543
256,0.58157525458591552,1542,3,3,1544
256,0.58195561773476179,1543,3,3,1545
256,0.58233598088360805,1544,3,3,1546
256,0.58271634403245431,1545,3,3,1547
256,0.58309670718130058,1546,3,3,1548
256,0.58347707033014684,1547,3,3,1549
256,0.58385743347899299,1548,3,3,1550
256,0.58423779662783926,1549,3,3,1551
256,0.58461815977668552,1550,3,3,1552
256,0.58499852292553178,1551,3,3,1553
256,0.58537888607437805,1552,3,3,1554
256,0.58575924922322431,1553,3,3,1555
256,0.58613961237207057,1554,3,3,1556
256,0.58651997552091684,1555,3,3,1557
256,0.5869003386697631,1556,3,3,1558
256,0.58728070181860925,1557,3,3,1559
256,0.58766106496745552,1558,3,3,1560
256,0.58804142811630178,1559,3,3,1561
256,0.58842179126514804,1560,3,3,1562
256,0.58880215441399431,1561,3,3,1563
256,0.58918251756284057,1562,3,3,1564
256,0.58956288071168683,1563,3,3,1565
256,0.58994324386053298,1564,3,3,1566
256,0.59032360700937925,1565,3,3,1567
256,0.59070397015822551,1566,3,3,1568
256,0.59108433330707177,1567,3,3,1569
256,0.59146469645591804,1568,3,3,1570
256,0.5918450596047643,1569,3,3,1571
256,0.59222542275361056,1570,3,3,1572
256,0.59260578590245683,1571,3,3,1573
256,0.59298614905130309,1572,3,3,1574
256,0.59336651220014924,1573,3,3,1575
256,0.59374687534899551,1574,3,3,1576
256,0.59412723849784177,1575,3,3,1577
256,0.59450760164668803,1576,3,3,1578
256,0.5948879647955343,1577,3,3,1579
256,0.59526832794438056,1578,3,3,1580
256,0.59564869109322682,1579,3,3,1581
256,0.59602905424207298,1580,3,3,1582
256,0.59640941739091924,1581,3,3,1583
256,0.5967897805397655,1582,3,3,1584
256,0.59717014368861177,1583,3,3,1585
256,0.59755050683745803,1584,3,3,1586
256,0.59793086998630429,1585,3,3,1587
256,0.59831123313515056,1586,3,3,1588
256,0.59869159628399682,1587,3,3,1589
256,0.59907195943284308,1588,3,3,1590
256,0.59945232258168923,1589,3,3,1591
256,0.5998326857305355,1590,3,3,1592
256,0.60021304887938176,1591,3,3,1593
256,0.60059341202822802,1592,3,3,1594
256,0.60097377517707429,1593,3,3,1595
256,0.60135413832592055,1594,3,3,1596
256,0.60173450147476681,1595,3,3,1597
256,0.60211486462361297,1596,3,3,1598
256,0.60249522777245923,1597,3,3,1599
256,0.60287559092130549,1598,3,3,1600
256,0.60325595407015176,1599,3,3,1601
256,0.60363631721899802,1600,3,3,1602
256,0.60401668036784428,1601,3,3,1603
256,0.60439704351669055,1602,3,3,1604
256,0.60477740666553681,1603,3,3,1605
256,0.60515776981438307,1604,3,3,1606
256,0.60553813296322923,1605,3,3,1607
256,0.60591849611207549,1606,3,3,1608
256,0.60629885926092175,1607,3,3,1609
256,0.60667922240976802,1608,3,3,1610
256,0.60705958555861428,1609,3,3,1611
256,0.60743994870746054,1610,3,3,1612
256,0.60782031185630681,1611,3,3,1613
256,0.60820067500515296,1612,3,3,1614
256,0.60858103815399922,1613,3,3,1615
256,0.60896140130284548,1614,3,3,1616
256,0.60934176445169175,1615,3,3,1617
256,0.60972212760053801,1616,3,3,1618
256,0.61010249074938427,1617,3,3,1619
256,0.61048285389823054,1618,3,3,1620
256,0.6108632170470768,1619,3,3,1621
256,0.61124358019592306,1620,3,3,1622
256,0.61162394334476922,1621,3,3,1623
256,0.61200430649361548,1622,3,3,1624
256,0.61238466964246174,1623,3,3,1625
256,0.61276503279130801,1624,3,3,1626
256,0.61314539594015427,1625,3,3,1627
256,0.61352575908900053,1626,3,3,1628
256,0.6139061222378468,1627,3,3,1629
256,0.61428648538669295,1628,3,3,1630
256,0.61466684853553921,1629,3,3,1631
256,0.61504721168438548,1630,3,3,1632
256,0.61542757483323174,1631,3,3,1633
256,0.615807937982078,1632,3,3,1634
256,0.61618830113092427,1633,3,3,1635
256,0.61656866427977053,1634,3,3,1636
256,0.61694902742861679,1635,3,3,1637
256,0.61732939057746306,1636,3,3,1638
256,0.61770975372630921,1637,3,3,1639
256,0.61809011687515547,1638,3,3,1640
256,0.61847048002400173,1639,3,3,1641
256,0.618850843172848,1640,3,3,1642
256,0.61923120632169426,1641,3,3,1643
256,0.61961156947054052,1642,3,3,1644
256,0.61999193261938679,1643,3,3,1645
256,0.62037229576823294,1644,3,3,1646
256,0.6207526589170792,1645,3,3,1647
256,0.62113302206592547,1646,3,3,1648
256,0.62151338521477173,1647,3,3,1649
256,0.62189374836361799,1648,3,3,1650
256,0.62227411151246426,1649,3,3,1651
256,0.62265447466131052,1650,3,3,1652
256,0.62303483781015678,1651,3,3,1653
256,0.62341520095900305,1652,3,3,1654
256,0.6237955641078492,1653,3,3,1655
256,0.62417592725669546,1654,3,3,1656
256,0.62455629040554173,1655,3,3,1657
256,0.62493665355438799,1656,3,3,1658
256,0.62531701670323425,1657,3,3,1659
256,0.62569737985208052,1658,3,3,1660
256,0.62607774300092678,1659,3,3,1661
256,0.62645810614977293,1660,3,3,1662
256,0.62683846929861919,1661,3,3,1663
256,0.62721883244746546,1662,3,3,1664
256,0.62759919559631172,1663,3,3,1665
256,0.62797955874515798,1664,3,3,1666
256,0.62835992189400425,1665,3,3,1667
256,0.62874028504285051,1666,3,3,1668
256,0.62912064819169677,1667,3,3,1669
256,0.62950101134054304,1668,3,3,1670
256,0.62988137448938919,1669,3,3,1671
256,0.63026173763823545,1670,3,3,1672
256,0.63064210078708172,1671,3,3,1673
256,0.63102246393592798,1672,3,3,1674
256,0.63140282708477424,1673,3,3,1675
256,0.63178319023362051,1674,3,3,1676
256,0.63216355338246677,1675,3,3,1677
256,0.63254391653131292,1676,3,3,1678
256,0.63292427968015919,1677,3,3,1679
256,0.63330464282900545,1678,3,3,1680
256,0.63368500597785171,1679,3,3,1681
256,0.63406536912669798,1680,3,3,1682
256,0.63444573227554424,1681,3,3,1683
256,0.6348260954243905,1682,3,3,1684
256,0.63520645857323677,1683,3,3,1685
256,0.63558682172208303,1684,3,3,1686
256,0.63596718487092918,1685,3,3,1687
256,0.63634754801977544,1686,3,3,1688
256,0.63672791116862171,1687,3,3,1689
256,0.63710827431746797,1688,3,3,1690
256,0.63748863746631423,1689,3,3,1691
256,0.6378690006151605,1690,3,3,1692
256,0.63824936376400676,1691,3,3,1693
256,0.63862972691285291,1692,3,3,1694
256,0.63901009006169918,1693,3,3,1695
256,0.63939045321054544,1694,3,3,1696
256,0.6397708163593917,1695,3,3,1697
256,0.64015117950823797,1696,3,3,1698
256,0.64053154265708423,1697,3,3,1699
256,0.64091190580593049,1698,3,3,1700
256,0.64129226895477676,1699,3,3,1701
256,0.64167263210362302,1700,3,3,1702
256,0.64205299525246917,1701,3,3,1703
256,0.64243335840131544,1702,3,3,1704
256,0.6428137215501617,1703,3,3,1705
256,0.64319408469900796,1704,3,3,1706
256,0.64357444784785423,1705,3,3,1707
256,0.64395481099670049,1706,3,3,1708
256,0.64433517414554675,1707,3,3,1709
256,0.6447155372943929,1708,3,3,1710
256,0.64509590044323917,1709,3,3,1711
256,0.64547626359208543,1710,3,3,1712
256,0.64585662674093169,1711,3,3,1713
256,0.64623698988977796,1712,3,3,1714
256,0.64661735303862422,1713,3,3,1715
256,0.64699771618747048,1714,3,3,1716
256,0.64737807933631675,1715,3,3,1717
256,0.64775844248516301,1716,3,3,1718
256,0.64813880563400916,1717,3,3,1719
256,0.64851916878285543,1718,3,3,1720
256,0.64889953193170169,1719,3,3,1721
256,0.64927989508054795,1720,3,3,1722
256,0.64966025822939422,1721,3,3,1723
256,0.65004062137824048,1722,3,3,1724
256,0.65042098452708674,1723,3,3,1725
256,0.6508013476759329,1724,3,3,1726
256,0.65118171082477916,1725,3,3,1727
256,0.65156207397362542,1726,3,3,1728
256,0.65194243712247169,1727,3,3,1729
256,0.65232280027131795,1728,3,3,1730
256,0.65270316342016421,1729,3,3,1731
256,0.65308352656901048,1730,3,3,1732
256,0.65346388971785674,1731,3,3,1733
256,0.653844252866703,1732,3,3,1734
256,0.65422461601554915,1733,3,3,1735
256,0.65460497916439542,1734,3,3,1736
256,0.65498534231324168,1735,3,3,1737
256,0.65536570546208794,1736,3,3,1738
256,0.65574606861093421,1737,3,3,1739
256,0.65612643175978047,1738,3,3,1740
256,0.65650679490862673,1739,3,3,1741
256,0.65688715805747289,1740,3,3,1742
256,0.65726752120631915,1741,3,3,1743
256,0.65764788435516541,1742,3,3,1744
256,0.65802824750401168,1743,3,3,1745
256,0.65840861065285794,1744,3,3,1746
256,0.6587889738017042,1745,3,3,1747
256,0.65916933695055047,1746,3,3,1748
256,0.65954970009939673,1747,3,3,1749
256,0.65993006324824299,1748,3,3,1750
256,0.66031042639708915,1749,3,3,1751
256,0.66069078954593541,1750,3,3,1752
256,0.66107115269478167,1751,3,3,1753
256,0.66145151584362794,1752,3,3,1754
256,0.6618318789924742,1753,3,3,1755
256,0.66221224214132046,1754,3,3,1756
256,0.66259260529016673,1755,3,3,1757
256,0.66297296843901288,1756,3,3,1758
256,0.66335333158785914,1757,3,3,1759
256,0.6637336947367054,1758,3,3,1760
256,0.66411405788555167,1759,3,3,1761
256,0.66449442103439793,1760,3,3,1762
256,0.66487478418324419,1761,3,3,1763
256,0.66525514733209046,1762,3,3,1764
256,0.66563551048093672,1763,3,3,1765
256,0.66601587362978298,1764,3,3,1766
256,0.66639623677862914,1765,3,3,1767
256,0.6667765999274754,1766,3,3,1768
256,0.66715696307632166,1767,3,3,1769
256,0.66753732622516793,1768,3,3,1770
256,0.66791768937401419,1769,3,3,1771
256,0.66829805252286045,1770,3,3,1772
256,0.66867841567170672,1771,3,3,1773
256,0.66905877882055287,1772,3,3,1774
256,0.66943914196939913,1773,3,3,1775
256,0.6698195051182454,1774,3,3,1776
256,0.67019986826709166,1775,3,3,1777
256,0.67058023141593792,1776,3,3,1778
256,0.67096059456478419,1777,3,3,1779
256,0.67134095771363045,1778,3,3,1780
256,0.67172132086247671,1779,3,3,1781
256,0.67210168401132298,1780,3,3,1782
256,0.67248204716016913,1781,3,3,1783
256,0.67286241030901539,1782,3,3,1784
256,0.67324277345786165,1783,3,3,1785
256,0.67362313660670792,1784,3,3,1786
256,0.67400349975555418,1785,3,3,1787
256,0.67438386290440044,1786,3,3,1788
256,0.67476422605324671,1787,3,3,1789
256,0.67514458920209286,1788,3,3,1790
256,0.67552495235093912,1789,3,3,1791
256,0.67590531549978539,1790,3,3,1792
256,0.67628567864863165,1791,3,3,1793
256,0.67666604179747791,1792,3,3,1794
256,0.67704640494632418,1793,3,3,1795
256,0.67742676809517044,1794,3,3,1796
256,0.6778071312440167,1795,3,3,1797
256,0.67818749439286297,1796,3,3,1798
256,0.67856785754170912,1797,3,3,1799
256,0.67894822069055538,1798,3,3,1800
256,0.67932858383940165,1799,3,3,1801
256,0.67970894698824791,1800,3,3,1802
256,0.68008931013709417,1801,3,3,1803
256,0.68046967328594044,1802,3,3,1804
256,0.6808500364347867,1803,3,3,1805
256,0.68123039958363285,1804,3,3,1806
256,0.68161076273247911,1805,3,3,1807
256,0.68199112588132538,1806,3,3,1808
256,0.68237148903017164,1807,3,3,1809
256,0.6827518521790179,1808,3,3,1810
256,0.68313221532786417,1809,3,3,1811
256,0.68351257847671043,1810,3,3,1812
256,0.68389294162555669,1811,3,3,1813
256,0.68427330477440296,1812,3,3,1814
256,0.68465366792324911,1813,3,3,1815
256,0.68503403107209537,1814,3,3,1816
256,0.68541439422094164,1815,3,3,1817
256,0.6857947573697879,1816,3,3,1818
256,0.68617512051863416,1817,3,3,1819
256,0.68655548366748043,1818,3,3,1820
256,0.68693584681632669,1819,3,3,1821
256,0.68731620996517284,1820,3,3,1822
256,0.68769657311401911,1821,3,3,1823
256,0.68807693626286537,1822,3,3,1824
256,0.68845729941171163,1823,3,3,1825
256,0.6888376625605579,1824,3,3,1826
256,0.68921802570940416,1825,3,3,1827
256,0.68959838885825042,1826,3,3,1828
256,0.68997875200709669,1827,3,3,1829
256,0.69035911515594295,1828,3,3,1830
256,0.6907394783047891,1829,3,3,1831
256,0.69111984145363536,1830,3,3,1832
256,0.69150020460248163,1831,3,3,1833
256,0.69188056775132789,1832,3,3,1834
256,0.69226093090017415,1833,3,3,1835
256,0.69264129404902042,1834,3,3,1836
256,0.69302165719786668,1835,3,3,1837
256,0.69340202034671283,1836,3,3,1838
256,0.6937823834955591,1837,3,3,1839
256,0.69416274664440536,1838,3,3,1840
256,0.69454310979325162,1839,3,3,1841
256,0.69492347294209789,1840,3,3,1842
256,0.69530383609094415,1841,3,3,1843
256,0.69568419923979041,1842,3,3,1844
256,0.69606456238863668,1843,3,3,1845
256,0.69644492553748294,1844,3,3,1846
256,0.69682528868632909,1845,3,3,1847
256,0.69720565183517536,1846,3,3,1848
256,0.69758601498402162,1847,3,3,1849
256,0.69796637813286788,1848,3,3,1850
256,0.69834674128171415,1849,3,3,1851
256,0.69872710443056041,1850,3,3,1852
256,0.69910746757940667,1851,3,3,1853
256,0.69948783072825282,1852,3,3,1854
256,0.69986819387709909,1853,3,3,1855
256,0.70024855702594535,1854,3,3,1856
256,0.70062892017479161,1855,3,3,1857
256,0.70100928332363788,1856,3,3,1858
256,0.70138964647248414,1857,3,3,1859
256,0.7017700096213304,1858,3,3,1860
256,0.70215037277017667,1859,3,3,1861
256,0.70253073591902293,1860,3,3,1862
256,0.70291109906786908,1861,3,3,1863
256,0.70329146221671535,1862,3,3,1864
256,0.70367182536556161,1863,3,3,1865
256,0.70405218851440787,1864,3,3,1866
256,0.70443255166325414,1865,3,3,1867
256,0.7048129148121004,1866,3,3,1868
256,0.70519327796094666,1867,3,3,1869
256,0.70557364110979282,1868,3,3,1870
256,0.70595400425863908,1869,3,3,1871
256,0.70633436740748534,1870,3,3,1872
256,0.70671473055633161,1871,3,3,1873
256,0.70709509370517787,1872,3,3,1874
256,0.70747545685402413,1873,3,3,1875
256,0.7078558200028704,1874,3,3,1876
256,0.70823618315171666,1875,3,3,1877
256,0.70861654630056292,1876,3,3,1878
256,0.70899690944940907,1877,3,3,1879
256,0.70937727259825534,1878,3,3,1880
256,0.7097576357471016,1879,3,3,1881
256,0.71013799889594786,1880,3,3,1882
256,0.71051836204479413,1881,3,3,1883
256,0.71089872519364039,1882,3,3,1884
256,0.71127908834248665,1883,3,3,1885
256,0.71165945149133281,1884,3,3,1886
256,0.71203981464017907,1885,3,3,1887
256,0.71242017778902533,1886,3,3,1888
256,0.7128005409378716,1887,3,3,1889
256,0.71318090408671786,1888,3,3,1890
256,0.71356126723556412,1889,3,3,1891
256,0.71394163038441039,1890,3,3,1892
256,0.71432199353325665,1891,3,3,1893
256,0.71470235668210291,1892,3,3,1894
256,0.71508271983094907,1893,3,3,1895
256,0.71546308297979533,1894,3,3,1896
256,0.71584344612864159,1895,3,3,1897
256,0.71622380927748786,1896,3,3,1898
256,0.71660417242633412,1897,3,3,1899
256,0.71698453557518038,1898,3,3,1900
256,0.71736489872402665,1899,3,3,1901
256,0.7177452618728728,1900,3,3,1902
256,0.71812562502171906,1901,3,3,1903
256,0.71850598817056532,1902,3,3,1904
256,0.71888635131941159,1903,3,3,1905
256,0.71926671446825785,1904,3,3,1906
256,0.71964707761710411,1905,3,3,1907
256,0.72002744076595038,1906,3,3,1908
256,0.72040780391479664,1907,3,3,1909
256,0.7207881670636429,1908,3,3,1910
256,0.72116853021248906,1909,3,3,1911
256,0.72154889336133532,1910,3,3,1912
256,0.72192925651018158,1911,3,3,1913
256,0.72230961965902785,1912,3,3,1914
256,0.72268998280787411,1913,3,3,1915
256,0.72307034595672037,1914,3,3,1916
256,0.72345070910556664,1915,3,3,1917
256,0.72383107225441279,1916,3,3,1918
256,0.72421143540325905,1917,3,3,1919
256,0.72459179855210532,1918,3,3,1920
256,0.72497216170095158,1919,3,3,1921
256,0.72535252484979784,1920,3,3,1922
256,0.72573288799864411,1921,3,3,1923
256,0.72611325114749037,1922,3,3,1924
256,0.72649361429633663,1923,3,3,1925
256,0.72687397744518289,1924,3,3,1926
256,0.72725434059402905,1925,3,3,1927
256,0.72763470374287531,1926,3,3,1928
256,0.72801506689172157,1927,3,3,1929
256,0.72839543004056784,1928,3,3,1930
256,0.7287757931894141,1929,3,3,1931
256,0.72915615633826036,1930,3,3,1932
256,0.72953651948710663,1931,3,3,1933
256,0.72991688263595278,1932,3,3,1934
256,0.73029724578479904,1933,3,3,1935
256,0.73067760893364531,1934,3,3,1936
256,0.73105797208249157,1935,3,3,1937
256,0.73143833523133783,1936,3,3,1938
256,0.7318186983801841,1937,3,3,1939
256,0.73219906152903036,1938,3,3,1940
256,0.73257942467787662,1939,3,3,1941
256,0.73295978782672289,1940,3,3,1942
256,0.73334015097556904,1941,3,3,1943
256,0.7337205141244153,1942,3,3,1944
256,0.73410087727326157,1943,3,3,1945
256,0.73448124042210783,1944,3,3,1946
256,0.73486160357095409,1945,3,3,1947
256,0.73524196671980036,1946,3,3,1948
256,0.73562232986864662,1947,3,3,1949
256,0.73600269301749277,1948,3,3,1950
256,0.73638305616633903,1949,3,3,1951
256,0.7367634193151853,1950,3,3,1952
256,0.73714378246403156,1951,3,3,1953
256,0.73752414561287782,1952,3,3,1954
256,0.73790450876172409,1953,3,3,1955
256,0.73828487191057035,1954,3,3,1956
256,0.73866523505941661,1955,3,3,1957
256,0.73904559820826288,1956,3,3,1958
256,0.73942596135710903,1957,3,3,1959
256,0.73980632450595529,1958,3,3,1960
256,0.74018668765480156,1959,3,3,1961
256,0.74056705080364782,1960,3,3,1962
256,0.74094741395249408,1961,3,3,1963
256,0.74132777710134035,1962,3,3,1964
256,0.74170814025018661,1963,3,3,1965
256,0.74208850339903276,1964,3,3,1966
256,0.74246886654787903,1965,3,3,1967
256,0.74284922969672529,1966,3,3,1968
256,0.74322959284557155,1967,3,3,1969
256,0.74360995599441782,1968,3,3,1970
256,0.74399031914326408,1969,3,3,1971
256,0.74437068229211034,1970,3,3,1972
256,0.7447510454409566,1971,3,3,1973
256,0.74513140858980287,1972,3,3,1974
256,0.74551177173864902,1973,3,3,1975
256,0.74589213488749528,1974,3,3,1976
256,0.74627249803634155,1975,3,3,1977
256,0.74665286118518781,1976,3,3,1978
256,0.74703322433403407,1977,3,3,1979
256,0.74741358748288034,1978,3,3,1980
256,0.7477939506317266,1979,3,3,1981
256,0.74817431378057275,1980,3,3,1982
256,0.74855467692941902,1981,3,3,1983
256,0.74893504007826528,1982,3,3,1984
256,0.74931540322711154,1983,3,3,1985
256,0.74969576637595781,1984,3,3,1986
256,0.75007612952480407,1985,3,3,1987
256,0.75045649267365033,1986,3,3,1988
256,0.7508368558224966,1987,3,3,1989
256,0.75121721897134286,1988,3,3,1990
256,0.75159758212018901,1989,3,3,1991
256,0.75197794526903528,1990,3,3,1992
256,0.75235830841788154,1991,3,3,1993
256,0.7527386715667278,1992,3,3,1994
256,0.75311903471557406,1993,3,3,1995
256,0.75349939786442033,1994,3,3,1996
256,0.75387976101326659,1995,3,3,1997
256,0.75426012416211274,1996,3,3,1998
256,0.75464048731095901,1997,3,3,1999
256,0.75502085045980527,1998,3,3,2000
256,0.75540121360865153,1999,3,3,2001
256,0.7557815767574978,2000,3,3,2002
256,0.75616193990634406,2001,3,3,2003
256,0.75654230305519032,2002,3,3,2004
256,0.75692266620403659,2003,3,3,2005
256,0.75730302935288285,2004,3,3,2006
256,0.757683392501729,2005,3,3,2007
256,0.75806375565057527,2006,3,3,2008
256,0.75844411879942153,2007,3,3,2009
256,0.75882448194826779,2008,3,3,2010
256,0.75920484509711406,2009,3,3,2011
256,0.75958520824596032,2010,3,3,2012
256,0.75996557139480658,2011,3,3,2013
256,0.76034593454365274,2012,3,3,2014
256,0.760726297692499,2013,3,3,2015
256,0.76110666084134526,2014,3,3,2016
256,0.76148702399019152,2015,3,3,2017
256,0.76186738713903779,2016,3,3,2018
256,0.76224775028788405,2017,3,3,2019
256,0.76262811343673031,2018,3,3,2020
256,0.76300847658557658,2019,3,3,2021
256,0.76338883973442284,2020,3,3,2022
256,0.76376920288326899,2021,3,3,2023
256,0.76414956603211526,2022,3,3,2024
256,0.76452992918096152,2023,3,3,2025
256,0.76491029232980778,2024,3,3,2026
256,0.76529065547865405,2025,3,3,2027
256,0.76567101862750031,2026,3,3,2028
256,0.76605138177634657,2027,3,3,2029
256,0.76643174492519273,2028,3,3,2030
256,0.76681210807403899,2029,3,3,2031
256,0.76719247122288525,2030,3,3,2032
256,0.76757283437173152,2031,3,3,2033
256,0.76795319752057778,2032,3,3,2034
256,0.76833356066942404,2033,3,3,2035
256,0.76871392381827031,2034,3,3,2036
256,0.76909428696711657,2035,3,3,2037
256,0.76947465011596283,2036,3,3,2038
256,0.76985501326480898,2037,3,3,2039
256,0.77023537641365525,2038,3,3,2040
256,0.77061573956250151,2039,3,3,2041
256,0.77099610271134777,2040,3,3,2042
256,0.77137646586019404,2041,3,3,2043
256,0.7717568290090403,2042,3,3,2044
256,0.77213719215788656,2043,3,3,2045
256,0.77251755530673272,2044,3,3,2046
256,0.77289791845557898,2045,3,3,2047
256,0.77327828160442524,2046,3,3,2048
256,0.77365864475327151,2047,3,3,2049
256,0.77403900790211777,2048,3,3,2050
256,0.77441937105096403,2049,3,3,2051
256,0.7747997341998103,2050,3,3,2052
256,0.77518009734865656,2051,3,3,2053
256,0.77556046049750282,2052,3,3,2054
256,0.77594082364634898,2053,3,3,2055
256,0.77632118679519524,2054,3,3,2056
256,0.7767015499440415,2055,3,3,2057
256,0.77708191309288777,2056,3,3,2058
256,0.77746227624173403,2057,3,3,2059
256,0.77784263939058029,2058,3,3,2060
256,0.77822300253942656,2059,3,3,2061
256,0.77860336568827271,2060,3,3,2062
256,0.77898372883711897,2061,3,3,2063
256,0.77936409198596523,2062,3,3,2064
256,0.7797444551348115,2063,3,3,2065
256,0.78012481828365776,2064,3,3,2066
256,0.78050518143250402,2065,3,3,2067
256,0.78088554458135029,2066,3,3,2068
256,0.78126590773019655,2067,3,3,2069
256,0.78164627087904281,2068,3,3,2070
256,0.78202663402788897,2069,3,3,2071
256,0.78240699717673523,2070,3,3,2072
256,0.78278736032558149,2071,3,3,2073
256,0.78316772347442776,2072,3,3,2074
256,0.78354808662327402,2073,3,3,2075
256,0.78392844977212028,2074,3,3,2076
256,0.78430881292096655,2075,3,3,2077
256,0.7846891760698127,2076,3,3,2078
256,0.78506953921865896,2077,3,3,2079
256,0.78544990236750523,2078,3,3,2080
256,0.78583026551635149,2079,3,3,2081
256,0.78621062866519775,2080,3,3,2082
256,0.78659099181404402,2081,3,3,2083
256,0.78697135496289028,2082,3,3,2084
256,0.78735171811173654,2083,3,3,2085
256,0.78773208126058281,2084,3,3,2086
256,0.78811244440942896,2085,3,3,2087
256,0.78849280755827522,2086,3,3,2088
256,0.78887317070712148,2087,3,3,2089
256,0.78925353385596775,2088,3,3,2090
256,0.78963389700481401,2089,3,3,2091
256,0.79001426015366027,2090,3,3,2092
256,0.79039462330250654,2091,3,3,2093
256,0.79077498645135269,2092,3,3,2094
256,0.79115534960019895,2093,3,3,2095
256,0.79153571274904522,2094,3,3,2096
256,0.79191607589789148,2095,3,3,2097
256,0.79229643904673774,2096,3,3,2098
256,0.79267680219558401,2097,3,3,2099
256,0.79305716534443027,2098,3,3,2100
256,0.79343752849327653,2099,3,3,2101
256,0.7938178916421228,2100,3,3,2102
256,0.79419825479096895,2101,3,3,2103
256,0.79457861793981521,2102,3,3,2104
256,0.79495898108866148,2103,3,3,2105
256,0.79533934423750774,2104,3,3,2106
256,0.795719707386354,2105,3,3,2107
256,0.79610007053520027,2106,3,3,2108
256,0.79648043368404653,2107,3,3,2109
256,0.79686079683289268,2108,3,3,2110
256,0.79724115998173894,2109,3,3,2111
256,0.79762152313058521,2110,3,3,2112
256,0.79800188627943147,2111,3,3,2113
256,0.79838224942827773,2112,3,3,2114
256,0.798762612577124,2113,3,3,2115
256,0.79914297572597026,2114,3,3,2116
256,0.79952333887481652,2115,3,3,2117
256,0.79990370202366279,2116,3,3,2118
256,0.80028406517250894,2117,3,3,2119
256,0.8006644283213552,2118,3,3,2120
256,0.80104479147020147,2119,3,3,2121
256,0.80142515461904773,2120,3,3,2122
256,0.80180551776789399,2121,3,3,2123
256,0.80218588091674026,2122,3,3,2124
256,0.80256624406558652,2123,3,3,2125
256,0.80294660721443267,2124,3,3,2126
256,0.80332697036327894,2125,3,3,2127
256,0.8037073335121252,2126,3,3,2128
256,0.80408769666097146,2127,3,3,2129
256,0.80446805980981773,2128,3,3,2130
256,0.80484842295866399,2129,3,3,2131
256,0.80522878610751025,2130,3,3,2132
256,0.80560914925635652,2131,3,3,2133
256,0.80598951240520278,2132,3,3,2134
256,0.80636987555404893,2133,3,3,2135
256,0.80675023870289519,2134,3,3,2136
256,0.80713060185174146,2135,3,3,2137
256,0.80751096500058772,2136,3,3,2138
256,0.80789132814943398,2137,3,3,2139
256,0.80827169129828025,2138,3,3,2140
256,0.80865205444712651,2139,3,3,2141
256,0.80903241759597266,2140,3,3,2142
256,0.80941278074481893,2141,3,3,2143
256,0.80979314389366519,2142,3,3,2144
256,0.81017350704251145,2143,3,3,2145
256,0.81055387019135772,2144,3,3,2146
256,0.81093423334020398,2145,3,3,2147
256,0.81131459648905024,2146,3,3,2148
256,0.81169495963789651,2147,3,3,2149
256,0.81207532278674277,2148,3,3,2150
256,0.81245568593558892,2149,3,3,2151
256,0.81283604908443519,2150,3,3,2152
256,0.81321641223328145,2151,3,3,2153
256,0.81359677538212771,2152,3,3,2154
256,0.81397713853097398,2153,3,3,2155
256,0.81435750167982024,2154,3,3,2156
256,0.8147378648286665,2155,3,3,2157
256,0.81511822797751265,2156,3,3,2158
256,0.81549859112635892,2157,3,3,2159
256,0.81587895427520518,2158,3,3,2160
256,0.81625931742405144,2159,3,3,2161
256,0.81663968057289771,2160,3,3,2162
256,0.81702004372174397,2161,3,3,2163
256,0.81740040687059023,2162,3,3,2164
256,0.8177807700194365,2163,3,3,2165
256,0.81816113316828276,2164,3,3,2166
256,0.81854149631712891,2165,3,3,2167
256,0.81892185946597518,2166,3,3,2168
256,0.81930222261482144,2167,3,3,2169
256,0.8196825857636677,2168,3,3,2170
256,0.82006294891251397,2169,3,3,2171
256,0.82044331206136023,2170,3,3,2172
256,0.82082367521020649,2171,3,3,2173
256,0.82120403835905265,2172,3,3,2174
256,0.82158440150789891,2173,3,3,2175
256,0.82196476465674517,2174,3,3,2176
256,0.82234512780559144,2175,3,3,2177
256,0.8227254909544377,2176,3,3,2178
256,0.82310585410328396,2177,3,3,2179
256,0.82348621725213023,2178,3,3,2180
256,0.82386658040097649,2179,3,3,2181
256,0.82424694354982275,2180,3,3,2182
256,0.8246273066986689,2181,3,3,2183
256,0.82500766984751517,2182,3,3,2184
256,0.82538803299636143,2183,3,3,2185
256,0.82576839614520769,2184,3,3,2186
256,0.82614875929405396,2185,3,3,2187
256,0.82652912244290022,2186,3,3,2188
256,0.82690948559174648,2187,3,3,2189
256,0.82728984874059264,2188,3,3,2190
256,0.8276702118894389,2189,3,3,2191
256,0.82805057503828516,2190,3,3,2192
256,0.82843093818713143,2191,3,3,2193
256,0.82881130133597769,2192,3,3,2194
256,0.82919166448482395,2193,3,3,2195
256,0.82957202763367022,2194,3,3,2196
256,0.82995239078251648,2195,3,3,2197
256,0.83033275393136274,2196,3,3,2198
256,0.8307131170802089,2197,3,3,2199
256,0.83109348022905516,2198,3,3,2200
256,0.83147384337790142,2199,3,3,2201
256,0.83185420652674769,2200,3,3,2202
256,0.83223456967559395,2201,3,3,2203
256,0.83261493282444021,2202,3,3,2204
256,0.83299529597328648,2203,3,3,2205
256,0.83337565912213263,2204,3,3,2206
256,0.83375602227097889,2205,3,3,2207
256,0.83413638541982515,2206,3,3,2208
256,0.83451674856867142,2207,3,3,2209
256,0.83489711171751768,2208,3,3,2210
256,0.83527747486636394,2209,3,3,2211
256,0.83565783801521021,2210,3,3,2212
256,0.83603820116405647,2211,3,3,2213
256,0.83641856431290273,2212,3,3,2214
256,0.83679892746174889,2213,3,3,2215
256,0.83717929061059515,2214,3,3,2216
256,0.83755965375944141,2215,3,3,2217
256,0.83794001690828768,2216,3,3,2218
256,0.83832038005713394,2217,3,3,2219
256,0.8387007432059802,2218,3,3,2220
256,0.83908110635482647,2219,3,3,2221
256,0.83946146950367262,2220,3,3,2222
256,0.83984183265251888,2221,3,3,2223
256,0.84022219580136515,2222,3,3,2224
256,0.84060255895021141,2223,3,3,2225
256,0.84098292209905767,2224,3,3,2226
256,0.84136328524790394,2225,3,3,2227
256,0.8417436483967502,2226,3,3,2228
256,0.84212401154559646,2227,3,3,2229
256,0.84250437469444273,2228,3,3,2230
256,0.84288473784328888,2229,3,3,2231
256,0.84326510099213514,2230,3,3,2232
256,0.8436454641409814,2231,3,3,2233
256,0.84402582728982767,2232,3,3,2234
256,0.84440619043867393,2233,3,3,2235
256,0.84478655358752019,2234,3,3,2236
256,0.84516691673636646,2235,3,3,2237
256,0.84554727988521261,2236,3,3,2238
256,0.84592764303405887,2237,3,3,2239
256,0.84630800618290514,2238,3,3,2240
256,0.8466883693317514,2239,3,3,2241
256,0.84706873248059766,2240,3,3,2242
256,0.84744909562944393,2241,3,3,2243
256,0.84782945877829019,2242,3,3,2244
256,0.84820982192713645,2243,3,3,2245
256,0.84859018507598272,2244,3,3,2246
256,0.84897054822482887,2245,3,3,2247
256,0.84935091137367513,2246,3,3,2248
256,0.8497312745225214,2247,3,3,2249
256,0.85011163767136766,2248,3,3,2250
256,0.85049200082021392,2249,3,3,2251
256,0.85087236396906019,2250,3,3,2252
256,0.85125272711790645,2251,3,3,2253
256,0.8516330902667526,2252,3,3,2254
256,0.85201345341559886,2253,3,3,2255
256,0.85239381656444513,2254,3,3,2256
256,0.85277417971329139,2255,3,3,2257
256,0.85315454286213765,2256,3,3,2258
256,0.85353490601098392,2257,3,3,2259
256,0.85391526915983018,2258,3,3,2260
256,0.85429563230867644,2259,3,3,2261
256,0.85467599545752271,2260,3,3,2262
256,0.85505635860636886,2261,3,3,2263
256,0.85543672175521512,2262,3,3,2264
256,0.85581708490406139,2263,3,3,2265
256,0.85619744805290765,2264,3,3,2266
256,0.85657781120175391,2265,3,3,2267
256,0.85695817435060018,2266,3,3,2268
256,0.85733853749944644,2267,3,3,2269
256,0.85771890064829259,2268,3,3,2270
256,0.85809926379713886,2269,3,3,2271
256,0.85847962694598512,2270,3,3,2272
256,0.85885999009483138,2271,3,3,2273
256,0.85924035324367765,2272,3,3,2274
256,0.85962071639252391,2273,3,3,2275
256,0.86000107954137017,2274,3,3,2276
256,0.86038144269021644,2275,3,3,2277
256,0.8607618058390627,2276,3,3,2278
256,0.86114216898790885,2277,3,3,2279
256,0.86152253213675511,2278,3,3,2280
256,0.86190289528560138,2279,3,3,2281
256,0.86228325843444764,2280,3,3,2282
256,0.8626636215832939,2281,3,3,2283
256,0.86304398473214017,2282,3,3,2284
256,0.86342434788098643,2283,3,3,2285
256,0.86380471102983258,2284,3,3,2286
256,0.86418507417867885,2285,3,3,2287
256,0.86456543732752511,2286,3,3,2288
256,0.86494580047637137,2287,3,3,2289
256,0.86532616362521764,2288,3,3,2290
256,0.8657065267740639,2289,3,3,2291
256,0.86608688992291016,2290,3,3,2292
256,0.86646725307175643,2291,3,3,2293
256,0.86684761622060269,2292,3,3,2294
256,0.86722797936944884,2293,3,3,2295
256,0.86760834251829511,2294,3,3,2296
256,0.86798870566714137,2295,3,3,2297
256,0.86836906881598763,2296,3,3,2298
256,0.8687494319648339,2297,3,3,2299
256,0.86912979511368016,2298,3,3,2300
256,0.86951015826252642,2299,3,3,2301
256,0.86989052141137257,2300,3,3,2302
256,0.87027088456021884,2301,3,3,2303
256,0.8706512477090651,2302,3,3,2304
256,0.87103161085791136,2303,3,3,2305
256,0.87141197400675763,2304,3,3,2306
256,0.87179233715560389,2305,3,3,2307
256,0.87217270030445015,2306,3,3,2308
256,0.87255306345329642,2307,3,3,2309
256,0.87293342660214268,2308,3,3,2310
256,0.87331378975098883,2309,3,3,2311
256,0.8736941528998351,2310,3,3,2312
256,0.87407451604868136,2311,3,3,2313
256,0.87445487919752762,2312,3,3,2314
256,0.87483524234637389,2313,3,3,2315
256,0.87521560549522015,2314,3,3,2316
256,0.87559596864406641,2315,3,3,2317
256,0.87597633179291257,2316,3,3,2318
256,0.87635669494175883,2317,3,3,2319
256,0.87673705809060509,2318,3,3,2320
256,0.87711742123945136,2319,3,3,2321
256,0.87749778438829762,2320,3,3,2322
256,0.87787814753714388,2321,3,3,2323
256,0.87825851068599015,2322,3,3,2324
256,0.87863887383483641,2323,3,3,2325
256,0.87901923698368267,2324,3,3,2326
256,0.87939960013252882,2325,3,3,2327
256,0.87977996328137509,2326,3,3,2328
256,0.88016032643022135,2327,3,3,2329
256,0.88054068957906761,2328,3,3,2330
256,0.88092105272791388,2329,3,3,2331
256,0.88130141587676014,2330,3,3,2332
256,0.8816817790256064,2331,3,3,2333
256,0.88206214217445256,2332,3,3,2334
256,0.88244250532329882,2333,3,3,2335
256,0.88282286847214508,2334,3,3,2336
256,0.88320323162099135,2335,3,3,2337
256,0.88358359476983761,2336,3,3,2338
256,0.88396395791868387,2337,3,3,2339
256,0.88434432106753014,2338,3,3,2340
256,0.8847246842163764,2339,3,3,2341
256,0.88510504736522266,2340,3,3,2342
256,0.88548541051406882,2341,3,3,2343
256,0.88586577366291508,2342,3,3,2344
256,0.88624613681176134,2343,3,3,2345
256,0.88662649996060761,2344,3,3,2346
256,0.88700686310945387,2345,3,3,2347
256,0.88738722625830013,2346,3,3,2348
256,0.8877675894071464,2347,3,3,2349
256,0.88814795255599255,2348,3,3,2350
256,0.88852831570483881,2349,3,3,2351
256,0.88890867885368507,2350,3,3,2352
256,0.88928904200253134,2351,3,3,2353
256,0.8896694051513776,2352,3,3,2354
256,0.89004976830022386,2353,3,3,2355
256,0.89043013144907013,2354,3,3,2356
256,0.89081049459791639,2355,3,3,2357
256,0.89119085774676265,2356,3,3,2358
256,0.89157122089560881,2357,3,3,2359
256,0.89195158404445507,2358,3,3,2360
256,0.89233194719330133,2359,3,3,2361
256,0.8927123103421476,2360,3,3,2362
256,0.89309267349099386,2361,3,3,2363
256,0.89347303663984012,2362,3,3,2364
256,0.89385339978868639,2363,3,3,2365
256,0.89423376293753254,2364,3,3,2366
256,0.8946141260863788,2365,3,3,2367
256,0.89499448923522507,2366,3,3,2368
256,0.89537485238407133,2367,3,3,2369
256,0.89575521553291759,2368,3,3,2370
256,0.89613557868176386,2369,3,3,2371
256,0.89651594183061012,2370,3,3,2372
256,0.89689630497945638,2371,3,3,2373
256,0.89727666812830265,2372,3,3,2374
256,0.8976570312771488,2373,3,3,2375
256,0.89803739442599506,2374,3,3,2376
256,0.89841775757484132,2375,3,3,2377
256,0.89879812072368759,2376,3,3,2378
256,0.89917848387253385,2377,3,3,2379
256,0.89955884702138011,2378,3,3,2380
256,0.89993921017022638,2379,3,3,2381
256,0.90031957331907253,2380,3,3,2382
256,0.90069993646791879,2381,3,3,2383
256,0.90108029961676506,2382,3,3,2384
256,0.90146066276561132,2383,3,3,2385
256,0.90184102591445758,2384,3,3,2386
256,0.90222138906330385,2385,3,3,2387
256,0.90260175221215011,2386,3,3,2388
256,0.90298211536099637,2387,3,3,2389
256,0.90336247850984264,2388,3,3,2390
256,0.90374284165868879,2389,3,3,2391
256,0.90412320480753505,2390,3,3,2392
256,0.90450356795638132,2391,3,3,2393
256,0.90488393110522758,2392,3,3,2394
256,0.90526429425407384,2393,3,3,2395
256,0.90564465740292011,2394,3,3,2396
256,0.90602502055176637,2395,3,3,2397
256,0.90640538370061252,2396,3,3,2398
256,0.90678574684945878,2397,3,3,2399
256,0.90716610999830505,2398,3,3,2400
256,0.90754647314715131,2399,3,3,2401
256,0.90792683629599757,2400,3,3,2402
256,0.90830719944484384,2401,3,3,2403
256,0.9086875625936901,2402,3,3,2404
256,0.90906792574253636,2403,3,3,2405
256,0.90944828889138263,2404,3,3,2406
256,0.90982865204022878,2405,3,3,2407
256,0.91020901518907504,2406,3,3,2408
256,0.91058937833792131,2407,3,3,2409
256,0.91096974148676757,2408,3,3,2410
256,0.91135010463561383,2409,3,3,2411
256,0.9117304677844601,2410,3,3,2412
256,0.91211083093330636,2411,3,3,2413
256,0.91249119408215251,2412,3,3,2414
256,0.91287155723099878,2413,3,3,2415
256,0.91325192037984504,2414,3,3,2416
256,0.9136322835286913,2415,3,3,2417
256,0.91401264667753757,2416,3,3,2418
256,0.91439300982638383,2417,3,3,2419
256,0.91477337297523009,2418,3,3,2420
256,0.91515373612407636,2419,3,3,2421
256,0.91553409927292262,2420,3,3,2422
256,0.91591446242176877,2421,3,3,2423
256,0.91629482557061503,2422,3,3,2424
256,0.9166751887194613,2423,3,3,2425
256,0.91705555186830756,2424,3,3,2426
256,0.91743591501715382,2425,3,3,2427
256,0.91781627816600009,2426,3,3,2428
256,0.91819664131484635,2427,3,3,2429
256,0.9185770044636925,2428,3,3,2430
256,0.91895736761253877,2429,3,3,2431
256,0.91933773076138503,2430,3,3,2432
256,0.91971809391023129,2431,3,3,2433
256,0.92009845705907756,2432,3,3,2434
256,0.92047882020792382,2433,3,3,2435
256,0.92085918335677008,2434,3,3,2436
256,0.92123954650561635,2435,3,3,2437
256,0.92161990965446261,2436,3,3,2438
256,0.92200027280330876,2437,3,3,2439
256,0.92238063595215503,2438,3,3,2440
256,0.92276099910100129,2439,3,3,2441
256,0.92314136224984755,2440,3,3,2442
256,0.92352172539869382,2441,3,3,2443
256,0.92390208854754008,2442,3,3,2444
256,0.92428245169638634,2443,3,3,2445
256,0.92466281484523249,2444,3,3,2446
256,0.92504317799407876,2445,3,3,2447
256,0.92542354114292502,2446,3,3,2448
256,0.92580390429177128,2447,3,3,2449
256,0.92618426744061755,2448,3,3,2450
256,0.92656463058946381,2449,3,3,2451
256,0.92694499373831007,2450,3,3,2452
256,0.92732535688715634,2451,3,3,2453
256,0.9277057200360026,2452,3,3,2454
256,0.92808608318484875,2453,3,3,2455
256,0.92846644633369502,2454,3,3,2456
256,0.92884680948254128,2455,3,3,2457
256,0.92922717263138754,2456,3,3,2458
256,0.92960753578023381,2457,3,3,2459
256,0.92998789892908007,2458,3,3,2460
256,0.93036826207792633,2459,3,3,2461
256,0.93074862522677249,2460,3,3,2462
256,0.93112898837561875,2461,3,3,2463
256,0.93150935152446501,2462,3,3,2464
256,0.93188971467331128,2463,3,3,2465
256,0.93227007782215754,2464,3,3,2466
256,0.9326504409710038,2465,3,3,2467
256,0.93303080411985007,2466,3,3,2468
256,0.93341116726869633,2467,3,3,2469
256,0.93379153041754259,2468,3,3,2470
256,0.93417189356638874,2469,3,3,2471
256,0.93455225671523501,2470,3,3,2472
256,0.93493261986408127,2471,3,3,2473
256,0.93531298301292753,2472,3,3,2474
256,0.9356933461617738,2473,3,3,2475
256,0.93607370931062006,2474,3,3,2476
256,0.93645407245946632,2475,3,3,2477
256,0.93683443560831248,2476,3,3,2478
256,0.93721479875715874,2477,3,3,2479
256,0.937595161906005,2478,3,3,2480
256,0.93797552505485127,2479,3,3,2481
256,0.93835588820369753,2480,3,3,2482
256,0.93873625135254379,2481,3,3,2483
256,0.93911661450139006,2482,3,3,2484
256,0.93949697765023632,2483,3,3,2485
256,0.93987734079908258,2484,3,3,2486
256,0.94025770394792874,2485,3,3,2487
256,0.940638067096775,2486,3,3,2488
256,0.94101843024562126,2487,3,3,2489
256,0.94139879339446753,2488,3,3,2490
256,0.94177915654331379,2489,3,3,2491
256,0.94215951969216005,2490,3,3,2492
256,0.94253988284100632,2491,3,3,2493
256,0.94292024598985247,2492,3,3,2494
256,0.94330060913869873,2493,3,3,2495
256,0.94368097228754499,2494,3,3,2496
256,0.94406133543639126,2495,3,3,2497
256,0.94444169858523752,2496,3,3,2498
256,0.94482206173408378,2497,3,3,2499
256,0.94520242488293005,2498,3,3,2500
256,0.94558278803177631,2499,3,3,2501
256,0.94596315118062257,2500,3,3,2502
256,0.94634351432946873,2501,3,3,2503
256,0.94672387747831499,2502,3,3,2504
256,0.94710424062716125,2503,3,3,2505
256,0.94748460377600752,2504,3,3,2506
256,0.94786496692485378,2505,3,3,2507
256,0.94824533007370004,2506,3,3,2508
256,0.94862569322254631,2507,3,3,2509
256,0.94900605637139246,2508,3,3,2510
256,0.94938641952023872,2509,3,3,2511
256,0.94976678266908499,2510,3,3,2512
256,0.95014714581793125,2511,3,3,2513
256,0.95052750896677751,2512,3,3,2514
256,0.95090787211562378,2513,3,3,2515
256,0.95128823526447004,2514,3,3,2516
256,0.9516685984133163,2515,3,3,2517
256,0.95204896156216257,2516,3,3,2518
256,0.95242932471100872,2517,3,3,2519
256,0.95280968785985498,2518,3,3,2520
256,0.95319005100870124,2519,3,3,2521
256,0.95357041415754751,2520,3,3,2522
256,0.95395077730639377,2521,3,3,2523
256,0.95433114045524003,2522,3,3,2524
256,0.9547115036040863,2523,3,3,2525
256,0.95509186675293245,2524,3,3,2526
256,0.95547222990177871,2525,3,3,2527
256,0.95585259305062498,2526,3,3,2528
256,0.95623295619947124,2527,3,3,2529
256,0.9566133193483175,2528,3,3,2530
256,0.95699368249716377,2529,3,3,2531
256,0.95737404564601003,2530,3,3,2532
256,0.95775440879485629,2531,3,3,2533
256,0.95813477194370256,2532,3,3,2534
256,0.95851513509254871,2533,3,3,2535
256,0.95889549824139497,2534,3,3,2536
256,0.95927586139024124,2535,3,3,2537
256,0.9596562245390875,2536,3,3,2538
256,0.96003658768793376,2537,3,3,2539
256,0.96041695083678003,2538,3,3,2540
256,0.96079731398562629,2539,3,3,2541
256,0.96117767713447244,2540,3,3,2542
256,0.9615580402833187,2541,3,3,2543
256,0.96193840343216497,2542,3,3,2544
256,0.96231876658101123,2543,3,3,2545
256,0.96269912972985749,2544,3,3,2546
256,0.96307949287870376,2545,3,3,2547
256,0.96345985602755002,2546,3,3,2548
256,0.96384021917639628,2547,3,3,2549
256,0.96422058232524255,2548,3,3,2550
256,0.9646009454740887,2549,3,3,2551
256,0.96498130862293496,2550,3,3,2552
256,0.96536167177178123,2551,3,3,2553
256,0.96574203492062749,2552,3,3,2554
256,0.96612239806947375,2553,3,3,2555
256,0.96650276121832002,2554,3,3,2556
256,0.96688312436716628,2555,3,3,2557
256,0.96726348751601243,2556,3,3,2558
256,0.9676438506648587,2557,3,3,2559
256,0.96802421381370496,2558,3,3,2560
256,0.96840457696255122,2559,3,3,2561
256,0.96878494011139749,2560,3,3,2562
256,0.96916530326024375,2561,3,3,2563
256,0.96954566640909001,2562,3,3,2564
256,0.96992602955793628,2563,3,3,2565
256,0.97030639270678254,2564,3,3,2566
256,0.97068675585562869,2565,3,3,2567
256,0.97106711900447495,2566,3,3,2568
256,0.97144748215332122,2567,3,3,2569
256,0.97182784530216748,2568,3,3,2570
256,0.97220820845101374,2569,3,3,2571
256,0.97258857159986001,2570,3,3,2572
256,0.97296893474870627,2571,3,3,2573
256,0.97334929789755242,2572,3,3,2574
256,0.97372966104639869,2573,3,3,2575
256,0.97411002419524495,2574,3,3,2576
256,0.97449038734409121,2575,3,3,2577
256,0.97487075049293748,2576,3,3,2578
256,0.97525111364178374,2577,3,3,2579
256,0.97563147679063,2578,3,3,2580
256,0.97601183993947627,2579,3,3,2581
256,0.97639220308832253,2580,3,3,2582
256,0.97677256623716868,2581,3,3,2583
256,0.97715292938601495,2582,3,3,2584
256,0.97753329253486121,2583,3,3,2585
256,0.97791365568370747,2584,3,3,2586
256,0.97829401883255374,2585,3,3,2587
256,0.9786743819814,2586,3,3,2588
256,0.97905474513024626,2587,3,3,2589
256,0.97943510827909241,2588,3,3,2590
256,0.97981547142793868,2589,3,3,2591
256,0.98019583457678494,2590,3,3,2592
256,0.9805761977256312,2591,3,3,2593
256,0.98095656087447747,2592,3,3,2594
256,0.98133692402332373,2593,3,3,2595
256,0.98171728717216999,2594,3,3,2596
256,0.98209765032101626,2595,3,3,2597
256,0.98247801346986252,2596,3,3,2598
256,0.98285837661870867,2597,3,3,2599
256,0.98323873976755494,2598,3,3,2600
256,0.9836191029164012,2599,3,3,2601
256,0.98399946606524746,2600,3,3,2602
256,0.98437982921409373,2601,3,3,2603
256,0.98476019236293999,2602,3,3,2604
256,0.98514055551178625,2603,3,3,2605
256,0.98552091866063241,2604,3,3,2606
256,0.98590128180947867,2605,3,3,2607
256,0.98628164495832493,2606,3,3,2608
256,0.9866620081071712,2607,3,3,2609
256,0.98704237125601746,2608,3,3,2610
256,0.98742273440486372,2609,3,3,2611
256,0.98780309755370999,2610,3,3,2612
256,0.98818346070255625,2611,3,3,2613
256,0.98856382385140251,2612,3,3,2614
256,0.98894418700024866,2613,3,3,2615
256,0.98932455014909493,2614,3,3,2616
256,0.98970491329794119,2615,3,3,2617
256,0.99008527644678745,2616,3,3,2618
256,0.99046563959563372,2617,3,3,2619
256,0.99084600274447998,2618,3,3,2620
256,0.99122636589332624,2619,3,3,2621
256,0.9916067290421724,2620,3,3,2622
256,0.99198709219101866,2621,3,3,2623
256,0.99236745533986492,2622,3,3,2624
256,0.99274781848871119,2623,3,3,2625
256,0.99312818163755745,2624,3,3,2626
256,0.99350854478640371,2625,3,3,2627
256,0.99388890793524998,2626,3,3,2628
256,0.99426927108409624,2627,3,3,2629
256,0.9946496342329425,2628,3,3,2630
256,0.99502999738178866,2629,3,3,2631
256,0.99541036053063492,2630,3,3,2632
256,0.99579072367948118,2631,3,3,2633
256,0.99617108682832745,2632,3,3,2634
256,0.99655144997717371,2633,3,3,2635
256,0.99693181312601997,2634,3,3,2636
256,0.99731217627486624,2635,3,3,2637
256,0.99769253942371239,2636,3,3,2638
256,0.99807290257255865,2637,3,3,2639
256,0.99845326572140491,2638,3,3,2640
256,0.99883362887025118,2639,3,3,2641
256,0.99921399201909744,2640,3,3,2642
256,0.9995943551679437,2641,3,3,2643
256,0.99997471831678997,2642,3,3,2644
256,1.0003550814656361,2643,3,3,2645
256,1.0007354446144823,2644,3,3,2646
256,1.0011158077633286,2645,3,3,2647
256,1.001496170912175,2646,3,3,2648
256,1.0018765340610212,2647,3,3,2649
256,1.0022568972098673,2648,3,3,2650
256,1.0026372603587137,2649,3,3,2651
256,1.0030176235075601,2650,3,3,2652
256,1.0033979866564062,2651,3,3,2653
256,1.0037783498052524,2652,3,3,2654
256,1.0041587129540988,2653,3,3,2655
256,1.0045390761029451,2654,3,3,2656
256,1.0049194392517913,2655,3,3,2657
256,1.0052998024006374,2656,3,3,2658
256,1.0056801655494838,2657,3,3,2659
256,1.0060605286983302,2658,3,3,2660
256,1.0064408918471763,2659,3,3,2661
256,1.0068212549960225,2660,3,3,2662
256,1.0072016181448689,2661,3,3,2663
256,1.0075819812937152,2662,3,3,2664
256,1.0079623444425614,2663,3,3,2665
256,1.0083427075914075,2664,3,3,2666
256,1.0087230707402539,2665,3,3,2667
256,1.0091034338891003,2666,3,3,2668
256,1.0094837970379464,2667,3,3,2669
256,1.0098641601867926,2668,3,3,2670
256,1.010244523335639,2669,3,3,2671
256,1.0106248864844853,2670,3,3,2672
256,1.0110052496333315,2671,3,3,2673
256,1.0113856127821776,2672,3,3,2674
256,1.011765975931024,2673,3,3,2675
256,1.0121463390798704,2674,3,3,2676
256,1.0125267022287165,2675,3,3,2677
256,1.0129070653775627,2676,3,3,2678
256,1.0132874285264091,2677,3,3,2679
256,1.0136677916752554,2678,3,3,2680
256,1.0140481548241016,2679,3,3,2681
256,1.0144285179729478,2680,3,3,2682
256,1.0148088811217941,2681,3,3,2683
256,1.0151892442706405,2682,3,3,2684
256,1.0155696074194867,2683,3,3,2685
256,1.0159499705683328,2684,3,3,2686
256,1.0163303337171792,2685,3,3,2687
256,1.0167106968660256,2686,3,3,2688
256,1.0170910600148717,2687,3,3,2689
256,1.0174714231637179,2688,3,3,2690
256,1.0178517863125642,2689,3,3,2691
256,1.0182321494614106,2690,3,3,2692
256,1.0186125126102568,2691,3,3,2693
256,1.0189928757591029,2692,3,3,2694
256,1.0193732389079493,2693,3,3,2695
256,1.0197536020567957,2694,3,3,2696
256,1.0201339652056418,2695,3,3,2697
256,1.020514328354488,2696,3,3,2698
256,1.0208946915033343,2697,3,3,2699
256,1.0212750546521807,2698,3,3,2700
256,1.0216554178010269,2699,3,3,2701
256,1.022035780949873,2700,3,3,2702
256,1.0224161440987194,2701,3,3,2703
256,1.0227965072475658,2702,3,3,2704
256,1.0231768703964119,2703,3,3,2705
256,1.0235572335452581,2704,3,3,2706
256,1.0239375966941044,2705,3,3,2707
256,1.0243179598429508,2706,3,3,2708
256,1.024698322991797,2707,3,3,2709
256,1.0250786861406431,2708,3,3,2710
256,1.0254590492894895,2709,3,3,2711
256,1.0258394124383359,2710,3,3,2712
256,1.026219775587182,2711,3,3,2713
256,1.0266001387360282,2712,3,3,2714
256,1.0269805018848746,2713,3,3,2715
256,1.0273608650337209,2714,3,3,2716
256,1.0277412281825671,2715,3,3,2717
256,1.0281215913314132,2716,3,3,2718
256,1.0285019544802596,2717,3,3,2719
256,1.028882317629106,2718,3,3,2720
256,1.0292626807779521,2719,3,3,2721
256,1.0296430439267983,2720,3,3,2722
256,1.0300234070756447,2721,3,3,2723
256,1.030403770224491,2722,3,3,2724
256,1.0307841333733372,2723,3,3,2725
256,1.0311644965221833,2724,3,3,2726
256,1.0315448596710297,2725,3,3,2727
256,1.0319252228198761,2726,3,3,2728
256,1.0323055859687222,2727,3,3,2729
256,1.0326859491175684,2728,3,3,2730
256,1.0330663122664148,2729,3,3,2731
256,1.0334466754152611,2730,3,3,2732
256,1.0338270385641073,2731,3,3,2733
256,1.0342074017129534,2732,3,3,2734
256,1.0345877648617998,2733,3,3,2735
256,1.0349681280106462,2734,3,3,2736
256,1.0353484911594923,2735,3,3,2737
256,1.0357288543083385,2736,3,3,2738
256,1.0361092174571849,2737,3,3,2739
256,1.0364895806060312,2738,3,3,2740
256,1.0368699437548774,2739,3,3,2741
256,1.0372503069037236,2740,3,3,2742
256,1.0376306700525699,2741,3,3,2743
256,1.0380110332014163,2742,3,3,2744
256,1.0383913963502625,2743,3,3,2745
256,1.0387717594991086,2744,3,3,2746
256,1.039152122647955,2745,3,3,2747
256,1.0395324857968014,2746,3,3,2748
256,1.0399128489456475,2747,3,3,2749
256,1.0402932120944937,2748,3,3,2750
256,1.04067357524334,2749,3,3,2751
256,1.0410539383921864,2750,3,3,2752
256,1.0414343015410326,2751,3,3,2753
256,1.0418146646898787,2752,3,3,2754
256,1.0421950278387251,2753,3,3,2755
256,1.0425753909875715,2754,3,3,2756
256,1.0429557541364176,2755,3,3,2757
256,1.0433361172852638,2756,3,3,2758
256,1.0437164804341101,2757,3,3,2759
256,1.0440968435829565,2758,3,3,2760
256,1.0444772067318027,2759,3,3,2761
256,1.0448575698806488,2760,3,3,2762
256,1.0452379330294952,2761,3,3,2763
256,1.0456182961783416,2762,3,3,2764
256,1.0459986593271877,2763,3,3,2765
256,1.0463790224760339,2764,3,3,2766
256,1.0467593856248802,2765,3,3,2767
256,1.0471397487737266,2766,3,3,2768
256,1.0475201119225728,2767,3,3,2769
256,1.0479004750714189,2768,3,3,2770
256,1.0482808382202653,2769,3,3,2771
256,1.0486612013691117,2770,3,3,2772
256,1.0490415645179578,2771,3,3,2773
256,1.049421927666804,2772,3,3,2774
256,1.0498022908156504,2773,3,3,2775
256,1.0501826539644967,2774,3,3,2776
256,1.0505630171133429,2775,3,3,2777
256,1.050943380262189,2776,3,3,2778
256,1.0513237434110354,2777,3,3,2779
256,1.0517041065598818,2778,3,3,2780
256,1.0520844697087279,2779,3,3,2781
256,1.0524648328575741,2780,3,3,2782
256,1.0528451960064205,2781,3,3,2783
256,1.0532255591552668,2782,3,3,2784
256,1.053605922304113,2783,3,3,2785
256,1.0539862854529591,2784,3,3,2786
256,1.0543666486018055,2785,3,3,2787
256,1.0547470117506519,2786,3,3,2788
256,1.055127374899498,2787,3,3,2789
256,1.0555077380483442,2788,3,3,2790
256,1.0558881011971906,2789,3,3,2791
256,1.0562684643460369,2790,3,3,2792
256,1.0566488274948831,2791,3,3,2793
256,1.0570291906437292,2792,3,3,2794
256,1.0574095537925756,2793,3,3,2795
256,1.057789916941422,2794,3,3,2796
256,1.0581702800902681,2795,3,3,2797
256,1.0585506432391143,2796,3,3,2798
256,1.0589310063879607,2797,3,3,2799
256,1.059311369536807,2798,3,3,2800
256,1.0596917326856532,2799,3,3,2801
256,1.0600720958344994,2800,3,3,2802
256,1.0604524589833457,2801,3,3,2803
256,1.0608328221321921,2802,3,3,2804
256,1.0612131852810383,2803,3,3,2805
256,1.0615935484298844,2804,3,3,2806
256,1.0619739115787308,2805,3,3,2807
256,1.0623542747275772,2806,3,3,2808
256,1.0627346378764233,2807,3,3,2809
256,1.0631150010252695,2808,3,3,2810
256,1.0634953641741158,2809,3,3,2811
256,1.0638757273229622,2810,3,3,2812
256,1.0642560904718084,2811,3,3,2813
256,1.0646364536206545,2812,3,3,2814
256,1.0650168167695009,2813,3,3,2815
256,1.0653971799183473,2814,3,3,2816
256,1.0657775430671934,2815,3,3,2817
256,1.0661579062160396,2816,3,3,2818
256,1.0665382693648859,2817,3,3,2819
256,1.0669186325137323,2818,3,3,2820
256,1.0672989956625785,2819,3,3,2821
256,1.0676793588114246,2820,3,3,2822
256,1.068059721960271,2821,3,3,2823
256,1.0684400851091174,2822,3,3,2824
256,1.0688204482579635,2823,3,3,2825
256,1.0692008114068097,2824,3,3,2826
256,1.069581174555656,2825,3,3,2827
256,1.0699615377045024,2826,3,3,2828
256,1.0703419008533486,2827,3,3,2829
256,1.0707222640021947,2828,3,3,2830
256,1.0711026271510411,2829,3,3,2831
256,1.0714829902998875,2830,3,3,2832
256,1.0718633534487336,2831,3,3,2833
256,1.0722437165975798,2832,3,3,2834
256,1.0726240797464262,2833,3,3,2835
256,1.0730044428952725,2834,3,3,2836
256,1.0733848060441187,2835,3,3,2837
256,1.0737651691929648,2836,3,3,2838
256,1.0741455323418112,2837,3,3,2839
256,1.0745258954906576,2838,3,3,2840
256,1.0749062586395037,2839,3,3,2841
256,1.0752866217883499,2840,3,3,2842
256,1.0756669849371963,2841,3,3,2843
256,1.0760473480860426,2842,3,3,2844
256,1.0764277112348888,2843,3,3,2845
256,1.0768080743837349,2844,3,3,2846
256,1.0771884375325813,2845,3,3,2847
256,1.0775688006814277,2846,3,3,2848
256,1.0779491638302738,2847,3,3,2849
256,1.07832952697912,2848,3,3,2850
256,1.0787098901279664,2849,3,3,2851
256,1.0790902532768127,2850,3,3,2852
256,1.0794706164256589,2851,3,3,2853
256,1.079850979574505,2852,3,3,2854
256,1.0802313427233514,2853,3,3,2855
256,1.0806117058721978,2854,3,3,2856
256,1.0809920690210439,2855,3,3,2857
256,1.0813724321698901,2856,3,3,2858
256,1.0817527953187365,2857,3,3,2859
256,1.0821331584675828,2858,3,3,2860
256,1.082513521616429,2859,3,3,2861
256,1.0828938847652751,2860,3,3,2862
256,1.0832742479141215,2861,3,3,2863
256,1.0836546110629679,2862,3,3,2864
256,1.0840349742118141,2863,3,3,2865
256,1.0844153373606602,2864,3,3,2866
256,1.0847957005095066,2865,3,3,2867
256,1.085176063658353,2866,3,3,2868
256,1.0855564268071991,2867,3,3,2869
256,1.0859367899560453,2868,3,3,2870
256,1.0863171531048916,2869,3,3,2871
256,1.086697516253738,2870,3,3,2872
256,1.0870778794025842,2871,3,3,2873
256,1.0874582425514303,2872,3,3,2874
256,1.0878386057002767,2873,3,3,2875
256,1.0882189688491231,2874,3,3,2876
256,1.0885993319979692,2875,3,3,2877
256,1.0889796951468154,2876,3,3,2878
256,1.0893600582956617,2877,3,3,2879
256,1.0897404214445081,2878,3,3,2880
256,1.0901207845933543,2879,3,3,2881
256,1.0905011477422004,2880,3,3,2882
256,1.0908815108910468,2881,3,3,2883
256,1.0912618740398932,2882,3,3,2884
256,1.0916422371887393,2883,3,3,2885
256,1.0920226003375855,2884,3,3,2886
256,1.0924029634864318,2885,3,3,2887
256,1.0927833266352782,2886,3,3,2888
256,1.0931636897841244,2887,3,3,2889
256,1.0935440529329705,2888,3,3,2890
256,1.0939244160818169,2889,3,3,2891
256,1.0943047792306633,2890,3,3,2892
256,1.0946851423795094,2891,3,3,2893
256,1.0950655055283556,2892,3,3,2894
256,1.095445868677202,2893,3,3,2895
256,1.0958262318260483,2894,3,3,2896
256,1.0962065949748945,2895,3,3,2897
256,1.0965869581237406,2896,3,3,2898
256,1.096967321272587,2897,3,3,2899
256,1.0973476844214334,2898,3,3,2900
256,1.0977280475702795,2899,3,3,2901
256,1.0981084107191257,2900,3,3,2902
256,1.0984887738679721,2901,3,3,2903
256,1.0988691370168184,2902,3,3,2904
256,1.0992495001656646,2903,3,3,2905
256,1.0996298633145107,2904,3,3,2906
256,1.1000102264633571,2905,3,3,2907
256,1.1003905896122035,2906,3,3,2908
256,1.1007709527610496,2907,3,3,2909
256,1.1011513159098958,2908,3,3,2910
256,1.1015316790587422,2909,3,3,2911
256,1.1019120422075885,2910,3,3,2912
256,1.1022924053564347,2911,3,3,2913
256,1.1026727685052808,2912,3,3,2914
256,1.1030531316541272,2913,3,3,2915
256,1.1034334948029736,2914,3,3,2916
256,1.1038138579518197,2915,3,3,2917
256,1.1041942211006659,2916,3,3,2918
256,1.1045745842495123,2917,3,3,2919
256,1.1049549473983586,2918,3,3,2920
256,1.1053353105472048,2919,3,3,2921
256,1.1057156736960509,2920,3,3,2922
256,1.1060960368448973,2921,3,3,2923
256,1.1064763999937437,2922,3,3,2924
256,1.1068567631425899,2923,3,3,2925
256,1.107237126291436,2924,3,3,2926
256,1.1076174894402824,2925,3,3,2927
256,1.1079978525891288,2926,3,3,2928
256,1.1083782157379749,2927,3,3,2929
256,1.1087585788868211,2928,3,3,2930
256,1.1091389420356674,2929,3,3,2931
256,1.1095193051845138,2930,3,3,2932
256,1.10989966833336,2931,3,3,2933
256,1.1102800314822061,2932,3,3,2934
256,1.1106603946310525,2933,3,3,2935
256,1.1110407577798989,2934,3,3,2936
256,1.111421120928745,2935,3,3,2937
256,1.1118014840775912,2936,3,3,2938
256,1.1121818472264375,2937,3,3,2939
256,1.1125622103752839,2938,3,3,2940
256,1.1129425735241301,2939,3,3,2941
256,1.1133229366729762,2940,3,3,2942
256,1.1137032998218226,2941,3,3,2943
256,1.114083662970669,2942,3,3,2944
256,1.1144640261195151,2943,3,3,2945
256,1.1148443892683613,2944,3,3,2946
256,1.1152247524172076,2945,3,3,2947
256,1.115605115566054,2946,3,3,2948
256,1.1159854787149002,2947,3,3,2949
256,1.1163658418637463,2948,3,3,2950
256,1.1167462050125927,2949,3,3,2951
256,1.1171265681614391,2950,3,3,2952
256,1.1175069313102852,2951,3,3,2953
256,1.1178872944591314,2952,3,3,2954
256,1.1182676576079777,2953,3,3,2955
256,1.1186480207568241,2954,3,3,2956
256,1.1190283839056703,2955,3,3,2957
256,1.1194087470545164,2956,3,3,2958
256,1.1197891102033628,2957,3,3,2959
256,1.1201694733522092,2958,3,3,2960
256,1.1205498365010553,2959,3,3,2961
256,1.1209301996499015,2960,3,3,2962
256,1.1213105627987479,2961,3,3,2963
256,1.1216909259475942,2962,3,3,2964
256,1.1220712890964404,2963,3,3,2965
256,1.1224516522452865,2964,3,3,2966
256,1.1228320153941329,2965,3,3,2967
256,1.1232123785429793,2966,3,3,2968
256,1.1235927416918254,2967,3,3,2969
256,1.1239731048406716,2968,3,3,2970
256,1.124353467989518,2969,3,3,2971
256,1.1247338311383643,2970,3,3,2972
256,1.1251141942872105,2971,3,3,2973
256,1.1254945574360566,2972,3,3,2974
256,1.125874920584903,2973,3,3,2975
256,1.1262552837337494,2974,3,3,2976
256,1.1266356468825955,2975,3,3,2977
256,1.1270160100314417,2976,3,3,2978
256,1.1273963731802881,2977,3,3,2979
256,1.1277767363291344,2978,3,3,2980
256,1.1281570994779806,2979,3,3,2981
256,1.1285374626268267,2980,3,3,2982
256,1.1289178257756731,2981,3,3,2983
256,1.1292981889245195,2982,3,3,2984
256,1.1296785520733656,2983,3,3,2985
256,1.1300589152222118,2984,3,3,2986
256,1.1304392783710582,2985,3,3,2987
256,1.1308196415199046,2986,3,3,2988
256,1.1312000046687507,2987,3,3,2989
256,1.1315803678175969,2988,3,3,2990
256,1.1319607309664432,2989,3,3,2991
256,1.1323410941152896,2990,3,3,2992
256,1.1327214572641358,2991,3,3,2993
256,1.1331018204129819,2992,3,3,2994
256,1.1334821835618283,2993,3,3,2995
256,1.1338625467106747,2994,3,3,2996
256,1.1342429098595208,2995,3,3,2997
256,1.134623273008367,2996,3,3,2998
256,1.1350036361572133,2997,3,3,2999
256,1.1353839993060597,2998,3,3,3000
256,1.1357643624549059,2999,3,3,3001
256,1.136144725603752,3000,3,3,3002
256,1.1365250887525984,3001,3,3,3003
256,1.1369054519014448,3002,3,3,3004
256,1.1372858150502909,3003,3,3,3005
256,1.1376661781991371,3004,3,3,3006
256,1.1380465413479834,3005,3,3,3007
256,1.1384269044968298,3006,3,3,3008
256,1.138807267645676,3007,3,3,3009
256,1.1391876307945221,3008,3,3,3010
256,1.1395679939433685,3009,3,3,3011
256,1.1399483570922149,3010,3,3,3012
256,1.140328720241061,3011,3,3,3013
256,1.1407090833899072,3012,3,3,3014
256,1.1410894465387535,3013,3,3,3015
256,1.1414698096875999,3014,3,3,3016
256,1.1418501728364461,3015,3,3,3017
256,1.1422305359852922,3016,3,3,3018
256,1.1426108991341386,3017,3,3,3019
256,1.142991262282985,3018,3,3,3020
256,1.1433716254318311,3019,3,3,3021
256,1.1437519885806773,3020,3,3,3022
256,1.1441323517295237,3021,3,3,3023
256,1.14451271487837,3022,3,3,3024
256,1.1448930780272162,3023,3,3,3025
256,1.1452734411760623,3024,3,3,3026
256,1.1456538043249087,3025,3,3,3027
256,1.1460341674737551,3026,3,3,3028
256,1.1464145306226012,3027,3,3,3029
256,1.1467948937714474,3028,3,3,3030
256,1.1471752569202938,3029,3,3,3031
256,1.1475556200691401,3030,3,3,3032
256,1.1479359832179863,3031,3,3,3033
256,1.1483163463668324,3032,3,3,3034
256,1.1486967095156788,3033,3,3,3035
256,1.1490770726645252,3034,3,3,3036
256,1.1494574358133713,3035,3,3,3037
256,1.1498377989622175,3036,3,3,3038
256,1.1502181621110639,3037,3,3,3039
256,1.1505985252599102,3038,3,3,3040
256,1.1509788884087564,3039,3,3,3041
256,1.1513592515576025,3040,3,3,3042
256,1.1517396147064489,3041,3,3,3043
256,1.1521199778552953,3042,3,3,3044
256,1.1525003410041414,3043,3,3,3045
256,1.1528807041529876,3044,3,3,3046
256,1.153261067301834,3045,3,3,3047
256,1.1536414304506803,3046,3,3,3048
256,1.1540217935995265,3047,3,3,3049
256,1.1544021567483727,3048,3,3,3050
256,1.154782519897219,3049,3,3,3051
256,1.1551628830460654,3050,3,3,3052
256,1.1555432461949116,3051,3,3,3053
256,1.1559236093437577,3052,3,3,3054
256,1.1563039724926041,3053,3,3,3055
256,1.1566843356414505,3054,3,3,3056
256,1.1570646987902966,3055,3,3,3057
256,1.1574450619391428,3056,3,3,3058
256,1.1578254250879891,3057,3,3,3059
256,1.1582057882368355,3058,3,3,3060
256,1.1585861513856817,3059,3,3,3061
256,1.1589665145345278,3060,3,3,3062
256,1.1593468776833742,3061,3,3,3063
256,1.1597272408322206,3062,3,3,3064
256,1.1601076039810667,3063,3,3,3065
256,1.1604879671299129,3064,3,3,3066
256,1.1608683302787592,3065,3,3,3067
256,1.1612486934276056,3066,3,3,3068
256,1.1616290565764518,3067,3,3,3069
256,1.1620094197252979,3068,3,3,3070
256,1.1623897828741443,3069,3,3,3071
256,1.1627701460229907,3070,3,3,3072
256,1.1631505091718368,3071,3,3,3073
256,1.163530872320683,3072,3,3,3074
256,1.1639112354695293,3073,3,3,3075
256,1.1642915986183757,3074,3,3,3076
256,1.1646719617672219,3075,3,3,3077
256,1.165052324916068,3076,3,3,3078
256,1.1654326880649144,3077,3,3,3079
256,1.1658130512137608,3078,3,3,3080
256,1.1661934143626069,3079,3,3,3081
256,1.1665737775114531,3080,3,3,3082
256,1.1669541406602995,3081,3,3,3083
256,1.1673345038091458,3082,3,3,3084
256,1.167714866957992,3083,3,3,3085
256,1.1680952301068381,3084,3,3,3086
256,1.1684755932556845,3085,3,3,3087
256,1.1688559564045309,3086,3,3,3088
256,1.169236319553377,3087,3,3,3089
256,1.1696166827022232,3088,3,3,3090
256,1.1699970458510696,3089,3,3,3091
256,1.1703774089999159,3090,3,3,3092
256,1.1707577721487621,3091,3,3,3093
256,1.1711381352976082,3092,3,3,3094
256,1.1715184984464546,3093,3,3,3095
256,1.171898861595301,3094,3,3,3096
256,1.1722792247441471,3095,3,3,3097
256,1.1726595878929933,3096,3,3,3098
256,1.1730399510418397,3097,3,3,3099
256,1.173420314190686,3098,3,3,3100
256,1.1738006773395322,3099,3,3,3101
256,1.1741810404883783,3100,3,3,3102
256,1.1745614036372247,3101,3,3,3103
256,1.1749417667860711,3102,3,3,3104
256,1.1753221299349172,3103,3,3,3105
256,1.1757024930837634,3104,3,3,3106
256,1.1760828562326098,3105,3,3,3107
256,1.1764632193814561,3106,3,3,3108
256,1.1768435825303023,3107,3,3,3109
256,1.1772239456791485,3108,3,3,3110
256,1.1776043088279948,3109,3,3,3111
256,1.1779846719768412,3110,3,3,3112
256,1.1783650351256874,3111,3,3,3113
256,1.1787453982745335,3112,3,3,3114
256,1.1791257614233799,3113,3,3,3115
256,1.1795061245722263,3114,3,3,3116
256,1.1798864877210724,3115,3,3,3117
256,1.1802668508699186,3116,3,3,3118
256,1.1806472140187649,3117,3,3,3119
256,1.1810275771676113,3118,3,3,3120
256,1.1814079403164575,3119,3,3,3121
256,1.1817883034653036,3120,3,3,3122
256,1.18216866661415,3121,3,3,3123
256,1.1825490297629964,3122,3,3,3124
256,1.1829293929118425,3123,3,3,3125
256,1.1833097560606887,3124,3,3,3126
256,1.183690119209535,3125,3,3,3127
256,1.1840704823583814,3126,3,3,3128
256,1.1844508455072276,3127,3,3,3129
256,1.1848312086560737,3128,3,3,3130
256,1.1852115718049201,3129,3,3,3131
256,1.1855919349537665,3130,3,3,3132
256,1.1859722981026126,3131,3,3,3133
256,1.1863526612514588,3132,3,3,3134
256,1.1867330244003051,3133,3,3,3135
256,1.1871133875491515,3134,3,3,3136
256,1.1874937506979977,3135,3,3,3137
256,1.1878741138468438,3136,3,3,3138
256,1.1882544769956902,3137,3,3,3139
256,1.1886348401445366,3138,3,3,3140
256,1.1890152032933827,3139,3,3,3141
256,1.1893955664422289,3140,3,3,3142
256,1.1897759295910753,3141,3,3,3143
256,1.1901562927399216,3142,3,3,3144
256,1.1905366558887678,3143,3,3,3145
256,1.1909170190376139,3144,3,3,3146
256,1.1912973821864603,3145,3,3,3147
256,1.1916777453353067,3146,3,3,3148
256,1.1920581084841528,3147,3,3,3149
256,1.192438471632999,3148,3,3,3150
256,1.1928188347818454,3149,3,3,3151
256,1.1931991979306917,3150,3,3,3152
256,1.1935795610795379,3151,3,3,3153
256,1.193959924228384,3152,3,3,3154
256,1.1943402873772304,3153,3,3,3155
256,1.1947206505260768,3154,3,3,3156
256,1.1951010136749229,3155,3,3,3157
256,1.1954813768237691,3156,3,3,3158
256,1.1958617399726155,3157,3,3,3159
256,1.1962421031214618,3158,3,3,3160
256,1.196622466270308,3159,3,3,3161
256,1.1970028294191541,3160,3,3,3162
256,1.1973831925680005,3161,3,3,3163
256,1.1977635557168469,3162,3,3,3164
256,1.198143918865693,3163,3,3,3165
256,1.1985242820145392,3164,3,3,3166
256,1.1989046451633856,3165,3,3,3167
256,1.1992850083122319,3166,3,3,3168
256,1.1996653714610781,3167,3,3,3169
256,1.2000457346099243,3168,3,3,3170
256,1.2004260977587706,3169,3,3,3171
256,1.200806460907617,3170,3,3,3172
256,1.2011868240564632,3171,3,3,3173
256,1.2015671872053093,3172,3,3,3174
256,1.2019475503541557,3173,3,3,3175
256,1.2023279135030021,3174,3,3,3176
256,1.2027082766518482,3175,3,3,3177
256,1.2030886398006944,3176,3,3,3178
256,1.2034690029495407,3177,3,3,3179
256,1.2038493660983871,3178,3,3,3180
256,1.2042297292472333,3179,3,3,3181
256,1.2046100923960794,3180,3,3,3182
256,1.2049904555449258,3181,3,3,3183
256,1.2053708186937722,3182,3,3,3184
256,1.2057511818426183,3183,3,3,3185
256,1.2061315449914645,3184,3,3,3186
256,1.2065119081403108,3185,3,3,3187
256,1.2068922712891572,3186,3,3,3188
256,1.2072726344380034,3187,3,3,3189
256,1.2076529975868495,3188,3,3,3190
256,1.2080333607356959,3189,3,3,3191
256,1.2084137238845423,3190,3,3,3192
256,1.2087940870333884,3191,3,3,3193
256,1.2091744501822346,3192,3,3,3194
256,1.2095548133310809,3193,3,3,3195
256,1.2099351764799273,3194,3,3,3196
256,1.2103155396287735,3195,3,3,3197
256,1.2106959027776196,3196,3,3,3198
256,1.211076265926466,3197,3,3,3199
256,1.2114566290753124,3198,3,3,3200
256,1.2118369922241585,3199,3,3,3201
256,1.2122173553730047,3200,3,3,3202
256,1.2125977185218511,3201,3,3,3203
256,1.2129780816706974,3202,3,3,3204
256,1.2133584448195436,3203,3,3,3205
256,1.2137388079683897,3204,3,3,3206
256,1.2141191711172361,3205,3,3,3207
256,1.2144995342660825,3206,3,3,3208
256,1.2148798974149286,3207,3,3,3209
256,1.2152602605637748,3208,3,3,3210
256,1.2156406237126212,3209,3,3,3211
256,1.2160209868614675,3210,3,3,3212
256,1.2164013500103137,3211,3,3,3213
256,1.2167817131591598,3212,3,3,3214
256,1.2171620763080062,3213,3,3,3215
256,1.2175424394568526,3214,3,3,3216
256,1.2179228026056987,3215,3,3,3217
256,1.2183031657545449,3216,3,3,3218
256,1.2186835289033913,3217,3,3,3219
256,1.2190638920522376,3218,3,3,3220
256,1.2194442552010838,3219,3,3,3221
256,1.2198246183499299,3220,3,3,3222
256,1.2202049814987763,3221,3,3,3223
256,1.2205853446476227,3222,3,3,3224
256,1.2209657077964688,3223,3,3,3225
256,1.221346070945315,3224,3,3,3226
256,1.2217264340941614,3225,3,3,3227
256,1.2221067972430077,3226,3,3,3228
256,1.2224871603918539,3227,3,3,3229
256,1.2228675235407001,3228,3,3,3230
256,1.2232478866895464,3229,3,3,3231
256,1.2236282498383928,3230,3,3,3232
256,1.224008612987239,3231,3,3,3233
256,1.2243889761360851,3232,3,3,3234
256,1.2247693392849315,3233,3,3,3235
256,1.2251497024337779,3234,3,3,3236
256,1.225530065582624,3235,3,3,3237
256,1.2259104287314702,3236,3,3,3238
256,1.2262907918803165,3237,3,3,3239
256,1.2266711550291629,3238,3,3,3240
256,1.2270515181780091,3239,3,3,3241
256,1.2274318813268552,3240,3,3,3242
256,1.2278122444757016,3241,3,3,3243
256,1.228192607624548,3242,3,3,3244
256,1.2285729707733941,3243,3,3,3245
256,1.2289533339222403,3244,3,3,3246
256,1.2293336970710866,3245,3,3,3247
256,1.229714060219933,3246,3,3,3248
256,1.2300944233687792,3247,3,3,3249
256,1.2304747865176253,3248,3,3,3250
256,1.2308551496664717,3249,3,3,3251
256,1.2312355128153181,3250,3,3,3252
256,1.2316158759641642,3251,3,3,3253
256,1.2319962391130104,3252,3,3,3254
256,1.2323766022618567,3253,3,3,3255
256,1.2327569654107031,3254,3,3,3256
256,1.2331373285595493,3255,3,3,3257
256,1.2335176917083954,3256,3,3,3258
256,1.2338980548572418,3257,3,3,3259
256,1.2342784180060882,3258,3,3,3260
256,1.2346587811549343,3259,3,3,3261
256,1.2350391443037805,3260,3,3,3262
256,1.2354195074526269,3261,3,3,3263
256,1.2357998706014732,3262,3,3,3264
256,1.2361802337503194,3263,3,3,3265
256,1.2365605968991655,3264,3,3,3266
256,1.2369409600480119,3265,3,3,3267
256,1.2373213231968583,3266,3,3,3268
256,1.2377016863457044,3267,3,3,3269
256,1.2380820494945506,3268,3,3,3270
256,1.238462412643397,3269,3,3,3271
256,1.2388427757922433,3270,3,3,3272
256,1.2392231389410895,3271,3,3,3273
256,1.2396035020899356,3272,3,3,3274
256,1.239983865238782,3273,3,3,3275
256,1.2403642283876284,3274,3,3,3276
256,1.2407445915364745,3275,3,3,3277
256,1.2411249546853207,3276,3,3,3278
256,1.2415053178341671,3277,3,3,3279
256,1.2418856809830134,3278,3,3,3280
256,1.2422660441318596,3279,3,3,3281
256,1.2426464072807057,3280,3,3,3282
256,1.2430267704295521,3281,3,3,3283
256,1.2434071335783985,3282,3,3,3284
256,1.2437874967272446,3283,3,3,3285
256,1.2441678598760908,3284,3,3,3286
256,1.2445482230249372,3285,3,3,3287
256,1.2449285861737835,3286,3,3,3288
256,1.2453089493226297,3287,3,3,3289
256,1.2456893124714759,3288,3,3,3290
256,1.2460696756203222,3289,3,3,3291
256,1.2464500387691686,3290,3,3,3292
256,1.2468304019180148,3291,3,3,3293
256,1.2472107650668609,3292,3,3,3294
256,1.2475911282157073,3293,3,3,3295
256,1.2479714913645537,3294,3,3,3296
256,1.2483518545133998,3295,3,3,3297
256,1.248732217662246,3296,3,3,3298
256,1.2491125808110923,3297,3,3,3299
256,1.2494929439599387,3298,3,3,3300
256,1.2498733071087849,3299,3,3,3301
256,1.250253670257631,3300,3,3,3302
256,1.2506340334064774,3301,3,3,3303
256,1.2510143965553238,3302,3,3,3304
256,1.2513947597041699,3303,3,3,3305
256,1.2517751228530161,3304,3,3,3306
256,1.2521554860018624,3305,3,3,3307
256,1.2525358491507088,3306,3,3,3308
256,1.252916212299555,3307,3,3,3309
256,1.2532965754484011,3308,3,3,3310
256,1.2536769385972475,3309,3,3,3311
256,1.2540573017460939,3310,3,3,3312
256,1.25443766489494,3311,3,3,3313
256,1.2548180280437862,3312,3,3,3314
256,1.2551983911926325,3313,3,3,3315
256,1.2555787543414789,3314,3,3,3316
256,1.2559591174903251,3315,3,3,3317
256,1.2563394806391712,3316,3,3,3318
256,1.2567198437880176,3317,3,3,3319
256,1.257100206936864,3318,3,3,3320
256,1.2574805700857101,3319,3,3,3321
256,1.2578609332345563,3320,3,3,3322
256,1.2582412963834027,3321,3,3,3323
256,1.258621659532249,3322,3,3,3324
256,1.2590020226810952,3323,3,3,3325
256,1.2593823858299413,3324,3,3,3326
256,1.2597627489787877,3325,3,3,3327
256,1.2601431121276341,3326,3,3,3328
256,1.2605234752764802,3327,3,3,3329
256,1.2609038384253264,3328,3,3,3330
256,1.2612842015741728,3329,3,3,3331
256,1.2616645647230191,3330,3,3,3332
256,1.2620449278718653,3331,3,3,3333
256,1.2624252910207114,3332,3,3,3334
256,1.2628056541695578,3333,3,3,3335
256,1.2631860173184042,3334,3,3,3336
256,1.2635663804672503,3335,3,3,3337
256,1.2639467436160965,3336,3,3,3338
256,1.2643271067649429,3337,3,3,3339
256,1.2647074699137892,3338,3,3,3340
256,1.2650878330626354,3339,3,3,3341
256,1.2654681962114815,3340,3,3,3342
256,1.2658485593603279,3341,3,3,3343
256,1.2662289225091743,3342,3,3,3344
256,1.2666092856580204,3343,3,3,3345
256,1.2669896488068666,3344,3,3,3346
256,1.267370011955713,3345,3,3,3347
256,1.2677503751045593,3346,3,3,3348
256,1.2681307382534055,3347,3,3,3349
256,1.2685111014022517,3348,3,3,3350
256,1.268891464551098,3349,3,3,3351
256,1.2692718276999444,3350,3,3,3352
256,1.2696521908487906,3351,3,3,3353
256,1.2700325539976367,3352,3,3,3354
256,1.2704129171464831,3353,3,3,3355
256,1.2707932802953295,3354,3,3,3356
256,1.2711736434441756,3355,3,3,3357
256,1.2715540065930218,3356,3,3,3358
256,1.2719343697418681,3357,3,3,3359
256,1.2723147328907145,3358,3,3,3360
256,1.2726950960395607,3359,3,3,3361
256,1.2730754591884068,3360,3,3,3362
256,1.2734558223372532,3361,3,3,3363
256,1.2738361854860996,3362,3,3,3364
256,1.2742165486349457,3363,3,3,3365
256,1.2745969117837919,3364,3,3,3366
256,1.2749772749326382,3365,3,3,3367
256,1.2753576380814846,3366,3,3,3368
256,1.2757380012303308,3367,3,3,3369
256,1.2761183643791769,3368,3,3,3370
256,1.2764987275280233,3369,3,3,3371
256,1.2768790906768697,3370,3,3,3372
256,1.2772594538257158,3371,3,3,3373
256,1.277639816974562,3372,3,3,3374
256,1.2780201801234083,3373,3,3,3375
256,1.2784005432722547,3374,3,3,3376
256,1.2787809064211009,3375,3,3,3377
256,1.279161269569947,3376,3,3,3378
256,1.2795416327187934,3377,3,3,3379
256,1.2799219958676398,3378,3,3,3380
256,1.2803023590164859,3379,3,3,3381
256,1.2806827221653321,3380,3,3,3382
256,1.2810630853141785,3381,3,3,3383
256,1.2814434484630248,3382,3,3,3384
256,1.281823811611871,3383,3,3,3385
256,1.2822041747607171,3384,3,3,3386
256,1.2825845379095635,3385,3,3,3387
256,1.2829649010584099,3386,3,3,3388
256,1.283345264207256,3387,3,3,3389
256,1.2837256273561022,3388,3,3,3390
256,1.2841059905049486,3389,3,3,3391
256,1.2844863536537949,3390,3,3,3392
256,1.2848667168026411,3391,3,3,3393
256,1.2852470799514872,3392,3,3,3394
256,1.2856274431003336,3393,3,3,3395
256,1.28600780624918,3394,3,3,3396
256,1.2863881693980261,3395,3,3,3397
256,1.2867685325468723,3396,3,3,3398
256,1.2871488956957187,3397,3,3,3399
256,1.287529258844565,3398,3,3,3400
256,1.2879096219934112,3399,3,3,3401
256,1.2882899851422573,3400,3,3,3402
256,1.2886703482911037,3401,3,3,3403
256,1.2890507114399501,3402,3,3,3404
256,1.2894310745887962,3403,3,3,3405
256,1.2898114377376424,3404,3,3,3406
256,1.2901918008864888,3405,3,3,3407
256,1.2905721640353351,3406,3,3,3408
256,1.2909525271841813,3407,3,3,3409
256,1.2913328903330274,3408,3,3,3410
256,1.2917132534818738,3409,3,3,3411
256,1.2920936166307202,3410,3,3,3412
256,1.2924739797795664,3411,3,3,3413
256,1.2928543429284125,3412,3,3,3414
256,1.2932347060772589,3413,3,3,3415
256,1.2936150692261053,3414,3,3,3416
256,1.2939954323749514,3415,3,3,3417
256,1.2943757955237976,3416,3,3,3418
256,1.2947561586726439,3417,3,3,3419
256,1.2951365218214903,3418,3,3,3420
256,1.2955168849703365,3419,3,3,3421
256,1.2958972481191826,3420,3,3,3422
256,1.296277611268029,3421,3,3,3423
256,1.2966579744168754,3422,3,3,3424
256,1.2970383375657215,3423,3,3,3425
256,1.2974187007145677,3424,3,3,3426
256,1.297799063863414,3425,3,3,3427
256,1.2981794270122604,3426,3,3,3428
256,1.2985597901611066,3427,3,3,3429
256,1.2989401533099527,3428,3,3,3430
256,1.2993205164587991,3429,3,3,3431
256,1.2997008796076455,3430,3,3,3432
256,1.3000812427564916,3431,3,3,3433
256,1.3004616059053378,3432,3,3,3434
256,1.3008419690541841,3433,3,3,3435
256,1.3012223322030305,3434,3,3,3436
256,1.3016026953518767,3435,3,3,3437
256,1.3019830585007228,3436,3,3,3438
256,1.3023634216495692,3437,3,3,3439
256,1.3027437847984156,3438,3,3,3440
256,1.3031241479472617,3439,3,3,3441
256,1.3035045110961079,3440,3,3,3442
256,1.3038848742449543,3441,3,3,3443
256,1.3042652373938006,3442,3,3,3444
256,1.3046456005426468,3443,3,3,3445
256,1.3050259636914929,3444,3,3,3446
256,1.3054063268403393,3445,3,3,3447
256,1.3057866899891857,3446,3,3,3448
256,1.3061670531380318,3447,3,3,3449
256,1.306547416286878,3448,3,3,3450
256,1.3069277794357244,3449,3,3,3451
256,1.3073081425845707,3450,3,3,3452
256,1.3076885057334169,3451,3,3,3453
256,1.308068868882263,3452,3,3,3454
256,1.3084492320311094,3453,3,3,3455
256,1.3088295951799558,3454,3,3,3456
256,1.3092099583288019,3455,3,3,3457
256,1.3095903214776481,3456,3,3,3458
256,1.3099706846264945,3457,3,3,3459
256,1.3103510477753408,3458,3,3,3460
256,1.310731410924187,3459,3,3,3461
256,1.3111117740730331,3460,3,3,3462
256,1.3114921372218795,3461,3,3,3463
256,1.3118725003707259,3462,3,3,3464
256,1.312252863519572,3463,3,3,3465
256,1.3126332266684182,3464,3,3,3466
256,1.3130135898172646,3465,3,3,3467
256,1.3133939529661109,3466,3,3,3468
256,1.3137743161149571,3467,3,3,3469
256,1.3141546792638032,3468,3,3,3470
256,1.3145350424126496,3469,3,3,3471
256,1.314915405561496,3470,3,3,3472
256,1.3152957687103422,3471,3,3,3473
256,1.3156761318591883,3472,3,3,3474
256,1.3160564950080347,3473,3,3,3475
256,1.3164368581568811,3474,3,3,3476
256,1.3168172213057272,3475,3,3,3477
256,1.3171975844545734,3476,3,3,3478
256,1.3175779476034197,3477,3,3,3479
256,1.3179583107522661,3478,3,3,3480
256,1.3183386739011123,3479,3,3,3481
256,1.3187190370499584,3480,3,3,3482
256,1.3190994001988048,3481,3,3,3483
256,1.3194797633476512,3482,3,3,3484
256,1.3198601264964973,3483,3,3,3485
256,1.3202404896453435,3484,3,3,3486
256,1.3206208527941898,3485,3,3,3487
256,1.3210012159430362,3486,3,3,3488
256,1.3213815790918824,3487,3,3,3489
256,1.3217619422407285,3488,3,3,3490
256,1.3221423053895749,3489,3,3,3491
256,1.3225226685384213,3490,3,3,3492
256,1.3229030316872674,3491,3,3,3493
256,1.3232833948361136,3492,3,3,3494
256,1.3236637579849599,3493,3,3,3495
256,1.3240441211338063,3494,3,3,3496
256,1.3244244842826525,3495,3,3,3497
256,1.3248048474314986,3496,3,3,3498
256,1.325185210580345,3497,3,3,3499
256,1.3255655737291914,3498,3,3,3500
256,1.3259459368780375,3499,3,3,3501
256,1.3263263000268837,3500,3,3,3502
256,1.32670666317573,3501,3,3,3503
256,1.3270870263245764,3502,3,3,3504
256,1.3274673894734226,3503,3,3,3505
256,1.3278477526222687,3504,3,3,3506
256,1.3282281157711151,3505,3,3,3507
256,1.3286084789199615,3506,3,3,3508
256,1.3289888420688076,3507,3,3,3509
256,1.3293692052176538,3508,3,3,3510
256,1.3297495683665002,3509,3,3,3511
256,1.3301299315153465,3510,3,3,3512
256,1.3305102946641927,3511,3,3,3513
256,1.3308906578130388,3512,3,3,3514
256,1.3312710209618852,3513,3,3,3515
256,1.3316513841107316,3514,3,3,3516
256,1.3320317472595777,3515,3,3,3517
256,1.3324121104084239,3516,3,3,3518
256,1.3327924735572703,3517,3,3,3519
256,1.3331728367061166,3518,3,3,3520
256,1.3335531998549628,3519,3,3,3521
256,1.3339335630038089,3520,3,3,3522
256,1.3343139261526553,3521,3,3,3523
256,1.3346942893015017,3522,3,3,3524
256,1.3350746524503478,3523,3,3,3525
256,1.335455015599194,3524,3,3,3526
256,1.3358353787480404,3525,3,3,3527
256,1.3362157418968867,3526,3,3,3528
256,1.3365961050457329,3527,3,3,3529
256,1.336976468194579,3528,3,3,3530
256,1.3373568313434254,3529,3,3,3531
256,1.3377371944922718,3530,3,3,3532
256,1.3381175576411179,3531,3,3,3533
256,1.3384979207899641,3532,3,3,3534
256,1.3388782839388105,3533,3,3,3535
256,1.3392586470876569,3534,3,3,3536
256,1.339639010236503,3535,3,3,3537
256,1.3400193733853492,3536,3,3,3538
256,1.3403997365341955,3537,3,3,3539
256,1.3407800996830419,3538,3,3,3540
256,1.3411604628318881,3539,3,3,3541
256,1.3415408259807342,3540,3,3,3542
256,1.3419211891295806,3541,3,3,3543
256,1.342301552278427,3542,3,3,3544
256,1.3426819154272731,3543,3,3,3545
256,1.3430622785761193,3544,3,3,3546
256,1.3434426417249656,3545,3,3,3547
256,1.343823004873812,3546,3,3,3548
256,1.3442033680226582,3547,3,3,3549
256,1.3445837311715043,3548,3,3,3550
256,1.3449640943203507,3549,3,3,3551
256,1.3453444574691971,3550,3,3,3552
256,1.3457248206180432,3551,3,3,3553
256,1.3461051837668894,3552,3,3,3554
256,1.3464855469157357,3553,3,3,3555
256,1.3468659100645821,3554,3,3,3556
256,1.3472462732134283,3555,3,3,3557
256,1.3476266363622744,3556,3,3,3558
256,1.3480069995111208,3557,3,3,3559
256,1.3483873626599672,3558,3,3,3560
256,1.3487677258088133,3559,3,3,3561
256,1.3491480889576595,3560,3,3,3562
256,1.3495284521065058,3561,3,3,3563
256,1.3499088152553522,3562,3,3,3564
256,1.3502891784041984,3563,3,3,3565
256,1.3506695415530445,3564,3,3,3566
256,1.3510499047018909,3565,3,3,3567
256,1.3514302678507373,3566,3,3,3568
256,1.3518106309995834,3567,3,3,3569
256,1.3521909941484296,3568,3,3,3570
256,1.352571357297276,3569,3,3,3571
256,1.3529517204461223,3570,3,3,3572
256,1.3533320835949685,3571,3,3,3573
256,1.3537124467438146,3572,3,3,3574
256,1.354092809892661,3573,3,3,3575
256,1.3544731730415074,3574,3,3,3576
256,1.3548535361903535,3575,3,3,3577
256,1.3552338993391997,3576,3,3,3578
256,1.3556142624880461,3577,3,3,3579
256,1.3559946256368924,3578,3,3,3580
256,1.3563749887857386,3579,3,3,3581
256,1.3567553519345847,3580,3,3,3582
256,1.3571357150834311,3581,3,3,3583
256,1.3575160782322775,3582,3,3,3584
256,1.3578964413811236,3583,3,3,3585
256,1.3582768045299698,3584,3,3,3586
256,1.3586571676788162,3585,3,3,3587
256,1.3590375308276625,3586,3,3,3588
256,1.3594178939765087,3587,3,3,3589
256,1.3597982571253548,3588,3,3,3590
256,1.3601786202742012,3589,3,3,3591
256,1.3605589834230476,3590,3,3,3592
256,1.3609393465718937,3591,3,3,3593
256,1.3613197097207399,3592,3,3,3594
256,1.3617000728695863,3593,3,3,3595
256,1.3620804360184326,3594,3,3,3596
256,1.3624607991672788,3595,3,3,3597
256,1.362841162316125,3596,3,3,3598
256,1.3632215254649713,3597,3,3,3599
256,1.3636018886138177,3598,3,3,3600
256,1.3639822517626639,3599,3,3,3601
256,1.36436261491151,3600,3,3,3602
256,1.3647429780603564,3601,3,3,3603
256,1.3651233412092028,3602,3,3,3604
256,1.3655037043580489,3603,3,3,3605
256,1.3658840675068951,3604,3,3,3606
256,1.3662644306557414,3605,3,3,3607
256,1.3666447938045878,3606,3,3,3608
256,1.367025156953434,3607,3,3,3609
256,1.3674055201022801,3608,3,3,3610
256,1.3677858832511265,3609,3,3,3611
256,1.3681662463999729,3610,3,3,3612
256,1.368546609548819,3611,3,3,3613
256,1.3689269726976652,3612,3,3,3614
256,1.3693073358465115,3613,3,3,3615
256,1.3696876989953579,3614,3,3,3616
256,1.3700680621442041,3615,3,3,3617
256,1.3704484252930502,3616,3,3,3618
256,1.3708287884418966,3617,3,3,3619
256,1.371209151590743,3618,3,3,3620
256,1.3715895147395891,3619,3,3,3621
256,1.3719698778884353,3620,3,3,3622
256,1.3723502410372816,3621,3,3,3623
256,1.372730604186128,3622,3,3,3624
256,1.3731109673349742,3623,3,3,3625
256,1.3734913304838203,3624,3,3,3626
256,1.3738716936326667,3625,3,3,3627
256,1.3742520567815131,3626,3,3,3628
256,1.3746324199303592,3627,3,3,3629
256,1.3750127830792054,3628,3,3,3630
256,1.3753931462280518,3629,3,3,3631
256,1.3757735093768981,3630,3,3,3632
256,1.3761538725257443,3631,3,3,3633
256,1.3765342356745904,3632,3,3,3634
256,1.3769145988234368,3633,3,3,3635
256,1.3772949619722832,3634,3,3,3636
256,1.3776753251211293,3635,3,3,3637
256,1.3780556882699755,3636,3,3,3638
256,1.3784360514188219,3637,3,3,3639
256,1.3788164145676682,3638,3,3,3640
256,1.3791967777165144,3639,3,3,3641
256,1.3795771408653605,3640,3,3,3642
256,1.3799575040142069,3641,3,3,3643
256,1.3803378671630533,3642,3,3,3644
256,1.3807182303118994,3643,3,3,3645
256,1.3810985934607456,3644,3,3,3646
256,1.381478956609592,3645,3,3,3647
256,1.3818593197584383,3646,3,3,3648
256,1.3822396829072845,3647,3,3,3649
256,1.3826200460561306,3648,3,3,3650
256,1.383000409204977,3649,3,3,3651
256,1.3833807723538234,3650,3,3,3652
256,1.3837611355026695,3651,3,3,3653
256,1.3841414986515157,3652,3,3,3654
256,1.3845218618003621,3653,3,3,3655
256,1.3849022249492084,3654,3,3,3656
256,1.3852825880980546,3655,3,3,3657
256,1.3856629512469008,3656,3,3,3658
256,1.3860433143957471,3657,3,3,3659
256,1.3864236775445935,3658,3,3,3660
256,1.3868040406934397,3659,3,3,3661
256,1.3871844038422858,3660,3,3,3662
256,1.3875647669911322,3661,3,3,3663
256,1.3879451301399786,3662,3,3,3664
256,1.3883254932888247,3663,3,3,3665
256,1.3887058564376709,3664,3,3,3666
256,1.3890862195865172,3665,3,3,3667
256,1.3894665827353636,3666,3,3,3668
256,1.3898469458842098,3667,3,3,3669
256,1.3902273090330559,3668,3,3,3670
256,1.3906076721819023,3669,3,3,3671
256,1.3909880353307487,3670,3,3,3672
256,1.3913683984795948,3671,3,3,3673
256,1.391748761628441,3672,3,3,3674
256,1.3921291247772873,3673,3,3,3675
256,1.3925094879261337,3674,3,3,3676
256,1.3928898510749799,3675,3,3,3677
256,1.393270214223826,3676,3,3,3678
256,1.3936505773726724,3677,3,3,3679
256,1.3940309405215188,3678,3,3,3680
256,1.3944113036703649,3679,3,3,3681
256,1.3947916668192111,3680,3,3,3682
256,1.3951720299680574,3681,3,3,3683
256,1.3955523931169038,3682,3,3,3684
256,1.39593275626575,3683,3,3,3685
256,1.3963131194145961,3684,3,3,3686
256,1.3966934825634425,3685,3,3,3687
256,1.3970738457122889,3686,3,3,3688
256,1.397454208861135,3687,3,3,3689
256,1.3978345720099812,3688,3,3,3690
256,1.3982149351588276,3689,3,3,3691
256,1.3985952983076739,3690,3,3,3692
256,1.3989756614565201,3691,3,3,3693
256,1.3993560246053662,3692,3,3,3694
256,1.3997363877542126,3693,3,3,3695
256,1.400116750903059,3694,3,3,3696
256,1.4004971140519051,3695,3,3,3697
256,1.4008774772007513,3696,3,3,3698
256,1.4012578403495977,3697,3,3,3699
256,1.401638203498444,3698,3,3,3700
256,1.4020185666472902,3699,3,3,3701
256,1.4023989297961363,3700,3,3,3702
256,1.4027792929449827,3701,3,3,3703
256,1.4031596560938291,3702,3,3,3704
256,1.4035400192426752,3703,3,3,3705
256,1.4039203823915214,3704,3,3,3706
256,1.4043007455403678,3705,3,3,3707
256,1.4046811086892141,3706,3,3,3708
256,1.4050614718380603,3707,3,3,3709
256,1.4054418349869064,3708,3,3,3710
256,1.4058221981357528,3709,3,3,3711
256,1.4062025612845992,3710,3,3,3712
256,1.4065829244334453,3711,3,3,3713
256,1.4069632875822915,3712,3,3,3714
256,1.4073436507311379,3713,3,3,3715
256,1.4077240138799842,3714,3,3,3716
256,1.4081043770288304,3715,3,3,3717
256,1.4084847401776766,3716,3,3,3718
256,1.4088651033265229,3717,3,3,3719
256,1.4092454664753693,3718,3,3,3720
256,1.4096258296242155,3719,3,3,3721
256,1.4100061927730616,3720,3,3,3722
256,1.410386555921908,3721,3,3,3723
256,1.4107669190707544,3722,3,3,3724
256,1.4111472822196005,3723,3,3,3725
256,1.4115276453684467,3724,3,3,3726
256,1.411908008517293,3725,3,3,3727
256,1.4122883716661394,3726,3,3,3728
256,1.4126687348149856,3727,3,3,3729
256,1.4130490979638317,3728,3,3,3730
256,1.4134294611126781,3729,3,3,3731
256,1.4138098242615245,3730,3,3,3732
256,1.4141901874103706,3731,3,3,3733
256,1.4145705505592168,3732,3,3,3734
256,1.4149509137080631,3733,3,3,3735
256,1.4153312768569095,3734,3,3,3736
256,1.4157116400057557,3735,3,3,3737
256,1.4160920031546018,3736,3,3,3738
256,1.4164723663034482,3737,3,3,3739
256,1.4168527294522946,3738,3,3,3740
256,1.4172330926011407,3739,3,3,3741
256,1.4176134557499869,3740,3,3,3742
256,1.4179938188988332,3741,3,3,3743
256,1.4183741820476796,3742,3,3,3744
256,1.4187545451965258,3743,3,3,3745
256,1.4191349083453719,3744,3,3,3746
256,1.4195152714942183,3745,3,3,3747
256,1.4198956346430647,3746,3,3,3748
256,1.4202759977919108,3747,3,3,3749
256,1.420656360940757,3748,3,3,3750
256,1.4210367240896034,3749,3,3,3751
256,1.4214170872384497,3750,3,3,3752
256,1.4217974503872959,3751,3,3,3753
256,1.422177813536142,3752,3,3,3754
256,1.4225581766849884,3753,3,3,3755
256,1.4229385398338348,3754,3,3,3756
256,1.4233189029826809,3755,3,3,3757
256,1.4236992661315271,3756,3,3,3758
256,1.4240796292803735,3757,3,3,3759
256,1.4244599924292198,3758,3,3,3760
256,1.424840355578066,3759,3,3,3761
256,1.4252207187269121,3760,3,3,3762
256,1.4256010818757585,3761,3,3,3763
256,1.4259814450246049,3762,3,3,3764
256,1.426361808173451,3763,3,3,3765
256,1.4267421713222972,3764,3,3,3766
256,1.4271225344711436,3765,3,3,3767
256,1.4275028976199899,3766,3,3,3768
256,1.4278832607688361,3767,3,3,3769
256,1.4282636239176822,3768,3,3,3770
256,1.4286439870665286,3769,3,3,3771
256,1.429024350215375,3770,3,3,3772
256,1.4294047133642211,3771,3,3,3773
256,1.4297850765130673,3772,3,3,3774
256,1.4301654396619137,3773,3,3,3775
256,1.43054580281076,3774,3,3,3776
256,1.4309261659596062,3775,3,3,3777
256,1.4313065291084524,3776,3,3,3778
256,1.4316868922572987,3777,3,3,3779
256,1.4320672554061451,3778,3,3,3780
256,1.4324476185549913,3779,3,3,3781
256,1.4328279817038374,3780,3,3,3782
256,1.4332083448526838,3781,3,3,3783
256,1.4335887080015302,3782,3,3,3784
256,1.4339690711503763,3783,3,3,3785
256,1.4343494342992225,3784,3,3,3786
256,1.4347297974480688,3785,3,3,3787
256,1.4351101605969152,3786,3,3,3788
256,1.4354905237457614,3787,3,3,3789
256,1.4358708868946075,3788,3,3,3790
256,1.4362512500434539,3789,3,3,3791
256,1.4366316131923003,3790,3,3,3792
256,1.4370119763411464,3791,3,3,3793
256,1.4373923394899926,3792,3,3,3794
256,1.4377727026388389,3793,3,3,3795
256,1.4381530657876853,3794,3,3,3796
256,1.4385334289365315,3795,3,3,3797
256,1.4389137920853776,3796,3,3,3798
256,1.439294155234224,3797,3,3,3799
256,1.4396745183830704,3798,3,3,3800
256,1.4400548815319165,3799,3,3,3801
256,1.4404352446807627,3800,3,3,3802
256,1.440815607829609,3801,3,3,3803
256,1.4411959709784554,3802,3,3,3804
256,1.4415763341273016,3803,3,3,3805
256,1.4419566972761477,3804,3,3,3806
256,1.4423370604249941,3805,3,3,3807
256,1.4427174235738405,3806,3,3,3808
256,1.4430977867226866,3807,3,3,3809
256,1.4434781498715328,3808,3,3,3810
256,1.4438585130203792,3809,3,3,3811
256,1.4442388761692255,3810,3,3,3812
256,1.4446192393180717,3811,3,3,3813
256,1.4449996024669178,3812,3,3,3814
256,1.4453799656157642,3813,3,3,3815
256,1.4457603287646106,3814,3,3,3816
256,1.4461406919134567,3815,3,3,3817
256,1.4465210550623029,3816,3,3,3818
256,1.4469014182111493,3817,3,3,3819
256,1.4472817813599956,3818,3,3,3820
256,1.4476621445088418,3819,3,3,3821
256,1.4480425076576879,3820,3,3,3822
256,1.4484228708065343,3821,3,3,3823
256,1.4488032339553807,3822,3,3,3824
256,1.4491835971042268,3823,3,3,3825
256,1.449563960253073,3824,3,3,3826
256,1.4499443234019194,3825,3,3,3827
256,1.4503246865507657,3826,3,3,3828
256,1.4507050496996119,3827,3,3,3829
256,1.451085412848458,3828,3,3,3830
256,1.4514657759973044,3829,3,3,3831
256,1.4518461391461508,3830,3,3,3832
256,1.4522265022949969,3831,3,3,3833
256,1.4526068654438431,3832,3,3,3834
256,1.4529872285926895,3833,3,3,3835
256,1.4533675917415358,3834,3,3,3836
256,1.453747954890382,3835,3,3,3837
256,1.4541283180392282,3836,3,3,3838
256,1.4545086811880745,3837,3,3,3839
256,1.4548890443369209,3838,3,3,3840
256,1.4552694074857671,3839,3,3,3841
256,1.4556497706346132,3840,3,3,3842
256,1.4560301337834596,3841,3,3,3843
256,1.456410496932306,3842,3,3,3844
256,1.4567908600811521,3843,3,3,3845
256,1.4571712232299983,3844,3,3,3846
256,1.4575515863788446,3845,3,3,3847
256,1.457931949527691,3846,3,3,3848
256,1.4583123126765372,3847,3,3,3849
256,1.4586926758253833,3848,3,3,3850
256,1.4590730389742297,3849,3,3,3851
256,1.4594534021230761,3850,3,3,3852
256,1.4598337652719222,3851,3,3,3853
256,1.4602141284207684,3852,3,3,3854
256,1.4605944915696147,3853,3,3,3855
256,1.4609748547184611,3854,3,3,3856
256,1.4613552178673073,3855,3,3,3857
256,1.4617355810161534,3856,3,3,3858
256,1.4621159441649998,3857,3,3,3859
256,1.4624963073138462,3858,3,3,3860
256,1.4628766704626923,3859,3,3,3861
256,1.4632570336115385,3860,3,3,3862
256,1.4636373967603848,3861,3,3,3863
256,1.4640177599092312,3862,3,3,3864
256,1.4643981230580774,3863,3,3,3865
256,1.4647784862069235,3864,3,3,3866
256,1.4651588493557699,3865,3,3,3867
256,1.4655392125046163,3866,3,3,3868
256,1.4659195756534624,3867,3,3,3869
256,1.4662999388023086,3868,3,3,3870
256,1.466680301951155,3869,3,3,3871
256,1.4670606651000013,3870,3,3,3872
256,1.4674410282488475,3871,3,3,3873
256,1.4678213913976936,3872,3,3,3874
256,1.46820175454654,3873,3,3,3875
256,1.4685821176953864,3874,3,3,3876
256,1.4689624808442325,3875,3,3,3877
256,1.4693428439930787,3876,3,3,3878
256,1.4697232071419251,3877,3,3,3879
256,1.4701035702907714,3878,3,3,3880
256,1.4704839334396176,3879,3,3,3881
256,1.4708642965884637,3880,3,3,3882
256,1.4712446597373101,3881,3,3,3883
256,1.4716250228861565,3882,3,3,3884
256,1.4720053860350026,3883,3,3,3885
256,1.4723857491838488,3884,3,3,3886
256,1.4727661123326952,3885,3,3,3887
256,1.4731464754815415,3886,3,3,3888
256,1.4735268386303877,3887,3,3,3889
256,1.4739072017792338,3888,3,3,3890
256,1.4742875649280802,3889,3,3,3891
256,1.4746679280769266,3890,3,3,3892
256,1.4750482912257727,3891,3,3,3893
256,1.4754286543746189,3892,3,3,3894
256,1.4758090175234653,3893,3,3,3895
256,1.4761893806723116,3894,3,3,3896
256,1.4765697438211578,3895,3,3,3897
256,1.476950106970004,3896,3,3,3898
256,1.4773304701188503,3897,3,3,3899
256,1.4777108332676967,3898,3,3,3900
256,1.4780911964165429,3899,3,3,3901
256,1.478471559565389,3900,3,3,3902
256,1.4788519227142354,3901,3,3,3903
256,1.4792322858630818,3902,3,3,3904
256,1.4796126490119279,3903,3,3,3905
256,1.4799930121607741,3904,3,3,3906
256,1.4803733753096204,3905,3,3,3907
256,1.4807537384584668,3906,3,3,3908
256,1.481134101607313,3907,3,3,3909
256,1.4815144647561591,3908,3,3,3910
256,1.4818948279050055,3909,3,3,3911
256,1.4822751910538519,3910,3,3,3912
256,1.482655554202698,3911,3,3,3913
256,1.4830359173515442,3912,3,3,3914
256,1.4834162805003905,3913,3,3,3915
256,1.4837966436492369,3914,3,3,3916
256,1.4841770067980831,3915,3,3,3917
256,1.4845573699469292,3916,3,3,3918
256,1.4849377330957756,3917,3,3,3919
256,1.485318096244622,3918,3,3,3920
256,1.4856984593934681,3919,3,3,3921
256,1.4860788225423143,3920,3,3,3922
256,1.4864591856911606,3921,3,3,3923
256,1.486839548840007,3922,3,3,3924
256,1.4872199119888532,3923,3,3,3925
256,1.4876002751376993,3924,3,3,3926
256,1.4879806382865457,3925,3,3,3927
256,1.4883610014353921,3926,3,3,3928
256,1.4887413645842382,3927,3,3,3929
256,1.4891217277330844,3928,3,3,3930
256,1.4895020908819308,3929,3,3,3931
256,1.4898824540307771,3930,3,3,3932
256,1.4902628171796233,3931,3,3,3933
256,1.4906431803284694,3932,3,3,3934
256,1.4910235434773158,3933,3,3,3935
256,1.4914039066261622,3934,3,3,3936
256,1.4917842697750083,3935,3,3,3937
256,1.4921646329238545,3936,3,3,3938
256,1.4925449960727009,3937,3,3,3939
256,1.4929253592215472,3938,3,3,3940
256,1.4933057223703934,3939,3,3,3941
256,1.4936860855192395,3940,3,3,3942
256,1.4940664486680859,3941,3,3,3943
256,1.4944468118169323,3942,3,3,3944
256,1.4948271749657784,3943,3,3,3945
256,1.4952075381146246,3944,3,3,3946
256,1.495587901263471,3945,3,3,3947
256,1.4959682644123173,3946,3,3,3948
256,1.4963486275611635,3947,3,3,3949
256,1.4967289907100096,3948,3,3,3950
256,1.497109353858856,3949,3,3,3951
256,1.4974897170077024,3950,3,3,3952
256,1.4978700801565485,3951,3,3,3953
256,1.4982504433053947,3952,3,3,3954
256,1.4986308064542411,3953,3,3,3955
256,1.4990111696030874,3954,3,3,3956
256,1.4993915327519336,3955,3,3,3957
256,1.4997718959007798,3956,3,3,3958
256,1.5001522590496261,3957,3,3,3959
256,1.5005326221984725,3958,3,3,3960
256,1.5009129853473187,3959,3,3,3961
256,1.5012933484961648,3960,3,3,3962
256,1.5016737116450112,3961,3,3,3963
256,1.5020540747938576,3962,3,3,3964
256,1.5024344379427037,3963,3,3,3965
256,1.5028148010915499,3964,3,3,3966
256,1.5031951642403962,3965,3,3,3967
256,1.5035755273892426,3966,3,3,3968
256,1.5039558905380888,3967,3,3,3969
256,1.5043362536869349,3968,3,3,3970
256,1.5047166168357813,3969,3,3,3971
256,1.5050969799846277,3970,3,3,3972
256,1.5054773431334738,3971,3,3,3973
256,1.50585770628232,3972,3,3,3974
256,1.5062380694311663,3973,3,3,3975
256,1.5066184325800127,3974,3,3,3976
256,1.5069987957288589,3975,3,3,3977
256,1.507379158877705,3976,3,3,3978
256,1.5077595220265514,3977,3,3,3979
256,1.5081398851753978,3978,3,3,3980
256,1.5085202483242439,3979,3,3,3981
256,1.5089006114730901,3980,3,3,3982
256,1.5092809746219364,3981,3,3,3983
256,1.5096613377707828,3982,3,3,3984
256,1.510041700919629,3983,3,3,3985
256,1.5104220640684751,3984,3,3,3986
256,1.5108024272173215,3985,3,3,3987
256,1.5111827903661679,3986,3,3,3988
256,1.511563153515014,3987,3,3,3989
256,1.5119435166638602,3988,3,3,3990
256,1.5123238798127066,3989,3,3,3991
256,1.5127042429615529,3990,3,3,3992
256,1.5130846061103991,3991,3,3,3993
256,1.5134649692592452,3992,3,3,3994
256,1.5138453324080916,3993,3,3,3995
256,1.514225695556938,3994,3,3,3996
256,1.5146060587057841,3995,3,3,3997
256,1.5149864218546303,3996,3,3,3998
256,1.5153667850034767,3997,3,3,3999
256,1.515747148152323,3998,3,3,4000
256,1.5161275113011692,3999,3,3,4001
256,1.5165078744500153,4000,3,3,4002
256,1.5168882375988617,4001,3,3,4003
256,1.5172686007477081,4002,3,3,4004
256,1.5176489638965542,4003,3,3,4005
256,1.5180293270454004,4004,3,3,4006
256,1.5184096901942468,4005,3,3,4007
256,1.5187900533430931,4006,3,3,4008
256,1.5191704164919393,4007,3,3,4009
256,1.5195507796407854,4008,3,3,4010
256,1.5199311427896318,4009,3,3,4011
256,1.5203115059384782,4010,3,3,4012
256,1.5206918690873243,4011,3,3,4013
256,1.5210722322361705,4012,3,3,4014
256,1.5214525953850169,4013,3,3,4015
256,1.5218329585338632,4014,3,3,4016
256,1.5222133216827094,4015,3,3,4017
256,1.5225936848315555,4016,3,3,4018
256,1.5229740479804019,4017,3,3,4019
256,1.5233544111292483,4018,3,3,4020
256,1.5237347742780945,4019,3,3,4021
256,1.5241151374269406,4020,3,3,4022
256,1.524495500575787,4021,3,3,4023
256,1.5248758637246334,4022,3,3,4024
256,1.5252562268734795,4023,3,3,4025
256,1.5256365900223257,4024,3,3,4026
256,1.526016953171172,4025,3,3,4027
256,1.5263973163200184,4026,3,3,4028
256,1.5267776794688646,4027,3,3,4029
256,1.5271580426177107,4028,3,3,4030
256,1.5275384057665571,4029,3,3,4031
256,1.5279187689154035,4030,3,3,4032
256,1.5282991320642496,4031,3,3,4033
256,1.5286794952130958,4032,3,3,4034
256,1.5290598583619421,4033,3,3,4035
256,1.5294402215107885,4034,3,3,4036
256,1.5298205846596347,4035,3,3,4037
256,1.5302009478084808,4036,3,3,4038
256,1.5305813109573272,4037,3,3,4039
256,1.5309616741061736,4038,3,3,4040
256,1.5313420372550197,4039,3,3,4041
256,1.5317224004038659,4040,3,3,4042
256,1.5321027635527122,4041,3,3,4043
256,1.5324831267015586,4042,3,3,4044
256,1.5328634898504048,4043,3,3,4045
256,1.5332438529992509,4044,3,3,4046
256,1.5336242161480973,4045,3,3,4047
256,1.5340045792969437,4046,3,3,4048
256,1.5343849424457898,4047,3,3,4049
256,1.534765305594636,4048,3,3,4050
256,1.5351456687434824,4049,3,3,4051
256,1.5355260318923287,4050,3,3,4052
256,1.5359063950411749,4051,3,3,4053
256,1.536286758190021,4052,3,3,4054
256,1.5366671213388674,4053,3,3,4055
256,1.5370474844877138,4054,3,3,4056
256,1.5374278476365599,4055,3,3,4057
256,1.5378082107854061,4056,3,3,4058
256,1.5381885739342525,4057,3,3,4059
256,1.5385689370830988,4058,3,3,4060
256,1.538949300231945,4059,3,3,4061
256,1.5393296633807911,4060,3,3,4062
256,1.5397100265296375,4061,3,3,4063
256,1.5400903896784839,4062,3,3,4064
256,1.54047075282733,4063,3,3,4065
256,1.5408511159761762,4064,3,3,4066
256,1.5412314791250226,4065,3,3,4067
256,1.5416118422738689,4066,3,3,4068
256,1.5419922054227151,4067,3,3,4069
256,1.5423725685715612,4068,3,3,4070
256,1.5427529317204076,4069,3,3,4071
256,1.543133294869254,4070,3,3,4072
256,1.5435136580181001,4071,3,3,4073
256,1.5438940211669463,4072,3,3,4074
256,1.5442743843157927,4073,3,3,4075
256,1.544654747464639,4074,3,3,4076
256,1.5450351106134852,4075,3,3,4077
256,1.5454154737623313,4076,3,3,4078
256,1.5457958369111777,4077,3,3,4079
256,1.5461762000600241,4078,3,3,4080
256,1.5465565632088702,4079,3,3,4081
256,1.5469369263577164,4080,3,3,4082
256,1.5473172895065628,4081,3,3,4083
256,1.5476976526554092,4082,3,3,4084
256,1.5480780158042553,4083,3,3,4085
256,1.5484583789531015,4084,3,3,4086
256,1.5488387421019478,4085,3,3,4087
256,1.5492191052507942,4086,3,3,4088
256,1.5495994683996404,4087,3,3,4089
256,1.5499798315484865,4088,3,3,4090
256,1.5503601946973329,4089,3,3,4091
256,1.5507405578461793,4090,3,3,4092
256,1.5511209209950254,4091,3,3,4093
256,1.5515012841438716,4092,3,3,4094
256,1.5518816472927179,4093,3,3,4095
256,1.5522620104415643,4094,3,3,4096
256,1.5526423735904105,4095,3,3,4097
256,1.5530227367392566,4096,3,3,4098
256,1.553403099888103,4097,3,3,4099
256,1.5537834630369494,4098,3,3,4100
256,1.5541638261857955,4099,3,3,4101
256,1.5545441893346417,4100,3,3,4102
256,1.554924552483488,4101,3,3,4103
256,1.5553049156323344,4102,3,3,4104
256,1.5556852787811806,4103,3,3,4105
256,1.5560656419300267,4104,3,3,4106
256,1.5564460050788731,4105,3,3,4107
256,1.5568263682277195,4106,3,3,4108
256,1.5572067313765656,4107,3,3,4109
256,1.5575870945254118,4108,3,3,4110
256,1.5579674576742581,4109,3,3,4111
256,1.5583478208231045,4110,3,3,4112
256,1.5587281839719507,4111,3,3,4113
256,1.5591085471207968,4112,3,3,4114
256,1.5594889102696432,4113,3,3,4115
256,1.5598692734184896,4114,3,3,4116
256,1.5602496365673357,4115,3,3,4117
256,1.5606299997161819,4116,3,3,4118
256,1.5610103628650283,4117,3,3,4119
256,1.5613907260138746,4118,3,3,4120
256,1.5617710891627208,4119,3,3,4121
256,1.5621514523115669,4120,3,3,4122
256,1.5625318154604133,4121,3,3,4123
256,1.5629121786092597,4122,3,3,4124
256,1.5632925417581058,4123,3,3,4125
256,1.563672904906952,4124,3,3,4126
256,1.5640532680557984,4125,3,3,4127
256,1.5644336312046447,4126,3,3,4128
256,1.5648139943534909,4127,3,3,4129
256,1.565194357502337,4128,3,3,4130
256,1.5655747206511834,4129,3,3,4131
256,1.5659550838000298,4130,3,3,4132
256,1.5663354469488759,4131,3,3,4133
256,1.5667158100977221,4132,3,3,4134
256,1.5670961732465685,4133,3,3,4135
256,1.5674765363954148,4134,3,3,4136
256,1.567856899544261,4135,3,3,4137
256,1.5682372626931071,4136,3,3,4138
256,1.5686176258419535,4137,3,3,4139
256,1.5689979889907999,4138,3,3,4140
256,1.569378352139646,4139,3,3,4141
256,1.5697587152884922,4140,3,3,4142
256,1.5701390784373386,4141,3,3,4143
256,1.5705194415861849,4142,3,3,4144
256,1.5708998047350311,4143,3,3,4145
256,1.5712801678838773,4144,3,3,4146
256,1.5716605310327236,4145,3,3,4147
256,1.57204089418157,4146,3,3,4148
256,1.5724212573304162,4147,3,3,4149
256,1.5728016204792623,4148,3,3,4150
256,1.5731819836281087,4149,3,3,4151
256,1.5735623467769551,4150,3,3,4152
256,1.5739427099258012,4151,3,3,4153
256,1.5743230730746474,4152,3,3,4154
256,1.5747034362234937,4153,3,3,4155
256,1.5750837993723401,4154,3,3,4156
256,1.5754641625211863,4155,3,3,4157
256,1.5758445256700324,4156,3,3,4158
256,1.5762248888188788,4157,3,3,4159
256,1.5766052519677252,4158,3,3,4160
256,1.5769856151165713,4159,3,3,4161
256,1.5773659782654175,4160,3,3,4162
256,1.5777463414142638,4161,3,3,4163
256,1.5781267045631102,4162,3,3,4164
256,1.5785070677119564,4163,3,3,4165
256,1.5788874308608025,4164,3,3,4166
256,1.5792677940096489,4165,3,3,4167
256,1.5796481571584953,4166,3,3,4168
256,1.5800285203073414,4167,3,3,4169
256,1.5804088834561876,4168,3,3,4170
256,1.5807892466050339,4169,3,3,4171
256,1.5811696097538803,4170,3,3,4172
256,1.5815499729027265,4171,3,3,4173
256,1.5819303360515726,4172,3,3,4174
256,1.582310699200419,4173,3,3,4175
256,1.5826910623492654,4174,3,3,4176
256,1.5830714254981115,4175,3,3,4177
256,1.5834517886469577,4176,3,3,4178
256,1.5838321517958041,4177,3,3,4179
256,1.5842125149446504,4178,3,3,4180
256,1.5845928780934966,4179,3,3,4181
256,1.5849732412423427,4180,3,3,4182
256,1.5853536043911891,4181,3,3,4183
256,1.5857339675400355,4182,3,3,4184
256,1.5861143306888816,4183,3,3,4185
256,1.5864946938377278,4184,3,3,4186
256,1.5868750569865742,4185,3,3,4187
256,1.5872554201354205,4186,3,3,4188
256,1.5876357832842667,4187,3,3,4189
256,1.5880161464331128,4188,3,3,4190
256,1.5883965095819592,4189,3,3,4191
256,1.5887768727308056,4190,3,3,4192
256,1.5891572358796517,4191,3,3,4193
256,1.5895375990284979,4192,3,3,4194
256,1.5899179621773443,4193,3,3,4195
256,1.5902983253261906,4194,3,3,4196
256,1.5906786884750368,4195,3,3,4197
256,1.5910590516238829,4196,3,3,4198
256,1.5914394147727293,4197,3,3,4199
256,1.5918197779215757,4198,3,3,4200
256,1.5922001410704218,4199,3,3,4201
256,1.592580504219268,4200,3,3,4202
256,1.5929608673681144,4201,3,3,4203
256,1.5933412305169607,4202,3,3,4204
256,1.5937215936658069,4203,3,3,4205
256,1.5941019568146531,4204,3,3,4206
256,1.5944823199634994,4205,3,3,4207
256,1.5948626831123458,4206,3,3,4208
256,1.595243046261192,4207,3,3,4209
256,1.5956234094100381,4208,3,3,4210
256,1.5960037725588845,4209,3,3,4211
256,1.5963841357077309,4210,3,3,4212
256,1.596764498856577,4211,3,3,4213
256,1.5971448620054232,4212,3,3,4214
256,1.5975252251542695,4213,3,3,4215
256,1.5979055883031159,4214,3,3,4216
256,1.5982859514519621,4215,3,3,4217
256,1.5986663146008082,4216,3,3,4218
256,1.5990466777496546,4217,3,3,4219
256,1.599427040898501,4218,3,3,4220
256,1.5998074040473471,4219,3,3,4221
256,1.6001877671961933,4220,3,3,4222
256,1.6005681303450396,4221,3,3,4223
256,1.600948493493886,4222,3,3,4224
256,1.6013288566427322,4223,3,3,4225
256,1.6017092197915783,4224,3,3,4226
256,1.6020895829404247,4225,3,3,4227
256,1.6024699460892711,4226,3,3,4228
256,1.6028503092381172,4227,3,3,4229
256,1.6032306723869634,4228,3,3,4230
256,1.6036110355358097,4229,3,3,4231
256,1.6039913986846561,4230,3,3,4232
256,1.6043717618335023,4231,3,3,4233
256,1.6047521249823484,4232,3,3,4234
256,1.6051324881311948,4233,3,3,4235
256,1.6055128512800412,4234,3,3,4236
256,1.6058932144288873,4235,3,3,4237
256,1.6062735775777335,4236,3,3,4238
256,1.6066539407265799,4237,3,3,4239
256,1.6070343038754262,4238,3,3,4240
256,1.6074146670242724,4239,3,3,4241
256,1.6077950301731185,4240,3,3,4242
256,1.6081753933219649,4241,3,3,4243
256,1.6085557564708113,4242,3,3,4244
256,1.6089361196196574,4243,3,3,4245
256,1.6093164827685036,4244,3,3,4246
256,1.60969684591735,4245,3,3,4247
256,1.6100772090661963,4246,3,3,4248
256,1.6104575722150425,4247,3,3,4249
256,1.6108379353638886,4248,3,3,4250
256,1.611218298512735,4249,3,3,4251
256,1.6115986616615814,4250,3,3,4252
256,1.6119790248104275,4251,3,3,4253
256,1.6123593879592737,4252,3,3,4254
256,1.6127397511081201,4253,3,3,4255
256,1.6131201142569664,4254,3,3,4256
256,1.6135004774058126,4255,3,3,4257
256,1.6138808405546587,4256,3,3,4258
256,1.6142612037035051,4257,3,3,4259
256,1.6146415668523515,4258,3,3,4260
256,1.6150219300011976,4259,3,3,4261
256,1.6154022931500438,4260,3,3,4262
256,1.6157826562988902,4261,3,3,4263
256,1.6161630194477365,4262,3,3,4264
256,1.6165433825965827,4263,3,3,4265
256,1.6169237457454289,4264,3,3,4266
256,1.6173041088942752,4265,3,3,4267
256,1.6176844720431216,4266,3,3,4268
256,1.6180648351919678,4267,3,3,4269
256,1.6184451983408139,4268,3,3,4270
256,1.6188255614896603,4269,3,3,4271
256,1.6192059246385067,4270,3,3,4272
256,1.6195862877873528,4271,3,3,4273
256,1.619966650936199,4272,3,3,4274
256,1.6203470140850453,4273,3,3,4275
256,1.6207273772338917,4274,3,3,4276
256,1.6211077403827379,4275,3,3,4277
256,1.621488103531584,4276,3,3,4278
256,1.6218684666804304,4277,3,3,4279
256,1.6222488298292768,4278,3,3,4280
256,1.6226291929781229,4279,3,3,4281
256,1.6230095561269691,4280,3,3,4282
256,1.6233899192758154,4281,3,3,4283
256,1.6237702824246618,4282,3,3,4284
256,1.624150645573508,4283,3,3,4285
256,1.6245310087223541,4284,3,3,4286
256,1.6249113718712005,4285,3,3,4287
256,1.6252917350200469,4286,3,3,4288
256,1.625672098168893,4287,3,3,4289
256,1.6260524613177392,4288,3,3,4290
256,1.6264328244665855,4289,3,3,4291
256,1.6268131876154319,4290,3,3,4292
256,1.6271935507642781,4291,3,3,4293
256,1.6275739139131242,4292,3,3,4294
256,1.6279542770619706,4293,3,3,4295
256,1.628334640210817,4294,3,3,4296
256,1.6287150033596631,4295,3,3,4297
256,1.6290953665085093,4296,3,3,4298
256,1.6294757296573557,4297,3,3,4299
256,1.629856092806202,4298,3,3,4300
256,1.6302364559550482,4299,3,3,4301
256,1.6306168191038943,4300,3,3,4302
256,1.6309971822527407,4301,3,3,4303
256,1.6313775454015871,4302,3,3,4304
256,1.6317579085504332,4303,3,3,4305
256,1.6321382716992794,4304,3,3,4306
256,1.6325186348481258,4305,3,3,4307
256,1.6328989979969721,4306,3,3,4308
256,1.6332793611458183,4307,3,3,4309
256,1.6336597242946644,4308,3,3,4310
256,1.6340400874435108,4309,3,3,4311
256,1.6344204505923572,4310,3,3,4312
256,1.6348008137412033,4311,3,3,4313
256,1.6351811768900495,4312,3,3,4314
256,1.6355615400388959,4313,3,3,4315
256,1.6359419031877422,4314,3,3,4316
256,1.6363222663365884,4315,3,3,4317
256,1.6367026294854345,4316,3,3,4318
256,1.6370829926342809,4317,3,3,4319
256,1.6374633557831273,4318,3,3,4320
256,1.6378437189319734,4319,3,3,4321
256,1.6382240820808196,4320,3,3,4322
256,1.638604445229666,4321,3,3,4323
256,1.6389848083785123,4322,3,3,4324
256,1.6393651715273585,4323,3,3,4325
256,1.6397455346762047,4324,3,3,4326
256,1.640125897825051,4325,3,3,4327
256,1.6405062609738974,4326,3,3,4328
256,1.6408866241227436,4327,3,3,4329
256,1.6412669872715897,4328,3,3,4330
256,1.6416473504204361,4329,3,3,4331
256,1.6420277135692825,4330,3,3,4332
256,1.6424080767181286,4331,3,3,4333
256,1.6427884398669748,4332,3,3,4334
256,1.6431688030158211,4333,3,3,4335
256,1.6435491661646675,4334,3,3,4336
256,1.6439295293135137,4335,3,3,4337
256,1.6443098924623598,4336,3,3,4338
256,1.6446902556112062,4337,3,3,4339
256,1.6450706187600526,4338,3,3,4340
256,1.6454509819088987,4339,3,3,4341
256,1.6458313450577449,4340,3,3,4342
256,1.6462117082065912,4341,3,3,4343
256,1.6465920713554376,4342,3,3,4344
256,1.6469724345042838,4343,3,3,4345
256,1.6473527976531299,4344,3,3,4346
256,1.6477331608019763,4345,3,3,4347
256,1.6481135239508227,4346,3,3,4348
256,1.6484938870996688,4347,3,3,4349
256,1.648874250248515,4348,3,3,4350
256,1.6492546133973613,4349,3,3,4351
256,1.6496349765462077,4350,3,3,4352
256,1.6500153396950539,4351,3,3,4353
256,1.6503957028439,4352,3,3,4354
256,1.6507760659927464,4353,3,3,4355
256,1.6511564291415928,4354,3,3,4356
256,1.6515367922904389,4355,3,3,4357
256,1.6519171554392851,4356,3,3,4358
256,1.6522975185881315,4357,3,3,4359
256,1.6526778817369778,4358,3,3,4360
256,1.653058244885824,4359,3,3,4361
256,1.6534386080346701,4360,3,3,4362
256,1.6538189711835165,4361,3,3,4363
256,1.6541993343323629,4362,3,3,4364
256,1.654579697481209,4363,3,3,4365
256,1.6549600606300552,4364,3,3,4366
256,1.6553404237789016,4365,3,3,4367
256,1.6557207869277479,4366,3,3,4368
256,1.6561011500765941,4367,3,3,4369
256,1.6564815132254402,4368,3,3,4370
256,1.6568618763742866,4369,3,3,4371
256,1.657242239523133,4370,3,3,4372
256,1.6576226026719791,4371,3,3,4373
256,1.6580029658208253,4372,3,3,4374
256,1.6583833289696717,4373,3,3,4375
256,1.658763692118518,4374,3,3,4376
256,1.6591440552673642,4375,3,3,4377
256,1.6595244184162103,4376,3,3,4378
256,1.6599047815650567,4377,3,3,4379
256,1.6602851447139031,4378,3,3,4380
256,1.6606655078627492,4379,3,3,4381
256,1.6610458710115954,4380,3,3,4382
256,1.6614262341604418,4381,3,3,4383
256,1.6618065973092881,4382,3,3,4384
256,1.6621869604581343,4383,3,3,4385
256,1.6625673236069805,4384,3,3,4386
256,1.6629476867558268,4385,3,3,4387
256,1.6633280499046732,4386,3,3,4388
256,1.6637084130535194,4387,3,3,4389
256,1.6640887762023655,4388,3,3,4390
256,1.6644691393512119,4389,3,3,4391
256,1.6648495025000583,4390,3,3,4392
256,1.6652298656489044,4391,3,3,4393
256,1.6656102287977506,4392,3,3,4394
256,1.6659905919465969,4393,3,3,4395
256,1.6663709550954433,4394,3,3,4396
256,1.6667513182442895,4395,3,3,4397
256,1.6671316813931356,4396,3,3,4398
256,1.667512044541982,4397,3,3,4399
256,1.6678924076908284,4398,3,3,4400
256,1.6682727708396745,4399,3,3,4401
256,1.6686531339885207,4400,3,3,4402
256,1.669033497137367,4401,3,3,4403
256,1.6694138602862134,4402,3,3,4404
256,1.6697942234350596,4403,3,3,4405
256,1.6701745865839057,4404,3,3,4406
256,1.6705549497327521,4405,3,3,4407
256,1.6709353128815985,4406,3,3,4408
256,1.6713156760304446,4407,3,3,4409
256,1.6716960391792908,4408,3,3,4410
256,1.6720764023281371,4409,3,3,4411
256,1.6724567654769835,4410,3,3,4412
256,1.6728371286258297,4411,3,3,4413
256,1.6732174917746758,4412,3,3,4414
256,1.6735978549235222,4413,3,3,4415
256,1.6739782180723686,4414,3,3,4416
256,1.6743585812212147,4415,3,3,4417
256,1.6747389443700609,4416,3,3,4418
256,1.6751193075189073,4417,3,3,4419
256,1.6754996706677536,4418,3,3,4420
256,1.6758800338165998,4419,3,3,4421
256,1.6762603969654459,4420,3,3,4422
256,1.6766407601142923,4421,3,3,4423
256,1.6770211232631387,4422,3,3,4424
256,1.6774014864119848,4423,3,3,4425
256,1.677781849560831,4424,3,3,4426
256,1.6781622127096774,4425,3,3,4427
256,1.6785425758585237,4426,3,3,4428
256,1.6789229390073699,4427,3,3,4429
256,1.679303302156216,4428,3,3,4430
256,1.6796836653050624,4429,3,3,4431
256,1.6800640284539088,4430,3,3,4432
256,1.6804443916027549,4431,3,3,4433
256,1.6808247547516011,4432,3,3,4434
256,1.6812051179004475,4433,3,3,4435
256,1.6815854810492938,4434,3,3,4436
256,1.68196584419814,4435,3,3,4437
256,1.6823462073469861,4436,3,3,4438
256,1.6827265704958325,4437,3,3,4439
256,1.6831069336446789,4438,3,3,4440
256,1.683487296793525,4439,3,3,4441
256,1.6838676599423712,4440,3,3,4442
256,1.6842480230912176,4441,3,3,4443
256,1.6846283862400639,4442,3,3,4444
256,1.6850087493889101,4443,3,3,4445
256,1.6853891125377563,4444,3,3,4446
256,1.6857694756866026,4445,3,3,4447
256,1.686149838835449,4446,3,3,4448
256,1.6865302019842952,4447,3,3,4449
256,1.6869105651331413,4448,3,3,4450
256,1.6872909282819877,4449,3,3,4451
256,1.6876712914308341,4450,3,3,4452
256,1.6880516545796802,4451,3,3,4453
256,1.6884320177285264,4452,3,3,4454
256,1.6888123808773727,4453,3,3,4455
256,1.6891927440262191,4454,3,3,4456
256,1.6895731071750653,4455,3,3,4457
256,1.6899534703239114,4456,3,3,4458
256,1.6903338334727578,4457,3,3,4459
256,1.6907141966216042,4458,3,3,4460
256,1.6910945597704503,4459,3,3,4461
256,1.6914749229192965,4460,3,3,4462
256,1.6918552860681428,4461,3,3,4463
256,1.6922356492169892,4462,3,3,4464
256,1.6926160123658354,4463,3,3,4465
256,1.6929963755146815,4464,3,3,4466
256,1.6933767386635279,4465,3,3,4467
256,1.6937571018123743,4466,3,3,4468
256,1.6941374649612204,4467,3,3,4469
256,1.6945178281100666,4468,3,3,4470
256,1.6948981912589129,4469,3,3,4471
256,1.6952785544077593,4470,3,3,4472
256,1.6956589175566055,4471,3,3,4473
256,1.6960392807054516,4472,3,3,4474
256,1.696419643854298,4473,3,3,4475
256,1.6968000070031444,4474,3,3,4476
256,1.6971803701519905,4475,3,3,4477
256,1.6975607333008367,4476,3,3,4478
256,1.6979410964496831,4477,3,3,4479
256,1.6983214595985294,4478,3,3,4480
256,1.6987018227473756,4479,3,3,4481
256,1.6990821858962217,4480,3,3,4482
256,1.6994625490450681,4481,3,3,4483
256,1.6998429121939145,4482,3,3,4484
256,1.7002232753427606,4483,3,3,4485
256,1.7006036384916068,4484,3,3,4486
256,1.7009840016404532,4485,3,3,4487
256,1.7013643647892995,4486,3,3,4488
256,1.7017447279381457,4487,3,3,4489
256,1.7021250910869918,4488,3,3,4490
256,1.7025054542358382,4489,3,3,4491
256,1.7028858173846846,4490,3,3,4492
256,1.7032661805335307,4491,3,3,4493
256,1.7036465436823769,4492,3,3,4494
256,1.7040269068312233,4493,3,3,4495
256,1.7044072699800696,4494,3,3,4496
256,1.7047876331289158,4495,3,3,4497
256,1.7051679962777619,4496,3,3,4498
256,1.7055483594266083,4497,3,3,4499
256,1.7059287225754547,4498,3,3,4500
256,1.7063090857243008,4499,3,3,4501
256,1.706689448873147,4500,3,3,4502
256,1.7070698120219934,4501,3,3,4503
256,1.7074501751708397,4502,3,3,4504
256,1.7078305383196859,4503,3,3,4505
256,1.7082109014685321,4504,3,3,4506
256,1.7085912646173784,4505,3,3,4507
256,1.7089716277662248,4506,3,3,4508
256,1.709351990915071,4507,3,3,4509
256,1.7097323540639171,4508,3,3,4510
256,1.7101127172127635,4509,3,3,4511
256,1.7104930803616099,4510,3,3,4512
256,1.710873443510456,4511,3,3,4513
256,1.7112538066593022,4512,3,3,4514
256,1.7116341698081485,4513,3,3,4515
256,1.7120145329569949,4514,3,3,4516
256,1.7123948961058411,4515,3,3,4517
256,1.7127752592546872,4516,3,3,4518
256,1.7131556224035336,4517,3,3,4519
256,1.71353598555238,4518,3,3,4520
256,1.7139163487012261,4519,3,3,4521
256,1.7142967118500723,4520,3,3,4522
256,1.7146770749989186,4521,3,3,4523
256,1.715057438147765,4522,3,3,4524
256,1.7154378012966112,4523,3,3,4525
256,1.7158181644454573,4524,3,3,4526
256,1.7161985275943037,4525,3,3,4527
256,1.7165788907431501,4526,3,3,4528
256,1.7169592538919962,4527,3,3,4529
256,1.7173396170408424,4528,3,3,4530
256,1.7177199801896887,4529,3,3,4531
256,1.7181003433385351,4530,3,3,4532
256,1.7184807064873813,4531,3,3,4533
256,1.7188610696362274,4532,3,3,4534
256,1.7192414327850738,4533,3,3,4535
256,1.7196217959339202,4534,3,3,4536
256,1.7200021590827663,4535,3,3,4537
256,1.7203825222316125,4536,3,3,4538
256,1.7207628853804589,4537,3,3,4539
256,1.7211432485293052,4538,3,3,4540
256,1.7215236116781514,4539,3,3,4541
256,1.7219039748269975,4540,3,3,4542
256,1.7222843379758439,4541,3,3,4543
256,1.7226647011246903,4542,3,3,4544
256,1.7230450642735364,4543,3,3,4545
256,1.7234254274223826,4544,3,3,4546
256,1.723805790571229,4545,3,3,4547
256,1.7241861537200753,4546,3,3,4548
256,1.7245665168689215,4547,3,3,4549
256,1.7249468800177676,4548,3,3,4550
256,1.725327243166614,4549,3,3,4551
256,1.7257076063154604,4550,3,3,4552
256,1.7260879694643065,4551,3,3,4553
256,1.7264683326131527,4552,3,3,4554
256,1.7268486957619991,4553,3,3,4555
256,1.7272290589108454,4554,3,3,4556
256,1.7276094220596916,4555,3,3,4557
256,1.7279897852085377,4556,3,3,4558
256,1.7283701483573841,4557,3,3,4559
256,1.7287505115062305,4558,3,3,4560
256,1.7291308746550766,4559,3,3,4561
256,1.7295112378039228,4560,3,3,4562
256,1.7298916009527692,4561,3,3,4563
256,1.7302719641016155,4562,3,3,4564
256,1.7306523272504617,4563,3,3,4565
256,1.7310326903993078,4564,3,3,4566
256,1.7314130535481542,4565,3,3,4567
256,1.7317934166970006,4566,3,3,4568
256,1.7321737798458468,4567,3,3,4569
256,1.7325541429946929,4568,3,3,4570
256,1.7329345061435393,4569,3,3,4571
256,1.7333148692923857,4570,3,3,4572
256,1.7336952324412318,4571,3,3,4573
256,1.734075595590078,4572,3,3,4574
256,1.7344559587389243,4573,3,3,4575
256,1.7348363218877707,4574,3,3,4576
256,1.7352166850366169,4575,3,3,4577
256,1.735597048185463,4576,3,3,4578
256,1.7359774113343094,4577,3,3,4579
256,1.7363577744831558,4578,3,3,4580
256,1.7367381376320019,4579,3,3,4581
256,1.7371185007808481,4580,3,3,4582
256,1.7374988639296944,4581,3,3,4583
256,1.7378792270785408,4582,3,3,4584
256,1.738259590227387,4583,3,3,4585
256,1.7386399533762331,4584,3,3,4586
256,1.7390203165250795,4585,3,3,4587
256,1.7394006796739259,4586,3,3,4588
256,1.739781042822772,4587,3,3,4589
256,1.7401614059716182,4588,3,3,4590
256,1.7405417691204645,4589,3,3,4591
256,1.7409221322693109,4590,3,3,4592
256,1.7413024954181571,4591,3,3,4593
256,1.7416828585670032,4592,3,3,4594
256,1.7420632217158496,4593,3,3,4595
256,1.742443584864696,4594,3,3,4596
256,1.7428239480135421,4595,3,3,4597
256,1.7432043111623883,4596,3,3,4598
256,1.7435846743112347,4597,3,3,4599
256,1.743965037460081,4598,3,3,4600
256,1.7443454006089272,4599,3,3,4601
256,1.7447257637577733,4600,3,3,4602
256,1.7451061269066197,4601,3,3,4603
256,1.7454864900554661,4602,3,3,4604
256,1.7458668532043122,4603,3,3,4605
256,1.7462472163531584,4604,3,3,4606
256,1.7466275795020048,4605,3,3,4607
256,1.7470079426508511,4606,3,3,4608
256,1.7473883057996973,4607,3,3,4609
256,1.7477686689485434,4608,3,3,4610
256,1.7481490320973898,4609,3,3,4611
256,1.7485293952462362,4610,3,3,4612
256,1.7489097583950823,4611,3,3,4613
256,1.7492901215439285,4612,3,3,4614
256,1.7496704846927749,4613,3,3,4615
256,1.7500508478416212,4614,3,3,4616
256,1.7504312109904674,4615,3,3,4617
256,1.7508115741393135,4616,3,3,4618
256,1.7511919372881599,4617,3,3,4619
256,1.7515723004370063,4618,3,3,4620
256,1.7519526635858524,4619,3,3,4621
256,1.7523330267346986,4620,3,3,4622
256,1.752713389883545,4621,3,3,4623
256,1.7530937530323913,4622,3,3,4624
256,1.7534741161812375,4623,3,3,4625
256,1.7538544793300836,4624,3,3,4626
256,1.75423484247893,4625,3,3,4627
256,1.7546152056277764,4626,3,3,4628
256,1.7549955687766225,4627,3,3,4629
256,1.7553759319254687,4628,3,3,4630
256,1.7557562950743151,4629,3,3,4631
256,1.7561366582231615,4630,3,3,4632
256,1.7565170213720076,4631,3,3,4633
256,1.7568973845208538,4632,3,3,4634
256,1.7572777476697001,4633,3,3,4635
256,1.7576581108185465,4634,3,3,4636
256,1.7580384739673927,4635,3,3,4637
256,1.7584188371162388,4636,3,3,4638
256,1.7587992002650852,4637,3,3,4639
256,1.7591795634139316,4638,3,3,4640
256,1.7595599265627777,4639,3,3,4641
256,1.7599402897116239,4640,3,3,4642
256,1.7603206528604702,4641,3,3,4643
256,1.7607010160093166,4642,3,3,4644
256,1.7610813791581628,4643,3,3,4645
256,1.7614617423070089,4644,3,3,4646
256,1.7618421054558553,4645,3,3,4647
256,1.7622224686047017,4646,3,3,4648
256,1.7626028317535478,4647,3,3,4649
256,1.762983194902394,4648,3,3,4650
256,1.7633635580512403,4649,3,3,4651
256,1.7637439212000867,4650,3,3,4652
256,1.7641242843489329,4651,3,3,4653
256,1.764504647497779,4652,3,3,4654
256,1.7648850106466254,4653,3,3,4655
256,1.7652653737954718,4654,3,3,4656
256,1.7656457369443179,4655,3,3,4657
256,1.7660261000931641,4656,3,3,4658
256,1.7664064632420104,4657,3,3,4659
256,1.7667868263908568,4658,3,3,4660
256,1.767167189539703,4659,3,3,4661
256,1.7675475526885491,4660,3,3,4662
256,1.7679279158373955,4661,3,3,4663
256,1.7683082789862419,4662,3,3,4664
256,1.768688642135088,4663,3,3,4665
256,1.7690690052839342,4664,3,3,4666
256,1.7694493684327806,4665,3,3,4667
256,1.7698297315816269,4666,3,3,4668
256,1.7702100947304731,4667,3,3,4669
256,1.7705904578793192,4668,3,3,4670
256,1.7709708210281656,4669,3,3,4671
256,1.771351184177012,4670,3,3,4672
256,1.7717315473258581,4671,3,3,4673
256,1.7721119104747043,4672,3,3,4674
256,1.7724922736235507,4673,3,3,4675
256,1.772872636772397,4674,3,3,4676
256,1.7732529999212432,4675,3,3,4677
256,1.7736333630700893,4676,3,3,4678
256,1.7740137262189357,4677,3,3,4679
256,1.7743940893677821,4678,3,3,4680
256,1.7747744525166282,4679,3,3,4681
256,1.7751548156654744,4680,3,3,4682
256,1.7755351788143208,4681,3,3,4683
256,1.7759155419631671,4682,3,3,4684
256,1.7762959051120133,4683,3,3,4685
256,1.7766762682608594,4684,3,3,4686
256,1.7770566314097058,4685,3,3,4687
256,1.7774369945585522,4686,3,3,4688
256,1.7778173577073983,4687,3,3,4689
256,1.7781977208562445,4688,3,3,4690
256,1.7785780840050909,4689,3,3,4691
256,1.7789584471539373,4690,3,3,4692
256,1.7793388103027834,4691,3,3,4693
256,1.7797191734516296,4692,3,3,4694
256,1.7800995366004759,4693,3,3,4695
256,1.7804798997493223,4694,3,3,4696
256,1.7808602628981685,4695,3,3,4697
256,1.7812406260470146,4696,3,3,4698
256,1.781620989195861,4697,3,3,4699
256,1.7820013523447074,4698,3,3,4700
256,1.7823817154935535,4699,3,3,4701
256,1.7827620786423997,4700,3,3,4702
256,1.783142441791246,4701,3,3,4703
256,1.7835228049400924,4702,3,3,4704
256,1.7839031680889386,4703,3,3,4705
256,1.7842835312377847,4704,3,3,4706
256,1.7846638943866311,4705,3,3,4707
256,1.7850442575354775,4706,3,3,4708
256,1.7854246206843236,4707,3,3,4709
256,1.7858049838331698,4708,3,3,4710
256,1.7861853469820161,4709,3,3,4711
256,1.7865657101308625,4710,3,3,4712
256,1.7869460732797087,4711,3,3,4713
256,1.7873264364285548,4712,3,3,4714
256,1.7877067995774012,4713,3,3,4715
256,1.7880871627262476,4714,3,3,4716
256,1.7884675258750937,4715,3,3,4717
256,1.7888478890239399,4716,3,3,4718
256,1.7892282521727862,4717,3,3,4719
256,1.7896086153216326,4718,3,3,4720
256,1.7899889784704788,4719,3,3,4721
256,1.7903693416193249,4720,3,3,4722
256,1.7907497047681713,4721,3,3,4723
256,1.7911300679170177,4722,3,3,4724
256,1.7915104310658638,4723,3,3,4725
256,1.79189079421471,4724,3,3,4726
256,1.7922711573635564,4725,3,3,4727
256,1.7926515205124027,4726,3,3,4728
256,1.7930318836612489,4727,3,3,4729
256,1.793412246810095,4728,3,3,4730
256,1.7937926099589414,4729,3,3,4731
256,1.7941729731077878,4730,3,3,4732
256,1.7945533362566339,4731,3,3,4733
256,1.7949336994054801,4732,3,3,4734
256,1.7953140625543265,4733,3,3,4735
256,1.7956944257031728,4734,3,3,4736
256,1.796074788852019,4735,3,3,4737
256,1.7964551520008651,4736,3,3,4738
256,1.7968355151497115,4737,3,3,4739
256,1.7972158782985579,4738,3,3,4740
256,1.797596241447404,4739,3,3,4741
256,1.7979766045962502,4740,3,3,4742
256,1.7983569677450966,4741,3,3,4743
256,1.7987373308939429,4742,3,3,4744
256,1.7991176940427891,4743,3,3,4745
256,1.7994980571916352,4744,3,3,4746
256,1.7998784203404816,4745,3,3,4747
256,1.800258783489328,4746,3,3,4748
256,1.8006391466381741,4747,3,3,4749
256,1.8010195097870203,4748,3,3,4750
256,1.8013998729358667,4749,3,3,4751
256,1.801780236084713,4750,3,3,4752
256,1.8021605992335592,4751,3,3,4753
256,1.8025409623824054,4752,3,3,4754
256,1.8029213255312517,4753,3,3,4755
256,1.8033016886800981,4754,3,3,4756
256,1.8036820518289443,4755,3,3,4757
256,1.8040624149777904,4756,3,3,4758
256,1.8044427781266368,4757,3,3,4759
256,1.8048231412754832,4758,3,3,4760
256,1.8052035044243293,4759,3,3,4761
256,1.8055838675731755,4760,3,3,4762
256,1.8059642307220218,4761,3,3,4763
256,1.8063445938708682,4762,3,3,4764
256,1.8067249570197144,4763,3,3,4765
256,1.8071053201685605,4764,3,3,4766
256,1.8074856833174069,4765,3,3,4767
256,1.8078660464662533,4766,3,3,4768
256,1.8082464096150994,4767,3,3,4769
256,1.8086267727639456,4768,3,3,4770
256,1.8090071359127919,4769,3,3,4771
256,1.8093874990616383,4770,3,3,4772
256,1.8097678622104845,4771,3,3,4773
256,1.8101482253593306,4772,3,3,4774
256,1.810528588508177,4773,3,3,4775
256,1.8109089516570234,4774,3,3,4776
256,1.8112893148058695,4775,3,3,4777
256,1.8116696779547157,4776,3,3,4778
256,1.812050041103562,4777,3,3,4779
256,1.8124304042524084,4778,3,3,4780
256,1.8128107674012546,4779,3,3,4781
256,1.8131911305501007,4780,3,3,4782
256,1.8135714936989471,4781,3,3,4783
256,1.8139518568477935,4782,3,3,4784
256,1.8143322199966396,4783,3,3,4785
256,1.8147125831454858,4784,3,3,4786
256,1.8150929462943322,4785,3,3,4787
256,1.8154733094431785,4786,3,3,4788
256,1.8158536725920247,4787,3,3,4789
256,1.8162340357408708,4788,3,3,4790
256,1.8166143988897172,4789,3,3,4791
256,1.8169947620385636,4790,3,3,4792
256,1.8173751251874097,4791,3,3,4793
256,1.8177554883362559,4792,3,3,4794
256,1.8181358514851023,4793,3,3,4795
256,1.8185162146339486,4794,3,3,4796
256,1.8188965777827948,4795,3,3,4797
256,1.8192769409316409,4796,3,3,4798
256,1.8196573040804873,4797,3,3,4799
256,1.8200376672293337,4798,3,3,4800
256,1.8204180303781798,4799,3,3,4801
256,1.820798393527026,4800,3,3,4802
256,1.8211787566758724,4801,3,3,4803
256,1.8215591198247187,4802,3,3,4804
256,1.8219394829735649,4803,3,3,4805
256,1.822319846122411,4804,3,3,4806
256,1.8227002092712574,4805,3,3,4807
256,1.8230805724201038,4806,3,3,4808
256,1.8234609355689499,4807,3,3,4809
256,1.8238412987177961,4808,3,3,4810
256,1.8242216618666425,4809,3,3,4811
256,1.8246020250154888,4810,3,3,4812
256,1.824982388164335,4811,3,3,4813
256,1.8253627513131812,4812,3,3,4814
256,1.8257431144620275,4813,3,3,4815
256,1.8261234776108739,4814,3,3,4816
256,1.8265038407597201,4815,3,3,4817
256,1.8268842039085662,4816,3,3,4818
256,1.8272645670574126,4817,3,3,4819
256,1.827644930206259,4818,3,3,4820
256,1.8280252933551051,4819,3,3,4821
256,1.8284056565039513,4820,3,3,4822
256,1.8287860196527976,4821,3,3,4823
256,1.829166382801644,4822,3,3,4824
256,1.8295467459504902,4823,3,3,4825
256,1.8299271090993363,4824,3,3,4826
256,1.8303074722481827,4825,3,3,4827
256,1.8306878353970291,4826,3,3,4828
256,1.8310681985458752,4827,3,3,4829
256,1.8314485616947214,4828,3,3,4830
256,1.8318289248435677,4829,3,3,4831
256,1.8322092879924141,4830,3,3,4832
256,1.8325896511412603,4831,3,3,4833
256,1.8329700142901064,4832,3,3,4834
256,1.8333503774389528,4833,3,3,4835
256,1.8337307405877992,4834,3,3,4836
256,1.8341111037366453,4835,3,3,4837
256,1.8344914668854915,4836,3,3,4838
256,1.8348718300343378,4837,3,3,4839
256,1.8352521931831842,4838,3,3,4840
256,1.8356325563320304,4839,3,3,4841
256,1.8360129194808765,4840,3,3,4842
256,1.8363932826297229,4841,3,3,4843
256,1.8367736457785693,4842,3,3,4844
256,1.8371540089274154,4843,3,3,4845
256,1.8375343720762616,4844,3,3,4846
256,1.837914735225108,4845,3,3,4847
256,1.8382950983739543,4846,3,3,4848
256,1.8386754615228005,4847,3,3,4849
256,1.8390558246716466,4848,3,3,4850
256,1.839436187820493,4849,3,3,4851
256,1.8398165509693394,4850,3,3,4852
256,1.8401969141181855,4851,3,3,4853
256,1.8405772772670317,4852,3,3,4854
256,1.8409576404158781,4853,3,3,4855
256,1.8413380035647244,4854,3,3,4856
256,1.8417183667135706,4855,3,3,4857
256,1.8420987298624167,4856,3,3,4858
256,1.8424790930112631,4857,3,3,4859
256,1.8428594561601095,4858,3,3,4860
256,1.8432398193089556,4859,3,3,4861
256,1.8436201824578018,4860,3,3,4862
256,1.8440005456066482,4861,3,3,4863
256,1.8443809087554945,4862,3,3,4864
256,1.8447612719043407,4863,3,3,4865
256,1.8451416350531868,4864,3,3,4866
256,1.8455219982020332,4865,3,3,4867
256,1.8459023613508796,4866,3,3,4868
256,1.8462827244997257,4867,3,3,4869
256,1.8466630876485719,4868,3,3,4870
256,1.8470434507974183,4869,3,3,4871
256,1.8474238139462646,4870,3,3,4872
256,1.8478041770951108,4871,3,3,4873
256,1.848184540243957,4872,3,3,4874
256,1.8485649033928033,4873,3,3,4875
256,1.8489452665416497,4874,3,3,4876
256,1.8493256296904959,4875,3,3,4877
256,1.849705992839342,4876,3,3,4878
256,1.8500863559881884,4877,3,3,4879
256,1.8504667191370348,4878,3,3,4880
256,1.8508470822858809,4879,3,3,4881
256,1.8512274454347271,4880,3,3,4882
256,1.8516078085835734,4881,3,3,4883
256,1.8519881717324198,4882,3,3,4884
256,1.852368534881266,4883,3,3,4885
256,1.8527488980301121,4884,3,3,4886
256,1.8531292611789585,4885,3,3,4887
256,1.8535096243278049,4886,3,3,4888
256,1.853889987476651,4887,3,3,4889
256,1.8542703506254972,4888,3,3,4890
256,1.8546507137743435,4889,3,3,4891
256,1.8550310769231899,4890,3,3,4892
256,1.8554114400720361,4891,3,3,4893
256,1.8557918032208822,4892,3,3,4894
256,1.8561721663697286,4893,3,3,4895
256,1.856552529518575,4894,3,3,4896
256,1.8569328926674211,4895,3,3,4897
256,1.8573132558162673,4896,3,3,4898
256,1.8576936189651136,4897,3,3,4899
256,1.85807398211396,4898,3,3,4900
256,1.8584543452628062,4899,3,3,4901
256,1.8588347084116523,4900,3,3,4902
256,1.8592150715604987,4901,3,3,4903
256,1.8595954347093451,4902,3,3,4904
256,1.8599757978581912,4903,3,3,4905
256,1.8603561610070374,4904,3,3,4906
256,1.8607365241558838,4905,3,3,4907
256,1.8611168873047301,4906,3,3,4908
256,1.8614972504535763,4907,3,3,4909
256,1.8618776136024224,4908,3,3,4910
256,1.8622579767512688,4909,3,3,4911
256,1.8626383399001152,4910,3,3,4912
256,1.8630187030489613,4911,3,3,4913
256,1.8633990661978075,4912,3,3,4914
256,1.8637794293466539,4913,3,3,4915
256,1.8641597924955002,4914,3,3,4916
256,1.8645401556443464,4915,3,3,4917
256,1.8649205187931925,4916,3,3,4918
256,1.8653008819420389,4917,3,3,4919
256,1.8656812450908853,4918,3,3,4920
256,1.8660616082397314,4919,3,3,4921
256,1.8664419713885776,4920,3,3,4922
256,1.866822334537424,4921,3,3,4923
256,1.8672026976862703,4922,3,3,4924
256,1.8675830608351165,4923,3,3,4925
256,1.8679634239839626,4924,3,3,4926
256,1.868343787132809,4925,3,3,4927
256,1.8687241502816554,4926,3,3,4928
256,1.8691045134305015,4927,3,3,4929
256,1.8694848765793477,4928,3,3,4930
256,1.8698652397281941,4929,3,3,4931
256,1.8702456028770404,4930,3,3,4932
256,1.8706259660258866,4931,3,3,4933
256,1.8710063291747328,4932,3,3,4934
256,1.8713866923235791,4933,3,3,4935
256,1.8717670554724255,4934,3,3,4936
256,1.8721474186212717,4935,3,3,4937
256,1.8725277817701178,4936,3,3,4938
256,1.8729081449189642,4937,3,3,4939
256,1.8732885080678106,4938,3,3,4940
256,1.8736688712166567,4939,3,3,4941
256,1.8740492343655029,4940,3,3,4942
256,1.8744295975143492,4941,3,3,4943
256,1.8748099606631956,4942,3,3,4944
256,1.8751903238120418,4943,3,3,4945
256,1.8755706869608879,4944,3,3,4946
256,1.8759510501097343,4945,3,3,4947
256,1.8763314132585807,4946,3,3,4948
256,1.8767117764074268,4947,3,3,4949
256,1.877092139556273,4948,3,3,4950
256,1.8774725027051193,4949,3,3,4951
256,1.8778528658539657,4950,3,3,4952
256,1.8782332290028119,4951,3,3,4953
256,1.878613592151658,4952,3,3,4954
256,1.8789939553005044,4953,3,3,4955
256,1.8793743184493508,4954,3,3,4956
256,1.8797546815981969,4955,3,3,4957
256,1.8801350447470431,4956,3,3,4958
256,1.8805154078958894,4957,3,3,4959
256,1.8808957710447358,4958,3,3,4960
256,1.881276134193582,4959,3,3,4961
256,1.8816564973424281,4960,3,3,4962
256,1.8820368604912745,4961,3,3,4963
256,1.8824172236401209,4962,3,3,4964
256,1.882797586788967,4963,3,3,4965
256,1.8831779499378132,4964,3,3,4966
256,1.8835583130866596,4965,3,3,4967
256,1.8839386762355059,4966,3,3,4968
256,1.8843190393843521,4967,3,3,4969
256,1.8846994025331982,4968,3,3,4970
256,1.8850797656820446,4969,3,3,4971
256,1.885460128830891,4970,3,3,4972
256,1.8858404919797371,4971,3,3,4973
256,1.8862208551285833,4972,3,3,4974
256,1.8866012182774297,4973,3,3,4975
256,1.886981581426276,4974,3,3,4976
256,1.8873619445751222,4975,3,3,4977
256,1.8877423077239683,4976,3,3,4978
256,1.8881226708728147,4977,3,3,4979
256,1.8885030340216611,4978,3,3,4980
256,1.8888833971705072,4979,3,3,4981
256,1.8892637603193534,4980,3,3,4982
256,1.8896441234681998,4981,3,3,4983
256,1.8900244866170461,4982,3,3,4984
256,1.8904048497658923,4983,3,3,4985
256,1.8907852129147384,4984,3,3,4986
256,1.8911655760635848,4985,3,3,4987
256,1.8915459392124312,4986,3,3,4988
256,1.8919263023612773,4987,3,3,4989
256,1.8923066655101235,4988,3,3,4990
256,1.8926870286589699,4989,3,3,4991
256,1.8930673918078162,4990,3,3,4992
256,1.8934477549566624,4991,3,3,4993
256,1.8938281181055086,4992,3,3,4994
256,1.8942084812543549,4993,3,3,4995
256,1.8945888444032013,4994,3,3,4996
256,1.8949692075520475,4995,3,3,4997
256,1.8953495707008936,4996,3,3,4998
256,1.89572993384974,4997,3,3,4999
256,1.8961102969985864,4998,3,3,5000
256,1.8964906601474325,4999,3,3,5001
256,1.8968710232962787,5000,3,3,5002
256,1.897251386445125,5001,3,3,5003
256,1.8976317495939714,5002,3,3,5004
256,1.8980121127428176,5003,3,3,5005
256,1.8983924758916637,5004,3,3,5006
256,1.8987728390405101,5005,3,3,5007
256,1.8991532021893565,5006,3,3,5008
256,1.8995335653382026,5007,3,3,5009
256,1.8999139284870488,5008,3,3,5010
256,1.9002942916358951,5009,3,3,5011
256,1.9006746547847415,5010,3,3,5012
256,1.9010550179335877,5011,3,3,5013
256,1.9014353810824338,5012,3,3,5014
256,1.9018157442312802,5013,3,3,5015
256,1.9021961073801266,5014,3,3,5016
256,1.9025764705289727,5015,3,3,5017
256,1.9029568336778189,5016,3,3,5018
256,1.9033371968266652,5017,3,3,5019
256,1.9037175599755116,5018,3,3,5020
256,1.9040979231243578,5019,3,3,5021
256,1.9044782862732039,5020,3,3,5022
256,1.9048586494220503,5021,3,3,5023
256,1.9052390125708967,5022,3,3,5024
256,1.9056193757197428,5023,3,3,5025
256,1.905999738868589,5024,3,3,5026
256,1.9063801020174354,5025,3,3,5027
256,1.9067604651662817,5026,3,3,5028
256,1.9071408283151279,5027,3,3,5029
256,1.907521191463974,5028,3,3,5030
256,1.9079015546128204,5029,3,3,5031
256,1.9082819177616668,5030,3,3,5032
256,1.9086622809105129,5031,3,3,5033
256,1.9090426440593591,5032,3,3,5034
256,1.9094230072082055,5033,3,3,5035
256,1.9098033703570518,5034,3,3,5036
256,1.910183733505898,5035,3,3,5037
256,1.9105640966547441,5036,3,3,5038
256,1.9109444598035905,5037,3,3,5039
256,1.9113248229524369,5038,3,3,5040
256,1.911705186101283,5039,3,3,5041
256,1.9120855492501292,5040,3,3,5042
256,1.9124659123989756,5041,3,3,5043
256,1.9128462755478219,5042,3,3,5044
256,1.9132266386966681,5043,3,3,5045
256,1.9136070018455142,5044,3,3,5046
256,1.9139873649943606,5045,3,3,5047
256,1.914367728143207,5046,3,3,5048
256,1.9147480912920531,5047,3,3,5049
256,1.9151284544408993,5048,3,3,5050
256,1.9155088175897457,5049,3,3,5051
256,1.915889180738592,5050,3,3,5052
256,1.9162695438874382,5051,3,3,5053
256,1.9166499070362844,5052,3,3,5054
256,1.9170302701851307,5053,3,3,5055
256,1.9174106333339771,5054,3,3,5056
256,1.9177909964828233,5055,3,3,5057
256,1.9181713596316694,5056,3,3,5058
256,1.9185517227805158,5057,3,3,5059
256,1.9189320859293622,5058,3,3,5060
256,1.9193124490782083,5059,3,3,5061
256,1.9196928122270545,5060,3,3,5062
256,1.9200731753759008,5061,3,3,5063
256,1.9204535385247472,5062,3,3,5064
256,1.9208339016735934,5063,3,3,5065
256,1.9212142648224395,5064,3,3,5066
256,1.9215946279712859,5065,3,3,5067
256,1.9219749911201323,5066,3,3,5068
256,1.9223553542689784,5067,3,3,5069
256,1.9227357174178246,5068,3,3,5070
256,1.9231160805666709,5069,3,3,5071
256,1.9234964437155173,5070,3,3,5072
256,1.9238768068643635,5071,3,3,5073
256,1.9242571700132096,5072,3,3,5074
256,1.924637533162056,5073,3,3,5075
256,1.9250178963109024,5074,3,3,5076
256,1.9253982594597485,5075,3,3,5077
256,1.9257786226085947,5076,3,3,5078
256,1.926158985757441,5077,3,3,5079
256,1.9265393489062874,5078,3,3,5080
256,1.9269197120551336,5079,3,3,5081
256,1.9273000752039797,5080,3,3,5082
256,1.9276804383528261,5081,3,3,5083
256,1.9280608015016725,5082,3,3,5084
256,1.9284411646505186,5083,3,3,5085
256,1.9288215277993648,5084,3,3,5086
256,1.9292018909482112,5085,3,3,5087
256,1.9295822540970575,5086,3,3,5088
256,1.9299626172459037,5087,3,3,5089
256,1.9303429803947498,5088,3,3,5090
256,1.9307233435435962,5089,3,3,5091
256,1.9311037066924426,5090,3,3,5092
256,1.9314840698412887,5091,3,3,5093
256,1.9318644329901349,5092,3,3,5094
256,1.9322447961389813,5093,3,3,5095
256,1.9326251592878276,5094,3,3,5096
256,1.9330055224366738,5095,3,3,5097
256,1.9333858855855199,5096,3,3,5098
256,1.9337662487343663,5097,3,3,5099
256,1.9341466118832127,5098,3,3,5100
256,1.9345269750320588,5099,3,3,5101
256,1.934907338180905,5100,3,3,5102
256,1.9352877013297514,5101,3,3,5103
256,1.9356680644785977,5102,3,3,5104
256,1.9360484276274439,5103,3,3,5105
256,1.93642879077629,5104,3,3,5106
256,1.9368091539251364,5105,3,3,5107
256,1.9371895170739828,5106,3,3,5108
256,1.9375698802228289,5107,3,3,5109
256,1.9379502433716751,5108,3,3,5110
256,1.9383306065205215,5109,3,3,5111
256,1.9387109696693678,5110,3,3,5112
256,1.939091332818214,5111,3,3,5113
256,1.9394716959670601,5112,3,3,5114
256,1.9398520591159065,5113,3,3,5115
256,1.9402324222647529,5114,3,3,5116
256,1.9406127854135991,5115,3,3,5117
256,1.9409931485624452,5116,3,3,5118
256,1.9413735117112916,5117,3,3,5119
256,1.941753874860138,5118,3,3,5120
256,1.9421342380089841,5119,3,3,5121
256,1.9425146011578303,5120,3,3,5122
256,1.9428949643066766,5121,3,3,5123
256,1.943275327455523,5122,3,3,5124
256,1.9436556906043692,5123,3,3,5125
256,1.9440360537532153,5124,3,3,5126
256,1.9444164169020617,5125,3,3,5127
256,1.9447967800509081,5126,3,3,5128
256,1.9451771431997542,5127,3,3,5129
256,1.9455575063486004,5128,3,3,5130
256,1.9459378694974467,5129,3,3,5131
256,1.9463182326462931,5130,3,3,5132
256,1.9466985957951393,5131,3,3,5133
256,1.9470789589439854,5132,3,3,5134
256,1.9474593220928318,5133,3,3,5135
256,1.9478396852416782,5134,3,3,5136
256,1.9482200483905243,5135,3,3,5137
256,1.9486004115393705,5136,3,3,5138
256,1.9489807746882168,5137,3,3,5139
256,1.9493611378370632,5138,3,3,5140
256,1.9497415009859094,5139,3,3,5141
256,1.9501218641347555,5140,3,3,5142
256,1.9505022272836019,5141,3,3,5143
256,1.9508825904324483,5142,3,3,5144
256,1.9512629535812944,5143,3,3,5145
256,1.9516433167301406,5144,3,3,5146
256,1.952023679878987,5145,3,3,5147
256,1.9524040430278333,5146,3,3,5148
256,1.9527844061766795,5147,3,3,5149
256,1.9531647693255256,5148,3,3,5150
256,1.953545132474372,5149,3,3,5151
256,1.9539254956232184,5150,3,3,5152
256,1.9543058587720645,5151,3,3,5153
256,1.9546862219209107,5152,3,3,5154
256,1.9550665850697571,5153,3,3,5155
256,1.9554469482186034,5154,3,3,5156
256,1.9558273113674496,5155,3,3,5157
256,1.9562076745162957,5156,3,3,5158
256,1.9565880376651421,5157,3,3,5159
256,1.9569684008139885,5158,3,3,5160
256,1.9573487639628346,5159,3,3,5161
256,1.9577291271116808,5160,3,3,5162
256,1.9581094902605272,5161,3,3,5163
256,1.9584898534093735,5162,3,3,5164
256,1.9588702165582197,5163,3,3,5165
256,1.9592505797070658,5164,3,3,5166
256,1.9596309428559122,5165,3,3,5167
256,1.9600113060047586,5166,3,3,5168
256,1.9603916691536047,5167,3,3,5169
256,1.9607720323024509,5168,3,3,5170
256,1.9611523954512973,5169,3,3,5171
256,1.9615327586001436,5170,3,3,5172
256,1.9619131217489898,5171,3,3,5173
256,1.9622934848978359,5172,3,3,5174
256,1.9626738480466823,5173,3,3,5175
256,1.9630542111955287,5174,3,3,5176
256,1.9634345743443748,5175,3,3,5177
256,1.963814937493221,5176,3,3,5178
256,1.9641953006420674,5177,3,3,5179
256,1.9645756637909138,5178,3,3,5180
256,1.9649560269397599,5179,3,3,5181
256,1.9653363900886061,5180,3,3,5182
256,1.9657167532374524,5181,3,3,5183
256,1.9660971163862988,5182,3,3,5184
256,1.966477479535145,5183,3,3,5185
256,1.9668578426839911,5184,3,3,5186
256,1.9672382058328375,5185,3,3,5187
256,1.9676185689816839,5186,3,3,5188
256,1.96799893213053,5187,3,3,5189
256,1.9683792952793762,5188,3,3,5190
256,1.9687596584282225,5189,3,3,5191
256,1.9691400215770689,5190,3,3,5192
256,1.9695203847259151,5191,3,3,5193
256,1.9699007478747612,5192,3,3,5194
256,1.9702811110236076,5193,3,3,5195
256,1.970661474172454,5194,3,3,5196
256,1.9710418373213001,5195,3,3,5197
256,1.9714222004701463,5196,3,3,5198
256,1.9718025636189926,5197,3,3,5199
256,1.972182926767839,5198,3,3,5200
256,1.9725632899166852,5199,3,3,5201
256,1.9729436530655313,5200,3,3,5202
256,1.9733240162143777,5201,3,3,5203
256,1.9737043793632241,5202,3,3,5204
256,1.9740847425120702,5203,3,3,5205
256,1.9744651056609164,5204,3,3,5206
256,1.9748454688097627,5205,3,3,5207
256,1.9752258319586091,5206,3,3,5208
256,1.9756061951074553,5207,3,3,5209
256,1.9759865582563014,5208,3,3,5210
256,1.9763669214051478,5209,3,3,5211
256,1.9767472845539942,5210,3,3,5212
256,1.9771276477028403,5211,3,3,5213
256,1.9775080108516865,5212,3,3,5214
256,1.9778883740005329,5213,3,3,5215
256,1.9782687371493792,5214,3,3,5216
256,1.9786491002982254,5215,3,3,5217
256,1.9790294634470715,5216,3,3,5218
256,1.9794098265959179,5217,3,3,5219
256,1.9797901897447643,5218,3,3,5220
256,1.9801705528936104,5219,3,3,5221
256,1.9805509160424566,5220,3,3,5222
256,1.980931279191303,5221,3,3,5223
256,1.9813116423401493,5222,3,3,5224
256,1.9816920054889955,5223,3,3,5225
256,1.9820723686378416,5224,3,3,5226
256,1.982452731786688,5225,3,3,5227
256,1.9828330949355344,5226,3,3,5228
256,1.9832134580843805,5227,3,3,5229
256,1.9835938212332267,5228,3,3,5230
256,1.9839741843820731,5229,3,3,5231
256,1.9843545475309194,5230,3,3,5232
256,1.9847349106797656,5231,3,3,5233
256,1.9851152738286117,5232,3,3,5234
256,1.9854956369774581,5233,3,3,5235
256,1.9858760001263045,5234,3,3,5236
256,1.9862563632751506,5235,3,3,5237
256,1.9866367264239968,5236,3,3,5238
256,1.9870170895728432,5237,3,3,5239
256,1.9873974527216896,5238,3,3,5240
256,1.9877778158705357,5239,3,3,5241
256,1.9881581790193819,5240,3,3,5242
256,1.9885385421682282,5241,3,3,5243
256,1.9889189053170746,5242,3,3,5244
256,1.9892992684659208,5243,3,3,5245
256,1.9896796316147669,5244,3,3,5246
256,1.9900599947636133,5245,3,3,5247
256,1.9904403579124597,5246,3,3,5248
256,1.9908207210613058,5247,3,3,5249
256,1.991201084210152,5248,3,3,5250
256,1.9915814473589983,5249,3,3,5251
256,1.9919618105078447,5250,3,3,5252
256,1.9923421736566909,5251,3,3,5253
256,1.992722536805537,5252,3,3,5254
256,1.9931028999543834,5253,3,3,5255
256,1.9934832631032298,5254,3,3,5256
256,1.9938636262520759,5255,3,3,5257
256,1.9942439894009221,5256,3,3,5258
256,1.9946243525497684,5257,3,3,5259
256,1.9950047156986148,5258,3,3,5260
256,1.995385078847461,5259,3,3,5261
256,1.9957654419963071,5260,3,3,5262
256,1.9961458051451535,5261,3,3,5263
256,1.9965261682939999,5262,3,3,5264
256,1.996906531442846,5263,3,3,5265
256,1.9972868945916922,5264,3,3,5266
256,1.9976672577405385,5265,3,3,5267
256,1.9980476208893849,5266,3,3,5268
256,1.9984279840382311,5267,3,3,5269
256,1.9988083471870772,5268,3,3,5270
256,1.9991887103359236,5269,3,3,5271
256,1.99956907348477,5270,3,3,5272
256,1.9999494366336161,5271,3,3,5273
256,2.0003297997824623,5272,3,3,5274
256,2.0007101629313087,5273,3,3,5275
256,2.001090526080155,5274,3,3,5276
256,2.0014708892290014,5275,3,3,5277
256,2.0018512523778478,5276,3,3,5278
256,2.0022316155266937,5277,3,3,5279
256,2.0026119786755401,5278,3,3,5280
256,2.0029923418243865,5279,3,3,5281
256,2.0033727049732328,5280,3,3,5282
256,2.0037530681220792,5281,3,3,5283
256,2.0041334312709251,5282,3,3,5284
256,2.0045137944197715,5283,3,3,5285
256,2.0048941575686179,5284,3,3,5286
256,2.0052745207174638,5285,3,3,5287
256,2.0056548838663102,5286,3,3,5288
256,2.0060352470151566,5287,3,3,5289
256,2.0064156101640029,5288,3,3,5290
256,2.0067959733128493,5289,3,3,5291
256,2.0071763364616952,5290,3,3,5292
256,2.0075566996105416,5291,3,3,5293
256,2.007937062759388,5292,3,3,5294
256,2.0083174259082339,5293,3,3,5295
256,2.0086977890570803,5294,3,3,5296
256,2.0090781522059267,5295,3,3,5297
256,2.009458515354773,5296,3,3,5298
256,2.0098388785036194,5297,3,3,5299
256,2.0102192416524653,5298,3,3,5300
256,2.0105996048013117,5299,3,3,5301
256,2.0109799679501581,5300,3,3,5302
256,2.011360331099004,5301,3,3,5303
256,2.0117406942478504,5302,3,3,5304
256,2.0121210573966968,5303,3,3,5305
256,2.0125014205455432,5304,3,3,5306
256,2.0128817836943895,5305,3,3,5307
256,2.0132621468432355,5306,3,3,5308
256,2.0136425099920818,5307,3,3,5309
256,2.0140228731409282,5308,3,3,5310
256,2.0144032362897741,5309,3,3,5311
256,2.0147835994386205,5310,3,3,5312
256,2.0151639625874669,5311,3,3,5313
256,2.0155443257363133,5312,3,3,5314
256,2.0159246888851596,5313,3,3,5315
256,2.0163050520340056,5314,3,3,5316
256,2.0166854151828519,5315,3,3,5317
256,2.0170657783316983,5316,3,3,5318
256,2.0174461414805442,5317,3,3,5319
256,2.0178265046293906,5318,3,3,5320
256,2.018206867778237,5319,3,3,5321
256,2.0185872309270834,5320,3,3,5322
256,2.0189675940759297,5321,3,3,5323
256,2.0193479572247757,5322,3,3,5324
256,2.019728320373622,5323,3,3,5325
256,2.0201086835224684,5324,3,3,5326
256,2.0204890466713143,5325,3,3,5327
256,2.0208694098201607,5326,3,3,5328
256,2.0212497729690071,5327,3,3,5329
256,2.0216301361178535,5328,3,3,5330
256,2.0220104992666998,5329,3,3,5331
256,2.0223908624155458,5330,3,3,5332
256,2.0227712255643922,5331,3,3,5333
256,2.0231515887132385,5332,3,3,5334
256,2.0235319518620845,5333,3,3,5335
256,2.0239123150109308,5334,3,3,5336
256,2.0242926781597772,5335,3,3,5337
256,2.0246730413086236,5336,3,3,5338
256,2.02505340445747,5337,3,3,5339
256,2.0254337676063159,5338,3,3,5340
256,2.0258141307551623,5339,3,3,5341
256,2.0261944939040086,5340,3,3,5342
256,2.0265748570528546,5341,3,3,5343
256,2.0269552202017009,5342,3,3,5344
256,2.0273355833505473,5343,3,3,5345
256,2.0277159464993937,5344,3,3,5346
256,2.0280963096482401,5345,3,3,5347
256,2.028476672797086,5346,3,3,5348
256,2.0288570359459324,5347,3,3,5349
256,2.0292373990947787,5348,3,3,5350
256,2.0296177622436247,5349,3,3,5351
256,2.029998125392471,5350,3,3,5352
256,2.0303784885413174,5351,3,3,5353
256,2.0307588516901638,5352,3,3,5354
256,2.0311392148390102,5353,3,3,5355
256,2.0315195779878561,5354,3,3,5356
256,2.0318999411367025,5355,3,3,5357
256,2.0322803042855488,5356,3,3,5358
256,2.0326606674343948,5357,3,3,5359
256,2.0330410305832411,5358,3,3,5360
256,2.0334213937320875,5359,3,3,5361
256,2.0338017568809339,5360,3,3,5362
256,2.0341821200297803,5361,3,3,5363
256,2.0345624831786262,5362,3,3,5364
256,2.0349428463274726,5363,3,3,5365
256,2.035323209476319,5364,3,3,5366
256,2.0357035726251649,5365,3,3,5367
256,2.0360839357740113,5366,3,3,5368
256,2.0364642989228576,5367,3,3,5369
256,2.036844662071704,5368,3,3,5370
256,2.0372250252205504,5369,3,3,5371
256,2.0376053883693963,5370,3,3,5372
256,2.0379857515182427,5371,3,3,5373
256,2.0383661146670891,5372,3,3,5374
256,2.038746477815935,5373,3,3,5375
256,2.0391268409647814,5374,3,3,5376
256,2.0395072041136277,5375,3,3,5377
256,2.0398875672624741,5376,3,3,5378
256,2.0402679304113205,5377,3,3,5379
256,2.0406482935601664,5378,3,3,5380
256,2.0410286567090128,5379,3,3,5381
256,2.0414090198578592,5380,3,3,5382
256,2.0417893830067051,5381,3,3,5383
256,2.0421697461555515,5382,3,3,5384
256,2.0425501093043978,5383,3,3,5385
256,2.0429304724532442,5384,3,3,5386
256,2.0433108356020906,5385,3,3,5387
256,2.0436911987509365,5386,3,3,5388
256,2.0440715618997829,5387,3,3,5389
256,2.0444519250486293,5388,3,3,5390
256,2.0448322881974752,5389,3,3,5391
256,2.0452126513463216,5390,3,3,5392
256,2.0455930144951679,5391,3,3,5393
256,2.0459733776440143,5392,3,3,5394
256,2.0463537407928607,5393,3,3,5395
256,2.0467341039417066,5394,3,3,5396
256,2.047114467090553,5395,3,3,5397
256,2.0474948302393994,5396,3,3,5398
256,2.0478751933882453,5397,3,3,5399
256,2.0482555565370917,5398,3,3,5400
256,2.0486359196859381,5399,3,3,5401
256,2.0490162828347844,5400,3,3,5402
256,2.0493966459836308,5401,3,3,5403
256,2.0497770091324767,5402,3,3,5404
256,2.0501573722813231,5403,3,3,5405
256,2.0505377354301695,5404,3,3,5406
256,2.0509180985790154,5405,3,3,5407
256,2.0512984617278618,5406,3,3,5408
256,2.0516788248767082,5407,3,3,5409
256,2.0520591880255545,5408,3,3,5410
256,2.0524395511744009,5409,3,3,5411
256,2.0528199143232468,5410,3,3,5412
256,2.0532002774720932,5411,3,3,5413
256,2.0535806406209396,5412,3,3,5414
256,2.0539610037697855,5413,3,3,5415
256,2.0543413669186319,5414,3,3,5416
256,2.0547217300674783,5415,3,3,5417
256,2.0551020932163246,5416,3,3,5418
256,2.055482456365171,5417,3,3,5419
256,2.0558628195140169,5418,3,3,5420
256,2.0562431826628633,5419,3,3,5421
256,2.0566235458117097,5420,3,3,5422
256,2.0570039089605556,5421,3,3,5423
256,2.057384272109402,5422,3,3,5424
256,2.0577646352582484,5423,3,3,5425
256,2.0581449984070948,5424,3,3,5426
256,2.0585253615559411,5425,3,3,5427
256,2.0589057247047871,5426,3,3,5428
256,2.0592860878536334,5427,3,3,5429
256,2.0596664510024798,5428,3,3,5430
256,2.0600468141513257,5429,3,3,5431
256,2.0604271773001721,5430,3,3,5432
256,2.0608075404490185,5431,3,3,5433
256,2.0611879035978649,5432,3,3,5434
256,2.0615682667467112,5433,3,3,5435
256,2.0619486298955572,5434,3,3,5436
256,2.0623289930444035,5435,3,3,5437
256,2.0627093561932499,5436,3,3,5438
256,2.0630897193420958,5437,3,3,5439
256,2.0634700824909422,5438,3,3,5440
256,2.0638504456397886,5439,3,3,5441
256,2.064230808788635,5440,3,3,5442
256,2.0646111719374813,5441,3,3,5443
256,2.0649915350863273,5442,3,3,5444
256,2.0653718982351736,5443,3,3,5445
256,2.06575226138402,5444,3,3,5446
256,2.0661326245328659,5445,3,3,5447
256,2.0665129876817123,5446,3,3,5448
256,2.0668933508305587,5447,3,3,5449
256,2.0672737139794051,5448,3,3,5450
256,2.0676540771282514,5449,3,3,5451
256,2.0680344402770974,5450,3,3,5452
256,2.0684148034259437,5451,3,3,5453
256,2.0687951665747901,5452,3,3,5454
256,2.0691755297236361,5453,3,3,5455
256,2.0695558928724824,5454,3,3,5456
256,2.0699362560213288,5455,3,3,5457
256,2.0703166191701752,5456,3,3,5458
256,2.0706969823190216,5457,3,3,5459
256,2.0710773454678675,5458,3,3,5460
256,2.0714577086167139,5459,3,3,5461
256,2.0718380717655602,5460,3,3,5462
256,2.0722184349144062,5461,3,3,5463
256,2.0725987980632525,5462,3,3,5464
256,2.0729791612120989,5463,3,3,5465
256,2.0733595243609453,5464,3,3,5466
256,2.0737398875097917,5465,3,3,5467
256,2.0741202506586376,5466,3,3,5468
256,2.074500613807484,5467,3,3,5469
256,2.0748809769563303,5468,3,3,5470
256,2.0752613401051763,5469,3,3,5471
256,2.0756417032540226,5470,3,3,5472
256,2.076022066402869,5471,3,3,5473
256,2.0764024295517154,5472,3,3,5474
256,2.0767827927005618,5473,3,3,5475
256,2.0771631558494077,5474,3,3,5476
256,2.0775435189982541,5475,3,3,5477
256,2.0779238821471004,5476,3,3,5478
256,2.0783042452959464,5477,3,3,5479
256,2.0786846084447927,5478,3,3,5480
256,2.0790649715936391,5479,3,3,5481
256,2.0794453347424855,5480,3,3,5482
256,2.0798256978913319,5481,3,3,5483
256,2.0802060610401778,5482,3,3,5484
256,2.0805864241890242,5483,3,3,5485
256,2.0809667873378705,5484,3,3,5486
256,2.0813471504867165,5485,3,3,5487
256,2.0817275136355629,5486,3,3,5488
256,2.0821078767844092,5487,3,3,5489
256,2.0824882399332556,5488,3,3,5490
256,2.082868603082102,5489,3,3,5491
256,2.0832489662309479,5490,3,3,5492
256,2.0836293293797943,5491,3,3,5493
256,2.0840096925286407,5492,3,3,5494
256,2.0843900556774866,5493,3,3,5495
256,2.084770418826333,5494,3,3,5496
256,2.0851507819751793,5495,3,3,5497
256,2.0855311451240257,5496,3,3,5498
256,2.0859115082728721,5497,3,3,5499
256,2.086291871421718,5498,3,3,5500
256,2.0866722345705644,5499,3,3,5501
256,2.0870525977194108,5500,3,3,5502
256,2.0874329608682567,5501,3,3,5503
256,2.0878133240171031,5502,3,3,5504
256,2.0881936871659494,5503,3,3,5505
256,2.0885740503147958,5504,3,3,5506
256,2.0889544134636422,5505,3,3,5507
256,2.0893347766124881,5506,3,3,5508
256,2.0897151397613345,5507,3,3,5509
256,2.0900955029101809,5508,3,3,5510
256,2.0904758660590268,5509,3,3,5511
256,2.0908562292078732,5510,3,3,5512
256,2.0912365923567195,5511,3,3,5513
256,2.0916169555055659,5512,3,3,5514
256,2.0919973186544123,5513,3,3,5515
256,2.0923776818032582,5514,3,3,5516
256,2.0927580449521046,5515,3,3,5517
256,2.093138408100951,5516,3,3,5518
256,2.0935187712497969,5517,3,3,5519
256,2.0938991343986433,5518,3,3,5520
256,2.0942794975474897,5519,3,3,5521
256,2.094659860696336,5520,3,3,5522
256,2.0950402238451824,5521,3,3,5523
256,2.0954205869940283,5522,3,3,5524
256,2.0958009501428747,5523,3,3,5525
256,2.0961813132917211,5524,3,3,5526
256,2.096561676440567,5525,3,3,5527
256,2.0969420395894134,5526,3,3,5528
256,2.0973224027382598,5527,3,3,5529
256,2.0977027658871061,5528,3,3,5530
256,2.0980831290359525,5529,3,3,5531
256,2.0984634921847984,5530,3,3,5532
256,2.0988438553336448,5531,3,3,5533
256,2.0992242184824912,5532,3,3,5534
256,2.0996045816313371,5533,3,3,5535
256,2.0999849447801835,5534,3,3,5536
256,2.1003653079290299,5535,3,3,5537
256,2.1007456710778762,5536,3,3,5538
256,2.1011260342267226,5537,3,3,5539
256,2.1015063973755685,5538,3,3,5540
256,2.1018867605244149,5539,3,3,5541
256,2.1022671236732613,5540,3,3,5542
256,2.1026474868221072,5541,3,3,5543
256,2.1030278499709536,5542,3,3,5544
256,2.1034082131198,5543,3,3,5545
256,2.1037885762686463,5544,3,3,5546
256,2.1041689394174927,5545,3,3,5547
256,2.1045493025663387,5546,3,3,5548
256,2.104929665715185,5547,3,3,5549
256,2.1053100288640314,5548,3,3,5550
256,2.1056903920128773,5549,3,3,5551
256,2.1060707551617237,5550,3,3,5552
256,2.1064511183105701,5551,3,3,5553
256,2.1068314814594165,5552,3,3,5554
256,2.1072118446082628,5553,3,3,5555
256,2.1075922077571088,5554,3,3,5556
256,2.1079725709059551,5555,3,3,5557
256,2.1083529340548015,5556,3,3,5558
256,2.1087332972036474,5557,3,3,5559
256,2.1091136603524938,5558,3,3,5560
256,2.1094940235013402,5559,3,3,5561
256,2.1098743866501866,5560,3,3,5562
256,2.1102547497990329,5561,3,3,5563
256,2.1106351129478789,5562,3,3,5564
256,2.1110154760967252,5563,3,3,5565
256,2.1113958392455716,5564,3,3,5566
256,2.1117762023944175,5565,3,3,5567
256,2.1121565655432639,5566,3,3,5568
256,2.1125369286921103,5567,3,3,5569
256,2.1129172918409567,5568,3,3,5570
256,2.113297654989803,5569,3,3,5571
256,2.113678018138649,5570,3,3,5572
256,2.1140583812874953,5571,3,3,5573
256,2.1144387444363417,5572,3,3,5574
256,2.1148191075851877,5573,3,3,5575
256,2.115199470734034,5574,3,3,5576
256,2.1155798338828804,5575,3,3,5577
256,2.1159601970317268,5576,3,3,5578
256,2.1163405601805731,5577,3,3,5579
256,2.1167209233294191,5578,3,3,5580
256,2.1171012864782655,5579,3,3,5581
256,2.1174816496271118,5580,3,3,5582
256,2.1178620127759578,5581,3,3,5583
256,2.1182423759248041,5582,3,3,5584
256,2.1186227390736505,5583,3,3,5585
256,2.1190031022224969,5584,3,3,5586
256,2.1193834653713433,5585,3,3,5587
256,2.1197638285201892,5586,3,3,5588
256,2.1201441916690356,5587,3,3,5589
256,2.1205245548178819,5588,3,3,5590
256,2.1209049179667279,5589,3,3,5591
256,2.1212852811155742,5590,3,3,5592
256,2.1216656442644206,5591,3,3,5593
256,2.122046007413267,5592,3,3,5594
256,2.1224263705621134,5593,3,3,5595
256,2.1228067337109593,5594,3,3,5596
256,2.1231870968598057,5595,3,3,5597
256,2.123567460008652,5596,3,3,5598
256,2.123947823157498,5597,3,3,5599
256,2.1243281863063443,5598,3,3,5600
256,2.1247085494551907,5599,3,3,5601
256,2.1250889126040371,5600,3,3,5602
256,2.1254692757528835,5601,3,3,5603
256,2.1258496389017294,5602,3,3,5604
256,2.1262300020505758,5603,3,3,5605
256,2.1266103651994221,5604,3,3,5606
256,2.1269907283482681,5605,3,3,5607
256,2.1273710914971145,5606,3,3,5608
256,2.1277514546459608,5607,3,3,5609
256,2.1281318177948072,5608,3,3,5610
256,2.1285121809436536,5609,3,3,5611
256,2.1288925440924995,5610,3,3,5612
256,2.1292729072413459,5611,3,3,5613
256,2.1296532703901923,5612,3,3,5614
256,2.1300336335390382,5613,3,3,5615
256,2.1304139966878846,5614,3,3,5616
256,2.1307943598367309,5615,3,3,5617
256,2.1311747229855773,5616,3,3,5618
256,2.1315550861344237,5617,3,3,5619
256,2.1319354492832696,5618,3,3,5620
256,2.132315812432116,5619,3,3,5621
256,2.1326961755809624,5620,3,3,5622
256,2.1330765387298083,5621,3,3,5623
256,2.1334569018786547,5622,3,3,5624
256,2.133837265027501,5623,3,3,5625
256,2.1342176281763474,5624,3,3,5626
256,2.1345979913251938,5625,3,3,5627
256,2.1349783544740397,5626,3,3,5628
256,2.1353587176228861,5627,3,3,5629
256,2.1357390807717325,5628,3,3,5630
256,2.1361194439205784,5629,3,3,5631
256,2.1364998070694248,5630,3,3,5632
256,2.1368801702182711,5631,3,3,5633
256,2.1372605333671175,5632,3,3,5634
256,2.1376408965159639,5633,3,3,5635
256,2.1380212596648098,5634,3,3,5636
256,2.1384016228136562,5635,3,3,5637
256,2.1387819859625026,5636,3,3,5638
256,2.1391623491113485,5637,3,3,5639
256,2.1395427122601949,5638,3,3,5640
256,2.1399230754090413,5639,3,3,5641
256,2.1403034385578876,5640,3,3,5642
256,2.140683801706734,5641,3,3,5643
256,2.1410641648555799,5642,3,3,5644
256,2.1414445280044263,5643,3,3,5645
256,2.1418248911532727,5644,3,3,5646
256,2.1422052543021186,5645,3,3,5647
256,2.142585617450965,5646,3,3,5648
256,2.1429659805998114,5647,3,3,5649
256,2.1433463437486577,5648,3,3,5650
256,2.1437267068975041,5649,3,3,5651
256,2.14410707004635,5650,3,3,5652
256,2.1444874331951964,5651,3,3,5653
256,2.1448677963440428,5652,3,3,5654
256,2.1452481594928887,5653,3,3,5655
256,2.1456285226417351,5654,3,3,5656
256,2.1460088857905815,5655,3,3,5657
256,2.1463892489394278,5656,3,3,5658
256,2.1467696120882742,5657,3,3,5659
256,2.1471499752371201,5658,3,3,5660
256,2.1475303383859665,5659,3,3,5661
256,2.1479107015348129,5660,3,3,5662
256,2.1482910646836588,5661,3,3,5663
256,2.1486714278325052,5662,3,3,5664
256,2.1490517909813516,5663,3,3,5665
256,2.1494321541301979,5664,3,3,5666
256,2.1498125172790443,5665,3,3,5667
256,2.1501928804278903,5666,3,3,5668
256,2.1505732435767366,5667,3,3,5669
256,2.150953606725583,5668,3,3,5670
256,2.1513339698744289,5669,3,3,5671
256,2.1517143330232753,5670,3,3,5672
256,2.1520946961721217,5671,3,3,5673
256,2.1524750593209681,5672,3,3,5674
256,2.1528554224698144,5673,3,3,5675
256,2.1532357856186604,5674,3,3,5676
256,2.1536161487675067,5675,3,3,5677
256,2.1539965119163531,5676,3,3,5678
256,2.154376875065199,5677,3,3,5679
256,2.1547572382140454,5678,3,3,5680
256,2.1551376013628918,5679,3,3,5681
256,2.1555179645117382,5680,3,3,5682
256,2.1558983276605845,5681,3,3,5683
256,2.1562786908094305,5682,3,3,5684
256,2.1566590539582768,5683,3,3,5685
256,2.1570394171071232,5684,3,3,5686
256,2.1574197802559691,5685,3,3,5687
256,2.1578001434048155,5686,3,3,5688
256,2.1581805065536619,5687,3,3,5689
256,2.1585608697025083,5688,3,3,5690
256,2.1589412328513546,5689,3,3,5691
256,2.1593215960002006,5690,3,3,5692
256,2.1597019591490469,5691,3,3,5693
256,2.1600823222978933,5692,3,3,5694
256,2.1604626854467393,5693,3,3,5695
256,2.1608430485955856,5694,3,3,5696
256,2.161223411744432,5695,3,3,5697
256,2.1616037748932784,5696,3,3,5698
256,2.1619841380421247,5697,3,3,5699
256,2.1623645011909707,5698,3,3,5700
256,2.1627448643398171,5699,3,3,5701
256,2.1631252274886634,5700,3,3,5702
256,2.1635055906375094,5701,3,3,5703
256,2.1638859537863557,5702,3,3,5704
256,2.1642663169352021,5703,3,3,5705
256,2.1646466800840485,5704,3,3,5706
256,2.1650270432328949,5705,3,3,5707
256,2.1654074063817408,5706,3,3,5708
256,2.1657877695305872,5707,3,3,5709
256,2.1661681326794335,5708,3,3,5710
256,2.1665484958282795,5709,3,3,5711
256,2.1669288589771258,5710,3,3,5712
256,2.1673092221259722,5711,3,3,5713
256,2.1676895852748186,5712,3,3,5714
256,2.168069948423665,5713,3,3,5715
256,2.1684503115725109,5714,3,3,5716
256,2.1688306747213573,5715,3,3,5717
256,2.1692110378702036,5716,3,3,5718
256,2.1695914010190496,5717,3,3,5719
256,2.1699717641678959,5718,3,3,5720
256,2.1703521273167423,5719,3,3,5721
256,2.1707324904655887,5720,3,3,5722
256,2.1711128536144351,5721,3,3,5723
256,2.171493216763281,5722,3,3,5724
256,2.1718735799121274,5723,3,3,5725
256,2.1722539430609737,5724,3,3,5726
256,2.1726343062098197,5725,3,3,5727
256,2.1730146693586661,5726,3,3,5728
256,2.1733950325075124,5727,3,3,5729
256,2.1737753956563588,5728,3,3,5730
256,2.1741557588052052,5729,3,3,5731
256,2.1745361219540511,5730,3,3,5732
256,2.1749164851028975,5731,3,3,5733
256,2.1752968482517439,5732,3,3,5734
256,2.1756772114005898,5733,3,3,5735
256,2.1760575745494362,5734,3,3,5736
256,2.1764379376982825,5735,3,3,5737
256,2.1768183008471289,5736,3,3,5738
256,2.1771986639959753,5737,3,3,5739
256,2.1775790271448212,5738,3,3,5740
256,2.1779593902936676,5739,3,3,5741
256,2.178339753442514,5740,3,3,5742
256,2.1787201165913599,5741,3,3,5743
256,2.1791004797402063,5742,3,3,5744
256,2.1794808428890526,5743,3,3,5745
256,2.179861206037899,5744,3,3,5746
256,2.1802415691867454,5745,3,3,5747
256,2.1806219323355913,5746,3,3,5748
256,2.1810022954844377,5747,3,3,5749
256,2.1813826586332841,5748,3,3,5750
256,2.18176302178213,5749,3,3,5751
256,2.1821433849309764,5750,3,3,5752
256,2.1825237480798227,5751,3,3,5753
256,2.1829041112286691,5752,3,3,5754
256,2.1832844743775155,5753,3,3,5755
256,2.1836648375263614,5754,3,3,5756
256,2.1840452006752078,5755,3,3,5757
256,2.1844255638240542,5756,3,3,5758
256,2.1848059269729001,5757,3,3,5759
256,2.1851862901217465,5758,3,3,5760
256,2.1855666532705929,5759,3,3,5761
256,2.1859470164194392,5760,3,3,5762
256,2.1863273795682856,5761,3,3,5763
256,2.1867077427171315,5762,3,3,5764
256,2.1870881058659779,5763,3,3,5765
256,2.1874684690148243,5764,3,3,5766
256,2.1878488321636702,5765,3,3,5767
256,2.1882291953125166,5766,3,3,5768
256,2.188609558461363,5767,3,3,5769
256,2.1889899216102093,5768,3,3,5770
256,2.1893702847590557,5769,3,3,5771
256,2.1897506479079016,5770,3,3,5772
256,2.190131011056748,5771,3,3,5773
256,2.1905113742055944,5772,3,3,5774
256,2.1908917373544403,5773,3,3,5775
256,2.1912721005032867,5774,3,3,5776
256,2.1916524636521331,5775,3,3,5777
256,2.1920328268009794,5776,3,3,5778
256,2.1924131899498258,5777,3,3,5779
256,2.1927935530986717,5778,3,3,5780
256,2.1931739162475181,5779,3,3,5781
256,2.1935542793963645,5780,3,3,5782
256,2.1939346425452104,5781,3,3,5783
256,2.1943150056940568,5782,3,3,5784
256,2.1946953688429032,5783,3,3,5785
256,2.1950757319917495,5784,3,3,5786
256,2.1954560951405959,5785,3,3,5787
256,2.1958364582894419,5786,3,3,5788
256,2.1962168214382882,5787,3,3,5789
256,2.1965971845871346,5788,3,3,5790
256,2.1969775477359805,5789,3,3,5791
256,2.1973579108848269,5790,3,3,5792
256,2.1977382740336733,5791,3,3,5793
256,2.1981186371825197,5792,3,3,5794
256,2.198499000331366,5793,3,3,5795
256,2.198879363480212,5794,3,3,5796
256,2.1992597266290583,5795,3,3,5797
256,2.1996400897779047,5796,3,3,5798
256,2.2000204529267506,5797,3,3,5799
256,2.200400816075597,5798,3,3,5800
256,2.2007811792244434,5799,3,3,5801
256,2.2011615423732898,5800,3,3,5802
256,2.2015419055221361,5801,3,3,5803
256,2.2019222686709821,5802,3,3,5804
256,2.2023026318198284,5803,3,3,5805
256,2.2026829949686748,5804,3,3,5806
256,2.2030633581175207,5805,3,3,5807
256,2.2034437212663671,5806,3,3,5808
256,2.2038240844152135,5807,3,3,5809
256,2.2042044475640599,5808,3,3,5810
256,2.2045848107129062,5809,3,3,5811
256,2.2049651738617522,5810,3,3,5812
256,2.2053455370105985,5811,3,3,5813
256,2.2057259001594449,5812,3,3,5814
256,2.2061062633082908,5813,3,3,5815
256,2.2064866264571372,5814,3,3,5816
256,2.2068669896059836,5815,3,3,5817
256,2.20724735275483,5816,3,3,5818
256,2.2076277159036763,5817,3,3,5819
256,2.2080080790525223,5818,3,3,5820
256,2.2083884422013687,5819,3,3,5821
256,2.208768805350215,5820,3,3,5822
256,2.209149168499061,5821,3,3,5823
256,2.2095295316479073,5822,3,3,5824
256,2.2099098947967537,5823,3,3,5825
256,2.2102902579456001,5824,3,3,5826
256,2.2106706210944465,5825,3,3,5827
256,2.2110509842432924,5826,3,3,5828
256,2.2114313473921388,5827,3,3,5829
256,2.2118117105409851,5828,3,3,5830
256,2.2121920736898311,5829,3,3,5831
256,2.2125724368386774,5830,3,3,5832
256,2.2129527999875238,5831,3,3,5833
256,2.2133331631363702,5832,3,3,5834
256,2.2137135262852166,5833,3,3,5835
256,2.2140938894340625,5834,3,3,5836
256,2.2144742525829089,5835,3,3,5837
256,2.2148546157317552,5836,3,3,5838
256,2.2152349788806012,5837,3,3,5839
256,2.2156153420294475,5838,3,3,5840
256,2.2159957051782939,5839,3,3,5841
256,2.2163760683271403,5840,3,3,5842
256,2.2167564314759867,5841,3,3,5843
256,2.2171367946248326,5842,3,3,5844
256,2.217517157773679,5843,3,3,5845
256,2.2178975209225253,5844,3,3,5846
256,2.2182778840713713,5845,3,3,5847
256,2.2186582472202176,5846,3,3,5848
256,2.219038610369064,5847,3,3,5849
256,2.2194189735179104,5848,3,3,5850
256,2.2197993366667568,5849,3,3,5851
256,2.2201796998156027,5850,3,3,5852
256,2.2205600629644491,5851,3,3,5853
256,2.2209404261132955,5852,3,3,5854
256,2.2213207892621414,5853,3,3,5855
256,2.2217011524109878,5854,3,3,5856
256,2.2220815155598341,5855,3,3,5857
256,2.2224618787086805,5856,3,3,5858
256,2.2228422418575269,5857,3,3,5859
256,2.2232226050063728,5858,3,3,5860
256,2.2236029681552192,5859,3,3,5861
256,2.2239833313040656,5860,3,3,5862
256,2.2243636944529115,5861,3,3,5863
256,2.2247440576017579,5862,3,3,5864
256,2.2251244207506042,5863,3,3,5865
256,2.2255047838994506,5864,3,3,5866
256,2.225885147048297,5865,3,3,5867
256,2.2262655101971429,5866,3,3,5868
256,2.2266458733459893,5867,3,3,5869
256,2.2270262364948357,5868,3,3,5870
256,2.2274065996436816,5869,3,3,5871
256,2.227786962792528,5870,3,3,5872
256,2.2281673259413743,5871,3,3,5873
256,2.2285476890902207,5872,3,3,5874
256,2.2289280522390671,5873,3,3,5875
256,2.229308415387913,5874,3,3,5876
256,2.2296887785367594,5875,3,3,5877
256,2.2300691416856058,5876,3,3,5878
256,2.2304495048344517,5877,3,3,5879
256,2.2308298679832981,5878,3,3,5880
256,2.2312102311321445,5879,3,3,5881
256,2.2315905942809908,5880,3,3,5882
256,2.2319709574298372,5881,3,3,5883
256,2.2323513205786831,5882,3,3,5884
256,2.2327316837275295,5883,3,3,5885
256,2.2331120468763759,5884,3,3,5886
256,2.2334924100252218,5885,3,3,5887
256,2.2338727731740682,5886,3,3,5888
256,2.2342531363229146,5887,3,3,5889
256,2.2346334994717609,5888,3,3,5890
256,2.2350138626206073,5889,3,3,5891
256,2.2353942257694532,5890,3,3,5892
256,2.2357745889182996,5891,3,3,5893
256,2.236154952067146,5892,3,3,5894
256,2.2365353152159919,5893,3,3,5895
256,2.2369156783648383,5894,3,3,5896
256,2.2372960415136847,5895,3,3,5897
256,2.237676404662531,5896,3,3,5898
256,2.2380567678113774,5897,3,3,5899
256,2.2384371309602233,5898,3,3,5900
256,2.2388174941090697,5899,3,3,5901
256,2.2391978572579161,5900,3,3,5902
256,2.239578220406762,5901,3,3,5903
256,2.2399585835556084,5902,3,3,5904
256,2.2403389467044548,5903,3,3,5905
256,2.2407193098533011,5904,3,3,5906
256,2.2410996730021475,5905,3,3,5907
256,2.2414800361509934,5906,3,3,5908
256,2.2418603992998398,5907,3,3,5909
256,2.2422407624486862,5908,3,3,5910
256,2.2426211255975321,5909,3,3,5911
