t sb -1 xb vb dt perf.t perf.speed
0 0 -1 0.5 0 0.000167809 0 0 
0.000167809 0 -1 0.5 -6.48113e-05 0.000167809 0.020962 781605 1 8691.18 1119.65 7.76243 4 
0.000488167 5.88048e-07 -1 0.5 -6.57142e-05 0.000320358 0.034838 940582 1 1520.87 520.009 2.92469 4 1 1916.4 739.51 2.59145 4 1 0.000744922 7.90531e-08 9423.05 4 
0.000947159 -9.85438e-07 -1 0.5 -2.45841e-05 0.000458992 0.047703 1.03038e+06 1 936.723 203.369 4.60602 4 1 3463.6 995.386 3.47966 4 1 0.00110004 3.74383e-07 2938.27 4 
0.00153223 -2.11096e-06 -1 0.5 0.000231628 0.000585067 0.060474 1.08371e+06 1 422.556 40.1797 10.5167 4 1 2380.04 289.656 8.21678 4 1 0.000725758 1.10384e-06 657.484 4 
0.00223182 -4.0259e-06 -1 0.5 0.000682949 0.000699596 0.073367 1.11658e+06 1 53.8137 52.3077 1.02879 4 1 773.229 120.834 6.39913 4 1 0.000881613 2.49015e-06 354.039 4 
0.00303573 -5.86865e-06 -1 0.500001 0.00125398 0.000803907 0.086174 1.14076e+06 1 64.618 13.117 4.92628 4 1 270.114 42.7357 6.32056 4 1 0.00127203 5.15368e-06 246.821 4 
0.00393437 -7.4592e-06 -1 0.500002 0.00193197 0.00089864 0.098932 1.15926e+06 1 31.4901 9.80485 3.21168 4 1 132.8 14.6301 9.07714 4 1 0.00162483 8.63972e-06 188.065 4 
0.00491894 -8.21523e-06 -1 0.500004 0.00266382 0.000984576 0.11168 1.17364e+06 1 39.6131 1.91577 20.6774 4 1 77.4737 36.901 2.09951 4 1 0.00197692 1.33726e-05 147.834 4 
0.00598178 -7.95483e-06 -1 0.500006 0.00340438 0.00106284 0.124445 1.18491e+06 1 43.9554 7.1618 6.13747 4 1 61.6033 38.1974 1.61276 4 1 0.00229125 1.89781e-05 120.731 4 
0.00711588 -6.69677e-06 -1 0.50001 0.00410778 0.0011341 0.13753 1.1913e+06 1 47.0688 11.2686 4.17698 4 1 55.8265 40.5198 1.37776 4 1 0.00251374 2.49175e-05 100.882 4 
0.00831447 -4.74386e-06 -1 0.500015 0.00475868 0.00119859 0.15031 1.19902e+06 1 48.2296 11.8908 4.05604 4 1 48.655 35.6252 1.36575 4 1 0.00264742 3.0599e-05 86.5198 4 
0.00957201 -2.55047e-06 -1 0.500021 0.00536779 0.00125754 0.16315 1.20508e+06 1 46.6569 10.0021 4.66472 4 1 38.7247 26.0052 1.48912 4 1 0.00274301 3.59272e-05 76.3491 4 
0.010883 -5.86101e-07 -1 0.500028 0.00595403 0.00131102 0.175984 1.21029e+06 1 41.1887 5.7353 7.18161 4 1 58.3687 15.5944 3.74294 4 1 0.00283858 4.11563e-05 68.9709 4 
0.0122423 8.05616e-07 -1 0.500036 0.00654037 0.00135931 0.192314 1.19272e+06 1 36.3592 2.31477 15.7075 4 1 23.9476 7.27174 3.29324 4 1 0.00296443 4.63109e-05 64.0114 4 
0.0136457 1.41244e-06 -1 0.500046 0.00715109 0.00140336 0.205177 1.1978e+06 1 30.9778 1.7334 17.8711 4 1 71.1247 2.04389 34.7987 4 1 0.00310972 5.17253e-05 60.1199 4 
0.0150898 1.21321e-06 -1 0.500056 0.00780448 0.00144408 0.218042 1.20226e+06 1 26.9984 3.71326 7.27079 4 1 89.3199 6.89062 12.9625 4 1 0.00327636 5.75248e-05 56.9556 4 
0.0165704 3.37852e-07 -1 0.500067 0.00851975 0.00148061 0.230834 1.20662e+06 1 23.2152 5.30563 4.37559 4 1 100.945 8.89417 11.3495 4 1 0.00347314 6.3481e-05 54.7114 4 
0.0180841 -9.2212e-07 -1 0.50008 0.00929559 0.00151366 0.247646 1.19086e+06 1 20.4506 5.30749 3.85315 4 1 14.4573 7.98109 1.81145 4 1 0.00370714 6.98358e-05 53.0837 4 
0.0196275 -2.26275e-06 -1 0.500094 0.0101259 0.00154343 0.260567 1.19469e+06 1 19.0403 4.75498 4.00429 4 1 12.0908 5.54442 2.18072 4 1 0.00394209 7.61056e-05 51.7977 4 
0.0211986 -3.39453e-06 -1 0.50011 0.0109592 0.0015711 0.275711 1.18849e+06 2 14027.9 23.1337 24.6248 3 1 12.2165 1.84552 6.61955 4 1 0.00415848 8.2186e-05 50.5984 4 
0.0227949 -3.27896e-06 -1 0.500128 0.0119047 0.00159636 0.292296 1.17711e+06 3 12957.2 9.27037 11.1807 3 1 59.8207 17.9709 3.32875 4 1 0.00430888 8.6772e-05 49.6575 4 
0.0244139 -3.40689e-06 -1 0.500147 0.0127732 0.00161893 0.304661 1.18311e+06 1 34.0468 8.02687 4.24161 3 1 56.1538 25.0937 2.23776 4 1 0.00452869 9.5218e-05 47.5613 4 
0.0260533 -3.00197e-06 -1 0.500168 0.0136652 0.00163944 0.317026 1.18865e+06 1 39.5603 4.26847 9.26803 3 1 23.0808 8.77012 2.63176 4 1 0.00456789 9.63348e-05 47.4169 4 
0.027711 -2.18927e-06 -1 0.500191 0.0145443 0.00165772 0.332166 1.18379e+06 1 36.9152 3.26709 11.2991 3 1 24.7454 5.5041 4.49582 4 2 0.00465379 2.26598e-06 45.3185 3 
0.0293865 -1.13949e-06 -1 0.500215 0.0153997 0.00167547 0.346136 1.18335e+06 1 34.5851 3.105 11.1385 3 1 15.6047 6.63158 2.3531 4 2 0.00474362 1.2135e-05 19.7712 2 
0.0310772 -7.75212e-08 -1 0.500241 0.0162168 0.00169073 0.363328 1.17245e+06 3 13872.3 14.0474 9.95827 2 1 26.2209 4.74677 5.52394 4 2 0.00478664 2.45088e-05 13.9751 2 
0.0327815 8.52522e-07 -1 0.500269 0.017035 0.00170432 0.376297 1.17558e+06 1 39.9987 8.05065 4.96838 2 1 37.036 5.08686 7.28071 4 2 0.00481201 2.48577e-05 13.9134 2 
0.0344987 1.3295e-06 -1 0.500298 0.0178522 0.00171714 0.389249 1.17856e+06 1 29.2256 3.48968 8.37487 2 1 21.7506 3.62735 5.99629 4 2 0.0048535 2.54378e-05 13.813 2 
0.0362278 1.3504e-06 -1 0.500329 0.0186812 0.00172916 0.402295 1.18106e+06 1 71.1904 9.22457 7.71748 2 1 14.9782 2.8086 5.33299 4 2 0.00490817 2.59248e-05 13.7595 2 
0.0379671 1.02334e-06 -1 0.500361 0.0195215 0.0017393 0.415272 1.18361e+06 1 34.113 4.8807 6.98937 2 1 25.8189 3.16389 8.16048 4 2 0.00499001 2.64564e-05 13.7336 2 
0.0397167 4.02466e-07 -1 0.500395 0.0203824 0.00174958 0.432137 1.17533e+06 3 13253.7 5.71054 13.2399 2 1 143.933 4.27664 33.6555 4 2 0.00507338 2.70564e-05 13.6935 2 
0.0414746 -2.48312e-07 -1 0.500431 0.021305 0.00175789 0.455588 1.15079e+06 4 14190.1 11.9217 5.8737 2 1 34.2867 2.69754 12.7103 4 2 0.00516824 2.77138e-05 13.656 2 
0.0432409 -4.29939e-07 -1 0.500468 0.022222 0.00176628 0.469622 1.15129e+06 1 26.5824 7.44971 3.56825 2 1 26.4344 3.66843 7.20593 4 2 0.005294 2.8394e-05 13.6546 2 
0.0450135 -4.72957e-07 -1 0.500508 0.0231159 0.00177264 0.486435 1.14518e+06 3 14185.2 24.7933 8.30171 2 1 11.5807 2.00717 5.76968 4 2 0.00533603 2.87012e-05 13.6351 2 
0.0467936 4.15763e-07 -1 0.500549 0.02403 0.00178011 0.499436 1.14818e+06 1 43.1088 12.2661 3.51448 2 1 64.7774 7.37856 8.77914 4 2 0.00536626 2.89902e-05 13.6054 2 
0.0485791 1.14988e-06 -1 0.500592 0.0249311 0.00178549 0.51251 1.15085e+06 1 40.4331 7.01762 5.76165 2 1 43.0819 4.81782 8.94221 4 2 0.0053884 2.91593e-05 13.5938 2 
0.05037 1.58418e-06 -1 0.500636 0.0258214 0.00179091 0.525496 1.15359e+06 1 43.329 5.2292 8.28597 2 1 27.7486 5.48437 5.05957 4 2 0.00546306 2.92311e-05 13.6708 2 
0.0521664 1.89018e-06 -1 0.500683 0.0267072 0.00179636 0.538711 1.15571e+06 1 43.5898 5.25105 8.30116 2 1 16.2074 2.54945 6.35722 4 2 0.005504 2.93834e-05 13.6864 2 
0.0539672 2.22083e-06 -1 0.500731 0.0275943 0.00180075 0.551757 1.15808e+06 1 42.3926 5.33736 7.94263 2 1 77.0422 2.86174 26.9215 4 2 0.00570162 3.03521e-05 13.7058 2 
0.0557712 2.61868e-06 -1 0.50078 0.0284594 0.00180406 0.568498 1.15279e+06 3 14451 21.4161 8.77108 2 1 55.0161 2.37496 23.165 4 2 0.00593294 2.82697e-05 14.4869 2 
0.0575797 3.23945e-06 -1 0.500832 0.0293364 0.00180849 0.58157 1.15505e+06 1 40.0161 6.49718 6.159 2 1 31.6069 3.30814 9.55429 4 2 0.00578321 2.62821e-05 14.8339 2 
0.0593916 3.57396e-06 -1 0.500885 0.0301944 0.00181184 0.594768 1.15697e+06 1 76.4343 9.28818 8.2292 2 1 34.7313 2.3381 14.8545 4 2 0.0059354 2.70141e-05 14.8228 2 
0.0612067 3.58559e-06 -1 0.50094 0.0310624 0.00181519 0.607851 1.15902e+06 1 37.1782 7.21663 5.15174 2 1 30.1908 3.1838 9.48263 4 2 0.00580976 2.67813e-05 14.7287 2 
0.0630242 3.37546e-06 -1 0.500996 0.031933 0.00181744 0.621123 1.16063e+06 1 33.923 7.54939 4.49347 2 1 22.0061 0.833929 26.3885 4 2 0.00585121 2.69677e-05 14.73 2 
0.0648439 3.02269e-06 -1 0.501054 0.0328059 0.00181969 0.634629 1.16175e+06 1 33.4122 7.62891 4.37968 2 1 10.4127 1.645 6.32992 4 2 0.00588706 2.73448e-05 14.6727 2 
0.0666658 2.59055e-06 -1 0.501114 0.0336831 0.00182195 0.651859 1.15618e+06 1 40.0545 7.64294 5.24071 2 1 8.39311 1.34891 6.22215 4 2 0.00592078 2.77077e-05 14.618 2 
0.06849 2.17409e-06 -1 0.501175 0.0345678 0.00182421 0.668686 1.15158e+06 3 14850 13.3709 10.3559 2 1 23.8018 1.08693 21.8981 4 2 0.00593531 2.80967e-05 14.5343 2 
0.0703165 1.9269e-06 -1 0.501239 0.035445 0.00182649 0.685737 1.14684e+06 3 13619.7 29.9729 7.688 2 1 57.3278 2.12858 26.9324 4 2 0.00614846 2.86178e-05 14.6577 2 
0.0721441 1.81533e-06 -1 0.501303 0.0363615 0.00182763 0.698786 1.14887e+06 1 33.2171 6.28018 5.2892 2 1 43.6488 1.85726 23.5017 4 2 0.00605459 2.85105e-05 14.5727 2 
0.0739741 1.81597e-06 -1 0.50137 0.037257 0.00182991 0.717429 1.14186e+06 4 13299.9 4.1583 7.52026 2 1 52.0231 1.62862 31.9431 4 2 0.00611763 2.96114e-05 14.3735 2 
0.0758051 1.7859e-06 -1 0.501438 0.038137 0.00183106 0.734272 1.13798e+06 3 14620.3 5.45196 13.8932 2 1 20.2971 2.48341 8.17308 4 2 0.00611742 2.95627e-05 14.3851 2 
0.0776373 1.59884e-06 -1 0.501508 0.0390035 0.0018322 0.750996 1.13445e+06 3 14110 7.47175 12.3605 2 1 33.2429 5.34659 6.21758 4 2 0.00620143 2.96887e-05 14.4527 2 
0.0794707 1.86792e-06 -1 0.50158 0.0398889 0.00183335 0.764075 1.13647e+06 1 50.0686 6.27227 7.98255 2 1 28.6931 3.72971 7.69312 4 2 0.00635535 2.98575e-05 14.5896 2 
0.0813052 2.14717e-06 -1 0.501653 0.0407666 0.0018345 0.780791 1.13313e+06 3 14431.2 20.5682 8.88591 2 1 16.7475 1.15332 14.5211 4 2 0.0063079 2.98551e-05 14.5356 2 
0.0831408 1.94005e-06 -1 0.501728 0.0416306 0.00183566 0.793854 1.13512e+06 1 75.5438 10.4792 7.20895 2 1 30.2772 4.49714 6.73254 4 2 0.00639122 2.9583e-05 14.6984 2 
0.0849776 1.75396e-06 -1 0.501804 0.0424953 0.00183681 0.806858 1.13713e+06 1 74.6759 10.5527 7.07644 2 1 33.3523 1.52681 21.8444 4 2 0.00641196 3.05744e-05 14.4816 2 
0.0868144 1.69546e-06 -1 0.501882 0.0433607 0.00183681 0.82362 1.13388e+06 3 14611.2 14.1613 10.1048 2 1 25.0566 2.26198 11.0773 4 2 0.00646337 3.05723e-05 14.54 2 
0.0886524 1.93199e-06 -1 0.501962 0.0442307 0.00183797 0.84074 1.13028e+06 1 47.0685 6.57509 7.15861 2 1 40.6012 5.60067 7.24934 4 2 0.00652209 3.05132e-05 14.6201 2 
0.0904916 2.16543e-06 -1 0.502043 0.0450994 0.00183913 0.853734 1.13227e+06 1 61.8003 8.12483 7.60635 2 1 44.5996 2.48162 17.972 4 2 0.00660119 3.08627e-05 14.6249 2 
0.0923307 2.20502e-06 -1 0.502126 0.0459637 0.00183913 0.866766 1.13415e+06 1 81.9254 7.28835 11.2406 2 1 33.2434 2.54485 13.063 4 2 0.00665359 3.11321e-05 14.6192 2 
0.094171 2.1754e-06 -1 0.502211 0.0468472 0.0018403 0.883506 1.1312e+06 3 14319.2 15.6458 9.70899 2 1 35.0619 0.964528 36.3513 4 2 0.00667653 3.14772e-05 14.5639 2 
0.0960113 2.15296e-06 -1 0.502297 0.0476878 0.0018403 0.896565 1.133e+06 1 87.6257 18.7286 4.6787 2 1 37.8764 3.75653 10.0828 4 2 0.00671992 3.19161e-05 14.5103 2 
0.0978516 2.27909e-06 -1 0.502385 0.0485685 0.0018403 0.913247 1.13024e+06 3 12686.3 20.7589 8.48614 2 1 40.1968 2.87545 13.9793 4 2 0.0067542 3.21817e-05 14.4871 2 
0.099693 2.52575e-06 -1 0.502474 0.0494443 0.00184146 0.926278 1.13203e+06 1 82.5593 7.7361 10.672 2 1 60.4084 1.64675 36.6835 4 2 0.0069031 3.27236e-05 14.5242 2 
0.101535 2.76241e-06 -1 0.502565 0.0502907 0.00184146 0.939251 1.13384e+06 1 88.3287 10.9876 8.03896 2 1 50.5722 2.08547 24.2498 4 2 0.00686301 3.33054e-05 14.3549 2 
0.103376 2.98154e-06 -1 0.502658 0.0511665 0.00184146 0.955983 1.13113e+06 3 13181.8 13.0432 10.0353 2 1 23.9809 1.11496 21.5083 4 2 0.00694557 3.3486e-05 14.402 2 
0.105219 2.95568e-06 -1 0.502752 0.0519558 0.00184264 0.972667 1.12858e+06 3 13572.5 10.891 10.7613 2 1 25.6596 1.81318 14.1517 4 2 0.0070941 3.40372e-05 14.4368 2 
0.107061 3.03263e-06 -1 0.502848 0.0528254 0.00184264 0.985704 1.13027e+06 1 83.0583 7.51205 11.0567 2 1 69.7013 1.76605 39.4673 4 2 0.00708641 3.40965e-05 14.4164 2 
0.108904 3.1491e-06 -1 0.502946 0.0536922 0.00184264 0.998678 1.13199e+06 1 78.8514 10.0346 7.85796 2 1 25.2805 2.40211 10.5243 4 2 0.00728587 3.48521e-05 14.4586 2 
0.110747 3.22144e-06 -1 0.503045 0.0545345 0.00184264 1.0155 1.12938e+06 3 13394 28.3428 7.78914 2 1 34.577 1.0337 33.4497 4 2 0.0074903 3.56308e-05 14.499 2 
0.112589 3.4886e-06 -1 0.503145 0.0553755 0.00184264 1.02849 1.13105e+06 1 75.6518 9.91228 7.63213 2 1 62.8479 5.36494 11.7145 4 2 0.00740843 3.56983e-05 14.4059 2 
0.114433 3.40947e-06 -1 0.503247 0.0562357 0.00184381 1.04921 1.12432e+06 3 15426.1 17.953 9.50691 2 1 58.0086 9.46379 6.12954 4 2 0.00763471 3.68261e-05 14.3985 2 
0.116277 3.04689e-06 -1 0.503351 0.0570797 0.00184381 1.06219 1.12601e+06 1 58.1904 8.78163 6.62637 2 1 47.5566 5.3139 8.94947 4 2 0.00782443 3.75455e-05 14.436 2 
0.118121 2.86294e-06 -1 0.503456 0.0579133 0.00184381 1.08076 1.12181e+06 4 14443.3 2.34656 8.85745 2 1 32.7709 3.7598 8.71614 4 2 0.00808208 3.78745e-05 14.6079 2 
0.119964 2.83956e-06 -1 0.503563 0.0587817 0.00184381 1.09752 1.11961e+06 3 12689.1 27.1133 7.76395 2 1 25.5582 2.20531 11.5894 4 2 0.00830886 3.86165e-05 14.6685 2 
0.121808 3.01179e-06 -1 0.503671 0.0596322 0.00184381 1.11048 1.1213e+06 1 57.8043 11.2924 5.11886 2 1 65.2213 2.34924 27.7628 4 2 0.00851802 3.93885e-05 14.7057 2 
0.123652 3.13355e-06 -1 0.503781 0.0604018 0.00184381 1.12725 1.11916e+06 3 14284.1 23.9764 8.41439 2 1 58.335 2.53076 23.0504 4 2 0.00830455 4.03877e-05 14.3395 2 
0.125496 3.20089e-06 -1 0.503893 0.0612925 0.00184381 1.14576 1.11537e+06 4 14435.9 13.3233 5.73731 2 1 64.7949 1.79923 36.0126 4 2 0.00820047 4.00598e-05 14.3075 2 
0.12734 3.1577e-06 -1 0.504006 0.0621076 0.00184381 1.15874 1.11702e+06 1 83.733 12.8695 6.50633 2 1 44.9215 3.85698 11.6468 4 2 0.00822152 4.2494e-05 13.9095 2 
0.129185 3.10348e-06 -1 0.504121 0.0629476 0.001845 1.17726 1.11336e+06 4 14986.8 11.523 6.00531 2 1 36.5718 2.60112 14.06 4 2 0.00826578 4.2621e-05 13.9261 2 
0.13103 3.01069e-06 -1 0.504237 0.0637567 0.001845 1.19367 1.11178e+06 1 110.577 20.9954 5.26672 2 1 33.7436 2.86239 11.7886 4 2 0.00834476 4.37128e-05 13.8166 2 
0.132875 2.93008e-06 -1 0.504354 0.0645901 0.001845 1.20676 1.1133e+06 1 71.3852 11.7774 6.06121 2 1 55.7338 2.77793 20.0631 4 2 0.00902921 4.51201e-05 14.1462 2 
0.13472 2.8379e-06 -1 0.504474 0.0654209 0.001845 1.22005 1.11461e+06 1 92.7601 12.9383 7.16941 2 1 30.844 1.59772 19.305 4 2 0.00868221 4.59413e-05 13.7472 2 
0.136565 2.72e-06 -1 0.504594 0.0662792 0.001845 1.24453 1.10585e+06 4 13064.7 12.1662 5.72447 2 1 33.3367 2.40639 13.8534 4 2 0.00865209 4.67014e-05 13.6112 2 
0.13841 2.75933e-06 -1 0.504717 0.0671026 0.001845 1.26239 1.10318e+06 3 14641.2 19.9661 9.01767 2 1 45.542 3.00165 15.1723 4 2 0.0089142 4.82387e-05 13.5939 2 
0.140255 2.67754e-06 -1 0.504841 0.0679189 0.001845 1.27589 1.10434e+06 1 89.326 19.8868 4.49172 2 1 38.8651 3.19365 12.1695 4 2 0.00926662 4.90786e-05 13.7409 2 
0.1421 2.72182e-06 -1 0.504966 0.0687481 0.001845 1.29635 1.09955e+06 4 13896.2 4.37065 7.50909 2 1 63.3587 2.25959 28.0399 4 2 0.00919777 5.00861e-05 13.5513 2 
0.143945 2.86224e-06 -1 0.505093 0.0695685 0.001845 1.31443 1.09689e+06 3 14401.8 24.4379 8.38401 2 1 34.5008 2.51898 13.6963 4 2 0.00914183 5.13868e-05 13.338 2 
0.14579 2.67721e-06 -1 0.505221 0.0703862 0.001845 1.32745 1.09848e+06 1 115.718 12.551 9.2198 2 1 43.7794 5.57501 7.85279 4 2 0.00877247 5.34515e-05 12.8109 2 
0.147635 2.51549e-06 -1 0.505351 0.0712108 0.001845 1.34614 1.0954e+06 4 13156.8 9.28285 6.13574 2 1 81.8957 3.61944 22.6266 4 2 0.00876787 5.35221e-05 12.7991 2 
0.14948 2.49809e-06 -1 0.505483 0.0719937 0.001845 1.35915 1.09697e+06 1 110.142 15.2515 7.22169 2 1 211.275 4.41755 47.8263 4 2 0.0090828 5.50342e-05 12.8468 2 
0.151325 2.47831e-06 -1 0.505615 0.0727953 0.001845 1.37599 1.09545e+06 3 13245.6 12.9203 10.0832 2 1 38.2452 2.48763 15.3741 4 2 0.00899322 5.63373e-05 12.6345 2 
0.15317 2.37485e-06 -1 0.50575 0.073646 0.001845 1.39276 1.09402e+06 3 15389.5 19.5612 9.23159 2 1 47.6915 2.81069 16.9679 4 2 0.00929217 5.83757e-05 12.6166 2 
0.155015 2.34904e-06 -1 0.505886 0.0744512 0.001845 1.4058 1.09553e+06 1 74.9933 15.3089 4.89866 2 1 43.0908 2.79729 15.4045 4 2 0.00996301 6.02529e-05 12.859 2 
0.15686 2.33198e-06 -1 0.506023 0.0752585 0.001845 1.41879 1.09705e+06 1 68.1018 14.1238 4.82178 2 1 34.2116 2.26083 15.1323 4 2 0.00980401 6.18856e-05 12.5866 2 
0.158705 2.33986e-06 -1 0.506162 0.0760684 0.001845 1.43183 1.0985e+06 1 70.5297 12.9339 5.4531 2 1 45.1144 2.04119 22.102 4 2 0.00954593 6.34235e-05 12.2683 2 
0.16055 2.38785e-06 -1 0.506302 0.0769003 0.001845 1.45449 1.09265e+06 4 14591.1 7.01927 6.75226 2 1 43.6695 3.46981 12.5855 4 2 0.00935336 6.51929e-05 11.978 2 
0.162395 2.40858e-06 -1 0.506444 0.077679 0.001845 1.46754 1.0941e+06 1 69.679 10.6869 6.52006 2 1 31.2355 2.63287 11.8637 4 2 0.00922831 6.70948e-05 11.7278 2 
0.16424 2.45226e-06 -1 0.506587 0.0784816 0.001845 1.48619 1.09139e+06 4 14673.8 4.67073 7.48669 2 1 30.7801 1.92335 16.0034 4 2 0.00955484 6.83449e-05 11.8238 2 
0.166085 2.4901e-06 -1 0.506732 0.0792917 0.001845 1.50292 1.09014e+06 3 14800.8 19.0324 9.19596 2 1 28.5765 1.98761 14.3773 4 2 0.0102808 7.03237e-05 12.091 2 
0.16793 2.36649e-06 -1 0.506878 0.0800863 0.001845 1.5159 1.09162e+06 1 81.8157 17.7217 4.61669 2 1 42.5116 3.52295 12.067 4 2 0.00989149 7.18268e-05 11.7351 2 
0.169775 2.27348e-06 -1 0.507026 0.0808897 0.001845 1.53265 1.09038e+06 3 14495.8 12.0406 10.6381 2 1 49.8259 2.88373 17.2783 4 2 0.00956305 7.35841e-05 11.4 2 
0.17162 2.57262e-06 -1 0.507175 0.0816834 0.001845 1.54932 1.08922e+06 3 14169.9 10.6385 11.0026 2 1 31.295 3.25907 9.60243 4 2 0.00989861 7.56457e-05 11.4392 2 
0.173465 2.42561e-06 -1 0.507326 0.0825478 0.001845 1.56615 1.08798e+06 3 13716.7 27.7983 7.90212 2 1 54.9489 4.0149 13.6862 4 2 0.0101396 7.64265e-05 11.5183 2 
0.17531 2.61675e-06 -1 0.507478 0.0833423 0.001845 1.58288 1.08683e+06 3 13059.5 18.4465 8.9126 2 1 65.6038 4.56193 14.3807 4 2 0.0106388 8.94561e-05 10.9054 2 
0.177155 2.37382e-06 -1 0.507631 0.0840384 0.001845 1.60201 1.08408e+06 3 15387.3 11.172 11.1261 2 1 164.796 7.43127 22.176 4 3 0.0108113 2.35812e-05 7.71088 2 
0.179 2.26184e-06 -1 0.507786 0.0848564 0.001845 1.62404 1.07946e+06 4 14899.6 4.09156 7.76822 2 1 42.6891 7.08718 6.02343 4 3 0.0106794 3.04027e-05 7.05578 2 
0.180845 2.0712e-06 -1 0.507942 0.0856426 0.001845 1.64328 1.07679e+06 1 112.98 18.3502 6.1569 2 1 43.3912 4.48949 9.66507 4 3 0.0111083 3.45618e-05 6.84989 2 
0.18269 1.91487e-06 -1 0.5081 0.0864206 0.001845 1.6622 1.07439e+06 3 12927.5 9.50894 11.078 2 1 46.3799 4.33989 10.6869 4 3 0.0106095 3.26081e-05 6.87792 2 
0.184535 1.92634e-06 -1 0.508259 0.0872306 0.001845 1.68305 1.07082e+06 4 14371.3 3.67287 7.90902 2 1 59.1271 4.35528 13.5759 4 3 0.0104099 3.10591e-05 6.9463 2 
0.18638 1.9495e-06 -1 0.50842 0.0880207 0.001845 1.70385 1.06736e+06 4 14626.4 3.83209 7.86005 2 1 36.3857 4.5217 8.0469 4 3 0.0110912 2.90042e-05 7.25838 2 
0.188225 1.94863e-06 -1 0.508583 0.0888109 0.001845 1.72463 1.064e+06 4 14736.1 6.58866 6.87696 2 1 44.6877 4.23606 10.5494 4 3 0.011304 2.74145e-05 7.44304 2 
0.19007 1.87911e-06 -1 0.508746 0.0895915 0.001845 1.74353 1.06186e+06 3 14387.8 22.2283 8.65027 2 1 37.1191 3.26193 11.3795 4 3 0.010955 2.54411e-05 7.55137 2 
0.191915 1.80159e-06 -1 0.508912 0.0903871 0.001845 1.76243 1.05978e+06 3 14198.4 16.5554 9.50095 2 1 51.1458 3.82284 13.379 4 3 0.0108908 2.34914e-05 7.73957 2 
0.19376 1.7026e-06 -1 0.509078 0.0911829 0.001845 1.78137 1.0577e+06 3 15347.8 21.1513 8.98607 2 1 52.8157 4.31561 12.2383 4 3 0.0108381 2.28919e-05 7.79393 2 
0.195605 1.52323e-06 -1 0.509247 0.0919271 0.001845 1.79661 1.05785e+06 1 109.895 13.1955 8.32816 2 1 54.5574 7.47577 7.29789 4 3 0.0115443 2.39332e-05 7.84251 2 
0.19745 1.45569e-06 -1 0.509416 0.0926722 0.001845 1.81553 1.05585e+06 3 14846.4 16.6307 9.62877 2 1 66.6461 3.45567 19.286 4 3 0.011563 2.12049e-05 8.1698 2 
0.199295 1.26271e-06 -1 0.509587 0.0934232 0.001845 1.83071 1.05604e+06 1 108.196 22.2804 4.8561 2 1 52.3079 5.54745 9.42917 4 3 0.0119501 1.86442e-05 8.62202 2 
0.20114 1.13932e-06 -1 0.50976 0.0942046 0.001845 1.85377 1.05175e+06 3 14594.5 22.0926 8.70924 2 1 39.778 1.98661 20.023 4 3 0.0118195 1.60753e-05 9.02568 2 
0.202985 8.7461e-07 -1 0.509933 0.0949973 0.001845 1.87459 1.04881e+06 4 14887.5 3.62926 8.00297 2 1 116.519 5.12118 22.7523 4 3 0.0116478 1.48452e-05 9.22329 2 
0.20483 7.40231e-07 -1 0.510109 0.0957758 0.001845 1.8897 1.04909e+06 1 93.3819 17.0192 5.48685 2 1 274.843 6.72964 40.8407 4 3 0.0111513 1.32194e-05 9.44869 2 
0.206675 7.57936e-07 -1 0.510286 0.096539 0.001845 1.90668 1.04834e+06 3 13453.7 16.0567 9.42747 2 1 46.6407 2.62693 17.7548 4 2 0.0118124 9.93858e-05 10.902 2 
0.20852 6.89859e-07 -1 0.510464 0.0973082 0.001845 1.9286 1.04492e+06 4 13299.6 4.3282 7.44531 2 1 65.3662 5.94349 10.9979 4 3 0.011929 1.2203e-05 9.92457 2 
0.210365 7.91238e-07 -1 0.510644 0.0980842 0.001845 1.94771 1.04308e+06 3 12490.7 10.4144 10.6247 2 1 48.7548 4.70387 10.3648 4 3 0.0116294 1.1987e-05 9.89957 2 
0.21221 6.84474e-07 -1 0.510825 0.0988621 0.001845 1.96676 1.04131e+06 3 13428.5 10.4203 10.8822 2 1 54.0644 5.30255 10.1959 4 3 0.0120456 1.13176e-05 10.21 2 
0.214055 6.27045e-07 -1 0.511007 0.0995928 0.001845 1.98575 1.0396e+06 3 12730.7 19.8808 8.61931 2 1 53.6912 4.50832 11.9094 4 3 0.0128266 1.11171e-05 10.4883 2 
0.2159 4.30531e-07 -1 0.511191 0.100359 0.001845 2.00252 1.03907e+06 3 15729.3 29.2202 8.13472 2 1 39.4566 3.66863 10.7551 4 2 0.0129515 9.90093e-05 11.4373 2 
0.217745 5.15146e-07 -1 0.511376 0.101119 0.001845 2.01937 1.03852e+06 3 14114.2 26.4968 8.10626 2 1 73.5233 4.89047 15.034 4 2 0.0124274 9.94893e-05 11.1764 2 
0.21959 1.91105e-07 -1 0.511563 0.101805 0.001845 2.04025 1.03592e+06 3 13351.2 19.6261 8.79487 2 1 72.4964 4.03297 17.9759 4 2 0.0121024 9.83063e-05 11.0955 2 
0.221435 -1.2011e-07 -1 0.511751 0.10262 0.001845 2.05921 1.03434e+06 4 14306.7 4.88437 7.35669 2 1 104.422 6.36888 16.3956 4 2 0.012089 9.08011e-05 11.5385 2 
0.223279 -1.53269e-07 -1 0.51194 0.103367 0.001845 2.07781 1.03296e+06 4 14671.7 8.6735 6.41315 2 1 53.0289 5.3611 9.89143 4 2 0.0122924 8.74787e-05 11.854 2 
0.225124 -1.13729e-07 -1 0.512131 0.104095 0.001845 2.09448 1.03257e+06 3 12720.7 17.463 8.99769 2 1 51.1276 3.62913 14.0881 4 2 0.0126675 7.48118e-05 13.0125 2 
0.226969 -1.60909e-07 -1 0.512324 0.104839 0.001845 2.1112 1.03215e+06 3 12985.4 20.0632 8.65003 2 1 61.3788 6.12932 10.014 4 2 0.013054 6.68405e-05 13.975 2 
0.228814 -3.76775e-07 -1 0.512517 0.105626 0.001845 2.12981 1.03082e+06 4 14661 8.26105 6.49055 2 1 49.7724 6.2908 7.91194 4 2 0.0134848 6.43048e-05 14.4811 2 
0.230659 -2.79799e-07 -1 0.512712 0.106382 0.001845 2.14284 1.0322e+06 1 107.732 22.5856 4.76991 2 1 50.9321 4.85593 10.4886 4 2 0.0123906 6.46431e-05 13.8447 2 
0.232504 -1.27755e-07 -1 0.512908 0.107141 0.001845 2.16147 1.03088e+06 4 13954.1 4.56505 7.43557 2 1 56.5053 3.57216 15.8182 4 2 0.01221 6.34374e-05 13.8734 2 
0.234349 -2.33756e-07 -1 0.513106 0.107842 0.001845 2.17827 1.03045e+06 3 13109.8 24.3891 8.1308 2 1 53.9584 5.10215 10.5756 4 2 0.0129923 6.70401e-05 13.9212 2 
0.236194 -2.27063e-07 -1 0.513305 0.108607 0.001845 2.19854 1.02841e+06 3 14706.8 26.2587 8.24293 2 1 201.791 8.7258 23.1258 4 2 0.0135487 6.8935e-05 14.0194 2 
0.238039 -2.41899e-07 -1 0.513506 0.109337 0.001845 2.21151 1.02978e+06 1 153.142 21.0574 7.27259 2 1 100.454 6.88665 14.5867 4 2 0.0133351 7.66471e-05 13.1902 2 
0.239884 -2.14743e-07 -1 0.513707 0.11008 0.001845 2.2301 1.02855e+06 4 15489.4 2.66884 8.72826 2 1 52.7208 3.3795 15.6002 4 2 0.0128252 7.14367e-05 13.3989 2 
0.241729 -2.28874e-07 -1 0.51391 0.11082 0.001845 2.24733 1.02795e+06 1 84.1145 19.9982 4.2061 2 1 53.06 3.01587 17.5936 4 2 0.0133986 6.49789e-05 14.3596 2 
0.243574 -1.99415e-07 -1 0.514115 0.11152 0.001845 2.26407 1.02759e+06 3 13148.5 22.1596 8.40308 2 1 58.6409 3.7366 15.6937 4 2 0.0139604 6.27372e-05 14.9172 2 
0.245419 -4.01012e-07 -1 0.514321 0.112282 0.001845 2.28086 1.0272e+06 3 14524.3 14.8884 9.91782 2 1 59.7506 7.77779 7.6822 4 2 0.013174 5.90935e-05 14.931 2 
0.247264 -7.65809e-07 -1 0.514528 0.113029 0.001845 2.29763 1.02684e+06 3 14984.2 9.48022 11.6485 2 1 51.0919 4.24249 12.0429 4 2 0.0137754 6.02032e-05 15.1266 2 
0.249109 -1.02766e-06 -1 0.514736 0.11375 0.001845 2.31625 1.02566e+06 4 14778.9 3.39557 8.12237 2 1 61.6703 4.34155 14.2047 4 2 0.0136385 5.86753e-05 15.246 2 
0.250954 -9.70645e-07 -1 0.514946 0.114476 0.001845 2.32927 1.02696e+06 1 161.084 19.9072 8.09178 2 1 63.5772 4.26886 14.8933 4 2 0.0129468 5.76523e-05 14.9856 2 
0.252799 -7.52684e-07 -1 0.515156 0.115195 0.001845 2.34602 1.02661e+06 3 14700.7 23.2797 8.57934 2 1 75.0584 7.95029 9.44097 4 2 0.0143042 5.74556e-05 15.7785 2 
0.254644 -7.13718e-07 -1 0.515369 0.115987 0.001845 2.36278 1.02626e+06 3 14066.1 21.3978 8.69498 2 1 68.18 5.31716 12.8226 4 2 0.0140064 5.55837e-05 15.8741 2 
0.256489 -1.05718e-06 -1 0.515582 0.116698 0.001845 2.37953 1.02592e+06 3 14731 23.2242 8.59205 2 1 92.6458 15.3842 6.02214 4 2 0.0142787 5.55698e-05 16.0297 2 
0.258334 -1.637e-06 -1 0.515797 0.117405 0.001845 2.39633 1.02557e+06 3 15008.9 18.6536 9.30098 2 1 91.2469 5.20407 17.5338 4 2 0.0137238 5.61865e-05 15.6287 2 
0.260179 -1.91333e-06 -1 0.516013 0.118091 0.001845 2.4131 1.02523e+06 3 14261.1 10.753 10.9869 2 1 58.6133 8.25373 7.10144 4 2 0.0140691 5.2096e-05 16.4336 2 
0.262024 -2.16918e-06 -1 0.516231 0.118795 0.001845 2.42986 1.0249e+06 3 14751.4 27.5885 8.1165 2 1 57.8447 5.64028 10.2556 4 2 0.0138563 5.10574e-05 16.4738 2 
0.263869 -1.93242e-06 -1 0.51645 0.119568 0.001845 2.45064 1.0229e+06 3 13629.8 24.1875 8.25975 2 1 65.5764 4.92262 13.3214 4 2 0.0146043 4.86492e-05 17.3262 2 
0.265714 -2.13209e-06 -1 0.516671 0.120266 0.001845 2.46922 1.02184e+06 4 14991.3 3.54061 8.0666 2 1 81.4187 6.36649 12.7886 4 2 0.0142151 4.79524e-05 17.2175 2 
0.267559 -2.13941e-06 -1 0.516893 0.120972 0.001845 2.48223 1.02308e+06 1 169.983 28.7635 5.90968 2 1 318.352 8.97845 35.4574 4 2 0.0152065 4.51459e-05 18.3529 2 
0.269404 -2.0007e-06 -1 0.517116 0.121677 0.001845 2.50086 1.02201e+06 4 14986.4 4.78236 7.48193 2 1 51.4392 5.44303 9.45047 4 2 0.0149412 4.46011e-05 18.3029 2 
0.271249 -1.90392e-06 -1 0.517341 0.122391 0.001845 2.51384 1.02325e+06 1 143.015 16.3675 8.73772 2 1 52.8987 3.31696 15.948 4 2 0.0146771 4.45224e-05 18.1565 2 
0.273094 -1.71453e-06 -1 0.517567 0.123127 0.001845 2.53244 1.0222e+06 4 14531 6.50883 6.87382 2 1 52.6601 5.79816 9.0822 4 2 0.0140385 4.49641e-05 17.6696 2 
0.274939 -1.64383e-06 -1 0.517794 0.123806 0.001845 2.55162 1.02094e+06 4 13631.6 3.65764 7.81333 2 1 50.5369 2.78857 18.1229 4 2 0.0137531 4.47249e-05 17.5358 2 
0.276784 -1.62702e-06 -1 0.518022 0.124535 0.001845 2.57092 1.01965e+06 4 14966.1 6.42313 6.94769 2 1 71.1303 3.54584 20.0602 4 2 0.0144164 4.46444e-05 17.9699 2 
0.278629 -1.46737e-06 -1 0.518252 0.125217 0.001845 2.58967 1.01859e+06 4 12480.2 6.12833 6.71768 2 1 54.6142 3.35366 16.2849 4 2 0.0151622 4.64022e-05 18.0764 2 
0.280474 -1.51799e-06 -1 0.518483 0.125917 0.001845 2.60646 1.01832e+06 3 9649.32 18.3261 8.07499 2 1 57.8335 3.01234 19.1989 4 2 0.0156422 4.67986e-05 18.2824 2 
0.282319 -1.70562e-06 -1 0.518716 0.126627 0.001845 2.62136 1.01878e+06 2 172.94 2.4631 8.37929 2 1 65.4146 3.51184 18.6269 4 2 0.0145766 4.71764e-05 17.5778 2 
0.284164 -1.6899e-06 -1 0.51895 0.127293 0.001845 2.64228 1.01692e+06 3 13818.7 18.1368 9.13346 2 1 58.7454 7.07517 8.30303 4 2 0.0141335 4.73674e-05 17.2737 2 
0.286009 -2.08538e-06 -1 0.519185 0.128025 0.001845 2.65929 1.01657e+06 3 15229.3 21.5762 8.90366 2 1 79.1319 4.44607 17.7981 4 2 0.0149294 4.70559e-05 17.812 2 
0.287854 -2.49511e-06 -1 0.519421 0.128738 0.001845 2.67609 1.01631e+06 3 12341.6 7.6011 11.7534 2 1 65.9546 7.2112 9.14613 4 2 0.0156945 4.56271e-05 18.5465 2 
0.289699 -2.45359e-06 -1 0.519659 0.129425 0.001845 2.69482 1.01533e+06 4 10146.2 6.78099 6.21946 2 1 76.6849 6.12666 12.5166 4 2 0.0159929 4.42274e-05 19.016 2 
0.291544 -2.48442e-06 -1 0.519898 0.130107 0.001845 2.71167 1.01506e+06 3 14579.3 22.5325 8.6492 2 1 80.1972 4.98785 16.0785 4 2 0.014776 4.4298e-05 18.2636 2 
0.293389 -2.56158e-06 -1 0.520138 0.130807 0.001845 2.73044 1.01408e+06 4 14917.3 4.88534 7.43359 2 1 65.8432 6.12931 10.7424 4 2 0.0153724 4.4253e-05 18.638 2 
0.295234 -2.57666e-06 -1 0.52038 0.131496 0.001845 2.74915 1.01314e+06 4 13040.9 6.35651 6.73011 2 1 62.3305 3.93472 15.8411 4 2 0.0160919 4.43685e-05 19.0444 2 
0.297079 -2.60797e-06 -1 0.520622 0.132186 0.001845 2.76702 1.01252e+06 3 14739.9 15.3691 9.86163 2 1 73.83 7.54148 9.78986 4 2 0.0161172 4.67778e-05 18.562 2 
0.298924 -2.65549e-06 -1 0.520866 0.132874 0.001845 2.78516 1.01181e+06 3 13567.8 20.1865 8.75958 2 1 80.4723 4.53077 17.7613 4 2 0.0156643 4.92086e-05 17.8417 2 
0.300769 -2.77613e-06 -1 0.521112 0.133548 0.001845 2.80335 1.01109e+06 3 13420.5 11.8111 10.435 2 1 71.7903 5.06569 14.1719 4 2 0.0166143 5.00991e-05 18.2107 2 
0.302614 -2.9846e-06 -1 0.521358 0.134214 0.001845 2.82102 1.01056e+06 3 14934.3 18.8766 9.24883 2 1 114.222 7.73565 14.7656 4 2 0.0156355 5.00017e-05 17.6833 2 
0.304459 -3.496e-06 -1 0.521605 0.134905 0.001845 2.84084 1.00928e+06 2 189.533 4.54427 6.45818 2 1 219.587 8.81835 24.9012 4 2 0.0164399 5.34403e-05 17.5394 2 
0.306304 -3.62145e-06 -1 0.521854 0.135607 0.001845 2.85907 1.00857e+06 3 15450.6 28.565 8.14773 2 1 83.7642 5.16363 16.2219 4 2 0.016647 5.71388e-05 17.0688 2 
0.308149 -3.78729e-06 -1 0.522104 0.136275 0.001845 2.87759 1.00778e+06 3 13114.8 10.7184 10.6957 2 1 184.161 8.51574 21.626 4 2 0.0153288 6.04045e-05 15.9301 2 
0.309994 -3.55277e-06 -1 0.522355 0.136963 0.001845 2.89657 1.00683e+06 4 14889.5 12.5745 5.86607 2 1 247.578 9.71353 25.4879 4 2 0.0167524 6.21073e-05 16.4235 2 
0.311839 -3.35663e-06 -1 0.522607 0.137617 0.001845 2.91489 1.00612e+06 3 12680.5 7.71597 11.8009 2 1 90.9271 10.4299 8.71795 4 2 0.0162993 6.42252e-05 15.9306 2 
0.313684 -3.34452e-06 -1 0.522861 0.138242 0.001845 2.93371 1.00525e+06 3 14751 18.2702 9.31164 2 1 104.618 11.3645 9.20567 4 2 0.0150217 6.53193e-05 15.1649 2 
0.315529 -3.25082e-06 -1 0.523116 0.138923 0.001845 2.94783 1.00599e+06 1 199.916 21.7933 9.17327 2 1 89.5596 9.38475 9.54309 4 2 0.0159164 6.23172e-05 15.9815 2 
0.317374 -3.17937e-06 -1 0.523372 0.139622 0.001845 2.96541 1.00556e+06 3 13608.1 22.7841 8.4215 2 1 73.8098 11.7078 6.3043 4 2 0.0155349 8.57315e-05 13.4612 2 
0.319219 -3.18907e-06 -1 0.523629 0.140297 0.001845 2.98523 1.00437e+06 3 13430.9 16.6701 9.30513 2 1 84.9191 12.9381 6.56347 4 3 0.0165614 2.52333e-05 8.69043 2 
0.321064 -3.35271e-06 -1 0.523888 0.140971 0.001845 3.0063 1.00278e+06 4 15149.3 4.22019 7.74044 2 1 111.733 14.2719 7.82889 4 3 0.0162558 3.85315e-05 7.50006 2 
0.322909 -3.13216e-06 -1 0.524148 0.141625 0.001845 3.02721 1.00126e+06 4 14697.8 9.18107 6.32543 2 1 72.236 6.31511 11.4386 4 3 0.0171507 3.89682e-05 7.60661 2 
0.324754 -3.11688e-06 -1 0.524409 0.142321 0.001845 3.05018 999096 3 14290.1 20.9462 8.80325 2 1 73.0997 7.50262 9.74322 4 3 0.0161293 3.34e-05 7.84554 2 
0.326599 -3.464e-06 -1 0.524671 0.14294 0.001845 3.06903 998299 3 12342 10.4381 10.5744 2 1 84.2486 9.88806 8.52024 4 3 0.0168877 3.01204e-05 8.24586 2 
0.328444 -3.57407e-06 -1 0.524935 0.143603 0.001845 3.08973 996912 4 15267 10.3053 6.20402 2 1 83.6202 8.50353 9.83359 4 3 0.0161969 2.6045e-05 8.53564 2 
0.330289 -3.5944e-06 -1 0.5252 0.144266 0.001845 3.11047 995532 4 14553.4 10.7964 6.05928 2 1 78.2742 7.74593 10.1052 4 3 0.0173211 2.43187e-05 8.93055 2 
0.332134 -3.81129e-06 -1 0.525467 0.144902 0.001845 3.13116 994187 4 15448 14.0253 5.7609 2 1 96.6118 10.9356 8.83462 4 3 0.0178864 2.30871e-05 9.18441 2 
0.333979 -3.64528e-06 -1 0.525734 0.145557 0.001845 3.1501 993411 3 13870.9 14.9678 9.74948 2 1 73.0732 6.77186 10.7907 4 3 0.0167159 1.96228e-05 9.4796 2 
0.335824 -3.47335e-06 -1 0.526003 0.14621 0.001845 3.17078 992098 4 14882.6 4.08595 7.76867 2 1 80.3225 11.1466 7.20603 4 3 0.0164264 1.61465e-05 10.0575 2 
0.337669 -3.45076e-06 -1 0.526273 0.146839 0.001845 3.1915 990791 4 14559.1 5.85309 7.06216 2 1 78.1465 7.58165 10.3073 4 3 0.0176568 1.37355e-05 10.8732 2 
0.339514 -3.76832e-06 -1 0.526544 0.147487 0.001845 3.21388 988990 3 13204.9 17.7458 9.06177 2 1 81.7522 9.14366 8.94086 4 3 0.0183519 1.2608e-05 11.333 2 
0.341359 -3.91364e-06 -1 0.526817 0.148138 0.001845 3.22905 989418 1 170.695 26.9088 6.34347 2 1 90.2986 8.77311 10.2927 4 3 0.0165114 1.25153e-05 10.9677 2 
0.343204 -3.84624e-06 -1 0.52709 0.148792 0.001845 3.25196 987487 3 13418.2 16.4205 9.34908 2 1 84.1927 9.69618 8.68308 4 3 0.0177292 1.19029e-05 11.4203 2 
0.345049 -3.8592e-06 -1 0.527365 0.149433 0.001845 3.27275 986219 4 14986.8 4.37418 7.65073 2 1 107.66 5.69664 18.8988 4 3 0.0181041 1.08468e-05 11.862 2 
0.346894 -3.80018e-06 -1 0.527641 0.150077 0.001845 3.29347 984990 4 14018.2 3.18115 8.14755 2 1 91.9306 7.2257 12.7227 4 3 0.0176838 1.11073e-05 11.6768 2 
0.348739 -3.84705e-06 -1 0.527918 0.150695 0.001845 3.31235 984321 3 14451 24.4429 8.39296 2 1 97.4518 6.99387 13.9339 4 3 0.0184998 1.0497e-05 12.0791 2 
0.350584 -3.66488e-06 -1 0.528196 0.15134 0.001845 3.33307 983118 4 14678.2 4.83865 7.42143 2 1 115.602 4.12333 28.0362 4 3 0.0176914 9.39286e-06 12.3497 2 
0.352429 -3.6319e-06 -1 0.528475 0.15197 0.001845 3.3461 984187 1 177.525 16.6748 10.6463 2 1 92.8313 4.16411 22.2932 4 2 0.0184242 8.68923e-05 14.5614 2 
0.354274 -3.57367e-06 -1 0.528756 0.152583 0.001845 3.36274 984186 3 13235.2 8.06202 11.7967 2 1 118.934 5.14838 23.1013 4 2 0.0179839 7.63748e-05 15.345 2 
0.356119 -3.50661e-06 -1 0.529037 0.153227 0.001845 3.38131 983627 4 14593.8 4.2416 7.65879 2 1 106.81 7.40679 14.4205 4 2 0.0171774 6.49421e-05 16.2635 2 
0.357964 -3.5334e-06 -1 0.529319 0.15385 0.001845 3.39805 983605 3 14031.6 16.1532 9.54149 2 1 112.672 11.5218 9.77905 4 2 0.018619 7.18564e-05 16.097 2 
0.359809 -3.85325e-06 -1 0.529603 0.154474 0.001845 3.41663 983049 4 13996.9 5.10143 7.23744 2 1 103.127 10.1352 10.1752 4 2 0.0178267 8.2236e-05 14.7233 2 
0.361654 -3.94824e-06 -1 0.529888 0.155112 0.001845 3.43327 983057 3 14756.8 15.8354 9.76759 2 1 92.8498 9.23785 10.051 4 2 0.0165094 8.92476e-05 13.6009 2 
0.363499 -3.72435e-06 -1 0.530174 0.155733 0.001845 3.45586 981373 4 15541.9 4.88784 7.50926 2 1 86.7404 8.22997 10.5396 4 2 0.0173162 8.26607e-05 14.4736 2 
0.365344 -3.68964e-06 -1 0.530461 0.156362 0.001845 3.47259 981363 3 14231.7 16.2435 9.56883 2 1 89.525 7.68087 11.6556 4 2 0.0175785 7.62728e-05 15.1812 2 
0.367189 -3.94574e-06 -1 0.530749 0.156951 0.001845 3.48926 981370 3 13607.8 14.5591 9.77729 2 1 100.901 6.47332 15.5872 4 2 0.0184686 7.19921e-05 16.0167 2 
0.369034 -3.84419e-06 -1 0.531038 0.157563 0.001845 3.50593 981378 3 14775.6 26.4262 8.23828 2 1 90.1486 10.0164 9.00007 4 2 0.0188113 7.00983e-05 16.3816 2 
0.370879 -3.50529e-06 -1 0.531329 0.158186 0.001845 3.51894 982406 1 122.583 19.8853 6.16451 2 1 112.836 7.79422 14.4769 4 2 0.0169196 6.79408e-05 15.7809 2 
0.372724 -2.89444e-06 -1 0.531621 0.158823 0.001845 3.53558 982414 3 13472.1 16.6092 9.326 2 1 98.6279 8.97203 10.9928 4 2 0.0175451 7.16996e-05 15.643 2 
0.374569 -2.95281e-06 -1 0.531914 0.15942 0.001845 3.5542 981878 4 15069.3 11.0564 6.07602 2 1 92.4003 9.44085 9.78729 4 2 0.0187991 6.05639e-05 17.6182 2 
0.376414 -2.92656e-06 -1 0.532207 0.160035 0.001845 3.57091 981871 3 14551.4 15.2511 9.84467 2 1 103.817 9.21622 11.2646 4 2 0.0198588 5.52281e-05 18.9625 2 
0.378259 -3.13673e-06 -1 0.532503 0.160619 0.001845 3.58797 981771 3 13480.4 5.21164 13.727 2 1 91.5223 9.72661 9.40948 4 2 0.0183853 5.74843e-05 17.8839 2 
0.380104 -3.18223e-06 -1 0.532799 0.161194 0.001845 3.60476 981741 3 14957 14.6045 10.0798 2 1 94.0217 11.1571 8.42704 4 2 0.0185295 5.91759e-05 17.6953 2 
0.381949 -3.61167e-06 -1 0.533097 0.161822 0.001845 3.62335 981228 4 14661.4 3.44312 8.07804 2 1 356.497 7.22975 49.3098 4 2 0.0196005 6.01621e-05 18.0498 2 
0.383794 -3.67932e-06 -1 0.533396 0.162418 0.001845 3.64772 979162 4 14829.9 1.95375 9.33399 2 1 110.654 4.10047 26.9855 4 2 0.0191864 6.19037e-05 17.6051 2 
0.385639 -3.59131e-06 -1 0.533696 0.16302 0.001845 3.66667 978571 4 15196 4.1252 7.7906 2 1 101.509 4.15791 24.4136 4 2 0.0190615 6.36937e-05 17.2994 2 
0.387484 -3.56914e-06 -1 0.533997 0.163636 0.001845 3.68533 978061 4 14889.2 2.62704 8.67664 2 1 219.348 10.6309 20.6331 4 2 0.0198859 7.10539e-05 16.7293 2 
0.389329 -3.54219e-06 -1 0.534299 0.164227 0.001845 3.70402 977550 4 14790.5 13.9126 5.7101 2 1 113.916 3.44855 33.0331 4 2 0.0192961 7.36479e-05 16.1865 2 
0.391174 -3.21193e-06 -1 0.534602 0.164804 0.001845 3.72086 977528 3 14679.2 17.3104 9.46524 2 1 119.075 4.19917 28.3568 4 2 0.020214 7.41871e-05 16.5068 2 
0.393019 -3.46583e-06 -1 0.534906 0.165373 0.001845 3.74211 976356 3 14963.9 13.4479 10.3625 2 1 119.986 6.9448 17.2772 4 2 0.0198001 7.21567e-05 16.5652 2 
0.394864 -3.7269e-06 -1 0.535211 0.165961 0.001845 3.75522 977310 1 187.291 29.2361 6.40615 2 1 128.233 5.4927 23.3461 4 2 0.0202682 7.17323e-05 16.8093 2 
0.396709 -3.80582e-06 -1 0.535517 0.166552 0.001845 3.77201 977304 3 14140.5 19.579 8.97204 2 1 132.203 5.13183 25.7614 4 2 0.0170471 6.99987e-05 15.6056 2 
0.398554 -3.89061e-06 -1 0.535825 0.167159 0.001845 3.78874 977313 3 15281.6 20.3385 9.09111 2 1 128.472 15.9373 8.0611 4 2 0.0188195 6.86841e-05 16.553 2 
0.400399 -3.74574e-06 -1 0.536133 0.167736 0.001845 3.80552 977308 3 13207.2 14.5313 9.68653 2 1 135.92 14.3916 9.4444 4 2 0.0198627 6.67141e-05 17.2548 2 
0.402244 -3.66362e-06 -1 0.536442 0.168301 0.001845 3.82415 976832 4 14025.4 16.8307 5.37283 2 1 148.654 14.3776 10.3393 4 2 0.0185203 6.5409e-05 16.827 2 
0.404089 -3.57678e-06 -1 0.536752 0.168877 0.001845 3.84698 975295 4 14650.7 12.2559 5.88001 2 1 190.095 11.4223 16.6424 4 2 0.0178081 6.50433e-05 16.5466 2 
0.405934 -3.70007e-06 -1 0.537064 0.169439 0.001845 3.86375 975301 3 15029.1 19.9279 9.10242 2 1 120.305 12.9137 9.31609 4 2 0.0188488 6.18495e-05 17.4572 2 
0.407779 -3.78049e-06 -1 0.537376 0.170024 0.001845 3.88243 974828 4 13462.2 14.6866 5.50236 2 1 111.81 12.1466 9.20512 4 2 0.019804 5.92528e-05 18.2819 2 
0.409624 -4.01387e-06 -1 0.53769 0.170583 0.001845 3.89918 974842 3 13620.3 16.4867 9.38321 2 1 127.552 11.9772 10.6495 4 2 0.0201356 5.84872e-05 18.5546 2 
0.411469 -3.8978e-06 -1 0.538005 0.171172 0.001845 3.91787 974375 4 14294.7 9.1039 6.29487 2 1 109.938 10.5645 10.4064 4 2 0.0177398 5.90327e-05 17.3352 2 
0.413314 -3.92732e-06 -1 0.538321 0.171746 0.001845 3.93469 974373 3 11700.8 12.9623 9.66446 2 1 110.178 12.2921 8.96328 4 2 0.0192968 5.91337e-05 18.0645 2 
0.415159 -3.96175e-06 -1 0.538638 0.172316 0.001845 3.95335 973919 4 15656 6.16471 7.09892 2 1 114.299 13.1178 8.71328 4 2 0.0204482 5.83957e-05 18.7127 2 
0.417004 -3.80476e-06 -1 0.538955 0.172875 0.001845 3.97004 973950 3 14236 17.0933 9.4085 2 1 131.594 10.0666 13.0724 4 2 0.0200017 5.92665e-05 18.3709 2 
0.418849 -3.66164e-06 -1 0.539274 0.173428 0.001845 3.9887 973502 4 15290.5 8.05439 6.60081 2 1 111.361 11.3351 9.82444 4 2 0.0197069 5.78138e-05 18.4626 2 
0.420694 -3.69012e-06 -1 0.539594 0.173958 0.001845 4.00552 973504 3 13439 11.1782 10.6332 2 1 103.086 10.4754 9.84073 4 2 0.0209461 5.83973e-05 18.9389 2 
0.422539 -3.67662e-06 -1 0.539915 0.174535 0.001845 4.02233 973510 3 14928.9 17.1411 9.54983 2 1 120.634 9.31724 12.9474 4 2 0.0203314 5.83613e-05 18.6647 2 
0.424384 -4.19873e-06 -1 0.540237 0.175082 0.001845 4.04503 972096 4 14387.2 3.38559 8.07394 2 1 133.293 16.409 8.12317 4 2 0.020258 8.34283e-05 15.5826 2 
0.426229 -4.26568e-06 -1 0.54056 0.175625 0.001845 4.06576 971170 4 14036.1 4.03665 7.67903 2 1 105.603 9.92858 10.6363 4 3 0.0208862 2.47036e-05 9.45583 2 
0.428074 -4.48193e-06 -1 0.540884 0.176175 0.001845 4.08467 970685 3 13075.8 14.359 9.69278 2 1 159.727 11.8052 13.5302 4 3 0.0209323 4.68266e-05 7.64613 2 
0.429919 -4.63478e-06 -1 0.541209 0.176743 0.001845 4.10355 970212 3 14319.5 27.76 8.01992 2 1 133.95 6.25144 21.4271 4 3 0.0208079 4.55513e-05 7.70152 2 
0.431764 -4.54454e-06 -1 0.541535 0.177323 0.001845 4.12238 969754 3 14932.3 25.1969 8.39962 2 1 140.532 7.60678 18.4745 4 3 0.0216361 3.8839e-05 8.22818 2 
0.433609 -5.05943e-06 -1 0.541862 0.177813 0.001845 4.1431 968860 4 15437.5 4.43833 7.67961 2 1 159.995 10.5002 15.2373 4 3 0.0189503 3.34026e-05 8.27838 2 
0.435454 -5.10145e-06 -1 0.54219 0.178383 0.001845 4.16196 968405 3 13196.2 24.0266 8.1894 2 1 150.959 14.882 10.1437 4 3 0.0189781 2.89569e-05 8.68627 2 
0.437299 -5.47143e-06 -1 0.542519 0.178894 0.001845 4.17713 968811 1 195.184 27.5955 7.07304 2 1 145.072 13.3902 10.8342 4 3 0.0202221 2.74218e-05 9.03463 2 
0.439144 -5.62696e-06 -1 0.542848 0.179428 0.001845 4.19887 967697 4 14579.3 4.14357 7.70177 2 1 195.175 15.5894 12.5198 4 3 0.0204474 2.22813e-05 9.71776 2 
0.440989 -5.57864e-06 -1 0.543179 0.179957 0.001845 4.22168 966348 3 14940.4 24.0067 8.53775 2 1 121.827 12.3037 9.90165 4 3 0.0181274 1.76897e-05 10.0818 2 
0.442834 -5.07783e-06 -1 0.543511 0.180495 0.001845 4.24327 965294 2 212.575 6.82136 5.5824 2 1 120.341 11.2614 10.6861 4 3 0.0193536 1.51007e-05 10.8623 2 
0.444679 -4.91014e-06 -1 0.543844 0.181022 0.001845 4.26526 964158 4 11384.5 7.13944 6.3192 2 1 133.013 7.84358 16.9582 4 3 0.0209905 1.42954e-05 11.366 2 
0.446524 -4.9507e-06 -1 0.544179 0.181549 0.001845 4.28697 963096 4 14870.6 4.39921 7.62498 2 1 119.093 6.88756 17.291 4 3 0.0211446 1.32001e-05 11.7006 2 
0.448369 -4.93906e-06 -1 0.544514 0.182059 0.001845 4.30773 962258 3 12976.1 25.3073 8.00387 2 1 113.36 6.86655 16.509 4 3 0.0190595 1.24841e-05 11.5147 2 
0.450214 -5.3857e-06 -1 0.54485 0.182602 0.001845 4.32981 961135 4 14998.9 9.232 6.34879 2 1 131.853 7.1558 18.426 4 3 0.0209641 1.22453e-05 11.9629 2 
0.452059 -5.29382e-06 -1 0.545187 0.183088 0.001845 4.34879 960709 3 15512.6 21.5792 8.95812 2 1 342.392 6.97886 49.0614 4 3 0.0212415 1.1254e-05 12.3583 2 
0.453904 -5.26722e-06 -1 0.545525 0.183632 0.001845 4.36955 959894 4 14650.1 5.59513 7.15332 2 1 142.2 7.67498 18.5277 4 3 0.0198024 9.36749e-06 12.8341 2 
0.455749 -5.36086e-06 -1 0.545864 0.184151 0.001845 4.3863 959963 3 12909 18.3919 8.88702 2 1 132.36 7.8272 16.9103 4 2 0.0217243 9.02035e-05 15.5189 2 
0.457594 -5.25092e-06 -1 0.546204 0.184651 0.001845 4.40303 960036 3 11567.3 11.9605 9.88919 2 1 132.662 5.92465 22.3915 4 2 0.0219748 7.77423e-05 16.8126 2 
0.459439 -4.99756e-06 -1 0.546545 0.185174 0.001845 4.41981 960098 3 14200.2 23.3728 8.46957 2 1 141.49 4.4395 31.8707 4 2 0.0213497 8.17004e-05 16.1653 2 
0.461284 -5.5097e-06 -1 0.546886 0.185715 0.001845 4.44066 959280 3 14645.5 24.5593 8.4171 2 1 151.922 10.6321 14.2891 4 2 0.0217101 9.47411e-05 15.1377 2 
0.463129 -6.44037e-06 -1 0.547229 0.186166 0.001845 4.45956 958890 3 14433.2 17.2303 9.42663 2 1 158.845 8.05702 19.7151 4 3 0.0223454 6.44e-06 15.1391 2 
0.464974 -6.61545e-06 -1 0.547572 0.186655 0.001845 4.47819 958558 4 14494.4 8.6579 6.39657 2 1 217.218 8.75751 24.8036 4 2 0.0220671 8.87094e-05 15.772 2 
0.466819 -6.22775e-06 -1 0.547916 0.18719 0.001845 4.49676 958244 4 14796.2 4.71493 7.4846 2 1 148.247 7.0628 20.9898 4 2 0.0228097 8.33294e-05 16.5448 2 
0.468664 -6.41683e-06 -1 0.548261 0.187687 0.001845 4.5116 958724 2 184.509 5.35687 5.86886 2 1 185.387 18.2915 10.1351 4 2 0.0200439 8.06472e-05 15.7651 2 
0.470509 -6.63072e-06 -1 0.548607 0.188173 0.001845 4.53015 958414 4 14279.2 15.014 5.55331 2 1 150.804 25.0253 6.02606 4 2 0.0197637 7.7493e-05 15.9699 2 
0.472354 -6.40294e-06 -1 0.548953 0.188685 0.001845 4.54872 958104 4 13233.5 3.07988 8.09627 2 1 183.5 16.8626 10.8821 4 2 0.0213606 7.81982e-05 16.5275 2 
0.474199 -6.39003e-06 -1 0.549301 0.189179 0.001845 4.56724 957805 4 15763.1 5.5339 7.30554 2 1 206.109 28.1694 7.31675 4 2 0.0209579 7.57102e-05 16.6378 2 
0.476044 -6.15385e-06 -1 0.54965 0.189655 0.001845 4.5839 957899 3 15283.9 24.8481 8.50446 2 1 165.282 21.7886 7.58571 4 2 0.019697 7.26094e-05 16.4704 2 
0.477889 -6.01734e-06 -1 0.549999 0.190114 0.001845 4.60246 957596 4 15548.8 6.68651 6.94423 2 1 131.15 15.2407 8.6052 4 2 0.0215036 6.98833e-05 17.5416 2 
0.479734 -5.85143e-06 -1 0.55035 0.190602 0.001845 4.62127 957243 4 15075.4 18.6137 5.33468 2 1 155.129 29.0092 5.34757 4 2 0.0213626 6.80448e-05 17.7186 2 
0.481579 -5.91101e-06 -1 0.550702 0.191094 0.001845 4.64387 956112 4 13851.1 16.0339 5.4214 2 1 125.933 15.7788 7.98114 4 2 0.0204202 6.52377e-05 17.6922 2 
0.483424 -6.0409e-06 -1 0.551055 0.191584 0.001845 4.66432 955433 5 15312.1 11.5529 4.21181 2 1 123.668 21.7286 5.69151 4 2 0.0214388 6.24367e-05 18.5302 2 
0.485269 -5.93034e-06 -1 0.551408 0.192073 0.001845 4.68126 955476 3 15767.5 20.0154 9.23562 2 1 116.805 20.0845 5.81567 4 2 0.0220705 6.19445e-05 18.8758 2 
0.487114 -5.62099e-06 -1 0.551763 0.192538 0.001845 4.69617 955932 2 199.835 4.60164 6.58991 2 1 160.161 19.5592 8.18848 4 2 0.0205514 5.97491e-05 18.5462 2 
0.488959 -5.47188e-06 -1 0.552119 0.193043 0.001845 4.71293 956008 3 15456.7 17.224 9.64555 2 1 159.353 22.9676 6.93817 4 2 0.0225852 5.91772e-05 19.536 2 
0.490804 -5.68391e-06 -1 0.552475 0.193478 0.001845 4.72965 956093 3 15613.9 17.6459 9.60041 2 1 150.321 17.6808 8.50198 4 2 0.0215782 5.91347e-05 19.1023 2 
0.492649 -6.1147e-06 -1 0.552832 0.193989 0.001845 4.74635 956180 3 15152 28.4953 8.1015 2 1 137.118 16.9633 8.08322 4 2 0.0230387 5.82996e-05 19.8791 2 
0.494494 -6.3017e-06 -1 0.55319 0.194402 0.001845 4.76314 956250 3 14787.9 24.6836 8.4301 2 1 158.702 19.2604 8.23979 4 2 0.021634 5.7724e-05 19.3593 2 
0.496339 -6.178e-06 -1 0.553549 0.19488 0.001845 4.77987 956331 3 13509.8 14.3533 9.80014 2 1 139.909 12.1727 11.4936 4 2 0.0224668 5.91286e-05 19.4927 2 
0.498184 -6.09866e-06 -1 0.553909 0.195337 0.001845 4.79846 956039 4 14298.1 3.55619 7.96294 2 1 176.36 6.59834 26.7279 4 2 0.0233091 6.36661e-05 19.1341 2 
0.500029 -6.05109e-06 -1 0.554269 0.195787 0.001845 4.81524 956111 3 13002.6 22.4986 8.32961 2 1 322.212 8.05891 39.982 4 2 0.0204993 6.02488e-05 18.4457 2 
0.501874 -6.08592e-06 -1 0.55463 0.196255 0.001845 4.83007 956568 2 176.037 4.11429 6.54115 2 1 174.92 17.3012 10.1103 4 2 0.0193252 6.25917e-05 17.5713 2 
0.503719 -6.04318e-06 -1 0.554991 0.196708 0.001845 4.85099 955820 3 13384.1 25.3089 8.08671 2 1 181.752 21.6156 8.40838 4 2 0.0212712 6.27936e-05 18.4051 2 
0.505564 -6.23625e-06 -1 0.555354 0.197162 0.001845 4.86965 955521 4 14417.2 5.65412 7.10606 2 1 164.685 13.4684 12.2275 4 2 0.0215487 6.17779e-05 18.6764 2 
0.507409 -6.08545e-06 -1 0.555718 0.197567 0.001845 4.88642 955595 3 15212.8 25.3437 8.43555 2 1 123.998 15.7023 7.89685 4 2 0.0202992 5.89781e-05 18.5522 2 
0.509254 -6.38972e-06 -1 0.556082 0.198062 0.001845 4.90493 955329 4 14837.5 4.33583 7.64843 2 1 133.167 11.7295 11.3532 4 2 0.0208506 5.68012e-05 19.1593 2 
0.511099 -6.29679e-06 -1 0.556447 0.19849 0.001845 4.92161 955420 3 15916 17.28 9.72963 2 1 154.007 9.25837 16.6343 4 2 0.0226703 5.63372e-05 20.06 2 
0.512944 -6.64137e-06 -1 0.556813 0.19893 0.001845 4.9401 955161 4 14107.5 5.40938 7.14621 2 1 145.535 9.68016 15.0343 4 2 0.0218821 5.78609e-05 19.447 2 
0.514789 -6.57752e-06 -1 0.55718 0.199386 0.001845 4.95912 954802 4 14518.6 8.83133 6.36759 2 1 172.473 11.1413 15.4805 4 2 0.0219327 5.96035e-05 19.1827 2 
0.516634 -6.60671e-06 -1 0.557548 0.199824 0.001845 4.97688 954686 3 13870.9 13.7147 10.0378 2 1 128.043 12.1905 10.5035 4 2 0.0225945 6.20886e-05 19.0764 2 
0.518479 -6.54069e-06 -1 0.557917 0.200236 0.001845 4.99371 954750 3 15497.7 22.1604 8.87626 2 1 149.505 12.5624 11.901 4 2 0.0217416 9.99378e-05 14.7496 2 
0.520324 -6.0834e-06 -1 0.558286 0.200677 0.001845 5.01451 954058 4 13262.2 3.48166 7.8561 2 1 176.457 14.9474 11.8052 4 3 0.0232302 3.47456e-05 8.74415 2 
0.522169 -5.86099e-06 -1 0.558656 0.201138 0.001845 5.03338 953735 3 13462.5 23.2748 8.33195 2 1 163.724 14.341 11.4165 4 3 0.0223704 5.80482e-05 7.27715 2 
0.524014 -6.68509e-06 -1 0.559028 0.201571 0.001845 5.05651 952612 3 14888.1 15.967 9.76951 2 1 197.983 13.5188 14.6451 4 3 0.0227851 5.25501e-05 7.56878 2 
0.525859 -7.07199e-06 -1 0.559399 0.201946 0.001845 5.07721 951955 4 13059.6 4.63685 7.28495 2 1 197.214 7.70873 25.5832 4 3 0.0234007 4.43062e-05 8.08329 2 
0.527704 -7.15467e-06 -1 0.559772 0.202386 0.001845 5.09794 951299 4 16316.6 4.6768 7.68546 2 1 197.837 7.13133 27.7419 4 3 0.0232786 3.72304e-05 8.55106 2 
0.529549 -7.30007e-06 -1 0.560145 0.20279 0.001845 5.11688 950980 3 14284.8 13.8111 10.113 2 1 394.737 7.44862 52.9947 4 3 0.0217106 3.16399e-05 8.82021 2 
0.531394 -7.35547e-06 -1 0.560519 0.203223 0.001845 5.13758 950337 4 13642.7 1.81307 9.31369 2 1 177.438 18.7147 9.48124 4 3 0.0209554 2.50902e-05 9.4174 2 
0.533239 -7.37402e-06 -1 0.560894 0.203644 0.001845 5.1583 949696 4 15697 3.64803 8.09915 2 1 180.332 21.3868 8.43193 4 3 0.0199512 1.98566e-05 10.0158 2 
0.535084 -7.39476e-06 -1 0.561269 0.204032 0.001845 5.17714 949404 3 16181.8 19.0413 9.47204 2 1 187.856 19.3211 9.7228 4 3 0.022368 1.66016e-05 11.0448 2 
0.536929 -7.48672e-06 -1 0.561646 0.204478 0.001845 5.19602 949108 3 15580.3 19.9917 9.20256 2 1 182.119 19.4116 9.382 4 3 0.0223646 1.54553e-05 11.3108 2 
0.538774 -7.42406e-06 -1 0.562023 0.204871 0.001845 5.22041 947813 4 13319.2 3.63423 7.78067 2 1 162.671 18.5781 8.75607 4 3 0.0207126 1.42151e-05 11.3369 2 
0.540619 -7.45979e-06 -1 0.562401 0.205275 0.001845 5.2452 946455 4 16579.6 11.144 6.2106 2 1 139.513 18.5579 7.51772 4 3 0.0226994 1.36242e-05 11.855 2 
0.542464 -7.19514e-06 -1 0.56278 0.205678 0.001845 5.26605 945819 4 14464.4 4.99878 7.33431 2 1 144.736 15.3184 9.44853 4 3 0.0223995 1.33178e-05 11.8924 2 
0.544309 -7.10239e-06 -1 0.563159 0.206112 0.001845 5.28493 945542 3 13046.8 24.5266 8.10257 2 1 151.336 17.4888 8.65327 4 3 0.0221572 1.17968e-05 12.3381 2 
0.546154 -6.58448e-06 -1 0.56354 0.206481 0.001845 5.30568 944932 4 14072.8 5.54494 7.09775 2 1 146.833 12.099 12.136 4 3 0.0230823 9.37189e-06 13.5047 2 
0.547999 -6.48613e-06 -1 0.563921 0.206873 0.001845 5.32424 944714 4 14600.1 12.3314 5.86592 2 1 181.293 23.759 7.63048 4 2 0.0221715 8.86403e-05 15.8155 2 
0.549844 -6.07242e-06 -1 0.564303 0.207267 0.001845 5.34274 944510 4 14692.5 8.37732 6.4714 2 1 153.225 12.7035 12.0616 4 2 0.0230436 8.48484e-05 16.4799 2 
0.551689 -6.34076e-06 -1 0.564685 0.207665 0.001845 5.36165 944235 3 12945.8 14.9806 9.52504 2 1 170.296 15.555 10.948 4 3 0.023422 8.23471e-06 14.1686 2 
0.553534 -6.3336e-06 -1 0.565069 0.208046 0.001845 5.38056 943961 3 11552.1 10.17 10.4339 2 1 176.697 15.7695 11.205 4 3 0.0231874 8.72437e-06 13.8518 2 
0.555379 -6.63017e-06 -1 0.565452 0.208427 0.001845 5.39732 944066 3 14086.1 16.3595 9.51349 2 1 192.139 17.3001 11.1062 4 2 0.0233642 9.861e-05 15.3927 2 
0.557224 -6.537e-06 -1 0.565836 0.208867 0.001845 5.41407 944171 3 14823.9 26.4557 8.24419 2 1 202.278 9.08188 22.2727 4 2 0.0213797 9.47906e-05 15.0182 2 
0.559069 -6.88039e-06 -1 0.566221 0.20919 0.001845 5.43077 944284 3 15650.5 9.04307 12.0062 2 1 381.438 16.0521 23.7624 4 2 0.0221728 9.30417e-05 15.4373 2 
0.560914 -7.22162e-06 -1 0.566606 0.209574 0.001845 5.45175 943655 3 9904.79 4.10922 13.4079 2 1 182.938 21.8077 8.38869 4 2 0.0213559 9.01416e-05 15.392 2 
0.562759 -7.42716e-06 -1 0.566992 0.209953 0.001845 5.47044 943428 4 14278.4 4.29395 7.59374 2 1 168.362 20.7314 8.12109 4 2 0.0206969 8.42437e-05 15.6742 2 
0.564604 -7.45829e-06 -1 0.567379 0.210306 0.001845 5.48936 943160 3 16634.3 25.9876 8.61812 2 1 146.057 19.5382 7.47543 4 3 0.0228874 1.26254e-05 12.1932 2 
0.566449 -7.66845e-06 -1 0.567767 0.21068 0.001845 5.51018 942570 4 17063.7 3.188 8.55341 2 1 163.381 15.5321 10.5189 4 3 0.0218577 1.74923e-05 10.7709 2 
0.568294 -7.73692e-06 -1 0.568155 0.211075 0.001845 5.52905 942315 3 16399.8 26.8714 8.48235 2 1 148.578 14.1365 10.5103 4 3 0.0218465 1.86857e-05 10.5347 2 
0.570139 -7.94689e-06 -1 0.568545 0.211441 0.001845 5.54979 941746 4 13852.5 3.9165 7.71183 2 1 138.444 9.2635 14.9451 4 3 0.0228608 1.95108e-05 10.5424 2 
0.571984 -7.89116e-06 -1 0.568935 0.211798 0.001845 5.5705 941186 4 14050.6 3.65504 7.8741 2 1 164.087 12.067 13.598 4 3 0.0215562 1.98916e-05 10.2715 2 
0.573829 -7.84094e-06 -1 0.569326 0.212155 0.001845 5.58931 940950 3 13506.8 7.1773 12.3461 2 1 167.002 7.60213 21.9677 4 3 0.0234434 2.01041e-05 10.5256 2 
0.575674 -7.63238e-06 -1 0.569718 0.212509 0.001845 5.60808 940723 3 13046.7 23.3779 8.23314 2 1 172.215 7.05497 24.4104 4 3 0.0221692 2.04531e-05 10.2722 2 
0.577519 -7.29223e-06 -1 0.57011 0.212878 0.001845 5.62682 940502 3 15971.7 15.8205 10.0318 2 1 166.478 6.95398 23.94 4 3 0.0232255 2.05919e-05 10.4093 2 
0.579364 -7.66511e-06 -1 0.570504 0.213226 0.001845 5.64958 939612 3 17019 28.8546 8.38635 2 1 218.67 10.1632 21.5159 4 3 0.0235495 2.10347e-05 10.3836 2 
0.581209 -7.43391e-06 -1 0.570897 0.213587 0.001845 5.66835 939391 3 16577.4 26.5601 8.54598 2 1 197.807 7.35654 26.8886 4 3 0.0233908 2.12154e-05 10.3307 2 
0.583054 -6.2821e-06 -1 0.571291 0.213915 0.001845 5.68901 938860 4 16739.4 4.26948 7.913 2 1 181.264 6.5698 27.5905 4 3 0.023695 2.0693e-05 10.4619 2 
0.584899 -6.18163e-06 -1 0.571685 0.214286 0.001845 5.70965 938336 4 15219 4.31593 7.70598 2 1 220.225 10.6405 20.6969 4 3 0.0204993 1.96141e-05 10.1482 2 
0.586744 -6.07194e-06 -1 0.57208 0.214619 0.001845 5.73035 937806 4 14228.6 13.5125 5.69648 2 1 188.216 19.9881 9.41637 4 3 0.0223509 1.94104e-05 10.4814 2 
0.588589 -6.16941e-06 -1 0.572476 0.214951 0.001845 5.75103 937282 4 14189.1 11.4668 5.931 2 1 197.025 22.5585 8.73397 4 3 0.0224945 1.9162e-05 10.549 2 
0.590434 -6.26372e-06 -1 0.572872 0.215267 0.001845 5.77167 936769 4 14244 9.50199 6.22235 2 1 193.049 17.9686 10.7437 4 3 0.0203024 1.89422e-05 10.2338 2 
0.592279 -6.07112e-06 -1 0.573269 0.215617 0.001845 5.79229 936262 4 13915.2 10.1713 6.08175 2 1 194.617 19.7372 9.86041 4 3 0.0227661 1.8413e-05 10.733 2 
0.594124 -6.08494e-06 -1 0.573667 0.215955 0.001845 5.81318 935717 4 13933 6.98231 6.68361 2 1 160.99 18.5612 8.67347 4 3 0.0221762 1.79016e-05 10.7399 2 
0.595969 -6.0897e-06 -1 0.574065 0.21629 0.001845 5.8339 935201 4 13384.8 8.1745 6.36118 2 1 155.256 17.7613 8.74126 4 3 0.0222483 1.72664e-05 10.8817 2 
0.597814 -6.12768e-06 -1 0.574464 0.216609 0.001845 5.85881 934022 4 15847.6 16.0871 5.60236 2 1 146.547 18.0925 8.09989 4 3 0.0224561 1.76555e-05 10.8347 2 
0.599659 -6.1283e-06 -1 0.574864 0.216936 0.001845 5.88011 933425 4 15253.9 6.61732 6.92906 2 1 169.874 15.6564 10.8502 4 3 0.0223491 1.8151e-05 10.7181 2 
0.601504 -6.05493e-06 -1 0.575264 0.217291 0.001845 5.89958 933121 3 13536.6 23.9323 8.27006 2 1 160.922 22.6394 7.10804 4 3 0.0222935 1.87918e-05 10.5861 2 
0.603349 -6.3623e-06 -1 0.575665 0.217602 0.001845 5.91865 932882 3 13809.8 23.8593 8.33381 2 1 175.922 19.7794 8.89421 4 3 0.0233099 1.91633e-05 10.6747 2 
0.605194 -7.03202e-06 -1 0.576066 0.217928 0.001845 5.93942 932379 4 17386.6 4.69403 7.8013 2 1 202.382 19.1906 10.5459 4 3 0.0226761 1.94353e-05 10.5275 2 
0.607039 -7.05751e-06 -1 0.576468 0.218266 0.001845 5.95831 932172 3 15079.5 28.8913 8.05143 2 1 178.231 16.862 10.57 4 3 0.0229423 3.12951e-05 9.01682 2 
0.608884 -7.77082e-06 -1 0.57687 0.218539 0.001845 5.97712 931980 3 16814.5 21.1902 9.25798 2 1 202.062 17.247 11.7158 4 3 0.023421 7.82225e-05 6.68997 2 
0.610729 -7.55354e-06 -1 0.577273 0.21884 0.001845 5.99422 932055 2 186.135 2.75611 8.218 2 1 208.9 11.1809 18.6836 4 3 0.022039 7.23177e-05 6.7295 2 
0.612574 -7.34933e-06 -1 0.577676 0.21916 0.001845 6.01338 931810 3 10202.1 10.6065 9.87124 2 1 172.22 15.6883 10.9776 4 3 0.022924 5.99695e-05 7.25749 2 
0.614419 -7.52871e-06 -1 0.57808 0.21947 0.001845 6.03224 931613 3 12802.9 18.7305 8.80886 2 1 185.176 17.2053 10.7627 4 3 0.0222561 5.047e-05 7.61153 2 
0.616264 -7.94087e-06 -1 0.578484 0.21976 0.001845 6.05513 930796 3 13229.1 11.7354 10.4075 2 1 176.12 15.1162 11.6511 4 3 0.0228827 4.77647e-05 7.82468 2 
0.618109 -8.0788e-06 -1 0.57889 0.220047 0.001845 6.07394 930611 3 14706.9 25.803 8.29119 2 1 186.951 11.9119 15.6944 4 3 0.0216562 3.79238e-05 8.29641 2 
0.619954 -7.82395e-06 -1 0.579296 0.220362 0.001845 6.09273 930431 3 16508.7 17.5741 9.7937 2 1 141.296 11.7795 11.9951 4 3 0.0225417 2.94468e-05 9.14778 2 
0.621799 -8.0106e-06 -1 0.579703 0.220663 0.001845 6.11339 929966 4 15225.6 13.6585 5.7782 2 1 175.217 9.78602 17.9048 4 3 0.0226471 2.54448e-05 9.61917 2 
0.623644 -7.68533e-06 -1 0.58011 0.220931 0.001845 6.13239 929756 3 17731.9 25.4335 8.86714 2 1 176.158 12.0033 14.6758 4 3 0.023009 2.41198e-05 9.84407 2 
0.625489 -7.92561e-06 -1 0.580518 0.221259 0.001845 6.15484 929028 4 14168.7 4.53334 7.47701 2 1 173.294 9.10218 19.0388 4 3 0.0216628 2.20959e-05 9.93424 2 
0.627334 -8.16758e-06 -1 0.580927 0.221555 0.001845 6.1745 928723 3 16838.1 21.8403 9.16949 2 1 191.618 8.25067 23.2245 4 3 0.0223939 2.17608e-05 10.0961 2 
0.629179 -8.38618e-06 -1 0.581336 0.221832 0.001845 6.19675 928032 4 13983 4.47819 7.47523 2 1 188.078 6.20392 30.316 4 3 0.0230421 1.98433e-05 10.5108 2 
0.631024 -8.33931e-06 -1 0.581746 0.222128 0.001845 6.22281 926779 4 17624.1 6.53881 7.2053 2 1 203.277 7.44125 27.3176 4 3 0.0227013 1.58529e-05 11.2715 2 
0.632869 -8.37491e-06 -1 0.582155 0.222389 0.001845 6.24656 925879 3 13271.8 18.1009 9.0173 2 1 288.693 7.24029 39.8731 4 3 0.02305 1.56448e-05 11.3789 2 
0.634714 -8.15437e-06 -1 0.582566 0.22269 0.001845 6.26708 925461 3 13139.4 23.3014 8.26162 2 1 281.538 9.62289 29.2571 4 3 0.022869 1.57832e-05 11.3158 2 
0.636559 -8.63431e-06 -1 0.582975 0.222951 0.001845 6.28681 925162 3 15503.6 21.5851 8.95556 2 1 188.423 9.70471 19.4156 4 3 0.022243 1.54911e-05 11.2816 2 
0.638404 -9.20525e-06 -1 0.583386 0.223236 0.001845 6.30848 924581 3 18029.6 13.5295 11.0045 2 1 198.398 22.8504 8.68246 4 3 0.0211951 1.49797e-05 11.2265 2 
0.640249 -9.38552e-06 -1 0.583797 0.223483 0.001845 6.32858 924233 3 14296.4 18.3238 9.20599 2 1 214.903 21.7695 9.87176 4 3 0.021537 1.40369e-05 11.5338 2 
0.642094 -9.96324e-06 -1 0.584209 0.223764 0.001845 6.34812 923969 3 14016.5 18.782 9.07052 2 1 192.567 22.0864 8.7188 4 3 0.0213923 1.29422e-05 11.8236 2 
0.643939 -1.00879e-05 -1 0.584622 0.224045 0.001845 6.36813 923639 3 11546.2 27.0857 7.52604 2 1 190.474 21.2436 8.96621 4 3 0.021256 1.20866e-05 12.0705 2 
0.645784 -9.75105e-06 -1 0.585035 0.224277 0.001845 6.387 923476 3 14510.4 19.9924 8.9868 2 1 192.537 18.0591 10.6615 4 3 0.0226711 1.18225e-05 12.4238 2 
0.647629 -1.05059e-05 -1 0.585448 0.224566 0.001845 6.40775 923042 4 14091.1 4.94138 7.30759 2 1 189.255 17.9137 10.5648 4 3 0.0209263 1.19215e-05 12.063 2 
0.649474 -1.06877e-05 -1 0.585863 0.224863 0.001845 6.42655 922892 3 16447.3 26.3684 8.54418 2 1 171.039 19.9411 8.57719 4 3 0.023218 1.19654e-05 12.4729 2 
0.651319 -1.04714e-05 -1 0.586277 0.225075 0.001845 6.44939 922163 3 13754.2 14.7821 9.76261 2 1 184.39 14.208 12.9779 4 3 0.0224028 1.21978e-05 12.2464 2 
0.653164 -1.08395e-05 -1 0.586693 0.225346 0.001845 6.46819 922016 3 14363.4 16.1687 9.61305 2 1 191.863 17.3736 11.0434 4 3 0.0213058 1.23992e-05 11.9775 2 
0.655009 -1.06103e-05 -1 0.587109 0.2256 0.001845 6.48512 922136 2 212.583 5.72983 6.09107 2 1 198.451 14.8901 13.3277 4 3 0.0229525 1.22297e-05 12.335 2 
0.656854 -1.04395e-05 -1 0.587525 0.225855 0.001845 6.5039 921992 3 15489.4 19.0806 9.32854 2 1 195.892 15.192 12.8944 4 3 0.0221177 1.21381e-05 12.2141 2 
0.658699 -1.0704e-05 -1 0.587942 0.2261 0.001845 6.5245 921592 4 17229.5 4.75993 7.75654 2 1 199.711 16.6558 11.9904 4 3 0.0233256 1.2014e-05 12.4752 2 
0.660544 -1.08608e-05 -1 0.588358 0.226353 0.001845 6.54516 921187 4 17409.5 5.68181 7.44003 2 1 215.537 13.4368 16.0409 4 3 0.0205841 1.16506e-05 12.0891 2 
0.662389 -1.10968e-05 -1 0.588775 0.22658 0.001845 6.56578 920789 4 13794.5 4.28913 7.53067 2 1 204.062 21.0387 9.69938 4 3 0.022438 1.17445e-05 12.4084 2 
0.664234 -1.11764e-05 -1 0.589193 0.226821 0.001845 6.58643 920389 4 18402.7 3.75538 8.36676 2 1 184.504 17.577 10.4969 4 3 0.0230663 1.17843e-05 12.509 2 
0.666079 -1.13164e-05 -1 0.589612 0.227062 0.001845 6.60701 920003 4 18846.7 5.09358 7.79925 2 1 161.663 13.6698 11.8263 4 3 0.0217041 1.18598e-05 12.2317 2 
0.667924 -1.10583e-05 -1 0.59003 0.227266 0.001845 6.6257 919881 3 14228.6 24.5742 8.33478 2 1 145.393 11.0976 13.1014 4 3 0.0213874 1.18289e-05 12.1825 2 
0.669769 -1.07144e-05 -1 0.59045 0.227529 0.001845 6.64854 919185 3 17972.3 20.6925 9.54107 2 1 163.576 9.01129 18.1523 4 3 0.0226568 1.17597e-05 12.4432 2 
0.671614 -1.10329e-05 -1 0.59087 0.22776 0.001845 6.66916 918798 4 14489.1 11.6342 5.94055 2 1 183.568 11.0622 16.5941 4 3 0.0219928 1.17791e-05 12.3137 2 
0.673459 -1.14647e-05 -1 0.59129 0.227982 0.001845 6.68789 918676 3 15623.2 22.2678 8.88583 2 1 188.877 12.2741 15.3882 4 3 0.0218532 1.12675e-05 12.4708 2 
0.675304 -1.14662e-05 -1 0.591711 0.228213 0.001845 6.7085 918295 4 14565.3 5.54628 7.15862 2 1 177.723 8.24321 21.5599 4 3 0.0227568 1.07047e-05 12.8582 2 
0.677149 -1.15663e-05 -1 0.592132 0.228464 0.001845 6.72516 918457 3 19253.3 17.2316 10.3767 2 1 217.363 13.1881 16.4817 4 2 0.0218304 9.98003e-05 14.7899 2 
0.678994 -1.16076e-05 -1 0.592554 0.228673 0.001845 6.7418 918620 3 13093.2 13.3599 9.933 2 1 213.429 12.0408 17.7254 4 2 0.0218189 9.16432e-05 15.43 2 
0.680839 -1.17483e-05 -1 0.592976 0.228889 0.001845 6.7602 918543 4 18626.7 8.14374 6.91557 2 1 222.23 15.6482 14.2016 4 2 0.0210168 8.05334e-05 16.1546 2 
0.682684 -1.13805e-05 -1 0.593398 0.229118 0.001845 6.77684 918705 3 15511.4 25.9381 8.42503 2 1 205.821 12.0262 17.1144 4 2 0.0229157 7.28533e-05 17.7355 2 
0.684529 -1.18293e-05 -1 0.593819 0.229336 0.001845 6.79528 918623 4 14461.7 3.28887 8.14316 2 1 197.522 17.5037 11.2846 4 2 0.0215972 6.91636e-05 17.671 2 
0.686374 -1.19952e-05 -1 0.594241 0.229537 0.001845 6.81374 918539 4 17181.7 3.58193 8.32218 2 1 182.135 29.9558 6.08012 4 2 0.0220583 6.57454e-05 18.317 2 
0.688219 -1.20206e-05 -1 0.594664 0.229765 0.001845 6.8322 918456 4 12989 4.09128 7.50635 2 1 230.95 35.3536 6.53257 4 2 0.0217096 8.32554e-05 16.148 2 
0.690064 -1.19494e-05 -1 0.595087 0.229963 0.001845 6.85697 917527 4 13820.6 8.28968 6.38994 2 1 195.936 28.8814 6.78417 4 3 0.0222683 2.82618e-05 9.23625 2 
0.691909 -1.21733e-05 -1 0.595511 0.230186 0.001845 6.8757 917410 3 15152 28.9848 8.05564 2 1 171.938 28.7829 5.9736 4 3 0.0228438 6.03474e-05 7.23385 2 
0.693754 -1.18736e-05 -1 0.595936 0.230369 0.001845 6.89648 917022 4 10984.2 19.5057 4.87138 2 1 163.743 23.7387 6.89771 4 3 0.0218505 5.34046e-05 7.42382 2 
0.695599 -1.17829e-05 -1 0.596361 0.230585 0.001845 6.91739 916619 4 13927.1 20.7045 5.09272 2 1 192.994 24.285 7.94705 4 3 0.0235726 4.37258e-05 8.13873 2 
0.697444 -1.1732e-05 -1 0.596787 0.230815 0.001845 6.93616 916500 3 13618.1 29.0901 7.76468 2 1 176.531 23.5539 7.49478 4 3 0.0212649 3.69357e-05 8.31902 2 
0.699289 -1.28041e-05 -1 0.597213 0.230991 0.001845 6.95491 916385 3 18537.3 16.1895 10.4617 2 1 177.412 25.5797 6.93565 4 3 0.0236388 3.34885e-05 8.90382 2 
0.701134 -1.35197e-05 -1 0.597639 0.2312 0.001845 6.97561 916014 3 13359.8 27.9842 7.81561 2 1 180.409 20.5076 8.79717 4 3 0.0231042 2.56706e-05 9.65498 2 
0.702979 -1.35612e-05 -1 0.598066 0.231388 0.001845 6.99497 915822 3 12352.1 14.7262 9.43082 2 1 196.84 22.3049 8.82498 4 3 0.0226084 2.04273e-05 10.344 2 
0.704824 -1.35733e-05 -1 0.598493 0.23156 0.001845 7.01384 915694 3 13817.6 20.3883 8.78383 2 1 196.51 16.25 12.0929 4 3 0.0234719 1.88765e-05 10.7533 2 
0.706669 -1.336e-05 -1 0.59892 0.231774 0.001845 7.03266 915572 3 13763.6 15.3797 9.6367 2 1 198.526 13.7887 14.3977 4 3 0.0214147 1.74264e-05 10.7111 2 
0.708514 -1.34728e-05 -1 0.599347 0.231969 0.001845 7.05547 914935 3 15955.9 17.9271 9.61915 2 1 180.156 16.6765 10.803 4 3 0.0211496 1.66369e-05 10.8329 2 
0.710359 -1.37826e-05 -1 0.599774 0.232142 0.001845 7.07609 914584 4 19736 4.46578 8.15343 2 1 172.245 16.9713 10.1492 4 3 0.0232422 1.61403e-05 11.2925 2 
0.712204 -1.38212e-05 -1 0.600202 0.232333 0.001845 7.09666 914242 4 18650.9 6.12346 7.42892 2 1 158.191 18.1994 8.6921 4 3 0.022108 1.30772e-05 11.9127 2 
0.714049 -1.38311e-05 -1 0.600631 0.232538 0.001845 7.11543 914133 3 13397.7 27.2709 7.8906 2 1 146.877 13.4818 10.8945 4 3 0.0222067 9.85716e-06 13.1092 2 
0.715894 -1.44834e-05 -1 0.60106 0.232699 0.001845 7.13208 914296 3 13010.9 12.1807 10.2222 2 1 156.842 9.25245 16.9514 4 2 0.0218233 9.81254e-05 14.9132 2 
0.717739 -1.47523e-05 -1 0.601489 0.232857 0.001845 7.15081 914193 3 13208.5 26.9756 7.88184 2 1 175.819 8.44284 20.8247 4 3 0.0217342 8.59732e-06 13.6226 2 
0.719584 -1.47967e-05 -1 0.601919 0.233038 0.001845 7.16955 914088 3 13862 24.7769 8.23998 2 1 170.693 9.0117 18.9412 4 3 0.0230661 9.4983e-06 13.4414 2 
0.721429 -1.45265e-05 -1 0.602349 0.233214 0.001845 7.19015 913748 4 19492.3 5.99593 7.55095 2 1 175.473 11.7599 14.9213 4 3 0.0209149 8.13916e-06 13.697 2 
0.723274 -1.41246e-05 -1 0.602779 0.233401 0.001845 7.20891 913643 3 17620.5 15.5707 10.4209 2 1 194.952 9.07198 21.4895 4 3 0.0208016 7.79566e-06 13.8702 2 
0.725119 -1.38914e-05 -1 0.60321 0.233555 0.001845 7.23118 913094 3 15564.8 28.6058 8.16387 2 1 179.974 11.0728 16.2537 4 3 0.0228225 7.7359e-06 14.3422 2 
0.726964 -1.37927e-05 -1 0.603641 0.23375 0.001845 7.25406 912474 3 19980 24.8486 9.29889 2 1 186.587 15.2609 12.2265 4 3 0.0215081 7.66106e-06 14.1071 2 
0.728809 -1.39384e-05 -1 0.604071 0.233901 0.001845 7.27067 912642 3 19737 29.3058 8.76548 2 1 185.724 11.1925 16.5935 4 2 0.020858 8.69322e-05 15.4898 2 
0.730654 -1.43709e-05 -1 0.604501 0.234064 0.001845 7.28729 912809 3 20548.4 27.5469 9.06919 2 1 180.802 18.7665 9.63429 4 2 0.0234245 7.65836e-05 17.4891 2 
0.732499 -1.48461e-05 -1 0.604932 0.234222 0.001845 7.30382 912986 3 12323.7 7.90236 11.5965 2 1 178.15 21.0034 8.48197 4 2 0.0232529 8.83975e-05 16.2188 2 
0.734344 -1.47688e-05 -1 0.605364 0.234362 0.001845 7.32235 912914 4 14198.7 8.7597 6.34512 2 1 199.226 21.0858 9.44834 4 2 0.0227599 9.38369e-05 15.5739 2 
0.736189 -1.49446e-05 -1 0.605796 0.234517 0.001845 7.33896 913080 3 13441.3 24.982 8.13339 2 1 176.836 20.5918 8.58772 4 2 0.0233987 9.48925e-05 15.7029 2 
0.738034 -1.52752e-05 -1 0.606229 0.234661 0.001845 7.35565 913235 3 18681.8 29.0286 8.63371 2 1 160.682 21.1679 7.59081 4 2 0.0228736 9.08322e-05 15.8689 2 
0.739879 -1.59819e-05 -1 0.606662 0.234822 0.001845 7.37226 913400 3 14339.4 16.723 9.50034 2 1 157.495 18.328 8.59312 4 2 0.0236061 8.26489e-05 16.9003 2 
0.741724 -1.67146e-05 -1 0.607095 0.234978 0.001845 7.39076 913331 4 13640.3 3.70028 7.79197 2 1 182.07 15.63 11.6488 4 2 0.0208844 8.21769e-05 15.9418 2 
0.743569 -1.66725e-05 -1 0.607529 0.235132 0.001845 7.40927 913260 4 15731 4.24917 7.80033 2 1 177.018 19.0076 9.31302 4 2 0.0236142 7.75304e-05 17.4522 2 
0.745414 -1.66404e-05 -1 0.607964 0.235272 0.001845 7.42587 913425 3 13393.6 13.7687 9.90836 2 1 163.273 15.8198 10.3207 4 2 0.0230484 7.61018e-05 17.403 2 
0.747259 -1.63993e-05 -1 0.608398 0.235446 0.001845 7.44649 913096 3 13345.4 24.7664 8.13748 2 1 173.81 14.5091 11.9794 4 2 0.0214451 7.55666e-05 16.8461 2 
0.749104 -1.6334e-05 -1 0.608833 0.235585 0.001845 7.46489 913040 4 13582 3.4738 7.90751 2 1 162.69 14.383 11.3112 4 2 0.022504 7.72105e-05 17.0723 2 
0.750949 -1.64943e-05 -1 0.609267 0.235713 0.001845 7.48339 912973 4 9499.7 15.4235 4.98175 2 1 169.332 16.0462 10.5528 4 2 0.0234514 7.78264e-05 17.3588 2 
0.752794 -1.65462e-05 -1 0.609701 0.235825 0.001845 7.50184 912911 4 20923.8 18.482 5.8006 2 1 177.143 8.63509 20.5143 4 2 0.0228273 7.77887e-05 17.1304 2 
0.754639 -1.6013e-05 -1 0.610135 0.235979 0.001845 7.52036 912842 4 12384.3 11.7626 5.6963 2 1 167.616 21.3345 7.85659 4 2 0.0228669 7.58478e-05 17.3633 2 
0.756484 -1.59864e-05 -1 0.61057 0.236117 0.001845 7.53696 913005 3 9501.98 13.2743 8.94542 2 1 151.036 21.1219 7.15066 4 2 0.0215696 7.11297e-05 17.4139 2 
0.758329 -1.59449e-05 -1 0.611005 0.236249 0.001845 7.5554 912945 4 15310.3 9.39092 6.35432 2 1 146.825 16.7734 8.75343 4 2 0.0226525 6.67269e-05 18.425 2 
0.760174 -1.59264e-05 -1 0.611441 0.236381 0.001845 7.57533 912705 4 17199.2 4.34315 7.93279 2 1 347.558 13.983 24.8557 4 2 0.0212535 6.44613e-05 18.1579 2 
0.762019 -1.59628e-05 -1 0.611877 0.236521 0.001845 7.59509 912489 4 13035.4 3.95344 7.5777 2 1 166.063 10.5102 15.8001 4 2 0.0221146 6.20578e-05 18.8774 2 
0.763864 -1.6087e-05 -1 0.612313 0.236649 0.001845 7.61294 912500 3 21036.1 26.3358 9.2784 2 1 165.171 9.74903 16.9423 4 2 0.0237601 5.99205e-05 19.913 2 
0.765709 -1.75239e-05 -1 0.61275 0.236764 0.001845 7.63264 912293 4 13669.1 3.33174 8.00327 2 1 173.669 19.3694 8.96619 4 2 0.0229066 5.85096e-05 19.7864 2 
0.767554 -1.75596e-05 -1 0.613187 0.236891 0.001845 7.65416 911869 3 13140.8 12.4194 10.19 2 1 165.885 9.31101 17.816 4 2 0.0215802 5.73951e-05 19.3905 2 
0.769399 -1.81473e-05 -1 0.613624 0.237006 0.001845 7.67478 911553 4 13712.8 4.5824 7.39619 2 1 176.847 13.4462 13.1522 4 3 0.0241053 1.21234e-05 12.5747 2 
0.771244 -1.83681e-05 -1 0.614061 0.237125 0.001845 7.69541 911238 4 14090.6 3.96428 7.72131 2 1 177.339 14.4414 12.2799 4 3 0.023665 5.57285e-05 7.5164 2 
0.773089 -1.84569e-05 -1 0.614498 0.237255 0.001845 7.716 910930 4 13789.3 3.7218 7.80184 2 1 171.491 11.7923 14.5426 4 3 0.0231667 5.95227e-05 7.30119 2 
0.774934 -1.86148e-05 -1 0.614935 0.237342 0.001845 7.73502 910808 3 21160 22.4478 9.80499 2 1 156.84 8.15606 19.2299 4 3 0.0240679 4.90852e-05 7.8855 2 
0.776779 -1.81926e-05 -1 0.615372 0.237483 0.001845 7.75566 910496 4 21514.1 4.37084 8.37606 2 1 152.174 15.7981 9.63241 4 3 0.0217521 4.00591e-05 8.15831 2 
0.778624 -1.84667e-05 -1 0.615809 0.237606 0.001845 7.77442 910407 3 13782.7 25.1564 8.18268 2 1 176.311 18.0718 9.75616 4 3 0.0242461 3.57941e-05 8.78233 2 
0.780469 -1.82834e-05 -1 0.616247 0.237709 0.001845 7.79324 910311 3 15820.3 14.7769 10.23 2 1 159.602 16.453 9.70048 4 3 0.0222556 2.79754e-05 9.2659 2 
0.782314 -1.82101e-05 -1 0.616686 0.237809 0.001845 7.81393 909998 4 21684.6 4.58822 8.29137 2 1 394.034 13.665 28.8354 4 3 0.0227097 2.14943e-05 10.185 2 
0.784159 -1.82308e-05 -1 0.617125 0.237914 0.001845 7.83458 909690 4 22138.1 7.60477 7.34537 2 1 152.547 18.5958 8.2033 4 3 0.0240531 1.88057e-05 10.8549 2 
0.786004 -1.79048e-05 -1 0.617564 0.23804 0.001845 7.8576 909110 3 13772.8 25.7163 8.12091 2 1 420.847 16.9425 24.8397 4 3 0.0229645 1.75481e-05 10.9381 2 
0.787849 -1.85422e-05 -1 0.618004 0.238119 0.001845 7.87646 909013 3 8183.97 5.60589 11.3442 2 1 156.576 11.6881 13.3962 4 3 0.0245314 1.70014e-05 11.3 2 
0.789694 -1.8753e-05 -1 0.618444 0.238227 0.001845 7.89345 909132 2 236.989 5.59721 6.50697 2 1 165.994 22.1017 7.51049 4 3 0.0239456 1.59431e-05 11.4521 2 
0.791539 -1.8812e-05 -1 0.618884 0.238401 0.001845 7.91224 909045 3 21857 28.5716 9.14574 2 1 152.995 14.0513 10.8883 4 3 0.0224073 1.27941e-05 12.0539 2 
0.793384 -1.91015e-05 -1 0.619324 0.238431 0.001845 7.93284 908749 4 16471.8 5.83296 7.28975 2 1 358.755 12.492 28.7187 4 3 0.0238781 9.63196e-06 13.5341 2 
0.795229 -1.90548e-05 -1 0.619763 0.238518 0.001845 7.95383 908411 4 17115.7 8.41402 6.7158 2 1 173.526 13.9508 12.4384 4 3 0.0233407 8.03646e-06 14.2676 2 
0.797074 -1.88905e-05 -1 0.620202 0.238626 0.001845 7.97266 908320 3 14112.6 20.2828 8.86121 2 1 153.256 6.9278 22.1219 4 3 0.0228059 8.76108e-06 13.7561 2 
0.798919 -1.89147e-05 -1 0.620641 0.238709 0.001845 7.99332 908022 4 12864.8 5.17261 7.06193 2 1 148.82 14.6458 10.1612 4 3 0.021991 8.894e-06 13.5223 2 
0.800764 -1.89255e-05 -1 0.621081 0.238802 0.001845 8.01403 907720 4 13521.6 4.09009 7.5827 2 1 153.5 13.796 11.1265 4 3 0.021832 7.65013e-06 14.1843 2 
0.802609 -1.90958e-05 -1 0.621521 0.238896 0.001845 8.0347 907424 4 13914.8 3.58909 7.89084 2 1 142.171 10.664 13.3319 4 3 0.0243007 7.40188e-06 14.8625 2 
0.804454 -1.91584e-05 -1 0.621961 0.238976 0.001845 8.0597 906643 4 13689.1 3.45603 7.93321 2 1 156.573 10.9417 14.3098 4 3 0.0239846 7.26755e-06 14.8884 2 
0.806299 -1.91492e-05 -1 0.622402 0.239077 0.001845 8.07851 906559 3 21592.4 23.6512 9.70099 2 1 151.373 11.0816 13.6599 4 3 0.0248972 7.04542e-06 15.2317 2 
0.808144 -1.93764e-05 -1 0.622843 0.239159 0.001845 8.09921 906265 4 13211.4 3.53686 7.81776 2 1 161.266 12.1643 13.2574 4 3 0.0241366 4.75736e-06 17.1832 2 
0.809989 -1.94917e-05 -1 0.623284 0.23923 0.001845 8.11775 906214 4 16186.6 3.68777 8.13951 2 1 395.426 18.3742 21.5207 4 2 0.0242502 9.34528e-05 16.1087 2 
0.811834 -1.93415e-05 -1 0.623726 0.239319 0.001845 8.1344 906373 3 12689 21.9716 8.32764 2 1 160.962 17.1728 9.37306 4 2 0.0231848 7.74536e-05 17.3014 2 
0.813679 -1.93123e-05 -1 0.624168 0.239406 0.001845 8.1529 906326 4 18172.8 4.81133 7.83952 2 1 160.38 13.2789 12.0778 4 2 0.0237397 6.97583e-05 18.4476 2 
0.815524 -1.93853e-05 -1 0.62461 0.239481 0.001845 8.17137 906283 4 12426.2 3.75057 7.58683 2 1 164.947 8.47578 19.461 4 2 0.0250621 8.18271e-05 17.5009 2 
0.817369 -1.93606e-05 -1 0.625051 0.23956 0.001845 8.18987 906235 4 17358.1 6.19497 7.27555 2 1 192.1 7.35162 26.1303 4 2 0.0239212 7.90812e-05 17.3922 2 
0.819214 -1.94407e-05 -1 0.625492 0.239647 0.001845 8.20839 906187 4 22660.5 8.4298 7.2005 2 1 149.558 7.92629 18.8686 4 2 0.0232456 7.102e-05 18.0917 2 
0.821059 -1.94674e-05 -1 0.625933 0.239719 0.001845 8.22664 906168 2 5530.79 21.6489 15.9836 2 1 142.326 16.4931 8.62944 4 2 0.023159 7.98791e-05 17.0272 2 
0.822904 -1.93756e-05 -1 0.626375 0.239784 0.001845 8.24993 905596 4 14294.8 11.2303 5.97305 2 1 156.817 18.0704 8.67814 4 2 0.0254891 8.74009e-05 17.0773 2 
0.824749 -1.88669e-05 -1 0.626817 0.239846 0.001845 8.26717 905690 3 13012.7 19.0238 8.81096 2 1 138.37 15.2103 9.09717 4 2 0.0254231 9.18291e-05 16.6389 2 
0.826594 -1.86512e-05 -1 0.627259 0.239924 0.001845 8.28196 906050 2 2513.34 13.7273 13.5311 2 1 167.859 16.5383 10.1497 4 2 0.0240613 9.49674e-05 15.9174 2 
0.828439 -1.8534e-05 -1 0.627702 0.239995 0.001845 8.30273 905757 4 13405.6 3.39348 7.92793 2 1 151.796 11.1912 13.5638 4 3 0.0236226 1.8308e-05 10.8867 2 
0.830284 -1.8623e-05 -1 0.628145 0.240058 0.001845 8.32343 905473 4 23235.8 5.03601 8.24172 2 1 151.917 17.5118 8.6751 4 3 0.0229453 2.32986e-05 9.9492 2 
0.832129 -1.87266e-05 -1 0.628589 0.24012 0.001845 8.34226 905393 3 13476.4 19.9358 8.77634 2 1 142.636 12.9264 11.0344 4 3 0.0219375 2.51375e-05 9.55627 2 
0.833974 -1.858e-05 -1 0.629033 0.240187 0.001845 8.36112 905311 3 14072.6 26.3035 8.11809 2 1 159.245 9.71988 16.3834 4 3 0.0230017 2.48005e-05 9.75213 2 
0.835819 -1.86999e-05 -1 0.629476 0.240246 0.001845 8.37814 905427 2 288.735 3.45897 9.13642 2 1 163.659 12.6151 12.9732 4 3 0.025202 2.41195e-05 10.1474 2 
0.837664 -1.88233e-05 -1 0.62992 0.240315 0.001845 8.3988 905150 4 24040.8 6.36177 7.84048 2 1 151.516 11.4894 13.1875 4 3 0.024047 2.51243e-05 9.85498 2 
0.839508 -1.91719e-05 -1 0.630362 0.240357 0.001845 8.41951 904870 4 23887.7 5.81538 8.00569 2 1 172.55 10.6353 16.2243 4 3 0.0238983 2.56894e-05 9.76198 2 
0.841353 -1.89821e-05 -1 0.630804 0.240431 0.001845 8.44234 904363 3 12182.6 11.6982 10.1362 2 1 159.36 11.9042 13.3868 4 3 0.0268321 2.50716e-05 10.2288 2 
0.843198 -1.89065e-05 -1 0.631246 0.240494 0.001845 8.46301 904091 4 15413.9 4.17304 7.79588 2 1 144.917 13.2647 10.925 4 3 0.0248666 2.50398e-05 9.97689 2 
0.845043 -1.91995e-05 -1 0.631689 0.240546 0.001845 8.48184 904015 3 13152 22.2644 8.3906 2 1 146.147 15.3486 9.5218 4 3 0.0247087 2.4944e-05 9.96845 2 
0.846888 -1.97384e-05 -1 0.632132 0.24059 0.001845 8.50249 903747 4 21401.5 3.77646 8.67641 2 1 146.354 15.8851 9.21329 4 3 0.0228573 2.47609e-05 9.73688 2 
0.848733 -1.95949e-05 -1 0.632575 0.240638 0.001845 8.52126 903679 3 18228.7 24.4537 9.06714 2 1 146.037 16.2079 9.01025 4 3 0.0233608 4.11958e-05 8.2771 2 
0.850578 -1.99732e-05 -1 0.633019 0.240686 0.001845 8.54002 903612 3 13504.2 26.0479 8.03338 2 1 169.175 20.0595 8.43364 4 3 0.0236759 6.90139e-05 7.00041 2 
0.852423 -2.00952e-05 -1 0.633464 0.240733 0.001845 8.56067 903346 4 9727.18 6.41008 6.24138 2 1 159.498 13.2491 12.0384 4 3 0.0246849 5.82715e-05 7.51032 2 
0.854268 -1.98634e-05 -1 0.633908 0.240794 0.001845 8.57973 903249 3 13691.8 14.7695 9.7506 2 1 195.346 9.89167 19.7485 4 3 0.0235193 4.75111e-05 7.91061 2 
0.856113 -1.99163e-05 -1 0.634354 0.240838 0.001845 8.60041 902983 4 13001 3.32316 7.90871 2 1 371.222 10.7746 34.4535 4 3 0.0256602 3.91753e-05 8.68459 2 
0.857958 -1.98294e-05 -1 0.634799 0.240886 0.001845 8.61921 902914 3 13654.7 13.8924 9.94265 2 1 151.685 9.66285 15.6977 4 3 0.025553 2.99299e-05 9.48663 2 
0.859803 -1.96184e-05 -1 0.635244 0.24093 0.001845 8.64385 902235 4 14023.9 7.24307 6.63341 2 1 151.064 11.8927 12.7022 4 3 0.0268633 2.296e-05 10.5373 2 
0.861648 -1.99336e-05 -1 0.635687 0.240979 0.001845 8.66451 901975 4 23841.3 7.23371 7.57691 2 1 158.533 10.1827 15.5689 4 3 0.0261724 1.95e-05 11.0307 2 
0.863493 -1.9706e-05 -1 0.63613 0.241002 0.001845 8.68522 901711 4 16494.4 3.50176 8.28443 2 1 137.033 12.853 10.6615 4 3 0.02422 1.77856e-05 11.0841 2 
0.865338 -1.9516e-05 -1 0.636573 0.24104 0.001845 8.70405 901642 3 5858.4 15.1594 7.28393 2 1 262.83 19.1192 13.7469 4 3 0.0250763 1.75114e-05 11.2715 2 
0.867183 -1.93543e-05 -1 0.637017 0.241079 0.001845 8.72285 901576 3 20088 20.8152 9.88216 2 1 348.73 20.6189 16.9132 4 3 0.0251607 1.79476e-05 11.1919 2 
0.869028 -1.93673e-05 -1 0.637462 0.241121 0.001845 8.75161 900487 4 19682.9 5.0691 7.89386 2 1 193.695 18.8106 10.2971 4 3 0.0237782 1.80252e-05 10.9673 2 
0.870873 -1.93194e-05 -1 0.637907 0.241195 0.001845 8.77039 900426 3 12503.9 27.072 7.72992 2 1 181.006 18.788 9.63414 4 3 0.0243699 1.75176e-05 11.1633 2 
0.872718 -1.93162e-05 -1 0.638352 0.241192 0.001845 8.79108 900171 4 13070.2 9.52422 6.08644 2 1 165.217 13.744 12.021 4 3 0.0258842 1.64302e-05 11.6358 2 
0.874563 -1.92818e-05 -1 0.638797 0.241221 0.001845 8.81174 899920 4 15254.3 4.01802 7.84956 2 1 154.658 16.5397 9.35071 4 3 0.0246644 1.45991e-05 11.9101 2 
0.876408 -1.93052e-05 -1 0.639243 0.24125 0.001845 8.83049 899864 3 24495.2 24.0061 10.0675 2 1 166.414 16.5222 10.0722 4 3 0.0270068 1.29803e-05 12.7662 2 
0.878253 -1.9574e-05 -1 0.639689 0.241275 0.001845 8.85356 899370 3 13115.6 12.0936 10.2741 2 1 142.955 13.9161 10.2727 4 3 0.0261006 1.19816e-05 12.9632 2 
0.880098 -1.99111e-05 -1 0.640135 0.241315 0.001845 8.87439 899105 4 13648 3.94943 7.66715 2 1 150.199 12.1712 12.3405 4 3 0.0276344 1.12434e-05 13.4954 2 
0.881943 -1.9913e-05 -1 0.64058 0.241344 0.001845 8.89614 898748 4 17740.6 3.89572 8.21477 2 1 127.626 11.632 10.972 4 3 0.0257949 1.20251e-05 12.8968 2 
0.883788 -1.98466e-05 -1 0.641023 0.241352 0.001845 8.91704 898479 4 25181.5 3.39584 9.27969 2 1 832.329 17.0108 48.9295 4 3 0.025949 8.53033e-06 14.4894 2 
0.885633 -1.99033e-05 -1 0.641467 0.241397 0.001845 8.93782 898224 4 21392.5 4.5581 8.27694 2 1 1190.16 23.2924 51.0965 4 3 0.0267106 1.34774e-05 12.5611 2 
0.887478 -1.98503e-05 -1 0.64191 0.241425 0.001845 8.95668 898161 3 25662.4 24.2756 10.1869 2 1 290.463 15.3951 18.8672 4 3 0.0269031 1.2344e-05 12.9653 2 
0.889323 -1.93803e-05 -1 0.642354 0.241459 0.001845 8.97577 898076 3 16586.2 16.3338 10.0513 2 1 173.954 19.2703 9.02705 4 3 0.0262378 1.19079e-05 13.0126 2 
0.891168 -1.92242e-05 -1 0.642799 0.241458 0.001845 8.99471 898007 3 14547.8 26.6396 8.17379 2 1 172.836 16.1821 10.6806 4 3 0.0232206 1.16961e-05 12.5683 2 
0.893013 -1.92631e-05 -1 0.643245 0.241496 0.001845 9.01356 897946 3 12327 28.2257 7.587 2 1 160.219 10.6451 15.051 4 3 0.02435 1.18176e-05 12.7249 2 
0.894858 -1.92364e-05 -1 0.643691 0.241489 0.001845 9.03443 897686 4 27139.1 2.75017 9.96687 2 1 160.837 6.23055 25.8143 4 3 0.026185 1.19423e-05 12.9913 2 
0.896703 -1.93663e-05 -1 0.644137 0.241519 0.001845 9.05511 897445 4 25983.3 10.0216 7.13575 2 1 183.283 7.61899 24.0561 4 3 0.027658 1.20671e-05 13.1848 2 
0.898548 -1.9437e-05 -1 0.644584 0.241519 0.001845 9.07393 897389 3 14037 21.7659 8.63972 2 1 165.581 5.17301 32.0087 4 3 0.0272463 1.19211e-05 13.1724 2 
0.900393 -1.93832e-05 -1 0.64503 0.241532 0.001845 9.09335 897275 3 12040.5 23.5944 7.99121 2 1 151.53 6.22747 24.3325 4 3 0.0265421 1.14374e-05 13.2394 2 
0.902238 -1.93032e-05 -1 0.645477 0.241536 0.001845 9.11383 897056 3 17649.5 19.5763 9.66051 2 1 145.742 6.67542 21.8326 4 3 0.0259623 1.03203e-05 13.6004 2 
0.904083 -1.90891e-05 -1 0.645924 0.241557 0.001845 9.13609 896664 4 22523.9 7.30981 7.45048 2 1 144.355 8.15153 17.7089 4 3 0.0257483 8.87098e-06 14.2646 2 
0.905928 -1.87824e-05 -1 0.646367 0.241573 0.001845 9.15551 896552 4 14708.2 3.98259 7.79557 2 1 159.237 7.835 20.3237 4 2 0.0254554 8.82905e-05 16.9798 2 
0.907773 -1.87608e-05 -1 0.646811 0.241585 0.001845 9.17505 896428 4 13270.3 12.8975 5.66362 2 1 173.118 11.1343 15.5481 4 2 0.02495 7.76935e-05 17.9202 2 
0.909618 -1.88506e-05 -1 0.647255 0.241603 0.001845 9.19477 896287 4 13961.2 11.3043 5.92815 2 1 172.666 13.3813 12.9035 4 2 0.0277213 7.63873e-05 19.0501 2 
0.911463 -1.89821e-05 -1 0.6477 0.241601 0.001845 9.21487 896110 4 12314.7 11.5705 5.71173 2 1 156.822 13.2654 11.8219 4 2 0.026377 8.4829e-05 17.6336 2 
0.913308 -1.90191e-05 -1 0.648145 0.241591 0.001845 9.23788 895652 3 13472 18.8657 8.93826 2 1 151.222 12.6065 11.9956 4 3 0.0266639 7.9383e-06 14.9761 2 
0.915153 -1.9523e-05 -1 0.648591 0.241603 0.001845 9.2619 895098 4 13374.5 8.82354 6.23963 2 1 166.27 12.3476 13.4658 4 3 0.0292778 9.06238e-06 14.7831 2 
0.916998 -1.9735e-05 -1 0.649037 0.241615 0.001845 9.28197 894928 3 17717.1 8.23939 12.9072 2 1 186.39 10.1062 18.4431 4 3 0.0281796 1.00502e-05 14.1011 2 
0.918843 -1.9838e-05 -1 0.649483 0.241629 0.001845 9.30342 894625 4 12986.9 6.28309 6.74269 2 1 148.628 9.52689 15.6009 4 3 0.026642 1.04485e-05 13.6617 2 
0.920688 -2.00458e-05 -1 0.649929 0.241636 0.001845 9.32349 894457 3 24683.3 24.9948 9.9583 2 1 154.178 9.93271 15.5223 4 3 0.0246886 9.84452e-06 13.5863 2 
0.922533 -2.02944e-05 -1 0.650376 0.241648 0.001845 9.34244 894396 3 21799.7 17.4557 10.7689 2 1 179.553 9.37712 19.148 4 3 0.0241166 9.30212e-06 13.7376 2 
0.924378 -2.07586e-05 -1 0.650823 0.241653 0.001845 9.36131 894343 3 12109.9 14.6712 9.38048 2 1 252.814 8.62669 29.306 4 3 0.0254002 9.65504e-06 13.8047 2 
0.926223 -2.11414e-05 -1 0.651269 0.241638 0.001845 9.3783 894470 2 353.043 6.23204 7.5266 2 1 178.314 17.4605 10.2124 4 3 0.0259278 6.17355e-05 7.48877 2 
0.928068 -2.12098e-05 -1 0.651712 0.241656 0.001845 9.39711 894423 3 19462.2 25.3095 9.16156 2 1 353.738 11.2682 31.3925 4 3 0.0271626 8.79538e-05 6.75936 2 
0.929913 -2.05313e-05 -1 0.652156 0.241632 0.001845 9.41413 894547 2 309.133 4.51425 8.27522 2 1 153.877 12.7164 12.1007 4 3 0.0310042 7.33417e-05 7.5051 2 
0.931758 -2.01511e-05 -1 0.6526 0.241648 0.001845 9.43291 894502 3 13678.4 29.3078 7.75682 2 1 224.228 10.7435 20.8711 4 3 0.0289146 5.91611e-05 7.87699 2 
0.933603 -2.07942e-05 -1 0.653045 0.241625 0.001845 9.45763 893896 4 12735.7 2.33537 8.59343 2 1 175.731 8.94945 19.6359 4 3 0.0271614 5.44013e-05 7.93319 2 
0.935448 -2.09393e-05 -1 0.65349 0.24162 0.001845 9.47829 893677 4 26368.3 4.75458 8.62963 2 1 157.91 8.73122 18.0857 4 3 0.0301953 4.21004e-05 8.95127 2 
0.937293 -2.06718e-05 -1 0.653935 0.241605 0.001845 9.4971 893632 3 12251.4 23.7558 8.01933 2 1 140.59 5.67806 24.7602 4 3 0.0292324 3.2532e-05 9.64979 2 
0.939138 -2.10722e-05 -1 0.654382 0.241613 0.001845 9.51585 893593 3 18678.4 28.6706 8.66897 2 1 144.905 8.36081 17.3315 4 3 0.0264214 2.89974e-05 9.69465 2 
0.940983 -2.14478e-05 -1 0.654828 0.241603 0.001845 9.53645 893380 4 27548.7 5.90741 8.26372 2 1 200.761 6.52855 30.7513 4 3 0.028059 2.70079e-05 10.1281 2 
0.942828 -2.15624e-05 -1 0.655275 0.241596 0.001845 9.55716 893159 4 22677.5 4.37847 8.48337 2 1 168.846 6.0324 27.9899 4 3 0.0274659 2.61837e-05 10.1606 2 
0.944673 -2.12438e-05 -1 0.655722 0.241568 0.001845 9.57595 893117 3 12966.2 16.0037 9.32247 2 1 173.966 5.14172 33.8342 4 3 0.0321975 2.39762e-05 11.0327 2 
0.946518 -2.09942e-05 -1 0.65617 0.241573 0.001845 9.59659 892904 4 28349.4 4.32083 9.00003 2 1 238.94 7.10899 33.6109 4 3 0.0290495 1.85461e-05 11.6135 2 
0.948363 -2.08452e-05 -1 0.656617 0.241561 0.001845 9.6153 892870 3 12530.6 27.3659 7.70764 2 1 186.805 6.28633 29.7161 4 3 0.0268917 1.46795e-05 12.2359 2 
0.950208 -2.1214e-05 -1 0.657061 0.241503 0.001845 9.63408 892831 3 17062.1 28.7999 8.39873 2 1 186.025 9.31386 19.9729 4 3 0.0268436 1.33442e-05 12.6236 2 
0.952053 -2.1447e-05 -1 0.657504 0.241534 0.001845 9.65692 892416 3 13002 14.0291 9.74976 2 1 193.051 10.1415 19.0356 4 3 0.0305065 1.50908e-05 12.6443 2 
0.953898 -2.13844e-05 -1 0.657947 0.241478 0.001845 9.67562 892384 3 12579.6 22.9546 8.18337 2 1 141.748 8.66179 16.3647 4 3 0.0301544 1.3711e-05 13.0045 2 
0.955743 -2.11058e-05 -1 0.658391 0.24149 0.001845 9.69621 892179 4 29607.1 6.25567 8.29431 2 1 199.441 12.4477 16.0224 4 3 0.0322531 1.2281e-05 13.7968 2 
0.957588 -2.12693e-05 -1 0.658836 0.241487 0.001845 9.71688 891967 4 27912 4.12801 9.06802 2 1 221.202 8.51247 25.9857 4 3 0.0301059 1.2379e-05 13.4479 2 
0.959433 -2.13789e-05 -1 0.65928 0.241479 0.001845 9.73565 891930 3 20605.7 21.3265 9.88604 2 1 147.357 9.46301 15.5719 4 3 0.029654 1.26239e-05 13.2932 2 
0.961278 -2.14539e-05 -1 0.659726 0.241428 0.001845 9.75447 891889 3 24716.6 17.776 11.1614 2 1 166.728 9.4892 17.5703 4 3 0.0299079 9.71364e-06 14.5479 2 
0.963123 -2.13697e-05 -1 0.660171 0.241431 0.001845 9.77297 891877 4 12262.6 3.25327 7.83548 2 1 202.01 10.4833 19.2697 4 2 0.0298321 9.60266e-05 17.6257 2 
0.964968 -2.14737e-05 -1 0.660617 0.241415 0.001845 9.7896 892036 3 12625.5 22.1325 8.29353 2 1 203.141 11.6748 17.3999 4 2 0.0291854 9.33279e-05 17.6839 2 
0.966813 -2.14739e-05 -1 0.661064 0.241424 0.001845 9.80616 892200 3 13318.2 19.757 8.76814 2 1 184.926 14.7101 12.5714 4 2 0.0281946 9.20682e-05 17.4996 2 
0.968658 -2.16073e-05 -1 0.661511 0.241371 0.001845 9.82463 892190 4 12581 4.27501 7.36537 2 1 176.713 10.1202 17.4613 4 2 0.0276778 9.74343e-05 16.8543 2 
0.970503 -2.17687e-05 -1 0.661959 0.241338 0.001845 9.84416 892085 3 12720.2 21.5504 8.38841 2 1 190.598 6.17971 30.8425 4 2 0.0289317 9.45634e-05 17.4914 2 
0.972348 -2.18437e-05 -1 0.662403 0.241316 0.001845 9.86088 892233 3 18406 17.3929 10.1905 2 1 152.129 6.1622 24.6875 4 2 0.0319725 9.05305e-05 18.7928 2 
0.974193 -2.17075e-05 -1 0.662846 0.241315 0.001845 9.87748 892393 3 12489.4 25.4974 7.88284 2 1 214.379 8.19011 26.1753 4 2 0.0316252 8.12385e-05 19.7304 2 
0.976038 -2.17012e-05 -1 0.663289 0.24127 0.001845 9.89593 892385 4 12858.3 4.77689 7.20293 2 1 171.449 7.50074 22.8576 4 2 0.0298821 7.42448e-05 20.0619 2 
0.977883 -2.19942e-05 -1 0.663732 0.241238 0.001845 9.91457 892360 4 12631.7 3.58849 7.7026 2 1 153.806 6.45438 23.8298 4 2 0.028415 7.77099e-05 19.1221 2 
0.979728 -2.20538e-05 -1 0.664176 0.241239 0.001845 9.93328 892328 4 26537.1 26.4984 5.62546 2 1 152.997 5.5579 27.5279 4 2 0.0280448 8.32276e-05 18.3566 2 
0.981573 -2.14093e-05 -1 0.664621 0.241175 0.001845 9.954 892116 3 16970.2 8.41587 12.6337 2 1 187.126 8.07676 23.1685 4 2 0.0284129 8.45011e-05 18.3369 2 
0.983418 -2.14627e-05 -1 0.665065 0.241149 0.001845 9.97085 892252 3 22845.1 28.2976 9.31139 2 1 329.312 9.41094 34.9924 4 2 0.0282115 8.57824e-05 18.1348 2 
0.985263 -2.12114e-05 -1 0.665511 0.241127 0.001845 9.9913 892066 4 13216 11.0699 5.87813 2 1 204.863 9.85013 20.798 4 2 0.0316132 8.45285e-05 19.3389 2 
0.987108 -2.18109e-05 -1 0.665957 0.241106 0.001845 10.0099 892042 4 15358.8 6.57313 6.95259 2 1 405.165 13.1913 30.7146 4 2 0.0313777 8.17922e-05 19.5864 2 
0.988953 -2.22098e-05 -1 0.666403 0.241067 0.001845 10.0267 892187 3 15269.5 27.9385 8.17599 2 1 169.342 11.3548 14.9136 4 2 0.0316938 7.68634e-05 20.3061 2 
0.990798 -2.21608e-05 -1 0.666849 0.241031 0.001845 10.0452 892170 4 17979.8 7.25144 7.05651 2 1 188.259 12.7495 14.766 4 2 0.0323943 8.92836e-05 19.0479 2 
0.992643 -2.2416e-05 -1 0.667296 0.241001 0.001845 10.0637 892157 4 14718.3 4.02093 7.77826 2 1 171.701 14.5443 11.8053 4 2 0.0331409 9.91643e-05 18.2812 2 
0.994488 -2.24813e-05 -1 0.667741 0.240925 0.001845 10.0826 892116 3 29517.9 27.5374 10.2342 2 1 200.051 14.3577 13.9333 4 3 0.0321435 5.54791e-06 17.9606 2 
0.996333 -2.30438e-05 -1 0.668184 0.240957 0.001845 10.1013 892082 3 12589.9 18.355 8.81907 2 1 313.729 18.037 17.3936 4 3 0.0301943 5.66854e-06 17.4643 2 
0.998178 -2.3231e-05 -1 0.668625 0.240921 0.001845 10.1161 892396 2 504.355 3.8209 11.4891 2 1 172.598 17.8194 9.68598 4 2 0.0284697 9.64264e-05 17.1828 2 
1.00002 -2.31804e-05 -1 0.669067 0.240891 0.001845 10.1346 892386 4 30151.6 5.21366 8.72051 2 1 164.953 17.1523 9.61695 4 2 0.029292 8.97803e-05 18.0627 2 
1.00187 -2.2831e-05 -1 0.66951 0.24084 0.001845 10.1552 892186 4 19079 6.0701 7.48755 2 1 171.873 20.6385 8.32777 4 3 0.0302089 1.58719e-05 12.3928 2 
1.00371 -2.27929e-05 -1 0.669952 0.240795 0.001845 10.1759 891980 4 13580.5 6.91552 6.65691 2 1 181.273 24.3862 7.43344 4 3 0.0317148 6.11772e-05 8.03324 2 
1.00556 -2.29586e-05 -1 0.670396 0.240729 0.001845 10.1947 891943 3 17711.6 26.5266 8.74027 2 1 169.588 22.5144 7.53243 4 3 0.0353877 5.91335e-05 8.427 2 
1.0074 -2.27223e-05 -1 0.67084 0.240719 0.001845 10.2154 891743 4 31069.6 5.10686 8.83172 2 1 237.453 13.6065 17.4514 4 3 0.0325618 4.79074e-05 8.79229 2 
1.00925 -2.2882e-05 -1 0.671285 0.24067 0.001845 10.2397 891230 4 12458.9 3.84237 7.54606 2 1 215.346 10.2484 21.0125 4 3 0.0336491 3.99663e-05 9.44264 2 
1.01109 -2.31124e-05 -1 0.67173 0.240645 0.001845 10.2584 891195 3 13768.6 20.8008 8.71504 2 1 185.452 9.15965 20.2466 4 3 0.0314439 3.48228e-05 9.6655 2 
1.01294 -2.33531e-05 -1 0.672176 0.240578 0.001845 10.2791 890995 4 16455.9 3.74106 8.14389 2 1 137.39 7.87378 17.449 4 3 0.0333756 2.62274e-05 10.8365 2 
1.01478 -2.33529e-05 -1 0.672622 0.240539 0.001845 10.2979 890960 3 13085 25.9858 7.95571 2 1 208.559 7.78606 26.7862 4 3 0.032924 2.19025e-05 11.4553 2 
1.01663 -2.32252e-05 -1 0.673067 0.240528 0.001845 10.3186 890763 4 21576.5 13.7042 6.29915 2 1 143.857 7.20112 19.977 4 3 0.0362526 2.0071e-05 12.1784 2 
1.01847 -2.29353e-05 -1 0.673511 0.240475 0.001845 10.3392 890571 4 32292.4 8.95133 7.75003 2 1 227.017 6.05857 37.4703 4 3 0.0356436 1.96541e-05 12.1948 2 
1.02032 -2.27192e-05 -1 0.673953 0.240403 0.001845 10.3599 890374 4 26501.2 8.7397 7.42065 2 1 431.02 10.6887 40.3248 4 3 0.034907 1.85452e-05 12.347 2 
1.02216 -2.26527e-05 -1 0.674395 0.240401 0.001845 10.3787 890342 3 8982.16 14.9717 8.43405 2 1 204.013 9.61317 21.2222 4 3 0.0337492 1.49933e-05 13.1055 2 
1.02401 -2.25637e-05 -1 0.674836 0.240358 0.001845 10.3975 890308 3 13607.6 26.8205 7.97574 2 1 202.291 7.03217 28.7666 4 3 0.0340179 1.16143e-05 14.3077 2 
1.02585 -2.26899e-05 -1 0.675278 0.24032 0.001845 10.4181 890116 4 21307.8 11.2606 6.59545 2 1 200.69 11.255 17.8313 4 3 0.0335702 9.82955e-06 15.0594 2 
1.0277 -2.30057e-05 -1 0.67572 0.240266 0.001845 10.4388 889927 4 12518.3 6.41882 6.64542 2 1 200.695 8.27515 24.2527 4 3 0.0328347 1.13771e-05 14.2375 2 
1.02954 -2.2944e-05 -1 0.676163 0.24028 0.001845 10.4575 889899 3 18282.7 23.1768 9.23979 2 1 203.94 10.3045 19.7913 4 3 0.0334902 1.05671e-05 14.6888 2 
1.03139 -2.20555e-05 -1 0.676606 0.240145 0.001845 10.4763 889867 3 9142.45 8.7412 10.1507 2 1 198.701 11.8273 16.8002 4 3 0.0345336 9.57558e-06 15.3353 2 
1.03323 -2.18608e-05 -1 0.677049 0.240065 0.001845 10.4951 889832 3 12484.4 18.2815 8.80614 2 1 172.969 11.8793 14.5605 4 3 0.0348558 1.60216e-05 12.9575 2 
1.03508 -2.18123e-05 -1 0.677493 0.240036 0.001845 10.5138 889808 3 4466.96 9.64708 7.7364 2 1 175.139 11.0668 15.8256 4 3 0.0335938 2.05411e-05 11.7818 2 
1.03692 -2.1887e-05 -1 0.677937 0.240049 0.001845 10.5344 889620 4 17607.5 13.3161 6.03018 2 1 158.021 16.4721 9.59325 4 3 0.0311422 2.32279e-05 11.0267 2 
1.03877 -2.16226e-05 -1 0.678381 0.239949 0.001845 10.5551 889433 4 29539.6 7.97106 7.80229 2 1 152.04 14.6572 10.3731 4 3 0.0304807 2.30796e-05 10.9715 2 
1.04061 -2.15668e-05 -1 0.678824 0.239924 0.001845 10.5739 889401 3 12231.6 10.3396 10.5761 2 1 185.679 16.6281 11.1666 4 3 0.0308555 2.15452e-05 11.2718 2 
1.04246 -2.16013e-05 -1 0.679267 0.239895 0.001845 10.5941 889247 3 12469.2 24.9698 7.93369 2 1 403.099 21.8918 18.4132 4 3 0.0326528 2.06831e-05 11.644 2 
1.0443 -2.22246e-05 -1 0.679708 0.239874 0.001845 10.6141 889120 3 15160.1 23.4552 8.64613 2 1 209.351 19.0601 10.9837 4 3 0.0320531 2.01135e-05 11.6805 2 
1.04615 -2.25797e-05 -1 0.680149 0.239767 0.001845 10.6337 889021 3 12270.2 26.0916 7.7765 2 1 450.163 17.3006 26.0201 4 3 0.0323117 1.98325e-05 11.7669 2 
1.04799 -2.25223e-05 -1 0.680589 0.239698 0.001845 10.6582 888514 3 12630.9 15.3106 9.37879 2 1 179.112 15.2984 11.7079 4 3 0.0348443 2.0312e-05 11.9709 2 
1.04984 -2.27826e-05 -1 0.68103 0.239664 0.001845 10.6803 888212 4 13148.4 13.1796 5.62008 2 1 192.424 13.3221 14.4439 4 3 0.0361628 2.15789e-05 11.878 2 
1.05168 -2.28768e-05 -1 0.681471 0.2396 0.001845 10.701 888018 4 21086.1 10.4944 6.69514 2 1 226.728 10.3569 21.8916 4 3 0.0364711 2.27982e-05 11.6954 2 
1.05353 -2.28542e-05 -1 0.681913 0.239594 0.001845 10.72 887979 3 13285.5 23.5221 8.26611 2 1 189.2 10.7789 17.5528 4 3 0.034757 2.26201e-05 11.5394 2 
1.05537 -2.29319e-05 -1 0.682355 0.239503 0.001845 10.7406 887795 4 32158.1 6.98541 8.23711 2 1 172.164 9.34106 18.4309 4 3 0.0336916 2.0884e-05 11.7283 2 
1.05722 -2.30048e-05 -1 0.682797 0.239489 0.001845 10.7594 887767 3 12233.8 24.6039 7.92233 2 1 178.993 10.3224 17.3402 4 3 0.0310962 1.90165e-05 11.7813 2 
1.05906 -2.29386e-05 -1 0.68324 0.23939 0.001845 10.7801 887586 4 12365.4 6.0724 6.71757 2 1 181.316 11.3571 15.9649 4 3 0.0313968 1.82787e-05 11.976 2 
1.06091 -2.27027e-05 -1 0.683684 0.239329 0.001845 10.8008 887404 4 32431.3 14.3081 6.89994 2 1 181.252 8.1349 22.2808 4 3 0.032583 1.86005e-05 12.0547 2 
1.06275 -2.29329e-05 -1 0.684126 0.239269 0.001845 10.8214 887224 4 17751.2 11.4997 6.26809 2 1 209.006 9.5952 21.7824 4 3 0.0331075 1.91587e-05 12.0001 2 
1.0646 -2.31874e-05 -1 0.684568 0.239213 0.001845 10.8461 886716 4 13099.7 12.8346 5.65222 2 1 348.636 7.04156 49.5112 4 3 0.0349004 1.90177e-05 12.2431 2 
1.06644 -2.33812e-05 -1 0.685009 0.239124 0.001845 10.8632 886831 2 405.997 10.885 6.10728 2 1 181.435 7.47413 24.2751 4 3 0.039933 1.93424e-05 12.7333 2 
1.06829 -2.33833e-05 -1 0.68545 0.239099 0.001845 10.8838 886653 4 12532.9 8.39129 6.21664 2 1 289.853 8.14303 35.5952 4 3 0.0364273 1.88499e-05 12.4558 2 
1.07013 -2.36139e-05 -1 0.68589 0.239074 0.001845 10.9026 886627 3 33264.5 20.4166 11.767 2 1 218.401 10.084 21.6581 4 3 0.0341653 1.89432e-05 12.1724 2 
1.07198 -2.43626e-05 -1 0.68633 0.238985 0.001845 10.9233 886451 4 12181.4 7.77893 6.29063 2 1 243.779 8.72906 27.9273 4 3 0.0353388 1.92807e-05 12.238 2 
1.07382 -2.45232e-05 -1 0.686768 0.238879 0.001845 10.9449 886194 3 12255.5 15.6571 9.21596 2 1 213.272 11.9517 17.8445 4 3 0.0366087 1.95398e-05 12.3279 2 
1.07567 -2.50048e-05 -1 0.687207 0.238862 0.001845 10.9639 886154 3 21863.4 21.0843 10.1217 2 1 175.918 11.4381 15.3799 4 3 0.0342587 1.93843e-05 12.0904 2 
1.07751 -2.54013e-05 -1 0.687647 0.238795 0.001845 10.9846 885974 4 12100.8 4.13728 7.35402 2 1 166.694 12.5563 13.2757 4 3 0.0369133 1.86159e-05 12.5632 2 
1.07936 -2.5534e-05 -1 0.688087 0.238793 0.001845 11.0035 885946 3 12573.1 19.3749 8.65767 2 1 195.033 15.5979 12.5038 4 3 0.0426972 5.19113e-05 9.36942 2 
1.0812 -2.55078e-05 -1 0.688527 0.23868 0.001845 11.0242 885763 4 35451.7 8.25711 8.09473 2 1 188.261 14.2916 13.1728 4 3 0.0447157 6.30401e-05 8.91827 2 
1.08305 -2.55916e-05 -1 0.688969 0.238606 0.001845 11.0491 885255 4 33085.5 4.6135 9.20241 2 1 252.334 8.75044 28.8367 4 3 0.0410569 5.20998e-05 9.2367 2 
1.08489 -2.53319e-05 -1 0.68941 0.238528 0.001845 11.0697 885082 4 12251.6 3.87229 7.49991 2 1 248.525 6.02008 41.2827 4 3 0.0388146 4.22486e-05 9.72137 2 
1.08674 -2.50818e-05 -1 0.689851 0.238487 0.001845 11.0904 884910 4 19280.8 3.88238 8.39473 2 1 241.9 6.82546 35.4408 4 3 0.0398653 3.68626e-05 10.2645 2 
1.08858 -2.49747e-05 -1 0.690291 0.238392 0.001845 11.1092 884888 3 26838.5 26.755 10.0104 2 1 240.942 9.84826 24.4655 4 3 0.0391873 2.80962e-05 11.1729 2 
1.09043 -2.50249e-05 -1 0.690731 0.238351 0.001845 11.1299 884713 4 12366.9 3.65737 7.62559 2 1 206.524 8.03554 25.7013 4 3 0.0377051 2.22797e-05 11.9169 2 
1.09227 -2.50142e-05 -1 0.69117 0.238289 0.001845 11.1487 884689 3 15219.9 15.4288 9.95467 2 1 205.899 6.60451 31.1755 4 3 0.0373995 2.0192e-05 12.2809 2 
1.09412 -2.48594e-05 -1 0.69161 0.238206 0.001845 11.1675 884667 3 17505.6 10.5847 11.8259 2 1 218.866 6.14136 35.6381 4 3 0.0380082 1.91185e-05 12.574 2 
1.09596 -2.4756e-05 -1 0.692049 0.238176 0.001845 11.1863 884647 3 11270.7 12.8756 9.56595 2 1 188.808 7.15804 26.377 4 3 0.0364814 1.84096e-05 12.5606 2 
1.09781 -2.52881e-05 -1 0.692488 0.238075 0.001845 11.207 884477 4 24442.4 6.66023 7.7833 2 1 535.263 10.0098 53.474 4 3 0.0351703 1.52773e-05 13.2041 2 
1.09965 -2.54547e-05 -1 0.692925 0.238031 0.001845 11.2311 884040 4 31546.7 10.0948 7.47678 2 1 201.868 7.3708 27.3876 4 3 0.0358611 1.39906e-05 13.6855 2 
1.1015 -2.54861e-05 -1 0.693363 0.23794 0.001845 11.2559 883546 4 14722 3.28763 8.18034 2 1 494.631 9.74185 50.7739 4 3 0.0363469 1.41496e-05 13.6954 2 
1.10334 -2.55788e-05 -1 0.693802 0.237896 0.001845 11.2734 883628 2 688.165 6.25945 10.4852 2 1 254.084 8.68919 29.2414 4 3 0.0366547 1.42745e-05 13.6938 2 
1.10519 -2.59288e-05 -1 0.694241 0.237802 0.001845 11.2929 883554 3 13177.2 27.1287 7.86076 2 1 229.067 8.40362 27.2581 4 3 0.0366877 1.38703e-05 13.8297 2 
1.10703 -2.59052e-05 -1 0.69468 0.237763 0.001845 11.3117 883530 3 12297 16.7495 9.02123 2 1 209.332 11.2639 18.5843 4 3 0.0365784 1.3111e-05 14.0776 2 
1.10888 -2.58638e-05 -1 0.695119 0.237681 0.001845 11.3324 883360 4 11709.2 5.93317 6.66515 2 1 206.709 8.16235 25.3247 4 3 0.0385308 1.19473e-05 14.7745 2 
1.11072 -2.59706e-05 -1 0.695557 0.237615 0.001845 11.3531 883192 4 20980.2 4.16429 8.42495 2 1 205.152 10.4106 19.7062 4 3 0.040502 1.05598e-05 15.6534 2 
1.11257 -2.59257e-05 -1 0.695995 0.237562 0.001845 11.3698 883342 3 14233.9 27.5307 8.02606 2 1 294.952 11.3105 26.0777 4 2 0.0435146 9.88225e-05 20.9841 2 
1.11441 -2.65034e-05 -1 0.696433 0.237487 0.001845 11.3864 883488 3 11856.7 26.1251 7.68485 2 1 255.399 12.1795 20.9695 4 2 0.0393415 8.71089e-05 21.2517 2 
1.11626 -2.69117e-05 -1 0.696871 0.237399 0.001845 11.4031 883636 3 11838.7 14.9044 9.26111 2 1 166.718 12.3761 13.471 4 2 0.0362414 8.15927e-05 21.0754 2 
1.1181 -2.69917e-05 -1 0.697308 0.237282 0.001845 11.4198 883779 3 33488 23.1271 11.3133 2 1 173.74 17.9942 9.65532 4 2 0.033476 8.49725e-05 19.8485 2 
1.11995 -2.75754e-05 -1 0.697746 0.237257 0.001845 11.4444 883304 4 34436.4 8.15813 8.06041 2 1 216.403 16.6147 13.0248 4 3 0.0337395 7.50273e-06 16.5059 2 
1.12179 -2.77913e-05 -1 0.698183 0.237199 0.001845 11.4651 883143 4 11983.7 3.68653 7.5508 2 1 214.978 11.2749 19.0669 4 3 0.0355302 7.41339e-06 16.8601 2 
1.12364 -2.77866e-05 -1 0.698621 0.237113 0.001845 11.4839 883121 3 12744.7 19.3835 8.69559 2 1 232.908 6.96041 33.4618 4 3 0.0361549 7.88876e-06 16.6106 2 
1.12548 -2.87212e-05 -1 0.699057 0.237044 0.001845 11.5046 882957 4 17041.3 4.21133 7.97573 2 1 237.76 6.75193 35.2136 4 3 0.037804 8.37467e-06 16.5268 2 
1.12733 -2.87972e-05 -1 0.699494 0.23697 0.001845 11.5215 883085 2 990.994 5.05016 14.0082 2 1 203.889 7.51368 27.1357 4 3 0.039831 8.22582e-06 16.9179 2 
1.12917 -2.85455e-05 -1 0.699931 0.236915 0.001845 11.5403 883063 3 11922.4 18.0226 8.71328 2 1 166.592 9.22707 18.0547 4 3 0.0449877 7.93543e-06 17.831 2 
1.13102 -2.84099e-05 -1 0.700368 0.236766 0.001845 11.5591 883045 3 14461 16.6332 9.54423 2 1 312.962 7.98083 39.2142 4 3 0.0405843 7.72091e-06 17.3872 2 
1.13286 -2.87684e-05 -1 0.700805 0.236758 0.001845 11.5798 882880 4 35856.5 7.1609 8.41202 2 1 180.821 8.52432 21.2123 4 3 0.0399892 7.77489e-06 17.2617 2 
1.13471 -2.8579e-05 -1 0.701242 0.236689 0.001845 11.6007 882706 4 22631.3 7.63059 7.37968 2 1 239.377 9.24305 25.8981 4 3 0.0384767 8.05586e-06 16.8408 2 
1.13655 -2.85218e-05 -1 0.701678 0.236592 0.001845 11.6196 882681 3 11586.6 22.7877 7.98152 2 1 173.648 6.75871 25.6924 4 3 0.0375752 8.48595e-06 16.421 2 
1.1384 -2.84611e-05 -1 0.702114 0.236481 0.001845 11.6402 882523 3 13083.6 19.8149 8.70787 2 1 201.876 8.43196 23.9417 4 2 0.0396941 9.70175e-05 20.2273 2 
1.14024 -2.87794e-05 -1 0.702551 0.236461 0.001845 11.6569 882665 3 11619.8 21.9956 8.08389 2 1 193.672 7.60596 25.4632 4 2 0.0428351 9.09637e-05 21.7003 2 
1.14209 -2.8828e-05 -1 0.702987 0.236359 0.001845 11.6735 882811 3 28605.2 26.8108 10.2183 2 1 193.499 12.5034 15.4757 4 2 0.0452271 8.43875e-05 23.1505 2 
1.14393 -2.90457e-05 -1 0.703423 0.236314 0.001845 11.692 882818 4 39011.5 9.38355 8.02983 2 1 280.875 7.88338 35.6288 4 2 0.0516897 7.78454e-05 25.7683 2 
1.14578 -2.8915e-05 -1 0.703859 0.236237 0.001845 11.7105 882825 4 36030.1 15.7752 6.9131 2 1 302.454 10.7648 28.0966 4 2 0.0463421 7.42319e-05 24.9858 2 
1.14762 -2.87784e-05 -1 0.704295 0.236152 0.001845 11.7271 882972 3 12084.7 26.1595 7.7304 2 1 281.35 13.1873 21.3349 4 2 0.0438863 7.5507e-05 24.1085 2 
1.14947 -2.89131e-05 -1 0.70473 0.236074 0.001845 11.7418 883263 2 1937.79 13.7055 11.8907 2 1 270.101 14.3848 18.7769 4 2 0.0447324 7.53078e-05 24.372 2 
1.15131 -2.9236e-05 -1 0.705166 0.236005 0.001845 11.7602 883271 4 18160.5 4.71582 7.87757 2 1 226.055 12.7572 17.7198 4 2 0.0443519 7.52493e-05 24.2775 2 
1.15316 -2.94695e-05 -1 0.7056 0.235914 0.001845 11.7787 883277 4 11802.9 3.60735 7.56311 2 1 227.719 16.6564 13.6716 4 2 0.0433668 9.55118e-05 21.3084 2 
1.155 -2.9447e-05 -1 0.706034 0.235829 0.001845 11.7975 883258 3 13079.7 4.75429 14.0121 2 1 855.369 16.7853 50.9595 4 3 0.0423645 3.94957e-05 10.2365 2 
1.15685 -2.93186e-05 -1 0.706469 0.235766 0.001845 11.8163 883240 3 26186 12.8652 12.6731 2 1 542.706 19.5298 27.7887 4 3 0.0411972 6.98735e-05 8.3853 2 
1.15869 -2.92703e-05 -1 0.706903 0.235692 0.001845 11.8398 882870 4 12354.4 4.88577 7.09124 2 1 192.378 14.4999 13.2675 4 3 0.0407399 5.85998e-05 8.8588 2 
1.16054 -2.92861e-05 -1 0.707337 0.235624 0.001845 11.8587 882842 3 13981.4 26.8965 8.04053 2 1 207.163 9.35931 22.1345 4 3 0.0418503 4.74669e-05 9.58891 2 
1.16238 -2.94174e-05 -1 0.707771 0.235526 0.001845 11.8793 882688 4 32193.2 5.69793 8.66985 2 1 221.702 7.3188 30.2921 4 3 0.0425664 3.88732e-05 10.3072 2 
1.16423 -2.94198e-05 -1 0.708205 0.235479 0.001845 11.8983 882662 3 11489.3 16.4934 8.86464 2 1 244.828 12.75 19.2021 4 3 0.0433344 2.84813e-05 11.5016 2 
1.16607 -2.9431e-05 -1 0.70864 0.235378 0.001845 11.9199 882436 4 11609.9 5.00391 6.94032 2 1 256.789 5.34687 48.0261 4 3 0.0433731 2.2624e-05 12.4227 2 
1.16792 -2.96403e-05 -1 0.709074 0.235275 0.001845 11.9398 882336 2 2583.1 19.6162 11.4753 2 1 252.55 7.29221 34.6328 4 3 0.0434344 1.96531e-05 13.0257 2 
1.16976 -2.97358e-05 -1 0.709508 0.235196 0.001845 11.9587 882313 3 21502.8 19.9271 10.2569 2 1 234.87 6.33282 37.0878 4 3 0.0431824 1.83711e-05 13.2961 2 
1.17161 -2.98696e-05 -1 0.709943 0.235121 0.001845 11.9793 882159 4 35461.2 5.51024 8.95666 2 1 273.873 7.82585 34.9959 4 3 0.0436939 1.79369e-05 13.4552 2 
1.17345 -2.98773e-05 -1 0.710377 0.235028 0.001845 11.9965 882266 2 1852.91 16.7132 10.5293 2 1 206.761 8.92289 23.172 4 3 0.0450079 1.57399e-05 14.1937 2 
1.1753 -2.97595e-05 -1 0.710811 0.234927 0.001845 12.0155 882233 3 12768 27.7438 7.72063 2 1 213.137 6.95788 30.6325 4 3 0.0452386 1.21714e-05 15.4902 2 
1.17714 -3.03464e-05 -1 0.711245 0.234821 0.001845 12.0343 882214 3 19686.6 22.2819 9.59562 2 1 212.044 8.58961 24.6861 4 3 0.041838 1.11536e-05 15.5377 2 
1.17899 -3.06804e-05 -1 0.711679 0.234795 0.001845 12.055 882058 4 17843.9 3.03615 8.75572 2 1 188.13 10.3365 18.2006 4 3 0.0400321 1.15082e-05 15.1519 2 
1.18083 -3.09271e-05 -1 0.712111 0.234712 0.001845 12.0757 881902 4 35011.9 5.26873 9.02874 2 1 197.677 7.79471 25.3603 4 3 0.0391181 1.15796e-05 15.0047 2 
1.18268 -3.09285e-05 -1 0.712543 0.234619 0.001845 12.0946 881882 3 16470.1 24.0572 8.81355 2 1 243.808 9.96582 24.4644 4 3 0.0378425 1.04256e-05 15.3683 2 
1.18452 -3.11654e-05 -1 0.712975 0.23454 0.001845 12.1158 881688 4 16230.2 3.79548 8.08657 2 1 274.664 8.48828 32.358 4 3 0.0386265 1.02476e-05 15.5628 2 
1.18637 -3.11893e-05 -1 0.713406 0.234453 0.001845 12.1363 881548 3 11880.4 22.5353 8.07834 2 1 243.212 12.1015 20.0976 4 3 0.0401212 9.64285e-06 16.0838 2 
1.18821 -3.11766e-05 -1 0.713838 0.234359 0.001845 12.1563 881448 3 14558.2 26.9691 8.1423 2 1 223.879 13.4947 16.5901 4 2 0.0427873 9.9693e-05 20.7169 2 
1.19006 -3.11422e-05 -1 0.714269 0.234302 0.001845 12.1759 881374 4 22607.9 6.19736 7.77165 2 1 222.803 11.3051 19.7082 4 2 0.0449426 8.68994e-05 22.7416 2 
1.1919 -3.1244e-05 -1 0.7147 0.234206 0.001845 12.1959 881273 4 12437.1 2.32136 8.55548 2 1 176.665 14.2764 12.3746 4 2 0.0505179 9.25373e-05 23.3649 2 
1.19375 -3.12104e-05 -1 0.715132 0.234063 0.001845 12.2137 881327 3 24013.3 16.7561 11.2744 2 1 350.013 16.3744 21.3756 4 2 0.0453151 9.15418e-05 22.2491 2 
1.19559 -3.15e-05 -1 0.715564 0.234052 0.001845 12.2382 880906 3 38504.8 22.2777 12.0009 2 1 261.319 20.7666 12.5836 4 3 0.0422133 7.02228e-06 18.1826 2 
1.19744 -2.98012e-05 -1 0.715996 0.233948 0.001845 12.2577 880835 3 12278.5 27.3001 7.66173 2 1 181.499 14.547 12.4767 4 3 0.0419036 6.8641e-06 18.2763 2 
1.19928 -2.95688e-05 -1 0.716428 0.233866 0.001845 12.2762 880843 2 2284.51 15.6346 12.088 2 1 220.421 12.2537 17.9881 4 3 0.042006 6.1301e-06 18.9939 2 
1.20113 -2.98097e-05 -1 0.71686 0.23379 0.001845 12.2979 880626 3 15274.6 17.1518 9.62099 2 1 188.62 9.11651 20.6899 4 3 0.0457487 7.23944e-06 18.4881 2 
1.20297 -3.0096e-05 -1 0.717293 0.233728 0.001845 12.3175 880550 3 30281.3 16.3007 12.293 2 1 215.026 7.51342 28.6189 4 3 0.0491447 8.00711e-06 18.3091 2 
1.20482 -3.03789e-05 -1 0.717725 0.233613 0.001845 12.3374 880462 3 11679.8 17.3721 8.76047 2 1 230.082 14.1883 16.2164 4 3 0.0506371 8.01141e-06 18.4893 2 
1.20666 -3.02875e-05 -1 0.718156 0.233526 0.001845 12.3563 880439 4 42139.6 8.54854 8.37914 2 1 202.01 8.05208 25.0879 4 2 0.0575229 9.76918e-05 24.2656 2 
1.20851 -3.06258e-05 -1 0.718586 0.23345 0.001845 12.3749 880441 4 38150.5 7.70738 8.38781 2 1 361.471 15.6813 23.0511 4 2 0.0521382 9.22912e-05 23.7683 2 
1.21035 -3.10266e-05 -1 0.719015 0.233364 0.001845 12.3915 880580 3 18059.7 21.4207 9.44697 2 1 254.851 10.8368 23.5172 4 2 0.0490846 8.32969e-05 24.275 2 
1.2122 -3.12158e-05 -1 0.719445 0.233267 0.001845 12.41 880587 4 14393.6 4.49377 7.52297 2 1 286.701 9.02805 31.7567 4 2 0.0502366 7.85062e-05 25.2964 2 
1.21404 -3.11755e-05 -1 0.719874 0.233206 0.001845 12.4286 880590 4 12076.1 21.6593 4.85927 2 1 259.773 8.69573 29.8736 4 2 0.0495137 9.05275e-05 23.3869 2 
1.21589 -3.12131e-05 -1 0.720303 0.2331 0.001845 12.4492 880448 4 26908.6 11.3456 6.97857 2 1 1180.04 23.3777 50.4774 4 3 0.0481976 5.7776e-06 20.2812 2 
1.21773 -3.14085e-05 -1 0.720732 0.233015 0.001845 12.4699 880304 4 26323.5 5.76615 8.21986 2 1 286.125 7.46577 38.3249 4 3 0.0471523 5.79139e-06 20.1175 2 
1.21958 -3.15223e-05 -1 0.721162 0.23293 0.001845 12.4905 880161 4 13075.1 8.06006 6.34639 2 1 199.461 6.61421 30.1564 4 3 0.0467606 5.81391e-06 20.0357 2 
1.22142 -3.16028e-05 -1 0.721592 0.232836 0.001845 12.5093 880148 3 9142.52 9.56358 9.85103 2 1 210.382 8.26986 25.4396 4 3 0.0480376 6.26432e-06 19.7198 2 
1.22327 -3.13749e-05 -1 0.722021 0.232745 0.001845 12.5318 879875 5 34802.4 8.30067 5.30273 2 1 226.377 6.2797 36.0491 4 3 0.0491172 1.00031e-05 16.9968 2 
1.22511 -3.09903e-05 -1 0.722451 0.232651 0.001845 12.5547 879576 3 13679.3 11.2225 10.6821 2 1 236.958 7.48789 31.6455 4 3 0.0498195 1.76798e-05 14.1245 2 
1.22696 -3.08625e-05 -1 0.722881 0.232581 0.001845 12.5754 879433 4 11626.7 2.15665 8.5688 2 1 272.978 8.17965 33.3728 4 3 0.0502941 2.16743e-05 13.2391 2 
1.2288 -3.09472e-05 -1 0.72331 0.232478 0.001845 12.5942 879421 3 22676.6 26.1342 9.53798 2 1 277.713 9.8124 28.3022 4 3 0.0502164 2.22244e-05 13.1221 2 
1.23065 -3.13637e-05 -1 0.72374 0.232409 0.001845 12.6111 879543 2 1433.47 8.18226 13.236 2 1 266.363 15.1538 17.5773 4 3 0.0499545 2.3392e-05 12.8776 2 
1.23249 -3.15707e-05 -1 0.724169 0.232307 0.001845 12.6299 879531 3 12019.4 22.4144 8.12429 2 1 307.588 9.98822 30.7951 4 3 0.0495125 8.392e-05 8.38719 2 
1.23434 -3.15322e-05 -1 0.724597 0.232236 0.001845 12.6506 879387 4 11778.8 3.92785 7.40008 2 1 234.753 9.11674 25.7496 4 3 0.0494472 8.03348e-05 8.5064 2 
1.23618 -3.15578e-05 -1 0.725024 0.232154 0.001845 12.6694 879370 3 20171 21.5456 9.78265 2 1 181.06 6.6449 27.2479 4 3 0.0548462 6.50306e-05 9.44807 2 
1.23803 -3.22433e-05 -1 0.725451 0.232055 0.001845 12.6864 879485 2 438.656 3.96151 10.5228 2 1 332.172 9.82451 33.8106 4 3 0.0485143 5.6238e-05 9.51948 2 
1.23987 -3.26194e-05 -1 0.725878 0.231962 0.001845 12.7053 879470 3 13159.7 13.3746 9.94615 2 1 198.068 11.8623 16.6973 4 3 0.0462803 4.6425e-05 9.9896 2 
1.24172 -3.26952e-05 -1 0.726305 0.231873 0.001845 12.7261 879314 4 38640.8 8.82661 8.13417 2 1 201.922 6.20139 32.5608 4 3 0.0455152 3.56564e-05 10.8478 2 
1.24356 -3.29061e-05 -1 0.726732 0.231766 0.001845 12.745 879298 3 12280.9 24.6128 7.93151 2 1 258.844 5.12723 50.4841 4 3 0.0442811 3.04632e-05 11.3279 2 
1.24541 -3.31444e-05 -1 0.727159 0.231696 0.001845 12.7657 879158 4 11864.4 19.833 4.94555 2 1 285.258 7.28738 39.1442 4 3 0.0426874 2.83133e-05 11.4666 2 
1.24725 -3.31555e-05 -1 0.727586 0.231601 0.001845 12.7845 879143 3 14107.2 26.7128 8.08303 2 1 277.282 6.55626 42.2928 4 3 0.0426854 2.78997e-05 11.5229 2 
1.2491 -3.4239e-05 -1 0.728014 0.23152 0.001845 12.8033 879133 3 12514.3 23.5165 8.10359 2 1 257.892 10.9239 23.608 4 3 0.0458207 2.52436e-05 12.1984 2 
1.25094 -3.47577e-05 -1 0.728441 0.231448 0.001845 12.8221 879123 3 11439.5 28.9274 7.34004 2 1 243.749 8.74511 27.8725 4 3 0.0485973 2.32446e-05 12.7868 2 
1.25279 -3.56722e-05 -1 0.728869 0.231353 0.001845 12.841 879105 3 11480.6 27.8027 7.44662 2 1 262.502 9.26135 28.3439 4 3 0.0506225 2.23815e-05 13.1266 2 
1.25463 -3.61759e-05 -1 0.729297 0.231241 0.001845 12.8618 878954 4 24123.5 12.346 6.64857 2 1 177.086 7.52597 23.53 4 3 0.0563046 2.07097e-05 13.9569 2 
1.25648 -3.59037e-05 -1 0.729725 0.231147 0.001845 12.881 878920 3 12831.5 18.4424 8.86107 2 1 385.062 9.82944 39.1744 4 3 0.0485135 1.89792e-05 13.6729 2 
1.25832 -3.58999e-05 -1 0.730152 0.23105 0.001845 12.9018 878774 4 40648.5 5.79575 9.15132 2 1 394.528 15.9757 24.6955 4 3 0.0452615 1.77153e-05 13.6708 2 
1.26017 -3.58574e-05 -1 0.730578 0.230948 0.001845 12.9211 878726 3 11735.9 10.8817 10.2551 2 1 196.612 11.6724 16.8443 4 3 0.0444239 1.74661e-05 13.6502 2 
1.26201 -3.60068e-05 -1 0.731004 0.230878 0.001845 12.9418 878589 3 11438.3 16.2999 8.8864 2 1 232.214 10.5746 21.9597 4 3 0.0486286 1.69338e-05 14.2139 2 
1.26386 -3.59457e-05 -1 0.731429 0.230794 0.001845 12.9626 878442 4 32024 6.55057 8.36179 2 1 215.512 12.5546 17.166 4 3 0.05181 1.62308e-05 14.724 2 
1.2657 -3.57141e-05 -1 0.731853 0.230705 0.001845 12.9833 878300 4 12457.2 4.4019 7.29365 2 1 381.417 9.44119 40.3992 4 3 0.0543527 1.53027e-05 15.2575 2 
1.26755 -3.57657e-05 -1 0.732276 0.230596 0.001845 13.0041 878155 4 41358 14.5925 7.29638 2 1 233.885 13.405 17.4476 4 3 0.060458 1.39661e-05 16.2977 2 
1.26939 -3.48124e-05 -1 0.7327 0.2305 0.001845 13.025 878006 4 44365.1 8.14261 8.59151 2 1 290.157 10.6617 27.215 4 3 0.0631395 1.3095e-05 16.894 2 
1.27124 -3.46551e-05 -1 0.733124 0.23041 0.001845 13.0497 877598 4 11577.7 5.15449 6.88429 2 1 383.643 13.5909 28.2279 4 3 0.0575541 1.31171e-05 16.3712 2 
1.27308 -3.47124e-05 -1 0.733548 0.230316 0.001845 13.0705 877455 4 20443.8 2.85851 9.19614 2 1 295.264 13.111 22.5202 4 3 0.0545765 1.35461e-05 15.9122 2 
1.27493 -3.46047e-05 -1 0.733973 0.230227 0.001845 13.0912 877322 4 18696.7 7.47001 7.07312 2 1 311.023 9.41123 33.0481 4 3 0.0556535 1.39281e-05 15.8684 2 
1.27677 -3.43963e-05 -1 0.734398 0.230135 0.001845 13.1119 877188 4 22870.5 7.35508 7.46745 2 1 648.52 15.313 42.351 4 3 0.054101 1.42925e-05 15.5847 2 
1.27862 -3.40821e-05 -1 0.734823 0.230042 0.001845 13.1307 877178 3 27132 20.9033 10.9083 2 1 744.898 17.5153 42.5283 4 3 0.0525438 1.36602e-05 15.6683 2 
1.28046 -3.39609e-05 -1 0.735248 0.229934 0.001845 13.1514 877042 4 17366.7 9.06287 6.61627 2 1 342.301 12.104 28.28 4 3 0.0529657 1.25837e-05 16.1459 2 
1.28231 -3.37393e-05 -1 0.735674 0.229825 0.001845 13.1702 877033 3 11271.4 10.0236 10.3988 2 1 215.079 8.82278 24.3776 4 3 0.054093 1.08505e-05 17.083 2 
1.28415 -3.37259e-05 -1 0.736099 0.229755 0.001845 13.1911 876888 4 12345 3.56287 7.67226 2 1 478.687 13.257 36.1083 4 3 0.0547595 9.18047e-06 18.1356 2 
1.286 -3.38753e-05 -1 0.736523 0.229662 0.001845 13.2118 876755 4 35226.8 3.24376 10.2084 2 1 253.486 7.05016 35.9546 4 3 0.0552697 8.31526e-06 18.802 2 
1.28784 -3.38147e-05 -1 0.736947 0.229572 0.001845 13.2326 876611 4 25969.8 3.15503 9.52503 2 1 283.153 7.37998 38.3677 4 3 0.0555203 7.87702e-06 19.1733 2 
1.28969 -3.3646e-05 -1 0.73737 0.229487 0.001845 13.2555 876334 3 22635.7 27.8242 9.33521 2 1 319.67 8.72599 36.6342 4 3 0.0554322 8.67709e-06 18.5551 2 
1.29153 -3.39312e-05 -1 0.737793 0.229412 0.001845 13.2744 876324 3 11690.9 27.4202 7.52648 2 1 291.065 15.3246 18.9933 4 3 0.0550199 9.78143e-06 17.7844 2 
1.29338 -3.44982e-05 -1 0.738216 0.229287 0.001845 13.2934 876301 3 12407.4 28.7969 7.55285 2 1 316.301 11.1892 28.2684 4 3 0.0542814 1.03481e-05 17.3752 2 
1.29522 -3.48816e-05 -1 0.738637 0.229201 0.001845 13.3122 876293 3 11335.9 18.0321 8.5665 2 1 305.599 13.5514 22.551 4 3 0.0535464 1.0441e-05 17.245 2 
1.29707 -3.53762e-05 -1 0.739058 0.229114 0.001845 13.3311 876280 3 19558.2 19.7548 9.96672 2 1 238.464 9.51158 25.0709 4 3 0.0542363 1.10257e-05 17.007 2 
1.29891 -3.57283e-05 -1 0.73948 0.229011 0.001845 13.35 876269 3 11593.6 10.0813 10.4769 2 1 261.677 14.9626 17.4887 4 3 0.0539332 1.05492e-05 17.2271 2 
1.30076 -3.58247e-05 -1 0.739902 0.228903 0.001845 13.3688 876259 3 15767.7 12.4156 10.8293 2 1 247.192 14.3666 17.206 4 3 0.050084 1.02474e-05 16.9705 2 
1.3026 -3.57161e-05 -1 0.740323 0.228833 0.001845 13.3877 876245 3 30160.1 29.2402 10.1038 2 1 223.089 16.606 13.4342 4 3 0.0492023 1.0275e-05 16.8553 2 
1.30445 -3.54611e-05 -1 0.740745 0.228743 0.001845 13.4091 876074 4 39221.1 6.76479 8.72603 2 1 215.088 17.0002 12.6521 4 3 0.0480735 1.05386e-05 16.5847 2 
1.30629 -3.56552e-05 -1 0.741167 0.228648 0.001845 13.4281 876050 3 14345.2 21.3286 8.76156 2 1 354.779 19.9592 17.7753 4 3 0.0463702 1.09172e-05 16.1948 2 
1.30814 -3.56894e-05 -1 0.741589 0.228556 0.001845 13.4512 875767 3 12515.4 8.35741 11.4408 2 1 311.455 23.9819 12.9871 4 3 0.0461028 4.12077e-05 10.3812 2 
1.30998 -3.56493e-05 -1 0.742012 0.228463 0.001845 13.47 875760 3 11939.2 24.6526 7.85303 2 1 280.915 21.3663 13.1476 4 3 0.0496607 6.35236e-05 9.21211 2 
1.31183 -3.58617e-05 -1 0.742434 0.228364 0.001845 13.4907 875628 4 14430.7 2.35339 8.84909 2 1 414.899 16.5682 25.0419 4 3 0.0528358 5.23703e-05 10.0295 2 
1.31367 -3.59884e-05 -1 0.742855 0.228258 0.001845 13.5096 875619 3 10769.2 16.6735 8.64408 2 1 265.303 10.9794 24.1636 4 3 0.0553778 4.21907e-05 10.949 2 
1.31552 -3.5877e-05 -1 0.743276 0.228167 0.001845 13.5303 875490 4 24594.3 3.40344 9.21996 2 1 199.886 7.85067 25.461 4 3 0.0614608 3.72685e-05 11.8146 2 
1.31736 -3.60112e-05 -1 0.743697 0.228091 0.001845 13.5497 875442 3 10510.5 4.3344 13.4348 2 1 438.725 7.92293 55.3741 4 3 0.0564969 2.88081e-05 12.5171 2 
1.31921 -3.58904e-05 -1 0.744118 0.227978 0.001845 13.5709 875282 4 43876.2 3.89968 10.2991 2 1 241.917 7.09153 34.1135 4 3 0.0559337 2.31946e-05 13.41 2 
1.32105 -3.58679e-05 -1 0.744538 0.227887 0.001845 13.5898 875272 3 11953 23.8103 7.94763 2 1 236.941 7.39415 32.0444 4 3 0.0568703 2.11907e-05 13.8968 2 
1.3229 -3.55753e-05 -1 0.744958 0.227802 0.001845 13.6106 875142 4 32424.5 4.38996 9.2705 2 1 236.231 6.35461 37.1747 4 3 0.056198 2.02274e-05 14.0581 2 
1.32474 -3.53389e-05 -1 0.745377 0.227708 0.001845 13.6313 875011 4 43888.8 7.24796 8.82134 2 1 235.491 9.23458 25.501 4 3 0.0561529 1.95939e-05 14.2042 2 
1.32659 -3.57167e-05 -1 0.745796 0.227608 0.001845 13.6502 875001 3 13931 13.9499 9.99548 2 1 262.081 9.50258 27.58 4 3 0.0583082 1.58838e-05 15.4262 2 
1.32843 -3.60897e-05 -1 0.746215 0.227523 0.001845 13.671 874866 4 48387.7 9.69642 8.40487 2 1 287.276 10.4598 27.4647 4 3 0.0602278 1.24445e-05 16.915 2 
1.33028 -3.6422e-05 -1 0.746635 0.227418 0.001845 13.6899 874860 3 18205.9 22.7851 9.27942 2 1 273.528 12.3932 22.0709 4 3 0.0685938 1.09519e-05 18.4331 2 
1.33212 -3.63666e-05 -1 0.747054 0.227337 0.001845 13.7087 874853 3 11605.6 14.2728 9.33369 2 1 354.522 11.2104 31.6244 4 3 0.0639205 1.20105e-05 17.4593 2 
1.33397 -3.59568e-05 -1 0.747474 0.227238 0.001845 13.7286 874775 3 16197.1 13.2741 10.6859 2 1 329.985 9.8204 33.602 4 3 0.0589262 1.11005e-05 17.4444 2 
1.33581 -3.56541e-05 -1 0.747893 0.227128 0.001845 13.7522 874468 3 9813.14 15.935 8.50782 2 1 315.725 11.9786 26.3574 4 3 0.0577176 1.02808e-05 17.773 2 
1.33766 -3.55218e-05 -1 0.748313 0.227051 0.001845 13.771 874461 3 13368.9 15.8495 9.44844 2 1 319.492 9.9755 32.0276 4 3 0.0574861 1.01229e-05 17.841 2 
1.3395 -3.54143e-05 -1 0.748732 0.226947 0.001845 13.7899 874455 3 27885.2 25.7406 10.2703 2 1 245.106 8.36529 29.3003 4 3 0.0581926 9.7076e-06 18.1657 2 
1.34135 -3.5845e-05 -1 0.749151 0.226834 0.001845 13.8087 874448 3 11905.3 15.3611 9.18558 2 1 331.993 15.6696 21.1871 4 3 0.058684 8.88136e-06 18.7649 2 
1.34319 -3.61951e-05 -1 0.749569 0.226745 0.001845 13.8294 874328 4 13619.1 3.64774 7.81684 2 1 644.559 14.9183 43.2061 4 3 0.0587399 9.05154e-06 18.6525 2 
1.34504 -3.62025e-05 -1 0.749987 0.226667 0.001845 13.8482 874321 3 9801.06 26.9404 7.13876 2 1 686.705 14.0684 48.8118 4 3 0.05884 9.18517e-06 18.5721 2 
1.34688 -3.61832e-05 -1 0.750404 0.226566 0.001845 13.8689 874196 4 37777.9 11.6496 7.54626 2 1 259.476 17.2816 15.0146 4 3 0.0586871 9.01233e-06 18.6739 2 
1.34873 -3.56682e-05 -1 0.750822 0.226465 0.001845 13.8877 874191 3 10733.2 4.95838 12.9359 2 1 303.726 23.093 13.1523 4 3 0.0571749 8.90093e-06 18.589 2 
1.35057 -3.54107e-05 -1 0.751239 0.226378 0.001845 13.9084 874071 4 23037.1 4.66782 8.38163 2 1 325.459 14.8192 21.962 4 3 0.0588176 8.70223e-06 18.9071 2 
1.35242 -3.54732e-05 -1 0.751657 0.226292 0.001845 13.9291 873948 4 11560.5 10.6864 5.73504 2 1 430.098 16.4317 26.1749 4 3 0.0588669 7.99725e-06 19.4526 2 
1.35426 -3.55651e-05 -1 0.752073 0.226194 0.001845 13.9497 873831 4 10912 5.61621 6.63919 2 1 347.004 8.10762 42.7997 4 3 0.0607564 8.28114e-06 19.4312 2 
1.35611 -3.56804e-05 -1 0.752489 0.226082 0.001845 13.9666 873946 2 3093.33 22.0965 11.8318 2 1 330.273 7.88517 41.8853 4 3 0.0605339 8.41007e-06 19.3078 2 
1.35795 -3.57957e-05 -1 0.752906 0.226006 0.001845 13.9854 873945 3 19629.8 28.573 8.82375 2 1 266.708 10.4062 25.6297 4 3 0.0617178 8.48196e-06 19.3778 2 
1.3598 -3.69558e-05 -1 0.753323 0.22589 0.001845 14.0044 873928 3 12902.4 28.173 7.70807 2 1 236.521 11.4052 20.738 4 3 0.0630566 8.13225e-06 19.7928 2 
1.36164 -3.70722e-05 -1 0.753739 0.225794 0.001845 14.0233 873921 3 11833.7 17.9314 8.70634 2 1 363.712 11.4338 31.8102 4 3 0.0619793 7.44892e-06 20.2637 2 
1.36349 -3.68057e-05 -1 0.754157 0.225707 0.001845 14.0421 873916 3 31576.3 16.8536 12.3279 2 1 212.479 7.72099 27.5196 4 3 0.0614496 6.45657e-06 21.192 2 
1.36533 -3.64272e-05 -1 0.754574 0.225597 0.001845 14.0629 873790 4 41254.1 5.86127 9.15944 2 1 264.711 6.02923 43.9047 4 3 0.0617357 6.44055e-06 21.2424 2 
1.36718 -3.65893e-05 -1 0.75499 0.225523 0.001845 14.0836 873667 4 10156.6 24.2166 4.52541 2 1 326.134 9.50589 34.3086 4 3 0.0612769 7.15647e-06 20.4581 2 
1.36902 -3.66508e-05 -1 0.755406 0.225412 0.001845 14.1042 873551 4 11803.2 3.30425 7.73093 2 1 333.403 12.4697 26.7371 4 3 0.0611321 7.99287e-06 19.7025 2 
1.37087 -3.68996e-05 -1 0.755822 0.225326 0.001845 14.1248 873438 4 11651.7 13.7205 5.39827 2 1 316.048 9.09663 34.7434 4 3 0.0604741 9.02583e-06 18.8521 2 
1.37271 -3.70019e-05 -1 0.756237 0.225218 0.001845 14.1454 873323 4 24431 11.1421 6.84295 2 1 295.996 10.1176 29.2556 4 3 0.0600264 9.01922e-06 18.8101 2 
1.37456 -3.72527e-05 -1 0.756653 0.22512 0.001845 14.1661 873205 4 46512.4 14.4529 7.53187 2 1 545.132 19.7101 27.6575 4 3 0.0617578 8.54297e-06 19.3357 2 
1.3764 -3.66879e-05 -1 0.757068 0.225014 0.001845 14.1867 873091 4 25440.7 8.36725 7.42569 2 1 825.518 23.0304 35.8448 4 3 0.0698444 8.28693e-06 20.3507 2 
1.37825 -3.63675e-05 -1 0.757483 0.22492 0.001845 14.2074 872976 4 48676.1 9.94727 8.36379 2 1 497.8 11.4161 43.6049 4 3 0.0608632 7.87347e-06 19.7726 2 
1.38009 -3.62751e-05 -1 0.757897 0.22483 0.001845 14.2261 872978 3 11449.3 16.5141 8.85065 2 1 256.78 10.3447 24.8224 4 3 0.0589689 8.61806e-06 18.9847 2 
1.38194 -3.6248e-05 -1 0.758311 0.224742 0.001845 14.2502 872652 4 19206.8 5.73808 7.60627 2 1 260.235 11.9038 21.8615 4 3 0.0594202 7.97965e-06 19.5277 2 
1.38378 -3.64151e-05 -1 0.758725 0.22463 0.001845 14.269 872648 3 10579.7 14.038 9.10031 2 1 278.48 13.7822 20.2058 4 3 0.0594416 9.62803e-06 18.345 2 
1.38563 -3.67522e-05 -1 0.759138 0.224538 0.001845 14.2897 872533 4 35713.1 4.3058 9.54319 2 1 267.382 13.4046 19.947 4 3 0.0641077 5.4317e-05 10.568 2 
1.38747 -3.67627e-05 -1 0.759551 0.224437 0.001845 14.3112 872363 4 49147.8 4.90543 10.0048 2 1 271.893 13.2882 20.4613 4 3 0.0688384 5.99178e-05 10.4735 2 
1.38932 -3.68698e-05 -1 0.759965 0.224349 0.001845 14.3326 872209 4 11669 3.82178 7.43348 2 1 285.036 12.8407 22.1978 4 3 0.0788525 4.95637e-05 11.6739 2 
1.39116 -3.69375e-05 -1 0.760379 0.224243 0.001845 14.3566 871888 4 18509.1 5.04737 7.7818 2 1 384.106 7.68038 50.0114 4 3 0.0782175 4.07019e-05 12.4326 2 
1.39301 -3.67684e-05 -1 0.760793 0.224131 0.001845 14.3765 871826 3 9942.46 10.0361 9.96879 2 1 358.159 8.08827 44.2813 4 3 0.0722129 3.46329e-05 12.7754 2 
1.39485 -3.66292e-05 -1 0.761207 0.224045 0.001845 14.3981 871654 4 31073.2 8.67724 7.73572 2 1 351.423 7.59881 46.2472 4 3 0.0670657 2.64332e-05 13.639 2 
1.3967 -3.6577e-05 -1 0.76162 0.22395 0.001845 14.4198 871475 4 11975.1 6.71813 6.49767 2 1 377.991 6.37412 59.3008 4 3 0.0617174 2.18275e-05 14.1406 2 
1.39854 -3.67529e-05 -1 0.762033 0.223864 0.001845 14.4387 871469 3 13367.6 25.094 8.10639 2 1 343.187 7.35157 46.6822 4 3 0.0612848 2.0012e-05 14.5218 2 
1.40039 -3.58603e-05 -1 0.762446 0.223746 0.001845 14.4576 871464 3 29380.9 26.9316 10.2944 2 1 254.608 9.62573 26.4508 4 3 0.0621942 1.94897e-05 14.7225 2 
1.40223 -3.53225e-05 -1 0.762859 0.223662 0.001845 14.4783 871349 4 16537.2 7.0937 6.9486 2 1 337.701 11.4749 29.4296 4 3 0.062386 1.80912e-05 15.108 2 
1.40408 -3.53843e-05 -1 0.763272 0.223588 0.001845 14.4972 871344 3 11265.4 19.0633 8.39169 2 1 231.07 9.37791 24.6399 4 3 0.061795 1.38499e-05 16.4628 2 
1.40592 -3.57309e-05 -1 0.763684 0.223475 0.001845 14.5179 871233 4 11936.3 5.19633 6.92298 2 1 255.731 9.33474 27.3957 4 3 0.0612156 1.12021e-05 17.6138 2 
1.40777 -3.57558e-05 -1 0.764096 0.223377 0.001845 14.5366 871236 3 39580.2 29.1836 11.0691 2 1 277.124 6.42181 43.1536 4 3 0.0605017 1.00803e-05 18.1732 2 
1.40961 -3.59889e-05 -1 0.764508 0.223272 0.001845 14.5555 871235 3 11277.2 24.1107 7.76241 2 1 350.5 10.0958 34.7174 4 3 0.0583765 1.12953e-05 17.2894 2 
1.41146 -3.61531e-05 -1 0.76492 0.223182 0.001845 14.5742 871236 3 24012.9 27.091 9.60593 2 1 360.427 11.5374 31.2398 4 3 0.0562413 9.87856e-06 17.8561 2 
1.4133 -3.64998e-05 -1 0.765332 0.223093 0.001845 14.5949 871128 4 45415 6.52824 9.13273 2 1 343.941 11.7445 29.2853 4 3 0.0574405 9.38677e-06 18.2909 2 
1.41515 -3.68725e-05 -1 0.765742 0.22301 0.001845 14.6136 871130 3 15330.2 28.4377 8.13863 2 1 602.099 13.362 45.0606 4 3 0.0603752 9.1972e-06 18.7241 2 
1.41699 -3.73182e-05 -1 0.766153 0.222907 0.001845 14.6324 871130 3 11664.5 14.4278 9.31586 2 1 340.378 11.7357 29.0037 4 3 0.0618975 8.51179e-06 19.3739 2 
1.41884 -3.73563e-05 -1 0.766563 0.222772 0.001845 14.6512 871135 3 20369.8 17.806 10.4586 2 1 245.052 9.78136 25.0529 4 3 0.0678028 6.52793e-06 21.8185 2 
1.42068 -3.76689e-05 -1 0.766974 0.22273 0.001845 14.67 871134 3 11118.6 21.3907 8.04035 2 1 413.865 10.3202 40.1024 4 3 0.0610267 7.59282e-06 20.0311 2 
1.42253 -3.78115e-05 -1 0.767385 0.222625 0.001845 14.6888 871134 3 10904 19.8312 8.19242 2 1 250.22 12.4141 20.1561 4 3 0.0533563 8.89026e-06 18.1729 2 
1.42437 -3.77235e-05 -1 0.767795 0.222528 0.001845 14.7093 871032 4 44459.3 6.56877 9.07026 2 1 284.522 14.446 19.6956 4 3 0.0483105 1.06767e-05 16.54 2 
1.42622 -3.76533e-05 -1 0.768206 0.222437 0.001845 14.7285 871009 3 11249.3 27.1516 7.45492 2 1 313.49 16.3414 19.1838 4 3 0.0543296 2.28977e-05 13.3377 2 
1.42806 -3.77459e-05 -1 0.768615 0.222342 0.001845 14.7476 870993 3 14532.8 8.7736 11.832 2 1 347.075 10.0993 34.3662 4 3 0.0592052 3.29471e-05 12.1576 2 
1.42991 -3.79733e-05 -1 0.769026 0.222255 0.001845 14.7669 870965 3 10053.6 10.4776 9.86325 2 1 398.105 12.4864 31.8831 4 3 0.0630307 3.54177e-05 12.1184 2 
1.43175 -3.84609e-05 -1 0.769435 0.222151 0.001845 14.7876 870852 4 15037 7.45022 6.70268 2 1 319.962 11.3648 28.1538 4 3 0.0665599 3.92876e-05 11.9212 2 
1.4336 -3.87641e-05 -1 0.769845 0.22205 0.001845 14.8065 870849 3 11314.4 28.3727 7.36056 2 1 310.049 11.0278 28.1153 4 3 0.0694624 4.1698e-05 11.8544 2 
1.43544 -3.89576e-05 -1 0.770255 0.221944 0.001845 14.8272 870740 4 11277.3 2.1015 8.55892 2 1 318.17 9.8909 32.1679 4 3 0.0707762 4.17434e-05 11.9243 2 
1.43729 -3.89164e-05 -1 0.770665 0.221838 0.001845 14.8479 870624 4 51722.3 5.69665 9.76145 2 1 213.837 8.10355 26.388 4 3 0.0779767 3.8394e-05 12.6639 2 
1.43913 -3.83195e-05 -1 0.771074 0.221747 0.001845 14.8675 870579 3 11671 21.756 8.12536 2 1 411.573 9.11666 45.1451 4 3 0.0691486 3.38194e-05 12.6923 2 
1.44098 -3.78302e-05 -1 0.771483 0.221667 0.001845 14.8889 870427 4 49868 8.32182 8.79834 2 1 320.405 11.1392 28.7638 4 3 0.065981 3.01952e-05 12.9766 2 
1.44282 -3.80863e-05 -1 0.771892 0.221562 0.001845 14.9096 870318 4 11921.2 3.77876 7.49451 2 1 240.621 13.4051 17.9499 4 3 0.0725028 2.64049e-05 14.0031 2 
1.44467 -3.82125e-05 -1 0.772301 0.221465 0.001845 14.9285 870316 3 8338.69 18.2324 7.70462 2 1 233.166 10.0417 23.2197 4 3 0.0801756 2.43824e-05 14.8704 2 
1.44651 -3.81835e-05 -1 0.772709 0.221353 0.001845 14.9474 870310 3 37431.7 21.0616 12.1129 2 1 308.406 11.9681 25.769 4 3 0.0803674 2.48663e-05 14.7851 2 
1.44836 -3.79765e-05 -1 0.773117 0.221289 0.001845 14.9683 870194 4 14256 3.71829 7.8689 2 1 363.809 12.739 28.5586 4 3 0.0760232 2.35496e-05 14.7793 2 
1.4502 -3.81071e-05 -1 0.773524 0.221176 0.001845 14.9873 870180 3 11076.7 16.2761 8.79603 2 1 389.786 10.9623 35.557 4 3 0.0714218 2.29443e-05 14.6011 2 
1.45205 -3.81452e-05 -1 0.773933 0.221109 0.001845 15.0062 870174 3 19276.2 27.5288 8.87997 2 1 741.343 14.0064 52.9287 4 3 0.0691841 2.21971e-05 14.6073 2 
1.45389 -3.82419e-05 -1 0.77434 0.220986 0.001845 15.0252 870169 3 10956.5 21.6632 7.96741 2 1 375.318 13.959 26.8872 4 3 0.0701274 2.17075e-05 14.7829 2 
1.45574 -3.82966e-05 -1 0.774748 0.220867 0.001845 15.048 869935 3 11600 15.3257 9.11338 2 1 365.777 10.7023 34.1776 4 3 0.0705787 2.09037e-05 15.002 2 
1.45758 -3.84396e-05 -1 0.775155 0.2208 0.001845 15.0668 869937 3 15657.5 11.5026 11.0826 2 1 347.501 14.0294 24.7695 4 3 0.0702751 1.93988e-05 15.3583 2 
1.45943 -3.84477e-05 -1 0.775561 0.220695 0.001845 15.0875 869831 4 13992.3 3.85884 7.75994 2 1 357.234 13.716 26.0451 4 3 0.0698872 1.71156e-05 15.9834 2 
1.46127 -3.85781e-05 -1 0.775968 0.220589 0.001845 15.1081 869730 4 30979.4 5.56908 8.6362 2 1 281.407 15.6752 17.9523 4 3 0.0689874 1.43515e-05 16.8768 2 
1.46312 -3.84987e-05 -1 0.776374 0.220505 0.001845 15.1268 869738 3 11593.1 26.5431 7.58722 2 1 476.538 17.2299 27.6577 4 3 0.0677895 6.03056e-05 10.3976 2 
1.46496 -3.83864e-05 -1 0.776781 0.220398 0.001845 15.1456 869738 3 11932.3 11.5249 10.1165 2 1 272.23 18.671 14.5804 4 3 0.0663779 6.26997e-05 10.1918 2 
1.46681 -3.84286e-05 -1 0.777187 0.220302 0.001845 15.1681 869531 5 43134.6 8.55375 5.50217 2 1 289.024 9.53241 30.3202 4 3 0.0642734 5.22591e-05 10.7141 2 
1.46865 -3.78821e-05 -1 0.777594 0.220208 0.001845 15.1887 869430 4 9421.29 12.6214 5.22698 2 1 336.132 7.83228 42.9163 4 3 0.0622149 4.26331e-05 11.3427 2 
1.4705 -3.78231e-05 -1 0.778 0.220118 0.001845 15.2093 869327 4 11264 15.5842 5.18504 2 1 384.125 8.63256 44.4973 4 3 0.0597702 3.37573e-05 12.0978 2 
1.47234 -3.81085e-05 -1 0.778406 0.219987 0.001845 15.2281 869333 3 25416.7 28.8923 9.58177 2 1 365.444 7.46539 48.9517 4 3 0.0605925 2.48438e-05 13.4607 2 
1.47419 -3.835e-05 -1 0.778813 0.219903 0.001845 15.2544 868909 3 11327.2 21.435 8.08475 2 1 364.932 8.29696 43.9838 4 3 0.0646068 2.03405e-05 14.6996 2 
1.47603 -3.84958e-05 -1 0.779218 0.219855 0.001845 15.2732 868912 3 10840.3 14.0072 9.18113 2 1 383.054 10.5483 36.3143 4 3 0.0674653 1.90109e-05 15.2531 2 
1.47788 -3.89439e-05 -1 0.779623 0.21972 0.001845 15.2922 868904 3 11449.1 15.2665 9.08539 2 1 261.95 8.39177 31.2151 4 3 0.0726904 1.85463e-05 15.7667 2 
1.47972 -3.93297e-05 -1 0.780028 0.219613 0.001845 15.3109 868908 3 21742.6 19.5644 10.3582 2 1 279.806 7.87022 35.5525 4 3 0.0718045 1.69338e-05 16.1857 2 
1.48157 -3.92485e-05 -1 0.780434 0.219533 0.001845 15.3316 868808 4 49052.9 11.3393 8.10999 2 1 374.738 8.02427 46.7006 4 3 0.0730593 1.47453e-05 17.048 2 
1.48341 -3.96668e-05 -1 0.780839 0.219434 0.001845 15.3522 868708 4 22252.8 5.99666 7.80492 2 1 603.906 16.2079 37.26 4 3 0.0755814 1.51853e-05 17.0738 2 
1.48526 -3.96793e-05 -1 0.781244 0.219331 0.001845 15.3729 868606 4 33696.3 4.57229 9.26536 2 1 283.43 8.58897 32.9993 4 3 0.0749684 1.54719e-05 16.9217 2 
1.4871 -3.9223e-05 -1 0.781648 0.219297 0.001845 15.3916 868614 3 11526.2 24.6164 7.76522 2 1 580.528 10.7687 53.9087 4 3 0.0751043 1.50855e-05 17.0753 2 
1.48895 -3.87467e-05 -1 0.782052 0.219138 0.001845 15.4122 868516 4 50009.3 11.5653 8.10912 2 1 398.761 7.59089 52.5314 4 3 0.0743356 1.40188e-05 17.438 2 
1.49079 -3.93804e-05 -1 0.782456 0.219061 0.001845 15.4328 868416 4 11550 3.69546 7.47702 2 1 830.525 23.2328 35.748 4 3 0.075844 1.29811e-05 18.011 2 
1.49264 -3.94733e-05 -1 0.78286 0.218957 0.001845 15.4563 868158 4 54260.7 9.30129 8.73948 2 1 240.982 11.8306 20.3694 4 3 0.0821447 1.21941e-05 18.8862 2 
1.49448 -3.95084e-05 -1 0.783263 0.218859 0.001845 15.4769 868062 4 32818.8 7.44819 8.14738 2 1 312.582 10.8026 28.9358 4 3 0.0840592 1.14181e-05 19.4535 2 
1.49633 -3.96019e-05 -1 0.783667 0.218747 0.001845 15.4938 868169 2 943.77 7.9084 10.9242 2 1 408.105 13.9085 29.3421 4 3 0.0748544 1.28606e-05 17.9881 2 
1.49817 -3.99273e-05 -1 0.78407 0.218681 0.001845 15.5144 868074 4 27436.3 16.3903 6.39639 2 1 459.171 12.943 35.4763 4 3 0.0742708 1.30879e-05 17.8368 2 
1.50002 -3.95553e-05 -1 0.784473 0.218571 0.001845 15.535 867978 4 11030.9 3.18916 7.66892 2 1 283.308 12.6675 22.365 4 3 0.073231 1.23218e-05 18.1137 2 
1.50186 -3.94509e-05 -1 0.784876 0.218481 0.001845 15.5578 867757 3 11557.2 13.9657 9.3885 2 1 279.314 19.213 14.5377 4 3 0.0733609 1.31029e-05 17.7568 2 
1.50371 -3.94492e-05 -1 0.785279 0.2184 0.001845 15.5766 867763 3 9372.32 27.8073 6.95925 2 1 289.25 21.7368 13.307 4 3 0.0734588 1.38062e-05 17.4578 2 
1.50555 -3.95452e-05 -1 0.785682 0.218301 0.001845 15.5978 867636 4 41384.7 9.49073 8.12616 2 1 285.792 12.3313 23.1761 4 3 0.0731349 1.40908e-05 17.3139 2 
1.5074 -4.00731e-05 -1 0.786085 0.218216 0.001845 15.6192 867496 4 23121.6 10.5946 6.83492 2 1 322.87 13.6355 23.6787 4 3 0.0726233 1.38803e-05 17.3604 2 
1.50924 -3.94486e-05 -1 0.786487 0.218103 0.001845 15.6404 867368 4 18572.7 3.97106 8.26974 2 1 395.576 9.12294 43.3606 4 3 0.0714497 1.30528e-05 17.6238 2 
1.51109 -3.91966e-05 -1 0.786889 0.218085 0.001845 15.6597 867341 3 11774.5 29.3105 7.37859 2 1 405.336 16.5356 24.513 4 3 0.069875 1.20474e-05 17.967 2 
1.51293 -3.9034e-05 -1 0.787291 0.217917 0.001845 15.6822 867143 4 11315.3 3.39815 7.59637 2 1 420.97 14.3605 29.3145 4 3 0.0679009 1.20828e-05 17.7788 2 
1.51478 -3.90783e-05 -1 0.787693 0.217819 0.001845 15.7044 866960 4 19045.7 12.1119 6.29718 2 1 400.592 12.627 31.7249 4 3 0.0674497 1.2096e-05 17.7329 2 
1.51662 -3.8657e-05 -1 0.788095 0.217726 0.001845 15.7232 866964 3 11844.7 10.0405 10.5663 2 1 331.791 8.80855 37.6669 4 3 0.0681913 1.24249e-05 17.6392 2 
1.51847 -3.86198e-05 -1 0.788496 0.217637 0.001845 15.744 866864 4 17004.5 6.98193 7.02501 2 1 273.844 11.2901 24.2552 4 3 0.0741174 1.27584e-05 17.9766 2 
1.52031 -3.83725e-05 -1 0.788897 0.217582 0.001845 15.7627 866871 3 11139.1 23.0313 7.84953 2 1 444.473 8.74083 50.8502 4 3 0.0658911 1.31711e-05 17.1029 2 
1.52216 -3.82562e-05 -1 0.789299 0.217467 0.001845 15.7833 866779 4 31991.3 11.2688 7.29942 2 1 262.508 11.3294 23.1706 4 3 0.0647202 1.34042e-05 16.9018 2 
1.524 -3.81865e-05 -1 0.789699 0.217352 0.001845 15.8039 866688 4 51104 10.3251 8.38765 2 1 292.471 11.0974 26.355 4 3 0.0638263 1.35701e-05 16.7548 2 
1.52585 -3.80486e-05 -1 0.7901 0.217246 0.001845 15.8245 866594 4 11483.4 10.7058 5.72285 2 1 345.854 11.3115 30.5755 4 3 0.0629327 1.28381e-05 16.9874 2 
1.52769 -3.80613e-05 -1 0.790501 0.217114 0.001845 15.8433 866600 3 11909.2 27.7531 7.54265 2 1 402.674 10.8543 37.0982 4 3 0.0631446 1.14908e-05 17.6467 2 
1.52954 -3.8331e-05 -1 0.790901 0.217063 0.001845 15.8641 866497 4 11736.7 2.3536 8.40337 2 1 381.478 12.7737 29.8643 4 3 0.0661708 1.0263e-05 18.6122 2 
1.53138 -3.85181e-05 -1 0.791302 0.216962 0.001845 15.8828 866506 3 11283.4 18.7434 8.44365 2 1 370.989 8.2994 44.7007 4 3 0.0702885 8.56593e-06 20.1699 2 
1.53323 -3.85927e-05 -1 0.791702 0.216936 0.001845 15.9016 866514 3 26632.5 25.9315 10.0893 2 1 364.338 8.60058 42.362 4 3 0.0736892 8.39957e-06 20.6244 2 
1.53507 -3.8987e-05 -1 0.792102 0.216806 0.001845 15.9203 866522 3 9570.84 10.115 9.81736 2 1 339.423 14.1676 23.9576 4 3 0.0757781 9.51636e-06 19.9691 2 
1.53692 -3.90952e-05 -1 0.792502 0.216779 0.001845 15.9392 866527 3 10796.3 20.7932 8.03745 2 1 416.596 10.5019 39.6688 4 3 0.0802156 8.28299e-06 21.3153 2 
1.53876 -3.91198e-05 -1 0.792901 0.216616 0.001845 15.9598 866435 4 51737.6 8.71539 8.77768 2 1 447.012 14.5281 30.7688 4 3 0.0705633 8.54756e-06 20.2106 2 
1.54061 -3.92781e-05 -1 0.7933 0.216526 0.001845 15.9804 866340 4 16741.8 4.45365 7.83018 2 1 264.74 8.37012 31.6292 4 3 0.06833 5.00642e-05 11.0925 2 
1.54245 -3.92986e-05 -1 0.793699 0.216441 0.001845 16.001 866251 4 56871.5 4.97973 10.3377 2 1 313.246 11.1626 28.0621 4 3 0.0760347 8.39992e-05 9.67339 2 
1.5443 -3.9767e-05 -1 0.794098 0.21636 0.001845 16.0227 866098 4 36769.9 6.83594 8.56394 2 1 288.175 17.6851 16.2947 4 3 0.0865093 7.05807e-05 10.7018 2 
1.54614 -4.01112e-05 -1 0.794497 0.216231 0.001845 16.0397 866201 2 2171.58 11.0389 14.0257 2 1 257.317 9.45924 27.2028 4 3 0.0977362 5.80274e-05 11.898 2 
1.54799 -4.02011e-05 -1 0.794896 0.216143 0.001845 16.0585 866207 3 18427.7 14.6988 10.7828 2 1 460.884 8.9292 51.6154 4 3 0.0953199 5.09432e-05 12.3225 2 
1.54983 -4.05283e-05 -1 0.795294 0.216058 0.001845 16.0773 866213 3 8782.01 19.8642 7.61801 2 1 460.402 10.9227 42.1509 4 3 0.0918267 3.99354e-05 13.1989 2 
1.55168 -4.0561e-05 -1 0.795693 0.216002 0.001845 16.0962 866218 3 15977.2 19.9893 9.28043 2 1 416.999 10.6625 39.1091 4 3 0.0839474 3.21161e-05 13.7751 2 
1.55352 -4.09772e-05 -1 0.796091 0.215889 0.001845 16.1149 866226 3 11105.2 19.0782 8.34956 2 1 430.965 11.1257 38.7359 4 3 0.0773007 2.92069e-05 13.8325 2 
1.55537 -4.08882e-05 -1 0.796489 0.215783 0.001845 16.135 866166 3 13027.9 8.02791 11.7514 2 1 428.01 12.7811 33.4877 4 3 0.076343 2.80648e-05 13.9595 2 
1.55721 -4.0761e-05 -1 0.796887 0.215687 0.001845 16.1538 866172 3 15410 21.3615 8.96856 2 1 984.947 25.6778 38.358 4 3 0.0765898 2.69117e-05 14.1713 2 
1.55906 -4.07417e-05 -1 0.797285 0.215664 0.001845 16.1726 866178 3 28843.5 25.6524 10.3986 2 1 295.33 6.93923 42.5595 4 3 0.0763075 2.21134e-05 15.1114 2 
1.5609 -4.09286e-05 -1 0.797683 0.215476 0.001845 16.1914 866184 3 8414.68 16.1192 8.0519 2 1 303.566 8.58166 35.3738 4 3 0.0749392 1.79984e-05 16.0876 2 
1.56275 -4.10084e-05 -1 0.79808 0.215403 0.001845 16.212 866092 4 11118.4 6.91941 6.3313 2 1 313.607 11.2666 27.8351 4 3 0.073845 1.47589e-05 17.1036 2 
1.56459 -4.10864e-05 -1 0.798478 0.215248 0.001845 16.231 866087 3 44123.2 27.6474 11.6861 2 1 321.577 6.66877 48.2213 4 3 0.0721843 1.68409e-05 16.244 2 
1.56644 -4.18159e-05 -1 0.798875 0.215238 0.001845 16.2534 865905 3 10850.9 17.1812 8.57967 2 1 495.288 11.9407 41.4788 4 3 0.069356 1.4907e-05 16.6942 2 
1.56828 -4.19702e-05 -1 0.799272 0.215173 0.001845 16.2723 865903 3 25019.4 27.4332 9.69767 2 1 443.368 9.81824 45.1576 4 3 0.0663391 1.43552e-05 16.6566 2 
1.57013 -4.22199e-05 -1 0.799669 0.215036 0.001845 16.2929 865815 4 11448.1 3.34898 7.64637 2 1 683.411 24.5079 27.8853 4 3 0.0662408 1.38505e-05 16.8482 2 
1.57197 -4.22559e-05 -1 0.800065 0.214922 0.001845 16.3117 865823 3 11159.4 18.9718 8.37874 2 1 439.353 11.9072 36.8981 4 3 0.0704148 1.36001e-05 17.2998 2 
1.57382 -4.24388e-05 -1 0.800461 0.214857 0.001845 16.3304 865831 3 10452.6 5.17006 12.6447 2 1 454.664 11.6503 39.0259 4 3 0.0723993 9.88435e-06 19.4206 2 
1.57566 -4.27266e-05 -1 0.800857 0.214765 0.001845 16.3491 865842 3 21087.3 18.8385 10.383 2 1 346.886 12.4427 27.8786 4 3 0.0733447 7.44073e-06 21.4413 2 
1.57751 -4.28624e-05 -1 0.801252 0.214646 0.001845 16.368 865847 3 15127.8 14.0308 10.2541 2 1 328.605 11.4591 28.6762 4 3 0.0811741 8.77204e-06 20.9945 2 
1.57935 -4.31197e-05 -1 0.801648 0.214591 0.001845 16.3886 865758 4 51027.2 13.6587 7.81804 2 1 436.891 11.1895 39.0449 4 3 0.084013 8.13252e-06 21.7791 2 
1.5812 -4.25561e-05 -1 0.802044 0.214484 0.001845 16.4092 865671 4 35005.4 6.17564 8.67687 2 1 685.39 22.2304 30.8312 4 3 0.0841495 8.55139e-06 21.4291 2 
1.58304 -4.26457e-05 -1 0.802439 0.214379 0.001845 16.428 865678 3 11423.6 15.045 9.12299 2 1 354.944 12.3966 28.6323 4 3 0.0854171 7.30242e-06 22.7 2 
1.58489 -4.29947e-05 -1 0.802834 0.214304 0.001845 16.4527 865373 4 54943.1 14.3065 7.87219 2 1 416.437 8.18511 50.8773 4 3 0.0844111 7.32321e-06 22.5891 2 
1.58673 -4.24692e-05 -1 0.803229 0.214206 0.001845 16.4733 865285 4 11070.4 3.22611 7.65369 2 1 408.467 6.88164 59.356 4 3 0.0838263 7.65686e-06 22.2046 2 
1.58858 -4.25802e-05 -1 0.803624 0.214134 0.001845 16.492 865294 3 9651.75 15.4548 8.54767 2 1 862.953 29.1305 29.6237 4 3 0.0847699 7.92302e-06 22.0352 2 
1.59042 -4.29227e-05 -1 0.804019 0.214 0.001845 16.5108 865304 3 57182.8 25.3297 13.1183 2 1 388.088 8.9756 43.2381 4 3 0.0856573 8.06e-06 21.9858 2 
1.59227 -4.40618e-05 -1 0.804414 0.213924 0.001845 16.5295 865317 3 11433.2 23.522 7.86257 2 1 273.89 11.9825 22.8575 4 3 0.0919087 8.62885e-06 22.0023 2 
1.59411 -4.4571e-05 -1 0.804809 0.213833 0.001845 16.5486 865307 3 27725.1 19.4625 11.2519 2 1 415.623 16.0923 25.8274 4 3 0.0801451 8.32032e-06 21.2771 2 
1.59596 -4.48247e-05 -1 0.805204 0.213756 0.001845 16.5674 865315 3 2428.24 12.3901 5.80861 2 1 255.475 10.2928 24.8208 4 3 0.0831959 7.91363e-06 21.9066 2 
1.5978 -4.48463e-05 -1 0.805598 0.213656 0.001845 16.588 865226 4 14488.4 9.02921 6.32911 2 1 482.499 9.85001 48.9846 4 3 0.0831014 7.73909e-06 22.0617 2 
1.59965 -4.49141e-05 -1 0.805993 0.213587 0.001845 16.6068 865235 3 10729.2 24.4954 7.59441 2 1 318.869 7.74229 41.1854 4 3 0.0817234 7.98162e-06 21.7146 2 
1.60149 -4.5669e-05 -1 0.806387 0.213483 0.001845 16.6253 865257 4 10175.3 8.31273 5.91495 2 1 488.332 13.4025 36.4358 4 2 0.0795855 9.64076e-05 28.7317 2 
1.60334 -4.5956e-05 -1 0.806781 0.213415 0.001845 16.6478 865073 4 39792.8 6.63555 8.79998 2 1 325.881 11.3931 28.6033 4 2 0.077922 9.27301e-05 28.9881 2 
1.60518 -4.6174e-05 -1 0.807174 0.213304 0.001845 16.6662 865098 4 10819.7 3.26923 7.58478 2 1 368.653 10.9351 33.7128 4 2 0.0761193 9.0368e-05 29.0229 2 
1.60703 -4.62895e-05 -1 0.807567 0.213212 0.001845 16.6868 865013 4 32805.3 7.53299 8.12352 2 1 445.216 9.96339 44.6852 4 3 0.0740496 7.36698e-06 21.5813 2 
1.60887 -4.66493e-05 -1 0.807959 0.213125 0.001845 16.7074 864927 4 31905.4 5.94222 8.5601 2 1 1651.35 44.6781 36.961 4 3 0.0717078 1.44554e-05 17.0548 2 
1.61072 -4.69176e-05 -1 0.808352 0.213033 0.001845 16.7262 864936 3 18794.4 9.34384 12.6232 2 1 2319.93 71.1413 32.6102 4 3 0.0695616 6.48435e-06 22.0547 2 
1.61256 -4.73333e-05 -1 0.808745 0.212945 0.001845 16.7468 864848 4 51414.3 9.7021 8.53207 2 1 603.698 24.9414 24.2047 4 3 0.0723995 6.25951e-06 22.6151 2 
1.61441 -4.69416e-05 -1 0.809138 0.212846 0.001845 16.7653 864874 4 24981.5 7.8899 7.5013 2 1 396.641 14.0165 28.2981 4 2 0.0716006 8.55771e-05 28.9254 2 
1.61625 -4.69313e-05 -1 0.80953 0.212767 0.001845 16.7837 864899 4 11313.8 2.41401 8.27404 2 1 330.083 17.8751 18.4661 4 2 0.0768783 8.65917e-05 29.7964 2 
1.6181 -4.70095e-05 -1 0.809922 0.212669 0.001845 16.8044 864812 4 31986.4 11.3656 7.28355 2 1 433.809 19.4918 22.256 4 3 0.0636407 1.01996e-05 18.4099 2 
1.61994 -4.67301e-05 -1 0.810314 0.212582 0.001845 16.825 864724 4 48267.3 8.98738 8.56062 2 1 692.431 20.2947 34.1188 4 3 0.0623653 5.24272e-05 10.5957 2 
1.62179 -4.70878e-05 -1 0.810706 0.212493 0.001845 16.8444 864701 3 10753.6 11.5707 9.75883 2 1 375.619 22.1963 16.9226 4 3 0.0625531 5.71706e-05 10.3045 2 
1.62363 -4.80364e-05 -1 0.811097 0.212409 0.001845 16.8622 864758 2 990.767 9.11231 10.4273 2 1 441.41 15.9581 27.6605 4 3 0.0677967 4.72641e-05 11.2778 2 
1.62548 -4.8444e-05 -1 0.811489 0.212318 0.001845 16.8834 864643 4 22769.8 5.14946 8.15454 2 1 444.163 11.7627 37.7604 4 3 0.0730189 3.91088e-05 12.3136 2 
1.62732 -4.86448e-05 -1 0.811881 0.212228 0.001845 16.9005 864738 2 809.213 7.32336 10.5118 2 1 433.532 9.93791 43.624 4 3 0.0772078 3.3919e-05 13.1544 2 
1.62917 -4.86525e-05 -1 0.812273 0.212124 0.001845 16.921 864659 3 26468.2 12.6341 12.7956 2 1 391.103 10.0858 38.7777 4 3 0.0809774 2.61902e-05 14.5683 2 
1.63101 -4.826e-05 -1 0.812664 0.212069 0.001845 16.9415 864582 3 11317 26.1892 7.56027 2 1 398.843 7.84886 50.8155 4 3 0.0815755 2.18257e-05 15.519 2 
1.63286 -4.84583e-05 -1 0.813056 0.21195 0.001845 16.9623 864488 4 55492.6 7.82242 9.17748 2 1 304.329 11.926 25.518 4 3 0.0868388 2.05612e-05 16.1642 2 
1.6347 -4.89111e-05 -1 0.813447 0.211878 0.001845 16.9812 864491 3 9066.21 11.0576 9.35955 2 1 427.336 8.68247 49.2182 4 3 0.0757368 1.98857e-05 15.6167 2 
1.63655 -4.90891e-05 -1 0.813838 0.211782 0.001845 17.0021 864391 4 57220 7.13263 9.46399 2 1 270.013 9.61848 28.0724 4 3 0.0859623 1.85485e-05 16.6724 2 
1.63839 -4.84647e-05 -1 0.814228 0.211698 0.001845 17.0229 864298 4 21170 5.60389 7.83985 2 1 312.55 9.77389 31.978 4 3 0.0945324 1.44801e-05 18.6897 2 
1.64024 -4.81497e-05 -1 0.814618 0.211613 0.001845 17.0436 864208 4 36776.7 6.57065 8.6495 2 1 285.672 10.5144 27.1697 4 3 0.104261 1.19484e-05 20.5875 2 
1.64208 -4.83248e-05 -1 0.815008 0.21149 0.001845 17.0625 864212 3 13214.5 23.5446 8.2487 2 1 451.641 9.81588 46.0112 4 3 0.102113 1.13681e-05 20.7873 2 
1.64393 -4.85534e-05 -1 0.815398 0.211426 0.001845 17.0813 864221 3 18418.8 13.5256 11.0841 2 1 498.026 10.2978 48.3622 4 3 0.0977854 1.19274e-05 20.164 2 
1.64577 -4.82058e-05 -1 0.815788 0.211335 0.001845 17.1001 864229 3 11567.2 19.4649 8.40735 2 1 488.526 9.01265 54.2045 4 3 0.0895547 1.07506e-05 20.2715 2 
1.64762 -4.8015e-05 -1 0.816178 0.211258 0.001845 17.1207 864145 4 11420 3.62062 7.49412 2 1 455.864 12.3056 37.0454 4 3 0.0844389 1.02718e-05 20.1821 2 
1.64946 -4.8067e-05 -1 0.816568 0.211186 0.001845 17.1395 864154 3 14916.1 26.3846 8.26865 2 1 459.626 9.68027 47.4806 4 3 0.0845676 1.00823e-05 20.3181 2 
1.65131 -4.77519e-05 -1 0.816957 0.21107 0.001845 17.1584 864154 3 13402.9 15.8128 9.46375 2 1 450.114 11.6406 38.6675 4 3 0.0839361 9.19872e-06 20.8965 2 
1.65315 -4.74323e-05 -1 0.817346 0.210996 0.001845 17.1772 864161 3 11373.3 18.8513 8.44984 2 1 324.838 11.9985 27.0733 4 3 0.0832176 9.57261e-06 20.5618 2 
1.655 -4.71408e-05 -1 0.817735 0.210914 0.001845 17.1961 864168 3 28578.7 27.3848 10.1433 2 1 452.777 11.9544 37.8752 4 3 0.0877831 8.9812e-06 21.3809 2 
1.65684 -4.70585e-05 -1 0.818124 0.210835 0.001845 17.2149 864176 3 20036.1 17.4313 10.4752 2 1 321.077 11.8529 27.0885 4 3 0.091813 9.1474e-06 21.5709 2 
1.65869 -4.78026e-05 -1 0.818512 0.210748 0.001845 17.2355 864092 4 46517.2 6.60515 9.16078 2 1 367.651 19.5269 18.8279 4 3 0.0922114 1.08907e-05 20.3818 2 
1.66053 -4.75999e-05 -1 0.8189 0.210653 0.001845 17.2601 863807 2 968.756 5.67399 13.0666 2 1 365.775 15.2831 23.9333 4 3 0.0938691 1.12563e-05 20.2788 2 
1.66238 -4.74946e-05 -1 0.819289 0.210558 0.001845 17.2799 863767 3 11161.7 23.4109 7.81216 2 1 474.668 16.0233 29.6236 4 3 0.0932932 9.29499e-06 21.5708 2 
1.66422 -4.73966e-05 -1 0.819678 0.21048 0.001845 17.2988 863770 3 24847.2 24.6286 10.0295 2 1 464.873 8.85737 52.4843 4 3 0.0929406 7.59807e-06 23.041 2 
1.66607 -4.75671e-05 -1 0.820066 0.210463 0.001845 17.3177 863775 3 12711.1 24.0982 8.07978 2 1 449.126 15.8644 28.3102 4 3 0.0914071 7.32936e-06 23.1902 2 
1.66791 -4.82769e-05 -1 0.820454 0.210313 0.001845 17.3384 863686 4 10913.2 1.66014 9.00435 2 1 443.025 8.20517 53.9934 4 3 0.0900758 7.13433e-06 23.2855 2 
1.66976 -4.84963e-05 -1 0.820842 0.210235 0.001845 17.3573 863690 3 11273.2 14.5653 9.18143 2 1 369.106 7.49081 49.2744 4 3 0.087593 7.70693e-06 22.4834 2 
1.6716 -4.84994e-05 -1 0.821229 0.210148 0.001845 17.3781 863601 4 55512 7.65959 9.22668 2 1 348.576 6.40112 54.4554 4 3 0.0853602 8.33654e-06 21.7148 2 
1.67345 -4.90057e-05 -1 0.821616 0.210081 0.001845 17.4002 863447 4 52045.2 8.76802 8.77748 2 1 444.366 9.36072 47.4714 4 3 0.0842064 9.00567e-06 21.0673 2 
1.67529 -4.97379e-05 -1 0.822003 0.209971 0.001845 17.4191 863447 3 18927.5 19.8506 9.84251 2 1 738.193 12.9112 57.1748 4 3 0.083848 1.08594e-05 19.765 2 
1.67714 -4.98932e-05 -1 0.822391 0.2099 0.001845 17.442 863253 3 33874.3 15.7743 12.9015 2 1 425.442 9.6492 44.091 4 3 0.0831975 1.29931e-05 18.5694 2 
1.67898 -4.99515e-05 -1 0.822778 0.209824 0.001845 17.461 863255 3 16719.4 25.9158 8.64077 2 1 465.826 8.57782 54.3058 4 3 0.0851721 1.55515e-05 17.6269 2 
1.68083 -4.99099e-05 -1 0.823166 0.209704 0.001845 17.4836 863077 5 61119.2 10.3766 5.67576 2 1 461.805 10.0469 45.9649 4 3 0.0908998 1.88002e-05 16.9096 2 
1.68267 -4.90331e-05 -1 0.823553 0.209633 0.001845 17.5044 862984 4 14451.6 12.3064 5.85392 2 1 824.172 14.7349 55.9334 4 3 0.093273 1.92743e-05 16.9145 2 
1.68452 -4.90308e-05 -1 0.82394 0.209569 0.001845 17.5233 862990 3 12794.7 22.5228 8.28201 2 1 345.467 10.5428 32.7682 4 3 0.0998743 1.86641e-05 17.491 2 
1.68636 -5.0162e-05 -1 0.824327 0.209474 0.001845 17.544 862908 4 11271 8.25428 6.07884 2 1 390.255 12.1855 32.0261 4 3 0.0961613 1.80495e-05 17.4654 2 
1.68821 -5.06303e-05 -1 0.824713 0.209389 0.001845 17.5627 862918 3 11402.2 15.1047 9.10525 2 1 466.099 12.3755 37.6631 4 3 0.0897063 1.90657e-05 16.7568 2 
1.69005 -5.08762e-05 -1 0.825099 0.209354 0.001845 17.5815 862928 3 27002.3 22.9821 10.5521 2 1 279.741 13.4705 20.7669 4 3 0.0851601 1.92053e-05 16.4288 2 
1.6919 -5.09365e-05 -1 0.825485 0.209245 0.001845 17.6004 862933 3 8684.33 12.6623 8.81877 2 1 1272.99 25.3995 50.1187 4 3 0.0841815 1.97117e-05 16.2242 2 
1.69374 -5.11086e-05 -1 0.825871 0.209156 0.001845 17.621 862853 4 11265.8 3.73388 7.4114 2 1 345.97 13.8644 24.9538 4 3 0.0827137 2.01135e-05 16.0213 2 
1.69559 -5.10784e-05 -1 0.826256 0.209107 0.001845 17.6439 862665 3 18173.9 27.2117 8.74106 2 1 352.154 9.83484 35.8068 4 3 0.0810985 2.34267e-05 15.1275 2 
1.69743 -5.2076e-05 -1 0.826641 0.208985 0.001845 17.6645 862582 4 41573 9.484 8.13682 2 1 348.728 15.5727 22.3935 4 3 0.0788056 2.69738e-05 14.2957 2 
1.69928 -5.22004e-05 -1 0.827027 0.208906 0.001845 17.6834 862589 3 23087.7 20.8393 10.3474 2 1 446.689 11.301 39.5263 4 3 0.0754218 5.08027e-05 11.4078 2 
1.70112 -5.22742e-05 -1 0.827412 0.208833 0.001845 17.7022 862597 3 10714.4 18.0631 8.40219 2 1 490.527 12.7376 38.5101 4 3 0.0714126 5.72094e-05 10.7672 2 
1.70297 -5.23907e-05 -1 0.827797 0.208733 0.001845 17.7211 862603 3 8538.49 9.60146 9.61645 2 1 479.814 10.0547 47.7202 4 3 0.0732934 4.81712e-05 11.5016 2 
1.70481 -5.24289e-05 -1 0.82818 0.208643 0.001845 17.7401 862600 3 11506.3 14.2281 9.31673 2 1 883.86 35.3468 25.0054 4 3 0.0756791 4.5449e-05 11.8527 2 
1.70666 -5.26996e-05 -1 0.828565 0.208549 0.001845 17.7591 862603 3 19333.5 19.4017 9.98827 2 1 418.768 8.60443 48.6689 4 3 0.0781851 4.77864e-05 11.7835 2 
1.7085 -5.30265e-05 -1 0.828949 0.208458 0.001845 17.7779 862611 3 11034.8 26.5923 7.45882 2 1 441.751 17.4239 25.3532 4 3 0.0845923 4.86396e-05 12.0258 2 
1.71035 -5.31183e-05 -1 0.829333 0.208399 0.001845 17.7971 862601 3 10726.9 9.01942 10.5949 2 1 503.622 10.7572 46.8173 4 3 0.0782908 4.59432e-05 11.9444 2 
1.71219 -5.32634e-05 -1 0.829717 0.208324 0.001845 17.818 862511 4 50186.5 8.21361 8.84124 2 1 281.047 11.7764 23.8652 4 3 0.0807972 4.41391e-05 12.2328 2 
1.71404 -5.32533e-05 -1 0.830102 0.208233 0.001845 17.841 862317 3 9858.54 25.0418 7.32907 2 1 329.284 19.8231 16.6111 4 3 0.0905875 4.24174e-05 12.8778 2 
1.71588 -5.30157e-05 -1 0.830487 0.208148 0.001845 17.86 862318 3 16963.8 28.9005 8.37283 2 1 459.102 14.3761 31.935 4 3 0.093966 4.0605e-05 13.2271 2 
1.71773 -5.29506e-05 -1 0.830872 0.208096 0.001845 17.8788 862324 3 11154.9 18.6652 8.42321 2 1 458.884 14.3846 31.901 4 3 0.093166 3.91263e-05 13.3535 2 
1.71957 -5.31536e-05 -1 0.831256 0.208003 0.001845 17.8995 862244 4 56906.6 6.68938 9.60382 2 1 432.098 13.352 32.362 4 3 0.0922061 3.74834e-05 13.4992 2 
1.72142 -5.31971e-05 -1 0.83164 0.207919 0.001845 17.9201 862166 4 60360.8 15.1106 7.95002 2 1 1143.13 16.4387 69.5392 4 3 0.0925962 3.56817e-05 13.742 2 
1.72326 -5.34584e-05 -1 0.832024 0.20782 0.001845 17.9389 862175 3 10982.6 17.6097 8.54381 2 1 417.874 18.4212 22.6844 4 3 0.0957009 3.31971e-05 14.2322 2 
1.72511 -5.38216e-05 -1 0.832408 0.207748 0.001845 17.9596 862095 4 26032.7 5.0374 8.47867 2 1 426.518 12.0522 35.3894 4 3 0.0913185 3.03675e-05 14.4339 2 
1.72695 -5.39824e-05 -1 0.832791 0.207663 0.001845 17.9802 862016 4 11056.6 2.32667 8.30274 2 1 347.783 11.6162 29.9396 4 3 0.0959054 2.84316e-05 14.9973 2 
1.7288 -5.40743e-05 -1 0.833174 0.207583 0.001845 17.999 862027 3 8899.13 19.8647 7.65165 2 1 364.172 13.8931 26.2123 4 3 0.0969731 2.65065e-05 15.4087 2 
1.73064 -5.42449e-05 -1 0.833556 0.207506 0.001845 18.0178 862036 3 11090.3 27.7096 7.3695 2 1 406.2 8.88292 45.7282 4 3 0.0944936 2.4188e-05 15.7495 2 
1.73249 -5.42123e-05 -1 0.833939 0.207412 0.001845 18.0426 861759 4 41056.3 23.153 6.48923 2 1 371.464 10.9948 33.7855 4 3 0.0913953 2.15967e-05 16.175 2 
1.73433 -5.36084e-05 -1 0.834321 0.207349 0.001845 18.0614 861769 3 21557 24.9068 9.52993 2 1 344.538 8.80939 39.1104 4 3 0.0867743 1.87584e-05 16.6622 2 
1.73618 -5.35167e-05 -1 0.834703 0.207262 0.001845 18.0803 861778 3 11309.7 19.7493 8.30424 2 1 717.551 29.956 23.9535 4 3 0.0817865 1.74403e-05 16.7382 2 
1.73802 -5.37797e-05 -1 0.835084 0.207194 0.001845 18.101 861696 4 53163.7 19.2264 7.25152 2 1 486.051 12.4185 39.1391 4 3 0.0788565 1.69119e-05 16.7064 2 
1.73987 -5.33647e-05 -1 0.835464 0.207105 0.001845 18.1206 861668 3 7542.14 22.3156 6.96566 2 1 499.122 12.8225 38.9254 4 3 0.0765732 1.73512e-05 16.4027 2 
1.74171 -5.33854e-05 -1 0.835845 0.20703 0.001845 18.14 861651 3 17826.7 26.4481 8.76783 2 1 453.681 14.5618 31.1556 4 3 0.0754587 1.7705e-05 16.2133 2 
1.74356 -5.37213e-05 -1 0.836227 0.20694 0.001845 18.1591 861649 3 11376.4 16.9806 8.75017 2 1 418.432 12.365 33.84 4 3 0.0749239 1.75235e-05 16.2306 2 
1.7454 -5.42536e-05 -1 0.836608 0.206858 0.001845 18.1813 861495 4 10817.8 3.48816 7.46253 2 1 394.631 10.2055 38.6685 4 3 0.0814451 1.66045e-05 16.9908 2 
1.74725 -5.43146e-05 -1 0.83699 0.206807 0.001845 18.202 861413 3 14995.9 15.1337 9.96957 2 1 506.024 12.529 40.3881 4 3 0.0737296 1.54165e-05 16.8481 2 
1.74909 -5.47946e-05 -1 0.837372 0.206701 0.001845 18.2228 861331 4 49909.9 7.7689 8.95276 2 1 324.884 7.97553 40.7351 4 3 0.0760736 1.51415e-05 17.1273 2 
1.75094 -5.50221e-05 -1 0.837754 0.206607 0.001845 18.2457 861147 3 12871.7 19.6581 8.68357 2 1 366.081 7.87292 46.4987 4 3 0.0784711 1.48254e-05 17.4275 2 
1.75278 -5.49616e-05 -1 0.838136 0.206548 0.001845 18.2682 860985 3 11294 12.2605 9.73 2 1 1042.93 20.5475 50.7568 4 3 0.0808981 1.44592e-05 17.7527 2 
1.75463 -5.50406e-05 -1 0.838518 0.206479 0.001845 18.287 860995 3 7681.72 17.1359 7.65333 2 1 476.759 8.92026 53.4468 4 3 0.0833849 1.40788e-05 18.0929 2 
1.75647 -5.55265e-05 -1 0.8389 0.206394 0.001845 18.3058 861008 3 10569.1 21.9375 7.83941 2 1 460.48 10.8585 42.4071 4 3 0.0858365 1.36857e-05 18.4417 2 
1.75832 -5.57385e-05 -1 0.839281 0.206301 0.001845 18.3246 861017 3 11261.2 25.5976 7.60552 2 1 452.216 11.0207 41.0333 4 3 0.0883387 1.32741e-05 18.8097 2 
1.76016 -5.59564e-05 -1 0.839662 0.206213 0.001845 18.3453 860940 4 24513 18.0319 6.0721 2 1 428.326 12.3468 34.6914 4 3 0.0908279 1.29093e-05 19.1619 2 
1.76201 -5.52613e-05 -1 0.840042 0.206139 0.001845 18.366 860862 4 61938.3 7.34315 9.58339 2 1 256.559 10.7722 23.8168 4 3 0.0925931 1.19517e-05 19.7871 2 
1.76385 -5.52259e-05 -1 0.840423 0.206045 0.001845 18.3848 860871 3 11405.1 25.1449 7.68334 2 1 414.64 20.1451 20.5827 4 3 0.0939333 1.11668e-05 20.3375 2 
1.7657 -5.57674e-05 -1 0.840803 0.205957 0.001845 18.4036 860881 3 10753.7 21.4385 7.94549 2 1 599.176 21.6926 27.6213 4 3 0.103105 1.12185e-05 20.9467 2 
1.76754 -5.60505e-05 -1 0.841182 0.205895 0.001845 18.4225 860886 3 7995.9 6.58329 10.6694 2 1 312.013 14.1868 21.9932 4 3 0.109439 1.07291e-05 21.6872 2 
1.76939 -5.62575e-05 -1 0.841562 0.205831 0.001845 18.4473 860618 4 36642.3 7.31791 8.41199 2 1 423.298 14.4849 29.2235 4 3 0.108555 1.06895e-05 21.6553 2 
1.77123 -5.62218e-05 -1 0.841941 0.205819 0.001845 18.4662 860627 3 34168 15.0889 13.1317 2 1 457.307 12.939 35.3433 4 3 0.106238 1.07343e-05 21.4702 2 
1.77308 -5.59259e-05 -1 0.842319 0.205689 0.001845 18.4849 860641 3 10256.8 12.7129 9.30941 2 1 508.586 11.3508 44.8063 4 3 0.105273 1.05389e-05 21.5364 2 
1.77492 -5.60166e-05 -1 0.842696 0.20559 0.001845 18.5055 860567 4 17888.7 8.75337 6.72359 2 1 502.939 13.4696 37.3389 4 3 0.104679 1.03203e-05 21.6465 2 
1.77677 -5.57828e-05 -1 0.843074 0.205518 0.001845 18.5248 860557 3 10732.6 24.5503 7.58955 2 1 502.415 13.5836 36.987 4 3 0.102973 1.03856e-05 21.4832 2 
1.77861 -5.5635e-05 -1 0.843452 0.205442 0.001845 18.5462 860446 4 30474.1 5.21805 8.74189 2 1 479.453 15.8368 30.2746 4 3 0.101365 3.48881e-05 14.2693 2 
1.78046 -5.53104e-05 -1 0.843831 0.205365 0.001845 18.5652 860450 3 14901 24.5688 8.46469 2 1 467.679 16.6055 28.1641 4 3 0.0991396 6.31655e-05 11.6213 2 
1.7823 -5.45736e-05 -1 0.844209 0.205286 0.001845 18.5841 860455 3 11167.6 10.9901 10.0535 2 1 899.744 12.3688 72.7427 4 3 0.0969611 5.37847e-05 12.1706 2 
1.78415 -5.45125e-05 -1 0.844588 0.205196 0.001845 18.6035 860441 3 28443.8 18.0063 11.6463 2 1 444.569 16.2391 27.3765 4 3 0.0940977 4.43629e-05 12.8485 2 
1.78599 -5.43444e-05 -1 0.844967 0.205134 0.001845 18.6226 860434 3 11265.2 27.4913 7.42758 2 1 379.964 10.1691 37.3647 4 3 0.0911516 3.65302e-05 13.5635 2 
1.78784 -5.39047e-05 -1 0.845346 0.20505 0.001845 18.6474 860169 4 44288.9 6.40492 9.11896 2 1 397.358 13.3675 29.7256 4 3 0.0880133 2.72387e-05 14.7838 2 
1.78968 -5.38716e-05 -1 0.845726 0.204967 0.001845 18.6682 860089 4 57534.2 10.0976 8.68814 2 1 538.239 11.8088 45.5795 4 3 0.0847362 2.17018e-05 15.7468 2 
1.79153 -5.38322e-05 -1 0.846105 0.204904 0.001845 18.689 860010 4 27734.2 4.57727 8.82272 2 1 517.098 10.3892 49.7725 4 3 0.0827489 1.86696e-05 16.4264 2 
1.79337 -5.35448e-05 -1 0.846484 0.204852 0.001845 18.7097 859935 4 43413.8 14.9257 7.34384 2 1 479.848 10.1985 47.0508 4 3 0.081561 1.77781e-05 16.6162 2 
1.79522 -5.31467e-05 -1 0.846863 0.204807 0.001845 18.7336 859709 3 23124.8 22.2866 10.1238 2 1 468.759 9.84682 47.6051 4 3 0.0836205 1.74235e-05 16.8678 2 
1.79706 -5.35128e-05 -1 0.847241 0.204723 0.001845 18.7531 859690 3 10895.9 27.5114 7.34374 2 1 448.744 13.1712 34.0702 4 3 0.0848789 1.50606e-05 17.7959 2 
1.79891 -5.36431e-05 -1 0.847619 0.204623 0.001845 18.7738 859616 4 55240.6 25.8784 6.7972 2 1 335.666 10.1346 33.1209 4 3 0.087241 1.1886e-05 19.434 2 
1.80075 -5.40107e-05 -1 0.847997 0.204581 0.001845 18.7926 859625 3 10563 21.6523 7.87218 2 1 453.124 9.95697 45.5082 4 3 0.0776808 1.10768e-05 19.1411 2 
1.8026 -5.41405e-05 -1 0.848374 0.204471 0.001845 18.8115 859635 3 20363.4 22.0129 9.7437 2 1 379.274 11.9197 31.819 4 3 0.0841748 1.16533e-05 19.3306 2 
1.80444 -5.41915e-05 -1 0.848751 0.204403 0.001845 18.8322 859560 4 61347.3 8.3925 9.24647 2 1 1036.93 34.2577 30.2685 4 3 0.090443 1.17523e-05 19.7432 2 
1.80629 -5.38752e-05 -1 0.849127 0.204326 0.001845 18.8569 859303 4 10807 3.33326 7.54587 2 1 431.961 13.8909 31.0967 4 3 0.106266 1.44037e-05 19.4673 2 
1.80813 -5.38042e-05 -1 0.849502 0.204251 0.001845 18.8758 859309 3 25739.3 27.0079 9.84091 2 1 389.522 8.25224 47.202 4 3 0.116911 1.87127e-05 18.4179 2 
1.80998 -5.33515e-05 -1 0.849877 0.20419 0.001845 18.8946 859321 3 16616.7 23.3185 8.93198 2 1 572.367 10.8207 52.8957 4 3 0.111902 1.7552e-05 18.5426 2 
1.81182 -5.34431e-05 -1 0.850253 0.204089 0.001845 18.9134 859332 3 11246.5 10.9517 10.0889 2 1 750.491 13.3068 56.3991 4 3 0.101733 1.34973e-05 19.6067 2 
1.81367 -5.35898e-05 -1 0.850628 0.204032 0.001845 18.9341 859261 4 14836.2 4.48288 7.58475 2 1 508.498 13.5944 37.405 4 3 0.0925515 1.01235e-05 20.9099 2 
1.81551 -5.35784e-05 -1 0.851004 0.203979 0.001845 18.953 859269 3 13842.8 18.9993 8.99833 2 1 499.439 12.6939 39.3448 4 3 0.0889453 8.59814e-06 21.7891 2 
1.81736 -5.35216e-05 -1 0.85138 0.203885 0.001845 18.9718 859279 3 10935.9 11.5302 9.82516 2 1 342.521 10.801 31.7121 4 3 0.089613 8.488e-06 21.9376 2 
1.8192 -5.35115e-05 -1 0.851755 0.203811 0.001845 18.9905 859294 3 26832.9 12.6034 12.8645 2 1 448.385 16.0705 27.9012 4 3 0.0926336 8.91001e-06 21.8255 2 
1.82105 -5.37791e-05 -1 0.852131 0.203767 0.001845 19.0093 859308 3 10509.5 24.4919 7.54257 2 1 394.704 15.7166 25.1138 4 3 0.101764 9.58536e-06 21.9783 2 
1.82289 -5.37905e-05 -1 0.852507 0.203675 0.001845 19.0287 859292 3 44893.5 25.1417 12.1319 2 1 413.387 10.9766 37.6607 4 3 0.106109 9.99314e-06 21.9794 2 
1.82474 -5.44648e-05 -1 0.852884 0.203618 0.001845 19.0537 859027 4 11268.4 6.58091 6.43271 2 1 448.845 10.8835 41.241 4 3 0.106785 8.75861e-06 23.0158 2 
1.82658 -5.50241e-05 -1 0.85326 0.203526 0.001845 19.0726 859035 3 10742.7 10.9435 9.93847 2 1 522.227 12.0725 43.2574 4 3 0.10701 1.04392e-05 21.7229 2 
1.82843 -5.52986e-05 -1 0.853637 0.203443 0.001845 19.0932 858964 4 24630.8 3.4063 9.22144 2 1 528.143 8.67452 60.8844 4 3 0.105674 1.07907e-05 21.3948 2 
1.83027 -5.50815e-05 -1 0.854014 0.203368 0.001845 19.1121 858975 3 21785 25.1362 9.53424 2 1 488.125 9.13287 53.447 4 3 0.103728 1.15626e-05 20.7785 2 
1.83212 -5.48308e-05 -1 0.85439 0.203305 0.001845 19.1289 859074 2 1003.8 3.2857 17.4787 2 1 498.811 10.8613 45.9257 4 3 0.100704 1.20901e-05 20.2709 2 
1.83396 -5.47885e-05 -1 0.854766 0.203241 0.001845 19.1495 859008 4 58523.8 10.737 8.59237 2 1 364.441 10.8661 33.5393 4 3 0.0972756 1.23386e-05 19.9027 2 
1.83581 -5.43239e-05 -1 0.855141 0.203155 0.001845 19.171 858899 4 53780.4 19.9274 7.20764 2 1 810.358 22.7029 35.694 4 3 0.0949014 1.2162e-05 19.8346 2 
1.83765 -5.29197e-05 -1 0.855516 0.203099 0.001845 19.1899 858907 3 19112.4 21.1282 9.67129 2 1 387.782 9.00354 43.0699 4 3 0.0940699 1.15935e-05 20.0946 2 
1.8395 -5.25336e-05 -1 0.85589 0.203034 0.001845 19.2086 858920 3 7489.66 6.31996 10.5824 2 1 453.928 14.698 30.8837 4 3 0.0927253 1.09814e-05 20.3632 2 
1.84134 -5.26554e-05 -1 0.856264 0.202957 0.001845 19.2294 858845 4 31612.4 20.9401 6.23332 2 1 532.926 9.95593 53.5286 4 3 0.0907652 1.115e-05 20.1163 2 
1.84319 -5.32052e-05 -1 0.856637 0.202892 0.001845 19.2542 858591 4 62202.1 11.1978 8.63313 2 1 507.778 11.2214 45.2507 4 3 0.095043 1.13484e-05 20.3078 2 
1.84503 -5.37422e-05 -1 0.85701 0.202815 0.001845 19.2765 858448 3 15604.7 14.5531 10.2353 2 1 496.162 6.59896 75.1878 4 3 0.0944161 1.10965e-05 20.4152 2 
1.84688 -5.38462e-05 -1 0.857383 0.20276 0.001845 19.2952 858462 3 10956.9 26.9154 7.41132 2 1 344.899 6.81869 50.5814 4 3 0.103698 1.1423e-05 20.8608 2 
1.84872 -5.39028e-05 -1 0.857756 0.202679 0.001845 19.314 858476 3 14105.1 5.34283 13.8209 2 1 437.619 13.2814 32.9498 4 3 0.100257 1.15876e-05 20.5292 2 
1.85057 -5.37833e-05 -1 0.858129 0.202615 0.001845 19.3346 858408 4 23781.4 5.47502 8.11826 2 1 466.915 10.2514 45.5463 4 3 0.0933942 1.20749e-05 19.7763 2 
1.85241 -5.37418e-05 -1 0.858502 0.202558 0.001845 19.3533 858424 3 12096.6 22.2902 8.15674 2 1 485.845 7.65001 63.5091 4 3 0.0915975 1.22838e-05 19.5366 2 
1.85426 -5.41414e-05 -1 0.858875 0.202465 0.001845 19.3721 858440 3 25417.9 12.6721 12.6114 2 1 323.331 7.9068 40.8928 4 3 0.0893619 1.23583e-05 19.3374 2 
1.8561 -5.45809e-05 -1 0.859248 0.202402 0.001845 19.3927 858372 4 11137.4 3.55576 7.48106 2 1 509.502 11.9883 42.4999 4 3 0.0863953 1.18748e-05 19.3771 2 
1.85795 -5.48378e-05 -1 0.859621 0.202356 0.001845 19.4115 858385 3 11024.3 22.5537 7.87731 2 1 395.967 10.7912 36.6935 4 3 0.0836012 1.13243e-05 19.4716 2 
1.85979 -5.48076e-05 -1 0.859995 0.202281 0.001845 19.4303 858396 3 40541.1 20.3312 12.5867 2 1 395.679 9.68033 40.8745 4 3 0.0825274 6.0632e-05 11.0824 2 
1.86164 -5.5144e-05 -1 0.860368 0.202215 0.001845 19.4554 858132 4 10559.7 3.00718 7.69791 2 1 531.3 9.59501 55.3726 4 3 0.0854649 7.77315e-05 10.3212 2 
1.86348 -5.52149e-05 -1 0.860742 0.202145 0.001845 19.4745 858134 3 22310.8 23.1696 9.8749 2 1 497.532 10.5912 46.9759 4 3 0.0887317 6.52764e-05 11.0775 2 
1.86533 -5.55413e-05 -1 0.861116 0.202078 0.001845 19.4915 858224 2 1281.13 11.0207 10.7819 2 1 514.296 13.7077 37.5188 4 3 0.0918723 5.38277e-05 11.9507 2 
1.86717 -5.55955e-05 -1 0.86149 0.201989 0.001845 19.5103 858235 3 11082.1 15.5467 8.93293 2 1 502.649 13.4276 37.4339 4 3 0.103254 4.78639e-05 12.9211 2 
1.86902 -5.54612e-05 -1 0.861864 0.201941 0.001845 19.5292 858243 3 14231.9 25.4413 8.23965 2 1 488.377 10.7822 45.2949 4 3 0.10445 3.74898e-05 14.0712 2 
1.87086 -5.5354e-05 -1 0.862237 0.201864 0.001845 19.548 858255 3 10951.3 18.0531 8.46521 2 1 604.249 16.4971 36.6275 4 3 0.105531 3.04832e-05 15.1277 2 
1.87271 -5.55924e-05 -1 0.862611 0.201798 0.001845 19.5687 858187 4 51101.1 11.2537 8.20887 2 1 477.62 9.04079 52.8295 4 3 0.103758 2.8047e-05 15.466 2 
1.87455 -5.562e-05 -1 0.862983 0.201714 0.001845 19.5902 858081 4 59522.3 10.863 8.60365 2 1 336.624 11.3689 29.6092 4 3 0.101391 2.70409e-05 15.5355 2 
1.8764 -5.58357e-05 -1 0.863354 0.201672 0.001845 19.6109 858009 4 30362.4 8.37377 7.75986 2 1 467.285 11.5232 40.5515 4 3 0.0990972 2.59984e-05 15.6209 2 
1.87824 -5.54967e-05 -1 0.863725 0.201607 0.001845 19.6297 858023 3 16011 22.6831 8.90373 2 1 615.431 17.2934 35.5876 4 3 0.099271 2.12632e-05 16.7134 2 
1.88009 -5.61091e-05 -1 0.864096 0.201539 0.001845 19.6544 857779 4 61860.5 4.69814 10.712 2 1 554.73 13.277 41.7814 4 3 0.09869 1.73408e-05 17.854 2 
1.88193 -5.62759e-05 -1 0.864466 0.201492 0.001845 19.6751 857711 4 10835.8 8.55436 5.9658 2 1 444.253 12.5494 35.4003 4 3 0.0973527 1.47884e-05 18.7417 2 
1.88378 -5.6233e-05 -1 0.864837 0.20144 0.001845 19.6938 857726 3 13400.4 29.044 7.72717 2 1 301.335 7.73174 38.9737 4 3 0.0989654 1.61787e-05 18.2886 2 
1.88562 -5.61483e-05 -1 0.865208 0.201358 0.001845 19.7107 857822 2 1153.47 9.73399 10.8857 2 1 1226.96 27.9188 43.9476 4 3 0.0982891 1.48183e-05 18.7889 2 
1.88747 -5.60631e-05 -1 0.865579 0.201286 0.001845 19.7314 857754 4 11609.1 3.52825 7.57373 2 1 368.17 10.3788 35.4735 4 3 0.097322 1.38793e-05 19.1402 2 
1.88931 -5.61274e-05 -1 0.86595 0.201239 0.001845 19.7502 857767 3 24194.3 11.9452 12.6524 2 1 438.223 10.3095 42.5067 4 3 0.0949375 1.36174e-05 19.1036 2 
1.89116 -5.59423e-05 -1 0.866321 0.201132 0.001845 19.7689 857782 3 11004.4 15.7202 8.8791 2 1 364.424 8.24075 44.2222 4 3 0.0911218 1.33051e-05 18.9904 2 
1.893 -5.61336e-05 -1 0.866691 0.201097 0.001845 19.7877 857795 3 8337.98 21.3409 7.31053 2 1 400.595 9.74733 41.098 4 3 0.0872212 1.00814e-05 20.529 2 
1.89485 -5.65963e-05 -1 0.867062 0.201041 0.001845 19.8065 857810 3 39122.9 21.0077 12.3032 2 1 379.829 7.8745 48.2353 4 3 0.0835463 7.11034e-06 22.7342 2 
1.89669 -5.74995e-05 -1 0.867433 0.200978 0.001845 19.8271 857745 4 21612.6 4.48904 8.32987 2 1 457.779 10.0211 45.6814 4 3 0.0788271 7.07906e-06 22.3306 2 
1.89854 -5.76203e-05 -1 0.867804 0.200907 0.001845 19.8518 857504 4 21157.8 7.65871 7.24985 2 1 527.606 10.5504 50.008 4 3 0.0739071 7.37262e-06 21.562 2 
1.90038 -5.73004e-05 -1 0.868175 0.20083 0.001845 19.8712 857489 3 8995.1 22.2504 7.39416 2 1 1102.32 54.2382 20.3237 4 3 0.0769637 8.39975e-06 20.9254 2 
1.90223 -5.73521e-05 -1 0.868546 0.200785 0.001845 19.8903 857492 3 10530.7 26.3404 7.36678 2 1 519.081 11.7721 44.0941 4 3 0.0801308 8.40717e-06 21.2023 2 
1.90407 -5.70877e-05 -1 0.868917 0.200713 0.001845 19.9091 857503 3 11072.4 13.8749 9.27549 2 1 456.331 9.69412 47.073 4 3 0.0833586 8.80221e-06 21.1569 2 
1.90592 -5.71214e-05 -1 0.869288 0.200671 0.001845 19.928 857514 3 10405.2 22.9888 7.67795 2 1 497.057 14.2336 34.9215 4 3 0.0866615 1.02747e-05 20.3557 2 
1.90776 -5.76831e-05 -1 0.869659 0.2006 0.001845 19.9467 857529 3 17142 23.6099 8.98786 2 1 470.475 9.78608 48.076 4 3 0.0891536 9.4881e-06 21.1018 2 
1.90961 -5.76442e-05 -1 0.87003 0.20053 0.001845 19.9676 857454 4 46792.3 6.6749 9.15024 2 1 340.709 8.70655 39.1324 4 3 0.0984014 8.65884e-06 22.4826 2 
1.91145 -5.73298e-05 -1 0.870401 0.200468 0.001845 19.9864 857468 3 11002.2 23.4377 7.77179 2 1 477.944 16.4248 29.0989 4 3 0.100217 8.11042e-06 23.1189 2 
1.9133 -5.72653e-05 -1 0.87077 0.200401 0.001845 20.0075 857379 4 60013.6 23.3855 7.11747 2 1 502.484 12.1901 41.2205 4 3 0.0984029 8.12443e-06 22.9653 2 
1.91514 -5.61305e-05 -1 0.871139 0.200287 0.001845 20.025 857449 2 1167.42 16.1239 8.50899 2 1 580.222 8.77972 66.0866 4 3 0.0970613 8.12646e-06 22.8585 2 
1.91699 -5.56151e-05 -1 0.871507 0.200232 0.001845 20.0498 857204 4 59021.1 6.56917 9.73586 2 1 1537.73 37.5169 40.9876 4 3 0.0977655 8.3615e-06 22.6969 2 
1.91883 -5.53457e-05 -1 0.871876 0.200202 0.001845 20.0687 857215 3 12923.2 16.3475 9.2464 2 1 412.32 11.8752 34.7211 4 3 0.09714 8.39476e-06 22.6185 2 
1.92068 -5.49735e-05 -1 0.872244 0.200143 0.001845 20.0875 857227 3 8254.72 21.8592 7.22807 2 1 477.943 10.2344 46.6994 4 3 0.101923 9.30079e-06 22.2118 2 
1.92252 -5.50594e-05 -1 0.872613 0.200085 0.001845 20.1082 857162 4 52354.5 10.2507 8.45377 2 1 353.575 10.1577 34.8087 4 3 0.104983 9.99449e-06 21.9004 2 
1.92437 -5.58093e-05 -1 0.872982 0.200041 0.001845 20.127 857177 3 10805.8 27.377 7.33538 2 1 416.944 13.4725 30.9478 4 3 0.101463 8.55003e-06 22.8094 2 
1.92621 -5.61654e-05 -1 0.87335 0.199991 0.001845 20.1458 857190 3 13410.8 23.6401 8.27818 2 1 372.611 13.7265 27.1454 4 3 0.0962404 9.03243e-06 22.0048 2 
1.92806 -5.5952e-05 -1 0.873719 0.199906 0.001845 20.1645 857205 3 11114.4 15.2032 9.00845 2 1 404.483 7.15864 56.5027 4 3 0.091222 9.42537e-06 21.3108 2 
1.9299 -5.55745e-05 -1 0.874087 0.199847 0.001845 20.1851 857141 4 37079.7 5.17837 9.1989 2 1 382.818 13.4873 28.3835 4 3 0.0861529 9.89791e-06 20.5704 2 
1.93175 -5.54898e-05 -1 0.874456 0.199799 0.001845 20.2039 857155 3 10629.5 12.3118 9.52205 2 1 1041.42 40.9888 25.4075 4 3 0.0835472 9.98569e-06 20.301 2 
1.93359 -5.56603e-05 -1 0.874824 0.199721 0.001845 20.2227 857170 3 20129.8 17.4711 10.4835 2 1 534.598 14.5763 36.6757 4 3 0.0842716 9.94149e-06 20.3897 2 
1.93544 -5.57997e-05 -1 0.875193 0.199667 0.001845 20.2414 857186 3 10300.4 5.40419 12.3986 2 1 501.859 13.7153 36.5912 4 3 0.0846872 9.88791e-06 20.4599 2 
1.93728 -5.60176e-05 -1 0.875561 0.199605 0.001845 20.2602 857201 3 10753.9 13.2162 9.33585 2 1 510.306 15.4469 33.036 4 3 0.0848307 9.71867e-06 20.5896 2 
1.93913 -5.61394e-05 -1 0.87593 0.19955 0.001845 20.2846 856976 4 10987.6 5.00185 6.8461 2 1 472.28 19.295 24.4769 4 3 0.0847916 9.48621e-06 20.7533 2 
1.94097 -5.60995e-05 -1 0.876298 0.199492 0.001845 20.3039 856968 3 17752.3 21.7277 9.3486 2 1 550.141 16.3221 33.7052 4 3 0.0845455 3.68357e-05 13.1909 2 
1.94282 -5.61007e-05 -1 0.876666 0.199404 0.001845 20.3232 856961 3 10601.4 22.0096 7.83882 2 1 458.951 20.9033 21.9559 4 3 0.0836304 5.70558e-05 11.3594 2 
1.94466 -5.62344e-05 -1 0.877035 0.199369 0.001845 20.3441 856885 4 45654.4 7.46138 8.84435 2 1 356.86 14.2443 25.0529 4 3 0.0851205 4.80555e-05 12.0994 2 
1.94651 -5.55004e-05 -1 0.877403 0.199314 0.001845 20.363 856897 3 10505.8 25.2006 7.47032 2 1 562.09 14.5585 38.6092 4 3 0.0950302 3.90819e-05 13.4471 2 
1.94835 -5.50608e-05 -1 0.87777 0.19925 0.001845 20.3818 856910 3 14740.3 9.75975 11.4733 2 1 1487.61 35.0309 42.4656 4 3 0.0975824 3.46225e-05 14.1255 2 
1.9502 -5.51251e-05 -1 0.878138 0.199179 0.001845 20.4024 856847 4 61463.2 5.82561 10.1349 2 1 488.396 10.8449 45.0347 4 3 0.0964796 2.73814e-05 15.2169 2 
1.95204 -5.5167e-05 -1 0.878505 0.199134 0.001845 20.423 856783 4 58488.7 7.12529 9.51847 2 1 482.484 11.8546 40.7002 4 3 0.0954558 2.20108e-05 16.3076 2 
1.95389 -5.4645e-05 -1 0.878872 0.19904 0.001845 20.4418 856800 3 12592.3 18.0567 8.86792 2 1 398.277 9.51301 41.8666 4 3 0.0955857 2.01336e-05 16.807 2 
1.95573 -5.48009e-05 -1 0.879239 0.198991 0.001845 20.4605 856815 3 13041.2 14.3257 9.69171 2 1 474.08 12.631 37.5331 4 3 0.0974455 1.93098e-05 17.1525 2 
1.95758 -5.53347e-05 -1 0.879606 0.198944 0.001845 20.4794 856825 3 23733 10.9925 12.9247 2 1 346.682 12.8448 26.99 4 3 0.108704 1.8786e-05 17.953 2 
1.95942 -5.5838e-05 -1 0.879972 0.198905 0.001845 20.4982 856839 3 10790.2 13.0479 9.38635 2 1 362.681 10.8736 33.3544 4 3 0.108574 1.57147e-05 19.0462 2 
1.96127 -5.62329e-05 -1 0.880339 0.198853 0.001845 20.517 856853 3 9965.18 10.7219 9.75896 2 1 454.532 9.27711 48.995 4 3 0.103477 1.23884e-05 20.2897 2 
1.96311 -5.65469e-05 -1 0.880706 0.198783 0.001845 20.5377 856788 4 55160 12.8399 8.09591 2 1 982.523 40.4392 24.2963 4 3 0.0972885 1.09832e-05 20.6908 2 
1.96496 -5.70695e-05 -1 0.881072 0.198739 0.001845 20.5583 856723 4 10865.7 3.35092 7.54612 2 1 403.69 9.31757 43.3257 4 3 0.0908701 1.14884e-05 19.9245 2 
1.9668 -5.70898e-05 -1 0.881439 0.198677 0.001845 20.5771 856736 3 7520.52 4.53203 11.8391 2 1 532.368 12.9784 41.0195 4 3 0.0840209 1.09156e-05 19.7445 2 
1.96865 -5.72108e-05 -1 0.881805 0.198634 0.001845 20.5959 856749 3 19138.5 15.4436 10.7412 2 1 556.802 12.2594 45.4182 4 3 0.094651 1.0173e-05 21.0326 2 
1.97049 -5.71104e-05 -1 0.882172 0.198571 0.001845 20.6152 856743 3 10404.2 17.4376 8.41861 2 1 510.2 15.1707 33.6307 4 3 0.0995792 9.92402e-06 21.5689 2 
1.97234 -5.71002e-05 -1 0.882538 0.198497 0.001845 20.6342 856751 3 10729.6 15.4279 8.85982 2 1 491.964 11.0066 44.6971 4 3 0.10158 9.57721e-06 21.9714 2 
1.97418 -5.68543e-05 -1 0.882904 0.198439 0.001845 20.6513 856834 2 1338.71 16.0406 9.13553 2 1 500.966 12.997 38.5447 4 3 0.10421 9.80761e-06 21.9844 2 
1.97603 -5.67856e-05 -1 0.88327 0.198395 0.001845 20.6701 856846 3 17005.4 8.77839 12.4659 2 1 344.81 10.4407 33.0254 4 3 0.10533 1.02235e-05 21.7596 2 
1.97787 -5.70266e-05 -1 0.883636 0.198325 0.001845 20.6927 856703 5 47908.7 8.42351 5.63617 2 1 381.3 11.2748 33.8188 4 3 0.106112 1.06619e-05 21.5101 2 
1.97972 -5.6319e-05 -1 0.884002 0.198242 0.001845 20.7134 856638 4 28166 4.55555 8.86739 2 1 1452.58 35.6124 40.7886 4 3 0.106115 1.0934e-05 21.3304 2 
1.98156 -5.59685e-05 -1 0.884368 0.198219 0.001845 20.7323 856648 3 9169.44 23.5272 7.3045 2 1 496.015 14.3378 34.5948 4 3 0.10551 1.12088e-05 21.1143 2 
1.98341 -5.64535e-05 -1 0.884733 0.198173 0.001845 20.7511 856662 3 14276.2 27.6508 8.02235 2 1 503.669 16.0604 31.3609 4 3 0.103609 1.13775e-05 20.8826 2 
1.98525 -5.67366e-05 -1 0.885098 0.198138 0.001845 20.7698 856676 3 11087.3 23.4295 7.79269 2 1 485.95 14.8658 32.6892 4 3 0.100957 1.12324e-05 20.7917 2 
1.9871 -5.72983e-05 -1 0.885463 0.198074 0.001845 20.7905 856615 4 60339.7 5.36584 10.2977 2 1 369.86 8.98674 41.1562 4 3 0.0980941 1.07214e-05 20.9153 2 
1.98894 -5.76621e-05 -1 0.885828 0.198033 0.001845 20.8092 856630 3 12340.7 6.5329 12.3617 2 1 471.712 11.8231 39.8974 4 3 0.0953935 1.05498e-05 20.8333 2 
1.99079 -5.76925e-05 -1 0.886193 0.197965 0.001845 20.828 856644 3 10568.4 13.1515 9.29702 2 1 462.249 11.5303 40.0898 4 3 0.0981163 1.10501e-05 20.7074 2 
1.99263 -5.76254e-05 -1 0.886558 0.197894 0.001845 20.8497 856538 3 22552.1 13.2554 11.938 2 1 342.242 9.17422 37.3047 4 3 0.108609 1.12073e-05 21.32 2 
1.99448 -5.75121e-05 -1 0.886924 0.197843 0.001845 20.8686 856547 3 7686.57 17.7698 7.56281 2 1 949.801 34.6881 27.3812 4 3 0.108853 1.09769e-05 21.4843 2 
1.99632 -5.75377e-05 -1 0.887289 0.197799 0.001845 20.8874 856562 3 10480.7 26.4946 7.34081 2 1 415.2 10.2087 40.6711 4 3 0.106473 1.02421e-05 21.8249 2 
1.99817 -5.74822e-05 -1 0.887654 0.197734 0.001845 20.9066 856558 3 35931.2 28.1843 10.8431 2 1 461.372 10.5546 43.713 4 3 0.0997839 9.59283e-06 21.8292 2 
2.00001 -5.71768e-05 -1 0.888019 0.197669 0.001845 20.9254 856570 3 10629.4 17.2993 8.50148 2 1 404.295 8.76027 46.1509 4 3 0.0924369 9.1634e-06 21.6071 2 
2.00186 -5.686e-05 -1 0.888384 0.197598 0.001845 20.9464 856497 4 57152.7 12.6291 8.20192 2 1 522.89 17.4366 29.988 4 3 0.0848476 9.67774e-06 20.62 2 
2.0037 -5.70823e-05 -1 0.888748 0.197583 0.001845 20.967 856435 4 10605.6 25.0241 4.53726 2 1 539.242 13.9831 38.5639 4 3 0.0776492 9.97252e-06 19.8203 2 
2.00555 -5.74582e-05 -1 0.889113 0.197542 0.001845 20.9858 856448 3 10850.6 15.1673 8.94365 2 1 519.649 14.156 36.7086 4 3 0.0811967 9.97893e-06 20.1134 2 
2.00739 -5.75991e-05 -1 0.889477 0.197492 0.001845 21.0064 856387 4 20633.1 12.0018 6.43916 2 1 489.123 15.2708 32.0299 4 3 0.0847557 9.67934e-06 20.6114 2 
2.00924 -5.75855e-05 -1 0.889842 0.197433 0.001845 21.0252 856400 3 10947 27.7614 7.33305 2 1 1371.09 32.9108 41.6607 4 3 0.0885816 9.16828e-06 21.2986 2 
2.01108 -5.73781e-05 -1 0.890206 0.197381 0.001845 21.0467 856304 3 16417 25.4352 8.6421 2 1 461.758 15.0433 30.6953 4 3 0.0924747 9.05405e-06 21.6967 2 
2.01293 -5.75492e-05 -1 0.89057 0.197314 0.001845 21.0674 856240 4 45694.9 11.2041 7.9914 2 1 387.091 13.3809 28.9287 4 3 0.0964627 9.47343e-06 21.6746 2 
2.01477 -5.76526e-05 -1 0.890934 0.197294 0.001845 21.0881 856176 4 26749.1 15.3011 6.46617 2 1 401.009 13.9912 28.6614 4 3 0.108536 9.72722e-06 22.3458 2 
2.01662 -5.73905e-05 -1 0.891298 0.197207 0.001845 21.1069 856191 3 8550.29 23.1315 7.17671 2 1 523.047 10.3641 50.4672 4 3 0.110874 9.94699e-06 22.3381 2 
2.01846 -5.74545e-05 -1 0.891662 0.197174 0.001845 21.1256 856207 3 13920.6 24.6441 8.26637 2 1 489.987 18.1649 26.9744 4 3 0.113483 1.09235e-05 21.82 2 
2.02031 -5.76687e-05 -1 0.892025 0.197121 0.001845 21.1444 856222 3 10672.5 20.6724 8.02215 2 1 516.959 16.2541 31.8049 4 3 0.113707 1.0238e-05 22.3113 2 
2.02215 -5.79033e-05 -1 0.892388 0.197072 0.001845 21.1652 856157 4 61806.9 16.2212 7.85666 2 1 435.175 15.2238 28.5852 4 3 0.111821 1.61155e-05 19.0733 2 
2.024 -5.81443e-05 -1 0.89275 0.197015 0.001845 21.184 856170 3 12203 18.8636 8.64862 2 1 298.732 11.8202 25.2729 4 3 0.109358 5.44654e-05 12.6157 2 
2.02584 -5.81777e-05 -1 0.893112 0.197007 0.001845 21.2032 856167 3 23392 22.2048 10.1751 2 1 891.634 35.9083 24.8309 4 3 0.106442 5.18239e-05 12.7114 2 
2.02769 -5.76016e-05 -1 0.893475 0.196914 0.001845 21.2221 856175 3 10504.1 22.4468 7.76369 2 1 405.857 10.5642 38.418 4 3 0.110017 4.33779e-05 13.6374 2 
2.02953 -5.7213e-05 -1 0.893837 0.196848 0.001845 21.2412 856177 3 10292.4 9.11541 10.4131 2 1 412.532 11.8681 34.7597 4 3 0.110319 3.57629e-05 14.557 2 
2.03138 -5.70378e-05 -1 0.894201 0.196816 0.001845 21.26 856192 3 10358.6 17.4908 8.39778 2 1 433.027 9.18485 47.1458 4 3 0.107092 3.02907e-05 15.234 2 
2.03322 -5.67746e-05 -1 0.894564 0.196758 0.001845 21.2843 855985 4 33906.1 9.18776 7.79412 2 1 456.17 7.79245 58.54 4 3 0.0994139 2.36924e-05 16.1292 2 
2.03507 -5.70588e-05 -1 0.894928 0.19673 0.001845 21.303 855999 3 8257.39 8.07198 10.076 2 1 441.572 11.0785 39.8585 4 3 0.092186 2.01744e-05 16.5941 2 
2.03691 -5.72893e-05 -1 0.895291 0.196702 0.001845 21.3237 855938 4 20332 13.667 6.21051 2 1 521.839 12.512 41.7071 4 3 0.0835953 1.87282e-05 16.465 2 
2.03876 -5.68184e-05 -1 0.895655 0.196616 0.001845 21.3444 855878 4 58288.3 12.4795 8.26697 2 1 554.001 12.8854 42.9943 4 3 0.0780214 1.84049e-05 16.1843 2 
2.0406 -5.70359e-05 -1 0.896019 0.196563 0.001845 21.3632 855890 3 10401 24.4624 7.51956 2 1 1330.71 41.0238 32.4376 4 3 0.0751107 1.68238e-05 16.4662 2 
2.04245 -5.7413e-05 -1 0.896382 0.196493 0.001845 21.382 855904 3 7710.24 13.6764 8.26098 2 1 471.288 11.5652 40.7504 4 3 0.0787703 1.29333e-05 18.2621 2 
2.04429 -5.74351e-05 -1 0.896745 0.19649 0.001845 21.4007 855920 3 10379.6 15.4201 8.7639 2 1 445.989 10.9573 40.7025 4 3 0.0823887 1.08154e-05 19.6762 2 
2.04614 -5.72708e-05 -1 0.897108 0.196459 0.001845 21.4196 855931 3 15991.7 26.1376 8.48939 2 1 450.25 10.4115 43.2456 4 3 0.0863085 9.97289e-06 20.531 2 
2.04798 -5.66675e-05 -1 0.89747 0.196393 0.001845 21.4404 855864 4 43289.3 6.21391 9.13595 2 1 395.163 8.81886 44.8089 4 3 0.09036 1.06321e-05 20.4073 2 
2.04983 -5.67136e-05 -1 0.897833 0.196349 0.001845 21.4611 855802 4 12981.5 4.17757 7.46622 2 1 422.621 14.2965 29.5612 4 3 0.0947948 1.06389e-05 20.7315 2 
2.05167 -5.68754e-05 -1 0.898195 0.196318 0.001845 21.4799 855816 3 10984.2 25.5777 7.5446 2 1 502.42 9.48199 52.9868 4 3 0.0989821 1.15732e-05 20.4504 2 
2.05352 -5.6896e-05 -1 0.898557 0.196267 0.001845 21.5012 855732 4 13757.9 7.05213 6.64596 2 1 493.221 15.3047 32.2267 4 3 0.110016 1.20486e-05 20.9013 2 
2.05536 -5.67828e-05 -1 0.898919 0.196212 0.001845 21.5202 855735 3 10797.6 26.7354 7.39173 2 1 471.789 12.6166 37.3943 4 3 0.114946 1.32432e-05 20.551 2 
2.05721 -5.66801e-05 -1 0.899281 0.196167 0.001845 21.545 855510 4 61283 12.0754 8.44033 2 1 859.246 40.4949 21.2186 4 3 0.115958 1.4161e-05 20.1559 2 
2.05905 -5.6205e-05 -1 0.899642 0.196156 0.001845 21.5639 855523 3 12236.6 20.989 8.35391 2 1 461.4 10.7512 42.9164 4 3 0.114855 1.38978e-05 20.2178 2 
2.0609 -5.53889e-05 -1 0.900002 0.19604 0.001845 21.5845 855463 4 22491.8 10.7776 6.75889 2 1 961.259 33.9757 28.2926 4 3 0.112747 1.37746e-05 20.1531 2 
2.06274 -5.53858e-05 -1 0.900362 0.196007 0.001845 21.6033 855478 3 7574.73 15.2206 7.92462 2 1 350.066 12.2681 28.5347 4 3 0.111322 1.39917e-05 19.9635 2 
2.06459 -5.57272e-05 -1 0.900722 0.195978 0.001845 21.624 855418 4 10771.4 4.685 6.92453 2 1 451.64 13.055 34.5951 4 3 0.109361 1.39733e-05 19.8543 2 
2.06643 -5.58156e-05 -1 0.901082 0.195908 0.001845 21.6447 855357 4 34775.9 7.8451 8.15962 2 1 472.224 13.4026 35.2337 4 3 0.102521 1.38525e-05 19.4877 2 
2.06828 -5.59419e-05 -1 0.901443 0.195896 0.001845 21.6654 855297 4 20610 5.41848 7.85327 2 1 422.221 9.53587 44.2772 4 3 0.0981318 1.31316e-05 19.5508 2 
2.07012 -5.59998e-05 -1 0.901804 0.195827 0.001845 21.6841 855314 3 7582.36 10.0712 9.09721 2 1 494.761 10.6111 46.6268 4 3 0.0938995 1.18457e-05 19.9389 2 
2.07197 -5.62122e-05 -1 0.902165 0.195796 0.001845 21.7028 855331 3 18593.3 19.484 9.84523 2 1 1286.75 33.802 38.0673 4 3 0.0891299 1.11384e-05 20.0017 2 
2.07381 -5.60077e-05 -1 0.902526 0.195742 0.001845 21.7235 855271 4 10988.1 3.03094 7.75955 2 1 518.58 10.9569 47.3289 4 3 0.0844094 1.04273e-05 20.0789 2 
2.07566 -5.6034e-05 -1 0.902888 0.195699 0.001845 21.7482 855052 4 57328.8 14.9893 7.86408 2 1 482.926 12.8535 37.5715 4 3 0.079386 9.65724e-06 20.182 2 
2.0775 -5.64209e-05 -1 0.90325 0.195708 0.001845 21.7672 855058 3 10465.4 26.0934 7.37466 2 1 457.164 13.0032 35.1577 4 3 0.0760173 9.17718e-06 20.2333 2 
2.07935 -5.63272e-05 -1 0.903612 0.195695 0.001845 21.7863 855060 3 7530.46 23.038 6.88851 2 1 404.455 11.1975 36.1201 4 3 0.079567 8.87847e-06 20.7714 2 
2.08119 -5.60183e-05 -1 0.903975 0.195576 0.001845 21.807 854999 4 44568.5 7.56889 8.7599 2 1 415.452 10.9562 37.9194 4 3 0.0834503 8.74863e-06 21.2078 2 
2.08304 -5.57587e-05 -1 0.904337 0.195529 0.001845 21.8277 854940 4 26460.5 3.60528 9.25582 2 1 398.743 9.1015 43.8107 4 3 0.0876458 8.60023e-06 21.6807 2 
2.08488 -5.58811e-05 -1 0.904698 0.195479 0.001845 21.8447 855025 2 1099.57 10.6213 10.1747 2 1 487.754 7.46989 65.2961 4 3 0.091822 8.67241e-06 21.9585 2 
2.08673 -5.58857e-05 -1 0.90506 0.195462 0.001845 21.8637 855033 3 11024.1 18.6276 8.39578 2 1 815.778 36.7553 22.1949 4 3 0.0962501 1.0333e-05 21.0406 2 
2.08857 -5.61428e-05 -1 0.905421 0.195415 0.001845 21.8824 855048 3 13721.3 19.1389 8.95005 2 1 950.983 26.4788 35.9149 4 3 0.100766 1.1755e-05 20.4659 2 
2.09042 -5.63609e-05 -1 0.905781 0.195377 0.001845 21.9012 855062 3 10513.6 10.4069 10.0341 2 1 376.374 9.59365 39.2316 4 3 0.111378 1.33672e-05 20.2731 2 
2.09226 -5.64011e-05 -1 0.906142 0.195313 0.001845 21.9219 855004 4 59424.4 10.3628 8.70205 2 1 427.734 10.064 42.5016 4 3 0.11616 1.30143e-05 20.7433 2 
2.09411 -5.66629e-05 -1 0.906502 0.195279 0.001845 21.9429 854933 2 1153.72 14.3171 8.97682 2 1 399.458 11.9648 33.3862 4 3 0.115471 9.62215e-06 22.8946 2 
2.09595 -5.66571e-05 -1 0.906862 0.195235 0.001845 21.9617 854947 3 21770.5 16.7929 10.9039 2 1 319.854 9.13772 35.0037 4 3 0.114368 9.3092e-06 23.0744 2 
2.0978 -5.65706e-05 -1 0.907222 0.1952 0.001845 21.9805 854961 3 8008.86 19.506 7.43249 2 1 329.152 11.5981 28.3799 4 3 0.111982 8.85369e-06 23.2992 2 
2.09964 -5.64907e-05 -1 0.907581 0.195152 0.001845 22.0011 854904 4 20570.6 5.93564 7.67264 2 1 454.736 10.7094 42.4614 4 3 0.108911 8.74771e-06 23.1771 2 
2.10149 -5.63048e-05 -1 0.907939 0.195119 0.001845 22.0218 854846 4 33018.1 2.85566 10.3696 2 1 475.767 11.6875 40.7073 4 3 0.10497 8.76656e-06 22.8777 2 
2.10333 -5.63377e-05 -1 0.908297 0.195071 0.001845 22.0408 854850 3 10971.5 25.0469 7.59458 2 1 1264.05 30.9755 40.8081 4 3 0.100556 8.6965e-06 22.6128 2 
2.10518 -5.6311e-05 -1 0.908655 0.195039 0.001845 22.0599 854854 3 10741.1 24.2218 7.62571 2 1 514.29 14.4483 35.5951 4 3 0.0960737 3.26885e-05 14.3242 2 
2.10702 -5.63868e-05 -1 0.909013 0.195008 0.001845 22.0787 854866 3 18133.8 18.2465 9.97937 2 1 535.661 14.9065 35.9346 4 3 0.0913659 6.01469e-05 11.4954 2 
2.10887 -5.64558e-05 -1 0.909372 0.194975 0.001845 22.0976 854879 3 10911 21.6554 7.95731 2 1 500.315 11.6763 42.8487 4 3 0.0863119 5.17579e-05 11.8585 2 
2.11071 -5.63792e-05 -1 0.909731 0.194902 0.001845 22.1183 854820 4 57032 14.1915 7.96201 2 1 470.158 10.1687 46.2357 4 3 0.0811454 4.26315e-05 12.393 2 
2.11256 -5.67196e-05 -1 0.910091 0.194918 0.001845 22.141 854680 3 9368.18 24.9205 7.21715 2 1 456.064 8.31299 54.8616 4 3 0.0777471 3.57496e-05 12.956 2 
2.1144 -5.69293e-05 -1 0.91045 0.194854 0.001845 22.1599 854693 3 10644 27.1315 7.32055 2 1 414.563 11.2916 36.7142 4 3 0.0790886 2.70614e-05 14.2973 2 
2.11625 -5.72218e-05 -1 0.91081 0.194802 0.001845 22.1805 854637 4 41785.9 15.2769 7.23183 2 1 418.494 8.59406 48.6958 4 3 0.0831665 2.1093e-05 15.7981 2 
2.11809 -5.68966e-05 -1 0.91117 0.19474 0.001845 22.1993 854651 3 25428.4 25.7185 9.96226 2 1 824.507 18.8927 43.6415 4 3 0.0873585 1.85453e-05 16.7632 2 
2.11994 -5.71656e-05 -1 0.911531 0.194807 0.001845 22.2181 854668 3 3160.43 16.2757 5.79076 2 1 812.815 27.9956 29.0337 4 3 0.0916093 1.71945e-05 17.4656 2 
2.12178 -5.75896e-05 -1 0.911891 0.194684 0.001845 22.237 854678 3 9744.84 26.5723 7.15784 2 1 465.618 10.4147 44.7077 4 3 0.0959476 1.69429e-05 17.8244 2 
2.12363 -5.76069e-05 -1 0.912252 0.194667 0.001845 22.2558 854691 3 13801.7 23.3627 8.39081 2 1 471.83 10.5149 44.8725 4 3 0.100714 1.51241e-05 18.8136 2 
2.12547 -5.7857e-05 -1 0.912613 0.194612 0.001845 22.2799 854503 4 50821 4.89369 10.0949 2 1 366.515 12.0611 30.3882 4 3 0.104372 1.3153e-05 19.9458 2 
2.12732 -5.80094e-05 -1 0.912974 0.194582 0.001845 22.3005 854445 4 57033.5 11.1318 8.46041 2 1 536.784 15.8419 33.8839 4 3 0.113697 1.08426e-05 21.8879 2 
2.12916 -5.75624e-05 -1 0.913333 0.19454 0.001845 22.3198 854444 3 10952.3 23.1679 7.79003 2 1 351.487 9.99621 35.162 4 3 0.115016 1.09076e-05 21.9285 2 
2.13101 -5.73738e-05 -1 0.913693 0.194492 0.001845 22.3445 854229 4 21071.6 4.15177 8.44046 2 1 383.536 14.968 25.6238 4 3 0.113854 1.10165e-05 21.7822 2 
2.13285 -5.72934e-05 -1 0.914052 0.19446 0.001845 22.3652 854173 4 10417 3.65278 7.30768 2 1 425.716 13.29 32.0329 4 3 0.111911 9.85319e-06 22.4784 2 
2.1347 -5.72381e-05 -1 0.914411 0.194425 0.001845 22.3841 854185 3 8445.17 9.7085 9.54594 2 1 1251.04 29.508 42.3966 4 3 0.108533 1.00808e-05 22.0812 2 
2.13654 -5.72163e-05 -1 0.914769 0.194409 0.001845 22.4028 854201 3 31387.4 16.9707 12.2749 2 1 411.277 8.24594 49.8763 4 3 0.104643 1.04153e-05 21.5781 2 
2.13839 -5.77395e-05 -1 0.915127 0.19435 0.001845 22.4216 854216 3 10903.4 20.3739 8.11887 2 1 482.91 11.6519 41.4446 4 3 0.099962 1.02839e-05 21.3415 2 
2.14023 -5.77012e-05 -1 0.915484 0.194323 0.001845 22.4404 854230 3 8896.4 24.4808 7.13613 2 1 501.573 12.4737 40.2103 4 3 0.0954651 9.59163e-06 21.5105 2 
2.14208 -5.79659e-05 -1 0.91584 0.194255 0.001845 22.4593 854243 3 17864 17.8577 10.0012 2 1 525.977 12.124 43.3833 4 3 0.0901989 8.52841e-06 21.9505 2 
2.14392 -5.78648e-05 -1 0.916196 0.194235 0.001845 22.4799 854188 4 57983.4 12.7977 8.20432 2 1 467.378 12.8101 36.4853 4 3 0.0850442 6.93904e-06 23.0559 2 
2.14577 -5.82678e-05 -1 0.916553 0.194207 0.001845 22.4987 854200 3 10662.2 18.7103 8.29065 2 1 472.108 14.2359 33.1633 4 3 0.0799228 6.90938e-06 22.6157 2 
2.14761 -5.81852e-05 -1 0.91691 0.194181 0.001845 22.5175 854216 3 10744.4 19.7366 8.16526 2 1 424.678 11.985 35.4342 4 3 0.0774402 7.03776e-06 22.2422 2 
2.14946 -5.79688e-05 -1 0.917267 0.194137 0.001845 22.54 854091 4 42987 9.39428 8.22467 2 1 775.351 19.751 39.2562 4 2 0.0804608 9.71678e-05 28.776 2 
2.1513 -5.8303e-05 -1 0.917624 0.194106 0.001845 22.5585 854116 4 26622.8 7.20033 7.79786 2 1 787.81 30.8292 25.554 4 2 0.0845376 9.55339e-05 29.7472 2 
2.15315 -5.81658e-05 -1 0.917982 0.194052 0.001845 22.5753 854208 3 9440.71 12.4293 9.12402 2 1 482.18 11.4993 41.9313 4 2 0.0889215 9.75861e-05 30.1863 2 
2.15499 -5.81599e-05 -1 0.91834 0.194015 0.001845 22.5965 854130 4 10269.6 3.12813 7.5695 2 1 475.674 10.1291 46.9614 4 3 0.0933374 1.05295e-05 20.6958 2 
2.15684 -5.81176e-05 -1 0.918698 0.193985 0.001845 22.6154 854142 3 10696.9 23.3058 7.71374 2 1 464.388 10.4107 44.6068 4 3 0.0978366 1.22145e-05 20.0082 2 
2.15868 -5.79979e-05 -1 0.919057 0.193958 0.001845 22.6361 854084 4 51612.9 3.86334 10.751 2 1 431.996 11.9731 36.0804 4 3 0.102321 1.24915e-05 20.1581 2 
2.16053 -5.80693e-05 -1 0.919415 0.193912 0.001845 22.6567 854030 4 57417.2 6.83236 9.57454 2 1 442.288 9.1593 48.2884 4 3 0.112012 9.89354e-06 22.4545 2 
2.16237 -5.8101e-05 -1 0.919774 0.193906 0.001845 22.6755 854044 3 9774.41 18.9887 8.01429 2 1 427.965 10.643 40.2109 4 3 0.114555 9.65079e-06 22.8113 2 
2.16422 -5.80902e-05 -1 0.920133 0.193888 0.001845 22.6943 854059 3 20501.1 20.0215 10.0792 2 1 346.853 8.76302 39.5814 4 3 0.113506 8.97221e-06 23.3009 2 
2.16606 -5.79018e-05 -1 0.920492 0.193845 0.001845 22.713 854076 3 20531.7 10.2187 12.6186 2 1 375.324 7.71066 48.676 4 3 0.112176 8.26306e-06 23.8554 2 
2.16791 -5.7878e-05 -1 0.920851 0.193794 0.001845 22.734 854009 4 11210.1 11.7461 5.55813 2 1 1263.43 29.4675 42.8752 4 3 0.108985 6.99599e-06 24.975 2 
2.16975 -5.78403e-05 -1 0.921211 0.19375 0.001845 22.7588 853799 4 32316.7 10.1778 7.50661 2 1 424.529 7.49119 56.6704 4 3 0.105267 6.65233e-06 25.1057 2 
2.1716 -5.80812e-05 -1 0.92157 0.193722 0.001845 22.7794 853747 4 10506.6 10.6686 5.60194 2 1 399.757 7.30847 54.6978 4 3 0.100682 6.72042e-06 24.652 2 
2.17344 -5.82498e-05 -1 0.921928 0.193644 0.001845 22.7981 853762 3 10745.2 16.8672 8.60447 2 1 493.962 9.05299 54.5634 4 3 0.0959677 7.32719e-06 23.572 2 
2.17529 -5.86206e-05 -1 0.922286 0.193657 0.001845 22.8187 853710 4 10843.9 10.0457 5.73193 2 1 522.359 8.60577 60.6986 4 3 0.0909231 7.6206e-06 22.8505 2 
2.17713 -5.88897e-05 -1 0.922643 0.193629 0.001845 22.8394 853655 4 17678.9 5.77808 7.43734 2 1 480.759 9.04696 53.1404 4 3 0.0856303 7.88124e-06 22.1485 2 
2.17898 -5.88812e-05 -1 0.923 0.193589 0.001845 22.8605 853585 4 55685.1 13.0171 8.08735 2 1 479.835 8.4591 56.7241 4 3 0.0800938 7.97871e-06 21.5719 2 
2.18082 -5.94696e-05 -1 0.923356 0.193571 0.001845 22.8795 853589 3 9080.33 22.1927 7.42387 2 1 435.955 8.70533 50.0791 4 3 0.0773195 9.25952e-06 20.2877 2 
2.18267 -5.96868e-05 -1 0.92371 0.19353 0.001845 22.9003 853532 4 10556.6 3.52969 7.39515 2 1 752.632 28.17 26.7175 4 3 0.0794845 8.47411e-06 21.0893 2 
2.18451 -5.96945e-05 -1 0.924065 0.19352 0.001845 22.921 853475 4 40106.8 7.34808 8.5953 2 1 427.973 7.92954 53.972 4 3 0.0835394 9.24175e-06 20.8311 2 
2.18636 -5.94486e-05 -1 0.92442 0.193423 0.001845 22.9438 853340 3 25665.5 25.3472 10.0417 2 1 441.469 10.1056 43.6856 4 3 0.0879169 8.58495e-06 21.7159 2 
2.1882 -5.91412e-05 -1 0.924775 0.193433 0.001845 22.9627 853353 3 10459.7 13.6155 9.1586 2 1 479.849 11.321 42.3859 4 3 0.0922782 3.89934e-05 13.3261 2 
2.19005 -5.9407e-05 -1 0.92513 0.193404 0.001845 22.9815 853368 3 10320.8 21.539 7.82521 2 1 456.659 10.1525 44.9802 4 3 0.0968978 7.59561e-05 10.8455 2 
2.19189 -5.96537e-05 -1 0.925486 0.193407 0.001845 23.0003 853382 3 10666.7 18.7939 8.2795 2 1 444.698 10.5325 42.2214 4 3 0.101426 6.72782e-05 11.4664 2 
2.19374 -5.9615e-05 -1 0.925842 0.193354 0.001845 23.021 853325 4 57303.7 20.8096 7.24402 2 1 354.494 13.6179 26.0314 4 3 0.111626 5.3909e-05 12.7458 2 
2.19558 -5.90085e-05 -1 0.926199 0.19334 0.001845 23.0399 853338 3 13283 20.8435 8.60547 2 1 398.606 9.55032 41.7374 4 3 0.114348 4.78873e-05 13.366 2 
2.19743 -5.8799e-05 -1 0.926555 0.193268 0.001845 23.0587 853350 3 20515 18.2451 10.3986 2 1 413.205 17.7019 23.3424 4 3 0.113188 3.91025e-05 14.2517 2 
2.19927 -5.84986e-05 -1 0.926912 0.193256 0.001845 23.0777 853361 3 10054 10.448 9.8727 2 1 1274.42 29.4153 43.3249 4 3 0.111747 3.1235e-05 15.2944 2 
2.20112 -5.8684e-05 -1 0.927269 0.193189 0.001845 23.0964 853377 3 20208.7 18.8275 10.2388 2 1 416.735 13.0206 32.0059 4 3 0.108038 2.76851e-05 15.7438 2 
2.20296 -5.8961e-05 -1 0.927626 0.193209 0.001845 23.1151 853394 3 11683.8 6.21591 12.3413 2 1 446.449 10.7403 41.5677 4 3 0.104342 2.63424e-05 15.8222 2 
2.20481 -5.91224e-05 -1 0.927984 0.193171 0.001845 23.1339 853409 3 31089.8 28.0708 10.3464 2 1 404.066 7.60661 53.1203 4 3 0.0996657 2.58896e-05 15.6726 2 
2.20665 -5.96251e-05 -1 0.928341 0.193154 0.001845 23.1571 853264 3 10576.5 23.3961 7.67477 2 1 446.629 11.5293 38.7385 4 3 0.0949122 2.27631e-05 16.0952 2 
2.2085 -6.01126e-05 -1 0.928699 0.193107 0.001845 23.176 853274 3 10085.9 15.985 8.57697 2 1 505.761 9.905 51.0612 4 3 0.0897796 1.84353e-05 16.9502 2 
2.21034 -6.02133e-05 -1 0.929056 0.193077 0.001845 23.1966 853221 4 57539.8 7.94308 9.2256 2 1 499.524 11.2932 44.2325 4 3 0.0844622 1.50935e-05 17.7538 2 
2.21219 -6.05892e-05 -1 0.929414 0.193029 0.001845 23.2154 853237 3 17670 28.5368 8.52336 2 1 467.042 12.6806 36.8313 4 3 0.0788539 1.52218e-05 17.3029 2 
2.21403 -6.07376e-05 -1 0.929772 0.193035 0.001845 23.236 853185 4 10794.8 4.15976 7.13734 2 1 476.933 11.3316 42.0889 4 3 0.0761745 1.50327e-05 17.1761 2 
2.21588 -6.08043e-05 -1 0.93013 0.193021 0.001845 23.2548 853200 3 10549 15.8373 8.73326 2 1 771.014 31.203 24.7096 4 3 0.0795504 1.39069e-05 17.8843 2 
2.21772 -6.08557e-05 -1 0.930487 0.192971 0.001845 23.2755 853147 4 41042 6.71463 8.84202 2 1 402.689 11.7172 34.3673 4 3 0.0837372 1.35667e-05 18.3435 2 
2.21957 -6.09179e-05 -1 0.930844 0.192928 0.001845 23.2978 853032 3 14577.2 28.8475 7.96505 2 1 400.959 10.6131 37.7795 4 3 0.0880973 1.32384e-05 18.8094 2 
2.22141 -6.12845e-05 -1 0.931199 0.192926 0.001845 23.3167 853046 3 24952.5 24.983 9.99593 2 1 444.706 10.2473 43.3974 4 3 0.0925137 1.16795e-05 19.934 2 
2.22326 -6.08339e-05 -1 0.931553 0.192888 0.001845 23.3355 853060 3 14767.1 13.2762 10.3611 2 1 466.11 10.711 43.5168 4 3 0.0970787 1.06329e-05 20.9006 2 
2.2251 -6.06595e-05 -1 0.931906 0.192886 0.001845 23.3583 852927 3 6910.24 6.01654 10.4725 2 1 441.538 9.99231 44.1878 4 3 0.101527 1.31729e-05 19.753 2 
2.22695 -6.05122e-05 -1 0.93226 0.19286 0.001845 23.379 852873 4 56895.3 6.83473 9.55188 2 1 401.571 13.8627 28.9678 4 3 0.111464 1.56602e-05 19.2359 2 
2.22879 -6.03245e-05 -1 0.932614 0.192847 0.001845 23.3978 852888 3 10156.3 24.8983 7.41631 2 1 459.051 8.29154 55.3637 4 3 0.113474 1.19293e-05 21.1882 2 
2.23064 -6.02007e-05 -1 0.932968 0.192786 0.001845 23.4171 852885 3 9046.35 17.8021 7.97996 2 1 412.049 9.31106 44.2538 4 3 0.111794 1.10028e-05 21.659 2 
2.23248 -6.0582e-05 -1 0.933322 0.192734 0.001845 23.4362 852890 3 21184.9 23.5212 9.6573 2 1 1235.59 29.8128 41.4449 4 3 0.109749 9.83393e-06 22.3473 2 
2.23433 -6.07039e-05 -1 0.933677 0.19275 0.001845 23.455 852904 3 21569.7 12.5616 11.9747 2 1 355.254 14.4997 24.5008 4 3 0.106476 8.86726e-06 22.8992 2 
2.23617 -6.11686e-05 -1 0.934031 0.19272 0.001845 23.4738 852919 3 4384.16 4.12442 10.2057 2 1 411.46 12.689 32.4265 4 3 0.102046 7.93286e-06 23.4309 2 
2.23802 -6.12783e-05 -1 0.934387 0.192679 0.001845 23.4926 852934 3 32349.2 21.2509 11.5035 2 1 399.512 8.68755 45.9867 4 3 0.0971729 7.70764e-06 23.2742 2 
2.23986 -6.20496e-05 -1 0.934742 0.192656 0.001845 23.5114 852949 3 11350.1 23.1096 7.88987 2 1 383.469 14.3528 26.7173 4 3 0.0923891 6.98843e-06 23.6454 2 
2.24171 -6.20653e-05 -1 0.935098 0.192648 0.001845 23.5283 853031 2 2916.3 15.0833 13.9049 2 1 510.571 14.8767 34.3203 4 3 0.0870765 7.2276e-06 22.9246 2 
2.24355 -6.19818e-05 -1 0.935453 0.192629 0.001845 23.553 852832 4 56392.3 11.51 8.36634 2 1 500.072 11.0554 45.2331 4 3 0.0817062 7.82865e-06 21.8536 2 
2.2454 -6.24736e-05 -1 0.935809 0.192606 0.001845 23.5718 852847 3 8048.44 9.28563 9.53455 2 1 461.602 9.83061 46.9556 4 3 0.0767405 8.13023e-06 21.1336 2 
2.24724 -6.25396e-05 -1 0.936165 0.192561 0.001845 23.5907 852860 3 17791.3 14.9299 10.6019 2 1 767.815 26.4386 29.0415 4 3 0.0766628 8.21997e-06 21.0493 2 
2.24909 -6.2292e-05 -1 0.936522 0.192532 0.001845 23.6095 852875 3 10895.3 7.56367 11.2937 2 1 407.938 10.7929 37.797 4 3 0.0807076 9.31842e-06 20.5364 2 
2.25093 -6.23365e-05 -1 0.936878 0.192522 0.001845 23.6302 852822 4 10496.4 3.35102 7.48111 2 1 809.666 16.0834 50.3418 4 3 0.0848336 8.61092e-06 21.4374 2 
2.25278 -6.24711e-05 -1 0.937234 0.192489 0.001845 23.6527 852703 5 38647 8.07522 5.44493 2 1 392.823 14.7342 26.6606 4 3 0.0892767 8.36371e-06 22.0181 2 
2.25462 -6.21565e-05 -1 0.937591 0.192461 0.001845 23.6733 852650 4 14892.3 5.25495 7.29623 2 1 424.935 11.3474 37.4477 4 3 0.093776 8.47103e-06 22.287 2 
2.25647 -6.22242e-05 -1 0.937947 0.192443 0.001845 23.6925 852653 3 24350.5 28.2079 9.52165 2 1 439.879 11.0001 39.9888 4 3 0.0984515 8.49583e-06 22.6294 2 
2.25831 -6.26716e-05 -1 0.938304 0.192411 0.001845 23.7115 852659 3 15121.8 14.3429 10.1778 2 1 448.093 12.7292 35.2021 4 3 0.101869 8.68665e-06 22.7194 2 
2.26016 -6.30343e-05 -1 0.93866 0.192408 0.001845 23.7365 852451 4 56311.7 5.67463 9.9808 2 1 426.255 17.0547 24.9933 4 3 0.110854 9.6214e-06 22.5859 2 
2.262 -6.31397e-05 -1 0.939017 0.192389 0.001845 23.7554 852465 3 10383 9.03507 10.4744 2 1 513.699 11.7949 43.5525 4 3 0.111131 1.01913e-05 22.1753 2 
2.26385 -6.32852e-05 -1 0.939372 0.192368 0.001845 23.7742 852479 3 7513.89 10.1894 9.03453 2 1 1243.3 34.7175 35.8119 4 3 0.109438 1.04575e-05 21.8732 2 
2.26569 -6.34521e-05 -1 0.939725 0.192329 0.001845 23.793 852495 3 10515.4 7.88337 11.0079 2 1 421.087 12.8022 32.8917 4 3 0.106779 1.11827e-05 21.2152 2 
2.26754 -6.3687e-05 -1 0.940078 0.192338 0.001845 23.8118 852510 3 21596.6 22.1473 9.91641 2 1 350.74 13.9713 25.1044 4 3 0.102897 1.15204e-05 20.7481 2 
2.26938 -6.33786e-05 -1 0.94043 0.192276 0.001845 23.8306 852526 3 10909.4 6.97762 11.6064 2 1 389.442 18.9292 20.5736 4 3 0.0984809 1.13829e-05 20.5289 2 
2.27123 -6.34037e-05 -1 0.940783 0.19227 0.001845 23.8535 852393 3 19912.8 12.7338 11.6071 2 1 374.469 14.5184 25.7927 4 3 0.0933901 1.90782e-05 16.9794 2 
2.27307 -6.35527e-05 -1 0.941136 0.192229 0.001845 23.8724 852404 3 31227.7 22.0433 11.2311 2 1 368.182 18.1807 20.2512 4 3 0.0883269 5.39168e-05 11.7884 2 
2.27492 -6.34896e-05 -1 0.941489 0.192248 0.001845 23.8912 852418 3 10890.6 10.6487 10.0752 2 1 392.191 16.1241 24.3233 4 3 0.0829239 4.92576e-05 11.896 2 
2.27676 -6.35825e-05 -1 0.941843 0.192213 0.001845 23.9119 852367 4 54891.4 9.49585 8.71952 2 1 499.864 12.6579 39.4904 4 3 0.0776061 4.08147e-05 12.3887 2 
2.27861 -6.39355e-05 -1 0.942197 0.19221 0.001845 23.9289 852447 2 3904.17 18.1892 14.6507 2 1 464.838 13.5708 34.2529 4 3 0.0745039 3.47115e-05 12.8994 2 
2.28045 -6.41912e-05 -1 0.942551 0.192158 0.001845 23.9476 852463 3 10575.2 9.94309 10.2076 2 1 786.264 31.512 24.9513 4 3 0.0784117 2.9411e-05 13.8662 2 
2.2823 -6.43553e-05 -1 0.942905 0.192148 0.001845 23.9667 852469 3 18072.2 22.3665 9.31403 2 1 451.422 12.2252 36.9257 4 3 0.0825466 2.32562e-05 15.2541 2 
2.28414 -6.46361e-05 -1 0.94326 0.19213 0.001845 23.9858 852474 3 9806.06 10.5687 9.75344 2 1 412.676 13.8444 29.8081 4 3 0.0868027 1.99772e-05 16.318 2 
2.28599 -6.46448e-05 -1 0.943614 0.192111 0.001845 24.0065 852421 4 39819 11.5172 7.66807 2 1 363.625 12.7242 28.5775 4 3 0.0912144 1.91403e-05 16.8282 2 
2.28783 -6.48545e-05 -1 0.943969 0.192089 0.001845 24.0253 852435 3 7491.95 19.1546 7.3132 2 1 895.774 25.3098 35.3923 4 3 0.0958383 1.87605e-05 17.2226 2 
2.28968 -6.47545e-05 -1 0.944324 0.192082 0.001845 24.05 852241 4 25939 14.3507 6.52034 2 1 431.241 11.9984 35.9416 4 3 0.106144 1.71237e-05 18.3696 2 
2.29152 -6.4555e-05 -1 0.944679 0.192065 0.001845 24.0688 852255 3 11179.6 19.9859 8.23952 2 1 499.187 13.6535 36.561 4 3 0.1107 1.33509e-05 20.24 2 
2.29337 -6.45855e-05 -1 0.945034 0.192035 0.001845 24.0894 852205 4 55451 14.5737 7.8539 2 1 413.547 15.6251 26.4669 4 3 0.110241 1.13265e-05 21.3508 2 
2.29521 -6.47778e-05 -1 0.945389 0.192037 0.001845 24.1082 852221 3 10656 20.576 8.03053 2 1 311.155 9.99958 31.1168 4 3 0.108686 1.05631e-05 21.75 2 
2.29706 -6.45805e-05 -1 0.945745 0.192002 0.001845 24.127 852235 3 10571 17.2327 8.49679 2 1 1239.7 30.4743 40.6802 4 3 0.105748 1.12612e-05 21.0974 2 
2.2989 -6.43636e-05 -1 0.9461 0.191991 0.001845 24.1458 852253 3 10213 12.0225 9.47079 2 1 418.965 10.3304 40.5567 4 3 0.102195 1.12254e-05 20.8806 2 
2.30075 -6.43521e-05 -1 0.946456 0.19197 0.001845 24.1646 852267 3 10780.5 21.8012 7.90775 2 1 404.61 10.5402 38.3873 4 3 0.0977261 1.08799e-05 20.7871 2 
2.30259 -6.45311e-05 -1 0.946811 0.191944 0.001845 24.1852 852218 4 21742.7 4.39816 8.38515 2 1 316.505 12.5744 25.1706 4 3 0.0929989 9.62747e-06 21.2972 2 
2.30444 -6.44523e-05 -1 0.947166 0.191935 0.001845 24.204 852235 3 12840.5 14.9567 9.50421 2 1 355.868 6.74659 52.7478 4 3 0.0879138 8.97473e-06 21.3966 2 
2.30628 -6.44075e-05 -1 0.947521 0.191889 0.001845 24.2227 852251 3 19842.8 16.0549 10.7316 2 1 349.627 10.0643 34.7394 4 3 0.0827322 7.2426e-06 22.5213 2 
2.30813 -6.38595e-05 -1 0.947876 0.191881 0.001845 24.2461 852105 4 55413.1 19.0186 7.34697 2 1 358.08 10.777 33.2264 4 3 0.0773498 7.11072e-06 22.1572 2 
2.30997 -6.44313e-05 -1 0.948229 0.191885 0.001845 24.2651 852113 3 10700.1 10.2645 10.1395 2 1 456.107 16.1028 28.3247 4 3 0.0732145 6.95941e-06 21.9116 2 
2.31182 -6.45638e-05 -1 0.94858 0.191862 0.001845 24.2874 852005 3 10223 22.8154 7.65214 2 1 470.061 14.4173 32.604 4 3 0.0770193 7.18462e-06 22.0495 2 
2.31366 -6.45978e-05 -1 0.948932 0.19186 0.001845 24.3063 852017 3 11040.1 13.993 9.24033 2 1 823.981 38.7544 21.2616 4 3 0.0808887 7.22179e-06 22.3742 2 
2.31551 -6.47533e-05 -1 0.949284 0.19184 0.001845 24.3252 852030 3 10694.6 21.6067 7.91029 2 1 462.129 17.3621 26.6172 4 3 0.0850818 7.79748e-06 22.18 2 
2.31735 -6.51726e-05 -1 0.949637 0.191793 0.001845 24.344 852044 3 8214.9 19.7451 7.4653 2 1 412.362 10.2752 40.1319 4 3 0.089467 8.48978e-06 21.9241 2 
2.3192 -6.51052e-05 -1 0.949989 0.191791 0.001845 24.3646 851994 4 17051.9 14.5925 5.8467 2 1 445.293 12.1437 36.6688 4 3 0.0940222 9.33631e-06 21.5949 2 
2.32104 -6.47509e-05 -1 0.950342 0.191767 0.001845 24.3853 851942 4 37802.8 6.07151 8.88294 2 1 336.231 8.63132 38.9547 4 3 0.097828 1.02512e-05 21.2111 2 
2.32289 -6.44464e-05 -1 0.950695 0.191736 0.001845 24.4042 851957 3 10586.4 25.6463 7.44574 2 1 389.212 13.6906 28.429 4 3 0.10728 1.21883e-05 20.647 2 
2.32473 -6.42212e-05 -1 0.951049 0.191756 0.001845 24.4248 851908 4 25607.3 6.52666 7.9144 2 1 859.228 28.3492 30.3087 4 3 0.109733 1.35062e-05 20.1034 2 
2.32658 -6.43185e-05 -1 0.951402 0.191725 0.001845 24.4495 851719 4 54561.2 12.8416 8.07357 2 1 398.425 12.5578 31.7273 4 3 0.10762 1.35225e-05 19.9655 2 
2.32842 -6.34926e-05 -1 0.951756 0.191718 0.001845 24.4701 851670 4 46522.9 5.19879 9.72616 2 1 335.504 9.23349 36.3355 4 3 0.105143 1.3196e-05 19.9731 2 
2.33027 -6.36873e-05 -1 0.95211 0.191698 0.001845 24.4908 851619 4 14933.1 4.07999 7.77809 2 1 1254.88 36.9112 33.9974 4 3 0.101523 1.26983e-05 19.9959 2 
2.33211 -6.36515e-05 -1 0.952464 0.191691 0.001845 24.5096 851634 3 10638.8 21.6415 7.89228 2 1 397.835 10.6829 37.2403 4 3 0.097207 1.25887e-05 19.7654 2 
2.33396 -6.33837e-05 -1 0.952818 0.191686 0.001845 24.5288 851635 3 10533.5 17.5279 8.43881 2 1 540.317 13.7181 39.3872 4 3 0.094665 1.24033e-05 19.6887 2 
2.3358 -6.41861e-05 -1 0.953172 0.191645 0.001845 24.5495 851583 4 9732.64 13.6084 5.17137 2 1 362.177 12.133 29.8505 4 3 0.0899421 1.19324e-05 19.607 2 
2.33765 -6.45883e-05 -1 0.953527 0.191632 0.001845 24.5703 851531 4 10858.4 9.56765 5.80417 2 1 262.146 7.16402 36.592 4 3 0.0847637 1.10502e-05 19.7218 2 
2.33949 -6.47143e-05 -1 0.953881 0.19162 0.001845 24.591 851480 4 22545.3 11.5065 6.65316 2 1 337.852 7.40379 45.6324 4 3 0.0781573 1.02495e-05 19.6829 2 
2.34134 -6.46703e-05 -1 0.954235 0.191611 0.001845 24.6117 851430 4 53331.2 15.7093 7.63319 2 1 338.261 7.33119 46.1401 4 3 0.0729386 9.27592e-06 19.8854 2 
2.34318 -6.51938e-05 -1 0.95459 0.191612 0.001845 24.6305 851444 3 7224.29 8.43196 9.49778 2 1 358.546 10.2196 35.084 4 3 0.0756605 8.62328e-06 20.6252 2 
2.34503 -6.52646e-05 -1 0.954944 0.191597 0.001845 24.6535 851317 3 6156.5 5.76735 10.22 2 1 478.606 12.1647 39.3438 4 3 0.079595 8.51582e-06 21.0646 2 
2.34687 -6.53438e-05 -1 0.955298 0.191571 0.001845 24.6723 851329 3 10789.4 19.7473 8.17516 2 1 787.829 32.3481 24.3547 4 3 0.0836039 8.53972e-06 21.3925 2 
2.34872 -6.55063e-05 -1 0.955653 0.191549 0.001845 24.6911 851345 3 10336.5 17.2222 8.43519 2 1 460.867 13.6182 33.8421 4 3 0.0879167 8.78365e-06 21.5509 2 
2.35056 -6.55617e-05 -1 0.956007 0.191551 0.001845 24.71 851359 3 10984.7 26.1185 7.49226 2 1 421.224 8.86223 47.5303 4 3 0.0922929 8.87619e-06 21.8263 2 
2.35241 -6.52074e-05 -1 0.956361 0.191524 0.001845 24.7288 851375 3 10640.8 19.9577 8.10878 2 1 321.819 13.8833 23.1803 4 3 0.102333 8.7422e-06 22.7055 2 
2.35425 -6.51479e-05 -1 0.956714 0.191524 0.001845 24.7494 851327 4 39254.3 6.81536 8.71163 2 1 329.275 9.60965 34.265 4 3 0.106592 9.31346e-06 22.5357 2 
2.3561 -6.525e-05 -1 0.957065 0.191496 0.001845 24.7682 851341 3 10242.2 21.3216 7.83174 2 1 348.89 11.2423 31.0338 4 3 0.107149 4.69611e-05 13.1649 2 
2.35794 -6.55138e-05 -1 0.957416 0.191496 0.001845 24.789 851289 4 10585.3 7.21412 6.18914 2 1 494.09 13.1618 37.5397 4 3 0.106076 5.25356e-05 12.6393 2 
2.35979 -6.54712e-05 -1 0.957768 0.191479 0.001845 24.8101 851226 4 53587.3 8.34026 8.95304 2 1 364.974 10.4838 34.813 4 3 0.102917 4.45109e-05 13.2233 2 
2.36163 -6.55413e-05 -1 0.95812 0.191473 0.001845 24.8308 851176 4 47232.9 6.3576 9.28406 2 1 425.842 8.80118 48.3846 4 3 0.0993165 3.68625e-05 13.9149 2 
2.36348 -6.54325e-05 -1 0.958472 0.191466 0.001845 24.8537 851050 3 11720.2 13.1928 9.61317 2 1 1268.52 27.6244 45.9204 4 3 0.0948329 3.19502e-05 14.3713 2 
2.36532 -6.539e-05 -1 0.958825 0.191436 0.001845 24.8726 851062 3 10563.7 26.6638 7.34455 2 1 427.198 8.66626 49.2944 4 3 0.091155 2.50467e-05 15.3819 2 
2.36717 -6.53306e-05 -1 0.959177 0.191431 0.001845 24.8914 851077 3 14449.9 17.0003 9.47259 2 1 398.947 10.2005 39.1106 4 3 0.0917686 2.03484e-05 16.5217 2 
2.36901 -6.55269e-05 -1 0.95953 0.19143 0.001845 24.9103 851090 3 7684.73 11.7481 8.68069 2 1 382.503 9.78928 39.0736 4 3 0.0880406 1.8813e-05 16.7266 2 
2.37086 -6.56103e-05 -1 0.959883 0.191403 0.001845 24.9291 851106 3 7888.73 13.6947 8.32054 2 1 582.018 11.7633 49.4776 4 3 0.0834382 1.82261e-05 16.6044 2 
2.3727 -6.58502e-05 -1 0.960236 0.191397 0.001845 24.9497 851058 4 53357.1 10.3956 8.4642 2 1 416.461 6.65719 62.558 4 3 0.0775343 1.7442e-05 16.4424 2 
2.37455 -6.63573e-05 -1 0.96059 0.191373 0.001845 24.9686 851069 3 10158.1 24.0162 7.50647 2 1 325.329 7.76266 41.9095 4 3 0.0751615 1.40064e-05 17.5075 2 
2.37639 -6.72842e-05 -1 0.960943 0.191371 0.001845 24.9893 851023 4 31881.4 6.91337 8.24066 2 1 324.58 7.31485 44.3727 4 3 0.0788496 1.13606e-05 19.0751 2 
2.37824 -6.7597e-05 -1 0.961296 0.191388 0.001845 25.0081 851038 3 7918.25 27.1558 6.63115 2 1 360.338 6.79037 53.0661 4 3 0.0828463 1.00203e-05 20.2208 2 
2.38008 -6.72125e-05 -1 0.96165 0.191374 0.001845 25.0269 851052 3 10304.4 17.1217 8.4429 2 1 854.406 27.6979 30.8473 4 3 0.0869467 1.06954e-05 20.1072 2 
2.38193 -6.72425e-05 -1 0.962003 0.191349 0.001845 25.0497 850930 3 7442.31 9.17069 9.32757 2 1 471.405 6.52077 72.2928 4 3 0.0911088 9.95787e-06 20.9153 2 
2.38377 -6.71874e-05 -1 0.962357 0.191347 0.001845 25.0704 850882 4 10708.3 3.70631 7.33152 2 1 426.716 9.63739 44.2771 4 3 0.101726 1.01182e-05 21.5829 2 
2.38562 -6.7114e-05 -1 0.962711 0.19133 0.001845 25.0876 850953 2 461.9 6.25178 8.59552 2 1 392.115 6.91577 56.6986 4 3 0.103402 1.13643e-05 20.8767 2 
2.38746 -6.71183e-05 -1 0.963064 0.191329 0.001845 25.1067 850957 3 11037.3 25.5501 7.55945 2 1 424.65 7.77331 54.6293 4 3 0.104546 1.21868e-05 20.471 2 
2.38931 -6.69145e-05 -1 0.963418 0.1913 0.001845 25.1275 850904 4 37916.7 13.733 7.2488 2 1 329.988 9.22358 35.7766 4 3 0.103315 1.24018e-05 20.2718 2 
2.39115 -6.60613e-05 -1 0.963772 0.191294 0.001845 25.1464 850916 3 16901.9 21.5235 9.22586 2 1 323.455 11.2287 28.806 4 3 0.100105 1.08767e-05 20.9565 2 
2.393 -6.54456e-05 -1 0.964125 0.19129 0.001845 25.1673 850863 4 52764.8 9.23957 8.69307 2 1 408.502 12.7232 32.107 4 3 0.0962455 8.13342e-06 22.7878 2 
2.39484 -6.50651e-05 -1 0.964479 0.191284 0.001845 25.188 850814 4 48072.8 7.85664 8.84434 2 1 479.634 11.7545 40.8043 4 3 0.0923112 7.22682e-06 23.3759 2 
2.39669 -6.55436e-05 -1 0.964832 0.191286 0.001845 25.2068 850828 3 15693.5 15.2968 10.0857 2 1 385.43 18.0352 21.371 4 3 0.0881391 7.12244e-06 23.1302 2 
2.39853 -6.58951e-05 -1 0.965185 0.191275 0.001845 25.2257 850839 3 10605.2 9.35954 10.4253 2 1 1304.17 30.3304 42.9989 4 3 0.083569 7.0525e-06 22.7982 2 
2.40038 -6.61571e-05 -1 0.965537 0.191268 0.001845 25.2446 850852 3 12215.8 25.9882 7.77527 2 1 387.658 12.8317 30.2111 4 3 0.0905422 7.43581e-06 23.006 2 
2.40222 -6.59832e-05 -1 0.965888 0.191241 0.001845 25.2635 850863 3 15306.3 14.4384 10.1965 2 1 376.785 12.1175 31.0944 4 3 0.0872955 7.49666e-06 22.666 2 
2.40407 -6.58936e-05 -1 0.96624 0.191243 0.001845 25.2824 850876 3 9775.95 23.8623 7.42704 2 1 382.243 10.727 35.6338 4 3 0.0827804 7.29949e-06 22.467 2 
2.40591 -6.58077e-05 -1 0.966591 0.191235 0.001845 25.3066 850711 4 51229.2 11.0853 8.24503 2 1 557.336 18.3847 30.3152 4 3 0.0777183 7.54395e-06 21.7591 2 
2.40776 -6.60663e-05 -1 0.966943 0.19123 0.001845 25.3254 850725 3 10763.5 16.2855 8.71066 2 1 290.877 7.11112 40.9045 4 3 0.0781712 7.79841e-06 21.5616 2 
2.4096 -6.5866e-05 -1 0.967295 0.19122 0.001845 25.3443 850737 3 8116.4 20.2154 7.37724 2 1 307.786 11.8502 25.9731 4 3 0.0821272 7.75904e-06 21.9563 2 
2.41145 -6.56254e-05 -1 0.967647 0.191212 0.001845 25.365 850690 4 31566.6 4.49693 9.1533 2 1 325.255 6.59876 49.2903 4 3 0.0861408 7.73672e-06 22.3298 2 
2.41329 -6.5917e-05 -1 0.968 0.191207 0.001845 25.3857 850640 4 23422.3 5.07028 8.24422 2 1 868.377 37.0617 23.4306 4 3 0.08944 7.63315e-06 22.7131 2 
2.41514 -6.58495e-05 -1 0.968352 0.191192 0.001845 25.4045 850655 3 10287 22.4093 7.71413 2 1 468.769 10.5948 44.2452 4 3 0.098795 7.2865e-06 23.8454 2 
2.41698 -6.57544e-05 -1 0.968705 0.191203 0.001845 25.4234 850669 3 10461.6 12.4379 9.43952 2 1 445.486 12.2055 36.4987 4 3 0.101204 6.74393e-06 24.6658 2 
2.41883 -6.58674e-05 -1 0.969058 0.191192 0.001845 25.4449 850592 3 10635.3 17.9552 8.39822 2 1 412.738 10.8195 38.1477 4 3 0.101151 6.36968e-06 25.1353 2 
2.42067 -6.61693e-05 -1 0.96941 0.191196 0.001845 25.4638 850607 3 10462 18.1864 8.31678 2 1 380.159 11.324 33.5712 4 3 0.100209 6.15704e-06 25.3422 2 
2.42252 -6.60602e-05 -1 0.969763 0.191173 0.001845 25.4844 850560 4 39985.8 8.48733 8.28483 2 1 421.074 8.48812 49.6074 4 3 0.0970199 6.38438e-06 24.7693 2 
2.42436 -6.62064e-05 -1 0.970116 0.191179 0.001845 25.5033 850575 3 11194.2 17.452 8.62415 2 1 296.139 10.7376 27.5796 4 3 0.0931964 6.77384e-06 23.9619 2 
2.42621 -6.61054e-05 -1 0.97047 0.191158 0.001845 25.5239 850528 4 52188.5 7.79604 9.04534 2 1 362.365 10.1909 35.5576 4 3 0.0893857 6.97042e-06 23.4065 2 
2.42805 -6.60636e-05 -1 0.970823 0.191119 0.001845 25.5427 850543 3 9242.1 23.4324 7.33362 2 1 456.453 9.04506 50.4643 4 3 0.0852228 8.98973e-06 21.1643 2 
2.4299 -6.58173e-05 -1 0.971176 0.191148 0.001845 25.5634 850496 4 46568.5 4.43983 10.12 2 1 519.88 10.0493 51.733 4 3 0.080654 1.32345e-05 18.2658 2 
2.43174 -6.58181e-05 -1 0.971529 0.191137 0.001845 25.5841 850450 4 24209 7.12085 7.63592 2 1 1313.57 30.5987 42.9288 4 3 0.0780142 1.43998e-05 17.5633 2 
2.43359 -6.54698e-05 -1 0.971882 0.191132 0.001845 25.6029 850463 3 16174.1 14.4781 10.3762 2 1 437.169 10.6894 40.8974 4 3 0.0867737 1.48526e-05 18.0106 2 
2.43543 -6.56749e-05 -1 0.972235 0.19114 0.001845 25.6218 850477 3 10504.1 29.3269 7.10173 2 1 381.038 11.7899 32.319 4 3 0.0847224 1.27068e-05 18.8215 2 
2.43728 -6.57408e-05 -1 0.972588 0.191116 0.001845 25.6464 850298 4 51138.6 11.0803 8.24232 2 1 378.868 12.1689 31.1341 4 3 0.0811179 1.15139e-05 19.1704 2 
2.43912 -6.60684e-05 -1 0.972941 0.191136 0.001845 25.6652 850313 3 15029.6 14.5583 10.1068 2 1 372.64 14.4223 25.8378 4 3 0.0775965 2.78745e-05 14.0673 2 
2.44097 -6.6203e-05 -1 0.973294 0.19112 0.001845 25.684 850329 3 10197.7 11.3258 9.65629 2 1 367.124 13.9233 26.3676 4 3 0.0814049 5.8317e-05 11.176 2 
2.44281 -6.62098e-05 -1 0.973647 0.19112 0.001845 25.701 850405 2 541.9 4.37422 11.1304 2 1 528.37 12.5484 42.1064 4 3 0.0850355 5.14292e-05 11.8249 2 
2.44466 -6.61561e-05 -1 0.974 0.191114 0.001845 25.7198 850420 3 9556.25 9.62513 9.97609 2 1 299.592 9.44265 31.7276 4 3 0.094157 4.24749e-05 13.0389 2 
2.4465 -6.62723e-05 -1 0.974351 0.191106 0.001845 25.7386 850435 3 31676.1 26.5108 10.6113 2 1 322.325 8.82112 36.5401 4 3 0.0974069 3.5759e-05 13.9659 2 
2.44835 -6.69769e-05 -1 0.974703 0.191081 0.001845 25.7574 850451 3 20319.2 27.862 9.00116 2 1 897.398 34.7344 25.836 4 3 0.097789 2.74609e-05 15.2707 2 
2.45019 -6.70661e-05 -1 0.975054 0.191085 0.001845 25.7762 850465 3 13443.1 14.9706 9.64761 2 1 443.223 8.61375 51.4552 4 3 0.0974253 2.12135e-05 16.6221 2 
2.45204 -6.75329e-05 -1 0.975406 0.191059 0.001845 25.795 850480 3 24371.6 12.1372 12.616 2 1 430.78 11.0289 39.0591 4 3 0.0958428 1.85731e-05 17.2806 2 
2.45388 -6.71332e-05 -1 0.975757 0.19109 0.001845 25.8138 850497 3 8131.06 10.708 9.12319 2 1 379.568 6.66476 56.9515 4 3 0.0931914 1.70773e-05 17.6057 2 
2.45573 -6.69371e-05 -1 0.976109 0.191074 0.001845 25.8307 850576 2 7054.87 20.0848 18.7418 2 1 377.545 7.61222 49.5973 4 3 0.0895084 1.68876e-05 17.4354 2 
2.45757 -6.6956e-05 -1 0.976461 0.191085 0.001845 25.8514 850529 4 39232.7 7.19123 8.59432 2 1 402.267 10.5863 37.9989 4 3 0.0857911 1.52771e-05 17.7746 2 
2.45942 -6.65702e-05 -1 0.976814 0.19108 0.001845 25.8721 850479 4 51963.8 19.52 7.18299 2 1 281.18 18.5956 15.1208 4 3 0.0815007 1.21231e-05 18.8734 2 
2.46126 -6.58899e-05 -1 0.977166 0.191039 0.001845 25.8909 850494 3 11444.9 16.4177 8.86679 2 1 462.653 8.36622 55.3001 4 3 0.0792984 1.09903e-05 19.3234 2 
2.46311 -6.59416e-05 -1 0.977519 0.191057 0.001845 25.9117 850447 4 47690.7 9.73218 8.36673 2 1 473.786 18.5479 25.5439 4 3 0.0791704 1.08445e-05 19.3992 2 
2.46495 -6.56275e-05 -1 0.977871 0.19108 0.001845 25.9305 850461 3 10494.6 15.9732 8.69343 2 1 445.981 10.4901 42.5145 4 3 0.0775397 1.09059e-05 19.2289 2 
2.4668 -6.56662e-05 -1 0.978224 0.191066 0.001845 25.9535 850339 3 24735.2 29.2492 9.45657 2 1 1317.67 30.9186 42.6175 4 3 0.0839485 1.00453e-05 20.2932 2 
2.46864 -6.58341e-05 -1 0.978576 0.191065 0.001845 25.9741 850293 4 51066.5 7.38278 9.11967 2 1 379.206 10.2438 37.0181 4 3 0.0858217 9.9244e-06 20.5257 2 
2.47049 -6.63031e-05 -1 0.978929 0.191087 0.001845 25.9929 850309 3 16530.9 29.1614 8.27616 2 1 368.791 10.0559 36.6741 4 3 0.081652 9.50735e-06 20.4787 2 
2.47233 -6.65566e-05 -1 0.979282 0.191047 0.001845 26.0118 850321 3 12294.7 21.3761 8.31629 2 1 397.031 7.9233 50.1092 4 3 0.0805911 8.16658e-06 21.4494 2 
2.47418 -6.64829e-05 -1 0.979635 0.191049 0.001845 26.0307 850335 3 10381.3 17.1164 8.46472 2 1 373.186 9.99515 37.3367 4 3 0.0898763 7.30924e-06 23.0812 2 
2.47602 -6.6363e-05 -1 0.979988 0.191058 0.001845 26.0495 850350 3 15010.7 11.9413 10.7923 2 1 352.446 7.30219 48.2657 4 3 0.0933553 7.61113e-06 23.062 2 
2.47787 -6.62252e-05 -1 0.980341 0.191044 0.001845 26.0683 850364 3 10637.3 18.485 8.31771 2 1 261.301 9.47928 27.5655 4 3 0.0939475 8.0885e-06 22.6467 2 
2.47971 -6.60367e-05 -1 0.980693 0.19106 0.001845 26.0871 850381 3 10102.1 9.28921 10.2836 2 1 486.872 11.8932 40.937 4 3 0.0941338 8.46014e-06 22.3249 2 
2.48156 -6.62985e-05 -1 0.981046 0.191047 0.001845 26.1077 850336 4 32019.9 4.44297 9.21376 2 1 319.822 10.4404 30.6332 4 3 0.0928944 8.61365e-06 22.0937 2 
2.4834 -6.65937e-05 -1 0.981399 0.191048 0.001845 26.1265 850353 3 21347 23.9654 9.62169 2 1 919.268 38.3928 23.9438 4 3 0.0910241 8.68381e-06 21.8851 2 
2.48525 -6.68906e-05 -1 0.981752 0.191048 0.001845 26.1453 850368 3 10641.9 27.6188 7.27675 2 1 422.256 10.9095 38.7055 4 3 0.0886446 8.37014e-06 21.9604 2 
2.48709 -6.69296e-05 -1 0.982105 0.191042 0.001845 26.1639 850387 3 10146.5 19.7464 8.00959 2 1 417.775 9.81855 42.5496 4 3 0.0852195 8.80615e-06 21.31 2 
2.48894 -6.7566e-05 -1 0.982458 0.191037 0.001845 26.1846 850341 4 12582.4 3.50572 7.74011 2 1 388.524 11.2349 34.5818 4 3 0.0820474 9.47998e-06 20.5314 2 
2.49078 -6.74291e-05 -1 0.98281 0.19103 0.001845 26.2033 850359 3 25091 21.9086 10.4625 2 1 338.509 11.9763 28.265 4 3 0.0826563 9.36603e-06 20.6652 2 
2.49263 -6.67888e-05 -1 0.983161 0.191025 0.001845 26.224 850314 4 52171.2 5.23119 9.99327 2 1 419.42 9.90669 42.3371 4 3 0.0808288 8.73991e-06 20.9904 2 
2.49447 -6.64507e-05 -1 0.983513 0.191027 0.001845 26.2428 850330 3 8416.64 21.9265 7.26758 2 1 313.391 7.59418 41.2673 4 3 0.0781958 8.70851e-06 20.7848 2 
2.49632 -6.65697e-05 -1 0.983864 0.191029 0.001845 26.2615 850347 3 7689.6 19.7496 7.30212 2 1 493.968 7.08738 69.6969 4 3 0.0775639 8.72172e-06 20.7182 2 
2.49816 -6.66236e-05 -1 0.984216 0.191023 0.001845 26.2821 850304 4 46494.6 8.35302 8.63753 2 1 486.926 6.75648 72.0681 4 3 0.0766196 1.16728e-05 18.7235 2 
2.50001 -6.61251e-05 -1 0.984568 0.191029 0.001845 26.3043 850209 3 17175.3 27.9009 8.50672 2 1 294.253 6.25867 47.0152 4 3 0.0741602 1.30992e-05 17.8228 2 
2.50185 -6.64753e-05 -1 0.98492 0.191022 0.001845 26.325 850164 4 49258.7 8.99674 8.602 2 1 1324.39 34.4631 38.4293 4 3 0.0825321 1.36563e-05 18.2151 2 
2.5037 -6.68495e-05 -1 0.985272 0.191044 0.001845 26.3456 850120 4 8030.78 11.2584 5.16797 2 1 407.797 11.9523 34.1186 4 3 0.0849251 1.16717e-05 19.3776 2 
2.50554 -6.70199e-05 -1 0.985624 0.191046 0.001845 26.3664 850073 4 10680.7 9.21463 5.83486 2 1 343.155 7.64055 44.9124 4 3 0.088763 1.14717e-05 19.7788 2 
2.50739 -6.71008e-05 -1 0.985976 0.191044 0.001845 26.387 850029 4 16762 9.82526 6.42681 2 1 388.255 6.91627 56.1365 4 3 0.0894783 1.13112e-05 19.9252 2 
2.50923 -6.72912e-05 -1 0.986329 0.191032 0.001845 26.4057 850047 3 10496.5 27.4008 7.26263 2 1 377.129 6.85861 54.9861 4 3 0.0898919 1.06923e-05 20.3337 2 
2.51108 -6.70562e-05 -1 0.986681 0.191032 0.001845 26.4264 850002 4 13287.1 3.51159 7.84299 2 1 367.768 10.4849 35.0759 4 3 0.089155 9.75975e-06 20.9043 2 
2.51292 -6.70326e-05 -1 0.987034 0.191023 0.001845 26.4451 850020 3 15141.7 21.4543 8.90335 2 1 305.981 6.75774 45.2786 4 3 0.0878313 9.02612e-06 21.3493 2 
2.51477 -6.70886e-05 -1 0.987386 0.191055 0.001845 26.4639 850035 3 10630.7 27.9534 7.24506 2 1 386.021 7.93647 48.6389 4 3 0.085933 8.50909e-06 21.6152 2 
2.51661 -6.73307e-05 -1 0.987739 0.191046 0.001845 26.4827 850050 3 9190.95 23.3291 7.33085 2 1 324.261 12.5068 25.9268 4 3 0.0838528 8.61484e-06 21.3513 2 
2.51846 -6.7451e-05 -1 0.988092 0.19101 0.001845 26.5015 850067 3 30309.2 19.9983 11.4867 2 1 933.027 32.5067 28.7026 4 3 0.0805809 8.7096e-06 20.9932 2 
2.5203 -6.79617e-05 -1 0.988444 0.191058 0.001845 26.5202 850083 3 21007.9 13.8675 11.4849 2 1 417.227 11.969 34.8589 4 3 0.0771136 8.76886e-06 20.6409 2 
2.52215 -6.83128e-05 -1 0.988797 0.191052 0.001845 26.5419 850006 3 10863.2 23.528 7.72902 2 1 417.704 12.3046 33.947 4 3 0.0810432 1.1716e-05 19.0537 2 
2.52399 -6.88097e-05 -1 0.98915 0.191033 0.001845 26.5607 850022 3 8723.35 15.4571 8.26391 2 1 426.444 9.49111 44.9309 4 3 0.0820536 5.90876e-05 11.1567 2 
2.52584 -6.8919e-05 -1 0.989503 0.191058 0.001845 26.5794 850039 3 12899.3 19.1428 8.76704 2 1 354.28 8.96537 39.5165 4 3 0.0805732 7.23632e-05 10.3647 2 
2.52768 -6.94486e-05 -1 0.989856 0.19103 0.001845 26.6019 849936 5 49166.8 10.1063 5.46281 2 1 402.168 9.19274 43.7484 4 3 0.077406 6.23071e-05 10.7501 2 
2.52953 -6.88031e-05 -1 0.990209 0.190983 0.001845 26.6207 849952 3 25576.2 25.7849 9.97295 2 1 332.672 19.2377 17.2927 4 3 0.0765122 5.06309e-05 11.4755 2 
2.53137 -6.83508e-05 -1 0.990561 0.191022 0.001845 26.6434 849841 3 10480.5 17.9228 8.36229 2 1 434.161 13.6555 31.7939 4 3 0.0757361 4.54271e-05 11.8576 2 
2.53322 -6.82529e-05 -1 0.990914 0.191037 0.001845 26.6641 849798 4 49395.5 15.7828 7.47956 2 1 444.9 12.7329 34.9411 4 3 0.0806564 3.58633e-05 13.1018 2 
2.53506 -6.8883e-05 -1 0.991267 0.191074 0.001845 26.681 849872 2 3099.55 16.6354 13.65 2 1 271.385 12.4254 21.8412 4 3 0.0838564 2.97929e-05 14.1191 2 
2.53691 -6.94843e-05 -1 0.991619 0.191085 0.001845 26.6997 849890 3 17197.6 16.0345 10.2362 2 1 1352.03 33.836 39.9583 4 3 0.0848631 2.70967e-05 14.6308 2 
2.53875 -6.95816e-05 -1 0.99197 0.191042 0.001845 26.7185 849907 3 24789.9 27.7932 9.62598 2 1 305.601 14.4029 21.218 4 3 0.0854169 2.64433e-05 14.7823 2 
2.5406 -6.95099e-05 -1 0.992322 0.191082 0.001845 26.7372 849924 3 10364.5 22.8829 7.67973 2 1 361.154 9.30328 38.8201 4 3 0.0846913 2.54567e-05 14.9284 2 
2.54244 -6.98886e-05 -1 0.992673 0.191058 0.001845 26.7542 849997 2 756.223 5.8613 11.3587 2 1 423.276 9.50496 44.5321 4 3 0.083605 2.13939e-05 15.7512 2 
2.54429 -6.99832e-05 -1 0.993025 0.191054 0.001845 26.773 850012 3 10539.7 18.875 8.23468 2 1 396.593 7.08305 55.9919 4 3 0.0821983 1.67209e-05 17.0033 2 
2.54613 -6.98455e-05 -1 0.993377 0.191057 0.001845 26.7937 849968 4 17686.6 10.1321 6.46377 2 1 363.555 6.07231 59.8709 4 3 0.0804528 1.48451e-05 17.5652 2 
2.54798 -6.97773e-05 -1 0.993729 0.191064 0.001845 26.8124 849985 3 13487.8 23.9209 8.26142 2 1 360.364 6.5987 54.6114 4 3 0.078108 1.58592e-05 17.014 2 
2.54982 -6.97484e-05 -1 0.994081 0.191081 0.001845 26.8311 850004 3 15414.2 14.6734 10.1655 2 1 283.528 7.18025 39.4872 4 3 0.0756301 1.47673e-05 17.2371 2 
2.55167 -6.9927e-05 -1 0.994434 0.191078 0.001845 26.854 849890 3 10223.7 17.0463 8.43321 2 1 324.393 8.91583 36.3839 4 3 0.0719928 1.39612e-05 17.2765 2 
2.55351 -6.97308e-05 -1 0.994786 0.191072 0.001845 26.8729 849900 3 31401.1 21.3609 11.3704 2 1 961.505 42.1515 22.8107 4 3 0.071763 1.36544e-05 17.3864 2 
2.55536 -6.95687e-05 -1 0.995139 0.191084 0.001845 26.8917 849916 3 10056.9 15.3733 8.6809 2 1 390.902 8.48509 46.0693 4 3 0.0798894 1.33192e-05 18.1692 2 
2.5572 -6.9437e-05 -1 0.995491 0.191075 0.001845 26.9105 849932 3 20924.9 13.3437 11.6179 2 1 412.419 9.78545 42.1461 4 3 0.0817393 1.02708e-05 19.9653 2 
2.55905 -6.94959e-05 -1 0.995844 0.191072 0.001845 26.9293 849944 3 11030.9 9.34938 10.5668 2 1 397.831 9.68244 41.0879 4 3 0.0805455 8.94753e-06 20.8024 2 
2.56089 -6.98376e-05 -1 0.996196 0.191097 0.001845 26.95 849900 4 50144.4 6.43277 9.39629 2 1 347.533 9.79845 35.4682 4 3 0.0781206 9.26301e-06 20.355 2 
2.56274 -7.02322e-05 -1 0.996549 0.191097 0.001845 26.9707 849857 4 39416.5 9.70462 7.98316 2 1 347.952 13.3952 25.9758 4 3 0.0770462 9.26971e-06 20.2564 2 
2.56458 -7.04624e-05 -1 0.996902 0.191121 0.001845 26.9895 849870 3 10354.8 16.8654 8.49927 2 1 374.106 12.8749 29.0571 4 3 0.0797898 9.45847e-06 20.3568 2 
2.56643 -7.06893e-05 -1 0.997255 0.191109 0.001845 27.0107 849810 4 47906.4 10.8931 8.14349 2 1 405.166 11.3612 35.6621 4 3 0.0801548 1.04798e-05 19.7027 2 
2.56827 -7.10433e-05 -1 0.997608 0.191115 0.001845 27.0315 849764 4 45210.8 4.71168 9.8973 2 1 424.502 12.0455 35.2415 4 3 0.080452 1.12592e-05 19.2609 2 
2.57012 -7.09643e-05 -1 0.997961 0.191126 0.001845 27.0484 849837 2 3754.93 20.984 13.3769 2 1 303.33 9.23873 32.8324 4 3 0.0800873 1.05769e-05 19.6367 2 
2.57196 -7.06357e-05 -1 0.998314 0.191108 0.001845 27.0672 849853 3 9965.19 19.832 7.9501 2 1 1324.41 29.5117 44.8775 4 3 0.0790994 8.3112e-06 21.1919 2 
2.57381 -7.05903e-05 -1 0.998667 0.191105 0.001845 27.086 849866 3 17395.4 23.8827 8.99741 2 1 296.771 7.7524 38.2812 4 3 0.0780374 8.42421e-06 21.0019 2 
2.57565 -7.03018e-05 -1 0.99902 0.191123 0.001845 27.1067 849824 4 24549.7 13.377 6.54518 2 1 292.401 8.79328 33.2528 4 3 0.0764846 8.53055e-06 20.7746 2 
2.5775 -6.98801e-05 -1 0.999373 0.19111 0.001845 27.1254 849841 3 10132.3 11.4968 9.58761 2 1 365.59 9.07623 40.2799 4 3 0.0744518 8.58354e-06 20.5464 2 
2.57934 -6.95802e-05 -1 0.999726 0.191152 0.001845 27.1441 849858 3 9315.78 22.0713 7.5012 2 1 381.3 9.43235 40.4247 4 3 0.0723777 8.60335e-06 20.3382 2 
2.58119 -6.96827e-05 -1 1.00008 0.191142 0.001845 27.1629 849876 3 10029.3 17.1273 8.3662 2 1 371.666 6.33422 58.6759 4 3 0.0699037 8.67198e-06 20.0506 2 
2.58303 -6.96256e-05 -1 1.00043 0.191148 0.001845 27.1835 849833 4 17657 3.69427 8.31471 2 1 357.286 8.25084 43.303 4 3 0.0672224 8.78968e-06 19.7022 2 
2.58488 -6.96753e-05 -1 1.00078 0.19118 0.001845 27.2023 849848 3 13611.6 26.9087 7.9678 2 1 310.339 7.68528 40.3809 4 3 0.0674843 8.96167e-06 19.6007 2 
2.58672 -7.02476e-05 -1 1.00113 0.191139 0.001845 27.2211 849864 3 8572.72 21.5384 7.35588 2 1 368.106 8.09549 45.4705 4 3 0.0702802 9.1308e-06 19.7443 2 
2.58857 -7.03748e-05 -1 1.00149 0.191154 0.001845 27.2416 849824 4 33030.1 8.36285 7.92755 2 1 957.864 47.4355 20.193 4 3 0.0786403 9.54382e-06 20.198 2 
2.59041 -7.05625e-05 -1 1.00184 0.19117 0.001845 27.2604 849838 3 10101.5 25.2394 7.36946 2 1 311.083 10.397 29.9205 4 3 0.0811425 8.81579e-06 20.957 2 
2.59226 -7.06384e-05 -1 1.00219 0.191169 0.001845 27.2792 849854 3 10044.7 8.95383 10.3906 2 1 389.46 12.1193 32.1357 4 3 0.0802872 7.43342e-06 22.1048 2 
2.5941 -7.05663e-05 -1 1.00254 0.191188 0.001845 27.3014 849764 3 21057 14.5954 11.2995 2 1 363.085 6.6287 54.7747 4 3 0.0788354 6.99817e-06 22.4171 2 
2.59595 -7.00082e-05 -1 1.00289 0.191166 0.001845 27.3221 849721 4 48396.4 16.35 7.37605 2 1 346.492 10.821 32.0205 4 3 0.0763072 6.96173e-06 22.2135 2 
2.59779 -6.92942e-05 -1 1.00325 0.191184 0.001845 27.3409 849735 3 10148.3 9.82199 10.1095 2 1 363.149 8.03262 45.2094 4 3 0.0761812 6.97502e-06 22.1871 2 
2.59964 -6.93378e-05 -1 1.0036 0.191188 0.001845 27.3615 849693 4 46817.5 11.5057 7.98681 2 1 423.315 14.7501 28.6992 4 3 0.0755465 6.71934e-06 22.4025 2 
2.60148 -6.96381e-05 -1 1.00395 0.191182 0.001845 27.3804 849707 3 13004.6 16.3399 9.26721 2 1 333.322 11.8853 28.0449 4 3 0.0748861 6.62798e-06 22.4392 2 
2.60333 -6.95932e-05 -1 1.0043 0.191213 0.001845 27.4009 849667 4 45243.8 4.52499 9.99966 2 1 386.394 13.974 27.6509 4 3 0.0738934 7.53388e-06 21.4057 2 
2.60517 -6.99121e-05 -1 1.00466 0.191205 0.001845 27.4197 849683 3 9881.41 19.3502 7.99302 2 1 307.851 16.8315 18.2902 4 3 0.0726907 7.4873e-06 21.333 2 
2.60702 -6.99741e-05 -1 1.00501 0.191219 0.001845 27.4404 849640 4 25995.3 6.72683 7.88445 2 1 422.036 14.7309 28.6498 4 3 0.0773099 1.43546e-05 17.5286 2 
2.60886 -6.97664e-05 -1 1.00536 0.19123 0.001845 27.4592 849655 3 9988.57 12.475 9.28584 2 1 1323.91 31.2258 42.398 4 3 0.0738851 5.11742e-05 11.3023 2 
2.61071 -7.01243e-05 -1 1.00572 0.191229 0.001845 27.4797 849615 4 17817.9 13.9219 5.98122 2 1 303.332 18.6445 16.2693 4 3 0.069592 5.0168e-05 11.1526 2 
2.61255 -6.98132e-05 -1 1.00607 0.191213 0.001845 27.4985 849631 3 24574.3 23.5364 10.1449 2 1 287.262 8.96598 32.0391 4 3 0.0648272 4.14029e-05 11.612 2 
2.6144 -6.97296e-05 -1 1.00642 0.191229 0.001845 27.5173 849647 3 10235.3 24.3139 7.49461 2 1 348.815 13.6167 25.6168 4 3 0.0626702 3.51522e-05 12.1256 2 
2.61624 -6.96732e-05 -1 1.00678 0.191241 0.001845 27.536 849664 3 10001 15.5326 8.63507 2 1 405.542 9.73892 41.6414 4 3 0.0628038 3.0194e-05 12.765 2 
2.61809 -7.00522e-05 -1 1.00713 0.19125 0.001845 27.5557 849652 2 3279.33 14.9879 14.7918 2 1 366.607 8.4509 43.3808 4 3 0.0656046 2.3715e-05 14.0379 2 
2.61993 -7.02389e-05 -1 1.00748 0.19128 0.001845 27.5744 849669 3 9319.02 14.749 8.58095 2 1 356.097 8.56355 41.5829 4 3 0.0683051 2.07253e-05 14.8816 2 
2.62178 -7.04685e-05 -1 1.00784 0.191266 0.001845 27.5951 849627 4 18405 6.50308 7.2938 2 1 330.652 7.95096 41.5865 4 3 0.0710635 1.93164e-05 15.4374 2 
2.62362 -7.04777e-05 -1 1.00819 0.191272 0.001845 27.6139 849640 3 10401.6 15.419 8.77031 2 1 359.788 7.75546 46.3915 4 3 0.0795839 1.90242e-05 16.1129 2 
2.62547 -7.02884e-05 -1 1.00854 0.191274 0.001845 27.6345 849599 4 32469.5 5.68184 8.69454 2 1 964.527 45.6247 21.1405 4 3 0.0798803 1.74403e-05 16.6072 2 
2.62731 -7.0231e-05 -1 1.00889 0.191262 0.001845 27.6562 849527 3 10171.8 8.03028 10.8199 2 1 374.724 9.71492 38.572 4 3 0.0793413 1.3606e-05 17.9993 2 
2.62916 -7.01381e-05 -1 1.00925 0.191293 0.001845 27.6768 849485 4 50351.4 9.7554 8.47601 2 1 354.88 8.71575 40.7171 4 3 0.0767231 1.16525e-05 18.7428 2 
2.631 -7.03181e-05 -1 1.0096 0.191283 0.001845 27.6956 849500 3 21440.3 15.8711 11.0546 2 1 342.31 9.07905 37.7033 4 3 0.0733806 1.09687e-05 18.8427 2 
2.63285 -7.05394e-05 -1 1.00995 0.191302 0.001845 27.7162 849460 4 46019.2 9.04292 8.44613 2 1 329.112 9.26169 35.5348 4 3 0.0724723 1.13943e-05 18.528 2 
2.63469 -7.08638e-05 -1 1.0103 0.19132 0.001845 27.737 849412 4 38998.2 7.58358 8.46823 2 1 338.114 8.14689 41.5021 4 3 0.0727432 1.06265e-05 18.9875 2 
2.63654 -7.09059e-05 -1 1.01066 0.191321 0.001845 27.7558 849429 3 10380 12.6145 9.37079 2 1 387.358 24.3445 15.9115 4 3 0.0723799 1.04276e-05 19.0756 2 
2.63838 -7.11071e-05 -1 1.01101 0.191331 0.001845 27.7764 849389 4 45582.9 6.67475 9.09058 2 1 352.869 10.1956 34.6098 4 3 0.0707295 9.91125e-06 19.2527 2 
2.64023 -7.11364e-05 -1 1.01136 0.19133 0.001845 27.797 849348 4 12801.2 7.85521 6.35365 2 1 320.821 9.84297 32.5939 4 3 0.07026 1.01158e-05 19.0796 2 
2.64207 -7.09371e-05 -1 1.01171 0.191336 0.001845 27.8177 849307 4 9568.59 2.66583 7.74023 2 1 416.686 9.19414 45.3209 4 3 0.0767746 9.12092e-06 20.342 2 
2.64392 -7.0917e-05 -1 1.01207 0.19136 0.001845 27.8364 849322 3 9807.85 22.5179 7.58022 2 1 1334.19 32.479 41.0785 4 3 0.0745159 9.72719e-06 19.713 2 
2.64576 -7.09226e-05 -1 1.01242 0.191364 0.001845 27.8552 849338 3 10486.3 10.7823 9.90764 2 1 283.173 9.95156 28.4551 4 3 0.070744 9.22394e-06 19.7208 2 
2.64761 -7.10772e-05 -1 1.01277 0.191373 0.001845 27.876 849292 4 26840.1 5.62405 8.31158 2 1 287.476 10.566 27.2078 4 3 0.0660246 8.37759e-06 19.9004 2 
2.64945 -7.11183e-05 -1 1.01313 0.1914 0.001845 27.8948 849308 3 24918.5 25.4715 9.9271 2 1 265.757 12.7818 20.7918 4 3 0.0650703 7.85935e-06 20.2301 2 
2.6513 -7.0873e-05 -1 1.01348 0.191376 0.001845 27.9135 849325 3 11842.6 22.714 8.04855 2 1 392.86 14.56 26.9822 4 3 0.065075 7.70071e-06 20.3686 2 
2.65314 -7.0023e-05 -1 1.01383 0.191383 0.001845 27.9323 849340 3 8663.88 2.96962 14.2891 2 1 348.208 12.6182 27.5958 4 3 0.0659094 7.55705e-06 20.5841 2 
2.65499 -6.98517e-05 -1 1.01419 0.191378 0.001845 27.951 849357 3 9751.78 6.54828 11.4196 2 1 349.804 13.3876 26.129 4 3 0.068563 7.37507e-06 21.0269 2 
2.65683 -6.97115e-05 -1 1.01454 0.1914 0.001845 27.9698 849373 3 10278.4 12.6705 9.32634 2 1 348.468 7.67011 45.4319 4 3 0.0708475 7.22199e-06 21.407 2 
2.65868 -6.97172e-05 -1 1.01489 0.191404 0.001845 27.9886 849389 3 18166.4 13.9543 10.9191 2 1 320.136 6.16297 51.9451 4 3 0.0780741 7.34004e-06 21.9922 2 
2.66052 -6.99415e-05 -1 1.01525 0.191432 0.001845 28.0073 849406 3 14391.6 22.5352 8.61157 2 1 965.124 34.4124 28.0458 4 3 0.0795273 7.2944e-06 22.1739 2 
2.66237 -7.04332e-05 -1 1.0156 0.191417 0.001845 28.028 849363 4 32361.2 4.50395 9.20678 2 1 321.854 9.51074 33.8412 4 3 0.0784224 7.37505e-06 21.99 2 
2.66421 -7.04941e-05 -1 1.01595 0.191432 0.001845 28.0527 849198 4 49850 9.95605 8.41191 2 1 328.081 7.96432 41.1939 4 3 0.0759384 7.5611e-06 21.5754 2 
2.66606 -7.00509e-05 -1 1.01631 0.191433 0.001845 28.0734 849157 4 45622.6 15.4417 7.37261 2 1 362.414 12.879 28.1399 4 3 0.0723067 7.73696e-06 21.0638 2 
2.6679 -7.03473e-05 -1 1.01666 0.191441 0.001845 28.0921 849174 3 22068.1 17.012 10.9061 2 1 382.87 11.2757 33.9554 4 3 0.0728457 7.91048e-06 20.9604 2 
2.66975 -7.04401e-05 -1 1.01701 0.19148 0.001845 28.1109 849191 3 10488.7 7.8838 10.9984 2 1 303.717 7.47526 40.6296 4 3 0.0729254 7.98418e-06 20.9034 2 
2.67159 -7.06687e-05 -1 1.01736 0.191476 0.001845 28.1315 849150 4 38319.9 13.4307 7.30855 2 1 305.755 8.23655 37.1218 4 3 0.0723715 9.67735e-06 19.5556 2 
2.67344 -7.02407e-05 -1 1.01772 0.191474 0.001845 28.1522 849109 4 10319.9 9.51427 5.73885 2 1 332.023 21.3419 15.5573 4 3 0.0700765 9.70819e-06 19.3261 2 
2.67528 -7.01505e-05 -1 1.01807 0.191488 0.001845 28.1728 849069 4 44240.8 11.3595 7.8998 2 1 303.858 9.89736 30.7009 4 3 0.0685337 9.23248e-06 19.5072 2 
2.67713 -7.03104e-05 -1 1.01842 0.191498 0.001845 28.1915 849086 3 13684.4 16.9287 9.31537 2 1 435.18 10.7819 40.362 4 3 0.0735382 8.21236e-06 20.7658 2 
2.67897 -7.03247e-05 -1 1.01878 0.191516 0.001845 28.2103 849102 3 10469.4 25.9563 7.38855 2 1 319.614 9.69085 32.981 4 3 0.0780514 8.27568e-06 21.128 2 
2.68082 -7.04503e-05 -1 1.01913 0.191528 0.001845 28.2291 849116 3 7897.63 19.2266 7.43358 2 1 1200.76 29.0248 41.3702 4 3 0.0735995 8.27836e-06 20.7162 2 
2.68266 -7.0545e-05 -1 1.01948 0.191536 0.001845 28.2479 849132 3 10314.4 18.4955 8.23113 2 1 287.336 9.29488 30.9134 4 3 0.0692805 8.26887e-06 20.3105 2 
2.68451 -7.07398e-05 -1 1.01983 0.191532 0.001845 28.2667 849146 3 10025.5 28.6088 7.05021 2 1 276.045 11.8428 23.3091 4 3 0.0647189 8.24303e-06 19.8753 2 
2.68635 -7.07735e-05 -1 1.02019 0.191542 0.001845 28.2873 849106 4 26815.9 8.08479 7.58893 2 1 252.215 7.03416 35.8557 4 3 0.0631915 8.01162e-06 19.9058 2 
2.6882 -7.0677e-05 -1 1.02054 0.191546 0.001845 28.3096 849018 3 10466.9 25.7893 7.40387 2 1 310.224 9.16243 33.8583 4 3 0.065834 7.91497e-06 20.2613 2 
2.69004 -7.08248e-05 -1 1.02089 0.191549 0.001845 28.3284 849032 3 11894.2 27.3222 7.57892 2 1 368.776 13.4539 27.4104 4 3 0.0683863 7.7183e-06 20.6926 2 
2.69189 -7.08566e-05 -1 1.02125 0.191566 0.001845 28.3472 849047 3 8441.51 11.1466 9.11506 2 1 355.563 8.7321 40.719 4 3 0.0766346 2.65571e-05 14.2369 2 
2.69373 -7.09031e-05 -1 1.0216 0.191588 0.001845 28.3659 849064 3 10213 17.4218 8.36925 2 1 360.098 11.0263 32.6582 4 3 0.0793934 5.47345e-05 11.3199 2 
2.69558 -7.10072e-05 -1 1.02196 0.19159 0.001845 28.3828 849136 2 343.898 7.85204 6.61795 2 1 301.827 10.2179 29.539 4 3 0.0792189 4.83929e-05 11.7855 2 
2.69742 -7.09198e-05 -1 1.02231 0.191563 0.001845 28.4016 849152 3 18682.2 28.9504 8.64153 2 1 858.458 33.1419 25.9025 4 3 0.0782918 3.91487e-05 12.5989 2 
2.69927 -7.09118e-05 -1 1.02266 0.191606 0.001845 28.4222 849113 4 45485.3 9.3276 8.35652 2 1 325.696 8.65406 37.6351 4 3 0.0758424 3.39426e-05 13.0734 2 
2.70111 -7.14148e-05 -1 1.02302 0.191615 0.001845 28.4428 849074 4 47449.8 7.45719 8.9313 2 1 294.219 13.52 21.7618 4 3 0.072888 2.74517e-05 13.8472 2 
2.70296 -7.15437e-05 -1 1.02337 0.191624 0.001845 28.4615 849090 3 15066.4 11.8751 10.8257 2 1 359.086 7.51268 47.7973 4 3 0.0727421 2.20907e-05 14.8773 2 
2.7048 -7.1609e-05 -1 1.02373 0.19163 0.001845 28.4803 849107 3 9957.58 4.64762 12.8916 2 1 321.023 9.95811 32.2374 4 3 0.0724575 1.94535e-05 15.5011 2 
2.70665 -7.15721e-05 -1 1.02408 0.191633 0.001845 28.499 849123 3 21495.4 17.5459 10.7002 2 1 279.187 7.40323 37.7115 4 3 0.0716101 1.86943e-05 15.6467 2 
2.70849 -7.14983e-05 -1 1.02443 0.191656 0.001845 28.5196 849084 4 38245.3 7.81733 8.36334 2 1 309.173 14.3131 21.6007 4 3 0.0695518 1.82833e-05 15.6106 2 
2.71034 -7.169e-05 -1 1.02479 0.19166 0.001845 28.5402 849047 4 45677.1 6.33733 9.214 2 1 373.194 7.04418 52.9791 4 3 0.0670169 1.53808e-05 16.3331 2 
2.71218 -7.17974e-05 -1 1.02514 0.191666 0.001845 28.5589 849063 3 9727.8 12.1614 9.28277 2 1 310.405 9.62271 32.2576 4 3 0.0677292 1.20926e-05 17.759 2 
2.71403 -7.1929e-05 -1 1.02549 0.191669 0.001845 28.5777 849079 3 7818.61 11.8552 8.70444 2 1 395.649 6.83093 57.9203 4 3 0.072545 1.07139e-05 18.9185 2 
2.71587 -7.19011e-05 -1 1.02585 0.191676 0.001845 28.5964 849095 3 13756.1 27.4933 7.93883 2 1 308.805 9.98892 30.9148 4 3 0.0763037 1.11025e-05 19.0126 2 
2.71772 -7.18258e-05 -1 1.0262 0.19168 0.001845 28.6151 849113 3 10330.2 25.7 7.38003 2 1 1179 26.7664 44.0477 4 3 0.0724103 1.03799e-05 19.1074 2 
2.71956 -7.21289e-05 -1 1.02655 0.191708 0.001845 28.6358 849072 4 9902.71 4.41726 6.88098 2 1 283.747 7.79176 36.4163 4 3 0.0682744 9.95729e-06 18.9979 2 
2.72141 -7.20154e-05 -1 1.0269 0.191716 0.001845 28.6546 849088 3 8443.92 22.6478 7.19735 2 1 263.959 8.13248 32.4574 4 3 0.0636351 9.80038e-06 18.656 2 
2.72325 -7.20264e-05 -1 1.02726 0.191729 0.001845 28.6753 849047 4 26741.6 7.84058 7.64205 2 1 249.79 7.53408 33.1547 4 3 0.0656016 9.22943e-06 19.2271 2 
2.7251 -7.1667e-05 -1 1.02761 0.19171 0.001845 28.694 849063 3 17805.5 24.7357 8.96209 2 1 250.532 7.39027 33.9002 4 3 0.068261 7.11246e-06 21.2512 2 
2.72694 -7.18188e-05 -1 1.02796 0.191739 0.001845 28.7147 849022 4 27268.9 5.61892 8.34648 2 1 343.909 9.43188 36.4624 4 3 0.0707634 6.80141e-06 21.8308 2 
2.72879 -7.17243e-05 -1 1.02832 0.191777 0.001845 28.7418 848791 3 12092.4 17.6416 8.81708 2 1 357.296 6.59997 54.136 4 3 0.0779018 6.92786e-06 22.4035 2 
2.73063 -7.19781e-05 -1 1.02867 0.191772 0.001845 28.7606 848805 3 9357.45 22.8548 7.42552 2 1 345.857 9.79704 35.3022 4 3 0.0799214 7.08273e-06 22.4296 2 
2.73248 -7.18832e-05 -1 1.02903 0.191777 0.001845 28.7776 848873 2 976.215 21.3153 6.76748 2 1 333.209 8.19631 40.6535 4 3 0.0787728 8.13036e-06 21.3184 2 
2.73432 -7.1951e-05 -1 1.02938 0.191788 0.001845 28.7983 848832 4 44341.2 6.86741 8.96404 2 1 787.189 21.8289 36.0618 4 3 0.0769242 8.74638e-06 20.6417 2 
2.73617 -7.22298e-05 -1 1.02973 0.191796 0.001845 28.819 848791 4 48446.4 17.1294 7.29256 2 1 362.753 12.9256 28.0647 4 3 0.075168 8.97222e-06 20.3101 2 
2.73801 -7.17022e-05 -1 1.03009 0.191792 0.001845 28.8379 848803 3 31319.7 17.0162 12.2551 2 1 510.05 14.209 35.8962 4 3 0.0729901 8.6972e-06 20.3218 2 
2.73986 -7.17063e-05 -1 1.03044 0.191808 0.001845 28.8567 848819 3 9969.81 26.9608 7.17769 2 1 391.098 14.2004 27.5414 4 3 0.0730138 7.66028e-06 21.2025 2 
2.7417 -7.17048e-05 -1 1.0308 0.191834 0.001845 28.8755 848831 3 15165.4 11.8236 10.8651 2 1 320.36 7.27816 44.0167 4 3 0.071994 7.47757e-06 21.2738 2 
2.74355 -7.18664e-05 -1 1.03115 0.191835 0.001845 28.8944 848845 3 10409.8 15.2716 8.80072 2 1 290.9 8.24371 35.2875 4 3 0.0700778 7.48488e-06 21.0765 2 
2.74539 -7.18277e-05 -1 1.03151 0.191843 0.001845 28.9151 848804 4 38777.8 7.43896 8.49704 2 1 286.315 6.66448 42.9613 4 3 0.0678448 7.75284e-06 20.6072 2 
2.74724 -7.14551e-05 -1 1.03186 0.19185 0.001845 28.9358 848764 4 45341.5 4.77725 9.87028 2 1 396.421 14.6284 27.0994 4 3 0.0668119 8.47429e-06 19.9029 2 
2.74908 -7.14985e-05 -1 1.03221 0.191866 0.001845 28.9546 848778 3 9637.26 8.43157 10.4556 2 1 282.222 9.66417 29.203 4 3 0.066088 8.51385e-06 19.8 2 
2.75093 -7.14101e-05 -1 1.03257 0.191867 0.001845 28.9734 848793 3 10050.7 20.4336 7.89377 2 1 345.324 10.0066 34.5097 4 3 0.0713766 7.05956e-06 21.6235 2 
2.75277 -7.13604e-05 -1 1.03292 0.191906 0.001845 28.9922 848806 3 10203.7 15.7626 8.65055 2 1 316.757 8.51715 37.1905 4 3 0.0756133 6.69685e-06 22.4341 2 
2.75462 -7.14469e-05 -1 1.03328 0.191891 0.001845 29.011 848822 3 9957.68 9.46191 10.1717 2 1 903.219 22.7099 39.772 4 3 0.0720487 7.48417e-06 21.2729 2 
2.75646 -7.13771e-05 -1 1.03363 0.191904 0.001845 29.0298 848835 3 13049.3 23.4975 8.21969 2 1 207.517 8.90892 23.2932 4 3 0.0680463 7.33463e-06 21.0124 2 
2.75831 -7.14112e-05 -1 1.03398 0.191934 0.001845 29.0487 848848 3 10489.7 20.2825 8.02689 2 1 257.391 10.8451 23.7335 4 3 0.0642329 7.00435e-06 20.9313 2 
2.76015 -7.15393e-05 -1 1.03434 0.191916 0.001845 29.0675 848862 3 10434.3 20.1787 8.02646 2 1 248.556 6.97093 35.6561 4 3 0.0666179 6.40913e-06 21.8238 2 
2.762 -7.1423e-05 -1 1.03469 0.191946 0.001845 29.0863 848877 3 26423.3 23.9401 10.3344 2 1 237.269 10.833 21.9024 4 3 0.0693275 6.28258e-06 22.2633 2 
2.76384 -7.15521e-05 -1 1.03504 0.191956 0.001845 29.1069 848838 4 17821.9 6.98254 7.1078 2 1 289.042 10.1711 28.4179 4 3 0.0776153 6.47314e-06 22.8882 2 
2.76569 -7.13305e-05 -1 1.0354 0.191967 0.001845 29.1257 848854 3 9927.53 26.277 7.22917 2 1 384.565 9.16929 41.9406 4 3 0.0783111 6.77888e-06 22.6059 2 
2.76753 -7.13546e-05 -1 1.03575 0.191972 0.001845 29.1463 848816 4 44761 4.86621 9.79326 2 1 351.007 8.0826 43.4275 4 3 0.0785652 7.12445e-06 22.2584 2 
2.76938 -7.14852e-05 -1 1.0361 0.191966 0.001845 29.165 848833 3 11481.9 26.4529 7.57146 2 1 341.92 11.8765 28.7896 4 3 0.0767769 7.97843e-06 21.2702 2 
2.77122 -7.18039e-05 -1 1.03646 0.191969 0.001845 29.1838 848848 3 10345.5 28.6666 7.11965 2 1 660.824 25.7304 25.6826 4 3 0.0758066 8.55169e-06 20.6959 2 
2.77307 -7.17261e-05 -1 1.03681 0.192007 0.001845 29.2044 848810 4 47578.6 4.73191 10.0137 2 1 257.895 12.0827 21.3442 4 3 0.0733204 8.5427e-06 20.4743 2 
2.77491 -7.18399e-05 -1 1.03717 0.192011 0.001845 29.2251 848771 4 32638 10.7726 7.41909 2 1 363.638 12.7036 28.6248 4 3 0.0716306 1.33449e-05 17.509 2 
2.77676 -7.19602e-05 -1 1.03752 0.192043 0.001845 29.2479 848669 3 9785.26 19.9411 7.88753 2 1 319.168 14.0166 22.7707 4 3 0.0706546 5.23934e-05 11.0481 2 
2.7786 -7.21465e-05 -1 1.03787 0.192041 0.001845 29.2667 848683 3 6856.99 5.9706 10.4722 2 1 320.909 13.5452 23.6918 4 3 0.0694918 5.56227e-05 10.7703 2 
2.78045 -7.21782e-05 -1 1.03823 0.192064 0.001845 29.2855 848696 3 15438.9 15.3181 10.0262 2 1 281.704 10.9976 25.6151 4 3 0.0673826 4.67055e-05 11.2995 2 
2.78229 -7.23892e-05 -1 1.03858 0.192054 0.001845 29.308 848606 3 10242.9 21.3926 7.82323 2 1 271.41 8.26919 32.8218 4 3 0.0652801 3.95291e-05 11.8201 2 
2.78414 -7.23327e-05 -1 1.03894 0.192065 0.001845 29.3288 848563 4 45756.4 10.0248 8.21946 2 1 265.028 10.3267 25.6643 4 3 0.0675507 3.10922e-05 12.9517 2 
2.78598 -7.17115e-05 -1 1.03929 0.192066 0.001845 29.3476 848577 3 9550.46 16.1814 8.38822 2 1 329.114 5.60431 58.7251 4 3 0.0653981 2.35478e-05 14.0563 2 
2.78783 -7.15011e-05 -1 1.03965 0.192073 0.001845 29.3664 848591 3 10033.1 10.8963 9.72863 2 1 313.77 6.4092 48.9561 4 3 0.0648308 1.96605e-05 14.8843 2 
2.78967 -7.15939e-05 -1 1.04 0.192091 0.001845 29.3833 848659 2 620.15 7.56652 9.05316 2 1 310.358 7.09354 43.7522 4 3 0.0747573 1.77349e-05 16.1538 2 
2.79152 -7.18112e-05 -1 1.04036 0.192094 0.001845 29.4003 848728 2 9396.86 26.2951 18.904 2 1 356.478 8.89194 40.09 4 3 0.0714837 1.76005e-05 15.9549 2 
2.79336 -7.2407e-05 -1 1.04071 0.192121 0.001845 29.419 848743 3 10248.4 25.8262 7.34849 2 1 746.313 18.6481 40.0208 4 3 0.0681769 1.64589e-05 16.06 2 
2.79521 -7.24408e-05 -1 1.04107 0.192124 0.001845 29.442 848638 3 13385 26.7482 7.93917 2 1 231.491 7.1246 32.4918 4 3 0.0648376 1.30989e-05 17.0424 2 
2.79705 -7.21121e-05 -1 1.04142 0.192138 0.001845 29.4609 848650 3 9196.8 23.0185 7.36523 2 1 240.847 6.05891 39.7509 4 3 0.0672113 1.15557e-05 17.9838 2 
2.7989 -7.26838e-05 -1 1.04178 0.192135 0.001845 29.4815 848611 4 7614.35 3.47051 6.844 2 1 245.849 9.2429 26.5986 4 3 0.0696673 1.10524e-05 18.4724 2 
2.80074 -7.2924e-05 -1 1.04213 0.19222 0.001845 29.5003 848626 3 26431.6 22.5559 10.5428 2 1 238.384 6.14326 38.8042 4 3 0.0778542 1.13449e-05 19.0032 2 
2.80259 -7.22294e-05 -1 1.04248 0.192164 0.001845 29.5192 848640 3 18146.9 29.2129 8.53249 2 1 305.205 9.39696 32.4791 4 3 0.0783366 1.10521e-05 19.2091 2 
2.80443 -7.2287e-05 -1 1.04284 0.192188 0.001845 29.5399 848600 4 43703.4 8.24029 8.53382 2 1 305.793 9.16807 33.3542 4 3 0.0783843 1.00408e-05 19.8375 2 
2.80628 -7.26858e-05 -1 1.04319 0.192202 0.001845 29.5587 848614 3 9454.07 22.6172 7.47699 2 1 357.23 9.37854 38.0902 4 3 0.0773538 1.00278e-05 19.7587 2 
2.80812 -7.27931e-05 -1 1.04355 0.19232 0.001845 29.5775 848628 3 27855.9 25.3909 10.3137 2 1 320.206 8.27965 38.6738 4 3 0.0760306 8.57056e-06 20.7011 2 
2.80997 -7.21398e-05 -1 1.0439 0.192215 0.001845 29.5982 848587 4 47393.4 10.7913 8.14069 2 1 553.949 17.2829 32.0518 4 3 0.0737614 8.57489e-06 20.4896 2 
2.81181 -7.17341e-05 -1 1.04425 0.192221 0.001845 29.6189 848548 4 18906.5 4.4781 8.06082 2 1 388.575 15.3405 25.33 4 3 0.0710616 8.27005e-06 20.4821 2 
2.81366 -7.18406e-05 -1 1.04461 0.192284 0.001845 29.6418 848446 3 32293 22.0789 11.3512 2 1 332.027 9.55866 34.7357 4 3 0.0701746 8.24561e-06 20.4167 2 
2.8155 -7.22092e-05 -1 1.04496 0.192244 0.001845 29.6606 848460 3 9593.15 23.8872 7.37789 2 1 332.185 9.2687 35.8394 4 3 0.0688454 8.26624e-06 20.2701 2 
2.81735 -7.23182e-05 -1 1.04532 0.192281 0.001845 29.6795 848472 3 8698.54 21.0834 7.4445 2 1 286.94 19.5627 14.6677 4 3 0.0666162 8.21984e-06 20.0866 2 
2.81919 -7.23035e-05 -1 1.04567 0.192269 0.001845 29.7002 848432 4 15866.1 3.31428 8.31803 2 1 278.933 10.2166 27.302 4 3 0.0645991 8.23736e-06 19.8676 2 
2.82104 -7.24247e-05 -1 1.04603 0.192307 0.001845 29.7191 848444 3 10297 20.7856 7.91254 2 1 266.416 15.6285 17.0468 4 3 0.0622007 8.20909e-06 19.6411 2 
2.82288 -7.24528e-05 -1 1.04638 0.192274 0.001845 29.7397 848406 4 44310.2 23.0577 6.62098 2 1 269.804 10.6352 25.369 4 3 0.0663084 8.22374e-06 20.0524 2 
2.82473 -7.21437e-05 -1 1.04674 0.192281 0.001845 29.7567 848473 2 3390.9 13.7788 15.6874 2 1 320.15 8.96834 35.6978 4 3 0.0623641 8.1534e-06 19.703 2 
2.82657 -7.19483e-05 -1 1.04709 0.192338 0.001845 29.7754 848489 3 10424.6 24.8221 7.48871 2 1 282.46 8.55447 33.019 4 3 0.0670385 8.03269e-06 20.284 2 
2.82842 -7.14978e-05 -1 1.04745 0.192321 0.001845 29.7924 848555 2 3156.6 10.2868 17.5174 2 1 308.229 8.38571 36.7564 4 3 0.074077 8.04511e-06 20.9596 2 
2.83026 -7.15115e-05 -1 1.0478 0.192345 0.001845 29.8114 848564 3 9907.23 29.3502 6.96274 2 1 329.061 10.6093 31.0163 4 3 0.0698602 9.23046e-06 19.6337 2 
2.83211 -7.15933e-05 -1 1.04816 0.192355 0.001845 29.8302 848578 3 9219.27 4.60633 12.6022 2 1 638.662 16.9827 37.6066 4 3 0.0665317 9.53042e-06 19.112 2 
2.83395 -7.16373e-05 -1 1.04851 0.192385 0.001845 29.8531 848478 3 13860.9 21.612 8.6238 2 1 244.526 8.02902 30.4552 4 3 0.0669165 9.25559e-06 19.3364 2 
2.8358 -7.18154e-05 -1 1.04887 0.19237 0.001845 29.8721 848487 3 10040.1 22.1837 7.67777 2 1 267.013 9.15153 29.1769 4 3 0.0692864 8.02066e-06 20.5185 2 
2.83764 -7.21427e-05 -1 1.04922 0.192375 0.001845 29.8909 848501 3 10032.2 15.1253 8.72095 2 1 229.446 12.8785 17.8163 4 3 0.0773542 7.72192e-06 21.5569 2 
2.83949 -7.22065e-05 -1 1.04958 0.192394 0.001845 29.9115 848465 4 43820.6 10.5126 8.03512 2 1 233.155 7.42118 31.4176 4 3 0.0780727 7.34733e-06 21.9848 2 
2.84133 -7.24565e-05 -1 1.04993 0.192401 0.001845 29.9321 848426 4 18636.5 9.26279 6.69739 2 1 273.766 7.44178 36.7877 4 3 0.0783543 7.22941e-06 22.1303 2 
2.84318 -7.23027e-05 -1 1.05029 0.192408 0.001845 29.9528 848388 4 9988.62 11.085 5.47889 2 1 341.155 8.90975 38.2902 4 3 0.0777316 6.90658e-06 22.4102 2 
2.84502 -7.24351e-05 -1 1.05064 0.19242 0.001845 29.9718 848398 3 8907.9 11.1816 9.27024 2 1 355.091 9.90965 35.8328 4 3 0.0763462 7.01613e-06 22.1597 2 
2.84687 -7.26708e-05 -1 1.051 0.192441 0.001845 29.9924 848359 4 27482.9 8.0039 7.65491 2 1 317.446 6.08513 52.1675 4 3 0.0737243 8.56917e-06 20.4907 2 
2.84871 -7.25768e-05 -1 1.05135 0.192448 0.001845 30.013 848322 4 45886.6 6.18078 9.28241 2 1 490.907 18.0076 27.2611 4 3 0.070681 9.52137e-06 19.5075 2 
2.85056 -7.26505e-05 -1 1.0517 0.192467 0.001845 30.0337 848284 4 19111.7 5.68181 7.61558 2 1 540.759 13.6126 39.7248 4 3 0.0694017 9.77104e-06 19.2225 2 
2.8524 -7.2623e-05 -1 1.05206 0.192453 0.001845 30.0566 848182 3 32405.3 19.838 11.7771 2 1 279.799 8.66084 32.3063 4 3 0.0681621 8.84675e-06 19.7509 2 
2.85425 -7.30804e-05 -1 1.05241 0.192483 0.001845 30.0754 848197 3 10083.5 20.7115 7.86682 2 1 299.466 9.52564 31.4379 4 3 0.0661994 8.01421e-06 20.2146 2 
2.85609 -7.32259e-05 -1 1.05277 0.192533 0.001845 30.0942 848211 3 10301.1 12.4093 9.39822 2 1 270.934 7.96408 34.0195 4 3 0.0641975 6.59464e-06 21.3522 2 
2.85794 -7.35751e-05 -1 1.05312 0.192512 0.001845 30.1111 848280 2 1043.7 15.6503 8.16631 2 1 267.253 12.1959 21.9134 4 3 0.061877 6.64478e-06 21.0386 2 
2.85978 -7.36791e-05 -1 1.05348 0.192508 0.001845 30.1299 848295 3 15447.2 16.1382 9.8552 2 1 296.857 10.3363 28.7198 4 3 0.0663273 3.19627e-05 12.7551 2 
2.86163 -7.40405e-05 -1 1.05383 0.192537 0.001845 30.1505 848260 4 43766.4 15.485 7.29134 2 1 381.952 10.6898 35.7306 4 3 0.0626011 7.50637e-05 9.41276 2 
2.86347 -7.4545e-05 -1 1.05419 0.192535 0.001845 30.1692 848276 3 10195.8 14.0272 8.99119 2 1 331.953 11.6508 28.4918 4 3 0.0635576 6.68519e-05 9.83297 2 
2.86532 -7.48571e-05 -1 1.05455 0.192536 0.001845 30.188 848291 3 10045.2 13.0073 9.17468 2 1 316.744 9.62756 32.8997 4 3 0.0722737 5.50856e-05 10.9475 2 
2.86716 -7.48808e-05 -1 1.0549 0.19255 0.001845 30.2067 848306 3 9255.28 25.1744 7.1638 2 1 299.156 10.4692 28.5748 4 3 0.0729902 4.78731e-05 11.5095 2 
2.86901 -7.4761e-05 -1 1.05526 0.192585 0.001845 30.2255 848322 3 10227.2 9.22159 10.351 2 1 272.352 8.79514 30.9662 4 3 0.0691534 3.92655e-05 12.0763 2 
2.87085 -7.49788e-05 -1 1.05561 0.192566 0.001845 30.2483 848224 3 9811.19 16.2 8.46063 2 1 552.956 13.7907 40.0962 4 3 0.0659202 3.21274e-05 12.7071 2 
2.8727 -7.50479e-05 -1 1.05597 0.192573 0.001845 30.2652 848291 2 2934.89 15.7968 13.6305 2 1 236.622 8.03688 29.4421 4 3 0.0682019 2.84822e-05 13.3785 2 
2.87454 -7.5302e-05 -1 1.05632 0.192582 0.001845 30.284 848307 3 13621.5 20.3489 8.74771 2 1 276.257 6.22656 44.3676 4 3 0.0764343 2.76126e-05 14.0409 2 
2.87639 -7.53714e-05 -1 1.05668 0.192615 0.001845 30.308 848174 4 43404.7 19.8055 6.84207 2 1 230.849 6.80387 33.929 4 3 0.0773084 2.68931e-05 14.2188 2 
2.87823 -7.59022e-05 -1 1.05703 0.192618 0.001845 30.3287 848135 4 27666.5 14.2711 6.63551 2 1 227.388 8.17763 27.8061 4 3 0.0783997 2.22014e-05 15.2281 2 
2.88008 -7.55024e-05 -1 1.05739 0.192627 0.001845 30.3475 848150 3 5311.58 3.37015 11.6375 2 1 238.001 7.12093 33.4228 4 3 0.0780167 1.77878e-05 16.369 2 
2.88192 -7.53176e-05 -1 1.05774 0.192616 0.001845 30.3663 848165 3 18172.9 23.4332 9.18751 2 1 312.479 6.50295 48.052 4 3 0.0770537 1.59701e-05 16.8977 2 
2.88377 -7.5529e-05 -1 1.0581 0.19262 0.001845 30.3851 848180 3 10159.4 27.2527 7.19701 2 1 347.549 6.9058 50.3272 4 3 0.0747348 1.67648e-05 16.4579 2 
2.88561 -7.58193e-05 -1 1.05845 0.192656 0.001845 30.4057 848144 4 47085.3 15.6737 7.40336 2 1 306.112 5.8093 52.6933 4 3 0.0719173 1.55526e-05 16.6601 2 
2.88746 -7.54632e-05 -1 1.05881 0.192646 0.001845 30.4264 848107 4 27731.6 4.26655 8.97893 2 1 434.269 10.22 42.492 4 3 0.0690592 1.53949e-05 16.4923 2 
2.8893 -7.54195e-05 -1 1.05916 0.192655 0.001845 30.4492 848009 3 19236.2 22.928 9.43157 2 1 306.168 8.69944 35.1939 4 3 0.0680697 1.47111e-05 16.6636 2 
2.89115 -7.59919e-05 -1 1.05952 0.192686 0.001845 30.4679 848025 3 33245.8 25.1125 10.9803 2 1 313.899 7.0437 44.5644 4 3 0.0662503 1.38003e-05 16.8694 2 
2.89299 -7.66008e-05 -1 1.05987 0.192686 0.001845 30.4866 848042 3 10263.8 16.5709 8.52422 2 1 323.647 9.03385 35.826 4 3 0.0644999 1.0258e-05 18.4572 2 
2.89484 -7.67519e-05 -1 1.06023 0.19275 0.001845 30.5054 848057 3 9755.48 17.8501 8.17591 2 1 270.053 9.13332 29.5679 4 3 0.0622863 8.02684e-06 19.7978 2 
2.89668 -7.71092e-05 -1 1.06058 0.19271 0.001845 30.5241 848075 3 9788.11 20.6926 7.79163 2 1 269.95 5.73619 47.0608 4 3 0.0604159 7.9183e-06 19.6867 2 
2.89853 -7.72759e-05 -1 1.06094 0.19273 0.001845 30.5428 848091 3 16208.9 17.7422 9.7032 2 1 707.169 16.7796 42.1446 4 3 0.0650338 9.30947e-06 19.1163 2 
2.90037 -7.79185e-05 -1 1.0613 0.192747 0.001845 30.5635 848055 4 43615.5 4.43167 9.96021 2 1 342.691 7.13757 48.0122 4 3 0.0628961 9.24403e-06 18.9491 2 
2.90222 -7.79241e-05 -1 1.06165 0.192761 0.001845 30.5822 848070 3 21325.1 29.3016 8.99498 2 1 357.195 12.0422 29.6618 4 3 0.062288 8.16501e-06 19.6856 2 
2.90406 -7.75132e-05 -1 1.06201 0.192724 0.001845 30.601 848086 3 10291.6 19.4259 8.09161 2 1 254.163 11.3512 22.3907 4 3 0.0661694 8.04528e-06 20.1855 2 
2.90591 -7.752e-05 -1 1.06236 0.192769 0.001845 30.6197 848102 3 9605.2 6.07928 11.6471 2 1 305.015 11.6976 26.0749 4 3 0.072208 8.08567e-06 20.7471 2 
2.90775 -7.76643e-05 -1 1.06272 0.192773 0.001845 30.6407 848057 2 6224.41 28.4817 14.7831 2 1 309.121 8.7684 35.2539 4 3 0.0682797 8.54996e-06 19.9883 2 
2.9096 -7.81537e-05 -1 1.06308 0.192765 0.001845 30.6595 848071 3 9870.04 16.3827 8.44588 2 1 278.667 9.42993 29.5514 4 3 0.0661873 8.09769e-06 20.1436 2 
2.91144 -7.82846e-05 -1 1.06343 0.192801 0.001845 30.6782 848087 3 9794.01 27.9153 7.05298 2 1 501.463 14.5765 34.4022 4 3 0.0683263 8.0975e-06 20.3585 2 
2.91329 -7.83746e-05 -1 1.06379 0.192819 0.001845 30.6988 848051 4 43382.7 11.1742 7.89359 2 1 243.424 9.53011 25.5426 4 3 0.0753604 7.93456e-06 21.1774 2 
2.91513 -7.88299e-05 -1 1.06414 0.192832 0.001845 30.7176 848067 3 13445 16.4578 9.34824 2 1 209.579 12.1683 17.2234 4 3 0.07797 7.58073e-06 21.7473 2 
2.91698 -7.90586e-05 -1 1.0645 0.192819 0.001845 30.7363 848083 3 11574.4 27.7754 7.46928 2 1 235.503 7.32533 32.1491 4 3 0.0784226 7.52738e-06 21.8407 2 
2.91882 -7.87205e-05 -1 1.06486 0.192877 0.001845 30.7551 848097 3 26822.9 23.795 10.4073 2 1 317.796 10.9728 28.9622 4 3 0.0782359 7.40797e-06 21.9399 2 
2.92067 -7.92481e-05 -1 1.06521 0.192856 0.001845 30.7757 848061 4 19079.5 16.7852 5.80644 2 1 265.402 12.8226 20.698 4 3 0.0766494 7.30456e-06 21.893 2 
2.92251 -7.89296e-05 -1 1.06557 0.192856 0.001845 30.7945 848077 3 9372.83 18.5117 7.97031 2 1 359.975 12.664 28.4251 4 3 0.074463 7.17548e-06 21.8121 2 
2.92436 -7.90244e-05 -1 1.06592 0.192875 0.001845 30.8151 848042 4 46853.3 9.83201 8.30853 2 1 329.466 10.105 32.6043 4 3 0.0714225 7.55994e-06 21.14 2 
2.9262 -7.91813e-05 -1 1.06628 0.192886 0.001845 30.8398 847894 4 27441.7 3.52149 9.39552 2 1 439.3 11.9896 36.6401 4 3 0.0687174 8.82378e-06 19.8215 2 
2.92805 -7.91204e-05 -1 1.06663 0.19291 0.001845 30.8605 847857 4 19330 6.08039 7.50888 2 1 408.419 9.38181 43.5331 4 3 0.0673232 8.82469e-06 19.6859 2 
2.92989 -7.91729e-05 -1 1.06699 0.19293 0.001845 30.8794 847867 3 9875.98 24.6928 7.36778 2 1 313.125 10.1332 30.901 4 3 0.0656888 8.04025e-06 20.1407 2 
2.93174 -7.91248e-05 -1 1.06734 0.192928 0.001845 30.9 847832 4 32096.7 6.80864 8.2861 2 1 247.365 10.088 24.5208 4 3 0.0637194 7.38507e-06 20.5103 2 
2.93358 -7.9268e-05 -1 1.0677 0.192937 0.001845 30.9188 847848 3 9782.19 12.8658 9.12711 2 1 324.277 9.55674 33.9317 4 3 0.0617225 8.32457e-06 19.4997 2 
2.93543 -7.95907e-05 -1 1.06805 0.19293 0.001845 30.9376 847862 3 9505.4 17.7168 8.12571 2 1 255.685 13.4489 19.0115 4 3 0.0597432 8.14917e-06 19.4264 2 
2.93727 -7.99233e-05 -1 1.06841 0.192946 0.001845 30.9563 847878 3 12922.6 21.0639 8.49708 2 1 256.335 11.7264 21.8597 4 3 0.0593266 7.56429e-06 19.8683 2 
2.93912 -8.00586e-05 -1 1.06877 0.192961 0.001845 30.9769 847842 4 44347.7 7.84221 8.67178 2 1 236.14 13.9877 16.882 4 3 0.0621993 8.05682e-06 19.764 2 
2.94096 -7.98643e-05 -1 1.06912 0.192987 0.001845 30.9957 847858 3 22451 20.3195 10.3381 2 1 259.339 16.303 15.9075 4 3 0.0616096 8.33819e-06 19.4771 2 
2.94281 -8.04206e-05 -1 1.06948 0.192997 0.001845 31.0144 847875 3 9506.96 13.976 8.79467 2 1 285.37 16.3139 17.4925 4 3 0.0639808 1.17269e-05 17.6044 2 
2.94465 -8.04179e-05 -1 1.06983 0.193004 0.001845 31.0332 847890 3 9814.8 10.641 9.73418 2 1 282.312 18.3183 15.4115 4 3 0.0708903 4.99048e-05 11.2413 2 
2.9465 -8.06718e-05 -1 1.07019 0.193004 0.001845 31.0541 847845 2 3415.42 15.803 14.7012 2 1 297.93 20.4006 14.604 4 3 0.0703038 5.16886e-05 11.0797 2 
2.94834 -8.09054e-05 -1 1.07055 0.192992 0.001845 31.0729 847859 3 9945.95 7.56659 10.9542 2 1 268.714 10.0461 26.7482 4 3 0.066558 4.28342e-05 11.5825 2 
2.95019 -8.10233e-05 -1 1.0709 0.193011 0.001845 31.0916 847876 3 9764.56 28.1604 7.0254 2 1 468.718 11.4261 41.0217 4 3 0.06769 3.63015e-05 12.3084 2 
2.95203 -8.09922e-05 -1 1.07126 0.193034 0.001845 31.1122 847841 4 42977.3 17.5822 7.03139 2 1 248.381 8.16942 30.4038 4 3 0.0757785 3.07505e-05 13.5072 2 
2.95388 -8.16595e-05 -1 1.07162 0.193041 0.001845 31.1328 847807 4 14296.3 7.51677 6.60387 2 1 240.085 8.87546 27.0505 4 3 0.0765448 2.45277e-05 14.6135 2 
2.95572 -8.16271e-05 -1 1.07197 0.19305 0.001845 31.1516 847822 3 11809.9 21.2312 8.22414 2 1 382.284 9.03203 42.3253 4 3 0.0779317 2.12526e-05 15.4206 2 
2.95757 -8.14708e-05 -1 1.07233 0.193051 0.001845 31.1703 847840 3 9386.09 25.9827 7.12197 2 1 230.794 7.89872 29.2191 4 3 0.0774753 2.02357e-05 15.644 2 
2.95941 -8.13507e-05 -1 1.07268 0.193035 0.001845 31.189 847855 3 26450.9 23.9224 10.3406 2 1 223.629 7.21964 30.9751 4 3 0.0764435 1.99421e-05 15.6503 2 
2.96126 -8.11154e-05 -1 1.07304 0.193094 0.001845 31.2078 847871 3 18985.2 22.5726 9.4394 2 1 324.481 8.88039 36.539 4 3 0.0741062 1.72389e-05 16.2598 2 
2.9631 -8.13818e-05 -1 1.0734 0.193091 0.001845 31.2266 847884 3 8439.15 10.5768 9.27502 2 1 298.067 12.8335 23.2258 4 3 0.0715512 1.36888e-05 17.3547 2 
2.96495 -8.16079e-05 -1 1.07375 0.1931 0.001845 31.2512 847741 4 45449.2 10.5596 8.09971 2 1 436.798 11.5249 37.9003 4 3 0.0680534 1.21076e-05 17.7799 2 
2.96679 -8.12383e-05 -1 1.07411 0.19311 0.001845 31.2719 847704 4 27754.5 6.82769 7.98482 2 1 384.338 9.94346 38.6524 4 3 0.0666608 1.25071e-05 17.4678 2 
2.96864 -8.11194e-05 -1 1.07446 0.193118 0.001845 31.2906 847722 3 12232.2 11.8803 10.0978 2 1 281.479 7.86656 35.7817 4 3 0.0652391 1.1796e-05 17.6844 2 
2.97048 -8.04088e-05 -1 1.07482 0.19313 0.001845 31.3127 847645 3 9633.35 13.3204 8.97609 2 1 301.804 6.47244 46.6291 4 3 0.0635031 1.13979e-05 17.7279 2 
2.97233 -8.03186e-05 -1 1.07518 0.193107 0.001845 31.3316 847658 3 31567.8 15.904 12.5674 2 1 330.738 10.5315 31.4048 4 3 0.0614429 1.12347e-05 17.6185 2 
2.97417 -8.09996e-05 -1 1.07553 0.193149 0.001845 31.3503 847674 3 9513.79 23.3679 7.41159 2 1 277.869 10.6775 26.0237 4 3 0.0594922 1.02936e-05 17.9459 2 
2.97602 -8.11454e-05 -1 1.07589 0.193157 0.001845 31.3709 847640 4 13137.6 7.173 6.5419 2 1 256.119 9.9038 25.8607 4 3 0.0592477 8.15271e-06 19.3697 2 
2.97786 -8.15464e-05 -1 1.07624 0.193172 0.001845 31.3897 847655 3 10370.4 28.4092 7.14681 2 1 318.84 8.90136 35.8192 4 3 0.0644557 7.69635e-06 20.3076 2 
2.97971 -8.17695e-05 -1 1.0766 0.193178 0.001845 31.4102 847622 4 43147.6 11.2415 7.87106 2 1 249.674 11.2373 22.2183 4 3 0.0610458 7.52779e-06 20.0907 2 
2.98155 -8.11153e-05 -1 1.07696 0.193175 0.001845 31.4308 847588 4 22383 9.22402 7.01859 2 1 337.9 15.7372 21.4715 4 3 0.0607206 8.47821e-06 19.2757 2 
2.9834 -8.08506e-05 -1 1.07731 0.193185 0.001845 31.4518 847543 2 660.113 5.17056 11.299 2 1 240.043 11.2824 21.2759 4 3 0.0650685 1.00898e-05 18.6136 2 
2.98524 -8.08161e-05 -1 1.07767 0.19319 0.001845 31.4705 847560 3 9110.24 10.89 9.42253 2 1 277.778 12.42 22.3654 4 3 0.0711419 1.04668e-05 18.9425 2 
2.98709 -8.07477e-05 -1 1.07803 0.193174 0.001845 31.4893 847575 3 10063.4 19.0297 8.0867 2 1 309.117 16.8081 18.3909 4 3 0.0673459 9.02734e-06 19.5397 2 
2.98893 -8.07306e-05 -1 1.07838 0.193227 0.001845 31.5081 847590 3 9562.71 11.8377 9.31331 2 1 264.014 12.1188 21.7855 4 3 0.0662688 8.49193e-06 19.8351 2 
2.99078 -8.09224e-05 -1 1.07874 0.193235 0.001845 31.5268 847606 3 9683.44 21.0151 7.72383 2 1 459.506 11.9002 38.6134 4 3 0.0732036 8.58755e-06 20.4278 2 
2.99262 -8.12853e-05 -1 1.0791 0.19318 0.001845 31.5456 847621 3 42202.9 28.1239 11.4487 2 1 247.859 6.84924 36.1877 4 3 0.0765303 8.17288e-06 21.0775 2 
2.99447 -8.18794e-05 -1 1.07945 0.193293 0.001845 31.5643 847637 3 14352 28.9493 7.91453 2 1 338.615 11.6873 28.9728 4 3 0.07682 7.52196e-06 21.6961 2 
2.99631 -8.24026e-05 -1 1.07981 0.193279 0.001845 31.583 847655 3 9246.04 17.3983 8.09996 2 1 234.234 8.24721 28.4017 4 3 0.0776897 7.54278e-06 21.7576 2 
2.99816 -8.2498e-05 -1 1.08017 0.193266 0.001845 31.6017 847671 3 9525.24 16.4907 8.32809 2 1 230.227 7.97225 28.8786 4 3 0.0766061 7.24279e-06 21.9509 2 
3 -8.26786e-05 -1 1.08052 0.193276 0.001845 31.6223 847636 4 26408.8 4.68929 8.66284 2 1 214.053 6.6764 32.0612 4 3 0.0750841 7.09947e-06 21.9503 2 

# Multigrid, 1636 steps, 1009.66 CPU, 31.65 real, 8.47e+05 points.step/s, 23 var
