N,t,i,imax,stage,returned_steps,band_cells,count,Egrad_mean,Egrad_rms,Egrad_linf,grad_min,grad_max,phi_change_mean,phi_change_linf,sign_mismatch,f_interface_l1,f_interface_count,volume_phi,volume_vof,volume_rel_diff
512,0,0,3,pre,-1,1.5,1536,0.000986283848693,0.00120728949231,0.00201703910448,0.999981022165,1.0020170391,0,0,0,1.73444665766e-05,528,2,2,0
512,0,0,3,pre,-1,3.0,3072,0.000986299784757,0.00120760397383,0.00201703910448,0.999981022165,1.0020170391,0,0,0,1.73444665766e-05,528,2,2,0
512,0,0,3,post,3,1.5,1536,0.000322332119575,0.00040606695919,0.000975704076537,0.999989418908,1.00097570408,2.17899928687e-06,8.20206220331e-06,0,2.26108373058e-05,528,2,2,4.37871960912e-13
512,0,0,3,post,3,3.0,3072,0.000513268250629,0.000681189115925,0.00170613814642,0.99998806568,1.00170613815,3.63083095336e-06,1.09239309715e-05,0,2.26108373058e-05,528,2,2,4.37871960912e-13
512,0,0,3,pre,-1,1.5,1536,0.000323531010986,0.000406600778289,0.000982653772496,0.999971982414,1.00098265377,0,0,0,3.34330614435e-05,528,2,2,4.38316050122e-13
512,0,0,3,pre,-1,3.0,3080,0.000515562867854,0.000683065726202,0.00170613814642,0.999971982414,1.00170613815,0,0,0,3.34330614435e-05,528,2,2,4.38316050122e-13
512,0,0,3,post,3,1.5,1536,8.28314087799e-05,0.000106337123534,0.000290189804517,0.999987151918,1.0002901898,5.528222117e-07,2.52841120602e-06,0,4.20912782086e-05,528,2,2,9.58344514856e-13
512,0,0,3,post,3,3.0,3080,0.000188159048328,0.000276176088848,0.000910936341493,0.999981920261,1.00091093634,1.55862026294e-06,7.58974088433e-06,0,4.20912782086e-05,528,2,2,9.58344514856e-13
512,0.011907020311708696,100,3,pre,-1,1.5,1544,1.83958068542e-06,2.37045068556e-06,5.79657610655e-06,0.999994203424,1.00000454701,0,0,0,0.000232616242769,536,2.00000000073,2.00000000071,5.8286708772e-12
512,0.011907020311708696,100,3,pre,-1,3.0,3072,3.391843815e-06,4.51825409408e-06,1.31476209927e-05,0.999986852379,1.00000998847,0,0,0,0.000232616242769,536,2.00000000073,2.00000000071,5.8286708772e-12
512,0.011907020311708696,100,3,post,3,1.5,1544,5.03183858041e-07,6.49789938799e-07,2.06735933039e-06,0.999998377191,1.00000206736,5.02366636313e-09,2.19090775539e-08,0,0.000233067265793,536,2.00000000072,2.00000000071,5.37814237397e-12
512,0.011907020311708696,100,3,post,3,3.0,3072,1.13103080608e-06,1.63820001375e-06,5.95010602311e-06,0.999994049894,1.00000397731,1.17852656844e-08,5.20679590867e-08,0,0.000233067265793,536,2.00000000072,2.00000000071,5.37814237397e-12
512,0.025137042880273911,200,3,pre,-1,1.5,1544,2.79410068976e-06,3.62797706493e-06,9.10221864481e-06,0.999990897781,1.00000519097,0,0,0,0.000225923898273,536,2.00000000353,2.00000000348,2.28088658674e-11
512,0.025137042880273911,200,3,pre,-1,3.0,3072,5.10817001769e-06,6.65775776557e-06,1.45510538967e-05,0.999985962116,1.00001455105,0,0,0,0.000225923898273,536,2.00000000353,2.00000000348,2.28088658674e-11
512,0.025137042880273911,200,3,post,3,1.5,1544,6.8219672125e-07,8.93774433934e-07,2.56684928024e-06,0.999997433151,1.00000201923,6.86919883791e-09,2.61337493954e-08,0,0.000226450257244,536,2.00000000353,2.00000000348,2.4177992899e-11
512,0.025137042880273911,200,3,post,3,3.0,3072,1.62242508653e-06,2.2721285951e-06,5.84749765231e-06,0.999994152502,1.00000542477,1.63778398884e-08,5.29582321468e-08,0,0.000226450257244,536,2.00000000353,2.00000000348,2.4177992899e-11
512,0.038367065448839131,300,3,pre,-1,1.5,1536,3.56916163052e-06,4.67035887289e-06,1.17999553303e-05,0.999988200045,1.00000549111,0,0,0,0.000213767930181,536,2.00000000606,2.000000006,3.0261570936e-11
512,0.038367065448839131,300,3,pre,-1,3.0,3072,6.34917303895e-06,8.24189035396e-06,1.82668688645e-05,0.999981733131,1.00001634087,0,0,0,0.000213767930181,536,2.00000000606,2.000000006,3.0261570936e-11
512,0.038367065448839131,300,3,post,3,1.5,1536,8.57231606435e-07,1.19000531792e-06,4.81320634615e-06,0.999995186794,1.00000232055,8.36165917352e-09,4.05317996596e-08,0,0.000214312052321,536,2.00000000607,2.000000006,3.16218161817e-11
512,0.038367065448839131,300,3,post,3,3.0,3072,2.00313128533e-06,2.81695799684e-06,7.58698127123e-06,0.999992413019,1.00000569441,1.96264860915e-08,6.87425890569e-08,0,0.000214312052321,536,2.00000000607,2.000000006,3.16218161817e-11
512,0.051597088017404355,400,3,pre,-1,1.5,1536,3.88837045449e-06,5.1892138829e-06,1.35994879715e-05,0.999986400512,1.000007085,0,0,0,0.000199072489307,536,2.00000001014,2.0000000101,2.28117523718e-11
512,0.051597088017404355,400,3,pre,-1,3.0,3072,7.17476207459e-06,9.37246302257e-06,2.17092512005e-05,0.999978290749,1.0000167186,0,0,0,0.000199072489307,536,2.00000001014,2.0000000101,2.28117523718e-11
512,0.051597088017404355,400,3,post,3,1.5,1536,8.85728968971e-07,1.20027631031e-06,3.22958822374e-06,0.999996770412,1.0000023856,8.732675864e-09,3.76756484309e-08,0,0.00019951644686,536,2.00000001015,2.0000000101,2.46127561533e-11
512,0.051597088017404355,400,3,post,3,3.0,3072,2.23961895149e-06,3.21561756285e-06,8.78339714738e-06,0.999991216603,1.00000549189,2.17750977696e-08,8.02613781201e-08,0,0.00019951644686,536,2.00000001015,2.0000000101,2.46127561533e-11
512,0.064827110585969586,500,3,pre,-1,1.5,1536,3.76679555237e-06,4.87964206516e-06,1.53063280076e-05,0.999984693672,1.00000889091,0,0,0,0.000180216208745,536,2.00000001522,2.00000001518,1.81881175406e-11
512,0.064827110585969586,500,3,pre,-1,3.0,3080,7.77945296265e-06,1.02986811892e-05,2.5546480154e-05,0.99997445352,1.00001701361,0,0,0,0.000180216208745,536,2.00000001522,2.00000001518,1.81881175406e-11
512,0.064827110585969586,500,3,post,3,1.5,1536,8.74450491721e-07,1.10347261705e-06,3.98519871281e-06,0.999996014801,1.00000228201,8.67674559135e-09,4.32371001276e-08,0,0.000180662517645,536,2.00000001522,2.00000001518,1.92921233079e-11
512,0.064827110585969586,500,3,post,3,3.0,3080,2.48468539124e-06,3.64713294586e-06,1.02576962009e-05,0.999989742304,1.00000586607,2.39837776718e-08,9.28969239224e-08,0,0.000180662517645,536,2.00000001522,2.00000001518,1.92921233079e-11
512,0.078057133154534789,600,3,pre,-1,1.5,1536,3.7930123207e-06,4.86344200047e-06,1.17536262023e-05,0.999988246374,1.00000628498,0,0,0,0.000162610170029,528,2.00000002167,2.00000002165,7.05213657607e-12
512,0.078057133154534789,600,3,pre,-1,3.0,3072,8.00980605081e-06,1.07326805221e-05,2.84164574217e-05,0.999971583543,1.00001829559,0,0,0,0.000162610170029,528,2.00000002167,2.00000002165,7.05213657607e-12
512,0.078057133154534789,600,3,post,3,1.5,1536,8.25263784185e-07,1.06532729118e-06,4.05183236973e-06,0.999995948168,1.0000020457,8.38472251335e-09,3.55445847165e-08,0,0.000163248825819,528,2.00000002167,2.00000002165,9.45865597819e-12
512,0.078057133154534789,600,3,post,3,3.0,3072,2.53138505284e-06,3.86609317759e-06,1.18816539108e-05,0.999988118346,1.00000652133,2.45590924025e-08,1.05044749517e-07,0,0.000163248825819,528,2.00000002167,2.00000002165,9.45865597819e-12
512,0.091287155723099978,700,3,pre,-1,1.5,1536,3.84891664428e-06,4.96599760095e-06,1.1436169486e-05,0.999988563831,1.00000676337,0,0,0,0.000139362309296,528,2.00000003008,2.00000003003,2.45712335674e-11
512,0.091287155723099978,700,3,pre,-1,3.0,3072,7.82851954612e-06,1.03408100766e-05,3.10162220978e-05,0.999968983778,1.00002176724,0,0,0,0.000139362309296,528,2.00000003008,2.00000003003,2.45712335674e-11
512,0.091287155723099978,700,3,post,3,1.5,1536,7.53444375835e-07,1.03620290862e-06,3.78217876673e-06,0.999996217821,1.00000171128,7.68418044201e-09,3.7934420243e-08,0,0.000140024573043,528,2.0000000301,2.00000003003,3.46673795572e-11
512,0.091287155723099978,700,3,post,3,3.0,3072,2.37991044889e-06,3.59302520819e-06,1.34902080036e-05,0.999986509792,1.00000786048,2.31734365958e-08,1.18296126271e-07,0,0.000140024573043,528,2.0000000301,2.00000003003,3.46673795572e-11
512,0.10451717829166518,800,3,pre,-1,1.5,1536,3.84590156675e-06,5.01032547648e-06,1.20851513959e-05,0.999987914849,1.00000757494,0,0,0,0.000111974490023,528,2.00000004397,2.0000000433,3.32702302942e-10
512,0.10451717829166518,800,3,pre,-1,3.0,3072,7.47757358519e-06,9.64087571318e-06,2.0478001975e-05,0.999979521998,1.00001979711,0,0,0,0.000111974490023,528,2.00000004397,2.0000000433,3.32702302942e-10
512,0.10451717829166518,800,3,post,3,1.5,1536,7.08169206265e-07,1.00931116186e-06,2.50301470583e-06,0.999997496985,1.00000150223,6.98452172533e-09,3.32972093942e-08,0,0.00011240365053,528,2.00000004398,2.0000000433,3.35618192631e-10
512,0.10451717829166518,800,3,post,3,3.0,3072,2.19730911327e-06,3.15020074678e-06,7.7369279301e-06,0.999992263072,1.00000671618,2.11529935696e-08,7.07061537548e-08,0,0.00011240365053,528,2.00000004398,2.0000000433,3.35618192631e-10
512,0.11774720086023038,900,3,pre,-1,1.5,1536,3.29560854497e-06,4.10263143943e-06,1.45285690596e-05,0.999985471431,1.00000867457,0,0,0,8.50519072605e-05,520,2.00000005629,2.00000005616,6.28497236592e-11
512,0.11774720086023038,900,3,pre,-1,3.0,3072,7.19156534103e-06,9.40018204734e-06,2.24641324894e-05,0.999977535868,1.00001687191,0,0,0,8.50519072605e-05,520,2.00000005629,2.00000005616,6.28497236592e-11
512,0.11774720086023038,900,3,post,3,1.5,1536,6.26452828632e-07,7.5579495001e-07,5.56109438832e-06,0.999994438906,1.00000119182,6.4050217541e-09,4.31509925669e-08,0,8.54903278989e-05,520,2.00000005625,2.00000005616,4.53908009534e-11
512,0.11774720086023038,900,3,post,3,3.0,3072,2.20555289084e-06,3.18690465921e-06,8.62562142467e-06,0.999991374379,1.0000053456,2.10247381159e-08,7.76136534104e-08,0,8.54903278989e-05,520,2.00000005625,2.00000005616,4.53908009534e-11
512,0.13097722342879556,1000,3,pre,-1,1.5,1536,2.99209178345e-06,3.63437426453e-06,1.25712997769e-05,0.9999874287,1.00000599136,0,0,0,5.92601301441e-05,520,2.00000006396,2.0000000639,2.89737113925e-11
512,0.13097722342879556,1000,3,pre,-1,3.0,3072,6.68278088941e-06,8.84594369376e-06,2.23047747954e-05,0.999977695225,1.00001535678,0,0,0,5.92601301441e-05,520,2.00000006396,2.0000000639,2.89737113925e-11
512,0.13097722342879556,1000,3,post,3,1.5,1536,5.34758128852e-07,6.56870490122e-07,5.16902015835e-06,0.99999483098,1.00000084718,5.71573607635e-09,4.093778193e-08,0,5.9943153408e-05,520,2.00000006391,2.0000000639,2.96829218379e-12
512,0.13097722342879556,1000,3,post,3,3.0,3072,2.05186590637e-06,3.06322385115e-06,8.80367203882e-06,0.999991196328,1.0000057832,1.9671153738e-08,7.95104385179e-08,0,5.9943153408e-05,520,2.00000006391,2.0000000639,2.96829218379e-12
512,0.14420724599736076,1100,3,pre,-1,1.5,1536,2.9626548222e-06,3.57046086164e-06,1.1314948979e-05,0.999988685051,1.00000458484,0,0,0,3.05365458132e-05,520,2.00000005668,2.00000005826,-7.87929254427e-10
512,0.14420724599736076,1100,3,pre,-1,3.0,3072,6.04660868308e-06,7.80481046512e-06,1.96683689493e-05,0.99998689825,1.00001966837,0,0,0,3.05365458132e-05,520,2.00000005668,2.00000005826,-7.87929254427e-10
512,0.14420724599736076,1100,3,post,3,1.5,1536,5.14087670396e-07,7.16772729425e-07,5.25607182467e-06,0.999994743928,1.00000064829,5.66288906712e-09,4.42531859156e-08,0,3.10812152177e-05,520,2.0000000567,2.00000005826,-7.81228836624e-10
512,0.14420724599736076,1100,3,post,3,3.0,3072,1.80696234328e-06,2.61675055815e-06,7.60583756065e-06,0.999994743928,1.00000760584,1.74709882721e-08,6.9819644382e-08,0,3.10812152177e-05,520,2.0000000567,2.00000005826,-7.81228836624e-10
512,0.15743726856592596,1200,3,pre,-1,1.5,1536,2.75972017462e-06,3.38703224531e-06,6.52367594833e-06,0.999993476324,1.00000395727,0,0,0,3.21178385416e-06,520,2.00000005876,2.00000005828,2.3817458422e-10
512,0.15743726856592596,1200,3,pre,-1,3.0,3072,5.26133580531e-06,6.74485859829e-06,1.59728856675e-05,0.999987321701,1.00001597289,0,0,0,3.21178385416e-06,520,2.00000005876,2.00000005828,2.3817458422e-10
512,0.15743726856592596,1200,3,post,3,1.5,1536,4.96954033323e-07,6.41539933451e-07,2.62828089048e-06,0.999997371719,1.00000077124,5.32210563906e-09,2.17529366109e-08,0,3.14250880723e-06,520,2.00000005876,2.00000005828,2.38217660872e-10
512,0.15743726856592596,1200,3,post,3,3.0,3072,1.56105523123e-06,2.22498177247e-06,5.98969184096e-06,0.99999589275,1.00000598969,1.4908144706e-08,5.47649601362e-08,0,3.14250880723e-06,520,2.00000005876,2.00000005828,2.38217660872e-10
512,0.17066729113449114,1300,3,pre,-1,1.5,1536,2.24459831713e-06,2.86047894551e-06,6.60887073267e-06,0.999998017742,1.00000660887,0,0,0,2.79158620588e-05,516,2.00000005841,2.00000005831,4.79687386926e-11
512,0.17066729113449114,1300,3,pre,-1,3.0,3072,4.35714932079e-06,5.54699425795e-06,1.21722422646e-05,0.999988619407,1.00001217224,0,0,0,2.79158620588e-05,516,2.00000005841,2.00000005831,4.79687386926e-11
512,0.17066729113449114,1300,3,post,3,1.5,1536,4.12119383491e-07,5.54895631985e-07,1.38809279315e-06,0.999999543348,1.00000138809,4.0915083597e-09,1.55142733512e-08,0,2.75879635088e-05,516,2.0000000584,2.00000005831,4.5335289755e-11
512,0.17066729113449114,1300,3,post,3,3.0,3072,1.29126630651e-06,1.807860044e-06,4.26395048891e-06,0.999996121184,1.00000426395,1.22273215828e-08,4.07005594297e-08,0,2.75879635088e-05,516,2.0000000584,2.00000005831,4.5335289755e-11
512,0.18389731370305634,1400,3,pre,-1,1.5,1536,1.64666904305e-06,2.06231339098e-06,4.68380084917e-06,0.999998517929,1.0000046838,0,0,0,5.15522485508e-05,516,2.00000005855,2.00000005834,1.04578342933e-10
512,0.18389731370305634,1400,3,pre,-1,3.0,3072,3.38949271462e-06,4.40850871394e-06,1.49241389029e-05,0.999991163445,1.00001492414,0,0,0,5.15522485508e-05,516,2.00000005855,2.00000005834,1.04578342933e-10
512,0.18389731370305634,1400,3,post,3,1.5,1536,3.31073082576e-07,4.33350729068e-07,1.0150261851e-06,0.999999519904,1.00000101503,2.71124313697e-09,9.76195393141e-09,0,5.11759007691e-05,516,2.00000005853,2.00000005834,9.67454976777e-11
512,0.18389731370305634,1400,3,post,3,3.0,3072,1.01589219645e-06,1.47236353605e-06,6.55575233699e-06,0.999997163602,1.00000655575,9.35958322964e-09,5.64566870337e-08,0,5.11759007691e-05,516,2.00000005853,2.00000005834,9.67454976777e-11
512,0.19712733627162154,1500,3,pre,-1,1.5,1536,1.1095097671e-06,1.45783453838e-06,3.40473955585e-06,0.999998836902,1.00000340474,0,0,0,7.53388040653e-05,516,2.00000006264,2.00000006229,1.71727071654e-10
512,0.19712733627162154,1500,3,pre,-1,3.0,3072,2.55540290792e-06,3.6276368878e-06,1.05017176748e-05,0.999995562384,1.00001050172,0,0,0,7.53388040653e-05,516,2.00000006264,2.00000006229,1.71727071654e-10
512,0.19712733627162154,1500,3,post,3,1.5,1536,3.16770598678e-07,3.81575387731e-07,8.3416129848e-07,0.999999558855,1.00000083416,2.14244627973e-09,5.84923882637e-09,0,7.51469249586e-05,516,2.00000006268,2.00000006229,1.94030563346e-10
512,0.19712733627162154,1500,3,post,3,3.0,3072,8.56989522687e-07,1.37099558234e-06,4.39942541197e-06,0.999998524584,1.00000439943,7.31166824896e-09,3.81618935619e-08,0,7.51469249586e-05,516,2.00000006268,2.00000006229,1.94030563346e-10
512,0.21035735884018675,1600,3,pre,-1,1.5,1536,1.03177382544e-06,1.36875920516e-06,4.33313422388e-06,0.999999322968,1.00000433313,0,0,0,9.59849916061e-05,524,2.00000005435,2.00000005412,1.14321216064e-10
512,0.21035735884018675,1600,3,pre,-1,3.0,3072,1.64915962856e-06,2.38655012064e-06,6.89259237219e-06,0.99999814973,1.00000689259,0,0,0,9.59849916061e-05,524,2.00000005435,2.00000005412,1.14321216064e-10
512,0.21035735884018675,1600,3,post,3,1.5,1536,3.39157958527e-07,4.35664962306e-07,1.4370101129e-06,0.99999968725,1.00000143701,2.29241162283e-09,1.29104845816e-08,0,9.59465650487e-05,524,2.00000005438,2.00000005412,1.27210238897e-10
512,0.21035735884018675,1600,3,post,3,3.0,3072,6.62691076895e-07,9.57369467402e-07,2.98315462244e-06,0.999999328875,1.00000298315,5.12076168418e-09,2.58313861499e-08,0,9.59465650487e-05,524,2.00000005438,2.00000005412,1.27210238897e-10
512,0.22358738140875195,1700,3,pre,-1,1.5,1536,1.07727286048e-06,1.3806826772e-06,3.17241558889e-06,0.999999805781,1.00000317242,0,0,0,0.000114245507433,524,2.00000004415,2.0000000441,2.50583992471e-11
512,0.22358738140875195,1700,3,pre,-1,3.0,3072,1.33048748326e-06,1.70282361355e-06,3.7246979594e-06,0.999999735476,1.0000037247,0,0,0,0.000114245507433,524,2.00000004415,2.0000000441,2.50583992471e-11
512,0.22358738140875195,1700,3,post,3,1.5,1536,3.38028904247e-07,4.36961659171e-07,1.14328335243e-06,0.999999824994,1.00000114328,2.43715250865e-09,7.58755049329e-09,0,0.000114283257896,524,2.00000004414,2.0000000441,2.21178626089e-11
512,0.22358738140875195,1700,3,post,3,3.0,3072,5.88218377262e-07,8.13634238296e-07,2.20154818309e-06,0.999999821086,1.00000220155,4.62632097132e-09,1.57589086953e-08,0,0.000114283257896,524,2.00000004414,2.0000000441,2.21178626089e-11
512,0.23681740397731715,1800,3,pre,-1,1.5,1536,1.07154640375e-06,1.48707974182e-06,8.8537427485e-06,0.99999941433,1.00000885374,0,0,0,0.000130688384971,524,2.000000034,2.00000003415,-7.52184968123e-11
512,0.23681740397731715,1800,3,pre,-1,3.0,3072,1.44374740891e-06,2.12224964703e-06,8.8537427485e-06,0.999997407887,1.00000885374,0,0,0,0.000130688384971,524,2.000000034,2.00000003415,-7.52184968123e-11
512,0.23681740397731715,1800,3,post,3,1.5,1536,3.38084126293e-07,5.18474465653e-07,3.61546665273e-06,0.999999784064,1.00000361547,2.72985638122e-09,3.0367213355e-08,0,0.00013083463735,524,2.00000003398,2.00000003415,-8.5352612408e-11
512,0.23681740397731715,1800,3,post,3,3.0,3072,6.28964382847e-07,9.94734884207e-07,3.61546665273e-06,0.999999685088,1.00000361547,5.43744296554e-09,3.0367213355e-08,0,0.00013083463735,524,2.00000003398,2.00000003415,-8.5352612408e-11
512,0.25004742654588236,1900,3,pre,-1,1.5,1536,1.25020621427e-06,1.82167989082e-06,1.13145127574e-05,0.999998075613,1.00001131451,0,0,0,0.000145192955531,524,2.00000002645,2.00000002651,-2.890354584e-11
512,0.25004742654588236,1900,3,pre,-1,3.0,3072,1.96047752535e-06,2.75314438331e-06,1.13145127574e-05,0.999996833814,1.00001131451,0,0,0,0.000145192955531,524,2.00000002645,2.00000002651,-2.890354584e-11
512,0.25004742654588236,1900,3,post,3,1.5,1536,3.5235735781e-07,6.24378719366e-07,4.9459111473e-06,0.999999734166,1.00000494591,3.1311294307e-09,4.30583922272e-08,0,0.000145443418642,524,2.00000002644,2.00000002651,-3.34510192886e-11
512,0.25004742654588236,1900,3,post,3,3.0,3072,6.72700684825e-07,1.10526487304e-06,4.9459111473e-06,0.999999236263,1.00000494591,6.5404921968e-09,4.30583922272e-08,0,0.000145443418642,524,2.00000002644,2.00000002651,-3.34510192886e-11
512,0.26327744911444773,2000,3,pre,-1,1.5,1536,1.58000754198e-06,2.01559403368e-06,6.08108590505e-06,0.999996752482,1.00000608109,0,0,0,0.000157022986614,524,2.00000002139,2.0000000214,-5.03330705059e-12
512,0.26327744911444773,2000,3,pre,-1,3.0,3072,2.79914064889e-06,3.59959043223e-06,9.71500645197e-06,0.999993928868,1.00000971501,0,0,0,0.000157022986614,524,2.00000002139,2.0000000214,-5.03330705059e-12
512,0.26327744911444773,2000,3,post,3,1.5,1536,3.54586079969e-07,5.03131627782e-07,2.61546760427e-06,0.999999622398,1.00000261547,3.71937278624e-09,2.32971813631e-08,0,0.000157359461749,524,2.00000002138,2.0000000214,-6.7845728309e-12
512,0.26327744911444773,2000,3,post,3,3.0,3072,8.84983181249e-07,1.28957727351e-06,4.42228120834e-06,0.999997731911,1.00000442228,8.98512460238e-09,3.94701330179e-08,0,0.000157359461749,524,2.00000002138,2.0000000214,-6.7845728309e-12
512,0.27650747168301282,2100,3,pre,-1,1.5,1536,2.0274879744e-06,2.89900811626e-06,1.75991410576e-05,0.999993685647,1.00001759914,0,0,0,0.000164822494148,524,2.00000001786,2.00000001785,1.04738439208e-12
512,0.27650747168301282,2100,3,pre,-1,3.0,3080,3.65082246708e-06,4.73830616413e-06,1.75991410576e-05,0.999990751186,1.00001759914,0,0,0,0.000164822494148,524,2.00000001786,2.00000001785,1.04738439208e-12
512,0.27650747168301282,2100,3,post,3,1.5,1536,4.63941425472e-07,9.73060541712e-07,8.30288977416e-06,0.999999486786,1.00000830289,4.89401125634e-09,7.44763613064e-08,0,0.000165194814026,524,2.00000001785,2.00000001785,-2.22488692149e-13
512,0.27650747168301282,2100,3,post,3,3.0,3080,1.14283269825e-06,1.68943807437e-06,8.30288977416e-06,0.999996486641,1.00000830289,1.15147789056e-08,7.44763613064e-08,0,0.000165194814026,524,2.00000001785,2.00000001785,-2.22488692149e-13
512,0.28973749425157802,2200,3,pre,-1,1.5,1536,2.37132403171e-06,3.39259411358e-06,1.9432011966e-05,0.999991534263,1.00001943201,0,0,0,0.000171389490741,524,2.00000001606,2.00000001606,-1.60316203468e-13
512,0.28973749425157802,2200,3,pre,-1,3.0,3072,4.43907492838e-06,5.76810003347e-06,1.9432011966e-05,0.999987826758,1.00001943201,0,0,0,0.000171389490741,524,2.00000001606,2.00000001606,-1.60316203468e-13
512,0.28973749425157802,2200,3,post,3,1.5,1536,5.32542390281e-07,1.114340035e-06,9.52138289256e-06,0.999999275032,1.00000952138,5.80833126351e-09,8.49178639554e-08,0,0.000171808339747,524,2.00000001606,2.00000001606,-8.86624100346e-13
512,0.28973749425157802,2200,3,post,3,3.0,3072,1.39144173194e-06,2.0418517649e-06,9.52138289256e-06,0.999995317069,1.00000952138,1.3964671729e-08,8.49178639554e-08,0,0.000171808339747,524,2.00000001606,2.00000001606,-8.86624100346e-13
512,0.30296751682014328,2300,3,pre,-1,1.5,1536,2.6209570041e-06,3.48501429848e-06,1.70635223762e-05,0.999988608236,1.00001706352,0,0,0,0.000172757673732,524,2.00000001519,2.00000001519,-1.15241149081e-12
512,0.30296751682014328,2300,3,pre,-1,3.0,3072,5.17160073865e-06,6.67653733871e-06,1.70635223762e-05,0.999985063529,1.00001706352,0,0,0,0.000172757673732,524,2.00000001519,2.00000001519,-1.15241149081e-12
512,0.30296751682014328,2300,3,post,3,1.5,1536,5.45067062175e-07,8.4945335714e-07,6.71339746194e-06,0.99999827556,1.0000067134,6.39110404928e-09,5.11848043624e-08,0,0.000173207838715,524,2.00000001519,2.00000001519,-1.42152954993e-12
512,0.30296751682014328,2300,3,post,3,3.0,3072,1.6328936345e-06,2.35953488229e-06,6.71339746194e-06,0.999994215561,1.0000067134,1.6470586556e-08,5.27571246221e-08,0,0.000173207838715,524,2.00000001519,2.00000001519,-1.42152954993e-12
512,0.31619753938870837,2400,3,pre,-1,1.5,1536,2.6855636023e-06,3.43008636918e-06,6.76314937698e-06,0.999993240453,1.00000676315,0,0,0,0.000172143804054,522,2.00000001551,2.00000001552,-4.5974335093e-12
512,0.31619753938870837,2400,3,pre,-1,3.0,3072,5.63825351149e-06,7.36377143776e-06,1.75107332545e-05,0.999982489267,1.00001448649,0,0,0,0.000172143804054,522,2.00000001551,2.00000001552,-4.5974335093e-12
512,0.31619753938870837,2400,3,post,3,1.5,1536,5.57733206411e-07,6.84554119855e-07,2.31724279143e-06,0.999998809734,1.00000231724,6.44010368927e-09,2.14634855787e-08,0,0.000172628934227,522,2.00000001551,2.00000001552,-4.77040625519e-12
512,0.31619753938870837,2400,3,post,3,3.0,3072,1.76382545086e-06,2.5567191801e-06,6.89506071205e-06,0.999993104939,1.00000571612,1.76879648505e-08,6.24163874439e-08,0,0.000172628934227,522,2.00000001551,2.00000001552,-4.77040625519e-12
512,0.32942756195727363,2500,3,pre,-1,1.5,1536,2.83074507834e-06,3.64240932746e-06,7.59043335441e-06,0.999992409567,1.00000660611,0,0,0,0.000166610152101,528,2.00000001712,2.00000001712,-2.01727521847e-12
512,0.32942756195727363,2500,3,pre,-1,3.0,3072,6.11583501827e-06,8.05692563599e-06,1.99328276734e-05,0.999980067172,1.00001594397,0,0,0,0.000166610152101,528,2.00000001712,2.00000001712,-2.01727521847e-12
512,0.32942756195727363,2500,3,post,3,1.5,1536,6.02259769294e-07,7.21746007135e-07,1.80328412247e-06,0.999998643095,1.00000180328,6.7590064696e-09,2.20604641065e-08,0,0.000167143856407,528,2.00000001712,2.00000001712,-1.75393031928e-12
512,0.32942756195727363,2500,3,post,3,3.0,3072,1.91927717069e-06,2.81364441037e-06,7.97913317618e-06,0.999992020867,1.00000619645,1.91346194305e-08,7.18544656587e-08,0,0.000167143856407,528,2.00000001712,2.00000001712,-1.75393031928e-12
512,0.34265758452583883,2600,3,pre,-1,1.5,1536,2.99576942707e-06,3.85443915451e-06,8.32851345756e-06,0.999991671487,1.00000609256,0,0,0,0.000159228676708,528,2.00000001951,2.00000001951,-2.33146832897e-13
512,0.34265758452583883,2600,3,pre,-1,3.0,3072,6.49489344945e-06,8.62027339554e-06,2.21283505669e-05,0.999977871649,1.00001700406,0,0,0,0.000159228676708,528,2.00000001951,2.00000001951,-2.33146832897e-13
512,0.34265758452583883,2600,3,post,3,1.5,1536,6.31248227366e-07,7.71086162787e-07,2.15475619303e-06,0.999997845244,1.0000018038,6.96967391432e-09,2.41515705542e-08,0,0.000159821471506,528,2.00000001951,2.00000001951,3.82360805951e-13
512,0.34265758452583883,2600,3,post,3,3.0,3072,2.04048522052e-06,3.03848747729e-06,9.01678834708e-06,0.999990983212,1.00000650332,2.01849497778e-08,8.08156384296e-08,0,0.000159821471506,528,2.00000001951,2.00000001951,3.82360805951e-13
512,0.35588760709440392,2700,3,pre,-1,1.5,1536,3.14943943513e-06,4.0320119874e-06,8.97758676144e-06,0.999991022413,1.00000563066,0,0,0,0.000150026800752,528,2.00000002334,2.00000002333,5.39013272167e-12
512,0.35588760709440392,2700,3,pre,-1,3.0,3072,6.7601066006e-06,8.98017601613e-06,2.42031296497e-05,0.99997579687,1.00001863715,0,0,0,0.000150026800752,528,2.00000002334,2.00000002333,5.39013272167e-12
512,0.35588760709440392,2700,3,post,3,1.5,1536,6.41080049439e-07,8.15721627092e-07,2.58908530371e-06,0.999997410915,1.00000173245,6.99959899292e-09,2.5635281258e-08,0,0.000150657964537,528,2.00000002335,2.00000002333,7.48112674185e-12
512,0.35588760709440392,2700,3,post,3,3.0,3072,2.10615291338e-06,3.17092445962e-06,1.00812428682e-05,0.999989918757,1.0000070762,2.07493511664e-08,8.9820630874e-08,0,0.000150657964537,528,2.00000002335,2.00000002333,7.48112674185e-12
512,0.36911762966296924,2800,3,pre,-1,1.5,1544,3.28952911098e-06,4.19657575288e-06,9.71765082391e-06,0.999990282349,1.00000681469,0,0,0,0.00013806388323,528,2.00000002888,2.00000002883,2.83331132247e-11
512,0.36911762966296924,2800,3,pre,-1,3.0,3072,6.80425911829e-06,8.89043980193e-06,2.61221464158e-05,0.999973877854,1.00002066217,0,0,0,0.00013806388323,528,2.00000002888,2.00000002883,2.83331132247e-11
512,0.36911762966296924,2800,3,post,3,1.5,1544,6.34503059679e-07,8.47715195996e-07,3.03212409891e-06,0.999996967876,1.00000159542,6.83395876723e-09,2.70403499123e-08,0,0.000138653123851,528,2.0000000289,2.00000002883,3.46407342259e-11
512,0.36911762966296924,2800,3,post,3,3.0,3072,2.06428128073e-06,3.02823280802e-06,1.1160668025e-05,0.999988839332,1.0000078471,2.03263328358e-08,9.87411744712e-08,0,0.000138653123851,528,2.0000000289,2.00000002883,3.46407342259e-11
512,0.38234765223153444,2900,3,pre,-1,1.5,1536,3.38016001436e-06,4.31845786167e-06,1.01037043446e-05,0.999989896296,1.00000664747,0,0,0,0.000122804071302,528,2.00000003723,2.00000003715,4.38886696605e-11
512,0.38234765223153444,2900,3,pre,-1,3.0,3072,6.74429127422e-06,8.66299753227e-06,1.9527339769e-05,0.999983148241,1.00001952734,0,0,0,0.000122804071302,528,2.00000003723,2.00000003715,4.38886696605e-11
512,0.38234765223153444,2900,3,post,3,1.5,1536,6.0941699232e-07,8.5185438204e-07,2.22773470748e-06,0.999997772265,1.00000140627,6.58792525465e-09,2.74040595979e-08,0,0.000123294164417,528,2.00000003724,2.00000003715,4.965983088e-11
512,0.38234765223153444,2900,3,post,3,3.0,3072,1.994923557e-06,2.83951993389e-06,7.07054659022e-06,0.999993622553,1.00000707055,1.95648487124e-08,6.6695495014e-08,0,0.000123294164417,528,2.00000003724,2.00000003715,4.965983088e-11
512,0.39557767480009953,3000,3,pre,-1,1.5,1536,3.37589241727e-06,4.34475189723e-06,1.04920359483e-05,0.999989507964,1.00000718053,0,0,0,0.000105780578742,528,2.00000004544,2.0000000455,-3.12763141597e-11
512,0.39557767480009953,3000,3,pre,-1,3.0,3072,6.66639735423e-06,8.56401864396e-06,1.80317854164e-05,0.999981968215,1.00001795161,0,0,0,0.000105780578742,528,2.00000004544,2.0000000455,-3.12763141597e-11
512,0.39557767480009953,3000,3,post,3,1.5,1536,5.96048258628e-07,8.35226709216e-07,2.04678204441e-06,0.999997953218,1.00000119197,6.32755915258e-09,2.78452122367e-08,0,0.000106160464655,528,2.00000004544,2.0000000455,-3.27204922373e-11
512,0.39557767480009953,3000,3,post,3,3.0,3072,1.96996744123e-06,2.80467932979e-06,6.66683857442e-06,0.999993333161,1.0000062695,1.91061139909e-08,6.22857378538e-08,0,0.000106160464655,528,2.00000004544,2.0000000455,-3.27204922373e-11
512,0.40880769736866485,3100,3,pre,-1,1.5,1536,3.07133511573e-06,3.85750012098e-06,1.09114393663e-05,0.999989088561,1.00000922221,0,0,0,8.77577612369e-05,528,2.00000005453,2.00000005438,7.49613684061e-11
512,0.40880769736866485,3100,3,pre,-1,3.0,3072,6.4865341559e-06,8.39937269884e-06,1.93489416513e-05,0.999980651058,1.00001685118,0,0,0,8.77577612369e-05,528,2.00000005453,2.00000005438,7.49613684061e-11
512,0.40880769736866485,3100,3,post,3,1.5,1536,5.59916076977e-07,6.88478456354e-07,2.58571184375e-06,0.999997414288,1.00000150301,5.91722091501e-09,2.91470690864e-08,0,8.81008005994e-05,528,2.00000005451,2.00000005438,6.61166658986e-11
512,0.40880769736866485,3100,3,post,3,3.0,3072,1.96372611678e-06,2.80389672128e-06,7.25520147826e-06,0.999992744799,1.00000615837,1.88882874975e-08,6.67521163709e-08,0,8.81008005994e-05,528,2.00000005451,2.00000005438,6.61166658986e-11
512,0.42203771993723005,3200,3,pre,-1,1.5,1536,2.78354080159e-06,3.4131785396e-06,1.326307744e-05,0.999986736923,1.00000670602,0,0,0,7.13403516547e-05,520,2.00000006248,2.00000006176,3.60355067982e-10
512,0.42203771993723005,3200,3,pre,-1,3.0,3072,6.17954393144e-06,8.09260879152e-06,1.94974188907e-05,0.999980502581,1.00001371997,0,0,0,7.13403516547e-05,520,2.00000006248,2.00000006176,3.60355067982e-10
512,0.42203771993723005,3200,3,post,3,1.5,1536,4.9775052365e-07,6.05861523195e-07,5.05496055114e-06,0.999994945039,1.00000096245,5.41642553982e-09,3.5229045149e-08,0,7.19039022921e-05,520,2.00000006245,2.00000006176,3.42325934797e-10
512,0.42203771993723005,3200,3,post,3,3.0,3072,1.89288081177e-06,2.76214864085e-06,7.52713646912e-06,0.999992472864,1.00000512506,1.82323092838e-08,6.82259995426e-08,0,7.19039022921e-05,520,2.00000006245,2.00000006176,3.42325934797e-10
512,0.43526774250579514,3300,3,pre,-1,1.5,1536,2.57603446079e-06,3.1296064241e-06,9.52017006017e-06,0.99999047983,1.00000518587,0,0,0,5.26927845993e-05,520,2.00000006532,2.00000006473,2.93861814253e-10
512,0.43526774250579514,3300,3,pre,-1,3.0,3072,5.75827382519e-06,7.5994128753e-06,1.94294526028e-05,0.999980570547,1.0000156389,0,0,0,5.26927845993e-05,520,2.00000006532,2.00000006473,2.93861814253e-10
512,0.43526774250579514,3300,3,post,3,1.5,1536,4.47746637533e-07,5.48178419732e-07,3.72648161628e-06,0.999996273518,1.0000007537,4.93241334779e-09,2.62346425218e-08,0,5.33128698355e-05,520,2.00000006529,2.00000006473,2.79697811407e-10
512,0.43526774250579514,3300,3,post,3,3.0,3072,1.75986747915e-06,2.61572222795e-06,7.66341617842e-06,0.999992336584,1.00000606096,1.69758108302e-08,6.94388935484e-08,0,5.33128698355e-05,520,2.00000006529,2.00000006473,2.79697811407e-10
512,0.44849776507436045,3400,3,pre,-1,1.5,1536,2.53299262609e-06,3.05963432921e-06,9.75920044466e-06,0.9999902408,1.00000426143,0,0,0,3.21715778216e-05,520,2.00000005806,2.00000005872,-3.29021911159e-10
512,0.44849776507436045,3400,3,pre,-1,3.0,3072,5.29617268537e-06,6.87533466073e-06,1.76398278444e-05,0.999988926542,1.00001763983,0,0,0,3.21715778216e-05,520,2.00000005806,2.00000005872,-3.29021911159e-10
512,0.44849776507436045,3400,3,post,3,1.5,1536,4.29169265359e-07,5.79592238838e-07,4.15465229309e-06,0.999995845348,1.00000063466,4.85210363216e-09,3.31030036438e-08,0,3.26716976025e-05,520,2.00000005807,2.00000005872,-3.24655848221e-10
512,0.44849776507436045,3400,3,post,3,3.0,3072,1.58789356539e-06,2.32339273601e-06,6.93307706423e-06,0.999995845348,1.00000693308,1.54007562107e-08,6.30111782786e-08,0,3.26716976025e-05,520,2.00000005807,2.00000005872,-3.24655848221e-10
512,0.4617277876429256,3500,3,pre,-1,1.5,1536,2.39302058451e-06,2.91610745613e-06,7.95184237001e-06,0.999992048158,1.00000364582,0,0,0,1.15376311455e-05,520,2.00000005889,2.00000005871,9.30013816415e-11
512,0.4617277876429256,3500,3,pre,-1,3.0,3072,4.71226509879e-06,6.06789927863e-06,1.48730080169e-05,0.999989373471,1.00001487301,0,0,0,1.15376311455e-05,520,2.00000005889,2.00000005871,9.30013816415e-11
512,0.4617277876429256,3500,3,post,3,1.5,1536,4.13418859432e-07,5.51220158623e-07,3.28638076441e-06,0.999996713619,1.00000063773,4.60622133445e-09,2.6920908875e-08,0,1.18098817784e-05,520,2.0000000589,2.00000005871,9.46924733029e-11
512,0.4617277876429256,3500,3,post,3,3.0,3072,1.39903051094e-06,2.02036315912e-06,5.69505076564e-06,0.999996713619,1.00000569505,1.3478750139e-08,5.17920593548e-08,0,1.18098817784e-05,520,2.0000000589,2.00000005871,9.46924733029e-11
512,0.47495781021149075,3600,3,pre,-1,1.5,1536,2.21384808131e-06,2.89236080853e-06,6.93232782978e-06,0.999998048149,1.00000693233,0,0,0,1.0844666368e-05,516,2.00000005879,2.00000005869,4.79865022513e-11
512,0.47495781021149075,3600,3,pre,-1,3.0,3072,4.09574864753e-06,5.2263191523e-06,1.21252871366e-05,0.999990011399,1.00001212529,0,0,0,1.0844666368e-05,516,2.00000005879,2.00000005869,4.79865022513e-11
512,0.47495781021149075,3600,3,post,3,1.5,1536,4.04592676756e-07,5.53575995524e-07,1.42624202071e-06,0.999999586892,1.00000142624,4.21587930893e-09,1.75124617672e-08,0,1.07498675607e-05,516,2.00000005879,2.00000005869,4.89444026489e-11
512,0.47495781021149075,3600,3,post,3,3.0,3072,1.21667074863e-06,1.71925336153e-06,4.47553185934e-06,0.999996622247,1.00000447553,1.15288090784e-08,4.20773372204e-08,0,1.07498675607e-05,516,2.00000005879,2.00000005869,4.89444026489e-11
512,0.48818783278005606,3700,3,pre,-1,1.5,1536,1.74601298711e-06,2.22318072715e-06,5.2208265644e-06,0.999998400023,1.00000522083,0,0,0,2.7002682348e-05,516,2.00000005875,2.00000005868,3.47153406938e-11
512,0.48818783278005606,3700,3,pre,-1,3.0,3072,3.36175986054e-06,4.26161560417e-06,9.56612245173e-06,0.999991615944,1.00000956612,0,0,0,2.7002682348e-05,516,2.00000005875,2.00000005868,3.47153406938e-11
512,0.48818783278005606,3700,3,post,3,1.5,1536,3.34879045512e-07,4.49884892907e-07,1.14115753624e-06,0.999999592292,1.00000114116,3.1251907762e-09,1.23555923322e-08,0,2.6750458183e-05,516,2.00000005875,2.00000005868,3.27295958503e-11
512,0.48818783278005606,3700,3,post,3,3.0,3072,1.00021367133e-06,1.38777377576e-06,3.38866497329e-06,0.999997263347,1.00000338866,9.36970809544e-09,3.19811957906e-08,0,2.6750458183e-05,516,2.00000005875,2.00000005868,3.27295958503e-11
512,0.50141785534862127,3800,3,pre,-1,1.5,1536,1.31978366587e-06,1.66895002948e-06,3.91127724519e-06,0.999998639251,1.00000391128,0,0,0,4.31782238243e-05,516,2.00000005879,2.00000005867,5.96387366427e-11
512,0.50141785534862127,3800,3,pre,-1,3.0,3072,2.59893641584e-06,3.28668933335e-06,7.325631596e-06,0.999993547903,1.00000732563,0,0,0,4.31782238243e-05,516,2.00000005879,2.00000005867,5.96387366427e-11
512,0.50141785534862127,3800,3,post,3,1.5,1536,2.83508209107e-07,3.64964981239e-07,8.8397211595e-07,0.999999582576,1.00000088397,2.23316069386e-09,8.5994508554e-09,0,4.29151271477e-05,516,2.00000005878,2.00000005867,5.52626816972e-11
512,0.50141785534862127,3800,3,post,3,3.0,3072,7.75280798761e-07,1.05492626423e-06,2.52562655967e-06,0.999998023628,1.00000252563,7.0933591362e-09,2.37521618259e-08,0,4.29151271477e-05,516,2.00000005878,2.00000005867,5.52626816972e-11
512,0.51464787791718636,3900,3,pre,-1,1.5,1536,9.22886979957e-07,1.20028252561e-06,2.7907787401e-06,0.999998861755,1.00000279078,0,0,0,5.8656659666e-05,516,2.00000006339,2.0000000632,9.39992498556e-11
512,0.51464787791718636,3900,3,pre,-1,3.0,3072,2.04244083695e-06,2.86344567877e-06,8.67013764938e-06,0.999996046697,1.00000867014,0,0,0,5.8656659666e-05,516,2.00000006339,2.0000000632,9.39992498556e-11
512,0.51464787791718636,3900,3,post,3,1.5,1536,2.50092497735e-07,3.01089563048e-07,6.68323090647e-07,0.999999612723,1.00000066832,1.70483079565e-09,5.65682287904e-09,0,5.84811009945e-05,516,2.00000006341,2.0000000632,1.05890404207e-10
512,0.51464787791718636,3900,3,post,3,3.0,3072,6.88188582175e-07,1.09329603173e-06,3.76343234332e-06,0.999998679335,1.00000376343,5.87943784975e-09,3.22810053948e-08,0,5.84811009945e-05,516,2.00000006341,2.0000000632,1.05890404207e-10
512,0.52787790048575167,4000,3,pre,-1,1.5,1536,7.44875663871e-07,9.32806820035e-07,2.15898748879e-06,0.999999151624,1.00000215899,0,0,0,7.31221763363e-05,516,2.00000006148,2.00000006124,1.19519501744e-10
512,0.52787790048575167,4000,3,pre,-1,3.0,3072,1.38071482424e-06,1.96478903111e-06,5.84005376347e-06,0.999997571265,1.00000584005,0,0,0,7.31221763363e-05,516,2.00000006148,2.00000006124,1.19519501744e-10
512,0.52787790048575167,4000,3,post,3,1.5,1536,2.36134096426e-07,2.78201458999e-07,5.63557281286e-07,0.999999691822,1.00000056356,1.49435849281e-09,3.82754086845e-09,0,7.30477488047e-05,516,2.00000006148,2.00000006124,1.19392936323e-10
512,0.52787790048575167,4000,3,post,3,3.0,3072,5.38098405247e-07,7.99267064084e-07,2.60482775793e-06,0.999999143808,1.00000260483,4.21307275444e-09,2.18252844859e-08,0,7.30477488047e-05,516,2.00000006148,2.00000006124,1.19392936323e-10
512,0.54110792305431687,4100,3,pre,-1,1.5,1536,7.2497549097e-07,8.7713503439e-07,1.68174363968e-06,0.999999382813,1.00000168174,0,0,0,8.57055598053e-05,516,2.00000005658,2.00000005642,7.74920106204e-11
512,0.54110792305431687,4100,3,pre,-1,3.0,3072,9.80246641683e-07,1.22979541334e-06,3.28823446938e-06,0.999999083767,1.00000328823,0,0,0,8.57055598053e-05,516,2.00000005658,2.00000005642,7.74920106204e-11
512,0.54110792305431687,4100,3,post,3,1.5,1536,2.34743550247e-07,2.92368644716e-07,7.19450627518e-07,0.999999758713,1.00000071945,1.56078838715e-09,6.25590359897e-09,0,8.57181365462e-05,516,2.0000000566,2.00000005642,8.6507021326e-11
512,0.54110792305431687,4100,3,post,3,3.0,3072,4.20191731681e-07,5.56018878095e-07,1.54744516356e-06,0.99999948763,1.00000154745,3.12478538239e-09,1.24039923975e-08,0,8.57181365462e-05,516,2.0000000566,2.00000005642,8.6507021326e-11
512,0.55433794562288197,4200,3,pre,-1,1.5,1536,7.2914097899e-07,9.45514417466e-07,2.47489154548e-06,0.999999141481,1.00000247489,0,0,0,9.46292394413e-05,524,2.00000005162,2.00000005159,1.77216015066e-11
512,0.55433794562288197,4200,3,pre,-1,3.0,3072,8.23830303069e-07,1.1481552821e-06,3.46080517244e-06,0.999999052592,1.00000346081,0,0,0,9.46292394413e-05,524,2.00000005162,2.00000005159,1.77216015066e-11
512,0.55433794562288197,4200,3,post,3,1.5,1536,2.2316470701e-07,2.86296588552e-07,8.03853749121e-07,0.99999973533,1.00000080385,1.69664122577e-09,8.13181614146e-09,0,9.46864617925e-05,524,2.00000005163,2.00000005159,2.16637813207e-11
512,0.55433794562288197,4200,3,post,3,3.0,3072,3.46135097912e-07,5.070503996e-07,1.8470646288e-06,0.999999432919,1.00000184706,2.77528342508e-09,1.51747682805e-08,0,9.46864617925e-05,524,2.00000005163,2.00000005159,2.16637813207e-11
512,0.56756796819144728,4300,3,pre,-1,1.5,1536,7.67110737185e-07,1.01400274008e-06,2.57504486867e-06,0.999998861088,1.00000257504,0,0,0,0.000102858653694,524,2.00000004697,2.00000004694,1.85056410294e-11
512,0.56756796819144728,4300,3,pre,-1,3.0,3072,1.26084112806e-06,1.74075608827e-06,5.24030202698e-06,0.999998249275,1.0000052403,0,0,0,0.000102858653694,524,2.00000004697,2.00000004694,1.85056410294e-11
512,0.56756796819144728,4300,3,post,3,1.5,1536,2.11581068391e-07,2.79108865736e-07,1.04777417587e-06,0.999999684531,1.00000104777,1.70664128475e-09,8.20738126463e-09,0,0.000102964542408,524,2.00000004698,2.00000004694,1.9762857553e-11
512,0.56756796819144728,4300,3,post,3,3.0,3072,4.22092712084e-07,6.83376271496e-07,2.48817359472e-06,0.999999211812,1.00000248817,4.01290143818e-09,2.12717289512e-08,0,0.000102964542408,524,2.00000004698,2.00000004694,1.9762857553e-11
512,0.58079799076001248,4400,3,pre,-1,1.5,1536,9.71454093403e-07,1.23905305307e-06,3.00321092217e-06,0.999998011,1.00000300321,0,0,0,0.000109468193618,524,2.00000004309,2.00000004306,1.22155616323e-11
512,0.58079799076001248,4400,3,pre,-1,3.0,3072,1.8723032076e-06,2.4772044863e-06,6.9180728286e-06,0.999996737859,1.00000691807,0,0,0,0.000109468193618,524,2.00000004309,2.00000004306,1.22155616323e-11
512,0.58079799076001248,4400,3,post,3,1.5,1536,2.1013525585e-07,2.78843105265e-07,1.05540175488e-06,0.999999632602,1.0000010554,2.21523776084e-09,8.85074958679e-09,0,0.000109624128141,524,2.00000004309,2.00000004306,1.21096463581e-11
512,0.58079799076001248,4400,3,post,3,3.0,3072,5.96588348066e-07,9.1119642713e-07,3.0708220935e-06,0.999998844221,1.00000307082,5.95647656386e-09,2.68455805762e-08,0,0.000109624128141,524,2.00000004309,2.00000004306,1.21096463581e-11
512,0.59402801332857758,4500,3,pre,-1,1.5,1536,1.18662891827e-06,1.5411309542e-06,4.07567044103e-06,0.99999592433,1.00000402927,0,0,0,0.000113689718609,524,2.00000004048,2.00000004047,5.07527343208e-12
512,0.59402801332857758,4500,3,pre,-1,3.0,3072,2.43304619355e-06,3.19517545436e-06,8.43922924787e-06,0.999994709659,1.00000843923,0,0,0,0.000113689718609,524,2.00000004048,2.00000004047,5.07527343208e-12
512,0.59402801332857758,4500,3,post,3,1.5,1536,2.43028787437e-07,3.03216156505e-07,1.25101544568e-06,0.999999499242,1.00000125102,2.74026178833e-09,1.12651042869e-08,0,0.000113892433428,524,2.00000004048,2.00000004047,4.59432482754e-12
512,0.59402801332857758,4500,3,post,3,3.0,3072,7.68506227096e-07,1.13842045525e-06,3.58003124123e-06,0.999997674554,1.00000358003,7.69635932748e-09,3.18112351409e-08,0,0.000113892433428,524,2.00000004048,2.00000004047,4.59432482754e-12
512,0.60725803589714289,4600,3,pre,-1,1.5,1536,1.43191327724e-06,1.8268145107e-06,3.91312456638e-06,0.999996086875,1.00000319152,0,0,0,0.000116420247434,524,2.00000003933,2.00000003932,2.96429541747e-12
512,0.60725803589714289,4600,3,pre,-1,3.0,3072,2.94770069459e-06,3.8288938436e-06,9.73837048912e-06,0.999993691864,1.00000973837,0,0,0,0.000116420247434,524,2.00000003933,2.00000003932,2.96429541747e-12
512,0.60725803589714289,4600,3,post,3,1.5,1536,2.82052728713e-07,3.56973255466e-07,1.29589920572e-06,0.999999409993,1.0000012959,3.23361522982e-09,1.01305491808e-08,0,0.00011666304813,524,2.00000003933,2.00000003932,2.65343297668e-12
512,0.60725803589714289,4600,3,post,3,3.0,3072,9.14634874015e-07,1.3296733464e-06,3.98804557511e-06,0.99999763715,1.00000398805,9.16632307678e-09,3.58923665962e-08,0,0.00011666304813,524,2.00000003933,2.00000003932,2.65343297668e-12
512,0.62048805846570798,4700,3,pre,-1,1.5,1536,1.69883424795e-06,2.17751377741e-06,7.78678334545e-06,0.999995534201,1.00000778678,0,0,0,0.000116826033895,524,2.00000003907,2.00000003906,5.79380976315e-12
512,0.62048805846570798,4700,3,pre,-1,3.0,3072,3.41566098839e-06,4.40088159864e-06,1.07863743943e-05,0.999992457342,1.00001078637,0,0,0,0.000116826033895,524,2.00000003907,2.00000003906,5.79380976315e-12
512,0.62048805846570798,4700,3,post,3,1.5,1536,3.35008263705e-07,5.22580438529e-07,3.19323487297e-06,0.999999267374,1.00000319323,3.77780517813e-09,2.77476326922e-08,0,0.000117099337006,524,2.00000003907,2.00000003906,5.96833681921e-12
512,0.62048805846570798,4700,3,post,3,3.0,3072,1.04857811211e-06,1.51077356039e-06,4.28906564731e-06,0.999997225553,1.00000428907,1.04521161354e-08,3.9009585031e-08,0,0.000117099337006,524,2.00000003907,2.00000003906,5.96833681921e-12
512,0.63371808103427318,4800,3,pre,-1,1.5,1536,1.85840877769e-06,2.34475581466e-06,5.30945901456e-06,0.999994690541,1.00000373949,0,0,0,0.000113852137421,528,2.00000003984,2.00000003983,4.79705154926e-12
512,0.63371808103427318,4800,3,pre,-1,3.0,3072,3.75713251016e-06,4.82898965672e-06,1.15028438408e-05,0.999991194582,1.00001150284,0,0,0,0.000113852137421,528,2.00000003984,2.00000003983,4.79705154926e-12
512,0.63371808103427318,4800,3,post,3,1.5,1536,3.22378565076e-07,4.32738711781e-07,1.23691089671e-06,0.999998763089,1.00000078749,3.80571368121e-09,1.38582201886e-08,0,0.000114126232447,528,2.00000003984,2.00000003983,5.29687394499e-12
512,0.63371808103427318,4800,3,post,3,3.0,3072,1.12486446941e-06,1.61992893608e-06,4.44610031081e-06,0.999996682982,1.0000044461,1.12558190914e-08,4.08063030449e-08,0,0.000114126232447,528,2.00000003984,2.00000003983,5.29687394499e-12
512,0.6469481036028385,4900,3,pre,-1,1.5,1536,2.04343584777e-06,2.58240378592e-06,6.08156247417e-06,0.999993918438,1.00000457254,0,0,0,0.000109585817422,528,2.00000004211,2.00000004211,-1.59205978379e-13
512,0.6469481036028385,4900,3,pre,-1,3.0,3072,4.07134087228e-06,5.21352154131e-06,1.19356871295e-05,0.999990001876,1.00001193569,0,0,0,0.000109585817422,528,2.00000004211,2.00000004211,-1.59205978379e-13
512,0.6469481036028385,4900,3,post,3,1.5,1536,3.55050284655e-07,4.82722329362e-07,1.60342575528e-06,0.999998396574,1.00000077035,4.0386555382e-09,1.61126840594e-08,0,0.000109860710974,528,2.00000004211,2.00000004211,1.13242746127e-14
512,0.6469481036028385,4900,3,post,3,3.0,3072,1.21592785519e-06,1.73723998304e-06,4.49038673134e-06,0.99999618532,1.00000449039,1.20388130192e-08,4.1525425494e-08,0,0.000109860710974,528,2.00000004211,2.00000004211,1.13242746127e-14
512,0.66017812617140348,5000,3,pre,-1,1.5,1536,2.16196368864e-06,2.74445641086e-06,6.55722593768e-06,0.999993442774,1.00000533781,0,0,0,0.000103538066335,528,2.00000004516,2.00000004519,-1.63880016962e-11
512,0.66017812617140348,5000,3,pre,-1,3.0,3072,4.28664419952e-06,5.48553078563e-06,1.20642591768e-05,0.999988886398,1.00001206426,0,0,0,0.000103538066335,528,2.00000004516,2.00000004519,-1.63880016962e-11
512,0.66017812617140348,5000,3,post,3,1.5,1536,3.71789942233e-07,5.06357393845e-07,1.21039521461e-06,0.999998789605,1.00000076748,4.18572088e-09,1.68980896029e-08,0,0.000103800029498,528,2.00000004516,2.00000004519,-1.74049659638e-11
512,0.66017812617140348,5000,3,post,3,3.0,3072,1.27622755324e-06,1.81637964993e-06,4.42445108617e-06,0.999995866513,1.00000442445,1.25459197682e-08,4.11259844998e-08,0,0.000103800029498,528,2.00000004516,2.00000004519,-1.74049659638e-11
512,0.67340814873996879,5100,3,pre,-1,1.5,1536,2.2212616652e-06,2.82250035074e-06,7.10023245531e-06,0.999992899768,1.00000577958,0,0,0,9.57148494139e-05,528,2.00000004882,2.00000004888,-3.17836860168e-11
512,0.67340814873996879,5100,3,pre,-1,3.0,3072,4.42721798767e-06,5.67318528672e-06,1.21165346298e-05,0.999987883465,1.00001191158,0,0,0,9.57148494139e-05,528,2.00000004882,2.00000004888,-3.17836860168e-11
512,0.67340814873996879,5100,3,post,3,1.5,1536,3.79606713373e-07,5.15218396194e-07,1.36137297768e-06,0.999998638627,1.00000092339,4.27197407394e-09,1.82548460185e-08,0,9.59633448153e-05,528,2.00000004881,2.00000004888,-3.49016362829e-11
512,0.67340814873996879,5100,3,post,3,3.0,3072,1.31763972092e-06,1.87709044191e-06,4.53186655291e-06,0.999995468133,1.00000427233,1.29100050612e-08,4.24362615065e-08,0,9.59633448153e-05,528,2.00000004881,2.00000004888,-3.49016362829e-11
512,0.68663817130853411,5200,3,pre,-1,1.5,1536,2.1325064112e-06,2.65035158084e-06,6.06207543252e-06,0.999996446949,1.00000606208,0,0,0,8.78591450896e-05,520,2.00000005331,2.00000005335,-1.98208111299e-11
512,0.68663817130853411,5200,3,pre,-1,3.0,3072,4.48466109954e-06,5.78199078584e-06,1.31867459973e-05,0.999986813254,1.00001117433,0,0,0,8.78591450896e-05,520,2.00000005331,2.00000005335,-1.98208111299e-11
512,0.68663817130853411,5200,3,post,3,1.5,1536,3.82343213874e-07,4.59735923265e-07,9.26256452871e-07,0.999999211426,1.00000092626,4.18322994805e-09,1.37352963907e-08,0,8.81448805919e-05,520,2.0000000533,2.00000005335,-2.45832236893e-11
512,0.68663817130853411,5200,3,post,3,3.0,3072,1.36104831914e-06,1.93590574926e-06,5.01328931857e-06,0.999994986711,1.00000377941,1.32087974916e-08,4.53370812663e-08,0,8.81448805919e-05,520,2.0000000533,2.00000005335,-2.45832236893e-11
512,0.69986819387709909,5300,3,pre,-1,1.5,1536,2.04791956174e-06,2.51484319652e-06,5.36135777773e-06,0.99999650963,1.00000536136,0,0,0,7.78881042897e-05,520,2.00000005786,2.00000005799,-6.54707380422e-11
512,0.69986819387709909,5300,3,pre,-1,3.0,3072,4.45494572449e-06,5.78822376891e-06,1.36872860171e-05,0.999986312714,1.00001047027,0,0,0,7.78881042897e-05,520,2.00000005786,2.00000005799,-6.54707380422e-11
512,0.69986819387709909,5300,3,post,3,1.5,1536,3.60630058876e-07,4.25466549168e-07,8.16254753566e-07,0.999999329587,1.00000081625,4.00636880707e-09,1.14210027902e-08,0,7.82705230728e-05,520,2.00000005784,2.00000005799,-7.41384709888e-11
512,0.69986819387709909,5300,3,post,3,3.0,3072,1.35854139773e-06,1.9602263586e-06,5.26023080727e-06,0.999994739769,1.00000336776,1.31892995342e-08,4.77140585063e-08,0,7.82705230728e-05,520,2.00000005784,2.00000005799,-7.41384709888e-11
512,0.7130982164456644,5400,3,pre,-1,1.5,1536,1.95686497688e-06,2.38701204536e-06,4.55579709358e-06,0.999995721949,1.0000045558,0,0,0,6.66101183757e-05,520,2.0000000622,2.00000006201,9.43394222357e-11
512,0.7130982164456644,5400,3,pre,-1,3.0,3072,4.35593814924e-06,5.70202485386e-06,1.39527324112e-05,0.999986047268,1.00000952146,0,0,0,6.66101183757e-05,520,2.0000000622,2.00000006201,9.43394222357e-11
512,0.7130982164456644,5400,3,post,3,1.5,1536,3.4111142397e-07,4.03506850078e-07,1.56885618929e-06,0.999998431144,1.00000067543,3.80615055704e-09,1.3307148679e-08,0,6.70536608433e-05,520,2.00000006218,2.00000006201,8.31528153864e-11
512,0.7130982164456644,5400,3,post,3,3.0,3072,1.33516891857e-06,1.9548616751e-06,5.42848161933e-06,0.999994571518,1.00000349972,1.29403508692e-08,4.93309313034e-08,0,6.70536608433e-05,520,2.00000006218,2.00000006201,8.31528153864e-11
512,0.72632823901422972,5500,3,pre,-1,1.5,1536,1.85748783008e-06,2.26141406019e-06,3.79416996354e-06,0.999996537749,1.00000379417,0,0,0,5.43319955193e-05,520,2.00000006501,2.00000006413,4.38336242125e-10
512,0.72632823901422972,5500,3,pre,-1,3.0,3072,4.171529492e-06,5.49982120572e-06,1.40011041888e-05,0.999985998896,1.00001103183,0,0,0,5.43319955193e-05,520,2.00000006501,2.00000006413,4.38336242125e-10
512,0.72632823901422972,5500,3,post,3,1.5,1536,3.20440010205e-07,3.8153686711e-07,8.60008489423e-07,0.999999139992,1.00000055134,3.5798564898e-09,8.22267853372e-09,0,5.47967903704e-05,520,2.00000006499,2.00000006413,4.28068677878e-10
512,0.72632823901422972,5500,3,post,3,3.0,3072,1.27961923395e-06,1.90041809928e-06,5.54752251292e-06,0.999994452477,1.00000431162,1.23815363516e-08,5.02557822215e-08,0,5.47967903704e-05,520,2.00000006499,2.00000006413,4.28068677878e-10
512,0.7395582615827947,5600,3,pre,-1,1.5,1536,1.82811249915e-06,2.21579597841e-06,9.6299479061e-06,0.999990370052,1.00000323095,0,0,0,4.08909779609e-05,520,2.00000006079,2.00000006002,3.85804709925e-10
512,0.7395582615827947,5600,3,pre,-1,3.0,3072,3.93670824974e-06,5.13897089138e-06,1.32964938679e-05,0.999990370052,1.00001329649,0,0,0,4.08909779609e-05,520,2.00000006079,2.00000006002,3.85804709925e-10
512,0.7395582615827947,5600,3,post,3,1.5,1536,3.10272906884e-07,4.02004523859e-07,3.89348444829e-06,0.999996106516,1.00000047031,3.4918191517e-09,3.04196631144e-08,0,4.13145548735e-05,520,2.0000000608,2.00000006002,3.88951081883e-10
512,0.7395582615827947,5600,3,post,3,3.0,3072,1.19189577863e-06,1.75249322606e-06,5.28541050349e-06,0.999996106516,1.00000528541,1.15740954468e-08,4.80953500775e-08,0,4.13145548735e-05,520,2.0000000608,2.00000006002,3.88951081883e-10
512,0.75278828415136001,5700,3,pre,-1,1.5,1536,1.76916239864e-06,2.14535741671e-06,8.46613080674e-06,0.999991533869,1.000002767,0,0,0,2.6793661651e-05,520,2.00000006182,2.00000006003,8.97004221733e-10
512,0.75278828415136001,5700,3,pre,-1,3.0,3072,3.62452631529e-06,4.68220471984e-06,1.16863605029e-05,0.999991533869,1.00001168636,0,0,0,2.6793661651e-05,520,2.00000006182,2.00000006003,8.97004221733e-10
512,0.75278828415136001,5700,3,post,3,1.5,1536,2.94685142566e-07,4.09196429703e-07,3.75437062916e-06,0.999996245629,1.00000040911,3.39615340876e-09,3.03884802014e-08,0,2.71153471048e-05,520,2.00000006183,2.00000006003,8.99048364305e-10
512,0.75278828415136001,5700,3,post,3,3.0,3072,1.08149425524e-06,1.57355650929e-06,4.52326808631e-06,0.999996245629,1.00000452327,1.05175743439e-08,4.14160734388e-08,0,2.71153471048e-05,520,2.00000006183,2.00000006003,8.99048364305e-10
512,0.76601830671992532,5800,3,pre,-1,1.5,1536,1.68431626267e-06,2.07295817772e-06,7.36260215317e-06,0.999992637398,1.00000242719,0,0,0,1.29532272738e-05,520,2.0000000622,2.00000006004,1.07862293634e-09
512,0.76601830671992532,5800,3,pre,-1,3.0,3072,3.27073245147e-06,4.19327663734e-06,1.00851892793e-05,0.999992517087,1.00001008519,0,0,0,1.29532272738e-05,520,2.0000000622,2.00000006004,1.07862293634e-09
512,0.76601830671992532,5800,3,post,3,1.5,1536,2.98341848815e-07,4.51617754623e-07,3.4957386561e-06,0.999996504261,1.00000041594,3.31037285151e-09,2.97477973257e-08,0,1.31527635965e-05,520,2.0000000622,2.00000006004,1.0796727632e-09
512,0.76601830671992532,5800,3,post,3,3.0,3072,9.75351325196e-07,1.40237256906e-06,3.83239802026e-06,0.999996504261,1.0000038324,9.3907120986e-09,3.50716920887e-08,0,1.31527635965e-05,520,2.0000000622,2.00000006004,1.0796727632e-09
512,0.7792483292884903,5900,3,pre,-1,1.5,1536,1.50412804162e-06,1.85786606486e-06,3.75808760888e-06,0.999996241912,1.00000221091,0,0,0,2.4061938694e-06,520,2.00000006077,2.00000006005,3.58080887514e-10
512,0.7792483292884903,5900,3,pre,-1,3.0,3072,2.83661786794e-06,3.63637526417e-06,8.50997069546e-06,0.999993168095,1.00000850997,0,0,0,2.4061938694e-06,520,2.00000006077,2.00000006005,3.58080887514e-10
512,0.7792483292884903,5900,3,post,3,1.5,1536,2.83111338132e-07,3.59332724648e-07,1.68137950307e-06,0.99999831862,1.00000046561,2.95151793661e-09,1.37337144955e-08,0,2.33756290269e-06,520,2.00000006077,2.00000006005,3.57633689693e-10
512,0.7792483292884903,5900,3,post,3,3.0,3072,8.48832532225e-07,1.20377733584e-06,3.20289395406e-06,0.999997765824,1.00000320289,8.05021925647e-09,2.9091656896e-08,0,2.33756290269e-06,520,2.00000006077,2.00000006005,3.57633689693e-10
512,0.79247835185705562,6000,3,pre,-1,1.5,1536,1.24805191011e-06,1.61044359567e-06,3.77134786644e-06,0.999998887586,1.00000377135,0,0,0,1.43510612172e-05,516,2.0000000601,2.00000006006,1.65978337197e-11
512,0.79247835185705562,6000,3,pre,-1,3.0,3072,2.36710772293e-06,3.01579299521e-06,6.78623473549e-06,0.999994028388,1.00000678623,0,0,0,1.43510612172e-05,516,2.0000000601,2.00000006006,1.65978337197e-11
512,0.79247835185705562,6000,3,post,3,1.5,1536,2.27685749991e-07,3.076587764e-07,7.76325408181e-07,0.999999762669,1.00000077633,2.33606206119e-09,9.2325571615e-09,0,1.42401086389e-05,516,2.0000000601,2.00000006006,1.68067776866e-11
512,0.79247835185705562,6000,3,post,3,3.0,3072,7.01798063936e-07,9.86681678702e-07,2.43386533727e-06,0.999997964342,1.00000243387,6.64971765928e-09,2.3159425289e-08,0,1.42401086389e-05,516,2.0000000601,2.00000006006,1.68067776866e-11
512,0.80570837442562082,6100,3,pre,-1,1.5,1536,9.54184977242e-07,1.21800735497e-06,2.84509800164e-06,0.999999153736,1.0000028451,0,0,0,2.57197535853e-05,516,2.00000006013,2.00000006008,2.59274816045e-11
512,0.80570837442562082,6100,3,pre,-1,3.0,3072,1.85223003303e-06,2.35518314658e-06,5.25927784079e-06,0.999995316817,1.00000525928,0,0,0,2.57197535853e-05,516,2.00000006013,2.00000006008,2.59274816045e-11
512,0.80570837442562082,6100,3,post,3,1.5,1536,1.81037116283e-07,2.46138698701e-07,6.18671251118e-07,0.999999782403,1.00000061867,1.68856157695e-09,6.61705638286e-09,0,2.55792355924e-05,516,2.00000006013,2.00000006008,2.45523594075e-11
512,0.80570837442562082,6100,3,post,3,3.0,3072,5.45974219712e-07,7.60246971243e-07,1.84138009285e-06,0.999998472988,1.00000184138,5.11943995043e-09,1.74715887851e-08,0,2.55792355924e-05,516,2.00000006013,2.00000006008,2.45523594075e-11
512,0.81893839699418591,6200,3,pre,-1,1.5,1536,6.81981140131e-07,8.7998635379e-07,2.0851776632e-06,0.999999364054,1.00000208518,0,0,0,3.67079925709e-05,516,2.00000006016,2.00000006009,3.53901342035e-11
512,0.81893839699418591,6200,3,pre,-1,3.0,3072,1.32707935534e-06,1.6906022673e-06,3.8724406406e-06,0.99999675596,1.00000387244,0,0,0,3.67079925709e-05,516,2.00000006016,2.00000006009,3.53901342035e-11
512,0.81893839699418591,6200,3,post,3,1.5,1536,1.47764822733e-07,1.93545737316e-07,4.77316235648e-07,0.999999805128,1.00000047732,1.17054152437e-09,4.67954798002e-09,0,3.65858820917e-05,516,2.00000006015,2.00000006009,3.29356532144e-11
512,0.81893839699418591,6200,3,post,3,3.0,3072,3.91420380318e-07,5.3646861295e-07,1.34860843248e-06,0.999999031374,1.00000134861,3.57334392252e-09,1.26657768267e-08,0,3.65858820917e-05,516,2.00000006015,2.00000006009,3.29356532144e-11
512,0.83216841956275123,6300,3,pre,-1,1.5,1536,4.47474980217e-07,5.99054848516e-07,1.45390442041e-06,0.999999555976,1.0000014539,0,0,0,4.69153466495e-05,516,2.00000006018,2.0000000601,4.255218272e-11
512,0.83216841956275123,6300,3,pre,-1,3.0,3072,8.06963003812e-07,1.03781454986e-06,2.61945616109e-06,0.999998330949,1.00000261946,0,0,0,4.69153466495e-05,516,2.00000006018,2.0000000601,4.255218272e-11
512,0.83216841956275123,6300,3,post,3,1.5,1536,1.20867608765e-07,1.49251074352e-07,3.56022394676e-07,0.99999984541,1.00000035602,8.28497267186e-10,3.23438870999e-09,0,4.68390575775e-05,516,2.00000006018,2.0000000601,3.94368970065e-11
512,0.83216841956275123,6300,3,post,3,3.0,3072,2.39008659347e-07,3.2523008746e-07,9.3524108391e-07,0.999999471553,1.00000093524,2.06113144336e-09,8.59613905925e-09,0,4.68390575775e-05,516,2.00000006018,2.0000000601,3.94368970065e-11
512,0.84539844213131643,6400,3,pre,-1,1.5,1536,3.51877140573e-07,4.29836531022e-07,8.81807080466e-07,0.999999729225,1.00000088181,0,0,0,5.61200930786e-05,516,2.00000006528,2.00000006515,6.51434440709e-11
512,0.84539844213131643,6400,3,pre,-1,3.0,3072,5.17385902115e-07,7.22322095959e-07,2.69997700642e-06,0.999999339699,1.00000269998,0,0,0,5.61200930786e-05,516,2.00000006528,2.00000006515,6.51434440709e-11
512,0.84539844213131643,6400,3,post,3,1.5,1536,1.05372644657e-07,1.28577822506e-07,2.75236813563e-07,0.999999884626,1.00000027524,6.83399471317e-10,2.59495579451e-09,0,5.61146793884e-05,516,2.00000006528,2.00000006515,6.60322885955e-11
512,0.84539844213131643,6400,3,post,3,3.0,3072,2.07104508518e-07,3.08652968163e-07,1.13648267686e-06,0.999999752269,1.00000113648,1.56752639113e-09,9.85789408263e-09,0,5.61146793884e-05,516,2.00000006528,2.00000006515,6.60322885955e-11
512,0.85862846469988152,6500,3,pre,-1,1.5,1536,3.43910160323e-07,4.55487803655e-07,1.12612931469e-06,0.999999601684,1.00000112613,0,0,0,6.40814119856e-05,516,2.00000006437,2.00000006425,6.14461795023e-11
512,0.85862846469988152,6500,3,pre,-1,3.0,3072,3.87370222327e-07,5.27452038694e-07,1.53668420921e-06,0.999999551725,1.00000153668,0,0,0,6.40814119856e-05,516,2.00000006437,2.00000006425,6.14461795023e-11
512,0.85862846469988152,6500,3,post,3,1.5,1536,9.0647075455e-08,1.20536503714e-07,3.3010626832e-07,0.999999881892,1.00000033011,7.62209717774e-10,3.2518744468e-09,0,6.4136813048e-05,516,2.00000006439,2.00000006425,6.72517575562e-11
512,0.85862846469988152,6500,3,post,3,3.0,3072,1.53143331109e-07,2.1925486114e-07,7.35265053731e-07,0.999999736338,1.00000073527,1.30809465806e-09,6.47923190447e-09,0,6.4136813048e-05,516,2.00000006439,2.00000006425,6.72517575562e-11
512,0.87185848726844684,6600,3,pre,-1,1.5,1536,4.71540843099e-07,6.3662720556e-07,1.63791230268e-06,0.999999418032,1.00000163791,0,0,0,7.06792482684e-05,516,2.00000006235,2.00000006226,4.4430235884e-11
512,0.87185848726844684,6600,3,pre,-1,3.0,3072,7.40654230846e-07,9.52141864337e-07,2.5833082955e-06,0.999998743587,1.00000258331,0,0,0,7.06792482684e-05,516,2.00000006235,2.00000006226,4.4430235884e-11
512,0.87185848726844684,6600,3,post,3,1.5,1536,9.74603870196e-08,1.42788295616e-07,4.16156144434e-07,0.999999853945,1.00000041616,9.96744819687e-10,4.33939806657e-09,0,7.07839418359e-05,516,2.00000006236,2.00000006226,4.91624503568e-11
512,0.87185848726844684,6600,3,post,3,3.0,3072,2.25790588534e-07,3.31450101794e-07,1.06193162197e-06,0.999999482224,1.00000106193,2.32992094658e-09,9.77293382505e-09,0,7.07839418359e-05,516,2.00000006236,2.00000006226,4.91624503568e-11
512,0.88508850983701204,6700,3,pre,-1,1.5,1536,6.70454120728e-07,8.53171392951e-07,2.14963015366e-06,0.99999923396,1.00000214963,0,0,0,7.58441190056e-05,516,2.00000006072,2.00000006066,3.04987137398e-11
512,0.88508850983701204,6700,3,pre,-1,3.0,3072,1.19953990836e-06,1.50651853598e-06,3.60900129315e-06,0.999997300538,1.000003609,0,0,0,7.58441190056e-05,516,2.00000006072,2.00000006066,3.04987137398e-11
512,0.88508850983701204,6700,3,post,3,1.5,1536,1.1394801678e-07,1.694205657e-07,4.92168888533e-07,0.999999822765,1.00000049217,1.30244016174e-09,5.45011138997e-09,0,7.59884343646e-05,516,2.00000006073,2.00000006066,3.42348361489e-11
512,0.88508850983701204,6700,3,post,3,3.0,3072,3.58219866048e-07,5.08373942099e-07,1.38775361203e-06,0.999999036454,1.00000138775,3.65939241505e-09,1.30376117125e-08,0,7.59884343646e-05,516,2.00000006073,2.00000006066,3.42348361489e-11
512,0.89831853240557713,6800,3,pre,-1,1.5,1536,8.54618339399e-07,1.06769836903e-06,2.63296956082e-06,0.99999905755,1.00000263297,0,0,0,7.95137627784e-05,516,2.00000005915,2.00000005912,1.78577147786e-11
512,0.89831853240557713,6800,3,pre,-1,3.0,3072,1.62555067173e-06,2.04760495684e-06,4.56683625449e-06,0.999995887839,1.00000456684,0,0,0,7.95137627784e-05,516,2.00000005915,2.00000005912,1.78577147786e-11
512,0.89831853240557713,6800,3,post,3,1.5,1536,1.42689120102e-07,1.9739295951e-07,5.54789855389e-07,0.999999791104,1.00000055479,1.6592842175e-09,6.48574515622e-09,0,7.96859602492e-05,516,2.00000005916,2.00000005912,2.03752564349e-11
512,0.89831853240557713,6800,3,post,3,3.0,3072,4.87775869934e-07,6.87370849074e-07,1.69088213919e-06,0.99999848495,1.00000169088,4.91845166292e-09,1.60830146024e-08,0,7.96859602492e-05,516,2.00000005916,2.00000005912,2.03752564349e-11
512,0.91154855497414244,6900,3,pre,-1,1.5,1536,1.01848289516e-06,1.26357503455e-06,3.05360598851e-06,0.999998775392,1.00000305361,0,0,0,8.16555229219e-05,516,2.00000005777,2.00000005776,9.3911542495e-12
512,0.91154855497414244,6900,3,pre,-1,3.0,3080,2.01527087997e-06,2.54959561067e-06,5.41269914178e-06,0.999994597655,1.0000054127,0,0,0,8.16555229219e-05,516,2.00000005777,2.00000005776,9.3911542495e-12
512,0.91154855497414244,6900,3,post,3,1.5,1536,1.67571260527e-07,2.24264694162e-07,5.99533869439e-07,0.999999759469,1.00000059953,1.99065396068e-09,7.34459404666e-09,0,8.18525627708e-05,516,2.00000005778,2.00000005776,1.05471184294e-11
512,0.91154855497414244,6900,3,post,3,3.0,3080,6.06944125597e-07,8.56581394966e-07,2.02113483339e-06,0.999997978865,1.00000195003,6.08045604511e-09,1.87473080913e-08,0,8.18525627708e-05,516,2.00000005778,2.00000005776,1.05471184294e-11
512,0.92477857754270754,7000,3,pre,-1,1.5,1536,1.15757895235e-06,1.43091317341e-06,3.38213421403e-06,0.999998432491,1.00000338213,0,0,0,8.23218770918e-05,516,2.00000005749,2.00000005749,1.20015105512e-12
512,0.92477857754270754,7000,3,pre,-1,3.0,3072,2.34971772382e-06,2.98897559557e-06,6.56976812785e-06,0.999993430232,1.00000611316,0,0,0,8.23218770918e-05,516,2.00000005749,2.00000005749,1.20015105512e-12
512,0.92477857754270754,7000,3,post,3,1.5,1536,1.88940376492e-07,2.47703353951e-07,6.24510990033e-07,0.999999724224,1.00000062451,2.27298193854e-09,7.94578083971e-09,0,8.25385626267e-05,516,2.00000005749,2.00000005749,1.27142737125e-12
512,0.92477857754270754,7000,3,post,3,3.0,3072,7.0779650679e-07,1.00410772954e-06,2.48301230821e-06,0.999997516988,1.00000214897,7.0609182454e-09,2.28228663416e-08,0,8.25385626267e-05,516,2.00000005749,2.00000005749,1.27142737125e-12
512,0.93800860011127274,7100,3,pre,-1,1.5,1536,1.26838866056e-06,1.56363211282e-06,3.59839839859e-06,0.999998135822,1.0000035984,0,0,0,8.12134454028e-05,518,2.00000005779,2.0000000578,-7.27995420668e-12
512,0.93800860011127274,7100,3,pre,-1,3.0,3072,2.63762510955e-06,3.37129759365e-06,7.60699598568e-06,0.999992393004,1.00000663935,0,0,0,8.12134454028e-05,518,2.00000005779,2.0000000578,-7.27995420668e-12
512,0.93800860011127274,7100,3,post,3,1.5,1536,2.0943311975e-07,2.65997416853e-07,6.29744798752e-07,0.999999661939,1.00000062974,2.49850859882e-09,8.23234579637e-09,0,8.14546768106e-05,518,2.00000005778,2.0000000578,-8.26072519829e-12
512,0.93800860011127274,7100,3,post,3,3.0,3072,7.98198575843e-07,1.13574344889e-06,2.89749555082e-06,0.999997102504,1.00000227736,7.91513322319e-09,2.65089765278e-08,0,8.14546768106e-05,518,2.00000005778,2.0000000578,-8.26072519829e-12
512,0.95123862267983805,7200,3,pre,-1,1.5,1536,1.34949238621e-06,1.65968055785e-06,3.68881672808e-06,0.999997889737,1.00000368882,0,0,0,7.87246607252e-05,520,2.00000005858,2.00000005861,-1.6441736379e-11
512,0.95123862267983805,7200,3,pre,-1,3.0,3072,2.87055208962e-06,3.68795211905e-06,8.51042095695e-06,0.999991489579,1.00000697852,0,0,0,7.87246607252e-05,520,2.00000005858,2.00000005861,-1.6441736379e-11
512,0.95123862267983805,7200,3,post,3,1.5,1536,2.26892341356e-07,2.7856561501e-07,6.16272068044e-07,0.999999619702,1.00000061627,2.66495001351e-09,8.16917260574e-09,0,7.89935889226e-05,520,2.00000005858,2.00000005861,-1.8576029059e-11
512,0.95123862267983805,7200,3,post,3,3.0,3072,8.73555622596e-07,1.24745915851e-06,3.26429667652e-06,0.999996735703,1.00000232906,8.61251956607e-09,2.97870573623e-08,0,7.89935889226e-05,520,2.00000005858,2.00000005861,-1.8576029059e-11
512,0.96446864524840303,7300,3,pre,-1,1.5,1536,1.4015084765e-06,1.72075498931e-06,3.65689055704e-06,0.999997690577,1.00000365689,0,0,0,7.52479882892e-05,520,2.00000006006,2.00000006012,-3.06825666754e-11
512,0.96446864524840303,7300,3,pre,-1,3.0,3072,3.04745821275e-06,3.93823951761e-06,9.27939159101e-06,0.999990720608,1.00000712961,0,0,0,7.52479882892e-05,520,2.00000006006,2.00000006012,-3.06825666754e-11
512,0.96446864524840303,7300,3,post,3,1.5,1536,2.38913284376e-07,2.85803257432e-07,5.83847670432e-07,0.999999594516,1.00000058385,2.77282434104e-09,7.77721136276e-09,0,7.55416752354e-05,520,2.00000006005,2.00000006012,-3.40483186957e-11
512,0.96446864524840303,7300,3,post,3,3.0,3072,9.32658232514e-07,1.34002257543e-06,3.58484477403e-06,0.999996415155,1.00000230599,9.14993691771e-09,3.26606819697e-08,0,7.55416752354e-05,520,2.00000006005,2.00000006012,-3.40483186957e-11
512,0.97769866781696835,7400,3,pre,-1,1.5,1536,1.42709285759e-06,1.75118216269e-06,3.51777277752e-06,0.999997526267,1.00000351777,0,0,0,7.05565089506e-05,520,2.00000006182,2.00000006191,-4.57993628832e-11
512,0.97769866781696835,7400,3,pre,-1,3.0,3072,3.1666274096e-06,4.11897959702e-06,9.91245889237e-06,0.999990087541,1.00000710455,0,0,0,7.05565089506e-05,520,2.00000006182,2.00000006191,-4.57993628832e-11
512,0.97769866781696835,7400,3,post,3,1.5,1536,2.45747921464e-07,2.89072386235e-07,5.36182253486e-07,0.999999577988,1.00000053618,2.82669012098e-09,7.12323563763e-09,0,7.08802086257e-05,520,2.00000006181,2.00000006191,-5.02851078531e-11
512,0.97769866781696835,7400,3,post,3,3.0,3072,9.74327792031e-07,1.41153901099e-06,3.86158381405e-06,0.999996138416,1.00000249826,9.51889808657e-09,3.51262380294e-08,0,7.08802086257e-05,520,2.00000006181,2.00000006191,-5.02851078531e-11
512,0.99092869038553366,7500,3,pre,-1,1.5,1536,1.43092975129e-06,1.75632289927e-06,3.30006660443e-06,0.999997398331,1.00000330007,0,0,0,6.47461385741e-05,520,2.00000006369,2.00000006381,-6.08617581344e-11
512,0.99092869038553366,7500,3,pre,-1,3.0,3072,3.22848331891e-06,4.22790823857e-06,1.04021631172e-05,0.999989597837,1.00000708605,0,0,0,6.47461385741e-05,520,2.00000006369,2.00000006381,-6.08617581344e-11
512,0.99092869038553366,7500,3,post,3,1.5,1536,2.48082152761e-07,2.89685475343e-07,4.87804132643e-07,0.999999570717,1.0000004878,2.83132255967e-09,6.2867494266e-09,0,6.50951269094e-05,520,2.00000006368,2.00000006381,-6.63826750151e-11
512,0.99092869038553366,7500,3,post,3,3.0,3072,9.97933810296e-07,1.46028495998e-06,4.09246469024e-06,0.999995907535,1.00000277674,9.71244413879e-09,3.71561571753e-08,0,6.50951269094e-05,520,2.00000006368,2.00000006381,-6.63826750151e-11
512,1.0041587129540988,7600,3,pre,-1,1.5,1536,1.42032992135e-06,1.74308603466e-06,3.01592848251e-06,0.999997296406,1.00000301593,0,0,0,5.79225204462e-05,520,2.00000006501,2.00000006516,-7.5322856607e-11
512,1.0041587129540988,7600,3,pre,-1,3.0,3072,3.23301655918e-06,4.25834652924e-06,1.07400524464e-05,0.999989259948,1.00000803452,0,0,0,5.79225204462e-05,520,2.00000006501,2.00000006516,-7.5322856607e-11
512,1.0041587129540988,7600,3,post,3,1.5,1536,2.4738111043e-07,2.89009975864e-07,4.37855657287e-07,0.999999562144,1.00000043308,2.79787095219e-09,5.36161939586e-09,0,5.82875397001e-05,520,2.000000065,2.00000006516,-8.11364282638e-11
512,1.0041587129540988,7600,3,post,3,3.0,3072,1.0020320678e-06,1.4803218157e-06,4.27517104951e-06,0.999995724829,1.00000315783,9.71889862221e-09,3.87064019863e-08,0,5.82875397001e-05,520,2.000000065,2.00000006516,-8.11364282638e-11
512,1.0173887355226645,7700,3,pre,-1,1.5,1536,1.41337282543e-06,1.72039022377e-06,2.78340331428e-06,0.999997216597,1.00000269399,0,0,0,5.01915180543e-05,520,2.00000006478,2.00000006494,-8.03690421429e-11
512,1.0173887355226645,7700,3,pre,-1,3.0,3072,3.18367611395e-06,4.19595745654e-06,1.09369251371e-05,0.999989063075,1.00000936688,0,0,0,5.01915180543e-05,520,2.00000006478,2.00000006494,-8.03690421429e-11
512,1.0173887355226645,7700,3,post,3,1.5,1536,2.44015282227e-07,2.87872986385e-07,4.57566251777e-07,0.999999542434,1.00000037707,2.74092689066e-09,5.25620511352e-09,0,5.05579000874e-05,520,2.00000006477,2.00000006494,-8.46653830641e-11
512,1.0173887355226645,7700,3,post,3,3.0,3072,9.83235734192e-07,1.45986840745e-06,4.40824823911e-06,0.999995591752,1.00000370744,9.51939660105e-09,3.97348820982e-08,0,5.05579000874e-05,520,2.00000006477,2.00000006494,-8.46653830641e-11
512,1.0306187580912303,7800,3,pre,-1,1.5,1536,1.41254433196e-06,1.71034210157e-06,2.93457657141e-06,0.999997065423,1.00000245232,0,0,0,4.14817049713e-05,520,2.00000006057,2.00000006012,2.27612144507e-10
512,1.0306187580912303,7800,3,pre,-1,3.0,3072,3.06860588486e-06,3.99693854531e-06,1.02085241234e-05,0.999993577985,1.00001020852,0,0,0,4.14817049713e-05,520,2.00000006057,2.00000006012,2.27612144507e-10
512,1.0306187580912303,7800,3,post,3,1.5,1536,2.39180258827e-07,2.8795690978e-07,4.84363533171e-07,0.999999515636,1.00000034205,2.69967865715e-09,5.44731017585e-09,0,4.18216566014e-05,520,2.00000006058,2.00000006012,2.29999568028e-10
512,1.0306187580912303,7800,3,post,3,3.0,3072,9.32596356674e-07,1.36085494202e-06,4.05135988935e-06,0.999998108525,1.00000405136,9.06257624471e-09,3.68475884145e-08,0,4.18216566014e-05,520,2.00000006058,2.00000006012,2.29999568028e-10
512,1.0438487806597958,7900,3,pre,-1,1.5,1536,1.39447891941e-06,1.68897791547e-06,6.77113193714e-06,0.999993228868,1.00000218784,0,0,0,3.21763075656e-05,520,2.00000006086,2.00000006011,3.76699993201e-10
512,1.0438487806597958,7900,3,pre,-1,3.0,3072,2.91898314067e-06,3.76838466389e-06,9.36247206851e-06,0.999993228868,1.00000936247,0,0,0,3.21763075656e-05,520,2.00000006086,2.00000006011,3.76699993201e-10
512,1.0438487806597958,7900,3,post,3,1.5,1536,2.35598991225e-07,3.0471833278e-07,2.80142357878e-06,0.999997198576,1.00000030207,2.67482395568e-09,2.01694806273e-08,0,3.24623220968e-05,520,2.00000006087,2.00000006011,3.78211894871e-10
512,1.0438487806597958,7900,3,post,3,3.0,3072,8.79790410432e-07,1.27013745431e-06,3.63925556046e-06,0.999997198576,1.00000363926,8.54538604459e-09,3.32782038766e-08,0,3.24623220968e-05,520,2.00000006087,2.00000006011,3.78211894871e-10
512,1.0570788032283616,8000,3,pre,-1,1.5,1536,1.33479958071e-06,1.62687030286e-06,7.21035248541e-06,0.999992789648,1.00000195047,0,0,0,2.25760668945e-05,520,2.00000006091,2.0000000601,4.03425281049e-10
512,1.0570788032283616,8000,3,pre,-1,3.0,3072,2.71050662153e-06,3.4860036649e-06,8.44642856657e-06,0.999992789648,1.00000844643,0,0,0,2.25760668945e-05,520,2.00000006091,2.0000000601,4.03425281049e-10
512,1.0570788032283616,8000,3,post,3,1.5,1536,2.19789614644e-07,2.9857323702e-07,2.9844628866e-06,0.999997015537,1.00000028541,2.55165011385e-09,2.33472867203e-08,0,2.27990242591e-05,520,2.00000006091,2.0000000601,4.04747112542e-10
512,1.0570788032283616,8000,3,post,3,3.0,3072,8.05605386125e-07,1.16284802629e-06,3.22796653096e-06,0.999997015537,1.00000322797,7.83907162322e-09,2.95788243499e-08,0,2.27990242591e-05,520,2.00000006091,2.0000000601,4.04747112542e-10
512,1.0703088257969273,8100,3,pre,-1,1.5,1536,1.26160741471e-06,1.5531955318e-06,6.65911355113e-06,0.999993340886,1.00000175034,0,0,0,1.31228505591e-05,520,2.00000006075,2.00000006009,3.28971950899e-10
512,1.0703088257969273,8100,3,pre,-1,3.0,3072,2.47455907694e-06,3.16914888303e-06,7.47495183906e-06,0.999993340886,1.00000747495,0,0,0,1.31228505591e-05,520,2.00000006075,2.00000006009,3.28971950899e-10
512,1.0703088257969273,8100,3,post,3,1.5,1536,2.16775674734e-07,3.08391049028e-07,2.9936383249e-06,0.999997006362,1.00000029069,2.46352483773e-09,2.41018428852e-08,0,1.32755756901e-05,520,2.00000006075,2.00000006009,3.29860129292e-10
512,1.0703088257969273,8100,3,post,3,3.0,3072,7.36314081212e-07,1.05441138098e-06,2.9936383249e-06,0.999997006362,1.0000028208,7.1232917679e-09,2.5811195889e-08,0,1.32755756901e-05,520,2.00000006075,2.00000006009,3.29860129292e-10
512,1.0835388483654929,8200,3,pre,-1,1.5,1536,1.17072639799e-06,1.46244509587e-06,5.00165218686e-06,0.999994998348,1.00000158885,0,0,0,3.83544780929e-06,520,2.00000006187,2.00000006009,8.92362823471e-10
512,1.0835388483654929,8200,3,pre,-1,3.0,3072,2.20381249655e-06,2.81478529414e-06,6.47165386125e-06,0.999994642245,1.00000647165,0,0,0,3.83544780929e-06,520,2.00000006187,2.00000006009,8.92362823471e-10
512,1.0835388483654929,8200,3,post,3,1.5,1536,2.18122265859e-07,3.22606289262e-07,2.35373470414e-06,0.999997646265,1.00000031077,2.32339522683e-09,1.96130688951e-08,0,3.91318625491e-06,520,2.00000006187,2.00000006009,8.92157654262e-10
512,1.0835388483654929,8200,3,post,3,3.0,3072,6.58690188886e-07,9.35895853707e-07,2.42342564261e-06,0.999997646265,1.00000242343,6.27382487905e-09,2.205586167e-08,0,3.91318625491e-06,520,2.00000006187,2.00000006009,8.92157654262e-10
512,1.0967688709340586,8300,3,pre,-1,1.5,1536,9.95243993441e-07,1.29848682852e-06,3.02580336053e-06,0.999998972412,1.0000030258,0,0,0,6.17710010231e-06,516,2.00000006012,2.00000006008,2.14805944352e-11
512,1.0967688709340586,8300,3,pre,-1,3.0,3072,1.87397700143e-06,2.40017045663e-06,5.35917242428e-06,0.999995175005,1.00000535917,0,0,0,6.17710010231e-06,516,2.00000006012,2.00000006008,2.14805944352e-11
512,1.0967688709340586,8300,3,post,3,1.5,1536,1.7576688532e-07,2.39339502823e-07,5.88699142101e-07,0.999999797581,1.0000005887,1.91469502038e-09,7.49409573807e-09,0,6.13574135469e-06,516,2.00000006012,2.00000006008,2.19679823284e-11
512,1.0967688709340586,8300,3,post,3,3.0,3072,5.53330833601e-07,7.87071902296e-07,1.94087978489e-06,0.999998316052,1.00000194088,5.28491520789e-09,1.83930576204e-08,0,6.13574135469e-06,516,2.00000006012,2.00000006008,2.19679823284e-11
512,1.1099988935026244,8400,3,pre,-1,1.5,1536,7.90843015387e-07,1.01770272775e-06,2.35629833534e-06,0.999999279455,1.0000023563,0,0,0,1.41890760706e-05,516,2.0000000601,2.00000006007,1.43542950988e-11
512,1.1099988935026244,8400,3,pre,-1,3.0,3072,1.52479433225e-06,1.94881822117e-06,4.30485350145e-06,0.999996035141,1.00000430485,0,0,0,1.41890760706e-05,516,2.0000000601,2.00000006007,1.43542950988e-11
512,1.1099988935026244,8400,3,post,3,1.5,1536,1.41320881739e-07,1.91203701714e-07,4.79841033796e-07,0.999999853449,1.00000047984,1.46871164077e-09,5.68548291519e-09,0,1.41119798936e-05,516,2.0000000601,2.00000006007,1.4429346173e-11
512,1.1099988935026244,8400,3,post,3,3.0,3072,4.48657219654e-07,6.33166152696e-07,1.52466867864e-06,0.999998648521,1.00000152467,4.26624598786e-09,1.44791850679e-08,0,1.41119798936e-05,516,2.0000000601,2.00000006007,1.4429346173e-11
512,1.1232289160711899,8500,3,pre,-1,1.5,1536,5.94317797038e-07,7.6174534301e-07,1.77967839576e-06,0.999999491995,1.00000177968,0,0,0,2.19509607274e-05,516,2.0000000601,2.00000006007,1.50377483723e-11
512,1.1232289160711899,8500,3,pre,-1,3.0,3072,1.16252749601e-06,1.48587107428e-06,3.30703113383e-06,0.999996990051,1.00000330703,0,0,0,2.19509607274e-05,516,2.0000000601,2.00000006007,1.50377483723e-11
512,1.1232289160711899,8500,3,post,3,1.5,1536,1.10290730917e-07,1.50201009613e-07,3.83634628731e-07,0.999999876047,1.00000038363,1.05376820269e-09,4.17219126001e-09,0,2.18704666438e-05,516,2.00000006009,2.00000006007,1.42592600108e-11
512,1.1232289160711899,8500,3,post,3,3.0,3072,3.40076227992e-07,4.76607261892e-07,1.15680597546e-06,0.999999017359,1.00000115681,3.19806417947e-09,1.0925976332e-08,0,2.18704666438e-05,516,2.00000006009,2.00000006007,1.42592600108e-11
512,1.1364589386397557,8600,3,pre,-1,1.5,1536,4.07862752269e-07,5.3154223892e-07,1.27566301478e-06,0.999999650589,1.00000127566,0,0,0,2.9253772718e-05,516,2.0000000601,2.00000006006,1.91802123974e-11
512,1.1364589386397557,8600,3,pre,-1,3.0,3072,7.95355267229e-07,1.02055089874e-06,2.36904668083e-06,0.999998022085,1.00000236905,0,0,0,2.9253772718e-05,516,2.0000000601,2.00000006006,1.91802123974e-11
512,1.1364589386397557,8600,3,post,3,1.5,1536,8.49776276722e-08,1.14513331799e-07,2.94463142092e-07,0.999999897444,1.00000029446,6.99679364123e-10,2.95028656019e-09,0,2.91904148619e-05,516,2.0000000601,2.00000006006,1.79425358068e-11
512,1.1364589386397557,8600,3,post,3,3.0,3072,2.31780340866e-07,3.2157219796e-07,8.32602225609e-07,0.999999416151,1.0000008326,2.12349926817e-09,7.75083710755e-09,0,2.91904148619e-05,516,2.0000000601,2.00000006006,1.79425358068e-11
512,1.1496889612083214,8700,3,pre,-1,1.5,1536,2.46935135087e-07,3.34061410975e-07,8.30434719434e-07,0.999999781283,1.00000083043,0,0,0,3.59132111069e-05,516,2.00000006011,2.00000006006,2.56652469342e-11
512,1.1496889612083214,8700,3,pre,-1,3.0,3072,4.36862461095e-07,5.68506362216e-07,1.49331016219e-06,0.999999110981,1.00000149331,0,0,0,3.59132111069e-05,516,2.00000006011,2.00000006006,2.56652469342e-11
512,1.1496889612083214,8700,3,post,3,1.5,1536,6.60618892849e-08,8.34015328526e-08,2.11651900006e-07,0.999999923262,1.00000021165,4.66267967918e-10,1.96202767488e-09,0,3.58804959939e-05,516,2.0000000601,2.00000006006,2.43827173347e-11
512,1.1496889612083214,8700,3,post,3,3.0,3072,1.28188056476e-07,1.77714297282e-07,5.45390032025e-07,0.999999729606,1.00000054539,1.09673798992e-09,4.9209053412e-09,0,3.58804959939e-05,516,2.0000000601,2.00000006006,2.43827173347e-11
512,1.162918983776887,8800,3,pre,-1,1.5,1536,1.80560572195e-07,2.1732823206e-07,4.38264251335e-07,0.999999817662,1.00000043826,0,0,0,4.18041366731e-05,516,2.0000000601,2.00000006005,2.29558587463e-11
512,1.162918983776887,8800,3,pre,-1,3.0,3072,2.03358780531e-07,2.50643323937e-07,6.7699794859e-07,0.999999769744,1.000000677,0,0,0,4.18041366731e-05,516,2.0000000601,2.00000006005,2.29558587463e-11
512,1.162918983776887,8800,3,post,3,1.5,1536,5.36613354317e-08,6.4697116099e-08,1.41615280169e-07,0.999999933108,1.00000014162,3.5395721827e-10,1.15076623057e-09,0,4.18098776402e-05,516,2.00000006009,2.00000006005,2.13704603147e-11
512,1.162918983776887,8800,3,post,3,3.0,3072,9.28562114653e-08,1.2138148503e-07,3.23531713864e-07,0.999999873062,1.00000032353,6.737056138e-10,2.37835474405e-09,0,4.18098776402e-05,516,2.00000006009,2.00000006005,2.13704603147e-11
512,1.1761490063454527,8900,3,pre,-1,1.5,1536,2.00004274689e-07,2.61005916195e-07,6.35301034002e-07,0.999999704244,1.0000006353,0,0,0,4.68106126013e-05,516,2.00000006009,2.00000006005,2.10200739387e-11
512,1.1761490063454527,8900,3,pre,-1,3.0,3072,3.50147067401e-07,4.88136073708e-07,1.40405217919e-06,0.99999961723,1.00000140405,0,0,0,4.68106126013e-05,516,2.00000006009,2.00000006005,2.10200739387e-11
512,1.1761490063454527,8900,3,post,3,1.5,1536,4.55390324412e-08,6.04760383418e-08,1.56148899366e-07,0.999999921169,1.00000015615,4.24020432006e-10,1.47057093239e-09,0,4.68578995673e-05,516,2.00000006009,2.00000006005,1.94704246875e-11
512,1.1761490063454527,8900,3,post,3,3.0,3072,1.31863498474e-07,2.19945152267e-07,7.62792520703e-07,0.99999980822,1.00000076279,1.2140711237e-09,6.26307396744e-09,0,4.68578995673e-05,516,2.00000006009,2.00000006005,1.94704246875e-11
512,1.1893790289140185,9000,3,pre,-1,1.5,1536,3.33815119899e-07,4.07213805105e-07,9.49211504286e-07,0.999999549378,1.00000094921,0,0,0,5.0862952322e-05,516,2.00000006325,2.00000006319,2.809996591e-11
512,1.1893790289140185,9000,3,pre,-1,3.0,3072,6.37468036989e-07,8.12288508389e-07,2.21932607158e-06,0.999998546833,1.00000221933,0,0,0,5.0862952322e-05,516,2.00000006325,2.00000006319,2.809996591e-11
512,1.1893790289140185,9000,3,post,3,1.5,1536,5.56611592981e-08,7.64056088051e-08,2.05215580973e-07,0.999999901864,1.00000020522,6.5103213174e-10,2.1312948845e-09,0,5.09539570537e-05,516,2.00000006325,2.00000006319,2.95927717418e-11
512,1.1893790289140185,9000,3,post,3,3.0,3072,2.00578172494e-07,2.97692827824e-07,1.04650812749e-06,0.999999425389,1.00000104651,2.02051709499e-09,9.12553485381e-09,0,5.09539570537e-05,516,2.00000006325,2.00000006319,2.95927717418e-11
512,1.202609051482584,9100,3,pre,-1,1.5,1536,4.61161963197e-07,5.5841399616e-07,1.20481137511e-06,0.999999372174,1.00000120481,0,0,0,5.39100674657e-05,516,2.00000006365,2.0000000636,2.23321354302e-11
512,1.202609051482584,9100,3,pre,-1,3.0,3080,9.42664339719e-07,1.20042411981e-06,2.89876469894e-06,0.999997439178,1.00000289876,0,0,0,5.39100674657e-05,516,2.00000006365,2.0000000636,2.23321354302e-11
512,1.202609051482584,9100,3,post,3,1.5,1536,7.67653093851e-08,9.63055444102e-08,2.38938623776e-07,0.999999878278,1.00000023894,9.1689944468e-10,2.5519370124e-09,0,5.40373938025e-05,516,2.00000006365,2.0000000636,2.39814827031e-11
512,1.202609051482584,9100,3,post,3,3.0,3080,2.93813145388e-07,4.23920469537e-07,1.28037850389e-06,0.999998987777,1.00000128038,2.94378319462e-09,1.14269881179e-08,0,5.40373938025e-05,516,2.00000006365,2.0000000636,2.39814827031e-11
512,1.2158390740511498,9200,3,pre,-1,1.5,1536,5.76988520716e-07,7.0053071926e-07,1.43332473557e-06,0.999999160013,1.00000143332,0,0,0,5.59054511399e-05,516,2.00000006366,2.00000006362,1.66471275909e-11
512,1.2158390740511498,9200,3,pre,-1,3.0,3072,1.21943698835e-06,1.56377776806e-06,3.57699276876e-06,0.999996423007,1.00000347492,0,0,0,5.59054511399e-05,516,2.00000006366,2.00000006362,1.66471275909e-11
512,1.2158390740511498,9200,3,post,3,1.5,1536,9.61051325973e-08,1.16818828583e-07,2.65602997374e-07,0.999999850667,1.0000002656,1.15442033145e-09,2.91242047926e-09,0,5.60648562003e-05,516,2.00000006366,2.00000006362,1.77509112868e-11
512,1.2158390740511498,9200,3,post,3,3.0,3072,3.78366612865e-07,5.46080664307e-07,1.48182801274e-06,0.999998580717,1.00000148183,3.77069687811e-09,1.33814023577e-08,0,5.60648562003e-05,516,2.00000006366,2.00000006362,1.77509112868e-11
512,1.2290690966197155,9300,3,pre,-1,1.5,1536,6.79287581175e-07,8.27825420035e-07,1.62218664901e-06,0.999998915294,1.00000162219,0,0,0,5.6859089767e-05,516,2.00000006349,2.00000006347,6.93178825656e-12
512,1.2290690966197155,9300,3,pre,-1,3.0,3072,1.47173394806e-06,1.90011861939e-06,4.49570331207e-06,0.999995504297,1.00000405081,0,0,0,5.6859089767e-05,516,2.00000006349,2.00000006347,6.93178825656e-12
512,1.2290690966197155,9300,3,post,3,1.5,1536,1.13259273926e-07,1.3613855223e-07,2.83896269382e-07,0.999999823476,1.0000002839,1.36229044877e-09,3.18294666578e-09,0,5.70450582287e-05,516,2.00000006349,2.00000006347,7.36943815898e-12
512,1.2290690966197155,9300,3,post,3,3.0,3072,4.56603323996e-07,6.62443605669e-07,1.78920304961e-06,0.999998210797,1.00000169053,4.52773486822e-09,1.63990223258e-08,0,5.70450582287e-05,516,2.00000006349,2.00000006347,7.36943815898e-12
512,1.2422991191882811,9400,3,pre,-1,1.5,1536,7.66539984552e-07,9.37484862573e-07,1.76342102698e-06,0.999998692988,1.00000176342,0,0,0,5.6769373928e-05,516,2.00000006343,2.00000006344,-1.80833120515e-12
512,1.2422991191882811,9400,3,pre,-1,3.0,3072,1.69054865919e-06,2.19530532602e-06,5.3133780733e-06,0.999994686622,1.00000460301,0,0,0,5.6769373928e-05,516,2.00000006343,2.00000006344,-1.80833120515e-12
512,1.2422991191882811,9400,3,post,3,1.5,1536,1.28180855919e-07,1.53411291203e-07,2.93790958672e-07,0.999999797388,1.00000029379,1.538052703e-09,3.35938115346e-09,0,5.69792457799e-05,516,2.00000006343,2.00000006344,-2.12496680173e-12
512,1.2422991191882811,9400,3,post,3,3.0,3072,5.2483109671e-07,7.65818135824e-07,2.12218979012e-06,0.99999787781,1.00000189495,5.18173678438e-09,1.93579789941e-08,0,5.69792457799e-05,516,2.00000006343,2.00000006344,-2.12496680173e-12
512,1.2555291417568468,9500,3,pre,-1,1.5,1536,8.38276486222e-07,1.02833627731e-06,1.85275772546e-06,0.999998494115,1.00000185276,0,0,0,5.56631689e-05,516,2.00000006349,2.0000000635,-6.51212396648e-12
512,1.2555291417568468,9500,3,pre,-1,3.0,3072,1.87294814038e-06,2.44426884318e-06,6.02719348319e-06,0.999993972807,1.00000515714,0,0,0,5.56631689e-05,516,2.00000006349,2.0000000635,-6.51212396648e-12
512,1.2555291417568468,9500,3,post,3,1.5,1536,1.41076942367e-07,1.68309855633e-07,2.95398671524e-07,0.999999772255,1.0000002954,1.68057167094e-09,3.41826779816e-09,0,5.58932240941e-05,516,2.00000006349,2.0000000635,-7.71027661661e-12
512,1.2555291417568468,9500,3,post,3,3.0,3072,5.82140489787e-07,8.539871307e-07,2.41825439895e-06,0.999997581746,1.00000210325,5.72350970595e-09,2.19753031987e-08,0,5.58932240941e-05,516,2.00000006349,2.0000000635,-7.71027661661e-12
512,1.2687591643254126,9600,3,pre,-1,1.5,1536,8.95168724219e-07,1.10030363549e-06,1.88696394332e-06,0.999998319821,1.00000188696,0,0,0,5.36029405109e-05,516,2.00000006361,2.00000006364,-1.69400044153e-11
512,1.2687591643254126,9600,3,pre,-1,3.0,3072,2.01683384463e-06,2.64284931407e-06,6.63411381863e-06,0.999993365886,1.00000570133,0,0,0,5.36029405109e-05,516,2.00000006361,2.00000006364,-1.69400044153e-11
512,1.2687591643254126,9600,3,post,3,1.5,1536,1.52557758298e-07,1.80740138706e-07,2.89135123399e-07,0.9999997427,1.00000028914,1.78969010695e-09,3.35762236243e-09,0,5.38471480834e-05,516,2.0000000636,2.00000006364,-1.85653708716e-11
512,1.2687591643254126,9600,3,post,3,3.0,3072,6.27862304485e-07,9.24960777559e-07,2.67692597855e-06,0.999997323074,1.00000230974,6.14466490002e-09,2.42404789418e-08,0,5.38471480834e-05,516,2.0000000636,2.00000006364,-1.85653708716e-11
512,1.2819891868939781,9700,3,pre,-1,1.5,1536,9.40636218084e-07,1.15476928762e-06,1.86841536265e-06,0.999998171258,1.00000186842,0,0,0,5.0628083063e-05,516,2.0000000636,2.00000006365,-2.424793622e-11
512,1.2819891868939781,9700,3,pre,-1,3.0,3072,2.12109287787e-06,2.78557466576e-06,7.13074858305e-06,0.999992869251,1.00000631611,0,0,0,5.0628083063e-05,516,2.0000000636,2.00000006365,-2.424793622e-11
512,1.2819891868939781,9700,3,post,3,1.5,1536,1.61442053708e-07,1.90808944477e-07,2.88445308971e-07,0.999999711555,1.00000027615,1.86773762486e-09,3.41723613816e-09,0,5.0883248121e-05,516,2.0000000636,2.00000006365,-2.60025326323e-11
512,1.2819891868939781,9700,3,post,3,3.0,3072,6.60015823057e-07,9.75233994558e-07,2.8971677708e-06,0.999997102832,1.00000254853,6.4356701452e-09,2.61425946776e-08,0,5.0883248121e-05,516,2.0000000636,2.00000006365,-2.60025326323e-11
512,1.2952192094625439,9800,3,pre,-1,1.5,1536,9.81259831919e-07,1.19552773255e-06,1.94999818659e-06,0.999998050002,1.00000180359,0,0,0,4.66086341837e-05,518,2.00000006253,2.00000006258,-2.63384861229e-11
512,1.2952192094625439,9800,3,pre,-1,3.0,3072,2.18488692787e-06,2.86254529934e-06,7.51089200346e-06,0.999992489108,1.00000700164,0,0,0,4.66086341837e-05,518,2.00000006253,2.00000006258,-2.63384861229e-11
512,1.2952192094625439,9800,3,post,3,1.5,1536,1.67612355537e-07,1.98908360996e-07,3.17387037208e-07,0.999999682613,1.00000025862,1.92143856126e-09,3.624419701e-09,0,4.68669285446e-05,518,2.00000006252,2.00000006258,-2.72621916505e-11
512,1.2952192094625439,9800,3,post,3,3.0,3072,6.76107378904e-07,9.9726352471e-07,3.07646734365e-06,0.999996923533,1.00000281742,6.58138569064e-09,2.76570211819e-08,0,4.68669285446e-05,518,2.00000006252,2.00000006258,-2.72621916505e-11
512,1.3084492320311094,9900,3,pre,-1,1.5,1536,1.01166593881e-06,1.22828073747e-06,2.10546454016e-06,0.999997894535,1.00000176076,0,0,0,4.185670716e-05,519,2.00000006039,2.00000006046,-3.35782502755e-11
512,1.3084492320311094,9900,3,pre,-1,3.0,3072,2.20102285933e-06,2.86151205288e-06,7.24697224253e-06,0.999995416989,1.00000724697,0,0,0,4.185670716e-05,519,2.00000006039,2.00000006046,-3.35782502755e-11
512,1.3084492320311094,9900,3,post,3,1.5,1536,1.71442289149e-07,2.05468259484e-07,3.46099722437e-07,0.9999996539,1.00000024747,1.96333189662e-09,3.85494476011e-09,0,4.2107029462e-05,519,2.0000000604,2.00000006046,-3.21762606824e-11
512,1.3084492320311094,9900,3,post,3,3.0,3072,6.73517557625e-07,9.80938020932e-07,2.88970202678e-06,0.99999864513,1.0000028897,6.56423971872e-09,2.63199008126e-08,0,4.2107029462e-05,519,2.0000000604,2.00000006046,-3.21762606824e-11
512,1.3216792545996752,10000,3,pre,-1,1.5,1536,1.02248255034e-06,1.23943466559e-06,2.2106245916e-06,0.999997789375,1.00000166634,0,0,0,3.65383449187e-05,519,2.00000006038,2.00000006046,-4.28814748513e-11
512,1.3216792545996752,10000,3,pre,-1,3.0,3072,2.17950227822e-06,2.82089246919e-06,7.03231385524e-06,0.999995310912,1.00000703231,0,0,0,3.65383449187e-05,519,2.00000006038,2.00000006046,-4.28814748513e-11
512,1.3216792545996752,10000,3,post,3,1.5,1536,1.71618397596e-07,2.085955968e-07,3.69046750603e-07,0.999999630953,1.00000022871,1.96929479605e-09,4.16118019902e-09,0,3.67707025202e-05,519,2.00000006038,2.00000006046,-4.15207855535e-11
512,1.3216792545996752,10000,3,post,3,3.0,3072,6.60946334052e-07,9.57316481683e-07,2.76086172279e-06,0.999998585678,1.00000276086,6.4410135919e-09,2.52659012531e-08,0,3.67707025202e-05,519,2.00000006038,2.00000006046,-4.15207855535e-11
512,1.3349092771682409,10100,3,pre,-1,1.5,1536,1.02556851652e-06,1.2430614425e-06,4.30222438563e-06,0.999995697776,1.00000155369,0,0,0,3.06919225248e-05,520,2.00000006105,2.00000006047,2.93041138044e-10
512,1.3349092771682409,10100,3,pre,-1,3.0,3072,2.13128928719e-06,2.73813016747e-06,6.69922088026e-06,0.999995286415,1.00000669922,0,0,0,3.06919225248e-05,520,2.00000006105,2.00000006047,2.93041138044e-10
512,1.3349092771682409,10100,3,post,3,1.5,1536,1.71681508891e-07,2.1564932514e-07,1.36968408793e-06,0.999998630316,1.00000027925,1.96552100499e-09,7.78843019505e-09,0,3.0898533117e-05,520,2.00000006106,2.00000006047,2.94027904238e-10
512,1.3349092771682409,10100,3,post,3,3.0,3072,6.42971255536e-07,9.23303951793e-07,2.59136754521e-06,0.999997997636,1.00000259137,6.25096440069e-09,2.38040960589e-08,0,3.0898533117e-05,520,2.00000006106,2.00000006047,2.94027904238e-10
512,1.3481392997368065,10200,3,pre,-1,1.5,1536,9.91321019993e-07,1.20734836803e-06,2.30295119275e-06,0.999997697049,1.00000143579,0,0,0,2.44564093598e-05,520,2.00000006087,2.00000006047,1.99026122893e-10
512,1.3481392997368065,10200,3,pre,-1,3.0,3072,2.0257406304e-06,2.60460088356e-06,6.26783413282e-06,0.999995350214,1.00000626783,0,0,0,2.44564093598e-05,520,2.00000006087,2.00000006047,1.99026122893e-10
512,1.3481392997368065,10200,3,post,3,1.5,1536,1.62771124363e-07,2.06115133518e-07,3.91502800512e-07,0.999999608497,1.00000020326,1.89078937279e-09,4.68932357528e-09,0,2.46316844188e-05,520,2.00000006087,2.00000006047,1.99946497753e-10
512,1.3481392997368065,10200,3,post,3,3.0,3072,6.04294101444e-07,8.69671735656e-07,2.39248089717e-06,0.999998535187,1.00000239248,5.88465583809e-09,2.20224584228e-08,0,2.46316844188e-05,520,2.00000006087,2.00000006047,1.99946497753e-10
512,1.3613693223053722,10300,3,pre,-1,1.5,1536,9.58541588999e-07,1.17817682388e-06,6.26518202895e-06,0.999993734818,1.00000131752,0,0,0,1.80931246642e-05,520,2.0000000614,2.00000006048,4.58845614285e-10
512,1.3613693223053722,10300,3,pre,-1,3.0,3072,1.90767097617e-06,2.44168405414e-06,6.26518202895e-06,0.999993734818,1.00000575433,0,0,0,1.80931246642e-05,520,2.0000000614,2.00000006048,4.58845614285e-10
512,1.3613693223053722,10300,3,post,3,1.5,1536,1.59342689671e-07,2.24966337557e-07,2.62144501983e-06,0.999997378555,1.00000020111,1.84856483046e-09,2.0526078821e-08,0,1.82320721737e-05,520,2.0000000614,2.00000006048,4.59675394948e-10
512,1.3613693223053722,10300,3,post,3,3.0,3072,5.67188117069e-07,8.13423169625e-07,2.62144501983e-06,0.999997378555,1.00000217132,5.51209986225e-09,2.0526078821e-08,0,1.82320721737e-05,520,2.0000000614,2.00000006048,4.59675394948e-10
512,1.374599344873938,10400,3,pre,-1,1.5,1536,8.97835259735e-07,1.10887064059e-06,5.37954410817e-06,0.999994620456,1.00000120108,0,0,0,1.1586209675e-05,520,2.00000006173,2.00000006048,6.22027299731e-10
512,1.374599344873938,10400,3,pre,-1,3.0,3072,1.75024648754e-06,2.23749238399e-06,5.37954410817e-06,0.999994620456,1.0000051785,0,0,0,1.1586209675e-05,520,2.00000006173,2.00000006048,6.22027299731e-10
512,1.374599344873938,10400,3,post,3,1.5,1536,1.5251860543e-07,2.10914607379e-07,2.17992932816e-06,0.999997820071,1.00000020258,1.73674003365e-09,1.66704939111e-08,0,1.16863846621e-05,520,2.00000006173,2.00000006048,6.22438970416e-10
512,1.374599344873938,10400,3,post,3,3.0,3072,5.19443991925e-07,7.42322159291e-07,2.17992932816e-06,0.999997820071,1.00000193619,5.02444284929e-09,1.780724097e-08,0,1.16863846621e-05,520,2.00000006173,2.00000006048,6.22438970416e-10
512,1.3878293674425035,10500,3,pre,-1,1.5,1536,8.27478985673e-07,1.03644457249e-06,4.13176174929e-06,0.999995868238,1.00000109473,0,0,0,5.07862409567e-06,520,2.00000006138,2.00000006049,4.47883050424e-10
512,1.3878293674425035,10500,3,pre,-1,3.0,3072,1.57218069178e-06,2.00690282149e-06,4.55536715482e-06,0.999995868238,1.00000455537,0,0,0,5.07862409567e-06,520,2.00000006138,2.00000006049,4.47883050424e-10
512,1.3878293674425035,10500,3,post,3,1.5,1536,1.49909524719e-07,2.18119142948e-07,1.89912148707e-06,0.999998100879,1.00000020954,1.63555212711e-09,1.55645934119e-08,0,5.13891502101e-06,520,2.00000006138,2.00000006049,4.47760037717e-10
512,1.3878293674425035,10500,3,post,3,3.0,3072,4.69276287497e-07,6.66406076111e-07,1.89912148707e-06,0.999998100879,1.00000169228,4.49676709591e-09,1.55645934119e-08,0,5.13891502101e-06,520,2.00000006138,2.00000006049,4.47760037717e-10
512,1.4010593900110693,10600,3,pre,-1,1.5,1536,7.26971193081e-07,9.11573514189e-07,2.11751501666e-06,0.999997882485,1.00000099406,0,0,0,1.94469991342e-06,520,2.00000006073,2.00000006049,1.19634076801e-10
512,1.4010593900110693,10600,3,pre,-1,3.0,3072,1.3584090273e-06,1.73834567915e-06,3.90052273858e-06,0.999996543631,1.00000390052,0,0,0,1.94469991342e-06,520,2.00000006073,2.00000006049,1.19634076801e-10
512,1.4010593900110693,10600,3,post,3,1.5,1536,1.35264346129e-07,1.76975151807e-07,9.81861147054e-07,0.999999018139,1.00000021425,1.43733329415e-09,8.08675045677e-09,0,1.92232780391e-06,520,2.00000006073,2.00000006049,1.19141359838e-10
512,1.4010593900110693,10600,3,post,3,3.0,3072,4.04924149919e-07,5.73438702424e-07,1.44408407809e-06,0.999998825674,1.00000144408,3.84811696157e-09,1.31470789585e-08,0,1.92232780391e-06,520,2.00000006073,2.00000006049,1.19141359838e-10
512,1.414289412579635,10700,3,pre,-1,1.5,1536,5.86588712353e-07,7.604613235e-07,1.74085630245e-06,0.999999381232,1.00000174086,0,0,0,7.5547323076e-06,516,2.00000006051,2.0000000605,6.20325994014e-12
512,1.414289412579635,10700,3,pre,-1,3.0,3072,1.12118966579e-06,1.43809781038e-06,3.14764334064e-06,0.999997031325,1.00000314764,0,0,0,7.5547323076e-06,516,2.00000006051,2.0000000605,6.20325994014e-12
512,1.414289412579635,10700,3,post,3,1.5,1536,1.01886952204e-07,1.38972167472e-07,3.34978043526e-07,0.999999884956,1.00000033498,1.11919796417e-09,4.21598525882e-09,0,7.51852210052e-06,516,2.00000006051,2.0000000605,6.48947542723e-12
512,1.414289412579635,10700,3,post,3,3.0,3072,3.29450454722e-07,4.69353527522e-07,1.11486795795e-06,0.999998956186,1.00000111487,3.15403034506e-09,1.06849045809e-08,0,7.51852210052e-06,516,2.00000006051,2.0000000605,6.48947542723e-12
512,1.4275194351482006,10800,3,pre,-1,1.5,1536,4.49595944946e-07,5.79204177815e-07,1.32944518283e-06,0.999999580177,1.00000132945,0,0,0,1.30578746826e-05,516,2.00000006053,2.0000000605,1.08884009623e-11
512,1.4275194351482006,10800,3,pre,-1,3.0,3072,8.74557968873e-07,1.12213311025e-06,2.45861948178e-06,0.99999767527,1.00000245862,0,0,0,1.30578746826e-05,516,2.00000006053,2.0000000605,1.08884009623e-11
512,1.4275194351482006,10800,3,post,3,1.5,1536,7.89668028191e-08,1.07535299581e-07,2.65730270677e-07,0.999999919899,1.00000026573,8.30888798497e-10,3.1587515624e-09,0,1.30142409329e-05,516,2.00000006053,2.0000000605,1.09685590623e-11
512,1.4275194351482006,10800,3,post,3,3.0,3072,2.55289912691e-07,3.62076263723e-07,8.56976275943e-07,0.999999203164,1.00000085698,2.43314858462e-09,8.2167914868e-09,0,1.30142409329e-05,516,2.00000006053,2.0000000605,1.09685590623e-11
512,1.4407494577167663,10900,3,pre,-1,1.5,1536,3.16842388703e-07,4.09835705638e-07,9.60211537615e-07,0.999999740709,1.00000096021,0,0,0,1.827343513e-05,516,2.00000006053,2.00000006051,9.01079183984e-12
512,1.4407494577167663,10900,3,pre,-1,3.0,3072,6.22197647146e-07,8.00462822559e-07,1.79446855952e-06,0.999998364633,1.00000179447,0,0,0,1.827343513e-05,516,2.00000006053,2.00000006051,9.01079183984e-12
512,1.4407494577167663,10900,3,post,3,1.5,1536,5.77656205948e-08,7.97423868893e-08,2.03170848589e-07,0.999999940093,1.00000020317,5.60028846604e-10,2.24366991305e-09,0,1.82351643759e-05,516,2.00000006053,2.00000006051,8.60089751155e-12
512,1.4407494577167663,10900,3,post,3,3.0,3072,1.79838151628e-07,2.54122396241e-07,6.22472607237e-07,0.999999465955,1.00000062247,1.69281030427e-09,5.91938092119e-09,0,1.82351643759e-05,516,2.00000006053,2.00000006051,8.60089751155e-12
512,1.4539794802853321,11000,3,pre,-1,1.5,1536,1.89162081923e-07,2.53951957051e-07,6.21676126134e-07,0.999999855934,1.00000062168,0,0,0,2.30769990979e-05,516,2.00000006054,2.00000006051,1.24371620347e-11
512,1.4539794802853321,11000,3,pre,-1,3.0,3072,3.68208617718e-07,4.79395709842e-07,1.1566277458e-06,0.999999089298,1.00000115663,0,0,0,2.30769990979e-05,516,2.00000006054,2.00000006051,1.24371620347e-11
512,1.4539794802853321,11000,3,post,3,1.5,1536,3.97666591017e-08,5.50963711704e-08,1.44684125569e-07,0.999999958022,1.00000014468,3.27960280452e-10,1.45738140826e-09,0,2.3052998917e-05,516,2.00000006054,2.00000006051,1.2008171871e-11
512,1.4539794802853321,11000,3,post,3,3.0,3072,1.05036476184e-07,1.48150616936e-07,4.06915374729e-07,0.99999974282,1.00000040692,9.57559559052e-10,3.78967304586e-09,0,2.3052998917e-05,516,2.00000006054,2.00000006051,1.2008171871e-11
512,1.4672095028538976,11100,3,pre,-1,1.5,1536,9.8080564228e-08,1.26527687578e-07,3.11445084833e-07,0.999999926856,1.00000031145,0,0,0,2.73781777253e-05,516,2.00000006055,2.00000006052,1.35587093003e-11
512,1.4672095028538976,11100,3,pre,-1,3.0,3072,1.35036412335e-07,1.82348862216e-07,5.49790245996e-07,0.999999791809,1.00000054979,0,0,0,2.73781777253e-05,516,2.00000006055,2.00000006052,1.35587093003e-11
512,1.4672095028538976,11100,3,post,3,1.5,1536,2.78640673599e-08,3.50240594594e-08,8.85071802514e-08,0.999999969337,1.00000008851,1.9155492957e-10,7.82818373492e-10,0,2.73748003873e-05,516,2.00000006054,2.00000006052,1.29314333103e-11
512,1.4672095028538976,11100,3,post,3,3.0,3072,4.34936651292e-08,6.11876550494e-08,2.08751464559e-07,0.999999927588,1.00000020875,3.33611706184e-10,1.82859882271e-09,0,2.73748003873e-05,516,2.00000006054,2.00000006052,1.29314333103e-11
512,1.4804395254224634,11200,3,pre,-1,1.5,1536,9.38243358241e-08,1.21747155934e-07,2.92118278677e-07,0.999999860949,1.00000029212,0,0,0,3.10740258977e-05,516,2.00000006054,2.00000006052,9.09361447492e-12
512,1.4804395254224634,11200,3,pre,-1,3.0,3072,1.58100252014e-07,2.16149396431e-07,5.96602893976e-07,0.999999826302,1.0000005966,0,0,0,3.10740258977e-05,516,2.00000006054,2.00000006052,9.09361447492e-12
512,1.4804395254224634,11200,3,post,3,1.5,1536,2.25445225442e-08,2.88190161878e-08,6.96760560359e-08,0.999999963822,1.00000006968,2.02050298083e-10,5.73529764913e-10,0,3.10937869188e-05,516,2.00000006054,2.00000006052,8.32311971914e-12
512,1.4804395254224634,11200,3,post,3,3.0,3072,6.13403945015e-08,9.84702728838e-08,3.32128064828e-07,0.999999911041,1.00000033213,5.58544665243e-10,2.73652876227e-09,0,3.10937869188e-05,516,2.00000006054,2.00000006052,8.32311971914e-12
512,1.4936695479910291,11300,3,pre,-1,1.5,1536,1.88823690303e-07,2.28750547715e-07,4.57122329989e-07,0.999999713056,1.00000045712,0,0,0,3.41419590764e-05,516,2.00000006054,2.00000006052,9.27724535762e-12
512,1.4936695479910291,11300,3,pre,-1,3.0,3072,3.83662975971e-07,4.99650911849e-07,1.32662656971e-06,0.999999425624,1.00000132663,0,0,0,3.41419590764e-05,516,2.00000006054,2.00000006052,9.27724535762e-12
512,1.4936695479910291,11300,3,post,3,1.5,1536,3.27874361512e-08,4.00360290811e-08,9.11130637604e-08,0.999999947296,1.00000009111,3.89641007437e-10,8.1911296539e-10,0,3.41868316954e-05,516,2.00000006054,2.00000006052,8.60067546689e-12
512,1.4936695479910291,11300,3,post,3,3.0,3072,1.26173832157e-07,1.91952144212e-07,6.11842044584e-07,0.999999820991,1.00000061184,1.24258342022e-09,5.34540464149e-09,0,3.41868316954e-05,516,2.00000006054,2.00000006052,8.60067546689e-12
512,1.5068995705595947,11400,3,pre,-1,1.5,1536,2.81436143471e-07,3.46054993988e-07,6.12811818845e-07,0.999999518276,1.00000061281,0,0,0,3.65310444942e-05,516,2.00000006054,2.00000006053,7.89968067035e-12
512,1.5068995705595947,11400,3,pre,-1,3.0,3072,6.00921072832e-07,7.82912801474e-07,2.03007039734e-06,0.999998926118,1.00000203007,0,0,0,3.65310444942e-05,516,2.00000006054,2.00000006053,7.89968067035e-12
512,1.5068995705595947,11400,3,post,3,1.5,1536,4.86711940654e-08,5.68882537224e-08,1.10221179517e-07,0.999999921997,1.00000011022,5.86367793025e-10,1.0630752589e-09,0,3.6601057321e-05,516,2.00000006054,2.00000006053,7.34945415599e-12
512,1.5068995705595947,11400,3,post,3,3.0,3072,1.9285753492e-07,2.86795199459e-07,8.83476235725e-07,0.999999697552,1.00000088348,1.89981600401e-09,7.84103993193e-09,0,3.6601057321e-05,516,2.00000006054,2.00000006053,7.34945415599e-12
512,1.5201295931281604,11500,3,pre,-1,1.5,1536,3.69285108447e-07,4.57035050916e-07,7.543800149e-07,0.999999303823,1.00000075438,0,0,0,3.82119345833e-05,516,2.00000006054,2.00000006053,5.80890873364e-12
512,1.5201295931281604,11500,3,pre,-1,3.0,3072,8.02926437961e-07,1.04668883533e-06,2.68246406576e-06,0.999998466295,1.00000268246,0,0,0,3.82119345833e-05,516,2.00000006054,2.00000006053,5.80890873364e-12
512,1.5201295931281604,11500,3,post,3,1.5,1536,6.30337471362e-08,7.44052804082e-08,1.27013021656e-07,0.999999894835,1.00000012701,7.64913387886e-10,1.38455594646e-09,0,3.83053864417e-05,516,2.00000006054,2.00000006053,5.41722206241e-12
512,1.5201295931281604,11500,3,post,3,3.0,3072,2.54197542038e-07,3.75101759206e-07,1.13407497349e-06,0.999999558243,1.00000113407,2.5033919571e-09,1.01486455021e-08,0,3.83053864417e-05,516,2.00000006054,2.00000006053,5.41722206241e-12
512,1.5333596156967262,11600,3,pre,-1,1.5,1536,4.52227905621e-07,5.58177021848e-07,8.92940202668e-07,0.99999910706,1.00000087775,0,0,0,3.91689916728e-05,516,2.00000006054,2.00000006053,3.2902568562e-12
512,1.5333596156967262,11600,3,pre,-1,3.0,3072,9.86685472334e-07,1.28462779921e-06,3.26746078549e-06,0.999998048535,1.00000326746,0,0,0,3.91689916728e-05,516,2.00000006054,2.00000006053,3.2902568562e-12
512,1.5333596156967262,11600,3,post,3,1.5,1536,7.59615839561e-08,9.10700656967e-08,1.4072034582e-07,0.99999986693,1.00000014072,9.24446795512e-10,1.69055649774e-09,0,3.9283623927e-05,516,2.00000006054,2.00000006053,3.08153493389e-12
512,1.5333596156967262,11600,3,post,3,3.0,3072,3.09092272011e-07,4.5426202365e-07,1.35622703046e-06,0.999999430977,1.00000135623,3.04274942227e-09,1.22024545173e-08,0,3.9283623927e-05,516,2.00000006054,2.00000006053,3.08153493389e-12
512,1.5465896382652917,11700,3,pre,-1,1.5,1536,5.28157758422e-07,6.48110501423e-07,1.07247917525e-06,0.999998927521,1.00000098088,0,0,0,3.93888551039e-05,516,2.00000006053,2.00000006053,6.10844689661e-13
512,1.5465896382652917,11700,3,pre,-1,3.0,3072,1.14876279972e-06,1.4924245306e-06,3.77155716103e-06,0.999997674412,1.00000377156,0,0,0,3.93888551039e-05,516,2.00000006053,2.00000006053,6.10844689661e-13
512,1.5465896382652917,11700,3,post,3,1.5,1536,8.80339048858e-08,1.06287844372e-07,1.6446808726e-07,0.999999835532,1.000000151,1.06418292751e-09,1.98103951819e-09,0,3.95212925121e-05,516,2.00000006053,2.00000006053,5.93525211002e-13
512,1.5465896382652917,11700,3,post,3,3.0,3072,3.56987197682e-07,5.22567972068e-07,1.54427149623e-06,0.999999315249,1.00000154427,3.50936256454e-09,1.39510262249e-08,0,3.95212925121e-05,516,2.00000006053,2.00000006053,5.93525211002e-13
512,1.5598196608338575,11800,3,pre,-1,1.5,1536,5.94113550076e-07,7.26069777257e-07,1.23508130767e-06,0.999998764919,1.00000106087,0,0,0,3.8888437319e-05,516,2.00000006053,2.00000006053,-2.23954181749e-12
512,1.5598196608338575,11800,3,pre,-1,3.0,3072,1.28568973134e-06,1.66691740774e-06,4.18602132091e-06,0.999997345673,1.00000418602,0,0,0,3.8888437319e-05,516,2.00000006053,2.00000006053,-2.23954181749e-12
512,1.5598196608338575,11800,3,post,3,1.5,1536,9.92855379968e-08,1.19777858908e-07,1.9551463748e-07,0.999999804485,1.00000015773,1.18338349412e-09,2.26626273216e-09,0,3.90340365684e-05,516,2.00000006053,2.00000006053,-2.06901156607e-12
512,1.5598196608338575,11800,3,post,3,3.0,3072,3.97245516427e-07,5.7885386823e-07,1.69490114055e-06,0.999999210842,1.0000016949,3.896556261e-09,1.53609089736e-08,0,3.90340365684e-05,516,2.00000006053,2.00000006053,-2.06901156607e-12
512,1.5730496834024232,11900,3,pre,-1,1.5,1536,6.49516577794e-07,7.91537195838e-07,1.38013637463e-06,0.999998619864,1.00000111539,0,0,0,3.76936839435e-05,516,2.00000006052,2.00000006053,-5.93880482359e-12
512,1.5730496834024232,11900,3,pre,-1,3.0,3072,1.39578084075e-06,1.80594384695e-06,4.50280228037e-06,0.999997064112,1.0000045028,0,0,0,3.76936839435e-05,516,2.00000006052,2.00000006053,-5.93880482359e-12
512,1.5730496834024232,11900,3,post,3,1.5,1536,1.08790886868e-07,1.3137739269e-07,2.23786034037e-07,0.999999776214,1.00000016099,1.28142520538e-09,2.55642097161e-09,0,3.7848491483e-05,516,2.00000006052,2.00000006053,-5.60174112352e-12
512,1.5730496834024232,11900,3,post,3,3.0,3072,4.2896285905e-07,6.22433285563e-07,1.80404796057e-06,0.999999118307,1.00000180405,4.19972928582e-09,1.64002544479e-08,0,3.7848491483e-05,516,2.00000006052,2.00000006053,-5.60174112352e-12
512,1.5862797059709888,12000,3,pre,-1,1.5,1536,6.93789578615e-07,8.44124067581e-07,1.50683932554e-06,0.999998493161,1.00000114471,0,0,0,3.5837428598e-05,516,2.00000006051,2.00000006053,-1.05764283017e-11
512,1.5862797059709888,12000,3,pre,-1,3.0,3072,1.47790444597e-06,1.90828894412e-06,4.71918225498e-06,0.999996831661,1.00000471918,0,0,0,3.5837428598e-05,516,2.00000006051,2.00000006053,-1.05764283017e-11
512,1.5862797059709888,12000,3,post,3,1.5,1536,1.16222173658e-07,1.40979516422e-07,2.49144867737e-07,0.999999750855,1.00000016108,1.35777911694e-09,2.84417351649e-09,0,3.59966059942e-05,516,2.00000006051,2.00000006053,-1.01052496643e-11
512,1.5862797059709888,12000,3,post,3,3.0,3072,4.51757860608e-07,6.5306505365e-07,1.87124907725e-06,0.999999038046,1.00000187125,4.41641632156e-09,1.70613314518e-08,0,3.59966059942e-05,516,2.00000006051,2.00000006053,-1.01052496643e-11
512,1.5995097285395545,12100,3,pre,-1,1.5,1536,7.26383467573e-07,8.83478979281e-07,1.61353434602e-06,0.999998386466,1.0000011503,0,0,0,3.3373135101e-05,516,2.00000006049,2.00000006053,-1.6376677296e-11
512,1.5995097285395545,12100,3,pre,-1,3.0,3072,1.53149653652e-06,1.97361701762e-06,4.83567335396e-06,0.999996650749,1.00000483567,0,0,0,3.3373135101e-05,516,2.00000006049,2.00000006053,-1.6376677296e-11
512,1.5995097285395545,12100,3,post,3,1.5,1536,1.21485322785e-07,1.48484320489e-07,2.71207908797e-07,0.999999728792,1.00000015868,1.41197445772e-09,3.11011852296e-09,0,3.3531701953e-05,516,2.00000006049,2.00000006053,-1.5813572195e-11
512,1.5995097285395545,12100,3,post,3,3.0,3072,4.65583349419e-07,6.70906478158e-07,1.89772019898e-06,0.999998970939,1.00000189772,4.54617885168e-09,1.73512716174e-08,0,3.3531701953e-05,516,2.00000006049,2.00000006053,-1.5813572195e-11
512,1.6127397511081201,12200,3,pre,-1,1.5,1536,7.46849010213e-07,9.09248735508e-07,1.69773744663e-06,0.999998302263,1.00000113484,0,0,0,3.03656221643e-05,516,2.00000006048,2.00000006052,-2.37094781072e-11
512,1.6127397511081201,12200,3,pre,-1,3.0,3072,1.55655467547e-06,2.00234796354e-06,4.85605514666e-06,0.999996524362,1.00000485606,0,0,0,3.03656221643e-05,516,2.00000006048,2.00000006052,-2.37094781072e-11
512,1.6127397511081201,12200,3,post,3,1.5,1536,1.24513319709e-07,1.53782252875e-07,2.89300656209e-07,0.999999710699,1.00000015488,1.4436367033e-09,3.34897098594e-09,0,3.05186439014e-05,516,2.00000006048,2.00000006052,-2.31081813353e-11
512,1.6127397511081201,12200,3,post,3,3.0,3072,4.70588377884e-07,6.76407944121e-07,1.8865936251e-06,0.999998918386,1.00000188659,4.59044595349e-09,1.72884894317e-08,0,3.05186439014e-05,516,2.00000006048,2.00000006052,-2.31081813353e-11
512,1.6259697736766858,12300,3,pre,-1,1.5,1536,7.54754588707e-07,9.21070102252e-07,1.75610481545e-06,0.999998243895,1.00000110314,0,0,0,2.68887471764e-05,516,2.00000006045,2.00000006052,-3.3114843198e-11
512,1.6259697736766858,12300,3,pre,-1,3.0,3072,1.55357551353e-06,1.99554119023e-06,4.7854700973e-06,0.999996454786,1.00000478547,0,0,0,2.68887471764e-05,516,2.00000006045,2.00000006052,-3.3114843198e-11
512,1.6259697736766858,12300,3,post,3,1.5,1536,1.25261948205e-07,1.5675125282e-07,3.01840303085e-07,0.99999969816,1.00000015254,1.45255308016e-09,3.55220700771e-09,0,2.70315323283e-05,516,2.00000006045,2.00000006052,-3.25179873181e-11
512,1.6259697736766858,12300,3,post,3,3.0,3072,4.67086236117e-07,6.70227278446e-07,1.84104441603e-06,0.999998882098,1.00000184104,4.55232182767e-09,1.69005716522e-08,0,2.70315323283e-05,516,2.00000006045,2.00000006052,-3.25179873181e-11
512,1.6391997962452516,12400,3,pre,-1,1.5,1536,7.58971610693e-07,9.37871455615e-07,6.94752191643e-06,0.999993052478,1.00000105806,0,0,0,2.29767016632e-05,518,2.00000006103,2.00000006052,2.57928337544e-10
512,1.6391997962452516,12400,3,pre,-1,3.0,3072,1.5320165077e-06,1.96284110735e-06,6.94752191643e-06,0.999993052478,1.00000574153,0,0,0,2.29767016632e-05,518,2.00000006103,2.00000006052,2.57928337544e-10
512,1.6391997962452516,12400,3,post,3,1.5,1536,1.29102739518e-07,1.89788992656e-07,2.76223444651e-06,0.999997237766,1.00000015089,1.4788142382e-09,2.03052553222e-08,0,2.31044757313e-05,518,2.00000006103,2.00000006052,2.58426383578e-10
512,1.6391997962452516,12400,3,post,3,3.0,3072,4.60789448954e-07,6.60645337266e-07,2.76223444651e-06,0.999997237766,1.00000271651,4.47780628867e-09,2.03052553222e-08,0,2.31044757313e-05,518,2.00000006103,2.00000006052,2.58426383578e-10
512,1.6524298188138171,12500,3,pre,-1,1.5,1536,7.44020220772e-07,9.20836147061e-07,6.33926896876e-06,0.999993660731,1.00000100202,0,0,0,1.8792832878e-05,520,2.00000006126,2.00000006051,3.72175168303e-10
512,1.6524298188138171,12500,3,pre,-1,3.0,3072,1.47884740263e-06,1.88947628841e-06,6.33926896876e-06,0.999993660731,1.00000440251,0,0,0,1.8792832878e-05,520,2.00000006126,2.00000006051,3.72175168303e-10
512,1.6524298188138171,12500,3,post,3,1.5,1536,1.26002996015e-07,1.8543625907e-07,2.5585035569e-06,0.999997441496,1.0000001498,1.44655496419e-09,1.95060671036e-08,0,1.89023967923e-05,520,2.00000006126,2.00000006051,3.7267721114e-10
512,1.6524298188138171,12500,3,post,3,3.0,3072,4.42470359302e-07,6.32600822136e-07,2.5585035569e-06,0.999997441496,1.00000189998,4.29593893011e-09,1.95060671036e-08,0,1.89023967923e-05,520,2.00000006126,2.00000006051,3.7267721114e-10
512,1.6656598413823829,12600,3,pre,-1,1.5,1536,7.05891044654e-07,8.70380481857e-07,1.75295687255e-06,0.999998247043,1.00000093799,0,0,0,1.44446191469e-05,520,2.00000006118,2.00000006051,3.35142792259e-10
512,1.6656598413823829,12600,3,pre,-1,3.0,3072,1.39108750981e-06,1.7798827159e-06,4.10907276538e-06,0.999996612622,1.00000410907,0,0,0,1.44446191469e-05,520,2.00000006118,2.00000006051,3.35142792259e-10
512,1.6656598413823829,12600,3,post,3,1.5,1536,1.16797515098e-07,1.52117490111e-07,5.0978328936e-07,0.999999490217,1.00000014943,1.3560035928e-09,3.82912941545e-09,0,1.45340324566e-05,520,2.00000006118,2.00000006051,3.35412798491e-10
512,1.6656598413823829,12600,3,post,3,3.0,3072,4.12673252569e-07,5.90100593739e-07,1.54105113825e-06,0.999998886263,1.00000154105,4.00607943852e-09,1.41594754324e-08,0,1.45340324566e-05,520,2.00000006118,2.00000006051,3.35412798491e-10
512,1.6788898639509486,12700,3,pre,-1,1.5,1536,6.75728962236e-07,8.46972556922e-07,4.78783973101e-06,0.99999521216,1.00000086909,0,0,0,1.0000317336e-05,520,2.00000006144,2.00000006051,4.65510949027e-10
512,1.6788898639509486,12700,3,pre,-1,3.0,3072,1.30143254201e-06,1.65938916525e-06,4.78783973101e-06,0.99999521216,1.00000376068,0,0,0,1.0000317336e-05,520,2.00000006144,2.00000006051,4.65510949027e-10
512,1.6788898639509486,12700,3,post,3,1.5,1536,1.18939199708e-07,1.81067649236e-07,1.96428887811e-06,0.999998035711,1.00000015023,1.32691310033e-09,1.50882538586e-08,0,1.00678930773e-05,520,2.00000006144,2.00000006051,4.65925062203e-10
512,1.6788898639509486,12700,3,post,3,3.0,3072,3.88652863673e-07,5.53411409288e-07,1.96428887811e-06,0.999998035711,1.00000140145,3.74588815877e-09,1.50882538586e-08,0,1.00678930773e-05,520,2.00000006144,2.00000006051,4.65925062203e-10
512,1.6921198865195142,12800,3,pre,-1,1.5,1536,6.13383335243e-07,7.69633313816e-07,3.61590951192e-06,0.99999638409,1.00000079879,0,0,0,5.48489702749e-06,520,2.00000006138,2.0000000605,4.41104917016e-10
512,1.6921198865195142,12800,3,pre,-1,3.0,3072,1.17195207615e-06,1.49903644099e-06,3.61590951192e-06,0.99999638409,1.00000336928,0,0,0,5.48489702749e-06,520,2.00000006138,2.0000000605,4.41104917016e-10
512,1.6921198865195142,12800,3,post,3,1.5,1536,1.0760692843e-07,1.48162990156e-07,1.60027181662e-06,0.999998399728,1.00000015158,1.19388639281e-09,1.27845635922e-08,0,5.53023328445e-06,520,2.00000006138,2.0000000605,4.41187073517e-10
512,1.6921198865195142,12800,3,post,3,3.0,3072,3.48090492081e-07,4.95690842246e-07,1.60027181662e-06,0.999998399728,1.00000124958,3.34369672486e-09,1.27845635922e-08,0,5.53023328445e-06,520,2.00000006138,2.0000000605,4.41187073517e-10
512,1.7053499090880799,12900,3,pre,-1,1.5,1536,5.51278737442e-07,6.99515530638e-07,2.56657532882e-06,0.999997433425,1.00000072463,0,0,0,1.08455274041e-06,520,2.00000006162,2.0000000605,5.58871376702e-10
512,1.7053499090880799,12900,3,pre,-1,3.0,3072,1.03500490721e-06,1.32518213958e-06,2.94338949525e-06,0.999997342582,1.00000294339,0,0,0,1.08455274041e-06,520,2.00000006162,2.0000000605,5.58871376702e-10
512,1.7053499090880799,12900,3,post,3,1.5,1536,1.00703745251e-07,1.43500152148e-07,1.22817077752e-06,0.999998771829,1.00000015049,1.08452760575e-09,1.02642394436e-08,0,1.10823985326e-06,520,2.00000006162,2.0000000605,5.58674645188e-10
512,1.7053499090880799,12900,3,post,3,3.0,3072,3.07809259646e-07,4.38038159844e-07,1.22817077752e-06,0.999998771829,1.000001088,2.93532787681e-09,1.02642394436e-08,0,1.10823985326e-06,520,2.00000006162,2.0000000605,5.58674645188e-10
512,1.7185799316566457,13000,3,pre,-1,1.5,1536,4.612852517e-07,6.00350831693e-07,1.36680347684e-06,0.999999466251,1.0000013668,0,0,0,3.42056024382e-06,516,2.00000006047,2.0000000605,-1.35638163262e-11
512,1.7185799316566457,13000,3,pre,-1,3.0,3072,8.75495787847e-07,1.12526074181e-06,2.4450670697e-06,0.999997657083,1.00000244507,0,0,0,3.42056024382e-06,516,2.00000006047,2.0000000605,-1.35638163262e-11
512,1.7185799316566457,13000,3,post,3,1.5,1536,8.13935710915e-08,1.08320902459e-07,2.5325327635e-07,0.999999889854,1.00000025325,8.93387285105e-10,3.32891277651e-09,0,3.40370203118e-06,516,2.00000006047,2.0000000605,-1.32807094635e-11
512,1.7185799316566457,13000,3,post,3,3.0,3072,2.5825933264e-07,3.68430372854e-07,8.71877491759e-07,0.999999166738,1.00000087188,2.47052428272e-09,8.31784781677e-09,0,3.40370203118e-06,516,2.00000006047,2.0000000605,-1.32807094635e-11
512,1.7318099542252112,13100,3,pre,-1,1.5,1536,3.67071909233e-07,4.74850177182e-07,1.08120919684e-06,0.999999603034,1.00000108121,0,0,0,7.33341832123e-06,516,2.0000000605,2.00000006049,4.24549271776e-12
512,1.7318099542252112,13100,3,pre,-1,3.0,3072,7.08039073855e-07,9.10279634219e-07,1.9743484887e-06,0.999998091665,1.00000197435,0,0,0,7.33341832123e-06,516,2.0000000605,2.00000006049,4.24549271776e-12
512,1.7318099542252112,13100,3,post,3,1.5,1536,6.30233954077e-08,8.59460543394e-08,2.06543449899e-07,0.999999927374,1.00000020654,6.96728771361e-10,2.5998206088e-09,0,7.30939127044e-06,516,2.0000000605,2.00000006049,4.4266811099e-12
512,1.7318099542252112,13100,3,post,3,3.0,3072,2.06943130583e-07,2.95614563493e-07,6.94552618752e-07,0.999999331835,1.00000069455,1.98425241588e-09,6.62931804417e-09,0,7.30939127044e-06,516,2.0000000605,2.00000006049,4.4266811099e-12
512,1.745039976793777,13200,3,pre,-1,1.5,1536,2.72777510272e-07,3.52314770932e-07,8.08985770151e-07,0.999999734109,1.00000080899,0,0,0,1.10512783284e-05,516,2.0000000605,2.00000006049,6.60627088593e-12
512,1.745039976793777,13200,3,pre,-1,3.0,3072,5.33984014954e-07,6.87731064184e-07,1.50367148644e-06,0.999998560356,1.00000150367,0,0,0,1.10512783284e-05,516,2.0000000605,2.00000006049,6.60627088593e-12
512,1.745039976793777,13200,3,post,3,1.5,1536,4.70930069946e-08,6.45370424909e-08,1.60261022675e-07,0.999999952523,1.00000016026,5.04013814733e-10,1.92410071556e-09,0,1.10271319825e-05,516,2.0000000605,2.00000006049,6.69198010084e-12
512,1.745039976793777,13200,3,post,3,3.0,3072,1.54687744855e-07,2.20569920782e-07,5.23301977751e-07,0.999999509353,1.0000005233,1.47742668282e-09,4.98441842141e-09,0,1.10271319825e-05,516,2.0000000605,2.00000006049,6.69198010084e-12
512,1.7582699993623427,13300,3,pre,-1,1.5,1536,1.80484218774e-07,2.35298729127e-07,5.56380720163e-07,0.999999853698,1.00000055638,0,0,0,1.45049450487e-05,516,2.0000000605,2.00000006049,7.39985827994e-12
512,1.7582699993623427,13300,3,pre,-1,3.0,3072,3.57174741928e-07,4.62402353229e-07,1.04564731851e-06,0.999999048376,1.00000104565,0,0,0,1.45049450487e-05,516,2.0000000605,2.00000006049,7.39985827994e-12
512,1.7582699993623427,13300,3,post,3,1.5,1536,3.22835791596e-08,4.49463531441e-08,1.1726280591e-07,0.999999968481,1.00000011726,3.18879473312e-10,1.31652713644e-09,0,1.44862792246e-05,516,2.0000000605,2.00000006049,7.34701166556e-12
512,1.7582699993623427,13300,3,post,3,3.0,3072,1.0201418541e-07,1.45271206581e-07,3.63036845696e-07,0.999999694029,1.00000036304,9.61699841709e-10,3.42257403148e-09,0,1.44862792246e-05,516,2.0000000605,2.00000006049,7.34701166556e-12
512,1.7715000219309083,13400,3,pre,-1,1.5,1536,9.16866028521e-08,1.26562947139e-07,3.18708186509e-07,0.999999935727,1.00000031871,0,0,0,1.76289800701e-05,516,2.0000000605,2.00000006048,7.71094276204e-12
512,1.7715000219309083,13400,3,pre,-1,3.0,3072,1.81079475584e-07,2.39641783445e-07,5.99852854499e-07,0.999999551665,1.00000059985,0,0,0,1.76289800701e-05,516,2.0000000605,2.00000006048,7.71094276204e-12
512,1.7715000219309083,13400,3,post,3,1.5,1536,1.94357527076e-08,2.75178210552e-08,7.57908460436e-08,0.999999981218,1.00000007579,1.59847434802e-10,7.66768914855e-10,0,1.76200327618e-05,516,2.0000000605,2.00000006048,7.59770001695e-12
512,1.7715000219309083,13400,3,post,3,3.0,3072,5.03193290938e-08,7.22249426289e-08,2.11685007967e-07,0.999999883586,1.00000021169,4.55774193907e-10,1.93696501026e-09,0,1.76200327618e-05,516,2.0000000605,2.00000006048,7.59770001695e-12
512,1.784730044499474,13500,3,pre,-1,1.5,1536,4.3463082278e-08,5.21078165489e-08,1.04082711561e-07,0.999999951007,1.00000010408,0,0,0,2.03628689472e-05,516,2.00000006049,2.00000006048,5.09325899375e-12
512,1.784730044499474,13500,3,pre,-1,3.0,3072,5.06839076473e-08,6.28222768143e-08,1.7280335074e-07,0.999999945709,1.0000001728,0,0,0,2.03628689472e-05,516,2.00000006049,2.00000006048,5.09325899375e-12
512,1.784730044499474,13500,3,post,3,1.5,1536,1.32628458814e-08,1.60672196535e-08,3.70602164512e-08,0.999999982444,1.00000003706,8.92326370448e-11,2.75031972023e-10,0,2.03660610643e-05,516,2.00000006049,2.00000006048,4.74908986652e-12
512,1.784730044499474,13500,3,post,3,3.0,3072,2.34642980842e-08,3.108844904e-08,8.74736183487e-08,0.999999964875,1.00000008747,1.73492187859e-10,5.98871468041e-10,0,2.03660610643e-05,516,2.00000006049,2.00000006048,4.74908986652e-12
512,1.7979600670680398,13600,3,pre,-1,1.5,1536,8.94716316712e-08,1.08893098737e-07,2.1375420034e-07,0.999999857151,1.00000021375,0,0,0,2.2660374248e-05,516,2.00000006049,2.00000006048,4.46043188885e-12
512,1.7979600670680398,13600,3,pre,-1,3.0,3072,1.69095747422e-07,2.17021868899e-07,5.62915294822e-07,0.999999755412,1.00000056292,0,0,0,2.2660374248e-05,516,2.00000006049,2.00000006048,4.46043188885e-12
512,1.7979600670680398,13600,3,post,3,1.5,1536,1.63958001269e-08,2.01646741211e-08,4.4749806527e-08,0.999999972893,1.00000004475,1.90937614303e-10,3.75483260803e-10,0,2.26774035282e-05,516,2.00000006049,2.00000006048,4.14646082698e-12
512,1.7979600670680398,13600,3,post,3,3.0,3072,5.74156990899e-08,8.57913765754e-08,2.69098717975e-07,0.999999911458,1.0000002691,5.60988357799e-10,2.33328435219e-09,0,2.26774035282e-05,516,2.00000006049,2.00000006048,4.14646082698e-12
512,1.8111900896366053,13700,3,pre,-1,1.5,1536,1.59966211163e-07,1.98379910262e-07,3.18247941333e-07,0.99999968866,1.00000031825,0,0,0,2.44980367624e-05,516,2.00000006049,2.00000006048,4.0951685248e-12
512,1.8111900896366053,13700,3,pre,-1,3.0,3072,3.24751637048e-07,4.17652515216e-07,1.04060974926e-06,0.999999376707,1.00000104061,0,0,0,2.44980367624e-05,516,2.00000006049,2.00000006048,4.0951685248e-12
512,1.8111900896366053,13700,3,post,3,1.5,1536,2.87249892661e-08,3.33747590161e-08,5.86211648113e-08,0.999999952177,1.00000005862,3.39574314661e-10,6.63149852739e-10,0,2.45293968582e-05,516,2.00000006049,2.00000006048,3.8218316244e-12
512,1.8111900896366053,13700,3,post,3,3.0,3072,1.04587875024e-07,1.51822882919e-07,4.48596525704e-07,0.999999807355,1.0000004486,1.02655689404e-09,4.00197683152e-09,0,2.45293968582e-05,516,2.00000006049,2.00000006048,3.8218316244e-12
512,1.8244201122051711,13800,3,pre,-1,1.5,1536,2.3122912879e-07,2.84228116304e-07,4.85127544247e-07,0.999999514872,1.00000041438,0,0,0,2.58512475325e-05,516,2.00000006048,2.00000006048,3.31290540531e-12
512,1.8244201122051711,13800,3,pre,-1,3.0,3072,4.73246102317e-07,6.07462104288e-07,1.49053070642e-06,0.999999024199,1.00000149053,0,0,0,2.58512475325e-05,516,2.00000006048,2.00000006048,3.31290540531e-12
512,1.8244201122051711,13800,3,post,3,1.5,1536,3.99414078173e-08,4.72435743232e-08,7.26499467252e-08,0.99999992735,1.00000007059,4.75948521059e-10,9.71841027791e-10,0,2.58966268168e-05,516,2.00000006048,2.00000006048,3.10462757218e-12
512,1.8244201122051711,13800,3,post,3,3.0,3072,1.48671656219e-07,2.14676962203e-07,6.17503082445e-07,0.999999696135,1.0000006175,1.4591982893e-09,5.56445822406e-09,0,2.58966268168e-05,516,2.00000006048,2.00000006048,3.10462757218e-12
512,1.8376501347737368,13900,3,pre,-1,1.5,1536,2.96290532353e-07,3.63032775446e-07,6.44074289569e-07,0.999999355926,1.00000049984,0,0,0,2.67023469331e-05,516,2.00000006048,2.00000006048,2.32791556764e-12
512,1.8376501347737368,13900,3,pre,-1,3.0,3072,6.08647049306e-07,7.80964664223e-07,1.9006965859e-06,0.999998701866,1.0000019007,0,0,0,2.67023469331e-05,516,2.00000006048,2.00000006048,2.32791556764e-12
512,1.8376501347737368,13900,3,post,3,1.5,1536,5.00292065436e-08,6.03860034935e-08,9.94827851208e-08,0.999999900517,1.00000008051,5.99046793545e-10,1.27964541914e-09,0,2.67606489727e-05,516,2.00000006048,2.00000006048,2.20068401287e-12
512,1.8376501347737368,13900,3,post,3,3.0,3072,1.88671169547e-07,2.71966985632e-07,7.70321693544e-07,0.999999594362,1.00000077032,1.85167734946e-09,6.98198164562e-09,0,2.67606489727e-05,516,2.00000006048,2.00000006048,2.20068401287e-12
512,1.8508801573423024,14000,3,pre,-1,1.5,1536,3.54502985337e-07,4.33689281307e-07,7.8785794444e-07,0.999999212142,1.00000057313,0,0,0,2.70486909021e-05,516,2.00000006048,2.00000006048,1.10356165311e-12
512,1.8508801573423024,14000,3,pre,-1,3.0,3072,7.29020396279e-07,9.3512985196e-07,2.26246677926e-06,0.999998412234,1.00000226247,0,0,0,2.70486909021e-05,516,2.00000006048,2.00000006048,1.10356165311e-12
512,1.8508801573423024,14000,3,post,3,1.5,1536,5.89676201277e-08,7.24420032595e-08,1.25955628372e-07,0.999999874044,1.00000008862,7.07959344574e-10,1.57237648596e-09,0,2.71180397041e-05,516,2.00000006048,2.00000006048,1.05981886726e-12
512,1.8508801573423024,14000,3,post,3,3.0,3072,2.23973110752e-07,3.22576155107e-07,9.03563802668e-07,0.99999950229,1.00000090356,2.19766813439e-09,8.22256458408e-09,0,2.71180397041e-05,516,2.00000006048,2.00000006048,1.05981886726e-12
512,1.8641101799108681,14100,3,pre,-1,1.5,1536,4.05267990425e-07,4.95467455726e-07,9.16567619136e-07,0.999999083432,1.0000006337,0,0,0,2.69001796604e-05,516,2.00000006047,2.00000006048,-2.16715527854e-13
512,1.8641101799108681,14100,3,pre,-1,3.0,3072,8.32633242299e-07,1.06762539734e-06,2.56938686949e-06,0.99999815744,1.00000256939,0,0,0,2.69001796604e-05,516,2.00000006047,2.00000006048,-2.16715527854e-13
512,1.8641101799108681,14100,3,post,3,1.5,1536,6.68288803835e-08,8.3177317064e-08,1.50181404535e-07,0.999999849819,1.0000000951,8.01890948956e-10,1.84487722234e-09,0,2.69784915727e-05,516,2.00000006047,2.00000006048,-1.76525455578e-13
512,1.8641101799108681,14100,3,post,3,3.0,3072,2.54138452411e-07,3.65676987542e-07,1.01502638516e-06,0.999999419765,1.00000101503,2.49219639477e-09,9.26371903839e-09,0,2.69784915727e-05,516,2.00000006047,2.00000006048,-1.76525455578e-13
512,1.8773402024794339,14200,3,pre,-1,1.5,1536,4.48075604251e-07,5.47836105013e-07,1.02899429999e-06,0.999998971006,1.00000068066,0,0,0,2.62656047533e-05,516,2.00000006047,2.00000006048,-2.43671742077e-12
512,1.8773402024794339,14200,3,pre,-1,3.0,3072,9.1812053068e-07,1.17671439881e-06,2.81673331881e-06,0.99999793942,1.00000281673,0,0,0,2.62656047533e-05,516,2.00000006047,2.00000006048,-2.43671742077e-12
512,1.8773402024794339,14200,3,post,3,1.5,1536,7.40148304145e-08,9.24475231259e-08,1.71711444397e-07,0.999999828289,1.00000010003,8.80133723448e-10,2.09272524917e-09,0,2.63502959564e-05,516,2.00000006047,2.00000006048,-2.31747947153e-12
512,1.8773402024794339,14200,3,post,3,3.0,3072,2.79012364028e-07,4.00695675382e-07,1.10239871898e-06,0.999999347613,1.0000011024,2.73145240456e-09,1.00883973432e-08,0,2.63502959564e-05,516,2.00000006047,2.00000006048,-2.31747947153e-12
512,1.8905702250479994,14300,3,pre,-1,1.5,1536,4.82491780948e-07,5.9035987839e-07,1.1244864242e-06,0.999998875514,1.00000071322,0,0,0,2.51694628698e-05,516,2.00000006046,2.00000006048,-5.97832876223e-12
512,1.8905702250479994,14300,3,pre,-1,3.0,3072,9.84511925088e-07,1.26121159705e-06,3.00097768302e-06,0.999997759851,1.00000300098,0,0,0,2.51694628698e-05,516,2.00000006046,2.00000006048,-5.97832876223e-12
512,1.8905702250479994,14300,3,post,3,1.5,1536,7.97947038894e-08,1.00138011777e-07,1.90274289213e-07,0.999999809726,1.00000010377,9.42134008021e-10,2.31414860018e-09,0,2.52577204464e-05,516,2.00000006046,2.00000006048,-5.79314356732e-12
512,1.8905702250479994,14300,3,post,3,3.0,3072,2.97997787103e-07,4.27285299354e-07,1.16474025824e-06,0.999999286297,1.00000116474,2.91292736756e-09,1.06819067428e-08,0,2.52577204464e-05,516,2.00000006046,2.00000006048,-5.79314356732e-12
512,1.9038002476165652,14400,3,pre,-1,1.5,1536,5.08144821776e-07,6.22667850007e-07,1.20234484302e-06,0.999998797655,1.00000073174,0,0,0,2.36448074118e-05,516,2.00000006046,2.00000006048,-1.09752204004e-11
512,1.9038002476165652,14400,3,pre,-1,3.0,3072,1.03120993601e-06,1.32045816877e-06,3.12114282863e-06,0.999997619958,1.00000312114,0,0,0,2.36448074118e-05,516,2.00000006046,2.00000006048,-1.09752204004e-11
512,1.9038002476165652,14400,3,post,3,1.5,1536,8.4043997512e-08,1.06148323335e-07,2.05642496032e-07,0.999999794358,1.00000010647,9.8745646721e-10,2.50751473405e-09,0,2.37337217687e-05,516,2.00000006046,2.00000006048,-1.0741629483e-11
512,1.9038002476165652,14400,3,post,3,3.0,3072,3.10924159278e-07,4.45306522309e-07,1.20192639352e-06,0.999999236359,1.00000120193,3.03538908384e-09,1.1042664767e-08,0,2.37337217687e-05,516,2.00000006046,2.00000006048,-1.0741629483e-11
512,1.9170302701851307,14500,3,pre,-1,1.5,1536,5.24771329108e-07,6.44455645061e-07,1.26210228935e-06,0.999998737898,1.00000073702,0,0,0,2.1732407042e-05,516,2.00000006044,2.00000006048,-1.76620934755e-11
512,1.9170302701851307,14500,3,pre,-1,3.0,3072,1.05800476232e-06,1.35429617691e-06,3.17782595327e-06,0.999997520877,1.00000317783,0,0,0,2.1732407042e-05,516,2.00000006044,2.00000006048,-1.76620934755e-11
512,1.9170302701851307,14500,3,post,3,1.5,1536,8.67177706858e-08,1.10399536686e-07,2.17495589649e-07,0.999999782504,1.00000010827,1.01580917409e-09,2.66962372261e-09,0,2.18191068815e-05,516,2.00000006044,2.00000006048,-1.7400969028e-11
512,1.9170302701851307,14500,3,post,3,3.0,3072,3.17777328207e-07,4.5480644849e-07,1.21465356773e-06,0.999999198528,1.00000121465,3.0988484771e-09,1.11755368865e-08,0,2.18191068815e-05,516,2.00000006044,2.00000006048,-1.7400969028e-11
512,1.9302602927536965,14600,3,pre,-1,1.5,1536,5.32191161333e-07,6.55483645206e-07,1.30149872768e-06,0.999998698501,1.00000073017,0,0,0,1.9479597069e-05,516,2.00000006043,2.00000006048,-2.6480816738e-11
512,1.9302602927536965,14600,3,pre,-1,3.0,3072,1.06504643224e-06,1.36303233945e-06,3.17304319686e-06,0.999997465008,1.00000317304,0,0,0,1.9479597069e-05,516,2.00000006043,2.00000006048,-2.6480816738e-11
512,1.9302602927536965,14600,3,post,3,1.5,1536,8.78216475757e-08,1.12828617269e-07,2.25448193003e-07,0.999999774552,1.00000010939,1.02705077534e-09,2.79585281662e-09,0,1.95613814086e-05,516,2.00000006043,2.00000006048,-2.62132529971e-11
512,1.9302602927536965,14600,3,post,3,3.0,3072,3.18677352786e-07,4.55994443813e-07,1.20421833349e-06,0.999999173192,1.00000120422,3.10446525275e-09,1.10909905253e-08,0,1.95613814086e-05,516,2.00000006043,2.00000006048,-2.62132529971e-11
512,1.9434903153222622,14700,3,pre,-1,1.5,1536,5.39183647156e-07,6.75470547882e-07,5.90429900504e-06,0.999994095701,1.00000071254,0,0,0,1.69960698392e-05,516,2.00000006095,2.00000006048,2.33793199946e-10
512,1.9434903153222622,14700,3,pre,-1,3.0,3072,1.06111417971e-06,1.35603484464e-06,5.90429900504e-06,0.999994095701,1.00000488824,0,0,0,1.69960698392e-05,516,2.00000006095,2.00000006048,2.33793199946e-10
512,1.9434903153222622,14700,3,post,3,1.5,1536,9.24125094455e-08,1.45318835921e-07,2.35869010923e-06,0.99999764131,1.00000010999,1.05945404368e-09,1.73101319732e-08,0,1.70705304095e-05,516,2.00000006095,2.00000006048,2.34038337182e-10
512,1.9434903153222622,14700,3,post,3,3.0,3072,3.1897071574e-07,4.57201069915e-07,2.35869010923e-06,0.99999764131,1.000002315,3.09466066868e-09,1.73101319732e-08,0,1.70705304095e-05,516,2.00000006095,2.00000006048,2.34038337182e-10
512,1.9567203378908278,14800,3,pre,-1,1.5,1536,5.22893571101e-07,6.46196829477e-07,1.31503714662e-06,0.999998684963,1.00000068529,0,0,0,1.41733604947e-05,518,2.00000006098,2.00000006048,2.48071333744e-10
512,1.9567203378908278,14800,3,pre,-1,3.0,3072,1.0250038422e-06,1.30907339965e-06,2.99345248789e-06,0.999997486693,1.00000299345,0,0,0,1.41733604947e-05,518,2.00000006098,2.00000006048,2.48071333744e-10
512,1.9567203378908278,14800,3,post,3,1.5,1536,8.72191721914e-08,1.13433583927e-07,3.60389145859e-07,0.999999639611,1.00000010998,1.00974086087e-09,2.91712684911e-09,0,1.42382155567e-05,518,2.00000006098,2.00000006048,2.4817591675e-10
512,1.9567203378908278,14800,3,post,3,3.0,3072,3.05315582512e-07,4.35360488861e-07,1.12138486252e-06,0.999999163586,1.00000112138,2.9625302894e-09,1.03348800559e-08,0,1.42382155567e-05,518,2.00000006098,2.00000006048,2.4817591675e-10
512,1.9699503604593935,14900,3,pre,-1,1.5,1536,5.13167635457e-07,6.48073968819e-07,4.6898417575e-06,0.999995310158,1.00000147519,0,0,0,1.12953330241e-05,519,2.00000006147,2.00000006049,4.92751824429e-10
512,1.9699503604593935,14900,3,pre,-1,3.0,3072,9.86108571388e-07,1.2561979974e-06,4.6898417575e-06,0.999995310158,1.00000282819,0,0,0,1.12953330241e-05,519,2.00000006147,2.00000006049,4.92751824429e-10
512,1.9699503604593935,14900,3,post,3,1.5,1536,8.9497846346e-08,1.38742257677e-07,2.10977455251e-06,0.999997890225,1.00000021325,1.00808436142e-09,1.68776932742e-08,0,1.13492653051e-05,519,2.00000006147,2.00000006049,4.92980530365e-10
512,1.9699503604593935,14900,3,post,3,3.0,3072,2.95473442524e-07,4.20986152072e-07,2.10977455251e-06,0.999997890225,1.00000105348,2.848903172e-09,1.68776932742e-08,0,1.13492653051e-05,519,2.00000006147,2.00000006049,4.92980530365e-10
512,1.9831803830279593,15000,3,pre,-1,1.5,1536,4.77099420567e-07,5.95428248165e-07,1.89783133631e-06,0.999998102169,1.00000123643,0,0,0,8.20577759123e-06,520,2.0000000613,2.00000006049,4.04140708666e-10
512,1.9831803830279593,15000,3,pre,-1,3.0,3072,9.15556008353e-07,1.16867804293e-06,2.62151217756e-06,0.999997688912,1.00000262151,0,0,0,8.20577759123e-06,520,2.0000000613,2.00000006049,4.04140708666e-10
512,1.9831803830279593,15000,3,post,3,1.5,1536,8.20857967524e-08,1.0793021937e-07,7.28506163949e-07,0.999999271494,1.00000012706,9.27054802146e-10,5.36559675878e-09,0,8.24789681372e-06,520,2.0000000613,2.00000006049,4.03958188006e-10
512,1.9831803830279593,15000,3,post,3,3.0,3072,2.72610674003e-07,3.87413772788e-07,9.71740240274e-07,0.999999215439,1.00000097174,2.62701261244e-09,8.93733663812e-09,0,8.24789681372e-06,520,2.0000000613,2.00000006049,4.03958188006e-10
512,1.9964104055965248,15100,3,pre,-1,1.5,1536,4.48051310418e-07,5.72297968614e-07,3.35977451182e-06,0.999996640225,1.00000143499,0,0,0,5.13501132127e-06,520,2.00000006149,2.00000006049,4.97863513123e-10
512,1.9964104055965248,15100,3,pre,-1,3.0,3072,8.4405822168e-07,1.07612537341e-06,3.35977451182e-06,0.999996640225,1.00000237778,0,0,0,5.13501132127e-06,520,2.00000006149,2.00000006049,4.97863513123e-10
512,1.9964104055965248,15100,3,post,3,1.5,1536,8.16273993558e-08,1.28022145239e-07,1.46882589391e-06,0.999998531174,1.00000012878,8.8998257566e-10,1.17396129224e-08,0,5.16530136436e-06,520,2.00000006149,2.00000006049,4.98164827643e-10
512,1.9964104055965248,15100,3,post,3,3.0,3072,2.53045079507e-07,3.595306383e-07,1.46882589391e-06,0.999998531174,1.00000087759,2.42103854791e-09,1.17396129224e-08,0,5.16530136436e-06,520,2.00000006149,2.00000006049,4.98164827643e-10
512,2.0096404281650901,15200,3,pre,-1,1.5,1536,4.03213765218e-07,5.22599098123e-07,2.73775748505e-06,0.999997262243,1.0000007429,0,0,0,2.09247820612e-06,520,2.00000006174,2.00000006049,6.24506649711e-10
512,2.0096404281650901,15200,3,pre,-1,3.0,3072,7.49979358579e-07,9.6036993537e-07,2.73775748505e-06,0.999997262243,1.00000210482,0,0,0,2.09247820612e-06,520,2.00000006174,2.00000006049,6.24506649711e-10
512,2.0096404281650901,15200,3,post,3,1.5,1536,7.50623236685e-08,1.2288357383e-07,1.31981081719e-06,0.999998680189,1.00000010521,8.02505094563e-10,1.10459918582e-08,0,2.1111216052e-06,520,2.00000006174,2.00000006049,6.24356325518e-10
512,2.0096404281650901,15200,3,post,3,3.0,3072,2.24072806923e-07,3.20050035217e-07,1.31981081719e-06,0.999998680189,1.00000077413,2.13307937938e-09,1.10459918582e-08,0,2.1111216052e-06,520,2.00000006174,2.00000006049,6.24356325518e-10
512,2.0228704507336559,15300,3,pre,-1,1.5,1536,3.41889651309e-07,4.33810511836e-07,9.27803989637e-07,0.999999072196,1.00000045448,0,0,0,1.20078351076e-06,520,2.00000006102,2.0000000605,2.63866476237e-10
512,2.0228704507336559,15300,3,pre,-1,3.0,3072,6.41961545073e-07,8.23539800095e-07,1.80867887578e-06,0.999998310293,1.00000180868,0,0,0,1.20078351076e-06,520,2.00000006102,2.0000000605,2.63866476237e-10
512,2.0228704507336559,15300,3,post,3,1.5,1536,6.1660874519e-08,7.90923977257e-08,3.11276642462e-07,0.999999688723,1.00000009879,6.70789459821e-10,2.34646139151e-09,0,1.1921255193e-06,520,2.00000006102,2.0000000605,2.63555613799e-10
512,2.0228704507336559,15300,3,post,3,3.0,3072,1.90439052864e-07,2.70696693146e-07,6.63290745218e-07,0.999999415101,1.00000066329,1.81752779807e-09,6.04767753064e-09,0,1.1921255193e-06,520,2.00000006102,2.0000000605,2.63555613799e-10
512,2.0361004733022217,15400,3,pre,-1,1.5,1536,2.75972281378e-07,3.57770139425e-07,8.0524426882e-07,0.999999677812,1.00000080524,0,0,0,3.94882791664e-06,516,2.00000006051,2.0000000605,4.16866528676e-12
512,2.0361004733022217,15400,3,pre,-1,3.0,3072,5.28056416826e-07,6.7948524791e-07,1.46091672204e-06,0.999998565379,1.00000146092,0,0,0,3.94882791664e-06,516,2.00000006051,2.0000000605,4.16866528676e-12
512,2.0361004733022217,15400,3,post,3,1.5,1536,4.82495777611e-08,6.41940690324e-08,1.47638785197e-07,0.999999935052,1.00000014764,5.31171753543e-10,1.93147171087e-09,0,3.9363332749e-06,516,2.00000006051,2.0000000605,4.34186007336e-12
512,2.0361004733022217,15400,3,post,3,3.0,3072,1.55141028352e-07,2.21606303004e-07,5.12689579457e-07,0.999999487943,1.00000051269,1.48540128357e-09,4.93802094007e-09,0,3.9363332749e-06,516,2.00000006051,2.0000000605,4.34186007336e-12
512,2.0493304958707874,15500,3,pre,-1,1.5,1536,2.10937432759e-07,2.72940035134e-07,6.16865282632e-07,0.99999976818,1.00000061687,0,0,0,6.60344152584e-06,516,2.00000006051,2.0000000605,3.4072743595e-12
512,2.0493304958707874,15500,3,pre,-1,3.0,3072,4.09490577797e-07,5.27851350294e-07,1.13918818312e-06,0.999998881725,1.00000113919,0,0,0,6.60344152584e-06,516,2.00000006051,2.0000000605,3.4072743595e-12
512,2.0493304958707874,15500,3,post,3,1.5,1536,3.5948865048e-08,4.90441663205e-08,1.1585652282e-07,0.999999957332,1.00000011586,3.98615355732e-10,1.46391020833e-09,0,6.5899487719e-06,516,2.00000006051,2.0000000605,3.53561613727e-12
512,2.0493304958707874,15500,3,post,3,3.0,3072,1.18977746933e-07,1.70426819181e-07,3.94801314529e-07,0.999999607602,1.0000003948,1.14131112393e-09,3.80671018839e-09,0,6.5899487719e-06,516,2.00000006051,2.0000000605,3.53561613727e-12
512,2.0625605184393532,15600,3,pre,-1,1.5,1536,1.45918264291e-07,1.89435775397e-07,4.35119972497e-07,0.999999855551,1.00000043512,0,0,0,9.08505369841e-06,516,2.00000006051,2.0000000605,4.17887933827e-12
512,2.0625605184393532,15600,3,pre,-1,3.0,3072,2.87667551159e-07,3.72328141659e-07,8.17489967941e-07,0.999999213928,1.00000081749,0,0,0,9.08505369841e-06,516,2.00000006051,2.0000000605,4.17887933827e-12
512,2.0625605184393532,15600,3,post,3,1.5,1536,2.48201353501e-08,3.43676064303e-08,8.42804990242e-08,0.999999974936,1.00000008428,2.68189365299e-10,1.02278432165e-09,0,9.07361075122e-06,516,2.00000006051,2.0000000605,4.25859334903e-12
512,2.0625605184393532,15600,3,post,3,3.0,3072,8.2417759901e-08,1.18211610725e-07,2.8021247811e-07,0.999999732773,1.00000028021,7.87737802739e-10,2.69702070052e-09,0,9.07361075122e-06,516,2.00000006051,2.0000000605,4.25859334903e-12
512,2.0757905410079189,15700,3,pre,-1,1.5,1536,8.21198424095e-08,1.08996917728e-07,2.61830864101e-07,0.999999937695,1.00000026183,0,0,0,1.13494727354e-05,516,2.00000006052,2.00000006051,4.46487278076e-12
512,2.0757905410079189,15700,3,pre,-1,3.0,3072,1.65017921147e-07,2.16132293657e-07,5.00444990559e-07,0.999999556381,1.00000050044,0,0,0,1.13494727354e-05,516,2.00000006052,2.00000006051,4.46487278076e-12
512,2.0757905410079189,15700,3,post,3,1.5,1536,1.45450622254e-08,2.07759606625e-08,5.44935752078e-08,0.999999986754,1.00000005449,1.41751028265e-10,6.11919009387e-10,0,1.13425434988e-05,516,2.00000006052,2.00000006051,4.48796541897e-12
512,2.0757905410079189,15700,3,post,3,3.0,3072,4.59572097871e-08,6.62169772598e-08,1.70511393449e-07,0.999999861493,1.00000017051,4.31351742212e-10,1.62025978745e-09,0,1.13425434988e-05,516,2.00000006052,2.00000006051,4.48796541897e-12
512,2.0890205635764847,15800,3,pre,-1,1.5,1536,2.71406004273e-08,3.70862018493e-08,9.70594495886e-08,0.999999982303,1.00000009706,0,0,0,1.33594756109e-05,516,2.00000006052,2.00000006051,4.10782506683e-12
512,2.0890205635764847,15800,3,pre,-1,3.0,3072,4.73346463677e-08,6.57617098128e-08,1.92714176173e-07,0.999999900935,1.00000019271,0,0,0,1.33594756109e-05,516,2.00000006052,2.00000006051,4.10782506683e-12
512,2.0890205635764847,15800,3,post,3,1.5,1536,7.2289061924e-09,9.58975472036e-09,2.59808596859e-08,0.999999992371,1.00000002598,5.06475617959e-11,2.30976233799e-10,0,1.33589680979e-05,516,2.00000006052,2.00000006051,4.03121968045e-12
512,2.0890205635764847,15800,3,post,3,3.0,3072,1.25247345005e-08,1.87250228764e-08,6.62463353063e-08,0.999999978733,1.00000006625,1.04618057507e-10,5.91070095646e-10,0,1.33589680979e-05,516,2.00000006052,2.00000006051,4.03121968045e-12
512,2.1022505861450504,15900,3,pre,-1,1.5,1536,4.40793827754e-08,5.42410307857e-08,1.04344281215e-07,0.999999926986,1.00000010434,0,0,0,1.50751027789e-05,516,2.00000006051,2.00000006051,1.85851328699e-12
512,2.1022505861450504,15900,3,pre,-1,3.0,3072,7.81758849293e-08,9.88676221952e-08,2.47045852664e-07,0.999999888537,1.00000024705,0,0,0,1.50751027789e-05,516,2.00000006051,2.00000006051,1.85851328699e-12
512,2.1022505861450504,15900,3,post,3,1.5,1536,8.68128187508e-09,1.04439317048e-08,2.23944331967e-08,0.99999998644,1.00000002239,9.85234140382e-11,1.93409943443e-10,0,1.508185859e-05,516,2.00000006051,2.00000006051,1.72439834968e-12
512,2.1022505861450504,15900,3,post,3,3.0,3072,2.7817093955e-08,4.04677352925e-08,1.23737442514e-07,0.999999955421,1.00000012374,2.6921967209e-10,1.06891133098e-09,0,1.508185859e-05,516,2.00000006051,2.00000006051,1.72439834968e-12
512,2.1154806087136158,16000,3,pre,-1,1.5,1536,9.878275567e-08,1.21788510599e-07,2.12718398451e-07,0.999999787282,1.00000017714,0,0,0,1.64786494621e-05,516,2.00000006052,2.00000006051,2.04791732926e-12
512,2.1154806087136158,16000,3,pre,-1,3.0,3072,1.90291931187e-07,2.41343292304e-07,5.7604160375e-07,0.999999608567,1.00000057604,0,0,0,1.64786494621e-05,516,2.00000006052,2.00000006051,2.04791732926e-12
512,2.1154806087136158,16000,3,post,3,1.5,1536,1.79960030882e-08,2.10743966e-08,3.33434764244e-08,0.999999967884,1.00000003334,2.08148017825e-10,4.60369183747e-10,0,1.64934073048e-05,516,2.00000006051,2.00000006051,1.92090781909e-12
512,2.1154806087136158,16000,3,post,3,3.0,3072,6.13157872567e-08,8.73554605139e-08,2.46049182362e-07,0.999999868437,1.00000024605,5.98199248065e-10,2.2036196947e-09,0,1.64934073048e-05,516,2.00000006051,2.00000006051,1.92090781909e-12
512,2.1287106312821815,16100,3,pre,-1,1.5,1536,1.51736972916e-07,1.86825421519e-07,3.4757570111e-07,0.999999652424,1.00000024466,0,0,0,1.75507645422e-05,516,2.00000006052,2.00000006051,1.73683284717e-12
512,2.1287106312821815,16100,3,pre,-1,3.0,3072,2.96940810102e-07,3.7748171937e-07,8.88544313904e-07,0.999999345437,1.00000088854,0,0,0,1.75507645422e-05,516,2.00000006052,2.00000006051,1.73683284717e-12
512,2.1287106312821815,16100,3,post,3,1.5,1536,2.66035173831e-08,3.20059131713e-08,5.5487345163e-08,0.999999944513,1.00000004296,3.09722103036e-10,7.51489350782e-10,0,1.75735402759e-05,516,2.00000006052,2.00000006051,1.62936326164e-12
512,2.1287106312821815,16100,3,post,3,3.0,3072,9.29585891902e-08,1.3236426844e-07,3.62056334691e-07,0.999999782353,1.00000036206,9.0687510298e-10,3.27628606536e-09,0,1.75735402759e-05,516,2.00000006052,2.00000006051,1.62936326164e-12
512,2.1419406538507473,16200,3,pre,-1,1.5,1536,2.00350129508e-07,2.46759264977e-07,4.70934877872e-07,0.999999529065,1.00000030578,0,0,0,1.82809832961e-05,516,2.00000006052,2.00000006051,1.31383788759e-12
512,2.1419406538507473,16200,3,pre,-1,3.0,3072,3.95140467175e-07,5.03136298353e-07,1.17695153845e-06,0.999999103306,1.00000117695,0,0,0,1.82809832961e-05,516,2.00000006052,2.00000006051,1.31383788759e-12
512,2.1419406538507473,16200,3,post,3,1.5,1536,3.44069823985e-08,4.22329852225e-08,7.73910109331e-08,0.999999922609,1.00000005146,4.02312717164e-10,1.01615138873e-09,0,1.83113602741e-05,516,2.00000006052,2.00000006051,1.23745454581e-12
512,2.1419406538507473,16200,3,post,3,3.0,3072,1.21973883847e-07,1.73812492741e-07,4.68569363088e-07,0.999999703547,1.00000046857,1.19002855255e-09,4.26310619618e-09,0,1.83113602741e-05,516,2.00000006052,2.00000006051,1.23745454581e-12
512,2.1551706764193126,16300,3,pre,-1,1.5,1536,2.4408970653e-07,3.00771375849e-07,5.82326518894e-07,0.999999417673,1.00000035952,0,0,0,1.86621017463e-05,516,2.00000006051,2.00000006051,7.9491966158e-13
512,2.1551706764193126,16300,3,pre,-1,3.0,3072,4.83415889861e-07,6.16171027296e-07,1.43569952171e-06,0.999998884546,1.0000014357,0,0,0,1.86621017463e-05,516,2.00000006051,2.00000006051,7.9491966158e-13
512,2.1551706764193126,16300,3,post,3,1.5,1536,4.13719378677e-08,5.15340159373e-08,9.7280152267e-08,0.99999990272,1.00000005876,4.85064832912e-10,1.25528247779e-09,0,1.86992504363e-05,516,2.00000006051,2.00000006051,7.51398920332e-13
512,2.1551706764193126,16300,3,post,3,3.0,3072,1.47925102661e-07,2.10948222433e-07,5.63374406903e-07,0.999999632336,1.00000056337,1.4432176239e-09,5.14325777627e-09,0,1.86992504363e-05,516,2.00000006051,2.00000006051,7.51398920332e-13
512,2.1684006989878784,16400,3,pre,-1,1.5,1536,2.82508988143e-07,3.48314528595e-07,6.81478328435e-07,0.999999318522,1.00000040557,0,0,0,1.86959696956e-05,516,2.00000006051,2.00000006051,2.43138835036e-13
512,2.1684006989878784,16400,3,pre,-1,3.0,3072,5.60511728641e-07,7.14911091892e-07,1.66012608727e-06,0.999998691057,1.00000166013,0,0,0,1.86959696956e-05,516,2.00000006051,2.00000006051,2.43138835036e-13
512,2.1684006989878784,16400,3,post,3,1.5,1536,4.74651385984e-08,5.97974616897e-08,1.15209923046e-07,0.99999988479,1.00000006492,5.57223728261e-10,1.47003163982e-09,0,1.87387362837e-05,516,2.00000006051,2.00000006051,2.38475898474e-13
512,2.1684006989878784,16400,3,post,3,3.0,3072,1.70457452409e-07,2.43206912564e-07,6.44907262037e-07,0.999999568882,1.00000064491,1.66276024634e-09,5.90114016853e-09,0,1.87387362837e-05,516,2.00000006051,2.00000006051,2.38475898474e-13
512,2.1816307215564441,16500,3,pre,-1,1.5,1536,3.15188273606e-07,3.88949223989e-07,7.67951590097e-07,0.999999232048,1.00000044346,0,0,0,1.8391042691e-05,516,2.00000006051,2.00000006051,-8.51763078721e-13
512,2.1816307215564441,16500,3,pre,-1,3.0,3072,6.25396766624e-07,7.98030562509e-07,1.84717057938e-06,0.999998524603,1.00000184717,0,0,0,1.8391042691e-05,516,2.00000006051,2.00000006051,-8.51763078721e-13
512,2.1816307215564441,16500,3,post,3,1.5,1536,5.26532110745e-08,6.6941054215e-08,1.31278994231e-07,0.999999868721,1.0000000701,6.18123081462e-10,1.66337712701e-09,0,1.84380273513e-05,516,2.00000006051,2.00000006051,-8.20010701177e-13
512,2.1816307215564441,16500,3,post,3,3.0,3072,1.89282916036e-07,2.70155750456e-07,7.12240631362e-07,0.999999513378,1.00000071224,1.84568525385e-09,6.52690673557e-09,0,1.84380273513e-05,516,2.00000006051,2.00000006051,-8.20010701177e-13
512,2.1948607441250099,16600,3,pre,-1,1.5,1536,3.41793292087e-07,4.22313891756e-07,8.40839056604e-07,0.999999159161,1.00000047228,0,0,0,1.77624507054e-05,516,2.00000006051,2.00000006051,-3.49964491234e-12
512,2.1948607441250099,16600,3,pre,-1,3.0,3072,6.77291607098e-07,8.6454582111e-07,1.9937382254e-06,0.999998386711,1.00000199374,0,0,0,1.77624507054e-05,516,2.00000006051,2.00000006051,-3.49964491234e-12
512,2.1948607441250099,16600,3,post,3,1.5,1536,5.69197647319e-08,7.28964091936e-08,1.45053500877e-07,0.999999854946,1.0000000743,6.67249700539e-10,1.83110026534e-09,0,1.78120889345e-05,516,2.00000006051,2.00000006051,-3.43747242484e-12
512,2.1948607441250099,16600,3,post,3,3.0,3072,2.04197524685e-07,2.91489301219e-07,7.63840069196e-07,0.999999466533,1.00000076384,1.98984086958e-09,7.00757257083e-09,0,1.78120889345e-05,516,2.00000006051,2.00000006051,-3.43747242484e-12
512,2.2080907666935756,16700,3,pre,-1,1.5,1536,3.62053234366e-07,4.48110564454e-07,8.99556028888e-07,0.999999100444,1.00000049199,0,0,0,1.68316388501e-05,516,2.0000000605,2.00000006051,-7.8388404505e-12
512,2.2080907666935756,16700,3,pre,-1,3.0,3072,7.15667963075e-07,9.13810930585e-07,2.09845941868e-06,0.999998278601,1.00000209846,0,0,0,1.68316388501e-05,516,2.0000000605,2.00000006051,-7.8388404505e-12
512,2.2080907666935756,16700,3,post,3,1.5,1536,6.02520585886e-08,7.76017357952e-08,1.5639369455e-07,0.999999843606,1.00000007758,7.04213901363e-10,1.97207783003e-09,0,1.68822221059e-05,516,2.0000000605,2.00000006051,-7.75446350318e-12
512,2.2080907666935756,16700,3,post,3,3.0,3072,2.15075903644e-07,3.07024429965e-07,7.99322058986e-07,0.999999428727,1.00000079932,2.09390005848e-09,7.33906272907e-09,0,1.68822221059e-05,516,2.0000000605,2.00000006051,-7.75446350318e-12
512,2.2213207892621414,16800,3,pre,-1,1.5,1536,3.75792782776e-07,4.66108011142e-07,9.43463837166e-07,0.999999056536,1.00000050281,0,0,0,1.56235462706e-05,516,2.00000006048,2.00000006051,-1.40791818385e-11
512,2.2213207892621414,16800,3,pre,-1,3.0,3072,7.40264846639e-07,9.45512560732e-07,2.16097711037e-06,0.999998201148,1.00000216098,0,0,0,1.56235462706e-05,516,2.00000006048,2.00000006051,-1.40791818385e-11
512,2.2213207892621414,16800,3,post,3,1.5,1536,6.25812685713e-08,8.10024258629e-08,1.65128960394e-07,0.999999834871,1.00000008002,7.28767833506e-10,2.08455426705e-09,0,1.56734959618e-05,516,2.00000006048,2.00000006051,-1.39817042599e-11
512,2.2213207892621414,16800,3,post,3,3.0,3072,2.21840253367e-07,3.16694756631e-07,8.18732177832e-07,0.999999400378,1.00000081873,2.15736088252e-09,7.52125779019e-09,0,1.56734959618e-05,516,2.00000006048,2.00000006051,-1.39817042599e-11
512,2.2345508118307071,16900,3,pre,-1,1.5,1536,3.82883969903e-07,4.76148585746e-07,9.72082457196e-07,0.999999027918,1.00000050514,0,0,0,1.41676592819e-05,516,2.00000006046,2.00000006051,-2.26405554116e-11
512,2.2345508118307071,16900,3,pre,-1,3.0,3072,7.51060120802e-07,9.59661400458e-07,2.18188318124e-06,0.999998154917,1.00000218188,0,0,0,1.41676592819e-05,516,2.00000006046,2.00000006051,-2.26405554116e-11
512,2.2345508118307071,16900,3,post,3,1.5,1536,6.39140214003e-08,8.30524927961e-08,1.7104966521e-07,0.99999982895,1.00000008173,7.40818430052e-10,2.16614795805e-09,0,1.42154002786e-05,516,2.00000006046,2.00000006051,-2.25499612155e-11
512,2.2345508118307071,16900,3,post,3,3.0,3072,2.2452500149e-07,3.20544640935e-07,8.22512844056e-07,0.999999381952,1.00000082251,2.18051516554e-09,7.55759344863e-09,0,1.42154002786e-05,516,2.00000006046,2.00000006051,-2.25499612155e-11
512,2.2426211255975321,16961,3,pre,-1,1.5,1536,2.45882892809e-07,3.15442964018e-07,2.14905830442e-06,0.999997850942,1.00000048564,0,0,0,1.75410497274e-05,516,2.00000006056,2.00000006051,2.58502100787e-11
512,2.2426211255975321,16961,3,pre,-1,3.0,3072,6.99118303415e-07,9.50019040013e-07,2.23059159898e-06,0.999997850942,1.00000223059,0,0,0,1.75410497274e-05,516,2.00000006056,2.00000006051,2.58502100787e-11
512,2.2426211255975321,16961,3,post,3,1.5,1536,5.92651279666e-08,7.12748343385e-08,7.19234848678e-07,0.999999280765,1.00000015168,3.69831052467e-10,4.13617973725e-09,0,1.7526223994e-05,516,2.00000006056,2.00000006051,2.61870517342e-11
512,2.2426211255975321,16961,3,post,3,3.0,3072,1.76160528671e-07,2.58526531314e-07,8.53930489431e-07,0.99999914607,1.00000072283,1.80462749076e-09,7.58149920274e-09,0,1.7526223994e-05,516,2.00000006056,2.00000006051,2.61870517342e-11
